Num_Acc;id_vehicule;categorie_vehicule;obstacle_fixe;obstacle_mobile;point_choc_initial;manoeuvre_principale;motorisation
202000000701;154 741 027;7;4;2;1;3;1
202000000701;154 741 028;7;4;2;6;1;1
202000000701;154 741 029;7;4;2;8;1;2
202000000702;154 741 025;50;0;2;3;5;3
202000000702;154 741 026;30;0;2;2;16;1
202000000703;154 741 023;50;0;2;1;1;3
202000000703;154 741 024;1;0;2;1;5;5
202000000704;154 741 022;30;0;0;3;21;1
202000000705;154 741 020;37;0;2;1;7;2
202000000705;154 741 021;7;0;2;4;23;2
202000000706;154 741 018;33;0;2;1;1;1
202000000706;154 741 019;1;0;2;4;19;5
202000000707;154 741 016;7;0;2;0;1;1
202000000707;154 741 017;7;0;2;2;1;1
202000000708;154 741 014;7;0;2;2;1;1
202000000708;154 741 015;30;0;2;7;1;1
202000000709;154 741 013;34;0;1;1;1;1
202000000710;154 741 012;50;0;0;0;1;3
202000000711;154 741 011;7;0;1;2;15;1
202000000712;154 741 009;50;0;2;0;13;3
202000000712;154 741 010;1;0;2;1;1;5
202000000713;154 741 008;10;0;1;2;26;1
202000000714;154 741 007;7;0;1;1;26;1
202000000715;154 741 006;7;0;1;3;26;0
202000000716;154 741 004;7;0;2;3;20;1
202000000716;154 741 005;1;0;2;8;21;0
202000000717;154 741 002;15;0;2;0;0;1
202000000717;154 741 003;2;0;2;4;0;1
202000000718;154 741 001;7;0;1;2;1;1
202000000719;154 741 000;33;11;0;0;21;1
202000000720;154 740 999;30;0;0;0;1;1
202000000721;154 740 998;7;0;1;5;17;1
202000000722;154 740 996;7;0;2;1;9;1
202000000722;154 740 997;10;0;2;7;1;1
202000000723;154 740 995;7;;2;3;12;0
202000000724;154 740 993;30;1;0;0;0;1
202000000724;154 740 994;7;0;2;0;0;0
202000000725;154 740 991;7;0;2;1;1;0
202000000725;154 740 992;7;0;2;4;23;0
202000000726;154 740 990;7;0;1;1;16;1
202000000727;154 740 988;10;0;2;1;1;1
202000000727;154 740 989;7;9;2;8;15;1
202000000728;154 740 987;7;0;9;1;14;1
202000000729;154 740 985;7;0;2;1;0;1
202000000729;154 740 986;33;0;2;8;15;1
202000000730;154 740 983;7;0;2;2;16;1
202000000730;154 740 984;30;0;2;1;1;1
202000000731;154 740 982;7;1;0;2;14;0
202000000732;154 740 980;7;0;2;0;15;1
202000000732;154 740 981;31;0;2;3;2;1
202000000733;154 740 979;30;14;2;1;1;1
202000000734;154 740 977;7;0;2;3;1;1
202000000734;154 740 978;7;0;2;3;13;1
202000000735;154 740 975;7;0;1;1;2;1
202000000735;154 740 976;14;0;1;4;23;1
202000000736;154 740 973;7;0;2;2;13;1
202000000736;154 740 974;7;0;2;1;1;1
202000000737;154 740 972;2;12;0;2;2;1
202000000738;154 740 970;7;0;0;0;19;1
202000000738;154 740 971;33;0;0;7;1;1
202000000739;154 740 968;10;0;2;2;15;1
202000000739;154 740 969;33;0;2;1;1;1
202000000740;154 740 967;7;11;0;1;16;1
202000000741;154 740 966;7;3;0;2;1;1
202000000742;154 740 964;17;0;2;4;2;1
202000000742;154 740 965;7;0;2;1;2;1
202000000743;154 740 962;7;0;2;2;16;1
202000000743;154 740 963;33;0;2;3;1;1
202000000744;154 740 960;10;0;2;1;1;1
202000000744;154 740 961;7;0;2;1;1;1
202000000745;154 740 959;7;0;1;3;2;1
202000000746;154 740 958;1;16;6;7;1;5
202000000747;154 740 956;33;0;2;1;1;1
202000000747;154 740 957;21;0;2;2;15;1
202000000748;154 740 954;7;0;2;3;1;1
202000000748;154 740 955;7;0;2;3;15;1
202000000749;154 740 953;2;14;0;1;0;1
202000000750;154 740 951;7;4;2;3;1;1
202000000750;154 740 952;7;0;2;3;13;1
202000000751;154 740 949;99;0;2;0;9;1
202000000751;154 740 950;7;0;2;2;1;1
202000000752;154 740 948;33;0;0;0;0;1
202000000753;154 740 947;7;0;1;4;20;0
202000000754;154 740 944;15;0;2;2;1;6
202000000754;154 740 945;7;2;2;8;17;1
202000000755;154 740 940;7;13;0;2;1;1
202000000756;154 740 939;7;6;0;2;1;0
202000000757;154 740 935;7;0;0;4;1;1
202000000757;154 740 936;7;0;2;1;1;1
202000000757;154 740 937;7;0;2;4;1;1
202000000757;154 740 938;7;0;2;4;1;1
202000000758;154 740 934;7;0;1;1;1;0
202000000759;154 740 932;7;0;2;6;15;0
202000000759;154 740 933;2;0;2;1;15;0
202000000760;154 740 930;2;0;2;1;0;0
202000000760;154 740 931;7;0;2;4;26;1
202000000761;154 740 928;7;0;2;0;10;1
202000000761;154 740 929;32;0;2;1;1;1
202000000762;154 740 926;7;0;0;1;0;1
202000000762;154 740 927;2;0;2;1;10;0
202000000763;154 740 924;7;0;2;9;21;1
202000000763;154 740 925;7;0;2;2;1;1
202000000764;154 740 922;99;0;2;7;9;0
202000000764;154 740 923;7;0;2;7;9;0
202000000765;154 740 920;38;0;2;2;9;1
202000000765;154 740 921;1;0;2;0;26;0
202000000766;154 740 918;99;0;0;0;11;0
202000000766;154 740 919;30;0;2;0;1;0
202000000767;154 740 916;7;0;2;2;13;0
202000000767;154 740 917;2;1;2;8;2;1
202000000768;154 740 913;30;0;2;5;2;1
202000000768;154 740 914;7;0;2;3;15;1
202000000769;154 740 911;7;0;2;2;15;1
202000000769;154 740 912;32;0;2;1;1;1
202000000770;154 740 910;31;0;1;1;2;1
202000000771;154 740 909;7;0;1;4;20;1
202000000772;154 740 907;33;0;2;1;0;1
202000000772;154 740 908;99;0;0;4;0;0
202000000773;154 740 905;7;0;9;8;9;3
202000000773;154 740 906;1;0;2;8;1;0
202000000774;154 740 903;30;0;2;7;1;1
202000000774;154 740 904;7;0;2;3;15;0
202000000775;154 740 901;7;0;2;2;15;1
202000000775;154 740 902;30;0;2;1;1;1
202000000776;154 740 899;7;0;2;1;9;0
202000000776;154 740 900;1;0;2;1;0;5
202000000777;154 740 897;7;0;0;0;0;0
202000000777;154 740 898;50;0;0;0;0;3
202000000778;154 740 895;34;0;2;1;2;0
202000000778;154 740 896;31;0;0;4;0;1
202000000779;154 740 892;32;0;2;1;21;1
202000000779;154 740 893;7;0;2;3;1;1
202000000779;154 740 894;10;0;2;3;10;1
202000000780;154 740 890;7;0;0;0;0;0
202000000780;154 740 891;0;0;2;1;26;3
202000000781;154 740 889;7;0;1;1;14;0
202000000782;154 740 887;7;0;2;5;16;1
202000000782;154 740 888;33;0;0;0;0;0
202000000783;154 740 885;7;0;9;6;20;1
202000000783;154 740 886;99;0;2;8;0;0
202000000784;154 740 883;7;0;2;1;15;0
202000000784;154 740 884;1;0;2;0;1;0
202000000785;154 740 882;7;4;0;0;0;1
202000000786;154 740 880;99;0;2;1;1;3
202000000786;154 740 881;7;0;9;2;16;1
202000000787;154 740 879;7;0;1;7;1;0
202000000788;154 740 877;7;0;9;1;16;0
202000000788;154 740 878;99;0;2;8;19;0
202000000789;154 740 875;7;5;0;4;0;1
202000000789;154 740 876;7;0;2;1;1;1
202000000790;154 740 874;30;0;1;1;17;1
202000000791;154 740 873;99;6;0;1;9;1
202000000792;154 740 871;7;0;2;2;15;1
202000000792;154 740 872;7;0;2;2;1;1
202000000793;154 740 869;7;1;0;1;13;0
202000000793;154 740 870;7;0;2;1;1;0
202000000794;154 740 867;7;0;2;1;19;1
202000000794;154 740 868;3;14;0;5;1;1
202000000795;154 740 865;30;0;2;1;5;0
202000000795;154 740 866;7;0;2;3;1;0
202000000796;154 740 863;7;0;2;3;2;1
202000000796;154 740 864;7;0;2;6;15;0
202000000797;154 740 861;15;9;0;5;1;1
202000000797;154 740 862;2;9;0;0;0;1
202000000798;154 740 859;34;0;2;8;1;1
202000000798;154 740 860;7;0;2;1;15;1
202000000799;154 740 858;7;1;0;2;1;1
202000000800;154 740 856;7;0;2;1;1;0
202000000800;154 740 857;7;0;2;0;0;0
202000000801;154 740 853;13;0;2;1;0;1
202000000801;154 740 854;7;0;2;4;0;1
202000000801;154 740 855;7;0;0;4;23;1
202000000802;154 740 851;7;0;2;1;20;0
202000000802;154 740 852;10;1;0;4;26;0
202000000803;154 740 849;7;0;1;2;1;1
202000000803;154 740 850;60;0;2;4;1;5
202000000804;154 740 848;33;0;1;8;9;1
202000000805;154 740 846;7;0;2;2;1;1
202000000805;154 740 847;32;0;0;3;9;1
202000000806;154 740 844;10;0;2;3;15;0
202000000806;154 740 845;33;0;2;0;0;0
202000000807;154 740 843;7;0;1;3;16;1
202000000808;154 740 841;7;0;2;2;16;1
202000000808;154 740 842;0;0;2;1;1;3
202000000809;154 740 839;30;0;2;1;1;0
202000000809;154 740 840;7;0;2;2;15;0
202000000810;154 740 837;10;0;2;1;1;1
202000000810;154 740 838;7;0;2;2;19;1
202000000811;154 740 836;7;0;1;3;13;1
202000000812;154 740 835;7;0;1;6;20;0
202000000813;154 740 834;10;0;1;3;26;1
202000000814;154 740 832;30;0;2;9;1;1
202000000814;154 740 833;37;0;2;3;9;1
202000000815;154 740 830;7;0;2;1;1;1
202000000815;154 740 831;7;0;2;3;1;1
202000000816;154 740 828;30;0;2;1;1;1
202000000816;154 740 829;7;0;2;4;1;1
202000000817;154 740 827;43;0;1;1;1;1
202000000818;154 740 825;7;0;2;1;23;1
202000000818;154 740 826;2;0;0;4;23;0
202000000819;154 740 823;30;0;2;2;15;1
202000000819;154 740 824;7;0;2;1;0;1
202000000820;154 740 821;33;0;2;1;1;1
202000000820;154 740 822;7;0;2;1;13;
202000000821;154 740 819;33;0;2;3;15;1
202000000821;154 740 820;7;0;2;1;1;1
202000000822;154 740 818;10;0;1;4;20;1
202000000823;154 740 816;7;0;2;8;11;0
202000000823;154 740 817;34;0;2;2;1;0
202000000824;154 740 815;7;4;0;3;1;1
202000000825;154 740 813;7;0;2;1;15;1
202000000825;154 740 814;2;0;2;8;1;1
202000000826;154 740 811;7;4;2;1;21;1
202000000826;154 740 812;7;0;2;4;17;1
202000000827;154 740 810;30;0;1;7;3;1
202000000828;154 740 805;7;13;0;1;3;1
202000000829;154 740 804;10;0;1;3;15;1
202000000830;154 740 801;7;0;2;1;2;1
202000000830;154 740 802;7;0;2;4;2;1
202000000830;154 740 803;7;0;2;4;2;1
202000000831;154 740 800;7;8;0;1;26;1
202000000832;154 740 799;7;6;0;1;1;1
202000000833;154 740 797;7;0;2;1;1;1
202000000833;154 740 798;1;0;2;4;19;0
202000000834;154 740 796;7;6;0;1;1;1
202000000835;154 740 795;32;0;0;3;0;1
202000000836;154 740 792;7;0;0;0;1;1
202000000836;154 740 793;7;0;2;4;11;1
202000000836;154 740 794;7;0;2;1;17;1
202000000837;154 740 791;3;2;0;1;1;1
202000000838;154 740 790;7;0;1;5;5;1
202000000839;154 740 789;7;0;1;1;0;1
202000000840;154 740 788;7;13;0;9;17;0
202000000841;154 740 787;7;0;6;3;21;1
202000000842;154 740 786;7;16;0;0;1;1
202000000843;154 740 785;7;13;0;0;1;1
202000000844;154 740 784;7;0;1;6;20;1
202000000845;154 740 780;7;0;2;4;1;1
202000000845;154 740 781;7;0;2;4;1;1
202000000845;154 740 782;7;0;2;1;1;1
202000000845;154 740 783;7;0;2;1;1;1
202000000846;154 740 778;7;0;2;2;1;1
202000000846;154 740 779;7;3;2;9;17;1
202000000847;154 740 777;2;1;0;1;0;6
202000000848;154 740 775;7;0;9;3;2;0
202000000848;154 740 776;2;0;2;7;2;6
202000000849;154 740 774;7;2;0;1;26;1
202000000850;154 740 772;10;0;2;1;26;0
202000000850;154 740 773;7;0;2;7;26;0
202000000851;154 740 771;10;0;1;4;4;0
202000000852;154 740 770;7;0;1;3;1;1
202000000853;154 740 768;10;0;2;1;9;1
202000000853;154 740 769;32;0;2;5;16;1
202000000854;154 740 767;20;14;0;7;14;1
202000000855;154 740 765;7;0;2;1;15;1
202000000855;154 740 766;2;0;2;8;0;1
202000000856;154 740 763;33;0;2;8;1;1
202000000856;154 740 764;7;0;2;7;16;1
202000000857;154 740 761;10;0;2;8;1;1
202000000857;154 740 762;10;0;2;3;15;1
202000000858;154 740 759;7;0;2;4;23;0
202000000858;154 740 760;7;1;2;1;1;0
202000000859;154 740 757;1;0;5;0;1;5
202000000859;154 740 758;1;0;5;0;1;5
202000000860;154 740 754;7;0;2;3;1;1
202000000860;154 740 755;10;0;2;1;1;1
202000000860;154 740 756;7;0;2;1;13;1
202000000861;154 740 753;7;0;1;3;13;1
202000000862;154 740 751;10;0;2;7;26;1
202000000862;154 740 752;10;0;1;2;26;1
202000000863;154 740 748;7;0;2;1;0;1
202000000863;154 740 749;7;0;2;1;0;1
202000000863;154 740 750;7;0;2;4;0;1
202000000864;154 740 747;7;2;0;1;13;1
202000000865;154 740 746;32;0;1;1;1;1
202000000866;154 740 744;7;0;2;3;15;1
202000000866;154 740 745;10;0;2;1;1;1
202000000867;154 740 742;99;0;0;0;0;0
202000000867;154 740 743;7;0;2;1;21;0
202000000868;154 740 741;7;1;0;3;1;1
202000000869;154 740 740;30;14;0;0;17;3
202000000870;154 740 738;30;0;1;1;1;1
202000000871;154 740 737;7;0;1;2;1;1
202000000872;154 740 735;38;0;2;4;2;1
202000000872;154 740 736;38;0;2;1;2;1
202000000873;154 740 733;32;0;2;2;17;
202000000873;154 740 734;7;0;2;3;15;
202000000874;154 740 731;7;0;2;1;1;1
202000000874;154 740 732;32;0;2;1;13;1
202000000875;154 740 729;7;0;2;2;1;1
202000000875;154 740 730;2;0;2;1;1;1
202000000876;154 740 727;7;0;2;0;26;1
202000000876;154 740 728;2;0;2;0;1;1
202000000877;154 740 726;7;8;0;1;20;1
202000000878;154 740 724;30;0;2;1;26;1
202000000878;154 740 725;7;0;2;2;1;1
202000000879;154 740 722;7;0;2;1;1;1
202000000879;154 740 723;2;0;2;4;1;1
202000000880;154 740 721;30;0;1;0;0;1
202000000881;154 740 719;7;0;2;3;15;1
202000000881;154 740 720;30;0;2;1;17;1
202000000882;154 740 715;7;3;0;1;1;1
202000000882;154 740 716;7;14;2;1;21;1
202000000883;154 740 712;7;0;2;0;22;0
202000000883;154 740 713;1;0;2;1;1;5
202000000884;154 740 711;7;0;1;1;1;1
202000000885;154 740 706;10;0;0;1;13;1
202000000885;154 740 707;7;0;2;1;13;1
202000000885;154 740 708;7;0;2;6;1;1
202000000885;154 740 709;7;0;2;1;21;1
202000000885;154 740 710;7;0;2;1;17;1
202000000886;154 740 705;7;2;0;0;26;1
202000000887;154 740 703;7;8;2;7;1;6
202000000887;154 740 704;0;0;2;1;1;0
202000000888;154 740 702;50;0;1;1;1;3
202000000889;154 740 700;7;0;2;1;2;1
202000000889;154 740 701;7;0;2;4;23;0
202000000890;154 740 697;7;0;2;1;2;0
202000000890;154 740 698;7;0;2;4;2;0
202000000890;154 740 699;7;0;2;4;2;0
202000000891;154 740 696;50;6;0;0;0;3
202000000892;154 740 694;7;0;2;3;9;1
202000000892;154 740 695;50;0;2;5;21;3
202000000893;154 740 692;50;0;2;2;26;3
202000000893;154 740 693;7;0;2;3;9;1
202000000894;154 740 691;7;8;0;8;14;1
202000000895;154 740 690;7;15;0;8;1;1
202000000896;154 740 689;7;0;1;8;4;1
202000000897;154 740 688;7;0;1;3;18;1
202000000898;154 740 686;7;0;2;3;15;1
202000000898;154 740 687;32;0;2;1;1;1
202000000899;154 740 685;30;0;1;0;26;0
202000000900;154 740 684;39;0;1;1;26;3
202000000901;154 740 683;7;1;0;7;14;1
202000000902;154 740 682;31;1;0;1;1;1
202000000903;154 740 680;60;0;2;6;16;5
202000000903;154 740 681;7;0;2;6;16;3
202000000904;154 740 679;32;0;0;7;14;1
202000000905;154 740 677;30;0;2;3;15;1
202000000905;154 740 678;7;0;2;1;1;1
202000000906;154 740 675;7;0;2;1;1;1
202000000906;154 740 676;7;0;2;1;13;1
202000000907;154 740 673;7;0;2;5;15;1
202000000907;154 740 674;7;0;2;3;1;1
202000000908;154 740 672;7;0;1;1;1;
202000000909;154 740 671;0;0;1;1;1;0
202000000910;154 740 670;7;0;1;1;2;1
202000000911;154 740 669;37;0;1;1;1;1
202000000912;154 740 668;14;0;1;4;1;1
202000000913;154 740 666;50;0;2;1;1;3
202000000913;154 740 667;7;0;0;0;0;1
202000000914;154 740 665;32;0;1;1;1;1
202000000915;154 740 663;35;0;2;7;15;1
202000000915;154 740 664;7;0;2;3;9;1
202000000916;154 740 661;7;0;2;4;2;1
202000000916;154 740 662;1;0;2;4;2;5
202000000917;154 740 659;30;0;2;2;17;1
202000000917;154 740 660;7;0;2;3;15;1
202000000918;154 740 658;1;0;0;0;1;5
202000000919;154 740 657;7;0;1;1;1;1
202000000920;154 740 655;1;0;2;2;1;5
202000000920;154 740 656;7;0;2;3;22;1
202000000921;154 740 653;10;0;2;7;14;1
202000000921;154 740 654;50;0;2;8;1;3
202000000922;154 740 651;7;0;2;2;16;1
202000000922;154 740 652;32;0;2;1;1;1
202000000923;154 740 648;80;0;0;0;21;3
202000000924;154 740 645;37;0;2;3;1;2
202000000924;154 740 646;37;0;2;8;23;2
202000000924;154 740 647;7;0;2;1;15;1
202000000925;154 740 643;7;0;2;1;2;1
202000000925;154 740 644;10;0;2;4;23;3
202000000926;154 740 641;7;0;2;2;1;1
202000000926;154 740 642;1;0;2;7;13;5
202000000927;154 740 639;7;0;2;8;15;1
202000000927;154 740 640;33;0;2;1;1;0
202000000928;154 740 638;7;0;1;2;16;1
202000000929;154 740 637;42;7;0;2;18;1
202000000930;154 740 636;30;0;0;1;1;1
202000000931;154 740 634;2;0;2;2;17;1
202000000931;154 740 635;7;0;0;3;0;1
202000000932;154 740 632;10;0;2;7;11;1
202000000932;154 740 633;7;0;2;1;19;1
202000000933;154 740 630;50;0;9;1;26;3
202000000933;154 740 631;15;0;9;6;26;0
202000000934;154 740 629;7;0;1;1;2;0
202000000935;154 740 627;2;1;2;2;2;1
202000000935;154 740 628;7;1;2;3;9;1
202000000936;154 740 626;33;6;0;2;26;1
202000000937;154 740 624;7;0;2;3;1;1
202000000937;154 740 625;7;0;2;3;9;1
202000000938;154 740 622;32;0;2;1;1;1
202000000938;154 740 623;7;0;2;3;9;1
202000000939;154 740 621;7;0;1;1;1;1
202000000940;154 740 618;7;0;2;6;1;0
202000000940;154 740 619;7;0;2;8;1;0
202000000940;154 740 620;10;2;2;3;13;0
202000000941;154 740 616;2;1;0;3;21;1
202000000941;154 740 617;7;1;0;7;23;1
202000000942;154 740 614;10;0;2;2;1;1
202000000942;154 740 615;7;9;2;1;1;1
202000000943;154 740 613;3;0;1;0;19;0
202000000944;154 740 612;37;0;0;0;1;1
202000000945;154 740 611;7;13;0;0;1;1
202000000946;154 740 610;7;0;1;8;1;1
202000000947;154 740 607;7;0;6;1;1;1
202000000947;154 740 608;7;1;0;1;1;1
202000000947;154 740 609;7;0;0;1;1;1
202000000948;154 740 605;7;0;2;6;2;1
202000000948;154 740 606;7;0;2;1;2;1
202000000949;154 740 603;33;0;2;1;0;1
202000000949;154 740 604;7;0;2;3;16;1
202000000950;154 740 601;7;0;2;3;13;0
202000000950;154 740 602;7;0;2;3;1;0
202000000951;154 740 598;1;0;2;4;2;5
202000000951;154 740 599;1;0;2;4;2;5
202000000951;154 740 600;10;0;9;1;2;1
202000000952;154 740 596;2;0;2;1;1;1
202000000952;154 740 597;7;0;2;3;17;1
202000000953;154 740 593;7;0;2;3;1;1
202000000953;154 740 594;21;0;2;6;1;1
202000000954;154 740 591;7;0;9;1;21;1
202000000954;154 740 592;1;0;2;0;0;5
202000000955;154 740 590;7;0;1;2;1;1
202000000956;154 740 589;10;0;1;8;1;1
202000000957;154 740 588;7;16;0;1;1;1
202000000958;154 740 587;7;2;0;2;1;0
202000000959;154 740 586;7;2;0;1;0;1
202000000960;154 740 585;33;0;0;0;1;3
202000000961;154 740 584;7;0;1;2;19;0
202000000962;154 740 582;7;0;2;5;17;1
202000000962;154 740 583;7;0;2;3;15;1
202000000963;154 740 580;7;0;2;3;1;1
202000000963;154 740 581;7;0;2;3;1;1
202000000964;154 740 578;14;0;0;5;15;1
202000000964;154 740 579;33;0;2;1;1;1
202000000965;154 740 577;7;13;0;3;0;1
202000000966;154 740 575;15;0;2;8;1;1
202000000966;154 740 576;7;0;2;1;1;1
202000000967;154 740 574;32;4;0;0;26;1
202000000968;154 740 571;7;0;2;1;1;0
202000000968;154 740 572;7;3;0;8;1;0
202000000968;154 740 573;7;0;0;3;23;1
202000000969;154 740 569;7;0;2;8;15;1
202000000969;154 740 570;7;0;2;1;17;1
202000000970;154 740 567;10;0;2;1;1;1
202000000970;154 740 568;10;0;2;1;5;1
202000000971;154 740 565;33;0;0;9;26;1
202000000971;154 740 566;0;0;0;0;26;0
202000000972;154 740 560;7;0;2;1;1;0
202000000972;154 740 561;15;0;2;1;1;0
202000000972;154 740 562;15;0;2;1;1;0
202000000972;154 740 563;7;0;2;1;1;0
202000000972;154 740 564;15;0;0;4;1;0
202000000973;154 740 559;2;9;0;1;1;1
202000000974;154 740 558;7;12;9;1;19;1
202000000975;154 740 555;7;0;2;1;1;1
202000000975;154 740 556;7;0;2;1;1;1
202000000975;154 740 557;7;0;2;1;17;1
202000000976;154 740 553;2;0;2;1;1;1
202000000976;154 740 554;7;8;2;2;17;1
202000000977;154 740 551;7;0;2;1;0;1
202000000977;154 740 552;10;0;0;4;1;1
202000000978;154 740 546;33;0;2;3;1;1
202000000978;154 740 547;7;0;2;2;12;1
202000000979;154 740 544;7;0;2;4;3;1
202000000979;154 740 545;7;0;2;2;1;1
202000000980;154 740 542;7;0;2;6;23;1
202000000980;154 740 543;7;0;2;2;1;1
202000000981;154 740 539;7;0;2;4;2;1
202000000981;154 740 540;33;0;2;0;3;1
202000000981;154 740 541;7;0;2;1;2;1
202000000982;154 740 537;7;0;2;4;2;1
202000000982;154 740 538;7;0;2;1;2;1
202000000983;154 740 536;7;3;0;1;2;1
202000000984;154 740 534;31;0;2;3;3;1
202000000984;154 740 535;7;0;9;0;0;1
202000000985;154 740 531;15;0;2;6;1;1
202000000985;154 740 532;33;0;2;1;3;1
202000000985;154 740 533;7;0;2;1;1;1
202000000986;154 740 529;7;0;2;4;2;1
202000000986;154 740 530;7;0;2;1;2;0
202000000987;154 740 527;10;0;2;6;0;1
202000000987;154 740 528;7;0;2;1;0;1
202000000988;154 740 525;14;0;2;3;1;0
202000000988;154 740 526;7;3;2;5;9;1
202000000989;154 740 524;43;0;2;7;3;0
202000000990;154 740 523;7;0;1;1;1;0
202000000991;154 740 522;7;0;1;1;1;1
202000000992;154 740 520;7;0;2;5;1;1
202000000992;154 740 521;31;0;2;1;13;1
202000000993;154 740 518;7;0;2;0;15;1
202000000993;154 740 519;30;0;2;1;1;1
202000000994;154 740 516;30;0;2;7;1;1
202000000994;154 740 517;7;0;2;3;9;1
202000000995;154 740 515;30;0;1;1;7;1
202000000996;154 740 511;7;0;2;1;2;1
202000000996;154 740 512;34;0;2;4;23;1
202000000997;154 740 509;30;0;2;7;17;1
202000000997;154 740 510;7;0;2;8;15;1
202000000998;154 740 507;7;0;2;2;1;1
202000000998;154 740 508;1;0;2;3;1;5
202000000999;154 740 505;31;0;2;7;17;3
202000000999;154 740 506;10;0;2;3;15;1
202000001000;154 740 503;10;0;2;1;16;1
202000001000;154 740 504;50;0;2;1;1;3
202000001001;154 740 501;30;0;2;1;1;3
202000001001;154 740 502;7;0;2;3;22;1
202000001002;154 740 498;7;0;2;1;2;1
202000001002;154 740 499;7;0;2;4;23;1
202000001002;154 740 500;7;0;2;4;23;1
202000001003;154 740 496;37;0;2;5;1;1
202000001003;154 740 497;14;0;2;3;11;1
202000001004;154 740 494;7;0;2;2;22;2
202000001004;154 740 495;1;0;2;1;1;5
202000001005;154 740 492;7;0;2;6;10;1
202000001005;154 740 493;32;0;2;1;17;1
202000001006;154 740 490;10;0;2;1;1;1
202000001006;154 740 491;7;0;2;4;23;1
202000001007;154 740 488;7;0;2;3;9;1
202000001007;154 740 489;2;0;2;1;1;1
202000001008;154 740 486;1;0;2;3;0;0
202000001008;154 740 487;7;0;2;3;1;0
202000001009;154 740 484;7;0;2;3;13;1
202000001009;154 740 485;30;0;2;1;16;1
202000001010;154 740 483;7;0;1;7;24;1
202000001011;154 740 481;7;0;2;1;1;0
202000001011;154 740 482;10;0;2;8;19;0
202000001012;154 740 480;7;1;0;2;1;1
202000001013;154 740 479;37;0;1;2;1;1
202000001014;154 740 478;10;0;1;1;0;1
202000001015;154 740 477;7;4;0;1;1;1
202000001016;154 740 475;2;1;0;2;1;1
202000001016;154 740 476;7;1;0;0;0;1
202000001017;154 740 474;7;0;1;3;1;1
202000001018;154 740 473;2;0;0;8;1;1
202000001019;154 740 471;7;0;0;4;1;1
202000001019;154 740 472;7;0;2;1;1;1
202000001020;154 740 469;2;0;2;1;1;1
202000001020;154 740 470;7;0;2;3;13;1
202000001021;154 740 468;33;0;0;8;1;1
202000001022;154 740 466;10;0;2;1;15;1
202000001022;154 740 467;2;0;2;1;1;1
202000001023;154 740 465;7;13;0;1;1;1
202000001024;154 740 463;7;0;2;2;1;1
202000001024;154 740 464;1;0;2;4;1;5
202000001025;154 740 462;7;16;0;3;1;1
202000001026;154 740 460;7;0;2;1;1;1
202000001026;154 740 461;7;0;2;1;1;1
202000001027;154 740 458;7;0;2;2;1;1
202000001027;154 740 459;7;0;2;2;1;1
202000001028;154 740 456;7;0;0;0;1;1
202000001028;154 740 457;2;0;0;0;1;1
202000001029;154 740 455;7;13;0;0;0;1
202000001030;154 740 453;7;0;2;2;2;1
202000001030;154 740 454;1;0;0;6;2;5
202000001031;154 740 452;33;16;0;1;13;1
202000001032;154 740 451;7;0;1;3;15;1
202000001033;154 740 449;10;0;2;2;2;1
202000001033;154 740 450;3;0;0;6;2;1
202000001034;154 740 448;17;0;0;7;1;1
202000001035;154 740 445;7;0;1;1;1;1
202000001036;154 740 444;7;6;0;3;5;1
202000001037;154 740 443;7;0;1;1;1;1
202000001038;154 740 441;7;0;2;3;15;1
202000001038;154 740 442;50;0;2;1;1;3
202000001039;154 740 439;33;0;2;7;10;1
202000001039;154 740 440;7;0;2;1;1;1
202000001040;154 740 438;7;1;0;3;13;1
202000001041;154 740 437;7;2;0;1;1;1
202000001042;154 740 435;10;0;2;1;4;1
202000001042;154 740 436;10;0;2;4;1;1
202000001043;154 740 433;16;0;2;2;12;1
202000001043;154 740 434;7;12;0;9;1;1
202000001044;154 740 432;38;2;0;2;17;1
202000001045;154 740 430;7;0;2;1;19;1
202000001045;154 740 431;33;0;2;1;17;0
202000001046;154 740 428;7;0;0;6;24;1
202000001046;154 740 429;2;1;0;1;5;1
202000001047;154 740 426;10;0;2;1;15;1
202000001047;154 740 427;7;0;2;2;1;3
202000001048;154 740 424;7;0;2;3;13;1
202000001048;154 740 425;7;0;2;3;0;1
202000001049;154 740 422;7;0;2;6;17;1
202000001049;154 740 423;33;0;2;1;17;1
202000001050;154 740 420;7;0;2;3;10;0
202000001050;154 740 421;7;0;0;2;1;0
202000001051;154 740 418;7;0;2;1;1;
202000001051;154 740 419;3;0;2;0;0;1
202000001052;154 740 417;33;13;0;1;14;1
202000001053;154 740 416;7;0;1;7;1;0
202000001054;154 740 413;7;0;2;3;1;0
202000001054;154 740 414;7;0;0;5;1;1
202000001054;154 740 415;7;0;2;1;1;0
202000001055;154 740 412;36;6;0;3;1;1
202000001056;154 740 410;7;0;2;3;15;1
202000001056;154 740 411;32;0;2;1;3;1
202000001057;154 740 408;33;0;2;1;1;1
202000001057;154 740 409;7;0;2;2;19;0
202000001058;154 740 407;10;0;0;2;21;1