Num_Acc;id_vehicule;categorie_vehicule;obstacle_fixe;obstacle_mobile;point_choc_initial;manoeuvre_principale;motorisation
202000001059;154 740 405;7;0;2;3;1;1
202000001059;154 740 406;7;0;2;3;17;1
202000001060;154 740 404;7;13;0;2;14;1
202000001061;154 740 403;7;0;2;2;1;1
202000001062;154 740 401;7;0;2;2;14;1
202000001062;154 740 402;14;0;2;6;1;1
202000001063;154 740 400;7;13;0;1;1;1
202000001064;154 740 398;7;0;2;3;1;1
202000001064;154 740 399;14;0;2;5;12;1
202000001065;154 740 397;7;4;0;1;1;1
202000001066;154 740 394;7;0;2;5;1;1
202000001066;154 740 395;7;0;2;8;13;1
202000001066;154 740 396;33;0;2;2;3;1
202000001067;154 740 392;7;0;2;1;1;1
202000001067;154 740 393;7;0;0;4;1;0
202000001068;154 740 389;7;0;2;4;23;1
202000001068;154 740 390;7;0;2;2;1;1
202000001068;154 740 391;7;0;2;6;23;1
202000001069;154 740 386;7;0;2;4;0;1
202000001069;154 740 387;7;0;2;9;0;1
202000001069;154 740 388;7;0;2;1;0;1
202000001070;154 740 385;7;0;0;4;0;1
202000001071;154 740 384;33;2;0;9;0;1
202000001072;154 740 382;7;0;2;3;9;1
202000001072;154 740 383;1;0;2;7;1;0
202000001073;154 740 381;7;0;1;1;1;1
202000001074;154 740 379;7;0;2;3;19;1
202000001074;154 740 380;2;0;2;1;1;1
202000001075;154 740 375;7;0;0;0;0;0
202000001075;154 740 376;7;0;2;7;16;1
202000001076;154 740 372;7;0;2;5;2;1
202000001076;154 740 373;7;0;2;3;1;1
202000001076;154 740 374;7;0;2;1;2;1
202000001077;154 740 371;1;0;0;0;26;5
202000001078;154 740 369;1;0;2;0;0;0
202000001078;154 740 370;1;0;9;1;15;5
202000001079;154 740 368;7;12;0;3;1;1
202000001080;154 740 366;7;0;2;1;2;1
202000001080;154 740 367;7;0;2;4;2;1
202000001081;154 740 364;1;0;2;1;23;5
202000001081;154 740 365;7;0;2;4;23;0
202000001082;154 740 363;7;0;1;2;15;1
202000001083;154 740 361;33;0;2;4;23;0
202000001083;154 740 362;7;0;2;1;26;1
202000001084;154 740 359;14;0;2;4;1;1
202000001084;154 740 360;33;0;2;1;1;1
202000001085;154 740 356;31;0;2;1;3;1
202000001085;154 740 357;7;0;2;4;1;1
202000001085;154 740 358;7;0;2;6;1;0
202000001086;154 740 354;7;0;2;3;15;1
202000001086;154 740 355;2;0;2;1;17;1
202000001087;154 740 353;33;4;0;7;14;1
202000001088;154 740 352;7;13;0;1;1;1
202000001089;154 740 350;7;0;2;1;2;1
202000001089;154 740 351;7;0;2;4;2;1
202000001090;154 740 347;7;0;2;1;1;1
202000001090;154 740 348;7;0;2;8;1;1
202000001090;154 740 349;7;0;2;1;16;1
202000001091;154 740 344;7;0;2;2;1;1
202000001091;154 740 345;7;0;0;2;1;1
202000001091;154 740 346;7;0;2;6;1;1
202000001092;154 740 342;7;0;2;1;1;1
202000001092;154 740 343;7;0;2;4;23;1
202000001093;154 740 340;7;0;2;1;13;1
202000001093;154 740 341;10;0;2;1;21;1
202000001094;154 740 339;7;2;0;1;0;1
202000001095;154 740 337;33;0;2;1;2;1
202000001095;154 740 338;33;0;2;4;1;1
202000001096;154 740 336;7;0;1;2;1;1
202000001097;154 740 334;10;0;2;4;20;1
202000001097;154 740 335;1;0;2;1;1;5
202000001098;154 740 332;33;0;2;1;17;1
202000001098;154 740 333;7;0;2;3;15;1
202000001099;154 740 330;34;0;2;1;13;1
202000001099;154 740 331;7;0;2;1;1;1
202000001100;154 740 328;3;0;2;2;17;0
202000001100;154 740 329;31;0;2;4;1;0
202000001101;154 740 327;30;0;0;7;26;1
202000001102;154 740 326;7;0;1;4;24;1
202000001103;154 740 324;7;0;2;1;1;0
202000001103;154 740 325;7;0;2;8;19;1
202000001104;154 740 322;34;0;2;3;1;1
202000001104;154 740 323;7;0;2;3;15;0
202000001105;154 740 319;7;0;2;8;11;1
202000001105;154 740 320;7;0;2;8;1;1
202000001105;154 740 321;33;0;2;7;3;1
202000001106;154 740 316;7;0;2;5;1;1
202000001106;154 740 317;7;0;2;8;1;1
202000001106;154 740 318;33;0;2;3;3;1
202000001107;154 740 314;33;0;2;1;3;1
202000001107;154 740 315;7;0;2;6;11;1
202000001108;154 740 313;37;0;1;2;1;2
202000001109;154 740 311;32;0;2;8;17;1
202000001109;154 740 312;1;0;2;8;13;5
202000001110;154 740 309;7;0;2;2;16;1
202000001110;154 740 310;7;0;2;5;1;1
202000001111;154 740 308;7;0;1;6;4;2
202000001112;154 740 306;1;0;2;1;1;5
202000001112;154 740 307;7;0;2;2;17;1
202000001113;154 740 304;7;0;2;2;17;1
202000001113;154 740 305;30;0;2;3;13;1
202000001114;154 740 301;30;0;2;1;5;1
202000001114;154 740 302;7;0;2;3;1;1
202000001114;154 740 303;7;0;2;6;23;1
202000001115;154 740 300;10;0;1;6;1;1
202000001116;154 740 298;33;0;2;7;1;1
202000001116;154 740 299;14;0;2;8;15;1
202000001117;154 740 296;30;0;2;7;1;1
202000001117;154 740 297;7;0;2;0;9;0
202000001118;154 740 294;7;0;2;4;2;1
202000001118;154 740 295;7;0;2;1;2;1
202000001119;154 740 293;10;0;1;2;1;1
202000001120;154 740 292;7;0;1;5;1;1
202000001121;154 740 291;32;12;0;3;13;1
202000001122;154 740 289;10;0;2;2;2;1
202000001122;154 740 290;30;0;2;5;2;1
202000001123;154 740 288;7;0;1;7;1;2
202000001124;154 740 286;1;0;2;1;16;5
202000001124;154 740 287;10;0;2;8;22;1
202000001125;154 740 284;14;0;0;0;4;1
202000001125;154 740 285;33;0;0;0;23;1
202000001126;154 740 282;7;0;2;4;4;0
202000001126;154 740 283;32;0;2;1;2;1
202000001127;154 740 280;7;0;2;4;23;1
202000001127;154 740 281;7;0;2;1;1;1
202000001128;154 740 278;32;0;2;2;17;1
202000001128;154 740 279;10;0;2;3;10;1
202000001129;154 740 277;7;0;1;1;15;1
202000001130;154 740 276;30;0;0;0;21;1
202000001131;154 740 275;32;0;1;1;1;1
202000001132;154 740 274;99;0;1;2;1;1
202000001133;154 740 273;10;0;1;1;1;0
202000001134;154 740 272;3;0;1;0;1;1
202000001135;154 740 269;1;0;2;8;19;5
202000001135;154 740 270;7;0;2;1;1;1
202000001135;154 740 271;7;0;2;3;1;1
202000001136;154 740 264;10;1;0;4;25;1
202000001136;154 740 265;43;1;0;4;23;1
202000001136;154 740 266;10;1;0;4;23;1
202000001136;154 740 267;10;1;0;4;23;1
202000001136;154 740 268;10;1;0;1;1;1
202000001137;154 740 262;7;0;9;2;1;1
202000001137;154 740 263;50;0;2;1;19;3
202000001138;154 740 260;7;0;2;4;26;1
202000001138;154 740 261;7;0;2;1;1;1
202000001139;154 740 258;2;0;2;0;13;1
202000001139;154 740 259;7;0;2;0;0;1
202000001140;154 740 256;7;0;2;2;14;1
202000001140;154 740 257;33;0;2;7;1;1
202000001141;154 740 255;7;1;0;7;1;1
202000001142;154 740 254;3;0;1;;;
202000001143;154 740 252;7;0;2;3;1;6
202000001143;154 740 253;50;0;2;3;1;3
202000001144;154 740 251;30;0;1;1;1;1
202000001145;154 740 248;10;0;2;3;15;1
202000001145;154 740 249;33;0;2;7;17;1
202000001145;154 740 250;10;0;2;1;1;1
202000001146;154 740 247;10;0;1;3;9;1
202000001147;154 740 246;7;0;1;2;1;3
202000001148;154 740 245;7;1;0;2;0;0
202000001149;154 740 244;7;0;1;1;1;1
202000001150;154 740 243;7;1;0;1;26;1
202000001151;154 740 241;7;0;2;3;16;1
202000001151;154 740 242;50;0;2;7;1;3
202000001152;154 740 240;33;0;9;7;2;0
202000001153;154 740 238;7;0;0;0;0;0
202000001153;154 740 239;34;0;2;0;1;0
202000001154;154 740 236;7;0;2;3;15;1
202000001154;154 740 237;30;0;2;4;15;1
202000001155;154 740 235;7;0;1;1;1;1
202000001156;154 740 233;14;0;2;5;23;0
202000001156;154 740 234;7;0;2;2;1;0
202000001157;154 740 231;7;0;2;4;0;1
202000001157;154 740 232;7;0;2;1;1;1
202000001158;154 740 230;7;8;0;1;1;1
202000001159;154 740 229;7;7;0;0;2;1
202000001160;154 740 227;7;0;2;4;5;1
202000001160;154 740 228;10;0;0;1;1;1
202000001161;154 740 225;7;0;2;3;1;1
202000001161;154 740 226;1;0;2;1;1;5
202000001162;154 740 222;7;6;1;2;1;1
202000001163;154 740 221;7;2;0;1;0;1
202000001164;154 740 218;15;0;2;8;11;1
202000001164;154 740 219;7;0;2;3;0;1
202000001164;154 740 220;7;0;2;1;0;1
202000001165;154 740 216;7;0;0;4;26;1
202000001165;154 740 217;7;0;2;1;1;1
202000001166;154 740 215;7;2;0;8;1;0
202000001167;154 740 213;7;0;2;1;13;1
202000001167;154 740 214;7;0;2;1;1;2
202000001168;154 740 210;7;0;2;1;1;1
202000001168;154 740 211;7;0;2;3;13;1
202000001168;154 740 212;7;0;2;3;1;1
202000001169;154 740 209;7;17;0;3;13;1
202000001170;154 740 207;7;0;2;7;15;1
202000001170;154 740 208;2;0;2;1;1;1
202000001171;154 740 206;7;6;0;2;1;1
202000001172;154 740 204;7;1;0;1;2;1
202000001172;154 740 205;7;0;0;4;23;1
202000001173;154 740 202;17;0;2;2;1;1
202000001173;154 740 203;7;3;2;5;13;1
202000001174;154 740 199;33;8;2;1;17;1
202000001174;154 740 200;7;0;2;3;15;1
202000001175;154 740 196;7;3;2;8;1;0
202000001175;154 740 197;7;0;2;2;13;1
202000001175;154 740 198;7;0;2;1;1;0
202000001176;154 740 195;33;8;0;1;1;1
202000001177;154 740 193;7;0;2;3;19;1
202000001177;154 740 194;33;0;2;1;1;1
202000001178;154 740 192;7;0;0;1;1;1
202000001179;154 740 191;7;13;0;1;1;1
202000001180;154 740 189;7;0;2;3;19;1
202000001180;154 740 190;7;0;2;2;1;1
202000001181;154 740 188;2;10;0;9;1;1
202000001182;154 740 186;33;0;2;1;1;1
202000001182;154 740 187;7;0;2;3;15;1
202000001183;154 740 185;31;0;1;0;1;1
202000001184;154 740 184;10;0;0;0;0;6
202000001185;154 740 182;7;0;2;3;1;0
202000001185;154 740 183;10;0;2;2;1;0
202000001186;154 740 181;10;8;0;8;13;1
202000001187;154 740 180;33;6;0;7;1;1
202000001188;154 740 178;7;0;2;2;15;1
202000001188;154 740 179;33;0;2;1;1;1
202000001189;154 740 175;7;0;2;8;1;1
202000001189;154 740 176;7;0;2;1;13;1
202000001189;154 740 177;7;0;2;1;1;1
202000001190;154 740 173;7;0;2;1;1;1
202000001190;154 740 174;7;0;2;7;9;1
202000001191;154 740 171;7;0;2;2;13;1
202000001191;154 740 172;10;0;2;1;1;1
202000001192;154 740 167;15;0;2;5;2;0
202000001192;154 740 168;1;0;0;3;1;5
202000001193;154 740 165;14;0;2;6;1;1
202000001193;154 740 166;7;0;2;1;17;1
202000001194;154 740 161;7;0;2;3;13;1
202000001194;154 740 162;7;0;2;3;1;1
202000001195;154 740 160;15;3;0;3;13;1
202000001196;154 740 157;7;7;0;4;26;1
202000001196;154 740 158;7;0;2;4;2;1
202000001196;154 740 159;7;3;2;1;2;1
202000001197;154 740 155;7;0;2;1;2;1
202000001197;154 740 156;7;0;0;8;1;1
202000001198;154 740 153;7;4;0;4;2;2
202000001198;154 740 154;10;0;2;1;2;1
202000001199;154 740 151;7;0;2;1;13;1
202000001199;154 740 152;10;0;2;1;1;1
202000001200;154 740 150;7;13;0;9;13;1
202000001201;154 740 149;33;0;0;0;0;1
202000001202;154 740 147;7;0;2;1;6;1
202000001202;154 740 148;37;0;2;3;1;0
202000001203;154 740 145;2;7;2;1;21;0
202000001203;154 740 146;7;0;2;2;15;0
202000001204;154 740 143;33;0;2;3;1;1
202000001204;154 740 144;7;0;2;3;13;1
202000001205;154 740 142;2;0;1;1;1;1
202000001206;154 740 141;7;8;0;6;1;1
202000001207;154 740 140;33;17;0;9;17;1
202000001208;154 740 139;7;13;0;3;1;1
202000001209;154 740 136;7;0;0;3;1;0
202000001209;154 740 137;7;0;0;6;1;1
202000001209;154 740 138;33;0;2;1;2;1
202000001210;154 740 134;7;0;2;3;1;1
202000001210;154 740 135;7;0;2;3;13;1
202000001211;154 740 132;7;0;2;3;1;1
202000001211;154 740 133;7;0;2;3;15;1
202000001212;154 740 130;7;0;2;1;2;1
202000001212;154 740 131;1;0;0;4;18;5
202000001213;154 740 128;33;0;2;1;17;1
202000001213;154 740 129;7;0;2;3;10;1
202000001214;154 740 127;7;13;0;9;1;1
202000001215;154 740 126;7;13;0;1;1;1
202000001216;154 740 124;7;0;2;8;16;1
202000001216;154 740 125;1;0;2;2;1;5
202000001217;154 740 122;31;0;2;1;2;0
202000001217;154 740 123;7;0;0;6;23;0
202000001218;154 740 120;7;0;2;1;1;1
202000001218;154 740 121;7;0;2;4;15;1
202000001219;154 740 119;31;0;9;7;2;1
202000001220;154 740 117;7;0;2;2;12;1
202000001220;154 740 118;7;0;2;3;1;1
202000001221;154 740 116;7;9;0;3;14;1
202000001222;154 740 114;10;0;2;4;2;1
202000001222;154 740 115;7;0;2;1;2;1
202000001223;154 740 112;7;0;2;6;2;1
202000001223;154 740 113;7;0;2;1;1;1
202000001224;154 740 108;17;0;2;4;2;1
202000001224;154 740 109;7;0;2;4;2;1
202000001224;154 740 110;7;0;2;4;2;1
202000001224;154 740 111;7;0;2;1;2;1
202000001225;154 740 106;7;0;2;4;2;1
202000001225;154 740 107;7;0;2;1;2;1
202000001226;154 740 105;33;0;0;7;1;1
202000001227;154 740 104;7;6;0;3;0;1
202000001228;154 740 101;17;0;0;4;23;1
202000001228;154 740 102;14;0;2;1;21;1
202000001228;154 740 103;33;0;2;1;1;1
202000001229;154 740 099;7;0;0;0;0;1
202000001229;154 740 100;33;0;0;0;26;1
202000001230;154 740 097;32;0;2;1;13;1
202000001230;154 740 098;7;0;2;4;0;1
202000001231;154 740 095;7;0;0;6;0;1
202000001231;154 740 096;7;4;2;1;11;1
202000001232;154 740 093;7;0;2;3;11;1
202000001232;154 740 094;33;0;2;1;3;1
202000001233;154 740 091;7;0;2;4;12;0
202000001233;154 740 092;15;0;2;1;2;0
202000001234;154 740 089;10;0;2;6;23;1
202000001234;154 740 090;7;1;0;2;2;1
202000001235;154 740 085;10;0;2;4;2;1
202000001235;154 740 086;10;0;2;4;2;1
202000001235;154 740 087;7;0;2;8;2;1
202000001235;154 740 088;7;0;2;2;12;1
202000001236;154 740 083;7;0;2;1;1;1
202000001236;154 740 084;7;0;2;4;2;1
202000001237;154 740 080;43;0;2;8;1;1
202000001237;154 740 081;7;0;2;1;2;1
202000001237;154 740 082;7;0;2;1;1;1
202000001238;154 740 079;34;3;0;7;0;1
202000001239;154 740 078;7;4;0;0;13;1
202000001240;154 740 077;10;4;0;1;1;1
202000001241;154 740 075;33;0;2;1;1;1
202000001241;154 740 076;7;0;2;3;11;1
202000001242;154 740 073;7;0;2;5;26;1
202000001242;154 740 074;33;0;2;8;1;1
202000001243;154 740 072;31;0;0;9;1;1
202000001244;154 740 070;0;0;2;4;2;0
202000001244;154 740 071;7;0;2;1;2;1
202000001245;154 740 068;15;0;2;6;21;1
202000001245;154 740 069;33;0;2;1;1;1
202000001246;154 740 067;7;0;1;1;1;1
202000001247;154 740 066;7;0;1;2;2;1
202000001248;154 740 065;7;0;1;2;1;1
202000001249;154 740 063;7;0;2;4;2;1
202000001249;154 740 064;14;0;2;1;2;1
202000001250;154 740 061;33;0;2;7;12;1
202000001250;154 740 062;7;0;2;6;1;1
202000001251;154 740 059;7;0;2;8;1;1
202000001251;154 740 060;7;0;2;2;1;1
202000001252;154 740 058;37;0;1;5;26;0
202000001253;154 740 056;10;0;2;0;19;1
202000001253;154 740 057;31;0;2;0;0;1
202000001254;154 740 054;7;0;2;1;1;1
202000001254;154 740 055;7;0;2;8;1;1
202000001255;154 740 052;7;0;2;1;26;1
202000001255;154 740 053;7;0;2;1;13;1
202000001256;154 740 050;7;0;2;3;26;1
202000001256;154 740 051;7;0;2;5;1;1
202000001257;154 740 047;7;0;2;7;1;1
202000001257;154 740 048;3;0;2;3;13;0
202000001257;154 740 049;7;0;2;1;0;2
202000001258;154 740 045;37;0;2;3;1;1
202000001258;154 740 046;7;0;2;7;16;1
202000001259;154 740 043;50;0;2;0;1;3
202000001259;154 740 044;7;0;2;2;15;1
202000001260;154 740 041;33;0;2;7;17;1
202000001260;154 740 042;7;0;2;1;15;2
202000001261;154 740 039;7;0;1;2;1;1
202000001262;154 740 037;7;0;2;1;2;1
202000001262;154 740 038;33;0;2;4;2;1
202000001263;154 740 036;30;6;0;1;0;1
202000001264;154 740 035;33;10;0;7;16;1
202000001265;154 740 034;33;3;0;2;1;1
202000001266;154 740 032;7;0;2;8;1;1
202000001266;154 740 033;32;0;2;7;17;1
202000001267;154 740 031;34;6;0;1;15;0
202000001268;154 740 030;7;2;0;3;1;1
202000001269;154 740 028;33;0;2;1;13;1
202000001269;154 740 029;7;0;2;8;1;1
202000001270;154 740 026;7;0;2;3;1;1
202000001270;154 740 027;32;11;2;1;17;1
202000001271;154 740 025;13;0;0;2;26;0
202000001272;154 740 023;33;0;2;1;3;1
202000001272;154 740 024;7;0;2;3;15;1
202000001273;154 740 021;7;0;2;7;14;1
202000001273;154 740 022;33;0;2;8;18;1
202000001274;154 740 020;7;2;0;8;13;1
202000001275;154 740 018;2;0;2;1;17;0
202000001275;154 740 019;31;0;0;8;15;0
202000001276;154 740 016;7;0;2;3;1;1
202000001276;154 740 017;7;0;2;3;13;1
202000001277;154 740 015;2;12;0;2;1;0
202000001278;154 740 013;32;0;0;1;1;1
202000001278;154 740 014;7;0;0;8;15;1
202000001279;154 740 011;7;0;2;8;1;1
202000001279;154 740 012;33;12;2;7;17;1
202000001280;154 740 010;1;0;0;0;1;5
202000001281;154 740 008;7;0;2;3;1;1
202000001281;154 740 009;3;0;2;1;1;1
202000001282;154 740 007;7;13;0;9;1;0
202000001283;154 740 006;31;0;0;0;1;1
202000001284;154 740 005;1;0;0;0;1;5
202000001285;154 740 003;7;0;2;3;13;1
202000001285;154 740 004;1;0;0;6;1;6
202000001286;154 740 001;7;0;2;1;1;1
202000001286;154 740 002;33;0;2;1;17;1
202000001287;154 739 999;7;0;2;3;1;1
202000001287;154 740 000;7;0;2;3;1;1
202000001288;154 739 998;7;13;0;1;2;0
202000001289;154 739 995;33;0;2;3;1;1
202000001289;154 739 996;7;0;2;2;13;1
202000001290;154 739 992;33;0;2;1;2;1
202000001290;154 739 993;7;0;0;4;2;1
202000001291;154 739 990;7;0;2;3;26;6
202000001291;154 739 991;7;0;2;1;19;0
202000001292;154 739 988;33;0;0;7;1;1
202000001293;154 739 986;7;0;2;1;1;1
202000001293;154 739 987;33;0;2;8;1;1
202000001294;154 739 984;7;6;0;1;1;0
202000001295;154 739 983;33;2;0;1;0;1
202000001296;154 739 981;2;0;2;1;21;1
202000001296;154 739 982;7;0;2;3;1;1
202000001297;154 739 979;7;0;2;1;2;1
202000001297;154 739 980;7;0;0;4;1;1
202000001298;154 739 977;7;0;2;1;1;0
202000001298;154 739 978;10;0;2;1;15;0
202000001299;154 739 976;33;8;0;0;16;1
202000001300;154 739 975;1;0;0;0;1;5
202000001301;154 739 974;7;6;0;3;0;1
202000001302;154 739 970;7;0;2;4;23;1
202000001302;154 739 971;7;0;2;1;2;1
202000001303;154 739 965;15;0;2;1;13;1
202000001303;154 739 966;10;0;2;4;1;1
202000001303;154 739 967;15;0;2;4;1;1
202000001303;154 739 968;7;0;2;4;1;1
202000001303;154 739 969;15;0;2;4;1;1
202000001304;154 739 963;7;0;2;1;1;0
202000001304;154 739 964;7;0;2;4;11;0
202000001305;154 739 962;33;0;0;1;9;1
202000001306;154 739 961;7;4;9;9;2;1
202000001307;154 739 959;7;0;2;1;16;1
202000001307;154 739 960;7;1;2;3;1;1
202000001308;154 739 957;2;0;2;1;17;1
202000001308;154 739 958;7;0;2;1;15;1
202000001309;154 739 956;7;14;0;1;26;6
202000001310;154 739 954;7;0;2;1;13;1
202000001310;154 739 955;7;0;2;1;1;1
202000001311;154 739 953;2;12;0;3;2;1
202000001312;154 739 951;30;0;2;1;9;1
202000001312;154 739 952;7;0;2;7;1;1
202000001313;154 739 949;7;0;2;1;1;0
202000001313;154 739 950;1;0;2;4;1;5
202000001314;154 739 948;1;0;2;0;21;2
202000001315;154 739 946;7;0;0;0;16;0
202000001315;154 739 947;7;0;0;0;1;0
202000001316;154 739 943;7;0;2;4;2;1
202000001316;154 739 944;7;0;2;1;2;1
202000001316;154 739 945;7;16;0;4;2;1
202000001317;154 739 941;10;0;2;3;13;1
202000001317;154 739 942;7;0;2;3;1;1
202000001318;154 739 939;60;0;0;0;0;5
202000001318;154 739 940;7;0;9;1;15;1
202000001319;154 739 936;7;0;2;1;2;1
202000001319;154 739 937;7;0;2;4;23;1
202000001319;154 739 938;7;0;0;4;23;1
202000001320;154 739 935;7;0;1;5;19;0
202000001321;154 739 933;7;0;2;7;15;1
202000001321;154 739 934;33;0;2;1;1;1
202000001322;154 739 932;7;0;1;2;9;2
202000001323;154 739 930;33;0;2;2;1;1
202000001323;154 739 931;7;0;2;1;19;0
202000001324;154 739 928;7;0;2;1;1;1
202000001324;154 739 929;7;0;2;2;15;2
202000001325;154 739 926;14;0;2;3;9;1
202000001325;154 739 927;7;0;2;2;1;1
202000001326;154 739 925;7;0;1;3;19;1
202000001327;154 739 923;30;0;2;7;1;1
202000001327;154 739 924;7;0;2;1;1;1
202000001328;154 739 921;7;0;2;1;15;1
202000001328;154 739 922;7;0;2;1;1;1
202000001329;154 739 918;1;0;2;1;9;5
202000001329;154 739 919;10;0;2;3;1;1
202000001329;154 739 920;7;0;2;2;1;1
202000001330;154 739 916;7;0;2;3;20;1
202000001330;154 739 917;33;0;2;2;1;1
202000001331;154 739 915;10;0;1;2;16;1
202000001332;154 739 913;7;0;2;1;1;
202000001332;154 739 914;7;0;2;8;19;
202000001333;154 739 911;7;0;2;2;1;1
202000001333;154 739 912;7;0;2;1;15;1
202000001334;154 739 910;31;0;1;0;1;0
202000001335;154 739 908;1;0;2;8;19;5
202000001335;154 739 909;7;0;2;1;1;1
202000001336;154 739 907;7;0;1;1;1;1
202000001337;154 739 906;33;8;0;1;14;1
202000001338;154 739 904;7;0;2;1;17;1
202000001338;154 739 905;7;0;2;3;15;1
202000001339;154 739 903;10;0;1;2;1;1
202000001340;154 739 902;33;0;1;1;1;1
202000001341;154 739 900;7;0;2;1;19;1
202000001341;154 739 901;1;0;2;7;1;5
202000001342;154 739 898;7;0;2;8;13;1
202000001342;154 739 899;33;0;2;1;1;1
202000001343;154 739 896;7;0;2;1;15;1
202000001343;154 739 897;7;0;2;1;1;1
202000001344;154 739 895;10;0;1;2;1;1
202000001345;154 739 893;7;0;2;1;1;1
202000001345;154 739 894;7;0;2;1;13;1
202000001346;154 739 892;36;12;0;2;26;1
202000001347;154 739 890;31;0;2;1;1;1
202000001347;154 739 891;7;0;2;8;15;1
202000001348;154 739 888;1;0;2;4;15;5
202000001348;154 739 889;7;0;2;1;2;1
202000001349;154 739 886;7;0;2;3;15;1
202000001349;154 739 887;30;0;2;3;1;1
202000001350;154 739 884;50;0;2;7;19;3
202000001350;154 739 885;7;0;2;1;1;1
202000001351;154 739 882;7;0;2;3;1;1
202000001351;154 739 883;33;0;2;2;16;1
202000001352;154 739 881;30;0;0;1;21;1
202000001353;154 739 878;7;0;2;1;1;1
202000001353;154 739 879;7;0;2;8;1;1
202000001353;154 739 880;7;0;2;1;1;1
202000001354;154 739 876;1;0;2;0;6;0
202000001354;154 739 877;7;0;2;1;6;1
202000001355;154 739 874;0;0;2;1;1;0
202000001355;154 739 875;80;0;2;8;9;3
202000001356;154 739 872;1;0;2;8;19;5
202000001356;154 739 873;20;0;2;7;16;1
202000001357;154 739 870;33;0;2;1;1;1
202000001357;154 739 871;7;0;2;7;12;1
202000001358;154 739 868;1;0;2;0;19;5
202000001358;154 739 869;1;0;2;0;16;5
202000001359;154 739 866;2;0;2;3;0;0
202000001359;154 739 867;7;0;2;3;1;1
202000001360;154 739 864;7;0;2;1;11;1
202000001360;154 739 865;7;0;2;3;26;1
202000001361;154 739 862;7;0;2;3;20;1
202000001361;154 739 863;2;0;2;2;2;1
202000001362;154 739 860;1;0;2;8;2;0
202000001362;154 739 861;10;0;9;1;2;1
202000001363;154 739 858;30;0;2;3;1;3
202000001363;154 739 859;7;0;2;2;16;0
202000001364;154 739 856;30;0;2;8;9;1
202000001364;154 739 857;7;0;2;2;1;1
202000001365;154 739 854;7;0;2;0;3;1
202000001365;154 739 855;7;0;2;3;26;1
202000001366;154 739 853;10;0;1;3;1;0
202000001367;154 739 851;7;0;2;3;1;1
202000001367;154 739 852;7;0;2;3;26;1
202000001368;154 739 849;2;0;2;4;16;1
202000001368;154 739 850;7;0;2;3;16;1
202000001369;154 739 847;17;0;2;4;1;1
202000001369;154 739 848;7;0;2;1;1;1
202000001370;154 739 845;7;0;2;4;1;1
202000001370;154 739 846;7;0;2;1;1;1
202000001371;154 739 843;40;0;2;2;1;3
202000001371;154 739 844;10;0;;8;15;1
202000001372;154 739 842;7;0;1;3;26;1
202000001373;154 739 840;1;0;2;8;19;5
202000001373;154 739 841;7;0;2;1;1;1
202000001374;154 739 839;30;14;0;1;1;1
202000001375;154 739 837;7;0;2;3;1;1
202000001375;154 739 838;33;0;2;3;13;1
202000001376;154 739 836;7;0;1;1;1;1
202000001377;154 739 834;1;0;2;8;19;5
202000001377;154 739 835;7;0;2;1;1;0
202000001378;154 739 832;1;0;2;8;1;5
202000001378;154 739 833;7;0;2;7;15;1
202000001379;154 739 830;7;0;2;3;15;1
202000001379;154 739 831;31;8;2;1;17;1
202000001380;154 739 828;1;0;2;4;15;5
202000001380;154 739 829;31;0;2;1;26;6
202000001381;154 739 825;7;0;2;2;0;1
202000001381;154 739 826;7;0;2;5;0;1
202000001381;154 739 827;17;0;2;2;9;1
202000001382;154 739 824;30;0;1;1;1;1
202000001383;154 739 823;20;0;1;1;1;1
202000001384;154 739 822;10;13;0;3;1;1
202000001385;154 739 820;7;0;2;3;20;0
202000001385;154 739 821;7;0;0;2;1;0
202000001386;154 739 818;32;0;2;1;1;1
202000001386;154 739 819;7;0;2;4;1;1
202000001387;154 739 814;32;0;2;1;1;1
202000001387;154 739 815;7;0;2;8;20;1
202000001388;154 739 813;30;0;0;0;2;1
202000001389;154 739 811;7;0;2;1;19;1
202000001389;154 739 812;7;0;2;8;1;1
202000001390;154 739 809;7;0;0;0;0;1
202000001390;154 739 810;33;0;2;8;1;1
202000001391;154 739 806;7;0;2;1;1;1
202000001391;154 739 807;7;0;2;5;15;1
202000001391;154 739 808;7;0;2;1;1;1
202000001392;154 739 805;7;0;1;3;26;0
202000001393;154 739 803;7;0;2;3;1;1
202000001393;154 739 804;2;0;2;1;13;1
202000001394;154 739 802;7;0;1;3;15;1
202000001395;154 739 801;10;0;1;5;20;1
202000001396;154 739 800;10;0;1;2;9;1
202000001397;154 739 798;7;0;2;2;16;1
202000001397;154 739 799;30;0;2;0;0;0
202000001398;154 739 796;7;0;2;2;1;1
202000001398;154 739 797;7;0;2;1;1;1
202000001399;154 739 794;7;0;2;5;1;1
202000001399;154 739 795;32;0;2;3;3;1
202000001400;154 739 791;7;0;2;5;23;1
202000001400;154 739 792;7;0;2;5;23;1
202000001400;154 739 793;43;0;2;6;21;1
202000001401;154 739 790;33;4;0;3;13;1
202000001402;154 739 789;7;0;1;5;1;1
202000001403;154 739 788;7;0;1;7;16;1