Num_Acc;id_vehicule;categorie_vehicule;obstacle_fixe;obstacle_mobile;point_choc_initial;manoeuvre_principale;motorisation
202000001404;154 739 786;7;0;2;3;15;0
202000001404;154 739 787;33;0;2;2;17;1
202000001405;154 739 784;7;0;2;4;1;1
202000001405;154 739 785;33;0;2;1;1;1
202000001406;154 739 782;1;0;2;4;23;5
202000001406;154 739 783;37;0;2;1;1;1
202000001407;154 739 780;1;0;2;7;1;5
202000001407;154 739 781;60;0;2;1;19;5
202000001408;154 739 779;1;0;1;7;1;5
202000001409;154 739 778;50;0;1;1;1;3
202000001410;154 739 776;1;0;2;1;1;0
202000001410;154 739 777;7;0;2;2;15;1
202000001411;154 739 773;34;0;2;6;1;1
202000001411;154 739 774;10;0;2;6;1;1
202000001411;154 739 775;7;0;2;1;11;1
202000001412;154 739 771;7;0;2;7;1;1
202000001412;154 739 772;30;0;2;8;1;1
202000001413;154 739 770;7;0;0;2;21;1
202000001414;154 739 768;7;0;2;2;12;1
202000001414;154 739 769;7;0;2;4;0;1
202000001415;154 739 762;10;4;0;1;1;1
202000001415;154 739 763;7;4;0;4;23;1
202000001415;154 739 764;7;4;0;4;23;1
202000001415;154 739 765;7;4;0;4;2;1
202000001415;154 739 766;7;4;0;4;23;1
202000001415;154 739 767;10;4;0;4;23;1
202000001416;154 739 760;32;0;2;1;3;1
202000001416;154 739 761;7;0;2;5;11;1
202000001417;154 739 759;33;4;0;2;1;1
202000001418;154 739 758;7;0;9;9;14;1
202000001419;154 739 755;7;0;2;2;17;1
202000001419;154 739 756;7;0;2;6;1;1
202000001419;154 739 757;7;0;9;7;1;1
202000001420;154 739 752;14;0;2;8;1;1
202000001420;154 739 753;7;0;2;4;17;1
202000001420;154 739 754;7;0;2;1;17;1
202000001421;154 739 749;7;0;2;4;0;1
202000001421;154 739 750;7;0;2;1;11;1
202000001421;154 739 751;7;0;2;4;1;1
202000001422;154 739 747;33;0;2;2;17;1
202000001422;154 739 748;7;0;2;3;15;1
202000001423;154 739 746;7;0;0;0;19;1
202000001424;154 739 745;7;10;0;2;26;1
202000001425;154 739 743;7;0;2;0;12;1
202000001425;154 739 744;7;0;2;4;23;1
202000001426;154 739 741;7;0;2;1;19;1
202000001426;154 739 742;7;0;2;1;19;1
202000001427;154 739 739;33;0;2;8;10;0
202000001427;154 739 740;33;0;2;1;1;0
202000001428;154 739 738;1;0;1;1;1;5
202000001429;154 739 736;1;0;2;1;9;5
202000001429;154 739 737;7;0;9;2;16;1
202000001430;154 739 734;14;0;0;0;1;1
202000001430;154 739 735;7;0;9;1;1;1
202000001431;154 739 731;1;0;2;1;1;5
202000001431;154 739 732;7;0;2;8;1;1
202000001432;154 739 729;7;0;2;1;1;1
202000001432;154 739 730;7;0;2;4;23;1
202000001433;154 739 727;34;0;2;2;13;0
202000001433;154 739 728;7;0;2;8;1;0
202000001434;154 739 725;10;0;2;0;19;0
202000001434;154 739 726;1;0;0;0;0;0
202000001435;154 739 724;34;8;0;2;26;1
202000001436;154 739 722;7;0;2;5;15;1
202000001436;154 739 723;33;0;2;1;1;1
202000001437;154 739 721;7;0;1;1;1;0
202000001438;154 739 720;30;0;0;3;1;1
202000001439;154 739 718;30;0;2;2;14;1
202000001439;154 739 719;7;0;0;6;1;1
202000001440;154 739 716;1;0;2;3;21;5
202000001440;154 739 717;7;0;9;3;1;1
202000001441;154 739 714;7;0;2;3;16;1
202000001441;154 739 715;1;0;2;1;26;5
202000001442;154 739 712;50;0;2;1;1;3
202000001442;154 739 713;7;0;2;2;1;2
202000001443;154 739 710;7;0;2;1;26;1
202000001443;154 739 711;7;0;2;6;2;1
202000001444;154 739 708;60;0;4;7;1;5
202000001444;154 739 709;40;0;2;5;1;3
202000001445;154 739 706;7;0;2;3;2;1
202000001445;154 739 707;33;0;2;4;2;1
202000001446;154 739 703;7;16;0;4;1;1
202000001446;154 739 704;33;0;2;1;21;1
202000001447;154 739 701;10;0;2;7;16;1
202000001447;154 739 702;1;0;2;8;18;5
202000001448;154 739 699;2;0;2;1;17;0
202000001448;154 739 700;10;0;2;8;15;6
202000001449;154 739 697;7;0;1;6;23;1
202000001449;154 739 698;7;1;0;2;1;1
202000001450;154 739 696;30;1;0;0;14;1
202000001451;154 739 694;1;0;2;1;1;5
202000001451;154 739 695;7;0;2;6;1;1
202000001452;154 739 691;7;0;2;1;2;2
202000001452;154 739 692;7;0;2;4;2;1
202000001452;154 739 693;7;0;2;4;2;1
202000001453;154 739 689;33;0;2;6;3;1
202000001453;154 739 690;7;0;2;2;12;1
202000001454;154 739 687;1;0;2;8;19;5
202000001454;154 739 688;2;0;2;1;16;0
202000001455;154 739 685;3;1;2;1;13;3
202000001455;154 739 686;2;0;2;8;23;1
202000001456;154 739 683;7;0;2;1;1;1
202000001456;154 739 684;7;0;2;8;1;1
202000001457;154 739 682;33;0;0;8;15;1
202000001458;154 739 679;32;0;2;3;23;1
202000001458;154 739 680;7;0;2;8;23;1
202000001458;154 739 681;7;0;2;0;13;1
202000001459;154 739 678;31;0;2;7;17;1
202000001460;154 739 676;7;0;2;3;13;1
202000001460;154 739 677;32;0;2;2;1;1
202000001461;154 739 674;7;0;2;1;2;1
202000001461;154 739 675;7;0;2;4;23;1
202000001462;154 739 672;10;0;2;1;2;1
202000001462;154 739 673;7;0;2;4;23;1
202000001463;154 739 671;7;6;1;4;4;1
202000001464;154 739 670;7;14;0;1;13;1
202000001465;154 739 668;7;0;2;1;2;1
202000001465;154 739 669;7;0;2;4;2;1
202000001466;154 739 666;33;0;2;7;19;1
202000001466;154 739 667;7;0;2;3;15;1
202000001467;154 739 664;7;0;2;6;14;0
202000001467;154 739 665;1;1;0;1;14;5
202000001468;154 739 662;1;0;2;7;1;5
202000001468;154 739 663;7;0;2;8;15;1
202000001469;154 739 660;7;0;2;5;1;1
202000001469;154 739 661;7;0;2;1;1;1
202000001470;154 739 659;7;0;1;2;1;1
202000001471;154 739 656;37;0;2;6;15;1
202000001471;154 739 657;7;0;2;3;21;1
202000001471;154 739 658;7;0;2;2;23;1
202000001472;154 739 655;30;0;0;8;1;1
202000001473;154 739 653;1;0;2;7;16;5
202000001473;154 739 654;33;1;2;3;1;1
202000001474;154 739 651;32;0;2;1;26;1
202000001474;154 739 652;3;0;2;5;1;0
202000001475;154 739 649;2;0;2;1;16;1
202000001475;154 739 650;7;0;2;5;15;1
202000001476;154 739 647;7;0;2;1;1;1
202000001476;154 739 648;7;0;2;4;1;0
202000001477;154 739 646;30;8;0;1;15;0
202000001478;154 739 644;7;0;2;1;9;1
202000001478;154 739 645;7;0;2;2;9;1
202000001479;154 739 642;34;0;2;7;0;1
202000001479;154 739 643;33;0;2;1;26;1
202000001480;154 739 640;7;0;2;1;15;1
202000001480;154 739 641;32;0;2;1;2;1
202000001481;154 739 638;1;0;2;3;1;0
202000001481;154 739 639;7;0;9;2;16;1
202000001482;154 739 636;7;7;0;3;1;1
202000001482;154 739 637;7;7;2;1;1;1
202000001483;154 739 635;50;0;1;1;17;3
202000001484;154 739 633;1;0;2;2;1;0
202000001484;154 739 634;31;0;9;1;15;1
202000001485;154 739 631;7;0;2;3;15;1
202000001485;154 739 632;7;0;2;2;1;1
202000001486;154 739 630;30;0;0;0;0;1
202000001487;154 739 629;30;6;0;1;21;1
202000001488;154 739 628;7;0;1;3;1;1
202000001489;154 739 626;30;0;2;0;13;1
202000001489;154 739 627;7;0;2;1;0;1
202000001490;154 739 625;33;1;0;1;14;0
202000001491;154 739 623;7;0;0;4;1;1
202000001491;154 739 624;7;0;2;3;1;1
202000001492;154 739 622;7;0;1;2;15;0
202000001493;154 739 621;7;15;1;1;0;1
202000001494;154 739 619;31;0;2;2;17;1
202000001494;154 739 620;7;0;2;8;15;1
202000001495;154 739 617;33;7;0;4;1;1
202000001495;154 739 618;33;0;2;1;2;1
202000001496;154 739 616;7;13;0;0;0;1
202000001497;154 739 615;7;0;6;1;2;1
202000001498;154 739 614;7;13;0;1;1;0
202000001499;154 739 612;33;12;2;7;17;1
202000001499;154 739 613;7;0;2;3;15;1
202000001500;154 739 610;7;0;2;5;2;1
202000001500;154 739 611;33;0;2;1;17;1
202000001501;154 739 609;7;16;0;2;13;1
202000001502;154 739 606;10;0;2;2;2;1
202000001502;154 739 607;7;0;2;1;2;1
202000001502;154 739 608;3;0;0;4;2;1
202000001503;154 739 604;1;0;2;1;1;5
202000001503;154 739 605;7;0;2;2;1;1
202000001504;154 739 602;33;0;2;1;13;1
202000001504;154 739 603;10;0;2;8;1;1
202000001505;154 739 601;2;0;0;2;1;1
202000001506;154 739 600;33;8;0;1;1;1
202000001507;154 739 599;33;0;0;7;1;1
202000001508;154 739 597;7;0;2;3;0;1
202000001508;154 739 598;7;0;2;2;10;1
202000001509;154 739 596;7;13;0;2;1;1
202000001510;154 739 594;7;0;2;1;1;1
202000001510;154 739 595;10;0;2;2;13;1
202000001511;154 739 592;7;0;2;3;10;1
202000001511;154 739 593;2;0;2;7;17;1
202000001512;154 739 590;15;0;2;6;1;1
202000001512;154 739 591;2;0;2;1;13;1
202000001513;154 739 589;7;0;0;0;1;1
202000001514;154 739 587;7;3;0;0;14;1
202000001515;154 739 586;7;6;0;2;25;1
202000001516;154 739 585;2;6;0;1;1;1
202000001517;154 739 584;7;13;0;1;1;0
202000001518;154 739 583;2;3;0;7;1;1
202000001519;154 739 582;7;0;0;0;1;1
202000001520;154 739 580;7;0;0;8;23;1
202000001520;154 739 581;7;0;2;3;16;1
202000001521;154 739 579;7;8;0;3;1;1
202000001522;154 739 578;33;8;0;1;2;1
202000001523;154 739 577;33;16;0;9;1;0
202000001524;154 739 576;13;4;0;1;0;1
202000001525;154 739 574;7;0;2;8;1;1
202000001525;154 739 575;30;0;2;8;1;1
202000001526;154 739 573;33;3;0;7;13;1
202000001527;154 739 571;7;0;2;1;1;1
202000001527;154 739 572;2;0;2;1;5;1
202000001528;154 739 570;31;6;0;1;14;1
202000001529;154 739 568;7;0;2;1;13;1
202000001529;154 739 569;33;0;2;1;1;1
202000001530;154 739 566;7;15;2;8;16;1
202000001530;154 739 567;7;0;2;2;1;1
202000001531;154 739 565;33;4;0;1;1;1
202000001532;154 739 564;31;14;0;9;1;1
202000001533;154 739 562;7;0;2;2;1;1
202000001533;154 739 563;7;0;2;0;19;1
202000001534;154 739 561;7;13;0;1;13;1
202000001535;154 739 560;33;0;0;8;0;1
202000001536;154 739 559;7;4;0;3;1;1
202000001537;154 739 558;7;16;0;0;14;1
202000001538;154 739 556;17;0;0;6;1;1
202000001538;154 739 557;7;3;2;1;1;1
202000001539;154 739 554;50;0;0;1;0;3
202000001539;154 739 555;7;0;0;3;1;1
202000001540;154 739 552;7;0;2;1;0;1
202000001540;154 739 553;7;0;2;4;23;1
202000001541;154 739 550;33;0;2;1;3;1
202000001541;154 739 551;7;0;2;5;1;1
202000001542;154 739 549;37;13;0;3;1;1
202000001543;154 739 547;7;0;2;3;5;1
202000001543;154 739 548;7;0;2;1;11;1
202000001544;154 739 544;7;0;2;3;0;1
202000001544;154 739 545;7;0;2;0;0;1
202000001544;154 739 546;10;0;2;2;1;1
202000001545;154 739 541;2;0;1;0;0;0
202000001545;154 739 542;33;0;0;0;24;1
202000001545;154 739 543;2;0;0;0;0;0
202000001546;154 739 540;7;13;0;1;0;1
202000001547;154 739 538;7;0;9;2;1;1
202000001547;154 739 539;1;0;2;3;15;5
202000001548;154 739 536;31;0;2;1;17;1
202000001548;154 739 537;30;0;0;8;15;1
202000001549;154 739 535;1;0;9;4;1;5
202000001550;154 739 533;7;0;2;5;15;1
202000001550;154 739 534;33;0;2;1;1;1
202000001551;154 739 532;2;3;0;0;1;1
202000001552;154 739 530;33;0;2;8;1;1
202000001552;154 739 531;7;0;2;3;13;0
202000001553;154 739 529;7;13;0;1;1;1
202000001554;154 739 527;7;0;2;1;1;1
202000001554;154 739 528;2;0;2;4;1;1
202000001555;154 739 526;7;0;1;2;2;1
202000001556;154 739 524;7;0;2;1;15;0
202000001556;154 739 525;7;0;0;2;1;0
202000001557;154 739 523;7;13;0;1;1;1
202000001558;154 739 520;7;0;2;4;1;1
202000001558;154 739 521;7;0;2;1;17;1
202000001558;154 739 522;7;0;2;1;1;1
202000001559;154 739 518;7;8;2;1;1;1
202000001559;154 739 519;7;0;2;3;6;1
202000001560;154 739 516;10;0;2;1;2;1
202000001560;154 739 517;7;0;2;4;1;1
202000001561;154 739 514;10;0;2;4;2;1
202000001561;154 739 515;17;0;2;1;2;1
202000001562;154 739 511;7;0;2;4;1;1
202000001562;154 739 512;7;0;2;4;1;1
202000001562;154 739 513;7;0;2;1;1;1
202000001563;154 739 509;14;0;0;0;0;1
202000001563;154 739 510;7;1;0;2;14;1
202000001564;154 739 506;10;1;0;1;2;1
202000001564;154 739 507;7;1;0;1;23;1
202000001564;154 739 508;7;0;2;5;23;1
202000001565;154 739 505;7;4;0;3;2;1
202000001566;154 739 503;7;1;0;1;2;1
202000001566;154 739 504;7;0;2;4;23;1
202000001567;154 739 502;33;4;0;8;26;1
202000001568;154 739 501;7;0;0;7;1;1
202000001569;154 739 499;7;0;9;1;1;1
202000001569;154 739 500;7;4;0;1;21;1
202000001570;154 739 498;7;0;5;1;1;1
202000001571;154 739 494;7;0;2;4;2;1
202000001571;154 739 495;7;0;2;4;2;1
202000001571;154 739 496;7;0;2;4;2;1
202000001571;154 739 497;7;0;2;1;2;1
202000001572;154 739 491;7;0;2;4;2;1
202000001572;154 739 492;7;0;2;4;2;1
202000001572;154 739 493;7;0;2;1;2;1
202000001573;154 739 489;33;0;2;1;3;1
202000001573;154 739 490;10;0;2;5;1;1
202000001574;154 739 488;17;6;0;2;13;1
202000001575;154 739 486;7;0;2;5;1;1
202000001575;154 739 487;2;0;2;1;1;1
202000001576;154 739 485;33;13;0;9;1;1
202000001577;154 739 483;10;1;0;1;26;2
202000001577;154 739 484;10;0;2;0;0;0
202000001578;154 739 482;10;0;1;7;1;1
202000001579;154 739 480;7;0;2;3;15;1
202000001579;154 739 481;30;0;0;0;0;1
202000001580;154 739 478;7;0;2;2;1;1
202000001580;154 739 479;7;0;2;3;9;1
202000001581;154 739 476;7;0;2;2;19;1
202000001581;154 739 477;34;0;2;1;1;1
202000001582;154 739 475;7;0;2;4;2;1
202000001583;154 739 474;30;0;2;0;21;0
202000001584;154 739 472;7;0;2;2;15;1
202000001584;154 739 473;30;0;2;3;26;1
202000001585;154 739 470;7;0;2;3;9;1
202000001585;154 739 471;34;0;2;1;3;1
202000001586;154 739 468;7;0;9;4;1;1
202000001586;154 739 469;1;0;2;1;1;5
202000001587;154 739 467;7;0;0;9;16;1
202000001588;154 739 466;7;1;1;3;22;0
202000001589;154 739 465;7;0;1;1;15;1
202000001590;154 739 463;7;0;2;7;26;0
202000001590;154 739 464;7;0;2;2;9;0
202000001591;154 739 461;80;0;2;7;19;3
202000001591;154 739 462;7;0;2;1;16;1
202000001592;154 739 460;30;16;0;2;21;1
202000001593;154 739 458;33;0;2;1;1;1
202000001593;154 739 459;7;0;2;3;20;1
202000001594;154 739 457;7;2;0;1;26;1
202000001595;154 739 455;7;0;2;1;26;0
202000001595;154 739 456;7;0;2;2;26;1
202000001596;154 739 453;7;1;2;1;1;1
202000001596;154 739 454;7;0;2;8;10;1
202000001597;154 739 451;7;0;2;4;1;1
202000001597;154 739 452;10;0;2;1;1;1
202000001598;154 739 449;1;0;2;1;16;5
202000001598;154 739 450;7;0;2;1;1;1
202000001599;154 739 447;34;0;2;7;17;0
202000001599;154 739 448;7;0;2;8;15;0
202000001600;154 739 446;7;0;1;2;26;0
202000001601;154 739 445;7;0;1;7;26;1
202000001602;154 739 443;7;0;2;3;15;1
202000001602;154 739 444;33;0;2;1;1;1
202000001603;154 739 441;7;0;2;1;1;1
202000001603;154 739 442;7;0;2;7;13;1
202000001604;154 739 440;33;2;0;1;15;1
202000001605;154 739 438;7;0;2;3;15;1
202000001605;154 739 439;33;0;2;8;1;1
202000001606;154 739 436;7;0;2;3;1;1
202000001606;154 739 437;7;0;2;4;4;1
202000001607;154 739 434;50;0;2;1;18;3
202000001607;154 739 435;10;0;2;0;23;0
202000001608;154 739 432;33;0;2;1;13;1
202000001608;154 739 433;7;0;2;1;1;1
202000001609;154 739 431;7;0;1;1;15;1
202000001610;154 739 429;7;8;2;3;15;1
202000001610;154 739 430;10;9;2;3;1;1
202000001611;154 739 427;7;0;2;1;15;1
202000001611;154 739 428;1;0;2;7;1;5
202000001612;154 739 425;7;0;2;1;1;1
202000001612;154 739 426;31;0;2;1;17;1
202000001613;154 739 422;7;0;2;4;2;1
202000001613;154 739 423;7;0;2;1;2;0
202000001613;154 739 424;7;0;2;1;1;1
202000001614;154 739 420;7;0;2;8;1;1
202000001614;154 739 421;1;0;2;1;1;5
202000001615;154 739 418;32;0;2;1;1;1
202000001615;154 739 419;7;0;2;1;15;1
202000001616;154 739 417;7;0;1;3;1;1
202000001617;154 739 416;33;0;2;1;0;1
202000001618;154 739 414;7;0;2;5;1;1
202000001618;154 739 415;31;0;2;9;9;1
202000001619;154 739 411;33;0;2;7;9;1
202000001619;154 739 412;7;0;2;5;1;1
202000001619;154 739 413;7;0;2;6;1;1
202000001620;154 739 409;7;0;2;7;1;1
202000001620;154 739 410;2;0;2;1;1;1
202000001621;154 739 407;7;0;2;3;15;1
202000001621;154 739 408;31;0;2;3;17;1
202000001622;154 739 405;7;0;2;2;26;1
202000001622;154 739 406;1;0;2;8;16;5
202000001623;154 739 404;7;0;1;4;20;1
202000001624;154 739 402;30;8;2;1;13;1
202000001624;154 739 403;7;0;2;2;1;0
202000001625;154 739 400;2;0;2;1;1;1
202000001625;154 739 401;7;0;2;3;19;6
202000001626;154 739 398;33;0;2;1;17;1
202000001626;154 739 399;7;0;2;8;15;1
202000001627;154 739 396;10;0;2;7;16;1
202000001627;154 739 397;50;0;2;1;1;3
202000001628;154 739 394;7;0;2;3;26;0
202000001628;154 739 395;34;0;2;3;1;0
202000001629;154 739 392;7;0;2;2;1;0
202000001629;154 739 393;10;0;2;3;1;0
202000001630;154 739 391;7;0;1;7;26;1
202000001631;154 739 389;7;0;2;8;15;1
202000001631;154 739 390;32;0;2;1;17;1
202000001632;154 739 388;7;0;1;1;15;1
202000001633;154 739 387;33;0;2;0;1;0
202000001634;154 739 385;7;0;2;2;1;1
202000001634;154 739 386;33;0;2;2;17;1
202000001635;154 739 384;7;0;1;6;0;1
202000001636;154 739 383;7;9;1;1;13;1
202000001637;154 739 381;33;0;2;3;3;1
202000001637;154 739 382;7;0;2;5;12;1
202000001638;154 739 380;16;0;1;2;1;1
202000001639;154 739 378;7;0;2;4;2;1
202000001639;154 739 379;31;0;2;1;2;1
202000001640;154 739 376;1;0;2;1;1;5
202000001640;154 739 377;7;0;2;3;9;1
202000001641;154 739 375;31;0;0;8;1;1
202000001642;154 739 373;32;0;4;8;15;1
202000001642;154 739 374;40;0;2;2;1;3
202000001643;154 739 371;7;0;2;4;15;1
202000001643;154 739 372;43;0;2;1;1;1
202000001644;154 739 369;10;0;2;8;10;1
202000001644;154 739 370;30;0;2;8;1;1
202000001645;154 739 368;43;0;1;1;1;1
202000001646;154 739 366;7;0;2;7;1;1
202000001646;154 739 367;1;0;2;1;1;5
202000001647;154 739 364;33;0;2;0;23;1
202000001647;154 739 365;10;0;2;3;2;1
202000001648;154 739 362;7;0;2;3;15;1
202000001648;154 739 363;1;0;2;2;1;5
202000001649;154 739 360;33;0;2;2;1;1
202000001649;154 739 361;7;0;2;5;15;1
202000001650;154 739 359;10;0;1;3;15;1
202000001651;154 739 358;80;0;0;1;1;3
202000001652;154 739 356;1;0;2;0;13;5
202000001652;154 739 357;30;0;2;1;1;1
202000001653;154 739 355;7;0;1;1;1;1
202000001654;154 739 353;7;0;2;1;1;1
202000001654;154 739 354;32;0;2;8;1;1
202000001655;154 739 351;7;0;2;1;16;1
202000001655;154 739 352;1;0;2;1;1;5
202000001656;154 739 349;31;0;2;3;1;1
202000001656;154 739 350;1;0;2;7;1;5
202000001657;154 739 348;7;1;0;1;14;1
202000001658;154 739 346;43;0;2;7;1;1
202000001658;154 739 347;7;0;2;1;10;1
202000001659;154 739 345;7;0;1;1;1;1
202000001660;154 739 344;7;0;1;2;1;1
202000001661;154 739 342;33;0;2;4;13;1
202000001661;154 739 343;7;0;2;2;1;1
202000001662;154 739 340;50;0;2;1;1;3
202000001662;154 739 341;7;0;2;2;9;1
202000001663;154 739 339;99;0;1;2;25;0
202000001664;154 739 338;10;0;1;0;15;1
202000001665;154 739 337;30;0;1;0;0;1
202000001666;154 739 335;13;0;2;1;1;1
202000001666;154 739 336;2;0;2;2;9;1
202000001667;154 739 333;34;0;2;7;13;0
202000001667;154 739 334;7;0;0;6;13;0
202000001668;154 739 331;7;0;9;5;16;1
202000001668;154 739 332;1;0;2;6;1;0
202000001669;154 739 329;3;0;2;8;15;0
202000001669;154 739 330;33;0;2;7;1;1
202000001670;154 739 327;7;0;2;8;22;0
202000001670;154 739 328;30;1;0;7;;2
202000001671;154 739 325;10;0;2;1;1;1
202000001671;154 739 326;7;0;0;4;1;0
202000001672;154 739 323;30;0;2;8;17;1
202000001672;154 739 324;30;0;2;7;17;1
202000001673;154 739 321;1;0;2;0;0;0
202000001673;154 739 322;34;0;2;2;0;1
202000001674;154 739 320;0;1;0;1;1;0
202000001675;154 739 318;1;0;2;7;19;6
202000001675;154 739 319;7;0;2;1;19;0
202000001676;154 739 316;10;0;2;1;0;1
202000001676;154 739 317;7;0;2;1;1;1
202000001677;154 739 313;7;3;0;0;0;0
202000001677;154 739 314;33;0;2;1;1;1
202000001677;154 739 315;10;0;2;3;15;1
202000001678;154 739 312;10;0;1;1;1;3
202000001679;154 739 310;50;0;2;3;2;3
202000001679;154 739 311;7;0;2;2;16;1
202000001680;154 739 308;7;0;2;3;2;1
202000001680;154 739 309;7;0;2;3;15;1
202000001681;154 739 306;7;0;2;5;1;1
202000001681;154 739 307;30;0;2;3;18;1
202000001682;154 739 305;7;0;1;2;15;1
202000001683;154 739 301;10;0;0;1;13;1
202000001684;154 739 300;7;0;0;2;11;1
202000001685;154 739 296;7;0;0;2;2;1
202000001685;154 739 297;7;0;0;7;2;1
202000001685;154 739 298;7;0;2;1;2;1
202000001685;154 739 299;7;0;2;4;2;1
202000001686;154 739 294;1;0;9;1;1;5
202000001686;154 739 295;1;0;0;1;17;5
202000001687;154 739 293;7;0;1;2;21;1
202000001688;154 739 292;34;16;0;0;0;1
202000001689;154 739 291;33;0;9;1;1;1
202000001690;154 739 290;1;13;0;1;21;5
202000001691;154 739 288;7;0;2;2;15;0
202000001691;154 739 289;7;0;2;1;1;0
202000001692;154 739 287;33;1;0;1;2;1
202000001693;154 739 285;7;0;2;3;13;1
202000001693;154 739 286;33;0;2;1;1;1
202000001694;154 739 284;2;13;0;1;1;1
202000001695;154 739 282;7;0;2;2;1;1
202000001695;154 739 283;2;0;2;1;1;1
202000001696;154 739 280;7;0;2;1;19;1
202000001696;154 739 281;7;5;2;3;1;1
202000001697;154 739 278;7;0;0;8;15;1
202000001697;154 739 279;33;0;2;1;17;1
202000001698;154 739 276;21;0;2;0;9;1
202000001698;154 739 277;33;0;2;0;21;1
202000001699;154 739 275;7;0;1;3;15;1
202000001700;154 739 273;33;0;2;1;1;1
202000001700;154 739 274;7;0;2;2;15;1
202000001701;154 739 266;1;0;2;8;2;5
202000001701;154 739 267;7;0;2;2;17;1
202000001702;154 739 259;7;0;2;5;23;1
202000001702;154 739 260;2;0;2;1;21;1
202000001703;154 739 258;36;6;0;1;1;1
202000001704;154 739 256;7;0;2;3;1;6
202000001704;154 739 257;7;0;2;1;13;6
202000001705;154 739 254;7;0;2;8;15;1
202000001705;154 739 255;7;0;2;3;1;1
202000001706;154 739 252;7;0;2;1;1;1
202000001706;154 739 253;7;0;2;1;0;1
202000001707;154 739 251;7;13;0;0;19;1
202000001708;154 739 250;7;8;0;3;1;1
202000001709;154 739 248;7;0;2;8;1;1
202000001709;154 739 249;7;0;2;3;13;1
202000001710;154 739 247;14;0;0;8;14;1
202000001711;154 739 245;7;0;2;2;14;1
202000001711;154 739 246;17;0;0;6;1;1
202000001712;154 739 242;14;0;2;6;26;1
202000001712;154 739 243;7;0;2;3;15;1
202000001713;154 739 240;33;0;2;1;1;1
202000001713;154 739 241;10;0;2;1;13;1
202000001714;154 739 238;31;15;2;1;17;6
202000001714;154 739 239;7;0;2;3;2;6
202000001715;154 739 234;15;0;2;6;1;1
202000001715;154 739 235;7;0;2;1;1;1
202000001715;154 739 236;7;0;2;1;1;1
202000001715;154 739 237;7;0;2;1;5;1
202000001716;154 739 232;33;0;2;1;13;1
202000001716;154 739 233;99;0;2;3;1;1
202000001717;154 739 230;33;0;2;3;1;1
202000001717;154 739 231;33;0;2;3;13;1
202000001718;154 739 228;10;0;9;2;1;1
202000001718;154 739 229;1;0;2;8;1;5
202000001719;154 739 226;7;0;2;1;1;1
202000001719;154 739 227;7;0;2;1;13;1
202000001720;154 739 224;7;0;9;0;1;0
202000001720;154 739 225;1;0;2;0;1;5
202000001721;154 739 222;7;0;0;1;6;1
202000001721;154 739 223;7;0;0;8;1;1
202000001722;154 739 221;33;6;0;7;17;1
202000001723;154 739 220;33;0;0;8;1;1
202000001724;154 739 218;7;0;2;3;9;6
202000001724;154 739 219;1;0;2;7;1;5
202000001725;154 739 216;31;8;2;2;11;0
202000001725;154 739 217;7;8;2;3;15;0
202000001726;154 739 209;7;0;2;4;12;1
202000001726;154 739 210;99;0;2;1;2;1
202000001726;154 739 211;7;0;2;4;2;1
202000001726;154 739 212;7;0;2;4;2;1
202000001727;154 739 206;7;0;2;1;2;1
202000001727;154 739 207;10;0;2;4;2;0
202000001727;154 739 208;13;0;2;4;2;1
202000001728;154 739 205;33;0;2;1;1;1
202000001729;154 739 204;10;0;0;3;2;1
202000001730;154 739 202;13;0;2;3;13;1
202000001730;154 739 203;7;0;2;2;1;1
202000001731;154 739 200;7;3;2;3;12;1
202000001731;154 739 201;7;3;2;2;1;1
202000001732;154 739 198;33;0;2;1;21;1
202000001732;154 739 199;7;0;2;5;1;1
202000001733;154 739 196;7;0;2;8;11;1
202000001733;154 739 197;7;4;2;7;1;1
202000001734;154 739 195;33;0;9;1;9;1
202000001735;154 739 193;33;0;2;7;2;1
202000001735;154 739 194;7;0;2;8;2;1
202000001736;154 739 191;33;0;2;7;14;1
202000001736;154 739 192;7;0;2;8;2;1
202000001737;154 739 189;7;0;2;3;1;1
202000001737;154 739 190;7;0;2;5;1;1
202000001738;154 739 187;33;0;2;1;2;1
202000001738;154 739 188;7;4;2;2;9;1
202000001739;154 739 186;7;4;0;2;26;1
202000001740;154 739 184;7;0;2;1;17;1
202000001740;154 739 185;7;0;2;4;1;1
202000001741;154 739 183;7;3;2;1;0;1
202000001742;154 739 181;10;0;2;4;2;1
202000001742;154 739 182;7;0;2;1;1;1
202000001743;154 739 179;7;0;2;4;2;1
202000001743;154 739 180;10;0;2;1;2;1
202000001744;154 739 177;10;0;2;4;2;1
202000001744;154 739 178;33;0;2;1;2;1
202000001745;154 739 175;7;0;2;7;12;1
202000001745;154 739 176;33;0;2;3;3;1
202000001746;154 739 174;7;2;0;9;26;1
202000001747;154 739 173;33;0;9;2;21;1
202000001748;154 739 171;7;0;2;6;2;1
202000001748;154 739 172;7;0;2;2;21;1
202000001749;154 739 170;32;0;0;8;26;1
202000001750;154 739 169;33;0;0;8;26;1