Num_Acc;id_vehicule;categorie_vehicule;obstacle_fixe;obstacle_mobile;point_choc_initial;manoeuvre_principale;motorisation
202000001751;154 739 167;50;0;9;2;1;3
202000001751;154 739 168;7;0;9;2;1;1
202000001752;154 739 165;7;0;2;1;2;0
202000001752;154 739 166;7;0;2;4;2;1
202000001753;154 739 163;7;0;2;1;15;1
202000001753;154 739 164;37;0;2;3;2;1
202000001754;154 739 161;7;0;2;1;1;1
202000001754;154 739 162;7;0;2;2;15;1
202000001755;154 739 160;7;0;0;9;1;1
202000001756;154 739 158;7;0;9;0;20;0
202000001756;154 739 159;50;0;0;7;2;3
202000001757;154 739 157;31;12;0;7;1;1
202000001758;154 739 156;1;0;1;1;1;5
202000001759;154 739 154;7;0;2;1;1;1
202000001759;154 739 155;7;0;2;4;23;1
202000001760;154 739 153;7;0;1;1;1;1
202000001761;154 739 152;33;6;0;8;2;1
202000001762;154 739 151;15;16;0;8;1;1
202000001763;154 739 147;7;0;2;2;16;1
202000001763;154 739 148;1;0;2;1;25;6
202000001764;154 739 145;7;0;2;3;1;1
202000001764;154 739 146;7;0;2;2;9;1
202000001765;154 739 144;30;0;1;1;0;1
202000001766;154 739 142;7;0;2;0;16;0
202000001766;154 739 143;7;1;0;3;1;1
202000001767;154 739 140;7;0;2;3;15;1
202000001767;154 739 141;30;0;2;2;17;1
202000001768;154 739 139;7;0;1;3;1;1
202000001769;154 739 137;7;0;2;3;9;1
202000001769;154 739 138;80;0;2;1;19;3
202000001770;154 739 135;7;0;2;2;1;1
202000001770;154 739 136;1;0;2;0;26;5
202000001771;154 739 133;7;0;2;6;23;1
202000001771;154 739 134;7;0;2;2;17;1
202000001772;154 739 131;7;0;2;1;1;1
202000001772;154 739 132;33;0;2;1;13;1
202000001773;154 739 130;1;11;0;1;1;5
202000001774;154 739 129;2;0;1;1;1;1
202000001775;154 739 128;37;0;1;2;21;1
202000001776;154 739 125;7;0;2;3;16;1
202000001776;154 739 126;7;0;2;3;16;1
202000001776;154 739 127;7;0;2;2;1;1
202000001777;154 739 124;31;0;0;1;14;1
202000001778;154 739 123;7;0;1;1;15;1
202000001779;154 739 120;7;0;2;4;1;1
202000001779;154 739 121;7;0;2;1;1;1
202000001779;154 739 122;33;0;2;4;9;1
202000001780;154 739 118;10;0;2;1;0;0
202000001780;154 739 119;7;0;2;7;19;0
202000001781;154 739 116;7;0;2;7;0;1
202000001781;154 739 117;80;0;2;1;0;3
202000001782;154 739 114;33;0;2;1;1;1
202000001782;154 739 115;7;0;2;2;10;1
202000001783;154 739 112;1;0;2;2;19;5
202000001783;154 739 113;32;0;2;1;1;1
202000001784;154 739 110;7;0;2;3;1;1
202000001784;154 739 111;7;0;2;1;15;1
202000001785;154 739 108;1;0;2;8;1;5
202000001785;154 739 109;31;0;2;8;1;1
202000001786;154 739 107;7;0;1;1;15;1
202000001787;154 739 105;7;0;2;1;1;1
202000001787;154 739 106;7;0;2;4;1;1
202000001788;154 739 104;32;0;1;7;1;1
202000001789;154 739 102;7;0;1;2;14;1
202000001789;154 739 103;7;0;1;6;24;1
202000001790;154 739 100;30;0;2;7;13;1
202000001790;154 739 101;10;0;2;5;4;1
202000001791;154 739 099;1;0;0;0;1;5
202000001792;154 739 097;7;0;2;1;9;1
202000001792;154 739 098;2;0;2;7;1;1
202000001793;154 739 095;7;0;2;1;16;1
202000001793;154 739 096;1;0;2;7;19;5
202000001794;154 739 094;7;0;1;2;1;1
202000001795;154 739 093;2;1;0;8;1;1
202000001796;154 739 091;10;0;2;1;13;1
202000001796;154 739 092;7;0;2;1;1;1
202000001797;154 739 089;7;0;2;8;1;1
202000001797;154 739 090;10;2;2;2;14;1
202000001798;154 739 088;7;0;1;4;20;1
202000001799;154 739 084;2;0;2;8;13;1
202000001799;154 739 085;7;0;2;7;1;1
202000001800;154 739 082;30;0;2;1;15;4
202000001800;154 739 083;7;0;2;1;1;4
202000001801;154 739 080;7;0;2;4;1;1
202000001801;154 739 081;33;0;2;1;1;1
202000001802;154 739 079;7;1;0;2;1;1
202000001803;154 739 077;10;0;2;0;1;1
202000001803;154 739 078;7;14;2;2;12;1
202000001804;154 739 073;7;0;2;9;2;0
202000001804;154 739 074;7;0;2;4;2;0
202000001804;154 739 075;7;0;2;9;2;0
202000001804;154 739 076;7;0;2;1;2;0
202000001805;154 739 071;33;0;2;3;26;1
202000001805;154 739 072;7;0;2;1;15;1
202000001806;154 739 067;33;0;2;1;5;1
202000001806;154 739 068;7;0;2;3;15;1
202000001807;154 739 065;10;1;2;1;1;1
202000001807;154 739 066;10;0;2;1;1;1
202000001808;154 739 062;7;0;2;1;2;1
202000001808;154 739 063;7;0;2;4;2;1
202000001808;154 739 064;7;0;2;4;1;1
202000001809;154 739 060;1;0;2;3;11;5
202000001809;154 739 061;7;0;2;2;26;1
202000001810;154 739 058;10;0;2;8;15;1
202000001810;154 739 059;31;0;2;7;0;1
202000001811;154 739 056;32;0;2;3;13;1
202000001811;154 739 057;37;0;2;6;1;0
202000001812;154 739 054;7;0;2;4;2;1
202000001812;154 739 055;7;0;2;1;2;1
202000001813;154 739 052;33;0;2;2;1;1
202000001813;154 739 053;10;0;2;8;11;1
202000001814;154 739 049;7;0;2;1;1;1
202000001814;154 739 050;7;0;2;4;12;1
202000001814;154 739 051;7;0;2;4;1;1
202000001815;154 739 047;7;0;2;3;15;1
202000001815;154 739 048;32;0;2;2;1;1
202000001816;154 739 045;7;0;2;3;16;1
202000001816;154 739 046;1;0;2;1;1;5
202000001817;154 739 043;30;0;2;1;1;1
202000001817;154 739 044;7;0;0;0;1;0
202000001818;154 739 040;7;0;2;8;22;1
202000001818;154 739 041;32;0;2;9;1;1
202000001818;154 739 042;7;0;2;2;1;2
202000001819;154 739 038;43;0;2;1;18;1
202000001819;154 739 039;7;0;2;7;22;1
202000001820;154 739 035;7;0;2;1;1;1
202000001820;154 739 036;7;0;2;4;1;1
202000001820;154 739 037;7;0;2;4;16;1
202000001821;154 739 033;7;0;2;3;15;1
202000001821;154 739 034;30;0;2;1;17;3
202000001822;154 739 032;7;0;1;7;1;1
202000001823;154 739 030;30;0;2;8;16;0
202000001823;154 739 031;7;0;2;0;0;0
202000001824;154 739 029;7;0;1;1;1;1
202000001825;154 739 028;7;0;0;9;14;1
202000001826;154 739 027;7;0;0;0;13;1
202000001827;154 739 025;7;3;0;4;2;1
202000001827;154 739 026;7;0;2;1;2;1
202000001828;154 739 024;33;16;0;0;1;1
202000001829;154 739 023;2;1;0;1;1;1
202000001830;154 739 020;7;0;0;2;1;1
202000001831;154 739 019;7;0;1;5;4;1
202000001832;154 739 018;2;0;0;8;1;1
202000001833;154 739 016;7;0;2;1;9;0
202000001833;154 739 017;7;0;2;1;1;0
202000001834;154 739 015;7;2;0;2;13;1
202000001835;154 739 014;33;0;0;9;1;1
202000001836;154 739 013;7;0;1;2;14;1
202000001837;154 739 011;7;0;2;2;17;1
202000001837;154 739 012;7;0;0;6;15;1
202000001838;154 739 009;7;7;0;7;19;1
202000001838;154 739 010;7;15;2;1;1;1
202000001839;154 739 008;33;0;0;0;1;1
202000001840;154 739 006;7;0;2;2;15;1
202000001840;154 739 007;60;0;2;3;19;5
202000001841;154 739 004;7;13;0;1;1;1
202000001842;154 739 003;10;8;0;3;1;1
202000001843;154 739 002;7;13;0;9;16;1
202000001844;154 739 001;7;2;0;1;1;1
202000001845;154 738 999;7;0;0;1;1;1
202000001845;154 739 000;7;0;0;1;17;1
202000001846;154 738 997;33;0;2;9;17;1
202000001846;154 738 998;7;0;0;8;15;1
202000001847;154 738 996;7;6;0;3;1;1
202000001848;154 738 994;7;0;2;3;0;1
202000001848;154 738 995;13;13;2;3;13;1
202000001849;154 738 991;7;0;2;5;15;1
202000001849;154 738 992;7;0;2;3;1;1
202000001849;154 738 993;31;0;2;1;1;1
202000001850;154 738 990;7;3;0;9;1;1
202000001851;154 738 989;33;0;5;1;1;1
202000001852;154 738 987;7;4;2;1;1;0
202000001852;154 738 988;7;0;2;1;13;1
202000001853;154 738 986;7;13;9;2;0;0
202000001854;154 738 984;2;0;2;1;1;1
202000001854;154 738 985;7;0;2;2;20;1
202000001855;154 738 983;7;2;0;3;1;1
202000001856;154 738 982;7;14;0;2;1;1
202000001857;154 738 980;7;15;9;1;21;1
202000001857;154 738 981;3;14;2;3;15;1
202000001858;154 738 978;7;0;2;1;1;1
202000001858;154 738 979;7;0;2;7;13;1
202000001859;154 738 976;7;0;2;3;1;1
202000001859;154 738 977;7;0;2;1;13;1
202000001860;154 738 974;7;0;2;0;0;0
202000001860;154 738 975;7;0;2;6;9;1
202000001861;154 738 971;7;1;0;1;1;1
202000001861;154 738 972;7;0;2;2;1;1
202000001861;154 738 973;33;0;2;4;1;1
202000001862;154 738 967;7;0;2;4;2;1
202000001862;154 738 968;7;0;2;1;1;1
202000001862;154 738 969;7;0;2;4;2;1
202000001862;154 738 970;7;0;2;4;2;1
202000001863;154 738 963;33;0;2;1;3;1
202000001863;154 738 964;32;0;2;5;3;0
202000001863;154 738 965;7;0;2;2;1;1
202000001863;154 738 966;7;0;2;8;1;0
202000001864;154 738 962;32;0;0;1;2;1
202000001865;154 738 959;7;0;2;5;1;1
202000001865;154 738 960;7;0;2;6;11;1
202000001865;154 738 961;34;0;2;1;3;1
202000001866;154 738 957;7;0;2;3;9;0
202000001866;154 738 958;3;0;2;4;9;0
202000001867;154 738 955;7;0;2;6;1;1
202000001867;154 738 956;33;3;2;1;3;1
202000001868;154 738 954;7;4;0;3;13;1
202000001869;154 738 953;7;4;0;9;26;1
202000001870;154 738 951;7;0;2;1;2;1
202000001870;154 738 952;7;0;2;4;2;1
202000001871;154 738 949;7;0;2;8;1;1
202000001871;154 738 950;7;0;2;1;1;1
202000001872;154 738 948;33;0;2;1;2;1
202000001873;154 738 946;7;0;2;6;12;1
202000001873;154 738 947;33;0;2;1;3;1
202000001874;154 738 944;7;0;2;3;1;1
202000001874;154 738 945;7;0;2;3;13;1
202000001875;154 738 941;7;0;2;4;23;1
202000001875;154 738 942;7;0;2;1;1;1
202000001875;154 738 943;7;0;2;4;23;1
202000001876;154 738 939;7;0;2;2;16;1
202000001876;154 738 940;1;0;2;1;1;5
202000001877;154 738 937;7;0;2;1;1;1
202000001877;154 738 938;7;0;2;6;1;1
202000001878;154 738 935;1;1;2;1;13;5
202000001878;154 738 936;7;0;2;1;26;1
202000001879;154 738 934;7;0;1;3;1;1
202000001880;154 738 929;3;0;2;0;0;0
202000001880;154 738 930;3;0;2;7;1;0
202000001880;154 738 931;7;0;2;9;1;0
202000001880;154 738 932;7;0;2;1;14;0
202000001880;154 738 933;3;0;2;7;1;0
202000001881;154 738 925;7;0;2;3;1;0
202000001881;154 738 926;7;0;2;0;15;0
202000001882;154 738 923;31;0;2;1;1;0
202000001882;154 738 924;7;0;2;3;15;6
202000001883;154 738 921;3;8;0;3;26;1
202000001883;154 738 922;31;8;2;1;0;1
202000001884;154 738 920;10;0;1;6;20;0
202000001885;154 738 918;10;0;2;8;26;1
202000001885;154 738 919;33;0;2;2;1;1
202000001886;154 738 917;7;0;1;1;19;0
202000001887;154 738 915;37;0;2;2;2;6
202000001887;154 738 916;13;0;2;4;23;6
202000001888;154 738 912;7;0;2;1;19;1
202000001888;154 738 913;7;0;2;8;1;1
202000001888;154 738 914;10;0;2;2;1;1
202000001889;154 738 911;7;0;1;1;1;1
202000001890;154 738 910;7;0;1;2;19;1
202000001891;154 738 908;37;0;2;3;1;1
202000001891;154 738 909;7;0;2;3;13;1
202000001892;154 738 906;7;0;2;1;1;1
202000001892;154 738 907;50;0;2;4;1;3
202000001893;154 738 904;1;0;2;8;19;5
202000001893;154 738 905;7;0;2;1;13;1
202000001894;154 738 902;10;0;2;8;11;1
202000001894;154 738 903;33;0;2;0;17;1
202000001895;154 738 900;1;1;0;1;1;5
202000001895;154 738 901;7;0;9;8;24;1
202000001896;154 738 898;10;0;2;3;15;1
202000001896;154 738 899;30;0;2;1;1;1
202000001897;154 738 896;10;0;2;3;15;1
202000001897;154 738 897;33;0;2;1;1;1
202000001898;154 738 894;7;0;2;1;1;1
202000001898;154 738 895;7;0;2;1;1;1
202000001899;154 738 892;7;0;2;1;21;1
202000001899;154 738 893;7;0;2;8;1;1
202000001900;154 738 889;10;0;2;1;2;1
202000001900;154 738 890;7;8;2;8;19;1
202000001901;154 738 888;7;0;1;1;1;1
202000001902;154 738 887;7;0;1;2;15;1
202000001903;154 738 885;13;0;2;2;9;1
202000001903;154 738 886;10;0;2;4;1;1
202000001904;154 738 883;7;1;2;9;1;0
202000001904;154 738 884;7;0;2;1;19;1
202000001905;154 738 881;2;0;2;1;1;1
202000001905;154 738 882;7;0;2;6;1;1
202000001906;154 738 878;7;0;2;2;15;1
202000001906;154 738 879;31;0;2;1;1;1
202000001906;154 738 880;31;0;2;1;1;1
202000001907;154 738 876;7;0;2;2;1;1
202000001907;154 738 877;7;0;2;7;1;1
202000001908;154 738 871;7;13;0;1;15;1
202000001909;154 738 864;7;0;2;3;17;0
202000001909;154 738 866;14;0;2;3;26;0
202000001910;154 738 860;7;0;2;1;1;0
202000001910;154 738 861;7;0;2;3;19;1
202000001911;154 738 862;7;0;2;6;23;1
202000001911;154 738 863;7;0;9;0;1;1
202000001911;154 738 865;7;0;9;0;1;1
202000001911;154 738 867;20;0;1;0;24;0
202000001911;154 738 868;7;4;2;1;21;1
202000001911;154 738 869;7;0;9;0;1;1
202000001911;154 738 870;7;1;9;2;1;1
202000001912;154 738 858;7;0;2;8;11;0
202000001912;154 738 859;30;0;2;2;17;0
202000001913;154 738 856;7;2;2;8;1;1
202000001913;154 738 857;7;6;2;7;17;1
202000001914;154 738 854;7;0;2;4;2;1
202000001914;154 738 855;7;0;2;1;2;1
202000001915;154 738 853;33;8;0;1;1;1
202000001916;154 738 851;7;0;2;1;2;1
202000001916;154 738 852;7;0;2;7;26;1
202000001917;154 738 850;7;2;0;1;21;1
202000001918;154 738 849;7;13;0;1;1;1
202000001919;154 738 846;7;0;2;5;1;0
202000001919;154 738 848;7;0;2;3;1;0
202000001920;154 738 845;7;0;2;1;1;1
202000001920;154 738 847;7;0;2;4;23;2
202000001921;154 738 843;7;13;0;1;1;1
202000001922;154 738 842;7;0;2;1;1;1
202000001922;154 738 844;10;0;2;5;1;1
202000001923;154 738 840;2;0;2;8;15;1
202000001923;154 738 841;7;0;2;2;1;1
202000001924;154 738 839;10;1;0;2;13;1
202000001925;154 738 837;33;0;0;3;11;0
202000001925;154 738 838;33;0;0;0;12;0
202000001926;154 738 834;7;0;1;1;26;1
202000001927;154 738 835;33;0;2;8;1;1
202000001927;154 738 836;30;0;2;1;1;1
202000001928;154 738 832;7;0;2;6;19;1
202000001928;154 738 833;7;0;2;1;1;1
202000001929;154 738 829;7;0;1;2;16;1
202000001930;154 738 830;7;0;1;3;1;1
202000001931;154 738 828;7;0;2;2;1;1
202000001931;154 738 831;2;0;2;7;15;1
202000001932;154 738 825;60;0;2;8;19;5
202000001932;154 738 827;7;0;2;7;5;1
202000001933;154 738 824;33;0;2;1;1;1
202000001933;154 738 826;7;0;2;1;15;1
202000001934;154 738 822;7;0;2;2;15;1
202000001934;154 738 823;1;0;2;1;1;5
202000001935;154 738 818;7;0;0;7;1;1
202000001935;154 738 820;1;0;2;8;13;5
202000001936;154 738 819;7;0;2;3;16;1
202000001936;154 738 821;30;0;2;2;1;1
202000001937;154 738 817;7;12;0;3;26;1
202000001938;154 738 812;10;0;2;1;1;1
202000001938;154 738 814;1;0;2;8;15;5
202000001939;154 738 815;7;0;2;1;1;1
202000001939;154 738 816;7;0;2;1;13;1
202000001940;154 738 811;80;0;0;0;1;3
202000001941;154 738 810;1;0;0;1;1;5
202000001942;154 738 813;7;13;0;7;14;1
202000001943;154 738 808;7;15;0;1;13;1
202000001944;154 738 805;34;0;2;7;16;1
202000001944;154 738 807;30;0;2;1;18;0
202000001945;154 738 806;7;0;2;8;1;1
202000001945;154 738 809;1;0;2;1;1;5
202000001946;154 738 801;2;0;2;2;1;1
202000001946;154 738 804;7;0;2;3;19;1
202000001947;154 738 802;7;16;0;3;1;1
202000001948;154 738 800;7;0;2;2;1;1
202000001948;154 738 803;33;0;2;1;1;1
202000001949;154 738 795;50;0;0;1;16;3
202000001950;154 738 796;7;0;2;1;13;1
202000001950;154 738 797;7;0;2;1;1;1
202000001951;154 738 798;99;0;2;8;1;1
202000001951;154 738 799;80;0;2;1;13;3
202000001952;154 738 793;33;2;0;1;1;1
202000001953;154 738 791;7;0;2;5;12;1
202000001953;154 738 794;50;0;0;0;0;3
202000001954;154 738 792;7;0;1;1;9;1
202000001955;154 738 786;1;1;2;1;5;5
202000001955;154 738 789;2;1;2;1;5;1
202000001956;154 738 787;7;0;2;1;2;1
202000001956;154 738 790;15;0;0;4;1;1
202000001957;154 738 785;7;0;2;4;1;1
202000001957;154 738 788;30;0;2;1;1;1
202000001958;154 738 783;99;0;2;1;2;0
202000001958;154 738 784;37;0;2;4;23;1
202000001959;154 738 781;7;0;2;3;26;1
202000001959;154 738 782;10;0;2;1;19;1
202000001960;154 738 778;2;0;2;2;5;1
202000001960;154 738 780;7;0;2;2;21;1
202000001961;154 738 777;17;0;2;2;21;1
202000001961;154 738 779;7;0;2;4;23;1
202000001962;154 738 776;7;13;0;3;1;1
202000001963;154 738 771;7;0;2;5;23;1
202000001963;154 738 773;33;0;2;1;21;1
202000001964;154 738 772;1;0;2;1;5;5
202000001964;154 738 774;7;0;2;3;1;1
202000001965;154 738 770;7;0;2;1;1;1
202000001965;154 738 775;7;0;2;2;15;1
202000001966;154 738 767;7;0;2;5;23;1
202000001966;154 738 768;7;0;2;3;1;1
202000001966;154 738 769;10;0;2;5;26;1
202000001967;154 738 766;3;0;1;5;20;1
202000001968;154 738 764;7;4;0;1;0;1
202000001969;154 738 761;2;0;2;1;2;1
202000001969;154 738 763;7;0;2;1;17;1
202000001970;154 738 759;7;0;2;1;1;1
202000001970;154 738 760;7;0;2;4;1;1
202000001970;154 738 762;7;0;2;4;1;1
202000001970;154 738 765;7;0;2;4;1;1
202000001971;154 738 757;1;0;2;7;19;5
202000001971;154 738 758;7;0;2;2;1;1
202000001972;154 738 756;7;4;0;1;13;1
202000001973;154 738 754;10;0;2;1;17;1
202000001973;154 738 755;7;0;2;4;1;1
202000001974;154 738 752;32;0;0;7;1;1
202000001975;154 738 749;31;0;0;1;14;1
202000001976;154 738 748;10;0;2;3;19;6
202000001976;154 738 751;33;0;2;0;0;6
202000001977;154 738 746;7;0;0;9;21;1
202000001978;154 738 745;50;0;2;0;25;3
202000001978;154 738 747;38;0;2;2;9;6
202000001979;154 738 750;7;0;2;1;1;1
202000001979;154 738 753;7;0;2;4;1;1
202000001980;154 738 744;7;0;1;2;1;1
202000001981;154 738 742;7;4;0;1;14;1
202000001982;154 738 743;1;0;0;7;1;5
202000001983;154 738 738;10;0;2;5;19;1
202000001983;154 738 741;37;0;2;1;1;1
202000001984;154 738 739;7;0;1;1;1;0
202000001985;154 738 737;7;0;2;1;2;1
202000001985;154 738 740;7;0;2;4;1;1
202000001986;154 738 734;7;0;2;8;1;0
202000001986;154 738 736;7;0;2;1;1;0
202000001987;154 738 730;99;0;2;1;26;5
202000001987;154 738 731;0;0;2;0;0;
202000001988;154 738 733;7;0;2;8;15;1
202000001988;154 738 735;7;0;2;1;1;1
202000001989;154 738 729;7;0;2;3;1;0
202000001989;154 738 732;2;0;2;1;1;0
202000001990;154 738 728;7;1;1;1;1;2
202000001991;154 738 726;60;1;0;0;26;5
202000001992;154 738 725;1;0;2;7;1;5
202000001992;154 738 727;7;0;2;8;16;1
202000001993;154 738 723;7;9;2;7;1;0
202000001993;154 738 724;10;0;2;1;9;1
202000001994;154 738 719;7;0;2;2;1;1
202000001994;154 738 720;7;0;2;6;11;1
202000001995;154 738 717;0;0;2;7;14;3
202000001995;154 738 718;7;0;2;3;13;1
202000001996;154 738 721;7;0;2;6;15;1
202000001996;154 738 722;34;0;2;1;1;1
202000001997;154 738 714;7;0;1;1;1;1
202000001997;154 738 716;7;0;2;4;1;1
202000001998;154 738 713;1;0;2;8;15;5
202000001998;154 738 715;7;0;9;3;13;0
202000001999;154 738 707;7;0;9;1;2;0
202000001999;154 738 709;1;0;0;4;23;0
202000002000;154 738 704;33;0;2;1;1;1
202000002000;154 738 708;7;0;2;1;15;1
202000002001;154 738 703;7;0;2;3;9;1
202000002001;154 738 705;1;0;2;7;1;5
202000002002;154 738 702;7;1;0;2;1;1
202000002003;154 738 699;43;1;2;2;1;1
202000002003;154 738 701;10;1;2;3;20;1
202000002004;154 738 698;7;0;2;1;15;1
202000002004;154 738 700;31;0;2;1;1;1
202000002005;154 738 695;33;5;0;1;1;1
202000002006;154 738 697;7;0;1;1;1;1
202000002007;154 738 696;7;3;0;1;26;1
202000002008;154 738 694;7;2;0;3;14;1
202000002009;154 738 693;2;12;0;0;0;1
202000002010;154 738 690;1;0;2;8;19;5
202000002010;154 738 692;7;0;2;1;1;1
202000002011;154 738 689;7;3;0;9;1;1
202000002012;154 738 683;7;0;2;8;11;1
202000002012;154 738 685;7;0;2;8;1;1
202000002012;154 738 686;7;0;0;8;1;1
202000002013;154 738 684;7;0;2;1;13;1
202000002013;154 738 687;7;0;2;3;21;1
202000002014;154 738 688;7;0;2;1;11;1
202000002014;154 738 691;34;0;2;0;0;0
202000002015;154 738 681;7;0;2;1;1;1
202000002015;154 738 682;7;0;2;1;1;1
202000002016;154 738 677;30;0;2;1;1;1
202000002016;154 738 679;7;0;2;6;15;1
202000002017;154 738 676;7;13;0;1;21;1
202000002018;154 738 674;7;3;0;4;15;1
202000002018;154 738 675;7;0;2;1;6;1
202000002019;154 738 670;7;0;2;3;2;1
202000002019;154 738 672;31;0;2;1;2;1
202000002020;154 738 671;7;0;0;4;23;1
202000002020;154 738 673;7;0;0;1;2;1
202000002021;154 738 668;7;4;0;1;1;0
202000002022;154 738 667;7;0;2;2;15;1
202000002022;154 738 669;30;0;2;1;1;1
202000002023;154 738 665;7;0;2;1;1;1
202000002023;154 738 666;7;16;2;5;1;1
202000002024;154 738 664;7;11;0;3;1;1
202000002025;154 738 663;33;3;0;8;13;1
202000002026;154 738 661;7;0;2;1;19;1
202000002026;154 738 662;7;12;2;8;1;1
202000002027;154 738 659;7;0;1;4;26;1
202000002028;154 738 656;7;0;9;7;1;1
202000002028;154 738 658;1;0;0;6;1;5
202000002029;154 738 655;30;0;2;1;1;1
202000002029;154 738 657;7;0;2;2;15;1
202000002030;154 738 651;7;0;2;0;10;0
202000002030;154 738 653;33;0;2;2;1;1
202000002031;154 738 652;2;0;2;2;1;1
202000002031;154 738 654;7;0;2;7;1;1
202000002032;154 738 648;7;0;2;6;2;1
202000002032;154 738 650;34;0;2;1;2;1
202000002033;154 738 645;7;0;0;8;19;0
202000002033;154 738 646;33;0;2;1;1;1
202000002034;154 738 647;7;0;1;5;24;1
202000002034;154 738 649;7;1;0;2;1;1
202000002035;154 738 644;30;11;0;1;1;1
202000002036;154 738 643;2;6;0;1;1;1
202000002037;154 738 641;2;0;2;1;15;1
202000002037;154 738 642;7;0;2;3;1;1
202000002038;154 738 640;7;13;0;7;1;1
202000002039;154 738 639;33;13;0;1;14;1
202000002040;154 738 637;33;0;0;0;1;1
202000002041;154 738 638;7;0;1;2;1;1
202000002042;154 738 636;7;0;1;3;1;1
202000002043;154 738 635;7;12;0;9;1;0
202000002044;154 738 633;37;0;1;1;1;1
202000002045;154 738 632;7;15;0;2;1;1
202000002046;154 738 631;7;1;9;1;1;2
202000002046;154 738 634;7;13;2;3;1;1
202000002047;154 738 629;7;0;0;9;0;0
202000002048;154 738 628;7;6;0;1;0;1
202000002049;154 738 626;10;0;1;1;9;1
202000002050;154 738 625;7;6;0;4;1;1
202000002051;154 738 627;7;0;2;5;16;1
202000002051;154 738 630;7;0;2;1;2;0
202000002052;154 738 623;32;0;2;4;1;1
202000002052;154 738 624;33;0;2;1;1;1
202000002053;154 738 621;7;0;2;2;1;1
202000002053;154 738 622;7;0;2;1;13;1
202000002054;154 738 620;7;0;1;0;21;0
202000002055;154 738 619;7;0;1;1;9;1
202000002056;154 738 616;7;0;2;1;13;1
202000002056;154 738 618;33;0;2;9;21;1
202000002057;154 738 615;7;0;2;2;15;1
202000002057;154 738 617;30;0;2;7;1;1
202000002058;154 738 614;7;16;9;1;1;1
202000002059;154 738 612;7;4;0;3;14;1
202000002060;154 738 609;2;0;2;1;1;0
202000002060;154 738 611;21;0;2;8;1;0
202000002061;154 738 606;7;0;1;1;1;1
202000002062;154 738 604;7;0;2;1;1;2
202000002062;154 738 607;7;0;2;1;13;1
202000002063;154 738 605;2;0;2;1;0;0
202000002063;154 738 608;7;0;2;1;26;0
202000002064;154 738 601;1;0;0;0;1;5
202000002065;154 738 600;7;0;2;1;17;1
202000002065;154 738 603;1;0;2;4;1;5
202000002066;154 738 602;7;0;1;0;1;1
202000002067;154 738 599;33;13;0;1;1;1
202000002068;154 738 597;7;14;0;1;9;1
202000002069;154 738 595;7;0;9;8;1;1
202000002069;154 738 598;33;0;2;1;13;0
202000002070;154 738 594;7;0;2;3;11;1
202000002070;154 738 596;33;0;2;2;17;1
202000002071;154 738 592;2;0;1;1;17;1
202000002072;154 738 591;50;0;1;1;1;3
202000002073;154 738 593;7;0;1;2;1;1
202000002074;154 738 589;10;0;2;2;17;1
202000002074;154 738 590;7;16;0;3;1;1
202000002075;154 738 587;1;0;2;7;1;5
202000002075;154 738 588;7;0;2;1;1;1
202000002076;154 738 584;2;0;0;4;2;1
202000002076;154 738 585;7;0;2;1;2;1
202000002077;154 738 583;7;0;2;2;15;1
202000002077;154 738 586;33;0;2;4;16;1
202000002078;154 738 582;1;14;0;0;14;5
202000002079;154 738 578;7;0;2;1;1;1
202000002079;154 738 580;7;3;2;1;13;1
202000002080;154 738 576;33;0;2;1;1;1
202000002080;154 738 577;60;0;2;8;9;5
202000002081;154 738 579;1;0;2;4;19;5
202000002081;154 738 581;33;0;2;0;1;1
202000002082;154 738 573;7;0;2;2;2;1
202000002082;154 738 575;15;0;2;6;2;1
202000002083;154 738 570;7;0;2;1;2;1
202000002083;154 738 572;7;0;2;4;23;1
202000002084;154 738 571;30;0;2;8;1;1
202000002084;154 738 574;7;0;2;0;12;0
202000002085;154 738 568;7;0;2;3;1;1
202000002085;154 738 569;7;0;2;2;17;1
202000002086;154 738 565;1;0;2;1;1;5
202000002086;154 738 567;7;0;2;2;16;1
202000002087;154 738 564;1;0;2;8;1;5
202000002087;154 738 566;10;0;2;7;16;6
202000002088;154 738 562;7;0;2;2;1;0
202000002088;154 738 563;2;0;2;1;19;1
202000002089;154 738 561;30;0;1;1;1;1
202000002090;154 738 559;7;0;1;2;1;1
202000002091;154 738 558;7;0;2;2;1;1
202000002091;154 738 560;50;0;2;1;1;3
202000002092;154 738 555;1;0;1;1;2;5
202000002093;154 738 556;10;0;2;3;22;1
202000002093;154 738 557;1;0;2;1;1;5
202000002094;154 738 554;30;0;0;0;1;1
202000002095;154 738 553;33;17;0;1;14;1
202000002096;154 738 552;30;0;1;1;1;0
202000002097;154 738 550;7;6;0;7;13;1
202000002098;154 738 549;7;0;2;6;15;1
202000002098;154 738 551;7;0;2;1;1;1
202000002099;154 738 547;7;0;1;1;1;2
202000002100;154 738 548;2;6;0;1;2;1
202000002101;154 738 546;7;4;0;3;0;1
202000002102;154 738 543;7;0;1;1;1;1
202000002103;154 738 541;33;0;2;1;1;1
202000002103;154 738 545;7;0;2;2;1;1