Num_Acc;id_vehicule;categorie_vehicule;obstacle_fixe;obstacle_mobile;point_choc_initial;manoeuvre_principale;motorisation
202000002104;154 738 542;7;0;2;3;15;0
202000002104;154 738 544;1;0;0;0;0;5
202000002105;154 738 540;7;0;1;1;2;1
202000002106;154 738 537;7;16;0;1;26;1
202000002107;154 738 538;7;0;2;3;9;1
202000002107;154 738 539;1;0;2;1;1;5
202000002108;154 738 534;7;0;2;1;1;0
202000002108;154 738 535;7;0;2;3;10;0
202000002109;154 738 532;33;13;0;1;1;1
202000002110;154 738 533;34;0;0;0;0;1
202000002110;154 738 536;7;0;0;0;0;0
202000002111;154 738 528;7;0;2;3;1;1
202000002111;154 738 530;7;0;2;3;13;1
202000002112;154 738 527;2;0;2;4;23;1
202000002112;154 738 529;7;0;2;1;26;1
202000002113;154 738 526;7;0;2;5;23;1
202000002113;154 738 531;7;0;2;5;1;1
202000002114;154 738 524;7;0;1;1;15;1
202000002115;154 738 525;7;13;0;1;16;1
202000002116;154 738 520;7;17;0;1;0;1
202000002117;154 738 519;7;0;0;2;26;0
202000002117;154 738 522;7;0;2;0;15;0
202000002118;154 738 521;7;0;2;6;1;1
202000002118;154 738 523;7;0;2;3;1;1
202000002119;154 738 518;37;12;0;1;16;1
202000002120;154 738 517;2;1;0;1;1;1
202000002121;154 738 514;7;13;2;1;1;1
202000002121;154 738 515;7;8;2;6;19;1
202000002122;154 738 513;7;0;2;8;1;1
202000002122;154 738 516;10;0;2;1;16;1
202000002123;154 738 511;7;0;2;1;1;1
202000002123;154 738 512;7;0;2;4;1;1
202000002124;154 738 508;7;0;2;3;1;1
202000002124;154 738 509;10;0;2;8;1;1
202000002125;154 738 506;7;3;0;3;2;1
202000002126;154 738 507;7;0;2;2;15;1
202000002126;154 738 510;7;0;2;8;1;1
202000002127;154 738 505;7;4;0;3;13;1
202000002128;154 738 503;7;16;0;0;1;1
202000002129;154 738 504;7;0;1;3;15;1
202000002130;154 738 499;7;0;0;7;1;1
202000002130;154 738 501;7;2;0;7;13;1
202000002131;154 738 500;7;0;2;1;1;0
202000002131;154 738 502;7;0;2;7;1;0
202000002132;154 738 497;7;0;2;4;19;1
202000002132;154 738 498;7;0;2;1;0;1
202000002133;154 738 495;17;0;2;6;1;1
202000002133;154 738 496;7;0;2;2;14;1
202000002134;154 738 493;7;0;2;8;15;1
202000002134;154 738 494;7;0;2;2;16;1
202000002135;154 738 491;1;0;0;8;1;5
202000002135;154 738 492;33;0;2;7;17;1
202000002136;154 738 490;33;0;0;7;1;1
202000002137;154 738 489;13;7;0;2;1;1
202000002138;154 738 488;7;6;0;1;1;1
202000002139;154 738 486;7;0;2;3;26;1
202000002139;154 738 487;33;0;2;1;5;1
202000002140;154 738 481;33;0;2;2;17;1
202000002140;154 738 484;7;0;2;3;9;1
202000002141;154 738 482;7;0;2;1;15;1
202000002141;154 738 483;7;0;2;2;1;1
202000002141;154 738 485;7;0;0;2;1;1
202000002142;154 738 480;7;6;0;3;1;1
202000002143;154 738 479;7;1;0;7;0;0
202000002144;154 738 477;7;0;2;3;1;1
202000002144;154 738 478;7;0;2;1;5;3
202000002145;154 738 475;33;15;0;0;1;0
202000002146;154 738 474;7;0;2;1;1;1
202000002146;154 738 476;7;0;2;1;13;1
202000002147;154 738 471;7;0;2;2;1;1
202000002147;154 738 473;10;0;2;6;18;1
202000002148;154 738 472;33;0;0;1;0;1
202000002149;154 738 467;7;0;2;6;11;1
202000002149;154 738 469;31;0;2;2;11;0
202000002150;154 738 468;33;0;2;1;15;1
202000002150;154 738 470;7;0;2;2;15;1
202000002151;154 738 463;7;0;2;7;26;1
202000002151;154 738 465;7;0;2;1;1;1
202000002152;154 738 462;7;0;2;1;17;1
202000002152;154 738 464;7;0;2;8;1;1
202000002152;154 738 466;7;0;2;1;1;1
202000002153;154 738 459;2;0;2;6;24;1
202000002153;154 738 461;32;1;0;1;0;1
202000002154;154 738 458;7;0;2;1;5;1
202000002154;154 738 460;15;0;2;1;1;1
202000002155;154 738 456;7;0;2;6;15;0
202000002155;154 738 457;33;0;2;1;1;0
202000002156;154 738 454;7;0;9;3;1;1
202000002156;154 738 455;1;0;2;5;1;0
202000002157;154 738 453;2;6;0;7;14;1
202000002158;154 738 450;2;0;2;1;1;1
202000002158;154 738 452;15;0;2;4;1;1
202000002159;154 738 449;7;0;2;1;1;1
202000002159;154 738 451;7;0;2;3;13;1
202000002160;154 738 447;7;0;0;0;1;1
202000002160;154 738 448;7;0;0;0;13;1
202000002161;154 738 445;10;0;2;5;17;0
202000002161;154 738 446;1;0;2;3;2;5
202000002162;154 738 443;3;0;2;2;20;1
202000002162;154 738 444;1;0;0;6;26;5
202000002163;154 738 442;7;17;0;1;1;1
202000002164;154 738 441;7;0;0;7;1;1
202000002165;154 738 438;7;0;2;4;2;1
202000002165;154 738 439;7;0;2;1;2;1
202000002165;154 738 440;7;0;2;4;2;1
202000002166;154 738 437;31;2;0;1;13;0
202000002167;154 738 436;7;13;9;1;1;0
202000002168;154 738 435;7;13;0;8;1;1
202000002169;154 738 434;33;0;1;3;1;1
202000002170;154 738 432;7;0;2;3;15;1
202000002170;154 738 433;7;0;2;2;1;1
202000002171;154 738 431;2;0;0;0;1;1
202000002172;154 738 430;7;2;0;1;0;1
202000002173;154 738 429;34;0;0;8;1;1
202000002174;154 738 427;33;0;0;0;1;1
202000002174;154 738 428;7;0;0;0;15;1
202000002175;154 738 425;7;0;2;3;9;1
202000002175;154 738 426;1;0;2;0;1;5
202000002176;154 738 424;3;0;1;3;1;1
202000002177;154 738 420;33;0;2;3;15;1
202000002177;154 738 422;7;0;2;3;9;1
202000002178;154 738 421;7;0;2;2;19;1
202000002178;154 738 423;7;0;2;1;1;1
202000002179;154 738 418;7;2;0;0;14;1
202000002180;154 738 417;7;0;0;1;5;1
202000002180;154 738 419;7;0;0;2;1;1
202000002181;154 738 416;33;6;0;8;1;1
202000002182;154 738 413;7;0;2;1;1;1
202000002182;154 738 415;7;0;2;1;16;1
202000002183;154 738 412;33;0;2;1;1;1
202000002183;154 738 414;7;0;0;4;1;1
202000002184;154 738 410;33;0;2;1;1;1
202000002184;154 738 411;10;0;2;7;15;1
202000002185;154 738 409;80;0;0;8;1;3
202000002186;154 738 406;7;0;2;1;5;1
202000002186;154 738 408;7;0;2;1;1;1
202000002187;154 738 403;31;0;2;1;1;1
202000002187;154 738 405;7;0;2;2;10;0
202000002188;154 738 402;7;0;2;2;1;1
202000002188;154 738 404;7;0;2;7;13;1
202000002189;154 738 401;7;6;0;1;14;1
202000002190;154 738 399;7;0;0;1;2;1
202000002190;154 738 400;7;0;0;4;2;1
202000002191;154 738 396;33;0;2;1;1;1
202000002191;154 738 398;7;12;2;6;11;1
202000002192;154 738 390;7;0;2;7;13;1
202000002192;154 738 393;7;0;2;1;1;1
202000002193;154 738 391;38;0;0;0;19;1
202000002193;154 738 392;7;13;0;1;21;1
202000002194;154 738 388;33;0;2;2;1;1
202000002194;154 738 389;7;0;2;2;17;1
202000002195;154 738 387;7;0;1;1;20;6
202000002196;154 738 386;7;0;1;2;21;1
202000002197;154 738 384;7;0;2;1;1;1
202000002197;154 738 385;17;0;0;5;1;1
202000002198;154 738 383;7;17;0;1;1;0
202000002199;154 738 382;7;15;0;7;1;1
202000002200;154 738 379;15;0;2;5;21;1
202000002200;154 738 381;7;0;0;6;23;1
202000002201;154 738 378;7;0;2;3;1;1
202000002201;154 738 380;10;0;2;1;19;1
202000002202;154 738 375;7;0;2;1;5;1
202000002202;154 738 376;7;0;2;3;1;1
202000002203;154 738 373;1;0;2;1;1;5
202000002203;154 738 374;7;0;2;1;13;1
202000002203;154 738 377;7;0;2;7;21;1
202000002204;154 738 370;7;0;2;1;1;1
202000002204;154 738 372;7;0;2;1;13;1
202000002205;154 738 371;7;6;0;1;1;1
202000002206;154 738 368;7;0;2;3;15;1
202000002206;154 738 369;33;0;2;1;17;1
202000002207;154 738 367;7;0;0;0;13;1
202000002208;154 738 366;13;0;1;1;1;1
202000002209;154 738 365;37;0;1;1;2;1
202000002210;154 738 359;7;1;0;8;0;1
202000002210;154 738 361;7;1;0;6;26;1
202000002210;154 738 362;7;1;0;2;24;1
202000002210;154 738 363;7;1;2;4;0;1
202000002210;154 738 364;7;1;2;1;2;1
202000002211;154 738 358;7;4;2;1;21;1
202000002211;154 738 360;17;0;0;5;1;1
202000002212;154 738 355;7;0;2;2;13;1
202000002212;154 738 357;7;0;2;1;1;1
202000002213;154 738 354;50;0;2;1;1;3
202000002213;154 738 356;7;0;2;0;9;6
202000002214;154 738 350;37;0;2;3;1;1
202000002214;154 738 352;7;0;2;1;13;1
202000002215;154 738 351;33;0;2;1;1;1
202000002215;154 738 353;7;0;2;1;15;1
202000002216;154 738 349;7;0;1;3;1;1
202000002217;154 738 348;7;8;0;2;1;1
202000002218;154 738 345;33;0;2;1;1;1
202000002218;154 738 347;7;0;2;5;9;1
202000002219;154 738 343;7;0;9;7;15;0
202000002219;154 738 344;2;0;2;1;1;1
202000002220;154 738 342;7;0;2;2;1;1
202000002220;154 738 346;7;8;2;3;1;1
202000002221;154 738 341;7;4;0;3;1;1
202000002222;154 738 340;7;0;0;2;5;0
202000002223;154 738 338;7;0;2;4;2;1
202000002223;154 738 339;7;0;2;1;2;1
202000002224;154 738 337;7;4;0;1;0;1
202000002225;154 738 335;7;0;2;1;2;1
202000002225;154 738 336;33;0;2;9;2;1
202000002226;154 738 332;10;0;0;0;1;1
202000002226;154 738 334;33;0;0;8;17;1
202000002227;154 738 331;7;0;2;8;2;1
202000002227;154 738 333;7;0;2;7;2;1
202000002228;154 738 328;7;0;2;1;2;1
202000002228;154 738 329;7;0;2;4;2;1
202000002229;154 738 327;33;0;2;7;1;1
202000002229;154 738 330;10;0;2;8;15;1
202000002230;154 738 322;7;0;2;4;2;1
202000002230;154 738 324;15;0;2;1;1;1
202000002230;154 738 326;7;0;2;4;2;1
202000002231;154 738 321;14;0;2;7;12;1
202000002231;154 738 323;7;4;0;8;1;1
202000002231;154 738 325;7;4;0;3;1;1
202000002232;154 738 319;33;14;0;1;13;1
202000002233;154 738 318;7;0;2;4;2;1
202000002233;154 738 320;7;0;2;3;2;1
202000002234;154 738 314;31;0;2;1;3;1
202000002234;154 738 316;10;0;2;4;14;1
202000002235;154 738 315;2;0;0;4;15;1
202000002235;154 738 317;7;0;2;3;1;0
202000002236;154 738 313;7;4;0;1;1;1
202000002237;154 738 312;1;0;0;0;0;5
202000002238;154 738 309;7;0;1;3;1;0
202000002239;154 738 310;7;0;2;2;14;1
202000002239;154 738 311;7;0;2;1;1;1
202000002240;154 738 307;7;0;2;1;1;0
202000002240;154 738 308;7;0;0;4;1;0
202000002241;154 738 304;7;0;2;1;2;1
202000002241;154 738 306;7;0;2;4;2;1
202000002242;154 738 303;1;0;2;8;1;5
202000002242;154 738 305;7;0;2;1;9;1
202000002243;154 738 301;7;0;2;1;17;1
202000002243;154 738 302;7;0;2;1;1;1
202000002244;154 738 299;7;0;9;2;1;1
202000002245;154 738 291;7;0;2;2;1;1
202000002245;154 738 292;38;0;2;6;1;1
202000002245;154 738 294;7;4;0;3;1;1
202000002245;154 738 295;7;0;2;5;1;1
202000002245;154 738 297;7;0;2;2;1;1
202000002246;154 738 287;7;0;2;3;13;1
202000002246;154 738 288;7;0;2;3;0;1
202000002247;154 738 283;10;0;0;1;16;0
202000002248;154 738 284;7;0;2;6;1;1
202000002248;154 738 285;7;0;2;2;13;1
202000002248;154 738 286;7;0;2;1;23;1
202000002249;154 738 281;10;0;2;3;1;1
202000002249;154 738 282;10;0;2;1;1;1
202000002250;154 738 280;7;0;0;9;0;1
202000002251;154 738 279;7;4;0;3;9;1
202000002252;154 738 278;33;13;0;1;1;1
202000002253;154 738 277;33;13;0;1;1;1
202000002254;154 738 275;7;0;2;1;13;1
202000002254;154 738 276;7;0;2;1;1;1
202000002255;154 738 274;33;0;0;8;21;1
202000002256;154 738 271;7;0;0;6;15;0
202000002256;154 738 272;33;0;0;7;17;0
202000002257;154 738 270;99;0;2;3;9;1
202000002257;154 738 273;99;0;2;1;1;1
202000002258;154 738 269;33;2;0;1;0;1
202000002259;154 738 267;7;0;2;0;9;0
202000002259;154 738 268;7;0;2;5;1;1
202000002260;154 738 263;7;0;2;1;2;1
202000002260;154 738 265;36;0;2;4;26;1
202000002261;154 738 264;21;0;0;0;15;0
202000002261;154 738 266;33;0;0;0;17;0
202000002262;154 738 259;7;0;2;0;0;1
202000002262;154 738 262;7;5;2;1;15;1
202000002263;154 738 258;7;0;2;4;2;1
202000002263;154 738 260;7;0;2;4;1;1
202000002263;154 738 261;7;0;2;1;1;1
202000002264;154 738 256;1;0;2;1;1;5
202000002264;154 738 257;7;0;2;4;23;1
202000002265;154 738 255;7;4;0;5;21;1
202000002266;154 738 249;7;4;0;2;1;1
202000002266;154 738 251;7;0;2;3;1;1
202000002266;154 738 252;7;0;2;1;1;1
202000002267;154 738 250;32;0;0;0;1;1
202000002268;154 738 247;10;0;2;1;17;1
202000002268;154 738 248;10;0;2;4;1;1
202000002269;154 738 245;33;3;0;1;17;1
202000002270;154 738 246;7;4;0;2;1;1
202000002271;154 738 242;7;0;2;1;2;1
202000002271;154 738 244;7;0;2;4;2;1
202000002272;154 738 241;30;0;2;1;13;1
202000002272;154 738 243;7;0;2;0;0;1
202000002273;154 738 239;7;3;0;1;9;1
202000002274;154 738 238;7;0;0;4;2;1
202000002274;154 738 240;7;0;2;1;26;1
202000002275;154 738 235;7;0;2;1;1;1
202000002275;154 738 237;7;8;2;1;1;1
202000002276;154 738 230;7;0;2;1;2;1
202000002276;154 738 232;7;0;2;1;2;1
202000002276;154 738 234;7;0;2;4;1;2
202000002276;154 738 236;7;0;2;4;14;1
202000002277;154 738 231;33;0;2;1;1;1
202000002277;154 738 233;7;0;2;2;15;1
202000002278;154 738 229;7;4;0;0;21;1
202000002279;154 738 228;7;4;0;1;2;1
202000002280;154 738 227;7;4;0;2;0;0
202000002281;154 738 226;31;0;0;7;1;1
202000002282;154 738 224;33;0;2;0;15;1
202000002282;154 738 225;10;0;0;0;1;0
202000002283;154 738 221;33;0;2;3;2;1
202000002283;154 738 222;10;0;9;0;23;1
202000002283;154 738 223;33;0;2;0;2;1
202000002284;154 738 220;33;0;1;1;1;1
202000002285;154 738 218;13;0;2;4;23;1
202000002285;154 738 219;7;0;2;1;1;1
202000002286;154 738 216;7;0;2;6;20;1
202000002286;154 738 217;7;0;2;2;2;1
202000002287;154 738 214;7;2;0;1;13;1
202000002288;154 738 215;10;0;1;1;15;1
202000002289;154 738 213;50;0;0;0;26;3
202000002290;154 738 212;7;2;0;1;14;1
202000002291;154 738 211;7;12;0;1;16;0
202000002292;154 738 208;7;0;2;1;11;1
202000002292;154 738 210;7;0;2;5;1;1
202000002293;154 738 207;32;0;2;1;1;1
202000002293;154 738 209;7;0;2;1;9;1
202000002294;154 738 204;7;0;2;3;15;1
202000002294;154 738 206;32;0;2;7;17;1
202000002295;154 738 203;7;0;2;4;2;1
202000002295;154 738 205;0;0;2;1;2;0
202000002296;154 738 200;7;0;2;3;1;1
202000002296;154 738 202;7;0;2;1;1;1
202000002297;154 738 201;30;0;1;1;17;1
202000002298;154 738 198;10;0;2;3;1;1
202000002298;154 738 199;99;0;2;3;15;1
202000002299;154 738 195;30;0;2;2;17;1
202000002299;154 738 197;7;0;2;6;15;1
202000002300;154 738 194;7;0;2;5;2;1
202000002300;154 738 196;7;0;2;1;1;1
202000002301;154 738 191;7;0;2;6;1;0
202000002301;154 738 193;2;14;0;1;2;0
202000002302;154 738 189;7;0;2;3;1;1
202000002302;154 738 190;7;0;2;3;1;1
202000002302;154 738 192;50;0;2;1;1;3
202000002303;154 738 188;7;8;0;1;26;1
202000002304;154 738 186;32;0;2;1;1;1
202000002304;154 738 187;7;0;2;5;1;0
202000002305;154 738 183;7;0;2;1;1;1
202000002305;154 738 184;7;0;2;0;0;1
202000002305;154 738 185;7;0;2;0;0;1
202000002306;154 738 181;7;0;2;1;17;1
202000002306;154 738 182;7;0;2;6;15;1
202000002307;154 738 177;7;9;0;0;1;
202000002307;154 738 178;7;0;2;0;23;
202000002307;154 738 179;7;0;2;0;23;
202000002308;154 738 176;7;0;1;0;0;0
202000002309;154 738 175;33;0;5;1;1;1
202000002310;154 738 173;10;0;2;1;1;0
202000002310;154 738 174;1;0;2;1;19;0
202000002311;154 738 172;7;1;0;2;14;1
202000002312;154 738 170;33;0;2;1;1;1
202000002312;154 738 171;10;0;2;2;19;1
202000002313;154 738 168;7;0;2;1;1;1
202000002313;154 738 169;7;0;2;1;16;1
202000002314;154 738 167;7;0;1;5;1;1
202000002315;154 738 165;35;0;2;8;19;3
202000002315;154 738 166;7;0;2;1;1;1
202000002316;154 738 163;10;0;2;1;1;1
202000002316;154 738 164;10;0;2;4;1;1
202000002317;154 738 161;1;0;2;1;25;5
202000002317;154 738 162;7;0;2;1;9;1
202000002318;154 738 160;7;0;1;2;1;1
202000002319;154 738 158;7;0;2;0;0;0
202000002319;154 738 159;32;0;2;8;26;1
202000002320;154 738 157;1;0;0;0;1;0
202000002321;154 738 156;7;0;1;2;26;1
202000002322;154 738 154;7;0;2;8;23;1
202000002322;154 738 155;7;0;2;1;13;1
202000002323;154 738 153;7;0;1;1;17;1
202000002324;154 738 151;2;0;0;1;1;1
202000002324;154 738 152;7;0;2;5;15;0
202000002325;154 738 148;7;0;2;3;9;1
202000002325;154 738 149;2;0;2;2;9;1
202000002326;154 738 147;30;0;0;7;2;1
202000002327;154 738 146;7;0;1;5;4;1
202000002328;154 738 145;7;13;0;1;13;1
202000002329;154 738 144;7;0;1;1;15;1
202000002330;154 738 142;7;0;2;1;1;1
202000002330;154 738 143;13;0;2;2;1;0
202000002331;154 738 141;7;0;1;2;26;6
202000002332;154 738 140;7;0;1;1;26;1
202000002333;154 738 138;32;0;2;4;1;1
202000002333;154 738 139;10;0;2;1;1;1
202000002334;154 738 136;7;0;2;5;11;1
202000002334;154 738 137;32;0;2;1;3;1
202000002335;154 738 134;33;0;2;7;1;1
202000002335;154 738 135;7;0;0;0;12;0
202000002336;154 738 133;10;0;1;5;4;1
202000002337;154 738 131;7;0;2;2;12;1
202000002337;154 738 132;1;0;2;1;1;5
202000002338;154 738 130;10;0;1;4;26;1
202000002339;154 738 127;10;0;2;6;24;1
202000002339;154 738 128;7;0;2;7;1;1
202000002339;154 738 129;1;1;2;9;13;5
202000002340;154 738 126;7;0;1;1;1;1
202000002341;154 738 125;30;0;0;8;26;1
202000002342;154 738 123;33;0;2;1;2;1
202000002342;154 738 124;7;0;2;4;2;1
202000002343;154 738 122;7;0;1;3;16;1
202000002344;154 738 120;7;0;2;4;23;1
202000002344;154 738 121;7;0;2;1;1;1
202000002345;154 738 119;7;0;1;2;1;1
202000002346;154 738 115;34;0;2;1;1;1
202000002346;154 738 116;7;0;2;2;15;1
202000002347;154 738 113;7;0;2;1;13;1
202000002347;154 738 114;7;1;2;1;1;1
202000002348;154 738 109;7;0;2;6;10;1
202000002348;154 738 110;7;0;2;1;1;1
202000002349;154 738 108;10;0;1;4;9;0
202000002350;154 738 107;7;0;1;1;11;1
202000002351;154 738 105;7;0;2;5;26;1
202000002351;154 738 106;30;0;2;3;2;1
202000002352;154 738 103;1;0;2;1;1;5
202000002352;154 738 104;34;0;9;1;1;1
202000002353;154 738 101;7;0;9;7;16;1
202000002353;154 738 102;50;0;2;0;0;3
202000002354;154 738 099;7;0;2;5;1;1
202000002354;154 738 100;1;0;2;1;9;5
202000002355;154 738 097;7;0;2;2;1;1
202000002355;154 738 098;1;0;2;8;13;5
202000002356;154 738 095;2;0;2;1;2;1
202000002356;154 738 096;7;0;2;6;4;1
202000002357;154 738 093;7;14;2;1;5;1
202000002357;154 738 094;7;14;2;2;13;1
202000002358;154 738 091;17;0;2;2;1;1
202000002358;154 738 092;7;0;2;5;2;0
202000002359;154 738 089;7;0;9;1;26;0
202000002359;154 738 090;1;0;0;8;1;5
202000002360;154 738 087;1;1;2;3;1;0
202000002360;154 738 088;7;0;9;3;15;1
202000002361;154 738 085;33;0;2;1;1;1
202000002361;154 738 086;7;0;2;3;15;1
202000002362;154 738 083;7;0;2;2;15;1
202000002362;154 738 084;32;0;2;2;18;1
202000002363;154 738 081;7;0;2;2;23;1
202000002363;154 738 082;1;0;2;1;25;5
202000002364;154 738 079;7;0;2;1;0;1
202000002364;154 738 080;7;0;2;1;0;1
202000002365;154 738 077;1;0;2;4;19;5
202000002365;154 738 078;7;0;2;1;1;1
202000002366;154 738 075;7;0;2;3;19;1
202000002366;154 738 076;7;0;2;1;19;1
202000002367;154 738 073;7;0;2;1;13;1
202000002367;154 738 074;7;0;2;1;1;1
202000002368;154 738 071;7;0;2;1;1;
202000002368;154 738 072;7;0;0;4;1;
202000002369;154 738 069;1;0;2;4;2;5
202000002369;154 738 070;7;0;2;0;26;0
202000002370;154 738 067;7;0;2;6;15;1
202000002370;154 738 068;33;0;2;1;1;1
202000002371;154 738 064;7;0;2;4;1;1
202000002371;154 738 065;10;0;2;1;1;1
202000002371;154 738 066;7;0;2;4;1;1
202000002372;154 738 063;30;0;0;0;1;1
202000002373;154 738 061;50;0;2;1;1;3
202000002373;154 738 062;7;0;2;5;16;1
202000002374;154 738 060;7;0;1;1;1;1
202000002375;154 738 059;7;0;1;1;1;1
202000002376;154 738 058;32;0;1;1;1;1
202000002377;154 738 057;40;0;1;1;1;3
202000002378;154 738 056;1;0;0;0;1;5
202000002379;154 738 055;2;0;0;0;0;1
202000002380;154 738 053;7;0;2;6;9;1
202000002380;154 738 054;80;0;2;1;1;3
202000002381;154 738 052;7;0;1;3;26;1
202000002382;154 738 050;7;0;2;8;1;1
202000002382;154 738 051;32;0;2;1;16;1
202000002383;154 738 049;7;0;1;4;20;1
202000002384;154 738 048;1;0;0;0;1;5
202000002385;154 738 046;10;1;2;3;1;1
202000002385;154 738 047;7;0;2;8;1;1
202000002386;154 738 044;33;0;2;3;2;1
202000002386;154 738 045;10;0;2;7;16;0
202000002387;154 738 043;7;16;0;2;1;1
202000002388;154 738 041;7;0;2;7;1;1
202000002388;154 738 042;7;8;2;1;19;1
202000002389;154 738 039;7;0;2;0;0;1
202000002389;154 738 040;2;0;2;0;0;1
202000002390;154 738 037;10;0;1;2;1;1
202000002390;154 738 038;1;0;2;4;1;5
202000002391;154 738 033;14;0;2;2;9;1
202000002391;154 738 034;7;0;2;4;0;0
202000002391;154 738 035;7;0;2;4;0;0
202000002391;154 738 036;7;16;0;4;0;0
202000002392;154 738 031;7;0;2;2;1;1
202000002392;154 738 032;33;0;2;2;1;1
202000002393;154 738 029;7;0;2;1;16;1
202000002393;154 738 030;7;0;2;2;15;1
202000002394;154 738 028;33;12;0;0;0;1
202000002395;154 738 027;7;0;1;3;0;1
202000002396;154 738 026;7;2;0;1;12;1
202000002397;154 738 025;37;0;1;8;15;1
202000002398;154 738 022;13;0;2;4;2;1
202000002398;154 738 023;7;0;2;4;2;1
202000002398;154 738 024;10;0;2;1;2;1
202000002399;154 738 021;34;0;0;8;1;1
202000002400;154 738 019;1;0;2;1;1;5
202000002400;154 738 020;10;0;2;5;4;1
202000002401;154 738 017;32;0;2;1;1;1
202000002401;154 738 018;7;0;2;1;5;1
202000002402;154 738 016;50;0;1;1;1;3
202000002403;154 738 014;7;0;2;4;1;2
202000002403;154 738 015;7;0;2;1;1;1
202000002404;154 738 011;7;0;2;1;1;1
202000002404;154 738 012;31;0;2;2;1;1
202000002404;154 738 013;7;0;2;7;1;1
202000002405;154 738 010;7;0;1;2;15;1
202000002406;154 738 008;7;0;2;2;15;1
202000002406;154 738 009;32;0;2;3;1;1
202000002407;154 738 006;1;0;2;3;1;5
202000002407;154 738 007;7;0;2;3;22;1
202000002408;154 738 004;1;0;2;1;13;5
202000002408;154 738 005;7;0;2;2;7;1
202000002409;154 738 003;7;0;1;3;1;1
202000002410;154 738 002;10;0;1;3;16;1
202000002411;154 738 001;7;14;0;1;1;1
202000002412;154 737 999;7;0;2;1;15;1
202000002412;154 738 000;30;0;2;8;16;1
202000002413;154 737 997;7;0;2;1;1;1
202000002413;154 737 998;50;0;2;7;1;3
202000002414;154 737 995;50;0;2;1;19;3
202000002414;154 737 996;1;0;2;1;1;5
202000002415;154 737 993;30;0;2;3;7;1
202000002415;154 737 994;13;0;2;3;16;1
202000002416;154 737 991;7;0;2;3;1;1
202000002416;154 737 992;32;0;2;1;19;1
202000002417;154 737 990;7;1;1;3;24;0
202000002418;154 737 988;7;0;2;1;13;1
202000002418;154 737 989;31;0;2;1;3;1
202000002419;154 737 986;7;0;2;3;15;0
202000002419;154 737 987;2;0;2;3;15;1
202000002420;154 737 984;1;0;2;7;1;5
202000002420;154 737 985;7;0;2;3;1;1
202000002421;154 737 982;50;0;2;1;1;3
202000002421;154 737 983;10;0;0;2;9;1
202000002422;154 737 980;7;0;2;2;1;1
202000002422;154 737 981;32;15;2;1;1;1
202000002423;154 737 975;7;0;2;0;0;0
202000002423;154 737 976;7;0;2;4;1;1
202000002423;154 737 977;7;0;2;4;0;1
202000002423;154 737 978;7;0;2;4;1;1
202000002423;154 737 979;7;0;2;0;1;1
202000002424;154 737 974;31;0;1;3;18;1
202000002425;154 737 973;7;1;0;3;22;1
202000002426;154 737 971;33;0;2;1;1;1
202000002426;154 737 972;7;0;2;1;0;0
202000002427;154 737 969;7;0;2;5;1;2
202000002427;154 737 970;7;0;2;3;14;1
202000002428;154 737 967;1;1;0;1;1;5
202000002428;154 737 968;7;0;2;8;22;1
202000002429;154 737 964;15;0;0;6;23;1
202000002429;154 737 965;10;0;2;2;0;1
202000002429;154 737 966;7;0;9;1;0;1
202000002430;154 737 962;10;0;2;3;15;1
202000002430;154 737 963;34;0;2;1;17;1
202000002431;154 737 961;14;13;0;2;1;1
202000002432;154 737 960;33;16;0;0;1;0
202000002433;154 737 958;7;0;2;1;15;0
202000002433;154 737 959;7;0;0;7;1;0
202000002434;154 737 956;7;0;0;6;15;1
202000002434;154 737 957;33;0;2;2;17;1
202000002435;154 737 955;7;15;0;1;1;1
202000002436;154 737 954;7;13;0;1;0;1
202000002437;154 737 952;7;0;2;3;13;1
202000002437;154 737 953;7;0;2;3;1;1
202000002438;154 737 951;7;8;0;1;1;0
202000002439;154 737 950;7;9;0;2;1;1
202000002440;154 737 948;7;0;0;4;1;1
202000002440;154 737 949;34;0;2;1;1;1
202000002441;154 737 946;7;0;9;7;16;0
202000002441;154 737 947;1;0;2;8;1;5
202000002442;154 737 945;32;7;0;1;1;1
202000002443;154 737 943;21;0;2;6;15;1
202000002443;154 737 944;7;0;2;1;17;1
202000002444;154 737 942;7;13;0;2;14;1
202000002445;154 737 941;7;13;0;9;13;0
202000002446;154 737 938;7;0;0;4;1;6
202000002446;154 737 939;31;0;2;1;1;0
202000002446;154 737 940;21;0;0;0;1;0
202000002447;154 737 936;1;0;2;0;26;5
202000002447;154 737 937;10;0;9;3;0;1
202000002448;154 737 935;33;2;0;1;0;1
202000002449;154 737 933;7;0;2;3;1;1
202000002449;154 737 934;21;0;2;3;15;1
202000002450;154 737 931;7;0;0;5;23;1
202000002450;154 737 932;2;0;2;1;2;1
202000002451;154 737 929;7;0;9;2;9;1
202000002451;154 737 930;1;0;2;1;1;5
202000002452;154 737 928;7;13;0;2;1;1
202000002453;154 737 926;21;0;2;1;15;1
202000002453;154 737 927;33;0;2;1;1;1
202000002454;154 737 925;7;2;0;1;14;1
202000002455;154 737 923;7;0;0;1;13;0