Num_Acc;id_vehicule;categorie_vehicule;obstacle_fixe;obstacle_mobile;point_choc_initial;manoeuvre_principale;motorisation
202000002455;154 737 924;7;0;0;1;1;0
202000002456;154 737 920;7;0;2;4;23;1
202000002456;154 737 921;7;0;2;4;23;1
202000002456;154 737 922;10;0;2;1;1;1
202000002457;154 737 917;7;0;2;7;1;1
202000002457;154 737 918;7;0;2;1;1;1
202000002457;154 737 919;7;0;2;3;19;1
202000002458;154 737 916;7;13;0;2;14;1
202000002459;154 737 914;7;0;2;3;1;1
202000002459;154 737 915;7;0;2;3;15;1
202000002460;154 737 913;7;17;0;0;14;1
202000002461;154 737 911;33;0;2;2;0;1
202000002461;154 737 912;7;0;2;3;11;1
202000002462;154 737 909;1;0;2;1;1;5
202000002462;154 737 910;7;0;2;2;15;1
202000002463;154 737 908;7;0;0;1;1;1
202000002464;154 737 906;7;0;2;1;13;1
202000002464;154 737 907;7;0;2;3;1;1
202000002465;154 737 905;7;3;0;3;1;1
202000002466;154 737 903;7;0;2;1;1;1
202000002466;154 737 904;50;0;2;7;1;3
202000002467;154 737 901;14;0;9;2;16;1
202000002467;154 737 902;1;0;2;0;1;5
202000002468;154 737 899;7;0;0;6;1;1
202000002468;154 737 900;33;0;2;1;13;1
202000002469;154 737 897;17;0;0;6;2;1
202000002469;154 737 898;7;0;2;1;2;1
202000002470;154 737 896;33;13;0;7;13;1
202000002471;154 737 895;7;0;0;9;14;1
202000002472;154 737 894;36;0;0;6;1;0
202000002473;154 737 892;7;0;2;3;1;1
202000002473;154 737 893;7;0;2;3;13;1
202000002474;154 737 891;33;12;0;1;26;1
202000002475;154 737 890;7;13;0;1;21;1
202000002476;154 737 887;7;0;2;1;1;0
202000002476;154 737 888;33;0;2;2;1;0
202000002476;154 737 889;13;0;2;7;15;0
202000002477;154 737 885;33;0;2;0;26;1
202000002477;154 737 886;7;0;2;3;0;1
202000002478;154 737 883;33;0;0;3;1;1
202000002478;154 737 884;7;0;0;6;9;1
202000002479;154 737 882;33;0;0;0;1;1
202000002480;154 737 881;7;0;1;0;24;1
202000002481;154 737 879;10;0;2;7;11;0
202000002481;154 737 880;1;0;2;1;1;5
202000002482;154 737 877;7;0;2;1;15;1
202000002482;154 737 878;7;7;2;3;1;1
202000002483;154 737 876;33;16;0;9;1;1
202000002484;154 737 874;99;0;2;8;19;3
202000002484;154 737 875;15;0;2;2;1;1
202000002485;154 737 872;7;0;2;3;1;1
202000002485;154 737 873;7;0;2;3;15;1
202000002486;154 737 870;7;0;9;2;9;1
202000002486;154 737 871;80;0;0;4;1;3
202000002487;154 737 868;7;0;2;5;2;1
202000002487;154 737 869;33;0;2;3;15;1
202000002488;154 737 866;7;0;2;8;11;1
202000002488;154 737 867;33;0;2;7;1;1
202000002489;154 737 863;7;0;2;9;1;1
202000002489;154 737 864;17;0;2;4;1;1
202000002489;154 737 865;17;0;2;1;1;1
202000002490;154 737 860;7;0;2;0;0;1
202000002490;154 737 861;7;0;2;0;1;1
202000002490;154 737 862;7;0;2;1;1;1
202000002491;154 737 857;7;0;2;0;2;1
202000002491;154 737 858;7;0;2;0;1;1
202000002491;154 737 859;7;0;2;1;1;1
202000002492;154 737 855;7;0;2;4;0;1
202000002492;154 737 856;7;0;2;1;1;1
202000002493;154 737 852;7;0;2;6;1;1
202000002493;154 737 853;15;0;2;2;12;1
202000002493;154 737 854;7;0;2;1;1;1
202000002494;154 737 851;34;11;0;1;1;1
202000002495;154 737 849;7;0;2;4;2;1
202000002495;154 737 850;7;0;2;1;2;1
202000002496;154 737 846;7;0;2;4;2;1
202000002496;154 737 847;7;0;2;4;2;1
202000002496;154 737 848;7;0;2;1;2;1
202000002497;154 737 845;10;0;1;4;4;1
202000002498;154 737 844;10;3;0;2;1;1
202000002499;154 737 843;33;0;0;0;16;1
202000002500;154 737 841;7;0;2;3;1;1
202000002500;154 737 842;30;0;2;1;19;1
202000002501;154 737 840;7;0;1;2;15;1
202000002502;154 737 839;1;0;1;0;2;5
202000002503;154 737 837;1;0;2;7;6;5
202000002503;154 737 838;7;0;2;1;1;1
202000002504;154 737 835;1;0;2;1;19;5
202000002504;154 737 836;7;0;2;7;1;1
202000002505;154 737 833;1;0;2;3;1;5
202000002505;154 737 834;7;0;2;1;1;1
202000002506;154 737 831;7;0;2;1;1;1
202000002506;154 737 832;7;0;2;1;19;1
202000002507;154 737 829;7;0;2;1;1;1
202000002507;154 737 830;7;0;2;4;1;1
202000002508;154 737 828;3;15;0;1;14;3
202000002509;154 737 826;2;0;2;0;1;1
202000002509;154 737 827;7;0;2;5;15;1
202000002510;154 737 824;7;0;2;6;1;1
202000002510;154 737 825;7;0;2;2;12;1
202000002511;154 737 822;10;1;0;2;0;0
202000002511;154 737 823;7;1;2;8;22;0
202000002512;154 737 819;7;0;2;1;1;1
202000002512;154 737 820;7;0;2;6;1;1
202000002512;154 737 821;7;0;2;3;17;1
202000002513;154 737 818;7;0;1;1;15;1
202000002514;154 737 817;7;0;1;2;1;1
202000002515;154 737 815;1;0;2;8;1;5
202000002515;154 737 816;10;0;2;7;17;1
202000002516;154 737 813;7;0;2;1;2;1
202000002516;154 737 814;7;0;2;4;23;1
202000002517;154 737 811;7;0;0;3;2;1
202000002517;154 737 812;34;0;1;8;17;1
202000002518;154 737 810;7;0;1;3;26;1
202000002519;154 737 808;7;0;2;2;15;0
202000002519;154 737 809;1;0;2;1;1;1
202000002520;154 737 807;7;6;0;3;1;0
202000002521;154 737 806;7;0;1;1;1;1
202000002522;154 737 805;7;8;0;1;0;0
202000002523;154 737 803;7;0;2;3;1;0
202000002523;154 737 804;7;0;2;1;1;1
202000002524;154 737 801;7;0;9;3;1;0
202000002524;154 737 802;31;0;2;0;26;1
202000002525;154 737 799;7;0;2;1;1;
202000002525;154 737 800;33;0;2;8;1;1
202000002526;154 737 797;7;0;2;1;15;6
202000002526;154 737 798;7;0;2;7;13;6
202000002527;154 737 795;7;0;2;3;15;1
202000002527;154 737 796;7;0;2;3;1;1
202000002528;154 737 794;7;0;1;7;16;1
202000002529;154 737 791;33;0;2;2;3;1
202000002529;154 737 792;14;0;2;3;22;1
202000002529;154 737 793;10;0;2;2;23;1
202000002530;154 737 790;33;0;1;1;1;1
202000002531;154 737 789;7;1;0;1;1;1
202000002532;154 737 788;7;6;0;7;0;1
202000002533;154 737 786;33;0;0;1;1;1
202000002533;154 737 787;7;0;0;3;15;1
202000002534;154 737 785;7;0;1;1;1;1
202000002535;154 737 784;10;0;1;3;7;1
202000002536;154 737 783;7;0;1;6;15;1
202000002537;154 737 782;7;0;1;2;1;0
202000002538;154 737 780;7;0;2;3;15;1
202000002538;154 737 781;33;0;2;4;23;1
202000002539;154 737 778;7;0;2;7;21;1
202000002539;154 737 779;15;0;2;3;2;1
202000002540;154 737 776;7;0;2;8;15;1
202000002540;154 737 777;7;0;2;1;1;1
202000002541;154 737 774;7;1;0;1;1;0
202000002541;154 737 775;13;0;1;1;23;0
202000002542;154 737 773;7;0;0;9;13;1
202000002543;154 737 771;7;0;2;4;23;1
202000002543;154 737 772;7;0;2;1;1;1
202000002544;154 737 769;7;0;2;1;1;1
202000002544;154 737 770;1;0;2;1;13;5
202000002545;154 737 768;1;0;0;9;1;5
202000002546;154 737 766;1;0;2;7;19;6
202000002546;154 737 767;7;0;2;3;1;0
202000002547;154 737 765;7;2;1;9;15;1
202000002548;154 737 763;10;0;2;3;1;1
202000002548;154 737 764;7;0;2;1;13;0
202000002549;154 737 762;7;0;1;1;1;1
202000002550;154 737 754;7;0;1;2;1;0
202000002551;154 737 752;7;0;2;4;2;1
202000002551;154 737 753;37;0;2;1;2;1
202000002552;154 737 750;7;0;2;0;16;0
202000002552;154 737 751;37;0;2;1;1;1
202000002553;154 737 748;30;0;2;3;2;1
202000002553;154 737 749;7;0;2;1;1;2
202000002554;154 737 746;7;0;2;1;26;1
202000002554;154 737 747;7;0;0;4;2;1
202000002555;154 737 745;7;9;0;3;25;1
202000002556;154 737 743;38;0;2;2;2;1
202000002556;154 737 744;1;0;9;8;25;5
202000002557;154 737 741;7;0;0;0;26;1
202000002557;154 737 742;30;0;0;0;0;1
202000002558;154 737 740;7;0;1;2;1;1
202000002559;154 737 738;2;0;2;5;15;1
202000002559;154 737 739;7;0;2;2;2;1
202000002560;154 737 736;7;0;2;8;1;0
202000002560;154 737 737;7;0;2;3;13;1
202000002561;154 737 735;7;0;1;2;1;1
202000002562;154 737 734;7;0;0;3;0;1
202000002563;154 737 732;7;0;2;3;23;1
202000002563;154 737 733;33;8;2;7;1;1
202000002564;154 737 730;32;0;2;1;1;1
202000002564;154 737 731;7;0;2;2;15;1
202000002565;154 737 729;1;0;0;0;0;5
202000002566;154 737 728;7;0;1;1;15;0
202000002567;154 737 727;7;0;1;2;1;1
202000002568;154 737 726;99;13;0;9;14;1
202000002569;154 737 725;7;0;1;1;1;1
202000002570;154 737 723;30;0;2;7;19;1
202000002570;154 737 724;7;0;2;8;1;1
202000002571;154 737 721;7;0;2;3;15;1
202000002571;154 737 722;30;0;2;8;18;1
202000002572;154 737 719;33;0;0;3;2;1
202000002572;154 737 720;7;0;0;5;9;1
202000002573;154 737 718;7;0;1;3;1;1
202000002574;154 737 716;1;0;2;7;15;5
202000002574;154 737 717;7;0;2;3;1;0
202000002575;154 737 714;7;0;2;1;9;1
202000002575;154 737 715;2;0;2;3;1;1
202000002576;154 737 713;80;0;0;7;20;3
202000002577;154 737 712;2;0;0;0;1;1
202000002578;154 737 710;7;0;2;3;1;1
202000002578;154 737 711;33;0;2;3;5;1
202000002579;154 737 709;7;0;1;4;20;1
202000002580;154 737 707;80;0;2;7;17;3
202000002580;154 737 708;1;0;2;8;1;
202000002581;154 737 706;7;0;1;1;1;1
202000002582;154 737 705;10;0;1;1;1;0
202000002583;154 737 703;1;0;2;8;2;5
202000002583;154 737 704;10;0;2;0;14;1
202000002584;154 737 701;7;0;2;7;2;1
202000002584;154 737 702;2;0;2;3;21;1
202000002585;154 737 699;30;0;2;0;0;1
202000002585;154 737 700;7;0;2;5;23;1
202000002586;154 737 697;1;0;2;1;1;5
202000002586;154 737 698;7;0;2;3;9;1
202000002587;154 737 696;7;13;0;2;1;1
202000002588;154 737 695;30;1;0;2;15;1
202000002589;154 737 693;33;0;2;8;1;1
202000002589;154 737 694;7;0;2;1;19;1
202000002590;154 737 692;7;;1;;;
202000002591;154 737 691;7;0;1;3;15;1
202000002592;154 737 689;2;0;2;7;1;3
202000002592;154 737 690;7;0;2;1;26;1
202000002593;154 737 685;7;0;2;7;19;1
202000002593;154 737 686;30;0;2;1;1;1
202000002594;154 737 684;7;0;1;3;15;1
202000002595;154 737 683;7;0;1;0;0;1
202000002596;154 737 681;7;0;2;3;15;1
202000002596;154 737 682;30;0;2;7;17;1
202000002597;154 737 680;7;0;1;1;15;1
202000002598;154 737 679;7;0;1;2;20;1
202000002599;154 737 678;7;0;1;3;1;1
202000002600;154 737 677;7;13;0;9;13;1
202000002601;154 737 675;2;0;2;1;1;0
202000002601;154 737 676;7;0;9;1;15;0
202000002602;154 737 673;1;0;2;4;15;5
202000002602;154 737 674;7;0;2;2;0;0
202000002603;154 737 672;7;0;1;7;16;1
202000002604;154 737 668;7;0;2;4;23;1
202000002604;154 737 669;7;0;2;1;1;1
202000002604;154 737 670;7;0;2;1;1;1
202000002604;154 737 671;7;0;2;1;2;1
202000002605;154 737 667;30;0;1;1;1;1
202000002606;154 737 666;30;0;1;1;1;1
202000002607;154 737 665;2;0;1;1;1;1
202000002608;154 737 664;7;0;1;1;1;1
202000002609;154 737 663;7;0;1;3;9;0
202000002610;154 737 660;2;0;2;8;1;0
202000002610;154 737 661;7;0;2;3;15;0
202000002611;154 737 658;7;0;2;8;15;1
202000002611;154 737 659;7;0;2;1;1;1
202000002612;154 737 655;60;0;1;8;5;5
202000002612;154 737 656;31;0;2;1;1;1
202000002613;154 737 654;30;0;1;1;1;1
202000002614;154 737 652;7;0;2;3;15;1
202000002614;154 737 653;7;0;2;7;1;1
202000002615;154 737 648;10;0;1;3;1;1
202000002616;154 737 647;7;0;1;2;17;1
202000002617;154 737 646;30;0;1;1;1;1
202000002618;154 737 644;7;0;2;2;22;1
202000002618;154 737 645;34;0;2;1;18;1
202000002619;154 737 642;7;0;2;1;1;1
202000002619;154 737 643;7;0;2;1;13;1
202000002620;154 737 640;7;0;2;3;1;1
202000002620;154 737 641;33;0;0;6;1;1
202000002621;154 737 639;30;0;0;3;1;1
202000002622;154 737 638;1;0;1;1;1;5
202000002623;154 737 636;50;0;2;8;1;3
202000002623;154 737 637;30;0;2;7;1;0
202000002624;154 737 629;33;0;2;1;1;1
202000002624;154 737 630;7;0;2;6;10;1
202000002625;154 737 628;30;1;0;2;1;1
202000002626;154 737 627;7;0;1;1;1;0
202000002627;154 737 625;7;0;2;4;4;1
202000002627;154 737 626;1;0;2;0;1;5
202000002628;154 737 624;30;0;0;0;21;1
202000002629;154 737 623;7;16;0;9;13;1
202000002630;154 737 621;15;0;2;3;0;0
202000002630;154 737 622;7;0;2;1;0;0
202000002631;154 737 620;33;15;0;1;13;1
202000002632;154 737 619;30;0;1;1;1;1
202000002633;154 737 618;7;0;1;1;26;1
202000002634;154 737 617;7;0;1;2;1;1
202000002635;154 737 616;30;0;1;1;1;1
202000002636;154 737 614;1;0;2;1;1;5
202000002636;154 737 615;7;0;2;3;15;1
202000002637;154 737 613;7;0;1;2;1;0
202000002638;154 737 611;7;0;0;5;2;1
202000002638;154 737 612;33;0;2;1;2;1
202000002639;154 737 609;7;0;2;1;19;1
202000002639;154 737 610;32;0;2;2;1;1
202000002640;154 737 604;7;0;2;0;0;0
202000002640;154 737 605;7;0;2;2;1;1
202000002640;154 737 606;2;0;2;2;1;1
202000002641;154 737 603;7;15;1;1;15;1
202000002642;154 737 602;7;0;1;0;1;1
202000002643;154 737 601;7;0;1;1;1;1
202000002644;154 737 597;7;0;1;6;4;1
202000002645;154 737 595;7;0;2;3;1;1
202000002645;154 737 596;7;0;2;3;1;1
202000002646;154 737 594;7;0;1;5;9;1
202000002647;154 737 592;7;0;2;3;15;1
202000002647;154 737 593;7;0;2;1;1;1
202000002648;154 737 591;7;0;1;2;15;1
202000002649;154 737 590;7;0;1;4;4;1
202000002650;154 737 589;1;9;0;1;1;5
202000002651;154 737 587;7;5;2;6;1;1
202000002651;154 737 588;7;5;2;3;1;1
202000002652;154 737 586;7;2;0;1;13;1
202000002653;154 737 585;31;0;1;1;26;0
202000002654;154 737 583;35;0;2;1;10;1
202000002654;154 737 584;1;0;2;1;1;5
202000002655;154 737 582;7;0;1;3;1;1
202000002656;154 737 581;7;0;1;4;4;1
202000002657;154 737 580;7;14;1;0;1;0
202000002658;154 737 579;7;0;1;1;19;0
202000002659;154 737 577;7;0;0;3;1;1
202000002659;154 737 578;30;0;2;3;13;1
202000002660;154 737 575;30;0;9;2;1;1
202000002660;154 737 576;1;0;9;3;13;5
202000002661;154 737 573;30;0;2;7;15;1
202000002661;154 737 574;10;0;2;1;1;1
202000002662;154 737 571;7;0;2;2;9;1
202000002662;154 737 572;7;0;2;1;16;1
202000002663;154 737 569;1;0;2;2;1;5
202000002663;154 737 570;7;0;2;3;9;1
202000002664;154 737 568;7;0;1;2;26;0
202000002665;154 737 566;7;0;2;8;4;1
202000002665;154 737 567;10;0;2;1;26;1
202000002666;154 737 564;7;0;2;2;15;1
202000002666;154 737 565;7;0;2;1;1;1
202000002667;154 737 563;99;0;1;1;1;
202000002668;154 737 562;37;0;1;7;26;1
202000002669;154 737 561;10;0;1;3;1;1
202000002670;154 737 560;7;0;1;1;1;1
202000002671;154 737 559;10;0;1;1;1;1
202000002672;154 737 558;7;0;1;1;1;1
202000002673;154 737 556;2;0;2;1;25;1
202000002673;154 737 557;2;0;2;1;1;1
202000002674;154 737 555;7;0;1;0;9;0
202000002675;154 737 553;33;0;2;2;2;1
202000002675;154 737 554;7;0;2;1;9;1
202000002676;154 737 552;33;2;0;1;19;1
202000002677;154 737 551;7;0;1;1;1;1
202000002678;154 737 550;10;0;1;1;17;1
202000002679;154 737 548;7;0;2;1;2;0
202000002679;154 737 549;7;0;0;4;1;1
202000002680;154 737 547;7;3;0;2;1;1
202000002681;154 737 546;7;4;0;1;1;0
202000002682;154 737 544;7;4;2;8;1;1
202000002682;154 737 545;14;0;2;2;12;1
202000002683;154 737 542;3;0;2;3;13;3
202000002683;154 737 543;33;0;2;3;1;1
202000002684;154 737 540;7;1;2;1;1;0
202000002684;154 737 541;7;0;2;5;15;1
202000002685;154 737 538;30;0;2;1;1;1
202000002685;154 737 539;7;0;2;6;23;1
202000002686;154 737 537;7;8;0;1;13;1
202000002687;154 737 536;7;8;0;3;1;1
202000002688;154 737 534;7;0;2;8;15;1
202000002688;154 737 535;30;0;2;1;1;1
202000002689;154 737 532;7;0;2;0;1;1
202000002689;154 737 533;7;0;2;2;9;1
202000002690;154 737 530;30;0;2;1;1;1
202000002690;154 737 531;7;0;2;8;10;1
202000002691;154 737 528;2;0;2;0;0;1
202000002691;154 737 529;7;0;2;1;15;1
202000002692;154 737 526;31;0;2;1;1;1
202000002692;154 737 527;7;0;2;8;1;1
202000002693;154 737 524;10;0;2;5;16;1
202000002693;154 737 525;33;0;2;1;7;1
202000002694;154 737 522;30;0;2;1;1;1
202000002694;154 737 523;10;0;2;3;20;1
202000002695;154 737 521;7;6;0;1;13;1
202000002696;154 737 520;7;8;0;3;13;1
202000002697;154 737 518;10;0;2;1;0;1
202000002697;154 737 519;2;0;2;1;0;1
202000002698;154 737 516;7;0;2;6;15;1
202000002698;154 737 517;33;0;2;1;17;1
202000002699;154 737 514;1;0;2;0;13;5
202000002699;154 737 515;7;0;9;2;11;0
202000002700;154 737 513;7;0;1;4;4;1
202000002701;154 737 511;7;0;2;3;19;1
202000002701;154 737 512;33;0;2;1;1;1
202000002702;154 737 509;7;0;2;8;15;1
202000002702;154 737 510;2;6;2;1;17;1
202000002703;154 737 507;7;0;2;8;1;1
202000002703;154 737 508;32;0;2;2;2;1
202000002704;154 737 505;32;0;2;4;1;1
202000002704;154 737 506;7;0;2;1;2;0
202000002705;154 737 503;33;0;2;1;2;1
202000002705;154 737 504;7;0;2;4;1;1
202000002706;154 737 501;7;0;2;2;1;1
202000002706;154 737 502;1;0;2;8;11;5
202000002707;154 737 499;7;0;2;5;15;1
202000002707;154 737 500;33;0;2;1;1;1
202000002708;154 737 498;7;0;1;7;13;1
202000002709;154 737 496;7;0;2;2;1;1
202000002709;154 737 497;7;0;2;2;1;1
202000002710;154 737 494;43;0;2;1;1;1
202000002710;154 737 495;7;0;2;3;1;1
202000002711;154 737 492;1;0;2;1;3;5
202000002711;154 737 493;7;0;9;3;11;1
202000002712;154 737 490;7;0;2;4;2;1
202000002712;154 737 491;7;0;2;1;2;1
202000002713;154 737 488;7;0;2;1;19;1
202000002713;154 737 489;7;0;2;0;0;1
202000002714;154 737 487;30;0;0;0;1;1
202000002715;154 737 485;7;0;2;7;15;2
202000002715;154 737 486;33;0;2;1;1;1
202000002716;154 737 483;31;0;2;8;3;1
202000002716;154 737 484;7;0;2;7;12;3
202000002717;154 737 481;50;0;2;7;1;3
202000002717;154 737 482;7;0;2;1;9;1
202000002718;154 737 479;50;0;2;1;9;3
202000002718;154 737 480;10;0;2;8;9;1
202000002719;154 737 477;7;0;2;1;15;0
202000002719;154 737 478;2;0;2;1;0;0
202000002720;154 737 475;30;0;2;1;17;1
202000002720;154 737 476;7;0;2;8;15;1
202000002721;154 737 473;7;0;2;3;1;1
202000002721;154 737 474;7;0;2;3;13;1
202000002722;154 737 472;7;8;0;0;1;1
202000002723;154 737 471;7;0;0;0;0;1
202000002724;154 737 469;7;0;2;3;1;1
202000002724;154 737 470;31;0;2;1;1;1
202000002725;154 737 467;7;0;0;1;1;1
202000002725;154 737 468;7;0;0;2;1;1
202000002726;154 737 465;33;0;2;1;1;1
202000002726;154 737 466;7;0;2;6;16;1
202000002727;154 737 463;7;0;2;3;1;1
202000002727;154 737 464;10;0;2;3;1;1
202000002728;154 737 462;7;0;0;0;16;1
202000002729;154 737 461;7;13;0;3;1;1
202000002730;154 737 459;7;0;2;8;9;1
202000002730;154 737 460;2;0;0;7;26;1
202000002731;154 737 458;1;1;0;1;2;5
202000002732;154 737 457;7;15;0;1;13;1
202000002733;154 737 456;3;1;0;1;13;0
202000002734;154 737 455;2;0;0;8;1;1
202000002735;154 737 454;37;0;0;0;21;1
202000002736;154 737 452;15;0;0;4;2;1
202000002736;154 737 453;10;0;2;1;2;1
202000002737;154 737 451;7;13;0;1;14;1
202000002738;154 737 450;7;13;0;9;17;1
202000002739;154 737 448;7;0;0;5;26;1
202000002739;154 737 449;7;1;0;3;2;1
202000002740;154 737 446;7;0;2;1;1;1
202000002740;154 737 447;33;0;0;4;1;1
202000002741;154 737 443;10;0;2;3;17;1
202000002741;154 737 444;17;0;2;3;1;1
202000002741;154 737 445;15;0;2;3;1;1
202000002742;154 737 442;2;6;0;1;14;1
202000002743;154 737 440;7;0;2;7;5;1
202000002743;154 737 441;7;0;2;3;5;1
202000002744;154 737 438;17;0;2;4;1;1
202000002744;154 737 439;7;0;2;1;2;1
202000002745;154 737 436;33;0;2;4;1;1
202000002745;154 737 437;7;0;2;0;1;1
202000002746;154 737 433;7;3;0;9;0;1
202000002746;154 737 434;7;0;0;9;0;1
202000002746;154 737 435;7;0;2;1;0;1
202000002747;154 737 431;10;0;0;3;1;1
202000002747;154 737 432;2;0;0;1;26;1
202000002748;154 737 430;7;2;0;6;1;1
202000002749;154 737 429;7;0;0;0;14;1
202000002750;154 737 428;7;0;1;3;1;1
202000002751;154 737 427;7;0;1;1;16;1
202000002752;154 737 426;7;6;0;1;0;1
202000002753;154 737 420;7;0;9;3;9;1
202000002753;154 737 421;1;0;0;0;26;5
202000002754;154 737 419;7;0;0;0;1;1
202000002755;154 737 416;7;0;2;1;2;1
202000002755;154 737 417;7;0;2;4;2;1
202000002755;154 737 418;7;0;0;4;1;1
202000002756;154 737 415;7;1;0;3;17;1
202000002757;154 737 414;7;13;0;3;1;1
202000002758;154 737 412;7;0;2;1;1;1
202000002758;154 737 413;7;0;2;2;1;1
202000002759;154 737 410;7;0;2;3;1;1
202000002759;154 737 411;7;0;2;2;26;1
202000002760;154 737 409;7;16;0;9;1;1
202000002761;154 737 407;7;0;2;3;11;1
202000002761;154 737 408;33;0;2;7;3;1
202000002762;154 737 405;13;0;2;1;1;1
202000002762;154 737 406;7;0;2;5;12;1
202000002763;154 737 403;7;0;2;1;13;1
202000002763;154 737 404;7;0;0;4;1;1
202000002764;154 737 402;7;4;0;3;13;1
202000002765;154 737 399;7;0;9;4;1;1
202000002765;154 737 400;7;0;2;3;0;1
202000002765;154 737 401;7;0;2;1;19;1
202000002766;154 737 397;50;0;2;1;1;3
202000002766;154 737 398;7;0;2;3;1;1
202000002767;154 737 395;30;0;2;1;1;1
202000002767;154 737 396;3;0;2;2;15;1
202000002768;154 737 393;7;0;2;3;1;1
202000002768;154 737 394;2;0;2;1;2;0
202000002769;154 737 391;7;15;0;3;23;1
202000002769;154 737 392;1;0;2;3;19;5
202000002770;154 737 388;7;0;2;8;9;1
202000002770;154 737 389;7;0;2;1;1;1
202000002770;154 737 390;7;0;2;1;1;1
202000002771;154 737 387;7;0;1;1;26;1
202000002772;154 737 386;2;0;2;4;1;0
202000002773;154 737 384;32;0;2;8;3;6
202000002773;154 737 385;7;0;2;7;12;6
202000002774;154 737 383;7;0;1;1;26;0
202000002775;154 737 382;33;11;0;1;1;1
202000002776;154 737 381;7;0;1;0;26;1
202000002777;154 737 380;7;0;1;3;9;1
202000002778;154 737 379;7;0;1;3;15;0
202000002779;154 737 376;7;0;2;5;23;1
202000002779;154 737 377;7;0;2;1;2;1
202000002779;154 737 378;33;0;2;5;17;1
202000002780;154 737 375;7;6;0;1;15;1
202000002781;154 737 373;7;0;2;1;5;0
202000002781;154 737 374;7;0;0;0;0;0
202000002782;154 737 371;2;0;2;3;0;1
202000002782;154 737 372;7;0;2;2;20;1
202000002783;154 737 369;10;0;2;1;15;1
202000002783;154 737 370;50;0;2;4;16;3
202000002784;154 737 368;10;10;0;1;1;1
202000002785;154 737 367;30;1;0;1;1;1
202000002786;154 737 365;33;0;2;3;1;1
202000002786;154 737 366;7;0;2;5;1;1
202000002787;154 737 364;7;6;0;1;1;1
202000002788;154 737 362;30;0;2;4;2;1
202000002788;154 737 363;30;0;0;4;2;1
202000002789;154 737 360;7;0;9;3;15;1
202000002789;154 737 361;1;0;2;1;1;5
202000002790;154 737 359;7;0;1;3;1;1
202000002791;154 737 358;7;0;1;3;16;1
202000002792;154 737 357;33;0;0;0;0;1
202000002793;154 737 355;1;0;2;1;1;
202000002793;154 737 356;7;0;2;5;15;1
202000002794;154 737 352;7;2;0;1;14;1
202000002795;154 737 350;2;0;2;8;1;1
202000002795;154 737 351;7;0;2;1;15;1
202000002796;154 737 349;7;0;1;1;1;1
202000002797;154 737 347;7;0;2;3;10;0
202000002797;154 737 348;33;0;2;1;17;3
202000002798;154 737 345;7;1;0;8;14;1
202000002798;154 737 346;7;0;2;0;0;0
202000002799;154 737 343;7;0;2;2;15;1
202000002799;154 737 344;7;0;2;3;0;1
202000002800;154 737 338;7;0;0;0;0;0
202000002800;154 737 339;7;0;0;0;0;0
202000002800;154 737 340;10;0;0;0;0;0
202000002800;154 737 341;7;0;0;0;0;0
202000002800;154 737 342;7;15;2;1;1;1
202000002801;154 737 337;7;0;1;1;1;0
202000002802;154 737 336;1;0;1;1;5;5
202000002803;154 737 335;7;12;0;3;14;1
202000002804;154 737 333;30;0;2;8;15;1
202000002804;154 737 334;32;0;2;7;17;1
202000002805;154 737 331;7;0;2;3;23;1
202000002805;154 737 332;33;0;1;1;17;1
202000002806;154 737 329;7;0;2;4;1;1
202000002806;154 737 330;34;0;2;1;2;1
202000002807;154 737 327;7;0;2;1;2;1
202000002807;154 737 328;32;0;2;0;23;1
202000002808;154 737 326;7;0;1;1;15;1
202000002809;154 737 323;7;0;2;4;23;1
202000002809;154 737 324;7;0;2;4;23;1
202000002809;154 737 325;7;0;2;1;2;1
202000002810;154 737 321;2;0;2;1;1;1
202000002810;154 737 322;1;0;2;1;1;5
202000002811;154 737 319;1;0;2;4;0;5
202000002811;154 737 320;7;0;2;1;26;1
202000002812;154 737 318;7;0;1;1;1;1
202000002813;154 737 316;7;0;2;3;11;1
202000002813;154 737 317;7;0;2;2;1;1
202000002814;154 737 314;34;1;0;2;13;1
202000002814;154 737 315;7;0;9;6;13;1
202000002815;154 737 312;7;0;2;2;1;1
202000002815;154 737 313;7;9;2;1;18;1
202000002816;154 737 310;7;0;2;4;1;1
202000002816;154 737 311;0;0;2;4;2;0
202000002817;154 737 307;7;0;2;6;26;1
202000002817;154 737 308;7;0;2;2;9;1
202000002817;154 737 309;7;0;2;1;1;1
202000002818;154 737 305;7;0;2;1;1;1
202000002818;154 737 306;7;0;2;7;19;1
202000002819;154 737 303;36;0;2;1;5;1
202000002819;154 737 304;36;0;2;1;23;1
202000002820;154 737 301;7;0;2;3;16;1
202000002820;154 737 302;33;0;2;3;1;1
202000002821;154 737 299;99;0;0;1;15;1
202000002821;154 737 300;33;0;0;1;1;1
202000002822;154 737 297;7;0;2;5;23;3
202000002822;154 737 298;1;0;2;1;3;6
202000002823;154 737 295;2;0;2;1;1;1
202000002823;154 737 296;7;0;2;4;15;1
202000002824;154 737 294;7;1;1;3;20;1
202000002825;154 737 292;30;0;2;1;1;1