Num_Acc;id_vehicule;categorie_vehicule;obstacle_fixe;obstacle_mobile;point_choc_initial;manoeuvre_principale;motorisation
202000002825;154 737 293;7;0;2;6;26;1
202000002826;154 737 290;7;0;2;2;1;1
202000002826;154 737 291;32;0;2;1;13;1
202000002827;154 737 289;2;0;0;0;16;1
202000002828;154 737 287;7;0;2;3;1;1
202000002828;154 737 288;10;0;2;3;13;1
202000002829;154 737 285;7;0;0;1;1;6
202000002829;154 737 286;7;0;0;1;13;1
202000002830;154 737 284;10;15;0;1;14;1
202000002831;154 737 282;7;0;2;8;15;1
202000002831;154 737 283;34;0;2;1;1;1
202000002832;154 737 280;7;0;2;2;19;1
202000002832;154 737 281;33;0;2;7;0;1
202000002833;154 737 279;36;0;0;0;26;1
202000002834;154 737 278;7;6;0;1;1;1
202000002835;154 737 276;2;0;2;4;1;1
202000002835;154 737 277;7;0;2;1;2;1
202000002836;154 737 275;1;0;0;0;1;5
202000002837;154 737 272;10;0;2;1;1;1
202000002837;154 737 273;7;0;2;4;2;1
202000002837;154 737 274;7;0;2;3;1;1
202000002838;154 737 270;7;0;2;1;23;1
202000002838;154 737 271;7;13;2;8;1;1
202000002839;154 737 268;7;0;2;1;1;0
202000002839;154 737 269;1;0;0;8;15;0
202000002840;154 737 266;7;0;2;1;1;1
202000002840;154 737 267;7;0;2;4;1;1
202000002841;154 737 265;7;12;0;1;13;6
202000002842;154 737 264;7;16;0;9;0;1
202000002843;154 737 263;1;0;0;9;16;5
202000002844;154 737 262;7;0;1;1;1;1
202000002845;154 737 261;33;0;0;8;0;1
202000002846;154 737 260;10;0;0;2;1;1
202000002847;154 737 256;7;0;2;6;1;1
202000002847;154 737 257;33;0;2;4;17;1
202000002847;154 737 258;33;0;2;1;17;1
202000002847;154 737 259;7;0;2;1;1;1
202000002848;154 737 255;33;6;0;7;1;1
202000002849;154 737 254;7;8;0;1;1;1
202000002850;154 737 252;7;0;2;7;2;1
202000002850;154 737 253;7;0;2;1;2;1
202000002851;154 737 250;2;0;2;1;1;6
202000002851;154 737 251;7;0;0;8;1;6
202000002852;154 737 248;7;0;2;3;1;1
202000002852;154 737 249;7;0;2;8;1;1
202000002853;154 737 247;7;0;1;4;20;1
202000002854;154 737 246;10;13;0;1;14;1
202000002855;154 737 245;7;6;0;0;0;1
202000002856;154 737 244;33;3;0;0;1;1
202000002857;154 737 243;33;0;0;0;1;1
202000002858;154 737 242;33;13;0;1;1;1
202000002859;154 737 240;7;0;2;8;13;1
202000002859;154 737 241;7;0;2;7;2;1
202000002860;154 737 238;33;0;2;1;1;1
202000002860;154 737 239;7;0;2;4;2;1
202000002861;154 737 236;7;0;2;3;1;1
202000002861;154 737 237;7;0;2;2;4;1
202000002862;154 737 235;7;4;0;3;11;0
202000002863;154 737 233;7;0;1;0;15;1
202000002864;154 737 231;1;0;2;1;1;5
202000002864;154 737 232;7;0;2;2;16;1
202000002865;154 737 229;7;0;2;3;26;1
202000002865;154 737 230;2;0;2;1;1;1
202000002866;154 737 228;7;0;1;2;2;1
202000002867;154 737 226;7;0;2;3;1;0
202000002867;154 737 227;33;0;2;5;23;1
202000002868;154 737 225;7;0;1;0;26;1
202000002869;154 737 224;30;0;1;7;26;1
202000002870;154 737 222;2;0;2;1;1;0
202000002870;154 737 223;7;0;2;3;23;0
202000002871;154 737 221;7;0;1;1;2;1
202000002872;154 737 219;99;0;2;1;1;0
202000002872;154 737 220;99;0;0;4;1;0
202000002873;154 737 218;7;0;1;1;1;1
202000002874;154 737 217;34;0;1;0;13;0
202000002875;154 737 216;1;0;0;0;1;5
202000002876;154 737 214;7;0;2;2;1;1
202000002876;154 737 215;50;0;2;1;1;3
202000002877;154 737 213;30;1;0;2;14;1
202000002878;154 737 210;7;0;2;1;15;2
202000002878;154 737 211;1;0;2;1;1;0
202000002879;154 737 209;7;0;1;4;4;1
202000002880;154 737 207;43;0;2;1;1;1
202000002880;154 737 208;1;0;2;7;1;5
202000002881;154 737 205;32;0;2;4;23;1
202000002881;154 737 206;7;0;2;1;1;0
202000002882;154 737 203;33;0;2;7;17;1
202000002882;154 737 204;7;0;2;8;15;1
202000002883;154 737 201;31;0;2;1;17;0
202000002883;154 737 202;7;0;2;8;22;0
202000002884;154 737 199;7;0;2;1;2;1
202000002884;154 737 200;7;14;0;4;2;1
202000002885;154 737 197;32;0;2;1;1;1
202000002885;154 737 198;7;0;2;2;15;1
202000002886;154 737 195;1;0;2;8;2;5
202000002886;154 737 196;7;0;2;2;17;1
202000002887;154 737 192;7;0;2;8;15;1
202000002887;154 737 193;7;0;0;0;26;1
202000002887;154 737 194;34;0;2;1;2;1
202000002888;154 737 190;7;0;2;6;15;1
202000002888;154 737 191;7;0;0;0;0;1
202000002889;154 737 188;7;0;2;4;2;0
202000002889;154 737 189;30;0;2;1;1;0
202000002890;154 737 186;33;0;2;1;1;1
202000002890;154 737 187;7;0;2;1;21;1
202000002891;154 737 184;7;0;2;1;2;1
202000002891;154 737 185;7;0;2;4;2;1
202000002892;154 737 183;30;0;1;1;19;1
202000002893;154 737 180;7;0;2;1;1;0
202000002893;154 737 181;7;0;2;1;23;0
202000002893;154 737 182;7;1;2;1;13;0
202000002894;154 737 179;7;0;1;2;1;1
202000002895;154 737 177;7;0;2;3;15;1
202000002895;154 737 178;33;0;2;1;1;1
202000002896;154 737 175;99;0;2;0;;
202000002896;154 737 176;20;0;2;0;;
202000002897;154 737 173;99;0;2;1;10;1
202000002897;154 737 174;31;0;2;7;0;0
202000002898;154 737 172;7;12;1;1;0;1
202000002899;154 737 170;7;0;2;1;15;1
202000002899;154 737 171;33;0;2;3;1;1
202000002900;154 737 169;7;0;1;1;16;2
202000002901;154 737 168;7;0;1;1;2;1
202000002902;154 737 166;7;0;2;3;1;0
202000002902;154 737 167;7;0;2;8;15;0
202000002903;154 737 164;7;0;0;7;15;1
202000002903;154 737 165;33;0;2;1;1;1
202000002904;154 737 162;7;0;0;7;16;0
202000002904;154 737 163;1;0;0;1;1;5
202000002905;154 737 160;1;0;0;8;15;5
202000002905;154 737 161;7;0;2;2;1;1
202000002906;154 737 159;14;4;0;1;1;1
202000002907;154 737 157;7;0;2;7;13;1
202000002907;154 737 158;7;0;2;1;1;1
202000002908;154 737 156;1;0;0;0;0;5
202000002909;154 737 154;15;0;0;6;1;1
202000002909;154 737 155;10;0;2;2;2;1
202000002910;154 737 151;7;15;0;1;1;1
202000002911;154 737 150;33;6;0;2;1;1
202000002912;154 737 148;33;0;2;1;1;1
202000002912;154 737 149;21;0;0;4;23;1
202000002913;154 737 147;31;2;0;1;1;1
202000002914;154 737 145;7;8;0;2;1;1
202000002915;154 737 143;7;0;2;1;1;1
202000002915;154 737 144;1;0;2;4;1;0
202000002916;154 737 142;36;0;0;9;1;1
202000002917;154 737 139;7;2;0;;1;1
202000002918;154 737 138;7;0;1;1;1;0
202000002919;154 737 136;7;0;2;1;15;1
202000002919;154 737 137;1;0;2;1;1;5
202000002920;154 737 135;33;0;0;7;0;1
202000002921;154 737 134;33;0;0;1;1;1
202000002922;154 737 133;31;8;0;1;1;1
202000002923;154 737 131;15;0;2;2;19;1
202000002923;154 737 132;7;0;2;7;1;1
202000002924;154 737 130;2;0;5;1;1;0
202000002925;154 737 128;7;0;2;3;1;0
202000002925;154 737 129;2;0;2;3;1;1
202000002926;154 737 126;10;0;2;2;2;1
202000002926;154 737 127;1;0;2;4;1;5
202000002927;154 737 124;7;0;2;1;1;1
202000002927;154 737 125;7;0;2;2;9;1
202000002928;154 737 123;7;13;0;8;1;1
202000002929;154 737 122;1;0;0;9;1;5
202000002930;154 737 121;33;0;0;8;1;1
202000002931;154 737 119;43;0;2;3;5;1
202000002931;154 737 120;7;0;2;3;1;1
202000002932;154 737 118;1;16;0;9;1;5
202000002933;154 737 116;7;0;2;4;9;1
202000002933;154 737 117;10;0;2;1;2;1
202000002934;154 737 114;21;0;0;4;2;1
202000002934;154 737 115;1;0;2;1;1;5
202000002935;154 737 113;33;5;0;0;0;1
202000002936;154 737 111;7;0;2;3;1;0
202000002936;154 737 112;1;0;2;0;1;6
202000002937;154 737 110;33;13;0;2;1;1
202000002938;154 737 109;33;0;0;7;16;1
202000002939;154 737 107;33;0;2;2;17;1
202000002939;154 737 108;21;0;0;0;15;1
202000002940;154 737 105;7;0;2;3;1;0
202000002940;154 737 106;2;0;2;1;0;0
202000002941;154 737 104;33;3;0;7;1;1
202000002942;154 737 102;34;0;9;2;17;1
202000002943;154 737 100;7;0;2;6;15;1
202000002943;154 737 101;34;0;2;1;17;1
202000002944;154 737 097;7;0;2;8;19;1
202000002944;154 737 098;7;0;2;1;1;1
202000002945;154 737 095;10;0;2;3;1;1
202000002945;154 737 096;7;0;2;3;13;1
202000002946;154 737 093;80;0;2;8;2;3
202000002946;154 737 094;7;0;2;2;17;0
202000002947;154 737 092;2;12;0;0;2;0
202000002948;154 737 090;7;0;2;1;1;1
202000002948;154 737 091;7;0;2;1;1;1
202000002949;154 737 089;7;17;0;1;0;1
202000002950;154 737 087;7;0;2;3;1;1
202000002950;154 737 088;10;0;2;3;13;1
202000002951;154 737 085;7;0;2;4;2;1
202000002951;154 737 086;7;0;2;1;2;1
202000002952;154 737 083;17;0;2;1;2;1
202000002952;154 737 084;17;0;2;4;2;1
202000002953;154 737 082;7;3;0;3;2;1
202000002954;154 737 080;32;0;2;6;1;1
202000002954;154 737 081;10;0;2;5;12;1
202000002955;154 737 079;10;4;0;3;13;1
202000002956;154 737 077;7;0;2;3;18;1
202000002956;154 737 078;7;0;2;5;1;1
202000002957;154 737 075;10;0;2;4;2;1
202000002957;154 737 076;7;0;2;1;3;1
202000002958;154 737 073;7;0;2;4;2;1
202000002958;154 737 074;14;0;2;1;2;1
202000002959;154 737 071;7;0;2;7;15;1
202000002959;154 737 072;32;0;2;1;1;1
202000002960;154 737 069;7;0;2;8;0;0
202000002960;154 737 070;7;0;2;1;5;0
202000002961;154 737 067;7;0;2;1;1;1
202000002961;154 737 068;30;0;2;8;26;1
202000002962;154 737 065;7;0;9;7;15;0
202000002962;154 737 066;1;0;2;0;0;0
202000002963;154 737 064;7;6;0;3;0;1
202000002964;154 737 062;7;0;2;7;10;1
202000002964;154 737 063;32;0;2;1;1;1
202000002965;154 737 060;31;0;2;1;26;1
202000002965;154 737 061;7;0;2;3;26;1
202000002966;154 737 059;7;0;1;1;15;1
202000002967;154 737 057;7;0;2;4;2;1
202000002967;154 737 058;7;0;2;1;2;1
202000002968;154 737 056;7;2;0;9;1;1
202000002969;154 737 054;7;0;2;1;24;1
202000002969;154 737 055;1;1;0;0;0;0
202000002970;154 737 052;7;0;2;1;1;1
202000002970;154 737 053;7;0;2;3;15;1
202000002971;154 737 051;7;0;1;3;18;1
202000002972;154 737 047;1;0;2;4;1;5
202000002972;154 737 048;7;0;2;2;2;1
202000002973;154 737 044;7;0;2;1;1;1
202000002973;154 737 045;80;0;2;8;19;3
202000002974;154 737 042;7;0;2;8;1;1
202000002974;154 737 043;7;9;2;1;1;1
202000002975;154 737 040;7;0;2;3;1;0
202000002975;154 737 041;7;0;2;3;13;0
202000002976;154 737 038;7;0;2;2;16;1
202000002976;154 737 039;1;0;2;1;19;5
202000002977;154 737 036;33;0;2;1;1;1
202000002977;154 737 037;10;0;2;2;19;1
202000002978;154 737 034;7;0;2;1;9;1
202000002978;154 737 035;1;0;2;7;15;5
202000002979;154 737 033;7;0;1;2;1;1
202000002980;154 737 032;99;0;1;0;17;0
202000002981;154 737 031;7;0;1;2;26;0
202000002982;154 737 029;7;0;2;3;9;1
202000002982;154 737 030;1;0;2;4;0;5
202000002983;154 737 027;7;0;2;8;22;1
202000002983;154 737 028;1;1;0;1;1;5
202000002984;154 737 025;7;0;2;3;16;1
202000002984;154 737 026;7;0;2;3;23;1
202000002985;154 737 023;7;0;2;1;2;0
202000002985;154 737 024;7;0;2;4;2;0
202000002986;154 737 021;30;0;0;0;21;1
202000002986;154 737 022;7;0;0;0;1;1
202000002987;154 737 020;1;12;0;1;26;5
202000002988;154 737 018;7;1;2;4;24;1
202000002988;154 737 019;7;0;0;0;0;0
202000002989;154 737 017;30;0;0;8;1;1
202000002990;154 737 015;7;0;2;1;2;1
202000002990;154 737 016;31;0;2;4;1;1
202000002991;154 737 013;2;0;2;4;23;3
202000002991;154 737 014;7;0;2;1;1;1
202000002992;154 737 011;1;0;2;1;1;5
202000002992;154 737 012;7;0;9;7;15;1
202000002993;154 737 008;7;0;2;4;2;1
202000002993;154 737 009;7;0;2;1;2;1
202000002993;154 737 010;7;0;0;4;2;1
202000002994;154 737 006;7;0;2;3;1;1
202000002994;154 737 007;1;0;2;0;5;5
202000002995;154 737 003;7;0;2;1;1;1
202000002995;154 737 004;10;0;2;4;1;1
202000002995;154 737 005;7;0;2;4;16;1
202000002996;154 737 002;7;2;0;1;13;1
202000002997;154 737 001;33;6;0;1;26;1
202000002998;154 736 999;10;0;2;2;1;1
202000002998;154 737 000;30;0;2;5;1;1
202000002999;154 736 998;7;0;1;1;2;1
202000003000;154 736 995;10;0;2;1;2;1
202000003000;154 736 997;7;0;2;4;2;1
202000003001;154 736 994;7;0;2;1;2;1
202000003001;154 736 996;36;0;2;5;21;1
202000003002;154 736 991;10;0;2;8;1;1
202000003002;154 736 993;7;0;2;1;1;1
202000003003;154 736 990;7;0;2;1;1;1
202000003003;154 736 992;7;0;2;4;1;1
202000003004;154 736 987;7;0;2;4;1;1
202000003004;154 736 988;10;0;2;1;1;1
202000003004;154 736 989;7;0;2;0;1;1
202000003005;154 736 984;7;0;2;8;23;0
202000003005;154 736 985;7;0;2;1;15;0
202000003005;154 736 986;33;0;2;1;1;0
202000003006;154 736 980;7;0;2;1;15;0
202000003006;154 736 981;33;0;2;1;1;0
202000003007;154 736 982;2;0;2;1;1;1
202000003007;154 736 983;7;0;2;3;1;1
202000003008;154 736 979;34;0;0;0;0;0
202000003009;154 736 977;7;0;2;1;15;1
202000003009;154 736 978;10;0;2;1;1;1
202000003010;154 736 975;7;0;2;7;14;0
202000003010;154 736 976;33;0;2;8;1;0
202000003011;154 736 974;7;0;1;3;1;0
202000003012;154 736 972;50;0;2;0;1;3
202000003012;154 736 973;7;0;9;2;12;1
202000003013;154 736 971;7;1;0;1;1;1
202000003014;154 736 969;2;0;1;1;26;1
202000003015;154 736 970;7;6;0;3;13;1
202000003016;154 736 968;2;6;0;1;13;1
202000003017;154 736 965;31;0;2;8;16;1
202000003017;154 736 967;99;0;2;2;26;1
202000003018;154 736 964;2;0;2;1;1;1
202000003018;154 736 966;7;0;2;6;1;1
202000003019;154 736 960;7;0;2;3;1;1
202000003019;154 736 962;7;0;2;1;17;1
202000003020;154 736 961;33;0;2;0;1;1
202000003020;154 736 963;7;0;2;0;15;1
202000003021;154 736 957;7;0;2;1;10;1
202000003021;154 736 958;33;0;2;1;1;1
202000003022;154 736 956;7;0;2;7;1;1
202000003022;154 736 959;7;0;2;3;19;1
202000003023;154 736 955;7;0;1;1;1;1
202000003024;154 736 954;7;0;0;9;1;1
202000003025;154 736 953;33;1;0;5;1;1
202000003026;154 736 950;14;0;2;1;1;1
202000003026;154 736 952;7;0;2;8;10;1
202000003027;154 736 949;7;1;0;2;19;1
202000003027;154 736 951;2;0;2;1;1;1
202000003028;154 736 948;7;0;1;4;26;1
202000003029;154 736 947;7;0;0;0;1;1
202000003030;154 736 943;7;0;9;2;17;0
202000003030;154 736 945;1;0;2;0;0;5
202000003031;154 736 942;7;0;2;9;23;1
202000003031;154 736 944;7;0;2;4;1;1
202000003031;154 736 946;7;0;2;1;2;1
202000003032;154 736 941;1;12;0;1;1;5
202000003033;154 736 940;7;2;0;1;0;1
202000003034;154 736 936;7;0;2;1;1;1
202000003034;154 736 938;7;0;2;1;1;1
202000003034;154 736 939;7;0;2;1;15;1
202000003035;154 736 935;2;0;2;1;0;1
202000003035;154 736 937;7;0;2;1;0;1
202000003036;154 736 934;7;0;1;2;2;1
202000003037;154 736 932;14;0;2;3;0;1
202000003037;154 736 933;1;0;2;0;0;5
202000003038;154 736 931;1;1;0;0;14;5
202000003039;154 736 929;7;0;2;1;15;1
202000003039;154 736 930;7;0;2;1;1;1
202000003040;154 736 928;37;0;1;2;7;2
202000003041;154 736 926;1;0;2;1;1;5
202000003041;154 736 927;7;0;2;3;15;1
202000003042;154 736 924;10;0;2;2;1;1
202000003042;154 736 925;3;0;2;1;1;1
202000003043;154 736 923;7;0;1;2;1;1
202000003044;154 736 922;7;0;1;2;16;1
202000003045;154 736 920;30;0;2;1;17;1
202000003045;154 736 921;7;0;2;1;1;1
202000003046;154 736 918;43;0;2;1;1;1
202000003046;154 736 919;7;0;2;2;10;1
202000003047;154 736 916;7;0;2;3;15;1
202000003047;154 736 917;1;0;2;7;1;5
202000003048;154 736 915;7;0;1;1;5;0
202000003049;154 736 914;7;0;1;1;15;1
202000003050;154 736 912;2;0;2;2;18;1
202000003050;154 736 913;10;0;2;8;16;1
202000003051;154 736 910;10;0;1;2;1;1
202000003052;154 736 909;1;0;2;3;15;0
202000003052;154 736 911;7;0;2;2;0;1
202000003053;154 736 908;30;14;0;1;13;1
202000003054;154 736 904;7;0;2;1;1;1
202000003054;154 736 906;7;0;2;4;23;1
202000003054;154 736 907;7;0;2;1;2;1
202000003055;154 736 905;32;0;1;3;18;1
202000003056;154 736 902;0;0;2;1;26;0
202000003056;154 736 903;7;0;2;0;9;1
202000003057;154 736 899;10;0;2;0;1;1
202000003057;154 736 901;30;14;2;1;18;1
202000003058;154 736 898;7;0;2;3;1;1
202000003058;154 736 900;7;0;2;2;20;1
202000003059;154 736 896;0;0;2;3;9;0
202000003059;154 736 897;7;0;2;1;1;6
202000003060;154 736 895;7;0;1;1;1;1
202000003061;154 736 892;33;0;2;1;1;1
202000003061;154 736 894;37;0;2;3;15;1
202000003062;154 736 889;7;0;2;1;1;1
202000003062;154 736 890;7;0;2;3;1;1
202000003063;154 736 891;7;0;2;1;1;0
202000003063;154 736 893;7;0;2;3;15;0
202000003064;154 736 886;7;0;2;4;15;1
202000003064;154 736 888;33;0;2;1;1;1
202000003065;154 736 885;10;0;2;2;16;0
202000003065;154 736 887;2;0;2;3;18;1
202000003066;154 736 883;7;0;2;1;1;1
202000003066;154 736 884;7;0;2;2;15;1
202000003067;154 736 881;10;0;2;8;15;4
202000003067;154 736 882;33;0;2;1;1;1
202000003068;154 736 879;7;0;2;9;1;1
202000003068;154 736 880;7;0;2;9;26;1
202000003069;154 736 877;1;0;2;2;19;5
202000003069;154 736 878;31;0;2;2;1;0
202000003070;154 736 875;7;0;2;1;1;1
202000003070;154 736 876;7;0;2;8;4;1
202000003071;154 736 874;30;14;0;1;15;1
202000003072;154 736 871;7;0;9;3;17;1
202000003072;154 736 872;1;0;0;0;0;0
202000003073;154 736 870;7;0;2;5;1;1
202000003073;154 736 873;7;0;2;1;9;1
202000003074;154 736 868;7;10;2;8;15;1
202000003074;154 736 869;7;0;2;1;15;1
202000003075;154 736 867;7;1;0;3;13;1
202000003076;154 736 864;30;0;2;1;2;1
202000003076;154 736 865;7;0;2;2;1;0
202000003076;154 736 866;7;0;2;6;1;1
202000003077;154 736 863;7;0;1;0;16;1
202000003078;154 736 862;7;0;1;3;2;1
202000003079;154 736 860;7;0;2;1;26;0
202000003079;154 736 861;7;0;2;7;1;0
202000003080;154 736 858;99;0;2;1;15;1
202000003080;154 736 859;99;0;2;2;1;0
202000003081;154 736 856;7;1;0;1;1;1
202000003081;154 736 857;31;0;2;4;23;1
202000003082;154 736 853;10;3;0;2;14;1
202000003083;154 736 851;7;0;2;6;2;0
202000003083;154 736 852;7;0;2;2;2;0
202000003084;154 736 849;7;2;0;5;2;0
202000003084;154 736 850;7;2;2;1;2;1
202000003085;154 736 847;32;0;2;1;13;1
202000003085;154 736 848;7;0;2;3;1;1
202000003086;154 736 845;7;0;2;4;9;1
202000003086;154 736 846;32;0;2;1;1;1
202000003087;154 736 841;1;0;0;0;0;5
202000003087;154 736 842;7;0;9;3;15;1
202000003088;154 736 843;33;0;2;1;1;1
202000003088;154 736 844;7;0;2;3;10;1
202000003089;154 736 840;10;0;1;2;17;1
202000003090;154 736 838;7;0;2;1;9;1
202000003090;154 736 839;7;0;2;2;1;1
202000003091;154 736 837;7;0;1;3;26;1
202000003092;154 736 835;7;0;0;3;0;0
202000003092;154 736 836;7;0;0;3;0;0
202000003093;154 736 834;7;0;1;0;0;0
202000003094;154 736 832;7;0;2;8;19;0
202000003094;154 736 833;10;0;2;1;1;0
202000003095;154 736 830;7;0;2;1;2;1
202000003095;154 736 831;7;0;2;2;15;1
202000003096;154 736 829;33;7;0;1;1;1
202000003097;154 736 827;32;0;2;1;1;1
202000003097;154 736 828;7;0;2;2;15;1
202000003098;154 736 825;7;0;1;1;1;1
202000003099;154 736 822;10;0;2;3;1;0
202000003099;154 736 824;7;0;2;1;13;0
202000003100;154 736 821;7;0;2;1;1;1
202000003100;154 736 823;10;0;2;1;15;1
202000003101;154 736 820;7;13;0;9;1;1
202000003102;154 736 819;33;14;0;8;1;1
202000003103;154 736 817;7;0;2;1;15;1
202000003103;154 736 818;33;0;2;3;1;1
202000003104;154 736 815;7;0;1;1;1;1
202000003105;154 736 814;33;0;2;1;1;1
202000003105;154 736 816;7;0;2;1;9;1
202000003106;154 736 813;7;4;0;3;13;1
202000003107;154 736 812;7;0;1;1;13;0
202000003108;154 736 811;21;0;0;0;16;1
202000003109;154 736 810;7;0;1;1;1;2
202000003110;154 736 809;7;13;1;4;26;1
202000003111;154 736 808;7;0;1;2;16;2
202000003112;154 736 806;7;0;2;8;15;1
202000003112;154 736 807;7;0;2;1;21;1
202000003113;154 736 803;7;0;9;2;21;1
202000003113;154 736 804;1;0;2;6;13;5
202000003114;154 736 802;1;0;2;7;1;5
202000003114;154 736 805;1;0;2;1;5;5
202000003115;154 736 800;7;0;2;3;16;1
202000003115;154 736 801;1;0;2;5;1;5
202000003116;154 736 798;7;0;2;3;1;1
202000003116;154 736 799;1;0;2;8;15;5
202000003117;154 736 797;33;2;0;7;1;1
202000003118;154 736 793;1;0;2;2;1;5
202000003118;154 736 796;7;0;2;3;1;1
202000003119;154 736 790;60;0;2;8;19;5
202000003119;154 736 792;7;0;2;1;1;1
202000003120;154 736 789;1;0;2;3;13;5
202000003120;154 736 791;7;0;2;3;1;1
202000003121;154 736 786;30;0;2;0;1;3
202000003121;154 736 788;7;0;2;2;1;1
202000003122;154 736 785;33;0;2;4;1;1
202000003122;154 736 787;7;0;2;5;10;1
202000003123;154 736 782;7;0;2;2;16;1
202000003123;154 736 783;1;0;2;8;18;5
202000003124;154 736 781;7;0;2;2;1;0
202000003124;154 736 784;2;0;2;8;16;0
202000003125;154 736 779;7;13;0;0;0;1
202000003126;154 736 778;32;0;2;8;18;1
202000003126;154 736 780;30;0;2;7;16;0
202000003127;154 736 775;31;0;2;0;1;1
202000003127;154 736 777;7;0;2;1;1;1
202000003128;154 736 776;50;12;0;7;14;3
202000003129;154 736 773;33;14;2;1;18;1
202000003129;154 736 774;7;0;2;4;1;0
202000003130;154 736 771;1;0;2;4;15;5
202000003130;154 736 772;30;0;2;1;1;1
202000003131;154 736 769;1;0;2;1;1;5
202000003131;154 736 770;1;0;2;1;5;5
202000003132;154 736 767;2;0;2;1;1;1
202000003132;154 736 768;7;0;2;5;4;1
202000003133;154 736 766;10;0;1;4;4;1
202000003134;154 736 764;31;0;2;0;0;1
202000003134;154 736 765;10;0;2;4;15;1
202000003135;154 736 763;7;0;1;3;1;0
202000003136;154 736 762;30;0;0;3;26;1
202000003137;154 736 760;10;0;2;6;15;1
202000003137;154 736 761;30;0;2;7;17;1
202000003138;154 736 758;15;0;2;3;1;1
202000003138;154 736 759;10;0;2;7;1;1
202000003139;154 736 756;7;0;2;0;0;0
202000003139;154 736 757;7;0;2;4;0;1
202000003140;154 736 753;10;0;2;1;13;0
202000003140;154 736 754;7;0;2;1;0;0
202000003140;154 736 755;7;0;0;6;0;0
202000003141;154 736 751;10;0;2;3;15;1
202000003141;154 736 752;31;0;2;1;17;1
202000003142;154 736 749;10;0;2;5;16;0
202000003142;154 736 750;37;0;2;3;1;0
202000003143;154 736 747;7;0;2;5;15;6
202000003143;154 736 748;7;0;2;2;1;0
202000003144;154 736 745;7;0;2;1;9;1
202000003144;154 736 746;34;0;2;1;3;1
202000003145;154 736 744;34;15;1;1;1;0
202000003146;154 736 743;33;0;0;8;13;1
202000003147;154 736 741;7;0;2;3;9;1
202000003147;154 736 742;1;0;2;2;1;5
202000003148;154 736 739;1;0;2;4;1;0
202000003148;154 736 740;7;0;2;2;12;1
202000003149;154 736 738;7;0;1;1;15;1
202000003150;154 736 736;2;0;2;1;1;1
202000003150;154 736 737;7;0;2;2;15;1
202000003151;154 736 734;32;0;2;1;0;1
202000003151;154 736 735;7;0;2;2;15;1
202000003152;154 736 732;7;0;2;2;19;1
202000003152;154 736 733;2;0;2;1;19;1
202000003153;154 736 730;7;0;2;1;2;1
202000003153;154 736 731;15;0;0;4;2;1
202000003154;154 736 729;7;0;1;2;13;1
202000003155;154 736 727;7;0;2;3;0;1
202000003155;154 736 728;7;0;2;3;21;0
202000003156;154 736 726;7;4;0;8;17;1
202000003157;154 736 725;10;0;1;2;1;1
202000003158;154 736 724;7;0;1;3;2;1
202000003159;154 736 722;7;0;2;6;1;1
202000003159;154 736 723;33;0;2;1;2;1
202000003160;154 736 719;7;3;2;3;1;1
202000003160;154 736 720;7;0;0;3;1;1
202000003160;154 736 721;7;0;0;6;1;1
202000003161;154 736 718;7;2;0;1;17;1
202000003162;154 736 716;7;0;2;8;17;1
202000003162;154 736 717;7;0;2;1;1;1
202000003163;154 736 714;7;0;2;3;9;0
202000003163;154 736 715;2;0;2;5;1;0
202000003164;154 736 712;33;0;2;1;2;1
202000003164;154 736 713;14;0;2;6;1;1
202000003165;154 736 708;7;0;2;3;2;1
202000003165;154 736 709;33;0;2;1;2;1
202000003166;154 736 706;7;0;2;1;0;1
202000003166;154 736 707;7;0;2;1;13;1
202000003167;154 736 704;7;6;0;1;2;1
202000003168;154 736 703;2;0;9;1;0;1
202000003169;154 736 702;7;13;0;1;1;1
202000003170;154 736 701;7;0;1;3;1;0
202000003171;154 736 698;7;0;0;0;15;1
202000003171;154 736 699;7;0;2;1;1;1
202000003171;154 736 700;7;0;2;1;17;0
202000003172;154 736 696;7;0;0;4;1;1
202000003172;154 736 697;7;0;2;1;2;1
202000003173;154 736 695;14;0;1;6;1;0
202000003174;154 736 694;7;6;0;7;0;1
202000003175;154 736 692;2;0;2;3;13;1
202000003175;154 736 693;7;0;2;3;1;1
202000003176;154 736 691;7;13;0;1;0;1
202000003177;154 736 689;7;0;2;3;15;1
202000003177;154 736 690;7;0;2;2;1;1
202000003178;154 736 687;33;0;2;1;1;1
202000003178;154 736 688;7;0;2;1;15;1
202000003179;154 736 685;7;0;2;3;1;1
202000003179;154 736 686;31;0;2;1;17;1
202000003180;154 736 683;7;0;2;1;1;1
202000003180;154 736 684;7;0;2;7;17;1
202000003181;154 736 681;2;0;2;0;2;1
202000003181;154 736 682;2;0;0;0;2;1
202000003182;154 736 679;1;0;2;7;1;5
202000003182;154 736 680;7;0;2;1;1;0
202000003183;154 736 677;7;16;0;9;2;1
202000003183;154 736 678;7;0;2;3;18;0
202000003184;154 736 676;7;0;1;3;1;1
202000003185;154 736 674;15;0;2;6;2;1
202000003185;154 736 675;7;0;2;1;2;1
202000003186;154 736 672;7;0;2;1;1;1
202000003186;154 736 673;7;0;2;4;2;1