Num_Acc;id_vehicule;categorie_vehicule;obstacle_fixe;obstacle_mobile;point_choc_initial;manoeuvre_principale;motorisation
202000003187;154 736 666;17;0;2;1;2;1
202000003187;154 736 667;7;0;2;4;2;1
202000003187;154 736 668;17;0;2;1;2;1
202000003187;154 736 669;7;0;2;4;2;1
202000003187;154 736 670;17;0;2;4;2;1
202000003187;154 736 671;17;0;2;4;2;1
202000003188;154 736 665;7;4;0;2;1;1
202000003189;154 736 663;7;0;2;2;15;1
202000003189;154 736 664;7;0;9;3;1;1
202000003190;154 736 660;7;0;2;6;1;1
202000003190;154 736 661;33;0;2;3;3;1
202000003190;154 736 662;10;0;2;6;1;1
202000003191;154 736 658;7;0;2;8;1;1
202000003191;154 736 659;15;0;2;7;14;1
202000003192;154 736 655;7;0;2;7;12;1
202000003192;154 736 656;7;0;2;3;1;1
202000003192;154 736 657;7;0;2;4;2;1
202000003193;154 736 653;7;0;2;4;23;1
202000003193;154 736 654;7;0;2;1;2;2
202000003194;154 736 652;17;4;0;3;13;1
202000003195;154 736 650;7;0;2;3;17;1
202000003195;154 736 651;7;0;2;4;1;1
202000003196;154 736 648;7;0;2;2;12;1
202000003196;154 736 649;33;0;2;8;3;1
202000003197;154 736 646;7;0;2;6;2;1
202000003197;154 736 647;33;0;2;1;2;3
202000003198;154 736 645;17;3;0;2;1;1
202000003199;154 736 642;10;0;2;1;1;1
202000003199;154 736 643;7;0;2;4;1;1
202000003199;154 736 644;7;0;2;4;1;1
202000003200;154 736 641;33;0;0;7;16;1
202000003201;154 736 637;7;2;0;1;1;1
202000003202;154 736 636;7;0;1;2;1;1
202000003203;154 736 635;31;12;0;3;1;1
202000003204;154 736 633;7;0;1;4;24;0
202000003204;154 736 634;38;1;0;7;1;0
202000003205;154 736 632;7;0;1;1;1;1
202000003206;154 736 631;7;14;1;2;26;1
202000003207;154 736 629;32;0;2;1;1;0
202000003207;154 736 630;7;0;2;3;15;0
202000003208;154 736 627;7;0;2;1;16;1
202000003208;154 736 628;50;0;2;6;1;3
202000003209;154 736 625;7;0;2;6;15;1
202000003209;154 736 626;7;0;2;3;1;1
202000003210;154 736 624;7;0;1;1;26;0
202000003211;154 736 622;7;0;2;2;9;1
202000003211;154 736 623;31;0;2;3;1;1
202000003212;154 736 618;7;0;2;3;15;1
202000003212;154 736 619;33;0;2;1;17;1
202000003213;154 736 617;37;0;1;1;7;1
202000003214;154 736 616;7;0;1;4;4;0
202000003215;154 736 614;7;0;1;1;15;1
202000003216;154 736 612;1;0;2;1;5;0
202000003216;154 736 613;7;0;2;1;15;0
202000003217;154 736 610;1;0;2;8;1;5
202000003217;154 736 611;7;0;2;1;16;1
202000003218;154 736 608;7;0;2;1;2;1
202000003218;154 736 609;7;0;2;4;2;1
202000003219;154 736 607;7;8;0;1;1;1
202000003220;154 736 605;10;0;2;3;15;1
202000003220;154 736 606;7;0;2;3;1;1
202000003221;154 736 604;7;0;1;4;4;1
202000003222;154 736 601;7;0;2;3;15;1
202000003222;154 736 602;7;0;2;7;19;1
202000003222;154 736 603;7;0;2;1;1;1
202000003223;154 736 600;32;14;0;1;1;3
202000003224;154 736 596;7;0;2;4;1;1
202000003224;154 736 597;7;0;2;1;1;1
202000003224;154 736 598;7;0;2;4;1;1
202000003224;154 736 599;7;0;2;4;1;1
202000003225;154 736 594;1;0;2;4;2;5
202000003225;154 736 595;7;0;2;1;2;1
202000003226;154 736 592;10;0;2;7;1;1
202000003226;154 736 593;7;0;2;1;9;1
202000003227;154 736 591;7;0;1;1;1;1
202000003228;154 736 590;3;14;0;9;1;1
202000003229;154 736 588;1;0;2;0;0;5
202000003229;154 736 589;7;0;9;3;9;0
202000003230;154 736 587;10;0;1;1;1;1
202000003231;154 736 585;7;0;2;4;1;1
202000003231;154 736 586;10;0;2;1;1;1
202000003232;154 736 583;37;0;2;1;1;1
202000003232;154 736 584;10;0;2;3;15;1
202000003233;154 736 581;7;0;2;1;1;1
202000003233;154 736 582;7;0;2;8;15;1
202000003234;154 736 578;7;0;2;1;1;2
202000003234;154 736 579;7;0;2;4;1;1
202000003234;154 736 580;7;0;2;4;1;1
202000003235;154 736 577;7;12;0;1;13;1
202000003236;154 736 575;7;0;2;3;1;1
202000003236;154 736 576;20;0;2;0;13;1
202000003237;154 736 574;7;0;1;1;1;1
202000003238;154 736 572;1;0;2;1;15;5
202000003238;154 736 573;7;0;2;3;1;1
202000003239;154 736 571;7;0;1;1;1;1
202000003240;154 736 570;7;0;1;1;1;1
202000003241;154 736 569;33;15;0;7;1;1
202000003242;154 736 567;7;0;2;7;15;1
202000003242;154 736 568;7;0;2;2;1;1
202000003243;154 736 566;1;0;1;1;1;2
202000003244;154 736 565;7;0;1;1;1;3
202000003245;154 736 564;10;0;0;1;1;1
202000003246;154 736 562;2;0;2;1;1;1
202000003246;154 736 563;7;0;2;4;23;1
202000003247;154 736 560;7;0;2;8;15;1
202000003247;154 736 561;30;0;2;8;1;1
202000003248;154 736 558;80;0;2;1;1;3
202000003248;154 736 559;7;0;2;3;1;1
202000003249;154 736 555;7;0;2;4;15;1
202000003249;154 736 556;7;0;2;1;26;0
202000003249;154 736 557;7;0;2;4;1;1
202000003250;154 736 554;7;14;0;1;1;1
202000003251;154 736 552;7;0;2;1;1;1
202000003251;154 736 553;7;0;0;4;1;1
202000003252;154 736 551;1;0;1;1;1;5
202000003253;154 736 549;7;0;2;4;2;1
202000003253;154 736 550;2;0;2;1;2;1
202000003254;154 736 547;7;0;2;4;23;1
202000003254;154 736 548;31;0;2;1;2;1
202000003255;154 736 546;34;12;0;2;1;1
202000003256;154 736 544;7;0;0;4;23;0
202000003256;154 736 545;32;0;2;1;2;1
202000003257;154 736 543;34;0;1;2;17;1
202000003258;154 736 541;7;0;2;2;9;1
202000003258;154 736 542;43;0;2;8;2;1
202000003259;154 736 539;1;0;2;2;1;5
202000003259;154 736 540;7;0;2;1;15;1
202000003260;154 736 537;7;0;2;2;1;1
202000003260;154 736 538;7;0;2;3;19;1
202000003261;154 736 535;7;0;9;1;1;0
202000003261;154 736 536;1;0;2;;0;
202000003262;154 736 534;0;0;1;1;0;0
202000003263;154 736 532;7;0;2;1;2;1
202000003263;154 736 533;3;0;2;4;0;1
202000003264;154 736 531;7;0;1;2;1;1
202000003265;154 736 529;7;0;2;1;1;1
202000003265;154 736 530;7;0;2;5;1;1
202000003266;154 736 527;7;0;2;8;2;1
202000003266;154 736 528;30;0;2;5;17;1
202000003267;154 736 525;1;1;0;1;1;5
202000003267;154 736 526;7;0;2;8;24;1
202000003268;154 736 523;2;0;2;1;1;1
202000003268;154 736 524;10;1;2;2;15;1
202000003269;154 736 521;7;0;0;0;26;
202000003269;154 736 522;32;0;2;0;1;1
202000003270;154 736 518;7;0;2;1;26;1
202000003270;154 736 519;31;0;2;4;2;1
202000003270;154 736 520;7;0;2;4;2;1
202000003271;154 736 516;7;0;2;3;15;6
202000003271;154 736 517;2;0;2;1;1;1
202000003272;154 736 515;7;0;1;2;1;1
202000003273;154 736 513;50;0;2;1;26;3
202000003273;154 736 514;7;0;9;2;15;1
202000003274;154 736 511;7;0;2;2;17;1
202000003274;154 736 512;7;0;2;8;15;1
202000003275;154 736 509;80;0;2;7;1;3
202000003275;154 736 510;7;0;2;3;16;1
202000003276;154 736 507;1;0;2;7;19;5
202000003276;154 736 508;7;0;2;1;1;1
202000003277;154 736 503;7;0;2;1;2;1
202000003277;154 736 504;7;0;2;4;2;1
202000003277;154 736 505;2;0;2;4;2;1
202000003277;154 736 506;7;0;2;1;2;1
202000003278;154 736 501;1;0;2;0;1;5
202000003278;154 736 502;7;0;2;0;1;1
202000003279;154 736 499;13;0;2;6;1;1
202000003279;154 736 500;31;0;2;7;17;1
202000003280;154 736 498;7;0;1;1;1;1
202000003281;154 736 496;1;0;2;4;1;5
202000003281;154 736 497;7;0;9;1;1;0
202000003282;154 736 494;1;0;2;1;1;5
202000003282;154 736 495;7;0;2;3;9;0
202000003283;154 736 493;32;0;1;1;16;1
202000003284;154 736 490;7;0;2;8;1;1
202000003284;154 736 491;2;0;2;1;1;3
202000003285;154 736 487;10;0;2;1;1;1
202000003285;154 736 488;7;0;2;4;1;1
202000003285;154 736 489;7;0;2;4;1;1
202000003286;154 736 485;7;15;2;7;1;1
202000003286;154 736 486;2;0;2;1;1;1
202000003287;154 736 483;33;0;2;1;2;1
202000003287;154 736 484;7;0;2;6;23;1
202000003288;154 736 481;1;0;2;1;19;5
202000003288;154 736 482;10;0;2;2;26;1
202000003289;154 736 479;7;0;2;5;15;1
202000003289;154 736 480;33;0;2;8;1;1
202000003290;154 736 477;40;0;2;1;1;2
202000003290;154 736 478;7;0;;1;9;1
202000003291;154 736 472;7;0;2;1;9;1
202000003291;154 736 473;7;0;2;4;2;1
202000003291;154 736 474;7;0;2;4;2;1
202000003291;154 736 475;7;0;2;4;26;1
202000003291;154 736 476;7;0;2;7;26;1
202000003292;154 736 470;7;0;2;8;26;1
202000003292;154 736 471;7;0;2;3;16;1
202000003293;154 736 468;1;0;2;8;1;5
202000003293;154 736 469;7;0;2;7;16;1
202000003294;154 736 467;1;0;0;0;1;5
202000003295;154 736 466;33;9;0;0;0;1
202000003296;154 736 465;80;1;0;0;1;3
202000003297;154 736 464;7;2;0;2;19;1
202000003298;154 736 462;7;0;2;3;9;1
202000003298;154 736 463;7;0;2;2;0;1
202000003299;154 736 461;33;0;2;1;21;1
202000003300;154 736 460;7;1;1;1;26;1
202000003301;154 736 459;30;0;0;7;1;1
202000003302;154 736 456;10;0;2;7;16;1
202000003302;154 736 457;2;0;2;8;1;1
202000003303;154 736 454;10;0;0;4;1;1
202000003303;154 736 455;10;0;2;1;1;1
202000003304;154 736 452;30;0;2;0;1;1
202000003304;154 736 453;7;0;2;7;1;1
202000003305;154 736 450;33;0;2;3;17;1
202000003305;154 736 451;10;0;2;3;15;1
202000003306;154 736 448;7;0;2;8;15;1
202000003306;154 736 449;7;0;2;1;1;1
202000003307;154 736 446;31;0;2;7;1;1
202000003307;154 736 447;7;0;2;1;19;1
202000003308;154 736 444;7;0;2;3;0;1
202000003308;154 736 445;7;0;2;3;0;1
202000003309;154 736 442;7;0;2;4;26;1
202000003309;154 736 443;7;0;2;1;1;1
202000003310;154 736 440;7;0;2;3;0;1
202000003310;154 736 441;33;0;0;0;0;1
202000003311;154 736 438;7;4;2;2;1;1
202000003311;154 736 439;7;4;2;8;13;1
202000003312;154 736 436;1;12;0;1;26;5
202000003312;154 736 437;0;0;2;0;0;0
202000003313;154 736 434;7;0;2;4;1;1
202000003313;154 736 435;7;0;2;1;1;1
202000003314;154 736 433;33;0;0;0;1;1
202000003315;154 736 432;33;0;0;8;0;1
202000003316;154 736 430;7;0;2;2;15;1
202000003316;154 736 431;7;0;2;1;1;1
202000003317;154 736 429;7;0;1;2;15;1
202000003318;154 736 427;33;0;2;1;1;1
202000003318;154 736 428;7;0;2;7;15;1
202000003319;154 736 425;33;0;2;1;17;1
202000003319;154 736 426;7;0;2;8;15;1
202000003320;154 736 424;7;0;1;1;1;1
202000003321;154 736 422;7;0;2;3;26;1
202000003321;154 736 423;7;0;2;7;16;1
202000003322;154 736 420;2;0;2;1;17;1
202000003322;154 736 421;34;0;2;1;17;1
202000003323;154 736 418;7;0;2;5;15;6
202000003323;154 736 419;33;0;2;1;1;6
202000003324;154 736 415;10;0;0;2;1;1
202000003324;154 736 416;7;0;2;5;1;1
202000003324;154 736 417;32;0;2;1;14;1
202000003325;154 736 414;32;0;1;1;26;1
202000003326;154 736 412;10;0;2;2;12;1
202000003326;154 736 413;7;4;2;8;1;1
202000003327;154 736 410;7;0;2;4;2;1
202000003327;154 736 411;31;0;2;1;1;1
202000003328;154 736 408;30;0;2;7;1;1
202000003328;154 736 409;7;0;2;1;9;1
202000003329;154 736 406;2;0;2;1;1;1
202000003329;154 736 407;7;0;2;8;15;1
202000003330;154 736 405;43;0;1;3;1;1
202000003331;154 736 404;3;0;1;2;16;1
202000003332;154 736 402;1;0;2;7;12;5
202000003332;154 736 403;7;0;2;3;11;1
202000003333;154 736 401;1;8;0;1;25;5
202000003334;154 736 399;7;0;2;6;2;1
202000003334;154 736 400;32;0;2;2;2;1
202000003335;154 736 397;7;0;2;8;22;2
202000003335;154 736 398;1;0;2;1;1;5
202000003336;154 736 395;30;0;2;3;10;1
202000003336;154 736 396;1;0;2;2;7;5
202000003337;154 736 394;30;0;0;8;7;1
202000003338;154 736 392;7;0;2;3;1;1
202000003338;154 736 393;33;0;2;7;8;1
202000003339;154 736 390;7;0;2;6;9;1
202000003339;154 736 391;50;0;2;1;1;3
202000003340;154 736 389;7;0;1;4;4;1
202000003341;154 736 387;1;0;2;1;1;5
202000003341;154 736 388;1;0;2;4;13;5
202000003342;154 736 385;7;0;2;2;15;1
202000003342;154 736 386;1;0;2;8;1;5
202000003343;154 736 383;50;0;2;2;1;3
202000003343;154 736 384;30;0;2;3;16;1
202000003344;154 736 381;7;0;2;7;12;2
202000003344;154 736 382;1;0;2;8;1;5
202000003345;154 736 379;7;0;2;3;15;1
202000003345;154 736 380;30;0;2;7;17;1
202000003346;154 736 377;31;0;2;1;1;1
202000003346;154 736 378;7;0;2;2;15;1
202000003347;154 736 376;37;0;1;2;2;2
202000003348;154 736 374;43;0;2;1;18;1
202000003348;154 736 375;1;0;2;6;19;5
202000003349;154 736 372;50;0;2;7;1;3
202000003349;154 736 373;32;0;2;3;1;1
202000003350;154 736 371;1;0;0;1;1;5
202000003351;154 736 370;30;0;0;8;1;1
202000003352;154 736 368;7;0;2;2;15;1
202000003352;154 736 369;30;0;2;3;1;1
202000003353;154 736 366;3;0;2;1;26;1
202000003353;154 736 367;3;14;0;4;2;1
202000003354;154 736 364;34;6;2;1;1;1
202000003354;154 736 365;7;0;2;2;16;1
202000003355;154 736 362;7;0;2;3;22;1
202000003355;154 736 363;1;1;0;1;2;5
202000003356;154 736 360;31;0;2;0;1;0
202000003356;154 736 361;99;0;2;0;15;0
202000003357;154 736 358;7;0;2;2;9;0
202000003357;154 736 359;2;0;2;3;2;0
202000003358;154 736 356;7;0;2;6;10;0
202000003358;154 736 357;34;0;2;1;1;0
202000003359;154 736 354;7;0;9;0;26;0
202000003359;154 736 355;50;14;1;4;18;3
202000003360;154 736 352;30;0;2;3;17;1
202000003360;154 736 353;10;0;2;3;23;1
202000003361;154 736 350;10;0;0;6;0;1
202000003361;154 736 351;10;0;2;1;26;1
202000003362;154 736 349;7;0;1;1;1;1
202000003363;154 736 347;34;0;2;7;16;1
202000003363;154 736 348;7;0;2;2;11;1
202000003364;154 736 346;7;0;1;4;4;1
202000003365;154 736 344;7;0;2;7;0;1
202000003365;154 736 345;32;0;2;8;16;1
202000003366;154 736 342;7;0;2;1;2;1
202000003366;154 736 343;7;0;2;4;2;1
202000003367;154 736 340;10;0;0;4;26;1
202000003367;154 736 341;99;0;2;0;0;0
202000003368;154 736 338;31;0;2;2;17;1
202000003368;154 736 339;7;0;2;3;15;1
202000003369;154 736 337;37;0;1;2;1;0
202000003370;154 736 335;33;0;2;1;17;1
202000003370;154 736 336;7;16;0;8;15;1
202000003371;154 736 334;7;0;1;1;1;0
202000003372;154 736 332;10;0;2;2;1;1
202000003372;154 736 333;7;0;2;3;15;1
202000003373;154 736 331;7;0;1;1;15;1
202000003374;154 736 330;7;0;1;3;15;1
202000003375;154 736 329;34;1;1;1;17;1
202000003376;154 736 328;30;0;1;1;26;1
202000003377;154 736 326;10;9;0;4;2;1
202000003377;154 736 327;34;0;2;1;2;1
202000003378;154 736 323;7;0;2;4;2;1
202000003378;154 736 324;10;0;2;6;23;1
202000003378;154 736 325;10;0;2;1;2;1
202000003379;154 736 321;7;0;2;0;1;0
202000003379;154 736 322;32;0;2;4;9;1
202000003380;154 736 319;10;0;9;1;15;1
202000003380;154 736 320;1;0;2;1;1;5
202000003381;154 736 317;37;0;2;3;1;1
202000003381;154 736 318;7;0;2;7;1;1
202000003382;154 736 316;7;12;1;3;19;1
202000003383;154 736 314;7;0;0;0;20;1
202000003383;154 736 315;32;0;0;8;1;1
202000003384;154 736 312;50;0;2;1;1;3
202000003384;154 736 313;7;0;2;2;15;0
202000003385;154 736 311;2;0;0;9;1;1
202000003386;154 736 310;7;2;0;1;17;1
202000003387;154 736 308;7;0;2;1;1;1
202000003387;154 736 309;7;0;2;8;13;1
202000003388;154 736 306;33;0;2;1;2;1
202000003388;154 736 307;7;0;0;8;2;1
202000003389;154 736 303;2;0;2;1;1;1
202000003389;154 736 304;7;0;2;2;15;1
202000003390;154 736 302;33;0;0;4;1;1
202000003391;154 736 299;7;0;0;4;1;1
202000003391;154 736 300;7;0;2;1;1;1
202000003391;154 736 301;7;0;2;4;1;1
202000003392;154 736 297;7;0;1;7;1;1
202000003392;154 736 298;7;0;2;1;1;1
202000003393;154 736 295;3;0;0;4;1;1
202000003393;154 736 296;7;0;2;1;1;1
202000003394;154 736 293;10;0;2;8;1;1
202000003394;154 736 294;31;0;2;1;1;1
202000003395;154 736 291;7;3;0;4;1;1
202000003395;154 736 292;7;4;2;3;2;1
202000003396;154 736 290;2;7;0;1;0;0
202000003397;154 736 289;36;8;0;1;18;1
202000003398;154 736 288;33;8;0;1;1;1
202000003399;154 736 287;31;0;0;9;14;1
202000003400;154 736 284;7;0;2;1;17;1
202000003400;154 736 285;10;0;2;1;1;1
202000003400;154 736 286;7;0;2;3;1;1
202000003401;154 736 282;7;0;2;2;1;0
202000003401;154 736 283;1;0;0;8;19;5
202000003402;154 736 280;7;0;2;3;1;1
202000003402;154 736 281;7;0;2;3;1;1
202000003403;154 736 279;33;0;0;3;1;1
202000003404;154 736 278;7;0;1;3;1;1
202000003405;154 736 276;7;0;2;3;1;1
202000003405;154 736 277;7;2;2;3;1;1
202000003406;154 736 275;7;0;1;4;20;1
202000003407;154 736 273;33;0;0;2;14;1
202000003408;154 736 270;33;0;0;4;1;1
202000003408;154 736 271;34;0;2;1;17;1
202000003408;154 736 272;33;0;2;1;1;1
202000003409;154 736 267;7;0;2;6;16;1
202000003409;154 736 268;7;0;2;3;1;1
202000003409;154 736 269;7;0;2;8;17;1
202000003410;154 736 265;7;0;2;1;5;1
202000003410;154 736 266;17;0;0;2;1;1
202000003411;154 736 263;7;0;2;3;0;6
202000003411;154 736 264;7;3;2;1;5;1
202000003412;154 736 262;33;13;0;0;13;1
202000003413;154 736 261;7;2;0;9;1;1
202000003414;154 736 260;7;8;0;9;26;1
202000003415;154 736 257;1;0;2;1;13;0
202000003415;154 736 258;1;0;0;4;1;0
202000003415;154 736 259;7;0;9;3;1;0
202000003416;154 736 255;33;0;2;1;17;1
202000003416;154 736 256;7;0;2;3;15;1
202000003417;154 736 254;2;15;0;1;1;1
202000003418;154 736 253;7;6;0;1;0;1
202000003419;154 736 251;33;0;2;1;1;1
202000003419;154 736 252;7;0;2;5;19;1
202000003420;154 736 249;7;0;1;5;24;1
202000003420;154 736 250;2;1;0;1;16;1
202000003421;154 736 247;7;0;9;3;19;1
202000003421;154 736 248;1;0;0;5;0;5
202000003422;154 736 245;17;0;0;4;1;1
202000003422;154 736 246;7;0;2;1;2;1
202000003423;154 736 244;7;4;0;1;1;1
202000003424;154 736 243;33;0;9;1;1;1
202000003425;154 736 242;33;4;0;7;2;1
202000003426;154 736 241;7;0;1;3;1;1
202000003427;154 736 240;10;13;0;1;13;1
202000003428;154 736 238;32;0;2;1;1;1
202000003428;154 736 239;7;0;2;6;26;1
202000003429;154 736 237;7;8;0;1;1;1
202000003430;154 736 236;7;13;0;0;1;1
202000003431;154 736 235;33;6;0;1;1;1
202000003432;154 736 233;7;0;2;3;2;1
202000003432;154 736 234;21;0;2;6;2;1
202000003433;154 736 229;33;13;0;1;1;1
202000003433;154 736 230;31;12;0;8;15;1
202000003434;154 736 227;7;0;2;1;13;1
202000003434;154 736 228;7;0;2;1;1;1
202000003435;154 736 226;7;2;0;1;13;1
202000003436;154 736 225;7;6;0;8;1;1
202000003437;154 736 223;2;0;2;1;1;1
202000003437;154 736 224;7;0;2;0;1;0
202000003438;154 736 221;7;0;2;3;1;1
202000003438;154 736 222;7;0;2;2;15;1
202000003439;154 736 219;7;0;2;4;20;1
202000003439;154 736 220;33;0;2;7;0;1
202000003440;154 736 216;7;0;2;4;2;1
202000003440;154 736 217;7;0;2;4;2;1
202000003440;154 736 218;7;0;2;1;2;1
202000003441;154 736 214;7;0;2;4;1;1
202000003441;154 736 215;7;0;2;1;1;1
202000003442;154 736 212;7;0;2;4;1;1
202000003442;154 736 213;10;0;2;1;1;1
202000003443;154 736 210;7;0;2;4;1;1
202000003443;154 736 211;7;0;2;1;1;1
202000003444;154 736 208;7;0;2;1;2;6
202000003444;154 736 209;7;0;2;4;1;6
202000003445;154 736 207;7;0;0;3;1;1
202000003446;154 736 203;7;0;2;1;2;1
202000003446;154 736 204;7;0;2;1;1;1
202000003446;154 736 205;7;0;2;4;2;1
202000003446;154 736 206;7;0;2;4;2;1
202000003447;154 736 202;7;0;0;0;2;1
202000003448;154 736 200;7;0;2;1;1;1
202000003448;154 736 201;7;0;2;4;1;1
202000003449;154 736 198;7;0;2;5;12;3
202000003449;154 736 199;32;0;2;1;0;1
202000003450;154 736 196;7;0;2;6;11;1
202000003450;154 736 197;33;0;2;1;3;1
202000003451;154 736 194;33;0;2;1;3;1
202000003451;154 736 195;7;0;2;4;11;1
202000003452;154 736 193;7;11;0;1;13;1
202000003453;154 736 191;7;0;2;6;16;1
202000003453;154 736 192;1;0;2;1;1;5
202000003454;154 736 190;1;1;0;1;1;5
202000003455;154 736 186;7;0;2;1;15;1
202000003455;154 736 187;1;0;2;1;13;5
202000003456;154 736 184;7;0;2;2;15;1
202000003456;154 736 185;2;0;2;1;1;1
202000003457;154 736 182;7;0;9;6;9;1
202000003457;154 736 183;1;0;0;0;0;0
202000003458;154 736 181;3;0;0;0;26;0
202000003459;154 736 179;32;0;2;1;2;1
202000003459;154 736 180;7;0;2;5;23;1
202000003460;154 736 177;7;0;0;8;1;2
202000003460;154 736 178;10;0;2;1;9;1
202000003461;154 736 176;7;0;0;2;26;1
202000003462;154 736 175;2;0;1;1;19;1
202000003463;154 736 173;7;0;2;4;23;1
202000003463;154 736 174;7;14;0;1;1;1
202000003464;154 736 170;7;0;2;2;23;1
202000003464;154 736 171;7;0;2;3;1;1
202000003464;154 736 172;33;1;2;2;15;1
202000003465;154 736 169;10;0;1;1;14;1
202000003466;154 736 166;7;1;0;8;12;1
202000003466;154 736 167;7;1;0;6;1;1
202000003466;154 736 168;43;1;0;1;17;1
202000003467;154 736 164;7;0;2;3;0;1
202000003467;154 736 165;37;0;2;0;0;1
202000003468;154 736 160;7;0;0;4;2;1
202000003468;154 736 161;7;0;2;4;2;1
202000003468;154 736 162;7;0;2;1;2;1
202000003469;154 736 158;7;0;2;1;1;1
202000003469;154 736 159;1;0;2;1;5;5
202000003470;154 736 156;99;0;2;6;23;1
202000003470;154 736 157;33;0;2;1;2;1
202000003471;154 736 154;7;0;2;6;1;1
202000003471;154 736 155;7;0;2;4;11;1
202000003472;154 736 151;31;0;2;8;3;1
202000003472;154 736 152;7;0;2;7;12;1
202000003472;154 736 153;7;0;2;6;1;1
202000003473;154 736 147;13;0;2;2;1;1
202000003473;154 736 148;7;0;2;6;1;1
202000003473;154 736 149;10;0;2;2;1;1
202000003473;154 736 150;7;0;2;6;9;1
202000003474;154 736 145;10;4;2;4;2;1
202000003474;154 736 146;7;4;2;9;2;1
202000003475;154 736 142;7;4;2;0;2;1
202000003475;154 736 143;7;4;2;1;17;1
202000003475;154 736 144;30;4;2;0;2;3
202000003476;154 736 141;30;0;1;1;1;1
202000003477;154 736 140;1;0;1;1;1;5
202000003478;154 736 139;1;0;1;1;1;5
202000003479;154 736 138;30;12;0;7;14;1
202000003480;154 736 136;33;0;2;3;17;1
202000003480;154 736 137;7;0;2;3;13;1
202000003481;154 736 135;1;0;0;1;1;5
202000003482;154 736 134;7;0;1;3;1;1
202000003483;154 736 132;1;0;2;1;1;5
202000003483;154 736 133;10;0;2;1;15;1
202000003484;154 736 130;7;0;2;3;9;1
202000003484;154 736 131;2;0;2;1;1;1
202000003485;154 736 127;7;0;2;1;2;1
202000003485;154 736 128;7;0;2;4;26;1
202000003485;154 736 129;7;0;2;1;2;2
202000003486;154 736 126;7;0;1;1;16;1
202000003487;154 736 124;1;0;2;1;1;5
202000003487;154 736 125;1;0;2;1;1;5
202000003488;154 736 123;1;0;0;0;1;5
202000003489;154 736 121;7;0;2;4;1;1
202000003489;154 736 122;7;0;2;1;1;1
202000003490;154 736 119;32;0;2;2;2;1
202000003490;154 736 120;7;0;2;3;13;1
202000003491;154 736 117;7;0;2;2;15;1
202000003491;154 736 118;7;0;2;1;1;1
202000003492;154 736 115;7;0;9;7;1;1
202000003492;154 736 116;1;0;2;4;15;5
202000003493;154 736 113;7;0;9;0;0;0
202000003493;154 736 114;1;0;2;0;9;5
202000003494;154 736 112;7;0;1;3;1;1
202000003495;154 736 110;7;0;2;1;1;1
202000003495;154 736 111;7;0;2;7;15;1
202000003496;154 736 108;1;0;2;2;17;5
202000003496;154 736 109;7;0;2;8;22;1
202000003497;154 736 107;7;0;1;1;1;1
202000003498;154 736 105;10;0;2;4;0;1
202000003498;154 736 106;33;0;2;1;0;1
202000003499;154 736 103;7;0;0;4;13;6
202000003499;154 736 104;32;0;2;1;1;6
202000003500;154 736 101;7;0;2;1;15;1
202000003500;154 736 102;7;0;2;3;9;1
202000003501;154 736 097;7;0;2;0;1;1
202000003501;154 736 098;7;0;2;4;1;1
202000003501;154 736 099;7;0;2;1;1;1
202000003501;154 736 100;7;0;2;1;1;1
202000003502;154 736 094;7;0;2;0;0;0
202000003502;154 736 095;99;0;2;0;0;1
202000003502;154 736 096;37;0;2;1;9;0
202000003503;154 736 093;1;0;1;1;25;5
202000003504;154 736 091;7;0;2;7;1;1
202000003504;154 736 092;1;0;2;8;1;5
202000003505;154 736 090;10;0;1;3;1;1
202000003506;154 736 088;2;0;2;8;16;1
202000003506;154 736 089;7;0;2;5;16;1
202000003507;154 736 086;7;0;2;2;15;1
202000003507;154 736 087;34;0;2;1;1;0
202000003508;154 736 084;1;0;2;5;2;5
202000003508;154 736 085;7;0;9;5;16;1
202000003509;154 736 081;1;0;2;1;26;5
202000003509;154 736 082;7;0;2;2;15;0
202000003510;154 736 079;10;0;2;2;5;1
202000003510;154 736 080;14;0;2;2;1;1
202000003511;154 736 077;7;14;2;3;15;1
202000003511;154 736 078;33;0;2;1;2;1
202000003512;154 736 075;33;0;2;3;13;1
202000003512;154 736 076;17;0;2;3;1;1
202000003513;154 736 073;14;0;2;3;1;1
202000003513;154 736 074;1;0;2;1;1;5
202000003514;154 736 072;33;8;0;1;0;1
202000003515;154 736 070;7;0;2;3;1;1
202000003515;154 736 071;7;0;2;2;13;1
202000003516;154 736 068;33;0;2;3;13;1
202000003516;154 736 069;15;0;2;3;1;1
202000003517;154 736 065;1;0;2;1;1;5
202000003517;154 736 066;7;0;9;1;15;1
202000003517;154 736 067;7;0;0;8;23;1
202000003518;154 736 062;7;0;2;1;1;1
202000003518;154 736 063;7;0;2;1;13;1
202000003518;154 736 064;7;0;2;3;1;1
202000003519;154 736 060;7;0;0;8;19;1
202000003519;154 736 061;33;0;2;1;1;1
202000003520;154 736 058;7;0;2;3;1;1
202000003520;154 736 059;31;0;2;1;1;1
202000003521;154 736 057;7;2;0;3;13;1
202000003522;154 736 056;2;0;0;8;1;1
202000003523;154 736 054;31;0;2;1;5;1
202000003523;154 736 055;7;0;2;1;1;1