Num_Acc;id_vehicule;categorie_vehicule;obstacle_fixe;obstacle_mobile;point_choc_initial;manoeuvre_principale;motorisation
202000004217;154 734 805;7;0;2;2;16;0
202000004218;154 734 801;7;0;2;1;1;1
202000004218;154 734 803;2;0;0;4;1;1
202000004219;154 734 800;7;0;2;1;1;0
202000004219;154 734 802;7;0;2;3;10;0
202000004220;154 734 798;7;0;2;1;1;1
202000004220;154 734 799;7;0;2;5;0;1
202000004221;154 734 796;7;0;2;5;16;1
202000004221;154 734 797;34;0;2;0;0;1
202000004222;154 734 794;7;0;1;1;1;0
202000004223;154 734 793;7;0;2;1;1;1
202000004223;154 734 795;7;0;2;1;1;1
202000004224;154 734 790;50;0;2;1;25;3
202000004224;154 734 791;7;0;2;3;23;1
202000004225;154 734 789;7;0;1;2;9;1
202000004226;154 734 787;15;0;2;5;1;1
202000004226;154 734 788;7;0;0;5;1;1
202000004227;154 734 785;0;0;2;1;1;1
202000004227;154 734 786;10;0;2;8;10;1
202000004228;154 734 782;7;1;2;1;2;1
202000004228;154 734 783;7;0;2;4;23;1
202000004228;154 734 784;7;0;2;4;23;1
202000004229;154 734 780;7;0;2;4;24;1
202000004229;154 734 781;33;1;0;8;1;1
202000004230;154 734 778;33;0;2;3;16;1
202000004230;154 734 779;10;0;2;7;16;0
202000004231;154 734 776;1;1;0;1;2;0
202000004231;154 734 777;7;0;9;3;24;1
202000004232;154 734 775;60;0;0;1;1;5
202000004233;154 734 792;7;2;0;1;14;1
202000004234;154 734 774;33;3;0;7;1;1
202000004235;154 734 772;7;0;2;1;1;1
202000004235;154 734 773;7;0;2;3;9;1
202000004236;154 734 770;7;0;2;3;1;1
202000004236;154 734 771;50;0;0;0;1;3
202000004237;154 734 769;33;0;0;0;1;1
202000004238;154 734 768;1;0;0;1;1;5
202000004239;154 734 766;33;0;1;0;1;1
202000004240;154 734 763;7;0;9;0;0;0
202000004240;154 734 764;99;0;2;1;1;3
202000004241;154 734 762;7;13;0;1;1;1
202000004242;154 734 761;7;2;0;1;1;1
202000004243;154 734 765;7;0;2;1;26;0
202000004243;154 734 767;31;0;2;4;26;1
202000004244;154 734 759;7;1;0;2;0;0
202000004244;154 734 760;7;0;1;4;22;0
202000004245;154 734 756;7;0;2;5;26;1
202000004245;154 734 757;31;0;2;1;26;1
202000004246;154 734 754;7;0;2;2;1;1
202000004246;154 734 755;17;0;2;6;1;1
202000004247;154 734 752;7;0;2;1;1;1
202000004247;154 734 753;7;0;2;1;5;1
202000004248;154 734 751;17;0;2;2;12;1
202000004248;154 734 758;7;0;2;6;1;1
202000004249;154 734 749;32;0;2;1;13;1
202000004249;154 734 750;7;0;2;1;1;1
202000004250;154 734 746;7;0;0;6;1;0
202000004250;154 734 747;33;7;2;1;6;0
202000004251;154 734 744;7;0;2;3;2;1
202000004251;154 734 748;7;0;2;2;17;2
202000004252;154 734 742;7;0;2;4;23;1
202000004252;154 734 743;7;0;2;1;2;1
202000004253;154 734 740;7;0;2;5;1;1
202000004253;154 734 741;7;0;2;3;13;1
202000004254;154 734 739;7;3;2;1;1;1
202000004255;154 734 738;7;4;0;2;12;1
202000004256;154 734 745;7;0;0;2;2;1
202000004257;154 734 737;7;0;0;3;1;1
202000004258;154 734 736;7;4;0;1;14;1
202000004259;154 734 733;7;4;2;2;12;1
202000004259;154 734 734;7;0;2;6;1;1
202000004259;154 734 735;7;4;2;6;1;1
202000004260;154 734 730;34;1;0;0;1;1
202000004260;154 734 732;17;0;2;0;23;1
202000004261;154 734 729;33;0;2;8;1;1
202000004262;154 734 727;7;1;0;1;1;1
202000004262;154 734 728;7;0;2;4;23;1
202000004263;154 734 725;33;0;2;1;17;1
202000004263;154 734 726;7;0;2;4;15;1
202000004264;154 734 731;7;0;1;1;1;1
202000004265;154 734 723;32;0;1;1;1;0
202000004266;154 734 721;7;0;2;1;1;1
202000004266;154 734 722;7;0;2;1;17;1
202000004267;154 734 719;7;0;2;2;15;1
202000004267;154 734 720;7;0;2;1;1;1
202000004268;154 734 717;7;0;2;3;1;1
202000004268;154 734 718;7;0;2;1;13;1
202000004269;154 734 714;36;13;0;1;1;1
202000004270;154 734 715;2;0;2;1;1;1
202000004270;154 734 716;7;0;2;8;15;1
202000004271;154 734 713;33;0;5;1;1;1
202000004272;154 734 711;7;0;2;1;2;1
202000004272;154 734 712;33;0;2;4;2;1
202000004273;154 734 709;7;0;2;3;1;1
202000004273;154 734 710;7;0;2;7;1;1
202000004274;154 734 706;7;0;2;1;1;1
202000004274;154 734 708;7;0;2;3;11;1
202000004275;154 734 705;7;0;2;2;1;1
202000004275;154 734 707;2;0;2;4;1;1
202000004276;154 734 702;7;0;2;1;2;1
202000004276;154 734 703;7;0;2;4;23;1
202000004276;154 734 704;7;0;2;4;23;1
202000004277;154 734 701;7;4;0;0;1;1
202000004278;154 734 700;33;1;0;0;1;1
202000004279;154 734 698;7;0;2;3;1;1
202000004279;154 734 699;50;0;2;1;1;3
202000004280;154 734 697;21;0;1;6;1;1
202000004281;154 734 696;34;0;2;7;21;1
202000004282;154 734 694;7;0;2;1;1;1
202000004282;154 734 695;10;0;2;8;19;1
202000004283;154 734 692;33;0;2;1;1;1
202000004283;154 734 693;10;0;2;7;15;1
202000004284;154 734 691;2;0;1;1;1;1
202000004285;154 734 688;7;0;2;1;0;1
202000004285;154 734 690;7;0;2;1;13;1
202000004286;154 734 687;7;0;2;1;13;1
202000004286;154 734 689;7;0;2;1;1;1
202000004287;154 734 686;7;4;0;1;21;1
202000004288;154 734 682;7;0;2;3;21;1
202000004288;154 734 684;7;0;2;2;0;1
202000004289;154 734 681;7;0;2;4;1;1
202000004289;154 734 683;7;0;2;1;2;1
202000004289;154 734 685;7;0;2;1;2;1
202000004290;154 734 678;7;6;0;3;11;1
202000004291;154 734 679;10;0;2;2;15;1
202000004291;154 734 680;34;0;2;1;1;1
202000004292;154 734 677;7;0;0;1;1;1
202000004293;154 734 675;33;0;2;3;9;0
202000004293;154 734 676;7;0;2;5;17;0
202000004294;154 734 674;17;0;0;0;13;1
202000004295;154 734 672;7;0;2;2;0;1
202000004295;154 734 673;7;0;2;3;0;1
202000004296;154 734 670;10;0;2;3;15;1
202000004296;154 734 671;2;0;2;1;1;1
202000004297;154 734 668;32;0;2;3;1;1
202000004297;154 734 669;7;0;2;3;15;1
202000004298;154 734 667;34;0;0;0;1;1
202000004299;154 734 666;7;0;1;7;26;1
202000004300;154 734 664;7;0;0;3;1;1
202000004300;154 734 665;7;0;2;3;0;1
202000004301;154 734 663;7;0;0;9;1;1
202000004302;154 734 662;7;0;0;9;21;1
202000004303;154 734 659;2;0;2;1;1;1
202000004303;154 734 661;7;0;2;1;13;1
202000004304;154 734 660;7;17;0;7;16;0
202000004305;154 734 657;2;0;0;0;0;0
202000004306;154 734 654;7;0;2;3;15;1
202000004306;154 734 656;33;0;2;1;1;1
202000004307;154 734 653;7;8;2;7;1;1
202000004307;154 734 655;7;0;2;1;19;1
202000004308;154 734 651;7;0;2;8;19;1
202000004308;154 734 652;7;0;2;1;1;1
202000004309;154 734 647;7;0;2;7;11;0
202000004309;154 734 650;32;0;2;1;1;0
202000004310;154 734 648;14;0;2;5;15;1
202000004310;154 734 649;33;0;2;4;17;1
202000004311;154 734 646;7;0;1;1;16;1
202000004312;154 734 644;31;0;2;1;1;1
202000004312;154 734 645;7;0;2;1;1;1
202000004313;154 734 643;31;0;1;1;1;1
202000004314;154 734 642;7;13;0;1;13;1
202000004315;154 734 638;2;0;2;7;2;1
202000004315;154 734 640;7;0;2;3;15;1
202000004316;154 734 639;7;0;2;2;1;1
202000004316;154 734 641;7;0;2;6;15;1
202000004317;154 734 634;33;0;2;1;2;1
202000004317;154 734 636;7;0;2;8;15;1
202000004318;154 734 632;2;0;0;1;17;1
202000004318;154 734 633;7;0;0;3;15;1
202000004319;154 734 629;80;0;2;3;2;3
202000004319;154 734 631;7;0;9;1;9;0
202000004320;154 734 630;99;0;0;0;2;1
202000004321;154 734 628;10;1;0;3;1;1
202000004322;154 734 627;7;7;0;1;0;1
202000004323;154 734 625;2;0;4;8;15;1
202000004323;154 734 626;40;0;2;0;1;3
202000004324;154 734 624;7;0;9;1;1;1
202000004325;154 734 623;40;0;1;3;1;3
202000004326;154 734 620;7;1;1;1;5;1
202000004326;154 734 622;7;0;2;1;23;1
202000004327;154 734 618;7;0;0;0;1;1
202000004328;154 734 619;7;0;2;3;19;0
202000004328;154 734 621;7;0;2;1;21;0
202000004329;154 734 617;7;0;1;2;1;1
202000004330;154 734 613;7;8;2;3;9;1
202000004330;154 734 615;15;0;2;2;14;1
202000004331;154 734 614;7;0;2;8;6;1
202000004331;154 734 616;7;0;2;1;1;1
202000004332;154 734 612;33;15;0;1;1;1
202000004333;154 734 611;7;0;1;1;20;1
202000004334;154 734 608;7;0;2;8;0;1
202000004334;154 734 610;31;0;2;1;17;1
202000004335;154 734 606;1;0;2;3;14;5
202000004335;154 734 607;7;0;2;3;14;1
202000004336;154 734 609;36;0;0;3;0;1
202000004337;154 734 604;7;0;2;7;13;1
202000004337;154 734 605;7;0;2;1;1;2
202000004338;154 734 601;7;0;2;1;13;1
202000004338;154 734 603;7;0;2;1;1;1
202000004339;154 734 600;2;0;2;5;15;1
202000004339;154 734 602;7;0;2;2;1;1
202000004340;154 734 597;7;13;0;9;1;1
202000004341;154 734 596;7;0;2;4;2;1
202000004341;154 734 598;7;0;2;1;2;1
202000004341;154 734 599;7;0;2;4;2;1
202000004342;154 734 592;1;0;2;1;1;5
202000004342;154 734 594;7;0;2;1;9;1
202000004343;154 734 593;2;0;0;4;1;1
202000004343;154 734 595;7;0;2;1;1;1
202000004344;154 734 591;7;0;1;1;1;1
202000004345;154 734 589;7;0;2;1;1;1
202000004345;154 734 590;7;0;2;1;13;1
202000004346;154 734 588;40;0;1;2;1;3
202000004347;154 734 586;2;0;2;1;5;1
202000004347;154 734 587;7;0;2;1;1;1
202000004348;154 734 585;7;15;1;2;21;1
202000004349;154 734 584;7;6;0;1;26;1
202000004350;154 734 582;2;0;2;2;1;1
202000004350;154 734 583;7;0;2;3;9;1
202000004351;154 734 580;1;0;2;2;1;5
202000004351;154 734 581;7;0;2;1;1;1
202000004352;154 734 579;7;8;0;1;1;1
202000004353;154 734 578;1;0;0;0;1;5
202000004354;154 734 577;7;6;0;1;1;0
202000004355;154 734 575;1;0;1;1;17;5
202000004356;154 734 574;33;0;2;1;1;1
202000004356;154 734 576;7;0;2;6;10;1
202000004357;154 734 573;7;2;0;3;1;0
202000004358;154 734 571;7;0;2;3;11;1
202000004358;154 734 572;30;0;2;2;2;1
202000004359;154 734 569;2;0;2;1;17;1
202000004359;154 734 570;7;0;2;8;15;1
202000004360;154 734 568;7;0;1;3;26;1
202000004361;154 734 566;7;0;2;3;1;1
202000004361;154 734 567;10;0;2;2;16;1
202000004362;154 734 564;1;0;2;4;23;5
202000004362;154 734 565;37;0;2;1;1;1
202000004363;154 734 562;33;0;2;1;13;1
202000004363;154 734 563;38;0;2;3;21;1
202000004364;154 734 560;7;0;2;1;15;1
202000004364;154 734 561;32;0;2;1;1;1
202000004365;154 734 558;7;0;2;8;0;1
202000004365;154 734 559;7;0;2;2;1;1
202000004366;154 734 557;34;0;1;1;17;3
202000004367;154 734 556;7;0;1;1;1;1
202000004368;154 734 555;7;13;0;0;1;0
202000004369;154 734 553;33;0;2;4;1;1
202000004369;154 734 554;7;0;2;1;2;1
202000004370;154 734 552;33;3;0;8;13;1
202000004371;154 734 551;7;13;0;2;14;1
202000004372;154 734 550;7;11;0;0;1;1
202000004373;154 734 548;7;0;2;2;26;1
202000004373;154 734 549;30;0;2;1;1;1
202000004374;154 734 546;7;0;2;1;26;6
202000004374;154 734 547;7;0;2;0;9;0
202000004375;154 734 543;32;0;2;8;1;1
202000004375;154 734 544;33;0;2;8;1;0
202000004375;154 734 545;15;0;2;7;14;1
202000004376;154 734 541;7;0;2;0;16;1
202000004376;154 734 542;7;0;1;8;1;1
202000004377;154 734 539;50;0;2;1;10;3
202000004377;154 734 540;7;0;2;3;17;1
202000004378;154 734 538;2;0;1;1;25;1
202000004379;154 734 536;33;8;2;6;2;1
202000004379;154 734 537;34;0;2;2;12;1
202000004380;154 734 534;33;0;2;3;1;1
202000004380;154 734 535;1;0;2;1;13;5
202000004381;154 734 532;7;0;2;1;1;1
202000004381;154 734 533;32;0;2;4;23;1
202000004382;154 734 531;50;1;0;1;1;3
202000004383;154 734 529;1;0;2;1;19;5
202000004383;154 734 530;30;0;2;1;1;1
202000004384;154 734 528;43;0;1;2;1;1
202000004385;154 734 526;7;0;2;3;15;1
202000004385;154 734 527;33;0;2;3;1;1
202000004386;154 734 524;32;0;2;1;1;3
202000004386;154 734 525;10;0;2;2;15;1
202000004387;154 734 523;10;1;0;3;1;1
202000004388;154 734 522;32;14;0;0;14;1
202000004389;154 734 520;33;0;2;1;2;1
202000004389;154 734 521;7;0;0;4;1;0
202000004390;154 734 518;2;0;2;2;16;3
202000004390;154 734 519;7;0;2;8;15;1
202000004391;154 734 517;7;0;1;1;1;1
202000004392;154 734 515;7;0;2;8;22;2
202000004392;154 734 516;1;0;2;7;17;5
202000004393;154 734 514;7;1;0;3;13;1
202000004394;154 734 513;80;0;0;0;15;3
202000004395;154 734 511;7;0;2;2;17;0
202000004395;154 734 512;50;0;2;3;13;3
202000004396;154 734 509;10;0;2;3;13;1
202000004396;154 734 510;2;0;2;2;3;1
202000004397;154 734 507;1;0;2;8;1;5
202000004397;154 734 508;99;0;9;5;1;6
202000004398;154 734 505;7;0;0;4;0;1
202000004398;154 734 506;2;0;2;1;0;1
202000004399;154 734 503;10;0;2;1;1;1
202000004399;154 734 504;1;0;2;7;19;5
202000004400;154 734 502;7;0;1;1;19;1
202000004401;154 734 500;7;0;2;3;0;1
202000004401;154 734 501;32;0;2;1;1;3
202000004402;154 734 498;7;0;2;3;13;1
202000004402;154 734 499;2;0;2;7;17;3
202000004403;154 734 496;30;0;0;1;0;1
202000004403;154 734 497;37;0;2;8;15;1
202000004404;154 734 494;2;0;0;4;1;1
202000004404;154 734 495;10;0;0;0;0;0
202000004405;154 734 492;10;0;2;3;15;1
202000004405;154 734 493;31;0;2;1;19;1
202000004406;154 734 490;7;0;2;4;23;0
202000004406;154 734 491;33;0;2;1;1;0
202000004407;154 734 488;37;0;2;4;0;0
202000004407;154 734 489;10;0;2;1;2;1
202000004408;154 734 486;7;0;2;3;1;1
202000004408;154 734 487;2;0;2;3;13;1
202000004409;154 734 484;32;0;2;2;16;1
202000004409;154 734 485;7;0;2;6;1;1
202000004410;154 734 483;1;8;0;7;26;5
202000004411;154 734 481;7;0;2;3;2;1
202000004411;154 734 482;7;8;2;2;15;1
202000004412;154 734 480;7;0;1;1;15;1
202000004413;154 734 478;10;0;2;4;1;0
202000004413;154 734 479;7;0;2;1;0;0
202000004414;154 734 476;7;0;2;2;2;1
202000004414;154 734 477;7;0;0;6;2;1
202000004415;154 734 475;7;4;0;1;1;6
202000004416;154 734 469;7;3;0;1;0;1
202000004417;154 734 467;7;0;2;1;19;1
202000004417;154 734 468;7;0;2;3;1;1
202000004418;154 734 466;7;0;0;3;1;1
202000004419;154 734 464;17;0;0;4;24;1
202000004419;154 734 465;7;1;0;1;2;1
202000004420;154 734 462;33;0;2;5;9;1
202000004420;154 734 463;7;0;2;1;26;1
202000004421;154 734 461;0;0;1;1;1;0
202000004422;154 734 459;99;0;2;1;1;
202000004422;154 734 460;30;0;2;4;1;
202000004423;154 734 457;2;0;2;1;11;1
202000004423;154 734 458;7;0;2;4;26;1
202000004424;154 734 455;1;0;2;1;5;5
202000004424;154 734 456;7;0;2;1;16;1
202000004425;154 734 454;7;4;0;1;0;1
202000004426;154 734 453;37;0;1;7;1;1
202000004427;154 734 450;7;0;2;3;2;1
202000004427;154 734 451;30;0;2;4;2;1
202000004427;154 734 452;7;0;2;1;5;1
202000004428;154 734 449;50;0;0;0;1;3
202000004429;154 734 448;7;0;1;1;1;1
202000004430;154 734 447;7;0;1;2;1;0
202000004431;154 734 446;7;0;1;1;1;1
202000004432;154 734 444;1;0;0;0;1;5
202000004433;154 734 442;7;0;2;3;1;1
202000004433;154 734 443;1;0;2;1;1;5
202000004434;154 734 441;7;2;0;1;14;0
202000004435;154 734 440;7;8;0;7;19;1
202000004436;154 734 438;34;1;2;1;17;1
202000004436;154 734 439;7;0;2;3;16;1
202000004437;154 734 433;7;0;2;1;1;1
202000004437;154 734 434;7;1;2;5;1;1
202000004438;154 734 431;7;0;1;7;21;1
202000004439;154 734 429;7;0;2;2;16;1
202000004439;154 734 430;1;0;2;8;1;5
202000004440;154 734 428;7;2;0;9;1;1
202000004441;154 734 426;1;0;2;7;19;0
202000004441;154 734 427;7;0;9;0;0;1
202000004442;154 734 424;7;0;2;1;1;1
202000004442;154 734 425;7;0;2;7;10;1
202000004443;154 734 423;10;0;1;4;4;1
202000004444;154 734 422;7;0;1;1;26;1
202000004445;154 734 421;7;0;1;1;26;0
202000004446;154 734 419;33;0;2;0;0;0
202000004446;154 734 420;32;0;2;7;2;1
202000004447;154 734 418;7;0;1;1;1;1
202000004448;154 734 417;7;0;1;2;1;1
202000004449;154 734 415;7;0;2;1;1;1
202000004449;154 734 416;7;0;2;0;17;1
202000004450;154 734 413;7;0;2;3;16;1
202000004450;154 734 414;7;0;2;3;1;1
202000004451;154 734 409;31;0;2;1;1;1
202000004451;154 734 410;10;0;2;4;23;1
202000004452;154 734 407;1;0;2;1;1;5
202000004452;154 734 408;10;0;9;2;19;1
202000004453;154 734 405;10;0;2;1;0;0
202000004453;154 734 406;10;0;2;2;9;1
202000004454;154 734 403;1;0;2;1;1;5
202000004454;154 734 404;7;0;2;3;20;1
202000004455;154 734 401;7;0;9;1;23;0
202000004455;154 734 402;1;1;0;1;16;5
202000004456;154 734 396;7;0;2;1;1;1
202000004456;154 734 397;7;0;2;3;1;1
202000004456;154 734 398;7;0;2;1;1;1
202000004456;154 734 399;7;0;2;1;1;1
202000004457;154 734 395;32;0;0;7;1;1
202000004458;154 734 393;37;0;;7;1;1
202000004458;154 734 394;40;0;2;1;1;3
202000004459;154 734 392;33;7;0;1;13;6
202000004460;154 734 391;7;1;1;1;1;1
202000004461;154 734 390;7;0;1;2;1;1
202000004462;154 734 388;7;0;2;8;26;1
202000004462;154 734 389;30;0;2;1;1;1
202000004463;154 734 385;7;14;0;1;2;1
202000004463;154 734 386;37;0;2;6;24;1
202000004464;154 734 383;32;0;1;3;19;0
202000004465;154 734 381;7;12;2;1;1;1
202000004465;154 734 382;7;0;2;1;1;1
202000004466;154 734 379;7;0;2;3;1;1
202000004466;154 734 380;1;0;2;4;1;5
202000004467;154 734 377;7;1;0;9;26;1
202000004467;154 734 378;7;1;0;6;0;1
202000004468;154 734 375;7;0;2;3;1;1
202000004468;154 734 376;7;0;2;2;1;1
202000004469;154 734 373;99;0;2;2;1;1
202000004469;154 734 374;99;0;2;3;19;1
202000004470;154 734 372;7;10;0;1;13;1
202000004471;154 734 370;7;0;2;2;12;1
202000004471;154 734 371;1;0;2;3;1;5
202000004472;154 734 369;7;0;1;3;1;1
202000004473;154 734 368;3;0;1;4;20;3
202000004474;154 734 367;7;0;1;1;19;1
202000004475;154 734 365;2;0;2;8;13;1
202000004475;154 734 366;7;0;0;3;1;1
202000004476;154 734 364;7;6;1;1;26;1
202000004477;154 734 363;7;0;1;2;1;1
202000004478;154 734 361;1;0;2;1;3;1
202000004478;154 734 362;7;0;2;0;12;1
202000004479;154 734 359;7;0;0;1;2;1
202000004479;154 734 360;7;0;0;1;2;1
202000004480;154 734 358;7;0;1;1;9;1
202000004481;154 734 356;7;0;2;6;1;1
202000004481;154 734 357;2;0;2;1;1;1
202000004482;154 734 354;7;0;2;4;2;1
202000004482;154 734 355;7;0;2;1;2;1
202000004483;154 734 353;10;0;1;1;9;1
202000004484;154 734 352;30;0;0;0;14;1
202000004485;154 734 349;7;0;2;1;1;1
202000004485;154 734 350;2;0;2;9;1;1
202000004485;154 734 351;7;0;2;4;1;1
202000004486;154 734 348;30;1;2;0;21;1
202000004487;154 734 346;7;0;9;2;16;1
202000004487;154 734 347;1;0;2;1;0;0
202000004488;154 734 344;7;0;0;0;0;0
202000004488;154 734 345;33;0;0;0;0;0
202000004489;154 734 342;7;0;2;3;11;1
202000004489;154 734 343;2;0;2;1;1;1
202000004490;154 734 340;7;0;2;1;2;1
202000004490;154 734 341;7;0;2;4;2;1
202000004491;154 734 338;1;0;2;1;15;5
202000004491;154 734 339;7;0;9;1;26;0
202000004492;154 734 336;7;0;2;1;1;1
202000004492;154 734 337;7;0;2;8;15;1
202000004493;154 734 335;30;0;1;1;18;0
202000004494;154 734 333;2;0;2;6;9;1
202000004494;154 734 334;7;0;2;3;1;0
202000004495;154 734 332;32;0;0;0;0;1
202000004496;154 734 331;7;0;1;4;4;1
202000004497;154 734 329;30;0;2;6;14;1
202000004497;154 734 330;10;0;2;6;1;1
202000004498;154 734 327;7;0;2;1;2;1
202000004498;154 734 328;7;0;2;4;2;1
202000004499;154 734 326;7;13;0;1;19;1
202000004500;154 734 325;10;0;1;6;1;1
202000004501;154 734 323;7;0;1;3;1;1
202000004502;154 734 321;7;0;2;3;15;1
202000004502;154 734 322;7;0;2;1;13;1
202000004503;154 734 320;7;0;1;6;26;1
202000004504;154 734 318;7;0;2;1;1;1
202000004504;154 734 319;7;6;2;8;1;1
202000004505;154 734 316;33;0;2;1;19;1
202000004505;154 734 317;7;0;2;7;1;1
202000004506;154 734 314;31;0;2;1;2;1
202000004506;154 734 315;7;0;2;2;1;1
202000004507;154 734 312;1;0;2;8;19;5
202000004507;154 734 313;7;0;2;1;1;1
202000004508;154 734 311;7;0;1;1;1;1
202000004509;154 734 309;1;0;2;1;1;5
202000004509;154 734 310;7;0;9;8;0;1
202000004510;154 734 308;7;0;1;0;1;1
202000004511;154 734 307;7;0;1;1;16;1
202000004512;154 734 305;7;0;2;3;13;1
202000004512;154 734 306;7;0;2;3;1;1
202000004513;154 734 303;7;0;2;3;19;1
202000004513;154 734 304;7;0;2;3;1;1
202000004514;154 734 302;7;0;0;1;26;0
202000004515;154 734 299;7;0;2;3;1;1
202000004515;154 734 300;7;0;2;2;15;1
202000004515;154 734 301;7;0;2;1;1;1
202000004516;154 734 297;1;0;2;7;2;5
202000004516;154 734 298;1;0;2;8;2;5
202000004517;154 734 296;7;0;1;1;15;1
202000004518;154 734 295;10;0;1;1;15;1
202000004519;154 734 293;7;9;0;0;1;0
202000004519;154 734 294;7;0;0;0;0;0
202000004520;154 734 292;30;15;0;1;0;1
202000004521;154 734 290;7;0;2;2;26;1
202000004521;154 734 291;7;0;0;0;0;1
202000004522;154 734 289;30;0;1;1;1;1
202000004523;154 734 288;7;0;1;3;1;1
202000004524;154 734 287;10;0;1;2;1;0
202000004525;154 734 285;7;0;2;4;23;1
202000004525;154 734 286;31;0;2;1;2;1
202000004526;154 734 284;7;15;0;1;1;1
202000004527;154 734 283;7;0;1;1;1;0
202000004528;154 734 281;7;0;2;7;15;1
202000004528;154 734 282;33;0;2;8;26;1
202000004529;154 734 280;7;0;1;0;15;1
202000004530;154 734 279;32;0;1;1;25;1
202000004531;154 734 277;7;0;0;0;0;1
202000004531;154 734 278;7;0;0;0;26;1
202000004532;154 734 276;7;6;0;7;14;1
202000004533;154 734 275;7;0;1;1;26;1
202000004534;154 734 274;33;0;2;3;2;1
202000004535;154 734 272;17;0;2;5;1;1
202000004535;154 734 273;1;0;2;0;19;5
202000004536;154 734 270;10;0;2;3;1;
202000004536;154 734 271;33;0;2;1;1;
202000004537;154 734 268;7;0;2;1;2;1
202000004537;154 734 269;7;0;4;4;1;1
202000004538;154 734 266;33;0;2;4;1;1
202000004538;154 734 267;7;0;2;1;2;1
202000004539;154 734 264;7;0;2;1;1;1
202000004539;154 734 265;7;0;2;3;1;1
202000004540;154 734 261;10;0;2;1;1;1
202000004540;154 734 262;7;0;2;4;2;1
202000004540;154 734 263;7;0;2;4;0;0
202000004541;154 734 260;7;0;1;1;1;1
202000004542;154 734 259;7;0;1;1;15;1
202000004543;154 734 258;1;0;1;0;0;5
202000004544;154 734 256;2;0;2;1;1;1
202000004544;154 734 257;14;0;2;0;0;0
202000004545;154 734 255;7;0;1;1;15;1
202000004546;154 734 253;7;0;2;1;1;1
202000004546;154 734 254;7;0;2;1;13;1
202000004547;154 734 251;30;0;9;8;1;1
202000004547;154 734 252;7;0;2;6;1;1
202000004548;154 734 249;7;0;2;3;1;1
202000004548;154 734 250;7;0;2;3;13;1
202000004549;154 734 248;7;4;0;3;1;1
202000004550;154 734 247;7;0;1;1;1;1
202000004551;154 734 246;7;0;1;1;9;1
202000004552;154 734 245;7;4;0;1;1;1
202000004553;154 734 243;7;0;2;2;9;1
202000004553;154 734 244;7;0;2;3;19;1
202000004554;154 734 242;7;0;1;1;2;0
202000004555;154 734 241;7;0;1;1;1;1
202000004556;154 734 239;30;0;2;8;1;1
202000004556;154 734 240;7;0;2;7;17;1
202000004557;154 734 237;7;0;1;2;21;1
202000004558;154 734 235;7;0;2;3;10;1
202000004558;154 734 236;31;0;2;1;17;1
202000004559;154 734 234;3;0;1;1;15;0
202000004560;154 734 232;7;0;2;2;15;1
202000004560;154 734 233;31;0;2;5;1;1
202000004561;154 734 229;7;0;1;8;1;1
202000004562;154 734 228;0;0;1;4;4;0
202000004563;154 734 226;7;2;1;1;1;1
202000004563;154 734 227;7;0;2;4;1;1
202000004564;154 734 223;1;0;1;3;16;5
202000004564;154 734 224;7;16;0;7;16;1
202000004565;154 734 222;7;2;0;1;14;1
202000004566;154 734 219;7;6;0;1;13;1
202000004567;154 734 218;7;0;1;1;1;1
202000004568;154 734 216;2;0;2;4;2;1
202000004568;154 734 217;7;0;2;1;2;1
202000004569;154 734 213;7;0;2;3;1;1
202000004569;154 734 214;7;0;2;1;1;1
202000004569;154 734 215;7;0;2;3;1;1
202000004570;154 734 210;7;0;1;1;1;1
202000004571;154 734 209;7;0;1;1;0;1
202000004572;154 734 207;7;0;2;3;19;0
202000004572;154 734 208;10;0;2;1;1;0
202000004573;154 734 206;37;0;1;2;9;6
202000004574;154 734 202;30;0;2;1;17;1
202000004574;154 734 203;7;0;0;0;0;0
202000004575;154 734 200;7;0;2;1;23;0
202000004575;154 734 201;7;0;2;1;13;0
202000004576;154 734 199;7;8;0;2;2;1
202000004577;154 734 197;7;0;2;1;15;1
202000004577;154 734 198;7;0;0;0;0;1
202000004578;154 734 196;10;8;0;1;14;1
202000004579;154 734 195;50;16;0;0;1;3
202000004580;154 734 194;7;3;0;1;16;1
202000004581;154 734 192;37;1;0;1;9;1
202000004581;154 734 193;21;0;2;4;2;1
202000004582;154 734 191;30;1;0;3;13;1
202000004583;154 734 190;37;0;1;3;15;1
202000004584;154 734 189;7;0;1;1;15;1
202000004585;154 734 188;7;0;0;9;1;1
202000004586;154 734 186;7;0;2;1;2;1
202000004586;154 734 187;7;4;9;4;2;1
202000004587;154 734 185;2;0;1;1;1;1
202000004588;154 734 183;7;0;2;1;9;1
202000004588;154 734 184;1;0;2;4;1;5
202000004589;154 734 181;7;0;2;8;15;1
202000004589;154 734 182;30;0;2;1;17;1
202000004590;154 734 180;7;0;1;2;1;1
202000004591;154 734 179;7;0;1;1;1;1
202000004592;154 734 177;2;0;2;1;1;1
202000004592;154 734 178;7;0;2;2;16;1
202000004593;154 734 176;1;0;1;1;1;5
202000004594;154 734 174;7;0;2;4;15;1
202000004594;154 734 175;7;0;2;1;15;1