Num_Acc;id_vehicule;categorie_vehicule;obstacle_fixe;obstacle_mobile;point_choc_initial;manoeuvre_principale;motorisation
202000004945;154 733 560;2;0;1;2;0;1
202000004946;154 733 559;32;0;1;2;1;1
202000004947;154 733 558;33;0;0;0;2;1
202000004948;154 733 556;10;0;9;2;1;1
202000004948;154 733 557;1;13;2;8;23;5
202000004949;154 733 554;7;0;1;6;20;1
202000004950;154 733 552;7;0;2;2;2;1
202000004950;154 733 553;1;0;2;4;2;5
202000004951;154 733 550;7;0;2;1;1;0
202000004951;154 733 551;7;0;2;1;13;1
202000004952;154 733 549;7;0;1;2;1;1
202000004953;154 733 547;7;0;2;8;15;1
202000004953;154 733 548;7;0;2;2;1;1
202000004954;154 733 545;7;0;2;1;9;1
202000004954;154 733 546;33;0;2;8;15;1
202000004955;154 733 541;7;0;0;7;2;1
202000004955;154 733 542;7;0;0;5;2;1
202000004955;154 733 543;10;0;2;1;2;1
202000004955;154 733 544;10;0;2;4;2;1
202000004956;154 733 539;7;0;2;2;1;0
202000004956;154 733 540;13;0;2;8;1;0
202000004957;154 733 538;33;4;0;8;1;1
202000004958;154 733 537;33;0;0;2;13;1
202000004959;154 733 535;33;0;2;1;1;1
202000004959;154 733 536;10;0;2;2;15;1
202000004960;154 733 533;33;0;2;1;26;1
202000004960;154 733 534;7;0;2;3;19;1
202000004961;154 733 532;7;9;1;2;1;1
202000004962;154 733 530;7;0;9;8;9;0
202000004962;154 733 531;80;0;2;1;1;3
202000004963;154 733 529;32;12;0;1;1;1
202000004964;154 733 527;7;0;0;8;26;1
202000004964;154 733 528;33;0;2;1;1;1
202000004965;154 733 526;2;0;0;7;1;1
202000004966;154 733 525;7;0;0;0;1;1
202000004967;154 733 523;31;8;0;7;1;1
202000004967;154 733 524;33;0;0;9;1;1
202000004968;154 733 521;33;0;2;1;1;1
202000004968;154 733 522;21;0;2;4;26;1
202000004969;154 733 516;7;0;0;7;1;0
202000004969;154 733 517;1;0;0;0;26;6
202000004970;154 733 513;7;15;0;2;0;1
202000004970;154 733 514;7;0;0;4;23;1
202000004970;154 733 515;31;1;0;1;0;1
202000004971;154 733 511;7;4;0;6;1;1
202000004971;154 733 512;7;3;2;2;11;1
202000004972;154 733 509;7;0;2;8;1;1
202000004972;154 733 510;7;0;2;1;1;1
202000004973;154 733 507;7;0;2;0;1;1
202000004973;154 733 508;33;0;2;1;1;1
202000004974;154 733 505;32;0;2;0;0;1
202000004974;154 733 506;7;0;2;0;26;0
202000004975;154 733 503;7;0;2;2;14;1
202000004975;154 733 504;7;0;2;9;1;1
202000004976;154 733 502;7;4;0;2;14;1
202000004977;154 733 501;7;4;0;1;9;1
202000004978;154 733 499;7;0;2;8;1;1
202000004978;154 733 500;14;0;2;2;12;1
202000004979;154 733 498;7;4;0;1;1;1
202000004980;154 733 496;33;0;2;8;1;1
202000004980;154 733 497;7;0;2;7;12;0
202000004981;154 733 494;33;0;2;1;21;1
202000004981;154 733 495;17;0;2;5;12;1
202000004982;154 733 492;7;0;1;1;26;1
202000004983;154 733 491;7;0;1;3;15;1
202000004984;154 733 489;7;0;2;1;1;2
202000004984;154 733 490;7;0;2;8;1;1
202000004985;154 733 487;7;0;2;1;26;6
202000004985;154 733 488;31;0;2;1;1;0
202000004986;154 733 485;31;0;2;8;1;0
202000004986;154 733 486;10;0;2;2;1;0
202000004987;154 733 484;33;6;0;9;1;1
202000004988;154 733 483;31;8;2;1;21;1
202000004989;154 733 481;33;0;2;8;1;1
202000004989;154 733 482;7;0;2;1;1;1
202000004990;154 733 479;7;0;2;7;1;1
202000004990;154 733 480;7;0;2;1;1;1
202000004991;154 733 477;30;0;2;3;13;1
202000004991;154 733 478;7;0;9;2;26;1
202000004992;154 733 475;7;0;1;2;2;1
202000004993;154 733 473;15;0;2;2;10;1
202000004993;154 733 474;37;0;2;8;1;1
202000004994;154 733 472;7;0;2;1;1;1
202000004995;154 733 471;7;0;1;2;1;1
202000004996;154 733 469;10;0;2;2;2;1
202000004996;154 733 470;33;0;2;6;23;1
202000004997;154 733 467;7;0;0;4;1;6
202000004997;154 733 468;7;0;2;1;2;6
202000004998;154 733 464;7;0;2;6;19;0
202000004998;154 733 465;31;0;2;1;1;1
202000004999;154 733 463;7;0;1;3;17;1
202000005000;154 733 461;7;0;2;2;19;1
202000005000;154 733 462;30;0;2;1;1;1
202000005001;154 733 460;7;0;1;3;26;1
202000005002;154 733 459;33;0;0;7;3;1
202000005003;154 733 456;32;0;2;7;1;1
202000005003;154 733 457;33;0;2;1;3;1
202000005003;154 733 458;33;0;2;4;3;1
202000005004;154 733 455;43;0;1;1;17;1
202000005005;154 733 454;7;0;9;1;1;1
202000005006;154 733 452;43;0;2;6;1;1
202000005006;154 733 453;50;0;2;1;15;3
202000005007;154 733 450;1;0;2;6;13;5
202000005007;154 733 451;1;0;2;2;17;5
202000005008;154 733 448;7;0;2;8;15;1
202000005008;154 733 449;7;0;2;1;15;1
202000005009;154 733 447;10;0;1;1;15;1
202000005010;154 733 445;1;0;2;1;1;5
202000005010;154 733 446;7;0;2;3;1;1
202000005011;154 733 442;7;0;2;1;2;1
202000005011;154 733 443;32;0;2;4;1;1
202000005011;154 733 444;17;0;2;2;15;1
202000005012;154 733 441;30;0;1;7;1;3
202000005013;154 733 439;30;0;2;1;15;1
202000005013;154 733 440;1;0;2;1;1;5
202000005014;154 733 437;7;0;2;5;15;1
202000005014;154 733 438;7;0;2;3;1;1
202000005015;154 733 436;32;0;1;3;17;1
202000005016;154 733 435;7;0;1;1;26;1
202000005017;154 733 434;7;4;0;1;1;1
202000005018;154 733 432;7;0;2;5;15;1
202000005018;154 733 433;7;0;2;1;9;1
202000005019;154 733 430;7;0;2;8;15;1
202000005019;154 733 431;33;0;2;1;17;1
202000005020;154 733 428;30;0;2;5;9;1
202000005020;154 733 429;7;0;2;2;1;1
202000005021;154 733 427;7;0;1;0;1;0
202000005022;154 733 426;99;0;1;4;26;1
202000005023;154 733 425;37;0;1;2;1;1
202000005024;154 733 423;99;0;2;3;9;6
202000005024;154 733 424;30;0;2;1;1;0
202000005025;154 733 422;2;0;2;1;1;1
202000005026;154 733 420;50;0;2;1;26;3
202000005026;154 733 421;33;0;2;1;26;1
202000005027;154 733 418;15;0;2;1;1;1
202000005027;154 733 419;7;0;2;3;9;1
202000005028;154 733 417;7;1;0;1;26;1
202000005029;154 733 415;7;0;2;1;17;1
202000005029;154 733 416;7;4;2;6;1;1
202000005030;154 733 414;7;0;1;7;1;1
202000005031;154 733 412;10;0;2;2;19;1
202000005031;154 733 413;7;0;2;3;1;1
202000005032;154 733 411;7;0;1;3;26;0
202000005033;154 733 410;7;0;1;2;1;1
202000005034;154 733 408;7;0;0;4;2;1
202000005034;154 733 409;33;0;2;1;2;1
202000005035;154 733 405;17;0;2;1;1;1
202000005035;154 733 406;7;0;2;3;1;1
202000005035;154 733 407;7;0;2;1;13;1
202000005036;154 733 403;33;0;2;1;2;1
202000005036;154 733 404;7;0;0;4;2;1
202000005037;154 733 402;7;2;0;1;1;1
202000005038;154 733 400;7;0;2;1;1;1
202000005038;154 733 401;7;0;2;1;17;1
202000005039;154 733 399;7;0;1;2;1;1
202000005040;154 733 396;37;0;2;3;1;1
202000005040;154 733 397;7;0;2;3;1;0
202000005040;154 733 398;7;0;2;3;13;0
202000005041;154 733 395;31;0;6;3;0;1
202000005042;154 733 391;7;0;0;1;1;1
202000005042;154 733 392;7;0;2;1;15;1
202000005043;154 733 390;7;0;1;1;1;1
202000005044;154 733 389;10;0;1;4;26;1
202000005045;154 733 388;7;0;1;1;26;1
202000005046;154 733 386;1;0;0;4;2;5
202000005046;154 733 387;7;0;2;2;2;1
202000005047;154 733 384;7;0;2;3;0;1
202000005047;154 733 385;7;0;2;3;0;1
202000005048;154 733 382;7;1;0;8;10;1
202000005048;154 733 383;21;0;2;1;1;1
202000005049;154 733 380;7;0;2;3;1;1
202000005049;154 733 381;2;0;2;1;15;1
202000005050;154 733 378;7;0;2;3;15;1
202000005050;154 733 379;7;0;2;1;1;1
202000005051;154 733 376;7;0;2;3;15;1
202000005051;154 733 377;35;0;2;2;21;1
202000005052;154 733 373;7;6;0;2;1;1
202000005053;154 733 372;10;13;0;1;1;1
202000005054;154 733 370;10;7;2;1;1;1
202000005054;154 733 371;10;0;2;7;13;1
202000005055;154 733 368;14;0;2;5;2;1
202000005055;154 733 369;1;0;0;4;2;5
202000005056;154 733 366;7;0;2;3;1;1
202000005056;154 733 367;7;0;2;3;13;1
202000005057;154 733 364;17;0;2;1;2;1
202000005057;154 733 365;17;0;0;4;2;1
202000005058;154 733 363;7;4;0;2;1;1
202000005059;154 733 361;7;0;2;1;2;0
202000005059;154 733 362;1;0;2;4;2;5
202000005060;154 733 360;10;0;1;2;1;0
202000005061;154 733 358;7;0;2;1;1;1
202000005061;154 733 359;7;0;0;4;23;1
202000005062;154 733 356;7;0;2;2;1;1
202000005062;154 733 357;34;6;2;1;13;1
202000005063;154 733 354;7;3;0;2;1;1
202000005063;154 733 355;10;0;2;3;2;1
202000005064;154 733 352;34;0;2;2;17;1
202000005064;154 733 353;7;0;9;3;15;1
202000005065;154 733 350;7;16;0;3;13;1
202000005065;154 733 351;7;0;0;3;13;1
202000005066;154 733 349;7;13;0;2;1;1
202000005067;154 733 347;33;0;2;0;1;1
202000005067;154 733 348;7;0;0;8;1;1
202000005068;154 733 346;33;0;0;0;1;1
202000005069;154 733 344;7;0;0;0;13;1
202000005069;154 733 345;7;0;2;2;2;1
202000005070;154 733 342;17;0;2;7;12;1
202000005070;154 733 343;7;0;2;8;1;1
202000005071;154 733 339;7;0;2;1;21;1
202000005071;154 733 340;7;0;2;1;21;1
202000005071;154 733 341;7;3;2;3;13;1
202000005072;154 733 337;10;0;2;1;2;1
202000005072;154 733 338;7;0;2;4;2;1
202000005073;154 733 335;7;0;2;4;1;1
202000005073;154 733 336;7;0;2;1;2;1
202000005074;154 733 334;7;3;0;1;2;1
202000005075;154 733 333;31;0;0;8;15;1
202000005076;154 733 331;7;0;2;4;2;1
202000005076;154 733 332;7;0;2;4;1;1
202000005077;154 733 329;7;0;2;1;1;1
202000005077;154 733 330;33;0;2;4;2;1
202000005078;154 733 327;10;0;2;1;2;1
202000005078;154 733 328;15;0;2;4;2;0
202000005079;154 733 324;7;0;2;3;1;1
202000005079;154 733 325;33;0;2;1;3;1
202000005079;154 733 326;7;0;2;3;11;1
202000005080;154 733 321;7;0;2;6;1;1
202000005080;154 733 322;7;0;2;2;12;1
202000005080;154 733 323;31;0;2;8;3;1
202000005081;154 733 319;31;0;2;3;3;1
202000005081;154 733 320;7;0;2;6;12;1
202000005082;154 733 317;7;0;2;6;1;1
202000005082;154 733 318;7;0;2;2;12;1
202000005083;154 733 313;7;0;2;4;2;1
202000005083;154 733 314;7;0;2;4;2;1
202000005083;154 733 315;7;0;2;4;2;1
202000005083;154 733 316;7;0;2;1;2;1
202000005084;154 733 312;33;0;0;9;21;1
202000005085;154 733 310;7;0;2;7;14;1
202000005085;154 733 311;7;0;2;8;1;1
202000005086;154 733 308;7;4;2;3;18;1
202000005086;154 733 309;14;0;2;2;1;1
202000005087;154 733 307;7;4;0;1;13;1
202000005088;154 733 306;33;0;0;9;1;1
202000005089;154 733 305;7;4;0;3;1;1
202000005090;154 733 304;7;0;0;0;9;1
202000005091;154 733 303;7;4;0;1;0;1
202000005092;154 733 302;7;0;1;6;26;1
202000005093;154 733 300;7;0;2;1;15;0
202000005093;154 733 301;33;5;0;1;21;1
202000005094;154 733 298;2;0;2;5;17;1
202000005094;154 733 299;7;0;2;3;26;1
202000005095;154 733 296;7;0;2;6;16;1
202000005095;154 733 297;31;0;2;1;1;1
202000005096;154 733 294;32;0;2;7;17;1
202000005096;154 733 295;7;0;2;8;17;1
202000005097;154 733 293;0;0;1;1;0;0
202000005098;154 733 290;7;0;2;3;10;1
202000005098;154 733 291;7;0;2;2;1;1
202000005098;154 733 292;7;0;2;1;1;1
202000005099;154 733 288;2;0;2;0;1;1
202000005099;154 733 289;7;0;2;0;15;1
202000005100;154 733 286;10;0;2;7;15;1
202000005100;154 733 287;2;0;2;1;1;1
202000005101;154 733 284;7;0;2;8;1;0
202000005101;154 733 285;7;0;2;0;1;0
202000005102;154 733 282;10;0;9;4;26;0
202000005102;154 733 283;1;0;2;0;0;0
202000005103;154 733 280;7;0;2;1;1;1
202000005103;154 733 281;7;0;2;6;9;1
202000005104;154 733 277;7;0;2;1;2;0
202000005104;154 733 278;7;0;9;5;23;0
202000005104;154 733 279;7;0;2;6;23;0
202000005105;154 733 275;7;0;2;1;5;1
202000005105;154 733 276;7;0;2;8;23;1
202000005106;154 733 273;7;0;2;8;9;0
202000005106;154 733 274;33;0;2;1;17;0
202000005107;154 733 272;33;1;0;1;13;1
202000005108;154 733 270;7;0;2;3;15;1
202000005108;154 733 271;33;0;2;2;1;1
202000005109;154 733 268;30;0;2;1;2;1
202000005109;154 733 269;10;0;2;0;23;1
202000005110;154 733 266;2;0;2;1;1;1
202000005110;154 733 267;7;0;2;6;1;1
202000005111;154 733 263;7;0;2;8;23;1
202000005111;154 733 264;7;0;2;7;16;1
202000005111;154 733 265;2;0;2;3;3;1
202000005112;154 733 260;7;0;2;6;1;1
202000005112;154 733 261;7;0;2;1;17;1
202000005112;154 733 262;7;0;2;1;1;1
202000005113;154 733 259;7;0;1;1;13;1
202000005114;154 733 258;7;0;1;1;11;0
202000005115;154 733 257;7;0;1;3;1;1
202000005116;154 733 256;7;0;1;1;1;1
202000005117;154 733 255;7;0;1;2;16;1
202000005118;154 733 254;7;0;1;8;15;1
202000005119;154 733 253;7;0;1;2;21;1
202000005120;154 733 252;7;9;0;2;14;1
202000005121;154 733 251;33;0;0;8;1;1
202000005122;154 733 250;2;0;0;0;1;1
202000005123;154 733 248;7;0;2;4;1;1
202000005123;154 733 249;7;0;2;1;1;1
202000005124;154 733 246;7;0;2;1;1;1
202000005124;154 733 247;7;0;2;4;2;1
202000005125;154 733 243;33;0;1;1;1;1
202000005126;154 733 242;10;0;1;6;26;1
202000005127;154 733 241;7;0;1;2;20;3
202000005128;154 733 239;7;0;2;1;1;1
202000005128;154 733 240;1;0;2;1;19;5
202000005129;154 733 237;1;0;2;0;9;5
202000005129;154 733 238;10;0;2;2;1;1
202000005130;154 733 233;7;0;2;7;15;1
202000005130;154 733 234;33;0;0;0;0;1
202000005131;154 733 228;34;0;2;1;18;1
202000005131;154 733 229;7;0;2;7;1;1
202000005132;154 733 226;7;0;2;3;1;1
202000005132;154 733 227;7;0;2;2;14;1
202000005133;154 733 225;7;5;0;9;1;1
202000005134;154 733 221;7;0;0;5;0;1
202000005134;154 733 222;7;0;2;1;0;1
202000005135;154 733 220;7;1;1;1;17;1
202000005136;154 733 219;7;0;1;1;2;1
202000005137;154 733 217;33;0;2;7;17;1
202000005137;154 733 218;7;0;2;1;15;1
202000005138;154 733 216;7;1;1;2;2;1
202000005139;154 733 214;7;0;2;3;16;1
202000005139;154 733 215;7;0;2;2;1;1
202000005140;154 733 212;7;0;2;8;0;1
202000005140;154 733 213;7;0;2;3;0;1
202000005141;154 733 210;7;0;2;4;2;0
202000005141;154 733 211;7;0;2;4;2;0
202000005142;154 733 208;7;0;2;0;9;0
202000005142;154 733 209;30;0;2;1;1;1
202000005143;154 733 207;7;0;1;3;1;1
202000005144;154 733 205;1;0;2;8;1;5
202000005144;154 733 206;7;0;9;6;1;1
202000005145;154 733 203;1;0;1;1;1;5
202000005146;154 733 202;7;9;0;1;14;1
202000005147;154 733 200;33;0;2;1;2;1
202000005147;154 733 201;7;0;2;4;2;1
202000005148;154 733 196;3;0;2;3;26;1
202000005148;154 733 197;7;0;2;4;2;1
202000005148;154 733 198;13;0;2;4;2;1
202000005148;154 733 199;7;0;2;4;2;1
202000005149;154 733 194;7;0;2;1;19;1
202000005149;154 733 195;7;0;2;8;1;1
202000005150;154 733 193;7;0;1;1;1;1
202000005151;154 733 192;7;8;0;1;13;1
202000005152;154 733 190;7;0;2;3;1;1
202000005152;154 733 191;30;0;2;1;5;1
202000005153;154 733 188;7;0;2;3;1;1
202000005153;154 733 189;7;0;2;2;2;1
202000005154;154 733 186;7;0;2;2;1;1
202000005154;154 733 187;7;8;2;8;19;1
202000005155;154 733 185;7;0;1;0;16;0
202000005156;154 733 183;7;0;2;3;1;1
202000005156;154 733 184;31;0;2;1;1;1
202000005157;154 733 182;31;0;1;1;21;0
202000005158;154 733 180;1;0;2;0;2;6
202000005158;154 733 181;7;0;2;8;15;1
202000005159;154 733 178;33;0;2;2;17;1
202000005159;154 733 179;7;0;2;8;15;1
202000005160;154 733 176;7;0;2;3;9;1
202000005160;154 733 177;33;0;2;7;1;1
202000005161;154 733 175;7;0;1;2;1;1
202000005162;154 733 173;7;0;2;6;19;1
202000005162;154 733 174;7;0;2;1;2;1
202000005163;154 733 172;7;0;1;4;20;1
202000005164;154 733 170;1;0;2;8;1;5
202000005164;154 733 171;7;0;2;7;17;0
202000005165;154 733 167;7;0;2;4;1;1
202000005165;154 733 168;7;0;2;6;1;1
202000005165;154 733 169;7;0;2;1;11;1
202000005166;154 733 165;2;0;2;8;1;1
202000005166;154 733 166;7;0;2;3;9;1
202000005167;154 733 162;7;0;2;8;0;1
202000005167;154 733 163;7;0;2;6;0;1
202000005167;154 733 164;7;0;2;1;0;1
202000005168;154 733 160;1;0;2;0;0;5
202000005168;154 733 161;7;0;2;0;0;1
202000005169;154 733 158;1;0;2;9;0;5
202000005169;154 733 159;7;0;2;1;0;1
202000005170;154 733 157;7;1;0;9;0;1
202000005171;154 733 156;7;1;2;9;0;1
202000005172;154 733 154;7;0;2;4;1;1
202000005172;154 733 155;7;0;2;1;9;1
202000005173;154 733 153;7;1;0;1;13;1
202000005174;154 733 151;7;0;2;1;2;1
202000005174;154 733 152;7;0;2;3;15;1
202000005175;154 733 149;99;0;2;3;1;1
202000005175;154 733 150;7;0;2;2;19;1
202000005176;154 733 148;7;12;0;1;13;1
202000005177;154 733 147;7;8;0;2;1;1
202000005178;154 733 146;7;17;0;2;14;1
202000005179;154 733 145;7;12;0;3;0;1
202000005180;154 733 144;7;0;1;1;1;1
202000005181;154 733 142;7;0;2;3;1;1
202000005181;154 733 143;7;0;2;3;1;1
202000005182;154 733 140;7;0;2;2;1;1
202000005182;154 733 141;1;0;2;1;19;5
202000005183;154 733 139;7;0;1;1;1;1
202000005184;154 733 137;7;0;2;7;1;1
202000005184;154 733 138;30;0;2;8;18;1
202000005185;154 733 134;7;0;2;8;1;1
202000005185;154 733 135;7;0;2;1;9;1
202000005185;154 733 136;2;0;2;8;1;1
202000005186;154 733 132;7;0;2;2;16;1
202000005186;154 733 133;31;0;2;8;7;1
202000005187;154 733 131;1;0;0;0;0;5
202000005188;154 733 129;7;0;2;7;1;1
202000005188;154 733 130;7;0;2;1;9;1
202000005189;154 733 127;1;0;2;1;1;5
202000005189;154 733 128;7;0;9;2;15;2
202000005190;154 733 125;37;0;9;3;1;1
202000005190;154 733 126;50;0;2;1;17;3
202000005191;154 733 123;10;0;2;7;17;0
202000005191;154 733 124;1;0;2;8;1;0
202000005192;154 733 121;50;0;2;7;17;3
202000005192;154 733 122;10;0;9;3;1;1
202000005193;154 733 119;7;0;2;4;23;1
202000005193;154 733 120;33;0;2;1;1;1
202000005194;154 733 118;7;0;1;3;1;1
202000005195;154 733 116;34;0;2;1;1;1
202000005195;154 733 117;10;0;2;3;15;0
202000005196;154 733 114;30;0;2;1;1;1
202000005196;154 733 115;7;0;2;3;1;1
202000005197;154 733 111;7;2;0;1;1;1
202000005198;154 733 110;7;8;0;7;21;0
202000005199;154 733 108;7;0;2;7;19;0
202000005199;154 733 109;7;0;2;1;1;1
202000005200;154 733 105;7;9;0;1;14;1
202000005201;154 733 103;7;0;2;2;15;1
202000005201;154 733 104;2;0;2;1;1;1
202000005202;154 733 101;7;0;2;3;9;1
202000005202;154 733 102;80;0;2;4;1;3
202000005203;154 733 099;1;0;2;7;19;5
202000005203;154 733 100;7;0;2;1;1;1
202000005204;154 733 097;7;0;2;2;15;1
202000005204;154 733 098;34;0;2;1;17;1
202000005205;154 733 096;7;0;1;1;1;1
202000005206;154 733 095;33;8;0;1;16;1
202000005207;154 733 092;7;0;2;1;2;1
202000005207;154 733 093;7;0;2;4;2;1
202000005207;154 733 094;7;0;2;4;2;1
202000005208;154 733 090;31;0;2;7;17;1
202000005208;154 733 091;7;0;2;8;15;1
202000005209;154 733 087;38;0;2;0;0;1
202000005209;154 733 088;7;0;2;4;26;1
202000005209;154 733 089;7;0;2;1;2;1
202000005210;154 733 085;7;0;1;6;26;0
202000005211;154 733 084;7;0;1;0;1;0
202000005212;154 733 081;10;1;0;6;1;1
202000005212;154 733 082;33;0;2;1;13;1
202000005212;154 733 083;7;1;0;3;23;1
202000005213;154 733 079;7;0;2;3;20;1
202000005213;154 733 080;30;0;2;0;1;1
202000005214;154 733 077;1;0;2;1;19;5
202000005214;154 733 078;7;0;2;8;1;1
202000005215;154 733 076;7;0;1;2;1;1
202000005216;154 733 074;7;0;2;0;15;0
202000005216;154 733 075;33;0;2;8;1;1
202000005217;154 733 072;7;0;2;3;15;1
202000005217;154 733 073;2;0;2;1;1;1
202000005218;154 733 071;31;0;6;1;1;1
202000005219;154 733 070;7;0;1;3;16;1
202000005220;154 733 069;7;0;1;1;1;
202000005221;154 733 066;7;3;0;3;1;1
202000005221;154 733 067;7;0;2;4;1;1
202000005221;154 733 068;7;0;2;1;1;1
202000005222;154 733 064;7;0;0;3;13;1
202000005222;154 733 065;7;0;0;3;1;1
202000005223;154 733 062;7;0;2;2;1;1
202000005223;154 733 063;50;0;2;1;1;3
202000005224;154 733 060;1;0;2;1;1;5
202000005224;154 733 061;7;0;2;6;9;1
202000005225;154 733 059;30;15;0;2;26;1
202000005226;154 733 057;7;0;2;7;21;1
202000005226;154 733 058;7;0;2;3;16;1
202000005227;154 733 055;7;0;2;8;22;0
202000005227;154 733 056;50;1;0;1;1;3
202000005228;154 733 053;33;0;2;7;1;1
202000005228;154 733 054;7;0;2;3;15;1
202000005229;154 733 051;10;0;2;1;1;1
202000005229;154 733 052;7;0;2;2;1;1
202000005230;154 733 049;1;0;2;0;1;5
202000005230;154 733 050;7;0;2;4;4;1
202000005231;154 733 047;1;0;2;7;19;5
202000005231;154 733 048;7;0;9;1;1;1
202000005232;154 733 045;7;0;2;3;1;1
202000005232;154 733 046;7;0;2;0;0;1
202000005233;154 733 043;34;0;2;4;1;1
202000005233;154 733 044;7;0;2;2;1;1
202000005234;154 733 041;7;0;2;1;2;1
202000005234;154 733 042;7;0;2;4;2;1
202000005235;154 733 035;7;0;2;8;1;1
202000005235;154 733 036;1;0;2;1;1;5
202000005235;154 733 037;1;0;2;1;1;5
202000005235;154 733 038;1;0;2;1;1;5
202000005235;154 733 039;1;0;2;1;1;5
202000005235;154 733 040;1;0;2;1;1;5
202000005236;154 733 034;30;4;0;7;1;1
202000005237;154 733 032;7;0;2;1;1;1
202000005237;154 733 033;32;0;2;8;1;1
202000005238;154 733 030;43;0;2;2;1;1
202000005238;154 733 031;7;0;2;1;19;1
202000005239;154 733 028;7;0;2;4;15;1
202000005239;154 733 029;33;0;2;4;17;1
202000005240;154 733 027;32;0;0;7;16;1
202000005241;154 733 025;7;1;1;8;0;1
202000005241;154 733 026;33;4;0;7;1;1
202000005242;154 733 023;7;0;2;2;1;1
202000005242;154 733 024;7;0;2;1;1;1
202000005243;154 733 021;7;0;2;8;15;1
202000005243;154 733 022;34;0;2;7;2;1
202000005244;154 733 019;1;0;2;1;17;5
202000005244;154 733 020;7;0;2;8;1;1
202000005245;154 733 018;31;0;0;8;1;1
202000005246;154 733 016;1;0;2;7;1;5
202000005246;154 733 017;7;0;2;1;9;1
202000005247;154 733 014;1;0;2;1;5;5
202000005247;154 733 015;7;0;2;3;1;1
202000005248;154 733 013;7;0;1;1;16;1
202000005249;154 733 012;7;0;1;3;15;1
202000005250;154 733 009;7;0;2;7;1;1
202000005250;154 733 010;31;0;2;2;3;1
202000005250;154 733 011;43;0;2;3;11;1
202000005251;154 733 007;7;0;2;5;1;1
202000005251;154 733 008;7;0;2;3;13;1
202000005252;154 733 006;7;0;1;2;16;1
202000005253;154 733 004;33;0;2;1;17;1
202000005253;154 733 005;7;0;2;3;15;1
202000005254;154 733 002;10;0;2;1;2;1
202000005254;154 733 003;7;0;2;4;2;1
202000005255;154 733 001;50;0;0;8;25;3
202000005256;154 732 999;1;0;2;1;5;5
202000005256;154 733 000;30;0;2;1;7;0
202000005257;154 732 998;80;0;0;8;13;3
202000005258;154 732 996;33;0;2;3;9;1
202000005258;154 732 997;7;0;2;2;1;1
202000005259;154 732 994;7;0;2;5;15;1
202000005259;154 732 995;30;0;2;3;2;1
202000005260;154 732 990;1;0;2;1;2;5
202000005260;154 732 991;7;0;2;4;20;1
202000005261;154 732 989;50;0;0;0;21;3
202000005262;154 732 987;7;0;2;1;2;1
202000005262;154 732 988;7;0;2;4;23;1
202000005263;154 732 986;7;0;1;1;4;2
202000005264;154 732 985;50;0;1;1;1;3
202000005265;154 732 984;10;0;1;2;1;1
202000005266;154 732 982;43;0;2;8;9;1
202000005266;154 732 983;32;0;2;1;1;1
202000005267;154 732 980;1;0;2;1;1;5
202000005267;154 732 981;33;0;2;1;1;1
202000005268;154 732 978;7;0;2;5;17;3
202000005268;154 732 979;1;0;2;3;11;5
202000005269;154 732 977;33;0;1;1;1;1
202000005270;154 732 975;7;0;2;3;1;1
202000005270;154 732 976;32;0;2;7;1;1
202000005271;154 732 973;7;0;2;1;2;1
202000005271;154 732 974;1;0;2;4;2;5
202000005272;154 732 972;43;12;0;7;14;1
202000005273;154 732 970;1;0;2;3;1;5
202000005273;154 732 971;10;0;2;1;15;1
202000005274;154 732 968;7;0;2;3;17;1
202000005274;154 732 969;1;0;2;3;7;5
202000005275;154 732 967;80;12;0;7;1;3
202000005276;154 732 966;7;0;1;1;13;1
202000005277;154 732 965;7;0;1;2;15;0
202000005278;154 732 964;7;0;1;1;1;1
202000005279;154 732 962;7;0;2;3;15;1
202000005279;154 732 963;31;0;2;3;1;1
202000005280;154 732 959;10;0;2;4;2;1
202000005280;154 732 960;7;0;2;4;2;1
202000005280;154 732 961;7;0;2;1;2;1
202000005281;154 732 957;7;0;2;2;19;1
202000005281;154 732 958;1;0;2;6;19;5
202000005282;154 732 955;15;0;2;7;19;0
202000005282;154 732 956;1;0;2;7;2;0
202000005283;154 732 954;32;9;0;1;0;1
202000005284;154 732 952;10;0;2;1;16;1
202000005284;154 732 953;31;0;2;1;2;1
202000005285;154 732 950;7;0;2;7;17;1
202000005285;154 732 951;1;0;2;5;0;5
202000005286;154 732 948;7;0;2;3;1;1
202000005286;154 732 949;7;0;2;3;21;1
202000005287;154 732 944;7;0;2;4;23;1
202000005287;154 732 945;10;0;2;4;23;1
202000005287;154 732 946;7;0;2;4;23;1
202000005287;154 732 947;10;0;2;1;2;1
202000005288;154 732 943;7;0;1;2;1;2
202000005289;154 732 941;34;0;2;1;7;1
202000005289;154 732 942;7;0;2;7;16;1
202000005290;154 732 939;7;0;2;2;1;0
202000005290;154 732 940;30;0;2;8;19;0
202000005291;154 732 938;7;6;0;3;1;0
202000005292;154 732 937;7;0;1;;;
202000005293;154 732 935;7;0;1;2;1;1
202000005294;154 732 933;34;0;2;2;17;1
202000005294;154 732 934;7;0;2;3;13;1
202000005295;154 732 931;10;0;2;1;1;1
202000005295;154 732 932;10;8;2;2;1;1
202000005296;154 732 930;7;2;0;1;21;1