Num_Acc;id_vehicule;categorie_vehicule;obstacle_fixe;obstacle_mobile;point_choc_initial;manoeuvre_principale;motorisation
202000005297;154 732 929;30;0;1;2;2;0
202000005298;154 732 926;1;0;2;8;3;5
202000005298;154 732 927;10;0;9;8;2;1
202000005298;154 732 928;7;0;9;2;14;1
202000005299;154 732 925;30;0;1;2;1;1
202000005300;154 732 924;30;12;0;0;1;1
202000005301;154 732 922;7;0;2;3;1;1
202000005301;154 732 923;60;0;2;1;0;5
202000005302;154 732 920;7;0;2;7;2;1
202000005302;154 732 921;33;0;2;1;1;1
202000005303;154 732 918;10;1;0;3;15;1
202000005303;154 732 919;50;0;9;1;0;3
202000005304;154 732 917;7;13;0;9;1;1
202000005305;154 732 915;21;0;2;3;1;0
202000005305;154 732 916;10;0;2;1;13;0
202000005306;154 732 914;1;0;1;1;0;0
202000005307;154 732 912;7;0;0;3;13;0
202000005307;154 732 913;31;0;2;1;13;0
202000005308;154 732 911;33;8;0;1;14;1
202000005309;154 732 910;7;0;1;7;16;1
202000005310;154 732 909;33;0;1;2;1;0
202000005311;154 732 908;7;0;0;2;0;0
202000005312;154 732 906;33;0;2;3;1;1
202000005312;154 732 907;7;0;2;1;1;1
202000005313;154 732 904;7;0;2;8;1;1
202000005313;154 732 905;31;0;2;8;1;1
202000005314;154 732 902;10;0;0;3;5;1
202000005314;154 732 903;7;0;0;0;5;1
202000005315;154 732 900;21;0;2;8;1;1
202000005315;154 732 901;33;0;2;8;13;1
202000005316;154 732 899;7;2;0;1;1;1
202000005317;154 732 897;1;0;2;1;5;5
202000005317;154 732 898;7;0;9;2;21;1
202000005318;154 732 896;7;0;1;3;15;1
202000005319;154 732 894;7;0;9;3;9;1
202000005319;154 732 895;1;0;0;7;1;5
202000005320;154 732 893;2;13;0;1;1;1
202000005321;154 732 891;7;0;2;5;13;1
202000005321;154 732 892;7;0;2;1;1;1
202000005322;154 732 889;10;0;2;3;9;1
202000005322;154 732 890;1;0;2;7;9;5
202000005323;154 732 888;2;1;0;1;17;1
202000005324;154 732 886;7;0;2;3;1;1
202000005324;154 732 887;7;0;2;3;5;1
202000005325;154 732 883;7;0;2;6;1;1
202000005325;154 732 884;33;0;2;3;13;1
202000005325;154 732 885;7;0;2;8;21;1
202000005326;154 732 881;31;0;2;1;1;0
202000005326;154 732 882;7;0;2;1;5;0
202000005327;154 732 880;7;0;1;2;1;1
202000005328;154 732 878;7;0;2;2;15;1
202000005328;154 732 879;7;0;2;3;1;1
202000005329;154 732 876;2;0;2;3;1;1
202000005329;154 732 877;7;0;2;3;17;1
202000005330;154 732 875;7;13;0;1;13;1
202000005331;154 732 873;2;0;2;1;17;1
202000005331;154 732 874;7;0;2;3;15;1
202000005332;154 732 872;7;0;1;2;1;1
202000005333;154 732 871;3;0;0;9;13;1
202000005334;154 732 869;33;0;2;2;1;1
202000005334;154 732 870;7;0;2;3;1;1
202000005335;154 732 867;7;0;2;1;15;0
202000005335;154 732 868;7;13;2;8;1;0
202000005336;154 732 865;33;0;2;1;1;1
202000005336;154 732 866;10;0;2;3;1;1
202000005337;154 732 864;7;0;1;0;1;0
202000005338;154 732 862;14;0;2;1;1;1
202000005338;154 732 863;7;0;2;1;13;1
202000005339;154 732 858;7;0;2;1;15;1
202000005339;154 732 859;34;0;2;1;1;1
202000005340;154 732 856;7;0;2;3;13;1
202000005340;154 732 857;7;0;2;3;23;1
202000005341;154 732 855;33;9;0;1;1;1
202000005342;154 732 854;7;13;0;7;1;1
202000005343;154 732 853;10;8;0;7;13;1
202000005344;154 732 851;13;0;2;1;13;1
202000005344;154 732 852;7;1;0;1;1;1
202000005345;154 732 850;0;0;1;1;1;0
202000005346;154 732 848;7;0;2;8;2;0
202000005346;154 732 849;7;0;2;2;15;6
202000005347;154 732 845;7;0;0;2;2;1
202000005347;154 732 846;1;0;0;3;1;5
202000005347;154 732 847;1;0;0;3;1;5
202000005348;154 732 842;7;0;2;1;5;1
202000005348;154 732 843;7;0;2;1;2;1
202000005348;154 732 844;7;0;2;1;21;1
202000005349;154 732 840;7;0;2;3;5;1
202000005349;154 732 841;7;0;2;3;1;1
202000005350;154 732 839;33;2;0;0;1;1
202000005351;154 732 838;1;0;0;7;1;5
202000005352;154 732 835;7;14;0;3;1;1
202000005352;154 732 836;17;0;2;3;1;1
202000005352;154 732 837;7;0;2;3;13;1
202000005353;154 732 833;33;0;0;1;2;1
202000005353;154 732 834;7;0;0;5;15;1
202000005354;154 732 831;7;0;2;2;15;1
202000005354;154 732 832;2;0;2;1;1;1
202000005355;154 732 828;37;0;0;0;17;0
202000005355;154 732 829;2;0;2;1;2;1
202000005355;154 732 830;7;0;2;6;1;1
202000005356;154 732 827;99;13;0;9;19;1
202000005357;154 732 826;7;2;0;9;1;1
202000005358;154 732 824;7;0;2;8;17;1
202000005358;154 732 825;31;0;2;8;1;1
202000005359;154 732 822;33;0;2;1;1;1
202000005359;154 732 823;10;0;2;7;15;1
202000005360;154 732 821;1;0;2;1;1;5
202000005361;154 732 820;7;0;1;1;9;1
202000005362;154 732 819;7;0;1;1;1;1
202000005363;154 732 818;1;0;0;0;1;5
202000005364;154 732 817;7;0;1;1;1;1
202000005365;154 732 815;10;0;2;2;1;1
202000005365;154 732 816;15;0;0;6;1;1
202000005366;154 732 814;7;13;0;2;1;1
202000005367;154 732 811;7;0;2;1;2;1
202000005367;154 732 812;10;0;2;4;2;1
202000005367;154 732 813;10;0;2;4;2;1
202000005368;154 732 809;32;6;2;1;2;1
202000005368;154 732 810;10;6;2;4;2;1
202000005369;154 732 808;7;3;0;1;2;1
202000005370;154 732 804;7;0;9;1;1;1
202000005370;154 732 805;7;0;2;1;14;1
202000005370;154 732 806;7;0;0;0;1;0
202000005370;154 732 807;15;0;2;4;1;0
202000005371;154 732 802;10;0;2;8;2;1
202000005371;154 732 803;31;0;2;7;17;1
202000005372;154 732 800;10;0;2;2;3;1
202000005372;154 732 801;15;0;2;6;1;1
202000005373;154 732 798;7;0;2;1;1;1
202000005373;154 732 799;15;0;2;4;1;1
202000005374;154 732 795;7;0;2;1;2;1
202000005374;154 732 796;10;0;2;4;2;1
202000005374;154 732 797;7;0;2;4;2;1
202000005375;154 732 794;33;6;0;3;1;1
202000005376;154 732 792;7;0;2;5;2;0
202000005376;154 732 793;33;0;2;3;2;1
202000005377;154 732 788;33;4;0;3;0;1
202000005378;154 732 786;15;0;0;5;1;1
202000005378;154 732 787;10;0;2;1;17;1
202000005379;154 732 784;1;0;2;0;0;5
202000005379;154 732 785;7;0;2;3;1;1
202000005380;154 732 782;7;0;2;4;4;1
202000005380;154 732 783;2;0;2;1;2;1
202000005381;154 732 780;33;1;0;1;1;0
202000005381;154 732 781;7;0;1;4;26;0
202000005382;154 732 778;7;0;2;3;1;1
202000005382;154 732 779;7;0;2;3;19;1
202000005383;154 732 777;10;0;1;3;1;0
202000005384;154 732 775;0;0;2;5;17;
202000005384;154 732 776;33;0;2;1;1;1
202000005385;154 732 773;7;0;9;3;1;1
202000005385;154 732 774;1;0;2;1;16;5
202000005386;154 732 771;7;0;2;1;1;1
202000005386;154 732 772;7;0;0;3;1;1
202000005387;154 732 769;7;0;2;1;2;1
202000005387;154 732 770;7;0;2;3;13;1
202000005388;154 732 767;31;0;2;1;26;1
202000005388;154 732 768;7;0;2;7;15;1
202000005389;154 732 766;7;0;1;2;1;1
202000005390;154 732 764;7;0;2;2;1;1
202000005390;154 732 765;1;0;2;1;19;5
202000005391;154 732 762;10;0;2;2;17;1
202000005391;154 732 763;21;0;2;6;1;1
202000005392;154 732 760;2;0;0;3;1;1
202000005392;154 732 761;7;0;0;5;17;1
202000005393;154 732 759;33;0;0;1;14;1
202000005394;154 732 758;7;13;0;1;1;1
202000005395;154 732 755;7;0;2;1;2;1
202000005395;154 732 756;7;3;2;3;1;1
202000005395;154 732 757;7;4;2;2;5;1
202000005396;154 732 753;7;0;2;7;19;1
202000005396;154 732 754;7;0;2;1;19;1
202000005397;154 732 752;33;0;0;0;1;0
202000005398;154 732 750;7;0;2;8;19;1
202000005398;154 732 751;7;0;2;2;26;1
202000005399;154 732 747;14;3;2;3;21;1
202000005399;154 732 748;7;0;2;1;13;1
202000005399;154 732 749;7;0;2;6;5;1
202000005400;154 732 744;10;0;2;0;1;1
202000005400;154 732 745;7;0;9;3;1;1
202000005400;154 732 746;33;0;0;0;1;1
202000005401;154 732 743;7;15;0;9;14;1
202000005402;154 732 742;7;3;0;0;17;1
202000005403;154 732 740;2;0;2;1;1;1
202000005403;154 732 741;7;0;2;2;1;1
202000005404;154 732 739;7;8;0;2;14;1
202000005405;154 732 737;2;0;0;4;1;1
202000005405;154 732 738;2;0;0;1;1;1
202000005406;154 732 735;2;0;2;1;1;1
202000005406;154 732 736;7;0;2;5;4;1
202000005407;154 732 732;33;0;2;5;2;1
202000005407;154 732 733;7;0;2;4;2;1
202000005407;154 732 734;7;0;2;1;2;1
202000005408;154 732 729;7;0;2;1;2;1
202000005408;154 732 730;7;0;2;5;2;1
202000005408;154 732 731;7;0;2;4;2;1
202000005409;154 732 726;7;6;2;4;2;1
202000005409;154 732 727;7;6;2;4;2;1
202000005409;154 732 728;7;6;2;1;2;1
202000005410;154 732 724;7;0;2;8;11;1
202000005410;154 732 725;33;12;2;7;1;1
202000005411;154 732 722;7;0;2;1;1;1
202000005411;154 732 723;7;0;2;4;2;1
202000005412;154 732 718;7;4;0;1;21;1
202000005412;154 732 719;7;4;0;1;13;1
202000005412;154 732 720;7;0;2;1;1;1
202000005412;154 732 721;7;0;2;1;1;1
202000005413;154 732 716;7;3;2;1;17;1
202000005413;154 732 717;7;0;2;6;1;1
202000005414;154 732 712;7;0;2;5;1;1
202000005414;154 732 713;7;4;2;2;0;1
202000005414;154 732 714;7;0;2;4;2;1
202000005414;154 732 715;7;0;2;6;2;1
202000005415;154 732 711;7;3;0;1;14;1
202000005416;154 732 703;7;8;2;1;2;1
202000005416;154 732 704;7;0;2;4;2;1
202000005417;154 732 701;7;0;2;2;14;1
202000005417;154 732 702;7;0;2;8;1;1
202000005418;154 732 700;7;4;0;9;1;1
202000005419;154 732 697;7;0;2;5;1;1
202000005419;154 732 698;7;0;2;8;11;1
202000005419;154 732 699;33;0;2;1;3;0
202000005420;154 732 695;7;0;2;5;1;1
202000005420;154 732 696;7;0;2;3;1;1
202000005421;154 732 694;20;2;0;2;13;1
202000005422;154 732 693;7;15;0;1;13;1
202000005423;154 732 692;32;0;0;0;14;1
202000005424;154 732 691;7;0;1;1;16;1
202000005425;154 732 688;1;0;2;4;2;5
202000005425;154 732 689;7;0;2;0;0;0
202000005425;154 732 690;7;0;2;2;2;1
202000005426;154 732 686;7;0;2;1;1;1
202000005426;154 732 687;7;0;2;3;15;1
202000005427;154 732 684;7;0;2;4;0;0
202000005427;154 732 685;10;0;2;1;0;0
202000005428;154 732 682;7;1;2;1;9;1
202000005428;154 732 683;7;0;2;1;1;1
202000005429;154 732 680;32;0;2;1;1;1
202000005429;154 732 681;10;0;2;4;1;1
202000005430;154 732 678;7;0;2;6;1;1
202000005430;154 732 679;30;0;2;1;1;1
202000005431;154 732 676;7;0;2;6;21;1
202000005431;154 732 677;7;0;2;1;26;1
202000005432;154 732 674;7;0;2;5;15;1
202000005432;154 732 675;7;0;2;1;26;1
202000005433;154 732 672;32;0;2;1;1;1
202000005433;154 732 673;7;0;2;2;20;1
202000005434;154 732 669;7;0;2;0;21;0
202000005434;154 732 670;7;0;2;6;24;0
202000005434;154 732 671;7;0;2;0;15;0
202000005435;154 732 667;7;0;2;3;2;1
202000005435;154 732 668;7;0;2;2;15;1
202000005436;154 732 665;1;0;2;7;1;5
202000005436;154 732 666;7;0;2;8;1;1
202000005437;154 732 663;7;0;2;3;9;1
202000005437;154 732 664;1;0;2;1;19;5
202000005438;154 732 661;7;0;2;2;15;1
202000005438;154 732 662;30;0;2;1;1;1
202000005439;154 732 659;10;0;0;5;23;1
202000005439;154 732 660;33;0;2;1;2;1
202000005440;154 732 657;7;0;2;8;1;1
202000005440;154 732 658;7;0;2;3;1;1
202000005441;154 732 650;33;0;2;1;1;1
202000005441;154 732 651;7;0;2;7;19;1
202000005442;154 732 647;7;0;2;1;1;1
202000005442;154 732 648;7;0;2;1;2;1
202000005442;154 732 649;10;0;2;1;2;1
202000005443;154 732 645;2;0;2;1;1;1
202000005443;154 732 646;10;0;2;6;1;1
202000005444;154 732 642;7;0;2;1;2;1
202000005444;154 732 643;7;0;2;8;2;1
202000005444;154 732 644;7;0;2;4;2;1
202000005445;154 732 641;7;0;1;5;1;1
202000005446;154 732 640;7;0;1;3;1;0
202000005447;154 732 639;2;0;2;1;1;1
202000005448;154 732 637;7;0;2;4;23;0
202000005448;154 732 638;7;0;2;1;0;0
202000005449;154 732 636;7;9;0;2;14;1
202000005450;154 732 634;7;0;2;1;15;1
202000005450;154 732 635;7;0;2;1;16;1
202000005451;154 732 632;99;0;2;1;15;3
202000005451;154 732 633;7;0;2;2;1;1
202000005452;154 732 631;7;0;1;4;4;1
202000005453;154 732 629;7;1;0;0;0;0
202000005453;154 732 630;30;0;2;4;23;1
202000005454;154 732 628;7;0;1;1;15;1
202000005455;154 732 627;33;8;0;0;1;1
202000005456;154 732 625;7;0;2;6;1;1
202000005456;154 732 626;33;0;2;1;12;1
202000005457;154 732 624;7;4;0;1;15;1
202000005458;154 732 622;30;0;2;2;1;1
202000005458;154 732 623;1;0;2;8;1;5
202000005459;154 732 621;7;0;1;0;15;1
202000005460;154 732 619;30;0;2;1;1;1
202000005460;154 732 620;7;0;2;5;4;1
202000005461;154 732 617;32;0;2;1;1;1
202000005461;154 732 618;7;0;2;3;9;1
202000005462;154 732 615;1;0;2;7;1;5
202000005462;154 732 616;10;0;2;8;22;1
202000005463;154 732 613;7;0;2;5;15;1
202000005463;154 732 614;33;0;2;1;1;1
202000005464;154 732 612;1;0;1;1;1;5
202000005465;154 732 609;37;0;2;2;15;1
202000005465;154 732 610;7;0;2;6;1;2
202000005465;154 732 611;34;0;2;8;1;1
202000005466;154 732 607;50;0;2;1;1;3
202000005466;154 732 608;37;0;9;3;15;2
202000005467;154 732 605;34;0;2;0;1;1
202000005467;154 732 606;33;0;0;0;16;6
202000005468;154 732 603;33;0;2;1;1;0
202000005468;154 732 604;10;0;2;7;15;0
202000005469;154 732 601;33;0;2;8;9;1
202000005469;154 732 602;7;0;2;3;9;1
202000005470;154 732 599;30;16;0;1;1;1
202000005470;154 732 600;30;16;0;1;1;1
202000005471;154 732 598;7;4;2;1;21;1
202000005472;154 732 595;7;0;2;3;1;0
202000005472;154 732 597;31;0;2;1;1;0
202000005473;154 732 596;7;4;0;1;1;1
202000005474;154 732 592;7;0;2;1;1;1
202000005474;154 732 593;7;0;2;4;1;1
202000005475;154 732 590;7;0;2;5;15;1
202000005475;154 732 591;33;0;2;1;1;1
202000005476;154 732 594;20;1;0;3;0;0
202000005477;154 732 589;7;12;2;2;14;1
202000005478;154 732 587;7;0;2;3;15;1
202000005478;154 732 588;1;0;2;1;1;5
202000005479;154 732 584;33;0;2;1;2;1
202000005479;154 732 585;10;0;2;5;15;1
202000005479;154 732 586;7;0;2;3;23;1
202000005480;154 732 582;10;0;2;3;15;1
202000005480;154 732 583;33;0;2;7;1;1
202000005481;154 732 580;30;0;2;1;17;1
202000005481;154 732 581;7;0;0;0;0;1
202000005482;154 732 579;7;2;0;1;1;0
202000005483;154 732 577;32;0;2;1;1;0
202000005483;154 732 578;7;0;2;3;9;0
202000005484;154 732 576;7;15;0;0;1;1
202000005485;154 732 575;7;0;1;4;4;1
202000005486;154 732 574;7;2;0;1;1;1
202000005487;154 732 573;40;0;1;2;1;3
202000005488;154 732 572;7;0;1;2;0;0
202000005489;154 732 570;7;0;2;3;9;1
202000005489;154 732 571;7;0;2;7;16;1
202000005490;154 732 569;7;0;1;1;1;1
202000005491;154 732 567;33;0;2;1;1;1
202000005491;154 732 568;10;0;2;1;9;1
202000005492;154 732 562;7;0;2;4;2;1
202000005492;154 732 563;7;0;2;4;1;1
202000005492;154 732 564;7;0;2;1;2;1
202000005492;154 732 565;7;0;2;4;2;1
202000005493;154 732 566;7;6;0;1;13;0
202000005494;154 732 561;33;0;0;9;1;1
202000005495;154 732 560;7;0;1;1;1;0
202000005496;154 732 558;7;15;0;5;1;1
202000005497;154 732 557;10;0;2;1;1;1
202000005497;154 732 559;7;0;2;7;1;1
202000005498;154 732 555;7;0;2;3;15;1
202000005498;154 732 556;31;4;2;1;1;1
202000005499;154 732 553;14;0;2;6;16;1
202000005499;154 732 554;1;0;2;1;1;0
202000005500;154 732 551;3;0;1;1;1;1
202000005501;154 732 550;7;0;1;2;16;1
202000005502;154 732 549;33;0;0;8;1;1
202000005503;154 732 548;7;9;0;1;15;1
202000005504;154 732 545;7;0;2;6;1;1
202000005504;154 732 546;7;0;2;3;1;0
202000005504;154 732 547;7;0;2;1;5;1
202000005505;154 732 543;7;0;2;3;20;1
202000005505;154 732 544;33;0;2;1;1;1
202000005506;154 732 541;33;0;2;1;2;0
202000005506;154 732 542;2;0;2;3;2;0
202000005507;154 732 540;7;13;0;1;14;1
202000005508;154 732 536;7;4;2;1;1;1
202000005508;154 732 538;7;0;2;1;1;1
202000005509;154 732 535;7;0;2;4;23;1
202000005509;154 732 537;7;0;2;4;23;1
202000005509;154 732 539;10;0;2;1;2;1
202000005510;154 732 533;7;0;2;2;15;1
202000005510;154 732 534;30;0;2;7;1;1
202000005511;154 732 532;3;0;0;0;1;3
202000005512;154 732 531;7;0;1;3;19;1
202000005513;154 732 528;10;0;1;1;9;1
202000005514;154 732 529;33;0;0;0;1;1
202000005514;154 732 530;7;0;0;0;1;1
202000005515;154 732 525;7;0;2;2;15;1
202000005515;154 732 527;33;0;2;1;1;1
202000005516;154 732 524;31;0;2;3;0;1
202000005516;154 732 526;33;0;2;1;0;1
202000005517;154 732 522;99;0;0;0;1;0
202000005518;154 732 521;7;0;0;4;23;1
202000005518;154 732 523;7;14;0;1;1;1
202000005519;154 732 520;7;7;0;9;1;1
202000005520;154 732 517;2;12;0;3;1;1
202000005521;154 732 518;7;0;2;3;15;1
202000005521;154 732 519;33;0;2;1;1;1
202000005522;154 732 516;7;1;0;1;1;1
202000005523;154 732 514;1;0;2;1;1;5
202000005523;154 732 515;7;0;2;7;16;1
202000005524;154 732 513;7;6;0;1;14;1
202000005525;154 732 511;1;0;0;0;0;5
202000005526;154 732 510;7;1;0;7;26;1
202000005527;154 732 509;2;13;0;0;0;0
202000005528;154 732 506;33;7;0;2;1;1
202000005529;154 732 505;7;0;1;1;15;1
202000005530;154 732 503;7;0;2;1;1;1
202000005530;154 732 504;3;0;2;2;15;1
202000005531;154 732 502;7;0;1;1;1;1
202000005532;154 732 501;7;0;1;2;1;1
202000005533;154 732 500;7;2;0;2;0;0
202000005534;154 732 498;7;0;0;6;23;1
202000005534;154 732 499;7;0;2;2;18;1
202000005535;154 732 497;7;13;0;1;1;1
202000005536;154 732 495;50;0;2;1;15;3
202000005536;154 732 496;7;0;2;3;1;1
202000005537;154 732 494;7;0;1;0;1;1
202000005538;154 732 492;7;0;2;1;1;1
202000005538;154 732 493;7;0;2;1;13;1
202000005539;154 732 490;1;0;1;1;1;5
202000005540;154 732 489;7;0;2;3;13;1
202000005540;154 732 491;7;0;2;3;1;1
202000005541;154 732 488;7;0;1;4;4;1
202000005542;154 732 487;7;0;1;2;1;1
202000005543;154 732 485;7;0;2;6;13;0
202000005543;154 732 486;33;0;2;2;17;1
202000005544;154 732 484;33;0;1;2;17;1
202000005545;154 732 483;1;1;0;6;14;5
202000005546;154 732 482;7;13;0;9;1;1
202000005547;154 732 479;7;6;0;1;1;1
202000005548;154 732 480;1;0;2;1;19;5
202000005548;154 732 481;7;0;2;1;1;1
202000005549;154 732 478;7;0;0;9;1;1
202000005550;154 732 475;33;13;0;1;0;1
202000005551;154 732 476;16;0;2;2;13;1
202000005551;154 732 477;32;0;2;1;1;1
202000005552;154 732 473;20;0;0;9;26;0
202000005553;154 732 472;36;0;0;0;2;1
202000005554;154 732 468;7;16;2;7;1;1
202000005554;154 732 471;7;0;2;1;1;1
202000005555;154 732 467;33;0;2;5;21;1
202000005555;154 732 469;33;0;2;2;21;1
202000005555;154 732 470;7;0;2;3;15;1
202000005556;154 732 466;33;7;0;1;1;1
202000005557;154 732 465;7;0;1;1;15;0
202000005558;154 732 462;99;0;2;5;17;1
202000005558;154 732 464;1;0;2;3;2;5
202000005559;154 732 460;7;13;0;2;0;1
202000005560;154 732 461;7;0;2;4;1;1
202000005560;154 732 463;7;0;2;1;1;1
202000005561;154 732 459;7;4;0;7;1;1
202000005562;154 732 456;7;0;2;2;19;1
202000005562;154 732 458;7;0;2;3;1;1
202000005563;154 732 455;7;8;2;1;15;1
202000005563;154 732 457;7;0;2;1;1;1
202000005564;154 732 454;7;0;1;2;9;1
202000005565;154 732 452;2;0;2;3;13;1
202000005565;154 732 453;7;0;2;3;1;1
202000005566;154 732 450;50;0;2;7;1;3
202000005566;154 732 451;7;0;2;1;1;1
202000005567;154 732 449;7;0;1;5;1;1
202000005568;154 732 446;7;4;0;2;26;1
202000005569;154 732 447;7;0;2;8;11;1
202000005569;154 732 448;33;0;2;7;3;0
202000005570;154 732 444;7;4;0;2;1;1
202000005571;154 732 443;30;0;2;1;1;1
202000005571;154 732 445;7;1;2;6;1;0
202000005572;154 732 441;33;0;2;1;1;1
202000005572;154 732 442;10;0;2;3;15;1
202000005573;154 732 439;30;0;2;6;2;1
202000005573;154 732 440;7;0;2;0;0;1
202000005574;154 732 436;7;8;0;1;2;1
202000005575;154 732 437;33;0;2;4;2;1
202000005575;154 732 438;7;0;2;1;1;1
202000005576;154 732 434;7;13;0;9;13;1
202000005577;154 732 433;7;0;2;4;0;1
202000005577;154 732 435;15;0;2;1;1;1
202000005578;154 732 431;1;0;2;0;0;5
202000005578;154 732 432;10;0;2;3;0;1
202000005579;154 732 430;7;0;1;3;1;1
202000005580;154 732 427;33;0;2;8;13;1
202000005580;154 732 429;7;0;2;3;1;1
202000005581;154 732 426;7;0;2;1;16;1
202000005581;154 732 428;7;0;2;3;1;1
202000005582;154 732 423;7;0;1;0;1;1
202000005583;154 732 424;35;0;2;3;9;0
202000005583;154 732 425;7;0;2;2;1;0
202000005584;154 732 420;7;0;2;8;11;1
202000005584;154 732 422;33;0;2;1;3;1
202000005585;154 732 419;31;0;2;1;1;1
202000005585;154 732 421;7;0;2;3;26;1
202000005586;154 732 414;7;1;2;0;0;1
202000005586;154 732 415;7;1;2;7;0;1
202000005586;154 732 416;7;0;2;0;17;1
202000005586;154 732 417;7;0;2;8;23;1
202000005586;154 732 418;7;0;2;0;11;1
202000005587;154 732 413;2;13;0;8;1;1
202000005588;154 732 410;33;0;2;1;15;1
202000005588;154 732 411;7;0;2;3;16;1
202000005589;154 732 409;2;0;2;7;1;1
202000005589;154 732 412;7;0;2;3;1;1
202000005590;154 732 407;7;0;1;3;1;1
202000005591;154 732 406;7;0;2;3;13;2
202000005591;154 732 408;7;0;2;3;23;1
202000005592;154 732 405;10;0;1;4;20;1
202000005593;154 732 402;7;6;0;3;13;1
202000005594;154 732 403;33;0;2;3;1;1
202000005594;154 732 404;7;0;2;1;15;1
202000005595;154 732 401;7;3;0;1;14;1
202000005596;154 732 399;1;0;2;1;5;5
202000005596;154 732 400;14;0;2;5;1;1
202000005597;154 732 395;7;13;0;9;26;1
202000005598;154 732 394;33;0;2;0;2;1
202000005598;154 732 396;10;0;2;8;2;1
202000005598;154 732 397;7;0;9;1;1;1
202000005599;154 732 392;7;0;2;6;15;1
202000005599;154 732 393;33;0;2;1;1;1
202000005600;154 732 391;7;6;0;2;1;0
202000005601;154 732 388;7;0;0;3;2;1
202000005602;154 732 389;50;0;4;1;19;3
202000005602;154 732 390;40;0;2;2;1;3
202000005603;154 732 386;7;0;2;1;1;1
202000005603;154 732 387;33;0;2;3;15;1
202000005604;154 732 385;7;8;0;3;1;1
202000005605;154 732 383;30;0;1;1;25;1
202000005606;154 732 380;7;0;1;7;1;1
202000005607;154 732 379;7;0;2;7;13;1
202000005607;154 732 381;7;0;2;1;1;1
202000005608;154 732 377;2;0;2;3;2;1
202000005608;154 732 378;7;0;2;3;15;1
202000005609;154 732 375;33;0;2;0;21;1
202000005609;154 732 376;1;0;2;6;19;5
202000005610;154 732 374;30;0;1;1;1;1
202000005611;154 732 372;7;0;2;3;21;1
202000005611;154 732 373;7;0;2;5;1;1
202000005612;154 732 371;7;13;0;2;14;
202000005613;154 732 368;7;0;2;4;1;0
202000005613;154 732 370;7;0;2;1;1;1
202000005614;154 732 367;7;3;2;6;15;1
202000005614;154 732 369;7;0;2;1;17;1
202000005615;154 732 365;7;0;2;1;1;1
202000005615;154 732 366;10;0;2;8;9;1
202000005616;154 732 363;7;0;2;4;1;1
202000005616;154 732 364;7;0;2;1;0;1
202000005617;154 732 362;33;0;1;3;17;6
202000005618;154 732 359;7;0;2;2;2;1
202000005618;154 732 361;7;0;2;4;2;1
202000005619;154 732 358;7;0;2;4;1;1
202000005619;154 732 360;33;0;2;1;2;1
202000005620;154 732 355;10;0;2;3;13;2
202000005620;154 732 357;14;0;2;3;1;1
202000005621;154 732 354;33;0;2;2;17;1
202000005621;154 732 356;10;0;2;0;0;1
202000005622;154 732 351;7;0;2;1;2;1
202000005622;154 732 353;7;0;2;4;1;1
202000005623;154 732 350;7;0;2;7;9;1
202000005623;154 732 352;31;0;2;1;21;1
202000005624;154 732 349;7;3;0;1;14;1
202000005625;154 732 347;33;0;2;4;0;0
202000005625;154 732 348;3;0;2;4;1;1
202000005626;154 732 346;7;4;0;9;1;1
202000005627;154 732 343;7;0;2;1;1;1
202000005627;154 732 345;1;0;2;4;2;5
202000005628;154 732 344;20;0;1;2;15;1
202000005629;154 732 341;2;0;2;8;1;6
202000005629;154 732 342;7;0;2;1;19;6
202000005630;154 732 339;7;0;2;8;15;0
202000005630;154 732 340;34;0;2;1;1;0
202000005631;154 732 337;7;0;2;7;15;1
202000005631;154 732 338;1;0;2;1;1;0
202000005632;154 732 336;30;11;0;1;0;1
202000005633;154 732 334;7;0;2;6;21;0
202000005633;154 732 335;7;0;2;6;9;0
202000005634;154 732 332;7;0;2;4;2;1
202000005634;154 732 333;7;0;2;1;2;1
202000005635;154 732 330;30;0;0;3;1;1
202000005636;154 732 329;7;0;2;1;2;1
202000005636;154 732 331;7;0;2;4;2;1
202000005637;154 732 326;1;0;9;1;1;0
202000005637;154 732 328;1;0;9;3;0;0
202000005638;154 732 327;34;0;1;1;1;1
202000005639;154 732 324;37;0;2;7;1;1
202000005639;154 732 325;7;0;2;0;0;0
202000005640;154 732 323;33;12;2;3;18;1
202000005641;154 732 321;7;0;1;1;1;1
202000005642;154 732 322;7;0;1;0;26;0
202000005643;154 732 319;1;0;2;1;13;5
202000005643;154 732 320;1;0;2;1;1;5
202000005644;154 732 317;7;0;2;8;26;1
202000005644;154 732 318;37;0;2;2;1;1
202000005645;154 732 316;7;0;1;2;1;1
202000005646;154 732 315;7;0;1;2;26;1
202000005647;154 732 313;50;0;1;1;1;3
202000005648;154 732 312;7;0;2;5;1;1
202000005648;154 732 314;30;0;2;3;3;1
202000005649;154 732 310;7;0;1;1;26;0
202000005650;154 732 309;43;1;2;7;17;1
202000005650;154 732 311;10;0;2;3;13;1
202000005651;154 732 307;7;0;2;6;13;1
202000005651;154 732 308;7;0;2;3;1;1
202000005652;154 732 305;7;0;2;4;2;1
202000005652;154 732 306;7;0;2;1;2;1