Num_Acc;id_vehicule;categorie_vehicule;obstacle_fixe;obstacle_mobile;point_choc_initial;manoeuvre_principale;motorisation
202000005653;154 732 302;7;0;2;4;0;0
202000005653;154 732 303;7;0;2;4;0;1
202000005653;154 732 304;7;0;2;1;0;1
202000005654;154 732 301;7;0;1;1;15;1
202000005655;154 732 300;33;16;0;1;1;1
202000005656;154 732 298;30;0;0;0;1;1
202000005657;154 732 297;33;0;2;3;1;1
202000005657;154 732 299;7;0;2;2;15;1
202000005658;154 732 296;7;0;1;5;20;0
202000005659;154 732 294;10;0;2;2;1;1
202000005659;154 732 295;1;0;2;3;15;5
202000005660;154 732 293;7;3;0;1;1;1
202000005661;154 732 291;7;0;2;8;1;1
202000005661;154 732 292;7;0;2;1;1;1
202000005662;154 732 287;7;0;9;8;23;1
202000005662;154 732 288;7;0;9;3;23;1
202000005662;154 732 289;34;0;2;1;1;1
202000005662;154 732 290;99;0;2;3;15;1
202000005663;154 732 286;34;0;0;4;1;1
202000005664;154 732 285;30;12;0;3;17;1
202000005665;154 732 284;0;0;1;0;0;0
202000005666;154 732 282;50;0;2;1;1;3
202000005666;154 732 283;7;0;2;2;15;3
202000005667;154 732 280;50;0;2;1;14;3
202000005667;154 732 281;1;0;2;1;1;5
202000005668;154 732 277;10;0;2;4;23;0
202000005668;154 732 278;10;0;2;1;26;0
202000005668;154 732 279;10;0;2;4;23;0
202000005669;154 732 275;33;0;2;7;21;1
202000005669;154 732 276;7;0;2;2;5;1
202000005670;154 732 273;7;0;2;1;13;1
202000005670;154 732 274;38;0;2;3;23;0
202000005671;154 732 271;10;1;2;7;1;1
202000005671;154 732 272;7;0;2;1;1;1
202000005672;154 732 269;7;0;2;7;10;0
202000005672;154 732 270;32;0;2;1;1;0
202000005673;154 732 267;7;0;2;1;2;1
202000005673;154 732 268;2;0;2;4;2;1
202000005674;154 732 266;7;1;1;1;17;1
202000005675;154 732 264;7;0;2;7;15;0
202000005675;154 732 265;33;0;2;1;1;0
202000005676;154 732 262;7;0;2;3;10;1
202000005676;154 732 263;33;0;2;1;17;1
202000005677;154 732 260;7;0;2;1;1;1
202000005677;154 732 261;7;0;2;3;14;1
202000005678;154 732 259;0;0;1;0;0;
202000005679;154 732 257;7;0;2;7;15;1
202000005679;154 732 258;7;0;2;1;1;1
202000005680;154 732 256;31;0;1;1;2;1
202000005681;154 732 255;7;0;1;2;19;1
202000005682;154 732 254;7;0;1;3;1;1
202000005683;154 732 253;7;0;1;2;17;1
202000005684;154 732 252;7;0;1;3;1;1
202000005685;154 732 250;7;0;2;3;13;1
202000005685;154 732 251;7;0;2;2;2;1
202000005686;154 732 249;10;0;1;5;20;1
202000005687;154 732 247;7;0;2;2;15;0
202000005687;154 732 248;7;0;2;3;5;0
202000005688;154 732 245;7;0;2;2;17;0
202000005688;154 732 246;7;0;2;3;11;0
202000005689;154 732 244;7;0;1;1;16;1
202000005690;154 732 242;7;1;2;3;20;1
202000005690;154 732 243;7;1;2;2;1;1
202000005691;154 732 241;7;0;1;1;1;1
202000005692;154 732 240;32;0;0;0;26;1
202000005693;154 732 238;7;0;2;2;15;1
202000005693;154 732 239;7;0;2;1;1;2
202000005694;154 732 236;31;0;2;4;1;1
202000005694;154 732 237;7;0;2;3;1;1
202000005695;154 732 234;7;0;2;3;1;0
202000005695;154 732 235;31;0;2;0;15;0
202000005696;154 732 232;7;0;9;3;1;1
202000005696;154 732 233;33;0;0;0;1;1
202000005697;154 732 231;7;6;0;1;5;1
202000005698;154 732 229;7;0;2;2;1;1
202000005698;154 732 230;15;0;2;2;1;1
202000005699;154 732 226;7;0;2;1;1;1
202000005699;154 732 227;7;0;0;4;16;1
202000005699;154 732 228;7;0;2;4;1;1
202000005700;154 732 225;7;6;0;3;0;0
202000005701;154 732 223;33;0;2;1;1;1
202000005701;154 732 224;7;0;0;4;1;1
202000005702;154 732 222;10;13;0;2;1;1
202000005703;154 732 220;7;0;2;1;2;1
202000005703;154 732 221;7;0;0;4;2;1
202000005704;154 732 218;10;6;2;3;19;1
202000005704;154 732 219;7;6;2;7;1;1
202000005705;154 732 217;2;13;0;0;21;1
202000005706;154 732 215;7;0;2;1;1;1
202000005706;154 732 216;7;0;2;1;13;1
202000005707;154 732 213;7;0;2;1;16;1
202000005707;154 732 214;7;0;2;7;1;1
202000005708;154 732 211;7;0;2;3;1;1
202000005708;154 732 212;14;0;2;3;1;1
202000005709;154 732 209;7;0;2;2;1;1
202000005709;154 732 210;1;0;2;1;26;5
202000005710;154 732 208;7;1;0;2;1;1
202000005711;154 732 207;7;2;0;1;0;1
202000005712;154 732 206;30;0;0;9;1;1
202000005713;154 732 205;7;2;0;3;1;1
202000005714;154 732 204;10;0;1;3;1;1
202000005715;154 732 202;34;0;2;8;19;1
202000005715;154 732 203;7;0;2;2;26;1
202000005716;154 732 200;7;7;0;1;14;1
202000005717;154 732 198;7;0;2;3;1;1
202000005717;154 732 199;7;0;2;3;13;1
202000005718;154 732 196;7;0;2;2;15;1
202000005718;154 732 197;7;0;2;3;1;1
202000005719;154 732 194;7;0;2;3;15;1
202000005719;154 732 195;2;0;2;1;1;1
202000005720;154 732 192;30;0;2;1;1;1
202000005720;154 732 193;7;0;2;3;15;1
202000005721;154 732 190;7;0;0;4;2;0
202000005721;154 732 191;7;0;2;1;2;0
202000005722;154 732 189;7;15;0;1;13;1
202000005723;154 732 187;33;0;2;1;1;1
202000005723;154 732 188;7;0;2;7;9;1
202000005724;154 732 185;7;3;2;2;0;1
202000005724;154 732 186;7;0;2;1;1;1
202000005725;154 732 183;7;0;2;3;13;1
202000005725;154 732 184;14;0;2;3;1;1
202000005726;154 732 180;14;0;2;1;1;1
202000005726;154 732 181;7;10;2;4;11;1
202000005726;154 732 182;38;0;2;1;1;1
202000005727;154 732 178;7;0;2;1;1;0
202000005727;154 732 179;7;0;2;2;15;0
202000005728;154 732 176;7;0;2;1;1;1
202000005728;154 732 177;7;0;2;1;13;1
202000005729;154 732 175;7;0;1;3;1;0
202000005730;154 732 173;7;0;2;1;2;1
202000005730;154 732 174;7;0;0;4;2;1
202000005731;154 732 172;7;4;0;0;2;1
202000005732;154 732 171;7;0;1;1;1;2
202000005733;154 732 169;7;0;2;1;5;1
202000005733;154 732 170;7;0;2;1;1;1
202000005734;154 732 167;10;0;2;1;1;1
202000005734;154 732 168;7;13;2;7;1;1
202000005735;154 732 166;7;13;0;2;1;1
202000005736;154 732 164;7;0;2;0;0;1
202000005736;154 732 165;7;0;2;0;0;1
202000005737;154 732 162;7;0;2;1;19;1
202000005737;154 732 163;7;0;2;3;1;1
202000005738;154 732 160;21;0;2;0;15;0
202000005738;154 732 161;7;0;2;1;17;6
202000005739;154 732 159;7;15;0;1;1;1
202000005740;154 732 157;7;0;2;2;17;1
202000005740;154 732 158;1;0;0;4;13;5
202000005741;154 732 156;7;0;1;1;1;1
202000005742;154 732 155;7;2;0;1;0;1
202000005743;154 732 152;7;0;2;4;2;1
202000005743;154 732 153;10;0;2;4;2;1
202000005743;154 732 154;7;0;2;1;1;1
202000005744;154 732 149;7;0;2;1;1;1
202000005744;154 732 150;7;0;2;8;1;1
202000005744;154 732 151;17;0;2;2;12;1
202000005745;154 732 148;7;13;0;9;14;1
202000005746;154 732 147;33;0;0;0;26;1
202000005747;154 732 144;7;3;2;3;1;1
202000005747;154 732 145;7;0;2;8;1;3
202000005747;154 732 146;7;0;2;2;12;0
202000005748;154 732 142;10;0;2;3;9;1
202000005748;154 732 143;17;0;2;7;1;1
202000005749;154 732 141;7;4;0;1;1;1
202000005750;154 732 140;7;4;0;1;14;1
202000005751;154 732 139;7;4;0;1;14;1
202000005752;154 732 138;7;3;0;1;13;1
202000005753;154 732 136;7;0;2;3;11;1
202000005753;154 732 137;34;0;2;7;3;1
202000005754;154 732 133;10;0;2;6;2;1
202000005754;154 732 134;7;0;2;6;2;1
202000005754;154 732 135;7;0;2;3;2;1
202000005755;154 732 131;33;0;2;7;3;1
202000005755;154 732 132;7;0;2;8;11;1
202000005756;154 732 129;15;0;2;2;12;1
202000005756;154 732 130;7;0;0;8;1;1
202000005757;154 732 124;7;0;2;1;2;1
202000005757;154 732 125;7;0;2;9;2;1
202000005757;154 732 126;7;0;2;4;2;1
202000005758;154 732 122;7;3;2;2;2;1
202000005758;154 732 123;21;3;0;6;0;0
202000005759;154 732 120;7;0;0;4;1;1
202000005759;154 732 121;2;0;2;1;2;1
202000005760;154 732 119;7;0;1;1;1;0
202000005761;154 732 118;2;15;0;0;0;0
202000005762;154 732 116;7;0;2;4;2;1
202000005762;154 732 117;33;0;2;1;2;1
202000005763;154 732 114;7;0;2;1;0;1
202000005763;154 732 115;7;0;2;4;0;1
202000005764;154 732 112;33;0;2;1;17;1
202000005764;154 732 113;7;0;0;8;15;1
202000005765;154 732 110;7;0;2;7;1;1
202000005765;154 732 111;10;0;2;2;9;1
202000005766;154 732 109;7;4;0;7;14;1
202000005767;154 732 108;10;0;1;2;16;1
202000005768;154 732 107;7;0;0;0;0;1
202000005769;154 732 106;3;1;0;1;1;1
202000005770;154 732 104;14;1;0;3;26;1
202000005770;154 732 105;15;1;0;5;24;1
202000005771;154 732 102;7;0;2;1;2;1
202000005771;154 732 103;7;0;2;4;2;1
202000005772;154 732 100;7;0;2;4;23;1
202000005772;154 732 101;7;0;2;1;2;1
202000005773;154 732 099;37;0;1;7;7;1
202000005774;154 732 097;7;0;2;7;1;1
202000005774;154 732 098;7;0;2;1;1;1
202000005775;154 732 095;33;0;2;1;17;1
202000005775;154 732 096;7;0;2;2;15;1
202000005776;154 732 094;7;0;1;1;1;1
202000005777;154 732 092;7;0;2;4;1;1
202000005777;154 732 093;7;0;2;1;1;1
202000005778;154 732 091;7;0;1;2;1;1
202000005779;154 732 090;7;0;1;7;26;1
202000005780;154 732 088;1;0;2;4;2;5
202000005780;154 732 089;10;0;9;1;2;1
202000005781;154 732 086;7;8;2;0;13;1
202000005781;154 732 087;7;0;2;6;21;1
202000005782;154 732 085;7;0;0;2;1;1
202000005783;154 732 084;7;0;1;1;1;1
202000005784;154 732 079;1;0;2;8;14;5
202000005784;154 732 080;7;0;2;7;22;1
202000005785;154 732 076;15;0;2;0;26;1
202000005785;154 732 077;10;0;2;8;1;1
202000005785;154 732 078;10;0;2;5;1;1
202000005786;154 732 074;7;0;9;1;2;1
202000005786;154 732 075;1;0;2;7;19;5
202000005787;154 732 072;7;0;0;0;14;0
202000005787;154 732 073;32;0;0;8;13;1
202000005788;154 732 070;7;0;2;1;2;1
202000005788;154 732 071;7;0;2;4;0;0
202000005789;154 732 069;7;1;0;2;14;1
202000005790;154 732 068;30;0;0;8;1;1
202000005791;154 732 066;7;0;2;1;1;1
202000005791;154 732 067;7;0;2;4;2;1
202000005792;154 732 065;2;0;1;0;21;1
202000005793;154 732 063;15;0;2;4;2;6
202000005793;154 732 064;30;0;2;1;2;1
202000005794;154 732 062;31;12;0;1;1;1
202000005795;154 732 060;50;0;2;8;1;3
202000005795;154 732 061;3;0;2;2;1;1
202000005796;154 732 058;7;0;9;3;15;1
202000005796;154 732 059;1;0;2;1;1;0
202000005797;154 732 055;37;0;2;2;1;1
202000005797;154 732 056;7;0;0;5;1;1
202000005797;154 732 057;7;0;2;6;9;1
202000005798;154 732 053;7;0;2;1;1;1
202000005798;154 732 054;7;0;2;2;15;1
202000005799;154 732 051;7;0;2;2;16;1
202000005799;154 732 052;1;0;2;3;5;0
202000005800;154 732 050;7;0;0;1;13;1
202000005801;154 732 049;1;0;1;8;26;5
202000005802;154 732 047;33;0;2;1;0;1
202000005802;154 732 048;7;0;2;8;0;1
202000005803;154 732 045;2;0;2;1;0;1
202000005803;154 732 046;7;0;2;4;0;1
202000005804;154 732 043;1;0;2;1;0;5
202000005804;154 732 044;7;0;2;4;0;1
202000005805;154 732 042;33;0;0;7;26;1
202000005806;154 732 040;7;0;2;1;1;1
202000005806;154 732 041;1;0;2;8;19;5
202000005807;154 732 038;7;0;2;8;15;1
202000005807;154 732 039;33;0;2;2;2;1
202000005808;154 732 037;7;0;1;1;1;1
202000005809;154 732 036;7;8;0;3;1;1
202000005810;154 732 034;30;0;0;6;1;1
202000005810;154 732 035;7;0;2;2;12;1
202000005811;154 732 031;7;0;2;1;1;1
202000005811;154 732 032;7;0;0;4;1;1
202000005811;154 732 033;7;0;2;1;1;1
202000005812;154 732 030;33;0;0;8;1;1
202000005813;154 732 029;7;5;0;3;14;0
202000005814;154 732 027;7;0;2;2;9;1
202000005814;154 732 028;1;0;0;0;0;0
202000005815;154 732 025;7;0;2;3;9;1
202000005815;154 732 026;1;0;2;4;1;5
202000005816;154 732 023;7;0;2;1;9;1
202000005816;154 732 024;7;8;2;6;1;1
202000005817;154 732 022;7;0;1;0;1;1
202000005818;154 732 020;7;0;2;3;10;1
202000005818;154 732 021;33;0;2;1;17;1
202000005819;154 732 019;7;6;0;1;13;1
202000005820;154 732 017;10;0;2;5;23;1
202000005820;154 732 018;7;0;2;1;1;1
202000005821;154 732 015;10;0;2;1;1;1
202000005821;154 732 016;7;0;2;1;1;1
202000005822;154 732 013;2;0;2;8;0;1
202000005822;154 732 014;7;0;2;3;1;1
202000005823;154 732 009;7;0;2;6;2;1
202000005823;154 732 010;33;0;2;2;26;1
202000005824;154 732 008;7;0;1;1;1;1
202000005825;154 732 006;1;0;2;1;9;5
202000005825;154 732 007;7;0;9;3;0;1
202000005826;154 732 005;30;0;0;8;1;1
202000005827;154 732 001;10;0;2;4;24;1
202000005827;154 732 002;10;0;2;4;0;1
202000005827;154 732 003;7;0;2;4;10;1
202000005827;154 732 004;33;0;0;0;0;0
202000005828;154 731 999;7;0;2;6;15;1
202000005828;154 732 000;32;0;2;1;1;1
202000005829;154 731 997;7;0;2;8;1;
202000005829;154 731 998;33;0;2;1;17;
202000005830;154 731 996;7;1;0;1;1;1
202000005831;154 731 994;32;0;2;1;3;1
202000005831;154 731 995;10;0;2;6;1;1
202000005832;154 731 992;32;0;2;2;1;1
202000005832;154 731 993;7;0;2;8;18;1
202000005833;154 731 990;30;0;2;7;14;1
202000005833;154 731 991;1;0;2;8;1;5
202000005834;154 731 988;33;0;2;3;9;1
202000005834;154 731 989;32;0;2;1;1;1
202000005835;154 731 987;10;0;1;2;1;1
202000005836;154 731 985;30;0;2;1;18;1
202000005836;154 731 986;10;0;2;5;16;1
202000005837;154 731 983;1;0;2;8;1;5
202000005837;154 731 984;7;0;2;3;1;1
202000005838;154 731 981;1;0;2;1;17;5
202000005838;154 731 982;7;0;2;2;22;1
202000005839;154 731 979;7;0;2;5;1;1
202000005839;154 731 980;43;0;2;2;1;1
202000005840;154 731 977;7;0;2;8;15;1
202000005840;154 731 978;30;0;2;7;17;1
202000005841;154 731 975;33;0;2;1;1;1
202000005841;154 731 976;7;0;2;3;15;1
202000005842;154 731 973;1;0;2;1;9;5
202000005842;154 731 974;1;0;2;1;1;5
202000005843;154 731 972;1;0;0;1;16;5
202000005844;154 731 970;7;0;2;1;15;1
202000005844;154 731 971;32;0;2;1;1;1
202000005845;154 731 968;50;0;2;1;1;3
202000005845;154 731 969;7;0;2;2;1;1
202000005846;154 731 966;7;0;2;1;19;1
202000005846;154 731 967;80;0;2;1;1;3
202000005847;154 731 964;32;12;0;4;2;1
202000005847;154 731 965;99;0;2;0;0;1
202000005848;154 731 963;7;0;1;2;16;1
202000005849;154 731 962;7;4;0;3;1;1
202000005850;154 731 960;33;0;2;1;16;6
202000005850;154 731 961;10;0;2;3;1;6
202000005851;154 731 958;7;0;2;0;0;1
202000005851;154 731 959;33;0;2;2;1;1
202000005852;154 731 957;7;4;0;1;1;1
202000005853;154 731 955;31;0;2;8;15;1
202000005853;154 731 956;7;0;2;3;19;1
202000005854;154 731 953;7;0;0;0;0;1
202000005854;154 731 954;7;15;0;2;1;1
202000005855;154 731 951;7;0;2;3;10;1
202000005855;154 731 952;34;3;2;3;13;0
202000005856;154 731 950;7;0;1;1;2;1
202000005857;154 731 948;37;0;2;8;1;0
202000005857;154 731 949;1;0;2;1;9;0
202000005858;154 731 946;7;0;2;3;10;0
202000005858;154 731 947;32;0;2;7;1;0
202000005859;154 731 945;7;0;1;7;1;1
202000005860;154 731 942;7;8;0;0;0;0
202000005860;154 731 943;7;0;2;1;2;0
202000005860;154 731 944;7;8;0;0;0;0
202000005861;154 731 941;3;0;1;1;15;0
202000005862;154 731 939;50;1;0;0;1;3
202000005862;154 731 940;7;0;2;3;22;1
202000005863;154 731 938;10;15;0;1;1;1
202000005864;154 731 936;50;0;2;1;2;3
202000005864;154 731 937;7;0;2;0;14;1
202000005865;154 731 935;2;0;4;3;2;1
202000005866;154 731 933;32;0;0;2;2;0
202000005866;154 731 934;1;0;0;6;14;0
202000005867;154 731 932;7;0;1;1;1;1
202000005868;154 731 928;1;14;0;1;1;5
202000005868;154 731 929;1;14;0;1;1;5
202000005868;154 731 930;7;0;0;0;1;1
202000005868;154 731 931;1;0;9;1;1;5
202000005869;154 731 925;14;0;2;6;1;0
202000005869;154 731 926;7;0;0;3;1;0
202000005869;154 731 927;7;0;2;3;13;0
202000005870;154 731 923;1;0;2;1;1;5
202000005870;154 731 924;7;0;2;3;19;1
202000005871;154 731 921;31;0;2;7;1;1
202000005871;154 731 922;7;0;2;1;9;3
202000005872;154 731 919;7;8;2;1;1;0
202000005872;154 731 920;7;0;2;3;1;0
202000005873;154 731 918;31;0;0;2;0;1
202000005874;154 731 916;7;0;0;5;2;1
202000005874;154 731 917;33;0;2;2;2;1
202000005875;154 731 914;7;0;2;2;6;1
202000005875;154 731 915;1;0;2;1;1;5
202000005876;154 731 911;7;2;0;1;1;1
202000005877;154 731 909;7;0;2;2;19;1
202000005877;154 731 910;7;0;2;7;1;1
202000005878;154 731 907;7;0;9;2;15;1
202000005878;154 731 908;1;0;0;1;26;6
202000005879;154 731 905;33;0;2;1;21;1
202000005879;154 731 906;7;0;2;3;10;1
202000005880;154 731 904;7;6;0;2;1;1
202000005881;154 731 903;7;0;0;0;1;0
202000005882;154 731 901;10;0;2;7;15;0
202000005882;154 731 902;7;0;2;2;1;0
202000005883;154 731 900;10;0;1;2;1;1
202000005884;154 731 899;7;13;0;2;0;0
202000005885;154 731 898;33;0;6;1;1;1
202000005886;154 731 896;33;0;2;2;17;1
202000005886;154 731 897;7;0;2;3;15;1
202000005887;154 731 893;7;0;2;4;23;1
202000005887;154 731 894;7;0;2;4;23;1
202000005887;154 731 895;7;0;2;1;1;1
202000005888;154 731 892;1;0;0;0;1;5
202000005889;154 731 890;33;0;2;1;1;1
202000005889;154 731 891;7;0;2;3;19;1
202000005890;154 731 887;7;0;2;3;1;1
202000005890;154 731 888;7;0;2;3;17;1
202000005890;154 731 889;33;0;2;1;1;1
202000005891;154 731 885;7;0;2;3;1;6
202000005891;154 731 886;2;0;2;1;1;1
202000005892;154 731 883;1;0;2;1;1;5
202000005892;154 731 884;10;0;2;2;19;1
202000005893;154 731 882;33;0;0;7;1;0
202000005894;154 731 881;7;0;0;9;2;1
202000005895;154 731 879;10;0;2;7;13;1
202000005895;154 731 880;33;0;2;2;17;1
202000005896;154 731 878;1;0;9;1;1;5
202000005897;154 731 876;7;0;2;3;19;1
202000005897;154 731 877;10;0;2;1;1;1
202000005898;154 731 870;7;2;0;1;13;1
202000005899;154 731 869;1;0;0;1;0;5
202000005900;154 731 867;7;0;2;2;9;1
202000005900;154 731 868;7;0;2;1;1;1
202000005901;154 731 866;7;13;0;2;21;0
202000005902;154 731 864;33;0;2;8;20;1
202000005902;154 731 865;10;0;0;5;26;1
202000005903;154 731 862;10;6;2;8;1;1
202000005903;154 731 863;7;0;2;1;19;1
202000005904;154 731 861;7;13;0;0;13;1
202000005905;154 731 859;7;0;2;1;1;1
202000005905;154 731 860;7;0;2;4;1;1
202000005906;154 731 858;7;2;0;1;1;1
202000005907;154 731 857;7;16;0;3;1;1
202000005908;154 731 856;7;15;1;3;1;1
202000005909;154 731 854;7;0;0;4;23;1
202000005909;154 731 855;7;1;0;1;14;1
202000005910;154 731 852;2;0;2;1;2;1
202000005910;154 731 853;7;0;0;4;2;1
202000005911;154 731 849;7;0;2;3;1;1
202000005911;154 731 850;7;0;2;3;23;1
202000005911;154 731 851;7;0;2;3;1;1
202000005912;154 731 847;7;0;2;1;2;1
202000005912;154 731 848;37;0;0;4;23;1
202000005913;154 731 845;17;0;0;5;1;1
202000005913;154 731 846;7;4;2;3;17;1
202000005914;154 731 843;33;0;2;1;1;1
202000005914;154 731 844;7;0;2;8;19;1
202000005915;154 731 842;7;16;0;8;13;1
202000005916;154 731 840;7;0;2;1;2;1
202000005916;154 731 841;15;0;0;0;1;1
202000005917;154 731 838;7;0;2;8;13;1
202000005917;154 731 839;33;0;2;8;1;1
202000005918;154 731 837;7;0;1;1;1;1
202000005919;154 731 836;3;1;0;1;1;1
202000005920;154 731 834;21;0;2;7;1;1
202000005920;154 731 835;7;0;2;6;4;1
202000005921;154 731 832;7;0;2;4;4;1
202000005921;154 731 833;7;0;2;1;23;1
202000005922;154 731 831;7;0;0;2;26;1
202000005923;154 731 827;7;0;2;3;1;1
202000005923;154 731 828;7;0;2;5;1;1
202000005923;154 731 829;34;0;2;1;14;1
202000005923;154 731 830;10;0;2;8;1;1
202000005924;154 731 823;7;0;2;5;2;1
202000005924;154 731 824;7;0;2;4;2;1
202000005924;154 731 825;10;0;2;4;2;1
202000005924;154 731 826;10;0;2;1;2;1
202000005925;154 731 821;10;0;1;3;1;1
202000005925;154 731 822;7;0;1;1;11;1
202000005926;154 731 819;33;0;0;0;1;1
202000005926;154 731 820;7;0;0;0;11;1
202000005927;154 731 817;33;0;2;1;3;1
202000005927;154 731 818;7;0;2;4;11;1
202000005928;154 731 815;7;0;2;7;12;1
202000005928;154 731 816;33;0;2;8;1;1
202000005929;154 731 814;33;0;0;9;3;1
202000005930;154 731 812;33;0;2;8;3;1
202000005930;154 731 813;7;0;2;7;14;1
202000005931;154 731 810;34;0;2;2;3;1
202000005931;154 731 811;7;0;2;3;11;1
202000005932;154 731 808;14;0;2;1;1;1
202000005932;154 731 809;14;0;2;4;1;1
202000005933;154 731 806;7;0;2;5;11;1
202000005933;154 731 807;43;0;2;1;3;1
202000005934;154 731 804;32;0;2;1;1;1
202000005934;154 731 805;7;0;0;4;2;1
202000005935;154 731 800;7;0;2;2;15;0
202000005935;154 731 801;7;8;0;3;15;0
202000005936;154 731 799;7;0;1;1;7;1
202000005937;154 731 796;7;0;2;7;23;1
202000005937;154 731 797;7;0;2;1;26;1
202000005937;154 731 798;7;0;2;6;23;1
202000005938;154 731 794;7;0;2;4;1;1
202000005938;154 731 795;30;0;2;1;1;1
202000005939;154 731 792;32;0;2;1;0;1
202000005939;154 731 793;7;0;2;8;9;1
202000005940;154 731 790;7;0;2;3;17;1
202000005940;154 731 791;80;0;2;1;1;3
202000005941;154 731 788;1;0;2;1;7;5
202000005941;154 731 789;7;0;2;2;1;1
202000005942;154 731 787;7;0;1;3;1;1
202000005943;154 731 785;7;0;2;1;15;1
202000005943;154 731 786;10;0;2;3;1;1
202000005944;154 731 782;17;0;2;1;2;1
202000005944;154 731 783;7;0;2;4;2;1
202000005944;154 731 784;10;0;2;6;1;1
202000005945;154 731 780;32;0;2;3;19;1
202000005945;154 731 781;7;0;2;3;19;1
202000005946;154 731 778;99;;;;;
202000005946;154 731 779;7;;2;;0;
202000005947;154 731 775;10;0;2;1;1;1
202000005947;154 731 776;7;0;2;1;1;1
202000005947;154 731 777;7;0;2;1;17;1
202000005948;154 731 774;33;0;2;7;21;1
202000005949;154 731 769;7;0;2;4;23;1
202000005949;154 731 770;7;0;2;1;1;1
202000005950;154 731 767;7;0;2;3;1;1
202000005950;154 731 768;31;0;2;1;13;1
202000005951;154 731 765;7;0;9;3;9;1
202000005951;154 731 766;1;0;9;1;26;5
202000005952;154 731 763;7;0;2;3;15;1
202000005952;154 731 764;33;1;2;5;2;1
202000005953;154 731 761;7;0;2;5;20;1
202000005953;154 731 762;7;0;2;0;1;1
202000005954;154 731 759;1;0;2;1;1;5
202000005954;154 731 760;7;0;9;5;4;1
202000005955;154 731 758;30;0;0;8;1;1
202000005956;154 731 757;7;0;1;3;15;1
202000005957;154 731 756;7;14;1;5;16;1
202000005958;154 731 754;7;0;2;4;1;1
202000005958;154 731 755;7;0;2;2;2;1
202000005959;154 731 752;10;0;2;8;11;0
202000005959;154 731 753;33;0;2;2;1;1
202000005960;154 731 750;7;0;2;7;11;1
202000005960;154 731 751;31;0;2;1;2;1
202000005961;154 731 748;33;0;2;1;2;1
202000005961;154 731 749;33;0;2;6;1;1
202000005962;154 731 746;10;0;2;1;0;1
202000005962;154 731 747;7;0;0;4;0;1
202000005963;154 731 744;10;0;2;4;2;1
202000005963;154 731 745;10;0;2;1;2;1
202000005964;154 731 741;7;0;2;4;1;1
202000005964;154 731 742;7;0;2;1;1;1
202000005964;154 731 743;7;0;2;4;1;1
202000005965;154 731 739;7;0;0;6;1;1
202000005965;154 731 740;7;0;2;5;26;1
202000005966;154 731 737;10;0;2;6;11;1
202000005966;154 731 738;33;0;2;1;3;1
202000005967;154 731 735;33;0;2;2;3;1
202000005967;154 731 736;7;0;2;5;11;1
202000005968;154 731 733;17;0;2;7;2;1
202000005968;154 731 734;33;0;2;4;2;1
202000005969;154 731 732;7;0;0;1;1;1
202000005970;154 731 729;7;0;2;7;12;1
202000005970;154 731 730;33;0;2;8;3;1
202000005970;154 731 731;7;0;2;4;1;1
202000005971;154 731 728;34;0;1;1;1;1
202000005972;154 731 726;7;0;2;1;1;1
202000005972;154 731 727;99;0;2;3;15;1
202000005973;154 731 725;7;0;1;1;1;1
202000005974;154 731 723;7;0;0;1;9;1
202000005974;154 731 724;33;0;2;7;1;1
202000005975;154 731 721;33;0;2;8;2;0
202000005975;154 731 722;7;0;2;7;9;0
202000005976;154 731 719;1;0;0;0;1;
202000005976;154 731 720;7;0;2;8;1;0
202000005977;154 731 717;1;0;2;1;23;5
202000005977;154 731 718;7;0;2;3;15;1
202000005978;154 731 715;50;0;2;7;1;3
202000005978;154 731 716;7;0;2;1;1;1
202000005979;154 731 713;7;0;0;0;11;1
202000005979;154 731 714;33;0;2;0;2;1
202000005980;154 731 712;7;0;1;2;9;1
202000005981;154 731 711;7;13;0;1;14;1
202000005982;154 731 710;0;0;1;1;1;0
202000005983;154 731 706;7;0;2;1;13;1
202000005983;154 731 707;7;0;2;1;1;1
202000005983;154 731 708;7;6;0;2;21;2
202000005984;154 731 704;7;0;2;4;2;1
202000005984;154 731 705;7;0;2;1;2;1
202000005985;154 731 702;7;0;2;6;12;1
202000005985;154 731 703;7;0;2;2;1;1
202000005986;154 731 701;33;0;1;1;18;1
202000005987;154 731 699;7;0;2;2;1;1
202000005987;154 731 700;7;0;2;1;16;1
202000005988;154 731 696;7;0;2;1;2;1
202000005988;154 731 697;7;0;2;4;23;1
202000005988;154 731 698;7;0;2;4;23;1
202000005989;154 731 695;7;13;0;9;15;1
202000005990;154 731 694;17;4;0;3;1;1
202000005991;154 731 692;7;0;2;2;14;1
202000005991;154 731 693;7;0;0;0;0;1
202000005992;154 731 689;7;0;2;1;1;1
202000005992;154 731 690;7;0;2;4;23;1
202000005993;154 731 688;1;0;1;4;1;5
202000005994;154 731 686;7;0;2;3;15;0
202000005994;154 731 687;30;0;2;5;17;1
202000005995;154 731 684;33;0;2;8;1;0
202000005995;154 731 685;7;0;0;0;15;6
202000005996;154 731 682;7;0;2;1;9;1
202000005996;154 731 683;7;0;2;3;1;1