Num_Acc;id_vehicule;categorie_vehicule;obstacle_fixe;obstacle_mobile;point_choc_initial;manoeuvre_principale;motorisation
202000005997;154 731 680;7;0;2;5;15;0
202000005997;154 731 681;1;0;2;1;18;0
202000005998;154 731 678;1;0;2;1;13;5
202000005998;154 731 679;1;0;2;1;13;5
202000005999;154 731 676;7;0;2;3;1;1
202000005999;154 731 677;7;0;2;3;15;1
202000006000;154 731 674;1;0;2;5;1;5
202000006000;154 731 675;7;0;2;1;9;1
202000006001;154 731 672;7;0;9;6;9;1
202000006001;154 731 673;1;0;2;1;1;5
202000006002;154 731 671;7;0;1;3;15;1
202000006003;154 731 670;7;0;1;1;0;1
202000006004;154 731 668;33;0;2;7;17;1
202000006004;154 731 669;7;0;2;3;11;1
202000006005;154 731 666;7;0;2;4;23;1
202000006005;154 731 667;7;14;2;1;0;1
202000006006;154 731 664;7;0;2;8;1;1
202000006006;154 731 665;7;0;2;1;19;1
202000006007;154 731 663;7;6;0;1;14;1
202000006008;154 731 661;1;0;2;1;1;5
202000006008;154 731 662;7;0;2;1;16;1
202000006009;154 731 659;2;0;2;1;17;1
202000006009;154 731 660;7;0;2;8;15;1
202000006010;154 731 657;1;0;2;2;1;5
202000006010;154 731 658;7;0;9;2;15;1
202000006011;154 731 656;1;0;1;0;1;5
202000006012;154 731 654;33;0;2;1;1;1
202000006012;154 731 655;7;0;9;7;15;1
202000006013;154 731 651;7;1;0;1;1;1
202000006013;154 731 652;7;0;2;1;1;1
202000006013;154 731 653;10;0;2;4;1;1
202000006014;154 731 650;7;0;1;2;15;3
202000006015;154 731 649;7;0;1;0;1;1
202000006016;154 731 647;50;0;2;7;1;3
202000006016;154 731 648;7;0;9;1;16;0
202000006017;154 731 645;1;0;2;2;17;5
202000006017;154 731 646;7;0;2;3;15;1
202000006018;154 731 641;7;0;2;0;0;1
202000006018;154 731 642;7;0;2;0;0;1
202000006018;154 731 643;7;0;2;0;0;1
202000006018;154 731 644;7;0;2;1;1;1
202000006019;154 731 639;1;0;2;1;0;5
202000006019;154 731 640;7;0;2;8;1;1
202000006020;154 731 638;7;0;1;1;1;1
202000006021;154 731 636;2;0;2;1;0;1
202000006021;154 731 637;7;0;2;4;4;1
202000006022;154 731 634;33;0;2;1;1;1
202000006022;154 731 635;7;0;2;2;15;1
202000006023;154 731 633;7;13;0;1;1;1
202000006024;154 731 631;10;0;2;6;1;1
202000006024;154 731 632;30;0;2;2;12;1
202000006025;154 731 630;10;0;1;2;26;0
202000006026;154 731 628;14;0;2;7;16;1
202000006026;154 731 629;1;0;2;8;1;5
202000006027;154 731 626;2;0;2;7;1;1
202000006027;154 731 627;7;0;2;3;9;1
202000006028;154 731 624;1;0;2;1;1;5
202000006028;154 731 625;7;0;2;0;0;1
202000006029;154 731 622;7;0;2;1;0;1
202000006029;154 731 623;7;0;2;2;1;1
202000006030;154 731 615;7;0;2;5;2;1
202000006030;154 731 616;10;0;2;4;2;1
202000006030;154 731 617;7;0;2;0;2;1
202000006030;154 731 618;7;0;2;7;2;1
202000006030;154 731 619;7;0;2;1;2;1
202000006030;154 731 620;7;0;2;1;2;1
202000006030;154 731 621;10;0;2;4;2;1
202000006031;154 731 613;1;0;2;7;1;5
202000006031;154 731 614;7;0;2;3;15;1
202000006032;154 731 611;31;0;2;1;1;1
202000006032;154 731 612;1;0;2;8;11;5
202000006033;154 731 609;32;0;2;2;19;1
202000006033;154 731 610;7;0;2;3;1;1
202000006034;154 731 607;14;0;2;1;1;1
202000006034;154 731 608;7;0;2;4;1;1
202000006035;154 731 605;7;0;2;2;2;1
202000006035;154 731 606;2;0;2;6;1;1
202000006036;154 731 603;7;0;2;0;19;1
202000006036;154 731 604;2;0;2;1;1;1
202000006037;154 731 601;7;0;2;1;26;1
202000006037;154 731 602;32;0;2;4;2;1
202000006038;154 731 597;7;0;2;1;5;1
202000006038;154 731 598;7;0;2;1;1;1
202000006038;154 731 599;7;0;2;2;14;1
202000006038;154 731 600;7;0;2;3;1;1
202000006039;154 731 596;99;8;0;1;14;1
202000006040;154 731 594;10;0;2;8;10;1
202000006040;154 731 595;33;0;2;1;1;1
202000006041;154 731 592;7;0;2;3;15;1
202000006041;154 731 593;2;0;2;5;1;1
202000006042;154 731 590;34;0;2;1;2;1
202000006042;154 731 591;7;0;2;2;10;1
202000006043;154 731 588;32;0;2;3;2;1
202000006043;154 731 589;7;0;2;2;13;1
202000006044;154 731 586;7;0;2;1;1;1
202000006044;154 731 587;7;0;2;8;1;1
202000006045;154 731 585;7;13;0;3;1;1
202000006046;154 731 582;7;0;2;8;23;1
202000006046;154 731 583;10;0;2;6;23;1
202000006046;154 731 584;33;0;2;9;26;1
202000006047;154 731 580;33;0;2;8;1;0
202000006047;154 731 581;7;0;2;1;15;0
202000006048;154 731 579;7;0;1;1;1;0
202000006049;154 731 577;7;0;2;1;1;1
202000006049;154 731 578;7;0;2;1;15;1
202000006050;154 731 575;33;0;2;3;12;1
202000006050;154 731 576;7;0;2;5;1;2
202000006051;154 731 574;32;0;1;4;17;1
202000006052;154 731 572;7;0;2;2;15;1
202000006052;154 731 573;1;0;2;1;1;5
202000006053;154 731 571;30;0;0;0;21;1
202000006054;154 731 570;1;0;1;5;25;5
202000006055;154 731 569;32;0;1;1;1;1
202000006056;154 731 568;1;0;0;1;1;5
202000006057;154 731 567;32;0;1;1;1;1
202000006058;154 731 565;30;0;2;0;21;3
202000006058;154 731 566;7;0;2;7;12;0
202000006059;154 731 563;30;0;2;1;1;1
202000006059;154 731 564;7;0;2;2;15;1
202000006060;154 731 561;7;0;2;3;15;1
202000006060;154 731 562;32;0;2;1;17;1
202000006061;154 731 559;10;0;2;2;12;1
202000006061;154 731 560;32;0;2;2;1;1
202000006062;154 731 557;30;0;2;1;2;1
202000006062;154 731 558;30;0;2;4;2;0
202000006063;154 731 555;7;0;2;2;16;1
202000006063;154 731 556;50;0;2;3;1;3
202000006064;154 731 554;10;9;0;1;14;1
202000006065;154 731 553;32;0;1;1;1;1
202000006066;154 731 552;80;0;0;0;5;3
202000006067;154 731 551;32;0;1;1;1;1
202000006068;154 731 550;30;0;1;1;1;3
202000006069;154 731 548;32;0;2;8;2;1
202000006069;154 731 549;10;0;2;2;12;1
202000006070;154 731 546;7;0;2;8;22;2
202000006070;154 731 547;80;0;2;2;1;3
202000006071;154 731 544;60;0;2;1;19;5
202000006071;154 731 545;30;0;2;1;16;3
202000006072;154 731 543;30;0;1;0;1;0
202000006073;154 731 542;1;0;0;8;1;5
202000006074;154 731 540;1;0;2;1;23;5
202000006074;154 731 541;1;0;2;1;1;5
202000006075;154 731 538;2;0;2;2;1;0
202000006075;154 731 539;7;0;2;3;9;0
202000006076;154 731 536;33;0;2;2;1;0
202000006076;154 731 537;7;0;2;3;13;0
202000006077;154 731 534;7;0;2;2;15;1
202000006077;154 731 535;33;0;2;1;1;1
202000006078;154 731 533;7;0;1;2;19;0
202000006079;154 731 531;7;0;2;1;5;1
202000006079;154 731 532;17;0;2;1;1;1
202000006080;154 731 530;32;0;2;0;21;1
202000006081;154 731 528;1;0;9;1;1;5
202000006081;154 731 529;7;0;9;3;9;1
202000006082;154 731 526;34;0;2;4;23;1
202000006082;154 731 527;33;0;2;1;26;1
202000006083;154 731 525;7;9;0;1;15;1
202000006084;154 731 523;33;0;2;1;1;0
202000006084;154 731 524;7;0;2;3;15;0
202000006085;154 731 521;7;0;2;1;0;1
202000006085;154 731 522;32;0;2;2;0;1
202000006086;154 731 519;31;0;2;1;2;1
202000006086;154 731 520;7;0;2;3;10;1
202000006087;154 731 516;7;0;2;3;2;0
202000006087;154 731 517;34;0;2;1;3;1
202000006087;154 731 518;7;0;2;5;2;0
202000006088;154 731 514;2;0;0;0;0;0
202000006088;154 731 515;7;0;2;0;24;0
202000006089;154 731 512;7;0;2;2;15;0
202000006089;154 731 513;99;0;2;1;26;3
202000006090;154 731 510;7;0;2;5;9;1
202000006090;154 731 511;1;0;2;4;1;5
202000006091;154 731 508;1;0;2;1;1;5
202000006091;154 731 509;7;0;2;5;15;1
202000006092;154 731 507;50;0;1;8;26;3
202000006093;154 731 505;10;0;1;3;26;1
202000006094;154 731 504;34;0;1;1;1;1
202000006095;154 731 502;13;16;2;3;9;1
202000006095;154 731 503;7;0;2;7;9;1
202000006096;154 731 501;7;2;0;1;1;1
202000006097;154 731 499;7;0;2;3;1;1
202000006097;154 731 500;7;0;2;1;11;1
202000006098;154 731 497;7;0;2;2;15;1
202000006098;154 731 498;33;4;2;1;5;1
202000006099;154 731 496;7;0;1;7;1;1
202000006100;154 731 495;15;16;0;2;14;1
202000006101;154 731 493;7;5;2;3;1;1
202000006101;154 731 494;7;13;2;8;13;1
202000006102;154 731 492;7;2;0;1;1;0
202000006103;154 731 491;2;0;0;0;9;1
202000006104;154 731 489;32;0;2;3;1;0
202000006104;154 731 490;31;0;2;3;1;0
202000006105;154 731 488;2;12;0;1;0;1
202000006106;154 731 487;7;2;0;0;2;0
202000006107;154 731 486;7;13;0;8;1;1
202000006108;154 731 484;7;0;2;1;1;1
202000006108;154 731 485;7;0;2;1;1;1
202000006109;154 731 483;7;0;1;2;1;1
202000006110;154 731 482;10;0;1;2;1;1
202000006111;154 731 480;7;0;9;4;23;6
202000006111;154 731 481;1;1;0;1;1;5
202000006112;154 731 478;7;0;2;2;15;1
202000006112;154 731 479;7;0;2;1;1;1
202000006113;154 731 476;7;0;0;4;15;1
202000006113;154 731 477;10;0;2;1;17;1
202000006114;154 731 474;7;0;2;1;1;1
202000006114;154 731 475;7;0;2;1;15;1
202000006115;154 731 470;7;0;2;1;15;1
202000006115;154 731 471;7;0;2;2;21;1
202000006116;154 731 469;33;0;6;1;1;1
202000006117;154 731 468;7;6;0;1;1;1
202000006118;154 731 466;7;0;2;1;17;1
202000006118;154 731 467;7;0;2;1;1;1
202000006119;154 731 464;7;5;0;1;1;0
202000006120;154 731 463;7;13;0;2;1;1
202000006121;154 731 461;7;0;2;8;9;1
202000006121;154 731 462;31;0;2;1;17;1
202000006122;154 731 458;7;1;0;2;26;1
202000006122;154 731 459;7;1;0;1;26;1
202000006122;154 731 460;7;0;0;4;24;1
202000006123;154 731 456;7;0;2;3;2;1
202000006123;154 731 457;33;0;2;2;3;1
202000006124;154 731 454;10;0;0;6;2;1
202000006124;154 731 455;7;0;2;3;14;1
202000006125;154 731 452;7;0;2;3;1;1
202000006125;154 731 453;2;0;2;0;19;1
202000006126;154 731 451;7;0;1;2;17;1
202000006127;154 731 449;7;0;2;7;9;1
202000006127;154 731 450;7;0;2;1;2;1
202000006128;154 731 447;7;0;2;8;15;1
202000006128;154 731 448;33;0;2;1;1;1
202000006129;154 731 444;7;0;0;4;2;6
202000006129;154 731 445;7;0;2;9;2;0
202000006129;154 731 446;10;0;2;1;2;0
202000006130;154 731 443;10;13;0;0;1;1
202000006131;154 731 441;7;0;2;8;13;1
202000006131;154 731 442;33;0;2;3;13;1
202000006132;154 731 439;10;0;2;3;15;1
202000006132;154 731 440;33;0;2;7;17;1
202000006133;154 731 437;7;0;2;6;23;1
202000006133;154 731 438;7;14;2;1;16;1
202000006134;154 731 435;7;0;2;3;1;1
202000006134;154 731 436;7;0;2;2;13;1
202000006135;154 731 434;7;17;0;1;1;1
202000006136;154 731 432;7;0;2;1;5;0
202000006136;154 731 433;7;0;2;1;18;0
202000006137;154 731 429;10;0;2;6;14;1
202000006137;154 731 430;31;0;2;8;13;1
202000006138;154 731 428;33;0;0;0;0;1
202000006139;154 731 426;7;0;0;3;15;1
202000006139;154 731 427;7;0;0;1;17;1
202000006140;154 731 425;33;0;0;0;0;1
202000006141;154 731 424;33;13;0;1;17;1
202000006142;154 731 422;31;0;9;3;13;1
202000006142;154 731 423;1;0;2;2;1;5
202000006143;154 731 419;7;0;2;1;2;1
202000006143;154 731 420;7;0;2;4;1;1
202000006143;154 731 421;7;0;2;4;1;1
202000006144;154 731 418;31;4;0;3;13;1
202000006145;154 731 417;7;3;0;1;2;1
202000006146;154 731 415;7;0;0;6;13;1
202000006146;154 731 416;32;0;2;2;3;1
202000006147;154 731 413;7;0;2;3;1;1
202000006147;154 731 414;7;0;2;5;4;1
202000006148;154 731 411;7;0;2;4;1;1
202000006148;154 731 412;33;0;2;1;2;1
202000006149;154 731 409;7;0;2;1;2;1
202000006149;154 731 410;7;0;2;4;0;1
202000006150;154 731 408;7;0;6;1;1;1
202000006151;154 731 405;7;0;2;1;2;0
202000006151;154 731 406;7;0;2;4;2;0
202000006151;154 731 407;7;0;2;4;2;0
202000006152;154 731 403;33;0;2;3;1;1
202000006152;154 731 404;7;0;2;5;14;1
202000006153;154 731 402;7;0;1;2;2;1
202000006154;154 731 401;2;12;0;1;1;1
202000006155;154 731 399;17;0;9;6;19;1
202000006155;154 731 400;10;0;2;3;1;1
202000006156;154 731 398;2;0;0;8;1;6
202000006157;154 731 397;7;0;1;3;0;0
202000006158;154 731 395;30;0;0;7;2;1
202000006158;154 731 396;33;0;9;1;2;1
202000006159;154 731 393;7;0;2;3;1;1
202000006159;154 731 394;33;0;2;1;17;1
202000006160;154 731 391;7;1;0;2;2;1
202000006160;154 731 392;7;4;0;2;1;1
202000006161;154 731 389;7;0;0;4;23;2
202000006161;154 731 390;2;0;2;1;1;1
202000006162;154 731 388;7;0;1;2;16;1
202000006163;154 731 386;1;0;9;0;1;5
202000006163;154 731 387;1;0;9;6;2;5
202000006164;154 731 385;33;13;0;3;14;1
202000006165;154 731 383;1;0;2;2;1;5
202000006165;154 731 384;21;0;2;1;19;1
202000006166;154 731 382;7;3;0;9;1;1
202000006167;154 731 381;7;6;0;2;0;0
202000006168;154 731 379;31;0;2;1;1;1
202000006168;154 731 380;7;0;2;3;13;1
202000006169;154 731 377;7;0;2;6;9;1
202000006169;154 731 378;33;0;2;1;1;1
202000006170;154 731 375;2;0;2;1;1;1
202000006170;154 731 376;7;0;2;3;10;1
202000006171;154 731 372;7;3;0;2;1;1
202000006172;154 731 370;7;6;2;1;19;1
202000006172;154 731 371;7;0;2;2;1;1
202000006173;154 731 368;10;0;2;4;1;1
202000006173;154 731 369;7;0;2;1;2;1
202000006174;154 731 366;7;0;2;1;2;1
202000006174;154 731 367;7;0;2;4;1;1
202000006175;154 731 365;31;13;0;1;13;1
202000006176;154 731 363;7;0;2;3;15;1
202000006176;154 731 364;2;0;2;1;1;1
202000006177;154 731 360;7;13;0;2;0;1
202000006178;154 731 358;7;0;2;3;1;1
202000006178;154 731 359;2;0;2;3;1;1
202000006179;154 731 356;7;0;2;3;15;2
202000006179;154 731 357;33;0;2;1;17;1
202000006180;154 731 353;33;0;2;3;3;1
202000006180;154 731 354;7;0;2;6;2;1
202000006180;154 731 355;7;0;2;7;1;1
202000006181;154 731 352;33;13;0;1;14;1
202000006182;154 731 351;7;16;0;9;1;1
202000006183;154 731 350;7;13;6;6;1;1
202000006184;154 731 348;7;0;2;1;13;1
202000006184;154 731 349;7;0;2;1;1;1
202000006185;154 731 346;7;0;2;2;21;1
202000006185;154 731 347;10;0;2;1;1;1
202000006186;154 731 345;7;13;0;9;2;1
202000006187;154 731 343;33;0;2;1;1;1
202000006187;154 731 344;7;0;2;3;19;1
202000006188;154 731 342;7;6;0;7;2;6
202000006189;154 731 341;10;3;0;1;13;1
202000006190;154 731 340;7;3;0;3;1;6
202000006191;154 731 338;10;13;0;6;2;1
202000006191;154 731 339;10;0;2;2;2;1
202000006192;154 731 334;7;0;2;6;1;1
202000006192;154 731 335;7;0;2;6;1;1
202000006192;154 731 336;7;0;2;4;1;1
202000006192;154 731 337;10;0;2;2;1;1
202000006193;154 731 332;33;0;2;1;1;1
202000006193;154 731 333;7;0;2;2;15;2
202000006194;154 731 330;17;0;0;6;0;0
202000006194;154 731 331;7;5;0;2;0;0
202000006195;154 731 329;7;2;0;2;1;1
202000006196;154 731 327;15;0;2;1;1;1
202000006196;154 731 328;7;0;2;1;26;1
202000006197;154 731 325;10;0;0;5;23;0
202000006197;154 731 326;7;1;0;2;1;0
202000006198;154 731 324;33;0;0;1;1;1
202000006199;154 731 320;32;0;2;3;1;1
202000006199;154 731 321;7;0;2;3;15;1
202000006200;154 731 319;13;2;0;3;13;1
202000006201;154 731 318;31;13;0;9;1;1
202000006202;154 731 317;7;0;1;2;1;0
202000006203;154 731 315;10;0;2;1;1;0
202000006203;154 731 316;10;0;2;1;1;0
202000006204;154 731 313;2;0;2;8;26;1
202000006204;154 731 314;7;0;2;3;1;1
202000006205;154 731 311;30;0;0;0;0;0
202000006206;154 731 310;33;13;0;0;1;1
202000006207;154 731 308;7;0;2;1;1;1
202000006207;154 731 309;7;0;2;3;16;1
202000006208;154 731 307;33;0;0;0;0;1
202000006209;154 731 306;7;0;1;1;26;1
202000006210;154 731 305;7;13;0;0;0;1
202000006211;154 731 303;7;0;2;1;1;1
202000006211;154 731 304;7;0;2;0;2;1
202000006212;154 731 301;33;0;2;3;1;1
202000006212;154 731 302;7;0;2;2;14;1
202000006213;154 731 299;7;0;2;1;26;1
202000006213;154 731 300;7;0;2;4;26;1
202000006214;154 731 297;7;0;2;2;1;1
202000006214;154 731 298;7;3;2;6;1;1
202000006215;154 731 295;10;0;1;2;1;1
202000006216;154 731 293;10;0;2;2;1;1
202000006216;154 731 294;33;0;2;1;14;1
202000006217;154 731 291;2;0;2;5;1;0
202000006217;154 731 292;7;0;2;3;9;0
202000006218;154 731 289;50;0;2;1;5;3
202000006218;154 731 290;7;0;9;1;23;0
202000006219;154 731 287;7;0;2;1;1;1
202000006219;154 731 288;7;0;2;4;1;1
202000006220;154 731 285;7;0;2;1;1;1
202000006220;154 731 286;7;0;2;3;9;1
202000006221;154 731 283;7;0;2;1;1;0
202000006221;154 731 284;7;0;2;8;1;1
202000006222;154 731 282;7;0;1;0;15;1
202000006223;154 731 280;33;0;2;1;17;1
202000006223;154 731 281;7;0;2;8;15;1
202000006224;154 731 278;32;0;2;2;2;1
202000006224;154 731 279;7;0;2;6;23;1
202000006225;154 731 277;40;0;1;7;1;3
202000006226;154 731 275;7;15;2;1;1;0
202000006226;154 731 276;7;0;2;2;15;0
202000006227;154 731 273;10;0;2;1;1;1
202000006227;154 731 274;17;0;2;4;23;1
202000006228;154 731 269;7;0;2;2;1;1
202000006228;154 731 270;7;0;2;1;9;1
202000006229;154 731 267;37;0;2;4;2;1
202000006229;154 731 268;10;0;2;1;2;1
202000006230;154 731 265;30;0;2;0;9;1
202000006230;154 731 266;7;0;2;0;1;1
202000006231;154 731 263;7;0;2;1;15;1
202000006231;154 731 264;7;0;2;2;13;1
202000006232;154 731 262;10;16;0;2;14;1
202000006233;154 731 260;7;0;2;8;10;1
202000006233;154 731 261;37;0;2;1;1;1
202000006234;154 731 259;7;9;0;1;21;1
202000006235;154 731 257;7;0;2;1;1;1
202000006235;154 731 258;7;0;2;4;1;1
202000006236;154 731 255;10;0;2;2;15;1
202000006236;154 731 256;2;0;2;8;1;1
202000006237;154 731 253;50;0;2;1;19;3
202000006237;154 731 254;7;0;0;0;0;1
202000006238;154 731 251;1;0;2;4;1;5
202000006238;154 731 252;7;0;2;1;2;1
202000006239;154 731 250;7;0;1;1;1;1
202000006240;154 731 249;7;0;0;0;1;1
202000006241;154 731 247;7;0;2;2;1;1
202000006241;154 731 248;7;0;2;2;23;1
202000006242;154 731 245;7;0;2;3;19;1
202000006242;154 731 246;33;0;2;2;1;1
202000006243;154 731 242;30;0;2;5;17;1
202000006243;154 731 243;7;0;2;3;11;1
202000006243;154 731 244;7;0;2;4;23;1
202000006244;154 731 240;7;0;2;1;1;1
202000006244;154 731 241;7;0;2;8;1;1
202000006245;154 731 238;7;0;2;1;2;1
202000006245;154 731 239;1;0;2;8;19;5
202000006246;154 731 237;7;0;1;2;15;1
202000006247;154 731 236;40;0;1;0;26;3
202000006248;154 731 234;7;0;2;2;1;1
202000006248;154 731 235;1;0;2;1;5;5
202000006249;154 731 233;7;13;0;1;1;1
202000006250;154 731 232;7;0;1;2;1;1
202000006251;154 731 229;13;0;2;7;1;1
202000006251;154 731 230;7;0;2;0;1;1
202000006251;154 731 231;7;0;2;1;0;1
202000006252;154 731 228;33;0;0;0;1;1
202000006253;154 731 226;7;0;2;7;1;1
202000006253;154 731 227;7;0;2;1;1;0
202000006254;154 731 225;7;0;1;3;15;2
202000006255;154 731 223;7;0;2;3;13;1
202000006255;154 731 224;33;0;2;7;0;1
202000006256;154 731 221;7;0;2;8;19;1
202000006256;154 731 222;10;0;2;1;1;1
202000006257;154 731 219;33;0;2;2;2;1
202000006257;154 731 220;7;0;2;6;23;1
202000006258;154 731 217;7;0;2;2;1;1
202000006258;154 731 218;7;0;2;3;16;1
202000006259;154 731 214;7;0;2;1;1;2
202000006259;154 731 215;34;0;2;1;11;1
202000006259;154 731 216;7;0;2;5;2;1
202000006260;154 731 213;10;0;1;1;1;1
202000006261;154 731 212;7;0;1;2;1;1
202000006262;154 731 210;7;0;2;2;1;1
202000006262;154 731 211;14;0;2;8;1;6
202000006263;154 731 208;30;0;2;5;1;1
202000006263;154 731 209;7;0;2;0;1;0
202000006264;154 731 207;7;0;1;1;1;1
202000006265;154 731 205;1;0;2;3;1;5
202000006265;154 731 206;1;0;2;2;1;5
202000006266;154 731 202;7;0;2;2;2;0
202000006266;154 731 203;10;0;2;3;2;1
202000006266;154 731 204;30;0;2;3;2;1
202000006267;154 731 199;30;0;2;1;15;1
202000006267;154 731 200;7;0;2;3;1;1
202000006267;154 731 201;7;0;2;5;23;1
202000006268;154 731 198;80;0;1;1;1;3
202000006269;154 731 197;10;1;1;4;4;1
202000006270;154 731 196;32;0;0;8;15;1
202000006271;154 731 195;1;0;0;8;1;5
202000006272;154 731 193;7;0;2;2;9;1
202000006272;154 731 194;50;0;2;1;25;3
202000006273;154 731 191;7;6;2;4;0;1
202000006273;154 731 192;7;6;2;2;26;2
202000006274;154 731 189;7;0;2;2;15;0
202000006274;154 731 190;33;0;2;3;2;0
202000006275;154 731 187;32;0;1;3;26;1
202000006275;154 731 188;10;0;1;3;26;1
202000006276;154 731 185;32;0;2;1;1;1
202000006276;154 731 186;7;14;0;4;13;1
202000006277;154 731 183;10;3;2;1;9;1
202000006277;154 731 184;34;12;2;1;9;1
202000006278;154 731 181;7;0;2;0;0;0
202000006278;154 731 182;7;0;2;3;1;1
202000006279;154 731 179;34;0;2;8;15;1
202000006279;154 731 180;7;0;2;1;1;1
202000006280;154 731 177;10;0;2;4;2;1
202000006280;154 731 178;30;0;2;1;2;1
202000006281;154 731 175;7;0;0;8;0;1
202000006281;154 731 176;2;0;2;8;1;1
202000006282;154 731 173;31;4;2;0;1;0
202000006282;154 731 174;7;0;2;0;14;0
202000006283;154 731 171;7;0;2;6;15;1
202000006283;154 731 172;32;0;2;1;2;1
202000006284;154 731 170;7;16;0;3;1;1
202000006285;154 731 168;13;5;2;2;21;1
202000006285;154 731 169;7;0;2;3;21;1
202000006286;154 731 166;33;0;0;0;0;0
202000006286;154 731 167;7;0;2;2;16;0
202000006287;154 731 164;37;0;9;2;16;1
202000006287;154 731 165;1;0;2;4;1;5
202000006288;154 731 162;36;0;2;2;15;0
202000006288;154 731 163;7;0;2;1;1;0
202000006289;154 731 161;99;6;0;0;0;0
202000006290;154 731 159;1;0;2;3;1;5
202000006290;154 731 160;7;0;2;2;15;0
202000006291;154 731 157;2;0;2;1;13;1
202000006291;154 731 158;7;0;2;3;14;1
202000006292;154 731 156;7;9;0;1;0;1
202000006293;154 731 154;7;0;2;3;1;1
202000006293;154 731 155;7;0;2;3;1;0
202000006294;154 731 152;7;0;2;1;1;1
202000006294;154 731 153;17;0;0;4;1;1
202000006295;154 731 151;7;0;1;1;16;1
202000006296;154 731 150;1;0;0;8;1;
202000006297;154 731 148;1;0;0;6;2;5
202000006297;154 731 149;10;0;2;2;2;0
202000006298;154 731 146;7;0;2;3;14;1
202000006298;154 731 147;7;0;2;3;13;1
202000006299;154 731 144;33;0;2;7;1;0
202000006299;154 731 145;7;0;2;2;15;0
202000006300;154 731 142;7;0;2;3;1;1
202000006300;154 731 143;2;0;2;1;1;1
202000006301;154 731 139;2;0;2;1;1;0
202000006301;154 731 140;7;0;2;6;15;0
202000006301;154 731 141;7;0;2;2;2;0
202000006302;154 731 138;7;13;0;0;1;1
202000006303;154 731 137;33;13;0;1;14;1
202000006304;154 731 135;2;0;2;1;1;1
202000006304;154 731 136;7;0;2;3;1;1
202000006305;154 731 133;7;0;2;2;15;1
202000006305;154 731 134;31;0;2;1;17;1
202000006306;154 731 131;7;0;9;2;13;1
202000006306;154 731 132;7;0;2;6;1;1
202000006307;154 731 130;7;8;0;1;13;1
202000006308;154 731 125;7;0;0;2;1;1
202000006308;154 731 126;7;0;0;1;1;1
202000006308;154 731 127;7;0;0;3;1;1
202000006309;154 731 123;60;0;2;1;1;5
202000006309;154 731 124;7;0;0;2;1;1
202000006310;154 731 120;7;0;2;8;1;1
202000006310;154 731 121;7;0;2;3;13;1
202000006310;154 731 122;7;0;2;3;1;1
202000006311;154 731 118;7;0;2;1;1;1
202000006311;154 731 119;33;0;2;1;13;1
202000006312;154 731 116;2;0;0;4;9;0
202000006312;154 731 117;7;0;2;1;1;0
202000006313;154 731 115;1;0;0;0;1;5
202000006314;154 731 114;7;16;0;3;21;1
202000006315;154 731 112;7;0;2;1;2;1
202000006315;154 731 113;7;0;0;4;2;1
202000006316;154 731 110;7;0;2;2;1;1
202000006316;154 731 111;7;0;2;3;9;1
202000006317;154 731 109;17;6;0;1;13;1
202000006318;154 731 107;7;0;2;3;1;1
202000006318;154 731 108;7;0;2;2;19;1
202000006319;154 731 105;2;0;2;1;1;1
202000006319;154 731 106;7;0;2;2;17;1
202000006320;154 731 103;7;0;2;2;1;1
202000006320;154 731 104;31;0;2;3;15;1
202000006321;154 731 101;7;0;2;3;0;1
202000006321;154 731 102;7;0;2;3;0;1
202000006322;154 731 099;7;0;0;8;9;1
202000006322;154 731 100;7;0;2;1;1;1
202000006323;154 731 098;7;2;0;1;0;1
202000006324;154 731 097;7;2;0;1;0;1
202000006325;154 731 096;7;15;9;1;0;0
202000006326;154 731 095;80;0;0;0;1;3
202000006327;154 731 094;7;0;1;6;20;1
202000006328;154 731 093;7;8;0;1;13;1
202000006329;154 731 091;15;0;9;1;1;1
202000006329;154 731 092;1;0;2;4;15;5
202000006330;154 731 089;33;0;0;4;2;1
202000006330;154 731 090;33;0;2;1;26;1
202000006331;154 731 088;17;0;1;1;1;1
202000006332;154 731 086;7;0;2;1;1;1
202000006332;154 731 087;7;0;2;1;1;0
202000006333;154 731 084;14;0;2;3;1;1
202000006333;154 731 085;7;0;2;3;13;1
202000006334;154 731 081;33;0;2;1;2;1
202000006334;154 731 082;20;0;9;6;1;1
202000006334;154 731 083;7;0;0;4;2;1
202000006335;154 731 079;7;0;2;3;26;6
202000006335;154 731 080;7;0;2;3;26;6
202000006336;154 731 078;33;0;0;0;1;1
202000006337;154 731 077;7;2;0;3;1;1
202000006338;154 731 074;7;4;2;4;17;1
202000006338;154 731 075;7;0;2;1;17;0
202000006338;154 731 076;7;4;0;8;1;1
202000006339;154 731 068;7;0;2;1;1;1
202000006339;154 731 069;7;0;2;8;1;1
202000006339;154 731 070;7;0;2;4;1;1
202000006339;154 731 071;10;0;2;3;23;1
202000006340;154 731 066;10;0;2;2;0;0
202000006340;154 731 067;17;0;0;6;0;0
202000006341;154 731 064;7;0;9;2;23;0
202000006341;154 731 065;80;0;2;1;1;3
202000006342;154 731 063;7;2;0;3;1;1