Num_Acc;id_vehicule;categorie_vehicule;obstacle_fixe;obstacle_mobile;point_choc_initial;manoeuvre_principale;motorisation
202000006343;154 731 062;7;0;1;2;1;1
202000006344;154 731 060;1;0;2;2;1;5
202000006344;154 731 061;7;0;2;6;9;6
202000006345;154 731 058;33;0;2;1;1;1
202000006345;154 731 059;7;0;2;7;15;1
202000006346;154 731 056;7;0;2;2;1;0
202000006346;154 731 057;7;0;2;3;9;0
202000006347;154 731 054;31;0;2;6;1;1
202000006347;154 731 055;7;0;2;1;1;0
202000006348;154 731 053;7;13;0;0;26;1
202000006349;154 731 051;32;0;2;1;0;1
202000006349;154 731 052;32;0;2;2;13;1
202000006350;154 731 050;7;0;1;3;13;1
202000006351;154 731 048;7;6;2;1;1;1
202000006351;154 731 049;7;0;2;2;1;1
202000006352;154 731 047;7;0;1;2;1;1
202000006353;154 731 046;3;16;0;9;1;1
202000006354;154 731 044;33;0;2;8;1;1
202000006354;154 731 045;7;0;2;1;9;2
202000006355;154 731 042;1;0;2;3;16;5
202000006355;154 731 043;7;0;2;3;1;1
202000006356;154 731 040;30;0;2;1;1;1
202000006356;154 731 041;7;0;2;4;20;1
202000006357;154 731 038;1;0;2;2;1;5
202000006357;154 731 039;7;0;2;3;9;1
202000006358;154 731 036;7;0;2;4;23;1
202000006358;154 731 037;10;0;2;1;2;1
202000006359;154 731 034;7;0;2;0;0;1
202000006359;154 731 035;14;3;2;9;0;1
202000006360;154 731 033;7;13;0;1;0;1
202000006361;154 731 030;7;0;2;1;1;1
202000006361;154 731 031;7;0;2;1;1;1
202000006361;154 731 032;7;0;2;1;21;1
202000006362;154 731 028;7;0;2;8;19;1
202000006362;154 731 029;7;0;2;2;0;1
202000006363;154 731 027;7;0;1;3;15;1
202000006364;154 731 025;2;0;2;8;1;1
202000006364;154 731 026;10;0;2;3;15;1
202000006365;154 731 023;7;0;2;1;15;1
202000006365;154 731 024;7;0;2;3;26;1
202000006366;154 731 022;1;0;0;8;1;5
202000006367;154 731 021;1;0;0;0;0;6
202000006368;154 731 020;7;0;1;3;1;0
202000006369;154 731 018;7;0;2;1;15;1
202000006369;154 731 019;7;0;2;1;1;1
202000006370;154 731 016;7;0;2;2;5;1
202000006370;154 731 017;7;0;2;2;1;1
202000006371;154 731 014;7;0;2;4;23;1
202000006371;154 731 015;7;14;0;1;1;1
202000006372;154 731 013;10;0;1;1;1;1
202000006373;154 731 012;20;0;1;0;1;1
202000006374;154 731 010;7;0;2;2;1;1
202000006374;154 731 011;10;0;2;3;15;1
202000006375;154 731 009;99;13;0;1;26;0
202000006376;154 731 007;1;0;2;1;1;6
202000006376;154 731 008;7;0;2;4;1;6
202000006377;154 731 005;7;0;2;4;23;1
202000006377;154 731 006;30;0;2;1;1;1
202000006378;154 731 003;34;0;2;1;17;1
202000006378;154 731 004;7;0;2;8;10;1
202000006379;154 731 002;30;0;9;0;1;1
202000006380;154 731 000;30;0;2;8;1;1
202000006380;154 731 001;33;0;2;1;13;1
202000006381;154 730 998;30;0;2;1;1;1
202000006381;154 730 999;7;0;2;3;10;1
202000006382;154 730 996;30;0;2;1;1;1
202000006382;154 730 997;7;0;2;4;23;1
202000006383;154 730 995;7;0;1;1;1;1
202000006384;154 730 993;7;0;2;1;1;1
202000006384;154 730 994;30;0;2;4;16;1
202000006385;154 730 991;30;0;2;7;1;1
202000006385;154 730 992;30;0;2;1;1;1
202000006386;154 730 990;7;0;1;2;1;1
202000006387;154 730 988;30;0;2;1;16;1
202000006387;154 730 989;7;0;2;7;15;1
202000006388;154 730 986;30;0;2;1;3;1
202000006388;154 730 987;7;0;2;6;9;1
202000006389;154 730 984;30;0;2;4;13;1
202000006389;154 730 985;34;0;2;1;1;1
202000006390;154 730 983;30;0;1;0;1;1
202000006391;154 730 982;30;0;1;1;3;1
202000006392;154 730 979;7;0;2;1;1;1
202000006392;154 730 980;30;0;2;1;17;1
202000006392;154 730 981;7;0;2;4;1;1
202000006393;154 730 978;30;0;0;0;21;1
202000006394;154 730 977;30;15;0;0;1;1
202000006395;154 730 975;50;0;2;1;9;3
202000006395;154 730 976;7;0;9;3;0;0
202000006396;154 730 973;2;0;2;1;1;1
202000006396;154 730 974;7;0;2;3;9;1
202000006397;154 730 972;7;9;0;1;26;1
202000006398;154 730 970;7;0;2;8;1;1
202000006398;154 730 971;7;0;2;1;1;1
202000006399;154 730 968;33;0;2;1;13;1
202000006399;154 730 969;37;0;2;3;1;1
202000006400;154 730 966;32;0;2;1;1;1
202000006400;154 730 967;7;0;2;3;10;1
202000006401;154 730 964;30;0;2;1;1;1
202000006401;154 730 965;30;0;2;8;10;1
202000006402;154 730 962;1;0;2;1;3;0
202000006402;154 730 963;33;0;2;1;3;1
202000006403;154 730 960;7;0;2;3;9;1
202000006403;154 730 961;30;0;2;1;1;1
202000006404;154 730 959;30;0;1;1;1;1
202000006405;154 730 957;7;0;2;8;10;1
202000006405;154 730 958;30;0;2;1;1;1
202000006406;154 730 956;7;0;1;3;1;1
202000006407;154 730 954;7;0;1;4;23;1
202000006407;154 730 955;7;1;2;1;1;1
202000006408;154 730 953;7;0;1;1;26;1
202000006409;154 730 951;30;0;2;4;1;1
202000006409;154 730 952;30;0;2;1;1;1
202000006410;154 730 949;1;1;0;7;19;0
202000006410;154 730 950;7;1;0;1;1;1
202000006411;154 730 948;33;4;0;1;26;1
202000006412;154 730 947;7;0;1;7;1;1
202000006413;154 730 945;7;0;2;1;1;1
202000006413;154 730 946;7;0;2;4;1;1
202000006414;154 730 942;3;0;2;5;15;1
202000006414;154 730 943;7;0;2;1;26;0
202000006415;154 730 941;7;0;1;4;4;1
202000006416;154 730 939;7;0;0;5;16;1
202000006416;154 730 940;1;0;2;8;1;5
202000006417;154 730 938;7;3;1;1;0;0
202000006418;154 730 937;7;0;1;1;1;0
202000006419;154 730 935;7;0;2;1;21;1
202000006419;154 730 936;7;0;2;1;1;1
202000006420;154 730 933;7;0;2;6;26;1
202000006420;154 730 934;7;1;0;2;21;1
202000006421;154 730 931;1;0;2;8;19;0
202000006421;154 730 932;10;0;2;1;1;0
202000006422;154 730 929;30;0;2;1;17;1
202000006422;154 730 930;7;0;2;8;15;1
202000006423;154 730 927;7;0;2;2;15;1
202000006423;154 730 928;33;0;2;1;1;1
202000006424;154 730 925;30;0;2;1;1;1
202000006424;154 730 926;7;0;2;8;15;1
202000006425;154 730 923;30;0;2;1;15;1
202000006425;154 730 924;7;0;2;8;1;1
202000006426;154 730 922;30;0;1;1;13;1
202000006427;154 730 920;7;0;2;8;17;1
202000006427;154 730 921;30;0;2;1;1;1
202000006428;154 730 918;32;0;2;1;1;1
202000006428;154 730 919;1;0;2;8;19;5
202000006429;154 730 915;1;0;0;0;0;5
202000006429;154 730 916;1;0;0;1;2;5
202000006430;154 730 914;32;0;1;1;1;1
202000006431;154 730 913;7;0;0;0;0;1
202000006432;154 730 912;7;0;1;1;1;2
202000006433;154 730 911;7;0;1;7;1;1
202000006434;154 730 910;7;0;0;0;1;1
202000006435;154 730 908;1;0;2;4;1;5
202000006435;154 730 909;7;0;9;1;15;1
202000006436;154 730 907;10;0;1;5;16;1
202000006437;154 730 905;7;0;2;3;15;6
202000006437;154 730 906;33;0;2;3;19;6
202000006438;154 730 903;7;0;2;2;13;1
202000006438;154 730 904;7;0;0;3;1;1
202000006439;154 730 901;7;0;2;1;1;1
202000006439;154 730 902;7;0;2;3;19;1
202000006440;154 730 899;33;0;0;6;15;1
202000006440;154 730 900;33;0;2;1;15;1
202000006441;154 730 898;99;0;1;1;1;3
202000006442;154 730 896;30;0;2;1;17;1
202000006442;154 730 897;7;0;2;8;1;1
202000006443;154 730 895;2;5;9;6;13;6
202000006444;154 730 894;43;14;1;1;17;6
202000006445;154 730 893;32;14;0;1;1;1
202000006446;154 730 891;32;0;2;1;1;1
202000006446;154 730 892;2;0;2;1;1;1
202000006447;154 730 890;30;16;0;1;1;1
202000006448;154 730 889;7;1;0;1;18;1
202000006449;154 730 888;7;0;1;2;21;1
202000006450;154 730 886;7;0;2;5;15;1
202000006450;154 730 887;34;0;2;1;1;1
202000006451;154 730 885;7;14;0;1;1;1
202000006452;154 730 884;7;5;0;6;1;6
202000006453;154 730 882;7;0;2;1;1;1
202000006453;154 730 883;7;0;2;1;13;1
202000006454;154 730 878;17;0;2;1;2;1
202000006454;154 730 879;7;0;2;4;23;1
202000006454;154 730 880;7;0;2;4;23;1
202000006454;154 730 881;7;0;2;4;23;1
202000006455;154 730 876;7;0;2;1;5;1
202000006455;154 730 877;7;0;2;8;1;1
202000006456;154 730 875;7;0;1;4;20;1
202000006457;154 730 874;30;0;0;0;1;1
202000006458;154 730 873;7;1;1;1;13;1
202000006459;154 730 872;7;0;1;2;1;1
202000006460;154 730 871;7;0;1;1;20;1
202000006461;154 730 869;30;0;2;1;17;1
202000006461;154 730 870;7;0;2;3;15;1
202000006462;154 730 868;34;0;0;0;1;1
202000006463;154 730 866;32;0;2;0;1;1
202000006463;154 730 867;32;0;2;0;13;1
202000006464;154 730 865;7;0;1;1;1;1
202000006465;154 730 863;2;0;2;4;15;1
202000006465;154 730 864;7;0;2;2;1;1
202000006466;154 730 861;7;0;2;3;9;1
202000006466;154 730 862;7;0;2;2;1;1
202000006467;154 730 859;7;0;2;6;1;1
202000006467;154 730 860;7;0;2;2;9;1
202000006468;154 730 857;31;0;2;1;1;1
202000006468;154 730 858;13;0;2;3;15;1
202000006469;154 730 856;7;0;1;3;15;0
202000006470;154 730 855;7;0;1;1;18;0
202000006471;154 730 854;7;0;1;0;26;1
202000006472;154 730 853;80;0;0;0;0;3
202000006473;154 730 852;7;0;1;7;13;1
202000006474;154 730 850;2;0;2;1;0;1
202000006474;154 730 851;2;0;2;1;0;1
202000006475;154 730 849;7;0;1;1;1;1
202000006476;154 730 847;7;0;2;4;1;1
202000006476;154 730 848;31;0;2;1;1;1
202000006477;154 730 845;33;0;2;7;1;1
202000006477;154 730 846;7;0;2;7;10;1
202000006478;154 730 844;7;0;1;3;1;1
202000006479;154 730 843;7;12;0;1;14;1
202000006480;154 730 842;7;0;1;2;26;0
202000006481;154 730 841;7;0;1;1;16;1
202000006482;154 730 839;7;0;2;0;0;0
202000006482;154 730 840;2;0;2;8;19;1
202000006483;154 730 837;7;0;9;3;13;1
202000006483;154 730 838;80;0;2;1;1;3
202000006484;154 730 836;2;13;0;2;1;1
202000006485;154 730 834;7;0;2;1;1;1
202000006485;154 730 835;7;0;2;4;2;1
202000006486;154 730 832;60;0;2;8;19;5
202000006486;154 730 833;7;0;2;2;1;1
202000006487;154 730 830;2;1;2;1;1;1
202000006487;154 730 831;7;0;2;1;13;1
202000006488;154 730 829;7;0;1;4;4;1
202000006489;154 730 828;7;0;1;1;1;1
202000006490;154 730 826;32;0;2;1;3;1
202000006490;154 730 827;7;0;0;0;0;1
202000006491;154 730 824;7;0;2;1;1;1
202000006491;154 730 825;7;0;2;4;4;1
202000006492;154 730 822;41;0;2;1;1;3
202000006492;154 730 823;7;0;2;3;9;3
202000006493;154 730 820;7;0;2;1;1;1
202000006493;154 730 821;7;0;2;3;1;1
202000006494;154 730 818;1;0;2;0;2;5
202000006494;154 730 819;10;0;9;0;17;1
202000006495;154 730 816;7;0;2;1;1;0
202000006495;154 730 817;7;0;2;1;1;0
202000006496;154 730 815;30;8;0;1;16;1
202000006497;154 730 813;7;0;2;1;12;1
202000006497;154 730 814;7;0;2;4;1;1
202000006498;154 730 811;7;0;2;2;15;6
202000006498;154 730 812;2;0;2;1;21;6
202000006499;154 730 809;1;0;2;8;13;5
202000006499;154 730 810;7;0;2;2;17;1
202000006500;154 730 807;7;0;2;2;19;0
202000006500;154 730 808;34;0;0;0;0;0
202000006501;154 730 806;37;0;1;0;16;1
202000006502;154 730 804;33;0;2;1;17;1
202000006502;154 730 805;7;0;2;6;13;0
202000006503;154 730 803;7;0;1;3;15;1
202000006504;154 730 802;33;12;0;8;1;1
202000006505;154 730 800;7;0;2;1;13;1
202000006505;154 730 801;7;0;2;1;1;1
202000006506;154 730 798;7;0;1;6;26;1
202000006506;154 730 799;7;1;0;2;2;1
202000006507;154 730 796;7;0;2;1;1;1
202000006507;154 730 797;7;0;2;1;13;1
202000006508;154 730 794;7;0;2;3;1;1
202000006508;154 730 795;7;0;2;3;26;1
202000006509;154 730 792;7;11;2;1;1;1
202000006509;154 730 793;7;0;2;1;1;1
202000006510;154 730 791;1;0;0;0;0;5
202000006511;154 730 789;7;0;2;1;1;1
202000006511;154 730 790;7;0;2;1;1;1
202000006512;154 730 787;15;0;0;4;23;1
202000006512;154 730 788;14;0;2;1;2;1
202000006513;154 730 786;7;0;0;9;1;0
202000006514;154 730 784;7;0;2;7;15;1
202000006514;154 730 785;7;0;2;3;1;1
202000006515;154 730 782;36;0;2;5;19;1
202000006515;154 730 783;7;0;2;2;1;1
202000006516;154 730 781;7;0;1;7;9;1
202000006517;154 730 779;35;0;2;4;1;1
202000006517;154 730 780;30;0;2;1;1;1
202000006518;154 730 777;7;0;2;6;13;1
202000006518;154 730 778;33;0;2;2;1;1
202000006519;154 730 775;7;0;2;7;1;1
202000006519;154 730 776;30;0;2;1;1;1
202000006520;154 730 774;7;0;1;2;1;1
202000006521;154 730 772;7;0;2;7;13;1
202000006521;154 730 773;7;0;2;8;26;1
202000006522;154 730 771;7;0;1;1;16;1
202000006523;154 730 770;7;6;0;1;1;1
202000006524;154 730 769;7;0;1;2;26;1
202000006525;154 730 768;7;1;1;3;9;1
202000006526;154 730 766;1;0;2;0;16;5
202000006526;154 730 767;0;0;2;7;16;
202000006527;154 730 764;32;0;2;2;17;1
202000006527;154 730 765;7;0;2;3;15;1
202000006528;154 730 762;7;0;2;0;9;1
202000006528;154 730 763;30;0;2;0;1;1
202000006529;154 730 760;30;0;2;8;23;1
202000006529;154 730 761;7;0;2;0;2;0
202000006530;154 730 759;7;1;0;2;14;1
202000006531;154 730 758;7;0;1;1;2;1
202000006532;154 730 757;37;0;1;7;16;0
202000006533;154 730 755;7;0;2;3;15;1
202000006533;154 730 756;30;0;2;7;26;1
202000006534;154 730 752;7;0;0;2;0;1
202000006534;154 730 753;14;0;2;6;1;1
202000006534;154 730 754;7;0;2;1;11;1
202000006535;154 730 750;7;0;2;3;1;1
202000006535;154 730 751;7;0;2;3;13;1
202000006536;154 730 748;1;0;2;7;1;5
202000006536;154 730 749;7;0;9;2;16;1
202000006537;154 730 747;7;9;0;0;21;0
202000006538;154 730 745;7;0;2;1;1;1
202000006538;154 730 746;7;0;2;1;15;1
202000006539;154 730 744;7;0;1;0;0;1
202000006540;154 730 743;7;2;0;1;1;1
202000006541;154 730 741;7;3;0;6;1;1
202000006541;154 730 742;7;0;2;2;12;6
202000006542;154 730 740;7;15;1;3;15;1
202000006543;154 730 738;7;0;2;8;11;2
202000006543;154 730 739;33;0;2;7;3;1
202000006544;154 730 735;33;0;2;3;3;1
202000006544;154 730 736;10;0;2;3;1;1
202000006544;154 730 737;7;0;2;5;12;2
202000006545;154 730 734;30;5;0;1;12;1
202000006546;154 730 733;32;0;1;1;1;1
202000006547;154 730 731;30;0;2;2;1;1
202000006547;154 730 732;1;0;2;3;16;5
202000006548;154 730 729;13;0;2;6;13;0
202000006548;154 730 730;30;0;2;2;17;1
202000006549;154 730 728;30;0;0;0;1;1
202000006550;154 730 726;10;0;2;1;2;1
202000006550;154 730 727;50;0;2;4;2;3
202000006551;154 730 724;1;0;2;4;23;5
202000006551;154 730 725;14;0;2;1;15;1
202000006552;154 730 723;30;0;1;7;1;1
202000006553;154 730 722;1;0;1;1;1;5
202000006554;154 730 720;7;0;2;2;1;1
202000006554;154 730 721;33;14;2;5;17;1
202000006555;154 730 718;33;0;2;4;23;1
202000006555;154 730 719;10;0;2;3;2;1
202000006556;154 730 716;43;0;2;4;23;1
202000006556;154 730 717;31;0;2;1;2;1
202000006557;154 730 715;10;0;1;5;4;1
202000006558;154 730 713;7;0;2;3;1;0
202000006558;154 730 714;1;0;2;1;1;5
202000006559;154 730 712;2;0;2;1;14;1
202000006560;154 730 710;10;0;2;1;2;1
202000006560;154 730 711;7;0;2;4;23;1
202000006561;154 730 709;50;14;0;1;26;3
202000006562;154 730 708;7;0;1;1;0;0
202000006563;154 730 706;7;0;2;4;2;0
202000006563;154 730 707;7;0;2;1;2;0
202000006564;154 730 704;0;0;2;0;0;0
202000006564;154 730 705;37;0;2;8;1;1
202000006565;154 730 703;7;0;1;1;2;0
202000006566;154 730 701;1;0;2;1;10;0
202000006566;154 730 702;7;0;2;1;1;1
202000006567;154 730 699;1;0;2;6;0;0
202000006567;154 730 700;10;0;2;2;16;1
202000006568;154 730 697;2;0;2;2;1;0
202000006568;154 730 698;10;0;2;4;1;0
202000006569;154 730 696;7;0;1;3;16;0
202000006570;154 730 695;7;0;1;3;15;1
202000006571;154 730 693;7;0;2;0;0;0
202000006571;154 730 694;7;0;2;0;0;0
202000006572;154 730 691;32;0;2;1;1;1
202000006572;154 730 692;7;0;2;4;1;1
202000006573;154 730 690;7;0;1;3;1;1
202000006574;154 730 689;7;0;1;2;19;1
202000006575;154 730 687;7;0;2;2;16;0
202000006575;154 730 688;43;0;0;4;16;1
202000006576;154 730 685;7;0;2;3;13;1
202000006576;154 730 686;10;0;2;3;1;1
202000006577;154 730 681;7;0;0;3;1;1
202000006577;154 730 682;7;0;2;1;23;1
202000006577;154 730 683;7;8;2;1;19;1
202000006577;154 730 684;7;0;0;1;23;1
202000006578;154 730 679;7;0;2;1;1;1
202000006578;154 730 680;7;0;2;1;1;1
202000006579;154 730 678;10;0;1;4;4;1
202000006580;154 730 677;7;13;0;1;1;1
202000006581;154 730 675;2;0;2;1;1;1
202000006581;154 730 676;35;0;2;3;9;3
202000006582;154 730 673;7;0;2;1;2;1
202000006582;154 730 674;7;0;2;3;15;1
202000006583;154 730 671;7;15;2;1;1;1
202000006583;154 730 672;7;0;0;3;9;1
202000006584;154 730 664;21;0;0;2;2;0
202000006584;154 730 665;7;0;0;1;2;0
202000006585;154 730 663;7;13;0;1;0;1
202000006586;154 730 662;7;2;0;7;1;1
202000006587;154 730 661;10;0;1;1;2;1
202000006588;154 730 660;38;6;0;3;13;1
202000006589;154 730 659;7;8;0;9;0;1
202000006590;154 730 657;10;0;2;7;15;1
202000006590;154 730 658;2;0;2;1;1;1
202000006591;154 730 655;2;0;0;1;5;1
202000006591;154 730 656;7;0;0;1;1;1
202000006592;154 730 654;7;0;1;1;1;1
202000006593;154 730 652;38;0;2;8;1;1
202000006593;154 730 653;99;0;2;8;1;1
202000006594;154 730 650;17;0;2;3;1;1
202000006594;154 730 651;7;0;2;1;13;1
202000006595;154 730 648;7;0;2;6;1;1
202000006595;154 730 649;7;0;2;3;1;1
202000006596;154 730 644;7;4;0;3;21;1
202000006597;154 730 642;1;0;2;1;18;0
202000006597;154 730 643;3;0;0;5;15;0
202000006598;154 730 640;7;0;2;1;26;1
202000006598;154 730 641;1;0;2;1;13;5
202000006599;154 730 638;15;0;2;1;2;1
202000006599;154 730 639;15;0;0;4;2;1
202000006600;154 730 636;31;0;2;7;1;1
202000006600;154 730 637;7;0;2;5;15;1
202000006601;154 730 634;33;0;0;6;23;1
202000006601;154 730 635;20;0;2;2;15;1
202000006602;154 730 632;7;0;0;3;13;0
202000006602;154 730 633;10;2;0;3;1;0
202000006603;154 730 631;7;0;1;2;1;0
202000006604;154 730 630;7;13;0;2;1;1
202000006605;154 730 627;10;0;2;1;1;1
202000006605;154 730 628;17;0;2;4;1;1
202000006605;154 730 629;17;0;2;4;1;1
202000006606;154 730 626;7;4;0;1;2;1
202000006607;154 730 624;7;0;2;4;23;1
202000006607;154 730 625;7;1;0;1;1;1
202000006608;154 730 623;7;4;0;1;1;1
202000006609;154 730 621;7;0;2;4;2;1
202000006609;154 730 622;7;0;2;1;2;1
202000006610;154 730 619;7;0;2;4;1;1
202000006610;154 730 620;14;0;2;2;1;1
202000006611;154 730 616;7;0;2;4;1;1
202000006611;154 730 617;7;0;2;4;1;1
202000006611;154 730 618;7;0;2;1;2;1
202000006612;154 730 614;7;0;2;3;13;1
202000006612;154 730 615;7;0;2;7;1;6
202000006613;154 730 612;7;0;2;0;12;0
202000006613;154 730 613;33;0;2;5;3;1
202000006614;154 730 611;7;0;1;1;1;1
202000006615;154 730 609;2;0;2;1;19;1
202000006615;154 730 610;7;0;2;7;15;3
202000006616;154 730 608;7;0;1;0;9;1
202000006617;154 730 606;2;0;2;1;1;1
202000006617;154 730 607;7;0;2;4;16;1
202000006618;154 730 605;31;0;0;0;26;1
202000006619;154 730 604;7;0;1;1;16;1
202000006620;154 730 603;7;0;1;0;1;1
202000006621;154 730 602;7;0;1;1;26;1
202000006622;154 730 600;2;0;2;9;15;1
202000006622;154 730 601;7;0;2;3;0;1
202000006623;154 730 598;10;8;2;1;7;0
202000006623;154 730 599;7;8;2;7;7;0
202000006624;154 730 597;50;14;0;0;1;3
202000006625;154 730 596;30;0;1;3;14;3
202000006626;154 730 595;7;0;1;3;1;1
202000006627;154 730 594;7;0;1;0;0;0
202000006628;154 730 593;7;4;0;3;13;1
202000006629;154 730 592;7;0;1;1;1;1
202000006630;154 730 590;33;0;2;1;1;1
202000006630;154 730 591;10;0;2;4;23;1
202000006631;154 730 589;7;0;1;7;1;1
202000006632;154 730 587;7;0;2;2;15;1
202000006632;154 730 588;33;0;2;1;1;1
202000006633;154 730 586;7;0;1;1;26;1
202000006634;154 730 584;1;0;2;7;1;5
202000006634;154 730 585;7;0;2;1;9;1
202000006635;154 730 583;7;0;1;8;1;1
202000006636;154 730 581;7;0;2;1;2;0
202000006636;154 730 582;7;0;2;4;2;0
202000006637;154 730 580;7;0;1;6;26;1
202000006638;154 730 578;2;0;2;8;1;1
202000006638;154 730 579;7;0;2;2;15;1
202000006639;154 730 577;10;9;0;1;1;1
202000006640;154 730 575;7;0;2;7;15;1
202000006640;154 730 576;7;0;2;1;1;1
202000006641;154 730 574;7;0;1;4;20;0
202000006642;154 730 572;7;0;2;7;1;1
202000006642;154 730 573;7;0;2;2;0;1
202000006643;154 730 570;7;0;2;6;1;1
202000006643;154 730 571;2;0;2;1;1;1
202000006644;154 730 568;33;0;2;4;16;1
202000006644;154 730 569;7;0;2;1;1;2
202000006645;154 730 567;32;0;0;7;1;1
202000006646;154 730 565;1;0;2;0;1;5
202000006646;154 730 566;7;0;2;1;16;1
202000006647;154 730 564;7;2;0;8;1;1
202000006648;154 730 562;1;0;2;1;1;5
202000006648;154 730 563;13;0;2;2;16;1
202000006649;154 730 560;1;0;2;3;1;5
202000006649;154 730 561;7;0;0;0;0;0
202000006650;154 730 559;31;14;0;0;1;1
202000006651;154 730 557;7;0;2;2;19;1
202000006651;154 730 558;31;0;2;1;1;1
202000006652;154 730 554;7;0;1;2;1;0
202000006653;154 730 552;10;0;9;0;1;1
202000006653;154 730 553;30;0;2;1;19;1
202000006654;154 730 550;7;0;2;3;10;1
202000006654;154 730 551;1;0;2;1;1;5
202000006655;154 730 548;2;0;2;1;1;1
202000006655;154 730 549;7;0;2;6;9;1
202000006656;154 730 546;7;0;2;2;9;0
202000006656;154 730 547;7;0;2;8;1;0
202000006657;154 730 544;7;0;0;5;0;1
202000006657;154 730 545;33;0;2;1;2;1
202000006658;154 730 542;10;0;2;1;15;1
202000006658;154 730 543;10;0;2;7;1;0
202000006659;154 730 539;10;0;2;5;1;0
202000006659;154 730 540;14;0;2;3;14;0
202000006659;154 730 541;33;0;2;1;1;0
202000006660;154 730 537;7;0;9;1;1;1
202000006660;154 730 538;10;0;0;0;0;1
202000006661;154 730 535;32;0;9;3;26;1
202000006661;154 730 536;99;0;2;1;19;3
202000006662;154 730 533;33;0;2;1;3;1
202000006662;154 730 534;7;0;2;6;12;1
202000006663;154 730 531;33;0;2;1;11;1
202000006663;154 730 532;10;0;2;6;1;1
202000006664;154 730 529;33;0;2;7;12;1
202000006664;154 730 530;32;0;2;8;18;3
202000006665;154 730 527;33;0;2;2;3;1
202000006665;154 730 528;7;0;2;6;11;1
202000006666;154 730 525;1;0;2;1;18;5
202000006666;154 730 526;10;0;2;7;22;1
202000006667;154 730 523;7;0;2;7;16;1
202000006667;154 730 524;1;0;2;1;1;5
202000006668;154 730 521;7;0;2;5;14;1
202000006668;154 730 522;33;12;2;1;2;1
202000006669;154 730 519;14;0;2;7;1;6
202000006669;154 730 520;30;8;2;8;18;1
202000006670;154 730 517;30;0;2;1;1;3
202000006670;154 730 518;30;0;2;0;5;0
202000006671;154 730 515;7;0;2;3;13;1
202000006671;154 730 516;1;0;2;0;1;5
202000006672;154 730 513;7;0;2;3;15;1
202000006672;154 730 514;32;0;2;1;17;1
202000006673;154 730 511;7;0;2;3;22;1
202000006673;154 730 512;1;0;2;7;1;5
202000006674;154 730 510;1;0;1;1;1;5
202000006675;154 730 508;50;0;2;4;26;3
202000006675;154 730 509;33;0;2;1;21;1
202000006676;154 730 507;7;0;1;4;4;1
202000006677;154 730 505;7;0;2;1;15;1
202000006677;154 730 506;33;0;2;8;1;1
202000006678;154 730 503;2;0;2;7;1;1
202000006678;154 730 504;10;0;2;1;1;1
202000006679;154 730 502;7;0;1;2;9;0
202000006680;154 730 501;7;0;1;2;2;6
202000006681;154 730 498;7;0;2;7;1;1
202000006681;154 730 499;7;0;2;1;1;1
202000006682;154 730 496;33;0;2;1;5;1
202000006682;154 730 497;10;0;2;1;2;1
202000006683;154 730 494;34;0;2;0;21;1
202000006683;154 730 495;10;0;0;0;9;1
202000006684;154 730 492;7;0;2;4;23;1
202000006684;154 730 493;7;0;2;1;1;1
202000006685;154 730 490;7;0;2;6;15;1
202000006685;154 730 491;31;0;2;1;17;1
202000006686;154 730 488;7;6;2;2;17;1
202000006686;154 730 489;13;0;2;6;1;1
202000006687;154 730 486;7;3;0;4;1;1
202000006687;154 730 487;10;0;2;1;1;1
202000006688;154 730 485;7;13;0;3;14;1
202000006689;154 730 483;7;0;2;1;2;1
202000006689;154 730 484;7;0;2;4;2;1
202000006690;154 730 482;1;0;0;0;0;5
202000006691;154 730 480;10;0;2;7;1;1
202000006691;154 730 481;1;0;2;1;9;5
202000006692;154 730 479;7;2;0;8;1;1
202000006693;154 730 477;7;0;2;3;13;1
202000006693;154 730 478;7;0;2;8;21;1
202000006694;154 730 475;7;0;2;1;1;1
202000006694;154 730 476;7;0;2;3;15;1
202000006695;154 730 473;7;0;2;1;1;1
202000006695;154 730 474;7;0;2;7;1;1
202000006696;154 730 471;10;0;2;3;1;0
202000006696;154 730 472;7;0;2;1;13;1
202000006697;154 730 470;33;0;0;4;1;1
202000006698;154 730 468;7;0;2;2;1;1
202000006698;154 730 469;7;0;2;3;9;1
202000006699;154 730 467;7;2;0;8;1;1
202000006700;154 730 465;7;0;2;1;17;1
202000006700;154 730 466;7;0;2;6;15;1
202000006701;154 730 464;7;15;0;2;13;1
202000006702;154 730 462;7;0;2;3;1;1
202000006702;154 730 463;7;0;2;3;13;1
202000006703;154 730 461;7;13;0;1;1;1
202000006704;154 730 460;2;12;0;2;1;1
202000006705;154 730 459;13;6;0;1;1;1
202000006706;154 730 456;1;0;1;1;2;5
202000006707;154 730 455;7;2;0;1;1;1
202000006708;154 730 453;7;0;2;1;16;1
202000006708;154 730 454;1;0;2;4;1;5
202000006709;154 730 452;15;0;1;4;4;1
202000006710;154 730 451;7;2;0;3;13;1
202000006711;154 730 449;32;0;2;2;17;1
202000006711;154 730 450;7;0;2;8;10;1
202000006712;154 730 447;10;0;2;1;2;1
202000006712;154 730 448;20;0;0;4;1;1