Num_Acc;id_vehicule;categorie_vehicule;obstacle_fixe;obstacle_mobile;point_choc_initial;manoeuvre_principale;motorisation
202000006713;154 730 445;7;0;0;2;1;1
202000006713;154 730 446;1;0;2;1;9;6
202000006714;154 730 443;10;0;2;1;15;1
202000006714;154 730 444;31;0;2;1;1;1
202000006715;154 730 442;7;0;1;2;14;1
202000006716;154 730 440;7;0;0;4;2;0
202000006716;154 730 441;33;0;2;1;0;0
202000006717;154 730 439;1;0;0;0;1;5
202000006718;154 730 437;7;0;2;1;15;1
202000006718;154 730 438;2;0;2;3;1;1
202000006719;154 730 436;7;15;0;1;0;1
202000006720;154 730 433;7;0;2;4;1;1
202000006720;154 730 434;7;0;2;4;1;1
202000006720;154 730 435;7;0;2;1;1;1
202000006721;154 730 431;2;0;2;1;1;1
202000006721;154 730 432;10;0;2;3;15;1
202000006722;154 730 430;7;0;1;1;19;1
202000006723;154 730 429;7;0;1;1;1;1
202000006724;154 730 427;30;0;2;1;0;1
202000006724;154 730 428;30;0;2;8;15;1
202000006725;154 730 425;30;0;2;3;1;1
202000006725;154 730 426;10;0;2;2;1;1
202000006726;154 730 424;7;0;1;2;2;1
202000006727;154 730 423;7;0;1;8;15;1
202000006728;154 730 422;7;0;1;1;1;1
202000006729;154 730 420;7;0;2;8;13;1
202000006729;154 730 421;7;0;2;7;1;1
202000006730;154 730 417;7;0;2;7;9;0
202000006730;154 730 418;7;0;2;1;9;1
202000006730;154 730 419;7;0;2;3;1;0
202000006731;154 730 416;20;0;1;3;15;1
202000006732;154 730 414;2;0;2;8;1;1
202000006732;154 730 415;7;0;2;3;1;1
202000006733;154 730 412;31;0;2;0;0;1
202000006733;154 730 413;7;0;2;1;19;1
202000006734;154 730 411;13;0;1;3;15;1
202000006735;154 730 410;10;0;1;3;1;0
202000006736;154 730 406;7;2;0;1;14;1
202000006737;154 730 403;7;0;0;7;1;1
202000006737;154 730 404;7;0;0;1;23;1
202000006737;154 730 405;7;0;0;1;1;1
202000006738;154 730 402;30;6;0;1;0;1
202000006739;154 730 400;30;0;2;1;1;1
202000006739;154 730 401;7;0;2;2;15;1
202000006740;154 730 399;31;9;0;1;13;1
202000006741;154 730 397;7;0;2;2;1;1
202000006741;154 730 398;1;0;2;2;15;5
202000006742;154 730 395;7;0;9;0;0;1
202000006742;154 730 396;1;0;2;3;15;5
202000006743;154 730 394;7;1;0;2;1;1
202000006744;154 730 393;2;0;0;4;26;1
202000006745;154 730 391;2;0;2;8;16;1
202000006745;154 730 392;2;0;2;2;1;1
202000006746;154 730 389;7;0;2;2;15;1
202000006746;154 730 390;32;0;2;1;7;1
202000006747;154 730 388;7;0;0;3;9;1
202000006748;154 730 386;10;0;2;0;26;1
202000006748;154 730 387;2;0;2;0;0;0
202000006749;154 730 385;7;8;0;9;14;1
202000006750;154 730 384;7;15;0;2;1;1
202000006751;154 730 383;50;0;0;0;1;3
202000006752;154 730 381;7;0;2;5;15;1
202000006752;154 730 382;32;0;2;1;1;1
202000006753;154 730 380;7;0;1;3;1;0
202000006754;154 730 378;40;0;2;2;1;3
202000006754;154 730 379;7;0;4;3;19;1
202000006755;154 730 377;7;8;0;1;1;1
202000006756;154 730 375;7;0;2;8;14;1
202000006756;154 730 376;30;0;2;7;1;1
202000006757;154 730 374;7;0;1;7;1;1
202000006758;154 730 372;7;0;2;2;15;1
202000006758;154 730 373;30;0;2;1;1;1
202000006759;154 730 370;7;0;2;1;1;1
202000006759;154 730 371;7;0;2;8;1;1
202000006760;154 730 368;1;0;2;3;15;0
202000006760;154 730 369;7;0;2;2;17;2
202000006761;154 730 366;1;0;2;3;1;5
202000006761;154 730 367;7;0;2;3;1;3
202000006762;154 730 364;34;0;2;7;17;1
202000006762;154 730 365;7;0;2;3;13;1
202000006763;154 730 363;34;1;0;1;1;1
202000006764;154 730 361;7;0;2;1;1;0
202000006764;154 730 362;7;0;0;4;23;0
202000006765;154 730 359;3;12;0;4;0;1
202000006765;154 730 360;3;0;2;1;23;1
202000006766;154 730 358;34;1;2;1;1;1
202000006767;154 730 357;7;2;0;9;13;1
202000006768;154 730 355;7;0;2;6;1;1
202000006768;154 730 356;7;0;2;3;6;1
202000006769;154 730 353;7;0;0;2;19;1
202000006769;154 730 354;2;0;2;1;1;1
202000006770;154 730 348;7;0;2;4;2;1
202000006770;154 730 349;7;0;2;4;2;1
202000006770;154 730 350;7;0;2;4;2;1
202000006770;154 730 351;10;0;2;4;2;1
202000006770;154 730 352;7;0;2;1;2;1
202000006771;154 730 346;33;0;2;1;1;1
202000006771;154 730 347;7;0;2;6;19;1
202000006772;154 730 343;33;0;2;1;26;1
202000006772;154 730 344;33;0;2;1;26;1
202000006772;154 730 345;33;0;2;4;16;1
202000006773;154 730 339;7;0;2;8;15;0
202000006773;154 730 340;33;0;2;1;17;0
202000006774;154 730 338;7;0;1;2;1;1
202000006775;154 730 337;7;2;0;1;1;1
202000006776;154 730 336;35;2;0;2;0;0
202000006777;154 730 335;33;13;0;1;15;1
202000006778;154 730 334;7;13;0;1;0;0
202000006779;154 730 332;33;0;2;1;1;1
202000006779;154 730 333;7;0;2;6;15;1
202000006780;154 730 331;30;0;0;2;1;0
202000006781;154 730 329;7;0;2;3;1;1
202000006781;154 730 330;7;0;2;3;1;1
202000006782;154 730 328;7;13;0;2;1;1
202000006783;154 730 327;31;0;1;1;1;1
202000006784;154 730 326;1;0;0;0;2;5
202000006785;154 730 325;99;1;0;2;14;1
202000006786;154 730 324;7;6;0;1;2;1
202000006787;154 730 323;33;3;0;7;14;1
202000006788;154 730 322;7;6;1;1;1;1
202000006789;154 730 320;7;0;2;7;15;0
202000006789;154 730 321;32;0;2;1;1;1
202000006790;154 730 319;7;7;0;7;1;0
202000006791;154 730 318;7;7;0;1;13;1
202000006792;154 730 317;7;16;0;2;1;0
202000006793;154 730 316;7;2;0;1;1;1
202000006794;154 730 314;7;0;2;2;17;1
202000006794;154 730 315;1;0;2;8;10;0
202000006795;154 730 313;7;0;0;0;0;1
202000006796;154 730 312;1;0;0;1;1;5
202000006797;154 730 310;2;0;2;1;0;1
202000006797;154 730 311;7;0;2;2;1;1
202000006798;154 730 309;2;0;0;2;26;1
202000006799;154 730 306;7;0;2;5;1;1
202000006799;154 730 307;33;0;2;1;12;1
202000006799;154 730 308;33;0;2;4;1;1
202000006800;154 730 305;33;2;0;1;26;1
202000006801;154 730 304;33;0;6;2;1;1
202000006802;154 730 302;33;0;2;1;1;1
202000006802;154 730 303;10;0;2;5;15;1
202000006803;154 730 300;7;16;0;4;16;1
202000006803;154 730 301;7;0;2;1;2;1
202000006804;154 730 299;33;16;0;1;1;1
202000006805;154 730 297;7;0;2;1;0;1
202000006805;154 730 298;7;0;2;3;0;1
202000006806;154 730 293;7;0;2;2;15;1
202000006806;154 730 294;33;0;2;1;1;1
202000006807;154 730 292;7;2;0;8;1;1
202000006808;154 730 290;7;0;2;2;15;1
202000006808;154 730 291;7;0;2;1;1;1
202000006809;154 730 289;7;6;0;9;14;1
202000006810;154 730 287;10;0;2;2;17;1
202000006810;154 730 288;80;0;2;3;13;3
202000006811;154 730 285;7;0;2;8;19;1
202000006811;154 730 286;33;0;2;1;1;1
202000006812;154 730 284;7;0;1;4;4;1
202000006813;154 730 282;2;0;0;4;2;1
202000006813;154 730 283;7;0;2;2;2;1
202000006814;154 730 280;33;0;2;1;1;1
202000006814;154 730 281;33;0;2;1;5;1
202000006815;154 730 278;33;0;2;1;1;1
202000006815;154 730 279;7;0;2;2;15;1
202000006816;154 730 277;7;13;0;3;19;1
202000006817;154 730 275;7;0;0;5;2;1
202000006817;154 730 276;33;0;2;1;2;1
202000006818;154 730 273;7;0;0;4;4;1
202000006818;154 730 274;43;0;2;1;1;1
202000006819;154 730 271;14;0;2;1;1;1
202000006819;154 730 272;7;0;2;1;13;1
202000006820;154 730 270;1;0;0;7;1;5
202000006821;154 730 267;33;0;2;1;17;1
202000006821;154 730 268;7;0;2;6;11;1
202000006821;154 730 269;7;0;2;1;1;1
202000006822;154 730 265;7;0;2;1;1;1
202000006822;154 730 266;7;0;2;7;1;1
202000006823;154 730 262;33;0;0;1;1;1
202000006823;154 730 263;7;0;0;6;1;1
202000006823;154 730 264;7;0;2;3;1;1
202000006824;154 730 260;7;0;0;2;15;1
202000006824;154 730 261;1;0;2;1;1;5
202000006825;154 730 259;36;0;0;8;15;1
202000006826;154 730 257;7;0;2;3;1;1
202000006826;154 730 258;1;0;2;1;1;5
202000006827;154 730 255;7;0;2;6;9;1
202000006827;154 730 256;33;0;2;1;1;1
202000006828;154 730 253;33;0;2;7;1;1
202000006828;154 730 254;7;3;2;6;13;1
202000006829;154 730 251;7;0;2;3;0;0
202000006829;154 730 252;2;0;2;1;13;1
202000006830;154 730 249;33;0;2;2;17;1
202000006830;154 730 250;7;0;2;8;1;1
202000006831;154 730 247;7;0;2;3;1;1
202000006831;154 730 248;7;0;2;1;13;1
202000006832;154 730 245;33;0;2;1;1;1
202000006832;154 730 246;33;0;2;4;1;1
202000006833;154 730 242;7;0;0;3;16;1
202000006833;154 730 243;7;0;2;1;16;1
202000006834;154 730 241;33;16;0;8;1;1
202000006835;154 730 240;7;4;0;1;0;1
202000006836;154 730 239;20;0;0;9;26;1
202000006837;154 730 238;33;0;0;7;1;1
202000006838;154 730 235;7;0;2;8;9;1
202000006838;154 730 236;33;0;2;0;2;1
202000006838;154 730 237;15;0;2;2;2;1
202000006839;154 730 234;33;14;0;8;26;1
202000006840;154 730 232;7;0;9;2;15;1
202000006840;154 730 233;31;0;2;1;1;1
202000006841;154 730 230;99;0;2;5;1;6
202000006841;154 730 231;33;0;2;1;1;6
202000006842;154 730 228;30;0;2;2;1;6
202000006842;154 730 229;7;0;2;6;15;0
202000006843;154 730 226;7;0;2;4;1;1
202000006843;154 730 227;7;0;2;1;2;1
202000006844;154 730 225;41;0;1;1;26;1
202000006845;154 730 224;1;0;2;1;26;5
202000006846;154 730 222;50;0;2;4;2;3
202000006846;154 730 223;7;0;2;1;2;0
202000006847;154 730 220;7;1;0;2;26;0
202000006847;154 730 221;2;1;0;1;0;0
202000006848;154 730 218;31;0;0;0;0;0
202000006848;154 730 219;7;0;2;3;0;0
202000006849;154 730 217;7;0;1;2;17;1
202000006850;154 730 216;99;8;0;0;14;0
202000006851;154 730 215;7;0;1;0;1;1
202000006852;154 730 212;7;0;2;1;2;1
202000006852;154 730 213;7;0;2;4;2;2
202000006852;154 730 214;7;0;2;1;2;1
202000006853;154 730 210;1;0;0;0;0;0
202000006853;154 730 211;7;0;0;3;13;1
202000006854;154 730 206;7;0;9;2;11;1
202000006854;154 730 207;1;0;2;1;1;5
202000006855;154 730 204;1;0;2;1;1;5
202000006855;154 730 205;7;0;2;1;15;1
202000006856;154 730 202;7;0;2;0;14;1
202000006856;154 730 203;7;0;2;0;1;1
202000006857;154 730 201;7;0;1;7;1;1
202000006858;154 730 200;7;0;1;2;9;0
202000006859;154 730 198;7;0;2;3;10;1
202000006859;154 730 199;33;0;2;7;17;1
202000006860;154 730 196;7;0;2;3;15;1
202000006860;154 730 197;7;8;2;8;1;1
202000006861;154 730 194;7;0;9;3;2;1
202000006861;154 730 195;60;0;2;1;26;5
202000006862;154 730 193;7;0;1;1;1;1
202000006863;154 730 192;33;0;0;3;1;1
202000006864;154 730 191;7;2;0;1;1;1
202000006865;154 730 189;1;0;2;1;1;5
202000006865;154 730 190;7;0;2;2;16;1
202000006866;154 730 186;7;0;2;4;1;1
202000006866;154 730 187;7;0;2;1;2;1
202000006866;154 730 188;7;0;2;1;1;1
202000006867;154 730 184;7;0;2;3;1;1
202000006867;154 730 185;30;0;2;1;1;1
202000006868;154 730 183;1;0;0;1;1;5
202000006869;154 730 181;7;0;2;3;1;1
202000006869;154 730 182;31;0;2;1;17;1
202000006870;154 730 177;7;1;2;2;1;0
202000006870;154 730 178;7;1;2;3;0;0
202000006870;154 730 179;10;1;2;3;0;0
202000006870;154 730 180;7;1;2;2;0;0
202000006871;154 730 175;32;0;2;8;1;0
202000006871;154 730 176;10;0;2;3;15;1
202000006872;154 730 174;7;6;0;8;1;1
202000006873;154 730 173;7;0;1;2;15;1
202000006874;154 730 171;7;0;2;1;19;0
202000006874;154 730 172;7;0;2;3;1;0
202000006875;154 730 167;7;0;2;1;2;1
202000006875;154 730 168;7;0;2;2;11;1
202000006875;154 730 169;7;0;2;3;2;1
202000006875;154 730 170;7;0;2;4;2;1
202000006876;154 730 165;2;0;2;1;1;1
202000006876;154 730 166;37;0;2;5;1;2
202000006877;154 730 164;30;0;1;2;1;3
202000006878;154 730 162;1;0;2;8;1;5
202000006878;154 730 163;7;0;2;2;1;3
202000006879;154 730 161;30;14;0;7;14;3
202000006880;154 730 159;1;0;2;1;19;5
202000006880;154 730 160;7;0;2;6;1;0
202000006881;154 730 157;7;0;2;7;22;1
202000006881;154 730 158;1;0;2;1;5;5
202000006882;154 730 155;30;0;2;8;1;1
202000006882;154 730 156;7;0;2;2;15;1
202000006883;154 730 153;1;0;2;1;1;5
202000006883;154 730 154;7;0;2;3;10;1
202000006884;154 730 152;1;12;0;1;1;5
202000006885;154 730 151;1;0;1;1;25;5
202000006886;154 730 150;7;0;1;2;16;1
202000006887;154 730 148;1;0;2;2;1;5
202000006887;154 730 149;10;0;2;3;22;1
202000006888;154 730 147;2;0;1;0;1;0
202000006889;154 730 145;7;0;2;5;23;1
202000006889;154 730 146;30;0;2;1;1;1
202000006890;154 730 143;10;0;2;2;10;1
202000006890;154 730 144;1;0;2;1;1;5
202000006891;154 730 142;33;8;0;3;13;1
202000006892;154 730 140;7;0;2;4;1;0
202000006892;154 730 141;7;0;2;1;1;1
202000006893;154 730 138;2;0;9;3;2;0
202000006893;154 730 139;50;0;0;4;1;3
202000006894;154 730 136;30;0;2;3;18;1
202000006894;154 730 137;7;0;2;2;16;1
202000006895;154 730 134;30;0;2;1;18;1
202000006895;154 730 135;7;0;2;2;16;1
202000006896;154 730 132;7;0;2;1;1;1
202000006896;154 730 133;7;0;2;2;13;1
202000006897;154 730 130;7;0;2;1;26;0
202000006897;154 730 131;33;0;2;4;1;1
202000006898;154 730 128;10;0;2;1;1;1
202000006898;154 730 129;32;0;2;8;16;1
202000006899;154 730 127;7;1;0;2;14;1
202000006900;154 730 125;33;16;0;3;16;1
202000006900;154 730 126;7;12;0;3;15;1
202000006901;154 730 123;7;1;0;4;23;1
202000006901;154 730 124;7;1;0;1;2;1
202000006902;154 730 121;7;0;2;3;1;1
202000006902;154 730 122;7;0;2;8;15;1
202000006903;154 730 117;7;0;0;0;0;1
202000006903;154 730 118;7;0;0;4;24;1
202000006903;154 730 119;7;0;2;6;1;1
202000006903;154 730 120;7;1;2;1;21;1
202000006904;154 730 115;1;0;2;3;2;0
202000006904;154 730 116;1;0;2;2;2;0
202000006905;154 730 113;32;0;2;1;1;1
202000006905;154 730 114;7;0;2;3;15;1
202000006906;154 730 112;7;0;1;6;4;1
202000006907;154 730 111;33;12;0;0;1;1
202000006908;154 730 110;7;13;0;3;1;1
202000006909;154 730 108;10;0;2;3;9;1
202000006909;154 730 109;31;0;2;1;1;1
202000006910;154 730 106;33;0;0;4;2;1
202000006910;154 730 107;33;0;2;1;2;1
202000006911;154 730 105;7;2;0;1;1;1
202000006912;154 730 104;7;13;0;2;14;1
202000006913;154 730 103;33;6;0;1;13;1
202000006914;154 730 102;7;13;0;3;1;1
202000006915;154 730 100;7;0;2;3;13;0
202000006915;154 730 101;33;13;2;3;1;1
202000006916;154 730 097;2;0;0;2;13;1
202000006917;154 730 096;33;13;0;1;1;1
202000006918;154 730 095;7;0;0;9;14;1
202000006919;154 730 094;33;0;0;0;1;1
202000006920;154 730 092;7;2;0;1;16;1
202000006921;154 730 090;7;0;2;8;9;1
202000006921;154 730 091;33;0;2;1;1;1
202000006922;154 730 089;1;0;0;0;1;5
202000006923;154 730 087;7;0;2;2;15;1
202000006923;154 730 088;33;0;2;1;1;1
202000006924;154 730 086;7;13;0;3;14;1
202000006925;154 730 084;7;0;9;2;1;0
202000006925;154 730 085;1;0;2;1;1;5
202000006926;154 730 082;7;0;0;3;1;1
202000006926;154 730 083;33;0;0;8;15;1
202000006927;154 730 081;33;12;0;7;1;1
202000006928;154 730 079;33;0;2;2;2;1
202000006928;154 730 080;33;0;0;3;15;1
202000006929;154 730 078;7;6;0;1;1;1
202000006930;154 730 076;30;0;2;1;1;1
202000006930;154 730 077;7;0;2;3;6;1
202000006931;154 730 073;37;0;2;1;2;1
202000006931;154 730 074;7;0;2;4;1;1
202000006931;154 730 075;7;0;2;4;1;1
202000006932;154 730 072;7;0;1;1;1;1
202000006933;154 730 070;2;0;2;8;1;1
202000006933;154 730 071;7;0;2;1;15;1
202000006934;154 730 068;33;0;2;1;1;1
202000006934;154 730 069;7;0;2;3;15;1
202000006935;154 730 065;7;0;2;1;2;1
202000006935;154 730 066;7;0;2;4;1;1
202000006935;154 730 067;7;0;2;4;23;1
202000006936;154 730 063;30;0;2;1;1;1
202000006936;154 730 064;7;0;2;5;2;1
202000006937;154 730 062;7;0;0;0;1;1
202000006938;154 730 061;33;0;0;8;2;1
202000006939;154 730 060;7;0;1;2;17;1
202000006940;154 730 057;7;0;2;4;2;1
202000006940;154 730 058;10;0;2;4;2;1
202000006940;154 730 059;10;0;2;1;2;1
202000006941;154 730 055;7;0;2;8;11;1
202000006941;154 730 056;33;0;2;2;1;1
202000006942;154 730 053;33;0;2;1;2;1
202000006942;154 730 054;7;0;2;3;15;1
202000006943;154 730 052;10;0;1;2;19;1
202000006944;154 730 051;7;8;0;7;16;1
202000006945;154 730 050;43;11;0;1;1;1
202000006946;154 730 048;32;0;2;1;1;1
202000006946;154 730 049;7;0;2;2;1;1
202000006947;154 730 046;7;0;2;2;1;1
202000006947;154 730 047;7;0;2;3;13;1
202000006948;154 730 043;7;0;2;4;1;1
202000006948;154 730 044;14;0;2;1;1;1
202000006948;154 730 045;7;0;2;1;1;1
202000006949;154 730 042;7;0;1;1;9;1
202000006950;154 730 040;7;0;2;3;1;1
202000006950;154 730 041;7;0;2;2;15;1
202000006951;154 730 038;7;0;2;2;14;1
202000006951;154 730 039;80;0;2;3;1;3
202000006952;154 730 036;50;0;2;1;9;3
202000006952;154 730 037;7;0;2;3;1;1
202000006953;154 730 034;50;0;2;0;0;3
202000006953;154 730 035;7;0;2;0;17;1
202000006954;154 730 032;7;0;2;2;15;1
202000006954;154 730 033;2;0;2;1;1;1
202000006955;154 730 031;7;0;1;1;9;1
202000006956;154 730 029;7;0;2;1;13;1
202000006956;154 730 030;7;0;2;1;1;1
202000006957;154 730 027;7;0;2;1;1;1
202000006957;154 730 028;7;0;2;1;13;1
202000006958;154 730 025;33;0;2;1;1;1
202000006958;154 730 026;7;0;2;1;10;1
202000006959;154 730 023;7;0;2;1;2;1
202000006959;154 730 024;15;0;0;4;1;1
202000006960;154 730 022;7;6;0;1;1;1
202000006961;154 730 020;1;0;0;8;2;0
202000006961;154 730 021;7;0;2;7;17;0
202000006962;154 730 018;7;0;2;1;1;1
202000006962;154 730 019;7;0;2;4;1;1
202000006963;154 730 016;7;0;2;4;1;1
202000006963;154 730 017;7;0;2;2;1;1
202000006964;154 730 014;10;10;0;1;1;1
202000006964;154 730 015;7;0;2;1;2;1
202000006965;154 730 013;7;0;1;1;0;1
202000006966;154 730 012;7;0;1;1;15;1
202000006967;154 730 010;7;0;2;1;0;1
202000006967;154 730 011;7;0;2;4;1;1
202000006968;154 730 009;7;8;1;1;26;1
202000006969;154 730 007;7;13;0;3;1;1
202000006970;154 730 006;7;0;1;4;4;1
202000006971;154 730 005;14;0;1;7;1;1
202000006972;154 730 004;7;0;1;1;1;1
202000006973;154 730 003;7;15;0;2;14;1
202000006974;154 730 001;7;0;2;3;10;1
202000006974;154 730 002;7;0;2;1;21;1
202000006975;154 729 999;7;0;2;1;1;1
202000006975;154 730 000;7;0;2;8;1;1
202000006976;154 729 997;2;0;2;1;1;1
202000006976;154 729 998;7;0;2;2;15;1
202000006977;154 729 995;7;0;2;1;1;1
202000006977;154 729 996;7;0;2;3;15;1
202000006978;154 729 993;7;0;2;1;2;1
202000006978;154 729 994;7;0;2;4;23;1
202000006979;154 729 992;7;0;1;1;15;0
202000006980;154 729 991;7;3;0;8;13;1
202000006981;154 729 989;7;0;2;3;26;1
202000006981;154 729 990;34;0;2;1;1;1
202000006982;154 729 988;30;0;0;0;26;1
202000006983;154 729 986;7;6;2;4;20;1
202000006983;154 729 987;7;0;0;0;0;1
202000006984;154 729 984;7;0;2;3;15;1
202000006984;154 729 985;32;0;2;7;17;1
202000006985;154 729 982;7;0;2;3;1;6
202000006985;154 729 983;7;0;2;3;16;6
202000006986;154 729 980;33;0;2;7;1;1
202000006986;154 729 981;7;0;2;8;6;1
202000006987;154 729 979;7;0;0;9;1;1
202000006988;154 729 973;7;0;2;0;0;1
202000006988;154 729 974;7;0;2;0;0;0
202000006989;154 729 970;7;0;2;4;1;1
202000006989;154 729 971;7;0;2;4;1;1
202000006989;154 729 972;7;0;2;1;2;1
202000006990;154 729 968;7;0;2;1;14;1
202000006990;154 729 969;7;0;2;7;1;1
202000006991;154 729 967;7;13;0;1;13;1
202000006992;154 729 966;33;12;0;1;13;1
202000006993;154 729 965;7;0;1;1;26;1
202000006994;154 729 963;31;0;2;3;1;1
202000006994;154 729 964;7;0;2;5;1;1
202000006995;154 729 961;7;0;2;4;4;1
202000006995;154 729 962;1;0;2;7;1;5
202000006996;154 729 959;7;0;2;8;15;1
202000006996;154 729 960;2;0;2;7;17;1
202000006997;154 729 957;30;0;2;7;17;1
202000006997;154 729 958;7;0;2;3;15;1
202000006998;154 729 955;10;0;2;4;23;1
202000006998;154 729 956;10;0;2;1;1;1
202000006999;154 729 954;7;0;1;1;15;1
202000007000;154 729 953;99;0;0;0;1;1
202000007001;154 729 952;30;12;0;8;13;1
202000007002;154 729 951;7;15;0;2;15;1
202000007003;154 729 949;7;0;2;1;1;1
202000007003;154 729 950;7;0;2;4;1;1
202000007004;154 729 947;50;0;2;3;1;3
202000007004;154 729 948;7;0;2;2;1;1
202000007005;154 729 945;7;0;2;4;2;1
202000007005;154 729 946;7;0;2;1;2;1
202000007006;154 729 943;33;0;2;0;0;1
202000007006;154 729 944;7;0;2;0;0;1
202000007007;154 729 941;7;0;2;4;23;1
202000007007;154 729 942;10;0;2;1;1;1
202000007008;154 729 939;7;0;2;8;10;2
202000007008;154 729 940;33;0;2;1;1;1
202000007009;154 729 938;7;0;1;1;1;0
202000007010;154 729 936;2;0;2;8;1;1
202000007010;154 729 937;7;0;2;7;16;1
202000007011;154 729 934;7;0;2;2;14;1
202000007011;154 729 935;30;0;2;3;18;1
202000007012;154 729 932;7;8;1;7;19;1
202000007012;154 729 933;7;0;2;1;19;1
202000007013;154 729 931;7;0;1;1;1;1
202000007014;154 729 930;7;0;1;1;15;1
202000007015;154 729 928;1;0;2;7;19;6
202000007015;154 729 929;7;0;2;1;1;1
202000007016;154 729 927;10;0;1;1;15;1
202000007017;154 729 926;0;0;0;0;0;1
202000007018;154 729 924;0;0;2;8;1;0
202000007018;154 729 925;7;0;2;1;1;1
202000007019;154 729 922;99;0;2;0;0;0
202000007019;154 729 923;32;0;2;1;0;1
202000007020;154 729 921;7;0;1;0;0;0
202000007021;154 729 920;7;0;1;2;1;1
202000007022;154 729 919;7;0;1;5;1;1
202000007023;154 729 918;33;0;0;0;26;0
202000007024;154 729 916;7;0;2;3;15;1
202000007024;154 729 917;30;0;2;1;1;1
202000007025;154 729 914;50;0;2;1;19;3
202000007025;154 729 915;7;0;2;7;1;0
202000007026;154 729 912;2;0;2;1;1;0
202000007026;154 729 913;7;0;2;3;15;1
202000007027;154 729 911;7;8;0;4;25;1
202000007028;154 729 910;7;0;1;2;1;1
202000007029;154 729 908;33;0;2;2;1;1
202000007029;154 729 909;7;0;2;8;11;1
202000007030;154 729 906;7;0;2;2;26;1
202000007030;154 729 907;7;0;2;1;5;1
202000007031;154 729 905;7;0;1;3;15;1
202000007032;154 729 904;0;0;1;0;26;0
202000007033;154 729 902;2;0;2;7;17;1
202000007033;154 729 903;7;0;2;3;15;1
202000007034;154 729 900;31;0;2;1;1;1
202000007034;154 729 901;10;0;2;2;15;3
202000007035;154 729 898;7;0;1;4;25;1
202000007035;154 729 899;7;0;2;6;1;1
202000007036;154 729 897;7;0;1;1;26;1
202000007037;154 729 896;10;0;1;5;25;0
202000007038;154 729 895;7;4;0;1;13;1
202000007039;154 729 894;10;0;1;2;1;0
202000007040;154 729 893;7;16;0;0;0;1
202000007041;154 729 892;99;0;1;4;26;1
202000007042;154 729 890;99;0;2;8;1;1
202000007042;154 729 891;99;0;2;1;19;2
202000007043;154 729 888;7;0;2;4;2;0
202000007043;154 729 889;7;0;2;1;2;0
202000007044;154 729 887;7;1;0;1;21;1
202000007045;154 729 885;21;0;2;8;15;0
202000007045;154 729 886;30;0;2;7;17;0
202000007046;154 729 883;7;0;2;1;2;1
202000007046;154 729 884;7;0;2;4;23;1
202000007047;154 729 881;7;0;2;6;16;1
202000007047;154 729 882;7;0;2;1;1;1
202000007048;154 729 880;33;3;0;9;1;1
202000007049;154 729 878;10;0;1;1;15;1
202000007050;154 729 876;7;0;2;6;15;1
202000007050;154 729 877;33;0;2;6;17;1
202000007051;154 729 875;7;0;1;1;1;1
202000007052;154 729 873;2;0;2;1;1;1
202000007052;154 729 874;7;0;2;3;1;1
202000007053;154 729 872;33;0;0;0;2;1
202000007054;154 729 871;7;0;1;6;19;0
202000007055;154 729 869;7;0;2;3;19;1
202000007055;154 729 870;1;0;2;0;0;0
202000007056;154 729 867;31;0;2;8;1;1
202000007056;154 729 868;7;0;2;2;19;1
202000007057;154 729 866;7;10;0;3;1;1
202000007058;154 729 864;7;0;0;6;23;1
202000007058;154 729 865;7;0;2;2;21;1
202000007059;154 729 862;1;0;2;1;16;0
202000007059;154 729 863;7;0;2;1;1;1
202000007060;154 729 860;1;0;2;4;15;5
202000007060;154 729 861;7;0;2;1;1;1
202000007061;154 729 859;7;0;1;3;15;1
202000007062;154 729 856;7;0;2;8;1;1
202000007062;154 729 857;7;0;2;1;1;1
202000007062;154 729 858;7;0;2;1;13;1
202000007063;154 729 850;30;0;0;4;2;1
202000007063;154 729 851;17;0;2;1;1;1
202000007064;154 729 848;7;0;2;2;10;0
202000007064;154 729 849;7;0;2;3;1;0
202000007065;154 729 847;7;0;1;2;16;1
202000007066;154 729 846;7;15;0;1;13;1
202000007067;154 729 843;7;0;2;2;1;1
202000007067;154 729 844;7;0;2;1;5;1
202000007067;154 729 845;7;0;2;1;1;2
202000007068;154 729 841;7;0;2;1;1;1
202000007068;154 729 842;7;0;2;1;1;1
202000007069;154 729 839;7;0;2;2;1;1
202000007069;154 729 840;7;0;2;1;15;1
202000007070;154 729 838;7;0;1;7;1;1
202000007071;154 729 831;7;0;2;2;15;1
202000007071;154 729 832;1;0;2;1;1;5
202000007072;154 729 829;7;0;2;1;0;1
202000007072;154 729 830;7;0;2;7;0;1
202000007073;154 729 827;1;0;2;3;18;5
202000007073;154 729 828;14;0;2;7;16;1
202000007074;154 729 826;7;0;1;1;15;1
202000007075;154 729 825;7;0;1;2;1;1
202000007076;154 729 824;7;0;1;3;15;1
202000007077;154 729 822;7;0;2;7;1;1
202000007077;154 729 823;7;0;2;2;9;1
202000007078;154 729 821;7;0;1;1;1;1
202000007079;154 729 819;40;0;2;1;1;3
202000007079;154 729 820;7;0;4;2;1;1