Num_Acc;id_vehicule;categorie_vehicule;obstacle_fixe;obstacle_mobile;point_choc_initial;manoeuvre_principale;motorisation
202000007080;154 729 817;99;0;2;4;26;1
202000007080;154 729 818;7;0;2;4;0;1
202000007081;154 729 815;10;0;9;7;19;5
202000007081;154 729 816;50;0;2;2;19;3
202000007082;154 729 812;10;0;0;4;1;1
202000007082;154 729 813;7;0;2;1;1;1
202000007082;154 729 814;7;0;2;1;1;1
202000007083;154 729 810;7;8;2;2;15;1
202000007083;154 729 811;7;0;2;3;1;1
202000007084;154 729 808;40;0;2;2;1;3
202000007084;154 729 809;10;0;4;3;1;1
202000007085;154 729 806;7;0;2;8;10;1
202000007085;154 729 807;7;0;2;1;1;1
202000007086;154 729 805;7;0;1;1;1;1
202000007087;154 729 804;7;0;1;1;1;1
202000007088;154 729 802;7;0;2;3;0;1
202000007088;154 729 803;7;0;2;3;1;1
202000007089;154 729 801;7;0;1;1;9;1
202000007090;154 729 799;31;0;2;2;9;1
202000007090;154 729 800;7;0;2;3;0;1
202000007091;154 729 797;1;0;2;1;1;5
202000007091;154 729 798;7;0;2;1;15;1
202000007092;154 729 795;80;0;2;8;1;3
202000007092;154 729 796;7;0;2;1;19;1
202000007093;154 729 793;7;0;2;1;2;1
202000007093;154 729 794;7;0;2;4;2;1
202000007094;154 729 791;7;0;2;4;2;1
202000007094;154 729 792;7;0;2;1;2;0
202000007095;154 729 789;7;0;2;6;15;1
202000007095;154 729 790;33;0;2;1;1;1
202000007096;154 729 787;7;0;2;3;15;1
202000007096;154 729 788;33;0;2;1;17;1
202000007097;154 729 785;1;0;2;5;1;5
202000007097;154 729 786;7;0;2;3;9;1
202000007098;154 729 782;7;0;2;4;23;1
202000007098;154 729 783;7;0;2;1;1;1
202000007098;154 729 784;7;0;2;4;23;1
202000007099;154 729 780;7;0;2;3;15;1
202000007099;154 729 781;2;0;2;3;1;1
202000007100;154 729 779;10;0;1;8;1;1
202000007101;154 729 777;37;0;2;1;1;1
202000007101;154 729 778;7;0;2;4;1;1
202000007102;154 729 775;7;0;2;1;26;1
202000007102;154 729 776;7;0;0;6;1;1
202000007103;154 729 773;7;0;2;1;1;1
202000007103;154 729 774;7;0;2;3;19;1
202000007104;154 729 771;1;0;2;1;1;0
202000007104;154 729 772;7;0;9;6;9;1
202000007105;154 729 769;2;0;2;1;1;1
202000007105;154 729 770;7;0;2;2;5;1
202000007106;154 729 767;7;0;2;1;13;1
202000007106;154 729 768;7;0;2;1;1;1
202000007107;154 729 765;7;0;1;0;24;1
202000007107;154 729 766;7;0;1;2;9;1
202000007108;154 729 763;7;0;2;0;0;1
202000007108;154 729 764;30;0;2;0;13;0
202000007109;154 729 761;7;14;2;1;19;1
202000007109;154 729 762;7;0;2;1;1;1
202000007110;154 729 760;7;0;1;1;1;1
202000007111;154 729 759;13;1;1;1;26;6
202000007112;154 729 757;7;0;2;1;1;0
202000007112;154 729 758;2;0;2;1;15;0
202000007113;154 729 756;7;6;0;1;25;0
202000007114;154 729 754;7;0;2;8;26;6
202000007114;154 729 755;7;0;2;1;26;6
202000007115;154 729 753;7;0;0;9;13;1
202000007116;154 729 751;31;0;2;1;1;1
202000007116;154 729 752;99;0;2;1;21;1
202000007117;154 729 750;7;0;1;3;1;1
202000007118;154 729 749;7;0;1;1;2;1
202000007119;154 729 748;7;13;0;9;14;1
202000007120;154 729 746;7;0;2;1;15;1
202000007120;154 729 747;1;0;2;1;1;5
202000007121;154 729 744;7;0;2;6;1;1
202000007121;154 729 745;34;0;2;2;3;1
202000007122;154 729 741;7;0;2;4;2;1
202000007122;154 729 742;7;0;2;4;2;1
202000007122;154 729 743;7;0;2;1;2;1
202000007123;154 729 737;7;0;2;1;2;1
202000007123;154 729 738;10;0;2;4;2;1
202000007123;154 729 739;7;0;2;1;2;1
202000007123;154 729 740;7;0;2;4;2;6
202000007124;154 729 735;7;0;2;5;12;1
202000007124;154 729 736;33;0;2;3;1;1
202000007125;154 729 734;33;14;0;7;1;1
202000007126;154 729 732;7;0;2;1;2;1
202000007126;154 729 733;7;0;2;4;2;1
202000007127;154 729 730;7;0;2;4;1;1
202000007127;154 729 731;7;3;2;1;21;1
202000007128;154 729 727;33;0;2;0;3;1
202000007128;154 729 728;17;0;2;0;1;1
202000007128;154 729 729;14;0;2;0;1;1
202000007129;154 729 725;33;0;2;1;3;1
202000007129;154 729 726;7;0;2;6;1;1
202000007130;154 729 723;7;0;2;6;11;1
202000007130;154 729 724;33;0;2;1;1;1
202000007131;154 729 721;33;0;2;2;1;1
202000007131;154 729 722;7;0;2;6;11;1
202000007132;154 729 719;7;0;2;5;1;1
202000007132;154 729 720;33;0;2;1;12;1
202000007133;154 729 717;15;0;2;2;12;1
202000007133;154 729 718;7;0;2;6;1;1
202000007134;154 729 715;33;0;2;8;1;1
202000007134;154 729 716;7;0;2;3;15;1
202000007135;154 729 713;30;0;2;8;1;1
202000007135;154 729 714;7;0;2;5;17;1
202000007136;154 729 712;7;0;1;5;17;1
202000007137;154 729 710;7;0;2;2;1;1
202000007137;154 729 711;7;0;2;8;9;1
202000007138;154 729 708;1;0;2;7;1;0
202000007138;154 729 709;7;0;2;1;1;0
202000007139;154 729 706;10;0;2;2;0;1
202000007139;154 729 707;1;0;2;0;0;5
202000007140;154 729 705;7;2;0;3;26;2
202000007141;154 729 703;7;0;2;5;15;1
202000007141;154 729 704;33;0;2;1;1;1
202000007142;154 729 701;31;0;2;0;1;1
202000007142;154 729 702;7;0;2;8;9;1
202000007143;154 729 698;7;0;2;1;1;1
202000007143;154 729 699;7;0;2;1;1;1
202000007143;154 729 700;7;0;2;1;1;1
202000007144;154 729 696;7;0;2;5;1;1
202000007144;154 729 697;7;12;2;8;13;1
202000007145;154 729 695;33;0;0;0;17;0
202000007146;154 729 693;7;0;9;3;9;1
202000007146;154 729 694;50;0;2;7;1;3
202000007147;154 729 691;33;0;2;3;26;1
202000007147;154 729 692;7;0;2;7;12;1
202000007148;154 729 689;10;0;2;5;15;1
202000007148;154 729 690;31;0;2;1;1;1
202000007149;154 729 687;50;0;2;0;1;3
202000007149;154 729 688;7;0;2;0;1;1
202000007150;154 729 686;10;15;0;2;1;1
202000007151;154 729 684;7;0;2;4;1;0
202000007151;154 729 685;1;0;2;1;1;5
202000007152;154 729 682;10;0;2;2;16;1
202000007152;154 729 683;1;0;2;1;15;0
202000007153;154 729 680;60;0;2;1;25;5
202000007153;154 729 681;10;0;2;2;19;1
202000007154;154 729 678;30;0;2;1;16;1
202000007154;154 729 679;7;0;2;7;1;1
202000007155;154 729 677;33;14;0;1;9;1
202000007156;154 729 675;7;0;2;3;3;1
202000007156;154 729 676;34;0;2;4;16;1
202000007157;154 729 674;32;0;1;7;1;1
202000007158;154 729 672;7;0;2;3;9;1
202000007158;154 729 673;30;0;2;1;1;1
202000007159;154 729 670;7;0;1;7;0;1
202000007159;154 729 671;10;1;0;8;13;1
202000007160;154 729 668;99;0;2;1;2;1
202000007160;154 729 669;7;0;2;6;15;1
202000007161;154 729 667;7;0;1;7;9;1
202000007162;154 729 665;7;0;2;2;15;1
202000007162;154 729 666;7;0;2;2;15;1
202000007163;154 729 663;1;0;2;1;2;5
202000007163;154 729 664;13;0;2;4;2;1
202000007164;154 729 661;7;0;2;3;10;1
202000007164;154 729 662;30;0;2;2;3;1
202000007165;154 729 659;7;0;2;4;1;1
202000007165;154 729 660;1;0;2;3;1;5
202000007166;154 729 657;7;0;2;1;19;1
202000007166;154 729 658;7;0;2;7;19;1
202000007167;154 729 655;7;0;2;1;9;1
202000007167;154 729 656;1;0;2;1;2;5
202000007168;154 729 653;7;0;2;1;1;1
202000007168;154 729 654;50;0;2;7;9;3
202000007169;154 729 651;7;0;2;4;23;1
202000007169;154 729 652;7;0;2;1;1;1
202000007170;154 729 649;1;0;2;1;19;5
202000007170;154 729 650;7;0;2;2;16;1
202000007171;154 729 648;7;0;1;8;1;1
202000007172;154 729 647;1;0;1;1;26;5
202000007173;154 729 645;7;10;2;3;1;1
202000007173;154 729 646;7;0;2;1;5;1
202000007174;154 729 643;7;0;2;2;1;1
202000007174;154 729 644;7;0;2;3;1;1
202000007175;154 729 641;7;0;2;1;9;1
202000007175;154 729 642;7;0;2;7;1;1
202000007176;154 729 639;1;0;2;4;1;5
202000007176;154 729 640;7;0;2;1;1;1
202000007177;154 729 637;1;0;2;1;9;5
202000007177;154 729 638;7;0;2;0;9;1
202000007178;154 729 635;7;0;2;2;1;1
202000007178;154 729 636;7;0;2;3;11;1
202000007179;154 729 633;7;0;2;3;19;1
202000007179;154 729 634;1;0;2;1;1;5
202000007180;154 729 631;10;0;2;3;17;1
202000007180;154 729 632;32;0;2;1;1;1
202000007181;154 729 630;7;0;1;2;1;1
202000007182;154 729 628;1;0;2;8;19;5
202000007182;154 729 629;7;0;9;2;1;1
202000007183;154 729 626;1;0;0;0;0;5
202000007183;154 729 627;7;0;2;1;1;1
202000007184;154 729 624;7;0;2;4;1;0
202000007184;154 729 625;1;0;2;1;26;0
202000007185;154 729 622;10;0;2;3;1;1
202000007185;154 729 623;31;0;2;3;13;1
202000007186;154 729 620;7;0;2;2;9;1
202000007186;154 729 621;1;0;2;1;2;0
202000007187;154 729 619;7;0;1;2;2;1
202000007188;154 729 617;7;0;2;7;1;1
202000007188;154 729 618;7;0;2;1;1;1
202000007189;154 729 615;7;0;2;1;5;1
202000007189;154 729 616;34;0;2;1;1;1
202000007190;154 729 613;42;0;2;1;2;1
202000007190;154 729 614;7;0;2;3;15;1
202000007191;154 729 611;33;1;0;3;1;0
202000007191;154 729 612;10;1;2;3;0;0
202000007192;154 729 609;32;0;2;1;1;1
202000007192;154 729 610;7;0;2;3;1;1
202000007193;154 729 608;7;9;1;4;20;0
202000007194;154 729 607;33;12;0;1;1;1
202000007195;154 729 605;7;0;2;1;15;1
202000007195;154 729 606;2;0;2;3;23;1
202000007196;154 729 602;30;0;2;2;17;1
202000007196;154 729 603;7;0;2;3;23;1
202000007196;154 729 604;33;0;2;2;23;1
202000007197;154 729 600;7;0;2;6;1;1
202000007197;154 729 601;7;0;2;3;15;1
202000007198;154 729 599;30;15;0;1;1;1
202000007199;154 729 597;7;0;2;3;1;1
202000007199;154 729 598;7;0;2;8;1;1
202000007200;154 729 596;7;0;1;1;16;1
202000007201;154 729 594;7;0;0;0;0;1
202000007201;154 729 595;30;0;2;4;26;1
202000007202;154 729 591;33;0;2;2;3;1
202000007202;154 729 592;7;0;2;7;13;1
202000007202;154 729 593;14;0;2;8;11;1
202000007203;154 729 589;15;0;2;8;11;1
202000007203;154 729 590;43;0;2;7;3;1
202000007204;154 729 587;32;0;2;0;17;1
202000007204;154 729 588;80;0;2;0;1;3
202000007205;154 729 586;7;0;1;8;1;1
202000007206;154 729 585;7;6;0;1;26;1
202000007207;154 729 583;30;0;2;4;1;1
202000007207;154 729 584;7;0;2;1;14;1
202000007208;154 729 582;31;0;1;0;1;1
202000007209;154 729 580;33;0;2;7;17;1
202000007209;154 729 581;10;0;2;3;20;1
202000007210;154 729 578;10;0;0;5;1;1
202000007210;154 729 579;30;0;2;0;2;1
202000007211;154 729 576;7;0;2;0;16;1
202000007211;154 729 577;1;0;2;1;1;5
202000007212;154 729 574;32;0;2;1;1;1
202000007212;154 729 575;7;0;2;3;15;1
202000007213;154 729 573;10;0;1;1;1;1
202000007214;154 729 571;1;0;2;2;1;5
202000007214;154 729 572;7;0;2;8;22;2
202000007215;154 729 569;30;0;2;4;23;3
202000007215;154 729 570;7;0;2;2;2;1
202000007216;154 729 567;7;0;2;3;9;1
202000007216;154 729 568;30;0;2;7;17;1
202000007217;154 729 566;1;0;2;0;21;5
202000007218;154 729 564;7;0;2;3;9;1
202000007218;154 729 565;1;0;2;1;1;5
202000007219;154 729 562;1;0;2;1;1;5
202000007219;154 729 563;1;0;2;8;15;5
202000007220;154 729 561;1;0;1;1;1;5
202000007221;154 729 559;10;0;2;7;16;1
202000007221;154 729 560;1;0;2;1;1;5
202000007222;154 729 557;30;0;2;1;1;1
202000007222;154 729 558;50;0;2;3;1;3
202000007223;154 729 555;7;0;2;5;16;1
202000007223;154 729 556;1;0;2;1;1;5
202000007224;154 729 553;7;0;2;1;26;0
202000007224;154 729 554;32;0;0;4;23;0
202000007225;154 729 552;7;0;1;2;1;1
202000007226;154 729 550;7;1;0;3;26;0
202000007226;154 729 551;7;0;2;5;2;0
202000007227;154 729 548;33;0;2;1;2;1
202000007227;154 729 549;7;0;2;3;15;1
202000007228;154 729 546;30;0;2;3;21;1
202000007228;154 729 547;10;0;2;7;15;1
202000007229;154 729 545;7;0;1;1;1;1
202000007230;154 729 544;7;0;1;1;9;1
202000007231;154 729 542;2;0;2;6;24;1
202000007231;154 729 543;7;0;2;6;26;0
202000007232;154 729 541;7;0;1;2;1;1
202000007233;154 729 539;7;0;2;2;1;1
202000007233;154 729 540;50;0;2;0;15;3
202000007234;154 729 538;33;0;0;0;0;1
202000007235;154 729 536;7;0;2;2;26;6
202000007235;154 729 537;7;0;2;6;1;1
202000007236;154 729 534;31;0;0;0;0;0
202000007236;154 729 535;7;1;2;2;24;0
202000007237;154 729 532;7;0;2;0;0;0
202000007237;154 729 533;7;0;2;0;0;0
202000007238;154 729 531;31;1;0;8;26;0
202000007239;154 729 529;7;0;2;7;1;1
202000007239;154 729 530;7;0;2;1;1;1
202000007240;154 729 528;1;0;0;0;1;5
202000007241;154 729 526;38;0;2;2;23;1
202000007241;154 729 527;30;0;2;2;13;1
202000007242;154 729 524;31;0;9;8;15;1
202000007242;154 729 525;99;0;2;3;16;3
202000007243;154 729 522;7;0;2;2;1;1
202000007243;154 729 523;7;0;2;3;9;1
202000007244;154 729 521;7;2;0;2;1;1
202000007245;154 729 518;2;0;2;7;1;1
202000007245;154 729 519;7;0;2;1;0;1
202000007245;154 729 520;7;0;2;1;1;1
202000007246;154 729 516;15;0;2;2;1;1
202000007246;154 729 517;7;0;2;3;19;1
202000007247;154 729 513;7;0;2;3;17;1
202000007247;154 729 514;7;0;2;6;1;1
202000007247;154 729 515;7;0;2;1;1;1
202000007248;154 729 511;7;0;2;1;1;1
202000007248;154 729 512;7;0;2;1;13;1
202000007249;154 729 509;7;0;2;1;17;1
202000007249;154 729 510;7;0;2;1;1;1
202000007250;154 729 507;1;0;2;8;1;5
202000007250;154 729 508;15;0;2;6;17;1
202000007251;154 729 505;14;0;9;2;17;1
202000007251;154 729 506;1;0;2;3;15;5
202000007252;154 729 503;7;0;2;1;15;1
202000007252;154 729 504;31;0;2;1;1;1
202000007253;154 729 501;2;0;2;1;1;1
202000007253;154 729 502;7;0;2;3;9;1
202000007254;154 729 499;33;0;2;1;17;1
202000007254;154 729 500;21;0;2;4;15;1
202000007255;154 729 497;10;0;2;1;5;1
202000007255;154 729 498;14;0;2;1;5;1
202000007256;154 729 496;33;3;0;0;0;1
202000007257;154 729 494;7;0;2;3;15;1
202000007257;154 729 495;33;0;2;0;1;1
202000007258;154 729 492;7;0;2;3;1;1
202000007258;154 729 493;7;0;2;3;15;1
202000007259;154 729 491;33;13;0;3;1;1
202000007260;154 729 489;7;0;2;1;13;1
202000007260;154 729 490;7;0;2;1;1;1
202000007261;154 729 487;7;0;9;7;2;1
202000007261;154 729 488;1;0;2;8;2;5
202000007262;154 729 485;7;0;0;2;15;1
202000007262;154 729 486;1;0;2;1;1;5
202000007263;154 729 482;10;0;2;6;1;0
202000007263;154 729 483;7;0;2;2;17;0
202000007263;154 729 484;7;0;2;1;1;0
202000007264;154 729 481;33;2;0;7;1;1
202000007265;154 729 479;7;0;2;2;17;1
202000007265;154 729 480;1;0;2;4;1;5
202000007266;154 729 477;31;0;2;1;13;1
202000007266;154 729 478;30;0;2;1;1;1
202000007267;154 729 476;31;0;6;1;1;1
202000007268;154 729 474;7;0;2;1;1;1
202000007268;154 729 475;33;0;2;1;13;1
202000007269;154 729 471;7;13;2;3;1;1
202000007269;154 729 472;7;0;2;3;13;1
202000007270;154 729 469;7;0;2;7;2;1
202000007270;154 729 470;1;0;0;7;2;5
202000007271;154 729 467;7;0;2;1;15;1
202000007271;154 729 468;2;15;2;1;1;1
202000007272;154 729 466;33;3;0;3;1;1
202000007273;154 729 464;7;0;2;3;15;1
202000007273;154 729 465;7;0;2;7;17;1
202000007274;154 729 462;33;0;2;8;1;1
202000007274;154 729 463;7;0;2;8;1;1
202000007275;154 729 460;2;0;0;6;15;1
202000007275;154 729 461;7;0;2;1;17;1
202000007276;154 729 459;7;6;0;1;1;1
202000007277;154 729 456;2;0;2;6;1;1
202000007277;154 729 457;7;0;2;5;13;1
202000007278;154 729 454;7;0;2;2;17;1
202000007278;154 729 455;1;0;0;4;13;5
202000007279;154 729 452;7;8;2;8;1;1
202000007279;154 729 453;7;0;2;1;15;1
202000007280;154 729 450;7;0;2;7;1;1
202000007280;154 729 451;7;0;2;1;1;1
202000007281;154 729 448;10;0;0;4;1;1
202000007281;154 729 449;7;7;2;2;1;1
202000007282;154 729 446;7;0;2;7;12;1
202000007282;154 729 447;33;0;2;3;3;1
202000007283;154 729 444;33;0;2;2;1;1
202000007283;154 729 445;7;0;2;3;15;1
202000007284;154 729 443;7;15;0;2;1;1
202000007285;154 729 441;7;0;9;2;1;1
202000007285;154 729 442;1;0;2;1;25;5
202000007286;154 729 439;7;0;2;5;15;1
202000007286;154 729 440;1;0;2;1;1;5
202000007287;154 729 437;7;0;2;3;16;1
202000007287;154 729 438;33;0;2;1;1;1
202000007288;154 729 435;1;0;2;8;1;5
202000007288;154 729 436;7;0;2;1;1;1
202000007289;154 729 434;33;16;0;9;1;1
202000007290;154 729 432;33;0;2;2;2;1
202000007290;154 729 433;7;0;2;5;2;1
202000007291;154 729 430;33;0;2;1;1;1
202000007291;154 729 431;15;0;2;3;9;1
202000007292;154 729 429;7;16;0;0;1;1
202000007293;154 729 427;7;0;2;2;1;6
202000007293;154 729 428;15;0;0;6;23;1
202000007294;154 729 426;7;0;0;3;1;0
202000007295;154 729 424;21;0;0;4;1;1
202000007295;154 729 425;10;0;2;1;2;1
202000007296;154 729 422;33;0;2;1;1;1
202000007296;154 729 423;7;0;2;3;11;1
202000007297;154 729 420;15;0;0;0;26;1
202000007297;154 729 421;33;0;0;0;1;1
202000007298;154 729 418;7;0;0;6;15;1
202000007298;154 729 419;33;0;2;1;17;1
202000007299;154 729 417;33;0;0;0;0;0
202000007300;154 729 415;2;0;2;8;19;1
202000007300;154 729 416;10;0;2;1;1;1
202000007301;154 729 413;7;0;9;2;17;1
202000007301;154 729 414;99;0;2;8;1;5
202000007302;154 729 411;7;0;2;8;15;1
202000007302;154 729 412;33;0;2;1;1;1
202000007303;154 729 409;2;0;9;0;1;1
202000007303;154 729 410;1;0;0;1;19;5
202000007304;154 729 408;33;3;0;8;1;1
202000007305;154 729 406;7;0;2;3;1;1
202000007305;154 729 407;15;0;2;8;1;1
202000007306;154 729 405;15;3;0;3;0;1
202000007307;154 729 404;7;0;1;1;1;1
202000007308;154 729 402;7;0;2;1;1;1
202000007308;154 729 403;7;0;2;4;1;1
202000007309;154 729 399;7;0;0;0;0;2
202000007309;154 729 400;7;0;0;0;0;1
202000007309;154 729 401;7;0;0;0;0;1
202000007310;154 729 396;7;0;2;6;11;1
202000007310;154 729 397;17;0;2;2;1;1
202000007310;154 729 398;7;0;2;5;1;1
202000007311;154 729 394;7;0;2;2;1;1
202000007311;154 729 395;7;0;2;8;1;1
202000007312;154 729 390;7;0;2;4;2;1
202000007312;154 729 391;7;0;2;4;2;1
202000007312;154 729 392;7;0;2;1;2;1
202000007312;154 729 393;7;0;2;4;2;1
202000007313;154 729 388;7;0;2;3;9;1
202000007313;154 729 389;15;0;2;7;1;1
202000007314;154 729 387;7;4;0;1;1;1
202000007315;154 729 384;7;0;2;4;2;1
202000007315;154 729 385;7;0;2;4;2;1
202000007315;154 729 386;7;0;2;1;2;1
202000007316;154 729 383;7;3;0;3;12;1
202000007317;154 729 380;7;0;2;3;1;1
202000007317;154 729 381;7;0;2;7;1;2
202000007317;154 729 382;7;0;2;8;1;1
202000007318;154 729 377;7;0;2;8;12;1
202000007318;154 729 378;33;0;2;8;3;1
202000007318;154 729 379;7;0;2;2;17;1
202000007319;154 729 373;7;0;2;3;15;0
202000007319;154 729 374;33;1;2;5;3;0
202000007320;154 729 371;7;0;2;3;16;1
202000007320;154 729 372;7;0;2;5;16;1
202000007321;154 729 369;7;0;2;7;16;1
202000007321;154 729 370;60;0;2;1;13;5
202000007322;154 729 368;7;0;1;2;1;1
202000007323;154 729 366;7;0;2;4;1;1
202000007323;154 729 367;7;0;2;1;1;1
202000007324;154 729 365;99;0;1;0;16;0
202000007325;154 729 363;7;0;2;3;16;1
202000007325;154 729 364;1;0;2;0;19;5
202000007326;154 729 361;7;0;2;1;1;1
202000007326;154 729 362;50;0;2;7;1;3
202000007327;154 729 360;7;0;1;1;1;1
202000007328;154 729 359;7;0;1;7;21;1
202000007329;154 729 358;10;0;1;2;1;1
202000007330;154 729 356;7;0;2;1;1;1
202000007330;154 729 357;7;0;2;0;0;1
202000007331;154 729 355;7;0;1;6;20;1
202000007332;154 729 353;7;0;2;2;1;0
202000007332;154 729 354;36;0;2;3;1;0
202000007333;154 729 352;7;0;1;1;1;
202000007334;154 729 350;7;0;2;3;9;1
202000007334;154 729 351;30;0;2;7;1;1
202000007335;154 729 347;7;0;2;8;23;1
202000007335;154 729 348;1;0;2;8;19;5
202000007335;154 729 349;7;0;2;1;15;1
202000007336;154 729 345;7;0;2;4;1;1
202000007336;154 729 346;7;0;2;1;1;1
202000007337;154 729 343;7;0;2;2;1;1
202000007337;154 729 344;7;0;2;3;1;1
202000007338;154 729 342;7;0;1;1;1;1
202000007339;154 729 339;7;0;1;1;15;0
202000007340;154 729 337;1;0;2;1;0;5
202000007340;154 729 338;30;0;2;0;0;1
202000007341;154 729 336;7;0;1;2;9;1
202000007342;154 729 334;7;0;2;1;1;1
202000007342;154 729 335;7;0;2;1;1;1
202000007343;154 729 333;7;0;1;1;1;1
202000007344;154 729 332;10;2;0;1;0;1
202000007345;154 729 331;33;3;0;8;3;1
202000007346;154 729 329;7;0;2;2;1;1
202000007346;154 729 330;7;0;2;1;1;1
202000007347;154 729 327;7;0;2;1;2;1
202000007347;154 729 328;7;0;2;6;1;1
202000007348;154 729 326;7;0;1;2;26;1
202000007349;154 729 323;7;0;2;1;2;1
202000007349;154 729 324;7;0;2;4;2;1
202000007349;154 729 325;7;0;2;4;2;1
202000007350;154 729 321;7;0;2;2;1;1
202000007350;154 729 322;2;0;2;4;2;1
202000007351;154 729 319;30;0;2;7;15;1
202000007351;154 729 320;7;0;2;1;1;1
202000007352;154 729 318;7;0;1;1;15;1
202000007353;154 729 316;13;0;2;8;1;1
202000007353;154 729 317;7;0;2;3;26;1
202000007354;154 729 314;10;0;2;4;1;1
202000007354;154 729 315;33;0;2;1;1;1
202000007355;154 729 312;60;0;0;1;1;5
202000007355;154 729 313;7;0;0;0;1;1
202000007356;154 729 310;7;0;2;7;13;1
202000007356;154 729 311;10;0;2;1;1;1
202000007357;154 729 308;2;0;2;1;19;1
202000007357;154 729 309;10;0;2;8;19;1
202000007358;154 729 306;80;0;2;1;1;3
202000007358;154 729 307;7;0;2;8;24;0
202000007359;154 729 304;1;0;2;1;0;5
202000007359;154 729 305;7;0;2;1;9;1
202000007360;154 729 302;1;0;2;7;2;5
202000007360;154 729 303;14;0;2;7;2;1
202000007361;154 729 300;7;6;2;1;19;1
202000007361;154 729 301;7;0;2;2;1;1
202000007362;154 729 299;7;0;1;2;9;1
202000007363;154 729 297;32;0;2;1;3;1
202000007363;154 729 298;7;0;2;8;15;1
202000007364;154 729 295;33;0;2;1;19;1
202000007364;154 729 296;7;0;2;3;1;1
202000007365;154 729 293;7;0;2;2;5;0
202000007365;154 729 294;7;0;2;3;15;1
202000007366;154 729 291;7;0;2;8;26;1
202000007366;154 729 292;7;0;2;1;15;0
202000007367;154 729 289;7;0;0;0;2;1
202000007367;154 729 290;7;0;0;1;2;1
202000007368;154 729 287;15;0;2;4;23;1
202000007368;154 729 288;7;0;2;1;26;1
202000007369;154 729 285;7;0;2;5;10;1
202000007369;154 729 286;7;0;2;1;1;1
202000007370;154 729 279;7;0;2;8;24;1
202000007370;154 729 280;7;1;0;1;24;1
202000007371;154 729 277;36;0;2;1;9;1
202000007371;154 729 278;7;0;2;5;15;1
202000007372;154 729 275;7;0;2;4;2;1
202000007372;154 729 276;31;0;2;1;2;1
202000007373;154 729 274;32;0;0;8;1;1
202000007374;154 729 271;7;0;2;1;2;1
202000007374;154 729 272;10;0;2;4;2;1
202000007374;154 729 273;7;0;2;4;2;1
202000007375;154 729 270;7;0;1;2;1;1
202000007376;154 729 269;7;0;1;2;1;1
202000007377;154 729 267;7;0;2;3;15;1
202000007377;154 729 268;30;0;2;3;1;1
202000007378;154 729 265;34;0;2;8;1;1
202000007378;154 729 266;7;0;2;1;15;1
202000007379;154 729 263;33;0;2;4;2;1
202000007379;154 729 264;7;0;2;1;2;1
202000007380;154 729 261;43;0;2;4;2;1
202000007380;154 729 262;7;0;2;4;23;1
202000007381;154 729 259;30;0;2;1;17;1
202000007381;154 729 260;10;0;2;6;15;1
202000007382;154 729 257;1;0;2;3;15;5
202000007382;154 729 258;10;0;2;0;0;0
202000007383;154 729 256;7;0;1;1;15;1
202000007384;154 729 255;7;0;1;3;7;1
202000007385;154 729 253;7;0;2;1;15;1
202000007385;154 729 254;50;0;2;1;1;3
202000007386;154 729 251;7;0;2;3;15;1
202000007386;154 729 252;30;0;2;1;3;1
202000007387;154 729 250;30;0;1;1;1;1
202000007388;154 729 248;34;0;2;1;2;1
202000007388;154 729 249;7;0;2;5;23;1
202000007389;154 729 246;7;0;2;0;14;0
202000007389;154 729 247;33;0;2;3;3;1
202000007390;154 729 244;31;0;2;4;2;1
202000007390;154 729 245;31;0;2;1;2;1
202000007391;154 729 242;80;0;2;1;1;3
202000007391;154 729 243;1;0;2;1;9;5
202000007392;154 729 240;10;0;2;7;1;1
202000007392;154 729 241;1;0;2;2;1;5
202000007393;154 729 238;10;0;2;2;1;1
202000007393;154 729 239;30;0;2;8;1;1
202000007394;154 729 236;1;0;2;4;2;5
202000007394;154 729 237;30;0;2;1;2;1
202000007395;154 729 235;50;0;1;1;1;3
202000007396;154 729 233;50;0;2;1;7;3
202000007396;154 729 234;7;0;2;7;16;1
202000007397;154 729 231;7;0;2;3;1;0
202000007397;154 729 232;7;0;2;1;1;0
202000007398;154 729 230;32;0;1;1;26;1
202000007399;154 729 229;7;0;1;2;1;1
202000007400;154 729 227;99;0;0;8;15;1
202000007400;154 729 228;14;0;2;1;17;1
202000007401;154 729 225;0;0;2;4;1;0
202000007401;154 729 226;32;4;2;1;2;0
202000007402;154 729 224;7;0;1;1;1;1
202000007403;154 729 222;7;0;2;2;9;1
202000007403;154 729 223;33;0;2;1;1;1
202000007404;154 729 221;37;0;1;2;26;0
202000007405;154 729 219;34;0;2;4;26;1
202000007405;154 729 220;7;0;2;1;2;1
202000007406;154 729 217;7;0;2;6;0;1
202000007406;154 729 218;7;0;9;2;14;1
202000007407;154 729 215;10;0;2;3;23;1
202000007407;154 729 216;33;0;2;1;1;1
202000007408;154 729 213;1;0;2;2;19;5
202000007408;154 729 214;7;0;9;3;1;1
202000007409;154 729 210;7;0;2;1;9;1
202000007409;154 729 211;1;0;2;3;1;5
202000007409;154 729 212;10;0;2;5;17;1
202000007410;154 729 209;7;0;1;1;1;1
202000007411;154 729 208;7;0;1;3;1;1