Num_Acc;id_vehicule;categorie_vehicule;obstacle_fixe;obstacle_mobile;point_choc_initial;manoeuvre_principale;motorisation
202000007412;154 729 206;7;0;2;8;10;1
202000007412;154 729 207;30;0;2;1;1;3
202000007413;154 729 205;30;0;0;8;2;1
202000007414;154 729 204;7;13;0;2;1;1
202000007415;154 729 202;2;0;0;4;1;1
202000007415;154 729 203;7;0;2;1;2;1
202000007416;154 729 200;7;0;2;1;5;1
202000007416;154 729 201;14;0;2;1;1;1
202000007417;154 729 198;17;0;2;6;1;1
202000007417;154 729 199;7;0;2;1;0;1
202000007418;154 729 197;7;0;1;1;1;1
202000007419;154 729 194;17;0;2;6;2;1
202000007419;154 729 195;7;4;0;3;21;1
202000007419;154 729 196;7;3;2;8;17;1
202000007420;154 729 192;7;0;2;1;5;0
202000007420;154 729 193;7;0;2;3;1;0
202000007421;154 729 190;7;0;2;6;17;1
202000007421;154 729 191;33;0;2;1;17;1
202000007422;154 729 188;10;0;2;7;26;1
202000007422;154 729 189;7;3;2;1;9;1
202000007423;154 729 187;7;0;1;2;1;1
202000007424;154 729 186;7;0;1;1;1;1
202000007425;154 729 183;7;0;2;3;13;1
202000007425;154 729 184;14;0;2;3;1;1
202000007426;154 729 181;7;0;2;5;19;0
202000007426;154 729 182;7;0;2;1;21;6
202000007427;154 729 180;7;0;1;3;1;1
202000007428;154 729 178;7;0;2;2;16;0
202000007428;154 729 179;60;0;2;0;23;5
202000007429;154 729 177;7;2;0;1;0;1
202000007430;154 729 175;7;0;2;1;1;1
202000007430;154 729 176;7;0;2;1;13;1
202000007431;154 729 171;7;0;2;1;26;1
202000007431;154 729 172;1;0;2;8;1;5
202000007431;154 729 173;1;0;2;8;1;5
202000007431;154 729 174;1;0;2;1;1;5
202000007432;154 729 169;7;7;2;7;19;1
202000007432;154 729 170;7;0;2;1;1;1
202000007433;154 729 167;3;0;2;1;13;1
202000007433;154 729 168;7;0;2;1;1;1
202000007434;154 729 162;7;0;2;1;1;1
202000007434;154 729 163;7;0;2;8;1;1
202000007434;154 729 164;7;0;2;8;1;1
202000007434;154 729 165;7;0;2;8;1;1
202000007434;154 729 166;7;0;2;1;13;1
202000007435;154 729 161;7;8;0;8;0;1
202000007436;154 729 160;7;0;1;2;1;1
202000007437;154 729 158;7;0;2;1;1;1
202000007437;154 729 159;7;0;2;3;1;2
202000007438;154 729 157;7;13;0;1;15;1
202000007439;154 729 153;7;0;2;4;23;0
202000007439;154 729 154;7;0;2;4;15;0
202000007439;154 729 155;10;0;2;1;1;0
202000007439;154 729 156;7;0;2;4;23;0
202000007440;154 729 152;7;0;1;2;1;1
202000007441;154 729 150;7;0;2;1;1;1
202000007441;154 729 151;33;0;2;1;17;1
202000007442;154 729 149;7;13;0;2;14;0
202000007443;154 729 148;7;0;0;7;1;1
202000007444;154 729 147;7;0;0;9;1;1
202000007445;154 729 146;7;0;0;9;14;1
202000007446;154 729 144;30;0;2;1;1;1
202000007446;154 729 145;21;0;2;1;1;1
202000007447;154 729 143;10;15;0;0;1;1
202000007448;154 729 142;7;0;1;3;21;1
202000007449;154 729 141;7;13;0;3;1;1
202000007450;154 729 139;7;0;2;1;1;1
202000007450;154 729 140;7;0;2;5;10;1
202000007451;154 729 138;7;0;1;3;1;1
202000007452;154 729 136;15;0;2;8;1;1
202000007452;154 729 137;7;4;2;9;17;1
202000007453;154 729 134;7;0;9;3;13;1
202000007453;154 729 135;1;0;2;1;13;5
202000007454;154 729 130;33;0;2;9;3;1
202000007454;154 729 131;10;0;2;7;2;1
202000007454;154 729 132;38;0;2;8;0;1
202000007454;154 729 133;7;0;2;4;1;1
202000007455;154 729 128;7;3;0;2;14;1
202000007455;154 729 129;7;1;2;1;1;1
202000007456;154 729 127;33;0;1;2;1;1
202000007457;154 729 124;7;0;2;1;9;1
202000007457;154 729 125;33;0;2;2;1;1
202000007458;154 729 123;7;13;0;2;1;1
202000007459;154 729 121;7;0;2;1;1;0
202000007459;154 729 122;7;0;2;3;1;0
202000007460;154 729 119;7;0;2;3;1;1
202000007460;154 729 120;7;2;0;5;2;0
202000007461;154 729 117;7;0;2;1;0;0
202000007461;154 729 118;2;0;2;1;0;1
202000007462;154 729 116;7;15;0;1;6;1
202000007463;154 729 115;7;13;0;9;1;1
202000007464;154 729 114;7;0;1;2;1;1
202000007465;154 729 112;7;0;2;1;1;1
202000007465;154 729 113;7;0;2;4;23;1
202000007466;154 729 110;7;0;2;1;2;1
202000007466;154 729 111;7;0;2;6;1;1
202000007467;154 729 108;10;0;2;1;2;1
202000007467;154 729 109;7;0;2;4;2;1
202000007468;154 729 106;7;0;2;4;2;1
202000007468;154 729 107;7;0;2;3;2;1
202000007469;154 729 102;10;0;2;2;2;1
202000007469;154 729 103;33;0;2;1;3;1
202000007469;154 729 104;7;0;2;5;2;1
202000007469;154 729 105;7;0;2;7;2;1
202000007470;154 729 100;34;0;2;1;2;1
202000007470;154 729 101;7;0;2;2;12;1
202000007471;154 729 097;7;0;2;6;1;1
202000007471;154 729 098;32;0;2;1;3;1
202000007471;154 729 099;7;0;2;8;11;1
202000007472;154 729 095;31;3;2;7;1;1
202000007472;154 729 096;7;0;2;8;11;1
202000007473;154 729 094;7;4;0;3;21;1
202000007474;154 729 092;7;0;2;3;1;1
202000007474;154 729 093;7;0;2;5;12;1
202000007475;154 729 090;7;0;2;4;23;1
202000007475;154 729 091;7;1;0;1;2;1
202000007476;154 729 084;17;0;2;1;2;1
202000007476;154 729 085;7;0;2;4;1;1
202000007476;154 729 086;10;0;2;4;1;1
202000007476;154 729 087;7;0;2;4;1;1
202000007476;154 729 088;10;0;2;4;1;1
202000007476;154 729 089;7;0;2;4;1;1
202000007477;154 729 082;7;0;2;1;2;1
202000007477;154 729 083;7;0;2;4;2;1
202000007478;154 729 079;7;4;0;8;19;1
202000007478;154 729 080;7;0;2;1;1;1
202000007478;154 729 081;7;0;2;1;1;1
202000007479;154 729 077;7;0;2;2;2;1
202000007479;154 729 078;30;0;2;6;2;1
202000007480;154 729 075;7;0;2;3;9;1
202000007480;154 729 076;2;0;2;7;1;3
202000007481;154 729 073;32;0;2;1;5;1
202000007481;154 729 074;10;0;2;3;15;1
202000007482;154 729 071;7;0;2;3;26;1
202000007482;154 729 072;33;0;2;1;26;1
202000007483;154 729 070;7;0;1;1;15;1
202000007484;154 729 069;7;8;0;7;16;1
202000007485;154 729 067;2;0;2;1;1;1
202000007485;154 729 068;7;0;2;1;15;1
202000007486;154 729 066;7;0;1;1;16;1
202000007487;154 729 064;30;0;2;2;2;1
202000007487;154 729 065;7;0;2;3;15;1
202000007488;154 729 063;7;0;1;1;1;1
202000007489;154 729 062;7;3;0;3;13;1
202000007490;154 729 061;7;1;1;2;1;1
202000007491;154 729 060;31;14;0;2;17;1
202000007492;154 729 058;99;0;2;0;0;0
202000007492;154 729 059;31;0;2;1;17;0
202000007493;154 729 056;30;0;2;1;2;1
202000007493;154 729 057;7;0;2;4;2;1
202000007494;154 729 054;7;0;2;7;1;1
202000007494;154 729 055;10;0;2;1;19;1
202000007495;154 729 053;7;;1;;0;
202000007496;154 729 051;2;1;0;1;1;1
202000007496;154 729 052;7;1;0;3;9;1
202000007497;154 729 049;7;0;2;1;13;1
202000007497;154 729 050;7;13;2;1;21;1
202000007498;154 729 045;10;0;0;3;10;6
202000007498;154 729 046;33;0;2;2;17;0
202000007499;154 729 043;7;0;2;5;9;0
202000007499;154 729 044;2;0;2;8;1;0
202000007500;154 729 039;10;0;2;1;2;1
202000007500;154 729 040;7;0;2;4;2;1
202000007500;154 729 041;7;0;2;0;23;1
202000007500;154 729 042;7;0;2;4;2;1
202000007501;154 729 037;30;0;2;2;1;1
202000007501;154 729 038;7;0;2;3;19;1
202000007502;154 729 035;33;0;2;8;1;1
202000007502;154 729 036;7;0;2;1;15;1
202000007503;154 729 034;10;0;1;1;1;1
202000007504;154 729 032;7;8;0;4;1;1
202000007504;154 729 033;7;0;2;1;1;1
202000007505;154 729 029;7;0;2;1;19;2
202000007505;154 729 030;7;0;2;3;23;1
202000007505;154 729 031;7;0;2;7;1;1
202000007506;154 729 028;7;0;1;3;1;1
202000007507;154 729 027;7;0;1;2;1;1
202000007508;154 729 025;33;0;2;1;1;1
202000007508;154 729 026;7;0;2;3;15;1
202000007509;154 729 024;7;0;1;2;1;1
202000007510;154 729 023;10;0;1;2;1;1
202000007511;154 729 021;7;7;2;1;1;1
202000007511;154 729 022;7;0;2;8;15;1
202000007512;154 729 019;10;0;2;3;15;1
202000007512;154 729 020;34;0;2;0;0;0
202000007513;154 729 018;7;0;1;2;1;1
202000007514;154 729 017;1;0;1;1;1;5
202000007515;154 729 016;30;0;1;1;1;1
202000007516;154 729 014;1;0;2;1;19;5
202000007516;154 729 015;7;0;2;7;1;0
202000007517;154 729 013;10;0;1;1;1;1
202000007518;154 729 012;7;0;1;1;1;1
202000007519;154 729 010;10;0;2;8;10;1
202000007519;154 729 011;30;0;2;1;1;0
202000007520;154 729 009;7;15;1;2;26;1
202000007521;154 729 008;7;0;1;1;9;1
202000007522;154 729 007;30;11;0;9;19;1
202000007523;154 729 006;2;5;0;7;1;1
202000007524;154 729 005;15;0;1;3;1;0
202000007525;154 729 003;1;0;2;8;2;5
202000007525;154 729 004;33;0;2;0;2;1
202000007526;154 729 001;7;0;2;1;2;1
202000007526;154 729 002;30;0;2;4;1;1
202000007527;154 728 998;10;0;2;4;1;1
202000007527;154 728 999;10;0;2;4;1;1
202000007527;154 729 000;15;0;2;2;2;1
202000007528;154 728 995;7;0;2;1;2;1
202000007528;154 728 996;7;0;2;4;1;1
202000007528;154 728 997;1;0;2;8;19;5
202000007529;154 728 993;7;0;2;1;9;1
202000007529;154 728 994;31;0;2;0;0;1
202000007530;154 728 991;1;0;2;8;1;5
202000007530;154 728 992;0;0;2;1;17;0
202000007531;154 728 989;10;0;2;2;1;1
202000007531;154 728 990;38;0;2;3;1;1
202000007532;154 728 988;7;0;1;7;26;1
202000007533;154 728 986;32;0;2;1;1;1
202000007533;154 728 987;7;0;2;5;15;1
202000007534;154 728 985;7;0;1;4;4;1
202000007535;154 728 983;1;0;9;5;1;5
202000007535;154 728 984;7;0;2;1;9;1
202000007536;154 728 982;33;13;0;0;26;1
202000007537;154 728 981;7;6;0;1;1;1
202000007538;154 728 979;7;0;1;1;1;1
202000007539;154 728 978;33;1;0;3;1;1
202000007540;154 728 977;7;0;1;4;4;1
202000007541;154 728 976;7;16;0;9;1;1
202000007542;154 728 974;10;0;2;1;9;1
202000007542;154 728 975;60;0;2;1;1;5
202000007543;154 728 971;7;0;2;3;23;1
202000007543;154 728 972;7;0;2;3;1;1
202000007543;154 728 973;7;0;2;1;17;1
202000007544;154 728 970;50;0;0;1;1;3
202000007545;154 728 969;7;0;1;2;1;1
202000007546;154 728 967;7;9;4;1;9;0
202000007546;154 728 968;40;0;2;1;15;0
202000007547;154 728 965;7;1;0;0;0;1
202000007547;154 728 966;7;1;2;5;24;1
202000007548;154 728 964;7;6;0;1;1;1
202000007549;154 728 963;7;0;1;6;4;1
202000007550;154 728 961;7;0;2;0;17;0
202000007550;154 728 962;1;0;2;8;1;0
202000007551;154 728 958;7;0;2;5;1;1
202000007551;154 728 960;1;0;2;1;19;5
202000007552;154 728 957;50;0;2;1;5;3
202000007552;154 728 959;7;0;2;8;1;1
202000007553;154 728 953;7;0;2;3;1;0
202000007553;154 728 955;7;0;2;1;26;0
202000007554;154 728 954;7;0;2;7;1;1
202000007554;154 728 956;2;0;2;8;1;3
202000007555;154 728 950;7;0;2;3;26;0
202000007555;154 728 952;60;0;2;1;0;5
202000007556;154 728 948;7;0;0;0;0;1
202000007556;154 728 949;7;0;2;8;0;1
202000007557;154 728 945;33;0;1;1;1;1
202000007558;154 728 946;7;0;2;5;2;1
202000007558;154 728 947;32;0;2;1;2;1
202000007559;154 728 943;7;0;2;1;1;1
202000007559;154 728 944;31;0;2;1;13;1
202000007560;154 728 938;7;0;2;1;1;1
202000007560;154 728 940;7;0;2;4;1;1
202000007561;154 728 939;7;0;2;4;2;1
202000007561;154 728 941;7;0;2;4;2;1
202000007561;154 728 942;10;0;2;1;2;1
202000007562;154 728 936;7;0;1;3;15;1
202000007563;154 728 934;14;0;0;7;15;1
202000007564;154 728 932;7;0;0;0;0;0
202000007564;154 728 933;41;0;0;8;13;1
202000007565;154 728 935;7;0;2;8;11;1
202000007565;154 728 937;33;0;2;2;1;1
202000007566;154 728 929;1;0;2;8;1;5
202000007566;154 728 931;7;0;2;0;0;1
202000007567;154 728 928;33;0;2;2;1;1
202000007567;154 728 930;7;0;2;3;11;2
202000007568;154 728 925;7;0;2;7;12;1
202000007568;154 728 926;33;0;2;8;3;1
202000007569;154 728 924;7;0;2;8;9;1
202000007569;154 728 927;7;0;2;1;1;1
202000007570;154 728 922;2;0;2;1;1;1
202000007570;154 728 923;7;0;2;4;1;1
202000007571;154 728 921;7;0;1;1;1;1
202000007572;154 728 919;7;0;2;7;17;1
202000007572;154 728 920;30;0;2;8;7;1
202000007573;154 728 917;1;0;2;8;2;5
202000007573;154 728 918;7;0;2;7;14;0
202000007574;154 728 915;32;0;2;0;18;1
202000007574;154 728 916;10;0;2;7;16;1
202000007575;154 728 914;7;0;1;1;1;2
202000007576;154 728 912;10;0;1;4;25;1
202000007577;154 728 911;10;0;2;3;9;1
202000007577;154 728 913;30;0;2;2;1;0
202000007578;154 728 909;0;0;0;0;0;0
202000007578;154 728 910;7;0;2;0;0;1
202000007579;154 728 908;30;0;1;1;1;1
202000007580;154 728 906;1;0;2;4;1;5
202000007580;154 728 907;7;0;2;1;0;0
202000007581;154 728 903;7;0;2;8;22;1
202000007581;154 728 905;1;0;2;1;1;5
202000007582;154 728 902;33;0;2;1;1;1
202000007582;154 728 904;7;0;2;8;15;1
202000007583;154 728 901;7;13;0;3;0;1
202000007584;154 728 899;30;0;1;1;26;1
202000007585;154 728 898;7;0;2;8;15;1
202000007585;154 728 900;33;0;2;1;17;1
202000007586;154 728 895;10;0;2;2;1;1
202000007586;154 728 897;7;0;2;3;15;1
202000007587;154 728 894;1;0;2;5;1;5
202000007587;154 728 896;7;0;2;5;1;1
202000007588;154 728 893;32;12;0;7;14;1
202000007589;154 728 892;7;0;1;1;16;1
202000007590;154 728 889;7;0;2;2;23;1
202000007590;154 728 890;32;0;2;2;18;1
202000007590;154 728 891;7;0;2;8;22;1
202000007591;154 728 887;7;0;2;0;2;0
202000007591;154 728 888;1;0;2;0;2;5
202000007592;154 728 886;30;0;0;0;1;0
202000007593;154 728 884;7;0;2;0;15;0
202000007593;154 728 885;30;0;2;8;1;1
202000007594;154 728 883;30;0;0;7;15;1
202000007595;154 728 880;1;0;2;1;1;5
202000007595;154 728 882;31;0;2;2;1;1
202000007596;154 728 879;7;0;2;2;22;1
202000007596;154 728 881;30;0;2;3;18;1
202000007597;154 728 876;7;0;2;1;16;1
202000007597;154 728 878;10;0;1;7;16;1
202000007598;154 728 875;7;0;2;8;16;1
202000007598;154 728 877;7;0;2;2;1;1
202000007599;154 728 872;50;0;2;1;1;3
202000007599;154 728 874;7;0;2;3;22;3
202000007600;154 728 871;50;0;2;3;18;3
202000007600;154 728 873;7;0;2;7;1;2
202000007601;154 728 869;1;0;2;8;15;5
202000007601;154 728 870;33;0;2;7;1;1
202000007602;154 728 865;50;0;2;1;13;3
202000007602;154 728 868;37;0;2;6;1;1
202000007603;154 728 866;31;0;2;7;2;1
202000007603;154 728 867;34;0;2;8;2;1
202000007604;154 728 863;30;0;2;1;18;1
202000007604;154 728 864;7;0;2;7;16;1
202000007605;154 728 862;1;8;0;3;1;5
202000007606;154 728 861;7;0;1;4;4;0
202000007607;154 728 860;1;0;1;2;1;5
202000007608;154 728 859;1;0;0;0;21;5
202000007609;154 728 858;7;0;1;1;15;1
202000007610;154 728 857;1;0;0;0;25;5
202000007611;154 728 854;10;0;2;2;1;1
202000007611;154 728 856;50;0;2;3;1;3
202000007612;154 728 853;30;0;2;0;1;3
202000007612;154 728 855;7;0;2;5;17;0
202000007613;154 728 851;7;0;2;7;19;1
202000007613;154 728 852;31;0;2;3;19;1
202000007614;154 728 848;7;0;2;4;23;1
202000007614;154 728 850;32;0;2;1;2;1
202000007615;154 728 847;7;0;2;7;15;1
202000007615;154 728 849;2;0;2;1;1;1
202000007616;154 728 844;7;0;2;2;10;1
202000007616;154 728 846;7;0;2;1;1;1
202000007617;154 728 843;33;0;2;1;2;1
202000007617;154 728 845;7;0;2;7;15;1
202000007618;154 728 842;33;0;1;7;1;0
202000007619;154 728 841;43;15;0;1;21;4
202000007620;154 728 837;2;9;0;1;1;1
202000007620;154 728 839;7;9;0;2;15;1
202000007621;154 728 835;7;0;2;1;1;1
202000007621;154 728 836;7;0;2;4;23;1
202000007621;154 728 838;7;0;2;4;23;1
202000007621;154 728 840;7;0;2;4;23;1
202000007622;154 728 833;30;11;0;1;1;1
202000007623;154 728 832;7;0;2;2;16;1
202000007623;154 728 834;7;0;2;2;18;1
202000007624;154 728 830;7;0;2;1;1;1
202000007624;154 728 831;7;0;2;3;1;1
202000007625;154 728 826;43;1;0;3;2;1
202000007625;154 728 827;7;0;2;5;23;1
202000007626;154 728 824;10;0;2;6;9;1
202000007626;154 728 825;10;0;2;3;13;1
202000007627;154 728 828;30;0;2;1;1;1
202000007627;154 728 829;7;0;2;2;15;1
202000007628;154 728 822;37;0;2;4;4;6
202000007628;154 728 823;10;0;2;1;2;1
202000007629;154 728 821;99;0;1;1;9;3
202000007630;154 728 820;32;0;1;0;0;1
202000007631;154 728 818;7;0;2;1;17;0
202000007631;154 728 819;7;0;2;3;9;0
202000007632;154 728 816;10;0;2;8;15;0
202000007632;154 728 817;2;0;2;1;1;0
202000007633;154 728 814;2;0;2;1;1;1
202000007633;154 728 815;7;0;2;7;15;1
202000007634;154 728 811;30;0;2;8;1;1
202000007634;154 728 813;7;0;2;1;15;1
202000007635;154 728 812;10;0;1;3;1;1
202000007636;154 728 809;37;0;1;2;1;1
202000007637;154 728 808;7;0;0;5;1;0
202000007637;154 728 810;2;0;2;1;18;1
202000007638;154 728 806;7;0;0;0;19;1
202000007638;154 728 807;33;0;0;2;21;1
202000007639;154 728 804;7;0;2;3;15;1
202000007639;154 728 805;32;0;2;2;1;1
202000007640;154 728 802;7;0;2;1;1;1
202000007640;154 728 803;33;0;2;1;5;1
202000007641;154 728 801;34;0;0;0;1;0
202000007642;154 728 800;7;12;0;2;14;0
202000007643;154 728 798;33;0;2;2;1;1
202000007643;154 728 799;7;0;2;3;16;1
202000007644;154 728 796;7;2;0;2;1;1
202000007645;154 728 795;7;0;2;5;23;1
202000007645;154 728 797;30;0;2;1;1;1
202000007646;154 728 793;7;0;2;3;1;1
202000007646;154 728 794;7;0;2;3;5;1
202000007647;154 728 792;7;0;1;1;1;1
202000007648;154 728 790;30;6;0;1;1;1
202000007648;154 728 791;7;0;0;0;13;0
202000007649;154 728 788;33;0;2;5;16;1
202000007649;154 728 789;7;0;0;6;1;1
202000007650;154 728 785;17;0;2;3;13;1
202000007650;154 728 786;7;0;2;3;1;1
202000007651;154 728 784;2;0;2;1;2;6
202000007651;154 728 787;7;0;2;2;16;6
202000007652;154 728 782;7;0;2;1;1;1
202000007652;154 728 783;7;0;2;1;13;1
202000007653;154 728 779;7;0;1;3;26;1
202000007654;154 728 777;2;0;0;4;1;1
202000007654;154 728 778;7;0;2;1;1;1
202000007655;154 728 780;1;0;2;4;23;5
202000007655;154 728 781;7;14;0;1;1;1
202000007656;154 728 776;33;0;6;1;19;1
202000007657;154 728 773;7;0;2;1;15;1
202000007657;154 728 774;1;0;2;8;14;5
202000007658;154 728 771;36;0;0;7;15;1
202000007659;154 728 772;7;0;2;8;15;1
202000007659;154 728 775;30;0;2;7;17;1
202000007660;154 728 767;7;0;2;3;1;1
202000007660;154 728 769;2;0;2;1;1;1
202000007661;154 728 766;1;12;0;7;1;5
202000007662;154 728 764;33;0;2;1;2;1
202000007662;154 728 765;33;0;0;8;2;1
202000007663;154 728 768;7;1;0;1;14;1
202000007663;154 728 770;2;0;0;4;24;1
202000007664;154 728 761;33;0;2;1;17;1
202000007664;154 728 762;7;0;2;8;10;1
202000007665;154 728 760;31;0;0;0;1;1
202000007666;154 728 759;33;0;2;1;1;1
202000007666;154 728 763;7;0;2;2;5;1
202000007667;154 728 758;7;15;0;9;1;1
202000007668;154 728 757;33;12;0;8;0;1
202000007669;154 728 755;2;16;0;4;2;1
202000007669;154 728 756;7;16;2;1;2;1
202000007670;154 728 751;7;0;2;2;5;1
202000007670;154 728 752;7;0;2;2;17;1
202000007670;154 728 753;7;3;0;5;21;1
202000007670;154 728 754;7;0;2;0;1;1
202000007671;154 728 750;7;8;0;2;1;1
202000007672;154 728 748;33;0;2;7;1;0
202000007672;154 728 749;7;0;2;3;1;0
202000007673;154 728 747;2;0;0;0;1;1
202000007674;154 728 745;7;0;0;8;15;1
202000007674;154 728 746;34;0;2;1;1;1
202000007675;154 728 744;7;17;0;9;0;1
202000007676;154 728 743;7;2;0;3;0;1
202000007677;154 728 742;10;2;0;1;1;1
202000007678;154 728 741;7;3;0;9;14;1
202000007679;154 728 739;33;13;0;1;1;1
202000007680;154 728 736;7;0;0;6;15;1
202000007680;154 728 737;33;0;2;1;2;1
202000007681;154 728 733;7;0;2;3;5;1
202000007681;154 728 735;7;0;2;3;1;1
202000007682;154 728 734;33;6;0;2;1;1
202000007683;154 728 731;7;16;0;1;1;1
202000007684;154 728 730;7;0;2;2;9;1
202000007684;154 728 732;1;0;2;3;1;5
202000007685;154 728 725;33;0;2;3;1;0
202000007685;154 728 728;15;0;0;8;9;0
202000007686;154 728 726;33;0;2;1;1;1
202000007686;154 728 727;7;0;2;1;15;1
202000007686;154 728 729;10;0;2;8;23;1
202000007687;154 728 723;7;0;2;3;9;1
202000007687;154 728 724;2;0;2;1;2;1
202000007688;154 728 722;31;6;0;1;1;1
202000007689;154 728 721;10;6;0;1;0;0
202000007690;154 728 720;36;0;0;0;0;1
202000007691;154 728 719;7;0;0;0;2;0
202000007692;154 728 718;3;17;0;2;1;0
202000007693;154 728 717;7;13;0;0;1;1
202000007694;154 728 716;7;0;0;9;1;1
202000007695;154 728 714;7;0;2;1;15;1
202000007695;154 728 715;7;0;2;3;1;1
202000007696;154 728 712;33;4;0;0;1;1
202000007697;154 728 711;33;0;2;1;2;1
202000007697;154 728 713;33;0;0;1;2;1
202000007698;154 728 707;30;0;2;1;1;1
202000007698;154 728 709;7;0;2;2;1;1
202000007699;154 728 708;7;0;0;6;15;1
202000007699;154 728 710;2;0;2;1;2;1
202000007700;154 728 704;7;0;0;6;2;1
202000007700;154 728 706;7;13;2;1;2;1
202000007701;154 728 705;33;12;0;1;1;1
202000007702;154 728 702;7;7;0;1;13;1
202000007703;154 728 700;7;0;2;3;15;1
202000007703;154 728 703;33;0;2;2;17;1
202000007704;154 728 697;7;3;0;1;19;1
202000007705;154 728 698;33;8;0;1;14;1
202000007706;154 728 696;7;13;0;3;13;1
202000007707;154 728 692;7;0;2;8;15;1
202000007707;154 728 695;33;0;2;1;17;1
202000007708;154 728 691;7;0;2;3;1;1
202000007708;154 728 693;7;16;0;0;1;1
202000007708;154 728 694;7;0;2;3;13;1
202000007709;154 728 688;33;0;2;8;1;1
202000007709;154 728 690;33;0;2;8;13;1
202000007710;154 728 687;7;0;4;2;13;1
202000007710;154 728 689;39;0;2;3;1;6
202000007711;154 728 686;7;2;0;1;13;1
202000007712;154 728 685;33;0;0;7;1;1
202000007713;154 728 683;7;13;0;3;1;1
202000007713;154 728 684;7;0;0;3;1;1
202000007714;154 728 681;7;3;2;3;1;1
202000007714;154 728 682;7;0;2;3;5;1
202000007715;154 728 680;33;16;0;7;1;1
202000007716;154 728 677;7;0;2;4;4;1
202000007716;154 728 679;1;0;2;1;2;5
202000007717;154 728 675;15;1;0;2;15;6
202000007718;154 728 676;33;0;2;1;2;1
202000007718;154 728 678;7;0;9;6;2;1
202000007719;154 728 668;16;0;0;0;11;0
202000007719;154 728 669;7;0;9;1;2;0
202000007719;154 728 670;7;0;0;0;1;0
202000007719;154 728 671;17;0;0;6;11;0
202000007719;154 728 672;7;0;2;1;2;0
202000007719;154 728 674;33;0;2;1;3;0
202000007720;154 728 673;33;14;0;1;0;0
202000007721;154 728 665;7;14;0;2;0;1
202000007722;154 728 662;7;0;2;6;15;1
202000007722;154 728 664;33;0;2;1;17;1
202000007723;154 728 660;7;0;2;4;2;1
202000007723;154 728 661;10;0;2;4;2;1
202000007723;154 728 663;7;0;2;4;2;1
202000007723;154 728 666;7;0;2;4;2;1
202000007723;154 728 667;7;0;2;1;2;1
202000007724;154 728 658;10;15;0;3;0;1
202000007725;154 728 657;7;0;2;8;15;0
202000007725;154 728 659;33;0;2;7;17;1
202000007726;154 728 656;7;0;0;0;0;1
202000007727;154 728 654;14;0;0;2;1;1
202000007728;154 728 655;7;13;0;1;1;1
202000007729;154 728 651;7;0;2;1;13;1
202000007729;154 728 653;10;0;2;1;1;1
202000007730;154 728 649;7;0;2;4;2;1
202000007730;154 728 650;7;14;2;4;2;1
202000007730;154 728 652;7;0;2;1;2;1
202000007731;154 728 647;7;13;2;3;13;1
202000007731;154 728 648;7;16;2;3;1;1
202000007732;154 728 646;;0;1;1;1;0
202000007733;154 728 642;7;0;2;3;15;0
202000007733;154 728 643;33;0;2;1;1;0
202000007734;154 728 641;7;0;2;1;19;1
202000007734;154 728 644;7;0;2;3;1;1
202000007735;154 728 638;32;0;2;1;2;1
202000007735;154 728 640;7;0;0;4;2;1
202000007736;154 728 637;7;0;2;2;12;1
202000007736;154 728 639;7;0;2;2;11;1
202000007737;154 728 635;33;0;2;3;1;1
202000007737;154 728 636;14;0;2;2;19;1
202000007738;154 728 633;7;0;0;9;14;1
202000007739;154 728 632;99;0;2;5;0;1
202000007739;154 728 634;7;0;2;2;13;1
202000007740;154 728 627;7;0;0;9;0;1
202000007741;154 728 625;7;0;2;1;9;1
202000007741;154 728 626;33;0;2;1;2;1
202000007742;154 728 623;7;0;2;1;1;1
202000007742;154 728 624;7;0;0;4;15;1
202000007743;154 728 622;7;0;1;2;1;0
202000007744;154 728 628;7;0;0;4;23;1
202000007744;154 728 629;7;0;0;1;23;1
202000007744;154 728 630;33;0;2;1;2;1
202000007744;154 728 631;7;0;0;1;23;1
202000007745;154 728 620;2;0;2;1;1;1
202000007745;154 728 621;7;0;2;1;1;1
202000007746;154 728 616;50;0;2;1;15;3
202000007746;154 728 619;10;0;2;2;1;1
202000007747;154 728 615;7;2;0;1;1;1
202000007748;154 728 614;7;15;0;1;1;1
202000007749;154 728 613;7;6;0;2;1;6
202000007750;154 728 611;7;0;0;3;2;1
202000007750;154 728 612;7;7;0;2;15;1
202000007751;154 728 610;33;12;0;1;1;1
202000007752;154 728 609;7;8;0;1;14;1
202000007753;154 728 607;33;0;2;1;1;1
202000007753;154 728 608;3;0;2;3;15;1
202000007754;154 728 617;7;0;2;3;1;1
202000007754;154 728 618;33;0;2;2;17;1
202000007755;154 728 606;7;2;0;3;9;1
202000007756;154 728 604;7;0;2;2;14;1
202000007756;154 728 605;1;0;0;3;1;5
202000007757;154 728 603;2;1;0;1;1;1
202000007758;154 728 601;10;0;0;3;0;1
202000007758;154 728 602;7;0;0;1;0;1
202000007759;154 728 599;33;1;0;1;1;0
202000007760;154 728 597;7;4;0;0;0;1
202000007761;154 728 595;7;0;0;3;13;6
202000007761;154 728 596;7;0;0;3;1;1
202000007762;154 728 594;7;4;0;6;15;1