Num_Acc;id_vehicule;categorie_vehicule;obstacle_fixe;obstacle_mobile;point_choc_initial;manoeuvre_principale;motorisation
202000007763;154 728 591;14;0;2;3;1;1
202000007763;154 728 593;33;0;2;1;3;1
202000007764;154 728 590;7;0;2;8;19;1
202000007764;154 728 592;33;0;2;1;17;1
202000007765;154 728 589;10;2;0;1;1;1
202000007766;154 728 587;2;0;2;7;1;1
202000007766;154 728 588;7;0;2;2;15;1
202000007767;154 728 585;7;0;2;4;1;1
202000007767;154 728 586;33;0;2;1;3;1
202000007768;154 728 581;7;0;2;6;1;0
202000007768;154 728 583;32;0;2;7;3;1
202000007769;154 728 579;17;1;0;3;1;1
202000007769;154 728 580;7;0;2;6;23;0
202000007770;154 728 575;33;0;2;1;9;6
202000007770;154 728 576;34;0;2;7;0;6
202000007770;154 728 578;7;0;2;7;9;6
202000007771;154 728 573;33;0;0;2;17;1
202000007771;154 728 574;7;0;0;8;10;0
202000007772;154 728 572;10;12;0;9;14;1
202000007773;154 728 569;7;0;1;3;15;1
202000007774;154 728 570;33;0;2;1;2;1
202000007774;154 728 571;7;0;0;4;1;1
202000007775;154 728 567;7;0;2;3;9;1
202000007775;154 728 568;32;0;2;1;21;1
202000007776;154 728 565;7;0;1;3;1;1
202000007777;154 728 564;31;12;0;1;1;6
202000007778;154 728 563;7;0;1;1;1;1
202000007779;154 728 561;7;0;2;6;2;1
202000007779;154 728 562;7;0;2;2;12;1
202000007780;154 728 560;7;9;0;1;14;1
202000007781;154 728 558;7;0;2;1;1;1
202000007781;154 728 559;15;0;2;4;1;1
202000007782;154 728 556;33;0;2;1;2;1
202000007782;154 728 557;7;0;2;8;2;1
202000007783;154 728 551;10;0;2;4;2;1
202000007783;154 728 552;10;0;2;4;2;1
202000007783;154 728 554;10;0;2;4;2;1
202000007783;154 728 555;7;0;2;1;2;1
202000007784;154 728 550;7;0;2;2;15;1
202000007784;154 728 553;31;0;2;1;1;1
202000007785;154 728 548;7;0;2;6;11;1
202000007785;154 728 549;33;0;2;2;3;1
202000007786;154 728 545;7;0;0;5;1;1
202000007786;154 728 547;30;0;2;1;1;1
202000007787;154 728 544;7;0;2;7;12;1
202000007787;154 728 546;32;0;2;3;3;1
202000007788;154 728 543;7;1;1;1;26;1
202000007789;154 728 541;7;0;2;4;2;1
202000007789;154 728 542;10;0;2;1;2;1
202000007790;154 728 539;7;0;2;3;15;0
202000007790;154 728 540;33;0;2;1;1;0
202000007791;154 728 537;7;0;2;4;2;1
202000007791;154 728 538;7;0;2;1;2;1
202000007792;154 728 536;7;9;1;1;1;1
202000007793;154 728 534;7;0;1;2;1;1
202000007794;154 728 535;33;0;0;0;1;1
202000007795;154 728 533;34;15;0;2;14;1
202000007796;154 728 530;7;0;2;2;15;1
202000007796;154 728 532;30;0;2;1;1;1
202000007797;154 728 529;0;0;1;4;4;0
202000007798;154 728 528;7;0;1;1;1;1
202000007799;154 728 527;7;16;0;0;1;1
202000007800;154 728 526;7;0;1;6;9;1
202000007801;154 728 525;7;15;0;1;13;1
202000007802;154 728 524;7;13;0;3;13;1
202000007803;154 728 522;10;0;2;3;15;1
202000007803;154 728 523;7;0;2;3;1;1
202000007804;154 728 520;7;0;2;8;15;1
202000007804;154 728 521;33;0;2;1;7;1
202000007805;154 728 517;7;8;0;1;1;1
202000007806;154 728 515;7;0;2;1;1;1
202000007806;154 728 516;1;0;2;7;19;5
202000007807;154 728 518;33;0;2;1;2;1
202000007807;154 728 519;1;0;2;4;15;0
202000007808;154 728 514;30;11;0;1;17;1
202000007809;154 728 513;7;1;0;3;1;0
202000007810;154 728 512;7;0;1;1;1;1
202000007811;154 728 510;10;0;0;9;26;1
202000007812;154 728 509;7;0;2;1;1;1
202000007812;154 728 511;1;0;2;1;5;0
202000007813;154 728 506;1;0;2;0;1;5
202000007813;154 728 508;7;0;2;0;9;1
202000007814;154 728 504;7;0;2;4;1;1
202000007814;154 728 505;7;0;2;1;1;1
202000007814;154 728 507;7;0;2;1;1;1
202000007815;154 728 503;34;0;1;1;1;1
202000007816;154 728 500;7;0;9;2;1;1
202000007816;154 728 502;50;0;2;1;1;3
202000007817;154 728 499;1;0;2;1;19;5
202000007817;154 728 501;7;0;2;2;1;1
202000007818;154 728 496;32;0;2;1;21;1
202000007818;154 728 497;32;0;2;4;1;1
202000007818;154 728 498;7;0;2;2;1;1
202000007819;154 728 494;10;8;0;1;14;1
202000007820;154 728 492;7;4;0;8;13;1
202000007821;154 728 491;7;0;2;2;15;1
202000007821;154 728 493;31;0;2;6;0;1
202000007822;154 728 490;32;11;0;3;21;1
202000007823;154 728 487;7;0;2;1;2;1
202000007823;154 728 488;7;0;2;3;2;1
202000007823;154 728 489;7;0;2;3;13;1
202000007824;154 728 486;7;6;0;1;1;1
202000007825;154 728 483;7;0;1;2;1;3
202000007826;154 728 481;7;0;0;0;0;1
202000007826;154 728 482;7;0;0;7;1;1
202000007826;154 728 484;7;0;0;5;0;1
202000007826;154 728 485;7;4;2;1;11;1
202000007827;154 728 479;7;0;1;8;1;1
202000007828;154 728 476;10;0;2;1;1;1
202000007828;154 728 477;7;0;2;2;15;1
202000007829;154 728 474;7;0;2;2;1;1
202000007829;154 728 475;7;0;2;5;1;1
202000007830;154 728 472;1;0;2;1;15;5
202000007830;154 728 473;1;0;2;1;1;5
202000007831;154 728 470;7;0;2;2;16;1
202000007831;154 728 471;33;0;2;3;18;1
202000007832;154 728 468;7;0;2;3;2;1
202000007832;154 728 469;2;0;2;1;13;1
202000007833;154 728 466;1;0;2;7;1;5
202000007833;154 728 467;32;0;2;7;17;1
202000007834;154 728 464;7;1;1;2;14;1
202000007835;154 728 461;7;0;2;2;15;1
202000007835;154 728 462;32;0;2;1;19;1
202000007835;154 728 463;30;0;2;1;19;1
202000007836;154 728 460;7;1;1;1;14;1
202000007837;154 728 458;7;0;2;2;15;1
202000007837;154 728 459;30;0;2;0;1;1
202000007838;154 728 457;32;0;0;7;21;1
202000007839;154 728 456;37;0;1;2;1;1
202000007840;154 728 455;7;1;0;6;14;1
202000007841;154 728 452;7;0;0;0;0;0
202000007841;154 728 453;7;0;2;5;1;1
202000007841;154 728 454;7;0;2;3;2;1
202000007842;154 728 465;7;0;1;3;1;1
202000007843;154 728 450;30;12;0;1;14;1
202000007844;154 728 448;7;0;2;6;9;0
202000007844;154 728 449;33;0;2;0;1;0
202000007845;154 728 447;7;0;1;1;1;1
202000007846;154 728 451;99;0;1;1;9;1
202000007847;154 728 445;7;0;2;1;13;1
202000007847;154 728 446;7;0;2;1;1;1
202000007848;154 728 442;7;0;1;0;1;1
202000007849;154 728 443;7;0;2;3;10;1
202000007849;154 728 444;34;0;2;7;2;1
202000007850;154 728 441;50;0;1;1;1;3
202000007851;154 728 440;7;0;1;3;1;1
202000007852;154 728 439;7;0;1;2;1;1
202000007853;154 728 438;7;0;1;1;1;0
202000007854;154 728 436;7;0;2;0;0;1
202000007854;154 728 437;10;0;2;0;0;1
202000007855;154 728 434;7;0;2;4;0;1
202000007855;154 728 435;7;0;2;0;0;1
202000007856;154 728 431;7;0;2;3;1;0
202000007856;154 728 432;14;0;2;1;1;0
202000007856;154 728 433;7;0;2;8;26;0
202000007857;154 728 429;7;0;1;;;
202000007858;154 728 428;7;0;2;7;0;1
202000007858;154 728 430;2;0;2;9;0;1
202000007859;154 728 424;1;0;2;1;3;5
202000007859;154 728 425;7;0;2;2;20;1
202000007860;154 728 422;32;0;0;0;0;1
202000007860;154 728 423;10;0;0;0;16;1
202000007861;154 728 421;13;0;0;3;21;1
202000007862;154 728 417;32;0;2;4;1;1
202000007862;154 728 418;7;0;2;3;15;1
202000007863;154 728 415;2;9;2;1;2;1
202000007863;154 728 416;2;0;2;6;13;1
202000007864;154 728 412;7;0;2;0;0;1
202000007864;154 728 413;7;0;2;3;1;1
202000007864;154 728 414;7;0;2;3;1;1
202000007865;154 728 411;37;9;0;2;14;0
202000007866;154 728 426;7;0;2;0;1;0
202000007866;154 728 427;13;0;0;0;0;0
202000007867;154 728 408;7;0;2;1;1;1
202000007867;154 728 409;7;0;2;1;9;1
202000007868;154 728 407;10;0;1;4;4;1
202000007869;154 728 405;7;0;2;1;15;0
202000007869;154 728 406;1;0;2;7;1;5
202000007870;154 728 403;7;0;2;2;19;1
202000007870;154 728 404;7;0;2;2;1;1
202000007871;154 728 402;1;0;0;1;26;5
202000007872;154 728 400;7;0;2;8;19;1
202000007872;154 728 410;7;0;2;1;19;1
202000007873;154 728 399;32;0;1;8;26;1
202000007874;154 728 398;7;0;1;7;23;1
202000007875;154 728 396;7;0;0;4;1;1
202000007875;154 728 397;7;0;0;1;12;1
202000007876;154 728 394;10;0;2;6;1;1
202000007876;154 728 395;7;0;2;2;17;1
202000007877;154 728 391;7;0;2;3;1;1
202000007877;154 728 392;7;0;2;4;12;1
202000007877;154 728 393;7;0;2;1;1;1
202000007878;154 728 390;2;0;1;1;0;1
202000007879;154 728 389;7;13;0;1;0;1
202000007880;154 728 387;7;0;0;8;10;1
202000007880;154 728 388;17;0;2;2;1;1
202000007881;154 728 385;7;0;2;3;15;1
202000007881;154 728 386;7;0;2;0;17;1
202000007882;154 728 383;7;0;2;1;13;1
202000007882;154 728 384;7;0;2;1;1;1
202000007883;154 728 381;31;0;2;1;1;1
202000007883;154 728 382;7;0;2;2;5;1
202000007884;154 728 380;7;13;0;1;14;1
202000007885;154 728 378;33;0;2;1;26;1
202000007885;154 728 379;7;0;0;6;19;1
202000007886;154 728 376;7;0;2;3;26;1
202000007886;154 728 377;33;1;0;3;13;1
202000007887;154 728 374;1;0;0;8;1;6
202000007887;154 728 375;36;0;9;4;17;1
202000007888;154 728 373;7;0;0;0;1;1
202000007889;154 728 372;33;0;0;8;1;1
202000007890;154 728 371;31;0;0;0;1;1
202000007891;154 728 370;7;2;0;3;1;1
202000007892;154 728 368;7;0;2;2;1;1
202000007892;154 728 369;7;0;2;3;19;1
202000007893;154 728 367;14;0;0;8;1;1
202000007894;154 728 366;7;0;0;0;1;1
202000007895;154 728 363;7;0;2;1;17;1
202000007895;154 728 364;1;0;9;4;2;5
202000007895;154 728 365;1;0;2;0;26;5
202000007896;154 728 360;7;0;2;1;2;1
202000007896;154 728 361;7;0;2;2;1;1
202000007896;154 728 362;7;0;2;4;26;1
202000007897;154 728 357;7;0;2;4;1;1
202000007897;154 728 358;7;0;2;1;1;1
202000007897;154 728 359;7;0;2;1;1;0
202000007898;154 728 352;7;0;2;4;2;0
202000007898;154 728 353;7;0;2;1;1;0
202000007898;154 728 354;7;0;2;1;2;0
202000007898;154 728 355;7;0;2;4;0;0
202000007898;154 728 356;10;0;2;4;0;0
202000007899;154 728 348;7;0;2;1;1;0
202000007899;154 728 349;10;0;2;4;2;0
202000007899;154 728 350;10;0;2;4;2;0
202000007899;154 728 351;10;0;2;4;2;0
202000007900;154 728 346;10;0;2;5;1;1
202000007900;154 728 347;33;0;2;1;3;1
202000007901;154 728 344;34;0;2;3;3;1
202000007901;154 728 345;10;0;2;5;1;1
202000007902;154 728 341;7;0;2;4;2;1
202000007902;154 728 342;33;0;2;8;3;1
202000007902;154 728 343;7;0;2;2;12;1
202000007903;154 728 340;33;8;0;1;1;1
202000007904;154 728 338;60;0;2;2;1;5
202000007904;154 728 339;99;0;2;1;16;1
202000007905;154 728 336;2;0;2;4;15;1
202000007905;154 728 337;7;0;2;3;15;1
202000007906;154 728 335;7;0;1;1;1;1
202000007907;154 728 334;7;0;1;2;1;1
202000007908;154 728 332;1;0;2;8;1;5
202000007908;154 728 333;31;0;2;1;1;1
202000007909;154 728 330;7;0;2;2;1;1
202000007909;154 728 331;31;0;2;1;16;1
202000007910;154 728 328;7;0;9;2;1;1
202000007910;154 728 329;50;0;2;1;1;3
202000007911;154 728 327;7;1;1;2;1;1
202000007912;154 728 326;1;0;0;0;1;5
202000007913;154 728 324;7;0;2;1;1;
202000007913;154 728 325;7;0;2;1;1;
202000007914;154 728 322;33;0;2;1;1;1
202000007914;154 728 323;7;0;2;2;12;1
202000007915;154 728 321;37;0;1;3;15;1
202000007916;154 728 320;10;0;1;1;1;3
202000007917;154 728 319;7;0;1;2;1;1
202000007918;154 728 316;7;1;0;1;26;1
202000007918;154 728 317;7;0;0;8;0;1
202000007918;154 728 318;7;0;0;6;0;1
202000007919;154 728 315;37;0;1;3;1;1
202000007920;154 728 313;7;0;2;1;1;1
202000007920;154 728 314;7;0;2;6;1;1
202000007921;154 728 311;1;0;2;1;1;5
202000007921;154 728 312;7;0;2;4;23;1
202000007922;154 728 310;7;;0;;;
202000007923;154 728 309;7;0;1;1;1;1
202000007924;154 728 307;7;0;2;4;1;1
202000007924;154 728 308;30;0;2;1;21;1
202000007925;154 728 306;33;0;0;7;1;1
202000007926;154 728 304;37;0;2;2;1;1
202000007926;154 728 305;7;0;2;4;24;1
202000007927;154 728 303;7;0;1;1;1;1
202000007928;154 728 302;7;0;1;1;1;1
202000007929;154 728 300;40;0;2;2;1;3
202000007929;154 728 301;7;0;4;3;15;1
202000007930;154 728 299;7;0;1;7;26;1
202000007931;154 728 297;99;0;2;0;11;0
202000007931;154 728 298;7;0;2;3;9;1
202000007932;154 728 296;7;0;1;1;1;1
202000007933;154 728 294;7;0;2;1;26;1
202000007933;154 728 295;7;0;2;4;26;1
202000007934;154 728 292;7;0;2;1;1;1
202000007934;154 728 293;7;0;2;8;0;1
202000007935;154 728 291;7;0;1;1;2;1
202000007936;154 728 289;7;0;2;2;0;1
202000007936;154 728 290;7;0;2;1;17;1
202000007937;154 728 288;7;1;0;9;1;0
202000007938;154 728 287;7;0;1;2;9;0
202000007939;154 728 285;1;0;2;1;13;5
202000007939;154 728 286;7;0;2;7;16;1
202000007940;154 728 282;7;0;2;1;1;1
202000007940;154 728 283;7;0;2;4;23;1
202000007940;154 728 284;7;0;2;4;23;1
202000007941;154 728 280;7;0;2;2;1;1
202000007941;154 728 281;7;0;2;3;9;1
202000007942;154 728 279;33;0;0;7;15;1
202000007943;154 728 276;7;0;2;2;15;1
202000007943;154 728 277;7;0;2;3;1;1
202000007943;154 728 278;7;0;2;3;1;1
202000007944;154 728 274;1;0;2;5;1;5
202000007944;154 728 275;7;0;2;1;1;1
202000007945;154 728 273;7;0;1;3;1;2
202000007946;154 728 272;10;0;1;8;1;1
202000007947;154 728 270;7;0;2;2;15;1
202000007947;154 728 271;30;0;2;2;1;1
202000007948;154 728 268;10;0;2;8;10;1
202000007948;154 728 269;2;0;2;2;1;1
202000007949;154 728 267;30;0;0;8;26;1
202000007950;154 728 266;7;0;1;7;16;1
202000007951;154 728 264;7;0;2;2;15;1
202000007951;154 728 265;7;0;2;3;26;1
202000007952;154 728 262;1;0;2;6;2;5
202000007952;154 728 263;7;0;2;6;22;1
202000007953;154 728 260;7;0;2;3;1;1
202000007953;154 728 261;2;0;2;1;1;1
202000007954;154 728 258;1;0;2;4;1;5
202000007954;154 728 259;7;0;9;1;1;1
202000007955;154 728 256;33;0;2;1;1;1
202000007955;154 728 257;7;0;2;3;15;1
202000007956;154 728 255;0;0;1;0;16;0
202000007957;154 728 253;14;0;2;1;1;1
202000007957;154 728 254;7;0;2;8;19;1
202000007958;154 728 251;10;0;2;3;15;1
202000007958;154 728 252;80;0;2;1;1;3
202000007959;154 728 246;1;0;2;1;1;5
202000007959;154 728 247;14;0;2;3;15;1
202000007960;154 728 244;7;0;2;2;1;1
202000007960;154 728 245;30;0;2;1;1;1
202000007961;154 728 243;10;0;1;2;1;1
202000007962;154 728 241;7;0;2;1;1;0
202000007962;154 728 242;7;0;2;4;1;1
202000007963;154 728 239;7;0;2;2;15;1
202000007963;154 728 240;33;0;2;3;2;1
202000007964;154 728 238;30;0;1;1;1;0
202000007965;154 728 236;30;0;2;1;1;1
202000007965;154 728 237;7;0;2;1;16;1
202000007966;154 728 235;7;15;1;2;9;0
202000007967;154 728 234;32;0;0;8;1;1
202000007968;154 728 232;60;0;2;1;0;5
202000007968;154 728 233;7;0;2;5;1;1
202000007969;154 728 231;32;0;0;0;26;0
202000007970;154 728 229;33;0;2;1;1;1
202000007970;154 728 230;7;0;2;3;15;1
202000007971;154 728 228;7;0;1;7;1;
202000007972;154 728 226;43;0;2;1;3;1
202000007972;154 728 227;7;0;2;3;11;0
202000007973;154 728 224;7;0;2;7;11;1
202000007973;154 728 225;32;0;2;7;3;1
202000007974;154 728 223;32;4;0;3;12;1
202000007975;154 728 221;32;0;2;1;1;1
202000007975;154 728 222;7;0;2;3;10;1
202000007976;154 728 219;33;0;2;7;23;1
202000007976;154 728 220;30;0;2;8;14;1
202000007977;154 728 218;30;1;0;1;14;3
202000007978;154 728 216;31;0;2;8;5;1
202000007978;154 728 217;1;0;2;0;1;5
202000007979;154 728 214;1;0;2;1;1;5
202000007979;154 728 215;7;0;2;2;22;1
202000007980;154 728 213;30;0;1;1;1;3
202000007981;154 728 212;31;0;1;1;1;0
202000007982;154 728 210;32;0;2;1;1;1
202000007982;154 728 211;7;0;2;2;15;1
202000007983;154 728 208;7;0;2;5;10;1
202000007983;154 728 209;33;0;2;1;1;1
202000007984;154 728 206;1;0;2;1;1;5
202000007984;154 728 207;7;0;2;5;17;1
202000007985;154 728 204;33;0;2;1;23;1
202000007985;154 728 205;10;0;2;7;16;1
202000007986;154 728 202;7;0;2;3;22;1
202000007986;154 728 203;1;0;2;1;1;5
202000007987;154 728 201;1;12;0;0;14;5
202000007988;154 728 199;30;0;2;7;1;1
202000007988;154 728 200;7;0;2;3;13;1
202000007989;154 728 197;7;0;2;2;15;1
202000007989;154 728 198;1;0;2;1;1;5
202000007990;154 728 195;30;0;2;7;17;1
202000007990;154 728 196;7;0;2;8;15;1
202000007991;154 728 193;1;0;2;0;1;5
202000007991;154 728 194;7;0;2;1;1;1
202000007992;154 728 191;7;0;2;2;16;1
202000007992;154 728 192;1;0;2;1;7;5
202000007993;154 728 190;10;0;1;2;20;1
202000007994;154 728 188;1;0;2;7;9;5
202000007994;154 728 189;1;0;2;8;1;5
202000007995;154 728 187;32;0;0;0;1;1
202000007996;154 728 186;1;15;0;8;21;5
202000007997;154 728 185;7;0;1;1;26;1
202000007998;154 728 184;7;0;1;1;1;1
202000007999;154 728 182;7;0;2;3;16;1
202000007999;154 728 183;60;0;2;1;5;5
202000008000;154 728 181;99;0;1;1;26;3
202000008001;154 728 180;7;1;1;4;20;1
202000008002;154 728 179;10;0;1;1;1;3
202000008003;154 728 177;30;0;0;0;15;0
202000008003;154 728 178;10;0;0;3;0;1
202000008004;154 728 176;7;0;1;4;4;2
202000008005;154 728 174;7;0;2;3;19;1
202000008005;154 728 175;34;0;2;2;17;1
202000008006;154 728 172;10;0;2;1;1;1
202000008006;154 728 173;7;0;2;8;1;1
202000008007;154 728 171;33;0;0;8;1;1
202000008008;154 728 168;7;1;2;3;10;0
202000008008;154 728 169;34;1;0;2;1;0
202000008008;154 728 170;30;1;2;3;1;0
202000008009;154 728 166;34;0;2;2;1;1
202000008009;154 728 167;7;0;2;6;15;1
202000008010;154 728 164;10;0;2;1;16;1
202000008010;154 728 165;7;0;2;3;1;1
202000008011;154 728 163;1;0;1;1;1;5
202000008012;154 728 162;32;0;1;1;1;1
202000008013;154 728 160;30;0;2;1;1;1
202000008013;154 728 161;3;0;2;3;9;1
202000008014;154 728 159;15;0;0;0;14;1
202000008015;154 728 157;7;0;2;1;1;1
202000008015;154 728 158;7;0;2;4;16;1
202000008016;154 728 155;31;0;2;1;2;1
202000008016;154 728 156;7;0;2;4;2;1
202000008017;154 728 153;7;0;2;3;1;1
202000008017;154 728 154;7;0;2;2;1;1
202000008018;154 728 151;2;0;2;1;1;1
202000008018;154 728 152;7;0;2;3;11;1
202000008019;154 728 150;7;13;0;3;19;1
202000008020;154 728 148;7;0;2;2;9;1
202000008020;154 728 149;7;0;2;3;11;1
202000008021;154 728 145;17;0;2;8;1;1
202000008021;154 728 146;3;0;9;1;17;1
202000008021;154 728 147;21;0;2;8;1;1
202000008022;154 728 143;3;0;2;1;26;1
202000008022;154 728 144;7;13;2;9;17;1
202000008023;154 728 141;7;0;2;2;2;1
202000008023;154 728 142;2;3;2;6;2;1
202000008024;154 728 140;7;2;0;1;14;1
202000008025;154 728 139;7;6;0;1;1;1
202000008026;154 728 138;7;11;0;1;1;1
202000008027;154 728 136;7;0;0;8;19;1
202000008027;154 728 137;7;0;2;1;1;1
202000008028;154 728 134;7;0;2;1;2;1
202000008028;154 728 135;7;0;0;4;1;1
202000008029;154 728 132;7;2;2;1;1;1
202000008029;154 728 133;7;2;2;1;5;1
202000008030;154 728 131;1;0;0;6;1;5
202000008031;154 728 128;14;0;2;8;1;1
202000008031;154 728 129;7;0;2;3;1;1
202000008031;154 728 130;7;0;2;3;13;1
202000008032;154 728 126;7;0;2;1;2;1
202000008032;154 728 127;7;0;0;4;15;1
202000008033;154 728 124;7;0;2;1;17;1
202000008033;154 728 125;7;0;2;1;1;1
202000008034;154 728 122;30;0;2;1;1;1
202000008034;154 728 123;7;0;2;1;1;0
202000008035;154 728 121;1;0;0;9;0;5
202000008036;154 728 120;31;0;0;0;21;0
202000008037;154 728 118;2;0;2;3;13;1
202000008037;154 728 119;7;0;2;8;1;1
202000008038;154 728 116;7;0;2;2;21;1
202000008038;154 728 117;7;8;0;8;17;1
202000008039;154 728 114;10;0;2;3;1;1
202000008039;154 728 115;3;0;2;3;1;1
202000008040;154 728 110;7;0;2;1;1;1
202000008040;154 728 111;7;10;2;7;19;1
202000008041;154 728 108;7;0;2;1;19;1
202000008041;154 728 109;7;0;2;2;21;1
202000008042;154 728 106;7;0;2;1;13;1
202000008042;154 728 107;7;0;2;1;1;1
202000008043;154 728 102;80;0;2;5;1;3
202000008043;154 728 103;7;0;2;4;9;0
202000008044;154 728 101;7;6;0;1;1;1
202000008045;154 728 100;33;0;0;7;1;1
202000008046;154 728 098;7;0;2;5;2;1
202000008046;154 728 099;7;0;2;1;2;1
202000008047;154 728 097;7;0;1;1;1;1
202000008048;154 728 095;7;6;0;8;15;1
202000008048;154 728 096;7;0;2;3;1;1
202000008049;154 728 093;2;0;2;3;11;1
202000008049;154 728 094;7;0;0;5;1;1
202000008050;154 728 092;7;6;0;2;2;1
202000008051;154 728 091;7;0;1;2;1;0
202000008052;154 728 090;7;12;0;0;1;1
202000008053;154 728 089;7;0;1;2;1;0
202000008054;154 728 085;15;0;0;4;2;1
202000008054;154 728 086;15;0;2;4;2;1
202000008054;154 728 087;15;0;2;4;2;1
202000008054;154 728 088;15;0;2;1;2;1
202000008055;154 728 084;33;0;0;2;1;1
202000008056;154 728 082;33;0;2;3;13;1
202000008056;154 728 083;7;0;2;3;1;1
202000008057;154 728 081;7;0;1;0;0;0
202000008058;154 728 079;10;0;2;6;1;1
202000008058;154 728 080;33;0;2;2;1;1
202000008059;154 728 077;7;0;9;8;1;1
202000008059;154 728 078;1;0;2;1;1;5
202000008060;154 728 076;7;13;0;3;0;0
202000008061;154 728 074;33;0;2;3;1;1
202000008061;154 728 075;7;0;2;2;16;1
202000008062;154 728 072;7;0;2;7;15;1
202000008062;154 728 073;7;0;2;1;1;1
202000008063;154 728 070;10;0;2;2;15;1
202000008063;154 728 071;33;0;2;1;1;1
202000008064;154 728 068;2;0;0;5;2;1
202000008064;154 728 069;7;0;2;1;2;0
202000008065;154 728 066;7;0;2;3;15;1
202000008065;154 728 067;1;0;2;1;1;5
202000008066;154 728 065;7;0;1;1;0;1
202000008067;154 728 061;7;0;1;2;15;1
202000008068;154 728 060;37;0;1;2;26;1
202000008069;154 728 058;7;0;0;2;11;1
202000008069;154 728 059;7;0;0;1;1;1
202000008070;154 728 056;7;0;2;1;17;1
202000008070;154 728 057;7;0;2;1;1;1
202000008071;154 728 055;7;13;0;9;0;1
202000008072;154 728 052;7;0;2;1;2;1
202000008072;154 728 053;7;0;2;5;23;1
202000008072;154 728 054;7;0;2;4;23;1
202000008073;154 728 051;33;0;0;8;21;1
202000008074;154 728 050;32;16;0;7;3;1
202000008075;154 728 048;7;0;2;1;2;1
202000008075;154 728 049;7;0;2;4;2;1
202000008076;154 728 047;7;3;0;9;2;1
202000008077;154 728 045;10;0;2;5;23;1
202000008077;154 728 046;33;1;0;1;2;1
202000008078;154 728 043;7;4;2;5;23;1
202000008078;154 728 044;31;3;2;3;3;1
202000008079;154 728 042;7;12;0;1;9;1
202000008080;154 728 040;7;0;0;4;1;1
202000008080;154 728 041;33;0;2;1;1;1
202000008081;154 728 038;33;0;2;1;14;1
202000008081;154 728 039;7;0;0;6;1;1
202000008082;154 728 037;32;0;2;3;1;1
202000008083;154 728 035;10;0;2;5;1;1
202000008083;154 728 036;7;0;2;1;1;1
202000008084;154 728 033;7;0;2;6;23;1
202000008084;154 728 034;33;1;0;1;3;1
202000008085;154 728 029;7;0;2;1;1;1
202000008085;154 728 030;7;0;2;6;1;1
202000008085;154 728 031;7;0;2;6;1;1
202000008085;154 728 032;7;0;2;4;1;1
202000008086;154 728 027;32;0;2;1;3;1
202000008086;154 728 028;14;0;2;6;1;1
202000008087;154 728 025;7;0;2;1;2;1
202000008087;154 728 026;7;0;2;4;2;1
202000008088;154 728 024;33;0;1;1;21;1
202000008089;154 728 023;35;9;0;0;0;0
202000008090;154 728 020;7;0;2;2;1;1
202000008090;154 728 021;7;0;2;4;0;0
202000008090;154 728 022;7;0;2;4;1;1
202000008091;154 728 019;7;2;0;3;1;1
202000008092;154 728 017;7;0;2;3;1;0
202000008092;154 728 018;33;0;2;3;13;0
202000008093;154 728 015;7;12;2;3;1;1
202000008093;154 728 016;7;0;2;3;13;1
202000008094;154 728 013;7;0;2;1;1;0
202000008094;154 728 014;32;0;2;3;1;0
202000008095;154 728 012;43;3;0;7;14;6
202000008096;154 728 010;7;0;2;4;2;1
202000008096;154 728 011;7;0;2;2;2;1
202000008097;154 728 008;15;0;2;7;12;1
202000008097;154 728 009;20;0;2;8;1;1
202000008098;154 728 007;7;0;1;3;1;1
202000008099;154 728 006;33;0;0;0;1;1
202000008100;154 728 005;10;4;5;3;13;1
202000008101;154 728 001;7;0;2;4;2;1
202000008101;154 728 002;7;0;2;4;2;1
202000008101;154 728 003;7;0;2;4;2;1
202000008101;154 728 004;7;0;2;1;2;1
202000008102;154 728 000;7;4;0;1;14;1
202000008103;154 727 997;7;0;2;3;2;1
202000008103;154 727 998;34;0;2;4;0;1
202000008103;154 727 999;7;0;2;4;2;1
202000008104;154 727 996;7;4;0;1;13;1
202000008105;154 727 994;10;0;2;4;2;1
202000008105;154 727 995;7;0;2;1;2;1
202000008106;154 727 992;7;4;2;1;19;1
202000008106;154 727 993;7;0;2;3;1;1
202000008107;154 727 990;7;0;2;6;1;1
202000008107;154 727 991;15;0;2;2;12;1
202000008108;154 727 986;33;8;0;1;1;1
202000008109;154 727 985;33;13;0;9;1;1
202000008110;154 727 978;7;0;2;8;15;1
202000008110;154 727 979;7;0;2;1;1;1
202000008111;154 727 976;1;0;2;1;19;5
202000008111;154 727 977;10;0;2;8;2;1
202000008112;154 727 975;7;0;1;2;1;1
202000008113;154 727 973;2;0;2;1;1;1
202000008113;154 727 974;7;0;2;8;15;1
202000008114;154 727 971;7;0;2;1;1;1
202000008114;154 727 972;7;0;2;8;9;1
202000008115;154 727 969;99;0;2;1;1;5
202000008115;154 727 970;7;0;9;5;15;1
202000008116;154 727 967;7;0;2;1;2;1
202000008116;154 727 968;7;0;2;4;2;1
202000008117;154 727 966;37;0;1;5;1;1
202000008118;154 727 964;17;0;2;3;1;1
202000008118;154 727 965;7;0;2;3;13;1