Num_Acc;id_vehicule;categorie_vehicule;obstacle_fixe;obstacle_mobile;point_choc_initial;manoeuvre_principale;motorisation
202000008119;154 727 962;7;0;2;4;2;1
202000008119;154 727 963;10;0;2;1;2;1
202000008120;154 727 960;7;0;2;4;2;1
202000008120;154 727 961;7;0;2;1;2;1
202000008121;154 727 957;7;0;2;7;21;1
202000008121;154 727 958;7;0;2;4;1;1
202000008121;154 727 959;30;0;2;1;2;1
202000008122;154 727 955;1;0;2;3;1;5
202000008122;154 727 956;7;0;2;3;15;1
202000008123;154 727 953;10;0;2;3;9;1
202000008123;154 727 954;2;0;2;7;15;1
202000008124;154 727 952;10;0;1;3;1;1
202000008125;154 727 950;30;0;2;1;7;1
202000008125;154 727 951;7;0;2;7;16;1
202000008126;154 727 948;7;0;2;2;1;0
202000008126;154 727 949;32;0;2;0;1;0
202000008127;154 727 946;1;0;2;1;26;5
202000008127;154 727 947;7;0;9;5;15;1
202000008128;154 727 944;7;0;2;7;15;1
202000008128;154 727 945;7;0;2;1;1;1
202000008129;154 727 942;10;0;2;6;2;1
202000008129;154 727 943;7;1;0;1;2;1
202000008130;154 727 940;1;0;2;4;1;5
202000008130;154 727 941;7;0;2;3;9;1
202000008131;154 727 938;1;0;2;1;1;5
202000008131;154 727 939;7;0;2;3;9;1
202000008132;154 727 937;2;0;0;7;14;1
202000008133;154 727 935;7;0;0;0;9;1
202000008133;154 727 936;33;0;2;0;1;1
202000008134;154 727 934;7;2;0;9;13;1
202000008135;154 727 932;7;2;2;1;1;1
202000008135;154 727 933;7;0;2;1;13;1
202000008136;154 727 930;7;1;0;2;9;1
202000008136;154 727 931;7;0;2;6;23;1
202000008137;154 727 928;2;0;2;4;2;1
202000008137;154 727 929;32;0;2;1;17;1
202000008138;154 727 927;7;9;0;3;26;1
202000008139;154 727 925;7;0;2;1;1;1
202000008139;154 727 926;3;0;2;7;19;1
202000008140;154 727 924;50;15;0;1;1;3
202000008141;154 727 923;7;16;0;8;1;1
202000008142;154 727 921;7;0;2;3;26;1
202000008142;154 727 922;7;0;2;2;1;1
202000008143;154 727 919;7;0;;1;1;
202000008143;154 727 920;33;0;;1;1;
202000008144;154 727 918;7;0;1;1;2;0
202000008145;154 727 917;7;4;0;2;1;1
202000008146;154 727 915;10;0;2;3;1;1
202000008146;154 727 916;7;0;2;2;1;1
202000008147;154 727 913;7;0;2;4;1;1
202000008147;154 727 914;7;0;2;1;1;1
202000008148;154 727 912;1;0;1;2;2;5
202000008149;154 727 911;33;0;1;2;1;1
202000008150;154 727 910;7;1;1;2;14;1
202000008151;154 727 908;80;0;2;1;1;3
202000008151;154 727 909;7;0;2;8;15;1
202000008152;154 727 907;10;0;1;1;1;1
202000008153;154 727 905;7;0;2;1;0;1
202000008153;154 727 906;2;0;2;7;0;1
202000008154;154 727 903;32;0;0;0;0;1
202000008154;154 727 904;7;0;2;2;15;1
202000008155;154 727 901;7;0;2;1;2;0
202000008155;154 727 902;7;0;2;6;2;0
202000008156;154 727 899;7;0;2;4;23;1
202000008156;154 727 900;7;0;2;1;2;1
202000008157;154 727 897;34;0;2;1;1;1
202000008157;154 727 898;7;0;2;8;9;1
202000008158;154 727 895;7;0;2;2;1;1
202000008158;154 727 896;1;0;2;8;9;5
202000008159;154 727 893;7;0;2;4;2;1
202000008159;154 727 894;2;0;2;1;2;1
202000008160;154 727 892;7;0;1;3;15;1
202000008161;154 727 891;10;0;1;1;15;1
202000008162;154 727 889;2;0;2;4;23;1
202000008162;154 727 890;7;0;2;1;1;1
202000008163;154 727 887;1;0;2;1;1;5
202000008163;154 727 888;7;0;2;2;16;1
202000008164;154 727 885;32;0;2;1;3;1
202000008164;154 727 886;7;0;2;1;5;1
202000008165;154 727 883;43;0;2;1;1;1
202000008165;154 727 884;30;0;2;4;23;1
202000008166;154 727 881;32;0;2;7;1;1
202000008166;154 727 882;7;0;2;8;11;1
202000008167;154 727 879;32;0;2;1;1;1
202000008167;154 727 880;7;0;2;3;1;1
202000008168;154 727 877;7;0;2;3;1;1
202000008168;154 727 878;50;0;2;1;1;3
202000008169;154 727 876;1;0;1;1;5;5
202000008170;154 727 874;7;0;2;8;10;1
202000008170;154 727 875;32;0;2;2;1;1
202000008171;154 727 873;1;0;0;0;1;5
202000008172;154 727 872;1;0;0;0;1;5
202000008173;154 727 870;7;0;2;4;23;1
202000008173;154 727 871;30;0;2;1;1;1
202000008174;154 727 868;7;0;2;1;26;1
202000008174;154 727 869;3;0;2;2;1;1
202000008175;154 727 866;7;0;2;6;2;1
202000008175;154 727 867;33;14;0;1;2;1
202000008176;154 727 864;30;0;2;2;15;1
202000008176;154 727 865;7;0;2;3;9;1
202000008177;154 727 863;7;14;1;2;16;1
202000008178;154 727 861;7;0;2;1;13;1
202000008178;154 727 862;7;0;2;7;16;1
202000008179;154 727 859;1;0;2;1;25;6
202000008179;154 727 860;7;0;2;3;9;1
202000008180;154 727 857;14;1;0;7;12;0
202000008180;154 727 858;34;1;2;8;3;1
202000008181;154 727 855;50;15;0;2;1;3
202000008181;154 727 856;7;15;2;2;9;1
202000008182;154 727 853;99;0;2;1;2;6
202000008182;154 727 854;33;0;2;4;2;6
202000008183;154 727 851;99;0;2;1;19;1
202000008183;154 727 852;7;0;2;8;1;1
202000008184;154 727 849;50;0;2;1;9;3
202000008184;154 727 850;3;0;9;3;9;1
202000008185;154 727 847;7;0;2;2;1;1
202000008185;154 727 848;7;0;2;1;26;1
202000008186;154 727 846;7;2;0;2;14;1
202000008187;154 727 843;7;0;0;1;1;1
202000008187;154 727 844;7;3;0;8;1;1
202000008187;154 727 845;7;0;2;3;19;1
202000008188;154 727 842;7;0;1;2;1;1
202000008189;154 727 840;7;0;2;3;1;1
202000008189;154 727 841;1;0;2;5;1;5
202000008190;154 727 838;7;0;2;1;13;1
202000008190;154 727 839;7;0;2;1;1;1
202000008191;154 727 837;33;0;0;1;1;1
202000008192;154 727 835;7;0;0;4;1;1
202000008192;154 727 836;31;0;2;1;2;1
202000008193;154 727 834;7;13;0;3;1;1
202000008194;154 727 833;7;17;0;1;12;1
202000008195;154 727 832;33;3;0;7;1;1
202000008196;154 727 831;7;4;0;3;13;1
202000008197;154 727 828;7;0;2;1;1;0
202000008197;154 727 829;7;0;2;3;15;1
202000008198;154 727 827;7;13;0;1;1;1
202000008199;154 727 825;7;0;2;1;1;1
202000008199;154 727 826;7;8;0;2;1;1
202000008200;154 727 823;7;0;2;5;12;1
202000008200;154 727 824;10;0;2;3;1;1
202000008201;154 727 822;33;7;0;1;1;0
202000008202;154 727 820;7;0;2;2;1;1
202000008202;154 727 821;33;0;2;4;9;1
202000008203;154 727 818;7;0;2;3;17;0
202000008203;154 727 819;33;0;2;9;17;0
202000008204;154 727 816;33;0;2;3;1;1
202000008204;154 727 817;10;0;0;2;19;0
202000008205;154 727 810;7;0;2;1;3;1
202000008205;154 727 811;7;0;2;7;17;1
202000008205;154 727 812;7;0;2;6;1;1
202000008205;154 727 813;7;1;2;4;1;1
202000008206;154 727 809;10;3;0;1;0;1
202000008207;154 727 807;7;3;2;5;17;1
202000008207;154 727 808;7;3;2;3;13;1
202000008208;154 727 806;7;13;0;0;1;1
202000008209;154 727 805;7;16;0;3;1;1
202000008210;154 727 803;7;0;0;3;15;1
202000008210;154 727 804;33;0;0;8;21;1
202000008211;154 727 801;7;0;2;2;21;0
202000008211;154 727 802;1;0;2;3;2;5
202000008212;154 727 800;2;0;0;1;0;1
202000008213;154 727 799;7;13;0;3;2;1
202000008214;154 727 798;7;13;0;1;1;1
202000008215;154 727 796;33;0;2;1;1;1
202000008215;154 727 797;7;0;2;4;1;1
202000008216;154 727 794;2;0;2;1;2;1
202000008216;154 727 795;7;0;2;5;15;1
202000008217;154 727 792;99;0;0;0;10;6
202000008218;154 727 791;7;0;0;1;0;1
202000008219;154 727 789;33;0;2;1;17;1
202000008219;154 727 790;7;0;2;1;1;1
202000008220;154 727 788;7;2;0;3;1;0
202000008221;154 727 786;33;0;0;4;23;0
202000008221;154 727 787;7;0;2;1;1;0
202000008222;154 727 782;7;0;2;1;1;1
202000008222;154 727 783;1;0;2;2;1;5
202000008222;154 727 784;7;0;9;4;1;1
202000008222;154 727 785;7;0;0;2;1;1
202000008223;154 727 780;14;0;2;8;1;1
202000008223;154 727 781;33;13;2;3;17;1
202000008224;154 727 778;10;0;2;1;1;1
202000008224;154 727 779;7;0;2;1;13;1
202000008225;154 727 776;32;0;2;1;17;1
202000008225;154 727 777;7;0;2;3;19;1
202000008226;154 727 775;7;0;1;2;1;1
202000008227;154 727 773;10;0;0;4;1;1
202000008227;154 727 774;7;0;2;1;1;1
202000008228;154 727 772;7;15;0;2;14;1
202000008229;154 727 770;7;0;2;1;19;1
202000008229;154 727 771;7;0;2;5;1;1
202000008230;154 727 769;10;0;0;9;1;0
202000008231;154 727 768;7;4;0;1;1;1
202000008232;154 727 766;7;0;2;2;19;1
202000008232;154 727 767;1;0;2;2;1;5
202000008233;154 727 764;7;0;2;1;1;1
202000008233;154 727 765;60;0;2;8;19;5
202000008234;154 727 762;21;0;2;6;1;1
202000008234;154 727 763;33;0;2;3;1;1
202000008235;154 727 760;7;0;2;8;15;1
202000008235;154 727 761;14;0;2;1;1;1
202000008236;154 727 759;1;0;0;1;0;5
202000008237;154 727 758;7;0;1;3;1;1
202000008238;154 727 756;7;0;2;6;2;1
202000008238;154 727 757;10;0;2;2;2;1
202000008239;154 727 755;7;0;1;1;1;0
202000008240;154 727 753;7;0;2;8;9;1
202000008240;154 727 754;30;0;2;7;1;1
202000008241;154 727 750;7;0;0;1;15;1
202000008241;154 727 751;1;0;2;1;1;5
202000008241;154 727 752;1;0;2;1;1;5
202000008242;154 727 748;7;0;1;4;24;1
202000008242;154 727 749;7;1;2;1;26;1
202000008243;154 727 745;7;0;2;3;13;1
202000008243;154 727 746;7;0;2;1;1;1
202000008244;154 727 742;2;0;0;3;0;1
202000008245;154 727 741;33;0;0;0;2;1
202000008246;154 727 739;31;0;2;3;1;1
202000008246;154 727 740;7;0;2;3;1;1
202000008247;154 727 738;33;0;0;7;1;0
202000008248;154 727 737;33;0;0;0;21;1
202000008249;154 727 736;7;2;0;1;14;1
202000008250;154 727 734;1;12;2;1;1;5
202000008250;154 727 735;10;0;2;3;17;1
202000008251;154 727 732;7;0;2;1;1;1
202000008251;154 727 733;7;0;2;7;19;1
202000008252;154 727 731;7;2;0;1;0;1
202000008253;154 727 729;1;0;0;6;2;5
202000008253;154 727 730;7;0;9;2;1;0
202000008254;154 727 728;33;11;0;7;1;1
202000008255;154 727 726;7;0;0;7;15;1
202000008255;154 727 727;33;0;2;1;1;1
202000008256;154 727 725;2;1;0;1;14;1
202000008257;154 727 724;7;6;1;2;26;1
202000008258;154 727 723;7;15;0;9;1;1
202000008259;154 727 721;7;0;2;3;15;0
202000008259;154 727 722;7;8;2;2;17;0
202000008260;154 727 719;2;0;0;1;5;1
202000008260;154 727 720;7;0;0;3;1;1
202000008261;154 727 717;7;0;0;6;1;0
202000008261;154 727 718;7;0;2;1;1;0
202000008262;154 727 715;33;0;2;1;1;0
202000008262;154 727 716;7;0;2;1;1;0
202000008263;154 727 714;7;2;0;1;13;1
202000008264;154 727 712;7;0;2;3;15;1
202000008264;154 727 713;15;0;2;1;1;1
202000008265;154 727 711;7;13;0;1;1;1
202000008266;154 727 710;15;3;0;1;1;1
202000008267;154 727 709;7;0;1;7;16;6
202000008268;154 727 706;7;17;0;1;12;1
202000008269;154 727 704;7;0;2;2;19;1
202000008269;154 727 705;33;0;0;8;1;0
202000008270;154 727 703;7;0;1;1;1;1
202000008271;154 727 701;31;0;2;1;13;1
202000008271;154 727 702;3;0;2;3;1;1
202000008272;154 727 699;7;0;0;8;0;1
202000008272;154 727 700;14;1;0;2;1;1
202000008273;154 727 697;14;0;2;5;15;1
202000008273;154 727 698;1;0;2;2;1;5
202000008274;154 727 696;10;13;0;3;0;1
202000008275;154 727 694;15;0;0;4;2;1
202000008275;154 727 695;7;0;2;4;2;1
202000008276;154 727 691;15;0;0;6;2;1
202000008276;154 727 692;7;0;2;1;2;1
202000008276;154 727 693;7;0;2;1;2;1
202000008277;154 727 690;15;0;1;1;1;6
202000008278;154 727 688;32;0;2;1;1;1
202000008278;154 727 689;7;0;2;3;9;1
202000008279;154 727 687;2;0;0;8;1;1
202000008280;154 727 685;7;0;2;3;9;1
202000008280;154 727 686;33;0;0;5;2;1
202000008281;154 727 684;7;0;1;2;0;1
202000008282;154 727 682;7;0;2;1;2;1
202000008282;154 727 683;7;0;2;4;2;1
202000008283;154 727 681;14;0;1;0;26;0
202000008284;154 727 680;2;1;0;1;1;1
202000008285;154 727 678;1;0;2;8;0;5
202000008285;154 727 679;32;0;9;1;0;1
202000008286;154 727 677;30;0;0;0;1;1
202000008287;154 727 676;30;0;1;1;1;1
202000008288;154 727 674;1;0;2;1;26;5
202000008288;154 727 675;7;0;2;3;0;1
202000008289;154 727 672;2;1;2;1;1;1
202000008289;154 727 673;7;0;2;1;1;0
202000008290;154 727 670;7;0;9;8;15;1
202000008290;154 727 671;50;0;2;1;1;3
202000008291;154 727 668;7;6;0;1;9;0
202000008291;154 727 669;7;0;2;1;0;0
202000008292;154 727 666;1;0;2;6;19;5
202000008292;154 727 667;7;0;9;2;1;1
202000008293;154 727 665;36;12;0;1;15;1
202000008294;154 727 662;7;0;2;1;13;1
202000008294;154 727 663;7;0;2;8;21;1
202000008294;154 727 664;7;0;2;3;21;1
202000008295;154 727 661;7;0;1;1;1;0
202000008296;154 727 659;7;0;2;5;1;1
202000008296;154 727 660;10;0;2;3;9;1
202000008297;154 727 657;7;0;2;1;2;1
202000008297;154 727 658;7;0;2;4;2;1
202000008298;154 727 655;10;6;2;0;21;1
202000008298;154 727 656;10;0;2;1;1;1
202000008299;154 727 653;7;0;2;3;1;1
202000008299;154 727 654;7;0;2;2;1;1
202000008300;154 727 652;7;15;0;1;1;1
202000008301;154 727 651;7;0;1;1;1;1
202000008302;154 727 649;7;0;2;3;15;1
202000008302;154 727 650;30;0;2;5;17;1
202000008303;154 727 647;10;0;2;0;15;1
202000008303;154 727 648;2;0;2;0;18;1
202000008304;154 727 644;7;0;2;4;23;1
202000008304;154 727 645;7;1;2;4;23;1
202000008304;154 727 646;37;1;2;1;2;1
202000008305;154 727 642;50;0;2;1;19;3
202000008305;154 727 643;7;0;9;8;1;1
202000008306;154 727 640;7;0;2;4;23;1
202000008306;154 727 641;30;0;2;1;1;1
202000008307;154 727 639;7;0;1;3;21;1
202000008308;154 727 637;7;0;2;2;2;1
202000008308;154 727 638;7;0;2;3;9;1
202000008309;154 727 636;7;0;1;1;1;1
202000008310;154 727 635;7;0;1;0;9;1
202000008311;154 727 633;7;0;2;3;1;1
202000008311;154 727 634;7;0;2;7;16;1
202000008312;154 727 631;1;0;2;8;9;5
202000008312;154 727 632;10;0;2;2;9;1
202000008313;154 727 630;7;0;1;4;20;1
202000008314;154 727 629;7;0;1;1;1;1
202000008315;154 727 627;7;0;2;7;15;1
202000008315;154 727 628;7;0;2;1;1;1
202000008316;154 727 625;7;0;2;3;9;1
202000008316;154 727 626;7;0;2;1;1;1
202000008317;154 727 622;7;0;2;3;9;1
202000008317;154 727 623;1;0;2;2;1;5
202000008318;154 727 620;1;0;2;1;1;5
202000008318;154 727 621;7;0;2;1;15;1
202000008319;154 727 618;14;0;2;1;1;1
202000008319;154 727 619;7;0;2;2;17;1
202000008320;154 727 615;7;0;2;0;1;1
202000008320;154 727 616;7;0;2;6;1;1
202000008320;154 727 617;7;0;2;1;17;1
202000008321;154 727 613;30;1;0;7;1;1
202000008322;154 727 612;7;0;1;1;1;1
202000008323;154 727 611;7;0;1;1;1;1
202000008324;154 727 609;7;0;2;1;1;1
202000008324;154 727 610;33;0;2;1;13;1
202000008325;154 727 607;1;1;0;1;1;0
202000008325;154 727 608;7;0;2;3;24;1
202000008326;154 727 605;10;0;2;7;0;1
202000008326;154 727 606;33;0;2;8;2;1
202000008327;154 727 603;7;0;2;3;1;1
202000008327;154 727 604;7;0;2;8;2;1
202000008328;154 727 601;7;0;2;3;9;1
202000008328;154 727 602;1;0;2;1;1;5
202000008329;154 727 599;7;0;2;3;9;0
202000008329;154 727 600;1;0;2;2;1;0
202000008330;154 727 597;32;0;2;0;0;1
202000008330;154 727 598;7;0;2;8;11;1
202000008331;154 727 595;7;0;2;0;26;0
202000008331;154 727 596;1;0;2;4;1;5
202000008332;154 727 593;1;0;2;0;19;5
202000008332;154 727 594;7;0;2;2;15;1
202000008333;154 727 592;7;0;1;3;1;1
202000008334;154 727 591;30;0;0;0;1;1
202000008335;154 727 589;7;0;2;7;0;1
202000008335;154 727 590;10;0;2;1;1;1
202000008336;154 727 588;7;9;0;1;1;1
202000008337;154 727 587;30;0;1;1;1;0
202000008338;154 727 586;7;0;1;3;1;1
202000008339;154 727 584;10;0;2;4;2;1
202000008339;154 727 585;7;0;2;1;1;5
202000008340;154 727 582;7;0;2;1;1;1
202000008340;154 727 583;7;0;2;7;1;1
202000008341;154 727 580;33;0;2;1;1;1
202000008341;154 727 581;7;0;2;3;15;1
202000008342;154 727 578;7;0;2;3;0;6
202000008342;154 727 579;7;0;2;3;15;6
202000008343;154 727 577;7;4;0;4;14;1
202000008344;154 727 575;7;0;2;3;9;1
202000008344;154 727 576;7;0;2;2;1;1
202000008345;154 727 573;50;0;2;1;1;3
202000008345;154 727 574;7;0;2;5;16;1
202000008346;154 727 571;10;0;2;8;9;1
202000008346;154 727 572;30;0;2;2;1;1
202000008347;154 727 570;1;0;0;1;1;5
202000008348;154 727 569;34;14;1;1;17;6
202000008349;154 727 566;7;1;0;1;0;1
202000008349;154 727 567;7;16;0;5;26;1
202000008349;154 727 568;7;1;2;1;5;1
202000008350;154 727 564;30;1;0;1;17;0
202000008350;154 727 565;7;0;0;3;1;0
202000008351;154 727 561;10;1;2;3;1;0
202000008351;154 727 562;10;1;0;0;0;0
202000008351;154 727 563;10;1;2;0;0;0
202000008352;154 727 559;7;1;2;1;17;3
202000008352;154 727 560;7;0;2;3;15;1
202000008353;154 727 557;33;0;2;1;1;1
202000008353;154 727 558;7;0;2;2;15;1
202000008354;154 727 556;7;0;1;2;15;1
202000008355;154 727 554;7;6;2;1;19;1
202000008355;154 727 555;7;7;2;3;1;1
202000008356;154 727 553;7;6;0;1;1;1
202000008357;154 727 552;7;0;1;1;15;1
202000008358;154 727 550;2;0;0;0;0;1
202000008358;154 727 551;2;0;2;0;0;1
202000008359;154 727 548;7;0;2;1;1;1
202000008359;154 727 549;7;0;2;1;13;1
202000008360;154 727 543;7;0;2;7;2;1
202000008360;154 727 544;7;14;2;4;2;1
202000008360;154 727 545;7;14;2;1;2;1
202000008360;154 727 546;7;14;2;1;2;1
202000008360;154 727 547;7;14;2;1;2;1
202000008361;154 727 542;7;4;0;2;14;1
202000008362;154 727 540;7;0;2;4;2;1
202000008362;154 727 541;10;0;2;2;21;1
202000008363;154 727 535;7;0;0;0;0;0
202000008363;154 727 536;7;0;2;1;2;1
202000008363;154 727 537;7;0;2;1;2;1
202000008363;154 727 538;7;0;2;4;0;1
202000008363;154 727 539;7;0;2;4;0;0
202000008364;154 727 532;7;0;2;4;2;1
202000008364;154 727 533;7;0;2;1;2;1
202000008364;154 727 534;7;0;2;1;2;1
202000008365;154 727 531;7;4;0;1;1;1
202000008366;154 727 530;7;12;0;2;1;1
202000008367;154 727 527;7;0;2;4;1;1
202000008367;154 727 528;7;0;2;1;1;1
202000008367;154 727 529;7;0;2;9;1;1
202000008368;154 727 525;7;0;0;0;26;1
202000008368;154 727 526;7;0;0;0;0;1
202000008369;154 727 524;7;3;0;8;13;1
202000008370;154 727 521;7;0;2;1;1;1
202000008370;154 727 522;7;0;2;4;2;1
202000008370;154 727 523;10;0;2;4;2;1
202000008371;154 727 519;7;0;2;1;9;1
202000008371;154 727 520;7;3;0;4;9;1
202000008372;154 727 518;14;3;0;1;21;1
202000008373;154 727 517;10;4;0;3;1;1
202000008374;154 727 516;7;4;0;6;13;1
202000008375;154 727 514;7;0;2;4;2;1
202000008375;154 727 515;7;0;2;1;1;1
202000008376;154 727 512;7;0;2;1;1;1
202000008376;154 727 513;7;0;2;6;2;1
202000008377;154 727 511;7;3;0;1;1;1
202000008378;154 727 509;7;0;2;6;24;1
202000008378;154 727 510;10;1;2;2;1;1
202000008379;154 727 508;7;0;1;3;1;1
202000008380;154 727 506;10;0;2;7;15;1
202000008380;154 727 507;34;0;2;1;1;1
202000008381;154 727 504;32;0;9;0;17;1
202000008381;154 727 505;14;0;9;0;23;1
202000008382;154 727 502;7;0;2;8;13;1
202000008382;154 727 503;2;0;2;1;17;1
202000008383;154 727 500;7;0;2;8;1;1
202000008383;154 727 501;2;0;0;0;0;0
202000008384;154 727 498;7;0;2;3;1;1
202000008384;154 727 499;2;0;2;1;13;1
202000008385;154 727 496;7;0;2;8;1;1
202000008385;154 727 497;34;0;2;1;17;1
202000008386;154 727 495;33;0;4;0;26;1
202000008387;154 727 494;10;0;1;5;14;0
202000008388;154 727 492;7;0;9;4;1;1
202000008388;154 727 493;1;0;2;1;2;5
202000008389;154 727 491;30;0;0;0;2;1
202000008390;154 727 489;7;0;2;1;1;1
202000008390;154 727 490;7;0;2;4;1;1
202000008391;154 727 487;2;0;2;1;21;6
202000008391;154 727 488;7;0;2;4;1;6
202000008392;154 727 485;15;0;2;1;1;1
202000008392;154 727 486;7;0;2;8;19;1
202000008393;154 727 484;33;0;1;3;21;1
202000008394;154 727 482;30;0;2;2;5;1
202000008394;154 727 483;10;0;2;1;1;1
202000008395;154 727 480;7;0;2;3;2;1
202000008395;154 727 481;32;0;2;1;26;1
202000008396;154 727 478;7;0;2;1;1;0
202000008396;154 727 479;7;0;2;7;1;0
202000008397;154 727 476;10;0;2;2;1;1
202000008397;154 727 477;7;0;2;3;10;1
202000008398;154 727 474;10;0;2;3;19;1
202000008398;154 727 475;10;0;2;1;1;1
202000008399;154 727 473;1;12;0;1;14;5
202000008400;154 727 471;7;0;2;4;1;1
202000008400;154 727 472;7;0;2;1;1;1
202000008401;154 727 469;50;0;2;7;1;3
202000008401;154 727 470;7;0;2;3;9;1
202000008402;154 727 468;7;0;1;1;15;1
202000008403;154 727 466;7;0;2;8;1;1
202000008403;154 727 467;7;0;2;7;14;1
202000008404;154 727 464;7;0;2;1;26;1
202000008404;154 727 465;7;0;2;8;26;1
202000008405;154 727 462;7;0;2;3;1;1
202000008405;154 727 463;7;0;2;3;15;1
202000008406;154 727 459;7;0;2;1;2;0
202000008406;154 727 460;7;0;2;4;2;6
202000008406;154 727 461;7;16;0;4;2;6
202000008407;154 727 457;2;0;2;1;1;1
202000008407;154 727 458;7;0;2;3;15;1
202000008408;154 727 455;7;0;2;1;1;1
202000008408;154 727 456;7;0;2;1;1;1
202000008409;154 727 454;7;0;1;4;20;1
202000008410;154 727 452;37;0;2;3;1;1
202000008410;154 727 453;7;0;2;7;16;1
202000008411;154 727 450;10;0;2;1;9;1
202000008411;154 727 451;7;0;2;4;9;0
202000008412;154 727 449;7;8;0;1;14;1
202000008413;154 727 448;7;0;0;2;21;1
202000008414;154 727 447;7;8;0;1;26;1
202000008415;154 727 445;1;0;2;0;0;5
202000008415;154 727 446;7;0;2;0;0;0
202000008416;154 727 443;7;0;2;1;9;1
202000008416;154 727 444;7;0;2;6;1;1
202000008417;154 727 441;1;0;2;7;0;5
202000008417;154 727 442;1;0;2;8;0;5
202000008418;154 727 439;7;0;1;3;1;1
202000008419;154 727 436;7;0;2;3;1;1
202000008419;154 727 437;7;0;2;1;1;1
202000008419;154 727 438;7;0;2;7;15;1
202000008420;154 727 434;7;0;2;4;2;1
202000008420;154 727 435;30;0;2;1;2;1
202000008421;154 727 432;3;0;2;0;1;0
202000008421;154 727 433;34;0;2;0;2;1
202000008422;154 727 431;10;0;1;3;15;1
202000008423;154 727 429;7;0;2;1;26;1
202000008423;154 727 430;2;0;2;4;0;1
202000008424;154 727 427;10;0;2;0;0;1
202000008424;154 727 428;32;12;2;1;21;1
202000008425;154 727 426;10;0;1;3;2;1
202000008426;154 727 425;7;2;0;9;26;1
202000008427;154 727 423;7;0;2;3;9;1
202000008427;154 727 424;2;0;2;5;12;1
202000008428;154 727 422;3;8;0;1;1;1
202000008429;154 727 420;32;0;2;3;18;1
202000008429;154 727 421;7;0;2;5;16;1
202000008430;154 727 418;10;0;2;3;15;1
202000008430;154 727 419;34;0;2;1;17;1
202000008431;154 727 416;30;0;2;1;21;1
202000008431;154 727 417;50;0;2;1;19;3
202000008432;154 727 414;7;0;2;3;1;1
202000008432;154 727 415;34;0;2;3;17;1
202000008433;154 727 412;7;0;2;1;1;1
202000008433;154 727 413;7;0;2;1;1;0
202000008434;154 727 410;7;0;2;8;9;1
202000008434;154 727 411;2;0;2;1;1;1
202000008435;154 727 408;37;0;2;2;0;1
202000008435;154 727 409;7;0;2;3;9;1
202000008436;154 727 407;7;5;0;3;12;1
202000008437;154 727 406;0;0;1;1;16;0
202000008438;154 727 405;7;6;0;2;26;1
202000008439;154 727 403;7;1;0;8;15;1
202000008439;154 727 404;7;1;0;0;1;1
202000008440;154 727 402;10;0;1;4;26;0
202000008441;154 727 400;2;0;2;7;0;0
202000008441;154 727 401;7;0;2;1;26;6
202000008442;154 727 399;1;0;0;0;1;5
202000008443;154 727 397;7;0;2;6;19;0
202000008443;154 727 398;33;0;2;1;1;1
202000008444;154 727 395;32;0;2;8;1;1
202000008444;154 727 396;34;0;2;1;1;1
202000008445;154 727 393;7;0;2;2;1;1
202000008445;154 727 394;30;0;2;7;1;1
202000008446;154 727 391;2;0;2;2;1;1
202000008446;154 727 392;10;0;2;8;15;1
202000008447;154 727 389;60;0;2;4;13;5
202000008447;154 727 390;34;0;2;1;17;0
202000008448;154 727 388;7;0;1;1;0;1
202000008449;154 727 386;7;0;2;2;2;1
202000008449;154 727 387;7;0;2;7;19;1
202000008450;154 727 385;7;0;1;1;26;1
202000008451;154 727 383;7;0;2;3;5;6
202000008451;154 727 384;32;0;2;1;1;0
202000008452;154 727 382;33;0;0;9;14;1
202000008453;154 727 381;7;13;0;2;1;1
202000008454;154 727 380;7;0;1;3;1;1
202000008455;154 727 379;7;13;0;1;1;1
202000008456;154 727 378;33;0;0;8;1;1
202000008457;154 727 377;7;16;0;9;1;1
202000008458;154 727 375;7;0;2;1;17;0
202000008458;154 727 376;7;0;2;1;1;0
202000008459;154 727 374;7;9;9;7;0;1
202000008460;154 727 371;10;0;2;3;1;1
202000008460;154 727 372;10;0;2;3;1;1
202000008460;154 727 373;21;0;2;0;1;1
202000008461;154 727 370;2;0;0;0;0;1
202000008462;154 727 369;2;0;0;0;1;1
202000008463;154 727 367;7;0;2;1;19;1
202000008463;154 727 368;99;8;0;8;1;1
202000008464;154 727 366;7;3;0;2;1;1
202000008465;154 727 364;7;0;2;5;13;1
202000008465;154 727 365;10;0;2;2;1;1
202000008466;154 727 363;7;0;1;2;0;1
202000008467;154 727 361;7;0;9;1;13;1
202000008467;154 727 362;1;0;0;1;1;5
202000008468;154 727 360;31;14;0;8;1;0
202000008469;154 727 359;10;0;1;3;1;0
202000008470;154 727 357;30;0;2;1;15;1
202000008470;154 727 358;7;0;2;2;1;1
202000008471;154 727 355;7;0;0;3;1;1
202000008471;154 727 356;7;0;2;1;19;1
202000008472;154 727 349;7;0;2;1;1;1
202000008472;154 727 350;7;0;2;8;1;1
202000008472;154 727 351;7;0;2;1;17;1
202000008473;154 727 347;7;0;2;1;1;1