Num_Acc;id_vehicule;categorie_vehicule;obstacle_fixe;obstacle_mobile;point_choc_initial;manoeuvre_principale;motorisation
202000008834;154 726 726;7;0;2;2;1;1
202000008834;154 726 727;33;0;0;1;15;1
202000008835;154 726 725;2;0;0;8;23;0
202000008836;154 726 723;2;0;2;2;13;1
202000008836;154 726 724;7;0;2;3;9;1
202000008837;154 726 721;7;0;2;1;15;1
202000008837;154 726 722;33;0;2;8;1;1
202000008838;154 726 719;7;12;2;8;16;1
202000008838;154 726 720;7;0;2;7;16;1
202000008839;154 726 717;7;0;2;2;6;1
202000008839;154 726 718;7;0;0;8;1;1
202000008840;154 726 716;33;0;6;1;1;1
202000008841;154 726 714;7;0;2;6;15;1
202000008841;154 726 715;33;0;2;1;17;1
202000008842;154 726 710;7;14;0;5;21;2
202000008842;154 726 711;7;4;0;2;0;1
202000008843;154 726 709;7;4;0;2;1;1
202000008844;154 726 707;0;0;2;4;2;0
202000008844;154 726 708;10;0;2;1;2;1
202000008845;154 726 705;7;0;2;1;2;1
202000008845;154 726 706;17;0;2;4;2;1
202000008846;154 726 703;34;0;2;3;2;1
202000008846;154 726 704;10;0;2;5;2;1
202000008847;154 726 701;10;0;2;2;2;0
202000008847;154 726 702;30;0;2;6;2;3
202000008848;154 726 700;7;0;1;2;15;1
202000008849;154 726 698;7;0;2;2;15;1
202000008849;154 726 699;14;0;2;3;1;1
202000008850;154 726 696;7;0;2;1;1;1
202000008850;154 726 697;7;0;2;3;1;1
202000008851;154 726 694;10;0;2;8;1;1
202000008851;154 726 695;33;0;2;3;13;1
202000008852;154 726 693;7;0;1;1;15;1
202000008853;154 726 692;40;0;1;2;19;0
202000008854;154 726 691;7;0;1;1;15;0
202000008855;154 726 689;7;0;2;7;12;1
202000008855;154 726 690;34;0;2;8;2;1
202000008856;154 726 688;33;0;0;7;1;1
202000008857;154 726 686;7;0;2;1;1;1
202000008857;154 726 687;30;0;2;1;13;1
202000008858;154 726 685;7;4;0;7;14;1
202000008859;154 726 683;7;0;2;2;15;5
202000008859;154 726 684;33;0;2;1;1;5
202000008860;154 726 681;31;0;2;0;1;1
202000008860;154 726 682;7;0;2;0;0;1
202000008861;154 726 679;7;0;2;3;1;1
202000008861;154 726 680;7;0;2;3;13;1
202000008862;154 726 678;7;0;1;1;15;1
202000008863;154 726 676;7;0;2;2;15;1
202000008863;154 726 677;33;0;2;1;1;1
202000008864;154 726 675;7;0;1;1;16;1
202000008865;154 726 671;7;0;2;6;1;1
202000008865;154 726 672;7;4;2;2;1;1
202000008866;154 726 668;7;0;2;1;1;1
202000008866;154 726 669;7;0;2;8;13;1
202000008866;154 726 670;7;0;2;1;1;1
202000008867;154 726 666;7;0;2;8;9;1
202000008867;154 726 667;7;0;2;1;1;1
202000008868;154 726 665;7;14;1;5;9;2
202000008869;154 726 663;30;0;2;1;2;1
202000008869;154 726 664;7;0;2;4;2;1
202000008870;154 726 661;7;0;2;4;2;1
202000008870;154 726 662;7;0;2;4;2;1
202000008871;154 726 660;7;0;1;8;0;1
202000008872;154 726 658;7;0;2;2;0;1
202000008872;154 726 659;7;0;2;6;0;1
202000008873;154 726 657;7;0;1;1;1;1
202000008874;154 726 655;30;0;2;1;1;1
202000008874;154 726 656;7;0;2;2;15;1
202000008875;154 726 652;7;0;0;0;21;1
202000008875;154 726 653;7;15;2;3;1;1
202000008875;154 726 654;7;0;2;6;17;1
202000008876;154 726 651;7;2;0;2;14;1
202000008877;154 726 649;32;0;2;7;1;1
202000008877;154 726 650;7;0;2;6;9;1
202000008878;154 726 647;7;0;2;4;1;0
202000008878;154 726 648;7;0;2;1;1;1
202000008879;154 726 646;31;4;2;7;1;1
202000008880;154 726 645;33;4;0;1;14;0
202000008881;154 726 644;30;2;0;1;1;1
202000008882;154 726 643;37;0;1;1;1;4
202000008883;154 726 641;33;0;2;2;1;1
202000008883;154 726 642;7;0;2;1;15;1
202000008884;154 726 639;99;0;2;3;17;0
202000008884;154 726 640;32;0;2;1;9;0
202000008885;154 726 636;7;0;2;0;0;0
202000008885;154 726 637;1;0;2;4;19;5
202000008886;154 726 635;7;0;1;3;16;1
202000008887;154 726 633;7;0;2;1;1;1
202000008887;154 726 634;0;0;2;0;15;0
202000008888;154 726 631;1;0;2;8;1;5
202000008888;154 726 632;7;0;2;1;15;1
202000008889;154 726 630;7;0;1;1;1;1
202000008890;154 726 629;7;0;1;1;1;1
202000008891;154 726 627;80;0;2;3;16;3
202000008891;154 726 628;7;0;2;3;1;1
202000008892;154 726 626;32;0;1;1;1;1
202000008893;154 726 624;7;0;2;6;17;1
202000008893;154 726 625;31;0;2;1;1;1
202000008894;154 726 622;10;0;2;6;2;1
202000008894;154 726 623;30;0;2;1;2;1
202000008895;154 726 621;7;0;1;1;15;1
202000008896;154 726 619;34;0;2;1;1;1
202000008896;154 726 620;7;0;2;8;15;1
202000008897;154 726 618;30;0;1;2;1;1
202000008898;154 726 616;1;0;2;4;1;5
202000008898;154 726 617;7;0;2;3;1;1
202000008899;154 726 614;50;0;2;1;8;3
202000008899;154 726 615;7;0;2;8;20;1
202000008900;154 726 613;7;0;1;4;26;1
202000008901;154 726 611;7;0;2;1;1;1
202000008901;154 726 612;7;0;2;4;1;1
202000008902;154 726 610;7;1;0;1;14;1
202000008903;154 726 609;7;1;0;2;14;1
202000008904;154 726 608;40;0;1;2;1;3
202000008905;154 726 606;7;0;2;1;1;1
202000008905;154 726 607;7;0;2;3;1;1
202000008906;154 726 604;7;0;2;5;1;1
202000008906;154 726 605;1;0;2;1;1;5
202000008907;154 726 603;7;0;1;1;1;1
202000008908;154 726 600;1;0;2;8;1;5
202000008908;154 726 601;7;0;2;7;1;1
202000008908;154 726 602;1;0;2;4;1;5
202000008909;154 726 598;1;0;2;1;1;5
202000008909;154 726 599;7;0;2;3;1;1
202000008910;154 726 596;7;0;2;5;23;1
202000008910;154 726 597;7;0;2;3;2;1
202000008911;154 726 594;7;0;2;3;1;1
202000008911;154 726 595;7;0;2;2;1;1
202000008912;154 726 593;2;12;0;1;1;1
202000008913;154 726 591;7;0;2;3;1;1
202000008913;154 726 592;7;0;2;3;19;1
202000008914;154 726 589;1;0;2;5;1;5
202000008914;154 726 590;7;0;2;1;9;1
202000008915;154 726 587;30;0;2;1;1;1
202000008915;154 726 588;7;0;2;2;19;1
202000008916;154 726 585;10;0;2;3;1;1
202000008916;154 726 586;1;0;2;1;9;5
202000008917;154 726 583;7;0;2;1;13;1
202000008917;154 726 584;7;0;2;1;1;1
202000008918;154 726 581;7;0;2;1;1;1
202000008918;154 726 582;7;0;2;6;9;1
202000008919;154 726 580;7;0;1;1;1;1
202000008920;154 726 579;14;0;1;4;4;1
202000008921;154 726 577;2;0;2;1;16;1
202000008921;154 726 578;7;0;2;6;13;1
202000008922;154 726 570;7;0;2;2;16;1
202000008922;154 726 571;1;0;2;7;19;5
202000008923;154 726 569;7;15;0;1;2;1
202000008924;154 726 567;7;0;2;3;1;0
202000008924;154 726 568;30;0;2;1;13;1
202000008925;154 726 565;7;0;2;1;9;0
202000008925;154 726 566;33;0;2;3;1;1
202000008926;154 726 563;7;0;2;3;15;1
202000008926;154 726 564;7;7;2;1;17;1
202000008927;154 726 562;7;12;0;3;16;1
202000008928;154 726 561;30;0;0;8;1;1
202000008929;154 726 560;7;10;0;9;26;1
202000008930;154 726 559;7;0;1;1;1;2
202000008931;154 726 558;31;15;0;0;14;1
202000008932;154 726 557;7;2;0;1;1;1
202000008933;154 726 556;7;8;0;1;1;1
202000008934;154 726 554;7;0;2;3;1;0
202000008934;154 726 555;7;0;2;6;9;0
202000008935;154 726 553;7;6;0;1;1;1
202000008936;154 726 551;7;0;2;1;1;1
202000008936;154 726 552;17;0;2;8;19;1
202000008937;154 726 550;7;0;1;1;15;1
202000008938;154 726 548;43;0;2;1;1;1
202000008938;154 726 549;7;0;2;2;15;1
202000008939;154 726 547;32;0;2;1;1;1
202000008940;154 726 546;31;0;2;1;1;1
202000008941;154 726 545;33;0;1;1;1;1
202000008942;154 726 543;7;0;2;3;1;1
202000008942;154 726 544;7;0;2;3;1;1
202000008943;154 726 542;7;0;1;2;2;0
202000008944;154 726 541;7;0;1;1;1;1
202000008945;154 726 539;30;0;2;1;3;1
202000008945;154 726 540;7;0;2;8;15;1
202000008946;154 726 537;7;0;2;1;1;1
202000008946;154 726 538;7;0;2;8;15;1
202000008947;154 726 535;2;0;2;1;1;1
202000008947;154 726 536;7;0;2;8;9;1
202000008948;154 726 533;7;0;2;1;5;0
202000008948;154 726 534;10;0;2;1;1;0
202000008949;154 726 531;32;0;2;7;17;1
202000008949;154 726 532;7;0;2;3;15;1
202000008950;154 726 530;10;0;1;2;2;1
202000008951;154 726 528;99;0;2;7;17;1
202000008951;154 726 529;7;0;2;3;2;1
202000008952;154 726 526;10;6;2;1;15;1
202000008952;154 726 527;10;0;2;1;1;1
202000008953;154 726 524;7;0;2;6;1;1
202000008953;154 726 525;7;0;2;1;13;1
202000008954;154 726 522;7;0;2;6;1;1
202000008954;154 726 523;7;0;2;2;2;1
202000008955;154 726 520;7;0;2;8;1;1
202000008955;154 726 521;14;0;2;8;1;1
202000008956;154 726 518;2;0;2;1;13;1
202000008956;154 726 519;7;0;2;3;1;1
202000008957;154 726 516;7;0;2;0;0;0
202000008957;154 726 517;2;0;2;1;1;0
202000008958;154 726 514;1;0;2;1;1;0
202000008958;154 726 515;10;0;9;1;15;1
202000008959;154 726 512;7;14;0;4;26;1
202000008959;154 726 513;7;0;2;1;2;1
202000008960;154 726 511;33;0;1;1;1;1
202000008961;154 726 509;7;0;2;3;0;0
202000008961;154 726 510;30;0;2;2;17;0
202000008962;154 726 507;34;8;2;2;17;1
202000008962;154 726 508;7;0;2;3;15;1
202000008963;154 726 503;7;0;2;;0;
202000008963;154 726 504;2;;2;;;
202000008964;154 726 502;10;0;1;1;26;1
202000008965;154 726 500;7;0;2;8;1;3
202000008965;154 726 501;7;0;2;7;1;1
202000008966;154 726 498;7;0;2;4;15;1
202000008966;154 726 499;7;0;2;1;1;1
202000008967;154 726 496;1;0;2;5;1;5
202000008967;154 726 497;7;0;2;2;15;1
202000008968;154 726 494;7;0;2;7;2;1
202000008968;154 726 495;31;3;2;8;2;1
202000008969;154 726 492;31;0;2;1;1;1
202000008969;154 726 493;7;0;0;4;15;1
202000008970;154 726 490;7;0;2;3;12;1
202000008970;154 726 491;10;0;2;5;1;1
202000008971;154 726 488;7;0;2;4;2;1
202000008971;154 726 489;7;0;2;1;2;1
202000008972;154 726 485;7;0;2;4;23;1
202000008972;154 726 486;10;0;2;4;23;1
202000008972;154 726 487;7;0;2;1;2;1
202000008973;154 726 483;7;0;2;1;2;1
202000008973;154 726 484;7;0;2;4;2;1
202000008974;154 726 479;7;0;2;7;12;1
202000008974;154 726 480;43;0;2;1;3;1
202000008974;154 726 481;7;0;2;8;1;1
202000008974;154 726 482;31;0;2;4;3;1
202000008975;154 726 477;33;0;2;8;11;1
202000008975;154 726 478;7;0;2;7;1;1
202000008976;154 726 474;7;0;2;8;1;1
202000008976;154 726 475;33;0;2;3;3;1
202000008976;154 726 476;10;0;2;2;12;1
202000008977;154 726 471;33;0;2;4;3;1
202000008977;154 726 472;7;0;2;4;1;1
202000008977;154 726 473;43;0;2;1;3;1
202000008978;154 726 470;32;14;0;1;3;1
202000008979;154 726 467;33;0;2;1;3;1
202000008979;154 726 468;7;0;2;6;1;1
202000008979;154 726 469;7;0;2;7;13;1
202000008980;154 726 466;33;0;0;0;1;1
202000008981;154 726 463;32;0;2;7;3;1
202000008981;154 726 464;7;0;2;3;11;1
202000008981;154 726 465;7;0;2;4;1;1
202000008982;154 726 460;33;0;2;3;2;1
202000008982;154 726 461;7;0;2;5;2;1
202000008982;154 726 462;10;0;2;3;1;1
202000008983;154 726 458;32;0;2;1;2;1
202000008983;154 726 459;7;0;2;6;2;1
202000008984;154 726 456;7;0;2;1;1;1
202000008984;154 726 457;7;0;2;4;1;1
202000008985;154 726 455;37;0;1;1;1;1
202000008986;154 726 454;7;2;1;1;1;1
202000008987;154 726 452;32;0;2;1;1;1
202000008987;154 726 453;7;0;2;7;15;1
202000008988;154 726 451;7;0;1;3;16;1
202000008989;154 726 449;1;0;2;4;11;5
202000008989;154 726 450;7;0;2;2;1;1
202000008990;154 726 447;7;6;2;2;1;1
202000008990;154 726 448;10;0;1;3;1;1
202000008991;154 726 445;7;0;2;1;15;1
202000008991;154 726 446;33;0;2;1;3;1
202000008992;154 726 444;1;0;1;1;1;5
202000008993;154 726 443;7;0;1;8;1;1
202000008994;154 726 441;7;0;2;6;13;1
202000008994;154 726 442;33;0;2;2;17;1
202000008995;154 726 440;2;0;1;1;1;1
202000008996;154 726 439;7;0;1;3;1;1
202000008997;154 726 437;30;1;2;9;17;1
202000008997;154 726 438;7;0;2;3;13;1
202000008998;154 726 435;7;0;2;8;16;1
202000008998;154 726 436;60;0;2;1;19;5
202000008999;154 726 433;7;0;2;2;16;2
202000008999;154 726 434;1;0;2;1;1;5
202000009000;154 726 431;1;0;2;1;1;5
202000009000;154 726 432;7;0;2;3;15;1
202000009001;154 726 429;1;0;2;6;5;5
202000009001;154 726 430;7;0;2;3;2;2
202000009002;154 726 428;2;0;1;0;1;0
202000009003;154 726 427;30;1;0;0;21;1
202000009004;154 726 426;7;0;1;3;20;1
202000009005;154 726 425;1;0;1;7;1;5
202000009006;154 726 423;7;0;2;3;9;1
202000009006;154 726 424;30;0;2;2;17;1
202000009007;154 726 421;7;0;2;0;1;0
202000009007;154 726 422;33;0;2;8;1;1
202000009008;154 726 419;7;0;2;2;1;0
202000009008;154 726 420;30;0;2;1;1;1
202000009009;154 726 417;7;0;2;1;9;1
202000009009;154 726 418;50;0;2;0;1;3
202000009010;154 726 414;37;0;2;3;9;1
202000009010;154 726 415;43;1;2;9;5;1
202000009010;154 726 416;33;0;2;1;5;1
202000009011;154 726 413;43;0;1;1;18;1
202000009012;154 726 412;7;0;1;4;4;1
202000009013;154 726 410;10;0;2;4;23;1
202000009013;154 726 411;7;0;2;1;1;1
202000009014;154 726 408;7;0;2;1;1;2
202000009014;154 726 409;7;0;2;5;23;1
202000009015;154 726 407;33;0;1;1;1;1
202000009016;154 726 406;31;11;0;1;1;1
202000009017;154 726 404;33;0;2;1;1;1
202000009017;154 726 405;7;0;2;7;1;1
202000009018;154 726 402;7;0;2;2;1;1
202000009018;154 726 403;7;0;2;3;1;1
202000009019;154 726 401;1;0;1;1;5;5
202000009020;154 726 399;7;0;2;6;15;1
202000009020;154 726 400;33;0;2;2;17;1
202000009021;154 726 398;31;0;1;1;1;1
202000009022;154 726 397;7;0;1;1;15;1
202000009023;154 726 395;7;0;2;3;15;1
202000009023;154 726 396;32;0;2;3;1;1
202000009024;154 726 393;7;0;2;4;23;1
202000009024;154 726 394;37;0;2;2;13;1
202000009025;154 726 391;7;0;2;3;15;1
202000009025;154 726 392;43;0;2;2;17;1
202000009026;154 726 390;7;0;1;4;20;1
202000009027;154 726 388;7;0;2;6;11;1
202000009027;154 726 389;33;0;2;1;17;1
202000009028;154 726 387;10;0;1;0;1;0
202000009029;154 726 384;1;0;2;2;1;5
202000009029;154 726 385;7;0;2;3;22;1
202000009029;154 726 386;7;0;2;1;1;1
202000009030;154 726 383;10;0;1;3;15;1
202000009031;154 726 382;7;0;1;3;1;1
202000009032;154 726 379;7;0;2;4;23;1
202000009032;154 726 380;7;0;2;4;23;1
202000009032;154 726 381;7;0;2;1;2;1
202000009033;154 726 378;32;0;1;2;1;1
202000009034;154 726 375;10;0;2;1;2;1
202000009034;154 726 376;7;0;2;4;23;1
202000009034;154 726 377;7;0;2;9;23;1
202000009035;154 726 374;30;0;1;8;1;1
202000009036;154 726 372;1;0;2;6;15;5
202000009036;154 726 373;7;0;2;2;17;1
202000009037;154 726 371;1;0;0;1;1;5
202000009038;154 726 369;32;1;2;3;1;1
202000009038;154 726 370;7;0;2;2;9;1
202000009039;154 726 367;50;0;2;0;1;3
202000009039;154 726 368;37;0;2;6;7;1
202000009040;154 726 365;1;0;2;7;1;5
202000009040;154 726 366;7;0;2;7;16;1
202000009041;154 726 363;7;0;2;1;17;2
202000009041;154 726 364;34;0;2;8;15;1
202000009042;154 726 362;10;0;1;1;16;1
202000009043;154 726 361;2;1;0;3;13;3
202000009044;154 726 359;7;0;2;4;23;1
202000009044;154 726 360;30;0;2;1;2;1
202000009045;154 726 357;1;0;2;1;1;5
202000009045;154 726 358;7;0;2;3;15;1
202000009046;154 726 356;32;0;1;1;1;1
202000009047;154 726 354;30;0;2;2;17;1
202000009047;154 726 355;7;0;2;3;13;1
202000009048;154 726 351;1;0;2;4;1;5
202000009048;154 726 352;7;0;2;2;1;1
202000009048;154 726 353;7;0;2;2;1;1
202000009049;154 726 349;7;0;2;3;13;1
202000009049;154 726 350;43;0;2;1;17;1
202000009050;154 726 347;7;0;2;0;16;1
202000009050;154 726 348;33;0;2;0;1;1
202000009051;154 726 345;31;0;2;1;1;1
202000009051;154 726 346;2;0;2;1;1;1
202000009052;154 726 344;33;0;1;8;7;1
202000009053;154 726 342;2;0;2;2;17;1
202000009053;154 726 343;10;0;2;6;13;1
202000009054;154 726 341;33;0;1;2;1;1
202000009055;154 726 339;32;0;2;1;13;1
202000009055;154 726 340;7;0;2;5;1;1
202000009056;154 726 337;33;0;2;1;21;1
202000009056;154 726 338;7;0;2;5;2;1
202000009057;154 726 335;7;0;2;3;11;1
202000009057;154 726 336;33;0;2;2;3;1
202000009058;154 726 333;7;0;2;1;1;1
202000009058;154 726 334;7;0;2;4;2;1
202000009059;154 726 330;7;0;2;4;1;1
202000009059;154 726 331;7;0;2;3;13;1
202000009059;154 726 332;7;0;2;2;3;1
202000009060;154 726 328;33;0;2;8;3;1
202000009060;154 726 329;33;0;2;8;11;0
202000009061;154 726 325;7;0;2;1;1;1
202000009061;154 726 326;15;0;2;7;12;1
202000009061;154 726 327;7;3;2;8;1;1
202000009062;154 726 321;7;0;2;4;23;1
202000009062;154 726 322;14;0;2;1;1;1
202000009063;154 726 319;43;0;2;1;1;1
202000009063;154 726 320;7;0;2;5;15;1
202000009064;154 726 318;30;0;0;0;21;3
202000009065;154 726 317;7;0;2;1;26;1
202000009066;154 726 316;7;0;1;2;1;1
202000009067;154 726 315;7;8;0;2;1;1
202000009068;154 726 313;7;0;2;5;16;0
202000009068;154 726 314;7;0;2;0;18;0
202000009069;154 726 311;7;0;9;3;1;1
202000009069;154 726 312;1;0;2;1;15;6
202000009070;154 726 309;7;0;0;3;1;1
202000009070;154 726 310;33;0;2;1;1;0
202000009071;154 726 307;32;0;2;1;1;0
202000009071;154 726 308;7;0;0;5;1;0
202000009072;154 726 306;10;0;1;2;1;1
202000009073;154 726 305;7;0;0;0;15;1
202000009074;154 726 303;2;0;2;1;9;1
202000009074;154 726 304;7;0;2;2;1;1
202000009075;154 726 302;37;14;0;2;1;0
202000009076;154 726 300;31;0;2;1;1;0
202000009076;154 726 301;7;0;2;2;15;0
202000009077;154 726 299;10;12;0;2;14;1
202000009078;154 726 298;7;0;1;2;1;0
202000009079;154 726 297;7;0;1;7;1;2
202000009080;154 726 295;10;0;2;4;0;0
202000009080;154 726 296;37;0;2;2;26;0
202000009081;154 726 294;7;8;0;4;15;1
202000009082;154 726 293;7;0;1;3;1;1
202000009083;154 726 292;7;7;0;1;15;1
202000009084;154 726 289;10;0;2;1;2;1
202000009084;154 726 290;7;0;2;4;23;1
202000009084;154 726 291;10;0;2;4;23;1
202000009085;154 726 286;7;14;0;1;2;1
202000009085;154 726 287;7;14;2;4;23;1
202000009085;154 726 288;7;0;2;4;23;1
202000009086;154 726 284;7;0;2;5;15;1
202000009086;154 726 285;33;0;2;1;1;1
202000009087;154 726 282;7;0;2;2;19;1
202000009087;154 726 283;31;0;2;8;1;1
202000009088;154 726 279;7;0;2;1;1;0
202000009088;154 726 280;10;0;0;4;1;0
202000009089;154 726 277;7;0;2;3;15;0
202000009089;154 726 278;30;0;2;1;1;6
202000009090;154 726 274;7;0;2;3;15;1
202000009090;154 726 275;7;0;2;1;17;1
202000009090;154 726 276;7;0;9;8;2;1
202000009091;154 726 272;7;0;2;7;10;1
202000009091;154 726 273;33;0;2;1;1;6
202000009092;154 726 270;10;0;2;3;11;1
202000009092;154 726 271;33;0;2;7;1;1
202000009093;154 726 268;10;0;2;3;5;1
202000009093;154 726 269;7;0;2;3;2;1
202000009094;154 726 265;1;0;0;0;0;0
202000009095;154 726 263;7;0;2;1;0;1
202000009095;154 726 264;30;0;2;1;5;1
202000009096;154 726 262;39;0;1;1;1;3
202000009097;154 726 260;31;0;2;1;1;1
202000009097;154 726 261;7;0;2;2;15;1
202000009098;154 726 258;50;0;2;0;0;3
202000009098;154 726 259;7;0;2;1;9;1
202000009099;154 726 256;7;0;2;1;9;0
202000009099;154 726 257;50;0;2;8;1;3
202000009100;154 726 255;7;1;0;5;2;1
202000009101;154 726 254;30;16;0;7;1;1
202000009102;154 726 251;7;0;2;1;2;1
202000009102;154 726 252;7;0;2;4;23;1
202000009102;154 726 253;7;0;2;4;23;1
202000009103;154 726 247;10;0;2;3;23;1
202000009103;154 726 248;10;0;2;3;0;3
202000009103;154 726 249;7;0;2;6;1;3
202000009103;154 726 250;7;0;2;2;1;2
202000009104;154 726 245;7;0;2;1;15;1
202000009104;154 726 246;30;0;2;6;1;1
202000009105;154 726 243;30;0;2;1;2;1
202000009105;154 726 244;7;0;2;4;23;1
202000009106;154 726 241;7;2;2;2;2;1
202000009106;154 726 242;7;0;2;6;2;1
202000009107;154 726 239;32;0;0;1;26;1
202000009107;154 726 240;7;0;0;1;26;1
202000009108;154 726 238;7;0;1;1;20;1
202000009109;154 726 236;7;0;2;7;15;1
202000009109;154 726 237;1;0;2;1;1;5
202000009110;154 726 234;43;0;2;7;2;1
202000009110;154 726 235;43;0;2;8;2;1
202000009111;154 726 233;7;0;1;1;23;1
202000009112;154 726 232;7;0;1;1;14;0
202000009113;154 726 230;7;0;2;2;1;1
202000009113;154 726 231;10;0;2;3;15;1
202000009114;154 726 228;7;0;2;1;1;1
202000009114;154 726 229;33;0;2;7;1;1
202000009115;154 726 226;7;0;2;2;14;0
202000009115;154 726 227;80;0;2;4;23;3
202000009116;154 726 224;7;0;2;0;1;1
202000009116;154 726 225;33;0;2;1;1;1
202000009117;154 726 223;7;0;1;2;1;6
202000009118;154 726 221;7;0;2;7;1;1
202000009118;154 726 222;7;0;2;1;1;1
202000009119;154 726 219;7;0;2;4;1;1
202000009119;154 726 220;7;0;2;1;2;1
202000009120;154 726 217;7;0;2;1;26;1
202000009120;154 726 218;7;0;2;4;26;1
202000009121;154 726 215;2;0;2;8;1;1
202000009121;154 726 216;7;0;2;3;15;1
202000009122;154 726 212;7;0;2;1;15;1
202000009122;154 726 213;7;0;2;1;1;1
202000009123;154 726 210;7;0;2;3;11;1
202000009123;154 726 211;7;0;2;2;1;1
202000009124;154 726 208;20;16;2;5;1;1
202000009124;154 726 209;20;0;2;1;2;1
202000009125;154 726 206;7;0;2;1;0;1
202000009125;154 726 207;7;0;2;4;26;1
202000009126;154 726 203;10;0;2;1;2;1
202000009126;154 726 204;10;0;2;4;23;1
202000009126;154 726 205;7;0;2;4;23;1
202000009127;154 726 201;1;0;2;7;1;5
202000009127;154 726 202;7;0;2;1;15;1
202000009128;154 726 198;3;0;2;4;1;1
202000009128;154 726 199;7;0;2;0;1;1
202000009128;154 726 200;38;0;2;4;1;1
202000009129;154 726 195;7;0;2;1;1;1
202000009129;154 726 196;7;0;2;9;1;1
202000009129;154 726 197;10;0;2;4;1;1
202000009130;154 726 193;7;14;2;1;16;1
202000009130;154 726 194;7;0;1;4;1;1
202000009131;154 726 191;7;0;2;3;15;1
202000009131;154 726 192;33;0;2;1;1;1
202000009132;154 726 189;7;0;2;3;15;1
202000009132;154 726 190;30;0;2;1;1;0
202000009133;154 726 188;7;0;1;1;1;1
202000009134;154 726 186;2;0;2;1;1;1
202000009134;154 726 187;7;0;2;4;10;1
202000009135;154 726 184;7;0;2;1;1;1
202000009135;154 726 185;32;0;2;7;1;1
202000009136;154 726 181;7;0;9;4;26;1
202000009136;154 726 182;7;0;0;4;26;1
202000009136;154 726 183;7;0;2;1;26;0
202000009137;154 726 179;7;0;2;4;1;1
202000009137;154 726 180;7;0;2;1;1;1
202000009138;154 726 178;60;1;1;1;9;5
202000009139;154 726 176;7;0;2;1;1;1
202000009139;154 726 177;1;0;2;1;1;5
202000009140;154 726 174;7;0;2;7;17;1
202000009140;154 726 175;7;0;2;8;1;1
202000009141;154 726 172;7;0;2;1;1;1
202000009141;154 726 173;7;0;2;3;19;1
202000009142;154 726 170;7;0;2;1;23;1
202000009142;154 726 171;7;0;2;1;5;1
202000009143;154 726 168;7;0;2;4;23;1
202000009143;154 726 169;7;0;2;1;2;1
202000009144;154 726 166;7;0;2;4;2;1
202000009144;154 726 167;7;0;2;1;1;1
202000009145;154 726 164;33;0;2;8;1;1
202000009145;154 726 165;33;0;2;1;1;1
202000009146;154 726 163;7;6;0;1;15;1
202000009147;154 726 162;7;0;1;0;0;1
202000009148;154 726 159;7;0;2;1;1;1
202000009148;154 726 160;7;0;2;4;1;1
202000009148;154 726 161;7;0;2;4;1;1
202000009149;154 726 157;7;0;2;3;1;1
202000009149;154 726 158;7;0;2;1;13;1
202000009150;154 726 155;1;0;2;7;1;5
202000009150;154 726 156;7;0;9;1;1;1
202000009151;154 726 153;7;0;2;1;1;1
202000009151;154 726 154;33;0;2;0;16;1
202000009152;154 726 151;7;0;0;2;15;1
202000009152;154 726 152;7;1;0;1;21;1
202000009153;154 726 149;33;0;2;4;9;1
202000009153;154 726 150;7;0;2;1;9;1
202000009154;154 726 147;7;0;2;8;15;1
202000009154;154 726 148;33;0;2;1;21;1
202000009155;154 726 146;34;0;1;1;1;1
202000009156;154 726 145;7;0;1;7;1;1
202000009157;154 726 143;32;0;2;1;3;1
202000009157;154 726 144;7;0;2;2;12;1
202000009158;154 726 142;7;4;0;1;13;1
202000009159;154 726 138;33;0;2;2;21;1
202000009159;154 726 139;33;0;2;6;3;1
202000009159;154 726 140;7;0;2;5;1;1
202000009159;154 726 141;7;0;2;8;1;1
202000009160;154 726 136;50;0;2;0;19;3
202000009160;154 726 137;1;0;2;7;1;5
202000009161;154 726 135;32;0;1;1;1;1
202000009162;154 726 134;30;0;1;1;1;0
202000009163;154 726 132;30;0;2;0;1;1
202000009163;154 726 133;10;0;2;0;22;0
202000009164;154 726 130;37;0;2;2;1;2
202000009164;154 726 131;37;0;2;6;1;1
202000009165;154 726 128;50;0;2;2;1;3
202000009165;154 726 129;10;0;2;8;1;1
202000009166;154 726 126;7;0;2;0;2;1
202000009166;154 726 127;7;0;2;4;2;1
202000009167;154 726 124;7;0;2;2;16;1
202000009167;154 726 125;60;0;2;1;5;5
202000009168;154 726 122;50;0;2;0;19;3
202000009168;154 726 123;10;0;2;3;1;1
202000009169;154 726 120;1;0;2;0;15;5
202000009169;154 726 121;7;0;2;1;1;1
202000009170;154 726 118;7;0;2;2;1;1
202000009170;154 726 119;30;0;2;8;9;3
202000009171;154 726 116;7;0;2;4;23;2
202000009171;154 726 117;10;0;2;1;1;1
202000009172;154 726 114;7;0;2;2;14;1
202000009172;154 726 115;7;1;1;6;23;1
202000009173;154 726 112;7;0;2;0;10;1
202000009173;154 726 113;33;0;2;0;1;3
202000009174;154 726 111;32;0;1;1;1;1
202000009175;154 726 109;7;0;2;4;23;1
202000009175;154 726 110;30;0;2;5;2;1