Num_Acc;id_vehicule;categorie_vehicule;obstacle_fixe;obstacle_mobile;point_choc_initial;manoeuvre_principale;motorisation
202000009176;154 726 107;1;0;2;8;9;5
202000009176;154 726 108;50;0;2;1;1;3
202000009177;154 726 105;7;0;2;3;13;1
202000009177;154 726 106;32;0;2;2;17;1
202000009178;154 726 103;1;0;2;7;1;5
202000009178;154 726 104;32;0;2;1;1;1
202000009179;154 726 101;50;0;2;0;5;3
202000009179;154 726 102;1;0;2;0;1;5
202000009180;154 726 099;7;0;2;1;15;1
202000009180;154 726 100;33;0;2;8;1;1
202000009181;154 726 097;10;0;2;6;11;1
202000009181;154 726 098;10;0;2;2;21;1
202000009182;154 726 096;30;12;0;0;11;1
202000009183;154 726 095;7;0;1;1;2;0
202000009184;154 726 093;31;0;2;2;17;1
202000009184;154 726 094;7;0;2;3;15;1
202000009185;154 726 092;7;0;1;2;1;1
202000009186;154 726 090;99;0;2;8;26;3
202000009186;154 726 091;7;0;2;1;1;1
202000009187;154 726 087;7;0;2;8;1;1
202000009187;154 726 088;33;0;2;7;1;1
202000009187;154 726 089;10;0;2;3;11;1
202000009188;154 726 085;1;0;2;4;2;5
202000009188;154 726 086;32;9;2;1;2;1
202000009189;154 726 083;7;0;2;4;26;1
202000009189;154 726 084;50;0;2;1;1;3
202000009190;154 726 082;7;0;1;2;16;1
202000009191;154 726 080;33;0;2;0;0;1
202000009191;154 726 081;7;0;2;0;0;1
202000009192;154 726 078;1;0;2;1;26;5
202000009192;154 726 079;7;0;9;1;9;1
202000009193;154 726 076;7;0;2;3;9;1
202000009193;154 726 077;2;0;2;0;0;1
202000009194;154 726 074;30;0;2;1;25;0
202000009194;154 726 075;7;0;2;2;2;0
202000009195;154 726 072;33;0;2;4;1;1
202000009195;154 726 073;7;0;2;2;1;6
202000009196;154 726 070;7;0;2;1;2;1
202000009196;154 726 071;7;0;2;7;15;1
202000009197;154 726 068;10;0;2;1;1;1
202000009197;154 726 069;1;0;2;1;19;0
202000009198;154 726 066;7;0;2;3;15;1
202000009198;154 726 067;33;0;2;1;17;1
202000009199;154 726 064;1;0;2;1;11;5
202000009199;154 726 065;10;0;2;2;1;1
202000009200;154 726 063;7;0;1;1;1;1
202000009201;154 726 062;7;0;1;1;26;0
202000009202;154 726 060;7;0;2;1;26;1
202000009202;154 726 061;33;0;0;4;0;1
202000009203;154 726 058;30;0;2;7;10;1
202000009203;154 726 059;32;0;2;1;1;1
202000009204;154 726 056;15;0;2;1;2;1
202000009204;154 726 057;2;0;2;4;23;1
202000009205;154 726 054;31;0;2;1;19;1
202000009205;154 726 055;7;0;2;8;2;1
202000009206;154 726 052;7;0;2;2;13;1
202000009206;154 726 053;7;0;2;1;1;1
202000009207;154 726 050;7;0;2;2;1;1
202000009207;154 726 051;2;0;2;1;15;1
202000009208;154 726 047;7;0;2;1;1;1
202000009208;154 726 048;7;0;2;3;19;1
202000009208;154 726 049;7;0;2;1;1;1
202000009209;154 726 045;7;0;2;4;12;0
202000009209;154 726 046;1;0;2;1;1;6
202000009210;154 726 043;7;0;2;3;13;0
202000009210;154 726 044;7;0;2;3;1;0
202000009211;154 726 041;33;0;2;1;21;1
202000009211;154 726 042;7;0;2;3;15;0
202000009212;154 726 039;7;0;2;8;19;1
202000009212;154 726 040;14;0;2;2;1;1
202000009213;154 726 037;31;0;2;1;1;1
202000009213;154 726 038;7;0;0;5;23;1
202000009214;154 726 036;7;0;0;0;1;1
202000009215;154 726 034;7;0;2;3;16;1
202000009215;154 726 035;15;0;2;3;1;1
202000009216;154 726 033;7;3;0;3;1;1
202000009217;154 726 032;13;7;0;2;2;0
202000009218;154 726 030;33;0;2;1;0;1
202000009218;154 726 031;7;0;2;3;0;1
202000009219;154 726 029;7;0;1;3;1;1
202000009220;154 726 027;33;0;2;1;1;1
202000009220;154 726 028;7;0;2;3;15;1
202000009221;154 726 025;33;0;2;1;1;0
202000009221;154 726 026;7;0;2;2;15;0
202000009222;154 726 023;7;0;2;1;19;1
202000009222;154 726 024;7;0;2;3;1;1
202000009223;154 726 021;7;0;2;2;17;1
202000009223;154 726 022;7;0;2;2;1;1
202000009224;154 726 018;33;0;2;4;26;1
202000009224;154 726 019;7;0;2;8;1;1
202000009224;154 726 020;33;0;2;1;1;1
202000009225;154 726 017;1;0;0;7;1;5
202000009226;154 726 015;7;0;2;3;5;1
202000009226;154 726 016;7;0;2;1;1;1
202000009227;154 726 013;2;0;2;1;2;1
202000009227;154 726 014;7;0;0;4;15;1
202000009228;154 726 012;7;15;0;1;1;1
202000009229;154 726 011;7;0;0;0;1;1
202000009230;154 726 009;10;0;0;8;15;2
202000009230;154 726 010;10;7;2;2;2;1
202000009231;154 726 008;10;16;0;1;1;1
202000009232;154 726 005;7;0;2;1;1;1
202000009232;154 726 006;2;0;2;7;1;1
202000009232;154 726 007;2;0;2;1;1;1
202000009233;154 726 003;7;0;2;3;1;1
202000009233;154 726 004;10;0;2;2;1;1
202000009234;154 726 001;33;0;0;0;1;1
202000009235;154 725 999;15;0;0;0;17;1
202000009235;154 726 000;1;0;0;0;2;5
202000009236;154 725 998;21;6;0;3;1;1
202000009237;154 725 997;7;2;0;2;1;1
202000009238;154 725 996;7;0;0;9;21;1
202000009239;154 725 995;7;0;1;1;1;1
202000009240;154 725 993;32;0;2;4;1;1
202000009240;154 725 994;10;0;2;3;9;1
202000009241;154 725 991;7;3;0;6;24;1
202000009241;154 725 992;14;1;0;2;14;1
202000009242;154 725 990;7;17;0;0;14;1
202000009243;154 725 988;7;1;9;1;1;6
202000009243;154 725 989;2;0;2;8;0;6
202000009244;154 725 986;7;0;2;3;5;1
202000009244;154 725 987;33;0;2;1;5;1
202000009245;154 725 984;33;0;2;1;5;1
202000009245;154 725 985;10;0;2;1;1;1
202000009246;154 725 983;7;0;1;3;1;1
202000009247;154 725 981;7;0;0;4;23;1
202000009247;154 725 982;10;0;2;1;2;1
202000009248;154 725 979;7;0;0;4;26;0
202000009248;154 725 980;7;0;2;1;26;0
202000009249;154 725 978;7;0;1;3;1;1
202000009250;154 725 976;7;0;2;3;15;1
202000009250;154 725 977;31;0;2;1;1;1
202000009251;154 725 975;7;0;1;1;1;1
202000009252;154 725 973;7;0;2;3;23;1
202000009252;154 725 974;7;0;1;2;1;1
202000009253;154 725 972;1;0;2;5;1;6
202000009254;154 725 971;10;0;1;1;26;1
202000009255;154 725 969;7;0;2;3;1;1
202000009255;154 725 970;7;0;2;3;13;1
202000009256;154 725 968;7;0;1;3;1;1
202000009257;154 725 966;7;0;2;8;15;1
202000009257;154 725 967;31;0;2;8;1;1
202000009258;154 725 965;7;0;1;1;1;1
202000009259;154 725 963;7;0;2;4;0;1
202000009259;154 725 964;7;0;2;1;1;1
202000009260;154 725 962;10;13;0;0;1;1
202000009261;154 725 960;31;0;2;1;26;1
202000009261;154 725 961;7;0;2;5;15;1
202000009262;154 725 958;32;0;2;2;1;1
202000009262;154 725 959;7;0;2;3;1;1
202000009263;154 725 956;7;0;2;2;15;1
202000009263;154 725 957;7;0;2;3;1;1
202000009264;154 725 955;7;0;1;1;17;1
202000009265;154 725 954;7;0;1;2;16;1
202000009266;154 725 950;7;0;2;3;2;0
202000009266;154 725 951;7;0;2;4;2;1
202000009267;154 725 949;7;0;1;1;1;2
202000009268;154 725 947;34;0;2;1;1;1
202000009268;154 725 948;10;0;2;7;16;1
202000009269;154 725 946;14;0;1;1;9;1
202000009270;154 725 943;7;0;2;1;9;0
202000009270;154 725 944;7;0;2;4;9;0
202000009270;154 725 945;7;0;0;4;23;1
202000009271;154 725 941;7;0;2;3;10;1
202000009271;154 725 942;33;0;2;1;17;1
202000009272;154 725 939;7;0;2;1;1;1
202000009272;154 725 940;7;0;2;4;23;1
202000009273;154 725 938;7;0;1;1;1;1
202000009274;154 725 937;7;0;1;3;1;1
202000009275;154 725 936;7;0;1;2;1;1
202000009276;154 725 935;15;0;1;1;1;1
202000009277;154 725 933;7;0;2;3;19;1
202000009277;154 725 934;31;0;2;2;2;1
202000009278;154 725 932;7;0;1;3;26;1
202000009279;154 725 930;7;0;2;4;23;1
202000009279;154 725 931;14;0;2;1;2;1
202000009280;154 725 929;10;1;0;1;14;3
202000009281;154 725 927;31;0;2;2;2;1
202000009281;154 725 928;10;0;2;3;13;1
202000009282;154 725 925;32;0;2;1;1;1
202000009282;154 725 926;7;0;2;3;15;1
202000009283;154 725 923;7;14;2;1;1;1
202000009283;154 725 924;7;0;2;1;1;0
202000009284;154 725 921;2;0;2;1;1;3
202000009284;154 725 922;7;0;2;7;1;1
202000009285;154 725 920;1;0;1;1;1;5
202000009286;154 725 918;7;1;2;3;1;1
202000009286;154 725 919;7;0;2;3;9;1
202000009287;154 725 916;10;0;2;4;23;1
202000009287;154 725 917;7;0;2;4;2;1
202000009288;154 725 914;7;0;2;5;2;1
202000009288;154 725 915;1;0;2;1;2;5
202000009289;154 725 913;33;0;1;1;1;1
202000009290;154 725 912;1;0;0;0;1;5
202000009291;154 725 910;50;0;2;1;1;3
202000009291;154 725 911;7;0;2;3;16;1
202000009292;154 725 908;1;0;0;3;1;5
202000009292;154 725 909;10;0;2;1;0;0
202000009293;154 725 906;1;0;2;1;5;0
202000009293;154 725 907;10;0;2;3;2;1
202000009294;154 725 904;7;0;2;4;2;0
202000009294;154 725 905;17;0;2;1;1;0
202000009295;154 725 902;7;1;2;8;15;1
202000009295;154 725 903;7;1;2;1;1;1
202000009296;154 725 900;50;0;2;5;15;3
202000009296;154 725 901;7;0;9;3;9;1
202000009297;154 725 898;10;0;2;3;11;0
202000009297;154 725 899;31;0;0;2;1;0
202000009298;154 725 897;10;0;1;2;1;1
202000009299;154 725 895;10;0;2;5;19;1
202000009299;154 725 896;10;7;2;3;2;1
202000009300;154 725 894;7;9;0;1;20;1
202000009301;154 725 892;7;0;2;4;2;1
202000009301;154 725 893;7;0;2;1;9;1
202000009302;154 725 891;7;0;1;4;26;1
202000009303;154 725 889;10;7;0;4;2;1
202000009303;154 725 890;10;1;2;1;21;1
202000009304;154 725 887;7;0;2;1;15;0
202000009304;154 725 888;2;0;2;1;2;0
202000009305;154 725 885;7;0;2;3;9;0
202000009305;154 725 886;7;0;2;7;1;1
202000009306;154 725 884;99;0;1;2;26;0
202000009307;154 725 882;7;0;2;2;15;1
202000009307;154 725 883;2;0;2;1;26;1
202000009308;154 725 880;1;1;2;5;2;0
202000009308;154 725 881;60;0;2;2;0;5
202000009309;154 725 879;3;0;1;7;14;1
202000009310;154 725 878;7;0;1;1;1;1
202000009311;154 725 877;30;3;0;2;15;1
202000009312;154 725 875;32;0;2;1;0;1
202000009312;154 725 876;7;0;2;3;15;1
202000009313;154 725 874;33;0;1;2;13;1
202000009314;154 725 872;7;0;2;2;1;1
202000009314;154 725 873;7;0;2;3;9;1
202000009315;154 725 870;15;0;2;2;1;1
202000009315;154 725 871;10;0;2;8;16;1
202000009316;154 725 868;7;0;2;1;1;1
202000009316;154 725 869;7;0;2;1;1;1
202000009317;154 725 867;7;2;0;2;1;0
202000009318;154 725 866;2;13;0;1;1;1
202000009319;154 725 864;7;2;0;1;1;1
202000009320;154 725 863;7;13;0;1;13;1
202000009321;154 725 860;7;0;2;5;21;1
202000009321;154 725 861;33;0;2;4;13;1
202000009321;154 725 862;7;0;2;3;2;1
202000009322;154 725 859;30;0;0;0;1;1
202000009323;154 725 858;10;13;0;1;1;1
202000009324;154 725 857;7;15;0;1;1;1
202000009325;154 725 855;15;0;2;6;1;1
202000009325;154 725 856;7;13;2;3;13;1
202000009326;154 725 854;21;0;1;1;1;1
202000009327;154 725 852;80;0;2;5;1;3
202000009327;154 725 853;7;0;2;2;1;1
202000009328;154 725 851;7;2;0;1;1;1
202000009329;154 725 849;7;0;2;1;13;1
202000009329;154 725 850;10;0;2;8;1;1
202000009330;154 725 847;7;0;0;7;26;1
202000009330;154 725 848;7;0;2;3;1;1
202000009331;154 725 845;7;0;2;1;1;1
202000009331;154 725 846;7;0;2;1;13;1
202000009332;154 725 844;33;13;0;1;1;1
202000009333;154 725 843;7;13;1;3;1;1
202000009334;154 725 842;2;3;0;1;13;1
202000009335;154 725 841;1;16;0;1;15;5
202000009336;154 725 840;7;3;0;1;1;1
202000009337;154 725 839;7;15;0;1;1;1
202000009338;154 725 837;17;13;0;2;6;1
202000009339;154 725 836;33;8;0;7;0;1
202000009340;154 725 835;10;0;1;7;0;0
202000009341;154 725 834;7;12;0;1;1;1
202000009342;154 725 833;7;0;0;4;13;1
202000009343;154 725 831;7;0;2;1;1;1
202000009343;154 725 832;7;0;2;1;13;1
202000009344;154 725 830;7;0;1;2;1;1
202000009345;154 725 828;7;0;9;3;5;1
202000009345;154 725 829;33;0;2;8;1;1
202000009346;154 725 826;10;0;2;1;1;1
202000009346;154 725 827;7;8;2;2;1;1
202000009347;154 725 824;2;0;2;3;1;1
202000009347;154 725 825;7;0;2;2;17;1
202000009348;154 725 822;7;0;2;1;19;1
202000009348;154 725 823;7;0;2;8;1;1
202000009349;154 725 821;2;13;0;2;1;1
202000009350;154 725 820;7;13;0;8;13;1
202000009351;154 725 815;7;0;0;4;1;1
202000009351;154 725 816;10;0;2;1;2;1
202000009352;154 725 814;7;0;0;0;2;1
202000009353;154 725 812;34;0;2;7;26;1
202000009353;154 725 813;7;0;2;8;26;1
202000009354;154 725 810;7;0;2;1;1;1
202000009354;154 725 811;7;0;2;4;1;1
202000009355;154 725 808;7;0;2;4;23;1
202000009355;154 725 809;7;1;0;1;2;1
202000009356;154 725 801;7;0;2;4;2;6
202000009356;154 725 802;17;0;2;8;21;1
202000009356;154 725 803;13;1;0;1;1;1
202000009356;154 725 804;10;1;2;4;23;1
202000009356;154 725 805;7;0;2;4;23;1
202000009356;154 725 806;10;0;2;7;2;1
202000009356;154 725 807;7;0;2;1;2;1
202000009357;154 725 799;7;0;2;4;0;1
202000009357;154 725 800;17;0;2;1;0;1
202000009358;154 725 797;33;0;2;2;3;1
202000009358;154 725 798;7;0;2;6;11;1
202000009359;154 725 794;7;0;2;6;1;1
202000009359;154 725 795;33;0;2;8;3;1
202000009359;154 725 796;10;0;2;2;12;1
202000009360;154 725 792;10;0;2;8;11;1
202000009360;154 725 793;7;0;2;1;1;1
202000009361;154 725 790;7;0;2;4;1;1
202000009361;154 725 791;7;0;2;1;1;1
202000009362;154 725 788;7;0;2;3;1;1
202000009362;154 725 789;7;14;2;3;17;1
202000009363;154 725 787;10;0;1;1;1;1
202000009364;154 725 785;7;0;2;8;15;1
202000009364;154 725 786;7;0;2;3;1;1
202000009365;154 725 783;30;0;2;1;1;1
202000009365;154 725 784;7;0;2;7;26;1
202000009366;154 725 782;7;12;0;9;0;1
202000009367;154 725 780;7;0;2;1;1;0
202000009367;154 725 781;7;0;2;3;1;0
202000009368;154 725 778;7;0;2;1;1;1
202000009368;154 725 779;7;0;2;3;1;1
202000009369;154 725 777;7;0;1;1;15;0
202000009370;154 725 775;7;0;2;2;26;1
202000009370;154 725 776;1;0;2;1;19;5
202000009371;154 725 773;7;0;2;1;1;1
202000009371;154 725 774;7;0;2;6;1;1
202000009372;154 725 772;7;0;1;1;1;0
202000009373;154 725 770;7;0;2;1;26;1
202000009373;154 725 771;7;0;2;1;1;1
202000009374;154 725 769;7;0;1;2;14;0
202000009375;154 725 767;7;0;2;1;9;1
202000009375;154 725 768;7;0;2;4;2;0
202000009376;154 725 766;7;0;1;1;1;1
202000009377;154 725 764;7;0;2;1;1;2
202000009377;154 725 765;7;3;2;1;1;1
202000009378;154 725 762;1;0;2;1;1;5
202000009378;154 725 763;31;0;1;1;17;1
202000009379;154 725 760;7;0;2;3;15;1
202000009379;154 725 761;30;0;2;1;1;1
202000009380;154 725 758;7;0;2;1;9;1
202000009380;154 725 759;7;0;2;1;15;1
202000009381;154 725 755;7;0;2;7;17;0
202000009381;154 725 756;1;0;2;8;13;0
202000009382;154 725 754;7;0;1;1;1;1
202000009383;154 725 753;7;6;0;1;1;1
202000009384;154 725 752;7;0;0;0;21;1
202000009385;154 725 751;7;0;1;7;17;1
202000009386;154 725 749;7;0;2;0;16;1
202000009386;154 725 750;1;0;2;1;16;5
202000009387;154 725 748;7;0;1;2;16;2
202000009388;154 725 747;30;0;0;8;26;1
202000009389;154 725 745;7;0;2;0;0;0
202000009389;154 725 746;30;0;2;9;1;0
202000009390;154 725 744;7;4;0;3;9;1
202000009391;154 725 743;7;0;1;1;1;1
202000009392;154 725 741;7;0;2;3;1;1
202000009392;154 725 742;7;0;2;2;19;1
202000009393;154 725 739;7;0;2;1;1;1
202000009393;154 725 740;7;0;2;7;1;1
202000009394;154 725 737;7;0;2;5;15;1
202000009394;154 725 738;30;0;2;1;1;1
202000009395;154 725 736;7;0;1;0;0;1
202000009396;154 725 734;10;0;2;1;2;1
202000009396;154 725 735;7;0;2;4;2;1
202000009397;154 725 733;7;0;1;1;19;1
202000009398;154 725 731;7;0;2;1;1;1
202000009398;154 725 732;7;0;0;4;1;1
202000009399;154 725 728;7;0;2;7;1;1
202000009399;154 725 729;7;0;2;3;23;1
202000009399;154 725 730;7;0;2;1;1;1
202000009400;154 725 727;7;0;1;1;16;1
202000009401;154 725 726;17;0;1;3;26;1
202000009402;154 725 724;1;0;2;0;26;5
202000009402;154 725 725;7;0;2;1;1;1
202000009403;154 725 722;10;0;2;3;13;1
202000009403;154 725 723;10;0;2;3;1;1
202000009404;154 725 721;7;0;1;1;1;1
202000009405;154 725 720;7;0;1;1;1;1
202000009406;154 725 718;7;0;2;7;1;1
202000009406;154 725 719;7;0;2;1;9;1
202000009407;154 725 716;7;0;2;3;0;1
202000009407;154 725 717;7;0;2;8;23;1
202000009408;154 725 710;7;0;2;4;1;1
202000009408;154 725 711;7;0;2;1;1;1
202000009408;154 725 712;7;0;2;5;1;1
202000009409;154 725 709;30;12;0;0;1;1
202000009410;154 725 707;1;0;2;1;1;5
202000009410;154 725 708;7;0;2;3;9;1
202000009411;154 725 706;7;0;1;1;1;1
202000009412;154 725 705;7;4;0;1;1;1
202000009413;154 725 703;7;0;0;8;1;1
202000009413;154 725 704;7;0;2;1;15;1
202000009414;154 725 701;32;0;2;1;0;1
202000009414;154 725 702;7;0;2;7;0;1
202000009415;154 725 698;33;0;2;1;1;0
202000009415;154 725 699;7;0;2;1;0;0
202000009415;154 725 700;7;0;2;3;1;0
202000009416;154 725 696;7;0;2;3;1;1
202000009416;154 725 697;1;0;2;2;1;0
202000009417;154 725 693;99;0;2;3;23;1
202000009417;154 725 694;31;0;2;1;1;1
202000009417;154 725 695;7;14;0;3;1;1
202000009418;154 725 690;10;0;2;4;1;1
202000009418;154 725 691;10;0;2;1;1;1
202000009418;154 725 692;7;0;2;4;1;1
202000009419;154 725 688;7;0;2;1;19;1
202000009419;154 725 689;7;0;2;7;1;1
202000009420;154 725 687;7;4;0;0;13;1
202000009421;154 725 686;7;14;1;1;26;1
202000009422;154 725 685;7;0;1;2;1;1
202000009423;154 725 683;7;0;2;2;1;1
202000009423;154 725 684;60;0;2;5;19;5
202000009424;154 725 681;7;0;2;4;2;2
202000009424;154 725 682;32;0;2;1;2;1
202000009425;154 725 678;7;0;2;4;2;1
202000009425;154 725 679;7;0;2;4;1;1
202000009425;154 725 680;7;0;2;1;2;1
202000009426;154 725 676;33;0;2;6;1;1
202000009426;154 725 677;7;0;2;2;12;1
202000009427;154 725 674;7;0;2;6;1;1
202000009427;154 725 675;32;0;2;1;1;1
202000009428;154 725 672;30;0;2;0;23;1
202000009428;154 725 673;7;0;2;0;17;1
202000009429;154 725 670;33;8;2;1;1;1
202000009429;154 725 671;1;0;2;7;12;5
202000009430;154 725 669;30;0;1;8;17;0
202000009431;154 725 668;30;0;1;1;1;0
202000009432;154 725 666;7;0;2;3;15;1
202000009432;154 725 667;2;0;2;1;17;1
202000009433;154 725 664;50;0;2;7;19;3
202000009433;154 725 665;7;0;2;2;1;1
202000009434;154 725 663;30;0;1;1;1;1
202000009435;154 725 661;7;7;2;1;9;1
202000009435;154 725 662;37;0;2;0;8;1
202000009436;154 725 659;30;0;2;1;1;1
202000009436;154 725 660;50;0;2;1;15;3
202000009437;154 725 658;7;0;1;3;15;1
202000009438;154 725 657;7;0;1;1;1;1
202000009439;154 725 655;7;0;2;1;1;1
202000009439;154 725 656;7;0;2;8;5;1
202000009440;154 725 653;50;0;2;1;15;3
202000009440;154 725 654;32;0;0;7;1;1
202000009441;154 725 651;33;0;2;3;1;1
202000009441;154 725 652;7;0;2;2;12;1
202000009442;154 725 650;1;0;0;0;0;5
202000009443;154 725 648;99;0;2;1;13;1
202000009443;154 725 649;1;0;2;1;1;5
202000009444;154 725 647;31;0;0;1;1;1
202000009445;154 725 645;33;0;2;1;1;1
202000009445;154 725 646;7;0;2;2;15;1
202000009446;154 725 643;7;0;9;6;15;6
202000009446;154 725 644;1;0;2;1;17;0
202000009447;154 725 639;1;0;2;0;2;5
202000009447;154 725 640;1;0;2;0;2;5
202000009447;154 725 641;1;0;2;0;2;5
202000009447;154 725 642;1;0;2;0;2;5
202000009448;154 725 635;7;0;2;4;23;1
202000009448;154 725 636;7;0;2;1;16;1
202000009448;154 725 637;7;0;0;4;23;1
202000009448;154 725 638;7;0;2;4;23;1
202000009449;154 725 634;36;0;0;1;0;1
202000009450;154 725 632;21;0;2;1;15;1
202000009450;154 725 633;7;3;2;2;1;1
202000009451;154 725 631;10;8;0;1;1;1
202000009452;154 725 630;7;0;1;1;1;1
202000009453;154 725 625;1;0;2;3;15;5
202000009453;154 725 626;7;0;2;5;1;1
202000009454;154 725 624;32;0;6;1;1;1
202000009455;154 725 623;7;13;0;1;1;1
202000009456;154 725 622;33;13;0;2;14;6
202000009457;154 725 620;15;0;2;1;1;1
202000009457;154 725 621;7;0;2;1;13;1
202000009458;154 725 619;33;3;0;3;13;1
202000009459;154 725 618;7;13;0;3;1;1
202000009460;154 725 616;21;0;2;6;15;1
202000009460;154 725 617;31;0;2;9;1;1
202000009461;154 725 615;7;0;1;1;1;1
202000009462;154 725 614;31;0;0;0;1;1
202000009463;154 725 613;33;0;0;0;1;1
202000009464;154 725 612;33;0;0;7;1;1
202000009465;154 725 610;33;0;2;1;1;1
202000009465;154 725 611;33;0;2;4;1;1
202000009466;154 725 608;31;0;2;7;1;1
202000009466;154 725 609;7;0;2;1;1;1
202000009467;154 725 606;1;0;2;1;1;5
202000009467;154 725 607;7;0;9;2;15;1
202000009468;154 725 604;17;0;2;6;15;1
202000009468;154 725 605;30;0;2;1;1;1
202000009469;154 725 603;80;0;0;0;0;3
202000009470;154 725 601;7;8;0;1;1;1
202000009471;154 725 599;7;0;2;7;13;1
202000009471;154 725 600;7;0;2;1;1;1
202000009472;154 725 598;2;6;0;7;1;1
202000009473;154 725 597;10;13;0;1;13;1
202000009474;154 725 595;1;0;0;7;2;5
202000009474;154 725 596;1;0;0;8;26;5
202000009475;154 725 593;1;1;0;1;1;5
202000009475;154 725 594;14;0;1;6;23;1
202000009476;154 725 591;7;0;9;1;1;1
202000009476;154 725 592;1;0;2;1;16;5
202000009477;154 725 589;1;0;2;4;15;5
202000009477;154 725 590;33;0;9;1;17;1
202000009478;154 725 588;1;0;0;1;0;5
202000009479;154 725 587;33;6;0;1;1;0
202000009480;154 725 585;7;0;2;6;0;1
202000009480;154 725 586;7;0;2;3;0;1
202000009481;154 725 583;1;0;2;2;17;5
202000009481;154 725 584;7;0;9;8;15;1
202000009482;154 725 582;7;0;0;0;0;1
202000009483;154 725 581;7;13;0;2;1;1
202000009484;154 725 580;33;0;0;0;1;1
202000009485;154 725 579;2;6;0;1;14;1
202000009486;154 725 577;1;0;1;8;1;5
202000009486;154 725 578;1;0;5;8;1;5
202000009487;154 725 575;10;0;2;7;17;1
202000009487;154 725 576;1;0;2;8;13;5
202000009488;154 725 574;33;0;0;2;1;1
202000009489;154 725 573;7;1;1;2;1;1
202000009490;154 725 571;7;0;2;5;15;1
202000009490;154 725 572;33;0;2;1;1;1
202000009491;154 725 569;33;0;2;3;1;1
202000009491;154 725 570;7;0;2;2;15;1
202000009492;154 725 567;7;0;2;1;2;1
202000009492;154 725 568;7;0;0;6;2;1
202000009493;154 725 565;7;3;2;6;13;1
202000009493;154 725 566;7;3;2;2;1;1
202000009494;154 725 563;7;0;2;8;13;1
202000009494;154 725 564;7;0;2;7;1;1
202000009495;154 725 560;7;0;2;4;23;1
202000009495;154 725 561;7;4;2;7;14;1
202000009495;154 725 562;7;0;2;8;1;1
202000009496;154 725 558;7;0;2;1;3;1
202000009496;154 725 559;7;6;2;5;0;1
202000009497;154 725 556;7;0;2;2;1;1
202000009497;154 725 557;7;0;2;0;1;1
202000009498;154 725 555;7;4;0;2;1;1
202000009499;154 725 554;7;0;0;3;13;1
202000009500;154 725 553;33;0;0;9;1;1
202000009501;154 725 552;33;16;0;7;15;1
202000009502;154 725 550;7;0;2;6;2;1
202000009502;154 725 551;7;0;2;2;2;1
202000009503;154 725 546;7;0;2;1;2;1
202000009503;154 725 547;7;0;2;4;1;1
202000009503;154 725 548;7;0;2;4;2;1
202000009503;154 725 549;7;0;2;1;1;1
202000009504;154 725 545;10;3;0;2;1;0
202000009505;154 725 544;7;0;1;3;15;1
202000009506;154 725 543;7;0;1;3;17;1
202000009507;154 725 541;10;0;2;6;23;1
202000009507;154 725 542;31;0;2;2;2;1
202000009508;154 725 540;10;15;0;1;14;1
202000009509;154 725 538;7;0;2;8;15;1
202000009509;154 725 539;34;0;2;2;17;1
202000009510;154 725 537;7;0;0;9;1;1
202000009511;154 725 535;7;0;9;3;9;1
202000009511;154 725 536;80;0;2;1;1;3
202000009512;154 725 533;2;0;2;7;0;0
202000009512;154 725 534;7;0;9;1;16;0
202000009513;154 725 531;7;0;2;3;2;1
202000009513;154 725 532;7;0;0;5;2;1
202000009514;154 725 529;0;0;2;0;0;0
202000009514;154 725 530;7;0;2;5;17;1
202000009515;154 725 527;7;0;2;2;11;1
202000009515;154 725 528;7;0;2;8;12;1
202000009516;154 725 526;50;0;2;4;1;3
202000009517;154 725 524;2;14;2;1;5;1
202000009517;154 725 525;7;0;2;1;1;1
202000009518;154 725 523;7;0;1;2;26;1
202000009519;154 725 520;7;0;2;1;2;1
202000009519;154 725 521;7;0;2;9;2;1
202000009519;154 725 522;7;0;0;5;23;1
202000009520;154 725 519;7;0;1;1;1;1
202000009521;154 725 518;31;1;0;1;15;0
202000009522;154 725 515;7;0;2;0;15;1
202000009522;154 725 516;7;0;2;8;15;1
202000009522;154 725 517;7;0;1;3;26;1
202000009523;154 725 514;32;4;0;1;26;1
202000009524;154 725 512;7;0;2;8;15;1
202000009524;154 725 513;2;0;2;1;1;1
202000009525;154 725 510;30;0;2;7;1;1
202000009525;154 725 511;7;0;2;1;1;1
202000009526;154 725 508;7;0;2;5;0;1
202000009526;154 725 509;7;15;2;1;26;1
202000009527;154 725 506;7;0;2;1;1;1
202000009527;154 725 507;7;0;2;1;1;1
202000009528;154 725 504;1;0;2;3;1;5
202000009528;154 725 505;7;0;2;3;15;1
202000009529;154 725 502;7;0;2;8;15;1
202000009529;154 725 503;31;0;2;1;17;1
202000009530;154 725 501;7;0;1;4;4;1
202000009531;154 725 499;7;0;2;8;24;1
202000009531;154 725 500;1;1;0;1;1;5
202000009532;154 725 497;7;0;2;2;10;1
202000009532;154 725 498;33;0;2;8;2;1
202000009533;154 725 494;7;14;2;1;26;1
202000009533;154 725 495;7;0;2;4;23;1
202000009533;154 725 496;7;0;2;4;23;1
202000009534;154 725 492;7;0;1;0;0;0