Num_Acc;id_vehicule;categorie_vehicule;obstacle_fixe;obstacle_mobile;point_choc_initial;manoeuvre_principale;motorisation
202000009882;154 724 869;2;0;2;7;13;1
202000009882;154 724 870;10;0;2;3;15;1
202000009883;154 724 868;7;0;1;1;26;1
202000009884;154 724 867;30;6;0;1;2;1
202000009885;154 724 864;7;0;2;8;2;1
202000009885;154 724 865;7;0;2;4;2;1
202000009885;154 724 866;10;0;2;1;2;1
202000009886;154 724 862;7;0;0;4;1;0
202000009886;154 724 863;7;0;2;1;1;0
202000009887;154 724 860;33;0;2;1;1;1
202000009887;154 724 861;99;0;2;7;19;0
202000009888;154 724 859;7;4;0;3;13;1
202000009889;154 724 858;1;0;0;0;0;5
202000009890;154 724 857;7;9;0;1;20;1
202000009891;154 724 856;7;2;0;0;1;1
202000009892;154 724 854;7;0;2;2;15;1
202000009892;154 724 855;7;0;2;2;1;1
202000009893;154 724 852;43;0;2;1;1;1
202000009893;154 724 853;7;0;2;6;11;1
202000009894;154 724 849;7;0;2;8;11;1
202000009894;154 724 850;43;0;2;2;1;1
202000009894;154 724 851;7;0;2;8;9;1
202000009895;154 724 848;1;0;1;1;1;5
202000009896;154 724 846;31;0;2;1;1;1
202000009896;154 724 847;1;0;2;8;11;5
202000009897;154 724 844;7;0;2;2;9;1
202000009897;154 724 845;43;0;2;3;1;1
202000009898;154 724 842;7;0;2;3;9;1
202000009898;154 724 843;50;0;2;2;1;3
202000009899;154 724 840;30;0;2;1;1;1
202000009899;154 724 841;7;0;2;2;1;2
202000009900;154 724 838;7;0;2;4;23;1
202000009900;154 724 839;7;0;2;1;1;1
202000009901;154 724 836;7;0;2;3;1;1
202000009901;154 724 837;7;0;2;1;1;1
202000009902;154 724 834;1;0;2;1;1;5
202000009902;154 724 835;7;0;2;4;23;1
202000009903;154 724 832;7;0;2;3;1;1
202000009903;154 724 833;1;0;2;1;1;5
202000009904;154 724 830;7;0;2;7;22;1
202000009904;154 724 831;50;0;2;1;1;3
202000009905;154 724 829;7;0;1;3;15;2
202000009906;154 724 825;30;0;2;5;13;1
202000009906;154 724 826;7;0;2;2;1;3
202000009907;154 724 823;7;0;2;3;10;1
202000009907;154 724 824;32;0;2;2;1;1
202000009908;154 724 822;1;0;1;1;1;5
202000009909;154 724 821;1;0;1;0;1;5
202000009910;154 724 819;50;0;2;6;1;3
202000009910;154 724 820;10;0;2;3;15;1
202000009911;154 724 818;32;1;0;1;26;0
202000009912;154 724 817;7;0;1;1;16;0
202000009913;154 724 815;7;0;9;0;0;0
202000009913;154 724 816;50;0;2;0;16;3
202000009914;154 724 814;7;0;1;3;16;0
202000009915;154 724 812;7;0;2;7;15;1
202000009915;154 724 813;33;0;2;1;1;1
202000009916;154 724 810;7;14;0;4;23;1
202000009916;154 724 811;7;0;2;1;2;1
202000009917;154 724 809;10;0;1;3;1;1
202000009918;154 724 808;10;1;1;2;2;1
202000009919;154 724 807;7;0;1;3;15;0
202000009920;154 724 805;7;0;2;1;26;1
202000009920;154 724 806;7;0;2;6;19;1
202000009921;154 724 803;7;0;2;1;15;1
202000009921;154 724 804;32;0;2;1;1;1
202000009922;154 724 802;10;0;1;0;9;0
202000009923;154 724 798;1;0;0;0;1;5
202000009924;154 724 797;7;0;1;2;1;1
202000009925;154 724 796;10;0;1;2;16;1
202000009926;154 724 794;7;0;2;2;14;1
202000009926;154 724 795;7;0;2;6;1;1
202000009927;154 724 792;7;0;2;1;15;1
202000009927;154 724 793;50;0;2;1;1;3
202000009928;154 724 791;50;0;1;1;1;3
202000009929;154 724 790;7;0;1;3;15;1
202000009930;154 724 788;7;0;0;7;19;0
202000009930;154 724 789;2;0;2;1;1;0
202000009931;154 724 786;7;0;2;3;14;1
202000009931;154 724 787;7;0;2;3;13;1
202000009932;154 724 785;7;0;1;6;20;1
202000009933;154 724 783;7;3;2;3;1;1
202000009933;154 724 784;34;0;2;1;0;1
202000009934;154 724 782;7;0;1;1;16;1
202000009935;154 724 780;33;0;0;7;26;1
202000009935;154 724 781;7;0;0;0;19;1
202000009936;154 724 778;7;0;2;1;1;1
202000009936;154 724 779;7;0;2;1;13;1
202000009937;154 724 776;7;0;2;7;13;1
202000009937;154 724 777;38;0;2;2;1;1
202000009938;154 724 774;7;0;2;5;17;1
202000009938;154 724 775;2;0;2;6;2;1
202000009939;154 724 771;7;0;0;1;15;1
202000009939;154 724 772;7;0;0;2;1;1
202000009939;154 724 773;7;0;0;3;9;1
202000009940;154 724 770;7;2;0;1;1;1
202000009941;154 724 768;7;0;2;3;13;1
202000009941;154 724 769;7;0;2;3;1;1
202000009942;154 724 766;7;0;2;8;9;1
202000009942;154 724 767;14;0;2;2;1;1
202000009943;154 724 764;7;0;0;0;1;1
202000009943;154 724 765;7;0;0;0;1;1
202000009944;154 724 763;7;6;0;3;1;1
202000009945;154 724 761;7;0;2;6;9;1
202000009945;154 724 762;7;0;2;2;1;1
202000009946;154 724 759;7;0;2;4;2;1
202000009946;154 724 760;7;0;2;1;2;1
202000009947;154 724 757;7;0;2;8;1;1
202000009947;154 724 758;7;4;2;1;1;1
202000009948;154 724 756;7;0;1;4;4;1
202000009949;154 724 754;2;0;2;8;13;1
202000009949;154 724 755;7;0;2;2;1;1
202000009950;154 724 753;7;13;0;2;1;1
202000009951;154 724 752;7;0;1;2;1;1
202000009952;154 724 751;7;13;0;3;1;1
202000009953;154 724 750;33;0;0;3;1;1
202000009954;154 724 747;7;0;1;0;0;0
202000009955;154 724 745;7;0;2;1;2;1
202000009955;154 724 746;7;0;0;4;1;1
202000009956;154 724 742;33;0;2;1;2;1
202000009956;154 724 743;7;0;0;4;2;1
202000009956;154 724 744;7;0;0;4;2;1
202000009957;154 724 740;7;0;9;2;15;1
202000009957;154 724 741;1;0;2;3;1;5
202000009958;154 724 738;7;0;2;3;0;1
202000009958;154 724 739;10;0;2;1;1;1
202000009959;154 724 737;7;0;1;2;1;1
202000009960;154 724 736;7;1;0;2;2;1
202000009961;154 724 735;30;8;0;1;26;1
202000009962;154 724 734;7;0;1;8;15;1
202000009963;154 724 732;7;0;0;2;15;1
202000009963;154 724 733;7;0;2;1;1;1
202000009964;154 724 731;7;0;1;1;26;1
202000009965;154 724 730;7;15;0;2;1;1
202000009966;154 724 726;2;0;2;1;1;1
202000009966;154 724 727;7;0;2;2;19;1
202000009967;154 724 725;7;0;1;3;26;1
202000009968;154 724 724;7;4;0;3;0;1
202000009969;154 724 722;7;0;2;1;26;1
202000009969;154 724 723;7;0;2;4;0;1
202000009970;154 724 721;7;0;0;8;12;1
202000009971;154 724 719;7;0;2;1;13;6
202000009971;154 724 720;7;0;2;6;0;1
202000009972;154 724 713;7;0;2;4;0;1
202000009972;154 724 714;7;0;2;4;1;1
202000009972;154 724 715;10;0;2;4;1;1
202000009972;154 724 716;17;0;2;1;1;1
202000009972;154 724 717;7;0;2;4;1;1
202000009972;154 724 718;7;0;2;6;1;1
202000009973;154 724 709;10;0;2;4;2;1
202000009973;154 724 710;10;0;2;4;1;1
202000009973;154 724 711;7;0;2;4;1;1
202000009973;154 724 712;7;0;2;1;2;1
202000009974;154 724 707;7;0;2;6;11;1
202000009974;154 724 708;33;0;2;7;3;1
202000009975;154 724 705;7;0;2;4;2;1
202000009975;154 724 706;7;0;2;1;2;1
202000009976;154 724 703;7;0;2;1;2;1
202000009976;154 724 704;7;0;2;4;2;1
202000009977;154 724 702;7;3;0;9;2;1
202000009978;154 724 701;7;0;2;9;2;1
202000009979;154 724 699;32;0;2;8;1;1
202000009979;154 724 700;7;0;2;2;14;1
202000009980;154 724 697;7;0;2;5;1;1
202000009980;154 724 698;7;0;2;3;0;1
202000009981;154 724 696;7;4;0;1;17;1
202000009982;154 724 693;7;0;2;4;1;1
202000009982;154 724 694;7;0;2;1;0;1
202000009982;154 724 695;10;0;2;1;1;1
202000009983;154 724 690;13;0;2;2;2;1
202000009983;154 724 691;42;0;2;1;1;0
202000009983;154 724 692;10;0;2;3;11;1
202000009984;154 724 687;7;0;2;1;1;1
202000009984;154 724 688;10;0;2;1;1;1
202000009984;154 724 689;7;4;2;1;21;1
202000009985;154 724 685;10;0;0;4;2;1
202000009985;154 724 686;33;0;2;1;2;1
202000009986;154 724 683;7;0;2;4;0;1
202000009986;154 724 684;33;0;2;1;26;1
202000009987;154 724 681;15;0;2;1;1;1
202000009987;154 724 682;7;0;2;4;1;1
202000009988;154 724 678;13;0;2;1;2;0
202000009988;154 724 679;7;0;2;6;2;0
202000009988;154 724 680;10;0;2;6;0;0
202000009989;154 724 676;7;0;2;5;12;1
202000009989;154 724 677;33;0;2;1;18;1
202000009990;154 724 673;7;0;2;4;2;1
202000009990;154 724 674;7;0;2;4;2;1
202000009990;154 724 675;7;0;2;1;2;1
202000009991;154 724 671;33;0;2;1;3;1
202000009991;154 724 672;7;0;2;6;11;1
202000009992;154 724 669;7;0;2;6;11;0
202000009992;154 724 670;31;0;2;1;3;1
202000009993;154 724 668;7;5;0;1;1;1
202000009994;154 724 666;15;0;2;4;1;1
202000009994;154 724 667;10;0;2;1;1;1
202000009995;154 724 665;33;0;2;1;2;1
202000009996;154 724 663;15;0;2;3;1;1
202000009996;154 724 664;7;0;2;2;12;1
202000009997;154 724 661;17;0;2;2;14;1
202000009997;154 724 662;7;4;0;6;1;1
202000009998;154 724 660;7;4;0;1;1;1
202000009999;154 724 658;10;0;2;4;1;1
202000009999;154 724 659;7;0;2;1;1;1
202000010000;154 724 657;3;0;1;1;26;1
202000010001;154 724 656;50;0;1;1;17;3
202000010002;154 724 654;7;0;2;1;5;1
202000010002;154 724 655;17;0;2;1;9;1
202000010003;154 724 652;7;0;2;1;1;1
202000010003;154 724 653;7;0;2;7;15;1
202000010004;154 724 651;7;0;1;1;0;1
202000010005;154 724 649;7;0;2;7;1;1
202000010005;154 724 650;10;0;2;1;16;1
202000010006;154 724 647;33;0;2;1;2;1
202000010006;154 724 648;7;0;2;4;2;1
202000010007;154 724 645;7;0;2;1;2;1
202000010007;154 724 646;7;0;2;4;2;1
202000010008;154 724 643;30;0;2;1;1;1
202000010008;154 724 644;7;0;2;7;16;1
202000010009;154 724 641;2;0;2;7;17;1
202000010009;154 724 642;7;0;2;1;19;1
202000010010;154 724 639;40;0;2;1;1;0
202000010010;154 724 640;7;0;2;8;15;0
202000010011;154 724 637;7;0;2;4;12;1
202000010011;154 724 638;15;0;2;1;1;6
202000010012;154 724 635;34;0;2;1;13;1
202000010012;154 724 636;7;0;2;8;1;1
202000010013;154 724 633;10;0;2;5;1;1
202000010013;154 724 634;7;0;2;3;1;1
202000010014;154 724 631;7;0;2;1;1;1
202000010014;154 724 632;13;0;2;8;19;1
202000010015;154 724 629;7;0;2;1;15;1
202000010015;154 724 630;7;0;2;6;1;1
202000010016;154 724 627;32;16;2;8;15;1
202000010016;154 724 628;10;16;2;3;1;1
202000010017;154 724 625;34;0;2;1;26;1
202000010017;154 724 626;7;0;2;6;9;1
202000010018;154 724 622;7;0;9;0;14;1
202000010018;154 724 623;33;0;2;1;1;1
202000010018;154 724 624;37;0;2;5;15;0
202000010019;154 724 621;7;13;0;9;2;1
202000010020;154 724 620;33;2;0;7;1;1
202000010021;154 724 619;7;13;0;1;21;1
202000010022;154 724 617;1;0;2;0;25;5
202000010022;154 724 618;7;0;9;1;1;1
202000010023;154 724 615;7;0;2;1;1;1
202000010023;154 724 616;34;0;2;1;13;1
202000010024;154 724 613;7;0;2;3;1;0
202000010024;154 724 614;2;0;2;1;13;1
202000010025;154 724 612;10;0;1;2;1;1
202000010026;154 724 610;10;7;2;3;23;1
202000010026;154 724 611;7;0;2;1;14;1
202000010027;154 724 609;33;8;0;1;1;1
202000010028;154 724 607;7;0;2;2;1;0
202000010028;154 724 608;7;0;2;3;15;0
202000010029;154 724 605;7;0;2;3;26;1
202000010029;154 724 606;7;0;2;1;1;1
202000010030;154 724 604;7;6;0;1;1;1
202000010031;154 724 603;7;0;1;2;1;1
202000010032;154 724 602;7;0;1;1;1;1
202000010033;154 724 601;7;2;0;1;14;1
202000010034;154 724 600;32;13;0;0;1;1
202000010035;154 724 598;38;0;2;3;1;1
202000010035;154 724 599;2;0;2;1;13;1
202000010036;154 724 593;7;0;2;3;1;1
202000010036;154 724 594;7;0;2;6;1;2
202000010036;154 724 595;33;0;2;2;17;1
202000010036;154 724 596;33;0;2;6;1;1
202000010036;154 724 597;7;0;2;6;1;1
202000010037;154 724 592;7;0;1;2;1;6
202000010038;154 724 590;7;0;0;3;1;1
202000010038;154 724 591;7;0;0;1;15;1
202000010039;154 724 588;1;0;2;8;13;5
202000010039;154 724 589;7;0;9;7;17;1
202000010040;154 724 586;7;0;9;1;16;1
202000010040;154 724 587;1;0;2;8;19;2
202000010041;154 724 584;7;0;2;2;6;1
202000010041;154 724 585;2;0;2;6;1;1
202000010042;154 724 583;7;0;1;2;2;1
202000010043;154 724 581;7;0;9;2;17;1
202000010043;154 724 582;1;0;2;3;15;5
202000010044;154 724 579;7;0;9;8;22;1
202000010044;154 724 580;80;1;0;1;1;3
202000010045;154 724 577;7;0;9;3;15;1
202000010045;154 724 578;80;0;2;3;13;3
202000010046;154 724 576;7;0;1;1;1;1
202000010047;154 724 575;7;13;0;1;1;1
202000010048;154 724 573;33;0;2;1;1;0
202000010048;154 724 574;7;0;2;2;19;1
202000010049;154 724 572;7;13;0;1;1;1
202000010050;154 724 570;21;0;9;7;17;1
202000010050;154 724 571;1;0;2;8;1;5
202000010051;154 724 568;7;0;2;1;1;1
202000010051;154 724 569;7;0;2;3;19;1
202000010052;154 724 567;7;0;1;2;1;1
202000010053;154 724 566;10;2;0;3;1;1
202000010054;154 724 565;7;6;0;0;1;1
202000010055;154 724 564;32;13;0;7;1;1
202000010056;154 724 559;10;0;2;1;2;1
202000010056;154 724 560;7;0;2;4;2;1
202000010056;154 724 561;7;0;2;4;2;1
202000010056;154 724 562;7;0;2;4;2;1
202000010056;154 724 563;7;0;2;4;2;1
202000010057;154 724 558;7;13;0;1;1;1
202000010058;154 724 556;7;0;2;4;26;1
202000010058;154 724 557;7;0;2;1;11;1
202000010059;154 724 555;30;12;0;1;1;1
202000010060;154 724 553;7;0;2;4;1;1
202000010060;154 724 554;7;0;2;1;2;1
202000010061;154 724 551;7;0;2;4;2;1
202000010061;154 724 552;32;0;2;1;2;1
202000010062;154 724 549;7;0;2;1;1;1
202000010062;154 724 550;7;0;2;4;1;1
202000010063;154 724 547;13;0;2;2;0;0
202000010063;154 724 548;7;0;2;6;0;1
202000010064;154 724 546;33;0;2;1;18;1
202000010065;154 724 545;50;0;1;1;1;3
202000010066;154 724 542;7;0;2;4;0;0
202000010066;154 724 543;7;0;2;4;0;3
202000010066;154 724 544;7;0;2;1;1;0
202000010067;154 724 541;31;0;0;3;1;1
202000010068;154 724 539;60;0;2;1;1;5
202000010068;154 724 540;7;0;2;3;15;0
202000010069;154 724 538;1;0;0;0;0;5
202000010070;154 724 537;7;16;0;3;26;1
202000010071;154 724 535;1;0;2;0;8;5
202000010071;154 724 536;7;0;2;3;15;1
202000010072;154 724 533;7;0;2;8;26;1
202000010072;154 724 534;2;0;2;1;19;1
202000010073;154 724 531;37;0;2;3;9;1
202000010073;154 724 532;30;0;2;1;26;1
202000010074;154 724 529;7;0;2;1;16;1
202000010074;154 724 530;7;0;2;1;16;1
202000010075;154 724 528;3;2;0;1;14;1
202000010076;154 724 526;38;0;2;3;15;1
202000010076;154 724 527;2;0;2;7;1;1
202000010077;154 724 524;7;0;2;8;15;1
202000010077;154 724 525;33;0;2;7;17;1
202000010078;154 724 522;7;0;2;1;1;0
202000010078;154 724 523;10;0;0;0;0;0
202000010079;154 724 520;33;0;2;0;0;1
202000010079;154 724 521;7;0;2;8;1;1
202000010080;154 724 518;7;0;2;8;24;1
202000010080;154 724 519;1;1;2;1;2;6
202000010081;154 724 516;7;0;2;2;1;1
202000010081;154 724 517;7;0;2;4;4;1
202000010082;154 724 514;2;0;2;1;1;1
202000010082;154 724 515;7;0;2;7;15;1
202000010083;154 724 512;2;0;2;1;13;1
202000010083;154 724 513;7;0;2;3;1;1
202000010084;154 724 510;1;0;2;7;3;5
202000010084;154 724 511;7;0;2;3;9;1
202000010085;154 724 509;30;0;0;8;1;1
202000010086;154 724 507;7;0;2;3;15;1
202000010086;154 724 508;32;0;2;8;17;1
202000010087;154 724 506;7;14;1;1;9;1
202000010088;154 724 504;7;0;2;2;1;1
202000010088;154 724 505;7;0;2;8;26;1
202000010089;154 724 503;10;0;1;2;1;1
202000010090;154 724 502;7;2;0;1;19;1
202000010091;154 724 500;10;0;2;3;26;1
202000010091;154 724 501;7;1;2;1;14;1
202000010092;154 724 498;1;0;2;8;11;5
202000010092;154 724 499;7;0;2;2;1;1
202000010093;154 724 497;1;0;0;0;1;5
202000010094;154 724 496;10;0;1;7;1;1
202000010095;154 724 493;7;0;2;4;23;1
202000010095;154 724 494;7;0;2;4;23;1
202000010095;154 724 495;7;0;2;1;2;1
202000010096;154 724 491;1;0;2;8;1;5
202000010096;154 724 492;7;0;2;0;0;1
202000010097;154 724 489;7;0;2;8;9;1
202000010097;154 724 490;7;0;2;1;21;1
202000010098;154 724 487;7;0;2;6;1;1
202000010098;154 724 488;36;8;2;1;26;1
202000010099;154 724 485;7;0;2;4;1;1
202000010099;154 724 486;7;0;2;1;1;1
202000010100;154 724 483;7;0;2;1;1;1
202000010100;154 724 484;7;0;2;3;15;1
202000010101;154 724 481;34;0;2;1;0;0
202000010101;154 724 482;34;0;2;0;0;0
202000010102;154 724 479;7;0;2;7;17;0
202000010102;154 724 480;2;0;2;8;1;1
202000010103;154 724 477;1;0;2;8;1;5
202000010103;154 724 478;30;0;2;2;10;1
202000010104;154 724 475;7;0;2;5;1;1
202000010104;154 724 476;7;0;2;3;1;1
202000010105;154 724 473;33;0;2;5;1;1
202000010105;154 724 474;7;0;2;3;9;1
202000010106;154 724 471;30;0;2;1;13;1
202000010106;154 724 472;30;0;2;1;1;1
202000010107;154 724 469;34;0;2;7;19;1
202000010107;154 724 470;37;0;2;1;1;1
202000010108;154 724 467;33;0;2;1;1;1
202000010108;154 724 468;10;0;2;5;15;1
202000010109;154 724 466;30;0;0;7;1;1
202000010110;154 724 465;33;0;0;0;1;1
202000010111;154 724 464;33;0;0;0;1;1
202000010112;154 724 461;7;0;2;4;23;1
202000010112;154 724 462;7;0;2;4;23;1
202000010112;154 724 463;7;0;2;1;2;1
202000010113;154 724 460;7;5;0;2;1;1
202000010114;154 724 458;7;0;2;1;9;1
202000010114;154 724 459;7;0;2;7;1;1
202000010115;154 724 457;1;0;0;0;25;5
202000010116;154 724 455;7;0;2;1;1;1
202000010116;154 724 456;7;0;2;4;23;1
202000010117;154 724 454;33;0;0;1;1;1
202000010118;154 724 453;7;0;0;1;17;1
202000010119;154 724 451;7;0;2;1;15;1
202000010119;154 724 452;2;0;2;1;17;1
202000010120;154 724 449;7;0;2;6;1;1
202000010120;154 724 450;7;0;2;1;17;1
202000010121;154 724 448;7;2;0;1;14;1
202000010122;154 724 446;99;0;2;3;9;1
202000010122;154 724 447;7;0;2;1;0;1
202000010123;154 724 443;7;0;2;3;13;1
202000010123;154 724 444;30;0;2;1;21;1
202000010123;154 724 445;7;0;2;8;1;3
202000010124;154 724 439;1;0;2;1;16;5
202000010124;154 724 440;7;0;2;3;23;1
202000010124;154 724 441;34;0;2;1;1;1
202000010124;154 724 442;7;0;2;6;23;2
202000010125;154 724 437;10;0;2;2;21;1
202000010125;154 724 438;1;0;2;6;1;5
202000010126;154 724 435;50;0;2;3;1;3
202000010126;154 724 436;7;0;2;2;16;1
202000010127;154 724 434;1;0;0;0;25;5
202000010128;154 724 432;10;0;2;3;1;1
202000010128;154 724 433;1;0;2;2;19;5
202000010129;154 724 430;1;0;2;1;1;5
202000010129;154 724 431;7;0;2;8;1;1
202000010130;154 724 429;60;0;0;0;25;5
202000010131;154 724 428;32;0;1;1;1;1
202000010132;154 724 426;30;0;2;1;17;1
202000010132;154 724 427;7;0;2;3;15;1
202000010133;154 724 424;1;0;2;8;1;5
202000010133;154 724 425;7;0;2;2;1;2
202000010134;154 724 423;60;7;1;1;25;5
202000010135;154 724 421;7;0;2;2;16;1
202000010135;154 724 422;1;0;2;1;1;5
202000010136;154 724 418;10;0;2;1;1;0
202000010136;154 724 419;7;0;2;5;1;0
202000010136;154 724 420;7;0;2;4;1;0
202000010137;154 724 416;33;0;2;3;1;1
202000010137;154 724 417;10;0;2;3;15;1
202000010138;154 724 414;7;0;2;2;16;1
202000010138;154 724 415;2;0;2;3;18;1
202000010139;154 724 413;7;0;1;1;9;0
202000010140;154 724 411;10;0;2;2;15;1
202000010140;154 724 412;33;0;2;8;1;1
202000010141;154 724 409;2;0;2;1;17;1
202000010141;154 724 410;7;0;2;3;13;1
202000010142;154 724 407;7;0;2;3;1;1
202000010142;154 724 408;2;0;2;1;1;1
202000010143;154 724 405;7;0;2;6;23;1
202000010143;154 724 406;32;0;2;2;17;1
202000010144;154 724 403;7;0;2;4;23;1
202000010144;154 724 404;7;0;2;4;9;1
202000010145;154 724 401;33;0;2;8;23;1
202000010145;154 724 402;7;0;2;2;2;1
202000010146;154 724 400;34;1;1;3;26;1
202000010147;154 724 398;7;0;2;4;2;1
202000010147;154 724 399;7;0;2;1;2;1
202000010148;154 724 396;17;0;2;2;12;1
202000010148;154 724 397;7;0;2;6;1;1
202000010149;154 724 394;7;0;2;6;1;1
202000010149;154 724 395;10;0;2;2;12;1
202000010150;154 724 391;7;0;2;4;1;1
202000010150;154 724 392;7;0;2;5;1;1
202000010150;154 724 393;7;0;2;3;18;1
202000010151;154 724 388;7;0;2;1;17;1
202000010151;154 724 389;7;0;2;1;17;1
202000010151;154 724 390;7;0;2;4;17;1
202000010152;154 724 387;7;4;0;1;26;1
202000010153;154 724 385;10;0;2;4;2;1
202000010153;154 724 386;7;0;2;1;2;1
202000010154;154 724 383;7;0;2;4;1;1
202000010154;154 724 384;33;0;2;2;1;1
202000010155;154 724 380;7;0;2;1;1;1
202000010155;154 724 381;7;0;0;0;1;1
202000010155;154 724 382;7;0;0;0;1;1
202000010156;154 724 378;33;0;2;1;26;1
202000010156;154 724 379;7;0;2;4;0;1
202000010157;154 724 372;10;0;2;1;2;1
202000010157;154 724 373;10;0;2;4;2;1
202000010157;154 724 374;7;0;2;4;2;1
202000010157;154 724 375;7;0;2;4;2;1
202000010157;154 724 376;7;0;2;4;2;1
202000010157;154 724 377;10;0;2;4;2;1
202000010158;154 724 370;10;0;2;6;23;1
202000010158;154 724 371;34;1;0;1;9;1
202000010159;154 724 367;7;0;2;1;2;1
202000010159;154 724 368;10;0;2;1;2;1
202000010159;154 724 369;7;0;2;2;2;1
202000010160;154 724 366;7;4;0;1;12;1
202000010161;154 724 363;7;0;2;1;1;1
202000010161;154 724 364;7;0;2;4;2;1
202000010161;154 724 365;7;0;2;4;2;1
202000010162;154 724 362;7;4;0;1;14;1
202000010163;154 724 361;7;0;2;4;2;1
202000010164;154 724 359;7;0;2;1;2;1
202000010164;154 724 360;7;0;2;4;2;1
202000010165;154 724 356;7;0;2;7;1;1
202000010165;154 724 357;7;0;2;1;1;1
202000010166;154 724 354;7;0;2;9;1;1
202000010166;154 724 355;7;0;2;1;1;1
202000010167;154 724 352;32;0;2;2;17;1
202000010167;154 724 353;7;0;2;3;15;1
202000010168;154 724 350;1;0;2;0;0;0
202000010168;154 724 351;10;0;2;0;16;1
202000010169;154 724 348;33;0;2;2;1;0
202000010169;154 724 349;7;0;2;1;9;0
202000010170;154 724 346;7;;;;;
202000010170;154 724 347;7;;9;;;
202000010171;154 724 345;30;0;0;2;26;0
202000010172;154 724 343;10;0;2;5;1;1
202000010172;154 724 344;2;0;2;1;19;1
202000010173;154 724 341;33;0;2;1;1;1
202000010173;154 724 342;1;0;2;1;15;5
202000010174;154 724 339;7;0;2;4;2;1
202000010174;154 724 340;7;0;2;1;2;1
202000010175;154 724 338;14;0;1;1;15;1
202000010176;154 724 336;7;0;2;3;26;1
202000010176;154 724 337;7;0;2;3;9;1
202000010177;154 724 335;7;3;0;1;14;1
202000010178;154 724 334;7;6;0;1;1;1
202000010179;154 724 333;7;15;0;6;21;1
202000010180;154 724 331;7;0;2;4;14;1
202000010180;154 724 332;1;0;2;1;1;5
202000010181;154 724 329;7;0;2;5;19;
202000010181;154 724 330;7;0;2;3;1;1
202000010182;154 724 328;7;0;1;1;1;1
202000010183;154 724 326;7;0;2;1;1;1
202000010183;154 724 327;7;0;2;1;15;1
202000010184;154 724 324;1;0;2;8;1;5
202000010184;154 724 325;10;0;2;1;1;1
202000010185;154 724 322;32;0;2;7;2;1
202000010185;154 724 323;7;0;2;8;15;1
202000010186;154 724 320;30;0;2;1;26;1
202000010186;154 724 321;80;0;2;1;19;3
202000010187;154 724 319;10;13;0;1;0;1
202000010188;154 724 317;7;0;1;1;1;1
202000010189;154 724 315;33;8;0;7;1;1
202000010190;154 724 313;34;0;2;1;1;1
202000010190;154 724 314;14;0;2;5;15;1
202000010191;154 724 312;30;0;0;8;1;1
202000010192;154 724 311;7;0;1;1;9;1
202000010193;154 724 309;31;0;2;1;5;1
202000010193;154 724 310;7;0;2;3;1;1
202000010194;154 724 307;7;0;2;3;15;1
202000010194;154 724 308;2;0;2;1;17;1
202000010195;154 724 305;7;0;2;1;2;1
202000010195;154 724 306;7;0;2;4;2;1
202000010196;154 724 303;7;0;2;4;15;1
202000010196;154 724 304;7;0;2;1;1;1
202000010197;154 724 302;7;1;0;1;26;1
202000010198;154 724 300;7;0;2;3;15;1
202000010198;154 724 301;33;0;2;7;17;1
202000010199;154 724 299;7;9;0;1;26;1
202000010200;154 724 297;7;0;2;2;1;1
202000010200;154 724 298;7;0;2;3;1;1
202000010201;154 724 294;7;0;2;6;15;1
202000010201;154 724 295;30;0;2;1;1;1
202000010202;154 724 292;17;0;0;6;24;6
202000010202;154 724 293;7;1;0;8;14;1
202000010203;154 724 291;30;8;0;1;26;6
202000010204;154 724 290;30;16;0;0;0;1
202000010205;154 724 288;7;0;2;1;1;1
202000010205;154 724 289;7;0;2;1;15;1
202000010206;154 724 286;7;0;2;5;15;1
202000010206;154 724 287;7;0;2;1;1;1
202000010207;154 724 284;7;0;2;3;1;1
202000010207;154 724 285;7;0;0;0;0;1
202000010208;154 724 283;30;0;0;7;1;1
202000010209;154 724 282;7;4;0;1;1;1
202000010210;154 724 281;7;6;0;5;10;1
202000010211;154 724 280;7;13;0;1;1;1
202000010212;154 724 277;31;0;2;1;1;1
202000010212;154 724 278;7;0;2;3;1;1
202000010212;154 724 279;7;0;2;3;1;1
202000010213;154 724 276;7;6;0;1;13;1
202000010214;154 724 274;50;0;2;1;1;3
202000010214;154 724 275;7;0;0;0;0;0
202000010215;154 724 273;7;12;0;1;1;1
202000010216;154 724 271;33;0;0;3;0;1
202000010216;154 724 272;7;0;2;5;1;1
202000010217;154 724 269;2;0;0;4;26;1
202000010217;154 724 270;2;0;2;1;2;1
202000010218;154 724 267;7;0;2;1;13;1
202000010218;154 724 268;7;0;2;3;1;1
202000010219;154 724 265;31;0;2;7;1;1
202000010219;154 724 266;7;0;2;1;9;1
202000010220;154 724 264;15;0;0;7;16;1
202000010221;154 724 262;7;0;2;1;0;1
202000010221;154 724 263;16;0;0;6;1;1
202000010222;154 724 261;7;4;0;9;1;1
202000010223;154 724 258;7;0;2;6;1;1
202000010223;154 724 259;7;0;2;1;1;1
202000010223;154 724 260;7;6;0;4;1;1
202000010224;154 724 257;7;4;0;1;13;1