Num_Acc;id_vehicule;categorie_vehicule;obstacle_fixe;obstacle_mobile;point_choc_initial;manoeuvre_principale;motorisation
202000010225;154 724 256;7;4;0;1;14;1
202000010226;154 724 254;7;0;2;1;26;0
202000010226;154 724 255;7;0;2;4;0;1
202000010227;154 724 253;7;4;0;1;26;1
202000010228;154 724 252;7;1;1;3;2;1
202000010229;154 724 250;7;4;2;1;0;1
202000010229;154 724 251;7;0;2;5;0;1
202000010230;154 724 249;7;3;0;0;2;1
202000010231;154 724 248;10;4;0;9;14;1
202000010232;154 724 247;7;4;0;1;1;1
202000010233;154 724 246;7;4;0;2;14;1
202000010234;154 724 245;7;6;0;1;1;1
202000010235;154 724 243;10;0;2;1;2;1
202000010235;154 724 244;7;0;2;4;23;1
202000010236;154 724 241;7;0;2;1;1;1
202000010236;154 724 242;7;0;2;7;9;1
202000010237;154 724 240;2;0;1;0;0;1
202000010238;154 724 238;34;0;2;1;0;0
202000010238;154 724 239;7;0;2;1;15;1
202000010239;154 724 236;7;1;0;3;5;1
202000010240;154 724 234;7;0;2;5;15;1
202000010240;154 724 235;2;0;2;1;1;1
202000010241;154 724 231;7;2;0;1;1;1
202000010242;154 724 230;14;6;0;1;19;1
202000010243;154 724 228;7;0;2;2;19;1
202000010243;154 724 229;30;0;2;2;13;1
202000010244;154 724 227;7;0;1;0;15;0
202000010245;154 724 225;7;0;2;3;15;1
202000010245;154 724 226;7;0;2;3;1;1
202000010246;154 724 224;3;0;0;1;1;1
202000010247;154 724 223;7;0;1;1;1;1
202000010248;154 724 221;7;0;2;4;2;1
202000010248;154 724 222;13;0;2;1;2;1
202000010249;154 724 219;2;0;2;1;0;1
202000010249;154 724 220;10;0;2;3;0;1
202000010250;154 724 217;7;0;2;1;26;1
202000010250;154 724 218;50;0;2;1;19;3
202000010251;154 724 216;7;0;1;7;1;1
202000010252;154 724 215;7;0;1;1;1;
202000010253;154 724 213;31;0;2;7;1;0
202000010253;154 724 214;7;0;2;3;9;1
202000010254;154 724 211;7;0;2;1;1;0
202000010254;154 724 212;1;0;2;1;1;5
202000010255;154 724 210;7;0;1;3;1;1
202000010256;154 724 208;7;0;2;7;1;1
202000010256;154 724 209;10;0;2;1;19;1
202000010257;154 724 206;30;0;2;7;26;1
202000010257;154 724 207;7;0;2;7;26;1
202000010258;154 724 204;7;0;2;2;15;1
202000010258;154 724 205;7;0;2;1;1;1
202000010259;154 724 202;7;0;2;4;26;1
202000010259;154 724 203;7;0;2;1;2;1
202000010260;154 724 201;7;0;0;9;16;1
202000010261;154 724 199;7;0;2;3;1;1
202000010261;154 724 200;7;0;2;6;1;1
202000010262;154 724 197;31;0;2;2;1;1
202000010262;154 724 198;7;0;2;3;9;1
202000010263;154 724 196;7;0;2;7;21;1
202000010264;154 724 194;1;0;2;4;1;5
202000010264;154 724 195;7;0;2;1;7;1
202000010265;154 724 193;37;0;1;1;1;1
202000010266;154 724 192;3;0;1;1;1;1
202000010267;154 724 191;10;0;1;5;26;1
202000010268;154 724 189;7;0;2;3;1;1
202000010268;154 724 190;32;0;2;1;5;1
202000010269;154 724 185;7;0;9;8;9;1
202000010269;154 724 186;1;0;0;0;0;5
202000010270;154 724 183;7;0;2;5;12;1
202000010270;154 724 184;32;0;2;3;3;1
202000010271;154 724 181;7;0;2;1;15;1
202000010271;154 724 182;1;0;2;1;1;5
202000010272;154 724 180;7;0;1;8;1;1
202000010273;154 724 179;7;11;0;1;1;1
202000010274;154 724 178;1;8;0;0;13;5
202000010275;154 724 176;1;0;2;3;1;5
202000010275;154 724 177;7;0;9;2;17;0
202000010276;154 724 174;17;0;2;1;1;1
202000010276;154 724 175;32;0;2;8;1;1
202000010277;154 724 173;7;0;1;1;1;1
202000010278;154 724 171;2;0;2;4;4;0
202000010278;154 724 172;37;0;2;7;1;0
202000010279;154 724 169;7;0;2;1;2;1
202000010279;154 724 170;7;0;2;3;15;1
202000010280;154 724 168;7;0;1;3;16;0
202000010281;154 724 166;1;0;2;0;0;5
202000010281;154 724 167;7;0;9;0;0;1
202000010282;154 724 165;10;0;1;0;15;1
202000010283;154 724 163;7;0;2;1;1;0
202000010283;154 724 164;7;0;2;4;1;0
202000010284;154 724 162;13;0;1;1;1;1
202000010285;154 724 159;7;0;2;1;5;0
202000010285;154 724 160;7;0;2;7;1;0
202000010285;154 724 161;7;14;0;4;24;0
202000010286;154 724 157;7;0;2;2;15;1
202000010286;154 724 158;32;0;2;1;1;1
202000010287;154 724 155;7;0;2;1;21;1
202000010287;154 724 156;7;0;2;4;11;0
202000010288;154 724 154;7;0;1;1;1;1
202000010289;154 724 152;1;0;2;1;1;6
202000010289;154 724 153;7;0;9;1;1;1
202000010290;154 724 151;7;0;1;7;1;1
202000010291;154 724 150;33;14;0;1;1;1
202000010292;154 724 149;7;0;1;7;1;1
202000010293;154 724 147;7;0;2;1;0;0
202000010293;154 724 148;7;0;0;4;2;0
202000010294;154 724 145;2;0;2;1;13;1
202000010294;154 724 146;7;0;2;2;1;1
202000010295;154 724 144;21;0;0;6;1;1
202000010296;154 724 142;7;0;9;8;10;1
202000010296;154 724 143;1;0;2;1;1;5
202000010297;154 724 141;7;0;1;2;1;0
202000010298;154 724 139;15;0;2;1;1;1
202000010298;154 724 140;7;0;2;1;1;1
202000010299;154 724 138;7;17;0;8;1;1
202000010300;154 724 137;7;0;0;9;0;0
202000010301;154 724 135;7;0;2;1;1;0
202000010301;154 724 136;2;0;2;8;1;0
202000010302;154 724 133;7;0;2;9;1;0
202000010302;154 724 134;7;0;2;1;19;0
202000010303;154 724 127;7;3;0;1;1;1
202000010303;154 724 128;7;0;2;8;21;1
202000010303;154 724 129;17;0;2;4;20;1
202000010303;154 724 130;7;3;0;1;1;1
202000010303;154 724 131;7;0;2;1;1;1
202000010303;154 724 132;15;0;2;5;2;1
202000010304;154 724 126;1;0;0;0;1;5
202000010305;154 724 122;7;0;0;4;23;1
202000010305;154 724 123;7;0;2;4;23;1
202000010305;154 724 124;7;0;2;4;23;1
202000010305;154 724 125;7;0;2;1;2;1
202000010306;154 724 121;7;2;0;8;1;1
202000010307;154 724 119;1;0;9;2;17;5
202000010307;154 724 120;1;0;9;3;1;5
202000010308;154 724 118;21;13;0;8;16;1
202000010309;154 724 117;7;0;1;2;1;1
202000010310;154 724 116;10;10;0;2;1;1
202000010311;154 724 114;7;0;2;1;1;1
202000010311;154 724 115;7;0;2;1;1;1
202000010312;154 724 112;7;0;2;1;1;1
202000010312;154 724 113;7;5;0;1;1;1
202000010313;154 724 111;7;16;0;2;1;0
202000010314;154 724 110;7;4;0;1;1;1
202000010315;154 724 109;7;5;0;1;1;1
202000010316;154 724 107;17;0;2;8;1;1
202000010316;154 724 108;7;0;2;7;12;1
202000010317;154 724 105;10;0;2;3;0;1
202000010317;154 724 106;7;3;2;9;0;1
202000010318;154 724 102;7;0;2;2;1;1
202000010318;154 724 103;13;0;0;6;1;0
202000010318;154 724 104;7;0;2;2;17;1
202000010319;154 724 101;33;0;0;7;1;1
202000010320;154 724 100;7;13;0;2;1;1
202000010321;154 724 096;7;0;2;1;2;0
202000010321;154 724 097;7;0;2;4;2;0
202000010321;154 724 098;7;0;0;4;2;0
202000010322;154 724 095;7;6;0;1;1;1
202000010323;154 724 094;7;13;0;9;1;1
202000010324;154 724 093;7;5;0;1;0;1
202000010325;154 724 091;7;0;2;0;5;1
202000010325;154 724 092;7;0;2;2;2;1
202000010326;154 724 090;7;4;0;2;2;1
202000010327;154 724 089;7;4;0;1;2;1
202000010328;154 724 087;15;0;2;4;24;1
202000010328;154 724 088;7;1;0;8;9;1
202000010329;154 724 086;7;3;0;2;2;1
202000010330;154 724 084;10;0;2;1;1;1
202000010330;154 724 085;10;0;2;4;1;1
202000010331;154 724 083;7;3;0;2;26;1
202000010332;154 724 081;7;0;2;8;2;1
202000010332;154 724 082;7;0;2;2;12;1
202000010333;154 724 080;7;4;0;1;16;1
202000010334;154 724 078;7;0;2;1;1;1
202000010334;154 724 079;7;0;2;5;2;1
202000010335;154 724 077;10;0;2;3;1;0
202000010336;154 724 075;17;0;2;5;2;1
202000010336;154 724 076;7;0;2;2;13;1
202000010337;154 724 070;7;0;2;8;23;1
202000010337;154 724 071;10;0;2;4;9;1
202000010337;154 724 072;7;0;2;1;1;1
202000010337;154 724 073;7;0;2;3;23;1
202000010337;154 724 074;14;0;2;3;23;1
202000010338;154 724 069;10;3;0;1;0;1
202000010339;154 724 067;7;0;2;4;1;1
202000010339;154 724 068;13;0;2;1;0;1
202000010340;154 724 066;10;3;0;2;26;1
202000010341;154 724 062;7;0;2;1;1;1
202000010341;154 724 063;7;0;2;4;2;1
202000010341;154 724 064;7;0;2;4;2;1
202000010341;154 724 065;7;0;2;4;2;1
202000010342;154 724 061;10;11;0;1;1;
202000010343;154 724 060;7;9;0;3;1;
202000010344;154 724 059;7;1;0;3;13;1
202000010345;154 724 058;7;1;0;1;14;1
202000010346;154 724 056;33;0;2;7;17;1
202000010346;154 724 057;7;0;2;8;15;1
202000010347;154 724 054;7;0;2;1;9;1
202000010347;154 724 055;7;0;2;8;1;1
202000010348;154 724 052;7;11;2;2;1;1
202000010348;154 724 053;7;11;2;1;15;2
202000010349;154 724 050;7;0;2;4;2;1
202000010349;154 724 051;14;0;2;2;2;1
202000010350;154 724 046;2;0;2;4;23;1
202000010350;154 724 047;7;0;2;1;26;1
202000010350;154 724 048;2;0;2;4;1;1
202000010350;154 724 049;2;0;2;4;1;1
202000010351;154 724 044;7;0;2;7;1;1
202000010351;154 724 045;7;0;2;3;1;1
202000010352;154 724 042;1;0;2;7;19;5
202000010352;154 724 043;7;0;2;1;15;1
202000010353;154 724 041;7;0;1;1;1;1
202000010354;154 724 039;33;0;2;1;3;1
202000010354;154 724 040;10;0;2;8;15;1
202000010355;154 724 038;7;9;0;1;16;1
202000010356;154 724 037;7;0;1;3;16;1
202000010357;154 724 036;1;0;0;0;1;5
202000010358;154 724 034;1;0;2;1;1;5
202000010358;154 724 035;7;0;2;2;15;1
202000010359;154 724 033;7;0;1;1;1;1
202000010360;154 724 030;7;3;0;0;1;1
202000010361;154 724 024;7;0;2;3;26;1
202000010361;154 724 025;7;0;2;3;26;1
202000010362;154 724 023;7;0;1;1;15;1
202000010363;154 724 022;7;0;1;0;9;1
202000010364;154 724 021;10;0;1;4;4;1
202000010365;154 724 020;7;0;1;1;15;1
202000010366;154 724 019;7;0;1;1;1;1
202000010367;154 724 018;13;0;1;5;2;0
202000010368;154 724 017;7;0;1;1;14;1
202000010369;154 724 016;7;0;1;1;1;1
202000010370;154 724 015;10;0;1;3;1;0
202000010371;154 724 014;7;0;1;2;1;1
202000010372;154 724 012;7;0;2;3;9;1
202000010372;154 724 013;7;0;2;1;1;1
202000010373;154 724 010;10;0;2;2;1;1
202000010373;154 724 011;7;0;2;6;1;1
202000010374;154 724 008;7;0;2;1;2;1
202000010374;154 724 009;7;0;2;4;2;1
202000010375;154 724 006;7;0;2;4;1;1
202000010375;154 724 007;7;0;2;1;26;3
202000010376;154 724 004;7;0;2;1;1;1
202000010376;154 724 005;7;6;2;1;1;1
202000010377;154 724 001;10;0;2;1;1;1
202000010377;154 724 002;7;0;2;0;1;1
202000010377;154 724 003;7;4;0;8;1;1
202000010378;154 723 999;7;0;0;1;1;0
202000010378;154 724 000;50;0;2;1;19;3
202000010379;154 723 997;7;0;2;1;1;1
202000010379;154 723 998;7;0;2;2;1;1
202000010380;154 723 995;7;0;2;2;1;1
202000010380;154 723 996;7;0;2;1;15;1
202000010381;154 723 993;7;0;2;4;1;1
202000010381;154 723 994;31;0;2;1;1;1
202000010382;154 723 992;7;0;0;5;0;1
202000010383;154 723 990;7;0;2;1;1;1
202000010383;154 723 991;7;0;2;4;1;1
202000010384;154 723 987;7;0;1;1;1;1
202000010385;154 723 986;7;0;1;1;9;1
202000010386;154 723 984;10;0;2;1;11;1
202000010386;154 723 985;2;0;2;4;1;1
202000010387;154 723 983;7;0;1;1;1;1
202000010388;154 723 982;10;0;1;1;26;1
202000010389;154 723 980;7;0;2;1;1;1
202000010389;154 723 981;7;0;2;4;1;1
202000010390;154 723 979;7;2;0;8;13;1
202000010391;154 723 977;2;0;2;8;1;1
202000010391;154 723 978;7;0;2;3;15;1
202000010392;154 723 975;7;0;2;3;9;1
202000010392;154 723 976;32;0;2;1;1;1
202000010393;154 723 974;14;0;1;1;1;1
202000010394;154 723 973;7;0;1;1;1;0
202000010395;154 723 971;14;0;2;0;1;1
202000010395;154 723 972;7;0;2;1;13;1
202000010396;154 723 970;1;0;0;0;1;5
202000010397;154 723 968;30;0;2;7;1;1
202000010397;154 723 969;7;0;2;3;9;1
202000010398;154 723 966;7;0;2;4;23;1
202000010398;154 723 967;10;0;2;1;1;0
202000010399;154 723 965;1;0;0;0;21;5
202000010400;154 723 964;10;0;1;1;15;1
202000010401;154 723 963;7;0;1;1;15;2
202000010402;154 723 962;30;11;0;2;1;3
202000010403;154 723 961;7;0;1;2;1;0
202000010404;154 723 959;7;0;2;4;26;1
202000010404;154 723 960;7;0;2;1;0;1
202000010405;154 723 957;1;1;0;0;2;5
202000010405;154 723 958;10;0;2;8;22;1
202000010406;154 723 956;10;0;1;4;4;1
202000010407;154 723 954;2;0;0;8;13;1
202000010407;154 723 955;2;0;0;7;17;1
202000010408;154 723 952;33;0;2;4;23;1
202000010408;154 723 953;7;0;2;1;1;0
202000010409;154 723 951;7;3;0;7;1;1
202000010410;154 723 950;14;0;1;4;4;0
202000010411;154 723 949;7;0;1;3;1;1
202000010412;154 723 947;7;0;2;3;15;0
202000010412;154 723 948;1;0;2;3;1;5
202000010413;154 723 945;33;0;2;1;2;1
202000010413;154 723 946;7;0;2;4;4;0
202000010414;154 723 943;17;0;2;2;1;1
202000010414;154 723 944;2;0;2;1;0;1
202000010415;154 723 941;7;0;2;1;1;1
202000010415;154 723 942;7;0;2;2;1;1
202000010416;154 723 939;10;0;2;3;16;1
202000010416;154 723 940;32;0;2;1;1;1
202000010417;154 723 937;7;0;0;1;1;1
202000010417;154 723 938;10;7;2;2;15;1
202000010418;154 723 936;10;0;1;7;20;1
202000010419;154 723 934;34;0;2;1;17;1
202000010419;154 723 935;7;0;2;6;15;1
202000010420;154 723 933;17;13;0;2;0;0
202000010421;154 723 931;38;0;2;1;1;1
202000010421;154 723 932;7;0;2;1;5;1
202000010422;154 723 930;10;0;1;2;9;1
202000010423;154 723 929;7;0;1;4;0;0
202000010424;154 723 928;7;8;0;1;0;1
202000010425;154 723 927;7;0;1;2;1;1
202000010426;154 723 926;7;6;0;1;1;1
202000010427;154 723 925;7;0;1;2;1;1
202000010428;154 723 923;7;0;2;1;1;1
202000010428;154 723 924;7;0;2;6;1;1
202000010429;154 723 921;7;0;2;7;17;2
202000010429;154 723 922;1;0;2;3;13;5
202000010430;154 723 920;7;0;1;1;9;0
202000010431;154 723 917;33;16;0;9;1;1
202000010432;154 723 915;7;0;2;2;1;0
202000010432;154 723 916;7;0;2;2;15;0
202000010433;154 723 913;7;3;0;3;1;0
202000010433;154 723 914;7;0;2;0;26;0
202000010434;154 723 912;7;0;1;2;16;1
202000010435;154 723 910;7;0;2;6;21;0
202000010435;154 723 911;7;0;2;2;21;0
202000010436;154 723 909;7;0;2;9;2;1
202000010437;154 723 908;7;0;1;1;2;1
202000010438;154 723 907;7;3;0;1;1;1
202000010439;154 723 901;7;0;2;4;2;1
202000010439;154 723 902;10;0;2;4;0;1
202000010439;154 723 903;7;0;2;4;2;1
202000010439;154 723 904;10;0;2;1;1;1
202000010439;154 723 905;10;0;2;4;2;1
202000010439;154 723 906;7;0;2;4;1;1
202000010440;154 723 899;7;0;2;1;1;1
202000010440;154 723 900;7;0;2;4;2;0
202000010441;154 723 897;33;0;2;2;17;1
202000010441;154 723 898;10;0;2;3;13;1
202000010442;154 723 896;7;8;0;2;16;1
202000010443;154 723 894;7;0;2;8;1;1
202000010443;154 723 895;7;0;2;1;1;1
202000010444;154 723 892;7;0;9;1;2;1
202000010444;154 723 893;32;0;2;4;2;1
202000010445;154 723 890;7;0;2;8;1;1
202000010445;154 723 891;7;0;2;1;17;2
202000010446;154 723 889;7;0;1;1;1;1
202000010447;154 723 887;7;0;2;1;1;0
202000010447;154 723 888;7;0;2;1;16;1
202000010448;154 723 886;7;0;1;1;15;1
202000010449;154 723 884;7;0;2;1;1;1
202000010449;154 723 885;7;0;2;8;1;1
202000010450;154 723 882;7;0;2;1;15;1
202000010450;154 723 883;32;0;2;1;23;1
202000010451;154 723 880;7;0;2;7;15;6
202000010451;154 723 881;7;0;2;2;1;6
202000010452;154 723 878;7;0;2;4;1;1
202000010452;154 723 879;7;0;2;1;2;1
202000010453;154 723 876;7;0;2;3;9;1
202000010453;154 723 877;34;0;2;7;1;1
202000010454;154 723 874;1;0;2;1;5;5
202000010454;154 723 875;7;0;2;1;1;1
202000010455;154 723 872;33;1;2;2;17;1
202000010455;154 723 873;7;0;2;3;15;1
202000010456;154 723 871;32;0;1;1;1;1
202000010457;154 723 869;31;0;2;4;23;1
202000010457;154 723 870;30;0;2;1;2;1
202000010458;154 723 867;32;0;2;1;1;1
202000010458;154 723 868;7;0;2;7;15;2
202000010459;154 723 865;7;0;2;2;15;2
202000010459;154 723 866;30;0;2;1;1;1
202000010460;154 723 863;1;0;2;1;16;5
202000010460;154 723 864;1;0;2;1;1;5
202000010461;154 723 862;32;0;0;7;1;1
202000010462;154 723 860;1;0;2;0;16;5
202000010462;154 723 861;7;0;2;3;15;1
202000010463;154 723 859;37;0;1;2;1;1
202000010464;154 723 857;34;0;2;1;13;1
202000010464;154 723 858;7;0;2;3;15;1
202000010465;154 723 856;7;0;1;0;0;0
202000010466;154 723 854;3;0;2;3;24;0
202000010466;154 723 855;7;1;2;5;9;0
202000010467;154 723 853;7;0;1;3;1;1
202000010468;154 723 851;2;0;2;3;13;1
202000010468;154 723 852;2;0;2;3;13;1
202000010469;154 723 849;7;0;2;1;1;6
202000010469;154 723 850;7;0;2;1;13;6
202000010470;154 723 848;7;2;0;1;1;1
202000010471;154 723 846;15;0;2;3;1;1
202000010471;154 723 847;7;0;2;2;1;1
202000010472;154 723 844;7;6;2;7;17;0
202000010472;154 723 845;7;0;2;3;15;0
202000010473;154 723 843;2;11;0;8;17;1
202000010474;154 723 842;7;8;0;1;13;1
202000010475;154 723 841;10;0;1;1;21;1
202000010476;154 723 840;7;2;0;1;19;0
202000010477;154 723 838;14;0;2;2;17;1
202000010477;154 723 839;7;6;0;8;15;1
202000010478;154 723 837;7;6;0;3;1;2
202000010479;154 723 835;7;0;2;1;1;1
202000010479;154 723 836;7;0;2;1;1;1
202000010480;154 723 832;7;0;2;3;1;1
202000010480;154 723 833;10;0;2;3;13;1
202000010481;154 723 830;7;0;2;2;19;1
202000010481;154 723 831;31;0;2;1;1;0
202000010482;154 723 829;7;8;0;1;1;1
202000010483;154 723 828;14;3;0;1;6;1
202000010484;154 723 827;33;0;0;8;1;1
202000010485;154 723 825;7;0;2;2;15;1
202000010485;154 723 826;7;0;2;1;1;1
202000010486;154 723 823;2;0;0;0;0;1
202000010486;154 723 824;2;0;2;0;0;1
202000010487;154 723 821;7;0;2;2;1;1
202000010487;154 723 822;37;0;0;6;1;1
202000010488;154 723 815;10;0;2;1;1;1
202000010488;154 723 816;10;0;2;1;13;1
202000010488;154 723 817;37;0;2;3;1;1
202000010489;154 723 814;7;3;2;2;18;1
202000010490;154 723 812;7;0;9;1;1;1
202000010490;154 723 813;17;0;9;2;1;1
202000010491;154 723 811;2;12;0;7;2;1
202000010492;154 723 810;31;11;0;3;1;1
202000010493;154 723 809;2;13;0;0;1;1
202000010494;154 723 808;7;0;0;9;1;1
202000010495;154 723 806;7;0;0;2;15;1
202000010495;154 723 807;33;0;2;1;1;1
202000010496;154 723 805;7;1;0;2;26;1
202000010497;154 723 803;7;0;2;5;1;1
202000010497;154 723 804;7;0;2;1;11;1
202000010498;154 723 802;7;13;0;2;2;1
202000010499;154 723 799;7;0;0;2;16;0
202000010499;154 723 800;2;7;0;8;18;1
202000010500;154 723 797;30;14;2;3;0;0
202000010500;154 723 798;7;0;2;3;14;0
202000010501;154 723 795;7;0;2;3;15;1
202000010501;154 723 796;7;0;2;3;1;1
202000010502;154 723 793;38;0;2;1;1;1
202000010502;154 723 794;7;0;2;8;10;1
202000010503;154 723 791;7;0;2;1;2;1
202000010503;154 723 792;21;0;2;4;1;1
202000010504;154 723 790;7;13;0;1;13;1
202000010505;154 723 788;7;0;2;2;1;1
202000010505;154 723 789;7;0;2;8;11;1
202000010506;154 723 787;7;13;0;8;26;1
202000010507;154 723 785;7;1;0;4;23;1
202000010507;154 723 786;7;1;0;1;1;1
202000010508;154 723 783;7;0;2;4;4;1
202000010508;154 723 784;7;0;2;1;2;1
202000010509;154 723 782;7;14;0;1;13;1
202000010510;154 723 781;33;4;0;0;18;1
202000010511;154 723 779;14;0;2;7;12;1
202000010511;154 723 780;7;0;2;8;1;1
202000010512;154 723 776;7;0;2;2;1;1
202000010512;154 723 777;7;0;2;2;1;1
202000010512;154 723 778;0;0;2;8;0;0
202000010513;154 723 775;7;0;1;3;1;1
202000010514;154 723 773;33;0;2;1;1;1
202000010514;154 723 774;7;0;0;6;9;1
202000010515;154 723 772;30;6;0;1;15;1
202000010516;154 723 770;7;0;2;1;1;1
202000010516;154 723 771;7;0;2;3;1;1
202000010517;154 723 768;20;0;2;5;19;1
202000010517;154 723 769;30;0;2;1;1;1
202000010518;154 723 765;30;0;2;1;0;2
202000010518;154 723 766;7;1;2;4;23;1
202000010518;154 723 767;7;0;2;0;0;0
202000010519;154 723 764;7;0;1;1;9;1
202000010520;154 723 763;10;0;9;1;2;1
202000010521;154 723 761;10;0;9;1;19;1
202000010521;154 723 762;1;0;2;8;2;5
202000010522;154 723 759;7;0;2;2;9;1
202000010522;154 723 760;7;0;2;1;1;1
202000010523;154 723 758;7;9;0;2;1;1
202000010524;154 723 756;30;0;2;1;1;1
202000010524;154 723 757;7;0;2;7;1;1
202000010525;154 723 754;7;0;2;2;15;1
202000010525;154 723 755;2;0;2;1;1;1
202000010526;154 723 748;7;0;2;1;26;1
202000010526;154 723 749;7;0;2;1;26;1
202000010527;154 723 747;7;0;1;1;13;1
202000010528;154 723 746;30;0;1;1;1;0
202000010529;154 723 744;7;0;2;3;15;1
202000010529;154 723 745;32;0;2;2;17;1
202000010530;154 723 741;33;0;0;0;1;0
202000010531;154 723 739;1;0;2;4;14;5
202000010531;154 723 740;7;0;9;3;26;1
202000010532;154 723 737;7;0;9;0;1;0
202000010532;154 723 738;50;0;2;0;1;3
202000010533;154 723 735;7;0;2;1;2;1
202000010533;154 723 736;7;0;2;4;2;1
202000010534;154 723 733;7;0;2;3;16;1
202000010534;154 723 734;7;0;2;2;1;1
202000010535;154 723 732;7;0;1;5;4;1
202000010536;154 723 730;7;0;2;3;1;1
202000010536;154 723 731;7;0;2;1;15;1
202000010537;154 723 728;7;0;2;1;17;1
202000010537;154 723 729;80;0;2;1;1;3
202000010538;154 723 726;1;0;2;1;1;0
202000010538;154 723 727;7;0;2;6;26;2
202000010539;154 723 724;7;0;2;3;15;6
202000010539;154 723 725;7;0;2;3;1;6
202000010540;154 723 722;7;0;2;1;0;0
202000010540;154 723 723;7;0;2;1;26;1
202000010541;154 723 720;7;0;2;7;1;1
202000010541;154 723 721;7;0;2;1;19;1
202000010542;154 723 718;7;0;2;3;1;1
202000010542;154 723 719;2;0;2;1;1;1
202000010543;154 723 716;31;0;2;1;1;1
202000010543;154 723 717;7;0;2;1;9;1
202000010544;154 723 714;33;0;2;1;1;1
202000010544;154 723 715;7;0;2;8;19;1
202000010545;154 723 712;3;0;2;2;12;1
202000010545;154 723 713;32;0;2;8;1;1
202000010546;154 723 710;7;0;2;4;1;1
202000010546;154 723 711;33;0;2;1;1;1
202000010547;154 723 708;31;0;2;1;2;1
202000010547;154 723 709;7;0;2;4;2;1
202000010548;154 723 706;7;0;2;1;1;1
202000010548;154 723 707;1;0;2;7;1;5
202000010549;154 723 705;1;0;1;1;1;5
202000010550;154 723 703;7;0;2;6;15;1
202000010550;154 723 704;32;0;2;3;1;1
202000010551;154 723 701;30;0;2;2;7;1
202000010551;154 723 702;1;0;2;8;23;5
202000010552;154 723 700;1;0;1;1;1;5
202000010553;154 723 699;7;0;1;0;1;0
202000010554;154 723 698;33;0;1;1;7;0
202000010555;154 723 697;30;0;1;7;7;1
202000010556;154 723 695;32;0;2;2;17;1
202000010556;154 723 696;7;0;2;3;13;1
202000010557;154 723 694;1;12;0;3;15;5
202000010558;154 723 693;1;0;0;0;1;5
202000010559;154 723 691;7;0;2;6;2;1
202000010559;154 723 692;31;0;2;1;2;1
202000010560;154 723 689;7;8;2;7;17;1
202000010560;154 723 690;7;0;2;5;15;1
202000010561;154 723 687;1;0;2;1;9;5
202000010561;154 723 688;34;0;2;1;1;1
202000010562;154 723 685;99;0;2;4;2;0
202000010562;154 723 686;30;0;2;1;1;0
202000010563;154 723 683;37;0;2;1;1;1
202000010563;154 723 684;30;0;2;8;8;1
202000010564;154 723 681;33;0;2;1;1;1
202000010564;154 723 682;7;0;2;3;15;5
202000010565;154 723 679;50;0;9;8;1;3
202000010565;154 723 680;50;13;0;0;1;3
202000010566;154 723 677;7;0;2;2;9;1
202000010566;154 723 678;2;0;2;3;2;1
202000010567;154 723 675;30;0;2;7;21;1
202000010567;154 723 676;99;0;2;3;1;1
202000010568;154 723 674;7;0;1;1;1;2
202000010569;154 723 673;31;0;0;8;10;1
202000010570;154 723 672;7;0;1;3;1;1
202000010571;154 723 669;7;0;2;1;2;1
202000010571;154 723 670;16;0;2;6;1;1
202000010571;154 723 671;7;1;0;1;2;1
202000010572;154 723 667;2;8;2;1;1;0
202000010572;154 723 668;7;0;2;1;1;0
202000010573;154 723 665;10;0;2;1;1;0
202000010573;154 723 666;30;0;2;1;15;0
202000010574;154 723 664;36;13;0;0;21;1
202000010575;154 723 663;33;3;0;8;1;0
202000010576;154 723 661;60;0;0;8;19;5
202000010576;154 723 662;7;0;2;2;1;1
202000010577;154 723 659;7;0;2;1;2;1
202000010577;154 723 660;7;0;0;4;1;1
202000010578;154 723 657;33;0;2;8;1;1
202000010578;154 723 658;7;0;2;1;15;1
202000010579;154 723 656;7;13;0;1;0;1
202000010580;154 723 655;7;0;1;4;4;1
202000010581;154 723 653;13;0;2;8;13;1
202000010581;154 723 654;13;0;2;8;1;1
202000010582;154 723 652;36;2;0;0;0;1
202000010583;154 723 651;36;13;0;2;0;1
202000010584;154 723 649;2;0;2;1;1;1
202000010584;154 723 650;7;0;0;8;1;1
202000010585;154 723 648;2;0;0;0;1;1
202000010586;154 723 647;7;3;0;3;21;0
202000010587;154 723 644;7;2;0;1;2;0
202000010588;154 723 643;7;13;0;3;1;1
202000010589;154 723 641;7;0;2;2;15;1
202000010589;154 723 642;7;0;0;3;1;1
202000010590;154 723 640;7;0;1;2;1;1
202000010591;154 723 638;21;0;0;6;1;1
202000010591;154 723 639;7;0;2;3;1;1
202000010592;154 723 636;7;0;2;1;1;1
202000010592;154 723 637;7;0;2;8;19;1
202000010593;154 723 634;10;0;2;2;0;1
202000010593;154 723 635;7;0;2;4;1;1
202000010594;154 723 632;15;0;2;3;1;1
202000010594;154 723 633;7;0;2;4;1;1
202000010595;154 723 630;99;0;0;0;0;0
202000010595;154 723 631;7;0;2;2;18;1
202000010596;154 723 627;10;1;0;2;26;1
202000010596;154 723 628;7;0;2;6;26;1
202000010596;154 723 629;7;3;2;0;26;1
202000010597;154 723 626;7;14;0;1;13;0