Num_Acc;id_vehicule;categorie_vehicule;obstacle_fixe;obstacle_mobile;point_choc_initial;manoeuvre_principale;motorisation
202000010598;154 723 624;7;0;2;5;12;1
202000010598;154 723 625;7;0;2;1;11;1
202000010599;154 723 622;7;0;2;4;2;1
202000010599;154 723 623;7;0;2;1;2;1
202000010600;154 723 621;7;15;0;7;15;1
202000010601;154 723 620;1;0;1;1;0;5
202000010602;154 723 619;2;14;0;1;14;1
202000010603;154 723 616;7;2;0;2;14;1
202000010604;154 723 614;7;0;2;4;2;1
202000010604;154 723 615;10;0;2;1;2;1
202000010605;154 723 612;7;0;2;1;1;1
202000010605;154 723 613;7;0;2;2;1;1
202000010606;154 723 611;7;0;1;4;20;1
202000010607;154 723 609;7;0;2;4;23;1
202000010607;154 723 610;7;0;2;1;1;1
202000010608;154 723 608;7;0;1;1;1;1
202000010609;154 723 606;7;0;2;1;2;1
202000010609;154 723 607;7;0;2;4;23;1
202000010610;154 723 604;7;0;0;1;2;1
202000010610;154 723 605;33;0;2;1;2;1
202000010611;154 723 602;33;0;2;8;1;0
202000010611;154 723 603;10;0;2;1;15;1
202000010612;154 723 599;7;0;1;2;15;1
202000010613;154 723 597;7;0;2;1;1;1
202000010613;154 723 598;7;0;2;4;15;1
202000010614;154 723 595;30;0;2;1;1;1
202000010614;154 723 596;7;0;2;3;16;1
202000010615;154 723 594;50;0;1;1;1;3
202000010616;154 723 592;17;0;2;2;21;1
202000010616;154 723 593;7;0;2;8;1;1
202000010617;154 723 590;7;0;2;8;9;1
202000010617;154 723 591;1;0;2;7;1;5
202000010618;154 723 588;10;0;2;5;16;1
202000010618;154 723 589;31;0;2;8;1;1
202000010619;154 723 586;15;0;2;5;4;1
202000010619;154 723 587;7;0;2;2;1;1
202000010620;154 723 585;32;0;0;7;26;1
202000010621;154 723 583;1;0;2;1;5;5
202000010621;154 723 584;7;0;2;3;1;1
202000010622;154 723 581;10;0;2;7;1;1
202000010622;154 723 582;7;0;2;1;16;1
202000010623;154 723 579;2;0;2;6;17;1
202000010623;154 723 580;7;0;2;3;15;1
202000010624;154 723 578;7;0;1;2;1;1
202000010625;154 723 576;34;0;2;1;1;1
202000010625;154 723 577;7;0;0;0;19;1
202000010626;154 723 574;7;0;2;5;20;1
202000010626;154 723 575;33;0;2;1;0;1
202000010627;154 723 572;33;0;2;1;13;1
202000010627;154 723 573;7;0;2;1;1;1
202000010628;154 723 571;2;0;0;0;1;0
202000010629;154 723 570;10;0;1;4;4;1
202000010630;154 723 568;7;0;2;4;2;1
202000010630;154 723 569;33;0;2;1;2;1
202000010631;154 723 566;33;0;2;2;13;1
202000010631;154 723 567;7;0;2;6;23;1
202000010632;154 723 565;1;0;1;8;16;5
202000010633;154 723 563;33;0;2;1;1;1
202000010633;154 723 564;7;0;2;8;10;1
202000010634;154 723 561;7;0;2;0;15;1
202000010634;154 723 562;7;1;2;2;1;3
202000010635;154 723 559;7;0;2;2;1;1
202000010635;154 723 560;7;0;1;8;1;1
202000010636;154 723 557;43;0;2;3;1;1
202000010636;154 723 558;7;0;2;1;10;1
202000010637;154 723 555;43;0;2;1;1;1
202000010637;154 723 556;7;0;2;5;15;1
202000010638;154 723 553;7;0;2;1;2;1
202000010638;154 723 554;30;0;2;4;2;1
202000010639;154 723 551;1;0;2;1;1;5
202000010639;154 723 552;7;0;2;5;15;1
202000010640;154 723 549;7;0;2;3;15;1
202000010640;154 723 550;2;0;2;2;15;1
202000010641;154 723 548;7;0;1;3;1;1
202000010642;154 723 546;30;0;2;0;17;1
202000010642;154 723 547;7;0;2;3;26;1
202000010643;154 723 544;10;0;2;1;1;1
202000010643;154 723 545;10;0;2;0;2;0
202000010644;154 723 542;2;6;0;2;17;0
202000010644;154 723 543;7;0;2;3;15;1
202000010645;154 723 540;3;0;2;8;15;1
202000010645;154 723 541;32;0;2;0;0;0
202000010646;154 723 539;7;0;2;7;15;0
202000010647;154 723 537;14;0;2;4;23;0
202000010647;154 723 538;14;1;0;1;1;0
202000010648;154 723 536;32;0;1;1;25;1
202000010649;154 723 534;7;1;1;8;23;1
202000010649;154 723 535;10;1;1;2;1;1
202000010650;154 723 532;7;0;2;2;16;0
202000010650;154 723 533;32;0;2;9;0;1
202000010651;154 723 530;7;0;2;3;1;1
202000010651;154 723 531;50;0;2;3;19;3
202000010652;154 723 528;2;0;2;2;0;0
202000010652;154 723 529;10;0;2;0;0;0
202000010653;154 723 526;2;0;2;8;13;1
202000010653;154 723 527;7;0;2;8;1;1
202000010654;154 723 524;7;0;2;1;1;1
202000010654;154 723 525;17;0;2;1;1;1
202000010655;154 723 523;33;0;0;3;0;1
202000010656;154 723 521;7;0;2;3;16;1
202000010656;154 723 522;7;0;2;2;1;1
202000010657;154 723 519;7;0;1;3;1;1
202000010658;154 723 517;14;0;0;6;0;1
202000010658;154 723 518;33;13;2;2;21;1
202000010659;154 723 515;7;0;2;2;15;1
202000010659;154 723 516;7;0;2;1;1;1
202000010660;154 723 514;33;0;0;0;1;0
202000010661;154 723 512;33;0;2;1;1;1
202000010661;154 723 513;21;0;2;1;15;0
202000010662;154 723 510;7;0;2;1;1;1
202000010662;154 723 511;7;0;2;1;1;1
202000010663;154 723 508;7;0;2;1;1;0
202000010663;154 723 509;7;0;2;3;16;0
202000010664;154 723 507;7;6;0;3;17;1
202000010665;154 723 506;1;0;0;0;1;5
202000010666;154 723 503;2;0;2;1;13;1
202000010666;154 723 504;7;0;2;2;1;1
202000010667;154 723 502;7;0;1;2;1;1
202000010668;154 723 501;7;6;0;1;0;1
202000010669;154 723 500;7;2;0;9;1;1
202000010670;154 723 498;7;0;0;1;19;1
202000010670;154 723 499;7;0;0;1;19;1
202000010671;154 723 496;1;0;2;8;19;5
202000010671;154 723 497;7;0;2;1;1;1
202000010672;154 723 494;7;0;2;7;1;1
202000010672;154 723 495;2;0;2;1;1;1
202000010673;154 723 492;7;0;2;1;21;1
202000010673;154 723 493;7;0;2;2;13;1
202000010674;154 723 491;7;0;1;2;1;1
202000010675;154 723 490;10;2;0;1;21;1
202000010676;154 723 488;7;0;0;1;1;0
202000010676;154 723 489;7;0;0;2;13;0
202000010677;154 723 487;7;4;0;2;0;0
202000010678;154 723 485;7;0;2;3;15;1
202000010678;154 723 486;33;0;2;1;1;1
202000010679;154 723 482;7;0;2;8;1;1
202000010679;154 723 483;10;0;2;3;1;1
202000010679;154 723 484;7;0;2;1;13;1
202000010680;154 723 480;7;0;2;2;16;1
202000010680;154 723 481;1;0;2;1;1;5
202000010681;154 723 478;7;0;0;8;15;1
202000010681;154 723 479;33;0;2;1;1;1
202000010682;154 723 476;7;0;2;1;9;0
202000010682;154 723 477;32;1;2;9;1;1
202000010683;154 723 474;7;0;2;6;15;0
202000010683;154 723 475;2;0;2;1;1;0
202000010684;154 723 472;33;16;0;7;1;1
202000010684;154 723 473;2;16;0;0;1;1
202000010685;154 723 470;33;0;2;1;2;1
202000010685;154 723 471;7;0;0;4;15;1
202000010686;154 723 466;10;0;2;4;1;1
202000010686;154 723 467;7;0;2;6;1;1
202000010686;154 723 468;7;0;2;1;17;1
202000010686;154 723 469;7;0;2;1;1;1
202000010687;154 723 465;7;3;0;1;1;1
202000010688;154 723 463;7;0;2;4;1;1
202000010688;154 723 464;7;0;2;1;26;1
202000010689;154 723 462;7;0;1;4;20;0
202000010690;154 723 460;7;1;2;7;15;1
202000010690;154 723 461;0;1;2;1;1;0
202000010691;154 723 459;7;0;2;1;14;1
202000010692;154 723 457;7;0;2;4;2;1
202000010692;154 723 458;7;0;2;1;2;1
202000010693;154 723 455;7;0;2;6;15;1
202000010693;154 723 456;32;0;2;1;1;1
202000010694;154 723 454;7;7;2;1;9;1
202000010695;154 723 452;7;0;2;8;22;1
202000010695;154 723 453;1;0;0;0;0;0
202000010696;154 723 451;7;0;1;1;1;1
202000010697;154 723 450;7;8;0;1;1;1
202000010698;154 723 449;80;0;0;1;1;3
202000010699;154 723 448;30;0;0;0;13;1
202000010700;154 723 446;1;0;2;7;9;0
202000010700;154 723 447;2;0;2;1;9;1
202000010701;154 723 445;7;15;0;1;14;1
202000010702;154 723 444;7;1;0;3;26;1
202000010703;154 723 441;7;0;1;2;20;1
202000010704;154 723 439;7;0;2;8;15;1
202000010704;154 723 440;7;0;2;1;1;1
202000010705;154 723 438;7;0;1;2;1;1
202000010706;154 723 437;7;1;0;1;14;1
202000010707;154 723 435;7;0;2;3;1;1
202000010707;154 723 436;30;0;2;1;15;1
202000010708;154 723 433;7;0;2;1;2;1
202000010708;154 723 434;10;0;2;4;23;1
202000010709;154 723 432;7;8;0;1;1;1
202000010710;154 723 430;30;0;2;1;17;1
202000010710;154 723 431;21;0;2;3;15;1
202000010711;154 723 428;7;0;2;1;26;1
202000010711;154 723 429;1;0;2;3;1;0
202000010712;154 723 427;30;16;0;8;14;3
202000010713;154 723 425;7;1;0;3;13;1
202000010714;154 723 423;7;1;0;1;20;1
202000010714;154 723 424;33;0;2;4;24;1
202000010715;154 723 422;1;0;0;0;0;5
202000010716;154 723 420;7;0;2;3;0;1
202000010716;154 723 421;2;0;2;1;0;1
202000010717;154 723 418;80;0;2;2;19;3
202000010717;154 723 419;7;0;2;2;1;1
202000010718;154 723 416;7;0;2;4;2;1
202000010718;154 723 417;7;0;2;1;2;2
202000010719;154 723 414;1;0;2;7;19;5
202000010719;154 723 415;10;0;2;1;16;0
202000010720;154 723 409;7;0;2;3;0;2
202000010720;154 723 410;7;0;2;2;15;1
202000010721;154 723 408;33;0;0;1;1;1
202000010722;154 723 406;7;0;2;5;15;1
202000010722;154 723 407;2;0;2;1;1;1
202000010723;154 723 405;7;0;1;1;0;1
202000010724;154 723 404;7;0;1;1;1;1
202000010725;154 723 402;7;0;2;4;1;1
202000010725;154 723 403;7;0;2;1;1;1
202000010726;154 723 401;7;3;0;3;13;1
202000010727;154 723 399;32;0;2;1;1;1
202000010727;154 723 400;1;0;2;8;15;5
202000010728;154 723 398;10;1;0;3;26;1
202000010729;154 723 397;7;0;1;6;4;1
202000010730;154 723 395;31;0;2;1;1;1
202000010730;154 723 396;30;0;2;7;16;1
202000010731;154 723 393;7;0;2;3;10;1
202000010731;154 723 394;1;0;2;1;1;5
202000010732;154 723 391;10;0;2;3;13;1
202000010732;154 723 392;30;0;2;2;17;3
202000010733;154 723 389;30;0;2;1;1;0
202000010733;154 723 390;7;0;2;5;23;0
202000010734;154 723 387;7;1;0;3;15;0
202000010734;154 723 388;7;1;0;2;17;0
202000010735;154 723 386;7;0;1;3;15;0
202000010736;154 723 384;1;0;2;1;1;5
202000010736;154 723 385;7;14;0;2;26;0
202000010737;154 723 382;7;0;2;3;1;1
202000010737;154 723 383;7;0;2;8;1;1
202000010738;154 723 381;7;0;1;1;10;1
202000010739;154 723 379;7;0;2;3;15;1
202000010739;154 723 380;2;0;2;2;1;1
202000010740;154 723 377;7;0;2;0;0;1
202000010740;154 723 378;7;0;2;0;0;1
202000010741;154 723 375;7;0;0;0;18;1
202000010741;154 723 376;7;4;0;0;21;1
202000010742;154 723 372;33;13;0;1;1;1
202000010743;154 723 371;33;13;0;8;1;1
202000010744;154 723 370;7;13;0;1;9;1
202000010745;154 723 368;33;0;2;1;1;1
202000010745;154 723 369;7;0;2;8;15;1
202000010746;154 723 366;33;0;2;1;18;1
202000010746;154 723 367;21;0;0;5;16;1
202000010747;154 723 365;7;13;0;1;1;1
202000010748;154 723 363;7;0;2;1;0;1
202000010748;154 723 364;7;0;2;4;1;1
202000010749;154 723 362;7;13;0;3;13;0
202000010750;154 723 360;7;0;0;1;1;1
202000010750;154 723 361;1;0;2;1;9;6
202000010751;154 723 359;33;0;0;9;2;1
202000010752;154 723 357;17;13;2;2;21;1
202000010752;154 723 358;7;13;2;2;5;1
202000010753;154 723 355;7;0;2;3;1;0
202000010753;154 723 356;7;0;2;3;13;0
202000010754;154 723 354;36;12;0;1;19;0
202000010755;154 723 353;7;13;0;0;1;1
202000010756;154 723 352;7;16;0;9;1;1
202000010757;154 723 351;7;4;0;1;2;1
202000010758;154 723 349;7;0;2;3;14;1
202000010758;154 723 350;2;0;2;1;13;1
202000010759;154 723 348;36;13;0;4;4;1
202000010760;154 723 347;7;8;0;3;1;1
202000010761;154 723 344;7;4;2;1;5;1
202000010761;154 723 345;7;0;2;1;2;1
202000010762;154 723 342;7;0;1;1;1;1
202000010763;154 723 341;31;13;0;6;1;6
202000010764;154 723 339;7;0;2;1;13;0
202000010764;154 723 340;10;0;2;1;23;0
202000010765;154 723 338;32;13;0;2;1;1
202000010766;154 723 334;7;0;2;3;1;0
202000010766;154 723 335;2;0;2;1;13;0
202000010767;154 723 332;7;0;0;3;0;1
202000010767;154 723 333;30;1;0;1;0;3
202000010768;154 723 330;7;0;2;8;1;1
202000010768;154 723 331;7;8;2;8;1;1
202000010769;154 723 328;7;0;2;3;1;1
202000010769;154 723 329;7;0;2;3;13;1
202000010770;154 723 326;7;0;2;1;19;1
202000010770;154 723 327;33;0;2;8;1;1
202000010771;154 723 324;10;0;2;2;17;1
202000010771;154 723 325;10;17;2;6;1;1
202000010772;154 723 321;7;0;2;1;1;1
202000010772;154 723 322;10;0;2;1;1;0
202000010772;154 723 323;7;0;0;4;1;1
202000010773;154 723 320;7;0;1;1;1;1
202000010774;154 723 319;7;0;1;7;16;1
202000010775;154 723 316;7;0;2;2;26;1
202000010775;154 723 317;7;0;2;2;26;1
202000010775;154 723 318;7;0;2;2;1;1
202000010776;154 723 314;10;3;2;2;1;1
202000010776;154 723 315;10;0;2;3;11;1
202000010777;154 723 313;1;12;0;1;1;5
202000010778;154 723 311;7;0;2;3;1;0
202000010778;154 723 312;7;0;1;3;6;1
202000010779;154 723 309;1;0;2;1;14;5
202000010779;154 723 310;7;0;9;7;1;1
202000010780;154 723 307;7;0;2;4;2;1
202000010780;154 723 308;30;0;2;1;2;1
202000010781;154 723 305;50;0;2;0;0;3
202000010781;154 723 306;7;0;2;2;15;1
202000010782;154 723 303;7;0;2;3;1;1
202000010782;154 723 304;7;0;2;2;1;0
202000010783;154 723 301;7;0;2;1;1;1
202000010783;154 723 302;34;0;2;1;1;1
202000010784;154 723 299;33;15;0;1;13;1
202000010784;154 723 300;37;0;2;1;1;1
202000010785;154 723 297;7;0;2;3;15;1
202000010785;154 723 298;7;0;2;2;1;1
202000010786;154 723 295;7;0;2;3;1;1
202000010786;154 723 296;32;0;2;7;1;1
202000010787;154 723 294;7;0;1;4;4;1
202000010788;154 723 292;32;0;2;2;1;1
202000010788;154 723 293;30;0;2;3;15;1
202000010789;154 723 290;7;0;2;7;1;1
202000010789;154 723 291;7;0;2;3;1;1
202000010790;154 723 289;10;0;1;1;15;1
202000010791;154 723 286;7;0;2;8;1;1
202000010791;154 723 287;7;0;2;1;13;2
202000010791;154 723 288;32;0;2;1;1;1
202000010792;154 723 285;7;0;1;1;16;0
202000010793;154 723 283;33;0;2;8;2;1
202000010793;154 723 284;7;0;2;7;12;2
202000010794;154 723 282;7;0;1;1;15;1
202000010795;154 723 281;7;0;1;1;2;0
202000010796;154 723 279;7;0;2;5;23;1
202000010796;154 723 280;32;0;2;1;3;1
202000010797;154 723 277;7;0;2;5;1;2
202000010797;154 723 278;7;0;2;3;18;1
202000010798;154 723 276;50;0;0;1;1;3
202000010799;154 723 274;7;0;2;1;2;0
202000010799;154 723 275;7;0;2;4;23;1
202000010800;154 723 273;50;12;0;1;19;3
202000010801;154 723 272;50;0;0;0;1;3
202000010802;154 723 270;7;0;2;3;23;1
202000010802;154 723 271;34;0;2;1;17;1
202000010803;154 723 269;1;0;0;0;1;5
202000010804;154 723 267;10;0;2;1;1;0
202000010804;154 723 268;33;0;2;1;13;1
202000010805;154 723 266;7;0;1;1;1;0
202000010806;154 723 264;7;0;2;8;13;1
202000010806;154 723 265;30;0;2;7;2;3
202000010807;154 723 262;33;0;2;4;23;1
202000010807;154 723 263;7;0;2;1;2;1
202000010808;154 723 260;10;0;2;8;11;0
202000010808;154 723 261;33;0;2;7;26;0
202000010809;154 723 259;34;0;0;1;26;0
202000010810;154 723 258;7;9;0;1;14;1
202000010811;154 723 256;7;0;2;3;11;1
202000010811;154 723 257;33;0;2;7;1;1
202000010812;154 723 254;7;0;2;3;15;1
202000010812;154 723 255;30;0;2;1;2;1
202000010813;154 723 252;7;0;2;3;15;1
202000010813;154 723 253;31;0;2;2;1;1
202000010814;154 723 251;30;0;0;0;1;1
202000010815;154 723 250;7;12;0;1;9;1
202000010816;154 723 249;30;0;0;8;21;1
202000010817;154 723 248;37;0;1;1;26;6
202000010818;154 723 245;7;0;2;1;2;0
202000010818;154 723 246;7;0;2;4;2;1
202000010818;154 723 247;7;0;2;4;26;0
202000010819;154 723 244;7;1;0;1;1;1
202000010820;154 723 242;31;0;2;2;1;1
202000010820;154 723 243;7;0;2;0;0;1
202000010821;154 723 239;10;0;0;1;24;1
202000010821;154 723 240;7;0;2;1;9;1
202000010821;154 723 241;30;1;2;1;1;1
202000010822;154 723 237;32;0;2;1;1;1
202000010822;154 723 238;7;0;2;3;15;1
202000010823;154 723 236;10;0;1;3;16;1
202000010824;154 723 234;10;0;2;3;9;1
202000010824;154 723 235;50;0;2;5;0;3
202000010825;154 723 233;7;4;0;2;2;1
202000010826;154 723 231;13;0;2;5;9;1
202000010826;154 723 232;7;0;2;1;1;0
202000010827;154 723 230;7;0;1;0;1;1
202000010828;154 723 227;7;0;2;7;1;1
202000010828;154 723 228;43;0;2;7;12;1
202000010828;154 723 229;33;0;2;1;3;1
202000010829;154 723 225;7;0;2;3;26;1
202000010829;154 723 226;7;0;2;2;15;1
202000010830;154 723 223;1;0;2;8;1;5
202000010830;154 723 224;7;0;2;1;15;1
202000010831;154 723 221;14;0;2;1;2;1
202000010831;154 723 222;7;15;0;4;2;1
202000010832;154 723 219;2;0;2;0;0;0
202000010832;154 723 220;7;0;2;4;0;1
202000010833;154 723 218;7;0;1;4;4;1
202000010834;154 723 217;7;0;1;2;1;1
202000010835;154 723 216;37;0;1;2;21;1
202000010836;154 723 214;10;0;2;1;19;1
202000010836;154 723 215;10;0;2;4;2;1
202000010837;154 723 212;7;0;2;1;2;6
202000010837;154 723 213;37;12;0;4;23;0
202000010838;154 723 211;7;0;1;3;17;0
202000010839;154 723 208;7;0;2;4;2;1
202000010839;154 723 209;7;0;2;4;2;1
202000010839;154 723 210;7;0;2;1;2;1
202000010840;154 723 206;7;0;2;3;1;1
202000010840;154 723 207;7;0;2;1;5;1
202000010841;154 723 205;7;0;1;1;26;0
202000010842;154 723 204;7;0;1;1;2;1
202000010843;154 723 202;7;0;0;0;0;0
202000010843;154 723 203;34;0;2;8;15;1
202000010844;154 723 200;1;0;2;1;5;5
202000010844;154 723 201;7;0;9;3;1;1
202000010845;154 723 198;31;0;2;4;1;1
202000010845;154 723 199;7;0;2;2;1;1
202000010846;154 723 197;7;0;1;0;2;1
202000010847;154 723 195;10;0;2;1;2;1
202000010847;154 723 196;10;0;2;0;0;1
202000010848;154 723 194;31;0;1;7;1;1
202000010849;154 723 192;30;0;2;1;2;1
202000010849;154 723 193;7;0;2;4;2;1
202000010850;154 723 190;7;0;2;1;5;1
202000010850;154 723 191;7;0;2;1;1;1
202000010851;154 723 189;7;0;1;2;2;1
202000010852;154 723 186;7;0;2;1;2;1
202000010852;154 723 187;7;0;2;1;2;1
202000010852;154 723 188;7;0;2;4;26;1
202000010853;154 723 185;7;2;0;2;14;1
202000010854;154 723 183;99;0;2;1;1;6
202000010854;154 723 184;99;0;2;2;19;6
202000010855;154 723 181;33;0;2;8;1;1
202000010855;154 723 182;7;0;2;7;12;1
202000010856;154 723 178;7;0;2;1;1;1
202000010856;154 723 179;7;0;2;4;23;1
202000010856;154 723 180;7;0;2;4;0;1
202000010857;154 723 175;7;7;0;4;23;1
202000010857;154 723 176;7;7;0;9;2;1
202000010857;154 723 177;7;14;2;1;1;1
202000010858;154 723 174;7;0;1;3;0;1
202000010859;154 723 173;7;0;1;2;1;0
202000010860;154 723 172;7;0;1;1;1;1
202000010861;154 723 171;30;0;1;0;19;0
202000010862;154 723 170;99;0;1;3;9;1
202000010863;154 723 168;3;0;2;3;1;0
202000010863;154 723 169;10;0;2;7;19;0
202000010864;154 723 167;7;12;0;1;1;1
202000010865;154 723 166;99;0;1;1;1;6
202000010866;154 723 165;7;3;0;1;9;0
202000010867;154 723 163;33;0;2;1;1;1
202000010867;154 723 164;7;0;2;1;15;1
202000010868;154 723 161;7;0;2;7;15;1
202000010868;154 723 162;1;0;2;1;1;5
202000010869;154 723 159;0;0;2;6;1;0
202000010869;154 723 160;7;0;2;2;15;0
202000010870;154 723 157;33;0;0;0;0;1
202000010870;154 723 158;7;0;0;0;0;1
202000010871;154 723 154;7;0;2;8;24;0
202000010871;154 723 155;7;0;2;8;24;0
202000010871;154 723 156;7;1;0;2;2;0
202000010872;154 723 151;10;0;2;6;23;1
202000010872;154 723 152;10;0;2;4;23;1
202000010872;154 723 153;13;0;2;1;2;1
202000010873;154 723 149;7;0;2;8;15;1
202000010873;154 723 150;34;0;2;2;17;1
202000010874;154 723 148;7;0;1;3;1;0
202000010875;154 723 146;7;1;2;2;1;1
202000010875;154 723 147;7;0;2;5;16;1
202000010876;154 723 144;10;0;2;3;15;1
202000010876;154 723 145;31;0;2;1;17;1
202000010877;154 723 142;7;0;2;8;10;1
202000010877;154 723 143;32;0;2;2;1;1
202000010878;154 723 141;7;0;1;1;1;1
202000010879;154 723 140;34;0;1;2;17;1
202000010880;154 723 139;7;0;1;1;1;0
202000010881;154 723 137;7;1;2;8;2;1
202000010881;154 723 138;7;0;2;1;2;1
202000010882;154 723 136;10;0;1;1;15;1
202000010883;154 723 134;7;0;2;4;23;0
202000010883;154 723 135;7;0;2;1;2;0
202000010884;154 723 132;7;1;0;1;1;1
202000010884;154 723 133;7;0;2;4;23;1
202000010885;154 723 131;10;0;1;1;1;1
202000010886;154 723 129;7;0;2;3;15;1
202000010886;154 723 130;7;0;2;1;19;1
202000010887;154 723 128;37;0;1;2;1;0
202000010888;154 723 126;20;0;2;4;1;1
202000010888;154 723 127;7;0;2;1;2;1
202000010889;154 723 125;32;0;1;1;3;1
202000010890;154 723 123;7;0;2;4;23;1
202000010890;154 723 124;7;14;0;1;2;1
202000010891;154 723 122;7;0;1;2;16;1
202000010892;154 723 120;34;0;2;3;1;1
202000010892;154 723 121;7;0;2;5;16;1
202000010893;154 723 118;7;0;0;0;0;1
202000010893;154 723 119;2;0;0;0;0;1
202000010894;154 723 117;7;0;1;1;2;1
202000010895;154 723 112;33;0;2;1;26;1
202000010895;154 723 113;7;0;2;2;15;1
202000010896;154 723 110;32;0;2;1;1;1
202000010896;154 723 111;7;0;2;3;20;1
202000010897;154 723 108;15;0;2;6;11;1
202000010897;154 723 109;31;0;2;7;1;1
202000010898;154 723 107;7;1;0;2;1;1
202000010899;154 723 106;7;0;1;1;1;1
202000010900;154 723 104;7;0;2;8;15;1
202000010900;154 723 105;30;0;2;7;17;1
202000010901;154 723 103;7;15;0;1;1;1
202000010902;154 723 101;30;0;2;8;3;1
202000010902;154 723 102;7;0;2;6;9;1
202000010903;154 723 099;37;0;0;7;1;1
202000010903;154 723 100;1;0;0;8;1;0
202000010904;154 723 098;7;0;1;1;16;1
202000010905;154 723 097;30;0;1;1;25;1
202000010906;154 723 095;7;0;2;3;16;1
202000010906;154 723 096;32;0;2;2;3;1
202000010907;154 723 093;13;0;2;3;22;0
202000010907;154 723 094;7;0;2;5;2;0
202000010908;154 723 091;7;0;9;2;2;0
202000010908;154 723 092;50;0;0;1;16;3
202000010909;154 723 089;7;0;2;3;1;1
202000010909;154 723 090;32;0;2;1;1;1
202000010910;154 723 088;7;0;1;7;15;1
202000010911;154 723 086;7;0;2;1;9;1
202000010911;154 723 087;3;0;2;6;1;1
202000010912;154 723 084;37;0;2;2;1;1
202000010912;154 723 085;7;0;2;3;20;1
202000010913;154 723 082;32;0;2;1;3;1
202000010913;154 723 083;7;0;2;2;15;1
202000010914;154 723 081;7;9;1;1;1;1
202000010915;154 723 079;2;0;2;8;16;1
202000010915;154 723 080;10;0;2;7;16;1
202000010916;154 723 077;7;0;2;5;15;1
202000010916;154 723 078;50;0;2;1;1;3
202000010917;154 723 074;7;0;2;6;16;1
202000010917;154 723 075;7;0;2;6;16;1
202000010917;154 723 076;37;0;2;2;1;1
202000010918;154 723 072;7;0;2;1;9;1
202000010918;154 723 073;33;0;2;2;1;1
202000010919;154 723 071;32;0;1;1;17;1
202000010920;154 723 069;7;0;2;8;1;1
202000010920;154 723 070;7;0;2;2;15;1
202000010921;154 723 067;7;0;2;2;15;1
202000010921;154 723 068;33;0;2;8;16;1
202000010922;154 723 066;7;0;1;3;15;0
202000010923;154 723 065;34;0;1;2;21;1
202000010924;154 723 063;15;0;2;5;16;0
202000010924;154 723 064;1;0;2;1;2;5
202000010925;154 723 061;30;0;2;2;26;1
202000010925;154 723 062;7;0;2;7;26;0
202000010926;154 723 060;33;0;1;3;1;1
202000010927;154 723 057;7;0;2;3;15;1
202000010927;154 723 058;10;0;2;0;0;0
202000010927;154 723 059;33;1;2;1;17;1
202000010928;154 723 056;32;0;2;7;1;0
202000010929;154 723 055;7;0;1;2;17;1
202000010930;154 723 053;2;0;2;1;1;0
202000010930;154 723 054;7;0;2;2;15;0
202000010931;154 723 052;7;0;1;0;0;1
202000010932;154 723 050;2;0;2;1;2;1
202000010932;154 723 051;20;0;2;8;15;1
202000010933;154 723 048;7;0;0;1;1;1
202000010933;154 723 049;7;0;2;1;13;1
202000010934;154 723 046;33;0;2;1;13;1
202000010934;154 723 047;7;0;2;1;15;1
202000010935;154 723 044;2;0;0;1;2;1
202000010935;154 723 045;7;0;0;4;0;0
202000010936;154 723 043;7;2;9;2;1;1
202000010937;154 723 042;7;0;1;2;1;1
202000010938;154 723 039;7;13;0;1;14;1
202000010939;154 723 037;7;0;2;8;15;1
202000010939;154 723 038;7;0;2;1;1;1
202000010940;154 723 036;7;0;1;5;4;1
202000010941;154 723 034;7;0;2;1;2;1
202000010941;154 723 035;7;0;2;4;1;1
202000010942;154 723 033;7;8;0;1;1;1
202000010943;154 723 031;2;0;0;4;1;1
202000010943;154 723 032;7;0;2;2;2;1
202000010944;154 723 030;7;2;0;2;14;0
202000010945;154 723 028;7;0;2;3;13;0
202000010945;154 723 029;33;0;2;1;1;1
202000010946;154 723 027;7;15;0;1;1;0
202000010947;154 723 025;10;8;2;2;9;1
202000010947;154 723 026;7;0;2;3;2;1
202000010948;154 723 023;7;0;2;3;13;1
202000010948;154 723 024;7;0;2;3;1;1
202000010949;154 723 021;7;0;2;3;13;1
202000010949;154 723 022;7;0;2;3;1;1
202000010950;154 723 018;7;1;0;1;1;0
202000010951;154 723 017;7;1;0;2;0;1
202000010952;154 723 014;10;0;1;2;1;1
202000010953;154 723 013;7;0;1;0;2;0
202000010954;154 723 011;7;0;2;1;1;1
202000010954;154 723 012;7;0;2;2;19;1
202000010955;154 723 008;7;0;0;4;1;1
202000010955;154 723 009;7;0;2;4;2;1
202000010955;154 723 010;7;0;2;1;2;1
202000010956;154 723 007;7;0;1;4;4;1
202000010957;154 723 005;7;0;2;1;2;6
202000010957;154 723 006;33;0;2;5;16;6
202000010958;154 723 000;10;0;2;0;0;1
202000010958;154 723 001;10;0;2;0;0;1
202000010958;154 723 002;10;3;2;0;0;1
202000010958;154 723 003;10;0;2;0;0;1
202000010958;154 723 004;10;0;2;0;0;1
202000010959;154 722 999;7;0;0;2;1;1