Num_Acc;id_vehicule;categorie_vehicule;obstacle_fixe;obstacle_mobile;point_choc_initial;manoeuvre_principale;motorisation
202000010960;154 722 997;15;0;2;3;1;1
202000010960;154 722 998;7;0;2;3;17;1
202000010961;154 722 995;1;0;0;4;2;5
202000010961;154 722 996;7;0;2;2;2;1
202000010962;154 722 993;7;0;2;1;13;1
202000010962;154 722 994;7;0;2;1;1;1
202000010963;154 722 991;2;0;2;1;16;1
202000010963;154 722 992;7;0;2;1;9;1
202000010964;154 722 989;10;10;2;2;17;1
202000010964;154 722 990;7;0;2;3;15;1
202000010965;154 722 987;7;0;0;8;26;1
202000010965;154 722 988;33;0;2;1;1;1
202000010966;154 722 986;7;0;1;1;15;1
202000010967;154 722 985;7;13;0;9;1;1
202000010968;154 722 984;7;2;0;1;1;1
202000010969;154 722 982;7;0;0;9;2;1
202000010970;154 722 981;7;2;0;8;1;1
202000010971;154 722 979;7;0;2;3;1;1
202000010971;154 722 980;7;0;2;1;13;1
202000010972;154 722 976;7;0;0;4;2;1
202000010972;154 722 977;7;0;2;4;2;1
202000010972;154 722 978;10;0;2;1;2;1
202000010973;154 722 975;7;0;0;9;13;1
202000010974;154 722 973;2;0;2;1;13;1
202000010974;154 722 974;7;0;2;3;1;1
202000010975;154 722 971;7;0;2;1;1;1
202000010975;154 722 972;7;3;2;1;13;1
202000010976;154 722 970;80;0;0;9;0;3
202000010977;154 722 968;7;0;2;3;1;1
202000010977;154 722 969;7;0;2;8;17;1
202000010978;154 722 966;2;0;2;1;1;1
202000010978;154 722 967;7;0;2;7;1;1
202000010979;154 722 965;2;0;0;0;0;1
202000010980;154 722 963;7;0;1;7;1;1
202000010981;154 722 961;1;0;2;7;1;5
202000010981;154 722 962;30;0;2;7;18;1
202000010982;154 722 960;7;0;1;3;1;1
202000010983;154 722 958;7;0;2;1;1;1
202000010983;154 722 959;1;0;2;2;9;5
202000010984;154 722 956;1;0;2;1;1;5
202000010984;154 722 957;7;0;2;2;15;1
202000010985;154 722 955;30;0;1;1;1;1
202000010986;154 722 953;50;0;2;1;9;3
202000010986;154 722 954;1;0;2;8;1;5
202000010987;154 722 951;7;0;2;8;15;1
202000010987;154 722 952;1;0;2;1;1;5
202000010988;154 722 950;34;0;1;1;1;1
202000010989;154 722 948;1;0;2;1;11;5
202000010989;154 722 949;1;0;2;1;1;5
202000010990;154 722 947;7;0;1;1;16;0
202000010991;154 722 945;7;0;2;1;17;1
202000010991;154 722 946;7;0;0;1;1;1
202000010992;154 722 943;31;0;2;1;1;1
202000010992;154 722 944;7;0;2;4;1;1
202000010993;154 722 941;7;0;2;3;1;1
202000010993;154 722 942;7;0;2;2;1;0
202000010994;154 722 939;7;0;2;7;9;1
202000010994;154 722 940;7;0;2;1;1;1
202000010995;154 722 937;7;0;2;4;4;1
202000010995;154 722 938;32;0;2;8;2;1
202000010996;154 722 936;20;0;1;1;14;1
202000010997;154 722 935;33;0;1;8;21;1
202000010998;154 722 933;10;0;2;3;2;1
202000010998;154 722 934;7;0;2;3;21;1
202000010999;154 722 932;7;15;1;1;26;1
202000011000;154 722 931;7;0;1;2;0;1
202000011001;154 722 930;7;0;1;2;15;0
202000011002;154 722 929;30;0;0;0;16;1
202000011003;154 722 927;7;0;9;4;9;1
202000011003;154 722 928;1;0;0;4;0;0
202000011004;154 722 925;32;0;2;3;0;1
202000011004;154 722 926;7;0;2;3;26;1
202000011005;154 722 922;7;0;1;1;15;1
202000011006;154 722 920;1;0;2;8;16;6
202000011006;154 722 921;10;0;2;7;16;1
202000011007;154 722 919;50;0;1;1;5;3
202000011008;154 722 918;10;0;1;6;20;1
202000011009;154 722 916;7;0;2;3;1;1
202000011009;154 722 917;33;0;2;7;1;1
202000011010;154 722 915;60;0;1;1;5;5
202000011011;154 722 914;10;0;1;2;16;1
202000011012;154 722 913;7;0;1;1;26;1
202000011013;154 722 911;10;0;2;3;23;1
202000011013;154 722 912;30;0;2;1;21;1
202000011014;154 722 909;33;0;2;3;1;1
202000011014;154 722 910;7;0;2;3;15;1
202000011015;154 722 907;7;0;0;6;20;1
202000011015;154 722 908;33;1;0;1;1;1
202000011016;154 722 906;7;0;1;3;1;1
202000011017;154 722 905;2;13;0;7;1;1
202000011018;154 722 904;7;0;1;1;16;1
202000011019;154 722 902;13;0;0;4;2;1
202000011019;154 722 903;7;0;2;1;1;1
202000011020;154 722 900;7;0;2;1;1;1
202000011020;154 722 901;7;0;2;1;13;1
202000011021;154 722 899;7;16;0;9;1;0
202000011022;154 722 897;7;0;2;2;1;1
202000011022;154 722 898;7;0;2;5;1;1
202000011023;154 722 895;7;3;2;1;1;1
202000011023;154 722 896;7;0;2;1;1;1
202000011024;154 722 893;7;0;2;1;13;1
202000011024;154 722 894;7;0;2;1;1;1
202000011025;154 722 891;7;0;2;3;1;1
202000011025;154 722 892;7;0;2;2;1;1
202000011026;154 722 888;7;0;2;6;15;1
202000011026;154 722 889;7;0;2;3;1;1
202000011026;154 722 890;15;0;2;1;1;1
202000011027;154 722 887;7;2;0;4;1;1
202000011028;154 722 883;7;6;0;1;1;1
202000011029;154 722 879;7;0;2;2;2;1
202000011029;154 722 880;1;0;0;4;2;5
202000011029;154 722 881;1;0;0;4;2;5
202000011030;154 722 877;7;0;2;2;2;1
202000011030;154 722 878;1;0;2;0;2;5
202000011031;154 722 875;7;0;2;3;13;1
202000011031;154 722 876;7;0;2;3;1;1
202000011032;154 722 873;7;0;2;8;1;1
202000011032;154 722 874;7;0;2;3;13;6
202000011033;154 722 872;1;0;0;0;1;5
202000011034;154 722 870;7;0;2;3;9;1
202000011034;154 722 871;33;0;2;5;1;1
202000011035;154 722 869;7;0;1;2;1;0
202000011036;154 722 867;7;0;2;1;1;2
202000011036;154 722 868;7;0;2;1;1;1
202000011037;154 722 865;7;0;2;1;2;1
202000011037;154 722 866;7;0;0;4;2;1
202000011038;154 722 864;7;0;1;7;20;1
202000011039;154 722 862;32;0;2;1;21;1
202000011039;154 722 863;1;0;2;1;21;5
202000011040;154 722 860;7;0;2;6;0;1
202000011040;154 722 861;7;0;2;1;0;1
202000011041;154 722 858;7;0;2;7;0;1
202000011041;154 722 859;17;0;2;6;1;1
202000011042;154 722 852;7;0;2;3;2;1
202000011042;154 722 853;7;0;0;3;1;1
202000011042;154 722 854;7;0;2;1;2;1
202000011042;154 722 855;17;0;2;3;2;1
202000011042;154 722 856;7;0;2;1;2;1
202000011042;154 722 857;7;0;0;4;2;1
202000011043;154 722 850;7;0;2;1;5;1
202000011043;154 722 851;17;0;2;2;1;1
202000011044;154 722 848;32;0;2;1;2;1
202000011044;154 722 849;7;0;2;5;26;1
202000011045;154 722 846;32;0;2;1;1;1
202000011045;154 722 847;38;0;2;8;15;1
202000011046;154 722 843;7;0;2;3;13;1
202000011046;154 722 844;15;0;2;8;2;1
202000011046;154 722 845;21;0;2;3;1;1
202000011047;154 722 841;7;0;2;1;1;1
202000011047;154 722 842;7;0;2;3;15;1
202000011048;154 722 839;7;0;2;1;5;1
202000011048;154 722 840;7;0;2;1;1;1
202000011049;154 722 838;7;2;0;1;14;1
202000011050;154 722 837;7;0;0;9;1;1
202000011051;154 722 835;7;0;2;1;5;1
202000011051;154 722 836;7;0;2;1;1;1
202000011052;154 722 833;3;7;0;4;1;1
202000011052;154 722 834;7;0;2;1;2;1
202000011053;154 722 832;7;0;1;3;1;1
202000011054;154 722 831;7;0;1;8;1;1
202000011055;154 722 830;7;1;0;1;1;1
202000011056;154 722 826;1;0;2;4;2;5
202000011056;154 722 827;1;0;2;4;2;5
202000011056;154 722 828;1;0;2;4;2;5
202000011056;154 722 829;7;0;9;2;2;1
202000011057;154 722 823;10;0;0;4;2;1
202000011057;154 722 824;10;1;0;1;2;1
202000011057;154 722 825;10;0;0;0;2;1
202000011058;154 722 819;10;0;2;6;26;1
202000011058;154 722 820;7;0;2;2;1;1
202000011058;154 722 821;10;0;2;3;1;1
202000011058;154 722 822;7;0;2;1;1;1
202000011059;154 722 817;7;3;2;1;2;1
202000011059;154 722 818;7;3;2;4;2;1
202000011060;154 722 815;10;0;2;6;1;1
202000011060;154 722 816;17;0;2;0;0;0
202000011061;154 722 811;10;0;2;1;2;1
202000011061;154 722 812;7;0;2;4;2;1
202000011061;154 722 813;7;0;2;4;2;1
202000011061;154 722 814;7;0;2;4;2;1
202000011062;154 722 809;17;0;2;4;23;1
202000011062;154 722 810;17;0;2;1;1;1
202000011063;154 722 807;17;0;2;2;12;1
202000011063;154 722 808;7;0;2;8;1;1
202000011064;154 722 805;7;0;2;3;11;1
202000011064;154 722 806;33;0;2;2;0;1
202000011065;154 722 803;7;0;2;3;3;1
202000011065;154 722 804;7;0;2;6;12;1
202000011066;154 722 801;7;8;0;9;9;1
202000011066;154 722 802;7;0;2;3;9;1
202000011067;154 722 800;31;0;0;7;1;0
202000011068;154 722 798;7;0;2;4;2;1
202000011068;154 722 799;7;0;2;1;2;1
202000011069;154 722 796;10;0;2;4;2;1
202000011069;154 722 797;7;0;2;1;2;1
202000011070;154 722 794;7;0;2;5;2;1
202000011070;154 722 795;10;0;2;1;2;1
202000011071;154 722 791;7;1;0;1;2;1
202000011071;154 722 792;7;0;2;4;23;1
202000011071;154 722 793;7;0;2;4;23;1
202000011072;154 722 790;43;0;0;9;1;1
202000011073;154 722 788;7;4;2;3;17;1
202000011073;154 722 789;7;0;2;8;1;1
202000011074;154 722 787;33;0;0;9;3;1
202000011075;154 722 786;7;3;0;2;14;1
202000011076;154 722 783;33;0;2;1;1;1
202000011076;154 722 784;7;0;2;4;1;1
202000011076;154 722 785;7;0;2;4;1;1
202000011077;154 722 781;10;0;2;7;12;1
202000011077;154 722 782;33;0;2;8;3;1
202000011078;154 722 779;30;0;2;1;26;1
202000011078;154 722 780;7;0;2;2;1;1
202000011079;154 722 778;7;6;0;1;1;1
202000011080;154 722 775;7;0;2;1;1;0
202000011080;154 722 776;7;0;2;4;0;0
202000011080;154 722 777;7;0;2;0;0;0
202000011081;154 722 773;2;0;2;2;2;1
202000011081;154 722 774;7;0;2;3;20;1
202000011082;154 722 772;7;0;1;1;1;0
202000011083;154 722 771;7;0;1;1;26;1
202000011084;154 722 769;7;0;2;2;26;1
202000011084;154 722 770;7;0;2;1;15;1
202000011085;154 722 767;7;0;2;2;15;1
202000011085;154 722 768;2;0;2;1;1;1
202000011086;154 722 765;32;0;2;9;19;1
202000011086;154 722 766;7;0;2;3;19;1
202000011087;154 722 764;7;0;1;4;4;1
202000011088;154 722 762;1;0;2;2;19;5
202000011088;154 722 763;7;0;9;1;1;1
202000011089;154 722 760;7;0;2;8;9;1
202000011089;154 722 761;1;0;2;1;21;0
202000011090;154 722 759;99;0;1;1;15;0
202000011091;154 722 757;7;0;2;1;2;1
202000011091;154 722 758;7;0;2;4;2;1
202000011092;154 722 756;7;0;1;8;15;1
202000011093;154 722 755;33;3;0;7;1;1
202000011094;154 722 754;7;0;1;2;16;1
202000011095;154 722 752;1;0;2;1;16;5
202000011095;154 722 753;7;0;9;1;15;1
202000011096;154 722 750;7;0;2;1;1;0
202000011096;154 722 751;7;0;2;4;4;6
202000011097;154 722 748;7;0;2;8;0;1
202000011097;154 722 749;7;0;2;3;13;1
202000011098;154 722 745;7;0;1;1;1;1
202000011099;154 722 744;7;0;1;1;0;1
202000011100;154 722 740;7;0;2;1;2;1
202000011100;154 722 741;31;0;2;8;26;1
202000011101;154 722 738;7;0;2;1;1;1
202000011101;154 722 739;7;0;2;5;1;1
202000011102;154 722 737;7;15;0;1;26;1
202000011103;154 722 735;33;0;2;1;1;1
202000011103;154 722 736;7;0;2;8;13;1
202000011104;154 722 733;7;0;2;3;1;1
202000011104;154 722 734;7;0;2;2;15;1
202000011105;154 722 732;7;0;1;2;1;1
202000011106;154 722 730;2;0;2;1;1;1
202000011106;154 722 731;7;0;2;2;15;1
202000011107;154 722 728;7;0;2;2;15;1
202000011107;154 722 729;7;0;2;2;1;1
202000011108;154 722 727;7;15;0;1;1;1
202000011109;154 722 726;7;0;1;8;15;1
202000011110;154 722 724;7;0;2;1;1;0
202000011110;154 722 725;7;0;2;2;19;0
202000011111;154 722 723;7;3;0;9;0;1
202000011112;154 722 721;7;0;1;1;16;1
202000011112;154 722 722;7;0;2;1;1;1
202000011113;154 722 719;7;0;2;3;15;1
202000011113;154 722 720;7;0;2;3;1;1
202000011114;154 722 718;7;13;0;1;14;1
202000011115;154 722 717;7;0;1;2;1;1
202000011116;154 722 716;7;0;1;3;1;1
202000011117;154 722 714;7;0;0;6;15;1
202000011117;154 722 715;31;0;2;7;15;1
202000011118;154 722 713;7;13;0;3;9;1
202000011119;154 722 712;2;0;1;1;1;1
202000011120;154 722 711;7;8;0;1;1;1
202000011121;154 722 709;1;0;2;1;1;5
202000011121;154 722 710;7;0;2;3;1;1
202000011122;154 722 707;30;0;4;8;1;1
202000011122;154 722 708;40;0;2;2;1;3
202000011123;154 722 706;7;0;1;1;1;1
202000011124;154 722 703;7;0;2;1;9;1
202000011124;154 722 704;7;0;2;1;1;1
202000011125;154 722 701;7;0;2;1;9;1
202000011125;154 722 702;50;0;2;1;1;3
202000011126;154 722 699;7;0;2;8;1;1
202000011126;154 722 700;7;0;2;8;9;1
202000011127;154 722 697;33;0;2;1;2;1
202000011127;154 722 698;7;0;2;4;23;1
202000011128;154 722 695;7;0;2;7;15;1
202000011128;154 722 696;33;0;2;1;17;1
202000011129;154 722 693;7;6;0;1;15;1
202000011130;154 722 691;7;0;2;2;1;1
202000011130;154 722 692;7;0;2;1;15;1
202000011131;154 722 687;7;0;1;3;26;1
202000011132;154 722 686;7;0;1;1;1;1
202000011133;154 722 685;33;0;1;1;1;1
202000011134;154 722 683;1;0;2;0;0;5
202000011134;154 722 684;10;0;2;7;2;0
202000011135;154 722 682;7;0;1;1;4;1
202000011136;154 722 680;15;0;2;7;1;1
202000011136;154 722 681;7;0;2;3;9;1
202000011137;154 722 678;7;0;2;2;1;1
202000011137;154 722 679;7;0;2;6;10;1
202000011138;154 722 677;30;0;1;1;1;1
202000011139;154 722 675;10;0;2;1;1;1
202000011139;154 722 676;50;0;2;1;5;3
202000011140;154 722 673;7;0;2;2;15;1
202000011140;154 722 674;42;0;2;1;2;0
202000011141;154 722 671;30;0;2;2;1;1
202000011141;154 722 672;7;0;2;3;9;1
202000011142;154 722 669;7;0;2;7;19;1
202000011142;154 722 670;7;0;2;1;19;2
202000011143;154 722 668;7;0;1;7;26;1
202000011144;154 722 666;7;0;2;1;2;1
202000011144;154 722 667;15;0;2;4;2;1
202000011145;154 722 663;7;0;2;1;1;1
202000011145;154 722 664;7;0;2;8;1;1
202000011145;154 722 665;15;0;2;0;12;0
202000011146;154 722 662;7;2;0;1;14;1
202000011147;154 722 660;7;0;2;3;15;2
202000011147;154 722 661;33;0;2;1;17;1
202000011148;154 722 659;7;0;1;8;1;0
202000011149;154 722 658;30;0;2;0;1;1
202000011150;154 722 657;33;0;1;1;1;1
202000011151;154 722 656;7;0;1;2;1;6
202000011152;154 722 654;7;0;2;2;1;1
202000011152;154 722 655;7;0;2;3;16;1
202000011153;154 722 652;1;0;2;1;1;5
202000011153;154 722 653;7;0;2;5;16;1
202000011154;154 722 650;3;0;2;1;1;1
202000011154;154 722 651;7;0;2;8;16;1
202000011155;154 722 648;7;0;2;2;1;1
202000011155;154 722 649;32;0;2;3;15;1
202000011156;154 722 647;7;0;1;6;4;0
202000011157;154 722 646;30;0;1;1;1;1
202000011158;154 722 644;30;0;2;1;1;1
202000011158;154 722 645;33;0;2;4;23;1
202000011159;154 722 643;7;1;0;1;1;1
202000011160;154 722 642;32;0;0;8;1;1
202000011161;154 722 641;50;0;1;1;17;3
202000011162;154 722 639;7;0;2;1;13;1
202000011162;154 722 640;7;0;2;1;1;1
202000011163;154 722 638;7;0;1;1;1;1
202000011164;154 722 637;7;0;1;1;1;1
202000011165;154 722 635;7;0;2;4;2;0
202000011165;154 722 636;7;0;2;1;2;0
202000011166;154 722 633;7;0;2;4;16;1
202000011166;154 722 634;7;0;2;1;2;2
202000011167;154 722 631;2;0;2;0;1;1
202000011167;154 722 632;7;0;2;3;10;1
202000011168;154 722 629;7;0;2;1;2;1
202000011168;154 722 630;7;0;2;4;1;1
202000011169;154 722 628;99;0;1;1;16;0
202000011170;154 722 626;7;0;2;1;26;6
202000011170;154 722 627;7;0;2;4;26;6
202000011171;154 722 624;7;0;2;8;1;1
202000011171;154 722 625;2;0;2;1;1;1
202000011172;154 722 621;7;0;0;3;1;1
202000011172;154 722 622;2;0;2;8;19;1
202000011172;154 722 623;7;0;2;1;21;1
202000011173;154 722 618;7;0;2;1;19;3
202000011173;154 722 619;14;0;0;1;23;1
202000011173;154 722 620;7;0;2;8;1;1
202000011174;154 722 616;7;0;0;5;9;1
202000011174;154 722 617;80;0;0;5;1;3
202000011175;154 722 614;7;0;2;1;13;1
202000011175;154 722 615;7;0;2;1;1;1
202000011176;154 722 612;7;0;2;3;13;1
202000011176;154 722 613;33;0;0;1;1;1
202000011177;154 722 610;7;0;2;3;9;1
202000011177;154 722 611;2;0;0;7;1;1
202000011178;154 722 609;2;0;0;0;1;1
202000011179;154 722 607;7;0;2;4;2;1
202000011179;154 722 608;7;0;2;1;2;1
202000011180;154 722 604;10;0;2;8;1;1
202000011180;154 722 605;7;0;2;5;1;1
202000011180;154 722 606;7;0;2;8;11;1
202000011181;154 722 602;7;0;2;4;1;1
202000011181;154 722 603;7;0;2;1;2;0
202000011182;154 722 600;7;0;2;4;2;1
202000011182;154 722 601;7;0;2;2;2;1
202000011183;154 722 599;34;0;0;5;1;1
202000011184;154 722 597;10;0;2;1;1;1
202000011184;154 722 598;33;0;2;4;23;1
202000011185;154 722 595;13;0;2;1;1;1
202000011185;154 722 596;7;0;2;8;12;1
202000011186;154 722 592;7;0;2;8;18;1
202000011186;154 722 593;37;0;2;2;9;1
202000011186;154 722 594;7;0;2;1;1;1
202000011187;154 722 590;17;0;2;2;12;1
202000011187;154 722 591;7;3;0;8;1;1
202000011188;154 722 588;33;0;2;1;2;1
202000011188;154 722 589;33;0;2;4;2;1
202000011189;154 722 586;33;0;2;7;2;1
202000011189;154 722 587;7;0;2;8;11;1
202000011190;154 722 584;15;0;2;2;2;1
202000011190;154 722 585;15;0;2;6;2;1
202000011191;154 722 582;32;0;2;2;3;1
202000011191;154 722 583;10;0;2;3;11;1
202000011192;154 722 580;33;0;0;4;1;1
202000011192;154 722 581;43;3;0;2;18;1
202000011193;154 722 578;10;0;0;0;26;1
202000011193;154 722 579;34;0;0;0;0;1
202000011194;154 722 573;7;0;2;4;2;1
202000011194;154 722 574;13;0;2;1;2;1
202000011194;154 722 575;7;0;2;4;23;1
202000011194;154 722 576;7;0;2;4;2;1
202000011194;154 722 577;7;0;0;4;2;1
202000011195;154 722 570;7;0;2;7;1;1
202000011195;154 722 571;7;0;2;6;1;1
202000011195;154 722 572;33;0;2;7;3;1
202000011196;154 722 568;17;0;2;1;23;1
202000011196;154 722 569;17;0;2;4;4;1
202000011197;154 722 565;10;0;2;4;1;0
202000011197;154 722 566;7;0;2;3;11;1
202000011197;154 722 567;33;0;2;2;3;1
202000011198;154 722 562;10;0;2;4;2;1
202000011198;154 722 563;10;0;2;1;2;1
202000011198;154 722 564;7;0;2;4;23;1
202000011199;154 722 560;33;0;2;1;3;1
202000011199;154 722 561;10;0;2;8;11;1
202000011200;154 722 556;33;0;2;3;3;1
202000011200;154 722 557;7;0;2;5;2;1
202000011200;154 722 558;7;0;2;1;1;1
202000011200;154 722 559;7;0;2;1;1;1
202000011201;154 722 553;7;0;2;1;1;1
202000011201;154 722 554;13;0;2;2;1;1
202000011201;154 722 555;7;0;2;8;1;1
202000011202;154 722 550;7;0;2;2;12;0
202000011202;154 722 551;7;0;2;6;1;1
202000011202;154 722 552;33;0;2;1;1;1
202000011203;154 722 548;15;0;2;4;2;1
202000011203;154 722 549;14;0;2;1;2;1
202000011204;154 722 546;33;0;2;3;3;1
202000011204;154 722 547;7;0;2;7;14;1
202000011205;154 722 544;7;0;2;2;16;0
202000011205;154 722 545;2;0;2;1;9;0
202000011206;154 722 542;7;0;2;3;15;1
202000011206;154 722 543;31;0;2;1;1;1
202000011207;154 722 540;7;0;2;8;1;1
202000011207;154 722 541;7;0;2;2;15;0
202000011208;154 722 538;2;0;2;8;1;1
202000011208;154 722 539;7;0;2;1;15;1
202000011209;154 722 536;7;0;2;2;26;1
202000011209;154 722 537;7;0;2;3;9;1
202000011210;154 722 535;15;0;1;1;1;0
202000011211;154 722 532;7;0;2;1;0;1
202000011211;154 722 533;7;0;2;6;1;1
202000011211;154 722 534;7;0;2;2;9;1
202000011212;154 722 529;7;0;2;4;2;1
202000011212;154 722 530;7;0;2;4;2;1
202000011212;154 722 531;7;0;2;1;2;1
202000011213;154 722 527;1;0;2;6;19;5
202000011213;154 722 528;7;0;2;1;1;1
202000011214;154 722 526;7;0;1;1;13;5
202000011215;154 722 525;7;0;1;3;15;0
202000011216;154 722 523;10;0;2;1;1;1
202000011216;154 722 524;7;0;2;4;1;1
202000011217;154 722 519;7;0;2;4;2;1
202000011217;154 722 520;7;0;2;4;2;1
202000011217;154 722 521;7;0;2;4;2;1
202000011217;154 722 522;7;0;2;1;2;1
202000011218;154 722 518;30;0;0;7;21;1
202000011219;154 722 517;80;0;0;0;1;3
202000011220;154 722 515;7;0;2;1;9;0
202000011220;154 722 516;7;0;2;8;1;0
202000011221;154 722 513;7;0;2;7;9;1
202000011221;154 722 514;1;0;2;7;1;5
202000011222;154 722 510;34;0;1;1;1;1
202000011223;154 722 508;1;0;2;1;1;5
202000011223;154 722 509;7;0;2;7;15;1
202000011224;154 722 507;7;0;0;0;1;1
202000011225;154 722 506;7;0;1;1;1;1
202000011226;154 722 505;7;9;0;1;1;1
202000011227;154 722 504;7;16;0;1;1;1
202000011228;154 722 502;1;0;2;1;5;5
202000011228;154 722 503;7;0;2;3;1;3
202000011229;154 722 500;1;0;0;4;14;5
202000011229;154 722 501;7;0;0;0;0;0
202000011230;154 722 496;2;0;2;8;15;1
202000011230;154 722 497;32;0;2;8;15;1
202000011231;154 722 494;7;1;2;5;22;1
202000011231;154 722 495;10;1;0;5;0;1
202000011232;154 722 493;7;12;0;5;18;1
202000011233;154 722 491;7;0;2;8;1;1
202000011233;154 722 492;7;0;2;3;1;1
202000011234;154 722 489;30;0;2;6;1;1
202000011234;154 722 490;7;0;2;3;1;1
202000011235;154 722 487;1;0;2;1;3;5
202000011235;154 722 488;7;0;2;3;1;1
202000011236;154 722 486;7;0;1;1;1;1
202000011237;154 722 483;7;0;2;8;10;1
202000011237;154 722 484;33;0;2;1;1;1
202000011238;154 722 482;1;0;2;1;1;5
202000011238;154 722 485;7;0;2;2;9;1
202000011239;154 722 480;7;0;2;1;2;1
202000011239;154 722 481;7;3;2;3;1;1
202000011240;154 722 478;1;0;2;2;1;5
202000011240;154 722 479;7;0;2;1;9;1
202000011241;154 722 477;7;0;0;0;0;1
202000011242;154 722 475;7;0;2;5;9;1
202000011242;154 722 476;7;0;2;1;1;1
202000011243;154 722 473;33;0;2;4;1;1
202000011243;154 722 474;33;0;2;2;1;1
202000011244;154 722 471;31;0;0;1;1;1
202000011245;154 722 472;7;1;0;8;14;1
202000011246;154 722 469;10;0;2;4;2;1
202000011246;154 722 470;10;0;2;1;2;1
202000011247;154 722 468;32;12;0;2;14;1
202000011248;154 722 466;32;0;0;1;26;1
202000011249;154 722 465;13;0;2;4;2;1
202000011249;154 722 467;33;0;2;1;2;1
202000011250;154 722 461;33;0;2;2;3;1
202000011250;154 722 462;7;0;2;3;11;1
202000011251;154 722 463;2;0;2;0;0;1
202000011251;154 722 464;10;0;9;0;13;1
202000011252;154 722 459;33;0;2;5;1;1
202000011252;154 722 460;7;0;2;0;0;6
202000011253;154 722 457;7;3;0;1;14;1
202000011254;154 722 458;7;0;1;1;15;1
202000011255;154 722 455;33;0;2;1;2;1
202000011255;154 722 456;7;0;2;6;2;1
202000011256;154 722 452;31;0;2;9;1;1
202000011256;154 722 453;31;0;2;7;1;1
202000011256;154 722 454;10;0;2;1;15;1
202000011257;154 722 450;20;0;1;2;1;1
202000011258;154 722 449;7;0;2;8;11;1
202000011258;154 722 451;33;0;2;7;3;1
202000011259;154 722 447;1;0;2;1;13;5
202000011259;154 722 448;7;0;2;1;1;1
202000011260;154 722 445;7;0;2;4;1;1
202000011260;154 722 446;7;0;2;1;1;1
202000011261;154 722 444;7;1;0;2;14;1
202000011262;154 722 439;7;0;0;4;2;1
202000011262;154 722 440;7;0;2;4;2;1
202000011263;154 722 437;7;0;2;1;1;1
202000011263;154 722 438;30;0;2;1;1;1
202000011264;154 722 435;1;0;2;1;1;5
202000011264;154 722 436;7;0;2;1;1;1
202000011265;154 722 434;40;0;1;3;1;3
202000011266;154 722 441;17;0;2;5;1;1
202000011266;154 722 442;10;0;2;2;12;1
202000011266;154 722 443;10;0;2;3;1;1
202000011267;154 722 432;7;12;0;1;1;1
202000011268;154 722 433;7;0;1;2;1;1
202000011269;154 722 430;80;0;2;4;2;3
202000011269;154 722 431;7;0;2;2;2;1
202000011270;154 722 427;7;0;2;2;19;1
202000011270;154 722 429;33;0;2;7;19;1
202000011271;154 722 426;1;0;9;1;1;5
202000011272;154 722 424;1;0;2;7;0;0
202000011272;154 722 425;7;0;2;1;1;1
202000011273;154 722 428;0;0;1;1;1;0
202000011274;154 722 422;7;0;1;2;1;1
202000011275;154 722 421;40;0;1;3;1;3
202000011276;154 722 419;7;0;2;1;1;0
202000011276;154 722 420;7;0;2;1;1;0
202000011277;154 722 417;2;0;2;1;1;1
202000011277;154 722 418;7;0;2;2;16;1
202000011278;154 722 415;7;0;2;7;1;1
202000011278;154 722 416;7;0;2;1;19;1
202000011279;154 722 414;30;0;2;1;5;1
202000011279;154 722 423;7;0;2;2;1;1
202000011280;154 722 412;30;1;0;8;0;3
202000011281;154 722 410;1;0;2;1;19;5
202000011281;154 722 411;31;0;2;1;1;1
202000011282;154 722 409;7;1;0;1;1;1
202000011283;154 722 407;7;0;2;5;12;1
202000011283;154 722 408;31;0;2;6;1;1
202000011284;154 722 405;7;0;2;8;1;1
202000011284;154 722 406;7;0;2;3;13;1
202000011285;154 722 403;7;0;2;1;2;1
202000011285;154 722 404;7;0;2;4;2;1
202000011286;154 722 400;1;0;0;0;0;5
202000011286;154 722 402;7;0;0;3;1;1
202000011287;154 722 401;7;0;9;2;15;0
202000011287;154 722 413;1;0;2;1;19;5
202000011288;154 722 399;3;0;1;2;1;1
202000011289;154 722 398;7;3;0;0;1;1
202000011290;154 722 394;10;0;2;2;1;1
202000011290;154 722 395;10;0;2;3;15;1
202000011291;154 722 392;7;0;2;5;4;1
202000011291;154 722 393;1;0;2;2;1;5
202000011292;154 722 390;31;0;2;4;12;1
202000011292;154 722 391;7;0;2;3;19;1
202000011293;154 722 388;10;0;2;6;10;1
202000011293;154 722 389;32;0;2;3;17;1
202000011294;154 722 385;7;0;2;1;2;1
202000011294;154 722 386;7;1;2;4;20;1
202000011294;154 722 387;7;1;2;6;0;1
202000011295;154 722 396;41;0;2;8;10;1
202000011295;154 722 397;7;0;2;8;1;1
202000011296;154 722 384;7;0;1;1;1;1
202000011297;154 722 382;1;0;2;2;19;5
202000011297;154 722 383;7;0;2;2;9;1
202000011298;154 722 381;7;0;1;2;1;1
202000011299;154 722 378;7;0;2;8;15;1
202000011299;154 722 379;33;0;2;1;1;1
202000011300;154 722 375;7;0;2;1;9;1
202000011300;154 722 376;7;0;2;2;1;1
202000011300;154 722 377;7;0;2;3;1;1