Num_Acc;id_vehicule;categorie_vehicule;obstacle_fixe;obstacle_mobile;point_choc_initial;manoeuvre_principale;motorisation
202000011642;154 721 758;7;14;0;5;26;1
202000011642;154 721 759;31;0;2;5;18;1
202000011643;154 721 756;7;6;0;1;15;1
202000011644;154 721 754;7;0;2;8;15;6
202000011644;154 721 755;34;0;2;1;17;6
202000011645;154 721 753;7;4;0;2;1;1
202000011646;154 721 751;10;0;2;7;1;1
202000011646;154 721 752;10;0;2;2;9;1
202000011647;154 721 749;10;0;2;8;1;1
202000011647;154 721 750;10;0;2;1;9;1
202000011648;154 721 748;7;0;1;2;26;1
202000011649;154 721 747;7;0;1;3;19;1
202000011650;154 721 746;7;0;1;1;26;1
202000011651;154 721 744;7;0;2;3;15;1
202000011651;154 721 745;7;0;2;7;1;1
202000011652;154 721 743;37;6;0;1;1;1
202000011653;154 721 742;7;4;0;3;13;1
202000011654;154 721 740;7;0;2;7;17;1
202000011654;154 721 741;3;0;2;8;1;1
202000011655;154 721 739;7;0;1;8;15;1
202000011656;154 721 737;7;0;2;2;1;1
202000011656;154 721 738;30;0;2;8;3;1
202000011657;154 721 736;1;12;0;1;14;5
202000011658;154 721 734;2;0;2;1;21;1
202000011658;154 721 735;30;0;2;4;26;1
202000011659;154 721 732;1;0;2;0;0;0
202000011659;154 721 733;7;0;2;1;0;1
202000011660;154 721 730;1;0;2;1;1;5
202000011660;154 721 731;7;0;2;4;1;1
202000011661;154 721 728;2;0;2;1;1;1
202000011661;154 721 729;7;0;2;2;15;1
202000011662;154 721 726;7;0;9;3;15;1
202000011662;154 721 727;1;0;2;8;5;0
202000011663;154 721 724;7;0;2;7;17;1
202000011663;154 721 725;1;0;2;8;13;5
202000011664;154 721 722;1;0;2;1;15;5
202000011664;154 721 723;7;0;2;2;16;1
202000011665;154 721 720;7;0;0;3;1;1
202000011665;154 721 721;7;0;2;2;9;1
202000011666;154 721 718;33;0;2;1;1;1
202000011666;154 721 719;7;0;2;1;1;1
202000011667;154 721 717;33;0;1;1;21;1
202000011668;154 721 716;7;0;1;7;1;1
202000011669;154 721 714;7;0;2;3;15;1
202000011669;154 721 715;7;0;2;2;1;1
202000011670;154 721 712;7;0;2;7;17;0
202000011670;154 721 713;1;0;0;0;1;5
202000011671;154 721 710;7;0;2;3;0;1
202000011671;154 721 711;7;0;2;4;0;1
202000011672;154 721 708;7;0;2;2;0;1
202000011672;154 721 709;2;0;2;3;0;1
202000011673;154 721 707;7;15;0;0;0;1
202000011674;154 721 706;34;3;0;7;15;1
202000011675;154 721 704;7;0;2;2;1;1
202000011675;154 721 705;7;0;2;1;15;1
202000011676;154 721 701;7;0;2;1;2;3
202000011676;154 721 702;7;0;2;4;2;1
202000011676;154 721 703;7;0;2;4;2;1
202000011677;154 721 699;10;0;2;3;13;1
202000011677;154 721 700;15;0;2;3;1;1
202000011678;154 721 697;33;0;2;1;2;1
202000011678;154 721 698;7;0;2;2;0;1
202000011679;154 721 696;7;0;0;9;1;1
202000011680;154 721 693;7;0;2;3;1;1
202000011680;154 721 694;7;0;2;1;13;1
202000011681;154 721 691;30;0;2;4;16;1
202000011681;154 721 692;10;0;2;3;26;1
202000011682;154 721 690;32;0;1;0;0;0
202000011683;154 721 689;31;0;0;0;0;1
202000011684;154 721 688;10;0;1;3;15;1
202000011685;154 721 687;7;1;1;4;20;0
202000011686;154 721 685;30;0;2;1;19;1
202000011686;154 721 686;7;0;2;7;19;1
202000011687;154 721 683;10;0;2;3;15;1
202000011687;154 721 684;33;0;2;1;17;1
202000011688;154 721 681;32;0;2;1;1;1
202000011688;154 721 682;7;0;2;2;15;2
202000011689;154 721 679;10;0;2;3;1;1
202000011689;154 721 680;30;0;2;1;13;1
202000011690;154 721 677;1;0;2;0;14;5
202000011690;154 721 678;7;0;2;1;2;1
202000011691;154 721 676;7;6;0;1;1;1
202000011692;154 721 675;7;0;0;1;1;1
202000011693;154 721 673;10;0;2;5;12;1
202000011693;154 721 674;33;0;2;1;1;1
202000011694;154 721 671;33;0;2;1;1;1
202000011694;154 721 672;7;0;2;7;10;1
202000011695;154 721 670;7;14;0;3;13;1
202000011696;154 721 668;7;0;2;3;1;1
202000011696;154 721 669;2;0;2;3;15;1
202000011697;154 721 666;32;0;2;1;18;1
202000011697;154 721 667;15;0;2;7;16;1
202000011698;154 721 665;10;0;1;4;4;3
202000011699;154 721 663;1;0;2;1;1;5
202000011699;154 721 664;43;0;2;8;1;1
202000011700;154 721 662;1;0;0;0;1;5
202000011701;154 721 661;7;0;1;3;15;3
202000011702;154 721 659;1;0;2;1;7;5
202000011702;154 721 660;10;0;2;7;16;1
202000011703;154 721 658;10;0;1;6;1;1
202000011704;154 721 657;1;0;1;1;1;5
202000011705;154 721 655;10;0;2;7;16;0
202000011705;154 721 656;1;0;2;1;7;5
202000011706;154 721 652;10;0;2;4;23;1
202000011706;154 721 653;7;0;2;4;23;1
202000011706;154 721 654;10;0;2;1;1;1
202000011707;154 721 651;1;0;1;1;1;5
202000011708;154 721 649;10;0;2;4;24;1
202000011708;154 721 650;30;0;2;1;13;1
202000011709;154 721 648;1;12;0;7;14;5
202000011710;154 721 646;37;1;0;3;1;1
202000011710;154 721 647;7;0;2;2;22;1
202000011711;154 721 644;2;0;2;1;1;1
202000011711;154 721 645;7;0;2;3;15;1
202000011712;154 721 642;7;0;2;3;15;1
202000011712;154 721 643;1;0;2;1;1;5
202000011713;154 721 640;30;0;2;1;13;4
202000011713;154 721 641;7;0;2;1;1;1
202000011714;154 721 637;7;0;2;4;2;1
202000011714;154 721 638;7;0;2;1;2;1
202000011714;154 721 639;7;0;2;4;2;1
202000011715;154 721 635;7;0;2;2;26;0
202000011715;154 721 636;0;0;2;8;19;0
202000011716;154 721 633;10;0;2;2;1;0
202000011716;154 721 634;0;0;2;0;0;0
202000011717;154 721 632;20;15;1;1;9;2
202000011718;154 721 631;7;0;1;6;1;1
202000011719;154 721 630;7;0;1;2;1;2
202000011720;154 721 627;33;0;2;4;1;1
202000011720;154 721 628;7;0;2;4;1;1
202000011721;154 721 626;31;14;0;2;14;1
202000011722;154 721 624;7;0;2;1;19;0
202000011722;154 721 625;7;0;0;3;19;0
202000011723;154 721 623;7;0;1;2;1;1
202000011724;154 721 621;1;0;2;1;16;5
202000011724;154 721 622;7;0;2;1;23;1
202000011725;154 721 619;7;0;2;1;15;1
202000011725;154 721 620;43;0;2;8;0;1
202000011726;154 721 618;7;9;1;2;14;1
202000011727;154 721 616;31;0;2;8;1;1
202000011727;154 721 617;7;8;2;2;19;1
202000011728;154 721 615;15;2;0;8;13;1
202000011729;154 721 614;7;6;0;1;13;1
202000011730;154 721 612;7;0;2;6;15;1
202000011730;154 721 613;2;0;2;1;1;1
202000011731;154 721 611;7;5;0;9;0;1
202000011732;154 721 608;7;0;2;3;1;1
202000011732;154 721 609;7;0;2;3;0;1
202000011733;154 721 607;7;8;0;9;1;1
202000011734;154 721 606;33;0;0;0;1;1
202000011735;154 721 602;7;0;9;8;9;1
202000011735;154 721 603;80;0;2;1;1;3
202000011736;154 721 601;7;2;0;1;1;1
202000011737;154 721 599;10;0;9;3;13;1
202000011737;154 721 600;1;0;2;1;1;5
202000011738;154 721 597;7;13;9;3;1;1
202000011738;154 721 598;14;13;0;1;1;1
202000011739;154 721 596;33;16;0;0;14;1
202000011740;154 721 595;15;8;0;1;1;1
202000011741;154 721 593;2;0;2;1;5;1
202000011741;154 721 594;7;0;2;3;1;1
202000011742;154 721 592;7;2;0;1;1;1
202000011743;154 721 590;7;0;2;1;14;0
202000011743;154 721 591;7;0;2;3;1;0
202000011744;154 721 589;10;0;1;6;20;1
202000011745;154 721 588;33;13;0;1;17;1
202000011746;154 721 586;7;10;2;3;17;1
202000011746;154 721 587;7;0;2;3;1;1
202000011747;154 721 585;15;3;0;1;1;1
202000011748;154 721 583;7;0;2;9;1;1
202000011748;154 721 584;7;0;2;2;19;1
202000011749;154 721 581;31;8;2;8;1;1
202000011749;154 721 582;7;0;2;2;9;1
202000011750;154 721 580;2;0;0;0;0;5
202000011751;154 721 579;7;0;1;2;1;1
202000011752;154 721 577;7;0;2;1;26;1
202000011752;154 721 578;7;0;0;8;1;1
202000011753;154 721 575;7;0;2;2;1;0
202000011753;154 721 576;10;0;2;1;13;0
202000011754;154 721 574;7;2;0;9;13;1
202000011755;154 721 573;7;13;0;1;16;1
202000011756;154 721 572;33;0;1;2;13;1
202000011757;154 721 570;7;0;2;4;23;1
202000011757;154 721 571;7;0;2;1;2;1
202000011758;154 721 568;7;0;2;1;5;1
202000011758;154 721 569;7;0;2;1;1;1
202000011759;154 721 566;50;0;2;3;15;3
202000011759;154 721 567;7;0;2;3;1;
202000011760;154 721 564;1;0;2;7;1;5
202000011760;154 721 565;10;0;2;1;9;1
202000011761;154 721 562;7;0;2;7;1;1
202000011761;154 721 563;1;0;2;8;9;5
202000011762;154 721 560;2;0;2;1;1;1
202000011762;154 721 561;7;0;2;3;9;1
202000011763;154 721 559;32;0;1;7;21;1
202000011764;154 721 557;3;0;2;1;16;1
202000011764;154 721 558;7;0;2;1;1;1
202000011765;154 721 555;7;0;2;4;1;1
202000011765;154 721 556;7;0;2;1;1;1
202000011766;154 721 554;50;0;1;1;25;3
202000011767;154 721 552;7;0;2;7;4;1
202000011767;154 721 553;2;0;2;1;17;1
202000011768;154 721 547;7;0;2;4;1;1
202000011768;154 721 548;7;0;2;5;1;1
202000011768;154 721 549;7;0;2;3;1;1
202000011769;154 721 542;7;0;2;8;16;1
202000011769;154 721 543;14;0;2;5;15;1
202000011770;154 721 540;30;0;2;1;0;1
202000011770;154 721 541;7;0;2;6;1;1
202000011771;154 721 538;7;0;4;7;15;1
202000011771;154 721 539;40;0;2;1;1;3
202000011772;154 721 536;10;0;2;1;1;1
202000011772;154 721 537;1;0;2;7;19;0
202000011773;154 721 535;10;1;0;1;13;1
202000011774;154 721 533;7;0;2;2;4;1
202000011774;154 721 534;1;0;2;3;1;5
202000011775;154 721 531;32;0;2;2;1;1
202000011775;154 721 532;7;0;2;3;9;1
202000011776;154 721 530;7;0;1;2;1;1
202000011777;154 721 529;7;14;0;1;1;1
202000011778;154 721 527;7;0;2;1;19;1
202000011778;154 721 528;7;0;2;3;1;1
202000011779;154 721 525;30;0;0;0;1;1
202000011779;154 721 526;7;0;0;0;23;1
202000011780;154 721 523;10;0;2;1;2;1
202000011780;154 721 524;7;0;2;4;2;1
202000011781;154 721 521;10;0;2;8;10;1
202000011781;154 721 522;31;0;2;6;2;1
202000011782;154 721 520;7;3;0;1;14;1
202000011783;154 721 519;7;0;1;2;0;1
202000011784;154 721 518;7;2;0;1;26;1
202000011785;154 721 516;7;0;2;6;15;1
202000011785;154 721 517;33;0;2;1;17;1
202000011786;154 721 514;7;0;2;7;1;1
202000011786;154 721 515;7;0;2;1;9;1
202000011787;154 721 512;1;0;2;4;1;5
202000011787;154 721 513;7;0;2;1;9;1
202000011788;154 721 511;7;4;0;2;14;1
202000011789;154 721 509;7;0;2;3;9;1
202000011789;154 721 510;31;0;2;7;1;1
202000011790;154 721 508;7;13;0;2;14;1
202000011791;154 721 507;7;0;1;2;1;1
202000011792;154 721 506;7;0;1;1;1;1
202000011793;154 721 505;7;1;0;0;1;1
202000011794;154 721 503;7;4;2;0;0;1
202000011794;154 721 504;7;0;2;0;0;1
202000011795;154 721 501;7;0;2;0;0;1
202000011795;154 721 502;50;0;2;0;1;3
202000011796;154 721 499;1;0;2;0;0;5
202000011796;154 721 500;10;0;9;0;0;1
202000011797;154 721 497;1;0;2;0;0;5
202000011797;154 721 498;10;0;2;0;1;1
202000011798;154 721 495;33;0;2;0;0;1
202000011798;154 721 496;7;0;2;0;15;1
202000011799;154 721 494;30;0;0;0;1;1
202000011800;154 721 492;7;0;2;7;16;1
202000011800;154 721 493;30;0;2;1;18;1
202000011801;154 721 491;31;0;1;1;1;1
202000011802;154 721 490;7;0;1;2;1;1
202000011803;154 721 489;7;0;1;1;1;0
202000011804;154 721 487;38;0;2;5;17;1
202000011804;154 721 488;80;0;2;3;13;3
202000011805;154 721 486;7;1;0;2;1;1
202000011806;154 721 484;7;0;2;3;1;1
202000011806;154 721 485;7;0;2;7;9;1
202000011807;154 721 483;7;0;1;3;15;1
202000011808;154 721 481;10;0;2;1;1;1
202000011808;154 721 482;7;0;2;8;1;1
202000011809;154 721 479;2;0;2;1;17;1
202000011809;154 721 480;7;0;2;3;15;1
202000011810;154 721 477;7;0;2;2;1;1
202000011810;154 721 478;1;0;2;4;1;5
202000011811;154 721 474;40;0;2;3;1;3
202000011811;154 721 475;1;0;4;3;15;5
202000011812;154 721 473;7;6;1;2;1;1
202000011813;154 721 470;7;0;2;3;13;1
202000011813;154 721 471;99;0;2;1;21;1
202000011813;154 721 472;7;0;2;3;1;1
202000011814;154 721 476;7;0;1;0;26;0
202000011815;154 721 469;2;0;0;8;1;1
202000011816;154 721 468;7;0;1;2;1;1
202000011817;154 721 467;30;0;1;1;1;1
202000011818;154 721 465;7;0;2;3;1;1
202000011818;154 721 466;2;0;2;1;1;1
202000011819;154 721 464;7;0;1;2;1;1
202000011820;154 721 462;7;0;1;1;1;1
202000011821;154 721 461;7;0;2;4;1;1
202000011821;154 721 463;7;0;2;1;1;1
202000011822;154 721 457;1;0;2;8;1;5
202000011822;154 721 459;10;0;2;7;1;1
202000011823;154 721 458;33;0;2;1;26;1
202000011823;154 721 460;7;0;2;3;1;0
202000011824;154 721 456;7;14;0;1;1;1
202000011825;154 721 455;7;8;0;1;1;1
202000011826;154 721 453;10;0;2;8;15;1
202000011826;154 721 454;7;6;2;2;2;1
202000011827;154 721 451;31;0;1;1;1;1
202000011828;154 721 449;33;0;1;1;13;1
202000011829;154 721 446;7;0;2;3;13;1
202000011829;154 721 448;10;0;2;1;1;1
202000011830;154 721 445;2;0;2;1;1;1
202000011830;154 721 447;7;0;2;1;0;1
202000011831;154 721 441;31;0;2;1;9;0
202000011831;154 721 443;7;0;2;3;9;1
202000011832;154 721 440;7;0;2;4;1;1
202000011832;154 721 442;7;0;2;4;1;1
202000011832;154 721 444;7;0;2;1;1;1
202000011833;154 721 439;7;0;1;1;1;1
202000011834;154 721 438;7;0;1;1;2;1
202000011835;154 721 436;10;0;2;8;9;1
202000011835;154 721 437;31;0;2;1;1;1
202000011836;154 721 434;32;0;2;1;1;0
202000011836;154 721 435;7;0;2;6;1;1
202000011837;154 721 432;3;0;2;1;15;1
202000011837;154 721 433;31;0;2;1;1;1
202000011838;154 721 431;7;9;0;2;26;1
202000011839;154 721 427;7;0;2;8;11;1
202000011839;154 721 429;7;0;2;4;1;1
202000011839;154 721 430;32;0;2;2;3;1
202000011840;154 721 426;33;0;2;1;1;2
202000011840;154 721 428;10;0;2;2;1;1
202000011841;154 721 424;32;0;2;1;2;1
202000011841;154 721 425;7;0;2;5;14;1
202000011842;154 721 423;7;0;9;9;21;1
202000011843;154 721 421;7;0;2;2;17;1
202000011843;154 721 422;50;0;2;3;1;3
202000011844;154 721 419;1;1;1;1;1;5
202000011845;154 721 420;33;0;1;1;1;1
202000011846;154 721 417;7;0;2;8;22;0
202000011846;154 721 418;32;0;2;2;17;1
202000011847;154 721 415;1;0;1;0;1;5
202000011848;154 721 416;7;0;1;3;1;1
202000011849;154 721 414;1;0;1;8;1;5
202000011850;154 721 410;1;0;2;1;1;5
202000011850;154 721 413;7;0;2;4;15;1
202000011851;154 721 411;30;0;2;7;1;1
202000011851;154 721 412;10;0;2;8;10;1
202000011852;154 721 408;7;0;2;8;9;1
202000011852;154 721 409;1;0;2;1;1;5
202000011853;154 721 406;1;0;2;1;1;5
202000011853;154 721 407;7;0;2;2;16;2
202000011854;154 721 404;7;0;2;2;15;1
202000011854;154 721 405;7;0;2;3;1;1
202000011855;154 721 402;1;0;2;8;1;5
202000011855;154 721 403;1;0;2;7;13;5
202000011856;154 721 401;10;0;1;4;4;1
202000011857;154 721 398;1;0;2;1;1;5
202000011857;154 721 400;1;0;2;1;13;5
202000011858;154 721 397;32;0;2;2;2;1
202000011858;154 721 399;7;0;2;3;10;1
202000011859;154 721 396;1;0;1;2;13;5
202000011860;154 721 394;30;0;2;1;1;1
202000011860;154 721 395;1;0;2;2;15;5
202000011861;154 721 393;1;0;1;1;1;5
202000011862;154 721 391;31;0;2;2;1;1
202000011862;154 721 392;10;0;2;6;15;1
202000011863;154 721 389;10;0;2;3;15;1
202000011863;154 721 390;33;0;2;2;1;1
202000011864;154 721 388;80;12;0;1;13;3
202000011865;154 721 386;7;0;2;8;22;1
202000011865;154 721 387;1;0;2;1;2;5
202000011866;154 721 384;10;0;2;5;10;1
202000011866;154 721 385;43;0;2;1;2;1
202000011867;154 721 383;32;1;0;1;14;1
202000011868;154 721 381;1;0;2;1;1;5
202000011868;154 721 382;1;0;2;1;13;5
202000011869;154 721 379;7;0;2;7;22;2
202000011869;154 721 380;1;0;2;1;18;5
202000011870;154 721 377;1;0;2;1;1;5
202000011870;154 721 378;30;0;2;1;13;1
202000011871;154 721 374;33;0;2;7;1;1
202000011871;154 721 376;7;0;2;1;15;2
202000011872;154 721 375;7;0;1;7;26;1
202000011873;154 721 372;10;0;2;1;2;1
202000011873;154 721 373;7;0;2;4;2;1
202000011874;154 721 369;10;0;2;6;13;1
202000011874;154 721 370;31;0;2;3;17;1
202000011875;154 721 368;7;0;2;1;1;1
202000011875;154 721 371;50;0;2;8;19;3
202000011876;154 721 367;7;0;1;1;21;0
202000011877;154 721 366;7;12;0;0;13;0
202000011878;154 721 364;7;0;2;1;1;0
202000011878;154 721 365;0;0;2;8;9;3
202000011879;154 721 362;7;0;2;1;19;1
202000011879;154 721 363;7;0;2;7;19;1
202000011880;154 721 360;7;0;2;2;19;1
202000011880;154 721 361;7;0;2;3;1;1
202000011881;154 721 358;34;1;2;1;2;1
202000011881;154 721 359;10;0;2;3;15;1
202000011882;154 721 356;7;0;0;1;19;0
202000011882;154 721 357;14;0;0;4;1;0
202000011883;154 721 354;2;0;2;1;2;1
202000011883;154 721 355;7;0;2;4;2;2
202000011884;154 721 353;7;1;0;9;26;1
202000011885;154 721 351;7;0;1;5;4;0
202000011886;154 721 350;1;0;2;1;1;5
202000011886;154 721 352;7;0;2;1;9;1
202000011887;154 721 348;32;0;0;0;0;0
202000011887;154 721 349;7;0;2;6;16;1
202000011888;154 721 346;10;0;2;1;21;1
202000011888;154 721 347;1;0;2;6;1;5
202000011889;154 721 343;37;0;2;2;1;0
202000011889;154 721 345;10;0;2;3;16;1
202000011890;154 721 342;33;0;2;6;15;1
202000011890;154 721 344;30;0;2;1;14;1
202000011891;154 721 339;2;0;2;1;1;1
202000011891;154 721 340;7;0;2;2;15;1
202000011892;154 721 337;7;0;2;3;9;1
202000011892;154 721 338;1;0;2;1;1;5
202000011893;154 721 341;30;1;0;1;26;1
202000011894;154 721 335;7;0;2;3;1;1
202000011894;154 721 336;1;0;2;3;1;5
202000011895;154 721 333;7;0;2;5;1;0
202000011895;154 721 334;2;0;0;0;0;1
202000011896;154 721 332;99;0;0;0;26;0
202000011897;154 721 328;7;0;2;4;2;0
202000011897;154 721 330;33;0;2;1;2;0
202000011898;154 721 327;7;0;2;0;0;0
202000011898;154 721 329;7;0;2;0;0;1
202000011898;154 721 331;30;0;2;1;13;1
202000011899;154 721 325;31;0;0;0;0;0
202000011899;154 721 326;7;0;0;0;0;0
202000011900;154 721 322;60;0;2;0;19;5
202000011900;154 721 324;10;0;2;3;1;1
202000011901;154 721 321;7;0;2;4;2;1
202000011901;154 721 323;7;0;2;2;17;1
202000011902;154 721 316;7;9;2;2;1;1
202000011902;154 721 318;7;9;2;3;1;1
202000011903;154 721 314;2;0;2;1;1;1
202000011903;154 721 315;7;0;2;3;17;1
202000011903;154 721 317;7;0;2;8;1;1
202000011904;154 721 312;2;0;0;4;24;1
202000011904;154 721 313;13;1;2;2;14;1
202000011905;154 721 307;7;1;0;3;1;0
202000011905;154 721 309;7;14;2;4;23;0
202000011905;154 721 310;7;1;2;4;23;0
202000011905;154 721 311;7;0;2;4;23;0
202000011906;154 721 306;7;0;2;5;4;1
202000011906;154 721 308;2;0;2;1;1;3
202000011907;154 721 305;34;0;0;2;14;1
202000011908;154 721 301;7;6;0;3;1;1
202000011909;154 721 300;7;0;2;4;0;1
202000011909;154 721 302;7;0;2;1;0;1
202000011910;154 721 298;7;0;2;6;15;0
202000011910;154 721 299;2;0;2;1;1;1
202000011911;154 721 296;33;14;0;1;1;1
202000011912;154 721 293;7;0;2;4;9;1
202000011912;154 721 297;7;0;2;1;9;1
202000011913;154 721 291;7;0;2;6;9;1
202000011913;154 721 292;15;0;2;2;12;1
202000011914;154 721 294;7;7;2;2;1;6
202000011914;154 721 295;7;0;2;1;1;6
202000011915;154 721 289;7;0;2;2;1;1
202000011915;154 721 290;7;0;2;4;2;1
202000011916;154 721 288;2;2;0;1;1;1
202000011917;154 721 286;2;0;0;0;1;1
202000011918;154 721 285;7;0;2;8;1;1
202000011918;154 721 287;15;0;2;7;12;1
202000011919;154 721 284;7;0;1;2;1;1
202000011920;154 721 283;7;0;0;3;2;1
202000011921;154 721 280;7;0;0;4;23;1
202000011921;154 721 282;7;0;2;1;1;1
202000011922;154 721 277;15;0;2;3;1;1
202000011922;154 721 279;7;0;0;6;15;1
202000011923;154 721 278;7;0;2;7;0;1
202000011923;154 721 281;15;0;2;8;1;1
202000011924;154 721 275;7;6;0;3;2;1
202000011925;154 721 274;7;4;2;1;14;1
202000011925;154 721 276;7;0;2;3;1;1
202000011926;154 721 273;7;5;0;1;0;1
202000011927;154 721 271;15;0;2;3;5;1
202000011927;154 721 272;7;0;2;3;5;1
202000011928;154 721 269;30;0;2;8;16;1
202000011928;154 721 270;7;0;2;3;15;1
202000011929;154 721 265;1;0;2;2;1;5
202000011929;154 721 266;7;0;2;2;15;1
202000011930;154 721 267;10;0;2;3;1;1
202000011930;154 721 268;10;4;2;0;13;1
202000011931;154 721 262;2;0;2;8;15;1
202000011931;154 721 264;2;0;2;1;17;1
202000011932;154 721 256;1;0;0;8;1;5
202000011933;154 721 258;7;0;2;4;2;1
202000011933;154 721 260;10;0;2;1;2;1
202000011933;154 721 261;7;0;2;4;2;1
202000011933;154 721 263;7;0;2;4;2;1
202000011934;154 721 254;33;0;2;1;1;1
202000011934;154 721 255;33;3;0;1;1;1
202000011935;154 721 251;7;0;2;2;1;1
202000011935;154 721 253;2;0;2;1;1;1
202000011936;154 721 250;1;0;0;0;1;0
202000011936;154 721 252;21;0;0;0;1;1
202000011937;154 721 248;7;2;0;3;13;1
202000011938;154 721 246;2;0;0;0;1;1
202000011939;154 721 247;7;0;2;1;0;1
202000011939;154 721 249;7;14;2;1;16;1
202000011940;154 721 242;33;0;2;2;17;1
202000011940;154 721 244;14;0;2;8;15;1
202000011941;154 721 241;7;0;2;1;1;1
202000011941;154 721 243;7;0;2;2;1;1
202000011942;154 721 240;33;13;0;0;1;1
202000011943;154 721 238;7;0;2;0;0;1
202000011943;154 721 239;2;0;2;3;1;1
202000011944;154 721 237;7;0;0;1;0;1
202000011945;154 721 236;7;3;0;1;17;1
202000011946;154 721 233;7;0;1;2;11;1
202000011947;154 721 234;33;0;2;1;2;1
202000011947;154 721 235;7;0;2;5;2;1
202000011948;154 721 231;7;14;0;3;13;1
202000011949;154 721 230;1;0;2;7;1;5
202000011949;154 721 232;7;0;9;1;9;1
202000011950;154 721 229;2;0;0;8;1;1
202000011951;154 721 228;7;4;0;3;13;1
202000011952;154 721 227;33;4;0;7;14;1
202000011953;154 721 224;32;0;2;1;21;1
202000011953;154 721 225;1;0;2;1;21;5
202000011954;154 721 223;10;0;0;2;26;1
202000011954;154 721 226;7;0;2;5;2;1
202000011955;154 721 222;1;0;1;1;21;5
202000011956;154 721 219;7;0;0;5;1;1
202000011956;154 721 221;7;0;2;3;1;1
202000011957;154 721 218;33;0;2;1;16;1
202000011957;154 721 220;7;0;2;1;21;1
202000011958;154 721 215;7;13;2;3;1;1
202000011958;154 721 217;7;0;2;3;13;1
202000011959;154 721 214;7;0;2;7;1;1
202000011959;154 721 216;7;0;2;1;1;1
202000011960;154 721 213;7;0;1;3;2;1
202000011961;154 721 211;2;0;2;8;1;1
202000011961;154 721 212;10;0;2;3;15;1
202000011962;154 721 210;1;0;0;9;1;5
202000011963;154 721 207;7;0;1;1;15;1
202000011964;154 721 206;7;9;1;1;13;1
202000011965;154 721 205;7;13;0;1;14;1
202000011966;154 721 203;7;0;1;4;4;1
202000011967;154 721 202;7;0;2;1;15;1
202000011967;154 721 204;50;0;2;8;0;3
202000011968;154 721 201;31;0;1;1;17;1
202000011969;154 721 200;7;0;1;3;1;1
202000011970;154 721 198;34;0;1;4;23;1
202000011970;154 721 199;10;0;2;1;2;1
202000011971;154 721 196;32;0;2;8;1;1
202000011971;154 721 197;7;0;2;2;26;1
202000011972;154 721 194;7;0;2;1;1;1
202000011972;154 721 195;1;0;2;3;19;5
202000011973;154 721 190;7;8;2;1;6;1
202000011973;154 721 191;7;0;2;4;1;1
202000011974;154 721 192;33;0;2;1;1;1
202000011974;154 721 193;7;0;2;8;10;0
202000011975;154 721 188;33;7;0;3;1;1
202000011976;154 721 187;7;0;2;1;1;1
202000011976;154 721 189;7;0;2;1;13;1
202000011977;154 721 185;7;6;0;1;16;1
202000011978;154 721 184;7;0;2;1;1;1
202000011978;154 721 186;7;0;2;1;13;1
202000011979;154 721 182;3;0;2;3;13;1
202000011979;154 721 183;7;0;2;3;21;1
202000011980;154 721 180;80;0;2;1;19;3
202000011980;154 721 181;7;0;9;7;1;1
202000011981;154 721 179;7;2;0;1;1;1
202000011982;154 721 178;31;8;0;1;1;1
202000011983;154 721 176;7;0;1;7;1;1
202000011984;154 721 177;7;0;1;2;1;1
202000011985;154 721 173;7;9;2;1;5;1
202000011985;154 721 175;7;0;2;1;1;1
202000011986;154 721 172;32;0;2;1;1;1
202000011986;154 721 174;30;0;2;8;15;1
202000011987;154 721 169;7;4;0;1;1;1
202000011988;154 721 166;7;0;2;6;1;1
202000011988;154 721 167;7;0;2;8;1;1
202000011988;154 721 168;7;0;2;2;17;1
202000011989;154 721 162;33;0;2;1;3;1
202000011989;154 721 163;7;0;2;1;2;1
202000011989;154 721 164;7;0;2;1;2;1
202000011989;154 721 165;7;0;2;4;2;1
202000011990;154 721 160;7;0;2;1;11;1
202000011990;154 721 161;99;0;2;3;15;1
202000011991;154 721 157;7;0;1;2;0;0
202000011992;154 721 156;7;0;2;1;2;1
202000011992;154 721 158;7;0;2;4;1;1
202000011992;154 721 159;7;0;2;4;1;1
202000011993;154 721 155;7;13;0;0;0;1
202000011994;154 721 150;7;0;2;4;1;1
202000011994;154 721 152;7;0;2;1;1;1
202000011994;154 721 154;7;0;2;6;1;1
202000011995;154 721 151;2;0;2;1;17;0
202000011995;154 721 153;7;0;2;3;19;0
202000011996;154 721 146;7;0;2;0;2;1
202000011996;154 721 148;7;0;2;3;21;1
202000011996;154 721 149;7;0;2;4;1;1
202000011997;154 721 147;7;0;1;1;15;1
202000011998;154 721 143;7;0;2;1;1;1
202000011998;154 721 145;7;0;2;4;23;1
202000011999;154 721 140;7;0;2;1;1;1
202000011999;154 721 141;7;0;2;7;13;1
202000012000;154 721 139;7;0;2;8;1;1
202000012000;154 721 142;7;0;2;3;1;1
202000012000;154 721 144;7;0;2;3;17;1
202000012001;154 721 138;33;9;4;1;1;1
202000012002;154 721 136;7;0;2;8;13;1
202000012002;154 721 137;7;0;2;8;1;0
202000012003;154 721 135;40;0;1;3;1;3