Num_Acc;id_vehicule;categorie_vehicule;obstacle_fixe;obstacle_mobile;point_choc_initial;manoeuvre_principale;motorisation
202000012004;154 721 131;7;0;2;4;23;1
202000012004;154 721 133;7;0;2;1;2;1
202000012004;154 721 134;7;0;2;4;23;1
202000012005;154 721 129;7;0;2;8;1;1
202000012005;154 721 130;7;0;2;1;15;1
202000012005;154 721 132;7;0;2;3;1;1
202000012006;154 721 126;2;0;0;7;1;1
202000012007;154 721 127;7;0;2;3;1;1
202000012007;154 721 128;7;14;2;2;14;1
202000012008;154 721 123;7;0;2;1;9;1
202000012008;154 721 125;2;0;2;7;1;1
202000012009;154 721 122;7;0;2;7;1;1
202000012009;154 721 124;30;0;2;1;19;1
202000012010;154 721 121;7;0;1;2;1;1
202000012011;154 721 120;34;9;1;0;18;1
202000012012;154 721 117;7;0;2;7;1;1
202000012012;154 721 118;43;0;2;8;3;1
202000012013;154 721 115;7;0;2;4;1;1
202000012013;154 721 116;7;0;2;1;26;1
202000012014;154 721 113;7;9;0;1;26;1
202000012015;154 721 114;1;0;9;1;21;5
202000012016;154 721 111;34;0;2;7;1;1
202000012016;154 721 112;7;0;2;1;1;1
202000012017;154 721 107;2;0;2;2;13;1
202000012017;154 721 108;7;0;2;3;15;1
202000012018;154 721 109;7;0;2;0;15;0
202000012018;154 721 110;31;0;2;0;1;1
202000012019;154 721 105;7;0;2;7;1;0
202000012019;154 721 106;7;0;2;1;1;0
202000012020;154 721 101;7;0;2;3;1;1
202000012020;154 721 103;7;0;2;5;23;1
202000012020;154 721 104;1;0;2;4;23;5
202000012021;154 721 100;7;0;2;5;13;1
202000012021;154 721 102;31;0;2;1;1;1
202000012022;154 721 099;7;0;1;2;1;1
202000012023;154 721 097;7;0;2;3;1;1
202000012023;154 721 098;7;0;2;1;1;1
202000012024;154 721 096;7;0;1;2;1;1
202000012025;154 721 094;50;12;0;1;14;3
202000012026;154 721 093;7;0;2;5;23;1
202000012026;154 721 095;7;0;2;0;0;1
202000012027;154 721 092;34;8;0;3;17;1
202000012028;154 721 090;7;0;2;3;1;1
202000012028;154 721 091;2;0;2;1;9;1
202000012029;154 721 087;10;0;2;0;16;3
202000012029;154 721 089;50;0;2;1;8;3
202000012030;154 721 086;2;0;2;1;1;1
202000012030;154 721 088;7;0;2;0;0;1
202000012031;154 721 084;7;0;2;0;15;2
202000012031;154 721 085;1;0;2;0;1;2
202000012032;154 721 083;7;0;1;2;19;1
202000012033;154 721 080;31;0;2;1;26;1
202000012033;154 721 082;7;0;2;6;15;0
202000012034;154 721 079;50;0;2;1;5;3
202000012034;154 721 081;7;0;2;2;1;1
202000012035;154 721 078;7;0;1;3;15;1
202000012036;154 721 076;7;0;2;1;13;1
202000012036;154 721 077;7;0;2;1;1;4
202000012037;154 721 073;7;6;0;1;26;1
202000012038;154 721 070;7;0;2;1;1;1
202000012038;154 721 072;7;0;2;8;1;1
202000012039;154 721 068;7;0;2;2;16;1
202000012039;154 721 069;30;0;2;2;1;1
202000012040;154 721 066;7;0;0;4;1;1
202000012040;154 721 071;7;0;2;1;1;1
202000012041;154 721 065;1;0;2;4;23;6
202000012041;154 721 067;7;0;2;1;26;1
202000012042;154 721 063;7;14;0;1;1;0
202000012042;154 721 064;7;1;0;0;0;0
202000012043;154 721 062;7;6;0;9;26;1
202000012044;154 721 059;7;0;2;1;1;1
202000012044;154 721 060;7;0;2;4;23;1
202000012044;154 721 061;7;0;2;8;19;1
202000012045;154 721 058;7;3;0;1;13;1
202000012046;154 721 056;7;0;2;1;0;0
202000012046;154 721 057;7;0;0;4;23;0
202000012047;154 721 054;7;0;2;3;1;1
202000012047;154 721 055;34;0;2;3;5;1
202000012048;154 721 052;7;0;2;3;15;1
202000012048;154 721 053;7;15;2;8;1;1
202000012049;154 721 049;7;0;2;2;19;1
202000012049;154 721 051;7;0;2;3;1;1
202000012050;154 721 048;7;0;2;1;1;1
202000012050;154 721 050;7;0;2;2;1;1
202000012051;154 721 047;7;13;0;9;15;1
202000012052;154 721 045;7;0;2;7;1;0
202000012052;154 721 046;2;0;2;1;0;0
202000012053;154 721 043;7;0;2;2;10;2
202000012053;154 721 044;1;0;2;1;7;5
202000012054;154 721 041;7;0;2;3;13;1
202000012054;154 721 042;7;0;2;1;16;1
202000012055;154 721 040;7;0;1;2;15;1
202000012056;154 721 039;7;0;1;4;4;2
202000012057;154 721 037;7;4;0;6;1;1
202000012057;154 721 038;7;0;2;2;14;1
202000012058;154 721 036;33;6;0;1;1;1
202000012059;154 721 034;7;0;2;7;17;1
202000012059;154 721 035;31;0;2;3;1;1
202000012060;154 721 031;7;0;2;6;5;0
202000012060;154 721 032;10;0;2;6;1;1
202000012060;154 721 033;7;0;9;1;1;1
202000012061;154 721 029;7;0;2;2;17;1
202000012061;154 721 030;2;0;2;4;2;1
202000012062;154 721 028;7;0;0;0;1;0
202000012063;154 721 027;35;13;0;9;26;1
202000012064;154 721 026;7;6;0;1;1;1
202000012065;154 721 024;7;0;2;3;0;0
202000012065;154 721 025;7;0;2;3;0;1
202000012066;154 721 023;1;0;0;9;0;5
202000012067;154 721 021;32;0;2;7;17;1
202000012067;154 721 022;10;0;2;8;15;1
202000012068;154 721 019;15;0;2;5;1;1
202000012068;154 721 020;1;0;2;2;14;6
202000012069;154 721 018;36;13;0;1;15;1
202000012070;154 721 016;2;0;2;4;1;1
202000012070;154 721 017;7;0;2;1;1;1
202000012071;154 721 015;7;0;1;3;15;1
202000012072;154 721 014;31;0;0;8;1;1
202000012073;154 721 012;7;0;2;3;0;0
202000012073;154 721 013;7;0;2;3;0;0
202000012074;154 721 011;33;0;0;8;1;1
202000012075;154 721 010;7;10;0;1;14;1
202000012076;154 721 009;7;2;0;2;1;1
202000012077;154 721 008;7;14;0;0;1;1
202000012078;154 721 006;7;0;2;7;17;1
202000012078;154 721 007;30;0;2;8;2;1
202000012079;154 721 004;33;0;2;2;3;1
202000012079;154 721 005;7;0;2;3;15;1
202000012080;154 721 003;7;2;0;3;1;0
202000012081;154 721 001;17;0;2;2;1;1
202000012081;154 721 002;7;0;2;1;13;1
202000012082;154 721 000;2;0;0;8;1;1
202000012083;154 720 999;7;0;0;0;0;1
202000012084;154 720 997;2;13;0;7;1;6
202000012084;154 720 998;7;0;0;0;13;0
202000012085;154 720 996;7;6;0;1;1;0
202000012086;154 720 995;7;2;0;2;1;1
202000012087;154 720 994;7;6;0;1;1;1
202000012088;154 720 993;33;2;0;0;14;1
202000012089;154 720 992;33;4;0;2;15;1
202000012090;154 720 991;7;2;0;3;13;1
202000012091;154 720 990;33;6;0;3;16;1
202000012092;154 720 989;33;16;0;0;1;1
202000012093;154 720 986;7;0;2;1;2;1
202000012093;154 720 987;7;0;2;9;2;1
202000012093;154 720 988;7;0;0;4;2;1
202000012094;154 720 985;7;7;0;1;6;2
202000012095;154 720 984;7;7;0;1;1;1
202000012096;154 720 983;33;8;0;1;1;1
202000012097;154 720 981;33;0;0;7;17;1
202000012097;154 720 982;7;0;2;0;13;0
202000012098;154 720 979;7;0;2;3;1;1
202000012098;154 720 980;7;0;2;3;13;1
202000012099;154 720 978;2;6;0;1;1;1
202000012100;154 720 977;7;15;0;9;1;1
202000012101;154 720 975;7;0;2;3;1;1
202000012101;154 720 976;7;0;2;3;13;1
202000012102;154 720 973;7;0;2;2;11;1
202000012102;154 720 974;15;0;0;6;1;1
202000012103;154 720 970;7;0;2;7;17;0
202000012103;154 720 971;7;0;2;1;5;0
202000012104;154 720 968;7;0;0;4;1;1
202000012104;154 720 969;1;0;2;1;1;5
202000012105;154 720 966;7;0;2;1;2;1
202000012105;154 720 967;7;4;0;4;2;1
202000012106;154 720 962;7;0;2;4;1;1
202000012106;154 720 963;7;0;2;1;2;2
202000012106;154 720 964;7;0;0;5;1;1
202000012106;154 720 965;7;0;2;1;0;1
202000012107;154 720 960;7;0;2;2;21;1
202000012107;154 720 961;7;0;0;4;11;1
202000012108;154 720 958;7;0;2;5;1;1
202000012108;154 720 959;7;0;2;3;12;1
202000012109;154 720 957;30;0;0;8;14;1
202000012110;154 720 955;33;0;2;1;17;1
202000012110;154 720 956;20;0;0;8;15;1
202000012111;154 720 953;7;0;2;1;1;1
202000012111;154 720 954;7;0;0;8;9;1
202000012112;154 720 951;7;0;2;1;1;0
202000012112;154 720 952;33;0;2;1;13;0
202000012113;154 720 950;7;0;1;1;1;1
202000012114;154 720 949;33;0;0;8;24;1
202000012115;154 720 947;7;13;0;4;2;1
202000012115;154 720 948;10;0;2;2;2;0
202000012116;154 720 945;7;0;0;3;15;1
202000012116;154 720 946;33;0;2;1;1;1
202000012117;154 720 944;7;9;9;2;1;1
202000012118;154 720 942;7;0;2;3;11;1
202000012118;154 720 943;7;0;2;8;1;1
202000012119;154 720 941;7;13;0;9;1;1
202000012120;154 720 940;31;0;0;1;1;1
202000012121;154 720 938;7;0;2;1;5;1
202000012121;154 720 939;7;0;0;1;1;1
202000012122;154 720 936;7;0;2;3;19;1
202000012122;154 720 937;33;0;2;2;1;1
202000012123;154 720 935;7;13;0;1;17;1
202000012124;154 720 934;33;0;1;7;1;1
202000012125;154 720 932;7;3;0;2;2;1
202000012126;154 720 931;33;0;0;3;17;1
202000012127;154 720 928;7;0;2;1;2;1
202000012127;154 720 929;7;0;2;4;2;1
202000012127;154 720 930;7;0;2;4;2;1
202000012128;154 720 927;10;0;2;2;11;1
202000012129;154 720 925;33;0;2;7;0;1
202000012129;154 720 926;7;0;2;6;1;1
202000012130;154 720 922;7;0;2;1;2;1
202000012130;154 720 923;7;0;2;4;2;1
202000012130;154 720 924;7;0;2;4;2;1
202000012131;154 720 920;7;0;2;4;2;1
202000012131;154 720 921;7;0;2;1;2;1
202000012132;154 720 919;7;3;0;2;14;1
202000012133;154 720 918;7;4;0;3;11;1
202000012134;154 720 916;7;0;2;1;1;1
202000012134;154 720 917;7;0;2;4;2;1
202000012135;154 720 915;7;3;0;2;14;1
202000012136;154 720 914;7;0;0;9;14;1
202000012137;154 720 913;7;4;0;2;1;1
202000012138;154 720 912;31;4;0;0;13;1
202000012139;154 720 911;7;4;0;3;1;1
202000012140;154 720 910;7;4;0;2;14;1
202000012141;154 720 909;7;13;0;1;26;1
202000012142;154 720 908;10;0;1;4;4;1
202000012143;154 720 906;20;0;2;8;0;0
202000012143;154 720 907;7;15;0;7;0;0
202000012144;154 720 902;7;0;2;1;0;0
202000012144;154 720 903;7;0;2;1;0;0
202000012144;154 720 904;7;0;0;4;0;0
202000012144;154 720 905;7;0;0;4;1;0
202000012145;154 720 901;37;0;1;8;15;1
202000012146;154 720 899;31;0;2;1;1;1
202000012146;154 720 900;7;0;2;2;15;1
202000012147;154 720 898;7;0;1;1;19;1
202000012148;154 720 897;7;1;1;1;14;1
202000012149;154 720 895;1;0;2;6;1;5
202000012149;154 720 896;7;0;9;2;1;1
202000012150;154 720 892;7;0;2;1;15;1
202000012150;154 720 893;7;0;2;1;1;1
202000012151;154 720 890;14;0;2;3;16;1
202000012151;154 720 891;2;0;2;1;1;1
202000012152;154 720 888;7;0;0;1;23;1
202000012152;154 720 889;7;1;1;4;26;1
202000012153;154 720 887;7;1;1;2;2;0
202000012154;154 720 884;7;0;2;3;13;0
202000012154;154 720 885;7;0;0;3;1;0
202000012154;154 720 886;7;0;0;6;16;0
202000012155;154 720 881;7;0;2;7;1;1
202000012155;154 720 882;7;0;2;1;1;1
202000012156;154 720 879;7;0;2;3;1;1
202000012156;154 720 880;15;10;0;8;23;1
202000012157;154 720 877;7;0;2;1;1;1
202000012157;154 720 878;7;0;0;4;15;1
202000012158;154 720 876;7;16;0;9;14;1
202000012159;154 720 875;20;0;1;5;1;1
202000012160;154 720 874;7;13;0;1;1;0
202000012161;154 720 873;7;0;1;7;1;1
202000012162;154 720 871;7;0;2;1;1;1
202000012162;154 720 872;7;3;2;0;1;1
202000012163;154 720 868;2;15;2;1;1;1
202000012163;154 720 869;7;0;2;3;1;1
202000012164;154 720 867;7;0;1;1;1;0
202000012165;154 720 864;7;8;0;1;1;1
202000012166;154 720 863;7;6;0;1;1;1
202000012167;154 720 862;7;13;0;2;1;1
202000012168;154 720 860;7;0;2;1;1;1
202000012168;154 720 861;7;0;2;1;0;1
202000012169;154 720 859;7;0;1;4;4;0
202000012170;154 720 858;2;0;0;8;1;1
202000012171;154 720 857;7;0;1;2;1;0
202000012172;154 720 856;7;0;1;4;26;1
202000012173;154 720 855;7;9;0;3;1;1
202000012174;154 720 854;34;0;2;1;1;1
202000012175;154 720 853;7;0;1;1;1;1
202000012176;154 720 851;7;0;2;2;1;1
202000012176;154 720 852;7;0;2;3;19;1
202000012177;154 720 848;10;0;2;8;21;1
202000012177;154 720 849;7;0;2;0;9;1
202000012177;154 720 850;99;0;2;7;2;1
202000012178;154 720 847;7;4;0;9;2;1
202000012179;154 720 846;7;16;0;9;1;1
202000012180;154 720 843;7;0;2;3;1;1
202000012180;154 720 844;7;0;2;7;1;1
202000012180;154 720 845;7;0;2;8;13;0
202000012181;154 720 842;7;0;9;1;0;1
202000012182;154 720 840;30;0;2;1;1;1
202000012182;154 720 841;7;0;2;4;23;1
202000012183;154 720 838;31;0;2;2;1;1
202000012183;154 720 839;7;0;2;8;1;1
202000012184;154 720 836;7;0;2;4;23;0
202000012184;154 720 837;7;1;0;1;1;0
202000012185;154 720 832;7;0;2;1;1;1
202000012185;154 720 833;7;0;2;1;0;1
202000012185;154 720 834;7;0;2;1;1;1
202000012185;154 720 835;7;0;2;4;0;1
202000012186;154 720 830;31;1;2;1;21;1
202000012186;154 720 831;1;0;2;2;21;5
202000012187;154 720 829;99;0;1;2;15;6
202000012188;154 720 827;10;0;2;3;16;1
202000012188;154 720 828;2;0;2;1;1;1
202000012189;154 720 825;10;0;2;1;15;1
202000012189;154 720 826;34;0;2;1;1;1
202000012190;154 720 822;10;0;2;4;23;1
202000012190;154 720 823;10;0;2;1;1;1
202000012190;154 720 824;7;0;2;4;1;1
202000012191;154 720 821;7;13;0;1;1;1
202000012192;154 720 819;37;0;2;1;15;1
202000012192;154 720 820;7;0;2;1;1;1
202000012193;154 720 817;2;0;2;3;1;1
202000012193;154 720 818;7;0;2;2;1;1
202000012194;154 720 816;30;0;1;1;1;1
202000012195;154 720 815;7;2;0;3;1;1
202000012196;154 720 814;7;0;1;3;1;1
202000012197;154 720 812;10;0;2;4;23;1
202000012197;154 720 813;10;1;0;1;1;1
202000012198;154 720 811;13;0;1;6;16;0
202000012199;154 720 809;7;0;2;1;15;1
202000012199;154 720 810;33;0;2;1;2;1
202000012200;154 720 808;7;4;0;1;14;1
202000012201;154 720 803;10;0;2;1;1;1
202000012201;154 720 804;7;0;2;1;1;1
202000012202;154 720 802;7;9;0;2;1;1
202000012203;154 720 801;7;13;0;1;1;1
202000012204;154 720 799;99;0;2;8;1;1
202000012204;154 720 800;7;8;0;3;1;1
202000012205;154 720 797;2;0;2;1;1;1
202000012205;154 720 798;7;0;2;2;9;1
202000012206;154 720 796;34;14;0;1;14;1
202000012207;154 720 795;7;12;0;1;9;1
202000012208;154 720 794;10;8;0;1;13;6
202000012209;154 720 792;32;0;2;1;1;1
202000012209;154 720 793;7;0;2;8;9;1
202000012210;154 720 791;7;2;0;2;0;1
202000012211;154 720 790;7;2;0;3;13;1
202000012212;154 720 788;7;0;1;5;24;1
202000012212;154 720 789;7;0;2;2;2;1
202000012213;154 720 786;7;0;2;1;13;1
202000012213;154 720 787;7;0;2;1;1;1
202000012214;154 720 784;36;0;2;1;1;0
202000012214;154 720 785;7;0;2;1;1;0
202000012215;154 720 783;7;0;1;7;2;1
202000012216;154 720 782;2;0;0;0;1;1
202000012217;154 720 781;7;2;0;1;0;1
202000012218;154 720 779;3;0;2;3;13;1
202000012218;154 720 780;7;0;2;3;1;1
202000012219;154 720 778;2;0;0;1;1;1
202000012220;154 720 777;7;13;9;1;1;1
202000012221;154 720 776;7;6;1;1;20;1
202000012222;154 720 775;7;7;0;0;1;1
202000012223;154 720 774;7;13;0;3;13;1
202000012224;154 720 773;7;14;0;3;13;1
202000012225;154 720 772;7;0;1;7;1;1
202000012226;154 720 769;7;0;0;0;2;0
202000012226;154 720 770;7;0;0;4;23;1
202000012226;154 720 771;7;0;2;7;2;1
202000012227;154 720 767;7;0;2;2;14;1
202000012227;154 720 768;7;0;2;6;1;1
202000012228;154 720 763;7;0;2;1;2;1
202000012228;154 720 764;7;0;0;4;2;1
202000012228;154 720 765;7;0;2;1;2;1
202000012228;154 720 766;7;0;2;1;2;1
202000012229;154 720 758;7;3;0;2;1;1
202000012229;154 720 759;7;0;0;6;1;1
202000012229;154 720 760;7;0;2;2;1;1
202000012229;154 720 761;7;0;2;1;1;1
202000012229;154 720 762;7;3;2;1;1;1
202000012230;154 720 757;7;0;1;3;1;1
202000012231;154 720 756;7;8;0;8;0;1
202000012232;154 720 754;7;8;0;7;15;1
202000012232;154 720 755;7;14;0;1;1;1
202000012233;154 720 753;7;0;1;1;1;1
202000012234;154 720 752;7;3;0;1;26;1
202000012235;154 720 751;7;2;0;1;1;1
202000012236;154 720 749;7;0;2;3;15;1
202000012236;154 720 750;7;0;0;1;1;1
202000012237;154 720 747;7;17;0;0;1;1
202000012238;154 720 746;7;6;0;2;2;1
202000012239;154 720 745;7;4;0;1;14;1
202000012240;154 720 742;7;0;2;1;1;1
202000012240;154 720 743;7;0;2;4;2;1
202000012240;154 720 744;7;0;2;4;2;1
202000012241;154 720 738;7;0;2;4;2;1
202000012241;154 720 739;7;0;2;4;1;1
202000012241;154 720 740;7;0;2;4;2;1
202000012241;154 720 741;7;0;2;1;2;1
202000012242;154 720 737;7;4;0;1;2;1
202000012243;154 720 736;7;0;1;0;26;1
202000012244;154 720 734;7;0;2;4;2;1
202000012244;154 720 735;7;0;2;1;2;1
202000012245;154 720 733;10;0;0;9;17;1
202000012246;154 720 731;7;0;2;2;2;1
202000012246;154 720 732;7;0;2;3;2;1
202000012247;154 720 729;15;0;2;7;17;0
202000012247;154 720 730;7;0;2;8;1;0
202000012248;154 720 725;10;0;2;1;2;1
202000012248;154 720 726;7;0;2;8;2;0
202000012248;154 720 727;7;0;2;4;2;0
202000012248;154 720 728;7;0;2;4;0;0
202000012249;154 720 724;7;0;2;3;1;1
202000012250;154 720 723;7;8;0;1;14;1
202000012251;154 720 722;30;7;0;1;1;1
202000012252;154 720 721;32;6;0;1;13;1
202000012253;154 720 719;31;0;9;8;9;1
202000012253;154 720 720;2;0;9;7;1;0
202000012254;154 720 717;3;0;2;1;15;1
202000012254;154 720 718;2;0;2;1;19;1
202000012255;154 720 716;7;9;0;0;15;1
202000012256;154 720 712;7;0;2;3;23;1
202000012256;154 720 713;7;0;2;1;1;1
202000012256;154 720 714;7;0;2;4;1;1
202000012256;154 720 715;7;0;2;6;1;1
202000012257;154 720 710;7;0;2;4;1;1
202000012257;154 720 711;37;0;2;1;19;1
202000012258;154 720 707;7;8;2;2;15;0
202000012258;154 720 708;7;8;2;6;15;0
202000012258;154 720 709;7;0;2;0;1;0
202000012259;154 720 706;7;0;1;2;1;1
202000012260;154 720 704;7;0;2;1;2;1
202000012260;154 720 705;7;0;2;4;2;1
202000012261;154 720 702;33;0;2;1;1;1
202000012261;154 720 703;7;0;2;8;15;1
202000012262;154 720 698;7;0;9;2;1;1
202000012262;154 720 699;1;0;2;2;26;5
202000012263;154 720 696;33;0;2;2;26;0
202000012263;154 720 697;7;1;2;1;13;0
202000012264;154 720 694;7;0;2;2;1;1
202000012264;154 720 695;7;0;2;3;5;1
202000012265;154 720 693;7;0;1;1;1;1
202000012266;154 720 691;7;0;2;1;13;1
202000012266;154 720 692;7;0;2;2;1;1
202000012267;154 720 690;7;0;1;2;1;1
202000012268;154 720 688;7;0;2;2;15;1
202000012268;154 720 689;10;0;2;5;1;1
202000012269;154 720 684;7;0;2;4;2;1
202000012269;154 720 685;7;0;2;4;2;1
202000012269;154 720 686;7;0;2;4;2;1
202000012269;154 720 687;7;0;2;1;2;2
202000012270;154 720 683;7;0;1;4;26;1
202000012271;154 720 682;33;6;0;1;0;1
202000012272;154 720 680;30;0;2;7;1;1
202000012272;154 720 681;0;0;2;0;0;0
202000012273;154 720 678;7;0;2;8;26;1
202000012273;154 720 679;30;0;2;1;1;1
202000012274;154 720 676;7;0;2;6;11;1
202000012274;154 720 677;33;0;2;1;3;1
202000012275;154 720 675;3;11;0;3;13;1
202000012276;154 720 673;7;0;2;5;23;1
202000012276;154 720 674;30;0;2;1;1;0
202000012277;154 720 672;7;0;1;1;1;1
202000012278;154 720 670;7;0;2;4;4;1
202000012278;154 720 671;1;0;2;1;23;5
202000012279;154 720 668;7;0;2;6;24;1
202000012279;154 720 669;1;0;2;1;1;5
202000012280;154 720 666;2;0;2;1;17;1
202000012280;154 720 667;7;0;2;3;23;2
202000012281;154 720 665;33;0;0;8;1;1
202000012282;154 720 664;7;0;1;4;20;1
202000012283;154 720 663;30;0;0;0;1;0
202000012284;154 720 662;10;4;0;1;1;1
202000012285;154 720 661;30;0;0;3;26;0
202000012286;154 720 660;7;0;1;5;4;1
202000012287;154 720 658;7;0;2;3;19;0
202000012287;154 720 659;7;0;0;5;1;3
202000012288;154 720 656;33;0;0;4;26;1
202000012288;154 720 657;7;0;2;1;26;1
202000012289;154 720 655;7;0;1;1;15;6
202000012290;154 720 653;7;0;2;1;1;1
202000012290;154 720 654;7;0;2;1;13;1
202000012291;154 720 651;7;0;2;1;0;1
202000012291;154 720 652;7;0;2;1;0;1
202000012292;154 720 649;7;0;2;1;2;1
202000012292;154 720 650;7;0;2;4;2;1
202000012293;154 720 648;7;2;0;3;0;1
202000012294;154 720 647;7;0;1;2;1;0
202000012295;154 720 645;7;0;2;2;1;1
202000012295;154 720 646;2;0;2;1;15;1
202000012296;154 720 644;7;2;0;1;14;1
202000012297;154 720 641;7;0;2;1;1;1
202000012297;154 720 642;7;0;2;2;15;1
202000012298;154 720 638;7;0;2;2;9;0
202000012298;154 720 639;7;1;2;3;1;0
202000012298;154 720 640;7;0;0;;23;
202000012299;154 720 637;7;0;1;1;19;1
202000012300;154 720 635;7;0;2;2;1;1
202000012300;154 720 636;7;0;2;1;26;1
202000012301;154 720 634;7;0;1;1;1;1
202000012302;154 720 632;7;0;2;3;13;1
202000012302;154 720 633;7;0;0;3;1;1
202000012303;154 720 629;7;1;0;1;1;1
202000012303;154 720 630;7;0;2;1;2;1
202000012303;154 720 631;7;0;0;4;2;1
202000012304;154 720 627;17;0;0;4;1;1
202000012304;154 720 628;7;3;2;1;2;1
202000012305;154 720 626;2;0;0;0;13;1
202000012306;154 720 625;7;0;0;0;0;1
202000012307;154 720 623;7;13;0;4;1;1
202000012307;154 720 624;7;0;2;2;14;1
202000012308;154 720 622;7;15;0;2;1;1
202000012309;154 720 620;7;0;2;2;26;1
202000012309;154 720 621;7;0;2;1;1;1
202000012310;154 720 619;31;0;0;0;0;0
202000012311;154 720 618;80;6;1;1;1;3
202000012312;154 720 616;7;8;0;1;14;0
202000012313;154 720 615;7;0;1;3;15;1
202000012314;154 720 612;7;0;2;3;17;1
202000012314;154 720 613;7;0;2;3;1;1
202000012314;154 720 614;7;0;2;3;1;1
202000012315;154 720 610;50;0;2;4;2;3
202000012315;154 720 611;13;0;9;2;2;0
202000012316;154 720 609;10;0;1;2;0;1
202000012317;154 720 607;7;0;2;3;1;1
202000012317;154 720 608;7;7;2;2;13;1
202000012318;154 720 606;7;0;1;1;15;1
202000012319;154 720 605;7;6;0;3;1;1
202000012320;154 720 603;7;0;2;6;19;1
202000012320;154 720 604;2;0;2;1;1;1
202000012321;154 720 602;7;6;0;2;14;1
202000012322;154 720 599;7;0;2;2;2;1
202000012322;154 720 600;7;1;0;3;2;1
202000012322;154 720 601;7;0;2;4;1;1
202000012323;154 720 598;7;0;5;1;1;1
202000012324;154 720 596;33;0;2;1;1;1
202000012324;154 720 597;7;0;2;6;1;1
202000012325;154 720 595;7;4;0;1;1;1
202000012326;154 720 593;7;3;2;6;2;1
202000012326;154 720 594;7;4;2;3;1;1
202000012327;154 720 592;7;16;0;0;21;1
202000012328;154 720 590;1;0;1;0;0;5
202000012328;154 720 591;50;0;1;1;21;3
202000012329;154 720 589;7;0;0;0;1;0
202000012330;154 720 588;7;0;1;4;4;1
202000012331;154 720 587;7;4;0;2;15;0
202000012332;154 720 585;7;0;0;0;0;0
202000012332;154 720 586;2;3;2;0;1;1
202000012333;154 720 583;7;1;0;1;14;1
202000012333;154 720 584;7;0;2;8;23;1
202000012334;154 720 582;7;8;0;1;0;1
202000012335;154 720 580;7;0;2;1;1;1
202000012335;154 720 581;7;0;2;1;26;1
202000012336;154 720 578;30;0;2;1;17;1
202000012336;154 720 579;7;0;2;6;1;1
202000012337;154 720 576;2;0;2;8;17;1
202000012337;154 720 577;7;0;2;8;1;1
202000012338;154 720 574;30;0;2;1;1;1
202000012338;154 720 575;7;0;2;1;26;1
202000012339;154 720 573;7;1;1;1;1;1
202000012340;154 720 570;7;0;2;3;1;1
202000012340;154 720 571;7;0;2;6;2;1
202000012340;154 720 572;31;0;2;1;2;1
202000012341;154 720 568;34;0;2;1;1;1
202000012341;154 720 569;7;0;2;6;11;1
202000012342;154 720 566;7;0;2;7;2;1
202000012342;154 720 567;7;0;2;1;2;1
202000012343;154 720 563;7;0;2;1;1;1
202000012343;154 720 564;7;0;2;4;1;1
202000012343;154 720 565;7;0;2;4;1;0
202000012344;154 720 561;7;0;2;1;1;1
202000012344;154 720 562;33;0;2;1;1;1
202000012345;154 720 559;7;0;2;1;1;1
202000012345;154 720 560;7;0;2;1;15;1
202000012346;154 720 557;2;0;2;7;1;1
202000012346;154 720 558;7;0;2;1;16;1
202000012347;154 720 555;10;0;2;7;16;1
202000012347;154 720 556;30;0;2;1;16;1
202000012348;154 720 554;30;0;2;7;21;1
202000012349;154 720 552;7;14;0;0;0;1
202000012349;154 720 553;50;1;0;4;25;3
202000012350;154 720 549;7;0;2;1;1;1
202000012350;154 720 550;7;0;2;2;1;1
202000012350;154 720 551;7;0;2;1;1;1
202000012351;154 720 546;7;0;2;1;2;1
202000012351;154 720 547;7;0;2;4;2;1
202000012351;154 720 548;7;16;0;4;2;1
202000012352;154 720 544;0;0;2;1;1;0
202000012352;154 720 545;2;0;2;7;1;3
202000012353;154 720 543;7;0;1;2;1;1
202000012354;154 720 541;7;0;2;3;1;1
202000012354;154 720 542;10;0;2;3;15;1
202000012355;154 720 539;7;0;2;3;1;1
202000012355;154 720 540;7;0;2;3;15;1
202000012356;154 720 537;7;1;2;1;2;1
202000012356;154 720 538;7;2;2;1;26;1
202000012357;154 720 536;7;0;1;3;1;1
202000012358;154 720 534;10;0;9;0;15;1
202000012358;154 720 535;1;0;2;2;1;5
202000012359;154 720 533;80;0;0;0;1;3
202000012360;154 720 531;10;0;2;6;24;1
202000012360;154 720 532;3;1;0;1;1;1
202000012361;154 720 530;10;0;1;1;1;1
202000012362;154 720 527;7;0;2;1;13;1
202000012362;154 720 528;7;0;2;3;21;1
202000012363;154 720 525;10;0;2;3;1;1
202000012363;154 720 526;32;0;2;1;1;1
202000012364;154 720 524;10;0;1;2;21;1
202000012365;154 720 522;7;0;2;4;23;1
202000012365;154 720 523;10;14;0;1;2;1
202000012366;154 720 521;7;0;1;2;1;1
202000012367;154 720 520;10;0;1;2;1;1
202000012368;154 720 518;30;0;2;1;2;1
202000012368;154 720 519;7;0;2;4;2;1
202000012369;154 720 517;7;0;1;3;1;1
202000012370;154 720 516;10;0;1;2;1;1
202000012371;154 720 513;7;0;2;1;1;1
202000012371;154 720 514;7;0;2;9;23;1