Num_Acc;id_vehicule;categorie_vehicule;obstacle_fixe;obstacle_mobile;point_choc_initial;manoeuvre_principale;motorisation
202000012371;154 720 515;7;0;2;4;23;1
202000012372;154 720 512;33;13;0;1;1;1
202000012373;154 720 511;7;2;0;1;26;1
202000012374;154 720 507;30;0;2;1;17;1
202000012374;154 720 508;7;0;2;5;0;1
202000012375;154 720 503;7;0;2;1;19;1
202000012375;154 720 504;32;0;2;1;1;1
202000012376;154 720 501;7;0;2;1;1;1
202000012376;154 720 502;7;0;2;2;1;1
202000012377;154 720 499;1;0;2;2;1;5
202000012377;154 720 500;32;0;2;1;5;1
202000012378;154 720 497;7;0;2;6;1;1
202000012378;154 720 498;7;0;2;1;0;1
202000012379;154 720 495;7;0;2;6;15;0
202000012379;154 720 496;2;0;2;1;17;1
202000012380;154 720 493;7;0;2;3;15;1
202000012380;154 720 494;30;0;2;1;1;1
202000012381;154 720 491;7;0;2;3;9;1
202000012381;154 720 492;1;0;2;7;1;5
202000012382;154 720 489;7;4;0;4;1;1
202000012382;154 720 490;7;0;2;3;2;1
202000012383;154 720 488;30;0;0;0;1;1
202000012384;154 720 485;16;0;2;3;0;1
202000012384;154 720 486;7;0;2;3;13;1
202000012384;154 720 487;7;0;2;1;0;1
202000012385;154 720 484;31;0;0;0;0;1
202000012386;154 720 483;7;0;1;4;20;1
202000012387;154 720 480;7;0;2;4;2;1
202000012387;154 720 481;7;0;2;1;2;1
202000012387;154 720 482;7;0;2;4;2;1
202000012388;154 720 478;30;0;2;8;11;1
202000012388;154 720 479;7;0;2;7;1;1
202000012389;154 720 477;7;0;1;0;16;1
202000012390;154 720 475;7;0;2;1;26;1
202000012390;154 720 476;33;0;2;4;1;1
202000012391;154 720 473;7;0;2;3;13;2
202000012391;154 720 474;37;0;2;3;1;1
202000012392;154 720 472;7;1;0;2;1;1
202000012393;154 720 470;31;0;2;8;1;1
202000012393;154 720 471;7;0;2;3;13;1
202000012394;154 720 468;7;0;2;2;15;1
202000012394;154 720 469;7;0;2;1;1;1
202000012395;154 720 466;33;0;2;2;12;1
202000012395;154 720 467;7;0;2;6;1;1
202000012396;154 720 464;1;0;2;1;25;5
202000012396;154 720 465;1;0;2;2;1;5
202000012397;154 720 462;7;1;0;1;15;1
202000012397;154 720 463;7;0;2;8;24;1
202000012398;154 720 460;7;0;2;1;2;1
202000012398;154 720 461;7;0;2;4;1;2
202000012399;154 720 458;7;0;2;1;0;1
202000012399;154 720 459;10;0;1;7;9;1
202000012400;154 720 454;10;0;2;1;26;1
202000012400;154 720 455;7;0;2;4;0;1
202000012400;154 720 456;7;0;0;4;0;1
202000012400;154 720 457;7;0;0;4;0;1
202000012401;154 720 453;7;8;0;3;13;1
202000012402;154 720 451;2;0;2;1;1;1
202000012402;154 720 452;7;0;2;3;20;1
202000012403;154 720 449;7;0;2;2;16;1
202000012403;154 720 450;60;0;2;8;2;5
202000012404;154 720 447;1;0;2;4;0;5
202000012404;154 720 448;7;0;9;1;0;1
202000012405;154 720 445;14;1;0;1;1;1
202000012405;154 720 446;7;0;2;4;23;1
202000012406;154 720 443;7;0;2;5;15;1
202000012406;154 720 444;33;0;2;1;1;1
202000012407;154 720 441;7;0;2;3;26;0
202000012407;154 720 442;7;0;2;3;13;0
202000012408;154 720 439;7;0;2;2;15;1
202000012408;154 720 440;32;0;2;1;1;1
202000012409;154 720 437;7;9;2;1;2;1
202000012409;154 720 438;7;0;2;2;15;1
202000012410;154 720 435;7;0;2;3;26;1
202000012410;154 720 436;7;0;2;1;19;1
202000012411;154 720 433;7;0;2;1;1;1
202000012411;154 720 434;7;0;2;4;23;1
202000012412;154 720 431;34;0;2;1;1;1
202000012412;154 720 432;10;0;1;1;1;1
202000012413;154 720 430;2;12;0;1;1;6
202000012414;154 720 429;7;13;0;2;0;0
202000012415;154 720 427;30;0;2;1;26;1
202000012415;154 720 428;7;0;2;3;1;0
202000012416;154 720 425;31;0;1;3;1;3
202000012417;154 720 423;10;0;2;8;1;1
202000012417;154 720 424;43;0;2;1;1;1
202000012418;154 720 422;31;0;0;0;1;1
202000012419;154 720 421;30;1;0;3;13;1
202000012420;154 720 420;33;0;1;1;21;1
202000012421;154 720 418;33;0;2;1;1;1
202000012421;154 720 419;7;0;2;6;15;1
202000012422;154 720 416;30;0;2;3;1;1
202000012422;154 720 417;30;0;2;3;16;1
202000012423;154 720 414;7;0;2;2;16;1
202000012423;154 720 415;31;0;2;3;18;1
202000012424;154 720 412;32;0;2;1;17;1
202000012424;154 720 413;7;0;2;3;1;1
202000012425;154 720 411;31;0;0;0;1;1
202000012426;154 720 409;32;0;2;7;2;1
202000012426;154 720 410;10;0;2;6;23;1
202000012427;154 720 407;31;0;2;8;1;1
202000012427;154 720 408;7;0;2;2;17;1
202000012428;154 720 405;1;0;2;2;16;5
202000012428;154 720 406;33;0;2;3;1;1
202000012429;154 720 404;32;0;1;1;1;1
202000012430;154 720 402;7;0;2;1;2;1
202000012430;154 720 403;33;0;2;4;23;1
202000012431;154 720 401;32;12;0;1;13;1
202000012432;154 720 399;10;0;2;4;2;1
202000012432;154 720 400;7;0;2;1;2;1
202000012433;154 720 398;10;0;1;1;1;1
202000012434;154 720 396;34;0;2;1;2;1
202000012434;154 720 397;10;0;2;6;11;1
202000012435;154 720 395;33;12;0;2;1;1
202000012436;154 720 393;7;0;2;3;20;1
202000012436;154 720 394;7;0;2;2;1;1
202000012437;154 720 391;50;0;2;1;5;3
202000012437;154 720 392;1;0;2;1;1;5
202000012438;154 720 390;7;0;1;2;26;1
202000012439;154 720 389;1;0;2;0;26;5
202000012440;154 720 387;7;0;2;5;15;1
202000012440;154 720 388;2;0;2;1;16;1
202000012441;154 720 385;7;0;2;6;15;1
202000012441;154 720 386;1;0;2;1;2;5
202000012442;154 720 384;7;0;1;2;1;1
202000012443;154 720 383;7;0;1;1;2;1
202000012444;154 720 382;34;1;0;0;1;1
202000012445;154 720 380;33;0;2;1;1;1
202000012445;154 720 381;60;0;2;3;1;5
202000012446;154 720 378;32;0;2;1;1;1
202000012446;154 720 379;7;0;2;2;15;1
202000012447;154 720 375;10;0;2;4;24;1
202000012447;154 720 376;10;0;2;2;1;1
202000012447;154 720 377;50;0;2;1;2;3
202000012448;154 720 373;2;0;2;1;1;1
202000012448;154 720 374;7;0;2;1;5;1
202000012449;154 720 371;80;0;2;4;17;3
202000012449;154 720 372;7;0;2;3;16;3
202000012450;154 720 370;7;0;1;1;2;1
202000012451;154 720 368;7;0;2;3;9;1
202000012451;154 720 369;33;0;2;1;1;1
202000012452;154 720 366;1;0;2;0;0;0
202000012452;154 720 367;2;0;9;0;17;1
202000012453;154 720 365;7;0;1;1;17;1
202000012454;154 720 364;7;3;0;5;1;1
202000012455;154 720 362;33;0;2;1;1;0
202000012455;154 720 363;7;0;2;2;15;0
202000012456;154 720 361;7;0;1;4;20;1
202000012457;154 720 359;10;0;2;1;1;1
202000012457;154 720 360;7;0;0;3;15;1
202000012458;154 720 357;15;0;2;1;1;1
202000012458;154 720 358;2;0;2;7;15;1
202000012459;154 720 354;7;17;0;1;1;1
202000012460;154 720 352;7;0;2;1;15;1
202000012460;154 720 353;33;0;2;7;1;1
202000012461;154 720 350;7;0;9;1;1;1
202000012461;154 720 351;1;0;2;1;5;5
202000012462;154 720 349;7;8;0;1;21;1
202000012463;154 720 348;7;0;1;1;1;1
202000012464;154 720 347;7;17;0;1;1;1
202000012465;154 720 345;15;0;2;3;1;1
202000012465;154 720 346;7;0;2;8;1;1
202000012466;154 720 344;7;2;0;7;1;1
202000012467;154 720 342;7;0;2;1;13;1
202000012467;154 720 343;7;0;2;1;1;1
202000012468;154 720 341;7;8;0;1;1;1
202000012469;154 720 339;7;0;2;3;1;1
202000012469;154 720 340;38;0;0;7;26;1
202000012470;154 720 338;7;0;1;7;1;1
202000012471;154 720 336;7;0;2;3;1;1
202000012471;154 720 337;1;0;2;7;1;5
202000012472;154 720 334;10;0;2;8;19;1
202000012472;154 720 335;31;0;2;2;1;1
202000012473;154 720 332;2;0;2;1;15;1
202000012473;154 720 333;7;0;2;2;1;1
202000012474;154 720 330;17;0;0;6;2;1
202000012474;154 720 331;7;0;2;1;2;1
202000012475;154 720 329;7;0;0;1;1;0
202000012476;154 720 328;33;0;0;0;0;0
202000012477;154 720 327;10;0;1;1;1;1
202000012478;154 720 325;7;0;2;2;1;1
202000012478;154 720 326;7;0;2;8;19;1
202000012479;154 720 324;7;0;1;4;26;1
202000012480;154 720 322;7;0;2;5;15;1
202000012480;154 720 323;30;0;2;1;1;1
202000012481;154 720 320;7;0;2;1;13;1
202000012481;154 720 321;21;0;2;3;1;1
202000012482;154 720 318;7;6;2;8;1;1
202000012482;154 720 319;7;13;2;2;9;1
202000012483;154 720 317;7;9;0;1;0;1
202000012484;154 720 315;34;0;2;1;3;1
202000012484;154 720 316;7;0;2;6;1;1
202000012485;154 720 314;7;4;0;9;13;1
202000012486;154 720 312;10;0;2;1;1;1
202000012486;154 720 313;10;0;2;5;1;1
202000012487;154 720 311;7;14;0;1;14;1
202000012488;154 720 309;7;0;2;6;2;1
202000012488;154 720 310;33;0;2;1;1;1
202000012489;154 720 307;33;0;2;7;1;1
202000012489;154 720 308;7;0;2;8;1;1
202000012490;154 720 305;7;0;2;2;1;1
202000012490;154 720 306;7;0;2;3;1;1
202000012491;154 720 304;2;0;1;2;14;0
202000012492;154 720 302;32;0;2;7;17;1
202000012492;154 720 303;7;0;2;3;15;1
202000012493;154 720 301;50;0;1;2;1;3
202000012494;154 720 299;7;0;2;1;2;1
202000012494;154 720 300;7;0;2;5;2;1
202000012495;154 720 297;1;0;2;1;13;5
202000012495;154 720 298;7;0;2;1;1;1
202000012496;154 720 295;7;1;2;4;20;1
202000012496;154 720 296;38;0;2;1;1;1
202000012497;154 720 294;3;0;1;3;1;6
202000012498;154 720 293;7;0;1;2;26;1
202000012499;154 720 292;7;0;1;1;15;1
202000012500;154 720 291;7;0;1;3;1;1
202000012501;154 720 289;7;0;2;6;15;1
202000012501;154 720 290;31;0;2;8;17;6
202000012502;154 720 288;10;0;1;1;1;1
202000012503;154 720 286;10;0;2;3;1;1
202000012503;154 720 287;32;0;2;1;1;1
202000012504;154 720 283;7;0;2;6;24;1
202000012504;154 720 284;7;0;2;3;20;1
202000012504;154 720 285;7;0;2;2;1;2
202000012505;154 720 282;7;8;0;1;13;1
202000012506;154 720 278;7;0;0;6;1;1
202000012506;154 720 279;7;0;2;1;1;1
202000012506;154 720 280;7;0;2;1;1;1
202000012506;154 720 281;7;0;2;1;1;1
202000012507;154 720 277;35;0;1;1;14;1
202000012508;154 720 275;7;0;2;1;2;1
202000012508;154 720 276;7;0;2;4;2;1
202000012509;154 720 274;50;0;0;1;14;3
202000012510;154 720 272;7;0;2;3;9;1
202000012510;154 720 273;1;0;2;7;1;5
202000012511;154 720 270;2;0;2;1;1;1
202000012511;154 720 271;7;0;2;3;15;1
202000012512;154 720 269;7;0;1;3;1;1
202000012513;154 720 266;7;0;1;2;1;1
202000012514;154 720 265;33;0;1;1;2;1
202000012515;154 720 263;7;0;9;2;2;1
202000012515;154 720 264;1;0;2;4;19;5
202000012516;154 720 261;7;0;2;6;1;1
202000012516;154 720 262;2;0;2;1;1;0
202000012517;154 720 260;7;8;0;3;26;1
202000012518;154 720 258;1;0;2;2;1;5
202000012518;154 720 259;37;0;2;3;15;1
202000012519;154 720 256;7;0;2;4;2;1
202000012519;154 720 257;7;0;2;1;2;1
202000012520;154 720 254;7;0;2;0;9;0
202000012520;154 720 255;33;0;2;0;21;1
202000012521;154 720 252;7;0;2;1;1;1
202000012521;154 720 253;7;0;2;7;19;1
202000012522;154 720 250;7;0;2;3;10;1
202000012522;154 720 251;33;0;2;1;2;1
202000012523;154 720 249;7;12;0;7;9;1
202000012524;154 720 246;7;0;2;4;1;1
202000012524;154 720 247;7;0;2;4;1;1
202000012524;154 720 248;10;0;2;1;1;1
202000012525;154 720 244;30;0;2;1;1;1
202000012525;154 720 245;7;0;2;3;9;1
202000012526;154 720 243;10;0;1;3;15;1
202000012527;154 720 242;7;1;0;2;14;1
202000012528;154 720 240;10;0;2;1;1;1
202000012528;154 720 241;7;0;2;7;1;1
202000012529;154 720 238;7;0;2;2;1;1
202000012529;154 720 239;7;0;2;6;9;1
202000012530;154 720 233;7;1;0;1;1;1
202000012531;154 720 232;30;9;0;2;1;1
202000012532;154 720 231;7;0;1;1;1;1
202000012533;154 720 229;7;0;2;8;1;0
202000012533;154 720 230;7;0;2;1;19;1
202000012534;154 720 227;7;12;0;3;11;0
202000012534;154 720 228;7;0;2;3;1;0
202000012535;154 720 226;10;0;1;1;26;1
202000012536;154 720 224;30;0;2;1;2;1
202000012536;154 720 225;7;0;2;5;2;1
202000012537;154 720 223;7;0;1;2;1;1
202000012538;154 720 222;1;0;0;1;1;5
202000012539;154 720 221;33;1;0;0;1;1
202000012540;154 720 220;99;6;1;4;4;1
202000012541;154 720 218;30;0;2;2;18;1
202000012541;154 720 219;10;0;2;5;16;1
202000012542;154 720 216;10;0;2;3;15;1
202000012542;154 720 217;50;0;2;7;1;3
202000012543;154 720 214;30;0;2;1;1;1
202000012543;154 720 215;7;0;2;3;1;1
202000012544;154 720 213;7;0;1;2;10;1
202000012545;154 720 211;7;0;2;6;2;1
202000012545;154 720 212;33;0;2;2;17;1
202000012546;154 720 209;33;0;2;2;14;1
202000012546;154 720 210;10;0;2;6;23;1
202000012547;154 720 207;1;0;2;8;1;5
202000012547;154 720 208;7;0;2;4;4;3
202000012548;154 720 206;30;11;0;1;1;3
202000012549;154 720 204;33;0;2;1;18;1
202000012549;154 720 205;7;0;2;5;16;1
202000012550;154 720 203;7;0;1;0;0;0
202000012551;154 720 202;33;12;0;1;1;1
202000012552;154 720 201;7;1;0;1;19;1
202000012553;154 720 198;30;0;2;3;3;1
202000012553;154 720 199;7;0;2;2;1;1
202000012553;154 720 200;10;0;2;3;23;1
202000012554;154 720 196;7;0;2;6;19;1
202000012554;154 720 197;10;0;2;1;0;1
202000012555;154 720 194;7;0;0;3;20;0
202000012555;154 720 195;34;0;2;2;17;0
202000012556;154 720 192;34;0;2;1;0;0
202000012556;154 720 193;1;0;2;3;19;5
202000012557;154 720 191;7;0;1;1;1;1
202000012558;154 720 190;0;0;0;0;26;0
202000012559;154 720 188;32;0;2;7;1;1
202000012559;154 720 189;7;0;2;1;9;1
202000012560;154 720 187;34;0;1;1;9;1
202000012561;154 720 185;7;0;2;1;17;1
202000012561;154 720 186;2;0;2;7;26;1
202000012562;154 720 183;7;0;0;3;15;1
202000012562;154 720 184;32;0;2;1;1;1
202000012563;154 720 181;30;0;2;1;2;1
202000012563;154 720 182;33;0;2;4;23;1
202000012564;154 720 179;43;0;2;1;1;1
202000012564;154 720 180;7;0;2;7;9;1
202000012565;154 720 177;7;0;2;1;26;1
202000012565;154 720 178;7;0;2;4;0;1
202000012566;154 720 175;7;0;2;2;15;1
202000012566;154 720 176;2;0;2;0;2;1
202000012567;154 720 173;7;6;2;2;11;1
202000012567;154 720 174;7;0;2;3;11;1
202000012568;154 720 171;7;0;2;5;17;1
202000012568;154 720 172;1;0;0;8;1;6
202000012569;154 720 169;15;0;2;4;2;1
202000012569;154 720 170;10;0;2;1;2;0
202000012570;154 720 168;7;16;0;9;1;1
202000012571;154 720 166;2;0;0;0;1;1
202000012572;154 720 165;33;8;0;3;1;1
202000012573;154 720 164;7;3;0;3;17;1
202000012574;154 720 162;15;0;2;3;1;1
202000012574;154 720 163;7;0;2;3;13;1
202000012575;154 720 160;7;0;2;8;17;1
202000012575;154 720 161;33;0;2;7;17;1
202000012576;154 720 158;7;0;2;2;1;1
202000012576;154 720 159;7;0;2;1;9;1
202000012577;154 720 156;1;0;2;1;1;5
202000012577;154 720 157;7;0;9;1;15;1
202000012578;154 720 155;7;6;0;1;1;1
202000012579;154 720 153;7;0;0;6;1;1
202000012579;154 720 154;33;0;2;1;1;1
202000012580;154 720 152;7;0;1;1;1;0
202000012581;154 720 150;7;3;2;1;1;1
202000012581;154 720 151;7;0;2;1;1;1
202000012582;154 720 148;7;0;2;1;1;1
202000012582;154 720 149;21;0;2;3;15;1
202000012583;154 720 147;33;0;6;1;1;1
202000012584;154 720 146;7;0;1;3;1;1
202000012585;154 720 145;1;0;0;0;1;5
202000012586;154 720 143;16;0;2;1;1;1
202000012586;154 720 144;2;0;2;1;1;1
202000012587;154 720 139;7;0;2;4;1;1
202000012587;154 720 140;7;0;2;1;1;1
202000012587;154 720 141;7;0;2;1;1;1
202000012587;154 720 142;7;0;2;1;1;1
202000012588;154 720 137;7;0;2;2;9;1
202000012588;154 720 138;7;0;2;3;1;1
202000012589;154 720 136;7;11;0;2;1;1
202000012590;154 720 134;7;0;2;3;1;1
202000012590;154 720 135;10;0;2;1;13;1
202000012591;154 720 132;7;0;2;3;1;1
202000012591;154 720 133;10;0;0;5;1;1
202000012592;154 720 130;38;0;2;2;1;1
202000012592;154 720 131;7;0;2;3;19;0
202000012593;154 720 129;7;2;0;5;1;0
202000012594;154 720 127;7;0;0;6;15;1
202000012594;154 720 128;30;0;2;1;17;1
202000012595;154 720 125;7;0;2;1;1;0
202000012595;154 720 126;7;0;2;3;15;0
202000012596;154 720 124;7;13;0;3;17;1
202000012597;154 720 122;7;0;2;7;26;0
202000012597;154 720 123;7;0;2;3;1;0
202000012598;154 720 120;2;0;2;1;13;1
202000012598;154 720 121;7;0;2;2;1;1
202000012599;154 720 119;7;0;1;2;1;1
202000012600;154 720 117;33;0;2;1;21;1
202000012600;154 720 118;7;0;2;3;19;1
202000012601;154 720 116;10;0;1;1;1;1
202000012602;154 720 115;7;4;0;1;14;1
202000012603;154 720 113;32;0;2;1;1;1
202000012603;154 720 114;7;0;2;6;12;1
202000012604;154 720 110;10;0;1;2;1;0
202000012605;154 720 108;7;0;9;7;2;0
202000012605;154 720 109;1;0;2;8;1;5
202000012606;154 720 107;33;0;0;0;1;1
202000012607;154 720 106;7;0;1;4;4;0
202000012608;154 720 104;14;0;2;2;1;1
202000012608;154 720 105;10;0;2;5;26;1
202000012609;154 720 102;33;0;2;8;14;1
202000012609;154 720 103;7;0;2;1;1;1
202000012610;154 720 101;34;0;1;1;26;1
202000012611;154 720 098;7;0;2;4;21;1
202000012611;154 720 099;7;0;2;4;1;1
202000012611;154 720 100;7;0;2;4;1;1
202000012612;154 720 096;7;0;2;8;1;0
202000012612;154 720 097;33;0;2;1;1;0
202000012613;154 720 093;7;0;2;2;9;1
202000012613;154 720 094;7;0;2;3;23;1
202000012613;154 720 095;7;0;2;6;9;1
202000012614;154 720 091;1;0;2;1;13;0
202000012614;154 720 092;7;0;2;3;1;1
202000012615;154 720 090;7;13;0;1;14;1
202000012616;154 720 089;7;2;0;1;1;0
202000012617;154 720 086;7;0;1;2;1;1
202000012618;154 720 085;7;12;0;3;13;1
202000012619;154 720 084;7;9;0;2;26;1
202000012620;154 720 082;7;0;2;1;2;1
202000012620;154 720 083;10;0;2;4;2;1
202000012621;154 720 079;10;0;1;2;1;1
202000012622;154 720 077;31;0;2;3;21;1
202000012622;154 720 078;7;0;2;2;2;1
202000012623;154 720 075;2;0;2;1;1;1
202000012623;154 720 076;7;0;2;3;9;1
202000012624;154 720 074;7;10;0;1;0;1
202000012625;154 720 072;7;0;2;7;15;1
202000012625;154 720 073;7;0;2;1;1;1
202000012626;154 720 070;30;0;2;8;1;1
202000012626;154 720 071;7;0;2;7;1;1
202000012627;154 720 068;1;0;2;8;19;5
202000012627;154 720 069;10;0;2;1;1;1
202000012628;154 720 067;33;0;1;1;1;1
202000012629;154 720 064;7;0;2;1;1;1
202000012629;154 720 065;7;0;2;3;1;1
202000012629;154 720 066;7;0;2;3;13;1
202000012630;154 720 062;7;0;2;4;23;1
202000012630;154 720 063;30;0;2;1;1;1
202000012631;154 720 061;7;13;0;0;14;1
202000012632;154 720 059;14;0;2;6;9;0
202000012632;154 720 060;7;0;2;1;1;0
202000012633;154 720 058;7;0;1;3;1;1
202000012634;154 720 056;1;0;2;8;1;0
202000012634;154 720 057;10;0;2;1;1;1
202000012635;154 720 054;33;1;1;8;5;1
202000012635;154 720 055;33;1;2;1;5;1
202000012636;154 720 052;30;0;2;4;2;1
202000012636;154 720 053;7;0;2;4;23;1
202000012637;154 720 051;10;11;0;1;1;1
202000012638;154 720 049;43;0;2;2;17;1
202000012638;154 720 050;7;0;2;3;15;1
202000012639;154 720 048;1;0;0;8;1;5
202000012640;154 720 046;7;15;2;3;17;1
202000012640;154 720 047;33;15;2;3;15;1
202000012641;154 720 045;7;0;1;2;1;1
202000012642;154 720 043;33;0;2;7;13;0
202000012642;154 720 044;7;0;2;1;15;0
202000012643;154 720 041;7;0;2;3;1;1
202000012643;154 720 042;7;0;2;3;1;1
202000012644;154 720 039;7;0;2;2;15;1
202000012644;154 720 040;33;0;2;8;1;1
202000012645;154 720 037;30;0;2;2;15;1
202000012645;154 720 038;33;0;2;1;1;1
202000012646;154 720 035;7;0;2;2;14;0
202000012646;154 720 036;34;0;2;8;1;0
202000012647;154 720 034;30;0;1;1;21;1
202000012648;154 720 032;7;0;2;2;15;1
202000012648;154 720 033;7;0;2;3;1;1
202000012649;154 720 031;7;1;0;1;13;1
202000012650;154 720 030;7;13;0;1;1;1
202000012651;154 720 028;7;0;2;5;9;1
202000012651;154 720 029;7;13;0;3;1;1
202000012652;154 720 025;7;0;2;1;5;1
202000012652;154 720 026;7;0;2;7;21;1
202000012652;154 720 027;7;0;2;1;1;1
202000012653;154 720 023;2;0;2;4;2;1
202000012653;154 720 024;10;0;2;2;12;1
202000012654;154 720 021;7;0;2;2;1;0
202000012654;154 720 022;33;0;2;1;13;1
202000012655;154 720 020;7;6;0;8;1;1
202000012656;154 720 018;7;0;2;3;15;1
202000012656;154 720 019;2;0;2;1;1;1
202000012657;154 720 017;2;0;0;8;1;1
202000012658;154 720 016;7;15;0;0;14;1
202000012659;154 720 014;2;0;2;1;1;0
202000012659;154 720 015;7;0;0;5;23;0
202000012660;154 720 013;17;8;0;7;14;1
202000012661;154 720 011;2;0;2;7;26;1
202000012661;154 720 012;7;0;9;2;15;1
202000012662;154 720 010;7;6;0;2;14;1
202000012663;154 720 008;7;0;2;3;15;1
202000012663;154 720 009;7;0;2;2;1;2
202000012664;154 720 006;33;0;2;7;1;1
202000012664;154 720 007;7;0;2;3;9;1
202000012665;154 720 005;99;16;0;1;1;1
202000012666;154 720 004;7;13;0;3;1;1
202000012667;154 720 003;7;2;0;3;1;1
202000012668;154 720 002;33;8;0;7;1;1
202000012669;154 720 000;10;0;0;4;1;1
202000012669;154 720 001;7;0;2;1;17;1
202000012670;154 719 999;33;4;0;2;17;1
202000012671;154 719 998;7;3;0;3;0;0
202000012672;154 719 996;2;0;2;1;2;1
202000012672;154 719 997;7;0;0;6;2;0
202000012673;154 719 995;33;0;0;0;1;1
202000012674;154 719 993;33;0;2;3;13;1
202000012674;154 719 994;7;0;2;6;1;1
202000012675;154 719 991;10;15;0;7;1;1
202000012675;154 719 992;10;0;2;1;16;1
202000012676;154 719 989;10;0;2;6;1;1
202000012676;154 719 990;33;0;2;1;2;1
202000012677;154 719 987;7;0;2;1;13;1
202000012677;154 719 988;7;0;2;1;1;1
202000012678;154 719 985;14;0;2;3;1;1
202000012678;154 719 986;2;0;2;1;16;1
202000012679;154 719 983;1;0;0;2;0;5
202000012680;154 719 980;10;0;2;1;1;1
202000012680;154 719 981;1;0;2;1;15;5
202000012680;154 719 982;1;0;2;1;14;5
202000012681;154 719 978;7;0;2;6;9;1
202000012681;154 719 979;33;0;2;2;9;1
202000012682;154 719 977;7;9;0;3;1;1
202000012683;154 719 976;7;4;0;7;14;1
202000012684;154 719 973;7;0;2;0;1;1
202000012684;154 719 974;33;0;2;1;17;1
202000012684;154 719 975;7;0;2;8;0;1
202000012685;154 719 971;0;0;2;0;2;0
202000012685;154 719 972;7;0;2;4;2;1
202000012686;154 719 970;7;4;0;5;1;1
202000012687;154 719 969;10;3;0;1;13;1
202000012688;154 719 968;7;0;0;9;2;1
202000012689;154 719 966;7;0;2;3;13;1
202000012689;154 719 967;7;0;2;3;13;1
202000012690;154 719 965;30;0;0;7;1;1
202000012691;154 719 964;10;0;1;0;26;1
202000012692;154 719 962;7;0;2;2;15;1
202000012692;154 719 963;7;0;2;1;1;1
202000012693;154 719 961;33;0;1;0;26;0
202000012694;154 719 959;2;0;2;1;1;1
202000012694;154 719 960;7;0;2;1;13;1
202000012695;154 719 957;7;0;2;2;1;0
202000012695;154 719 958;7;0;2;1;15;1
202000012696;154 719 955;7;0;2;1;2;1
202000012696;154 719 956;7;0;2;4;23;1
202000012697;154 719 953;7;0;2;7;1;1
202000012697;154 719 954;1;0;2;4;1;5
202000012698;154 719 952;7;13;5;1;21;1
202000012699;154 719 950;2;0;2;1;9;1
202000012699;154 719 951;7;0;2;1;9;1
202000012700;154 719 949;7;0;1;1;1;1
202000012701;154 719 947;7;0;2;3;1;1
202000012701;154 719 948;7;0;2;6;13;1
202000012702;154 719 946;43;8;0;1;13;1
202000012703;154 719 944;1;0;2;3;1;5
202000012703;154 719 945;10;0;2;2;23;1
202000012704;154 719 943;30;14;0;1;13;1
202000012705;154 719 942;33;3;0;2;13;1
202000012706;154 719 941;7;6;9;1;0;1
202000012707;154 719 939;7;0;2;1;1;1
202000012707;154 719 940;1;0;2;1;13;5
202000012708;154 719 937;33;0;2;8;1;1
202000012708;154 719 938;7;0;2;3;1;1
202000012709;154 719 936;7;4;9;1;1;1
202000012710;154 719 934;7;0;2;5;26;1
202000012710;154 719 935;7;0;2;1;1;1
202000012711;154 719 932;10;0;2;3;0;1
202000012711;154 719 933;10;0;2;2;1;1
202000012712;154 719 931;7;10;0;1;1;1
202000012713;154 719 929;33;0;0;3;1;1
202000012714;154 719 927;7;0;2;2;1;1
202000012714;154 719 928;2;0;2;1;19;1
202000012715;154 719 926;7;13;0;2;0;1
202000012716;154 719 924;1;0;2;7;1;5
202000012716;154 719 925;3;0;2;1;19;1
202000012717;154 719 923;31;13;0;0;21;1
202000012718;154 719 922;7;0;1;1;1;1
202000012719;154 719 918;7;8;2;3;19;1
202000012719;154 719 919;7;0;2;5;1;1
202000012720;154 719 916;7;0;2;0;1;0
202000012720;154 719 917;2;0;2;0;14;1
202000012721;154 719 915;7;2;0;1;13;1
202000012722;154 719 913;7;0;2;3;1;1
202000012722;154 719 914;7;0;2;3;5;1
202000012723;154 719 912;10;2;0;1;1;6
202000012724;154 719 910;7;0;2;3;1;1
202000012724;154 719 911;43;0;2;3;1;0
202000012725;154 719 909;7;6;0;1;16;1
202000012726;154 719 908;7;2;0;1;1;1
202000012727;154 719 904;7;0;2;1;2;0
202000012727;154 719 905;7;0;2;4;2;0
202000012727;154 719 906;7;0;2;4;2;0
202000012727;154 719 907;7;0;0;4;2;0
202000012728;154 719 903;7;0;1;5;4;0
202000012729;154 719 901;7;0;2;7;19;1
202000012729;154 719 902;7;0;2;1;1;1
202000012730;154 719 899;17;0;0;0;24;1
202000012730;154 719 900;7;1;0;1;1;1
202000012731;154 719 898;7;6;0;3;1;1
202000012732;154 719 897;7;13;0;2;0;1
202000012733;154 719 895;7;0;2;7;26;1
202000012733;154 719 896;7;0;2;1;14;1
202000012734;154 719 894;7;0;1;1;21;1
202000012735;154 719 893;7;0;5;2;1;1
202000012736;154 719 892;7;1;0;2;1;1
202000012737;154 719 888;7;0;2;8;10;1
202000012737;154 719 890;33;0;2;1;1;1
202000012738;154 719 889;7;0;2;1;9;1