Num_Acc;id_vehicule;categorie_vehicule;obstacle_fixe;obstacle_mobile;point_choc_initial;manoeuvre_principale;motorisation
202000012738;154 719 891;31;0;2;0;0;1
202000012739;154 719 886;7;0;1;7;15;0
202000012740;154 719 885;7;0;2;3;1;1
202000012740;154 719 887;2;0;2;1;19;1
202000012741;154 719 883;7;0;1;1;1;1
202000012741;154 719 884;7;0;1;1;1;1
202000012742;154 719 881;30;0;1;1;1;1
202000012743;154 719 879;7;0;2;2;15;0
202000012743;154 719 880;7;0;2;3;0;0
202000012744;154 719 882;7;2;0;1;13;1
202000012745;154 719 876;7;0;2;3;1;1
202000012745;154 719 878;7;0;2;3;1;1
202000012746;154 719 877;7;16;0;0;1;0
202000012747;154 719 871;2;9;0;1;13;1
202000012748;154 719 872;7;0;2;1;1;1
202000012748;154 719 873;7;0;2;3;1;1
202000012749;154 719 870;7;2;0;1;1;1
202000012750;154 719 869;33;0;0;9;1;1
202000012751;154 719 867;31;0;2;8;1;1
202000012751;154 719 868;7;0;2;3;15;1
202000012752;154 719 863;33;0;2;1;1;1
202000012752;154 719 865;7;0;0;2;15;1
202000012753;154 719 862;7;0;2;1;19;1
202000012753;154 719 864;7;7;2;8;1;1
202000012754;154 719 861;7;13;0;1;1;1
202000012755;154 719 859;10;0;2;3;12;0
202000012755;154 719 860;15;0;0;5;1;0
202000012756;154 719 857;7;0;2;3;0;1
202000012756;154 719 858;7;0;2;3;0;1
202000012757;154 719 856;7;3;0;2;14;1
202000012758;154 719 854;7;0;2;1;1;1
202000012758;154 719 855;7;0;0;4;1;1
202000012759;154 719 850;7;15;0;0;1;1
202000012760;154 719 851;7;0;2;3;13;1
202000012760;154 719 852;7;0;2;3;1;1
202000012760;154 719 853;7;0;2;1;0;1
202000012761;154 719 848;7;0;0;0;0;1
202000012762;154 719 846;7;0;2;1;1;1
202000012762;154 719 847;7;0;2;7;1;1
202000012762;154 719 849;7;0;2;2;9;1
202000012763;154 719 844;7;0;2;7;15;1
202000012763;154 719 845;7;0;2;2;1;1
202000012764;154 719 840;7;0;2;1;1;0
202000012764;154 719 842;7;0;2;2;19;0
202000012765;154 719 841;7;9;2;5;16;1
202000012765;154 719 843;7;15;2;2;15;1
202000012766;154 719 837;7;0;2;3;1;1
202000012766;154 719 838;7;0;2;3;5;1
202000012767;154 719 836;10;0;4;6;23;1
202000012767;154 719 839;39;0;4;1;19;3
202000012768;154 719 835;7;8;0;1;1;1
202000012769;154 719 834;7;2;0;2;1;1
202000012770;154 719 833;2;0;0;0;1;1
202000012771;154 719 831;7;0;2;1;1;0
202000012771;154 719 832;7;0;2;1;17;0
202000012772;154 719 829;7;0;2;1;17;1
202000012772;154 719 830;7;0;2;1;1;1
202000012773;154 719 828;7;2;0;1;13;1
202000012774;154 719 826;7;0;2;1;1;1
202000012774;154 719 827;7;0;2;1;13;1
202000012775;154 719 825;38;15;0;2;14;1
202000012776;154 719 824;2;0;0;0;0;1
202000012777;154 719 822;7;0;2;2;21;1
202000012777;154 719 823;7;0;2;3;0;1
202000012778;154 719 820;7;0;2;1;0;1
202000012778;154 719 821;7;0;0;4;23;1
202000012779;154 719 819;7;2;0;1;1;1
202000012780;154 719 816;14;0;2;3;1;1
202000012780;154 719 817;7;0;2;1;1;1
202000012781;154 719 815;7;8;0;1;14;1
202000012782;154 719 811;7;3;0;4;2;1
202000012782;154 719 813;10;0;2;2;2;1
202000012783;154 719 810;10;3;0;1;1;0
202000012784;154 719 807;7;0;0;3;17;1
202000012784;154 719 808;3;0;0;7;15;1
202000012785;154 719 805;7;3;2;3;2;1
202000012785;154 719 806;7;0;0;3;1;1
202000012786;154 719 809;7;0;1;2;1;1
202000012787;154 719 801;7;0;0;2;1;1
202000012787;154 719 802;10;0;0;5;1;1
202000012787;154 719 804;7;0;2;3;1;1
202000012788;154 719 800;7;0;2;7;13;1
202000012788;154 719 803;7;0;2;3;1;1
202000012789;154 719 793;7;3;2;1;2;1
202000012789;154 719 794;7;3;2;7;2;1
202000012789;154 719 795;7;3;2;8;2;1
202000012789;154 719 797;7;1;2;1;2;1
202000012789;154 719 798;10;0;0;3;2;1
202000012789;154 719 799;10;0;1;0;2;1
202000012790;154 719 790;7;0;2;7;12;1
202000012790;154 719 791;7;0;2;8;18;1
202000012791;154 719 792;7;13;2;8;1;1
202000012791;154 719 796;7;2;2;3;13;1
202000012792;154 719 787;7;5;0;1;0;6
202000012793;154 719 788;7;0;2;1;5;1
202000012793;154 719 789;7;0;2;1;5;1
202000012794;154 719 786;7;15;0;0;1;1
202000012795;154 719 785;7;0;1;1;1;1
202000012796;154 719 782;7;0;1;3;1;1
202000012797;154 719 783;7;0;2;7;17;1
202000012797;154 719 784;1;0;2;4;1;5
202000012798;154 719 778;7;0;2;1;1;1
202000012798;154 719 780;7;9;2;1;1;1
202000012799;154 719 777;7;0;9;8;26;6
202000012799;154 719 779;1;0;2;7;26;6
202000012800;154 719 775;7;2;0;1;1;1
202000012801;154 719 771;7;0;2;6;15;0
202000012801;154 719 773;33;0;2;1;17;0
202000012802;154 719 769;7;0;0;9;17;1
202000012803;154 719 768;7;0;1;2;1;1
202000012804;154 719 765;7;9;2;1;15;1
202000012804;154 719 767;1;0;2;8;1;5
202000012805;154 719 763;7;6;0;3;1;1
202000012806;154 719 764;10;0;0;1;1;1
202000012806;154 719 766;15;0;0;6;1;1
202000012807;154 719 760;7;0;2;1;0;1
202000012807;154 719 761;7;0;2;4;1;1
202000012808;154 719 762;7;0;0;9;1;1
202000012809;154 719 757;7;0;2;4;23;1
202000012809;154 719 759;10;0;2;1;12;1
202000012810;154 719 756;7;0;0;4;23;1
202000012810;154 719 758;7;0;2;1;1;1
202000012811;154 719 754;7;0;2;2;1;1
202000012811;154 719 755;2;0;2;3;1;1
202000012812;154 719 753;7;2;0;3;16;0
202000012813;154 719 751;7;0;1;1;2;1
202000012814;154 719 750;7;0;2;3;1;1
202000012814;154 719 752;7;0;2;3;1;1
202000012815;154 719 748;7;0;2;6;11;1
202000012815;154 719 749;31;0;2;1;3;1
202000012816;154 719 746;7;0;9;2;13;1
202000012816;154 719 747;1;0;0;1;13;5
202000012817;154 719 744;7;0;2;2;1;1
202000012817;154 719 745;33;0;2;8;3;1
202000012818;154 719 741;7;0;0;2;1;1
202000012818;154 719 743;3;0;0;2;15;1
202000012819;154 719 740;7;0;2;3;11;1
202000012819;154 719 742;7;0;2;5;1;1
202000012820;154 719 738;7;0;2;1;1;1
202000012820;154 719 739;7;0;2;1;5;1
202000012821;154 719 736;10;0;2;4;2;1
202000012821;154 719 737;10;0;2;1;2;1
202000012822;154 719 733;7;0;2;2;12;1
202000012822;154 719 734;7;0;2;6;1;1
202000012823;154 719 732;7;0;2;1;1;1
202000012823;154 719 735;7;0;2;7;13;1
202000012824;154 719 728;3;0;2;2;16;1
202000012824;154 719 730;2;0;2;0;1;1
202000012825;154 719 729;7;0;2;4;2;1
202000012825;154 719 731;7;0;2;1;2;1
202000012826;154 719 727;2;1;0;1;1;1
202000012827;154 719 726;7;3;0;1;1;1
202000012828;154 719 724;7;0;2;2;1;1
202000012828;154 719 725;7;0;2;1;1;1
202000012829;154 719 722;7;3;2;3;2;1
202000012829;154 719 723;7;0;2;8;2;1
202000012830;154 719 721;7;0;1;2;14;1
202000012831;154 719 719;7;0;2;1;15;1
202000012831;154 719 720;7;0;2;1;1;1
202000012832;154 719 718;2;0;2;1;1;1
202000012833;154 719 715;7;0;1;1;1;0
202000012834;154 719 716;7;0;2;4;23;1
202000012834;154 719 717;7;0;2;1;2;1
202000012835;154 719 714;7;16;0;1;1;1
202000012836;154 719 712;10;0;2;6;15;0
202000012836;154 719 713;7;0;2;3;1;4
202000012837;154 719 710;7;15;0;2;2;1
202000012838;154 719 711;7;2;0;1;1;1
202000012839;154 719 709;7;2;0;1;1;1
202000012840;154 719 708;7;8;0;1;14;1
202000012841;154 719 707;7;2;0;1;13;1
202000012842;154 719 705;33;13;0;0;1;1
202000012843;154 719 704;7;0;2;3;15;1
202000012843;154 719 706;7;0;2;2;1;1
202000012844;154 719 703;7;13;0;1;6;1
202000012845;154 719 702;7;6;0;2;26;1
202000012846;154 719 699;7;0;2;1;1;1
202000012846;154 719 700;7;8;2;7;19;1
202000012847;154 719 698;33;0;2;1;1;1
202000012848;154 719 701;7;13;0;1;1;1
202000012849;154 719 696;10;0;9;1;15;1
202000012849;154 719 697;2;0;2;1;1;1
202000012850;154 719 695;33;4;0;1;17;1
202000012851;154 719 693;2;0;2;1;16;1
202000012851;154 719 694;7;0;2;1;13;1
202000012852;154 719 691;7;2;2;1;1;1
202000012852;154 719 692;7;0;2;3;1;1
202000012853;154 719 689;7;0;2;1;15;1
202000012853;154 719 690;7;0;2;3;1;1
202000012854;154 719 688;7;0;1;2;15;1
202000012855;154 719 686;7;0;2;2;1;1
202000012855;154 719 687;7;0;2;3;16;1
202000012856;154 719 682;7;0;2;1;2;0
202000012856;154 719 683;7;0;2;4;23;0
202000012857;154 719 681;7;2;0;1;14;0
202000012858;154 719 678;7;9;0;9;1;1
202000012859;154 719 679;7;1;0;8;1;1
202000012859;154 719 680;17;0;0;4;24;1
202000012860;154 719 676;7;0;1;2;15;1
202000012861;154 719 675;1;0;0;8;1;5
202000012861;154 719 677;3;0;2;7;17;1
202000012862;154 719 672;7;0;2;1;5;1
202000012862;154 719 673;7;0;2;1;1;1
202000012863;154 719 674;7;0;0;9;2;1
202000012864;154 719 669;7;0;0;4;2;1
202000012864;154 719 670;7;0;2;1;2;1
202000012865;154 719 668;7;0;2;1;1;1
202000012865;154 719 671;7;0;2;1;13;1
202000012866;154 719 666;1;0;2;4;1;5
202000012866;154 719 667;1;0;2;1;17;5
202000012867;154 719 665;7;13;0;0;1;1
202000012868;154 719 663;7;2;0;1;13;1
202000012869;154 719 661;7;0;2;1;15;1
202000012869;154 719 662;7;0;2;1;1;1
202000012869;154 719 664;7;0;2;3;23;1
202000012870;154 719 659;7;3;0;3;1;1
202000012871;154 719 658;99;0;2;2;1;3
202000012871;154 719 660;7;0;2;3;10;1
202000012872;154 719 657;7;2;0;0;1;0
202000012873;154 719 656;3;0;1;0;16;0
202000012874;154 719 654;7;0;2;1;15;1
202000012874;154 719 655;7;1;2;1;1;1
202000012875;154 719 652;7;0;9;2;15;1
202000012875;154 719 653;1;0;2;1;1;5
202000012876;154 719 651;7;0;0;0;1;0
202000012877;154 719 649;7;0;2;6;15;0
202000012877;154 719 650;7;0;2;1;1;0
202000012878;154 719 646;7;0;2;2;1;1
202000012878;154 719 648;7;0;2;2;1;1
202000012879;154 719 645;2;0;2;1;1;0
202000012879;154 719 647;7;0;2;5;15;0
202000012880;154 719 643;2;0;2;1;1;0
202000012880;154 719 644;7;0;2;5;15;0
202000012881;154 719 641;2;0;2;5;1;1
202000012881;154 719 642;7;0;2;3;1;1
202000012882;154 719 639;7;0;2;6;1;1
202000012882;154 719 640;7;0;2;1;1;1
202000012883;154 719 638;7;4;0;0;26;1
202000012884;154 719 635;7;0;2;1;1;0
202000012884;154 719 636;7;0;1;1;1;0
202000012885;154 719 634;7;0;2;1;0;0
202000012885;154 719 637;7;8;0;4;0;0
202000012886;154 719 630;10;0;2;7;15;0
202000012886;154 719 632;33;0;2;1;2;0
202000012887;154 719 629;7;15;0;1;1;1
202000012888;154 719 627;7;9;0;2;1;1
202000012889;154 719 625;2;1;0;1;2;1
202000012890;154 719 623;7;0;2;1;2;1
202000012890;154 719 626;7;0;2;4;2;1
202000012891;154 719 622;7;0;2;3;23;1
202000012891;154 719 624;7;0;2;3;13;1
202000012892;154 719 621;31;12;0;1;14;1
202000012893;154 719 618;7;0;1;3;1;1
202000012894;154 719 619;7;0;0;4;1;1
202000012894;154 719 620;7;0;2;1;2;1
202000012895;154 719 617;7;1;9;8;1;1
202000012896;154 719 615;30;0;2;7;17;1
202000012896;154 719 616;7;0;2;8;1;1
202000012897;154 719 613;7;0;2;1;13;1
202000012897;154 719 614;7;0;2;3;1;4
202000012898;154 719 611;7;10;0;9;1;1
202000012899;154 719 610;7;0;2;3;9;1
202000012899;154 719 612;7;0;2;2;1;2
202000012900;154 719 608;7;0;0;4;1;1
202000012900;154 719 609;10;0;2;1;1;1
202000012901;154 719 607;7;0;1;1;15;1
202000012902;154 719 606;7;6;0;2;1;1
202000012903;154 719 604;15;0;2;2;15;1
202000012903;154 719 605;7;0;2;1;16;1
202000012904;154 719 599;7;0;2;3;1;1
202000012904;154 719 600;7;0;2;1;6;1
202000012905;154 719 601;10;0;2;3;1;1
202000012905;154 719 602;7;0;2;1;2;1
202000012905;154 719 603;34;0;2;4;17;1
202000012906;154 719 597;2;7;2;8;14;1
202000012906;154 719 598;7;0;0;7;9;1
202000012907;154 719 596;30;0;1;2;18;1
202000012908;154 719 594;7;0;9;1;1;1
202000012908;154 719 595;1;0;0;8;15;5
202000012909;154 719 592;36;6;0;1;1;1
202000012910;154 719 593;30;0;0;1;15;1
202000012911;154 719 591;7;17;0;1;1;1
202000012912;154 719 590;31;0;0;7;1;1
202000012913;154 719 588;7;0;2;1;5;1
202000012913;154 719 589;7;0;2;1;1;1
202000012914;154 719 587;1;12;0;0;1;5
202000012915;154 719 586;33;8;0;1;0;1
202000012916;154 719 583;30;0;2;8;1;1
202000012916;154 719 584;7;0;2;3;1;1
202000012916;154 719 585;7;0;2;8;22;1
202000012917;154 719 582;7;13;0;2;1;1
202000012918;154 719 581;50;0;0;0;1;3
202000012919;154 719 576;30;0;2;8;1;1
202000012919;154 719 577;7;0;2;3;15;1
202000012920;154 719 578;15;0;2;1;2;1
202000012920;154 719 579;7;0;0;4;2;1
202000012921;154 719 573;7;0;2;3;1;0
202000012921;154 719 575;7;0;2;1;1;0
202000012922;154 719 572;7;0;0;4;16;1
202000012922;154 719 574;7;0;2;1;2;1
202000012923;154 719 571;7;0;1;2;1;1
202000012924;154 719 570;99;0;1;5;10;1
202000012925;154 719 568;7;6;0;5;1;1
202000012926;154 719 569;33;0;1;3;21;1
202000012927;154 719 565;7;15;0;3;1;1
202000012928;154 719 566;7;0;2;1;2;1
202000012928;154 719 567;7;0;5;4;1;1
202000012929;154 719 561;50;0;2;5;1;3
202000012929;154 719 563;7;0;9;1;18;1
202000012930;154 719 560;7;0;2;2;10;1
202000012930;154 719 562;7;0;1;8;26;1
202000012930;154 719 564;7;1;0;8;26;1
202000012931;154 719 558;7;0;1;2;15;1
202000012932;154 719 557;7;0;2;3;26;1
202000012932;154 719 559;2;0;2;1;17;1
202000012933;154 719 556;31;15;0;1;1;1
202000012934;154 719 554;14;0;0;1;1;1
202000012934;154 719 555;7;0;2;8;19;1
202000012935;154 719 553;7;0;1;1;16;1
202000012936;154 719 552;7;2;0;1;2;1
202000012937;154 719 551;33;0;0;8;15;1
202000012938;154 719 548;7;0;2;1;19;1
202000012938;154 719 549;7;0;2;7;1;1
202000012939;154 719 550;7;2;0;2;1;1
202000012940;154 719 545;7;0;2;4;15;1
202000012940;154 719 547;2;0;2;1;2;1
202000012941;154 719 544;2;0;0;6;1;1
202000012941;154 719 546;7;0;2;3;15;1
202000012942;154 719 543;7;8;0;1;14;1
202000012943;154 719 540;7;4;2;3;5;1
202000012943;154 719 542;7;0;2;1;1;1
202000012944;154 719 539;7;0;2;1;1;1
202000012944;154 719 541;7;0;2;1;15;1
202000012945;154 719 538;7;15;0;3;1;1
202000012946;154 719 537;31;15;0;2;15;1
202000012947;154 719 534;7;0;2;3;15;1
202000012947;154 719 536;7;0;2;1;1;1
202000012948;154 719 533;7;3;0;3;13;1
202000012949;154 719 532;7;2;0;7;1;1
202000012950;154 719 526;7;0;0;8;1;1
202000012950;154 719 528;7;0;2;1;26;1
202000012951;154 719 524;7;0;2;1;17;1
202000012951;154 719 525;7;0;2;1;1;1
202000012952;154 719 523;2;3;0;0;1;0
202000012953;154 719 522;2;6;0;1;1;1
202000012954;154 719 520;7;8;0;7;13;1
202000012955;154 719 521;2;3;0;8;5;1
202000012956;154 719 517;2;13;0;7;1;1
202000012957;154 719 516;7;0;2;3;15;1
202000012957;154 719 518;7;0;2;3;15;1
202000012958;154 719 513;7;15;0;3;1;1
202000012959;154 719 511;7;0;2;1;2;1
202000012959;154 719 512;7;0;0;4;2;1
202000012960;154 719 510;14;13;0;0;1;1
202000012961;154 719 508;7;0;2;1;1;1
202000012961;154 719 509;7;0;2;1;13;1
202000012962;154 719 507;7;0;1;1;1;1
202000012963;154 719 502;7;0;2;3;1;1
202000012963;154 719 503;7;0;2;1;1;1
202000012963;154 719 505;7;0;2;3;1;1
202000012963;154 719 506;7;0;2;1;1;1
202000012964;154 719 501;7;8;0;1;2;1
202000012965;154 719 498;10;0;2;1;15;1
202000012965;154 719 499;15;8;2;1;1;1
202000012965;154 719 500;7;0;2;1;1;1
202000012966;154 719 495;1;0;2;1;25;5
202000012966;154 719 496;7;0;2;1;1;1
202000012967;154 719 497;7;6;0;4;10;1
202000012968;154 719 491;7;0;2;1;5;1
202000012968;154 719 493;7;0;2;1;1;1
202000012969;154 719 490;7;0;0;7;5;1
202000012969;154 719 492;7;13;0;1;1;1
202000012969;154 719 494;7;0;0;1;1;1
202000012970;154 719 487;7;0;1;2;1;1
202000012971;154 719 488;33;0;2;3;1;1
202000012971;154 719 489;7;0;2;2;1;1
202000012972;154 719 485;7;0;0;9;1;1
202000012973;154 719 484;7;0;0;4;15;1
202000012973;154 719 486;7;0;0;1;2;1
202000012974;154 719 483;7;2;0;1;14;1
202000012975;154 719 480;7;0;2;3;19;0
202000012975;154 719 482;7;0;2;2;1;0
202000012976;154 719 479;7;0;2;2;19;1
202000012976;154 719 481;7;0;2;3;1;1
202000012977;154 719 477;7;0;2;1;11;1
202000012977;154 719 478;7;4;0;1;1;1
202000012978;154 719 476;7;0;0;2;1;1
202000012979;154 719 472;7;0;2;1;26;1
202000012979;154 719 473;7;0;2;1;26;1
202000012980;154 719 468;7;0;0;8;15;1
202000012980;154 719 470;2;0;2;8;17;1
202000012981;154 719 464;7;0;2;1;1;1
202000012981;154 719 465;7;0;2;1;1;1
202000012982;154 719 463;2;0;0;0;1;1
202000012983;154 719 459;7;0;2;3;1;0
202000012983;154 719 460;7;0;2;3;1;0
202000012984;154 719 457;7;0;9;3;1;1
202000012984;154 719 458;1;0;2;3;16;5
202000012985;154 719 455;10;0;2;3;1;1
202000012985;154 719 456;7;0;2;3;1;1
202000012986;154 719 454;7;2;0;1;1;1
202000012987;154 719 453;7;15;0;1;1;1
202000012988;154 719 451;10;0;2;2;1;1
202000012988;154 719 452;1;0;2;4;1;5
202000012989;154 719 450;31;13;0;1;1;1
202000012990;154 719 448;2;0;0;2;0;1
202000012991;154 719 447;7;0;2;1;20;1
202000012991;154 719 449;1;0;2;6;20;5
202000012992;154 719 445;7;0;2;1;15;1
202000012992;154 719 446;7;0;2;1;1;1
202000012993;154 719 442;34;0;2;3;1;1
202000012993;154 719 443;7;0;2;7;15;1
202000012994;154 719 440;7;0;2;1;1;1
202000012994;154 719 441;7;7;2;1;13;1
202000012994;154 719 444;7;0;2;1;1;1
202000012995;154 719 437;7;0;2;3;15;1
202000012995;154 719 439;2;0;2;2;1;1
202000012996;154 719 438;31;0;1;1;1;1
202000012997;154 719 435;34;0;2;2;1;1
202000012997;154 719 436;7;0;2;1;15;1
202000012998;154 719 432;33;0;2;1;21;1
202000012998;154 719 433;7;0;2;3;15;1
202000012999;154 719 431;7;0;0;8;19;1
202000012999;154 719 434;7;0;2;1;1;1
202000013000;154 719 428;7;5;0;4;1;1
202000013000;154 719 430;7;0;2;1;1;1
202000013001;154 719 425;7;0;2;1;1;3
202000013001;154 719 426;7;0;2;1;1;0
202000013002;154 719 427;7;0;2;8;0;1
202000013002;154 719 429;7;0;2;2;0;1
202000013003;154 719 421;7;0;2;1;1;1
202000013003;154 719 422;7;5;0;4;1;1
202000013004;154 719 420;20;0;1;4;4;1
202000013005;154 719 418;7;13;0;1;2;1
202000013006;154 719 419;7;2;0;1;1;1
202000013007;154 719 415;7;4;2;7;12;1
202000013007;154 719 416;10;0;2;2;11;1
202000013007;154 719 417;7;4;2;8;1;1
202000013008;154 719 413;7;0;2;1;17;1
202000013008;154 719 414;32;0;2;1;0;1
202000013009;154 719 411;7;0;2;4;2;1
202000013009;154 719 412;7;0;2;4;2;1
202000013010;154 719 410;7;4;0;0;1;1
202000013011;154 719 408;2;0;2;1;1;1
202000013011;154 719 409;7;0;2;3;9;0
202000013012;154 719 407;7;13;0;1;17;1
202000013013;154 719 406;2;0;0;1;1;1
202000013014;154 719 403;17;0;2;8;1;1
202000013014;154 719 404;7;0;2;1;1;1
202000013014;154 719 405;3;0;2;1;13;1
202000013015;154 719 401;7;17;0;7;1;1
202000013016;154 719 400;7;0;2;5;2;1
202000013016;154 719 402;7;0;2;3;2;1
202000013017;154 719 398;7;0;2;3;0;1
202000013017;154 719 399;7;0;2;3;13;1
202000013018;154 719 397;7;6;0;2;1;1
202000013019;154 719 394;7;4;0;1;0;1
202000013020;154 719 395;7;0;2;3;5;1
202000013020;154 719 396;7;0;2;3;17;1
202000013021;154 719 393;32;6;0;8;17;1
202000013022;154 719 392;7;0;1;1;26;1
202000013023;154 719 391;7;0;0;2;1;1
202000013024;154 719 390;7;10;0;7;1;1
202000013025;154 719 389;7;2;0;1;13;1
202000013026;154 719 388;7;0;1;1;17;1
202000013027;154 719 386;7;2;0;3;14;1
202000013028;154 719 385;7;0;2;1;13;0
202000013028;154 719 387;7;0;2;3;1;6
202000013029;154 719 383;7;0;2;3;13;1
202000013029;154 719 384;7;0;2;3;1;1
202000013030;154 719 381;7;0;0;3;19;1
202000013030;154 719 382;32;0;2;1;21;1
202000013031;154 719 379;7;0;2;5;15;1
202000013031;154 719 380;1;0;2;7;1;0
202000013032;154 719 377;10;0;0;9;14;1
202000013033;154 719 378;32;13;0;7;1;1
202000013034;154 719 374;2;0;1;1;0;1
202000013035;154 719 371;7;0;2;4;1;1
202000013035;154 719 372;7;0;2;4;1;1
202000013035;154 719 373;10;0;2;1;1;0
202000013036;154 719 375;33;0;2;1;17;1
202000013036;154 719 376;7;0;2;7;15;1
202000013037;154 719 369;2;6;0;1;13;1
202000013038;154 719 367;10;2;0;1;0;1
202000013039;154 719 365;33;0;0;0;11;0
202000013039;154 719 366;7;4;0;1;1;1
202000013040;154 719 363;7;0;2;2;1;1
202000013040;154 719 368;7;0;2;2;13;1
202000013041;154 719 361;7;0;2;1;11;1
202000013041;154 719 362;33;0;2;4;1;1
202000013042;154 719 359;10;0;2;3;15;1
202000013042;154 719 360;32;0;2;1;1;1
202000013043;154 719 358;30;6;0;1;0;1
202000013044;154 719 357;7;0;2;6;9;1
202000013044;154 719 364;15;0;2;3;1;1
202000013045;154 719 356;7;0;1;3;1;1
202000013046;154 719 355;7;2;0;7;1;1
202000013047;154 719 353;7;0;1;1;15;1
202000013048;154 719 351;7;6;2;3;5;1
202000013048;154 719 354;7;0;2;2;1;1
202000013049;154 719 350;33;0;2;2;17;1
202000013049;154 719 352;7;0;0;8;15;1
202000013050;154 719 346;7;0;2;7;1;1
202000013050;154 719 347;33;0;2;8;9;1
202000013051;154 719 345;10;4;0;1;26;1
202000013052;154 719 349;7;2;0;1;13;1
202000013053;154 719 344;7;3;0;3;13;1
202000013054;154 719 343;10;3;0;8;13;1
202000013055;154 719 342;7;4;0;1;14;1
202000013056;154 719 339;10;7;0;1;6;1
202000013057;154 719 337;7;0;2;1;5;1
202000013057;154 719 338;10;0;2;1;1;1
202000013058;154 719 336;7;16;0;1;1;1
202000013059;154 719 335;10;0;9;2;2;1
202000013060;154 719 333;7;0;2;3;9;1
202000013060;154 719 334;7;0;2;2;1;1
202000013061;154 719 331;7;0;2;1;1;1
202000013061;154 719 332;10;11;0;3;1;1
202000013062;154 719 330;2;13;0;0;1;1
202000013063;154 719 327;7;0;2;3;1;1
202000013063;154 719 328;7;0;2;3;13;1
202000013064;154 719 340;7;0;2;4;1;1
202000013064;154 719 341;7;0;2;1;2;1
202000013065;154 719 325;10;4;0;2;9;1
202000013066;154 719 326;7;0;1;1;1;6
202000013067;154 719 322;7;0;1;2;1;6
202000013068;154 719 323;7;0;2;4;1;1
202000013068;154 719 324;33;0;2;1;1;1
202000013069;154 719 319;7;4;0;1;13;1
202000013070;154 719 316;7;0;2;8;13;1
202000013070;154 719 317;7;0;2;8;1;1
202000013071;154 719 315;7;0;2;1;2;1
202000013071;154 719 318;7;0;2;4;11;1
202000013072;154 719 313;1;0;2;4;1;5
202000013072;154 719 314;7;0;9;4;1;1
202000013073;154 719 311;7;0;2;3;13;1
202000013073;154 719 312;7;0;2;2;16;1
202000013074;154 719 309;7;0;0;4;1;1
202000013074;154 719 310;7;0;2;1;2;1
202000013075;154 719 307;7;0;2;3;1;1
202000013075;154 719 308;7;0;2;3;1;1
202000013076;154 719 305;7;0;2;5;1;1
202000013076;154 719 306;33;0;2;1;2;1
202000013077;154 719 303;34;0;2;3;1;0
202000013077;154 719 304;7;0;2;3;15;1
202000013078;154 719 300;31;0;2;4;1;0
202000013078;154 719 302;7;0;2;1;1;0
202000013079;154 719 299;7;0;1;1;15;1
202000013080;154 719 297;99;0;2;1;2;1
202000013080;154 719 298;10;0;2;4;15;1
202000013081;154 719 295;7;0;2;4;2;1
202000013081;154 719 296;7;0;2;1;2;1
202000013082;154 719 293;10;0;2;1;9;0
202000013082;154 719 294;1;0;2;8;2;0
202000013083;154 719 292;7;0;1;0;1;0
202000013084;154 719 291;7;4;0;3;13;1
202000013085;154 719 301;7;0;1;3;20;1
202000013086;154 719 289;3;0;2;4;0;1
202000013086;154 719 290;7;0;2;1;2;1
202000013087;154 719 288;7;0;1;1;1;1
202000013088;154 719 287;7;0;1;1;15;1
202000013089;154 719 286;7;0;1;1;1;0
202000013090;154 719 283;10;0;2;4;2;1
202000013090;154 719 284;7;0;2;4;2;1
202000013090;154 719 285;7;0;2;1;1;1
202000013091;154 719 282;7;8;0;2;14;1
202000013092;154 719 278;14;0;2;1;2;1
202000013092;154 719 279;14;0;2;1;2;1
202000013092;154 719 280;10;0;2;1;1;1
202000013092;154 719 281;33;0;2;3;1;1
202000013093;154 719 276;7;1;0;2;1;1
202000013093;154 719 277;7;0;2;6;23;1
202000013094;154 719 272;3;0;2;2;1;0
202000013094;154 719 273;34;0;2;6;2;0
202000013095;154 719 270;7;0;2;6;15;1
202000013095;154 719 271;31;0;2;1;13;1
202000013096;154 719 268;14;0;2;7;14;1
202000013096;154 719 269;1;0;2;8;26;5
202000013097;154 719 267;7;0;1;3;25;1
202000013098;154 719 265;7;0;2;3;9;0
202000013098;154 719 266;7;0;2;1;1;0
202000013099;154 719 264;7;0;1;1;15;1
202000013100;154 719 262;7;0;2;2;1;0
202000013100;154 719 263;7;0;2;6;13;0
202000013101;154 719 260;7;0;2;7;1;1
202000013101;154 719 261;7;0;2;8;11;1
202000013102;154 719 258;7;0;2;1;1;0
202000013102;154 719 259;14;0;2;2;15;0
202000013103;154 719 256;10;0;2;6;1;1
202000013103;154 719 257;33;0;2;0;17;1
202000013104;154 719 252;7;0;2;2;1;1
202000013104;154 719 253;7;0;2;3;15;1
202000013105;154 719 250;7;0;2;1;15;1
202000013105;154 719 251;33;0;2;1;1;1
202000013106;154 719 248;7;0;2;4;1;1
202000013106;154 719 249;7;0;2;1;1;1
202000013107;154 719 246;7;0;2;4;15;1
202000013107;154 719 247;7;0;2;1;1;1
202000013108;154 719 244;7;0;2;3;15;1
202000013108;154 719 245;1;0;2;1;1;5
202000013109;154 719 242;7;0;2;2;1;1
202000013109;154 719 243;32;0;2;1;1;1