Num_Acc;id_vehicule;categorie_vehicule;obstacle_fixe;obstacle_mobile;point_choc_initial;manoeuvre_principale;motorisation
202000013461;154 718 626;33;0;2;1;3;1
202000013462;154 718 622;7;0;2;4;1;1
202000013462;154 718 623;33;0;2;7;3;1
202000013462;154 718 624;7;0;2;8;11;1
202000013463;154 718 621;0;0;1;0;26;0
202000013464;154 718 619;30;0;2;1;26;1
202000013464;154 718 620;7;0;2;4;1;1
202000013465;154 718 618;33;9;0;1;2;1
202000013466;154 718 616;7;0;2;7;1;1
202000013466;154 718 617;2;0;2;1;10;1
202000013467;154 718 614;7;0;2;8;1;1
202000013467;154 718 615;7;0;2;1;1;1
202000013468;154 718 612;7;0;2;1;16;1
202000013468;154 718 613;1;0;2;7;1;5
202000013469;154 718 611;2;0;1;1;1;1
202000013470;154 718 609;7;0;2;1;9;1
202000013470;154 718 610;7;0;2;7;1;1
202000013471;154 718 608;33;10;0;1;1;1
202000013472;154 718 606;7;0;2;2;1;0
202000013472;154 718 607;1;0;2;8;19;5
202000013473;154 718 605;7;0;1;0;16;0
202000013474;154 718 604;33;0;2;0;1;1
202000013475;154 718 602;33;0;2;8;1;1
202000013475;154 718 603;10;0;2;7;16;1
202000013476;154 718 601;7;13;0;9;14;1
202000013477;154 718 599;7;0;0;6;0;1
202000013477;154 718 600;10;0;2;2;1;1
202000013478;154 718 598;7;3;0;1;2;1
202000013479;154 718 595;34;4;2;2;17;1
202000013479;154 718 596;7;0;2;6;2;1
202000013479;154 718 597;7;0;2;1;1;1
202000013480;154 718 593;33;1;0;1;14;0
202000013480;154 718 594;15;0;0;4;24;6
202000013481;154 718 591;33;0;0;4;23;6
202000013481;154 718 592;33;0;2;1;21;6
202000013482;154 718 588;7;0;0;0;15;1
202000013482;154 718 589;7;0;2;1;14;1
202000013482;154 718 590;7;0;0;8;23;1
202000013483;154 718 586;1;0;2;6;10;5
202000013483;154 718 587;7;0;2;2;17;1
202000013484;154 718 584;7;0;2;3;9;1
202000013484;154 718 585;31;0;2;7;26;1
202000013485;154 718 581;7;13;2;3;1;1
202000013485;154 718 582;7;3;2;3;13;1
202000013486;154 718 576;7;1;2;4;1;1
202000013486;154 718 577;37;0;2;2;1;1
202000013487;154 718 573;7;0;2;4;1;1
202000013487;154 718 574;7;0;2;1;1;1
202000013487;154 718 575;10;0;2;4;1;1
202000013488;154 718 570;7;0;2;1;2;1
202000013488;154 718 571;7;0;2;1;2;1
202000013488;154 718 572;10;0;2;4;1;1
202000013489;154 718 568;7;0;2;6;11;1
202000013489;154 718 569;7;0;2;2;1;1
202000013490;154 718 566;7;0;2;6;1;1
202000013490;154 718 567;15;0;2;2;12;1
202000013491;154 718 564;7;0;2;6;1;1
202000013491;154 718 565;17;0;2;0;14;1
202000013492;154 718 561;7;0;2;6;1;1
202000013492;154 718 562;7;0;2;4;1;1
202000013492;154 718 563;7;0;2;1;1;1
202000013493;154 718 559;7;0;2;5;2;1
202000013493;154 718 560;7;3;2;3;18;1
202000013494;154 718 558;34;3;0;7;1;1
202000013495;154 718 556;7;0;2;4;1;1
202000013495;154 718 557;7;0;2;2;2;1
202000013496;154 718 554;7;4;2;1;1;1
202000013496;154 718 555;7;3;2;4;2;0
202000013497;154 718 551;15;0;2;1;1;1
202000013497;154 718 552;15;0;2;4;1;1
202000013497;154 718 553;15;0;2;1;1;1
202000013498;154 718 549;32;0;2;8;9;1
202000013498;154 718 550;17;0;2;7;1;1
202000013499;154 718 545;10;8;2;2;16;1
202000013499;154 718 546;7;0;2;5;2;1
202000013500;154 718 544;7;0;1;2;1;1
202000013501;154 718 543;7;0;1;2;1;1
202000013502;154 718 541;7;0;2;1;26;1
202000013502;154 718 542;99;0;2;4;2;1
202000013503;154 718 539;7;15;2;1;1;1
202000013503;154 718 540;7;0;2;7;1;1
202000013504;154 718 536;7;0;2;1;15;1
202000013504;154 718 537;7;0;2;3;1;1
202000013504;154 718 538;2;0;2;1;1;1
202000013505;154 718 535;40;0;1;1;19;0
202000013506;154 718 534;7;8;0;9;1;1
202000013507;154 718 532;1;0;2;1;16;5
202000013507;154 718 533;7;1;2;3;1;1
202000013508;154 718 530;7;0;2;7;14;1
202000013508;154 718 531;2;0;2;8;1;1
202000013509;154 718 529;32;0;1;1;1;1
202000013510;154 718 527;3;16;2;8;26;1
202000013510;154 718 528;37;0;2;1;1;1
202000013511;154 718 525;10;0;2;3;26;1
202000013511;154 718 526;7;0;2;3;1;1
202000013512;154 718 524;32;14;0;2;26;1
202000013513;154 718 522;7;0;2;2;9;1
202000013513;154 718 523;2;0;2;1;1;1
202000013514;154 718 520;30;0;2;0;0;1
202000013514;154 718 521;7;0;9;8;15;1
202000013515;154 718 518;7;0;2;8;1;1
202000013515;154 718 519;10;0;2;3;16;1
202000013516;154 718 516;7;0;2;1;13;1
202000013516;154 718 517;7;0;2;1;1;1
202000013517;154 718 514;30;0;2;2;1;1
202000013517;154 718 515;2;0;2;3;19;1
202000013518;154 718 512;7;0;2;2;14;1
202000013518;154 718 513;10;0;0;6;23;1
202000013519;154 718 511;33;6;0;0;26;1
202000013520;154 718 509;30;0;2;1;15;1
202000013520;154 718 510;7;0;2;3;2;1
202000013521;154 718 507;30;0;2;1;1;1
202000013521;154 718 508;7;0;2;7;15;1
202000013522;154 718 505;1;1;0;2;1;5
202000013522;154 718 506;7;0;2;0;23;1
202000013523;154 718 504;7;5;0;1;1;1
202000013524;154 718 501;7;0;2;1;1;1
202000013524;154 718 502;7;0;2;4;1;1
202000013524;154 718 503;7;0;2;1;1;1
202000013525;154 718 500;7;0;1;3;18;1
202000013526;154 718 498;7;0;9;7;1;1
202000013526;154 718 499;1;0;2;1;19;5
202000013527;154 718 496;1;0;2;7;15;0
202000013527;154 718 497;10;0;9;2;15;1
202000013528;154 718 494;1;0;2;8;13;1
202000013528;154 718 495;7;0;2;1;17;1
202000013529;154 718 492;7;0;2;2;15;1
202000013529;154 718 493;1;0;2;1;19;5
202000013530;154 718 490;7;0;2;3;1;1
202000013530;154 718 491;7;0;2;1;1;1
202000013531;154 718 488;7;0;2;2;1;1
202000013531;154 718 489;7;0;2;2;13;1
202000013532;154 718 486;1;0;2;1;1;5
202000013532;154 718 487;10;0;2;1;1;0
202000013533;154 718 485;7;2;0;1;1;1
202000013534;154 718 484;7;1;1;3;17;1
202000013535;154 718 483;7;8;1;1;0;1
202000013536;154 718 482;3;8;0;1;0;1
202000013537;154 718 480;7;0;2;1;13;1
202000013537;154 718 481;7;0;2;1;1;1
202000013538;154 718 478;50;0;2;1;25;3
202000013538;154 718 479;7;0;2;0;0;1
202000013539;154 718 476;7;0;2;4;17;1
202000013539;154 718 477;7;0;2;4;17;1
202000013540;154 718 474;1;0;2;7;0;5
202000013540;154 718 475;7;0;2;3;9;1
202000013541;154 718 470;7;0;2;6;0;1
202000013541;154 718 471;7;0;2;6;0;1
202000013541;154 718 472;36;0;2;1;2;1
202000013541;154 718 473;7;0;2;6;0;1
202000013542;154 718 468;33;0;0;0;0;1
202000013542;154 718 469;7;0;0;0;15;1
202000013543;154 718 467;7;0;1;3;1;1
202000013544;154 718 466;33;2;0;0;1;1
202000013545;154 718 464;7;0;2;2;15;1
202000013545;154 718 465;33;0;2;1;1;1
202000013546;154 718 462;99;0;2;8;15;1
202000013546;154 718 463;30;0;2;1;1;1
202000013547;154 718 460;31;0;2;1;1;1
202000013547;154 718 461;7;0;2;1;15;1
202000013548;154 718 457;7;0;2;1;1;1
202000013548;154 718 458;7;0;2;4;1;1
202000013548;154 718 459;7;0;2;5;1;1
202000013549;154 718 456;7;12;0;1;1;1
202000013550;154 718 454;7;0;2;2;2;1
202000013550;154 718 455;7;0;2;6;23;1
202000013551;154 718 452;7;0;2;6;2;1
202000013551;154 718 453;7;0;2;1;2;1
202000013552;154 718 449;7;0;2;4;1;1
202000013552;154 718 450;7;0;2;1;1;1
202000013552;154 718 451;7;0;2;4;1;1
202000013553;154 718 448;30;12;0;1;14;1
202000013554;154 718 447;7;2;0;1;14;1
202000013555;154 718 445;7;0;2;2;1;1
202000013555;154 718 446;1;0;2;8;19;5
202000013556;154 718 443;7;0;2;3;15;1
202000013556;154 718 444;2;0;2;1;1;1
202000013557;154 718 441;7;1;1;2;1;1
202000013557;154 718 442;7;0;0;7;24;1
202000013558;154 718 439;7;0;2;1;2;0
202000013558;154 718 440;10;0;2;3;13;0
202000013559;154 718 437;7;0;2;0;0;1
202000013559;154 718 438;7;0;2;8;15;1
202000013560;154 718 435;7;1;2;7;24;0
202000013560;154 718 436;7;1;0;2;19;0
202000013561;154 718 434;7;0;1;2;0;0
202000013562;154 718 432;7;0;2;1;1;1
202000013562;154 718 433;30;0;1;0;26;1
202000013563;154 718 430;7;0;2;8;15;1
202000013563;154 718 431;33;0;2;2;17;1
202000013564;154 718 429;7;0;1;0;17;0
202000013565;154 718 427;10;0;2;2;1;0
202000013565;154 718 428;32;0;0;4;1;0
202000013566;154 718 425;31;0;2;1;2;1
202000013566;154 718 426;10;0;2;4;15;1
202000013567;154 718 424;30;0;0;7;0;1
202000013568;154 718 423;7;0;1;1;1;1
202000013569;154 718 421;30;0;2;1;1;1
202000013569;154 718 422;7;0;2;0;15;1
202000013570;154 718 420;10;0;1;2;1;1
202000013571;154 718 418;1;0;2;0;18;5
202000013571;154 718 419;7;0;2;2;12;1
202000013572;154 718 416;7;0;2;8;11;1
202000013572;154 718 417;32;0;2;2;17;1
202000013573;154 718 415;32;1;0;8;15;1
202000013574;154 718 413;1;0;2;1;1;5
202000013574;154 718 414;7;0;2;3;22;1
202000013575;154 718 411;7;0;2;6;1;1
202000013575;154 718 412;33;0;2;1;3;1
202000013576;154 718 410;37;0;1;2;7;3
202000013577;154 718 409;1;14;0;0;11;5
202000013578;154 718 408;50;0;0;0;1;3
202000013579;154 718 406;2;0;2;1;1;1
202000013579;154 718 407;7;0;2;8;1;1
202000013580;154 718 403;7;0;2;6;1;1
202000013580;154 718 404;7;0;2;1;1;1
202000013580;154 718 405;7;0;2;1;17;1
202000013581;154 718 401;7;0;2;8;1;0
202000013581;154 718 402;7;0;2;3;23;0
202000013582;154 718 400;7;0;1;7;1;1
202000013583;154 718 398;1;0;2;7;19;5
202000013583;154 718 399;31;0;2;1;1;1
202000013584;154 718 396;7;0;9;1;1;1
202000013584;154 718 397;31;0;9;1;26;1
202000013585;154 718 394;33;0;2;2;2;1
202000013585;154 718 395;7;11;2;3;15;1
202000013586;154 718 392;7;0;2;1;15;1
202000013586;154 718 393;10;0;2;3;1;1
202000013587;154 718 390;7;0;9;1;1;1
202000013587;154 718 391;34;0;2;7;1;1
202000013588;154 718 387;30;0;2;3;0;1
202000013588;154 718 388;7;0;2;3;1;1
202000013588;154 718 389;30;0;2;1;13;1
202000013589;154 718 385;7;0;2;3;10;1
202000013589;154 718 386;34;0;2;2;17;1
202000013590;154 718 384;7;0;1;5;20;0
202000013591;154 718 383;7;0;1;3;26;1
202000013592;154 718 382;7;0;1;1;2;1
202000013593;154 718 380;7;0;2;1;15;1
202000013593;154 718 381;7;0;2;3;23;1
202000013594;154 718 377;7;0;2;4;23;0
202000013594;154 718 378;7;0;2;4;2;1
202000013594;154 718 379;7;0;2;1;2;1
202000013595;154 718 375;7;0;2;2;9;1
202000013595;154 718 376;34;0;2;1;1;1
202000013596;154 718 373;10;0;2;8;10;0
202000013596;154 718 374;2;0;2;1;1;0
202000013597;154 718 372;30;8;0;2;14;1
202000013598;154 718 369;7;0;2;3;1;1
202000013598;154 718 370;34;0;2;2;1;1
202000013598;154 718 371;7;0;2;6;0;0
202000013599;154 718 367;7;4;0;8;1;1
202000013600;154 718 364;7;2;0;1;17;1
202000013601;154 718 361;7;0;2;5;17;1
202000013601;154 718 362;1;0;2;3;13;5
202000013602;154 718 357;7;0;2;4;23;1
202000013602;154 718 358;7;0;2;4;23;1
202000013602;154 718 359;7;0;2;4;23;1
202000013602;154 718 360;7;0;2;1;1;1
202000013603;154 718 355;2;0;2;1;5;1
202000013603;154 718 356;7;0;2;3;1;1
202000013604;154 718 354;33;0;0;3;26;1
202000013605;154 718 351;80;0;2;0;5;3
202000013605;154 718 352;7;0;2;0;1;1
202000013606;154 718 350;7;13;0;1;1;1
202000013607;154 718 349;33;6;6;1;1;1
202000013608;154 718 347;14;0;2;3;1;1
202000013608;154 718 348;7;0;2;3;13;1
202000013609;154 718 346;32;12;0;7;1;1
202000013610;154 718 345;7;2;0;3;14;1
202000013611;154 718 343;10;0;2;3;13;0
202000013611;154 718 344;31;0;2;8;21;0
202000013612;154 718 342;33;13;0;2;14;1
202000013613;154 718 340;7;0;0;4;23;1
202000013613;154 718 341;7;0;2;1;1;1
202000013614;154 718 338;2;0;2;1;1;1
202000013614;154 718 339;7;0;2;1;11;1
202000013615;154 718 336;7;0;9;1;1;1
202000013615;154 718 337;1;0;2;7;19;5
202000013616;154 718 334;21;0;2;3;13;1
202000013616;154 718 335;7;0;2;3;13;1
202000013617;154 718 332;1;0;2;1;1;5
202000013617;154 718 333;1;0;2;4;1;
202000013618;154 718 331;33;8;0;1;1;0
202000013619;154 718 324;2;0;0;8;1;1
202000013619;154 718 325;7;0;0;8;1;1
202000013620;154 718 319;33;0;0;3;26;1
202000013621;154 718 318;7;13;0;7;1;1
202000013622;154 718 316;7;0;2;3;15;1
202000013622;154 718 317;7;6;2;3;1;1
202000013623;154 718 315;33;0;0;8;1;1
202000013624;154 718 314;15;0;1;1;15;1
202000013625;154 718 312;7;0;2;2;15;1
202000013625;154 718 313;7;0;0;3;1;1
202000013626;154 718 310;7;0;2;3;15;1
202000013626;154 718 311;7;6;2;2;17;1
202000013627;154 718 309;7;15;0;1;21;6
202000013628;154 718 308;7;8;0;8;13;1
202000013629;154 718 307;7;0;0;0;0;1
202000013630;154 718 305;7;0;2;8;0;1
202000013630;154 718 306;99;0;2;1;1;1
202000013631;154 718 303;7;0;2;5;17;0
202000013631;154 718 304;7;0;0;6;2;0
202000013632;154 718 301;1;0;2;1;1;5
202000013632;154 718 302;7;0;9;3;1;1
202000013633;154 718 299;7;0;9;2;17;0
202000013633;154 718 300;1;0;2;4;1;6
202000013634;154 718 297;33;0;2;1;5;1
202000013634;154 718 298;7;0;2;1;21;1
202000013635;154 718 293;7;0;2;4;23;1
202000013635;154 718 294;7;0;2;1;1;1
202000013636;154 718 292;7;0;1;7;1;1
202000013637;154 718 290;7;0;2;1;0;1
202000013637;154 718 291;7;0;2;1;0;1
202000013638;154 718 288;7;0;2;3;1;0
202000013638;154 718 289;7;0;2;2;19;0
202000013639;154 718 287;7;2;0;1;1;1
202000013640;154 718 286;7;13;0;1;0;1
202000013641;154 718 284;7;0;2;1;1;1
202000013641;154 718 285;7;0;2;1;1;1
202000013642;154 718 283;10;0;0;3;0;1
202000013643;154 718 279;7;0;2;4;2;1
202000013643;154 718 280;7;0;2;4;2;1
202000013643;154 718 281;33;0;2;4;2;1
202000013643;154 718 282;7;0;2;1;2;1
202000013644;154 718 278;33;0;2;1;1;1
202000013645;154 718 277;33;14;0;7;1;0
202000013646;154 718 275;7;0;2;6;1;1
202000013646;154 718 276;7;0;2;3;1;1
202000013647;154 718 273;7;0;2;4;23;1
202000013647;154 718 274;7;1;0;1;2;1
202000013648;154 718 271;7;0;2;3;2;1
202000013648;154 718 272;10;4;2;4;2;1
202000013649;154 718 269;7;1;0;2;1;1
202000013649;154 718 270;7;0;2;6;23;1
202000013650;154 718 267;7;3;2;6;2;1
202000013650;154 718 268;7;0;2;1;1;1
202000013651;154 718 265;33;0;2;3;3;1
202000013651;154 718 266;7;0;2;6;1;1
202000013652;154 718 262;7;0;2;4;2;1
202000013652;154 718 263;7;0;2;3;1;1
202000013652;154 718 264;33;0;2;1;12;1
202000013653;154 718 260;7;0;2;4;1;1
202000013653;154 718 261;10;0;2;1;2;1
202000013654;154 718 258;7;0;2;1;1;1
202000013654;154 718 259;7;0;2;6;17;1
202000013655;154 718 256;7;2;0;1;0;0
202000013656;154 718 255;10;0;1;2;15;1
202000013657;154 718 254;50;0;1;1;1;3
202000013658;154 718 252;7;0;2;2;23;1
202000013658;154 718 253;7;0;2;1;5;1
202000013659;154 718 249;7;0;2;1;1;1
202000013659;154 718 250;7;0;2;2;1;1
202000013659;154 718 251;7;0;2;8;16;1
202000013660;154 718 247;7;15;2;3;1;1
202000013660;154 718 248;7;0;2;1;1;1
202000013661;154 718 245;34;0;2;1;1;1
202000013661;154 718 246;7;0;2;3;15;1
202000013662;154 718 243;7;0;2;4;1;1
202000013662;154 718 244;7;0;2;1;2;1
202000013663;154 718 240;7;1;0;1;2;1
202000013663;154 718 241;7;1;0;1;2;1
202000013663;154 718 242;7;0;0;0;0;1
202000013664;154 718 239;7;6;0;1;16;0
202000013665;154 718 238;34;12;0;1;1;1
202000013666;154 718 237;7;0;1;7;1;1
202000013667;154 718 235;7;0;2;4;1;1
202000013667;154 718 236;7;0;2;1;1;1
202000013668;154 718 234;7;8;0;1;1;1
202000013669;154 718 232;7;0;2;4;2;1
202000013669;154 718 233;7;0;2;1;2;1
202000013670;154 718 230;7;0;2;3;26;1
202000013670;154 718 231;31;0;2;3;1;1
202000013671;154 718 229;10;1;0;2;1;1
202000013672;154 718 228;7;1;1;2;13;1
202000013673;154 718 226;7;0;2;0;0;0
202000013673;154 718 227;7;0;2;0;0;0
202000013674;154 718 222;33;0;2;2;11;1
202000013674;154 718 223;2;1;2;1;26;1
202000013675;154 718 221;2;0;0;8;1;1
202000013676;154 718 219;33;15;0;1;17;1
202000013676;154 718 220;7;0;2;3;15;1
202000013677;154 718 218;7;0;1;3;1;1
202000013678;154 718 216;1;0;2;0;1;0
202000013678;154 718 217;7;0;2;0;9;1
202000013679;154 718 215;33;12;0;1;1;1
202000013680;154 718 213;33;0;2;2;2;0
202000013680;154 718 214;10;0;2;8;15;0
202000013681;154 718 211;7;0;2;3;9;1
202000013681;154 718 212;33;0;2;3;1;1
202000013682;154 718 209;7;0;2;6;15;1
202000013682;154 718 210;30;0;2;2;21;1
202000013683;154 718 208;7;0;1;2;1;6
202000013684;154 718 207;7;12;0;1;1;1
202000013685;154 718 205;7;0;2;4;1;1
202000013685;154 718 206;7;0;2;1;2;1
202000013686;154 718 204;7;3;0;2;1;1
202000013687;154 718 203;7;14;0;0;0;1
202000013688;154 718 201;33;0;2;0;1;1
202000013688;154 718 202;7;0;2;3;10;1
202000013689;154 718 199;7;8;2;5;16;1
202000013689;154 718 200;7;0;2;3;1;1
202000013690;154 718 197;7;0;2;1;1;1
202000013690;154 718 198;20;0;2;8;11;0
202000013691;154 718 195;7;0;9;0;16;1
202000013691;154 718 196;60;0;2;8;1;5
202000013692;154 718 193;10;0;2;2;19;1
202000013692;154 718 194;10;0;2;1;1;1
202000013693;154 718 192;7;2;0;1;14;1
202000013694;154 718 189;7;0;2;4;2;1
202000013694;154 718 190;7;0;2;1;2;1
202000013694;154 718 191;7;0;2;4;2;1
202000013695;154 718 188;34;1;0;6;14;1
202000013696;154 718 186;99;0;2;0;23;0
202000013696;154 718 187;37;0;2;3;2;1
202000013697;154 718 184;7;0;2;3;15;0
202000013697;154 718 185;30;0;2;1;1;1
202000013698;154 718 182;37;0;9;7;1;1
202000013698;154 718 183;1;0;2;3;13;5
202000013699;154 718 181;3;0;1;0;26;0
202000013700;154 718 179;7;0;2;2;9;1
202000013700;154 718 180;31;16;2;1;1;1
202000013701;154 718 178;7;0;1;2;19;0
202000013702;154 718 176;32;0;2;1;1;1
202000013702;154 718 177;7;0;2;2;15;0
202000013703;154 718 174;3;0;2;1;9;1
202000013703;154 718 175;7;0;2;3;16;1
202000013704;154 718 173;7;0;1;2;26;1
202000013705;154 718 171;7;0;0;4;1;1
202000013705;154 718 172;37;0;2;1;1;0
202000013706;154 718 170;7;0;1;3;26;0
202000013707;154 718 168;10;0;2;1;1;1
202000013707;154 718 169;10;0;2;1;1;1
202000013708;154 718 167;31;0;2;2;1;1
202000013709;154 718 166;7;0;0;1;0;1
202000013710;154 718 164;10;0;2;2;3;1
202000013710;154 718 165;10;0;2;6;1;1
202000013711;154 718 162;7;0;2;1;1;1
202000013711;154 718 163;7;0;2;4;2;1
202000013712;154 718 160;7;0;2;3;1;1
202000013712;154 718 161;7;0;2;2;12;1
202000013713;154 718 159;7;4;0;3;13;1
202000013714;154 718 157;10;0;2;2;15;1
202000013714;154 718 158;2;0;2;1;1;1
202000013715;154 718 155;7;0;2;1;1;1
202000013715;154 718 156;7;0;2;9;1;1
202000013716;154 718 154;33;0;0;1;15;1
202000013717;154 718 153;2;14;0;1;1;1
202000013718;154 718 151;33;0;2;8;1;0
202000013718;154 718 152;7;0;2;7;16;0
202000013719;154 718 149;33;0;2;1;2;1
202000013719;154 718 150;7;14;0;4;0;1
202000013720;154 718 148;34;0;0;8;26;1
202000013721;154 718 146;7;0;2;4;14;1
202000013721;154 718 147;7;0;2;3;1;0
202000013722;154 718 144;32;0;2;1;15;0
202000013722;154 718 145;33;0;2;1;1;0
202000013723;154 718 142;2;0;2;4;1;1
202000013723;154 718 143;7;0;2;1;1;1
202000013724;154 718 140;33;0;2;1;9;1
202000013724;154 718 141;7;0;2;2;1;1
202000013725;154 718 139;30;0;1;1;1;0
202000013726;154 718 137;33;0;2;1;1;1
202000013726;154 718 138;7;0;2;8;15;1
202000013727;154 718 135;7;0;2;3;1;1
202000013727;154 718 136;30;0;2;1;15;1
202000013728;154 718 133;2;0;2;1;17;1
202000013728;154 718 134;7;0;2;1;1;1
202000013729;154 718 132;37;0;1;5;1;1
202000013730;154 718 130;33;0;2;1;1;1
202000013730;154 718 131;7;0;2;7;15;1
202000013731;154 718 128;1;0;2;1;26;5
202000013731;154 718 129;7;0;9;7;15;1
202000013732;154 718 127;7;0;1;1;1;1
202000013733;154 718 126;36;2;0;1;26;1
202000013734;154 718 124;33;0;2;7;9;1
202000013734;154 718 125;7;1;2;3;9;1
202000013735;154 718 122;40;0;2;7;1;3
202000013735;154 718 123;1;0;4;1;19;5
202000013736;154 718 120;7;0;2;1;1;1
202000013736;154 718 121;7;0;2;1;1;1
202000013737;154 718 118;15;0;2;1;1;1
202000013737;154 718 119;15;0;2;4;2;1
202000013738;154 718 116;7;0;2;3;15;1
202000013738;154 718 117;33;0;2;1;1;1
202000013739;154 718 114;7;0;2;7;16;1
202000013739;154 718 115;2;0;2;8;18;1
202000013740;154 718 113;30;11;0;1;16;1
202000013741;154 718 111;33;0;2;7;17;1
202000013741;154 718 112;30;0;2;8;11;1
202000013742;154 718 110;32;0;0;7;16;1
202000013743;154 718 108;2;0;2;3;21;1
202000013743;154 718 109;7;0;2;3;9;1
202000013744;154 718 107;30;12;0;8;13;1
202000013745;154 718 105;7;0;2;1;15;1
202000013745;154 718 106;33;0;2;1;1;1
202000013746;154 718 103;14;0;2;3;15;1
202000013746;154 718 104;34;0;2;1;17;1
202000013747;154 718 101;32;0;0;0;17;1
202000013747;154 718 102;10;0;0;0;0;0
202000013748;154 718 099;1;0;2;8;15;6
202000013748;154 718 100;7;0;9;1;16;1
202000013749;154 718 097;80;0;2;1;1;3
202000013749;154 718 098;7;0;2;3;15;1
202000013750;154 718 095;7;0;2;5;17;1
202000013750;154 718 096;33;0;2;3;11;1
202000013751;154 718 093;2;0;2;1;18;1
202000013751;154 718 094;7;0;2;5;1;1
202000013752;154 718 091;1;0;2;7;1;5
202000013752;154 718 092;7;0;2;7;23;1
202000013753;154 718 090;2;0;0;7;1;1
202000013754;154 718 088;7;0;;1;1;
202000013754;154 718 089;1;0;;1;1;
202000013755;154 718 086;1;0;2;1;13;5
202000013755;154 718 087;50;0;2;1;14;3
202000013756;154 718 084;7;0;2;3;1;1
202000013756;154 718 085;7;10;2;1;2;1
202000013757;154 718 083;31;0;1;2;1;1
202000013758;154 718 080;7;0;2;3;1;1
202000013758;154 718 081;7;1;2;6;11;1
202000013758;154 718 082;7;0;2;2;1;1
202000013759;154 718 079;7;0;1;4;20;1
202000013760;154 718 077;2;0;2;1;11;0
202000013760;154 718 078;1;0;0;4;2;5
202000013761;154 718 075;7;0;2;1;9;1
202000013761;154 718 076;32;0;2;4;1;1
202000013762;154 718 073;7;0;2;4;2;1
202000013762;154 718 074;7;0;2;1;2;1
202000013763;154 718 072;1;0;0;1;1;5
202000013764;154 718 070;1;0;2;1;1;5
202000013764;154 718 071;10;0;2;3;15;1
202000013765;154 718 068;7;0;2;3;23;1
202000013765;154 718 069;7;0;2;3;1;1
202000013766;154 718 066;7;0;0;0;0;0
202000013766;154 718 067;7;0;2;8;1;1
202000013767;154 718 064;7;0;2;1;2;1
202000013767;154 718 065;7;0;2;4;0;1
202000013768;154 718 062;7;0;2;9;16;1
202000013768;154 718 063;14;0;2;3;1;1
202000013769;154 718 061;7;8;0;1;4;1
202000013770;154 718 059;7;0;2;1;0;1
202000013770;154 718 060;7;0;2;0;0;0
202000013771;154 718 057;7;0;2;6;15;1
202000013771;154 718 058;7;0;2;2;1;1
202000013772;154 718 055;60;0;2;1;2;5
202000013772;154 718 056;1;0;2;1;2;5
202000013773;154 718 054;7;0;1;3;1;1
202000013774;154 718 052;3;0;2;6;9;1
202000013774;154 718 053;32;0;2;1;1;1
202000013775;154 718 050;10;0;2;3;15;1
202000013775;154 718 051;33;0;2;1;1;1
202000013776;154 718 048;7;0;2;1;2;1
202000013776;154 718 049;34;0;2;4;2;1
202000013777;154 718 046;7;0;2;1;1;1
202000013777;154 718 047;3;0;0;1;13;0
202000013778;154 718 045;32;0;1;2;1;3
202000013779;154 718 043;2;0;2;4;15;1
202000013779;154 718 044;7;0;2;2;1;1
202000013780;154 718 040;7;0;2;4;1;1
202000013780;154 718 041;7;0;2;9;1;1
202000013780;154 718 042;7;0;2;1;1;1
202000013781;154 718 038;50;0;2;3;26;3
202000013781;154 718 039;2;0;2;3;15;1
202000013782;154 718 036;2;0;2;8;1;1
202000013782;154 718 037;7;0;2;3;15;1
202000013783;154 718 035;10;0;1;4;4;1
202000013784;154 718 033;2;0;2;4;15;1
202000013784;154 718 034;7;0;2;1;1;1
202000013785;154 718 032;7;0;1;1;1;1
202000013786;154 718 030;7;0;2;7;15;1
202000013786;154 718 031;32;0;2;1;1;1
202000013787;154 718 027;30;0;2;4;23;1
202000013787;154 718 028;7;0;2;4;23;1
202000013787;154 718 029;7;0;2;1;2;1
202000013788;154 718 025;10;0;2;3;9;1
202000013788;154 718 026;1;0;2;7;1;5
202000013789;154 718 023;10;0;2;2;2;1
202000013789;154 718 024;7;0;2;6;23;1
202000013790;154 718 021;7;0;2;2;1;1
202000013790;154 718 022;10;0;2;2;9;1
202000013791;154 718 020;32;0;0;7;21;1
202000013792;154 718 018;7;0;2;1;2;1
202000013792;154 718 019;7;0;2;6;2;1
202000013793;154 718 016;7;0;2;4;2;1
202000013793;154 718 017;30;0;2;4;23;1
202000013794;154 718 014;7;0;2;2;15;1
202000013794;154 718 015;30;0;2;1;1;1
202000013795;154 718 011;7;0;2;4;2;1
202000013795;154 718 012;14;0;2;1;2;1
202000013795;154 718 013;7;0;2;4;2;1
202000013796;154 718 009;7;0;2;2;23;2
202000013796;154 718 010;50;0;2;2;16;3
202000013797;154 718 007;1;0;2;3;1;5
202000013797;154 718 008;37;0;2;2;12;1
202000013798;154 718 005;7;0;2;7;1;1
202000013798;154 718 006;30;0;2;1;1;3
202000013799;154 718 004;1;0;0;0;15;5
202000013800;154 718 002;7;0;0;4;0;0
202000013800;154 718 003;30;0;0;1;0;0
202000013801;154 718 000;7;0;2;8;23;1
202000013801;154 718 001;2;0;2;1;26;3