Num_Acc;id_vehicule;categorie_vehicule;obstacle_fixe;obstacle_mobile;point_choc_initial;manoeuvre_principale;motorisation
202000013802;154 717 999;30;1;2;1;1;1
202000013803;154 717 997;7;0;2;3;15;1
202000013803;154 717 998;32;0;2;2;1;1
202000013804;154 717 995;2;0;2;4;1;0
202000013804;154 717 996;7;0;2;1;1;0
202000013805;154 717 993;7;0;2;1;26;1
202000013805;154 717 994;7;0;2;5;15;1
202000013806;154 717 991;2;0;2;1;0;1
202000013806;154 717 992;7;0;0;4;26;1
202000013807;154 717 989;7;0;2;2;2;1
202000013807;154 717 990;30;0;2;6;17;1
202000013808;154 717 987;7;0;2;1;15;1
202000013808;154 717 988;7;8;2;7;0;1
202000013809;154 717 986;7;0;1;2;1;1
202000013810;154 717 985;10;0;1;4;4;0
202000013811;154 717 983;10;0;2;1;2;3
202000013811;154 717 984;32;0;2;4;2;1
202000013812;154 717 982;30;0;2;1;21;1
202000013813;154 717 980;30;0;2;1;2;1
202000013813;154 717 981;7;0;2;4;2;1
202000013814;154 717 978;50;0;2;1;19;3
202000013814;154 717 979;7;0;2;7;1;1
202000013815;154 717 977;50;0;0;2;1;3
202000013816;154 717 974;7;0;2;1;2;1
202000013816;154 717 975;10;0;2;4;2;1
202000013816;154 717 976;7;0;9;4;2;1
202000013817;154 717 972;7;0;2;1;1;2
202000013817;154 717 973;7;16;2;5;5;0
202000013818;154 717 971;31;12;0;1;1;1
202000013819;154 717 970;7;0;1;1;1;0
202000013820;154 717 969;10;13;0;1;1;1
202000013821;154 717 968;2;6;0;3;13;0
202000013822;154 717 967;10;2;0;1;19;0
202000013823;154 717 965;7;0;2;2;2;0
202000013823;154 717 966;30;0;0;4;2;0
202000013824;154 717 964;7;3;0;3;1;1
202000013825;154 717 962;33;0;2;8;1;1
202000013825;154 717 963;7;0;2;1;17;0
202000013826;154 717 960;7;0;2;3;1;1
202000013826;154 717 961;7;0;2;3;1;1
202000013827;154 717 959;33;13;0;1;1;1
202000013828;154 717 957;7;6;0;2;1;1
202000013829;154 717 956;3;0;0;0;1;1
202000013830;154 717 954;7;0;2;8;26;1
202000013830;154 717 955;33;0;2;8;1;1
202000013831;154 717 953;1;0;0;9;1;5
202000013832;154 717 951;7;0;2;3;1;1
202000013832;154 717 952;7;0;2;3;13;1
202000013833;154 717 950;7;6;0;3;1;1
202000013834;154 717 948;7;0;2;1;0;1
202000013834;154 717 949;7;0;2;1;0;1
202000013835;154 717 946;33;0;2;7;1;1
202000013835;154 717 947;7;0;2;3;9;1
202000013836;154 717 944;2;0;2;6;15;1
202000013836;154 717 945;10;0;2;2;2;1
202000013837;154 717 943;7;6;0;1;6;1
202000013838;154 717 941;7;0;2;8;1;1
202000013838;154 717 942;7;0;2;1;19;1
202000013839;154 717 940;1;12;0;0;1;5
202000013840;154 717 938;7;0;2;8;15;1
202000013840;154 717 939;30;0;2;1;13;1
202000013841;154 717 937;31;2;0;1;0;1
202000013842;154 717 936;33;7;0;1;0;1
202000013843;154 717 935;7;13;0;1;1;1
202000013844;154 717 933;33;0;2;1;9;1
202000013844;154 717 934;7;0;2;6;1;1
202000013845;154 717 931;2;0;2;1;1;1
202000013845;154 717 932;7;0;2;7;1;1
202000013846;154 717 930;7;5;0;1;14;1
202000013847;154 717 929;33;2;0;0;1;1
202000013848;154 717 928;7;15;0;2;1;1
202000013849;154 717 927;2;1;0;1;1;1
202000013850;154 717 925;10;0;2;3;1;1
202000013850;154 717 926;17;0;2;6;1;0
202000013851;154 717 924;7;13;0;0;0;1
202000013852;154 717 922;7;0;2;1;1;1
202000013852;154 717 923;1;0;0;4;1;5
202000013853;154 717 920;7;0;2;2;2;1
202000013853;154 717 921;7;0;0;6;2;1
202000013854;154 717 918;43;0;2;1;1;1
202000013854;154 717 919;1;0;2;8;9;5
202000013855;154 717 916;32;0;2;2;17;1
202000013855;154 717 917;7;0;0;8;15;1
202000013856;154 717 915;7;2;1;2;20;1
202000013857;154 717 914;33;13;0;1;1;1
202000013858;154 717 913;33;0;0;0;1;1
202000013859;154 717 912;7;13;0;1;13;1
202000013860;154 717 910;7;0;2;1;15;1
202000013860;154 717 911;1;0;2;1;1;5
202000013861;154 717 909;7;1;0;2;14;1
202000013862;154 717 907;7;0;2;8;23;1
202000013862;154 717 908;30;0;2;0;14;1
202000013863;154 717 904;33;12;2;3;14;1
202000013863;154 717 905;1;0;2;2;1;5
202000013863;154 717 906;1;0;2;3;1;5
202000013864;154 717 902;32;0;2;1;1;1
202000013864;154 717 903;7;0;2;1;9;1
202000013865;154 717 900;7;0;2;3;1;1
202000013865;154 717 901;1;0;2;1;1;5
202000013866;154 717 898;7;0;2;3;15;1
202000013866;154 717 899;43;0;2;1;1;1
202000013867;154 717 897;7;0;1;1;1;1
202000013868;154 717 896;30;1;0;5;14;3
202000013869;154 717 894;33;0;2;1;17;1
202000013869;154 717 895;7;0;2;6;13;1
202000013870;154 717 893;1;0;0;1;7;5
202000013871;154 717 892;30;12;0;1;14;1
202000013872;154 717 890;7;0;2;3;10;1
202000013872;154 717 891;80;0;2;3;15;3
202000013873;154 717 888;7;0;2;1;2;1
202000013873;154 717 889;7;0;2;1;11;1
202000013874;154 717 887;7;0;1;1;1;1
202000013875;154 717 885;7;0;2;2;2;1
202000013875;154 717 886;7;0;2;8;20;1
202000013876;154 717 883;1;0;9;2;25;5
202000013876;154 717 884;50;0;9;1;25;3
202000013877;154 717 882;10;0;1;2;1;1
202000013878;154 717 880;7;0;1;3;15;1
202000013878;154 717 881;31;0;0;0;0;1
202000013879;154 717 879;10;0;1;5;26;1
202000013880;154 717 878;20;7;0;5;4;1
202000013881;154 717 877;10;0;1;2;1;1
202000013882;154 717 876;30;14;9;1;1;1
202000013883;154 717 870;7;1;0;8;3;1
202000013883;154 717 871;7;3;0;7;21;1
202000013883;154 717 872;7;1;0;3;2;1
202000013883;154 717 873;7;1;0;3;2;1
202000013883;154 717 874;7;1;0;2;2;1
202000013883;154 717 875;7;3;6;3;21;1
202000013884;154 717 868;7;0;2;1;1;1
202000013884;154 717 869;7;0;2;1;5;1
202000013885;154 717 866;10;0;2;6;15;1
202000013885;154 717 867;32;0;2;1;1;1
202000013886;154 717 864;15;0;2;8;1;1
202000013886;154 717 865;7;0;2;5;15;1
202000013887;154 717 862;39;0;2;2;1;3
202000013887;154 717 863;7;0;4;5;26;1
202000013888;154 717 860;7;0;2;8;1;1
202000013888;154 717 861;7;0;2;8;13;1
202000013889;154 717 859;7;0;1;1;15;1
202000013890;154 717 858;7;0;0;1;1;1
202000013891;154 717 856;2;0;6;3;0;1
202000013892;154 717 854;33;0;2;2;1;1
202000013892;154 717 855;7;0;2;8;26;1
202000013893;154 717 853;7;0;1;1;0;1
202000013894;154 717 851;7;0;2;3;15;1
202000013894;154 717 852;33;0;2;1;1;1
202000013895;154 717 850;7;13;0;1;19;1
202000013896;154 717 849;33;16;0;0;1;1
202000013897;154 717 848;33;0;0;1;1;1
202000013898;154 717 846;7;0;2;3;1;1
202000013898;154 717 847;7;0;2;3;13;1
202000013899;154 717 845;7;13;0;7;1;1
202000013900;154 717 844;2;0;0;7;15;1
202000013901;154 717 842;33;0;2;1;1;1
202000013901;154 717 843;10;0;2;8;9;1
202000013902;154 717 841;7;0;1;2;2;1
202000013903;154 717 838;7;0;0;4;2;1
202000013903;154 717 839;7;0;0;4;2;1
202000013903;154 717 840;7;0;2;1;2;1
202000013904;154 717 836;15;0;0;4;2;0
202000013904;154 717 837;7;0;2;1;2;0
202000013905;154 717 833;7;0;2;3;13;1
202000013905;154 717 834;7;0;2;3;1;1
202000013906;154 717 832;7;0;0;9;0;1
202000013907;154 717 830;17;0;2;5;19;1
202000013907;154 717 831;10;0;2;1;1;1
202000013908;154 717 829;33;16;0;1;17;0
202000013909;154 717 827;33;0;2;1;17;1
202000013909;154 717 828;7;0;2;3;15;1
202000013910;154 717 826;33;0;0;1;0;1
202000013911;154 717 824;7;0;2;3;13;1
202000013911;154 717 825;7;0;2;3;1;0
202000013912;154 717 823;7;2;0;1;13;1
202000013913;154 717 821;7;6;0;8;1;1
202000013913;154 717 822;7;0;2;2;9;1
202000013914;154 717 819;7;0;2;3;13;0
202000013914;154 717 820;7;0;2;3;1;0
202000013915;154 717 817;33;0;2;1;1;1
202000013915;154 717 818;7;0;2;2;15;1
202000013916;154 717 816;7;8;0;1;13;1
202000013917;154 717 815;7;14;0;1;1;1
202000013918;154 717 814;7;2;0;3;13;1
202000013919;154 717 812;7;0;2;1;1;1
202000013919;154 717 813;7;0;2;1;17;1
202000013920;154 717 810;17;0;2;1;2;1
202000013920;154 717 811;7;0;2;4;1;1
202000013921;154 717 808;7;0;2;6;1;1
202000013921;154 717 809;7;0;2;2;14;1
202000013922;154 717 804;7;0;2;1;2;1
202000013922;154 717 805;7;0;2;4;2;1
202000013922;154 717 806;7;0;2;4;2;1
202000013922;154 717 807;7;0;2;4;2;1
202000013923;154 717 803;7;4;0;1;1;1
202000013924;154 717 802;7;4;0;1;1;1
202000013925;154 717 801;7;3;2;3;2;1
202000013926;154 717 800;7;4;0;1;26;1
202000013927;154 717 798;7;0;2;7;9;1
202000013927;154 717 799;33;4;2;5;2;1
202000013928;154 717 797;7;4;0;1;1;1
202000013929;154 717 794;7;0;2;1;2;1
202000013929;154 717 795;7;0;2;4;2;1
202000013929;154 717 796;7;0;2;4;1;1
202000013930;154 717 793;33;0;0;7;1;1
202000013931;154 717 792;7;4;0;0;0;1
202000013932;154 717 790;7;0;2;2;2;1
202000013932;154 717 791;7;0;2;4;2;1
202000013933;154 717 789;33;3;0;9;17;1
202000013934;154 717 787;10;0;2;3;1;1
202000013934;154 717 788;30;0;2;1;2;1
202000013935;154 717 786;7;0;1;2;1;6
202000013936;154 717 784;7;0;0;8;15;1
202000013936;154 717 785;2;0;0;1;3;1
202000013937;154 717 783;7;0;1;2;1;1
202000013938;154 717 782;10;0;1;4;4;
202000013939;154 717 780;7;0;2;2;19;1
202000013939;154 717 781;7;0;2;7;15;1
202000013940;154 717 778;7;0;0;4;1;1
202000013940;154 717 779;7;0;2;1;2;1
202000013941;154 717 776;7;0;2;1;9;1
202000013941;154 717 777;2;0;2;2;1;1
202000013942;154 717 774;10;0;2;1;1;1
202000013942;154 717 775;7;0;2;1;15;1
202000013943;154 717 773;7;10;0;9;2;1
202000013944;154 717 772;7;0;0;0;26;0
202000013945;154 717 770;30;0;2;1;1;1
202000013945;154 717 771;7;0;2;7;1;1
202000013946;154 717 768;1;0;2;1;0;5
202000013946;154 717 769;7;0;2;2;13;1
202000013947;154 717 766;1;0;2;0;0;0
202000013947;154 717 767;7;0;2;7;12;0
202000013948;154 717 764;7;0;2;8;1;1
202000013948;154 717 765;7;0;2;1;1;1
202000013949;154 717 763;31;12;0;1;1;6
202000013950;154 717 762;7;0;1;1;26;6
202000013951;154 717 760;2;0;2;1;1;1
202000013951;154 717 761;7;0;2;2;15;1
202000013952;154 717 758;33;0;2;1;1;1
202000013952;154 717 759;7;0;2;8;19;1
202000013953;154 717 757;7;0;1;2;17;0
202000013954;154 717 756;31;1;0;0;14;1
202000013955;154 717 754;7;0;2;1;16;1
202000013955;154 717 755;7;0;2;1;15;1
202000013956;154 717 752;7;0;2;2;15;1
202000013956;154 717 753;7;0;2;3;13;1
202000013957;154 717 750;1;0;2;8;2;5
202000013957;154 717 751;7;0;2;7;17;1
202000013958;154 717 748;33;0;2;1;2;1
202000013958;154 717 749;7;0;2;4;2;1
202000013959;154 717 746;7;0;2;1;16;1
202000013959;154 717 747;7;0;2;1;1;1
202000013960;154 717 744;7;0;2;4;1;1
202000013960;154 717 745;33;0;2;1;1;1
202000013961;154 717 743;7;12;0;1;2;0
202000013962;154 717 741;37;0;2;2;1;0
202000013962;154 717 742;7;0;2;1;19;0
202000013963;154 717 740;7;14;0;1;13;1
202000013964;154 717 738;2;0;2;3;2;1
202000013964;154 717 739;7;0;2;5;17;1
202000013965;154 717 735;7;0;1;3;15;1
202000013966;154 717 733;7;0;2;1;1;1
202000013966;154 717 734;7;0;2;4;1;1
202000013967;154 717 731;7;0;0;0;0;0
202000013967;154 717 732;33;3;2;2;9;1
202000013968;154 717 729;30;0;2;1;1;1
202000013968;154 717 730;7;0;9;1;1;1
202000013969;154 717 726;7;0;2;4;2;1
202000013969;154 717 727;3;0;2;1;1;1
202000013969;154 717 728;7;0;2;1;1;1
202000013970;154 717 724;7;0;2;2;2;1
202000013970;154 717 725;7;0;2;4;2;1
202000013971;154 717 721;7;0;2;4;1;1
202000013971;154 717 722;7;0;2;1;2;1
202000013971;154 717 723;7;0;2;1;2;1
202000013972;154 717 718;43;8;0;2;0;1
202000013973;154 717 716;20;0;2;1;1;1
202000013973;154 717 717;7;0;2;3;19;1
202000013974;154 717 714;7;0;2;3;0;0
202000013974;154 717 715;7;0;2;4;0;0
202000013975;154 717 712;32;0;2;7;2;1
202000013975;154 717 713;7;0;2;8;17;1
202000013976;154 717 711;7;0;1;0;26;0
202000013977;154 717 709;7;0;2;2;1;1
202000013977;154 717 710;30;0;2;1;15;3
202000013978;154 717 706;7;0;2;1;2;1
202000013978;154 717 707;7;0;2;4;2;1
202000013978;154 717 708;7;0;2;4;2;1
202000013979;154 717 704;1;0;0;0;0;5
202000013979;154 717 705;7;0;0;0;0;1
202000013980;154 717 701;10;0;2;5;1;0
202000013980;154 717 702;33;0;2;3;13;1
202000013980;154 717 703;7;0;2;3;1;1
202000013981;154 717 699;10;0;2;5;1;1
202000013981;154 717 700;31;0;2;3;12;1
202000013982;154 717 697;7;0;2;4;1;1
202000013982;154 717 698;7;0;2;1;1;1
202000013983;154 717 695;7;0;2;5;12;1
202000013983;154 717 696;43;0;2;1;3;1
202000013984;154 717 693;30;0;2;3;18;1
202000013984;154 717 694;7;0;2;5;22;1
202000013985;154 717 691;30;0;2;3;17;1
202000013985;154 717 692;1;0;2;0;15;5
202000013986;154 717 689;7;0;2;1;5;1
202000013986;154 717 690;1;0;2;1;1;5
202000013987;154 717 687;33;0;2;1;1;1
202000013987;154 717 688;7;0;2;8;1;1
202000013988;154 717 686;32;0;0;2;16;1
202000013989;154 717 684;30;0;2;8;18;1
202000013989;154 717 685;7;0;2;2;1;1
202000013990;154 717 682;7;0;2;8;22;1
202000013990;154 717 683;1;0;2;1;1;5
202000013991;154 717 680;30;0;2;2;1;1
202000013991;154 717 681;7;0;2;6;9;1
202000013992;154 717 679;32;1;0;1;14;1
202000013993;154 717 677;7;7;2;0;1;1
202000013993;154 717 678;30;0;2;0;1;0
202000013994;154 717 675;7;0;2;2;15;1
202000013994;154 717 676;1;0;2;1;1;5
202000013995;154 717 672;10;0;2;1;15;1
202000013995;154 717 673;7;0;2;1;1;1
202000013995;154 717 674;7;0;2;3;15;1
202000013996;154 717 670;30;0;2;1;1;1
202000013996;154 717 671;7;0;2;3;9;1
202000013997;154 717 669;32;1;0;1;1;1
202000013998;154 717 667;7;0;2;0;16;1
202000013998;154 717 668;1;0;2;0;1;5
202000013999;154 717 666;1;14;0;1;13;5
202000014000;154 717 663;7;0;2;4;1;1
202000014000;154 717 664;7;0;2;1;1;1
202000014000;154 717 665;7;0;2;1;1;1
202000014001;154 717 661;7;0;2;7;16;1
202000014001;154 717 662;31;0;2;1;18;1
202000014002;154 717 659;7;0;2;0;0;0
202000014002;154 717 660;10;0;2;0;0;0
202000014003;154 717 658;34;0;1;1;1;1
202000014004;154 717 656;33;0;2;1;1;1
202000014004;154 717 657;7;0;2;8;10;1
202000014005;154 717 654;10;0;2;2;17;6
202000014005;154 717 655;37;0;2;3;15;0
202000014006;154 717 652;7;0;2;2;1;0
202000014006;154 717 653;7;0;2;1;15;0
202000014007;154 717 650;7;0;0;4;23;1
202000014007;154 717 651;7;0;2;1;2;1
202000014008;154 717 648;7;0;2;2;1;1
202000014008;154 717 649;7;0;2;3;9;1
202000014009;154 717 645;7;0;2;1;26;1
202000014009;154 717 646;7;1;0;4;2;1
202000014009;154 717 647;7;0;2;4;23;1
202000014010;154 717 644;7;4;0;9;12;0
202000014011;154 717 642;7;0;2;1;26;1
202000014011;154 717 643;7;0;2;8;1;1
202000014012;154 717 640;7;0;2;2;24;1
202000014012;154 717 641;2;0;2;8;18;1
202000014013;154 717 639;7;0;1;2;1;1
202000014014;154 717 638;7;17;0;1;0;1
202000014015;154 717 636;7;0;0;8;15;0
202000014015;154 717 637;7;0;2;1;17;1
202000014016;154 717 635;99;0;1;3;1;3
202000014017;154 717 634;7;17;0;1;1;1
202000014018;154 717 633;31;7;9;3;13;1
202000014019;154 717 632;2;12;0;1;26;1
202000014020;154 717 630;7;3;0;0;0;1
202000014020;154 717 631;7;3;1;0;0;1
202000014021;154 717 629;17;3;0;7;1;1
202000014022;154 717 628;2;12;0;9;1;1
202000014023;154 717 626;2;0;2;1;13;1
202000014023;154 717 627;7;0;2;2;1;1
202000014024;154 717 625;7;13;0;2;0;1
202000014025;154 717 624;7;7;0;1;1;1
202000014026;154 717 621;7;0;0;1;2;1
202000014026;154 717 622;7;0;2;2;2;1
202000014026;154 717 623;7;0;0;6;2;1
202000014027;154 717 620;7;13;0;3;1;1
202000014028;154 717 618;33;0;2;7;1;1
202000014028;154 717 619;7;0;2;3;13;1
202000014029;154 717 617;7;15;0;2;14;1
202000014030;154 717 615;7;0;2;7;17;1
202000014030;154 717 616;31;0;2;8;1;1
202000014031;154 717 613;7;0;2;3;13;1
202000014031;154 717 614;7;0;2;3;13;1
202000014032;154 717 611;7;0;2;1;13;1
202000014032;154 717 612;7;0;2;1;1;1
202000014033;154 717 608;7;0;2;8;1;1
202000014033;154 717 609;33;0;2;7;17;1
202000014033;154 717 610;7;0;2;3;1;1
202000014034;154 717 607;7;0;0;0;1;1
202000014035;154 717 605;7;0;2;1;13;1
202000014035;154 717 606;7;0;2;1;1;1
202000014036;154 717 604;10;0;1;2;1;0
202000014037;154 717 603;7;0;0;0;1;0
202000014038;154 717 602;7;6;0;1;1;1
202000014039;154 717 600;1;0;2;1;1;5
202000014039;154 717 601;7;0;2;3;1;1
202000014040;154 717 598;7;0;2;3;2;1
202000014040;154 717 599;7;0;0;4;2;1
202000014041;154 717 597;33;12;0;1;14;1
202000014042;154 717 595;10;0;2;8;17;1
202000014042;154 717 596;33;0;2;7;17;1
202000014043;154 717 593;10;0;2;2;1;1
202000014043;154 717 594;50;0;2;4;1;3
202000014044;154 717 591;7;0;0;4;23;1
202000014044;154 717 592;7;0;2;1;1;1
202000014045;154 717 589;7;0;2;1;13;1
202000014045;154 717 590;7;0;2;1;1;1
202000014046;154 717 587;31;0;2;0;5;1
202000014046;154 717 588;7;0;2;3;15;
202000014047;154 717 585;7;8;2;1;17;1
202000014047;154 717 586;2;0;2;4;15;1
202000014048;154 717 583;33;0;2;1;17;1
202000014048;154 717 584;7;0;2;8;15;1
202000014049;154 717 582;7;13;0;1;0;1
202000014050;154 717 580;1;0;2;6;1;0
202000014050;154 717 581;7;0;2;1;10;1
202000014051;154 717 579;33;0;0;7;16;1
202000014052;154 717 578;7;2;0;3;13;1
202000014053;154 717 575;7;0;2;1;13;1
202000014053;154 717 576;7;0;2;1;1;1
202000014053;154 717 577;7;0;2;1;1;1
202000014054;154 717 574;33;3;0;8;26;1
202000014055;154 717 573;7;4;0;1;1;1
202000014056;154 717 571;7;1;1;6;14;0
202000014056;154 717 572;7;1;1;6;20;6
202000014057;154 717 570;7;0;1;0;21;0
202000014058;154 717 568;7;0;2;3;1;1
202000014058;154 717 569;7;0;2;2;1;1
202000014059;154 717 567;7;6;2;9;21;1
202000014060;154 717 566;7;0;1;1;1;1
202000014061;154 717 565;7;8;0;1;20;1
202000014062;154 717 563;7;7;2;2;1;1
202000014062;154 717 564;7;7;2;1;0;1
202000014063;154 717 562;7;0;1;1;1;0
202000014064;154 717 561;7;0;1;2;1;0
202000014065;154 717 560;7;6;0;1;17;1
202000014066;154 717 559;7;0;1;3;26;1
202000014067;154 717 558;7;13;0;1;1;0
202000014068;154 717 557;7;2;0;1;1;0
202000014069;154 717 555;10;0;2;3;15;1
202000014069;154 717 556;7;0;2;1;1;1
202000014070;154 717 554;7;4;0;1;1;1
202000014071;154 717 552;7;0;2;3;1;1
202000014071;154 717 553;7;0;2;1;13;1
202000014072;154 717 551;10;8;0;8;12;1
202000014073;154 717 550;1;0;0;1;14;5
202000014074;154 717 549;7;0;1;3;1;1
202000014075;154 717 548;7;0;1;4;20;1
202000014076;154 717 546;33;0;2;6;1;1
202000014076;154 717 547;30;0;2;6;1;1
202000014077;154 717 544;7;0;2;7;1;0
202000014077;154 717 545;7;14;2;1;19;0
202000014078;154 717 542;7;0;2;7;1;1
202000014078;154 717 543;2;0;2;6;13;1
202000014079;154 717 541;7;14;0;0;9;1
202000014080;154 717 539;32;0;2;1;1;1
202000014080;154 717 540;1;0;2;3;15;5
202000014081;154 717 537;7;0;2;4;1;0
202000014081;154 717 538;30;0;2;1;1;0
202000014082;154 717 535;7;0;2;8;19;1
202000014082;154 717 536;7;0;2;1;19;1
202000014083;154 717 534;7;15;0;1;1;1
202000014084;154 717 533;7;0;0;0;14;1
202000014085;154 717 532;7;13;0;0;1;1
202000014086;154 717 531;2;12;0;1;2;0
202000014087;154 717 530;7;0;1;2;0;1
202000014088;154 717 526;7;0;2;2;0;1
202000014088;154 717 527;7;0;0;6;1;1
202000014088;154 717 528;7;0;2;1;1;1
202000014088;154 717 529;7;0;2;8;0;1
202000014089;154 717 524;7;0;2;3;1;1
202000014089;154 717 525;7;0;2;1;13;1
202000014090;154 717 522;2;0;2;8;2;1
202000014090;154 717 523;2;6;2;2;2;1
202000014091;154 717 520;7;0;2;5;17;1
202000014091;154 717 521;7;13;0;3;1;1
202000014092;154 717 519;7;13;0;2;1;1
202000014093;154 717 518;33;0;0;9;1;1
202000014094;154 717 516;7;0;2;3;17;1
202000014094;154 717 517;1;0;2;4;1;5
202000014095;154 717 514;7;0;2;8;14;0
202000014095;154 717 515;10;0;2;3;19;0
202000014096;154 717 511;33;0;2;3;0;1
202000014096;154 717 512;7;0;2;3;1;1
202000014097;154 717 510;10;0;1;4;4;1
202000014098;154 717 508;2;0;2;8;9;1
202000014098;154 717 509;7;0;2;2;1;1
202000014099;154 717 505;7;0;2;3;17;1
202000014099;154 717 506;7;0;2;8;2;1
202000014099;154 717 507;7;0;2;3;1;1
202000014100;154 717 504;7;12;0;1;14;1
202000014101;154 717 503;2;0;0;1;1;1
202000014102;154 717 502;7;2;0;9;1;1
202000014103;154 717 500;7;0;9;1;1;1
202000014103;154 717 501;21;0;9;6;1;1
202000014104;154 717 499;7;17;0;1;1;1
202000014105;154 717 498;2;13;0;1;14;1
202000014106;154 717 496;1;0;2;1;5;5
202000014106;154 717 497;7;0;0;3;1;1
202000014107;154 717 495;7;0;1;2;1;1
202000014108;154 717 494;15;0;0;7;14;1
202000014109;154 717 490;7;0;2;0;1;1
202000014109;154 717 491;7;0;2;0;1;1
202000014109;154 717 492;7;0;0;4;1;1
202000014109;154 717 493;7;0;2;1;1;1
202000014110;154 717 485;7;0;2;4;1;1
202000014110;154 717 486;7;0;2;4;1;1
202000014110;154 717 487;7;0;2;1;1;1
202000014110;154 717 488;7;0;0;4;1;1
202000014110;154 717 489;7;0;2;4;1;1
202000014111;154 717 484;7;2;0;2;14;1
202000014112;154 717 483;7;2;0;1;1;1
202000014113;154 717 481;10;0;2;9;2;1
202000014113;154 717 482;10;0;2;7;1;2
202000014114;154 717 479;7;0;2;1;2;1
202000014114;154 717 480;1;0;0;4;2;5
202000014115;154 717 476;7;6;0;1;0;1
202000014116;154 717 474;7;0;2;1;1;1
202000014116;154 717 475;7;0;2;1;1;1
202000014117;154 717 473;7;0;1;1;26;1
202000014118;154 717 471;33;0;2;1;1;1
202000014118;154 717 472;7;0;2;1;19;1
202000014119;154 717 470;7;13;0;1;1;1
202000014120;154 717 466;7;0;2;0;0;0
202000014120;154 717 467;7;0;2;2;1;1
202000014120;154 717 468;7;0;2;0;1;1
202000014120;154 717 469;7;14;2;1;1;1
202000014121;154 717 465;7;4;0;3;2;1
202000014122;154 717 463;7;0;2;3;13;0
202000014122;154 717 464;7;0;2;2;2;0
202000014123;154 717 461;7;0;2;2;21;0
202000014123;154 717 462;10;0;2;6;1;0
202000014124;154 717 459;2;0;2;1;1;1
202000014124;154 717 460;7;0;2;7;15;1
202000014125;154 717 457;7;0;2;8;15;1
202000014125;154 717 458;30;0;2;8;1;1
202000014126;154 717 456;7;0;1;5;20;1
202000014127;154 717 454;7;0;2;8;2;1
202000014127;154 717 455;7;0;2;1;9;1
202000014128;154 717 452;1;0;2;1;1;5
202000014128;154 717 453;10;0;2;6;1;1
202000014129;154 717 450;7;0;2;3;26;1
202000014129;154 717 451;60;0;2;0;0;5
202000014130;154 717 449;50;0;1;1;0;3
202000014131;154 717 448;10;0;1;3;1;1
202000014132;154 717 446;7;0;2;1;1;1
202000014132;154 717 447;7;0;2;1;13;1
202000014133;154 717 444;7;0;2;8;1;1
202000014133;154 717 445;3;0;2;1;9;1
202000014134;154 717 442;1;0;2;0;0;5
202000014134;154 717 443;10;0;2;3;0;1
202000014135;154 717 441;7;0;1;4;25;1
202000014136;154 717 440;7;6;0;1;14;1
202000014137;154 717 439;37;0;1;2;26;1
202000014138;154 717 438;7;0;1;3;1;1
202000014139;154 717 434;7;0;1;2;1;1
202000014140;154 717 430;10;0;2;3;11;1
202000014140;154 717 431;7;0;2;5;1;1
202000014140;154 717 432;7;0;2;8;23;1
202000014140;154 717 433;15;0;2;3;23;1
202000014141;154 717 428;7;0;2;3;13;1
202000014141;154 717 429;7;0;2;3;1;1
202000014142;154 717 426;7;0;2;1;15;1
202000014142;154 717 427;7;0;2;7;1;1
202000014143;154 717 424;7;0;2;2;15;1
202000014143;154 717 425;7;0;2;3;1;1
202000014144;154 717 422;33;0;2;1;1;1
202000014144;154 717 423;7;0;2;2;15;1
202000014145;154 717 420;7;0;2;0;0;0
202000014145;154 717 421;33;0;2;0;17;1
202000014146;154 717 419;7;0;1;2;19;0
202000014147;154 717 418;30;0;1;1;17;0
202000014148;154 717 417;7;0;1;3;1;1
202000014149;154 717 414;7;0;2;2;1;1
202000014149;154 717 415;7;0;2;6;1;1
202000014149;154 717 416;2;0;2;1;1;1
202000014150;154 717 413;10;0;1;6;15;0
202000014151;154 717 411;50;0;2;1;1;3
202000014151;154 717 412;7;0;9;1;15;1
202000014152;154 717 409;37;0;2;3;1;1
202000014152;154 717 410;7;0;2;0;7;1
202000014153;154 717 407;7;0;2;1;2;1
202000014153;154 717 408;7;0;2;4;2;1
202000014154;154 717 406;7;0;1;8;1;1
202000014155;154 717 403;7;0;2;4;23;0
202000014155;154 717 404;7;0;2;4;23;1
202000014155;154 717 405;7;0;2;1;2;1
202000014156;154 717 402;1;13;0;0;1;5
202000014157;154 717 400;1;0;2;1;1;5
202000014157;154 717 401;7;0;2;1;1;1
202000014158;154 717 398;7;0;2;1;13;1
202000014158;154 717 399;30;0;2;1;1;3
202000014159;154 717 396;7;0;2;2;16;1
202000014159;154 717 397;30;0;2;1;1;1
202000014160;154 717 394;7;0;2;2;2;1
202000014160;154 717 395;2;0;0;4;1;1
202000014161;154 717 393;7;0;1;7;1;1
202000014162;154 717 392;2;0;1;7;19;3
202000014163;154 717 391;7;13;0;0;1;1
202000014164;154 717 390;7;0;1;1;15;1
202000014165;154 717 388;7;0;2;1;1;1
202000014165;154 717 389;7;0;2;3;1;1
202000014166;154 717 386;31;0;2;7;19;1
202000014166;154 717 387;33;0;2;1;1;1