Num_Acc;id_vehicule;categorie_vehicule;obstacle_fixe;obstacle_mobile;point_choc_initial;manoeuvre_principale;motorisation
202000014167;154 717 384;7;0;2;8;1;1
202000014167;154 717 385;7;0;2;1;15;1
202000014168;154 717 382;1;0;2;1;1;5
202000014168;154 717 383;7;0;2;3;9;1
202000014169;154 717 381;37;0;1;2;1;1
202000014170;154 717 380;7;0;1;3;26;1
202000014171;154 717 378;7;0;2;2;16;1
202000014171;154 717 379;2;0;2;1;1;1
202000014172;154 717 376;7;0;2;1;23;1
202000014172;154 717 377;14;0;0;0;0;1
202000014173;154 717 374;2;0;2;2;17;0
202000014173;154 717 375;7;0;2;3;15;0
202000014174;154 717 373;7;0;1;1;26;1
202000014175;154 717 372;7;0;1;1;1;1
202000014176;154 717 370;30;0;2;1;1;1
202000014176;154 717 371;7;0;2;7;9;1
202000014177;154 717 369;7;4;0;1;14;1
202000014178;154 717 367;7;0;2;1;2;1
202000014178;154 717 368;7;0;2;4;2;1
202000014179;154 717 365;7;0;2;3;26;1
202000014179;154 717 366;30;0;2;1;15;1
202000014180;154 717 363;7;0;2;1;13;1
202000014180;154 717 364;30;0;2;1;1;1
202000014181;154 717 362;7;0;1;1;26;1
202000014182;154 717 361;43;0;1;1;1;1
202000014183;154 717 358;10;0;2;1;26;1
202000014183;154 717 359;7;0;9;4;23;1
202000014183;154 717 360;15;0;2;4;23;1
202000014184;154 717 357;7;7;0;1;21;1
202000014185;154 717 355;10;0;2;8;1;1
202000014185;154 717 356;7;0;2;1;13;1
202000014186;154 717 353;37;0;2;2;1;1
202000014186;154 717 354;7;0;2;3;1;1
202000014187;154 717 352;37;9;0;3;14;1
202000014188;154 717 350;7;0;2;8;22;1
202000014188;154 717 351;50;0;2;1;1;3
202000014189;154 717 348;32;0;2;1;1;1
202000014189;154 717 349;7;0;2;6;12;1
202000014190;154 717 347;7;0;1;2;24;1
202000014191;154 717 346;2;0;1;0;18;0
202000014192;154 717 344;10;0;2;3;10;1
202000014192;154 717 345;43;0;2;2;1;1
202000014193;154 717 343;30;0;1;0;1;0
202000014194;154 717 341;30;0;2;1;1;1
202000014194;154 717 342;7;0;2;4;1;1
202000014195;154 717 339;10;0;2;3;9;1
202000014195;154 717 340;30;0;2;1;17;1
202000014196;154 717 337;7;0;2;0;15;1
202000014196;154 717 338;7;0;2;0;16;1
202000014197;154 717 336;10;0;0;1;1;1
202000014198;154 717 335;10;0;1;4;4;0
202000014199;154 717 334;32;0;0;7;1;1
202000014200;154 717 333;34;8;0;1;1;0
202000014201;154 717 331;80;1;0;1;25;3
202000014201;154 717 332;7;0;9;8;24;1
202000014202;154 717 329;31;0;1;1;1;1
202000014202;154 717 330;7;1;0;6;20;1
202000014203;154 717 328;38;0;1;3;1;1
202000014204;154 717 327;1;14;0;0;9;5
202000014205;154 717 326;7;0;1;1;1;1
202000014206;154 717 324;2;0;2;1;1;1
202000014206;154 717 325;7;0;2;1;11;1
202000014207;154 717 322;7;0;2;3;15;1
202000014207;154 717 323;7;0;2;3;2;1
202000014208;154 717 320;7;0;2;1;1;1
202000014208;154 717 321;3;0;2;1;1;1
202000014209;154 717 318;32;0;2;3;0;0
202000014209;154 717 319;7;0;2;1;15;0
202000014210;154 717 317;60;14;0;0;17;5
202000014211;154 717 316;34;12;0;3;21;1
202000014212;154 717 315;7;1;0;1;14;2
202000014213;154 717 313;32;0;2;1;3;1
202000014213;154 717 314;7;0;2;8;1;1
202000014214;154 717 311;33;1;2;1;1;1
202000014214;154 717 312;7;1;2;7;15;1
202000014215;154 717 308;7;0;2;1;1;1
202000014215;154 717 309;7;15;2;4;1;1
202000014215;154 717 310;15;0;2;1;1;1
202000014216;154 717 306;7;0;2;7;1;1
202000014216;154 717 307;7;0;2;3;1;1
202000014217;154 717 305;7;0;1;3;1;0
202000014218;154 717 304;2;0;6;8;1;1
202000014219;154 717 302;7;3;0;4;2;1
202000014219;154 717 303;7;0;2;1;2;1
202000014220;154 717 301;7;13;0;2;1;1
202000014221;154 717 299;7;0;2;3;13;1
202000014221;154 717 300;7;0;2;3;1;1
202000014222;154 717 297;7;0;2;1;17;1
202000014222;154 717 298;2;0;2;1;1;1
202000014223;154 717 294;7;0;1;1;26;1
202000014224;154 717 293;1;14;0;1;11;5
202000014225;154 717 292;7;3;0;1;1;2
202000014226;154 717 290;7;0;2;3;17;1
202000014226;154 717 291;7;3;2;3;0;1
202000014227;154 717 288;10;0;9;7;2;1
202000014227;154 717 289;1;0;2;8;2;5
202000014228;154 717 286;7;0;2;1;1;1
202000014228;154 717 287;7;0;2;7;26;1
202000014229;154 717 284;7;0;2;5;15;0
202000014229;154 717 285;7;0;2;2;1;0
202000014230;154 717 282;7;0;2;3;13;0
202000014230;154 717 283;7;0;2;3;1;0
202000014231;154 717 281;7;2;0;1;1;1
202000014232;154 717 279;10;0;2;1;25;1
202000014232;154 717 280;1;0;2;7;19;5
202000014233;154 717 278;33;3;0;1;1;1
202000014234;154 717 277;7;8;0;3;1;1
202000014235;154 717 276;33;0;0;0;0;1
202000014236;154 717 275;33;0;0;7;0;1
202000014237;154 717 274;7;13;0;9;1;1
202000014238;154 717 273;7;0;1;3;1;1
202000014239;154 717 270;7;0;2;3;1;1
202000014239;154 717 271;7;0;2;6;2;1
202000014239;154 717 272;7;0;2;1;5;1
202000014240;154 717 269;7;0;1;2;1;1
202000014241;154 717 268;33;0;0;0;1;1
202000014242;154 717 266;7;0;0;4;1;5
202000014242;154 717 267;7;0;2;1;2;0
202000014243;154 717 265;7;1;0;1;15;0
202000014244;154 717 264;2;0;0;0;1;1
202000014245;154 717 263;7;2;0;2;0;1
202000014246;154 717 262;7;6;0;1;13;1
202000014247;154 717 261;7;13;0;2;21;1
202000014248;154 717 258;7;0;2;2;12;1
202000014248;154 717 259;7;0;2;4;1;1
202000014248;154 717 260;7;0;2;5;1;1
202000014249;154 717 256;7;0;2;3;13;1
202000014249;154 717 257;7;0;2;2;1;1
202000014250;154 717 255;32;14;0;1;21;1
202000014251;154 717 253;7;0;2;0;0;1
202000014251;154 717 254;1;0;2;4;1;5
202000014252;154 717 251;33;0;2;1;1;1
202000014252;154 717 252;7;0;2;7;15;1
202000014253;154 717 250;7;0;1;2;1;1
202000014254;154 717 249;7;0;1;1;1;0
202000014255;154 717 245;7;0;2;4;26;1
202000014255;154 717 246;7;0;2;1;2;1
202000014256;154 717 241;1;0;2;8;19;5
202000014256;154 717 242;2;0;2;1;2;0
202000014257;154 717 240;7;4;0;2;1;1
202000014258;154 717 239;7;1;1;1;1;3
202000014259;154 717 238;7;0;1;1;15;1
202000014260;154 717 237;7;0;1;3;1;1
202000014261;154 717 235;7;0;2;1;2;1
202000014261;154 717 236;1;0;2;4;2;5
202000014262;154 717 233;30;0;2;1;13;1
202000014262;154 717 234;7;0;2;1;1;1
202000014263;154 717 231;33;0;2;7;15;1
202000014263;154 717 232;30;0;2;3;1;1
202000014264;154 717 230;7;0;1;4;20;1
202000014265;154 717 228;7;0;2;3;15;1
202000014265;154 717 229;32;0;2;9;1;1
202000014266;154 717 226;7;0;2;8;1;1
202000014266;154 717 227;14;0;2;2;12;1
202000014267;154 717 224;7;0;2;8;13;1
202000014267;154 717 225;31;0;2;5;1;1
202000014268;154 717 223;10;0;1;7;1;1
202000014269;154 717 221;33;0;2;1;15;1
202000014269;154 717 222;30;0;2;8;1;1
202000014270;154 717 220;30;0;0;8;11;1
202000014271;154 717 218;7;0;2;0;1;0
202000014271;154 717 219;1;0;2;6;15;5
202000014272;154 717 216;7;0;2;3;1;1
202000014272;154 717 217;50;0;2;1;15;3
202000014273;154 717 214;33;0;2;7;15;1
202000014273;154 717 215;7;0;2;2;1;1
202000014274;154 717 212;7;0;2;2;8;1
202000014274;154 717 213;1;0;2;1;8;1
202000014275;154 717 210;7;0;2;7;17;1
202000014275;154 717 211;32;0;2;8;1;1
202000014276;154 717 208;13;0;2;1;1;1
202000014276;154 717 209;7;0;2;7;1;1
202000014277;154 717 206;10;0;2;0;16;1
202000014277;154 717 207;1;0;2;6;1;5
202000014278;154 717 204;50;0;2;2;15;3
202000014278;154 717 205;10;0;2;1;1;3
202000014279;154 717 203;13;0;1;3;1;1
202000014280;154 717 202;1;0;1;1;1;0
202000014281;154 717 200;33;0;2;4;1;1
202000014281;154 717 201;7;0;2;1;1;0
202000014282;154 717 198;7;12;0;8;1;0
202000014282;154 717 199;32;12;0;7;1;0
202000014283;154 717 196;14;0;2;2;15;1
202000014283;154 717 197;7;0;2;8;1;1
202000014284;154 717 194;13;0;2;4;1;1
202000014284;154 717 195;37;0;2;1;1;1
202000014285;154 717 193;7;0;1;1;1;1
202000014286;154 717 192;10;13;0;0;14;1
202000014287;154 717 189;33;0;2;7;17;0
202000014287;154 717 190;10;0;2;3;15;0
202000014287;154 717 191;37;0;2;1;0;0
202000014288;154 717 188;7;0;1;1;15;1
202000014289;154 717 187;20;8;5;2;26;1
202000014290;154 717 186;7;0;1;2;1;1
202000014291;154 717 185;30;8;0;1;13;3
202000014292;154 717 183;7;0;2;6;23;1
202000014292;154 717 184;30;0;2;1;2;1
202000014293;154 717 182;7;0;1;1;1;1
202000014294;154 717 181;2;0;0;0;1;0
202000014295;154 717 179;2;0;2;7;1;1
202000014295;154 717 180;10;0;2;3;15;1
202000014296;154 717 177;2;0;2;2;17;1
202000014296;154 717 178;7;0;2;3;15;1
202000014297;154 717 176;1;0;1;1;1;5
202000014298;154 717 175;7;0;1;1;15;1
202000014299;154 717 172;2;0;2;0;2;1
202000014299;154 717 173;7;0;2;0;13;0
202000014299;154 717 174;7;0;2;4;23;1
202000014300;154 717 171;30;0;1;1;17;0
202000014301;154 717 168;33;0;2;8;13;1
202000014301;154 717 169;37;0;2;3;1;1
202000014301;154 717 170;7;0;2;3;1;1
202000014302;154 717 166;7;0;0;5;15;1
202000014302;154 717 167;33;0;2;1;1;1
202000014303;154 717 164;7;0;2;3;1;1
202000014303;154 717 165;10;0;2;1;13;1
202000014304;154 717 163;15;13;0;1;1;1
202000014305;154 717 162;7;0;0;9;1;1
202000014306;154 717 161;7;0;1;1;1;1
202000014307;154 717 159;10;0;2;1;21;1
202000014307;154 717 160;2;0;2;4;1;1
202000014308;154 717 157;7;0;2;1;2;1
202000014308;154 717 158;15;0;0;4;2;1
202000014309;154 717 154;30;0;2;1;1;1
202000014309;154 717 155;7;0;0;4;15;1
202000014309;154 717 156;2;16;0;0;1;1
202000014310;154 717 153;7;2;0;3;14;1
202000014311;154 717 152;10;0;0;1;2;1
202000014312;154 717 150;7;0;0;1;1;0
202000014312;154 717 151;7;15;0;7;19;0
202000014313;154 717 148;2;0;2;1;1;1
202000014313;154 717 149;7;0;2;3;15;1
202000014314;154 717 147;10;0;1;3;1;1
202000014315;154 717 146;2;0;0;0;26;1
202000014316;154 717 144;30;0;2;3;1;1
202000014316;154 717 145;7;0;2;3;19;1
202000014317;154 717 143;7;6;0;1;2;1
202000014318;154 717 141;7;0;2;1;13;1
202000014318;154 717 142;7;0;2;1;1;1
202000014319;154 717 140;7;0;1;3;0;1
202000014320;154 717 138;7;0;2;7;1;1
202000014320;154 717 139;60;0;2;0;5;5
202000014321;154 717 137;7;0;1;8;1;1
202000014322;154 717 136;2;15;0;7;1;1
202000014323;154 717 135;7;13;0;3;2;1
202000014324;154 717 134;7;6;0;1;1;1
202000014325;154 717 132;7;0;0;4;2;0
202000014325;154 717 133;2;0;0;1;2;0
202000014326;154 717 131;10;0;1;1;15;3
202000014327;154 717 130;7;0;1;2;26;1
202000014328;154 717 129;50;0;0;0;0;3
202000014329;154 717 127;7;0;2;1;1;1
202000014329;154 717 128;7;0;2;1;13;1
202000014330;154 717 125;7;0;2;1;2;1
202000014330;154 717 126;7;0;0;4;1;1
202000014331;154 717 123;7;0;2;1;5;1
202000014331;154 717 124;17;3;2;1;1;1
202000014332;154 717 121;7;0;2;3;17;1
202000014332;154 717 122;1;0;2;4;19;5
202000014333;154 717 120;7;0;1;2;1;1
202000014334;154 717 119;2;0;0;7;11;1
202000014335;154 717 118;7;7;0;1;1;1
202000014336;154 717 117;7;0;1;2;16;0
202000014337;154 717 115;2;0;2;1;17;1
202000014337;154 717 116;7;0;2;3;15;1
202000014338;154 717 114;7;0;1;2;1;1
202000014339;154 717 111;7;0;2;1;0;1
202000014339;154 717 112;7;0;2;1;0;1
202000014339;154 717 113;7;0;2;3;0;1
202000014340;154 717 109;33;0;2;7;0;1
202000014340;154 717 110;7;0;2;3;9;1
202000014341;154 717 108;33;0;0;0;1;1
202000014342;154 717 107;7;15;0;3;1;0
202000014343;154 717 106;7;6;0;1;1;1
202000014344;154 717 103;10;0;2;1;14;1
202000014344;154 717 104;10;0;2;4;1;0
202000014344;154 717 105;10;0;2;1;2;1
202000014345;154 717 101;7;0;2;6;2;1
202000014345;154 717 102;15;0;2;1;12;1
202000014346;154 717 099;7;0;2;1;2;1
202000014346;154 717 100;7;0;2;6;23;1
202000014347;154 717 096;17;0;9;1;1;1
202000014347;154 717 097;7;0;2;1;0;0
202000014347;154 717 098;7;0;2;4;1;1
202000014348;154 717 093;7;0;2;1;1;1
202000014348;154 717 094;7;0;2;8;1;0
202000014348;154 717 095;17;0;2;2;12;1
202000014349;154 717 090;10;0;2;4;2;1
202000014349;154 717 091;10;0;2;1;2;0
202000014349;154 717 092;10;0;2;1;2;1
202000014350;154 717 087;14;0;2;2;12;1
202000014350;154 717 088;7;0;2;6;11;1
202000014350;154 717 089;15;0;2;2;1;1
202000014351;154 717 085;33;0;2;1;3;1
202000014351;154 717 086;10;0;2;7;12;1
202000014352;154 717 084;33;0;2;1;2;1
202000014353;154 717 081;15;0;2;3;2;1
202000014353;154 717 082;7;0;2;4;2;1
202000014353;154 717 083;7;0;2;3;14;1
202000014354;154 717 079;7;0;2;1;9;1
202000014354;154 717 080;7;0;2;2;0;1
202000014355;154 717 077;7;0;2;1;1;1
202000014355;154 717 078;7;0;2;2;15;1
202000014356;154 717 076;33;4;0;8;2;1
202000014357;154 717 075;7;0;1;2;1;3
202000014358;154 717 073;2;0;2;8;1;1
202000014358;154 717 074;7;0;2;7;1;1
202000014359;154 717 071;34;0;2;6;10;1
202000014359;154 717 072;30;0;2;1;1;1
202000014360;154 717 070;7;0;1;7;16;6
202000014361;154 717 068;2;0;2;8;2;1
202000014361;154 717 069;17;0;2;7;9;1
202000014362;154 717 065;7;0;2;1;13;1
202000014362;154 717 066;7;0;2;3;1;1
202000014362;154 717 067;7;0;2;3;1;1
202000014363;154 717 063;10;0;2;1;16;1
202000014363;154 717 064;50;0;2;1;1;3
202000014364;154 717 062;7;1;1;3;16;1
202000014365;154 717 060;32;0;2;1;1;1
202000014365;154 717 061;7;0;2;3;15;1
202000014366;154 717 059;32;13;0;9;26;1
202000014367;154 717 056;10;0;2;1;10;0
202000014367;154 717 057;10;0;2;5;13;0
202000014367;154 717 058;37;0;2;4;24;0
202000014368;154 717 052;7;0;2;3;18;1
202000014368;154 717 053;33;0;2;7;12;1
202000014369;154 717 048;7;0;2;4;1;1
202000014369;154 717 049;15;0;2;1;1;1
202000014370;154 717 045;7;0;2;2;15;1
202000014370;154 717 046;31;0;2;1;1;1
202000014370;154 717 047;7;0;2;1;1;1
202000014371;154 717 043;10;0;2;2;1;1
202000014371;154 717 044;10;0;2;3;15;1
202000014372;154 717 042;38;0;1;2;11;1
202000014373;154 717 041;30;0;0;2;1;1
202000014374;154 717 039;7;14;0;1;1;1
202000014374;154 717 040;32;0;2;0;0;1
202000014375;154 717 038;7;0;1;2;15;1
202000014376;154 717 037;10;8;0;4;26;1
202000014377;154 717 035;1;0;2;3;1;5
202000014377;154 717 036;7;0;2;1;15;0
202000014378;154 717 033;7;0;2;2;1;1
202000014378;154 717 034;1;0;2;3;15;5
202000014379;154 717 031;60;0;2;8;19;5
202000014379;154 717 032;3;0;9;1;11;1
202000014380;154 717 029;33;0;2;8;1;1
202000014380;154 717 030;7;0;2;1;16;1
202000014381;154 717 028;7;0;1;1;1;1
202000014382;154 717 026;2;0;2;1;18;1
202000014382;154 717 027;7;0;2;7;16;1
202000014383;154 717 024;33;0;2;1;1;1
202000014383;154 717 025;7;0;2;3;1;1
202000014384;154 717 023;7;8;1;1;1;1
202000014385;154 717 021;7;0;2;3;1;1
202000014385;154 717 022;7;0;2;3;13;1
202000014386;154 717 020;7;0;1;1;9;1
202000014387;154 717 018;7;0;2;7;1;1
202000014387;154 717 019;7;0;2;1;15;1
202000014388;154 717 017;7;15;0;2;1;1
202000014389;154 717 016;10;0;1;3;16;1
202000014390;154 717 015;7;0;1;2;1;1
202000014391;154 717 013;7;0;2;8;1;1
202000014391;154 717 014;7;0;2;1;1;1
202000014392;154 717 012;7;0;1;2;1;1
202000014393;154 717 011;1;0;0;0;26;5
202000014394;154 717 010;7;0;5;1;26;1
202000014395;154 717 009;7;0;1;1;16;1
202000014396;154 717 008;10;0;1;2;1;1
202000014397;154 717 006;14;0;2;6;1;1
202000014397;154 717 007;7;8;2;3;13;1
202000014398;154 717 003;7;0;2;1;0;3
202000014398;154 717 004;2;0;2;1;0;1
202000014398;154 717 005;7;0;2;0;0;0
202000014399;154 717 001;7;0;2;7;15;1
202000014399;154 717 002;33;0;2;3;1;0
202000014400;154 716 998;14;0;2;6;24;1
202000014400;154 716 999;7;0;2;1;1;1
202000014400;154 717 000;7;1;1;1;17;2
202000014401;154 716 996;33;0;2;1;1;0
202000014401;154 716 997;7;0;2;1;17;0
202000014402;154 716 994;7;0;2;3;16;1
202000014402;154 716 995;34;0;2;2;1;1
202000014403;154 716 992;7;0;0;3;10;0
202000014403;154 716 993;33;0;2;1;3;1
202000014404;154 716 990;7;0;2;1;1;1
202000014404;154 716 991;10;0;2;5;1;1
202000014405;154 716 987;7;0;1;3;1;1
202000014406;154 716 985;7;0;2;3;9;1
202000014406;154 716 986;34;0;2;2;1;1
202000014407;154 716 983;7;0;2;1;21;1
202000014407;154 716 984;7;0;2;1;5;1
202000014408;154 716 982;1;0;1;1;1;5
202000014409;154 716 981;7;0;1;1;1;0
202000014410;154 716 979;32;0;2;2;15;1
202000014410;154 716 980;7;0;2;3;13;1
202000014411;154 716 977;7;0;2;5;23;2
202000014411;154 716 978;7;0;2;3;2;1
202000014412;154 716 975;1;0;2;1;2;5
202000014412;154 716 976;7;0;2;4;23;0
202000014413;154 716 973;1;0;2;1;2;5
202000014413;154 716 974;7;0;2;8;22;1
202000014414;154 716 971;33;0;2;1;1;1
202000014414;154 716 972;7;0;2;3;4;1
202000014415;154 716 969;30;0;2;2;15;1
202000014415;154 716 970;32;0;2;1;1;1
202000014416;154 716 967;7;0;2;7;17;2
202000014416;154 716 968;1;0;2;8;15;5
202000014417;154 716 966;10;0;1;4;4;1
202000014418;154 716 965;7;0;1;5;4;0
202000014419;154 716 964;7;0;1;0;1;0
202000014420;154 716 963;30;0;1;1;1;1
202000014421;154 716 961;2;0;2;1;17;1
202000014421;154 716 962;7;0;2;3;15;1
202000014422;154 716 958;7;0;2;8;22;1
202000014422;154 716 959;10;14;0;3;1;1
202000014422;154 716 960;33;14;0;1;2;1
202000014423;154 716 956;99;0;2;2;15;1
202000014423;154 716 957;33;0;2;1;9;1
202000014424;154 716 955;33;0;1;1;9;1
202000014425;154 716 953;10;0;2;3;15;0
202000014425;154 716 954;10;0;2;1;1;0
202000014426;154 716 951;7;0;2;1;18;0
202000014426;154 716 952;7;0;0;0;0;0
202000014427;154 716 950;7;0;1;3;15;0
202000014428;154 716 949;33;0;1;0;21;1
202000014429;154 716 947;7;0;2;3;10;1
202000014429;154 716 948;33;0;2;0;1;1
202000014430;154 716 945;15;0;2;2;1;1
202000014430;154 716 946;33;0;2;8;15;1
202000014431;154 716 943;7;0;2;8;1;1
202000014431;154 716 944;0;0;2;1;1;0
202000014432;154 716 941;7;0;2;5;2;3
202000014432;154 716 942;30;0;2;1;2;1
202000014433;154 716 939;7;0;2;3;15;1
202000014433;154 716 940;31;0;2;2;1;1
202000014434;154 716 937;15;0;2;2;1;1
202000014434;154 716 938;2;0;2;1;13;1
202000014435;154 716 931;33;0;2;1;11;0
202000014435;154 716 932;10;0;2;5;1;0
202000014435;154 716 933;7;0;2;8;1;0
202000014435;154 716 934;33;0;2;1;5;0
202000014435;154 716 935;15;9;2;2;11;0
202000014435;154 716 936;7;3;2;2;5;0
202000014436;154 716 929;7;0;2;1;5;1
202000014436;154 716 930;7;0;2;1;0;1
202000014437;154 716 925;2;0;2;8;15;1
202000014437;154 716 926;7;0;2;3;1;1
202000014438;154 716 923;17;6;2;3;21;1
202000014438;154 716 924;20;0;2;3;13;1
202000014439;154 716 922;7;0;0;9;1;1
202000014440;154 716 920;7;0;2;3;13;1
202000014440;154 716 921;7;0;2;3;1;1
202000014441;154 716 919;7;3;0;9;1;0
202000014442;154 716 916;15;0;2;1;1;1
202000014442;154 716 917;7;0;0;6;23;1
202000014442;154 716 918;7;0;2;2;2;1
202000014443;154 716 914;7;0;2;1;1;1
202000014443;154 716 915;17;0;2;2;15;1
202000014444;154 716 912;7;0;2;1;13;0
202000014444;154 716 913;7;0;2;3;1;0
202000014445;154 716 911;7;3;0;3;17;1
202000014446;154 716 910;7;3;0;2;1;1
202000014447;154 716 909;7;3;0;1;13;1
202000014448;154 716 907;7;9;2;8;1;1
202000014448;154 716 908;7;0;2;1;1;1
202000014449;154 716 905;7;0;2;1;1;1
202000014449;154 716 906;7;0;2;8;15;1
202000014450;154 716 904;7;0;1;2;26;1
202000014451;154 716 902;99;0;0;4;2;6
202000014451;154 716 903;33;0;2;1;2;6
202000014452;154 716 901;33;15;0;1;0;1
202000014453;154 716 899;7;0;2;1;17;1
202000014453;154 716 900;17;0;0;8;1;1
202000014454;154 716 897;1;0;2;1;15;5
202000014454;154 716 898;7;0;2;2;1;1
202000014455;154 716 896;7;15;0;1;1;1
202000014456;154 716 895;7;0;1;2;1;0
202000014457;154 716 893;7;0;9;3;16;0
202000014457;154 716 894;1;0;2;7;12;5
202000014458;154 716 891;7;7;2;1;1;1
202000014458;154 716 892;7;0;2;7;13;1
202000014459;154 716 890;7;4;0;2;1;1
202000014460;154 716 888;10;0;0;6;0;1
202000014460;154 716 889;7;0;2;2;0;1
202000014461;154 716 885;7;0;2;1;1;1
202000014461;154 716 886;7;0;0;4;1;1
202000014461;154 716 887;7;0;2;4;1;1
202000014462;154 716 884;33;0;0;0;1;1
202000014463;154 716 883;7;0;1;1;1;0
202000014464;154 716 882;7;0;1;7;1;1
202000014465;154 716 879;30;0;2;1;17;1
202000014465;154 716 880;7;0;2;8;15;1
202000014466;154 716 878;7;0;0;9;14;1
202000014467;154 716 876;7;0;2;3;10;1
202000014467;154 716 877;7;0;2;2;2;1
202000014468;154 716 874;7;0;2;2;13;1
202000014468;154 716 875;7;0;2;3;1;1
202000014469;154 716 873;33;9;0;1;13;1
202000014470;154 716 871;7;0;9;7;0;0
202000014470;154 716 872;60;0;9;3;19;5
202000014471;154 716 869;7;0;2;2;1;1
202000014471;154 716 870;7;0;2;3;18;1
202000014472;154 716 867;7;0;2;5;23;1
202000014472;154 716 868;33;0;2;1;12;1
202000014473;154 716 866;32;0;0;1;1;1
202000014474;154 716 864;1;0;2;7;1;5
202000014474;154 716 865;7;0;2;6;1;1
202000014475;154 716 862;33;0;2;7;1;1
202000014475;154 716 863;7;0;2;7;1;1
202000014476;154 716 861;31;0;0;0;1;1
202000014477;154 716 859;7;0;2;3;16;1
202000014477;154 716 860;34;6;2;1;15;1
202000014478;154 716 858;7;0;1;1;15;1
202000014479;154 716 856;7;0;2;1;0;0
202000014479;154 716 857;30;0;0;4;23;0
202000014480;154 716 854;1;0;2;7;15;5
202000014480;154 716 855;7;14;2;1;13;1
202000014481;154 716 853;30;0;0;8;1;4
202000014482;154 716 852;7;2;0;1;21;1
202000014483;154 716 851;7;0;1;1;1;0
202000014484;154 716 850;7;2;0;3;1;1
202000014485;154 716 848;1;0;2;1;5;5
202000014485;154 716 849;7;0;2;3;1;1
202000014486;154 716 847;7;0;0;9;1;1
202000014487;154 716 845;7;0;9;8;26;1
202000014487;154 716 846;1;0;2;8;2;5
202000014488;154 716 844;33;13;0;1;1;1
202000014489;154 716 842;7;0;2;2;1;1
202000014489;154 716 843;1;0;2;8;16;5
202000014490;154 716 841;1;0;0;9;1;5
202000014491;154 716 840;7;13;0;3;1;0
202000014492;154 716 839;7;6;0;1;1;1
202000014493;154 716 838;7;9;0;1;0;1
202000014494;154 716 837;36;13;0;4;1;1
202000014495;154 716 835;7;0;2;3;15;1
202000014495;154 716 836;1;0;2;1;26;5
202000014496;154 716 834;7;0;0;0;13;1
202000014497;154 716 833;7;2;0;1;13;1
202000014498;154 716 832;2;0;0;0;1;1
202000014499;154 716 831;2;0;1;1;1;0
202000014500;154 716 829;7;0;2;6;1;1
202000014500;154 716 830;7;0;2;8;12;1
202000014501;154 716 828;7;6;0;2;21;1
202000014502;154 716 827;7;3;0;1;1;1
202000014503;154 716 825;10;0;2;6;1;1
202000014503;154 716 826;7;0;2;3;13;1
202000014504;154 716 824;30;0;1;0;1;0
202000014505;154 716 823;31;0;0;0;19;1
202000014506;154 716 822;7;0;2;1;26;1
202000014507;154 716 821;3;4;0;1;26;1
202000014508;154 716 819;7;0;0;5;1;1
202000014508;154 716 820;7;4;2;9;2;1
202000014509;154 716 816;7;0;2;1;2;1
202000014509;154 716 817;7;0;2;1;1;1
202000014509;154 716 818;10;0;2;4;2;1
202000014510;154 716 815;33;12;0;3;0;1
202000014511;154 716 814;30;0;0;1;1;3
202000014512;154 716 812;31;0;2;1;21;1
202000014512;154 716 813;7;0;2;4;1;1
202000014513;154 716 810;7;0;2;2;2;1
202000014513;154 716 811;7;0;2;6;23;1
202000014514;154 716 809;1;12;0;1;25;5
202000014515;154 716 808;7;7;0;1;14;1
202000014516;154 716 807;1;0;1;1;1;5
202000014517;154 716 806;7;2;0;1;14;1
202000014518;154 716 805;7;0;1;7;1;1
202000014519;154 716 804;33;4;0;8;13;1
202000014520;154 716 803;1;0;0;1;1;5
202000014521;154 716 802;80;2;0;2;14;3
202000014522;154 716 800;1;0;2;4;21;5
202000014522;154 716 801;1;0;2;1;1;5
202000014523;154 716 799;7;14;0;3;1;1
202000014524;154 716 798;1;0;0;0;1;5
202000014525;154 716 797;30;0;1;1;1;0
202000014526;154 716 796;7;0;1;4;4;0
202000014527;154 716 795;7;0;1;2;21;1
202000014528;154 716 790;7;0;2;3;15;1
202000014528;154 716 791;2;0;2;1;1;1
202000014529;154 716 788;10;0;2;1;1;1
202000014529;154 716 789;7;0;2;8;19;1
202000014530;154 716 786;50;0;2;2;1;3
202000014530;154 716 787;7;0;2;3;9;1
202000014531;154 716 785;1;9;0;1;15;5
202000014532;154 716 784;35;0;0;1;0;1
202000014533;154 716 782;7;0;2;1;2;1
202000014533;154 716 783;34;0;2;4;2;1
202000014534;154 716 780;7;0;2;2;1;1
202000014534;154 716 781;7;0;2;1;15;1
202000014535;154 716 779;33;0;0;1;1;1
202000014536;154 716 778;50;0;0;0;1;3
202000014537;154 716 776;7;0;2;1;1;1
202000014537;154 716 777;7;0;2;1;1;1
202000014538;154 716 775;7;2;0;2;0;0
202000014539;154 716 773;34;0;0;8;1;1
202000014540;154 716 771;7;13;2;5;15;1
202000014540;154 716 772;7;13;2;1;1;1
202000014541;154 716 770;2;5;0;0;0;1
202000014542;154 716 769;7;0;0;3;0;1
202000014543;154 716 768;7;7;0;5;2;1
202000014544;154 716 767;33;0;0;9;1;1