Num_Acc;id_vehicule;categorie_vehicule;obstacle_fixe;obstacle_mobile;point_choc_initial;manoeuvre_principale;motorisation
202000014901;154 716 133;32;0;2;8;7;1
202000014901;154 716 135;10;0;2;3;15;1
202000014902;154 716 131;7;0;1;5;4;1
202000014903;154 716 130;7;0;2;2;1;1
202000014903;154 716 132;7;0;2;4;16;1
202000014904;154 716 128;30;0;1;3;18;1
202000014905;154 716 127;33;0;2;1;1;1
202000014905;154 716 129;7;0;2;2;15;1
202000014906;154 716 126;10;0;1;1;1;1
202000014907;154 716 121;32;0;2;4;2;1
202000014907;154 716 122;7;0;2;4;23;1
202000014908;154 716 119;7;0;2;1;1;1
202000014908;154 716 120;1;0;2;1;13;5
202000014909;154 716 117;17;0;2;3;1;1
202000014909;154 716 118;7;0;2;3;5;1
202000014910;154 716 115;32;8;2;3;1;1
202000014910;154 716 116;10;0;2;2;16;1
202000014911;154 716 113;7;0;2;6;1;1
202000014911;154 716 114;7;0;2;2;17;1
202000014912;154 716 109;33;0;2;2;17;1
202000014912;154 716 111;10;0;2;3;10;1
202000014913;154 716 110;7;0;2;2;2;1
202000014913;154 716 112;7;0;2;6;13;1
202000014914;154 716 107;7;0;2;2;1;1
202000014914;154 716 108;34;0;2;6;1;1
202000014915;154 716 101;7;0;2;3;1;1
202000014915;154 716 104;7;0;2;1;5;1
202000014915;154 716 105;7;0;2;8;1;1
202000014915;154 716 106;7;0;2;1;17;1
202000014916;154 716 102;50;0;2;0;9;3
202000014916;154 716 103;32;0;2;1;1;1
202000014917;154 716 097;7;0;2;0;23;1
202000014917;154 716 098;32;0;2;1;2;1
202000014918;154 716 095;17;0;2;5;1;1
202000014918;154 716 096;10;0;2;1;1;1
202000014919;154 716 092;7;3;0;9;1;1
202000014920;154 716 091;7;2;0;2;6;1
202000014921;154 716 093;1;0;2;5;11;5
202000014921;154 716 094;7;0;2;7;1;1
202000014922;154 716 089;31;0;0;7;21;1
202000014923;154 716 088;7;0;0;4;2;1
202000014923;154 716 090;7;0;2;1;2;1
202000014924;154 716 086;33;0;2;1;1;1
202000014924;154 716 087;7;0;2;6;10;1
202000014925;154 716 082;32;1;2;1;18;1
202000014925;154 716 083;7;0;2;5;16;1
202000014925;154 716 084;7;0;2;8;26;1
202000014926;154 716 081;33;6;0;1;1;1
202000014927;154 716 080;7;1;2;2;17;0
202000014928;154 716 078;33;0;0;7;1;6
202000014928;154 716 079;7;0;0;0;11;1
202000014929;154 716 074;1;1;0;0;0;0
202000014929;154 716 075;7;0;2;0;22;0
202000014930;154 716 076;7;0;2;1;1;1
202000014930;154 716 077;15;0;0;4;23;1
202000014931;154 716 072;7;0;2;3;15;1
202000014931;154 716 073;7;0;2;1;17;1
202000014932;154 716 070;7;0;1;0;4;1
202000014933;154 716 071;7;0;1;6;1;1
202000014934;154 716 069;7;2;0;7;1;1
202000014935;154 716 068;32;0;0;0;9;1
202000014936;154 716 065;30;0;0;1;2;0
202000014936;154 716 067;7;0;0;7;1;0
202000014937;154 716 063;7;0;2;4;26;1
202000014937;154 716 064;10;0;2;0;0;1
202000014937;154 716 066;10;0;2;0;0;1
202000014938;154 716 060;7;0;2;2;0;6
202000014938;154 716 062;13;0;2;3;21;0
202000014939;154 716 059;7;0;2;4;2;1
202000014939;154 716 061;7;0;2;1;0;1
202000014940;154 716 057;7;4;0;3;26;1
202000014941;154 716 056;2;0;2;1;1;1
202000014941;154 716 058;10;0;2;5;4;1
202000014942;154 716 055;10;4;0;2;1;1
202000014943;154 716 053;32;0;2;1;26;1
202000014943;154 716 054;7;0;2;1;15;1
202000014944;154 716 052;7;6;0;3;1;1
202000014945;154 716 049;1;0;2;7;2;5
202000014945;154 716 051;7;0;2;4;2;1
202000014946;154 716 047;7;0;2;3;11;1
202000014946;154 716 048;7;0;2;9;1;1
202000014946;154 716 050;7;0;2;1;21;1
202000014947;154 716 045;30;0;0;0;0;1
202000014947;154 716 046;7;0;2;2;2;1
202000014948;154 716 044;7;6;0;3;26;1
202000014949;154 716 042;7;0;2;5;1;1
202000014950;154 716 041;7;0;2;3;9;1
202000014950;154 716 043;32;0;2;1;9;1
202000014951;154 716 038;7;0;2;1;1;1
202000014951;154 716 040;7;0;2;4;12;1
202000014952;154 716 037;7;0;2;1;19;1
202000014952;154 716 039;7;0;2;7;19;1
202000014953;154 716 035;33;0;2;1;2;1
202000014953;154 716 036;10;0;2;4;2;1
202000014954;154 716 032;7;0;2;9;0;1
202000014954;154 716 034;7;0;2;6;10;1
202000014955;154 716 031;10;0;2;7;2;1
202000014955;154 716 033;33;0;2;1;2;1
202000014956;154 716 029;60;0;2;1;14;5
202000014956;154 716 030;7;0;9;1;23;3
202000014957;154 716 025;7;0;2;1;1;0
202000014957;154 716 026;10;0;2;8;9;1
202000014957;154 716 027;7;0;2;2;14;1
202000014957;154 716 028;7;0;2;1;1;1
202000014958;154 716 022;7;0;2;3;15;1
202000014958;154 716 024;31;0;2;1;1;1
202000014959;154 716 021;2;2;0;1;0;1
202000014960;154 716 019;7;13;0;2;14;1
202000014961;154 716 017;33;0;0;7;15;1
202000014961;154 716 018;7;0;9;1;9;1
202000014962;154 716 015;33;0;2;8;17;1
202000014962;154 716 016;10;0;2;8;15;1
202000014963;154 716 020;20;0;2;4;1;1
202000014963;154 716 023;20;0;2;1;11;1
202000014964;154 716 011;7;0;2;6;1;1
202000014964;154 716 013;10;0;2;2;12;0
202000014965;154 716 012;34;0;2;1;1;1
202000014965;154 716 014;7;0;2;3;10;1
202000014966;154 716 009;7;0;2;2;14;1
202000014966;154 716 010;7;0;2;6;23;1
202000014967;154 716 007;33;0;2;1;1;1
202000014967;154 716 008;7;0;2;8;15;1
202000014968;154 716 006;7;0;1;2;9;1
202000014969;154 716 004;33;0;2;8;1;1
202000014969;154 716 005;7;0;2;8;1;1
202000014970;154 716 000;30;0;2;1;1;1
202000014970;154 716 002;7;0;2;3;1;1
202000014971;154 716 001;7;1;0;1;1;1
202000014971;154 716 003;7;4;0;2;13;1
202000014972;154 715 997;7;0;2;8;15;1
202000014972;154 715 999;31;0;2;1;1;1
202000014973;154 715 996;7;0;2;1;26;1
202000014973;154 715 998;7;0;2;4;1;1
202000014974;154 715 992;10;0;2;4;2;1
202000014974;154 715 994;7;0;2;1;1;0
202000014975;154 715 993;7;0;2;1;1;0
202000014975;154 715 995;7;0;2;7;1;0
202000014976;154 715 985;7;16;0;1;1;1
202000014977;154 715 982;7;0;1;1;1;1
202000014978;154 715 983;10;0;2;1;2;1
202000014978;154 715 984;7;0;2;4;2;1
202000014978;154 715 986;7;0;2;4;2;1
202000014978;154 715 987;7;0;2;4;2;1
202000014978;154 715 988;10;0;2;3;2;1
202000014978;154 715 989;7;0;2;4;1;1
202000014978;154 715 990;7;0;2;1;2;1
202000014978;154 715 991;10;0;2;1;2;1
202000014979;154 715 979;7;8;0;1;0;1
202000014980;154 715 978;7;3;2;4;26;1
202000014980;154 715 980;17;0;2;8;2;1
202000014980;154 715 981;10;0;2;1;17;1
202000014981;154 715 977;7;2;0;2;14;1
202000014982;154 715 975;2;1;0;1;0;1
202000014983;154 715 974;7;0;2;2;2;1
202000014983;154 715 976;10;0;2;6;3;1
202000014984;154 715 973;7;2;0;2;13;1
202000014985;154 715 971;10;0;2;4;2;0
202000014985;154 715 972;10;0;2;1;2;0
202000014986;154 715 968;7;0;2;1;0;0
202000014986;154 715 969;7;0;2;5;23;1
202000014987;154 715 967;31;0;2;7;17;1
202000014987;154 715 970;7;0;2;8;15;1
202000014988;154 715 966;7;4;0;1;1;1
202000014989;154 715 964;7;0;2;1;2;1
202000014989;154 715 965;7;0;2;8;15;1
202000014990;154 715 961;7;0;2;1;1;1
202000014990;154 715 962;7;0;2;4;1;1
202000014990;154 715 963;7;0;2;4;1;1
202000014991;154 715 957;7;0;2;2;5;1
202000014991;154 715 958;7;0;2;2;5;1
202000014992;154 715 951;10;0;1;1;1;1
202000014993;154 715 948;7;0;2;6;1;1
202000014993;154 715 950;7;0;2;7;1;1
202000014993;154 715 952;7;0;2;1;1;1
202000014993;154 715 953;7;0;2;8;1;1
202000014993;154 715 954;7;0;2;6;1;1
202000014993;154 715 955;7;0;2;7;1;1
202000014993;154 715 956;7;0;2;5;1;1
202000014994;154 715 949;7;6;0;3;1;1
202000014995;154 715 946;7;0;2;3;1;1
202000014995;154 715 947;7;0;2;4;2;1
202000014996;154 715 945;33;0;0;7;1;0
202000014997;154 715 942;7;0;2;4;26;1
202000014997;154 715 944;0;0;2;1;0;
202000014998;154 715 941;7;0;2;1;2;1
202000014998;154 715 943;1;0;2;4;2;5
202000014999;154 715 940;7;4;0;1;13;1
202000015000;154 715 939;7;0;1;1;1;1
202000015001;154 715 936;7;0;2;2;12;1
202000015001;154 715 937;7;0;2;3;1;1
202000015001;154 715 938;17;0;2;1;1;1
202000015002;154 715 935;7;1;0;1;1;1
202000015003;154 715 934;7;4;0;0;0;1
202000015004;154 715 931;7;0;2;3;11;1
202000015004;154 715 932;33;0;2;1;1;1
202000015005;154 715 930;2;0;1;0;1;1
202000015006;154 715 926;31;0;2;7;1;1
202000015006;154 715 927;7;0;2;1;15;1
202000015007;154 715 928;7;0;2;8;2;1
202000015007;154 715 929;33;0;2;7;2;1
202000015008;154 715 921;10;0;2;2;2;1
202000015008;154 715 923;7;0;2;6;2;1
202000015009;154 715 920;15;0;0;6;1;1
202000015009;154 715 922;10;3;2;2;14;1
202000015010;154 715 915;7;3;0;0;0;1
202000015011;154 715 914;33;0;0;2;0;1
202000015012;154 715 912;7;0;2;1;5;1
202000015012;154 715 913;7;0;2;1;1;1
202000015013;154 715 916;15;0;2;1;2;1
202000015013;154 715 917;7;0;2;4;2;1
202000015013;154 715 918;7;0;2;4;2;1
202000015013;154 715 919;7;0;2;4;2;1
202000015014;154 715 909;7;0;9;1;2;1
202000015014;154 715 911;80;0;0;4;2;3
202000015015;154 715 908;99;0;2;0;0;1
202000015015;154 715 910;33;0;2;3;1;1
202000015016;154 715 907;10;13;0;3;1;1
202000015017;154 715 906;7;16;0;1;19;1
202000015018;154 715 903;10;0;2;8;15;1
202000015018;154 715 905;31;6;2;1;17;1
202000015019;154 715 902;7;4;2;2;2;1
202000015019;154 715 904;7;0;2;1;2;1
202000015020;154 715 901;32;0;0;1;1;1
202000015021;154 715 898;7;0;2;1;1;1
202000015021;154 715 899;7;0;2;4;1;1
202000015021;154 715 900;7;0;2;4;1;1
202000015022;154 715 897;7;0;1;1;1;1
202000015023;154 715 894;7;0;2;3;0;1
202000015023;154 715 895;7;0;2;1;1;1
202000015024;154 715 893;7;0;2;4;2;1
202000015024;154 715 896;7;0;2;1;2;1
202000015025;154 715 890;7;0;2;1;1;1
202000015025;154 715 892;7;3;2;1;13;1
202000015026;154 715 891;7;4;0;7;1;1
202000015027;154 715 887;7;0;1;3;0;1
202000015027;154 715 889;7;0;1;0;0;1
202000015028;154 715 884;7;0;2;1;2;1
202000015028;154 715 885;10;14;2;1;2;1
202000015028;154 715 886;7;0;2;4;2;1
202000015028;154 715 888;7;0;0;6;24;1
202000015029;154 715 883;1;13;0;1;1;5
202000015030;154 715 881;10;0;2;1;1;1
202000015030;154 715 882;10;0;2;7;15;1
202000015031;154 715 878;34;0;2;1;3;1
202000015031;154 715 880;33;0;2;4;3;1
202000015032;154 715 877;7;4;0;1;0;1
202000015033;154 715 875;33;0;2;1;9;1
202000015033;154 715 876;17;0;2;4;1;1
202000015034;154 715 874;33;13;0;1;13;1
202000015035;154 715 871;10;0;2;4;1;1
202000015035;154 715 872;10;0;2;4;1;1
202000015035;154 715 873;10;0;2;1;1;1
202000015036;154 715 869;17;3;0;7;14;1
202000015037;154 715 868;7;0;2;3;2;1
202000015037;154 715 870;10;0;2;3;2;1
202000015038;154 715 861;7;0;2;3;13;1
202000015038;154 715 863;7;0;2;3;0;1
202000015039;154 715 859;15;0;2;4;1;1
202000015039;154 715 860;14;0;2;4;2;1
202000015039;154 715 862;15;0;2;4;2;1
202000015039;154 715 864;15;0;2;4;1;1
202000015039;154 715 865;15;0;2;1;1;1
202000015039;154 715 866;14;0;2;4;1;1
202000015040;154 715 856;7;0;2;4;2;1
202000015040;154 715 857;7;0;2;1;2;1
202000015040;154 715 858;7;0;2;1;2;1
202000015041;154 715 851;7;0;2;7;1;1
202000015041;154 715 852;7;0;2;3;11;1
202000015041;154 715 853;7;0;2;8;1;1
202000015041;154 715 854;7;0;2;6;1;1
202000015041;154 715 855;7;0;2;6;1;1
202000015042;154 715 849;7;0;2;6;1;1
202000015042;154 715 850;99;0;2;1;2;1
202000015043;154 715 845;7;0;2;3;1;1
202000015043;154 715 846;7;0;2;7;1;1
202000015043;154 715 847;31;0;2;3;3;1
202000015044;154 715 848;7;0;9;1;6;1
202000015045;154 715 842;33;4;0;2;26;1
202000015046;154 715 838;7;3;0;2;13;1
202000015047;154 715 837;10;0;2;0;0;1
202000015047;154 715 839;10;0;2;0;0;1
202000015047;154 715 840;33;0;2;8;21;1
202000015047;154 715 841;10;0;2;4;1;1
202000015047;154 715 843;7;0;2;6;1;1
202000015047;154 715 844;7;0;2;1;19;1
202000015048;154 715 832;7;0;0;4;1;1
202000015048;154 715 833;7;0;2;1;2;1
202000015048;154 715 834;7;0;2;4;2;1
202000015048;154 715 835;10;0;2;1;2;1
202000015049;154 715 831;30;0;2;4;1;1
202000015049;154 715 836;7;0;2;1;0;1
202000015050;154 715 826;7;0;2;1;2;1
202000015050;154 715 828;7;0;2;1;2;1
202000015050;154 715 829;7;0;2;1;2;1
202000015050;154 715 830;33;0;2;0;2;1
202000015051;154 715 825;33;0;2;1;1;1
202000015051;154 715 827;7;0;2;5;12;1
202000015052;154 715 822;10;0;1;1;14;1
202000015053;154 715 820;99;0;2;2;3;0
202000015053;154 715 821;33;0;2;3;11;1
202000015053;154 715 823;7;0;2;2;1;1
202000015053;154 715 824;7;0;2;8;1;1
202000015054;154 715 816;10;1;0;2;1;1
202000015054;154 715 818;7;0;1;0;0;0
202000015054;154 715 819;7;16;0;0;0;1
202000015055;154 715 815;33;0;2;1;1;1
202000015055;154 715 817;7;0;2;4;1;1
202000015056;154 715 813;7;3;0;2;14;1
202000015057;154 715 812;7;16;2;4;1;2
202000015057;154 715 814;10;0;2;1;1;3
202000015058;154 715 810;7;0;2;0;0;0
202000015058;154 715 811;33;0;2;1;3;1
202000015059;154 715 809;1;13;0;2;26;5
202000015060;154 715 808;7;4;0;0;1;1
202000015061;154 715 807;10;0;1;4;26;1
202000015062;154 715 806;7;3;0;1;1;1
202000015063;154 715 804;7;0;0;0;17;0
202000015063;154 715 805;1;0;0;3;2;5
202000015064;154 715 802;7;0;2;6;14;1
202000015064;154 715 803;7;0;2;6;1;0
202000015065;154 715 799;1;0;2;4;2;0
202000015065;154 715 801;7;0;2;1;2;1
202000015066;154 715 798;7;0;2;3;11;1
202000015066;154 715 800;31;0;2;7;2;1
202000015067;154 715 797;43;2;0;1;13;1
202000015068;154 715 794;10;0;1;2;1;1
202000015069;154 715 793;10;0;2;4;0;1
202000015069;154 715 795;10;0;2;4;0;1
202000015069;154 715 796;7;0;2;1;0;1
202000015070;154 715 791;10;0;2;0;21;1
202000015070;154 715 792;32;0;2;0;21;0
202000015071;154 715 789;7;0;2;1;2;1
202000015071;154 715 790;7;0;2;4;2;1
202000015072;154 715 788;7;0;1;3;15;1
202000015073;154 715 786;7;0;2;1;0;1
202000015073;154 715 787;7;0;2;4;0;1
202000015074;154 715 784;7;0;2;2;19;1
202000015074;154 715 785;31;0;2;1;1;1
202000015075;154 715 779;7;0;1;3;21;1
202000015076;154 715 778;7;0;2;1;1;1
202000015076;154 715 780;7;0;2;1;14;1
202000015076;154 715 781;7;0;2;4;1;1
202000015076;154 715 782;7;0;2;5;1;1
202000015076;154 715 783;7;0;2;1;1;1
202000015077;154 715 776;7;0;2;3;19;0
202000015077;154 715 777;7;0;2;1;1;0
202000015078;154 715 772;10;0;2;1;19;1
202000015078;154 715 773;1;0;2;0;19;0
202000015079;154 715 774;7;0;2;5;12;1
202000015079;154 715 775;34;0;2;8;3;1
202000015080;154 715 770;7;0;2;4;2;1
202000015080;154 715 771;7;0;2;4;2;1
202000015081;154 715 768;7;0;1;1;1;1
202000015082;154 715 767;15;0;2;4;1;1
202000015082;154 715 769;14;0;2;1;1;1
202000015083;154 715 765;7;0;2;2;1;1
202000015083;154 715 766;1;0;2;8;1;5
202000015084;154 715 763;10;0;2;1;2;1
202000015084;154 715 764;7;0;2;4;2;1
202000015085;154 715 762;7;0;0;1;13;1
202000015086;154 715 759;7;0;0;2;1;1
202000015087;154 715 758;7;0;2;1;2;1
202000015087;154 715 760;7;0;2;4;2;1
202000015087;154 715 761;7;0;2;4;2;1
202000015088;154 715 757;33;0;0;8;14;1
202000015089;154 715 756;7;0;1;2;1;2
202000015090;154 715 750;7;0;2;1;1;1
202000015090;154 715 753;7;0;2;1;19;1
202000015091;154 715 747;7;0;2;4;26;1
202000015091;154 715 749;7;0;2;5;26;1
202000015091;154 715 751;7;0;2;4;26;1
202000015091;154 715 752;15;0;2;1;12;1
202000015091;154 715 754;7;0;2;4;26;1
202000015091;154 715 755;7;0;2;3;26;1
202000015092;154 715 746;2;0;2;2;15;1
202000015092;154 715 748;7;0;2;1;1;1
202000015093;154 715 744;7;0;2;5;11;1
202000015093;154 715 745;32;0;2;3;3;1
202000015094;154 715 743;7;9;0;1;14;0
202000015095;154 715 741;7;0;2;1;1;1
202000015095;154 715 742;7;4;2;7;14;1
202000015096;154 715 740;7;0;1;3;1;1
202000015097;154 715 738;32;0;2;2;1;1
202000015097;154 715 739;7;0;2;8;11;1
202000015098;154 715 734;7;0;2;3;18;1
202000015098;154 715 735;7;0;2;4;1;1
202000015098;154 715 736;7;4;2;7;1;1
202000015099;154 715 737;32;8;0;1;0;1
202000015100;154 715 728;7;0;2;1;2;1
202000015100;154 715 730;7;0;2;1;2;1
202000015100;154 715 732;10;0;2;1;2;1
202000015100;154 715 733;7;0;2;4;2;1
202000015101;154 715 727;7;0;2;4;23;1
202000015101;154 715 729;7;0;2;4;23;1
202000015101;154 715 731;7;0;2;1;2;1
202000015102;154 715 726;7;3;0;3;13;1
202000015103;154 715 725;7;4;0;1;1;1
202000015104;154 715 721;10;0;2;2;5;1
202000015104;154 715 723;7;0;2;1;1;1
202000015105;154 715 719;7;0;2;1;1;0
202000015105;154 715 720;33;8;2;8;1;1
202000015106;154 715 722;7;0;2;4;2;1
202000015106;154 715 724;14;0;2;1;2;1
202000015107;154 715 716;10;0;2;4;1;1
202000015107;154 715 718;7;0;2;1;1;1
202000015108;154 715 715;7;0;2;4;2;2
202000015108;154 715 717;7;0;2;1;2;1
202000015109;154 715 714;7;4;0;1;13;1
202000015110;154 715 711;7;0;2;1;1;1
202000015110;154 715 712;10;0;2;4;2;1
202000015111;154 715 713;7;0;1;5;15;1
202000015112;154 715 709;7;0;2;0;0;0
202000015112;154 715 710;7;4;2;8;1;1
202000015113;154 715 708;32;0;1;8;21;1
202000015114;154 715 705;50;0;0;1;1;3
202000015115;154 715 704;10;0;2;4;2;1
202000015115;154 715 706;33;0;2;4;2;1
202000015115;154 715 707;7;0;2;1;2;1
202000015116;154 715 701;1;0;2;0;19;5
202000015116;154 715 703;7;0;2;0;15;1
202000015117;154 715 700;7;0;2;4;2;1
202000015117;154 715 702;7;0;2;1;2;1
202000015118;154 715 698;7;0;2;3;2;0
202000015118;154 715 699;31;0;2;5;2;0
202000015119;154 715 697;7;4;0;1;2;1
202000015120;154 715 696;10;0;1;2;1;0
202000015121;154 715 695;7;4;0;1;17;1
202000015122;154 715 694;3;1;0;1;14;0
202000015123;154 715 693;7;4;0;1;1;1
202000015124;154 715 689;7;0;2;7;0;0
202000015124;154 715 691;31;0;2;8;3;1
202000015125;154 715 690;34;0;2;0;0;1
202000015125;154 715 692;7;0;2;0;0;1
202000015126;154 715 686;10;0;2;4;2;1
202000015126;154 715 687;7;0;2;1;2;0
202000015126;154 715 688;7;0;2;4;2;1
202000015127;154 715 684;7;0;2;2;15;0
202000015127;154 715 685;30;0;2;1;1;0
202000015128;154 715 679;7;0;2;2;13;1
202000015128;154 715 680;7;0;2;1;2;1
202000015128;154 715 681;10;0;2;3;2;1
202000015128;154 715 682;33;0;2;8;2;1
202000015128;154 715 683;7;0;2;1;2;1
202000015129;154 715 677;7;0;2;1;1;1
202000015129;154 715 678;1;0;2;8;19;5
202000015130;154 715 674;7;0;2;1;1;1
202000015130;154 715 675;7;0;2;4;2;1
202000015130;154 715 676;10;0;2;4;2;1
202000015131;154 715 673;7;1;1;3;19;1
202000015132;154 715 671;33;0;2;2;3;1
202000015132;154 715 672;7;0;2;3;11;1
202000015133;154 715 668;7;0;2;4;1;1
202000015133;154 715 669;7;0;2;1;26;1
202000015134;154 715 666;7;0;2;8;24;1
202000015134;154 715 670;32;0;2;2;1;1
202000015135;154 715 664;1;1;0;1;1;0
202000015136;154 715 660;7;0;2;1;1;1
202000015136;154 715 661;7;0;2;9;23;0
202000015136;154 715 662;7;0;2;4;23;1
202000015137;154 715 663;7;0;2;2;1;1
202000015137;154 715 665;7;0;2;6;1;1
202000015137;154 715 667;7;0;2;2;14;1
202000015138;154 715 657;7;0;2;4;2;1
202000015138;154 715 658;7;0;2;1;2;1
202000015139;154 715 656;7;0;2;3;19;1
202000015139;154 715 659;33;0;2;1;1;1
202000015140;154 715 653;7;0;2;1;2;1
202000015140;154 715 654;7;0;2;1;2;6
202000015140;154 715 655;10;0;2;4;2;1
202000015141;154 715 650;7;0;2;1;13;1
202000015141;154 715 652;7;0;2;1;1;1
202000015142;154 715 649;10;0;2;3;11;1
202000015142;154 715 651;33;0;2;2;3;1
202000015143;154 715 647;7;3;0;8;13;1
202000015144;154 715 646;7;4;0;3;1;1
202000015145;154 715 644;2;0;2;3;13;1
202000015145;154 715 645;7;0;2;8;1;1
202000015146;154 715 642;7;0;2;6;1;1
202000015146;154 715 643;14;0;2;2;12;1
202000015147;154 715 641;31;6;0;1;15;1
202000015148;154 715 639;7;0;2;4;23;1
202000015148;154 715 640;7;1;0;1;2;1
202000015149;154 715 637;33;0;2;8;1;1
202000015149;154 715 638;7;0;2;3;13;1
202000015150;154 715 634;7;0;2;4;2;1
202000015150;154 715 635;10;0;2;4;2;1
202000015150;154 715 636;7;0;2;1;2;0
202000015151;154 715 633;32;0;1;1;0;1
202000015152;154 715 631;7;0;0;9;14;1
202000015153;154 715 629;1;0;0;3;1;0
202000015154;154 715 628;1;0;0;0;1;5
202000015155;154 715 630;7;0;2;2;12;1
202000015155;154 715 632;10;0;2;8;1;1
202000015156;154 715 627;7;16;0;9;1;1
202000015157;154 715 625;21;3;0;1;13;1
202000015158;154 715 624;7;0;2;5;2;1
202000015158;154 715 626;31;0;2;1;2;1
202000015159;154 715 622;7;4;0;1;13;1
202000015160;154 715 621;7;0;2;8;15;1
202000015160;154 715 623;33;0;2;1;17;1
202000015161;154 715 620;7;0;2;9;1;1
202000015162;154 715 618;7;0;2;1;26;1
202000015162;154 715 619;7;0;2;3;9;1
202000015163;154 715 616;31;8;0;3;2;1
202000015164;154 715 614;7;13;0;9;18;1
202000015165;154 715 613;7;2;0;3;0;1
202000015166;154 715 611;7;0;2;1;15;0
202000015166;154 715 612;7;0;2;1;1;0
202000015167;154 715 615;10;0;2;4;2;1
202000015167;154 715 617;32;0;2;1;2;1
202000015168;154 715 610;31;0;0;9;1;1
202000015169;154 715 609;7;6;0;1;16;1
202000015170;154 715 606;7;13;0;3;13;1
202000015171;154 715 605;7;0;2;4;1;1
202000015171;154 715 607;7;3;2;4;1;1
202000015171;154 715 608;14;0;2;0;0;0
202000015172;154 715 602;7;0;2;3;19;1
202000015172;154 715 604;7;0;2;1;1;1
202000015173;154 715 601;7;0;2;6;11;1
202000015173;154 715 603;33;0;2;1;1;1
202000015174;154 715 600;31;16;0;0;0;1
202000015175;154 715 598;43;0;2;3;3;1
202000015175;154 715 599;7;0;2;5;14;1
202000015176;154 715 595;7;0;2;2;1;1
202000015176;154 715 597;1;0;2;1;19;5
202000015177;154 715 594;7;4;2;6;2;1
202000015177;154 715 596;7;0;2;1;2;0
202000015178;154 715 592;7;0;2;8;1;1
202000015178;154 715 593;10;0;2;1;19;1
202000015179;154 715 590;31;0;6;1;1;1
202000015180;154 715 589;7;0;2;4;2;1
202000015180;154 715 591;7;0;2;1;2;1
202000015181;154 715 587;7;0;4;2;16;1
202000015181;154 715 588;39;0;4;3;0;1
202000015182;154 715 585;7;4;0;8;13;1
202000015183;154 715 584;1;0;0;3;1;5
202000015183;154 715 586;7;0;9;2;1;1
202000015184;154 715 582;33;0;0;1;3;1
202000015184;154 715 583;10;0;2;6;11;1
202000015185;154 715 581;31;12;0;1;1;1
202000015186;154 715 579;32;0;2;7;3;1
202000015186;154 715 580;7;0;2;8;11;1
202000015187;154 715 576;7;0;2;3;1;1
202000015187;154 715 577;2;0;2;3;1;1
202000015187;154 715 578;7;0;2;2;17;1
202000015188;154 715 574;33;0;6;3;21;1
202000015189;154 715 573;10;0;2;5;0;0
202000015189;154 715 575;33;0;2;1;0;0
202000015190;154 715 571;32;0;0;9;1;1
202000015191;154 715 572;33;13;0;1;1;1
202000015192;154 715 568;7;0;2;1;1;1
202000015192;154 715 570;7;0;2;4;1;1
202000015193;154 715 569;10;6;0;1;1;1
202000015194;154 715 566;10;0;9;2;2;0
202000015194;154 715 567;15;0;2;0;2;0
202000015195;154 715 564;32;0;2;1;1;1
202000015195;154 715 565;7;0;2;5;15;1
202000015196;154 715 561;10;0;2;1;1;1
202000015196;154 715 563;10;0;2;4;1;1
202000015197;154 715 559;7;0;2;1;1;1
202000015197;154 715 560;7;6;2;3;13;0
202000015197;154 715 562;7;0;2;3;1;1
202000015198;154 715 557;7;0;2;1;2;1
202000015198;154 715 558;7;0;2;5;2;1
202000015199;154 715 556;7;3;2;1;1;1
202000015200;154 715 554;31;0;2;1;2;1
202000015200;154 715 555;7;0;2;5;12;1
202000015201;154 715 551;7;0;2;7;9;1
202000015201;154 715 553;17;0;2;1;1;1
202000015202;154 715 550;7;0;2;1;2;1
202000015202;154 715 552;15;0;2;4;2;1
202000015203;154 715 548;7;0;2;4;1;1
202000015203;154 715 549;34;0;2;1;13;1
202000015204;154 715 546;31;4;2;2;3;1
202000015204;154 715 547;7;0;2;6;1;1
202000015205;154 715 544;7;0;2;1;18;1
202000015205;154 715 545;7;0;2;4;1;1
202000015206;154 715 542;17;0;2;2;1;1
202000015206;154 715 543;7;0;2;6;1;1
202000015207;154 715 540;31;0;2;1;3;1
202000015207;154 715 541;7;0;2;5;1;1
202000015208;154 715 538;7;0;2;3;11;1
202000015208;154 715 539;33;0;2;5;3;1
202000015209;154 715 536;7;0;2;3;2;1
202000015209;154 715 537;7;0;2;3;13;1
202000015210;154 715 534;2;0;2;1;15;1
202000015210;154 715 535;7;0;2;1;16;1
202000015211;154 715 532;10;0;2;2;17;1
202000015211;154 715 533;1;0;2;8;15;0
202000015212;154 715 530;7;0;2;1;2;1
202000015212;154 715 531;7;0;2;4;23;1
202000015213;154 715 529;7;2;0;1;14;1
202000015214;154 715 526;7;0;2;0;0;0
202000015214;154 715 527;7;0;2;0;0;0
202000015214;154 715 528;7;0;2;0;0;0
202000015215;154 715 524;33;0;2;4;17;1
202000015215;154 715 525;7;0;2;3;13;0
202000015216;154 715 522;1;0;2;5;15;5
202000015216;154 715 523;7;0;9;3;9;1
202000015217;154 715 520;7;0;9;3;15;1
202000015217;154 715 521;2;0;2;0;0;1