Num_Acc;id_vehicule;categorie_vehicule;obstacle_fixe;obstacle_mobile;point_choc_initial;manoeuvre_principale;motorisation
202000015218;154 715 518;7;0;2;1;1;1
202000015218;154 715 519;7;0;2;7;1;1
202000015219;154 715 516;7;0;2;1;15;1
202000015219;154 715 517;7;0;2;1;1;1
202000015220;154 715 515;7;0;1;1;1;1
202000015221;154 715 513;7;0;2;1;1;1
202000015221;154 715 514;7;0;2;8;19;1
202000015222;154 715 511;1;0;2;1;1;5
202000015222;154 715 512;7;0;2;8;22;1
202000015223;154 715 509;7;0;2;1;15;1
202000015223;154 715 510;1;0;2;1;1;1
202000015224;154 715 508;30;8;0;0;0;1
202000015225;154 715 507;7;0;1;2;1;1
202000015226;154 715 505;30;0;2;2;17;1
202000015226;154 715 506;7;0;0;3;15;1
202000015227;154 715 504;33;3;0;2;1;1
202000015228;154 715 503;7;8;0;8;1;1
202000015229;154 715 501;7;0;2;7;16;0
202000015229;154 715 502;7;6;1;1;1;1
202000015230;154 715 499;7;0;2;2;16;1
202000015230;154 715 500;33;0;2;1;1;1
202000015231;154 715 498;7;0;1;3;1;1
202000015232;154 715 496;7;0;2;5;23;1
202000015232;154 715 497;33;0;2;1;2;1
202000015233;154 715 494;7;0;2;3;1;1
202000015233;154 715 495;33;0;2;0;17;1
202000015234;154 715 492;7;0;2;4;1;0
202000015234;154 715 493;7;0;2;1;1;0
202000015235;154 715 490;7;0;2;3;15;1
202000015235;154 715 491;33;0;2;1;17;1
202000015236;154 715 489;17;0;1;1;1;1
202000015237;154 715 487;10;0;2;3;9;1
202000015237;154 715 488;31;0;2;1;9;1
202000015238;154 715 485;7;0;2;2;15;1
202000015238;154 715 486;2;0;2;1;26;1
202000015239;154 715 483;7;0;2;4;1;1
202000015239;154 715 484;7;0;2;1;2;1
202000015240;154 715 481;7;0;2;1;1;1
202000015240;154 715 482;7;0;2;3;9;1
202000015241;154 715 479;31;0;2;1;1;1
202000015241;154 715 480;7;0;2;2;1;1
202000015242;154 715 477;30;0;2;4;2;0
202000015242;154 715 478;7;0;2;4;15;0
202000015243;154 715 476;10;2;0;2;14;1
202000015244;154 715 475;7;0;1;2;20;1
202000015245;154 715 473;31;0;2;7;1;1
202000015245;154 715 474;7;0;2;3;11;1
202000015246;154 715 471;33;0;2;4;0;0
202000015246;154 715 472;7;0;1;1;2;1
202000015247;154 715 469;2;0;2;2;1;1
202000015247;154 715 470;7;0;2;3;15;1
202000015248;154 715 468;1;13;0;2;21;5
202000015249;154 715 466;7;0;2;1;15;1
202000015249;154 715 467;7;0;2;2;1;1
202000015250;154 715 464;7;0;2;7;1;1
202000015250;154 715 465;7;0;2;1;1;1
202000015251;154 715 463;34;4;0;1;14;1
202000015252;154 715 461;30;0;2;1;1;1
202000015252;154 715 462;7;0;2;1;5;1
202000015253;154 715 460;7;0;1;8;1;1
202000015254;154 715 458;7;0;2;4;23;1
202000015254;154 715 459;10;0;2;1;2;1
202000015255;154 715 457;7;0;1;1;10;1
202000015256;154 715 455;7;0;2;2;9;1
202000015256;154 715 456;1;0;2;1;1;5
202000015257;154 715 453;7;0;2;7;16;2
202000015257;154 715 454;1;0;2;1;1;5
202000015258;154 715 452;1;0;1;1;1;5
202000015259;154 715 449;34;0;2;2;17;1
202000015259;154 715 450;7;0;2;3;13;1
202000015259;154 715 451;1;0;2;3;1;5
202000015260;154 715 447;30;0;2;1;18;1
202000015260;154 715 448;7;0;2;4;1;1
202000015261;154 715 445;2;0;2;2;1;3
202000015261;154 715 446;33;0;2;1;1;1
202000015262;154 715 444;32;0;2;2;21;1
202000015263;154 715 442;32;0;2;1;1;1
202000015263;154 715 443;50;0;2;1;5;3
202000015264;154 715 441;1;0;1;1;1;5
202000015265;154 715 439;50;0;2;1;19;3
202000015265;154 715 440;7;0;2;2;1;1
202000015266;154 715 438;10;0;1;2;1;1
202000015267;154 715 437;7;0;1;1;5;1
202000015268;154 715 436;34;0;1;1;25;0
202000015269;154 715 435;1;15;1;1;25;5
202000015270;154 715 433;7;0;2;1;1;1
202000015270;154 715 434;33;0;2;4;23;1
202000015271;154 715 431;7;0;2;1;15;0
202000015271;154 715 432;30;0;2;8;1;1
202000015272;154 715 429;7;0;2;3;1;1
202000015272;154 715 430;41;0;2;1;15;1
202000015273;154 715 427;7;0;2;3;9;0
202000015273;154 715 428;33;0;2;7;1;0
202000015274;154 715 425;7;0;2;2;14;1
202000015274;154 715 426;33;0;2;1;1;1
202000015275;154 715 424;30;1;0;2;21;1
202000015276;154 715 423;10;1;0;2;26;6
202000015277;154 715 421;7;0;2;1;1;1
202000015277;154 715 422;1;0;0;7;19;5
202000015278;154 715 419;7;0;2;1;2;1
202000015278;154 715 420;14;0;2;4;23;1
202000015279;154 715 417;3;0;2;3;26;0
202000015279;154 715 418;2;0;2;1;2;0
202000015280;154 715 415;7;0;2;3;0;0
202000015280;154 715 416;34;0;2;2;1;1
202000015281;154 715 413;7;0;2;2;15;1
202000015281;154 715 414;30;0;2;1;16;1
202000015282;154 715 410;7;0;2;1;1;1
202000015282;154 715 411;7;0;2;1;1;1
202000015282;154 715 412;7;4;0;2;1;1
202000015283;154 715 409;33;0;0;9;26;0
202000015284;154 715 407;7;5;0;1;5;0
202000015284;154 715 408;7;5;0;1;26;0
202000015285;154 715 406;7;0;1;2;1;1
202000015286;154 715 405;7;1;0;0;13;1
202000015287;154 715 403;7;0;2;1;1;1
202000015287;154 715 404;7;0;2;1;1;1
202000015288;154 715 401;7;0;2;8;19;1
202000015288;154 715 402;7;0;2;2;17;1
202000015289;154 715 400;7;10;0;1;1;1
202000015290;154 715 398;7;0;2;5;15;1
202000015290;154 715 399;33;0;2;1;1;1
202000015291;154 715 396;7;0;2;3;1;1
202000015291;154 715 397;15;0;2;8;1;1
202000015292;154 715 394;2;0;2;3;1;1
202000015292;154 715 395;7;0;2;3;1;1
202000015293;154 715 392;7;0;2;2;21;1
202000015293;154 715 393;1;0;2;0;25;5
202000015294;154 715 389;7;0;2;3;1;1
202000015294;154 715 390;7;0;2;2;17;1
202000015294;154 715 391;7;0;2;7;21;1
202000015295;154 715 387;7;3;0;8;1;1
202000015296;154 715 386;7;4;0;1;1;1
202000015297;154 715 385;7;15;0;0;1;1
202000015298;154 715 384;33;2;0;1;1;1
202000015299;154 715 382;7;0;2;3;1;1
202000015299;154 715 383;33;0;2;3;13;1
202000015300;154 715 380;31;0;2;1;1;1
202000015300;154 715 381;7;0;2;6;1;1
202000015301;154 715 378;7;0;2;3;1;1
202000015301;154 715 379;1;0;2;1;1;5
202000015302;154 715 376;33;0;2;3;1;1
202000015302;154 715 377;33;0;2;3;13;1
202000015303;154 715 374;10;0;2;3;16;1
202000015303;154 715 375;1;0;2;7;1;5
202000015304;154 715 372;7;0;2;2;2;1
202000015304;154 715 373;1;0;2;4;1;5
202000015305;154 715 370;7;1;0;6;20;0
202000015305;154 715 371;7;0;1;5;24;0
202000015306;154 715 368;33;0;2;1;1;1
202000015306;154 715 369;7;0;2;3;10;1
202000015307;154 715 367;33;13;0;0;21;0
202000015308;154 715 365;30;0;2;4;2;1
202000015308;154 715 366;33;0;2;1;2;1
202000015309;154 715 364;33;0;0;0;1;1
202000015310;154 715 363;7;2;0;0;19;1
202000015311;154 715 362;7;13;0;3;13;1
202000015312;154 715 360;33;0;2;1;1;1
202000015312;154 715 361;7;0;2;7;19;1
202000015313;154 715 359;7;0;0;2;1;1
202000015314;154 715 357;7;11;2;1;17;1
202000015314;154 715 358;7;0;2;3;15;1
202000015315;154 715 355;1;0;2;7;1;5
202000015315;154 715 356;7;0;2;8;26;1
202000015316;154 715 351;7;12;0;2;14;1
202000015316;154 715 352;10;0;2;1;1;0
202000015317;154 715 350;2;9;0;5;20;1
202000015318;154 715 349;1;0;0;3;1;5
202000015319;154 715 348;1;0;0;7;1;5
202000015320;154 715 346;7;0;0;0;1;1
202000015320;154 715 347;33;13;0;0;17;1
202000015321;154 715 345;33;0;0;0;1;1
202000015322;154 715 344;7;0;1;3;1;1
202000015323;154 715 343;33;4;6;8;1;1
202000015324;154 715 342;2;6;0;8;16;1
202000015325;154 715 340;7;0;0;1;1;2
202000015325;154 715 341;7;0;0;1;13;1
202000015326;154 715 339;7;6;0;1;13;1
202000015327;154 715 337;7;0;0;1;6;1
202000015327;154 715 338;7;0;0;1;15;1
202000015328;154 715 335;33;0;2;4;0;1
202000015328;154 715 336;34;0;2;1;13;1
202000015329;154 715 333;2;0;2;1;13;1
202000015329;154 715 334;7;0;2;3;1;1
202000015330;154 715 332;33;0;0;0;1;1
202000015331;154 715 331;7;10;0;1;13;0
202000015332;154 715 329;33;0;2;3;1;1
202000015332;154 715 330;7;0;2;2;15;1
202000015333;154 715 327;33;0;2;7;12;0
202000015333;154 715 328;7;0;2;3;18;0
202000015334;154 715 326;2;11;0;1;1;1
202000015335;154 715 325;7;0;0;2;1;1
202000015336;154 715 322;32;7;0;2;1;1
202000015337;154 715 320;33;0;2;1;21;1
202000015337;154 715 321;7;0;0;8;15;1
202000015338;154 715 317;7;0;9;0;1;1
202000015338;154 715 318;33;0;2;1;26;1
202000015338;154 715 319;2;0;2;1;17;1
202000015339;154 715 315;7;0;0;4;1;1
202000015339;154 715 316;7;0;2;1;2;6
202000015340;154 715 313;7;0;2;8;10;1
202000015340;154 715 314;7;0;2;2;11;1
202000015341;154 715 312;7;0;1;2;1;1
202000015342;154 715 310;33;0;2;8;17;1
202000015342;154 715 311;7;0;2;8;21;1
202000015343;154 715 309;7;1;0;3;1;1
202000015344;154 715 307;10;0;2;3;1;1
202000015344;154 715 308;7;0;2;3;13;1
202000015345;154 715 306;2;0;0;0;0;0
202000015346;154 715 305;7;6;0;1;0;1
202000015347;154 715 304;33;0;0;7;14;1
202000015348;154 715 303;7;17;0;2;1;1
202000015349;154 715 302;7;0;0;1;21;1
202000015350;154 715 301;7;0;1;3;1;1
202000015351;154 715 299;1;0;0;3;1;5
202000015351;154 715 300;7;0;9;3;1;1
202000015352;154 715 297;7;0;2;3;1;1
202000015352;154 715 298;7;0;2;3;1;1
202000015353;154 715 295;33;0;2;1;1;1
202000015353;154 715 296;1;0;0;4;1;5
202000015354;154 715 294;31;3;0;1;1;1
202000015355;154 715 292;32;0;0;4;3;0
202000015355;154 715 293;7;0;2;3;2;0
202000015356;154 715 289;7;6;0;1;17;1
202000015357;154 715 288;7;6;0;1;0;1
202000015358;154 715 287;7;13;0;7;17;1
202000015359;154 715 285;7;0;2;3;1;0
202000015359;154 715 286;7;0;2;3;13;0
202000015360;154 715 284;7;13;0;9;1;1
202000015361;154 715 283;7;8;0;1;14;1
202000015362;154 715 282;7;9;0;1;19;1
202000015363;154 715 280;33;0;2;3;1;0
202000015363;154 715 281;7;0;2;3;1;0
202000015364;154 715 278;7;0;2;3;15;1
202000015364;154 715 279;2;0;2;1;1;1
202000015365;154 715 276;17;0;2;6;1;1
202000015365;154 715 277;7;0;2;2;21;1
202000015366;154 715 274;10;0;2;6;23;1
202000015366;154 715 275;10;0;2;2;1;1
202000015367;154 715 272;31;0;2;1;2;1
202000015367;154 715 273;7;0;2;4;2;1
202000015368;154 715 265;7;0;2;6;23;1
202000015368;154 715 266;7;0;2;3;21;1
202000015368;154 715 267;7;0;2;4;2;1
202000015368;154 715 268;7;3;2;1;21;1
202000015368;154 715 269;7;0;2;1;2;2
202000015368;154 715 270;7;0;2;2;2;1
202000015368;154 715 271;7;0;2;1;2;1
202000015369;154 715 264;7;4;0;0;13;1
202000015370;154 715 262;7;0;2;7;12;1
202000015370;154 715 263;33;0;2;3;3;1
202000015371;154 715 260;7;3;2;6;1;1
202000015371;154 715 261;7;0;2;1;2;1
202000015372;154 715 257;7;1;0;1;14;1
202000015372;154 715 258;7;0;0;4;23;1
202000015372;154 715 259;7;1;0;1;2;1
202000015373;154 715 255;7;0;2;1;1;1
202000015373;154 715 256;7;0;2;4;1;1
202000015374;154 715 253;7;0;2;2;11;1
202000015374;154 715 254;7;0;2;6;1;1
202000015375;154 715 251;7;0;2;3;1;1
202000015375;154 715 252;7;0;2;2;17;1
202000015376;154 715 250;7;4;0;3;15;1
202000015377;154 715 249;10;0;1;1;1;1
202000015378;154 715 247;7;0;2;2;15;1
202000015378;154 715 248;1;0;2;2;1;5
202000015379;154 715 245;33;0;2;1;5;1
202000015379;154 715 246;10;0;2;1;15;1
202000015380;154 715 244;30;0;1;1;1;1
202000015381;154 715 242;10;0;2;5;1;1
202000015381;154 715 243;7;0;2;1;1;1
202000015382;154 715 240;7;0;2;1;1;1
202000015382;154 715 241;7;0;2;3;13;1
202000015383;154 715 237;7;0;2;8;1;1
202000015383;154 715 238;7;0;2;2;0;1
202000015383;154 715 239;7;0;2;8;13;1
202000015384;154 715 235;7;0;2;7;16;1
202000015384;154 715 236;30;0;2;8;1;1
202000015385;154 715 234;7;0;1;3;1;1
202000015386;154 715 233;32;0;0;8;1;1
202000015387;154 715 232;7;0;1;3;1;0
202000015388;154 715 230;50;0;2;7;2;3
202000015388;154 715 231;7;0;9;8;15;1
202000015389;154 715 229;7;8;0;3;13;1
202000015390;154 715 227;7;0;2;8;15;1
202000015390;154 715 228;33;0;2;1;17;1
202000015391;154 715 225;37;0;2;3;23;1
202000015391;154 715 226;7;0;2;4;26;1
202000015392;154 715 224;7;0;1;1;15;0
202000015393;154 715 223;7;0;1;8;21;1
202000015394;154 715 222;7;0;1;7;15;1
202000015395;154 715 220;7;0;2;2;1;1
202000015395;154 715 221;7;0;2;1;16;1
202000015396;154 715 219;7;0;1;1;2;1
202000015397;154 715 218;7;0;1;1;1;1
202000015398;154 715 217;7;0;1;1;1;1
202000015399;154 715 215;7;0;2;1;1;1
202000015399;154 715 216;7;0;2;1;13;1
202000015400;154 715 211;32;0;2;0;1;1
202000015400;154 715 212;7;0;2;0;15;1
202000015401;154 715 209;7;0;0;0;23;1
202000015401;154 715 210;32;0;2;7;21;1
202000015402;154 715 207;30;0;2;0;1;1
202000015402;154 715 208;7;0;2;0;0;0
202000015403;154 715 205;1;0;2;4;1;5
202000015403;154 715 206;7;0;2;1;9;1
202000015404;154 715 204;7;0;1;3;1;1
202000015405;154 715 202;7;1;2;1;2;1
202000015405;154 715 203;7;0;2;4;0;1
202000015406;154 715 201;7;6;0;1;1;1
202000015407;154 715 200;10;0;1;3;1;1
202000015408;154 715 199;10;13;0;1;14;1
202000015409;154 715 197;7;0;2;2;2;1
202000015409;154 715 198;2;0;2;4;2;1
202000015410;154 715 196;10;0;1;5;4;1
202000015411;154 715 194;7;0;2;7;23;1
202000015411;154 715 195;50;14;0;1;5;3
202000015412;154 715 192;7;0;2;3;1;1
202000015412;154 715 193;7;0;2;6;16;1
202000015413;154 715 191;7;2;0;1;2;1
202000015414;154 715 188;7;0;2;0;1;1
202000015414;154 715 189;7;0;2;7;1;1
202000015415;154 715 187;30;8;0;1;1;1
202000015416;154 715 186;7;1;0;2;1;1
202000015417;154 715 184;1;0;2;3;19;5
202000015417;154 715 185;10;0;9;3;1;1
202000015418;154 715 182;7;0;2;7;15;1
202000015418;154 715 183;10;0;2;1;0;1
202000015419;154 715 180;7;0;2;4;2;1
202000015419;154 715 181;7;0;2;1;2;1
202000015420;154 715 179;10;0;1;3;1;1
202000015421;154 715 177;32;0;2;2;17;1
202000015421;154 715 178;7;0;2;3;20;1
202000015422;154 715 175;7;0;2;0;0;0
202000015422;154 715 176;50;0;2;8;13;3
202000015423;154 715 173;7;0;2;2;15;1
202000015423;154 715 174;7;0;2;3;1;1
202000015424;154 715 171;7;0;2;;1;
202000015424;154 715 172;7;0;2;1;1;
202000015425;154 715 169;10;0;2;2;17;1
202000015425;154 715 170;1;0;2;8;11;5
202000015426;154 715 166;7;0;2;4;23;1
202000015426;154 715 167;7;0;2;4;23;1
202000015426;154 715 168;7;0;2;1;2;1
202000015427;154 715 163;7;0;2;1;1;1
202000015427;154 715 164;7;0;2;6;11;1
202000015427;154 715 165;7;4;2;1;1;1
202000015428;154 715 157;7;0;2;2;12;1
202000015428;154 715 158;33;0;2;1;3;1
202000015428;154 715 159;31;0;2;1;3;1
202000015428;154 715 160;31;0;2;1;3;1
202000015428;154 715 161;31;0;2;1;3;1
202000015428;154 715 162;7;0;2;1;1;1
202000015429;154 715 155;32;0;2;1;1;1
202000015429;154 715 156;7;0;2;3;10;0
202000015430;154 715 153;7;0;2;1;1;2
202000015430;154 715 154;7;0;2;7;15;1
202000015431;154 715 151;43;0;2;3;1;1
202000015431;154 715 152;30;0;2;2;16;1
202000015432;154 715 149;7;0;2;8;22;1
202000015432;154 715 150;30;0;2;1;1;1
202000015433;154 715 148;10;0;1;3;1;1
202000015434;154 715 147;50;12;0;1;5;3
202000015435;154 715 146;30;0;1;1;1;1
202000015436;154 715 144;1;0;2;3;1;5
202000015436;154 715 145;7;0;9;2;15;1
202000015437;154 715 142;7;0;2;2;17;0
202000015437;154 715 143;7;0;2;6;0;1
202000015438;154 715 138;7;0;2;3;1;1
202000015438;154 715 139;2;0;2;1;1;1
202000015438;154 715 140;7;0;2;3;1;1
202000015438;154 715 141;7;0;9;0;0;1
202000015439;154 715 136;7;0;2;1;26;1
202000015439;154 715 137;7;7;0;4;23;1
202000015440;154 715 134;1;0;2;2;19;5
202000015440;154 715 135;7;0;2;2;16;1
202000015441;154 715 133;99;1;0;2;1;1
202000015442;154 715 131;7;0;2;8;15;1
202000015442;154 715 132;7;0;2;1;1;1
202000015443;154 715 129;7;0;2;2;15;1
202000015443;154 715 130;32;0;2;1;1;1
202000015444;154 715 127;7;0;0;6;24;1
202000015444;154 715 128;7;1;0;2;14;1
202000015445;154 715 126;7;13;0;9;14;1
202000015446;154 715 124;7;0;2;3;13;1
202000015446;154 715 125;7;0;2;6;1;1
202000015447;154 715 123;7;0;1;2;15;0
202000015448;154 715 121;32;0;2;1;17;1
202000015448;154 715 122;7;0;0;3;10;1
202000015449;154 715 119;7;0;0;6;2;1
202000015449;154 715 120;33;0;2;1;2;1
202000015450;154 715 116;33;0;0;0;1;1
202000015450;154 715 117;33;0;2;1;1;1
202000015450;154 715 118;33;0;2;1;1;1
202000015451;154 715 114;1;0;9;0;1;5
202000015451;154 715 115;1;0;0;0;19;5
202000015452;154 715 113;7;6;0;1;1;1
202000015453;154 715 111;7;0;2;1;10;1
202000015453;154 715 112;7;0;2;8;10;1
202000015454;154 715 109;7;0;9;2;0;1
202000015454;154 715 110;1;0;0;5;2;5
202000015455;154 715 107;2;0;2;1;2;1
202000015455;154 715 108;7;0;0;8;15;1
202000015456;154 715 106;7;0;1;2;1;1
202000015457;154 715 105;2;0;0;0;1;1
202000015458;154 715 104;2;0;1;2;1;1
202000015459;154 715 102;2;0;2;1;2;6
202000015459;154 715 103;7;0;0;4;2;6
202000015460;154 715 101;7;0;0;9;1;1
202000015461;154 715 099;7;0;9;3;15;1
202000015461;154 715 100;1;0;2;1;0;5
202000015462;154 715 096;33;0;0;0;21;1
202000015463;154 715 095;31;0;0;0;21;1
202000015464;154 715 093;33;0;2;2;17;1
202000015464;154 715 094;7;0;2;8;15;1
202000015465;154 715 092;2;13;0;7;1;1
202000015466;154 715 091;7;0;0;0;1;1
202000015467;154 715 089;7;0;2;2;1;1
202000015467;154 715 090;7;0;2;1;1;1
202000015468;154 715 087;7;0;2;6;1;1
202000015468;154 715 088;7;0;2;3;19;1
202000015469;154 715 085;10;0;2;2;15;1
202000015469;154 715 086;33;0;2;1;1;1
202000015470;154 715 082;34;0;2;1;1;1
202000015470;154 715 083;7;0;2;2;19;1
202000015471;154 715 081;7;13;0;2;14;1
202000015472;154 715 079;33;0;2;3;11;1
202000015472;154 715 080;7;0;2;5;17;1
202000015473;154 715 078;7;3;0;2;0;1
202000015474;154 715 077;17;0;0;9;1;1
202000015475;154 715 075;7;0;0;5;1;2
202000015475;154 715 076;33;0;2;1;0;1
202000015476;154 715 073;14;0;9;7;16;1
202000015476;154 715 074;1;0;2;1;1;5
202000015477;154 715 071;7;13;0;9;1;0
202000015477;154 715 072;7;0;2;1;1;0
202000015478;154 715 069;7;0;2;1;15;1
202000015478;154 715 070;33;0;2;3;0;1
202000015479;154 715 066;7;0;2;1;2;0
202000015479;154 715 067;7;0;2;4;2;0
202000015479;154 715 068;7;0;0;4;2;0
202000015480;154 715 063;2;15;0;1;0;1
202000015481;154 715 060;7;0;2;7;23;1
202000015481;154 715 061;7;0;2;8;22;1
202000015481;154 715 062;33;0;2;7;3;1
202000015482;154 715 058;7;0;0;3;26;1
202000015482;154 715 059;7;0;2;1;1;1
202000015483;154 715 056;7;0;9;7;17;1
202000015483;154 715 057;1;0;2;8;2;5
202000015484;154 715 054;7;0;2;1;1;1
202000015484;154 715 055;10;0;2;1;15;1
202000015485;154 715 052;7;0;2;3;1;1
202000015485;154 715 053;7;0;2;3;1;1
202000015486;154 715 050;7;0;2;7;1;1
202000015486;154 715 051;10;0;2;3;15;1
202000015487;154 715 048;7;0;9;2;20;1
202000015487;154 715 049;1;0;2;8;1;5
202000015488;154 715 047;7;9;1;1;13;1
202000015489;154 715 045;7;0;2;3;1;1
202000015489;154 715 046;1;0;2;1;1;5
202000015490;154 715 043;7;0;2;1;15;1
202000015490;154 715 044;7;0;2;2;1;1
202000015491;154 715 042;7;1;1;1;15;1
202000015492;154 715 040;7;0;9;2;0;0
202000015492;154 715 041;1;6;0;4;2;5
202000015493;154 715 039;7;14;0;2;1;1
202000015494;154 715 037;7;0;2;3;9;1
202000015494;154 715 038;33;0;2;1;1;1
202000015495;154 715 035;33;0;2;7;1;1
202000015495;154 715 036;7;0;2;1;19;1
202000015496;154 715 033;7;0;2;1;1;1
202000015496;154 715 034;7;3;0;1;1;1
202000015497;154 715 032;7;8;0;9;2;1
202000015498;154 715 031;10;6;0;3;14;1
202000015499;154 715 030;7;4;0;0;13;1
202000015500;154 715 026;7;0;2;4;2;1
202000015500;154 715 027;7;0;2;1;2;1
202000015500;154 715 028;7;0;2;4;2;1
202000015500;154 715 029;7;0;2;4;2;1
202000015501;154 715 023;7;0;2;4;0;1
202000015501;154 715 024;7;0;2;9;0;1
202000015501;154 715 025;7;0;2;1;26;1
202000015502;154 715 020;10;0;2;8;1;1
202000015502;154 715 021;10;0;2;4;1;1
202000015502;154 715 022;10;0;0;7;12;1
202000015503;154 715 017;7;0;2;1;2;1
202000015503;154 715 018;7;0;2;4;2;1
202000015503;154 715 019;7;0;2;4;2;1
202000015504;154 715 014;7;0;2;3;1;1
202000015504;154 715 015;7;0;2;4;2;1
202000015504;154 715 016;7;0;2;1;2;1
202000015505;154 715 013;33;4;0;3;13;1
202000015506;154 715 011;34;0;2;1;3;1
202000015506;154 715 012;10;0;2;3;1;1
202000015507;154 715 010;31;0;0;0;1;1
202000015508;154 715 008;10;0;1;1;26;1
202000015508;154 715 009;;0;1;0;0;0
202000015509;154 715 007;7;16;0;9;1;1
202000015510;154 715 005;33;0;2;1;1;0
202000015510;154 715 006;7;0;2;3;15;0
202000015511;154 715 004;10;0;1;4;20;1
202000015512;154 715 003;30;9;0;1;1;1
202000015513;154 715 001;7;0;2;0;0;0
202000015513;154 715 002;7;0;2;3;2;1
202000015514;154 714 999;7;0;2;2;2;1
202000015514;154 715 000;10;8;2;6;2;1
202000015515;154 714 997;10;0;2;1;2;1
202000015515;154 714 998;7;0;2;4;2;1
202000015516;154 714 996;7;0;0;0;21;
202000015517;154 714 993;7;0;1;2;1;1
202000015518;154 714 992;7;8;0;4;1;1
202000015519;154 714 990;7;0;2;1;1;1
202000015519;154 714 991;7;0;2;2;1;1
202000015520;154 714 988;7;0;2;3;2;1
202000015520;154 714 989;2;0;2;7;2;0
202000015521;154 714 986;7;0;2;1;1;1
202000015521;154 714 987;2;0;2;1;5;1
202000015522;154 714 985;7;0;1;1;1;1
202000015523;154 714 983;32;0;2;1;17;1
202000015523;154 714 984;7;0;0;6;15;1
202000015524;154 714 982;7;0;1;1;1;0
202000015525;154 714 981;7;0;1;1;15;1
202000015526;154 714 979;7;0;2;7;15;1
202000015526;154 714 980;33;0;2;1;1;1
202000015527;154 714 978;7;0;1;1;15;1
202000015528;154 714 976;30;0;2;3;15;1
202000015528;154 714 977;7;0;2;1;1;1
202000015529;154 714 974;1;0;2;1;1;5
202000015529;154 714 975;7;0;2;3;16;1
202000015530;154 714 972;7;0;2;1;1;1
202000015530;154 714 973;32;0;2;7;1;0
202000015531;154 714 970;3;0;2;3;1;1
202000015531;154 714 971;7;0;2;3;1;1
202000015532;154 714 968;10;0;0;1;13;1
202000015532;154 714 969;7;0;2;1;1;1
202000015533;154 714 967;33;0;0;8;1;1
202000015534;154 714 966;30;0;1;1;16;1
202000015535;154 714 964;1;0;2;8;2;5
202000015535;154 714 965;50;0;2;0;2;3
202000015536;154 714 963;1;1;0;1;13;5
202000015537;154 714 959;7;0;2;4;2;1
202000015537;154 714 960;7;0;2;4;2;1
202000015537;154 714 961;7;0;2;1;2;1
202000015537;154 714 962;7;0;2;1;2;1
202000015538;154 714 957;7;0;2;4;23;1
202000015538;154 714 958;33;0;2;1;2;1
202000015539;154 714 956;7;0;1;1;1;1
202000015540;154 714 955;10;0;1;2;15;1
202000015541;154 714 954;32;0;0;0;15;1
202000015542;154 714 952;7;0;2;7;22;2
202000015542;154 714 953;1;0;2;1;1;5
202000015543;154 714 950;30;0;2;6;1;1
202000015543;154 714 951;32;0;2;7;13;1
202000015544;154 714 948;30;0;2;1;17;1
202000015544;154 714 949;7;0;2;3;10;1
202000015545;154 714 946;1;0;2;4;2;5
202000015545;154 714 947;7;0;2;1;2;0
202000015546;154 714 944;7;0;2;5;23;1
202000015546;154 714 945;7;0;2;1;2;1
202000015547;154 714 942;30;0;2;1;1;1
202000015547;154 714 943;7;0;2;1;1;1
202000015548;154 714 940;7;0;2;5;16;1
202000015548;154 714 941;37;0;2;3;7;1
202000015549;154 714 939;30;0;0;1;1;1
202000015550;154 714 938;1;0;1;4;1;5
202000015551;154 714 937;7;0;1;1;15;2
202000015552;154 714 935;1;0;2;1;26;5
202000015552;154 714 936;7;0;2;2;16;1
202000015553;154 714 934;30;1;0;1;26;0
202000015554;154 714 932;7;0;2;6;2;0
202000015554;154 714 933;7;0;2;2;21;0
202000015555;154 714 930;7;0;2;7;15;1
202000015555;154 714 931;2;0;0;1;1;1
202000015556;154 714 928;7;0;2;2;9;1
202000015556;154 714 929;33;0;2;1;13;1
202000015557;154 714 926;7;1;2;2;17;1
202000015557;154 714 927;7;1;2;2;17;1
202000015558;154 714 924;2;0;2;7;17;1
202000015558;154 714 925;7;0;2;3;15;1
202000015559;154 714 923;31;0;0;1;12;0
202000015560;154 714 921;2;0;2;1;26;1
202000015560;154 714 922;7;0;2;3;26;1
202000015561;154 714 919;30;0;2;4;15;3
202000015561;154 714 920;7;0;2;3;2;1
202000015562;154 714 917;7;0;9;7;22;1
202000015562;154 714 918;1;1;0;2;21;5
202000015563;154 714 915;10;0;2;2;16;1
202000015563;154 714 916;50;0;2;8;1;3
202000015564;154 714 913;7;0;2;1;0;1
202000015564;154 714 914;7;0;2;4;0;1
202000015565;154 714 912;33;8;0;1;0;1
202000015566;154 714 911;33;0;0;1;1;1
202000015567;154 714 909;7;7;2;1;1;1
202000015567;154 714 910;7;0;2;2;9;1
202000015568;154 714 906;7;0;2;1;21;0
202000015568;154 714 907;33;0;2;1;0;0
202000015568;154 714 908;10;0;0;6;23;0
202000015569;154 714 904;7;0;2;1;17;1
202000015569;154 714 905;7;0;2;1;1;1
202000015570;154 714 902;7;0;2;1;1;1
202000015570;154 714 903;7;0;2;3;1;1