Num_Acc;id_vehicule;categorie_vehicule;obstacle_fixe;obstacle_mobile;point_choc_initial;manoeuvre_principale;motorisation
202000015571;154 714 901;33;11;0;1;1;0
202000015572;154 714 899;7;0;2;3;1;0
202000015572;154 714 900;1;0;2;8;19;5
202000015573;154 714 898;31;0;0;0;10;1
202000015574;154 714 897;7;8;0;1;0;1
202000015575;154 714 895;10;0;0;8;1;1
202000015576;154 714 894;7;16;0;0;13;1
202000015577;154 714 892;1;0;2;8;19;6
202000015577;154 714 893;7;0;2;2;1;1
202000015578;154 714 890;33;0;2;1;5;1
202000015578;154 714 891;7;0;2;7;1;1
202000015579;154 714 889;7;6;0;0;14;1
202000015580;154 714 888;36;8;0;1;1;1
202000015581;154 714 887;36;0;0;0;0;1
202000015582;154 714 886;2;0;0;0;1;1
202000015583;154 714 884;1;0;2;1;1;5
202000015583;154 714 885;7;0;2;8;15;1
202000015584;154 714 883;33;0;0;1;14;1
202000015585;154 714 881;7;0;0;8;19;1
202000015585;154 714 882;7;0;9;1;1;1
202000015586;154 714 879;7;0;2;1;13;1
202000015586;154 714 880;7;0;2;3;1;1
202000015587;154 714 878;2;6;0;3;13;1
202000015588;154 714 876;7;0;2;3;2;0
202000015588;154 714 877;7;0;2;5;2;0
202000015589;154 714 874;7;0;2;2;1;1
202000015589;154 714 875;7;0;2;1;1;1
202000015590;154 714 871;7;2;0;1;13;1
202000015591;154 714 870;33;13;0;2;1;1
202000015592;154 714 868;7;0;2;7;17;6
202000015592;154 714 869;2;0;0;8;2;6
202000015593;154 714 866;7;0;0;8;19;1
202000015593;154 714 867;7;0;2;1;1;1
202000015594;154 714 864;7;0;2;3;1;1
202000015594;154 714 865;7;0;2;7;19;1
202000015595;154 714 862;7;3;0;2;1;1
202000015595;154 714 863;7;0;2;3;1;1
202000015596;154 714 861;7;10;0;2;1;1
202000015597;154 714 859;7;0;2;3;1;0
202000015597;154 714 860;7;0;2;3;1;1
202000015598;154 714 858;36;2;0;1;1;0
202000015599;154 714 857;10;13;0;1;13;1
202000015600;154 714 856;33;0;0;7;1;1
202000015601;154 714 854;7;0;9;8;1;0
202000015601;154 714 855;1;0;2;1;1;5
202000015602;154 714 852;33;0;2;9;13;1
202000015602;154 714 853;7;0;2;1;1;1
202000015603;154 714 851;7;13;0;3;0;1
202000015604;154 714 849;7;0;2;8;15;1
202000015604;154 714 850;7;0;2;3;1;1
202000015605;154 714 847;33;0;2;7;17;1
202000015605;154 714 848;10;0;2;8;11;1
202000015606;154 714 846;2;1;0;1;5;1
202000015607;154 714 845;33;8;0;7;1;1
202000015608;154 714 843;7;0;2;1;2;1
202000015608;154 714 844;33;0;2;4;1;1
202000015609;154 714 839;32;0;0;0;0;1
202000015609;154 714 840;7;0;2;6;0;1
202000015609;154 714 841;33;0;2;2;0;1
202000015609;154 714 842;7;4;2;1;0;1
202000015610;154 714 837;7;0;2;4;2;1
202000015610;154 714 838;34;0;2;1;2;1
202000015611;154 714 835;7;0;2;3;11;1
202000015611;154 714 836;7;0;2;7;21;1
202000015612;154 714 828;7;0;2;4;2;1
202000015612;154 714 829;10;0;2;4;2;1
202000015612;154 714 830;7;0;2;4;2;1
202000015612;154 714 831;7;0;2;4;2;1
202000015612;154 714 832;7;0;2;9;2;1
202000015612;154 714 833;10;0;2;1;2;1
202000015612;154 714 834;7;0;2;4;2;1
202000015613;154 714 826;10;0;2;4;2;1
202000015613;154 714 827;14;0;2;1;26;1
202000015614;154 714 823;7;0;2;4;1;1
202000015614;154 714 824;7;0;2;4;1;1
202000015614;154 714 825;7;0;2;1;1;1
202000015615;154 714 821;7;0;2;4;1;1
202000015615;154 714 822;7;0;2;1;2;1
202000015616;154 714 819;7;0;2;1;2;1
202000015616;154 714 820;15;0;2;4;2;1
202000015617;154 714 818;10;4;0;1;13;1
202000015618;154 714 817;7;15;0;2;14;1
202000015619;154 714 815;13;0;2;1;2;1
202000015619;154 714 816;7;0;2;4;1;1
202000015620;154 714 812;80;0;2;1;19;3
202000015620;154 714 813;10;0;2;1;19;1
202000015621;154 714 810;1;0;2;1;1;5
202000015621;154 714 811;7;0;2;1;15;1
202000015622;154 714 808;7;0;2;1;2;1
202000015622;154 714 809;10;0;0;4;2;1
202000015623;154 714 807;7;0;1;2;1;2
202000015624;154 714 806;7;0;1;3;9;0
202000015625;154 714 805;7;0;1;3;1;0
202000015626;154 714 803;30;0;2;5;21;1
202000015626;154 714 804;7;0;2;1;9;1
202000015627;154 714 802;7;0;1;7;1;1
202000015628;154 714 799;7;0;2;7;9;1
202000015628;154 714 800;7;0;2;1;1;1
202000015628;154 714 801;15;0;2;1;1;1
202000015629;154 714 797;7;0;2;1;26;1
202000015629;154 714 798;7;16;2;1;13;1
202000015630;154 714 795;1;0;0;8;1;5
202000015631;154 714 793;7;0;2;4;2;1
202000015631;154 714 794;10;0;2;1;2;1
202000015632;154 714 791;7;0;2;3;26;1
202000015632;154 714 792;7;0;2;5;26;1
202000015633;154 714 790;34;0;1;0;26;0
202000015634;154 714 789;30;0;1;1;17;1
202000015635;154 714 788;0;0;1;0;0;0
202000015636;154 714 786;7;0;2;4;2;0
202000015636;154 714 787;7;0;2;1;16;0
202000015637;154 714 785;7;0;1;1;19;1
202000015638;154 714 783;7;0;2;3;11;1
202000015638;154 714 784;7;0;2;2;17;1
202000015639;154 714 781;1;0;2;0;0;0
202000015639;154 714 782;7;0;2;0;0;0
202000015640;154 714 780;7;0;1;3;1;1
202000015641;154 714 778;7;0;2;1;1;1
202000015641;154 714 779;7;0;1;4;1;1
202000015642;154 714 776;7;0;2;4;1;1
202000015642;154 714 777;33;0;2;1;2;1
202000015643;154 714 774;7;0;2;3;1;1
202000015643;154 714 775;1;0;0;0;0;0
202000015644;154 714 772;10;0;2;4;23;1
202000015644;154 714 773;17;0;2;2;1;1
202000015645;154 714 770;7;0;2;8;15;1
202000015645;154 714 771;50;0;2;8;19;3
202000015646;154 714 768;7;0;2;1;19;1
202000015646;154 714 769;1;0;2;7;1;5
202000015647;154 714 767;7;0;1;1;26;1
202000015648;154 714 765;33;0;2;1;17;1
202000015648;154 714 766;21;0;2;0;0;1
202000015649;154 714 764;7;0;1;2;16;1
202000015650;154 714 762;7;0;2;7;15;1
202000015650;154 714 763;33;0;2;1;1;1
202000015651;154 714 760;2;0;2;1;1;1
202000015651;154 714 761;7;0;2;3;1;1
202000015652;154 714 759;33;15;0;0;1;1
202000015653;154 714 757;7;0;2;2;15;1
202000015653;154 714 758;7;0;2;1;26;1
202000015654;154 714 756;7;11;0;3;1;1
202000015655;154 714 755;30;16;0;0;0;1
202000015656;154 714 754;7;16;0;1;1;1
202000015657;154 714 752;7;16;0;0;26;0
202000015657;154 714 753;30;16;0;0;26;0
202000015658;154 714 750;7;0;2;4;23;1
202000015658;154 714 751;7;0;2;1;2;1
202000015659;154 714 748;7;0;2;2;9;1
202000015659;154 714 749;7;0;2;1;1;0
202000015660;154 714 747;7;0;1;1;0;1
202000015661;154 714 745;7;0;2;1;1;1
202000015661;154 714 746;1;0;2;7;19;5
202000015662;154 714 743;7;0;2;1;1;1
202000015662;154 714 744;32;0;2;4;1;1
202000015663;154 714 741;7;0;2;1;0;1
202000015663;154 714 742;7;0;2;3;16;1
202000015664;154 714 739;7;0;2;2;1;1
202000015664;154 714 740;30;0;2;1;5;1
202000015665;154 714 737;7;0;2;1;1;1
202000015665;154 714 738;1;0;2;1;1;5
202000015666;154 714 735;1;0;2;1;1;5
202000015666;154 714 736;7;0;2;0;13;3
202000015667;154 714 733;7;0;2;1;13;1
202000015667;154 714 734;7;0;2;1;1;1
202000015668;154 714 731;1;0;2;4;15;5
202000015668;154 714 732;7;0;2;4;17;0
202000015669;154 714 728;7;0;2;3;18;1
202000015669;154 714 729;7;0;2;3;1;1
202000015669;154 714 730;7;0;2;2;1;1
202000015670;154 714 726;7;0;0;4;1;0
202000015670;154 714 727;7;0;2;0;0;0
202000015671;154 714 725;7;1;1;4;4;1
202000015672;154 714 723;31;0;2;1;13;0
202000015672;154 714 724;7;0;2;3;1;0
202000015673;154 714 721;7;0;1;4;23;1
202000015673;154 714 722;10;0;2;1;2;1
202000015674;154 714 720;32;0;0;0;11;1
202000015675;154 714 716;1;0;2;8;19;5
202000015675;154 714 717;7;1;2;1;1;1
202000015676;154 714 714;1;0;2;1;1;5
202000015676;154 714 715;13;0;2;7;16;1
202000015677;154 714 713;1;0;1;1;25;5
202000015678;154 714 711;7;0;2;2;15;1
202000015678;154 714 712;30;0;2;1;1;1
202000015679;154 714 708;0;0;2;3;16;0
202000015679;154 714 709;2;0;2;0;0;1
202000015680;154 714 706;7;0;2;7;1;0
202000015680;154 714 707;7;0;2;1;1;0
202000015681;154 714 705;7;15;0;8;1;1
202000015682;154 714 703;32;0;2;1;9;1
202000015682;154 714 704;7;0;2;1;9;1
202000015683;154 714 701;1;0;2;0;1;5
202000015683;154 714 702;7;0;9;2;15;1
202000015684;154 714 699;7;0;2;6;23;1
202000015684;154 714 700;30;0;0;3;17;1
202000015685;154 714 697;7;1;0;6;21;1
202000015685;154 714 698;7;1;0;3;21;1
202000015686;154 714 695;7;0;2;1;1;0
202000015686;154 714 696;1;0;2;7;19;5
202000015687;154 714 692;7;0;2;1;1;1
202000015687;154 714 693;7;0;2;7;1;1
202000015687;154 714 694;7;0;2;8;12;1
202000015688;154 714 691;7;0;1;3;1;1
202000015689;154 714 690;7;0;1;4;4;2
202000015690;154 714 689;80;5;1;1;1;3
202000015691;154 714 687;7;14;2;1;19;1
202000015691;154 714 688;7;14;2;6;19;1
202000015692;154 714 685;7;0;2;8;22;1
202000015692;154 714 686;1;0;2;1;0;5
202000015693;154 714 684;7;13;0;1;1;1
202000015694;154 714 682;7;0;2;1;1;1
202000015694;154 714 683;7;0;2;0;9;1
202000015695;154 714 680;7;0;2;1;1;1
202000015695;154 714 681;1;0;2;4;11;5
202000015696;154 714 679;7;2;0;3;1;1
202000015697;154 714 678;7;3;0;2;2;1
202000015698;154 714 676;33;0;2;1;17;1
202000015698;154 714 677;7;0;2;6;15;1
202000015699;154 714 671;21;0;9;2;19;0
202000015699;154 714 672;1;0;2;1;1;0
202000015700;154 714 670;33;9;0;1;1;1
202000015701;154 714 669;7;8;0;1;14;1
202000015702;154 714 668;7;0;1;2;1;0
202000015703;154 714 667;33;0;0;0;1;1
202000015704;154 714 665;7;0;2;2;26;1
202000015704;154 714 666;7;0;2;3;21;1
202000015705;154 714 663;7;0;0;0;20;0
202000015705;154 714 664;2;0;0;0;21;1
202000015706;154 714 662;31;0;0;5;1;1
202000015707;154 714 661;33;16;0;7;1;1
202000015708;154 714 660;7;13;0;1;1;1
202000015709;154 714 658;7;0;2;2;1;1
202000015709;154 714 659;7;0;2;4;15;1
202000015710;154 714 655;7;3;2;4;1;1
202000015710;154 714 656;7;1;2;1;1;1
202000015710;154 714 657;7;0;2;3;23;1
202000015711;154 714 653;33;0;9;0;0;0
202000015711;154 714 654;1;0;9;0;0;5
202000015712;154 714 651;7;0;2;2;15;1
202000015712;154 714 652;33;0;2;1;1;1
202000015713;154 714 649;33;0;2;1;1;1
202000015713;154 714 650;7;0;0;5;1;1
202000015714;154 714 647;7;0;2;2;1;1
202000015714;154 714 648;7;0;2;1;1;1
202000015715;154 714 645;33;0;0;0;1;1
202000015715;154 714 646;7;0;0;3;1;1
202000015716;154 714 644;14;0;1;3;1;1
202000015717;154 714 642;2;0;2;1;1;1
202000015717;154 714 643;10;0;2;3;5;1
202000015718;154 714 641;1;0;0;9;1;5
202000015719;154 714 639;7;0;2;2;1;1
202000015719;154 714 640;31;0;2;3;1;1
202000015720;154 714 636;7;0;0;3;1;1
202000015720;154 714 637;7;0;0;6;1;1
202000015720;154 714 638;7;0;2;3;13;1
202000015721;154 714 635;1;0;0;2;1;5
202000015722;154 714 634;33;0;0;8;1;1
202000015723;154 714 632;33;0;2;1;0;1
202000015723;154 714 633;7;0;9;7;15;1
202000015724;154 714 631;33;0;0;0;1;1
202000015725;154 714 630;7;16;0;3;1;1
202000015726;154 714 628;7;0;2;3;1;1
202000015726;154 714 629;7;0;2;1;13;1
202000015727;154 714 627;7;2;1;9;14;1
202000015728;154 714 626;2;1;0;3;1;1
202000015729;154 714 624;7;13;0;6;1;6
202000015729;154 714 625;7;9;2;1;26;6
202000015730;154 714 622;21;0;0;0;9;1
202000015730;154 714 623;33;0;0;7;1;1
202000015731;154 714 620;99;0;2;1;1;0
202000015731;154 714 621;7;0;2;3;1;0
202000015732;154 714 619;7;0;0;0;14;1
202000015733;154 714 617;7;0;2;3;0;1
202000015733;154 714 618;2;0;2;1;0;1
202000015734;154 714 616;2;0;0;0;1;1
202000015735;154 714 613;14;0;2;3;5;1
202000015735;154 714 614;7;0;2;1;2;1
202000015735;154 714 615;7;0;2;7;23;1
202000015736;154 714 609;7;0;2;4;2;1
202000015736;154 714 610;7;0;2;1;2;1
202000015737;154 714 607;10;0;2;1;13;1
202000015737;154 714 608;15;0;2;2;21;1
202000015738;154 714 602;15;0;0;6;0;1
202000015738;154 714 603;7;0;2;2;1;1
202000015739;154 714 600;7;0;2;1;13;1
202000015739;154 714 601;7;0;2;1;1;1
202000015740;154 714 598;7;13;2;3;1;1
202000015740;154 714 599;7;0;2;3;1;1
202000015741;154 714 596;7;0;9;3;1;1
202000015741;154 714 597;1;0;2;1;0;0
202000015742;154 714 594;37;0;2;6;17;1
202000015742;154 714 595;33;6;2;7;17;1
202000015743;154 714 591;17;0;0;4;2;1
202000015743;154 714 592;7;0;2;1;2;1
202000015743;154 714 593;7;1;0;1;2;1
202000015744;154 714 589;7;0;0;3;1;1
202000015744;154 714 590;7;0;2;8;15;1
202000015745;154 714 587;7;0;2;2;26;1
202000015745;154 714 588;7;0;2;3;0;1
202000015746;154 714 585;7;0;2;3;15;1
202000015746;154 714 586;2;0;2;1;1;1
202000015747;154 714 584;7;15;0;3;1;1
202000015748;154 714 583;7;6;0;2;17;1
202000015749;154 714 582;34;1;0;1;13;1
202000015750;154 714 580;7;0;2;7;16;1
202000015750;154 714 581;33;0;2;1;18;1
202000015751;154 714 579;7;0;1;3;1;1
202000015752;154 714 577;7;0;0;4;23;1
202000015752;154 714 578;7;0;2;1;1;1
202000015753;154 714 576;7;8;0;1;1;1
202000015754;154 714 574;1;0;2;1;1;5
202000015754;154 714 575;7;0;9;3;15;1
202000015755;154 714 570;10;0;2;2;0;1
202000015755;154 714 571;7;0;2;4;26;1
202000015755;154 714 572;7;0;2;4;26;1
202000015755;154 714 573;7;0;2;4;26;1
202000015756;154 714 568;7;0;2;1;2;1
202000015756;154 714 569;10;0;2;4;2;1
202000015757;154 714 566;7;0;2;4;2;1
202000015757;154 714 567;7;0;2;9;2;1
202000015758;154 714 565;7;4;0;1;21;1
202000015759;154 714 563;32;0;2;1;3;1
202000015759;154 714 564;10;0;2;5;11;0
202000015760;154 714 562;7;6;0;1;14;1
202000015761;154 714 561;7;4;0;7;14;1
202000015762;154 714 560;13;4;0;1;14;1
202000015763;154 714 558;7;0;2;4;2;1
202000015763;154 714 559;7;0;2;1;2;1
202000015764;154 714 555;10;0;2;1;1;1
202000015764;154 714 556;10;0;2;4;23;1
202000015764;154 714 557;7;0;2;4;23;1
202000015765;154 714 552;2;0;0;0;1;1
202000015765;154 714 553;7;0;0;0;17;1
202000015766;154 714 551;99;8;0;1;16;6
202000015767;154 714 549;7;0;2;8;1;1
202000015767;154 714 550;31;0;2;0;3;1
202000015768;154 714 548;10;4;0;3;13;1
202000015769;154 714 546;7;0;2;4;2;1
202000015769;154 714 547;1;0;2;1;2;5
202000015770;154 714 544;33;0;2;1;0;1
202000015770;154 714 545;7;0;2;0;0;1
202000015771;154 714 543;7;0;1;1;17;1
202000015772;154 714 541;32;0;2;1;9;1
202000015772;154 714 542;3;0;2;3;11;1
202000015773;154 714 539;7;0;2;8;9;1
202000015773;154 714 540;33;0;2;1;9;1
202000015774;154 714 537;7;0;2;1;2;1
202000015774;154 714 538;7;0;2;4;2;1
202000015775;154 714 536;34;14;0;0;26;1
202000015776;154 714 535;7;0;1;3;15;1
202000015777;154 714 533;7;4;2;1;2;1
202000015777;154 714 534;7;0;2;4;2;1
202000015778;154 714 530;7;0;2;8;19;1
202000015778;154 714 531;7;0;2;1;19;1
202000015779;154 714 528;7;0;0;0;0;1
202000015779;154 714 529;7;0;2;1;1;1
202000015780;154 714 526;7;0;2;1;1;1
202000015780;154 714 527;32;0;2;8;1;1
202000015781;154 714 524;2;0;2;1;25;1
202000015781;154 714 525;7;0;2;3;1;1
202000015782;154 714 522;50;0;2;1;19;3
202000015782;154 714 523;7;0;2;2;1;2
202000015783;154 714 520;7;0;2;7;23;1
202000015783;154 714 521;30;0;2;8;18;1
202000015784;154 714 519;30;4;0;1;13;1
202000015785;154 714 516;7;0;2;3;21;0
202000015785;154 714 517;7;0;2;3;1;0
202000015785;154 714 518;10;5;0;1;14;0
202000015786;154 714 513;7;0;0;9;1;1
202000015787;154 714 510;7;0;2;2;1;1
202000015787;154 714 511;7;0;2;3;1;1
202000015787;154 714 512;33;0;2;1;17;1
202000015788;154 714 508;36;0;2;1;1;1
202000015788;154 714 509;7;0;2;2;15;0
202000015789;154 714 507;7;0;1;1;1;6
202000015790;154 714 504;2;0;2;3;19;0
202000015790;154 714 505;7;0;2;2;1;0
202000015791;154 714 503;80;12;0;2;16;3
202000015792;154 714 501;7;0;2;2;13;1
202000015792;154 714 502;33;0;2;1;14;1
202000015793;154 714 499;7;7;2;7;19;1
202000015793;154 714 500;7;7;2;1;1;1
202000015794;154 714 497;7;0;2;1;0;1
202000015794;154 714 498;7;0;2;4;1;1
202000015795;154 714 495;7;0;2;8;1;1
202000015795;154 714 496;14;0;2;7;12;1
202000015796;154 714 491;7;0;2;4;2;1
202000015796;154 714 492;7;0;2;6;2;1
202000015796;154 714 493;7;0;2;4;0;1
202000015796;154 714 494;7;0;2;1;2;1
202000015797;154 714 489;7;0;2;6;12;1
202000015797;154 714 490;7;0;2;2;17;1
202000015798;154 714 487;34;0;2;4;2;1
202000015798;154 714 488;7;0;2;1;2;0
202000015799;154 714 485;7;0;2;1;2;1
202000015799;154 714 486;7;0;2;4;2;1
202000015800;154 714 483;0;0;2;0;0;1
202000015800;154 714 484;7;0;2;6;1;1
202000015801;154 714 482;7;0;2;1;1;1
202000015802;154 714 480;33;0;2;1;3;1
202000015802;154 714 481;10;0;2;2;12;1
202000015803;154 714 477;7;0;2;8;13;2
202000015803;154 714 478;7;4;0;7;17;1
202000015803;154 714 479;7;0;2;1;21;1
202000015804;154 714 475;7;0;2;1;2;1
202000015804;154 714 476;7;0;2;4;2;1
202000015805;154 714 473;10;4;0;4;1;1
202000015805;154 714 474;10;0;2;1;12;1
202000015806;154 714 469;7;0;2;1;2;1
202000015806;154 714 470;7;0;2;4;2;1
202000015806;154 714 471;7;0;2;4;2;1
202000015806;154 714 472;7;0;2;4;2;1
202000015807;154 714 467;33;0;2;8;3;1
202000015807;154 714 468;13;0;2;7;2;1
202000015808;154 714 466;7;0;0;3;1;1
202000015809;154 714 464;7;0;2;5;12;6
202000015809;154 714 465;33;0;2;3;3;6
202000015810;154 714 463;7;14;0;3;13;1
202000015811;154 714 462;7;0;1;1;1;1
202000015812;154 714 460;7;0;0;0;15;1
202000015812;154 714 461;33;0;0;9;21;1
202000015813;154 714 458;30;0;2;1;1;1
202000015813;154 714 459;7;0;2;3;10;1
202000015814;154 714 456;7;15;0;3;15;0
202000015814;154 714 457;33;15;2;1;17;0
202000015815;154 714 454;7;0;2;1;9;1
202000015815;154 714 455;2;0;2;7;1;1
202000015816;154 714 452;32;0;2;1;1;0
202000015816;154 714 453;1;0;2;1;5;0
202000015817;154 714 451;7;0;1;1;1;0
202000015818;154 714 449;7;0;2;2;16;1
202000015818;154 714 450;60;0;0;6;1;5
202000015819;154 714 447;7;0;2;1;9;0
202000015819;154 714 448;7;0;2;4;1;0
202000015820;154 714 446;99;0;1;0;26;0
202000015821;154 714 444;7;0;2;3;15;6
202000015821;154 714 445;34;0;2;6;9;6
202000015822;154 714 443;7;0;0;0;26;0
202000015823;154 714 442;7;0;1;1;1;1
202000015824;154 714 441;7;0;1;1;1;1
202000015825;154 714 440;7;14;1;3;1;1
202000015826;154 714 439;7;0;1;2;1;1
202000015827;154 714 436;7;0;2;0;26;1
202000015827;154 714 437;7;0;2;0;26;1
202000015827;154 714 438;7;0;2;0;26;1
202000015828;154 714 434;33;0;2;1;2;1
202000015828;154 714 435;7;0;2;4;23;1
202000015829;154 714 432;7;0;2;0;1;0
202000015829;154 714 433;1;0;2;0;1;5
202000015830;154 714 431;30;0;0;2;9;1
202000015831;154 714 430;7;6;0;1;1;1
202000015832;154 714 426;7;0;2;8;15;1
202000015832;154 714 427;7;0;2;1;1;1
202000015833;154 714 424;3;0;2;2;1;1
202000015833;154 714 425;7;0;2;3;1;1
202000015834;154 714 422;50;0;2;7;14;3
202000015834;154 714 423;7;0;9;1;9;1
202000015835;154 714 420;7;0;2;1;2;1
202000015835;154 714 421;7;0;2;4;23;1
202000015836;154 714 415;7;0;2;4;0;0
202000015836;154 714 416;7;0;2;4;1;0
202000015836;154 714 417;7;0;2;1;1;0
202000015837;154 714 411;7;0;2;1;2;1
202000015837;154 714 412;7;0;2;4;2;1
202000015837;154 714 413;7;0;2;4;2;1
202000015837;154 714 414;7;0;2;4;2;1
202000015838;154 714 408;7;0;2;3;1;1
202000015838;154 714 409;7;0;2;3;1;1
202000015838;154 714 410;7;0;2;1;15;1
202000015839;154 714 405;50;0;2;1;1;3
202000015839;154 714 406;7;0;2;8;1;1
202000015839;154 714 407;7;7;2;1;1;1
202000015840;154 714 402;7;0;2;4;1;0
202000015840;154 714 403;7;0;2;4;1;0
202000015840;154 714 404;7;0;2;1;1;0
202000015841;154 714 400;1;0;2;1;2;5
202000015841;154 714 401;7;0;2;2;16;1
202000015842;154 714 399;7;0;1;2;1;1
202000015843;154 714 397;1;0;2;4;2;5
202000015843;154 714 398;30;0;2;1;18;1
202000015844;154 714 395;7;0;2;3;1;0
202000015844;154 714 396;2;0;2;3;13;1
202000015845;154 714 393;2;0;2;7;17;1
202000015845;154 714 394;7;0;2;3;15;0
202000015846;154 714 391;31;0;2;1;1;1
202000015846;154 714 392;7;0;2;3;9;0
202000015847;154 714 389;2;0;2;1;17;1
202000015847;154 714 390;7;0;2;3;15;1
202000015848;154 714 387;7;0;2;7;20;1
202000015848;154 714 388;2;0;2;8;7;1
202000015849;154 714 386;7;0;1;1;1;0
202000015850;154 714 385;7;7;0;1;14;1
202000015851;154 714 383;7;0;2;2;15;1
202000015851;154 714 384;50;0;2;8;1;3
202000015852;154 714 381;13;0;2;1;14;1
202000015852;154 714 382;7;0;2;4;16;1
202000015853;154 714 379;7;0;2;0;15;1
202000015853;154 714 380;33;0;2;1;1;1
202000015854;154 714 377;1;0;2;8;2;5
202000015854;154 714 378;38;0;2;5;16;1
202000015855;154 714 376;10;0;0;1;1;1
202000015856;154 714 374;7;0;2;2;15;1
202000015856;154 714 375;2;0;2;3;0;1
202000015857;154 714 373;2;0;1;1;1;1
202000015858;154 714 372;7;4;0;1;26;1
202000015859;154 714 371;7;0;1;2;9;1
202000015860;154 714 370;7;0;1;2;1;1
202000015861;154 714 368;7;0;2;1;1;1
202000015861;154 714 369;7;0;2;1;15;1
202000015862;154 714 366;33;0;2;2;1;1
202000015862;154 714 367;7;0;2;8;11;1
202000015863;154 714 365;7;0;1;7;1;1
202000015864;154 714 363;2;0;2;7;1;6
202000015864;154 714 364;7;0;2;5;15;6
202000015865;154 714 361;50;0;2;7;1;3
202000015865;154 714 362;7;0;9;3;1;1
202000015866;154 714 357;7;0;2;4;1;1
202000015866;154 714 358;7;0;2;1;1;1
202000015866;154 714 359;7;0;2;1;1;1
202000015867;154 714 356;33;0;0;0;1;1
202000015868;154 714 354;30;0;2;1;1;1
202000015868;154 714 355;7;0;2;1;15;1
202000015869;154 714 352;7;0;2;1;1;1
202000015869;154 714 353;7;0;2;2;15;1
202000015870;154 714 351;10;9;0;3;1;1
202000015871;154 714 349;7;0;2;2;26;1
202000015871;154 714 350;10;0;2;6;23;1
202000015872;154 714 348;7;5;0;1;1;1
202000015873;154 714 347;7;0;1;3;15;1
202000015874;154 714 346;7;0;1;0;26;1
202000015875;154 714 344;7;0;1;3;16;0
202000015875;154 714 345;7;0;0;0;1;1
202000015876;154 714 342;7;0;2;2;16;1
202000015876;154 714 343;1;0;2;8;19;0
202000015877;154 714 337;32;0;2;1;1;1
202000015877;154 714 338;7;0;0;4;1;1
202000015878;154 714 335;7;0;2;2;17;1
202000015878;154 714 336;7;0;2;2;9;1
202000015879;154 714 333;7;0;5;7;21;1
202000015879;154 714 334;7;0;5;8;1;1
202000015880;154 714 330;7;12;0;3;26;1
202000015881;154 714 328;7;0;2;8;19;1
202000015881;154 714 329;1;0;2;1;19;5
202000015882;154 714 326;1;0;2;8;1;5
202000015882;154 714 327;7;0;2;1;15;3
202000015883;154 714 324;30;0;2;1;1;1
202000015883;154 714 325;7;0;2;5;15;1
202000015884;154 714 322;7;0;2;2;9;1
202000015884;154 714 323;33;0;2;3;17;1
202000015885;154 714 319;7;0;2;0;1;0
202000015885;154 714 320;7;0;2;3;13;1
202000015885;154 714 321;7;0;2;6;1;1
202000015886;154 714 317;34;0;2;8;9;6
202000015886;154 714 318;15;0;0;4;26;6
202000015887;154 714 315;7;0;2;2;15;1
202000015887;154 714 316;34;0;2;1;1;1
202000015888;154 714 313;33;0;2;8;18;1
202000015888;154 714 314;10;0;2;2;2;1
202000015889;154 714 311;7;0;2;8;1;1
202000015889;154 714 312;7;0;2;1;1;0
202000015890;154 714 310;30;12;0;1;1;1
202000015891;154 714 308;10;0;2;5;2;1
202000015891;154 714 309;7;0;2;0;2;1
202000015892;154 714 307;7;13;0;7;0;1
202000015893;154 714 306;30;0;1;1;26;1
202000015894;154 714 304;32;0;2;7;1;1
202000015894;154 714 305;10;0;2;8;11;1
202000015895;154 714 303;33;0;0;1;1;1
202000015896;154 714 302;7;6;0;1;15;1
202000015897;154 714 301;7;0;1;2;1;1
202000015898;154 714 298;7;0;2;3;13;1
202000015898;154 714 299;10;0;2;7;0;1
202000015898;154 714 300;7;0;2;3;0;1
202000015899;154 714 296;7;8;4;5;13;1
202000015899;154 714 297;39;0;2;1;1;3
202000015900;154 714 294;33;0;2;1;1;1
202000015900;154 714 295;7;0;2;2;12;1
202000015901;154 714 293;34;0;1;1;16;1
202000015902;154 714 292;33;0;1;1;17;1
202000015903;154 714 290;7;1;2;4;9;1
202000015903;154 714 291;7;0;2;1;1;1
202000015904;154 714 288;32;0;2;4;1;1
202000015904;154 714 289;7;0;2;1;2;3
202000015905;154 714 286;32;0;2;3;9;1
202000015905;154 714 287;1;0;2;2;1;5
202000015906;154 714 285;10;0;1;3;15;1
202000015907;154 714 283;10;0;2;7;1;1
202000015907;154 714 284;30;0;2;8;11;1
202000015908;154 714 282;33;0;0;0;26;1
202000015909;154 714 280;1;0;2;4;1;5
202000015909;154 714 281;7;0;2;2;1;1
202000015910;154 714 278;32;0;2;2;17;1
202000015910;154 714 279;7;0;2;8;22;2
202000015911;154 714 275;30;0;1;1;1;1
202000015912;154 714 273;31;0;2;7;17;1
202000015912;154 714 274;7;0;2;3;15;1
202000015913;154 714 271;30;0;2;1;15;1
202000015913;154 714 272;1;0;2;1;1;5
202000015914;154 714 269;1;0;4;1;19;5
202000015914;154 714 270;40;0;2;7;1;3
202000015915;154 714 267;33;0;2;8;1;1