Num_Acc;id_vehicule;categorie_vehicule;obstacle_fixe;obstacle_mobile;point_choc_initial;manoeuvre_principale;motorisation
202000015915;154 714 268;15;0;2;7;17;1
202000015916;154 714 265;30;0;2;7;19;1
202000015916;154 714 266;10;0;2;3;1;1
202000015917;154 714 264;7;0;1;2;1;1
202000015918;154 714 262;50;0;2;8;1;3
202000015918;154 714 263;7;0;2;3;15;1
202000015919;154 714 260;7;0;2;8;1;1
202000015919;154 714 261;37;0;2;1;1;1
202000015920;154 714 258;43;0;2;7;9;1
202000015920;154 714 259;10;0;2;2;9;1
202000015921;154 714 257;7;0;1;2;1;1
202000015922;154 714 255;10;0;2;0;0;0
202000015922;154 714 256;7;0;2;2;15;0
202000015923;154 714 253;1;0;2;1;2;5
202000015923;154 714 254;7;0;2;4;23;1
202000015924;154 714 251;7;8;0;1;26;1
202000015924;154 714 252;7;1;2;1;2;1
202000015925;154 714 249;10;0;2;2;1;1
202000015925;154 714 250;7;0;2;3;9;1
202000015926;154 714 247;33;0;2;1;17;1
202000015926;154 714 248;7;0;2;3;15;1
202000015927;154 714 245;7;0;2;3;7;0
202000015927;154 714 246;50;0;2;1;8;3
202000015928;154 714 243;7;0;2;5;15;1
202000015928;154 714 244;7;0;2;2;0;1
202000015929;154 714 242;10;0;1;3;1;0
202000015930;154 714 241;7;0;1;1;1;0
202000015931;154 714 238;7;0;2;3;1;0
202000015931;154 714 239;33;0;2;3;1;0
202000015931;154 714 240;7;0;2;2;1;0
202000015932;154 714 236;10;0;2;7;1;1
202000015932;154 714 237;32;0;2;1;9;1
202000015933;154 714 234;32;0;2;1;17;0
202000015933;154 714 235;7;0;2;3;26;0
202000015934;154 714 232;32;0;2;1;1;1
202000015934;154 714 233;7;0;2;7;15;1
202000015935;154 714 230;33;0;2;1;2;0
202000015935;154 714 231;1;0;2;3;15;0
202000015936;154 714 228;32;0;2;1;1;1
202000015936;154 714 229;7;0;2;3;15;1
202000015937;154 714 226;7;0;2;3;15;1
202000015937;154 714 227;33;0;2;1;2;1
202000015938;154 714 224;7;0;2;5;16;0
202000015938;154 714 225;1;0;2;1;2;5
202000015939;154 714 222;32;9;2;1;1;1
202000015939;154 714 223;7;1;2;1;15;1
202000015940;154 714 220;32;0;2;0;0;0
202000015940;154 714 221;7;0;2;4;23;0
202000015941;154 714 219;7;8;0;1;21;1
202000015942;154 714 218;7;13;0;1;15;1
202000015943;154 714 217;7;2;0;8;1;1
202000015944;154 714 215;7;0;2;8;17;1
202000015944;154 714 216;33;0;2;7;17;1
202000015945;154 714 214;7;2;0;6;0;1
202000015946;154 714 212;7;0;2;2;1;1
202000015946;154 714 213;1;0;2;8;19;5
202000015947;154 714 210;7;0;2;7;9;1
202000015947;154 714 211;50;0;2;8;0;3
202000015948;154 714 207;7;13;2;8;1;1
202000015948;154 714 208;7;0;2;1;1;1
202000015948;154 714 209;7;0;2;7;13;1
202000015949;154 714 206;7;0;0;2;1;1
202000015950;154 714 205;7;6;0;1;26;1
202000015951;154 714 204;7;0;1;8;16;0
202000015952;154 714 202;7;0;2;3;1;0
202000015952;154 714 203;7;0;2;1;6;0
202000015953;154 714 201;7;2;0;1;0;0
202000015954;154 714 200;30;0;0;0;0;1
202000015955;154 714 199;7;4;0;2;14;1
202000015956;154 714 197;33;3;0;0;1;1
202000015957;154 714 195;7;0;2;6;15;1
202000015957;154 714 196;31;0;2;1;1;1
202000015958;154 714 192;33;0;9;1;2;1
202000015958;154 714 193;1;0;2;1;1;0
202000015958;154 714 194;1;0;2;8;10;5
202000015959;154 714 191;15;1;1;1;1;1
202000015960;154 714 190;7;8;0;0;1;1
202000015961;154 714 189;7;7;0;1;6;1
202000015962;154 714 188;33;8;0;1;1;1
202000015963;154 714 185;7;0;2;3;15;1
202000015963;154 714 186;21;0;2;3;1;1
202000015964;154 714 183;33;1;0;1;1;1
202000015964;154 714 184;20;0;2;1;23;1
202000015965;154 714 181;7;0;2;2;17;1
202000015965;154 714 182;2;0;2;3;13;1
202000015966;154 714 179;33;0;2;1;1;3
202000015966;154 714 180;7;0;2;1;15;1
202000015967;154 714 177;33;0;2;1;1;1
202000015967;154 714 178;10;0;2;1;9;1
202000015968;154 714 175;32;0;2;3;13;0
202000015968;154 714 176;7;0;0;3;1;0
202000015969;154 714 174;13;2;0;2;14;1
202000015970;154 714 173;7;0;1;3;1;3
202000015971;154 714 172;2;4;0;8;1;1
202000015972;154 714 170;13;0;2;7;1;1
202000015972;154 714 171;10;16;0;8;1;1
202000015973;154 714 168;7;0;2;2;9;1
202000015973;154 714 169;32;0;2;1;1;1
202000015974;154 714 166;17;0;0;0;15;1
202000015974;154 714 167;33;8;0;1;21;1
202000015975;154 714 164;7;0;2;1;15;1
202000015975;154 714 165;1;0;2;8;16;5
202000015976;154 714 161;7;4;2;8;11;1
202000015976;154 714 162;14;0;2;2;1;1
202000015976;154 714 163;7;4;2;1;1;1
202000015977;154 714 159;7;4;2;1;0;1
202000015977;154 714 160;10;4;0;6;1;1
202000015978;154 714 156;7;0;2;4;2;1
202000015978;154 714 157;7;0;2;4;2;1
202000015978;154 714 158;7;0;2;1;1;1
202000015979;154 714 154;10;3;2;5;14;1
202000015979;154 714 155;33;3;2;1;3;1
202000015980;154 714 153;7;4;0;3;13;1
202000015981;154 714 152;7;0;0;0;14;1
202000015982;154 714 149;10;0;2;3;1;1
202000015982;154 714 150;7;0;2;4;2;1
202000015982;154 714 151;7;0;0;4;2;1
202000015983;154 714 147;7;0;2;1;2;1
202000015983;154 714 148;10;0;2;4;2;1
202000015984;154 714 146;7;4;0;1;11;1
202000015985;154 714 142;7;0;2;1;2;1
202000015985;154 714 143;7;0;2;4;2;1
202000015985;154 714 144;7;0;2;4;2;1
202000015985;154 714 145;7;0;2;4;2;1
202000015986;154 714 141;7;4;0;1;2;1
202000015987;154 714 139;10;0;2;1;2;1
202000015987;154 714 140;10;0;2;4;23;1
202000015988;154 714 137;7;0;2;4;2;1
202000015988;154 714 138;7;0;2;1;1;1
202000015989;154 714 132;10;0;2;4;2;1
202000015989;154 714 133;10;0;2;4;2;1
202000015989;154 714 134;10;0;2;4;2;1
202000015989;154 714 135;10;0;2;4;2;1
202000015989;154 714 136;10;0;2;1;2;1
202000015990;154 714 130;7;0;2;0;0;0
202000015990;154 714 131;33;0;2;2;2;0
202000015991;154 714 127;7;0;2;1;2;1
202000015991;154 714 128;7;0;2;4;2;1
202000015991;154 714 129;7;0;2;4;2;1
202000015992;154 714 126;7;3;0;1;1;0
202000015993;154 714 125;3;12;0;3;1;1
202000015994;154 714 123;7;0;2;0;16;1
202000015994;154 714 124;1;0;2;1;1;0
202000015995;154 714 121;1;0;2;1;13;5
202000015995;154 714 122;7;0;9;2;9;1
202000015996;154 714 120;7;0;1;3;1;1
202000015997;154 714 118;7;0;2;2;15;1
202000015997;154 714 119;7;0;2;1;1;1
202000015998;154 714 116;7;0;2;8;9;1
202000015998;154 714 117;7;0;2;7;1;1
202000015999;154 714 114;10;8;2;1;1;1
202000015999;154 714 115;10;0;2;7;15;1
202000016000;154 714 113;20;9;2;1;21;1
202000016001;154 714 111;50;0;2;0;0;3
202000016001;154 714 112;7;0;2;3;26;1
202000016002;154 714 109;33;0;2;3;0;0
202000016002;154 714 110;7;0;2;0;13;1
202000016003;154 714 107;10;0;2;2;0;0
202000016003;154 714 108;7;0;2;8;24;0
202000016004;154 714 103;7;0;2;1;1;1
202000016004;154 714 104;10;0;2;4;1;1
202000016004;154 714 105;7;0;2;4;1;1
202000016004;154 714 106;7;0;2;4;1;1
202000016005;154 714 101;60;0;2;7;19;5
202000016005;154 714 102;7;0;2;1;1;1
202000016006;154 714 099;7;0;2;1;1;1
202000016006;154 714 100;7;0;2;4;23;1
202000016007;154 714 098;7;6;0;2;1;1
202000016008;154 714 097;15;0;1;2;1;1
202000016009;154 714 095;10;0;2;1;11;1
202000016009;154 714 096;10;0;2;4;11;1
202000016010;154 714 094;7;0;1;1;1;0
202000016011;154 714 087;33;0;0;8;26;1
202000016012;154 714 084;7;0;2;1;1;1
202000016012;154 714 085;30;0;2;8;1;1
202000016013;154 714 081;7;0;2;2;1;1
202000016013;154 714 082;7;0;2;8;1;1
202000016013;154 714 083;7;15;2;1;17;1
202000016014;154 714 079;2;0;2;9;3;0
202000016014;154 714 080;7;0;2;1;1;0
202000016015;154 714 077;1;0;2;1;19;5
202000016015;154 714 078;10;0;2;3;17;1
202000016016;154 714 076;7;0;1;3;1;1
202000016017;154 714 075;7;0;1;3;15;0
202000016018;154 714 074;7;0;1;1;1;1
202000016019;154 714 072;7;0;9;1;2;1
202000016019;154 714 073;50;0;2;4;2;3
202000016020;154 714 071;7;0;1;3;16;1
202000016021;154 714 070;7;0;1;1;19;1
202000016022;154 714 069;7;12;0;1;1;1
202000016023;154 714 068;7;0;1;3;15;1
202000016024;154 714 067;7;0;1;7;9;1
202000016025;154 714 065;99;0;2;1;1;3
202000016025;154 714 066;7;0;9;1;1;1
202000016026;154 714 063;1;0;2;1;15;5
202000016026;154 714 064;7;0;2;1;1;1
202000016027;154 714 061;7;0;2;1;1;1
202000016027;154 714 062;7;0;2;6;9;1
202000016028;154 714 059;1;0;2;7;1;5
202000016028;154 714 060;7;0;2;1;9;1
202000016029;154 714 056;7;0;2;4;1;1
202000016029;154 714 057;7;0;2;4;1;1
202000016029;154 714 058;7;0;2;1;1;1
202000016030;154 714 055;7;12;0;1;1;1
202000016031;154 714 054;7;0;1;0;1;3
202000016032;154 714 052;7;0;2;2;15;1
202000016032;154 714 053;33;0;2;1;1;1
202000016033;154 714 051;7;0;1;2;26;1
202000016034;154 714 050;7;2;0;1;6;1
202000016035;154 714 048;32;0;2;7;17;1
202000016035;154 714 049;7;0;2;8;1;1
202000016036;154 714 046;10;0;2;1;15;1
202000016036;154 714 047;2;0;2;1;1;1
202000016037;154 714 044;33;0;2;7;1;1
202000016037;154 714 045;7;0;2;3;9;1
202000016038;154 714 042;7;0;2;6;23;1
202000016038;154 714 043;33;0;2;1;1;1
202000016039;154 714 040;2;0;2;1;9;1
202000016039;154 714 041;7;0;2;5;1;1
202000016040;154 714 037;7;0;2;1;1;1
202000016040;154 714 038;7;0;2;9;1;1
202000016040;154 714 039;7;0;2;4;1;1
202000016041;154 714 035;7;0;2;7;15;1
202000016041;154 714 036;30;0;2;1;1;1
202000016042;154 714 034;7;0;1;3;1;0
202000016043;154 714 032;40;0;2;1;1;3
202000016043;154 714 033;7;0;4;2;15;1
202000016044;154 714 030;99;0;9;4;13;5
202000016044;154 714 031;10;0;9;2;17;1
202000016045;154 714 027;7;0;4;1;0;1
202000016045;154 714 028;40;0;2;0;0;6
202000016046;154 714 025;2;0;2;8;18;1
202000016046;154 714 026;7;0;2;7;16;1
202000016047;154 714 023;7;0;2;1;1;1
202000016047;154 714 024;7;0;2;4;1;1
202000016048;154 714 022;32;0;0;0;26;1
202000016049;154 714 020;7;0;2;2;14;1
202000016049;154 714 021;34;0;2;8;1;1
202000016050;154 714 019;7;3;0;2;16;1
202000016051;154 714 018;7;0;1;1;1;0
202000016052;154 714 017;10;0;1;2;1;1
202000016053;154 714 015;32;0;2;3;1;1
202000016053;154 714 016;7;0;2;6;15;1
202000016054;154 714 014;7;0;1;1;9;1
202000016055;154 714 012;2;0;2;1;1;0
202000016055;154 714 013;10;0;2;1;1;0
202000016056;154 714 011;7;0;1;1;16;1
202000016057;154 714 009;33;0;2;9;1;1
202000016057;154 714 010;50;0;2;8;18;3
202000016058;154 714 008;34;0;0;0;21;1
202000016059;154 714 006;10;0;2;2;15;1
202000016059;154 714 007;43;0;2;1;1;1
202000016060;154 714 005;7;0;1;1;1;1
202000016061;154 714 004;7;0;1;2;1;1
202000016062;154 714 002;7;0;2;2;16;3
202000016062;154 714 003;50;0;2;1;1;3
202000016063;154 714 001;10;0;1;5;16;2
202000016064;154 714 000;50;12;0;8;13;3
202000016065;154 713 998;7;0;2;3;1;1
202000016065;154 713 999;7;0;2;2;1;2
202000016066;154 713 996;7;0;0;3;20;1
202000016066;154 713 997;99;0;0;1;1;0
202000016067;154 713 994;30;0;2;8;18;1
202000016067;154 713 995;10;0;2;7;16;1
202000016068;154 713 989;7;0;2;1;2;0
202000016068;154 713 990;7;0;2;4;2;0
202000016068;154 713 991;7;0;2;4;2;0
202000016068;154 713 992;7;0;2;4;2;0
202000016068;154 713 993;7;0;2;4;2;0
202000016069;154 713 987;7;0;2;7;16;1
202000016069;154 713 988;0;0;2;0;0;0
202000016070;154 713 986;10;0;1;1;26;1
202000016071;154 713 984;50;0;2;2;19;3
202000016071;154 713 985;7;0;9;3;1;1
202000016072;154 713 982;7;0;2;2;19;1
202000016072;154 713 983;30;0;2;1;5;0
202000016073;154 713 981;37;6;1;1;16;1
202000016074;154 713 980;10;0;1;4;20;1
202000016075;154 713 978;37;0;2;1;1;0
202000016075;154 713 979;7;0;2;4;15;0
202000016076;154 713 976;10;0;2;6;11;1
202000016076;154 713 977;32;0;2;2;2;1
202000016077;154 713 974;30;0;2;7;26;1
202000016077;154 713 975;7;0;2;0;0;1
202000016078;154 713 973;32;0;2;3;2;1
202000016079;154 713 972;2;0;0;8;1;1
202000016080;154 713 971;2;0;0;1;0;1
202000016081;154 713 970;33;13;0;0;17;1
202000016082;154 713 968;2;0;2;1;1;1
202000016082;154 713 969;7;0;0;7;1;1
202000016083;154 713 966;7;0;2;1;13;1
202000016083;154 713 967;7;0;2;1;1;1
202000016084;154 713 965;7;3;0;1;0;0
202000016085;154 713 964;7;0;1;3;16;1
202000016086;154 713 962;7;6;2;7;1;1
202000016086;154 713 963;7;0;2;1;19;1
202000016087;154 713 961;7;0;1;2;1;1
202000016088;154 713 960;7;2;0;3;1;1
202000016089;154 713 958;7;0;2;1;15;1
202000016089;154 713 959;7;0;2;1;1;1
202000016090;154 713 957;7;6;0;5;1;1
202000016091;154 713 955;1;0;2;1;9;5
202000016091;154 713 956;7;0;2;5;26;1
202000016092;154 713 954;7;7;0;1;1;1
202000016093;154 713 952;7;0;2;1;1;1
202000016093;154 713 953;7;0;0;4;1;1
202000016094;154 713 950;7;0;2;2;9;1
202000016094;154 713 951;2;0;2;1;1;1
202000016095;154 713 949;10;15;0;2;1;1
202000016096;154 713 947;3;0;2;1;1;1
202000016096;154 713 948;7;0;2;7;19;1
202000016097;154 713 946;7;0;1;2;1;1
202000016098;154 713 945;10;2;0;1;14;1
202000016099;154 713 943;1;0;2;1;1;5
202000016099;154 713 944;7;0;2;2;15;1
202000016100;154 713 941;10;0;2;1;0;1
202000016100;154 713 942;1;0;2;4;1;5
202000016101;154 713 939;7;0;0;3;2;1
202000016101;154 713 940;33;0;0;4;2;0
202000016102;154 713 936;7;0;6;2;1;1
202000016102;154 713 937;7;0;6;3;1;1
202000016102;154 713 938;7;0;6;2;1;1
202000016103;154 713 934;7;0;2;1;1;0
202000016103;154 713 935;2;0;2;1;13;0
202000016104;154 713 933;7;3;0;1;12;1
202000016105;154 713 931;33;0;2;1;1;0
202000016105;154 713 932;7;0;2;1;1;0
202000016106;154 713 929;1;0;2;4;2;5
202000016106;154 713 930;7;0;9;1;2;1
202000016107;154 713 927;7;7;2;3;1;0
202000016107;154 713 928;7;0;2;1;0;0
202000016108;154 713 925;7;0;0;7;2;1
202000016108;154 713 926;7;0;0;2;5;1
202000016109;154 713 923;7;9;9;2;14;1
202000016109;154 713 924;1;0;2;0;0;5
202000016110;154 713 921;7;0;2;1;1;1
202000016110;154 713 922;7;0;2;2;9;1
202000016111;154 713 920;7;0;1;2;26;1
202000016112;154 713 918;7;0;2;7;17;1
202000016112;154 713 919;7;0;2;8;1;1
202000016113;154 713 915;7;0;2;4;2;1
202000016113;154 713 916;7;0;0;4;1;1
202000016113;154 713 917;7;0;2;1;1;1
202000016114;154 713 913;7;0;2;4;1;1
202000016114;154 713 914;7;0;2;1;1;1
202000016115;154 713 910;10;0;2;7;0;1
202000016115;154 713 911;7;0;0;0;0;1
202000016115;154 713 912;7;0;0;0;0;1
202000016116;154 713 909;10;4;0;2;12;1
202000016117;154 713 908;7;4;0;2;16;1
202000016118;154 713 905;34;0;2;3;0;1
202000016118;154 713 906;7;0;2;4;0;1
202000016118;154 713 907;7;0;2;3;11;1
202000016119;154 713 903;7;0;2;3;2;1
202000016119;154 713 904;33;0;2;5;2;1
202000016120;154 713 900;7;0;2;1;0;1
202000016120;154 713 901;15;0;2;6;0;1
202000016120;154 713 902;7;0;2;9;26;1
202000016121;154 713 899;7;3;0;1;12;1
202000016122;154 713 898;7;0;1;3;1;1
202000016123;154 713 897;7;0;1;0;21;1
202000016124;154 713 896;7;0;1;2;1;1
202000016125;154 713 893;10;0;2;3;13;1
202000016125;154 713 894;7;0;2;8;1;1
202000016125;154 713 895;7;0;2;3;1;0
202000016126;154 713 891;2;0;2;1;1;1
202000016126;154 713 892;7;0;2;8;15;1
202000016127;154 713 890;30;0;0;0;26;1
202000016128;154 713 887;7;0;2;1;2;1
202000016128;154 713 888;10;0;2;1;2;1
202000016128;154 713 889;10;0;2;4;2;4
202000016129;154 713 885;2;0;2;1;1;1
202000016129;154 713 886;7;0;2;3;15;1
202000016130;154 713 883;2;0;2;1;1;1
202000016130;154 713 884;3;0;2;4;15;1
202000016131;154 713 881;7;0;2;1;1;1
202000016131;154 713 882;2;0;2;8;19;1
202000016132;154 713 880;7;8;0;2;1;1
202000016133;154 713 878;7;0;2;8;1;1
202000016133;154 713 879;37;0;2;2;2;1
202000016134;154 713 875;7;0;2;4;2;1
202000016134;154 713 876;7;0;2;4;2;1
202000016134;154 713 877;10;0;2;1;2;1
202000016135;154 713 873;7;0;2;1;1;0
202000016135;154 713 874;7;0;2;7;1;0
202000016136;154 713 871;7;0;2;1;15;1
202000016136;154 713 872;7;8;2;8;1;1
202000016137;154 713 869;7;0;2;4;1;1
202000016137;154 713 870;10;0;2;1;1;1
202000016138;154 713 868;7;0;1;2;1;1
202000016139;154 713 867;10;0;1;2;16;1
202000016140;154 713 865;7;0;2;4;2;1
202000016140;154 713 866;7;0;2;4;2;1
202000016141;154 713 864;7;0;1;1;19;1
202000016142;154 713 862;7;0;2;1;1;1
202000016142;154 713 863;7;0;2;7;13;1
202000016143;154 713 861;7;9;0;4;13;1
202000016144;154 713 860;30;11;0;1;13;1
202000016145;154 713 859;7;0;1;3;1;0
202000016146;154 713 857;32;0;2;7;17;1
202000016146;154 713 858;7;0;2;2;9;1
202000016147;154 713 855;33;0;2;1;13;1
202000016147;154 713 856;7;0;2;3;1;0
202000016148;154 713 853;1;0;2;1;1;5
202000016148;154 713 854;7;0;2;8;26;1
202000016149;154 713 852;10;0;1;2;1;1
202000016150;154 713 849;7;0;2;4;23;1
202000016150;154 713 850;7;0;2;4;23;1
202000016150;154 713 851;7;0;2;1;2;1
202000016151;154 713 847;7;0;2;3;13;1
202000016151;154 713 848;7;0;2;8;1;1
202000016152;154 713 844;7;0;2;0;0;1
202000016152;154 713 845;7;0;2;3;17;1
202000016153;154 713 842;7;0;2;2;19;1
202000016153;154 713 843;10;0;2;1;1;1
202000016154;154 713 840;32;0;2;3;1;1
202000016154;154 713 841;7;0;2;3;15;1
202000016155;154 713 838;7;0;2;2;15;1
202000016155;154 713 839;33;0;2;2;1;1
202000016156;154 713 837;30;0;1;1;18;0
202000016157;154 713 836;7;0;1;2;1;1
202000016158;154 713 834;7;0;2;0;0;0
202000016158;154 713 835;7;0;2;3;1;0
202000016159;154 713 833;7;16;9;0;1;1
202000016160;154 713 832;7;0;1;7;16;1
202000016161;154 713 830;1;0;0;4;1;5
202000016161;154 713 831;7;0;2;2;1;1
202000016162;154 713 829;2;0;1;1;1;3
202000016163;154 713 828;30;13;0;0;1;1
202000016164;154 713 826;10;0;1;1;1;1
202000016164;154 713 827;7;0;1;3;1;1
202000016165;154 713 825;7;0;1;1;1;1
202000016166;154 713 823;7;0;2;0;1;1
202000016166;154 713 824;7;0;2;1;1;1
202000016167;154 713 822;7;0;1;3;1;1
202000016168;154 713 820;33;0;2;1;1;1
202000016168;154 713 821;7;0;2;1;15;1
202000016169;154 713 818;7;0;2;2;1;1
202000016169;154 713 819;50;0;2;1;1;3
202000016170;154 713 816;7;0;2;8;15;1
202000016170;154 713 817;7;14;2;7;17;1
202000016171;154 713 814;37;0;2;3;13;1
202000016171;154 713 815;14;13;2;3;13;1
202000016172;154 713 813;7;0;1;1;0;1
202000016173;154 713 811;7;0;2;1;11;1
202000016173;154 713 812;7;0;2;1;1;1
202000016174;154 713 809;2;0;2;1;1;0
202000016174;154 713 810;7;0;2;2;19;0
202000016175;154 713 807;7;0;2;2;1;0
202000016175;154 713 808;2;0;2;9;1;0
202000016176;154 713 805;31;0;2;1;1;1
202000016176;154 713 806;7;0;2;1;17;1
202000016177;154 713 804;33;0;6;1;14;1
202000016178;154 713 801;7;4;0;7;0;1
202000016179;154 713 799;7;0;2;3;17;1
202000016179;154 713 800;2;0;2;1;1;1
202000016180;154 713 798;14;6;0;2;2;0
202000016181;154 713 797;7;0;1;3;15;1
202000016182;154 713 795;7;0;2;2;15;1
202000016182;154 713 796;7;0;2;3;1;1
202000016183;154 713 794;10;0;1;3;1;1
202000016184;154 713 792;2;0;2;1;1;1
202000016184;154 713 793;7;0;0;1;15;1
202000016185;154 713 789;7;0;2;3;1;1
202000016185;154 713 790;7;0;2;3;13;1
202000016186;154 713 788;33;0;0;0;1;1
202000016187;154 713 786;15;0;0;2;2;1
202000016187;154 713 787;7;0;0;6;2;1
202000016188;154 713 784;7;0;2;1;1;1
202000016188;154 713 785;7;0;2;1;1;1
202000016189;154 713 782;17;0;2;2;12;1
202000016189;154 713 783;7;0;2;8;1;1
202000016190;154 713 776;7;0;1;1;1;1
202000016190;154 713 777;17;0;1;1;1;1
202000016190;154 713 778;7;0;1;1;1;1
202000016190;154 713 779;7;0;1;3;1;1
202000016190;154 713 780;7;0;1;1;1;1
202000016190;154 713 781;7;0;1;1;17;1
202000016191;154 713 771;7;0;2;8;1;1
202000016191;154 713 772;17;0;2;3;1;1
202000016191;154 713 773;7;0;2;3;1;1
202000016191;154 713 774;7;0;2;5;23;1
202000016191;154 713 775;7;0;2;1;1;1
202000016192;154 713 768;10;0;2;6;1;1
202000016192;154 713 769;31;0;2;2;3;1
202000016192;154 713 770;10;0;2;2;12;1
202000016193;154 713 765;7;0;2;4;2;1
202000016193;154 713 766;7;0;2;4;2;1
202000016193;154 713 767;7;0;2;1;2;1
202000016194;154 713 759;7;0;2;8;1;2
202000016194;154 713 760;7;0;2;3;1;1
202000016194;154 713 761;7;0;2;7;1;1
202000016195;154 713 758;7;0;1;3;19;1
202000016196;154 713 756;37;0;2;1;7;1
202000016196;154 713 757;7;0;2;6;15;1
202000016197;154 713 754;10;0;2;3;13;1
202000016197;154 713 755;7;0;2;3;0;1
202000016198;154 713 753;32;0;0;0;2;1
202000016199;154 713 751;1;0;2;1;1;5
202000016199;154 713 752;10;0;2;5;9;1
202000016200;154 713 749;17;0;2;5;15;0
202000016200;154 713 750;1;0;2;2;5;5
202000016201;154 713 748;7;0;1;1;1;1
202000016202;154 713 745;14;0;2;1;2;1
202000016202;154 713 746;7;0;2;4;2;1
202000016202;154 713 747;7;0;2;4;2;1
202000016203;154 713 744;7;0;1;1;1;1
202000016204;154 713 743;7;1;0;3;14;1
202000016205;154 713 740;7;0;1;2;1;1
202000016206;154 713 738;1;0;2;1;1;5
202000016206;154 713 739;50;0;2;1;5;3
202000016207;154 713 737;80;0;1;1;1;3
202000016208;154 713 736;7;0;1;2;1;1
202000016209;154 713 735;7;0;1;1;1;1
202000016210;154 713 734;10;0;1;2;9;0
202000016211;154 713 732;7;0;2;3;26;0
202000016211;154 713 733;60;1;0;1;25;5
202000016212;154 713 730;7;0;9;3;15;1
202000016212;154 713 731;60;0;2;1;1;5
202000016213;154 713 728;7;0;2;2;1;1
202000016213;154 713 729;7;0;2;3;16;1
202000016214;154 713 726;30;0;2;1;2;1
202000016214;154 713 727;7;0;2;6;2;1
202000016215;154 713 724;10;0;2;3;15;1
202000016215;154 713 725;1;0;2;8;15;5
202000016216;154 713 722;7;0;2;1;1;1
202000016216;154 713 723;3;0;2;0;23;1
202000016217;154 713 720;7;0;2;1;1;1
202000016217;154 713 721;32;0;2;4;23;1
202000016218;154 713 718;7;0;2;9;1;0
202000016218;154 713 719;31;0;2;9;18;1
202000016219;154 713 717;7;0;1;1;1;1
202000016220;154 713 715;7;0;2;1;1;1
202000016220;154 713 716;1;0;2;1;21;5
202000016221;154 713 714;7;0;1;3;1;1
202000016222;154 713 713;7;0;1;1;1;1
202000016223;154 713 711;7;0;2;1;16;1
202000016223;154 713 712;1;0;2;1;1;5
202000016224;154 713 709;7;0;2;1;1;1
202000016224;154 713 710;3;0;2;2;15;1
202000016225;154 713 707;10;1;0;1;1;1
202000016225;154 713 708;20;1;0;7;24;1
202000016226;154 713 705;7;0;2;1;1;1
202000016226;154 713 706;1;0;2;2;0;5
202000016227;154 713 704;7;2;0;1;1;1
202000016228;154 713 703;1;0;0;1;13;5
202000016229;154 713 701;7;0;2;1;19;0
202000016229;154 713 702;7;0;2;8;0;0
202000016230;154 713 699;7;0;2;0;2;0
202000016230;154 713 700;7;0;2;4;1;1
202000016231;154 713 697;10;0;2;3;1;1
202000016231;154 713 698;7;0;2;3;13;1
202000016232;154 713 695;7;0;2;2;20;1
202000016232;154 713 696;32;1;2;7;1;1
202000016233;154 713 694;33;0;1;1;1;1
202000016234;154 713 693;7;0;1;7;1;1
202000016235;154 713 692;34;0;0;8;1;6
202000016236;154 713 690;1;0;2;5;1;5
202000016236;154 713 691;7;0;2;3;9;1
202000016237;154 713 688;14;0;2;4;16;1
202000016237;154 713 689;10;0;2;3;1;1
202000016238;154 713 687;1;0;1;1;25;5
202000016239;154 713 685;30;0;2;7;17;1
202000016239;154 713 686;7;0;2;0;1;0
202000016240;154 713 683;2;0;2;1;1;1
202000016240;154 713 684;1;0;2;1;1;5
202000016241;154 713 680;7;0;2;5;23;1
202000016241;154 713 681;10;0;2;6;23;1
202000016241;154 713 682;10;0;2;1;2;1
202000016242;154 713 678;7;0;2;7;19;6
202000016242;154 713 679;2;0;2;1;19;1
202000016243;154 713 677;10;0;1;2;1;1
202000016244;154 713 675;13;0;2;0;0;1
202000016244;154 713 676;34;0;9;4;23;1
202000016245;154 713 674;33;0;0;1;26;1
202000016246;154 713 672;50;1;0;2;25;3
202000016246;154 713 673;7;0;2;2;25;1
202000016247;154 713 670;0;0;2;3;17;0
202000016247;154 713 671;3;0;2;1;0;0
202000016248;154 713 669;37;0;1;1;2;1
202000016249;154 713 667;10;1;0;5;26;4
202000016249;154 713 668;10;0;0;8;24;4
202000016250;154 713 665;7;0;2;1;1;1
202000016250;154 713 666;1;0;2;4;1;5
202000016251;154 713 663;31;0;2;1;1;1
202000016251;154 713 664;7;0;2;2;9;1
202000016252;154 713 661;7;0;2;3;15;1
202000016252;154 713 662;34;14;0;2;3;1
202000016253;154 713 659;33;0;2;1;26;1
202000016253;154 713 660;7;0;2;0;26;0
202000016254;154 713 657;10;0;2;2;16;0
202000016254;154 713 658;1;0;2;0;0;0
202000016255;154 713 653;10;0;2;4;0;1
202000016255;154 713 654;10;0;2;1;2;1
202000016255;154 713 655;10;0;2;1;2;1
202000016255;154 713 656;10;0;9;1;2;1
202000016256;154 713 652;7;2;0;2;1;1
202000016257;154 713 648;17;0;2;1;2;1
202000016257;154 713 649;14;1;0;7;1;1
202000016257;154 713 650;16;0;0;0;20;1
202000016257;154 713 651;99;0;0;0;1;6