Num_Acc;id_vehicule;categorie_vehicule;obstacle_fixe;obstacle_mobile;point_choc_initial;manoeuvre_principale;motorisation
202000016258;154 713 646;7;0;2;3;11;1
202000016258;154 713 647;7;0;2;3;1;1
202000016259;154 713 645;7;0;1;1;1;1
202000016260;154 713 641;7;0;2;1;2;1
202000016260;154 713 642;7;0;2;4;2;1
202000016260;154 713 643;7;0;2;4;2;1
202000016260;154 713 644;7;0;2;4;2;1
202000016261;154 713 638;7;0;2;4;23;1
202000016261;154 713 639;7;0;2;1;23;1
202000016261;154 713 640;7;0;2;4;23;1
202000016262;154 713 636;10;0;2;7;17;1
202000016262;154 713 637;1;0;2;8;2;6
202000016263;154 713 634;10;0;2;1;1;1
202000016263;154 713 635;2;0;2;1;1;1
202000016264;154 713 632;7;0;2;3;11;1
202000016264;154 713 633;30;0;2;7;1;1
202000016265;154 713 631;10;6;0;1;1;1
202000016266;154 713 630;7;6;0;1;1;1
202000016267;154 713 629;15;16;0;7;14;1
202000016268;154 713 627;7;0;0;4;15;1
202000016268;154 713 628;10;0;2;1;2;1
202000016269;154 713 625;7;0;2;1;1;1
202000016269;154 713 626;7;0;2;1;1;1
202000016270;154 713 624;7;1;1;3;4;1
202000016271;154 713 623;7;8;0;1;1;1
202000016272;154 713 622;7;14;1;2;1;1
202000016273;154 713 620;10;0;2;3;19;1
202000016273;154 713 621;1;0;2;3;23;5
202000016274;154 713 617;7;0;1;1;1;1
202000016275;154 713 615;7;0;0;6;23;1
202000016275;154 713 616;7;1;2;2;21;1
202000016276;154 713 613;21;0;9;6;1;0
202000016276;154 713 614;1;0;2;1;13;5
202000016277;154 713 611;33;0;2;1;17;1
202000016277;154 713 612;7;0;2;3;15;1
202000016278;154 713 610;38;2;0;7;1;1
202000016279;154 713 607;15;0;2;1;2;1
202000016279;154 713 608;17;0;2;3;5;1
202000016279;154 713 609;7;0;2;3;5;1
202000016280;154 713 606;7;0;0;0;1;0
202000016281;154 713 604;7;0;2;7;15;1
202000016281;154 713 605;2;0;2;1;5;1
202000016282;154 713 602;7;0;2;3;13;1
202000016282;154 713 603;7;0;2;3;1;0
202000016283;154 713 601;7;0;1;3;20;1
202000016284;154 713 599;10;2;2;2;1;1
202000016284;154 713 600;7;0;2;3;26;0
202000016285;154 713 598;7;13;0;1;1;1
202000016286;154 713 596;7;0;2;4;2;1
202000016286;154 713 597;7;0;2;1;2;1
202000016287;154 713 592;10;0;2;4;1;1
202000016287;154 713 593;7;0;2;1;10;1
202000016287;154 713 594;7;0;2;1;1;1
202000016287;154 713 595;7;0;2;1;1;1
202000016288;154 713 590;10;0;2;3;2;1
202000016288;154 713 591;7;0;2;1;2;0
202000016289;154 713 589;10;5;0;1;13;1
202000016290;154 713 587;7;0;2;4;1;1
202000016290;154 713 588;7;0;2;1;1;1
202000016291;154 713 582;7;0;2;1;1;1
202000016291;154 713 583;7;0;2;1;1;1
202000016291;154 713 584;7;0;2;1;1;1
202000016291;154 713 585;7;0;2;1;1;1
202000016291;154 713 586;7;0;2;4;1;1
202000016292;154 713 580;7;0;2;4;6;1
202000016292;154 713 581;33;0;2;1;1;1
202000016293;154 713 579;7;0;1;3;1;1
202000016294;154 713 578;7;0;1;4;26;1
202000016295;154 713 577;30;0;1;1;1;1
202000016296;154 713 575;7;0;2;1;21;1
202000016296;154 713 576;7;0;2;9;15;1
202000016297;154 713 573;7;0;2;1;1;1
202000016297;154 713 574;7;0;2;7;1;1
202000016298;154 713 572;7;9;0;2;9;1
202000016299;154 713 571;31;0;0;7;1;0
202000016300;154 713 569;30;0;2;5;17;0
202000016300;154 713 570;7;0;2;8;15;0
202000016301;154 713 567;7;0;2;8;15;1
202000016301;154 713 568;7;0;2;1;17;1
202000016302;154 713 566;10;0;1;5;2;1
202000016303;154 713 565;33;14;0;9;17;1
202000016304;154 713 564;7;0;9;2;13;1
202000016305;154 713 562;7;0;2;3;15;1
202000016305;154 713 563;33;8;2;1;1;1
202000016306;154 713 558;7;0;2;1;1;0
202000016306;154 713 559;7;0;2;6;1;0
202000016306;154 713 560;7;0;2;6;1;0
202000016306;154 713 561;7;0;2;1;26;0
202000016307;154 713 556;7;0;2;7;1;1
202000016307;154 713 557;7;0;2;1;9;1
202000016308;154 713 554;7;0;2;2;15;1
202000016308;154 713 555;1;0;2;1;1;5
202000016309;154 713 552;1;0;2;7;19;0
202000016309;154 713 553;7;0;2;1;16;1
202000016310;154 713 551;7;0;1;1;1;1
202000016311;154 713 550;7;0;0;1;15;1
202000016312;154 713 548;99;0;2;1;1;1
202000016312;154 713 549;99;0;2;0;0;0
202000016313;154 713 547;33;0;5;1;1;1
202000016314;154 713 545;80;0;2;6;15;3
202000016314;154 713 546;7;0;2;2;1;1
202000016315;154 713 544;10;0;1;0;1;1
202000016316;154 713 542;7;0;2;4;16;1
202000016316;154 713 543;2;0;2;1;2;1
202000016317;154 713 540;1;0;2;1;1;5
202000016317;154 713 541;10;0;2;2;16;1
202000016318;154 713 537;7;0;2;8;1;1
202000016318;154 713 538;7;0;2;3;1;1
202000016318;154 713 539;7;4;2;9;6;1
202000016319;154 713 535;30;0;2;1;1;3
202000016319;154 713 536;7;0;2;1;15;1
202000016320;154 713 533;7;0;2;4;2;1
202000016320;154 713 534;7;0;2;1;26;1
202000016321;154 713 531;7;0;9;6;20;1
202000016321;154 713 532;1;0;2;1;2;5
202000016322;154 713 529;10;0;2;3;13;6
202000016322;154 713 530;7;0;2;8;1;0
202000016323;154 713 528;7;8;0;1;13;1
202000016324;154 713 527;7;0;1;3;15;1
202000016325;154 713 525;7;0;2;3;0;1
202000016325;154 713 526;30;0;2;1;15;1
202000016326;154 713 523;30;0;2;1;1;1
202000016326;154 713 524;7;0;2;1;9;1
202000016327;154 713 522;7;0;1;1;1;1
202000016328;154 713 521;7;0;1;5;1;1
202000016329;154 713 519;7;0;2;4;23;1
202000016329;154 713 520;7;0;2;1;1;1
202000016330;154 713 517;1;0;9;7;1;5
202000016330;154 713 518;1;0;9;3;1;5
202000016331;154 713 516;7;0;1;1;1;1
202000016332;154 713 514;7;0;2;3;1;1
202000016332;154 713 515;2;0;2;1;13;1
202000016333;154 713 512;7;0;2;8;1;0
202000016333;154 713 513;7;0;2;1;1;0
202000016334;154 713 510;7;0;2;1;1;1
202000016334;154 713 511;1;0;2;2;1;5
202000016335;154 713 509;10;0;1;3;1;1
202000016336;154 713 507;7;0;2;2;2;1
202000016336;154 713 508;7;0;2;1;15;1
202000016337;154 713 506;7;0;1;2;1;1
202000016338;154 713 504;33;0;2;7;1;1
202000016338;154 713 505;7;0;2;6;11;1
202000016339;154 713 502;1;0;2;1;1;0
202000016339;154 713 503;10;0;2;2;13;0
202000016340;154 713 500;7;0;2;2;13;1
202000016340;154 713 501;7;0;2;3;15;1
202000016341;154 713 498;7;0;0;6;15;1
202000016341;154 713 499;2;0;2;6;13;1
202000016342;154 713 496;7;0;2;3;1;1
202000016342;154 713 497;7;0;2;3;1;1
202000016343;154 713 494;80;0;0;4;1;3
202000016343;154 713 495;7;0;2;1;1;1
202000016344;154 713 492;7;0;2;2;15;3
202000016344;154 713 493;2;0;2;1;1;1
202000016345;154 713 490;7;0;2;3;1;1
202000016345;154 713 491;7;0;1;3;9;1
202000016346;154 713 485;7;0;1;1;9;1
202000016347;154 713 484;7;0;1;0;26;0
202000016348;154 713 483;7;15;0;1;1;1
202000016349;154 713 481;7;0;2;4;2;1
202000016349;154 713 482;30;0;2;1;2;1
202000016350;154 713 478;10;0;2;6;24;1
202000016350;154 713 479;30;0;2;8;1;3
202000016350;154 713 480;7;0;2;7;14;1
202000016351;154 713 476;10;0;2;8;15;1
202000016351;154 713 477;31;0;2;7;17;1
202000016352;154 713 474;7;14;2;1;1;1
202000016352;154 713 475;7;0;2;2;1;1
202000016353;154 713 472;10;0;2;2;16;1
202000016353;154 713 473;1;0;2;1;1;5
202000016354;154 713 470;7;0;2;2;15;1
202000016354;154 713 471;31;0;2;1;1;1
202000016355;154 713 469;1;0;2;7;14;5
202000016356;154 713 468;32;0;0;3;1;1
202000016357;154 713 466;33;0;2;3;1;1
202000016357;154 713 467;7;0;2;2;1;1
202000016358;154 713 464;99;15;2;1;1;3
202000016358;154 713 465;1;15;2;1;1;0
202000016359;154 713 463;0;0;1;1;1;0
202000016360;154 713 461;7;0;2;7;16;1
202000016360;154 713 462;34;0;2;8;16;1
202000016361;154 713 460;32;0;0;7;15;1
202000016362;154 713 458;7;0;2;3;1;1
202000016362;154 713 459;7;0;2;1;1;1
202000016363;154 713 456;7;0;2;3;15;1
202000016363;154 713 457;7;0;2;3;1;1
202000016364;154 713 455;2;9;0;1;26;1
202000016365;154 713 454;7;0;1;1;1;0
202000016366;154 713 451;7;0;2;9;0;1
202000016366;154 713 452;7;0;2;6;0;1
202000016366;154 713 453;7;0;2;8;0;1
202000016367;154 713 450;3;2;0;1;26;1
202000016368;154 713 449;32;12;0;1;26;1
202000016369;154 713 448;7;0;1;3;1;1
202000016370;154 713 447;30;0;1;1;1;1
202000016371;154 713 445;7;0;2;1;1;1
202000016371;154 713 446;34;0;2;3;1;1
202000016372;154 713 444;7;0;1;1;9;1
202000016373;154 713 443;7;14;0;1;1;1
202000016374;154 713 441;30;0;2;1;13;1
202000016374;154 713 442;7;0;2;1;1;1
202000016375;154 713 439;10;0;2;6;23;1
202000016375;154 713 440;32;0;2;2;21;1
202000016376;154 713 437;30;0;2;1;1;1
202000016376;154 713 438;7;0;2;3;9;1
202000016377;154 713 435;30;0;2;1;1;1
202000016377;154 713 436;7;0;2;6;15;1
202000016378;154 713 433;1;0;2;3;1;5
202000016378;154 713 434;2;0;2;3;15;0
202000016379;154 713 431;30;0;2;7;10;1
202000016379;154 713 432;7;0;2;1;7;1
202000016380;154 713 428;32;0;2;3;17;1
202000016380;154 713 429;10;0;2;5;24;1
202000016380;154 713 430;10;0;2;4;1;1
202000016381;154 713 427;7;0;1;1;9;1
202000016382;154 713 425;7;4;0;4;23;1
202000016382;154 713 426;7;14;0;1;2;1
202000016383;154 713 424;0;0;1;0;0;0
202000016384;154 713 422;10;0;2;1;1;1
202000016384;154 713 423;10;0;2;7;1;1
202000016385;154 713 420;7;0;0;5;16;0
202000016385;154 713 421;80;0;2;3;9;3
202000016386;154 713 418;14;0;2;3;1;1
202000016386;154 713 419;7;0;2;3;13;1
202000016387;154 713 417;7;2;0;1;0;1
202000016388;154 713 415;10;0;2;1;23;1
202000016388;154 713 416;10;0;2;3;1;1
202000016389;154 713 414;7;13;0;2;2;1
202000016390;154 713 412;7;0;2;1;5;1
202000016390;154 713 413;10;0;2;1;1;1
202000016391;154 713 410;7;0;0;2;1;1
202000016391;154 713 411;10;0;0;2;1;1
202000016392;154 713 409;2;13;0;1;1;1
202000016393;154 713 408;36;7;0;7;1;1
202000016394;154 713 407;7;13;0;2;14;1
202000016395;154 713 405;7;0;2;2;15;0
202000016395;154 713 406;2;0;2;1;1;1
202000016396;154 713 402;1;0;0;0;1;5
202000016397;154 713 401;7;0;1;2;1;1
202000016398;154 713 399;7;0;2;5;1;1
202000016398;154 713 400;2;0;2;2;1;1
202000016399;154 713 398;7;13;0;0;1;1
202000016400;154 713 395;1;0;2;1;1;5
202000016400;154 713 396;1;0;2;1;1;5
202000016400;154 713 397;7;0;2;3;15;1
202000016401;154 713 394;7;6;0;1;1;1
202000016402;154 713 393;15;6;0;1;1;1
202000016403;154 713 392;7;3;0;1;1;1
202000016404;154 713 390;7;0;2;8;1;1
202000016404;154 713 391;7;0;2;1;1;1
202000016405;154 713 387;17;0;0;0;17;1
202000016405;154 713 388;7;0;2;1;1;1
202000016405;154 713 389;7;0;2;7;1;1
202000016406;154 713 386;2;6;0;7;1;0
202000016407;154 713 385;7;2;0;1;14;0
202000016408;154 713 383;1;0;2;2;1;5
202000016408;154 713 384;10;0;2;1;15;1
202000016409;154 713 382;33;1;0;0;1;1
202000016410;154 713 380;7;0;2;1;0;0
202000016410;154 713 381;13;0;2;3;0;0
202000016411;154 713 377;10;0;2;5;2;1
202000016411;154 713 378;10;0;2;6;1;1
202000016411;154 713 379;33;0;2;1;2;1
202000016412;154 713 376;7;0;1;1;15;1
202000016413;154 713 375;7;0;1;3;15;1
202000016414;154 713 373;33;0;2;7;17;1
202000016414;154 713 374;10;0;2;8;11;1
202000016415;154 713 372;33;4;0;0;16;1
202000016416;154 713 370;14;0;2;1;1;0
202000016416;154 713 371;7;0;2;1;13;0
202000016417;154 713 368;7;0;2;1;9;1
202000016417;154 713 369;30;0;2;4;1;1
202000016418;154 713 366;7;0;2;3;1;1
202000016418;154 713 367;30;0;2;1;1;1
202000016419;154 713 364;7;0;2;3;15;1
202000016419;154 713 365;7;0;2;3;1;1
202000016420;154 713 362;1;0;2;7;17;0
202000016420;154 713 363;7;0;9;3;2;0
202000016421;154 713 360;7;0;2;8;1;1
202000016421;154 713 361;7;0;2;1;1;1
202000016422;154 713 358;10;3;2;1;17;1
202000016422;154 713 359;7;0;2;8;1;1
202000016423;154 713 356;31;0;2;0;6;1
202000016423;154 713 357;7;0;2;3;1;1
202000016424;154 713 354;33;0;2;1;5;1
202000016424;154 713 355;7;0;2;2;26;1
202000016425;154 713 352;2;0;2;3;1;1
202000016425;154 713 353;7;0;2;2;1;1
202000016426;154 713 351;10;0;9;1;1;1
202000016427;154 713 349;37;0;2;1;1;1
202000016427;154 713 350;31;0;2;1;13;1
202000016428;154 713 348;7;0;1;4;26;1
202000016429;154 713 343;7;3;0;0;17;1
202000016430;154 713 341;7;0;2;1;1;1
202000016430;154 713 342;7;0;2;3;9;1
202000016431;154 713 339;10;0;2;6;0;0
202000016431;154 713 340;10;0;2;3;0;6
202000016432;154 713 338;10;0;1;4;20;0
202000016433;154 713 336;10;15;2;1;19;1
202000016433;154 713 337;7;0;2;2;19;1
202000016434;154 713 335;7;4;0;3;13;1
202000016435;154 713 333;7;0;2;3;1;1
202000016435;154 713 334;10;0;2;2;17;1
202000016436;154 713 331;10;0;2;1;15;1
202000016436;154 713 332;32;0;2;3;1;1
202000016437;154 713 329;7;0;2;2;1;1
202000016437;154 713 330;1;0;2;1;15;5
202000016438;154 713 328;1;15;0;7;16;5
202000016439;154 713 327;7;0;1;1;9;6
202000016440;154 713 325;7;0;1;0;26;1
202000016440;154 713 326;;0;2;3;25;5
202000016441;154 713 323;30;0;2;1;1;1
202000016441;154 713 324;7;0;0;4;1;1
202000016442;154 713 320;7;0;2;3;17;1
202000016442;154 713 321;7;0;2;1;1;1
202000016442;154 713 322;7;0;2;1;2;1
202000016443;154 713 318;30;0;2;8;13;1
202000016443;154 713 319;7;0;2;2;1;1
202000016444;154 713 316;7;0;9;2;1;1
202000016444;154 713 317;1;0;2;0;26;5
202000016445;154 713 314;7;0;2;3;1;1
202000016445;154 713 315;3;0;2;3;1;1
202000016446;154 713 312;33;0;9;1;1;1
202000016446;154 713 313;15;0;2;6;16;1
202000016447;154 713 311;7;6;0;1;0;1
202000016448;154 713 310;7;2;0;2;14;1
202000016449;154 713 309;7;13;0;3;13;1
202000016450;154 713 308;33;0;0;1;1;1
202000016451;154 713 306;7;0;2;6;1;1
202000016451;154 713 307;34;0;2;5;1;1
202000016452;154 713 305;7;7;0;2;0;0
202000016453;154 713 304;7;2;0;8;1;1
202000016454;154 713 303;7;13;0;9;13;1
202000016455;154 713 301;7;0;2;3;1;1
202000016455;154 713 302;7;0;2;3;13;1
202000016456;154 713 300;7;6;0;1;1;1
202000016457;154 713 299;7;0;1;4;4;1
202000016458;154 713 298;2;17;0;1;1;3
202000016459;154 713 295;7;13;0;0;26;6
202000016459;154 713 296;7;0;2;2;17;6
202000016459;154 713 297;7;0;0;6;2;6
202000016460;154 713 294;7;2;0;2;1;1
202000016461;154 713 292;21;0;2;3;15;1
202000016461;154 713 293;30;0;2;1;13;0
202000016462;154 713 291;7;13;0;3;1;1
202000016463;154 713 289;33;0;2;8;1;1
202000016463;154 713 290;7;0;2;3;15;1
202000016464;154 713 288;33;0;6;1;1;1
202000016465;154 713 287;7;2;0;3;21;1
202000016466;154 713 285;7;10;2;1;1;1
202000016466;154 713 286;7;0;2;1;13;1
202000016467;154 713 283;1;0;2;7;15;5
202000016467;154 713 284;7;0;2;1;0;1
202000016468;154 713 282;7;0;0;9;14;1
202000016469;154 713 281;10;17;0;1;1;1
202000016470;154 713 279;7;0;9;2;2;0
202000016470;154 713 280;1;0;0;4;2;0
202000016471;154 713 277;7;0;0;6;1;1
202000016471;154 713 278;7;0;2;1;1;1
202000016472;154 713 275;33;0;2;1;17;1
202000016472;154 713 276;7;0;2;3;15;1
202000016473;154 713 273;7;0;0;5;16;1
202000016473;154 713 274;16;0;2;3;2;1
202000016474;154 713 271;7;0;2;2;15;1
202000016474;154 713 272;7;0;2;3;1;1
202000016475;154 713 269;7;0;2;3;26;1
202000016475;154 713 270;10;3;2;3;1;1
202000016476;154 713 268;7;2;0;1;1;1
202000016477;154 713 267;33;0;0;0;17;1
202000016478;154 713 265;14;0;0;0;1;1
202000016478;154 713 266;31;0;0;0;9;1
202000016479;154 713 262;7;0;5;1;1;1
202000016479;154 713 263;7;14;0;1;2;1
202000016479;154 713 264;7;0;2;5;2;1
202000016480;154 713 259;10;0;2;6;1;1
202000016480;154 713 260;10;0;2;2;17;1
202000016480;154 713 261;10;0;0;0;26;1
202000016481;154 713 258;17;3;0;2;1;1
202000016482;154 713 257;7;4;0;2;1;1
202000016483;154 713 256;7;0;0;9;1;1
202000016484;154 713 254;7;0;2;4;2;1
202000016484;154 713 255;10;0;2;1;2;1
202000016485;154 713 253;33;4;0;3;1;1
202000016486;154 713 249;15;0;2;1;2;1
202000016486;154 713 250;7;0;0;4;11;1
202000016486;154 713 251;7;0;0;4;1;1
202000016486;154 713 252;14;0;2;6;2;1
202000016487;154 713 245;1;0;2;7;19;5
202000016487;154 713 246;7;0;2;1;1;1
202000016488;154 713 244;7;0;1;1;19;1
202000016489;154 713 243;50;0;0;1;19;3
202000016490;154 713 242;32;12;0;0;13;1
202000016491;154 713 241;7;0;1;6;1;2
202000016492;154 713 240;30;0;0;0;1;1
202000016493;154 713 239;7;0;4;2;1;1
202000016494;154 713 237;99;0;2;4;2;1
202000016494;154 713 238;10;0;2;1;2;1
202000016495;154 713 235;7;0;2;6;1;1
202000016495;154 713 236;7;0;2;1;19;1
202000016496;154 713 234;2;2;0;0;1;1
202000016497;154 713 232;7;0;2;3;16;1
202000016497;154 713 233;1;0;2;1;1;5
202000016498;154 713 231;7;2;0;1;1;1
202000016499;154 713 229;7;0;2;1;1;1
202000016499;154 713 230;10;6;1;8;19;1
202000016500;154 713 228;2;12;0;1;14;1
202000016501;154 713 226;7;0;2;3;15;1
202000016501;154 713 227;33;0;2;1;2;1
202000016502;154 713 224;7;0;2;1;1;1
202000016502;154 713 225;7;0;2;2;1;1
202000016503;154 713 223;33;7;0;1;13;1
202000016504;154 713 221;7;0;2;7;0;1
202000016504;154 713 222;7;0;2;1;0;1
202000016505;154 713 220;33;0;0;9;9;1
202000016506;154 713 219;7;0;1;1;1;1
202000016507;154 713 218;36;0;0;1;1;1
202000016508;154 713 217;33;0;0;1;1;1
202000016509;154 713 215;7;0;2;1;1;1
202000016509;154 713 216;7;0;2;2;16;1
202000016510;154 713 213;33;0;2;1;11;0
202000016510;154 713 214;7;0;2;1;1;1
202000016511;154 713 212;7;6;0;1;1;1
202000016512;154 713 210;1;0;2;7;19;6
202000016512;154 713 211;7;0;2;3;1;1
202000016513;154 713 209;10;11;0;2;14;1
202000016514;154 713 208;99;0;0;0;25;6
202000016515;154 713 207;33;0;0;8;26;1
202000016516;154 713 206;7;0;1;2;1;1
202000016517;154 713 204;33;0;2;0;5;1
202000016517;154 713 205;17;0;2;2;0;1
202000016518;154 713 202;7;2;0;4;1;1
202000016518;154 713 203;10;2;2;1;2;1
202000016519;154 713 201;17;6;0;3;0;1
202000016520;154 713 200;7;13;0;1;11;1
202000016521;154 713 198;7;0;2;3;1;6
202000016521;154 713 199;7;0;2;1;21;6
202000016522;154 713 197;7;8;0;1;0;6
202000016523;154 713 195;7;13;0;2;18;1
202000016524;154 713 191;2;0;2;3;15;1
202000016524;154 713 192;7;0;2;1;1;1
202000016525;154 713 190;7;3;0;1;1;1
202000016526;154 713 189;7;7;0;0;1;0
202000016527;154 713 186;7;0;0;8;23;6
202000016527;154 713 187;7;0;2;8;1;1
202000016527;154 713 188;7;0;2;1;15;1
202000016528;154 713 185;1;13;0;0;0;6
202000016529;154 713 183;33;0;2;0;1;1
202000016529;154 713 184;7;0;2;2;11;1
202000016530;154 713 182;7;10;0;2;0;1
202000016531;154 713 181;33;0;0;1;1;1
202000016532;154 713 180;2;0;0;9;1;1
202000016533;154 713 179;7;0;1;1;15;1
202000016534;154 713 178;32;0;0;7;1;1
202000016535;154 713 177;7;0;1;0;0;0
202000016536;154 713 175;17;0;2;0;0;1
202000016536;154 713 176;10;0;2;1;19;1
202000016537;154 713 174;7;0;0;0;14;1
202000016538;154 713 173;3;0;1;1;1;1
202000016539;154 713 171;7;0;2;1;2;0
202000016539;154 713 172;31;0;2;4;1;1
202000016540;154 713 168;7;1;0;7;24;1
202000016540;154 713 169;32;0;2;3;0;1
202000016540;154 713 170;7;0;2;0;0;1
202000016541;154 713 166;7;0;2;7;15;1
202000016541;154 713 167;2;0;2;1;1;1
202000016542;154 713 164;30;0;2;1;26;0
202000016542;154 713 165;7;0;2;2;0;1
202000016543;154 713 163;10;0;1;1;26;1
202000016544;154 713 162;33;0;0;8;1;1
202000016545;154 713 160;7;0;2;1;26;0
202000016545;154 713 161;7;0;0;0;0;0
202000016546;154 713 158;2;0;2;8;19;1
202000016546;154 713 159;7;0;2;1;1;1
202000016547;154 713 156;34;0;2;1;13;0
202000016547;154 713 157;7;0;2;1;1;0
202000016548;154 713 154;7;0;2;7;15;1
202000016548;154 713 155;7;0;2;1;1;1
202000016549;154 713 153;7;0;1;6;1;1
202000016550;154 713 151;2;0;2;1;1;1
202000016550;154 713 152;10;0;2;1;1;1
202000016551;154 713 149;10;0;2;1;2;1
202000016551;154 713 150;15;0;0;6;2;1
202000016552;154 713 147;17;0;0;6;1;0
202000016552;154 713 148;10;0;2;2;2;6
202000016553;154 713 146;33;7;0;1;1;0
202000016554;154 713 144;7;0;2;3;1;1
202000016554;154 713 145;1;0;2;1;1;5
202000016555;154 713 143;33;0;0;7;1;1
202000016556;154 713 142;7;2;0;7;13;1
202000016557;154 713 140;3;0;2;3;15;1
202000016557;154 713 141;7;0;2;1;1;1
202000016558;154 713 138;60;0;2;1;25;5
202000016558;154 713 139;7;0;2;1;25;1
202000016559;154 713 136;32;0;2;1;3;1
202000016559;154 713 137;7;0;2;3;15;1
202000016560;154 713 134;30;0;2;3;5;1
202000016560;154 713 135;7;0;2;3;15;1
202000016561;154 713 132;7;0;2;5;16;1
202000016561;154 713 133;7;0;2;1;9;0
202000016562;154 713 131;34;12;0;2;14;1
202000016563;154 713 130;7;0;1;1;0;1
202000016564;154 713 129;2;0;0;7;1;1
202000016565;154 713 127;7;0;2;1;1;1
202000016565;154 713 128;7;0;2;1;15;1
202000016566;154 713 126;7;6;0;1;0;1
202000016567;154 713 124;7;0;2;1;19;1
202000016567;154 713 125;30;0;2;1;17;1
202000016568;154 713 122;7;13;0;3;26;1
202000016569;154 713 120;10;0;2;3;2;1
202000016569;154 713 121;7;0;2;3;5;1
202000016570;154 713 118;7;0;2;5;9;1
202000016570;154 713 119;31;0;2;1;3;1
202000016571;154 713 117;7;2;0;1;1;1
202000016572;154 713 116;10;13;0;1;1;1
202000016573;154 713 114;7;0;2;1;1;1
202000016573;154 713 115;7;0;2;1;1;1
202000016574;154 713 112;7;0;2;1;1;1
202000016574;154 713 113;7;0;2;3;13;1
202000016575;154 713 111;7;1;0;1;1;1
202000016576;154 713 109;7;0;0;4;2;1
202000016576;154 713 110;10;0;2;1;2;1
202000016577;154 713 108;7;2;0;1;1;1
202000016578;154 713 105;7;0;2;1;1;1
202000016578;154 713 106;7;0;2;1;13;1
202000016579;154 713 102;7;13;0;1;1;1
202000016580;154 713 100;7;0;9;2;19;0
202000016580;154 713 101;1;0;2;8;1;0
202000016581;154 713 098;1;0;2;2;12;5
202000016581;154 713 099;7;0;2;8;1;1
202000016582;154 713 097;7;13;0;2;1;1
202000016583;154 713 096;33;8;0;0;1;1
202000016584;154 713 095;2;0;0;7;0;1
202000016585;154 713 094;31;0;0;8;21;1
202000016586;154 713 091;33;3;2;7;17;1
202000016586;154 713 092;7;0;2;7;1;1
202000016587;154 713 090;7;15;0;1;2;1
202000016588;154 713 089;7;0;1;1;1;1
202000016589;154 713 088;7;13;0;3;1;1
202000016590;154 713 086;33;0;2;1;2;1
202000016590;154 713 087;7;0;2;4;23;1
202000016591;154 713 084;7;0;2;3;13;1
202000016591;154 713 085;7;0;2;8;1;1
202000016592;154 713 083;32;0;5;1;1;1
202000016593;154 713 082;17;0;0;9;0;1
202000016594;154 713 078;10;0;2;1;1;1
202000016594;154 713 079;7;0;0;4;2;1
202000016594;154 713 080;10;0;2;4;2;1
202000016594;154 713 081;7;0;0;4;2;1
202000016595;154 713 074;7;0;2;0;0;0
202000016595;154 713 075;7;0;2;4;2;1
202000016595;154 713 076;7;0;2;1;2;1
202000016595;154 713 077;7;0;2;3;2;1
202000016596;154 713 072;2;0;0;1;1;0
202000016596;154 713 073;7;0;0;1;15;0
202000016597;154 713 071;10;8;0;1;1;1
202000016598;154 713 070;33;0;6;1;1;1
202000016599;154 713 068;7;0;2;1;15;0
202000016599;154 713 069;2;0;2;8;1;1
202000016600;154 713 066;7;0;2;3;0;1
202000016600;154 713 067;7;0;2;1;0;0
202000016601;154 713 065;7;2;0;1;1;1
202000016602;154 713 063;2;0;0;4;1;3
202000016602;154 713 064;7;0;2;2;1;1
202000016603;154 713 061;7;0;2;1;5;1
202000016603;154 713 062;7;0;2;3;1;1
202000016604;154 713 059;7;0;2;0;1;1
202000016604;154 713 060;7;0;2;0;1;1
202000016605;154 713 058;7;2;0;1;2;1
202000016606;154 713 056;7;0;0;2;1;1
202000016606;154 713 057;7;0;0;5;15;1
202000016607;154 713 055;7;13;0;1;1;1
202000016608;154 713 054;7;0;1;2;1;6
202000016609;154 713 045;0;0;2;0;1;0
202000016609;154 713 046;17;0;2;5;1;1
202000016609;154 713 047;33;0;2;3;3;1
202000016610;154 713 043;37;0;2;4;23;1
202000016610;154 713 044;7;0;2;1;14;1
202000016611;154 713 040;7;0;2;4;23;1
202000016611;154 713 041;7;0;2;4;23;1
202000016611;154 713 042;7;0;2;1;2;1
202000016612;154 713 038;17;0;2;4;2;1
202000016612;154 713 039;17;0;2;1;2;1
202000016613;154 713 036;33;0;2;8;1;1
202000016613;154 713 037;7;0;2;5;12;1
202000016614;154 713 034;34;0;2;3;3;0
202000016614;154 713 035;7;0;2;2;12;1
202000016615;154 713 032;14;0;2;6;2;2
202000016615;154 713 033;7;4;2;3;13;1
202000016616;154 713 029;38;0;2;6;12;1
202000016616;154 713 030;7;0;2;1;1;1
202000016616;154 713 031;7;0;2;1;23;2
202000016617;154 713 027;7;0;2;2;12;1
202000016617;154 713 028;33;0;2;3;3;1
202000016618;154 713 026;32;0;0;9;1;1
202000016619;154 713 024;7;0;2;1;1;0
202000016619;154 713 025;60;0;2;8;1;5
202000016620;154 713 022;7;0;2;7;16;0
202000016620;154 713 023;2;0;2;1;18;1
202000016621;154 713 021;2;0;1;1;1;1
202000016622;154 713 019;7;0;2;4;15;1
202000016622;154 713 020;7;0;2;2;15;1