Num_Acc;id_vehicule;categorie_vehicule;obstacle_fixe;obstacle_mobile;point_choc_initial;manoeuvre_principale;motorisation
202000016623;154 713 016;7;0;0;4;2;1
202000016623;154 713 017;7;0;2;1;2;1
202000016623;154 713 018;7;0;2;1;2;1
202000016624;154 713 014;1;0;2;3;2;5
202000016624;154 713 015;7;0;9;2;2;1
202000016625;154 713 011;7;0;2;4;23;1
202000016625;154 713 012;7;0;2;1;1;1
202000016625;154 713 013;7;0;2;4;23;1
202000016626;154 713 009;7;0;2;1;2;1
202000016626;154 713 010;1;0;2;4;15;5
202000016627;154 713 007;7;0;2;2;15;1
202000016627;154 713 008;7;0;2;8;1;1
202000016628;154 713 005;7;0;2;1;1;1
202000016628;154 713 006;7;6;2;1;11;1
202000016629;154 713 003;7;0;2;1;15;1
202000016629;154 713 004;7;0;2;3;1;1
202000016630;154 713 001;2;0;2;1;26;1
202000016630;154 713 002;7;0;2;3;26;1
202000016631;154 713 000;7;2;0;1;1;1
202000016632;154 712 998;2;0;2;8;1;1
202000016632;154 712 999;7;0;2;5;16;1
202000016633;154 712 994;7;0;2;4;23;1
202000016633;154 712 995;7;1;0;1;2;1
202000016634;154 712 993;20;0;1;1;9;1
202000016635;154 712 992;7;2;0;1;17;1
202000016636;154 712 990;7;0;2;8;1;1
202000016636;154 712 991;10;0;2;2;1;1
202000016637;154 712 988;3;0;2;4;2;1
202000016637;154 712 989;7;0;2;1;2;1
202000016638;154 712 985;7;0;2;4;1;0
202000016638;154 712 986;7;0;2;4;1;1
202000016638;154 712 987;7;0;2;2;1;1
202000016639;154 712 983;30;0;2;4;1;1
202000016639;154 712 984;7;0;2;1;26;1
202000016640;154 712 982;2;0;1;1;3;1
202000016641;154 712 980;7;0;2;6;10;1
202000016641;154 712 981;2;0;2;1;1;1
202000016642;154 712 978;7;0;2;1;2;1
202000016642;154 712 979;7;0;2;4;1;1
202000016643;154 712 977;7;0;1;1;17;1
202000016644;154 712 976;7;0;1;3;1;1
202000016645;154 712 974;10;0;2;8;19;1
202000016645;154 712 975;7;0;2;3;1;1
202000016646;154 712 972;7;0;2;1;0;1
202000016646;154 712 973;1;0;2;1;0;5
202000016647;154 712 971;37;0;1;4;0;1
202000016648;154 712 970;7;8;0;5;14;1
202000016649;154 712 969;7;0;1;3;17;0
202000016650;154 712 968;7;0;1;1;1;1
202000016651;154 712 966;33;0;0;8;1;1
202000016651;154 712 967;10;0;2;7;14;1
202000016652;154 712 964;1;0;2;6;16;5
202000016652;154 712 965;7;0;2;1;19;1
202000016653;154 712 963;7;0;1;1;1;1
202000016654;154 712 962;40;0;1;2;1;3
202000016655;154 712 961;31;0;1;1;1;1
202000016656;154 712 959;7;0;9;2;16;1
202000016656;154 712 960;1;0;2;1;1;5
202000016657;154 712 957;7;0;9;1;1;1
202000016657;154 712 958;1;0;2;4;1;5
202000016658;154 712 956;7;2;0;1;14;1
202000016659;154 712 954;13;0;2;5;9;1
202000016659;154 712 955;7;0;2;1;9;1
202000016660;154 712 952;7;0;9;1;9;1
202000016660;154 712 953;1;0;0;0;0;0
202000016661;154 712 949;7;0;2;1;1;1
202000016661;154 712 950;7;0;2;8;15;1
202000016661;154 712 951;33;0;2;1;2;1
202000016662;154 712 947;7;0;2;2;16;1
202000016662;154 712 948;7;0;2;1;1;1
202000016663;154 712 945;7;0;2;1;15;1
202000016663;154 712 946;7;0;2;1;1;1
202000016664;154 712 943;10;0;2;1;1;1
202000016664;154 712 944;7;0;2;4;1;1
202000016665;154 712 942;7;8;0;2;1;1
202000016666;154 712 940;7;0;2;1;15;1
202000016666;154 712 941;7;0;2;1;1;1
202000016667;154 712 939;32;0;0;1;1;1
202000016668;154 712 937;33;0;2;3;26;1
202000016668;154 712 938;7;0;2;1;15;1
202000016669;154 712 936;30;0;0;3;1;1
202000016670;154 712 934;31;0;2;1;1;1
202000016670;154 712 935;7;0;2;3;15;1
202000016671;154 712 932;30;0;2;0;1;1
202000016671;154 712 933;13;0;2;0;1;1
202000016672;154 712 930;10;0;2;7;1;1
202000016672;154 712 931;10;14;2;2;13;1
202000016673;154 712 929;7;1;0;2;14;1
202000016674;154 712 928;7;0;1;1;26;1
202000016675;154 712 926;7;12;0;6;23;0
202000016675;154 712 927;7;16;0;2;2;1
202000016676;154 712 924;34;0;2;7;1;1
202000016676;154 712 925;7;0;2;1;1;1
202000016677;154 712 922;32;0;2;1;23;1
202000016677;154 712 923;7;0;2;3;4;1
202000016678;154 712 921;7;0;0;1;1;1
202000016679;154 712 919;7;0;2;2;1;1
202000016679;154 712 920;43;0;2;3;23;1
202000016680;154 712 918;7;6;0;2;14;1
202000016681;154 712 914;7;0;2;4;23;1
202000016681;154 712 915;7;0;2;1;1;1
202000016681;154 712 916;7;0;2;4;23;1
202000016681;154 712 917;7;0;2;4;23;1
202000016682;154 712 913;7;0;1;2;0;1
202000016683;154 712 911;7;0;2;3;1;1
202000016683;154 712 912;30;0;2;2;1;1
202000016684;154 712 909;33;0;2;1;2;1
202000016684;154 712 910;7;0;2;5;2;1
202000016685;154 712 907;31;0;2;5;3;1
202000016685;154 712 908;33;0;2;0;3;0
202000016686;154 712 905;7;0;2;3;15;1
202000016686;154 712 906;33;0;1;1;1;1
202000016687;154 712 903;32;0;2;7;17;1
202000016687;154 712 904;7;0;2;3;15;1
202000016688;154 712 902;30;14;0;8;13;1
202000016689;154 712 900;1;0;2;4;2;5
202000016689;154 712 901;7;0;2;1;2;1
202000016690;154 712 899;7;0;1;4;4;1
202000016691;154 712 897;30;0;2;1;2;1
202000016691;154 712 898;7;0;2;6;23;1
202000016692;154 712 893;30;0;2;3;18;1
202000016692;154 712 894;10;0;2;2;1;1
202000016693;154 712 892;34;0;1;1;17;1
202000016694;154 712 890;7;0;2;6;23;2
202000016694;154 712 891;1;0;2;1;2;5
202000016695;154 712 888;7;0;2;8;11;1
202000016695;154 712 889;30;0;2;7;1;1
202000016696;154 712 886;7;0;2;2;1;2
202000016696;154 712 887;50;0;2;1;19;3
202000016697;154 712 885;7;0;1;3;20;1
202000016698;154 712 883;1;0;2;5;1;5
202000016698;154 712 884;7;0;2;2;1;1
202000016699;154 712 882;1;0;1;1;1;5
202000016700;154 712 880;7;0;2;2;1;2
202000016700;154 712 881;10;0;2;3;9;1
202000016701;154 712 878;1;0;2;1;1;5
202000016701;154 712 879;10;0;2;6;4;1
202000016702;154 712 877;43;0;1;1;7;1
202000016703;154 712 875;1;0;2;3;13;5
202000016703;154 712 876;31;0;2;2;1;1
202000016704;154 712 873;1;0;2;8;1;5
202000016704;154 712 874;7;0;2;1;19;1
202000016705;154 712 871;7;0;2;7;15;1
202000016705;154 712 872;2;0;2;1;2;1
202000016706;154 712 869;2;0;2;7;17;1
202000016706;154 712 870;7;15;2;6;13;2
202000016707;154 712 868;1;0;1;1;1;5
202000016708;154 712 867;7;0;1;3;1;1
202000016709;154 712 865;10;0;2;1;1;1
202000016709;154 712 866;7;0;2;7;21;1
202000016710;154 712 863;7;0;2;1;2;1
202000016710;154 712 864;7;0;2;4;2;1
202000016711;154 712 862;7;0;1;2;1;0
202000016712;154 712 861;7;0;1;5;26;6
202000016713;154 712 858;7;0;0;0;0;0
202000016713;154 712 859;7;0;2;1;0;0
202000016713;154 712 860;7;0;2;1;1;0
202000016714;154 712 857;7;0;1;3;1;1
202000016715;154 712 855;2;0;2;1;1;1
202000016715;154 712 856;7;0;2;2;10;1
202000016716;154 712 853;7;0;2;1;1;1
202000016716;154 712 854;7;0;2;2;15;3
202000016717;154 712 852;7;8;0;2;1;1
202000016718;154 712 851;30;1;1;1;1;1
202000016719;154 712 849;7;0;2;1;1;1
202000016719;154 712 850;30;0;2;7;2;0
202000016720;154 712 847;32;0;2;0;0;1
202000016720;154 712 848;7;0;2;1;1;1
202000016721;154 712 846;7;9;0;1;15;1
202000016722;154 712 845;7;0;1;3;1;1
202000016723;154 712 843;7;0;2;3;13;1
202000016723;154 712 844;7;0;2;3;1;1
202000016724;154 712 841;7;0;2;3;19;1
202000016724;154 712 842;7;0;2;6;1;1
202000016725;154 712 839;10;0;2;7;1;1
202000016725;154 712 840;7;0;2;2;13;1
202000016726;154 712 837;7;0;2;2;1;1
202000016726;154 712 838;7;0;2;1;1;1
202000016727;154 712 835;2;0;2;1;1;1
202000016727;154 712 836;7;0;2;2;19;1
202000016728;154 712 833;15;0;2;1;1;0
202000016728;154 712 834;7;0;2;1;13;0
202000016729;154 712 830;10;0;2;8;23;1
202000016729;154 712 831;7;0;2;1;1;1
202000016729;154 712 832;7;0;2;1;15;1
202000016730;154 712 828;7;0;2;1;1;1
202000016730;154 712 829;7;0;2;4;16;1
202000016731;154 712 827;7;16;9;1;13;0
202000016732;154 712 825;7;0;2;8;9;1
202000016732;154 712 826;30;0;2;3;21;1
202000016733;154 712 824;7;0;1;2;1;1
202000016734;154 712 823;7;2;0;1;1;1
202000016735;154 712 822;7;0;1;0;1;1
202000016736;154 712 820;2;13;2;3;21;1
202000016736;154 712 821;7;0;2;3;17;1
202000016737;154 712 819;7;2;0;1;1;1
202000016738;154 712 816;33;0;2;1;1;1
202000016738;154 712 817;7;0;2;3;1;1
202000016738;154 712 818;7;0;2;7;15;1
202000016739;154 712 815;7;15;0;1;13;1
202000016740;154 712 812;7;0;2;1;13;0
202000016740;154 712 813;7;0;2;8;1;0
202000016740;154 712 814;7;0;2;0;1;0
202000016741;154 712 810;17;0;1;1;23;1
202000016741;154 712 811;7;7;0;8;23;1
202000016742;154 712 807;7;0;2;3;1;1
202000016742;154 712 808;10;0;2;3;1;1
202000016743;154 712 803;7;0;0;3;15;1
202000016743;154 712 804;7;0;2;2;17;1
202000016744;154 712 801;7;1;0;7;15;1
202000016744;154 712 802;7;0;1;8;24;1
202000016745;154 712 800;7;3;0;1;1;1
202000016746;154 712 798;2;0;2;1;1;1
202000016746;154 712 799;7;0;2;3;19;1
202000016747;154 712 795;7;0;2;5;23;1
202000016747;154 712 796;10;0;2;3;2;1
202000016748;154 712 793;7;0;2;5;1;1
202000016748;154 712 794;7;0;2;4;2;1
202000016749;154 712 791;15;1;0;2;1;1
202000016749;154 712 792;7;0;2;4;2;1
202000016750;154 712 789;17;0;2;1;1;1
202000016750;154 712 790;7;0;2;1;1;1
202000016751;154 712 787;15;0;2;1;1;1
202000016751;154 712 788;10;0;2;1;13;1
202000016752;154 712 785;7;0;2;1;1;1
202000016752;154 712 786;7;0;0;4;1;1
202000016753;154 712 783;7;0;2;3;1;1
202000016753;154 712 784;7;0;2;8;11;1
202000016754;154 712 781;7;0;2;3;17;1
202000016754;154 712 782;7;0;2;5;9;1
202000016755;154 712 779;7;0;2;4;2;1
202000016755;154 712 780;33;0;2;1;2;1
202000016756;154 712 778;7;2;0;8;1;1
202000016757;154 712 776;7;0;2;3;15;1
202000016757;154 712 777;33;0;2;1;1;1
202000016758;154 712 774;7;0;2;8;19;1
202000016758;154 712 775;2;0;2;1;1;1
202000016759;154 712 773;10;13;0;1;0;1
202000016760;154 712 770;33;0;2;1;21;1
202000016760;154 712 771;1;0;2;4;11;5
202000016760;154 712 772;1;0;2;1;11;5
202000016761;154 712 767;33;0;2;1;1;1
202000016761;154 712 768;7;0;2;3;13;1
202000016761;154 712 769;7;0;2;6;1;1
202000016762;154 712 766;7;2;0;3;13;1
202000016763;154 712 764;7;0;2;8;1;1
202000016763;154 712 765;7;0;2;2;17;1
202000016764;154 712 762;34;0;1;7;1;1
202000016765;154 712 760;7;13;2;1;5;1
202000016765;154 712 761;7;0;2;3;1;1
202000016766;154 712 759;7;2;0;2;1;0
202000016767;154 712 758;7;14;0;3;1;6
202000016768;154 712 755;32;0;2;7;2;1
202000016768;154 712 756;7;0;2;6;0;1
202000016768;154 712 757;7;0;2;6;9;1
202000016769;154 712 753;37;3;2;8;2;1
202000016769;154 712 754;7;3;2;9;17;1
202000016770;154 712 752;7;3;0;1;14;1
202000016771;154 712 751;7;4;0;7;14;1
202000016772;154 712 750;7;4;0;1;14;1
202000016773;154 712 749;7;4;0;1;2;1
202000016774;154 712 748;7;0;1;3;0;1
202000016775;154 712 746;7;0;2;3;1;1
202000016775;154 712 747;7;0;2;1;15;1
202000016776;154 712 745;1;0;9;1;26;5
202000016777;154 712 743;99;13;2;2;1;0
202000016777;154 712 744;7;16;0;1;15;0
202000016778;154 712 742;7;0;1;2;25;1
202000016779;154 712 740;7;0;2;2;15;1
202000016779;154 712 741;31;0;2;1;1;1
202000016780;154 712 736;7;3;2;4;2;1
202000016780;154 712 737;7;3;2;1;2;1
202000016780;154 712 738;7;3;2;1;2;1
202000016780;154 712 739;7;3;2;1;2;1
202000016781;154 712 733;7;4;0;8;1;1
202000016781;154 712 734;7;16;2;1;1;1
202000016781;154 712 735;7;16;0;6;1;1
202000016782;154 712 732;7;0;1;8;1;1
202000016783;154 712 730;33;0;2;7;17;1
202000016783;154 712 731;10;0;2;8;15;1
202000016784;154 712 729;7;9;1;0;26;0
202000016785;154 712 727;10;0;9;2;16;1
202000016785;154 712 728;50;0;2;2;5;3
202000016786;154 712 726;7;0;1;3;15;1
202000016787;154 712 722;7;0;2;4;26;1
202000016787;154 712 723;10;0;2;1;2;1
202000016787;154 712 724;7;0;2;1;2;1
202000016787;154 712 725;7;0;2;1;2;1
202000016788;154 712 720;30;0;2;0;1;1
202000016788;154 712 721;7;0;2;0;1;1
202000016789;154 712 719;7;0;1;3;15;1
202000016790;154 712 717;1;0;2;1;9;5
202000016790;154 712 718;7;0;2;2;1;1
202000016791;154 712 716;7;0;1;3;1;1
202000016792;154 712 713;7;0;2;2;13;1
202000016792;154 712 714;7;0;2;1;1;1
202000016792;154 712 715;7;0;2;1;1;1
202000016793;154 712 711;7;0;2;1;1;1
202000016793;154 712 712;7;0;2;7;15;1
202000016794;154 712 709;7;0;2;3;1;1
202000016794;154 712 710;1;0;2;0;1;5
202000016795;154 712 708;30;11;0;8;21;1
202000016796;154 712 706;7;0;2;3;1;1
202000016796;154 712 707;7;0;2;3;15;1
202000016797;154 712 705;10;0;1;4;4;1
202000016798;154 712 703;7;0;2;3;1;1
202000016798;154 712 704;34;0;2;1;1;1
202000016799;154 712 701;7;0;2;1;19;0
202000016799;154 712 702;7;0;2;7;1;1
202000016800;154 712 699;7;0;2;3;13;1
202000016800;154 712 700;2;0;2;1;1;1
202000016801;154 712 697;14;0;2;7;19;1
202000016801;154 712 698;7;0;2;1;1;1
202000016802;154 712 696;7;0;1;1;1;1
202000016803;154 712 695;7;9;0;1;1;1
202000016804;154 712 694;7;0;1;2;16;1
202000016805;154 712 693;7;2;0;1;15;1
202000016806;154 712 691;7;0;0;1;13;1
202000016807;154 712 689;7;0;2;1;2;1
202000016807;154 712 690;7;0;2;4;2;1
202000016808;154 712 688;33;15;0;8;1;1
202000016809;154 712 686;7;1;0;2;1;1
202000016809;154 712 687;7;0;2;2;24;1
202000016810;154 712 684;30;0;2;7;14;1
202000016810;154 712 685;33;0;2;1;1;1
202000016811;154 712 682;7;0;2;8;19;1
202000016811;154 712 683;7;0;2;1;1;1
202000016812;154 712 680;10;0;2;3;5;1
202000016812;154 712 681;7;0;2;3;9;1
202000016813;154 712 679;7;0;1;7;1;1
202000016814;154 712 677;7;0;2;2;15;1
202000016814;154 712 678;99;8;2;1;1;1
202000016815;154 712 675;7;0;9;1;1;1
202000016815;154 712 676;1;0;2;7;1;5
202000016816;154 712 673;1;0;2;0;1;5
202000016816;154 712 674;7;0;2;0;15;1
202000016817;154 712 671;7;0;2;3;1;1
202000016817;154 712 672;2;0;2;1;9;1
202000016818;154 712 670;7;0;0;9;1;1
202000016819;154 712 668;7;0;2;3;15;1
202000016819;154 712 669;31;0;2;7;1;1
202000016820;154 712 666;31;0;2;2;1;1
202000016820;154 712 667;7;0;2;8;26;1
202000016821;154 712 664;7;0;0;0;0;1
202000016821;154 712 665;33;0;0;0;0;1
202000016822;154 712 663;30;0;1;2;1;1
202000016823;154 712 657;7;11;2;2;10;1
202000016823;154 712 658;33;1;2;3;1;1
202000016824;154 712 656;7;0;1;1;1;1
202000016825;154 712 655;32;0;0;0;1;1
202000016826;154 712 652;7;0;2;4;1;1
202000016826;154 712 653;7;0;2;4;1;1
202000016826;154 712 654;10;0;2;1;2;1
202000016827;154 712 651;7;1;0;2;2;1
202000016828;154 712 649;31;0;2;1;5;0
202000016828;154 712 650;7;0;2;8;2;1
202000016829;154 712 647;1;0;2;8;25;5
202000016829;154 712 648;7;0;2;1;15;1
202000016830;154 712 646;7;6;0;1;9;1
202000016831;154 712 645;30;0;0;0;1;1
202000016832;154 712 643;7;0;2;2;0;1
202000016832;154 712 644;2;0;2;7;0;1
202000016833;154 712 640;7;0;2;4;2;1
202000016833;154 712 641;7;0;2;4;2;1
202000016833;154 712 642;7;0;2;1;2;1
202000016834;154 712 638;7;0;2;1;19;1
202000016834;154 712 639;7;0;2;2;17;1
202000016835;154 712 637;2;0;0;0;15;1
202000016836;154 712 635;7;15;0;2;1;1
202000016836;154 712 636;7;0;2;1;1;1
202000016837;154 712 632;7;5;2;1;5;1
202000016837;154 712 633;7;0;2;1;1;1
202000016837;154 712 634;7;3;2;9;1;1
202000016838;154 712 629;7;0;2;2;19;1
202000016838;154 712 630;7;0;2;8;1;1
202000016838;154 712 631;31;0;2;1;1;1
202000016839;154 712 627;33;0;2;1;1;1
202000016839;154 712 628;7;0;2;3;11;1
202000016840;154 712 625;7;0;2;1;9;1
202000016840;154 712 626;1;0;2;7;1;5
202000016841;154 712 623;7;0;2;1;26;1
202000016841;154 712 624;1;0;2;1;1;5
202000016842;154 712 622;2;14;0;1;17;1
202000016843;154 712 621;33;0;1;1;7;1
202000016844;154 712 619;1;0;2;8;1;5
202000016844;154 712 620;7;0;2;7;15;1
202000016845;154 712 618;7;0;1;1;1;1
202000016846;154 712 616;34;0;2;4;23;1
202000016846;154 712 617;30;0;2;1;26;1
202000016847;154 712 615;7;0;1;2;1;0
202000016848;154 712 613;7;0;2;8;1;1
202000016848;154 712 614;7;0;2;1;1;1
202000016849;154 712 611;33;0;2;1;16;1
202000016849;154 712 612;30;0;2;1;1;1
202000016850;154 712 609;7;0;2;1;5;1
202000016850;154 712 610;7;0;2;1;1;1
202000016851;154 712 608;7;0;1;2;19;0
202000016852;154 712 606;7;0;2;1;9;0
202000016852;154 712 607;7;0;2;2;26;0
202000016853;154 712 604;7;0;2;8;15;1
202000016853;154 712 605;33;0;2;2;17;1
202000016854;154 712 602;1;0;2;3;11;5
202000016854;154 712 603;7;0;2;1;26;1
202000016855;154 712 600;7;0;2;2;1;1
202000016855;154 712 601;7;0;2;3;1;1
202000016856;154 712 598;14;0;2;2;1;1
202000016856;154 712 599;32;0;2;4;23;1
202000016857;154 712 596;14;0;2;0;26;0
202000016857;154 712 597;31;0;0;0;0;0
202000016858;154 712 594;7;0;2;1;10;0
202000016858;154 712 595;2;0;2;1;1;1
202000016859;154 712 592;30;0;2;7;1;1
202000016859;154 712 593;32;0;2;1;15;1
202000016860;154 712 589;33;0;2;2;17;1
202000016860;154 712 590;33;0;2;2;17;1
202000016860;154 712 591;7;0;2;6;23;1
202000016861;154 712 587;1;0;2;1;1;5
202000016861;154 712 588;10;0;2;4;23;1
202000016862;154 712 586;37;1;0;2;14;1
202000016863;154 712 585;31;0;0;7;1;1
202000016864;154 712 583;1;0;2;8;1;5
202000016864;154 712 584;7;0;2;8;9;2
202000016865;154 712 581;30;0;2;1;2;1
202000016865;154 712 582;10;0;2;5;23;1
202000016866;154 712 579;7;0;2;7;14;0
202000016866;154 712 580;33;0;2;8;1;1
202000016867;154 712 577;1;0;2;1;1;5
202000016867;154 712 578;7;0;2;3;9;1
202000016868;154 712 575;10;0;2;1;1;1
202000016868;154 712 576;33;0;2;4;23;1
202000016869;154 712 574;50;14;0;1;1;3
202000016870;154 712 573;50;0;0;1;1;3
202000016871;154 712 571;1;0;2;3;15;5
202000016871;154 712 572;33;0;2;2;1;1
202000016872;154 712 569;32;0;2;3;2;1
202000016872;154 712 570;7;0;2;3;2;1
202000016873;154 712 567;33;0;2;1;1;1
202000016873;154 712 568;10;0;2;0;0;0
202000016874;154 712 565;10;15;0;2;15;1
202000016874;154 712 566;50;9;0;1;1;3
202000016875;154 712 563;7;0;2;1;15;0
202000016875;154 712 564;2;1;2;7;1;1
202000016876;154 712 561;7;0;2;1;16;1
202000016876;154 712 562;7;0;2;1;1;1
202000016877;154 712 559;99;0;2;0;0;0
202000016877;154 712 560;31;0;2;0;26;1
202000016878;154 712 557;7;0;2;4;23;1
202000016878;154 712 558;7;1;0;1;2;1
202000016879;154 712 556;7;1;0;3;1;1
202000016880;154 712 554;7;0;2;3;15;1
202000016880;154 712 555;30;0;2;8;1;1
202000016881;154 712 552;37;0;2;1;2;1
202000016881;154 712 553;10;0;2;5;1;1
202000016882;154 712 550;10;0;2;8;10;1
202000016882;154 712 551;33;0;2;1;2;1
202000016883;154 712 548;1;0;2;1;1;5
202000016883;154 712 549;7;0;9;4;23;1
202000016884;154 712 547;7;0;1;1;1;1
202000016885;154 712 546;7;0;1;4;20;1
202000016886;154 712 544;33;0;2;8;1;0
202000016886;154 712 545;7;0;2;2;0;0
202000016887;154 712 543;7;6;0;3;1;1
202000016888;154 712 541;33;0;2;1;1;1
202000016888;154 712 542;7;0;2;3;11;1
202000016889;154 712 538;32;0;0;1;11;0
202000016890;154 712 536;33;0;2;1;17;1
202000016890;154 712 537;21;0;0;6;15;1
202000016891;154 712 534;31;0;2;1;26;1
202000016891;154 712 535;7;0;0;6;1;1
202000016892;154 712 532;2;7;2;7;17;1
202000016892;154 712 533;7;0;2;3;15;1
202000016893;154 712 530;7;0;2;2;21;1
202000016893;154 712 531;7;0;2;7;15;1
202000016894;154 712 529;7;6;0;1;1;1
202000016895;154 712 527;31;0;2;7;17;0
202000016895;154 712 528;7;0;2;8;17;0
202000016896;154 712 526;33;0;0;7;1;1
202000016897;154 712 524;7;8;1;4;26;1
202000016897;154 712 525;7;15;1;4;24;1
202000016898;154 712 522;7;0;2;1;1;1
202000016898;154 712 523;7;0;0;7;19;1
202000016899;154 712 519;7;0;2;1;26;1
202000016899;154 712 520;7;0;2;1;0;1
202000016899;154 712 521;10;0;2;8;0;1
202000016900;154 712 518;7;0;1;3;1;1
202000016901;154 712 516;7;0;0;7;1;1
202000016901;154 712 517;7;0;0;1;16;1
202000016902;154 712 515;17;6;0;7;0;0
202000016903;154 712 513;7;0;9;2;11;0
202000016903;154 712 514;1;0;2;3;11;5
202000016904;154 712 512;33;0;0;9;1;0
202000016905;154 712 511;7;13;0;0;14;1
202000016906;154 712 510;1;0;0;7;1;5
202000016907;154 712 508;1;0;2;2;1;5
202000016907;154 712 509;7;0;2;3;9;1
202000016908;154 712 507;32;12;0;2;1;1
202000016909;154 712 506;36;15;0;0;1;1
202000016910;154 712 505;10;2;0;2;2;1
202000016911;154 712 504;2;2;0;1;16;1
202000016912;154 712 503;7;13;0;9;14;1
202000016913;154 712 499;2;0;0;8;21;1
202000016914;154 712 498;7;2;0;3;1;1
202000016915;154 712 497;33;0;0;0;1;0
202000016916;154 712 495;7;0;2;7;15;1
202000016916;154 712 496;33;0;2;1;1;1
202000016917;154 712 494;33;0;6;1;1;0
202000016918;154 712 492;7;0;2;1;1;1
202000016918;154 712 493;2;0;2;4;1;6
202000016919;154 712 490;7;0;2;2;9;1
202000016919;154 712 491;80;0;2;7;1;3
202000016920;154 712 488;7;0;0;8;1;1
202000016920;154 712 489;7;0;2;1;1;1
202000016921;154 712 486;33;0;2;7;17;1
202000016921;154 712 487;1;0;2;8;2;5
202000016922;154 712 484;7;0;0;6;2;1
202000016922;154 712 485;33;0;2;1;2;1
202000016923;154 712 483;33;13;0;9;1;1
202000016924;154 712 482;2;0;0;8;17;1
202000016925;154 712 481;33;14;0;1;1;1
202000016926;154 712 476;1;3;0;3;13;5
202000016927;154 712 474;13;0;2;8;1;0
202000016927;154 712 475;2;0;2;8;1;0
202000016928;154 712 473;7;2;0;8;1;1
202000016929;154 712 471;2;0;2;7;1;1
202000016929;154 712 472;10;0;2;1;19;1
202000016930;154 712 467;7;0;2;1;19;1
202000016930;154 712 468;7;0;2;3;23;1
202000016930;154 712 469;7;0;2;8;1;1
202000016930;154 712 470;7;0;2;3;23;0
202000016931;154 712 465;7;0;2;2;15;1
202000016931;154 712 466;7;0;2;1;1;1
202000016932;154 712 464;2;1;0;1;1;1
202000016933;154 712 462;7;0;2;6;1;1
202000016933;154 712 463;33;0;2;1;13;1
202000016934;154 712 461;7;6;0;3;1;1
202000016935;154 712 460;33;7;0;0;14;1
202000016936;154 712 459;33;0;1;1;2;1
202000016937;154 712 458;10;0;1;2;16;1
202000016938;154 712 456;7;0;2;4;1;1
202000016938;154 712 457;7;0;2;1;1;1
202000016939;154 712 454;7;0;2;1;0;1
202000016939;154 712 455;34;0;0;4;16;1
202000016940;154 712 453;1;0;1;0;9;0
202000016941;154 712 450;7;0;2;5;1;1
202000016941;154 712 451;37;0;2;1;1;1
202000016941;154 712 452;7;0;2;1;1;1
202000016942;154 712 449;33;4;0;0;13;1
202000016943;154 712 448;7;6;0;1;14;1
202000016944;154 712 446;10;0;2;3;15;1
202000016944;154 712 447;7;0;2;1;1;1
202000016945;154 712 445;7;0;1;6;26;1
202000016946;154 712 444;30;0;0;7;1;1
202000016947;154 712 442;7;0;2;2;15;1
202000016947;154 712 443;30;0;2;3;1;1
202000016948;154 712 440;7;0;2;1;20;1
202000016948;154 712 441;7;0;2;8;2;1
202000016949;154 712 439;7;0;1;1;15;1
202000016950;154 712 437;10;0;2;4;2;1
202000016950;154 712 438;7;0;2;1;2;1
202000016951;154 712 435;33;0;2;1;2;1
202000016951;154 712 436;7;0;2;4;2;1
202000016952;154 712 433;7;0;2;1;9;1
202000016952;154 712 434;33;0;2;7;1;1
202000016953;154 712 431;7;0;2;7;15;1
202000016953;154 712 432;7;0;2;1;1;1
202000016954;154 712 430;7;0;1;1;16;1
202000016955;154 712 428;33;0;2;1;1;1
202000016955;154 712 429;7;0;2;3;15;1
202000016956;154 712 426;10;0;2;4;23;1
202000016956;154 712 427;7;0;2;1;2;1
202000016957;154 712 424;7;0;2;1;2;1
202000016957;154 712 425;7;0;2;4;1;1
202000016958;154 712 422;80;0;2;8;11;3
202000016958;154 712 423;14;0;2;5;2;1
202000016959;154 712 418;7;0;2;3;9;1
202000016959;154 712 419;33;0;2;1;1;1
202000016960;154 712 416;41;0;2;0;0;0
202000016960;154 712 417;33;0;2;0;0;0
202000016961;154 712 415;7;6;0;1;14;1
202000016962;154 712 414;7;15;0;1;15;1
202000016963;154 712 412;99;14;2;8;15;1
202000016963;154 712 413;32;0;2;1;17;1
202000016964;154 712 410;7;0;2;2;16;1
202000016964;154 712 411;34;0;2;1;18;1
202000016965;154 712 407;10;0;2;1;2;1
202000016965;154 712 408;7;0;2;4;2;1
202000016965;154 712 409;7;0;2;4;2;1
202000016966;154 712 404;7;0;2;4;1;1
202000016966;154 712 405;7;0;2;4;1;1
202000016966;154 712 406;7;0;2;1;1;1
202000016967;154 712 403;7;0;1;1;1;1
202000016968;154 712 402;34;0;1;1;1;1
202000016969;154 712 400;7;0;2;1;1;1
202000016969;154 712 401;7;0;2;2;17;1
202000016970;154 712 399;7;0;1;4;4;1
202000016971;154 712 398;7;0;1;7;1;1
202000016972;154 712 397;10;0;1;4;20;1
202000016973;154 712 393;7;0;2;4;2;1
202000016973;154 712 394;7;0;2;4;2;1
202000016973;154 712 395;7;0;2;1;2;1
202000016973;154 712 396;7;0;2;4;2;1