Num_Acc;id_vehicule;categorie_vehicule;obstacle_fixe;obstacle_mobile;point_choc_initial;manoeuvre_principale;motorisation
202000018024;154 710 516;7;0;1;3;11;1
202000018025;154 710 514;31;0;2;1;1;1
202000018025;154 710 515;7;0;2;3;15;1
202000018026;154 710 512;7;0;2;1;1;1
202000018026;154 710 513;33;0;2;1;1;1
202000018027;154 710 510;36;0;2;1;0;1
202000018027;154 710 511;7;0;2;8;0;1
202000018028;154 710 509;7;1;0;2;14;1
202000018029;154 710 508;7;0;0;1;26;1
202000018030;154 710 505;7;0;2;6;1;1
202000018030;154 710 506;7;0;2;4;1;1
202000018030;154 710 507;7;1;2;2;13;1
202000018031;154 710 503;2;0;2;0;1;1
202000018031;154 710 504;7;0;2;0;9;1
202000018032;154 710 501;1;0;2;1;26;5
202000018032;154 710 502;7;0;2;1;1;1
202000018033;154 710 500;33;0;0;7;1;1
202000018034;154 710 498;30;0;2;7;19;1
202000018034;154 710 499;30;0;2;8;1;1
202000018035;154 710 497;30;0;0;0;26;1
202000018036;154 710 494;7;0;2;8;17;1
202000018036;154 710 495;7;0;2;6;1;1
202000018036;154 710 496;7;1;2;3;21;1
202000018037;154 710 493;7;0;1;1;26;1
202000018038;154 710 492;7;0;1;1;1;1
202000018039;154 710 491;7;0;1;3;1;1
202000018040;154 710 490;7;0;1;2;1;1
202000018041;154 710 489;2;0;0;1;1;1
202000018042;154 710 487;2;6;2;2;17;1
202000018042;154 710 488;7;0;2;3;15;1
202000018043;154 710 485;1;0;0;1;1;5
202000018043;154 710 486;16;0;2;2;15;1
202000018044;154 710 483;1;0;2;0;1;5
202000018044;154 710 484;15;0;2;5;1;1
202000018045;154 710 481;7;0;2;3;1;1
202000018045;154 710 482;7;0;2;1;13;1
202000018046;154 710 479;2;0;2;1;1;1
202000018046;154 710 480;7;0;2;3;23;1
202000018047;154 710 476;7;0;2;8;1;1
202000018047;154 710 477;7;0;2;6;1;1
202000018047;154 710 478;7;0;2;1;17;1
202000018048;154 710 474;7;0;2;4;2;1
202000018048;154 710 475;7;0;2;1;2;1
202000018049;154 710 472;10;0;2;3;24;1
202000018049;154 710 473;10;0;2;1;14;1
202000018050;154 710 470;7;0;2;1;2;1
202000018050;154 710 471;7;0;2;5;9;1
202000018051;154 710 469;7;0;1;1;1;1
202000018052;154 710 468;7;1;;2;1;1
202000018053;154 710 467;7;0;1;2;1;1
202000018054;154 710 466;7;0;1;1;1;1
202000018055;154 710 464;7;0;2;2;24;1
202000018055;154 710 465;1;0;2;1;25;5
202000018056;154 710 461;10;0;2;4;1;1
202000018056;154 710 462;7;0;2;5;1;1
202000018056;154 710 463;7;0;2;3;26;0
202000018057;154 710 459;31;0;2;1;17;1
202000018057;154 710 460;10;0;2;6;20;0
202000018058;154 710 458;7;6;0;1;9;1
202000018059;154 710 457;7;0;1;1;1;1
202000018060;154 710 454;10;0;2;1;2;1
202000018060;154 710 455;10;0;2;9;2;1
202000018060;154 710 456;10;0;2;4;2;1
202000018061;154 710 452;7;0;2;1;13;1
202000018061;154 710 453;7;0;2;3;1;1
202000018062;154 710 451;7;2;0;1;1;1
202000018063;154 710 450;7;0;1;1;1;3
202000018064;154 710 449;7;0;1;1;1;1
202000018065;154 710 448;7;0;1;2;1;1
202000018066;154 710 447;7;16;0;1;13;1
202000018067;154 710 445;7;0;2;7;1;1
202000018067;154 710 446;7;0;2;3;9;1
202000018068;154 710 443;7;0;2;3;10;1
202000018068;154 710 444;7;0;2;0;0;1
202000018069;154 710 442;7;0;1;1;1;0
202000018070;154 710 441;7;13;0;7;1;1
202000018071;154 710 437;7;0;2;1;1;1
202000018071;154 710 438;7;1;2;8;26;1
202000018071;154 710 439;10;1;2;6;26;1
202000018071;154 710 440;33;1;0;1;14;1
202000018072;154 710 435;7;0;2;3;15;0
202000018072;154 710 436;2;0;2;1;1;0
202000018073;154 710 433;7;0;2;8;9;1
202000018073;154 710 434;1;0;2;1;19;5
202000018074;154 710 431;10;0;2;1;15;1
202000018074;154 710 432;7;0;2;1;1;1
202000018075;154 710 429;7;0;2;0;1;0
202000018075;154 710 430;31;0;2;8;11;1
202000018076;154 710 427;7;0;2;6;2;1
202000018076;154 710 428;10;0;2;2;2;1
202000018077;154 710 425;32;0;2;3;3;1
202000018077;154 710 426;7;0;2;5;1;1
202000018078;154 710 423;50;0;2;7;19;3
202000018078;154 710 424;7;0;2;1;1;1
202000018079;154 710 421;33;0;2;7;1;1
202000018079;154 710 422;7;0;2;3;15;1
202000018080;154 710 420;30;0;0;0;1;1
202000018081;154 710 419;80;0;0;0;16;3
202000018082;154 710 418;30;12;0;0;14;1
202000018083;154 710 416;7;0;2;2;1;1
202000018083;154 710 417;1;0;2;1;1;5
202000018084;154 710 415;7;0;1;1;16;1
202000018085;154 710 413;7;0;2;3;9;1
202000018085;154 710 414;34;0;2;1;17;1
202000018086;154 710 411;34;0;2;1;1;1
202000018086;154 710 412;7;0;2;1;15;1
202000018087;154 710 408;7;0;2;4;23;1
202000018087;154 710 409;7;0;2;4;23;1
202000018087;154 710 410;7;0;2;1;1;1
202000018088;154 710 406;1;0;2;7;2;5
202000018088;154 710 407;7;0;9;1;16;1
202000018089;154 710 404;7;0;2;7;1;1
202000018089;154 710 405;7;0;2;1;1;1
202000018090;154 710 402;7;0;2;3;1;5
202000018090;154 710 403;7;0;0;5;15;5
202000018091;154 710 397;7;0;2;4;1;1
202000018091;154 710 398;7;0;2;1;1;1
202000018092;154 710 396;7;6;0;1;2;1
202000018093;154 710 394;2;0;0;1;26;1
202000018093;154 710 395;7;0;2;8;9;1
202000018094;154 710 392;7;0;2;7;15;1
202000018094;154 710 393;31;0;2;1;1;1
202000018095;154 710 391;10;0;1;6;20;1
202000018096;154 710 390;7;0;1;1;16;1
202000018097;154 710 388;10;1;0;0;22;1
202000018097;154 710 389;1;1;2;8;21;5
202000018098;154 710 386;7;0;0;3;17;1
202000018098;154 710 387;10;0;0;3;1;1
202000018099;154 710 385;14;0;1;2;16;1
202000018100;154 710 383;7;0;2;2;15;0
202000018100;154 710 384;33;0;2;1;1;1
202000018101;154 710 381;7;0;2;3;1;1
202000018101;154 710 382;1;0;2;1;1;5
202000018102;154 710 379;2;0;0;9;2;1
202000018102;154 710 380;7;0;2;0;17;0
202000018103;154 710 378;7;16;0;9;1;1
202000018104;154 710 376;7;0;2;3;1;1
202000018104;154 710 377;80;0;2;8;13;3
202000018105;154 710 375;7;2;0;2;14;1
202000018106;154 710 372;7;0;2;3;1;1
202000018106;154 710 373;17;0;2;3;1;1
202000018106;154 710 374;7;0;2;1;1;2
202000018107;154 710 370;7;0;2;2;13;1
202000018107;154 710 371;30;0;2;1;13;1
202000018108;154 710 369;7;8;0;2;1;1
202000018109;154 710 368;7;0;1;3;1;1
202000018110;154 710 367;7;0;1;4;4;0
202000018111;154 710 366;7;0;0;0;1;1
202000018112;154 710 364;15;0;2;3;1;1
202000018112;154 710 365;7;0;2;7;19;1
202000018113;154 710 362;7;0;2;8;15;1
202000018113;154 710 363;33;0;2;2;17;1
202000018114;154 710 361;7;0;1;3;1;1
202000018115;154 710 359;7;0;0;8;19;1
202000018115;154 710 360;15;0;2;1;1;1
202000018116;154 710 358;7;0;1;3;1;1
202000018117;154 710 357;32;0;0;1;1;0
202000018118;154 710 355;7;0;2;1;17;1
202000018118;154 710 356;7;0;2;1;1;1
202000018119;154 710 353;33;0;0;0;1;0
202000018120;154 710 351;7;0;2;1;1;0
202000018120;154 710 352;7;0;2;2;15;0
202000018121;154 710 350;7;2;0;1;1;1
202000018122;154 710 348;33;0;2;7;1;1
202000018122;154 710 349;7;0;2;7;19;1
202000018123;154 710 347;7;0;1;2;1;1
202000018124;154 710 345;7;0;2;4;1;1
202000018124;154 710 346;10;0;2;1;2;1
202000018125;154 710 341;7;0;2;6;18;0
202000018125;154 710 342;7;4;2;7;2;3
202000018125;154 710 343;10;0;2;7;2;0
202000018125;154 710 344;14;0;2;2;12;0
202000018126;154 710 339;10;0;2;4;2;1
202000018126;154 710 340;10;0;2;1;1;1
202000018127;154 710 338;7;3;0;1;14;1
202000018128;154 710 337;33;0;0;7;1;1
202000018129;154 710 336;7;4;0;1;1;1
202000018130;154 710 335;1;0;1;1;1;5
202000018131;154 710 334;33;0;1;7;1;6
202000018132;154 710 333;3;0;1;8;26;6
202000018133;154 710 330;7;12;2;8;1;1
202000018133;154 710 331;7;0;2;1;17;1
202000018133;154 710 332;7;0;2;1;1;1
202000018134;154 710 328;7;0;2;1;2;1
202000018134;154 710 329;7;0;2;4;0;1
202000018135;154 710 326;7;0;2;1;10;0
202000018135;154 710 327;33;0;2;8;1;1
202000018136;154 710 325;7;7;0;2;26;1
202000018137;154 710 322;7;2;0;2;13;1
202000018138;154 710 321;7;0;1;1;1;1
202000018139;154 710 320;99;0;1;3;19;1
202000018140;154 710 317;10;0;2;1;1;1
202000018140;154 710 318;10;0;2;4;23;1
202000018140;154 710 319;10;0;2;4;23;1
202000018141;154 710 315;7;0;2;2;9;1
202000018141;154 710 316;7;0;2;1;1;1
202000018142;154 710 313;7;0;2;1;9;1
202000018142;154 710 314;1;0;2;1;1;5
202000018143;154 710 312;7;0;1;2;26;1
202000018144;154 710 310;7;0;2;2;15;1
202000018144;154 710 311;32;0;2;1;1;1
202000018145;154 710 309;30;0;0;0;1;1
202000018146;154 710 308;30;12;0;1;1;1
202000018147;154 710 307;7;9;9;9;2;1
202000018148;154 710 305;1;6;0;4;1;0
202000018148;154 710 306;30;6;9;1;2;1
202000018149;154 710 303;50;0;2;1;1;3
202000018149;154 710 304;7;0;2;3;22;2
202000018150;154 710 301;7;0;2;6;1;1
202000018150;154 710 302;7;0;2;1;1;1
202000018151;154 710 299;7;0;2;2;9;1
202000018151;154 710 300;33;0;2;1;17;1
202000018152;154 710 298;30;0;0;0;17;1
202000018153;154 710 296;7;0;2;5;23;1
202000018153;154 710 297;32;0;2;8;18;1
202000018154;154 710 294;7;0;2;5;1;1
202000018154;154 710 295;10;0;2;1;1;1
202000018155;154 710 293;99;0;1;7;1;1
202000018156;154 710 291;7;2;0;6;4;0
202000018156;154 710 292;7;0;2;7;26;0
202000018157;154 710 289;7;0;2;7;10;1
202000018157;154 710 290;33;0;2;1;1;1
202000018158;154 710 288;30;0;0;0;2;1
202000018159;154 710 287;33;12;0;7;17;1
202000018160;154 710 286;7;0;1;1;1;1
202000018161;154 710 285;7;7;0;3;1;1
202000018162;154 710 284;7;13;0;2;1;1
202000018163;154 710 282;33;0;2;4;2;1
202000018163;154 710 283;33;0;2;1;1;1
202000018164;154 710 281;7;13;0;2;14;1
202000018165;154 710 280;7;13;0;1;13;1
202000018166;154 710 278;7;0;2;3;16;1
202000018166;154 710 279;2;0;2;8;13;1
202000018167;154 710 275;7;0;2;2;15;1
202000018167;154 710 276;7;0;2;1;1;1
202000018167;154 710 277;7;0;2;8;23;1
202000018168;154 710 273;7;0;2;1;1;1
202000018168;154 710 274;2;0;2;0;13;3
202000018169;154 710 271;7;0;2;3;9;2
202000018169;154 710 272;7;0;0;2;1;1
202000018170;154 710 270;31;8;0;1;1;1
202000018171;154 710 269;7;3;0;9;1;1
202000018172;154 710 268;7;2;0;1;1;1
202000018173;154 710 266;15;0;2;3;1;1
202000018173;154 710 267;7;0;2;8;13;1
202000018174;154 710 264;2;0;2;1;1;1
202000018174;154 710 265;7;0;2;3;10;1
202000018175;154 710 262;7;0;2;4;20;1
202000018175;154 710 263;30;0;2;1;1;1
202000018176;154 710 261;3;0;1;2;1;1
202000018177;154 710 260;7;2;0;1;1;1
202000018178;154 710 258;7;0;2;3;1;1
202000018178;154 710 259;7;0;2;3;13;1
202000018179;154 710 257;7;6;0;3;13;1
202000018180;154 710 255;17;0;0;7;13;1
202000018180;154 710 256;1;0;0;8;2;5
202000018181;154 710 253;2;0;0;1;1;1
202000018181;154 710 254;7;0;2;2;15;1
202000018182;154 710 250;7;0;0;4;1;0
202000018182;154 710 251;17;0;2;1;2;1
202000018182;154 710 252;14;0;2;1;2;1
202000018183;154 710 249;10;2;0;9;1;1
202000018184;154 710 247;1;3;0;0;2;5
202000018184;154 710 248;7;0;0;0;2;1
202000018185;154 710 244;30;0;2;2;26;1
202000018185;154 710 245;13;0;2;3;1;1
202000018185;154 710 246;7;0;2;1;1;1
202000018186;154 710 242;7;0;2;2;26;1
202000018186;154 710 243;32;1;0;1;0;1
202000018187;154 710 240;2;0;2;3;1;1
202000018187;154 710 241;7;0;2;1;13;1
202000018188;154 710 239;7;13;0;3;1;1
202000018189;154 710 237;7;0;2;3;1;1
202000018189;154 710 238;7;0;2;3;13;1
202000018190;154 710 236;7;1;0;3;1;0
202000018191;154 710 235;33;0;0;0;0;1
202000018192;154 710 233;32;0;2;1;1;1
202000018192;154 710 234;7;0;2;7;15;1
202000018193;154 710 232;1;0;0;9;1;5
202000018194;154 710 231;80;0;0;1;0;3
202000018195;154 710 229;7;0;0;1;1;1
202000018195;154 710 230;1;0;0;7;19;5
202000018196;154 710 227;10;0;0;5;4;0
202000018196;154 710 228;1;0;2;1;1;0
202000018197;154 710 225;7;0;2;7;19;1
202000018197;154 710 226;7;0;2;1;2;1
202000018198;154 710 223;7;0;2;1;2;1
202000018198;154 710 224;7;0;2;5;12;1
202000018199;154 710 222;7;3;0;0;14;1
202000018200;154 710 221;33;4;0;3;1;1
202000018201;154 710 220;7;4;9;5;1;1
202000018202;154 710 219;30;4;0;0;26;1
202000018203;154 710 217;7;0;2;1;14;0
202000018203;154 710 218;7;0;2;4;1;1
202000018204;154 710 214;7;0;2;1;1;1
202000018204;154 710 215;7;0;2;4;21;1
202000018204;154 710 216;7;3;0;1;12;1
202000018205;154 710 212;7;0;2;8;2;1
202000018205;154 710 213;2;0;2;7;3;1
202000018206;154 710 210;7;0;2;2;14;1
202000018206;154 710 211;7;0;2;6;23;1
202000018207;154 710 209;7;16;1;1;9;0
202000018208;154 710 207;2;0;2;4;2;1
202000018208;154 710 208;7;0;2;1;2;1
202000018209;154 710 205;7;16;0;0;0;1
202000018209;154 710 206;10;16;0;0;0;1
202000018210;154 710 201;10;0;2;1;2;1
202000018210;154 710 202;7;0;2;9;2;1
202000018210;154 710 203;7;0;2;0;0;0
202000018210;154 710 204;10;0;2;0;2;1
202000018211;154 710 199;7;0;2;1;0;0
202000018211;154 710 200;1;0;2;2;1;5
202000018212;154 710 197;7;0;2;4;23;1
202000018212;154 710 198;7;0;2;1;9;1
202000018213;154 710 195;7;0;2;1;1;1
202000018213;154 710 196;7;0;2;2;1;1
202000018214;154 710 193;14;0;2;2;5;1
202000018214;154 710 194;7;0;2;2;21;1
202000018215;154 710 191;7;0;2;1;16;1
202000018215;154 710 192;1;0;2;7;1;0
202000018216;154 710 189;7;0;2;5;15;3
202000018216;154 710 190;33;0;2;2;1;1
202000018217;154 710 186;10;0;0;1;13;0
202000018218;154 710 184;7;0;2;3;9;1
202000018218;154 710 185;17;0;0;0;0;1
202000018219;154 710 182;7;0;2;1;15;1
202000018219;154 710 183;7;0;2;1;1;1
202000018220;154 710 180;7;0;2;3;1;1
202000018220;154 710 181;30;0;2;3;19;0
202000018221;154 710 178;7;0;2;8;1;0
202000018221;154 710 179;7;0;2;1;1;0
202000018222;154 710 177;7;0;0;0;0;0
202000018223;154 710 176;7;0;1;1;1;1
202000018224;154 710 174;7;0;1;7;1;1
202000018225;154 710 173;50;0;0;0;15;3
202000018226;154 710 172;7;3;0;1;1;1
202000018227;154 710 170;7;0;2;1;1;1
202000018227;154 710 171;7;0;2;4;1;1
202000018228;154 710 168;7;0;2;8;11;1
202000018228;154 710 169;7;0;2;1;17;1
202000018229;154 710 166;31;0;2;1;2;1
202000018229;154 710 167;7;0;2;4;2;1
202000018230;154 710 165;7;15;0;1;1;1
202000018231;154 710 164;7;0;1;4;26;1
202000018232;154 710 161;7;1;0;1;0;0
202000018232;154 710 162;10;1;0;1;23;0
202000018232;154 710 163;7;0;0;1;23;0
202000018233;154 710 160;10;0;1;1;0;0
202000018234;154 710 159;7;0;1;1;1;1
202000018235;154 710 157;10;0;2;8;9;1
202000018235;154 710 158;33;0;2;1;1;1
202000018236;154 710 155;7;0;2;5;12;0
202000018236;154 710 156;30;0;2;3;1;1
202000018237;154 710 153;7;0;2;6;11;1
202000018237;154 710 154;15;0;2;2;1;1
202000018238;154 710 150;43;0;2;1;3;1
202000018238;154 710 151;10;0;2;5;1;1
202000018238;154 710 152;32;0;2;3;13;1
202000018239;154 710 148;33;0;2;1;1;1
202000018239;154 710 149;80;0;2;8;13;3
202000018240;154 710 146;30;0;2;8;13;1
202000018240;154 710 147;1;0;2;8;1;5
202000018241;154 710 144;32;0;2;2;15;1
202000018241;154 710 145;7;0;2;1;1;1
202000018242;154 710 142;1;0;2;0;1;5
202000018242;154 710 143;50;0;2;1;13;3
202000018243;154 710 140;10;0;2;7;1;1
202000018243;154 710 141;7;0;2;1;1;4
202000018244;154 710 139;7;0;1;2;1;1
202000018245;154 710 138;7;0;1;1;1;1
202000018246;154 710 136;2;0;2;1;13;0
202000018246;154 710 137;10;0;2;3;13;0
202000018247;154 710 135;7;1;0;9;5;1
202000018248;154 710 133;7;0;2;2;1;0
202000018248;154 710 134;30;0;2;1;19;0
202000018249;154 710 131;7;0;2;1;15;1
202000018249;154 710 132;7;0;2;1;1;1
202000018250;154 710 129;2;0;2;1;1;1
202000018250;154 710 130;7;0;2;3;10;0
202000018251;154 710 128;7;2;0;1;1;1
202000018252;154 710 126;60;0;2;1;25;5
202000018252;154 710 127;7;0;2;2;1;1
202000018253;154 710 125;7;4;0;2;1;1
202000018254;154 710 124;7;9;1;1;0;1
202000018255;154 710 122;7;0;2;7;1;0
202000018255;154 710 123;7;0;2;1;1;1
202000018256;154 710 121;7;0;1;2;1;2
202000018257;154 710 120;33;14;0;1;17;0
202000018258;154 710 119;33;13;0;2;1;1
202000018259;154 710 117;7;0;2;3;1;1
202000018259;154 710 118;7;0;2;3;1;1
202000018260;154 710 116;7;13;0;1;14;1
202000018261;154 710 114;33;0;2;2;17;1
202000018261;154 710 115;21;2;2;3;15;1
202000018262;154 710 112;33;12;0;3;1;1
202000018263;154 710 111;33;13;0;1;21;1
202000018264;154 710 110;3;13;0;8;13;1
202000018265;154 710 108;2;0;2;1;1;0
202000018265;154 710 109;33;0;2;1;1;0
202000018266;154 710 107;7;15;0;2;0;1
202000018267;154 710 105;7;0;2;3;1;1
202000018267;154 710 106;2;0;2;1;13;1
202000018268;154 710 103;7;0;2;1;13;1
202000018268;154 710 104;7;0;2;3;1;1
202000018269;154 710 101;7;3;2;1;1;1
202000018269;154 710 102;7;0;2;4;1;1
202000018270;154 710 099;7;0;2;7;1;1
202000018270;154 710 100;7;0;2;2;1;0
202000018271;154 710 098;7;3;0;2;1;0
202000018272;154 710 096;7;0;2;4;2;1
202000018272;154 710 097;7;0;2;1;2;1
202000018273;154 710 095;7;5;0;1;12;1
202000018274;154 710 094;7;0;1;3;1;1
202000018275;154 710 093;7;0;1;3;1;1
202000018276;154 710 092;33;9;0;0;1;1
202000018277;154 710 090;7;0;2;1;1;1
202000018277;154 710 091;7;0;2;4;1;1
202000018278;154 710 089;7;16;0;1;26;1
202000018279;154 710 088;34;0;1;1;1;1
202000018280;154 710 086;37;0;0;4;1;1
202000018280;154 710 087;30;0;2;1;1;1
202000018281;154 710 084;7;0;9;8;16;1
202000018281;154 710 085;50;0;2;1;1;3
202000018282;154 710 082;7;0;2;2;2;1
202000018282;154 710 083;7;0;2;6;20;1
202000018283;154 710 080;7;0;9;1;15;1
202000018283;154 710 081;1;0;2;1;1;5
202000018284;154 710 078;36;0;0;8;15;1
202000018284;154 710 079;7;0;2;2;17;0
202000018285;154 710 077;7;0;1;4;20;1
202000018286;154 710 075;17;0;2;6;15;1
202000018286;154 710 076;7;0;2;3;1;1
202000018287;154 710 073;7;12;2;2;1;1
202000018287;154 710 074;1;0;1;6;1;0
202000018288;154 710 071;2;0;2;1;1;1
202000018288;154 710 072;7;0;2;7;15;1
202000018289;154 710 070;33;2;0;1;13;1
202000018290;154 710 069;10;0;1;1;1;0
202000018291;154 710 066;10;6;2;2;1;1
202000018291;154 710 067;7;6;2;8;3;1
202000018291;154 710 068;7;0;2;1;11;1
202000018292;154 710 064;7;0;2;1;9;1
202000018292;154 710 065;1;0;2;1;26;5
202000018293;154 710 062;7;0;2;8;15;
202000018293;154 710 063;33;0;2;1;17;
202000018294;154 710 060;34;0;2;1;1;1
202000018294;154 710 061;7;0;2;2;1;1
202000018295;154 710 059;10;0;1;1;15;0
202000018296;154 710 058;7;0;1;1;1;1
202000018297;154 710 056;7;0;2;8;1;1
202000018297;154 710 057;33;0;2;7;17;1
202000018298;154 710 055;7;1;0;3;1;1
202000018299;154 710 053;10;0;2;6;15;1
202000018299;154 710 054;31;0;2;1;17;1
202000018300;154 710 051;7;0;2;1;13;1
202000018300;154 710 052;2;0;2;1;1;1
202000018301;154 710 049;7;0;2;6;0;0
202000018301;154 710 050;7;0;2;1;0;0
202000018302;154 710 048;33;0;0;2;1;1
202000018303;154 710 047;7;3;0;1;13;1
202000018304;154 710 045;7;0;2;1;2;1
202000018304;154 710 046;7;0;2;4;2;1
202000018305;154 710 044;10;0;1;3;15;0
202000018306;154 710 043;7;0;1;1;1;1
202000018307;154 710 041;10;0;9;8;2;1
202000018307;154 710 042;1;0;2;1;1;5
202000018308;154 710 039;7;0;2;3;1;1
202000018308;154 710 040;7;0;2;6;1;1
202000018309;154 710 038;7;2;0;8;1;1
202000018310;154 710 036;33;0;2;0;3;1
202000018310;154 710 037;7;0;0;4;2;1
202000018311;154 710 034;7;2;0;1;13;1
202000018312;154 710 033;7;6;0;1;1;1
202000018313;154 710 032;80;0;0;8;1;3
202000018314;154 710 030;2;0;2;8;19;1
202000018314;154 710 031;7;0;2;2;21;1
202000018315;154 710 027;10;0;2;3;1;1
202000018315;154 710 028;7;0;2;5;1;1
202000018316;154 710 026;7;8;0;1;14;1
202000018317;154 710 025;7;6;0;3;13;1
202000018318;154 710 023;10;0;2;8;13;1
202000018318;154 710 024;33;0;2;8;1;1
202000018319;154 710 022;7;4;0;3;0;1
202000018320;154 710 021;33;6;0;3;1;1
202000018321;154 710 019;7;0;0;4;23;1
202000018321;154 710 020;10;1;0;1;2;1
202000018322;154 710 018;34;0;5;1;2;1
202000018323;154 710 017;7;8;0;0;1;1
202000018324;154 710 016;33;14;0;1;1;1
202000018325;154 710 014;30;0;2;0;2;1
202000018325;154 710 015;7;0;2;8;10;1
202000018326;154 710 012;7;0;1;4;1;1
202000018326;154 710 013;10;0;2;1;2;1
202000018327;154 710 011;7;2;0;2;13;0
202000018328;154 710 010;2;14;0;1;26;1
202000018329;154 710 008;7;0;2;8;19;1
202000018329;154 710 009;7;0;2;8;19;1
202000018330;154 710 007;7;0;1;3;2;1
202000018331;154 710 006;7;6;0;1;16;1
202000018332;154 710 005;2;0;0;0;15;1
202000018333;154 710 004;7;8;0;1;13;1
202000018334;154 710 002;30;0;2;1;26;1
202000018334;154 710 003;7;0;2;4;26;1
202000018335;154 710 000;31;0;2;2;1;1
202000018335;154 710 001;7;0;2;0;1;1
202000018336;154 709 998;7;0;2;5;15;1
202000018336;154 709 999;7;0;2;1;1;1
202000018337;154 709 996;7;0;2;4;1;1
202000018337;154 709 997;7;3;2;1;12;1
202000018338;154 709 994;7;0;2;3;1;1
202000018338;154 709 995;32;0;2;7;1;1
202000018339;154 709 992;37;0;2;3;1;0
202000018339;154 709 993;32;0;2;1;1;0
202000018340;154 709 990;7;0;2;1;19;1
202000018340;154 709 991;7;0;2;2;1;1
202000018341;154 709 988;7;0;2;0;15;0
202000018341;154 709 989;34;0;2;0;21;1
202000018342;154 709 987;7;6;0;2;1;1
202000018343;154 709 986;33;15;0;1;21;1
202000018344;154 709 985;7;2;0;1;1;1
202000018345;154 709 984;7;2;0;2;1;0
202000018346;154 709 983;3;2;0;1;21;1
202000018347;154 709 982;10;0;0;9;1;1
202000018348;154 709 981;7;2;1;0;1;6
202000018349;154 709 980;7;6;0;1;13;1
202000018350;154 709 979;10;9;0;2;1;1
202000018351;154 709 977;15;0;2;3;19;1
202000018351;154 709 978;7;0;2;1;1;1
202000018352;154 709 976;7;4;0;3;1;0
202000018353;154 709 975;33;0;0;7;1;1
202000018354;154 709 973;7;4;0;2;15;1
202000018355;154 709 972;7;4;0;3;1;1
202000018356;154 709 968;7;0;2;8;0;5
202000018356;154 709 969;7;0;2;2;17;0
202000018356;154 709 970;7;1;0;2;11;5
202000018356;154 709 971;7;0;2;4;23;0
202000018357;154 709 966;7;0;2;6;20;1
202000018357;154 709 967;10;0;2;1;1;1
202000018358;154 709 965;7;2;0;8;1;1
202000018359;154 709 963;7;0;2;4;2;1
202000018359;154 709 964;7;0;2;1;1;2
202000018360;154 709 961;7;0;2;1;15;1
202000018360;154 709 962;7;0;2;1;1;1
202000018361;154 709 960;7;4;0;1;9;1
202000018362;154 709 959;30;0;0;0;26;3
202000018363;154 709 957;2;0;2;8;1;1
202000018363;154 709 958;7;0;2;1;15;1
202000018364;154 709 956;7;2;0;0;1;1
202000018365;154 709 954;7;0;2;8;1;1
202000018365;154 709 955;2;0;2;1;5;1
202000018366;154 709 952;7;0;2;2;15;1
202000018366;154 709 953;99;0;2;3;2;1
202000018367;154 709 951;30;0;0;1;0;1
202000018368;154 709 950;7;0;1;0;0;1
202000018369;154 709 948;38;0;2;1;2;1
202000018369;154 709 949;7;0;2;4;23;1
202000018370;154 709 946;1;0;2;4;1;5
202000018370;154 709 947;7;0;9;1;15;1
202000018371;154 709 944;14;0;2;4;4;0
202000018371;154 709 945;33;0;2;1;26;1
202000018372;154 709 942;30;0;2;7;1;1
202000018372;154 709 943;10;0;2;1;9;1
202000018373;154 709 940;7;0;2;3;19;1
202000018373;154 709 941;33;0;2;1;1;1
202000018374;154 709 939;10;13;0;7;14;1
202000018375;154 709 938;7;0;1;1;1;1
202000018376;154 709 937;7;1;0;1;19;1
202000018377;154 709 935;7;0;2;1;15;1
202000018377;154 709 936;33;0;2;1;1;1
202000018378;154 709 933;33;0;2;1;1;1
202000018378;154 709 934;10;0;2;1;5;0
202000018379;154 709 931;7;0;2;1;1;1
202000018379;154 709 932;1;0;2;8;19;5
202000018380;154 709 929;7;0;2;5;10;0
202000018380;154 709 930;1;0;2;1;1;5
202000018381;154 709 927;33;0;2;8;17;1
202000018381;154 709 928;10;0;2;3;10;1
202000018382;154 709 925;30;0;2;1;1;0
202000018382;154 709 926;10;0;2;8;1;1
202000018383;154 709 923;7;0;2;7;1;1
202000018383;154 709 924;2;0;2;1;1;1
202000018384;154 709 921;7;0;2;4;23;1
202000018384;154 709 922;10;14;2;1;2;1
202000018385;154 709 919;10;0;2;8;1;1
202000018385;154 709 920;7;0;2;1;26;1
202000018386;154 709 915;7;4;2;1;1;0
202000018386;154 709 916;7;4;2;4;23;1
202000018386;154 709 917;7;4;2;6;23;1
202000018386;154 709 918;7;4;2;4;1;0
202000018387;154 709 913;7;0;0;0;0;0
202000018387;154 709 914;32;0;0;4;2;0
202000018388;154 709 912;7;12;0;3;13;1
202000018389;154 709 910;7;0;2;3;15;1
202000018389;154 709 911;34;0;2;2;1;1
202000018390;154 709 908;30;1;0;1;1;1
202000018390;154 709 909;7;1;0;3;9;1
202000018391;154 709 907;7;2;0;1;0;1
202000018392;154 709 906;7;2;0;2;1;1
202000018393;154 709 904;7;0;2;1;1;1
202000018393;154 709 905;7;0;2;1;1;1
202000018394;154 709 903;7;2;0;7;1;1