Num_Acc;id_vehicule;categorie_vehicule;obstacle_fixe;obstacle_mobile;point_choc_initial;manoeuvre_principale;motorisation
202000018395;154 709 902;10;0;0;3;0;1
202000018396;154 709 900;7;0;2;1;1;1
202000018396;154 709 901;17;0;0;4;1;1
202000018397;154 709 899;33;0;0;1;1;1
202000018398;154 709 898;10;0;1;6;4;1
202000018399;154 709 897;7;0;1;1;1;1
202000018400;154 709 894;7;0;2;7;1;1
202000018400;154 709 895;7;0;2;1;1;1
202000018400;154 709 896;31;0;2;1;1;1
202000018401;154 709 893;7;0;0;1;1;1
202000018402;154 709 892;7;8;0;9;1;1
202000018403;154 709 890;7;0;2;1;1;1
202000018403;154 709 891;2;0;0;8;1;1
202000018404;154 709 889;2;2;0;1;1;1
202000018405;154 709 887;7;0;2;3;13;1
202000018405;154 709 888;21;0;2;3;1;1
202000018406;154 709 885;15;0;2;1;1;1
202000018406;154 709 886;7;0;2;4;13;1
202000018407;154 709 884;7;13;0;1;1;1
202000018408;154 709 882;13;0;2;3;9;1
202000018408;154 709 883;33;0;2;1;1;1
202000018409;154 709 878;7;9;0;1;6;1
202000018410;154 709 876;17;0;2;6;2;1
202000018410;154 709 877;7;0;2;2;2;1
202000018411;154 709 875;10;0;2;1;12;1
202000018412;154 709 874;7;4;2;1;1;1
202000018413;154 709 872;32;0;2;7;1;1
202000018413;154 709 873;10;0;2;8;11;1
202000018414;154 709 871;7;0;1;2;14;1
202000018415;154 709 869;7;0;2;1;15;1
202000018415;154 709 870;1;0;2;5;1;5
202000018416;154 709 867;7;0;2;8;1;1
202000018416;154 709 868;7;0;2;1;1;1
202000018417;154 709 866;7;1;1;1;26;1
202000018418;154 709 864;37;0;2;2;1;1
202000018418;154 709 865;7;0;2;3;1;1
202000018419;154 709 862;10;0;2;1;26;1
202000018419;154 709 863;1;0;2;1;26;0
202000018420;154 709 861;7;6;0;1;2;1
202000018421;154 709 858;7;0;2;4;2;1
202000018421;154 709 859;33;0;2;4;2;1
202000018421;154 709 860;7;0;2;1;2;1
202000018422;154 709 857;36;2;0;1;0;1
202000018423;154 709 855;7;0;2;0;9;1
202000018423;154 709 856;7;0;2;0;9;1
202000018424;154 709 853;2;0;1;1;1;1
202000018425;154 709 851;7;0;2;8;1;1
202000018425;154 709 852;33;0;2;4;15;1
202000018426;154 709 849;10;0;2;2;1;1
202000018426;154 709 850;7;0;2;2;15;1
202000018427;154 709 847;30;0;2;1;1;1
202000018427;154 709 848;7;0;2;3;9;1
202000018428;154 709 846;10;0;1;1;16;1
202000018429;154 709 844;7;0;2;1;1;1
202000018429;154 709 845;7;0;2;2;15;1
202000018430;154 709 842;32;3;2;8;13;1
202000018430;154 709 843;7;0;2;6;1;1
202000018431;154 709 841;33;0;0;1;1;1
202000018432;154 709 840;7;0;1;1;2;1
202000018433;154 709 838;10;9;2;2;1;1
202000018433;154 709 839;7;0;0;5;1;1
202000018434;154 709 837;7;5;0;2;0;1
202000018435;154 709 835;7;0;2;3;1;1
202000018435;154 709 836;7;0;2;3;1;1
202000018436;154 709 832;7;0;0;6;1;1
202000018436;154 709 833;33;0;2;1;17;1
202000018436;154 709 834;7;0;2;1;1;1
202000018437;154 709 831;7;8;1;1;25;1
202000018438;154 709 829;31;0;2;1;2;1
202000018438;154 709 830;10;0;2;5;15;1
202000018439;154 709 828;17;8;0;7;1;1
202000018440;154 709 827;33;16;0;8;1;1
202000018441;154 709 823;7;2;0;3;1;1
202000018442;154 709 821;33;0;0;0;1;1
202000018442;154 709 822;33;0;0;0;1;1
202000018443;154 709 819;7;0;2;1;2;1
202000018443;154 709 820;7;0;0;4;23;1
202000018444;154 709 818;7;0;0;9;21;1
202000018445;154 709 816;2;0;2;1;1;1
202000018445;154 709 817;31;0;2;4;1;1
202000018446;154 709 815;7;6;0;1;1;1
202000018447;154 709 813;7;0;2;3;1;1
202000018447;154 709 814;7;12;2;3;13;1
202000018448;154 709 812;33;16;0;1;21;1
202000018449;154 709 810;7;0;2;3;1;1
202000018449;154 709 811;7;0;2;3;1;1
202000018450;154 709 809;2;12;0;7;16;6
202000018451;154 709 808;7;13;0;9;1;1
202000018452;154 709 806;7;0;2;3;15;6
202000018452;154 709 807;1;0;2;1;0;5
202000018453;154 709 804;7;0;2;4;2;1
202000018453;154 709 805;7;0;2;1;2;1
202000018454;154 709 803;7;4;0;1;1;1
202000018455;154 709 801;10;0;0;8;23;1
202000018455;154 709 802;14;1;0;2;14;1
202000018456;154 709 800;7;4;0;1;2;1
202000018457;154 709 799;10;4;0;2;14;1
202000018458;154 709 798;7;0;0;9;13;1
202000018459;154 709 796;7;0;2;7;1;0
202000018459;154 709 797;1;0;2;8;1;5
202000018460;154 709 793;7;0;2;1;1;1
202000018460;154 709 794;7;0;2;4;23;1
202000018460;154 709 795;7;0;2;4;23;1
202000018461;154 709 792;7;0;1;1;1;1
202000018462;154 709 788;10;0;2;4;23;1
202000018462;154 709 789;31;0;2;1;2;1
202000018463;154 709 786;2;0;2;3;2;1
202000018463;154 709 787;7;0;2;2;2;1
202000018464;154 709 785;2;8;0;1;25;1
202000018465;154 709 777;7;0;2;0;0;1
202000018465;154 709 778;7;0;2;0;0;0
202000018465;154 709 779;7;0;2;0;0;1
202000018465;154 709 780;7;0;2;0;0;1
202000018465;154 709 781;10;1;2;2;1;1
202000018465;154 709 782;7;0;2;0;0;1
202000018465;154 709 783;7;0;2;0;0;1
202000018465;154 709 784;7;0;2;1;1;1
202000018466;154 709 775;10;0;2;2;15;1
202000018466;154 709 776;31;0;2;1;1;1
202000018467;154 709 773;15;0;2;3;0;1
202000018467;154 709 774;7;0;2;7;14;1
202000018468;154 709 771;10;0;2;1;1;0
202000018468;154 709 772;7;0;2;4;23;0
202000018469;154 709 770;7;2;0;1;14;1
202000018470;154 709 768;31;3;2;1;1;1
202000018470;154 709 769;7;0;2;3;1;1
202000018471;154 709 767;7;2;1;0;9;1
202000018472;154 709 765;7;0;2;2;10;1
202000018472;154 709 766;31;0;2;8;1;1
202000018473;154 709 763;7;0;2;1;1;1
202000018473;154 709 764;1;0;2;2;1;5
202000018474;154 709 762;7;1;0;1;1;1
202000018475;154 709 760;33;0;2;3;1;1
202000018475;154 709 761;7;0;2;3;1;1
202000018476;154 709 759;7;2;0;1;0;1
202000018477;154 709 758;7;3;0;3;2;1
202000018478;154 709 756;7;0;2;1;13;1
202000018478;154 709 757;15;0;2;6;13;1
202000018479;154 709 755;7;0;1;3;1;1
202000018480;154 709 753;7;0;2;3;1;1
202000018480;154 709 754;7;0;2;2;9;1
202000018481;154 709 750;7;0;2;3;1;1
202000018481;154 709 751;7;0;2;3;17;1
202000018481;154 709 752;15;0;2;3;1;1
202000018482;154 709 749;7;0;1;2;9;1
202000018483;154 709 747;7;0;0;6;15;1
202000018483;154 709 748;33;0;2;1;17;1
202000018484;154 709 746;10;8;0;2;1;0
202000018485;154 709 744;7;13;0;2;1;1
202000018486;154 709 742;7;0;0;4;23;1
202000018486;154 709 743;7;1;0;1;12;1
202000018487;154 709 740;7;0;2;1;15;1
202000018487;154 709 741;2;0;2;8;1;1
202000018488;154 709 738;7;0;2;3;1;1
202000018488;154 709 739;7;0;2;2;12;1
202000018489;154 709 736;33;0;2;1;2;1
202000018489;154 709 737;10;0;2;4;1;1
202000018490;154 709 733;17;0;2;2;12;1
202000018490;154 709 734;7;0;2;6;1;1
202000018490;154 709 735;7;0;2;1;17;1
202000018491;154 709 731;7;0;2;1;11;1
202000018491;154 709 732;7;0;2;4;23;3
202000018492;154 709 730;7;13;0;1;14;1
202000018493;154 709 727;7;0;2;1;2;1
202000018493;154 709 728;7;0;2;1;2;1
202000018493;154 709 729;7;0;2;0;2;1
202000018494;154 709 725;10;0;2;4;2;1
202000018494;154 709 726;10;0;2;1;2;1
202000018495;154 709 723;7;0;2;5;12;1
202000018495;154 709 724;33;0;2;3;3;1
202000018496;154 709 721;14;0;2;1;26;1
202000018496;154 709 722;7;0;2;8;0;1
202000018497;154 709 718;7;0;2;1;2;1
202000018497;154 709 719;7;0;2;4;2;1
202000018497;154 709 720;7;0;2;1;2;1
202000018498;154 709 714;7;0;2;1;2;1
202000018498;154 709 715;10;0;2;4;1;1
202000018498;154 709 716;7;0;2;1;2;1
202000018498;154 709 717;7;0;2;1;2;1
202000018499;154 709 710;14;1;0;1;2;1
202000018499;154 709 711;10;0;2;4;23;1
202000018499;154 709 712;7;0;2;4;23;4
202000018499;154 709 713;7;0;2;4;23;1
202000018500;154 709 708;7;0;2;0;0;0
202000018500;154 709 709;7;0;2;4;1;2
202000018501;154 709 706;33;0;2;1;3;1
202000018501;154 709 707;7;0;2;6;1;1
202000018502;154 709 703;7;0;2;1;2;1
202000018502;154 709 704;7;0;2;4;2;1
202000018502;154 709 705;7;0;2;4;2;1
202000018503;154 709 701;10;0;2;4;1;1
202000018503;154 709 702;7;0;2;1;2;1
202000018504;154 709 700;7;9;0;1;1;1
202000018505;154 709 699;7;4;0;9;21;1
202000018506;154 709 697;1;0;2;8;1;5
202000018506;154 709 698;7;0;2;2;9;1
202000018507;154 709 695;30;0;2;1;1;1
202000018507;154 709 696;7;0;2;6;1;1
202000018508;154 709 693;30;0;2;8;18;1
202000018508;154 709 694;7;0;2;7;16;1
202000018509;154 709 691;1;1;0;1;1;5
202000018509;154 709 692;7;0;2;7;22;1
202000018510;154 709 689;7;0;2;1;1;0
202000018510;154 709 690;60;0;2;8;19;5
202000018511;154 709 688;7;0;1;1;1;1
202000018512;154 709 687;7;0;1;2;19;0
202000018513;154 709 686;10;0;1;2;16;0
202000018514;154 709 684;7;0;2;4;2;1
202000018514;154 709 685;10;0;2;1;2;1
202000018515;154 709 683;37;12;0;1;0;0
202000018516;154 709 681;30;0;2;2;17;1
202000018516;154 709 682;10;9;0;8;15;1
202000018517;154 709 680;7;0;1;2;1;1
202000018518;154 709 679;7;0;1;4;4;1
202000018519;154 709 678;7;0;1;4;9;1
202000018520;154 709 675;10;0;2;1;2;1
202000018520;154 709 676;7;0;2;4;2;1
202000018521;154 709 674;7;0;1;2;1;1
202000018522;154 709 672;7;0;2;1;1;1
202000018522;154 709 673;7;0;2;1;15;1
202000018523;154 709 670;7;0;2;1;1;1
202000018523;154 709 671;7;0;2;7;1;1
202000018524;154 709 668;37;0;2;2;1;1
202000018524;154 709 669;3;0;2;7;15;1
202000018525;154 709 667;7;9;0;1;11;1
202000018526;154 709 665;7;0;2;1;2;1
202000018526;154 709 666;7;0;2;4;2;1
202000018527;154 709 662;10;0;2;4;2;1
202000018527;154 709 663;7;0;2;1;1;1
202000018527;154 709 664;7;0;2;4;2;0
202000018528;154 709 661;2;0;0;8;1;1
202000018529;154 709 659;7;0;2;1;0;1
202000018529;154 709 660;2;0;2;1;1;1
202000018530;154 709 657;7;0;2;2;1;1
202000018530;154 709 658;7;0;2;7;0;1
202000018531;154 709 655;7;0;2;3;15;1
202000018531;154 709 656;50;0;2;1;1;3
202000018532;154 709 654;10;0;1;3;1;1
202000018533;154 709 653;7;6;0;1;14;1
202000018534;154 709 652;7;0;1;1;1;1
202000018535;154 709 650;7;1;0;1;13;1
202000018536;154 709 649;99;1;0;2;26;1
202000018537;154 709 647;7;0;2;1;2;1
202000018537;154 709 648;7;0;2;4;1;1
202000018538;154 709 645;7;0;2;0;0;1
202000018538;154 709 646;7;0;1;3;9;1
202000018539;154 709 643;7;0;2;0;0;1
202000018539;154 709 644;2;0;2;0;0;1
202000018540;154 709 640;7;0;2;1;26;0
202000018540;154 709 641;7;0;2;4;0;0
202000018540;154 709 642;7;0;2;1;10;0
202000018541;154 709 638;1;0;2;1;1;5
202000018541;154 709 639;7;0;2;1;15;1
202000018542;154 709 636;7;0;2;1;1;1
202000018542;154 709 637;33;0;2;1;13;1
202000018543;154 709 635;7;9;0;1;1;1
202000018544;154 709 634;7;2;0;1;14;1
202000018545;154 709 630;10;0;2;1;2;1
202000018545;154 709 631;7;0;0;4;23;1
202000018545;154 709 632;7;0;9;1;1;1
202000018545;154 709 633;7;0;2;1;2;1
202000018546;154 709 629;7;0;1;1;15;0
202000018547;154 709 628;7;0;1;1;1;0
202000018548;154 709 626;37;0;2;0;1;1
202000018548;154 709 627;7;0;2;2;1;1
202000018549;154 709 623;7;0;2;1;23;1
202000018549;154 709 624;7;0;2;2;1;1
202000018549;154 709 625;7;0;2;3;9;1
202000018550;154 709 622;7;0;1;1;1;0
202000018551;154 709 621;7;0;1;1;1;1
202000018552;154 709 619;7;0;2;1;1;1
202000018552;154 709 620;7;0;2;1;10;1
202000018553;154 709 616;7;0;2;4;1;1
202000018553;154 709 617;7;0;2;1;2;1
202000018553;154 709 618;7;0;2;4;2;1
202000018554;154 709 614;2;0;2;1;1;1
202000018554;154 709 615;7;0;2;5;15;1
202000018555;154 709 612;30;0;2;1;1;1
202000018555;154 709 613;32;0;2;1;5;0
202000018556;154 709 609;7;0;2;4;15;1
202000018556;154 709 610;7;0;2;3;16;1
202000018556;154 709 611;7;0;2;1;14;1
202000018557;154 709 605;10;0;2;6;2;1
202000018557;154 709 606;37;0;2;7;2;1
202000018557;154 709 607;10;0;2;1;1;0
202000018557;154 709 608;7;15;2;3;0;1
202000018558;154 709 603;7;0;2;1;13;1
202000018558;154 709 604;7;0;2;1;15;1
202000018559;154 709 602;7;2;0;2;21;3
202000018560;154 709 600;31;0;2;1;1;1
202000018560;154 709 601;7;0;2;1;19;1
202000018561;154 709 598;1;0;2;1;21;5
202000018561;154 709 599;7;0;2;7;15;1
202000018562;154 709 597;7;1;0;1;1;1
202000018563;154 709 596;60;1;0;1;1;5
202000018564;154 709 594;33;0;2;3;1;1
202000018564;154 709 595;33;0;2;3;1;1
202000018565;154 709 593;7;0;1;1;9;1
202000018566;154 709 591;2;0;2;1;1;1
202000018566;154 709 592;7;0;2;5;15;1
202000018567;154 709 588;43;0;2;3;3;1
202000018567;154 709 589;33;0;2;1;3;1
202000018567;154 709 590;10;0;2;5;1;1
202000018568;154 709 586;32;0;2;3;3;1
202000018568;154 709 587;7;0;2;5;12;0
202000018569;154 709 584;33;0;2;1;3;1
202000018569;154 709 585;7;0;2;7;12;1
202000018570;154 709 582;7;0;2;7;1;1
202000018570;154 709 583;30;0;2;8;18;1
202000018571;154 709 581;33;0;1;1;1;1
202000018572;154 709 580;50;0;1;1;13;3
202000018573;154 709 578;30;0;2;1;2;1
202000018573;154 709 579;7;0;2;4;2;0
202000018574;154 709 577;30;0;1;0;1;0
202000018575;154 709 575;30;0;2;2;1;3
202000018575;154 709 576;7;0;2;3;9;1
202000018576;154 709 573;1;0;2;8;19;5
202000018576;154 709 574;43;0;2;1;1;1
202000018577;154 709 571;7;0;2;3;10;1
202000018577;154 709 572;32;0;2;1;1;1
202000018578;154 709 570;7;1;0;2;13;3
202000018579;154 709 569;1;0;1;1;1;5
202000018580;154 709 567;7;0;2;2;16;1
202000018580;154 709 568;30;0;2;8;18;1
202000018581;154 709 566;50;0;1;1;1;3
202000018582;154 709 564;7;0;2;7;16;1
202000018582;154 709 565;34;0;2;8;18;1
202000018583;154 709 563;1;0;0;2;21;5
202000018584;154 709 562;32;0;1;3;1;1
202000018585;154 709 560;33;0;2;1;16;1
202000018585;154 709 561;7;0;2;4;4;1
202000018586;154 709 558;50;0;2;0;1;3
202000018586;154 709 559;1;0;2;0;17;5
202000018587;154 709 557;1;0;0;8;1;5
202000018588;154 709 554;32;0;2;6;2;1
202000018588;154 709 555;7;0;2;0;2;0
202000018588;154 709 556;1;0;2;8;7;5
202000018589;154 709 553;7;14;1;6;10;1
202000018590;154 709 551;7;0;2;7;1;1
202000018590;154 709 552;7;0;2;1;15;1
202000018591;154 709 549;50;0;2;8;19;3
202000018591;154 709 550;7;0;2;1;1;0
202000018592;154 709 548;7;0;1;4;4;0
202000018593;154 709 547;7;0;1;1;1;1
202000018594;154 709 546;7;0;1;0;;
202000018595;154 709 545;10;0;2;1;1;1
202000018596;154 709 544;37;0;1;3;21;1
202000018597;154 709 542;20;0;2;4;4;0
202000018597;154 709 543;0;0;2;1;2;0
202000018598;154 709 540;7;0;2;4;23;0
202000018598;154 709 541;14;0;2;1;1;0
202000018599;154 709 538;7;0;2;3;10;1
202000018599;154 709 539;33;0;2;1;2;1
202000018600;154 709 537;7;0;1;1;15;1
202000018601;154 709 534;7;0;2;4;0;1
202000018601;154 709 535;7;0;2;1;2;1
202000018601;154 709 536;7;0;2;1;2;1
202000018602;154 709 532;10;0;2;1;19;1
202000018602;154 709 533;32;0;2;1;1;0
202000018603;154 709 531;7;0;1;3;15;1
202000018604;154 709 530;30;0;0;8;1;1
202000018605;154 709 529;7;16;0;0;1;1
202000018606;154 709 526;7;0;2;6;23;0
202000018606;154 709 527;7;0;0;4;23;0
202000018606;154 709 528;10;0;2;1;2;0
202000018607;154 709 524;7;0;2;1;1;1
202000018607;154 709 525;10;0;2;7;19;1
202000018608;154 709 523;7;16;0;1;14;1
202000018609;154 709 522;32;0;0;8;3;1
202000018610;154 709 517;7;8;0;2;1;1
202000018611;154 709 514;7;0;2;1;13;1
202000018611;154 709 515;10;0;2;3;0;1
202000018611;154 709 516;7;0;2;3;13;1
202000018612;154 709 512;14;0;2;2;1;1
202000018612;154 709 513;3;0;2;3;19;1
202000018613;154 709 510;10;0;2;1;0;1
202000018613;154 709 511;7;0;2;1;13;1
202000018614;154 709 508;20;0;2;6;2;1
202000018614;154 709 509;30;0;2;1;2;1
202000018615;154 709 507;1;13;0;9;1;5
202000018616;154 709 506;33;0;0;0;0;1
202000018617;154 709 504;7;0;2;2;9;1
202000018617;154 709 505;7;0;2;3;1;1
202000018618;154 709 502;2;0;2;5;1;1
202000018618;154 709 503;7;0;2;3;15;0
202000018619;154 709 499;10;0;1;2;1;1
202000018620;154 709 498;7;13;0;2;1;1
202000018621;154 709 497;7;0;0;0;1;1
202000018622;154 709 495;7;0;2;1;13;1
202000018622;154 709 496;7;0;2;1;1;1
202000018623;154 709 493;7;0;2;1;1;1
202000018623;154 709 494;7;0;2;2;1;1
202000018624;154 709 491;2;0;2;1;1;1
202000018624;154 709 492;7;0;2;5;23;1
202000018625;154 709 490;7;17;0;3;0;1
202000018626;154 709 489;7;13;0;2;1;0
202000018627;154 709 487;31;0;2;1;1;1
202000018627;154 709 488;7;0;2;5;1;1
202000018628;154 709 485;7;0;2;4;2;1
202000018628;154 709 486;15;0;2;1;2;1
202000018629;154 709 483;15;0;2;8;23;1
202000018629;154 709 484;15;1;0;7;2;1
202000018630;154 709 482;17;0;0;8;1;1
202000018631;154 709 480;7;0;2;6;15;1
202000018631;154 709 481;7;0;2;2;17;1
202000018632;154 709 479;7;6;0;9;14;1
202000018633;154 709 477;7;0;2;5;12;0
202000018633;154 709 478;33;0;2;1;3;0
202000018634;154 709 473;7;0;1;1;1;1
202000018635;154 709 471;7;0;2;4;9;1
202000018635;154 709 472;7;0;2;1;2;1
202000018636;154 709 469;10;0;2;8;14;1
202000018636;154 709 470;10;0;2;7;1;1
202000018637;154 709 467;7;0;2;4;2;1
202000018637;154 709 468;7;0;2;1;1;1
202000018638;154 709 465;10;0;2;1;1;1
202000018638;154 709 466;10;0;2;4;1;1
202000018639;154 709 463;7;0;2;4;12;1
202000018639;154 709 464;33;0;2;1;3;1
202000018640;154 709 461;7;0;2;6;14;1
202000018640;154 709 462;33;0;2;1;3;1
202000018641;154 709 459;7;1;0;2;2;2
202000018641;154 709 460;10;4;2;4;23;1
202000018642;154 709 457;7;0;2;4;2;1
202000018642;154 709 458;0;0;2;1;2;0
202000018643;154 709 454;7;0;2;5;2;1
202000018643;154 709 455;33;0;2;1;3;1
202000018643;154 709 456;7;0;2;3;2;1
202000018644;154 709 452;7;0;2;6;11;1
202000018644;154 709 453;33;0;2;1;3;1
202000018645;154 709 450;7;0;2;3;9;1
202000018645;154 709 451;7;0;2;7;19;1
202000018646;154 709 448;7;0;2;1;16;0
202000018646;154 709 449;1;0;2;1;0;0
202000018647;154 709 447;7;0;1;3;1;1
202000018648;154 709 446;7;6;2;1;26;1
202000018649;154 709 445;7;8;0;2;14;6
202000018650;154 709 442;7;0;1;2;1;1
202000018651;154 709 440;7;0;2;4;23;1
202000018651;154 709 441;10;0;2;1;2;1
202000018652;154 709 439;32;0;1;3;1;1
202000018653;154 709 437;7;0;2;1;26;1
202000018653;154 709 438;31;0;2;7;17;1
202000018654;154 709 435;7;0;2;1;1;0
202000018654;154 709 436;7;0;2;3;1;0
202000018655;154 709 434;7;0;1;2;14;1
202000018656;154 709 432;7;0;2;1;10;1
202000018656;154 709 433;33;0;2;8;1;1
202000018657;154 709 431;7;0;1;1;1;1
202000018658;154 709 429;10;0;2;1;1;1
202000018658;154 709 430;17;0;2;4;1;1
202000018659;154 709 427;7;0;2;4;0;1
202000018659;154 709 428;2;0;2;1;2;1
202000018660;154 709 425;7;0;2;8;1;1
202000018660;154 709 426;7;0;2;1;1;3
202000018661;154 709 423;7;0;2;8;15;1
202000018661;154 709 424;2;0;2;1;1;1
202000018662;154 709 422;7;0;1;1;16;1
202000018663;154 709 421;7;0;1;1;1;
202000018664;154 709 420;7;0;1;1;15;0
202000018665;154 709 419;7;2;0;2;13;2
202000018666;154 709 417;7;0;0;0;2;1
202000018666;154 709 418;33;13;0;1;2;1
202000018667;154 709 414;7;0;2;2;15;1
202000018667;154 709 415;7;0;9;0;1;1
202000018667;154 709 416;33;0;2;1;1;1
202000018668;154 709 412;21;0;2;1;5;1
202000018668;154 709 413;33;0;2;1;1;1
202000018669;154 709 410;7;0;2;3;15;1
202000018669;154 709 411;31;0;2;1;1;1
202000018670;154 709 409;33;0;6;1;1;1
202000018671;154 709 407;7;0;0;5;2;1
202000018671;154 709 408;7;0;2;3;2;1
202000018672;154 709 405;7;3;0;3;1;1
202000018673;154 709 403;7;3;2;6;1;2
202000018673;154 709 404;15;0;2;2;12;1
202000018674;154 709 402;7;0;1;2;1;0
202000018675;154 709 400;2;1;0;2;0;1
202000018675;154 709 401;7;0;2;6;24;1
202000018676;154 709 398;7;0;2;8;1;1
202000018676;154 709 399;7;0;2;3;1;1
202000018677;154 709 396;33;8;2;1;1;1
202000018677;154 709 397;7;0;2;0;9;1
202000018678;154 709 395;1;0;0;9;0;5
202000018679;154 709 394;7;2;0;1;21;1
202000018680;154 709 393;2;12;0;7;26;0
202000018681;154 709 391;15;0;2;6;1;1
202000018681;154 709 392;7;0;2;3;1;1
202000018682;154 709 389;33;0;2;1;1;1
202000018682;154 709 390;10;0;2;3;1;1
202000018683;154 709 388;7;2;0;1;1;1
202000018684;154 709 387;7;0;0;9;13;1
202000018685;154 709 385;1;0;2;8;19;5
202000018685;154 709 386;31;0;9;1;1;1
202000018686;154 709 384;33;0;6;1;1;1
202000018687;154 709 380;7;0;2;1;1;1
202000018687;154 709 381;7;0;2;1;1;1
202000018687;154 709 382;7;0;2;1;13;1
202000018688;154 709 378;7;0;2;8;2;1
202000018688;154 709 379;13;0;2;2;12;1
202000018689;154 709 376;7;0;2;1;2;1
202000018689;154 709 377;7;0;2;4;1;1
202000018690;154 709 373;7;0;2;2;2;1
202000018690;154 709 374;7;0;2;6;2;1
202000018690;154 709 375;7;0;9;9;2;1
202000018691;154 709 372;7;4;0;3;15;1
202000018692;154 709 369;7;0;2;1;1;1
202000018692;154 709 370;7;0;2;1;1;1
202000018692;154 709 371;7;0;2;4;1;1
202000018693;154 709 368;7;4;0;9;0;1
202000018694;154 709 367;33;0;0;9;1;1
202000018695;154 709 366;7;4;0;2;17;1
202000018696;154 709 365;33;0;2;8;1;1
202000018697;154 709 361;10;0;2;1;2;1
202000018697;154 709 362;7;0;2;1;2;1
202000018697;154 709 363;10;0;2;4;2;1
202000018697;154 709 364;7;0;2;1;2;1
202000018698;154 709 360;7;3;0;2;1;1
202000018699;154 709 357;34;0;2;1;17;1
202000018699;154 709 358;7;0;2;8;15;1
202000018700;154 709 355;7;0;2;1;1;0
202000018700;154 709 356;7;0;2;7;9;0
202000018701;154 709 353;7;0;2;1;1;0
202000018701;154 709 354;7;8;2;7;1;0
202000018702;154 709 351;33;0;2;3;1;1
202000018702;154 709 352;7;0;2;1;11;1
202000018703;154 709 349;10;0;2;2;1;1
202000018703;154 709 350;10;0;2;3;1;1
202000018704;154 709 347;7;0;2;4;1;1
202000018704;154 709 348;7;0;2;1;1;0
202000018705;154 709 343;7;0;2;1;1;1
202000018705;154 709 344;7;0;2;4;1;1
202000018706;154 709 342;7;1;2;7;1;1
202000018707;154 709 340;7;0;2;3;13;1
202000018707;154 709 341;7;0;2;3;1;1
202000018708;154 709 339;7;13;0;1;21;1
202000018709;154 709 337;7;0;2;4;9;1
202000018709;154 709 338;14;0;2;4;2;1
202000018710;154 709 335;33;0;2;1;17;0
202000018710;154 709 336;7;0;2;3;15;0
202000018711;154 709 334;7;1;0;1;1;0
202000018712;154 709 333;7;1;0;1;0;1
202000018713;154 709 331;33;0;2;1;13;1
202000018713;154 709 332;7;0;2;3;1;1
202000018714;154 709 329;7;0;2;2;26;1
202000018714;154 709 330;7;0;2;8;16;1
202000018715;154 709 328;7;0;1;1;26;1
202000018716;154 709 327;7;0;1;2;1;1
202000018717;154 709 326;7;2;0;1;14;1
202000018718;154 709 324;7;0;2;8;15;1
202000018718;154 709 325;33;0;2;0;15;1
202000018719;154 709 323;7;17;0;9;1;1
202000018720;154 709 322;7;0;1;6;4;1
202000018721;154 709 321;30;1;0;1;1;1
202000018722;154 709 320;7;0;1;1;1;1
202000018723;154 709 318;7;0;2;4;2;1
202000018723;154 709 319;7;0;2;1;2;1
202000018724;154 709 316;7;0;2;1;9;1
202000018724;154 709 317;7;0;2;5;1;1
202000018725;154 709 314;7;0;2;3;2;1
202000018725;154 709 315;50;0;2;7;16;3
202000018726;154 709 312;7;0;2;2;15;1
202000018726;154 709 313;7;0;2;1;1;1
202000018727;154 709 310;7;12;2;5;1;1
202000018727;154 709 311;7;0;2;2;2;1
202000018728;154 709 308;10;0;9;0;9;1
202000018728;154 709 309;33;0;2;0;21;1
202000018729;154 709 307;10;2;0;1;1;1
202000018730;154 709 306;7;15;1;1;26;0
202000018731;154 709 303;7;0;0;4;23;1
202000018731;154 709 304;7;0;0;4;23;1
202000018731;154 709 305;3;0;0;1;2;1
202000018732;154 709 298;7;1;0;5;26;1
202000018732;154 709 299;7;1;0;2;26;1
202000018732;154 709 300;7;0;2;4;23;1
202000018732;154 709 301;2;0;0;8;23;1
202000018732;154 709 302;7;0;2;1;1;1
202000018733;154 709 297;7;8;0;1;1;1
202000018734;154 709 296;32;14;0;0;21;1
202000018735;154 709 294;7;0;2;7;1;1
202000018735;154 709 295;7;0;2;1;1;1
202000018736;154 709 292;7;0;2;8;1;1
202000018736;154 709 293;33;0;2;2;14;1
202000018737;154 709 290;7;0;2;8;11;1
202000018737;154 709 291;31;0;2;7;3;1
202000018738;154 709 288;7;0;2;1;1;1
202000018738;154 709 289;32;0;2;8;1;1
202000018739;154 709 286;1;0;2;4;12;5
202000018739;154 709 287;31;0;2;1;18;0
202000018740;154 709 285;30;0;1;0;1;0
202000018741;154 709 283;1;0;2;1;14;5
202000018741;154 709 284;1;0;2;0;1;5
202000018742;154 709 282;32;1;1;1;17;1
202000018743;154 709 280;50;0;2;1;5;3
202000018743;154 709 281;1;0;2;1;1;5
202000018744;154 709 278;7;0;2;2;2;1
202000018744;154 709 279;10;0;2;4;2;1
202000018745;154 709 276;43;0;2;8;1;1
202000018745;154 709 277;1;0;2;8;9;5
202000018746;154 709 274;50;0;2;3;1;3
202000018746;154 709 275;7;0;2;1;1;1
202000018747;154 709 271;7;0;2;1;1;1