Num_Acc;id_vehicule;categorie_vehicule;obstacle_fixe;obstacle_mobile;point_choc_initial;manoeuvre_principale;motorisation
202000018747;154 709 272;31;0;2;2;7;1
202000018747;154 709 273;7;0;2;3;23;1
202000018748;154 709 270;33;1;0;2;14;1
202000018749;154 709 269;50;14;0;3;14;3
202000018750;154 709 267;50;0;2;1;15;3
202000018750;154 709 268;1;0;2;1;1;5
202000018751;154 709 266;7;0;1;1;1;1
202000018752;154 709 264;7;0;2;7;9;1
202000018752;154 709 265;32;0;2;1;1;1
202000018753;154 709 262;7;0;2;4;23;1
202000018753;154 709 263;2;0;2;1;0;1
202000018754;154 709 260;30;0;2;1;15;0
202000018754;154 709 261;7;0;2;5;15;0
202000018755;154 709 258;1;0;2;1;16;5
202000018755;154 709 259;7;0;2;2;2;1
202000018756;154 709 256;33;0;2;0;0;0
202000018756;154 709 257;32;0;2;5;16;0
202000018757;154 709 255;7;0;1;3;1;0
202000018758;154 709 254;10;0;1;1;26;0
202000018759;154 709 252;7;0;2;1;16;1
202000018759;154 709 253;7;0;2;8;16;0
202000018760;154 709 251;10;0;1;2;1;0
202000018761;154 709 250;7;0;1;1;1;1
202000018762;154 709 249;30;0;0;0;1;0
202000018763;154 709 247;7;9;9;2;16;1
202000018763;154 709 248;50;9;2;8;1;3
202000018764;154 709 245;31;0;2;7;17;1
202000018764;154 709 246;7;0;2;8;13;1
202000018765;154 709 243;7;0;2;1;9;1
202000018765;154 709 244;7;0;0;6;1;1
202000018766;154 709 241;2;0;2;1;19;1
202000018766;154 709 242;3;0;2;8;19;2
202000018767;154 709 239;80;0;0;0;0;3
202000018767;154 709 240;7;0;2;0;9;1
202000018768;154 709 237;7;0;2;3;15;1
202000018768;154 709 238;33;0;2;1;1;1
202000018769;154 709 235;33;0;2;1;1;1
202000018769;154 709 236;7;0;2;2;9;1
202000018770;154 709 233;7;0;2;2;15;1
202000018770;154 709 234;2;0;2;3;1;1
202000018771;154 709 230;7;15;0;0;1;1
202000018772;154 709 228;7;0;2;2;13;1
202000018772;154 709 229;7;0;2;1;1;1
202000018773;154 709 227;31;1;0;1;0;0
202000018774;154 709 226;34;14;0;1;1;0
202000018775;154 709 224;7;0;2;8;17;0
202000018775;154 709 225;1;0;2;3;21;5
202000018776;154 709 223;7;2;0;3;1;0
202000018777;154 709 221;7;0;2;1;13;1
202000018777;154 709 222;33;0;2;1;1;1
202000018778;154 709 218;33;0;2;8;2;1
202000018778;154 709 219;7;0;2;4;2;0
202000018778;154 709 220;7;0;2;1;2;1
202000018779;154 709 216;7;0;2;4;2;0
202000018779;154 709 217;7;0;2;1;2;0
202000018780;154 709 212;7;0;2;3;1;1
202000018780;154 709 213;2;0;2;1;13;1
202000018781;154 709 208;7;13;0;3;1;0
202000018782;154 709 207;7;13;0;1;1;1
202000018783;154 709 205;7;0;2;2;13;1
202000018783;154 709 206;30;0;2;7;13;1
202000018784;154 709 204;2;12;0;1;0;0
202000018785;154 709 203;33;0;0;1;1;1
202000018786;154 709 201;7;0;2;2;19;1
202000018786;154 709 202;33;0;2;1;1;1
202000018787;154 709 200;33;2;0;8;0;1
202000018788;154 709 199;7;6;0;2;0;1
202000018789;154 709 197;7;1;0;2;1;1
202000018789;154 709 198;13;0;1;6;23;1
202000018790;154 709 195;7;0;0;3;1;1
202000018790;154 709 196;7;0;2;1;19;1
202000018791;154 709 194;1;0;1;7;1;5
202000018792;154 709 193;35;15;0;2;0;1
202000018793;154 709 192;3;0;0;2;14;1
202000018794;154 709 191;1;0;1;1;1;5
202000018795;154 709 190;7;0;1;3;1;1
202000018796;154 709 187;7;0;2;2;2;1
202000018796;154 709 188;1;0;2;0;2;5
202000018796;154 709 189;1;0;2;4;2;5
202000018797;154 709 185;33;0;2;1;1;6
202000018797;154 709 186;21;0;2;1;15;6
202000018798;154 709 183;1;0;2;0;1;5
202000018798;154 709 184;21;0;2;8;1;1
202000018799;154 709 181;31;0;2;1;13;1
202000018799;154 709 182;7;0;2;3;1;1
202000018800;154 709 179;33;0;2;3;13;1
202000018800;154 709 180;7;0;2;3;1;1
202000018801;154 709 177;7;7;2;1;1;0
202000018801;154 709 178;7;0;2;3;16;1
202000018802;154 709 175;1;0;2;1;1;5
202000018802;154 709 176;7;0;2;3;13;1
202000018803;154 709 174;33;13;0;1;1;1
202000018804;154 709 171;7;0;2;6;1;1
202000018804;154 709 172;7;0;2;3;1;1
202000018804;154 709 173;7;0;2;3;17;1
202000018805;154 709 169;33;13;2;3;13;1
202000018805;154 709 170;33;0;2;8;1;1
202000018806;154 709 168;34;0;0;7;26;1
202000018807;154 709 164;7;0;2;3;13;1
202000018807;154 709 165;7;0;2;3;1;1
202000018808;154 709 162;7;0;0;0;1;1
202000018808;154 709 163;33;0;0;7;1;1
202000018809;154 709 160;33;0;2;1;2;1
202000018809;154 709 161;15;0;0;4;2;1
202000018810;154 709 158;2;0;2;1;2;1
202000018810;154 709 159;7;0;2;4;2;1
202000018811;154 709 156;7;0;2;2;14;6
202000018811;154 709 157;7;0;2;3;1;1
202000018812;154 709 154;7;0;2;7;15;1
202000018812;154 709 155;33;0;2;1;1;1
202000018813;154 709 153;7;3;0;2;1;1
202000018814;154 709 151;7;0;2;3;9;1
202000018814;154 709 152;10;0;2;2;1;1
202000018815;154 709 145;7;0;2;3;2;1
202000018815;154 709 146;7;0;0;7;2;1
202000018815;154 709 147;7;0;2;7;2;1
202000018815;154 709 148;7;0;0;8;2;1
202000018815;154 709 149;7;0;0;4;2;1
202000018815;154 709 150;7;0;0;4;1;1
202000018816;154 709 143;7;0;2;1;2;1
202000018816;154 709 144;7;0;0;4;2;1
202000018817;154 709 140;33;0;2;1;1;1
202000018817;154 709 141;7;0;2;1;11;1
202000018818;154 709 139;33;7;0;1;13;1
202000018819;154 709 138;7;7;1;4;26;1
202000018820;154 709 136;2;0;0;4;15;1
202000018820;154 709 137;33;7;0;1;0;1
202000018821;154 709 135;34;16;0;1;1;1
202000018822;154 709 134;1;0;0;1;0;5
202000018823;154 709 132;7;0;2;3;1;1
202000018823;154 709 133;7;2;2;2;14;1
202000018824;154 709 130;33;0;2;2;1;1
202000018824;154 709 131;13;0;2;5;15;1
202000018825;154 709 129;7;3;0;2;17;1
202000018826;154 709 127;7;0;4;8;23;1
202000018826;154 709 128;39;0;2;1;1;6
202000018827;154 709 125;7;0;2;1;5;1
202000018827;154 709 126;7;0;2;1;1;1
202000018828;154 709 124;2;0;0;7;23;1
202000018829;154 709 123;1;0;1;1;1;5
202000018830;154 709 119;7;0;2;1;2;1
202000018830;154 709 120;7;0;2;4;2;1
202000018830;154 709 121;7;0;2;4;2;1
202000018830;154 709 122;7;0;2;4;1;1
202000018831;154 709 114;7;0;2;4;1;1
202000018831;154 709 115;7;0;2;1;2;1
202000018831;154 709 116;7;0;2;1;2;1
202000018831;154 709 117;7;0;2;1;2;0
202000018831;154 709 118;7;0;2;1;2;2
202000018832;154 709 112;7;0;2;1;2;1
202000018832;154 709 113;7;0;2;4;2;1
202000018833;154 709 110;7;14;2;3;13;1
202000018833;154 709 111;7;0;2;7;1;1
202000018834;154 709 108;0;0;2;1;0;
202000018834;154 709 109;7;0;2;4;1;1
202000018835;154 709 103;7;0;2;1;2;1
202000018835;154 709 104;7;0;2;1;2;1
202000018835;154 709 105;7;0;2;2;2;1
202000018835;154 709 106;7;0;2;4;2;1
202000018835;154 709 107;7;0;2;1;2;1
202000018836;154 709 101;7;0;2;1;1;1
202000018836;154 709 102;7;0;2;6;11;1
202000018837;154 709 099;7;3;0;4;23;1
202000018837;154 709 100;7;1;0;1;1;0
202000018838;154 709 098;7;4;0;1;13;1
202000018839;154 709 097;33;0;2;2;1;1
202000018840;154 709 096;7;4;0;1;14;1
202000018841;154 709 094;7;0;2;4;2;1
202000018841;154 709 095;10;0;2;1;1;1
202000018842;154 709 093;31;0;2;1;1;1
202000018843;154 709 091;30;12;2;7;17;1
202000018843;154 709 092;7;0;2;3;13;1
202000018844;154 709 089;1;0;2;7;0;5
202000018844;154 709 090;7;0;9;2;9;1
202000018845;154 709 088;7;4;1;1;26;1
202000018846;154 709 087;37;0;1;3;15;1
202000018847;154 709 086;7;6;0;2;9;1
202000018848;154 709 085;7;0;1;1;1;1
202000018849;154 709 083;7;0;2;1;19;1
202000018849;154 709 084;32;0;2;1;19;1
202000018850;154 709 082;7;0;2;9;21;1
202000018851;154 709 079;7;0;2;3;1;0
202000018851;154 709 080;7;0;2;1;13;1
202000018851;154 709 081;7;0;2;1;1;1
202000018852;154 709 077;7;0;2;6;11;0
202000018852;154 709 078;33;0;2;2;2;0
202000018853;154 709 076;7;2;0;0;1;0
202000018854;154 709 075;33;16;0;1;1;
202000018855;154 709 074;1;0;0;1;26;5
202000018856;154 709 072;7;0;0;1;1;1
202000018856;154 709 073;7;0;2;1;17;1
202000018857;154 709 069;7;3;0;1;2;1
202000018858;154 709 068;1;0;0;0;1;5
202000018859;154 709 067;1;0;9;1;2;6
202000018860;154 709 065;7;0;2;3;1;1
202000018860;154 709 066;7;0;2;2;19;1
202000018861;154 709 064;33;7;0;1;1;1
202000018862;154 709 062;7;0;2;3;1;1
202000018862;154 709 063;7;0;2;3;13;1
202000018863;154 709 061;7;0;1;1;20;1
202000018864;154 709 059;7;0;2;2;21;1
202000018864;154 709 060;7;0;0;7;15;1
202000018865;154 709 058;7;16;0;3;1;1
202000018866;154 709 056;7;0;2;7;19;1
202000018866;154 709 057;7;0;2;1;1;1
202000018867;154 709 055;7;15;0;0;1;1
202000018868;154 709 054;2;12;0;0;1;1
202000018869;154 709 052;7;13;2;1;1;1
202000018869;154 709 053;17;0;2;1;1;1
202000018870;154 709 051;7;13;9;1;1;1
202000018871;154 709 050;7;2;0;1;13;1
202000018872;154 709 049;7;2;0;1;13;1
202000018873;154 709 047;31;0;2;1;1;1
202000018873;154 709 048;7;0;2;7;15;1
202000018874;154 709 046;7;6;1;3;14;1
202000018875;154 709 045;7;2;0;1;1;0
202000018876;154 709 043;36;0;2;4;9;1
202000018876;154 709 044;7;0;2;4;1;1
202000018877;154 709 041;7;0;2;1;1;1
202000018877;154 709 042;10;0;0;3;15;1
202000018878;154 709 040;7;13;0;1;13;1
202000018879;154 709 036;7;0;2;2;1;1
202000018879;154 709 037;34;0;2;1;13;1
202000018879;154 709 038;34;0;2;1;18;1
202000018879;154 709 039;7;0;2;3;1;1
202000018880;154 709 035;2;8;0;1;0;1
202000018881;154 709 034;7;13;0;1;13;0
202000018882;154 709 032;7;0;2;1;1;1
202000018882;154 709 033;7;3;0;4;1;1
202000018883;154 709 030;7;0;2;6;2;1
202000018883;154 709 031;7;0;2;1;2;1
202000018884;154 709 027;33;0;2;1;1;1
202000018884;154 709 028;10;0;2;3;9;1
202000018885;154 709 025;7;8;2;1;1;1
202000018885;154 709 026;7;8;0;5;1;1
202000018886;154 709 023;7;0;2;8;13;1
202000018886;154 709 024;13;0;2;8;1;1
202000018887;154 709 022;38;13;0;2;1;1
202000018888;154 709 020;7;0;2;3;16;1
202000018888;154 709 021;2;0;2;7;15;1
202000018889;154 709 018;33;0;2;1;21;1
202000018889;154 709 019;7;0;9;3;3;1
202000018890;154 709 014;15;0;2;1;1;1
202000018890;154 709 015;7;0;2;1;13;1
202000018890;154 709 016;7;0;2;1;1;1
202000018891;154 709 013;33;0;0;0;1;1
202000018892;154 709 012;7;0;1;2;1;1
202000018893;154 709 010;7;0;2;2;2;1
202000018893;154 709 011;2;0;0;4;2;1
202000018894;154 709 008;7;0;2;2;15;1
202000018894;154 709 009;33;0;2;1;5;1
202000018895;154 709 006;7;0;2;3;1;1
202000018895;154 709 007;80;0;2;1;0;3
202000018896;154 709 005;7;14;0;9;0;1
202000018897;154 709 004;13;0;1;1;1;1
202000018898;154 709 001;7;0;2;4;1;1
202000018898;154 709 002;7;0;2;1;1;1
202000018898;154 709 003;7;0;2;1;1;0
202000018899;154 708 998;7;0;2;4;1;1
202000018899;154 708 999;7;0;2;4;1;1
202000018899;154 709 000;7;0;2;1;1;1
202000018900;154 708 997;7;4;2;3;1;1
202000018901;154 708 995;33;0;2;1;3;1
202000018901;154 708 996;7;0;2;5;1;1
202000018902;154 708 992;7;0;2;1;2;1
202000018902;154 708 993;7;0;2;4;2;1
202000018902;154 708 994;7;0;2;4;2;1
202000018903;154 708 990;13;0;2;4;2;1
202000018903;154 708 991;7;3;2;2;2;1
202000018904;154 708 988;7;0;9;5;1;1
202000018904;154 708 989;33;0;2;8;26;1
202000018905;154 708 986;7;0;0;4;2;1
202000018905;154 708 987;7;0;2;1;2;1
202000018906;154 708 985;7;4;0;7;14;6
202000018907;154 708 983;10;0;2;5;2;1
202000018907;154 708 984;33;0;2;3;21;1
202000018908;154 708 982;7;5;0;3;11;1
202000018909;154 708 981;1;0;2;0;19;6
202000018910;154 708 979;7;0;2;0;13;0
202000018910;154 708 980;33;0;2;7;1;1
202000018911;154 708 977;2;0;2;4;2;1
202000018911;154 708 978;7;0;2;1;2;1
202000018912;154 708 976;10;0;1;3;15;0
202000018913;154 708 974;7;0;2;1;15;1
202000018913;154 708 975;2;0;2;1;1;1
202000018914;154 708 972;7;0;2;8;15;1
202000018914;154 708 973;33;0;2;1;1;1
202000018915;154 708 970;30;0;2;1;1;1
202000018915;154 708 971;7;0;2;1;15;1
202000018916;154 708 969;10;0;1;1;16;1
202000018917;154 708 967;32;0;2;2;1;1
202000018917;154 708 968;7;0;2;3;1;1
202000018918;154 708 965;7;0;2;3;9;1
202000018918;154 708 966;7;0;2;1;9;1
202000018919;154 708 963;7;0;2;1;11;0
202000018919;154 708 964;7;0;2;4;1;0
202000018920;154 708 961;7;0;2;1;2;0
202000018920;154 708 962;0;0;2;1;2;0
202000018921;154 708 960;99;0;1;4;4;1
202000018922;154 708 958;1;0;2;1;1;5
202000018922;154 708 959;7;0;2;3;9;1
202000018923;154 708 956;7;0;2;3;1;0
202000018923;154 708 957;7;0;2;3;13;1
202000018924;154 708 955;36;0;0;0;0;1
202000018925;154 708 954;7;13;0;1;13;1
202000018926;154 708 952;7;0;0;0;1;1
202000018927;154 708 950;7;0;2;7;23;1
202000018927;154 708 951;7;0;2;4;4;1
202000018928;154 708 949;31;2;0;1;26;1
202000018929;154 708 947;32;0;2;1;1;1
202000018929;154 708 948;7;0;2;7;15;1
202000018930;154 708 945;33;0;2;5;23;1
202000018930;154 708 946;10;0;2;2;2;1
202000018931;154 708 943;7;0;2;8;1;0
202000018931;154 708 944;7;0;2;1;1;0
202000018932;154 708 942;7;0;0;0;1;1
202000018933;154 708 941;10;0;1;6;20;1
202000018934;154 708 940;2;0;0;8;15;1
202000018935;154 708 939;7;3;0;6;13;1
202000018936;154 708 937;7;0;2;3;2;1
202000018936;154 708 938;7;0;2;3;11;1
202000018937;154 708 935;40;0;2;1;1;3
202000018937;154 708 936;7;0;4;8;1;1
202000018938;154 708 933;7;0;2;3;1;1
202000018938;154 708 934;50;0;2;1;1;3
202000018939;154 708 931;33;0;2;1;1;1
202000018939;154 708 932;7;0;2;8;1;1
202000018940;154 708 930;7;4;0;2;1;1
202000018941;154 708 927;7;0;2;5;16;1
202000018941;154 708 928;1;0;2;0;0;5
202000018942;154 708 925;10;0;2;3;1;1
202000018942;154 708 926;30;0;2;1;5;1
202000018943;154 708 924;7;0;1;1;15;1
202000018944;154 708 923;37;0;1;2;1;0
202000018945;154 708 922;7;0;1;3;15;1
202000018946;154 708 920;30;0;2;1;2;0
202000018946;154 708 921;7;0;0;4;2;0
202000018947;154 708 918;7;0;2;3;1;1
202000018947;154 708 919;7;0;2;3;13;1
202000018948;154 708 916;7;0;2;4;23;1
202000018948;154 708 917;7;0;2;1;1;1
202000018949;154 708 914;30;0;2;1;1;3
202000018949;154 708 915;10;0;2;2;1;1
202000018950;154 708 913;1;0;1;8;16;5
202000018951;154 708 911;1;0;2;8;1;5
202000018951;154 708 912;7;0;2;2;16;0
202000018952;154 708 910;1;1;0;1;1;5
202000018953;154 708 909;7;0;1;3;12;1
202000018954;154 708 908;7;0;1;2;1;1
202000018955;154 708 905;7;0;2;5;23;1
202000018955;154 708 906;7;0;2;1;1;1
202000018955;154 708 907;7;0;2;1;23;1
202000018956;154 708 903;32;0;2;1;3;1
202000018956;154 708 904;7;0;2;4;11;1
202000018957;154 708 901;7;0;2;6;10;1
202000018957;154 708 902;7;0;2;1;1;3
202000018958;154 708 899;7;0;2;8;15;2
202000018958;154 708 900;33;0;2;7;1;1
202000018959;154 708 897;50;0;2;1;1;3
202000018959;154 708 898;10;0;2;3;15;1
202000018960;154 708 895;33;0;2;3;1;1
202000018960;154 708 896;7;0;2;0;1;0
202000018961;154 708 893;33;0;2;1;1;1
202000018961;154 708 894;7;0;2;4;1;1
202000018962;154 708 891;10;0;2;3;16;0
202000018962;154 708 892;10;0;2;1;19;0
202000018963;154 708 889;7;0;2;5;15;1
202000018963;154 708 890;34;0;2;1;1;1
202000018964;154 708 887;7;0;2;2;1;1
202000018964;154 708 888;33;0;2;3;16;1
202000018965;154 708 886;7;0;1;1;16;1
202000018966;154 708 883;7;0;2;7;1;0
202000018966;154 708 884;7;0;2;8;1;0
202000018966;154 708 885;30;0;2;7;1;0
202000018967;154 708 881;0;0;0;0;0;0
202000018967;154 708 882;33;0;2;4;11;1
202000018968;154 708 880;10;16;2;3;14;3
202000018969;154 708 879;7;0;0;0;0;1
202000018970;154 708 877;7;0;0;8;13;1
202000018970;154 708 878;7;0;0;8;1;1
202000018971;154 708 874;33;0;2;1;1;1
202000018971;154 708 875;7;0;2;1;19;1
202000018972;154 708 873;7;17;0;1;2;1
202000018973;154 708 871;7;0;2;3;2;1
202000018973;154 708 872;34;0;2;1;5;1
202000018974;154 708 869;7;0;2;1;13;1
202000018974;154 708 870;7;0;2;1;13;1
202000018975;154 708 867;7;0;0;4;2;1
202000018975;154 708 868;7;0;2;1;2;1
202000018976;154 708 866;7;14;0;1;1;1
202000018977;154 708 865;7;13;0;1;0;6
202000018978;154 708 864;31;13;0;2;1;1
202000018979;154 708 862;33;0;2;1;1;1
202000018979;154 708 863;7;0;2;2;15;1
202000018980;154 708 861;33;0;0;0;1;1
202000018981;154 708 859;2;0;2;8;2;1
202000018981;154 708 860;2;0;2;7;2;1
202000018982;154 708 858;1;0;0;1;1;5
202000018983;154 708 856;34;0;2;1;18;1
202000018983;154 708 857;7;0;2;2;16;1
202000018984;154 708 854;31;16;2;3;13;1
202000018984;154 708 855;7;0;2;3;1;1
202000018985;154 708 853;33;0;0;0;1;1
202000018986;154 708 851;7;0;2;1;1;1
202000018986;154 708 852;33;0;2;1;17;1
202000018987;154 708 850;33;0;1;1;1;1
202000018988;154 708 849;7;2;0;1;11;1
202000018989;154 708 848;7;3;0;1;14;1
202000018990;154 708 847;36;7;1;1;1;1
202000018991;154 708 845;7;0;2;1;23;1
202000018991;154 708 846;7;0;2;1;5;1
202000018992;154 708 843;1;0;2;3;1;5
202000018992;154 708 844;0;0;9;3;0;
202000018993;154 708 842;7;6;0;1;1;1
202000018994;154 708 841;7;0;1;2;1;1
202000018995;154 708 840;7;13;0;2;0;1
202000018996;154 708 839;33;13;0;1;16;1
202000018997;154 708 838;2;13;0;1;1;1
202000018998;154 708 836;7;0;2;7;15;1
202000018998;154 708 837;33;0;2;1;1;1
202000018999;154 708 835;2;0;5;1;0;1
202000019000;154 708 834;7;0;0;2;0;0
202000019001;154 708 831;7;0;1;0;26;1
202000019001;154 708 832;7;0;2;1;1;1
202000019001;154 708 833;10;0;2;1;13;1
202000019002;154 708 826;7;0;2;2;1;1
202000019002;154 708 827;10;0;2;3;23;1
202000019002;154 708 828;20;0;2;3;23;1
202000019003;154 708 824;7;0;2;2;1;1
202000019003;154 708 825;7;4;2;2;14;1
202000019004;154 708 822;7;4;2;7;14;1
202000019004;154 708 823;7;0;0;8;1;1
202000019005;154 708 821;33;0;0;0;1;1
202000019006;154 708 819;10;0;2;1;13;1
202000019006;154 708 820;10;0;2;8;1;1
202000019007;154 708 817;7;0;0;8;1;1
202000019007;154 708 818;7;0;2;1;17;1
202000019008;154 708 816;36;16;0;0;1;1
202000019009;154 708 814;7;5;2;0;1;1
202000019009;154 708 815;7;0;2;2;1;1
202000019010;154 708 811;7;0;2;3;15;1
202000019010;154 708 812;2;0;2;8;1;1
202000019010;154 708 813;7;0;2;3;0;1
202000019011;154 708 810;2;6;0;1;0;1
202000019012;154 708 809;7;15;0;2;1;1
202000019013;154 708 806;7;4;2;4;2;1
202000019013;154 708 807;10;0;2;1;2;1
202000019014;154 708 804;33;0;2;7;1;1
202000019014;154 708 805;7;0;2;2;1;1
202000019015;154 708 802;33;0;2;1;1;1
202000019015;154 708 803;10;0;2;4;20;1
202000019016;154 708 801;10;0;1;0;26;0
202000019017;154 708 799;7;0;2;3;15;0
202000019017;154 708 800;2;0;2;2;17;0
202000019018;154 708 797;7;0;2;3;15;1
202000019018;154 708 798;7;0;2;3;1;2
202000019019;154 708 795;7;0;2;8;1;1
202000019019;154 708 796;7;0;2;8;1;1
202000019020;154 708 793;7;0;2;1;13;1
202000019020;154 708 794;7;0;2;3;1;1
202000019021;154 708 792;7;0;1;1;1;1
202000019022;154 708 790;1;0;2;0;0;5
202000019022;154 708 791;7;0;2;3;9;1
202000019023;154 708 787;7;0;2;4;1;1
202000019023;154 708 788;7;0;2;4;2;1
202000019023;154 708 789;7;0;2;1;2;1
202000019024;154 708 785;7;0;2;8;19;1
202000019024;154 708 786;2;0;2;1;1;1
202000019025;154 708 782;7;0;2;4;1;1
202000019025;154 708 783;7;0;2;4;1;1
202000019025;154 708 784;7;0;2;1;2;1
202000019026;154 708 780;2;6;2;1;1;1
202000019026;154 708 781;50;0;2;1;15;3
202000019027;154 708 779;33;0;0;1;16;1
202000019028;154 708 777;30;0;2;1;26;1
202000019028;154 708 778;7;0;2;3;15;1
202000019029;154 708 775;7;0;2;3;19;1
202000019029;154 708 776;7;0;2;1;1;1
202000019030;154 708 774;7;0;1;7;1;1
202000019031;154 708 772;1;0;2;1;5;5
202000019031;154 708 773;7;0;2;3;16;1
202000019032;154 708 771;7;0;1;1;1;0
202000019033;154 708 770;7;0;1;2;0;1
202000019034;154 708 768;7;0;2;1;13;1
202000019034;154 708 769;13;0;2;0;0;1
202000019035;154 708 767;7;0;1;1;1;1
202000019036;154 708 765;10;0;2;1;19;1
202000019036;154 708 766;7;15;2;7;1;1
202000019037;154 708 763;10;0;2;1;15;1
202000019037;154 708 764;7;0;2;3;1;1
202000019038;154 708 761;32;0;2;1;1;1
202000019038;154 708 762;7;0;2;2;15;1
202000019039;154 708 759;1;0;2;2;1;5
202000019039;154 708 760;7;0;2;1;1;1
202000019040;154 708 758;7;0;1;1;1;1
202000019041;154 708 757;7;0;1;2;1;1
202000019042;154 708 755;7;0;2;3;15;0
202000019042;154 708 756;30;0;2;8;1;1
202000019043;154 708 753;7;0;2;2;1;1
202000019043;154 708 754;7;0;2;6;1;0
202000019044;154 708 751;2;0;2;1;3;1
202000019044;154 708 752;7;0;2;2;16;1
202000019045;154 708 749;1;0;2;1;1;5
202000019045;154 708 750;2;0;2;1;1;1
202000019046;154 708 747;7;0;2;3;17;1
202000019046;154 708 748;7;0;2;2;15;1
202000019047;154 708 745;7;0;2;2;1;1
202000019047;154 708 746;34;0;2;8;1;1
202000019048;154 708 743;10;0;2;2;15;1
202000019048;154 708 744;2;0;2;1;16;1
202000019049;154 708 741;7;0;2;2;15;1
202000019049;154 708 742;33;0;2;1;1;1
202000019050;154 708 739;7;0;2;8;15;1
202000019050;154 708 740;33;0;2;1;1;1
202000019051;154 708 738;7;0;1;3;15;1
202000019052;154 708 737;33;0;0;7;1;1
202000019053;154 708 736;1;0;0;0;21;5
202000019054;154 708 735;7;0;1;1;1;1
202000019055;154 708 733;1;0;2;2;1;5
202000019055;154 708 734;7;0;2;2;15;1
202000019056;154 708 731;33;0;2;0;3;0
202000019056;154 708 732;7;0;2;0;12;0
202000019057;154 708 730;7;2;0;1;14;1
202000019058;154 708 728;7;0;2;0;0;0
202000019058;154 708 729;7;0;2;0;0;1
202000019059;154 708 724;7;0;2;3;15;1
202000019059;154 708 725;30;0;2;1;1;1
202000019060;154 708 722;80;0;2;1;18;3
202000019060;154 708 723;17;0;2;2;16;1
202000019061;154 708 720;1;0;2;1;19;5
202000019061;154 708 721;37;0;2;2;16;1
202000019062;154 708 718;7;0;2;1;19;1
202000019062;154 708 719;7;0;2;3;1;1
202000019063;154 708 715;7;0;2;1;1;1
202000019063;154 708 716;7;0;2;3;5;1
202000019063;154 708 717;7;0;2;3;1;1
202000019064;154 708 714;7;0;1;2;0;1
202000019065;154 708 712;50;0;2;7;1;3
202000019065;154 708 713;7;0;9;1;1;1
202000019066;154 708 710;34;0;2;1;2;1
202000019066;154 708 711;7;0;2;5;15;1
202000019067;154 708 708;33;0;2;1;18;1
202000019067;154 708 709;7;0;2;2;22;1
202000019068;154 708 707;7;12;0;1;1;1
202000019069;154 708 705;2;0;2;8;1;1
202000019069;154 708 706;7;0;2;2;16;1
202000019070;154 708 701;7;0;2;4;2;1
202000019070;154 708 702;7;0;2;4;2;1
202000019070;154 708 703;7;0;2;4;2;1
202000019070;154 708 704;10;0;2;1;2;1
202000019071;154 708 698;30;0;2;4;1;1
202000019071;154 708 699;7;0;2;3;23;1
202000019071;154 708 700;10;0;2;3;1;1
202000019072;154 708 696;31;0;2;1;15;1
202000019072;154 708 697;10;0;2;7;1;1
202000019073;154 708 693;7;0;2;3;9;1
202000019073;154 708 694;7;0;2;3;1;1
202000019073;154 708 695;7;0;2;7;2;1
202000019074;154 708 691;33;0;2;7;21;1
202000019074;154 708 692;21;0;2;1;26;1
202000019075;154 708 689;7;0;2;8;15;1
202000019075;154 708 690;17;0;2;3;1;1
202000019076;154 708 687;50;0;2;1;1;3
202000019076;154 708 688;7;0;9;4;1;1
202000019077;154 708 685;7;0;2;0;18;1
202000019077;154 708 686;1;0;2;4;1;5
202000019078;154 708 683;1;0;2;8;1;5
202000019078;154 708 684;7;0;2;7;14;0
202000019079;154 708 682;7;15;1;2;14;1
202000019080;154 708 681;31;0;1;1;1;1
202000019081;154 708 680;7;0;1;0;1;2
202000019082;154 708 678;1;0;2;0;1;5
202000019082;154 708 679;7;0;2;3;1;1
202000019083;154 708 676;2;0;2;1;1;1
202000019083;154 708 677;7;0;2;4;15;1
202000019084;154 708 674;7;0;2;0;1;1
202000019084;154 708 675;1;0;2;0;0;0
202000019085;154 708 673;7;3;0;1;1;1
202000019086;154 708 671;7;0;2;3;15;1
202000019086;154 708 672;32;0;2;3;1;1
202000019087;154 708 669;7;0;2;1;1;1
202000019087;154 708 670;33;0;2;1;1;1
202000019088;154 708 668;1;0;2;1;1;5
202000019089;154 708 667;33;0;0;0;1;1
202000019090;154 708 665;7;0;2;1;2;1
202000019090;154 708 666;7;0;2;7;19;3
202000019091;154 708 664;7;0;1;3;10;1
202000019092;154 708 663;1;0;1;1;19;5
202000019093;154 708 660;2;0;2;4;1;1
202000019093;154 708 661;7;0;2;4;1;1
202000019093;154 708 662;7;0;2;1;1;1
202000019094;154 708 658;7;0;2;3;10;1
202000019094;154 708 659;7;0;2;1;1;1
202000019095;154 708 656;7;0;2;7;16;1
202000019095;154 708 657;34;0;2;3;7;1
202000019096;154 708 654;32;0;2;1;15;1
202000019096;154 708 655;1;0;2;1;1;5
202000019097;154 708 652;7;0;2;1;1;1
202000019097;154 708 653;7;0;2;4;1;1
202000019098;154 708 650;60;0;2;1;19;5
202000019098;154 708 651;7;0;2;8;1;1