Num_Acc;id_vehicule;categorie_vehicule;obstacle_fixe;obstacle_mobile;point_choc_initial;manoeuvre_principale;motorisation
202000019099;154 708 648;33;0;2;8;16;1
202000019099;154 708 649;10;0;2;3;1;1
202000019100;154 708 645;7;0;2;1;1;1
202000019100;154 708 646;7;0;2;9;1;1
202000019100;154 708 647;7;0;2;4;1;1
202000019101;154 708 643;7;3;0;4;1;1
202000019101;154 708 644;7;0;2;1;1;1
202000019102;154 708 641;33;0;2;1;1;1
202000019102;154 708 642;37;0;2;1;15;1
202000019103;154 708 639;7;0;2;4;15;0
202000019103;154 708 640;1;0;2;1;1;0
202000019104;154 708 638;30;0;0;3;0;1
202000019105;154 708 635;2;0;2;2;1;1
202000019105;154 708 636;7;0;2;3;15;1
202000019106;154 708 633;7;0;2;5;15;1
202000019106;154 708 634;7;0;2;1;1;1
202000019107;154 708 631;7;0;2;1;26;1
202000019107;154 708 632;10;0;2;1;13;1
202000019108;154 708 629;10;0;2;1;2;1
202000019108;154 708 630;7;0;2;4;16;1
202000019109;154 708 627;33;0;2;4;1;1
202000019109;154 708 628;7;0;2;2;2;1
202000019110;154 708 625;7;0;2;4;0;0
202000019110;154 708 626;10;0;2;2;1;0
202000019111;154 708 623;10;0;2;4;1;1
202000019111;154 708 624;31;0;2;1;2;1
202000019112;154 708 621;1;0;2;3;19;5
202000019112;154 708 622;7;0;2;0;1;1
202000019113;154 708 617;15;0;2;2;12;1
202000019113;154 708 618;7;0;2;7;1;1
202000019113;154 708 619;7;0;2;6;1;1
202000019113;154 708 620;10;0;2;7;1;3
202000019114;154 708 613;7;0;2;5;23;1
202000019114;154 708 614;10;0;2;6;1;1
202000019114;154 708 615;7;0;2;2;14;1
202000019114;154 708 616;34;0;2;1;3;1
202000019115;154 708 611;32;0;2;4;20;3
202000019115;154 708 612;10;0;2;6;2;1
202000019116;154 708 609;7;0;2;1;2;1
202000019116;154 708 610;33;0;2;4;23;1
202000019117;154 708 607;30;0;2;3;18;1
202000019117;154 708 608;37;0;2;2;16;1
202000019118;154 708 605;7;0;2;3;15;1
202000019118;154 708 606;7;0;2;7;17;6
202000019119;154 708 603;32;0;2;2;1;1
202000019119;154 708 604;7;0;2;6;13;1
202000019120;154 708 602;33;8;2;0;21;1
202000019121;154 708 600;7;0;2;1;1;1
202000019121;154 708 601;1;0;2;8;19;5
202000019122;154 708 599;80;0;0;0;1;3
202000019123;154 708 598;50;0;0;0;1;3
202000019124;154 708 597;30;0;0;0;21;1
202000019125;154 708 596;32;0;1;1;1;1
202000019126;154 708 594;7;0;2;8;13;1
202000019126;154 708 595;30;0;2;2;5;1
202000019127;154 708 593;50;0;1;1;1;3
202000019128;154 708 592;1;0;1;1;1;5
202000019129;154 708 591;2;0;0;0;1;3
202000019130;154 708 589;33;0;2;1;1;1
202000019130;154 708 590;7;0;2;3;1;1
202000019131;154 708 587;7;0;2;3;23;1
202000019131;154 708 588;32;0;2;7;1;1
202000019132;154 708 585;1;0;2;1;5;5
202000019132;154 708 586;1;0;2;1;1;5
202000019133;154 708 584;10;0;1;8;15;1
202000019134;154 708 582;7;0;2;1;2;0
202000019134;154 708 583;50;0;2;4;2;3
202000019135;154 708 580;7;0;2;7;15;1
202000019135;154 708 581;34;0;2;1;1;1
202000019136;154 708 578;50;0;2;1;1;3
202000019136;154 708 579;7;0;9;2;16;1
202000019137;154 708 576;7;0;2;0;0;1
202000019137;154 708 577;10;2;2;1;1;1
202000019138;154 708 574;1;0;2;1;18;5
202000019138;154 708 575;7;0;9;5;2;0
202000019139;154 708 571;10;0;2;6;1;0
202000019139;154 708 572;10;0;2;1;1;0
202000019139;154 708 573;10;0;2;1;9;0
202000019140;154 708 569;33;0;2;1;1;1
202000019140;154 708 570;7;0;2;3;15;1
202000019141;154 708 567;2;0;2;1;1;1
202000019141;154 708 568;7;0;2;3;0;1
202000019142;154 708 564;10;0;2;1;17;1
202000019142;154 708 565;30;0;2;1;0;0
202000019142;154 708 566;37;0;0;0;0;0
202000019143;154 708 562;80;0;2;1;3;3
202000019143;154 708 563;7;0;2;2;12;1
202000019144;154 708 560;34;0;2;1;18;1
202000019144;154 708 561;3;0;2;7;16;1
202000019145;154 708 559;30;0;1;1;25;0
202000019146;154 708 557;33;0;2;7;17;1
202000019146;154 708 558;7;0;2;3;17;1
202000019147;154 708 556;10;8;0;2;1;1
202000019148;154 708 555;10;0;1;7;1;1
202000019149;154 708 553;10;0;0;4;2;1
202000019149;154 708 554;30;0;2;1;26;1
202000019150;154 708 552;32;0;4;1;2;1
202000019151;154 708 550;1;0;2;3;0;5
202000019151;154 708 551;10;0;2;3;1;1
202000019152;154 708 548;1;0;2;3;12;5
202000019152;154 708 549;7;0;2;3;1;1
202000019153;154 708 546;34;0;2;7;21;1
202000019153;154 708 547;7;1;0;1;19;1
202000019154;154 708 544;7;0;2;4;1;1
202000019154;154 708 545;30;0;2;1;26;1
202000019155;154 708 542;1;0;2;7;19;5
202000019155;154 708 543;30;0;2;1;21;1
202000019156;154 708 540;30;0;2;1;10;1
202000019156;154 708 541;33;0;2;3;1;1
202000019157;154 708 539;7;0;1;2;1;1
202000019158;154 708 536;31;0;2;1;1;1
202000019158;154 708 537;7;13;0;1;14;1
202000019158;154 708 538;7;0;2;4;1;1
202000019159;154 708 534;7;0;2;1;1;1
202000019159;154 708 535;33;0;2;1;15;1
202000019160;154 708 532;33;0;0;0;1;1
202000019160;154 708 533;21;0;0;0;15;1
202000019161;154 708 531;33;12;0;1;1;1
202000019162;154 708 529;7;0;2;7;9;1
202000019162;154 708 530;7;0;2;1;2;1
202000019163;154 708 527;14;0;2;6;1;6
202000019163;154 708 528;1;0;2;3;13;5
202000019164;154 708 524;33;15;0;0;17;1
202000019165;154 708 522;1;0;0;1;1;5
202000019165;154 708 523;17;0;2;3;15;1
202000019166;154 708 519;7;0;2;7;1;1
202000019166;154 708 520;7;0;9;1;14;1
202000019166;154 708 521;1;0;2;4;1;5
202000019167;154 708 517;33;0;2;1;1;1
202000019167;154 708 518;7;0;2;2;10;1
202000019168;154 708 515;7;0;2;3;1;1
202000019168;154 708 516;7;0;2;3;13;1
202000019169;154 708 513;7;0;9;2;1;1
202000019169;154 708 514;80;0;2;8;19;3
202000019170;154 708 512;7;3;0;8;1;1
202000019171;154 708 510;7;0;2;3;19;1
202000019171;154 708 511;14;0;2;1;1;1
202000019172;154 708 508;7;0;2;5;19;1
202000019172;154 708 509;33;0;2;2;1;1
202000019173;154 708 507;7;0;1;2;1;1
202000019174;154 708 505;7;0;2;8;15;6
202000019174;154 708 506;7;0;2;3;1;2
202000019175;154 708 504;1;0;0;0;13;6
202000019176;154 708 502;30;0;2;7;1;1
202000019176;154 708 503;38;0;2;3;1;1
202000019177;154 708 501;7;8;0;3;0;1
202000019178;154 708 498;7;0;2;1;1;0
202000019178;154 708 499;7;0;2;2;1;0
202000019178;154 708 500;7;9;2;3;1;0
202000019179;154 708 496;33;0;2;1;13;1
202000019179;154 708 497;7;0;2;1;1;1
202000019180;154 708 494;7;7;2;8;1;1
202000019180;154 708 495;7;0;2;1;1;1
202000019181;154 708 493;7;16;0;9;17;1
202000019182;154 708 491;10;0;2;2;1;6
202000019182;154 708 492;1;0;2;4;1;5
202000019183;154 708 489;7;0;2;3;1;1
202000019183;154 708 490;30;0;2;1;19;1
202000019184;154 708 487;7;13;0;3;1;0
202000019184;154 708 488;7;0;2;3;13;1
202000019185;154 708 485;10;0;2;4;23;1
202000019185;154 708 486;7;0;2;1;2;1
202000019186;154 708 484;7;8;0;1;1;1
202000019187;154 708 482;2;0;2;4;2;1
202000019187;154 708 483;7;0;2;0;2;0
202000019188;154 708 480;10;0;9;1;1;1
202000019188;154 708 481;1;0;2;8;15;6
202000019189;154 708 479;33;0;9;1;1;1
202000019190;154 708 477;7;0;0;3;15;1
202000019190;154 708 478;7;0;2;1;1;1
202000019191;154 708 476;7;13;0;2;16;1
202000019192;154 708 473;7;0;2;3;15;1
202000019192;154 708 474;33;0;2;1;1;1
202000019192;154 708 475;7;0;0;8;23;1
202000019193;154 708 471;7;0;2;4;1;1
202000019193;154 708 472;33;0;2;1;1;1
202000019194;154 708 469;10;0;2;1;2;1
202000019194;154 708 470;1;0;0;4;2;5
202000019195;154 708 468;2;0;0;8;26;1
202000019196;154 708 466;7;0;2;1;13;1
202000019196;154 708 467;21;0;2;8;2;1
202000019197;154 708 464;31;0;2;7;17;1
202000019197;154 708 465;7;0;2;3;19;1
202000019198;154 708 462;2;0;2;1;3;1
202000019198;154 708 463;7;0;2;8;15;0
202000019199;154 708 460;10;0;2;0;1;1
202000019199;154 708 461;33;0;2;1;1;1
202000019200;154 708 458;1;1;0;1;1;5
202000019200;154 708 459;7;0;0;4;24;1
202000019201;154 708 456;1;0;2;8;1;5
202000019201;154 708 457;7;0;9;5;1;1
202000019202;154 708 455;7;8;0;2;1;0
202000019203;154 708 453;7;0;2;1;16;1
202000019203;154 708 454;7;13;2;5;1;1
202000019204;154 708 451;10;0;2;4;4;1
202000019204;154 708 452;1;0;2;1;1;5
202000019205;154 708 450;33;13;0;0;1;0
202000019206;154 708 448;80;0;2;4;1;3
202000019206;154 708 449;10;0;2;2;1;1
202000019207;154 708 447;7;13;0;3;1;1
202000019208;154 708 446;2;10;0;7;1;1
202000019209;154 708 444;7;0;2;1;1;1
202000019209;154 708 445;7;0;2;1;13;1
202000019210;154 708 442;7;0;2;1;1;1
202000019210;154 708 443;7;0;2;2;1;1
202000019211;154 708 440;33;0;2;1;1;1
202000019211;154 708 441;7;0;2;2;15;1
202000019212;154 708 438;33;0;0;2;17;1
202000019212;154 708 439;10;0;2;7;15;1
202000019213;154 708 437;7;13;0;8;0;1
202000019214;154 708 435;7;0;2;3;1;1
202000019214;154 708 436;7;0;2;3;15;1
202000019215;154 708 434;33;4;0;8;13;1
202000019216;154 708 432;7;0;2;8;15;1
202000019216;154 708 433;2;0;2;2;17;1
202000019217;154 708 431;99;13;0;0;1;1
202000019218;154 708 429;7;0;2;3;10;1
202000019218;154 708 430;7;0;2;2;21;1
202000019219;154 708 427;31;0;2;8;9;1
202000019219;154 708 428;7;0;2;3;1;1
202000019220;154 708 426;7;0;1;3;1;1
202000019221;154 708 423;7;0;2;3;13;1
202000019221;154 708 424;7;0;2;3;1;1
202000019222;154 708 422;2;2;0;1;0;1
202000019223;154 708 420;31;0;2;1;1;0
202000019223;154 708 421;34;0;2;2;14;0
202000019224;154 708 418;33;0;2;1;1;1
202000019224;154 708 419;7;0;2;8;15;1
202000019225;154 708 417;7;0;1;3;1;1
202000019226;154 708 415;7;0;2;3;5;1
202000019226;154 708 416;33;0;2;3;5;1
202000019227;154 708 414;7;13;0;1;13;1
202000019228;154 708 413;1;0;0;8;14;5
202000019229;154 708 410;13;0;2;2;26;0
202000019229;154 708 411;7;0;2;6;1;0
202000019229;154 708 412;13;0;9;2;13;0
202000019230;154 708 409;2;15;0;1;1;1
202000019231;154 708 407;1;1;0;1;1;5
202000019231;154 708 408;7;0;1;6;23;1
202000019232;154 708 404;7;0;2;4;2;0
202000019232;154 708 405;7;0;2;1;2;0
202000019232;154 708 406;7;0;2;1;2;0
202000019233;154 708 402;7;0;2;1;1;0
202000019233;154 708 403;7;0;0;4;23;0
202000019234;154 708 400;7;0;2;1;0;1
202000019234;154 708 401;7;0;2;1;13;1
202000019235;154 708 399;33;0;6;1;1;1
202000019236;154 708 397;31;0;2;1;1;1
202000019236;154 708 398;10;0;0;1;15;1
202000019237;154 708 396;7;13;0;1;1;1
202000019238;154 708 395;7;0;0;9;1;1
202000019239;154 708 394;80;0;0;0;1;3
202000019240;154 708 384;31;0;2;2;2;1
202000019240;154 708 385;7;0;2;4;1;1
202000019241;154 708 382;7;0;2;8;19;1
202000019241;154 708 383;7;0;2;1;1;1
202000019242;154 708 380;7;0;2;2;19;1
202000019242;154 708 381;30;0;2;1;19;1
202000019243;154 708 379;15;0;1;1;9;1
202000019244;154 708 377;2;0;2;3;17;1
202000019244;154 708 378;7;0;2;3;15;1
202000019245;154 708 376;31;12;0;1;1;1
202000019246;154 708 372;7;0;2;3;15;1
202000019246;154 708 373;33;0;2;1;17;1
202000019247;154 708 370;7;0;2;1;1;1
202000019247;154 708 371;7;0;2;1;13;1
202000019248;154 708 368;7;0;2;1;15;1
202000019248;154 708 369;7;0;2;6;1;1
202000019249;154 708 365;37;0;1;7;1;1
202000019250;154 708 363;34;0;2;1;17;1
202000019250;154 708 364;7;0;2;8;10;1
202000019251;154 708 361;1;0;2;0;15;5
202000019251;154 708 362;37;0;2;2;2;1
202000019252;154 708 359;7;0;2;2;1;1
202000019252;154 708 360;7;0;2;5;15;1
202000019253;154 708 358;7;1;0;2;26;1
202000019254;154 708 355;7;0;2;4;1;1
202000019254;154 708 356;7;0;2;4;1;1
202000019254;154 708 357;13;0;2;1;1;1
202000019255;154 708 353;33;0;2;1;1;1
202000019255;154 708 354;17;0;2;4;20;1
202000019256;154 708 351;7;0;2;2;2;1
202000019256;154 708 352;2;0;0;4;23;1
202000019257;154 708 350;7;0;1;1;1;
202000019258;154 708 349;7;0;1;1;1;1
202000019259;154 708 347;7;0;2;7;1;1
202000019259;154 708 348;7;8;2;1;13;1
202000019260;154 708 345;10;0;2;3;25;1
202000019260;154 708 346;2;0;2;1;1;1
202000019261;154 708 343;7;0;2;8;1;1
202000019261;154 708 344;7;0;2;1;1;1
202000019262;154 708 341;7;0;2;1;15;0
202000019262;154 708 342;2;0;2;1;18;0
202000019263;154 708 339;2;0;2;1;1;1
202000019263;154 708 340;10;0;2;3;15;1
202000019264;154 708 337;7;0;2;4;2;1
202000019264;154 708 338;7;0;2;1;2;1
202000019265;154 708 336;2;0;0;7;1;1
202000019266;154 708 334;7;15;2;1;15;1
202000019266;154 708 335;7;0;0;4;16;0
202000019267;154 708 333;7;0;1;1;1;
202000019268;154 708 331;1;0;2;4;2;0
202000019268;154 708 332;7;0;2;3;9;1
202000019269;154 708 330;7;0;2;2;21;1
202000019270;154 708 329;7;6;0;1;26;1
202000019271;154 708 327;7;0;2;4;2;1
202000019271;154 708 328;7;0;2;1;2;1
202000019272;154 708 325;1;0;2;8;26;5
202000019272;154 708 326;7;0;2;1;9;1
202000019273;154 708 324;7;13;0;1;14;1
202000019274;154 708 323;30;14;0;1;1;1
202000019275;154 708 320;37;0;2;3;23;4
202000019275;154 708 321;2;0;2;7;12;1
202000019275;154 708 322;7;0;2;3;1;1
202000019276;154 708 318;7;0;2;5;19;1
202000019276;154 708 319;7;0;2;6;19;0
202000019277;154 708 316;7;0;2;8;15;1
202000019277;154 708 317;30;0;2;1;17;1
202000019278;154 708 314;1;0;2;8;1;5
202000019278;154 708 315;10;0;9;2;9;1
202000019279;154 708 311;10;0;2;1;1;1
202000019279;154 708 312;7;0;2;4;23;1
202000019279;154 708 313;7;0;2;4;23;1
202000019280;154 708 309;10;0;2;1;1;1
202000019280;154 708 310;30;0;2;2;8;1
202000019281;154 708 308;33;15;0;9;19;1
202000019282;154 708 304;7;0;2;4;2;0
202000019282;154 708 305;7;0;2;4;0;0
202000019282;154 708 306;7;0;2;4;0;0
202000019282;154 708 307;7;0;2;1;26;0
202000019283;154 708 302;7;0;9;3;0;0
202000019283;154 708 303;50;0;2;3;1;3
202000019284;154 708 300;7;0;2;1;15;1
202000019284;154 708 301;32;0;0;0;1;1
202000019285;154 708 298;7;0;2;4;2;1
202000019285;154 708 299;7;0;2;1;2;1
202000019286;154 708 295;33;0;2;1;23;1
202000019286;154 708 296;34;0;2;1;1;1
202000019286;154 708 297;7;0;2;7;15;1
202000019287;154 708 293;50;0;2;8;19;3
202000019287;154 708 294;7;0;2;1;26;0
202000019288;154 708 292;32;0;1;1;1;1
202000019289;154 708 291;7;1;0;1;14;1
202000019290;154 708 287;7;0;2;7;12;1
202000019290;154 708 288;33;4;2;3;18;1
202000019290;154 708 289;7;0;2;6;1;1
202000019290;154 708 290;10;0;2;7;23;1
202000019291;154 708 285;10;0;2;6;1;1
202000019291;154 708 286;32;0;2;2;1;1
202000019292;154 708 284;7;0;1;7;1;1
202000019293;154 708 283;32;0;1;1;1;0
202000019294;154 708 281;7;0;2;3;15;0
202000019294;154 708 282;1;0;2;8;1;5
202000019295;154 708 280;31;0;0;0;1;1
202000019296;154 708 278;50;0;2;1;13;3
202000019296;154 708 279;7;0;2;6;1;1
202000019297;154 708 277;7;0;1;4;4;3
202000019298;154 708 275;7;0;2;6;14;0
202000019298;154 708 276;1;0;2;6;1;5
202000019299;154 708 273;1;0;2;7;7;5
202000019299;154 708 274;80;0;2;1;16;3
202000019300;154 708 270;7;0;2;5;22;1
202000019300;154 708 271;34;0;2;3;18;1
202000019301;154 708 268;1;0;2;1;1;5
202000019301;154 708 269;7;0;2;1;1;1
202000019302;154 708 266;50;0;2;1;1;3
202000019302;154 708 267;7;0;9;3;15;1
202000019303;154 708 264;33;0;2;1;1;1
202000019303;154 708 265;7;0;2;5;16;1
202000019304;154 708 263;7;12;0;1;1;1
202000019305;154 708 262;7;0;1;0;26;0
202000019306;154 708 260;7;0;2;1;1;1
202000019306;154 708 261;7;0;2;4;1;1
202000019307;154 708 259;32;14;0;1;26;1
202000019308;154 708 257;7;14;0;3;15;1
202000019308;154 708 258;33;0;2;3;2;1
202000019309;154 708 255;7;0;9;1;9;1
202000019309;154 708 256;1;0;2;8;1;5
202000019310;154 708 253;2;0;2;8;1;0
202000019310;154 708 254;7;0;2;1;15;0
202000019311;154 708 251;1;0;2;1;1;5
202000019311;154 708 252;30;0;2;7;15;1
202000019312;154 708 250;2;0;0;0;0;1
202000019313;154 708 249;42;12;0;2;14;6
202000019314;154 708 247;2;0;2;0;2;1
202000019314;154 708 248;2;0;0;5;2;1
202000019315;154 708 245;10;0;2;1;19;1
202000019315;154 708 246;7;0;0;6;1;1
202000019316;154 708 243;7;0;2;2;1;1
202000019316;154 708 244;30;0;2;1;1;1
202000019317;154 708 241;31;0;2;0;1;0
202000019317;154 708 242;7;0;2;3;19;0
202000019318;154 708 239;7;0;1;2;15;0
202000019319;154 708 236;33;0;2;7;1;1
202000019319;154 708 237;7;0;2;8;1;1
202000019319;154 708 238;7;0;2;3;1;1
202000019320;154 708 235;34;1;0;2;1;1
202000019321;154 708 233;7;0;2;1;1;1
202000019321;154 708 234;7;0;2;1;13;1
202000019322;154 708 232;7;13;0;0;1;1
202000019323;154 708 230;7;0;2;3;15;1
202000019323;154 708 231;7;0;2;1;1;1
202000019324;154 708 228;7;13;2;3;1;1
202000019324;154 708 229;7;0;2;3;13;1
202000019325;154 708 226;7;0;2;1;1;1
202000019325;154 708 227;7;3;2;7;13;1
202000019326;154 708 225;7;1;0;1;1;1
202000019327;154 708 224;7;2;0;3;1;1
202000019328;154 708 223;2;13;0;0;1;1
202000019329;154 708 221;7;0;2;1;13;1
202000019329;154 708 222;10;0;2;1;1;1
202000019330;154 708 219;33;0;2;1;1;1
202000019330;154 708 220;7;0;2;7;15;1
202000019331;154 708 217;7;0;2;1;1;6
202000019331;154 708 218;7;0;0;1;1;6
202000019332;154 708 215;99;0;2;8;1;1
202000019332;154 708 216;7;0;2;1;19;1
202000019333;154 708 213;21;0;2;6;1;1
202000019333;154 708 214;2;0;2;8;0;1
202000019334;154 708 210;7;14;0;1;1;1
202000019335;154 708 206;2;12;0;7;1;1
202000019336;154 708 202;7;0;2;5;4;1
202000019336;154 708 203;2;0;2;1;1;1
202000019337;154 708 199;7;0;0;1;1;0
202000019338;154 708 197;14;0;0;4;1;1
202000019338;154 708 198;10;0;2;1;12;1
202000019339;154 708 196;15;0;1;2;1;1
202000019340;154 708 195;2;0;0;1;1;1
202000019341;154 708 192;7;1;0;1;11;1
202000019341;154 708 193;7;0;2;1;1;1
202000019341;154 708 194;7;1;2;5;15;1
202000019342;154 708 190;1;0;2;8;19;5
202000019342;154 708 191;7;0;9;2;1;1
202000019343;154 708 188;33;0;2;1;2;1
202000019343;154 708 189;99;0;2;5;16;0
202000019344;154 708 186;34;0;2;2;17;1
202000019344;154 708 187;7;0;2;8;15;1
202000019345;154 708 184;7;0;2;3;1;1
202000019345;154 708 185;7;0;2;3;17;1
202000019346;154 708 182;2;6;0;1;1;1
202000019346;154 708 183;7;0;2;5;4;1
202000019347;154 708 180;7;0;2;2;1;1
202000019347;154 708 181;7;0;2;3;1;1
202000019348;154 708 178;7;0;0;3;15;1
202000019348;154 708 179;31;8;0;1;17;1
202000019349;154 708 176;7;0;2;2;1;1
202000019349;154 708 177;7;0;2;8;20;1
202000019350;154 708 174;7;0;2;2;15;1
202000019350;154 708 175;2;0;2;1;1;1
202000019351;154 708 173;7;13;2;1;1;1
202000019352;154 708 172;33;0;0;8;1;1
202000019353;154 708 167;7;0;2;4;2;1
202000019353;154 708 168;7;0;2;4;2;1
202000019353;154 708 169;7;0;2;4;2;1
202000019353;154 708 170;10;0;2;1;2;1
202000019354;154 708 164;10;0;2;1;12;1
202000019354;154 708 165;10;0;2;4;1;1
202000019354;154 708 166;10;0;2;4;1;0
202000019355;154 708 163;7;0;0;0;1;1
202000019356;154 708 161;10;3;2;1;14;1
202000019356;154 708 162;7;0;2;4;1;6
202000019357;154 708 159;32;0;2;1;2;1
202000019357;154 708 160;7;0;2;8;2;1
202000019358;154 708 158;33;0;0;9;1;1
202000019359;154 708 156;7;0;2;4;2;1
202000019359;154 708 157;7;0;2;1;2;1
202000019360;154 708 154;33;14;0;1;2;1
202000019360;154 708 155;7;0;2;8;2;1
202000019361;154 708 152;33;0;2;1;1;1
202000019361;154 708 153;10;0;2;0;2;1
202000019362;154 708 150;7;0;2;4;2;1
202000019362;154 708 151;34;0;2;1;2;1
202000019363;154 708 147;7;0;2;5;2;1
202000019363;154 708 148;7;0;2;4;2;1
202000019363;154 708 149;7;0;2;1;2;1
202000019364;154 708 146;33;0;0;7;1;1
202000019365;154 708 144;7;0;2;6;1;1
202000019365;154 708 145;7;0;2;1;2;1
202000019366;154 708 143;10;0;2;8;1;1
202000019367;154 708 141;15;0;2;2;9;1
202000019367;154 708 142;7;0;2;8;1;1
202000019368;154 708 140;7;0;1;0;0;1
202000019369;154 708 138;10;0;2;3;16;1
202000019369;154 708 139;1;0;2;1;1;5
202000019370;154 708 136;7;0;2;3;15;1
202000019370;154 708 137;7;0;2;6;1;1
202000019371;154 708 134;99;0;2;3;2;1
202000019371;154 708 135;99;0;2;3;9;1
202000019372;154 708 132;7;0;9;7;17;1
202000019372;154 708 133;1;0;2;8;1;6
202000019373;154 708 130;1;0;2;1;2;5
202000019373;154 708 131;7;0;9;1;1;1
202000019374;154 708 128;7;0;9;3;19;1
202000019374;154 708 129;2;0;2;1;17;1
202000019375;154 708 126;7;0;2;5;15;1
202000019375;154 708 127;7;0;2;1;1;1
202000019376;154 708 124;50;0;2;7;1;3
202000019376;154 708 125;7;0;2;3;19;1
202000019377;154 708 121;7;0;2;4;2;0
202000019377;154 708 122;7;0;2;4;2;0
202000019377;154 708 123;7;0;2;1;2;0
202000019378;154 708 120;30;1;0;1;1;1
202000019379;154 708 119;7;8;0;2;1;1
202000019380;154 708 117;7;0;2;4;2;1
202000019380;154 708 118;7;0;2;1;2;1
202000019381;154 708 116;7;0;1;3;16;1
202000019382;154 708 114;7;0;2;3;1;0
202000019382;154 708 115;1;0;2;7;1;5
202000019383;154 708 112;30;0;2;0;1;1
202000019383;154 708 113;7;0;2;0;1;1
202000019384;154 708 111;7;0;1;1;1;1
202000019385;154 708 109;7;0;2;4;1;1
202000019385;154 708 110;32;0;2;1;1;1
202000019386;154 708 107;7;1;2;8;13;0
202000019386;154 708 108;7;0;2;8;1;0
202000019387;154 708 104;10;0;2;4;2;1
202000019387;154 708 105;7;0;2;1;9;1
202000019387;154 708 106;7;0;2;5;1;1
202000019388;154 708 103;30;0;0;7;1;1
202000019389;154 708 101;7;0;2;4;2;1
202000019389;154 708 102;31;0;2;1;2;1
202000019390;154 708 099;33;0;2;4;2;1
202000019390;154 708 100;7;0;2;1;9;1
202000019391;154 708 097;32;0;2;7;26;1
202000019391;154 708 098;7;0;2;3;15;1
202000019392;154 708 095;33;0;2;1;17;1
202000019392;154 708 096;7;0;2;3;15;1
202000019393;154 708 093;7;0;2;4;2;1
202000019393;154 708 094;7;0;2;1;2;1
202000019394;154 708 089;7;0;2;4;2;1
202000019394;154 708 090;7;0;2;4;2;1
202000019394;154 708 091;17;0;2;1;2;1
202000019394;154 708 092;7;0;2;4;2;1
202000019395;154 708 087;1;0;2;1;19;0
202000019395;154 708 088;7;0;2;3;0;1
202000019396;154 708 086;7;14;0;2;0;1
202000019397;154 708 085;7;0;1;2;0;1
202000019398;154 708 084;1;0;0;0;0;5
202000019399;154 708 082;7;0;2;4;23;1
202000019399;154 708 083;30;0;2;1;2;1
202000019400;154 708 081;10;0;1;4;4;1
202000019401;154 708 079;0;0;2;7;10;0
202000019401;154 708 080;32;0;2;8;1;1
202000019402;154 708 076;7;0;2;4;1;1
202000019402;154 708 077;7;0;2;4;1;1
202000019402;154 708 078;7;0;2;1;1;1
202000019403;154 708 075;7;13;0;1;26;1
202000019404;154 708 073;1;0;2;1;1;5
202000019404;154 708 074;7;0;2;5;15;1
202000019405;154 708 071;7;0;2;1;14;1
202000019405;154 708 072;7;0;2;4;1;1
202000019406;154 708 069;2;0;2;2;17;1
202000019406;154 708 070;7;0;2;1;9;1
202000019407;154 708 068;7;7;0;2;14;1
202000019408;154 708 067;7;0;1;7;17;1
202000019409;154 708 066;7;6;0;2;14;1
202000019410;154 708 064;10;0;0;4;1;1
202000019410;154 708 065;10;0;2;1;1;1
202000019411;154 708 060;31;0;2;7;17;0
202000019411;154 708 061;10;0;2;8;15;1
202000019412;154 708 059;7;13;0;1;14;1
202000019413;154 708 058;1;9;0;0;26;5
202000019414;154 708 057;7;0;1;3;9;1
202000019415;154 708 055;30;0;2;4;1;0
202000019415;154 708 056;7;0;2;1;1;0
202000019416;154 708 052;7;0;2;1;1;1
202000019416;154 708 053;7;0;2;1;1;1
202000019416;154 708 054;7;0;2;3;15;1
202000019417;154 708 050;2;0;2;1;2;1
202000019417;154 708 051;7;0;2;2;15;0
202000019418;154 708 048;7;0;2;4;2;1
202000019418;154 708 049;7;0;2;1;1;1
202000019419;154 708 047;7;4;0;3;1;1
202000019420;154 708 045;7;0;2;1;9;0
202000019420;154 708 046;2;0;2;8;1;1
202000019421;154 708 044;7;0;1;3;15;0
202000019422;154 708 039;1;0;2;1;5;6
202000019422;154 708 040;2;0;2;1;26;1
202000019423;154 708 037;10;0;2;1;2;1
202000019423;154 708 038;7;0;2;4;2;0
202000019424;154 708 035;7;0;2;1;1;1
202000019424;154 708 036;10;0;2;4;1;1
202000019425;154 708 033;10;0;2;4;2;1
202000019425;154 708 034;7;0;2;1;2;1
202000019426;154 708 030;7;0;2;4;2;1
202000019426;154 708 031;15;0;2;4;2;1
202000019426;154 708 032;15;0;2;1;2;1
202000019427;154 708 029;50;0;0;1;1;3
202000019428;154 708 028;30;14;0;3;13;1
202000019429;154 708 026;7;0;2;2;15;1
202000019429;154 708 027;32;0;2;1;1;1
202000019430;154 708 024;2;0;2;1;1;1
202000019430;154 708 025;7;0;2;7;15;1
202000019431;154 708 021;7;0;2;2;21;1
202000019431;154 708 022;7;0;2;1;1;1
202000019431;154 708 023;7;0;0;6;23;1
202000019432;154 708 018;7;13;0;3;15;1
202000019433;154 708 017;7;13;0;1;1;1
202000019434;154 708 015;33;0;2;7;13;1
202000019434;154 708 016;17;0;2;4;21;1