Num_Acc;id_vehicule;categorie_vehicule;obstacle_fixe;obstacle_mobile;point_choc_initial;manoeuvre_principale;motorisation
202000019435;154 708 013;7;0;2;3;15;1
202000019435;154 708 014;2;0;2;2;17;1
202000019436;154 708 011;30;0;2;2;1;1
202000019436;154 708 012;7;0;2;3;9;1
202000019437;154 708 010;7;0;2;2;1;1
202000019438;154 708 008;10;0;2;5;15;0
202000019438;154 708 009;33;0;0;1;1;0
202000019439;154 708 006;2;0;2;3;1;1
202000019439;154 708 007;7;0;2;3;15;1
202000019440;154 708 004;14;0;2;4;1;1
202000019440;154 708 005;7;0;2;1;2;1
202000019441;154 708 002;7;0;2;1;2;1
202000019441;154 708 003;21;0;0;4;2;1
202000019442;154 708 000;7;0;2;2;1;1
202000019442;154 708 001;1;0;2;1;19;5
202000019443;154 707 999;33;8;0;1;17;1
202000019444;154 707 998;7;6;0;1;1;1
202000019445;154 707 997;33;0;0;3;1;1
202000019446;154 707 996;20;0;0;3;1;1
202000019447;154 707 994;7;0;9;2;19;0
202000019447;154 707 995;1;0;2;1;1;0
202000019448;154 707 992;2;0;2;1;1;1
202000019448;154 707 993;7;0;2;2;15;1
202000019449;154 707 990;14;0;2;3;1;1
202000019449;154 707 991;1;0;2;1;1;5
202000019450;154 707 988;33;0;2;8;1;1
202000019450;154 707 989;7;0;2;1;19;1
202000019451;154 707 987;7;13;0;3;1;1
202000019452;154 707 985;1;0;2;1;1;6
202000019452;154 707 986;7;0;2;2;19;1
202000019453;154 707 982;7;0;0;0;1;1
202000019454;154 707 980;7;0;2;3;15;0
202000019454;154 707 981;33;0;2;1;1;0
202000019455;154 707 979;7;2;0;1;21;1
202000019456;154 707 978;7;0;1;1;1;0
202000019457;154 707 977;2;16;0;1;13;1
202000019458;154 707 975;7;0;2;3;1;1
202000019458;154 707 976;7;0;2;1;19;1
202000019459;154 707 973;7;0;2;3;15;1
202000019459;154 707 974;33;0;2;2;1;1
202000019460;154 707 972;36;0;0;0;1;1
202000019461;154 707 971;7;0;1;3;1;6
202000019462;154 707 969;7;0;2;5;15;0
202000019462;154 707 970;33;0;2;1;1;0
202000019463;154 707 967;7;13;0;3;1;1
202000019464;154 707 966;7;0;2;7;1;1
202000019464;154 707 968;7;0;2;1;1;1
202000019465;154 707 964;7;0;2;2;1;1
202000019465;154 707 965;7;0;2;1;13;1
202000019466;154 707 960;7;1;0;1;26;1
202000019466;154 707 961;7;1;0;9;24;1
202000019466;154 707 962;7;1;1;4;24;1
202000019467;154 707 959;7;0;2;2;1;1
202000019467;154 707 963;7;0;2;3;16;1
202000019468;154 707 957;7;0;2;1;15;1
202000019468;154 707 958;31;0;2;7;17;1
202000019469;154 707 956;10;2;0;8;1;1
202000019470;154 707 955;30;0;0;7;1;1
202000019471;154 707 951;7;0;2;1;1;1
202000019471;154 707 953;10;0;2;4;13;1
202000019472;154 707 948;7;0;2;2;2;1
202000019472;154 707 950;1;0;2;6;2;5
202000019472;154 707 952;1;0;2;6;2;5
202000019472;154 707 954;1;0;0;0;2;5
202000019473;154 707 949;80;0;0;0;1;3
202000019474;154 707 945;7;0;2;7;15;1
202000019474;154 707 946;2;0;2;1;1;1
202000019475;154 707 944;7;0;2;1;23;1
202000019475;154 707 947;7;8;2;1;1;1
202000019476;154 707 939;30;0;0;8;1;1
202000019477;154 707 930;7;0;2;2;23;0
202000019477;154 707 931;7;0;2;1;1;0
202000019477;154 707 932;7;0;2;7;1;1
202000019478;154 707 929;10;6;0;2;14;1
202000019479;154 707 927;34;0;2;1;9;0
202000019479;154 707 928;10;0;2;5;23;6
202000019480;154 707 925;10;0;0;4;2;1
202000019480;154 707 933;7;0;2;4;2;1
202000019480;154 707 934;7;0;2;4;2;1
202000019480;154 707 935;7;0;2;4;2;1
202000019480;154 707 936;7;0;2;4;2;1
202000019480;154 707 937;14;0;2;2;2;1
202000019480;154 707 938;7;0;2;4;2;1
202000019480;154 707 940;7;0;2;4;2;1
202000019481;154 707 924;40;0;2;2;1;0
202000019481;154 707 926;7;0;;3;15;1
202000019482;154 707 922;33;0;2;1;1;1
202000019482;154 707 923;7;0;2;3;2;1
202000019483;154 707 921;7;5;0;8;13;3
202000019484;154 707 916;10;0;2;1;26;1
202000019484;154 707 918;1;0;2;7;0;5
202000019485;154 707 911;7;0;1;2;1;3
202000019486;154 707 910;7;0;2;4;23;1
202000019486;154 707 912;17;0;2;6;11;0
202000019486;154 707 913;7;4;2;7;2;0
202000019486;154 707 914;7;0;2;4;2;0
202000019486;154 707 915;7;0;2;8;2;0
202000019486;154 707 917;7;0;2;5;23;1
202000019486;154 707 919;7;14;0;1;21;1
202000019486;154 707 920;7;15;2;1;21;1
202000019487;154 707 909;7;0;1;2;1;1
202000019488;154 707 906;7;0;4;8;15;1
202000019488;154 707 908;40;0;2;1;1;3
202000019489;154 707 905;7;0;2;8;13;1
202000019489;154 707 907;7;0;2;7;1;1
202000019490;154 707 903;7;0;2;3;1;1
202000019490;154 707 904;7;0;2;3;13;1
202000019491;154 707 900;7;0;2;8;20;0
202000019491;154 707 902;2;0;2;7;1;1
202000019492;154 707 901;7;0;0;9;1;1
202000019493;154 707 898;7;0;2;2;13;1
202000019493;154 707 899;30;0;2;7;17;1
202000019494;154 707 896;7;0;2;5;13;1
202000019494;154 707 897;7;0;2;1;1;1
202000019495;154 707 894;33;0;2;1;15;1
202000019495;154 707 895;1;0;2;1;1;5
202000019496;154 707 889;7;0;2;4;1;1
202000019496;154 707 891;32;0;2;2;1;1
202000019496;154 707 892;7;0;2;2;1;1
202000019496;154 707 893;7;0;2;2;1;1
202000019497;154 707 888;7;0;2;1;2;1
202000019497;154 707 890;10;0;2;4;2;1
202000019498;154 707 887;33;0;0;7;1;1
202000019499;154 707 886;1;0;0;0;1;5
202000019500;154 707 884;7;0;2;4;2;1
202000019500;154 707 885;33;0;2;1;2;1
202000019501;154 707 882;7;0;2;3;15;1
202000019501;154 707 883;2;0;2;1;1;1
202000019502;154 707 880;10;0;2;1;0;1
202000019502;154 707 881;33;12;2;8;17;1
202000019503;154 707 879;40;0;1;2;26;3
202000019504;154 707 878;7;6;0;2;1;1
202000019505;154 707 877;1;0;0;0;21;5
202000019506;154 707 874;7;0;1;1;15;1
202000019507;154 707 875;7;0;2;8;15;1
202000019507;154 707 876;33;0;2;7;17;1
202000019508;154 707 871;1;0;2;4;15;5
202000019508;154 707 872;1;0;2;1;2;5
202000019509;154 707 870;7;0;2;3;1;0
202000019509;154 707 873;7;0;2;3;1;0
202000019510;154 707 868;7;0;1;4;4;1
202000019511;154 707 867;7;0;2;4;2;1
202000019511;154 707 869;2;0;2;1;2;1
202000019512;154 707 864;1;0;2;1;1;5
202000019512;154 707 866;7;0;2;0;1;1
202000019513;154 707 863;7;0;2;3;1;1
202000019513;154 707 865;7;0;2;3;1;1
202000019514;154 707 861;7;0;1;3;15;1
202000019515;154 707 860;7;0;2;0;1;1
202000019515;154 707 862;7;0;2;1;1;1
202000019516;154 707 855;7;0;2;0;1;1
202000019516;154 707 857;7;0;0;0;0;1
202000019516;154 707 858;7;0;0;0;0;1
202000019517;154 707 854;7;0;2;1;5;1
202000019517;154 707 856;7;0;2;6;1;1
202000019517;154 707 859;7;0;2;1;1;1
202000019518;154 707 852;7;0;2;1;1;1
202000019518;154 707 853;34;0;2;1;1;1
202000019519;154 707 851;7;2;0;3;0;1
202000019520;154 707 849;1;0;2;7;1;5
202000019520;154 707 850;7;0;2;7;1;1
202000019521;154 707 848;1;12;0;1;1;5
202000019522;154 707 847;30;0;0;0;0;1
202000019523;154 707 846;7;0;0;9;1;1
202000019524;154 707 845;1;0;2;0;9;5
202000019525;154 707 844;7;8;0;9;1;1
202000019526;154 707 843;30;0;0;0;0;0
202000019527;154 707 842;7;0;1;3;1;1
202000019528;154 707 839;7;0;2;1;9;1
202000019528;154 707 841;1;0;2;7;1;5
202000019529;154 707 837;34;0;2;3;18;1
202000019529;154 707 838;7;0;2;7;1;1
202000019530;154 707 836;7;0;2;5;16;1
202000019530;154 707 840;2;0;2;2;2;1
202000019531;154 707 834;7;2;0;8;1;0
202000019532;154 707 833;7;0;2;3;24;1
202000019532;154 707 835;7;1;0;2;1;1
202000019533;154 707 831;10;0;1;2;1;1
202000019534;154 707 829;7;0;2;1;26;6
202000019534;154 707 830;7;0;2;6;26;6
202000019535;154 707 825;10;0;2;4;1;1
202000019535;154 707 827;34;0;2;1;0;1
202000019535;154 707 828;7;0;2;1;0;1
202000019536;154 707 824;7;0;2;2;16;0
202000019536;154 707 826;7;8;1;1;1;0
202000019537;154 707 822;10;0;2;4;1;1
202000019537;154 707 823;33;0;2;1;2;1
202000019538;154 707 819;7;16;0;9;0;1
202000019539;154 707 818;7;0;2;1;1;1
202000019539;154 707 820;7;0;2;4;1;1
202000019539;154 707 821;7;0;2;4;1;1
202000019540;154 707 815;17;0;2;4;23;1
202000019540;154 707 817;7;0;2;1;1;1
202000019541;154 707 814;10;0;2;3;1;1
202000019541;154 707 816;10;0;2;3;13;1
202000019542;154 707 812;7;0;2;3;1;1
202000019542;154 707 813;7;0;2;3;1;1
202000019543;154 707 809;31;0;2;2;1;1
202000019543;154 707 811;7;0;2;3;1;1
202000019544;154 707 808;10;0;2;6;13;1
202000019544;154 707 810;10;0;2;8;1;1
202000019545;154 707 806;7;0;0;8;2;1
202000019546;154 707 805;7;0;0;1;1;0
202000019546;154 707 807;7;0;2;4;23;0
202000019547;154 707 801;7;0;2;2;12;1
202000019547;154 707 803;33;0;2;3;3;1
202000019547;154 707 804;7;0;2;2;1;6
202000019548;154 707 799;7;4;0;1;21;1
202000019549;154 707 798;17;4;0;1;1;1
202000019550;154 707 800;7;0;2;1;0;1
202000019550;154 707 802;7;0;2;7;9;1
202000019551;154 707 795;7;0;2;3;10;1
202000019551;154 707 796;43;0;2;2;17;1
202000019552;154 707 794;10;0;1;1;1;1
202000019553;154 707 791;50;0;2;4;1;3
202000019553;154 707 793;7;0;2;1;9;1
202000019554;154 707 790;1;0;2;3;18;5
202000019554;154 707 792;13;0;2;5;23;1
202000019555;154 707 789;7;13;0;2;1;1
202000019556;154 707 787;7;0;1;1;1;0
202000019557;154 707 786;7;0;2;3;15;0
202000019557;154 707 788;33;0;2;3;1;0
202000019558;154 707 784;33;0;2;9;1;1
202000019558;154 707 785;10;0;2;3;15;1
202000019559;154 707 782;7;0;2;1;2;0
202000019559;154 707 783;7;0;2;4;2;0
202000019560;154 707 780;33;0;1;2;1;0
202000019561;154 707 779;7;0;2;2;10;1
202000019561;154 707 781;7;0;2;1;1;1
202000019562;154 707 777;10;0;2;1;15;1
202000019562;154 707 778;7;0;2;3;2;1
202000019563;154 707 775;31;0;2;7;21;1
202000019563;154 707 776;7;0;2;8;1;1
202000019564;154 707 774;30;0;1;0;0;0
202000019565;154 707 772;32;0;1;1;1;1
202000019566;154 707 771;7;0;2;6;15;1
202000019566;154 707 773;33;0;2;2;16;1
202000019567;154 707 769;7;0;0;6;0;0
202000019567;154 707 770;7;1;0;2;0;0
202000019568;154 707 768;10;14;0;1;1;1
202000019569;154 707 766;7;0;2;0;0;1
202000019569;154 707 767;33;0;2;0;0;1
202000019570;154 707 765;10;0;1;1;26;1
202000019571;154 707 764;30;0;0;3;1;1
202000019572;154 707 761;7;0;2;1;13;1
202000019572;154 707 762;7;0;2;1;1;1
202000019573;154 707 759;7;0;2;3;23;1
202000019573;154 707 760;7;1;0;3;1;1
202000019574;154 707 757;99;0;0;1;26;1
202000019575;154 707 754;17;0;2;1;1;0
202000019575;154 707 756;7;0;2;1;1;0
202000019576;154 707 753;7;0;2;3;1;1
202000019576;154 707 755;50;0;2;1;19;3
202000019577;154 707 749;7;0;2;3;0;1
202000019577;154 707 750;7;0;2;8;21;1
202000019577;154 707 752;10;9;2;3;13;1
202000019578;154 707 748;7;0;2;8;1;1
202000019578;154 707 751;15;0;2;2;12;1
202000019579;154 707 744;50;0;2;8;1;3
202000019579;154 707 745;31;0;2;8;1;1
202000019579;154 707 747;7;0;2;8;15;1
202000019580;154 707 743;7;0;2;1;26;1
202000019580;154 707 746;7;0;2;3;26;1
202000019581;154 707 741;7;0;2;4;4;1
202000019581;154 707 742;1;0;2;1;1;5
202000019582;154 707 739;7;14;0;0;0;0
202000019582;154 707 740;1;14;2;8;14;5
202000019583;154 707 737;10;0;2;7;16;1
202000019583;154 707 738;80;0;2;8;1;3
202000019584;154 707 734;30;0;2;1;1;0
202000019584;154 707 735;1;0;2;8;15;5
202000019585;154 707 733;7;0;2;3;9;1
202000019585;154 707 736;7;0;2;1;1;1
202000019586;154 707 731;7;0;2;6;2;1
202000019586;154 707 732;31;0;2;1;2;1
202000019587;154 707 727;7;0;2;1;17;1
202000019587;154 707 729;7;0;2;8;2;1
202000019587;154 707 730;7;0;2;1;1;1
202000019588;154 707 726;30;0;2;1;1;1
202000019588;154 707 728;7;0;2;3;22;1
202000019589;154 707 723;7;0;2;1;1;1
202000019589;154 707 724;7;0;2;4;23;2
202000019590;154 707 719;7;0;2;3;15;1
202000019590;154 707 721;1;0;2;1;1;5
202000019591;154 707 718;7;0;2;6;13;1
202000019591;154 707 720;32;0;2;2;1;1
202000019592;154 707 716;10;0;2;6;23;1
202000019592;154 707 717;32;0;2;1;17;1
202000019593;154 707 711;7;0;2;6;23;1
202000019593;154 707 713;7;0;2;0;20;1
202000019593;154 707 715;1;0;2;2;17;5
202000019594;154 707 712;30;0;2;3;1;1
202000019594;154 707 714;7;0;2;5;16;1
202000019595;154 707 709;43;0;2;1;23;1
202000019595;154 707 710;7;0;2;0;9;1
202000019596;154 707 707;1;0;2;1;1;5
202000019596;154 707 708;7;0;2;6;15;1
202000019597;154 707 706;1;0;0;0;21;5
202000019598;154 707 703;2;0;2;2;1;1
202000019598;154 707 705;7;0;2;1;9;1
202000019599;154 707 704;1;0;1;1;1;5
202000019600;154 707 701;33;6;0;0;1;0
202000019601;154 707 700;37;0;2;6;13;0
202000019601;154 707 702;60;0;2;7;17;5
202000019602;154 707 697;30;0;2;1;2;1
202000019602;154 707 699;7;0;2;4;2;0
202000019603;154 707 698;30;0;9;3;1;1
202000019604;154 707 695;31;0;1;1;17;1
202000019605;154 707 696;7;1;0;3;1;1
202000019606;154 707 693;7;1;0;1;14;1
202000019607;154 707 691;1;0;0;1;21;5
202000019608;154 707 692;1;0;2;7;1;5
202000019608;154 707 694;7;0;2;2;9;1
202000019609;154 707 688;10;0;2;1;2;1
202000019609;154 707 689;7;15;2;4;2;1
202000019610;154 707 686;7;0;2;2;15;1
202000019610;154 707 687;34;0;2;3;16;1
202000019611;154 707 684;1;0;2;1;19;6
202000019611;154 707 685;7;0;2;0;19;0
202000019612;154 707 683;7;8;0;3;2;1
202000019613;154 707 681;14;0;1;8;1;1
202000019614;154 707 680;7;0;2;1;17;1
202000019614;154 707 682;1;0;2;8;15;0
202000019615;154 707 678;7;0;2;3;15;0
202000019615;154 707 679;33;0;2;1;1;0
202000019616;154 707 674;2;0;2;1;19;1
202000019616;154 707 675;10;0;2;3;1;3
202000019617;154 707 676;7;0;2;8;1;1
202000019617;154 707 677;14;0;2;2;14;1
202000019618;154 707 670;7;0;2;5;12;1
202000019618;154 707 673;34;0;2;7;1;1
202000019619;154 707 669;7;0;2;1;2;1
202000019619;154 707 671;7;0;2;4;2;1
202000019619;154 707 672;7;0;2;4;2;1
202000019620;154 707 668;31;0;1;1;1;1
202000019621;154 707 666;31;0;2;1;1;1
202000019621;154 707 667;7;0;2;2;1;1
202000019622;154 707 665;7;0;1;7;1;0
202000019623;154 707 662;10;0;2;3;15;1
202000019623;154 707 664;2;0;2;2;1;1
202000019624;154 707 661;30;0;0;0;1;1
202000019624;154 707 663;38;0;0;0;16;0
202000019625;154 707 660;7;0;0;9;1;1
202000019626;154 707 658;7;0;2;4;1;1
202000019626;154 707 659;7;0;2;1;1;2
202000019627;154 707 657;2;0;0;0;1;1
202000019628;154 707 655;7;0;2;7;15;0
202000019628;154 707 656;32;0;2;3;2;0
202000019629;154 707 652;7;0;2;4;4;1
202000019629;154 707 653;7;0;2;1;1;1
202000019630;154 707 651;32;0;2;8;1;1
202000019630;154 707 654;7;0;2;7;16;1
202000019631;154 707 650;7;14;0;1;26;1
202000019632;154 707 649;33;0;0;1;26;1
202000019633;154 707 647;10;0;2;8;16;1
202000019633;154 707 648;1;0;2;1;1;5
202000019634;154 707 644;7;0;1;3;1;1
202000019634;154 707 646;2;0;2;7;0;1
202000019635;154 707 643;7;0;2;3;15;1
202000019635;154 707 645;2;0;2;2;1;1
202000019636;154 707 641;7;0;2;1;9;1
202000019636;154 707 642;34;0;2;1;1;1
202000019637;154 707 640;7;0;1;1;1;1
202000019638;154 707 639;7;0;1;2;1;1
202000019639;154 707 637;80;0;2;8;19;3
202000019639;154 707 638;7;0;2;1;15;1
202000019640;154 707 636;7;0;1;2;19;1
202000019641;154 707 633;7;1;0;2;21;0
202000019642;154 707 634;7;0;2;7;15;1
202000019642;154 707 635;7;0;2;1;1;1
202000019643;154 707 630;33;0;2;7;1;0
202000019643;154 707 632;7;0;2;1;1;0
202000019644;154 707 629;50;0;2;0;0;3
202000019644;154 707 631;7;0;2;2;2;1
202000019645;154 707 627;60;0;0;0;26;5
202000019646;154 707 626;7;0;2;2;15;1
202000019646;154 707 628;7;0;2;1;1;1
202000019647;154 707 624;33;0;2;7;17;1
202000019647;154 707 625;7;0;2;8;15;1
202000019648;154 707 622;30;0;0;0;1;1
202000019649;154 707 621;3;0;2;8;1;1
202000019649;154 707 623;7;0;2;1;1;1
202000019650;154 707 620;1;0;0;0;1;5
202000019651;154 707 618;7;0;2;1;1;1
202000019651;154 707 619;7;0;2;4;9;1
202000019652;154 707 616;7;0;1;0;0;0
202000019653;154 707 613;50;0;2;1;0;3
202000019653;154 707 614;7;0;2;2;1;1
202000019654;154 707 611;33;0;2;1;1;1
202000019654;154 707 612;7;0;2;7;15;1
202000019655;154 707 615;30;0;2;1;1;1
202000019655;154 707 617;7;0;2;8;15;1
202000019656;154 707 609;10;0;9;4;2;1
202000019656;154 707 610;10;8;2;1;2;1
202000019657;154 707 608;7;0;1;2;16;0
202000019658;154 707 606;31;0;2;1;1;1
202000019658;154 707 607;7;0;2;8;9;1
202000019659;154 707 605;7;2;0;9;13;1
202000019660;154 707 603;17;2;0;1;0;1
202000019661;154 707 602;32;0;2;0;26;0
202000019661;154 707 604;7;14;0;4;0;0
202000019662;154 707 600;10;2;0;3;13;1
202000019663;154 707 599;7;0;2;1;1;1
202000019663;154 707 601;7;0;2;8;1;1
202000019664;154 707 598;7;0;1;2;1;1
202000019665;154 707 597;7;2;0;1;1;1
202000019666;154 707 594;7;13;0;9;2;1
202000019667;154 707 595;7;0;0;4;2;0
202000019667;154 707 596;7;0;2;1;2;0
202000019668;154 707 591;7;0;2;1;2;1
202000019668;154 707 592;7;0;2;4;2;1
202000019669;154 707 589;7;0;2;3;1;1
202000019669;154 707 590;7;0;2;3;1;1
202000019670;154 707 587;7;0;2;3;15;1
202000019670;154 707 588;33;0;2;7;17;1
202000019671;154 707 585;17;0;0;4;2;1
202000019671;154 707 586;10;0;2;1;2;1
202000019672;154 707 583;7;0;2;3;1;1
202000019672;154 707 584;7;0;2;3;1;1
202000019673;154 707 582;10;15;0;1;0;1
202000019674;154 707 593;7;6;0;1;1;0
202000019675;154 707 580;2;0;2;1;1;1
202000019675;154 707 581;7;0;2;2;17;3
202000019676;154 707 578;7;6;0;1;1;1
202000019677;154 707 576;7;0;2;3;13;1
202000019677;154 707 577;7;0;2;3;1;1
202000019678;154 707 579;40;0;1;7;1;3
202000019679;154 707 572;7;0;2;2;1;1
202000019679;154 707 573;7;0;2;1;4;1
202000019680;154 707 571;7;14;0;1;26;1
202000019681;154 707 569;7;0;2;1;1;1
202000019681;154 707 570;7;0;2;1;15;1
202000019682;154 707 567;7;0;2;4;20;1
202000019682;154 707 568;2;0;2;1;1;3
202000019683;154 707 574;7;0;2;1;1;1
202000019683;154 707 575;7;0;1;1;1;1
202000019684;154 707 565;7;0;2;5;2;1
202000019684;154 707 566;33;0;2;1;2;1
202000019685;154 707 562;7;0;2;8;11;1
202000019685;154 707 563;32;0;2;7;1;3
202000019686;154 707 560;7;0;2;6;15;1
202000019686;154 707 561;2;0;2;2;1;1
202000019687;154 707 559;32;12;0;2;16;1
202000019688;154 707 556;7;0;2;0;15;1
202000019688;154 707 557;7;0;2;3;1;1
202000019689;154 707 558;7;0;2;1;13;1
202000019689;154 707 564;10;0;2;1;1;1
202000019690;154 707 555;7;0;1;1;2;0
202000019691;154 707 553;7;0;2;4;2;1
202000019691;154 707 554;7;0;2;1;1;1
202000019692;154 707 552;30;0;1;1;1;1
202000019693;154 707 550;7;1;0;3;1;1
202000019694;154 707 548;7;0;2;8;15;0
202000019694;154 707 549;30;0;2;2;17;0
202000019695;154 707 547;32;4;0;1;1;0
202000019696;154 707 545;30;0;1;1;26;1
202000019697;154 707 544;3;8;0;9;2;0
202000019698;154 707 542;33;0;2;7;17;1
202000019698;154 707 543;7;0;2;3;13;1
202000019699;154 707 540;1;0;2;7;19;5
202000019699;154 707 541;7;0;2;1;1;1
202000019700;154 707 538;7;0;2;5;1;0
202000019700;154 707 539;10;0;2;1;1;0
202000019701;154 707 536;2;0;2;1;17;0
202000019701;154 707 537;7;0;2;3;15;6
202000019702;154 707 535;7;8;0;1;14;0
202000019703;154 707 546;7;0;2;6;1;1
202000019703;154 707 551;7;0;2;1;19;1
202000019704;154 707 533;10;6;0;1;17;0
202000019705;154 707 532;14;0;1;2;1;1
202000019706;154 707 530;7;0;2;3;1;1
202000019706;154 707 531;7;0;2;3;13;1
202000019707;154 707 534;36;0;0;9;1;1
202000019708;154 707 529;7;6;0;1;26;1
202000019709;154 707 526;7;0;2;1;1;1
202000019709;154 707 527;7;0;2;1;1;1
202000019710;154 707 523;7;0;2;7;1;1
202000019710;154 707 525;7;0;2;3;15;1
202000019711;154 707 521;2;0;2;1;1;1
202000019711;154 707 522;7;0;2;3;15;1
202000019712;154 707 519;7;0;0;4;15;1
202000019712;154 707 520;2;0;2;1;2;1
202000019713;154 707 516;7;0;2;7;17;1
202000019713;154 707 517;7;0;2;3;1;1
202000019713;154 707 518;7;0;2;1;1;1
202000019714;154 707 515;7;0;1;3;2;1
202000019715;154 707 514;7;0;1;1;1;1
202000019716;154 707 524;31;0;2;1;21;0
202000019716;154 707 528;0;0;0;6;10;0
202000019717;154 707 512;7;4;2;2;1;1
202000019717;154 707 513;7;3;0;6;1;1
202000019718;154 707 509;7;0;2;3;1;1
202000019718;154 707 510;7;3;2;3;17;1
202000019719;154 707 507;32;0;2;1;1;1
202000019719;154 707 508;7;0;0;0;0;0
202000019720;154 707 506;7;0;1;1;1;0
202000019721;154 707 511;7;4;0;3;13;1
202000019722;154 707 504;17;1;0;2;14;1
202000019723;154 707 502;7;0;2;1;1;1
202000019723;154 707 503;10;0;2;1;19;1
202000019724;154 707 500;7;15;0;1;2;1
202000019725;154 707 501;17;0;0;4;23;1
202000019725;154 707 505;17;0;2;1;2;1
202000019726;154 707 499;7;14;0;1;1;1
202000019727;154 707 496;33;0;2;1;2;1
202000019727;154 707 497;33;0;0;5;2;1
202000019728;154 707 495;1;0;0;0;1;5
202000019729;154 707 491;7;0;2;5;16;1
202000019729;154 707 492;1;0;2;1;1;5
202000019729;154 707 493;1;0;2;1;1;5
202000019729;154 707 494;1;0;2;1;1;5
202000019730;154 707 490;7;13;0;2;1;1
202000019731;154 707 489;7;0;1;1;1;1
202000019732;154 707 486;7;0;2;3;1;1
202000019732;154 707 487;7;0;2;3;1;1
202000019733;154 707 485;7;13;0;3;13;1
202000019734;154 707 484;33;13;0;1;1;1
202000019735;154 707 483;7;0;0;0;17;1
202000019736;154 707 481;33;0;0;3;23;1
202000019736;154 707 482;7;0;2;2;14;1
202000019737;154 707 480;36;13;0;2;1;1
202000019738;154 707 479;1;0;0;0;2;5
202000019739;154 707 488;7;0;2;1;9;1
202000019739;154 707 498;33;0;2;1;1;1
202000019740;154 707 476;7;2;0;1;14;1
202000019741;154 707 477;7;13;0;0;13;1
202000019741;154 707 478;14;0;9;3;1;1
202000019742;154 707 474;7;0;2;1;0;1
202000019742;154 707 475;7;0;2;1;0;1
202000019743;154 707 471;7;0;9;3;15;1
202000019743;154 707 472;50;0;2;1;1;3
202000019744;154 707 470;7;2;0;1;14;1
202000019745;154 707 473;7;15;0;2;1;1
202000019746;154 707 468;99;0;2;2;19;0
202000019746;154 707 469;30;0;2;1;1;0
202000019747;154 707 466;33;0;2;6;1;1
202000019747;154 707 467;7;0;2;3;15;1
202000019748;154 707 465;7;3;0;2;2;1
202000019749;154 707 463;2;0;9;1;17;1
202000019749;154 707 464;1;0;2;8;15;5
202000019750;154 707 462;2;0;0;0;1;1
202000019751;154 707 459;7;0;2;4;1;1
202000019751;154 707 460;7;0;2;4;2;1
202000019751;154 707 461;7;0;2;1;2;1
202000019752;154 707 457;7;0;2;4;1;6
202000019752;154 707 458;7;0;2;1;2;1
202000019753;154 707 455;17;0;2;3;1;1
202000019753;154 707 456;7;0;2;0;12;1
202000019754;154 707 453;7;0;2;6;1;1
202000019754;154 707 454;7;0;2;1;14;1
202000019755;154 707 448;7;0;2;1;2;1
202000019755;154 707 449;7;0;2;4;2;1
202000019755;154 707 450;7;0;2;4;2;1
202000019755;154 707 452;7;0;2;1;2;1
202000019756;154 707 445;7;0;2;1;1;1
202000019756;154 707 446;30;0;2;1;13;1
202000019757;154 707 444;7;0;1;1;1;1
202000019758;154 707 442;7;0;2;1;2;1
202000019758;154 707 443;17;0;2;4;2;1
202000019759;154 707 441;34;6;0;1;1;1
202000019760;154 707 440;7;4;0;2;15;1
202000019761;154 707 438;7;0;2;3;1;1
202000019761;154 707 439;7;0;2;6;13;1
202000019762;154 707 436;7;0;2;8;19;6
202000019762;154 707 437;30;0;2;1;1;6
202000019763;154 707 434;30;0;2;1;1;1
202000019763;154 707 435;30;0;2;8;16;1
202000019764;154 707 432;7;0;2;1;19;1
202000019764;154 707 433;1;0;2;7;1;5
202000019765;154 707 451;7;13;0;1;11;1
202000019766;154 707 430;7;0;2;2;2;1
202000019766;154 707 431;10;0;2;3;2;1
202000019767;154 707 428;50;0;2;1;1;3
202000019767;154 707 429;7;0;2;3;16;1
202000019768;154 707 426;7;0;2;1;12;1
202000019768;154 707 427;7;0;2;4;1;1
202000019769;154 707 424;7;11;0;6;1;1
202000019770;154 707 423;99;0;2;6;9;0
202000019770;154 707 425;99;0;2;1;9;0
202000019771;154 707 422;33;15;0;1;1;1
202000019772;154 707 421;7;0;1;1;9;1
202000019773;154 707 419;7;0;2;3;13;1
202000019773;154 707 420;7;0;2;3;1;1
202000019774;154 707 418;7;3;0;7;14;1
202000019775;154 707 416;33;0;2;1;17;1
202000019775;154 707 417;7;0;0;6;15;1
202000019776;154 707 414;7;0;2;7;24;1
202000019776;154 707 415;7;1;1;2;14;1
202000019777;154 707 411;7;0;2;3;9;1
202000019777;154 707 413;2;0;0;7;0;1
202000019778;154 707 412;7;6;0;2;1;1
202000019779;154 707 410;2;0;0;8;1;1
202000019780;154 707 408;7;0;2;1;2;1
202000019780;154 707 409;7;0;0;4;1;1
202000019781;154 707 407;7;0;1;1;1;1
202000019782;154 707 405;7;6;2;2;15;1
202000019782;154 707 406;33;0;2;1;1;1
202000019783;154 707 403;2;0;2;1;1;1
202000019783;154 707 404;7;0;2;5;15;1
202000019784;154 707 402;7;2;0;1;1;1
202000019785;154 707 400;7;0;9;1;21;1