Num_Acc;id_vehicule;categorie_vehicule;obstacle_fixe;obstacle_mobile;point_choc_initial;manoeuvre_principale;motorisation
202000019786;154 707 398;7;0;1;3;15;1
202000019787;154 707 396;33;3;0;8;13;1
202000019787;154 707 397;33;0;0;0;26;1
202000019788;154 707 394;7;0;2;6;1;0
202000019788;154 707 395;31;0;2;3;1;1
202000019789;154 707 392;7;13;0;1;1;1
202000019790;154 707 391;13;0;0;1;23;1
202000019790;154 707 393;13;0;0;4;4;1
202000019791;154 707 390;7;2;0;1;26;1
202000019792;154 707 387;10;0;2;1;9;1
202000019792;154 707 389;7;0;0;7;26;1
202000019793;154 707 386;7;0;2;3;1;1
202000019793;154 707 388;37;0;2;8;9;1
202000019794;154 707 384;10;0;2;2;17;1
202000019794;154 707 385;17;0;0;6;1;6
202000019795;154 707 381;10;0;0;9;1;1
202000019796;154 707 377;15;0;2;4;1;1
202000019796;154 707 378;7;0;2;1;2;1
202000019797;154 707 371;7;0;0;4;2;1
202000019797;154 707 373;7;0;2;4;2;1
202000019797;154 707 374;7;0;2;1;2;1
202000019798;154 707 370;7;13;0;0;21;1
202000019798;154 707 372;7;0;2;3;1;1
202000019798;154 707 375;7;0;2;3;1;1
202000019798;154 707 376;7;0;2;3;13;1
202000019799;154 707 366;2;0;2;6;1;1
202000019799;154 707 368;7;0;2;2;1;1
202000019800;154 707 365;7;1;2;6;17;1
202000019800;154 707 367;7;12;2;1;2;1
202000019800;154 707 369;10;1;0;0;23;1
202000019801;154 707 363;7;0;1;1;19;1
202000019802;154 707 362;7;1;0;2;14;1
202000019803;154 707 360;31;0;2;3;1;1
202000019803;154 707 361;7;0;2;3;15;1
202000019804;154 707 358;7;0;2;1;1;1
202000019804;154 707 359;7;0;2;1;5;1
202000019805;154 707 357;7;3;0;1;1;1
202000019806;154 707 355;2;0;2;1;1;1
202000019806;154 707 356;7;0;2;1;15;1
202000019807;154 707 354;15;0;2;3;13;1
202000019807;154 707 364;7;0;2;7;1;1
202000019808;154 707 352;7;0;2;6;20;1
202000019808;154 707 353;7;0;2;2;17;1
202000019809;154 707 351;7;0;1;8;1;1
202000019810;154 707 349;7;0;0;4;2;6
202000019810;154 707 350;7;0;2;1;2;1
202000019811;154 707 347;1;0;2;4;1;0
202000019811;154 707 348;7;0;2;1;9;1
202000019812;154 707 346;7;0;1;2;1;1
202000019813;154 707 344;33;0;2;1;1;1
202000019813;154 707 345;7;0;2;7;1;1
202000019814;154 707 343;34;0;2;8;2;1
202000019815;154 707 341;99;0;2;4;2;0
202000019815;154 707 342;7;0;2;1;2;1
202000019816;154 707 339;7;0;2;2;19;1
202000019816;154 707 340;7;8;2;1;19;1
202000019817;154 707 338;7;8;0;1;15;1
202000019818;154 707 336;7;14;2;1;2;0
202000019818;154 707 337;7;14;2;4;23;0
202000019819;154 707 335;33;0;0;1;19;1
202000019820;154 707 332;7;0;2;4;23;1
202000019820;154 707 333;7;0;2;9;23;1
202000019820;154 707 334;7;0;2;1;2;1
202000019821;154 707 331;7;0;1;2;26;1
202000019822;154 707 330;7;0;1;8;16;1
202000019823;154 707 329;33;15;0;2;1;1
202000019824;154 707 327;33;0;2;1;0;1
202000019824;154 707 328;0;0;2;0;0;0
202000019825;154 707 326;7;0;1;3;20;1
202000019826;154 707 325;7;0;0;0;20;1
202000019827;154 707 323;7;0;2;1;1;1
202000019827;154 707 324;7;0;2;2;1;1
202000019828;154 707 322;7;13;0;1;13;1
202000019829;154 707 318;7;14;0;3;2;1
202000019829;154 707 319;10;0;2;1;0;1
202000019829;154 707 320;15;0;2;8;1;1
202000019829;154 707 321;7;0;2;7;14;1
202000019830;154 707 317;7;0;1;8;17;0
202000019831;154 707 315;33;0;2;1;2;1
202000019831;154 707 316;7;0;2;3;0;0
202000019832;154 707 313;7;0;9;2;17;1
202000019832;154 707 314;1;0;0;0;1;5
202000019833;154 707 312;7;0;1;1;1;1
202000019834;154 707 310;14;3;0;6;24;0
202000019834;154 707 311;10;1;0;2;2;1
202000019835;154 707 308;50;0;1;6;2;3
202000019835;154 707 309;7;0;2;0;2;1
202000019836;154 707 306;7;0;0;3;1;0
202000019836;154 707 307;7;0;0;2;13;0
202000019837;154 707 305;7;2;0;1;1;1
202000019838;154 707 303;7;0;2;3;1;1
202000019838;154 707 304;7;0;2;3;1;1
202000019839;154 707 302;7;0;1;1;1;1
202000019840;154 707 301;7;2;0;1;1;1
202000019841;154 707 298;7;0;2;1;11;1
202000019841;154 707 299;7;0;2;1;1;1
202000019841;154 707 300;7;0;2;1;1;1
202000019842;154 707 297;7;0;1;2;1;0
202000019843;154 707 295;15;0;2;5;19;1
202000019843;154 707 296;7;0;2;3;1;1
202000019844;154 707 293;7;0;0;3;1;6
202000019844;154 707 294;10;0;0;3;13;6
202000019845;154 707 292;7;13;0;7;1;1
202000019846;154 707 289;7;0;0;4;23;1
202000019846;154 707 290;7;0;0;4;23;1
202000019846;154 707 291;7;14;0;1;2;1
202000019847;154 707 287;7;0;2;1;19;6
202000019847;154 707 288;7;0;0;3;1;1
202000019848;154 707 285;80;0;2;1;16;3
202000019848;154 707 286;7;0;9;3;15;1
202000019849;154 707 283;7;0;2;3;13;1
202000019849;154 707 284;7;0;2;1;1;1
202000019850;154 707 281;2;0;2;1;1;1
202000019850;154 707 282;7;0;2;1;15;1
202000019851;154 707 279;10;0;2;8;1;1
202000019851;154 707 280;7;0;2;1;1;1
202000019852;154 707 277;7;0;2;2;1;1
202000019852;154 707 278;7;0;0;2;1;1
202000019853;154 707 276;2;7;0;3;6;1
202000019854;154 707 274;7;0;0;6;2;1
202000019854;154 707 275;2;0;2;1;2;1
202000019855;154 707 273;99;12;0;1;1;3
202000019856;154 707 271;1;0;2;1;1;5
202000019856;154 707 272;7;0;2;3;15;1
202000019857;154 707 270;7;3;0;3;0;1
202000019858;154 707 267;7;0;0;5;1;0
202000019858;154 707 268;7;0;2;1;1;0
202000019858;154 707 269;7;0;2;4;1;0
202000019859;154 707 265;7;6;2;0;1;0
202000019859;154 707 266;7;0;2;2;1;0
202000019860;154 707 264;7;3;0;2;0;1
202000019861;154 707 263;33;7;0;3;0;1
202000019862;154 707 261;17;0;0;6;2;1
202000019862;154 707 262;10;0;2;1;2;1
202000019863;154 707 260;17;0;1;3;1;6
202000019864;154 707 259;7;0;0;9;2;1
202000019865;154 707 258;7;0;1;4;20;1
202000019866;154 707 257;7;1;0;2;1;1
202000019867;154 707 256;7;0;1;3;1;1
202000019868;154 707 255;7;0;1;2;15;1
202000019869;154 707 253;7;0;2;2;10;1
202000019869;154 707 254;33;0;2;1;21;1
202000019870;154 707 252;7;3;0;1;11;1
202000019871;154 707 250;7;0;2;1;12;1
202000019871;154 707 251;7;0;2;6;1;1
202000019872;154 707 247;7;0;2;1;2;1
202000019872;154 707 248;7;0;2;4;2;1
202000019872;154 707 249;7;0;2;4;2;1
202000019873;154 707 244;10;0;2;4;2;1
202000019873;154 707 245;7;0;2;4;2;1
202000019873;154 707 246;7;0;2;1;2;1
202000019874;154 707 243;7;0;0;0;17;1
202000019875;154 707 240;7;0;2;2;12;1
202000019875;154 707 241;7;0;2;6;1;1
202000019875;154 707 242;7;0;2;3;1;1
202000019876;154 707 239;15;4;0;1;2;1
202000019877;154 707 238;7;0;1;6;1;1
202000019878;154 707 237;7;4;0;2;14;1
202000019879;154 707 236;7;7;0;1;0;1
202000019880;154 707 234;7;0;2;1;15;1
202000019880;154 707 235;7;0;2;3;1;1
202000019881;154 707 232;7;0;2;1;9;1
202000019881;154 707 233;7;0;9;4;9;1
202000019882;154 707 230;1;0;2;7;1;0
202000019882;154 707 231;7;0;9;3;9;1
202000019883;154 707 229;7;0;1;3;1;1
202000019884;154 707 228;7;15;0;1;1;1
202000019885;154 707 226;2;0;2;7;1;1
202000019885;154 707 227;7;0;2;1;1;1
202000019886;154 707 224;7;0;9;3;26;1
202000019886;154 707 225;1;0;2;1;1;5
202000019887;154 707 222;7;0;2;2;15;0
202000019887;154 707 223;7;0;2;1;1;0
202000019888;154 707 219;7;0;2;4;1;1
202000019888;154 707 220;7;14;0;6;1;1
202000019888;154 707 221;7;0;2;2;1;1
202000019889;154 707 218;7;8;0;1;1;1
202000019890;154 707 215;7;0;2;3;5;1
202000019890;154 707 216;7;0;2;3;2;1
202000019890;154 707 217;34;0;2;9;9;1
202000019891;154 707 213;7;0;2;4;4;1
202000019891;154 707 214;1;0;2;0;0;5
202000019892;154 707 211;7;0;2;2;15;
202000019892;154 707 212;30;0;2;7;1;
202000019893;154 707 209;7;12;0;6;2;1
202000019893;154 707 210;7;13;0;1;17;1
202000019894;154 707 208;31;0;2;1;1;1
202000019895;154 707 206;7;0;0;6;1;1
202000019895;154 707 207;7;4;0;1;19;1
202000019896;154 707 204;7;0;2;1;17;0
202000019896;154 707 205;3;0;2;1;1;0
202000019897;154 707 203;7;4;0;1;9;1
202000019898;154 707 201;2;0;2;2;1;0
202000019898;154 707 202;7;0;2;3;1;0
202000019899;154 707 199;7;0;2;8;15;1
202000019899;154 707 200;32;0;2;1;17;1
202000019900;154 707 197;37;0;2;3;13;1
202000019900;154 707 198;7;0;2;3;9;1
202000019901;154 707 195;7;0;2;5;16;1
202000019901;154 707 196;33;0;2;1;1;1
202000019902;154 707 194;7;2;1;2;1;1
202000019903;154 707 192;7;0;2;1;1;0
202000019903;154 707 193;7;0;2;3;1;0
202000019904;154 707 189;7;8;0;2;12;1
202000019905;154 707 187;7;0;0;4;23;1
202000019905;154 707 188;1;0;2;1;13;5
202000019906;154 707 186;10;0;1;6;4;1
202000019907;154 707 184;7;0;2;1;2;1
202000019907;154 707 185;7;0;2;4;23;1
202000019908;154 707 182;31;0;2;1;1;1
202000019908;154 707 183;7;0;2;3;9;1
202000019909;154 707 180;7;0;2;2;17;1
202000019909;154 707 181;7;0;2;8;15;1
202000019910;154 707 178;33;9;2;7;17;1
202000019910;154 707 179;30;0;2;8;26;1
202000019911;154 707 176;7;0;2;3;13;1
202000019911;154 707 177;7;0;2;1;1;1
202000019912;154 707 175;7;0;1;7;1;1
202000019913;154 707 173;33;0;2;1;1;1
202000019913;154 707 174;33;0;2;4;1;1
202000019914;154 707 172;7;0;1;3;1;2
202000019915;154 707 170;7;0;2;1;1;1
202000019915;154 707 171;7;0;2;1;13;1
202000019916;154 707 169;7;13;0;0;1;1
202000019917;154 707 168;7;2;0;9;1;1
202000019918;154 707 167;7;8;0;1;1;1
202000019919;154 707 163;33;0;0;0;1;1
202000019920;154 707 162;7;14;0;1;6;1
202000019921;154 707 159;7;0;2;2;5;1
202000019921;154 707 160;7;0;2;2;1;1
202000019921;154 707 161;2;0;2;2;21;1
202000019922;154 707 157;7;0;2;3;1;1
202000019922;154 707 158;1;0;2;1;1;5
202000019923;154 707 156;7;0;0;3;1;4
202000019924;154 707 154;7;4;2;1;2;1
202000019924;154 707 155;7;0;2;4;2;1
202000019925;154 707 152;7;0;2;1;1;1
202000019925;154 707 153;7;0;2;4;1;1
202000019926;154 707 150;40;0;2;3;1;3
202000019926;154 707 151;10;9;4;1;1;1
202000019927;154 707 148;7;0;2;3;1;1
202000019927;154 707 149;7;0;2;2;9;1
202000019928;154 707 146;7;0;2;5;17;1
202000019928;154 707 147;7;0;2;3;2;1
202000019929;154 707 144;7;0;2;3;15;1
202000019929;154 707 145;1;0;2;3;2;5
202000019930;154 707 143;7;0;1;1;1;1
202000019931;154 707 141;7;0;2;8;9;1
202000019931;154 707 142;2;0;2;1;1;1
202000019932;154 707 140;13;0;1;1;9;3
202000019933;154 707 139;10;0;1;2;1;0
202000019934;154 707 137;7;2;0;1;1;1
202000019935;154 707 133;7;0;2;4;1;1
202000019935;154 707 134;7;0;2;4;1;1
202000019935;154 707 135;7;0;2;4;1;1
202000019935;154 707 136;7;0;2;4;1;1
202000019936;154 707 131;7;0;2;1;1;1
202000019936;154 707 132;7;0;2;7;1;1
202000019937;154 707 129;7;0;2;3;15;1
202000019937;154 707 130;33;0;2;1;0;1
202000019938;154 707 127;7;0;2;1;13;0
202000019938;154 707 128;7;0;2;1;9;0
202000019939;154 707 125;7;0;2;3;1;1
202000019939;154 707 126;30;0;2;1;1;1
202000019940;154 707 122;7;0;2;5;17;1
202000019940;154 707 123;7;0;2;1;1;1
202000019940;154 707 124;7;4;0;3;1;1
202000019941;154 707 121;31;0;0;7;1;1
202000019942;154 707 120;7;8;0;1;1;1
202000019943;154 707 119;7;0;1;3;1;1
202000019944;154 707 117;7;0;2;3;26;1
202000019944;154 707 118;60;0;2;8;25;5
202000019945;154 707 115;30;0;2;4;23;1
202000019945;154 707 116;7;0;2;1;2;0
202000019946;154 707 113;32;0;2;2;1;1
202000019946;154 707 114;7;0;2;3;15;1
202000019947;154 707 111;30;0;2;7;1;1
202000019947;154 707 112;7;0;2;0;1;0
202000019948;154 707 109;7;0;2;1;1;1
202000019948;154 707 110;31;0;2;8;1;1
202000019949;154 707 108;7;0;1;3;1;1
202000019950;154 707 106;30;0;2;4;2;1
202000019950;154 707 107;7;0;2;4;23;1
202000019951;154 707 104;30;0;2;2;17;1
202000019951;154 707 105;7;0;2;3;1;2
202000019952;154 707 102;7;0;2;1;1;1
202000019952;154 707 103;7;0;2;4;2;1
202000019953;154 707 100;10;0;2;0;17;0
202000019953;154 707 101;80;0;2;8;1;3
202000019954;154 707 099;1;0;1;1;1;5
202000019955;154 707 097;7;0;2;3;9;3
202000019955;154 707 098;33;0;2;7;1;1
202000019956;154 707 095;50;0;2;3;7;3
202000019956;154 707 096;32;0;2;2;16;3
202000019957;154 707 093;7;0;2;1;1;0
202000019957;154 707 094;1;0;2;8;19;5
202000019958;154 707 091;43;0;0;0;0;1
202000019958;154 707 092;7;0;2;6;11;1
202000019959;154 707 089;30;0;2;1;23;1
202000019959;154 707 090;7;0;2;0;0;0
202000019960;154 707 087;7;0;2;1;0;0
202000019960;154 707 088;30;0;2;2;15;0
202000019961;154 707 086;7;0;1;4;15;1
202000019962;154 707 085;32;4;0;0;1;1
202000019963;154 707 082;7;0;2;7;15;0
202000019963;154 707 083;7;0;2;1;2;1
202000019963;154 707 084;2;0;2;1;2;1
202000019964;154 707 080;7;0;2;1;26;1
202000019964;154 707 081;7;0;0;4;1;1
202000019965;154 707 078;7;0;2;2;15;1
202000019965;154 707 079;33;0;2;3;2;1
202000019966;154 707 076;32;0;2;1;13;0
202000019966;154 707 077;7;0;2;8;9;0
202000019967;154 707 075;7;1;0;1;19;1
202000019968;154 707 073;2;0;2;3;2;1
202000019968;154 707 074;10;0;2;3;15;1
202000019969;154 707 072;7;0;1;1;1;0
202000019970;154 707 069;7;0;2;4;23;1
202000019970;154 707 070;7;0;2;4;23;1
202000019970;154 707 071;10;0;2;1;2;1
202000019971;154 707 067;30;3;0;4;23;0
202000019971;154 707 068;7;3;2;2;9;0
202000019972;154 707 065;30;0;2;7;15;1
202000019972;154 707 066;7;0;2;1;19;1
202000019973;154 707 064;31;12;0;8;1;1
202000019974;154 707 063;7;0;1;1;1;1
202000019975;154 707 061;7;8;2;2;19;0
202000019975;154 707 062;7;0;2;3;15;0
202000019976;154 707 059;60;0;2;4;1;5
202000019976;154 707 060;1;0;1;1;26;5
202000019977;154 707 057;7;0;2;3;1;1
202000019977;154 707 058;7;0;2;1;15;1
202000019978;154 707 055;1;0;2;8;19;0
202000019978;154 707 056;34;0;9;8;1;1
202000019979;154 707 053;7;0;2;2;2;1
202000019979;154 707 054;7;0;0;6;2;1
202000019980;154 707 052;7;0;1;2;1;1
202000019981;154 707 051;7;0;1;1;2;1
202000019982;154 707 049;7;0;2;1;1;0
202000019982;154 707 050;7;0;2;1;5;0
202000019983;154 707 047;7;0;2;1;1;1
202000019983;154 707 048;7;0;2;3;13;1
202000019984;154 707 045;7;0;2;8;11;1
202000019984;154 707 046;33;0;2;5;17;1
202000019985;154 707 044;33;0;2;0;0;1
202000019986;154 707 042;7;0;2;2;13;1
202000019986;154 707 043;7;0;2;1;1;1
202000019987;154 707 040;2;1;0;1;21;1
202000019987;154 707 041;2;0;2;6;24;1
202000019988;154 707 035;2;0;2;1;1;1
202000019988;154 707 036;2;0;2;1;1;1
202000019988;154 707 037;2;0;2;1;1;1
202000019988;154 707 038;2;0;2;1;1;0
202000019988;154 707 039;7;0;2;3;5;0
202000019989;154 707 034;7;0;1;0;0;1
202000019990;154 707 033;7;0;1;2;1;1
202000019991;154 707 031;1;0;0;1;1;5
202000019991;154 707 032;2;0;2;1;1;1
202000019992;154 707 029;2;0;2;1;1;1
202000019992;154 707 030;7;0;2;1;15;1
202000019993;154 707 027;7;0;2;2;15;0
202000019993;154 707 028;7;0;2;2;1;0
202000019994;154 707 025;7;0;2;1;13;1
202000019994;154 707 026;7;0;2;1;1;1
202000019995;154 707 024;7;2;0;2;14;1
202000019996;154 707 020;7;0;2;1;13;1
202000019996;154 707 021;7;0;2;1;23;1
202000019996;154 707 022;7;0;2;2;9;1
202000019997;154 707 018;7;0;2;8;15;1
202000019997;154 707 019;50;0;2;3;1;3
202000019998;154 707 016;7;0;1;2;1;1
202000019999;154 707 014;31;0;2;7;1;1
202000019999;154 707 015;7;0;2;2;15;1
202000020000;154 707 011;7;0;2;3;1;1
202000020000;154 707 012;7;0;2;1;1;1
202000020000;154 707 013;7;0;2;1;17;0
202000020001;154 707 009;21;0;0;4;2;1
202000020001;154 707 010;7;0;2;1;2;1
202000020002;154 707 008;33;13;0;3;1;1
202000020003;154 707 006;7;0;2;3;1;1
202000020003;154 707 007;7;0;2;3;1;1
202000020004;154 707 003;7;16;0;3;2;1
202000020005;154 706 999;14;0;2;2;1;1
202000020005;154 707 000;7;0;2;6;1;1
202000020005;154 707 001;10;0;2;1;1;1
202000020005;154 707 002;7;0;0;0;1;1
202000020006;154 706 998;7;0;1;1;1;1
202000020007;154 706 996;7;0;2;1;1;1
202000020007;154 706 997;13;0;2;8;19;1
202000020008;154 706 994;10;0;2;1;9;1
202000020008;154 706 995;33;0;2;5;1;1
202000020009;154 706 992;7;0;2;1;15;1
202000020009;154 706 993;32;0;2;8;1;1
202000020010;154 706 990;99;0;2;1;19;1
202000020010;154 706 991;7;0;2;5;19;1
202000020011;154 706 989;7;0;1;3;1;1
202000020012;154 706 985;7;0;2;4;2;1
202000020012;154 706 986;7;1;2;9;2;1
202000020012;154 706 987;7;1;0;9;2;1
202000020012;154 706 988;7;14;0;1;2;1
202000020013;154 706 983;2;0;2;6;1;1
202000020013;154 706 984;7;0;2;6;15;1
202000020014;154 706 981;34;0;2;2;17;1
202000020014;154 706 982;3;0;2;3;15;1
202000020015;154 706 979;33;0;2;1;3;1
202000020015;154 706 980;7;0;2;6;2;3
202000020016;154 706 978;7;9;0;1;9;1
202000020017;154 706 976;7;0;2;1;23;0
202000020017;154 706 977;7;14;0;1;13;0
202000020018;154 706 974;1;0;2;5;0;0
202000020018;154 706 975;3;0;2;1;1;0
202000020019;154 706 972;1;0;2;4;1;5
202000020019;154 706 973;7;0;2;4;9;1
202000020020;154 706 971;7;0;1;1;9;1
202000020021;154 706 969;30;0;2;1;0;1
202000020021;154 706 970;7;0;2;8;0;1
202000020022;154 706 967;7;0;2;1;1;0
202000020022;154 706 968;7;0;2;4;2;0
202000020023;154 706 966;10;1;0;2;14;1
202000020024;154 706 964;7;0;2;7;19;1
202000020024;154 706 965;50;0;2;1;1;3
202000020025;154 706 963;7;0;1;1;1;1
202000020026;154 706 962;7;0;1;2;1;1
202000020027;154 706 961;7;0;1;3;15;1
202000020028;154 706 959;10;8;2;1;13;1
202000020028;154 706 960;7;0;2;1;5;1
202000020029;154 706 958;7;0;1;2;21;1
202000020030;154 706 957;7;0;1;2;1;1
202000020031;154 706 955;7;0;9;1;19;1
202000020031;154 706 956;1;0;2;2;19;5
202000020032;154 706 954;7;0;1;1;1;1
202000020033;154 706 952;15;0;0;2;1;0
202000020033;154 706 953;7;1;0;4;23;0
202000020034;154 706 951;7;0;1;2;1;1
202000020035;154 706 950;7;0;1;0;16;1
202000020036;154 706 948;1;0;2;1;1;5
202000020036;154 706 949;7;0;2;2;15;1
202000020037;154 706 946;3;0;2;3;15;0
202000020037;154 706 947;7;0;2;2;1;1
202000020038;154 706 944;1;0;2;7;1;0
202000020038;154 706 945;7;0;2;1;9;1
202000020039;154 706 943;7;0;0;1;14;1
202000020040;154 706 941;15;0;2;7;12;1
202000020040;154 706 942;7;3;2;8;1;1
202000020041;154 706 938;7;0;2;5;2;1
202000020041;154 706 939;7;0;2;4;2;1
202000020041;154 706 940;7;0;2;1;2;0
202000020042;154 706 936;31;0;2;2;1;3
202000020042;154 706 937;1;0;2;1;1;5
202000020043;154 706 934;40;0;2;2;1;3
202000020043;154 706 935;1;0;4;1;1;5
202000020044;154 706 933;30;0;0;7;1;1
202000020045;154 706 932;7;0;1;1;1;1
202000020046;154 706 930;7;0;2;4;26;1
202000020046;154 706 931;1;0;2;1;1;5
202000020047;154 706 927;7;0;2;1;2;1
202000020047;154 706 928;30;0;2;0;0;1
202000020047;154 706 929;2;0;2;4;2;1
202000020048;154 706 926;7;0;1;1;15;1
202000020049;154 706 924;7;0;2;8;9;1
202000020049;154 706 925;99;0;2;0;0;0
202000020050;154 706 922;7;0;2;6;23;1
202000020050;154 706 923;2;1;0;2;2;1
202000020051;154 706 920;7;0;2;2;15;1
202000020051;154 706 921;7;0;2;1;1;1
202000020052;154 706 917;7;0;2;3;15;1
202000020052;154 706 918;7;1;2;8;21;1
202000020052;154 706 919;38;0;2;1;24;1
202000020053;154 706 914;7;0;2;8;23;1
202000020053;154 706 915;33;0;2;8;3;1
202000020053;154 706 916;7;0;2;3;13;1
202000020054;154 706 912;2;0;2;1;1;1
202000020054;154 706 913;2;0;2;7;19;1
202000020055;154 706 910;7;14;0;1;1;1
202000020055;154 706 911;7;0;2;4;23;1
202000020056;154 706 908;7;0;2;2;19;3
202000020056;154 706 909;7;0;2;3;1;0
202000020057;154 706 907;7;0;1;2;1;1
202000020058;154 706 905;30;0;2;8;0;1
202000020058;154 706 906;7;0;2;3;15;1
202000020059;154 706 904;7;0;1;1;1;1
202000020060;154 706 902;7;0;2;1;21;0
202000020060;154 706 903;33;0;2;4;15;0
202000020061;154 706 901;7;0;1;1;1;1
202000020062;154 706 900;7;0;1;8;26;3
202000020063;154 706 898;32;0;2;3;3;1
202000020063;154 706 899;7;0;2;5;12;1
202000020064;154 706 897;7;0;1;3;15;1
202000020065;154 706 895;7;0;2;2;1;1
202000020065;154 706 896;1;0;2;3;19;5
202000020066;154 706 893;1;0;2;7;1;5
202000020066;154 706 894;7;0;2;8;22;1
202000020067;154 706 891;33;0;2;1;1;1
202000020067;154 706 892;7;0;2;5;1;1
202000020068;154 706 889;10;0;2;2;16;1
202000020068;154 706 890;1;0;2;3;1;5
202000020069;154 706 888;7;0;1;7;1;1
202000020070;154 706 886;33;0;2;8;1;1
202000020070;154 706 887;1;0;2;7;12;5
202000020071;154 706 885;1;0;0;0;1;5
202000020072;154 706 883;1;0;2;1;19;5
202000020072;154 706 884;7;0;2;5;16;1
202000020073;154 706 881;10;0;2;3;15;1
202000020073;154 706 882;32;0;2;1;17;1
202000020074;154 706 879;7;0;2;2;1;1
202000020074;154 706 880;1;0;2;7;5;5
202000020075;154 706 876;7;0;2;1;1;1
202000020075;154 706 877;37;0;2;1;2;2
202000020075;154 706 878;7;0;2;2;16;1
202000020076;154 706 875;80;0;1;1;25;3
202000020077;154 706 873;7;0;2;3;14;1
202000020077;154 706 874;33;0;2;2;23;1
202000020078;154 706 872;30;0;1;1;16;1
202000020079;154 706 870;7;0;2;8;1;1
202000020079;154 706 871;33;0;2;1;1;1
202000020080;154 706 867;7;0;2;2;1;1
202000020080;154 706 868;30;0;2;1;1;1
202000020080;154 706 869;7;0;2;3;5;1
202000020081;154 706 865;30;0;0;0;0;1
202000020081;154 706 866;99;0;0;0;0;0
202000020082;154 706 864;7;0;1;1;1;6
202000020083;154 706 862;1;0;2;1;1;5
202000020083;154 706 863;1;0;2;1;13;5
202000020084;154 706 861;10;0;1;6;15;1
202000020085;154 706 860;7;1;0;1;26;1
202000020086;154 706 859;7;0;1;1;0;1
202000020087;154 706 857;7;8;0;8;15;1
202000020087;154 706 858;7;8;2;1;18;1
202000020088;154 706 855;33;0;2;2;17;0
202000020088;154 706 856;3;0;2;3;15;1
202000020089;154 706 854;7;0;1;1;1;0
202000020090;154 706 852;60;0;2;8;19;5
202000020090;154 706 853;7;0;2;7;16;0
202000020091;154 706 851;7;0;1;2;15;1
202000020092;154 706 849;10;0;9;2;0;1
202000020092;154 706 850;1;0;2;0;0;0
202000020093;154 706 848;99;0;1;3;1;1
202000020094;154 706 846;7;0;2;6;2;0
202000020094;154 706 847;7;0;2;5;2;0
202000020095;154 706 844;34;0;2;1;1;1
202000020095;154 706 845;7;0;2;5;15;1
202000020096;154 706 842;7;0;2;2;15;1
202000020096;154 706 843;7;0;2;3;1;1
202000020097;154 706 840;30;0;2;3;19;1
202000020097;154 706 841;30;0;2;2;26;0
202000020098;154 706 838;7;0;2;8;1;0
202000020098;154 706 839;13;0;2;1;15;0
202000020099;154 706 836;2;0;2;5;17;1
202000020099;154 706 837;10;0;2;6;13;1
202000020100;154 706 835;7;0;1;2;1;0
202000020101;154 706 834;7;6;0;2;2;1
202000020102;154 706 833;2;13;0;9;26;1
202000020103;154 706 832;31;6;0;1;1;1
202000020104;154 706 831;7;2;0;0;0;0
202000020105;154 706 830;7;13;0;1;17;1
202000020106;154 706 828;7;0;2;1;13;1
202000020106;154 706 829;7;0;2;8;15;1
202000020107;154 706 825;7;0;2;5;9;1
202000020107;154 706 826;7;0;2;2;1;1
202000020108;154 706 824;7;13;0;3;1;1
202000020109;154 706 823;7;6;9;3;0;1
202000020110;154 706 821;1;0;2;8;5;5
202000020110;154 706 822;10;0;9;3;1;1
202000020111;154 706 820;7;2;0;2;14;1
202000020112;154 706 818;21;0;0;0;17;1
202000020112;154 706 819;80;0;0;0;1;3
202000020113;154 706 817;7;0;1;0;15;0
202000020114;154 706 815;7;0;2;5;17;1
202000020114;154 706 816;2;3;2;0;2;1
202000020115;154 706 813;7;0;2;3;1;1
202000020115;154 706 814;7;0;2;3;1;1
202000020116;154 706 812;7;2;0;1;21;1
202000020117;154 706 811;7;17;0;1;1;1
202000020118;154 706 809;7;0;2;4;15;1
202000020118;154 706 810;10;0;2;3;1;1
202000020119;154 706 808;7;6;0;1;15;1
202000020120;154 706 806;7;0;2;3;15;1
202000020120;154 706 807;1;0;0;1;23;5
202000020121;154 706 804;7;0;2;1;1;1
202000020121;154 706 805;7;0;2;1;13;1
202000020122;154 706 802;7;0;9;2;11;1
202000020122;154 706 803;1;0;2;1;11;5
202000020123;154 706 800;1;0;2;1;1;5
202000020123;154 706 801;1;0;2;1;13;5
202000020124;154 706 799;3;6;0;1;14;1
202000020125;154 706 798;7;16;0;1;1;1
202000020126;154 706 796;7;0;0;8;19;1
202000020126;154 706 797;10;0;2;1;1;1
202000020127;154 706 793;7;0;2;1;1;1
202000020127;154 706 794;7;0;2;1;17;1
202000020127;154 706 795;7;0;2;1;1;1
202000020128;154 706 791;2;0;2;3;17;1
202000020128;154 706 792;7;0;0;6;15;1
202000020129;154 706 789;7;0;2;1;1;1
202000020129;154 706 790;7;0;2;3;13;1
202000020130;154 706 787;10;0;2;3;1;1
202000020130;154 706 788;7;0;2;6;9;1
202000020131;154 706 785;15;0;2;2;12;1
202000020131;154 706 786;7;1;2;6;1;1
202000020132;154 706 783;7;1;0;1;0;1
202000020132;154 706 784;10;0;2;4;0;1
202000020133;154 706 782;7;6;0;3;1;1