Num_Acc;id_vehicule;categorie_vehicule;obstacle_fixe;obstacle_mobile;point_choc_initial;manoeuvre_principale;motorisation
202000020134;154 706 781;7;0;1;3;1;1
202000020135;154 706 780;7;0;1;1;1;1
202000020136;154 706 778;10;0;2;8;15;1
202000020136;154 706 779;31;0;2;1;1;1
202000020137;154 706 776;7;0;2;5;20;1
202000020137;154 706 777;2;0;2;7;1;1
202000020138;154 706 774;7;0;2;1;1;1
202000020138;154 706 775;7;0;2;8;19;1
202000020139;154 706 773;33;0;0;8;21;6
202000020140;154 706 771;60;0;2;1;1;5
202000020140;154 706 772;7;0;2;3;1;1
202000020141;154 706 769;50;0;2;4;19;3
202000020141;154 706 770;7;0;2;4;1;1
202000020142;154 706 767;7;0;2;1;1;1
202000020142;154 706 768;50;0;2;7;19;3
202000020143;154 706 765;1;0;2;0;0;5
202000020143;154 706 766;7;0;2;2;2;1
202000020144;154 706 763;2;0;2;8;9;1
202000020144;154 706 764;34;0;2;1;1;1
202000020145;154 706 761;30;1;2;3;1;0
202000020145;154 706 762;10;0;2;2;20;0
202000020146;154 706 759;7;0;2;1;1;1
202000020146;154 706 760;7;0;2;8;1;1
202000020147;154 706 758;7;0;1;1;1;1
202000020148;154 706 757;33;0;1;1;1;0
202000020149;154 706 755;7;1;2;4;0;1
202000020149;154 706 756;7;1;0;1;0;1
202000020150;154 706 753;7;0;2;1;1;1
202000020150;154 706 754;2;0;2;4;1;1
202000020151;154 706 751;7;0;2;5;15;1
202000020151;154 706 752;2;0;2;1;1;0
202000020152;154 706 750;7;13;0;7;14;1
202000020153;154 706 749;10;1;0;1;14;1
202000020154;154 706 748;7;0;1;1;1;1
202000020155;154 706 746;7;0;1;1;1;1
202000020156;154 706 744;1;0;2;0;0;5
202000020156;154 706 745;7;0;2;0;14;1
202000020157;154 706 743;3;0;1;1;15;3
202000020158;154 706 738;10;0;2;1;1;1
202000020158;154 706 739;7;0;2;1;13;1
202000020158;154 706 740;10;0;2;2;2;1
202000020159;154 706 736;1;0;2;1;15;5
202000020159;154 706 737;7;0;2;1;15;1
202000020160;154 706 734;2;0;2;3;1;1
202000020160;154 706 735;7;0;2;3;13;1
202000020161;154 706 732;7;0;2;3;15;1
202000020161;154 706 733;33;0;2;1;1;1
202000020162;154 706 731;1;1;0;7;1;5
202000020163;154 706 728;21;0;2;3;1;1
202000020163;154 706 729;7;0;2;6;26;1
202000020163;154 706 730;2;0;2;1;17;1
202000020164;154 706 727;7;0;1;1;26;1
202000020165;154 706 726;7;0;1;2;1;1
202000020166;154 706 725;7;0;1;1;17;1
202000020167;154 706 723;7;0;2;8;20;1
202000020167;154 706 724;32;0;2;1;1;1
202000020168;154 706 721;7;0;9;5;2;1
202000020168;154 706 722;1;0;2;1;2;5
202000020169;154 706 719;7;0;2;3;15;0
202000020169;154 706 720;33;0;2;1;17;1
202000020170;154 706 717;7;0;2;1;1;1
202000020170;154 706 718;7;0;2;1;1;1
202000020171;154 706 716;7;15;0;1;15;1
202000020172;154 706 714;1;0;2;2;15;5
202000020172;154 706 715;7;0;2;1;2;1
202000020173;154 706 712;7;0;2;4;15;1
202000020173;154 706 713;7;0;2;1;2;1
202000020174;154 706 710;7;0;2;3;1;1
202000020174;154 706 711;7;0;2;3;1;1
202000020175;154 706 709;37;0;1;2;16;1
202000020176;154 706 707;7;0;2;0;1;1
202000020176;154 706 708;2;0;2;4;1;1
202000020177;154 706 705;7;0;2;1;1;1
202000020177;154 706 706;2;0;2;1;19;1
202000020178;154 706 704;30;0;0;7;0;1
202000020179;154 706 702;7;0;2;3;9;1
202000020179;154 706 703;33;0;2;1;1;1
202000020180;154 706 701;7;0;0;1;0;1
202000020181;154 706 699;7;0;2;4;1;1
202000020181;154 706 700;7;0;2;1;2;1
202000020182;154 706 697;33;0;2;1;1;0
202000020182;154 706 698;7;0;2;3;10;1
202000020183;154 706 695;33;8;2;3;5;0
202000020183;154 706 696;7;0;2;3;15;0
202000020184;154 706 693;7;0;2;6;1;3
202000020184;154 706 694;7;0;2;1;1;1
202000020185;154 706 690;7;0;2;8;1;1
202000020185;154 706 691;43;0;2;7;3;1
202000020185;154 706 692;32;0;2;7;11;1
202000020186;154 706 688;1;0;2;8;7;5
202000020186;154 706 689;7;0;2;7;1;1
202000020187;154 706 687;32;0;1;1;1;1
202000020188;154 706 685;7;0;2;0;16;1
202000020188;154 706 686;37;0;2;0;7;1
202000020189;154 706 684;1;0;1;7;25;5
202000020190;154 706 683;7;0;1;3;1;2
202000020191;154 706 681;31;0;2;1;1;0
202000020191;154 706 682;7;0;2;6;2;0
202000020192;154 706 678;33;0;2;1;17;1
202000020192;154 706 679;7;0;2;3;1;1
202000020192;154 706 680;7;0;2;1;1;1
202000020193;154 706 677;7;1;1;7;9;1
202000020194;154 706 676;7;0;1;3;1;1
202000020195;154 706 674;20;7;2;3;9;1
202000020195;154 706 675;20;7;2;5;1;1
202000020196;154 706 672;7;0;2;1;15;1
202000020196;154 706 673;32;0;2;7;1;1
202000020197;154 706 670;7;0;2;2;12;0
202000020197;154 706 671;32;0;2;8;1;0
202000020198;154 706 668;2;0;2;1;1;1
202000020198;154 706 669;7;0;2;8;15;1
202000020199;154 706 666;31;0;2;1;19;1
202000020199;154 706 667;7;0;2;2;16;1
202000020200;154 706 663;7;0;2;1;1;1
202000020200;154 706 664;7;0;2;9;23;1
202000020200;154 706 665;7;0;2;4;16;1
202000020201;154 706 661;7;0;2;0;15;1
202000020201;154 706 662;33;0;2;1;1;1
202000020202;154 706 659;7;0;2;3;1;1
202000020202;154 706 660;2;0;2;1;13;1
202000020203;154 706 658;7;15;0;9;1;1
202000020204;154 706 656;7;7;0;1;1;1
202000020205;154 706 654;10;0;2;1;26;1
202000020205;154 706 655;10;0;2;1;13;1
202000020206;154 706 653;0;0;0;0;26;0
202000020207;154 706 651;7;0;9;3;15;1
202000020207;154 706 652;1;0;2;2;1;5
202000020208;154 706 649;15;0;2;2;0;1
202000020208;154 706 650;1;0;2;0;0;0
202000020209;154 706 647;1;0;2;0;19;5
202000020209;154 706 648;7;0;2;1;1;1
202000020210;154 706 646;10;0;1;4;4;1
202000020211;154 706 643;7;0;2;6;1;1
202000020211;154 706 644;7;0;2;1;12;1
202000020211;154 706 645;7;0;2;4;1;1
202000020212;154 706 642;7;4;0;7;14;1
202000020213;154 706 640;7;0;2;3;1;1
202000020213;154 706 641;1;0;2;2;5;5
202000020214;154 706 638;1;0;2;6;1;5
202000020214;154 706 639;10;0;2;6;1;1
202000020215;154 706 637;1;0;1;1;16;5
202000020216;154 706 635;2;0;2;8;11;1
202000020216;154 706 636;7;0;2;8;1;1
202000020217;154 706 633;7;0;2;2;16;1
202000020217;154 706 634;30;0;2;1;18;1
202000020218;154 706 632;1;12;0;3;13;5
202000020219;154 706 630;7;1;2;0;0;0
202000020219;154 706 631;7;1;0;2;0;0
202000020220;154 706 629;2;0;1;8;1;0
202000020221;154 706 627;7;0;2;3;1;1
202000020221;154 706 628;7;0;2;2;1;1
202000020222;154 706 625;2;0;2;1;1;1
202000020222;154 706 626;10;0;2;3;16;1
202000020223;154 706 623;7;0;2;3;1;0
202000020223;154 706 624;7;0;2;4;1;1
202000020224;154 706 621;7;0;2;3;26;0
202000020224;154 706 622;7;0;2;3;0;0
202000020225;154 706 619;7;0;2;1;17;1
202000020225;154 706 620;7;0;2;1;1;1
202000020226;154 706 616;7;1;0;8;0;1
202000020226;154 706 617;7;0;2;2;0;1
202000020226;154 706 618;31;0;2;2;14;1
202000020227;154 706 614;10;0;2;8;1;0
202000020227;154 706 615;33;0;2;1;1;0
202000020228;154 706 612;10;14;2;1;1;0
202000020228;154 706 613;10;0;0;4;23;0
202000020229;154 706 610;15;0;2;7;9;0
202000020229;154 706 611;7;0;2;6;0;0
202000020230;154 706 608;30;0;2;1;1;1
202000020230;154 706 609;1;0;2;1;13;5
202000020231;154 706 607;7;2;0;2;1;1
202000020232;154 706 606;7;2;0;2;1;1
202000020233;154 706 605;7;8;0;2;1;1
202000020234;154 706 603;7;0;2;6;1;1
202000020234;154 706 604;7;0;2;1;1;1
202000020235;154 706 601;17;0;2;6;26;1
202000020235;154 706 602;33;0;2;2;17;1
202000020236;154 706 600;7;12;0;7;15;1
202000020237;154 706 598;60;0;1;8;19;5
202000020237;154 706 599;31;0;2;1;17;1
202000020238;154 706 596;33;0;2;7;1;1
202000020238;154 706 597;7;0;2;1;1;1
202000020239;154 706 595;7;13;0;3;1;1
202000020240;154 706 593;7;0;2;5;17;1
202000020240;154 706 594;31;0;2;4;1;1
202000020241;154 706 592;17;1;1;2;1;1
202000020242;154 706 591;7;0;0;9;1;1
202000020243;154 706 589;33;0;2;1;1;1
202000020243;154 706 590;7;0;2;3;19;1
202000020244;154 706 586;7;3;0;9;26;1
202000020245;154 706 585;7;5;0;3;26;1
202000020246;154 706 583;14;0;2;4;1;1
202000020246;154 706 584;10;0;2;1;26;1
202000020247;154 706 579;10;0;2;8;1;1
202000020247;154 706 580;7;0;2;6;1;1
202000020247;154 706 581;10;0;2;7;1;1
202000020247;154 706 582;7;0;2;3;3;1
202000020248;154 706 578;32;0;0;0;0;1
202000020249;154 706 577;7;0;1;5;16;1
202000020250;154 706 576;14;0;1;1;15;1
202000020251;154 706 575;10;0;1;1;15;1
202000020252;154 706 573;7;0;2;3;15;1
202000020252;154 706 574;7;0;2;1;17;1
202000020253;154 706 572;20;0;1;1;26;1
202000020254;154 706 571;7;0;1;1;13;1
202000020255;154 706 569;1;0;2;0;0;0
202000020255;154 706 570;7;0;2;3;15;0
202000020256;154 706 568;36;2;0;0;1;1
202000020257;154 706 567;33;0;0;7;21;1
202000020258;154 706 566;7;0;1;1;26;1
202000020259;154 706 565;7;6;0;1;13;0
202000020260;154 706 564;7;14;1;1;1;1
202000020261;154 706 562;7;0;0;0;10;1
202000020261;154 706 563;33;0;0;8;21;1
202000020262;154 706 560;7;0;2;3;26;1
202000020262;154 706 561;80;0;2;8;15;3
202000020263;154 706 559;1;0;1;1;1;5
202000020264;154 706 557;2;0;2;4;23;0
202000020264;154 706 558;7;0;2;1;2;1
202000020265;154 706 555;7;0;2;2;1;1
202000020265;154 706 556;1;0;2;1;19;5
202000020266;154 706 554;7;13;0;1;1;1
202000020267;154 706 553;7;0;1;7;1;1
202000020268;154 706 552;33;8;0;1;25;0
202000020269;154 706 550;7;0;2;2;1;1
202000020269;154 706 551;7;0;2;1;9;1
202000020270;154 706 548;7;0;2;1;16;1
202000020270;154 706 549;1;0;2;3;25;5
202000020271;154 706 546;7;0;2;2;15;1
202000020271;154 706 547;7;0;2;1;1;1
202000020272;154 706 545;15;0;1;1;1;1
202000020273;154 706 544;7;0;0;9;1;1
202000020274;154 706 542;31;0;2;9;13;1
202000020274;154 706 543;33;0;2;7;1;1
202000020275;154 706 540;7;0;2;1;2;1
202000020275;154 706 541;10;0;2;4;15;1
202000020276;154 706 539;7;0;1;1;1;1
202000020277;154 706 538;7;0;0;3;13;1
202000020278;154 706 537;33;0;2;1;1;1
202000020279;154 706 535;7;0;2;5;1;1
202000020279;154 706 536;7;0;2;1;2;1
202000020280;154 706 534;7;0;1;1;15;0
202000020281;154 706 532;2;0;2;1;17;1
202000020281;154 706 533;10;0;2;8;10;1
202000020282;154 706 531;30;0;0;0;21;1
202000020283;154 706 530;34;0;1;1;1;0
202000020284;154 706 528;7;0;2;1;0;1
202000020284;154 706 529;7;0;2;2;26;1
202000020285;154 706 527;7;1;0;2;1;1
202000020286;154 706 525;7;0;2;3;1;6
202000020286;154 706 526;30;0;2;1;26;0
202000020287;154 706 523;7;0;2;1;16;1
202000020287;154 706 524;2;0;2;1;23;1
202000020288;154 706 521;7;0;2;2;1;0
202000020288;154 706 522;1;0;2;8;1;0
202000020289;154 706 519;7;0;2;1;2;1
202000020289;154 706 520;17;0;0;4;2;1
202000020290;154 706 518;7;13;0;1;11;1
202000020291;154 706 517;7;13;0;1;5;1
202000020292;154 706 515;7;0;2;3;13;1
202000020292;154 706 516;7;0;2;3;1;1
202000020293;154 706 514;7;15;0;1;1;1
202000020294;154 706 513;7;13;0;1;1;1
202000020295;154 706 511;21;0;2;3;1;1
202000020295;154 706 512;36;0;2;8;1;1
202000020296;154 706 510;33;0;0;1;1;1
202000020297;154 706 509;7;0;9;1;1;1
202000020298;154 706 508;7;13;0;1;1;1
202000020299;154 706 504;7;0;2;3;1;1
202000020299;154 706 505;2;0;2;1;1;1
202000020299;154 706 506;7;0;0;3;2;1
202000020299;154 706 507;7;0;2;1;17;1
202000020300;154 706 502;7;0;2;8;9;0
202000020300;154 706 503;30;0;2;1;1;0
202000020301;154 706 500;7;0;2;3;16;1
202000020301;154 706 501;7;0;2;3;1;1
202000020302;154 706 499;7;0;1;2;1;1
202000020303;154 706 498;2;0;0;7;1;1
202000020304;154 706 497;7;3;0;1;14;1
202000020305;154 706 496;7;0;1;1;15;1
202000020306;154 706 495;31;0;0;0;16;1
202000020307;154 706 494;7;4;0;3;13;1
202000020308;154 706 493;30;1;0;1;18;1
202000020309;154 706 492;30;0;1;1;26;1
202000020310;154 706 490;31;0;2;7;17;1
202000020310;154 706 491;7;0;2;3;15;1
202000020311;154 706 489;33;0;0;0;26;1
202000020312;154 706 487;7;0;2;3;1;1
202000020312;154 706 488;33;0;2;1;17;1
202000020313;154 706 483;7;0;2;1;1;1
202000020313;154 706 484;7;0;2;6;15;1
202000020314;154 706 482;7;1;0;1;14;1
202000020315;154 706 481;7;15;0;1;14;1
202000020316;154 706 479;2;0;2;5;2;1
202000020316;154 706 480;7;0;2;2;19;1
202000020317;154 706 477;7;0;9;7;22;1
202000020317;154 706 478;50;0;2;1;18;3
202000020318;154 706 475;7;0;2;2;15;1
202000020318;154 706 476;99;9;2;3;1;0
202000020319;154 706 473;33;0;2;0;17;1
202000020319;154 706 474;7;0;0;0;0;1
202000020320;154 706 472;7;1;1;0;1;1
202000020321;154 706 471;33;13;0;1;1;1
202000020322;154 706 470;7;2;0;1;1;1
202000020323;154 706 469;33;3;0;2;14;1
202000020324;154 706 466;33;0;2;8;1;1
202000020324;154 706 467;7;0;2;1;1;1
202000020324;154 706 468;7;0;2;1;1;1
202000020325;154 706 465;33;15;0;1;0;1
202000020326;154 706 464;10;0;1;1;1;1
202000020327;154 706 463;2;0;0;0;0;0
202000020328;154 706 462;7;2;0;1;1;1
202000020329;154 706 460;7;0;2;1;2;1
202000020329;154 706 461;15;0;0;4;2;1
202000020330;154 706 459;7;12;0;1;15;1
202000020331;154 706 458;7;16;0;0;0;1
202000020332;154 706 457;7;6;0;2;10;0
202000020333;154 706 456;2;12;0;1;13;1
202000020334;154 706 455;7;0;0;1;1;1
202000020335;154 706 454;7;6;0;1;1;1
202000020336;154 706 452;7;0;2;3;1;1
202000020336;154 706 453;7;0;2;2;19;0
202000020337;154 706 451;10;6;0;3;13;1
202000020338;154 706 450;7;4;2;1;1;1
202000020339;154 706 449;7;0;0;9;1;1
202000020340;154 706 444;10;0;2;0;14;1
202000020340;154 706 445;7;0;2;4;1;1
202000020340;154 706 446;10;0;2;1;17;1
202000020340;154 706 447;7;0;2;4;1;1
202000020340;154 706 448;7;0;2;6;1;1
202000020341;154 706 443;10;0;1;1;26;1
202000020342;154 706 442;7;9;0;1;0;0
202000020343;154 706 438;1;0;2;1;2;5
202000020343;154 706 439;7;0;2;5;16;1
202000020344;154 706 437;7;0;1;2;1;1
202000020345;154 706 436;30;0;1;0;19;1
202000020346;154 706 434;33;0;2;1;21;1
202000020346;154 706 435;7;0;2;3;9;1
202000020347;154 706 432;1;0;2;1;1;0
202000020347;154 706 433;10;0;9;0;11;1
202000020348;154 706 431;7;0;1;2;1;1
202000020349;154 706 430;7;0;1;5;4;1
202000020350;154 706 428;10;0;2;1;1;1
202000020350;154 706 429;2;0;2;4;23;1
202000020351;154 706 426;50;0;2;1;9;3
202000020351;154 706 427;0;0;9;3;16;0
202000020352;154 706 425;7;0;1;8;1;0
202000020353;154 706 424;7;13;0;3;1;1
202000020354;154 706 423;33;13;0;1;1;1
202000020355;154 706 421;33;0;2;1;1;1
202000020355;154 706 422;7;0;2;2;5;1
202000020356;154 706 420;7;13;0;0;13;1
202000020357;154 706 418;2;0;2;1;1;0
202000020357;154 706 419;7;0;2;3;5;0
202000020358;154 706 417;7;2;0;1;1;1
202000020359;154 706 416;7;15;0;1;1;1
202000020360;154 706 415;7;8;0;1;0;1
202000020361;154 706 414;7;8;0;1;0;1
202000020362;154 706 412;7;0;2;1;17;1
202000020362;154 706 413;7;0;2;8;15;1
202000020363;154 706 410;7;0;2;4;4;1
202000020363;154 706 411;1;0;2;7;1;5
202000020364;154 706 407;2;0;2;1;13;1
202000020364;154 706 408;10;0;2;3;1;1
202000020365;154 706 405;7;0;2;8;1;1
202000020365;154 706 406;7;0;2;8;1;1
202000020366;154 706 404;7;2;0;1;26;1
202000020367;154 706 403;7;0;1;0;1;1
202000020368;154 706 402;7;0;0;1;0;1
202000020369;154 706 400;7;7;2;1;1;1
202000020369;154 706 401;7;7;2;1;5;1
202000020370;154 706 399;7;2;0;1;1;1
202000020371;154 706 397;7;0;2;3;13;1
202000020371;154 706 398;7;0;2;1;1;1
202000020372;154 706 395;7;0;0;4;15;1
202000020372;154 706 396;33;0;2;1;2;1
202000020373;154 706 393;34;0;2;2;17;1
202000020373;154 706 394;7;0;2;8;17;1
202000020374;154 706 392;7;15;0;3;1;1
202000020375;154 706 391;1;13;0;1;1;6
202000020376;154 706 390;17;16;0;7;17;1
202000020377;154 706 388;7;0;2;4;23;1
202000020377;154 706 389;7;1;0;1;2;1
202000020378;154 706 386;10;0;2;3;9;1
202000020378;154 706 387;33;0;2;9;17;1
202000020379;154 706 385;13;10;0;1;14;1
202000020380;154 706 383;7;0;2;7;26;1
202000020380;154 706 384;7;0;2;8;21;0
202000020381;154 706 381;7;0;2;1;1;1
202000020381;154 706 382;7;0;2;1;1;1
202000020382;154 706 379;7;2;2;3;12;1
202000020382;154 706 380;32;0;2;0;0;1
202000020383;154 706 378;1;0;9;0;26;6
202000020384;154 706 376;33;0;2;1;2;1
202000020384;154 706 377;7;0;2;4;23;1
202000020385;154 706 374;7;0;2;5;10;1
202000020385;154 706 375;7;0;2;3;9;1
202000020386;154 706 373;33;3;0;1;1;1
202000020387;154 706 372;30;0;0;7;0;1
202000020388;154 706 370;38;0;2;2;1;0
202000020388;154 706 371;7;0;2;4;13;1
202000020389;154 706 368;7;15;2;2;19;1
202000020389;154 706 369;7;0;2;1;1;1
202000020390;154 706 366;7;8;2;6;2;1
202000020390;154 706 367;7;0;2;2;2;1
202000020391;154 706 364;7;0;2;2;1;1
202000020391;154 706 365;2;0;2;8;9;1
202000020392;154 706 363;33;0;0;0;1;1
202000020393;154 706 361;60;0;2;8;1;5
202000020393;154 706 362;7;0;2;2;1;1
202000020394;154 706 359;7;0;2;1;15;1
202000020394;154 706 360;50;0;2;7;1;3
202000020395;154 706 358;7;3;0;1;1;1
202000020396;154 706 357;7;0;1;1;26;1
202000020397;154 706 354;33;0;2;4;23;1
202000020397;154 706 355;7;0;2;1;2;1
202000020397;154 706 356;7;0;2;4;0;1
202000020398;154 706 353;7;0;1;1;1;1
202000020399;154 706 352;10;0;1;1;9;1
202000020400;154 706 351;33;0;0;7;1;1
202000020401;154 706 349;7;0;2;1;19;1
202000020401;154 706 350;7;0;2;8;1;1
202000020402;154 706 347;10;0;2;8;10;0
202000020402;154 706 348;32;0;1;1;1;0
202000020403;154 706 345;10;0;2;1;19;1
202000020403;154 706 346;10;0;2;1;1;1
202000020404;154 706 343;7;8;1;2;2;1
202000020404;154 706 344;7;8;2;6;24;1
202000020405;154 706 341;7;0;2;8;10;1
202000020405;154 706 342;7;0;2;1;1;1
202000020406;154 706 340;7;2;0;2;14;1
202000020407;154 706 338;50;1;2;4;23;3
202000020407;154 706 339;10;0;2;2;1;1
202000020408;154 706 334;7;0;2;4;2;1
202000020408;154 706 335;7;0;2;1;2;1
202000020408;154 706 336;7;0;2;4;2;1
202000020408;154 706 337;7;0;2;4;2;1
202000020409;154 706 332;30;0;2;1;1;1
202000020409;154 706 333;10;0;2;3;1;0
202000020410;154 706 331;7;13;0;1;1;0
202000020411;154 706 329;2;0;2;1;17;1
202000020411;154 706 330;7;0;2;8;15;0
202000020412;154 706 328;2;11;0;2;1;1
202000020413;154 706 326;7;0;2;1;2;1
202000020413;154 706 327;7;0;2;4;2;1
202000020414;154 706 325;7;0;1;9;26;1
202000020415;154 706 324;7;0;1;1;1;1
202000020416;154 706 323;7;0;1;3;1;1
202000020417;154 706 322;7;0;1;1;2;0
202000020418;154 706 321;7;0;1;1;1;0
202000020419;154 706 319;30;0;2;7;17;1
202000020419;154 706 320;7;0;2;1;15;1
202000020420;154 706 318;7;0;1;1;1;1
202000020421;154 706 316;2;0;2;1;1;1
202000020421;154 706 317;13;0;2;1;15;1
202000020422;154 706 315;7;8;0;3;13;1
202000020423;154 706 314;31;0;0;9;0;1
202000020424;154 706 312;7;0;2;0;0;1
202000020424;154 706 313;7;0;2;0;0;1
202000020425;154 706 311;7;0;1;0;0;1
202000020426;154 706 309;7;0;2;2;1;1
202000020426;154 706 310;1;0;2;3;19;5
202000020427;154 706 307;7;0;2;5;23;1
202000020427;154 706 308;30;0;2;1;26;1
202000020428;154 706 306;30;0;1;1;17;1
202000020429;154 706 304;7;0;2;7;1;1
202000020429;154 706 305;32;0;2;1;10;1
202000020430;154 706 301;7;0;2;1;26;1
202000020430;154 706 302;7;0;2;1;1;1
202000020430;154 706 303;15;0;2;8;1;1
202000020431;154 706 299;37;0;2;1;1;1
202000020431;154 706 300;7;0;2;3;9;1
202000020432;154 706 297;7;0;2;6;15;1
202000020432;154 706 298;32;0;2;2;16;1
202000020433;154 706 295;7;0;2;1;19;1
202000020433;154 706 296;7;0;2;8;1;1
202000020434;154 706 294;7;0;1;1;26;1
202000020435;154 706 293;7;0;1;3;1;1
202000020436;154 706 291;7;0;2;1;1;1
202000020436;154 706 292;7;0;2;8;1;1
202000020437;154 706 289;7;0;2;1;2;1
202000020437;154 706 290;2;0;2;4;2;1
202000020438;154 706 288;7;0;1;2;1;1
202000020439;154 706 286;80;0;2;4;1;3
202000020439;154 706 287;7;0;2;1;9;1
202000020440;154 706 284;14;0;2;1;1;1
202000020440;154 706 285;7;8;2;6;16;1
202000020441;154 706 282;10;0;2;8;1;1
202000020441;154 706 283;33;0;2;1;1;1
202000020442;154 706 281;7;0;1;7;1;1
202000020443;154 706 279;17;0;2;7;1;0
202000020443;154 706 280;33;0;2;8;13;1
202000020444;154 706 278;7;0;1;1;21;1
202000020445;154 706 276;2;0;2;1;17;1
202000020445;154 706 277;7;0;2;0;0;1
202000020446;154 706 274;7;0;2;1;15;1
202000020446;154 706 275;7;0;2;1;21;1
202000020447;154 706 273;7;0;1;1;1;6
202000020448;154 706 271;7;0;2;1;1;0
202000020448;154 706 272;99;0;2;8;1;0
202000020449;154 706 270;10;8;0;0;2;1
202000020450;154 706 268;7;0;2;2;19;1
202000020450;154 706 269;7;0;2;3;1;0
202000020451;154 706 266;32;0;2;0;2;1
202000020451;154 706 267;7;0;2;0;15;1
202000020452;154 706 265;3;0;1;1;26;1
202000020453;154 706 263;7;0;2;1;11;0
202000020453;154 706 264;7;0;2;3;1;0
202000020454;154 706 262;7;0;1;2;19;1
202000020455;154 706 260;7;0;2;3;15;1
202000020455;154 706 261;34;0;2;1;1;1
202000020456;154 706 258;7;0;2;2;19;1
202000020456;154 706 259;32;0;2;7;17;1
202000020457;154 706 257;37;10;0;3;8;4
202000020458;154 706 256;7;6;0;1;1;1
202000020459;154 706 254;7;0;2;1;2;1
202000020459;154 706 255;7;0;2;4;2;1
202000020460;154 706 252;33;0;2;1;1;1
202000020460;154 706 253;7;0;2;6;11;1
202000020461;154 706 251;43;12;0;1;14;1
202000020462;154 706 250;37;0;1;5;1;2
202000020463;154 706 248;1;0;2;4;2;5
202000020463;154 706 249;7;0;2;3;2;1
202000020464;154 706 246;30;0;2;8;9;1
202000020464;154 706 247;10;0;2;5;1;1
202000020465;154 706 244;7;0;2;3;13;3
202000020465;154 706 245;32;0;2;5;1;1
202000020466;154 706 243;50;0;1;1;25;3
202000020467;154 706 241;33;0;2;6;15;1
202000020467;154 706 242;7;0;2;2;17;1
202000020468;154 706 239;2;0;2;7;16;1
202000020468;154 706 240;43;0;2;1;1;1
202000020469;154 706 238;7;6;0;1;16;1
202000020470;154 706 236;7;0;2;2;1;1
202000020470;154 706 237;7;0;2;1;5;1
202000020471;154 706 234;10;0;2;3;1;1
202000020471;154 706 235;1;0;2;5;1;5
202000020472;154 706 232;7;0;2;3;1;1
202000020472;154 706 233;50;0;2;2;19;3
202000020473;154 706 231;43;0;1;1;10;1
202000020474;154 706 229;2;0;2;7;17;1
202000020474;154 706 230;7;0;2;8;13;1
202000020475;154 706 227;7;0;2;2;2;0
202000020475;154 706 228;60;0;2;0;2;5
202000020476;154 706 226;31;0;0;2;26;1
202000020477;154 706 224;33;0;2;1;13;1
202000020477;154 706 225;10;0;2;1;1;1
202000020478;154 706 222;13;12;2;4;1;0
202000020478;154 706 223;1;12;0;4;1;0
202000020479;154 706 220;31;0;2;7;1;1
202000020479;154 706 221;7;0;0;0;0;0
202000020480;154 706 219;7;0;1;2;1;1
202000020481;154 706 217;7;0;2;1;1;0
202000020481;154 706 218;37;0;2;6;1;0
202000020482;154 706 216;7;0;1;3;15;1
202000020483;154 706 214;7;0;2;1;9;1
202000020483;154 706 215;7;0;2;4;23;1
202000020484;154 706 212;32;0;2;7;1;1
202000020484;154 706 213;3;0;2;1;9;1
202000020485;154 706 210;7;0;2;3;19;1
202000020485;154 706 211;32;0;2;2;0;1
202000020486;154 706 207;7;0;2;8;9;1
202000020486;154 706 208;7;0;2;1;2;1
202000020486;154 706 209;7;0;2;1;2;1
202000020487;154 706 206;32;12;0;3;16;0
202000020488;154 706 205;7;1;1;4;4;1
202000020489;154 706 204;7;0;1;2;15;1
202000020490;154 706 202;10;0;2;2;15;1
202000020490;154 706 203;7;0;2;3;26;1
202000020491;154 706 200;7;3;2;2;21;1
202000020491;154 706 201;7;0;2;0;9;1
202000020492;154 706 199;7;0;1;1;9;1
202000020493;154 706 197;7;0;2;1;26;1
202000020493;154 706 198;80;0;2;1;1;3
202000020494;154 706 195;7;0;2;6;1;1
202000020494;154 706 196;30;0;2;1;21;1
202000020495;154 706 194;7;0;1;3;1;1
202000020496;154 706 192;7;0;2;5;1;1
202000020496;154 706 193;7;0;2;1;16;1
202000020497;154 706 190;7;0;2;6;1;1
202000020497;154 706 191;33;0;2;2;14;1
202000020498;154 706 188;32;0;2;2;17;1
202000020498;154 706 189;7;0;2;3;15;1
202000020499;154 706 186;7;0;2;2;15;1
202000020499;154 706 187;7;0;2;3;1;1
202000020500;154 706 185;7;0;1;3;1;1
202000020501;154 706 183;7;0;2;3;1;0
202000020501;154 706 184;7;0;2;1;13;0
202000020502;154 706 181;7;0;2;2;1;1
202000020502;154 706 182;15;0;2;3;1;0
202000020503;154 706 180;7;0;1;1;1;1
202000020504;154 706 176;7;0;2;1;13;1
202000020504;154 706 177;7;0;2;1;1;1
202000020505;154 706 174;7;0;2;2;2;1
202000020505;154 706 175;1;0;0;4;1;5
202000020506;154 706 172;7;0;2;1;26;1
202000020506;154 706 173;7;0;0;4;23;1
202000020507;154 706 170;33;0;2;3;1;1
202000020507;154 706 171;7;0;0;5;15;1
202000020508;154 706 168;10;0;2;3;16;1