Num_Acc;id_vehicule;categorie_vehicule;obstacle_fixe;obstacle_mobile;point_choc_initial;manoeuvre_principale;motorisation
202000021194;154 704 928;7;0;2;2;15;1
202000021195;154 704 925;43;0;2;7;19;0
202000021195;154 704 926;10;0;2;1;19;0
202000021196;154 704 924;7;9;1;1;1;1
202000021197;154 704 923;7;0;1;1;16;1
202000021198;154 704 921;7;0;9;1;19;0
202000021198;154 704 922;1;0;2;7;1;5
202000021199;154 704 920;15;3;0;8;1;1
202000021200;154 704 918;1;0;2;2;21;5
202000021200;154 704 919;7;0;2;7;19;1
202000021201;154 704 916;1;0;2;8;13;5
202000021201;154 704 917;33;0;9;7;1;1
202000021202;154 704 914;7;0;2;5;15;1
202000021202;154 704 915;33;0;2;4;1;1
202000021203;154 704 912;7;0;2;1;13;1
202000021203;154 704 913;15;0;2;3;1;1
202000021204;154 704 911;10;2;0;1;13;1
202000021205;154 704 909;7;0;2;3;9;1
202000021205;154 704 910;7;0;2;1;21;1
202000021206;154 704 908;7;15;0;1;1;1
202000021207;154 704 906;7;0;2;3;13;1
202000021207;154 704 907;15;0;2;3;1;1
202000021208;154 704 905;7;3;0;1;0;1
202000021209;154 704 904;7;6;0;3;1;1
202000021210;154 704 902;10;8;2;2;1;1
202000021210;154 704 903;7;0;2;2;15;1
202000021211;154 704 900;7;0;2;2;17;1
202000021211;154 704 901;7;0;0;3;15;1
202000021212;154 704 899;7;13;0;3;1;1
202000021213;154 704 898;7;13;0;9;13;1
202000021214;154 704 897;7;16;0;9;1;1
202000021215;154 704 896;7;2;0;1;13;1
202000021216;154 704 894;7;0;2;1;1;1
202000021216;154 704 895;7;0;2;8;1;1
202000021217;154 704 891;7;0;1;3;1;0
202000021218;154 704 889;7;0;2;2;15;1
202000021218;154 704 890;10;0;2;2;1;1
202000021219;154 704 887;7;0;2;1;1;1
202000021219;154 704 888;7;0;2;1;1;1
202000021220;154 704 885;10;0;2;2;1;1
202000021220;154 704 886;1;0;2;1;1;5
202000021221;154 704 880;7;0;2;4;2;1
202000021221;154 704 881;7;0;2;1;2;1
202000021221;154 704 882;7;0;2;1;2;1
202000021222;154 704 879;7;13;6;9;0;0
202000021223;154 704 877;15;0;0;4;2;1
202000021223;154 704 878;7;3;2;1;2;1
202000021224;154 704 874;7;14;2;1;1;0
202000021224;154 704 875;7;0;2;4;2;0
202000021224;154 704 876;7;0;0;4;2;0
202000021225;154 704 872;7;0;2;3;1;1
202000021225;154 704 873;7;0;2;3;17;1
202000021226;154 704 870;7;0;2;3;5;0
202000021226;154 704 871;15;0;2;3;1;1
202000021227;154 704 868;7;0;2;1;1;1
202000021227;154 704 869;7;0;2;1;1;1
202000021228;154 704 867;31;13;0;1;1;1
202000021229;154 704 865;14;0;2;8;19;1
202000021229;154 704 866;33;0;2;1;17;1
202000021230;154 704 863;7;0;2;2;2;1
202000021230;154 704 864;7;0;0;6;15;1
202000021231;154 704 862;7;13;0;3;13;1
202000021232;154 704 861;3;8;0;3;2;1
202000021233;154 704 856;7;0;2;7;1;1
202000021233;154 704 857;7;3;1;1;14;1
202000021234;154 704 854;7;4;2;2;11;1
202000021234;154 704 855;10;0;2;2;1;1
202000021235;154 704 852;7;0;2;6;2;1
202000021235;154 704 853;33;0;2;1;9;1
202000021236;154 704 849;7;0;2;4;2;1
202000021236;154 704 850;7;0;2;4;2;1
202000021236;154 704 851;10;0;2;1;2;1
202000021237;154 704 846;10;0;2;4;2;1
202000021237;154 704 847;7;0;2;5;2;1
202000021237;154 704 848;7;0;2;1;11;1
202000021238;154 704 844;10;0;2;4;23;1
202000021238;154 704 845;10;1;0;1;2;1
202000021239;154 704 842;7;0;2;1;1;1
202000021239;154 704 843;7;0;2;4;23;1
202000021240;154 704 840;7;0;2;3;1;1
202000021240;154 704 841;33;0;2;7;10;1
202000021241;154 704 839;99;0;1;3;1;1
202000021242;154 704 838;7;0;1;1;9;1
202000021243;154 704 837;30;0;0;7;15;1
202000021244;154 704 836;0;0;1;0;0;0
202000021245;154 704 835;99;0;1;1;1;3
202000021246;154 704 834;31;0;0;3;26;1
202000021247;154 704 832;13;0;2;3;1;1
202000021247;154 704 833;7;0;2;3;19;1
202000021248;154 704 830;7;0;2;1;25;0
202000021248;154 704 831;1;0;2;7;1;5
202000021249;154 704 828;7;0;2;2;16;1
202000021249;154 704 829;80;0;2;1;25;3
202000021250;154 704 827;2;0;0;7;1;1
202000021251;154 704 825;30;0;2;1;15;1
202000021251;154 704 826;7;0;2;1;1;1
202000021252;154 704 823;7;0;2;3;15;1
202000021252;154 704 824;33;0;2;1;17;1
202000021253;154 704 821;1;0;2;8;0;5
202000021253;154 704 822;7;0;9;1;16;1
202000021254;154 704 819;10;0;2;6;10;1
202000021254;154 704 820;33;0;2;1;1;1
202000021255;154 704 817;33;0;2;0;0;1
202000021255;154 704 818;7;0;2;3;13;1
202000021256;154 704 815;7;8;0;1;1;1
202000021256;154 704 816;7;0;0;0;0;0
202000021257;154 704 813;2;0;2;7;1;1
202000021257;154 704 814;7;0;2;1;20;1
202000021258;154 704 811;40;0;2;2;1;3
202000021258;154 704 812;1;0;4;1;19;5
202000021259;154 704 809;7;0;2;3;24;1
202000021259;154 704 810;1;1;0;2;1;5
202000021260;154 704 807;7;0;2;4;1;1
202000021260;154 704 808;2;0;2;1;1;1
202000021261;154 704 805;1;0;2;3;15;5
202000021261;154 704 806;7;0;2;2;17;1
202000021262;154 704 804;7;1;0;2;1;1
202000021263;154 704 802;2;0;2;1;1;1
202000021263;154 704 803;7;0;2;2;13;1
202000021264;154 704 800;7;0;2;1;2;1
202000021264;154 704 801;7;0;2;4;2;1
202000021265;154 704 799;2;0;0;8;1;1
202000021266;154 704 797;7;0;2;7;1;1
202000021266;154 704 798;7;0;2;1;19;1
202000021267;154 704 795;1;0;2;1;2;5
202000021267;154 704 796;7;0;2;4;1;1
202000021268;154 704 793;7;0;2;3;13;0
202000021268;154 704 794;10;0;2;6;26;0
202000021269;154 704 791;7;0;2;2;1;1
202000021269;154 704 792;10;0;2;3;15;1
202000021270;154 704 789;7;0;2;0;0;1
202000021270;154 704 790;2;0;2;8;0;1
202000021271;154 704 787;7;0;2;7;23;1
202000021271;154 704 788;33;0;2;1;1;1
202000021272;154 704 785;7;0;2;2;1;1
202000021272;154 704 786;30;0;2;1;1;1
202000021273;154 704 784;34;14;0;0;1;1
202000021274;154 704 780;7;0;2;3;16;1
202000021274;154 704 781;7;0;2;2;1;1
202000021275;154 704 778;7;0;2;2;14;1
202000021275;154 704 779;33;0;2;1;7;1
202000021276;154 704 776;33;0;2;1;9;1
202000021276;154 704 777;7;0;2;3;9;1
202000021277;154 704 774;33;0;2;1;2;1
202000021277;154 704 775;13;0;2;4;2;1
202000021278;154 704 772;7;0;2;1;2;1
202000021278;154 704 773;10;0;2;4;2;1
202000021279;154 704 770;7;0;2;1;2;1
202000021279;154 704 771;7;0;0;4;2;0
202000021280;154 704 768;7;0;2;1;16;1
202000021280;154 704 769;1;0;2;1;1;0
202000021281;154 704 766;7;0;2;1;15;1
202000021281;154 704 767;32;0;2;1;1;1
202000021282;154 704 764;7;0;2;4;2;1
202000021282;154 704 765;33;0;2;1;18;1
202000021283;154 704 762;7;0;2;3;9;0
202000021283;154 704 763;30;0;2;2;1;1
202000021284;154 704 760;7;0;2;1;15;1
202000021284;154 704 761;2;0;2;1;1;1
202000021285;154 704 758;34;0;2;1;1;1
202000021285;154 704 759;7;0;2;1;10;1
202000021286;154 704 756;7;0;2;8;22;1
202000021286;154 704 757;1;1;0;1;1;5
202000021287;154 704 755;7;0;1;1;1;1
202000021288;154 704 753;10;0;2;0;1;1
202000021288;154 704 754;1;0;2;1;1;5
202000021289;154 704 752;7;8;0;1;2;1
202000021290;154 704 751;33;0;0;0;1;1
202000021291;154 704 750;7;8;0;1;16;1
202000021292;154 704 749;7;0;1;1;1;1
202000021293;154 704 748;0;0;1;0;0;0
202000021294;154 704 745;7;0;;4;1;0
202000021294;154 704 746;7;0;2;2;1;0
202000021294;154 704 747;7;0;2;1;1;0
202000021295;154 704 743;10;0;2;3;9;1
202000021295;154 704 744;30;0;2;7;1;1
202000021296;154 704 741;7;0;2;2;12;1
202000021296;154 704 742;34;0;2;1;1;1
202000021297;154 704 740;31;0;0;8;1;1
202000021298;154 704 738;7;4;2;6;17;1
202000021298;154 704 739;7;0;2;1;13;1
202000021299;154 704 736;1;0;2;3;1;5
202000021299;154 704 737;14;0;2;7;16;6
202000021300;154 704 734;31;0;2;7;17;1
202000021300;154 704 735;7;0;2;2;15;1
202000021301;154 704 732;7;0;2;3;17;1
202000021301;154 704 733;43;0;2;1;15;1
202000021302;154 704 731;7;14;0;2;14;1
202000021303;154 704 729;7;0;2;2;16;1
202000021303;154 704 730;50;0;2;3;7;3
202000021304;154 704 728;7;0;1;8;16;1
202000021305;154 704 727;1;0;0;1;1;5
202000021306;154 704 726;30;0;1;4;1;3
202000021307;154 704 725;1;0;1;1;5;5
202000021308;154 704 723;7;0;2;1;1;1
202000021308;154 704 724;7;0;2;2;15;1
202000021309;154 704 721;10;0;2;8;22;1
202000021309;154 704 722;1;0;2;2;1;5
202000021310;154 704 719;30;0;2;1;15;1
202000021310;154 704 720;7;0;2;7;7;1
202000021311;154 704 717;1;0;2;7;1;5
202000021311;154 704 718;7;0;2;1;1;3
202000021312;154 704 715;1;0;2;8;1;5
202000021312;154 704 716;7;0;2;2;16;1
202000021313;154 704 713;2;0;2;8;9;1
202000021313;154 704 714;34;0;2;1;1;1
202000021314;154 704 712;7;1;0;1;13;1
202000021315;154 704 710;7;0;2;6;1;1
202000021315;154 704 711;33;0;2;4;23;1
202000021316;154 704 709;50;12;0;1;14;3
202000021317;154 704 707;10;0;2;2;0;0
202000021317;154 704 708;7;0;2;1;1;0
202000021318;154 704 705;31;0;2;8;26;1
202000021318;154 704 706;7;0;2;0;21;1
202000021319;154 704 703;7;0;2;1;1;1
202000021319;154 704 704;7;0;2;1;1;1
202000021320;154 704 701;30;0;2;8;13;1
202000021320;154 704 702;10;0;2;2;16;1
202000021321;154 704 699;1;0;2;1;2;6
202000021321;154 704 700;7;14;0;4;2;1
202000021322;154 704 697;1;0;0;3;9;5
202000021322;154 704 698;34;0;0;2;1;1
202000021323;154 704 694;7;0;2;4;2;0
202000021323;154 704 695;7;12;2;4;2;0
202000021323;154 704 696;7;12;2;4;2;0
202000021324;154 704 692;7;0;2;1;2;1
202000021324;154 704 693;7;0;2;4;23;1
202000021325;154 704 691;50;0;0;1;1;3
202000021326;154 704 689;7;0;2;3;9;1
202000021326;154 704 690;30;0;2;1;1;1
202000021327;154 704 687;30;0;2;1;1;1
202000021327;154 704 688;7;0;2;4;1;1
202000021328;154 704 685;30;0;2;5;17;1
202000021328;154 704 686;7;0;2;6;1;1
202000021329;154 704 683;0;0;2;2;17;0
202000021329;154 704 684;7;0;2;3;15;1
202000021330;154 704 681;7;0;2;3;20;1
202000021330;154 704 682;34;0;2;2;1;1
202000021331;154 704 680;7;12;0;1;6;1
202000021332;154 704 678;7;0;2;3;13;1
202000021332;154 704 679;7;0;2;3;1;1
202000021333;154 704 676;7;0;2;3;1;0
202000021333;154 704 677;7;0;2;3;13;0
202000021334;154 704 674;7;8;0;0;0;1
202000021334;154 704 675;7;13;0;1;0;1
202000021335;154 704 673;33;0;0;3;1;1
202000021336;154 704 671;33;0;2;1;1;1
202000021336;154 704 672;7;0;2;3;15;1
202000021337;154 704 670;7;8;0;2;1;1
202000021338;154 704 665;7;0;2;7;26;1
202000021338;154 704 666;7;0;2;1;1;1
202000021339;154 704 664;33;8;0;1;0;1
202000021340;154 704 662;33;0;2;1;17;1
202000021340;154 704 663;7;0;0;8;15;1
202000021341;154 704 659;7;0;2;1;1;1
202000021341;154 704 660;7;0;2;1;21;1
202000021341;154 704 661;7;0;2;8;1;1
202000021342;154 704 658;7;0;1;1;1;0
202000021343;154 704 656;21;0;2;3;15;1
202000021343;154 704 657;33;13;2;1;17;1
202000021344;154 704 655;7;2;0;2;2;1
202000021345;154 704 654;33;0;0;0;1;1
202000021346;154 704 653;7;0;1;1;1;0
202000021347;154 704 651;38;0;2;3;13;1
202000021347;154 704 652;2;0;2;1;1;1
202000021348;154 704 650;7;0;1;1;1;1
202000021349;154 704 649;33;15;9;1;14;1
202000021350;154 704 641;7;0;0;1;1;1
202000021350;154 704 642;7;0;0;8;1;1
202000021350;154 704 643;7;0;0;1;1;1
202000021351;154 704 639;7;0;2;8;0;0
202000021351;154 704 640;7;0;2;3;1;0
202000021352;154 704 638;7;8;0;1;1;1
202000021353;154 704 637;7;0;2;2;1;1
202000021353;154 704 648;30;0;2;8;15;1
202000021354;154 704 635;7;0;2;2;15;1
202000021354;154 704 636;1;0;2;1;1;5
202000021355;154 704 632;7;0;2;9;1;1
202000021355;154 704 633;7;0;2;9;1;1
202000021355;154 704 634;10;5;2;9;1;1
202000021356;154 704 630;33;0;0;1;1;0
202000021357;154 704 628;7;0;2;3;13;0
202000021357;154 704 629;7;0;2;3;23;0
202000021358;154 704 627;10;0;1;4;4;0
202000021359;154 704 625;7;0;2;1;2;1
202000021359;154 704 626;1;0;0;4;1;5
202000021360;154 704 631;7;2;0;1;17;1
202000021361;154 704 622;7;0;2;5;17;1
202000021361;154 704 623;80;0;2;8;1;3
202000021362;154 704 624;7;2;0;7;6;1
202000021363;154 704 620;7;0;2;1;1;1
202000021363;154 704 621;2;7;0;6;1;1
202000021364;154 704 617;7;0;2;1;13;1
202000021364;154 704 618;7;0;2;1;1;1
202000021365;154 704 615;33;0;2;1;1;1
202000021365;154 704 616;7;0;2;1;15;1
202000021366;154 704 612;7;0;2;7;5;1
202000021366;154 704 613;33;0;2;0;0;1
202000021367;154 704 611;7;9;0;1;1;1
202000021368;154 704 619;7;15;0;3;5;1
202000021369;154 704 610;7;5;0;1;14;1
202000021370;154 704 606;7;0;2;8;11;1
202000021370;154 704 609;33;0;2;7;17;1
202000021371;154 704 605;10;0;2;3;2;1
202000021371;154 704 607;7;0;2;9;15;1
202000021371;154 704 608;7;0;2;1;1;1
202000021372;154 704 601;1;0;2;4;2;5
202000021372;154 704 603;7;0;2;2;2;1
202000021373;154 704 600;7;0;2;1;11;1
202000021373;154 704 602;7;0;2;1;0;1
202000021373;154 704 604;7;0;2;4;0;1
202000021374;154 704 596;7;0;0;6;15;1
202000021374;154 704 598;7;0;2;1;1;1
202000021375;154 704 594;33;0;2;1;0;1
202000021375;154 704 595;7;0;2;3;13;1
202000021376;154 704 592;2;0;2;8;26;1
202000021376;154 704 593;7;0;2;3;1;1
202000021377;154 704 591;7;0;2;4;1;1
202000021377;154 704 597;10;0;2;1;1;1
202000021378;154 704 586;7;0;2;1;1;1
202000021378;154 704 590;7;0;2;2;15;1
202000021379;154 704 587;32;0;2;8;3;1
202000021379;154 704 588;10;0;2;2;2;1
202000021379;154 704 589;7;0;2;4;1;1
202000021380;154 704 585;7;15;0;3;0;1
202000021381;154 704 584;33;11;0;8;13;1
202000021382;154 704 582;7;0;2;3;15;1
202000021382;154 704 583;33;0;2;2;17;1
202000021383;154 704 581;7;3;0;8;13;1
202000021384;154 704 580;7;0;1;3;16;1
202000021385;154 704 577;34;3;0;8;17;1
202000021386;154 704 578;7;0;2;2;1;0
202000021386;154 704 579;13;0;2;3;9;0
202000021387;154 704 575;7;0;2;1;2;1
202000021387;154 704 576;7;0;2;4;2;1
202000021388;154 704 573;10;0;2;6;11;0
202000021388;154 704 574;33;0;2;2;3;1
202000021389;154 704 571;10;0;2;4;2;1
202000021389;154 704 572;7;0;2;1;2;1
202000021390;154 704 567;7;3;2;2;1;1
202000021390;154 704 569;17;0;2;3;11;1
202000021391;154 704 568;7;0;2;4;2;1
202000021391;154 704 570;7;0;2;1;2;1
202000021392;154 704 563;17;0;2;4;2;1
202000021392;154 704 564;10;0;2;1;2;1
202000021393;154 704 565;33;0;2;2;1;1
202000021393;154 704 566;7;0;0;5;15;1
202000021394;154 704 561;0;0;1;2;14;0
202000021395;154 704 559;7;0;2;4;24;1
202000021395;154 704 560;7;1;0;0;24;1
202000021396;154 704 557;7;0;2;0;0;1
202000021396;154 704 558;7;0;2;0;0;1
202000021397;154 704 555;2;0;2;1;17;1
202000021397;154 704 556;7;0;0;0;0;1
202000021398;154 704 553;7;1;0;1;14;1
202000021398;154 704 554;7;1;0;9;0;1
202000021399;154 704 551;7;0;2;1;1;1
202000021399;154 704 552;7;0;2;1;1;1
202000021400;154 704 549;7;0;9;2;15;1
202000021400;154 704 550;50;0;2;1;19;3
202000021401;154 704 547;7;0;2;3;13;1
202000021401;154 704 548;7;0;2;3;1;1
202000021402;154 704 546;32;0;0;1;0;1
202000021403;154 704 545;30;9;0;2;15;1
202000021404;154 704 544;7;0;1;1;1;1
202000021405;154 704 542;10;0;2;2;1;1
202000021405;154 704 543;32;0;2;1;1;1
202000021406;154 704 540;7;0;2;2;9;1
202000021406;154 704 541;31;0;2;4;9;1
202000021407;154 704 537;10;0;2;4;2;1
202000021407;154 704 538;10;0;2;1;2;1
202000021407;154 704 539;10;0;2;4;2;1
202000021408;154 704 535;7;0;2;5;11;1
202000021408;154 704 536;31;0;2;1;1;1
202000021409;154 704 532;1;0;2;1;1;5
202000021409;154 704 533;1;0;2;1;1;5
202000021409;154 704 534;1;0;2;0;1;5
202000021410;154 704 530;7;0;2;8;1;1
202000021410;154 704 531;7;13;2;3;1;1
202000021411;154 704 529;7;8;0;9;1;1
202000021412;154 704 527;33;1;2;2;17;1
202000021412;154 704 528;7;0;2;3;15;1
202000021413;154 704 525;1;0;2;1;5;5
202000021413;154 704 526;2;0;2;1;1;0
202000021414;154 704 524;7;0;1;0;2;0
202000021415;154 704 523;33;0;9;1;21;1
202000021416;154 704 522;30;0;1;3;17;1
202000021417;154 704 520;7;0;0;0;0;1
202000021417;154 704 521;7;0;2;1;19;1
202000021418;154 704 518;7;0;2;1;21;1
202000021418;154 704 519;30;0;2;7;19;1
202000021419;154 704 517;7;13;0;9;1;1
202000021420;154 704 516;7;11;0;1;13;1
202000021421;154 704 514;33;0;2;3;0;1
202000021421;154 704 515;10;0;2;7;12;1
202000021422;154 704 513;30;12;0;3;1;1
202000021423;154 704 511;30;0;2;1;14;1
202000021423;154 704 512;1;0;2;1;1;5
202000021424;154 704 509;30;0;2;4;15;1
202000021424;154 704 510;7;0;2;2;17;0
202000021425;154 704 507;1;0;2;1;1;5
202000021425;154 704 508;7;0;2;7;16;1
202000021426;154 704 505;1;0;0;0;19;5
202000021426;154 704 506;31;0;2;1;1;1
202000021427;154 704 503;7;0;2;4;2;1
202000021427;154 704 504;13;0;2;1;2;1
202000021428;154 704 501;7;0;2;4;23;1
202000021428;154 704 502;7;0;2;1;1;1
202000021429;154 704 499;30;0;2;1;19;0
202000021429;154 704 500;7;0;2;0;9;0
202000021430;154 704 497;7;0;2;2;0;0
202000021430;154 704 498;7;0;2;3;1;0
202000021431;154 704 495;7;0;2;8;15;1
202000021431;154 704 496;2;0;2;5;17;1
202000021432;154 704 493;7;0;2;1;1;1
202000021432;154 704 494;7;0;2;1;15;1
202000021433;154 704 492;7;0;1;2;4;1
202000021434;154 704 491;7;9;0;2;15;1
202000021435;154 704 490;7;7;0;1;14;1
202000021436;154 704 487;7;0;2;2;1;1
202000021436;154 704 488;7;0;2;5;23;1
202000021436;154 704 489;7;0;2;5;23;1
202000021437;154 704 485;30;0;2;1;1;1
202000021437;154 704 486;7;0;2;1;1;1
202000021438;154 704 483;7;0;2;5;9;1
202000021438;154 704 484;7;0;2;1;1;1
202000021439;154 704 481;33;0;2;0;23;1
202000021439;154 704 482;7;0;2;6;4;1
202000021440;154 704 479;2;0;2;1;0;0
202000021440;154 704 480;7;0;2;2;0;0
202000021441;154 704 478;7;6;0;1;25;1
202000021442;154 704 477;37;0;0;1;26;1
202000021443;154 704 475;10;0;2;2;2;1
202000021443;154 704 476;10;12;0;4;23;1
202000021444;154 704 472;7;1;2;6;0;1
202000021444;154 704 473;31;1;2;1;21;1
202000021444;154 704 474;7;0;2;2;9;1
202000021445;154 704 470;7;0;2;4;0;1
202000021445;154 704 471;7;0;2;1;0;1
202000021446;154 704 468;7;0;2;3;1;1
202000021446;154 704 469;99;0;2;1;1;3
202000021447;154 704 466;7;0;0;2;26;0
202000021447;154 704 467;7;0;2;1;2;0
202000021448;154 704 464;32;0;2;6;15;1
202000021448;154 704 465;32;0;2;1;1;1
202000021449;154 704 462;7;0;2;2;15;0
202000021449;154 704 463;7;14;2;1;1;0
202000021450;154 704 460;1;0;2;7;2;5
202000021450;154 704 461;3;0;2;1;2;1
202000021451;154 704 458;7;0;0;4;23;1
202000021451;154 704 459;2;0;2;1;2;1
202000021452;154 704 456;32;0;2;1;1;1
202000021452;154 704 457;7;0;2;3;15;1
202000021453;154 704 455;7;9;0;1;2;1
202000021454;154 704 453;10;0;2;2;1;1
202000021454;154 704 454;2;0;0;4;1;1
202000021455;154 704 452;7;0;1;2;0;1
202000021456;154 704 450;10;0;2;3;15;1
202000021456;154 704 451;2;0;0;4;1;0
202000021457;154 704 448;7;0;2;1;1;1
202000021457;154 704 449;33;0;2;0;1;1
202000021458;154 704 447;33;12;0;1;1;1
202000021459;154 704 446;7;13;0;0;1;1
202000021460;154 704 445;7;13;0;2;2;6
202000021461;154 704 443;7;0;2;3;0;0
202000021461;154 704 444;7;0;2;1;0;0
202000021462;154 704 442;33;2;0;1;1;1
202000021463;154 704 439;36;8;0;1;16;1
202000021464;154 704 437;7;0;2;8;1;1
202000021464;154 704 438;7;0;2;1;19;1
202000021465;154 704 436;7;6;0;1;1;1
202000021466;154 704 432;1;0;2;1;1;6
202000021466;154 704 433;7;0;9;2;1;1
202000021467;154 704 431;1;8;0;2;21;5
202000021468;154 704 430;7;6;0;3;13;1
202000021469;154 704 429;2;3;0;3;19;0
202000021470;154 704 427;10;0;2;1;1;1
202000021470;154 704 428;7;0;2;4;23;1
202000021471;154 704 425;7;11;2;8;19;1
202000021471;154 704 426;10;0;2;1;1;1
202000021472;154 704 424;33;0;0;8;1;1
202000021473;154 704 423;31;17;0;1;1;0
202000021474;154 704 422;1;0;1;1;2;5
202000021475;154 704 420;7;0;2;3;17;1
202000021475;154 704 421;33;0;2;1;1;1
202000021476;154 704 419;7;2;0;2;1;1
202000021477;154 704 417;33;13;0;2;0;1
202000021478;154 704 416;10;1;1;1;13;1
202000021479;154 704 414;2;0;2;1;1;1
202000021479;154 704 415;7;0;2;3;1;1
202000021480;154 704 411;7;0;0;0;19;1
202000021480;154 704 412;7;0;2;1;1;1
202000021480;154 704 413;7;0;2;1;21;1
202000021481;154 704 409;7;1;0;1;1;1
202000021481;154 704 410;7;0;0;4;23;1
202000021482;154 704 407;33;0;2;1;1;1
202000021482;154 704 408;7;0;2;5;15;1
202000021483;154 704 402;2;0;0;7;1;1
202000021484;154 704 400;7;0;2;2;1;1
202000021484;154 704 401;1;0;2;6;16;0
202000021485;154 704 399;2;14;0;1;1;0
202000021486;154 704 398;7;13;0;1;1;0
202000021487;154 704 397;7;13;0;1;17;0
202000021488;154 704 395;10;0;0;2;12;1
202000021488;154 704 396;7;0;0;8;11;1
202000021489;154 704 393;7;0;2;8;1;1
202000021489;154 704 394;7;0;2;7;14;1
202000021490;154 704 391;33;0;2;1;1;1
202000021490;154 704 392;10;0;2;7;15;1
202000021491;154 704 389;7;0;2;2;13;1
202000021491;154 704 390;15;0;0;6;1;1
202000021492;154 704 387;7;0;2;7;26;1
202000021492;154 704 388;33;0;2;8;18;1
202000021493;154 704 386;10;16;0;2;14;1
202000021494;154 704 385;7;0;1;7;1;1
202000021495;154 704 384;7;1;0;9;13;1
202000021496;154 704 382;35;0;2;3;26;1
202000021496;154 704 383;7;0;2;6;26;1
202000021497;154 704 380;7;0;2;1;1;1
202000021497;154 704 381;7;0;2;2;15;1
202000021498;154 704 379;7;2;0;3;21;1
202000021499;154 704 377;7;0;2;3;15;1
202000021499;154 704 378;33;0;2;1;17;1
202000021500;154 704 376;7;6;0;3;6;1
202000021501;154 704 374;7;0;0;3;1;1
202000021501;154 704 375;1;0;2;1;1;5
202000021502;154 704 373;33;15;0;5;1;1
202000021503;154 704 372;7;8;0;2;1;1
202000021504;154 704 370;7;0;2;3;15;0
202000021504;154 704 371;33;0;2;8;1;6
202000021505;154 704 367;7;0;1;3;1;1
202000021506;154 704 366;7;13;0;1;1;0
202000021507;154 704 362;7;0;2;6;9;1
202000021507;154 704 365;33;0;2;1;1;1
202000021508;154 704 361;7;0;2;3;5;1
202000021508;154 704 363;7;0;2;4;2;1
202000021508;154 704 364;30;0;2;1;2;1
202000021509;154 704 358;7;0;0;4;1;1
202000021509;154 704 360;7;0;2;1;12;1
202000021510;154 704 357;33;0;2;1;1;1
202000021510;154 704 359;7;0;2;8;26;1
202000021511;154 704 356;10;0;1;1;15;1
202000021512;154 704 354;7;0;1;2;16;1
202000021513;154 704 351;32;14;0;8;1;1
202000021514;154 704 349;7;4;0;1;14;1
202000021515;154 704 350;7;12;0;2;1;1
202000021515;154 704 352;7;0;2;5;1;1
202000021515;154 704 353;7;0;2;3;2;1
202000021516;154 704 348;7;4;0;3;13;1
202000021517;154 704 346;7;0;2;0;1;0
202000021517;154 704 347;7;0;2;0;1;0
202000021518;154 704 345;31;0;9;1;1;1
202000021519;154 704 344;7;0;1;1;15;1
202000021520;154 704 341;7;0;2;4;21;1
202000021520;154 704 342;7;0;2;2;2;1
202000021520;154 704 343;7;0;2;1;2;1
202000021521;154 704 339;7;0;2;2;9;1
202000021521;154 704 340;1;0;0;5;1;5
202000021522;154 704 337;1;0;1;1;1;5
202000021523;154 704 333;7;0;2;1;1;1
202000021523;154 704 334;7;0;2;4;1;1
202000021523;154 704 335;7;0;2;4;1;1
202000021524;154 704 330;7;0;2;3;2;1
202000021524;154 704 332;7;0;2;1;2;1
202000021525;154 704 329;1;0;2;1;1;5
202000021525;154 704 331;7;0;2;2;15;1
202000021526;154 704 327;7;0;2;7;15;1
202000021526;154 704 328;7;0;2;2;1;1
202000021527;154 704 326;7;0;1;2;11;1
202000021528;154 704 325;7;0;1;3;1;1
202000021529;154 704 324;7;0;1;3;15;0
202000021530;154 704 323;7;0;1;7;1;1
202000021531;154 704 322;99;0;0;0;26;1
202000021532;154 704 319;7;0;2;3;17;0
202000021532;154 704 320;2;0;2;6;1;1
202000021533;154 704 321;7;3;0;3;14;1
202000021534;154 704 317;34;0;2;3;1;1
202000021534;154 704 318;7;0;0;0;0;1
202000021535;154 704 315;2;1;2;1;1;1
202000021535;154 704 316;7;1;0;6;19;1
202000021536;154 704 313;0;0;2;0;0;0
202000021536;154 704 314;7;0;2;3;19;1
202000021537;154 704 310;7;0;2;4;2;1
202000021537;154 704 311;7;0;2;4;2;1
202000021537;154 704 312;7;0;2;1;1;1
202000021538;154 704 308;33;0;2;0;0;0
202000021538;154 704 309;7;0;2;2;19;1
202000021539;154 704 307;7;0;1;1;1;1
202000021540;154 704 304;7;0;2;1;9;1
202000021540;154 704 306;2;0;2;1;1;1
202000021541;154 704 303;7;0;2;1;2;1
202000021541;154 704 305;7;0;2;4;23;1
202000021542;154 704 301;7;0;2;6;2;1
202000021542;154 704 302;7;0;2;3;2;1
202000021543;154 704 298;30;0;2;3;19;1
202000021543;154 704 300;7;0;2;2;1;1
202000021544;154 704 297;7;0;2;7;15;1
202000021544;154 704 299;7;0;2;1;2;1
202000021545;154 704 296;7;2;0;1;20;1
202000021546;154 704 292;10;0;2;1;1;1