Num_Acc;id_vehicule;categorie_vehicule;obstacle_fixe;obstacle_mobile;point_choc_initial;manoeuvre_principale;motorisation
202000021546;154 704 295;30;0;2;8;1;1
202000021547;154 704 291;10;0;2;4;15;1
202000021547;154 704 293;10;14;2;1;1;1
202000021547;154 704 294;7;14;2;9;15;1
202000021548;154 704 290;33;3;0;2;1;1
202000021549;154 704 287;2;0;2;2;17;0
202000021549;154 704 289;7;0;2;8;15;0
202000021550;154 704 284;31;0;2;1;5;1
202000021550;154 704 285;7;0;2;3;2;1
202000021551;154 704 286;7;1;0;1;19;1
202000021551;154 704 288;34;1;0;1;26;1
202000021552;154 704 283;7;0;1;2;1;1
202000021553;154 704 281;7;0;2;1;26;1
202000021553;154 704 282;7;0;2;4;2;1
202000021554;154 704 278;2;0;2;3;1;1
202000021554;154 704 279;10;0;2;2;15;1
202000021555;154 704 277;17;0;2;1;13;1
202000021555;154 704 280;7;0;2;1;1;1
202000021556;154 704 274;7;0;2;1;19;1
202000021556;154 704 275;10;0;2;1;23;1
202000021556;154 704 276;7;12;0;1;19;1
202000021557;154 704 273;1;0;0;1;19;5
202000021558;154 704 269;1;0;2;8;1;5
202000021558;154 704 271;7;0;2;2;16;2
202000021559;154 704 268;33;0;2;7;1;1
202000021559;154 704 270;10;0;0;0;1;1
202000021559;154 704 272;31;0;2;1;1;1
202000021560;154 704 267;7;1;1;1;2;1
202000021561;154 704 266;7;6;0;1;26;1
202000021562;154 704 263;32;15;0;1;26;1
202000021563;154 704 262;7;0;2;1;2;1
202000021563;154 704 264;10;0;2;4;23;1
202000021563;154 704 265;7;0;2;4;2;1
202000021564;154 704 260;33;0;2;1;2;1
202000021564;154 704 261;7;0;2;4;2;1
202000021565;154 704 259;30;0;0;8;26;1
202000021566;154 704 258;7;0;1;2;15;1
202000021567;154 704 257;7;0;1;1;15;1
202000021568;154 704 256;34;14;0;2;13;3
202000021569;154 704 254;33;0;1;1;18;1
202000021570;154 704 253;33;0;2;1;1;0
202000021570;154 704 255;7;0;2;3;15;1
202000021571;154 704 252;30;12;0;1;9;1
202000021572;154 704 251;32;0;1;1;1;1
202000021573;154 704 250;32;0;0;0;26;1
202000021574;154 704 249;10;0;1;5;4;1
202000021575;154 704 247;7;0;2;2;19;1
202000021575;154 704 248;34;0;2;8;1;1
202000021576;154 704 243;2;0;2;1;5;1
202000021576;154 704 245;7;0;2;6;15;1
202000021577;154 704 244;10;0;2;3;22;1
202000021577;154 704 246;1;0;2;1;1;5
202000021578;154 704 239;33;0;2;1;2;1
202000021578;154 704 241;33;0;2;4;23;3
202000021578;154 704 242;7;0;2;6;23;1
202000021579;154 704 240;7;0;1;4;4;0
202000021580;154 704 237;99;14;0;0;26;0
202000021581;154 704 238;10;0;1;1;15;1
202000021582;154 704 233;7;0;2;5;23;1
202000021582;154 704 235;30;0;2;1;3;1
202000021582;154 704 236;7;0;2;2;23;1
202000021583;154 704 232;32;0;2;2;13;1
202000021583;154 704 234;7;0;2;6;1;1
202000021584;154 704 231;33;0;1;2;17;1
202000021585;154 704 229;2;0;2;1;2;1
202000021585;154 704 230;10;0;2;4;26;1
202000021586;154 704 225;33;0;2;3;15;1
202000021586;154 704 226;33;0;2;1;7;1
202000021587;154 704 227;33;0;2;4;23;1
202000021587;154 704 228;7;0;2;1;2;1
202000021588;154 704 222;7;0;1;1;17;1
202000021589;154 704 220;7;4;2;5;2;1
202000021589;154 704 221;7;4;2;6;2;1
202000021589;154 704 223;7;0;2;3;2;1
202000021589;154 704 224;7;0;2;1;2;1
202000021590;154 704 217;33;0;2;2;1;3
202000021590;154 704 219;7;0;2;1;15;1
202000021591;154 704 216;99;0;0;0;0;0
202000021591;154 704 218;30;0;9;0;0;1
202000021592;154 704 214;7;0;2;1;2;1
202000021592;154 704 215;7;0;2;4;2;1
202000021593;154 704 213;7;12;1;1;1;1
202000021594;154 704 211;7;0;1;2;1;1
202000021595;154 704 210;7;0;0;6;1;1
202000021595;154 704 212;7;0;0;2;9;1
202000021596;154 704 205;99;0;2;3;1;1
202000021596;154 704 207;7;13;2;2;2;1
202000021596;154 704 209;7;0;0;6;23;1
202000021597;154 704 206;2;0;2;2;1;1
202000021597;154 704 208;7;0;2;3;9;1
202000021598;154 704 204;33;8;0;2;1;1
202000021599;154 704 199;7;0;2;3;26;1
202000021599;154 704 201;32;0;1;4;2;1
202000021599;154 704 203;7;0;2;6;0;1
202000021600;154 704 200;7;0;2;3;15;0
202000021600;154 704 202;33;0;2;1;1;1
202000021601;154 704 197;7;0;2;1;5;1
202000021601;154 704 198;50;0;2;1;26;3
202000021602;154 704 196;17;0;1;1;2;1
202000021603;154 704 194;7;0;2;3;26;1
202000021603;154 704 195;30;0;2;4;1;3
202000021604;154 704 192;3;0;2;1;19;1
202000021604;154 704 193;7;0;2;8;26;1
202000021605;154 704 190;10;0;2;3;26;1
202000021605;154 704 191;10;0;2;3;2;1
202000021606;154 704 189;0;0;1;1;0;0
202000021607;154 704 188;7;0;1;5;10;2
202000021608;154 704 187;7;0;1;1;15;1
202000021609;154 704 185;34;0;1;2;1;1
202000021609;154 704 186;7;0;1;1;26;0
202000021610;154 704 183;30;0;2;8;11;1
202000021610;154 704 184;7;0;2;7;2;1
202000021611;154 704 182;7;0;1;3;1;1
202000021612;154 704 180;7;0;2;3;2;1
202000021612;154 704 181;30;0;2;1;2;1
202000021613;154 704 179;7;15;0;1;1;1
202000021614;154 704 177;7;0;2;2;9;0
202000021614;154 704 178;7;1;2;1;1;1
202000021615;154 704 176;10;0;1;2;1;1
202000021616;154 704 174;7;0;2;3;10;1
202000021616;154 704 175;43;0;2;0;17;1
202000021617;154 704 172;7;0;2;1;1;1
202000021617;154 704 173;60;0;2;8;19;5
202000021618;154 704 171;34;0;1;3;1;1
202000021619;154 704 169;32;0;2;1;1;0
202000021619;154 704 170;1;0;0;8;15;0
202000021620;154 704 167;50;0;2;7;19;3
202000021620;154 704 168;7;0;9;3;16;1
202000021621;154 704 165;14;0;2;2;12;0
202000021621;154 704 166;7;0;2;3;1;0
202000021622;154 704 162;10;0;2;8;1;0
202000021622;154 704 163;10;0;2;7;1;0
202000021622;154 704 164;10;0;2;4;1;0
202000021623;154 704 160;43;0;2;1;1;1
202000021623;154 704 161;10;0;2;5;12;1
202000021624;154 704 159;1;13;0;2;1;5
202000021625;154 704 157;10;3;0;1;0;1
202000021626;154 704 156;7;13;0;1;1;0
202000021627;154 704 154;7;0;0;1;23;1
202000021627;154 704 155;10;0;2;4;4;1
202000021628;154 704 153;7;0;1;1;1;1
202000021629;154 704 152;31;8;0;1;1;1
202000021630;154 704 149;10;0;2;1;1;1
202000021630;154 704 150;7;0;2;1;1;1
202000021630;154 704 151;7;0;2;4;15;1
202000021631;154 704 148;7;0;1;3;1;1
202000021632;154 704 146;10;1;2;5;1;1
202000021632;154 704 147;7;0;2;3;16;1
202000021633;154 704 145;7;7;0;1;1;1
202000021634;154 704 143;7;0;2;1;1;1
202000021634;154 704 144;36;0;2;1;1;1
202000021635;154 704 140;7;0;2;1;1;1
202000021635;154 704 141;7;0;2;4;1;1
202000021635;154 704 142;7;0;2;4;1;1
202000021636;154 704 139;7;13;0;2;14;1
202000021637;154 704 137;7;0;2;3;1;1
202000021637;154 704 138;7;0;2;1;15;1
202000021638;154 704 136;10;0;1;1;1;1
202000021639;154 704 135;2;12;0;1;1;1
202000021640;154 704 134;7;2;0;2;14;1
202000021641;154 704 132;7;0;2;2;1;1
202000021641;154 704 133;7;0;2;3;15;1
202000021642;154 704 130;7;0;9;2;1;1
202000021642;154 704 131;1;0;2;5;19;5
202000021643;154 704 128;7;0;2;1;13;1
202000021643;154 704 129;7;0;2;1;1;1
202000021644;154 704 127;21;0;0;0;0;1
202000021645;154 704 125;10;12;2;1;1;1
202000021645;154 704 126;10;0;2;7;19;1
202000021646;154 704 124;2;0;0;2;1;1
202000021647;154 704 121;10;0;2;1;2;1
202000021647;154 704 122;17;0;2;3;2;1
202000021647;154 704 123;7;0;2;0;5;1
202000021648;154 704 120;10;8;0;1;13;1
202000021649;154 704 119;7;0;0;1;1;1
202000021650;154 704 118;7;0;0;0;0;0
202000021651;154 704 115;7;13;0;2;14;1
202000021652;154 704 113;33;0;2;1;16;1
202000021652;154 704 114;7;0;2;3;14;1
202000021653;154 704 111;10;0;2;1;1;1
202000021653;154 704 112;7;0;2;1;13;1
202000021654;154 704 109;7;0;2;3;19;1
202000021654;154 704 110;2;0;2;1;1;1
202000021655;154 704 108;2;13;0;1;15;1
202000021656;154 704 105;7;0;2;3;1;1
202000021656;154 704 106;7;0;2;3;1;1
202000021657;154 704 104;7;0;1;3;1;1
202000021658;154 704 102;7;0;2;3;1;1
202000021658;154 704 103;1;0;2;1;1;5
202000021659;154 704 101;14;13;0;2;1;1
202000021660;154 704 099;7;0;2;3;15;1
202000021660;154 704 100;33;12;2;8;1;1
202000021661;154 704 096;7;0;2;1;2;1
202000021661;154 704 097;10;0;2;4;2;1
202000021661;154 704 098;7;0;0;4;2;1
202000021662;154 704 093;7;13;0;1;1;1
202000021663;154 704 091;10;0;2;1;17;1
202000021663;154 704 092;15;0;2;1;1;1
202000021664;154 704 090;2;0;5;7;1;1
202000021665;154 704 088;2;0;2;1;19;1
202000021665;154 704 089;7;0;2;3;19;1
202000021666;154 704 086;31;0;9;1;5;1
202000021666;154 704 087;1;0;2;1;1;5
202000021667;154 704 084;7;0;2;3;15;1
202000021667;154 704 085;2;0;2;1;1;1
202000021668;154 704 083;7;2;0;1;0;1
202000021669;154 704 081;7;0;2;2;1;1
202000021669;154 704 082;1;0;2;1;9;5
202000021670;154 704 079;10;0;2;1;1;1
202000021670;154 704 080;7;0;2;4;13;1
202000021671;154 704 077;7;0;2;1;13;1
202000021671;154 704 078;10;0;2;3;1;1
202000021672;154 704 075;7;0;2;6;15;1
202000021672;154 704 076;32;0;2;1;17;1
202000021673;154 704 073;7;0;2;1;15;1
202000021673;154 704 074;7;0;2;1;13;2
202000021674;154 704 072;7;2;0;3;14;1
202000021675;154 704 070;15;0;2;3;24;1
202000021675;154 704 071;7;1;0;2;14;1
202000021676;154 704 069;7;3;0;8;13;1
202000021677;154 704 068;7;0;1;4;4;1
202000021678;154 704 065;7;0;2;2;5;1
202000021678;154 704 066;7;0;2;5;1;1
202000021678;154 704 067;7;0;2;3;1;1
202000021679;154 704 063;7;0;2;1;19;1
202000021679;154 704 064;33;0;2;8;21;1
202000021680;154 704 062;7;2;0;1;13;0
202000021681;154 704 060;7;0;2;1;13;1
202000021681;154 704 061;7;0;2;1;1;1
202000021682;154 704 058;7;0;2;3;1;1
202000021682;154 704 059;34;0;2;4;1;1
202000021683;154 704 056;7;0;2;4;2;1
202000021683;154 704 057;33;0;2;1;2;1
202000021684;154 704 054;7;0;2;8;2;1
202000021684;154 704 055;7;0;2;8;2;1
202000021685;154 704 053;7;0;0;7;1;1
202000021686;154 704 051;31;0;2;4;21;1
202000021686;154 704 052;31;0;2;1;21;1
202000021687;154 704 049;7;0;2;4;23;1
202000021687;154 704 050;10;0;2;1;1;1
202000021688;154 704 048;7;4;0;2;12;1
202000021689;154 704 046;7;0;2;4;1;1
202000021689;154 704 047;7;0;2;1;1;1
202000021690;154 704 040;7;0;2;1;2;1
202000021690;154 704 041;7;0;2;4;1;1
202000021690;154 704 042;7;0;2;4;2;1
202000021690;154 704 043;10;0;2;4;2;1
202000021690;154 704 044;7;0;2;4;1;1
202000021690;154 704 045;7;0;2;1;1;1
202000021691;154 704 037;7;0;2;1;2;1
202000021691;154 704 038;7;0;2;4;2;1
202000021691;154 704 039;7;0;2;4;2;1
202000021692;154 704 035;7;0;2;1;1;1
202000021692;154 704 036;7;0;2;4;1;1
202000021693;154 704 033;7;0;2;6;11;1
202000021693;154 704 034;33;0;2;2;3;1
202000021694;154 704 032;7;6;0;1;26;1
202000021695;154 704 030;7;0;2;3;11;1
202000021695;154 704 031;31;0;2;7;3;1
202000021696;154 704 027;10;0;2;2;1;1
202000021696;154 704 028;7;0;2;3;1;1
202000021696;154 704 029;7;0;2;5;14;1
202000021697;154 704 026;7;4;0;7;9;1
202000021698;154 704 024;7;0;2;4;1;1
202000021698;154 704 025;7;0;2;2;12;1
202000021699;154 704 022;7;0;2;3;1;1
202000021699;154 704 023;10;0;2;5;1;1
202000021700;154 704 021;7;3;0;3;13;1
202000021701;154 704 020;10;0;1;1;18;1
202000021702;154 704 019;3;1;0;1;1;3
202000021703;154 704 016;7;0;2;1;23;1
202000021703;154 704 017;80;0;2;8;19;3
202000021704;154 704 015;7;0;0;0;11;1
202000021705;154 704 013;33;0;2;1;1;1
202000021705;154 704 014;7;0;2;5;1;1
202000021706;154 704 011;7;0;2;5;1;6
202000021706;154 704 012;1;0;2;8;15;6
202000021707;154 704 010;7;0;1;1;1;1
202000021708;154 704 008;7;0;2;3;0;1
202000021708;154 704 009;7;0;2;0;15;1
202000021709;154 704 006;7;0;2;1;15;1
202000021709;154 704 007;80;0;2;8;1;3
202000021710;154 704 004;1;0;2;7;19;5
202000021710;154 704 005;7;0;2;1;1;1
202000021711;154 704 002;7;0;2;3;9;1
202000021711;154 704 003;7;0;2;1;1;1
202000021712;154 704 001;7;8;0;1;1;1
202000021713;154 703 997;7;9;2;1;9;1
202000021713;154 703 998;7;0;2;2;1;2
202000021713;154 703 999;7;0;2;6;0;1
202000021713;154 704 000;7;0;2;4;0;1
202000021714;154 703 995;30;0;0;4;1;0
202000021714;154 703 996;20;0;2;0;0;0
202000021715;154 703 993;7;0;2;1;16;1
202000021715;154 703 994;7;0;2;7;1;1
202000021716;154 703 992;7;0;1;3;16;1
202000021717;154 703 990;7;0;1;1;1;1
202000021718;154 703 989;7;3;0;1;14;1
202000021719;154 703 988;7;3;0;1;1;1
202000021720;154 703 987;32;0;0;0;1;0
202000021721;154 703 986;7;0;1;1;1;1
202000021722;154 703 984;7;0;2;3;1;1
202000021722;154 703 985;7;0;2;1;1;1
202000021723;154 703 983;7;17;0;1;14;1
202000021724;154 703 982;30;0;0;0;26;1
202000021725;154 703 980;33;8;2;1;5;1
202000021725;154 703 981;17;0;2;7;16;1
202000021726;154 703 979;7;2;0;1;14;1
202000021727;154 703 978;7;1;0;1;0;1
202000021728;154 703 977;1;0;0;1;0;5
202000021729;154 703 974;10;0;2;2;1;1
202000021729;154 703 975;7;0;2;3;1;1
202000021729;154 703 976;7;4;2;6;11;1
202000021730;154 703 973;7;8;0;1;14;1
202000021731;154 703 971;7;0;2;5;1;1
202000021731;154 703 972;2;0;2;0;13;1
202000021732;154 703 970;7;0;1;0;0;1
202000021733;154 703 968;7;0;2;1;2;1
202000021733;154 703 969;7;0;2;4;2;1
202000021734;154 703 966;7;0;2;3;15;1
202000021734;154 703 967;7;0;2;2;1;1
202000021735;154 703 964;1;0;2;3;19;5
202000021735;154 703 965;7;0;2;1;1;1
202000021736;154 703 962;33;0;2;3;1;1
202000021736;154 703 963;10;0;2;2;16;1
202000021737;154 703 960;1;0;2;8;1;5
202000021737;154 703 961;7;0;2;1;15;1
202000021738;154 703 958;7;0;2;3;1;1
202000021738;154 703 959;7;0;2;2;15;1
202000021739;154 703 956;7;0;2;3;1;1
202000021739;154 703 957;10;0;2;1;19;1
202000021740;154 703 955;33;0;1;1;1;1
202000021741;154 703 953;10;0;2;1;15;1
202000021741;154 703 954;7;0;2;3;1;1
202000021742;154 703 952;7;0;1;1;21;1
202000021743;154 703 951;7;15;0;8;13;1
202000021744;154 703 948;7;0;2;4;2;1
202000021744;154 703 949;7;0;2;1;2;1
202000021745;154 703 947;7;11;0;2;1;1
202000021746;154 703 946;7;8;0;1;17;1
202000021747;154 703 945;7;13;0;2;1;1
202000021748;154 703 943;43;0;2;1;17;1
202000021748;154 703 944;7;0;2;3;15;1
202000021749;154 703 941;33;0;2;2;2;1
202000021749;154 703 942;99;0;2;6;2;1
202000021750;154 703 940;7;2;0;7;1;1
202000021751;154 703 938;7;0;2;4;2;1
202000021751;154 703 939;13;0;2;1;2;1
202000021752;154 703 936;7;0;2;1;15;0
202000021752;154 703 937;31;0;2;1;21;0
202000021753;154 703 935;7;13;0;0;1;1
202000021754;154 703 934;2;0;0;7;16;1
202000021755;154 703 933;7;6;0;0;1;1
202000021756;154 703 931;7;0;2;3;1;0
202000021756;154 703 932;2;0;2;3;13;0
202000021757;154 703 930;7;13;0;1;14;1
202000021758;154 703 926;7;0;2;2;15;1
202000021758;154 703 927;7;0;2;3;1;1
202000021759;154 703 924;7;0;2;3;2;1
202000021759;154 703 925;7;0;2;3;13;1
202000021760;154 703 923;32;0;0;3;14;1
202000021761;154 703 922;1;6;0;1;1;5
202000021762;154 703 921;31;0;6;8;19;1
202000021763;154 703 920;7;0;0;0;0;1
202000021764;154 703 918;7;0;5;3;0;1
202000021764;154 703 919;99;0;2;7;0;6
202000021765;154 703 916;10;0;0;6;15;1
202000021765;154 703 917;7;0;2;1;1;1
202000021766;154 703 914;38;0;2;3;1;1
202000021766;154 703 915;10;0;2;1;1;1
202000021767;154 703 913;7;6;0;1;1;1
202000021768;154 703 911;15;0;0;5;23;1
202000021768;154 703 912;2;0;2;1;2;1
202000021769;154 703 909;7;0;2;3;1;0
202000021769;154 703 910;7;0;2;3;1;0
202000021770;154 703 908;7;0;1;2;1;1
202000021771;154 703 907;7;13;0;3;1;1
202000021772;154 703 906;7;0;1;4;4;1
202000021773;154 703 904;7;0;2;7;1;1
202000021773;154 703 905;7;0;2;1;1;1
202000021774;154 703 902;20;0;0;6;1;1
202000021774;154 703 903;33;0;2;1;2;1
202000021775;154 703 901;33;0;0;7;16;1
202000021776;154 703 900;1;0;0;0;1;5
202000021777;154 703 899;7;3;0;1;1;1
202000021778;154 703 898;7;4;0;1;26;1
202000021779;154 703 896;7;0;2;7;1;1
202000021779;154 703 897;7;0;2;8;11;1
202000021780;154 703 894;10;0;2;1;2;1
202000021780;154 703 895;10;0;2;5;2;1
202000021781;154 703 892;33;0;2;1;2;1
202000021781;154 703 893;7;0;2;4;2;1
202000021782;154 703 888;7;0;2;4;1;1
202000021782;154 703 889;7;0;2;4;1;1
202000021782;154 703 890;7;0;2;4;1;1
202000021782;154 703 891;7;0;2;1;1;1
202000021783;154 703 885;7;0;2;4;1;1
202000021783;154 703 886;7;0;2;1;1;1
202000021783;154 703 887;7;0;2;4;1;1
202000021784;154 703 884;7;3;0;1;9;1
202000021785;154 703 882;7;0;2;1;2;1
202000021785;154 703 883;7;0;2;4;2;1
202000021786;154 703 879;33;0;2;4;1;1
202000021786;154 703 880;7;0;2;1;1;1
202000021786;154 703 881;7;4;2;1;1;1
202000021787;154 703 876;7;0;2;1;1;1
202000021787;154 703 877;7;0;2;4;1;1
202000021787;154 703 878;7;0;2;4;1;1
202000021788;154 703 874;7;0;2;3;11;1
202000021788;154 703 875;34;4;2;7;3;1
202000021789;154 703 873;7;0;1;1;1;1
202000021790;154 703 872;7;6;0;7;20;1
202000021791;154 703 871;1;0;1;1;25;5
202000021792;154 703 869;1;0;2;8;15;5
202000021792;154 703 870;33;0;2;7;1;6
202000021793;154 703 868;50;0;0;0;26;3
202000021794;154 703 866;10;0;2;7;15;1
202000021794;154 703 867;2;0;2;1;1;1
202000021795;154 703 864;7;0;2;7;19;1
202000021795;154 703 865;31;0;2;8;0;1
202000021796;154 703 862;7;0;9;4;23;1
202000021796;154 703 863;7;0;2;1;26;1
202000021797;154 703 860;7;0;2;3;0;1
202000021797;154 703 861;7;0;2;3;0;1
202000021798;154 703 859;10;0;1;1;15;1
202000021799;154 703 858;7;0;1;1;1;1
202000021800;154 703 857;7;0;1;1;1;1
202000021801;154 703 855;7;0;2;1;1;1
202000021801;154 703 856;2;0;2;1;13;1
202000021802;154 703 853;7;0;2;3;15;1
202000021802;154 703 854;2;0;2;8;1;1
202000021803;154 703 851;7;0;2;2;1;1
202000021803;154 703 852;31;0;2;5;0;1
202000021804;154 703 850;7;0;1;3;16;1
202000021805;154 703 849;7;0;1;2;1;0
202000021806;154 703 846;1;0;2;1;1;5
202000021806;154 703 847;7;0;2;2;1;1
202000021806;154 703 848;7;1;2;1;19;1
202000021807;154 703 844;7;0;2;2;15;1
202000021807;154 703 845;2;0;2;0;0;1
202000021808;154 703 842;32;0;2;0;0;1
202000021808;154 703 843;7;0;0;0;10;1
202000021809;154 703 840;7;0;2;7;16;1
202000021809;154 703 841;32;0;2;1;18;1
202000021810;154 703 838;32;0;2;1;1;1
202000021810;154 703 839;7;0;2;5;15;1
202000021811;154 703 837;7;0;1;3;1;1
202000021812;154 703 835;7;0;2;3;11;1
202000021812;154 703 836;2;0;2;1;1;1
202000021813;154 703 834;80;0;1;1;1;3
202000021814;154 703 832;7;0;2;3;22;1
202000021814;154 703 833;1;0;2;1;1;5
202000021815;154 703 830;30;0;2;2;1;1
202000021815;154 703 831;7;0;2;3;9;1
202000021816;154 703 829;99;0;0;0;16;1
202000021817;154 703 827;7;0;2;1;2;1
202000021817;154 703 828;33;0;2;4;1;1
202000021818;154 703 826;1;14;0;1;14;5
202000021819;154 703 824;32;0;2;1;1;1
202000021819;154 703 825;7;0;2;3;1;1
202000021820;154 703 822;2;0;2;0;0;0
202000021820;154 703 823;3;0;2;2;26;0
202000021821;154 703 821;7;1;0;6;20;3
202000021822;154 703 820;33;0;6;0;21;1
202000021823;154 703 819;10;0;1;1;5;1
202000021824;154 703 817;33;0;2;7;17;1
202000021824;154 703 818;14;0;2;6;15;1
202000021825;154 703 815;15;0;2;2;12;1
202000021825;154 703 816;14;13;0;6;1;1
202000021826;154 703 813;7;4;2;1;2;1
202000021826;154 703 814;17;0;0;4;2;1
202000021827;154 703 812;1;0;1;1;0;5
202000021828;154 703 810;7;6;2;3;16;1
202000021828;154 703 811;14;0;2;2;1;1
202000021829;154 703 808;7;0;1;2;2;1
202000021829;154 703 809;7;0;2;6;2;1
202000021830;154 703 806;7;13;0;2;0;1
202000021831;154 703 805;36;1;0;2;13;1
202000021832;154 703 803;7;0;9;1;19;1
202000021832;154 703 804;1;0;2;7;1;5
202000021833;154 703 802;7;6;0;2;14;1
202000021834;154 703 801;7;6;0;1;13;1
202000021835;154 703 799;31;0;2;1;1;1
202000021835;154 703 800;7;0;0;8;20;1
202000021836;154 703 798;7;2;0;3;1;1
202000021837;154 703 797;10;3;0;9;17;1
202000021838;154 703 795;38;0;2;7;2;1
202000021838;154 703 796;1;0;2;8;15;6
202000021839;154 703 793;7;0;2;2;15;1
202000021839;154 703 794;7;0;2;1;1;1
202000021840;154 703 792;7;2;0;1;0;1
202000021841;154 703 790;7;0;9;3;9;1
202000021841;154 703 791;1;0;2;2;1;6
202000021842;154 703 786;2;0;2;1;2;1
202000021842;154 703 787;7;0;0;6;1;1
202000021843;154 703 784;7;0;2;1;1;1
202000021843;154 703 785;7;0;2;2;15;1
202000021844;154 703 782;15;0;2;8;1;1
202000021844;154 703 783;7;0;2;3;5;1
202000021845;154 703 781;7;13;0;3;0;1
202000021846;154 703 780;43;7;0;1;1;1
202000021847;154 703 779;33;6;0;1;0;0
202000021848;154 703 777;7;0;2;3;9;1
202000021848;154 703 778;34;0;2;1;1;1
202000021849;154 703 775;33;0;2;2;1;1
202000021849;154 703 776;7;0;2;5;15;1
202000021850;154 703 773;38;0;0;7;15;1
202000021850;154 703 774;2;0;2;1;1;1
202000021851;154 703 772;7;0;0;1;13;1
202000021852;154 703 770;7;0;2;2;17;1
202000021852;154 703 771;7;0;2;8;1;1
202000021853;154 703 769;7;0;1;1;15;1
202000021854;154 703 768;7;0;1;1;16;1
202000021855;154 703 766;7;0;2;2;12;1
202000021855;154 703 767;7;0;2;6;2;1
202000021856;154 703 764;7;0;2;2;9;1
202000021856;154 703 765;7;0;2;8;1;6
202000021857;154 703 761;33;0;2;1;5;1
202000021857;154 703 762;7;0;2;2;23;1
202000021857;154 703 763;7;0;2;3;23;1
202000021858;154 703 759;10;0;2;2;9;1
202000021858;154 703 760;2;0;2;1;21;1
202000021859;154 703 758;7;0;1;3;1;1
202000021860;154 703 757;32;0;1;1;1;1
202000021861;154 703 756;10;0;1;1;1;1
202000021862;154 703 755;0;0;0;0;26;0
202000021863;154 703 754;7;0;1;7;14;1
202000021864;154 703 753;7;11;1;1;13;1
202000021865;154 703 751;7;0;2;3;1;1
202000021865;154 703 752;7;0;2;2;15;1
202000021866;154 703 749;7;0;2;1;1;1
202000021866;154 703 750;50;0;2;1;5;3
202000021867;154 703 747;1;0;2;8;1;5
202000021867;154 703 748;7;0;2;7;14;1
202000021868;154 703 745;7;0;2;5;16;1
202000021868;154 703 746;7;0;2;3;16;1
202000021869;154 703 742;7;0;2;4;2;1
202000021869;154 703 743;7;0;2;1;2;1
202000021869;154 703 744;7;0;2;0;9;1
202000021870;154 703 740;30;0;2;8;1;1
202000021870;154 703 741;7;0;2;0;0;1
202000021871;154 703 738;1;1;0;1;1;5
202000021871;154 703 739;10;1;0;8;22;1
202000021872;154 703 737;7;0;1;0;26;1
202000021873;154 703 735;7;0;0;0;0;1
202000021873;154 703 736;7;0;2;0;0;1
202000021874;154 703 733;7;0;2;4;4;1
202000021874;154 703 734;1;0;2;1;1;5
202000021875;154 703 731;1;0;2;0;1;5
202000021875;154 703 732;30;0;2;0;1;1
202000021876;154 703 729;33;0;2;0;1;1
202000021876;154 703 730;7;0;2;8;19;1
202000021877;154 703 728;7;0;1;1;16;1
202000021878;154 703 726;7;0;2;6;16;1
202000021878;154 703 727;33;0;2;1;1;1
202000021879;154 703 724;7;0;2;2;15;1
202000021879;154 703 725;31;0;2;3;0;1
202000021880;154 703 722;1;0;2;4;15;6
202000021880;154 703 723;7;0;2;1;9;6
202000021881;154 703 720;40;0;2;3;1;3
202000021881;154 703 721;7;0;;2;1;1
202000021882;154 703 719;33;14;0;1;1;1
202000021883;154 703 717;33;0;2;1;1;1
202000021883;154 703 718;7;0;2;2;1;1
202000021884;154 703 716;7;8;0;0;26;1
202000021885;154 703 714;10;0;2;1;1;1
202000021885;154 703 715;7;0;2;1;1;1
202000021886;154 703 713;7;0;1;1;0;0
202000021887;154 703 711;1;0;0;6;12;5
202000021887;154 703 712;2;0;2;1;1;1
202000021888;154 703 708;7;0;2;1;15;1
202000021888;154 703 709;7;0;2;4;23;1
202000021888;154 703 710;7;0;2;2;1;1
202000021889;154 703 706;7;0;2;2;15;1
202000021889;154 703 707;7;0;2;3;15;1
202000021890;154 703 705;7;0;1;1;15;1
202000021891;154 703 704;7;8;0;2;1;1
202000021892;154 703 703;7;0;1;0;15;6
202000021893;154 703 702;1;0;0;0;1;5
202000021894;154 703 700;2;0;2;1;1;1
202000021894;154 703 701;10;0;2;2;15;1
202000021895;154 703 698;33;0;2;8;21;1
202000021895;154 703 699;7;0;2;2;13;1
202000021896;154 703 696;7;12;2;5;15;1
202000021896;154 703 697;7;2;2;3;1;1
202000021897;154 703 694;7;0;2;1;2;1
202000021897;154 703 695;7;0;2;4;2;1
202000021898;154 703 692;30;0;2;1;17;1
202000021898;154 703 693;10;0;2;3;15;1
202000021899;154 703 690;30;0;2;6;2;1
202000021899;154 703 691;7;0;2;6;2;1
202000021900;154 703 688;15;0;2;7;2;1
202000021900;154 703 689;7;0;2;8;2;1
202000021901;154 703 686;10;0;2;3;15;1
202000021901;154 703 687;43;0;2;2;17;1
202000021902;154 703 684;2;0;2;1;1;0
202000021902;154 703 685;7;0;2;8;20;0
202000021903;154 703 682;7;0;2;1;15;1
202000021903;154 703 683;7;0;2;2;1;1
202000021904;154 703 680;32;0;2;2;16;1