Num_Acc;id_vehicule;categorie_vehicule;obstacle_fixe;obstacle_mobile;point_choc_initial;manoeuvre_principale;motorisation
202000021904;154 703 681;1;0;2;8;1;5
202000021905;154 703 678;10;0;2;5;1;1
202000021905;154 703 679;30;0;2;1;11;1
202000021906;154 703 676;30;0;2;1;1;1
202000021906;154 703 677;33;0;0;4;23;1
202000021907;154 703 674;7;0;2;1;18;1
202000021907;154 703 675;2;0;2;4;15;3
202000021908;154 703 673;50;0;0;0;1;3
202000021909;154 703 671;7;0;1;2;1;1
202000021910;154 703 669;10;0;2;8;22;1
202000021910;154 703 670;1;0;2;7;1;5
202000021911;154 703 667;1;0;2;1;1;5
202000021911;154 703 668;10;0;2;7;16;1
202000021912;154 703 665;7;0;2;0;16;1
202000021912;154 703 666;30;0;2;8;18;1
202000021913;154 703 663;1;0;2;5;1;5
202000021913;154 703 664;7;0;2;1;1;1
202000021914;154 703 660;7;0;2;0;1;1
202000021914;154 703 661;7;0;2;0;1;1
202000021914;154 703 662;1;0;2;0;1;5
202000021915;154 703 658;7;1;0;2;9;0
202000021915;154 703 659;1;0;2;1;1;0
202000021916;154 703 656;7;0;0;6;2;1
202000021916;154 703 657;32;0;2;1;2;1
202000021917;154 703 654;7;0;2;2;10;1
202000021917;154 703 655;33;0;2;1;1;1
202000021918;154 703 652;14;0;2;7;15;1
202000021918;154 703 653;31;0;2;1;1;1
202000021919;154 703 650;7;0;2;5;1;1
202000021919;154 703 651;10;0;2;3;9;1
202000021920;154 703 648;32;0;2;2;1;1
202000021920;154 703 649;7;0;2;3;16;1
202000021921;154 703 647;10;0;1;2;17;1
202000021922;154 703 645;7;0;2;1;1;0
202000021922;154 703 646;7;0;2;7;16;0
202000021923;154 703 644;32;0;1;1;21;1
202000021924;154 703 642;7;0;2;1;26;1
202000021924;154 703 643;7;0;1;4;0;1
202000021925;154 703 640;7;0;2;3;9;1
202000021925;154 703 641;32;0;2;3;2;1
202000021926;154 703 639;7;0;1;3;15;0
202000021927;154 703 637;10;0;2;6;20;1
202000021927;154 703 638;10;0;2;2;2;1
202000021928;154 703 635;7;0;2;5;23;1
202000021928;154 703 636;7;0;2;1;1;1
202000021929;154 703 633;7;0;2;2;1;1
202000021929;154 703 634;32;9;2;1;1;1
202000021930;154 703 631;2;0;2;3;1;1
202000021930;154 703 632;7;0;2;0;0;1
202000021931;154 703 629;34;0;2;3;1;1
202000021931;154 703 630;7;0;2;3;15;1
202000021932;154 703 627;7;0;2;1;1;1
202000021932;154 703 628;21;0;2;1;1;1
202000021933;154 703 625;7;0;2;1;15;1
202000021933;154 703 626;7;0;2;1;2;1
202000021934;154 703 624;7;2;0;1;1;1
202000021935;154 703 623;2;0;0;7;1;1
202000021936;154 703 622;7;8;0;1;13;1
202000021937;154 703 620;7;0;2;1;1;1
202000021937;154 703 621;7;0;0;5;16;1
202000021938;154 703 617;33;8;0;1;1;1
202000021939;154 703 615;80;0;2;1;1;3
202000021939;154 703 616;7;0;9;3;1;1
202000021940;154 703 614;7;15;0;1;1;1
202000021941;154 703 613;7;13;0;3;1;1
202000021942;154 703 612;7;13;0;9;0;1
202000021943;154 703 610;7;0;0;3;1;1
202000021943;154 703 611;15;0;0;3;1;1
202000021944;154 703 609;2;1;0;0;23;1
202000021945;154 703 607;7;0;2;3;15;1
202000021945;154 703 608;1;0;2;1;5;5
202000021946;154 703 605;1;0;0;4;1;5
202000021946;154 703 606;7;0;9;3;14;1
202000021947;154 703 603;2;0;2;8;26;1
202000021947;154 703 604;7;0;2;1;18;1
202000021948;154 703 601;7;0;2;3;15;1
202000021948;154 703 602;2;0;2;2;1;1
202000021949;154 703 600;33;13;0;0;1;1
202000021950;154 703 599;7;4;0;8;1;1
202000021951;154 703 598;7;3;0;3;1;1
202000021952;154 703 597;7;8;0;9;14;1
202000021953;154 703 595;7;0;2;1;13;1
202000021953;154 703 596;38;0;2;3;1;1
202000021954;154 703 592;7;0;2;5;19;1
202000021954;154 703 593;34;0;2;5;1;1
202000021955;154 703 590;1;0;0;4;0;5
202000021955;154 703 591;99;0;9;2;2;0
202000021956;154 703 585;7;0;0;9;1;1
202000021957;154 703 584;2;1;0;1;26;1
202000021958;154 703 582;10;0;2;5;20;1
202000021958;154 703 583;1;0;2;1;2;5
202000021959;154 703 580;7;0;0;7;16;1
202000021959;154 703 581;1;0;2;1;1;5
202000021960;154 703 578;7;0;9;6;1;1
202000021960;154 703 579;1;0;2;0;1;5
202000021961;154 703 577;7;0;1;1;15;3
202000021962;154 703 575;7;15;2;1;1;1
202000021962;154 703 576;10;7;0;2;19;1
202000021963;154 703 574;7;8;0;2;1;1
202000021964;154 703 572;7;0;2;1;15;1
202000021964;154 703 573;7;0;2;1;1;1
202000021965;154 703 570;7;0;2;1;1;1
202000021965;154 703 571;7;0;2;1;17;1
202000021966;154 703 569;7;0;1;2;1;0
202000021967;154 703 567;7;0;2;3;13;1
202000021967;154 703 568;7;0;2;3;1;1
202000021968;154 703 565;7;0;2;1;1;1
202000021968;154 703 566;7;0;2;1;15;1
202000021969;154 703 564;7;9;0;8;1;0
202000021970;154 703 562;10;0;2;3;21;0
202000021970;154 703 563;7;0;2;5;15;0
202000021971;154 703 560;7;0;0;1;2;1
202000021971;154 703 561;7;0;0;4;2;1
202000021972;154 703 557;7;0;2;3;2;1
202000021972;154 703 558;7;0;2;1;2;1
202000021972;154 703 559;7;0;0;4;1;1
202000021973;154 703 555;7;0;2;6;1;1
202000021973;154 703 556;7;0;2;2;12;1
202000021974;154 703 553;7;0;2;7;1;1
202000021974;154 703 554;32;0;2;8;3;1
202000021975;154 703 551;10;0;2;1;2;1
202000021975;154 703 552;7;0;2;4;2;1
202000021976;154 703 550;7;5;0;1;13;1
202000021977;154 703 549;7;4;0;3;13;1
202000021978;154 703 546;7;0;2;4;2;1
202000021978;154 703 547;7;0;2;4;2;1
202000021978;154 703 548;7;0;2;1;2;1
202000021979;154 703 544;7;0;2;4;1;1
202000021979;154 703 545;7;0;2;1;1;1
202000021980;154 703 542;7;0;2;4;1;1
202000021980;154 703 543;7;0;2;1;1;1
202000021981;154 703 538;7;0;2;6;2;1
202000021981;154 703 539;7;0;2;4;2;1
202000021981;154 703 540;7;0;2;4;2;1
202000021981;154 703 541;7;0;2;1;2;1
202000021982;154 703 536;33;0;2;8;1;1
202000021982;154 703 537;7;0;2;7;12;1
202000021983;154 703 534;7;0;2;3;2;1
202000021983;154 703 535;7;0;2;1;2;1
202000021984;154 703 532;10;0;2;4;1;1
202000021984;154 703 533;10;0;2;1;2;1
202000021985;154 703 530;7;0;2;4;2;1
202000021985;154 703 531;7;0;2;1;2;1
202000021986;154 703 527;7;0;2;2;2;1
202000021986;154 703 528;10;0;2;1;1;1
202000021986;154 703 529;7;0;2;4;1;1
202000021987;154 703 524;7;0;2;4;2;1
202000021987;154 703 525;32;0;2;1;2;1
202000021987;154 703 526;7;0;2;1;2;1
202000021988;154 703 522;7;0;2;2;14;1
202000021988;154 703 523;7;0;2;6;1;1
202000021989;154 703 520;7;1;2;3;2;1
202000021989;154 703 521;7;0;2;5;2;1
202000021990;154 703 517;7;0;2;4;2;1
202000021990;154 703 518;7;0;2;1;2;1
202000021990;154 703 519;7;0;2;4;2;1
202000021991;154 703 515;10;0;2;1;1;1
202000021991;154 703 516;7;0;2;4;1;1
202000021992;154 703 514;7;4;0;1;14;1
202000021993;154 703 512;7;0;2;4;2;1
202000021993;154 703 513;7;0;2;1;2;1
202000021994;154 703 511;33;0;0;9;1;1
202000021995;154 703 509;31;0;2;8;3;1
202000021995;154 703 510;7;0;2;7;12;1
202000021996;154 703 507;33;0;2;3;3;1
202000021996;154 703 508;7;0;2;5;1;1
202000021997;154 703 506;7;0;1;3;2;1
202000021998;154 703 505;7;0;1;1;1;0
202000021999;154 703 504;7;0;1;1;15;1
202000022000;154 703 502;7;0;2;8;26;1
202000022000;154 703 503;2;0;2;1;26;1
202000022001;154 703 499;7;0;2;3;0;1
202000022001;154 703 500;7;0;2;3;1;1
202000022001;154 703 501;7;12;2;1;1;1
202000022002;154 703 497;2;0;2;1;1;1
202000022002;154 703 498;7;0;2;3;15;1
202000022003;154 703 495;32;0;2;1;1;1
202000022003;154 703 496;7;0;2;3;15;1
202000022004;154 703 494;7;1;0;3;13;1
202000022005;154 703 492;10;0;9;8;1;1
202000022005;154 703 493;50;0;2;1;19;3
202000022006;154 703 490;7;0;2;5;15;1
202000022006;154 703 491;34;0;2;1;1;6
202000022007;154 703 486;7;0;2;1;2;1
202000022007;154 703 487;7;0;2;5;1;1
202000022007;154 703 488;10;0;2;1;2;1
202000022007;154 703 489;7;0;2;0;0;1
202000022008;154 703 484;7;0;2;7;16;1
202000022008;154 703 485;0;0;2;0;0;0
202000022009;154 703 481;7;0;2;8;24;1
202000022009;154 703 482;7;0;2;4;1;1
202000022009;154 703 483;7;0;2;1;2;1
202000022010;154 703 480;31;0;1;1;1;1
202000022011;154 703 478;31;0;0;2;1;1
202000022011;154 703 479;10;0;0;0;0;1
202000022012;154 703 476;3;0;2;4;2;3
202000022012;154 703 477;7;0;2;2;2;1
202000022013;154 703 474;33;0;2;7;1;1
202000022013;154 703 475;7;0;2;8;1;1
202000022014;154 703 472;7;0;2;5;1;1
202000022014;154 703 473;7;0;2;3;1;1
202000022015;154 703 471;10;0;1;4;20;1
202000022016;154 703 468;7;0;1;1;19;1
202000022017;154 703 465;7;0;2;2;15;1
202000022017;154 703 466;7;0;2;3;1;1
202000022018;154 703 462;13;0;2;1;1;0
202000022018;154 703 463;7;0;2;1;1;0
202000022018;154 703 464;7;0;2;1;1;0
202000022019;154 703 460;7;0;2;4;2;1
202000022019;154 703 461;14;0;2;1;2;1
202000022020;154 703 459;80;0;0;1;14;3
202000022021;154 703 457;7;0;2;3;26;1
202000022021;154 703 458;7;0;2;3;13;1
202000022022;154 703 455;2;0;2;2;2;1
202000022022;154 703 456;7;0;2;6;1;1
202000022023;154 703 453;7;0;2;2;1;1
202000022023;154 703 454;7;0;2;3;15;1
202000022024;154 703 452;7;0;1;1;1;1
202000022025;154 703 450;7;0;2;1;13;1
202000022025;154 703 451;7;0;2;3;1;1
202000022026;154 703 449;7;0;1;2;26;1
202000022027;154 703 447;33;9;0;1;1;1
202000022027;154 703 448;7;9;2;3;15;1
202000022028;154 703 446;37;0;1;7;1;1
202000022029;154 703 445;7;0;1;1;17;1
202000022030;154 703 444;30;0;0;0;0;1
202000022031;154 703 443;7;0;1;2;1;1
202000022032;154 703 441;7;0;2;3;1;1
202000022032;154 703 442;7;0;2;0;0;1
202000022033;154 703 439;10;0;2;3;9;1
202000022033;154 703 440;36;1;2;7;2;1
202000022034;154 703 437;7;0;2;3;15;1
202000022034;154 703 438;34;0;2;3;1;1
202000022035;154 703 435;7;0;2;1;9;1
202000022035;154 703 436;7;0;2;7;1;1
202000022036;154 703 433;7;0;2;2;15;1
202000022036;154 703 434;7;0;2;3;1;1
202000022037;154 703 431;1;0;2;1;1;5
202000022037;154 703 432;7;0;2;3;1;1
202000022038;154 703 429;30;0;2;1;19;1
202000022038;154 703 430;7;0;2;8;1;1
202000022039;154 703 428;33;0;0;7;1;1
202000022040;154 703 426;33;0;2;3;1;1
202000022040;154 703 427;7;0;2;6;11;1
202000022041;154 703 424;7;0;2;1;1;0
202000022041;154 703 425;7;15;2;7;15;1
202000022042;154 703 423;7;0;1;2;1;1
202000022043;154 703 421;1;0;2;1;19;0
202000022043;154 703 422;7;0;2;3;16;1
202000022044;154 703 419;7;0;2;2;1;1
202000022044;154 703 420;1;0;2;8;9;5
202000022045;154 703 417;1;0;2;8;15;5
202000022045;154 703 418;7;0;2;7;17;1
202000022046;154 703 416;7;0;1;4;4;1
202000022047;154 703 414;7;0;2;4;2;1
202000022047;154 703 415;7;0;2;1;2;1
202000022048;154 703 413;7;0;1;1;20;1
202000022049;154 703 411;7;0;2;8;15;1
202000022049;154 703 412;2;0;2;1;1;1
202000022050;154 703 410;7;7;0;2;26;1
202000022051;154 703 409;7;0;1;3;1;1
202000022052;154 703 408;7;0;1;3;1;1
202000022053;154 703 406;7;0;2;1;1;1
202000022053;154 703 407;7;0;2;1;1;1
202000022054;154 703 404;7;0;2;0;0;1
202000022054;154 703 405;7;0;2;0;0;1
202000022055;154 703 402;7;0;2;0;0;1
202000022055;154 703 403;1;0;2;0;1;5
202000022056;154 703 401;30;0;0;0;1;1
202000022057;154 703 399;7;0;2;6;13;1
202000022057;154 703 400;7;0;2;1;1;1
202000022058;154 703 396;7;0;1;1;1;1
202000022059;154 703 394;7;0;2;0;0;1
202000022059;154 703 395;7;0;2;3;26;6
202000022060;154 703 392;1;0;9;1;0;5
202000022060;154 703 393;1;0;9;1;17;5
202000022061;154 703 390;31;0;2;3;7;1
202000022061;154 703 391;7;0;2;2;16;1
202000022062;154 703 388;7;0;2;8;1;1
202000022062;154 703 389;15;0;2;2;12;1
202000022063;154 703 386;33;0;2;0;17;1
202000022063;154 703 387;7;0;2;1;1;1
202000022064;154 703 384;31;0;2;1;1;1
202000022064;154 703 385;7;0;2;2;1;1
202000022065;154 703 382;7;0;2;1;2;1
202000022065;154 703 383;7;0;2;4;2;1
202000022066;154 703 381;7;1;0;2;1;1
202000022067;154 703 380;7;0;1;1;1;1
202000022068;154 703 378;7;0;0;0;0;0
202000022068;154 703 379;7;0;2;3;1;0
202000022069;154 703 377;7;0;1;1;26;1
202000022070;154 703 375;34;0;2;1;1;1
202000022070;154 703 376;31;0;2;4;16;1
202000022071;154 703 373;1;0;2;8;19;5
202000022071;154 703 374;7;0;2;2;1;1
202000022072;154 703 371;7;0;2;7;14;1
202000022072;154 703 372;32;0;2;1;1;1
202000022073;154 703 370;10;0;1;3;1;1
202000022074;154 703 368;7;0;9;2;1;1
202000022074;154 703 369;1;0;2;1;0;5
202000022075;154 703 366;7;0;2;3;22;1
202000022075;154 703 367;1;0;2;3;1;5
202000022076;154 703 364;7;0;2;7;19;1
202000022076;154 703 365;1;0;2;1;1;5
202000022077;154 703 363;33;0;9;3;1;1
202000022078;154 703 360;10;0;1;1;1;1
202000022078;154 703 361;7;0;1;3;1;1
202000022078;154 703 362;7;0;1;8;1;1
202000022079;154 703 358;7;0;2;1;13;2
202000022079;154 703 359;7;0;2;2;1;1
202000022080;154 703 356;7;0;2;2;17;1
202000022080;154 703 357;14;0;2;6;0;1
202000022081;154 703 354;7;0;2;1;1;1
202000022081;154 703 355;7;0;2;4;1;1
202000022082;154 703 353;7;12;0;2;13;1
202000022083;154 703 351;7;0;2;1;1;1
202000022083;154 703 352;33;0;2;7;1;1
202000022084;154 703 349;7;0;2;1;0;1
202000022084;154 703 350;7;0;2;3;0;1
202000022085;154 703 346;33;0;2;7;15;1
202000022085;154 703 347;7;0;2;1;1;1
202000022086;154 703 344;50;0;2;2;19;3
202000022086;154 703 345;7;0;2;3;2;0
202000022087;154 703 342;10;0;2;3;9;3
202000022087;154 703 343;31;0;2;8;1;1
202000022088;154 703 340;7;1;2;3;15;1
202000022088;154 703 341;1;1;0;2;1;5
202000022089;154 703 338;7;0;2;1;9;1
202000022089;154 703 339;2;0;2;7;1;1
202000022090;154 703 337;7;0;1;4;4;1
202000022091;154 703 335;10;0;2;3;15;1
202000022091;154 703 336;10;0;2;1;1;1
202000022092;154 703 334;7;0;1;0;15;1
202000022093;154 703 333;7;0;1;1;1;0
202000022094;154 703 331;7;0;2;1;9;1
202000022094;154 703 332;32;0;1;4;2;1
202000022095;154 703 329;1;0;2;1;19;0
202000022095;154 703 330;7;0;2;7;1;1
202000022096;154 703 327;7;0;2;3;16;1
202000022096;154 703 328;1;0;2;5;1;5
202000022097;154 703 325;1;0;2;8;11;5
202000022097;154 703 326;7;0;2;1;1;1
202000022098;154 703 323;2;0;2;6;2;1
202000022098;154 703 324;2;0;2;2;17;1
202000022099;154 703 322;30;0;1;1;18;1
202000022100;154 703 320;10;0;2;4;2;3
202000022100;154 703 321;33;0;2;1;1;1
202000022101;154 703 318;7;0;2;5;22;1
202000022101;154 703 319;1;0;2;1;18;5
202000022102;154 703 316;1;0;2;0;1;5
202000022102;154 703 317;1;0;2;0;1;5
202000022103;154 703 314;32;0;2;2;17;1
202000022103;154 703 315;7;0;2;3;15;1
202000022104;154 703 312;50;0;2;5;23;3
202000022104;154 703 313;10;0;2;8;1;1
202000022105;154 703 310;7;0;2;3;15;1
202000022105;154 703 311;30;0;2;2;17;1
202000022106;154 703 308;10;0;2;2;16;1
202000022106;154 703 309;1;0;2;3;1;5
202000022107;154 703 306;10;0;2;1;1;1
202000022107;154 703 307;7;0;2;4;23;1
202000022108;154 703 302;7;0;2;1;15;1
202000022108;154 703 303;32;0;2;0;1;1
202000022109;154 703 300;7;0;2;7;1;1
202000022109;154 703 301;1;0;2;1;19;5
202000022110;154 703 299;32;0;1;1;1;1
202000022111;154 703 297;7;0;2;5;22;1
202000022111;154 703 298;1;0;2;3;18;5
202000022112;154 703 296;7;7;0;3;15;2
202000022113;154 703 295;7;0;1;2;16;0
202000022114;154 703 293;30;0;2;7;1;3
202000022114;154 703 294;50;0;2;1;19;3
202000022115;154 703 291;14;0;2;0;16;1
202000022115;154 703 292;7;0;2;3;18;1
202000022116;154 703 290;7;0;1;3;7;2
202000022117;154 703 288;80;0;2;1;1;3
202000022117;154 703 289;10;0;2;3;1;1
202000022118;154 703 287;1;0;0;1;1;5
202000022119;154 703 286;31;0;1;1;18;1
202000022120;154 703 285;7;0;1;1;16;1
202000022121;154 703 282;7;0;2;4;1;0
202000022121;154 703 283;7;0;2;1;2;0
202000022121;154 703 284;7;0;2;4;1;0
202000022122;154 703 280;7;0;2;4;23;0
202000022122;154 703 281;15;0;2;1;0;0
202000022123;154 703 277;32;0;2;3;1;1
202000022123;154 703 278;32;0;2;3;1;1
202000022123;154 703 279;7;0;0;0;0;0
202000022124;154 703 275;30;0;2;1;1;0
202000022124;154 703 276;1;0;2;8;1;0
202000022125;154 703 274;30;0;1;1;26;1
202000022126;154 703 271;7;0;2;3;1;0
202000022126;154 703 272;60;0;2;0;0;5
202000022127;154 703 270;34;0;1;1;26;1
202000022128;154 703 269;1;8;0;2;14;5
202000022129;154 703 267;99;1;2;1;14;0
202000022129;154 703 268;31;0;2;1;1;0
202000022130;154 703 265;7;0;2;2;1;1
202000022130;154 703 266;1;0;0;3;1;0
202000022131;154 703 262;7;0;2;2;2;1
202000022131;154 703 263;7;0;2;3;10;1
202000022132;154 703 261;10;0;1;3;15;1
202000022133;154 703 259;7;0;2;3;1;1
202000022133;154 703 260;32;0;2;8;1;1
202000022134;154 703 258;10;0;1;4;4;0
202000022135;154 703 256;1;0;2;1;1;5
202000022135;154 703 257;7;0;2;8;22;1
202000022136;154 703 254;10;0;2;1;9;1
202000022136;154 703 255;2;0;2;7;1;1
202000022137;154 703 253;37;0;1;1;1;0
202000022138;154 703 251;33;0;2;1;1;1
202000022138;154 703 252;7;0;2;1;15;1
202000022139;154 703 250;33;15;0;1;14;1
202000022140;154 703 249;7;0;1;2;1;0
202000022141;154 703 247;1;0;0;4;2;5
202000022141;154 703 248;10;0;1;1;2;1
202000022142;154 703 245;14;0;2;3;1;1
202000022142;154 703 246;7;0;2;1;5;6
202000022143;154 703 244;10;6;0;1;1;1
202000022144;154 703 241;7;0;2;2;15;0
202000022144;154 703 242;33;1;2;3;1;0
202000022144;154 703 243;7;0;2;8;1;0
202000022145;154 703 240;7;5;0;1;0;1
202000022146;154 703 236;10;0;0;3;15;1
202000022146;154 703 237;7;0;0;3;1;1
202000022147;154 703 234;33;0;0;9;26;1
202000022147;154 703 235;33;0;0;9;19;1
202000022148;154 703 233;7;0;1;4;4;1
202000022149;154 703 232;7;0;0;9;0;6
202000022150;154 703 230;14;0;2;8;1;1
202000022150;154 703 231;1;0;2;3;13;5
202000022151;154 703 228;14;0;2;2;24;1
202000022151;154 703 229;7;1;0;2;1;1
202000022152;154 703 226;7;8;0;4;2;1
202000022152;154 703 227;10;0;2;1;2;1
202000022153;154 703 224;33;0;9;1;1;1
202000022153;154 703 225;1;0;0;8;15;5
202000022154;154 703 221;33;0;0;7;1;1
202000022155;154 703 220;2;8;0;7;14;1
202000022156;154 703 218;7;0;0;0;1;1
202000022156;154 703 219;14;0;0;0;1;1
202000022157;154 703 216;7;0;2;1;1;1
202000022157;154 703 217;10;0;2;1;5;1
202000022158;154 703 214;17;0;2;8;1;1
202000022158;154 703 215;17;0;2;1;1;1
202000022159;154 703 213;7;0;1;3;1;1
202000022160;154 703 212;7;13;0;1;1;0
202000022161;154 703 211;1;14;0;1;1;5
202000022162;154 703 209;10;0;2;2;16;1
202000022162;154 703 210;30;0;2;1;1;1
202000022163;154 703 207;32;0;2;4;2;1
202000022163;154 703 208;7;0;2;4;15;1
202000022164;154 703 205;34;0;2;1;1;1
202000022164;154 703 206;7;0;2;2;15;1
202000022165;154 703 204;7;15;0;1;21;1
202000022166;154 703 202;32;0;2;2;15;0
202000022166;154 703 203;7;0;2;3;1;6
202000022167;154 703 200;7;0;2;8;15;1
202000022167;154 703 201;30;0;2;0;0;1
202000022168;154 703 199;7;0;1;4;26;1
202000022169;154 703 197;7;0;2;3;1;1
202000022169;154 703 198;7;0;1;7;1;1
202000022170;154 703 196;7;0;1;1;1;1
202000022171;154 703 195;50;12;0;1;26;3
202000022172;154 703 193;10;0;2;1;26;1
202000022172;154 703 194;7;0;2;1;26;1
202000022173;154 703 192;10;0;1;4;26;1
202000022174;154 703 191;7;15;0;1;9;1
202000022175;154 703 189;7;0;0;0;0;1
202000022175;154 703 190;10;0;2;2;14;1
202000022176;154 703 188;7;0;1;2;16;1
202000022177;154 703 186;30;0;2;1;19;1
202000022177;154 703 187;30;0;2;0;19;1
202000022178;154 703 185;31;0;0;2;1;1
202000022179;154 703 184;7;6;0;1;1;1
202000022180;154 703 182;50;0;2;1;1;3
202000022180;154 703 183;7;0;2;8;22;2
202000022181;154 703 181;7;0;1;7;16;1
202000022182;154 703 180;30;12;0;2;16;1
202000022183;154 703 178;7;0;2;1;1;1
202000022183;154 703 179;7;13;2;7;1;1
202000022184;154 703 177;7;7;0;3;2;0
202000022185;154 703 176;33;8;0;1;0;1
202000022186;154 703 175;33;0;0;0;1;1
202000022187;154 703 173;7;;2;2;19;1
202000022187;154 703 174;33;0;2;3;1;1
202000022188;154 703 172;21;0;0;0;10;1
202000022189;154 703 170;60;0;0;9;1;5
202000022190;154 703 169;2;0;1;1;21;1
202000022191;154 703 168;7;2;0;3;1;1
202000022192;154 703 166;50;0;0;8;1;3
202000022192;154 703 167;7;0;2;3;1;1
202000022193;154 703 165;7;6;0;3;1;1
202000022194;154 703 162;7;13;0;1;2;0
202000022195;154 703 160;32;0;2;2;1;1
202000022195;154 703 161;10;0;2;1;9;1
202000022196;154 703 159;7;0;0;0;26;1
202000022197;154 703 158;34;4;0;1;1;0
202000022198;154 703 155;7;0;2;7;21;1
202000022198;154 703 156;7;0;2;4;2;1
202000022198;154 703 157;7;0;2;1;2;1
202000022199;154 703 151;7;0;2;4;2;2
202000022199;154 703 152;7;0;2;1;2;1
202000022199;154 703 153;10;0;2;1;2;1
202000022199;154 703 154;7;0;2;1;2;1
202000022200;154 703 150;43;0;0;9;11;1
202000022201;154 703 148;1;0;2;4;1;0
202000022201;154 703 149;7;0;9;1;16;0
202000022202;154 703 146;20;14;0;6;1;1
202000022202;154 703 147;99;0;2;2;17;5
202000022203;154 703 144;80;0;2;1;1;3
202000022203;154 703 145;7;0;2;1;15;0
202000022204;154 703 142;7;0;2;8;13;1
202000022204;154 703 143;7;0;2;7;17;1
202000022205;154 703 141;2;12;0;8;1;1
202000022206;154 703 140;7;0;1;3;15;1
202000022207;154 703 139;10;1;1;3;1;0
202000022208;154 703 137;7;0;2;3;15;1
202000022208;154 703 138;31;0;2;1;1;1
202000022209;154 703 135;7;0;2;2;1;6
202000022209;154 703 136;7;0;0;6;10;6
202000022210;154 703 134;7;1;0;2;14;1
202000022211;154 703 133;7;0;1;3;15;1
202000022212;154 703 131;7;0;2;2;1;1
202000022212;154 703 132;7;7;2;1;9;1
202000022213;154 703 129;15;0;2;1;1;1
202000022213;154 703 130;7;0;2;1;17;1
202000022214;154 703 127;7;0;2;3;17;1
202000022214;154 703 128;33;0;2;1;1;1
202000022215;154 703 126;37;0;1;7;1;0
202000022216;154 703 124;1;0;2;1;1;5
202000022216;154 703 125;7;0;2;2;1;1
202000022217;154 703 123;7;0;1;3;1;1
202000022218;154 703 122;1;0;0;0;1;5
202000022219;154 703 120;7;0;2;1;16;1
202000022219;154 703 121;7;0;2;2;1;1
202000022220;154 703 118;7;0;2;2;1;1
202000022220;154 703 119;10;0;2;4;23;3
202000022221;154 703 116;7;0;2;2;10;1
202000022221;154 703 117;33;0;2;8;1;1
202000022222;154 703 115;2;0;0;0;21;1
202000022223;154 703 114;10;0;1;0;4;1
202000022224;154 703 112;30;0;2;3;15;1
202000022224;154 703 113;1;0;2;1;1;5
202000022225;154 703 111;7;0;1;1;15;1
202000022226;154 703 109;7;0;0;0;15;1
202000022226;154 703 110;30;0;2;7;21;1
202000022227;154 703 108;33;0;1;3;19;1
202000022228;154 703 107;2;0;9;1;1;1
202000022229;154 703 106;7;0;0;0;1;1
202000022230;154 703 104;10;0;0;3;15;1
202000022230;154 703 105;30;0;2;3;1;1
202000022231;154 703 101;33;15;2;8;1;0
202000022231;154 703 102;7;0;2;2;1;0
202000022231;154 703 103;7;0;2;6;1;0
202000022232;154 703 100;2;6;0;1;1;1
202000022233;154 703 098;7;0;2;7;19;1
202000022233;154 703 099;33;0;2;1;1;1
202000022234;154 703 096;21;0;2;3;9;1
202000022234;154 703 097;2;0;2;1;1;1
202000022235;154 703 094;10;0;2;1;1;1
202000022235;154 703 095;7;0;2;1;1;1
202000022236;154 703 093;80;0;0;0;1;3
202000022237;154 703 092;33;2;0;1;14;1
202000022238;154 703 090;2;0;2;1;15;1
202000022238;154 703 091;7;0;2;3;1;1
202000022239;154 703 089;7;13;0;1;1;1
202000022240;154 703 088;17;3;0;2;14;1
202000022241;154 703 085;7;0;0;4;23;1
202000022241;154 703 086;17;0;2;1;1;1
202000022241;154 703 087;17;0;2;4;23;1
202000022242;154 703 084;7;3;0;3;0;1
202000022243;154 703 082;15;0;2;3;1;1
202000022243;154 703 083;10;0;2;3;13;1
202000022244;154 703 081;10;2;0;8;14;1
202000022245;154 703 080;7;2;0;1;1;1
202000022246;154 703 077;33;0;2;1;17;1
202000022246;154 703 078;7;0;2;6;15;1
202000022246;154 703 079;7;0;0;0;1;1
202000022247;154 703 076;7;13;0;1;1;1
202000022248;154 703 072;33;0;2;1;1;0
202000022248;154 703 073;7;0;2;8;20;0
202000022249;154 703 071;10;4;0;1;1;1
202000022250;154 703 070;33;0;0;7;1;1
202000022251;154 703 069;10;0;5;1;14;0
202000022252;154 703 067;10;0;2;1;2;1
202000022252;154 703 068;7;0;2;4;24;1
202000022253;154 703 066;7;4;0;1;21;1
202000022254;154 703 063;7;0;2;5;23;1
202000022254;154 703 064;7;1;2;3;21;1
202000022254;154 703 065;10;0;2;6;1;1
202000022255;154 703 062;33;4;0;1;1;1
202000022256;154 703 061;7;0;1;1;17;1
202000022257;154 703 060;7;0;1;1;1;1
202000022258;154 703 058;7;0;0;3;1;1
202000022258;154 703 059;2;0;0;3;0;1
202000022259;154 703 056;10;0;2;1;1;1
202000022259;154 703 057;7;0;2;4;1;1
202000022260;154 703 055;7;2;0;1;1;1
202000022261;154 703 054;7;15;0;3;13;1
202000022262;154 703 052;7;0;2;3;9;1