Num_Acc;id_vehicule;categorie_vehicule;obstacle_fixe;obstacle_mobile;point_choc_initial;manoeuvre_principale;motorisation
202000022262;154 703 053;33;0;2;1;1;1
202000022263;154 703 050;30;0;2;3;5;1
202000022263;154 703 051;10;0;2;3;1;1
202000022264;154 703 049;7;3;0;9;13;1
202000022265;154 703 048;7;6;0;3;13;1
202000022266;154 703 046;7;0;2;1;0;1
202000022266;154 703 047;7;0;2;1;26;0
202000022267;154 703 044;7;0;2;1;1;1
202000022267;154 703 045;7;0;2;8;1;1
202000022268;154 703 043;7;2;0;1;13;1
202000022269;154 703 041;10;0;2;1;1;1
202000022269;154 703 042;7;8;2;0;10;1
202000022270;154 703 040;17;12;0;7;1;1
202000022271;154 703 039;30;0;0;0;21;1
202000022272;154 703 038;7;13;0;1;13;1
202000022273;154 703 037;37;0;1;3;15;1
202000022274;154 703 035;2;0;2;0;15;0
202000022274;154 703 036;1;0;2;6;1;5
202000022275;154 703 034;10;0;1;3;15;1
202000022276;154 703 032;50;0;2;1;19;3
202000022276;154 703 033;7;0;2;3;15;2
202000022277;154 703 031;7;0;1;1;26;1
202000022278;154 703 029;7;14;0;5;0;0
202000022278;154 703 030;33;0;2;1;26;0
202000022279;154 703 028;7;0;0;1;2;1
202000022280;154 703 026;7;0;0;2;1;1
202000022280;154 703 027;7;0;0;3;16;0
202000022281;154 703 024;7;0;2;2;1;0
202000022281;154 703 025;7;0;2;3;1;0
202000022282;154 703 022;32;0;2;1;1;1
202000022282;154 703 023;7;0;2;6;19;1
202000022283;154 703 021;10;0;1;2;15;1
202000022284;154 703 017;7;1;0;3;24;1
202000022284;154 703 018;7;0;2;3;15;1
202000022284;154 703 019;34;1;2;2;17;1
202000022284;154 703 020;7;1;0;1;24;1
202000022285;154 703 016;7;0;1;2;13;0
202000022286;154 703 015;7;0;1;5;23;1
202000022287;154 703 014;33;13;0;1;0;1
202000022288;154 703 012;33;0;2;1;17;0
202000022288;154 703 013;15;0;2;3;1;0
202000022289;154 703 011;7;5;0;1;1;1
202000022290;154 703 009;7;0;2;6;19;1
202000022290;154 703 010;31;0;2;1;1;1
202000022291;154 703 007;33;0;2;1;1;1
202000022291;154 703 008;7;0;2;1;15;1
202000022292;154 703 005;7;6;0;3;1;1
202000022293;154 703 004;7;2;0;1;13;1
202000022294;154 703 002;2;0;2;1;2;1
202000022294;154 703 003;21;0;2;3;15;1
202000022295;154 703 000;33;6;2;2;17;0
202000022295;154 703 001;7;0;2;8;15;0
202000022296;154 702 999;7;13;0;1;1;1
202000022297;154 702 997;7;0;1;3;13;1
202000022298;154 702 996;7;14;0;1;1;1
202000022299;154 702 994;33;0;1;1;1;1
202000022300;154 702 992;10;0;2;8;1;1
202000022300;154 702 993;10;0;2;1;16;1
202000022301;154 702 991;7;1;0;1;15;1
202000022302;154 702 987;7;0;2;6;1;1
202000022302;154 702 988;80;0;2;7;14;3
202000022303;154 702 985;80;0;2;7;0;3
202000022303;154 702 986;7;0;2;3;1;1
202000022304;154 702 983;7;0;2;8;12;1
202000022304;154 702 984;33;0;2;7;2;1
202000022305;154 702 981;7;0;2;3;13;1
202000022305;154 702 982;7;0;2;3;1;1
202000022306;154 702 979;7;0;2;6;2;0
202000022306;154 702 980;7;0;2;1;1;0
202000022307;154 702 977;1;1;0;1;1;5
202000022307;154 702 978;7;0;9;8;24;1
202000022308;154 702 975;7;0;9;3;24;1
202000022308;154 702 976;1;1;0;1;1;5
202000022309;154 702 974;30;12;0;1;13;1
202000022310;154 702 972;7;0;2;2;15;1
202000022310;154 702 973;1;0;2;1;19;5
202000022311;154 702 970;32;0;2;3;1;1
202000022311;154 702 971;7;0;2;3;15;1
202000022312;154 702 969;7;13;0;3;13;1
202000022313;154 702 967;7;0;2;1;1;1
202000022313;154 702 968;7;0;2;1;15;1
202000022314;154 702 965;7;0;2;2;15;1
202000022314;154 702 966;7;0;2;3;9;1
202000022315;154 702 963;7;0;2;2;1;1
202000022315;154 702 964;10;0;2;1;1;1
202000022316;154 702 962;33;3;0;2;14;1
202000022317;154 702 960;30;0;2;1;16;1
202000022317;154 702 961;10;0;2;4;23;1
202000022318;154 702 958;7;0;2;1;1;1
202000022318;154 702 959;30;0;2;2;1;1
202000022319;154 702 957;32;0;1;1;1;6
202000022320;154 702 954;7;15;0;8;26;0
202000022321;154 702 953;7;2;0;7;19;1
202000022322;154 702 951;7;0;2;5;0;1
202000022322;154 702 952;7;0;2;1;9;0
202000022323;154 702 950;7;0;1;2;1;2
202000022324;154 702 946;50;0;2;7;2;3
202000022324;154 702 947;10;0;2;8;2;1
202000022325;154 702 945;7;0;1;3;1;0
202000022326;154 702 943;7;0;2;1;9;1
202000022326;154 702 944;7;0;2;7;2;1
202000022327;154 702 941;15;0;2;3;1;0
202000022327;154 702 942;7;1;2;2;0;0
202000022328;154 702 940;7;0;1;1;1;1
202000022329;154 702 939;7;0;1;3;0;1
202000022330;154 702 937;1;0;2;0;0;5
202000022330;154 702 938;7;0;2;0;0;1
202000022331;154 702 936;1;0;0;7;16;5
202000022332;154 702 934;30;0;2;1;2;1
202000022332;154 702 935;7;0;2;1;2;0
202000022333;154 702 933;7;0;1;1;1;1
202000022334;154 702 930;37;1;0;5;7;1
202000022334;154 702 931;37;0;0;4;23;1
202000022334;154 702 932;37;1;0;1;7;1
202000022335;154 702 928;80;0;0;4;1;0
202000022335;154 702 929;7;0;2;1;1;1
202000022336;154 702 927;7;0;1;3;1;1
202000022337;154 702 925;7;2;2;1;9;1
202000022337;154 702 926;7;0;2;6;9;1
202000022338;154 702 923;7;0;2;1;1;1
202000022338;154 702 924;7;0;2;4;1;1
202000022339;154 702 921;7;0;2;2;19;1
202000022339;154 702 922;7;0;2;3;1;1
202000022340;154 702 919;7;0;2;1;15;1
202000022340;154 702 920;7;0;2;1;1;1
202000022341;154 702 917;0;0;2;0;14;0
202000022341;154 702 918;1;1;2;7;1;5
202000022342;154 702 915;7;0;2;3;9;1
202000022342;154 702 916;33;0;2;2;1;1
202000022343;154 702 913;7;8;2;1;1;1
202000022343;154 702 914;7;0;2;5;1;1
202000022344;154 702 911;2;0;2;1;1;1
202000022344;154 702 912;7;0;2;1;19;1
202000022345;154 702 908;7;0;2;5;1;1
202000022345;154 702 909;7;0;2;6;1;1
202000022345;154 702 910;7;0;2;1;1;1
202000022346;154 702 906;10;0;2;4;1;1
202000022346;154 702 907;33;0;2;1;1;1
202000022347;154 702 905;7;0;0;1;1;1
202000022348;154 702 904;7;0;1;1;1;1
202000022349;154 702 903;7;0;1;1;16;1
202000022350;154 702 901;2;0;2;1;17;1
202000022350;154 702 902;7;0;2;3;15;0
202000022351;154 702 900;7;0;1;1;1;1
202000022352;154 702 898;7;0;2;0;0;1
202000022352;154 702 899;32;0;2;7;9;1
202000022353;154 702 897;7;0;1;2;1;1
202000022354;154 702 896;7;0;1;2;16;1
202000022355;154 702 894;7;0;2;2;15;1
202000022355;154 702 895;7;0;2;3;15;1
202000022356;154 702 893;7;3;0;2;14;
202000022357;154 702 892;30;0;0;3;1;1
202000022358;154 702 890;7;0;2;2;13;1
202000022358;154 702 891;7;0;2;5;1;1
202000022359;154 702 887;14;0;2;2;16;1
202000022359;154 702 888;17;0;2;2;16;0
202000022359;154 702 889;7;4;2;6;1;2
202000022360;154 702 886;33;14;0;3;16;1
202000022361;154 702 883;14;0;2;1;1;1
202000022361;154 702 884;33;0;2;1;1;1
202000022361;154 702 885;7;0;2;8;13;1
202000022362;154 702 882;33;0;1;1;17;1
202000022363;154 702 880;7;0;2;1;15;1
202000022363;154 702 881;2;0;2;8;1;1
202000022364;154 702 878;32;0;2;8;1;1
202000022364;154 702 879;7;0;2;1;1;1
202000022365;154 702 876;32;0;2;1;17;1
202000022365;154 702 877;14;0;2;8;15;1
202000022366;154 702 874;7;0;2;3;15;2
202000022366;154 702 875;33;0;2;7;8;1
202000022367;154 702 872;30;0;2;3;1;1
202000022367;154 702 873;10;0;2;3;16;1
202000022368;154 702 869;7;0;2;1;1;1
202000022368;154 702 870;7;0;2;3;1;1
202000022368;154 702 871;34;0;2;2;17;1
202000022369;154 702 867;32;0;2;8;17;1
202000022369;154 702 868;10;0;2;3;13;1
202000022370;154 702 863;33;0;1;1;1;1
202000022371;154 702 861;10;0;2;3;15;1
202000022371;154 702 862;33;0;2;2;1;1
202000022372;154 702 860;1;0;1;1;1;5
202000022373;154 702 859;7;0;1;1;15;1
202000022374;154 702 858;1;0;1;8;5;5
202000022375;154 702 857;1;0;1;5;1;5
202000022376;154 702 855;7;0;2;3;15;2
202000022376;154 702 856;1;0;2;3;1;5
202000022377;154 702 853;43;0;2;2;1;1
202000022377;154 702 854;7;0;2;8;9;1
202000022378;154 702 851;2;0;2;1;1;1
202000022378;154 702 852;7;0;2;3;10;1
202000022379;154 702 850;7;0;1;2;1;0
202000022380;154 702 848;30;0;2;3;1;1
202000022380;154 702 849;7;0;2;5;1;1
202000022381;154 702 846;7;0;2;5;16;1
202000022381;154 702 847;37;0;2;3;1;1
202000022382;154 702 844;7;0;2;1;2;1
202000022382;154 702 845;7;0;0;5;2;1
202000022383;154 702 843;7;0;1;2;1;1
202000022384;154 702 842;7;0;1;1;1;1
202000022385;154 702 840;33;0;2;1;0;6
202000022385;154 702 841;7;0;2;3;15;6
202000022386;154 702 838;2;1;0;1;13;0
202000022386;154 702 839;7;1;0;3;13;0
202000022387;154 702 836;10;0;2;2;17;0
202000022387;154 702 837;37;0;2;3;1;0
202000022388;154 702 833;7;0;2;3;15;1
202000022388;154 702 834;32;0;2;2;17;1
202000022388;154 702 835;1;0;9;0;0;5
202000022389;154 702 831;31;0;2;3;1;1
202000022389;154 702 832;7;0;2;3;15;1
202000022390;154 702 830;3;0;1;0;15;1
202000022391;154 702 828;7;0;2;4;1;1
202000022391;154 702 829;7;0;2;1;1;1
202000022392;154 702 827;34;0;1;1;1;1
202000022393;154 702 826;7;0;1;3;1;1
202000022394;154 702 825;7;0;1;1;1;1
202000022395;154 702 824;7;0;1;3;1;1
202000022396;154 702 822;7;0;2;3;11;0
202000022396;154 702 823;34;0;2;9;1;1
202000022397;154 702 820;33;0;2;8;1;1
202000022397;154 702 821;7;0;2;3;15;1
202000022398;154 702 818;7;0;2;1;1;1
202000022398;154 702 819;2;0;2;1;1;1
202000022399;154 702 817;7;0;0;0;0;1
202000022400;154 702 816;7;2;0;3;1;1
202000022401;154 702 814;10;0;2;3;13;0
202000022401;154 702 815;7;0;0;3;1;2
202000022402;154 702 812;7;0;2;1;13;1
202000022402;154 702 813;7;0;0;1;23;1
202000022403;154 702 810;3;1;0;1;14;1
202000022403;154 702 811;7;0;0;8;23;1
202000022404;154 702 807;7;0;2;3;20;1
202000022404;154 702 808;7;0;2;6;26;1
202000022404;154 702 809;33;0;2;1;1;1
202000022405;154 702 806;10;0;1;0;6;1
202000022406;154 702 804;10;0;2;8;1;2
202000022406;154 702 805;10;0;2;3;1;1
202000022407;154 702 802;7;0;2;7;1;1
202000022407;154 702 803;7;0;2;1;1;1
202000022408;154 702 801;7;0;0;1;0;1
202000022409;154 702 799;7;0;2;2;1;1
202000022409;154 702 800;7;12;2;3;1;1
202000022410;154 702 797;7;0;2;1;0;1
202000022410;154 702 798;7;0;2;1;0;1
202000022411;154 702 795;7;0;2;1;1;1
202000022411;154 702 796;7;0;0;8;15;1
202000022412;154 702 794;7;6;0;2;1;1
202000022413;154 702 793;7;13;0;2;1;1
202000022414;154 702 791;7;0;2;2;1;1
202000022414;154 702 792;1;0;2;1;1;5
202000022415;154 702 789;7;0;2;1;9;1
202000022415;154 702 790;7;0;2;8;1;1
202000022416;154 702 785;7;2;0;3;1;1
202000022417;154 702 784;7;6;0;8;1;1
202000022418;154 702 782;31;0;2;1;1;1
202000022418;154 702 783;7;0;2;8;9;1
202000022419;154 702 780;10;0;2;8;1;1
202000022419;154 702 781;31;0;0;8;16;1
202000022420;154 702 778;7;0;0;3;1;1
202000022420;154 702 779;10;0;2;2;17;1
202000022421;154 702 777;10;3;0;1;1;1
202000022422;154 702 775;33;0;2;1;18;1
202000022422;154 702 776;33;0;0;5;12;1
202000022423;154 702 773;7;0;2;4;2;1
202000022423;154 702 774;7;0;2;1;2;1
202000022424;154 702 770;7;3;0;0;1;1
202000022424;154 702 771;7;14;0;1;1;1
202000022424;154 702 772;7;0;0;4;1;1
202000022425;154 702 769;7;6;1;2;1;1
202000022426;154 702 768;7;0;1;3;1;1
202000022427;154 702 767;7;8;0;3;13;1
202000022428;154 702 766;7;0;1;6;20;1
202000022429;154 702 764;7;0;1;4;23;1
202000022429;154 702 765;7;0;2;1;2;1
202000022430;154 702 763;10;0;1;0;2;1
202000022431;154 702 761;2;3;0;2;1;1
202000022432;154 702 760;7;1;1;3;0;2
202000022433;154 702 758;7;0;2;7;19;0
202000022433;154 702 759;7;0;2;1;1;0
202000022434;154 702 756;7;0;2;4;12;1
202000022434;154 702 757;7;0;2;1;1;1
202000022435;154 702 753;34;0;2;4;3;1
202000022435;154 702 754;7;0;2;0;12;1
202000022435;154 702 755;33;0;2;1;3;1
202000022436;154 702 751;10;0;2;6;11;1
202000022436;154 702 752;32;0;2;1;1;1
202000022437;154 702 749;7;0;2;8;13;1
202000022437;154 702 750;15;0;2;2;14;1
202000022438;154 702 748;7;0;5;1;21;1
202000022439;154 702 747;7;0;1;3;1;1
202000022440;154 702 745;7;0;2;1;2;1
202000022440;154 702 746;7;0;2;0;2;1
202000022441;154 702 743;17;0;2;2;1;1
202000022441;154 702 744;7;0;2;6;13;1
202000022442;154 702 741;10;0;2;4;1;1
202000022442;154 702 742;7;0;2;1;1;1
202000022443;154 702 737;32;0;2;1;2;1
202000022443;154 702 738;2;0;2;4;1;1
202000022444;154 702 736;2;1;0;1;13;1
202000022445;154 702 734;1;0;0;4;1;0
202000022445;154 702 735;7;0;9;1;1;0
202000022446;154 702 730;7;0;2;4;1;1
202000022446;154 702 731;7;0;2;4;1;1
202000022446;154 702 732;7;0;2;1;26;1
202000022446;154 702 733;7;0;2;4;1;1
202000022447;154 702 728;1;0;2;3;1;5
202000022447;154 702 729;7;0;2;2;15;1
202000022448;154 702 727;10;0;1;1;5;1
202000022449;154 702 725;7;0;2;4;15;1
202000022449;154 702 726;7;0;2;1;1;1
202000022450;154 702 723;7;0;2;3;0;0
202000022450;154 702 724;7;0;2;3;13;0
202000022451;154 702 721;34;0;2;9;17;1
202000022451;154 702 722;7;0;2;8;10;1
202000022452;154 702 719;7;0;2;1;2;1
202000022452;154 702 720;7;0;2;8;10;1
202000022453;154 702 717;7;0;2;2;1;1
202000022453;154 702 718;7;0;2;3;14;1
202000022454;154 702 716;7;0;1;1;1;1
202000022455;154 702 715;7;0;1;0;26;0
202000022456;154 702 713;7;0;2;1;16;1
202000022456;154 702 714;50;0;2;7;1;3
202000022457;154 702 711;7;0;2;3;1;1
202000022457;154 702 712;7;0;2;3;13;1
202000022458;154 702 710;7;13;0;1;0;1
202000022459;154 702 708;7;0;2;1;2;1
202000022459;154 702 709;2;0;2;4;2;1
202000022460;154 702 706;7;0;2;1;2;1
202000022460;154 702 707;7;0;2;4;2;1
202000022461;154 702 705;33;0;1;1;1;1
202000022462;154 702 703;7;0;2;4;1;1
202000022462;154 702 704;7;0;2;1;1;1
202000022463;154 702 701;10;14;2;0;9;1
202000022463;154 702 702;7;0;2;1;9;1
202000022464;154 702 699;1;0;2;1;1;5
202000022464;154 702 700;7;0;2;3;1;1
202000022465;154 702 697;33;0;2;9;1;1
202000022465;154 702 698;7;0;2;1;15;1
202000022466;154 702 695;10;0;2;1;15;1
202000022466;154 702 696;32;0;2;1;1;1
202000022467;154 702 694;7;2;0;1;1;1
202000022468;154 702 692;7;0;2;1;1;1
202000022468;154 702 693;7;0;9;4;23;1
202000022469;154 702 691;1;0;1;1;1;5
202000022470;154 702 690;7;0;1;2;9;1
202000022471;154 702 689;7;1;0;2;14;1
202000022472;154 702 687;32;0;2;1;15;1
202000022472;154 702 688;7;0;2;4;1;1
202000022473;154 702 685;32;0;2;1;1;1
202000022473;154 702 686;7;0;2;3;9;1
202000022474;154 702 683;7;0;2;2;15;1
202000022474;154 702 684;32;0;2;1;1;1
202000022475;154 702 682;1;0;1;1;1;5
202000022476;154 702 681;7;0;1;6;20;1
202000022477;154 702 679;1;0;2;8;13;5
202000022477;154 702 680;1;0;2;7;17;5
202000022478;154 702 678;10;0;1;3;10;1
202000022479;154 702 677;50;0;0;1;1;3
202000022480;154 702 676;50;0;1;8;1;3
202000022481;154 702 675;30;12;0;3;13;3
202000022482;154 702 674;7;9;0;9;1;1
202000022483;154 702 673;7;0;1;1;1;1
202000022484;154 702 672;20;1;1;2;26;1
202000022485;154 702 670;33;0;2;3;21;1
202000022485;154 702 671;7;0;2;5;14;0
202000022486;154 702 668;2;0;2;1;1;1
202000022486;154 702 669;7;0;2;2;1;1
202000022487;154 702 667;3;0;1;6;26;1
202000022488;154 702 665;7;0;2;2;1;0
202000022488;154 702 666;1;0;2;1;1;0
202000022489;154 702 663;33;0;2;2;5;1
202000022489;154 702 664;7;0;2;7;15;1
202000022490;154 702 662;10;1;0;3;1;1
202000022491;154 702 660;7;0;9;2;2;1
202000022491;154 702 661;1;0;0;4;2;5
202000022492;154 702 659;33;14;0;1;0;0
202000022493;154 702 658;7;0;1;1;1;1
202000022494;154 702 657;7;0;0;9;0;1
202000022495;154 702 656;7;13;0;2;1;1
202000022496;154 702 654;33;0;2;1;1;1
202000022496;154 702 655;7;0;2;1;13;1
202000022497;154 702 650;7;0;2;8;15;0
202000022497;154 702 651;2;0;2;7;17;0
202000022498;154 702 648;7;0;2;2;19;1
202000022498;154 702 649;33;0;2;1;1;1
202000022499;154 702 645;31;0;2;1;2;0
202000022499;154 702 646;7;0;0;4;2;0
202000022499;154 702 647;33;0;2;8;2;0
202000022500;154 702 643;7;0;2;1;1;1
202000022500;154 702 644;7;0;2;4;15;1
202000022501;154 702 642;7;13;0;1;18;0
202000022502;154 702 641;7;0;1;2;1;1
202000022503;154 702 639;7;0;2;2;1;1
202000022503;154 702 640;7;16;2;1;13;1
202000022504;154 702 635;7;0;2;1;9;1
202000022504;154 702 636;7;0;2;1;2;1
202000022505;154 702 634;7;9;0;2;1;1
202000022506;154 702 632;7;0;2;1;1;1
202000022506;154 702 633;7;0;2;1;13;1
202000022507;154 702 630;7;0;2;3;1;1
202000022507;154 702 631;7;0;2;8;19;1
202000022508;154 702 629;7;0;0;0;0;0
202000022509;154 702 628;7;13;0;2;1;1
202000022510;154 702 627;7;0;0;7;1;1
202000022511;154 702 625;32;0;2;1;19;1
202000022511;154 702 626;10;0;2;2;19;1
202000022512;154 702 624;1;0;0;3;1;5
202000022513;154 702 622;7;0;2;1;1;1
202000022513;154 702 623;7;0;2;2;1;1
202000022514;154 702 620;7;0;2;1;1;1
202000022514;154 702 621;7;0;2;1;13;1
202000022515;154 702 619;7;1;0;2;14;1
202000022516;154 702 618;10;0;1;7;1;1
202000022517;154 702 616;10;0;2;8;15;1
202000022517;154 702 617;33;0;2;1;1;1
202000022518;154 702 614;7;0;2;8;9;1
202000022518;154 702 615;33;0;2;1;1;1
202000022519;154 702 613;7;0;1;8;1;1
202000022520;154 702 611;7;0;2;7;12;1
202000022520;154 702 612;33;0;2;8;3;1
202000022521;154 702 610;30;0;1;1;1;0
202000022522;154 702 608;7;0;2;2;16;1
202000022522;154 702 609;33;0;2;3;18;1
202000022523;154 702 606;7;0;2;3;1;1
202000022523;154 702 607;50;0;2;2;13;3
202000022524;154 702 604;50;0;2;0;1;3
202000022524;154 702 605;10;0;2;0;16;1
202000022525;154 702 602;1;0;2;4;15;5
202000022525;154 702 603;7;0;2;3;16;1
202000022526;154 702 600;7;0;2;1;18;1
202000022526;154 702 601;7;0;2;6;1;1
202000022527;154 702 599;1;12;0;1;16;5
202000022528;154 702 597;1;0;2;1;1;5
202000022528;154 702 598;7;0;2;3;1;1
202000022529;154 702 595;37;0;2;7;17;1
202000022529;154 702 596;1;0;2;8;1;5
202000022530;154 702 594;33;14;0;3;1;1
202000022531;154 702 592;1;0;2;1;1;5
202000022531;154 702 593;10;0;2;8;15;1
202000022532;154 702 590;7;0;2;2;15;1
202000022532;154 702 591;1;0;2;8;1;5
202000022533;154 702 588;30;0;2;1;15;0
202000022533;154 702 589;1;0;2;1;1;5
202000022534;154 702 586;7;0;2;3;15;1
202000022534;154 702 587;31;0;2;2;1;1
202000022535;154 702 585;7;0;1;4;4;1
202000022536;154 702 584;80;14;0;1;12;3
202000022537;154 702 582;1;0;2;1;9;5
202000022537;154 702 583;37;0;2;5;1;2
202000022538;154 702 580;7;0;2;1;1;1
202000022538;154 702 581;7;0;0;4;1;0
202000022539;154 702 579;7;2;0;1;20;0
202000022540;154 702 577;33;0;2;1;1;1
202000022540;154 702 578;7;0;2;6;15;1
202000022541;154 702 575;3;0;2;1;1;0
202000022541;154 702 576;99;0;2;8;16;1
202000022542;154 702 573;32;0;2;8;18;1
202000022542;154 702 574;10;0;2;2;16;1
202000022543;154 702 572;7;0;1;3;26;1
202000022544;154 702 570;7;0;0;0;0;1
202000022544;154 702 571;0;0;0;0;19;0
202000022545;154 702 568;7;0;0;0;0;0
202000022545;154 702 569;99;0;0;1;0;6
202000022546;154 702 565;7;0;2;6;8;1
202000022546;154 702 566;33;0;2;1;2;1
202000022546;154 702 567;7;0;2;8;15;1
202000022547;154 702 563;7;0;2;1;1;1
202000022547;154 702 564;30;0;2;1;5;1
202000022548;154 702 561;80;0;2;1;1;3
202000022548;154 702 562;30;0;9;8;15;1
202000022549;154 702 559;99;0;0;0;0;0
202000022549;154 702 560;7;0;2;3;0;1
202000022550;154 702 558;7;0;1;1;1;1
202000022551;154 702 557;14;0;1;2;26;1
202000022552;154 702 556;31;0;1;1;3;0
202000022553;154 702 554;7;0;2;4;9;1
202000022553;154 702 555;33;0;2;1;1;1
202000022554;154 702 552;1;0;2;1;19;5
202000022554;154 702 553;7;0;2;2;15;1
202000022555;154 702 550;34;0;2;3;1;1
202000022555;154 702 551;10;0;2;2;15;1
202000022556;154 702 548;7;0;0;8;15;1
202000022556;154 702 549;33;0;2;7;17;1
202000022557;154 702 547;1;0;0;0;1;5
202000022558;154 702 546;1;0;0;0;1;5
202000022559;154 702 543;7;0;2;1;1;1
202000022559;154 702 544;7;0;2;8;15;1
202000022560;154 702 539;21;0;0;6;15;0
202000022560;154 702 540;30;0;2;1;1;0
202000022561;154 702 536;1;0;2;4;1;5
202000022561;154 702 537;7;0;2;2;2;0
202000022562;154 702 533;10;0;2;3;13;1
202000022562;154 702 534;7;0;2;2;1;1
202000022562;154 702 535;7;0;2;1;1;1
202000022563;154 702 531;7;0;2;1;13;1
202000022563;154 702 532;7;0;2;1;1;1
202000022564;154 702 529;2;0;2;1;1;1
202000022564;154 702 530;7;0;2;5;15;0
202000022565;154 702 527;1;0;2;8;2;5
202000022565;154 702 528;7;0;2;7;2;1
202000022566;154 702 526;7;6;0;7;1;1
202000022567;154 702 524;7;0;2;3;1;1
202000022567;154 702 525;7;0;2;3;13;1
202000022568;154 702 522;7;0;2;3;1;1
202000022568;154 702 523;7;0;2;2;1;1
202000022569;154 702 521;7;13;0;0;0;1
202000022570;154 702 519;7;0;2;4;2;1
202000022570;154 702 520;2;0;2;1;2;1
202000022571;154 702 517;7;0;2;3;1;1
202000022571;154 702 518;7;0;2;3;1;1
202000022572;154 702 513;31;0;2;1;1;1
202000022572;154 702 514;7;0;2;8;9;1
202000022573;154 702 511;7;0;9;7;16;0
202000022573;154 702 512;1;0;2;1;1;5
202000022574;154 702 509;10;0;9;7;17;1
202000022574;154 702 510;1;0;2;8;1;6
202000022575;154 702 508;7;13;0;2;1;1
202000022576;154 702 507;7;13;0;0;18;1
202000022577;154 702 505;33;0;2;1;1;1
202000022577;154 702 506;33;0;2;3;1;1
202000022578;154 702 504;7;0;1;3;4;1
202000022579;154 702 502;7;0;2;5;15;1
202000022579;154 702 503;2;0;2;1;1;1
202000022580;154 702 498;7;0;2;1;9;1
202000022580;154 702 499;80;0;0;7;16;5
202000022581;154 702 497;10;0;1;6;4;1
202000022582;154 702 495;7;0;2;2;1;1
202000022582;154 702 496;1;0;2;3;9;5
202000022583;154 702 493;33;0;2;1;15;1
202000022583;154 702 494;7;0;2;3;1;1
202000022584;154 702 492;2;0;0;0;1;1
202000022585;154 702 490;7;0;2;3;1;1
202000022585;154 702 491;7;0;2;1;5;1
202000022586;154 702 488;33;0;2;1;6;1
202000022586;154 702 489;7;0;2;1;1;1
202000022587;154 702 485;7;0;0;8;1;1
202000022587;154 702 486;7;0;0;4;15;1
202000022587;154 702 487;7;0;2;1;17;1
202000022588;154 702 484;7;15;0;1;1;1
202000022589;154 702 481;7;1;2;1;26;0
202000022589;154 702 482;7;13;2;5;23;0
202000022589;154 702 483;7;0;9;7;24;0
202000022590;154 702 480;33;15;0;1;1;1
202000022591;154 702 478;2;0;0;8;15;1
202000022591;154 702 479;2;0;0;8;17;1
202000022592;154 702 477;7;0;1;7;1;0
202000022593;154 702 476;33;12;0;1;16;1
202000022594;154 702 475;31;13;0;2;1;1
202000022595;154 702 473;7;0;2;8;15;1
202000022595;154 702 474;7;0;2;3;1;1
202000022596;154 702 471;7;0;2;1;1;1
202000022596;154 702 472;2;0;2;1;1;1
202000022597;154 702 469;7;0;0;2;13;1
202000022597;154 702 470;7;0;2;1;2;1
202000022598;154 702 468;7;13;0;0;14;1
202000022599;154 702 467;7;17;0;1;0;1
202000022600;154 702 465;7;0;2;1;2;1
202000022600;154 702 466;7;0;0;4;2;1
202000022601;154 702 464;7;4;0;9;13;1
202000022602;154 702 463;7;0;0;1;21;1
202000022603;154 702 461;7;0;2;2;1;0
202000022603;154 702 462;7;0;2;3;1;0
202000022604;154 702 459;7;0;2;1;1;1
202000022604;154 702 460;7;13;2;7;1;1
202000022605;154 702 458;10;2;0;1;15;1
202000022606;154 702 456;33;0;2;1;2;1
202000022606;154 702 457;7;0;0;8;15;1
202000022607;154 702 454;2;0;2;7;1;5
202000022607;154 702 455;7;0;2;3;16;5
202000022608;154 702 452;2;0;2;1;1;1
202000022608;154 702 453;7;0;2;2;15;1
202000022609;154 702 450;7;0;2;3;9;1
202000022609;154 702 451;33;0;2;1;1;1
202000022610;154 702 448;33;0;2;8;1;1
202000022610;154 702 449;10;0;2;2;1;1
202000022611;154 702 446;7;0;2;1;1;0
202000022611;154 702 447;7;0;2;1;13;0
202000022612;154 702 442;7;0;0;1;2;0
202000022612;154 702 443;31;0;0;1;0;0
202000022612;154 702 444;7;0;0;1;2;0
202000022612;154 702 445;7;0;0;4;2;0
202000022613;154 702 441;7;13;0;1;26;1
202000022614;154 702 439;2;0;2;1;17;1
202000022614;154 702 440;7;0;2;8;15;1
202000022615;154 702 438;80;13;0;1;1;3
202000022616;154 702 437;7;13;0;0;1;1
202000022617;154 702 435;7;0;9;1;15;1
202000022617;154 702 436;1;0;2;7;1;5
202000022618;154 702 434;7;0;1;3;1;1
202000022619;154 702 433;10;0;1;6;4;1
202000022620;154 702 430;7;0;2;3;13;1
202000022620;154 702 431;7;0;2;8;1;1
202000022621;154 702 428;7;3;2;1;2;1
202000022621;154 702 429;7;3;0;4;2;1
202000022622;154 702 426;7;0;2;1;1;1
202000022622;154 702 427;7;0;2;8;16;1
202000022623;154 702 422;10;0;2;4;1;1
202000022623;154 702 423;7;0;2;4;1;1
202000022623;154 702 424;7;0;2;1;2;1
202000022623;154 702 425;7;0;2;4;1;1
202000022624;154 702 421;7;4;0;1;1;1