Num_Acc;id_vehicule;categorie_vehicule;obstacle_fixe;obstacle_mobile;point_choc_initial;manoeuvre_principale;motorisation
202000022625;154 702 419;7;0;9;3;2;1
202000022625;154 702 420;1;0;2;3;19;5
202000022626;154 702 417;7;0;2;5;12;1
202000022626;154 702 418;33;0;2;8;1;1
202000022627;154 702 414;7;0;2;3;11;1
202000022627;154 702 415;7;0;2;2;1;1
202000022627;154 702 416;7;0;2;6;1;1
202000022628;154 702 410;7;0;2;4;2;1
202000022628;154 702 411;7;0;2;1;1;1
202000022628;154 702 412;7;0;2;4;2;1
202000022628;154 702 413;7;0;2;4;2;1
202000022629;154 702 408;7;0;2;3;11;1
202000022629;154 702 409;33;0;2;1;2;1
202000022630;154 702 406;43;0;0;0;3;0
202000022630;154 702 407;43;0;0;0;12;0
202000022631;154 702 404;43;0;2;6;3;0
202000022631;154 702 405;7;0;2;2;12;0
202000022632;154 702 402;7;0;2;1;11;1
202000022632;154 702 403;7;0;2;7;12;1
202000022633;154 702 400;7;0;2;2;2;1
202000022633;154 702 401;31;0;2;6;11;1
202000022634;154 702 399;7;4;0;3;26;1
202000022635;154 702 397;7;0;2;8;11;1
202000022635;154 702 398;34;0;2;2;1;1
202000022636;154 702 395;15;0;2;4;2;1
202000022636;154 702 396;32;0;2;2;2;1
202000022637;154 702 393;33;0;2;1;3;1
202000022637;154 702 394;7;0;2;4;12;1
202000022638;154 702 391;33;0;2;8;3;1
202000022638;154 702 392;7;0;2;2;12;1
202000022639;154 702 389;7;0;2;2;23;1
202000022639;154 702 390;33;1;0;2;5;1
202000022640;154 702 388;7;0;1;1;1;1
202000022641;154 702 384;7;0;2;4;1;1
202000022641;154 702 385;7;0;2;4;1;1
202000022641;154 702 386;7;0;2;1;2;1
202000022642;154 702 382;33;0;2;1;17;1
202000022642;154 702 383;7;0;2;6;20;1
202000022643;154 702 380;7;0;2;3;13;1
202000022643;154 702 381;7;0;2;3;13;1
202000022644;154 702 379;7;4;0;2;1;1
202000022645;154 702 378;7;8;0;1;26;1
202000022646;154 702 375;7;0;2;1;2;1
202000022646;154 702 376;7;0;2;4;2;1
202000022646;154 702 377;7;0;2;4;2;1
202000022647;154 702 373;7;0;2;3;15;1
202000022647;154 702 374;2;0;2;7;17;1
202000022648;154 702 369;2;0;2;1;1;1
202000022648;154 702 370;7;0;9;8;19;1
202000022649;154 702 367;34;0;2;1;13;1
202000022649;154 702 368;7;0;2;8;1;0
202000022650;154 702 365;32;0;2;2;15;1
202000022650;154 702 366;7;0;2;3;15;1
202000022651;154 702 363;7;0;2;2;16;1
202000022651;154 702 364;1;0;2;1;1;0
202000022652;154 702 361;32;0;4;8;15;1
202000022652;154 702 362;40;0;2;1;1;3
202000022653;154 702 359;7;0;9;8;1;1
202000022653;154 702 360;1;0;2;1;15;0
202000022654;154 702 358;7;0;1;0;15;1
202000022655;154 702 356;33;0;2;7;1;1
202000022655;154 702 357;7;0;2;3;15;1
202000022656;154 702 354;7;0;2;1;15;1
202000022656;154 702 355;99;0;2;3;0;1
202000022657;154 702 352;7;0;0;4;26;1
202000022657;154 702 353;7;0;2;1;2;0
202000022658;154 702 348;7;0;2;4;26;0
202000022658;154 702 349;7;0;2;1;26;0
202000022658;154 702 350;7;0;2;4;1;3
202000022658;154 702 351;31;0;2;1;1;1
202000022659;154 702 347;1;6;0;1;26;1
202000022660;154 702 345;33;0;2;1;26;1
202000022660;154 702 346;7;0;2;6;10;1
202000022661;154 702 344;7;0;1;3;15;2
202000022662;154 702 342;34;0;2;1;1;1
202000022662;154 702 343;7;0;2;6;0;1
202000022663;154 702 340;7;0;2;1;1;1
202000022663;154 702 341;7;0;2;4;2;1
202000022664;154 702 339;14;0;0;8;1;1
202000022665;154 702 337;7;0;2;1;15;1
202000022665;154 702 338;32;0;2;7;1;1
202000022666;154 702 335;7;0;2;8;2;1
202000022666;154 702 336;7;0;2;1;15;1
202000022667;154 702 333;7;0;2;1;1;1
202000022667;154 702 334;7;0;2;1;5;1
202000022668;154 702 331;30;0;2;1;17;1
202000022668;154 702 332;7;0;2;3;15;1
202000022669;154 702 329;7;0;2;8;19;1
202000022669;154 702 330;7;0;2;1;19;1
202000022670;154 702 327;7;0;2;3;26;1
202000022670;154 702 328;7;0;2;8;1;1
202000022671;154 702 325;1;1;0;1;1;5
202000022671;154 702 326;7;0;2;8;22;1
202000022672;154 702 323;7;0;2;1;1;1
202000022672;154 702 324;7;0;2;2;15;1
202000022673;154 702 322;7;0;1;2;1;1
202000022674;154 702 320;7;5;4;3;16;1
202000022674;154 702 321;40;0;2;0;0;3
202000022675;154 702 318;7;0;2;1;1;1
202000022675;154 702 319;1;0;2;1;17;5
202000022676;154 702 316;7;0;2;7;2;0
202000022676;154 702 317;33;0;2;1;18;1
202000022677;154 702 314;7;0;2;3;13;1
202000022677;154 702 315;7;0;2;3;1;1
202000022678;154 702 313;30;4;0;1;1;1
202000022679;154 702 311;7;0;2;1;1;1
202000022679;154 702 312;30;0;2;7;19;1
202000022680;154 702 310;10;6;0;1;13;1
202000022681;154 702 308;7;0;2;1;1;1
202000022681;154 702 309;7;0;2;7;1;1
202000022682;154 702 306;32;0;2;2;1;1
202000022682;154 702 307;7;0;2;6;9;1
202000022683;154 702 305;10;0;0;1;0;1
202000022684;154 702 304;1;0;0;8;26;5
202000022685;154 702 302;1;0;2;1;1;5
202000022685;154 702 303;7;0;2;7;15;1
202000022686;154 702 300;2;0;2;7;1;1
202000022686;154 702 301;7;0;2;3;15;1
202000022687;154 702 297;7;0;2;4;2;1
202000022687;154 702 298;7;0;2;4;2;1
202000022687;154 702 299;7;0;2;1;2;1
202000022688;154 702 296;7;0;1;1;1;1
202000022689;154 702 294;1;0;2;1;1;0
202000022689;154 702 295;10;0;9;8;22;1
202000022690;154 702 292;2;0;2;1;1;1
202000022690;154 702 293;7;0;2;8;10;1
202000022691;154 702 290;7;0;2;7;0;1
202000022691;154 702 291;7;0;2;1;0;1
202000022692;154 702 288;7;0;2;7;0;1
202000022692;154 702 289;7;0;2;1;0;1
202000022693;154 702 286;10;0;2;7;1;1
202000022693;154 702 287;30;0;2;1;26;1
202000022694;154 702 285;33;4;0;1;26;1
202000022695;154 702 284;2;12;0;1;26;0
202000022696;154 702 283;7;0;1;2;2;1
202000022697;154 702 281;7;0;2;3;1;1
202000022697;154 702 282;33;0;2;3;13;1
202000022698;154 702 279;33;0;2;1;1;1
202000022698;154 702 280;7;0;2;8;15;1
202000022699;154 702 277;7;0;2;1;1;1
202000022699;154 702 278;7;0;2;3;1;0
202000022700;154 702 275;7;0;1;1;1;1
202000022700;154 702 276;7;0;1;1;1;1
202000022701;154 702 273;7;0;2;1;1;1
202000022701;154 702 274;37;0;2;1;15;1
202000022702;154 702 271;7;0;2;3;16;1
202000022702;154 702 272;7;0;2;3;1;1
202000022703;154 702 270;7;0;1;0;0;1
202000022704;154 702 269;13;0;1;1;1;1
202000022705;154 702 267;1;0;2;7;2;5
202000022705;154 702 268;7;0;2;2;9;1
202000022706;154 702 265;7;0;2;1;1;1
202000022706;154 702 266;7;0;2;3;1;1
202000022707;154 702 263;2;0;2;1;1;1
202000022707;154 702 264;7;0;2;0;19;1
202000022708;154 702 262;7;3;0;1;26;1
202000022709;154 702 260;7;0;2;3;9;1
202000022709;154 702 261;1;0;2;1;1;5
202000022710;154 702 259;33;0;1;7;2;1
202000022711;154 702 258;32;0;0;1;1;1
202000022712;154 702 256;33;0;2;7;1;1
202000022712;154 702 257;32;0;2;1;1;1
202000022713;154 702 254;31;0;2;1;1;1
202000022713;154 702 255;7;0;2;8;15;1
202000022714;154 702 253;7;0;1;3;15;1
202000022715;154 702 252;37;0;1;3;1;1
202000022716;154 702 251;7;0;1;1;16;1
202000022717;154 702 249;7;0;2;1;2;1
202000022717;154 702 250;7;0;2;4;23;1
202000022718;154 702 247;7;0;2;2;9;1
202000022718;154 702 248;2;0;2;1;1;1
202000022719;154 702 246;7;9;1;1;26;1
202000022720;154 702 245;7;0;1;3;2;1
202000022721;154 702 243;99;0;1;1;25;1
202000022722;154 702 242;7;0;1;1;1;1
202000022723;154 702 241;7;0;1;1;1;1
202000022724;154 702 239;7;0;2;1;9;1
202000022724;154 702 240;37;0;2;7;1;1
202000022725;154 702 235;10;0;2;4;23;1
202000022725;154 702 236;14;0;2;1;2;1
202000022725;154 702 237;10;0;2;4;23;1
202000022725;154 702 238;7;0;2;4;23;1
202000022726;154 702 233;7;0;2;1;1;1
202000022726;154 702 234;7;0;2;4;1;1
202000022727;154 702 232;7;0;1;1;1;1
202000022728;154 702 231;7;0;1;3;17;1
202000022729;154 702 229;2;0;2;1;1;1
202000022729;154 702 230;7;0;2;3;15;1
202000022730;154 702 227;2;0;2;1;19;1
202000022730;154 702 228;7;0;2;2;1;1
202000022731;154 702 224;7;0;2;8;1;0
202000022731;154 702 225;7;0;2;5;15;0
202000022731;154 702 226;37;0;2;1;21;6
202000022732;154 702 222;7;0;2;1;1;1
202000022732;154 702 223;10;0;2;4;4;1
202000022733;154 702 220;1;0;2;1;1;5
202000022733;154 702 221;7;0;2;3;15;1
202000022734;154 702 219;7;0;1;3;15;1
202000022735;154 702 218;7;0;1;1;15;2
202000022736;154 702 216;7;0;2;3;1;2
202000022736;154 702 217;30;0;2;1;1;1
202000022737;154 702 215;37;0;1;7;1;1
202000022738;154 702 214;34;0;0;7;1;1
202000022739;154 702 212;7;0;2;0;2;1
202000022739;154 702 213;34;0;2;7;17;1
202000022740;154 702 211;30;0;0;5;1;1
202000022741;154 702 209;1;12;2;1;19;5
202000022741;154 702 210;7;0;2;3;16;1
202000022742;154 702 207;37;0;2;1;1;1
202000022742;154 702 208;7;0;2;7;1;1
202000022743;154 702 205;34;0;2;3;21;1
202000022743;154 702 206;7;0;2;2;1;2
202000022744;154 702 204;7;0;1;1;1;1
202000022745;154 702 202;7;0;2;3;1;1
202000022745;154 702 203;30;0;2;1;15;1
202000022746;154 702 200;7;0;2;4;0;1
202000022746;154 702 201;7;0;2;1;0;1
202000022747;154 702 199;33;0;0;1;1;0
202000022748;154 702 198;7;0;1;1;1;1
202000022749;154 702 197;32;0;1;1;13;1
202000022750;154 702 195;7;0;2;1;1;0
202000022750;154 702 196;7;0;2;3;1;6
202000022751;154 702 194;7;0;1;3;1;1
202000022752;154 702 192;7;0;2;3;15;1
202000022752;154 702 193;43;0;2;1;1;1
202000022753;154 702 191;10;0;1;4;26;1
202000022754;154 702 190;1;0;1;1;1;5
202000022755;154 702 189;7;0;1;1;15;1
202000022756;154 702 187;7;0;2;3;15;1
202000022756;154 702 188;33;0;2;2;17;1
202000022757;154 702 185;33;0;2;0;2;1
202000022757;154 702 186;10;0;2;4;26;1
202000022758;154 702 184;7;0;1;1;1;1
202000022759;154 702 183;7;0;0;9;0;1
202000022760;154 702 179;7;4;2;7;1;1
202000022760;154 702 180;7;0;2;8;17;1
202000022760;154 702 181;17;0;2;6;1;1
202000022761;154 702 178;1;0;0;0;1;5
202000022762;154 702 177;7;8;0;3;1;1
202000022763;154 702 175;7;0;2;5;15;1
202000022763;154 702 176;33;0;2;1;1;1
202000022764;154 702 174;2;12;0;1;0;1
202000022765;154 702 172;7;0;0;4;1;1
202000022765;154 702 173;33;0;2;1;1;0
202000022766;154 702 171;31;6;0;2;1;1
202000022767;154 702 170;7;0;1;6;4;1
202000022768;154 702 169;2;13;0;2;1;1
202000022769;154 702 167;7;0;2;1;1;0
202000022769;154 702 168;7;0;2;3;19;0
202000022770;154 702 165;3;16;0;4;1;1
202000022770;154 702 166;7;0;2;1;1;1
202000022771;154 702 163;7;4;0;0;21;1
202000022771;154 702 164;7;0;0;0;5;1
202000022772;154 702 160;7;3;2;1;0;1
202000022772;154 702 161;7;0;2;2;1;1
202000022772;154 702 162;7;3;2;7;17;1
202000022773;154 702 158;7;0;2;3;1;1
202000022773;154 702 159;33;12;2;8;15;1
202000022774;154 702 157;7;2;0;1;2;1
202000022775;154 702 155;7;0;2;1;1;1
202000022775;154 702 156;7;0;2;1;5;1
202000022776;154 702 154;7;0;0;0;1;0
202000022777;154 702 153;7;0;1;3;1;1
202000022778;154 702 152;7;2;9;7;1;0
202000022779;154 702 151;10;0;0;9;1;1
202000022780;154 702 149;1;0;2;6;16;5
202000022780;154 702 150;7;0;9;5;17;0
202000022781;154 702 148;36;13;0;1;1;1
202000022782;154 702 146;33;0;2;0;17;1
202000022782;154 702 147;10;0;2;3;1;1
202000022783;154 702 145;7;0;1;2;1;1
202000022784;154 702 143;1;0;2;1;1;5
202000022784;154 702 144;7;0;2;5;19;1
202000022785;154 702 141;7;0;9;2;2;1
202000022785;154 702 142;1;0;2;4;2;5
202000022786;154 702 139;7;0;2;1;9;1
202000022786;154 702 140;10;10;2;3;17;1
202000022787;154 702 137;7;0;2;8;15;1
202000022787;154 702 138;10;0;2;1;1;1
202000022788;154 702 136;7;13;6;3;13;1
202000022789;154 702 134;2;0;2;1;0;1
202000022789;154 702 135;7;0;0;3;19;1
202000022790;154 702 131;7;0;2;2;1;1
202000022790;154 702 132;1;0;2;8;19;5
202000022791;154 702 130;7;2;0;1;1;1
202000022792;154 702 129;3;13;0;3;13;1
202000022793;154 702 127;10;0;2;1;1;1
202000022793;154 702 128;3;0;2;4;1;1
202000022794;154 702 126;17;2;0;1;13;1
202000022795;154 702 124;7;0;2;1;1;1
202000022795;154 702 125;15;0;0;4;2;1
202000022796;154 702 123;7;0;6;1;1;1
202000022797;154 702 119;43;14;0;7;17;1
202000022797;154 702 120;7;12;0;2;14;1
202000022798;154 702 116;7;0;2;1;1;1
202000022798;154 702 117;7;0;0;8;1;1
202000022798;154 702 118;7;0;2;2;17;1
202000022799;154 702 114;7;0;2;3;13;1
202000022799;154 702 115;15;0;2;1;21;1
202000022800;154 702 112;15;0;2;4;1;1
202000022800;154 702 113;7;0;2;1;1;1
202000022801;154 702 110;7;0;2;1;19;1
202000022801;154 702 111;17;0;2;3;19;1
202000022802;154 702 109;7;0;1;1;1;1
202000022803;154 702 107;7;0;2;3;9;1
202000022803;154 702 108;2;0;2;5;2;1
202000022804;154 702 106;7;0;1;3;1;1
202000022805;154 702 105;7;6;0;2;1;0
202000022806;154 702 103;7;0;2;3;17;1
202000022806;154 702 104;32;0;2;3;1;1
202000022807;154 702 101;7;0;2;1;17;1
202000022807;154 702 102;7;0;2;1;1;1
202000022808;154 702 100;7;0;5;1;19;1
202000022809;154 702 099;7;0;1;8;1;1
202000022810;154 702 098;7;2;0;3;14;1
202000022811;154 702 096;7;0;2;3;5;1
202000022811;154 702 097;15;0;2;1;1;1
202000022812;154 702 094;7;0;2;2;1;0
202000022812;154 702 095;1;0;2;2;1;0
202000022813;154 702 090;10;0;2;4;1;1
202000022813;154 702 091;10;0;2;1;26;1
202000022813;154 702 092;10;0;2;4;1;1
202000022814;154 702 088;7;0;2;4;23;1
202000022814;154 702 089;33;0;2;1;2;1
202000022815;154 702 086;14;0;2;4;1;1
202000022815;154 702 087;7;0;2;1;14;1
202000022816;154 702 084;7;0;0;0;11;1
202000022816;154 702 085;33;0;0;2;3;1
202000022817;154 702 082;7;0;2;3;21;1
202000022817;154 702 083;7;0;2;5;1;1
202000022818;154 702 080;7;0;2;1;26;1
202000022818;154 702 081;7;0;2;6;2;1
202000022819;154 702 076;7;0;2;1;1;6
202000022819;154 702 077;7;0;2;4;1;6
202000022820;154 702 075;7;0;1;8;1;6
202000022821;154 702 073;50;0;1;8;19;3
202000022821;154 702 074;7;0;2;1;1;0
202000022822;154 702 071;32;0;2;8;15;1
202000022822;154 702 072;7;0;2;2;1;1
202000022823;154 702 070;7;0;1;1;17;1
202000022824;154 702 068;2;0;2;3;13;1
202000022824;154 702 069;7;0;2;1;21;1
202000022825;154 702 066;31;0;2;2;21;1
202000022825;154 702 067;7;0;2;4;15;1
202000022826;154 702 064;7;0;2;1;13;1
202000022826;154 702 065;7;0;2;3;0;1
202000022827;154 702 063;7;0;1;1;15;1
202000022828;154 702 061;33;0;2;1;26;1
202000022828;154 702 062;7;0;2;2;15;1
202000022829;154 702 059;10;1;0;0;0;1
202000022829;154 702 060;33;0;2;6;1;1
202000022830;154 702 058;50;0;2;0;21;3
202000022831;154 702 057;7;0;1;2;1;1
202000022832;154 702 056;2;1;1;1;1;1
202000022833;154 702 055;7;0;1;2;1;1
202000022834;154 702 054;37;0;1;1;1;2
202000022835;154 702 052;1;0;2;4;16;5
202000022835;154 702 053;7;0;2;2;16;1
202000022836;154 702 050;7;0;2;1;1;1
202000022836;154 702 051;7;0;2;1;26;1
202000022837;154 702 046;7;0;2;5;1;1
202000022837;154 702 047;7;0;2;3;1;1
202000022837;154 702 048;7;0;2;8;21;1
202000022837;154 702 049;7;1;2;1;5;1
202000022838;154 702 044;7;0;2;6;1;1
202000022838;154 702 045;7;0;2;2;1;1
202000022839;154 702 043;7;0;0;0;21;1
202000022840;154 702 042;30;0;1;1;16;1
202000022841;154 702 040;1;0;2;1;1;5
202000022841;154 702 041;10;0;2;3;26;1
202000022842;154 702 039;7;0;1;1;1;1
202000022843;154 702 038;7;0;1;1;1;1
202000022844;154 702 036;7;0;2;1;1;1
202000022844;154 702 037;7;0;2;2;15;1
202000022845;154 702 034;7;0;0;0;0;0
202000022845;154 702 035;7;3;2;2;9;0
202000022846;154 702 033;37;0;1;2;26;6
202000022847;154 702 032;7;14;0;1;14;1
202000022848;154 702 031;30;0;0;0;21;1
202000022849;154 702 029;2;0;2;1;1;1
202000022849;154 702 030;7;0;2;2;15;1
202000022850;154 702 027;7;0;2;2;1;1
202000022850;154 702 028;1;0;2;1;1;5
202000022851;154 702 025;7;0;0;0;0;0
202000022851;154 702 026;7;0;0;4;23;0
202000022852;154 702 023;7;0;2;3;0;1
202000022852;154 702 024;1;0;2;1;0;5
202000022853;154 702 022;7;0;1;1;1;1
202000022854;154 702 019;7;0;2;2;1;1
202000022854;154 702 020;7;9;2;6;17;1
202000022854;154 702 021;7;0;2;8;26;1
202000022855;154 702 018;7;0;1;1;1;1
202000022856;154 702 016;2;1;0;1;2;1
202000022856;154 702 017;7;1;0;4;23;1
202000022857;154 702 015;1;0;1;1;0;0
202000022858;154 702 013;33;0;2;7;17;1
202000022858;154 702 014;7;0;2;3;17;1
202000022859;154 702 011;31;0;2;8;1;1
202000022859;154 702 012;7;0;2;1;19;1
202000022860;154 702 010;7;0;1;3;15;1
202000022861;154 702 008;32;0;2;1;1;1
202000022861;154 702 009;7;0;2;2;15;1
202000022862;154 702 006;7;0;2;1;1;1
202000022862;154 702 007;7;0;2;7;1;1
202000022863;154 702 005;15;0;1;0;1;0
202000022864;154 702 003;7;0;2;2;1;1
202000022864;154 702 004;2;0;2;7;1;1
202000022865;154 702 002;7;0;1;7;16;3
202000022866;154 702 000;7;0;2;6;15;1
202000022866;154 702 001;31;0;2;1;17;1
202000022867;154 701 999;15;0;1;0;11;1
202000022868;154 701 997;7;0;2;3;1;1
202000022868;154 701 998;7;0;2;2;1;1
202000022869;154 701 995;10;0;2;0;26;1
202000022869;154 701 996;30;0;2;0;0;1
202000022870;154 701 993;7;0;0;6;15;1
202000022870;154 701 994;2;0;2;2;17;1
202000022871;154 701 991;7;0;2;7;16;1
202000022871;154 701 992;37;0;2;2;2;1
202000022872;154 701 989;30;0;2;1;2;1
202000022872;154 701 990;7;0;2;5;23;1
202000022873;154 701 987;7;0;0;1;1;0
202000022873;154 701 988;30;0;2;8;1;1
202000022874;154 701 986;7;0;1;4;9;1
202000022875;154 701 984;10;0;2;3;13;1
202000022875;154 701 985;33;0;2;2;1;1
202000022876;154 701 983;33;0;0;0;1;1
202000022877;154 701 981;15;0;2;7;1;1
202000022877;154 701 982;32;0;2;1;2;1
202000022878;154 701 980;17;8;0;7;15;1
202000022879;154 701 978;2;0;2;2;26;1
202000022879;154 701 979;7;0;9;8;15;1
202000022880;154 701 976;10;0;2;2;2;1
202000022880;154 701 977;2;0;2;8;2;1
202000022881;154 701 974;10;0;2;1;1;1
202000022881;154 701 975;10;0;2;3;9;1
202000022882;154 701 972;10;0;2;1;15;1
202000022882;154 701 973;7;0;2;7;1;1
202000022883;154 701 971;7;0;1;3;1;1
202000022884;154 701 969;31;0;2;1;13;1
202000022884;154 701 970;7;0;2;1;1;1
202000022885;154 701 968;7;0;1;2;1;0
202000022886;154 701 966;10;0;2;2;15;1
202000022886;154 701 967;33;0;2;1;1;1
202000022887;154 701 965;1;1;0;1;21;5
202000022888;154 701 963;7;0;2;1;1;1
202000022888;154 701 964;50;0;2;7;1;3
202000022889;154 701 961;50;0;2;1;2;3
202000022889;154 701 962;1;0;2;1;13;5
202000022890;154 701 960;7;0;1;1;15;1
202000022891;154 701 959;7;0;1;1;1;2
202000022892;154 701 957;7;0;2;0;0;0
202000022892;154 701 958;1;0;2;0;1;5
202000022893;154 701 956;1;0;1;1;15;5
202000022894;154 701 954;7;0;2;5;22;1
202000022894;154 701 955;1;0;2;1;18;5
202000022895;154 701 952;7;0;2;2;15;1
202000022895;154 701 953;33;0;2;1;1;1
202000022896;154 701 951;33;0;0;0;0;1
202000022897;154 701 945;7;0;2;8;19;1
202000022897;154 701 946;31;0;2;1;1;1
202000022897;154 701 947;13;0;0;1;1;1
202000022898;154 701 943;3;0;2;3;1;1
202000022898;154 701 944;10;0;2;3;5;1
202000022899;154 701 942;33;0;0;0;0;0
202000022900;154 701 940;7;0;2;3;13;1
202000022900;154 701 941;7;0;2;2;1;1
202000022901;154 701 938;7;0;2;3;0;0
202000022901;154 701 939;7;0;2;3;13;0
202000022902;154 701 936;10;0;9;3;1;1
202000022902;154 701 937;1;0;0;8;19;5
202000022903;154 701 935;7;0;1;3;15;1
202000022904;154 701 933;7;0;2;3;1;0
202000022904;154 701 934;7;0;2;3;13;0
202000022905;154 701 931;30;0;2;1;5;1
202000022905;154 701 932;7;0;2;3;1;1
202000022906;154 701 929;7;0;2;1;1;1
202000022906;154 701 930;7;0;0;4;1;1
202000022907;154 701 928;7;0;1;3;1;1
202000022908;154 701 926;33;0;2;2;17;1
202000022908;154 701 927;7;0;2;3;15;1
202000022909;154 701 924;7;14;0;3;1;1
202000022909;154 701 925;7;4;0;9;1;1
202000022910;154 701 923;7;0;1;5;4;1
202000022911;154 701 922;32;0;0;0;21;1
202000022912;154 701 921;7;1;0;2;0;1
202000022913;154 701 919;7;0;9;3;1;0
202000022913;154 701 920;80;0;2;7;1;3
202000022914;154 701 917;1;0;2;8;1;5
202000022914;154 701 918;7;0;0;3;1;1
202000022915;154 701 915;7;0;2;1;24;1
202000022915;154 701 916;7;1;0;1;1;1
202000022916;154 701 914;33;0;0;9;17;1
202000022917;154 701 913;7;4;0;3;1;1
202000022918;154 701 911;7;0;2;1;2;1
202000022918;154 701 912;7;0;2;4;1;1
202000022919;154 701 909;7;4;2;5;2;1
202000022919;154 701 910;7;4;2;3;2;1
202000022920;154 701 907;7;0;2;1;17;1
202000022920;154 701 908;7;0;2;6;11;1
202000022921;154 701 905;15;0;2;1;2;1
202000022921;154 701 906;7;0;2;6;1;1
202000022922;154 701 903;33;0;2;9;2;1
202000022922;154 701 904;7;0;2;0;2;1
202000022923;154 701 901;7;3;2;1;2;1
202000022923;154 701 902;10;0;2;4;2;1
202000022924;154 701 900;7;5;0;9;2;1
202000022925;154 701 897;15;0;2;1;2;1
202000022925;154 701 898;7;0;2;4;2;1
202000022925;154 701 899;15;0;2;1;2;1
202000022926;154 701 895;7;0;2;8;11;1
202000022926;154 701 896;33;0;2;3;2;1
202000022927;154 701 893;10;0;0;0;0;0
202000022927;154 701 894;33;0;2;1;14;1
202000022928;154 701 889;7;0;0;0;26;1
202000022928;154 701 890;7;0;0;0;23;2
202000022928;154 701 891;7;0;0;0;23;2
202000022928;154 701 892;7;0;0;0;2;1
202000022929;154 701 886;17;0;2;2;12;1
202000022929;154 701 887;7;0;2;8;1;1
202000022929;154 701 888;33;0;2;7;3;1
202000022930;154 701 885;7;0;1;2;1;1
202000022931;154 701 883;10;0;2;1;1;1
202000022931;154 701 884;2;0;2;8;1;1
202000022932;154 701 882;7;0;1;8;2;1
202000022933;154 701 880;7;0;2;1;2;1
202000022933;154 701 881;7;0;2;4;2;1
202000022934;154 701 879;10;0;1;1;19;1
202000022935;154 701 877;7;0;2;1;1;2
202000022935;154 701 878;7;0;2;1;1;1
202000022936;154 701 875;7;0;9;8;15;6
202000022936;154 701 876;1;0;2;7;1;6
202000022937;154 701 873;7;0;2;2;19;1
202000022937;154 701 874;32;0;2;2;19;1
202000022938;154 701 871;7;0;2;2;15;1
202000022938;154 701 872;33;0;2;1;7;1
202000022939;154 701 869;1;0;2;0;0;5
202000022939;154 701 870;7;16;0;7;9;1
202000022940;154 701 867;2;0;2;1;1;1
202000022940;154 701 868;7;0;2;3;16;2
202000022941;154 701 866;30;0;0;0;1;0
202000022942;154 701 864;7;0;2;1;15;1
202000022942;154 701 865;30;0;2;1;17;1
202000022943;154 701 862;1;0;2;1;16;0
202000022943;154 701 863;14;0;2;5;1;1
202000022944;154 701 860;1;0;2;0;0;5
202000022944;154 701 861;7;0;2;1;1;1
202000022945;154 701 858;7;0;2;3;0;1
202000022945;154 701 859;7;0;2;3;0;1
202000022946;154 701 857;34;0;0;0;26;1
202000022947;154 701 855;7;0;2;1;13;0
202000022947;154 701 856;7;0;2;1;1;0
202000022948;154 701 853;7;0;2;1;1;1
202000022948;154 701 854;30;0;2;3;15;1
202000022949;154 701 852;7;0;1;1;26;1
202000022950;154 701 851;10;0;1;3;26;1
202000022951;154 701 850;7;0;1;1;1;1
202000022952;154 701 849;7;0;1;1;15;0
202000022953;154 701 847;7;0;2;3;0;0
202000022953;154 701 848;7;0;2;2;26;1
202000022954;154 701 846;10;0;1;6;23;1
202000022955;154 701 844;7;0;9;3;1;1
202000022955;154 701 845;1;0;2;1;5;0
202000022956;154 701 842;33;0;2;1;1;1
202000022956;154 701 843;7;0;2;8;15;1
202000022957;154 701 840;7;0;2;1;5;1
202000022957;154 701 841;7;0;2;1;1;1
202000022958;154 701 839;7;0;1;1;1;1
202000022959;154 701 833;7;0;2;3;9;1
202000022959;154 701 834;7;0;2;7;26;1
202000022960;154 701 830;7;0;2;1;1;1
202000022960;154 701 831;2;0;2;3;1;1
202000022960;154 701 832;7;0;2;1;13;1
202000022961;154 701 828;7;0;0;0;15;1
202000022961;154 701 829;33;0;2;0;1;1
202000022962;154 701 827;7;2;0;1;0;1
202000022963;154 701 825;10;0;2;8;19;1
202000022963;154 701 826;7;0;2;1;1;1
202000022964;154 701 822;7;0;2;1;1;1
202000022964;154 701 823;7;0;2;1;1;1
202000022964;154 701 824;7;0;2;1;13;1
202000022965;154 701 821;31;0;0;0;26;1
202000022966;154 701 819;7;0;2;6;16;1
202000022966;154 701 820;1;0;2;1;1;5
202000022967;154 701 818;36;15;0;3;13;1
202000022968;154 701 816;7;0;2;2;16;1
202000022968;154 701 817;1;0;2;4;1;5
202000022969;154 701 814;32;0;0;0;0;
202000022969;154 701 815;7;0;2;0;19;1
202000022970;154 701 812;7;0;2;2;9;1
202000022970;154 701 813;7;0;2;3;1;1
202000022971;154 701 811;32;12;0;0;1;1
202000022972;154 701 809;1;0;2;6;1;5
202000022972;154 701 810;7;0;2;3;1;1
202000022973;154 701 807;7;0;9;3;19;1
202000022973;154 701 808;1;0;2;8;1;5
202000022974;154 701 805;7;0;2;1;1;1
202000022974;154 701 806;1;0;2;6;19;5
202000022975;154 701 803;7;0;2;0;0;0
202000022975;154 701 804;1;0;2;4;0;5
202000022976;154 701 801;7;0;2;2;15;1