Num_Acc;id_vehicule;categorie_vehicule;obstacle_fixe;obstacle_mobile;point_choc_initial;manoeuvre_principale;motorisation
202000022976;154 701 802;99;0;2;1;21;1
202000022977;154 701 799;7;0;2;1;1;1
202000022977;154 701 800;7;0;2;3;1;1
202000022978;154 701 798;10;0;1;8;1;1
202000022979;154 701 796;7;0;2;8;1;1
202000022979;154 701 797;7;0;2;1;1;1
202000022980;154 701 794;10;0;2;3;1;1
202000022980;154 701 795;2;0;2;1;5;1
202000022981;154 701 792;30;0;2;0;0;1
202000022981;154 701 793;7;0;2;3;15;1
202000022982;154 701 791;7;0;1;1;1;1
202000022983;154 701 789;10;0;2;6;23;1
202000022983;154 701 790;33;0;2;7;17;1
202000022984;154 701 788;7;1;1;2;0;0
202000022985;154 701 787;1;0;2;3;26;0
202000022986;154 701 786;7;0;1;1;19;0
202000022987;154 701 784;30;0;0;0;1;1
202000022987;154 701 785;7;0;0;0;20;0
202000022988;154 701 782;7;0;2;8;1;1
202000022988;154 701 783;7;0;2;1;1;1
202000022989;154 701 780;7;0;2;3;9;0
202000022989;154 701 781;1;0;2;7;1;5
202000022990;154 701 778;7;0;2;2;16;1
202000022990;154 701 779;2;0;2;8;16;1
202000022991;154 701 776;1;0;2;7;1;5
202000022991;154 701 777;7;0;2;3;9;1
202000022992;154 701 774;10;0;2;2;2;1
202000022992;154 701 775;33;0;2;4;23;1
202000022993;154 701 772;1;0;2;1;19;5
202000022993;154 701 773;7;0;2;8;1;1
202000022994;154 701 770;7;0;2;8;9;1
202000022994;154 701 771;34;0;2;1;1;1
202000022995;154 701 768;0;0;2;1;2;0
202000022995;154 701 769;7;0;2;4;2;1
202000022996;154 701 766;99;0;2;1;5;5
202000022996;154 701 767;7;0;2;3;13;1
202000022997;154 701 764;33;0;2;1;1;0
202000022997;154 701 765;7;0;2;6;1;0
202000022998;154 701 762;7;0;2;1;2;1
202000022998;154 701 763;32;0;2;4;2;1
202000022999;154 701 759;7;0;2;3;16;1
202000022999;154 701 760;1;0;2;1;19;5
202000023000;154 701 757;33;0;2;1;7;1
202000023000;154 701 758;7;0;2;5;16;1
202000023001;154 701 755;7;0;2;3;2;1
202000023001;154 701 756;7;0;2;4;2;1
202000023002;154 701 753;7;0;2;2;26;1
202000023002;154 701 754;33;0;2;1;0;1
202000023003;154 701 751;7;0;2;6;1;3
202000023003;154 701 752;30;0;2;1;9;1
202000023004;154 701 749;7;0;2;4;23;1
202000023004;154 701 750;33;0;2;1;2;1
202000023005;154 701 748;33;0;1;9;18;1
202000023006;154 701 746;7;0;2;7;1;1
202000023006;154 701 747;7;0;2;1;9;1
202000023007;154 701 744;7;0;2;3;1;1
202000023007;154 701 745;3;0;2;3;13;1
202000023008;154 701 743;7;6;0;1;13;1
202000023009;154 701 742;7;5;0;1;12;1
202000023010;154 701 740;1;0;2;0;0;5
202000023010;154 701 741;7;0;2;0;0;1
202000023011;154 701 738;7;0;2;2;16;1
202000023011;154 701 739;2;0;2;1;1;1
202000023012;154 701 736;10;0;2;2;1;1
202000023012;154 701 737;1;0;2;1;5;5
202000023013;154 701 734;7;0;2;3;1;1
202000023013;154 701 735;7;0;2;1;1;1
202000023014;154 701 732;7;0;2;1;1;1
202000023014;154 701 733;1;0;2;1;25;5
202000023015;154 701 730;33;0;2;1;1;1
202000023015;154 701 731;7;0;2;6;15;1
202000023016;154 701 729;7;0;1;0;0;0
202000023017;154 701 728;37;0;1;1;21;1
202000023018;154 701 727;7;0;1;1;26;1
202000023019;154 701 725;7;0;2;3;9;1
202000023019;154 701 726;1;0;2;1;26;0
202000023020;154 701 724;7;0;1;1;9;1
202000023021;154 701 723;7;0;1;3;9;1
202000023022;154 701 721;7;0;2;4;0;1
202000023022;154 701 722;7;0;2;3;2;1
202000023023;154 701 720;7;0;1;1;15;1
202000023024;154 701 718;33;0;2;1;1;1
202000023024;154 701 719;7;0;2;3;9;1
202000023025;154 701 716;2;0;2;7;2;1
202000023025;154 701 717;10;0;2;8;15;1
202000023026;154 701 714;7;0;2;3;13;0
202000023026;154 701 715;7;0;2;3;1;0
202000023027;154 701 712;7;0;2;1;1;1
202000023027;154 701 713;30;0;2;1;1;1
202000023028;154 701 710;2;0;2;1;1;1
202000023028;154 701 711;7;0;2;2;15;1
202000023029;154 701 708;30;0;2;1;17;1
202000023029;154 701 709;7;0;2;8;15;1
202000023030;154 701 704;7;0;2;6;1;1
202000023030;154 701 705;34;0;2;1;3;1
202000023030;154 701 706;31;0;2;4;3;1
202000023030;154 701 707;32;0;2;4;1;1
202000023031;154 701 702;7;0;2;2;11;1
202000023031;154 701 703;7;0;2;6;1;1
202000023032;154 701 700;10;0;2;3;23;1
202000023032;154 701 701;1;0;2;1;13;5
202000023033;154 701 699;30;0;1;1;1;1
202000023034;154 701 698;50;0;0;0;1;3
202000023035;154 701 696;32;0;2;1;17;1
202000023035;154 701 697;10;0;2;3;15;1
202000023036;154 701 695;7;0;1;2;1;1
202000023037;154 701 693;1;0;2;5;1;5
202000023037;154 701 694;30;0;2;0;13;0
202000023038;154 701 691;7;0;2;3;15;1
202000023038;154 701 692;33;0;2;3;1;1
202000023039;154 701 689;7;0;2;2;9;1
202000023039;154 701 690;31;0;2;3;1;1
202000023040;154 701 688;7;2;0;1;1;1
202000023041;154 701 687;30;0;1;3;1;1
202000023042;154 701 685;7;0;2;2;12;1
202000023042;154 701 686;1;0;2;8;7;5
202000023043;154 701 683;34;0;2;7;1;1
202000023043;154 701 684;10;0;2;3;10;1
202000023044;154 701 682;31;0;0;8;1;1
202000023045;154 701 681;1;0;0;1;21;5
202000023046;154 701 679;33;0;2;0;15;1
202000023046;154 701 680;7;0;2;1;19;1
202000023047;154 701 677;7;0;2;3;10;1
202000023047;154 701 678;2;0;2;1;17;1
202000023048;154 701 675;1;0;2;8;1;5
202000023048;154 701 676;7;0;2;0;0;0
202000023049;154 701 673;32;0;2;8;16;1
202000023049;154 701 674;7;0;2;2;1;1
202000023050;154 701 671;32;0;0;2;19;1
202000023050;154 701 672;7;0;2;8;22;1
202000023051;154 701 670;31;0;0;1;1;1
202000023052;154 701 668;7;0;2;3;26;1
202000023052;154 701 669;80;1;2;0;0;3
202000023053;154 701 667;10;8;0;1;26;0
202000023054;154 701 666;7;0;1;2;26;0
202000023055;154 701 664;7;0;0;4;2;1
202000023055;154 701 665;7;7;2;1;2;1
202000023056;154 701 662;1;1;0;1;1;5
202000023056;154 701 663;7;0;0;0;22;1
202000023057;154 701 660;7;0;2;4;15;1
202000023057;154 701 661;1;0;2;1;2;5
202000023058;154 701 659;7;15;0;1;13;2
202000023059;154 701 657;7;0;2;5;26;0
202000023059;154 701 658;10;0;1;3;0;0
202000023060;154 701 655;7;0;2;1;2;0
202000023060;154 701 656;7;0;2;4;23;0
202000023061;154 701 654;1;15;1;1;13;5
202000023062;154 701 652;32;0;2;1;1;1
202000023062;154 701 653;10;0;2;4;20;1
202000023063;154 701 651;33;0;1;1;1;1
202000023064;154 701 649;7;0;2;3;24;1
202000023064;154 701 650;7;1;0;2;0;0
202000023065;154 701 648;7;0;1;1;1;1
202000023066;154 701 647;7;6;0;1;1;1
202000023067;154 701 645;7;0;2;1;16;1
202000023067;154 701 646;1;0;0;7;19;5
202000023068;154 701 644;7;0;1;2;1;1
202000023069;154 701 642;7;0;2;3;0;1
202000023069;154 701 643;33;0;2;1;0;1
202000023070;154 701 640;7;0;2;2;1;1
202000023070;154 701 641;1;0;2;8;9;5
202000023071;154 701 639;7;15;0;1;1;1
202000023072;154 701 636;7;3;2;1;17;1
202000023072;154 701 637;7;0;2;4;11;1
202000023072;154 701 638;7;3;2;6;1;1
202000023073;154 701 635;7;8;0;1;1;1
202000023074;154 701 634;33;13;0;7;1;1
202000023075;154 701 633;33;16;0;9;1;1
202000023076;154 701 632;7;17;0;3;13;1
202000023077;154 701 631;7;0;1;1;1;0
202000023078;154 701 629;7;0;9;8;2;1
202000023078;154 701 630;1;0;2;7;2;5
202000023079;154 701 627;7;0;2;0;1;1
202000023079;154 701 628;1;0;2;4;1;5
202000023080;154 701 626;10;0;1;4;26;1
202000023081;154 701 624;7;0;2;3;19;3
202000023081;154 701 625;7;0;2;2;1;1
202000023082;154 701 622;7;3;2;3;17;1
202000023082;154 701 623;7;0;2;3;1;1
202000023083;154 701 620;7;0;2;8;10;1
202000023083;154 701 621;15;0;2;2;1;1
202000023084;154 701 618;7;0;2;8;19;1
202000023084;154 701 619;7;0;2;1;1;1
202000023085;154 701 616;7;0;2;3;1;1
202000023085;154 701 617;7;0;2;2;5;1
202000023086;154 701 615;7;6;0;1;13;1
202000023087;154 701 614;7;0;1;1;1;1
202000023088;154 701 612;7;0;1;3;1;1
202000023089;154 701 610;33;0;0;3;1;0
202000023089;154 701 611;7;0;2;3;9;0
202000023090;154 701 609;7;0;1;2;1;1
202000023091;154 701 607;7;0;0;3;1;0
202000023091;154 701 608;7;0;2;3;17;0
202000023092;154 701 605;34;0;2;1;1;1
202000023092;154 701 606;7;0;2;1;5;1
202000023093;154 701 603;43;0;2;3;1;1
202000023093;154 701 604;7;0;2;7;16;1
202000023094;154 701 602;7;0;1;4;4;0
202000023095;154 701 599;7;0;2;3;15;1
202000023095;154 701 600;7;0;2;6;23;2
202000023095;154 701 601;33;0;2;1;17;1
202000023096;154 701 597;31;0;2;2;17;1
202000023096;154 701 598;14;0;2;3;10;1
202000023097;154 701 594;30;0;2;7;3;3
202000023097;154 701 595;7;0;2;6;16;1
202000023097;154 701 596;7;0;2;5;16;1
202000023098;154 701 592;7;0;2;3;1;1
202000023098;154 701 593;50;0;2;7;1;3
202000023099;154 701 591;50;8;0;1;25;3
202000023100;154 701 589;50;0;2;1;1;3
202000023100;154 701 590;7;0;2;0;15;1
202000023101;154 701 587;7;0;2;8;1;2
202000023101;154 701 588;50;0;2;7;1;3
202000023102;154 701 585;7;0;2;2;1;3
202000023102;154 701 586;80;0;2;1;13;3
202000023103;154 701 583;33;0;2;8;13;1
202000023103;154 701 584;30;0;2;2;9;0
202000023104;154 701 577;7;0;2;2;5;1
202000023104;154 701 578;7;0;2;3;0;1
202000023104;154 701 579;33;0;2;2;3;1
202000023105;154 701 576;7;0;1;7;16;0
202000023106;154 701 574;99;15;0;4;16;3
202000023106;154 701 575;7;15;0;3;16;1
202000023107;154 701 572;10;0;2;1;16;0
202000023107;154 701 573;10;0;2;7;17;0
202000023108;154 701 570;7;0;2;4;2;0
202000023108;154 701 571;7;0;2;1;1;0
202000023109;154 701 569;10;1;1;2;1;0
202000023110;154 701 567;1;0;2;3;1;5
202000023110;154 701 568;30;0;2;1;19;0
202000023111;154 701 565;7;0;2;1;15;1
202000023111;154 701 566;33;0;2;3;2;1
202000023112;154 701 563;15;0;2;1;12;1
202000023112;154 701 564;7;0;2;8;1;1
202000023113;154 701 561;1;0;2;1;5;5
202000023113;154 701 562;7;0;2;1;1;1
202000023114;154 701 559;7;0;2;1;21;1
202000023114;154 701 560;7;0;2;3;15;1
202000023115;154 701 557;7;3;2;8;1;1
202000023115;154 701 558;10;3;2;7;17;1
202000023116;154 701 556;33;0;0;7;1;1
202000023117;154 701 554;7;2;2;1;1;1
202000023117;154 701 555;7;0;2;1;13;1
202000023118;154 701 553;7;13;0;1;17;0
202000023119;154 701 552;7;0;0;0;2;6
202000023120;154 701 551;7;13;0;2;1;0
202000023121;154 701 550;31;9;0;1;16;1
202000023122;154 701 549;7;13;0;1;18;1
202000023123;154 701 548;7;13;0;0;13;1
202000023124;154 701 547;33;0;0;7;1;1
202000023125;154 701 546;7;6;0;1;1;1
202000023126;154 701 545;7;16;0;9;13;1
202000023127;154 701 544;7;1;1;7;21;1
202000023128;154 701 543;1;13;0;0;21;5
202000023129;154 701 542;36;6;0;3;1;1
202000023130;154 701 540;7;0;2;7;17;1
202000023130;154 701 541;7;0;2;8;1;1
202000023131;154 701 539;7;0;1;1;1;1
202000023132;154 701 537;33;0;2;1;1;1
202000023132;154 701 538;7;0;2;3;15;1
202000023133;154 701 535;21;0;2;3;15;1
202000023133;154 701 536;2;0;2;8;21;1
202000023134;154 701 533;10;0;2;1;3;1
202000023134;154 701 534;33;0;2;1;26;1
202000023135;154 701 531;7;0;2;1;13;1
202000023135;154 701 532;7;0;2;1;1;1
202000023136;154 701 529;7;0;2;3;13;1
202000023136;154 701 530;7;0;2;3;1;1
202000023137;154 701 528;33;8;0;7;1;1
202000023138;154 701 527;1;0;0;0;0;5
202000023139;154 701 526;33;13;0;1;1;1
202000023140;154 701 525;7;0;0;0;0;1
202000023141;154 701 523;7;0;0;5;2;1
202000023141;154 701 524;33;0;2;1;2;1
202000023142;154 701 520;7;0;2;3;23;1
202000023142;154 701 521;7;0;2;7;19;1
202000023142;154 701 522;7;7;2;1;1;1
202000023143;154 701 519;2;0;1;1;1;1
202000023144;154 701 517;7;0;2;6;15;1
202000023144;154 701 518;34;0;2;3;0;1
202000023145;154 701 516;7;8;0;3;1;1
202000023146;154 701 515;7;4;0;2;1;1
202000023147;154 701 514;7;0;1;0;0;1
202000023148;154 701 511;33;0;2;1;0;1
202000023148;154 701 512;7;0;2;1;10;1
202000023149;154 701 510;7;8;0;2;1;1
202000023150;154 701 508;15;0;9;5;17;1
202000023150;154 701 509;1;0;2;8;1;6
202000023151;154 701 507;7;6;0;1;0;1
202000023152;154 701 505;33;0;2;1;1;1
202000023152;154 701 506;7;0;2;1;15;1
202000023153;154 701 503;7;0;2;3;17;1
202000023153;154 701 504;34;0;2;1;1;1
202000023154;154 701 501;7;0;2;3;1;1
202000023154;154 701 502;7;0;2;1;13;1
202000023155;154 701 499;33;0;2;1;1;1
202000023155;154 701 500;7;0;2;2;13;1
202000023156;154 701 497;33;0;0;4;2;1
202000023156;154 701 498;7;0;2;1;1;1
202000023157;154 701 495;7;0;9;7;16;1
202000023157;154 701 496;1;0;2;8;1;5
202000023158;154 701 494;7;13;0;1;0;0
202000023159;154 701 493;2;13;0;0;26;1
202000023160;154 701 492;33;3;0;8;1;0
202000023161;154 701 490;10;0;2;1;1;1
202000023161;154 701 491;7;0;2;1;1;1
202000023162;154 701 489;7;6;0;9;1;1
202000023163;154 701 488;7;4;0;2;0;1
202000023164;154 701 487;33;12;0;0;0;1
202000023165;154 701 486;7;0;0;0;1;1
202000023166;154 701 484;7;0;1;1;21;1
202000023166;154 701 485;17;0;1;3;21;1
202000023167;154 701 483;7;13;0;0;13;1
202000023168;154 701 481;7;0;2;1;2;1
202000023168;154 701 482;30;0;2;1;13;1
202000023169;154 701 480;2;0;0;9;1;1
202000023170;154 701 479;7;0;0;7;14;1
202000023171;154 701 477;7;0;9;8;1;1
202000023171;154 701 478;13;0;2;0;0;0
202000023172;154 701 475;7;13;0;7;1;1
202000023172;154 701 476;7;0;2;1;19;1
202000023173;154 701 474;7;2;0;1;1;1
202000023174;154 701 473;7;13;0;1;14;1
202000023175;154 701 471;7;0;2;1;2;1
202000023175;154 701 472;7;0;2;4;2;1
202000023176;154 701 470;36;0;1;3;1;1
202000023177;154 701 468;31;0;2;1;13;1
202000023177;154 701 469;7;0;2;8;1;1
202000023178;154 701 467;33;13;0;1;1;1
202000023179;154 701 466;7;8;0;1;1;1
202000023180;154 701 465;7;14;0;9;11;1
202000023181;154 701 463;10;0;0;3;23;1
202000023181;154 701 464;1;1;0;1;1;5
202000023182;154 701 461;7;0;0;8;15;1
202000023182;154 701 462;33;0;0;2;17;1
202000023183;154 701 458;7;0;2;1;1;1
202000023183;154 701 459;7;0;2;3;9;1
202000023184;154 701 456;7;0;9;2;2;1
202000023184;154 701 457;1;0;2;3;2;5
202000023185;154 701 454;7;0;2;1;1;1
202000023185;154 701 455;7;0;2;1;13;1
202000023186;154 701 452;7;0;2;1;1;1
202000023186;154 701 453;7;0;2;1;17;1
202000023187;154 701 450;7;0;2;2;13;1
202000023187;154 701 451;7;0;2;1;1;1
202000023188;154 701 448;10;0;2;1;2;1
202000023188;154 701 449;7;0;2;4;2;1
202000023189;154 701 447;7;4;0;3;13;2
202000023190;154 701 446;7;4;0;1;13;1
202000023191;154 701 445;7;4;0;9;21;1
202000023192;154 701 443;10;0;0;6;1;1
202000023192;154 701 444;31;0;2;1;26;1
202000023193;154 701 441;7;0;2;1;2;1
202000023193;154 701 442;7;0;2;4;1;1
202000023194;154 701 440;7;0;2;9;1;1
202000023195;154 701 439;7;4;0;2;14;1
202000023196;154 701 437;7;0;;4;1;1
202000023196;154 701 438;7;0;2;1;2;1
202000023197;154 701 435;7;0;2;4;2;1
202000023197;154 701 436;7;0;2;1;2;1
202000023198;154 701 433;7;0;2;5;12;1
202000023198;154 701 434;33;0;2;3;3;1
202000023199;154 701 432;15;1;0;1;26;1
202000023200;154 701 430;30;0;2;8;19;0
202000023200;154 701 431;7;0;2;1;1;1
202000023201;154 701 428;7;0;2;3;15;1
202000023201;154 701 429;30;0;2;1;17;1
202000023202;154 701 427;37;0;1;7;13;1
202000023203;154 701 425;2;0;2;7;17;1
202000023203;154 701 426;7;0;2;3;20;1
202000023204;154 701 423;7;0;2;8;13;0
202000023204;154 701 424;7;0;2;8;1;0
202000023205;154 701 421;7;0;2;8;13;1
202000023205;154 701 422;7;0;2;8;1;1
202000023206;154 701 419;50;1;0;1;1;3
202000023206;154 701 420;7;0;9;8;24;1
202000023207;154 701 416;7;0;2;1;2;1
202000023207;154 701 417;7;0;2;9;2;1
202000023207;154 701 418;7;0;2;4;2;1
202000023208;154 701 414;1;0;2;5;19;5
202000023208;154 701 415;7;0;2;3;9;1
202000023209;154 701 412;7;0;2;1;1;1
202000023209;154 701 413;31;0;2;7;1;1
202000023210;154 701 411;7;0;1;1;1;1
202000023211;154 701 409;7;0;2;1;15;1
202000023211;154 701 410;33;0;2;6;16;1
202000023212;154 701 407;7;1;0;3;20;1
202000023212;154 701 408;7;0;2;3;24;1
202000023213;154 701 405;7;14;0;1;2;0
202000023213;154 701 406;7;0;2;4;23;0
202000023214;154 701 399;33;0;2;1;17;1
202000023214;154 701 400;7;0;2;3;15;6
202000023215;154 701 398;32;0;0;0;21;1
202000023216;154 701 396;7;0;2;3;16;1
202000023216;154 701 397;7;0;2;1;21;1
202000023217;154 701 394;7;0;2;2;19;0
202000023217;154 701 395;33;0;2;1;21;0
202000023218;154 701 393;32;14;0;1;17;1
202000023219;154 701 391;7;0;2;1;1;0
202000023219;154 701 392;10;0;2;7;5;0
202000023220;154 701 389;7;0;2;3;15;1
202000023220;154 701 390;7;0;2;3;1;1
202000023221;154 701 387;7;0;0;1;1;0
202000023221;154 701 388;50;0;2;4;26;3
202000023222;154 701 382;32;0;2;3;11;1
202000023222;154 701 383;33;0;2;2;3;1
202000023222;154 701 384;10;0;2;5;1;1
202000023223;154 701 380;31;0;2;1;0;1
202000023223;154 701 381;7;0;2;4;26;1
202000023224;154 701 379;7;0;1;1;1;1
202000023225;154 701 378;99;0;1;1;16;1
202000023226;154 701 377;7;0;1;0;9;0
202000023227;154 701 375;10;0;2;1;2;0
202000023227;154 701 376;7;0;2;9;1;0
202000023228;154 701 373;7;0;2;3;1;1
202000023228;154 701 374;1;0;0;0;0;0
202000023229;154 701 371;7;0;0;4;20;1
202000023229;154 701 372;7;0;2;2;1;1
202000023230;154 701 385;33;0;2;1;1;1
202000023230;154 701 386;7;0;2;3;16;1
202000023231;154 701 369;7;0;2;6;15;1
202000023231;154 701 370;30;0;2;1;2;1
202000023232;154 701 362;20;0;2;1;2;1
202000023232;154 701 363;7;6;0;4;1;0
202000023232;154 701 364;7;0;2;4;1;1
202000023232;154 701 365;7;0;2;9;2;1
202000023232;154 701 366;10;0;2;5;2;1
202000023233;154 701 360;7;0;2;3;13;1
202000023233;154 701 361;7;0;2;1;1;1
202000023234;154 701 358;7;0;2;2;0;1
202000023234;154 701 359;7;0;2;1;2;0
202000023235;154 701 367;31;0;2;1;1;1
202000023235;154 701 368;33;0;2;1;12;1
202000023236;154 701 356;33;0;2;2;17;0
202000023236;154 701 357;7;0;2;8;15;0
202000023237;154 701 353;7;0;1;1;1;1
202000023238;154 701 354;7;0;2;2;15;1
202000023238;154 701 355;33;0;2;1;26;1
202000023239;154 701 350;30;0;2;8;21;1
202000023239;154 701 352;7;0;2;8;2;1
202000023240;154 701 349;10;0;2;2;1;1
202000023240;154 701 351;30;11;2;8;11;1
202000023241;154 701 348;60;0;1;7;26;5
202000023242;154 701 345;7;0;2;1;2;1
202000023242;154 701 347;2;0;2;4;23;1
202000023243;154 701 344;10;0;2;1;2;1
202000023243;154 701 346;7;0;2;4;23;1
202000023244;154 701 342;7;1;0;8;0;0
202000023244;154 701 343;7;1;0;2;14;0
202000023245;154 701 339;17;0;2;2;1;1
202000023245;154 701 341;10;0;2;3;1;1
202000023246;154 701 338;7;0;2;1;9;1
202000023246;154 701 340;7;1;1;8;1;1
202000023247;154 701 337;7;0;1;1;1;1
202000023248;154 701 336;7;0;1;6;26;1
202000023249;154 701 333;7;0;2;3;1;1
202000023249;154 701 335;7;0;2;2;16;1
202000023250;154 701 331;7;0;1;2;14;1
202000023251;154 701 332;7;0;2;4;23;1
202000023251;154 701 334;7;0;2;1;1;1
202000023252;154 701 330;2;8;0;1;1;1
202000023253;154 701 328;33;0;2;1;1;1
202000023253;154 701 329;37;0;2;2;1;1
202000023254;154 701 327;2;12;0;1;1;1
202000023255;154 701 325;1;0;2;0;25;5
202000023255;154 701 326;7;0;2;0;9;1
202000023256;154 701 323;34;0;2;1;1;1
202000023256;154 701 324;7;0;2;3;19;1
202000023257;154 701 320;33;0;2;1;17;1
202000023257;154 701 322;7;0;2;3;11;1
202000023258;154 701 319;34;0;2;1;17;1
202000023258;154 701 321;32;0;2;1;1;1
202000023259;154 701 318;1;0;1;1;1;5
202000023260;154 701 316;30;0;2;1;1;1
202000023260;154 701 317;7;0;2;8;1;1
202000023261;154 701 314;1;0;2;8;1;5
202000023261;154 701 315;7;0;2;2;17;1
202000023262;154 701 309;7;0;2;4;2;1
202000023262;154 701 311;7;0;2;4;0;1
202000023262;154 701 312;7;0;2;1;2;1
202000023262;154 701 313;7;0;2;4;2;1
202000023263;154 701 306;3;2;2;2;1;3
202000023263;154 701 307;7;0;2;3;10;1
202000023264;154 701 308;7;0;2;2;15;1
202000023264;154 701 310;31;0;2;1;25;1
202000023265;154 701 303;7;0;2;1;14;1
202000023265;154 701 305;7;0;0;0;0;0
202000023266;154 701 304;7;13;0;2;1;1
202000023267;154 701 299;7;1;0;2;1;1
202000023267;154 701 300;7;0;2;1;9;1
202000023268;154 701 297;7;6;2;1;1;1
202000023268;154 701 298;7;0;2;7;15;1
202000023269;154 701 295;10;0;1;1;15;6
202000023270;154 701 294;7;0;2;1;1;1
202000023270;154 701 296;7;0;2;1;13;1
202000023271;154 701 292;7;0;2;1;1;1
202000023271;154 701 293;7;0;2;4;1;1
202000023272;154 701 290;1;0;0;0;1;5
202000023273;154 701 289;32;0;2;1;2;1
202000023274;154 701 288;1;0;2;7;1;0
202000023274;154 701 291;10;0;2;1;9;1
202000023275;154 701 284;7;0;0;0;15;1
202000023275;154 701 287;31;0;0;0;1;1
202000023276;154 701 283;7;0;1;1;19;1
202000023277;154 701 285;33;0;2;3;17;1
202000023277;154 701 286;7;0;2;2;9;1
202000023278;154 701 278;7;0;2;3;26;1
202000023278;154 701 279;2;0;2;3;1;1
202000023279;154 701 277;37;0;2;2;1;1
202000023279;154 701 280;7;15;2;3;1;1
202000023280;154 701 274;32;0;2;2;17;1
202000023280;154 701 275;7;0;2;3;15;1
202000023281;154 701 273;7;0;2;6;11;1
202000023281;154 701 276;17;0;2;2;17;1
202000023282;154 701 271;10;0;2;4;23;6
202000023282;154 701 272;7;1;0;1;1;1
202000023283;154 701 270;7;0;1;1;15;1
202000023284;154 701 269;7;0;1;0;16;1
202000023285;154 701 267;99;0;1;0;26;5
202000023286;154 701 266;2;0;2;1;0;0
202000023286;154 701 268;7;0;2;3;1;0
202000023287;154 701 263;1;0;2;1;0;5
202000023287;154 701 264;7;0;2;2;16;1
202000023288;154 701 265;7;0;1;2;1;1
202000023289;154 701 261;7;0;2;7;0;1
202000023289;154 701 262;7;0;2;1;0;1
202000023290;154 701 258;1;0;2;1;15;5
202000023290;154 701 259;30;0;2;1;1;1
202000023291;154 701 256;7;0;2;4;1;1
202000023291;154 701 257;7;0;2;1;1;1
202000023292;154 701 255;7;0;2;3;9;1
202000023292;154 701 260;37;0;2;3;0;4
202000023293;154 701 253;33;0;2;1;1;1
202000023293;154 701 254;7;0;2;5;15;1
202000023294;154 701 251;2;0;2;1;1;1
202000023294;154 701 252;7;0;2;2;15;1
202000023295;154 701 248;7;12;0;9;5;1
202000023296;154 701 246;7;0;2;3;1;1
202000023296;154 701 247;1;0;2;1;1;5
202000023297;154 701 242;7;0;2;4;1;1
202000023297;154 701 243;7;0;2;1;1;1
202000023298;154 701 244;7;0;2;6;9;1
202000023298;154 701 245;33;0;2;0;9;1
202000023299;154 701 239;1;0;2;1;17;5
202000023299;154 701 241;1;0;2;1;1;5
202000023300;154 701 240;7;13;0;1;14;1
202000023301;154 701 236;7;0;2;1;1;1
202000023301;154 701 237;10;0;2;3;1;1
202000023301;154 701 238;7;0;2;8;0;1
202000023302;154 701 234;7;16;0;3;13;1
202000023303;154 701 233;7;0;2;7;15;0
202000023303;154 701 235;30;0;2;1;1;0
202000023304;154 701 232;7;1;0;1;14;1
202000023305;154 701 231;10;1;1;5;4;1
202000023306;154 701 230;7;0;1;3;1;1
202000023307;154 701 226;7;0;2;3;9;1
202000023307;154 701 227;1;0;2;1;2;5
202000023308;154 701 222;33;0;2;1;1;1
202000023308;154 701 223;7;0;2;1;23;1
202000023309;154 701 224;7;0;2;1;1;1
202000023309;154 701 225;7;0;2;2;15;1
202000023310;154 701 218;7;0;2;1;1;1
202000023310;154 701 220;7;0;2;1;1;1
202000023310;154 701 221;32;0;2;0;0;0
202000023311;154 701 215;10;0;2;3;13;1
202000023311;154 701 216;1;1;2;7;2;5
202000023312;154 701 217;14;0;2;7;13;1
202000023312;154 701 219;1;0;2;8;0;6
202000023313;154 701 211;1;0;2;4;0;0
202000023313;154 701 212;7;0;2;0;0;1
202000023313;154 701 214;7;0;2;3;1;1
202000023314;154 701 213;7;13;0;9;1;1
202000023315;154 701 209;7;0;2;8;15;1
202000023315;154 701 210;33;0;2;1;1;1
202000023316;154 701 207;7;0;2;4;26;0
202000023316;154 701 208;7;0;2;1;2;0
202000023317;154 701 205;7;0;2;1;1;1
202000023317;154 701 206;33;0;2;1;13;1
202000023318;154 701 203;1;0;0;0;1;5
202000023319;154 701 202;20;0;2;6;15;1
202000023319;154 701 204;30;0;2;1;17;1
202000023320;154 701 201;33;0;0;1;1;1
202000023321;154 701 199;30;0;2;7;1;1
202000023321;154 701 200;7;0;2;7;0;1
202000023322;154 701 198;30;0;0;2;1;1
202000023323;154 701 197;1;0;0;0;19;5
202000023324;154 701 194;7;0;2;6;11;1
202000023324;154 701 196;33;0;2;2;3;1
202000023325;154 701 192;7;0;2;1;1;1
202000023325;154 701 193;10;0;2;5;1;1
202000023325;154 701 195;7;0;2;3;1;1
202000023326;154 701 190;33;0;2;8;1;1
202000023326;154 701 191;7;0;2;2;16;1
202000023327;154 701 189;7;0;1;0;0;0
202000023328;154 701 188;37;0;1;2;7;2
202000023329;154 701 183;1;0;2;0;1;5
202000023329;154 701 184;7;0;2;2;16;1
202000023330;154 701 185;7;0;2;3;19;1
202000023330;154 701 186;15;0;2;3;23;1
202000023330;154 701 187;7;0;2;5;1;1