Num_Acc;id_vehicule;categorie_vehicule;obstacle_fixe;obstacle_mobile;point_choc_initial;manoeuvre_principale;motorisation
202000023331;154 701 181;10;0;1;1;1;1
202000023332;154 701 180;2;0;2;7;15;6
202000023332;154 701 182;7;0;2;3;1;6
202000023333;154 701 178;1;0;2;1;1;5
202000023333;154 701 179;7;0;2;4;23;1
202000023334;154 701 176;7;0;2;3;19;0
202000023334;154 701 177;33;0;2;1;13;0
202000023335;154 701 173;7;0;0;6;15;1
202000023335;154 701 174;33;0;2;1;17;1
202000023336;154 701 172;7;0;2;1;1;1
202000023336;154 701 175;43;0;2;7;1;1
202000023337;154 701 169;7;0;1;2;1;1
202000023338;154 701 170;2;0;2;8;1;0
202000023338;154 701 171;7;0;2;3;15;0
202000023339;154 701 166;7;0;2;3;15;1
202000023339;154 701 168;1;0;2;1;1;5
202000023340;154 701 167;7;0;1;2;16;1
202000023341;154 701 164;7;0;1;3;4;1
202000023342;154 701 163;7;0;2;7;26;1
202000023342;154 701 165;7;0;2;1;1;1
202000023343;154 701 161;7;0;2;3;16;0
202000023343;154 701 162;7;8;2;1;16;1
202000023344;154 701 158;1;14;0;0;12;5
202000023345;154 701 159;7;0;2;2;1;0
202000023345;154 701 160;7;0;2;5;15;0
202000023346;154 701 154;1;0;2;3;1;5
202000023346;154 701 156;7;0;2;3;15;1
202000023347;154 701 155;50;0;2;3;13;3
202000023347;154 701 157;1;0;2;3;1;5
202000023348;154 701 151;31;0;2;1;1;1
202000023348;154 701 153;7;0;2;4;23;1
202000023349;154 701 150;7;0;2;0;15;1
202000023349;154 701 152;32;0;2;1;1;1
202000023350;154 701 149;7;0;1;0;17;1
202000023351;154 701 148;30;0;2;8;1;1
202000023352;154 701 146;7;0;2;3;9;1
202000023352;154 701 147;34;0;2;1;1;1
202000023353;154 701 145;30;0;0;0;1;1
202000023354;154 701 144;7;0;1;4;4;2
202000023355;154 701 142;1;0;1;1;1;5
202000023356;154 701 143;7;0;1;2;1;1
202000023357;154 701 140;43;12;0;1;1;1
202000023358;154 701 139;7;0;2;1;26;1
202000023358;154 701 141;7;0;2;4;23;1
202000023359;154 701 136;7;0;1;1;15;1
202000023360;154 701 137;50;0;2;8;13;3
202000023360;154 701 138;30;0;2;3;1;1
202000023361;154 701 134;7;0;2;1;9;1
202000023361;154 701 135;30;0;2;7;9;1
202000023362;154 701 133;10;0;1;3;16;1
202000023363;154 701 131;10;0;2;7;15;1
202000023363;154 701 132;32;0;2;0;0;1
202000023364;154 701 128;14;0;1;2;1;1
202000023365;154 701 126;1;0;2;0;0;0
202000023365;154 701 127;7;0;9;1;0;0
202000023366;154 701 123;7;0;2;0;0;0
202000023366;154 701 124;7;16;0;0;0;1
202000023366;154 701 125;31;0;2;7;1;0
202000023367;154 701 129;7;0;2;7;1;1
202000023367;154 701 130;33;0;2;3;1;1
202000023368;154 701 121;1;0;2;8;16;5
202000023368;154 701 122;14;0;2;7;16;1
202000023369;154 701 118;7;0;2;7;1;1
202000023369;154 701 119;7;0;2;1;1;1
202000023370;154 701 120;7;6;0;7;14;1
202000023371;154 701 116;7;0;2;4;23;1
202000023371;154 701 117;7;0;2;1;2;1
202000023372;154 701 113;32;0;2;9;17;1
202000023372;154 701 115;7;0;2;6;1;1
202000023373;154 701 112;41;0;2;1;26;6
202000023373;154 701 114;7;0;0;6;9;1
202000023374;154 701 111;31;0;0;0;1;1
202000023375;154 701 109;10;0;2;3;2;1
202000023375;154 701 110;17;0;0;0;0;1
202000023376;154 701 108;7;8;0;1;0;1
202000023377;154 701 106;7;0;2;6;19;1
202000023377;154 701 107;2;0;2;1;1;1
202000023378;154 701 104;7;0;1;1;1;1
202000023379;154 701 105;7;0;1;2;1;0
202000023380;154 701 102;10;3;2;3;1;1
202000023380;154 701 103;7;0;2;1;1;1
202000023381;154 701 101;7;0;1;2;16;1
202000023382;154 701 099;2;0;2;1;2;1
202000023382;154 701 100;2;0;0;8;10;1
202000023383;154 701 098;1;0;1;0;0;6
202000023384;154 701 097;10;2;0;2;1;1
202000023385;154 701 096;2;14;0;1;1;1
202000023386;154 701 094;7;0;2;5;1;1
202000023386;154 701 095;7;0;2;1;1;1
202000023387;154 701 093;7;17;0;1;13;1
202000023388;154 701 092;7;2;0;3;1;1
202000023389;154 701 090;7;0;2;1;13;1
202000023389;154 701 091;7;0;2;3;21;1
202000023390;154 701 088;2;0;2;1;1;1
202000023390;154 701 089;1;0;0;1;5;6
202000023391;154 701 086;7;0;2;3;16;1
202000023391;154 701 087;33;0;0;4;16;1
202000023392;154 701 084;30;0;2;7;17;1
202000023392;154 701 085;10;0;2;6;15;1
202000023393;154 701 083;7;2;0;1;1;1
202000023394;154 701 082;33;13;0;1;26;1
202000023395;154 701 081;7;16;0;2;1;1
202000023396;154 701 080;7;8;0;1;0;0
202000023397;154 701 079;7;2;0;3;1;1
202000023398;154 701 078;2;0;0;8;1;1
202000023399;154 701 074;7;0;2;1;1;1
202000023399;154 701 075;7;0;2;1;1;1
202000023399;154 701 076;7;0;9;1;1;1
202000023399;154 701 077;7;0;2;3;1;1
202000023400;154 701 071;7;2;0;8;13;1
202000023401;154 701 068;7;0;2;1;1;1
202000023401;154 701 069;2;0;2;1;15;1
202000023402;154 701 067;1;0;0;0;1;5
202000023403;154 701 065;1;0;2;1;16;5
202000023403;154 701 066;7;0;2;3;1;1
202000023404;154 701 063;15;0;2;2;1;1
202000023404;154 701 064;7;0;2;3;15;1
202000023405;154 701 062;10;2;0;3;1;1
202000023406;154 701 061;7;0;1;3;1;1
202000023407;154 701 059;7;0;2;8;1;1
202000023407;154 701 060;7;0;2;1;1;1
202000023408;154 701 056;2;12;0;7;1;1
202000023409;154 701 054;34;0;2;1;17;1
202000023409;154 701 055;7;0;2;8;15;1
202000023410;154 701 053;33;0;0;0;0;1
202000023411;154 701 051;31;0;0;0;1;1
202000023411;154 701 052;7;13;2;3;1;1
202000023412;154 701 049;7;0;2;0;26;1
202000023412;154 701 050;1;0;2;8;1;5
202000023413;154 701 047;32;12;2;7;17;1
202000023413;154 701 048;14;0;2;3;13;1
202000023414;154 701 045;31;0;2;8;1;1
202000023414;154 701 046;7;0;2;3;19;1
202000023415;154 701 044;7;17;0;2;1;1
202000023416;154 701 042;7;0;0;6;1;0
202000023416;154 701 043;7;0;0;8;5;0
202000023417;154 701 040;7;0;2;1;13;1
202000023417;154 701 041;7;0;2;2;1;1
202000023418;154 701 039;7;6;0;1;0;1
202000023419;154 701 037;7;0;2;4;2;1
202000023419;154 701 038;7;0;2;1;2;1
202000023420;154 701 035;33;0;2;7;14;1
202000023420;154 701 036;10;0;2;8;13;1
202000023421;154 701 033;10;0;2;8;1;1
202000023421;154 701 034;17;0;2;2;14;1
202000023422;154 701 031;7;4;2;3;13;0
202000023422;154 701 032;37;0;2;5;1;0
202000023423;154 701 030;10;3;0;1;14;0
202000023424;154 701 027;7;0;2;1;2;1
202000023424;154 701 028;99;0;2;1;2;1
202000023424;154 701 029;99;0;2;4;2;1
202000023425;154 701 024;7;0;2;4;2;1
202000023425;154 701 025;7;0;2;5;2;1
202000023425;154 701 026;7;0;2;3;2;1
202000023426;154 701 022;33;0;2;1;3;1
202000023426;154 701 023;7;0;2;6;11;3
202000023427;154 701 020;15;0;2;5;2;1
202000023427;154 701 021;7;0;2;1;2;1
202000023428;154 701 017;7;0;2;3;15;1
202000023428;154 701 018;32;0;2;1;17;1
202000023429;154 701 015;7;0;2;3;1;1
202000023429;154 701 016;7;0;2;2;15;1
202000023430;154 701 013;10;1;0;2;1;1
202000023430;154 701 014;10;1;0;3;1;0
202000023431;154 701 011;7;0;2;3;13;1
202000023431;154 701 012;7;0;2;3;1;1
202000023432;154 701 010;30;1;1;8;1;1
202000023433;154 701 008;7;0;2;3;15;1
202000023433;154 701 009;33;0;2;1;17;1
202000023434;154 701 006;7;0;2;2;13;0
202000023434;154 701 007;7;0;2;6;1;3
202000023435;154 701 004;10;0;2;1;1;0
202000023435;154 701 005;10;0;2;6;1;0
202000023436;154 701 003;2;1;0;2;14;1
202000023437;154 701 001;1;0;2;1;0;5
202000023437;154 701 002;50;0;2;1;0;3
202000023438;154 700 999;7;0;2;3;1;1
202000023438;154 701 000;30;0;2;1;9;1
202000023439;154 700 998;34;9;0;5;1;1
202000023440;154 700 996;1;0;2;8;1;5
202000023440;154 700 997;10;0;2;3;1;1
202000023441;154 700 994;32;0;2;1;19;1
202000023441;154 700 995;10;0;2;8;16;1
202000023442;154 700 993;36;1;0;7;1;1
202000023443;154 700 991;7;0;2;3;1;1
202000023443;154 700 992;7;0;2;6;1;1
202000023444;154 700 990;99;15;0;1;0;0
202000023445;154 700 988;10;0;2;2;15;1
202000023445;154 700 989;33;0;2;1;1;0
202000023446;154 700 986;7;0;2;0;0;1
202000023446;154 700 987;2;0;2;8;13;1
202000023447;154 700 984;7;0;2;1;2;0
202000023447;154 700 985;1;0;2;4;2;0
202000023448;154 700 981;30;0;2;1;21;1
202000023448;154 700 982;7;0;2;1;23;1
202000023449;154 700 979;7;0;2;7;1;1
202000023449;154 700 980;7;0;2;3;19;1
202000023450;154 700 978;7;0;1;1;15;1
202000023451;154 700 976;30;14;2;1;2;1
202000023451;154 700 977;7;0;0;0;0;0
202000023452;154 700 975;34;8;0;1;21;1
202000023453;154 700 974;34;1;0;1;2;1
202000023454;154 700 973;7;8;0;2;1;1
202000023455;154 700 971;34;0;2;3;1;1
202000023455;154 700 972;30;0;2;5;12;1
202000023456;154 700 969;7;0;2;2;9;1
202000023456;154 700 970;34;0;2;8;1;1
202000023457;154 700 968;14;1;0;3;13;1
202000023458;154 700 965;7;0;2;1;12;1
202000023458;154 700 966;7;0;2;4;23;1
202000023458;154 700 967;10;0;2;5;1;1
202000023459;154 700 963;7;0;1;1;2;1
202000023459;154 700 964;7;0;2;1;2;1
202000023460;154 700 959;30;0;2;4;3;1
202000023460;154 700 960;30;0;2;1;3;1
202000023460;154 700 961;7;0;2;7;23;1
202000023460;154 700 962;7;0;2;8;23;1
202000023461;154 700 958;32;0;1;2;1;1
202000023462;154 700 957;1;12;1;1;1;5
202000023463;154 700 955;7;0;2;1;16;0
202000023463;154 700 956;1;0;2;8;19;5
202000023464;154 700 953;30;0;2;1;1;3
202000023464;154 700 954;7;0;2;7;15;1
202000023465;154 700 951;33;0;2;3;7;1
202000023465;154 700 952;7;0;2;1;15;1
202000023466;154 700 949;7;0;2;8;22;1
202000023466;154 700 950;50;0;2;1;1;3
202000023467;154 700 947;30;0;2;1;1;1
202000023467;154 700 948;7;0;2;2;10;1
202000023468;154 700 945;7;0;2;3;2;1
202000023468;154 700 946;7;0;2;5;2;1
202000023469;154 700 944;37;11;0;3;7;1
202000023470;154 700 943;32;0;1;1;1;1
202000023471;154 700 941;7;0;0;0;26;0
202000023471;154 700 942;7;15;0;3;26;1
202000023472;154 700 939;32;0;2;3;1;1
202000023472;154 700 940;7;0;2;5;26;1
202000023473;154 700 938;7;0;1;2;14;0
202000023474;154 700 937;7;0;1;0;16;1
202000023475;154 700 936;7;0;1;5;9;1
202000023476;154 700 933;7;0;2;3;15;1
202000023476;154 700 934;2;0;2;2;17;1
202000023477;154 700 931;1;0;2;1;1;5
202000023477;154 700 932;7;0;2;2;1;1
202000023478;154 700 929;31;0;2;2;1;1
202000023478;154 700 930;7;0;2;3;1;1
202000023479;154 700 928;99;0;1;4;4;6
202000023480;154 700 926;7;0;2;1;1;1
202000023480;154 700 927;7;0;2;5;15;1
202000023481;154 700 925;7;0;1;1;26;1
202000023482;154 700 923;7;0;2;1;2;1
202000023482;154 700 924;7;0;2;4;23;1
202000023483;154 700 921;7;0;2;0;15;1
202000023483;154 700 922;1;0;2;7;1;5
202000023484;154 700 920;33;13;6;1;1;1
202000023485;154 700 919;32;0;0;7;1;1
202000023486;154 700 916;7;0;0;4;1;1
202000023486;154 700 918;7;0;2;2;12;1
202000023487;154 700 915;7;0;2;3;15;1
202000023487;154 700 917;33;0;2;7;17;1
202000023488;154 700 912;7;0;0;3;15;1
202000023488;154 700 914;33;0;0;0;17;1
202000023489;154 700 910;10;0;2;3;15;1
202000023489;154 700 911;1;0;2;1;1;5
202000023490;154 700 909;10;0;0;7;1;1
202000023491;154 700 908;30;0;0;8;2;1
202000023492;154 700 905;7;0;2;2;9;1
202000023492;154 700 907;7;0;2;2;11;1
202000023493;154 700 904;14;0;9;0;16;1
202000023493;154 700 906;1;0;2;0;0;5
202000023494;154 700 901;7;0;1;1;1;0
202000023494;154 700 902;0;0;2;1;19;0
202000023495;154 700 900;33;0;2;1;1;1
202000023495;154 700 903;7;0;0;8;1;1
202000023496;154 700 898;7;0;2;2;1;1
202000023496;154 700 899;32;0;2;1;1;1
202000023497;154 700 896;10;0;2;3;16;0
202000023497;154 700 897;7;5;0;2;1;0
202000023498;154 700 895;32;4;0;2;14;1
202000023499;154 700 891;32;0;2;2;1;1
202000023499;154 700 893;1;0;2;3;13;0
202000023500;154 700 892;7;1;0;2;14;1
202000023500;154 700 894;7;0;2;6;23;1
202000023501;154 700 890;37;1;1;7;16;1
202000023502;154 700 889;30;0;1;1;1;1
202000023503;154 700 887;7;0;2;1;13;1
202000023503;154 700 888;33;0;2;1;17;1
202000023504;154 700 885;7;0;2;1;26;1
202000023504;154 700 886;7;0;2;4;1;1
202000023505;154 700 884;32;0;0;0;1;1
202000023506;154 700 883;32;0;0;8;1;1
202000023507;154 700 882;50;0;1;1;1;3
202000023508;154 700 879;7;0;2;4;2;1
202000023508;154 700 880;10;0;2;4;0;1
202000023508;154 700 881;7;0;2;1;2;0
202000023509;154 700 877;7;0;2;7;16;1
202000023509;154 700 878;1;0;2;1;1;5
202000023510;154 700 875;7;0;2;2;2;1
202000023510;154 700 876;7;3;2;3;1;1
202000023511;154 700 873;32;0;2;4;1;1
202000023511;154 700 874;32;0;2;1;1;1
202000023512;154 700 872;33;0;2;0;3;1
202000023513;154 700 868;7;0;2;5;12;1
202000023513;154 700 869;34;0;2;1;3;1
202000023514;154 700 865;33;4;2;2;3;1
202000023514;154 700 866;7;0;2;8;13;1
202000023515;154 700 863;7;0;2;4;2;1
202000023515;154 700 867;10;0;2;1;2;1
202000023516;154 700 862;7;4;2;1;9;1
202000023516;154 700 864;15;0;2;1;1;1
202000023517;154 700 861;31;0;0;7;21;3
202000023518;154 700 860;7;4;0;0;1;1
202000023519;154 700 858;7;0;2;3;9;1
202000023520;154 700 859;7;12;0;1;16;1
202000023521;154 700 853;7;0;2;4;2;1
202000023521;154 700 855;7;0;2;5;2;1
202000023521;154 700 857;7;0;2;1;2;1
202000023522;154 700 854;7;0;2;4;24;1
202000023522;154 700 856;1;0;2;1;1;5
202000023523;154 700 851;7;0;2;7;1;1
202000023523;154 700 852;31;0;2;6;3;1
202000023524;154 700 850;7;0;1;1;15;1
202000023525;154 700 847;1;0;1;1;1;5
202000023526;154 700 848;15;0;2;6;23;1
202000023526;154 700 849;15;1;2;2;2;1
202000023527;154 700 845;80;0;0;1;1;3
202000023527;154 700 846;7;0;9;1;16;1
202000023528;154 700 844;34;0;2;4;1;1
202000023529;154 700 842;7;0;2;3;1;1
202000023529;154 700 843;30;0;2;1;5;1
202000023530;154 700 841;33;0;1;1;1;1
202000023531;154 700 840;7;0;1;2;16;2
202000023532;154 700 838;7;0;2;3;9;1
202000023532;154 700 839;1;0;2;3;1;6
202000023533;154 700 837;2;1;0;2;26;1
202000023534;154 700 836;7;0;1;8;15;1
202000023535;154 700 833;7;0;0;2;15;1
202000023535;154 700 835;32;0;2;3;1;1
202000023536;154 700 832;32;0;2;1;2;0
202000023536;154 700 834;7;0;9;7;10;1
202000023537;154 700 831;7;0;1;3;9;0
202000023538;154 700 829;7;0;2;4;23;1
202000023538;154 700 830;7;0;2;1;2;1
202000023539;154 700 827;7;17;4;3;21;1
202000023540;154 700 826;7;0;2;1;1;1
202000023540;154 700 828;7;0;2;2;15;1
202000023541;154 700 825;7;12;0;5;26;1
202000023542;154 700 823;7;0;0;4;2;1
202000023542;154 700 824;10;14;2;1;1;1
202000023543;154 700 821;7;0;2;3;1;1
202000023543;154 700 822;34;0;2;3;19;1
202000023544;154 700 816;7;0;2;5;17;1
202000023544;154 700 817;7;0;2;8;0;1
202000023544;154 700 818;7;0;2;0;0;1
202000023544;154 700 819;20;0;2;8;0;1
202000023545;154 700 814;7;0;2;2;15;1
202000023545;154 700 815;32;0;2;0;1;1
202000023546;154 700 812;7;0;2;3;1;1
202000023546;154 700 813;7;8;2;2;26;1
202000023547;154 700 820;7;1;0;2;1;0
202000023548;154 700 811;7;0;1;3;16;1
202000023549;154 700 808;2;0;2;1;16;0
202000023549;154 700 810;7;0;2;1;15;2
202000023550;154 700 807;7;0;2;2;15;1
202000023550;154 700 809;1;0;2;8;11;5
202000023551;154 700 804;30;0;2;1;1;1
202000023551;154 700 806;7;0;2;8;10;1
202000023552;154 700 800;33;0;2;8;1;1
202000023552;154 700 802;7;0;2;4;20;1
202000023553;154 700 799;34;0;2;1;1;1
202000023553;154 700 801;7;0;2;8;9;1
202000023554;154 700 796;38;0;2;4;2;1
202000023554;154 700 798;7;0;2;1;2;1
202000023555;154 700 795;7;0;2;3;15;0
202000023555;154 700 797;33;0;2;1;1;1
202000023556;154 700 793;7;8;2;3;21;1
202000023556;154 700 794;7;0;2;2;19;0
202000023557;154 700 792;7;0;1;1;1;1
202000023558;154 700 790;7;6;1;1;2;1
202000023559;154 700 789;7;0;1;2;1;1
202000023559;154 700 791;7;0;2;1;11;1
202000023560;154 700 787;10;0;9;8;2;0
202000023560;154 700 788;32;0;2;7;14;0
202000023561;154 700 786;7;0;1;2;1;1
202000023562;154 700 785;30;1;0;1;2;1
202000023563;154 700 782;7;0;2;4;26;1
202000023563;154 700 783;32;0;2;1;23;1
202000023564;154 700 784;7;0;1;0;1;1
202000023565;154 700 780;1;0;1;0;0;5
202000023566;154 700 779;2;0;2;1;1;1
202000023566;154 700 781;7;0;2;3;16;1
202000023567;154 700 778;7;0;1;1;26;0
202000023568;154 700 775;7;1;2;3;1;1
202000023568;154 700 777;32;1;2;1;1;1
202000023569;154 700 774;2;0;2;8;0;1
202000023569;154 700 776;7;0;9;8;0;1
202000023570;154 700 773;10;6;0;3;13;1
202000023571;154 700 772;7;0;1;0;1;1
202000023572;154 700 770;2;0;2;1;9;1
202000023572;154 700 771;7;0;0;3;1;1
202000023573;154 700 768;7;0;2;0;1;1
202000023573;154 700 769;50;0;2;0;0;3
202000023574;154 700 764;7;0;2;3;9;1
202000023574;154 700 765;2;0;2;1;1;1
202000023575;154 700 766;7;0;2;1;1;1
202000023575;154 700 767;10;0;0;0;1;1
202000023576;154 700 763;7;0;1;1;15;1
202000023577;154 700 762;7;8;9;1;0;1
202000023578;154 700 760;1;0;2;7;1;5
202000023578;154 700 761;10;0;2;1;0;0
202000023579;154 700 758;7;0;2;1;0;1
202000023579;154 700 759;7;0;2;1;13;1
202000023580;154 700 756;7;0;2;1;1;1
202000023580;154 700 757;30;0;2;8;9;1
202000023581;154 700 754;7;0;1;2;1;1
202000023582;154 700 753;33;0;2;3;1;1
202000023582;154 700 755;7;0;2;3;15;1
202000023583;154 700 751;37;0;9;7;17;1
202000023583;154 700 752;1;0;2;8;13;5
202000023584;154 700 748;7;3;2;8;14;1
202000023584;154 700 749;7;0;2;6;1;1
202000023585;154 700 750;7;1;0;2;1;1
202000023586;154 700 747;7;0;0;0;0;1
202000023587;154 700 745;7;0;2;8;9;1
202000023587;154 700 746;31;0;2;1;1;1
202000023588;154 700 743;7;0;2;1;12;1
202000023588;154 700 744;13;0;2;6;1;1
202000023589;154 700 741;7;0;2;4;1;1
202000023589;154 700 742;30;0;2;1;1;1
202000023590;154 700 740;2;11;0;1;1;1
202000023591;154 700 738;7;0;2;8;1;1
202000023591;154 700 739;7;0;2;1;1;1
202000023592;154 700 735;7;2;0;7;0;1
202000023593;154 700 734;7;6;0;7;1;1
202000023594;154 700 733;7;17;0;7;1;1
202000023595;154 700 732;7;0;2;1;1;1
202000023595;154 700 737;7;0;0;4;1;1
202000023596;154 700 731;7;2;0;1;1;1
202000023597;154 700 729;7;0;2;2;19;1
202000023597;154 700 730;30;0;2;3;9;1
202000023598;154 700 726;7;0;2;8;17;1
202000023598;154 700 728;7;0;2;7;17;6
202000023599;154 700 723;7;0;2;8;13;1
202000023599;154 700 724;7;0;2;3;1;1
202000023600;154 700 725;1;0;2;4;2;5
202000023600;154 700 727;7;0;2;1;9;1
202000023601;154 700 722;7;3;0;2;1;0
202000023602;154 700 718;2;0;2;1;1;1
202000023602;154 700 719;10;0;2;4;15;1
202000023603;154 700 720;7;0;2;1;0;0
202000023603;154 700 721;7;0;2;4;0;0
202000023604;154 700 717;7;13;0;1;1;1
202000023605;154 700 715;1;0;2;1;26;5
202000023605;154 700 716;7;0;2;1;26;1
202000023606;154 700 713;7;8;0;1;15;1
202000023607;154 700 711;7;14;1;1;1;1
202000023608;154 700 712;7;2;0;2;1;1
202000023609;154 700 709;7;0;2;1;9;1
202000023609;154 700 710;7;0;2;3;1;1
202000023610;154 700 708;7;6;0;1;1;1
202000023611;154 700 705;7;0;2;2;9;1
202000023611;154 700 707;34;0;2;1;1;1
202000023612;154 700 704;7;0;2;1;1;1
202000023612;154 700 706;10;0;2;1;5;1
202000023613;154 700 702;3;0;2;2;15;1
202000023613;154 700 703;2;0;2;1;1;1
202000023614;154 700 699;7;0;0;0;16;1
202000023614;154 700 700;33;0;2;8;1;1
202000023615;154 700 694;2;0;2;1;21;1
202000023615;154 700 696;7;0;2;6;9;1
202000023616;154 700 695;2;0;2;1;1;1
202000023616;154 700 697;7;0;2;8;15;1
202000023617;154 700 690;34;0;2;1;9;1
202000023617;154 700 693;7;0;2;2;15;1
202000023618;154 700 689;7;0;2;3;13;1
202000023618;154 700 691;7;0;2;3;1;1
202000023618;154 700 692;7;0;2;3;1;1
202000023619;154 700 687;7;2;0;8;1;1
202000023620;154 700 686;7;0;2;8;15;1
202000023620;154 700 688;32;0;2;1;23;1
202000023621;154 700 680;7;0;2;1;1;1
202000023621;154 700 682;7;0;2;4;1;1
202000023621;154 700 684;7;0;2;4;1;1
202000023621;154 700 685;7;0;2;4;1;1
202000023622;154 700 681;10;0;2;4;23;1
202000023622;154 700 683;7;0;2;1;1;1
202000023623;154 700 678;7;0;2;1;1;1
202000023623;154 700 679;7;0;2;8;13;1
202000023624;154 700 674;33;3;0;8;1;1
202000023625;154 700 675;17;0;2;3;1;1
202000023625;154 700 676;7;0;2;7;1;1
202000023625;154 700 677;7;0;2;3;13;1
202000023626;154 700 670;15;0;2;2;12;1
202000023626;154 700 672;7;0;2;6;1;1
202000023627;154 700 666;7;0;2;1;0;6
202000023627;154 700 667;7;0;2;1;0;6
202000023627;154 700 668;7;0;2;1;0;6
202000023627;154 700 669;7;3;0;1;0;1
202000023628;154 700 663;7;0;2;5;1;1
202000023628;154 700 664;33;0;2;8;3;1
202000023628;154 700 665;43;0;2;1;2;1
202000023629;154 700 661;7;0;1;1;1;1
202000023630;154 700 657;21;0;0;0;26;1
202000023631;154 700 658;10;0;2;5;22;1
202000023631;154 700 659;1;0;2;1;1;5
202000023632;154 700 652;31;0;2;8;9;1
202000023632;154 700 655;7;0;2;2;1;0
202000023633;154 700 651;7;0;1;1;19;0
202000023634;154 700 649;32;15;0;7;0;1
202000023635;154 700 648;2;0;2;4;20;1
202000023635;154 700 650;10;0;2;4;4;1
202000023636;154 700 647;1;4;0;1;1;5
202000023637;154 700 644;7;0;1;1;2;0
202000023638;154 700 645;7;0;2;1;2;1
202000023638;154 700 646;7;0;2;4;1;1
202000023639;154 700 643;7;3;0;1;1;1
202000023640;154 700 641;10;0;2;2;1;1
202000023640;154 700 642;1;0;2;2;1;5
202000023641;154 700 637;1;0;1;1;25;5
202000023642;154 700 635;7;0;2;2;15;1
202000023642;154 700 636;31;0;2;1;1;1
202000023643;154 700 633;1;0;2;2;19;5
202000023643;154 700 634;34;0;2;1;1;1
202000023644;154 700 631;32;0;2;1;19;1
202000023644;154 700 632;7;0;2;3;15;1
202000023645;154 700 629;43;0;0;1;1;1
202000023646;154 700 628;2;0;2;1;15;1
202000023646;154 700 630;13;0;2;6;15;1
202000023647;154 700 626;7;0;1;4;26;0
202000023648;154 700 625;38;0;2;1;1;1
202000023648;154 700 627;7;0;2;5;13;1
202000023649;154 700 623;7;12;2;3;15;1
202000023649;154 700 624;33;0;2;8;1;1
202000023650;154 700 621;7;0;2;1;1;1
202000023650;154 700 622;7;0;2;8;5;1
202000023651;154 700 620;7;0;1;3;0;0
202000023652;154 700 618;7;0;2;3;1;0
202000023652;154 700 619;7;0;2;3;1;0
202000023653;154 700 617;7;2;0;1;0;1
202000023654;154 700 616;7;0;1;3;15;0
202000023655;154 700 615;2;0;0;7;16;1
202000023656;154 700 614;7;0;1;7;2;1
202000023657;154 700 613;10;0;1;2;1;0
202000023658;154 700 612;7;0;1;2;16;0
202000023659;154 700 609;7;0;2;2;15;1
202000023659;154 700 611;32;0;2;2;21;1
202000023660;154 700 607;20;0;2;3;9;1
202000023660;154 700 610;2;0;2;1;1;1
202000023661;154 700 606;7;0;2;2;15;1
202000023661;154 700 608;33;0;2;1;1;1
202000023662;154 700 604;7;0;0;4;2;1
202000023662;154 700 605;7;0;2;1;2;1
202000023663;154 700 603;7;0;1;8;15;0
202000023664;154 700 602;7;0;1;2;1;1
202000023665;154 700 599;7;0;2;4;1;1
202000023665;154 700 601;7;0;2;1;2;1
202000023666;154 700 600;37;0;1;7;1;1
202000023667;154 700 598;33;0;0;0;1;1
202000023668;154 700 596;32;0;2;0;1;1
202000023668;154 700 597;30;0;2;7;21;1
202000023669;154 700 589;7;0;2;4;1;1
202000023669;154 700 590;7;0;2;1;2;1
202000023669;154 700 591;7;0;2;1;2;1
202000023669;154 700 592;7;0;2;1;2;1
202000023669;154 700 593;7;0;2;1;2;1
202000023669;154 700 594;7;0;2;1;2;1
202000023669;154 700 595;7;0;2;1;2;1
202000023670;154 700 588;7;0;1;1;15;1
202000023671;154 700 585;2;8;0;1;1;1
202000023672;154 700 586;10;0;2;1;2;1
202000023672;154 700 587;7;0;2;4;0;1
202000023673;154 700 584;7;4;0;1;1;1
202000023674;154 700 579;10;0;2;4;2;1
202000023674;154 700 580;7;0;2;4;2;1
202000023674;154 700 581;7;0;2;1;1;1
202000023675;154 700 576;7;0;2;4;2;0
202000023675;154 700 577;10;0;2;1;2;1
202000023675;154 700 578;7;0;2;4;2;1
202000023676;154 700 582;10;0;2;6;10;1
202000023676;154 700 583;7;0;2;1;1;1
202000023677;154 700 573;7;0;2;1;1;1
202000023677;154 700 575;7;0;2;4;1;1
202000023678;154 700 572;7;0;2;2;26;1
202000023678;154 700 574;10;0;2;1;0;1
202000023679;154 700 569;15;0;2;3;1;1
202000023679;154 700 570;38;0;2;8;1;1
202000023679;154 700 571;10;0;2;2;1;1
202000023680;154 700 567;10;4;0;8;2;1
202000023681;154 700 564;7;0;2;7;1;1
202000023681;154 700 566;7;0;2;8;1;1
202000023682;154 700 563;10;0;9;1;1;1
202000023682;154 700 565;2;0;2;5;16;1
202000023683;154 700 562;7;4;0;0;1;1
202000023684;154 700 561;7;4;0;1;1;1
202000023685;154 700 558;7;4;0;3;1;1
202000023686;154 700 556;7;0;2;1;2;1
202000023686;154 700 557;7;4;2;4;1;1
202000023687;154 700 551;10;0;2;3;2;1
202000023687;154 700 552;10;0;2;5;2;1
202000023687;154 700 553;14;0;2;8;1;1
202000023687;154 700 554;10;0;2;4;2;1