Num_Acc;id_vehicule;categorie_vehicule;obstacle_fixe;obstacle_mobile;point_choc_initial;manoeuvre_principale;motorisation
202000024035;154 699 927;7;0;0;4;1;1
202000024035;154 699 928;7;0;2;4;1;1
202000024036;154 699 924;7;0;2;1;1;0
202000024036;154 699 925;7;0;2;1;1;1
202000024037;154 699 923;7;0;1;3;20;1
202000024038;154 699 921;7;0;0;4;2;1
202000024038;154 699 922;33;0;2;1;2;1
202000024039;154 699 919;7;0;2;2;13;1
202000024039;154 699 920;2;0;2;1;1;1
202000024040;154 699 918;7;0;0;9;1;1
202000024041;154 699 916;1;0;2;2;1;5
202000024041;154 699 917;7;0;2;1;9;1
202000024042;154 699 915;32;12;0;1;2;1
202000024043;154 699 914;7;0;1;2;1;1
202000024044;154 699 912;7;0;2;1;11;1
202000024044;154 699 913;33;0;2;7;1;1
202000024045;154 699 910;7;0;2;5;15;1
202000024045;154 699 911;33;0;2;1;1;1
202000024046;154 699 909;33;13;0;1;1;4
202000024047;154 699 908;7;0;1;2;1;1
202000024048;154 699 907;7;15;0;1;21;1
202000024049;154 699 905;15;0;2;1;1;0
202000024049;154 699 906;33;0;2;1;5;1
202000024050;154 699 903;1;0;2;1;1;5
202000024050;154 699 904;7;0;2;5;23;0
202000024051;154 699 902;7;8;0;2;1;1
202000024052;154 699 900;33;0;2;4;23;0
202000024052;154 699 901;7;0;2;1;1;0
202000024053;154 699 898;7;0;2;7;12;1
202000024053;154 699 899;7;0;0;3;2;1
202000024054;154 699 896;33;0;2;8;1;0
202000024054;154 699 897;7;0;2;2;1;0
202000024055;154 699 894;10;0;2;3;23;1
202000024055;154 699 895;7;1;2;1;21;1
202000024056;154 699 893;7;13;0;2;1;1
202000024057;154 699 892;7;0;0;9;0;1
202000024058;154 699 889;7;0;2;1;1;0
202000024058;154 699 890;99;0;0;4;23;0
202000024059;154 699 888;36;13;0;1;1;1
202000024060;154 699 886;7;0;2;3;26;6
202000024060;154 699 887;33;0;2;3;26;1
202000024061;154 699 885;7;6;0;2;16;1
202000024062;154 699 884;7;0;0;0;1;1
202000024063;154 699 883;31;10;0;0;6;1
202000024064;154 699 882;7;0;0;0;0;0
202000024065;154 699 881;3;13;0;1;0;1
202000024066;154 699 879;33;0;2;7;13;1
202000024066;154 699 880;10;0;2;2;15;1
202000024067;154 699 878;7;2;0;3;13;1
202000024068;154 699 877;80;12;0;1;13;2
202000024069;154 699 876;33;13;0;1;14;1
202000024070;154 699 874;17;0;2;2;21;1
202000024070;154 699 875;2;0;2;1;19;1
202000024071;154 699 872;7;0;2;1;1;1
202000024071;154 699 873;7;0;2;7;1;1
202000024072;154 699 871;7;0;0;8;14;1
202000024073;154 699 870;7;13;0;9;2;0
202000024074;154 699 868;7;6;0;3;0;1
202000024075;154 699 867;36;0;0;9;1;1
202000024076;154 699 866;7;13;0;2;1;1
202000024077;154 699 864;7;13;0;8;13;1
202000024078;154 699 863;7;0;1;4;4;1
202000024079;154 699 861;7;0;0;4;2;1
202000024079;154 699 862;2;0;2;1;1;1
202000024080;154 699 860;33;0;0;8;1;1
202000024081;154 699 859;7;4;0;2;14;1
202000024082;154 699 857;10;0;2;4;2;1
202000024082;154 699 858;10;0;2;1;2;1
202000024083;154 699 854;7;14;0;1;1;1
202000024083;154 699 855;7;0;2;2;1;1
202000024083;154 699 856;7;0;2;6;9;1
202000024084;154 699 853;7;0;1;1;1;1
202000024085;154 699 851;7;0;2;1;1;1
202000024085;154 699 852;7;1;2;7;1;1
202000024086;154 699 849;7;0;0;0;0;1
202000024086;154 699 850;1;0;2;1;1;6
202000024087;154 699 848;7;13;0;9;15;1
202000024088;154 699 846;0;0;1;0;19;5
202000024088;154 699 847;7;0;2;3;13;1
202000024089;154 699 845;33;0;1;1;9;0
202000024090;154 699 843;7;0;2;2;0;1
202000024090;154 699 844;7;0;2;7;26;1
202000024091;154 699 842;30;0;0;4;26;1
202000024092;154 699 840;7;0;2;1;26;1
202000024092;154 699 841;7;0;2;3;26;1
202000024093;154 699 839;7;0;1;4;23;1
202000024094;154 699 837;7;0;2;0;15;1
202000024094;154 699 838;31;0;2;0;1;1
202000024095;154 699 836;7;10;0;5;1;0
202000024096;154 699 834;7;0;2;4;23;1
202000024096;154 699 835;7;0;2;1;1;1
202000024097;154 699 832;33;0;2;1;1;1
202000024097;154 699 833;7;0;2;3;16;1
202000024098;154 699 830;7;0;2;3;13;1
202000024098;154 699 831;7;0;2;1;1;1
202000024099;154 699 828;21;0;0;6;16;1
202000024099;154 699 829;10;0;2;2;1;1
202000024100;154 699 825;7;0;2;3;1;1
202000024100;154 699 826;7;0;2;3;13;1
202000024101;154 699 823;7;8;0;1;2;0
202000024101;154 699 824;7;16;0;4;1;0
202000024102;154 699 822;2;0;5;1;19;1
202000024103;154 699 820;7;0;2;3;19;1
202000024103;154 699 821;7;0;2;1;1;1
202000024104;154 699 819;33;2;0;2;1;1
202000024105;154 699 818;7;13;0;2;1;1
202000024106;154 699 817;7;8;0;1;1;1
202000024107;154 699 816;7;0;0;1;14;1
202000024108;154 699 814;20;0;2;8;13;1
202000024108;154 699 815;7;0;2;3;1;1
202000024109;154 699 812;7;0;2;1;1;1
202000024109;154 699 813;7;0;2;1;13;1
202000024110;154 699 810;7;0;0;0;15;1
202000024110;154 699 811;33;0;0;7;1;1
202000024111;154 699 808;10;0;2;1;1;1
202000024111;154 699 809;2;0;2;7;9;1
202000024112;154 699 807;33;0;0;3;1;1
202000024113;154 699 806;7;4;0;1;14;1
202000024114;154 699 805;7;0;1;2;26;1
202000024115;154 699 804;10;0;1;1;1;1
202000024116;154 699 800;7;0;2;5;15;1
202000024116;154 699 801;33;0;2;1;0;0
202000024117;154 699 798;7;0;0;2;15;0
202000024117;154 699 799;33;0;2;3;1;0
202000024118;154 699 796;2;0;2;1;26;1
202000024118;154 699 797;7;0;2;4;23;1
202000024119;154 699 794;2;0;2;2;1;1
202000024119;154 699 795;7;0;2;8;20;1
202000024120;154 699 793;7;0;5;3;13;1
202000024121;154 699 792;36;0;0;1;1;1
202000024122;154 699 790;1;0;0;8;2;5
202000024122;154 699 791;7;0;2;7;2;1
202000024123;154 699 788;30;0;2;5;16;1
202000024123;154 699 789;7;0;2;5;19;1
202000024124;154 699 787;30;7;0;0;26;1
202000024125;154 699 786;10;0;1;1;1;1
202000024126;154 699 785;2;4;0;7;14;1
202000024127;154 699 783;7;0;2;3;1;1
202000024127;154 699 784;7;0;2;1;19;1
202000024128;154 699 781;33;0;2;1;1;1
202000024128;154 699 782;7;0;2;2;15;1
202000024129;154 699 779;7;0;2;3;15;1
202000024129;154 699 780;1;0;2;1;5;5
202000024130;154 699 778;1;0;0;1;1;5
202000024131;154 699 776;7;0;2;1;1;1
202000024131;154 699 777;7;0;2;6;1;1
202000024132;154 699 775;7;0;1;3;1;1
202000024133;154 699 774;7;3;0;9;0;1
202000024134;154 699 772;34;0;2;7;1;1
202000024134;154 699 773;7;0;2;6;15;1
202000024135;154 699 771;7;13;0;2;1;1
202000024136;154 699 770;2;0;0;0;0;1
202000024137;154 699 768;2;0;2;1;13;1
202000024137;154 699 769;7;0;2;3;1;1
202000024138;154 699 766;2;0;2;1;26;1
202000024138;154 699 767;7;0;2;2;1;1
202000024139;154 699 765;7;15;0;1;1;1
202000024140;154 699 764;7;12;0;1;1;1
202000024141;154 699 763;33;4;0;1;1;1
202000024142;154 699 762;7;13;0;0;0;1
202000024143;154 699 761;7;0;0;0;1;1
202000024144;154 699 760;7;2;0;1;1;1
202000024145;154 699 757;33;0;0;7;2;1
202000024146;154 699 756;34;3;0;8;1;6
202000024147;154 699 755;33;6;0;1;1;1
202000024148;154 699 753;7;0;1;2;1;1
202000024149;154 699 752;2;0;0;0;1;1
202000024150;154 699 750;7;0;2;1;1;1
202000024150;154 699 751;10;0;2;6;11;1
202000024151;154 699 749;7;2;0;1;1;1
202000024152;154 699 748;33;0;0;9;2;1
202000024153;154 699 747;43;0;1;1;2;1
202000024154;154 699 745;7;0;2;2;17;1
202000024154;154 699 746;7;0;2;3;15;1
202000024155;154 699 744;34;0;1;1;1;4
202000024156;154 699 742;7;0;2;6;1;1
202000024156;154 699 743;33;0;2;0;1;
202000024157;154 699 741;33;0;0;0;1;1
202000024158;154 699 736;7;0;0;0;23;0
202000024158;154 699 737;7;0;2;1;1;1
202000024158;154 699 738;7;0;2;4;1;1
202000024158;154 699 739;7;0;2;1;1;1
202000024158;154 699 740;7;0;2;1;1;1
202000024159;154 699 735;7;15;0;2;26;0
202000024160;154 699 734;32;13;0;0;1;1
202000024161;154 699 732;33;0;2;1;26;1
202000024161;154 699 733;21;0;2;4;26;1
202000024162;154 699 731;7;13;0;1;1;0
202000024163;154 699 728;7;0;2;4;2;1
202000024163;154 699 729;33;0;2;0;17;1
202000024163;154 699 730;37;0;2;0;1;0
202000024164;154 699 726;2;0;2;1;13;1
202000024164;154 699 727;7;0;2;1;1;1
202000024165;154 699 724;7;0;2;2;1;1
202000024165;154 699 725;7;0;2;3;26;1
202000024166;154 699 722;7;0;2;1;1;1
202000024166;154 699 723;7;0;2;4;1;1
202000024167;154 699 721;30;0;0;1;1;1
202000024168;154 699 719;7;0;2;3;24;1
202000024168;154 699 720;1;1;0;1;1;0
202000024169;154 699 717;7;0;2;3;1;1
202000024169;154 699 718;7;0;2;1;1;1
202000024170;154 699 715;7;0;2;1;1;1
202000024170;154 699 716;2;0;2;7;9;1
202000024171;154 699 713;30;0;2;1;1;1
202000024171;154 699 714;60;0;2;8;19;5
202000024172;154 699 712;3;0;1;3;16;1
202000024173;154 699 711;7;0;1;7;1;1
202000024174;154 699 709;0;0;0;0;0;0
202000024174;154 699 710;1;0;0;1;0;5
202000024175;154 699 707;7;0;2;2;1;1
202000024175;154 699 708;2;0;2;3;15;1
202000024176;154 699 705;7;0;9;3;1;1
202000024176;154 699 706;1;0;2;1;13;5
202000024177;154 699 704;7;5;0;2;1;1
202000024178;154 699 703;7;6;0;1;6;0
202000024179;154 699 702;7;16;0;0;1;1
202000024180;154 699 701;33;2;0;1;1;1
202000024181;154 699 700;7;13;0;9;1;1
202000024182;154 699 698;7;0;2;1;1;1
202000024182;154 699 699;7;13;2;8;19;1
202000024183;154 699 697;2;12;0;2;1;1
202000024184;154 699 696;7;0;1;1;1;1
202000024185;154 699 694;7;0;2;1;13;1
202000024185;154 699 695;7;0;2;1;1;1
202000024186;154 699 692;15;0;2;1;1;1
202000024186;154 699 693;7;0;2;1;17;1
202000024187;154 699 691;7;0;1;3;21;1
202000024188;154 699 690;33;2;0;1;1;1
202000024189;154 699 688;33;9;0;3;5;0
202000024190;154 699 687;34;0;0;1;26;1
202000024191;154 699 686;99;0;1;1;26;3
202000024192;154 699 685;30;0;1;1;14;1
202000024193;154 699 683;7;0;2;3;1;1
202000024193;154 699 684;1;0;2;2;0;5
202000024194;154 699 682;7;9;0;1;14;1
202000024195;154 699 680;1;0;2;8;1;5
202000024195;154 699 681;17;0;9;5;1;0
202000024196;154 699 678;7;0;2;3;1;1
202000024196;154 699 679;7;0;2;1;1;1
202000024197;154 699 676;10;0;2;3;9;1
202000024197;154 699 677;50;0;2;1;1;3
202000024198;154 699 675;7;8;0;2;15;1
202000024199;154 699 674;2;8;0;0;26;0
202000024200;154 699 673;1;0;0;0;21;5
202000024201;154 699 671;32;0;2;8;1;1
202000024201;154 699 672;7;0;2;1;10;1
202000024202;154 699 670;7;0;5;1;1;1
202000024203;154 699 669;7;0;1;3;13;1
202000024204;154 699 667;80;0;2;8;1;3
202000024204;154 699 668;7;0;2;1;9;1
202000024205;154 699 666;43;0;1;1;14;1
202000024206;154 699 664;7;0;2;2;10;1
202000024206;154 699 665;33;0;2;1;1;1
202000024207;154 699 663;43;12;0;2;14;1
202000024208;154 699 662;1;12;0;1;13;5
202000024209;154 699 660;7;0;2;4;4;0
202000024209;154 699 661;1;0;2;1;1;5
202000024210;154 699 659;7;2;0;8;0;1
202000024211;154 699 658;33;0;0;8;1;1
202000024212;154 699 657;7;2;0;7;13;1
202000024213;154 699 654;10;0;2;2;1;1
202000024213;154 699 655;7;0;2;1;1;1
202000024213;154 699 656;13;0;2;1;1;1
202000024214;154 699 653;0;0;1;0;0;0
202000024215;154 699 652;33;0;5;1;1;1
202000024216;154 699 650;10;0;2;2;1;1
202000024216;154 699 651;7;0;0;6;15;1
202000024217;154 699 648;7;0;9;1;1;0
202000024217;154 699 649;7;0;0;3;1;0
202000024218;154 699 646;31;0;2;8;15;1
202000024218;154 699 647;7;0;2;3;1;1
202000024219;154 699 645;7;13;0;1;1;1
202000024220;154 699 644;7;7;0;9;0;0
202000024221;154 699 642;10;8;2;5;17;1
202000024221;154 699 643;33;0;0;3;1;1
202000024222;154 699 641;7;0;1;2;1;1
202000024223;154 699 638;33;14;0;1;1;1
202000024224;154 699 637;32;0;0;7;26;1
202000024225;154 699 636;7;0;1;1;21;0
202000024226;154 699 634;16;0;2;2;12;1
202000024226;154 699 635;7;4;2;3;1;1
202000024227;154 699 632;33;0;2;1;0;1
202000024227;154 699 633;7;0;2;5;0;1
202000024228;154 699 630;1;0;2;7;19;5
202000024228;154 699 631;7;0;2;1;16;1
202000024229;154 699 629;40;0;1;0;1;3
202000024230;154 699 628;1;0;0;1;14;5
202000024231;154 699 626;1;0;2;7;1;5
202000024231;154 699 627;10;0;9;1;19;6
202000024232;154 699 625;7;4;0;1;1;1
202000024233;154 699 623;7;0;2;3;15;1
202000024233;154 699 624;2;0;2;3;1;1
202000024234;154 699 622;7;13;0;1;26;1
202000024235;154 699 621;7;6;0;1;13;1
202000024236;154 699 619;34;0;2;1;26;1
202000024236;154 699 620;7;0;2;8;10;1
202000024237;154 699 617;31;0;2;1;1;1
202000024237;154 699 618;7;0;2;8;1;1
202000024238;154 699 616;7;0;1;1;1;1
202000024239;154 699 615;7;0;1;3;15;1
202000024240;154 699 614;2;0;0;0;21;1
202000024241;154 699 613;7;0;0;0;1;0
202000024242;154 699 610;1;0;0;1;1;5
202000024242;154 699 611;1;0;0;1;1;5
202000024242;154 699 612;1;0;0;1;1;5
202000024243;154 699 608;7;0;2;1;5;0
202000024243;154 699 609;10;0;2;1;1;0
202000024244;154 699 607;33;13;0;9;1;1
202000024245;154 699 606;7;0;1;2;5;1
202000024246;154 699 604;7;7;2;3;1;1
202000024246;154 699 605;7;0;2;3;5;1
202000024247;154 699 602;7;0;2;3;1;1
202000024247;154 699 603;7;0;2;6;26;1
202000024248;154 699 600;7;0;0;5;15;1
202000024248;154 699 601;7;0;2;2;1;0
202000024249;154 699 599;7;0;1;3;1;1
202000024250;154 699 598;7;2;0;1;1;1
202000024251;154 699 595;7;0;2;8;1;1
202000024251;154 699 596;7;0;2;3;1;1
202000024251;154 699 597;7;0;2;1;13;1
202000024252;154 699 594;7;6;0;1;1;1
202000024253;154 699 592;7;0;2;1;1;1
202000024253;154 699 593;7;0;2;1;15;1
202000024254;154 699 591;7;0;1;1;17;1
202000024255;154 699 589;7;0;2;2;2;1
202000024255;154 699 590;30;0;2;4;1;1
202000024256;154 699 586;7;0;0;4;2;1
202000024256;154 699 587;10;0;2;1;2;1
202000024256;154 699 588;7;3;2;1;21;1
202000024257;154 699 584;7;0;2;1;2;1
202000024257;154 699 585;17;0;0;4;2;1
202000024258;154 699 581;7;0;2;0;2;1
202000024258;154 699 582;7;0;2;3;2;1
202000024259;154 699 579;2;0;2;5;2;1
202000024259;154 699 580;32;0;2;3;2;1
202000024260;154 699 578;2;13;0;7;14;1
202000024261;154 699 577;7;2;0;1;0;6
202000024262;154 699 576;38;0;1;1;26;1
202000024263;154 699 575;33;3;0;9;1;1
202000024264;154 699 574;7;0;1;2;1;1
202000024265;154 699 573;36;13;0;3;2;1
202000024266;154 699 572;7;13;0;3;2;1
202000024267;154 699 571;7;0;1;1;1;1
202000024268;154 699 568;7;0;2;7;0;1
202000024268;154 699 569;7;0;2;1;0;1
202000024268;154 699 570;10;0;2;3;0;1
202000024269;154 699 566;7;0;2;3;13;1
202000024269;154 699 567;7;0;2;3;1;1
202000024270;154 699 565;7;13;0;9;1;0
202000024271;154 699 564;7;0;1;1;9;1
202000024272;154 699 562;7;0;2;3;1;1
202000024272;154 699 563;7;0;2;3;1;1
202000024273;154 699 560;7;0;2;1;15;1
202000024273;154 699 561;7;0;2;1;1;1
202000024274;154 699 558;7;0;9;3;0;0
202000024274;154 699 559;1;0;2;7;0;5
202000024275;154 699 557;7;0;1;3;15;1
202000024276;154 699 554;7;0;2;3;1;1
202000024276;154 699 555;7;0;2;2;13;1
202000024277;154 699 547;10;0;2;1;2;1
202000024277;154 699 548;7;0;2;4;2;1
202000024277;154 699 549;7;0;2;4;1;1
202000024278;154 699 545;7;0;2;2;3;1
202000024278;154 699 546;7;4;2;6;1;1
202000024279;154 699 543;7;6;2;3;13;1
202000024279;154 699 544;10;0;2;8;1;1
202000024280;154 699 541;7;0;2;4;2;1
202000024280;154 699 542;7;0;2;1;2;1
202000024281;154 699 539;7;0;2;1;2;1
202000024281;154 699 540;7;0;2;4;2;1
202000024282;154 699 537;7;3;2;1;2;1
202000024282;154 699 538;7;3;2;4;2;1
202000024283;154 699 534;7;0;2;4;2;1
202000024283;154 699 535;7;0;2;4;2;1
202000024283;154 699 536;7;0;2;1;2;1
202000024284;154 699 533;7;3;0;8;13;1
202000024285;154 699 530;7;0;2;4;2;1
202000024285;154 699 531;10;0;2;1;2;1
202000024285;154 699 532;7;0;2;4;2;1
202000024286;154 699 528;2;0;2;1;5;1
202000024286;154 699 529;7;0;2;2;1;0
202000024287;154 699 526;7;0;0;3;1;1
202000024287;154 699 527;7;0;2;2;1;1
202000024288;154 699 524;15;0;2;4;1;1
202000024288;154 699 525;7;0;2;1;26;1
202000024289;154 699 522;7;0;2;8;11;1
202000024289;154 699 523;33;0;2;5;3;1
202000024290;154 699 520;7;0;2;2;15;1
202000024290;154 699 521;7;0;2;1;1;1
202000024291;154 699 519;7;0;1;2;1;1
202000024292;154 699 517;7;0;2;2;19;1
202000024292;154 699 518;34;0;2;1;1;1
202000024293;154 699 515;7;0;2;8;19;1
202000024293;154 699 516;2;0;2;1;1;1
202000024294;154 699 513;1;0;2;1;17;0
202000024294;154 699 514;7;0;2;0;0;1
202000024295;154 699 511;7;6;2;6;;1
202000024295;154 699 512;7;1;0;1;13;1
202000024296;154 699 510;7;4;0;3;13;1
202000024297;154 699 508;0;0;2;8;0;5
202000024297;154 699 509;0;0;2;2;0;0
202000024298;154 699 507;31;4;0;1;0;1
202000024299;154 699 506;7;0;1;2;1;1
202000024300;154 699 504;7;0;2;5;16;0
202000024300;154 699 505;33;0;2;1;1;0
202000024301;154 699 503;30;8;0;7;14;1
202000024302;154 699 502;7;0;1;2;17;1
202000024303;154 699 500;31;0;2;3;1;1
202000024303;154 699 501;7;0;2;2;15;1
202000024304;154 699 498;14;0;2;8;19;1
202000024304;154 699 499;10;0;2;3;21;1
202000024305;154 699 496;2;0;0;1;13;1
202000024305;154 699 497;10;0;0;6;21;1
202000024306;154 699 494;3;0;2;1;1;1
202000024306;154 699 495;7;0;2;4;1;1
202000024307;154 699 491;7;0;2;8;1;1
202000024307;154 699 492;14;0;2;3;1;1
202000024307;154 699 493;7;0;2;1;13;1
202000024308;154 699 489;7;0;2;1;15;1
202000024308;154 699 490;7;0;2;3;15;1
202000024309;154 699 487;15;0;2;2;1;1
202000024309;154 699 488;10;0;2;3;10;1
202000024310;154 699 483;2;0;2;5;1;1
202000024310;154 699 484;7;0;2;1;15;1
202000024311;154 699 480;7;0;2;3;13;1
202000024311;154 699 481;7;0;2;3;1;1
202000024311;154 699 482;7;0;2;3;1;1
202000024312;154 699 479;30;9;0;1;21;1
202000024313;154 699 477;60;0;2;1;1;5
202000024313;154 699 478;1;0;2;1;1;5
202000024314;154 699 476;7;0;1;1;2;1
202000024315;154 699 475;10;0;1;1;1;1
202000024316;154 699 473;7;0;2;1;15;1
202000024316;154 699 474;7;0;0;3;1;1
202000024317;154 699 471;32;0;2;1;1;1
202000024317;154 699 472;7;0;2;2;19;1
202000024318;154 699 470;32;0;1;1;1;1
202000024319;154 699 468;7;0;2;2;9;1
202000024319;154 699 469;34;0;2;8;2;1
202000024320;154 699 466;7;0;2;3;10;1
202000024320;154 699 467;30;0;2;7;1;1
202000024321;154 699 465;7;1;0;1;1;1
202000024322;154 699 464;7;8;0;7;1;0
202000024323;154 699 462;7;0;2;3;26;1
202000024323;154 699 463;7;0;2;1;26;1
202000024324;154 699 460;7;10;2;1;14;1
202000024324;154 699 461;7;0;2;3;1;1
202000024325;154 699 457;7;0;2;1;2;1
202000024325;154 699 458;7;0;2;4;1;1
202000024325;154 699 459;7;0;2;4;2;1
202000024326;154 699 456;7;0;1;3;1;1
202000024327;154 699 455;7;9;0;1;26;1
202000024328;154 699 453;7;0;2;1;9;1
202000024328;154 699 454;7;0;2;7;1;1
202000024329;154 699 452;7;8;0;1;1;1
202000024330;154 699 450;10;0;2;1;12;1
202000024330;154 699 451;10;0;2;4;1;1
202000024331;154 699 448;7;0;2;7;12;1
202000024331;154 699 449;33;0;2;3;3;1
202000024332;154 699 446;31;0;2;5;3;1
202000024332;154 699 447;33;0;2;1;3;1
202000024333;154 699 440;33;1;2;8;5;1
202000024333;154 699 441;7;0;2;0;13;1
202000024333;154 699 442;33;0;2;1;5;1
202000024333;154 699 443;7;0;2;8;23;1
202000024333;154 699 444;33;0;2;1;5;1
202000024333;154 699 445;7;0;2;6;23;1
202000024334;154 699 439;7;0;1;3;15;1
202000024335;154 699 437;1;0;2;4;1;5
202000024335;154 699 438;7;0;2;2;16;1
202000024336;154 699 435;1;0;2;1;19;5
202000024336;154 699 436;7;0;2;1;15;1
202000024337;154 699 434;30;0;1;1;1;0
202000024338;154 699 432;30;0;2;2;17;1
202000024338;154 699 433;10;0;2;3;15;1
202000024339;154 699 431;10;0;1;3;1;1
202000024340;154 699 430;7;7;0;1;16;1
202000024341;154 699 429;1;0;1;1;1;5
202000024342;154 699 427;33;0;2;1;1;1
202000024342;154 699 428;7;0;2;3;11;1
202000024343;154 699 426;7;0;1;1;1;1
202000024344;154 699 424;30;0;2;7;1;1
202000024344;154 699 425;7;0;2;2;15;1
202000024345;154 699 422;33;0;2;2;17;1
202000024345;154 699 423;7;0;2;3;10;1
202000024346;154 699 420;30;0;2;1;1;1
202000024346;154 699 421;1;0;2;8;11;5
202000024347;154 699 419;1;0;1;1;1;5
202000024348;154 699 417;7;0;2;2;12;1
202000024348;154 699 418;1;0;2;3;1;5
202000024349;154 699 415;43;0;2;1;17;1
202000024349;154 699 416;7;0;2;3;15;1
202000024350;154 699 414;33;0;1;1;1;1
202000024351;154 699 413;50;0;1;1;1;3
202000024352;154 699 411;7;0;0;4;23;1
202000024352;154 699 412;7;0;2;1;2;1
202000024353;154 699 410;7;14;0;3;13;1
202000024354;154 699 408;7;0;2;2;2;1
202000024354;154 699 409;7;0;2;3;11;1
202000024355;154 699 406;7;0;2;4;23;1
202000024355;154 699 407;10;0;2;1;2;1
202000024356;154 699 405;7;0;1;2;16;1
202000024357;154 699 403;7;0;2;3;1;0
202000024357;154 699 404;7;0;2;6;15;0
202000024358;154 699 401;7;0;2;1;2;1
202000024358;154 699 402;7;0;2;4;2;1
202000024359;154 699 398;7;0;2;1;15;1
202000024359;154 699 399;7;0;2;0;0;1
202000024359;154 699 400;34;0;2;1;1;1
202000024360;154 699 396;7;0;0;0;0;1
202000024360;154 699 397;34;0;2;1;13;1
202000024361;154 699 394;30;0;2;1;0;0
202000024361;154 699 395;7;0;2;8;0;0
202000024362;154 699 392;32;0;2;1;21;1
202000024362;154 699 393;7;0;2;6;1;1
202000024363;154 699 390;10;0;2;2;15;0
202000024363;154 699 391;31;0;2;6;1;0
202000024364;154 699 387;7;0;2;8;1;1
202000024364;154 699 388;33;0;2;4;23;1
202000024364;154 699 389;7;0;2;3;1;1
202000024365;154 699 385;7;0;2;7;9;1
202000024365;154 699 386;14;0;2;1;16;1
202000024366;154 699 383;10;0;2;4;1;1
202000024366;154 699 384;30;0;2;1;2;1
202000024367;154 699 381;7;0;2;8;1;1
202000024367;154 699 382;7;0;2;3;19;1
202000024368;154 699 380;7;2;0;1;14;1
202000024369;154 699 378;7;0;0;3;1;1
202000024369;154 699 379;7;0;0;3;1;1
202000024370;154 699 377;7;13;0;1;14;1
202000024371;154 699 375;7;0;0;4;2;1
202000024371;154 699 376;7;0;2;1;2;1
202000024372;154 699 373;7;0;1;1;19;1
202000024373;154 699 372;33;3;0;7;0;1
202000024374;154 699 370;30;0;2;1;1;1
202000024374;154 699 371;7;0;2;1;15;1
202000024375;154 699 369;33;6;0;2;0;1
202000024376;154 699 368;7;13;0;1;16;1
202000024377;154 699 365;7;0;2;8;19;1
202000024377;154 699 366;15;0;2;1;1;1
202000024378;154 699 364;7;1;0;2;2;0
202000024379;154 699 363;7;2;0;1;1;1
202000024380;154 699 359;10;0;2;3;1;1
202000024380;154 699 360;7;0;0;3;1;1
202000024381;154 699 357;7;6;0;3;0;1
202000024382;154 699 355;7;0;2;5;15;1
202000024382;154 699 356;33;0;2;1;1;1
202000024383;154 699 354;7;2;0;3;17;0
202000024384;154 699 348;7;0;2;3;1;1
202000024384;154 699 349;1;0;2;1;1;5
202000024384;154 699 350;1;0;2;1;1;5
202000024384;154 699 351;1;0;2;1;1;5
202000024384;154 699 352;1;0;2;1;1;5
202000024384;154 699 353;1;0;2;1;1;5
202000024385;154 699 347;7;2;0;1;17;1
202000024386;154 699 346;7;13;0;7;14;1
202000024387;154 699 344;7;1;0;1;5;1
202000024387;154 699 345;7;0;0;1;1;1
202000024388;154 699 341;7;0;2;8;15;1
202000024388;154 699 342;33;0;2;1;1;1
202000024389;154 699 338;7;0;2;2;11;1
202000024389;154 699 339;2;0;2;1;1;1
202000024390;154 699 336;7;6;2;6;11;1
202000024390;154 699 337;7;0;2;3;1;1
202000024391;154 699 335;10;16;0;0;1;1
202000024392;154 699 334;7;0;0;9;1;1
202000024393;154 699 333;7;0;0;0;0;0
202000024394;154 699 332;7;3;0;7;14;1
202000024395;154 699 331;7;0;0;0;0;1
202000024396;154 699 330;7;16;0;9;1;0
202000024397;154 699 329;7;6;0;3;0;1
202000024398;154 699 327;7;0;0;1;0;1
202000024398;154 699 328;7;0;0;1;0;0
202000024399;154 699 325;2;0;2;1;2;1
202000024399;154 699 326;7;0;0;4;1;1
202000024400;154 699 323;7;0;0;4;0;1
202000024400;154 699 324;7;1;0;1;1;1
202000024401;154 699 322;7;15;0;2;14;1
202000024402;154 699 320;7;0;2;3;13;1
202000024402;154 699 321;7;0;2;3;1;1
202000024403;154 699 318;7;0;1;3;1;1
202000024404;154 699 316;7;0;2;0;0;1
202000024404;154 699 317;10;0;2;1;1;1
202000024405;154 699 314;7;0;2;3;13;1
202000024405;154 699 315;7;0;2;3;1;1
202000024406;154 699 313;33;3;0;8;13;1
202000024407;154 699 311;7;0;2;7;12;1
202000024407;154 699 312;33;0;2;3;3;1
202000024408;154 699 308;7;0;2;1;21;1
202000024408;154 699 309;7;0;2;4;1;1
202000024408;154 699 310;10;0;2;2;14;1
202000024409;154 699 307;7;4;0;1;13;1
202000024410;154 699 305;7;0;2;5;9;1
202000024410;154 699 306;31;0;2;1;1;3
202000024411;154 699 303;7;0;2;1;2;1
202000024411;154 699 304;7;0;2;4;2;1
202000024412;154 699 301;7;4;2;7;1;1
202000024412;154 699 302;15;0;2;8;0;1
202000024413;154 699 299;33;0;2;1;1;1
202000024413;154 699 300;10;0;2;2;15;1