Num_Acc;id_vehicule;categorie_vehicule;obstacle_fixe;obstacle_mobile;point_choc_initial;manoeuvre_principale;motorisation
202000024414;154 699 298;7;0;1;0;15;1
202000024415;154 699 297;33;0;1;1;17;1
202000024416;154 699 296;32;0;2;7;1;0
202000024417;154 699 294;7;0;2;1;1;1
202000024417;154 699 295;7;0;2;5;1;1
202000024418;154 699 292;1;0;4;6;1;5
202000024418;154 699 293;40;0;2;1;1;3
202000024419;154 699 290;7;0;2;2;19;1
202000024419;154 699 291;1;0;2;1;9;0
202000024420;154 699 288;7;0;2;4;16;0
202000024420;154 699 289;10;0;2;1;1;0
202000024421;154 699 286;7;0;2;1;1;0
202000024421;154 699 287;7;0;2;1;13;0
202000024422;154 699 282;50;0;2;7;26;3
202000024422;154 699 283;7;0;2;3;9;1
202000024423;154 699 280;32;0;2;1;1;1
202000024423;154 699 281;7;0;2;1;15;1
202000024424;154 699 279;7;0;1;2;1;1
202000024425;154 699 278;37;0;1;1;1;1
202000024426;154 699 276;30;0;2;7;1;1
202000024426;154 699 277;1;0;2;1;1;5
202000024427;154 699 274;7;0;2;2;19;1
202000024427;154 699 275;33;9;1;1;1;1
202000024428;154 699 273;7;2;0;3;13;1
202000024429;154 699 269;7;0;2;1;1;1
202000024429;154 699 270;7;0;2;4;23;1
202000024429;154 699 271;7;0;2;4;23;1
202000024429;154 699 272;7;0;2;4;23;1
202000024430;154 699 267;7;0;2;8;1;1
202000024430;154 699 268;33;0;2;1;1;1
202000024431;154 699 265;7;0;2;2;1;1
202000024431;154 699 266;30;0;2;4;1;1
202000024432;154 699 263;1;0;2;8;2;5
202000024432;154 699 264;7;0;2;2;17;1
202000024433;154 699 261;33;0;2;1;1;1
202000024433;154 699 262;7;0;2;1;15;1
202000024434;154 699 260;33;0;1;0;1;1
202000024435;154 699 258;37;0;2;2;1;1
202000024435;154 699 259;7;0;2;2;1;1
202000024436;154 699 256;7;0;2;7;15;1
202000024436;154 699 257;33;0;2;1;1;1
202000024437;154 699 255;7;0;1;6;20;1
202000024438;154 699 253;7;0;2;0;0;1
202000024438;154 699 254;2;0;2;2;1;1
202000024439;154 699 252;7;0;1;1;1;1
202000024440;154 699 250;7;0;2;4;1;1
202000024440;154 699 251;7;0;2;1;2;1
202000024441;154 699 249;50;1;0;1;1;3
202000024442;154 699 247;7;0;2;6;23;0
202000024442;154 699 248;34;0;2;1;2;1
202000024443;154 699 245;10;0;2;3;1;1
202000024443;154 699 246;7;0;2;1;1;1
202000024444;154 699 241;32;0;2;1;1;1
202000024444;154 699 242;7;0;2;5;15;1
202000024445;154 699 240;7;3;0;1;1;1
202000024446;154 699 239;7;0;1;1;15;1
202000024447;154 699 238;7;6;0;2;1;1
202000024448;154 699 236;7;0;2;1;2;1
202000024448;154 699 237;7;0;2;4;2;1
202000024449;154 699 234;7;0;2;1;11;1
202000024449;154 699 235;7;0;2;5;1;1
202000024450;154 699 233;10;0;1;4;4;1
202000024451;154 699 232;10;0;1;2;15;1
202000024452;154 699 231;7;0;1;1;15;2
202000024453;154 699 230;32;0;0;7;1;1
202000024454;154 699 228;7;0;2;2;1;1
202000024454;154 699 229;1;0;2;1;9;5
202000024455;154 699 226;33;1;2;1;1;1
202000024455;154 699 227;7;0;2;3;10;1
202000024456;154 699 224;10;0;2;6;1;0
202000024456;154 699 225;32;0;2;3;1;1
202000024457;154 699 222;32;0;2;1;1;1
202000024457;154 699 223;7;0;2;5;15;1
202000024458;154 699 220;1;0;2;1;1;5
202000024458;154 699 221;30;0;2;1;13;1
202000024459;154 699 218;7;0;2;3;15;1
202000024459;154 699 219;30;0;2;6;1;3
202000024460;154 699 216;1;0;2;7;16;5
202000024460;154 699 217;7;0;2;8;22;3
202000024461;154 699 214;7;0;2;4;2;1
202000024461;154 699 215;32;0;2;1;2;1
202000024462;154 699 212;7;12;2;3;13;1
202000024462;154 699 213;32;0;2;7;1;1
202000024463;154 699 210;1;0;2;4;1;5
202000024463;154 699 211;30;0;2;1;13;1
202000024464;154 699 208;7;0;2;3;15;1
202000024464;154 699 209;1;0;2;8;1;5
202000024465;154 699 207;7;0;1;4;20;1
202000024466;154 699 205;7;0;2;2;15;2
202000024466;154 699 206;30;0;2;1;18;1
202000024467;154 699 203;1;0;2;6;1;5
202000024467;154 699 204;10;0;2;2;16;1
202000024468;154 699 201;7;0;2;2;15;1
202000024468;154 699 202;43;0;2;3;1;1
202000024469;154 699 199;31;0;2;1;1;1
202000024469;154 699 200;7;0;2;2;9;1
202000024470;154 699 197;10;0;2;1;15;1
202000024470;154 699 198;31;0;2;7;8;1
202000024471;154 699 195;7;14;2;1;2;1
202000024471;154 699 196;37;15;2;4;26;1
202000024472;154 699 193;7;0;9;1;15;1
202000024472;154 699 194;1;0;2;8;1;5
202000024473;154 699 192;7;0;1;2;1;0
202000024474;154 699 191;33;12;0;3;1;6
202000024475;154 699 189;34;0;2;1;1;1
202000024475;154 699 190;10;0;2;3;15;1
202000024476;154 699 187;32;0;2;1;1;1
202000024476;154 699 188;7;0;2;3;1;1
202000024477;154 699 185;7;0;0;6;23;1
202000024477;154 699 186;32;1;0;1;11;1
202000024478;154 699 183;7;0;2;7;19;1
202000024478;154 699 184;32;0;2;1;19;1
202000024479;154 699 181;10;0;2;7;1;1
202000024479;154 699 182;10;0;2;2;19;1
202000024480;154 699 179;7;0;2;4;26;1
202000024480;154 699 180;7;0;2;1;0;1
202000024481;154 699 177;2;0;0;0;0;0
202000024481;154 699 178;33;0;0;1;1;1
202000024482;154 699 175;7;12;0;3;26;0
202000024482;154 699 176;33;8;0;2;2;0
202000024483;154 699 173;7;9;2;1;1;1
202000024483;154 699 174;7;0;2;7;15;1
202000024484;154 699 171;32;0;2;8;2;0
202000024484;154 699 172;3;0;2;1;15;0
202000024485;154 699 170;32;2;0;9;21;1
202000024486;154 699 168;7;0;2;0;0;1
202000024486;154 699 169;99;0;2;0;0;3
202000024487;154 699 167;30;0;1;1;17;3
202000024488;154 699 165;7;0;2;3;16;1
202000024488;154 699 166;43;0;2;5;1;1
202000024489;154 699 163;7;0;9;1;1;1
202000024489;154 699 164;1;0;2;8;1;5
202000024490;154 699 162;30;0;1;1;18;1
202000024491;154 699 160;7;0;2;7;15;1
202000024491;154 699 161;7;0;2;1;1;1
202000024492;154 699 158;34;0;2;2;2;0
202000024492;154 699 159;7;0;2;3;9;0
202000024493;154 699 157;7;0;0;1;2;1
202000024494;154 699 156;33;13;0;1;17;1
202000024495;154 699 154;7;0;9;2;13;1
202000024495;154 699 155;1;0;2;8;19;5
202000024496;154 699 152;7;2;0;2;26;1
202000024497;154 699 150;7;0;2;3;1;1
202000024497;154 699 151;7;0;2;8;1;1
202000024498;154 699 149;7;6;1;2;16;1
202000024499;154 699 148;7;15;0;0;21;0
202000024500;154 699 147;7;2;0;7;1;1
202000024501;154 699 146;31;0;0;1;1;1
202000024502;154 699 145;10;0;1;2;0;1
202000024503;154 699 144;7;4;0;2;13;1
202000024504;154 699 142;7;0;2;3;1;0
202000024504;154 699 143;50;0;2;2;0;3
202000024505;154 699 141;7;0;1;1;2;0
202000024506;154 699 139;7;0;2;2;17;1
202000024506;154 699 140;7;0;2;3;15;1
202000024507;154 699 137;33;0;2;1;1;1
202000024507;154 699 138;7;0;0;7;15;1
202000024508;154 699 135;7;0;2;8;9;1
202000024508;154 699 136;1;0;2;1;1;5
202000024509;154 699 134;7;2;0;1;13;1
202000024510;154 699 130;2;0;0;1;1;1
202000024510;154 699 131;7;0;0;3;19;1
202000024511;154 699 128;7;0;2;8;13;1
202000024511;154 699 129;7;0;2;8;1;1
202000024512;154 699 126;7;0;2;2;17;1
202000024512;154 699 127;1;0;2;8;15;5
202000024513;154 699 124;10;0;2;7;19;1
202000024513;154 699 125;33;0;2;1;1;1
202000024514;154 699 122;2;0;2;1;1;1
202000024514;154 699 123;7;0;2;3;1;1
202000024515;154 699 119;2;0;0;7;1;1
202000024516;154 699 117;33;7;0;9;1;1
202000024517;154 699 115;7;0;2;2;2;1
202000024517;154 699 116;7;13;0;6;2;1
202000024518;154 699 114;33;13;0;8;0;1
202000024519;154 699 113;7;0;1;3;1;1
202000024520;154 699 112;2;4;0;1;12;1
202000024521;154 699 109;7;0;2;1;1;1
202000024521;154 699 110;2;0;2;9;13;1
202000024521;154 699 111;2;0;2;9;13;1
202000024522;154 699 107;33;0;2;7;1;1
202000024522;154 699 108;7;0;2;1;2;1
202000024523;154 699 105;7;0;2;3;13;1
202000024523;154 699 106;7;0;2;3;1;1
202000024524;154 699 103;7;0;1;3;1;1
202000024525;154 699 101;33;0;2;1;1;1
202000024525;154 699 102;10;0;2;4;1;1
202000024526;154 699 100;7;8;0;2;1;1
202000024527;154 699 098;2;0;2;3;1;1
202000024527;154 699 099;7;0;2;5;9;1
202000024528;154 699 097;7;2;0;7;1;1
202000024529;154 699 096;33;0;0;0;21;1
202000024530;154 699 094;7;0;2;1;1;0
202000024530;154 699 095;2;0;2;8;15;1
202000024531;154 699 093;33;13;0;1;1;1
202000024532;154 699 091;31;0;2;1;1;1
202000024532;154 699 092;7;0;2;5;15;1
202000024533;154 699 089;17;0;2;4;1;1
202000024533;154 699 090;7;0;2;2;1;1
202000024534;154 699 088;7;16;0;9;1;1
202000024535;154 699 087;7;2;0;1;2;1
202000024536;154 699 085;7;0;2;8;11;1
202000024536;154 699 086;33;4;2;8;2;1
202000024537;154 699 083;7;0;2;1;2;1
202000024537;154 699 084;7;0;2;4;1;1
202000024538;154 699 080;10;0;2;3;1;1
202000024538;154 699 081;10;0;2;3;13;1
202000024538;154 699 082;10;0;2;3;1;1
202000024539;154 699 079;7;0;1;1;1;1
202000024540;154 699 077;33;0;2;7;11;1
202000024540;154 699 078;7;0;2;8;17;1
202000024541;154 699 075;34;10;2;2;17;1
202000024541;154 699 076;7;0;2;3;15;1
202000024542;154 699 073;10;8;0;8;14;1
202000024542;154 699 074;7;0;2;0;0;0
202000024543;154 699 071;7;0;2;3;10;0
202000024543;154 699 072;33;0;2;2;17;0
202000024544;154 699 069;7;0;2;8;9;0
202000024544;154 699 070;7;0;2;1;1;0
202000024545;154 699 068;33;5;0;7;1;1
202000024546;154 699 067;13;3;0;2;1;1
202000024547;154 699 065;1;0;2;1;1;5
202000024547;154 699 066;7;0;9;2;1;1
202000024548;154 699 064;7;2;0;1;1;1
202000024549;154 699 063;33;8;0;2;1;0
202000024550;154 699 061;7;0;2;1;1;3
202000024550;154 699 062;7;0;2;1;17;1
202000024551;154 699 059;7;0;2;3;1;1
202000024551;154 699 060;7;0;2;8;15;1
202000024552;154 699 058;7;0;0;2;1;1
202000024553;154 699 055;10;0;0;0;15;1
202000024553;154 699 056;33;0;2;1;21;1
202000024553;154 699 057;7;0;2;3;1;1
202000024554;154 699 054;7;0;1;3;1;1
202000024555;154 699 053;7;13;0;1;1;1
202000024556;154 699 052;7;0;1;1;1;1
202000024557;154 699 051;7;13;0;9;1;1
202000024558;154 699 049;7;0;0;1;1;1
202000024558;154 699 050;7;0;0;1;1;1
202000024559;154 699 046;7;0;2;4;2;1
202000024559;154 699 047;7;0;2;1;2;1
202000024559;154 699 048;7;0;2;4;2;1
202000024560;154 699 042;17;0;2;1;2;1
202000024560;154 699 043;10;0;2;4;2;1
202000024560;154 699 044;7;0;2;4;2;1
202000024561;154 699 040;33;0;2;1;3;1
202000024561;154 699 041;7;0;2;5;1;1
202000024562;154 699 038;7;0;2;4;1;1
202000024562;154 699 039;7;0;2;1;2;1
202000024563;154 699 036;7;0;2;1;1;1
202000024563;154 699 037;7;0;2;4;1;1
202000024564;154 699 034;7;0;2;7;1;1
202000024564;154 699 035;7;0;2;3;11;1
202000024565;154 699 033;20;0;1;4;4;1
202000024566;154 699 031;7;0;2;1;1;1
202000024566;154 699 032;7;0;2;4;1;1
202000024567;154 699 028;7;0;2;4;2;1
202000024567;154 699 029;7;0;2;2;12;1
202000024567;154 699 030;33;0;2;4;1;1
202000024568;154 699 026;7;4;2;4;0;1
202000024568;154 699 027;15;0;2;1;0;1
202000024569;154 699 024;33;0;2;7;3;1
202000024569;154 699 025;10;0;2;8;11;1
202000024570;154 699 022;33;0;2;2;3;1
202000024570;154 699 023;7;0;2;3;11;1
202000024571;154 699 019;34;0;2;0;12;1
202000024571;154 699 020;10;0;2;3;2;1
202000024571;154 699 021;7;0;2;0;2;1
202000024572;154 699 017;7;0;2;4;2;1
202000024572;154 699 018;7;0;2;1;1;1
202000024573;154 699 016;33;0;0;9;1;1
202000024574;154 699 012;33;0;2;3;1;1
202000024574;154 699 013;7;0;2;5;2;1
202000024574;154 699 014;43;0;2;4;2;0
202000024574;154 699 015;33;0;2;1;2;1
202000024575;154 699 007;7;0;2;1;2;6
202000024575;154 699 008;15;0;2;1;2;0
202000024575;154 699 009;7;0;2;4;2;1
202000024575;154 699 010;33;0;2;1;2;1
202000024575;154 699 011;33;0;2;0;2;1
202000024576;154 699 005;7;0;2;5;1;1
202000024576;154 699 006;33;0;2;1;3;1
202000024577;154 699 003;7;0;2;5;2;1
202000024577;154 699 004;15;0;2;2;2;1
202000024578;154 699 001;10;0;2;6;2;1
202000024578;154 699 002;33;0;2;1;2;1
202000024579;154 698 998;7;0;2;4;2;1
202000024579;154 698 999;7;0;2;4;2;1
202000024579;154 699 000;7;0;2;1;2;1
202000024580;154 698 996;7;0;1;1;1;1
202000024581;154 698 995;7;0;1;3;15;0
202000024582;154 698 993;7;0;2;1;1;1
202000024582;154 698 994;7;0;2;5;4;1
202000024583;154 698 991;7;0;2;1;2;1
202000024583;154 698 992;7;0;2;4;23;1
202000024584;154 698 988;1;0;2;7;19;0
202000024584;154 698 989;7;0;2;1;16;1
202000024584;154 698 990;7;0;2;1;16;2
202000024585;154 698 987;33;;;;;
202000024586;154 698 985;33;0;2;1;1;1
202000024586;154 698 986;7;0;2;2;1;1
202000024587;154 698 984;31;3;0;0;0;0
202000024588;154 698 983;1;0;1;1;1;5
202000024589;154 698 982;7;0;1;3;23;1
202000024590;154 698 980;7;0;2;3;13;1
202000024590;154 698 981;7;0;2;0;0;0
202000024591;154 698 978;7;0;2;1;19;0
202000024591;154 698 979;31;0;2;8;1;1
202000024592;154 698 976;7;0;1;1;1;1
202000024593;154 698 975;7;0;1;2;1;1
202000024594;154 698 974;2;6;0;1;1;1
202000024595;154 698 973;1;14;0;1;21;5
202000024596;154 698 971;7;0;2;2;13;1
202000024596;154 698 972;33;0;2;4;1;1
202000024597;154 698 970;7;0;1;1;1;1
202000024598;154 698 969;33;0;0;1;26;1
202000024599;154 698 967;1;0;2;0;1;5
202000024599;154 698 968;7;0;2;3;22;1
202000024600;154 698 965;2;0;2;1;1;1
202000024600;154 698 966;30;0;2;4;1;1
202000024601;154 698 962;33;0;2;1;1;1
202000024601;154 698 963;7;0;2;2;9;1
202000024601;154 698 964;10;0;2;1;23;1
202000024602;154 698 959;7;11;0;1;1;1
202000024603;154 698 958;7;0;1;1;1;1
202000024604;154 698 956;7;0;1;3;7;0
202000024605;154 698 954;7;0;2;2;19;1
202000024605;154 698 955;7;0;2;1;8;1
202000024606;154 698 952;31;0;2;1;1;1
202000024606;154 698 953;7;0;2;3;15;1
202000024607;154 698 951;7;0;1;3;15;0
202000024608;154 698 949;50;0;2;7;1;3
202000024608;154 698 950;7;0;2;5;4;1
202000024609;154 698 948;7;6;0;1;26;1
202000024610;154 698 947;30;14;0;2;14;1
202000024611;154 698 945;33;0;2;1;1;1
202000024611;154 698 946;7;0;2;3;19;1
202000024612;154 698 944;7;0;1;4;4;1
202000024613;154 698 943;37;0;1;7;1;1
202000024614;154 698 941;2;0;2;2;17;1
202000024614;154 698 942;7;0;2;3;15;1
202000024615;154 698 939;30;0;2;2;15;0
202000024615;154 698 940;7;0;0;3;1;0
202000024616;154 698 937;1;0;2;7;5;0
202000024616;154 698 938;7;0;2;3;2;0
202000024617;154 698 935;7;0;2;5;15;1
202000024617;154 698 936;7;0;2;7;1;1
202000024618;154 698 933;7;0;2;5;2;1
202000024618;154 698 934;34;0;2;8;21;1
202000024619;154 698 931;7;0;2;3;1;1
202000024619;154 698 932;7;0;2;1;15;1
202000024620;154 698 929;7;0;2;4;23;1
202000024620;154 698 930;7;0;2;1;26;1
202000024621;154 698 928;7;0;1;3;15;1
202000024622;154 698 927;10;0;1;2;11;0
202000024623;154 698 926;32;0;1;3;1;1
202000024624;154 698 924;10;0;2;5;1;1
202000024624;154 698 925;30;0;2;2;26;1
202000024625;154 698 922;10;0;2;8;1;1
202000024625;154 698 923;10;0;2;1;1;1
202000024626;154 698 921;10;0;1;4;20;1
202000024627;154 698 919;7;0;2;1;19;0
202000024627;154 698 920;7;0;2;0;0;0
202000024628;154 698 917;7;0;2;5;0;0
202000024628;154 698 918;7;0;2;1;0;0
202000024629;154 698 915;33;0;2;3;1;1
202000024629;154 698 916;7;0;2;2;15;1
202000024630;154 698 913;2;1;0;2;17;1
202000024630;154 698 914;7;0;2;3;22;1
202000024631;154 698 912;30;0;1;3;9;0
202000024632;154 698 910;30;0;1;3;2;1
202000024632;154 698 911;37;0;2;3;2;1
202000024633;154 698 908;7;0;2;1;1;0
202000024633;154 698 909;7;0;2;3;15;0
202000024634;154 698 907;7;0;1;2;2;1
202000024635;154 698 905;50;0;2;0;0;3
202000024635;154 698 906;7;0;9;2;9;1
202000024636;154 698 903;32;0;2;3;2;0
202000024636;154 698 904;7;0;2;3;15;0
202000024637;154 698 901;7;0;0;0;15;1
202000024637;154 698 902;32;0;0;0;1;1
202000024638;154 698 899;7;0;2;7;22;1
202000024638;154 698 900;2;1;0;1;18;1
202000024639;154 698 897;21;0;2;7;17;1
202000024639;154 698 898;1;15;2;8;2;5
202000024640;154 698 895;32;0;2;7;1;0
202000024640;154 698 896;7;0;2;2;9;0
202000024641;154 698 893;7;0;2;8;1;6
202000024641;154 698 894;7;0;2;8;1;6
202000024642;154 698 891;17;0;2;1;2;1
202000024642;154 698 892;7;0;0;6;23;1
202000024643;154 698 889;7;0;2;1;15;1
202000024643;154 698 890;34;0;2;1;1;1
202000024644;154 698 888;7;0;1;1;15;1
202000024645;154 698 886;2;0;2;1;1;1
202000024645;154 698 887;7;0;2;3;19;1
202000024646;154 698 885;7;2;0;9;0;0
202000024647;154 698 884;7;2;0;8;1;1
202000024648;154 698 882;2;0;2;1;1;1
202000024648;154 698 883;7;0;2;6;15;1
202000024649;154 698 880;7;0;2;3;1;1
202000024649;154 698 881;7;0;2;3;13;1
202000024650;154 698 878;2;0;2;1;15;1
202000024650;154 698 879;3;0;2;3;1;1
202000024651;154 698 876;2;0;2;1;2;6
202000024651;154 698 877;7;0;2;3;15;6
202000024652;154 698 874;7;0;2;3;1;1
202000024652;154 698 875;7;0;2;3;1;1
202000024653;154 698 873;7;0;1;6;1;1
202000024654;154 698 872;7;0;1;1;9;1
202000024655;154 698 871;7;3;0;1;13;1
202000024656;154 698 869;7;0;0;4;1;1
202000024656;154 698 870;7;4;2;1;21;1
202000024657;154 698 868;7;0;0;9;12;1
202000024658;154 698 864;33;0;2;7;17;1
202000024658;154 698 865;7;0;2;6;1;1
202000024658;154 698 866;7;0;0;8;1;1
202000024658;154 698 867;7;0;0;3;1;1
202000024659;154 698 862;15;0;2;3;1;1
202000024659;154 698 863;7;6;2;3;13;1
202000024660;154 698 861;33;0;2;0;0;1
202000024661;154 698 859;7;0;2;1;1;0
202000024661;154 698 860;7;0;2;1;9;0
202000024662;154 698 853;33;0;2;1;3;1
202000024662;154 698 854;10;0;2;1;1;1
202000024662;154 698 855;7;0;2;6;1;1
202000024663;154 698 852;7;17;0;1;14;1
202000024664;154 698 850;7;0;2;2;1;1
202000024664;154 698 851;7;0;2;3;15;1
202000024665;154 698 848;7;0;2;7;12;1
202000024665;154 698 849;33;0;2;8;1;1
202000024666;154 698 847;7;4;0;2;14;1
202000024667;154 698 845;15;0;2;1;2;1
202000024667;154 698 846;15;0;2;6;0;1
202000024668;154 698 844;7;5;0;1;2;1
202000024669;154 698 842;7;0;2;1;2;1
202000024669;154 698 843;7;0;0;0;0;1
202000024670;154 698 841;7;16;0;8;13;1
202000024671;154 698 839;10;0;2;7;12;1
202000024671;154 698 840;10;3;2;3;1;1
202000024672;154 698 838;7;4;0;3;19;1
202000024673;154 698 834;7;0;2;4;2;1
202000024673;154 698 835;15;0;2;1;2;1
202000024673;154 698 836;7;0;2;1;2;1
202000024673;154 698 837;7;0;2;1;2;1
202000024674;154 698 831;7;0;2;8;3;1
202000024674;154 698 832;7;0;2;6;1;2
202000024674;154 698 833;7;0;2;2;12;1
202000024675;154 698 828;7;0;2;1;2;1
202000024675;154 698 829;7;0;2;4;2;1
202000024675;154 698 830;7;0;2;4;2;1
202000024676;154 698 827;33;0;0;0;1;1
202000024677;154 698 825;7;0;2;3;2;1
202000024677;154 698 826;2;0;2;4;1;1
202000024678;154 698 823;30;0;0;0;0;0
202000024678;154 698 824;7;0;2;6;15;1
202000024679;154 698 821;7;0;2;5;16;1
202000024679;154 698 822;31;0;2;1;26;1
202000024680;154 698 819;1;0;2;1;25;5
202000024680;154 698 820;7;0;2;1;15;1
202000024681;154 698 817;7;0;2;5;1;1
202000024681;154 698 818;30;0;2;5;3;1
202000024682;154 698 815;10;1;0;1;14;1
202000024682;154 698 816;7;0;2;4;24;1
202000024683;154 698 813;7;0;5;6;2;1
202000024683;154 698 814;33;0;2;1;2;1
202000024684;154 698 810;7;0;2;1;1;1
202000024684;154 698 811;3;0;2;1;1;2
202000024684;154 698 812;7;0;2;4;1;1
202000024685;154 698 808;7;0;2;0;1;0
202000024685;154 698 809;30;0;2;0;21;0
202000024686;154 698 806;10;0;2;8;19;1
202000024686;154 698 807;7;0;2;1;15;1
202000024687;154 698 804;7;0;2;4;15;1
202000024687;154 698 805;30;0;2;1;1;1
202000024688;154 698 802;7;0;2;5;17;1
202000024688;154 698 803;2;0;2;1;1;0
202000024689;154 698 798;1;0;2;4;13;5
202000024689;154 698 799;2;0;2;1;2;1
202000024690;154 698 797;1;0;1;1;0;0
202000024691;154 698 795;1;1;0;1;2;5
202000024691;154 698 796;7;0;2;3;23;1
202000024692;154 698 794;7;0;1;1;1;0
202000024693;154 698 792;7;0;0;0;0;1
202000024693;154 698 793;7;0;0;1;0;1
202000024694;154 698 790;7;0;2;1;1;0
202000024694;154 698 791;7;0;2;5;19;0
202000024695;154 698 789;7;0;1;2;1;0
202000024696;154 698 787;7;0;2;1;0;0
202000024696;154 698 788;50;0;2;0;0;3
202000024697;154 698 785;33;0;2;1;21;1
202000024697;154 698 786;7;0;2;5;15;1
202000024698;154 698 784;33;0;2;1;1;1
202000024699;154 698 782;31;0;2;1;0;1
202000024699;154 698 783;7;14;0;2;15;1
202000024700;154 698 780;7;0;2;1;1;1
202000024700;154 698 781;7;0;2;1;13;1
202000024701;154 698 778;7;0;2;3;1;1
202000024701;154 698 779;7;0;2;1;13;1
202000024702;154 698 776;30;0;2;1;1;1
202000024702;154 698 777;7;0;2;8;10;1
202000024703;154 698 774;7;0;2;2;26;1
202000024703;154 698 775;7;0;2;6;26;1
202000024704;154 698 773;30;0;0;3;2;1
202000024705;154 698 771;7;0;2;4;1;1
202000024705;154 698 772;7;0;2;1;1;1
202000024706;154 698 770;1;0;2;8;17;5
202000024707;154 698 768;7;0;2;1;1;1
202000024707;154 698 769;7;0;2;8;0;1
202000024708;154 698 767;7;12;0;1;1;1
202000024709;154 698 766;33;0;0;9;1;1
202000024710;154 698 765;7;0;1;1;1;1
202000024711;154 698 762;7;0;2;4;1;1
202000024711;154 698 763;7;0;2;1;12;1
202000024711;154 698 764;7;0;2;9;1;1
202000024712;154 698 761;30;0;1;1;26;1
202000024713;154 698 760;30;0;1;1;1;1
202000024714;154 698 757;7;0;2;1;0;1
202000024714;154 698 758;31;0;2;1;3;1
202000024714;154 698 759;37;0;2;3;23;1
202000024715;154 698 756;7;0;1;1;20;1
202000024716;154 698 755;7;0;1;2;1;6
202000024717;154 698 753;7;0;2;0;0;0
202000024717;154 698 754;31;0;2;1;1;1
202000024718;154 698 751;33;0;2;7;21;5
202000024718;154 698 752;7;0;2;8;19;5
202000024719;154 698 749;7;0;2;3;15;1
202000024719;154 698 750;33;0;2;2;17;1
202000024720;154 698 745;10;0;2;2;2;0
202000024720;154 698 746;10;0;2;3;20;0
202000024720;154 698 747;10;8;0;0;0;0
202000024720;154 698 748;10;0;1;0;0;0
202000024721;154 698 744;7;8;0;1;1;1
202000024722;154 698 742;31;0;2;1;26;1
202000024722;154 698 743;7;0;2;5;26;1
202000024723;154 698 741;7;0;1;3;1;1
202000024724;154 698 740;7;6;0;0;26;1
202000024725;154 698 739;7;0;1;1;16;0
202000024726;154 698 737;10;0;2;2;1;1
202000024726;154 698 738;7;0;2;3;1;1
202000024727;154 698 735;7;0;2;6;24;1
202000024727;154 698 736;7;1;0;2;1;1
202000024728;154 698 733;7;0;2;1;2;1
202000024728;154 698 734;7;0;2;4;23;1
202000024729;154 698 732;7;0;1;1;16;3
202000024730;154 698 731;7;0;1;1;15;1
202000024731;154 698 729;7;0;2;1;1;0
202000024731;154 698 730;2;0;2;4;1;6
202000024732;154 698 727;7;0;2;3;1;1
202000024732;154 698 728;2;0;2;1;1;1
202000024733;154 698 726;7;1;1;7;1;0
202000024734;154 698 725;7;0;1;2;1;1
202000024735;154 698 723;7;0;2;4;23;1
202000024735;154 698 724;7;0;2;1;21;1
202000024736;154 698 721;2;2;0;1;14;1
202000024737;154 698 719;7;0;2;1;9;1
202000024737;154 698 720;7;0;2;1;1;1
202000024738;154 698 717;50;0;0;0;0;3
202000024738;154 698 718;7;0;2;1;15;1
202000024739;154 698 716;7;0;0;9;1;1
202000024740;154 698 715;7;0;1;3;15;1
202000024741;154 698 714;1;0;0;0;1;5
202000024742;154 698 712;2;0;2;8;9;1
202000024742;154 698 713;14;0;2;5;1;1
202000024743;154 698 710;7;0;2;3;1;1
202000024743;154 698 711;7;0;2;1;13;1
202000024744;154 698 709;7;0;1;1;1;1
202000024745;154 698 707;33;0;2;1;2;0
202000024745;154 698 708;7;0;2;8;10;0
202000024746;154 698 703;7;0;2;;1;
202000024746;154 698 704;7;0;2;3;9;6
202000024747;154 698 701;7;0;2;3;15;1
202000024747;154 698 702;33;0;2;2;17;1
202000024748;154 698 699;10;1;0;1;14;1
202000024748;154 698 700;17;1;2;4;24;1
202000024749;154 698 698;7;8;1;1;19;1
202000024750;154 698 696;7;0;2;1;1;2
202000024750;154 698 697;7;0;2;1;13;1
202000024751;154 698 694;7;0;2;1;13;1
202000024751;154 698 695;17;0;2;1;1;1
202000024752;154 698 692;7;0;2;0;0;1
202000024752;154 698 693;7;0;2;8;10;1
202000024753;154 698 689;7;0;2;1;1;1
202000024753;154 698 690;7;0;2;1;1;1
202000024754;154 698 687;7;0;2;1;13;1
202000024754;154 698 688;7;0;2;1;1;1
202000024755;154 698 685;7;0;2;5;15;1
202000024755;154 698 686;1;0;2;1;1;5
202000024756;154 698 683;7;0;2;6;1;1
202000024756;154 698 684;7;0;2;2;17;1
202000024757;154 698 682;7;0;1;1;1;1
202000024758;154 698 680;7;1;2;6;24;1
202000024758;154 698 681;7;1;1;1;15;1
202000024759;154 698 679;7;0;1;1;1;1
202000024760;154 698 678;7;0;1;1;1;1
202000024761;154 698 677;2;0;2;3;1;1
202000024762;154 698 675;7;0;2;1;1;0
202000024762;154 698 676;1;0;2;8;26;0
202000024763;154 698 673;33;0;2;7;19;1
202000024763;154 698 674;7;0;2;1;1;1
202000024764;154 698 672;7;0;1;0;1;1