Num_Acc;id_vehicule;categorie_vehicule;obstacle_fixe;obstacle_mobile;point_choc_initial;manoeuvre_principale;motorisation
202000025108;154 698 045;7;0;2;8;1;1
202000025109;154 698 040;31;0;2;1;1;0
202000025109;154 698 042;7;6;2;2;15;0
202000025110;154 698 039;2;0;2;7;9;1
202000025110;154 698 041;7;0;2;8;1;1
202000025111;154 698 037;50;1;0;7;1;3
202000025111;154 698 038;7;0;2;8;24;6
202000025112;154 698 035;7;0;2;3;1;1
202000025112;154 698 036;7;0;2;1;15;1
202000025113;154 698 032;33;0;2;1;1;1
202000025113;154 698 034;7;0;2;1;15;1
202000025114;154 698 031;7;0;2;3;16;1
202000025114;154 698 033;7;0;2;2;1;1
202000025115;154 698 029;32;0;2;1;1;1
202000025115;154 698 030;3;0;2;4;23;1
202000025116;154 698 027;31;0;2;1;26;1
202000025116;154 698 028;7;0;2;2;15;1
202000025117;154 698 023;7;14;0;1;13;1
202000025117;154 698 025;38;0;2;2;21;1
202000025117;154 698 026;7;14;0;4;23;1
202000025118;154 698 022;7;0;2;8;2;1
202000025118;154 698 024;31;0;2;0;2;1
202000025119;154 698 021;7;0;1;2;16;1
202000025120;154 698 017;7;0;2;4;2;1
202000025120;154 698 018;7;0;2;4;2;1
202000025120;154 698 019;7;0;2;2;2;1
202000025120;154 698 020;2;0;2;4;2;1
202000025121;154 698 015;1;0;2;3;11;5
202000025121;154 698 016;7;0;2;0;0;1
202000025122;154 698 011;7;0;1;4;4;1
202000025123;154 698 010;7;6;0;3;13;1
202000025124;154 698 009;33;0;2;1;1;1
202000025124;154 698 012;7;0;2;4;1;1
202000025125;154 698 004;3;0;2;4;2;1
202000025125;154 698 007;7;0;2;1;2;1
202000025126;154 698 005;7;0;2;3;19;0
202000025126;154 698 008;7;0;2;2;1;0
202000025127;154 698 003;7;0;2;2;15;1
202000025127;154 698 006;33;0;2;2;1;1
202000025128;154 697 999;7;0;2;3;1;1
202000025128;154 698 001;7;0;2;1;9;1
202000025129;154 697 998;7;0;9;3;1;1
202000025129;154 698 002;1;0;2;1;11;5
202000025130;154 697 997;7;1;0;1;13;1
202000025130;154 698 000;7;1;2;3;26;1
202000025131;154 697 995;33;7;0;1;1;1
202000025132;154 697 993;7;14;0;1;26;1
202000025133;154 697 994;7;0;2;1;1;1
202000025133;154 697 996;7;0;2;8;10;1
202000025134;154 697 991;20;0;1;1;19;0
202000025135;154 697 992;10;6;0;1;13;1
202000025136;154 697 990;10;0;1;3;15;0
202000025137;154 697 989;7;2;0;2;14;1
202000025138;154 697 987;33;0;2;1;1;1
202000025138;154 697 988;7;0;2;2;15;1
202000025139;154 697 986;7;0;1;1;15;1
202000025140;154 697 985;7;3;2;1;14;1
202000025141;154 697 981;1;0;2;4;1;5
202000025141;154 697 984;7;0;2;1;14;1
202000025142;154 697 980;7;0;2;0;15;1
202000025142;154 697 982;33;16;2;0;1;1
202000025143;154 697 979;7;0;2;2;19;1
202000025143;154 697 983;2;0;2;8;1;1
202000025144;154 697 978;10;2;0;9;13;1
202000025145;154 697 974;10;0;1;1;17;0
202000025146;154 697 973;7;0;2;4;2;1
202000025146;154 697 976;7;0;2;1;2;1
202000025146;154 697 977;7;0;2;4;2;1
202000025147;154 697 975;2;7;0;1;11;1
202000025148;154 697 971;7;0;1;2;26;1
202000025149;154 697 970;7;8;0;1;14;1
202000025149;154 697 972;7;0;9;1;1;1
202000025150;154 697 967;7;2;0;1;0;1
202000025151;154 697 968;7;15;0;2;0;1
202000025152;154 697 966;21;0;2;3;15;1
202000025152;154 697 969;33;0;2;2;17;1
202000025153;154 697 964;3;0;0;6;15;1
202000025153;154 697 965;33;0;2;1;1;1
202000025154;154 697 963;33;0;0;8;1;1
202000025155;154 697 962;7;0;1;1;9;0
202000025156;154 697 960;7;0;0;3;20;1
202000025156;154 697 961;33;1;2;1;17;1
202000025157;154 697 956;7;0;2;1;2;1
202000025157;154 697 957;7;0;2;4;1;1
202000025158;154 697 955;7;0;2;1;1;1
202000025158;154 697 958;7;0;2;3;1;0
202000025158;154 697 959;7;0;2;1;13;1
202000025159;154 697 950;7;0;2;1;2;1
202000025159;154 697 953;1;0;2;4;1;5
202000025160;154 697 952;7;0;2;3;16;1
202000025160;154 697 954;7;6;2;3;15;1
202000025161;154 697 949;31;0;2;1;1;1
202000025161;154 697 951;10;0;0;4;1;1
202000025162;154 697 944;7;1;2;1;0;4
202000025162;154 697 946;7;0;2;1;2;1
202000025162;154 697 948;7;1;2;1;0;1
202000025163;154 697 943;10;0;0;2;1;1
202000025163;154 697 945;7;0;2;5;16;1
202000025163;154 697 947;7;0;2;3;2;1
202000025164;154 697 939;7;0;4;1;1;1
202000025164;154 697 941;1;0;2;7;19;5
202000025165;154 697 938;7;0;2;1;2;1
202000025165;154 697 940;33;0;2;4;2;1
202000025165;154 697 942;7;0;2;4;2;1
202000025166;154 697 937;7;0;0;8;1;1
202000025167;154 697 936;7;0;1;1;1;1
202000025168;154 697 934;43;0;1;4;1;1
202000025169;154 697 931;1;0;2;1;2;5
202000025169;154 697 935;7;0;9;5;2;1
202000025170;154 697 932;7;0;2;3;13;1
202000025170;154 697 933;7;0;2;9;1;1
202000025171;154 697 930;7;1;0;8;13;1
202000025172;154 697 928;7;0;9;3;15;1
202000025172;154 697 929;1;0;2;8;1;5
202000025173;154 697 927;10;13;0;2;0;1
202000025174;154 697 925;10;0;1;3;1;1
202000025175;154 697 922;7;;1;1;1;
202000025176;154 697 921;7;0;1;2;1;1
202000025177;154 697 919;1;0;2;7;15;0
202000025177;154 697 920;7;0;2;3;26;1
202000025178;154 697 924;32;0;2;8;1;1
202000025178;154 697 926;10;0;2;1;10;1
202000025179;154 697 918;32;8;0;2;14;1
202000025180;154 697 916;43;0;2;8;15;1
202000025180;154 697 917;7;0;2;2;17;0
202000025181;154 697 914;7;0;2;1;1;1
202000025181;154 697 915;14;0;2;4;23;1
202000025182;154 697 913;33;0;0;8;1;1
202000025183;154 697 911;1;0;2;8;19;5
202000025183;154 697 912;7;0;2;1;0;0
202000025184;154 697 909;10;0;1;7;17;1
202000025185;154 697 908;1;0;0;0;1;5
202000025186;154 697 905;7;0;0;0;0;0
202000025186;154 697 906;7;0;2;7;2;1
202000025186;154 697 907;7;0;2;8;1;1
202000025187;154 697 904;7;0;1;2;16;1
202000025188;154 697 910;30;0;1;1;16;0
202000025189;154 697 923;33;0;0;0;1;1
202000025190;154 697 903;2;0;0;0;26;1
202000025191;154 697 899;1;0;2;1;1;5
202000025191;154 697 902;30;0;2;1;1;0
202000025192;154 697 898;7;0;1;1;1;1
202000025193;154 697 901;7;15;0;3;14;1
202000025194;154 697 897;50;0;0;0;25;3
202000025195;154 697 893;7;0;2;3;1;1
202000025195;154 697 895;7;0;2;1;1;1
202000025196;154 697 890;7;0;2;2;15;1
202000025196;154 697 891;31;0;2;1;1;1
202000025197;154 697 888;7;0;0;6;26;1
202000025197;154 697 896;7;0;0;1;26;1
202000025198;154 697 887;7;0;2;1;9;0
202000025198;154 697 889;1;0;2;7;1;0
202000025199;154 697 883;3;2;9;1;2;6
202000025200;154 697 885;30;0;9;1;1;0
202000025200;154 697 886;1;0;2;4;14;5
202000025201;154 697 882;7;0;2;4;1;1
202000025201;154 697 884;7;0;2;1;1;1
202000025202;154 697 880;1;0;2;7;5;6
202000025202;154 697 881;7;0;9;2;1;0
202000025203;154 697 876;7;0;2;1;1;1
202000025203;154 697 877;15;5;2;1;21;1
202000025203;154 697 879;7;0;0;0;26;1
202000025204;154 697 875;7;8;0;3;13;1
202000025205;154 697 878;7;14;0;2;14;1
202000025206;154 697 873;7;0;2;3;1;1
202000025206;154 697 874;7;0;2;1;15;1
202000025207;154 697 871;7;9;0;1;17;1
202000025208;154 697 869;7;0;1;2;16;1
202000025209;154 697 866;1;0;2;1;1;5
202000025209;154 697 868;7;0;2;2;16;1
202000025210;154 697 865;7;0;2;7;17;1
202000025210;154 697 867;1;0;2;8;2;0
202000025211;154 697 863;7;0;9;3;1;1
202000025211;154 697 864;1;0;2;1;5;5
202000025212;154 697 861;7;0;2;5;1;1
202000025212;154 697 862;30;0;2;1;1;1
202000025213;154 697 858;7;0;2;2;15;1
202000025213;154 697 859;7;0;2;3;1;1
202000025214;154 697 860;7;0;1;2;1;0
202000025215;154 697 856;7;0;2;2;1;1
202000025215;154 697 857;7;0;2;1;26;1
202000025216;154 697 854;7;13;0;3;1;1
202000025217;154 697 853;7;8;0;2;1;1
202000025218;154 697 852;7;0;1;0;26;0
202000025219;154 697 851;7;0;2;3;1;1
202000025219;154 697 855;33;0;2;1;1;1
202000025220;154 697 847;7;0;1;1;21;1
202000025220;154 697 850;7;3;0;1;1;1
202000025221;154 697 848;7;0;2;2;1;0
202000025221;154 697 849;2;0;2;1;1;0
202000025222;154 697 844;7;0;2;1;15;0
202000025222;154 697 845;7;0;2;1;1;0
202000025223;154 697 846;7;13;0;9;1;1
202000025224;154 697 842;33;0;2;1;17;1
202000025224;154 697 843;7;0;2;3;15;1
202000025225;154 697 838;7;0;2;2;21;1
202000025225;154 697 840;7;0;2;3;10;0
202000025226;154 697 837;33;2;0;1;1;1
202000025226;154 697 839;10;0;2;1;1;1
202000025226;154 697 841;33;0;2;1;13;1
202000025227;154 697 832;7;0;2;3;19;1
202000025227;154 697 836;30;0;2;1;26;1
202000025228;154 697 833;33;0;2;1;1;0
202000025228;154 697 835;7;0;0;4;15;0
202000025229;154 697 830;10;0;2;3;1;1
202000025229;154 697 831;1;0;2;1;5;5
202000025230;154 697 829;33;6;0;9;15;1
202000025231;154 697 826;33;12;0;8;1;1
202000025231;154 697 828;10;0;0;1;19;1
202000025232;154 697 823;7;6;2;3;17;1
202000025232;154 697 827;7;6;2;2;16;1
202000025233;154 697 822;7;2;0;2;13;1
202000025234;154 697 820;2;0;2;1;1;1
202000025234;154 697 821;7;0;2;1;15;1
202000025235;154 697 824;2;0;2;1;1;1
202000025235;154 697 825;7;0;2;2;13;1
202000025236;154 697 819;10;0;1;2;1;1
202000025237;154 697 814;7;0;2;3;13;1
202000025237;154 697 815;7;0;2;3;1;1
202000025238;154 697 812;7;0;2;5;1;1
202000025238;154 697 816;1;13;0;4;1;5
202000025238;154 697 818;1;0;0;0;1;5
202000025239;154 697 811;7;0;2;7;15;1
202000025239;154 697 817;2;0;2;5;1;1
202000025240;154 697 810;7;0;2;2;1;1
202000025240;154 697 813;7;0;2;7;1;0
202000025241;154 697 807;7;3;0;7;13;1
202000025242;154 697 805;33;0;2;1;1;1
202000025242;154 697 806;7;0;2;7;9;1
202000025243;154 697 809;36;0;0;0;1;1
202000025244;154 697 808;7;2;0;0;1;1
202000025245;154 697 799;7;0;2;2;1;1
202000025245;154 697 802;31;0;1;1;1;1
202000025246;154 697 800;7;0;2;1;1;1
202000025246;154 697 804;7;0;2;2;19;1
202000025247;154 697 795;10;0;2;1;1;1
202000025247;154 697 797;7;0;2;1;1;1
202000025248;154 697 796;50;0;2;2;1;3
202000025248;154 697 798;7;0;2;5;14;0
202000025249;154 697 792;7;0;2;1;17;0
202000025249;154 697 794;35;0;0;4;15;1
202000025250;154 697 791;10;0;2;3;13;1
202000025250;154 697 793;32;0;2;6;1;1
202000025251;154 697 790;7;8;0;1;1;1
202000025252;154 697 788;43;0;2;1;1;1
202000025252;154 697 789;30;0;2;8;10;1
202000025253;154 697 787;7;2;0;1;14;1
202000025254;154 697 783;10;0;2;2;16;1
202000025254;154 697 784;1;0;2;1;1;5
202000025255;154 697 782;1;0;1;0;25;5
202000025256;154 697 781;43;0;1;1;1;1
202000025257;154 697 785;7;2;0;1;0;0
202000025258;154 697 801;7;0;2;3;1;1
202000025258;154 697 803;2;0;2;3;1;1
202000025259;154 697 780;43;0;1;1;17;1
202000025260;154 697 777;43;0;2;1;1;1
202000025260;154 697 778;33;0;2;3;20;1
202000025261;154 697 776;1;0;1;1;1;5
202000025262;154 697 775;1;0;0;1;1;5
202000025263;154 697 771;7;0;0;9;21;1
202000025264;154 697 772;33;0;2;1;1;1
202000025264;154 697 774;7;0;2;4;15;1
202000025265;154 697 769;15;0;0;4;1;1
202000025265;154 697 770;7;0;2;1;0;1
202000025266;154 697 773;7;0;0;1;17;1
202000025266;154 697 779;7;0;0;8;15;1
202000025267;154 697 766;7;0;2;7;1;1
202000025267;154 697 768;1;0;2;0;0;5
202000025268;154 697 764;10;8;0;2;1;1
202000025269;154 697 761;2;0;2;9;9;1
202000025269;154 697 762;7;0;2;2;1;1
202000025270;154 697 759;7;0;2;4;2;1
202000025270;154 697 760;2;0;2;1;2;1
202000025271;154 697 763;37;12;2;3;1;2
202000025271;154 697 765;15;0;2;2;1;1
202000025272;154 697 757;7;0;2;3;15;1
202000025272;154 697 758;33;0;2;8;1;1
202000025273;154 697 755;7;0;9;7;10;0
202000025273;154 697 756;1;0;2;1;1;0
202000025274;154 697 752;32;0;2;1;11;1
202000025274;154 697 753;7;0;2;3;1;1
202000025275;154 697 767;7;3;0;2;21;1
202000025276;154 697 754;7;2;0;1;1;1
202000025277;154 697 751;7;0;1;1;16;0
202000025278;154 697 743;10;0;2;4;1;6
202000025278;154 697 744;10;0;2;9;1;6
202000025278;154 697 745;10;0;2;9;1;6
202000025278;154 697 746;7;0;2;1;1;1
202000025279;154 697 742;13;0;1;1;26;0
202000025280;154 697 740;7;0;2;3;1;1
202000025280;154 697 741;32;0;2;1;15;1
202000025281;154 697 738;31;0;2;1;1;1
202000025281;154 697 739;10;0;2;6;12;1
202000025282;154 697 736;10;0;2;0;2;0
202000025282;154 697 737;10;0;2;4;1;1
202000025283;154 697 734;7;4;0;1;0;1
202000025283;154 697 735;7;4;0;6;15;1
202000025284;154 697 732;7;0;2;3;26;2
202000025284;154 697 733;33;0;2;1;1;1
202000025285;154 697 727;7;0;2;4;1;1
202000025285;154 697 731;7;0;2;1;1;0
202000025286;154 697 728;15;3;0;9;1;1
202000025287;154 697 729;10;0;0;5;15;1
202000025287;154 697 730;2;0;2;7;1;1
202000025288;154 697 725;1;0;2;1;11;5
202000025288;154 697 726;14;0;2;1;1;0
202000025289;154 697 722;7;2;0;1;1;1
202000025290;154 697 721;33;3;0;7;15;1
202000025291;154 697 720;7;6;2;1;21;1
202000025291;154 697 723;7;0;2;8;15;1
202000025292;154 697 717;7;0;2;3;9;1
202000025292;154 697 719;80;0;2;2;1;3
202000025293;154 697 716;7;0;2;1;13;1
202000025293;154 697 718;7;0;2;3;0;1
202000025294;154 697 724;31;3;0;1;2;1
202000025295;154 697 713;7;0;0;6;1;1
202000025295;154 697 715;1;15;2;0;5;5
202000025296;154 697 712;15;0;2;3;1;1
202000025296;154 697 714;7;0;2;3;13;1
202000025297;154 697 711;7;6;0;1;0;1
202000025298;154 697 710;7;0;6;1;1;1
202000025299;154 697 706;7;0;2;3;15;0
202000025299;154 697 708;30;0;2;1;1;0
202000025300;154 697 705;7;0;0;5;1;1
202000025300;154 697 707;7;0;2;4;1;1
202000025300;154 697 709;7;0;2;1;1;1
202000025301;154 697 703;7;4;0;1;1;1
202000025302;154 697 702;7;0;2;3;1;0
202000025302;154 697 704;7;0;2;3;1;0
202000025303;154 697 701;31;0;0;0;2;1
202000025304;154 697 698;7;0;0;2;15;1
202000025304;154 697 700;33;0;2;1;1;1
202000025305;154 697 697;7;0;2;3;1;1
202000025305;154 697 699;33;0;2;2;1;1
202000025306;154 697 694;7;0;2;2;17;1
202000025306;154 697 696;7;4;0;6;1;1
202000025307;154 697 693;31;0;2;7;26;1
202000025307;154 697 695;2;0;2;7;26;1
202000025308;154 697 691;7;0;0;6;15;0
202000025308;154 697 692;2;0;2;2;2;1
202000025309;154 697 689;7;0;2;3;1;1
202000025309;154 697 690;7;0;2;3;5;1
202000025310;154 697 687;7;0;2;1;16;1
202000025310;154 697 688;1;0;2;4;16;0
202000025311;154 697 686;7;15;0;3;0;1
202000025312;154 697 682;7;0;0;4;0;1
202000025312;154 697 685;7;0;2;1;26;1
202000025313;154 697 683;3;0;0;4;15;1
202000025313;154 697 684;7;0;2;1;1;1
202000025314;154 697 681;7;0;1;1;26;1
202000025315;154 697 678;7;0;2;4;1;1
202000025315;154 697 679;7;0;2;6;1;1
202000025315;154 697 680;7;4;2;1;0;1
202000025316;154 697 675;7;0;2;8;19;1
202000025316;154 697 677;33;0;2;1;1;1
202000025317;154 697 674;7;0;2;4;2;1
202000025317;154 697 676;10;0;2;1;2;1
202000025318;154 697 669;10;0;2;1;11;1
202000025318;154 697 671;7;0;2;6;1;1
202000025318;154 697 672;7;0;2;8;2;1
202000025318;154 697 673;7;0;2;5;1;1
202000025319;154 697 668;7;0;2;1;2;1
202000025319;154 697 670;7;0;2;4;2;1
202000025320;154 697 666;1;0;2;4;1;5
202000025320;154 697 667;7;0;2;1;14;1
202000025321;154 697 665;30;0;1;1;26;1
202000025322;154 697 664;7;0;1;7;9;1
202000025323;154 697 661;31;0;2;2;9;1
202000025323;154 697 662;7;0;2;6;1;1
202000025324;154 697 660;7;0;1;4;4;1
202000025325;154 697 657;7;0;2;1;13;1
202000025325;154 697 659;7;0;2;2;1;1
202000025326;154 697 653;2;0;2;2;17;1
202000025326;154 697 655;10;0;2;3;15;1
202000025327;154 697 650;50;1;2;1;1;3
202000025327;154 697 652;7;1;9;3;1;1
202000025328;154 697 649;7;0;2;1;26;1
202000025328;154 697 651;2;14;2;7;26;0
202000025329;154 697 647;10;0;1;0;1;1
202000025330;154 697 646;7;0;2;8;15;1
202000025330;154 697 648;31;0;2;1;26;1
202000025331;154 697 644;7;0;2;1;1;0
202000025331;154 697 645;7;0;2;4;1;0
202000025332;154 697 640;7;0;2;7;14;1
202000025332;154 697 641;30;0;2;8;3;1
202000025333;154 697 639;37;0;1;7;9;1
202000025334;154 697 637;50;0;2;1;26;3
202000025334;154 697 638;7;0;2;3;1;1
202000025335;154 697 636;7;0;9;8;24;1
202000025335;154 697 643;1;1;9;1;1;0
202000025336;154 697 634;50;0;1;1;18;3
202000025337;154 697 633;33;0;2;1;17;1
202000025337;154 697 635;7;0;2;3;15;1
202000025338;154 697 632;7;4;0;9;14;1
202000025339;154 697 630;7;0;2;1;1;1
202000025339;154 697 631;7;0;2;7;1;1
202000025340;154 697 628;7;0;2;0;0;1
202000025340;154 697 629;32;14;2;7;12;1
202000025341;154 697 626;1;0;2;1;1;0
202000025341;154 697 627;7;0;2;6;9;1
202000025342;154 697 625;32;1;0;6;0;1
202000025343;154 697 624;14;0;1;3;1;0
202000025344;154 697 622;7;0;2;1;13;1
202000025344;154 697 623;7;0;2;1;21;1
202000025345;154 697 620;7;0;2;8;9;1
202000025345;154 697 621;80;0;2;1;1;3
202000025346;154 697 618;7;0;2;6;15;1
202000025346;154 697 619;2;0;2;7;1;1
202000025347;154 697 616;7;6;0;2;26;1
202000025348;154 697 614;2;0;2;1;17;1
202000025348;154 697 615;7;0;2;3;15;1
202000025349;154 697 611;1;0;2;1;19;5
202000025349;154 697 612;7;0;2;2;1;3
202000025350;154 697 613;7;0;1;8;26;1
202000025351;154 697 609;31;0;2;1;0;1
202000025351;154 697 610;7;0;2;1;0;1
202000025352;154 697 608;7;0;1;1;1;1
202000025353;154 697 607;7;8;0;7;14;1
202000025354;154 697 605;2;0;2;1;17;1
202000025354;154 697 606;10;0;2;3;10;1
202000025355;154 697 603;7;0;2;3;15;1
202000025355;154 697 604;2;0;2;1;1;0
202000025356;154 697 601;1;0;2;6;2;5
202000025356;154 697 602;7;0;2;3;13;1
202000025357;154 697 599;7;0;1;1;17;1
202000025358;154 697 598;7;0;2;3;1;1
202000025358;154 697 600;7;0;2;3;15;1
202000025359;154 697 596;7;0;2;2;1;1
202000025359;154 697 597;30;0;2;1;1;1
202000025360;154 697 595;99;0;1;6;16;0
202000025361;154 697 594;7;0;1;1;1;1
202000025362;154 697 592;7;0;2;1;1;1
202000025362;154 697 593;7;0;2;4;1;1
202000025363;154 697 590;7;0;2;3;20;1
202000025363;154 697 591;2;0;2;1;1;1
202000025364;154 697 586;7;0;2;2;1;1
202000025364;154 697 587;7;0;2;3;1;0
202000025365;154 697 585;7;0;2;6;1;1
202000025365;154 697 588;7;0;2;1;1;1
202000025365;154 697 589;7;0;2;1;13;1
202000025366;154 697 584;10;0;1;3;1;1
202000025367;154 697 582;7;0;1;2;1;1
202000025368;154 697 581;50;0;2;4;19;3
202000025368;154 697 583;7;0;2;7;1;1
202000025369;154 697 577;30;0;2;3;9;1
202000025369;154 697 579;7;0;2;3;1;1
202000025370;154 697 575;1;0;2;0;0;0
202000025370;154 697 576;7;0;2;7;16;1
202000025371;154 697 578;7;0;0;0;16;1
202000025371;154 697 580;30;0;2;0;16;1
202000025372;154 697 573;33;12;0;8;13;1
202000025373;154 697 574;1;1;0;1;14;5
202000025374;154 697 571;33;0;2;1;1;1
202000025374;154 697 572;7;0;2;2;26;1
202000025375;154 697 569;7;0;2;1;0;1
202000025375;154 697 570;3;0;2;1;5;1
202000025376;154 697 568;7;0;1;7;1;1
202000025377;154 697 566;7;0;9;3;26;1
202000025377;154 697 567;1;0;2;1;5;5
202000025378;154 697 564;1;0;2;7;1;0
202000025378;154 697 565;7;0;2;2;9;1
202000025379;154 697 561;10;0;2;4;1;1
202000025379;154 697 563;10;0;2;1;2;1
202000025380;154 697 560;7;0;2;2;2;1
202000025380;154 697 562;2;0;2;4;1;1
202000025381;154 697 557;7;0;1;1;1;1
202000025382;154 697 558;7;0;2;4;2;1
202000025382;154 697 559;7;0;2;1;1;1
202000025383;154 697 553;1;0;2;1;1;5
202000025383;154 697 555;7;0;2;1;16;1
202000025384;154 697 552;7;0;1;1;9;1
202000025385;154 697 549;1;0;2;1;1;5
202000025385;154 697 550;31;0;2;1;1;1
202000025386;154 697 548;7;0;2;1;1;1
202000025386;154 697 551;1;0;2;1;2;5
202000025387;154 697 546;7;0;2;0;0;1
202000025387;154 697 547;7;0;2;0;1;1
202000025388;154 697 545;7;0;1;1;1;4
202000025389;154 697 542;1;0;2;3;15;5
202000025389;154 697 543;7;0;2;2;17;1
202000025390;154 697 544;34;6;0;1;2;1
202000025391;154 697 540;33;0;2;8;15;1
202000025391;154 697 541;7;0;2;2;1;1
202000025392;154 697 539;0;0;1;0;0;0
202000025393;154 697 537;7;0;2;2;17;1
202000025393;154 697 538;30;0;2;3;11;1
202000025394;154 697 536;33;0;1;1;8;0
202000025395;154 697 533;7;0;1;1;1;1
202000025396;154 697 531;7;0;2;4;23;1
202000025396;154 697 532;7;0;2;1;1;1
202000025397;154 697 529;7;0;2;1;1;1
202000025397;154 697 530;7;0;2;6;9;1
202000025398;154 697 534;7;0;2;2;26;1
202000025398;154 697 535;7;0;2;1;26;1
202000025399;154 697 526;7;1;0;9;14;1
202000025400;154 697 527;1;0;2;8;1;5
202000025400;154 697 528;7;0;9;0;15;1
202000025401;154 697 523;7;0;2;1;1;1
202000025401;154 697 525;7;0;2;2;15;1
202000025402;154 697 518;31;0;2;3;1;1
202000025402;154 697 519;7;0;2;0;1;1
202000025403;154 697 520;2;0;2;1;15;1
202000025403;154 697 521;7;0;2;3;2;1
202000025404;154 697 516;7;1;1;2;14;1
202000025405;154 697 515;2;0;2;1;1;1
202000025405;154 697 517;7;0;2;1;1;1
202000025406;154 697 512;32;0;2;1;2;1
202000025406;154 697 514;10;0;2;4;2;1
202000025407;154 697 511;1;0;4;1;1;5
202000025407;154 697 513;40;0;2;1;1;3
202000025408;154 697 508;33;0;2;2;1;1
202000025408;154 697 510;7;0;2;6;11;2
202000025409;154 697 507;1;0;2;9;1;5
202000025409;154 697 509;10;0;2;1;9;1
202000025410;154 697 505;7;2;0;3;13;1
202000025411;154 697 504;37;0;2;7;15;1
202000025411;154 697 506;33;0;2;1;1;1
202000025412;154 697 503;7;0;1;8;16;1
202000025413;154 697 502;30;0;1;1;5;1
202000025414;154 697 499;33;0;2;1;23;1
202000025414;154 697 501;10;0;2;6;4;1
202000025415;154 697 498;7;0;1;1;1;1
202000025416;154 697 496;7;0;2;1;1;1
202000025416;154 697 497;7;0;2;4;13;1
202000025417;154 697 494;7;14;1;7;1;1
202000025417;154 697 495;7;0;2;8;22;1
202000025418;154 697 491;30;0;2;1;1;1
202000025418;154 697 493;10;0;2;3;5;1
202000025419;154 697 492;30;0;1;8;17;1
202000025420;154 697 489;7;0;2;1;1;1
202000025420;154 697 490;7;0;2;1;5;1
202000025421;154 697 487;7;3;1;1;1;1
202000025422;154 697 484;10;0;2;1;1;1
202000025422;154 697 485;10;0;2;8;7;1
202000025423;154 697 486;1;0;2;1;5;5
202000025423;154 697 488;7;0;2;3;15;1
202000025424;154 697 482;32;0;1;1;1;1
202000025425;154 697 481;99;1;2;3;13;0
202000025425;154 697 483;99;0;2;1;20;0
202000025426;154 697 478;7;13;0;1;13;1
202000025427;154 697 479;37;0;2;0;18;1
202000025427;154 697 480;50;0;2;7;1;3
202000025428;154 697 474;1;0;2;1;1;5
202000025428;154 697 477;7;0;2;6;1;1
202000025429;154 697 475;7;0;2;8;15;1
202000025429;154 697 476;33;0;2;1;17;1
202000025430;154 697 470;30;0;2;1;2;1
202000025430;154 697 471;7;0;2;6;2;1
202000025431;154 697 469;33;0;0;4;23;1
202000025431;154 697 472;7;0;2;1;1;1
202000025432;154 697 468;1;0;2;8;7;5
202000025432;154 697 473;7;0;2;7;16;0
202000025433;154 697 465;7;0;2;1;9;1
202000025433;154 697 467;1;0;2;4;16;5
202000025434;154 697 461;43;0;0;8;1;1
202000025435;154 697 464;7;0;2;3;13;1
202000025435;154 697 466;7;0;2;3;1;1
202000025436;154 697 460;33;4;0;7;13;1
202000025437;154 697 459;7;0;1;1;1;1
202000025438;154 697 457;7;0;2;3;10;1
202000025438;154 697 458;32;0;2;1;1;1
202000025439;154 697 462;7;0;2;3;22;1
202000025439;154 697 463;1;0;2;2;1;5
202000025440;154 697 455;1;14;0;7;12;5
202000025441;154 697 454;1;0;2;6;2;5
202000025441;154 697 456;7;0;2;2;14;1
202000025442;154 697 452;32;0;2;7;21;1
202000025443;154 697 450;7;0;2;3;1;1
202000025443;154 697 453;80;0;2;3;1;3
202000025444;154 697 451;7;0;1;1;1;2
202000025445;154 697 449;7;13;0;2;1;1
202000025446;154 697 448;7;0;1;3;1;1
202000025447;154 697 447;33;6;0;3;13;1
202000025448;154 697 444;7;0;2;7;13;1
202000025448;154 697 446;7;0;2;1;1;1
202000025449;154 697 443;30;0;1;1;1;1
202000025450;154 697 442;1;0;2;1;1;0
202000025450;154 697 445;7;0;2;8;9;1
202000025451;154 697 441;7;0;0;9;21;1
202000025452;154 697 439;50;0;2;1;7;3
202000025452;154 697 440;10;0;2;8;22;1
202000025453;154 697 437;7;0;2;3;1;1
202000025453;154 697 438;7;0;2;2;9;1
202000025454;154 697 434;2;0;2;1;9;1
202000025454;154 697 436;7;0;2;6;0;1
202000025455;154 697 432;10;0;2;3;16;1
202000025455;154 697 435;1;0;2;2;1;5
202000025456;154 697 430;7;0;1;1;17;1
202000025457;154 697 427;7;0;2;1;13;1
202000025457;154 697 428;14;0;2;3;1;1
202000025458;154 697 429;1;0;0;0;1;5
202000025459;154 697 431;7;0;2;3;9;0
202000025459;154 697 433;30;0;2;1;2;0
202000025460;154 697 422;3;0;2;1;0;0
202000025460;154 697 424;3;0;2;4;0;0
202000025461;154 697 423;7;0;2;7;16;1
202000025461;154 697 425;50;0;2;0;1;3
202000025462;154 697 421;10;0;9;2;16;1
202000025462;154 697 426;1;0;2;1;21;5
202000025463;154 697 420;7;0;1;4;4;1
202000025464;154 697 418;7;0;2;3;15;1