Num_Acc;id_vehicule;categorie_vehicule;obstacle_fixe;obstacle_mobile;point_choc_initial;manoeuvre_principale;motorisation
202000025464;154 697 419;33;0;2;1;17;1
202000025465;154 697 417;7;8;0;1;0;0
202000025466;154 697 414;7;0;2;8;1;1
202000025466;154 697 415;7;8;2;1;2;1
202000025467;154 697 412;7;3;0;1;1;1
202000025468;154 697 413;7;0;0;6;1;1
202000025468;154 697 416;7;0;2;1;1;1
202000025469;154 697 409;10;0;2;1;9;1
202000025469;154 697 410;7;0;2;4;0;1
202000025469;154 697 411;7;0;2;4;0;1
202000025470;154 697 405;7;3;2;0;11;1
202000025470;154 697 408;7;0;2;6;1;1
202000025471;154 697 406;30;0;0;8;26;1
202000025472;154 697 402;33;2;0;0;1;0
202000025473;154 697 404;7;3;0;1;2;1
202000025474;154 697 401;7;0;2;6;13;0
202000025474;154 697 403;2;2;2;2;17;0
202000025475;154 697 400;7;0;1;3;1;6
202000025476;154 697 399;7;13;0;0;1;1
202000025477;154 697 396;1;1;2;1;15;0
202000025477;154 697 398;37;0;2;1;1;0
202000025478;154 697 397;7;8;0;0;2;1
202000025479;154 697 391;32;0;2;1;1;1
202000025479;154 697 393;7;0;2;3;15;1
202000025480;154 697 392;2;6;0;1;13;0
202000025481;154 697 385;7;1;1;3;14;1
202000025481;154 697 388;7;0;1;5;24;1
202000025482;154 697 387;33;1;2;7;1;0
202000025482;154 697 389;7;12;0;3;23;0
202000025483;154 697 386;7;0;2;2;1;3
202000025483;154 697 390;32;0;2;8;1;1
202000025484;154 697 384;7;9;0;0;0;1
202000025485;154 697 382;7;0;2;1;2;1
202000025485;154 697 383;1;0;2;1;2;5
202000025486;154 697 379;7;0;1;1;23;1
202000025487;154 697 378;7;0;2;1;17;1
202000025487;154 697 380;7;0;2;1;1;1
202000025488;154 697 377;7;0;2;8;13;1
202000025488;154 697 381;7;0;2;1;1;1
202000025489;154 697 376;7;0;1;6;4;1
202000025490;154 697 375;7;0;1;1;21;1
202000025491;154 697 372;10;9;2;1;1;1
202000025491;154 697 373;7;0;2;1;1;1
202000025492;154 697 369;7;0;1;3;1;1
202000025493;154 697 368;7;0;2;3;1;1
202000025493;154 697 370;7;3;2;2;21;1
202000025493;154 697 371;7;0;2;9;13;1
202000025494;154 697 367;7;0;1;1;16;1
202000025495;154 697 365;7;0;2;1;13;1
202000025495;154 697 366;7;0;2;1;1;1
202000025496;154 697 364;37;0;0;0;26;0
202000025497;154 697 361;33;0;2;1;1;1
202000025497;154 697 363;10;0;2;1;15;1
202000025498;154 697 360;33;0;2;2;26;6
202000025498;154 697 362;32;0;0;0;0;0
202000025499;154 697 356;7;0;2;1;1;1
202000025499;154 697 357;1;0;2;8;19;5
202000025500;154 697 358;7;0;2;2;15;1
202000025500;154 697 359;33;0;2;1;1;1
202000025501;154 697 353;31;0;0;8;1;1
202000025502;154 697 351;15;0;0;6;23;1
202000025502;154 697 354;7;1;0;8;17;1
202000025503;154 697 348;10;0;2;2;15;1
202000025503;154 697 350;31;0;2;2;1;1
202000025504;154 697 346;7;0;2;4;1;1
202000025504;154 697 347;7;0;2;4;1;1
202000025504;154 697 349;7;0;2;1;1;1
202000025505;154 697 345;7;2;0;7;1;1
202000025506;154 697 352;1;0;2;8;15;5
202000025506;154 697 355;3;0;2;0;0;0
202000025507;154 697 344;7;4;0;1;1;1
202000025508;154 697 342;30;0;2;1;2;1
202000025508;154 697 343;7;0;2;4;2;1
202000025509;154 697 338;10;0;2;1;2;1
202000025509;154 697 339;10;0;2;3;2;1
202000025509;154 697 340;7;0;2;4;2;1
202000025509;154 697 341;7;0;2;4;2;1
202000025510;154 697 336;33;8;0;1;14;1
202000025511;154 697 334;1;0;0;1;0;5
202000025512;154 697 335;7;3;0;1;0;1
202000025513;154 697 332;10;4;0;3;0;1
202000025514;154 697 333;7;2;0;7;0;1
202000025515;154 697 337;20;0;1;5;1;1
202000025516;154 697 328;7;0;2;4;1;1
202000025516;154 697 331;7;0;2;1;1;0
202000025517;154 697 325;33;6;0;3;16;1
202000025518;154 697 326;32;9;0;5;16;1
202000025518;154 697 327;7;0;0;0;0;0
202000025519;154 697 323;7;0;1;1;13;1
202000025520;154 697 329;7;0;2;1;1;1
202000025520;154 697 330;33;0;2;1;1;1
202000025521;154 697 321;7;0;2;1;21;0
202000025521;154 697 322;7;0;2;5;2;0
202000025521;154 697 324;7;0;2;8;1;0
202000025522;154 697 320;2;0;0;1;1;0
202000025523;154 697 317;7;2;0;0;1;1
202000025524;154 697 318;7;0;2;4;1;1
202000025524;154 697 319;7;0;2;1;11;1
202000025525;154 697 316;7;0;1;3;1;1
202000025526;154 697 314;7;0;2;1;1;1
202000025527;154 697 312;7;4;0;0;26;1
202000025528;154 697 311;7;4;0;3;1;1
202000025529;154 697 310;7;0;1;1;1;0
202000025530;154 697 309;7;0;0;4;23;1
202000025530;154 697 315;7;0;2;1;2;1
202000025531;154 697 306;7;7;0;7;1;1
202000025532;154 697 313;7;6;0;7;1;1
202000025533;154 697 307;7;4;0;0;0;0
202000025533;154 697 308;7;4;0;0;0;0
202000025534;154 697 304;3;13;0;2;2;1
202000025535;154 697 302;7;0;2;1;1;1
202000025535;154 697 305;7;0;2;1;15;1
202000025536;154 697 301;7;0;2;4;1;0
202000025536;154 697 303;7;0;2;1;1;1
202000025537;154 697 299;33;13;0;7;1;1
202000025538;154 697 297;7;13;0;9;1;1
202000025539;154 697 296;7;0;2;1;1;1
202000025539;154 697 298;2;0;0;7;17;1
202000025540;154 697 294;10;0;2;1;1;1
202000025540;154 697 295;7;0;2;1;15;1
202000025541;154 697 293;7;0;1;3;1;1
202000025542;154 697 292;7;4;0;3;1;1
202000025543;154 697 288;7;0;2;3;9;1
202000025543;154 697 300;7;0;2;2;1;1
202000025544;154 697 287;7;13;0;2;14;1
202000025545;154 697 286;7;0;0;9;14;1
202000025546;154 697 290;7;0;2;1;1;1
202000025546;154 697 291;7;0;2;4;1;0
202000025547;154 697 282;7;12;2;2;19;1
202000025547;154 697 285;7;14;2;1;1;1
202000025548;154 697 279;7;0;2;0;0;0
202000025548;154 697 280;7;0;2;0;2;0
202000025548;154 697 281;7;0;2;6;2;0
202000025548;154 697 283;7;0;2;1;1;0
202000025548;154 697 284;7;0;2;0;2;0
202000025549;154 697 278;7;2;0;1;0;0
202000025550;154 697 276;7;0;2;4;26;0
202000025550;154 697 277;7;0;2;1;26;0
202000025551;154 697 272;7;13;0;1;1;1
202000025552;154 697 271;33;0;5;1;1;1
202000025553;154 697 289;7;0;1;3;1;1
202000025554;154 697 269;31;0;2;1;1;1
202000025554;154 697 270;21;0;2;3;15;1
202000025555;154 697 268;33;0;0;9;1;1
202000025556;154 697 265;10;0;2;1;15;1
202000025556;154 697 267;34;0;2;1;1;1
202000025557;154 697 261;7;0;2;3;9;1
202000025557;154 697 262;31;0;2;1;1;1
202000025558;154 697 266;7;1;2;6;19;1
202000025558;154 697 273;7;0;2;1;19;1
202000025559;154 697 259;7;0;2;4;1;1
202000025559;154 697 260;7;3;2;1;1;1
202000025560;154 697 255;10;0;2;4;2;1
202000025560;154 697 257;10;0;2;1;2;1
202000025560;154 697 258;10;0;2;4;2;0
202000025561;154 697 254;32;0;2;1;21;1
202000025561;154 697 256;10;0;2;8;9;1
202000025562;154 697 252;1;0;2;0;0;5
202000025562;154 697 253;0;0;2;1;0;0
202000025563;154 697 250;7;13;0;8;5;1
202000025564;154 697 249;2;0;0;0;0;0
202000025565;154 697 248;7;0;9;9;26;1
202000025566;154 697 244;7;0;2;3;1;1
202000025566;154 697 245;7;0;2;3;13;1
202000025567;154 697 243;7;0;9;1;16;1
202000025567;154 697 251;1;0;2;1;26;5
202000025568;154 697 241;10;0;2;2;2;1
202000025568;154 697 242;2;0;2;8;2;1
202000025569;154 697 246;15;0;2;1;1;1
202000025569;154 697 247;7;0;2;1;5;1
202000025570;154 697 240;7;0;1;3;1;1
202000025571;154 697 236;14;0;2;1;2;1
202000025571;154 697 237;7;0;2;4;2;1
202000025572;154 697 238;7;0;2;3;15;1
202000025572;154 697 239;34;0;2;1;17;1
202000025573;154 697 233;7;0;0;4;1;1
202000025573;154 697 234;7;0;0;4;1;1
202000025573;154 697 235;7;0;2;1;1;1
202000025574;154 697 232;7;0;1;1;1;1
202000025575;154 697 231;7;3;0;0;21;1
202000025576;154 697 228;7;0;2;1;1;1
202000025576;154 697 229;7;0;2;0;1;1
202000025576;154 697 230;2;0;2;4;1;1
202000025577;154 697 227;33;0;0;8;1;1
202000025578;154 697 223;7;0;2;8;1;0
202000025578;154 697 225;7;0;2;1;1;1
202000025579;154 697 220;7;0;2;3;1;1
202000025579;154 697 221;33;0;2;8;1;1
202000025579;154 697 222;3;0;2;3;13;1
202000025580;154 697 218;7;0;2;4;1;1
202000025580;154 697 219;7;0;2;1;2;1
202000025581;154 697 216;2;0;2;1;13;1
202000025581;154 697 217;10;0;2;1;1;1
202000025582;154 697 213;7;0;2;1;2;0
202000025582;154 697 214;31;0;2;4;2;1
202000025582;154 697 215;7;0;2;6;2;1
202000025583;154 697 211;7;0;2;3;1;1
202000025583;154 697 212;7;0;2;3;13;1
202000025584;154 697 209;2;0;2;3;15;1
202000025584;154 697 210;7;0;2;2;2;1
202000025585;154 697 205;7;0;0;3;9;0
202000025585;154 697 207;7;0;2;1;1;0
202000025585;154 697 208;7;0;2;1;1;0
202000025586;154 697 224;7;0;2;2;2;1
202000025586;154 697 226;1;0;2;8;2;5
202000025587;154 697 204;7;0;2;4;1;1
202000025587;154 697 206;7;0;0;0;0;1
202000025588;154 697 202;21;0;2;1;1;1
202000025588;154 697 203;7;0;2;1;13;1
202000025589;154 697 200;33;12;0;1;9;1
202000025590;154 697 198;7;0;2;4;2;1
202000025590;154 697 199;13;0;2;1;2;1
202000025591;154 697 197;7;15;0;1;16;2
202000025592;154 697 195;7;0;2;2;14;1
202000025592;154 697 196;7;0;2;3;9;1
202000025593;154 697 193;7;9;2;2;2;1
202000025593;154 697 201;2;9;2;4;0;1
202000025594;154 697 191;7;0;2;1;0;1
202000025595;154 697 192;7;0;0;5;1;1
202000025595;154 697 194;7;0;2;3;2;1
202000025596;154 697 189;7;0;2;8;1;1
202000025596;154 697 190;7;0;2;3;1;1
202000025597;154 697 188;30;8;0;1;24;1
202000025598;154 697 187;10;0;0;9;1;1
202000025599;154 697 186;10;0;1;3;15;1
202000025600;154 697 184;7;0;1;2;1;1
202000025601;154 697 181;7;1;0;1;26;0
202000025601;154 697 182;7;0;2;4;23;0
202000025601;154 697 183;7;0;2;4;1;0
202000025602;154 697 185;33;0;0;0;1;1
202000025603;154 697 178;7;0;2;1;1;1
202000025603;154 697 179;3;0;2;4;1;1
202000025603;154 697 180;7;0;2;4;1;1
202000025604;154 697 177;7;10;0;2;1;1
202000025605;154 697 175;7;0;2;4;2;1
202000025605;154 697 176;7;0;2;1;2;1
202000025606;154 697 174;2;15;0;1;14;1
202000025607;154 697 172;1;0;2;4;1;5
202000025607;154 697 173;10;0;2;4;1;1
202000025608;154 697 170;2;0;2;8;2;1
202000025608;154 697 171;2;6;2;7;2;1
202000025609;154 697 167;7;16;0;9;1;1
202000025610;154 697 168;7;0;2;7;16;1
202000025610;154 697 169;30;0;2;3;18;1
202000025611;154 697 164;33;0;0;0;0;1
202000025611;154 697 166;0;0;2;0;0;0
202000025612;154 697 165;7;3;0;2;1;1
202000025613;154 697 160;7;0;2;4;1;1
202000025613;154 697 163;7;0;2;1;2;1
202000025614;154 697 159;7;8;2;1;1;1
202000025614;154 697 161;7;0;2;2;0;1
202000025614;154 697 162;7;0;2;0;26;1
202000025615;154 697 158;7;4;0;1;14;1
202000025616;154 697 157;7;4;0;2;14;1
202000025617;154 697 155;30;2;0;1;1;1
202000025618;154 697 154;32;0;2;8;3;1
202000025618;154 697 156;7;0;2;7;1;1
202000025619;154 697 153;33;14;0;1;1;1
202000025620;154 697 152;7;4;0;1;13;1
202000025621;154 697 150;33;0;0;0;1;1
202000025621;154 697 151;7;0;0;0;1;1
202000025622;154 697 146;7;0;2;5;9;1
202000025622;154 697 149;7;0;2;2;1;1
202000025623;154 697 145;7;0;2;4;9;1
202000025623;154 697 147;7;0;2;4;1;1
202000025623;154 697 148;7;0;2;1;1;1
202000025624;154 697 144;7;0;1;7;1;1
202000025625;154 697 143;80;0;1;1;1;3
202000025626;154 697 141;7;0;2;1;1;1
202000025626;154 697 142;7;0;2;4;1;1
202000025627;154 697 137;7;0;2;1;1;1
202000025627;154 697 139;7;0;2;4;1;1
202000025628;154 697 135;7;0;2;1;1;1
202000025628;154 697 136;7;0;2;1;1;1
202000025629;154 697 133;31;0;2;1;0;0
202000025629;154 697 134;7;0;0;7;16;1
202000025630;154 697 138;7;9;2;8;19;1
202000025630;154 697 140;7;15;1;1;19;1
202000025631;154 697 129;7;1;2;7;1;1
202000025631;154 697 131;7;0;2;5;0;1
202000025631;154 697 132;7;0;2;1;9;1
202000025632;154 697 130;7;8;0;2;25;1
202000025633;154 697 126;32;0;2;3;9;0
202000025633;154 697 128;7;0;2;7;10;1
202000025634;154 697 127;33;11;0;1;13;1
202000025635;154 697 125;7;15;0;1;1;6
202000025636;154 697 124;7;13;0;1;1;1
202000025637;154 697 123;7;2;0;1;13;1
202000025638;154 697 120;1;0;2;2;1;5
202000025638;154 697 122;10;0;2;2;16;0
202000025639;154 697 118;7;0;1;4;20;1
202000025640;154 697 119;2;0;2;7;0;0
202000025640;154 697 121;7;0;9;1;1;0
202000025641;154 697 116;7;11;0;3;13;1
202000025642;154 697 115;1;0;2;1;1;5
202000025642;154 697 117;7;0;2;2;1;0
202000025643;154 697 113;7;6;0;1;13;1
202000025644;154 697 111;10;0;2;6;16;0
202000025644;154 697 112;34;0;2;1;19;1
202000025645;154 697 109;7;1;0;2;21;1
202000025645;154 697 110;7;0;2;6;24;1
202000025646;154 697 107;33;9;2;8;1;1
202000025646;154 697 108;15;0;2;7;12;0
202000025647;154 697 114;7;16;0;9;0;1
202000025648;154 697 104;7;0;1;3;1;1
202000025649;154 697 105;7;0;2;3;15;1
202000025649;154 697 106;1;0;2;1;1;0
202000025650;154 697 102;7;0;2;2;13;1
202000025650;154 697 103;10;0;2;2;1;1
202000025651;154 697 098;7;0;2;1;2;1
202000025651;154 697 100;7;0;2;4;2;1
202000025652;154 697 099;30;0;2;1;17;1
202000025652;154 697 101;7;0;2;3;15;1
202000025653;154 697 095;7;1;1;4;4;1
202000025653;154 697 096;7;0;2;2;24;1
202000025653;154 697 097;7;0;2;1;0;1
202000025654;154 697 094;7;0;1;3;1;1
202000025655;154 697 090;32;0;2;3;1;1
202000025655;154 697 092;7;0;2;7;10;1
202000025656;154 697 087;10;0;2;8;10;1
202000025656;154 697 088;30;0;2;1;1;1
202000025657;154 697 084;10;0;2;3;1;1
202000025657;154 697 085;80;0;2;5;1;3
202000025658;154 697 083;7;0;2;1;2;2
202000025658;154 697 086;7;0;2;6;23;0
202000025659;154 697 081;33;0;2;1;1;0
202000025659;154 697 082;7;0;2;8;19;0
202000025660;154 697 079;7;0;2;5;23;2
202000025660;154 697 080;7;0;2;1;1;1
202000025661;154 697 075;7;0;2;6;2;1
202000025661;154 697 077;7;0;2;5;1;1
202000025661;154 697 078;7;0;2;1;2;1
202000025662;154 697 074;32;0;2;7;17;1
202000025662;154 697 076;7;0;2;3;10;1
202000025663;154 697 072;7;0;1;1;2;0
202000025664;154 697 071;7;0;2;1;15;1
202000025664;154 697 073;34;0;2;8;1;1
202000025665;154 697 070;17;0;1;3;9;1
202000025666;154 697 069;10;0;1;4;25;1
202000025667;154 697 068;7;0;1;3;1;1
202000025668;154 697 065;7;0;2;8;11;1
202000025668;154 697 066;10;0;2;7;1;1
202000025668;154 697 067;7;0;2;6;1;1
202000025669;154 697 064;7;2;0;8;14;1
202000025670;154 697 062;7;0;2;3;1;0
202000025670;154 697 063;1;0;2;7;1;5
202000025671;154 697 060;7;0;2;5;1;0
202000025671;154 697 061;30;0;2;1;26;1
202000025672;154 697 058;7;0;2;1;1;1
202000025672;154 697 059;33;0;2;7;13;1
202000025673;154 697 056;1;0;1;1;1;5
202000025674;154 697 055;7;0;0;3;1;6
202000025674;154 697 057;7;0;0;1;5;6
202000025675;154 697 053;7;0;2;2;15;1
202000025675;154 697 054;43;0;2;8;18;1
202000025676;154 697 051;10;0;1;2;1;1
202000025677;154 697 050;32;0;2;1;1;1
202000025677;154 697 052;7;0;2;3;15;1
202000025678;154 697 048;10;0;2;8;9;1
202000025678;154 697 049;10;0;2;1;1;1
202000025679;154 697 046;10;1;0;1;2;1
202000025679;154 697 047;10;0;2;4;23;1
202000025680;154 697 043;34;0;2;1;1;1
202000025680;154 697 045;7;0;2;3;16;1
202000025681;154 697 042;2;0;2;4;1;6
202000025681;154 697 044;7;0;2;2;1;6
202000025682;154 697 040;13;0;2;2;2;1
202000025682;154 697 041;80;0;2;8;2;3
202000025683;154 697 038;1;0;2;1;1;5
202000025683;154 697 039;7;0;2;0;0;3
202000025684;154 697 037;7;0;1;0;1;1
202000025685;154 697 036;7;0;1;7;1;1
202000025686;154 697 033;7;0;2;4;1;1
202000025686;154 697 034;7;0;2;4;1;1
202000025686;154 697 035;7;0;2;1;1;1
202000025687;154 697 031;7;0;2;3;26;1
202000025687;154 697 032;32;0;0;0;0;1
202000025688;154 697 029;7;0;2;1;1;6
202000025688;154 697 030;7;8;2;3;1;6
202000025689;154 697 027;7;0;2;1;1;0
202000025689;154 697 028;31;0;2;8;1;0
202000025690;154 697 025;7;0;2;2;15;1
202000025690;154 697 026;33;0;2;3;1;1
202000025691;154 697 023;7;0;2;1;1;0
202000025691;154 697 024;7;0;2;2;1;0
202000025692;154 697 021;7;0;2;2;1;1
202000025692;154 697 022;32;0;2;3;9;1
202000025693;154 697 019;7;14;0;5;12;1
202000025693;154 697 020;32;0;2;8;1;1
202000025694;154 697 017;50;0;2;1;19;3
202000025694;154 697 018;7;0;9;2;1;1
202000025695;154 697 016;50;0;1;8;1;3
202000025696;154 697 015;30;8;0;7;26;1
202000025697;154 697 014;7;0;1;2;16;1
202000025698;154 697 011;7;0;2;4;2;1
202000025698;154 697 012;7;0;2;4;2;6
202000025698;154 697 013;7;0;2;1;2;2
202000025699;154 697 009;3;0;2;4;1;1
202000025699;154 697 010;10;0;2;1;1;1
202000025700;154 697 007;7;0;2;4;1;1
202000025700;154 697 008;32;0;2;1;1;1
202000025701;154 697 005;10;0;2;7;16;1
202000025701;154 697 006;32;0;2;1;1;1
202000025702;154 697 003;7;0;2;1;1;1
202000025702;154 697 004;7;12;2;5;14;1
202000025703;154 697 002;33;12;0;1;1;1
202000025704;154 697 001;17;3;0;3;1;1
202000025705;154 697 000;15;0;1;3;15;1
202000025706;154 696 996;7;0;2;4;2;1
202000025706;154 696 997;7;0;0;4;2;1
202000025706;154 696 998;7;0;2;4;2;1
202000025706;154 696 999;7;0;2;1;2;1
202000025707;154 696 994;33;0;2;1;16;0
202000025707;154 696 995;7;0;2;8;15;0
202000025708;154 696 992;7;0;2;2;2;1
202000025708;154 696 993;30;0;0;4;2;1
202000025709;154 696 991;33;11;0;0;2;1
202000025710;154 696 989;7;0;9;7;1;1
202000025710;154 696 990;1;0;2;7;15;5
202000025711;154 696 988;7;0;1;3;1;1
202000025712;154 696 987;7;3;0;2;1;1
202000025713;154 696 985;7;0;2;2;19;1
202000025713;154 696 986;7;0;2;1;1;1
202000025714;154 696 984;7;2;0;9;1;1
202000025715;154 696 983;2;0;0;8;1;1
202000025716;154 696 982;7;0;1;2;1;1
202000025717;154 696 980;33;0;2;1;13;1
202000025717;154 696 981;7;0;2;8;1;0
202000025718;154 696 978;31;0;2;1;1;1
202000025718;154 696 979;13;0;2;2;15;1
202000025719;154 696 977;7;2;0;1;1;1
202000025720;154 696 976;7;17;0;7;21;1
202000025721;154 696 975;7;6;0;3;1;1
202000025722;154 696 973;7;0;2;7;1;1
202000025722;154 696 974;7;2;2;8;1;1
202000025723;154 696 971;7;0;2;7;13;1
202000025723;154 696 972;7;0;2;1;1;1
202000025724;154 696 969;7;0;2;2;1;1
202000025724;154 696 970;50;0;2;1;1;3
202000025725;154 696 968;7;0;1;2;1;1
202000025726;154 696 967;7;0;0;9;13;1
202000025727;154 696 966;2;0;0;0;0;1
202000025728;154 696 965;7;13;0;9;1;1
202000025729;154 696 964;2;0;0;1;1;0
202000025730;154 696 963;10;13;0;2;1;1
202000025731;154 696 961;7;0;2;1;1;1
202000025731;154 696 962;7;0;2;1;13;1
202000025732;154 696 960;2;0;0;0;14;1
202000025733;154 696 959;7;4;0;2;1;1
202000025734;154 696 957;15;0;2;2;1;0
202000025734;154 696 958;7;0;2;8;9;0
202000025735;154 696 955;7;3;0;1;1;6
202000025735;154 696 956;33;0;0;0;1;6
202000025736;154 696 953;7;3;0;9;1;1
202000025737;154 696 952;7;3;0;2;14;1
202000025738;154 696 951;10;13;0;9;14;1
202000025739;154 696 950;10;0;0;9;26;6
202000025740;154 696 948;10;0;2;3;1;1
202000025740;154 696 949;7;0;2;1;15;1
202000025741;154 696 947;7;13;0;1;0;1
202000025742;154 696 945;7;0;2;3;1;1
202000025742;154 696 946;7;0;2;3;13;1
202000025743;154 696 943;1;0;2;4;1;5
202000025743;154 696 944;7;0;9;2;17;1
202000025744;154 696 942;7;13;0;0;1;1
202000025745;154 696 941;7;16;0;3;1;0
202000025746;154 696 939;7;0;2;3;1;1
202000025746;154 696 940;17;0;2;3;1;1
202000025747;154 696 938;7;0;1;2;19;1
202000025748;154 696 937;2;0;0;1;1;1
202000025749;154 696 935;10;0;2;8;1;1
202000025749;154 696 936;1;0;2;1;16;5
202000025750;154 696 928;7;0;2;7;15;6
202000025750;154 696 929;2;0;2;1;1;6
202000025751;154 696 927;7;0;0;9;1;1
202000025752;154 696 926;7;4;0;3;2;1
202000025753;154 696 924;7;4;0;0;0;1
202000025754;154 696 923;7;4;0;5;13;1
202000025755;154 696 921;7;1;1;2;1;1
202000025755;154 696 922;7;3;2;2;23;1
202000025756;154 696 919;7;4;2;4;2;1
202000025756;154 696 920;99;0;2;1;2;1
202000025757;154 696 918;7;3;0;1;0;1
202000025758;154 696 917;7;5;0;1;0;1
202000025759;154 696 916;7;3;0;3;0;1
202000025760;154 696 914;7;0;0;1;0;1
202000025760;154 696 915;7;0;0;4;0;1
202000025761;154 696 912;7;0;0;4;2;1
202000025761;154 696 913;7;0;2;1;2;1
202000025762;154 696 910;7;0;2;9;2;1
202000025762;154 696 911;7;0;2;7;14;1
202000025763;154 696 908;0;0;2;1;0;0
202000025763;154 696 909;7;4;0;4;2;1
202000025764;154 696 907;7;4;0;4;1;1
202000025765;154 696 906;7;2;0;1;1;1
202000025766;154 696 905;7;0;1;3;19;1
202000025767;154 696 904;30;0;0;8;1;1
202000025768;154 696 902;7;0;2;6;15;1
202000025768;154 696 903;33;0;2;1;17;0
202000025769;154 696 901;7;4;0;1;13;1
202000025770;154 696 899;7;0;2;2;9;1
202000025770;154 696 900;10;0;2;3;9;1
202000025771;154 696 898;10;0;1;1;15;1
202000025772;154 696 896;30;0;2;2;1;1
202000025772;154 696 897;7;0;2;1;9;1
202000025773;154 696 895;1;0;1;8;5;5
202000025774;154 696 894;7;12;0;3;1;1
202000025775;154 696 892;7;1;2;3;1;1
202000025775;154 696 893;10;8;2;1;1;1
202000025776;154 696 891;10;0;1;3;1;0
202000025777;154 696 889;34;0;2;8;1;1
202000025777;154 696 890;7;0;2;1;15;1
202000025778;154 696 888;37;0;1;2;26;1
202000025779;154 696 886;7;0;9;3;1;3
202000025779;154 696 887;1;0;2;8;9;5
202000025780;154 696 884;1;0;0;8;2;5
202000025780;154 696 885;7;0;9;2;15;1
202000025781;154 696 882;7;0;2;3;9;0
202000025781;154 696 883;7;0;2;2;1;0
202000025782;154 696 881;7;13;0;1;1;1
202000025783;154 696 879;7;0;2;3;15;0
202000025783;154 696 880;33;0;2;1;17;0
202000025784;154 696 877;7;0;1;1;1;1
202000025785;154 696 876;7;13;0;3;13;1
202000025786;154 696 874;7;0;2;8;1;1
202000025786;154 696 875;7;0;2;1;19;1
202000025787;154 696 873;7;0;1;1;1;1
202000025788;154 696 871;2;0;0;4;2;1
202000025788;154 696 872;2;0;2;1;2;1
202000025789;154 696 870;7;2;0;1;1;1
202000025790;154 696 868;3;1;2;2;1;1
202000025790;154 696 869;7;0;2;3;1;1
202000025791;154 696 867;7;6;0;3;1;1
202000025792;154 696 865;33;0;2;8;1;1
202000025792;154 696 866;7;0;2;2;15;1
202000025793;154 696 864;7;6;0;1;15;1
202000025794;154 696 863;7;13;0;3;1;1
202000025795;154 696 861;2;0;2;1;13;1
202000025795;154 696 862;14;0;2;1;1;1
202000025796;154 696 860;7;13;0;9;14;1
202000025797;154 696 858;7;8;2;1;1;1
202000025797;154 696 859;15;0;2;8;15;1
202000025798;154 696 855;7;0;1;2;21;1
202000025799;154 696 851;7;0;2;8;16;1
202000025799;154 696 852;7;0;2;3;0;1
202000025799;154 696 853;33;0;2;7;17;1
202000025799;154 696 854;7;0;2;8;21;1
202000025800;154 696 849;30;0;2;1;1;1
202000025800;154 696 850;7;0;2;1;15;1
202000025801;154 696 847;39;0;2;1;1;1
202000025801;154 696 848;21;0;4;2;1;1
202000025802;154 696 846;2;0;0;0;2;1
202000025803;154 696 845;7;0;1;2;1;1
202000025804;154 696 843;7;0;2;4;2;1
202000025804;154 696 844;17;0;2;1;2;1
202000025805;154 696 841;7;0;2;6;1;1
202000025805;154 696 842;7;0;2;2;17;1
202000025806;154 696 840;7;3;0;3;13;1
202000025807;154 696 839;7;4;0;9;2;1
202000025808;154 696 837;7;0;2;1;1;1
202000025808;154 696 838;7;0;2;1;17;1
202000025809;154 696 835;32;0;9;8;5;0
202000025809;154 696 836;32;0;9;1;1;0
202000025810;154 696 833;33;0;2;1;17;1
202000025810;154 696 834;10;0;2;8;15;0
202000025811;154 696 832;7;2;0;0;14;1
202000025812;154 696 830;10;0;9;1;1;0
202000025812;154 696 831;1;0;2;8;19;6
202000025813;154 696 828;7;3;0;4;24;1
202000025813;154 696 829;17;0;2;1;1;1
202000025814;154 696 827;7;6;0;1;14;1
202000025815;154 696 825;7;0;2;1;5;3
202000025815;154 696 826;33;0;2;3;1;1
202000025816;154 696 823;7;0;2;4;1;1
202000025816;154 696 824;7;0;2;1;2;1
202000025817;154 696 822;1;0;0;0;26;5
202000025818;154 696 821;7;0;1;0;0;0
202000025819;154 696 819;7;0;2;1;15;1
202000025819;154 696 820;7;0;2;3;1;1
202000025820;154 696 818;7;6;0;3;13;1
202000025821;154 696 815;7;0;0;4;23;0
202000025821;154 696 816;7;0;2;1;2;0
202000025821;154 696 817;7;0;2;1;2;0
202000025822;154 696 813;1;0;2;1;5;5
202000025822;154 696 814;7;0;2;1;1;1
202000025823;154 696 812;30;0;0;0;21;1
202000025824;154 696 809;33;0;2;1;1;1
202000025824;154 696 810;7;0;2;3;19;0
202000025825;154 696 808;7;0;1;2;1;0
202000025826;154 696 806;10;0;2;7;12;1
202000025826;154 696 807;31;0;2;3;1;1
202000025827;154 696 804;7;0;2;1;1;1
202000025827;154 696 805;1;0;2;4;1;5
202000025828;154 696 803;2;8;0;7;15;1
202000025829;154 696 802;10;0;1;5;4;3
202000025830;154 696 800;32;0;2;4;2;1
202000025830;154 696 801;7;0;2;4;23;1
202000025831;154 696 798;7;0;2;1;1;1
202000025831;154 696 799;7;8;2;2;1;2
202000025832;154 696 797;30;0;1;2;5;1
202000025833;154 696 796;7;0;1;1;1;1
202000025834;154 696 794;7;0;2;1;1;0