Num_Acc;id_vehicule;categorie_vehicule;obstacle_fixe;obstacle_mobile;point_choc_initial;manoeuvre_principale;motorisation
202000025834;154 696 795;32;0;2;7;1;0
202000025835;154 696 792;7;1;0;1;14;1
202000025835;154 696 793;10;15;2;4;24;1
202000025836;154 696 790;2;0;2;3;13;1
202000025836;154 696 791;7;0;2;3;1;1
202000025837;154 696 788;32;0;2;0;17;1
202000025837;154 696 789;7;0;0;3;10;1
202000025838;154 696 787;7;12;0;1;2;0
202000025839;154 696 785;21;0;0;6;15;1
202000025839;154 696 786;33;0;2;1;17;1
202000025840;154 696 784;2;12;0;8;1;1
202000025841;154 696 783;7;13;0;9;14;1
202000025842;154 696 782;33;3;0;0;1;1
202000025843;154 696 780;7;0;2;3;26;1
202000025843;154 696 781;2;0;2;7;1;1
202000025844;154 696 779;7;3;0;3;2;1
202000025845;154 696 778;7;13;0;0;1;1
202000025846;154 696 776;7;0;2;3;17;1
202000025846;154 696 777;7;0;2;3;21;1
202000025847;154 696 775;32;0;2;3;26;1
202000025848;154 696 774;7;4;0;1;2;1
202000025849;154 696 773;7;0;0;9;13;1
202000025850;154 696 771;7;0;2;1;1;1
202000025850;154 696 772;7;0;2;4;1;1
202000025851;154 696 769;30;0;2;8;1;1
202000025851;154 696 770;7;0;2;1;15;1
202000025852;154 696 767;30;0;2;1;1;1
202000025852;154 696 768;31;0;2;8;1;1
202000025853;154 696 766;7;0;1;1;1;1
202000025854;154 696 765;32;14;0;1;26;1
202000025855;154 696 764;7;0;1;3;1;1
202000025856;154 696 762;50;0;2;7;19;3
202000025856;154 696 763;7;0;2;7;1;1
202000025857;154 696 760;7;0;2;3;1;1
202000025857;154 696 761;33;0;2;2;15;1
202000025858;154 696 759;7;0;1;3;15;1
202000025859;154 696 758;7;13;0;1;19;0
202000025860;154 696 757;33;0;0;1;0;1
202000025861;154 696 755;7;0;2;2;1;1
202000025861;154 696 756;1;0;2;1;15;5
202000025862;154 696 753;15;0;2;3;1;1
202000025862;154 696 754;10;0;2;3;13;1
202000025863;154 696 752;10;0;1;3;1;1
202000025864;154 696 751;7;0;1;2;2;0
202000025865;154 696 750;50;0;0;4;0;3
202000025866;154 696 749;7;13;0;2;0;1
202000025867;154 696 747;7;0;2;1;1;1
202000025867;154 696 748;2;8;2;8;19;1
202000025868;154 696 746;33;0;0;8;1;1
202000025869;154 696 744;7;0;2;3;1;1
202000025869;154 696 745;2;0;2;1;19;1
202000025870;154 696 743;1;0;0;1;0;5
202000025871;154 696 742;7;4;0;3;1;0
202000025872;154 696 739;7;0;2;1;1;1
202000025872;154 696 740;14;0;2;1;1;1
202000025872;154 696 741;7;0;2;1;17;1
202000025873;154 696 737;1;0;2;8;1;0
202000025873;154 696 738;7;0;2;3;15;0
202000025874;154 696 736;33;2;0;8;26;1
202000025875;154 696 734;7;0;1;2;1;1
202000025876;154 696 733;1;13;0;0;14;6
202000025877;154 696 732;7;13;0;7;1;2
202000025878;154 696 730;99;0;2;0;0;0
202000025878;154 696 731;7;0;2;5;15;1
202000025879;154 696 728;7;0;2;1;13;1
202000025879;154 696 729;10;0;2;1;1;1
202000025880;154 696 727;7;12;0;3;1;1
202000025881;154 696 726;10;2;0;1;0;1
202000025882;154 696 725;33;4;0;3;17;1
202000025883;154 696 724;99;;0;1;;
202000025884;154 696 723;30;15;0;7;14;1
202000025885;154 696 722;0;0;1;0;15;0
202000025886;154 696 721;7;4;0;9;1;1
202000025887;154 696 720;99;13;0;3;13;1
202000025888;154 696 719;7;0;0;1;1;1
202000025889;154 696 718;7;0;1;0;1;6
202000025890;154 696 716;7;0;2;1;9;1
202000025890;154 696 717;1;0;2;4;9;6
202000025891;154 696 715;7;13;0;1;1;1
202000025892;154 696 714;7;6;0;1;14;1
202000025893;154 696 713;30;0;1;8;1;1
202000025894;154 696 711;33;0;2;6;18;1
202000025894;154 696 712;7;0;2;1;26;0
202000025895;154 696 710;33;1;0;1;1;1
202000025896;154 696 708;32;16;0;8;1;1
202000025897;154 696 707;36;6;0;1;1;1
202000025898;154 696 705;1;0;2;1;19;5
202000025898;154 696 706;7;0;2;8;1;1
202000025899;154 696 703;31;12;0;7;1;1
202000025900;154 696 702;7;0;1;2;20;0
202000025901;154 696 701;33;13;0;1;1;1
202000025902;154 696 699;7;0;2;3;1;1
202000025902;154 696 700;33;0;2;1;5;1
202000025903;154 696 698;7;13;0;1;13;1
202000025904;154 696 697;7;0;1;2;1;0
202000025905;154 696 695;33;0;2;1;1;1
202000025905;154 696 696;7;0;2;3;19;1
202000025906;154 696 694;7;0;;1;1;1
202000025907;154 696 692;7;0;2;1;2;1
202000025907;154 696 693;7;0;2;5;2;1
202000025908;154 696 691;7;0;0;2;0;1
202000025909;154 696 688;7;0;2;2;21;1
202000025909;154 696 689;10;0;2;1;1;1
202000025909;154 696 690;7;0;2;3;15;1
202000025910;154 696 687;7;15;0;1;26;1
202000025911;154 696 685;7;0;2;3;1;1
202000025911;154 696 686;33;1;2;1;17;1
202000025912;154 696 684;7;6;0;1;10;1
202000025913;154 696 681;7;1;0;1;24;1
202000025914;154 696 680;7;8;0;1;1;1
202000025915;154 696 678;7;0;2;1;2;1
202000025915;154 696 679;7;0;2;4;1;1
202000025916;154 696 676;30;0;2;1;1;1
202000025916;154 696 677;30;0;2;4;1;1
202000025917;154 696 675;33;11;0;1;1;1
202000025918;154 696 674;7;0;1;4;10;0
202000025919;154 696 672;7;1;2;3;19;1
202000025919;154 696 673;32;0;2;1;1;1
202000025920;154 696 671;7;4;0;1;26;1
202000025921;154 696 670;7;0;0;0;1;1
202000025922;154 696 669;10;15;0;3;14;1
202000025923;154 696 668;33;0;0;0;16;1
202000025924;154 696 667;33;16;0;0;5;1
202000025925;154 696 664;33;2;0;1;13;1
202000025926;154 696 663;33;0;0;2;0;1
202000025927;154 696 661;3;0;2;5;1;1
202000025927;154 696 662;7;0;2;2;15;1
202000025928;154 696 659;7;0;9;3;1;1
202000025928;154 696 660;1;0;2;1;5;5
202000025929;154 696 658;7;6;0;3;1;1
202000025930;154 696 656;10;0;2;1;1;0
202000025930;154 696 657;10;0;2;2;19;0
202000025931;154 696 655;33;6;0;3;1;1
202000025932;154 696 654;33;3;0;1;1;1
202000025933;154 696 653;7;3;0;3;13;1
202000025934;154 696 651;10;0;2;1;2;1
202000025934;154 696 652;7;0;2;5;2;1
202000025935;154 696 649;10;0;2;6;1;1
202000025935;154 696 650;7;0;2;2;15;1
202000025936;154 696 648;7;4;0;3;13;1
202000025937;154 696 646;34;0;2;7;1;1
202000025937;154 696 647;1;0;2;1;5;5
202000025938;154 696 644;7;0;2;1;19;1
202000025938;154 696 645;7;15;2;7;1;1
202000025939;154 696 642;7;0;2;3;20;1
202000025939;154 696 643;7;0;2;2;1;1
202000025940;154 696 640;31;0;2;1;17;1
202000025940;154 696 641;7;0;2;1;1;1
202000025941;154 696 638;7;0;2;2;16;1
202000025941;154 696 639;1;0;2;3;1;5
202000025942;154 696 635;15;0;2;1;1;1
202000025942;154 696 636;7;0;2;1;13;1
202000025943;154 696 634;7;0;0;1;0;1
202000025944;154 696 633;80;12;0;1;1;3
202000025945;154 696 629;1;0;2;1;19;5
202000025945;154 696 630;7;0;2;8;15;1
202000025946;154 696 627;7;0;2;1;1;1
202000025946;154 696 628;7;0;2;1;5;1
202000025947;154 696 625;7;0;2;1;9;1
202000025947;154 696 626;7;0;2;7;1;1
202000025948;154 696 623;7;0;2;3;16;1
202000025948;154 696 624;7;0;2;2;19;1
202000025949;154 696 622;7;15;0;1;1;1
202000025950;154 696 619;7;3;0;1;1;2
202000025950;154 696 620;7;3;0;1;1;1
202000025950;154 696 621;15;3;0;3;5;1
202000025951;154 696 617;7;0;2;1;1;1
202000025951;154 696 618;7;0;2;1;1;1
202000025952;154 696 616;7;1;0;2;14;1
202000025953;154 696 615;7;4;0;1;13;1
202000025954;154 696 613;7;0;2;2;1;1
202000025954;154 696 614;17;0;2;1;9;1
202000025955;154 696 611;7;0;9;1;9;1
202000025955;154 696 612;1;0;2;7;1;5
202000025956;154 696 609;31;0;0;1;1;0
202000025956;154 696 610;13;0;0;3;10;0
202000025957;154 696 608;7;4;0;1;14;1
202000025958;154 696 606;7;0;2;1;1;1
202000025958;154 696 607;7;0;2;1;13;1
202000025959;154 696 604;7;0;2;3;13;1
202000025959;154 696 605;10;0;2;3;1;1
202000025960;154 696 602;7;0;2;2;17;1
202000025960;154 696 603;1;13;2;6;1;5
202000025961;154 696 601;7;2;0;1;13;1
202000025962;154 696 600;7;0;1;1;19;0
202000025963;154 696 599;7;0;1;1;1;1
202000025964;154 696 597;21;0;2;2;2;1
202000025964;154 696 598;7;0;1;4;23;1
202000025965;154 696 596;7;0;1;1;1;1
202000025966;154 696 595;17;3;0;2;1;1
202000025967;154 696 593;10;1;0;2;12;1
202000025967;154 696 594;7;0;0;6;24;1
202000025968;154 696 590;7;14;0;1;1;1
202000025968;154 696 591;15;0;0;6;1;1
202000025968;154 696 592;7;0;2;2;17;1
202000025969;154 696 588;2;0;2;1;19;1
202000025969;154 696 589;17;0;0;7;1;1
202000025970;154 696 586;7;0;2;1;2;1
202000025970;154 696 587;17;0;0;4;2;1
202000025971;154 696 584;7;0;2;3;1;0
202000025971;154 696 585;7;0;2;3;1;1
202000025972;154 696 582;7;0;0;9;1;1
202000025972;154 696 583;10;0;0;0;9;1
202000025973;154 696 580;30;0;2;1;1;1
202000025973;154 696 581;31;0;2;1;13;1
202000025974;154 696 579;34;0;0;0;0;1
202000025975;154 696 577;7;0;0;6;1;1
202000025975;154 696 578;7;0;0;2;2;1
202000025976;154 696 576;7;0;0;1;0;1
202000025977;154 696 574;7;0;0;7;19;1
202000025977;154 696 575;7;0;2;1;1;1
202000025978;154 696 572;30;0;2;0;1;1
202000025978;154 696 573;34;0;2;2;17;1
202000025979;154 696 570;7;0;2;3;5;1
202000025979;154 696 571;15;0;2;3;21;1
202000025980;154 696 569;7;15;0;9;1;1
202000025981;154 696 567;31;0;2;1;17;1
202000025981;154 696 568;7;0;0;6;15;1
202000025982;154 696 565;32;14;2;6;1;1
202000025982;154 696 566;7;0;2;3;1;1
202000025983;154 696 563;7;0;9;3;9;0
202000025983;154 696 564;1;0;2;5;1;5
202000025984;154 696 561;7;0;2;1;26;1
202000025984;154 696 562;7;0;2;1;26;1
202000025985;154 696 557;7;0;2;1;1;1
202000025985;154 696 558;7;0;2;1;1;1
202000025985;154 696 559;7;0;2;8;1;1
202000025985;154 696 560;7;0;2;1;13;1
202000025986;154 696 556;7;0;1;1;1;1
202000025987;154 696 554;7;0;2;1;21;0
202000025987;154 696 555;2;0;2;1;5;1
202000025988;154 696 552;7;0;2;3;1;0
202000025988;154 696 553;7;0;2;3;13;0
202000025989;154 696 551;7;0;1;0;1;1
202000025990;154 696 547;7;0;2;1;2;1
202000025990;154 696 548;7;0;2;4;2;1
202000025990;154 696 549;7;0;2;4;2;1
202000025990;154 696 550;7;0;2;4;1;1
202000025991;154 696 544;7;0;2;1;2;1
202000025991;154 696 545;7;0;2;4;2;1
202000025991;154 696 546;7;0;2;4;2;1
202000025992;154 696 540;7;0;2;4;3;2
202000025992;154 696 541;7;0;2;4;2;1
202000025992;154 696 542;99;0;2;4;2;1
202000025992;154 696 543;7;0;2;1;2;1
202000025993;154 696 537;7;0;2;4;2;1
202000025993;154 696 538;7;0;2;4;2;1
202000025993;154 696 539;15;0;2;1;2;1
202000025994;154 696 534;15;0;2;1;2;1
202000025994;154 696 535;7;0;2;4;2;0
202000025994;154 696 536;7;0;2;4;2;1
202000025995;154 696 532;7;0;2;7;12;1
202000025995;154 696 533;32;0;2;3;3;1
202000025996;154 696 530;7;0;2;4;1;0
202000025996;154 696 531;7;0;2;1;1;0
202000025997;154 696 527;7;0;2;4;2;1
202000025997;154 696 528;7;0;2;4;2;1
202000025997;154 696 529;10;0;2;1;2;1
202000025998;154 696 526;7;0;0;9;16;1
202000025999;154 696 523;7;0;2;1;2;1
202000025999;154 696 524;7;0;2;4;2;1
202000025999;154 696 525;7;0;2;4;2;1
202000026000;154 696 520;10;0;2;3;2;1
202000026000;154 696 521;32;0;2;4;1;1
202000026000;154 696 522;15;0;2;2;1;1
202000026001;154 696 518;32;1;0;1;1;1
202000026001;154 696 519;7;0;2;5;0;1
202000026002;154 696 517;33;0;0;0;26;1
202000026003;154 696 516;33;0;0;9;3;1
202000026004;154 696 513;7;0;2;4;2;1
202000026004;154 696 514;7;0;2;4;2;1
202000026004;154 696 515;7;0;2;1;1;0
202000026005;154 696 511;33;0;2;3;1;1
202000026005;154 696 512;10;0;2;5;12;1
202000026006;154 696 509;17;0;2;3;1;1
202000026006;154 696 510;7;4;2;7;14;1
202000026007;154 696 508;7;13;0;1;1;1
202000026008;154 696 506;33;0;2;7;1;1
202000026008;154 696 507;7;0;2;3;11;1
202000026009;154 696 504;10;0;2;8;1;1
202000026009;154 696 505;1;0;2;1;1;0
202000026010;154 696 502;7;0;2;4;0;0
202000026010;154 696 503;7;0;2;1;1;0
202000026011;154 696 501;37;0;1;1;1;6
202000026012;154 696 499;7;14;0;1;1;0
202000026012;154 696 500;7;0;2;4;23;0
202000026013;154 696 497;7;0;2;3;1;0
202000026013;154 696 498;50;0;2;1;26;3
202000026014;154 696 495;1;0;2;8;1;5
202000026014;154 696 496;37;0;2;2;1;1
202000026015;154 696 494;30;0;0;8;23;1
202000026016;154 696 491;7;0;2;4;1;0
202000026016;154 696 492;7;0;2;1;1;0
202000026016;154 696 493;7;0;2;1;1;0
202000026017;154 696 489;33;0;2;1;17;1
202000026017;154 696 490;7;0;0;8;15;1
202000026018;154 696 487;7;0;2;3;1;1
202000026018;154 696 488;7;0;2;3;13;1
202000026019;154 696 485;10;0;2;3;1;1
202000026019;154 696 486;10;14;2;1;1;1
202000026020;154 696 484;10;6;0;1;1;1
202000026021;154 696 483;33;0;0;7;16;1
202000026022;154 696 481;7;1;0;4;24;3
202000026022;154 696 482;7;1;1;1;1;1
202000026023;154 696 480;7;6;0;2;14;1
202000026024;154 696 478;7;0;2;3;9;1
202000026024;154 696 479;30;0;2;1;9;1
202000026025;154 696 476;7;0;2;2;1;1
202000026025;154 696 477;7;0;2;1;15;1
202000026026;154 696 474;37;0;2;3;1;3
202000026026;154 696 475;7;0;2;2;9;1
202000026027;154 696 472;32;0;2;1;1;0
202000026027;154 696 473;7;0;2;1;15;1
202000026028;154 696 470;2;0;0;0;0;1
202000026028;154 696 471;7;0;2;1;2;1
202000026029;154 696 468;1;0;2;7;0;5
202000026029;154 696 469;7;0;2;2;9;2
202000026030;154 696 467;7;0;1;1;1;1
202000026031;154 696 466;7;0;1;8;1;1
202000026032;154 696 462;7;0;2;4;1;1
202000026032;154 696 463;7;0;2;4;1;1
202000026032;154 696 464;7;0;2;8;1;1
202000026032;154 696 465;7;14;2;1;1;1
202000026033;154 696 460;7;0;2;8;15;1
202000026033;154 696 461;7;0;2;1;1;1
202000026034;154 696 458;7;0;2;2;16;1
202000026034;154 696 459;2;0;2;1;18;1
202000026035;154 696 455;7;0;2;1;1;1
202000026035;154 696 456;7;0;2;4;1;1
202000026035;154 696 457;7;0;2;4;2;1
202000026036;154 696 453;1;0;2;2;1;5
202000026036;154 696 454;7;0;2;3;24;1
202000026037;154 696 451;30;0;9;1;23;1
202000026037;154 696 452;50;0;2;1;19;3
202000026038;154 696 449;7;0;2;6;2;1
202000026038;154 696 450;33;0;2;1;2;1
202000026039;154 696 448;7;0;1;2;26;1
202000026040;154 696 447;7;0;1;1;1;
202000026041;154 696 445;7;0;2;1;2;1
202000026041;154 696 446;7;0;2;6;1;1
202000026042;154 696 443;7;0;2;8;1;1
202000026042;154 696 444;2;0;2;1;13;1
202000026043;154 696 442;7;0;1;1;16;1
202000026044;154 696 438;7;0;2;1;2;1
202000026044;154 696 439;7;0;2;4;2;1
202000026044;154 696 440;7;0;2;4;2;1
202000026044;154 696 441;7;0;2;4;1;1
202000026045;154 696 436;1;0;2;7;1;5
202000026045;154 696 437;7;0;2;1;9;1
202000026046;154 696 434;7;0;2;3;2;1
202000026046;154 696 435;7;0;2;3;15;1
202000026047;154 696 432;7;0;2;1;1;1
202000026047;154 696 433;1;0;2;1;1;5
202000026048;154 696 431;1;8;0;1;1;5
202000026049;154 696 429;7;0;2;0;1;1
202000026049;154 696 430;7;0;2;1;0;1
202000026050;154 696 427;7;0;2;4;1;1
202000026050;154 696 428;30;0;2;1;1;1
202000026051;154 696 426;7;0;1;1;1;1
202000026052;154 696 424;7;0;2;3;1;1
202000026052;154 696 425;33;0;2;1;1;1
202000026053;154 696 421;10;0;2;1;1;1
202000026053;154 696 422;7;0;2;1;0;1
202000026053;154 696 423;10;0;2;5;1;1
202000026054;154 696 419;1;0;2;1;9;5
202000026054;154 696 420;7;0;2;2;1;1
202000026055;154 696 417;7;0;2;1;1;1
202000026055;154 696 418;7;0;2;7;15;1
202000026056;154 696 416;10;0;1;2;15;1
202000026057;154 696 414;7;0;2;3;1;1
202000026057;154 696 415;1;0;2;1;26;5
202000026058;154 696 413;10;0;1;0;1;0
202000026059;154 696 412;7;0;1;1;1;1
202000026060;154 696 411;7;0;0;3;26;1
202000026061;154 696 410;37;0;1;7;16;0
202000026062;154 696 408;7;0;2;3;10;1
202000026062;154 696 409;33;0;2;5;1;1
202000026063;154 696 407;7;0;1;3;1;1
202000026064;154 696 405;7;0;2;1;2;1
202000026064;154 696 406;7;0;2;4;1;1
202000026065;154 696 403;10;0;2;1;1;1
202000026065;154 696 404;31;0;2;1;1;1
202000026066;154 696 401;7;0;2;3;0;1
202000026066;154 696 402;7;0;2;2;26;1
202000026067;154 696 400;7;0;1;0;0;0
202000026068;154 696 398;7;0;2;8;22;1
202000026068;154 696 399;37;1;0;7;1;1
202000026069;154 696 394;7;0;2;7;9;1
202000026069;154 696 395;10;0;2;2;2;1
202000026069;154 696 396;7;9;2;1;1;1
202000026069;154 696 397;7;0;2;6;1;1
202000026070;154 696 393;7;13;0;1;1;1
202000026071;154 696 389;33;0;2;1;26;1
202000026071;154 696 390;7;0;2;2;9;1
202000026072;154 696 387;33;0;2;6;1;1
202000026072;154 696 388;32;0;2;1;7;1
202000026073;154 696 385;7;0;2;6;23;1
202000026073;154 696 386;32;0;2;3;1;1
202000026074;154 696 384;1;0;1;0;1;5
202000026075;154 696 383;7;0;1;0;1;0
202000026076;154 696 382;7;0;1;1;1;0
202000026077;154 696 380;7;0;2;3;15;1
202000026077;154 696 381;1;0;2;1;1;5
202000026078;154 696 379;10;0;1;1;15;0
202000026079;154 696 378;1;0;1;1;1;5
202000026080;154 696 376;7;0;2;6;15;1
202000026080;154 696 377;32;0;2;2;17;1
202000026081;154 696 375;43;0;0;3;1;1
202000026082;154 696 373;7;0;2;7;17;1
202000026082;154 696 374;1;0;2;8;1;5
202000026083;154 696 371;31;0;0;0;1;3
202000026084;154 696 369;7;0;2;8;13;1
202000026084;154 696 370;32;0;2;7;1;1
202000026085;154 696 368;1;0;0;0;5;5
202000026086;154 696 367;1;14;0;0;14;5
202000026087;154 696 365;14;0;2;7;16;1
202000026087;154 696 366;1;0;2;7;7;5
202000026088;154 696 363;34;0;2;1;17;1
202000026088;154 696 364;7;0;2;8;15;1
202000026089;154 696 362;7;9;0;1;2;1
202000026090;154 696 361;7;0;1;2;21;1
202000026091;154 696 360;7;0;1;1;1;1
202000026092;154 696 358;7;14;0;4;2;1
202000026092;154 696 359;7;14;0;1;2;1
202000026093;154 696 357;10;0;1;1;11;1
202000026094;154 696 355;7;0;2;1;15;1
202000026094;154 696 356;32;0;2;2;1;1
202000026095;154 696 354;7;0;0;9;15;1
202000026096;154 696 352;7;1;0;0;0;1
202000026096;154 696 353;7;0;2;6;23;1
202000026097;154 696 351;7;0;1;3;9;0
202000026098;154 696 349;7;0;2;3;9;1
202000026098;154 696 350;33;0;2;1;2;1
202000026099;154 696 347;7;9;2;7;9;1
202000026099;154 696 348;33;5;2;1;1;3
202000026100;154 696 346;31;0;1;1;17;1
202000026101;154 696 344;7;0;2;2;15;0
202000026101;154 696 345;33;0;2;8;1;0
202000026102;154 696 342;30;0;2;8;1;1
202000026102;154 696 343;7;0;2;1;15;1
202000026103;154 696 341;7;0;1;1;1;6
202000026104;154 696 340;0;0;1;0;26;0
202000026105;154 696 338;7;0;2;3;15;1
202000026105;154 696 339;80;0;2;1;1;3
202000026106;154 696 337;7;0;1;2;1;1
202000026107;154 696 336;30;9;0;1;19;1
202000026108;154 696 335;50;0;9;1;21;3
202000026109;154 696 333;7;0;2;3;19;1
202000026109;154 696 334;30;0;2;1;17;1
202000026110;154 696 332;7;9;0;1;1;1
202000026111;154 696 330;7;0;2;4;15;1
202000026111;154 696 331;10;0;2;1;2;1
202000026112;154 696 328;7;0;2;3;13;1
202000026112;154 696 329;15;0;2;3;1;1
202000026113;154 696 326;7;3;2;3;5;1
202000026113;154 696 327;7;0;2;3;17;1
202000026114;154 696 324;2;0;2;8;18;1
202000026114;154 696 325;3;0;2;3;15;0
202000026115;154 696 323;2;0;0;0;1;1
202000026116;154 696 321;7;3;0;4;2;1
202000026116;154 696 322;10;0;2;2;2;1
202000026117;154 696 320;7;13;0;1;14;1
202000026118;154 696 318;7;0;2;3;1;1
202000026118;154 696 319;3;0;2;2;13;1
202000026119;154 696 316;10;0;2;2;9;0
202000026119;154 696 317;7;0;2;3;1;0
202000026120;154 696 313;7;0;2;3;5;1
202000026120;154 696 314;7;0;2;3;1;1
202000026120;154 696 315;7;0;2;8;1;1
202000026121;154 696 312;7;13;0;2;1;1
202000026122;154 696 310;7;0;2;8;22;1
202000026122;154 696 311;1;1;0;2;1;5
202000026123;154 696 308;7;0;0;4;23;1
202000026123;154 696 309;7;0;2;1;2;1
202000026124;154 696 306;7;0;0;8;15;1
202000026124;154 696 307;7;13;2;2;1;1
202000026125;154 696 304;7;0;2;7;13;1
202000026125;154 696 305;15;0;2;1;1;1
202000026126;154 696 302;7;0;2;1;1;1
202000026126;154 696 303;7;0;2;2;1;1
202000026127;154 696 298;7;0;2;1;1;1
202000026127;154 696 299;7;0;2;1;1;1
202000026127;154 696 300;13;0;2;6;13;1
202000026128;154 696 295;7;0;2;1;17;1
202000026128;154 696 296;7;0;2;1;1;0
202000026128;154 696 297;37;0;2;3;1;0
202000026129;154 696 292;39;0;0;1;1;
202000026129;154 696 293;7;13;2;7;1;1
202000026129;154 696 294;7;0;2;1;19;1
202000026130;154 696 291;7;0;1;1;1;1
202000026131;154 696 287;1;0;2;4;16;5
202000026131;154 696 288;7;0;9;2;1;0
202000026132;154 696 285;2;0;2;1;1;1
202000026132;154 696 286;7;0;2;2;15;1
202000026133;154 696 283;7;0;2;2;15;0
202000026133;154 696 284;7;0;2;1;1;0
202000026134;154 696 282;7;0;1;1;1;1
202000026135;154 696 279;7;0;2;1;1;1
202000026135;154 696 280;7;0;2;1;1;0
202000026135;154 696 281;7;0;2;1;1;1
202000026136;154 696 277;7;0;2;2;2;1
202000026136;154 696 278;1;0;0;4;2;5
202000026137;154 696 275;7;0;2;1;5;1
202000026137;154 696 276;33;0;2;1;1;1
202000026138;154 696 273;2;0;2;1;1;1
202000026138;154 696 274;10;0;2;1;15;1
202000026139;154 696 271;7;0;2;3;1;1
202000026139;154 696 272;33;0;0;7;1;1
202000026140;154 696 270;10;3;0;8;1;1
202000026141;154 696 269;2;13;0;2;17;0
202000026142;154 696 268;2;0;1;1;18;1
202000026143;154 696 265;7;0;1;1;1;1
202000026144;154 696 264;33;0;0;0;1;1
202000026145;154 696 263;7;0;1;0;16;1
202000026146;154 696 261;7;0;2;1;1;1
202000026146;154 696 262;7;0;2;1;17;1
202000026147;154 696 260;2;0;0;8;1;1
202000026148;154 696 258;2;0;2;1;1;1
202000026148;154 696 259;7;0;2;2;15;1
202000026149;154 696 257;7;0;1;1;1;1
202000026150;154 696 255;50;0;2;5;1;3
202000026150;154 696 256;7;0;2;2;15;1
202000026151;154 696 253;7;0;2;3;1;1
202000026151;154 696 254;7;0;2;2;1;1
202000026152;154 696 251;7;0;9;1;9;1
202000026152;154 696 252;1;0;2;7;2;6
202000026153;154 696 249;1;0;2;2;9;5
202000026153;154 696 250;7;0;2;2;1;1
202000026154;154 696 247;7;0;2;3;23;1
202000026154;154 696 248;33;0;1;1;1;1
202000026155;154 696 246;7;0;1;1;1;1
202000026156;154 696 244;7;0;2;3;1;1
202000026156;154 696 245;7;0;2;2;16;1
202000026157;154 696 242;7;0;2;6;10;0
202000026157;154 696 243;2;0;2;1;1;1
202000026158;154 696 240;7;0;2;1;1;1
202000026158;154 696 241;7;0;2;3;15;1
202000026159;154 696 238;33;0;2;7;17;1
202000026159;154 696 239;7;0;2;3;9;1
202000026160;154 696 236;1;0;2;1;1;5
202000026160;154 696 237;7;0;2;2;15;1
202000026161;154 696 234;1;0;2;7;1;5
202000026161;154 696 235;7;0;2;1;1;1
202000026162;154 696 233;10;0;1;2;0;0
202000026163;154 696 232;7;0;1;1;1;1
202000026164;154 696 229;37;0;2;1;1;0
202000026164;154 696 230;7;0;2;0;1;1
202000026164;154 696 231;7;0;2;1;1;1
202000026165;154 696 227;7;0;2;4;23;1
202000026165;154 696 228;33;0;2;1;1;1
202000026166;154 696 226;7;0;1;1;1;1
202000026167;154 696 224;7;0;2;3;9;1
202000026167;154 696 225;80;0;0;0;0;3
202000026168;154 696 222;7;0;2;4;0;1
202000026168;154 696 223;10;0;2;1;1;1
202000026169;154 696 221;7;0;1;2;26;1
202000026170;154 696 220;7;0;1;1;12;1
202000026171;154 696 218;7;0;2;1;1;1
202000026171;154 696 219;7;0;2;1;15;1
202000026172;154 696 216;7;0;2;5;23;1
202000026172;154 696 217;7;0;2;3;1;1
202000026173;154 696 215;0;0;1;0;15;0
202000026174;154 696 214;7;0;1;1;10;1
202000026175;154 696 212;7;0;2;1;1;1
202000026175;154 696 213;7;9;2;1;13;1
202000026176;154 696 210;7;0;2;1;1;1
202000026176;154 696 211;7;0;2;1;1;1
202000026177;154 696 208;33;0;2;4;1;1
202000026177;154 696 209;7;0;2;1;2;0
202000026178;154 696 207;7;0;1;1;1;1
202000026179;154 696 205;7;0;2;1;15;1
202000026179;154 696 206;33;0;2;1;2;1
202000026180;154 696 203;7;0;2;3;1;1
202000026180;154 696 204;33;0;2;1;1;1
202000026181;154 696 201;7;0;2;1;13;1
202000026181;154 696 202;1;0;2;1;0;5
202000026182;154 696 199;7;0;9;1;15;1
202000026182;154 696 200;1;0;2;1;1;5
202000026183;154 696 198;7;8;0;1;26;1
202000026184;154 696 196;7;0;2;4;1;1
202000026184;154 696 197;32;0;2;1;1;1
202000026185;154 696 193;17;0;2;3;23;1
202000026185;154 696 194;1;0;2;0;0;5
202000026185;154 696 195;7;0;2;1;1;1
202000026186;154 696 191;2;0;2;1;17;1
202000026186;154 696 192;7;0;2;3;1;1
202000026187;154 696 188;7;0;2;1;1;1
202000026187;154 696 189;7;0;2;4;2;1
202000026187;154 696 190;10;0;2;3;1;1
202000026188;154 696 186;31;0;1;7;14;1
202000026188;154 696 187;7;0;2;6;1;1
202000026189;154 696 184;7;0;2;1;1;1
202000026189;154 696 185;7;0;2;7;1;1
202000026190;154 696 182;31;0;2;1;1;1
202000026190;154 696 183;7;0;2;1;1;1
202000026191;154 696 180;30;0;2;4;15;1
202000026191;154 696 181;31;15;2;1;21;1
202000026192;154 696 179;7;0;1;1;1;1
202000026193;154 696 177;7;0;2;1;1;1
202000026193;154 696 178;7;0;2;4;2;1
202000026194;154 696 176;30;12;0;0;26;1