Num_Acc;id_vehicule;categorie_vehicule;obstacle_fixe;obstacle_mobile;point_choc_initial;manoeuvre_principale;motorisation
202000026195;154 696 174;7;0;2;1;26;1
202000026195;154 696 175;2;0;2;1;1;1
202000026196;154 696 173;7;0;1;2;1;1
202000026197;154 696 172;7;1;1;2;1;1
202000026198;154 696 170;30;0;2;1;15;1
202000026198;154 696 171;7;0;2;1;1;1
202000026199;154 696 167;10;0;2;3;23;0
202000026199;154 696 168;7;0;2;1;1;0
202000026199;154 696 169;7;0;2;7;15;0
202000026200;154 696 165;7;0;2;8;15;0
202000026200;154 696 166;7;0;2;3;1;0
202000026201;154 696 164;31;0;2;1;1;1
202000026202;154 696 163;2;0;0;5;1;1
202000026203;154 696 162;7;0;1;1;7;1
202000026204;154 696 160;10;0;2;0;0;1
202000026204;154 696 161;3;0;2;3;1;1
202000026205;154 696 157;7;12;0;4;2;1
202000026205;154 696 158;7;0;2;1;2;1
202000026205;154 696 159;7;0;2;1;2;1
202000026206;154 696 155;7;0;2;1;15;0
202000026206;154 696 156;31;0;2;1;18;1
202000026207;154 696 151;33;0;2;1;2;1
202000026207;154 696 152;10;0;2;7;15;1
202000026208;154 696 149;14;0;2;3;2;1
202000026208;154 696 150;7;4;2;5;17;1
202000026209;154 696 148;7;0;0;1;1;1
202000026210;154 696 147;7;0;1;2;1;1
202000026211;154 696 146;7;8;0;2;14;1
202000026212;154 696 145;7;0;1;2;1;1
202000026213;154 696 144;7;0;1;0;16;1
202000026214;154 696 142;30;0;2;7;17;1
202000026214;154 696 143;7;0;2;8;9;1
202000026215;154 696 139;7;0;2;7;2;0
202000026215;154 696 140;7;0;1;2;20;0
202000026215;154 696 141;7;0;2;2;0;0
202000026216;154 696 137;14;0;2;1;1;1
202000026216;154 696 138;1;0;2;7;14;5
202000026217;154 696 135;33;0;2;4;23;1
202000026217;154 696 136;7;0;2;1;2;0
202000026218;154 696 133;30;0;2;1;5;1
202000026218;154 696 134;43;0;2;3;1;1
202000026219;154 696 131;31;0;2;1;1;1
202000026219;154 696 132;7;0;2;2;1;1
202000026220;154 696 129;7;0;2;3;15;2
202000026220;154 696 130;32;0;2;1;17;1
202000026221;154 696 127;30;0;2;8;9;1
202000026221;154 696 128;33;0;2;1;1;1
202000026222;154 696 125;7;0;2;0;12;1
202000026222;154 696 126;34;1;2;1;1;1
202000026223;154 696 123;50;0;2;7;1;3
202000026223;154 696 124;7;0;2;2;15;1
202000026224;154 696 121;60;0;2;1;17;5
202000026224;154 696 122;7;0;2;3;23;2
202000026225;154 696 119;1;0;2;1;1;5
202000026225;154 696 120;10;0;2;2;16;1
202000026226;154 696 117;33;0;2;2;1;1
202000026226;154 696 118;7;0;2;3;11;1
202000026227;154 696 115;1;0;2;1;2;5
202000026227;154 696 116;7;0;2;4;23;1
202000026228;154 696 114;30;0;1;1;16;3
202000026229;154 696 112;2;0;2;2;16;1
202000026229;154 696 113;1;0;2;2;19;5
202000026230;154 696 111;1;0;0;0;1;5
202000026231;154 696 110;1;0;0;1;25;5
202000026232;154 696 108;7;0;2;2;1;1
202000026232;154 696 109;32;0;2;7;1;1
202000026233;154 696 106;7;0;2;2;1;1
202000026233;154 696 107;32;0;2;3;18;1
202000026234;154 696 105;33;0;1;1;1;1
202000026235;154 696 103;7;0;2;1;16;1
202000026235;154 696 104;34;0;2;4;23;1
202000026236;154 696 101;7;0;2;1;1;1
202000026236;154 696 102;7;0;2;6;1;1
202000026237;154 696 100;10;0;1;4;20;1
202000026238;154 696 098;33;0;2;7;0;1
202000026238;154 696 099;7;0;2;1;1;1
202000026239;154 696 097;7;0;1;3;0;1
202000026240;154 696 096;1;0;1;1;1;0
202000026241;154 696 095;7;0;1;2;1;1
202000026242;154 696 093;7;0;2;4;26;0
202000026242;154 696 094;7;0;2;1;2;1
202000026243;154 696 091;30;0;2;2;17;1
202000026243;154 696 092;7;0;2;3;15;0
202000026244;154 696 089;34;0;2;1;1;1
202000026244;154 696 090;7;0;2;8;15;1
202000026245;154 696 088;30;0;0;0;26;1
202000026246;154 696 086;7;12;2;1;1;1
202000026246;154 696 087;7;12;2;1;1;1
202000026247;154 696 084;7;0;0;4;1;0
202000026247;154 696 085;10;0;2;1;1;0
202000026248;154 696 082;7;0;2;3;19;0
202000026248;154 696 083;7;0;2;1;11;0
202000026249;154 696 080;34;0;2;8;1;1
202000026249;154 696 081;3;0;2;1;9;1
202000026250;154 696 079;7;0;1;1;26;6
202000026251;154 696 077;7;0;2;4;1;0
202000026251;154 696 078;7;0;2;1;2;1
202000026252;154 696 076;7;0;2;1;21;1
202000026253;154 696 074;7;0;2;7;15;1
202000026253;154 696 075;33;0;2;1;1;1
202000026254;154 696 072;10;0;2;0;1;1
202000026254;154 696 073;2;0;2;1;1;1
202000026255;154 696 071;2;0;1;1;1;1
202000026256;154 696 069;7;0;2;4;1;1
202000026256;154 696 070;10;0;2;1;1;1
202000026257;154 696 068;7;0;1;2;1;0
202000026258;154 696 066;10;0;2;5;2;0
202000026258;154 696 067;7;7;2;3;13;1
202000026259;154 696 065;30;0;1;1;1;1
202000026260;154 696 063;7;0;2;3;13;1
202000026260;154 696 064;33;0;2;2;17;1
202000026261;154 696 061;7;0;2;1;0;0
202000026261;154 696 062;7;0;2;4;23;1
202000026262;154 696 060;7;0;1;4;4;1
202000026263;154 696 059;7;1;1;4;17;1
202000026264;154 696 057;14;0;2;2;1;1
202000026264;154 696 058;7;0;2;3;13;1
202000026265;154 696 055;7;0;0;0;0;1
202000026265;154 696 056;33;0;2;1;17;1
202000026266;154 696 053;31;0;2;1;1;1
202000026266;154 696 054;10;0;2;5;15;1
202000026267;154 696 052;7;2;0;3;13;1
202000026268;154 696 050;7;1;0;6;0;1
202000026268;154 696 051;7;1;0;2;2;1
202000026269;154 696 049;7;0;1;1;1;0
202000026270;154 696 047;2;0;2;1;19;1
202000026270;154 696 048;7;0;2;1;1;1
202000026271;154 696 046;7;0;1;8;4;0
202000026272;154 696 044;17;14;0;2;1;1
202000026272;154 696 045;7;0;0;4;23;1
202000026273;154 696 043;7;2;0;1;1;1
202000026274;154 696 041;32;0;2;3;5;0
202000026274;154 696 042;7;0;2;3;5;1
202000026275;154 696 039;33;0;2;1;19;1
202000026275;154 696 040;7;0;2;8;10;1
202000026276;154 696 037;7;0;2;8;15;1
202000026276;154 696 038;7;0;2;1;17;1
202000026277;154 696 036;7;13;0;2;1;1
202000026278;154 696 034;7;0;2;3;15;0
202000026278;154 696 035;2;0;2;7;17;1
202000026279;154 696 032;7;0;2;3;13;1
202000026279;154 696 033;16;0;2;3;1;1
202000026280;154 696 031;7;13;0;3;19;1
202000026281;154 696 030;31;13;0;7;1;1
202000026282;154 696 029;33;13;0;3;1;1
202000026283;154 696 028;33;13;0;1;17;1
202000026284;154 696 026;7;0;2;3;13;1
202000026284;154 696 027;7;0;2;3;1;1
202000026285;154 696 024;7;1;0;1;1;1
202000026285;154 696 025;15;0;2;3;24;1
202000026286;154 696 023;7;0;0;9;21;1
202000026287;154 696 021;33;0;2;1;2;1
202000026287;154 696 022;7;0;0;6;1;1
202000026288;154 696 020;10;2;0;1;1;1
202000026289;154 696 018;7;0;2;1;24;1
202000026289;154 696 019;7;1;1;1;13;1
202000026290;154 696 016;33;0;2;7;1;1
202000026290;154 696 017;33;0;0;6;14;1
202000026291;154 696 015;7;13;0;2;2;1
202000026292;154 696 014;7;0;1;3;26;1
202000026293;154 696 012;7;13;2;7;6;1
202000026293;154 696 013;7;0;2;1;1;1
202000026294;154 696 011;7;13;0;2;21;1
202000026295;154 696 009;7;0;0;8;15;1
202000026295;154 696 010;33;0;0;1;17;1
202000026296;154 696 007;10;0;2;1;1;1
202000026296;154 696 008;7;0;2;1;5;1
202000026297;154 696 005;7;0;2;3;26;6
202000026297;154 696 006;33;0;2;0;17;1
202000026298;154 696 001;7;0;2;1;2;1
202000026298;154 696 002;7;0;0;4;23;1
202000026299;154 695 998;7;0;2;1;2;1
202000026299;154 695 999;7;0;2;4;1;1
202000026299;154 696 000;7;0;2;4;2;1
202000026300;154 695 995;7;0;2;3;1;1
202000026300;154 695 996;7;0;2;5;1;1
202000026300;154 695 997;10;0;2;0;1;1
202000026301;154 695 994;7;4;0;3;13;1
202000026302;154 695 992;7;0;2;5;2;1
202000026302;154 695 993;7;0;2;3;2;1
202000026303;154 695 989;10;0;2;1;12;1
202000026303;154 695 990;7;0;2;4;2;1
202000026303;154 695 991;7;0;2;6;2;1
202000026304;154 695 985;43;0;2;2;1;1
202000026304;154 695 986;7;0;2;4;1;1
202000026304;154 695 987;7;0;2;4;1;1
202000026304;154 695 988;7;0;2;1;11;1
202000026305;154 695 980;7;0;2;1;21;1
202000026305;154 695 981;7;0;2;1;21;1
202000026305;154 695 982;7;0;2;2;21;1
202000026305;154 695 983;33;0;2;1;21;1
202000026305;154 695 984;7;0;2;5;26;1
202000026306;154 695 979;10;0;2;3;1;1
202000026307;154 695 977;7;0;2;2;12;1
202000026307;154 695 978;33;0;2;3;1;1
202000026308;154 695 976;34;0;0;0;3;1
202000026309;154 695 974;7;3;2;1;2;1
202000026309;154 695 975;10;0;2;1;2;1
202000026310;154 695 973;7;4;0;0;1;1
202000026311;154 695 970;10;0;2;1;11;1
202000026311;154 695 971;10;0;2;1;1;1
202000026311;154 695 972;7;0;2;0;0;1
202000026312;154 695 967;7;0;2;0;0;2
202000026312;154 695 968;33;0;2;1;3;1
202000026312;154 695 969;7;0;2;2;1;1
202000026313;154 695 966;33;0;0;9;26;1
202000026314;154 695 963;7;0;2;2;12;1
202000026314;154 695 964;33;0;2;1;3;1
202000026314;154 695 965;7;0;2;4;1;1
202000026315;154 695 961;7;0;2;4;1;1
202000026315;154 695 962;14;0;2;1;0;0
202000026316;154 695 959;7;0;2;4;2;1
202000026316;154 695 960;10;0;2;1;2;1
202000026317;154 695 957;7;0;2;6;11;2
202000026317;154 695 958;31;0;2;1;3;1
202000026318;154 695 953;7;0;2;1;21;1
202000026318;154 695 954;7;0;2;4;26;1
202000026318;154 695 955;16;0;2;3;21;1
202000026318;154 695 956;7;0;2;2;26;1
202000026319;154 695 951;7;1;0;1;2;1
202000026319;154 695 952;7;0;2;4;23;1
202000026320;154 695 948;7;0;2;1;1;1
202000026320;154 695 949;7;0;2;4;2;1
202000026320;154 695 950;7;0;2;4;2;1
202000026321;154 695 947;33;0;0;9;14;1
202000026322;154 695 944;7;0;2;6;15;0
202000026322;154 695 945;1;0;2;8;1;0
202000026323;154 695 943;1;0;0;0;13;5
202000026324;154 695 941;2;0;2;1;17;1
202000026324;154 695 942;7;0;2;8;15;1
202000026325;154 695 940;7;0;1;3;15;1
202000026326;154 695 938;7;0;2;3;13;1
202000026326;154 695 939;99;0;2;0;1;1
202000026327;154 695 937;7;0;1;3;1;1
202000026328;154 695 935;7;0;2;1;2;0
202000026328;154 695 936;7;0;0;4;23;0
202000026329;154 695 934;7;0;1;3;19;0
202000026330;154 695 933;7;8;0;3;0;1
202000026331;154 695 930;32;0;2;1;17;1
202000026331;154 695 931;14;0;2;6;2;4
202000026331;154 695 932;1;0;2;1;1;5
202000026332;154 695 928;7;0;2;2;1;0
202000026332;154 695 929;7;0;2;3;1;0
202000026333;154 695 926;10;0;2;1;2;0
202000026333;154 695 927;10;0;2;4;2;1
202000026334;154 695 924;7;0;2;3;0;1
202000026334;154 695 925;7;0;2;3;0;1
202000026335;154 695 922;1;0;2;1;1;5
202000026335;154 695 923;7;0;2;2;15;1
202000026336;154 695 921;7;0;1;2;1;
202000026337;154 695 919;7;0;2;3;26;0
202000026337;154 695 920;37;0;2;2;8;0
202000026338;154 695 918;7;0;1;1;1;1
202000026339;154 695 917;7;0;1;2;1;1
202000026340;154 695 915;7;0;2;1;1;1
202000026340;154 695 916;1;0;2;2;1;5
202000026341;154 695 913;33;0;2;1;1;1
202000026341;154 695 914;38;0;2;2;19;1
202000026342;154 695 911;7;0;2;6;15;1
202000026342;154 695 912;30;0;2;1;17;1
202000026343;154 695 909;31;0;2;1;1;6
202000026343;154 695 910;7;0;2;3;15;6
202000026344;154 695 907;60;0;2;8;19;5
202000026344;154 695 908;7;0;2;1;12;1
202000026345;154 695 905;10;0;2;7;9;1
202000026345;154 695 906;7;0;2;3;2;1
202000026346;154 695 903;3;0;2;8;13;1
202000026346;154 695 904;33;0;2;7;17;1
202000026347;154 695 902;7;0;0;9;0;1
202000026348;154 695 900;7;0;2;2;15;1
202000026348;154 695 901;7;0;2;1;8;1
202000026349;154 695 898;1;0;0;4;26;5
202000026349;154 695 899;7;0;2;1;16;1
202000026350;154 695 897;1;0;1;1;1;5
202000026351;154 695 895;2;0;2;1;23;1
202000026351;154 695 896;7;0;2;1;15;1
202000026352;154 695 893;7;0;2;1;16;1
202000026352;154 695 894;34;0;2;7;25;1
202000026353;154 695 891;1;0;2;5;13;5
202000026353;154 695 892;7;0;2;3;15;0
202000026354;154 695 888;10;0;2;8;1;1
202000026354;154 695 889;30;0;2;7;17;1
202000026354;154 695 890;7;0;2;1;1;1
202000026355;154 695 887;30;0;0;0;15;1
202000026356;154 695 885;7;0;2;4;2;0
202000026356;154 695 886;7;0;2;1;9;1
202000026357;154 695 884;10;0;1;4;4;1
202000026358;154 695 882;1;0;2;1;1;5
202000026358;154 695 883;7;0;2;2;15;1
202000026359;154 695 880;7;0;2;2;1;1
202000026359;154 695 881;7;0;2;1;13;1
202000026360;154 695 879;33;12;0;3;1;1
202000026361;154 695 877;1;0;2;8;0;5
202000026361;154 695 878;10;0;2;2;9;1
202000026362;154 695 876;7;13;0;7;1;1
202000026363;154 695 875;7;0;1;5;1;1
202000026364;154 695 874;37;0;1;2;25;0
202000026365;154 695 872;13;0;2;0;0;1
202000026365;154 695 873;7;0;2;3;16;1
202000026366;154 695 870;20;0;0;0;0;1
202000026366;154 695 871;20;16;0;1;9;1
202000026367;154 695 868;7;0;2;5;2;1
202000026367;154 695 869;2;0;2;1;1;1
202000026368;154 695 866;10;0;9;2;15;1
202000026368;154 695 867;43;0;2;8;1;1
202000026369;154 695 864;7;0;0;4;23;1
202000026369;154 695 865;7;0;2;1;26;1
202000026370;154 695 862;7;0;2;5;1;1
202000026370;154 695 863;7;0;2;1;1;1
202000026371;154 695 860;33;0;0;8;13;1
202000026371;154 695 861;10;0;0;0;21;1
202000026372;154 695 859;7;0;1;1;1;1
202000026373;154 695 855;15;0;2;8;1;0
202000026373;154 695 856;7;0;2;2;0;0
202000026373;154 695 857;7;0;2;3;1;0
202000026373;154 695 858;7;0;2;9;12;0
202000026374;154 695 852;7;0;2;5;1;1
202000026374;154 695 853;7;0;2;6;1;2
202000026374;154 695 854;31;0;2;1;3;1
202000026375;154 695 850;43;0;2;2;1;1
202000026375;154 695 851;7;0;2;3;1;1
202000026376;154 695 848;7;0;2;5;12;1
202000026376;154 695 849;32;0;2;1;3;1
202000026377;154 695 847;7;0;1;2;15;2
202000026378;154 695 846;32;0;0;2;21;1
202000026379;154 695 845;10;1;1;7;16;1
202000026380;154 695 843;7;0;2;6;9;1
202000026380;154 695 844;30;0;2;1;17;1
202000026381;154 695 841;7;0;2;6;23;1
202000026381;154 695 842;7;0;2;2;1;1
202000026382;154 695 839;2;0;2;7;17;0
202000026382;154 695 840;1;0;2;1;1;5
202000026383;154 695 837;31;0;2;1;1;0
202000026383;154 695 838;7;0;2;5;15;0
202000026384;154 695 835;1;0;2;1;1;5
202000026384;154 695 836;7;0;2;7;16;3
202000026385;154 695 832;10;0;2;1;2;1
202000026385;154 695 833;31;0;2;4;2;1
202000026385;154 695 834;7;0;2;4;23;1
202000026386;154 695 830;1;0;2;5;19;5
202000026386;154 695 831;33;0;2;3;1;1
202000026387;154 695 829;33;0;1;1;1;1
202000026388;154 695 827;1;0;2;0;1;6
202000026388;154 695 828;1;0;2;4;1;5
202000026389;154 695 826;7;0;1;2;1;1
202000026390;154 695 824;7;0;2;8;11;1
202000026390;154 695 825;31;0;2;7;1;1
202000026391;154 695 822;1;0;2;8;1;5
202000026391;154 695 823;7;0;2;2;14;1
202000026392;154 695 820;2;0;2;1;1;1
202000026392;154 695 821;7;0;2;6;10;1
202000026393;154 695 817;7;0;2;2;2;1
202000026393;154 695 818;7;0;2;4;2;1
202000026393;154 695 819;7;0;2;4;23;1
202000026394;154 695 815;33;6;2;2;1;1
202000026394;154 695 816;7;0;2;1;1;1
202000026395;154 695 814;43;0;1;2;1;1
202000026396;154 695 813;34;14;0;1;1;1
202000026397;154 695 811;1;0;2;1;1;5
202000026397;154 695 812;7;0;2;5;22;2
202000026398;154 695 810;33;0;1;1;1;1
202000026399;154 695 808;50;0;2;1;26;3
202000026399;154 695 809;10;0;2;2;2;1
202000026400;154 695 807;1;0;1;1;1;5
202000026401;154 695 805;33;0;2;4;23;1
202000026401;154 695 806;32;0;2;1;2;1
202000026402;154 695 803;2;0;2;2;1;0
202000026402;154 695 804;7;0;2;7;15;0
202000026403;154 695 802;2;12;0;3;1;1
202000026404;154 695 801;0;0;1;1;26;0
202000026405;154 695 799;7;1;2;5;2;1
202000026405;154 695 800;7;1;2;1;2;0
202000026406;154 695 797;50;0;2;1;1;3
202000026406;154 695 798;7;0;2;1;15;1
202000026407;154 695 795;7;0;9;3;1;1
202000026407;154 695 796;1;0;2;;;
202000026408;154 695 793;32;0;0;2;1;0
202000026408;154 695 794;7;0;0;8;11;0
202000026409;154 695 791;7;0;2;1;0;0
202000026409;154 695 792;7;0;2;1;9;0
202000026410;154 695 789;1;1;0;0;0;0
202000026410;154 695 790;7;1;0;0;0;0
202000026411;154 695 788;1;0;1;1;1;5
202000026412;154 695 786;30;0;2;1;2;0
202000026412;154 695 787;7;0;2;5;4;1
202000026413;154 695 781;7;0;2;4;23;1
202000026413;154 695 782;7;0;2;4;23;0
202000026413;154 695 783;7;0;2;4;23;1
202000026413;154 695 784;31;0;2;4;23;1
202000026413;154 695 785;7;0;2;1;2;1
202000026414;154 695 779;7;0;2;3;15;1
202000026414;154 695 780;7;0;2;1;1;2
202000026415;154 695 778;33;6;0;1;1;1
202000026416;154 695 777;7;0;1;7;16;1
202000026417;154 695 776;7;0;1;7;0;1
202000026418;154 695 775;7;8;0;2;1;1
202000026419;154 695 774;33;14;0;1;0;1
202000026420;154 695 772;7;0;2;1;1;1
202000026420;154 695 773;7;0;2;3;1;1
202000026421;154 695 771;7;13;0;0;1;1
202000026422;154 695 770;33;0;0;7;1;1
202000026423;154 695 768;33;0;2;1;2;1
202000026423;154 695 769;7;0;2;3;15;0
202000026424;154 695 766;7;0;2;3;5;1
202000026424;154 695 767;7;0;2;3;1;1
202000026425;154 695 764;7;0;2;1;2;6
202000026425;154 695 765;7;0;2;4;2;6
202000026426;154 695 760;7;0;2;8;1;1
202000026426;154 695 761;7;0;2;3;1;1
202000026427;154 695 759;10;1;0;1;5;1
202000026428;154 695 757;33;0;2;1;1;1
202000026428;154 695 758;33;0;2;1;1;1
202000026429;154 695 755;7;7;2;2;15;4
202000026429;154 695 756;7;0;2;1;1;4
202000026430;154 695 753;7;0;2;2;1;0
202000026430;154 695 754;1;0;2;8;1;0
202000026431;154 695 752;7;0;0;0;1;1
202000026432;154 695 750;7;0;2;3;0;1
202000026432;154 695 751;7;0;2;2;0;1
202000026433;154 695 749;33;2;0;1;1;1
202000026434;154 695 747;7;0;2;6;1;1
202000026434;154 695 748;7;0;2;3;13;1
202000026435;154 695 746;7;0;1;2;1;1
202000026436;154 695 744;7;2;2;7;2;1
202000026436;154 695 745;7;2;2;8;2;1
202000026437;154 695 743;7;0;1;0;4;1
202000026438;154 695 742;33;2;0;0;13;1
202000026439;154 695 740;30;0;2;1;2;1
202000026439;154 695 741;7;0;0;5;9;0
202000026440;154 695 739;7;2;0;8;1;1
202000026441;154 695 737;7;0;2;2;16;1
202000026441;154 695 738;1;0;2;8;1;5
202000026442;154 695 735;33;0;2;7;1;1
202000026442;154 695 736;7;0;2;1;16;1
202000026443;154 695 734;7;13;0;2;1;1
202000026444;154 695 733;7;0;1;6;4;0
202000026445;154 695 732;33;0;6;1;1;1
202000026446;154 695 726;10;0;2;1;13;1
202000026446;154 695 727;10;0;2;6;1;1
202000026446;154 695 728;7;0;2;8;1;1
202000026446;154 695 729;7;0;2;6;2;1
202000026446;154 695 730;7;0;2;1;1;1
202000026447;154 695 723;7;0;2;2;1;1
202000026447;154 695 724;7;0;2;3;9;1
202000026448;154 695 722;33;14;0;1;1;1
202000026449;154 695 720;7;0;2;7;9;1
202000026449;154 695 721;31;0;2;1;1;1
202000026450;154 695 719;7;6;0;1;16;1
202000026451;154 695 717;7;0;2;3;15;1
202000026451;154 695 718;33;0;2;1;1;1
202000026452;154 695 716;33;0;0;2;0;1
202000026453;154 695 715;2;12;0;2;1;1
202000026454;154 695 714;7;13;0;0;0;1
202000026455;154 695 712;21;0;2;8;15;0
202000026455;154 695 713;7;0;2;2;17;0
202000026456;154 695 710;2;0;2;1;17;1
202000026456;154 695 711;7;0;2;8;15;1
202000026457;154 695 708;33;0;2;1;2;1
202000026457;154 695 709;33;0;0;4;2;1
202000026458;154 695 705;7;1;0;1;2;1
202000026458;154 695 706;7;0;0;3;1;3
202000026458;154 695 707;10;0;2;1;2;1
202000026459;154 695 703;7;0;2;2;15;1
202000026459;154 695 704;1;0;2;1;1;5
202000026460;154 695 701;7;0;2;2;0;1
202000026460;154 695 702;17;0;0;6;1;1
202000026461;154 695 699;10;0;2;8;1;1
202000026461;154 695 700;10;0;2;3;1;1
202000026462;154 695 697;15;0;2;3;1;1
202000026462;154 695 698;7;0;2;3;13;1
202000026463;154 695 695;2;0;2;1;13;1
202000026463;154 695 696;10;0;2;3;23;1
202000026464;154 695 693;10;0;2;2;1;1
202000026464;154 695 694;1;0;2;1;9;5
202000026465;154 695 691;7;0;0;0;2;0
202000026465;154 695 692;33;0;0;0;2;0
202000026466;154 695 689;2;0;2;1;1;1
202000026466;154 695 690;7;0;0;5;1;1
202000026467;154 695 688;33;0;0;7;16;1
202000026468;154 695 686;2;0;2;2;1;1
202000026468;154 695 687;7;0;2;3;19;1
202000026469;154 695 685;7;0;1;1;1;1
202000026470;154 695 684;7;0;1;3;1;1
202000026471;154 695 683;33;0;0;1;1;1
202000026472;154 695 681;1;0;2;8;19;5
202000026472;154 695 682;7;0;2;1;1;1
202000026473;154 695 679;7;1;0;4;24;1
202000026473;154 695 680;7;1;0;1;1;1
202000026474;154 695 677;7;0;0;3;15;1
202000026474;154 695 678;33;0;0;7;1;1
202000026475;154 695 675;7;0;0;4;15;1
202000026475;154 695 676;33;0;2;1;2;1
202000026476;154 695 673;7;13;2;3;19;1
202000026476;154 695 674;7;13;2;2;1;1
202000026477;154 695 671;34;0;2;3;1;0
202000026477;154 695 672;10;0;2;3;13;0
202000026478;154 695 667;21;0;0;4;4;1
202000026478;154 695 668;1;0;0;2;1;5
202000026479;154 695 665;2;0;2;1;5;1
202000026479;154 695 666;7;0;2;1;1;1
202000026480;154 695 664;7;0;0;9;0;1
202000026481;154 695 662;7;0;2;2;1;1
202000026481;154 695 663;7;0;2;6;13;1
202000026482;154 695 661;33;0;0;0;14;1
202000026483;154 695 659;7;0;2;8;1;1
202000026483;154 695 660;7;0;2;1;1;1
202000026484;154 695 657;7;0;2;4;0;1
202000026484;154 695 658;7;0;2;1;9;1
202000026485;154 695 655;7;0;2;4;2;1
202000026485;154 695 656;7;0;2;1;2;1
202000026486;154 695 652;7;0;2;4;2;1
202000026486;154 695 653;7;0;2;1;1;1
202000026486;154 695 654;7;0;2;4;2;1
202000026487;154 695 650;7;0;2;1;2;1
202000026487;154 695 651;7;0;2;4;2;1
202000026488;154 695 648;42;0;2;1;11;1
202000026488;154 695 649;10;0;2;6;1;1
202000026489;154 695 646;10;0;2;1;2;1
202000026489;154 695 647;7;0;2;4;2;1
202000026490;154 695 645;7;0;0;0;0;1
202000026491;154 695 643;7;0;2;1;2;2
202000026491;154 695 644;7;0;2;4;1;1
202000026492;154 695 642;34;14;0;1;2;1
202000026493;154 695 641;7;4;0;2;1;1
202000026494;154 695 639;7;0;2;6;11;1
202000026494;154 695 640;31;0;2;6;3;1
202000026495;154 695 637;7;0;2;4;2;1
202000026495;154 695 638;15;0;2;1;2;1
202000026496;154 695 635;32;0;2;1;17;1
202000026496;154 695 636;7;0;2;3;10;1
202000026497;154 695 634;7;13;0;1;1;1
202000026498;154 695 632;7;0;2;1;1;1
202000026498;154 695 633;31;0;2;4;23;1
202000026499;154 695 631;7;1;0;1;1;1
202000026500;154 695 629;7;0;9;1;1;1
202000026500;154 695 630;60;0;2;1;1;5
202000026501;154 695 627;7;0;2;7;15;1
202000026501;154 695 628;31;0;2;1;1;1
202000026502;154 695 626;7;0;1;2;16;1
202000026503;154 695 625;50;12;0;0;0;3
202000026504;154 695 624;2;0;2;1;2;1
202000026505;154 695 623;7;0;1;4;4;1
202000026506;154 695 622;7;1;0;1;0;1
202000026507;154 695 620;31;0;0;1;1;1
202000026507;154 695 621;10;0;2;3;15;1
202000026508;154 695 618;1;0;9;7;26;6
202000026508;154 695 619;1;0;9;8;26;6
202000026509;154 695 616;7;0;2;1;9;1
202000026509;154 695 617;1;0;2;7;1;5
202000026510;154 695 614;33;0;2;8;1;1
202000026510;154 695 615;2;0;2;7;12;1
202000026511;154 695 613;7;0;1;1;15;1
202000026512;154 695 609;32;0;1;2;9;0
202000026513;154 695 607;7;0;1;1;16;1
202000026514;154 695 605;31;0;2;1;1;0
202000026514;154 695 606;34;0;2;3;10;0
202000026515;154 695 603;7;0;2;3;16;1
202000026515;154 695 604;1;0;2;1;1;5
202000026516;154 695 601;32;0;2;3;18;1
202000026516;154 695 602;7;0;2;5;1;1
202000026517;154 695 599;7;0;2;1;1;1
202000026517;154 695 600;1;0;2;7;1;6
202000026518;154 695 597;7;0;2;2;1;6
202000026518;154 695 598;50;0;2;1;1;3
202000026519;154 695 595;1;0;2;4;1;5
202000026519;154 695 596;1;0;2;1;1;5
202000026520;154 695 593;1;0;2;7;19;5
202000026520;154 695 594;7;0;2;2;1;1
202000026521;154 695 590;10;0;2;1;26;1
202000026521;154 695 591;7;0;2;4;23;1
202000026521;154 695 592;7;0;2;4;23;1
202000026522;154 695 589;7;0;1;2;15;1
202000026523;154 695 588;33;0;0;0;1;1
202000026524;154 695 586;50;0;2;1;5;3
202000026524;154 695 587;7;0;2;1;1;1
202000026525;154 695 584;7;0;2;1;13;1
202000026525;154 695 585;7;0;2;1;1;1
202000026526;154 695 583;1;0;0;1;1;5
202000026527;154 695 580;7;0;2;1;2;1
202000026527;154 695 581;7;0;2;4;2;1
202000026527;154 695 582;7;0;2;4;2;1
202000026528;154 695 578;30;0;2;0;11;1
202000026528;154 695 579;7;0;2;3;1;1
202000026529;154 695 577;2;0;1;0;0;1
202000026530;154 695 576;33;0;0;7;0;1
202000026531;154 695 575;7;0;1;1;16;1
202000026532;154 695 573;7;0;2;1;2;1
202000026532;154 695 574;7;0;2;4;23;1
202000026533;154 695 571;30;0;2;1;1;1
202000026533;154 695 572;7;0;2;4;9;1
202000026534;154 695 569;7;0;2;2;9;1
202000026534;154 695 570;7;0;2;3;1;1
202000026535;154 695 566;7;0;2;4;1;1
202000026535;154 695 567;7;0;2;4;1;1
202000026535;154 695 568;7;0;2;1;1;1
202000026536;154 695 564;7;0;2;4;15;1
202000026536;154 695 565;31;0;2;1;2;1
202000026537;154 695 561;1;0;2;8;1;5
202000026537;154 695 562;1;0;2;8;1;5
202000026537;154 695 563;7;0;9;2;1;1
202000026538;154 695 560;7;8;0;1;26;1