Num_Acc;id_vehicule;categorie_vehicule;obstacle_fixe;obstacle_mobile;point_choc_initial;manoeuvre_principale;motorisation
202000026539;154 695 558;33;0;2;1;1;1
202000026539;154 695 559;7;0;2;6;1;1
202000026540;154 695 556;7;0;2;1;9;1
202000026540;154 695 557;7;0;2;1;1;1
202000026541;154 695 554;7;0;2;3;1;1
202000026541;154 695 555;1;0;2;2;1;5
202000026542;154 695 552;2;0;2;7;1;1
202000026542;154 695 553;10;0;2;1;9;1
202000026543;154 695 551;7;6;0;1;1;1
202000026544;154 695 549;1;0;2;0;0;5
202000026544;154 695 550;7;0;2;0;0;1
202000026545;154 695 546;7;0;2;4;0;1
202000026545;154 695 547;7;0;2;1;0;1
202000026545;154 695 548;7;0;2;9;0;1
202000026546;154 695 544;1;0;0;0;0;5
202000026546;154 695 545;7;0;2;1;0;1
202000026547;154 695 542;1;0;2;1;0;5
202000026547;154 695 543;7;0;2;1;0;1
202000026548;154 695 541;7;0;0;9;0;1
202000026549;154 695 539;7;0;2;2;15;1
202000026549;154 695 540;7;0;2;1;1;1
202000026550;154 695 536;7;0;2;4;2;1
202000026550;154 695 537;10;0;2;4;23;1
202000026550;154 695 538;7;0;2;1;2;1
202000026551;154 695 534;1;0;2;8;1;5
202000026551;154 695 535;10;0;2;2;16;1
202000026552;154 695 533;10;0;1;1;1;1
202000026553;154 695 529;0;;;;0;
202000026553;154 695 530;37;0;2;2;1;1
202000026553;154 695 531;1;0;2;1;19;0
202000026554;154 695 527;7;0;2;1;1;1
202000026554;154 695 528;7;0;2;1;15;1
202000026555;154 695 525;2;0;2;1;17;1
202000026555;154 695 526;7;0;2;3;15;1
202000026556;154 695 524;7;0;1;2;16;1
202000026557;154 695 522;7;0;2;7;15;1
202000026557;154 695 523;32;0;2;2;1;1
202000026558;154 695 520;1;0;2;0;1;0
202000026558;154 695 521;7;0;2;3;26;1
202000026559;154 695 519;30;12;0;6;1;1
202000026560;154 695 518;30;12;0;8;1;1
202000026561;154 695 516;7;0;2;3;0;1
202000026561;154 695 517;31;0;2;1;9;1
202000026562;154 695 513;7;0;2;4;1;1
202000026562;154 695 514;10;0;2;4;2;1
202000026562;154 695 515;7;0;2;1;2;1
202000026563;154 695 512;7;0;1;2;21;1
202000026564;154 695 511;7;0;1;1;15;1
202000026565;154 695 509;17;0;2;1;1;1
202000026565;154 695 510;7;0;2;1;13;1
202000026566;154 695 507;7;0;2;6;1;1
202000026566;154 695 508;32;0;2;8;17;1
202000026567;154 695 504;7;0;2;4;2;1
202000026567;154 695 505;7;0;2;1;2;1
202000026567;154 695 506;7;0;2;1;1;1
202000026568;154 695 502;10;0;2;2;1;1
202000026568;154 695 503;10;0;2;1;16;1
202000026569;154 695 500;7;0;2;2;1;1
202000026569;154 695 501;1;0;2;1;5;5
202000026570;154 695 498;7;0;2;4;1;1
202000026570;154 695 499;7;0;2;1;1;1
202000026571;154 695 496;7;0;2;6;15;1
202000026571;154 695 497;37;0;2;2;1;1
202000026572;154 695 494;7;0;2;2;15;1
202000026572;154 695 495;7;0;2;3;1;1
202000026573;154 695 492;2;0;2;1;1;1
202000026573;154 695 493;7;0;2;2;15;1
202000026574;154 695 489;33;0;2;1;13;1
202000026574;154 695 490;7;0;2;1;1;1
202000026574;154 695 491;7;0;2;2;1;1
202000026575;154 695 487;7;0;2;4;1;1
202000026575;154 695 488;7;0;2;1;1;1
202000026576;154 695 484;13;0;1;0;23;1
202000026576;154 695 485;7;0;1;6;1;1
202000026576;154 695 486;13;0;1;3;1;1
202000026577;154 695 482;7;0;2;1;13;1
202000026577;154 695 483;7;0;2;1;1;1
202000026578;154 695 481;7;0;1;1;1;1
202000026579;154 695 479;7;0;2;2;15;1
202000026579;154 695 480;31;0;2;1;0;1
202000026580;154 695 477;7;0;2;1;1;1
202000026580;154 695 478;15;0;2;1;16;1
202000026581;154 695 475;7;0;2;4;1;1
202000026581;154 695 476;7;0;2;1;1;1
202000026582;154 695 474;31;10;0;1;1;1
202000026583;154 695 473;2;0;0;1;9;1
202000026584;154 695 471;7;0;2;3;13;1
202000026584;154 695 472;7;0;2;3;1;1
202000026585;154 695 470;7;13;0;2;14;1
202000026586;154 695 469;37;0;1;1;15;0
202000026587;154 695 468;33;3;0;1;1;1
202000026588;154 695 466;7;0;2;1;16;1
202000026588;154 695 467;99;0;2;7;1;3
202000026589;154 695 464;7;0;2;1;0;1
202000026589;154 695 465;7;7;2;1;0;1
202000026590;154 695 460;2;0;2;2;1;1
202000026590;154 695 461;7;0;2;8;20;1
202000026591;154 695 459;7;0;1;1;1;1
202000026592;154 695 457;7;0;2;1;2;1
202000026592;154 695 458;3;0;2;4;2;1
202000026593;154 695 455;7;0;2;1;1;1
202000026593;154 695 456;3;0;2;1;11;1
202000026594;154 695 454;7;0;1;1;16;1
202000026595;154 695 453;7;0;1;1;1;1
202000026596;154 695 451;2;0;2;1;1;1
202000026596;154 695 452;7;0;2;2;15;1
202000026597;154 695 449;7;0;2;1;1;1
202000026597;154 695 450;7;0;2;4;1;1
202000026598;154 695 448;7;3;0;3;1;1
202000026599;154 695 446;33;0;2;2;17;1
202000026599;154 695 447;10;0;2;8;15;1
202000026600;154 695 444;31;0;0;0;1;1
202000026600;154 695 445;7;0;0;0;0;0
202000026601;154 695 441;33;0;2;1;1;0
202000026601;154 695 442;7;0;2;2;15;0
202000026601;154 695 443;7;0;2;3;1;0
202000026602;154 695 439;7;0;2;1;1;1
202000026602;154 695 440;7;0;2;1;1;1
202000026603;154 695 438;7;0;1;1;1;0
202000026604;154 695 437;7;8;0;2;1;1
202000026605;154 695 436;7;9;0;1;13;0
202000026606;154 695 434;7;0;2;4;23;1
202000026606;154 695 435;7;0;2;1;1;1
202000026607;154 695 432;10;0;2;1;1;1
202000026607;154 695 433;7;0;2;0;0;1
202000026608;154 695 431;7;0;1;1;1;1
202000026609;154 695 428;7;0;2;1;2;0
202000026609;154 695 429;7;0;2;4;2;0
202000026609;154 695 430;7;0;0;4;2;0
202000026610;154 695 426;7;0;2;4;23;1
202000026610;154 695 427;7;0;2;1;2;1
202000026611;154 695 424;7;0;2;3;11;1
202000026611;154 695 425;33;0;2;2;17;1
202000026612;154 695 423;7;0;1;1;15;1
202000026613;154 695 422;2;0;0;0;21;1
202000026614;154 695 420;7;0;2;3;14;1
202000026614;154 695 421;7;0;2;2;1;1
202000026615;154 695 419;7;0;9;9;1;1
202000026616;154 695 418;7;0;9;8;1;1
202000026617;154 695 415;7;0;2;4;2;1
202000026617;154 695 416;33;0;2;4;2;1
202000026617;154 695 417;7;0;2;1;2;1
202000026618;154 695 414;7;13;0;9;13;1
202000026619;154 695 412;7;0;9;2;16;1
202000026619;154 695 413;80;0;2;3;5;3
202000026620;154 695 410;7;0;2;1;2;1
202000026620;154 695 411;1;0;2;8;19;5
202000026621;154 695 408;7;0;2;6;1;1
202000026621;154 695 409;7;0;2;1;1;1
202000026622;154 695 407;7;0;1;3;1;1
202000026623;154 695 406;32;9;0;2;14;1
202000026624;154 695 405;1;0;0;0;26;6
202000026625;154 695 403;32;0;2;1;1;1
202000026625;154 695 404;7;0;2;1;15;1
202000026626;154 695 402;7;1;1;2;17;1
202000026627;154 695 401;14;3;0;9;1;0
202000026628;154 695 400;30;0;1;1;17;1
202000026629;154 695 398;7;0;2;2;15;1
202000026629;154 695 399;7;0;2;1;1;1
202000026630;154 695 396;7;0;2;4;2;1
202000026630;154 695 397;7;0;2;1;2;1
202000026631;154 695 395;10;0;1;1;1;
202000026632;154 695 392;10;0;2;7;20;0
202000026632;154 695 393;10;1;1;8;0;0
202000026632;154 695 394;10;1;2;3;18;0
202000026633;154 695 391;30;0;1;1;1;1
202000026634;154 695 390;7;0;1;2;1;1
202000026635;154 695 389;7;0;1;2;1;1
202000026636;154 695 388;7;0;1;0;13;1
202000026637;154 695 386;7;0;2;1;1;1
202000026637;154 695 387;7;0;2;1;19;1
202000026638;154 695 384;7;0;2;7;15;1
202000026638;154 695 385;7;0;2;2;1;0
202000026639;154 695 382;50;11;0;1;13;3
202000026640;154 695 381;2;14;0;0;1;1
202000026641;154 695 379;10;0;2;2;15;1
202000026641;154 695 380;30;0;2;1;1;1
202000026642;154 695 377;33;0;2;3;18;1
202000026642;154 695 378;7;0;2;2;16;1
202000026643;154 695 376;10;0;1;1;4;1
202000026644;154 695 374;7;0;2;2;10;1
202000026644;154 695 375;33;0;2;1;1;1
202000026645;154 695 372;33;0;2;7;1;1
202000026645;154 695 373;7;0;2;8;15;1
202000026646;154 695 371;7;0;1;1;15;1
202000026647;154 695 370;10;0;1;7;22;1
202000026648;154 695 369;7;0;1;3;15;2
202000026649;154 695 368;1;1;0;4;1;5
202000026650;154 695 366;7;0;2;5;24;2
202000026650;154 695 367;31;0;2;3;18;1
202000026651;154 695 364;30;0;2;1;1;1
202000026651;154 695 365;7;0;2;5;16;1
202000026652;154 695 363;10;0;1;5;16;1
202000026653;154 695 362;7;0;1;2;9;1
202000026654;154 695 359;7;1;0;2;9;1
202000026654;154 695 360;7;1;0;0;0;0
202000026654;154 695 361;14;0;2;3;1;1
202000026655;154 695 357;33;0;0;0;0;1
202000026655;154 695 358;10;0;2;3;15;0
202000026656;154 695 354;7;0;2;1;1;1
202000026656;154 695 355;7;0;2;4;1;1
202000026656;154 695 356;7;0;0;4;1;1
202000026657;154 695 353;30;0;1;1;0;0
202000026658;154 695 351;7;0;0;1;19;1
202000026658;154 695 352;7;0;0;2;1;1
202000026659;154 695 350;7;0;1;1;26;0
202000026660;154 695 349;7;0;1;2;1;1
202000026661;154 695 347;7;0;2;1;1;1
202000026661;154 695 348;7;0;2;8;1;1
202000026662;154 695 345;7;0;2;8;20;1
202000026662;154 695 346;33;0;2;1;1;1
202000026663;154 695 343;7;0;2;4;9;1
202000026663;154 695 344;32;0;2;1;2;1
202000026664;154 695 342;7;0;1;2;16;0
202000026665;154 695 341;7;0;1;2;1;0
202000026666;154 695 339;7;0;2;5;2;1
202000026666;154 695 340;7;0;2;0;2;0
202000026667;154 695 338;15;0;1;7;17;0
202000026668;154 695 337;7;0;1;1;19;1
202000026669;154 695 335;7;0;2;1;10;0
202000026669;154 695 336;7;0;2;1;2;1
202000026670;154 695 333;32;0;2;4;2;1
202000026670;154 695 334;7;0;2;1;1;1
202000026671;154 695 331;7;0;2;8;1;1
202000026671;154 695 332;7;0;2;3;1;1
202000026672;154 695 330;32;0;0;0;0;1
202000026673;154 695 329;7;1;0;2;14;1
202000026674;154 695 328;7;0;1;4;4;0
202000026675;154 695 326;1;0;0;0;0;0
202000026675;154 695 327;7;0;2;2;17;1
202000026676;154 695 324;7;0;9;3;11;1
202000026676;154 695 325;1;0;2;0;1;0
202000026677;154 695 322;7;0;9;8;9;1
202000026677;154 695 323;1;0;2;1;2;5
202000026678;154 695 320;7;5;2;3;0;1
202000026678;154 695 321;14;0;2;6;1;1
202000026679;154 695 319;7;2;0;3;1;1
202000026680;154 695 317;14;0;0;6;2;1
202000026680;154 695 318;7;0;2;2;2;1
202000026681;154 695 316;7;0;0;2;1;1
202000026682;154 695 314;7;0;2;2;2;1
202000026682;154 695 315;7;0;0;4;2;1
202000026683;154 695 312;7;0;2;1;0;1
202000026683;154 695 313;10;0;2;1;17;1
202000026684;154 695 311;7;0;1;2;19;0
202000026685;154 695 309;7;0;0;6;15;1
202000026685;154 695 310;7;0;2;3;15;1
202000026686;154 695 308;7;2;0;1;1;6
202000026687;154 695 306;7;0;2;1;13;1
202000026687;154 695 307;10;0;2;1;1;1
202000026688;154 695 304;7;0;2;3;1;1
202000026688;154 695 305;7;0;2;3;1;1
202000026689;154 695 303;36;0;0;0;0;1
202000026690;154 695 301;21;0;2;6;1;1
202000026690;154 695 302;7;0;2;1;1;1
202000026691;154 695 300;7;15;0;1;1;1
202000026692;154 695 299;7;14;0;1;1;1
202000026693;154 695 297;30;0;2;4;2;1
202000026693;154 695 298;7;0;2;1;2;1
202000026694;154 695 296;7;17;0;3;1;1
202000026695;154 695 294;7;0;2;3;1;1
202000026695;154 695 295;7;0;2;3;1;1
202000026696;154 695 292;7;8;2;3;21;1
202000026696;154 695 293;7;6;2;3;13;1
202000026697;154 695 291;7;0;1;2;1;1
202000026698;154 695 290;7;0;1;2;1;0
202000026699;154 695 289;7;2;0;8;14;1
202000026700;154 695 288;7;2;0;1;1;1
202000026701;154 695 287;2;0;0;1;1;1
202000026702;154 695 286;7;16;0;0;1;1
202000026703;154 695 284;20;0;0;6;1;1
202000026703;154 695 285;7;0;2;3;1;1
202000026704;154 695 283;10;15;0;1;1;1
202000026705;154 695 282;2;0;0;7;1;1
202000026706;154 695 281;7;0;0;0;1;0
202000026707;154 695 279;1;0;2;8;2;5
202000026707;154 695 280;10;0;9;5;17;1
202000026708;154 695 278;7;0;0;1;0;1
202000026709;154 695 277;7;9;0;1;1;1
202000026710;154 695 271;7;0;2;8;17;1
202000026710;154 695 272;7;0;2;3;21;1
202000026711;154 695 269;7;13;2;8;10;1
202000026711;154 695 270;15;0;2;2;1;1
202000026712;154 695 267;7;0;2;2;15;1
202000026712;154 695 268;2;0;2;1;1;1
202000026713;154 695 265;15;0;2;3;1;1
202000026713;154 695 266;7;0;2;3;13;1
202000026714;154 695 264;7;11;0;1;1;1
202000026715;154 695 262;7;0;2;0;1;1
202000026715;154 695 263;7;0;2;1;1;1
202000026716;154 695 260;7;0;2;3;13;1
202000026716;154 695 261;7;0;2;3;1;1
202000026717;154 695 259;7;0;1;2;1;1
202000026718;154 695 257;7;0;2;2;11;1
202000026718;154 695 258;7;0;2;2;12;1
202000026719;154 695 256;7;0;1;1;1;1
202000026720;154 695 255;7;2;0;1;1;1
202000026721;154 695 254;7;6;0;1;1;0
202000026722;154 695 252;33;0;2;2;9;1
202000026722;154 695 253;7;0;0;4;9;1
202000026723;154 695 250;7;0;2;1;1;1
202000026723;154 695 251;7;0;2;3;9;1
202000026724;154 695 247;15;0;2;8;2;0
202000026724;154 695 248;7;0;2;0;1;0
202000026724;154 695 249;7;0;2;0;5;0
202000026725;154 695 244;7;0;2;4;9;1
202000026725;154 695 245;7;0;2;2;2;1
202000026725;154 695 246;7;0;2;6;2;1
202000026726;154 695 242;10;0;2;2;1;1
202000026726;154 695 243;7;0;2;6;13;1
202000026727;154 695 239;15;0;2;3;9;1
202000026727;154 695 240;7;0;2;5;2;1
202000026727;154 695 241;7;0;2;4;2;1
202000026728;154 695 238;7;0;0;9;1;1
202000026729;154 695 236;7;0;2;2;12;1
202000026729;154 695 237;33;0;2;3;3;1
202000026730;154 695 234;7;0;2;1;5;1
202000026730;154 695 235;7;0;2;1;1;3
202000026731;154 695 228;33;0;2;1;3;1
202000026731;154 695 229;10;0;2;1;1;1
202000026731;154 695 230;7;0;2;1;1;1
202000026731;154 695 231;7;0;2;4;1;1
202000026731;154 695 232;7;0;2;1;1;1
202000026731;154 695 233;7;0;2;1;1;1
202000026732;154 695 225;10;0;2;4;2;1
202000026732;154 695 226;7;0;2;4;2;1
202000026732;154 695 227;7;0;2;1;2;1
202000026733;154 695 222;7;0;2;4;2;1
202000026733;154 695 223;7;0;2;4;2;1
202000026733;154 695 224;7;0;2;1;26;1
202000026734;154 695 220;7;0;2;6;23;1
202000026734;154 695 221;10;1;0;2;1;1
202000026735;154 695 217;7;0;2;4;23;1
202000026735;154 695 218;7;0;2;1;1;1
202000026735;154 695 219;7;0;2;4;23;1
202000026736;154 695 215;7;0;2;3;1;0
202000026736;154 695 216;33;0;2;2;2;0
202000026737;154 695 211;7;0;2;1;1;1
202000026737;154 695 212;21;0;2;2;19;1
202000026738;154 695 210;10;10;0;1;14;1
202000026739;154 695 209;31;0;0;8;21;1
202000026740;154 695 207;7;0;2;4;1;1
202000026740;154 695 208;2;0;2;1;1;1
202000026741;154 695 206;33;3;0;0;0;1
202000026742;154 695 204;1;0;0;4;1;5
202000026742;154 695 205;10;0;2;2;1;1
202000026743;154 695 201;7;10;2;4;23;1
202000026743;154 695 202;7;0;2;4;23;1
202000026743;154 695 203;7;1;0;1;2;1
202000026744;154 695 200;36;6;0;2;0;1
202000026745;154 695 198;7;0;2;3;1;1
202000026745;154 695 199;33;0;2;3;1;1
202000026746;154 695 196;2;0;2;1;15;1
202000026746;154 695 197;7;0;2;3;16;1
202000026747;154 695 194;33;6;2;1;17;0
202000026747;154 695 195;7;0;2;3;15;0
202000026748;154 695 193;33;13;0;8;14;1
202000026749;154 695 192;1;0;1;2;0;
202000026750;154 695 190;7;0;0;5;20;1
202000026750;154 695 191;2;0;2;1;18;3
202000026751;154 695 189;7;0;1;2;1;0
202000026752;154 695 188;7;2;0;9;21;1
202000026753;154 695 186;32;0;2;7;1;1
202000026753;154 695 187;7;0;2;3;26;1
202000026754;154 695 184;33;0;2;1;17;1
202000026754;154 695 185;21;0;0;6;15;1
202000026755;154 695 183;7;0;0;1;1;1
202000026756;154 695 182;7;13;0;1;13;0
202000026757;154 695 179;10;0;0;8;23;1
202000026757;154 695 180;7;0;2;5;1;1
202000026757;154 695 181;10;0;2;2;1;1
202000026758;154 695 177;17;0;9;2;23;1
202000026758;154 695 178;1;0;0;0;16;5
202000026759;154 695 175;1;0;2;1;1;5
202000026759;154 695 176;7;0;2;7;15;1
202000026760;154 695 173;7;0;2;1;5;1
202000026760;154 695 174;7;0;2;1;13;1
202000026761;154 695 171;7;0;2;3;1;1
202000026761;154 695 172;2;0;2;8;13;1
202000026762;154 695 168;15;0;2;0;1;1
202000026762;154 695 169;7;0;0;6;2;1
202000026762;154 695 170;32;0;2;0;17;1
202000026763;154 695 166;7;0;2;1;2;1
202000026763;154 695 167;7;0;2;4;2;1
202000026764;154 695 165;38;0;1;7;16;1
202000026765;154 695 162;7;0;0;4;2;1
202000026765;154 695 163;7;0;2;4;2;1
202000026765;154 695 164;33;0;2;4;2;1
202000026766;154 695 160;7;0;2;1;15;1
202000026766;154 695 161;7;0;2;1;1;1
202000026767;154 695 155;7;0;2;5;2;1
202000026767;154 695 156;7;0;0;4;2;1
202000026767;154 695 157;7;0;2;4;2;1
202000026767;154 695 158;7;0;2;4;2;1
202000026767;154 695 159;7;0;2;1;2;0
202000026768;154 695 153;15;0;2;2;1;1
202000026768;154 695 154;7;0;2;5;15;1
202000026769;154 695 152;1;0;0;0;1;5
202000026770;154 695 151;7;4;0;1;18;1
202000026771;154 695 149;7;0;2;4;4;1
202000026771;154 695 150;2;0;2;6;1;1
202000026772;154 695 145;7;0;2;2;13;1
202000026772;154 695 146;37;0;2;3;1;1
202000026773;154 695 143;7;0;2;3;2;6
202000026773;154 695 144;33;0;2;2;17;6
202000026774;154 695 141;7;0;0;4;1;1
202000026774;154 695 142;33;0;2;1;2;1
202000026775;154 695 140;33;0;0;8;1;1
202000026776;154 695 138;10;2;0;2;1;1
202000026777;154 695 137;7;0;1;1;1;1
202000026778;154 695 136;33;2;0;1;0;1
202000026779;154 695 135;33;7;0;0;0;1
202000026780;154 695 134;7;0;1;5;4;1
202000026781;154 695 128;7;0;2;3;1;1
202000026781;154 695 129;2;0;2;3;13;1
202000026782;154 695 126;7;0;2;8;21;1
202000026782;154 695 127;7;0;2;2;13;1
202000026783;154 695 124;15;0;9;5;17;1
202000026783;154 695 125;1;0;2;8;1;
202000026784;154 695 122;7;0;2;7;1;1
202000026784;154 695 123;7;0;2;7;19;1
202000026785;154 695 120;3;0;2;6;23;1
202000026785;154 695 121;10;0;2;1;2;1
202000026786;154 695 117;7;0;2;4;1;1
202000026786;154 695 118;33;0;2;1;1;1
202000026786;154 695 119;7;0;2;4;11;1
202000026787;154 695 115;14;0;2;4;0;0
202000026787;154 695 116;10;0;2;1;2;1
202000026788;154 695 113;10;0;2;4;2;1
202000026788;154 695 114;33;0;2;1;2;1
202000026789;154 695 112;7;0;0;9;1;1
202000026790;154 695 110;7;0;2;5;9;1
202000026790;154 695 111;34;0;2;1;9;1
202000026791;154 695 108;7;3;2;2;21;1
202000026791;154 695 109;7;0;2;6;1;1
202000026792;154 695 106;33;0;2;1;2;1
202000026792;154 695 107;7;0;2;6;1;1
202000026793;154 695 104;33;0;2;7;1;1
202000026793;154 695 105;10;0;2;8;11;1
202000026794;154 695 101;10;0;2;4;2;1
202000026794;154 695 102;10;0;2;4;2;1
202000026794;154 695 103;10;0;2;1;2;1
202000026795;154 695 099;7;0;2;5;1;1
202000026795;154 695 100;14;0;2;3;11;1
202000026796;154 695 097;7;4;2;5;2;1
202000026796;154 695 098;7;0;2;1;2;1
202000026797;154 695 095;33;0;2;1;1;1
202000026797;154 695 096;7;0;2;4;1;1
202000026798;154 695 093;7;0;2;1;1;1
202000026798;154 695 094;7;0;0;4;23;1
202000026799;154 695 092;10;0;1;3;1;1
202000026800;154 695 091;33;4;0;2;13;1
202000026801;154 695 090;7;0;0;9;14;1
202000026802;154 695 088;10;0;2;7;15;1
202000026802;154 695 089;32;0;2;1;1;1
202000026803;154 695 087;10;12;9;2;16;0
202000026804;154 695 085;2;0;2;1;1;6
202000026804;154 695 086;10;0;2;7;9;6
202000026805;154 695 084;1;0;0;0;1;5
202000026806;154 695 083;7;2;0;3;19;1
202000026807;154 695 082;31;0;0;0;13;1
202000026808;154 695 081;33;3;0;1;13;1
202000026809;154 695 079;7;0;2;4;0;0
202000026809;154 695 080;32;0;2;1;26;0
202000026810;154 695 078;7;9;0;3;17;1
202000026811;154 695 076;7;0;2;1;1;0
202000026811;154 695 077;99;0;2;0;0;0
202000026812;154 695 074;10;0;2;1;15;1
202000026812;154 695 075;10;0;2;1;1;1
202000026813;154 695 072;7;6;2;8;19;1
202000026813;154 695 073;7;0;2;1;1;0
202000026814;154 695 070;30;0;2;1;1;1
202000026814;154 695 071;7;0;2;7;1;1
202000026815;154 695 068;7;0;2;1;1;1
202000026815;154 695 069;0;0;2;1;26;0
202000026816;154 695 065;7;0;2;1;1;0
202000026816;154 695 066;7;0;2;4;2;0
202000026816;154 695 067;7;0;2;4;2;1
202000026817;154 695 064;7;15;0;1;26;1
202000026818;154 695 062;0;0;2;0;0;0
202000026818;154 695 063;50;0;0;2;2;3
202000026819;154 695 059;7;3;2;3;0;1
202000026819;154 695 060;2;0;2;5;1;1
202000026819;154 695 061;7;0;2;6;1;1
202000026820;154 695 057;30;0;2;0;1;1
202000026820;154 695 058;7;0;2;2;1;1
202000026821;154 695 056;7;1;1;7;0;1
202000026822;154 695 055;7;1;0;3;14;1
202000026823;154 695 054;7;1;0;1;1;1
202000026824;154 695 052;7;0;2;6;1;1
202000026824;154 695 053;7;0;2;1;2;3
202000026825;154 695 050;7;0;2;1;1;1
202000026825;154 695 051;7;0;2;1;15;1
202000026826;154 695 049;33;15;0;1;1;1
202000026827;154 695 047;7;0;2;1;1;1
202000026827;154 695 048;7;0;2;2;19;1
202000026828;154 695 046;7;7;0;1;13;1
202000026829;154 695 044;7;0;0;8;13;1
202000026829;154 695 045;7;0;2;2;17;1
202000026830;154 695 042;30;0;2;1;1;1
202000026830;154 695 043;7;0;2;8;1;1
202000026831;154 695 040;7;0;2;3;15;0
202000026831;154 695 041;7;0;2;3;1;0
202000026832;154 695 038;7;0;2;3;16;1
202000026832;154 695 039;7;0;2;8;23;1
202000026833;154 695 036;32;1;0;1;1;1
202000026833;154 695 037;7;1;0;2;15;1
202000026834;154 695 034;7;0;2;3;9;1
202000026834;154 695 035;1;0;2;4;1;5
202000026835;154 695 032;7;0;2;2;12;0
202000026835;154 695 033;31;0;2;8;1;1
202000026836;154 695 029;7;0;2;4;1;1
202000026836;154 695 030;33;0;2;1;1;1
202000026836;154 695 031;7;0;2;4;1;1
202000026837;154 695 028;33;0;0;7;1;0
202000026838;154 695 026;33;1;2;1;1;1
202000026838;154 695 027;33;0;2;4;2;1
202000026839;154 695 025;10;0;1;1;1;1
202000026840;154 695 023;32;0;2;1;16;1
202000026840;154 695 024;7;0;2;2;1;1
202000026841;154 695 021;7;0;2;6;15;1
202000026841;154 695 022;1;0;2;1;1;5
202000026842;154 695 020;1;0;0;0;1;5
202000026843;154 695 018;10;0;2;7;20;1
202000026843;154 695 019;32;0;2;3;18;1
202000026844;154 695 017;7;4;0;1;14;1
202000026845;154 695 015;1;0;2;1;1;5
202000026845;154 695 016;1;0;2;1;13;5
202000026846;154 695 013;43;0;2;3;1;1
202000026846;154 695 014;7;0;2;3;15;1
202000026847;154 695 011;1;0;2;3;1;5
202000026847;154 695 012;1;0;2;3;11;5
202000026848;154 695 009;32;0;2;2;1;1
202000026848;154 695 010;1;0;2;8;15;5
202000026849;154 695 008;7;0;1;0;2;1
202000026850;154 695 006;2;0;2;1;0;6
202000026850;154 695 007;7;0;2;3;26;6
202000026851;154 695 004;7;0;2;1;1;1
202000026851;154 695 005;1;0;2;1;1;0
202000026852;154 695 002;7;0;2;1;1;0
202000026852;154 695 003;7;9;2;8;26;1
202000026853;154 695 000;7;0;1;2;15;0
202000026853;154 695 001;1;0;2;1;1;0
202000026854;154 694 998;30;0;2;1;10;1
202000026854;154 694 999;34;0;2;3;1;1
202000026855;154 694 996;10;0;9;4;4;1
202000026855;154 694 997;50;0;2;1;2;3
202000026856;154 694 995;7;0;1;1;15;1
202000026857;154 694 993;1;0;2;8;1;5
202000026857;154 694 994;7;0;9;3;1;1
202000026858;154 694 991;32;0;1;1;1;1
202000026859;154 694 990;7;0;0;0;1;0
202000026860;154 694 989;33;16;0;8;1;1
202000026861;154 694 988;33;16;0;0;0;0
202000026862;154 694 986;1;0;2;8;2;5
202000026862;154 694 987;7;0;9;7;2;1
202000026863;154 694 984;7;0;2;4;2;1
202000026863;154 694 985;7;0;2;1;2;1
202000026864;154 694 983;7;3;9;3;2;1
202000026865;154 694 980;37;13;0;7;14;1
202000026866;154 694 978;7;0;2;1;1;1
202000026866;154 694 979;33;0;0;4;1;1
202000026867;154 694 976;10;0;2;3;13;6
202000026867;154 694 977;10;0;2;3;1;0
202000026868;154 694 974;2;0;2;4;1;0
202000026868;154 694 975;7;0;9;1;0;0
202000026869;154 694 972;7;0;2;1;1;1
202000026869;154 694 973;2;0;2;1;5;1
202000026870;154 694 970;7;0;2;1;1;1
202000026870;154 694 971;50;0;2;7;19;3
202000026871;154 694 969;7;7;0;1;1;1
202000026872;154 694 967;7;0;2;3;2;0
202000026872;154 694 968;33;0;2;4;2;0
202000026873;154 694 965;7;0;2;7;17;1
202000026873;154 694 966;1;0;0;8;1;5
202000026874;154 694 963;33;0;2;1;1;1
202000026874;154 694 964;7;0;2;2;15;1
202000026875;154 694 961;33;0;2;1;17;1
202000026875;154 694 962;7;0;2;3;1;1
202000026876;154 694 960;2;9;0;1;1;1
202000026877;154 694 959;7;2;0;0;1;1
202000026878;154 694 958;7;2;0;7;0;1
202000026879;154 694 957;7;8;0;1;1;1
202000026880;154 694 956;33;16;0;7;1;1
202000026881;154 694 955;7;6;0;3;13;1
202000026882;154 694 953;7;0;2;2;13;1
202000026882;154 694 954;33;0;2;1;1;1
202000026883;154 694 952;31;3;0;6;15;1
202000026884;154 694 950;2;0;2;1;1;1
202000026884;154 694 951;7;0;0;6;1;1
202000026885;154 694 949;7;13;0;1;1;0
202000026886;154 694 948;7;13;0;3;1;1
202000026887;154 694 946;33;0;2;1;1;1
202000026887;154 694 947;7;0;2;7;15;1
202000026888;154 694 944;7;0;2;1;1;1
202000026888;154 694 945;7;0;2;7;19;1
202000026889;154 694 942;7;0;0;5;2;1
202000026889;154 694 943;33;0;2;0;2;1
202000026890;154 694 941;30;0;0;0;1;1
202000026891;154 694 940;7;13;0;1;1;1
202000026892;154 694 938;2;0;2;3;21;1
202000026892;154 694 939;7;0;2;3;13;1