Num_Acc;id_vehicule;categorie_vehicule;obstacle_fixe;obstacle_mobile;point_choc_initial;manoeuvre_principale;motorisation
202000027255;154 694 324;50;0;2;3;1;3
202000027255;154 694 325;1;0;2;8;10;5
202000027256;154 694 318;7;0;2;2;16;1
202000027256;154 694 320;2;0;2;1;2;1
202000027257;154 694 317;2;0;0;0;1;1
202000027258;154 694 316;31;0;0;1;17;1
202000027258;154 694 319;7;0;2;2;15;1
202000027259;154 694 314;1;0;2;8;1;5
202000027259;154 694 315;7;0;2;1;15;1
202000027260;154 694 310;7;2;0;1;13;1
202000027261;154 694 311;7;13;0;3;1;1
202000027262;154 694 306;7;0;2;1;1;1
202000027262;154 694 308;37;0;2;4;2;1
202000027263;154 694 309;1;0;1;1;1;5
202000027264;154 694 312;31;0;2;4;15;1
202000027264;154 694 313;7;0;2;2;15;1
202000027265;154 694 305;10;0;0;4;15;1
202000027265;154 694 307;2;0;2;1;1;1
202000027266;154 694 302;7;0;2;3;9;1
202000027266;154 694 304;80;0;2;7;1;3
202000027267;154 694 299;10;0;2;5;15;1
202000027267;154 694 301;10;0;2;1;1;0
202000027268;154 694 297;7;0;2;1;1;1
202000027268;154 694 303;7;0;2;8;1;1
202000027269;154 694 300;7;13;0;1;1;1
202000027270;154 694 296;33;0;2;6;12;1
202000027270;154 694 298;33;0;2;2;12;1
202000027271;154 694 293;80;0;2;7;5;3
202000027271;154 694 295;31;0;2;1;1;1
202000027272;154 694 292;3;0;2;7;15;0
202000027272;154 694 294;2;0;2;8;1;0
202000027273;154 694 289;1;0;2;0;13;5
202000027273;154 694 291;7;0;9;7;17;1
202000027274;154 694 290;32;1;0;3;13;1
202000027275;154 694 287;7;0;0;2;26;1
202000027276;154 694 288;1;0;0;0;1;5
202000027277;154 694 286;7;3;0;1;16;0
202000027278;154 694 285;7;0;1;2;1;0
202000027279;154 694 283;7;0;2;3;1;1
202000027279;154 694 284;7;0;2;3;0;1
202000027280;154 694 281;7;0;2;4;0;1
202000027280;154 694 282;7;0;2;1;26;1
202000027281;154 694 279;33;0;2;7;1;1
202000027281;154 694 280;7;0;2;3;19;1
202000027282;154 694 278;34;11;0;1;13;1
202000027283;154 694 273;7;6;0;1;1;1
202000027284;154 694 274;7;0;2;4;0;1
202000027284;154 694 276;7;0;2;1;2;1
202000027284;154 694 277;7;0;2;4;0;1
202000027285;154 694 272;43;12;0;8;13;1
202000027286;154 694 275;34;0;0;0;1;1
202000027287;154 694 271;7;8;0;1;1;1
202000027288;154 694 270;30;0;1;0;25;1
202000027289;154 694 269;10;0;1;3;15;0
202000027290;154 694 265;32;0;2;3;9;1
202000027290;154 694 266;7;0;2;2;12;1
202000027291;154 694 264;7;9;0;2;14;1
202000027292;154 694 263;30;0;2;1;13;1
202000027292;154 694 268;7;0;2;2;1;1
202000027293;154 694 262;33;0;2;0;1;1
202000027293;154 694 267;7;0;2;8;9;1
202000027294;154 694 261;7;13;0;9;1;1
202000027295;154 694 260;10;6;0;1;1;0
202000027296;154 694 256;33;0;2;1;1;1
202000027296;154 694 258;7;0;2;1;15;1
202000027297;154 694 255;7;0;1;5;4;1
202000027298;154 694 257;7;0;2;4;1;1
202000027298;154 694 259;7;0;2;4;1;1
202000027299;154 694 253;7;0;2;9;17;1
202000027299;154 694 254;7;0;2;9;1;1
202000027300;154 694 248;7;0;2;3;26;1
202000027300;154 694 252;38;0;2;3;1;1
202000027301;154 694 245;7;1;2;2;17;1
202000027301;154 694 249;7;0;2;3;15;1
202000027302;154 694 244;33;0;1;1;1;1
202000027303;154 694 242;7;0;2;6;0;1
202000027303;154 694 243;34;0;2;1;26;1
202000027304;154 694 246;7;0;2;1;1;0
202000027304;154 694 250;7;0;2;1;0;0
202000027305;154 694 241;1;0;0;8;1;5
202000027306;154 694 240;37;0;1;3;15;1
202000027307;154 694 236;7;13;0;2;1;1
202000027308;154 694 237;33;0;6;1;0;1
202000027309;154 694 238;32;0;2;1;1;1
202000027309;154 694 239;7;0;2;7;15;1
202000027310;154 694 235;10;0;1;3;1;1
202000027311;154 694 230;7;0;0;4;2;1
202000027311;154 694 232;7;0;2;1;2;1
202000027312;154 694 229;7;0;2;5;15;1
202000027312;154 694 233;7;0;2;3;1;1
202000027313;154 694 228;7;0;2;2;13;1
202000027313;154 694 234;7;0;2;1;21;1
202000027314;154 694 227;7;0;2;2;1;1
202000027314;154 694 231;7;0;2;8;20;1
202000027315;154 694 225;33;0;2;1;1;1
202000027315;154 694 226;7;0;2;6;10;1
202000027316;154 694 224;7;2;0;3;1;1
202000027317;154 694 218;7;8;0;1;1;1
202000027318;154 694 220;7;7;0;9;17;1
202000027319;154 694 221;7;0;2;2;1;1
202000027319;154 694 222;33;1;0;1;3;1
202000027319;154 694 223;17;0;2;6;23;6
202000027320;154 694 217;7;0;2;1;1;0
202000027320;154 694 219;7;0;2;3;0;1
202000027321;154 694 213;20;0;0;8;15;1
202000027321;154 694 215;33;0;2;1;17;1
202000027322;154 694 214;7;0;2;1;15;0
202000027322;154 694 216;7;0;2;3;1;0
202000027323;154 694 210;7;0;2;6;23;1
202000027323;154 694 212;0;0;2;1;2;0
202000027324;154 694 209;1;0;2;4;1;5
202000027324;154 694 211;7;0;2;7;9;1
202000027325;154 694 207;33;0;1;1;21;1
202000027326;154 694 206;7;0;2;3;13;1
202000027326;154 694 208;1;0;2;1;1;5
202000027327;154 694 201;10;0;2;2;1;4
202000027327;154 694 205;10;0;2;1;16;0
202000027328;154 694 202;33;17;0;9;1;1
202000027329;154 694 203;7;0;1;2;16;1
202000027330;154 694 200;7;0;0;3;1;0
202000027330;154 694 204;7;0;0;3;1;1
202000027331;154 694 198;2;0;2;4;1;1
202000027331;154 694 199;13;0;2;4;21;1
202000027332;154 694 195;7;0;2;3;0;1
202000027332;154 694 196;7;0;2;3;13;1
202000027333;154 694 190;33;4;2;0;21;1
202000027333;154 694 194;7;0;2;0;17;0
202000027334;154 694 192;33;0;2;1;1;1
202000027334;154 694 197;7;0;2;2;15;1
202000027335;154 694 193;7;13;0;1;13;1
202000027336;154 694 191;7;0;1;1;17;1
202000027337;154 694 188;7;1;2;8;21;1
202000027337;154 694 189;10;0;2;3;15;1
202000027338;154 694 187;37;0;1;2;1;1
202000027339;154 694 185;7;0;0;3;1;1
202000027339;154 694 186;10;0;0;7;23;1
202000027340;154 694 184;7;0;1;3;15;1
202000027341;154 694 182;7;15;2;5;20;1
202000027341;154 694 183;7;0;2;0;0;0
202000027342;154 694 177;7;0;0;4;1;1
202000027342;154 694 179;7;0;2;2;21;1
202000027343;154 694 178;7;0;1;2;2;1
202000027344;154 694 176;30;0;0;7;0;1
202000027345;154 694 173;33;0;2;2;17;1
202000027345;154 694 175;7;0;2;6;15;1
202000027346;154 694 174;33;0;0;1;0;1
202000027347;154 694 171;60;0;2;7;1;5
202000027347;154 694 172;7;0;9;8;9;1
202000027348;154 694 166;32;0;0;4;23;1
202000027348;154 694 169;7;0;2;1;1;1
202000027349;154 694 167;33;0;0;1;1;1
202000027350;154 694 168;7;0;2;2;1;1
202000027350;154 694 170;7;8;2;1;6;1
202000027351;154 694 165;7;1;1;2;21;1
202000027352;154 694 161;7;0;0;0;0;0
202000027352;154 694 162;7;3;2;6;17;1
202000027352;154 694 164;17;0;2;8;2;1
202000027353;154 694 157;7;0;2;1;1;1
202000027353;154 694 160;7;0;2;1;1;1
202000027353;154 694 163;7;3;2;1;13;1
202000027354;154 694 155;7;4;2;8;1;1
202000027354;154 694 158;99;0;2;0;0;0
202000027355;154 694 156;7;0;2;8;13;1
202000027355;154 694 159;30;0;2;7;1;1
202000027356;154 694 153;17;0;2;4;2;1
202000027356;154 694 154;7;0;2;1;2;1
202000027357;154 694 146;7;0;2;4;23;1
202000027357;154 694 150;7;0;2;1;1;1
202000027358;154 694 147;1;0;2;3;19;5
202000027358;154 694 151;7;0;2;1;1;1
202000027359;154 694 149;7;0;2;8;15;1
202000027359;154 694 152;30;0;2;1;17;1
202000027360;154 694 142;7;0;1;1;16;1
202000027361;154 694 145;7;0;2;1;14;1
202000027361;154 694 148;7;0;2;3;23;1
202000027362;154 694 143;7;0;2;4;2;1
202000027362;154 694 144;7;0;2;1;2;1
202000027363;154 694 141;7;8;1;7;1;1
202000027364;154 694 138;2;0;1;1;1;1
202000027365;154 694 135;7;0;1;1;1;1
202000027366;154 694 137;7;4;0;4;1;1
202000027366;154 694 140;7;0;2;1;3;1
202000027367;154 694 134;7;0;2;3;1;1
202000027367;154 694 136;7;0;2;1;10;1
202000027368;154 694 133;7;0;1;2;1;1
202000027369;154 694 131;32;0;2;2;1;1
202000027369;154 694 132;7;0;2;3;15;1
202000027370;154 694 129;7;0;2;5;1;1
202000027370;154 694 130;33;0;2;1;14;1
202000027371;154 694 127;7;0;1;1;1;1
202000027372;154 694 125;7;11;0;2;16;1
202000027373;154 694 121;7;0;2;7;15;1
202000027373;154 694 123;33;0;2;1;1;1
202000027374;154 694 120;7;0;2;3;15;0
202000027374;154 694 124;2;0;2;1;1;0
202000027375;154 694 122;10;0;0;0;12;1
202000027375;154 694 126;33;0;0;8;3;1
202000027376;154 694 114;10;0;2;4;1;1
202000027376;154 694 115;10;0;2;1;1;1
202000027377;154 694 117;7;0;2;3;9;0
202000027377;154 694 119;2;0;2;1;1;1
202000027378;154 694 118;7;6;1;3;5;1
202000027379;154 694 113;7;0;2;3;1;0
202000027379;154 694 116;1;0;2;2;1;6
202000027380;154 694 108;32;0;2;1;17;1
202000027380;154 694 109;7;0;2;4;11;1
202000027381;154 694 107;7;0;1;5;16;1
202000027382;154 694 105;7;2;0;7;13;1
202000027383;154 694 106;33;0;1;0;1;1
202000027384;154 694 110;7;0;2;7;12;1
202000027384;154 694 111;7;0;2;6;1;1
202000027384;154 694 112;33;0;2;1;3;1
202000027385;154 694 101;7;0;1;1;26;0
202000027386;154 694 097;7;0;2;1;2;1
202000027386;154 694 100;7;0;2;4;2;1
202000027386;154 694 104;10;0;2;1;2;1
202000027387;154 694 099;7;0;2;1;15;1
202000027387;154 694 102;33;0;2;7;1;1
202000027388;154 694 103;31;14;0;1;0;1
202000027389;154 694 096;30;0;2;1;1;1
202000027389;154 694 098;7;0;2;1;15;1
202000027390;154 694 095;7;2;0;2;0;1
202000027391;154 694 094;7;4;0;1;1;1
202000027392;154 694 093;7;9;0;1;7;1
202000027393;154 694 087;7;0;2;4;1;1
202000027393;154 694 090;10;0;2;1;1;1
202000027394;154 694 089;7;0;2;4;1;1
202000027394;154 694 091;7;0;2;1;2;1
202000027395;154 694 088;7;0;2;6;19;1
202000027395;154 694 092;2;0;2;1;1;1
202000027396;154 694 085;30;0;2;1;0;1
202000027396;154 694 086;7;0;2;1;26;1
202000027397;154 694 082;32;4;0;7;15;1
202000027398;154 694 081;1;0;2;1;1;5
202000027398;154 694 083;7;0;2;3;16;1
202000027399;154 694 079;1;0;2;1;9;6
202000027399;154 694 080;7;0;9;3;9;1
202000027400;154 694 078;33;0;2;3;3;1
202000027400;154 694 084;10;0;2;7;12;1
202000027401;154 694 071;10;0;2;3;1;1
202000027401;154 694 073;10;0;2;1;1;1
202000027401;154 694 074;7;0;2;4;1;1
202000027401;154 694 076;7;0;2;4;1;1
202000027401;154 694 077;13;0;2;1;11;1
202000027402;154 694 067;7;0;2;1;1;1
202000027403;154 694 068;7;0;2;1;26;1
202000027403;154 694 072;7;0;2;8;26;1
202000027404;154 694 066;7;0;2;1;2;1
202000027404;154 694 069;10;0;2;4;2;1
202000027405;154 694 070;33;0;2;1;3;1
202000027405;154 694 075;7;0;2;3;15;1
202000027406;154 694 062;7;0;2;0;0;0
202000027406;154 694 063;13;0;2;1;21;0
202000027406;154 694 064;10;0;2;1;21;1
202000027406;154 694 065;7;0;2;1;21;0
202000027407;154 694 061;7;0;1;2;2;1
202000027408;154 694 060;99;6;0;2;14;1
202000027409;154 694 058;7;4;0;1;13;1
202000027410;154 694 059;7;0;1;1;1;1
202000027411;154 694 057;7;1;0;4;20;1
202000027412;154 694 055;32;0;2;1;1;1
202000027413;154 694 052;10;0;1;4;4;1
202000027414;154 694 053;10;0;1;0;0;1
202000027415;154 694 051;7;0;1;1;1;1
202000027416;154 694 045;30;0;2;3;1;1
202000027416;154 694 047;7;0;2;2;16;1
202000027417;154 694 048;7;0;2;1;1;1
202000027417;154 694 049;10;0;2;3;10;1
202000027418;154 694 050;7;0;2;1;0;1
202000027418;154 694 054;7;0;2;0;0;1
202000027419;154 694 044;7;0;2;4;1;1
202000027419;154 694 046;7;0;2;1;2;1
202000027420;154 694 041;32;0;2;1;1;1
202000027420;154 694 043;7;0;2;5;1;1
202000027421;154 694 040;50;0;2;1;15;3
202000027421;154 694 042;7;0;2;2;1;1
202000027422;154 694 039;30;15;0;2;18;1
202000027423;154 694 037;2;0;2;7;1;1
202000027423;154 694 038;7;0;2;0;0;1
202000027424;154 694 034;7;0;1;2;1;1
202000027425;154 694 032;7;0;2;3;2;1
202000027425;154 694 036;7;0;2;3;11;1
202000027426;154 694 033;7;0;2;5;15;1
202000027426;154 694 035;7;8;2;1;1;1
202000027427;154 694 029;99;0;2;1;26;3
202000027428;154 694 026;7;0;1;4;23;1
202000027428;154 694 030;10;0;2;1;2;1
202000027429;154 694 021;7;0;2;2;26;0
202000027429;154 694 023;7;1;2;3;9;1
202000027430;154 694 025;2;0;2;1;1;1
202000027430;154 694 027;2;0;2;1;1;1
202000027430;154 694 028;2;0;2;1;1;1
202000027430;154 694 031;7;0;2;7;13;1
202000027431;154 694 019;1;0;2;7;26;5
202000027431;154 694 024;7;0;2;1;9;0
202000027432;154 694 018;7;0;1;4;26;1
202000027433;154 694 020;32;0;2;2;11;1
202000027433;154 694 022;7;0;2;8;11;1
202000027434;154 694 016;7;0;9;7;13;1
202000027434;154 694 017;1;0;2;1;1;5
202000027435;154 694 015;33;1;0;2;26;1
202000027436;154 694 013;17;0;2;3;14;1
202000027436;154 694 014;7;0;2;8;18;1
202000027437;154 694 011;37;13;0;2;1;1
202000027438;154 694 012;7;12;0;3;21;1
202000027439;154 694 009;7;0;1;3;1;1
202000027440;154 694 008;7;0;2;3;1;1
202000027440;154 694 010;7;0;2;1;1;1
202000027441;154 694 007;7;1;0;1;13;1
202000027442;154 694 006;7;6;0;1;19;0
202000027443;154 694 003;7;0;2;4;15;1
202000027443;154 694 004;7;0;2;1;1;1
202000027444;154 694 001;2;0;0;8;1;1
202000027445;154 693 999;7;0;2;8;5;0
202000027445;154 694 002;7;0;2;1;2;1
202000027445;154 694 005;15;0;2;8;1;1
202000027446;154 694 000;7;6;0;1;26;1
202000027447;154 693 994;7;0;2;4;1;1
202000027447;154 693 996;7;0;2;1;1;1
202000027448;154 693 993;0;0;1;0;0;0
202000027449;154 693 991;10;6;0;2;16;1
202000027450;154 693 990;10;0;2;6;15;1
202000027450;154 693 992;7;0;2;1;1;1
202000027451;154 693 987;7;0;2;1;1;1
202000027451;154 693 989;7;0;2;7;1;1
202000027452;154 693 986;7;0;2;2;2;1
202000027452;154 693 988;1;0;2;4;1;5
202000027453;154 693 983;7;0;2;1;2;1
202000027453;154 693 984;7;0;2;4;2;1
202000027453;154 693 985;7;0;2;5;2;1
202000027454;154 693 981;7;15;0;2;14;1
202000027455;154 693 980;7;0;2;1;1;1
202000027455;154 693 982;7;0;2;3;13;1
202000027456;154 693 979;1;0;0;0;1;5
202000027457;154 693 977;7;0;1;4;20;1
202000027458;154 693 976;7;0;0;1;1;1
202000027459;154 693 975;10;0;1;4;4;1
202000027460;154 693 974;7;0;1;1;1;1
202000027461;154 693 972;7;1;0;1;1;1
202000027461;154 693 973;14;0;2;4;24;1
202000027462;154 693 970;7;0;1;1;17;1
202000027463;154 693 969;7;0;2;2;1;1
202000027463;154 693 971;1;0;0;0;0;5
202000027464;154 693 967;7;0;2;5;1;1
202000027464;154 693 968;7;0;2;2;2;1
202000027465;154 693 963;7;0;2;1;19;1
202000027465;154 693 966;7;0;2;9;7;1
202000027466;154 693 962;50;12;0;1;0;3
202000027467;154 693 964;7;0;2;1;1;1
202000027467;154 693 965;1;0;2;7;15;5
202000027468;154 693 961;7;0;1;4;9;0
202000027469;154 693 957;7;0;2;3;16;1
202000027469;154 693 960;37;0;2;1;1;1
202000027470;154 693 956;7;0;0;0;0;1
202000027470;154 693 959;7;0;1;1;1;1
202000027471;154 693 955;30;0;2;7;16;1
202000027471;154 693 958;7;0;2;3;1;1
202000027472;154 693 954;2;0;0;8;1;1
202000027473;154 693 953;7;15;0;1;1;1
202000027474;154 693 951;7;0;1;3;1;1
202000027475;154 693 952;7;4;0;3;1;1
202000027476;154 693 948;1;0;2;1;1;5
202000027476;154 693 950;7;0;2;1;15;1
202000027477;154 693 946;31;1;2;3;21;1
202000027477;154 693 949;1;1;2;2;12;5
202000027478;154 693 945;7;0;2;1;2;1
202000027478;154 693 947;7;0;2;4;2;1
202000027479;154 693 942;1;0;1;3;19;5
202000027480;154 693 943;7;0;2;4;1;0
202000027480;154 693 944;7;0;2;1;1;0
202000027481;154 693 941;7;0;1;4;20;1
202000027482;154 693 940;7;2;0;3;14;1
202000027483;154 693 938;31;0;2;1;19;1
202000027483;154 693 939;10;0;2;7;19;1
202000027484;154 693 937;7;0;1;1;1;1
202000027485;154 693 936;30;0;0;8;1;1
202000027486;154 693 935;7;0;1;2;9;1
202000027487;154 693 932;1;0;2;2;14;0
202000027487;154 693 934;10;0;2;3;9;1
202000027488;154 693 930;7;0;1;0;1;1
202000027489;154 693 931;7;0;2;1;15;1
202000027489;154 693 933;7;0;2;1;1;1
202000027490;154 693 925;7;0;4;6;9;1
202000027490;154 693 929;40;0;2;1;1;2
202000027491;154 693 924;7;0;2;4;1;1
202000027491;154 693 926;7;0;2;4;1;1
202000027491;154 693 927;7;0;2;4;1;1
202000027492;154 693 923;7;0;2;3;9;1
202000027492;154 693 928;30;0;2;7;1;1
202000027493;154 693 920;99;0;0;0;26;1
202000027494;154 693 918;7;6;0;1;2;0
202000027495;154 693 919;7;0;2;4;23;0
202000027495;154 693 921;7;0;2;4;23;0
202000027495;154 693 922;7;0;2;1;2;1
202000027496;154 693 915;7;0;1;1;16;1
202000027497;154 693 916;7;0;0;0;0;0
202000027497;154 693 917;33;0;2;1;1;1
202000027498;154 693 914;0;0;1;2;19;0
202000027499;154 693 913;7;0;1;3;26;1
202000027500;154 693 911;30;11;0;1;1;1
202000027501;154 693 912;7;8;0;1;1;1
202000027502;154 693 910;34;0;1;1;1;0
202000027503;154 693 906;50;0;1;1;7;3
202000027504;154 693 904;50;0;2;3;1;3
202000027504;154 693 905;7;0;2;7;16;0
202000027505;154 693 900;1;0;2;6;1;5
202000027505;154 693 903;10;0;2;2;16;1
202000027506;154 693 901;7;0;2;1;2;1
202000027506;154 693 908;7;0;2;4;2;1
202000027506;154 693 909;7;0;2;4;16;1
202000027507;154 693 902;33;0;4;3;1;1
202000027507;154 693 907;40;0;2;2;1;3
202000027508;154 693 895;31;0;1;1;1;1
202000027509;154 693 894;31;0;1;2;1;1
202000027510;154 693 893;7;0;1;4;20;1
202000027511;154 693 896;2;0;2;1;1;1
202000027511;154 693 897;7;0;2;7;15;1
202000027512;154 693 890;7;0;2;1;23;0
202000027512;154 693 891;7;0;2;0;26;6
202000027512;154 693 892;7;0;2;4;23;0
202000027513;154 693 888;7;0;1;2;1;1
202000027514;154 693 886;30;0;2;1;1;0
202000027514;154 693 889;7;0;0;4;1;0
202000027515;154 693 898;7;0;1;1;17;1
202000027516;154 693 884;7;0;2;7;26;1
202000027516;154 693 887;3;0;2;1;1;0
202000027517;154 693 883;7;0;2;1;1;1
202000027517;154 693 885;10;0;2;3;15;1
202000027518;154 693 878;2;15;0;1;0;1
202000027519;154 693 881;1;0;2;1;1;5
202000027519;154 693 882;7;0;2;6;9;1
202000027520;154 693 880;43;0;1;1;1;1
202000027521;154 693 877;31;0;2;8;1;1
202000027521;154 693 879;7;0;2;8;26;1
202000027522;154 693 875;7;0;1;1;19;1
202000027523;154 693 874;7;0;1;3;9;0
202000027524;154 693 873;7;3;0;1;26;0
202000027525;154 693 870;33;0;2;2;1;1
202000027525;154 693 872;7;0;2;3;11;1
202000027526;154 693 869;1;0;2;5;1;5
202000027526;154 693 871;10;0;2;2;1;1
202000027527;154 693 867;30;0;0;7;16;1
202000027528;154 693 866;10;0;1;3;15;1
202000027529;154 693 865;99;0;1;0;5;0
202000027530;154 693 868;7;0;2;7;2;1
202000027530;154 693 876;7;0;2;1;1;1
202000027531;154 693 860;7;0;2;2;14;1
202000027531;154 693 862;7;9;0;9;1;1
202000027532;154 693 861;7;0;2;3;15;1
202000027532;154 693 863;7;0;2;1;17;1
202000027533;154 693 864;7;0;1;7;1;1
202000027534;154 693 855;7;0;2;4;2;1
202000027534;154 693 856;7;0;9;2;1;1
202000027534;154 693 857;7;0;9;3;1;1
202000027534;154 693 858;7;0;1;1;2;1
202000027534;154 693 859;7;0;2;2;18;1
202000027535;154 693 850;7;0;2;1;15;1
202000027535;154 693 854;30;0;2;1;1;1
202000027536;154 693 848;7;0;9;3;9;1
202000027536;154 693 853;1;0;2;2;1;5
202000027537;154 693 847;7;8;2;1;19;1
202000027537;154 693 852;7;8;2;7;19;1
202000027538;154 693 843;2;0;0;0;1;1
202000027539;154 693 842;7;14;2;1;1;1
202000027539;154 693 844;30;0;2;1;2;1
202000027540;154 693 841;17;0;1;0;16;1
202000027541;154 693 837;7;0;2;3;2;1
202000027541;154 693 838;7;0;2;6;0;1
202000027541;154 693 839;7;0;2;5;0;1
202000027542;154 693 835;33;0;2;1;1;1
202000027542;154 693 836;7;0;2;3;19;1
202000027543;154 693 849;7;0;2;0;0;1
202000027543;154 693 851;7;0;2;0;0;1
202000027544;154 693 845;10;0;2;3;9;1
202000027544;154 693 846;10;0;2;2;1;1
202000027545;154 693 840;7;8;0;1;15;0
202000027546;154 693 834;7;4;0;9;1;1
202000027547;154 693 826;17;0;2;4;2;0
202000027547;154 693 829;7;0;2;1;2;0
202000027547;154 693 830;17;0;2;1;5;0
202000027547;154 693 832;7;0;2;1;2;1
202000027548;154 693 825;3;0;2;1;2;1
202000027548;154 693 833;7;0;2;4;1;1
202000027549;154 693 828;7;0;2;1;15;1
202000027549;154 693 831;33;0;2;1;1;1
202000027550;154 693 823;1;0;2;5;1;5
202000027550;154 693 827;10;0;2;3;1;1
202000027551;154 693 822;32;0;2;8;3;1
202000027551;154 693 824;7;0;2;7;1;1
202000027552;154 693 820;7;0;1;4;4;1
202000027553;154 693 818;7;0;2;1;1;2
202000027553;154 693 819;10;0;2;4;16;2
202000027553;154 693 821;7;0;2;1;1;1
202000027554;154 693 811;30;0;2;1;1;1
202000027554;154 693 817;7;0;2;3;15;2
202000027555;154 693 813;7;0;2;4;23;1
202000027555;154 693 815;31;0;2;1;2;1
202000027556;154 693 812;14;0;2;2;16;1
202000027556;154 693 816;80;0;2;0;1;3
202000027557;154 693 814;7;1;0;2;0;1
202000027558;154 693 808;15;0;2;5;16;1
202000027558;154 693 810;1;0;2;1;1;5
202000027559;154 693 807;1;0;2;1;1;5
202000027559;154 693 809;10;0;2;3;22;1
202000027560;154 693 801;7;0;1;2;1;1
202000027561;154 693 802;10;0;2;5;15;1
202000027561;154 693 805;37;0;2;1;1;1
202000027561;154 693 806;30;0;2;1;17;1
202000027562;154 693 803;7;0;2;1;15;1
202000027562;154 693 804;2;0;2;1;1;1
202000027563;154 693 794;34;0;2;1;1;1
202000027563;154 693 798;1;0;2;7;19;5
202000027564;154 693 793;7;0;2;1;2;1
202000027564;154 693 797;7;0;2;4;2;1
202000027565;154 693 795;7;0;2;7;15;1
202000027565;154 693 800;30;0;2;1;1;1
202000027566;154 693 791;7;1;2;4;24;
202000027566;154 693 792;7;0;2;4;23;1
202000027566;154 693 796;7;1;2;1;1;1
202000027566;154 693 799;7;1;0;0;26;1
202000027567;154 693 789;7;0;2;7;9;1
202000027567;154 693 790;33;0;2;3;1;1
202000027568;154 693 786;7;0;1;1;1;1
202000027569;154 693 782;80;0;2;1;13;3
202000027569;154 693 784;80;0;2;3;13;3
202000027570;154 693 787;31;0;2;2;1;1
202000027570;154 693 788;7;0;2;2;12;1
202000027571;154 693 780;15;0;2;1;2;1
202000027571;154 693 781;7;4;0;1;1;1
202000027572;154 693 783;7;0;2;3;2;1
202000027572;154 693 785;7;0;2;6;2;1
202000027573;154 693 777;7;0;2;2;16;1
202000027573;154 693 778;33;0;2;3;3;1
202000027574;154 693 773;7;0;2;6;15;1
202000027574;154 693 779;1;0;2;3;1;5
202000027575;154 693 775;34;0;2;0;0;1
202000027575;154 693 776;7;14;0;2;2;1
202000027576;154 693 772;7;0;2;4;1;1
202000027576;154 693 774;7;0;2;2;9;1
202000027577;154 693 766;10;0;2;8;22;1
202000027577;154 693 771;1;0;2;1;1;5
202000027578;154 693 767;7;0;1;1;15;6
202000027579;154 693 768;7;4;2;2;1;1
202000027579;154 693 770;7;0;2;6;1;1
202000027580;154 693 765;80;0;2;1;19;3
202000027580;154 693 769;7;0;2;4;1;1
202000027581;154 693 760;99;0;2;8;15;1
202000027581;154 693 764;1;0;2;7;1;5
202000027582;154 693 761;1;0;0;8;1;5
202000027583;154 693 762;7;0;1;6;20;1
202000027584;154 693 758;30;12;0;3;17;1
202000027585;154 693 759;33;0;2;7;17;1
202000027585;154 693 763;7;0;2;1;15;6
202000027586;154 693 757;7;0;1;1;1;1
202000027587;154 693 754;33;0;2;1;1;1
202000027587;154 693 755;10;0;2;3;10;1
202000027588;154 693 750;30;1;0;7;1;1
202000027589;154 693 748;7;0;2;6;2;0
202000027589;154 693 752;33;0;2;1;2;0
202000027590;154 693 747;2;0;2;1;1;1
202000027590;154 693 749;7;0;2;3;10;1
202000027590;154 693 753;;;;;;
202000027591;154 693 744;50;0;1;1;7;3
202000027592;154 693 745;7;0;2;1;1;1
202000027592;154 693 746;7;0;2;1;0;1
202000027593;154 693 742;7;0;2;4;1;1
202000027593;154 693 743;7;0;2;1;18;1
202000027594;154 693 740;7;0;2;1;1;3
202000027594;154 693 741;7;0;2;7;10;1
202000027595;154 693 736;7;0;2;2;19;1
202000027595;154 693 738;30;0;2;0;0;0
202000027596;154 693 735;7;0;2;3;10;1
202000027596;154 693 739;7;0;2;3;1;1
202000027597;154 693 734;7;0;2;3;15;1
202000027597;154 693 737;33;0;2;2;17;1
202000027598;154 693 730;34;0;2;1;1;1
202000027598;154 693 731;10;0;2;2;15;1
202000027599;154 693 751;80;0;2;1;25;3
202000027599;154 693 756;1;0;9;1;26;0
202000027600;154 693 732;32;0;2;1;7;1
202000027600;154 693 733;7;0;2;3;26;1
202000027601;154 693 728;7;0;2;5;23;1
202000027601;154 693 729;30;0;2;1;2;1
202000027602;154 693 727;7;0;1;1;19;1
202000027603;154 693 726;1;12;0;1;1;5
202000027604;154 693 724;1;0;1;1;1;5
202000027605;154 693 722;33;0;2;1;11;1
202000027605;154 693 725;7;0;2;3;15;1
202000027606;154 693 719;7;0;2;2;15;1
202000027606;154 693 723;30;0;2;1;1;1
202000027607;154 693 720;1;0;2;1;1;5
202000027607;154 693 721;7;0;2;1;16;1
202000027608;154 693 717;7;0;2;6;15;1
202000027608;154 693 718;34;0;2;1;17;1
202000027609;154 693 714;7;0;2;2;16;1
202000027609;154 693 715;50;0;2;0;1;3
202000027610;154 693 713;10;0;1;4;4;1
202000027611;154 693 711;10;0;2;1;2;1
202000027611;154 693 712;7;0;2;4;23;1
202000027612;154 693 716;7;0;1;1;1;1
202000027613;154 693 707;34;1;0;1;14;1