Num_Acc;id_vehicule;categorie_vehicule;obstacle_fixe;obstacle_mobile;point_choc_initial;manoeuvre_principale;motorisation
202000027970;154 693 085;7;0;2;1;9;1
202000027971;154 693 082;1;0;4;0;0;0
202000027971;154 693 083;40;0;2;0;0;3
202000027972;154 693 081;7;0;1;1;16;1
202000027973;154 693 079;7;0;2;7;19;1
202000027973;154 693 080;7;0;2;3;19;1
202000027974;154 693 077;10;0;2;1;15;1
202000027974;154 693 078;2;0;2;1;1;1
202000027975;154 693 075;10;0;9;1;26;1
202000027975;154 693 076;1;0;2;4;2;0
202000027976;154 693 074;7;0;1;8;1;1
202000027977;154 693 073;7;0;1;0;1;0
202000027978;154 693 071;7;0;2;7;1;1
202000027978;154 693 072;30;0;2;1;15;1
202000027979;154 693 069;7;0;2;1;1;1
202000027979;154 693 070;7;0;2;1;0;0
202000027980;154 693 067;7;0;2;1;2;1
202000027980;154 693 068;7;0;2;4;2;1
202000027981;154 693 065;7;0;2;3;1;1
202000027981;154 693 066;7;0;2;3;1;1
202000027982;154 693 064;2;1;0;1;1;1
202000027983;154 693 062;33;0;2;7;3;1
202000027983;154 693 063;7;0;2;8;17;1
202000027984;154 693 060;7;0;2;1;1;1
202000027984;154 693 061;7;0;2;7;1;0
202000027985;154 693 059;7;0;1;2;16;1
202000027986;154 693 057;33;0;2;1;1;1
202000027986;154 693 058;7;0;2;3;15;1
202000027987;154 693 055;10;0;2;6;11;1
202000027987;154 693 056;32;0;2;7;1;1
202000027988;154 693 053;7;0;1;1;16;1
202000027989;154 693 051;7;0;1;6;1;1
202000027989;154 693 052;10;0;1;3;1;1
202000027990;154 693 049;7;0;2;1;14;1
202000027990;154 693 050;7;0;2;1;13;1
202000027991;154 693 047;7;0;2;1;2;0
202000027991;154 693 048;7;0;2;4;2;0
202000027992;154 693 046;7;0;1;2;15;1
202000027993;154 693 044;32;1;2;1;1;1
202000027993;154 693 045;7;0;2;2;15;1
202000027994;154 693 043;30;0;1;1;17;1
202000027995;154 693 042;7;0;1;1;1;1
202000027996;154 693 040;10;0;2;6;11;1
202000027996;154 693 041;31;0;2;2;3;1
202000027997;154 693 038;30;0;2;3;1;1
202000027997;154 693 039;7;0;2;2;1;1
202000027998;154 693 035;10;0;2;7;1;1
202000027998;154 693 036;32;0;2;7;3;1
202000027998;154 693 037;7;0;2;6;1;1
202000027999;154 693 033;1;0;2;1;1;5
202000027999;154 693 034;50;0;2;1;5;3
202000028000;154 693 032;7;0;1;3;15;2
202000028001;154 693 030;7;0;2;2;1;1
202000028001;154 693 031;32;0;2;8;1;3
202000028002;154 693 028;3;0;2;3;15;1
202000028002;154 693 029;7;0;2;3;23;1
202000028003;154 693 026;7;0;2;3;15;1
202000028003;154 693 027;50;0;2;3;1;3
202000028004;154 693 025;32;0;0;1;1;1
202000028005;154 693 023;7;0;2;8;22;1
202000028005;154 693 024;50;0;2;1;7;3
202000028006;154 693 021;7;0;2;8;10;0
202000028006;154 693 022;32;0;2;1;1;1
202000028007;154 693 020;30;11;0;2;17;1
202000028008;154 693 019;1;0;0;2;1;5
202000028009;154 693 017;10;0;2;0;2;1
202000028009;154 693 018;31;0;2;4;23;1
202000028010;154 693 016;30;0;1;1;1;3
202000028011;154 693 015;10;7;0;1;13;1
202000028012;154 693 013;7;0;2;3;22;2
202000028012;154 693 014;80;0;2;1;1;3
202000028013;154 693 011;7;0;0;7;15;1
202000028013;154 693 012;7;0;2;1;1;1
202000028014;154 693 010;34;0;1;1;1;1
202000028015;154 693 009;1;0;1;1;1;5
202000028016;154 693 008;7;0;1;4;19;1
202000028017;154 693 006;13;0;2;3;1;0
202000028017;154 693 007;7;0;2;1;1;0
202000028018;154 693 005;7;0;1;1;15;0
202000028019;154 693 004;7;15;0;1;15;1
202000028020;154 693 002;7;0;2;7;12;0
202000028020;154 693 003;34;0;2;8;1;1
202000028021;154 692 999;7;0;2;3;1;1
202000028021;154 693 000;7;0;2;6;1;1
202000028021;154 693 001;7;0;2;3;17;1
202000028022;154 692 998;7;0;1;3;26;1
202000028023;154 692 996;2;0;0;8;1;1
202000028023;154 692 997;7;0;2;1;1;0
202000028024;154 692 994;33;0;2;1;2;1
202000028024;154 692 995;7;0;2;3;9;1
202000028025;154 692 992;7;0;2;4;23;1
202000028025;154 692 993;7;0;2;1;0;1
202000028026;154 692 990;15;0;2;6;10;1
202000028026;154 692 991;7;0;2;1;19;0
202000028027;154 692 988;1;0;2;1;19;0
202000028027;154 692 989;7;0;2;1;15;1
202000028028;154 692 986;33;0;1;1;23;1
202000028028;154 692 987;7;0;2;1;1;1
202000028029;154 692 985;30;0;0;0;19;1
202000028030;154 692 984;7;0;1;3;1;0
202000028031;154 692 981;7;0;2;2;1;1
202000028031;154 692 982;33;1;2;1;18;1
202000028031;154 692 983;7;1;2;3;22;1
202000028032;154 692 979;7;0;0;5;2;0
202000028032;154 692 980;33;0;2;1;3;1
202000028033;154 692 978;7;0;1;1;0;1
202000028034;154 692 976;15;0;2;3;1;1
202000028034;154 692 977;7;0;2;3;13;1
202000028035;154 692 974;17;1;0;2;1;1
202000028035;154 692 975;7;0;2;4;23;1
202000028036;154 692 972;7;0;2;1;1;1
202000028036;154 692 973;2;0;2;1;15;1
202000028037;154 692 970;7;0;2;3;0;1
202000028037;154 692 971;7;0;2;3;0;1
202000028038;154 692 969;7;3;0;2;1;1
202000028039;154 692 967;7;0;2;4;16;0
202000028039;154 692 968;33;0;2;1;2;0
202000028040;154 692 965;7;0;2;1;19;6
202000028040;154 692 966;15;0;0;8;1;6
202000028041;154 692 963;10;0;2;2;19;1
202000028041;154 692 964;7;0;2;2;1;1
202000028042;154 692 961;10;0;2;2;16;1
202000028042;154 692 962;1;0;2;1;1;5
202000028043;154 692 960;7;8;0;4;17;1
202000028044;154 692 959;7;0;1;1;17;1
202000028045;154 692 958;7;6;0;8;13;1
202000028046;154 692 957;7;0;0;0;14;1
202000028047;154 692 956;7;0;1;2;1;1
202000028048;154 692 955;7;13;0;1;1;1
202000028049;154 692 954;7;13;0;1;0;1
202000028050;154 692 953;7;0;1;3;1;1
202000028051;154 692 951;7;0;2;3;1;1
202000028051;154 692 952;99;0;2;0;1;1
202000028052;154 692 950;7;2;0;1;0;1
202000028053;154 692 947;7;0;2;1;2;1
202000028053;154 692 948;7;0;2;4;2;1
202000028053;154 692 949;7;0;2;4;2;1
202000028054;154 692 945;3;0;2;3;13;1
202000028054;154 692 946;2;0;2;1;1;1
202000028055;154 692 943;21;0;2;4;2;0
202000028055;154 692 944;7;0;2;1;2;0
202000028056;154 692 937;7;8;2;2;17;1
202000028056;154 692 938;7;8;2;4;1;1
202000028057;154 692 936;7;0;1;1;19;1
202000028058;154 692 935;2;0;0;0;1;1
202000028059;154 692 934;7;3;0;0;1;1
202000028060;154 692 932;14;0;2;7;15;1
202000028060;154 692 933;2;0;2;1;1;1
202000028061;154 692 931;17;1;1;4;4;1
202000028062;154 692 930;7;0;1;1;1;1
202000028063;154 692 928;17;0;2;3;1;1
202000028063;154 692 929;7;0;2;2;1;1
202000028064;154 692 927;7;0;1;3;15;1
202000028065;154 692 924;7;0;1;3;1;1
202000028066;154 692 920;7;0;2;6;15;1
202000028066;154 692 921;33;0;2;1;17;1
202000028067;154 692 918;7;0;2;3;1;1
202000028067;154 692 919;33;0;2;1;1;1
202000028068;154 692 916;2;0;2;8;1;1
202000028068;154 692 917;15;0;2;7;17;1
202000028069;154 692 915;7;8;0;7;13;1
202000028070;154 692 913;7;0;2;1;1;1
202000028070;154 692 914;33;0;6;1;1;1
202000028071;154 692 911;7;0;2;1;1;1
202000028071;154 692 912;3;0;2;7;9;1
202000028072;154 692 907;7;0;2;1;1;1
202000028072;154 692 908;7;0;0;4;1;1
202000028073;154 692 905;7;0;2;2;11;1
202000028073;154 692 906;7;0;2;6;2;1
202000028074;154 692 904;7;0;0;1;2;1
202000028075;154 692 903;7;6;0;1;1;1
202000028076;154 692 901;7;0;2;1;7;1
202000028076;154 692 902;37;0;2;3;7;1
202000028077;154 692 899;7;0;2;5;1;1
202000028077;154 692 900;16;0;2;3;11;1
202000028078;154 692 898;10;14;0;2;1;1
202000028079;154 692 897;7;4;0;9;14;1
202000028080;154 692 896;7;4;0;3;0;1
202000028081;154 692 895;33;0;0;1;3;1
202000028082;154 692 893;7;3;2;8;2;1
202000028082;154 692 894;7;0;2;2;1;1
202000028083;154 692 891;7;3;0;1;1;1
202000028083;154 692 892;7;0;2;1;1;1
202000028084;154 692 889;7;0;2;1;0;1
202000028084;154 692 890;7;3;0;1;0;1
202000028085;154 692 887;31;0;2;4;2;1
202000028085;154 692 888;7;0;2;3;2;1
202000028086;154 692 886;7;0;1;1;1;1
202000028087;154 692 885;7;0;1;1;1;1
202000028088;154 692 884;31;0;1;0;0;1
202000028089;154 692 882;33;0;2;1;1;1
202000028089;154 692 883;7;0;2;8;1;1
202000028090;154 692 878;7;0;2;9;2;1
202000028090;154 692 879;7;0;2;9;2;1
202000028090;154 692 880;7;0;2;1;2;1
202000028090;154 692 881;7;0;2;4;23;1
202000028091;154 692 877;7;0;1;4;20;1
202000028092;154 692 875;1;0;2;1;1;5
202000028092;154 692 876;7;0;9;1;1;1
202000028093;154 692 874;7;0;1;2;1;1
202000028094;154 692 873;7;5;0;3;0;0
202000028095;154 692 872;7;0;1;1;1;1
202000028096;154 692 869;17;0;2;1;21;1
202000028096;154 692 870;14;0;2;1;2;1
202000028096;154 692 871;7;0;2;4;1;1
202000028097;154 692 868;1;9;0;1;1;5
202000028098;154 692 866;7;0;2;2;1;1
202000028098;154 692 867;7;0;2;1;1;1
202000028099;154 692 864;7;0;2;2;15;1
202000028099;154 692 865;2;0;2;1;1;1
202000028100;154 692 863;7;0;1;2;16;1
202000028101;154 692 859;7;0;2;1;15;6
202000028101;154 692 860;7;0;2;1;15;6
202000028101;154 692 861;7;0;2;1;2;1
202000028101;154 692 862;7;0;2;1;1;0
202000028102;154 692 858;7;1;1;4;4;1
202000028103;154 692 856;7;0;2;1;1;0
202000028103;154 692 857;7;0;2;5;13;0
202000028104;154 692 854;7;0;2;1;9;1
202000028104;154 692 855;7;0;2;1;1;1
202000028105;154 692 852;7;0;2;1;0;1
202000028105;154 692 853;7;0;2;4;26;1
202000028106;154 692 850;7;0;2;7;15;1
202000028106;154 692 851;2;0;2;1;1;1
202000028107;154 692 848;7;0;2;3;1;1
202000028107;154 692 849;1;0;2;1;1;5
202000028108;154 692 847;10;0;1;1;9;1
202000028109;154 692 845;43;0;2;1;1;1
202000028109;154 692 846;7;0;2;1;15;1
202000028110;154 692 843;7;0;2;2;16;1
202000028110;154 692 844;1;0;2;1;1;5
202000028111;154 692 841;7;0;2;5;15;1
202000028111;154 692 842;10;0;2;1;2;1
202000028112;154 692 840;7;0;1;1;1;1
202000028113;154 692 838;7;0;2;3;1;1
202000028113;154 692 839;7;0;2;6;9;1
202000028114;154 692 836;7;2;0;2;16;1
202000028115;154 692 834;7;0;2;8;1;1
202000028115;154 692 835;2;0;2;2;17;1
202000028116;154 692 832;7;0;2;2;15;1
202000028116;154 692 833;7;0;2;2;2;1
202000028117;154 692 831;32;0;2;4;1;1
202000028118;154 692 829;7;0;2;4;2;1
202000028118;154 692 830;7;0;2;2;2;1
202000028119;154 692 827;7;0;2;4;1;0
202000028119;154 692 828;7;0;2;1;2;1
202000028120;154 692 824;31;0;2;1;2;1
202000028120;154 692 825;33;0;2;1;2;1
202000028120;154 692 826;10;0;2;7;10;1
202000028121;154 692 822;7;0;2;5;15;1
202000028121;154 692 823;7;0;2;0;0;0
202000028122;154 692 820;7;0;2;7;1;1
202000028122;154 692 821;10;0;2;1;1;1
202000028123;154 692 818;7;0;2;1;1;1
202000028123;154 692 819;7;0;2;3;9;1
202000028124;154 692 817;7;12;0;1;9;1
202000028125;154 692 815;7;0;2;3;1;1
202000028125;154 692 816;7;0;2;3;1;1
202000028126;154 692 812;20;0;1;1;1;
202000028127;154 692 810;7;0;2;1;1;0
202000028127;154 692 811;7;15;2;6;15;0
202000028128;154 692 808;7;0;2;1;1;1
202000028128;154 692 809;10;0;2;2;1;1
202000028129;154 692 807;7;6;0;6;14;1
202000028130;154 692 805;7;0;2;3;11;1
202000028130;154 692 806;34;0;2;4;1;1
202000028131;154 692 803;33;0;2;6;11;1
202000028131;154 692 804;32;0;2;1;3;1
202000028132;154 692 800;33;0;2;3;1;1
202000028132;154 692 801;33;0;2;7;12;1
202000028132;154 692 802;10;0;2;7;1;1
202000028133;154 692 798;10;0;2;7;1;1
202000028133;154 692 799;33;0;2;8;11;1
202000028134;154 692 796;7;0;2;7;1;1
202000028134;154 692 797;32;0;2;8;3;1
202000028135;154 692 794;7;0;2;4;2;1
202000028135;154 692 795;7;0;2;1;2;0
202000028136;154 692 792;7;0;2;2;15;1
202000028136;154 692 793;80;0;2;1;1;3
202000028137;154 692 791;1;0;1;1;7;5
202000028138;154 692 789;7;0;2;3;1;1
202000028138;154 692 790;7;0;2;2;15;1
202000028139;154 692 787;7;0;2;2;16;1
202000028139;154 692 788;30;0;2;1;18;1
202000028140;154 692 786;33;0;1;1;7;1
202000028141;154 692 783;7;0;2;4;24;1
202000028141;154 692 784;7;0;2;1;2;1
202000028141;154 692 785;33;0;2;4;23;1
202000028142;154 692 782;30;0;1;1;1;1
202000028143;154 692 781;31;0;1;1;1;1
202000028144;154 692 779;33;0;2;1;8;1
202000028144;154 692 780;31;0;2;7;15;1
202000028145;154 692 777;33;0;2;1;1;1
202000028145;154 692 778;10;0;2;8;1;1
202000028146;154 692 776;7;0;1;6;4;1
202000028147;154 692 774;33;0;2;3;1;1
202000028147;154 692 775;30;0;2;0;14;0
202000028148;154 692 773;33;0;1;1;1;1
202000028149;154 692 772;7;11;0;3;15;1
202000028150;154 692 771;60;12;0;1;25;5
202000028151;154 692 769;1;0;2;2;1;5
202000028151;154 692 770;7;0;2;8;22;1
202000028152;154 692 768;10;1;0;1;14;1
202000028153;154 692 766;1;0;2;0;1;5
202000028153;154 692 767;50;0;2;1;12;3
202000028154;154 692 764;1;0;2;0;17;5
202000028154;154 692 765;7;0;2;3;22;2
202000028155;154 692 763;31;0;1;0;1;0
202000028156;154 692 762;13;0;1;2;1;1
202000028157;154 692 760;33;0;2;0;17;1
202000028157;154 692 761;10;0;2;3;15;1
202000028158;154 692 759;1;0;1;1;1;5
202000028159;154 692 758;7;0;1;1;1;1
202000028160;154 692 756;7;0;2;1;1;1
202000028160;154 692 757;7;0;2;4;1;1
202000028161;154 692 754;7;0;2;1;1;1
202000028161;154 692 755;7;0;2;1;26;1
202000028162;154 692 753;50;0;0;0;0;3
202000028163;154 692 752;7;0;1;2;26;1
202000028164;154 692 750;7;0;2;0;0;1
202000028164;154 692 751;7;0;2;4;1;1
202000028165;154 692 748;7;0;2;1;15;1
202000028165;154 692 749;7;0;2;1;26;1
202000028166;154 692 746;7;0;2;1;1;1
202000028166;154 692 747;43;0;2;1;17;1
202000028167;154 692 744;7;0;2;3;23;1
202000028167;154 692 745;34;0;2;1;7;1
202000028168;154 692 742;7;0;2;1;2;1
202000028168;154 692 743;7;0;2;4;23;1
202000028169;154 692 741;37;0;1;2;15;1
202000028170;154 692 739;7;0;2;6;11;1
202000028170;154 692 740;33;0;2;7;17;1
202000028171;154 692 738;10;0;1;3;1;6
202000028172;154 692 737;7;0;1;1;1;1
202000028173;154 692 735;37;0;2;7;26;1
202000028173;154 692 736;37;0;2;3;20;1
202000028174;154 692 733;7;0;2;2;19;1
202000028174;154 692 734;32;0;2;1;26;1
202000028175;154 692 732;80;1;0;5;1;3
202000028176;154 692 730;0;1;0;4;9;0
202000028176;154 692 731;32;1;0;1;1;1
202000028177;154 692 728;7;0;2;3;15;1
202000028177;154 692 729;33;0;2;1;1;1
202000028178;154 692 726;99;0;0;1;2;0
202000028178;154 692 727;7;0;0;0;24;0
202000028179;154 692 724;7;0;2;3;15;1
202000028179;154 692 725;30;0;2;1;1;1
202000028180;154 692 722;32;0;2;8;1;1
202000028180;154 692 723;7;0;2;7;12;0
202000028181;154 692 720;10;0;2;3;2;0
202000028181;154 692 721;7;0;2;5;23;0
202000028182;154 692 718;2;0;2;7;1;1
202000028182;154 692 719;7;0;2;3;1;1
202000028183;154 692 716;33;0;2;1;1;1
202000028183;154 692 717;7;0;2;2;15;1
202000028184;154 692 712;7;0;2;3;1;1
202000028184;154 692 713;17;3;2;3;6;1
202000028185;154 692 710;7;0;2;1;13;1
202000028185;154 692 711;7;0;2;3;1;6
202000028186;154 692 708;15;0;2;2;1;1
202000028186;154 692 709;7;0;2;3;0;1
202000028187;154 692 707;7;8;0;9;0;1
202000028188;154 692 706;7;13;0;1;1;1
202000028189;154 692 704;7;0;2;3;1;1
202000028189;154 692 705;7;0;2;3;13;1
202000028190;154 692 703;7;2;0;3;19;1
202000028191;154 692 701;10;8;2;7;19;1
202000028191;154 692 702;10;8;2;1;1;1
202000028192;154 692 699;33;0;2;1;1;1
202000028192;154 692 700;10;0;2;8;17;1
202000028193;154 692 697;33;0;2;1;1;1
202000028193;154 692 698;7;0;2;5;15;1
202000028194;154 692 695;7;0;2;1;1;1
202000028194;154 692 696;7;0;2;1;13;1
202000028195;154 692 694;7;2;0;1;1;1
202000028196;154 692 691;17;0;2;8;2;1
202000028196;154 692 692;7;0;2;1;17;1
202000028196;154 692 693;7;3;2;1;5;1
202000028197;154 692 689;7;13;2;2;13;0
202000028197;154 692 690;7;13;2;3;0;0
202000028198;154 692 687;10;0;2;1;2;1
202000028198;154 692 688;7;0;0;4;0;1
202000028199;154 692 685;7;0;2;1;1;1
202000028199;154 692 686;1;0;0;4;1;5
202000028200;154 692 683;3;0;2;3;1;1
202000028200;154 692 684;7;0;2;1;1;1
202000028201;154 692 681;7;0;2;1;1;1
202000028201;154 692 682;7;0;2;1;1;1
202000028202;154 692 680;7;2;0;3;1;1
202000028203;154 692 678;14;0;2;1;1;1
202000028203;154 692 679;7;0;2;1;1;1
202000028204;154 692 676;7;0;2;3;15;1
202000028204;154 692 677;2;12;0;3;1;1
202000028205;154 692 675;36;0;0;0;4;1
202000028206;154 692 673;7;0;1;2;1;1
202000028207;154 692 672;3;7;0;1;13;1
202000028208;154 692 671;7;0;1;3;1;1
202000028209;154 692 669;7;0;0;4;1;1
202000028209;154 692 670;2;0;2;1;1;1
202000028210;154 692 667;7;0;2;4;2;1
202000028210;154 692 668;7;0;2;1;2;1
202000028211;154 692 666;7;0;1;1;2;1
202000028212;154 692 663;7;0;1;8;15;1
202000028213;154 692 662;7;15;0;2;1;1
202000028214;154 692 659;7;0;2;1;2;1
202000028214;154 692 660;7;0;2;9;2;1
202000028214;154 692 661;7;0;2;4;23;1
202000028215;154 692 656;10;0;2;5;1;1
202000028215;154 692 657;33;0;2;2;3;1
202000028215;154 692 658;7;0;2;6;11;1
202000028216;154 692 654;33;0;2;1;3;1
202000028216;154 692 655;7;0;2;7;2;1
202000028217;154 692 652;7;0;2;1;2;1
202000028217;154 692 653;7;0;2;4;2;1
202000028218;154 692 650;34;0;2;3;2;1
202000028218;154 692 651;34;0;2;5;1;1
202000028219;154 692 649;10;3;0;1;13;1
202000028220;154 692 647;7;0;2;8;18;1
202000028220;154 692 648;38;0;2;2;2;1
202000028221;154 692 645;7;0;2;4;1;1
202000028221;154 692 646;7;0;2;1;2;1
202000028222;154 692 643;7;0;2;1;1;1
202000028222;154 692 644;7;0;2;7;2;2
202000028223;154 692 641;33;0;2;1;21;1
202000028223;154 692 642;7;0;0;4;0;1
202000028224;154 692 639;34;0;2;1;13;1
202000028224;154 692 640;7;0;2;6;11;1
202000028225;154 692 638;7;0;0;1;26;1
202000028226;154 692 634;7;0;0;0;9;1
202000028226;154 692 635;7;3;2;9;11;1
202000028226;154 692 636;7;0;2;9;0;1
202000028226;154 692 637;7;0;2;9;0;1
202000028227;154 692 632;33;0;2;8;1;1
202000028227;154 692 633;7;0;2;2;14;1
202000028228;154 692 629;7;0;2;1;2;1
202000028228;154 692 630;7;14;0;4;2;1
202000028229;154 692 628;7;8;0;1;25;1
202000028230;154 692 627;7;0;1;1;15;1
202000028231;154 692 625;7;0;2;8;1;1
202000028231;154 692 626;7;0;2;8;5;1
202000028232;154 692 623;7;0;2;3;22;1
202000028232;154 692 624;1;1;0;2;0;5
202000028233;154 692 621;34;0;2;2;1;1
202000028233;154 692 622;7;0;2;3;11;1
202000028234;154 692 620;7;0;1;1;1;1
202000028235;154 692 619;1;0;5;1;1;5
202000028236;154 692 617;15;0;2;4;2;1
202000028236;154 692 618;14;0;2;1;1;1
202000028237;154 692 615;1;0;2;1;15;5
202000028237;154 692 616;7;0;2;3;1;1
202000028238;154 692 614;7;0;1;3;1;1
202000028239;154 692 612;7;0;2;4;2;0
202000028239;154 692 613;7;0;2;1;2;0
202000028240;154 692 609;7;0;2;1;1;0
202000028240;154 692 610;7;0;2;1;0;0
202000028240;154 692 611;7;0;2;1;9;0
202000028241;154 692 608;7;2;0;1;1;1
202000028242;154 692 606;7;8;2;5;15;1
202000028242;154 692 607;7;0;2;2;1;1
202000028243;154 692 604;2;0;2;4;2;1
202000028243;154 692 605;7;0;2;1;2;1
202000028244;154 692 601;7;0;2;1;2;1
202000028244;154 692 602;7;0;2;4;2;1
202000028244;154 692 603;7;0;2;4;2;1
202000028245;154 692 600;7;0;1;2;26;1
202000028246;154 692 598;10;0;2;8;15;1
202000028246;154 692 599;32;0;2;7;17;1
202000028247;154 692 596;10;0;2;1;1;1
202000028247;154 692 597;32;0;2;2;15;1
202000028248;154 692 594;1;0;2;8;2;5
202000028248;154 692 595;7;0;2;7;2;1
202000028249;154 692 592;7;0;2;8;15;1
202000028249;154 692 593;2;0;2;2;17;1
202000028250;154 692 590;7;0;2;7;1;1
202000028250;154 692 591;30;0;2;1;15;1
202000028251;154 692 587;7;0;2;5;1;1
202000028251;154 692 588;10;0;2;5;1;1
202000028251;154 692 589;7;0;2;3;1;1
202000028252;154 692 585;7;0;2;1;1;1
202000028252;154 692 586;10;0;2;4;1;1
202000028253;154 692 583;10;0;2;2;0;1
202000028253;154 692 584;7;0;2;1;1;1
202000028254;154 692 582;3;0;1;2;13;0
202000028255;154 692 581;7;0;1;1;15;1
202000028256;154 692 579;7;0;1;3;15;1
202000028257;154 692 578;30;16;0;0;1;1
202000028258;154 692 577;7;0;1;1;1;0
202000028259;154 692 575;7;0;2;2;9;1
202000028259;154 692 576;7;0;2;9;26;1
202000028260;154 692 573;7;0;9;1;1;1
202000028260;154 692 574;50;0;2;1;1;3
202000028261;154 692 571;7;0;2;2;1;1
202000028261;154 692 572;7;0;2;1;1;1
202000028262;154 692 570;7;0;1;8;0;1
202000028263;154 692 568;7;0;2;2;1;1
202000028263;154 692 569;7;0;2;1;17;1
202000028264;154 692 566;7;0;2;9;0;1
202000028264;154 692 567;7;0;2;5;0;1
202000028265;154 692 563;7;0;9;4;2;1
202000028265;154 692 564;7;0;2;1;2;1
202000028265;154 692 565;7;0;2;4;2;1
202000028266;154 692 561;7;0;2;1;2;1
202000028266;154 692 562;7;0;2;4;2;1
202000028267;154 692 559;7;0;2;1;1;1
202000028267;154 692 560;7;0;2;2;15;1
202000028268;154 692 558;7;0;1;3;26;3
202000028269;154 692 554;7;0;2;4;23;1
202000028269;154 692 555;7;0;2;2;23;1
202000028269;154 692 556;7;0;2;1;1;1
202000028269;154 692 557;7;0;2;0;23;1
202000028270;154 692 552;7;0;1;3;15;1
202000028271;154 692 551;30;0;0;7;1;1
202000028272;154 692 550;7;0;1;1;1;1
202000028273;154 692 548;7;0;2;2;15;1
202000028273;154 692 549;2;0;2;8;1;1
202000028274;154 692 546;7;0;2;3;15;1
202000028274;154 692 547;37;0;2;7;1;3
202000028275;154 692 544;7;0;2;1;15;1
202000028275;154 692 545;7;0;2;3;1;1
202000028276;154 692 542;7;0;2;7;15;1
202000028276;154 692 543;32;0;2;1;1;1
202000028277;154 692 539;7;0;2;4;1;0
202000028277;154 692 540;7;0;2;4;1;1
202000028277;154 692 541;7;0;2;1;1;1
202000028278;154 692 537;7;0;2;1;15;1
202000028278;154 692 538;7;0;2;3;1;1
202000028279;154 692 535;2;0;2;1;1;1
202000028279;154 692 536;7;0;2;2;15;1
202000028280;154 692 533;31;0;2;1;2;1
202000028280;154 692 534;7;0;2;7;15;1
202000028281;154 692 531;7;0;2;3;15;1
202000028281;154 692 532;2;0;2;1;1;1
202000028282;154 692 530;7;0;1;1;1;1
202000028283;154 692 528;7;0;2;2;5;1
202000028283;154 692 529;31;0;2;1;1;1
202000028284;154 692 526;1;0;2;7;19;0
202000028284;154 692 527;7;0;2;2;1;1
202000028285;154 692 524;30;0;2;1;2;1
202000028285;154 692 525;7;0;2;8;10;1
202000028286;154 692 523;7;0;1;1;1;1
202000028287;154 692 519;7;0;2;1;2;0
202000028287;154 692 520;7;0;9;4;2;0
202000028287;154 692 521;7;0;9;1;2;0
202000028287;154 692 522;10;0;0;0;1;0
202000028288;154 692 518;7;2;0;1;1;1
202000028289;154 692 516;7;0;2;7;12;0
202000028289;154 692 517;34;0;2;3;3;1
202000028290;154 692 514;33;0;2;1;3;1
202000028290;154 692 515;7;0;2;5;1;1
202000028291;154 692 512;7;0;2;5;23;2
202000028291;154 692 513;60;0;2;1;1;5
202000028292;154 692 510;10;0;2;2;22;1
202000028292;154 692 511;33;0;2;3;18;1
202000028293;154 692 508;7;0;2;0;1;0
202000028293;154 692 509;33;0;2;4;23;1
202000028294;154 692 506;7;0;2;3;23;1
202000028294;154 692 507;32;0;2;1;1;1
202000028295;154 692 504;7;0;2;4;23;1
202000028295;154 692 505;43;0;2;1;1;1
202000028296;154 692 502;32;0;2;8;9;3
202000028296;154 692 503;7;0;2;2;1;1
202000028297;154 692 499;30;0;2;1;1;1
202000028297;154 692 500;7;0;2;2;15;1
202000028297;154 692 501;1;0;2;1;1;5
202000028298;154 692 497;7;0;2;3;18;3
202000028298;154 692 498;1;0;2;4;1;5
202000028299;154 692 495;7;0;2;2;15;1
202000028299;154 692 496;50;0;2;3;1;3
202000028300;154 692 493;7;0;2;5;10;1
202000028300;154 692 494;32;0;2;1;1;1
202000028301;154 692 491;7;0;2;1;1;1
202000028301;154 692 492;7;0;1;1;23;1
202000028302;154 692 490;1;0;1;1;1;5
202000028303;154 692 488;14;0;2;7;23;1
202000028303;154 692 489;43;0;2;8;18;1
202000028304;154 692 486;7;0;2;3;1;1
202000028304;154 692 487;2;0;2;7;17;1
202000028305;154 692 485;7;8;0;2;14;2
202000028306;154 692 483;7;0;2;1;15;1
202000028306;154 692 484;1;0;2;8;1;5
202000028307;154 692 482;50;0;1;7;25;3
202000028308;154 692 481;7;0;1;1;15;1
202000028309;154 692 480;32;0;1;1;3;1
202000028310;154 692 479;50;0;1;2;1;3
202000028311;154 692 478;7;0;1;2;1;2
202000028312;154 692 476;1;0;2;1;2;5
202000028312;154 692 477;37;0;2;5;16;1
202000028313;154 692 474;7;0;2;1;15;1
202000028313;154 692 475;34;0;1;3;1;1
202000028314;154 692 472;7;0;2;2;11;0
202000028314;154 692 473;2;1;2;3;1;1
202000028315;154 692 470;7;0;2;1;16;1
202000028315;154 692 471;1;0;2;8;15;5
202000028316;154 692 468;7;0;2;1;15;1
202000028316;154 692 469;7;9;2;8;1;1
202000028317;154 692 466;7;0;9;2;1;1
202000028317;154 692 467;1;0;2;1;19;0
202000028318;154 692 464;7;0;2;1;1;1
202000028318;154 692 465;7;0;2;4;1;1
202000028319;154 692 462;7;9;2;4;1;0
202000028319;154 692 463;7;0;2;4;2;0
202000028320;154 692 460;7;0;2;1;1;1