Num_Acc;id_vehicule;categorie_vehicule;obstacle_fixe;obstacle_mobile;point_choc_initial;manoeuvre_principale;motorisation
202000028320;154 692 461;7;0;2;1;13;1
202000028321;154 692 458;30;0;2;3;1;0
202000028321;154 692 459;3;0;2;2;16;0
202000028322;154 692 457;34;8;0;1;19;1
202000028323;154 692 455;7;0;2;3;15;0
202000028323;154 692 456;32;0;0;1;17;1
202000028324;154 692 453;7;0;2;3;1;1
202000028324;154 692 454;7;0;2;3;1;0
202000028325;154 692 452;7;0;1;1;1;1
202000028326;154 692 451;10;0;1;7;1;1
202000028327;154 692 450;30;0;0;1;1;1
202000028328;154 692 446;7;0;2;1;15;0
202000028328;154 692 447;13;0;2;1;16;0
202000028329;154 692 444;7;0;2;1;1;0
202000028329;154 692 445;7;0;2;5;15;0
202000028330;154 692 442;7;0;2;2;1;1
202000028330;154 692 443;33;0;2;8;1;1
202000028331;154 692 440;0;0;2;1;1;1
202000028331;154 692 441;7;0;2;2;16;1
202000028332;154 692 438;1;1;0;1;0;0
202000028332;154 692 439;7;0;2;3;22;0
202000028333;154 692 435;7;0;2;1;9;1
202000028333;154 692 436;7;0;2;1;1;1
202000028333;154 692 437;33;0;2;5;1;1
202000028334;154 692 434;3;8;0;1;26;1
202000028335;154 692 431;7;0;2;1;17;1
202000028335;154 692 432;7;0;2;1;2;1
202000028335;154 692 433;7;0;2;4;2;1
202000028336;154 692 430;7;1;1;1;15;1
202000028337;154 692 429;1;0;1;1;1;5
202000028338;154 692 428;50;0;0;0;0;3
202000028339;154 692 426;7;0;2;4;2;1
202000028339;154 692 427;7;0;2;1;2;1
202000028340;154 692 424;7;1;0;3;1;1
202000028340;154 692 425;7;0;2;5;24;1
202000028341;154 692 422;31;0;2;8;1;1
202000028341;154 692 423;7;0;2;5;1;1
202000028342;154 692 420;7;0;9;8;22;1
202000028342;154 692 421;50;1;0;1;0;3
202000028343;154 692 418;7;0;2;4;23;1
202000028343;154 692 419;10;0;2;1;2;1
202000028344;154 692 416;1;0;2;8;0;5
202000028344;154 692 417;7;0;2;2;15;2
202000028345;154 692 414;7;0;2;3;1;1
202000028345;154 692 415;60;0;2;1;19;5
202000028346;154 692 413;7;0;1;2;14;1
202000028347;154 692 411;34;0;2;3;2;0
202000028347;154 692 412;7;0;2;2;2;0
202000028348;154 692 409;30;0;2;1;18;1
202000028348;154 692 410;7;0;2;2;1;1
202000028349;154 692 407;32;0;2;7;17;1
202000028349;154 692 408;7;0;2;3;2;1
202000028350;154 692 405;33;0;2;3;1;1
202000028350;154 692 406;3;0;2;0;11;0
202000028351;154 692 404;2;6;0;9;1;1
202000028352;154 692 402;2;0;2;1;1;1
202000028352;154 692 403;7;0;0;5;1;1
202000028353;154 692 400;7;0;2;3;19;1
202000028353;154 692 401;7;0;2;1;1;1
202000028354;154 692 399;7;14;1;1;1;1
202000028355;154 692 397;7;0;0;4;15;1
202000028355;154 692 398;7;0;2;1;17;1
202000028356;154 692 395;7;0;2;3;1;1
202000028356;154 692 396;2;0;2;1;1;1
202000028357;154 692 394;7;13;0;9;1;1
202000028358;154 692 393;2;0;1;1;1;1
202000028359;154 692 392;7;0;0;0;0;1
202000028360;154 692 390;15;0;2;5;1;1
202000028360;154 692 391;7;0;2;1;2;1
202000028361;154 692 388;3;0;2;2;26;1
202000028361;154 692 389;7;0;2;3;1;1
202000028362;154 692 386;7;0;2;5;15;1
202000028362;154 692 387;33;0;2;1;1;1
202000028363;154 692 384;7;0;2;6;15;1
202000028363;154 692 385;33;0;2;1;17;1
202000028364;154 692 382;33;0;2;1;17;1
202000028364;154 692 383;7;0;2;3;15;1
202000028365;154 692 380;7;0;2;3;16;1
202000028365;154 692 381;7;0;2;2;1;1
202000028366;154 692 379;7;8;0;8;1;1
202000028367;154 692 377;7;0;2;3;1;1
202000028367;154 692 378;21;0;2;3;23;0
202000028368;154 692 376;33;0;0;1;1;1
202000028369;154 692 374;7;0;2;1;23;1
202000028369;154 692 375;7;1;0;1;17;1
202000028370;154 692 373;7;0;1;3;1;1
202000028371;154 692 372;7;0;1;2;1;0
202000028372;154 692 371;33;0;0;8;17;1
202000028373;154 692 370;7;13;0;1;1;1
202000028374;154 692 369;2;12;0;1;1;1
202000028375;154 692 367;7;0;2;4;2;1
202000028375;154 692 368;2;0;2;1;2;1
202000028376;154 692 366;7;2;0;2;1;1
202000028377;154 692 365;7;0;1;3;9;1
202000028378;154 692 363;7;0;2;7;17;0
202000028378;154 692 364;2;0;2;8;1;1
202000028379;154 692 362;10;6;0;2;14;1
202000028380;154 692 361;33;0;0;0;1;1
202000028381;154 692 359;2;0;2;7;2;1
202000028381;154 692 360;1;0;0;8;2;5
202000028382;154 692 357;2;0;2;1;13;1
202000028382;154 692 358;7;0;2;3;1;1
202000028383;154 692 353;33;0;2;1;17;1
202000028383;154 692 354;7;0;2;3;10;1
202000028384;154 692 351;7;0;2;1;1;1
202000028384;154 692 352;31;0;2;1;1;1
202000028385;154 692 348;33;0;2;1;18;1
202000028385;154 692 349;7;0;0;4;1;1
202000028385;154 692 350;7;0;0;4;1;1
202000028386;154 692 346;7;0;0;4;2;1
202000028386;154 692 347;7;0;2;1;2;1
202000028387;154 692 345;10;0;1;2;1;1
202000028388;154 692 343;7;0;2;3;1;1
202000028388;154 692 344;7;0;2;3;13;1
202000028389;154 692 342;7;6;0;2;1;1
202000028390;154 692 340;7;0;2;8;9;1
202000028390;154 692 341;33;0;2;1;1;1
202000028391;154 692 338;99;0;2;1;1;1
202000028391;154 692 339;15;0;2;1;13;1
202000028392;154 692 336;33;0;2;4;2;1
202000028392;154 692 337;1;0;2;1;2;5
202000028393;154 692 334;2;0;2;1;1;1
202000028393;154 692 335;7;0;2;3;13;1
202000028394;154 692 332;32;0;2;1;9;1
202000028394;154 692 333;7;0;2;6;1;1
202000028395;154 692 330;10;0;2;1;19;1
202000028395;154 692 331;7;0;2;7;1;1
202000028396;154 692 329;7;1;0;2;1;1
202000028397;154 692 324;7;0;2;4;1;1
202000028397;154 692 325;7;0;2;1;2;1
202000028397;154 692 326;7;0;2;1;2;1
202000028397;154 692 327;33;0;0;1;21;1
202000028397;154 692 328;33;0;2;9;2;1
202000028398;154 692 322;31;0;2;1;1;1
202000028398;154 692 323;7;0;2;3;5;1
202000028399;154 692 320;7;0;2;1;15;1
202000028399;154 692 321;2;0;2;7;1;1
202000028400;154 692 319;7;8;0;1;13;1
202000028401;154 692 318;7;13;0;0;14;1
202000028402;154 692 316;33;0;2;4;16;1
202000028402;154 692 317;2;0;2;1;2;1
202000028403;154 692 314;7;0;2;8;15;1
202000028403;154 692 315;7;11;2;2;17;1
202000028404;154 692 313;7;13;0;1;0;1
202000028405;154 692 311;7;0;2;1;19;1
202000028405;154 692 312;7;0;2;1;1;1
202000028406;154 692 310;7;15;0;1;1;1
202000028407;154 692 308;7;0;2;2;2;1
202000028407;154 692 309;7;0;2;4;1;1
202000028408;154 692 306;15;0;2;2;11;1
202000028408;154 692 307;14;0;2;6;1;1
202000028409;154 692 304;7;0;0;0;0;1
202000028409;154 692 305;14;0;0;0;0;1
202000028410;154 692 302;7;0;2;1;2;1
202000028410;154 692 303;7;0;2;4;2;1
202000028411;154 692 301;7;4;0;1;1;1
202000028412;154 692 298;7;0;2;8;9;1
202000028412;154 692 299;17;0;2;2;1;1
202000028412;154 692 300;7;13;2;1;1;1
202000028413;154 692 296;13;0;2;1;2;1
202000028413;154 692 297;7;0;2;4;2;1
202000028414;154 692 294;31;0;2;7;3;1
202000028414;154 692 295;7;0;2;3;11;1
202000028415;154 692 292;7;0;2;2;26;1
202000028415;154 692 293;33;0;2;1;0;1
202000028416;154 692 284;15;0;2;0;0;1
202000028416;154 692 285;7;0;0;0;0;0
202000028416;154 692 286;7;0;0;0;0;1
202000028416;154 692 287;7;0;0;0;0;1
202000028416;154 692 288;17;0;0;0;0;1
202000028416;154 692 289;10;0;0;0;0;1
202000028416;154 692 290;10;0;0;0;0;1
202000028416;154 692 291;10;0;0;0;0;1
202000028417;154 692 283;7;4;0;0;14;1
202000028418;154 692 280;7;0;2;6;2;1
202000028418;154 692 281;7;0;2;4;2;1
202000028418;154 692 282;10;0;2;1;2;1
202000028419;154 692 278;7;0;2;4;1;1
202000028419;154 692 279;7;0;2;1;1;1
202000028420;154 692 275;7;0;2;4;26;1
202000028420;154 692 276;10;4;2;4;26;1
202000028420;154 692 277;7;0;2;1;2;1
202000028421;154 692 273;7;8;2;6;15;1
202000028421;154 692 274;7;0;2;2;17;1
202000028422;154 692 271;7;0;9;1;19;1
202000028422;154 692 272;99;0;2;7;19;5
202000028423;154 692 269;50;0;2;1;1;3
202000028423;154 692 270;7;0;9;7;16;1
202000028424;154 692 266;7;0;2;6;24;1
202000028424;154 692 267;7;1;2;8;7;1
202000028424;154 692 268;7;0;2;2;12;0
202000028425;154 692 264;7;0;2;3;9;0
202000028425;154 692 265;7;0;2;2;1;0
202000028426;154 692 262;7;0;2;5;0;1
202000028426;154 692 263;2;0;2;8;0;1
202000028427;154 692 260;7;0;2;3;1;1
202000028427;154 692 261;7;0;2;1;12;1
202000028428;154 692 258;31;0;2;8;1;1
202000028428;154 692 259;7;0;2;1;16;1
202000028429;154 692 256;7;0;2;3;9;1
202000028429;154 692 257;60;0;2;1;9;5
202000028430;154 692 255;7;0;1;2;1;1
202000028431;154 692 254;7;12;0;7;14;1
202000028432;154 692 252;2;0;2;1;17;1
202000028432;154 692 253;7;0;2;2;9;1
202000028433;154 692 250;7;0;2;1;1;6
202000028433;154 692 251;7;0;2;7;1;6
202000028434;154 692 248;7;0;2;5;15;1
202000028434;154 692 249;32;0;2;1;1;1
202000028435;154 692 246;7;0;2;4;1;1
202000028435;154 692 247;7;0;2;1;1;3
202000028436;154 692 244;2;0;2;8;1;1
202000028436;154 692 245;7;0;2;1;15;1
202000028437;154 692 242;1;0;2;8;1;0
202000028437;154 692 243;10;0;2;7;17;1
202000028438;154 692 240;7;0;2;0;16;1
202000028438;154 692 241;2;0;2;2;1;1
202000028439;154 692 237;7;0;1;1;1;1
202000028440;154 692 236;7;0;1;7;1;1
202000028441;154 692 234;20;0;2;1;2;1
202000028441;154 692 235;20;0;2;5;26;1
202000028442;154 692 233;7;2;0;2;1;1
202000028443;154 692 231;1;0;2;1;19;5
202000028443;154 692 232;7;0;2;2;1;1
202000028444;154 692 228;7;0;2;1;1;0
202000028444;154 692 229;7;0;2;1;17;1
202000028444;154 692 230;7;0;2;8;1;1
202000028445;154 692 226;2;0;2;2;1;1
202000028445;154 692 227;7;0;2;5;10;1
202000028446;154 692 224;7;0;2;3;1;1
202000028446;154 692 225;1;0;2;1;9;5
202000028447;154 692 222;7;0;2;4;23;1
202000028447;154 692 223;2;0;2;1;2;1
202000028448;154 692 220;99;0;2;7;19;6
202000028448;154 692 221;7;0;2;1;1;2
202000028449;154 692 218;7;0;2;1;2;1
202000028449;154 692 219;7;1;2;1;13;1
202000028450;154 692 217;7;0;1;3;15;1
202000028451;154 692 216;7;0;1;2;1;0
202000028452;154 692 215;33;1;0;1;13;1
202000028453;154 692 214;7;13;0;1;13;1
202000028454;154 692 212;7;0;1;4;4;1
202000028454;154 692 213;60;0;2;2;1;5
202000028455;154 692 210;31;0;2;1;17;1
202000028455;154 692 211;7;0;0;3;15;1
202000028456;154 692 209;30;1;0;2;14;1
202000028457;154 692 208;7;7;0;1;1;1
202000028458;154 692 206;7;0;2;3;1;1
202000028458;154 692 207;1;0;2;1;19;0
202000028459;154 692 204;1;1;2;0;0;5
202000028459;154 692 205;7;0;2;3;1;1
202000028460;154 692 202;7;0;2;2;15;0
202000028460;154 692 203;31;0;2;1;1;1
202000028461;154 692 200;2;0;2;1;1;1
202000028461;154 692 201;7;0;2;1;13;1
202000028462;154 692 198;7;0;2;2;1;1
202000028462;154 692 199;1;0;2;8;9;5
202000028463;154 692 196;33;0;2;7;14;1
202000028463;154 692 197;10;0;2;8;1;1
202000028464;154 692 194;7;0;2;2;1;1
202000028464;154 692 195;7;0;2;3;1;1
202000028465;154 692 193;7;0;1;7;1;1
202000028466;154 692 191;13;0;2;3;13;1
202000028466;154 692 192;7;0;2;3;1;1
202000028467;154 692 189;7;0;2;5;1;1
202000028467;154 692 190;7;0;2;2;16;1
202000028468;154 692 179;1;0;9;9;1;5
202000028468;154 692 180;7;0;2;0;17;1
202000028468;154 692 181;1;0;9;9;1;5
202000028468;154 692 182;1;0;9;9;1;5
202000028468;154 692 183;1;0;9;9;1;5
202000028468;154 692 184;1;0;9;9;1;5
202000028468;154 692 185;1;0;9;9;1;5
202000028468;154 692 186;1;0;9;9;1;5
202000028468;154 692 187;1;0;9;9;1;5
202000028468;154 692 188;1;0;9;9;1;5
202000028469;154 692 178;10;0;1;1;1;1
202000028470;154 692 176;32;0;2;1;1;1
202000028470;154 692 177;7;0;2;3;15;1
202000028471;154 692 175;30;0;0;4;23;1
202000028472;154 692 173;13;0;2;0;0;0
202000028472;154 692 174;34;14;0;8;11;1
202000028473;154 692 171;1;1;2;8;5;0
202000028473;154 692 172;7;15;9;1;20;1
202000028474;154 692 170;7;13;0;9;15;1
202000028475;154 692 168;33;0;2;1;3;1
202000028475;154 692 169;7;0;2;5;1;1
202000028476;154 692 164;32;0;2;7;1;1
202000028476;154 692 165;7;0;2;1;1;1
202000028477;154 692 163;7;0;1;2;1;1
202000028478;154 692 162;33;0;1;1;1;1
202000028479;154 692 159;2;0;2;3;1;1
202000028479;154 692 160;30;0;2;6;23;1
202000028479;154 692 161;7;0;2;2;1;1
202000028480;154 692 157;1;0;2;1;1;5
202000028480;154 692 158;7;0;2;8;22;1
202000028481;154 692 156;80;12;0;2;26;3
202000028482;154 692 155;2;0;1;3;1;3
202000028483;154 692 153;7;0;2;8;22;1
202000028483;154 692 154;1;0;2;1;1;5
202000028484;154 692 151;7;0;2;7;16;0
202000028484;154 692 152;7;0;2;8;7;1
202000028485;154 692 149;7;0;2;3;1;2
202000028485;154 692 150;1;0;2;7;1;5
202000028486;154 692 147;10;0;2;1;16;1
202000028486;154 692 148;50;0;2;1;19;3
202000028487;154 692 146;7;0;1;2;0;1
202000028488;154 692 144;2;0;9;4;2;1
202000028488;154 692 145;7;0;2;1;2;1
202000028489;154 692 143;10;0;1;1;9;1
202000028490;154 692 141;7;0;2;3;1;1
202000028490;154 692 142;7;9;2;8;1;1
202000028491;154 692 139;7;0;2;6;0;2
202000028491;154 692 140;7;0;2;2;21;1
202000028492;154 692 137;7;1;0;4;26;1
202000028492;154 692 138;1;0;2;4;15;5
202000028493;154 692 136;3;0;1;1;26;1
202000028494;154 692 135;7;0;1;2;1;1
202000028495;154 692 133;7;0;2;1;1;1
202000028495;154 692 134;7;0;2;3;16;2
202000028496;154 692 131;7;0;2;7;16;1
202000028496;154 692 132;31;0;2;8;16;1
202000028497;154 692 129;32;1;0;2;0;1
202000028497;154 692 130;7;0;2;3;22;1
202000028498;154 692 128;30;0;0;0;1;1
202000028499;154 692 126;7;1;0;2;14;0
202000028499;154 692 127;37;0;0;6;0;0
202000028500;154 692 124;14;0;2;6;11;1
202000028500;154 692 125;34;0;2;7;15;1
202000028501;154 692 123;2;9;0;1;26;1
202000028502;154 692 121;7;0;2;7;1;1
202000028502;154 692 122;7;0;2;1;1;1
202000028503;154 692 119;7;0;2;1;1;1
202000028503;154 692 120;7;0;2;1;1;1
202000028504;154 692 116;7;0;2;1;1;1
202000028504;154 692 117;10;0;2;9;1;1
202000028504;154 692 118;7;0;2;1;1;1
202000028505;154 692 115;2;6;0;2;1;0
202000028506;154 692 113;7;0;2;3;16;1
202000028506;154 692 114;7;0;2;1;1;1
202000028507;154 692 111;33;0;2;1;2;1
202000028507;154 692 112;13;0;2;4;2;1
202000028508;154 692 110;14;4;0;1;6;1
202000028509;154 692 109;33;12;0;2;15;1
202000028510;154 692 107;7;0;2;3;1;1
202000028510;154 692 108;7;0;2;3;1;1
202000028511;154 692 106;15;0;1;2;23;1
202000028512;154 692 104;17;0;2;1;1;1
202000028512;154 692 105;7;0;2;4;19;1
202000028513;154 692 102;33;0;2;1;1;1
202000028513;154 692 103;7;0;2;3;19;1
202000028514;154 692 100;2;0;2;1;1;1
202000028514;154 692 101;7;0;2;2;15;1
202000028515;154 692 099;7;3;0;3;13;1
202000028516;154 692 097;7;0;2;1;1;1
202000028516;154 692 098;7;0;2;1;5;1
202000028517;154 692 095;7;0;2;1;1;1
202000028517;154 692 096;7;0;2;7;19;1
202000028518;154 692 093;7;0;2;1;17;1
202000028518;154 692 094;7;4;0;4;17;1
202000028519;154 692 092;7;0;1;2;1;1
202000028520;154 692 090;2;0;2;1;1;1
202000028520;154 692 091;7;0;2;8;10;1
202000028521;154 692 089;2;0;0;0;1;6
202000028522;154 692 088;7;13;0;8;13;1
202000028523;154 692 086;7;0;2;3;9;1
202000028523;154 692 087;15;0;2;2;1;1
202000028524;154 692 084;7;0;2;2;15;1
202000028524;154 692 085;33;0;2;1;1;1
202000028525;154 692 083;34;0;0;0;1;1
202000028526;154 692 081;2;0;0;1;17;1
202000028526;154 692 082;32;0;0;1;17;1
202000028527;154 692 078;10;0;0;8;1;1
202000028528;154 692 076;7;0;2;2;15;0
202000028528;154 692 077;7;0;2;1;1;0
202000028529;154 692 074;7;0;2;3;17;1
202000028529;154 692 075;14;0;2;3;1;1
202000028530;154 692 072;33;0;2;1;21;1
202000028530;154 692 073;99;0;0;4;1;1
202000028531;154 692 071;7;1;0;2;1;1
202000028532;154 692 068;7;0;2;2;1;1
202000028532;154 692 069;7;0;2;1;1;2
202000028533;154 692 066;7;0;2;3;1;1
202000028533;154 692 067;7;0;2;1;13;0
202000028534;154 692 065;7;6;0;3;1;1
202000028535;154 692 063;7;0;2;2;12;0
202000028535;154 692 064;33;0;2;8;2;0
202000028536;154 692 062;7;4;0;3;13;1
202000028537;154 692 060;7;0;2;1;2;1
202000028537;154 692 061;7;0;2;4;2;1
202000028538;154 692 058;7;4;2;3;1;1
202000028538;154 692 059;17;0;2;5;12;1
202000028539;154 692 057;1;0;0;0;1;5
202000028540;154 692 056;32;1;0;2;1;1
202000028541;154 692 055;7;1;0;2;1;1
202000028542;154 692 054;7;4;0;1;12;1
202000028543;154 692 052;7;0;2;5;1;1
202000028543;154 692 053;7;0;2;1;9;1
202000028544;154 692 050;34;0;2;1;1;1
202000028544;154 692 051;34;0;2;4;10;1
202000028545;154 692 049;7;0;1;2;1;1
202000028546;154 692 047;3;0;2;5;11;1
202000028546;154 692 048;2;0;2;1;1;1
202000028547;154 692 046;33;0;2;7;1;1
202000028548;154 692 045;7;0;1;1;0;1
202000028549;154 692 043;30;0;2;1;26;1
202000028549;154 692 044;7;0;2;3;0;1
202000028550;154 692 039;7;0;2;2;1;1
202000028550;154 692 040;7;0;2;6;1;1
202000028550;154 692 041;7;1;2;2;5;1
202000028550;154 692 042;7;0;2;1;1;1
202000028551;154 692 038;7;12;0;9;14;1
202000028552;154 692 036;7;0;2;4;2;1
202000028552;154 692 037;7;0;2;1;2;1
202000028553;154 692 035;7;7;0;1;15;1
202000028554;154 692 033;7;0;2;3;1;0
202000028554;154 692 034;7;0;2;0;15;0
202000028555;154 692 031;7;0;2;0;2;1
202000028555;154 692 032;33;0;2;4;0;1
202000028556;154 692 030;33;15;0;9;1;1
202000028557;154 692 029;7;0;1;3;1;1
202000028558;154 692 027;7;0;2;2;15;1
202000028558;154 692 028;7;0;2;1;0;1
202000028559;154 692 026;7;0;1;1;26;1
202000028560;154 692 025;7;2;0;8;13;1
202000028561;154 692 024;7;0;1;3;1;1
202000028562;154 692 021;7;0;2;2;15;1
202000028562;154 692 022;33;0;2;1;1;1
202000028563;154 692 019;7;0;2;8;23;1
202000028563;154 692 020;33;0;2;7;15;1
202000028564;154 692 018;7;0;1;3;15;0
202000028565;154 692 017;7;2;0;7;1;1
202000028566;154 692 015;7;0;2;4;23;1
202000028566;154 692 016;7;0;2;1;2;1
202000028567;154 692 013;34;0;2;1;21;1
202000028567;154 692 014;10;0;2;6;10;1
202000028568;154 692 011;7;0;2;1;21;1
202000028568;154 692 012;7;0;2;7;1;1
202000028569;154 692 010;7;4;0;2;1;0
202000028570;154 692 008;7;0;2;3;10;0
202000028570;154 692 009;2;0;2;1;1;0
202000028571;154 692 006;7;0;2;5;15;0
202000028571;154 692 007;30;0;2;1;0;0
202000028572;154 692 005;7;2;0;0;1;1
202000028573;154 692 003;3;12;2;1;13;1
202000028573;154 692 004;7;0;2;3;26;1
202000028574;154 692 000;31;0;2;1;1;1
202000028574;154 692 001;7;0;2;3;1;1
202000028574;154 692 002;7;0;2;4;23;1
202000028575;154 691 998;1;0;2;1;15;5
202000028575;154 691 999;7;0;2;1;16;0
202000028576;154 691 996;7;0;2;3;9;1
202000028576;154 691 997;30;0;2;2;1;1
202000028577;154 691 994;1;0;2;1;1;5
202000028577;154 691 995;7;0;2;5;15;1
202000028578;154 691 993;7;0;1;3;1;2
202000028579;154 691 991;7;0;2;6;2;0
202000028579;154 691 992;33;0;2;1;26;0
202000028580;154 691 990;33;6;0;1;14;1
202000028581;154 691 988;7;0;2;3;16;1
202000028581;154 691 989;7;0;2;1;1;1
202000028582;154 691 986;33;0;2;1;13;0
202000028582;154 691 987;7;0;2;7;13;0
202000028583;154 691 984;7;3;2;1;1;0
202000028583;154 691 985;7;13;2;4;1;0
202000028584;154 691 982;7;0;2;1;1;1
202000028584;154 691 983;7;0;2;3;16;1
202000028585;154 691 980;7;0;2;7;16;1
202000028585;154 691 981;32;0;2;3;1;1
202000028586;154 691 977;7;0;2;3;1;1
202000028586;154 691 978;7;0;2;1;13;1
202000028586;154 691 979;15;0;2;1;1;1
202000028587;154 691 975;17;0;2;1;1;1
202000028587;154 691 976;7;0;2;1;17;1
202000028588;154 691 974;7;0;0;1;26;1
202000028589;154 691 973;7;3;0;1;1;6
202000028590;154 691 972;7;0;1;0;26;0
202000028591;154 691 969;17;0;2;1;6;1
202000028591;154 691 970;17;0;2;2;1;1
202000028591;154 691 971;17;0;2;2;1;1
202000028592;154 691 968;7;2;0;1;1;1
202000028593;154 691 966;7;0;9;1;1;1
202000028594;154 691 964;7;0;2;6;15;1
202000028594;154 691 965;33;0;2;1;1;1
202000028595;154 691 963;7;0;1;7;21;1
202000028596;154 691 962;7;2;0;8;1;1
202000028597;154 691 960;7;0;2;1;1;1
202000028597;154 691 961;7;0;2;7;1;1
202000028598;154 691 958;7;0;2;2;1;1
202000028598;154 691 959;1;0;2;4;1;5
202000028599;154 691 957;7;2;0;3;0;1
202000028600;154 691 955;7;0;9;7;2;1
202000028600;154 691 956;1;0;0;8;1;5
202000028601;154 691 954;33;0;0;8;14;1
202000028602;154 691 952;7;0;0;3;21;1
202000028602;154 691 953;7;0;2;3;17;1
202000028603;154 691 951;7;8;0;3;1;1
202000028604;154 691 948;33;5;0;1;21;1
202000028605;154 691 946;2;0;2;1;1;1
202000028605;154 691 947;7;0;2;3;1;1
202000028606;154 691 945;7;2;0;1;1;0
202000028607;154 691 943;7;0;0;6;2;1
202000028607;154 691 944;10;0;2;2;2;1
202000028608;154 691 942;7;0;6;1;0;1
202000028609;154 691 939;2;0;2;1;1;1
202000028609;154 691 940;7;0;2;3;15;1
202000028609;154 691 941;7;0;2;2;15;1
202000028610;154 691 938;7;13;0;2;1;1
202000028611;154 691 935;33;14;0;1;1;1
202000028612;154 691 934;7;4;0;3;17;1
202000028613;154 691 933;7;10;0;3;13;1
202000028614;154 691 931;10;0;9;5;4;1
202000028614;154 691 932;1;0;2;6;1;5
202000028615;154 691 930;2;13;0;7;1;1
202000028616;154 691 929;2;0;0;0;17;1
202000028617;154 691 927;7;0;2;3;0;1
202000028617;154 691 928;7;0;2;3;0;1
202000028618;154 691 925;2;0;2;8;1;1
202000028618;154 691 926;7;0;0;1;19;1
202000028619;154 691 923;7;0;1;4;23;1
202000028619;154 691 924;7;1;0;1;1;1
202000028620;154 691 921;1;0;2;7;19;5
202000028620;154 691 922;7;0;2;2;1;1
202000028621;154 691 919;7;0;2;1;1;6
202000028621;154 691 920;7;0;2;3;19;2
202000028622;154 691 917;7;0;0;1;1;1
202000028622;154 691 918;33;0;2;4;24;1
202000028623;154 691 914;7;0;2;6;2;1
202000028623;154 691 915;7;0;0;4;2;1
202000028623;154 691 916;7;0;2;2;2;1
202000028624;154 691 913;2;0;1;3;17;1
202000028625;154 691 912;7;2;0;1;1;1
202000028626;154 691 910;7;6;0;3;16;1
202000028627;154 691 908;10;0;2;3;2;1
202000028627;154 691 909;10;0;2;4;2;1
202000028628;154 691 906;7;0;2;1;2;1
202000028628;154 691 907;7;0;2;4;2;1
202000028629;154 691 904;7;4;0;1;26;1
202000028629;154 691 905;7;0;0;0;26;1
202000028630;154 691 902;7;0;2;5;1;1
202000028630;154 691 903;7;0;2;3;1;1
202000028631;154 691 901;7;9;0;1;1;1
202000028632;154 691 900;7;0;0;9;9;1
202000028633;154 691 897;7;4;2;2;1;1
202000028633;154 691 898;7;0;2;5;1;1
202000028633;154 691 899;7;0;2;1;1;1
202000028634;154 691 895;7;3;2;7;14;1
202000028634;154 691 896;7;3;2;3;1;1
202000028635;154 691 893;33;0;2;8;18;1
202000028635;154 691 894;7;0;2;2;12;1
202000028636;154 691 888;2;0;2;1;1;3
202000028636;154 691 889;7;0;2;3;15;1
202000028637;154 691 887;7;0;1;1;0;0
202000028638;154 691 885;7;0;2;3;1;1
202000028638;154 691 886;7;0;2;7;1;1
202000028639;154 691 884;33;0;1;2;7;1
202000028640;154 691 883;7;0;1;2;1;1
202000028641;154 691 881;7;1;0;8;14;1
202000028641;154 691 882;17;0;0;6;24;1
202000028642;154 691 878;30;0;4;3;19;6
202000028642;154 691 879;40;0;2;2;1;0
202000028643;154 691 877;7;1;0;2;14;1
202000028644;154 691 875;7;0;2;1;0;1
202000028644;154 691 876;7;0;2;1;0;1
202000028645;154 691 874;32;0;0;0;0;1
202000028646;154 691 873;7;6;0;1;14;1
202000028647;154 691 870;7;0;2;0;0;1
202000028647;154 691 871;7;0;2;4;0;1
202000028647;154 691 872;7;0;2;1;26;1
202000028648;154 691 868;7;0;2;2;19;1
202000028648;154 691 869;7;0;2;2;21;1
202000028649;154 691 866;7;0;2;3;13;1
202000028649;154 691 867;7;4;2;3;13;1
202000028650;154 691 865;7;8;0;8;17;1
202000028651;154 691 863;7;0;0;4;2;1
202000028651;154 691 864;7;0;2;1;2;1
202000028652;154 691 862;30;11;0;1;26;1
202000028653;154 691 861;7;0;1;3;2;1
202000028654;154 691 858;10;0;2;1;2;1
202000028654;154 691 859;7;0;2;1;1;1
202000028654;154 691 860;7;0;2;0;1;1
202000028655;154 691 857;30;12;0;1;1;1
202000028656;154 691 855;7;0;2;1;1;1
202000028656;154 691 856;1;0;2;4;1;5
202000028657;154 691 853;7;0;2;1;1;1
202000028657;154 691 854;50;0;2;2;1;3
202000028658;154 691 851;1;0;2;1;1;5
202000028658;154 691 852;7;0;2;1;19;1
202000028659;154 691 849;7;0;2;2;2;1
202000028659;154 691 850;33;0;2;1;1;1
202000028660;154 691 847;1;1;2;3;1;5
202000028660;154 691 848;7;0;2;6;22;1
202000028661;154 691 846;7;0;1;1;16;1
202000028662;154 691 845;7;0;1;4;4;3
202000028663;154 691 842;33;0;0;4;23;1
202000028663;154 691 843;7;0;2;1;26;0
202000028663;154 691 844;7;0;2;4;26;0
202000028664;154 691 840;7;0;2;2;13;1
202000028664;154 691 841;7;0;2;2;1;1
202000028665;154 691 839;7;0;1;1;0;1
202000028666;154 691 837;33;0;2;1;1;0