Num_Acc;id_vehicule;categorie_vehicule;obstacle_fixe;obstacle_mobile;point_choc_initial;manoeuvre_principale;motorisation
202000028666;154 691 838;10;0;0;4;1;0
202000028667;154 691 836;2;12;0;0;1;1
202000028668;154 691 835;31;0;0;7;26;1
202000028669;154 691 834;7;13;0;1;13;1
202000028670;154 691 830;7;0;2;1;2;1
202000028670;154 691 831;7;0;2;4;2;1
202000028670;154 691 832;7;0;2;4;2;1
202000028670;154 691 833;7;0;2;4;2;1
202000028671;154 691 829;31;0;0;0;1;1
202000028672;154 691 827;7;0;2;4;23;1
202000028672;154 691 828;7;1;0;1;21;1
202000028673;154 691 825;34;3;2;8;1;1
202000028673;154 691 826;7;0;2;7;12;1
202000028674;154 691 822;7;0;2;1;26;1
202000028674;154 691 823;7;0;2;4;0;1
202000028674;154 691 824;7;0;2;4;0;1
202000028675;154 691 816;7;0;2;1;2;1
202000028675;154 691 817;7;0;2;1;2;1
202000028675;154 691 818;7;0;2;1;2;1
202000028675;154 691 819;7;0;2;1;2;1
202000028675;154 691 820;7;0;2;4;2;1
202000028675;154 691 821;7;0;2;1;2;1
202000028676;154 691 813;7;0;2;5;1;0
202000028676;154 691 814;7;0;2;8;1;1
202000028676;154 691 815;32;0;2;1;17;1
202000028677;154 691 811;7;0;2;4;2;1
202000028677;154 691 812;7;0;2;1;2;1
202000028678;154 691 810;7;7;0;1;1;1
202000028679;154 691 808;7;0;2;5;1;1
202000028679;154 691 809;33;0;2;1;21;1
202000028680;154 691 806;7;0;2;4;2;1
202000028680;154 691 807;7;0;2;1;2;1
202000028681;154 691 803;7;0;2;5;1;1
202000028681;154 691 804;7;0;2;1;1;0
202000028681;154 691 805;7;0;2;1;1;1
202000028682;154 691 801;7;0;2;4;2;1
202000028682;154 691 802;7;0;2;1;2;1
202000028683;154 691 800;7;0;1;2;15;2
202000028684;154 691 798;10;0;2;3;9;1
202000028684;154 691 799;31;0;2;2;16;1
202000028685;154 691 796;7;12;2;1;14;1
202000028685;154 691 797;7;0;2;1;1;1
202000028686;154 691 795;30;0;1;1;26;1
202000028687;154 691 793;7;0;2;1;15;1
202000028687;154 691 794;32;0;2;8;0;1
202000028688;154 691 791;7;0;9;7;2;0
202000028688;154 691 792;2;0;2;8;2;6
202000028689;154 691 790;7;0;0;0;1;
202000028690;154 691 788;7;0;2;1;1;1
202000028690;154 691 789;7;0;2;2;1;1
202000028691;154 691 786;7;0;2;1;2;1
202000028691;154 691 787;1;0;2;7;19;5
202000028692;154 691 784;10;0;2;2;1;1
202000028692;154 691 785;7;0;2;8;9;1
202000028693;154 691 783;10;0;1;2;1;1
202000028694;154 691 782;37;0;1;8;15;1
202000028695;154 691 781;32;0;0;8;1;1
202000028696;154 691 779;7;12;0;2;1;1
202000028697;154 691 777;7;0;2;2;15;1
202000028697;154 691 778;33;0;2;1;2;1
202000028698;154 691 775;7;0;2;3;1;1
202000028698;154 691 776;1;0;2;1;0;5
202000028699;154 691 774;99;0;1;1;25;5
202000028700;154 691 773;7;6;0;1;1;1
202000028701;154 691 772;7;0;1;3;1;2
202000028702;154 691 770;30;14;2;1;26;0
202000028702;154 691 771;7;0;2;4;0;1
202000028703;154 691 768;2;0;2;1;1;1
202000028703;154 691 769;7;0;2;2;15;1
202000028704;154 691 765;7;2;2;8;1;0
202000028704;154 691 766;7;2;2;8;1;0
202000028704;154 691 767;10;0;2;3;17;1
202000028705;154 691 764;7;0;1;0;0;6
202000028706;154 691 762;10;0;2;1;0;1
202000028706;154 691 763;10;0;2;5;0;0
202000028707;154 691 760;1;0;2;1;1;6
202000028707;154 691 761;10;0;2;2;1;0
202000028708;154 691 758;7;0;2;0;17;1
202000028708;154 691 759;1;0;2;0;1;5
202000028709;154 691 756;7;0;2;8;10;1
202000028709;154 691 757;33;0;2;1;1;1
202000028710;154 691 754;50;0;2;1;1;3
202000028710;154 691 755;7;0;9;3;1;1
202000028711;154 691 752;7;0;2;3;9;1
202000028711;154 691 753;1;0;2;2;1;5
202000028712;154 691 750;7;0;2;1;1;1
202000028712;154 691 751;31;0;2;1;11;1
202000028713;154 691 747;7;0;2;1;2;1
202000028713;154 691 748;7;0;2;4;2;1
202000028713;154 691 749;32;0;2;4;2;1
202000028714;154 691 745;7;0;0;0;0;0
202000028714;154 691 746;32;0;2;4;26;1
202000028715;154 691 744;7;6;0;1;13;1
202000028716;154 691 743;7;0;1;1;1;1
202000028717;154 691 742;7;0;1;2;1;1
202000028718;154 691 740;33;0;2;1;16;1
202000028718;154 691 741;7;0;2;8;9;1
202000028719;154 691 739;33;0;1;1;1;1
202000028720;154 691 737;7;0;2;2;15;1
202000028720;154 691 738;33;0;2;1;1;1
202000028721;154 691 735;7;0;2;3;15;1
202000028721;154 691 736;32;0;2;1;17;1
202000028722;154 691 733;7;0;2;2;15;1
202000028722;154 691 734;30;0;2;1;1;1
202000028723;154 691 731;7;0;2;6;16;0
202000028723;154 691 732;1;0;2;1;19;5
202000028724;154 691 730;7;0;1;6;4;1
202000028725;154 691 729;30;12;0;1;1;1
202000028726;154 691 727;1;0;2;7;19;5
202000028726;154 691 728;7;0;2;1;9;1
202000028727;154 691 725;1;0;2;8;15;5
202000028727;154 691 726;32;0;2;7;2;1
202000028728;154 691 723;33;0;2;5;1;1
202000028728;154 691 724;33;0;2;3;1;1
202000028729;154 691 722;3;14;0;1;1;0
202000028730;154 691 721;32;0;0;7;1;0
202000028731;154 691 719;7;0;2;2;9;1
202000028731;154 691 720;34;0;2;1;8;1
202000028732;154 691 717;10;0;9;2;16;1
202000028732;154 691 718;30;0;2;3;1;1
202000028733;154 691 716;7;0;1;7;1;0
202000028734;154 691 715;7;2;0;1;1;1
202000028735;154 691 714;7;13;0;9;1;1
202000028736;154 691 713;33;6;0;1;13;1
202000028737;154 691 712;3;6;0;1;2;1
202000028738;154 691 711;32;0;0;3;0;0
202000028739;154 691 710;32;0;1;1;1;1
202000028740;154 691 708;7;0;2;6;11;3
202000028740;154 691 709;2;0;2;3;1;1
202000028741;154 691 706;37;0;2;3;8;1
202000028741;154 691 707;30;0;2;3;13;1
202000028742;154 691 704;7;0;2;1;1;1
202000028742;154 691 705;7;0;2;4;1;1
202000028743;154 691 702;7;0;2;3;1;1
202000028743;154 691 703;50;0;2;1;1;3
202000028744;154 691 700;7;0;2;7;10;1
202000028744;154 691 701;32;0;2;7;1;1
202000028745;154 691 699;1;0;0;0;21;5
202000028746;154 691 697;7;0;2;8;9;1
202000028746;154 691 698;1;0;2;2;1;5
202000028747;154 691 695;2;0;2;2;21;1
202000028747;154 691 696;7;0;2;6;20;1
202000028748;154 691 693;7;0;2;1;1;1
202000028748;154 691 694;31;0;2;0;0;1
202000028749;154 691 691;1;1;0;4;1;5
202000028749;154 691 692;7;0;2;3;24;3
202000028750;154 691 689;7;0;2;2;1;0
202000028750;154 691 690;7;0;2;1;15;1
202000028751;154 691 687;7;0;2;8;1;0
202000028751;154 691 688;7;0;2;1;1;0
202000028752;154 691 686;1;0;0;0;25;5
202000028753;154 691 685;30;14;0;1;14;1
202000028754;154 691 684;99;1;0;2;12;1
202000028755;154 691 683;34;0;1;1;1;0
202000028756;154 691 680;7;0;2;9;26;1
202000028756;154 691 681;7;0;2;6;1;1
202000028756;154 691 682;7;0;2;8;1;1
202000028757;154 691 678;1;0;0;0;0;6
202000028757;154 691 679;31;0;2;2;16;1
202000028758;154 691 676;7;0;2;1;0;1
202000028758;154 691 677;7;0;2;8;0;1
202000028759;154 691 674;7;0;2;3;1;1
202000028759;154 691 675;33;0;2;1;1;1
202000028760;154 691 673;33;3;0;7;14;1
202000028761;154 691 671;10;0;2;7;1;1
202000028761;154 691 672;7;0;2;3;9;1
202000028762;154 691 669;7;0;2;3;19;1
202000028762;154 691 670;33;0;2;1;1;1
202000028763;154 691 668;33;0;0;0;1;1
202000028764;154 691 667;7;0;1;2;21;1
202000028765;154 691 664;10;0;2;1;1;0
202000028765;154 691 665;7;0;0;6;1;1
202000028765;154 691 666;7;0;2;1;1;0
202000028766;154 691 663;33;13;0;1;2;1
202000028767;154 691 662;7;13;0;1;13;1
202000028768;154 691 661;7;0;0;1;0;1
202000028769;154 691 660;7;2;0;1;13;1
202000028770;154 691 658;7;0;2;3;15;1
202000028770;154 691 659;2;0;2;3;1;1
202000028771;154 691 657;7;13;0;1;14;1
202000028772;154 691 656;7;13;0;1;13;1
202000028773;154 691 654;7;13;0;1;1;6
202000028774;154 691 652;80;0;2;1;1;3
202000028774;154 691 653;7;0;2;3;9;1
202000028775;154 691 651;33;12;0;1;0;1
202000028776;154 691 650;7;13;0;3;1;1
202000028777;154 691 648;7;0;2;1;1;1
202000028777;154 691 649;7;0;2;1;13;1
202000028778;154 691 647;33;6;0;3;1;1
202000028779;154 691 646;7;0;1;0;0;1
202000028780;154 691 645;33;13;0;1;1;1
202000028781;154 691 644;2;0;9;1;1;0
202000028782;154 691 643;7;0;1;1;1;1
202000028783;154 691 642;2;0;0;0;0;1
202000028784;154 691 641;33;3;0;1;1;1
202000028785;154 691 639;2;0;2;2;1;1
202000028785;154 691 640;7;0;2;8;20;1
202000028786;154 691 637;2;0;2;7;19;1
202000028786;154 691 638;7;0;2;3;21;1
202000028787;154 691 636;7;7;0;2;0;0
202000028788;154 691 634;33;0;2;1;1;1
202000028788;154 691 635;7;0;2;6;19;1
202000028789;154 691 631;33;0;6;1;0;1
202000028790;154 691 629;7;0;2;1;5;1
202000028790;154 691 630;7;0;2;1;1;1
202000028791;154 691 627;7;0;2;7;19;1
202000028791;154 691 628;7;0;2;1;1;1
202000028792;154 691 625;7;0;0;1;2;1
202000028792;154 691 626;33;0;0;1;2;1
202000028793;154 691 623;1;0;2;1;2;5
202000028793;154 691 624;1;0;2;1;2;5
202000028794;154 691 622;7;13;0;1;13;1
202000028795;154 691 620;7;0;2;1;1;1
202000028795;154 691 621;7;0;2;2;13;1
202000028796;154 691 619;7;0;0;9;1;6
202000028797;154 691 617;7;13;0;3;16;1
202000028797;154 691 618;7;13;2;1;19;1
202000028798;154 691 616;33;0;6;2;1;1
202000028799;154 691 614;7;0;2;5;15;1
202000028799;154 691 615;31;0;2;1;1;1
202000028800;154 691 612;33;0;2;1;1;1
202000028800;154 691 613;7;0;0;8;15;1
202000028801;154 691 610;36;0;2;3;5;1
202000028801;154 691 611;10;0;2;1;1;1
202000028802;154 691 609;33;0;0;0;1;1
202000028803;154 691 608;7;0;1;2;1;1
202000028804;154 691 605;7;3;0;9;14;1
202000028805;154 691 603;7;0;2;1;2;1
202000028805;154 691 604;7;0;0;4;2;1
202000028806;154 691 602;7;2;0;1;16;1
202000028807;154 691 601;7;3;0;1;14;1
202000028808;154 691 599;7;0;2;1;1;1
202000028808;154 691 600;7;0;0;4;12;1
202000028809;154 691 596;2;0;0;1;3;0
202000028809;154 691 597;7;0;0;6;15;0
202000028810;154 691 595;2;1;0;1;5;1
202000028811;154 691 594;33;3;0;2;1;1
202000028812;154 691 591;7;0;2;2;15;1
202000028812;154 691 592;33;0;2;1;1;1
202000028813;154 691 589;7;0;2;1;1;1
202000028813;154 691 590;33;0;2;1;1;1
202000028814;154 691 587;31;0;2;2;17;1
202000028814;154 691 588;7;0;0;6;17;1
202000028815;154 691 584;7;0;2;1;1;1
202000028815;154 691 585;7;0;2;3;1;0
202000028815;154 691 586;7;0;2;1;1;1
202000028816;154 691 582;31;0;2;1;2;1
202000028816;154 691 583;7;0;2;4;2;1
202000028817;154 691 580;7;0;2;4;11;1
202000028817;154 691 581;7;0;2;1;1;1
202000028818;154 691 576;7;0;2;4;1;1
202000028818;154 691 577;7;0;2;4;1;1
202000028818;154 691 578;7;0;2;4;1;1
202000028818;154 691 579;7;0;2;1;1;1
202000028819;154 691 573;7;0;2;4;2;1
202000028819;154 691 574;7;0;2;4;1;1
202000028819;154 691 575;10;0;2;1;2;1
202000028820;154 691 570;15;0;2;1;2;1
202000028820;154 691 571;37;0;2;1;2;1
202000028820;154 691 572;15;0;2;4;1;1
202000028821;154 691 568;7;0;2;4;2;1
202000028821;154 691 569;7;0;2;1;2;1
202000028822;154 691 565;7;0;2;4;2;1
202000028822;154 691 566;7;0;2;4;2;1
202000028822;154 691 567;7;0;2;1;2;1
202000028823;154 691 564;7;4;0;1;1;1
202000028824;154 691 563;7;4;0;1;21;2
202000028825;154 691 561;7;0;2;0;13;1
202000028825;154 691 562;7;0;2;1;14;1
202000028826;154 691 557;7;0;2;1;2;1
202000028826;154 691 558;7;0;2;4;2;1
202000028826;154 691 559;7;0;2;4;2;1
202000028826;154 691 560;7;0;2;4;2;1
202000028827;154 691 555;7;0;2;5;1;1
202000028827;154 691 556;7;0;2;6;11;1
202000028828;154 691 551;7;0;2;4;2;1
202000028828;154 691 552;7;0;2;1;2;1
202000028828;154 691 553;7;0;2;4;2;1
202000028828;154 691 554;7;0;2;0;26;1
202000028829;154 691 549;7;0;2;2;15;1
202000028829;154 691 550;43;0;2;1;1;1
202000028830;154 691 547;33;0;2;1;1;1
202000028830;154 691 548;7;0;2;2;1;1
202000028831;154 691 544;7;0;2;1;2;1
202000028831;154 691 545;7;0;2;4;2;1
202000028831;154 691 546;7;0;2;4;2;1
202000028832;154 691 542;31;0;2;1;1;1
202000028832;154 691 543;7;0;2;8;1;1
202000028833;154 691 540;31;0;2;1;17;1
202000028833;154 691 541;7;0;2;8;15;1
202000028834;154 691 539;7;0;1;0;26;1
202000028835;154 691 535;7;0;2;2;17;1
202000028835;154 691 536;7;0;2;2;9;1
202000028835;154 691 537;7;0;2;1;2;1
202000028835;154 691 538;7;0;2;8;15;1
202000028836;154 691 533;32;0;2;6;13;1
202000028836;154 691 534;7;0;2;6;1;1
202000028837;154 691 532;7;0;1;3;11;1
202000028838;154 691 530;1;0;2;0;0;5
202000028838;154 691 531;7;0;2;3;9;1
202000028839;154 691 528;33;0;2;8;9;0
202000028839;154 691 529;7;0;2;3;9;0
202000028840;154 691 527;50;0;0;0;1;3
202000028841;154 691 524;7;0;2;4;1;1
202000028841;154 691 525;7;0;2;4;1;1
202000028841;154 691 526;7;0;2;1;1;1
202000028842;154 691 522;7;0;2;4;2;1
202000028842;154 691 523;7;0;2;1;2;1
202000028843;154 691 520;7;0;2;1;1;1
202000028843;154 691 521;7;0;2;5;16;1
202000028844;154 691 519;7;0;1;1;15;1
202000028845;154 691 517;7;0;2;3;26;1
202000028845;154 691 518;7;1;2;2;14;1
202000028846;154 691 516;7;6;0;0;13;1
202000028847;154 691 515;7;0;0;9;14;1
202000028848;154 691 513;7;0;2;3;15;1
202000028848;154 691 514;7;0;2;2;1;1
202000028849;154 691 511;2;0;2;1;1;1
202000028849;154 691 512;7;0;2;1;15;1
202000028850;154 691 509;7;0;2;2;1;1
202000028850;154 691 510;1;0;2;4;1;5
202000028851;154 691 508;33;10;0;1;26;1
202000028852;154 691 505;10;0;9;3;1;1
202000028852;154 691 506;1;0;2;1;19;5
202000028853;154 691 503;33;14;2;1;13;1
202000028853;154 691 504;7;0;0;3;23;1
202000028854;154 691 501;7;0;2;1;1;1
202000028854;154 691 502;7;0;2;7;15;1
202000028855;154 691 500;32;0;0;0;1;0
202000028856;154 691 499;33;6;0;2;0;1
202000028857;154 691 498;7;13;0;1;1;1
202000028858;154 691 497;10;0;1;2;13;1
202000028859;154 691 495;15;0;0;6;2;1
202000028859;154 691 496;10;0;2;1;2;1
202000028860;154 691 493;7;0;2;1;17;1
202000028860;154 691 494;7;6;2;8;15;1
202000028861;154 691 492;2;0;1;1;1;1
202000028862;154 691 490;15;0;2;2;12;1
202000028862;154 691 491;7;4;2;3;2;1
202000028863;154 691 488;1;0;2;8;0;5
202000028863;154 691 489;7;0;2;1;0;1
202000028864;154 691 486;1;0;2;0;0;5
202000028864;154 691 487;7;0;2;8;0;1
202000028865;154 691 485;7;1;0;1;0;0
202000028866;154 691 483;7;3;2;2;12;1
202000028866;154 691 484;7;0;2;3;1;1
202000028867;154 691 481;7;0;2;3;13;1
202000028867;154 691 482;7;0;2;2;2;1
202000028868;154 691 479;7;0;2;8;1;1
202000028868;154 691 480;1;0;2;1;19;5
202000028869;154 691 478;10;0;1;4;4;1
202000028870;154 691 477;7;0;1;1;1;1
202000028871;154 691 476;7;0;1;1;1;1
202000028872;154 691 475;7;0;1;5;4;1
202000028873;154 691 474;7;0;1;1;1;0
202000028874;154 691 473;20;0;1;2;1;1
202000028875;154 691 471;7;1;0;1;0;1
202000028876;154 691 469;14;0;2;1;2;1
202000028876;154 691 470;7;0;2;4;2;1
202000028877;154 691 467;7;0;2;2;2;1
202000028877;154 691 468;7;0;2;6;23;1
202000028878;154 691 466;33;12;0;8;1;1
202000028879;154 691 465;2;12;0;0;1;1
202000028880;154 691 464;7;1;0;1;13;6
202000028881;154 691 463;7;0;1;3;1;1
202000028882;154 691 462;7;0;0;0;1;1
202000028883;154 691 461;2;6;0;1;0;1
202000028884;154 691 460;7;2;0;1;13;1
202000028885;154 691 459;10;13;0;2;14;1
202000028886;154 691 457;1;0;2;0;19;5
202000028886;154 691 458;7;0;2;1;9;1
202000028887;154 691 455;10;0;2;2;1;1
202000028887;154 691 456;7;0;2;3;22;1
202000028888;154 691 454;33;0;9;1;26;0
202000028889;154 691 453;10;0;1;3;16;0
202000028890;154 691 451;7;0;2;1;15;1
202000028890;154 691 452;2;0;2;2;1;1
202000028891;154 691 450;0;0;1;0;0;0
202000028892;154 691 448;2;0;2;1;2;1
202000028892;154 691 449;7;0;2;4;2;1
202000028893;154 691 446;7;0;2;1;1;1
202000028893;154 691 447;7;0;2;1;15;1
202000028894;154 691 445;14;0;1;2;1;1
202000028895;154 691 444;33;6;0;1;1;1
202000028896;154 691 443;33;0;0;0;17;1
202000028897;154 691 441;2;0;0;4;0;1
202000028897;154 691 442;0;0;9;7;0;0
202000028898;154 691 440;33;3;0;0;1;1
202000028899;154 691 439;7;13;0;2;1;1
202000028900;154 691 438;7;8;0;3;0;0
202000028901;154 691 437;7;13;1;0;1;1
202000028902;154 691 435;15;0;0;6;1;1
202000028902;154 691 436;7;0;2;2;1;1
202000028903;154 691 433;33;0;2;2;1;1
202000028903;154 691 434;10;0;2;7;1;1
202000028904;154 691 432;33;0;0;8;1;1
202000028905;154 691 430;33;6;0;2;14;1
202000028906;154 691 429;7;6;0;2;1;1
202000028907;154 691 427;7;0;2;8;19;1
202000028907;154 691 428;33;0;2;1;1;1
202000028908;154 691 426;7;4;0;1;1;1
202000028909;154 691 424;7;0;2;2;1;1
202000028909;154 691 425;7;0;2;6;9;1
202000028910;154 691 423;32;1;0;1;19;0
202000028911;154 691 422;7;0;1;3;1;0
202000028912;154 691 420;2;0;2;1;18;0
202000028912;154 691 421;7;0;2;2;23;1
202000028913;154 691 418;7;6;2;3;1;1
202000028913;154 691 419;7;12;2;2;1;1
202000028914;154 691 416;32;0;2;9;1;1
202000028914;154 691 417;7;0;2;6;1;1
202000028915;154 691 415;7;0;0;0;1;1
202000028916;154 691 414;7;0;1;1;1;1
202000028917;154 691 412;30;0;2;1;1;1
202000028917;154 691 413;10;0;2;3;1;1
202000028918;154 691 410;7;8;2;6;15;1
202000028918;154 691 411;7;0;2;2;1;1
202000028919;154 691 408;7;0;2;2;19;1
202000028919;154 691 409;2;0;2;1;1;1
202000028920;154 691 406;32;0;2;7;19;1
202000028920;154 691 407;0;0;0;0;0;0
202000028921;154 691 405;99;1;0;1;26;0
202000028922;154 691 403;2;0;2;8;1;1
202000028922;154 691 404;3;0;2;1;1;0
202000028923;154 691 402;7;0;1;1;26;0
202000028924;154 691 401;31;2;0;1;1;1
202000028925;154 691 400;17;3;0;1;0;1
202000028926;154 691 399;33;8;0;1;1;1
202000028927;154 691 397;7;0;2;3;13;1
202000028927;154 691 398;7;0;2;3;1;1
202000028928;154 691 396;33;1;0;3;14;1
202000028929;154 691 393;21;0;2;6;15;1
202000028929;154 691 394;7;0;2;1;17;1
202000028930;154 691 392;7;6;0;2;14;1
202000028931;154 691 390;7;0;2;1;2;1
202000028931;154 691 391;80;0;2;4;2;3
202000028932;154 691 388;30;0;2;1;9;1
202000028932;154 691 389;7;12;2;3;1;1
202000028933;154 691 387;7;16;0;7;1;1
202000028934;154 691 386;7;2;0;9;1;1
202000028935;154 691 385;7;13;0;0;14;1
202000028936;154 691 384;33;7;0;1;1;1
202000028937;154 691 382;7;0;9;3;1;1
202000028937;154 691 383;33;0;2;1;1;1
202000028938;154 691 380;7;15;0;3;0;1
202000028939;154 691 379;7;13;0;1;1;1
202000028940;154 691 378;33;13;0;9;0;1
202000028941;154 691 377;10;3;0;9;1;1
202000028942;154 691 375;7;0;2;1;1;1
202000028942;154 691 376;7;0;2;2;1;1
202000028943;154 691 374;7;13;0;3;0;1
202000028944;154 691 373;7;0;0;3;13;1
202000028945;154 691 371;7;0;2;1;1;1
202000028945;154 691 372;3;6;2;1;15;1
202000028946;154 691 369;15;0;0;3;9;1
202000028946;154 691 370;7;0;2;1;9;1
202000028947;154 691 368;33;1;0;2;14;1
202000028948;154 691 366;7;0;2;2;2;1
202000028948;154 691 367;7;0;2;6;1;1
202000028949;154 691 364;7;0;2;1;1;1
202000028949;154 691 365;1;0;2;4;1;5
202000028950;154 691 362;37;0;2;6;1;0
202000028950;154 691 363;7;0;2;3;13;1
202000028951;154 691 361;33;0;5;1;1;1
202000028952;154 691 359;7;0;2;3;1;1
202000028952;154 691 360;7;0;2;7;15;1
202000028953;154 691 357;3;0;2;8;15;0
202000028953;154 691 358;0;0;2;7;1;1
202000028954;154 691 356;30;1;0;2;15;1
202000028955;154 691 354;10;0;2;5;23;1
202000028955;154 691 355;2;0;2;3;3;1
202000028956;154 691 353;7;11;0;1;1;1
202000028957;154 691 351;1;0;2;2;1;5
202000028957;154 691 352;7;0;2;3;22;1
202000028958;154 691 349;7;0;2;1;1;1
202000028958;154 691 350;31;0;2;8;1;1
202000028959;154 691 347;20;0;2;;;
202000028959;154 691 348;20;0;2;;;
202000028960;154 691 345;30;0;2;1;26;1
202000028960;154 691 346;7;0;2;3;1;1
202000028961;154 691 343;30;0;2;1;21;0
202000028961;154 691 344;7;0;2;2;21;1
202000028962;154 691 342;7;6;0;2;5;0
202000028963;154 691 341;30;0;0;8;15;1
202000028964;154 691 340;33;0;0;8;1;1
202000028965;154 691 339;7;0;1;1;1;0
202000028966;154 691 338;33;13;0;8;2;1
202000028967;154 691 337;7;3;0;1;14;1
202000028968;154 691 336;7;0;1;3;15;1
202000028969;154 691 334;1;0;2;1;1;5
202000028969;154 691 335;7;0;2;3;1;1
202000028970;154 691 333;33;16;0;9;1;1
202000028971;154 691 332;15;3;0;7;1;1
202000028972;154 691 331;7;8;0;1;2;1
202000028973;154 691 330;7;16;0;3;1;1
202000028974;154 691 329;7;2;0;0;2;1
202000028975;154 691 326;7;0;2;1;2;1
202000028975;154 691 327;7;0;0;5;23;1
202000028976;154 691 324;33;0;2;1;2;1
202000028976;154 691 325;7;3;0;4;2;1
202000028977;154 691 323;7;13;0;2;14;1
202000028978;154 691 322;10;0;1;4;4;1
202000028979;154 691 320;3;0;2;1;9;0
202000028979;154 691 321;7;0;2;2;1;0
202000028980;154 691 318;7;0;2;2;1;1
202000028980;154 691 319;7;0;2;3;9;1
202000028981;154 691 316;7;0;2;1;11;1
202000028981;154 691 317;10;0;2;6;1;1
202000028982;154 691 314;7;1;0;8;21;0
202000028982;154 691 315;30;0;2;8;13;6
202000028983;154 691 312;1;0;0;4;26;5
202000028983;154 691 313;7;0;0;2;26;0
202000028984;154 691 311;7;0;1;1;24;1
202000028985;154 691 309;7;0;2;1;9;6
202000028985;154 691 310;7;0;2;2;1;1
202000028986;154 691 308;7;12;0;1;13;1
202000028987;154 691 306;7;9;0;0;0;1
202000028987;154 691 307;10;0;2;3;1;0
202000028988;154 691 305;7;1;0;2;14;1
202000028989;154 691 303;7;0;2;5;20;1
202000028989;154 691 304;32;0;2;1;1;1
202000028990;154 691 301;7;0;2;2;15;1
202000028990;154 691 302;10;0;2;0;0;1
202000028991;154 691 300;7;0;0;1;0;1
202000028992;154 691 299;7;8;0;3;13;0
202000028993;154 691 297;0;0;2;0;15;0
202000028993;154 691 298;2;0;2;7;1;1
202000028994;154 691 295;7;0;1;3;1;1
202000028994;154 691 296;7;0;1;1;1;1
202000028995;154 691 293;7;0;2;0;26;0
202000028995;154 691 294;7;0;1;1;26;0
202000028996;154 691 292;7;2;0;1;13;1
202000028997;154 691 290;7;0;2;3;1;0
202000028997;154 691 291;7;0;2;2;15;1
202000028998;154 691 289;31;12;0;8;5;1
202000028999;154 691 288;7;0;1;4;4;1
202000029000;154 691 286;7;0;2;1;9;0
202000029000;154 691 287;33;0;2;7;0;0
202000029001;154 691 284;7;14;2;6;23;0
202000029001;154 691 285;33;14;2;3;13;0
202000029002;154 691 282;7;0;2;0;0;0
202000029002;154 691 283;7;0;2;5;1;1
202000029003;154 691 280;30;0;2;3;15;1
202000029003;154 691 281;2;0;2;2;1;0
202000029004;154 691 278;10;0;2;2;1;1
202000029004;154 691 279;30;0;2;1;1;1
202000029005;154 691 276;37;0;2;4;23;1
202000029005;154 691 277;7;0;2;1;2;1
202000029006;154 691 275;7;0;0;0;1;0
202000029007;154 691 273;7;13;0;9;0;0
202000029008;154 691 272;31;2;0;1;0;1
202000029009;154 691 271;33;8;0;0;16;1
202000029010;154 691 270;2;12;0;2;1;1
202000029011;154 691 269;7;0;0;3;1;1
202000029012;154 691 268;15;16;0;7;1;1
202000029013;154 691 266;7;0;2;1;1;1
202000029013;154 691 267;21;0;2;2;19;1
202000029014;154 691 265;7;0;0;9;1;1
202000029015;154 691 263;21;16;0;8;1;1
202000029016;154 691 262;33;0;0;3;0;1
202000029017;154 691 260;32;0;2;7;17;1
202000029017;154 691 261;7;0;2;8;15;1
202000029018;154 691 258;7;8;0;1;13;1
202000029019;154 691 256;7;0;2;1;15;0
202000029019;154 691 257;7;0;2;7;7;0
202000029020;154 691 254;50;0;2;1;1;3
202000029020;154 691 255;7;0;2;3;1;1
202000029021;154 691 252;10;0;2;8;1;1
202000029021;154 691 253;7;0;2;2;9;1
202000029022;154 691 250;1;0;2;2;1;5
202000029022;154 691 251;7;0;2;3;9;1
202000029023;154 691 248;7;0;2;3;13;1
202000029023;154 691 249;30;0;2;2;1;1
202000029024;154 691 245;7;0;2;1;26;0
202000029024;154 691 246;7;0;0;0;0;0
202000029024;154 691 247;7;0;0;0;0;0
202000029025;154 691 243;30;0;2;7;15;1
202000029025;154 691 244;32;0;2;1;1;1
202000029026;154 691 242;7;13;0;3;1;1
202000029027;154 691 240;7;0;2;1;5;1
202000029027;154 691 241;7;0;2;1;1;1
202000029028;154 691 238;7;0;2;2;0;1
202000029028;154 691 239;7;0;2;1;1;1
202000029029;154 691 237;7;3;0;2;26;1
202000029030;154 691 236;21;6;0;1;0;1
202000029031;154 691 234;7;0;2;3;1;1
202000029031;154 691 235;7;12;2;3;1;1
202000029032;154 691 233;7;8;0;1;13;6
202000029033;154 691 232;7;7;0;2;0;1
202000029034;154 691 231;33;2;0;2;14;1
202000029035;154 691 229;7;2;0;1;1;1
202000029036;154 691 228;33;3;0;8;1;1
202000029037;154 691 227;7;0;1;1;1;1
202000029038;154 691 225;7;0;2;4;1;1
202000029038;154 691 226;10;0;2;1;14;1
202000029039;154 691 223;7;0;0;4;2;1
202000029039;154 691 224;7;1;0;1;2;1
202000029040;154 691 222;7;16;0;3;21;1
202000029041;154 691 220;7;0;2;2;2;1
202000029041;154 691 221;10;0;2;6;21;1
202000029042;154 691 219;7;4;0;1;1;1
202000029043;154 691 217;7;0;2;0;0;0