Num_Acc;id_vehicule;categorie_vehicule;obstacle_fixe;obstacle_mobile;point_choc_initial;manoeuvre_principale;motorisation
202000029043;154 691 218;33;0;2;8;0;0
202000029044;154 691 215;7;0;2;1;0;1
202000029044;154 691 216;10;0;2;1;15;1
202000029045;154 691 214;7;0;1;0;0;0
202000029046;154 691 213;7;0;0;0;26;1
202000029047;154 691 211;7;0;2;4;1;1
202000029047;154 691 212;7;0;2;1;1;1
202000029048;154 691 209;7;0;0;0;10;0
202000029048;154 691 210;33;0;0;0;26;0
202000029049;154 691 207;99;0;2;1;1;0
202000029049;154 691 208;50;0;2;1;1;3
202000029050;154 691 205;2;0;2;1;2;1
202000029050;154 691 206;1;0;2;8;2;5
202000029051;154 691 203;7;0;9;3;26;1
202000029051;154 691 204;1;0;0;8;0;0
202000029052;154 691 202;7;13;0;9;1;1
202000029053;154 691 200;10;0;2;1;1;1
202000029053;154 691 201;7;0;2;2;15;1
202000029054;154 691 199;10;0;1;3;1;1
202000029055;154 691 197;1;0;2;1;1;5
202000029055;154 691 198;7;0;2;3;15;1
202000029056;154 691 196;33;0;1;0;1;1
202000029057;154 691 194;33;0;2;1;2;0
202000029057;154 691 195;33;0;2;4;21;1
202000029058;154 691 192;7;0;2;8;1;1
202000029058;154 691 193;7;0;2;1;15;1
202000029059;154 691 188;7;0;2;4;23;1
202000029059;154 691 189;7;0;2;1;2;1
202000029060;154 691 187;7;5;0;7;14;1
202000029061;154 691 185;7;0;2;7;14;1
202000029061;154 691 186;60;0;2;1;19;5
202000029062;154 691 183;7;0;2;1;1;1
202000029062;154 691 184;7;0;2;3;1;1
202000029063;154 691 181;7;0;2;3;13;1
202000029063;154 691 182;7;0;2;3;1;1
202000029064;154 691 179;37;0;2;3;9;1
202000029064;154 691 180;10;0;2;5;26;1
202000029065;154 691 177;2;0;2;1;1;1
202000029065;154 691 178;7;0;2;7;15;1
202000029066;154 691 176;30;0;0;0;1;1
202000029067;154 691 175;7;0;1;1;1;1
202000029068;154 691 174;10;0;1;2;2;0
202000029069;154 691 172;7;0;2;1;11;0
202000029069;154 691 173;7;0;0;6;1;0
202000029070;154 691 170;10;0;2;5;1;1
202000029070;154 691 171;10;0;2;3;9;1
202000029071;154 691 169;7;0;1;1;16;1
202000029072;154 691 167;7;0;2;1;13;1
202000029072;154 691 168;7;0;2;1;1;1
202000029073;154 691 166;36;6;0;1;13;1
202000029074;154 691 164;7;0;2;2;16;1
202000029074;154 691 165;7;0;2;3;15;1
202000029075;154 691 162;7;0;2;1;1;0
202000029075;154 691 163;33;0;2;4;1;1
202000029076;154 691 159;7;0;2;7;15;1
202000029076;154 691 160;7;0;2;1;1;1
202000029076;154 691 161;7;0;2;1;2;1
202000029077;154 691 157;7;0;2;3;16;1
202000029077;154 691 158;7;0;2;2;1;1
202000029078;154 691 155;7;14;0;6;16;1
202000029078;154 691 156;7;0;2;2;1;1
202000029079;154 691 154;33;16;0;8;1;1
202000029080;154 691 152;7;0;2;3;15;1
202000029080;154 691 153;32;0;2;1;1;1
202000029081;154 691 150;7;0;2;5;15;1
202000029081;154 691 151;34;0;2;1;1;1
202000029082;154 691 148;2;0;2;1;1;0
202000029082;154 691 149;10;0;2;8;13;0
202000029083;154 691 146;7;0;2;2;1;1
202000029083;154 691 147;7;0;2;8;1;1
202000029084;154 691 144;30;0;2;1;9;1
202000029084;154 691 145;7;0;2;6;9;1
202000029085;154 691 142;7;0;2;8;1;1
202000029085;154 691 143;30;0;2;8;1;1
202000029086;154 691 140;33;0;2;3;13;1
202000029086;154 691 141;7;0;2;2;1;1
202000029087;154 691 139;7;0;1;1;26;1
202000029088;154 691 137;10;0;2;2;1;1
202000029088;154 691 138;33;0;2;8;0;1
202000029089;154 691 135;33;0;2;8;1;1
202000029089;154 691 136;7;0;2;0;16;1
202000029090;154 691 133;7;14;0;4;0;0
202000029090;154 691 134;34;0;2;1;26;1
202000029091;154 691 132;7;0;1;7;1;1
202000029092;154 691 130;80;0;2;8;19;3
202000029092;154 691 131;3;0;9;1;1;1
202000029093;154 691 128;1;0;2;6;1;5
202000029093;154 691 129;10;0;2;2;16;0
202000029094;154 691 126;7;0;2;7;16;1
202000029094;154 691 127;1;0;2;8;1;5
202000029095;154 691 124;7;0;2;4;1;1
202000029095;154 691 125;7;0;2;1;2;1
202000029096;154 691 123;7;15;0;1;13;1
202000029097;154 691 121;7;0;2;6;20;1
202000029097;154 691 122;33;0;2;0;1;1
202000029098;154 691 120;7;0;1;1;1;1
202000029099;154 691 118;7;0;2;2;1;1
202000029099;154 691 119;7;0;2;1;9;1
202000029100;154 691 116;30;0;2;7;13;1
202000029100;154 691 117;7;0;2;8;0;1
202000029101;154 691 114;7;0;2;3;1;1
202000029101;154 691 115;7;0;2;1;15;1
202000029102;154 691 112;10;0;2;1;1;0
202000029102;154 691 113;7;0;2;4;1;0
202000029103;154 691 110;7;12;0;7;16;1
202000029103;154 691 111;30;12;2;8;18;1
202000029104;154 691 108;7;0;0;4;1;1
202000029104;154 691 109;2;0;2;1;1;1
202000029105;154 691 104;7;0;2;4;2;1
202000029105;154 691 105;7;0;2;4;2;1
202000029105;154 691 106;7;0;2;0;16;1
202000029105;154 691 107;10;0;2;1;9;1
202000029106;154 691 102;7;0;2;4;4;1
202000029106;154 691 103;1;0;2;7;1;6
202000029107;154 691 100;7;1;0;8;1;1
202000029107;154 691 101;17;0;2;4;24;6
202000029108;154 691 098;30;0;2;8;10;1
202000029108;154 691 099;7;0;2;2;1;3
202000029109;154 691 096;2;0;2;3;18;1
202000029109;154 691 097;7;0;2;8;1;1
202000029110;154 691 094;50;0;2;7;1;3
202000029110;154 691 095;10;0;2;1;1;1
202000029111;154 691 093;50;0;1;1;25;3
202000029112;154 691 091;1;0;2;7;1;5
202000029112;154 691 092;7;0;2;3;1;2
202000029113;154 691 089;7;0;2;8;15;1
202000029113;154 691 090;33;0;2;1;17;1
202000029114;154 691 088;7;0;1;3;1;1
202000029115;154 691 086;1;0;2;7;9;5
202000029115;154 691 087;7;0;2;1;16;1
202000029116;154 691 085;32;0;1;1;1;1
202000029117;154 691 083;32;0;2;2;3;1
202000029117;154 691 084;7;0;2;3;11;1
202000029118;154 691 082;1;12;0;8;13;5
202000029119;154 691 081;7;0;1;7;1;1
202000029120;154 691 080;50;0;1;8;1;3
202000029121;154 691 078;30;0;2;1;15;1
202000029121;154 691 079;30;0;2;1;1;1
202000029122;154 691 076;7;0;2;7;1;1
202000029122;154 691 077;30;0;2;8;18;1
202000029123;154 691 074;32;0;2;3;1;1
202000029123;154 691 075;10;0;2;1;15;1
202000029124;154 691 072;80;0;2;1;11;3
202000029124;154 691 073;7;0;2;1;1;0
202000029125;154 691 071;7;0;1;3;1;0
202000029126;154 691 070;7;0;1;3;21;1
202000029127;154 691 068;30;0;2;7;2;1
202000029127;154 691 069;13;0;2;2;16;1
202000029128;154 691 067;7;13;0;1;1;1
202000029129;154 691 064;7;0;2;1;15;0
202000029129;154 691 065;31;0;2;1;1;0
202000029130;154 691 062;7;0;2;1;3;0
202000029130;154 691 063;7;0;2;1;23;1
202000029131;154 691 061;2;0;0;0;1;1
202000029132;154 691 060;30;1;0;3;16;0
202000029133;154 691 058;7;0;2;2;15;1
202000029133;154 691 059;7;0;2;8;1;1
202000029134;154 691 056;7;0;2;2;21;1
202000029134;154 691 057;30;0;2;5;26;1
202000029135;154 691 054;33;0;2;3;0;6
202000029135;154 691 055;30;0;2;1;0;6
202000029136;154 691 053;2;0;0;0;2;1
202000029137;154 691 051;33;0;0;4;1;1
202000029137;154 691 052;33;0;2;1;2;1
202000029138;154 691 050;7;0;9;1;1;1
202000029139;154 691 049;7;0;6;1;21;1
202000029140;154 691 048;36;13;0;2;1;1
202000029141;154 691 046;1;0;2;1;1;6
202000029141;154 691 047;13;0;9;2;1;1
202000029142;154 691 045;21;13;0;0;1;1
202000029143;154 691 044;2;1;0;1;16;1
202000029144;154 691 042;7;0;2;2;13;1
202000029144;154 691 043;7;0;2;1;1;1
202000029145;154 691 040;10;0;2;2;19;1
202000029145;154 691 041;1;0;2;1;1;5
202000029146;154 691 038;7;0;2;2;1;1
202000029146;154 691 039;2;0;2;1;15;1
202000029147;154 691 036;2;0;2;2;5;1
202000029147;154 691 037;7;0;2;2;5;1
202000029148;154 691 035;32;16;0;0;21;1
202000029149;154 691 034;7;14;0;3;26;1
202000029150;154 691 032;15;0;2;4;1;1
202000029150;154 691 033;7;0;2;3;1;1
202000029151;154 691 031;7;2;0;8;17;1
202000029152;154 691 030;13;0;0;1;1;1
202000029153;154 691 029;7;8;0;1;1;1
202000029154;154 691 028;7;2;0;1;0;1
202000029155;154 691 026;7;0;2;8;2;1
202000029155;154 691 027;1;0;2;7;2;5
202000029156;154 691 024;7;;2;8;19;1
202000029156;154 691 025;15;0;2;7;1;1
202000029157;154 691 021;7;0;0;0;16;1
202000029157;154 691 022;7;0;2;3;1;1
202000029157;154 691 023;7;0;2;3;13;1
202000029158;154 691 020;7;0;0;1;26;1
202000029159;154 691 018;7;0;9;3;1;1
202000029159;154 691 019;1;0;2;3;1;5
202000029160;154 691 016;7;0;1;9;1;1
202000029160;154 691 017;7;0;2;1;15;1
202000029161;154 691 014;2;0;9;8;1;1
202000029161;154 691 015;1;0;2;8;15;5
202000029162;154 691 012;33;0;2;1;17;1
202000029162;154 691 013;7;0;2;3;15;1
202000029163;154 691 010;7;0;2;8;17;1
202000029163;154 691 011;33;0;2;8;21;1
202000029164;154 691 008;7;0;2;6;19;0
202000029164;154 691 009;33;0;2;1;1;0
202000029165;154 691 006;1;0;2;8;1;5
202000029165;154 691 007;7;0;2;7;16;0
202000029166;154 691 004;10;0;2;7;19;1
202000029166;154 691 005;7;0;2;1;1;1
202000029167;154 691 001;41;0;2;1;1;1
202000029167;154 691 002;16;0;9;3;26;6
202000029168;154 690 998;7;0;2;1;1;1
202000029168;154 690 999;2;0;2;1;1;1
202000029169;154 690 996;2;0;2;8;15;1
202000029169;154 690 997;2;0;2;1;17;1
202000029170;154 690 994;7;0;2;2;1;1
202000029170;154 690 995;1;0;2;4;1;5
202000029171;154 690 993;7;6;0;1;1;0
202000029172;154 690 991;7;0;2;3;1;1
202000029172;154 690 992;36;0;2;1;1;1
202000029173;154 690 990;7;0;1;1;1;1
202000029174;154 690 988;7;0;2;1;1;1
202000029174;154 690 989;7;0;2;3;1;1
202000029175;154 690 986;2;0;2;7;17;1
202000029175;154 690 987;21;0;2;3;15;1
202000029176;154 690 984;7;0;2;7;15;1
202000029176;154 690 985;33;0;2;1;1;1
202000029177;154 690 982;7;0;2;8;0;1
202000029177;154 690 983;1;0;2;8;26;5
202000029178;154 690 981;33;0;0;7;1;1
202000029179;154 690 979;32;0;2;1;1;1
202000029179;154 690 980;7;0;2;4;1;0
202000029180;154 690 978;7;0;1;1;9;1
202000029181;154 690 977;7;4;0;1;26;1
202000029182;154 690 973;7;0;2;1;15;1
202000029182;154 690 974;32;0;2;1;1;1
202000029183;154 690 971;7;0;2;2;1;1
202000029183;154 690 972;7;0;2;3;1;1
202000029184;154 690 968;7;0;2;1;1;1
202000029184;154 690 969;7;13;2;7;15;1
202000029185;154 690 966;7;3;2;1;1;0
202000029185;154 690 967;7;0;2;4;12;0
202000029186;154 690 965;7;6;0;1;21;1
202000029187;154 690 963;33;0;2;7;1;1
202000029187;154 690 964;7;0;2;3;9;1
202000029188;154 690 962;1;0;0;9;1;2
202000029189;154 690 961;2;0;0;0;1;1
202000029190;154 690 959;7;0;2;8;1;1
202000029190;154 690 960;2;0;2;7;1;1
202000029191;154 690 957;33;0;2;1;26;1
202000029191;154 690 958;10;0;2;5;15;1
202000029192;154 690 955;33;0;2;1;1;0
202000029192;154 690 956;10;0;2;1;15;0
202000029193;154 690 954;7;3;0;3;13;1
202000029194;154 690 951;10;4;2;5;1;1
202000029194;154 690 952;17;0;2;2;1;1
202000029194;154 690 953;10;0;2;0;0;0
202000029195;154 690 946;10;0;2;4;1;1
202000029195;154 690 947;7;0;2;6;1;1
202000029195;154 690 948;7;0;2;3;1;1
202000029195;154 690 949;7;3;2;0;2;1
202000029195;154 690 950;7;0;2;5;1;0
202000029196;154 690 944;7;0;2;7;1;1
202000029196;154 690 945;33;0;2;8;3;1
202000029197;154 690 940;7;0;2;1;2;1
202000029197;154 690 941;7;0;2;4;2;1
202000029197;154 690 942;7;0;2;4;2;1
202000029197;154 690 943;7;0;2;4;2;1
202000029198;154 690 938;14;0;2;8;12;1
202000029198;154 690 939;7;0;2;8;26;1
202000029199;154 690 937;30;0;1;2;1;1
202000029200;154 690 936;7;0;1;3;26;0
202000029201;154 690 935;10;13;0;7;1;1
202000029202;154 690 933;7;0;2;2;1;1
202000029202;154 690 934;1;0;2;4;1;5
202000029203;154 690 931;7;0;9;1;15;6
202000029203;154 690 932;2;0;2;7;2;6
202000029204;154 690 930;33;14;0;0;26;1
202000029205;154 690 929;34;0;1;1;1;0
202000029206;154 690 927;7;0;2;3;15;3
202000029206;154 690 928;7;15;2;8;1;1
202000029207;154 690 925;7;0;2;3;1;1
202000029207;154 690 926;34;0;2;1;13;1
202000029208;154 690 923;7;8;2;1;19;1
202000029208;154 690 924;7;0;2;1;26;1
202000029209;154 690 919;33;0;2;1;26;1
202000029209;154 690 920;7;0;2;7;1;1
202000029210;154 690 917;7;0;2;2;19;1
202000029210;154 690 918;7;9;0;1;7;1
202000029211;154 690 914;1;0;2;1;1;5
202000029211;154 690 915;1;0;2;1;1;5
202000029211;154 690 916;2;0;2;1;9;1
202000029212;154 690 912;10;0;2;3;15;1
202000029212;154 690 913;2;0;2;1;1;1
202000029213;154 690 909;1;0;2;4;2;5
202000029213;154 690 910;1;0;9;8;2;5
202000029213;154 690 911;7;0;9;2;2;1
202000029214;154 690 907;7;1;0;0;1;0
202000029214;154 690 908;7;1;0;0;5;0
202000029215;154 690 905;32;0;2;1;2;1
202000029215;154 690 906;7;0;2;6;15;1
202000029216;154 690 903;7;0;9;1;13;1
202000029216;154 690 904;7;0;9;6;2;1
202000029217;154 690 902;33;0;2;8;15;1
202000029218;154 690 901;33;0;0;7;1;0
202000029219;154 690 900;13;0;1;2;14;1
202000029220;154 690 899;33;0;0;7;16;1
202000029221;154 690 897;7;0;2;1;15;1
202000029221;154 690 898;2;0;2;1;1;1
202000029222;154 690 895;7;0;2;1;13;1
202000029222;154 690 896;10;0;2;1;1;1
202000029223;154 690 894;7;0;1;2;16;6
202000029224;154 690 892;30;0;;1;0;1
202000029224;154 690 893;40;0;2;1;0;3
202000029225;154 690 890;7;0;2;1;9;1
202000029225;154 690 891;7;0;2;2;0;1
202000029226;154 690 888;33;0;2;3;1;1
202000029226;154 690 889;7;0;2;2;16;1
202000029227;154 690 885;14;0;2;1;1;1
202000029227;154 690 886;7;0;2;4;1;1
202000029227;154 690 887;7;0;2;4;1;1
202000029228;154 690 883;1;0;2;7;1;5
202000029228;154 690 884;7;0;2;1;1;1
202000029229;154 690 881;31;0;2;7;9;1
202000029229;154 690 882;7;0;2;1;1;1
202000029230;154 690 878;7;0;2;8;1;1
202000029230;154 690 879;7;0;2;6;1;1
202000029230;154 690 880;7;0;2;3;13;1
202000029231;154 690 876;31;0;2;1;18;1
202000029231;154 690 877;7;0;2;2;15;1
202000029232;154 690 874;7;0;2;3;1;1
202000029232;154 690 875;7;0;2;3;15;1
202000029233;154 690 872;30;0;2;1;2;1
202000029233;154 690 873;7;0;2;4;2;1
202000029234;154 690 871;7;0;1;1;2;1
202000029235;154 690 870;7;8;0;7;2;1
202000029236;154 690 868;7;0;2;3;1;1
202000029236;154 690 869;7;0;2;1;15;1
202000029237;154 690 861;10;0;2;1;1;1
202000029237;154 690 862;7;0;2;4;2;1
202000029237;154 690 863;10;0;2;4;2;1
202000029238;154 690 860;7;0;1;3;1;1
202000029239;154 690 859;7;0;0;9;1;1
202000029240;154 690 856;2;0;2;1;1;1
202000029240;154 690 857;7;0;2;2;15;1
202000029241;154 690 854;7;0;2;1;13;1
202000029241;154 690 855;7;0;2;1;1;1
202000029242;154 690 851;10;0;0;0;26;1
202000029242;154 690 852;33;0;9;1;2;1
202000029242;154 690 853;7;0;2;0;0;1
202000029243;154 690 850;33;5;0;0;2;1
202000029244;154 690 849;7;5;0;1;2;1
202000029245;154 690 847;7;0;2;0;0;0
202000029245;154 690 848;10;0;2;2;1;1
202000029246;154 690 845;33;0;2;7;3;1
202000029246;154 690 846;7;0;2;8;11;1
202000029247;154 690 843;2;0;2;1;2;1
202000029247;154 690 844;7;0;2;4;2;1
202000029248;154 690 840;7;0;2;3;13;1
202000029248;154 690 841;10;0;2;8;1;1
202000029248;154 690 842;7;0;2;8;1;1
202000029249;154 690 837;7;0;2;6;1;1
202000029249;154 690 838;7;0;2;0;17;1
202000029249;154 690 839;7;0;2;1;17;1
202000029250;154 690 836;7;0;1;1;1;1
202000029251;154 690 834;1;0;2;8;1;6
202000029251;154 690 835;7;0;2;8;19;6
202000029252;154 690 832;30;0;2;1;21;1
202000029252;154 690 833;7;0;2;1;21;1
202000029253;154 690 831;30;0;0;0;26;1
202000029254;154 690 830;7;0;1;3;1;1
202000029255;154 690 829;7;1;0;1;1;1
202000029256;154 690 828;7;0;1;2;1;1
202000029257;154 690 827;10;0;1;1;1;1
202000029258;154 690 825;7;0;2;1;0;0
202000029258;154 690 826;34;0;2;4;21;0
202000029259;154 690 824;33;0;1;1;25;1
202000029260;154 690 822;7;0;2;6;1;1
202000029260;154 690 823;7;0;2;8;13;1
202000029261;154 690 821;7;0;1;2;16;1
202000029262;154 690 819;7;0;9;1;1;1
202000029262;154 690 820;50;0;2;3;11;3
202000029263;154 690 817;7;0;2;4;2;1
202000029263;154 690 818;10;0;2;1;2;1
202000029264;154 690 815;7;0;2;3;15;1
202000029264;154 690 816;7;0;2;1;1;1
202000029265;154 690 814;33;0;0;8;26;1
202000029266;154 690 812;33;0;2;8;1;1
202000029266;154 690 813;7;0;2;1;20;1
202000029267;154 690 810;99;0;1;0;15;1
202000029267;154 690 811;99;0;0;6;1;1
202000029268;154 690 809;7;2;0;2;0;1
202000029269;154 690 807;2;0;2;1;1;1
202000029269;154 690 808;7;0;2;1;15;1
202000029270;154 690 804;7;0;2;1;2;1
202000029270;154 690 805;7;0;2;4;2;1
202000029270;154 690 806;7;0;2;4;2;1
202000029271;154 690 803;10;0;1;4;20;1
202000029272;154 690 801;7;0;2;0;0;1
202000029272;154 690 802;7;0;0;0;0;1
202000029273;154 690 800;7;0;1;1;16;1
202000029274;154 690 798;2;0;2;1;1;1
202000029274;154 690 799;7;0;2;5;15;1
202000029275;154 690 797;10;7;0;3;1;1
202000029276;154 690 795;7;0;2;4;2;0
202000029276;154 690 796;7;0;2;3;26;1
202000029277;154 690 793;1;0;2;1;1;5
202000029277;154 690 794;7;0;2;0;15;1
202000029278;154 690 791;7;0;2;5;1;1
202000029278;154 690 792;7;0;2;3;12;1
202000029279;154 690 789;2;0;2;1;1;1
202000029279;154 690 790;7;0;2;2;1;1
202000029280;154 690 788;10;0;1;2;1;1
202000029281;154 690 786;7;0;2;2;1;1
202000029281;154 690 787;7;0;2;3;17;1
202000029282;154 690 784;10;0;2;2;20;1
202000029282;154 690 785;2;0;2;1;1;1
202000029283;154 690 782;30;0;2;1;15;1
202000029283;154 690 783;30;0;2;1;1;1
202000029284;154 690 780;7;0;2;1;2;1
202000029284;154 690 781;7;0;2;4;1;1
202000029285;154 690 778;2;0;2;1;1;1
202000029285;154 690 779;37;0;2;3;16;1
202000029286;154 690 776;7;0;2;2;16;1
202000029286;154 690 777;50;0;2;4;1;3
202000029287;154 690 774;7;1;0;3;22;1
202000029287;154 690 775;1;1;0;3;1;5
202000029288;154 690 773;31;14;0;8;16;1
202000029289;154 690 772;7;0;1;1;15;0
202000029290;154 690 770;7;0;2;0;22;1
202000029290;154 690 771;33;0;2;8;7;1
202000029291;154 690 769;43;0;1;2;1;1
202000029292;154 690 768;7;1;0;1;20;1
202000029293;154 690 767;10;8;0;1;14;1
202000029294;154 690 765;30;0;2;8;1;1
202000029294;154 690 766;7;0;2;2;14;1
202000029295;154 690 763;7;0;2;3;1;1
202000029295;154 690 764;1;0;2;1;19;1
202000029296;154 690 761;33;0;2;4;3;1
202000029296;154 690 762;33;0;2;1;3;1
202000029297;154 690 759;1;0;2;4;21;5
202000029297;154 690 760;10;0;2;0;17;0
202000029298;154 690 757;7;0;2;4;1;1
202000029298;154 690 758;7;0;2;1;2;1
202000029299;154 690 754;7;0;2;3;1;1
202000029299;154 690 755;7;1;0;6;23;1
202000029299;154 690 756;32;1;0;1;1;1
202000029300;154 690 752;7;0;2;1;5;1
202000029300;154 690 753;7;0;2;1;13;1
202000029301;154 690 751;7;0;1;1;15;3
202000029302;154 690 749;7;0;2;5;1;1
202000029302;154 690 750;1;0;2;3;1;5
202000029303;154 690 748;32;12;0;1;9;1
202000029304;154 690 746;7;0;2;8;9;1
202000029304;154 690 747;32;0;2;1;1;1
202000029305;154 690 744;30;0;2;1;15;1
202000029305;154 690 745;7;0;2;3;2;0
202000029306;154 690 742;7;0;2;1;18;1
202000029306;154 690 743;2;0;2;4;15;0
202000029307;154 690 740;7;0;2;5;15;1
202000029307;154 690 741;10;0;2;1;1;1
202000029308;154 690 739;10;15;0;1;26;1
202000029309;154 690 737;1;0;2;1;1;5
202000029309;154 690 738;7;0;2;8;24;1
202000029310;154 690 735;3;0;2;3;15;1
202000029310;154 690 736;2;0;2;3;1;3
202000029311;154 690 733;2;0;0;1;1;1
202000029311;154 690 734;7;0;2;3;17;1
202000029312;154 690 732;7;0;1;3;15;1
202000029313;154 690 729;10;0;2;6;4;1
202000029313;154 690 730;31;0;2;1;2;1
202000029314;154 690 728;7;0;1;2;1;0
202000029315;154 690 727;2;0;0;7;1;1
202000029316;154 690 725;10;0;2;2;16;1
202000029316;154 690 726;2;6;2;3;18;1
202000029317;154 690 724;2;0;0;7;1;1
202000029318;154 690 722;7;0;2;3;13;1
202000029318;154 690 723;33;0;2;1;1;4
202000029319;154 690 721;7;15;0;0;13;1
202000029320;154 690 720;7;2;0;8;0;1
202000029321;154 690 719;3;13;0;7;1;3
202000029322;154 690 717;2;0;2;8;2;1
202000029322;154 690 718;10;0;2;5;2;1
202000029323;154 690 716;7;6;0;2;1;1
202000029324;154 690 714;33;0;2;8;13;1
202000029324;154 690 715;7;0;0;8;1;6
202000029325;154 690 713;7;0;0;3;13;1
202000029326;154 690 711;7;0;2;1;0;0
202000029326;154 690 712;7;0;2;1;0;0
202000029327;154 690 710;10;13;0;1;0;1
202000029328;154 690 709;7;0;1;3;1;1
202000029329;154 690 707;7;0;2;1;1;1
202000029329;154 690 708;2;0;2;1;13;1
202000029330;154 690 705;33;0;2;1;1;1
202000029330;154 690 706;7;0;2;3;1;1
202000029331;154 690 704;7;8;0;7;1;1
202000029332;154 690 703;33;12;0;3;26;1
202000029333;154 690 701;7;0;2;1;2;1
202000029333;154 690 702;7;0;2;4;2;1
202000029334;154 690 700;7;3;0;7;2;1
202000029335;154 690 697;7;0;2;4;2;1
202000029335;154 690 698;7;0;2;1;2;1
202000029335;154 690 699;7;0;2;1;2;1
202000029336;154 690 695;7;4;2;2;23;1
202000029336;154 690 696;33;0;2;8;3;1
202000029337;154 690 692;7;0;2;4;2;1
202000029337;154 690 693;7;0;2;4;2;1
202000029337;154 690 694;7;0;2;1;2;1
202000029338;154 690 691;7;4;2;1;13;1
202000029339;154 690 688;7;0;2;5;1;1
202000029339;154 690 689;7;0;2;4;2;1
202000029339;154 690 690;7;0;2;1;2;1
202000029340;154 690 686;32;0;2;1;12;1
202000029340;154 690 687;7;0;2;6;1;1
202000029341;154 690 684;10;0;2;1;2;1
202000029341;154 690 685;7;0;2;3;9;1
202000029342;154 690 683;7;0;1;4;4;1
202000029343;154 690 681;32;0;2;3;1;1
202000029343;154 690 682;7;0;2;5;16;1
202000029344;154 690 680;33;1;0;2;0;1
202000029345;154 690 679;33;0;0;8;0;1
202000029346;154 690 677;7;0;2;3;0;0
202000029346;154 690 678;7;0;2;1;1;0
202000029347;154 690 676;31;14;2;0;6;1
202000029348;154 690 674;7;0;2;3;1;1
202000029348;154 690 675;7;0;2;6;1;1
202000029349;154 690 672;7;0;2;1;15;1
202000029349;154 690 673;7;0;2;1;1;1
202000029350;154 690 671;10;0;1;3;5;1
202000029351;154 690 670;7;0;0;0;14;1
202000029352;154 690 669;7;15;0;1;1;1
202000029353;154 690 668;7;1;0;1;1;1
202000029354;154 690 666;7;0;2;2;15;1
202000029354;154 690 667;32;0;1;1;13;1
202000029355;154 690 662;7;0;2;4;2;1
202000029355;154 690 663;7;0;2;3;1;1
202000029355;154 690 664;7;0;2;6;1;1
202000029355;154 690 665;7;0;2;3;14;1
202000029356;154 690 660;3;0;2;2;15;1
202000029356;154 690 661;31;0;2;1;2;1
202000029357;154 690 658;7;0;0;0;9;1
202000029357;154 690 659;1;0;2;0;21;5
202000029358;154 690 656;7;0;2;1;2;1
202000029358;154 690 657;7;0;2;4;1;1
202000029359;154 690 654;7;0;2;8;9;1
202000029359;154 690 655;1;0;2;1;1;5
202000029360;154 690 653;7;0;1;3;26;1
202000029361;154 690 652;7;15;0;1;9;1
202000029362;154 690 651;0;0;1;0;26;0
202000029363;154 690 649;1;0;2;1;17;5
202000029363;154 690 650;7;0;2;3;15;1
202000029364;154 690 648;7;1;0;2;15;1
202000029365;154 690 646;10;0;2;7;16;0
202000029365;154 690 647;30;0;2;1;1;0
202000029366;154 690 644;7;0;2;4;1;0
202000029366;154 690 645;7;0;2;1;1;0
202000029367;154 690 643;7;4;0;6;1;1
202000029368;154 690 641;7;0;2;4;2;1
202000029368;154 690 642;10;0;2;1;2;1
202000029369;154 690 638;7;0;2;1;2;1
202000029369;154 690 639;7;0;2;1;2;0
202000029369;154 690 640;10;0;0;6;2;0
202000029370;154 690 636;31;0;2;3;1;1
202000029370;154 690 637;7;0;2;5;1;1
202000029371;154 690 634;7;0;2;1;16;1
202000029371;154 690 635;7;0;2;1;1;1
202000029372;154 690 632;33;0;2;1;1;1
202000029372;154 690 633;38;0;2;1;15;1
202000029373;154 690 630;33;0;2;1;1;1
202000029373;154 690 631;7;0;2;7;15;1
202000029374;154 690 628;7;0;2;2;1;1
202000029374;154 690 629;7;0;2;4;1;1
202000029375;154 690 626;7;1;0;7;14;1
202000029376;154 690 624;1;0;2;4;1;5
202000029376;154 690 625;14;0;2;0;0;0
202000029377;154 690 622;7;15;0;1;0;1
202000029377;154 690 623;7;0;0;0;0;1
202000029378;154 690 620;34;0;2;1;9;3
202000029378;154 690 621;30;0;2;8;1;1
202000029379;154 690 619;7;15;0;1;1;1
202000029380;154 690 618;7;0;2;0;1;1
202000029381;154 690 617;7;3;0;1;1;1
202000029382;154 690 616;32;9;0;2;0;1
202000029383;154 690 614;7;0;2;6;1;1
202000029383;154 690 615;30;0;2;1;5;1
202000029384;154 690 613;33;4;0;8;13;1
202000029385;154 690 612;1;0;1;1;1;5
202000029386;154 690 610;33;0;2;5;23;1
202000029386;154 690 611;7;0;2;3;15;1
202000029387;154 690 608;33;0;2;4;23;1
202000029387;154 690 609;7;0;2;1;2;1
202000029388;154 690 607;7;0;1;2;16;1
202000029389;154 690 605;33;0;2;3;1;1
202000029389;154 690 606;7;0;2;2;15;1
202000029390;154 690 603;7;0;2;3;13;1
202000029390;154 690 604;33;1;2;1;17;1
202000029391;154 690 602;30;0;1;0;26;0
202000029392;154 690 600;30;0;2;3;16;1