Num_Acc;id_vehicule;categorie_vehicule;obstacle_fixe;obstacle_mobile;point_choc_initial;manoeuvre_principale;motorisation
202000030460;154 688 732;7;0;2;1;1;1
202000030460;154 688 733;7;0;2;4;1;1
202000030461;154 688 727;7;4;0;1;21;1
202000030462;154 688 725;10;0;2;4;13;1
202000030462;154 688 726;33;0;2;1;2;1
202000030463;154 688 720;7;0;2;8;1;1
202000030463;154 688 721;17;0;2;6;1;1
202000030463;154 688 722;7;0;2;7;12;1
202000030463;154 688 723;7;0;2;2;1;1
202000030463;154 688 724;7;0;2;7;1;1
202000030464;154 688 719;33;0;5;1;21;1
202000030465;154 688 717;7;0;2;1;13;1
202000030465;154 688 718;7;0;2;1;1;1
202000030466;154 688 716;30;0;0;1;26;1
202000030467;154 688 714;30;0;2;1;1;1
202000030467;154 688 715;7;0;2;3;15;1
202000030468;154 688 712;7;0;2;1;1;1
202000030468;154 688 713;2;0;2;0;0;1
202000030469;154 688 710;7;0;2;5;16;1
202000030469;154 688 711;2;0;2;1;11;1
202000030470;154 688 708;7;0;2;2;1;1
202000030470;154 688 709;7;0;2;4;23;1
202000030471;154 688 706;31;0;2;2;17;1
202000030471;154 688 707;7;0;2;3;17;1
202000030472;154 688 704;7;0;2;7;15;1
202000030472;154 688 705;7;0;2;1;1;1
202000030473;154 688 703;1;0;1;1;1;5
202000030474;154 688 701;7;0;2;7;1;1
202000030474;154 688 702;7;0;2;1;1;1
202000030475;154 688 700;7;4;0;1;1;1
202000030476;154 688 699;31;0;1;1;1;1
202000030477;154 688 697;7;0;2;2;9;1
202000030477;154 688 698;7;0;2;7;15;1
202000030478;154 688 695;7;0;2;1;13;1
202000030478;154 688 696;7;0;2;1;1;1
202000030479;154 688 694;32;0;1;1;17;1
202000030480;154 688 693;7;0;1;1;0;5
202000030481;154 688 692;7;0;1;2;1;1
202000030482;154 688 690;7;0;2;1;9;0
202000030482;154 688 691;7;0;2;7;2;0
202000030483;154 688 689;10;3;0;1;13;1
202000030484;154 688 686;7;0;2;5;2;1
202000030484;154 688 687;7;0;2;4;2;1
202000030484;154 688 688;7;3;2;1;2;1
202000030485;154 688 684;37;0;2;1;1;1
202000030485;154 688 685;7;0;2;1;13;1
202000030486;154 688 683;7;0;1;1;1;1
202000030487;154 688 681;7;0;2;7;15;1
202000030487;154 688 682;7;0;2;1;1;1
202000030488;154 688 679;7;0;2;3;15;1
202000030488;154 688 680;7;0;2;2;1;1
202000030489;154 688 677;7;0;2;2;15;1
202000030489;154 688 678;2;0;2;1;1;1
202000030490;154 688 675;7;0;2;4;15;1
202000030490;154 688 676;7;0;2;1;1;1
202000030491;154 688 674;7;0;1;1;16;1
202000030492;154 688 672;10;0;2;1;17;1
202000030492;154 688 673;7;0;2;1;1;1
202000030493;154 688 671;7;1;0;1;14;1
202000030494;154 688 670;7;3;0;8;1;1
202000030495;154 688 668;99;0;2;1;17;0
202000030495;154 688 669;99;0;2;8;19;6
202000030496;154 688 666;1;0;2;1;19;5
202000030496;154 688 667;7;0;2;6;9;1
202000030497;154 688 664;10;0;2;1;2;1
202000030497;154 688 665;10;0;2;4;2;1
202000030498;154 688 663;7;0;1;3;1;1
202000030499;154 688 662;30;0;0;8;0;1
202000030500;154 688 660;1;0;2;0;1;5
202000030500;154 688 661;7;0;2;1;15;1
202000030501;154 688 659;7;0;1;4;20;1
202000030502;154 688 657;7;0;2;5;15;1
202000030502;154 688 658;33;0;2;1;1;1
202000030503;154 688 655;7;0;2;1;1;1
202000030503;154 688 656;1;0;2;7;19;5
202000030504;154 688 652;7;0;2;1;2;1
202000030504;154 688 653;7;0;2;3;15;1
202000030504;154 688 654;7;0;2;8;5;1
202000030505;154 688 651;7;0;1;2;1;1
202000030506;154 688 649;7;0;2;2;15;1
202000030506;154 688 650;32;0;2;1;1;1
202000030507;154 688 648;7;9;0;9;26;1
202000030508;154 688 646;1;0;2;4;1;5
202000030508;154 688 647;7;0;2;1;12;1
202000030509;154 688 644;7;0;2;3;1;1
202000030509;154 688 645;7;0;2;3;5;1
202000030510;154 688 642;7;0;2;1;1;1
202000030510;154 688 643;7;8;2;2;19;1
202000030511;154 688 640;2;0;2;7;1;1
202000030511;154 688 641;7;0;2;1;15;1
202000030512;154 688 638;1;1;0;1;1;0
202000030512;154 688 639;7;0;0;3;22;1
202000030513;154 688 636;34;0;2;1;1;1
202000030513;154 688 637;7;0;2;7;10;1
202000030514;154 688 635;7;13;0;3;13;1
202000030515;154 688 633;7;0;2;1;19;1
202000030515;154 688 634;7;0;2;8;1;1
202000030516;154 688 632;7;0;1;5;26;1
202000030517;154 688 630;7;0;2;2;15;1
202000030517;154 688 631;7;0;2;1;19;1
202000030518;154 688 628;1;0;2;0;0;1
202000030518;154 688 629;7;0;2;5;0;1
202000030519;154 688 627;7;5;0;9;0;1
202000030520;154 688 626;1;0;1;0;0;5
202000030521;154 688 625;7;0;1;2;1;1
202000030522;154 688 623;1;0;2;1;1;5
202000030522;154 688 624;7;0;2;8;1;1
202000030523;154 688 621;7;0;2;8;1;1
202000030523;154 688 622;7;0;2;1;16;1
202000030524;154 688 619;10;0;2;3;26;0
202000030524;154 688 620;41;0;2;1;1;3
202000030525;154 688 618;7;0;1;3;1;1
202000030526;154 688 615;7;0;2;4;1;1
202000030526;154 688 616;7;0;2;1;1;1
202000030526;154 688 617;7;0;2;4;1;1
202000030527;154 688 614;7;0;1;3;1;1
202000030528;154 688 613;7;0;1;1;15;1
202000030529;154 688 611;7;0;2;0;19;1
202000030529;154 688 612;34;0;2;1;17;1
202000030530;154 688 610;34;15;0;1;1;1
202000030531;154 688 608;7;0;2;8;15;1
202000030531;154 688 609;7;0;2;1;1;1
202000030532;154 688 607;7;0;0;9;1;1
202000030533;154 688 606;2;15;0;7;14;1
202000030534;154 688 604;1;0;2;7;1;5
202000030534;154 688 605;7;0;2;3;9;1
202000030535;154 688 602;7;0;2;5;15;0
202000030535;154 688 603;7;0;2;3;1;0
202000030536;154 688 599;7;0;2;1;2;1
202000030536;154 688 600;7;0;2;4;2;1
202000030536;154 688 601;7;0;2;4;2;1
202000030537;154 688 598;7;2;0;1;1;1
202000030538;154 688 597;10;0;1;4;4;1
202000030539;154 688 595;10;0;2;7;15;1
202000030539;154 688 596;7;0;2;1;2;0
202000030540;154 688 593;7;0;2;2;15;1
202000030540;154 688 594;7;0;2;3;1;1
202000030541;154 688 591;7;0;2;3;1;1
202000030541;154 688 592;7;0;2;3;13;1
202000030542;154 688 590;7;2;0;1;1;1
202000030543;154 688 588;7;0;2;2;1;1
202000030543;154 688 589;7;0;2;3;1;1
202000030544;154 688 586;7;0;9;1;2;1
202000030544;154 688 587;31;0;2;4;2;1
202000030545;154 688 585;7;0;1;7;17;1
202000030546;154 688 583;1;0;2;8;7;5
202000030546;154 688 584;7;0;2;7;16;0
202000030547;154 688 582;37;0;1;6;15;0
202000030548;154 688 580;10;0;2;1;2;1
202000030548;154 688 581;7;0;2;4;2;1
202000030549;154 688 578;7;0;2;8;1;1
202000030549;154 688 579;1;0;2;1;1;5
202000030550;154 688 576;2;0;2;1;17;1
202000030550;154 688 577;7;0;2;3;1;1
202000030551;154 688 574;7;0;2;3;15;1
202000030551;154 688 575;2;0;2;1;17;1
202000030552;154 688 572;7;0;2;5;15;1
202000030552;154 688 573;30;0;2;1;1;1
202000030553;154 688 570;1;0;2;1;25;0
202000030553;154 688 571;7;0;2;2;1;1
202000030554;154 688 568;7;0;2;2;1;
202000030554;154 688 569;7;0;0;6;1;
202000030555;154 688 566;10;0;2;5;2;0
202000030555;154 688 567;7;0;2;3;16;1
202000030556;154 688 565;34;0;1;1;1;1
202000030557;154 688 563;10;0;1;0;26;0
202000030558;154 688 561;10;0;2;1;1;1
202000030558;154 688 562;7;0;2;4;15;1
202000030559;154 688 560;33;0;0;0;17;1
202000030560;154 688 557;7;0;2;4;23;1
202000030560;154 688 558;7;0;2;4;23;1
202000030560;154 688 559;7;0;2;1;1;1
202000030561;154 688 554;32;0;2;6;2;1
202000030561;154 688 555;10;0;2;2;1;0
202000030561;154 688 556;32;0;2;6;2;1
202000030562;154 688 552;43;0;2;1;1;1
202000030562;154 688 553;10;0;2;4;23;1
202000030563;154 688 551;7;0;1;1;1;1
202000030564;154 688 549;32;0;2;8;9;1
202000030564;154 688 550;2;0;2;0;17;1
202000030565;154 688 547;7;0;2;6;23;1
202000030565;154 688 548;2;0;2;0;1;0
202000030566;154 688 545;34;0;2;2;1;1
202000030566;154 688 546;1;0;2;0;15;5
202000030567;154 688 544;7;0;1;3;1;2
202000030568;154 688 542;30;0;2;7;17;1
202000030568;154 688 543;7;0;2;3;15;0
202000030569;154 688 541;32;0;0;0;21;1
202000030570;154 688 539;50;0;2;4;19;3
202000030570;154 688 540;32;0;2;1;1;1
202000030571;154 688 537;1;0;2;8;13;5
202000030571;154 688 538;32;0;2;8;1;1
202000030572;154 688 536;1;1;0;1;14;5
202000030573;154 688 534;7;0;2;0;15;1
202000030573;154 688 535;50;0;2;3;1;3
202000030574;154 688 533;7;0;1;2;1;1
202000030575;154 688 532;37;1;0;5;22;1
202000030576;154 688 530;34;8;2;1;2;1
202000030576;154 688 531;7;0;2;3;2;1
202000030577;154 688 528;34;0;2;1;2;1
202000030577;154 688 529;7;0;2;6;2;1
202000030578;154 688 527;7;0;1;1;15;1
202000030579;154 688 526;7;0;1;4;20;2
202000030580;154 688 524;33;0;2;1;1;1
202000030580;154 688 525;7;0;2;3;15;1
202000030581;154 688 522;30;0;2;1;1;1
202000030581;154 688 523;7;0;2;2;15;1
202000030582;154 688 520;10;0;2;8;15;1
202000030582;154 688 521;33;0;2;8;1;1
202000030583;154 688 518;30;0;2;1;17;1
202000030583;154 688 519;7;0;2;3;15;1
202000030584;154 688 516;10;0;0;4;23;1
202000030584;154 688 517;10;14;2;1;26;1
202000030585;154 688 514;7;0;2;0;0;0
202000030585;154 688 515;30;0;2;2;17;0
202000030586;154 688 512;7;0;2;1;19;1
202000030586;154 688 513;7;0;2;3;19;1
202000030587;154 688 510;7;0;2;3;9;1
202000030587;154 688 511;7;0;2;1;19;1
202000030588;154 688 508;33;1;0;1;15;0
202000030588;154 688 509;13;0;2;6;0;0
202000030589;154 688 506;34;0;2;1;1;0
202000030589;154 688 507;30;0;2;3;15;1
202000030590;154 688 504;33;0;2;0;0;0
202000030590;154 688 505;33;0;2;1;19;6
202000030591;154 688 503;10;12;0;3;13;1
202000030592;154 688 501;7;0;2;1;1;6
202000030592;154 688 502;1;0;2;1;1;6
202000030593;154 688 500;10;0;1;1;1;1
202000030594;154 688 498;7;0;2;0;0;1
202000030594;154 688 499;7;0;2;0;0;1
202000030595;154 688 496;7;0;2;3;15;1
202000030595;154 688 497;33;0;2;8;1;1
202000030596;154 688 495;7;13;0;9;19;1
202000030597;154 688 493;7;0;2;1;5;1
202000030597;154 688 494;33;0;2;1;1;1
202000030598;154 688 491;7;0;2;1;1;1
202000030598;154 688 492;7;0;2;7;1;1
202000030599;154 688 489;7;0;2;5;15;1
202000030599;154 688 490;1;0;2;1;1;5
202000030600;154 688 488;2;0;0;2;16;1
202000030601;154 688 486;7;0;2;1;1;1
202000030601;154 688 487;7;0;2;1;1;1
202000030602;154 688 485;7;6;0;0;1;1
202000030603;154 688 484;7;6;0;1;14;1
202000030604;154 688 483;33;16;0;3;1;1
202000030605;154 688 482;10;13;0;2;0;1
202000030606;154 688 481;7;13;0;0;1;0
202000030607;154 688 480;33;0;0;0;1;1
202000030608;154 688 478;1;0;9;4;1;6
202000030608;154 688 479;7;0;9;3;1;6
202000030609;154 688 477;7;11;0;2;2;1
202000030610;154 688 474;7;0;2;2;1;1
202000030610;154 688 475;7;0;2;3;19;1
202000030611;154 688 471;7;0;2;3;1;0
202000030611;154 688 472;7;0;2;1;1;0
202000030611;154 688 473;2;0;2;1;2;0
202000030612;154 688 470;7;0;1;4;26;1
202000030613;154 688 468;1;0;2;3;19;5
202000030613;154 688 469;7;0;9;3;15;1
202000030614;154 688 467;7;0;1;1;15;1
202000030615;154 688 466;7;0;1;1;1;1
202000030616;154 688 465;7;3;0;2;14;1
202000030617;154 688 463;7;0;2;3;15;1
202000030617;154 688 464;7;0;2;1;16;1
202000030618;154 688 461;7;0;2;1;1;1
202000030618;154 688 462;1;0;2;0;1;5
202000030619;154 688 460;7;1;0;1;26;1
202000030620;154 688 459;7;0;1;3;1;1
202000030621;154 688 458;7;0;1;1;0;0
202000030622;154 688 457;7;8;0;1;0;1
202000030623;154 688 455;2;0;2;7;16;1
202000030623;154 688 456;7;0;2;2;15;0
202000030624;154 688 454;7;7;0;1;1;1
202000030625;154 688 453;7;12;0;2;10;1
202000030626;154 688 451;7;0;2;3;1;1
202000030626;154 688 452;7;0;2;1;1;1
202000030627;154 688 450;10;0;1;1;1;1
202000030628;154 688 448;10;0;2;3;16;1
202000030628;154 688 449;34;0;2;8;1;1
202000030629;154 688 446;2;0;0;0;1;1
202000030629;154 688 447;7;0;0;0;1;1
202000030630;154 688 444;1;0;2;1;1;0
202000030630;154 688 445;1;0;2;4;1;5
202000030631;154 688 442;7;0;2;7;1;0
202000030631;154 688 443;33;0;2;7;1;1
202000030632;154 688 441;2;0;0;7;1;1
202000030633;154 688 440;2;6;0;0;16;1
202000030634;154 688 439;10;10;0;3;13;1
202000030635;154 688 438;7;2;0;1;15;1
202000030636;154 688 437;7;0;0;9;26;1
202000030637;154 688 436;33;2;0;0;0;1
202000030638;154 688 433;7;4;0;3;1;1
202000030639;154 688 431;7;0;2;1;1;1
202000030639;154 688 432;7;0;2;4;1;1
202000030640;154 688 429;7;0;2;3;18;1
202000030640;154 688 430;7;0;2;7;1;1
202000030641;154 688 427;7;0;2;4;2;1
202000030641;154 688 428;7;0;2;1;2;1
202000030642;154 688 426;7;0;2;6;24;1
202000030643;154 688 424;33;0;2;1;3;1
202000030643;154 688 425;7;0;2;8;11;1
202000030644;154 688 423;7;0;1;3;26;1
202000030645;154 688 422;7;0;1;1;19;1
202000030646;154 688 421;7;8;0;1;16;1
202000030647;154 688 419;99;0;2;1;9;1
202000030647;154 688 420;1;0;2;7;0;5
202000030648;154 688 418;7;2;0;1;13;1
202000030649;154 688 417;7;2;0;1;14;1
202000030650;154 688 415;2;0;2;1;1;1
202000030650;154 688 416;7;0;0;4;0;0
202000030651;154 688 413;7;0;2;4;2;1
202000030651;154 688 414;10;0;2;1;2;1
202000030652;154 688 412;7;2;0;1;1;1
202000030653;154 688 411;7;0;1;1;1;1
202000030654;154 688 410;7;16;0;1;0;1
202000030655;154 688 408;7;0;2;2;19;1
202000030655;154 688 409;32;0;2;2;1;1
202000030656;154 688 407;7;8;1;2;26;1
202000030657;154 688 406;10;3;0;8;13;1
202000030658;154 688 405;7;0;1;2;7;2
202000030659;154 688 404;7;7;0;1;1;1
202000030660;154 688 403;7;0;1;3;16;1
202000030661;154 688 401;34;0;2;7;0;1
202000030661;154 688 402;7;0;2;3;11;1
202000030662;154 688 400;33;15;0;1;19;0
202000030663;154 688 398;7;0;2;2;1;1
202000030663;154 688 399;7;0;2;7;13;1
202000030664;154 688 396;33;0;0;7;17;1
202000030664;154 688 397;7;0;2;8;26;1
202000030665;154 688 394;21;0;2;1;15;1
202000030665;154 688 395;33;0;2;1;13;1
202000030666;154 688 393;14;8;0;3;13;1
202000030667;154 688 392;7;16;0;0;14;1
202000030668;154 688 391;2;0;2;9;0;1
202000030669;154 688 390;7;4;0;7;2;1
202000030670;154 688 387;7;0;2;3;16;0
202000030670;154 688 388;7;0;2;3;23;1
202000030671;154 688 386;7;1;0;1;1;1
202000030672;154 688 384;7;0;2;1;2;1
202000030672;154 688 385;7;0;2;3;15;1
202000030673;154 688 383;7;0;1;1;20;1
202000030674;154 688 381;7;0;2;2;17;1
202000030674;154 688 382;7;0;2;8;15;1
202000030675;154 688 379;2;0;2;7;1;1
202000030675;154 688 380;7;0;2;1;9;1
202000030676;154 688 377;50;0;2;4;1;3
202000030676;154 688 378;7;0;2;1;1;0
202000030677;154 688 376;7;4;0;0;1;1
202000030678;154 688 375;7;7;0;3;1;1
202000030679;154 688 373;7;0;2;2;15;1
202000030679;154 688 374;30;0;2;3;1;1
202000030680;154 688 371;7;0;2;4;2;1
202000030680;154 688 372;7;0;2;1;2;1
202000030681;154 688 369;7;0;2;6;1;0
202000030681;154 688 370;7;0;2;3;15;0
202000030682;154 688 365;17;0;0;4;2;1
202000030682;154 688 366;13;0;2;1;1;1
202000030682;154 688 367;7;0;2;4;2;1
202000030682;154 688 368;14;0;2;4;2;1
202000030683;154 688 363;7;0;2;2;1;1
202000030683;154 688 364;7;0;2;3;1;1
202000030684;154 688 361;7;0;2;3;13;1
202000030684;154 688 362;7;0;2;1;1;1
202000030685;154 688 360;7;6;0;1;14;1
202000030686;154 688 358;7;0;0;4;1;1
202000030686;154 688 359;7;1;0;1;1;1
202000030687;154 688 357;7;0;1;7;0;1
202000030688;154 688 356;7;0;1;1;1;0
202000030689;154 688 354;7;0;2;3;10;1
202000030689;154 688 355;33;0;0;1;21;1
202000030690;154 688 353;7;15;0;1;1;1
202000030691;154 688 351;7;0;2;8;18;1
202000030691;154 688 352;21;0;2;7;13;1
202000030692;154 688 349;20;0;9;2;2;1
202000030692;154 688 350;2;0;2;8;18;1
202000030693;154 688 348;7;2;0;1;1;6
202000030694;154 688 347;2;1;0;1;1;1
202000030695;154 688 345;10;0;0;1;0;0
202000030695;154 688 346;17;9;0;1;1;1
202000030696;154 688 344;7;13;0;1;1;1
202000030697;154 688 343;36;13;0;2;14;1
202000030698;154 688 341;7;0;0;4;2;1
202000030698;154 688 342;7;0;2;1;12;1
202000030699;154 688 340;33;0;0;0;0;1
202000030700;154 688 339;10;0;1;0;1;1
202000030701;154 688 337;34;0;2;1;26;1
202000030701;154 688 338;7;0;2;8;19;1
202000030702;154 688 335;7;0;2;6;1;0
202000030702;154 688 336;80;0;2;1;1;3
202000030703;154 688 333;7;0;2;3;26;1
202000030703;154 688 334;50;0;2;1;26;3
202000030704;154 688 331;33;0;2;1;13;0
202000030704;154 688 332;99;0;2;3;23;0
202000030705;154 688 330;7;5;0;3;1;1
202000030706;154 688 328;1;0;2;7;1;5
202000030706;154 688 329;7;0;2;1;16;1
202000030707;154 688 326;32;0;2;1;1;1
202000030707;154 688 327;7;0;2;6;1;1
202000030708;154 688 325;30;0;0;0;16;1
202000030709;154 688 323;10;0;2;2;1;1
202000030709;154 688 324;1;0;2;1;1;5
202000030710;154 688 322;30;15;0;0;1;1
202000030711;154 688 321;7;12;0;3;13;1
202000030712;154 688 320;43;0;0;0;0;1
202000030713;154 688 319;7;0;1;1;15;1
202000030714;154 688 318;0;8;1;1;15;1
202000030715;154 688 317;7;0;1;2;1;1
202000030716;154 688 315;2;0;2;1;18;0
202000030716;154 688 316;7;0;2;2;16;0
202000030717;154 688 313;32;0;2;1;0;0
202000030717;154 688 314;1;0;2;1;26;5
202000030718;154 688 311;10;0;2;1;5;6
202000030718;154 688 312;7;0;2;8;16;0
202000030719;154 688 309;10;3;2;1;1;1
202000030719;154 688 310;32;0;2;2;1;1
202000030720;154 688 307;33;0;2;1;1;0
202000030720;154 688 308;10;0;2;3;1;0
202000030721;154 688 306;7;3;0;1;2;1
202000030722;154 688 305;7;0;1;1;1;0
202000030723;154 688 303;7;0;2;3;1;1
202000030723;154 688 304;7;0;2;8;13;1
202000030724;154 688 301;33;0;2;2;2;1
202000030724;154 688 302;33;0;0;4;1;1
202000030725;154 688 299;7;0;2;1;26;1
202000030725;154 688 300;33;0;2;3;21;1
202000030726;154 688 298;7;0;1;2;0;1
202000030727;154 688 297;10;2;0;1;13;1
202000030728;154 688 296;7;6;0;1;13;1
202000030729;154 688 295;17;6;0;1;1;1
202000030730;154 688 293;10;0;2;8;15;1
202000030730;154 688 294;33;0;2;1;17;1
202000030731;154 688 292;7;2;0;3;13;1
202000030732;154 688 291;7;2;0;1;1;1
202000030733;154 688 290;7;4;0;2;1;1
202000030734;154 688 289;33;6;0;3;2;0
202000030735;154 688 287;7;0;0;7;1;1
202000030735;154 688 288;80;0;2;1;1;3
202000030736;154 688 286;7;13;0;1;1;0
202000030737;154 688 284;33;0;2;1;0;0
202000030737;154 688 285;7;0;2;6;0;0
202000030738;154 688 282;7;0;2;4;2;1
202000030738;154 688 283;7;0;2;1;2;1
202000030739;154 688 281;7;0;1;1;15;1
202000030740;154 688 279;10;0;2;6;15;1
202000030740;154 688 280;31;0;2;1;26;1
202000030741;154 688 277;7;0;2;1;1;1
202000030741;154 688 278;7;0;2;2;1;1
202000030742;154 688 275;30;0;2;1;15;1
202000030742;154 688 276;7;0;2;3;1;1
202000030743;154 688 274;7;13;0;7;14;1
202000030744;154 688 272;7;0;2;1;1;1
202000030744;154 688 273;7;0;2;2;19;1
202000030745;154 688 270;33;0;2;1;0;0
202000030745;154 688 271;7;0;2;3;0;0
202000030746;154 688 268;7;0;2;1;1;1
202000030746;154 688 269;7;0;2;3;15;1
202000030747;154 688 266;33;0;1;1;1;1
202000030747;154 688 267;7;0;2;3;0;1
202000030748;154 688 264;32;0;2;1;1;1
202000030748;154 688 265;7;0;2;8;15;1
202000030749;154 688 263;7;0;1;2;17;1
202000030750;154 688 261;10;0;2;0;1;1
202000030750;154 688 262;10;0;2;0;20;1
202000030751;154 688 260;37;0;1;1;1;1
202000030752;154 688 259;7;0;1;2;1;1
202000030753;154 688 258;7;17;0;2;1;1
202000030754;154 688 256;10;0;2;3;13;1
202000030754;154 688 257;7;0;2;8;1;1
202000030755;154 688 255;7;6;0;1;1;1
202000030756;154 688 253;7;0;2;3;5;1
202000030756;154 688 254;7;0;2;3;1;1
202000030757;154 688 252;7;9;0;1;0;1
202000030758;154 688 251;7;13;0;1;0;0
202000030759;154 688 248;7;0;2;1;1;1
202000030759;154 688 249;7;0;2;1;13;1
202000030760;154 688 247;80;13;0;1;1;3
202000030761;154 688 246;7;0;0;1;26;0
202000030762;154 688 245;2;0;0;7;1;1
202000030763;154 688 244;7;0;0;9;1;0
202000030764;154 688 243;33;9;0;0;0;1
202000030765;154 688 242;10;10;0;8;1;6
202000030766;154 688 241;7;0;1;1;1;1
202000030767;154 688 239;7;0;2;3;1;1
202000030767;154 688 240;7;0;2;3;13;1
202000030768;154 688 238;7;0;1;2;2;1
202000030769;154 688 237;7;12;0;1;1;1
202000030770;154 688 234;7;0;0;0;0;1
202000030770;154 688 235;7;0;0;0;0;1
202000030770;154 688 236;7;0;2;4;0;1
202000030771;154 688 232;7;0;0;5;11;1
202000030771;154 688 233;30;0;2;1;3;1
202000030772;154 688 230;7;0;2;1;19;1
202000030772;154 688 231;37;0;2;3;19;1
202000030773;154 688 228;2;0;2;7;0;1
202000030773;154 688 229;7;0;2;3;9;1
202000030774;154 688 227;7;0;0;9;1;1
202000030775;154 688 225;7;0;2;1;26;1
202000030775;154 688 226;7;0;2;6;1;1
202000030776;154 688 223;7;0;2;3;1;1
202000030776;154 688 224;10;0;2;3;13;1
202000030777;154 688 219;10;0;2;1;1;1
202000030777;154 688 220;7;0;2;4;1;1
202000030777;154 688 222;7;0;2;4;1;1
202000030778;154 688 218;17;0;2;7;1;1
202000030778;154 688 221;10;4;2;8;1;1
202000030779;154 688 215;7;0;2;2;1;1
202000030779;154 688 217;7;0;2;2;15;1
202000030780;154 688 214;10;0;2;7;1;1
202000030780;154 688 216;30;0;2;1;1;1
202000030781;154 688 213;7;0;1;2;1;1
202000030782;154 688 211;30;0;0;0;9;0
202000030783;154 688 210;33;0;1;1;1;0
202000030784;154 688 212;7;11;0;2;1;1
202000030785;154 688 208;7;0;2;1;19;0
202000030785;154 688 209;7;0;2;1;1;0
202000030786;154 688 207;7;8;0;3;1;1
202000030787;154 688 206;30;0;0;9;26;1
202000030788;154 688 205;3;13;0;2;1;1
202000030789;154 688 204;10;0;1;1;1;1
202000030790;154 688 203;7;6;0;3;1;1
202000030791;154 688 201;7;0;2;2;13;1
202000030791;154 688 202;30;0;2;1;16;1
202000030792;154 688 199;7;0;1;2;1;1
202000030793;154 688 200;7;0;1;2;15;1
202000030794;154 688 197;7;0;2;3;9;1
202000030794;154 688 198;7;0;2;2;1;1
202000030795;154 688 195;7;0;1;1;1;1
202000030796;154 688 196;10;0;1;2;1;1
202000030797;154 688 192;7;0;2;4;2;0
202000030797;154 688 193;7;0;2;4;2;1
202000030797;154 688 194;7;0;2;1;2;1
202000030798;154 688 190;33;0;2;1;1;1
202000030798;154 688 191;13;0;2;7;15;1
202000030799;154 688 189;30;12;0;1;14;3
202000030800;154 688 188;7;0;1;1;1;1
202000030801;154 688 186;1;0;2;4;1;5
202000030801;154 688 187;7;0;9;1;2;1
202000030802;154 688 185;33;15;0;1;21;1
202000030803;154 688 183;7;0;2;3;13;1
202000030803;154 688 184;7;0;2;6;1;1
202000030804;154 688 181;7;0;2;4;1;1
202000030804;154 688 182;7;0;2;1;2;1
202000030805;154 688 178;7;0;2;4;23;1
202000030805;154 688 179;7;0;2;4;23;1
202000030805;154 688 180;7;0;2;1;2;1
202000030806;154 688 176;7;0;2;7;16;1
202000030806;154 688 177;1;0;2;1;19;5
202000030807;154 688 174;7;0;2;1;16;1
202000030807;154 688 175;33;0;2;2;7;1
202000030808;154 688 172;1;0;2;7;1;5
202000030808;154 688 173;7;0;2;1;15;1
202000030809;154 688 170;1;0;2;1;1;5
202000030809;154 688 171;7;0;2;1;15;1
202000030810;154 688 168;7;0;2;4;1;1
202000030810;154 688 169;7;0;2;4;1;1
202000030811;154 688 167;32;14;0;0;1;1
202000030812;154 688 165;50;0;2;0;0;3
202000030812;154 688 166;7;0;2;0;0;1
202000030813;154 688 163;7;0;2;0;0;1
202000030813;154 688 164;7;0;2;0;0;1
202000030814;154 688 162;7;1;0;1;0;1
202000030815;154 688 160;1;0;2;0;0;5
202000030815;154 688 161;7;0;9;0;0;1
202000030816;154 688 158;7;0;2;0;0;1
202000030816;154 688 159;2;0;2;0;0;1
202000030817;154 688 156;30;0;2;7;18;1
202000030817;154 688 157;7;0;2;7;16;1
202000030818;154 688 154;80;0;2;8;25;3
202000030818;154 688 155;7;0;2;1;0;1
202000030819;154 688 152;7;0;2;3;15;1
202000030819;154 688 153;31;0;2;1;1;1
202000030820;154 688 150;7;0;2;4;2;1
202000030820;154 688 151;7;0;2;1;2;1
202000030821;154 688 148;0;0;2;1;17;0
202000030821;154 688 149;7;0;2;8;15;1
202000030822;154 688 146;7;0;2;4;0;1
202000030822;154 688 147;7;0;2;1;26;1
202000030823;154 688 144;7;0;2;2;15;1
202000030823;154 688 145;7;0;2;3;15;1
202000030824;154 688 142;7;0;2;1;1;1
202000030824;154 688 143;7;0;2;2;1;1
202000030825;154 688 141;7;0;1;1;26;1
202000030826;154 688 140;7;0;1;3;1;1
202000030827;154 688 137;7;0;1;1;16;1
202000030828;154 688 136;1;0;1;3;1;5
202000030829;154 688 133;37;0;2;0;2;1
202000030829;154 688 134;50;1;0;1;13;3
202000030829;154 688 135;10;0;2;3;23;1
202000030830;154 688 131;7;0;2;4;1;1
202000030830;154 688 132;7;0;2;4;26;1
202000030831;154 688 130;1;0;0;1;26;5
202000030832;154 688 129;7;3;0;9;1;1
202000030833;154 688 127;1;0;2;1;25;5
202000030833;154 688 128;7;0;2;3;1;1
202000030834;154 688 125;7;0;2;1;1;1
202000030834;154 688 126;1;0;2;4;1;5
202000030835;154 688 124;7;0;1;0;2;1
202000030836;154 688 123;7;0;0;9;26;1
202000030837;154 688 121;7;0;2;5;24;1
202000030837;154 688 122;7;1;0;7;14;1