Num_Acc;id_vehicule;categorie_vehicule;obstacle_fixe;obstacle_mobile;point_choc_initial;manoeuvre_principale;motorisation
202000030838;154 688 119;10;0;0;2;24;0
202000030838;154 688 120;7;0;0;1;1;1
202000030839;154 688 117;33;0;2;1;1;1
202000030839;154 688 118;7;0;2;1;15;1
202000030840;154 688 115;31;0;2;5;1;1
202000030840;154 688 116;7;0;2;2;9;1
202000030841;154 688 111;7;0;2;4;1;1
202000030841;154 688 112;7;0;2;1;1;1
202000030841;154 688 113;7;0;2;4;1;1
202000030841;154 688 114;7;0;2;4;1;1
202000030842;154 688 108;13;0;2;3;2;1
202000030842;154 688 109;7;0;2;5;15;1
202000030842;154 688 110;7;0;2;2;26;1
202000030843;154 688 107;;0;1;0;1;
202000030844;154 688 105;33;0;2;1;1;1
202000030844;154 688 106;99;0;2;4;16;1
202000030845;154 688 103;1;0;2;8;16;5
202000030845;154 688 104;7;0;2;2;5;1
202000030846;154 688 101;7;0;2;1;13;1
202000030846;154 688 102;7;0;2;1;1;1
202000030847;154 688 099;7;0;2;2;1;1
202000030847;154 688 100;7;0;2;3;15;1
202000030848;154 688 098;33;7;0;1;17;1
202000030849;154 688 097;33;14;0;1;0;1
202000030850;154 688 095;7;0;2;1;26;1
202000030850;154 688 096;7;0;2;4;26;1
202000030851;154 688 093;37;0;2;7;14;1
202000030851;154 688 094;32;0;2;0;0;1
202000030852;154 688 091;32;0;2;0;0;1
202000030852;154 688 092;7;0;2;0;15;1
202000030853;154 688 089;30;0;2;2;17;1
202000030853;154 688 090;7;0;2;3;20;1
202000030854;154 688 087;7;0;2;4;2;1
202000030854;154 688 088;14;0;2;1;2;1
202000030855;154 688 086;33;0;0;7;1;1
202000030856;154 688 084;7;0;2;1;1;0
202000030856;154 688 085;7;0;2;1;5;0
202000030857;154 688 083;7;0;1;2;2;1
202000030858;154 688 082;10;0;1;1;1;1
202000030859;154 688 081;31;0;0;0;0;1
202000030860;154 688 080;7;0;1;2;26;1
202000030861;154 688 078;33;0;2;3;1;1
202000030861;154 688 079;7;0;2;3;15;1
202000030862;154 688 076;33;0;2;1;2;1
202000030862;154 688 077;14;0;2;4;2;0
202000030863;154 688 074;33;0;2;1;1;1
202000030863;154 688 075;7;0;2;6;15;1
202000030864;154 688 073;1;0;1;1;1;5
202000030865;154 688 071;7;0;2;6;17;1
202000030865;154 688 072;13;0;2;0;1;1
202000030866;154 688 070;1;14;0;1;7;5
202000030867;154 688 068;33;0;2;8;9;1
202000030867;154 688 069;7;0;2;2;1;1
202000030868;154 688 065;7;0;2;3;23;1
202000030868;154 688 066;3;0;2;3;20;3
202000030868;154 688 067;7;0;2;1;17;1
202000030869;154 688 064;37;0;1;5;7;1
202000030870;154 688 062;43;0;2;1;1;1
202000030870;154 688 063;7;0;2;5;15;1
202000030871;154 688 060;7;0;2;2;15;1
202000030871;154 688 061;1;0;2;1;1;5
202000030872;154 688 058;10;0;2;3;22;1
202000030872;154 688 059;1;0;2;2;1;5
202000030873;154 688 056;7;0;2;2;1;2
202000030873;154 688 057;50;0;2;7;19;3
202000030874;154 688 055;10;0;1;2;15;1
202000030875;154 688 053;32;0;2;1;8;1
202000030875;154 688 054;7;0;2;3;15;1
202000030876;154 688 052;1;0;1;7;1;5
202000030877;154 688 051;1;0;0;0;1;5
202000030878;154 688 050;7;0;1;3;15;1
202000030879;154 688 048;14;0;2;5;16;1
202000030879;154 688 049;1;0;2;3;2;5
202000030880;154 688 046;50;0;2;1;25;3
202000030880;154 688 047;1;0;2;7;19;0
202000030881;154 688 045;7;0;1;3;15;1
202000030882;154 688 043;7;0;2;2;6;1
202000030882;154 688 044;33;0;2;1;3;1
202000030883;154 688 042;7;0;1;1;14;1
202000030884;154 688 040;7;0;2;2;9;1
202000030884;154 688 041;32;0;2;8;9;1
202000030885;154 688 039;7;0;1;1;1;1
202000030886;154 688 037;1;1;0;1;1;0
202000030886;154 688 038;10;0;2;8;22;1
202000030887;154 688 035;10;0;2;4;0;1
202000030887;154 688 036;2;0;2;1;2;1
202000030888;154 688 033;7;0;2;3;0;1
202000030888;154 688 034;60;0;2;2;19;5
202000030889;154 688 032;7;0;1;1;0;1
202000030890;154 688 030;7;0;2;6;23;1
202000030890;154 688 031;7;0;2;7;12;1
202000030891;154 688 028;10;0;2;1;2;1
202000030891;154 688 029;7;0;2;4;1;1
202000030892;154 688 027;30;14;0;1;1;1
202000030893;154 688 025;34;0;2;2;26;1
202000030893;154 688 026;7;0;2;2;15;1
202000030894;154 688 024;7;0;1;1;1;0
202000030895;154 688 022;7;0;2;2;16;1
202000030895;154 688 023;32;0;2;8;1;1
202000030896;154 688 020;7;0;2;5;11;1
202000030896;154 688 021;33;0;2;1;1;1
202000030897;154 688 019;32;0;1;1;10;1
202000030898;154 688 017;33;0;2;3;1;3
202000030898;154 688 018;2;0;2;2;10;1
202000030899;154 688 016;7;1;0;2;26;1
202000030900;154 688 012;34;0;2;1;1;1
202000030900;154 688 013;1;0;2;8;15;5
202000030901;154 688 010;33;0;2;7;1;1
202000030901;154 688 011;7;0;2;1;9;1
202000030902;154 688 008;7;0;2;5;24;1
202000030902;154 688 009;7;0;2;2;21;1
202000030903;154 688 006;30;0;2;3;9;1
202000030903;154 688 007;7;0;2;2;9;1
202000030904;154 688 005;7;0;1;1;15;1
202000030905;154 688 003;7;0;2;3;19;1
202000030905;154 688 004;33;0;2;1;1;1
202000030906;154 688 002;10;6;0;1;1;6
202000030907;154 688 000;7;0;2;3;5;1
202000030907;154 688 001;10;0;2;1;1;1
202000030908;154 687 999;33;16;0;0;0;1
202000030909;154 687 998;2;8;0;1;14;1
202000030910;154 687 997;7;13;0;1;16;1
202000030911;154 687 994;10;4;0;8;2;1
202000030912;154 687 993;36;14;0;8;21;1
202000030913;154 687 991;7;0;0;1;1;1
202000030913;154 687 992;7;0;2;1;13;1
202000030914;154 687 990;7;2;0;0;0;1
202000030915;154 687 988;2;0;2;1;1;1
202000030915;154 687 989;60;0;2;8;10;5
202000030916;154 687 987;2;11;0;1;13;1
202000030917;154 687 985;7;0;2;1;13;1
202000030917;154 687 986;7;0;2;1;1;1
202000030918;154 687 984;2;0;0;0;1;1
202000030919;154 687 983;33;0;0;7;0;1
202000030920;154 687 982;33;0;0;3;1;1
202000030921;154 687 981;7;0;1;1;1;1
202000030922;154 687 979;15;0;2;8;1;0
202000030922;154 687 980;7;0;2;8;13;0
202000030923;154 687 977;7;0;2;6;11;1
202000030923;154 687 978;33;0;2;7;17;1
202000030924;154 687 975;33;0;2;1;1;1
202000030924;154 687 976;33;0;0;4;1;1
202000030925;154 687 974;33;0;0;9;19;1
202000030926;154 687 973;32;0;0;0;2;1
202000030927;154 687 971;33;0;2;1;1;1
202000030927;154 687 972;7;0;2;2;19;1
202000030928;154 687 969;7;0;2;3;16;1
202000030928;154 687 970;1;0;0;7;1;5
202000030929;154 687 967;33;0;2;7;1;1
202000030929;154 687 968;7;0;2;1;15;1
202000030930;154 687 966;7;0;5;1;21;1
202000030931;154 687 965;99;0;1;1;1;3
202000030932;154 687 962;1;0;2;7;1;5
202000030932;154 687 963;7;0;2;3;23;1
202000030933;154 687 960;7;0;2;1;19;1
202000030933;154 687 961;33;0;2;1;1;1
202000030934;154 687 958;7;0;2;8;15;1
202000030934;154 687 959;33;0;2;2;17;1
202000030935;154 687 957;14;6;0;5;1;1
202000030936;154 687 955;2;0;0;4;15;1
202000030936;154 687 956;7;0;2;1;2;1
202000030937;154 687 953;7;0;2;3;1;1
202000030937;154 687 954;7;0;2;1;1;1
202000030938;154 687 952;33;0;0;8;1;1
202000030939;154 687 951;7;0;1;2;1;1
202000030940;154 687 949;7;0;9;2;17;1
202000030940;154 687 950;1;0;2;4;1;5
202000030941;154 687 948;7;6;0;3;13;1
202000030942;154 687 947;7;0;1;4;20;1
202000030943;154 687 945;33;0;2;1;19;6
202000030943;154 687 946;7;0;2;3;1;1
202000030944;154 687 944;2;0;0;9;1;1
202000030945;154 687 942;7;0;2;3;15;1
202000030945;154 687 943;17;0;2;1;1;1
202000030946;154 687 939;7;0;2;1;13;1
202000030946;154 687 940;7;0;0;1;1;1
202000030946;154 687 941;7;0;0;8;1;1
202000030947;154 687 938;7;4;0;1;2;1
202000030948;154 687 936;7;0;0;6;2;1
202000030948;154 687 937;7;0;2;3;2;1
202000030949;154 687 935;7;4;0;3;1;1
202000030950;154 687 933;7;0;2;3;13;1
202000030950;154 687 934;7;0;2;5;1;1
202000030951;154 687 932;7;13;0;0;1;1
202000030952;154 687 931;33;0;0;1;13;1
202000030953;154 687 929;7;0;2;2;15;1
202000030953;154 687 930;34;0;2;1;1;1
202000030954;154 687 928;7;7;0;1;1;1
202000030955;154 687 927;7;13;0;1;15;1
202000030956;154 687 925;7;0;2;8;15;1
202000030956;154 687 926;33;0;2;7;17;1
202000030957;154 687 922;7;0;0;7;1;1
202000030957;154 687 923;7;0;2;1;1;1
202000030957;154 687 924;7;0;2;1;1;1
202000030958;154 687 921;33;1;0;1;1;1
202000030959;154 687 920;7;0;0;0;1;0
202000030960;154 687 919;33;8;0;8;17;1
202000030961;154 687 918;7;0;1;1;1;1
202000030962;154 687 917;7;2;0;9;1;1
202000030963;154 687 912;33;0;2;1;1;1
202000030963;154 687 913;33;0;2;1;1;1
202000030963;154 687 914;7;0;2;3;1;1
202000030963;154 687 915;7;0;2;3;1;1
202000030963;154 687 916;33;0;2;1;1;1
202000030964;154 687 911;2;0;0;8;1;1
202000030965;154 687 909;7;0;2;0;1;1
202000030965;154 687 910;2;6;2;6;1;1
202000030966;154 687 907;7;0;2;2;17;1
202000030966;154 687 908;1;0;2;8;1;0
202000030967;154 687 905;7;0;2;1;15;1
202000030967;154 687 906;1;0;2;7;1;5
202000030968;154 687 901;21;0;0;8;19;1
202000030968;154 687 902;33;0;2;1;1;1
202000030969;154 687 900;31;0;0;7;3;1
202000030970;154 687 897;7;0;2;1;2;1
202000030970;154 687 898;32;0;2;4;2;1
202000030970;154 687 899;7;0;2;5;2;1
202000030971;154 687 895;10;0;2;4;23;1
202000030971;154 687 896;33;0;2;1;9;1
202000030972;154 687 893;7;0;2;8;18;1
202000030972;154 687 894;14;0;2;7;1;1
202000030973;154 687 891;33;0;2;4;2;1
202000030973;154 687 892;10;0;2;2;2;1
202000030974;154 687 889;14;0;2;2;12;1
202000030974;154 687 890;7;0;2;3;0;1
202000030975;154 687 887;7;0;2;1;2;1
202000030975;154 687 888;7;0;2;4;2;1
202000030976;154 687 885;7;0;2;4;2;1
202000030976;154 687 886;7;0;2;1;2;1
202000030977;154 687 883;10;0;2;3;1;1
202000030977;154 687 884;33;0;2;1;3;1
202000030978;154 687 882;32;0;0;8;1;1
202000030979;154 687 878;7;0;2;1;2;1
202000030979;154 687 879;7;0;2;4;23;1
202000030979;154 687 880;7;0;2;4;23;1
202000030979;154 687 881;7;0;2;4;23;1
202000030980;154 687 875;33;0;2;1;1;1
202000030980;154 687 876;7;0;2;8;9;1
202000030981;154 687 873;7;0;2;6;1;1
202000030981;154 687 874;7;0;2;2;17;1
202000030982;154 687 871;7;0;2;8;15;1
202000030982;154 687 872;33;0;2;1;17;1
202000030983;154 687 870;37;0;1;3;15;1
202000030984;154 687 869;30;0;1;1;0;
202000030985;154 687 868;1;15;0;0;25;5
202000030986;154 687 867;7;3;0;2;1;1
202000030987;154 687 866;30;1;0;0;1;1
202000030988;154 687 865;7;1;1;1;1;0
202000030989;154 687 864;7;8;0;1;19;0
202000030990;154 687 862;7;0;2;1;1;1
202000030990;154 687 863;2;0;2;8;1;1
202000030991;154 687 861;7;12;0;2;1;1
202000030992;154 687 860;7;0;1;3;16;1
202000030993;154 687 859;7;2;0;1;1;1
202000030994;154 687 858;10;0;1;1;2;1
202000030995;154 687 856;7;0;2;5;9;1
202000030995;154 687 857;33;0;2;1;1;1
202000030996;154 687 855;37;0;1;5;23;1
202000030997;154 687 854;30;0;1;1;1;1
202000030998;154 687 852;7;0;2;1;15;1
202000030998;154 687 853;30;0;2;2;1;1
202000030999;154 687 851;50;0;0;1;1;3
202000031000;154 687 848;7;0;2;3;1;1
202000031000;154 687 849;7;0;2;2;1;1
202000031000;154 687 850;7;0;2;1;1;2
202000031001;154 687 846;7;0;2;2;2;2
202000031001;154 687 847;7;0;2;5;23;6
202000031002;154 687 844;30;0;2;6;1;1
202000031002;154 687 845;7;0;2;1;1;1
202000031003;154 687 843;7;0;1;3;1;0
202000031004;154 687 840;2;0;2;4;23;1
202000031004;154 687 841;7;0;2;1;1;1
202000031004;154 687 842;7;0;2;4;23;1
202000031005;154 687 837;7;0;2;1;2;1
202000031005;154 687 838;32;0;0;4;2;1
202000031005;154 687 839;37;0;0;6;0;1
202000031006;154 687 835;7;0;0;1;15;1
202000031006;154 687 836;7;0;1;9;1;1
202000031007;154 687 834;3;2;0;1;14;0
202000031008;154 687 832;30;0;2;6;0;1
202000031008;154 687 833;7;0;2;2;14;1
202000031009;154 687 831;34;0;1;1;1;1
202000031010;154 687 829;7;1;0;5;2;0
202000031010;154 687 830;30;0;2;1;2;0
202000031011;154 687 827;34;0;2;6;1;1
202000031011;154 687 828;7;0;2;3;15;1
202000031012;154 687 825;7;0;2;1;1;0
202000031012;154 687 826;7;0;2;1;13;0
202000031013;154 687 824;7;0;0;0;0;1
202000031014;154 687 823;7;0;9;1;1;1
202000031015;154 687 821;7;0;0;6;1;1
202000031015;154 687 822;10;0;2;1;1;1
202000031016;154 687 820;7;0;0;9;1;1
202000031017;154 687 819;33;0;0;0;1;1
202000031018;154 687 818;7;0;1;2;1;1
202000031019;154 687 817;7;1;1;1;1;1
202000031020;154 687 815;33;0;2;1;1;1
202000031020;154 687 816;7;0;2;1;1;1
202000031021;154 687 813;7;0;2;8;5;1
202000031021;154 687 814;7;1;2;3;1;1
202000031022;154 687 812;7;13;0;2;1;1
202000031023;154 687 811;33;11;0;1;17;1
202000031024;154 687 810;10;0;0;8;1;1
202000031025;154 687 806;7;0;9;6;1;1
202000031025;154 687 807;2;0;2;3;13;1
202000031026;154 687 804;2;0;1;4;26;1
202000031026;154 687 805;7;0;2;0;1;0
202000031027;154 687 803;1;1;0;1;1;5
202000031028;154 687 801;0;0;2;0;;
202000031028;154 687 802;33;0;2;0;0;1
202000031029;154 687 800;7;6;0;1;13;1
202000031030;154 687 796;7;0;2;1;1;0
202000031030;154 687 797;7;0;2;3;19;0
202000031031;154 687 794;7;0;2;8;11;1
202000031031;154 687 795;7;3;2;7;1;1
202000031032;154 687 792;15;0;2;2;12;1
202000031032;154 687 793;7;0;2;8;1;1
202000031033;154 687 791;10;0;2;1;1;1
202000031034;154 687 790;33;0;2;1;1;1
202000031035;154 687 789;32;0;0;0;26;1
202000031036;154 687 787;7;0;2;3;15;0
202000031036;154 687 788;2;0;2;1;3;0
202000031037;154 687 785;7;0;2;2;15;1
202000031037;154 687 786;7;0;2;3;16;1
202000031038;154 687 783;7;0;2;4;2;1
202000031038;154 687 784;7;0;2;1;2;1
202000031039;154 687 777;7;0;2;5;7;0
202000031039;154 687 778;7;0;2;1;15;0
202000031040;154 687 775;33;0;2;1;17;1
202000031040;154 687 776;7;0;2;8;15;0
202000031041;154 687 773;7;0;2;2;15;1
202000031041;154 687 774;32;0;2;1;1;1
202000031042;154 687 772;30;14;0;1;26;1
202000031043;154 687 770;7;0;9;1;1;0
202000031043;154 687 771;1;0;2;8;25;5
202000031044;154 687 768;7;0;2;1;9;1
202000031044;154 687 769;1;0;2;4;9;5
202000031045;154 687 767;7;0;1;3;15;1
202000031046;154 687 765;7;0;;3;1;1
202000031046;154 687 766;40;0;2;2;1;3
202000031047;154 687 763;7;0;2;2;15;1
202000031047;154 687 764;2;0;2;1;1;1
202000031048;154 687 762;7;3;0;1;1;1
202000031049;154 687 760;7;0;2;6;1;1
202000031049;154 687 761;33;0;2;1;1;1
202000031050;154 687 758;2;0;2;1;1;0
202000031050;154 687 759;7;0;2;2;15;1
202000031051;154 687 756;7;0;2;1;1;1
202000031051;154 687 757;7;0;2;1;1;1
202000031052;154 687 754;7;0;2;2;1;1
202000031052;154 687 755;7;0;2;1;15;1
202000031053;154 687 753;34;0;0;0;26;1
202000031054;154 687 751;31;0;2;2;0;1
202000031054;154 687 752;99;0;2;0;0;0
202000031055;154 687 749;7;0;2;2;1;2
202000031055;154 687 750;30;0;2;1;15;1
202000031056;154 687 748;7;0;1;3;1;1
202000031057;154 687 746;10;0;2;2;16;1
202000031057;154 687 747;1;0;2;1;7;5
202000031058;154 687 745;10;0;1;2;16;1
202000031059;154 687 744;7;0;1;1;1;1
202000031060;154 687 742;33;0;2;3;1;1
202000031060;154 687 743;7;0;2;1;15;1
202000031061;154 687 741;7;4;0;1;1;1
202000031062;154 687 739;1;0;2;1;1;5
202000031062;154 687 740;7;0;2;3;15;1
202000031063;154 687 737;1;0;2;7;19;5
202000031063;154 687 738;2;0;2;1;1;0
202000031064;154 687 735;33;0;2;1;19;1
202000031064;154 687 736;7;0;2;8;1;1
202000031065;154 687 734;2;2;0;1;1;0
202000031066;154 687 732;7;0;2;1;5;1
202000031066;154 687 733;7;0;2;1;1;1
202000031067;154 687 731;7;0;0;9;1;0
202000031068;154 687 729;7;0;2;2;26;1
202000031068;154 687 730;1;0;2;1;21;5
202000031069;154 687 728;2;0;0;8;1;1
202000031070;154 687 727;7;0;1;1;1;1
202000031071;154 687 726;7;8;0;2;0;1
202000031072;154 687 725;36;6;0;1;0;1
202000031073;154 687 724;33;1;0;1;1;1
202000031074;154 687 723;33;6;0;1;0;1
202000031075;154 687 721;7;0;2;1;9;1
202000031075;154 687 722;7;8;0;2;1;1
202000031076;154 687 719;7;0;2;1;1;1
202000031076;154 687 720;33;0;2;8;1;1
202000031077;154 687 718;7;2;0;1;1;1
202000031078;154 687 716;7;0;2;7;19;1
202000031078;154 687 717;31;0;2;1;1;1
202000031079;154 687 714;7;0;2;3;0;0
202000031079;154 687 715;7;3;0;1;13;1
202000031080;154 687 712;2;0;2;3;1;1
202000031080;154 687 713;7;0;2;3;1;1
202000031081;154 687 710;7;0;9;1;26;0
202000031081;154 687 711;2;0;2;2;15;0
202000031082;154 687 708;7;0;2;1;13;1
202000031082;154 687 709;7;0;2;1;0;1
202000031083;154 687 707;43;7;0;1;1;1
202000031084;154 687 706;7;4;0;7;1;1
202000031085;154 687 705;7;2;0;1;13;1
202000031086;154 687 704;7;7;0;1;1;1
202000031087;154 687 703;7;2;0;2;1;1
202000031088;154 687 701;7;0;2;1;1;1
202000031088;154 687 702;7;0;2;4;21;1
202000031089;154 687 700;7;4;0;1;1;1
202000031090;154 687 698;10;0;2;6;23;1
202000031090;154 687 699;10;1;0;2;1;1
202000031091;154 687 696;7;0;2;2;26;1
202000031091;154 687 697;33;0;2;3;3;1
202000031092;154 687 694;7;0;2;3;13;0
202000031092;154 687 695;33;0;2;5;26;1
202000031093;154 687 691;17;0;2;2;12;1
202000031093;154 687 692;7;4;2;8;1;1
202000031093;154 687 693;34;0;2;1;1;1
202000031094;154 687 689;7;12;2;1;1;1
202000031094;154 687 690;7;12;2;2;1;1
202000031095;154 687 688;31;0;1;1;1;1
202000031096;154 687 687;10;0;1;1;15;1
202000031097;154 687 685;7;0;2;1;17;0
202000031097;154 687 686;7;0;2;6;0;0
202000031098;154 687 683;7;0;2;3;10;0
202000031098;154 687 684;7;0;2;2;1;0
202000031099;154 687 681;7;0;0;7;11;0
202000031099;154 687 682;7;0;0;7;1;0
202000031100;154 687 679;7;0;1;1;0;5
202000031100;154 687 680;7;0;1;3;0;5
202000031101;154 687 676;7;0;2;4;2;1
202000031101;154 687 677;7;0;2;6;12;1
202000031101;154 687 678;7;0;2;1;2;1
202000031102;154 687 675;7;0;1;1;1;1
202000031103;154 687 672;7;0;2;1;1;1
202000031103;154 687 673;50;0;2;7;19;3
202000031104;154 687 670;33;0;2;1;1;1
202000031104;154 687 671;7;0;2;3;10;1
202000031105;154 687 669;7;0;1;1;1;1
202000031106;154 687 668;7;0;1;2;16;1
202000031107;154 687 666;7;0;2;4;1;1
202000031107;154 687 667;7;0;2;1;1;1
202000031108;154 687 664;7;0;2;1;1;1
202000031108;154 687 665;7;0;2;4;1;1
202000031109;154 687 662;7;0;1;4;23;0
202000031109;154 687 663;7;0;1;1;1;1
202000031110;154 687 660;7;0;2;5;15;1
202000031110;154 687 661;7;0;2;1;1;1
202000031111;154 687 658;7;0;2;8;9;5
202000031111;154 687 659;1;0;2;7;1;6
202000031112;154 687 657;3;0;1;1;1;1
202000031113;154 687 655;1;0;2;0;0;5
202000031113;154 687 656;7;1;2;1;1;1
202000031114;154 687 653;7;0;2;1;13;0
202000031114;154 687 654;33;0;2;1;1;1
202000031115;154 687 652;7;0;1;2;1;1
202000031116;154 687 649;7;6;0;1;26;1
202000031117;154 687 647;7;0;2;1;15;1
202000031117;154 687 648;7;0;2;1;1;1
202000031118;154 687 646;7;1;0;3;1;1
202000031119;154 687 645;37;0;1;2;1;1
202000031120;154 687 643;1;0;2;1;1;5
202000031120;154 687 644;7;0;9;7;1;1
202000031121;154 687 642;7;6;0;2;1;1
202000031122;154 687 640;7;0;2;2;1;0
202000031122;154 687 641;1;0;2;4;1;5
202000031123;154 687 637;7;0;2;1;2;1
202000031123;154 687 638;7;0;2;1;2;1
202000031123;154 687 639;7;0;0;4;2;1
202000031124;154 687 634;7;0;2;1;1;0
202000031124;154 687 635;7;0;2;0;0;0
202000031124;154 687 636;7;0;2;1;23;0
202000031125;154 687 632;7;0;2;1;13;1
202000031125;154 687 633;7;0;2;1;1;1
202000031126;154 687 630;7;0;9;1;2;1
202000031126;154 687 631;31;14;0;4;23;1
202000031127;154 687 629;7;6;0;1;1;1
202000031128;154 687 627;1;0;2;1;1;5
202000031128;154 687 628;7;0;2;2;16;2
202000031129;154 687 625;31;0;2;0;1;1
202000031129;154 687 626;7;0;2;0;0;0
202000031130;154 687 623;33;0;2;1;1;1
202000031130;154 687 624;10;0;2;3;15;1
202000031131;154 687 621;7;0;2;3;1;1
202000031131;154 687 622;33;0;0;1;1;1
202000031132;154 687 619;7;0;2;2;16;1
202000031132;154 687 620;34;0;2;7;18;1
202000031133;154 687 617;10;0;2;6;1;1
202000031133;154 687 618;7;0;2;2;1;1
202000031134;154 687 613;7;0;2;1;1;1
202000031134;154 687 614;7;0;2;4;1;1
202000031134;154 687 615;7;0;2;4;1;1
202000031134;154 687 616;7;0;2;4;1;1
202000031135;154 687 609;3;0;2;8;15;1
202000031135;154 687 610;10;0;2;2;17;1
202000031136;154 687 608;7;12;2;3;13;0
202000031137;154 687 606;7;0;2;2;2;0
202000031137;154 687 607;30;0;2;3;18;0
202000031138;154 687 604;7;0;2;3;9;1
202000031138;154 687 605;1;0;2;2;0;5
202000031139;154 687 602;7;0;2;2;13;1
202000031139;154 687 603;7;0;2;2;21;1
202000031140;154 687 600;1;0;2;1;19;5
202000031140;154 687 601;7;0;2;1;15;1
202000031141;154 687 598;33;0;2;1;1;0
202000031141;154 687 599;7;0;2;3;1;0
202000031142;154 687 596;7;0;2;1;2;1
202000031142;154 687 597;7;0;2;4;26;2
202000031143;154 687 595;30;0;0;7;2;1
202000031144;154 687 594;32;0;1;2;1;1
202000031145;154 687 592;7;0;2;3;15;1
202000031145;154 687 593;10;0;2;1;1;1
202000031146;154 687 590;10;0;2;8;1;1
202000031146;154 687 591;31;0;2;1;14;1
202000031147;154 687 589;32;0;0;8;1;1
202000031148;154 687 588;32;0;1;0;0;0
202000031149;154 687 584;7;0;2;1;2;1
202000031149;154 687 586;10;0;2;4;1;1
202000031149;154 687 587;7;0;2;4;2;1
202000031150;154 687 583;7;0;2;7;15;0
202000031150;154 687 585;33;0;2;1;1;0
202000031151;154 687 582;80;0;1;1;1;3
202000031152;154 687 580;10;1;2;2;1;0
202000031152;154 687 581;10;0;2;3;9;0
202000031153;154 687 579;7;1;0;1;5;1
202000031154;154 687 578;7;6;0;1;21;1
202000031155;154 687 577;1;0;1;7;1;5
202000031156;154 687 573;33;0;2;3;18;1
202000031156;154 687 574;7;0;2;2;16;1
202000031157;154 687 575;31;0;2;1;1;1
202000031157;154 687 576;7;0;2;4;1;1
202000031158;154 687 572;30;0;1;1;1;1
202000031159;154 687 570;7;0;2;3;21;1
202000031159;154 687 571;34;0;2;2;17;1
202000031160;154 687 569;50;0;0;0;21;3
202000031161;154 687 568;10;4;0;2;14;1
202000031162;154 687 565;33;0;2;2;3;1
202000031162;154 687 566;10;0;2;5;1;1
202000031162;154 687 567;13;0;2;6;1;1
202000031163;154 687 563;7;0;2;3;11;1
202000031163;154 687 564;7;0;2;9;1;1
202000031164;154 687 561;30;0;2;1;1;1
202000031164;154 687 562;50;0;2;7;1;3
202000031165;154 687 559;80;11;0;1;1;3
202000031166;154 687 560;7;0;1;1;1;1
202000031167;154 687 556;7;0;2;1;1;1
202000031167;154 687 558;7;0;2;4;23;1
202000031168;154 687 555;32;0;2;1;17;1
202000031168;154 687 557;7;0;2;5;23;1
202000031169;154 687 552;30;0;2;7;17;3
202000031169;154 687 553;7;0;2;8;15;1
202000031170;154 687 551;7;0;2;6;1;1
202000031170;154 687 554;34;0;2;1;1;1
202000031171;154 687 550;1;0;0;7;16;5
202000031172;154 687 549;1;0;0;0;1;5
202000031173;154 687 548;1;0;0;0;21;5
202000031174;154 687 546;1;0;2;1;1;5
202000031174;154 687 547;50;0;2;1;5;3
202000031175;154 687 545;1;0;0;0;1;5
202000031176;154 687 542;14;0;2;1;2;1
202000031176;154 687 544;7;0;2;4;23;1
202000031177;154 687 541;7;0;2;1;1;1
202000031177;154 687 543;10;0;2;1;1;1
202000031178;154 687 539;1;0;2;1;7;5
202000031178;154 687 540;7;0;2;4;23;2
202000031179;154 687 535;30;0;0;8;15;3
202000031180;154 687 536;7;0;2;5;1;1
202000031180;154 687 537;7;0;2;2;16;1
202000031180;154 687 538;7;1;0;3;24;1
202000031181;154 687 531;7;0;2;3;15;1
202000031181;154 687 533;2;0;2;1;1;1
202000031182;154 687 532;37;0;2;3;7;1
202000031182;154 687 534;10;0;2;8;16;1
202000031183;154 687 529;34;0;2;1;1;1
202000031183;154 687 530;30;0;2;7;1;1
202000031184;154 687 528;80;0;0;0;16;3
202000031185;154 687 526;7;14;1;3;9;1
202000031186;154 687 525;32;0;2;7;1;1
202000031186;154 687 527;7;0;2;3;15;1
202000031187;154 687 523;30;0;2;3;1;1
202000031187;154 687 524;7;0;2;3;15;1
202000031188;154 687 519;7;0;2;6;1;1
202000031188;154 687 522;30;0;2;1;1;1
202000031189;154 687 517;1;1;0;4;2;5
202000031189;154 687 518;7;1;0;4;23;1
202000031190;154 687 520;33;0;2;0;0;1
202000031190;154 687 521;7;0;2;7;15;1
202000031191;154 687 512;7;0;2;2;1;1
202000031191;154 687 514;7;3;0;1;1;1
202000031191;154 687 516;7;0;2;6;11;1
202000031192;154 687 513;32;0;2;7;17;1
202000031192;154 687 515;7;0;2;3;15;1
202000031193;154 687 511;30;0;0;1;21;1
202000031194;154 687 510;7;6;0;1;16;0
202000031195;154 687 509;7;0;1;1;2;1
202000031196;154 687 508;7;3;0;1;2;1
202000031197;154 687 506;7;0;2;3;0;0
202000031197;154 687 507;7;0;2;3;15;0
202000031198;154 687 504;2;1;2;2;17;1
202000031198;154 687 505;7;0;2;3;13;1
202000031199;154 687 503;7;0;1;1;26;0
202000031200;154 687 501;34;0;2;2;12;0
202000031200;154 687 502;7;0;2;6;2;0
202000031201;154 687 500;10;0;1;3;15;1
202000031202;154 687 498;21;0;9;3;0;1