Num_Acc;id_vehicule;categorie_vehicule;obstacle_fixe;obstacle_mobile;point_choc_initial;manoeuvre_principale;motorisation
202000031564;154 686 885;31;14;0;1;17;1
202000031565;154 686 884;10;6;0;2;14;1
202000031566;154 686 883;7;0;1;7;1;0
202000031567;154 686 879;10;0;2;0;0;1
202000031567;154 686 880;2;0;2;1;1;1
202000031568;154 686 877;30;0;2;1;1;1
202000031568;154 686 878;21;0;2;3;9;1
202000031569;154 686 875;7;0;2;7;1;1
202000031569;154 686 876;7;0;2;1;9;1
202000031570;154 686 873;7;0;2;1;26;1
202000031570;154 686 874;7;10;2;8;1;1
202000031571;154 686 872;7;0;1;1;1;1
202000031572;154 686 870;50;0;2;1;16;3
202000031572;154 686 871;30;0;2;8;1;1
202000031573;154 686 868;7;0;2;5;20;1
202000031573;154 686 869;2;0;2;1;16;1
202000031574;154 686 866;2;0;2;8;13;1
202000031574;154 686 867;37;0;2;2;17;1
202000031575;154 686 863;7;0;2;2;12;1
202000031575;154 686 864;32;0;2;6;2;1
202000031576;154 686 862;7;0;2;0;9;0
202000031577;154 686 859;7;0;2;1;2;1
202000031577;154 686 860;7;0;2;6;23;1
202000031577;154 686 861;7;0;2;5;23;1
202000031578;154 686 857;7;0;2;1;1;1
202000031578;154 686 858;1;0;2;3;19;5
202000031579;154 686 856;7;0;1;2;1;1
202000031580;154 686 854;1;0;2;7;1;5
202000031580;154 686 855;7;0;2;1;1;1
202000031581;154 686 851;7;0;2;3;13;0
202000031581;154 686 852;7;0;2;1;1;1
202000031581;154 686 853;7;0;2;8;1;1
202000031582;154 686 850;7;0;1;2;1;1
202000031583;154 686 849;7;0;1;6;1;1
202000031584;154 686 847;30;0;2;1;1;1
202000031584;154 686 848;7;0;2;8;1;1
202000031585;154 686 845;1;0;2;1;19;5
202000031585;154 686 846;7;0;9;2;1;1
202000031586;154 686 843;7;0;2;1;19;1
202000031586;154 686 844;1;0;2;7;1;5
202000031587;154 686 842;7;0;1;1;1;1
202000031588;154 686 841;7;0;1;2;15;1
202000031589;154 686 840;2;1;0;1;16;1
202000031590;154 686 838;1;0;2;0;0;5
202000031590;154 686 839;10;0;2;0;0;1
202000031591;154 686 836;7;0;2;1;0;1
202000031591;154 686 837;7;0;2;4;0;1
202000031592;154 686 835;7;0;1;3;1;1
202000031593;154 686 834;7;0;1;2;26;1
202000031594;154 686 832;14;0;2;1;16;1
202000031594;154 686 833;1;0;2;1;1;2
202000031595;154 686 831;7;1;0;2;14;1
202000031596;154 686 830;7;0;1;2;1;1
202000031597;154 686 828;7;0;2;7;12;1
202000031597;154 686 829;33;0;2;8;9;1
202000031598;154 686 826;7;0;2;5;13;1
202000031598;154 686 827;7;0;2;1;1;1
202000031599;154 686 825;7;1;1;3;14;1
202000031600;154 686 824;7;6;0;1;13;1
202000031601;154 686 822;1;0;2;7;19;5
202000031601;154 686 823;7;0;2;1;1;1
202000031602;154 686 821;31;0;0;7;26;1
202000031603;154 686 818;7;0;2;1;0;0
202000031603;154 686 819;7;0;2;4;2;1
202000031603;154 686 820;7;0;2;4;2;1
202000031604;154 686 816;34;0;2;1;1;1
202000031604;154 686 817;10;0;2;4;19;1
202000031605;154 686 814;7;0;2;1;2;0
202000031605;154 686 815;7;0;2;4;2;0
202000031606;154 686 812;30;0;2;1;13;0
202000031606;154 686 813;7;0;2;3;1;0
202000031607;154 686 811;7;0;1;1;1;1
202000031608;154 686 810;10;0;1;3;9;1
202000031609;154 686 808;30;0;2;0;1;1
202000031609;154 686 809;7;0;2;0;23;1
202000031610;154 686 806;7;0;2;1;2;1
202000031610;154 686 807;10;0;2;7;19;1
202000031611;154 686 804;7;0;2;1;2;1
202000031611;154 686 805;2;0;2;4;2;1
202000031612;154 686 803;7;4;0;1;16;1
202000031613;154 686 802;7;2;1;3;13;1
202000031614;154 686 800;7;0;2;1;15;1
202000031614;154 686 801;30;0;2;7;1;1
202000031615;154 686 798;7;0;2;1;1;1
202000031615;154 686 799;7;0;2;4;1;1
202000031616;154 686 797;7;1;0;2;14;1
202000031617;154 686 795;10;0;2;7;0;1
202000031617;154 686 796;7;0;2;1;26;1
202000031618;154 686 793;33;0;2;7;17;1
202000031618;154 686 794;7;0;2;1;1;1
202000031619;154 686 791;10;0;2;1;1;1
202000031619;154 686 792;2;0;2;1;5;1
202000031620;154 686 789;7;0;2;2;14;0
202000031620;154 686 790;2;0;2;8;15;0
202000031621;154 686 787;7;0;2;4;23;1
202000031621;154 686 788;7;0;2;1;2;1
202000031622;154 686 785;7;0;2;6;9;1
202000031622;154 686 786;17;0;2;2;1;1
202000031623;154 686 784;10;4;0;1;13;1
202000031624;154 686 783;1;0;9;1;1;5
202000031625;154 686 781;10;0;2;1;1;1
202000031625;154 686 782;32;0;2;4;23;1
202000031626;154 686 779;43;0;2;1;1;1
202000031626;154 686 780;7;0;2;1;16;1
202000031627;154 686 778;7;0;1;1;1;1
202000031628;154 686 776;32;0;2;4;23;6
202000031628;154 686 777;7;0;2;1;1;6
202000031629;154 686 774;80;0;2;4;13;3
202000031629;154 686 775;30;0;2;1;17;1
202000031630;154 686 772;30;0;2;6;15;1
202000031630;154 686 773;43;0;2;1;1;1
202000031631;154 686 771;7;0;1;2;1;1
202000031632;154 686 770;1;0;1;1;1;5
202000031633;154 686 768;32;0;2;8;1;1
202000031633;154 686 769;7;0;2;2;1;1
202000031634;154 686 766;1;9;2;1;1;5
202000031634;154 686 767;7;0;2;2;16;1
202000031635;154 686 764;7;0;2;3;7;1
202000031635;154 686 765;1;0;2;1;8;5
202000031636;154 686 762;1;0;2;1;1;5
202000031636;154 686 763;10;0;2;2;16;1
202000031637;154 686 761;32;9;2;7;14;1
202000031638;154 686 759;7;0;2;3;9;1
202000031638;154 686 760;33;0;2;1;1;1
202000031639;154 686 757;50;1;0;1;1;3
202000031639;154 686 758;10;0;2;7;23;1
202000031640;154 686 755;7;1;1;3;1;0
202000031640;154 686 756;7;1;2;3;20;0
202000031641;154 686 753;7;0;2;2;21;0
202000031641;154 686 754;7;0;9;6;1;0
202000031642;154 686 751;7;0;2;4;23;0
202000031642;154 686 752;7;0;2;1;26;0
202000031643;154 686 750;13;0;1;1;2;1
202000031644;154 686 748;7;0;2;1;2;1
202000031644;154 686 749;7;0;2;7;2;1
202000031645;154 686 747;37;0;1;2;9;1
202000031646;154 686 745;34;0;2;8;18;1
202000031646;154 686 746;7;0;0;7;16;0
202000031647;154 686 744;7;0;1;2;9;0
202000031648;154 686 742;50;0;2;1;11;3
202000031648;154 686 743;10;0;2;2;1;1
202000031649;154 686 741;7;0;1;4;4;1
202000031650;154 686 739;20;0;0;2;2;0
202000031650;154 686 740;33;0;0;9;18;0
202000031651;154 686 738;7;1;1;1;1;1
202000031652;154 686 736;33;0;2;3;26;1
202000031652;154 686 737;7;0;2;3;26;1
202000031653;154 686 733;7;1;0;4;0;1
202000031653;154 686 734;32;1;2;1;0;1
202000031653;154 686 735;7;0;2;1;10;1
202000031654;154 686 731;7;0;2;2;9;1
202000031654;154 686 732;7;0;2;1;9;1
202000031655;154 686 729;7;0;2;1;1;1
202000031655;154 686 730;7;0;2;2;1;1
202000031656;154 686 727;33;0;2;1;1;0
202000031656;154 686 728;7;0;0;4;15;0
202000031657;154 686 726;7;0;1;4;24;1
202000031658;154 686 724;33;0;2;1;17;1
202000031658;154 686 725;7;0;2;1;15;1
202000031659;154 686 722;10;0;2;1;1;1
202000031659;154 686 723;7;0;2;2;1;1
202000031660;154 686 721;7;13;0;1;17;1
202000031661;154 686 719;2;0;2;8;18;1
202000031661;154 686 720;7;0;2;2;12;1
202000031662;154 686 716;7;0;2;3;5;1
202000031662;154 686 717;7;0;2;3;17;1
202000031662;154 686 718;7;0;2;3;1;1
202000031663;154 686 715;7;6;0;1;19;1
202000031664;154 686 714;7;6;0;1;1;1
202000031665;154 686 713;7;3;0;2;0;0
202000031666;154 686 711;7;0;2;1;6;1
202000031666;154 686 712;14;0;2;1;1;1
202000031667;154 686 709;7;0;0;7;1;0
202000031667;154 686 710;7;0;2;1;1;0
202000031668;154 686 707;1;0;2;1;1;0
202000031668;154 686 708;7;0;2;3;5;0
202000031669;154 686 705;7;0;2;1;13;1
202000031669;154 686 706;7;0;2;1;1;1
202000031670;154 686 703;7;0;2;1;1;1
202000031670;154 686 704;7;0;2;1;1;1
202000031671;154 686 701;7;0;2;4;1;1
202000031671;154 686 702;31;0;2;1;1;1
202000031672;154 686 699;7;0;2;3;1;1
202000031672;154 686 700;10;0;2;3;1;1
202000031673;154 686 693;7;0;2;1;11;1
202000031673;154 686 694;7;0;2;1;1;1
202000031674;154 686 691;7;0;2;3;1;1
202000031674;154 686 692;21;0;2;6;3;1
202000031675;154 686 689;7;0;2;3;15;1
202000031675;154 686 690;32;0;2;1;1;1
202000031676;154 686 688;7;0;1;2;2;1
202000031677;154 686 686;1;0;2;8;19;5
202000031677;154 686 687;7;0;2;1;1;1
202000031678;154 686 684;31;0;2;2;17;1
202000031678;154 686 685;1;0;2;3;15;5
202000031679;154 686 680;7;0;2;6;9;0
202000031679;154 686 681;33;0;2;7;1;1
202000031680;154 686 679;7;0;1;5;26;0
202000031681;154 686 678;7;0;1;1;1;1
202000031682;154 686 674;7;0;2;3;0;1
202000031682;154 686 675;7;0;0;3;1;1
202000031683;154 686 673;7;0;1;3;1;1
202000031684;154 686 672;7;13;0;3;13;0
202000031685;154 686 671;2;0;0;0;1;1
202000031686;154 686 670;7;14;0;1;26;1
202000031687;154 686 668;7;0;2;7;13;1
202000031687;154 686 669;7;0;2;1;1;1
202000031688;154 686 667;31;16;0;7;2;1
202000031689;154 686 666;7;13;0;0;1;1
202000031690;154 686 664;7;0;2;3;21;1
202000031690;154 686 665;17;0;2;8;1;1
202000031691;154 686 661;7;0;2;3;13;1
202000031691;154 686 662;7;0;2;2;1;1
202000031691;154 686 663;7;0;2;1;1;1
202000031692;154 686 659;17;0;2;4;2;1
202000031692;154 686 660;7;3;2;1;2;1
202000031693;154 686 656;7;0;0;6;1;1
202000031693;154 686 657;7;0;2;4;1;1
202000031693;154 686 658;7;0;2;1;12;1
202000031694;154 686 655;2;13;0;0;1;1
202000031695;154 686 654;33;6;0;3;1;1
202000031696;154 686 651;7;0;2;1;1;1
202000031696;154 686 652;7;0;2;4;15;1
202000031696;154 686 653;10;0;2;1;2;1
202000031697;154 686 649;10;0;2;2;1;1
202000031697;154 686 650;10;0;2;8;16;1
202000031698;154 686 647;7;0;9;1;1;1
202000031698;154 686 648;1;0;2;5;2;5
202000031699;154 686 645;2;0;2;1;1;1
202000031699;154 686 646;7;0;2;8;15;1
202000031700;154 686 644;10;0;2;2;14;1
202000031701;154 686 642;7;0;2;1;0;0
202000031701;154 686 643;7;0;2;4;1;1
202000031702;154 686 640;7;0;2;2;12;1
202000031702;154 686 641;32;0;2;3;3;1
202000031703;154 686 638;7;0;2;1;1;1
202000031703;154 686 639;7;0;2;4;2;1
202000031704;154 686 634;7;0;2;4;1;1
202000031704;154 686 635;7;0;2;4;1;1
202000031704;154 686 636;7;4;2;6;1;1
202000031704;154 686 637;7;4;2;2;12;1
202000031705;154 686 633;33;3;0;1;9;1
202000031706;154 686 631;33;0;2;2;0;1
202000031706;154 686 632;10;0;2;3;0;1
202000031707;154 686 629;32;0;2;1;2;1
202000031707;154 686 630;7;0;0;4;2;1
202000031708;154 686 628;7;4;0;1;9;1
202000031709;154 686 625;99;0;2;8;19;0
202000031709;154 686 626;7;0;2;1;1;0
202000031710;154 686 623;33;0;2;1;1;1
202000031710;154 686 624;7;0;2;3;15;1
202000031711;154 686 621;33;0;2;1;18;1
202000031711;154 686 622;7;0;2;7;15;1
202000031712;154 686 619;7;0;2;8;19;1
202000031712;154 686 620;37;0;2;1;1;1
202000031713;154 686 618;7;0;1;1;1;1
202000031714;154 686 616;7;0;2;8;0;0
202000031714;154 686 617;7;0;2;3;15;0
202000031715;154 686 615;7;0;1;1;16;1
202000031716;154 686 613;7;0;2;4;23;0
202000031716;154 686 614;30;0;2;1;1;0
202000031717;154 686 612;30;0;0;0;26;1
202000031718;154 686 609;7;0;0;0;0;0
202000031718;154 686 610;7;0;2;8;21;1
202000031718;154 686 611;7;0;2;5;2;1
202000031719;154 686 606;10;1;2;2;24;1
202000031719;154 686 607;7;0;2;1;24;1
202000031719;154 686 608;7;1;0;1;1;1
202000031720;154 686 604;1;0;2;8;15;5
202000031720;154 686 605;7;0;2;1;1;1
202000031721;154 686 603;7;8;0;1;14;1
202000031722;154 686 601;7;0;2;7;14;1
202000031722;154 686 602;7;0;2;8;1;1
202000031723;154 686 599;31;0;2;8;2;1
202000031723;154 686 600;7;0;2;1;9;1
202000031724;154 686 598;1;0;1;7;1;5
202000031725;154 686 596;1;0;2;1;1;0
202000031725;154 686 597;32;0;0;3;1;1
202000031726;154 686 595;14;0;0;7;1;1
202000031727;154 686 593;7;0;2;5;1;1
202000031727;154 686 594;1;0;2;1;1;0
202000031728;154 686 592;7;4;0;9;0;1
202000031729;154 686 590;2;0;2;4;1;1
202000031729;154 686 591;7;0;2;1;17;0
202000031730;154 686 588;30;0;2;1;1;1
202000031730;154 686 589;7;0;2;2;15;1
202000031731;154 686 586;7;0;2;1;1;1
202000031731;154 686 587;7;0;2;6;1;1
202000031732;154 686 585;37;0;1;2;21;1
202000031733;154 686 584;7;0;1;1;1;0
202000031734;154 686 582;7;0;2;0;1;1
202000031734;154 686 583;7;0;2;1;5;1
202000031735;154 686 580;30;0;4;8;1;1
202000031735;154 686 581;40;0;2;1;1;3
202000031736;154 686 578;7;0;2;3;16;1
202000031736;154 686 579;1;0;2;1;1;5
202000031737;154 686 576;7;0;2;1;9;1
202000031737;154 686 577;32;0;2;8;1;0
202000031738;154 686 574;31;0;2;1;17;1
202000031738;154 686 575;7;0;2;6;15;1
202000031739;154 686 572;7;0;2;6;10;1
202000031739;154 686 573;33;0;2;2;1;1
202000031740;154 686 570;33;0;2;7;17;1
202000031740;154 686 571;10;0;2;8;13;1
202000031741;154 686 569;33;0;0;7;1;1
202000031742;154 686 567;1;1;0;1;1;5
202000031742;154 686 568;7;1;0;3;26;1
202000031743;154 686 566;7;0;1;1;15;1
202000031744;154 686 565;7;8;0;1;14;1
202000031745;154 686 563;7;0;2;3;2;1
202000031745;154 686 564;1;0;2;1;19;5
202000031746;154 686 562;7;1;0;0;14;1
202000031747;154 686 561;33;1;0;1;12;1
202000031748;154 686 559;14;0;2;1;2;1
202000031748;154 686 560;7;0;2;4;2;1
202000031749;154 686 557;7;0;2;1;0;1
202000031749;154 686 558;1;0;2;1;0;5
202000031750;154 686 555;7;0;2;7;1;1
202000031750;154 686 556;32;0;2;1;16;1
202000031751;154 686 553;1;0;2;1;1;5
202000031751;154 686 554;1;0;2;1;1;5
202000031752;154 686 551;7;0;2;5;15;1
202000031752;154 686 552;33;0;2;7;1;1
202000031753;154 686 549;7;0;2;3;1;1
202000031753;154 686 550;7;0;2;1;1;1
202000031754;154 686 547;7;0;2;1;2;1
202000031754;154 686 548;7;0;2;4;2;1
202000031755;154 686 545;2;0;0;0;0;0
202000031755;154 686 546;7;0;0;8;15;0
202000031756;154 686 543;7;0;2;3;15;0
202000031756;154 686 544;7;0;2;2;1;1
202000031757;154 686 542;32;0;0;0;1;1
202000031758;154 686 541;30;0;0;0;14;1
202000031759;154 686 539;1;0;2;2;13;5
202000031759;154 686 540;7;0;2;1;1;1
202000031760;154 686 537;2;0;2;1;18;0
202000031760;154 686 538;7;0;0;2;16;0
202000031761;154 686 535;2;0;2;8;1;1
202000031761;154 686 536;10;0;2;3;9;0
202000031762;154 686 533;7;0;2;2;19;0
202000031762;154 686 534;2;0;2;8;1;1
202000031763;154 686 531;32;0;2;1;1;1
202000031763;154 686 532;33;0;2;7;1;1
202000031764;154 686 529;7;13;0;7;26;1
202000031765;154 686 527;1;0;2;1;5;5
202000031765;154 686 528;7;0;2;2;16;1
202000031766;154 686 525;7;0;2;6;17;1
202000031766;154 686 526;2;0;2;8;1;1
202000031767;154 686 522;7;0;2;3;23;1
202000031767;154 686 523;7;9;2;3;1;1
202000031767;154 686 524;7;0;2;2;15;1
202000031768;154 686 521;10;0;1;1;1;1
202000031769;154 686 516;3;1;0;2;14;0
202000031769;154 686 517;7;0;0;6;0;1
202000031769;154 686 518;7;0;0;8;0;0
202000031770;154 686 514;15;0;2;8;15;1
202000031770;154 686 515;33;0;2;1;1;1
202000031771;154 686 513;7;2;0;2;1;1
202000031772;154 686 512;7;13;0;1;1;1
202000031773;154 686 510;7;0;2;8;15;0
202000031773;154 686 511;33;0;2;7;17;0
202000031774;154 686 509;7;10;0;1;15;1
202000031775;154 686 507;7;0;0;4;15;0
202000031775;154 686 508;2;0;2;1;2;0
202000031776;154 686 506;7;0;1;2;9;1
202000031777;154 686 504;7;0;2;1;1;1
202000031777;154 686 505;7;0;2;1;5;1
202000031778;154 686 503;7;13;0;1;1;1
202000031779;154 686 501;7;0;6;1;1;0
202000031779;154 686 502;7;0;6;1;1;0
202000031780;154 686 500;7;2;0;3;1;1
202000031781;154 686 498;7;0;2;0;0;1
202000031781;154 686 499;7;0;0;4;1;1
202000031782;154 686 496;7;13;0;3;1;1
202000031783;154 686 494;15;0;2;3;0;1
202000031783;154 686 495;7;0;2;3;5;1
202000031784;154 686 493;2;14;0;1;1;1
202000031785;154 686 491;7;0;0;1;15;1
202000031785;154 686 492;33;0;0;1;1;1
202000031786;154 686 489;7;0;2;5;15;1
202000031786;154 686 490;33;0;2;1;1;1
202000031787;154 686 487;7;0;2;1;1;1
202000031787;154 686 488;7;0;2;1;13;1
202000031788;154 686 485;2;0;2;5;1;1
202000031788;154 686 486;7;0;2;2;17;1
202000031789;154 686 483;14;0;2;1;1;1
202000031789;154 686 484;7;0;2;3;0;1
202000031790;154 686 481;7;0;2;1;1;1
202000031790;154 686 482;7;7;2;1;13;1
202000031791;154 686 480;7;2;0;1;2;1
202000031792;154 686 479;7;6;0;1;14;1
202000031793;154 686 478;7;6;0;1;1;1
202000031794;154 686 477;7;2;0;1;1;1
202000031795;154 686 476;7;16;0;3;9;1
202000031796;154 686 474;7;0;9;2;2;1
202000031796;154 686 475;1;0;0;4;1;5
202000031797;154 686 472;7;0;2;2;1;1
202000031797;154 686 473;7;0;2;3;1;1
202000031798;154 686 471;7;2;0;1;1;0
202000031799;154 686 470;7;0;1;1;9;1
202000031800;154 686 467;10;0;2;4;26;1
202000031800;154 686 468;7;1;0;4;0;1
202000031800;154 686 469;7;1;0;1;0;1
202000031801;154 686 465;7;0;2;4;2;1
202000031801;154 686 466;7;0;2;1;2;1
202000031802;154 686 463;7;0;2;4;1;1
202000031802;154 686 464;7;0;2;3;1;1
202000031803;154 686 462;10;9;0;1;1;1
202000031804;154 686 460;7;0;2;1;1;1
202000031804;154 686 461;7;0;2;4;1;1
202000031805;154 686 458;7;3;2;4;2;1
202000031805;154 686 459;99;0;2;4;2;0
202000031806;154 686 457;33;3;0;0;14;1
202000031807;154 686 455;7;0;2;1;2;1
202000031807;154 686 456;7;0;2;6;2;1
202000031808;154 686 454;7;3;0;1;26;1
202000031809;154 686 453;7;4;0;7;1;1
202000031810;154 686 452;7;0;2;0;26;1
202000031811;154 686 449;7;0;2;4;2;1
202000031811;154 686 450;7;0;2;4;2;1
202000031811;154 686 451;7;0;2;1;2;1
202000031812;154 686 447;7;0;2;4;2;1
202000031812;154 686 448;10;0;2;1;2;1
202000031813;154 686 446;7;6;0;9;2;1
202000031814;154 686 444;7;0;2;5;18;1
202000031814;154 686 445;7;3;2;5;1;1
202000031815;154 686 443;33;12;0;1;26;1
202000031816;154 686 442;1;0;2;7;13;5
202000031817;154 686 440;7;0;2;7;16;1
202000031817;154 686 441;1;0;2;1;19;5
202000031818;154 686 438;10;0;2;3;14;1
202000031818;154 686 439;7;0;2;2;17;1
202000031819;154 686 436;7;0;2;8;10;1
202000031819;154 686 437;10;0;2;1;17;1
202000031820;154 686 434;1;0;2;8;1;0
202000031820;154 686 435;7;0;2;1;15;0
202000031821;154 686 433;7;0;1;3;15;1
202000031822;154 686 431;7;0;2;6;1;6
202000031822;154 686 432;7;0;2;3;13;6
202000031823;154 686 430;33;12;0;1;26;1
202000031824;154 686 428;7;0;2;0;1;1
202000031824;154 686 429;7;0;2;1;9;1
202000031825;154 686 426;10;0;2;4;1;0
202000031825;154 686 427;31;0;2;1;1;0
202000031826;154 686 425;1;8;0;1;26;0
202000031827;154 686 419;7;1;0;0;0;1
202000031827;154 686 420;7;1;0;1;0;1
202000031827;154 686 421;7;1;0;3;1;1
202000031827;154 686 422;7;1;0;0;0;1
202000031827;154 686 423;7;1;0;0;0;1
202000031827;154 686 424;7;1;0;0;0;1
202000031828;154 686 416;7;0;2;1;26;1
202000031828;154 686 417;7;0;2;4;2;1
202000031828;154 686 418;7;0;2;4;2;1
202000031829;154 686 414;7;0;2;0;9;1
202000031829;154 686 415;50;0;0;0;0;3
202000031830;154 686 412;7;0;2;0;0;1
202000031830;154 686 413;7;0;2;0;0;1
202000031831;154 686 406;7;0;2;1;1;0
202000031831;154 686 407;7;0;2;5;1;0
202000031831;154 686 408;7;0;2;1;23;0
202000031831;154 686 409;7;0;2;1;1;0
202000031832;154 686 404;7;0;2;4;23;1
202000031832;154 686 405;7;0;2;1;2;1
202000031833;154 686 401;7;0;2;4;1;1
202000031833;154 686 402;7;1;0;4;20;1
202000031833;154 686 403;10;0;2;1;1;1
202000031834;154 686 400;7;0;1;3;0;1
202000031835;154 686 399;7;12;1;1;26;1
202000031836;154 686 397;10;0;2;1;2;1
202000031836;154 686 398;10;4;2;4;26;1
202000031837;154 686 395;7;0;2;1;2;1
202000031837;154 686 396;7;0;2;4;23;1
202000031838;154 686 393;80;0;2;2;1;3
202000031838;154 686 394;7;0;2;3;1;1
202000031839;154 686 392;7;6;1;2;12;1
202000031840;154 686 390;50;0;2;0;1;3
202000031840;154 686 391;7;0;9;0;1;0
202000031841;154 686 388;30;0;2;8;1;1
202000031841;154 686 389;7;0;2;1;15;1
202000031842;154 686 386;33;0;2;3;18;1
202000031842;154 686 387;7;0;2;5;2;1
202000031843;154 686 385;7;0;1;1;1;2
202000031844;154 686 383;7;0;2;3;1;1
202000031844;154 686 384;1;0;2;1;1;5
202000031845;154 686 382;7;0;1;2;15;0
202000031846;154 686 381;7;12;0;2;15;1
202000031847;154 686 379;7;0;2;3;1;1
202000031847;154 686 380;7;0;2;3;13;1
202000031848;154 686 377;7;0;2;1;1;1
202000031848;154 686 378;7;0;2;4;23;1
202000031849;154 686 375;7;0;2;3;15;1
202000031849;154 686 376;30;0;2;1;1;1
202000031850;154 686 374;7;1;0;1;1;0
202000031851;154 686 372;7;0;2;1;1;1
202000031851;154 686 373;7;0;2;4;1;0
202000031852;154 686 371;7;0;1;1;1;1
202000031853;154 686 369;31;0;2;8;9;1
202000031853;154 686 370;14;0;2;7;1;1
202000031854;154 686 368;14;0;1;3;15;1
202000031855;154 686 366;7;0;2;2;20;1
202000031855;154 686 367;30;1;2;9;1;1
202000031856;154 686 364;7;0;2;8;22;1
202000031856;154 686 365;1;0;2;1;1;5
202000031857;154 686 362;7;0;2;3;1;1
202000031857;154 686 363;7;0;2;2;15;1
202000031858;154 686 359;10;0;2;5;1;1
202000031858;154 686 360;33;0;2;1;2;1
202000031858;154 686 361;7;0;2;6;2;1
202000031859;154 686 358;1;0;1;1;1;5
202000031860;154 686 357;30;0;1;1;1;1
202000031861;154 686 355;34;0;2;3;9;1
202000031861;154 686 356;50;0;2;1;1;3
202000031862;154 686 352;7;0;2;8;23;1
202000031862;154 686 353;43;0;2;2;3;1
202000031862;154 686 354;7;0;2;7;23;1
202000031863;154 686 351;1;0;1;1;1;5
202000031864;154 686 349;31;0;2;1;2;1
202000031864;154 686 350;7;0;2;8;2;1
202000031865;154 686 347;7;0;2;6;26;0
202000031865;154 686 348;7;0;2;2;0;1
202000031866;154 686 346;3;0;1;1;13;0
202000031867;154 686 345;7;9;1;0;26;1
202000031868;154 686 342;3;0;2;3;9;1
202000031868;154 686 343;3;0;2;1;1;1
202000031868;154 686 344;7;0;2;5;1;1
202000031869;154 686 340;7;6;2;7;1;1
202000031869;154 686 341;7;0;2;1;0;0
202000031870;154 686 339;32;0;1;1;26;0
202000031871;154 686 338;7;0;1;2;2;1
202000031872;154 686 336;7;0;2;1;1;0
202000031872;154 686 337;10;0;0;0;0;0
202000031873;154 686 335;7;0;1;2;0;0
202000031874;154 686 333;7;0;2;1;1;1
202000031874;154 686 334;7;0;2;4;2;1
202000031875;154 686 331;2;1;0;1;2;1
202000031875;154 686 332;7;0;2;4;23;1
202000031876;154 686 329;7;0;2;1;15;1
202000031876;154 686 330;7;0;2;3;1;1
202000031877;154 686 327;2;0;2;1;0;1
202000031877;154 686 328;7;0;2;3;13;1
202000031878;154 686 326;1;0;0;9;1;5
202000031879;154 686 324;7;0;2;3;1;1
202000031879;154 686 325;7;0;2;2;15;1
202000031880;154 686 323;7;7;0;1;2;1
202000031881;154 686 321;7;0;2;6;15;1
202000031881;154 686 322;33;0;2;1;1;1
202000031882;154 686 320;10;0;1;2;1;1
202000031883;154 686 319;7;0;1;7;2;1
202000031884;154 686 318;7;15;0;1;1;1
202000031885;154 686 317;15;0;1;5;1;1
202000031886;154 686 315;7;0;9;1;15;1
202000031886;154 686 316;1;0;2;1;1;0
202000031887;154 686 314;7;6;0;2;1;1
202000031888;154 686 312;7;0;0;8;1;1
202000031888;154 686 313;7;0;0;8;13;1
202000031889;154 686 311;7;13;6;1;0;1
202000031890;154 686 309;7;0;2;7;19;1
202000031890;154 686 310;7;0;2;1;1;1
202000031891;154 686 305;7;0;0;8;15;1
202000031891;154 686 306;7;0;2;1;1;1
202000031892;154 686 304;7;13;0;9;1;1
202000031893;154 686 302;7;0;2;3;1;1
202000031893;154 686 303;10;0;2;3;13;1
202000031894;154 686 301;7;2;0;3;13;1
202000031895;154 686 300;7;2;0;1;1;1
202000031896;154 686 299;32;12;0;8;13;1
202000031897;154 686 297;10;0;2;5;1;1
202000031897;154 686 298;7;3;2;3;13;1
202000031898;154 686 296;7;13;0;1;1;1
202000031899;154 686 295;7;13;0;1;1;1
202000031900;154 686 294;7;13;0;1;14;1
202000031901;154 686 293;30;1;0;7;1;1
202000031902;154 686 292;33;0;0;7;17;1
202000031903;154 686 290;2;0;0;4;23;1
202000031903;154 686 291;7;0;2;1;0;1
202000031904;154 686 289;7;0;9;1;0;1
202000031905;154 686 285;2;0;2;1;1;0
202000031905;154 686 286;2;0;2;1;1;0
202000031905;154 686 287;2;0;2;1;1;0
202000031905;154 686 288;7;0;2;8;1;0
202000031906;154 686 281;7;0;2;2;9;1
202000031907;154 686 278;7;0;2;4;1;1
202000031907;154 686 279;7;0;2;4;2;1
202000031907;154 686 280;7;0;2;1;2;1
202000031908;154 686 277;7;16;0;1;26;1
202000031909;154 686 275;15;0;2;2;12;1
202000031909;154 686 276;7;0;2;6;1;1
202000031910;154 686 274;7;4;0;1;0;1
202000031911;154 686 273;7;4;0;2;1;1
202000031912;154 686 269;7;0;2;4;2;1
202000031912;154 686 270;7;0;2;4;2;1
202000031912;154 686 271;7;0;2;4;2;1
202000031912;154 686 272;7;0;2;1;14;1
202000031913;154 686 267;7;3;2;6;1;1
202000031913;154 686 268;7;0;2;1;12;1
202000031914;154 686 266;7;4;0;2;26;1
202000031915;154 686 265;7;3;0;1;1;1
202000031916;154 686 262;7;0;2;4;2;1
202000031916;154 686 263;7;0;2;6;2;1
202000031916;154 686 264;7;0;2;1;2;1
202000031917;154 686 260;7;0;2;4;2;1