Num_Acc;id_vehicule;categorie_vehicule;obstacle_fixe;obstacle_mobile;point_choc_initial;manoeuvre_principale;motorisation
202000032284;154 685 641;7;0;2;2;2;1
202000032285;154 685 639;7;0;1;3;21;1
202000032286;154 685 638;7;8;0;1;1;1
202000032287;154 685 635;1;0;2;1;1;5
202000032287;154 685 636;1;0;0;4;13;5
202000032288;154 685 633;7;0;2;0;12;1
202000032288;154 685 634;43;0;2;8;18;1
202000032289;154 685 632;7;13;0;3;1;1
202000032290;154 685 630;33;0;2;1;13;1
202000032290;154 685 631;7;0;2;7;1;1
202000032291;154 685 628;7;0;2;1;13;1
202000032291;154 685 629;17;0;2;1;1;1
202000032292;154 685 626;7;0;2;3;21;1
202000032292;154 685 627;1;0;2;1;13;5
202000032293;154 685 625;7;6;0;3;13;0
202000032294;154 685 624;33;0;0;0;1;1
202000032295;154 685 623;2;15;0;7;1;0
202000032296;154 685 622;7;2;0;8;1;1
202000032297;154 685 621;7;16;0;9;14;1
202000032298;154 685 620;7;13;0;1;1;1
202000032299;154 685 618;2;0;2;4;9;1
202000032299;154 685 619;7;0;2;1;1;1
202000032300;154 685 617;7;1;1;2;17;1
202000032301;154 685 616;3;13;0;2;1;1
202000032302;154 685 614;7;0;2;2;15;1
202000032302;154 685 615;1;0;2;1;1;5
202000032303;154 685 612;3;0;2;1;1;1
202000032303;154 685 613;7;0;2;7;1;1
202000032304;154 685 610;33;0;2;1;1;1
202000032304;154 685 611;7;0;2;2;1;1
202000032305;154 685 609;33;2;0;0;1;1
202000032306;154 685 608;33;2;0;1;19;1
202000032307;154 685 606;7;0;2;3;15;0
202000032307;154 685 607;33;0;2;1;15;0
202000032308;154 685 604;33;0;2;1;1;1
202000032308;154 685 605;7;0;2;1;15;1
202000032309;154 685 603;1;0;0;0;1;5
202000032310;154 685 602;7;0;0;9;1;1
202000032311;154 685 600;2;0;2;1;21;1
202000032311;154 685 601;2;0;2;0;21;1
202000032312;154 685 599;7;6;0;1;13;1
202000032313;154 685 598;7;0;1;3;1;1
202000032314;154 685 596;7;0;2;2;1;1
202000032314;154 685 597;2;0;2;1;13;1
202000032315;154 685 594;33;6;0;2;13;1
202000032315;154 685 595;10;0;2;2;1;1
202000032316;154 685 593;1;4;0;1;1;6
202000032317;154 685 591;1;0;2;1;13;5
202000032317;154 685 592;7;6;2;3;1;1
202000032318;154 685 589;10;0;2;3;1;1
202000032318;154 685 590;7;0;2;3;13;1
202000032319;154 685 587;33;0;2;1;1;1
202000032319;154 685 588;7;0;2;3;1;1
202000032320;154 685 586;7;0;0;8;1;1
202000032321;154 685 584;7;0;2;6;1;6
202000032321;154 685 585;2;0;2;1;15;1
202000032322;154 685 582;7;0;2;1;1;1
202000032322;154 685 583;7;0;2;3;13;1
202000032323;154 685 580;2;0;2;1;16;1
202000032323;154 685 581;7;0;0;2;23;1
202000032324;154 685 576;7;0;2;3;15;1
202000032324;154 685 577;7;0;2;1;1;1
202000032325;154 685 575;7;4;0;2;21;1
202000032326;154 685 574;7;0;0;1;1;1
202000032327;154 685 573;7;2;0;1;2;0
202000032328;154 685 571;7;0;2;1;1;1
202000032328;154 685 572;7;0;0;4;1;1
202000032329;154 685 570;33;2;0;3;13;1
202000032330;154 685 566;33;11;0;1;1;1
202000032331;154 685 565;7;0;1;2;17;1
202000032332;154 685 563;2;0;0;7;1;0
202000032332;154 685 564;7;0;2;1;15;0
202000032333;154 685 562;7;13;0;1;1;1
202000032334;154 685 560;7;0;2;1;2;1
202000032334;154 685 561;7;0;2;4;2;1
202000032335;154 685 559;17;0;0;9;13;1
202000032336;154 685 558;7;0;0;9;21;1
202000032337;154 685 557;7;0;1;0;0;1
202000032338;154 685 555;7;0;0;0;9;1
202000032338;154 685 556;33;0;2;0;17;1
202000032339;154 685 553;7;0;1;0;0;1
202000032339;154 685 554;7;0;2;1;1;1
202000032340;154 685 552;7;12;0;0;1;1
202000032341;154 685 551;30;8;0;1;25;0
202000032342;154 685 550;7;8;0;1;1;0
202000032343;154 685 548;7;0;2;3;1;1
202000032343;154 685 549;7;0;2;3;13;1
202000032344;154 685 546;7;0;2;3;13;1
202000032344;154 685 547;7;0;2;3;1;1
202000032345;154 685 545;7;0;1;1;1;1
202000032346;154 685 544;7;2;0;1;14;1
202000032347;154 685 543;7;0;1;4;4;1
202000032348;154 685 541;7;0;2;2;16;1
202000032348;154 685 542;33;0;2;8;1;1
202000032349;154 685 539;7;0;2;1;1;1
202000032349;154 685 540;7;0;2;5;0;1
202000032350;154 685 537;2;0;2;3;1;1
202000032350;154 685 538;10;0;2;3;9;1
202000032351;154 685 536;30;0;0;0;0;1
202000032352;154 685 534;33;0;2;1;1;1
202000032352;154 685 535;7;0;2;3;15;1
202000032353;154 685 532;33;0;2;3;1;1
202000032353;154 685 533;7;0;2;2;1;1
202000032354;154 685 530;7;0;2;3;22;1
202000032354;154 685 531;37;1;0;2;1;1
202000032355;154 685 528;3;0;2;8;1;0
202000032355;154 685 529;50;0;2;2;1;3
202000032356;154 685 526;33;0;2;3;15;1
202000032356;154 685 527;33;0;2;2;26;1
202000032357;154 685 525;7;2;0;1;1;6
202000032358;154 685 523;10;0;2;3;9;1
202000032358;154 685 524;35;0;0;7;15;1
202000032359;154 685 522;7;17;0;3;17;1
202000032360;154 685 521;7;8;0;9;1;1
202000032361;154 685 520;7;13;0;8;13;1
202000032362;154 685 518;7;0;2;3;1;1
202000032362;154 685 519;7;0;2;1;1;1
202000032363;154 685 517;7;2;0;1;0;1
202000032364;154 685 514;17;0;2;1;1;1
202000032364;154 685 515;14;0;2;1;13;1
202000032364;154 685 516;10;0;0;0;15;1
202000032365;154 685 513;7;2;0;1;13;6
202000032366;154 685 511;10;0;2;1;16;1
202000032366;154 685 512;7;0;2;4;16;1
202000032367;154 685 509;7;0;2;3;1;1
202000032367;154 685 510;32;0;2;3;13;1
202000032368;154 685 508;7;0;1;2;21;1
202000032369;154 685 507;7;0;0;1;1;1
202000032370;154 685 506;7;0;1;1;15;3
202000032371;154 685 505;7;2;0;1;26;1
202000032372;154 685 503;7;0;2;1;1;1
202000032372;154 685 504;1;0;2;8;19;5
202000032373;154 685 501;7;0;2;3;2;1
202000032373;154 685 502;30;0;2;1;26;1
202000032374;154 685 499;7;8;2;1;1;1
202000032374;154 685 500;7;0;2;1;0;1
202000032375;154 685 498;7;15;0;1;14;1
202000032376;154 685 497;7;0;1;1;9;1
202000032377;154 685 496;10;9;0;1;1;1
202000032378;154 685 494;10;0;2;2;1;1
202000032378;154 685 495;10;0;2;3;1;1
202000032379;154 685 492;2;0;2;2;2;0
202000032379;154 685 493;99;0;2;3;2;0
202000032380;154 685 491;30;14;0;2;23;1
202000032381;154 685 490;7;11;0;1;0;1
202000032382;154 685 488;7;0;9;1;1;3
202000032382;154 685 489;1;0;2;8;1;5
202000032383;154 685 487;33;0;0;2;1;1
202000032384;154 685 486;7;2;0;1;1;1
202000032385;154 685 484;7;0;2;2;13;1
202000032385;154 685 485;7;0;2;3;21;1
202000032386;154 685 483;7;8;0;2;1;1
202000032387;154 685 482;7;13;0;1;1;1
202000032388;154 685 481;33;0;1;2;1;1
202000032389;154 685 480;10;3;0;2;1;6
202000032390;154 685 478;7;0;2;1;13;1
202000032390;154 685 479;37;0;2;1;1;1
202000032391;154 685 476;33;0;2;2;17;1
202000032391;154 685 477;21;0;2;3;15;1
202000032392;154 685 475;36;2;0;2;0;1
202000032393;154 685 474;7;6;0;2;2;1
202000032394;154 685 472;37;0;2;3;1;1
202000032394;154 685 473;7;0;2;1;15;1
202000032395;154 685 471;7;0;1;0;1;1
202000032396;154 685 470;7;0;1;2;1;1
202000032397;154 685 469;7;0;1;2;26;1
202000032398;154 685 468;7;8;0;1;1;1
202000032399;154 685 465;10;0;2;3;17;1
202000032399;154 685 466;7;0;2;3;1;1
202000032399;154 685 467;7;0;2;8;1;1
202000032400;154 685 464;7;9;0;1;1;1
202000032401;154 685 462;7;0;2;1;15;1
202000032401;154 685 463;7;0;2;1;1;1
202000032402;154 685 461;30;15;0;1;2;1
202000032403;154 685 460;10;0;1;7;1;1
202000032404;154 685 459;7;0;1;1;1;1
202000032405;154 685 457;7;3;2;8;1;1
202000032405;154 685 458;14;0;2;7;12;1
202000032406;154 685 454;10;0;2;1;1;1
202000032406;154 685 456;1;0;2;8;19;5
202000032407;154 685 453;33;0;2;7;1;6
202000032407;154 685 455;7;0;2;1;26;6
202000032408;154 685 452;10;0;1;4;1;1
202000032409;154 685 449;50;0;2;1;19;3
202000032409;154 685 451;7;0;9;3;1;1
202000032410;154 685 450;7;0;0;1;1;1
202000032411;154 685 442;30;0;2;8;1;1
202000032411;154 685 444;30;0;2;1;5;1
202000032412;154 685 439;33;0;0;8;1;1
202000032413;154 685 438;7;0;0;0;0;0
202000032413;154 685 440;30;0;0;0;0;1
202000032414;154 685 435;7;0;1;4;20;1
202000032415;154 685 432;7;3;0;3;1;1
202000032416;154 685 430;10;0;0;6;1;1
202000032416;154 685 431;10;0;2;2;17;1
202000032417;154 685 429;32;0;2;8;1;1
202000032417;154 685 433;7;0;2;2;15;1
202000032418;154 685 425;7;0;0;3;0;1
202000032418;154 685 427;7;0;2;1;1;0
202000032418;154 685 428;34;12;2;0;0;1
202000032419;154 685 424;7;0;2;1;1;1
202000032419;154 685 426;1;0;2;1;1;5
202000032420;154 685 423;14;3;0;3;13;1
202000032421;154 685 419;7;0;2;1;18;1
202000032421;154 685 420;7;0;2;2;1;1
202000032421;154 685 421;7;0;9;1;1;1
202000032422;154 685 422;10;3;0;7;1;1
202000032423;154 685 417;7;1;0;1;14;0
202000032423;154 685 418;7;3;0;4;24;0
202000032424;154 685 416;2;17;0;1;1;1
202000032425;154 685 415;2;0;0;0;1;1
202000032426;154 685 414;10;13;0;2;1;1
202000032427;154 685 411;7;0;2;1;15;1
202000032427;154 685 413;7;0;2;1;1;1
202000032428;154 685 410;10;0;2;2;2;1
202000032428;154 685 412;1;0;0;0;23;5
202000032429;154 685 409;7;2;0;8;1;1
202000032430;154 685 408;33;6;0;3;21;1
202000032431;154 685 406;38;0;2;8;15;1
202000032431;154 685 407;1;0;2;8;16;5
202000032432;154 685 400;2;6;0;1;15;1
202000032433;154 685 398;7;7;2;8;1;1
202000032433;154 685 401;7;0;2;1;6;1
202000032434;154 685 396;7;3;0;0;14;1
202000032435;154 685 395;10;0;1;4;4;1
202000032436;154 685 393;7;0;0;2;1;1
202000032436;154 685 394;7;0;2;1;1;1
202000032437;154 685 397;7;0;9;1;1;1
202000032437;154 685 399;1;0;2;7;19;5
202000032438;154 685 391;7;3;0;3;13;1
202000032439;154 685 392;7;0;1;4;4;1
202000032440;154 685 388;7;2;0;3;1;1
202000032441;154 685 389;7;0;2;3;2;0
202000032441;154 685 390;33;0;2;2;17;0
202000032442;154 685 386;7;6;0;1;1;1
202000032443;154 685 385;7;0;2;3;1;1
202000032443;154 685 387;2;0;2;1;13;1
202000032444;154 685 384;7;6;0;1;26;1
202000032445;154 685 382;10;3;0;8;11;1
202000032446;154 685 381;7;4;0;9;1;1
202000032447;154 685 379;10;0;2;8;15;1
202000032447;154 685 380;7;0;2;1;1;1
202000032448;154 685 375;7;0;2;1;2;1
202000032448;154 685 376;10;0;2;1;1;1
202000032448;154 685 377;7;0;2;4;2;1
202000032448;154 685 378;7;0;2;4;15;1
202000032449;154 685 374;7;13;0;1;1;1
202000032450;154 685 373;7;0;0;9;26;1
202000032451;154 685 372;33;0;0;0;1;1
202000032452;154 685 370;7;0;2;1;13;1
202000032452;154 685 371;37;0;2;1;1;1
202000032453;154 685 368;7;0;2;1;6;0
202000032453;154 685 369;7;0;0;8;9;0
202000032454;154 685 367;33;8;0;1;1;1
202000032455;154 685 366;7;6;0;3;13;1
202000032456;154 685 363;30;0;2;0;1;1
202000032456;154 685 365;7;0;0;0;15;1
202000032457;154 685 364;7;0;1;2;19;1
202000032458;154 685 362;1;12;0;7;1;5
202000032459;154 685 360;33;0;2;1;0;1
202000032459;154 685 361;7;0;2;3;26;1
202000032460;154 685 359;10;6;0;4;26;1
202000032461;154 685 358;31;11;0;1;1;1
202000032462;154 685 354;7;0;2;1;1;1
202000032462;154 685 356;7;0;2;1;1;1
202000032463;154 685 355;7;0;2;2;15;0
202000032463;154 685 357;33;0;2;1;1;1
202000032464;154 685 351;3;0;2;1;10;1
202000032464;154 685 353;33;0;2;3;1;1
202000032465;154 685 350;7;1;0;1;1;1
202000032465;154 685 352;7;3;0;4;24;1
202000032466;154 685 349;7;2;0;1;0;1
202000032467;154 685 348;7;8;0;0;1;1
202000032468;154 685 347;33;13;0;1;17;1
202000032469;154 685 345;7;0;2;7;1;1
202000032469;154 685 346;10;0;2;1;19;1
202000032470;154 685 343;7;13;0;9;1;1
202000032471;154 685 342;30;0;2;7;1;1
202000032471;154 685 344;7;0;2;1;1;1
202000032472;154 685 341;2;6;0;1;1;1
202000032473;154 685 338;7;0;2;3;1;1
202000032473;154 685 339;33;0;2;1;0;1
202000032473;154 685 340;33;0;2;1;1;1
202000032474;154 685 335;7;0;2;1;17;0
202000032474;154 685 337;7;0;2;7;21;1
202000032475;154 685 334;1;12;2;8;1;5
202000032475;154 685 336;7;0;9;2;2;1
202000032476;154 685 333;7;13;0;1;1;1
202000032477;154 685 331;7;0;2;2;9;1
202000032477;154 685 332;7;0;2;3;1;1
202000032478;154 685 329;10;13;2;4;1;1
202000032478;154 685 330;10;0;2;9;1;1
202000032479;154 685 327;7;0;0;4;2;1
202000032479;154 685 328;7;0;2;1;2;1
202000032480;154 685 325;7;0;2;2;9;0
202000032480;154 685 326;1;0;2;6;1;5
202000032481;154 685 322;7;0;2;1;1;0
202000032481;154 685 324;30;0;2;8;0;0
202000032482;154 685 321;1;0;2;8;25;6
202000032482;154 685 323;7;0;9;3;23;1
202000032483;154 685 319;33;0;2;1;2;1
202000032483;154 685 320;7;0;0;4;2;1
202000032484;154 685 315;7;0;0;1;1;1
202000032484;154 685 316;7;0;2;1;9;1
202000032485;154 685 317;32;0;2;0;9;0
202000032485;154 685 318;7;0;2;2;13;0
202000032486;154 685 313;33;0;0;8;1;1
202000032487;154 685 310;7;12;0;8;26;1
202000032488;154 685 311;7;3;2;2;14;1
202000032488;154 685 312;7;3;2;1;2;1
202000032488;154 685 314;7;3;0;8;1;1
202000032489;154 685 307;13;0;0;3;15;1
202000032489;154 685 309;31;13;2;2;17;1
202000032490;154 685 306;7;0;2;1;2;1
202000032490;154 685 308;7;14;0;4;2;1
202000032491;154 685 305;32;8;0;9;0;1
202000032492;154 685 304;33;13;0;1;13;1
202000032493;154 685 303;33;0;0;0;0;1
202000032494;154 685 301;30;0;2;1;9;0
202000032494;154 685 302;7;0;2;6;1;0
202000032495;154 685 300;7;6;0;1;1;1
202000032496;154 685 299;33;0;0;0;2;1
202000032497;154 685 298;7;3;0;7;14;0
202000032498;154 685 297;7;0;2;2;26;0
202000032499;154 685 295;7;2;0;1;21;1
202000032500;154 685 294;7;0;2;1;13;1
202000032500;154 685 296;37;0;2;1;1;1
202000032501;154 685 292;7;0;0;7;19;1
202000032501;154 685 293;33;0;2;1;1;1
202000032502;154 685 290;7;0;2;2;1;1
202000032502;154 685 291;7;0;2;3;1;1
202000032503;154 685 289;80;2;0;1;1;3
202000032504;154 685 287;33;3;0;4;17;1
202000032505;154 685 286;7;0;2;1;15;1
202000032505;154 685 288;50;0;2;8;1;3
202000032506;154 685 285;7;0;1;3;1;1
202000032507;154 685 284;34;0;0;2;15;0
202000032508;154 685 282;33;0;2;5;1;1
202000032508;154 685 283;7;0;2;2;15;1
202000032509;154 685 281;7;1;0;1;26;1
202000032510;154 685 280;7;0;1;0;1;1
202000032511;154 685 278;3;9;4;1;19;1
202000032511;154 685 279;40;0;2;1;1;3
202000032512;154 685 277;7;0;1;2;1;1
202000032513;154 685 276;33;0;0;0;1;1
202000032514;154 685 275;50;0;1;1;1;3
202000032515;154 685 274;7;0;1;4;20;1
202000032516;154 685 273;7;6;0;3;1;1
202000032517;154 685 271;7;13;0;1;1;1
202000032518;154 685 270;7;0;2;2;2;1
202000032518;154 685 272;7;0;0;6;2;1
202000032519;154 685 269;7;2;0;1;1;1
202000032520;154 685 267;10;0;2;7;1;1
202000032520;154 685 268;42;0;2;1;1;1
202000032521;154 685 266;31;0;0;0;0;1
202000032522;154 685 263;7;0;2;4;1;1
202000032522;154 685 264;32;0;2;1;2;1
202000032523;154 685 261;7;0;0;7;12;1
202000032523;154 685 262;32;0;2;1;3;1
202000032524;154 685 265;7;0;1;1;9;0
202000032525;154 685 259;7;0;2;2;12;1
202000032525;154 685 260;7;0;2;6;1;1
202000032526;154 685 258;33;0;0;3;2;1
202000032527;154 685 255;7;6;0;1;0;0
202000032528;154 685 254;7;0;2;5;1;1
202000032528;154 685 256;33;0;2;7;3;1
202000032528;154 685 257;7;0;2;8;11;1
202000032529;154 685 253;7;13;0;9;0;1
202000032530;154 685 251;7;0;2;1;2;1
202000032530;154 685 252;7;0;2;4;2;1
202000032531;154 685 249;33;0;2;5;1;1
202000032531;154 685 250;33;8;2;8;1;1
202000032532;154 685 246;7;0;2;4;2;1
202000032532;154 685 247;7;0;2;1;1;1
202000032532;154 685 248;10;0;2;4;2;1
202000032533;154 685 244;7;6;0;2;14;1
202000032534;154 685 243;7;0;2;4;1;1
202000032534;154 685 245;7;0;2;1;1;1
202000032535;154 685 241;33;12;0;1;1;1
202000032536;154 685 239;7;0;2;5;2;1
202000032536;154 685 240;33;0;2;3;3;1
202000032536;154 685 242;7;0;2;2;12;1
202000032537;154 685 238;33;0;6;1;1;1
202000032538;154 685 236;10;0;2;4;2;1
202000032538;154 685 237;33;0;2;1;2;1
202000032539;154 685 233;7;14;2;4;21;1
202000032539;154 685 235;10;14;2;1;21;1
202000032540;154 685 232;7;0;2;3;1;1
202000032540;154 685 234;7;0;2;3;13;1
202000032541;154 685 230;7;13;0;3;0;0
202000032542;154 685 228;7;0;2;4;2;1
202000032542;154 685 229;7;0;2;4;2;1
202000032542;154 685 231;10;0;2;1;2;1
202000032543;154 685 225;33;0;2;8;1;1
202000032543;154 685 226;7;0;2;0;12;0
202000032544;154 685 222;7;4;2;5;2;1
202000032544;154 685 223;7;0;2;1;2;1
202000032545;154 685 224;7;0;2;2;1;1
202000032545;154 685 227;7;0;2;3;0;1
202000032546;154 685 221;7;4;0;1;13;1
202000032547;154 685 219;2;0;2;1;1;1
202000032547;154 685 220;7;0;2;7;15;1
202000032548;154 685 216;7;0;2;3;1;1
202000032548;154 685 218;7;0;2;2;1;1
202000032549;154 685 217;10;8;0;3;26;1
202000032550;154 685 215;32;0;1;1;1;1
202000032551;154 685 210;14;0;2;8;1;1
202000032551;154 685 211;7;0;2;1;1;0
202000032551;154 685 212;7;0;2;3;1;1
202000032552;154 685 213;7;0;2;2;26;0
202000032552;154 685 214;2;14;2;1;26;1
202000032553;154 685 209;50;0;1;1;1;3
202000032554;154 685 206;7;0;0;4;2;1
202000032554;154 685 207;7;0;2;1;2;1
202000032555;154 685 205;33;0;2;2;3;1
202000032555;154 685 208;7;0;2;3;15;1
202000032556;154 685 204;7;0;1;3;15;1
202000032557;154 685 201;7;0;2;0;0;1
202000032557;154 685 202;7;0;2;0;0;1
202000032557;154 685 203;7;0;2;0;0;1
202000032558;154 685 200;34;0;2;7;17;1
202000032559;154 685 197;37;0;2;1;26;1
202000032559;154 685 198;32;0;2;3;0;1
202000032560;154 685 196;33;0;2;1;1;1
202000032560;154 685 199;7;0;2;2;15;1
202000032561;154 685 195;7;0;1;1;16;1
202000032562;154 685 191;15;0;2;4;24;1
202000032562;154 685 193;7;1;0;1;1;1
202000032563;154 685 192;1;0;2;2;26;5
202000032563;154 685 194;7;0;2;3;1;1
202000032564;154 685 189;7;0;0;6;9;6
202000032564;154 685 190;7;0;2;1;1;6
202000032565;154 685 187;7;0;2;2;11;1
202000032565;154 685 188;30;0;2;1;13;1
202000032566;154 685 185;7;0;2;1;2;1
202000032566;154 685 186;7;0;2;4;2;1
202000032567;154 685 181;7;0;2;6;15;1
202000032567;154 685 182;30;0;2;1;1;1
202000032568;154 685 183;1;0;2;0;0;5
202000032568;154 685 184;7;0;9;2;15;1
202000032569;154 685 180;7;0;1;1;1;1
202000032570;154 685 178;7;0;2;1;2;1
202000032570;154 685 179;7;0;2;4;2;1
202000032571;154 685 177;7;0;1;2;1;0
202000032572;154 685 174;7;0;2;2;1;0
202000032572;154 685 176;7;0;2;1;5;0
202000032573;154 685 173;7;0;1;1;16;1
202000032574;154 685 172;0;0;1;1;19;0
202000032575;154 685 175;36;0;0;7;26;1
202000032576;154 685 169;7;0;2;3;1;1
202000032576;154 685 170;7;0;2;3;13;1
202000032576;154 685 171;7;0;2;6;1;1
202000032577;154 685 168;7;0;1;1;1;1
202000032578;154 685 165;7;0;2;3;9;
202000032578;154 685 167;2;0;2;2;9;
202000032579;154 685 164;15;0;2;8;1;1
202000032579;154 685 166;7;0;2;3;5;1
202000032580;154 685 161;10;0;2;3;9;0
202000032580;154 685 163;31;0;2;7;1;0
202000032581;154 685 160;7;0;2;3;26;1
202000032581;154 685 162;7;0;2;3;26;1
202000032582;154 685 159;10;0;1;4;4;1
202000032583;154 685 158;33;2;0;0;13;1
202000032584;154 685 156;10;0;2;8;9;1
202000032584;154 685 157;1;0;2;1;2;5
202000032585;154 685 154;7;0;2;1;1;1
202000032585;154 685 155;10;0;2;3;1;1
202000032586;154 685 152;7;0;2;8;15;1
202000032586;154 685 153;2;0;2;1;17;1
202000032587;154 685 151;50;0;0;0;1;3
202000032588;154 685 149;7;0;2;1;2;1
202000032588;154 685 150;7;0;1;4;2;1
202000032589;154 685 146;32;0;2;1;15;1
202000032589;154 685 148;7;0;2;1;1;1
202000032590;154 685 145;7;0;2;6;11;1
202000032590;154 685 147;32;0;2;2;1;1
202000032591;154 685 143;3;0;2;4;1;1
202000032591;154 685 144;7;0;2;1;1;1
202000032592;154 685 140;7;0;1;3;1;1
202000032593;154 685 141;7;0;2;1;1;1
202000032593;154 685 142;7;0;2;2;15;1
202000032594;154 685 137;7;13;0;1;21;1
202000032595;154 685 138;7;0;2;3;1;0
202000032595;154 685 139;7;0;0;0;0;0
202000032596;154 685 135;7;4;0;3;13;1
202000032597;154 685 136;33;13;0;1;1;1
202000032598;154 685 132;10;0;2;3;1;1
202000032598;154 685 134;7;0;2;2;1;1
202000032599;154 685 129;7;0;2;2;1;1
202000032599;154 685 131;30;0;2;1;17;1
202000032600;154 685 128;1;0;2;2;9;5
202000032600;154 685 130;7;0;2;1;9;1
202000032601;154 685 125;3;0;2;4;2;1
202000032601;154 685 126;7;0;2;4;2;1
202000032602;154 685 127;17;3;0;3;0;1
202000032603;154 685 123;1;0;2;6;26;5
202000032603;154 685 124;7;0;9;2;9;0
202000032604;154 685 122;7;4;0;1;26;1
202000032605;154 685 120;7;0;2;1;0;1
202000032605;154 685 121;7;0;2;7;0;1
202000032606;154 685 117;7;0;2;2;15;1
202000032606;154 685 118;7;0;2;1;16;1
202000032607;154 685 119;7;13;0;1;1;0
202000032608;154 685 114;31;0;2;3;1;1
202000032608;154 685 116;21;0;2;1;1;1
202000032609;154 685 111;7;8;0;4;2;1
202000032609;154 685 112;7;12;2;1;18;1
202000032610;154 685 108;7;13;2;4;23;1
202000032610;154 685 109;7;14;1;4;23;1
202000032610;154 685 110;7;14;1;1;2;1
202000032611;154 685 106;7;0;2;3;1;1
202000032611;154 685 107;30;0;2;3;9;1
202000032612;154 685 113;2;0;2;1;1;1
202000032612;154 685 115;7;0;2;3;1;1
202000032613;154 685 102;7;0;2;4;1;1
202000032613;154 685 104;10;0;2;1;1;1
202000032614;154 685 103;7;0;2;1;15;1
202000032614;154 685 105;34;0;2;7;1;1
202000032615;154 685 098;7;0;2;1;9;1
202000032615;154 685 101;1;0;2;5;1;0
202000032616;154 685 099;1;0;2;8;25;5
202000032616;154 685 100;7;0;2;3;1;1
202000032617;154 685 096;41;0;0;0;0;1
202000032617;154 685 097;7;0;2;8;15;1
202000032618;154 685 094;7;7;0;1;1;1
202000032619;154 685 091;7;0;2;2;1;1
202000032619;154 685 092;31;0;2;1;1;1
202000032620;154 685 093;7;0;2;3;15;1
202000032620;154 685 095;33;0;2;3;1;1
202000032621;154 685 089;7;0;2;1;1;1
202000032621;154 685 090;7;0;2;4;1;1
202000032622;154 685 085;7;0;2;1;9;1
202000032622;154 685 087;31;0;2;8;1;1
202000032623;154 685 086;33;0;2;1;1;1
202000032623;154 685 088;7;0;9;2;15;1
202000032624;154 685 083;7;1;0;1;1;1
202000032625;154 685 082;1;0;2;7;1;5
202000032625;154 685 084;33;0;2;7;1;1
202000032626;154 685 079;7;0;2;1;9;1
202000032626;154 685 081;17;0;2;2;1;1
202000032627;154 685 078;1;0;2;8;1;5
202000032627;154 685 080;1;0;2;2;17;5
202000032628;154 685 077;7;6;0;1;16;1
202000032629;154 685 075;7;0;2;5;1;1
202000032629;154 685 076;7;0;2;1;1;1
202000032630;154 685 073;7;15;0;1;0;1
202000032631;154 685 072;7;0;2;8;9;3
202000032631;154 685 074;14;0;2;2;1;1
202000032632;154 685 071;7;1;0;2;14;1
202000032633;154 685 069;30;0;2;1;2;1
202000032633;154 685 070;0;0;2;4;1;
202000032634;154 685 066;7;0;2;1;1;2
202000032634;154 685 067;7;0;2;1;5;1
202000032635;154 685 065;80;0;2;5;1;2
202000032635;154 685 068;7;0;2;3;9;1
202000032636;154 685 063;2;0;2;1;1;1
202000032636;154 685 064;7;0;2;4;1;1
202000032637;154 685 062;7;0;1;3;1;1
202000032638;154 685 060;7;0;2;3;9;1
202000032638;154 685 061;33;0;2;1;1;1
202000032639;154 685 058;33;0;2;7;14;1
202000032639;154 685 059;37;0;2;8;1;1
202000032640;154 685 056;7;0;1;3;1;1
202000032641;154 685 057;10;0;1;7;16;1
202000032642;154 685 048;10;0;2;1;1;1
202000032642;154 685 050;7;0;2;4;1;1
202000032642;154 685 052;7;0;2;4;1;1
202000032643;154 685 049;7;0;2;5;1;0
202000032643;154 685 051;10;0;2;4;1;1
202000032643;154 685 053;7;0;2;4;1;0
202000032643;154 685 054;7;0;2;4;1;0
202000032643;154 685 055;17;0;2;1;1;1
202000032644;154 685 045;7;0;2;4;1;1
202000032644;154 685 046;2;0;2;1;1;1
202000032645;154 685 044;7;0;2;8;15;1
202000032645;154 685 047;2;0;2;2;14;1
202000032646;154 685 043;7;1;1;4;26;1
202000032647;154 685 042;34;0;1;1;1;1
202000032648;154 685 041;10;0;1;2;0;1
202000032649;154 685 040;43;0;0;8;15;1
202000032650;154 685 038;14;8;0;9;14;6
202000032651;154 685 037;33;0;2;1;1;1
202000032651;154 685 039;10;0;2;5;1;1
202000032652;154 685 035;7;4;0;1;26;1
202000032653;154 685 032;10;0;2;1;15;1
202000032653;154 685 033;10;7;2;8;1;1
202000032654;154 685 034;10;0;2;2;9;1
202000032654;154 685 036;33;0;2;3;1;1
202000032655;154 685 031;7;2;0;1;1;1
202000032656;154 685 030;30;12;0;3;13;1
202000032657;154 685 029;10;0;1;1;1;1
202000032658;154 685 026;33;0;2;1;2;1
202000032658;154 685 028;1;0;2;5;19;5
202000032659;154 685 025;7;0;2;4;23;1
202000032659;154 685 027;10;0;2;1;2;1
202000032660;154 685 023;7;0;2;3;15;1
202000032660;154 685 024;33;0;2;1;1;0
202000032661;154 685 021;14;0;2;7;12;1
202000032661;154 685 022;32;0;2;3;1;1
202000032662;154 685 019;7;0;2;3;1;1
202000032662;154 685 020;7;0;2;3;1;1