Num_Acc;id_vehicule;categorie_vehicule;obstacle_fixe;obstacle_mobile;point_choc_initial;manoeuvre_principale;motorisation
202000032663;154 685 017;32;0;2;6;1;1
202000032663;154 685 018;14;0;2;7;18;0
202000032664;154 685 016;7;16;0;9;1;1
202000032665;154 685 014;7;15;0;3;1;1
202000032666;154 685 012;7;8;0;1;0;1
202000032667;154 685 013;10;0;2;0;11;0
202000032667;154 685 015;43;0;2;1;1;1
202000032668;154 685 011;2;0;0;0;1;1
202000032669;154 685 009;30;0;2;2;2;1
202000032669;154 685 010;32;0;2;6;23;1
202000032670;154 685 008;7;8;0;1;1;1
202000032671;154 685 007;0;0;1;0;0;0
202000032672;154 685 005;7;0;2;3;11;1
202000032672;154 685 006;33;0;2;7;2;1
202000032673;154 685 004;1;0;1;1;1;5
202000032674;154 685 003;10;0;1;3;1;1
202000032675;154 685 001;7;0;2;3;24;1
202000032675;154 685 002;7;1;0;2;1;0
202000032676;154 685 000;7;0;1;4;4;1
202000032677;154 684 999;32;0;0;0;21;1
202000032678;154 684 997;7;0;2;2;15;1
202000032678;154 684 998;43;0;2;8;1;1
202000032679;154 684 995;7;0;2;8;22;1
202000032679;154 684 996;50;0;2;1;2;3
202000032680;154 684 993;1;0;2;0;1;5
202000032680;154 684 994;7;0;2;5;1;1
202000032681;154 684 992;7;0;1;3;7;2
202000032682;154 684 991;1;0;1;1;1;5
202000032683;154 684 989;7;0;2;5;1;1
202000032683;154 684 990;7;0;2;0;0;1
202000032684;154 684 987;7;0;2;3;1;1
202000032684;154 684 988;50;0;2;2;1;3
202000032685;154 684 986;7;0;1;1;0;1
202000032686;154 684 985;10;8;0;1;14;0
202000032687;154 684 983;7;0;2;3;1;1
202000032687;154 684 984;7;0;2;4;1;1
202000032688;154 684 982;7;0;1;1;9;2
202000032689;154 684 980;7;0;1;3;26;1
202000032689;154 684 981;7;14;2;1;15;1
202000032690;154 684 978;7;0;2;4;23;1
202000032690;154 684 979;7;0;2;1;2;1
202000032691;154 684 977;33;0;0;8;1;1
202000032692;154 684 975;10;0;2;1;1;1
202000032692;154 684 976;10;0;2;8;15;1
202000032693;154 684 974;7;0;1;1;1;1
202000032694;154 684 972;7;0;2;3;10;2
202000032694;154 684 973;33;0;2;1;3;1
202000032695;154 684 971;10;1;0;2;1;1
202000032696;154 684 969;14;0;2;1;2;0
202000032696;154 684 970;7;0;2;4;0;0
202000032697;154 684 967;2;0;2;1;1;1
202000032697;154 684 968;10;0;2;3;15;1
202000032698;154 684 964;30;0;2;0;0;1
202000032698;154 684 965;7;0;2;7;15;1
202000032699;154 684 962;32;0;2;4;23;1
202000032699;154 684 963;7;0;2;1;0;1
202000032700;154 684 960;10;0;2;2;1;3
202000032700;154 684 961;14;0;2;2;1;1
202000032701;154 684 958;30;0;2;7;23;1
202000032701;154 684 959;10;0;2;3;1;1
202000032702;154 684 957;7;0;1;3;2;1
202000032703;154 684 954;7;0;2;3;1;1
202000032703;154 684 955;7;0;2;3;1;1
202000032703;154 684 956;15;0;9;6;1;1
202000032704;154 684 952;7;0;2;2;1;1
202000032704;154 684 953;7;0;2;2;13;1
202000032705;154 684 951;7;2;0;1;1;1
202000032706;154 684 950;7;8;0;1;14;1
202000032707;154 684 948;33;0;2;8;13;1
202000032707;154 684 949;7;0;2;8;1;1
202000032708;154 684 946;7;3;2;6;1;1
202000032708;154 684 947;7;0;2;1;17;1
202000032709;154 684 944;7;0;9;2;1;1
202000032709;154 684 945;7;0;9;1;1;1
202000032710;154 684 942;2;0;2;1;15;1
202000032710;154 684 943;7;0;0;2;1;1
202000032711;154 684 940;7;0;9;3;1;1
202000032711;154 684 941;1;0;2;4;5;5
202000032712;154 684 938;33;0;2;1;17;1
202000032712;154 684 939;7;0;2;3;19;0
202000032713;154 684 936;17;0;2;8;1;1
202000032713;154 684 937;33;0;2;7;1;1
202000032714;154 684 934;15;0;2;3;1;1
202000032714;154 684 935;7;0;2;3;1;1
202000032715;154 684 932;33;0;2;2;2;1
202000032715;154 684 933;1;0;2;4;2;5
202000032716;154 684 930;1;0;2;8;1;5
202000032716;154 684 931;10;0;2;1;1;1
202000032717;154 684 929;7;8;0;9;19;0
202000032718;154 684 926;7;0;2;2;1;1
202000032718;154 684 927;33;0;2;3;1;1
202000032719;154 684 925;7;0;0;9;0;1
202000032720;154 684 923;10;0;2;5;1;1
202000032720;154 684 924;31;0;2;1;3;1
202000032721;154 684 920;7;0;2;3;15;3
202000032721;154 684 921;33;0;2;2;1;1
202000032722;154 684 918;1;0;2;2;1;5
202000032722;154 684 919;7;0;9;8;9;1
202000032723;154 684 916;10;0;2;4;2;1
202000032723;154 684 917;10;0;2;1;2;1
202000032724;154 684 914;10;0;2;1;9;1
202000032724;154 684 915;13;0;2;5;1;1
202000032725;154 684 913;1;0;1;0;26;5
202000032726;154 684 911;7;0;2;6;2;1
202000032726;154 684 912;32;0;2;1;2;1
202000032727;154 684 909;99;0;2;1;15;0
202000032727;154 684 910;7;0;2;1;26;0
202000032728;154 684 908;7;0;1;7;1;1
202000032729;154 684 907;34;0;0;7;16;1
202000032730;154 684 905;7;0;2;2;19;1
202000032730;154 684 906;7;0;2;1;1;1
202000032731;154 684 904;2;12;0;1;26;1
202000032732;154 684 902;1;0;2;0;1;5
202000032732;154 684 903;7;0;9;0;0;0
202000032733;154 684 901;7;0;1;0;1;1
202000032734;154 684 900;7;0;1;1;1;1
202000032735;154 684 898;7;0;2;1;15;1
202000032735;154 684 899;7;0;2;1;1;1
202000032736;154 684 896;33;0;2;9;19;0
202000032736;154 684 897;10;0;2;0;0;0
202000032737;154 684 895;7;0;1;2;1;1
202000032738;154 684 893;31;0;2;2;1;1
202000032738;154 684 894;7;0;2;1;16;1
202000032739;154 684 892;7;0;1;0;0;0
202000032740;154 684 891;7;0;1;1;1;1
202000032741;154 684 890;30;1;0;1;14;1
202000032742;154 684 889;7;0;1;2;1;0
202000032743;154 684 888;33;0;0;7;17;0
202000032744;154 684 886;7;0;2;2;18;0
202000032744;154 684 887;7;0;2;6;1;0
202000032745;154 684 885;7;0;1;7;1;1
202000032746;154 684 884;7;0;1;2;1;1
202000032747;154 684 882;10;0;2;0;0;0
202000032747;154 684 883;33;0;2;0;1;1
202000032748;154 684 880;1;0;0;4;26;5
202000032748;154 684 881;10;0;2;4;14;1
202000032749;154 684 879;7;6;0;1;14;1
202000032750;154 684 878;32;8;0;1;25;1
202000032751;154 684 876;7;0;2;1;1;6
202000032751;154 684 877;7;6;2;7;1;1
202000032752;154 684 874;7;0;2;2;1;1
202000032752;154 684 875;1;0;2;1;5;5
202000032753;154 684 872;10;0;2;3;1;1
202000032753;154 684 873;7;0;2;3;15;1
202000032754;154 684 870;1;0;2;7;9;5
202000032754;154 684 871;7;0;2;1;1;1
202000032755;154 684 868;30;0;2;1;26;1
202000032755;154 684 869;7;0;2;0;0;
202000032756;154 684 866;7;0;2;4;1;1
202000032756;154 684 867;32;0;2;1;1;1
202000032757;154 684 865;32;0;1;2;21;1
202000032758;154 684 864;32;0;0;0;1;1
202000032759;154 684 863;30;0;2;8;21;1
202000032760;154 684 861;7;0;2;7;1;1
202000032760;154 684 862;7;0;2;1;9;1
202000032761;154 684 860;10;0;1;2;1;1
202000032762;154 684 858;7;0;2;4;23;1
202000032762;154 684 859;30;0;2;1;2;1
202000032763;154 684 857;7;16;1;7;16;0
202000032764;154 684 855;1;0;2;7;1;5
202000032764;154 684 856;7;0;2;0;0;1
202000032765;154 684 853;2;0;2;1;1;1
202000032765;154 684 854;7;0;2;3;20;1
202000032766;154 684 851;50;0;2;2;10;3
202000032766;154 684 852;31;6;2;3;21;1
202000032767;154 684 848;1;0;2;4;1;5
202000032767;154 684 849;7;0;2;4;1;1
202000032767;154 684 850;7;0;2;1;2;1
202000032768;154 684 846;7;0;2;1;1;1
202000032768;154 684 847;1;0;2;7;19;5
202000032769;154 684 845;30;12;0;2;14;1
202000032770;154 684 844;7;6;0;2;1;1
202000032771;154 684 842;14;0;2;1;12;1
202000032771;154 684 843;7;0;2;6;2;1
202000032772;154 684 840;30;0;2;1;1;1
202000032772;154 684 841;7;0;2;8;1;0
202000032773;154 684 838;33;0;2;6;3;1
202000032773;154 684 839;10;0;0;0;0;0
202000032774;154 684 836;1;0;2;1;0;0
202000032774;154 684 837;7;0;2;6;2;1
202000032775;154 684 834;1;0;2;7;1;0
202000032775;154 684 835;7;0;2;1;9;1
202000032776;154 684 833;7;0;1;3;1;1
202000032777;154 684 831;7;0;2;1;6;0
202000032777;154 684 832;7;0;2;3;1;0
202000032778;154 684 829;31;0;2;1;17;0
202000032778;154 684 830;7;0;2;8;15;0
202000032779;154 684 827;33;0;2;1;1;1
202000032779;154 684 828;7;0;2;2;16;1
202000032780;154 684 825;7;0;2;4;1;1
202000032780;154 684 826;7;0;2;1;1;0
202000032781;154 684 824;30;0;0;0;0;1
202000032782;154 684 822;7;0;2;3;15;1
202000032782;154 684 823;33;6;2;1;1;1
202000032783;154 684 820;7;0;2;5;19;1
202000032783;154 684 821;30;0;2;1;1;1
202000032784;154 684 818;7;0;2;3;1;1
202000032784;154 684 819;10;0;2;2;19;1
202000032785;154 684 817;7;0;1;1;1;1
202000032786;154 684 816;33;0;0;8;1;1
202000032787;154 684 815;7;0;1;3;15;1
202000032788;154 684 811;7;1;2;3;13;1
202000032788;154 684 812;7;0;2;8;2;1
202000032789;154 684 810;7;0;1;2;9;1
202000032790;154 684 808;7;0;2;4;2;1
202000032790;154 684 809;7;0;2;1;2;1
202000032791;154 684 807;7;8;0;1;1;1
202000032792;154 684 805;7;0;2;2;15;1
202000032792;154 684 806;2;0;2;7;3;1
202000032793;154 684 804;33;0;1;1;3;1
202000032794;154 684 803;7;0;1;1;1;1
202000032795;154 684 801;7;0;2;0;0;0
202000032795;154 684 802;7;0;2;4;26;0
202000032796;154 684 800;32;0;0;8;1;1
202000032797;154 684 799;7;0;1;1;26;1
202000032798;154 684 797;1;0;2;7;1;5
202000032798;154 684 798;7;0;9;3;9;1
202000032799;154 684 796;7;7;0;9;0;1
202000032800;154 684 795;7;0;1;2;1;1
202000032801;154 684 793;15;0;2;2;12;1
202000032801;154 684 794;34;0;2;8;1;1
202000032802;154 684 791;10;0;2;8;22;1
202000032802;154 684 792;1;0;2;8;1;5
202000032803;154 684 789;7;0;2;6;16;1
202000032803;154 684 790;1;0;2;1;1;5
202000032804;154 684 788;7;0;1;0;1;0
202000032805;154 684 786;7;0;2;3;15;1
202000032805;154 684 787;34;0;2;8;1;1
202000032806;154 684 785;50;1;0;1;1;3
202000032807;154 684 783;7;0;2;2;15;1
202000032807;154 684 784;7;0;2;1;1;2
202000032808;154 684 780;7;0;2;4;23;1
202000032808;154 684 781;10;0;2;1;2;1
202000032808;154 684 782;7;0;2;4;23;1
202000032809;154 684 778;7;0;2;2;15;2
202000032809;154 684 779;7;0;2;1;1;1
202000032810;154 684 777;10;0;1;3;1;1
202000032811;154 684 775;10;0;2;1;13;1
202000032811;154 684 776;1;0;2;5;15;5
202000032812;154 684 773;10;0;2;3;22;1
202000032812;154 684 774;1;0;2;1;1;5
202000032813;154 684 772;80;0;1;1;2;3
202000032814;154 684 770;7;0;2;2;1;1
202000032814;154 684 771;7;0;2;1;1;1
202000032815;154 684 768;7;0;2;1;16;2
202000032815;154 684 769;80;0;2;0;21;3
202000032816;154 684 766;30;0;2;3;13;1
202000032816;154 684 767;7;0;2;0;1;0
202000032817;154 684 764;1;0;2;4;1;5
202000032817;154 684 765;1;0;2;1;13;5
202000032818;154 684 762;30;0;2;4;15;1
202000032818;154 684 763;10;0;2;1;2;0
202000032819;154 684 761;1;14;0;0;11;5
202000032820;154 684 759;7;0;2;1;15;0
202000032820;154 684 760;1;0;2;1;1;6
202000032821;154 684 758;7;0;1;1;15;0
202000032822;154 684 757;7;0;1;2;16;1
202000032823;154 684 755;50;0;2;7;1;3
202000032823;154 684 756;7;0;9;1;1;1
202000032824;154 684 754;15;0;1;1;26;0
202000032825;154 684 753;33;0;1;0;17;1
202000032826;154 684 751;7;0;2;3;15;1
202000032826;154 684 752;33;0;2;7;17;1
202000032827;154 684 749;7;0;2;2;15;0
202000032827;154 684 750;33;0;2;3;2;0
202000032828;154 684 748;7;0;1;7;16;0
202000032829;154 684 747;7;0;1;3;15;1
202000032830;154 684 745;7;1;2;4;0;1
202000032830;154 684 746;7;14;2;1;19;1
202000032831;154 684 743;32;0;2;8;1;1
202000032831;154 684 744;7;0;2;0;2;1
202000032832;154 684 740;7;0;2;1;9;1
202000032832;154 684 741;2;0;2;1;5;1
202000032832;154 684 742;7;0;2;8;26;1
202000032833;154 684 738;33;0;2;8;2;1
202000032833;154 684 739;7;0;2;7;22;1
202000032834;154 684 736;34;0;2;7;17;1
202000032834;154 684 737;7;0;2;8;15;1
202000032835;154 684 734;14;0;2;5;16;0
202000032835;154 684 735;2;0;2;5;18;1
202000032836;154 684 732;7;0;2;3;15;2
202000032836;154 684 733;33;0;2;1;21;1
202000032837;154 684 730;7;0;2;3;13;1
202000032837;154 684 731;10;0;2;3;13;1
202000032838;154 684 728;32;0;2;2;17;1
202000032838;154 684 729;7;0;2;6;15;1
202000032839;154 684 727;30;14;0;1;0;1
202000032840;154 684 725;2;0;2;7;1;1
202000032840;154 684 726;10;0;2;3;21;1
202000032841;154 684 724;1;0;1;1;26;5
202000032842;154 684 722;1;0;2;4;2;5
202000032842;154 684 723;7;0;2;2;1;1
202000032843;154 684 720;7;13;2;3;1;1
202000032843;154 684 721;7;13;2;2;15;1
202000032844;154 684 719;7;4;0;3;1;6
202000032845;154 684 717;14;0;2;5;11;1
202000032845;154 684 718;33;0;2;2;5;1
202000032846;154 684 715;7;0;2;1;1;1
202000032846;154 684 716;7;0;2;1;1;1
202000032847;154 684 714;2;12;0;1;0;1
202000032848;154 684 711;7;0;2;6;1;1
202000032848;154 684 712;33;0;2;7;1;1
202000032848;154 684 713;7;0;2;6;1;1
202000032849;154 684 710;33;2;0;3;16;1
202000032850;154 684 708;33;0;2;2;15;1
202000032850;154 684 709;7;0;2;3;9;1
202000032851;154 684 706;7;0;2;5;1;1
202000032851;154 684 707;7;0;2;1;1;1
202000032852;154 684 705;10;13;0;1;21;1
202000032853;154 684 704;2;0;1;2;1;1
202000032854;154 684 701;7;0;2;4;1;1
202000032854;154 684 702;7;0;2;1;1;1
202000032854;154 684 703;7;0;0;6;1;1
202000032855;154 684 699;7;0;0;6;10;1
202000032855;154 684 700;33;0;2;1;1;1
202000032856;154 684 698;2;0;0;0;0;1
202000032857;154 684 695;15;0;0;8;2;1
202000032857;154 684 696;7;0;0;5;2;1
202000032857;154 684 697;33;0;2;1;2;1
202000032858;154 684 693;7;0;2;1;0;0
202000032858;154 684 694;14;0;2;3;0;1
202000032859;154 684 692;33;0;0;0;21;1
202000032860;154 684 690;7;0;2;2;13;0
202000032860;154 684 691;7;0;2;1;1;0
202000032861;154 684 689;1;0;0;0;0;5
202000032862;154 684 687;3;0;2;8;1;0
202000032862;154 684 688;2;0;2;1;2;0
202000032863;154 684 686;7;13;0;1;1;1
202000032864;154 684 685;33;0;6;1;1;1
202000032865;154 684 684;7;13;0;3;13;1
202000032866;154 684 683;14;0;1;4;4;1
202000032867;154 684 682;1;0;0;0;16;5
202000032868;154 684 680;33;3;2;7;17;1
202000032868;154 684 681;7;0;2;8;17;1
202000032869;154 684 678;33;0;2;1;1;1
202000032869;154 684 679;7;0;2;3;9;1
202000032870;154 684 677;33;13;0;1;1;1
202000032871;154 684 676;7;2;0;3;1;1
202000032872;154 684 675;7;13;0;2;1;6
202000032873;154 684 674;2;1;0;1;17;1
202000032874;154 684 673;33;0;6;1;1;1
202000032875;154 684 672;33;0;0;0;1;1
202000032876;154 684 670;7;0;2;1;2;1
202000032876;154 684 671;7;0;2;4;1;1
202000032877;154 684 668;7;0;2;1;1;1
202000032877;154 684 669;21;0;2;3;13;1
202000032878;154 684 666;7;0;2;3;1;1
202000032878;154 684 667;33;0;2;1;13;1
202000032879;154 684 664;17;0;2;8;1;1
202000032879;154 684 665;10;0;2;3;13;1
202000032880;154 684 663;33;0;0;0;1;1
202000032881;154 684 662;7;0;1;1;9;1
202000032882;154 684 660;7;12;2;3;19;1
202000032882;154 684 661;7;15;2;2;1;1
202000032883;154 684 657;33;0;2;8;1;1
202000032883;154 684 658;7;0;2;2;19;0
202000032884;154 684 655;33;0;0;0;26;1
202000032885;154 684 654;33;13;0;8;13;1
202000032886;154 684 653;7;13;0;2;1;1
202000032887;154 684 650;31;0;2;1;1;1
202000032887;154 684 651;7;0;2;5;15;1
202000032888;154 684 649;7;2;0;1;1;6
202000032889;154 684 646;10;0;2;3;21;1
202000032889;154 684 647;1;0;2;1;1;5
202000032889;154 684 648;1;0;2;1;1;5
202000032890;154 684 644;7;0;2;5;10;1
202000032890;154 684 645;33;0;2;1;1;1
202000032891;154 684 641;34;0;1;1;1;1
202000032892;154 684 639;7;0;2;3;13;1
202000032892;154 684 640;34;0;2;3;1;1
202000032893;154 684 638;7;0;0;9;14;1
202000032894;154 684 637;7;3;0;1;17;1
202000032895;154 684 636;7;0;1;0;26;1
202000032896;154 684 634;33;0;2;7;1;1
202000032896;154 684 635;7;0;2;1;9;1
202000032897;154 684 633;33;6;0;2;1;1
202000032898;154 684 631;7;0;2;3;15;1
202000032898;154 684 632;33;0;2;1;1;1
202000032899;154 684 629;33;0;2;8;0;1
202000032899;154 684 630;7;0;2;3;1;0
202000032900;154 684 627;15;1;0;2;21;1
202000032900;154 684 628;7;0;0;6;23;1
202000032901;154 684 625;7;0;2;1;21;1
202000032901;154 684 626;21;0;2;1;26;1
202000032902;154 684 623;7;7;0;5;15;1
202000032902;154 684 624;7;0;0;2;1;1
202000032903;154 684 621;33;0;2;1;13;1
202000032903;154 684 622;7;0;2;3;1;1
202000032904;154 684 619;7;0;9;1;1;1
202000032904;154 684 620;31;0;0;7;1;1
202000032905;154 684 618;10;0;1;1;23;1
202000032906;154 684 616;7;0;2;3;0;1
202000032906;154 684 617;7;0;2;3;1;1
202000032907;154 684 615;7;0;1;1;15;0
202000032908;154 684 614;31;13;0;0;1;1
202000032909;154 684 611;7;0;2;3;19;1
202000032909;154 684 612;17;0;2;2;1;1
202000032910;154 684 609;31;0;2;1;1;1
202000032910;154 684 610;7;0;2;3;9;1
202000032911;154 684 607;14;0;2;3;2;1
202000032911;154 684 608;50;0;2;1;0;3
202000032912;154 684 605;34;0;2;1;1;1
202000032912;154 684 606;7;0;2;1;15;1
202000032913;154 684 603;7;0;2;4;1;1
202000032913;154 684 604;1;14;0;1;1;6
202000032914;154 684 601;7;0;2;2;15;1
202000032914;154 684 602;7;0;2;3;1;1
202000032915;154 684 600;7;1;0;2;2;1
202000032916;154 684 598;7;0;2;3;1;1
202000032916;154 684 599;2;0;2;1;13;1
202000032917;154 684 597;7;0;0;0;1;1
202000032918;154 684 595;21;0;2;3;1;1
202000032918;154 684 596;10;0;2;3;1;1
202000032919;154 684 593;2;0;2;7;15;1
202000032919;154 684 594;2;0;2;1;1;1
202000032920;154 684 591;7;0;2;1;1;1
202000032920;154 684 592;7;0;2;1;13;1
202000032921;154 684 590;10;13;0;3;1;1
202000032922;154 684 587;2;0;2;1;1;1
202000032922;154 684 588;7;0;2;1;1;1
202000032922;154 684 589;7;0;2;8;15;1
202000032923;154 684 586;7;13;0;3;1;1
202000032924;154 684 585;10;0;1;2;1;0
202000032925;154 684 583;7;0;2;1;2;1
202000032925;154 684 584;2;0;0;4;2;1
202000032926;154 684 582;7;6;0;1;14;1
202000032927;154 684 581;7;8;0;1;14;1
202000032928;154 684 580;7;0;1;3;1;0
202000032929;154 684 577;7;0;2;4;1;0
202000032929;154 684 578;7;0;2;1;1;0
202000032929;154 684 579;7;0;2;1;1;0
202000032930;154 684 575;32;0;2;1;13;1
202000032930;154 684 576;7;0;2;3;1;1
202000032931;154 684 572;7;0;2;1;17;1
202000032931;154 684 573;13;0;2;8;20;1
202000032931;154 684 574;20;0;2;8;21;1
202000032932;154 684 570;7;0;2;3;15;1
202000032932;154 684 571;2;0;2;1;1;1
202000032933;154 684 569;7;6;0;5;1;1
202000032934;154 684 564;10;0;2;1;1;1
202000032934;154 684 565;10;3;2;1;6;1
202000032934;154 684 566;7;14;2;1;1;1
202000032934;154 684 567;14;14;2;1;1;1
202000032934;154 684 568;7;14;2;1;0;1
202000032935;154 684 562;7;0;2;2;15;1
202000032935;154 684 563;7;0;2;1;1;1
202000032936;154 684 560;7;0;2;3;1;1
202000032936;154 684 561;2;0;2;1;13;1
202000032937;154 684 558;7;0;0;4;26;1
202000032937;154 684 559;7;0;2;1;2;1
202000032938;154 684 557;2;0;5;7;21;0
202000032939;154 684 555;2;0;9;1;1;1
202000032939;154 684 556;1;0;2;0;1;5
202000032940;154 684 553;7;0;2;8;1;1
202000032940;154 684 554;7;0;2;1;1;1
202000032941;154 684 551;7;0;2;2;15;0
202000032941;154 684 552;34;0;2;5;0;0
202000032942;154 684 547;7;0;2;1;2;1
202000032942;154 684 548;7;0;2;4;2;1
202000032942;154 684 549;7;0;2;4;2;1
202000032942;154 684 550;7;0;0;4;2;1
202000032943;154 684 545;33;0;2;1;1;1
202000032943;154 684 546;7;0;0;8;15;1
202000032944;154 684 543;2;0;2;1;1;1
202000032944;154 684 544;7;0;0;5;1;1
202000032945;154 684 541;21;0;2;2;15;1
202000032945;154 684 542;34;0;2;1;1;1
202000032946;154 684 540;7;0;1;3;1;1
202000032947;154 684 538;7;0;0;0;9;0
202000032947;154 684 539;7;8;0;1;21;0
202000032948;154 684 536;7;0;2;2;15;1
202000032948;154 684 537;7;0;2;1;1;1
202000032949;154 684 535;7;0;1;5;20;1
202000032950;154 684 533;7;0;2;2;15;1
202000032950;154 684 534;33;0;2;1;1;1
202000032951;154 684 531;7;0;2;1;1;1
202000032951;154 684 532;31;0;0;4;1;1
202000032952;154 684 529;7;0;2;4;1;1
202000032952;154 684 530;7;0;2;1;1;1
202000032953;154 684 526;14;0;2;1;0;1
202000032953;154 684 527;7;0;2;4;0;1
202000032953;154 684 528;7;0;2;4;0;1
202000032954;154 684 523;7;0;2;1;2;1
202000032954;154 684 524;7;0;2;4;2;1
202000032954;154 684 525;31;0;2;1;2;1
202000032955;154 684 521;7;0;2;4;2;1
202000032955;154 684 522;7;0;2;1;2;1
202000032956;154 684 518;7;0;2;4;9;2
202000032956;154 684 519;10;0;2;0;0;1
202000032956;154 684 520;7;0;2;4;2;6
202000032957;154 684 516;7;0;2;1;2;1
202000032957;154 684 517;33;0;2;4;2;1
202000032958;154 684 513;7;0;2;4;26;1
202000032958;154 684 514;7;0;2;2;2;1
202000032958;154 684 515;7;0;2;1;1;1
202000032959;154 684 511;7;0;2;4;1;1
202000032959;154 684 512;7;0;2;1;1;1
202000032960;154 684 507;7;0;0;0;0;1
202000032960;154 684 508;7;0;0;0;0;1
202000032960;154 684 509;7;0;0;0;11;1
202000032960;154 684 510;15;0;0;0;0;1
202000032961;154 684 505;7;0;2;1;2;1
202000032961;154 684 506;7;0;2;4;23;1
202000032962;154 684 504;50;0;9;1;1;3
202000032963;154 684 503;7;0;1;0;1;0
202000032964;154 684 502;10;0;1;0;1;1
202000032965;154 684 500;2;0;2;1;1;1
202000032965;154 684 501;10;0;2;4;1;1
202000032966;154 684 499;7;3;0;9;17;1
202000032967;154 684 497;7;0;2;1;1;1
202000032967;154 684 498;31;0;2;7;1;1
202000032968;154 684 495;7;0;2;2;15;1
202000032968;154 684 496;7;0;2;3;1;1
202000032969;154 684 493;7;0;2;7;1;1
202000032969;154 684 494;7;0;2;1;1;1
202000032970;154 684 491;2;0;2;8;1;1
202000032970;154 684 492;10;0;2;1;15;1
202000032971;154 684 489;7;0;2;8;15;1
202000032971;154 684 490;7;12;2;7;2;1
202000032972;154 684 487;7;0;2;8;15;1
202000032972;154 684 488;7;0;2;1;1;1
202000032973;154 684 485;7;0;2;4;2;1
202000032973;154 684 486;7;0;2;1;2;1
202000032974;154 684 483;33;0;2;1;2;1
202000032974;154 684 484;7;0;2;5;2;1
202000032975;154 684 480;7;0;2;1;1;1
202000032975;154 684 481;7;0;0;0;15;1
202000032975;154 684 482;32;0;2;1;1;1
202000032976;154 684 479;7;0;1;7;26;1
202000032977;154 684 477;33;0;2;1;18;1
202000032977;154 684 478;7;0;2;5;16;1
202000032978;154 684 476;33;3;0;1;9;1
202000032979;154 684 474;31;0;2;9;1;1
202000032979;154 684 475;7;0;2;6;1;1
202000032980;154 684 473;7;0;1;1;15;1
202000032981;154 684 471;30;0;2;5;1;1
202000032981;154 684 472;7;0;2;3;20;1
202000032982;154 684 470;30;12;0;0;1;1
202000032983;154 684 468;1;0;2;7;1;5
202000032983;154 684 469;3;0;2;3;1;1
202000032984;154 684 467;7;9;0;1;1;1
202000032985;154 684 465;10;0;2;3;9;1
202000032985;154 684 466;50;0;2;7;1;3
202000032986;154 684 463;7;0;2;3;1;1
202000032986;154 684 464;33;0;2;3;17;1
202000032987;154 684 462;7;8;1;1;1;1
202000032988;154 684 460;7;0;2;1;1;1
202000032988;154 684 461;1;0;2;1;1;5
202000032989;154 684 458;1;0;2;1;1;5
202000032989;154 684 459;7;0;2;2;1;1
202000032990;154 684 456;7;0;2;1;1;1
202000032990;154 684 457;7;0;2;1;13;1
202000032991;154 684 454;7;0;2;3;9;1
202000032991;154 684 455;32;0;2;5;1;1
202000032992;154 684 452;80;0;2;4;1;3
202000032992;154 684 453;10;0;9;1;9;1
202000032993;154 684 451;43;0;1;2;17;1
202000032994;154 684 450;7;0;1;2;11;1
202000032995;154 684 449;7;16;0;0;1;1
202000032996;154 684 447;2;0;2;0;0;1
202000032996;154 684 448;7;0;2;0;0;0
202000032997;154 684 445;32;0;2;1;2;1
202000032997;154 684 446;7;0;2;4;2;1
202000032998;154 684 443;7;0;2;8;13;0
202000032998;154 684 444;7;0;2;5;1;1
202000032999;154 684 439;7;0;2;4;1;1
202000032999;154 684 440;10;0;2;1;1;1
202000032999;154 684 441;7;0;2;4;1;0
202000032999;154 684 442;7;0;2;4;1;1
202000033000;154 684 438;7;3;0;3;13;1
202000033001;154 684 436;7;0;2;2;1;3
202000033001;154 684 437;7;0;2;2;15;1
202000033002;154 684 435;30;0;0;3;0;1
202000033003;154 684 433;7;0;2;1;0;1
202000033003;154 684 434;7;0;2;1;16;1
202000033004;154 684 432;31;0;0;0;0;1
202000033005;154 684 431;7;0;1;0;0;1
202000033006;154 684 429;30;0;2;8;11;1
202000033006;154 684 430;7;0;2;3;1;1
202000033007;154 684 427;7;0;2;3;9;1
202000033007;154 684 428;7;0;2;2;1;1
202000033008;154 684 426;7;0;1;8;21;0
202000033009;154 684 424;7;0;2;5;16;1
202000033009;154 684 425;50;0;2;5;0;3
202000033010;154 684 422;7;0;2;5;15;
202000033010;154 684 423;33;0;2;1;7;1
202000033011;154 684 421;36;9;0;1;1;1
202000033012;154 684 419;7;14;2;5;15;1
202000033012;154 684 420;7;0;2;1;16;1
202000033013;154 684 418;7;3;0;3;14;1
202000033014;154 684 416;7;0;2;2;17;1
202000033014;154 684 417;1;0;2;1;1;5
202000033015;154 684 415;7;13;0;1;0;1
202000033016;154 684 414;33;0;0;7;16;1
202000033017;154 684 413;7;0;1;5;1;1
202000033018;154 684 412;33;0;0;0;1;1
202000033019;154 684 409;1;0;0;0;0;0
202000033019;154 684 410;7;0;2;7;16;1
202000033020;154 684 411;33;0;0;0;1;1
202000033021;154 684 407;7;0;2;1;1;0
202000033021;154 684 408;7;0;2;1;1;0