Num_Acc;id_vehicule;categorie_vehicule;obstacle_fixe;obstacle_mobile;point_choc_initial;manoeuvre_principale;motorisation
202000033022;154 684 405;33;0;0;8;1;1
202000033023;154 684 404;7;0;2;4;4;1
202000033023;154 684 406;30;0;2;1;1;1
202000033024;154 684 401;33;0;2;7;21;1
202000033024;154 684 403;7;0;2;8;15;1
202000033025;154 684 400;1;0;2;8;19;5
202000033025;154 684 402;7;0;2;1;1;0
202000033026;154 684 398;1;0;2;3;26;5
202000033026;154 684 399;7;0;0;2;15;1
202000033027;154 684 395;7;0;0;0;1;1
202000033028;154 684 396;7;1;2;1;1;0
202000033028;154 684 397;7;0;2;1;1;0
202000033029;154 684 394;7;6;0;1;1;1
202000033030;154 684 391;10;3;0;1;1;1
202000033031;154 684 392;2;0;2;1;1;1
202000033031;154 684 393;7;0;2;5;15;1
202000033032;154 684 385;33;0;9;0;1;1
202000033032;154 684 386;7;0;2;1;1;1
202000033032;154 684 389;7;0;2;1;1;1
202000033032;154 684 390;7;0;2;1;13;1
202000033033;154 684 384;7;6;0;1;2;0
202000033034;154 684 383;33;0;0;1;1;0
202000033035;154 684 382;7;16;0;1;19;1
202000033036;154 684 380;7;0;2;5;23;1
202000033036;154 684 381;10;0;2;3;2;1
202000033037;154 684 377;33;0;2;1;11;1
202000033037;154 684 378;7;0;2;6;1;1
202000033037;154 684 379;7;0;2;7;1;0
202000033038;154 684 376;7;0;0;9;19;1
202000033039;154 684 387;1;0;2;1;1;5
202000033039;154 684 388;7;0;2;2;15;1
202000033040;154 684 373;7;0;2;2;21;1
202000033040;154 684 374;7;0;2;1;21;1
202000033040;154 684 375;7;0;2;2;5;1
202000033041;154 684 371;7;0;2;4;1;1
202000033041;154 684 372;7;0;2;1;1;0
202000033042;154 684 370;2;0;1;1;26;3
202000033043;154 684 368;7;13;0;7;14;1
202000033044;154 684 366;7;0;0;8;24;1
202000033044;154 684 367;7;0;0;4;23;1
202000033044;154 684 369;7;0;2;1;1;1
202000033045;154 684 362;7;0;2;4;1;1
202000033045;154 684 364;7;0;2;1;26;1
202000033046;154 684 363;7;0;0;4;1;1
202000033046;154 684 365;7;0;2;1;2;1
202000033047;154 684 361;7;0;0;9;0;1
202000033048;154 684 355;7;0;2;4;23;1
202000033048;154 684 356;7;0;2;4;23;1
202000033048;154 684 357;7;0;2;4;23;1
202000033048;154 684 358;7;0;2;1;2;1
202000033048;154 684 359;7;0;2;1;1;1
202000033049;154 684 354;7;0;2;2;0;1
202000033049;154 684 360;7;0;2;1;1;1
202000033050;154 684 352;7;0;0;7;1;1
202000033050;154 684 353;33;0;2;1;3;1
202000033051;154 684 350;7;0;1;3;1;1
202000033052;154 684 348;33;0;2;7;3;1
202000033052;154 684 349;10;0;2;4;1;1
202000033052;154 684 351;7;0;2;8;11;1
202000033053;154 684 344;7;0;2;2;1;1
202000033053;154 684 345;33;0;2;1;1;1
202000033054;154 684 343;7;0;1;2;1;1
202000033055;154 684 342;7;0;2;1;1;1
202000033055;154 684 346;7;0;2;4;1;1
202000033055;154 684 347;7;0;2;4;1;1
202000033056;154 684 341;30;15;0;7;2;1
202000033057;154 684 337;7;1;2;1;15;1
202000033057;154 684 338;30;0;2;1;26;1
202000033058;154 684 339;7;0;2;3;11;1
202000033058;154 684 340;33;0;2;0;1;1
202000033059;154 684 331;7;0;0;0;0;0
202000033059;154 684 332;7;0;0;0;0;0
202000033059;154 684 335;33;0;2;2;1;0
202000033059;154 684 336;7;1;0;6;13;0
202000033060;154 684 333;7;0;2;1;9;
202000033060;154 684 334;33;0;2;8;1;1
202000033061;154 684 329;7;0;2;8;10;1
202000033061;154 684 330;30;0;2;1;1;1
202000033062;154 684 327;32;0;2;1;2;1
202000033062;154 684 328;7;0;2;5;16;1
202000033063;154 684 324;2;0;2;1;1;1
202000033063;154 684 325;7;0;2;5;15;1
202000033064;154 684 323;7;0;2;5;15;1
202000033064;154 684 326;7;0;2;1;26;1
202000033065;154 684 320;1;0;2;6;1;0
202000033065;154 684 321;10;0;9;5;1;0
202000033066;154 684 318;7;0;2;3;26;1
202000033066;154 684 319;2;0;2;7;0;1
202000033067;154 684 322;7;0;1;1;1;1
202000033068;154 684 316;7;0;2;6;2;1
202000033068;154 684 317;7;0;2;1;2;1
202000033069;154 684 315;1;0;1;1;26;5
202000033070;154 684 313;7;0;2;2;1;1
202000033070;154 684 314;7;0;2;1;13;1
202000033071;154 684 310;31;0;2;1;14;1
202000033071;154 684 311;7;0;2;5;2;1
202000033071;154 684 312;7;0;2;4;24;1
202000033072;154 684 309;10;0;1;1;1;1
202000033073;154 684 307;2;0;2;1;1;1
202000033073;154 684 308;7;0;2;2;15;1
202000033074;154 684 304;2;0;2;7;1;1
202000033074;154 684 306;7;0;2;1;15;1
202000033075;154 684 303;7;0;2;1;16;0
202000033075;154 684 305;1;0;2;8;1;0
202000033076;154 684 301;1;1;0;1;1;5
202000033076;154 684 302;7;0;2;3;22;1
202000033077;154 684 300;7;0;1;1;1;1
202000033078;154 684 299;32;0;0;8;1;1
202000033079;154 684 298;7;0;1;0;23;1
202000033080;154 684 296;7;0;2;1;26;1
202000033080;154 684 297;7;0;2;8;19;1
202000033081;154 684 293;7;0;2;2;12;1
202000033081;154 684 294;7;0;2;3;1;1
202000033082;154 684 292;1;0;2;7;16;5
202000033082;154 684 295;7;0;2;1;1;1
202000033083;154 684 290;10;0;2;3;2;1
202000033083;154 684 291;7;0;2;3;13;1
202000033084;154 684 289;10;0;1;1;15;1
202000033085;154 684 286;1;0;2;1;1;5
202000033085;154 684 287;7;0;9;2;16;1
202000033086;154 684 285;7;0;2;0;15;1
202000033086;154 684 288;32;0;2;0;15;1
202000033087;154 684 284;7;4;0;8;1;1
202000033088;154 684 283;43;0;0;0;21;1
202000033089;154 684 281;10;0;0;0;1;1
202000033089;154 684 282;33;0;2;8;1;1
202000033090;154 684 279;7;15;0;1;1;1
202000033091;154 684 278;33;0;2;3;7;1
202000033091;154 684 280;7;0;2;0;15;1
202000033092;154 684 277;30;0;1;1;26;1
202000033093;154 684 275;34;0;2;6;9;1
202000033093;154 684 276;7;0;2;2;14;1
202000033094;154 684 274;10;0;1;4;4;1
202000033095;154 684 273;50;0;1;1;1;3
202000033096;154 684 271;50;0;0;1;21;3
202000033097;154 684 270;7;12;2;8;1;1
202000033097;154 684 272;7;0;2;3;13;1
202000033098;154 684 269;7;0;1;3;1;3
202000033099;154 684 267;7;0;2;6;17;1
202000033099;154 684 268;1;0;2;0;0;0
202000033100;154 684 265;10;0;2;6;1;1
202000033100;154 684 266;30;1;2;8;17;1
202000033101;154 684 263;7;0;2;1;1;1
202000033101;154 684 264;7;0;2;6;23;1
202000033102;154 684 262;7;0;1;1;1;0
202000033103;154 684 260;32;0;2;1;1;0
202000033103;154 684 261;34;0;2;7;15;0
202000033104;154 684 259;80;0;0;0;1;3
202000033105;154 684 257;50;0;2;1;2;3
202000033105;154 684 258;7;0;2;1;15;1
202000033106;154 684 255;30;0;2;2;1;1
202000033106;154 684 256;30;0;2;3;1;1
202000033107;154 684 254;1;0;1;1;1;5
202000033108;154 684 253;1;11;0;1;13;5
202000033109;154 684 251;7;0;2;2;15;1
202000033109;154 684 252;7;0;2;1;1;1
202000033110;154 684 250;32;0;1;4;1;1
202000033111;154 684 248;30;0;2;1;1;1
202000033111;154 684 249;7;0;2;8;17;1
202000033112;154 684 246;1;0;2;0;1;5
202000033112;154 684 247;50;0;2;1;13;3
202000033113;154 684 245;13;0;0;8;1;1
202000033114;154 684 244;33;0;2;2;1;1
202000033115;154 684 241;2;0;2;8;19;1
202000033115;154 684 242;7;0;2;4;16;1
202000033115;154 684 243;7;0;2;2;1;1
202000033116;154 684 240;7;0;1;3;15;1
202000033117;154 684 236;7;0;2;1;1;4
202000033117;154 684 237;7;0;2;4;1;1
202000033118;154 684 238;7;0;2;1;23;1
202000033118;154 684 239;2;0;1;1;1;1
202000033119;154 684 235;14;0;1;7;1;1
202000033120;154 684 231;7;0;2;5;1;1
202000033120;154 684 234;2;0;2;1;1;1
202000033121;154 684 232;7;0;2;6;1;1
202000033121;154 684 233;7;0;2;2;17;1
202000033122;154 684 228;7;0;2;5;12;1
202000033122;154 684 230;33;0;2;1;1;1
202000033123;154 684 227;7;0;2;3;15;1
202000033123;154 684 229;7;0;2;1;1;1
202000033124;154 684 225;2;0;2;1;1;1
202000033124;154 684 226;7;0;2;7;15;1
202000033125;154 684 223;7;0;2;8;15;1
202000033125;154 684 224;32;0;2;1;17;1
202000033126;154 684 222;33;9;0;0;1;1
202000033127;154 684 220;43;0;2;9;17;1
202000033127;154 684 221;7;0;2;3;13;1
202000033128;154 684 217;7;0;2;6;23;1
202000033128;154 684 219;2;0;2;2;17;1
202000033129;154 684 216;7;0;2;1;15;1
202000033129;154 684 218;32;0;2;1;1;1
202000033130;154 684 212;7;0;0;0;0;1
202000033130;154 684 214;7;0;2;3;1;1
202000033130;154 684 215;15;0;2;1;12;1
202000033131;154 684 211;1;0;2;1;14;5
202000033131;154 684 213;7;0;2;1;1;1
202000033132;154 684 209;7;0;2;7;2;0
202000033132;154 684 210;50;0;2;8;2;3
202000033133;154 684 207;50;0;2;2;1;3
202000033133;154 684 208;10;0;2;2;15;1
202000033134;154 684 206;20;0;1;5;14;0
202000033135;154 684 205;7;0;1;2;1;1
202000033136;154 684 203;7;0;9;1;9;1
202000033136;154 684 204;2;0;2;7;5;1
202000033137;154 684 201;1;0;2;1;1;5
202000033137;154 684 202;7;0;2;4;23;1
202000033138;154 684 199;7;0;2;8;15;1
202000033138;154 684 200;7;0;2;1;1;1
202000033139;154 684 197;7;0;2;3;10;1
202000033139;154 684 198;7;0;2;1;1;1
202000033140;154 684 195;7;0;2;3;26;1
202000033140;154 684 196;31;0;2;2;1;1
202000033141;154 684 193;1;0;2;4;1;5
202000033141;154 684 194;10;0;2;2;16;1
202000033142;154 684 192;7;0;1;1;15;1
202000033143;154 684 190;50;0;2;7;1;3
202000033143;154 684 191;10;0;2;1;1;1
202000033144;154 684 188;32;0;2;8;1;1
202000033144;154 684 189;10;0;2;1;15;1
202000033145;154 684 186;33;0;2;8;18;1
202000033145;154 684 187;7;0;2;5;15;1
202000033146;154 684 184;7;0;0;0;0;0
202000033146;154 684 185;1;0;2;0;25;5
202000033147;154 684 183;50;14;0;1;21;3
202000033148;154 684 182;7;0;1;1;1;0
202000033149;154 684 178;7;0;2;5;1;1
202000033149;154 684 180;1;0;2;3;17;5
202000033149;154 684 181;10;0;2;3;22;1
202000033150;154 684 177;7;0;2;2;16;1
202000033150;154 684 179;50;0;2;1;1;3
202000033151;154 684 174;14;0;2;1;9;1
202000033151;154 684 176;10;0;2;5;1;1
202000033152;154 684 173;31;0;2;3;17;6
202000033152;154 684 175;7;0;0;0;0;0
202000033153;154 684 172;7;1;0;1;1;6
202000033154;154 684 171;7;0;1;7;1;1
202000033155;154 684 168;7;0;2;1;1;1
202000033155;154 684 170;7;0;2;7;1;1
202000033156;154 684 167;7;0;9;2;1;1
202000033156;154 684 169;1;0;2;1;1;5
202000033157;154 684 163;2;1;0;7;19;1
202000033157;154 684 165;7;0;2;2;1;1
202000033158;154 684 164;7;0;2;2;15;1
202000033158;154 684 166;32;0;2;1;1;1
202000033159;154 684 162;7;7;0;1;1;1
202000033160;154 684 161;7;0;1;3;15;1
202000033161;154 684 159;7;0;1;2;15;1
202000033162;154 684 158;7;0;2;1;1;1
202000033162;154 684 160;7;0;0;8;15;1
202000033163;154 684 156;30;0;0;0;26;0
202000033164;154 684 155;1;0;2;4;2;5
202000033164;154 684 157;7;0;9;2;2;1
202000033165;154 684 153;7;0;2;0;0;1
202000033165;154 684 154;7;0;2;1;1;1
202000033166;154 684 151;7;1;0;1;19;0
202000033167;154 684 150;7;0;9;3;17;1
202000033167;154 684 152;1;0;2;4;15;5
202000033168;154 684 149;7;2;0;2;2;1
202000033169;154 684 148;7;13;0;2;1;1
202000033170;154 684 146;7;0;2;3;1;0
202000033170;154 684 147;7;0;2;3;13;0
202000033171;154 684 144;7;0;2;6;9;1
202000033171;154 684 145;34;0;2;2;1;1
202000033172;154 684 142;7;0;1;3;1;0
202000033173;154 684 141;34;0;2;1;1;1
202000033173;154 684 143;10;0;2;3;26;1
202000033174;154 684 139;7;0;2;1;13;1
202000033174;154 684 140;7;0;2;1;1;1
202000033175;154 684 137;7;0;2;1;1;0
202000033175;154 684 138;7;0;2;8;16;0
202000033176;154 684 135;7;0;2;3;1;1
202000033176;154 684 136;10;0;2;1;13;1
202000033177;154 684 133;7;2;0;1;1;1
202000033178;154 684 132;7;0;2;6;23;1
202000033178;154 684 134;7;0;2;2;2;1
202000033179;154 684 128;37;1;2;1;1;0
202000033179;154 684 130;7;0;2;6;20;1
202000033180;154 684 129;7;0;2;1;19;1
202000033180;154 684 131;7;0;2;1;1;1
202000033181;154 684 124;7;2;0;1;13;1
202000033182;154 684 125;7;0;2;1;1;1
202000033182;154 684 126;7;0;2;1;1;1
202000033182;154 684 127;7;0;2;4;1;1
202000033183;154 684 123;7;13;0;1;0;1
202000033184;154 684 122;33;3;0;1;1;1
202000033185;154 684 120;7;0;2;7;9;1
202000033185;154 684 121;32;0;2;1;0;1
202000033186;154 684 116;33;0;2;1;1;1
202000033186;154 684 117;10;0;2;2;9;1
202000033187;154 684 118;10;0;2;2;0;1
202000033187;154 684 119;7;0;9;6;0;1
202000033188;154 684 113;13;0;2;2;1;0
202000033188;154 684 115;7;0;2;1;1;0
202000033189;154 684 110;15;0;2;1;13;1
202000033189;154 684 112;7;6;1;4;26;1
202000033190;154 684 109;7;0;2;8;2;0
202000033190;154 684 111;1;0;2;1;2;5
202000033191;154 684 107;7;0;0;0;0;0
202000033192;154 684 108;7;13;0;3;21;1
202000033193;154 684 103;2;0;2;8;1;0
202000033193;154 684 104;7;0;2;7;17;0
202000033194;154 684 101;7;0;2;3;1;1
202000033194;154 684 102;1;0;2;1;13;5
202000033195;154 684 099;7;3;2;3;1;1
202000033195;154 684 100;7;0;2;3;0;1
202000033196;154 684 097;7;0;0;0;17;1
202000033197;154 684 096;7;0;2;3;9;1
202000033197;154 684 098;7;0;0;2;1;1
202000033198;154 684 093;33;0;2;1;26;1
202000033198;154 684 094;7;0;2;3;26;1
202000033199;154 684 092;7;2;0;1;1;1
202000033200;154 684 090;7;12;0;3;1;1
202000033200;154 684 091;7;12;0;3;1;1
202000033201;154 684 088;7;0;2;2;15;1
202000033201;154 684 089;2;0;2;1;17;1
202000033202;154 684 082;7;0;0;4;1;1
202000033202;154 684 083;7;0;2;4;2;1
202000033202;154 684 084;7;0;2;1;2;1
202000033202;154 684 085;7;0;2;4;2;1
202000033202;154 684 086;7;0;2;4;2;1
202000033202;154 684 087;7;0;2;3;2;1
202000033203;154 684 080;7;3;2;6;11;1
202000033203;154 684 081;7;0;2;1;1;1
202000033204;154 684 078;15;0;1;5;17;1
202000033204;154 684 079;7;0;2;3;23;1
202000033205;154 684 077;15;3;0;7;0;1
202000033206;154 684 095;33;6;0;1;0;1
202000033207;154 684 075;7;0;2;3;15;6
202000033207;154 684 076;33;0;2;1;1;1
202000033208;154 684 074;50;0;1;0;25;3
202000033209;154 684 067;33;6;0;8;1;1
202000033210;154 684 065;7;0;2;4;1;1
202000033210;154 684 066;7;0;0;4;1;1
202000033210;154 684 070;7;0;2;1;1;1
202000033210;154 684 071;7;0;2;1;1;1
202000033210;154 684 072;7;0;2;1;1;1
202000033210;154 684 073;17;0;2;1;1;1
202000033211;154 684 063;7;2;0;1;1;1
202000033212;154 684 064;7;4;0;3;13;1
202000033213;154 684 068;50;0;2;7;1;3
202000033213;154 684 069;13;0;2;3;9;1
202000033214;154 684 062;33;6;0;2;14;1
202000033215;154 684 060;2;0;2;1;1;1
202000033215;154 684 061;7;0;2;3;9;1
202000033216;154 684 057;7;0;0;8;9;1
202000033216;154 684 058;31;0;2;1;1;1
202000033217;154 684 055;2;0;0;4;16;0
202000033217;154 684 056;7;0;2;2;2;0
202000033218;154 684 051;7;8;0;1;13;1
202000033219;154 684 053;2;0;2;2;9;1
202000033219;154 684 054;7;0;2;8;26;1
202000033220;154 684 049;33;0;2;0;0;1
202000033220;154 684 050;7;0;2;3;9;1
202000033221;154 684 052;31;0;2;2;21;1
202000033221;154 684 059;7;0;2;8;15;1
202000033222;154 684 048;7;13;0;2;1;1
202000033223;154 684 046;7;7;2;1;13;1
202000033223;154 684 047;7;0;2;6;1;1
202000033224;154 684 045;2;0;0;8;1;1
202000033225;154 684 042;7;0;2;1;1;1
202000033225;154 684 043;7;0;2;9;1;1
202000033225;154 684 044;7;0;2;4;15;1
202000033226;154 684 038;32;0;2;1;1;1
202000033226;154 684 040;7;0;0;2;15;1
202000033227;154 684 032;33;0;2;1;21;1
202000033227;154 684 036;10;0;2;1;14;0
202000033228;154 684 033;7;13;0;2;1;1
202000033229;154 684 030;31;9;9;0;0;0
202000033230;154 684 029;2;12;0;8;1;1
202000033231;154 684 027;7;0;2;3;1;1
202000033231;154 684 028;33;0;2;1;1;1
202000033232;154 684 031;7;0;1;1;1;1
202000033233;154 684 025;2;0;0;7;14;1
202000033234;154 684 021;7;6;0;1;1;1
202000033235;154 684 015;7;0;2;6;19;0
202000033235;154 684 022;31;0;2;1;1;0
202000033236;154 684 013;1;0;2;1;16;5
202000033236;154 684 017;7;0;2;6;1;1
202000033237;154 684 014;33;0;2;1;12;1
202000033237;154 684 016;7;0;0;5;12;1
202000033238;154 684 012;14;13;0;2;0;1
202000033239;154 684 009;7;0;0;8;23;1
202000033239;154 684 011;7;0;2;1;19;1
202000033240;154 684 007;33;3;0;9;2;1
202000033241;154 684 008;13;0;2;2;0;0
202000033241;154 684 010;7;0;2;8;2;0
202000033242;154 684 006;7;2;0;1;1;6
202000033243;154 684 004;7;0;2;4;2;1
202000033243;154 684 005;7;0;2;1;2;1
202000033244;154 684 002;7;4;0;7;1;1
202000033245;154 683 998;7;0;2;4;2;1
202000033245;154 683 999;10;0;2;4;2;1
202000033245;154 684 000;7;0;2;1;2;1
202000033246;154 683 997;7;0;1;2;16;1
202000033247;154 684 001;1;0;2;3;1;5
202000033247;154 684 003;7;0;2;2;16;0
202000033248;154 683 994;33;13;0;0;1;1
202000033249;154 683 992;33;0;2;3;3;1
202000033249;154 683 995;10;0;2;4;1;1
202000033249;154 683 996;7;0;2;7;12;1
202000033250;154 683 991;7;0;2;4;26;1
202000033250;154 683 993;2;0;2;1;26;1
202000033251;154 683 990;7;16;0;0;1;1
202000033252;154 683 988;7;0;2;4;15;1
202000033252;154 683 989;2;0;2;1;1;1
202000033253;154 683 987;33;14;0;1;0;1
202000033254;154 683 982;7;0;2;8;1;1
202000033254;154 683 985;7;0;2;3;1;1
202000033254;154 683 986;7;0;2;3;13;1
202000033255;154 683 983;7;0;2;1;15;1
202000033255;154 683 984;33;0;2;1;1;1
202000033256;154 683 979;7;0;2;3;9;1
202000033256;154 683 981;32;0;2;2;1;1
202000033257;154 683 974;10;0;1;4;4;1
202000033258;154 683 975;7;0;2;1;15;1
202000033258;154 683 977;33;0;2;1;1;1
202000033259;154 683 973;10;0;2;1;1;1
202000033259;154 683 976;7;0;2;8;1;1
202000033259;154 683 978;7;0;2;3;5;1
202000033260;154 683 971;2;0;0;1;18;1
202000033261;154 683 972;33;0;0;0;1;1
202000033262;154 683 970;33;7;0;8;1;1
202000033263;154 683 969;7;0;1;2;17;1
202000033264;154 683 966;37;0;2;1;1;1
202000033264;154 683 968;30;0;2;1;13;1
202000033265;154 683 964;7;0;2;1;1;0
202000033265;154 683 967;33;0;2;7;19;1
202000033266;154 683 965;7;0;1;3;13;0
202000033267;154 683 959;7;0;2;3;2;1
202000033267;154 683 962;33;0;0;0;2;1
202000033267;154 683 963;33;0;2;1;10;1
202000033268;154 683 956;30;0;0;8;9;1
202000033269;154 683 954;7;0;1;1;1;1
202000033270;154 683 955;33;0;2;1;1;1
202000033270;154 683 957;2;0;0;8;15;1
202000033271;154 683 951;7;0;1;2;16;1
202000033272;154 683 950;40;0;2;2;1;3
202000033272;154 683 953;10;0;;7;1;1
202000033273;154 683 946;7;2;0;1;1;1
202000033274;154 683 947;33;0;2;7;1;1
202000033274;154 683 948;1;0;2;1;19;5
202000033275;154 683 942;7;15;0;2;0;1
202000033276;154 683 943;10;0;2;2;1;1
202000033276;154 683 945;10;0;2;8;1;1
202000033277;154 683 939;7;0;2;3;1;1
202000033277;154 683 940;1;0;2;6;19;5
202000033278;154 683 938;7;0;1;1;9;1
202000033279;154 683 935;10;0;2;1;26;1
202000033279;154 683 936;31;0;2;1;1;1
202000033280;154 683 937;7;15;0;1;1;1
202000033281;154 683 933;7;0;2;3;15;1
202000033281;154 683 934;30;0;2;1;1;1
202000033282;154 683 932;33;0;0;2;1;1
202000033283;154 683 931;33;3;0;2;26;1
202000033284;154 683 930;33;0;1;1;1;1
202000033285;154 683 941;7;0;2;4;23;1
202000033285;154 683 944;30;0;2;1;1;1
202000033286;154 683 929;7;0;1;2;1;1
202000033287;154 683 926;17;0;2;5;23;1
202000033287;154 683 927;30;0;2;1;1;1
202000033288;154 683 923;7;0;1;3;15;1
202000033289;154 683 924;7;15;0;1;6;1
202000033290;154 683 921;7;0;2;5;23;1
202000033290;154 683 922;1;0;2;3;1;5
202000033291;154 683 920;7;1;2;9;14;1
202000033292;154 683 925;7;0;2;4;15;1
202000033292;154 683 928;33;0;2;1;1;1
202000033293;154 683 916;1;0;2;1;1;5
202000033293;154 683 918;7;0;2;8;24;1
202000033294;154 683 914;33;0;2;1;1;1
202000033294;154 683 915;10;0;2;2;9;1
202000033295;154 683 913;36;0;0;0;14;1
202000033296;154 683 911;7;0;2;6;1;1
202000033296;154 683 912;7;0;2;2;12;1
202000033297;154 683 917;7;0;2;0;10;1
202000033297;154 683 919;2;0;2;0;17;3
202000033298;154 683 909;10;0;2;8;13;1
202000033298;154 683 910;10;0;2;8;1;1
202000033299;154 683 908;7;6;0;1;26;1
202000033300;154 683 905;1;0;2;8;1;5
202000033300;154 683 907;10;0;2;1;16;1
202000033301;154 683 902;7;0;2;3;17;1
202000033301;154 683 903;2;0;2;1;17;1
202000033301;154 683 904;7;0;2;8;1;1
202000033301;154 683 906;7;0;2;8;1;1
202000033302;154 683 900;30;0;0;0;21;3
202000033303;154 683 898;7;0;2;1;1;1
202000033303;154 683 899;7;0;0;4;1;1
202000033304;154 683 897;50;0;1;1;1;3
202000033305;154 683 894;31;0;2;8;18;1
202000033305;154 683 895;13;0;2;5;16;1
202000033306;154 683 893;7;0;2;7;1;1
202000033306;154 683 896;33;0;2;1;1;1
202000033307;154 683 901;33;8;0;1;1;1
202000033308;154 683 891;1;0;0;1;0;0
202000033309;154 683 890;33;3;0;7;1;1
202000033310;154 683 892;1;4;0;1;14;5
202000033311;154 683 887;7;0;2;0;16;1
202000033311;154 683 889;1;0;2;0;1;5
202000033312;154 683 886;7;0;2;6;4;1
202000033312;154 683 888;7;0;2;3;23;1
202000033313;154 683 883;13;0;2;2;15;1
202000033313;154 683 884;30;0;2;3;2;3
202000033314;154 683 882;7;0;2;2;1;1
202000033314;154 683 885;7;0;2;1;19;1
202000033315;154 683 879;7;0;2;8;13;1
202000033315;154 683 881;33;0;2;8;13;1
202000033316;154 683 878;43;0;2;1;17;1
202000033316;154 683 880;7;0;2;8;10;1
202000033317;154 683 875;7;0;2;4;9;0
202000033317;154 683 877;34;0;2;1;2;0
202000033318;154 683 874;7;0;1;0;0;1
202000033319;154 683 873;7;0;2;3;9;1
202000033319;154 683 876;1;0;2;3;1;5
202000033320;154 683 871;36;0;0;8;26;1
202000033321;154 683 870;7;0;2;3;13;3
202000033321;154 683 872;33;0;2;7;17;1
202000033322;154 683 868;32;0;2;1;18;1
202000033322;154 683 869;10;0;2;3;22;1
202000033323;154 683 866;7;0;2;1;2;1
202000033323;154 683 867;7;0;2;4;2;1
202000033324;154 683 865;32;0;0;0;2;1
202000033325;154 683 864;7;13;0;1;1;1
202000033326;154 683 861;13;0;2;2;1;1
202000033326;154 683 863;7;0;2;6;11;1
202000033327;154 683 862;80;12;0;1;9;3
202000033328;154 683 859;7;0;1;3;1;1
202000033329;154 683 858;2;0;2;7;9;1
202000033329;154 683 860;13;0;2;8;2;1
202000033330;154 683 857;30;8;0;0;14;3
202000033331;154 683 856;7;0;1;2;1;1
202000033332;154 683 853;7;0;1;2;1;0
202000033333;154 683 851;7;0;2;1;1;1
202000033333;154 683 854;2;0;2;7;15;1
202000033334;154 683 849;1;0;2;3;1;5
202000033334;154 683 852;7;0;2;2;15;1
202000033335;154 683 848;7;0;1;1;1;1
202000033336;154 683 847;7;9;1;1;17;1
202000033337;154 683 845;7;0;2;1;23;1
202000033337;154 683 850;7;0;1;4;23;1
202000033337;154 683 855;14;0;1;4;23;1
202000033338;154 683 843;1;1;0;7;14;5
202000033339;154 683 837;10;0;2;1;10;1
202000033339;154 683 838;1;0;2;1;1;5
202000033340;154 683 835;7;0;2;4;13;1
202000033340;154 683 836;32;0;2;1;1;1
202000033341;154 683 844;7;0;2;3;10;1
202000033341;154 683 846;34;0;2;1;1;1
202000033342;154 683 833;33;0;2;7;2;1
202000033342;154 683 834;43;0;2;7;2;1
202000033343;154 683 832;7;0;1;2;1;1
202000033344;154 683 828;10;0;2;4;2;1
202000033344;154 683 829;10;0;2;4;2;1
202000033344;154 683 830;10;0;2;1;26;1
202000033345;154 683 827;10;0;2;2;15;1
202000033345;154 683 831;1;0;2;1;16;5
202000033346;154 683 825;7;0;1;1;1;1
202000033347;154 683 839;7;4;0;2;0;1
202000033347;154 683 840;7;0;2;1;21;1
202000033347;154 683 841;7;0;2;3;0;1
202000033347;154 683 842;7;0;2;4;26;1
202000033348;154 683 824;33;0;2;8;5;1
202000033348;154 683 826;7;0;2;2;1;1
202000033349;154 683 822;32;0;2;2;17;1
202000033349;154 683 823;1;0;2;6;2;5
202000033350;154 683 820;32;0;0;1;1;1
202000033350;154 683 821;2;0;2;1;13;1
202000033351;154 683 819;10;0;1;3;15;1
202000033352;154 683 818;30;0;1;1;0;1
202000033353;154 683 816;7;0;2;6;2;1
202000033353;154 683 817;7;0;2;2;17;1
202000033354;154 683 814;10;0;1;2;1;1
202000033355;154 683 810;1;0;2;3;9;5
202000033355;154 683 812;7;0;9;2;9;1
202000033356;154 683 808;7;1;0;2;1;1
202000033356;154 683 809;7;1;1;8;24;1
202000033356;154 683 811;7;1;1;8;24;1
202000033356;154 683 813;7;0;1;6;24;0
202000033357;154 683 806;7;0;2;3;10;3
202000033357;154 683 807;34;0;2;1;1;1
202000033358;154 683 803;7;0;2;1;16;0
202000033358;154 683 804;7;0;2;8;0;0
202000033358;154 683 805;7;0;2;3;0;0
202000033359;154 683 801;1;0;2;4;13;5
202000033359;154 683 815;33;0;2;1;1;1
202000033360;154 683 798;32;15;9;1;25;1
202000033361;154 683 796;32;0;2;3;1;1
202000033361;154 683 797;7;0;2;3;15;1
202000033362;154 683 793;7;14;0;4;23;1
202000033362;154 683 794;7;14;0;4;23;1
202000033362;154 683 795;10;14;0;1;2;1
202000033363;154 683 792;7;2;0;1;14;0
202000033364;154 683 789;7;0;2;1;1;1
202000033364;154 683 791;7;0;2;4;2;1
202000033365;154 683 787;7;0;0;0;24;1
202000033365;154 683 788;1;1;0;1;0;5
202000033366;154 683 799;7;0;2;4;2;1
202000033366;154 683 800;7;0;2;0;0;0
202000033367;154 683 785;30;0;2;0;0;0
202000033367;154 683 786;7;0;2;3;1;1