Num_Acc;id_vehicule;categorie_vehicule;obstacle_fixe;obstacle_mobile;point_choc_initial;manoeuvre_principale;motorisation
202000033368;154 683 779;7;0;2;1;26;1
202000033368;154 683 780;7;0;2;1;21;1
202000033368;154 683 784;7;0;2;1;1;1
202000033369;154 683 777;31;0;2;2;0;0
202000033369;154 683 778;7;0;2;3;15;0
202000033370;154 683 775;7;0;2;4;26;1
202000033370;154 683 776;7;0;2;3;1;1
202000033371;154 683 773;33;0;2;1;1;1
202000033371;154 683 774;7;0;2;2;15;1
202000033372;154 683 771;7;0;2;8;21;1
202000033372;154 683 772;7;6;2;1;13;1
202000033373;154 683 781;10;0;2;1;13;0
202000033373;154 683 782;34;0;2;5;2;1
202000033374;154 683 770;7;4;0;1;21;1
202000033375;154 683 768;7;0;2;8;15;0
202000033375;154 683 769;33;0;2;1;1;0
202000033376;154 683 767;50;0;1;2;5;3
202000033377;154 683 764;7;0;2;4;2;1
202000033377;154 683 765;7;0;2;1;2;1
202000033378;154 683 762;10;0;2;0;0;0
202000033378;154 683 763;33;0;2;3;1;1
202000033379;154 683 760;7;0;2;3;11;1
202000033379;154 683 761;33;0;2;2;1;1
202000033380;154 683 759;33;0;0;1;23;1
202000033381;154 683 756;7;0;2;4;2;1
202000033381;154 683 757;10;0;2;1;2;1
202000033381;154 683 758;7;0;2;1;2;1
202000033382;154 683 755;7;0;0;9;14;1
202000033383;154 683 753;7;0;2;2;14;2
202000033383;154 683 754;2;0;2;4;23;1
202000033384;154 683 751;34;0;2;1;9;0
202000033384;154 683 766;7;0;2;2;18;0
202000033385;154 683 749;7;0;1;3;15;1
202000033386;154 683 748;7;0;2;0;10;0
202000033386;154 683 750;30;0;2;0;1;1
202000033387;154 683 746;31;0;2;1;1;1
202000033387;154 683 747;10;0;2;1;1;1
202000033388;154 683 741;7;0;2;4;2;6
202000033388;154 683 743;7;0;2;1;2;1
202000033389;154 683 739;7;0;2;1;1;1
202000033389;154 683 740;7;0;2;4;23;1
202000033390;154 683 742;7;0;2;1;1;1
202000033390;154 683 744;32;0;2;3;0;1
202000033391;154 683 738;33;0;2;4;1;1
202000033392;154 683 736;31;0;2;0;0;1
202000033393;154 683 734;33;0;2;8;1;1
202000033393;154 683 735;7;0;2;1;15;1
202000033394;154 683 737;7;0;1;2;1;1
202000033395;154 683 745;7;0;2;4;2;1
202000033395;154 683 752;7;0;2;1;2;1
202000033396;154 683 733;10;0;1;6;26;1
202000033397;154 683 728;2;0;0;0;26;0
202000033398;154 683 726;0;0;2;4;12;0
202000033398;154 683 727;2;0;2;1;1;1
202000033399;154 683 724;32;0;2;5;1;1
202000033399;154 683 725;7;0;2;2;1;1
202000033400;154 683 723;37;0;0;1;1;1
202000033401;154 683 721;30;0;2;1;1;1
202000033401;154 683 722;14;0;2;6;26;1
202000033402;154 683 720;33;13;0;7;2;1
202000033403;154 683 718;7;3;2;2;6;1
202000033403;154 683 719;7;0;2;2;1;1
202000033404;154 683 716;7;0;2;5;15;0
202000033404;154 683 717;2;0;2;1;14;0
202000033405;154 683 714;2;0;2;1;2;1
202000033405;154 683 715;7;0;0;4;1;0
202000033406;154 683 729;17;0;0;6;1;1
202000033406;154 683 730;10;3;2;2;13;1
202000033407;154 683 731;7;0;2;7;12;1
202000033407;154 683 732;43;0;2;8;3;1
202000033408;154 683 711;7;0;2;3;17;1
202000033408;154 683 712;7;0;2;3;1;1
202000033409;154 683 710;33;0;2;8;1;1
202000033409;154 683 713;7;0;0;8;15;1
202000033410;154 683 708;7;2;0;3;1;1
202000033411;154 683 707;7;0;2;6;2;1
202000033411;154 683 709;32;0;2;1;2;1
202000033412;154 683 705;2;14;0;1;1;0
202000033413;154 683 706;7;13;0;9;1;1
202000033414;154 683 701;7;0;2;1;2;1
202000033414;154 683 704;15;0;2;4;2;1
202000033415;154 683 700;7;0;2;4;1;1
202000033415;154 683 703;7;0;2;1;2;1
202000033416;154 683 699;7;0;1;1;16;1
202000033417;154 683 697;33;0;2;1;5;1
202000033417;154 683 698;13;0;2;3;1;1
202000033418;154 683 693;7;5;2;3;17;1
202000033418;154 683 695;10;0;2;1;1;1
202000033419;154 683 692;7;0;1;1;24;1
202000033420;154 683 690;7;0;2;5;15;1
202000033420;154 683 691;2;0;2;1;1;1
202000033421;154 683 694;7;0;2;3;15;1
202000033421;154 683 696;31;0;2;2;17;1
202000033422;154 683 687;33;0;2;2;17;1
202000033422;154 683 688;17;0;2;3;15;1
202000033423;154 683 689;1;0;0;0;1;5
202000033424;154 683 686;10;0;1;2;14;1
202000033425;154 683 684;7;0;2;3;1;1
202000033425;154 683 685;7;0;2;3;14;1
202000033426;154 683 681;7;0;2;5;15;1
202000033426;154 683 683;33;0;2;1;1;0
202000033427;154 683 678;7;0;2;9;2;1
202000033427;154 683 680;7;0;2;1;1;1
202000033427;154 683 682;14;0;2;0;0;1
202000033428;154 683 674;2;0;6;7;2;1
202000033429;154 683 675;33;0;0;7;21;1
202000033429;154 683 676;33;0;0;0;1;1
202000033430;154 683 673;7;0;1;1;2;1
202000033431;154 683 668;7;0;2;1;1;1
202000033431;154 683 672;7;0;0;2;15;1
202000033432;154 683 669;33;0;2;1;2;1
202000033432;154 683 671;7;0;0;4;15;1
202000033433;154 683 667;7;0;0;7;1;1
202000033433;154 683 670;10;0;2;1;1;1
202000033434;154 683 666;7;6;9;1;0;0
202000033435;154 683 661;30;0;2;1;1;0
202000033435;154 683 663;7;0;2;4;23;0
202000033436;154 683 659;7;13;0;1;14;1
202000033437;154 683 658;2;0;2;1;1;1
202000033437;154 683 660;7;0;2;3;15;1
202000033438;154 683 662;1;0;2;1;1;5
202000033438;154 683 664;1;0;2;1;1;5
202000033438;154 683 665;7;0;2;7;19;1
202000033439;154 683 657;7;2;0;3;0;1
202000033440;154 683 656;7;9;0;1;16;1
202000033441;154 683 655;7;0;1;1;26;0
202000033442;154 683 651;7;17;0;2;1;1
202000033443;154 683 649;7;15;0;3;13;1
202000033444;154 683 648;33;0;0;0;0;1
202000033445;154 683 646;7;0;2;3;1;0
202000033445;154 683 647;7;0;2;3;13;0
202000033446;154 683 645;35;0;0;1;1;1
202000033447;154 683 643;7;0;2;1;9;1
202000033447;154 683 644;2;12;2;1;1;1
202000033448;154 683 642;33;16;0;9;14;1
202000033449;154 683 639;7;0;2;2;1;0
202000033449;154 683 641;2;0;2;1;1;0
202000033450;154 683 650;10;0;1;2;1;1
202000033451;154 683 638;7;0;2;3;9;1
202000033451;154 683 640;33;0;2;1;1;1
202000033452;154 683 635;7;0;2;3;2;1
202000033452;154 683 636;7;0;2;4;1;1
202000033453;154 683 634;33;0;0;0;1;1
202000033454;154 683 629;10;0;2;0;17;0
202000033454;154 683 630;1;0;2;0;1;5
202000033455;154 683 626;7;0;1;1;1;1
202000033456;154 683 627;7;0;9;7;1;1
202000033456;154 683 637;1;0;2;1;19;5
202000033457;154 683 628;7;0;2;6;21;1
202000033457;154 683 631;7;0;2;1;1;1
202000033457;154 683 632;10;3;2;1;13;1
202000033457;154 683 633;7;0;2;2;21;1
202000033458;154 683 623;7;0;2;1;17;1
202000033458;154 683 625;7;0;2;1;5;1
202000033459;154 683 618;7;0;1;1;1;0
202000033460;154 683 617;7;0;2;0;15;1
202000033460;154 683 619;33;0;2;2;1;1
202000033461;154 683 616;7;0;1;1;1;1
202000033462;154 683 614;7;0;2;7;19;1
202000033462;154 683 615;17;0;2;3;1;1
202000033463;154 683 612;1;0;2;1;5;5
202000033463;154 683 613;1;0;2;1;1;5
202000033464;154 683 620;7;0;2;1;1;1
202000033464;154 683 621;7;0;0;4;1;1
202000033464;154 683 622;7;0;2;1;1;1
202000033465;154 683 611;33;0;0;8;1;1
202000033466;154 683 606;7;7;0;5;2;1
202000033466;154 683 608;7;0;2;2;2;1
202000033467;154 683 607;20;0;9;1;1;1
202000033467;154 683 609;2;0;2;3;1;1
202000033468;154 683 605;7;13;0;3;1;1
202000033469;154 683 604;7;6;0;1;1;1
202000033470;154 683 599;7;0;0;7;21;1
202000033470;154 683 600;7;0;2;1;16;1
202000033471;154 683 598;7;0;0;1;13;1
202000033472;154 683 591;33;4;0;3;16;1
202000033473;154 683 590;7;9;0;0;14;1
202000033474;154 683 588;7;0;2;8;0;1
202000033474;154 683 589;7;0;2;1;0;1
202000033475;154 683 586;7;0;2;4;0;0
202000033475;154 683 587;7;0;2;0;1;0
202000033476;154 683 585;33;7;0;8;1;1
202000033477;154 683 594;7;7;0;7;15;1
202000033478;154 683 584;7;0;1;2;15;1
202000033479;154 683 583;7;8;0;3;13;1
202000033480;154 683 581;31;0;2;1;1;1
202000033480;154 683 582;7;0;2;2;10;1
202000033481;154 683 580;31;0;0;7;1;1
202000033482;154 683 578;32;0;2;7;17;1
202000033482;154 683 579;10;0;2;8;15;1
202000033483;154 683 574;14;0;1;2;1;1
202000033484;154 683 571;33;0;2;8;2;1
202000033484;154 683 573;7;0;2;1;19;1
202000033485;154 683 569;7;0;2;1;1;1
202000033485;154 683 570;7;0;2;4;23;1
202000033485;154 683 572;7;0;2;1;1;0
202000033486;154 683 566;32;0;0;1;1;5
202000033487;154 683 593;7;0;2;1;1;1
202000033487;154 683 595;7;0;2;8;17;1
202000033487;154 683 596;7;0;2;4;1;1
202000033487;154 683 597;31;0;2;3;5;1
202000033488;154 683 565;7;0;2;4;2;1
202000033488;154 683 567;7;0;2;4;2;1
202000033488;154 683 568;7;0;2;1;2;1
202000033489;154 683 562;2;0;2;3;1;1
202000033489;154 683 563;33;0;2;3;10;6
202000033490;154 683 561;31;0;0;0;2;1
202000033491;154 683 560;33;0;0;3;17;1
202000033492;154 683 559;99;5;0;3;1;1
202000033493;154 683 564;7;2;0;8;1;1
202000033494;154 683 558;7;0;1;2;1;1
202000033495;154 683 556;7;0;0;4;2;1
202000033495;154 683 557;7;0;2;1;2;0
202000033496;154 683 555;33;6;0;1;1;1
202000033497;154 683 553;7;0;2;3;1;1
202000033497;154 683 554;2;0;2;1;13;1
202000033498;154 683 552;33;0;0;7;0;1
202000033499;154 683 551;7;2;0;1;1;1
202000033500;154 683 548;33;0;2;1;1;1
202000033500;154 683 549;7;0;2;7;15;1
202000033501;154 683 547;33;0;0;7;26;1
202000033502;154 683 545;7;0;2;3;0;0
202000033502;154 683 546;7;0;2;3;0;1
202000033503;154 683 544;7;6;0;3;1;0
202000033504;154 683 542;7;0;2;1;1;1
202000033504;154 683 543;7;0;2;8;1;1
202000033505;154 683 540;1;0;2;1;13;5
202000033505;154 683 541;7;0;2;3;1;1
202000033506;154 683 536;31;0;2;1;1;1
202000033506;154 683 537;15;0;0;6;23;1
202000033507;154 683 534;33;0;2;8;1;1
202000033507;154 683 535;7;0;2;6;19;1
202000033508;154 683 550;33;5;0;3;1;1
202000033509;154 683 532;7;0;2;1;15;0
202000033509;154 683 533;7;0;2;8;1;0
202000033510;154 683 531;33;2;0;1;14;1
202000033511;154 683 529;7;0;2;3;1;1
202000033511;154 683 530;2;0;2;1;13;1
202000033512;154 683 528;33;15;0;1;1;1
202000033513;154 683 526;7;13;0;3;1;1
202000033514;154 683 527;13;16;0;9;1;1
202000033515;154 683 525;7;0;1;4;4;1
202000033516;154 683 521;7;0;2;2;15;1
202000033516;154 683 522;2;0;2;1;1;1
202000033517;154 683 520;33;13;0;7;2;1
202000033518;154 683 523;7;0;2;5;10;1
202000033518;154 683 524;17;0;2;1;1;1
202000033519;154 683 517;7;0;9;1;2;1
202000033519;154 683 518;7;0;9;1;1;1
202000033519;154 683 519;10;0;0;0;1;1
202000033520;154 683 513;7;0;2;3;1;1
202000033520;154 683 514;33;0;2;8;1;1
202000033521;154 683 512;33;0;0;0;1;1
202000033522;154 683 508;7;0;2;2;15;1
202000033522;154 683 509;33;0;2;1;1;1
202000033523;154 683 507;7;6;0;3;1;1
202000033524;154 683 506;10;13;0;1;1;1
202000033525;154 683 504;7;0;9;1;15;0
202000033525;154 683 505;1;0;2;8;1;5
202000033526;154 683 503;15;0;0;2;0;1
202000033527;154 683 501;37;0;0;1;1;1
202000033527;154 683 515;7;0;0;4;1;1
202000033527;154 683 516;7;0;0;4;1;1
202000033528;154 683 500;7;4;2;1;2;1
202000033528;154 683 502;7;0;2;6;2;1
202000033529;154 683 497;10;0;2;0;1;1
202000033529;154 683 498;33;16;0;1;1;1
202000033529;154 683 499;7;0;2;0;1;1
202000033530;154 683 496;7;13;0;0;14;1
202000033531;154 683 494;33;0;2;1;1;1
202000033531;154 683 495;7;0;2;8;11;1
202000033532;154 683 493;7;4;0;3;0;1
202000033533;154 683 491;7;6;2;1;2;1
202000033534;154 683 490;7;4;2;1;0;1
202000033534;154 683 492;7;0;2;3;1;1
202000033535;154 683 489;7;0;1;2;1;0
202000033536;154 683 488;7;15;0;1;0;1
202000033537;154 683 487;7;10;0;1;1;0
202000033538;154 683 486;33;0;1;0;0;0
202000033539;154 683 482;7;0;2;4;0;1
202000033539;154 683 483;7;0;2;4;0;1
202000033539;154 683 484;7;0;2;4;0;1
202000033539;154 683 485;7;0;0;0;0;1
202000033540;154 683 479;7;0;2;4;2;0
202000033540;154 683 480;7;0;2;1;2;1
202000033540;154 683 481;14;0;2;4;1;1
202000033541;154 683 474;7;0;2;2;19;1
202000033541;154 683 476;7;0;2;5;23;1
202000033541;154 683 478;33;0;2;5;1;1
202000033542;154 683 475;7;0;2;3;9;1
202000033542;154 683 477;7;0;2;1;17;1
202000033543;154 683 470;33;0;2;7;1;1
202000033543;154 683 472;7;0;2;8;11;1
202000033544;154 683 468;7;0;1;1;19;0
202000033545;154 683 467;7;0;2;3;26;1
202000033545;154 683 469;7;0;2;3;26;1
202000033545;154 683 471;7;0;2;0;26;1
202000033545;154 683 473;7;0;2;3;0;1
202000033546;154 683 466;7;3;0;9;1;1
202000033547;154 683 464;34;0;2;1;12;1
202000033547;154 683 465;7;0;2;5;1;1
202000033548;154 683 462;7;0;2;8;17;1
202000033548;154 683 463;33;0;2;5;3;1
202000033549;154 683 458;7;15;1;9;7;1
202000033549;154 683 459;7;0;2;9;16;1
202000033549;154 683 460;10;0;2;5;1;1
202000033549;154 683 461;10;0;2;7;1;1
202000033550;154 683 456;33;0;0;7;14;1
202000033551;154 683 454;1;0;2;7;0;5
202000033551;154 683 455;10;0;2;1;1;1
202000033552;154 683 451;7;0;2;2;17;0
202000033552;154 683 457;37;0;2;3;1;1
202000033553;154 683 450;10;0;1;4;20;1
202000033554;154 683 452;7;0;2;5;12;1
202000033554;154 683 453;32;0;2;1;3;1
202000033555;154 683 448;7;0;1;1;1;1
202000033556;154 683 447;1;0;2;8;1;0
202000033556;154 683 449;7;0;2;3;17;1
202000033557;154 683 446;7;2;0;7;2;1
202000033558;154 683 443;7;3;0;7;1;1
202000033559;154 683 442;7;0;2;1;24;1
202000033559;154 683 445;30;0;2;9;13;1
202000033560;154 683 441;7;0;2;3;9;1
202000033560;154 683 444;1;0;2;7;1;0
202000033561;154 683 438;7;9;0;1;1;1
202000033562;154 683 436;32;1;0;2;26;1
202000033562;154 683 439;7;1;0;0;0;1
202000033563;154 683 435;15;0;2;3;2;1
202000033563;154 683 437;10;0;2;1;2;1
202000033563;154 683 440;7;0;2;7;26;1
202000033564;154 683 432;10;0;0;3;2;1
202000033565;154 683 429;7;0;2;1;2;3
202000033565;154 683 431;7;0;2;1;15;1
202000033566;154 683 428;7;2;0;1;13;1
202000033567;154 683 426;33;3;0;8;21;1
202000033568;154 683 430;7;0;2;1;1;1
202000033568;154 683 433;7;0;2;2;1;1
202000033569;154 683 424;7;0;2;4;23;1
202000033569;154 683 425;7;0;2;4;23;1
202000033569;154 683 427;7;0;2;1;1;1
202000033570;154 683 423;33;4;0;8;13;1
202000033571;154 683 422;7;0;1;1;1;1
202000033572;154 683 415;10;0;2;3;5;1
202000033572;154 683 417;10;0;2;6;2;1
202000033572;154 683 419;31;0;2;6;2;1
202000033573;154 683 413;15;0;2;3;11;1
202000033573;154 683 418;7;0;2;4;1;1
202000033573;154 683 420;10;0;2;4;1;1
202000033573;154 683 421;7;0;2;4;1;1
202000033574;154 683 414;7;0;2;3;1;1
202000033574;154 683 416;7;0;2;1;1;1
202000033575;154 683 409;7;0;2;3;9;1
202000033575;154 683 412;1;0;2;4;26;0
202000033576;154 683 410;7;1;0;1;2;1
202000033576;154 683 411;7;0;2;4;23;1
202000033577;154 683 408;7;0;1;1;26;1
202000033578;154 683 406;7;0;0;1;1;1
202000033579;154 683 401;7;0;0;4;2;0
202000033579;154 683 404;7;0;2;3;21;0
202000033579;154 683 405;7;0;2;3;2;0
202000033580;154 683 402;7;0;2;5;15;0
202000033580;154 683 407;33;0;2;1;21;1
202000033581;154 683 400;33;0;2;1;1;1
202000033581;154 683 403;7;0;2;4;1;1
202000033582;154 683 398;7;0;2;1;1;1
202000033582;154 683 399;7;0;2;1;16;1
202000033583;154 683 397;10;0;1;4;20;0
202000033584;154 683 396;7;3;0;5;26;1
202000033585;154 683 392;7;0;2;4;1;1
202000033585;154 683 394;7;0;2;1;1;1
202000033586;154 683 388;7;0;2;2;14;1
202000033586;154 683 390;7;0;2;1;1;1
202000033586;154 683 391;15;0;2;2;1;1
202000033587;154 683 387;7;0;2;1;1;1
202000033587;154 683 389;7;0;2;4;2;1
202000033588;154 683 393;7;0;2;6;23;1
202000033588;154 683 395;7;0;2;2;2;1
202000033589;154 683 384;7;0;2;2;21;1
202000033589;154 683 386;7;0;2;8;1;1
202000033590;154 683 383;1;0;2;3;26;5
202000033590;154 683 385;7;0;2;2;1;1
202000033591;154 683 382;1;12;0;7;26;0
202000033592;154 683 377;0;1;0;0;25;0
202000033593;154 683 373;7;14;0;2;1;1
202000033593;154 683 379;7;0;2;1;1;1
202000033593;154 683 381;7;14;2;1;1;1
202000033594;154 683 374;10;0;2;1;1;1
202000033594;154 683 376;10;0;2;3;1;1
202000033595;154 683 371;31;0;0;3;3;1
202000033596;154 683 372;7;0;2;1;26;1
202000033596;154 683 375;7;0;2;4;26;1
202000033596;154 683 378;7;0;2;4;26;1
202000033596;154 683 380;7;0;2;4;2;1
202000033597;154 683 370;7;0;1;1;1;1
202000033598;154 683 368;7;6;0;1;26;1
202000033599;154 683 369;7;4;0;0;14;1
202000033600;154 683 365;50;0;0;1;1;3
202000033601;154 683 366;7;4;0;1;1;1
202000033602;154 683 364;7;0;2;0;1;1
202000033602;154 683 367;7;0;2;2;15;1
202000033603;154 683 359;10;0;2;6;11;1
202000033603;154 683 361;33;0;2;2;3;1
202000033603;154 683 363;7;0;2;4;1;1
202000033604;154 683 360;7;0;2;1;1;1
202000033604;154 683 362;30;0;2;4;1;1
202000033605;154 683 358;7;6;1;2;21;1
202000033606;154 683 355;7;14;0;1;13;1
202000033607;154 683 354;7;0;2;2;12;1
202000033607;154 683 357;33;0;2;3;3;1
202000033608;154 683 353;33;0;2;7;2;1
202000033608;154 683 356;7;0;2;8;15;1
202000033609;154 683 352;7;0;1;2;1;1
202000033610;154 683 351;17;4;0;8;13;1
202000033611;154 683 350;7;13;0;7;14;1
202000033612;154 683 348;31;0;2;7;0;1
202000033612;154 683 349;7;0;2;8;13;1
202000033613;154 683 347;7;0;1;0;1;1
202000033614;154 683 345;1;0;2;2;19;6
202000033614;154 683 346;7;0;2;2;1;1
202000033615;154 683 343;7;0;1;3;5;1
202000033616;154 683 340;7;0;1;3;1;1
202000033617;154 683 341;7;0;0;1;1;1
202000033617;154 683 342;7;0;2;1;13;1
202000033618;154 683 339;15;0;2;7;12;1
202000033618;154 683 344;7;0;2;8;1;1
202000033619;154 683 333;31;0;2;7;12;1
202000033619;154 683 337;7;0;2;8;1;1
202000033620;154 683 334;7;0;2;1;9;1
202000033620;154 683 336;10;0;2;4;2;1
202000033620;154 683 338;7;0;2;4;2;1
202000033621;154 683 332;99;0;2;4;1;1
202000033621;154 683 335;99;0;2;1;26;1
202000033622;154 683 329;1;0;2;1;13;5
202000033622;154 683 331;7;0;2;1;1;1
202000033623;154 683 328;30;0;2;1;25;1
202000033623;154 683 330;50;0;2;1;25;3
202000033624;154 683 327;0;12;0;0;0;0
202000033625;154 683 326;7;0;1;0;1;1
202000033626;154 683 322;7;2;0;7;13;1
202000033627;154 683 323;7;0;2;0;23;1
202000033627;154 683 325;30;0;2;1;1;1
202000033628;154 683 321;2;0;2;3;9;1
202000033628;154 683 324;7;0;2;3;1;1
202000033629;154 683 318;7;0;2;1;11;1
202000033629;154 683 320;7;0;2;4;1;1
202000033630;154 683 317;30;0;0;8;16;1
202000033631;154 683 316;7;0;9;1;9;1
202000033631;154 683 319;33;0;2;7;2;1
202000033632;154 683 312;7;0;2;1;1;1
202000033632;154 683 315;7;0;2;8;1;1
202000033633;154 683 311;7;0;2;1;13;1
202000033633;154 683 313;7;0;2;1;1;1
202000033634;154 683 314;7;0;0;1;11;1
202000033635;154 683 308;7;0;1;1;1;1
202000033636;154 683 309;7;0;2;3;9;1
202000033636;154 683 310;2;0;2;1;9;0
202000033637;154 683 306;7;3;0;1;1;1
202000033638;154 683 305;7;0;9;3;15;1
202000033638;154 683 307;1;0;2;1;1;5
202000033639;154 683 302;7;0;1;2;1;1
202000033640;154 683 301;7;0;2;7;1;1
202000033640;154 683 304;7;0;2;1;1;1
202000033641;154 683 298;7;0;2;7;12;1
202000033641;154 683 299;34;0;2;8;3;1
202000033642;154 683 300;7;13;2;2;14;1
202000033642;154 683 303;7;0;2;3;1;1
202000033643;154 683 295;30;0;0;1;1;1
202000033644;154 683 293;7;0;2;3;9;1
202000033644;154 683 297;33;0;2;1;1;1
202000033645;154 683 294;7;0;2;2;1;1
202000033645;154 683 296;7;0;2;1;1;1
202000033646;154 683 292;7;0;1;1;15;1
202000033647;154 683 289;7;0;2;3;1;1
202000033647;154 683 290;35;0;2;1;5;1
202000033648;154 683 291;7;0;9;5;26;1
202000033649;154 683 288;7;0;1;1;1;1
202000033650;154 683 286;7;0;1;1;1;1
202000033651;154 683 285;7;0;2;1;26;1
202000033651;154 683 287;33;0;2;2;0;0
202000033652;154 683 283;50;0;2;1;1;3
202000033652;154 683 284;7;0;2;1;1;1
202000033653;154 683 281;7;0;2;4;2;1
202000033653;154 683 282;10;0;2;1;2;1
202000033654;154 683 276;50;12;0;0;1;3
202000033655;154 683 275;7;0;2;6;1;1
202000033655;154 683 278;2;0;2;1;2;1
202000033656;154 683 277;7;0;2;4;2;1
202000033656;154 683 279;7;0;2;4;2;1
202000033656;154 683 280;7;0;2;1;2;1
202000033657;154 683 271;33;0;2;1;2;1
202000033657;154 683 273;7;0;2;4;2;1
202000033658;154 683 270;3;0;2;3;15;1
202000033658;154 683 274;80;0;2;8;1;3
202000033659;154 683 267;7;0;2;1;1;1
202000033659;154 683 268;7;0;2;4;23;1
202000033659;154 683 269;7;0;2;8;1;1
202000033659;154 683 272;7;0;2;2;1;1
202000033660;154 683 265;7;0;1;5;1;1
202000033661;154 683 266;7;4;0;3;13;1
202000033662;154 683 263;31;0;2;1;1;1
202000033662;154 683 264;7;0;2;1;15;1
202000033663;154 683 262;7;0;1;1;1;1
202000033664;154 683 260;7;0;2;1;2;0
202000033664;154 683 261;7;0;2;4;1;0
202000033665;154 683 257;7;0;1;3;1;1
202000033666;154 683 256;7;0;2;2;10;1
202000033666;154 683 258;32;0;2;1;1;1
202000033667;154 683 254;7;0;2;1;2;1
202000033667;154 683 259;7;0;0;4;2;1
202000033668;154 683 253;7;0;2;8;1;1
202000033668;154 683 255;31;0;2;7;0;1
202000033669;154 683 252;3;0;2;1;0;0
202000033670;154 683 250;3;0;1;3;0;1
202000033671;154 683 249;7;0;1;1;1;1
202000033672;154 683 248;7;0;1;1;1;1
202000033673;154 683 251;7;0;1;2;1;1
202000033674;154 683 243;7;0;2;3;1;1
202000033674;154 683 246;7;0;2;1;1;1
202000033674;154 683 247;7;0;2;1;13;1
202000033675;154 683 242;7;0;2;1;1;1
202000033675;154 683 245;7;0;2;7;1;1
202000033676;154 683 241;1;0;2;1;18;0
202000033676;154 683 244;37;0;2;5;7;1
202000033677;154 683 239;34;5;0;1;15;1
202000033678;154 683 238;7;0;2;4;13;0
202000033678;154 683 240;7;0;2;1;1;0
202000033679;154 683 237;1;15;0;1;1;5
202000033680;154 683 236;31;0;1;0;1;1
202000033681;154 683 235;7;0;1;2;26;1
202000033682;154 683 232;7;2;0;8;0;1
202000033683;154 683 233;7;0;1;0;10;1
202000033684;154 683 231;7;0;2;1;15;1
202000033684;154 683 234;33;0;2;1;17;1
202000033685;154 683 230;10;0;1;2;15;1
202000033686;154 683 227;1;0;2;0;1;5
202000033686;154 683 229;7;0;2;2;1;1
202000033687;154 683 225;7;0;2;1;15;1
202000033687;154 683 228;7;0;2;3;1;1
202000033688;154 683 224;7;0;2;8;15;1
202000033688;154 683 226;7;0;2;8;1;1
202000033689;154 683 220;7;0;2;7;14;1
202000033689;154 683 223;32;0;2;8;1;1
202000033690;154 683 218;7;0;2;1;15;1
202000033690;154 683 221;30;0;2;7;1;1
202000033691;154 683 219;30;0;2;1;26;1
202000033691;154 683 222;7;0;2;2;1;1
202000033692;154 683 214;7;0;2;0;1;0
202000033692;154 683 216;7;0;2;7;1;1
202000033692;154 683 217;32;0;2;6;11;1
202000033693;154 683 215;10;0;0;1;26;1
202000033694;154 683 211;50;0;2;7;1;3
202000033694;154 683 212;30;0;2;0;1;0
202000033695;154 683 209;20;0;2;2;9;1
202000033695;154 683 210;34;0;2;2;26;1
202000033696;154 683 207;7;0;2;1;19;1
202000033696;154 683 208;7;0;2;7;1;1
202000033697;154 683 205;7;4;0;1;1;1
202000033698;154 683 203;7;0;2;1;15;1
202000033698;154 683 204;7;0;2;8;1;1
202000033699;154 683 202;1;0;2;1;1;5
202000033699;154 683 206;1;0;2;1;13;5
202000033700;154 683 201;7;0;1;1;1;3
202000033701;154 683 200;7;0;1;1;9;1
202000033702;154 683 199;10;0;1;1;15;1
202000033703;154 683 197;1;0;2;2;13;5
202000033703;154 683 198;1;0;2;8;13;5
202000033704;154 683 194;7;0;1;0;1;1
202000033705;154 683 195;30;0;2;4;1;3
202000033705;154 683 196;7;0;2;3;13;1
202000033706;154 683 192;7;0;2;4;1;1
202000033706;154 683 193;10;0;2;1;1;1
202000033707;154 683 189;7;0;2;3;19;1
202000033707;154 683 190;7;0;2;7;1;1
202000033708;154 683 186;7;0;2;3;20;1
202000033708;154 683 187;1;0;2;0;0;0
202000033709;154 683 188;7;0;2;1;1;1
202000033709;154 683 191;7;0;2;8;15;1
202000033710;154 683 180;7;0;2;2;15;1
202000033710;154 683 183;1;0;2;1;2;5
202000033711;154 683 179;7;0;1;1;1;1
202000033712;154 683 177;7;0;2;4;4;1
202000033712;154 683 178;7;0;0;2;1;1
202000033713;154 683 176;7;8;0;1;1;1
202000033714;154 683 174;7;0;2;7;19;1
202000033714;154 683 175;7;0;2;1;1;0
202000033715;154 683 173;7;2;0;1;9;1
202000033716;154 683 171;2;0;2;1;26;1
202000033716;154 683 172;7;0;2;0;26;1
202000033717;154 683 169;7;0;2;1;1;1
202000033717;154 683 170;7;0;2;1;1;0
202000033718;154 683 168;7;3;0;2;1;1
202000033719;154 683 166;7;0;2;4;23;1
202000033719;154 683 167;7;0;2;1;2;1
202000033720;154 683 165;31;1;0;1;1;1
202000033721;154 683 164;2;0;0;0;1;1
202000033722;154 683 162;1;0;2;1;1;5
202000033722;154 683 163;7;0;2;1;1;1
202000033723;154 683 161;32;0;0;0;2;1
202000033724;154 683 159;7;0;0;4;2;1
202000033724;154 683 160;10;0;2;1;2;1
202000033725;154 683 157;10;0;4;7;19;1