Num_Acc;id_vehicule;categorie_vehicule;obstacle_fixe;obstacle_mobile;point_choc_initial;manoeuvre_principale;motorisation
202000033725;154 683 158;40;0;2;1;1;3
202000033726;154 683 155;7;0;1;8;26;1
202000033727;154 683 182;7;0;2;1;10;1
202000033727;154 683 184;30;0;2;5;1;1
202000033728;154 683 181;99;0;0;1;0;0
202000033728;154 683 185;99;0;0;4;26;0
202000033729;154 683 154;7;0;1;2;1;2
202000033730;154 683 153;7;0;1;2;21;1
202000033731;154 683 150;32;0;2;4;11;1
202000033731;154 683 152;7;0;2;2;1;1
202000033732;154 683 148;30;0;2;2;1;1
202000033732;154 683 149;7;0;2;2;10;1
202000033733;154 683 146;10;0;2;7;16;1
202000033733;154 683 147;1;0;2;1;1;5
202000033734;154 683 144;7;0;9;2;1;0
202000033734;154 683 145;32;0;2;0;0;0
202000033735;154 683 141;7;0;0;4;1;0
202000033735;154 683 142;7;0;2;1;1;0
202000033735;154 683 143;7;0;2;1;1;0
202000033736;154 683 139;7;0;1;1;15;1
202000033737;154 683 138;7;0;2;4;2;0
202000033737;154 683 140;7;0;2;1;26;0
202000033738;154 683 136;7;0;2;4;1;2
202000033738;154 683 137;7;0;2;1;1;1
202000033739;154 683 135;7;1;0;2;14;0
202000033740;154 683 133;2;13;0;1;1;1
202000033741;154 683 134;1;0;1;1;1;5
202000033742;154 683 130;33;11;2;1;1;1
202000033742;154 683 131;31;0;2;4;1;1
202000033743;154 683 129;33;0;2;1;1;1
202000033743;154 683 132;2;0;2;7;15;1
202000033744;154 683 127;7;0;2;2;15;1
202000033744;154 683 128;1;0;2;1;1;5
202000033745;154 683 125;33;13;0;2;1;0
202000033745;154 683 126;21;0;0;0;1;0
202000033746;154 683 124;1;0;0;8;1;5
202000033747;154 683 123;7;4;0;1;1;1
202000033748;154 683 121;7;0;2;1;0;0
202000033748;154 683 122;7;0;2;7;13;0
202000033749;154 683 120;1;0;1;1;1;5
202000033750;154 683 117;7;0;2;7;15;1
202000033750;154 683 118;7;0;2;3;1;3
202000033751;154 683 115;33;0;0;1;1;1
202000033751;154 683 116;33;0;0;1;1;0
202000033752;154 683 113;7;13;0;0;1;1
202000033753;154 683 112;7;0;2;5;23;1
202000033753;154 683 114;32;0;2;1;1;1
202000033754;154 683 110;7;0;2;3;1;3
202000033754;154 683 111;32;0;2;7;15;1
202000033755;154 683 108;7;0;2;2;16;1
202000033755;154 683 109;1;0;2;0;1;5
202000033756;154 683 106;33;0;2;1;1;1
202000033756;154 683 107;7;0;2;3;16;1
202000033757;154 683 104;1;1;0;0;0;0
202000033757;154 683 105;3;0;2;0;0;1
202000033758;154 683 103;7;8;0;1;9;1
202000033759;154 683 102;7;8;0;1;14;1
202000033760;154 683 099;33;0;0;0;17;1
202000033760;154 683 100;37;0;0;0;0;1
202000033760;154 683 101;7;0;0;0;15;1
202000033761;154 683 097;50;14;0;1;1;3
202000033761;154 683 098;10;0;2;3;1;1
202000033762;154 683 095;7;0;2;3;9;1
202000033762;154 683 096;7;0;2;1;1;1
202000033763;154 683 094;7;0;1;2;9;1
202000033764;154 683 091;7;0;2;1;1;1
202000033764;154 683 092;7;0;2;1;1;1
202000033764;154 683 093;7;0;0;4;1;1
202000033765;154 683 090;7;0;1;3;16;1
202000033766;154 683 088;7;0;9;2;1;1
202000033766;154 683 089;1;0;2;3;1;5
202000033767;154 683 086;7;0;2;5;24;0
202000033767;154 683 087;7;1;2;2;21;2
202000033768;154 683 084;34;0;2;3;21;0
202000033768;154 683 085;7;0;2;3;20;0
202000033769;154 683 083;7;1;1;1;16;0
202000033770;154 683 082;7;0;1;1;15;1
202000033771;154 683 080;33;0;2;1;2;1
202000033771;154 683 081;7;1;0;3;20;1
202000033772;154 683 078;7;0;2;0;0;0
202000033772;154 683 079;80;0;2;4;2;3
202000033773;154 683 077;7;0;1;2;15;1
202000033774;154 683 075;50;0;2;8;15;3
202000033774;154 683 076;7;0;2;2;1;1
202000033775;154 683 073;34;0;2;2;1;1
202000033775;154 683 074;10;0;2;3;15;1
202000033776;154 683 072;10;0;1;1;1;1
202000033777;154 683 071;7;0;1;3;1;1
202000033778;154 683 070;7;0;1;1;15;1
202000033779;154 683 068;7;0;2;1;15;1
202000033779;154 683 069;7;6;2;2;1;1
202000033780;154 683 067;7;15;0;3;13;1
202000033781;154 683 065;38;0;9;1;9;1
202000033781;154 683 066;1;0;0;7;1;5
202000033782;154 683 063;7;0;2;1;1;1
202000033782;154 683 064;7;3;2;4;1;1
202000033783;154 683 062;36;13;0;3;1;1
202000033784;154 683 060;7;0;2;1;13;1
202000033784;154 683 061;7;0;2;3;1;1
202000033785;154 683 059;7;3;0;1;1;1
202000033786;154 683 058;7;13;0;9;14;1
202000033787;154 683 057;7;13;0;1;13;1
202000033788;154 683 056;7;2;0;1;1;0
202000033789;154 683 054;7;0;2;3;13;1
202000033789;154 683 055;20;0;0;3;1;1
202000033790;154 683 053;7;0;1;3;1;2
202000033791;154 683 052;7;2;0;3;13;1
202000033792;154 683 050;7;0;2;1;1;1
202000033792;154 683 051;7;0;2;4;15;1
202000033793;154 683 049;30;13;0;0;1;1
202000033794;154 683 048;7;2;0;1;1;0
202000033795;154 683 046;7;0;2;3;1;1
202000033795;154 683 047;7;0;2;2;1;1
202000033796;154 683 045;1;0;0;0;1;5
202000033797;154 683 044;7;2;0;3;0;1
202000033798;154 683 043;7;13;0;1;1;1
202000033799;154 683 042;7;2;0;1;1;1
202000033800;154 683 041;10;0;6;1;1;1
202000033801;154 683 039;7;0;2;1;2;1
202000033801;154 683 040;17;0;0;4;2;1
202000033802;154 683 034;7;0;2;0;23;1
202000033802;154 683 035;10;0;1;3;1;1
202000033802;154 683 036;7;1;0;1;2;1
202000033803;154 683 033;7;3;0;1;0;1
202000033804;154 683 030;7;0;2;1;2;1
202000033804;154 683 031;7;3;2;4;2;4
202000033804;154 683 032;17;0;0;4;1;6
202000033805;154 683 028;7;0;2;1;17;1
202000033805;154 683 029;7;0;2;1;1;1
202000033806;154 683 027;7;0;1;1;1;1
202000033807;154 683 026;7;6;0;1;1;1
202000033808;154 683 024;7;0;2;7;1;1
202000033808;154 683 025;7;0;2;1;1;1
202000033809;154 683 022;7;0;0;0;1;1
202000033809;154 683 023;33;0;0;0;21;1
202000033810;154 683 020;7;0;1;1;0;1
202000033810;154 683 021;7;0;2;1;0;1
202000033811;154 683 019;7;0;1;8;1;1
202000033812;154 683 015;7;0;0;3;15;0
202000033812;154 683 016;7;0;2;2;1;0
202000033813;154 683 012;7;0;2;1;2;1
202000033813;154 683 013;7;0;0;4;2;1
202000033814;154 683 010;32;0;2;4;1;1
202000033814;154 683 011;7;0;2;1;1;1
202000033815;154 683 007;7;0;2;1;11;1
202000033815;154 683 008;7;0;2;6;2;1
202000033815;154 683 009;7;4;2;2;1;1
202000033816;154 683 004;7;0;2;6;2;1
202000033816;154 683 005;7;0;2;1;2;1
202000033816;154 683 006;7;0;2;4;1;1
202000033817;154 683 002;7;0;2;4;2;1
202000033817;154 683 003;7;0;2;1;2;1
202000033818;154 683 001;33;0;0;3;3;1
202000033819;154 682 999;7;0;2;2;2;1
202000033819;154 683 000;7;0;2;2;2;2
202000033820;154 682 997;7;0;2;2;15;1
202000033820;154 682 998;14;0;2;1;1;1
202000033821;154 682 996;7;4;0;2;26;1
202000033822;154 682 994;33;1;2;8;1;1
202000033822;154 682 995;7;0;2;7;26;1
202000033823;154 682 991;7;0;2;9;0;1
202000033823;154 682 992;7;0;2;4;0;1
202000033823;154 682 993;7;0;2;1;26;1
202000033824;154 682 989;7;0;2;1;2;1
202000033824;154 682 990;7;0;2;4;2;1
202000033825;154 682 988;33;0;2;3;3;1
202000033826;154 682 987;17;0;0;2;9;1
202000033827;154 682 984;7;0;2;6;2;1
202000033827;154 682 985;7;0;2;5;2;1
202000033827;154 682 986;7;0;2;3;2;1
202000033828;154 682 982;15;0;2;1;1;1
202000033828;154 682 983;7;0;2;4;11;1
202000033829;154 682 980;7;0;2;3;1;1
202000033829;154 682 981;15;0;2;3;1;1
202000033830;154 682 979;7;11;0;1;16;1
202000033831;154 682 978;32;0;0;2;0;0
202000033832;154 682 977;33;8;0;0;1;1
202000033833;154 682 976;30;0;1;8;17;1
202000033834;154 682 974;7;0;0;4;23;1
202000033834;154 682 975;7;0;2;1;9;1
202000033835;154 682 972;10;0;2;3;15;1
202000033835;154 682 973;7;0;2;8;1;1
202000033836;154 682 971;7;0;1;1;13;0
202000033837;154 682 970;30;1;0;8;13;1
202000033838;154 682 969;7;0;1;2;1;1
202000033839;154 682 967;14;0;1;8;1;1
202000033840;154 682 966;7;13;0;1;14;1
202000033841;154 682 964;7;0;2;6;1;1
202000033841;154 682 965;7;0;2;2;14;3
202000033842;154 682 962;15;0;2;7;15;6
202000033842;154 682 963;15;0;2;1;9;1
202000033843;154 682 960;7;0;2;7;15;1
202000033843;154 682 961;7;0;2;1;1;1
202000033844;154 682 958;7;0;2;1;1;1
202000033844;154 682 959;7;0;2;4;23;1
202000033845;154 682 956;7;0;1;3;9;1
202000033846;154 682 955;7;9;0;1;1;1
202000033847;154 682 954;7;0;1;1;1;1
202000033848;154 682 953;7;1;1;3;13;1
202000033849;154 682 950;7;0;2;1;1;0
202000033849;154 682 951;7;0;2;4;1;0
202000033849;154 682 952;7;0;2;1;0;0
202000033850;154 682 949;7;1;1;8;4;1
202000033851;154 682 947;7;0;2;3;1;1
202000033851;154 682 948;30;0;2;8;15;1
202000033852;154 682 945;0;0;0;0;0;0
202000033852;154 682 946;50;0;2;7;0;3
202000033853;154 682 944;7;0;1;0;0;6
202000033854;154 682 942;7;0;2;1;9;1
202000033854;154 682 943;1;0;2;7;1;5
202000033855;154 682 940;7;0;2;1;2;1
202000033855;154 682 941;7;0;1;4;2;1
202000033856;154 682 938;1;0;2;8;19;5
202000033856;154 682 939;7;0;2;1;15;1
202000033857;154 682 937;7;0;1;1;1;1
202000033858;154 682 935;10;0;2;1;17;1
202000033858;154 682 936;10;0;2;2;23;1
202000033859;154 682 933;30;0;2;1;1;1
202000033859;154 682 934;7;0;2;3;1;1
202000033860;154 682 932;7;4;0;3;1;0
202000033861;154 682 930;7;0;2;1;1;1
202000033861;154 682 931;7;0;2;2;16;1
202000033862;154 682 928;7;0;2;1;9;1
202000033862;154 682 929;1;0;2;7;15;5
202000033863;154 682 926;7;1;0;1;1;1
202000033863;154 682 927;13;0;2;6;0;1
202000033864;154 682 924;32;6;0;6;15;1
202000033864;154 682 925;30;0;2;1;15;1
202000033865;154 682 920;7;0;2;6;2;1
202000033865;154 682 921;7;0;2;4;2;1
202000033865;154 682 922;7;0;2;4;2;1
202000033865;154 682 923;38;0;2;1;1;1
202000033866;154 682 918;34;0;2;1;1;1
202000033866;154 682 919;7;0;2;5;16;1
202000033867;154 682 916;7;0;2;2;19;1
202000033867;154 682 917;33;0;2;1;1;1
202000033868;154 682 915;33;0;1;3;2;1
202000033869;154 682 914;7;0;1;1;15;1
202000033870;154 682 912;0;0;2;3;13;1
202000033870;154 682 913;10;0;2;3;1;1
202000033871;154 682 910;7;0;2;1;1;1
202000033871;154 682 911;7;0;2;8;15;1
202000033872;154 682 908;7;0;2;2;15;1
202000033872;154 682 909;7;0;2;1;1;1
202000033873;154 682 905;7;0;9;2;15;1
202000033873;154 682 906;1;0;2;2;1;0
202000033874;154 682 903;7;14;0;1;2;1
202000033874;154 682 904;10;13;0;9;14;1
202000033875;154 682 902;1;0;1;1;1;5
202000033876;154 682 900;1;0;2;1;13;5
202000033876;154 682 901;7;0;2;1;1;1
202000033877;154 682 898;32;0;2;7;1;1
202000033877;154 682 899;7;0;2;8;11;1
202000033878;154 682 897;32;0;1;2;17;1
202000033879;154 682 895;7;0;2;3;9;1
202000033879;154 682 896;32;0;2;1;17;1
202000033880;154 682 894;30;0;1;1;1;0
202000033881;154 682 893;50;0;1;1;1;3
202000033882;154 682 891;33;0;2;8;1;1
202000033882;154 682 892;1;0;2;7;15;5
202000033883;154 682 889;7;0;2;2;1;1
202000033883;154 682 890;3;0;2;1;1;1
202000033884;154 682 887;1;0;2;1;1;5
202000033884;154 682 888;7;0;2;2;1;1
202000033885;154 682 885;50;0;2;1;1;3
202000033885;154 682 886;7;0;2;3;1;1
202000033886;154 682 883;1;0;2;0;1;5
202000033886;154 682 884;7;0;2;8;22;1
202000033887;154 682 881;30;0;2;2;1;3
202000033887;154 682 882;7;0;2;3;15;1
202000033888;154 682 879;1;0;2;1;15;5
202000033888;154 682 880;31;0;2;1;17;1
202000033889;154 682 877;7;0;2;2;15;1
202000033889;154 682 878;30;0;2;1;8;1
202000033890;154 682 875;7;0;2;1;15;3
202000033890;154 682 876;30;0;2;2;1;1
202000033891;154 682 873;7;0;2;2;1;1
202000033891;154 682 874;80;0;2;8;13;3
202000033892;154 682 871;7;0;2;3;9;1
202000033892;154 682 872;32;0;2;1;1;1
202000033893;154 682 869;7;0;2;3;1;2
202000033893;154 682 870;1;0;2;7;14;5
202000033894;154 682 868;31;0;1;1;1;1
202000033895;154 682 867;1;0;1;1;7;5
202000033896;154 682 865;7;0;2;3;1;0
202000033896;154 682 866;1;0;2;3;1;5
202000033897;154 682 864;30;0;0;8;1;3
202000033898;154 682 862;7;0;2;3;15;1
202000033898;154 682 863;32;0;2;7;1;1
202000033899;154 682 860;33;0;2;8;1;1
202000033899;154 682 861;7;0;2;7;12;0
202000033900;154 682 859;32;0;1;1;1;1
202000033901;154 682 857;30;0;2;1;26;1
202000033901;154 682 858;37;0;2;6;23;1
202000033902;154 682 855;60;0;0;0;25;5
202000033902;154 682 856;30;0;2;0;25;1
202000033903;154 682 853;32;0;2;3;1;0
202000033903;154 682 854;7;0;2;3;15;0
202000033904;154 682 851;34;0;2;4;23;1
202000033904;154 682 852;37;0;2;1;26;1
202000033905;154 682 849;7;0;2;1;1;1
202000033905;154 682 850;7;0;2;3;13;1
202000033906;154 682 846;7;1;0;0;0;1
202000033906;154 682 847;7;1;0;0;0;0
202000033906;154 682 848;7;0;2;7;17;1
202000033907;154 682 844;32;0;2;1;1;1
202000033907;154 682 845;7;0;2;8;15;1
202000033908;154 682 842;7;0;2;1;1;1
202000033908;154 682 843;7;0;2;0;0;1
202000033909;154 682 841;38;8;1;3;26;1
202000033910;154 682 839;7;0;2;3;2;1
202000033910;154 682 840;7;1;2;3;0;0
202000033911;154 682 837;7;1;2;6;24;1
202000033911;154 682 838;7;0;2;2;14;1
202000033912;154 682 835;7;0;2;8;0;1
202000033912;154 682 836;32;0;2;1;3;1
202000033913;154 682 833;7;0;2;1;1;1
202000033913;154 682 834;7;0;2;6;15;1
202000033914;154 682 832;7;16;0;0;1;1
202000033915;154 682 830;17;0;0;4;1;1
202000033915;154 682 831;7;0;2;1;0;1
202000033916;154 682 829;7;3;0;3;26;1
202000033917;154 682 828;2;0;0;7;1;1
202000033918;154 682 826;7;0;9;2;2;1
202000033918;154 682 827;1;0;2;4;2;5
202000033919;154 682 824;7;0;1;2;1;0
202000033920;154 682 821;7;0;2;2;2;1
202000033920;154 682 822;2;0;2;4;2;1
202000033921;154 682 820;7;13;0;1;19;0
202000033922;154 682 819;7;13;0;9;13;1
202000033923;154 682 817;33;0;2;1;1;1
202000033923;154 682 818;7;0;2;3;19;1
202000033924;154 682 816;10;0;1;3;1;1
202000033925;154 682 814;7;0;2;7;19;1
202000033925;154 682 815;7;0;0;1;1;1
202000033926;154 682 812;14;0;2;3;1;1
202000033926;154 682 813;7;0;2;3;1;1
202000033927;154 682 811;7;1;0;2;1;1
202000033928;154 682 809;7;0;2;3;0;1
202000033928;154 682 810;7;0;2;3;13;1
202000033929;154 682 808;7;6;0;1;15;1
202000033930;154 682 807;33;4;0;1;1;1
202000033931;154 682 806;7;0;1;3;15;0
202000033932;154 682 805;7;0;0;1;1;1
202000033933;154 682 803;7;0;0;3;0;1
202000033933;154 682 804;2;0;0;4;2;1
202000033934;154 682 800;2;13;0;1;1;1
202000033935;154 682 798;7;0;2;1;1;1
202000033935;154 682 799;7;0;2;1;13;1
202000033936;154 682 796;7;0;2;2;1;1
202000033936;154 682 797;7;0;0;3;15;1
202000033937;154 682 792;10;0;2;1;1;1
202000033937;154 682 793;7;0;2;1;13;1
202000033938;154 682 790;7;0;2;5;15;1
202000033938;154 682 791;7;0;2;1;1;1
202000033939;154 682 789;7;6;0;2;1;1
202000033940;154 682 787;7;0;2;3;1;1
202000033940;154 682 788;7;0;2;3;1;1
202000033941;154 682 785;7;0;2;8;15;6
202000033941;154 682 786;33;0;2;1;1;6
202000033942;154 682 783;2;0;2;4;1;1
202000033942;154 682 784;7;0;2;1;2;1
202000033943;154 682 782;10;6;0;1;1;1
202000033944;154 682 780;7;0;2;3;19;1
202000033944;154 682 781;7;0;2;2;1;1
202000033945;154 682 779;7;13;0;0;0;1
202000033946;154 682 778;7;13;0;3;1;1
202000033947;154 682 775;17;0;2;3;1;1
202000033947;154 682 776;7;0;2;0;1;1
202000033947;154 682 777;7;0;2;6;15;1
202000033948;154 682 772;7;0;2;1;1;1
202000033948;154 682 773;7;0;2;2;1;1
202000033948;154 682 774;7;0;0;4;1;1
202000033949;154 682 770;7;0;2;1;2;1
202000033949;154 682 771;13;0;2;4;1;1
202000033950;154 682 766;7;3;2;1;2;0
202000033950;154 682 767;7;0;0;4;2;0
202000033950;154 682 768;7;0;2;1;2;0
202000033950;154 682 769;33;0;2;1;2;0
202000033951;154 682 765;7;0;1;1;1;0
202000033952;154 682 763;7;0;2;2;1;1
202000033952;154 682 764;7;0;2;2;13;1
202000033953;154 682 761;7;0;0;2;1;0
202000033953;154 682 762;1;0;2;4;0;5
202000033954;154 682 760;7;6;0;1;0;1
202000033955;154 682 758;7;0;2;3;1;1
202000033955;154 682 759;7;0;2;3;1;1
202000033956;154 682 756;7;0;2;2;19;1
202000033956;154 682 757;2;0;2;1;8;1
202000033957;154 682 755;7;0;1;1;1;1
202000033958;154 682 754;2;0;0;0;0;1
202000033959;154 682 752;7;0;2;3;10;1
202000033959;154 682 753;34;0;2;2;17;1
202000033960;154 682 750;7;0;2;1;1;1
202000033960;154 682 751;7;7;0;6;19;1
202000033961;154 682 749;20;3;0;3;1;1
202000033962;154 682 748;33;0;0;9;26;1
202000033963;154 682 746;7;0;2;4;1;1
202000033963;154 682 747;7;0;0;0;0;1
202000033964;154 682 744;7;0;2;5;1;1
202000033964;154 682 745;33;0;2;1;2;1
202000033965;154 682 743;7;4;0;2;2;1
202000033966;154 682 742;7;2;0;1;2;1
202000033967;154 682 740;7;0;2;1;2;1
202000033967;154 682 741;7;0;2;4;2;1
202000033968;154 682 737;7;0;2;4;2;1
202000033968;154 682 738;15;0;2;6;1;1
202000033968;154 682 739;15;0;2;1;2;1
202000033969;154 682 736;10;3;0;3;1;1
202000033970;154 682 735;32;0;2;7;3;1
202000033971;154 682 733;7;0;0;4;2;1
202000033971;154 682 734;7;0;2;1;2;1
202000033972;154 682 730;10;0;2;4;1;1
202000033972;154 682 731;7;0;2;9;1;1
202000033972;154 682 732;7;0;2;1;1;1
202000033973;154 682 728;7;0;2;4;1;1
202000033973;154 682 729;33;0;2;1;3;1
202000033974;154 682 727;7;4;0;1;1;1
202000033975;154 682 726;7;3;0;2;13;1
202000033976;154 682 725;7;15;0;9;1;1
202000033977;154 682 723;7;0;2;1;2;1
202000033977;154 682 724;7;0;2;4;2;1
202000033978;154 682 721;33;16;2;1;5;1
202000033978;154 682 722;99;16;2;1;1;1
202000033979;154 682 720;7;0;1;1;1;1
202000033980;154 682 719;7;4;0;9;1;1
202000033981;154 682 718;30;0;1;0;26;0
202000033982;154 682 717;7;0;1;2;13;0
202000033983;154 682 716;33;0;0;0;26;0
202000033984;154 682 715;30;0;0;7;1;1
202000033985;154 682 713;7;1;0;1;14;1
202000033985;154 682 714;10;0;2;6;0;1
202000033986;154 682 711;31;0;2;7;0;1
202000033986;154 682 712;7;0;2;1;10;1
202000033987;154 682 710;7;0;1;2;26;1
202000033988;154 682 708;7;0;2;4;26;1
202000033988;154 682 709;7;0;2;1;26;1
202000033989;154 682 707;7;0;1;1;1;1
202000033990;154 682 705;7;0;2;7;15;1
202000033990;154 682 706;33;0;2;1;1;1
202000033991;154 682 704;7;0;1;1;1;1
202000033992;154 682 696;7;6;0;7;13;1
202000033993;154 682 693;7;0;2;4;15;1
202000033993;154 682 694;50;0;2;1;1;3
202000033994;154 682 689;7;0;2;7;1;1
202000033994;154 682 690;7;0;2;1;6;1
202000033995;154 682 687;7;0;2;0;0;1
202000033995;154 682 688;7;0;2;1;26;1
202000033996;154 682 686;2;0;1;1;1;1
202000033997;154 682 684;1;0;2;1;1;5
202000033997;154 682 685;7;0;2;7;15;1
202000033998;154 682 683;10;0;1;2;1;0
202000033999;154 682 682;14;0;1;1;2;0
202000034000;154 682 681;10;0;1;1;1;1
202000034001;154 682 679;7;0;2;0;0;0
202000034001;154 682 680;1;0;2;1;19;5
202000034002;154 682 677;10;1;0;3;15;1
202000034002;154 682 678;99;0;1;1;0;6
202000034003;154 682 675;7;0;2;3;15;1
202000034003;154 682 676;30;0;2;1;1;1
202000034004;154 682 673;3;0;2;3;15;1
202000034004;154 682 674;1;0;2;4;1;5
202000034005;154 682 671;7;0;2;2;26;1
202000034005;154 682 672;7;0;2;1;1;1
202000034006;154 682 670;7;0;1;3;15;1
202000034007;154 682 668;7;0;2;3;10;1
202000034007;154 682 669;7;0;2;2;1;1
202000034008;154 682 666;7;0;2;3;1;1
202000034008;154 682 667;33;0;2;2;2;1
202000034009;154 682 665;7;2;0;1;16;1
202000034010;154 682 663;10;0;2;1;1;1
202000034010;154 682 664;10;0;2;5;1;1
202000034011;154 682 662;7;0;1;3;11;1
202000034012;154 682 660;7;9;2;3;2;1
202000034012;154 682 661;7;0;2;3;15;1
202000034013;154 682 659;7;0;1;1;1;1
202000034014;154 682 657;3;0;2;1;0;1
202000034014;154 682 658;7;0;2;1;1;1
202000034015;154 682 653;1;0;2;1;1;5
202000034015;154 682 654;7;0;2;3;15;1
202000034016;154 682 651;7;0;2;1;15;1
202000034016;154 682 652;30;0;2;1;1;1
202000034017;154 682 649;1;0;2;1;1;5
202000034017;154 682 650;7;0;2;1;15;1
202000034018;154 682 648;33;0;1;1;1;1
202000034019;154 682 647;7;4;0;1;14;1
202000034020;154 682 643;7;0;2;1;2;1
202000034020;154 682 644;10;0;1;2;23;1
202000034021;154 682 641;7;0;2;1;0;1
202000034021;154 682 642;7;0;2;3;0;1
202000034022;154 682 639;30;0;2;1;1;3
202000034022;154 682 640;7;0;9;4;23;1
202000034023;154 682 637;10;0;2;3;13;1
202000034023;154 682 638;1;0;2;1;1;5
202000034024;154 682 636;7;0;1;1;9;5
202000034025;154 682 634;7;0;2;1;1;6
202000034025;154 682 635;7;0;2;7;1;6
202000034026;154 682 632;1;0;2;1;1;5
202000034026;154 682 633;7;0;2;2;1;1
202000034027;154 682 631;7;0;1;3;19;1
202000034028;154 682 629;7;0;2;6;2;1
202000034028;154 682 630;7;0;2;1;2;1
202000034029;154 682 627;7;0;2;1;2;1
202000034029;154 682 628;1;0;2;3;15;5
202000034030;154 682 625;80;0;2;8;16;2
202000034030;154 682 626;14;0;2;7;16;1
202000034031;154 682 623;7;0;2;3;13;1
202000034031;154 682 624;33;0;2;1;2;1
202000034032;154 682 621;7;0;2;3;15;0
202000034032;154 682 622;33;0;2;1;2;0
202000034033;154 682 620;7;0;1;1;1;1
202000034034;154 682 618;2;0;2;2;0;1
202000034034;154 682 619;7;0;2;0;0;
202000034035;154 682 616;7;0;2;1;15;1
202000034035;154 682 617;38;0;2;1;1;1
202000034036;154 682 614;7;0;2;1;9;1
202000034036;154 682 615;1;0;2;8;1;5
202000034037;154 682 612;7;0;2;2;1;1
202000034037;154 682 613;99;0;2;4;1;1
202000034038;154 682 610;7;0;2;5;1;1
202000034038;154 682 611;15;0;2;3;11;1
202000034039;154 682 608;7;0;2;2;16;1
202000034039;154 682 609;34;0;2;2;1;1
202000034040;154 682 606;7;0;0;4;24;1
202000034040;154 682 607;7;0;1;2;19;1
202000034041;154 682 605;7;7;0;3;16;1
202000034042;154 682 603;7;0;2;8;15;1
202000034042;154 682 604;7;0;2;1;1;1
202000034043;154 682 600;7;0;1;2;19;1
202000034044;154 682 598;7;0;2;3;16;1
202000034044;154 682 599;7;0;2;1;1;1
202000034045;154 682 596;1;0;2;1;0;5
202000034045;154 682 597;7;0;2;1;26;0
202000034046;154 682 595;1;0;1;1;1;5
202000034047;154 682 592;7;0;2;1;2;1
202000034047;154 682 593;7;0;2;4;2;1
202000034047;154 682 594;7;0;2;4;2;1
202000034048;154 682 588;7;0;2;3;1;1
202000034048;154 682 589;34;0;2;3;17;1
202000034049;154 682 586;10;0;2;6;2;1
202000034049;154 682 587;7;0;2;1;1;1
202000034050;154 682 585;7;0;1;1;1;1
202000034051;154 682 584;10;0;1;0;0;1
202000034052;154 682 580;7;0;2;2;1;1
202000034052;154 682 581;7;0;2;3;2;1
202000034052;154 682 582;7;0;2;3;1;1
202000034052;154 682 583;7;0;2;2;1;1
202000034053;154 682 578;7;0;2;4;2;1
202000034053;154 682 579;7;0;2;1;2;1
202000034054;154 682 577;7;0;0;1;1;1
202000034055;154 682 573;14;0;2;8;1;1
202000034055;154 682 574;7;0;2;6;1;1
202000034055;154 682 575;33;0;2;8;17;1
202000034055;154 682 576;33;0;2;1;17;1
202000034056;154 682 571;7;0;2;1;19;0
202000034056;154 682 572;7;0;2;5;19;0
202000034057;154 682 569;7;0;0;0;0;1
202000034057;154 682 570;30;0;0;0;19;1
202000034058;154 682 568;30;0;0;7;2;1
202000034059;154 682 567;30;0;0;7;1;1
202000034060;154 682 565;7;0;2;8;1;1
202000034060;154 682 566;2;0;2;1;9;1
202000034061;154 682 563;7;0;2;1;1;6
202000034061;154 682 564;7;0;2;8;1;0
202000034062;154 682 561;10;0;2;5;2;1
202000034062;154 682 562;32;0;2;8;2;1
202000034063;154 682 559;7;1;2;8;19;1
202000034063;154 682 560;7;0;2;1;1;1
202000034064;154 682 558;7;3;0;8;1;1
202000034065;154 682 557;7;1;2;1;2;1
202000034066;154 682 555;7;0;0;6;2;1
202000034066;154 682 556;7;0;2;5;2;1
202000034067;154 682 554;7;3;0;1;1;1
202000034068;154 682 551;32;0;0;0;16;1
202000034069;154 682 550;31;12;0;1;1;1
202000034070;154 682 548;7;0;2;1;2;1
202000034070;154 682 549;7;0;0;4;2;1
202000034071;154 682 546;7;0;2;1;1;1
202000034071;154 682 547;1;0;2;8;15;5
202000034072;154 682 544;7;0;0;2;24;1
202000034072;154 682 545;7;1;0;2;13;1
202000034073;154 682 542;33;0;0;8;1;1
202000034073;154 682 543;7;0;2;3;15;1
202000034074;154 682 541;7;0;1;1;20;1
202000034075;154 682 538;7;0;2;3;1;1
202000034075;154 682 539;7;0;2;8;1;1
202000034075;154 682 540;10;0;2;3;13;1
202000034076;154 682 537;7;6;0;3;1;1
202000034077;154 682 535;33;0;2;1;1;1
202000034077;154 682 536;7;0;2;7;15;1
202000034078;154 682 534;33;0;0;8;1;1
202000034079;154 682 532;7;4;0;8;1;1
202000034079;154 682 533;7;13;2;3;2;1
202000034080;154 682 531;7;0;0;9;1;1
202000034081;154 682 530;7;1;0;2;14;0
202000034082;154 682 528;13;0;2;1;1;1
202000034082;154 682 529;7;0;2;8;1;1
202000034083;154 682 527;33;13;6;0;1;1
202000034084;154 682 525;7;0;2;1;1;1
202000034084;154 682 526;1;0;2;8;1;5
202000034085;154 682 524;34;13;0;1;1;1
202000034086;154 682 523;7;2;0;1;14;1