Num_Acc;id_vehicule;categorie_vehicule;obstacle_fixe;obstacle_mobile;point_choc_initial;manoeuvre_principale;motorisation
202000034087;154 682 520;7;0;2;1;12;1
202000034087;154 682 521;7;0;2;4;1;1
202000034087;154 682 522;7;0;0;4;1;1
202000034088;154 682 518;1;0;2;7;1;5
202000034088;154 682 519;7;0;2;3;9;1
202000034089;154 682 517;7;0;0;9;1;1
202000034090;154 682 516;7;3;0;2;0;1
202000034091;154 682 515;7;4;0;3;0;1
202000034092;154 682 513;7;0;2;1;2;1
202000034092;154 682 514;7;0;2;4;1;1
202000034093;154 682 512;7;0;2;7;2;1
202000034094;154 682 510;7;0;2;4;2;6
202000034094;154 682 511;7;0;2;1;2;1
202000034095;154 682 508;13;0;2;2;1;1
202000034095;154 682 509;10;0;2;6;1;1
202000034096;154 682 506;33;0;2;3;1;1
202000034096;154 682 507;10;0;2;0;0;1
202000034097;154 682 504;30;0;2;1;1;1
202000034097;154 682 505;7;0;2;3;15;0
202000034098;154 682 502;31;0;2;1;17;1
202000034098;154 682 503;7;0;2;3;15;1
202000034099;154 682 500;7;0;2;5;2;1
202000034099;154 682 501;7;0;2;1;2;1
202000034100;154 682 499;7;0;1;1;15;1
202000034101;154 682 497;7;0;2;2;17;1
202000034101;154 682 498;1;0;2;4;0;5
202000034102;154 682 495;2;0;2;5;1;1
202000034102;154 682 496;7;0;2;3;9;1
202000034103;154 682 494;7;0;1;0;0;0
202000034104;154 682 492;7;0;2;2;0;1
202000034104;154 682 493;80;0;2;1;2;3
202000034105;154 682 491;1;0;0;0;1;5
202000034106;154 682 489;60;0;2;1;1;5
202000034106;154 682 490;10;0;2;7;1;1
202000034107;154 682 487;7;0;2;1;1;1
202000034107;154 682 488;7;0;9;4;1;1
202000034108;154 682 485;7;0;2;8;20;1
202000034108;154 682 486;33;0;2;1;1;1
202000034109;154 682 483;33;0;2;0;1;0
202000034109;154 682 484;7;0;2;7;15;1
202000034110;154 682 482;10;8;0;1;13;1
202000034111;154 682 480;1;0;2;1;0;5
202000034111;154 682 481;1;0;2;1;0;5
202000034112;154 682 478;32;0;2;7;1;1
202000034112;154 682 479;33;0;2;1;19;1
202000034113;154 682 476;7;15;2;3;1;1
202000034113;154 682 477;7;0;2;3;5;0
202000034114;154 682 474;7;0;0;0;0;1
202000034114;154 682 475;7;0;0;1;9;1
202000034115;154 682 472;7;0;2;1;1;1
202000034115;154 682 473;33;0;2;7;9;1
202000034116;154 682 470;7;0;2;2;1;0
202000034116;154 682 471;7;0;2;3;9;0
202000034117;154 682 468;7;0;2;2;1;1
202000034117;154 682 469;7;0;2;6;10;1
202000034118;154 682 466;7;0;2;1;1;1
202000034118;154 682 467;33;0;2;1;1;1
202000034119;154 682 464;7;0;2;1;15;0
202000034119;154 682 465;1;0;2;7;1;6
202000034120;154 682 462;7;0;2;4;4;1
202000034120;154 682 463;7;0;2;3;15;1
202000034121;154 682 460;7;0;2;2;19;1
202000034121;154 682 461;33;0;2;1;1;1
202000034122;154 682 458;33;0;2;2;17;1
202000034122;154 682 459;7;0;2;8;15;1
202000034123;154 682 456;7;0;2;1;1;1
202000034123;154 682 457;7;0;2;8;1;1
202000034124;154 682 454;7;0;2;5;17;1
202000034124;154 682 455;7;0;2;3;17;1
202000034125;154 682 452;1;0;2;8;1;5
202000034125;154 682 453;7;0;2;1;9;1
202000034126;154 682 450;7;0;2;2;1;1
202000034126;154 682 451;33;0;2;3;16;1
202000034127;154 682 448;7;0;2;1;1;1
202000034127;154 682 449;7;0;2;7;15;1
202000034128;154 682 446;7;0;2;3;1;1
202000034128;154 682 447;7;0;2;3;1;1
202000034129;154 682 444;1;1;0;1;1;0
202000034129;154 682 445;7;0;0;8;22;1
202000034130;154 682 443;7;0;1;1;1;1
202000034131;154 682 441;30;0;2;1;1;1
202000034131;154 682 442;7;0;2;4;2;0
202000034132;154 682 439;60;0;2;3;19;5
202000034132;154 682 440;7;0;9;3;15;1
202000034133;154 682 437;1;0;2;8;19;0
202000034133;154 682 438;7;0;2;2;1;0
202000034134;154 682 435;32;0;2;1;0;1
202000034134;154 682 436;1;0;2;8;0;5
202000034135;154 682 433;30;0;2;8;17;1
202000034135;154 682 434;10;0;2;0;0;1
202000034136;154 682 431;7;0;9;5;16;1
202000034136;154 682 432;1;0;0;0;0;5
202000034137;154 682 429;32;0;2;1;1;0
202000034137;154 682 430;7;0;2;1;26;1
202000034138;154 682 427;7;0;2;5;2;1
202000034138;154 682 428;7;0;2;1;2;1
202000034139;154 682 425;1;0;2;1;1;5
202000034139;154 682 426;7;0;9;8;9;1
202000034140;154 682 423;2;14;2;2;2;1
202000034140;154 682 424;7;0;2;6;2;0
202000034141;154 682 422;7;0;1;1;1;1
202000034142;154 682 421;30;0;1;1;1;1
202000034143;154 682 420;31;0;0;0;1;1
202000034144;154 682 418;7;0;2;5;15;1
202000034144;154 682 419;33;0;2;1;1;1
202000034145;154 682 417;37;0;0;0;26;1
202000034146;154 682 415;10;0;2;1;1;1
202000034146;154 682 416;10;0;2;4;1;1
202000034147;154 682 413;7;0;2;3;9;0
202000034147;154 682 414;30;0;2;1;9;1
202000034148;154 682 411;33;0;2;8;2;1
202000034148;154 682 412;7;0;2;2;15;1
202000034149;154 682 410;1;0;0;1;26;5
202000034150;154 682 408;7;0;2;3;13;1
202000034150;154 682 409;7;0;2;3;1;1
202000034151;154 682 406;1;0;2;1;15;5
202000034151;154 682 407;7;0;9;2;1;1
202000034152;154 682 404;2;0;2;1;5;1
202000034152;154 682 405;7;0;2;2;1;1
202000034153;154 682 403;7;0;1;2;26;1
202000034154;154 682 401;99;0;0;4;1;1
202000034154;154 682 402;7;1;2;1;2;1
202000034155;154 682 400;7;2;0;2;19;1
202000034156;154 682 398;7;0;2;4;23;1
202000034156;154 682 399;7;0;2;1;2;1
202000034157;154 682 397;30;12;0;7;26;1
202000034158;154 682 396;7;13;0;2;1;1
202000034159;154 682 394;7;0;2;0;1;1
202000034159;154 682 395;10;0;2;0;1;1
202000034160;154 682 392;7;0;2;1;1;1
202000034160;154 682 393;7;0;2;1;13;1
202000034161;154 682 391;7;0;1;1;1;1
202000034162;154 682 389;2;0;2;1;1;1
202000034162;154 682 390;7;0;2;4;15;1
202000034163;154 682 387;7;0;2;4;2;1
202000034163;154 682 388;7;0;2;1;2;1
202000034164;154 682 385;7;0;2;5;15;1
202000034164;154 682 386;33;0;2;1;2;1
202000034165;154 682 383;2;0;9;1;0;1
202000034165;154 682 384;7;0;2;1;26;1
202000034166;154 682 382;3;0;1;3;15;1
202000034167;154 682 380;33;0;0;3;1;1
202000034167;154 682 381;7;0;0;0;0;0
202000034168;154 682 377;10;0;2;5;15;1
202000034168;154 682 378;32;0;2;1;14;1
202000034168;154 682 379;32;0;2;1;14;1
202000034169;154 682 376;7;0;1;1;11;1
202000034170;154 682 375;34;0;1;0;26;1
202000034171;154 682 373;7;14;2;6;15;1
202000034171;154 682 374;31;14;2;7;17;1
202000034172;154 682 371;7;0;2;5;15;1
202000034172;154 682 372;10;0;2;1;2;1
202000034173;154 682 370;30;0;1;8;26;1
202000034174;154 682 369;7;2;0;1;1;1
202000034175;154 682 368;33;0;0;0;15;1
202000034176;154 682 366;7;0;2;3;13;1
202000034176;154 682 367;7;0;2;2;17;1
202000034177;154 682 364;7;0;2;2;16;1
202000034177;154 682 365;30;8;2;3;18;1
202000034178;154 682 362;10;0;2;1;13;1
202000034178;154 682 363;7;0;2;3;1;2
202000034179;154 682 360;34;0;2;4;9;1
202000034179;154 682 361;7;0;2;1;1;1
202000034180;154 682 359;32;0;1;1;1;1
202000034181;154 682 357;80;0;2;0;0;3
202000034181;154 682 358;7;0;2;2;0;0
202000034182;154 682 355;7;0;2;4;2;1
202000034182;154 682 356;33;0;2;1;1;1
202000034183;154 682 353;7;0;0;0;0;0
202000034183;154 682 354;30;0;2;3;9;1
202000034184;154 682 352;7;6;1;1;26;1
202000034185;154 682 350;99;0;2;3;1;1
202000034185;154 682 351;33;0;2;3;17;1
202000034186;154 682 348;10;0;2;4;1;1
202000034186;154 682 349;32;0;2;1;1;1
202000034187;154 682 347;32;4;0;2;21;1
202000034188;154 682 346;1;14;0;1;13;5
202000034189;154 682 344;1;0;2;3;1;5
202000034189;154 682 345;7;0;0;0;16;3
202000034190;154 682 343;2;0;1;0;1;0
202000034191;154 682 342;7;1;1;3;1;1
202000034192;154 682 341;80;0;1;1;25;3
202000034193;154 682 339;7;0;2;3;15;1
202000034193;154 682 340;31;0;2;2;17;1
202000034194;154 682 337;7;0;2;1;1;1
202000034194;154 682 338;7;0;2;1;1;1
202000034195;154 682 335;1;0;2;4;14;5
202000034195;154 682 336;1;0;2;1;1;5
202000034196;154 682 332;7;0;2;2;2;1
202000034196;154 682 333;30;0;2;4;2;1
202000034196;154 682 334;32;0;2;4;2;1
202000034197;154 682 330;7;0;2;6;11;1
202000034197;154 682 331;32;0;2;2;1;1
202000034198;154 682 329;7;8;0;1;14;1
202000034199;154 682 328;1;0;1;1;5;5
202000034200;154 682 326;7;0;2;7;17;3
202000034200;154 682 327;1;1;2;8;1;5
202000034201;154 682 325;7;0;1;2;1;1
202000034202;154 682 324;30;0;1;1;12;3
202000034203;154 682 322;1;0;2;1;1;5
202000034203;154 682 323;7;0;2;1;1;0
202000034204;154 682 320;50;0;2;1;5;3
202000034204;154 682 321;7;0;2;8;1;1
202000034205;154 682 318;7;0;2;1;0;1
202000034205;154 682 319;7;0;2;0;26;1
202000034206;154 682 317;30;0;1;1;1;3
202000034207;154 682 315;7;0;2;1;15;1
202000034207;154 682 316;7;0;2;1;1;1
202000034208;154 682 313;14;0;2;2;1;1
202000034208;154 682 314;7;0;2;1;1;1
202000034209;154 682 311;1;0;2;8;21;0
202000034209;154 682 312;7;0;9;5;1;3
202000034210;154 682 309;7;0;2;1;2;1
202000034210;154 682 310;31;0;2;4;2;1
202000034211;154 682 307;10;0;2;1;16;0
202000034211;154 682 308;10;0;2;3;26;1
202000034212;154 682 305;7;0;2;1;9;1
202000034212;154 682 306;37;0;2;3;1;1
202000034213;154 682 303;33;0;2;1;17;0
202000034213;154 682 304;10;0;2;6;11;0
202000034214;154 682 301;7;0;2;7;19;0
202000034214;154 682 302;7;0;2;1;1;0
202000034215;154 682 299;7;0;0;4;1;1
202000034215;154 682 300;7;0;2;1;1;1
202000034216;154 682 296;7;0;2;1;24;1
202000034216;154 682 297;31;1;2;2;17;1
202000034216;154 682 298;7;0;2;3;15;1
202000034217;154 682 294;7;0;2;8;1;1
202000034217;154 682 295;1;0;2;3;1;5
202000034218;154 682 293;7;0;1;3;16;0
202000034219;154 682 291;33;0;2;1;1;0
202000034219;154 682 292;7;0;2;3;9;0
202000034220;154 682 289;7;0;2;3;15;1
202000034220;154 682 290;33;0;2;1;1;1
202000034221;154 682 287;7;0;2;3;15;1
202000034221;154 682 288;31;0;2;1;17;1
202000034222;154 682 286;30;0;1;0;26;0
202000034223;154 682 284;7;0;2;4;1;0
202000034223;154 682 285;7;0;2;1;1;0
202000034224;154 682 283;1;14;0;1;1;5
202000034225;154 682 280;7;0;2;7;1;1
202000034225;154 682 281;1;0;2;8;21;5
202000034225;154 682 282;7;0;0;0;0;1
202000034226;154 682 278;7;0;9;4;16;1
202000034226;154 682 279;1;0;2;1;1;5
202000034227;154 682 276;7;0;2;8;23;1
202000034227;154 682 277;1;0;2;1;1;5
202000034228;154 682 275;7;0;1;7;2;1
202000034229;154 682 273;10;0;2;8;15;1
202000034229;154 682 274;34;0;2;0;1;1
202000034230;154 682 272;10;0;1;4;26;1
202000034231;154 682 270;7;0;2;1;9;1
202000034231;154 682 271;1;0;2;1;15;5
202000034232;154 682 268;7;0;2;1;1;1
202000034232;154 682 269;7;0;2;7;13;1
202000034233;154 682 266;15;0;2;6;2;1
202000034233;154 682 267;7;0;2;2;12;1
202000034234;154 682 264;7;0;2;7;19;1
202000034234;154 682 265;7;0;2;1;1;1
202000034235;154 682 261;7;4;0;2;1;1
202000034236;154 682 259;7;0;0;6;2;1
202000034236;154 682 260;33;0;2;1;2;1
202000034237;154 682 256;7;0;2;8;1;0
202000034237;154 682 257;7;6;2;1;1;0
202000034237;154 682 258;7;0;2;1;15;0
202000034238;154 682 255;1;0;0;0;0;5
202000034239;154 682 253;7;0;2;5;1;0
202000034239;154 682 254;7;0;2;1;1;0
202000034240;154 682 252;2;0;1;2;1;1
202000034241;154 682 250;7;0;2;1;2;1
202000034241;154 682 251;7;0;0;4;2;1
202000034242;154 682 249;7;0;0;0;0;1
202000034243;154 682 247;7;0;2;3;2;1
202000034243;154 682 248;7;0;0;5;1;1
202000034244;154 682 244;7;0;2;3;1;1
202000034244;154 682 245;7;0;2;4;1;1
202000034244;154 682 246;33;0;2;1;2;1
202000034245;154 682 243;33;0;0;1;14;1
202000034246;154 682 242;33;0;0;0;2;1
202000034247;154 682 240;30;0;2;3;1;0
202000034247;154 682 241;7;0;2;1;15;0
202000034248;154 682 238;7;0;2;2;1;0
202000034248;154 682 239;1;0;0;4;2;5
202000034249;154 682 237;2;12;0;3;1;0
202000034250;154 682 234;7;0;2;3;15;1
202000034250;154 682 235;7;0;2;1;1;1
202000034251;154 682 233;33;12;0;7;1;1
202000034252;154 682 231;7;0;0;6;15;1
202000034252;154 682 232;7;0;2;2;2;1
202000034253;154 682 229;7;0;2;1;13;1
202000034253;154 682 230;7;0;2;1;1;1
202000034254;154 682 227;7;0;2;8;1;1
202000034254;154 682 228;31;0;2;1;1;1
202000034255;154 682 225;10;0;2;7;2;1
202000034255;154 682 226;1;0;2;8;1;5
202000034256;154 682 224;7;0;0;8;1;1
202000034257;154 682 222;7;0;2;2;1;1
202000034257;154 682 223;7;0;2;1;1;1
202000034258;154 682 221;7;13;0;1;1;1
202000034259;154 682 219;7;0;2;1;0;1
202000034259;154 682 220;7;0;2;1;0;1
202000034260;154 682 218;7;13;0;1;0;6
202000034261;154 682 217;7;2;0;8;13;1
202000034262;154 682 216;7;0;0;0;13;1
202000034263;154 682 215;33;0;0;0;1;1
202000034264;154 682 213;17;1;0;2;13;1
202000034264;154 682 214;7;0;0;4;23;1
202000034265;154 682 211;10;3;2;6;11;1
202000034265;154 682 212;7;0;2;2;1;1
202000034266;154 682 210;7;14;0;1;19;1
202000034267;154 682 208;10;0;2;1;2;1
202000034267;154 682 209;7;0;2;4;2;1
202000034268;154 682 206;10;0;2;1;1;1
202000034268;154 682 207;13;0;2;6;11;0
202000034269;154 682 205;7;3;0;1;1;1
202000034270;154 682 204;7;15;0;1;14;1
202000034271;154 682 202;7;0;2;3;15;1
202000034271;154 682 203;2;8;2;2;17;1
202000034272;154 682 200;7;0;2;2;19;0
202000034272;154 682 201;37;0;2;3;1;0
202000034273;154 682 198;7;0;2;2;15;1
202000034273;154 682 199;33;0;2;1;1;1
202000034274;154 682 196;7;0;2;2;2;1
202000034274;154 682 197;30;0;2;6;2;1
202000034275;154 682 195;7;0;1;4;26;1
202000034276;154 682 191;2;0;2;1;9;1
202000034276;154 682 192;7;0;2;2;1;1
202000034277;154 682 190;10;0;1;4;4;0
202000034278;154 682 188;7;0;2;1;1;1
202000034278;154 682 189;7;0;2;7;19;1
202000034279;154 682 186;7;9;2;7;19;1
202000034279;154 682 187;7;0;2;1;19;2
202000034280;154 682 184;7;0;2;1;2;1
202000034280;154 682 185;7;0;2;4;2;1
202000034281;154 682 183;7;0;1;1;1;1
202000034282;154 682 182;7;0;1;1;1;1
202000034283;154 682 180;7;0;2;7;1;1
202000034283;154 682 181;7;0;2;1;9;1
202000034284;154 682 178;7;0;2;7;17;1
202000034284;154 682 179;1;0;2;4;2;
202000034285;154 682 177;33;0;0;9;1;1
202000034286;154 682 176;7;13;0;1;14;1
202000034287;154 682 174;33;0;2;9;0;1
202000034287;154 682 175;7;0;2;5;15;3
202000034288;154 682 173;7;8;0;2;14;1
202000034289;154 682 171;10;0;2;2;1;1
202000034289;154 682 172;7;0;2;6;1;1
202000034290;154 682 170;7;0;1;1;26;1
202000034291;154 682 168;10;0;0;1;21;1
202000034291;154 682 169;7;0;0;0;13;1
202000034292;154 682 166;7;0;2;3;1;1
202000034292;154 682 167;80;0;2;1;1;3
202000034293;154 682 164;30;0;2;3;1;1
202000034293;154 682 165;7;0;2;2;1;1
202000034294;154 682 162;37;0;2;1;7;6
202000034294;154 682 163;30;0;2;7;1;1
202000034295;154 682 160;7;0;2;3;1;1
202000034295;154 682 161;7;0;2;2;15;1
202000034296;154 682 158;7;0;2;6;15;1
202000034296;154 682 159;2;0;2;2;17;1
202000034297;154 682 156;7;0;2;7;15;1
202000034297;154 682 157;7;0;2;1;1;1
202000034298;154 682 155;7;0;1;8;1;2
202000034299;154 682 154;7;1;0;0;26;1
202000034300;154 682 153;7;13;0;2;1;1
202000034301;154 682 152;33;2;0;1;1;1
202000034302;154 682 150;7;0;2;1;1;1
202000034302;154 682 151;7;0;2;4;1;1
202000034303;154 682 148;7;0;1;3;1;1
202000034304;154 682 147;7;0;1;5;1;1
202000034305;154 682 145;7;0;2;2;1;1
202000034305;154 682 146;1;0;2;1;26;5
202000034306;154 682 143;10;6;2;2;14;1
202000034306;154 682 144;17;0;2;6;1;1
202000034307;154 682 140;7;0;1;2;1;1
202000034308;154 682 139;21;0;0;0;1;1
202000034309;154 682 138;7;2;0;1;1;1
202000034310;154 682 137;7;0;1;1;1;6
202000034311;154 682 135;7;0;2;4;2;1
202000034311;154 682 136;15;0;2;1;2;1
202000034312;154 682 134;10;0;1;1;1;1
202000034313;154 682 132;10;0;2;3;1;6
202000034313;154 682 133;1;0;2;1;25;5
202000034314;154 682 130;31;0;2;4;2;1
202000034314;154 682 131;31;0;9;1;26;1
202000034315;154 682 128;7;0;2;1;15;1
202000034315;154 682 129;34;0;2;7;1;1
202000034316;154 682 126;33;0;2;1;1;1
202000034316;154 682 127;7;0;2;8;15;1
202000034317;154 682 125;10;0;1;2;1;1
202000034318;154 682 123;7;0;2;8;15;1
202000034318;154 682 124;2;0;2;1;1;1
202000034319;154 682 122;7;4;0;7;14;1
202000034320;154 682 121;7;0;1;2;1;0
202000034321;154 682 120;7;5;0;1;1;1
202000034322;154 682 118;2;0;2;7;17;1
202000034322;154 682 119;7;0;2;3;15;1
202000034323;154 682 116;21;0;2;1;15;1
202000034323;154 682 117;7;0;2;1;1;1
202000034324;154 682 114;7;0;2;1;1;1
202000034324;154 682 115;7;0;2;8;19;1
202000034325;154 682 113;2;0;1;7;0;1
202000034326;154 682 111;7;0;2;1;9;1
202000034326;154 682 112;7;0;2;3;9;1
202000034327;154 682 109;7;0;2;1;1;1
202000034327;154 682 110;1;0;2;1;1;5
202000034328;154 682 108;30;0;0;1;1;1
202000034329;154 682 107;7;2;0;1;0;1
202000034330;154 682 105;7;0;2;1;15;1
202000034330;154 682 106;7;0;2;3;1;1
202000034331;154 682 103;7;0;2;1;1;1
202000034331;154 682 104;7;0;2;1;1;1
202000034332;154 682 101;7;0;2;4;4;1
202000034332;154 682 102;1;0;2;8;15;5
202000034333;154 682 099;31;0;2;3;9;1
202000034333;154 682 100;1;0;2;1;9;5
202000034334;154 682 097;33;0;2;1;17;1
202000034334;154 682 098;7;0;2;2;17;1
202000034335;154 682 095;7;0;2;3;11;1
202000034335;154 682 096;7;0;2;2;1;1
202000034336;154 682 093;1;0;2;1;1;5
202000034336;154 682 094;7;0;2;3;9;1
202000034337;154 682 090;7;8;0;0;1;1
202000034338;154 682 088;1;0;2;0;0;5
202000034338;154 682 089;7;0;2;0;0;0
202000034339;154 682 087;7;3;0;3;13;1
202000034340;154 682 086;10;14;0;3;13;1
202000034341;154 682 084;7;0;2;3;9;1
202000034341;154 682 085;33;0;2;1;15;1
202000034342;154 682 082;33;0;2;1;1;1
202000034342;154 682 083;7;0;2;1;15;1
202000034343;154 682 080;7;0;2;8;20;1
202000034343;154 682 081;31;0;2;7;1;1
202000034344;154 682 078;7;0;2;2;9;1
202000034344;154 682 079;7;0;2;3;9;1
202000034345;154 682 076;7;0;2;7;1;1
202000034345;154 682 077;7;0;2;8;9;1
202000034346;154 682 074;7;0;2;1;2;1
202000034346;154 682 075;33;0;2;4;2;1
202000034347;154 682 073;40;0;1;2;26;3
202000034348;154 682 072;7;9;0;1;16;1
202000034349;154 682 070;7;0;2;1;1;1
202000034349;154 682 071;32;0;2;8;16;1
202000034350;154 682 068;2;0;2;7;1;1
202000034350;154 682 069;7;0;2;3;9;1
202000034351;154 682 066;7;0;2;1;1;1
202000034351;154 682 067;30;0;1;3;21;1
202000034352;154 682 065;2;1;0;1;13;1
202000034353;154 682 064;33;12;0;1;13;1
202000034354;154 682 063;7;0;1;1;1;0
202000034355;154 682 061;33;0;2;2;2;1
202000034355;154 682 062;7;0;2;3;15;1
202000034356;154 682 060;7;4;0;3;13;1
202000034357;154 682 058;20;0;2;3;1;1
202000034357;154 682 059;43;0;2;8;26;1
202000034358;154 682 056;2;0;2;7;1;1
202000034358;154 682 057;7;0;2;2;5;1
202000034359;154 682 054;7;0;2;4;16;1
202000034359;154 682 055;7;0;2;1;16;1
202000034360;154 682 052;32;0;2;1;26;6
202000034360;154 682 053;37;0;2;3;23;0
202000034361;154 682 050;7;1;2;1;1;1
202000034361;154 682 051;7;0;2;4;24;0
202000034362;154 682 049;3;15;0;3;0;0
202000034363;154 682 047;7;0;2;1;15;1
202000034363;154 682 048;7;0;2;3;1;1
202000034364;154 682 044;7;0;2;1;19;1
202000034364;154 682 045;7;16;2;1;1;1
202000034364;154 682 046;7;13;2;8;15;1
202000034365;154 682 043;7;6;0;2;1;1
202000034366;154 682 040;17;0;2;5;1;1
202000034366;154 682 041;1;0;2;8;25;5
202000034367;154 682 038;7;0;2;1;13;1
202000034367;154 682 039;10;0;2;1;1;1
202000034368;154 682 037;7;2;0;9;13;1
202000034369;154 682 036;33;8;0;2;1;1
202000034370;154 682 033;17;0;2;1;2;1
202000034370;154 682 034;17;3;0;4;23;1
202000034370;154 682 035;17;0;2;4;23;1
202000034371;154 682 032;14;13;0;9;1;1
202000034372;154 682 031;31;0;0;0;0;1
202000034373;154 682 029;7;0;2;3;2;1
202000034373;154 682 030;7;0;0;5;15;1
202000034374;154 682 026;7;0;2;4;1;1
202000034374;154 682 027;7;0;2;4;1;1
202000034374;154 682 028;17;0;2;3;1;1
202000034375;154 682 022;7;0;2;1;2;1
202000034375;154 682 023;7;0;2;4;2;1
202000034375;154 682 024;7;0;2;4;2;1
202000034375;154 682 025;7;0;2;4;2;1
202000034376;154 682 020;15;0;2;2;12;1
202000034376;154 682 021;7;0;2;6;1;1
202000034377;154 682 018;7;0;2;4;1;1
202000034377;154 682 019;33;0;2;1;12;1
202000034378;154 682 017;7;3;0;8;1;1
202000034379;154 682 016;32;0;0;7;21;1
202000034380;154 682 015;7;15;0;1;1;1
202000034381;154 682 014;38;0;1;3;15;1
202000034382;154 682 012;7;15;2;1;21;1
202000034382;154 682 013;7;0;2;5;2;1
202000034383;154 682 011;7;0;1;4;26;1
202000034384;154 682 009;7;0;0;0;11;1
202000034384;154 682 010;1;0;2;7;14;5
202000034385;154 682 007;32;0;2;4;2;1
202000034385;154 682 008;7;0;2;2;15;3
202000034386;154 682 006;7;0;1;4;4;1
202000034387;154 682 004;1;0;2;7;19;5
202000034387;154 682 005;7;0;2;0;0;1
202000034388;154 682 003;7;0;1;4;26;0
202000034389;154 682 001;31;8;2;3;18;1
202000034389;154 682 002;7;0;2;2;20;1
202000034390;154 681 999;10;0;0;4;26;6
202000034390;154 682 000;10;0;0;1;16;6
202000034391;154 681 997;2;0;2;1;0;0
202000034391;154 681 998;7;0;2;1;0;0
202000034392;154 681 995;7;0;2;1;2;1
202000034392;154 681 996;7;0;2;5;2;1
202000034393;154 681 994;7;0;1;0;0;1
202000034394;154 681 993;37;0;1;2;26;1
202000034395;154 681 992;33;12;0;1;9;1
202000034396;154 681 986;7;0;2;1;2;1
202000034396;154 681 987;7;0;2;4;2;1
202000034397;154 681 984;33;0;2;1;5;1
202000034397;154 681 985;7;0;2;1;1;1
202000034398;154 681 983;7;0;1;1;16;1
202000034399;154 681 981;31;0;2;2;17;1
202000034399;154 681 982;7;0;2;3;15;1
202000034400;154 681 980;7;12;0;2;14;1
202000034401;154 681 977;7;0;1;1;26;1
202000034402;154 681 976;1;14;0;0;0;5
202000034403;154 681 975;10;0;1;4;4;1
202000034404;154 681 973;7;0;2;3;10;1
202000034404;154 681 974;7;0;2;1;17;1
202000034405;154 681 971;10;0;2;2;15;1
202000034405;154 681 972;33;0;2;1;1;1
202000034406;154 681 969;14;0;0;2;16;1
202000034406;154 681 970;1;0;0;4;1;5
202000034407;154 681 968;7;0;1;1;1;1
202000034408;154 681 966;40;0;2;2;1;3
202000034408;154 681 967;7;0;4;1;15;1
202000034409;154 681 964;31;0;2;1;1;1
202000034409;154 681 965;7;0;2;2;1;1
202000034410;154 681 962;2;0;2;7;1;1
202000034410;154 681 963;7;0;2;8;9;1
202000034411;154 681 961;33;0;0;9;1;1
202000034412;154 681 959;1;1;0;1;1;5
202000034412;154 681 960;7;0;2;8;24;1
202000034413;154 681 958;7;8;0;1;14;1
202000034414;154 681 956;2;0;2;1;1;0
202000034414;154 681 957;7;0;2;3;10;1
202000034415;154 681 954;7;0;2;3;11;1
202000034415;154 681 955;2;0;2;7;1;0
202000034416;154 681 953;10;15;0;1;25;1
202000034417;154 681 952;7;13;0;1;1;1
202000034418;154 681 951;7;3;0;7;1;1
202000034419;154 681 950;7;8;0;1;13;1
202000034420;154 681 949;10;4;0;2;14;1
202000034421;154 681 948;7;0;1;1;1;1
202000034422;154 681 945;7;0;2;3;5;1
202000034422;154 681 946;7;0;2;2;26;1
202000034422;154 681 947;7;0;2;6;26;1
202000034423;154 681 944;7;6;0;1;1;1
202000034424;154 681 942;7;0;2;8;15;1
202000034424;154 681 943;7;0;2;1;1;1
202000034425;154 681 941;7;0;1;2;1;1
202000034426;154 681 940;7;0;1;3;1;1
202000034427;154 681 938;30;0;2;3;18;1
202000034427;154 681 939;7;0;2;2;16;1
202000034428;154 681 936;7;1;2;7;15;1
202000034428;154 681 937;7;1;2;3;1;3
202000034429;154 681 934;34;0;2;1;1;1
202000034429;154 681 935;7;0;2;3;15;1
202000034430;154 681 931;7;0;2;1;2;1
202000034430;154 681 932;7;0;2;4;2;1
202000034430;154 681 933;7;0;2;4;2;1
202000034431;154 681 929;1;0;2;1;1;6
202000034431;154 681 930;7;0;9;5;26;1
202000034432;154 681 927;7;0;2;4;2;1
202000034432;154 681 928;30;0;2;1;2;1
202000034433;154 681 926;31;8;0;1;16;1
202000034434;154 681 924;33;0;2;2;12;1
202000034434;154 681 925;10;0;2;1;10;1
202000034435;154 681 923;10;0;1;2;21;1
202000034436;154 681 921;33;9;4;8;19;1
202000034436;154 681 922;40;9;2;2;26;3
202000034437;154 681 920;30;0;1;7;1;1
202000034438;154 681 919;7;1;0;9;2;1
202000034439;154 681 917;7;0;2;8;9;1
202000034439;154 681 918;50;0;2;1;1;3
202000034440;154 681 915;7;0;2;2;15;1
202000034440;154 681 916;33;0;2;3;0;1
202000034441;154 681 914;7;0;1;2;1;1
202000034442;154 681 909;7;1;0;3;1;1
202000034442;154 681 910;7;0;0;7;23;1
202000034442;154 681 911;7;0;0;5;23;1
202000034443;154 681 907;7;1;0;5;10;1
202000034443;154 681 908;7;0;0;3;1;1
202000034444;154 681 906;7;6;0;1;16;1
202000034445;154 681 905;7;13;0;1;2;1
202000034446;154 681 903;7;0;2;3;15;1
202000034446;154 681 904;7;2;2;1;17;1