Num_Acc;id_vehicule;categorie_vehicule;obstacle_fixe;obstacle_mobile;point_choc_initial;manoeuvre_principale;motorisation
202000034447;154 681 900;14;0;2;3;1;1
202000034447;154 681 901;7;0;2;3;13;1
202000034447;154 681 902;7;13;2;1;2;1
202000034448;154 681 899;7;13;0;1;1;1
202000034449;154 681 897;7;0;2;1;1;1
202000034449;154 681 898;7;0;2;2;1;1
202000034450;154 681 895;7;0;2;3;1;1
202000034450;154 681 896;33;0;0;4;15;1
202000034451;154 681 894;7;2;0;3;1;1
202000034452;154 681 892;7;0;2;2;16;1
202000034452;154 681 893;1;0;0;4;26;5
202000034453;154 681 890;7;0;2;1;15;1
202000034453;154 681 891;7;0;2;1;1;1
202000034454;154 681 889;34;0;0;0;0;1
202000034455;154 681 887;7;13;0;3;0;1
202000034456;154 681 885;7;0;2;4;20;1
202000034456;154 681 886;7;0;0;4;2;1
202000034457;154 681 884;7;0;0;0;26;1
202000034458;154 681 880;7;0;2;4;2;1
202000034458;154 681 881;7;0;2;4;2;1
202000034458;154 681 882;7;0;2;1;2;1
202000034458;154 681 883;7;0;2;4;2;0
202000034459;154 681 879;33;7;0;1;2;1
202000034460;154 681 878;7;4;0;1;2;1
202000034461;154 681 876;7;14;2;6;1;1
202000034461;154 681 877;15;0;2;3;12;1
202000034462;154 681 874;7;0;2;5;12;1
202000034462;154 681 875;33;0;2;0;0;1
202000034463;154 681 872;17;0;2;4;2;1
202000034463;154 681 873;33;0;2;1;2;1
202000034464;154 681 871;7;14;0;1;14;1
202000034465;154 681 869;33;0;2;7;2;1
202000034465;154 681 870;10;0;2;8;11;1
202000034466;154 681 861;10;0;2;4;1;0
202000034466;154 681 862;10;0;2;4;1;0
202000034466;154 681 863;17;0;2;1;1;0
202000034466;154 681 864;7;0;2;4;1;0
202000034466;154 681 865;7;0;2;4;1;0
202000034466;154 681 866;7;0;2;4;1;0
202000034466;154 681 867;7;0;2;4;0;0
202000034466;154 681 868;7;0;2;4;1;0
202000034467;154 681 858;7;4;0;1;12;1
202000034467;154 681 859;7;4;0;9;1;1
202000034467;154 681 860;7;4;0;4;2;1
202000034468;154 681 857;7;3;0;1;14;1
202000034469;154 681 855;7;0;2;1;2;1
202000034469;154 681 856;7;0;2;4;2;2
202000034470;154 681 853;33;0;2;1;2;1
202000034470;154 681 854;34;0;2;4;2;1
202000034471;154 681 851;7;0;2;4;0;0
202000034471;154 681 852;7;0;2;1;0;0
202000034472;154 681 849;7;0;2;2;1;1
202000034472;154 681 850;7;0;2;6;1;1
202000034473;154 681 847;10;0;2;3;13;1
202000034473;154 681 848;7;0;2;5;1;1
202000034474;154 681 845;10;0;2;8;11;1
202000034474;154 681 846;33;0;2;1;3;1
202000034475;154 681 843;10;0;2;2;12;1
202000034475;154 681 844;33;0;2;9;3;1
202000034476;154 681 841;30;11;0;1;1;1
202000034477;154 681 840;7;1;1;2;1;1
202000034478;154 681 838;7;0;2;3;1;1
202000034478;154 681 839;7;0;2;3;26;1
202000034479;154 681 837;10;6;0;0;1;1
202000034480;154 681 836;7;1;1;3;13;1
202000034481;154 681 834;1;0;2;1;1;6
202000034481;154 681 835;7;0;2;3;15;6
202000034482;154 681 832;7;0;2;1;15;1
202000034482;154 681 833;33;8;2;4;16;1
202000034483;154 681 830;7;0;2;3;11;1
202000034483;154 681 831;7;0;2;2;1;1
202000034484;154 681 829;7;3;4;1;1;1
202000034485;154 681 827;7;0;2;1;1;3
202000034485;154 681 828;10;0;2;8;15;0
202000034486;154 681 825;10;0;2;2;2;1
202000034486;154 681 826;99;0;0;0;0;0
202000034487;154 681 822;7;0;2;1;13;1
202000034487;154 681 823;7;0;2;1;1;1
202000034487;154 681 824;7;0;2;1;1;1
202000034488;154 681 820;2;0;2;1;1;1
202000034488;154 681 821;7;0;2;4;23;1
202000034489;154 681 818;7;0;2;7;19;1
202000034489;154 681 819;33;0;2;1;1;1
202000034490;154 681 814;31;0;2;1;1;1
202000034490;154 681 815;10;0;2;2;26;1
202000034491;154 681 813;10;0;1;6;1;1
202000034492;154 681 811;7;0;2;5;12;1
202000034492;154 681 812;2;0;2;1;1;1
202000034493;154 681 810;20;0;1;5;1;1
202000034494;154 681 808;2;0;2;4;2;1
202000034494;154 681 809;7;0;2;1;2;1
202000034495;154 681 805;7;0;2;2;1;1
202000034495;154 681 806;1;0;2;7;15;5
202000034495;154 681 807;1;0;2;2;15;5
202000034496;154 681 804;30;0;0;0;1;1
202000034497;154 681 802;7;0;2;1;2;1
202000034497;154 681 803;7;0;2;4;2;1
202000034498;154 681 800;7;0;2;1;2;1
202000034498;154 681 801;7;0;2;4;2;1
202000034499;154 681 798;1;0;2;2;1;
202000034499;154 681 799;7;0;2;3;20;1
202000034500;154 681 796;7;0;2;3;1;1
202000034500;154 681 797;2;0;2;1;17;1
202000034501;154 681 794;1;0;2;1;1;0
202000034501;154 681 795;7;0;2;1;15;1
202000034502;154 681 792;7;8;2;1;1;1
202000034502;154 681 793;7;0;2;4;1;0
202000034503;154 681 791;7;0;1;1;1;1
202000034504;154 681 789;7;0;2;1;0;1
202000034504;154 681 790;7;0;2;6;0;1
202000034505;154 681 787;7;0;2;9;1;1
202000034505;154 681 788;7;0;2;3;2;1
202000034506;154 681 785;10;0;1;0;23;1
202000034506;154 681 786;7;0;1;2;19;1
202000034507;154 681 784;37;0;1;2;1;1
202000034508;154 681 782;7;0;2;2;1;1
202000034508;154 681 783;7;0;2;3;9;1
202000034509;154 681 780;33;0;2;1;1;1
202000034509;154 681 781;7;0;2;2;15;1
202000034510;154 681 778;32;0;2;8;2;1
202000034510;154 681 779;10;0;2;0;17;1
202000034511;154 681 777;10;0;1;1;15;1
202000034512;154 681 776;7;15;0;1;1;1
202000034513;154 681 774;7;0;2;7;16;1
202000034513;154 681 775;1;0;2;1;1;5
202000034514;154 681 772;7;0;2;1;1;0
202000034514;154 681 773;7;0;2;1;13;0
202000034515;154 681 771;7;0;1;1;0;0
202000034516;154 681 769;7;0;2;1;2;1
202000034516;154 681 770;1;0;2;7;19;5
202000034517;154 681 767;17;0;2;2;1;1
202000034517;154 681 768;7;0;2;6;16;1
202000034518;154 681 765;32;0;2;1;2;0
202000034518;154 681 766;7;0;2;4;1;0
202000034519;154 681 763;31;0;2;1;1;1
202000034519;154 681 764;7;0;2;3;15;1
202000034520;154 681 761;34;0;2;1;1;0
202000034520;154 681 762;7;0;2;2;15;1
202000034521;154 681 760;7;12;0;2;1;1
202000034522;154 681 758;7;0;2;1;2;1
202000034522;154 681 759;7;0;2;4;2;1
202000034523;154 681 756;33;0;2;1;1;1
202000034523;154 681 757;7;0;2;1;19;1
202000034524;154 681 754;7;0;2;7;14;1
202000034524;154 681 755;33;0;2;3;1;1
202000034525;154 681 752;30;0;2;1;1;1
202000034525;154 681 753;7;0;2;3;15;1
202000034526;154 681 750;2;0;2;7;1;6
202000034526;154 681 751;7;0;2;8;15;1
202000034527;154 681 748;7;0;2;6;11;1
202000034527;154 681 749;33;0;2;2;3;1
202000034528;154 681 746;31;0;2;3;3;1
202000034528;154 681 747;7;0;2;2;12;1
202000034529;154 681 744;7;0;2;8;1;1
202000034529;154 681 745;7;0;2;3;1;1
202000034530;154 681 742;7;0;2;4;2;1
202000034530;154 681 743;10;0;2;1;2;1
202000034531;154 681 740;1;0;2;1;1;5
202000034531;154 681 741;7;0;2;4;16;1
202000034532;154 681 738;7;0;2;5;23;2
202000034532;154 681 739;32;0;2;1;2;1
202000034533;154 681 736;1;0;2;3;1;5
202000034533;154 681 737;7;0;2;2;22;1
202000034534;154 681 734;33;0;2;5;16;1
202000034534;154 681 735;10;0;2;1;1;1
202000034535;154 681 732;34;0;2;1;1;1
202000034535;154 681 733;7;0;2;3;15;1
202000034536;154 681 730;1;0;2;3;16;5
202000034536;154 681 731;7;0;2;1;18;0
202000034537;154 681 729;1;0;1;1;1;5
202000034538;154 681 727;7;0;2;3;10;1
202000034538;154 681 728;32;0;2;7;1;1
202000034539;154 681 725;7;0;2;8;16;1
202000034539;154 681 726;31;0;2;1;1;1
202000034540;154 681 723;34;0;2;8;1;1
202000034540;154 681 724;10;0;2;2;9;1
202000034541;154 681 721;1;0;2;1;1;5
202000034541;154 681 722;7;0;2;8;22;1
202000034542;154 681 719;1;0;2;1;1;0
202000034542;154 681 720;7;0;2;6;16;1
202000034543;154 681 717;30;0;2;3;18;1
202000034543;154 681 718;7;0;2;2;16;1
202000034544;154 681 716;80;0;0;0;1;3
202000034545;154 681 715;1;0;0;0;23;5
202000034546;154 681 714;7;0;1;1;16;1
202000034547;154 681 712;32;0;0;4;1;1
202000034547;154 681 713;7;0;2;1;1;1
202000034548;154 681 710;50;0;2;1;9;3
202000034548;154 681 711;7;0;9;2;1;1
202000034549;154 681 708;30;0;2;3;1;1
202000034549;154 681 709;10;0;2;2;16;1
202000034550;154 681 706;1;6;9;3;1;5
202000034550;154 681 707;1;6;9;3;1;5
202000034551;154 681 704;7;0;2;4;23;1
202000034551;154 681 705;7;0;2;1;26;1
202000034552;154 681 702;7;8;0;2;26;1
202000034552;154 681 703;7;14;0;5;1;1
202000034553;154 681 700;7;0;2;2;1;0
202000034553;154 681 701;2;8;2;1;5;0
202000034554;154 681 698;1;0;2;1;2;5
202000034554;154 681 699;7;0;9;2;20;1
202000034555;154 681 696;7;0;2;1;2;0
202000034555;154 681 697;7;0;2;4;23;0
202000034556;154 681 694;1;0;2;1;1;5
202000034556;154 681 695;7;0;2;1;15;1
202000034557;154 681 692;10;0;2;7;15;1
202000034557;154 681 693;7;0;2;1;2;1
202000034558;154 681 690;7;0;2;2;15;1
202000034558;154 681 691;7;0;2;1;1;1
202000034559;154 681 688;10;0;0;6;2;1
202000034559;154 681 689;7;0;2;2;2;1
202000034560;154 681 687;1;0;0;0;1;5
202000034561;154 681 686;33;0;0;0;25;1
202000034562;154 681 684;7;0;2;1;1;0
202000034562;154 681 685;7;0;0;4;1;0
202000034563;154 681 683;33;0;6;2;1;1
202000034564;154 681 681;17;0;0;6;1;1
202000034564;154 681 682;10;0;2;1;1;1
202000034565;154 681 680;33;3;0;7;14;1
202000034566;154 681 677;33;15;0;1;0;1
202000034567;154 681 676;80;13;0;0;1;3
202000034568;154 681 675;31;12;0;8;21;6
202000034569;154 681 674;7;2;0;1;14;1
202000034570;154 681 672;7;0;2;1;19;1
202000034570;154 681 673;33;0;2;8;1;1
202000034571;154 681 670;21;0;0;1;23;1
202000034571;154 681 671;7;1;0;2;1;1
202000034572;154 681 669;33;11;0;1;17;1
202000034573;154 681 667;7;0;2;3;1;0
202000034573;154 681 668;33;0;2;1;13;0
202000034574;154 681 664;10;8;0;1;1;0
202000034575;154 681 663;7;2;0;1;1;1
202000034576;154 681 665;7;2;0;9;13;1
202000034577;154 681 658;7;0;2;5;15;1
202000034577;154 681 659;7;0;2;1;1;1
202000034578;154 681 657;3;0;1;0;4;1
202000034579;154 681 654;7;2;0;8;17;1
202000034580;154 681 655;7;0;2;3;13;1
202000034580;154 681 656;7;0;2;3;13;1
202000034581;154 681 653;33;13;0;1;1;1
202000034582;154 681 650;7;0;1;3;1;1
202000034583;154 681 651;1;0;2;8;1;5
202000034583;154 681 652;7;0;2;7;17;1
202000034584;154 681 647;7;13;0;3;17;1
202000034585;154 681 648;7;0;2;1;1;1
202000034585;154 681 649;7;0;2;8;1;1
202000034586;154 681 646;7;2;0;7;0;1
202000034587;154 681 642;17;3;0;8;1;1
202000034588;154 681 643;15;0;0;3;1;1
202000034588;154 681 644;7;0;2;3;1;1
202000034588;154 681 645;7;0;0;1;13;1
202000034589;154 681 640;7;0;0;9;1;0
202000034590;154 681 639;7;2;0;3;13;1
202000034591;154 681 641;7;0;0;9;1;1
202000034592;154 681 638;2;0;0;8;1;1
202000034593;154 681 637;7;15;0;9;2;1
202000034594;154 681 635;7;0;2;1;26;1
202000034594;154 681 636;33;0;0;6;1;1
202000034595;154 681 634;7;0;1;3;1;1
202000034596;154 681 632;7;0;0;0;17;0
202000034596;154 681 633;1;12;0;0;1;5
202000034597;154 681 631;31;3;0;7;2;1
202000034598;154 681 629;2;0;2;0;18;1
202000034598;154 681 630;7;0;2;7;14;1
202000034599;154 681 624;2;0;2;7;21;1
202000034599;154 681 625;7;0;2;3;10;1
202000034600;154 681 622;7;0;2;8;14;1
202000034600;154 681 623;2;0;2;8;13;1
202000034601;154 681 621;36;15;0;2;1;1
202000034602;154 681 626;17;0;2;8;1;1
202000034602;154 681 627;14;0;2;3;1;1
202000034602;154 681 628;7;0;2;1;17;1
202000034603;154 681 618;7;13;0;1;14;1
202000034604;154 681 619;15;0;2;0;17;1
202000034604;154 681 620;1;0;2;8;2;5
202000034605;154 681 616;10;0;9;2;2;1
202000034605;154 681 617;1;0;0;6;2;5
202000034606;154 681 615;7;15;0;2;1;1
202000034607;154 681 613;7;6;0;1;1;1
202000034608;154 681 611;7;0;2;8;21;1
202000034608;154 681 612;7;1;2;3;17;1
202000034609;154 681 610;7;2;0;3;26;1
202000034610;154 681 607;15;0;2;2;12;1
202000034610;154 681 608;10;4;2;6;1;1
202000034610;154 681 614;7;0;2;1;1;1
202000034611;154 681 606;7;0;1;2;1;1
202000034612;154 681 605;30;15;0;7;0;1
202000034613;154 681 604;7;3;0;3;1;1
202000034614;154 681 602;7;0;2;1;1;1
202000034614;154 681 603;7;0;2;1;13;1
202000034615;154 681 599;7;1;0;3;1;1
202000034615;154 681 600;17;0;0;5;24;1
202000034616;154 681 601;7;13;0;2;1;1
202000034617;154 681 596;7;13;0;3;1;1
202000034618;154 681 597;7;0;0;3;15;1
202000034618;154 681 598;1;0;0;1;21;5
202000034619;154 681 592;7;0;2;3;15;1
202000034619;154 681 593;2;0;2;1;17;1
202000034620;154 681 594;33;3;0;8;1;1
202000034621;154 681 589;7;4;0;5;0;1
202000034621;154 681 590;33;0;0;3;0;1
202000034622;154 681 586;7;0;2;3;1;1
202000034622;154 681 587;14;0;2;3;1;1
202000034623;154 681 588;7;0;2;1;13;1
202000034623;154 681 591;15;0;2;1;1;1
202000034624;154 681 585;1;3;0;1;1;5
202000034625;154 681 582;15;0;0;6;0;1
202000034625;154 681 583;7;3;0;1;0;1
202000034626;154 681 581;33;0;2;1;17;1
202000034626;154 681 584;7;0;2;8;15;1
202000034627;154 681 578;33;0;2;1;1;1
202000034627;154 681 579;7;0;2;2;15;1
202000034628;154 681 575;7;0;1;1;1;1
202000034629;154 681 576;7;0;2;3;1;1
202000034629;154 681 577;32;0;2;1;13;1
202000034630;154 681 574;7;6;0;2;13;1
202000034631;154 681 571;7;0;2;2;17;1
202000034631;154 681 572;2;0;2;6;1;1
202000034632;154 681 573;7;2;9;1;1;1
202000034633;154 681 567;7;0;1;1;1;1
202000034634;154 681 566;33;0;0;7;1;1
202000034635;154 681 565;10;3;0;1;16;1
202000034636;154 681 563;33;0;2;7;17;1
202000034636;154 681 564;7;0;2;8;17;1
202000034637;154 681 562;7;0;0;9;1;1
202000034638;154 681 560;1;0;2;1;1;6
202000034638;154 681 561;7;0;0;4;1;6
202000034639;154 681 558;7;0;2;3;10;1
202000034639;154 681 559;2;0;2;1;19;1
202000034640;154 681 557;99;0;0;7;1;6
202000034641;154 681 555;7;0;2;1;2;1
202000034641;154 681 556;7;0;2;4;1;1
202000034642;154 681 553;7;0;2;2;1;1
202000034642;154 681 554;2;0;2;1;1;1
202000034643;154 681 552;33;16;0;1;3;1
202000034644;154 681 551;33;6;0;1;16;1
202000034645;154 681 548;7;0;2;4;1;1
202000034645;154 681 549;32;0;2;4;1;1
202000034645;154 681 550;7;0;2;1;1;1
202000034646;154 681 544;7;0;2;4;2;1
202000034646;154 681 546;10;0;2;3;2;1
202000034646;154 681 547;15;0;2;4;2;1
202000034647;154 681 545;7;0;0;1;0;1
202000034648;154 681 543;7;4;0;1;1;1
202000034649;154 681 540;7;0;2;3;11;1
202000034649;154 681 542;2;0;0;7;17;1
202000034650;154 681 538;7;0;0;5;23;1
202000034650;154 681 539;7;0;2;1;2;1
202000034650;154 681 541;17;0;2;8;1;1
202000034651;154 681 537;33;0;0;8;1;1
202000034652;154 681 536;7;9;0;1;14;1
202000034653;154 681 532;7;0;2;1;2;1
202000034653;154 681 533;7;0;2;4;2;1
202000034653;154 681 535;7;0;2;4;2;1
202000034654;154 681 534;7;13;0;1;0;1
202000034655;154 681 530;7;4;2;6;11;1
202000034655;154 681 531;17;0;2;2;1;1
202000034656;154 681 526;7;0;2;4;2;1
202000034656;154 681 527;7;0;2;1;2;1
202000034657;154 681 528;7;0;2;2;16;1
202000034657;154 681 529;33;0;2;1;18;1
202000034658;154 681 524;7;0;2;4;2;1
202000034658;154 681 525;33;0;2;1;2;1
202000034659;154 681 523;33;0;0;8;1;1
202000034660;154 681 521;31;0;2;1;3;1
202000034660;154 681 522;10;0;2;4;11;1
202000034661;154 681 519;7;0;2;2;1;1
202000034661;154 681 520;34;0;2;3;1;1
202000034662;154 681 517;7;0;2;4;2;1
202000034662;154 681 518;7;0;2;1;2;1
202000034663;154 681 516;7;13;0;2;1;1
202000034664;154 681 514;30;0;2;4;2;1
202000034664;154 681 515;7;0;2;2;2;1
202000034665;154 681 513;7;0;1;1;1;0
202000034666;154 681 511;30;0;2;1;13;0
202000034666;154 681 512;99;0;2;3;15;1
202000034667;154 681 509;7;0;2;3;15;1
202000034667;154 681 510;2;0;2;1;1;1
202000034668;154 681 508;42;0;0;0;26;1
202000034669;154 681 506;7;1;0;0;0;1
202000034669;154 681 507;33;1;0;0;0;1
202000034670;154 681 504;7;0;2;2;1;1
202000034670;154 681 505;7;0;2;8;1;1
202000034671;154 681 503;7;1;0;2;1;1
202000034672;154 681 501;34;4;0;1;1;1
202000034673;154 681 500;33;0;2;8;0;1
202000034673;154 681 502;7;0;2;3;15;1
202000034674;154 681 499;7;13;0;1;2;1
202000034675;154 681 497;14;0;2;7;26;1
202000034675;154 681 498;30;0;2;8;1;1
202000034676;154 681 496;7;13;0;1;2;1
202000034677;154 681 494;60;0;2;8;1;5
202000034677;154 681 495;37;0;2;1;16;0
202000034678;154 681 493;10;0;1;4;4;1
202000034679;154 681 490;7;0;2;1;9;1
202000034679;154 681 492;33;0;2;1;1;1
202000034680;154 681 491;7;3;0;9;2;1
202000034681;154 681 485;7;0;2;1;1;0
202000034681;154 681 486;7;1;0;1;0;0
202000034681;154 681 487;7;0;2;1;0;0
202000034681;154 681 488;7;0;2;4;23;0
202000034681;154 681 489;7;0;2;1;1;0
202000034682;154 681 482;7;0;2;5;2;1
202000034682;154 681 483;33;0;2;1;2;1
202000034682;154 681 484;7;0;2;2;2;1
202000034683;154 681 481;10;11;0;0;1;1
202000034684;154 681 480;7;0;1;1;15;1
202000034685;154 681 475;33;0;2;1;1;1
202000034685;154 681 477;7;0;2;2;15;1
202000034686;154 681 473;7;0;2;1;26;1
202000034686;154 681 474;7;0;2;4;15;1
202000034687;154 681 476;10;0;2;4;2;1
202000034687;154 681 478;10;0;2;1;2;1
202000034687;154 681 479;7;0;2;4;2;1
202000034688;154 681 469;7;0;2;1;13;1
202000034688;154 681 471;37;0;2;1;1;1
202000034689;154 681 470;33;0;2;1;3;1
202000034689;154 681 472;7;0;2;3;11;1
202000034690;154 681 463;7;1;0;8;23;1
202000034690;154 681 465;7;1;0;1;1;1
202000034691;154 681 462;7;0;2;4;2;1
202000034691;154 681 464;10;0;2;3;2;0
202000034691;154 681 466;7;0;2;4;2;1
202000034692;154 681 461;7;0;1;1;10;1
202000034693;154 681 458;10;0;2;1;2;1
202000034693;154 681 459;7;0;2;9;2;1
202000034693;154 681 460;7;0;2;4;2;1
202000034694;154 681 456;1;0;2;1;1;5
202000034694;154 681 457;7;0;2;1;19;1
202000034695;154 681 453;31;0;2;3;1;1
202000034695;154 681 454;1;0;2;4;9;5
202000034696;154 681 451;7;0;2;5;1;1
202000034696;154 681 452;7;0;0;0;26;
202000034697;154 681 450;33;0;2;3;2;1
202000034697;154 681 455;10;0;2;2;14;1
202000034698;154 681 449;7;0;1;1;1;1
202000034699;154 681 448;7;0;1;0;1;1
202000034700;154 681 444;10;0;2;4;2;1
202000034700;154 681 446;7;0;2;4;2;1
202000034700;154 681 447;14;0;2;1;2;1
202000034701;154 681 443;31;0;2;1;26;1
202000034701;154 681 445;7;0;2;3;10;1
202000034702;154 681 439;34;0;2;1;1;1
202000034702;154 681 440;7;0;0;6;1;1
202000034703;154 681 441;17;0;2;7;12;1
202000034703;154 681 442;7;0;2;6;1;0
202000034704;154 681 437;99;0;2;1;1;3
202000034704;154 681 438;7;0;2;5;16;0
202000034705;154 681 433;7;0;2;1;2;1
202000034705;154 681 434;10;0;2;4;2;1
202000034705;154 681 435;7;0;2;4;2;1
202000034705;154 681 436;10;0;2;4;2;1
202000034706;154 681 432;7;8;0;1;13;1
202000034707;154 681 431;10;4;0;1;13;1
202000034708;154 681 430;7;0;1;2;2;1
202000034709;154 681 426;7;0;2;1;1;1
202000034709;154 681 427;7;0;2;4;1;1
202000034710;154 681 423;7;0;2;4;2;1
202000034710;154 681 424;7;0;0;4;2;1
202000034710;154 681 425;7;0;2;1;2;1
202000034711;154 681 422;7;15;0;2;15;1
202000034712;154 681 420;15;0;0;4;2;1
202000034712;154 681 421;7;0;2;1;2;1
202000034713;154 681 415;7;0;2;8;0;1
202000034713;154 681 417;7;0;2;1;0;1
202000034713;154 681 418;7;0;2;3;0;1
202000034714;154 681 416;7;0;2;2;1;1
202000034714;154 681 419;7;0;2;8;9;1
202000034715;154 681 413;1;0;2;1;1;5
202000034715;154 681 414;7;0;2;7;20;1
202000034716;154 681 410;7;0;2;3;1;1
202000034716;154 681 412;37;0;2;2;1;1
202000034717;154 681 411;10;8;2;2;14;1
202000034718;154 681 407;7;0;2;4;1;1
202000034718;154 681 409;34;0;2;1;9;1
202000034719;154 681 405;7;0;2;1;1;1
202000034719;154 681 408;7;0;2;1;15;1
202000034720;154 681 404;7;0;2;1;1;1
202000034720;154 681 406;10;0;2;8;15;1
202000034721;154 681 401;7;3;2;8;1;1
202000034721;154 681 402;17;0;2;2;12;1
202000034722;154 681 399;99;0;0;7;15;1
202000034723;154 681 400;33;0;2;2;1;1
202000034723;154 681 403;10;0;2;1;15;1
202000034724;154 681 396;7;13;2;4;9;1
202000034724;154 681 398;33;13;2;1;9;1
202000034725;154 681 395;7;0;2;3;1;1
202000034725;154 681 397;7;0;2;8;1;1
202000034726;154 681 393;1;0;2;1;5;0
202000034726;154 681 394;7;0;2;1;26;1
202000034727;154 681 391;33;0;2;1;1;1
202000034727;154 681 392;7;0;2;5;1;1
202000034728;154 681 389;37;0;1;1;1;1
202000034729;154 681 385;15;0;2;2;1;1
202000034729;154 681 386;15;0;2;8;24;1
202000034729;154 681 387;7;0;2;3;10;1
202000034730;154 681 388;7;0;2;4;23;1
202000034730;154 681 390;30;0;2;1;1;1
202000034731;154 681 379;7;0;2;3;11;1
202000034731;154 681 381;33;0;2;1;3;1
202000034731;154 681 382;7;0;2;5;1;1
202000034731;154 681 384;7;0;2;4;1;1
202000034732;154 681 380;10;0;2;3;1;1
202000034732;154 681 383;30;0;2;1;1;1
202000034733;154 681 378;7;0;1;2;1;1
202000034734;154 681 376;1;0;1;1;1;5
202000034735;154 681 375;7;0;2;4;23;0
202000034735;154 681 377;7;0;2;1;2;0
202000034736;154 681 374;7;0;1;3;15;1
202000034737;154 681 372;1;0;2;8;12;5
202000034737;154 681 373;7;0;2;7;16;1
202000034738;154 681 371;7;6;0;2;26;1
202000034739;154 681 369;10;0;2;1;1;1
202000034739;154 681 370;34;0;2;3;9;0
202000034740;154 681 367;7;1;2;7;1;0
202000034740;154 681 368;7;0;2;1;10;0
202000034741;154 681 366;10;0;1;2;1;1
202000034742;154 681 364;34;0;2;1;1;1
202000034742;154 681 365;7;0;2;2;15;0
202000034743;154 681 362;7;0;2;2;16;4
202000034743;154 681 363;30;0;2;3;1;1
202000034744;154 681 361;7;0;1;3;21;1
202000034745;154 681 360;33;0;0;1;26;0
202000034746;154 681 359;10;0;0;1;14;0
202000034747;154 681 357;37;0;2;1;1;2
202000034747;154 681 358;7;0;2;0;0;1
202000034748;154 681 355;7;0;2;4;1;1
202000034748;154 681 356;7;0;2;1;1;1
202000034749;154 681 354;30;0;0;0;1;1
202000034750;154 681 352;7;0;2;3;1;1
202000034750;154 681 353;10;0;2;2;15;1
202000034751;154 681 350;32;0;2;1;3;1
202000034751;154 681 351;7;0;2;4;1;1
202000034752;154 681 348;31;0;2;1;2;1
202000034752;154 681 349;7;0;2;6;2;1
202000034753;154 681 346;7;0;2;0;1;1
202000034753;154 681 347;43;0;2;6;17;1
202000034754;154 681 345;7;0;1;2;1;1
202000034755;154 681 344;10;8;1;4;4;0
202000034756;154 681 342;7;0;2;6;15;1
202000034756;154 681 343;30;0;2;1;17;1
202000034757;154 681 340;33;0;2;3;18;1
202000034757;154 681 341;13;0;2;5;1;1
202000034758;154 681 338;7;0;2;8;22;1
202000034758;154 681 339;1;0;2;1;1;5
202000034759;154 681 336;10;0;2;2;9;1
202000034759;154 681 337;33;0;2;1;1;1
202000034760;154 681 334;33;0;2;3;1;1
202000034760;154 681 335;7;0;2;5;14;1
202000034761;154 681 332;30;0;2;0;0;0
202000034761;154 681 333;1;0;2;4;19;5
202000034762;154 681 330;10;0;2;1;2;1
202000034762;154 681 331;10;0;2;4;23;1
202000034763;154 681 329;50;0;1;1;25;3
202000034764;154 681 328;7;0;1;4;4;3
202000034765;154 681 326;7;0;2;4;1;1
202000034765;154 681 327;7;0;2;1;1;1
202000034766;154 681 324;7;0;2;2;1;2
202000034766;154 681 325;7;0;2;3;9;1
202000034767;154 681 322;10;0;2;7;23;1
202000034767;154 681 323;32;0;2;8;18;1
202000034768;154 681 320;1;0;2;0;9;5
202000034768;154 681 321;31;0;2;1;1;1
202000034769;154 681 318;33;0;2;1;1;1
202000034769;154 681 319;7;0;2;1;5;1
202000034770;154 681 317;10;0;1;1;15;1
202000034771;154 681 315;7;0;2;0;26;1
202000034771;154 681 316;31;0;2;1;1;1
202000034772;154 681 313;7;0;2;4;1;1
202000034772;154 681 314;33;0;2;1;1;1
202000034773;154 681 312;7;0;1;1;1;0
202000034774;154 681 310;33;0;2;1;3;1
202000034774;154 681 311;7;0;0;3;23;1
202000034775;154 681 309;30;0;1;1;1;0
202000034776;154 681 307;10;0;2;3;15;0
202000034776;154 681 308;33;0;2;2;2;0
202000034777;154 681 305;7;0;2;3;13;1
202000034777;154 681 306;34;0;2;2;17;1
202000034778;154 681 304;60;9;9;0;26;5
202000034779;154 681 303;10;0;1;2;16;1
202000034780;154 681 302;7;0;1;1;26;0
202000034781;154 681 301;7;0;1;5;20;1
202000034782;154 681 300;7;0;1;1;15;0
202000034783;154 681 299;7;0;1;1;9;1
202000034784;154 681 298;7;0;1;1;2;1
202000034785;154 681 296;1;0;2;8;19;5
202000034785;154 681 297;10;0;2;8;15;1
202000034786;154 681 293;15;0;2;2;2;1
202000034786;154 681 294;7;0;2;4;2;1
202000034786;154 681 295;7;0;0;4;2;1
202000034787;154 681 291;7;0;9;3;1;1
202000034787;154 681 292;50;0;2;1;1;3
202000034788;154 681 289;7;0;2;8;15;1
202000034788;154 681 290;32;0;2;7;17;1
202000034789;154 681 288;15;0;1;1;1;0
202000034790;154 681 286;7;0;2;2;1;1
202000034790;154 681 287;1;0;2;8;19;5
202000034791;154 681 284;7;0;2;2;1;1
202000034791;154 681 285;2;0;2;7;19;1
202000034792;154 681 283;7;2;9;1;14;1