Num_Acc;id_vehicule;categorie_vehicule;obstacle_fixe;obstacle_mobile;point_choc_initial;manoeuvre_principale;motorisation
202000034793;154 681 281;7;0;2;1;1;1
202000034793;154 681 282;7;0;2;1;13;1
202000034794;154 681 279;7;0;2;1;1;1
202000034794;154 681 280;7;0;2;5;1;1
202000034795;154 681 277;7;0;2;3;1;1
202000034795;154 681 278;7;0;2;2;13;1
202000034796;154 681 276;7;0;0;9;1;1
202000034797;154 681 274;7;0;2;8;13;1
202000034797;154 681 275;7;0;2;3;1;1
202000034798;154 681 272;7;0;2;3;13;1
202000034798;154 681 273;10;0;2;3;1;1
202000034799;154 681 271;7;0;0;0;1;1
202000034800;154 681 270;7;0;1;2;16;0
202000034801;154 681 269;1;0;5;1;1;5
202000034802;154 681 267;7;0;2;1;1;1
202000034802;154 681 268;7;0;2;1;1;1
202000034803;154 681 265;7;0;2;1;1;1
202000034803;154 681 266;7;0;2;7;19;1
202000034804;154 681 262;7;0;2;3;13;1
202000034804;154 681 263;7;0;2;6;1;1
202000034804;154 681 264;7;0;2;3;1;1
202000034805;154 681 261;2;13;0;2;1;1
202000034806;154 681 260;33;0;0;1;14;1
202000034807;154 681 259;7;6;0;1;1;0
202000034808;154 681 258;7;0;1;1;1;1
202000034809;154 681 257;7;13;0;0;26;1
202000034810;154 681 255;2;0;2;1;1;1
202000034810;154 681 256;7;0;2;0;0;0
202000034811;154 681 253;2;0;2;1;2;1
202000034811;154 681 254;7;0;0;5;2;1
202000034812;154 681 251;7;0;2;2;15;1
202000034812;154 681 252;2;0;2;1;1;0
202000034813;154 681 248;10;0;2;1;2;1
202000034813;154 681 249;17;0;0;4;1;6
202000034813;154 681 250;15;0;0;0;1;1
202000034814;154 681 246;10;0;2;3;1;1
202000034814;154 681 247;7;0;2;1;1;1
202000034815;154 681 243;7;0;2;1;1;1
202000034815;154 681 244;7;0;2;1;1;1
202000034815;154 681 245;7;0;2;1;6;1
202000034816;154 681 241;7;0;2;1;0;1
202000034816;154 681 242;7;0;2;2;17;1
202000034817;154 681 239;14;0;2;8;1;1
202000034817;154 681 240;7;0;2;1;13;1
202000034818;154 681 238;7;0;1;3;1;1
202000034819;154 681 236;15;0;2;1;1;1
202000034819;154 681 237;7;0;2;1;1;1
202000034820;154 681 234;7;0;2;8;1;1
202000034820;154 681 235;7;0;2;2;15;1
202000034821;154 681 232;7;0;2;4;1;1
202000034821;154 681 233;7;0;2;1;9;1
202000034822;154 681 230;7;0;2;3;1;1
202000034822;154 681 231;7;0;2;4;2;1
202000034823;154 681 228;7;0;2;6;1;2
202000034823;154 681 229;34;0;2;1;2;1
202000034824;154 681 225;7;0;2;1;1;1
202000034824;154 681 226;7;0;2;1;1;1
202000034824;154 681 227;7;0;2;4;2;1
202000034825;154 681 223;7;0;2;4;2;1
202000034825;154 681 224;10;0;2;1;2;1
202000034826;154 681 221;34;0;2;1;0;1
202000034826;154 681 222;7;0;2;6;0;1
202000034827;154 681 216;10;0;2;1;2;1
202000034827;154 681 217;7;0;2;1;2;1
202000034827;154 681 218;7;0;2;1;2;1
202000034827;154 681 219;7;0;2;1;2;1
202000034827;154 681 220;7;0;2;4;9;1
202000034828;154 681 213;7;0;2;4;26;1
202000034828;154 681 214;7;0;2;1;26;1
202000034828;154 681 215;7;0;2;4;26;1
202000034829;154 681 208;7;0;2;4;2;1
202000034829;154 681 209;7;0;2;4;2;1
202000034829;154 681 210;7;0;2;1;2;0
202000034830;154 681 207;7;0;1;2;16;1
202000034831;154 681 206;7;0;1;4;4;1
202000034832;154 681 204;7;0;2;7;1;1
202000034832;154 681 205;7;0;2;1;1;1
202000034833;154 681 202;7;0;2;2;1;1
202000034833;154 681 203;7;6;2;9;7;1
202000034834;154 681 201;30;0;1;1;3;1
202000034835;154 681 200;50;0;0;2;1;3
202000034836;154 681 198;7;0;2;4;23;1
202000034836;154 681 199;30;0;2;1;2;1
202000034837;154 681 194;7;0;0;0;24;1
202000034837;154 681 195;7;0;2;6;13;1
202000034837;154 681 196;33;0;2;2;17;1
202000034837;154 681 197;7;0;2;1;21;1
202000034838;154 681 193;7;13;0;2;14;1
202000034839;154 681 191;7;0;2;4;1;1
202000034839;154 681 192;7;0;2;1;2;1
202000034840;154 681 189;33;0;2;3;21;1
202000034840;154 681 190;10;0;2;6;11;1
202000034841;154 681 187;7;15;2;7;1;1
202000034841;154 681 188;7;0;2;1;9;1
202000034842;154 681 186;7;0;1;1;1;1
202000034843;154 681 184;7;0;2;1;1;1
202000034843;154 681 185;7;0;2;1;13;1
202000034844;154 681 182;17;0;2;2;2;1
202000034844;154 681 183;17;0;0;0;0;1
202000034845;154 681 180;7;0;2;1;0;1
202000034845;154 681 181;7;0;2;3;0;1
202000034846;154 681 179;1;0;0;8;0;5
202000034847;154 681 177;10;0;2;1;2;1
202000034847;154 681 178;10;0;2;4;1;1
202000034848;154 681 176;7;0;1;1;1;1
202000034849;154 681 174;7;0;2;2;16;1
202000034849;154 681 175;1;0;2;1;5;5
202000034850;154 681 172;32;0;2;8;17;0
202000034850;154 681 173;7;0;2;8;15;1
202000034851;154 681 170;10;0;2;1;9;1
202000034851;154 681 171;33;0;2;7;0;1
202000034852;154 681 168;31;0;2;1;1;1
202000034852;154 681 169;7;0;2;3;9;1
202000034853;154 681 165;32;0;2;1;17;1
202000034853;154 681 166;7;0;2;6;1;1
202000034853;154 681 167;10;0;2;3;1;1
202000034854;154 681 163;7;0;2;0;15;1
202000034854;154 681 164;31;0;0;0;1;1
202000034855;154 681 162;50;14;0;1;1;3
202000034856;154 681 160;1;0;2;8;1;5
202000034856;154 681 161;7;0;2;3;9;1
202000034857;154 681 158;1;0;2;0;26;5
202000034857;154 681 159;7;0;2;0;0;0
202000034858;154 681 156;7;0;2;5;15;1
202000034858;154 681 157;7;0;2;1;1;1
202000034859;154 681 154;50;0;2;0;0;3
202000034859;154 681 155;7;0;2;0;15;1
202000034860;154 681 152;33;0;2;8;17;1
202000034860;154 681 153;7;0;2;1;1;1
202000034861;154 681 151;7;0;1;2;25;1
202000034862;154 681 149;31;0;2;1;17;1
202000034862;154 681 150;10;0;2;3;26;1
202000034863;154 681 148;30;0;1;2;1;1
202000034864;154 681 146;30;0;2;1;9;1
202000034864;154 681 147;32;0;2;2;1;1
202000034865;154 681 143;15;0;1;1;0;1
202000034866;154 681 141;7;1;0;1;26;0
202000034866;154 681 142;37;0;2;4;23;1
202000034867;154 681 140;10;1;0;1;1;1
202000034868;154 681 138;7;0;2;0;0;0
202000034868;154 681 139;7;0;2;0;0;1
202000034869;154 681 136;7;0;9;3;1;1
202000034869;154 681 137;50;0;2;7;1;3
202000034870;154 681 134;32;0;2;3;1;1
202000034870;154 681 135;7;0;2;5;17;0
202000034871;154 681 132;7;0;2;3;1;2
202000034871;154 681 133;7;0;2;1;13;1
202000034872;154 681 130;10;0;2;3;13;1
202000034872;154 681 131;10;0;2;0;0;1
202000034873;154 681 128;7;0;2;2;9;1
202000034873;154 681 129;7;0;2;1;1;1
202000034874;154 681 127;7;13;0;9;13;1
202000034875;154 681 126;7;14;1;7;1;0
202000034876;154 681 124;33;0;2;1;1;1
202000034876;154 681 125;7;0;2;7;15;1
202000034877;154 681 119;10;0;2;1;1;1
202000034877;154 681 120;15;0;2;1;1;1
202000034877;154 681 121;7;0;2;4;1;2
202000034877;154 681 122;10;0;2;4;23;1
202000034877;154 681 123;7;0;2;6;1;1
202000034878;154 681 118;50;0;1;7;1;3
202000034879;154 681 117;50;1;0;0;14;3
202000034880;154 681 115;10;0;2;1;15;1
202000034880;154 681 116;32;0;1;1;1;1
202000034881;154 681 112;7;0;2;4;23;1
202000034881;154 681 113;7;0;2;4;23;1
202000034881;154 681 114;7;0;2;1;1;1
202000034882;154 681 110;50;0;2;8;9;3
202000034882;154 681 111;7;0;2;1;1;2
202000034883;154 681 108;30;0;2;4;1;1
202000034883;154 681 109;7;0;2;1;2;1
202000034884;154 681 106;7;0;2;3;13;1
202000034884;154 681 107;1;0;2;1;1;5
202000034885;154 681 104;1;0;2;7;1;5
202000034885;154 681 105;7;0;2;8;22;1
202000034886;154 681 103;10;0;1;5;4;1
202000034887;154 681 102;7;0;1;2;1;1
202000034888;154 681 101;31;0;0;0;2;3
202000034889;154 681 099;1;0;2;6;19;5
202000034889;154 681 100;32;0;2;1;1;1
202000034890;154 681 098;32;0;1;3;1;1
202000034891;154 681 096;1;0;2;1;13;5
202000034891;154 681 097;50;0;2;1;1;3
202000034892;154 681 094;1;0;2;1;1;5
202000034892;154 681 095;1;0;2;2;23;5
202000034893;154 681 093;50;0;1;1;25;3
202000034894;154 681 091;1;0;2;0;1;5
202000034894;154 681 092;1;0;2;0;17;5
202000034895;154 681 089;7;0;2;2;15;1
202000034895;154 681 090;7;0;2;3;1;2
202000034896;154 681 087;30;0;2;1;1;3
202000034896;154 681 088;7;0;2;3;1;1
202000034897;154 681 086;32;0;0;0;21;1
202000034898;154 681 083;7;0;2;3;1;1
202000034898;154 681 084;10;0;2;1;1;1
202000034899;154 681 081;1;1;0;1;2;0
202000034899;154 681 082;10;0;2;3;24;1
202000034900;154 681 080;10;0;1;7;26;0
202000034901;154 681 079;7;0;1;6;4;0
202000034902;154 681 078;32;0;9;8;21;0
202000034903;154 681 076;7;0;2;3;1;1
202000034903;154 681 077;60;0;2;0;19;5
202000034904;154 681 075;1;14;0;1;1;5
202000034905;154 681 074;7;1;0;0;0;1
202000034906;154 681 072;7;0;2;1;2;1
202000034906;154 681 073;31;0;2;4;2;1
202000034907;154 681 071;7;0;1;1;16;1
202000034908;154 681 067;7;0;0;4;23;1
202000034908;154 681 068;7;0;2;4;2;1
202000034908;154 681 069;7;0;2;4;2;1
202000034908;154 681 070;7;0;2;1;2;1
202000034909;154 681 065;31;0;2;4;23;1
202000034909;154 681 066;7;0;2;1;1;1
202000034910;154 681 063;7;0;2;3;1;1
202000034910;154 681 064;7;0;2;5;1;1
202000034911;154 681 061;7;0;2;4;23;1
202000034911;154 681 062;7;0;2;1;1;1
202000034912;154 681 057;7;0;2;1;9;0
202000034912;154 681 058;7;0;0;1;0;1
202000034912;154 681 059;7;0;0;3;0;1
202000034912;154 681 060;7;0;2;7;1;1
202000034913;154 681 055;7;0;2;7;12;1
202000034913;154 681 056;32;0;2;1;0;1
202000034914;154 681 054;7;9;0;3;16;1
202000034915;154 681 052;33;0;2;7;1;1
202000034915;154 681 053;10;0;2;8;11;1
202000034916;154 681 050;32;0;2;1;1;1
202000034916;154 681 051;2;0;2;8;19;1
202000034917;154 681 048;1;1;2;8;21;5
202000034917;154 681 049;10;0;0;0;0;0
202000034918;154 681 046;7;0;2;2;15;1
202000034918;154 681 047;10;0;2;1;1;1
202000034919;154 681 045;7;2;0;3;1;0
202000034920;154 681 042;7;3;0;0;1;1
202000034920;154 681 043;7;3;0;0;1;1
202000034920;154 681 044;7;14;0;1;1;1
202000034921;154 681 040;7;0;2;2;14;1
202000034921;154 681 041;7;0;0;6;1;1
202000034922;154 681 038;7;0;2;3;5;1
202000034922;154 681 039;7;0;2;3;1;1
202000034923;154 681 037;33;13;0;1;1;1
202000034924;154 681 036;36;15;0;1;1;1
202000034925;154 681 034;33;0;0;4;2;1
202000034925;154 681 035;10;0;2;3;2;1
202000034926;154 681 032;7;0;2;1;1;1
202000034926;154 681 033;7;0;2;1;13;1
202000034927;154 681 030;10;0;0;1;1;1
202000034927;154 681 031;7;0;0;3;1;1
202000034928;154 681 027;7;0;2;3;1;1
202000034928;154 681 028;7;0;2;8;1;1
202000034928;154 681 029;10;0;2;3;13;1
202000034929;154 681 025;15;13;0;3;1;1
202000034929;154 681 026;7;14;0;3;1;1
202000034930;154 681 024;33;0;0;0;2;1
202000034931;154 681 022;1;0;2;1;16;5
202000034931;154 681 023;7;0;9;2;1;1
202000034932;154 681 021;7;0;1;2;14;1
202000034933;154 681 019;7;0;2;1;1;0
202000034933;154 681 020;7;0;0;4;15;0
202000034934;154 681 018;2;0;0;0;14;1
202000034935;154 681 016;33;0;2;1;1;1
202000034935;154 681 017;7;0;2;7;15;1
202000034936;154 681 015;33;13;0;0;1;1
202000034937;154 681 013;2;0;2;1;0;1
202000034937;154 681 014;7;0;2;1;5;1
202000034938;154 681 012;7;13;0;1;0;1
202000034939;154 681 011;7;2;0;1;1;1
202000034940;154 681 009;7;0;2;8;15;1
202000034940;154 681 010;33;0;2;1;1;1
202000034941;154 681 008;7;2;0;1;1;1
202000034942;154 681 006;1;0;2;1;1;5
202000034942;154 681 007;7;0;2;3;15;1
202000034943;154 681 004;80;0;9;4;1;3
202000034943;154 681 005;7;0;9;2;1;6
202000034944;154 681 003;7;2;0;2;14;1
202000034945;154 681 001;7;0;2;0;17;1
202000034945;154 681 002;1;0;2;8;15;5
202000034946;154 680 999;7;0;2;3;1;1
202000034946;154 681 000;7;0;2;3;1;1
202000034947;154 680 998;7;2;0;2;13;1
202000034948;154 680 996;7;0;2;1;21;1
202000034948;154 680 997;7;0;2;1;13;1
202000034949;154 680 995;7;0;1;1;1;1
202000034950;154 680 994;7;0;1;1;2;1
202000034951;154 680 992;7;0;2;1;13;1
202000034951;154 680 993;37;12;2;3;14;6
202000034952;154 680 990;33;0;6;1;1;1
202000034953;154 680 988;31;0;2;4;15;1
202000034953;154 680 989;33;0;2;1;15;1
202000034954;154 680 987;7;13;0;9;0;1
202000034955;154 680 986;7;0;0;2;1;1
202000034956;154 680 985;7;8;0;2;1;1
202000034957;154 680 984;7;2;0;3;14;1
202000034958;154 680 981;7;0;2;2;1;1
202000034958;154 680 983;7;13;2;1;13;1
202000034959;154 680 980;15;0;2;1;15;1
202000034959;154 680 982;7;0;2;4;23;6
202000034960;154 680 979;33;0;0;7;1;1
202000034961;154 680 976;31;0;2;8;15;1
202000034961;154 680 977;7;8;2;2;1;1
202000034962;154 680 975;10;0;2;1;1;1
202000034962;154 680 978;7;0;2;3;9;1
202000034963;154 680 973;15;0;0;4;1;1
202000034963;154 680 974;10;0;2;1;2;1
202000034964;154 680 971;7;0;2;1;1;1
202000034964;154 680 972;30;0;2;4;1;1
202000034965;154 680 969;7;0;2;5;11;1
202000034965;154 680 970;33;0;2;1;21;1
202000034966;154 680 967;33;0;2;1;17;1
202000034966;154 680 968;7;0;2;3;10;1
202000034967;154 680 966;7;4;0;3;17;1
202000034968;154 680 964;7;0;2;4;1;1
202000034968;154 680 965;30;0;2;1;1;1
202000034969;154 680 963;7;3;0;2;14;1
202000034970;154 680 960;7;0;2;2;15;1
202000034970;154 680 962;1;0;2;1;0;0
202000034971;154 680 959;15;0;0;6;2;1
202000034971;154 680 961;10;0;2;1;2;1
202000034972;154 680 957;1;0;0;0;0;5
202000034972;154 680 958;37;0;2;5;1;1
202000034973;154 680 954;7;0;2;1;2;1
202000034973;154 680 956;7;0;0;4;1;1
202000034974;154 680 953;33;0;2;1;2;1
202000034974;154 680 955;7;0;2;4;2;0
202000034975;154 680 951;7;0;2;3;13;0
202000034975;154 680 952;7;0;2;3;1;0
202000034976;154 680 949;7;0;2;5;11;1
202000034976;154 680 950;2;0;2;3;18;1
202000034977;154 680 947;33;0;2;1;1;1
202000034977;154 680 948;7;0;2;4;17;0
202000034978;154 680 946;7;13;0;1;14;1
202000034979;154 680 943;33;0;2;1;1;1
202000034979;154 680 945;7;0;2;3;15;1
202000034980;154 680 942;7;0;1;1;1;1
202000034981;154 680 939;33;6;0;7;1;1
202000034982;154 680 938;7;0;2;1;15;1
202000034982;154 680 940;7;0;2;7;1;1
202000034983;154 680 936;33;0;2;1;1;1
202000034983;154 680 937;7;0;2;3;1;1
202000034984;154 680 935;33;0;6;2;1;1
202000034985;154 680 934;7;0;1;1;18;1
202000034986;154 680 930;7;0;2;2;1;6
202000034986;154 680 932;7;0;2;5;1;6
202000034986;154 680 933;7;0;2;2;1;6
202000034987;154 680 929;7;0;2;1;1;1
202000034987;154 680 931;7;0;2;1;15;1
202000034988;154 680 928;33;13;0;9;14;1
202000034989;154 680 926;33;13;0;1;0;1
202000034990;154 680 925;7;0;2;3;26;1
202000034990;154 680 927;7;15;0;4;26;0
202000034991;154 680 924;7;8;0;8;1;1
202000034992;154 680 923;7;0;1;1;1;1
202000034993;154 680 919;1;0;2;1;1;0
202000034993;154 680 921;7;0;9;3;1;0
202000034994;154 680 920;33;0;2;8;1;1
202000034994;154 680 922;99;0;2;1;1;3
202000034995;154 680 916;10;0;2;2;13;1
202000034995;154 680 917;7;0;2;1;1;1
202000034996;154 680 915;2;0;2;7;1;1
202000034996;154 680 918;7;0;2;3;16;1
202000034997;154 680 912;31;11;0;0;17;1
202000034998;154 680 911;7;0;2;6;1;1
202000034998;154 680 913;7;0;2;2;12;1
202000034998;154 680 914;43;0;2;3;3;1
202000034999;154 680 910;7;4;0;1;14;1
202000035000;154 680 909;7;4;0;1;1;1
202000035001;154 680 908;7;4;0;1;14;1
202000035002;154 680 907;7;14;0;1;14;1
202000035003;154 680 904;7;0;2;2;16;1
202000035003;154 680 906;1;0;2;8;1;5
202000035004;154 680 902;7;0;2;6;2;1
202000035004;154 680 903;7;0;2;1;2;1
202000035004;154 680 905;7;0;2;4;2;1
202000035005;154 680 901;50;0;1;7;1;3
202000035006;154 680 896;7;0;2;4;0;1
202000035006;154 680 897;7;0;2;1;2;1
202000035006;154 680 899;7;0;2;4;0;1
202000035006;154 680 900;7;0;2;0;0;0
202000035007;154 680 898;30;0;0;0;21;2
202000035008;154 680 895;32;0;0;0;1;1
202000035009;154 680 894;32;0;0;0;1;1
202000035010;154 680 893;7;4;0;3;26;1
202000035011;154 680 890;7;0;2;3;9;1
202000035011;154 680 892;15;0;2;2;12;1
202000035012;154 680 891;30;0;1;0;1;1
202000035013;154 680 887;7;0;2;1;0;1
202000035013;154 680 889;7;0;2;4;26;1
202000035014;154 680 886;10;0;2;5;1;3
202000035014;154 680 888;1;0;2;3;1;5
202000035015;154 680 885;7;0;1;7;15;1
202000035016;154 680 883;7;0;2;1;1;1
202000035016;154 680 884;1;0;2;1;1;5
202000035017;154 680 881;7;0;1;1;15;1
202000035018;154 680 880;32;0;2;7;1;1
202000035018;154 680 882;7;0;2;0;23;3
202000035019;154 680 878;7;0;2;7;1;0
202000035019;154 680 879;7;0;2;1;0;0
202000035020;154 680 876;7;0;2;2;15;1
202000035020;154 680 877;1;0;2;1;1;5
202000035021;154 680 875;36;0;0;0;1;1
202000035022;154 680 872;10;0;2;2;22;1
202000035022;154 680 874;1;0;2;3;1;5
202000035023;154 680 870;1;0;2;1;10;5
202000035023;154 680 871;1;0;2;1;1;5
202000035024;154 680 869;7;0;2;1;2;1
202000035024;154 680 873;7;0;2;4;2;1
202000035025;154 680 867;7;0;2;7;1;1
202000035025;154 680 868;7;1;2;3;1;1
202000035026;154 680 865;30;0;2;1;17;1
202000035026;154 680 866;7;0;2;6;10;1
202000035027;154 680 861;7;0;2;3;10;1
202000035027;154 680 862;30;0;2;0;0;1
202000035028;154 680 863;7;0;2;8;1;1
202000035028;154 680 864;7;0;2;7;9;1
202000035029;154 680 859;7;0;2;3;15;1
202000035029;154 680 860;2;0;2;7;1;1
202000035030;154 680 857;7;0;2;1;26;1
202000035030;154 680 858;7;0;2;4;23;1
202000035031;154 680 854;7;0;1;1;26;1
202000035032;154 680 853;7;0;2;1;1;1
202000035032;154 680 855;7;1;2;1;1;1
202000035032;154 680 856;7;0;2;1;17;1
202000035033;154 680 851;7;0;2;3;9;1
202000035033;154 680 852;7;0;2;2;15;1
202000035034;154 680 849;33;6;2;1;18;1
202000035034;154 680 850;7;0;2;2;16;1
202000035035;154 680 847;7;0;9;3;23;1
202000035035;154 680 848;1;0;2;1;15;0
202000035036;154 680 846;1;14;0;1;1;5
202000035037;154 680 844;7;0;1;1;26;1
202000035038;154 680 841;10;0;9;6;1;1
202000035038;154 680 842;7;0;2;5;1;1
202000035038;154 680 843;7;0;2;3;26;1
202000035039;154 680 845;7;0;1;2;16;1
202000035040;154 680 839;7;0;2;4;1;1
202000035040;154 680 840;7;0;2;1;26;1
202000035041;154 680 838;43;14;9;2;26;1
202000035042;154 680 835;34;0;2;1;3;1
202000035042;154 680 837;7;0;2;7;1;1
202000035043;154 680 834;7;0;2;2;1;1
202000035043;154 680 836;30;0;2;1;1;1
202000035044;154 680 832;1;0;2;3;19;5
202000035044;154 680 833;7;0;2;2;1;1
202000035045;154 680 831;7;0;1;1;1;0
202000035046;154 680 828;7;0;2;4;0;1
202000035046;154 680 829;7;0;2;4;0;1
202000035046;154 680 830;7;0;2;1;0;1
202000035047;154 680 825;7;0;2;1;2;1
202000035047;154 680 826;7;0;2;1;16;1
202000035048;154 680 822;7;0;2;2;0;1
202000035048;154 680 823;32;0;2;8;1;1
202000035049;154 680 820;1;0;2;8;0;5
202000035049;154 680 821;17;0;2;5;16;1
202000035050;154 680 819;7;0;1;1;1;1
202000035051;154 680 818;7;0;1;2;1;0
202000035052;154 680 816;1;0;2;2;1;0
202000035052;154 680 817;10;0;2;3;3;1
202000035053;154 680 813;33;0;2;1;1;1
202000035053;154 680 814;3;0;2;6;15;1
202000035054;154 680 815;7;2;0;1;1;1
202000035055;154 680 811;3;3;0;0;0;3
202000035056;154 680 810;14;0;2;1;1;1
202000035056;154 680 812;7;0;2;7;1;1
202000035057;154 680 808;7;8;0;1;1;1
202000035058;154 680 806;7;0;2;1;1;1
202000035058;154 680 824;2;0;2;7;1;1
202000035059;154 680 807;33;0;2;1;0;1
202000035059;154 680 809;7;0;2;6;0;1
202000035060;154 680 802;7;0;2;3;20;1
202000035060;154 680 804;32;0;2;2;2;1
202000035061;154 680 799;7;0;2;1;2;1
202000035061;154 680 801;7;0;2;4;2;1
202000035061;154 680 805;7;0;2;4;2;1
202000035062;154 680 800;15;0;2;6;12;1
202000035062;154 680 803;7;0;2;6;1;1
202000035063;154 680 797;7;0;1;7;1;3
202000035064;154 680 795;7;0;2;2;9;0
202000035064;154 680 798;7;0;2;3;9;0
202000035065;154 680 794;7;0;2;1;2;1
202000035065;154 680 796;7;0;0;4;1;1
202000035066;154 680 791;17;0;1;1;21;1
202000035067;154 680 789;33;0;2;1;3;0
202000035067;154 680 793;7;0;2;8;15;0
202000035068;154 680 790;31;0;2;7;1;0
202000035068;154 680 792;7;0;2;8;10;0
202000035069;154 680 788;33;16;0;0;13;1
202000035070;154 680 786;33;0;0;0;0;0
202000035071;154 680 785;7;0;0;3;15;0
202000035071;154 680 787;30;0;0;7;17;0
202000035072;154 680 781;7;0;2;1;1;1
202000035072;154 680 783;7;0;2;4;2;1
202000035072;154 680 784;7;0;2;4;1;1
202000035073;154 680 782;33;0;0;3;1;1
202000035074;154 680 779;33;16;0;1;26;1
202000035075;154 680 778;7;0;2;2;15;1
202000035075;154 680 780;32;0;2;1;1;1
202000035076;154 680 777;7;0;1;3;26;1
202000035077;154 680 775;33;0;2;1;3;1
202000035077;154 680 776;7;0;2;5;12;1
202000035078;154 680 774;7;11;0;1;6;1
202000035079;154 680 771;33;0;2;1;3;1
202000035079;154 680 773;7;0;2;3;15;2
202000035080;154 680 769;33;0;2;1;21;1
202000035080;154 680 772;7;0;2;4;1;1
202000035081;154 680 768;7;0;2;4;20;1
202000035081;154 680 770;30;0;2;7;1;1
202000035082;154 680 764;20;4;0;7;26;1
202000035082;154 680 765;32;4;2;8;18;1
202000035083;154 680 766;7;0;2;9;2;1
202000035083;154 680 767;7;0;2;0;2;1
202000035084;154 680 762;7;0;2;8;1;1
202000035084;154 680 763;33;0;2;1;9;1
202000035085;154 680 760;30;0;2;4;0;1
202000035085;154 680 761;7;0;2;4;1;1
202000035086;154 680 758;7;0;2;4;2;1
202000035086;154 680 759;7;0;2;1;1;1
202000035087;154 680 756;7;0;2;1;1;1
202000035087;154 680 757;1;0;2;1;9;1
202000035088;154 680 755;30;8;0;1;1;1
202000035089;154 680 752;10;0;1;3;4;1
202000035090;154 680 750;7;0;2;1;2;1
202000035090;154 680 753;7;0;2;4;2;1
202000035090;154 680 754;7;0;2;4;2;1
202000035091;154 680 749;7;0;2;1;1;1
202000035091;154 680 751;7;0;2;4;26;0
202000035092;154 680 748;7;8;0;1;26;6
202000035093;154 680 745;37;0;1;2;15;1
202000035094;154 680 746;10;0;2;1;2;1
202000035094;154 680 747;38;0;2;4;2;1
202000035095;154 680 744;7;0;1;2;26;1
202000035096;154 680 742;7;0;2;1;1;1
202000035096;154 680 743;7;0;2;3;10;1
202000035097;154 680 740;7;0;2;1;1;1
202000035097;154 680 741;7;0;2;4;1;1
202000035098;154 680 737;7;13;0;8;1;1
202000035099;154 680 738;7;0;2;1;1;1
202000035099;154 680 739;7;0;2;1;13;1
202000035100;154 680 734;1;1;0;1;0;5
202000035101;154 680 733;7;0;2;1;1;1
202000035101;154 680 735;7;0;2;5;23;1
202000035101;154 680 736;7;0;2;6;23;1
202000035102;154 680 728;7;0;2;3;17;1
202000035102;154 680 731;7;0;2;3;1;1
202000035102;154 680 732;17;0;9;1;1;1
202000035103;154 680 727;33;0;2;7;0;1
202000035103;154 680 730;7;0;2;0;0;1
202000035104;154 680 726;7;0;2;2;12;1
202000035104;154 680 729;33;0;2;6;1;1
202000035105;154 680 724;31;0;2;0;0;1
202000035106;154 680 722;7;0;2;6;1;1
202000035106;154 680 725;7;0;2;1;16;1
202000035107;154 680 719;1;0;2;3;2;0
202000035107;154 680 720;7;0;2;0;26;0
202000035108;154 680 717;31;0;2;1;1;1
202000035108;154 680 723;7;0;2;2;9;1
202000035109;154 680 718;33;4;2;1;1;1
202000035109;154 680 721;10;4;2;6;1;1
202000035110;154 680 715;7;0;2;4;2;1
202000035110;154 680 716;7;0;2;1;2;1
202000035111;154 680 708;7;0;2;0;0;1
202000035111;154 680 712;1;0;2;0;0;5
202000035112;154 680 709;7;0;0;5;15;1
202000035112;154 680 711;80;0;2;1;1;3
202000035113;154 680 705;7;3;0;2;1;1
202000035114;154 680 707;7;0;2;7;1;1
202000035114;154 680 710;7;0;2;8;13;1
202000035115;154 680 701;80;0;2;1;1;3
202000035115;154 680 706;7;0;2;3;9;1
202000035116;154 680 702;7;0;2;2;1;1
202000035116;154 680 704;2;0;2;3;1;1
202000035117;154 680 698;2;0;0;9;15;1
202000035118;154 680 699;7;0;2;8;11;1
202000035118;154 680 700;7;0;2;7;3;1
202000035118;154 680 703;7;0;2;6;1;1
202000035119;154 680 697;33;0;0;0;17;1
202000035120;154 680 693;7;0;2;4;2;1
202000035120;154 680 694;10;0;2;4;2;1
202000035120;154 680 695;7;0;2;4;2;1
202000035120;154 680 696;7;0;2;1;1;1
202000035121;154 680 692;33;12;0;1;1;0
202000035122;154 680 688;7;0;2;3;1;2
202000035122;154 680 691;7;0;2;1;1;1
202000035123;154 680 687;7;0;0;6;1;1
202000035123;154 680 689;7;0;2;4;1;1
202000035123;154 680 690;7;0;2;1;1;1
202000035124;154 680 686;33;0;2;1;21;1
202000035125;154 680 682;7;0;0;5;15;1
202000035125;154 680 684;7;0;2;5;15;3
202000035125;154 680 685;7;0;2;1;1;1
202000035126;154 680 681;7;0;9;5;1;0
202000035126;154 680 683;1;0;2;1;9;0
202000035127;154 680 679;37;7;2;2;19;1
202000035127;154 680 680;7;0;2;1;1;1
202000035128;154 680 677;30;0;0;8;1;1
202000035129;154 680 675;10;0;2;1;1;1
202000035129;154 680 676;10;0;2;2;1;1
202000035129;154 680 678;10;0;2;1;26;1
202000035130;154 680 673;7;0;2;5;15;1
202000035130;154 680 674;2;0;2;1;1;1
202000035131;154 680 672;37;0;1;7;1;1
202000035132;154 680 671;7;0;0;0;17;1
202000035133;154 680 670;33;0;0;7;15;1