Num_Acc;id_vehicule;categorie_vehicule;obstacle_fixe;obstacle_mobile;point_choc_initial;manoeuvre_principale;motorisation
202000035134;154 680 669;7;0;1;1;1;1
202000035135;154 680 668;7;0;1;2;16;1
202000035136;154 680 666;7;6;0;1;1;1
202000035137;154 680 664;33;0;2;1;1;0
202000035137;154 680 667;7;0;2;7;15;0
202000035138;154 680 662;7;0;2;3;1;0
202000035138;154 680 663;7;0;2;1;1;0
202000035138;154 680 665;15;0;2;6;1;0
202000035139;154 680 659;7;0;2;2;1;0
202000035139;154 680 661;7;0;2;3;16;0
202000035140;154 680 658;2;0;2;3;1;1
202000035140;154 680 660;7;0;2;3;1;1
202000035141;154 680 657;10;1;1;2;1;1
202000035142;154 680 656;7;2;0;3;1;1
202000035143;154 680 654;3;13;0;2;14;1
202000035144;154 680 653;7;0;2;2;1;1
202000035144;154 680 655;32;0;2;1;1;1
202000035145;154 680 651;13;0;2;1;15;1
202000035145;154 680 652;33;0;2;1;1;1
202000035146;154 680 648;7;0;2;1;1;1
202000035146;154 680 650;1;0;2;1;9;5
202000035147;154 680 646;7;0;1;0;1;1
202000035148;154 680 645;21;0;9;6;1;1
202000035148;154 680 647;1;0;9;3;1;5
202000035149;154 680 643;7;0;1;2;21;1
202000035150;154 680 642;15;0;2;8;17;1
202000035150;154 680 644;7;0;2;1;1;1
202000035151;154 680 638;14;0;2;1;0;1
202000035151;154 680 640;7;0;2;8;0;1
202000035152;154 680 639;7;0;2;2;1;1
202000035152;154 680 641;99;0;2;0;1;3
202000035153;154 680 636;17;13;0;2;1;1
202000035154;154 680 634;31;0;2;1;1;0
202000035154;154 680 635;7;0;2;3;15;1
202000035155;154 680 633;14;0;0;9;1;1
202000035156;154 680 631;10;3;0;1;14;1
202000035157;154 680 630;7;0;0;4;2;1
202000035157;154 680 632;7;7;1;1;2;2
202000035158;154 680 626;7;0;0;6;15;1
202000035158;154 680 627;33;0;2;1;17;1
202000035159;154 680 624;7;0;2;1;1;0
202000035159;154 680 625;7;0;2;4;1;0
202000035160;154 680 622;1;0;0;4;1;6
202000035160;154 680 623;7;0;2;2;14;1
202000035161;154 680 620;7;5;0;4;0;6
202000035161;154 680 621;38;0;2;1;1;0
202000035162;154 680 628;7;0;0;0;0;0
202000035162;154 680 629;2;0;2;1;1;1
202000035163;154 680 618;7;3;2;1;26;1
202000035163;154 680 619;7;3;2;6;1;1
202000035164;154 680 616;7;0;2;5;19;0
202000035164;154 680 617;7;0;2;1;1;0
202000035165;154 680 613;33;0;2;2;17;0
202000035165;154 680 614;13;0;2;8;15;0
202000035166;154 680 612;7;13;0;9;1;1
202000035167;154 680 611;7;0;1;4;4;1
202000035168;154 680 610;7;0;1;2;20;1
202000035169;154 680 608;33;13;0;1;0;1
202000035170;154 680 606;7;13;0;3;13;1
202000035171;154 680 604;33;0;2;1;1;1
202000035171;154 680 605;33;0;2;1;1;1
202000035172;154 680 599;7;0;2;3;13;1
202000035172;154 680 601;7;0;2;7;1;1
202000035172;154 680 607;10;0;2;8;1;1
202000035172;154 680 609;15;0;0;0;1;1
202000035173;154 680 597;7;0;2;4;1;1
202000035173;154 680 598;10;0;2;1;2;1
202000035174;154 680 600;7;0;2;2;21;1
202000035174;154 680 603;31;3;2;2;13;1
202000035175;154 680 593;1;0;2;7;1;5
202000035175;154 680 594;7;0;2;1;9;1
202000035176;154 680 592;7;5;0;1;1;1
202000035177;154 680 591;33;6;0;1;1;1
202000035178;154 680 589;7;0;1;3;1;1
202000035179;154 680 588;7;0;2;3;1;1
202000035179;154 680 590;7;0;2;7;1;1
202000035180;154 680 585;7;0;2;1;1;1
202000035180;154 680 586;33;0;2;1;15;1
202000035180;154 680 587;7;0;2;1;1;1
202000035181;154 680 583;7;0;2;2;15;1
202000035181;154 680 584;7;2;2;7;1;1
202000035182;154 680 580;7;0;2;8;15;1
202000035182;154 680 582;31;0;2;1;17;1
202000035183;154 680 579;3;0;2;8;1;1
202000035183;154 680 581;80;0;2;1;1;3
202000035184;154 680 578;33;17;0;4;1;1
202000035185;154 680 574;31;0;2;3;1;1
202000035185;154 680 575;10;0;2;3;13;1
202000035186;154 680 576;33;0;2;1;1;1
202000035186;154 680 577;7;0;0;7;15;1
202000035187;154 680 573;36;16;0;0;1;1
202000035188;154 680 571;33;0;6;1;1;1
202000035189;154 680 570;30;0;2;2;1;1
202000035189;154 680 572;7;0;2;3;20;1
202000035190;154 680 569;7;0;1;1;0;0
202000035191;154 680 566;7;0;2;3;1;1
202000035191;154 680 568;50;0;2;1;19;3
202000035192;154 680 565;33;0;2;1;1;1
202000035192;154 680 567;7;0;2;3;1;1
202000035193;154 680 562;7;0;0;1;13;1
202000035194;154 680 563;7;0;1;6;26;1
202000035195;154 680 560;7;10;0;1;1;1
202000035196;154 680 558;7;0;2;1;13;1
202000035196;154 680 559;7;0;2;1;1;1
202000035197;154 680 557;7;2;0;1;19;1
202000035198;154 680 556;7;0;1;0;1;0
202000035199;154 680 555;33;0;0;0;1;1
202000035200;154 680 561;33;13;0;2;1;1
202000035201;154 680 553;7;0;2;1;1;3
202000035201;154 680 554;33;0;2;1;1;1
202000035202;154 680 551;10;0;1;3;1;1
202000035203;154 680 550;33;0;0;8;1;1
202000035204;154 680 548;10;0;2;3;1;1
202000035204;154 680 552;7;0;2;6;1;1
202000035205;154 680 547;7;0;2;2;1;0
202000035205;154 680 549;7;3;2;2;0;0
202000035206;154 680 546;7;0;1;3;1;1
202000035207;154 680 541;7;0;2;1;1;1
202000035207;154 680 544;7;0;1;1;1;1
202000035208;154 680 543;7;0;1;1;1;1
202000035209;154 680 542;7;0;2;3;9;0
202000035209;154 680 545;36;0;0;5;1;0
202000035210;154 680 539;7;0;2;7;1;0
202000035210;154 680 540;33;0;2;1;19;0
202000035211;154 680 537;99;0;2;1;1;3
202000035211;154 680 538;7;0;9;2;15;1
202000035212;154 680 536;2;0;0;0;1;1
202000035213;154 680 534;7;0;2;1;2;1
202000035213;154 680 535;7;0;2;4;21;1
202000035214;154 680 531;33;0;6;2;0;0
202000035215;154 680 528;10;1;2;3;19;1
202000035215;154 680 530;10;1;2;2;1;1
202000035216;154 680 527;7;0;2;2;1;1
202000035216;154 680 529;1;0;2;8;15;5
202000035217;154 680 532;7;0;2;2;1;1
202000035217;154 680 533;7;0;0;6;1;1
202000035218;154 680 523;33;13;0;0;1;1
202000035219;154 680 525;33;3;0;8;1;1
202000035220;154 680 520;7;0;2;4;2;1
202000035220;154 680 521;7;0;2;4;2;1
202000035220;154 680 522;7;0;2;1;2;1
202000035221;154 680 518;2;0;2;1;1;1
202000035221;154 680 519;99;0;0;3;1;1
202000035222;154 680 513;7;0;2;2;1;1
202000035222;154 680 515;7;4;2;1;17;1
202000035223;154 680 514;7;0;2;3;1;1
202000035223;154 680 516;31;0;2;1;5;1
202000035224;154 680 524;15;0;2;1;1;1
202000035224;154 680 526;30;0;2;7;1;1
202000035225;154 680 507;33;0;2;7;1;0
202000035225;154 680 511;7;0;2;3;11;1
202000035226;154 680 509;30;0;2;1;1;1
202000035226;154 680 512;7;8;2;1;15;1
202000035227;154 680 508;7;0;2;2;16;1
202000035227;154 680 510;1;0;2;5;16;5
202000035228;154 680 501;33;13;0;1;1;1
202000035229;154 680 502;7;0;1;1;1;1
202000035230;154 680 499;7;0;1;1;1;1
202000035231;154 680 498;7;0;2;4;23;1
202000035231;154 680 500;7;0;2;4;23;1
202000035231;154 680 503;10;0;2;4;23;1
202000035231;154 680 504;7;0;2;4;23;1
202000035231;154 680 505;17;0;2;4;23;1
202000035231;154 680 506;14;0;2;1;1;1
202000035232;154 680 495;7;0;2;4;1;1
202000035232;154 680 496;7;0;2;9;1;1
202000035232;154 680 497;7;0;2;1;1;1
202000035233;154 680 492;7;0;1;1;2;1
202000035233;154 680 493;7;0;2;1;2;1
202000035233;154 680 494;7;0;2;1;2;1
202000035234;154 680 489;7;0;2;1;17;1
202000035234;154 680 491;7;0;2;3;21;1
202000035235;154 680 490;7;0;1;1;1;1
202000035236;154 680 488;33;0;0;9;2;1
202000035237;154 680 485;33;0;2;3;13;1
202000035237;154 680 487;7;0;2;3;13;1
202000035238;154 680 483;7;0;2;3;1;1
202000035238;154 680 484;7;0;2;2;1;1
202000035239;154 680 482;33;0;0;7;1;1
202000035240;154 680 479;7;0;2;1;2;2
202000035240;154 680 480;7;0;2;1;2;1
202000035240;154 680 481;7;0;2;1;2;1
202000035241;154 680 474;7;4;0;7;1;1
202000035242;154 680 475;7;0;0;6;23;1
202000035242;154 680 477;1;0;2;1;23;0
202000035243;154 680 472;7;0;2;1;2;1
202000035243;154 680 473;7;0;2;4;2;1
202000035244;154 680 470;7;0;2;7;1;1
202000035244;154 680 471;7;0;2;1;1;1
202000035245;154 680 467;7;0;0;9;1;1
202000035246;154 680 466;1;0;2;1;25;5
202000035246;154 680 468;7;0;2;2;26;1
202000035247;154 680 461;7;0;2;1;0;1
202000035247;154 680 463;7;0;2;2;1;1
202000035248;154 680 460;7;0;2;3;1;1
202000035248;154 680 465;7;0;2;1;1;1
202000035249;154 680 462;7;0;9;5;24;1
202000035249;154 680 464;33;0;2;1;1;1
202000035249;154 680 469;7;0;2;3;15;1
202000035250;154 680 458;1;0;2;1;1;5
202000035251;154 680 459;33;0;2;7;2;1
202000035252;154 680 457;14;3;0;2;14;1
202000035253;154 680 456;50;0;0;0;0;3
202000035254;154 680 451;7;0;2;2;13;6
202000035254;154 680 453;7;0;0;8;1;6
202000035254;154 680 454;7;0;2;1;1;6
202000035255;154 680 452;10;0;2;1;1;1
202000035255;154 680 455;10;0;2;1;13;1
202000035256;154 680 450;30;0;0;0;0;1
202000035257;154 680 449;10;13;0;2;1;1
202000035258;154 680 447;7;0;2;8;5;1
202000035258;154 680 448;32;0;2;2;5;1
202000035259;154 680 443;33;10;0;7;21;1
202000035260;154 680 444;7;0;2;2;15;1
202000035260;154 680 446;31;0;2;1;0;1
202000035261;154 680 442;10;13;0;6;23;1
202000035261;154 680 445;15;0;2;2;2;1
202000035262;154 680 439;7;0;2;2;12;1
202000035262;154 680 441;33;0;2;6;1;1
202000035263;154 680 437;7;0;0;9;1;1
202000035264;154 680 436;7;1;0;2;19;1
202000035265;154 680 438;7;0;4;1;1;
202000035265;154 680 440;40;0;2;1;1;
202000035266;154 680 435;10;0;1;1;1;6
202000035267;154 680 432;7;0;2;1;1;1
202000035267;154 680 434;7;0;2;1;13;1
202000035268;154 680 431;7;2;0;2;1;1
202000035269;154 680 433;7;0;1;1;1;
202000035270;154 680 428;7;0;1;2;9;1
202000035271;154 680 427;7;0;2;1;17;1
202000035271;154 680 429;33;0;2;1;0;1
202000035272;154 680 426;7;0;2;3;16;1
202000035272;154 680 430;33;0;2;7;18;1
202000035273;154 680 424;7;0;2;4;4;0
202000035273;154 680 425;32;0;0;1;23;0
202000035274;154 680 420;7;6;0;1;1;1
202000035275;154 680 422;33;0;0;0;16;1
202000035276;154 680 421;31;0;2;0;1;1
202000035276;154 680 423;7;0;2;3;15;1
202000035277;154 680 418;15;0;2;4;9;1
202000035277;154 680 419;32;0;0;4;2;1
202000035278;154 680 415;33;0;2;1;0;0
202000035278;154 680 417;99;0;9;3;1;0
202000035279;154 680 413;10;0;2;6;11;1
202000035279;154 680 416;32;0;2;7;1;1
202000035280;154 680 412;7;0;2;1;1;1
202000035280;154 680 414;7;0;2;2;15;1
202000035281;154 680 406;32;0;2;3;3;1
202000035281;154 680 408;7;0;2;5;17;1
202000035282;154 680 407;33;0;9;1;1;1
202000035282;154 680 410;1;0;2;1;13;5
202000035283;154 680 409;33;0;2;5;23;1
202000035283;154 680 411;7;0;2;3;2;1
202000035284;154 680 401;10;0;2;1;1;4
202000035284;154 680 405;7;0;2;1;1;4
202000035285;154 680 402;7;0;0;1;1;1
202000035286;154 680 394;40;0;2;1;1;3
202000035286;154 680 399;7;0;4;3;1;1
202000035287;154 680 397;7;0;1;1;1;1
202000035288;154 680 392;7;0;2;1;2;1
202000035288;154 680 393;7;0;2;4;2;1
202000035288;154 680 396;7;0;2;4;2;1
202000035288;154 680 403;7;0;2;4;2;1
202000035288;154 680 404;7;0;2;4;2;1
202000035289;154 680 388;30;11;0;1;13;3
202000035290;154 680 386;30;0;2;1;9;1
202000035290;154 680 387;1;0;2;2;1;5
202000035291;154 680 385;1;0;0;0;1;5
202000035292;154 680 383;7;0;2;2;11;1
202000035292;154 680 384;30;0;2;2;1;1
202000035293;154 680 381;32;0;2;1;5;1
202000035293;154 680 382;33;0;2;1;1;1
202000035294;154 680 380;30;1;0;3;13;1
202000035295;154 680 390;7;0;2;2;0;1
202000035295;154 680 391;2;0;2;1;1;1
202000035296;154 680 395;10;0;0;8;16;1
202000035296;154 680 398;7;0;2;5;15;1
202000035296;154 680 400;33;0;2;1;17;1
202000035297;154 680 376;32;0;2;5;16;1
202000035297;154 680 379;7;0;2;3;1;2
202000035298;154 680 373;10;0;2;1;1;1
202000035298;154 680 375;7;0;2;9;1;1
202000035298;154 680 377;10;0;2;9;1;1
202000035298;154 680 378;7;0;2;5;1;1
202000035299;154 680 371;1;0;1;1;1;5
202000035300;154 680 370;7;0;2;4;0;1
202000035300;154 680 372;7;0;2;1;1;1
202000035301;154 680 367;7;12;0;0;14;1
202000035302;154 680 389;1;0;0;1;1;5
202000035303;154 680 366;7;0;1;1;0;1
202000035304;154 680 368;7;0;2;2;1;1
202000035304;154 680 369;7;0;2;3;2;1
202000035305;154 680 365;1;0;1;1;1;5
202000035306;154 680 364;20;0;0;0;21;1
202000035307;154 680 362;33;0;0;7;1;1
202000035308;154 680 357;7;0;2;1;2;1
202000035308;154 680 359;7;0;2;4;2;1
202000035308;154 680 360;7;0;2;4;2;1
202000035309;154 680 356;7;7;0;2;1;1
202000035309;154 680 358;33;7;0;2;13;1
202000035310;154 680 352;7;0;2;7;1;1
202000035310;154 680 363;1;0;2;1;1;5
202000035311;154 680 351;7;0;2;1;2;1
202000035311;154 680 361;7;0;2;4;2;1
202000035312;154 680 349;50;8;0;1;1;3
202000035313;154 680 347;31;0;2;2;1;1
202000035313;154 680 348;7;0;2;4;1;1
202000035314;154 680 345;7;0;2;0;8;0
202000035314;154 680 346;7;0;2;8;15;1
202000035315;154 680 344;99;0;1;1;26;1
202000035316;154 680 341;30;0;2;4;1;1
202000035317;154 680 353;33;13;0;0;1;1
202000035318;154 680 339;7;0;2;1;1;0
202000035318;154 680 340;7;0;2;4;23;0
202000035319;154 680 342;30;0;2;1;5;1
202000035319;154 680 343;7;0;2;3;15;1
202000035320;154 680 338;7;0;1;3;15;1
202000035321;154 680 336;7;0;1;1;1;2
202000035322;154 680 337;30;0;1;1;21;1
202000035323;154 680 332;32;0;2;1;2;1
202000035323;154 680 334;7;0;2;2;15;1
202000035324;154 680 330;37;0;1;3;26;1
202000035325;154 680 327;30;0;1;0;1;1
202000035326;154 680 328;33;0;2;7;1;1
202000035326;154 680 331;7;0;2;3;9;1
202000035327;154 680 324;7;0;2;4;2;0
202000035327;154 680 326;7;0;2;1;1;0
202000035328;154 680 323;31;0;2;1;1;1
202000035328;154 680 325;10;0;2;2;14;1
202000035329;154 680 321;7;0;1;1;1;1
202000035330;154 680 317;7;0;2;6;20;0
202000035330;154 680 322;7;0;2;7;17;0
202000035331;154 680 316;2;0;2;1;0;0
202000035331;154 680 320;7;0;2;3;15;1
202000035332;154 680 318;33;13;0;1;1;1
202000035332;154 680 329;33;13;0;1;1;1
202000035333;154 680 319;7;0;1;1;0;1
202000035334;154 680 311;99;0;2;8;1;3
202000035334;154 680 315;10;0;2;1;1;1
202000035335;154 680 313;7;0;1;1;1;1
202000035336;154 680 312;7;0;2;0;0;0
202000035336;154 680 314;34;0;2;0;0;6
202000035337;154 680 309;1;0;2;1;26;5
202000035337;154 680 310;7;0;2;1;9;1
202000035338;154 680 307;32;0;2;1;17;1
202000035338;154 680 308;7;0;2;6;20;1
202000035339;154 680 301;7;2;0;0;1;1
202000035340;154 680 302;32;0;2;7;17;1
202000035340;154 680 306;7;0;2;3;15;1
202000035341;154 680 303;14;0;2;3;1;1
202000035341;154 680 304;2;1;0;1;3;1
202000035341;154 680 305;7;0;2;8;23;1
202000035342;154 680 297;2;0;2;7;3;1
202000035342;154 680 298;7;0;2;3;13;1
202000035343;154 680 296;10;0;9;8;9;1
202000035343;154 680 300;32;0;0;0;0;0
202000035344;154 680 294;7;0;2;2;1;0
202000035344;154 680 295;2;0;2;1;9;0
202000035345;154 680 293;7;0;1;7;1;0
202000035346;154 680 292;7;4;0;1;1;1
202000035347;154 680 299;7;0;1;4;4;1
202000035348;154 680 288;7;0;2;1;1;1
202000035348;154 680 291;7;0;2;2;15;1
202000035349;154 680 289;7;0;2;1;1;1
202000035349;154 680 290;7;0;2;1;1;0
202000035350;154 680 283;15;0;2;3;1;1
202000035350;154 680 284;7;0;2;8;1;1
202000035350;154 680 285;7;0;2;1;13;1
202000035351;154 680 281;33;0;2;7;3;1
202000035351;154 680 282;7;0;2;6;11;1
202000035352;154 680 276;7;0;2;1;1;1
202000035352;154 680 280;7;0;2;4;1;1
202000035353;154 680 274;10;0;2;4;3;1
202000035353;154 680 278;31;0;2;1;3;1
202000035354;154 680 275;7;0;0;4;0;0
202000035354;154 680 279;7;0;2;1;2;0
202000035355;154 680 271;7;0;2;0;15;1
202000035355;154 680 273;30;0;2;8;0;1
202000035356;154 680 270;7;17;0;1;1;1
202000035357;154 680 268;7;0;6;1;1;1
202000035358;154 680 266;32;0;2;2;1;1
202000035358;154 680 267;7;0;2;8;11;1
202000035359;154 680 265;7;0;1;0;1;1
202000035360;154 680 262;7;0;2;2;1;1
202000035360;154 680 264;7;8;0;8;1;1
202000035361;154 680 261;7;0;2;3;11;1
202000035361;154 680 263;7;0;2;2;1;1
202000035362;154 680 260;10;2;0;3;2;1
202000035363;154 680 272;7;12;0;1;15;1
202000035364;154 680 253;7;0;2;2;1;1
202000035364;154 680 255;2;0;2;1;1;1
202000035365;154 680 254;7;0;9;3;9;1
202000035365;154 680 257;1;0;2;8;1;0
202000035366;154 680 277;7;0;0;6;23;1
202000035366;154 680 286;7;0;2;2;2;1
202000035367;154 680 256;7;0;2;4;2;1
202000035367;154 680 258;7;0;2;4;2;1
202000035367;154 680 259;7;0;2;1;2;0
202000035368;154 680 250;7;2;0;1;1;0
202000035369;154 680 251;7;0;2;4;14;1
202000035369;154 680 252;10;0;2;1;1;1
202000035370;154 680 247;7;15;0;3;1;1
202000035371;154 680 248;43;0;2;1;3;1
202000035371;154 680 249;7;0;2;6;11;1
202000035372;154 680 246;10;0;1;2;15;1
202000035373;154 680 241;33;0;2;6;23;1
202000035373;154 680 243;7;0;2;7;1;1
202000035374;154 680 237;7;0;2;1;17;0
202000035374;154 680 238;7;0;2;8;15;1
202000035375;154 680 239;7;0;2;2;1;1
202000035375;154 680 244;2;0;2;1;9;1
202000035376;154 680 236;7;0;2;4;23;1
202000035376;154 680 245;50;0;2;1;1;3
202000035377;154 680 231;7;0;0;0;0;1
202000035378;154 680 232;2;0;2;7;17;1
202000035378;154 680 234;1;0;2;8;15;5
202000035379;154 680 230;3;0;2;2;15;1
202000035379;154 680 233;10;0;2;1;1;1
202000035380;154 680 229;33;0;0;1;0;1
202000035381;154 680 227;7;0;1;7;1;1
202000035382;154 680 224;33;0;2;1;1;1
202000035382;154 680 240;7;0;2;5;1;0
202000035383;154 680 223;30;0;2;8;1;1
202000035383;154 680 225;7;0;2;7;1;1
202000035384;154 680 222;7;13;0;3;1;1
202000035385;154 680 219;50;0;1;1;25;3
202000035386;154 680 218;37;9;1;2;7;1
202000035387;154 680 220;7;0;2;1;1;1
202000035387;154 680 221;1;0;2;8;1;5
202000035388;154 680 215;30;0;2;0;1;1
202000035388;154 680 217;10;0;2;0;20;1
202000035389;154 680 214;15;0;0;4;1;1
202000035389;154 680 216;7;0;2;1;1;1
202000035390;154 680 212;7;11;0;3;1;1
202000035391;154 680 209;7;0;2;3;13;0
202000035391;154 680 213;7;0;2;3;1;0
202000035392;154 680 210;7;2;0;1;1;1
202000035393;154 680 226;7;0;0;0;17;1
202000035394;154 680 208;1;0;2;8;1;5
202000035394;154 680 211;37;0;2;5;17;1
202000035395;154 680 205;7;0;2;2;1;1
202000035395;154 680 206;7;8;2;1;1;1
202000035396;154 680 207;10;11;0;1;1;1
202000035397;154 680 201;7;0;1;2;15;1
202000035398;154 680 197;7;0;2;8;1;1
202000035398;154 680 203;33;0;2;8;1;1
202000035399;154 680 200;2;0;1;1;2;3
202000035400;154 680 198;7;0;2;2;15;4
202000035400;154 680 204;10;0;2;6;0;1
202000035401;154 680 199;7;0;2;4;21;1
202000035401;154 680 202;31;0;2;1;2;1
202000035402;154 680 196;7;13;0;1;1;1
202000035403;154 680 193;7;0;2;3;15;1
202000035403;154 680 194;1;0;2;1;1;5
202000035404;154 680 190;7;13;0;1;1;1
202000035405;154 680 188;2;0;2;1;17;1
202000035405;154 680 189;7;0;2;3;11;1
202000035406;154 680 192;31;0;0;8;1;1
202000035407;154 680 184;34;8;0;2;1;1
202000035408;154 680 186;7;0;2;3;1;1
202000035408;154 680 187;7;0;2;3;1;1
202000035409;154 680 181;7;4;0;3;1;1
202000035410;154 680 177;7;0;2;2;14;0
202000035410;154 680 179;32;0;2;3;15;3
202000035411;154 680 178;21;0;2;4;1;1
202000035411;154 680 180;17;0;2;1;1;1
202000035412;154 680 185;7;0;2;2;1;1
202000035412;154 680 195;33;15;2;1;1;1
202000035413;154 680 191;1;0;0;8;1;5
202000035414;154 680 182;2;0;2;0;2;1
202000035414;154 680 183;10;0;2;8;15;1
202000035415;154 680 175;30;0;2;1;1;1
202000035415;154 680 176;10;0;2;7;15;1
202000035416;154 680 170;7;0;0;4;1;1
202000035416;154 680 171;7;0;0;3;1;1
202000035416;154 680 172;33;0;2;1;2;1
202000035417;154 680 168;7;0;1;1;9;1
202000035418;154 680 167;32;0;2;1;2;1
202000035418;154 680 169;7;0;2;4;2;1
202000035419;154 680 165;1;14;0;0;17;5
202000035420;154 680 163;30;0;0;3;15;2
202000035421;154 680 173;7;0;2;1;16;1
202000035421;154 680 174;7;0;2;1;5;1
202000035422;154 680 162;30;0;2;7;1;1
202000035422;154 680 164;7;0;2;1;1;1
202000035423;154 680 159;10;0;2;7;1;1
202000035423;154 680 161;7;0;2;6;1;1
202000035424;154 680 158;7;0;2;3;9;1
202000035424;154 680 166;1;0;2;7;1;5
202000035425;154 680 150;10;0;2;4;2;1
202000035425;154 680 155;10;0;2;1;2;1
202000035426;154 680 146;10;0;2;4;2;1
202000035426;154 680 148;10;0;2;1;2;1
202000035427;154 680 144;7;0;2;1;19;1
202000035427;154 680 145;7;0;2;1;1;1
202000035427;154 680 147;7;3;2;3;14;1
202000035428;154 680 142;34;3;2;3;0;1
202000035428;154 680 143;7;0;2;5;23;1
202000035429;154 680 151;7;6;2;8;1;1
202000035429;154 680 160;7;1;2;1;20;1
202000035430;154 680 154;7;0;2;4;1;1
202000035430;154 680 156;7;0;2;4;1;1
202000035430;154 680 157;7;0;2;1;1;1
202000035431;154 680 140;7;0;2;3;1;1
202000035431;154 680 141;7;0;2;3;1;1
202000035432;154 680 136;7;0;2;5;2;1
202000035432;154 680 137;7;0;2;4;2;1
202000035432;154 680 138;7;0;2;1;2;1
202000035432;154 680 139;7;0;2;6;2;1
202000035433;154 680 134;7;0;2;8;1;0
202000035433;154 680 135;3;0;2;1;26;0
202000035434;154 680 133;7;0;1;2;1;1
202000035435;154 680 129;7;0;2;3;1;1
202000035435;154 680 130;7;0;2;2;1;1
202000035436;154 680 128;7;0;1;2;1;1
202000035437;154 680 126;7;0;2;4;15;1
202000035437;154 680 127;0;0;2;1;0;0
202000035438;154 680 124;7;0;2;1;9;1
202000035438;154 680 125;7;0;2;2;9;1
202000035439;154 680 122;7;0;2;3;15;1
202000035439;154 680 123;2;0;2;7;17;1
202000035440;154 680 120;7;15;0;3;0;1
202000035441;154 680 118;7;0;2;1;1;1
202000035441;154 680 132;7;0;2;8;1;1
202000035442;154 680 117;7;0;2;6;2;1
202000035442;154 680 131;7;0;2;2;12;1
202000035443;154 680 116;7;0;2;8;15;1
202000035443;154 680 121;7;0;2;8;13;1
202000035444;154 680 113;7;2;0;3;1;1
202000035445;154 680 112;7;4;0;1;26;1
202000035446;154 680 110;10;0;2;2;17;1
202000035446;154 680 111;10;0;2;8;15;1
202000035447;154 680 114;7;0;2;1;1;1
202000035447;154 680 115;7;7;2;7;19;1
202000035448;154 680 119;7;0;9;7;15;1
202000035448;154 680 152;1;0;2;1;1;0
202000035449;154 680 109;7;16;0;9;1;1
202000035450;154 680 106;7;0;2;3;9;1
202000035450;154 680 107;10;0;2;7;1;1
202000035451;154 680 101;7;0;2;4;0;1
202000035451;154 680 108;7;0;2;1;2;1
202000035452;154 680 104;30;0;2;0;0;1
202000035452;154 680 105;37;0;2;0;0;1
202000035453;154 680 094;7;13;1;1;13;0
202000035454;154 680 098;7;0;2;1;1;1
202000035454;154 680 100;7;0;2;2;15;1
202000035455;154 680 097;10;0;2;1;13;1
202000035455;154 680 099;7;0;2;1;1;1
202000035455;154 680 103;7;0;9;1;1;1
202000035456;154 680 102;7;13;0;2;1;1
202000035457;154 680 093;7;0;2;4;2;1
202000035457;154 680 095;7;0;2;4;2;1
202000035457;154 680 096;7;0;2;1;2;1
202000035458;154 680 092;2;8;0;1;2;1
202000035459;154 680 088;7;0;2;1;1;0
202000035459;154 680 090;7;0;2;1;13;0
202000035460;154 680 087;7;0;2;4;2;1
202000035460;154 680 089;7;0;2;1;2;1
202000035460;154 680 091;10;0;2;4;2;1
202000035461;154 680 086;7;0;1;1;1;1
202000035462;154 680 083;7;13;0;3;13;1
202000035463;154 680 081;7;0;1;1;19;0
202000035464;154 680 082;7;0;2;1;13;1
202000035464;154 680 085;13;0;2;1;1;1
202000035465;154 680 069;1;0;2;1;1;5
202000035465;154 680 080;80;0;2;1;1;3
202000035466;154 680 068;7;2;0;2;14;1
202000035467;154 680 066;31;0;2;1;1;1
202000035467;154 680 067;10;0;2;5;15;1
202000035468;154 680 065;7;13;0;9;1;1
202000035469;154 680 076;7;0;2;4;1;1
202000035469;154 680 077;7;0;2;1;1;1
202000035469;154 680 078;10;0;2;4;1;0
202000035469;154 680 079;7;0;2;4;1;1
202000035469;154 680 084;7;4;2;4;1;1
202000035470;154 680 072;7;3;2;1;2;1
202000035470;154 680 073;7;0;2;3;2;1
202000035470;154 680 074;17;0;2;6;2;1
202000035470;154 680 075;17;0;0;5;1;1
202000035471;154 680 070;7;1;0;7;21;1
202000035471;154 680 071;10;0;2;8;22;0
202000035472;154 680 062;33;0;2;4;2;1
202000035472;154 680 063;33;0;2;2;1;1
202000035473;154 680 060;7;0;2;8;11;1
202000035473;154 680 061;32;0;2;2;1;1
202000035474;154 680 059;32;10;0;3;1;1
202000035475;154 680 056;7;0;2;4;2;1
202000035475;154 680 058;7;0;2;1;2;1
202000035476;154 680 055;7;0;2;4;1;1
202000035476;154 680 057;7;0;2;1;0;1
202000035477;154 680 051;7;0;1;1;19;1
202000035478;154 680 052;33;0;0;1;1;1
202000035479;154 680 053;1;0;2;3;1;5
202000035479;154 680 064;30;0;2;1;1;3
202000035480;154 680 046;7;0;2;1;13;1
202000035480;154 680 054;7;0;2;1;1;1
202000035481;154 680 045;10;0;2;1;1;1
202000035481;154 680 050;7;0;2;2;15;1
202000035482;154 680 043;50;0;2;3;15;3
202000035482;154 680 044;31;0;2;3;1;1
202000035483;154 680 041;10;0;2;3;13;1