Num_Acc;id_vehicule;categorie_vehicule;obstacle_fixe;obstacle_mobile;point_choc_initial;manoeuvre_principale;motorisation
202000035483;154 680 042;7;0;2;2;1;1
202000035484;154 680 040;99;13;0;1;17;1
202000035485;154 680 038;7;0;2;2;0;1
202000035485;154 680 039;1;0;0;4;1;5
202000035486;154 680 036;7;9;0;3;20;1
202000035486;154 680 037;1;0;2;1;1;5
202000035487;154 680 034;2;0;2;8;13;1
202000035487;154 680 035;7;0;2;5;17;1
202000035488;154 680 048;33;0;4;1;9;1
202000035489;154 680 049;7;6;0;9;13;1
202000035490;154 680 028;3;0;2;3;15;1
202000035490;154 680 030;30;0;2;2;1;1
202000035491;154 680 027;2;0;2;1;1;0
202000035491;154 680 029;7;0;0;7;19;1
202000035492;154 680 026;7;6;0;1;1;1
202000035493;154 680 025;13;0;1;2;17;0
202000035494;154 680 023;2;0;0;2;16;1
202000035495;154 680 031;10;0;2;1;2;0
202000035495;154 680 032;7;0;2;9;1;0
202000035495;154 680 033;7;0;2;4;1;0
202000035496;154 680 024;7;2;0;8;14;1
202000035497;154 680 021;10;0;2;7;1;1
202000035497;154 680 047;1;0;2;1;1;5
202000035498;154 680 017;33;0;2;0;1;0
202000035498;154 680 020;7;0;2;3;15;1
202000035499;154 680 014;1;0;2;1;1;5
202000035499;154 680 018;1;0;2;8;1;5
202000035500;154 680 012;31;0;2;1;2;1
202000035500;154 680 013;7;0;2;6;1;1
202000035501;154 680 008;7;0;1;6;1;1
202000035502;154 680 009;30;0;2;1;13;1
202000035502;154 680 010;10;0;2;2;23;3
202000035502;154 680 011;33;0;2;2;1;1
202000035503;154 680 016;7;0;2;2;19;1
202000035503;154 680 022;38;0;2;6;26;1
202000035504;154 680 000;30;14;2;1;17;1
202000035505;154 679 999;15;9;1;2;12;0
202000035506;154 679 998;32;0;0;7;16;1
202000035507;154 680 003;21;0;2;3;9;1
202000035507;154 680 004;33;0;0;2;1;1
202000035508;154 680 006;10;0;2;1;9;1
202000035508;154 680 007;33;0;2;7;1;1
202000035509;154 680 001;7;0;2;1;1;1
202000035509;154 680 019;7;0;2;1;1;1
202000035510;154 680 002;34;0;2;2;17;1
202000035510;154 680 005;7;0;2;3;10;1
202000035511;154 679 996;99;0;2;1;1;0
202000035511;154 679 997;7;0;2;6;23;1
202000035512;154 679 992;7;0;1;3;15;0
202000035513;154 679 993;7;0;0;8;1;1
202000035513;154 679 994;7;0;0;3;1;1
202000035513;154 679 995;7;0;2;8;13;1
202000035514;154 679 989;7;0;2;8;9;1
202000035514;154 679 990;1;0;2;1;1;5
202000035515;154 679 988;7;0;0;0;1;0
202000035516;154 679 987;7;0;1;2;1;1
202000035517;154 679 986;7;0;1;1;17;1
202000035518;154 679 991;7;0;9;1;14;1
202000035519;154 679 983;7;0;2;7;1;1
202000035519;154 679 984;7;0;2;1;1;1
202000035520;154 679 982;7;11;1;3;1;1
202000035521;154 679 980;7;13;2;1;19;1
202000035521;154 679 981;7;13;2;6;1;1
202000035522;154 679 979;7;6;2;5;1;1
202000035522;154 679 985;15;0;2;2;1;1
202000035523;154 679 978;50;14;0;0;1;3
202000035524;154 679 977;34;0;0;2;5;1
202000035525;154 679 976;7;0;1;3;1;1
202000035526;154 679 974;7;0;2;1;15;1
202000035526;154 679 975;7;0;2;1;1;1
202000035527;154 679 971;7;0;2;5;2;1
202000035527;154 679 973;7;0;2;2;2;1
202000035528;154 679 972;7;0;1;7;1;1
202000035529;154 679 969;31;9;2;6;18;1
202000035529;154 679 970;7;0;2;1;15;1
202000035530;154 679 965;30;0;2;6;21;1
202000035530;154 679 968;3;0;2;3;15;1
202000035531;154 679 966;7;0;2;3;1;1
202000035531;154 679 967;7;0;2;1;15;1
202000035532;154 679 962;80;0;2;3;1;3
202000035532;154 679 964;7;0;2;2;16;1
202000035533;154 679 961;1;0;2;1;1;5
202000035533;154 679 963;7;0;9;3;19;1
202000035534;154 679 958;33;0;2;7;17;1
202000035534;154 679 959;7;0;2;3;13;1
202000035535;154 679 956;32;1;0;1;18;0
202000035535;154 679 957;7;0;2;4;14;0
202000035536;154 679 953;15;0;1;1;1;1
202000035537;154 679 949;7;0;0;6;1;1
202000035537;154 679 950;7;0;0;5;1;1
202000035537;154 679 954;7;0;2;4;1;1
202000035537;154 679 955;10;0;2;2;1;1
202000035537;154 679 960;10;0;2;1;1;1
202000035538;154 679 948;80;0;0;0;1;3
202000035539;154 679 946;10;0;2;2;1;1
202000035539;154 679 947;33;0;2;3;1;1
202000035540;154 679 943;7;0;2;1;9;1
202000035540;154 679 945;7;0;2;2;1;1
202000035541;154 679 942;7;0;2;4;1;1
202000035541;154 679 944;7;0;2;1;1;6
202000035542;154 679 938;7;0;0;5;15;1
202000035542;154 679 941;33;0;2;1;1;1
202000035543;154 679 933;33;0;2;1;1;1
202000035543;154 679 935;7;0;2;5;15;1
202000035544;154 679 932;7;0;2;2;0;1
202000035544;154 679 934;15;0;0;6;0;1
202000035544;154 679 936;7;14;0;1;0;1
202000035544;154 679 937;7;0;2;6;0;1
202000035545;154 679 931;14;1;0;1;1;1
202000035546;154 679 925;0;0;0;0;2;0
202000035546;154 679 926;1;0;0;0;2;5
202000035547;154 679 921;7;0;2;1;2;1
202000035547;154 679 923;7;0;2;4;2;1
202000035547;154 679 951;7;0;2;1;2;1
202000035548;154 679 922;7;0;1;3;15;1
202000035549;154 679 919;7;2;0;1;14;1
202000035550;154 679 918;7;0;1;2;2;6
202000035551;154 679 917;7;2;0;7;1;1
202000035552;154 679 916;10;0;1;8;15;1
202000035553;154 679 924;7;0;2;6;0;1
202000035553;154 679 927;7;0;2;3;0;1
202000035553;154 679 928;7;0;2;7;1;1
202000035553;154 679 929;7;0;2;8;1;1
202000035553;154 679 930;7;14;0;9;3;1
202000035554;154 679 914;7;0;2;3;1;1
202000035554;154 679 915;7;0;2;3;1;1
202000035555;154 679 911;7;0;2;1;15;1
202000035555;154 679 913;2;15;2;7;1;1
202000035556;154 679 910;7;0;2;2;1;1
202000035556;154 679 912;7;0;2;3;1;1
202000035557;154 679 940;7;0;1;2;15;1
202000035558;154 679 920;1;0;1;7;18;5
202000035559;154 679 908;34;16;0;8;21;1
202000035560;154 679 909;7;2;0;1;1;1
202000035561;154 679 903;99;3;0;3;16;1
202000035562;154 679 898;7;0;1;2;16;1
202000035563;154 679 896;7;0;2;4;0;1
202000035563;154 679 897;7;0;2;1;26;1
202000035564;154 679 894;7;0;2;4;2;0
202000035564;154 679 895;7;0;2;4;2;0
202000035565;154 679 901;7;0;2;4;2;1
202000035565;154 679 905;10;0;2;1;2;1
202000035566;154 679 891;7;0;2;4;1;1
202000035566;154 679 892;7;0;2;4;1;1
202000035566;154 679 893;10;0;2;1;1;1
202000035567;154 679 888;7;0;2;1;2;1
202000035567;154 679 890;7;0;2;4;2;1
202000035568;154 679 887;7;0;2;3;17;1
202000035568;154 679 889;30;0;2;1;1;1
202000035569;154 679 899;7;0;2;4;23;1
202000035569;154 679 900;10;0;2;1;2;1
202000035570;154 679 878;32;0;2;1;1;1
202000035570;154 679 879;7;0;2;6;15;1
202000035571;154 679 882;7;0;2;1;1;1
202000035571;154 679 885;7;0;2;6;23;1
202000035571;154 679 886;7;0;2;5;23;1
202000035572;154 679 883;7;0;1;3;1;1
202000035573;154 679 884;34;0;0;1;2;1
202000035574;154 679 875;10;4;0;1;1;1
202000035575;154 679 874;7;0;2;2;1;1
202000035575;154 679 877;32;0;2;3;9;1
202000035576;154 679 871;7;0;2;4;1;1
202000035576;154 679 872;34;0;2;1;1;1
202000035577;154 679 868;1;0;2;1;0;0
202000035577;154 679 869;7;0;2;4;23;1
202000035578;154 679 867;30;12;0;3;1;1
202000035579;154 679 864;7;0;2;4;2;1
202000035579;154 679 865;7;0;2;1;2;1
202000035579;154 679 866;7;0;2;4;23;1
202000035580;154 679 862;7;0;2;1;2;1
202000035580;154 679 870;7;0;2;4;2;1
202000035580;154 679 873;7;0;2;4;2;1
202000035581;154 679 860;7;0;2;3;1;1
202000035581;154 679 876;7;0;2;3;1;1
202000035582;154 679 861;7;0;0;2;0;1
202000035583;154 679 859;7;0;2;8;1;1
202000035583;154 679 863;7;0;2;1;9;1
202000035584;154 679 857;7;2;0;0;1;1
202000035585;154 679 855;7;0;2;4;2;1
202000035585;154 679 856;10;0;2;1;2;1
202000035586;154 679 853;7;0;2;1;1;1
202000035586;154 679 854;7;0;2;1;17;1
202000035587;154 679 850;37;0;1;5;1;1
202000035588;154 679 849;7;10;0;1;13;1
202000035589;154 679 852;80;0;2;8;1;3
202000035589;154 679 858;7;0;9;1;15;1
202000035590;154 679 845;7;0;2;1;1;1
202000035590;154 679 848;7;0;2;8;1;1
202000035591;154 679 851;7;3;0;1;0;1
202000035592;154 679 842;7;14;0;1;26;1
202000035593;154 679 841;7;3;0;8;1;1
202000035594;154 679 839;7;0;2;4;2;1
202000035594;154 679 840;7;0;2;1;2;1
202000035595;154 679 837;33;0;2;7;1;1
202000035595;154 679 838;7;0;2;6;13;0
202000035596;154 679 846;7;0;2;3;1;1
202000035596;154 679 847;10;0;2;3;15;1
202000035597;154 679 836;7;0;1;4;4;1
202000035598;154 679 834;7;0;2;2;1;1
202000035598;154 679 835;1;0;2;4;1;5
202000035599;154 679 833;7;13;0;1;1;1
202000035600;154 679 832;7;8;0;2;1;2
202000035601;154 679 831;7;2;0;2;0;1
202000035602;154 679 827;7;0;2;0;17;1
202000035602;154 679 828;7;13;2;1;17;1
202000035602;154 679 829;7;0;2;0;1;1
202000035602;154 679 830;7;13;2;0;1;1
202000035603;154 679 824;33;0;2;2;1;1
202000035603;154 679 825;7;0;2;1;1;1
202000035604;154 679 822;10;0;2;3;16;1
202000035604;154 679 823;50;0;2;1;1;3
202000035605;154 679 843;99;0;2;6;15;1
202000035605;154 679 844;33;0;2;1;17;1
202000035606;154 679 821;50;0;1;1;1;3
202000035607;154 679 819;7;0;1;7;1;1
202000035608;154 679 818;1;0;2;4;1;0
202000035608;154 679 820;7;0;2;2;1;1
202000035609;154 679 813;7;0;2;1;2;1
202000035609;154 679 814;7;0;2;4;2;1
202000035610;154 679 811;33;0;2;1;2;1
202000035610;154 679 812;7;0;2;6;26;1
202000035611;154 679 810;7;6;0;1;1;1
202000035612;154 679 817;7;0;1;0;20;0
202000035613;154 679 808;7;0;2;4;16;1
202000035613;154 679 809;1;0;2;2;2;5
202000035614;154 679 815;13;0;2;5;17;1
202000035614;154 679 816;1;0;2;8;1;5
202000035615;154 679 799;40;0;2;2;2;3
202000035615;154 679 803;30;0;4;3;15;1
202000035616;154 679 797;7;0;2;3;13;1
202000035616;154 679 798;7;0;2;1;1;1
202000035616;154 679 800;7;0;2;1;1;1
202000035617;154 679 796;7;8;0;1;1;1
202000035618;154 679 795;7;2;0;8;1;1
202000035619;154 679 801;37;0;2;0;1;2
202000035619;154 679 804;7;0;2;6;13;1
202000035619;154 679 805;37;0;2;1;1;1
202000035620;154 679 793;1;0;2;7;1;5
202000035620;154 679 794;7;0;2;3;1;1
202000035621;154 679 802;1;0;2;1;7;5
202000035621;154 679 806;7;0;2;5;16;1
202000035621;154 679 807;33;0;2;1;18;1
202000035622;154 679 792;7;15;0;2;2;1
202000035623;154 679 789;1;0;2;7;19;5
202000035623;154 679 790;7;12;2;1;1;1
202000035624;154 679 785;7;0;2;3;10;1
202000035624;154 679 787;33;0;2;1;5;1
202000035625;154 679 784;7;0;2;1;1;1
202000035625;154 679 786;7;0;2;2;1;1
202000035625;154 679 788;7;0;0;6;1;1
202000035626;154 679 782;7;0;2;1;15;0
202000035626;154 679 783;50;0;2;0;19;3
202000035627;154 679 781;33;0;2;1;17;1
202000035627;154 679 791;7;0;2;1;15;1
202000035628;154 679 779;7;13;0;3;26;1
202000035629;154 679 775;7;2;2;1;1;1
202000035629;154 679 778;7;1;2;1;15;1
202000035630;154 679 774;7;0;2;1;21;1
202000035630;154 679 776;7;0;2;4;0;1
202000035630;154 679 777;7;0;0;4;23;1
202000035631;154 679 773;33;6;0;1;15;1
202000035632;154 679 771;7;0;1;1;26;1
202000035633;154 679 772;32;0;0;7;1;1
202000035634;154 679 768;7;0;1;3;15;1
202000035635;154 679 767;7;0;2;1;15;1
202000035635;154 679 769;80;0;2;8;15;3
202000035636;154 679 764;50;0;2;2;19;3
202000035636;154 679 766;7;0;2;1;1;1
202000035637;154 679 780;10;0;1;1;2;0
202000035638;154 679 761;33;0;2;0;1;1
202000035638;154 679 762;7;0;2;6;11;1
202000035639;154 679 759;7;0;2;1;1;0
202000035639;154 679 760;34;0;2;7;1;0
202000035640;154 679 770;7;0;1;1;1;1
202000035641;154 679 757;1;0;2;1;13;5
202000035641;154 679 758;7;0;2;2;1;0
202000035642;154 679 763;7;0;2;3;13;1
202000035642;154 679 765;7;0;2;3;1;1
202000035643;154 679 755;32;1;0;1;16;1
202000035644;154 679 752;7;0;2;1;1;1
202000035644;154 679 754;33;0;2;1;15;1
202000035645;154 679 751;1;0;2;8;26;5
202000035645;154 679 756;31;0;2;1;17;1
202000035646;154 679 747;7;0;2;1;5;1
202000035646;154 679 749;7;0;2;6;0;1
202000035646;154 679 753;7;0;2;1;1;1
202000035647;154 679 746;2;0;2;1;3;1
202000035647;154 679 748;7;0;2;3;9;1
202000035648;154 679 744;34;0;0;0;20;1
202000035649;154 679 743;7;0;2;1;1;1
202000035649;154 679 745;10;0;2;6;4;1
202000035650;154 679 740;13;2;0;1;10;0
202000035651;154 679 738;7;1;0;2;14;0
202000035652;154 679 737;7;0;0;2;15;0
202000035652;154 679 739;33;0;0;1;0;1
202000035653;154 679 734;7;0;2;7;16;1
202000035653;154 679 736;31;0;2;8;1;1
202000035654;154 679 732;7;0;2;7;13;1
202000035654;154 679 733;10;0;2;1;1;1
202000035654;154 679 735;10;0;2;3;1;1
202000035655;154 679 741;30;0;2;0;16;1
202000035655;154 679 750;7;0;2;1;2;1
202000035656;154 679 742;7;0;1;8;2;1
202000035657;154 679 731;7;0;1;3;7;2
202000035658;154 679 729;14;6;2;3;13;1
202000035658;154 679 730;7;6;2;3;21;1
202000035659;154 679 722;7;13;2;2;13;1
202000035659;154 679 723;7;0;2;2;21;1
202000035660;154 679 724;7;0;2;1;1;1
202000035660;154 679 726;1;0;2;8;1;5
202000035661;154 679 727;7;0;2;0;15;1
202000035661;154 679 728;33;0;2;2;1;1
202000035662;154 679 725;1;0;1;1;1;5
202000035663;154 679 715;7;0;2;3;10;1
202000035663;154 679 716;32;0;2;2;1;1
202000035664;154 679 712;7;0;2;3;1;1
202000035664;154 679 713;30;0;1;1;17;1
202000035665;154 679 711;7;0;2;6;9;2
202000035665;154 679 717;34;9;2;1;1;1
202000035666;154 679 710;1;0;1;1;1;5
202000035667;154 679 707;2;0;2;1;1;1
202000035667;154 679 709;7;0;2;3;15;1
202000035668;154 679 708;50;0;1;1;1;3
202000035669;154 679 706;7;0;2;3;15;1
202000035669;154 679 718;1;0;2;1;1;5
202000035670;154 679 702;7;3;0;2;26;1
202000035670;154 679 714;7;14;0;2;21;1
202000035671;154 679 700;7;0;2;4;2;1
202000035671;154 679 704;30;0;2;1;2;1
202000035672;154 679 698;7;0;2;2;1;1
202000035672;154 679 699;7;0;2;4;2;1
202000035673;154 679 696;7;0;2;2;15;1
202000035673;154 679 697;2;0;2;1;1;1
202000035674;154 679 701;7;0;2;4;2;1
202000035674;154 679 705;2;0;2;1;2;1
202000035675;154 679 691;10;0;0;4;1;1
202000035675;154 679 692;7;0;2;1;2;1
202000035676;154 679 689;33;0;2;1;17;1
202000035676;154 679 690;7;0;2;3;1;1
202000035677;154 679 688;1;0;2;1;2;5
202000035678;154 679 685;7;2;0;1;1;1
202000035679;154 679 686;33;0;2;3;1;1
202000035679;154 679 687;7;0;2;3;15;1
202000035680;154 679 682;1;0;2;1;1;5
202000035680;154 679 684;7;0;2;5;16;1
202000035681;154 679 681;7;13;0;2;1;1
202000035682;154 679 693;7;0;2;1;2;1
202000035682;154 679 694;7;0;2;1;2;1
202000035682;154 679 695;17;0;2;4;24;1
202000035683;154 679 703;1;0;0;0;1;5
202000035684;154 679 677;15;3;2;3;13;1
202000035684;154 679 680;7;3;2;0;17;1
202000035685;154 679 675;1;0;2;1;1;5
202000035685;154 679 676;7;0;2;8;22;1
202000035686;154 679 673;15;0;9;6;2;1
202000035686;154 679 674;7;0;2;2;2;1
202000035687;154 679 671;7;6;0;2;1;1
202000035688;154 679 670;7;0;2;2;15;1
202000035688;154 679 672;43;0;2;3;1;1
202000035689;154 679 667;7;0;2;2;13;1
202000035689;154 679 668;7;0;2;2;0;1
202000035689;154 679 669;7;0;2;1;0;1
202000035690;154 679 664;7;2;0;0;1;1
202000035691;154 679 665;7;0;2;2;1;1
202000035691;154 679 666;7;0;2;0;1;1
202000035692;154 679 661;17;0;2;2;26;1
202000035692;154 679 679;7;0;2;8;2;1
202000035693;154 679 660;1;0;1;2;1;5
202000035694;154 679 658;33;0;2;7;1;1
202000035694;154 679 659;7;0;0;4;1;1
202000035695;154 679 656;33;0;2;1;1;1
202000035695;154 679 657;10;0;2;7;12;1
202000035696;154 679 662;7;0;2;1;1;0
202000035696;154 679 678;7;0;2;5;1;0
202000035697;154 679 663;10;2;0;5;1;1
202000035698;154 679 655;10;4;2;3;26;1
202000035699;154 679 652;7;0;1;1;0;0
202000035700;154 679 646;32;0;2;1;1;1
202000035700;154 679 648;7;0;2;2;20;1
202000035701;154 679 645;31;0;2;1;3;1
202000035701;154 679 647;7;0;2;2;1;1
202000035701;154 679 649;7;0;2;8;1;1
202000035701;154 679 650;7;0;2;6;1;1
202000035702;154 679 651;7;17;0;3;17;1
202000035703;154 679 653;1;0;2;0;1;5
202000035703;154 679 654;10;0;2;2;16;1
202000035704;154 679 640;7;0;0;1;2;1
202000035704;154 679 642;7;0;2;0;0;1
202000035704;154 679 644;7;0;2;1;5;1
202000035705;154 679 639;7;0;2;4;2;1
202000035705;154 679 641;7;0;2;4;2;1
202000035705;154 679 643;7;0;2;1;2;1
202000035706;154 679 633;37;0;1;3;1;1
202000035707;154 679 635;7;0;0;0;0;0
202000035707;154 679 636;7;0;0;0;0;1
202000035707;154 679 637;7;0;0;0;0;1
202000035707;154 679 638;7;0;0;0;0;1
202000035708;154 679 631;7;0;2;1;2;1
202000035708;154 679 632;31;0;2;4;23;1
202000035709;154 679 630;10;0;1;1;16;0
202000035710;154 679 634;7;3;0;2;2;1
202000035711;154 679 625;7;0;2;2;1;1
202000035711;154 679 629;7;0;2;3;2;1
202000035712;154 679 628;7;0;1;1;1;1
202000035713;154 679 623;7;0;2;1;26;1
202000035713;154 679 624;7;0;2;1;19;1
202000035714;154 679 621;7;0;2;7;16;1
202000035714;154 679 622;30;0;2;1;1;1
202000035715;154 679 619;7;0;2;8;1;1
202000035715;154 679 620;7;0;2;1;1;1
202000035716;154 679 617;7;0;2;1;19;0
202000035716;154 679 618;10;0;2;5;1;0
202000035717;154 679 614;7;0;1;1;16;0
202000035718;154 679 612;50;0;2;0;0;3
202000035718;154 679 613;7;0;9;4;4;1
202000035719;154 679 626;20;0;0;0;1;1
202000035720;154 679 627;33;14;0;7;14;1
202000035721;154 679 610;31;0;2;8;3;0
202000035721;154 679 611;3;0;2;0;0;0
202000035722;154 679 615;32;0;2;0;0;
202000035722;154 679 616;7;0;2;0;0;
202000035723;154 679 608;33;0;0;8;0;1
202000035724;154 679 606;7;0;1;1;1;1
202000035725;154 679 604;7;0;2;2;18;0
202000035725;154 679 605;7;0;2;7;15;0
202000035726;154 679 601;7;0;2;3;22;1
202000035726;154 679 607;1;1;0;3;1;5
202000035727;154 679 600;36;4;0;1;1;3
202000035728;154 679 598;7;0;1;2;1;1
202000035729;154 679 599;30;0;2;2;1;1
202000035729;154 679 602;1;0;2;1;1;5
202000035730;154 679 596;2;0;0;0;0;0
202000035730;154 679 597;7;0;0;3;13;1
202000035731;154 679 594;33;0;2;3;7;1
202000035731;154 679 595;7;0;2;2;15;2
202000035732;154 679 592;1;0;2;1;1;5
202000035732;154 679 593;7;0;2;8;22;1
202000035733;154 679 603;17;0;2;3;1;1
202000035733;154 679 609;7;0;2;3;13;1
202000035734;154 679 589;2;0;2;2;1;1
202000035734;154 679 590;7;0;2;6;15;1
202000035735;154 679 588;7;0;1;3;1;1
202000035736;154 679 585;32;0;2;1;1;1
202000035736;154 679 591;7;0;2;8;15;1
202000035737;154 679 582;0;0;2;1;1;0
202000035737;154 679 583;7;0;2;7;15;6
202000035738;154 679 584;10;0;1;1;17;1
202000035739;154 679 579;99;0;2;3;1;1
202000035739;154 679 580;7;0;2;8;1;1
202000035740;154 679 586;7;0;0;4;10;1
202000035740;154 679 587;33;8;2;1;1;1
202000035741;154 679 578;7;8;0;8;1;1
202000035742;154 679 581;7;1;0;2;14;1
202000035743;154 679 574;33;0;2;7;1;1
202000035743;154 679 575;7;0;2;3;16;1
202000035744;154 679 572;7;0;2;3;23;1
202000035744;154 679 573;33;0;2;1;9;1
202000035745;154 679 570;7;0;0;8;19;1
202000035745;154 679 571;7;0;2;1;1;1
202000035746;154 679 568;7;13;0;8;1;1
202000035747;154 679 576;7;0;0;1;5;1
202000035747;154 679 577;7;0;0;1;1;1
202000035748;154 679 566;7;0;2;1;1;1
202000035748;154 679 567;7;0;2;1;13;1
202000035749;154 679 565;7;6;0;1;14;1
202000035750;154 679 562;7;0;1;2;25;1
202000035751;154 679 569;7;15;0;2;1;1
202000035752;154 679 558;7;0;2;8;26;1
202000035752;154 679 560;1;0;2;1;1;5
202000035753;154 679 561;7;0;2;1;1;1
202000035753;154 679 563;17;0;2;1;1;1
202000035753;154 679 564;7;0;2;0;17;1
202000035754;154 679 559;7;0;1;1;1;1
202000035755;154 679 554;2;0;2;8;15;1
202000035755;154 679 555;99;0;2;3;1;1
202000035756;154 679 549;17;0;2;1;1;1
202000035756;154 679 551;2;0;2;1;13;1
202000035757;154 679 552;1;0;2;1;19;0
202000035757;154 679 556;7;0;9;3;15;0
202000035758;154 679 550;7;0;2;3;15;1
202000035758;154 679 553;33;0;2;3;1;1
202000035759;154 679 547;10;0;1;2;1;1
202000035760;154 679 546;2;0;2;4;1;1
202000035760;154 679 548;7;4;2;1;2;0
202000035761;154 679 545;7;2;0;1;1;0
202000035762;154 679 543;7;0;2;0;2;1
202000035762;154 679 544;2;0;2;8;2;1
202000035763;154 679 540;7;8;0;8;1;1
202000035764;154 679 538;7;0;2;5;15;1
202000035764;154 679 542;33;0;2;1;1;1
202000035765;154 679 537;7;0;2;3;0;3
202000035765;154 679 541;7;0;2;1;1;1
202000035766;154 679 536;7;6;0;3;14;1
202000035767;154 679 534;7;0;2;2;2;1
202000035767;154 679 535;30;0;2;1;9;1
202000035768;154 679 532;7;0;2;1;1;1
202000035768;154 679 533;7;0;0;4;1;1
202000035769;154 679 529;7;3;0;7;1;1
202000035770;154 679 530;1;0;0;0;0;5
202000035770;154 679 531;7;0;0;3;26;1
202000035771;154 679 526;7;0;2;1;2;1
202000035771;154 679 528;7;0;2;4;2;1
202000035772;154 679 525;7;0;2;3;1;0
202000035772;154 679 527;2;0;2;1;1;0
202000035773;154 679 523;10;0;2;1;2;1
202000035773;154 679 524;7;0;2;4;15;1
202000035774;154 679 520;7;0;2;1;1;1
202000035774;154 679 521;1;0;2;4;11;5
202000035775;154 679 518;33;0;0;8;1;1
202000035776;154 679 517;7;0;2;7;21;1
202000035776;154 679 519;1;0;0;4;26;5
202000035777;154 679 513;7;0;2;3;13;1
202000035777;154 679 522;7;0;2;3;1;1
202000035778;154 679 512;99;0;2;9;1;1
202000035778;154 679 514;10;4;2;3;21;1
202000035779;154 679 511;7;8;0;5;1;0
202000035780;154 679 506;7;0;2;2;13;1
202000035780;154 679 508;15;0;2;1;1;1
202000035780;154 679 509;7;0;2;1;2;1
202000035780;154 679 510;10;0;2;8;2;1
202000035781;154 679 515;7;0;2;1;13;1
202000035781;154 679 516;7;0;2;1;1;1
202000035782;154 679 505;7;0;2;1;17;1
202000035782;154 679 507;7;0;2;1;1;1
202000035783;154 679 503;80;0;6;1;0;3
202000035784;154 679 501;33;6;0;0;17;1
202000035785;154 679 502;7;0;2;2;1;1
202000035785;154 679 504;17;0;0;6;1;1
202000035786;154 679 498;7;0;1;2;1;0
202000035787;154 679 496;1;0;2;8;0;5
202000035787;154 679 497;7;0;2;2;1;1
202000035788;154 679 495;10;12;1;5;1;1
202000035789;154 679 493;7;2;0;1;1;1
202000035790;154 679 494;33;0;2;3;18;1
202000035791;154 679 492;7;8;0;1;13;1
202000035792;154 679 489;7;0;2;1;5;1
202000035792;154 679 491;7;0;2;1;1;1
202000035793;154 679 486;7;0;2;2;1;1
202000035793;154 679 487;7;3;2;5;1;1
202000035794;154 679 499;7;0;2;2;1;1
202000035794;154 679 500;1;0;2;4;2;5
202000035795;154 679 483;7;0;0;2;1;1
202000035795;154 679 485;7;0;2;1;10;1
202000035796;154 679 482;7;0;2;7;1;1
202000035796;154 679 484;7;0;2;1;15;1
202000035797;154 679 480;7;8;0;6;1;1
202000035798;154 679 477;33;16;0;0;1;1
202000035799;154 679 476;33;0;0;0;1;1
202000035800;154 679 481;7;0;1;2;15;1
202000035801;154 679 488;7;0;2;1;15;1
202000035801;154 679 490;2;0;2;7;1;1
202000035802;154 679 474;7;0;2;1;15;1
202000035802;154 679 475;1;0;2;1;1;5
202000035803;154 679 470;7;3;2;3;1;1
202000035803;154 679 472;7;3;2;3;1;1
202000035804;154 679 467;2;0;0;0;1;1
202000035805;154 679 466;7;0;0;1;1;1
202000035805;154 679 468;7;12;0;1;1;1
202000035806;154 679 465;7;13;0;1;1;1
202000035807;154 679 461;7;3;2;1;2;1
202000035807;154 679 463;15;0;2;6;2;1
202000035808;154 679 460;7;13;0;0;1;1
202000035809;154 679 458;7;0;2;1;1;1
202000035809;154 679 462;7;0;2;7;1;1
202000035810;154 679 456;10;0;2;4;1;1
202000035810;154 679 457;33;0;2;1;2;1
202000035811;154 679 454;33;0;0;0;0;1
202000035812;154 679 453;7;2;0;1;1;1
202000035813;154 679 451;2;0;0;9;1;1
202000035814;154 679 449;7;0;2;1;1;1
202000035814;154 679 452;7;0;2;2;15;1
202000035815;154 679 447;33;13;0;0;17;1
202000035816;154 679 448;7;0;0;9;1;0
202000035817;154 679 445;7;0;0;1;1;3
202000035817;154 679 446;7;0;0;2;9;1
202000035818;154 679 442;33;0;2;1;1;1
202000035818;154 679 444;10;0;2;5;19;1
202000035819;154 679 441;7;0;2;1;1;1
202000035819;154 679 443;7;6;2;3;17;1
202000035820;154 679 438;7;7;0;8;15;1
202000035820;154 679 440;7;0;0;1;1;1
202000035821;154 679 436;15;0;9;7;17;1
202000035821;154 679 439;1;13;0;8;2;5
202000035822;154 679 433;7;13;0;9;21;1
202000035823;154 679 434;10;2;0;7;14;1
202000035824;154 679 432;7;0;2;3;1;1
202000035824;154 679 435;7;0;2;3;13;1
202000035825;154 679 429;7;0;1;2;0;1
202000035826;154 679 428;80;0;2;1;9;3
202000035826;154 679 430;7;0;2;2;1;1
202000035827;154 679 427;1;1;0;0;21;5
202000035827;154 679 431;7;0;2;3;19;1
202000035828;154 679 425;7;4;0;0;17;1
202000035829;154 679 423;7;0;1;3;1;1
202000035830;154 679 424;7;2;0;9;0;1
202000035831;154 679 422;7;6;0;2;16;1
202000035832;154 679 421;7;6;9;1;1;1
202000035833;154 679 420;7;0;1;1;1;1
202000035834;154 679 415;7;13;0;2;1;0
202000035835;154 679 416;33;0;2;5;23;1
202000035835;154 679 419;7;0;2;3;1;1
202000035836;154 679 410;7;0;2;3;1;1