Num_Acc;id_vehicule;categorie_vehicule;obstacle_fixe;obstacle_mobile;point_choc_initial;manoeuvre_principale;motorisation
202000035836;154 679 414;7;0;2;3;13;1
202000035837;154 679 411;7;8;2;1;13;1
202000035837;154 679 413;7;0;2;8;1;1
202000035838;154 679 412;99;1;0;1;5;1
202000035839;154 679 408;7;0;2;2;2;1
202000035839;154 679 409;1;0;0;4;2;5
202000035840;154 679 406;7;0;2;1;1;1
202000035840;154 679 407;7;0;2;1;1;0
202000035841;154 679 404;33;13;0;1;1;1
202000035842;154 679 403;7;0;9;8;1;1
202000035842;154 679 405;1;0;2;7;1;5
202000035843;154 679 400;33;2;0;1;0;1
202000035844;154 679 402;7;0;1;2;1;1
202000035845;154 679 399;7;0;2;1;1;1
202000035845;154 679 401;14;0;0;6;15;1
202000035846;154 679 398;33;7;0;8;1;1
202000035847;154 679 395;7;0;2;1;9;1
202000035847;154 679 396;7;0;2;4;9;1
202000035848;154 679 394;7;0;2;2;11;1
202000035848;154 679 397;7;0;2;3;1;1
202000035849;154 679 391;33;0;2;8;1;1
202000035849;154 679 392;7;0;2;7;12;1
202000035850;154 679 388;7;13;2;2;15;1
202000035850;154 679 390;10;13;2;1;1;1
202000035850;154 679 393;7;0;2;1;23;1
202000035851;154 679 387;38;0;2;1;1;1
202000035851;154 679 389;7;0;2;1;13;1
202000035852;154 679 383;7;0;2;1;1;1
202000035852;154 679 385;7;3;0;1;1;1
202000035852;154 679 386;7;0;2;1;1;1
202000035853;154 679 384;33;3;0;1;1;1
202000035854;154 679 382;7;0;1;3;13;1
202000035855;154 679 380;7;3;0;8;13;1
202000035856;154 679 377;7;0;2;2;9;1
202000035856;154 679 379;1;0;0;5;15;6
202000035857;154 679 376;7;0;2;4;23;1
202000035857;154 679 378;7;0;2;4;23;1
202000035857;154 679 381;7;0;2;1;1;1
202000035858;154 679 374;31;3;2;8;13;1
202000035858;154 679 375;7;0;2;6;1;1
202000035859;154 679 373;7;7;0;1;14;1
202000035860;154 679 369;7;0;2;4;2;1
202000035860;154 679 371;10;0;2;4;2;1
202000035860;154 679 372;10;0;2;1;1;1
202000035861;154 679 365;7;0;0;4;26;1
202000035861;154 679 367;7;0;2;1;0;0
202000035861;154 679 368;7;0;0;0;0;1
202000035862;154 679 366;2;2;0;1;13;1
202000035863;154 679 363;15;0;2;4;24;1
202000035863;154 679 364;7;1;0;1;2;1
202000035864;154 679 358;2;0;0;0;0;1
202000035865;154 679 359;7;6;2;2;14;1
202000035865;154 679 360;7;0;2;6;1;1
202000035866;154 679 356;7;0;2;1;2;1
202000035866;154 679 357;7;0;2;4;2;1
202000035867;154 679 354;7;0;0;8;15;1
202000035867;154 679 355;7;0;2;1;17;1
202000035868;154 679 350;7;0;2;3;9;1
202000035868;154 679 353;7;0;2;8;1;1
202000035869;154 679 346;33;0;2;1;2;1
202000035869;154 679 348;7;0;2;5;2;1
202000035870;154 679 351;33;12;0;3;13;1
202000035871;154 679 341;7;0;2;4;1;1
202000035871;154 679 344;33;0;2;1;2;0
202000035872;154 679 339;7;0;2;5;1;1
202000035872;154 679 340;7;0;2;8;1;1
202000035872;154 679 342;7;0;2;3;11;1
202000035872;154 679 343;33;0;2;5;3;1
202000035873;154 679 336;7;4;0;1;21;1
202000035874;154 679 335;33;0;2;1;1;1
202000035874;154 679 337;7;3;2;7;14;1
202000035874;154 679 338;13;0;2;3;13;1
202000035875;154 679 334;7;13;0;9;14;1
202000035876;154 679 333;33;0;0;9;9;1
202000035877;154 679 332;7;4;0;1;13;1
202000035878;154 679 331;7;0;0;9;13;1
202000035879;154 679 328;10;0;2;1;1;1
202000035879;154 679 330;7;0;2;4;2;1
202000035880;154 679 345;33;0;2;1;13;1
202000035880;154 679 347;7;0;2;1;1;1
202000035880;154 679 349;7;0;9;4;1;1
202000035881;154 679 329;7;4;0;3;15;1
202000035882;154 679 323;7;0;2;1;21;1
202000035882;154 679 326;7;0;2;1;11;1
202000035883;154 679 322;7;0;2;1;1;0
202000035883;154 679 324;7;0;2;4;1;1
202000035884;154 679 321;1;8;0;1;0;5
202000035885;154 679 316;7;2;0;8;1;1
202000035886;154 679 315;1;0;0;9;1;5
202000035887;154 679 317;10;0;2;1;2;1
202000035887;154 679 319;7;0;2;4;2;1
202000035887;154 679 320;7;0;2;4;2;1
202000035888;154 679 325;7;4;2;1;2;1
202000035888;154 679 327;7;0;2;4;2;1
202000035889;154 679 312;10;0;2;3;1;0
202000035889;154 679 314;15;0;2;8;14;1
202000035890;154 679 309;7;0;2;4;1;1
202000035890;154 679 310;7;0;2;1;3;1
202000035891;154 679 306;7;0;2;1;1;1
202000035891;154 679 308;7;0;2;2;9;1
202000035892;154 679 304;33;0;2;3;11;1
202000035892;154 679 305;7;0;2;3;2;0
202000035892;154 679 307;7;0;2;3;2;1
202000035893;154 679 302;7;0;1;3;1;1
202000035894;154 679 301;33;0;2;1;0;0
202000035894;154 679 303;7;0;2;6;15;0
202000035895;154 679 299;7;0;2;1;1;1
202000035895;154 679 300;33;0;2;4;2;1
202000035896;154 679 295;43;0;2;1;3;1
202000035896;154 679 297;7;0;2;6;11;1
202000035897;154 679 296;7;0;2;0;0;0
202000035897;154 679 298;7;0;2;0;0;0
202000035898;154 679 294;7;4;0;8;13;1
202000035899;154 679 293;34;0;1;1;1;1
202000035900;154 679 291;7;5;2;5;1;1
202000035900;154 679 292;7;0;2;3;13;1
202000035901;154 679 289;7;0;2;4;26;1
202000035901;154 679 290;7;0;2;1;26;1
202000035902;154 679 287;7;16;0;3;9;1
202000035902;154 679 288;2;16;0;4;0;1
202000035903;154 679 285;7;0;2;3;12;0
202000035903;154 679 286;31;0;2;1;3;1
202000035904;154 679 282;33;0;2;1;1;1
202000035904;154 679 284;7;0;2;6;11;1
202000035905;154 679 281;33;0;2;8;15;0
202000035905;154 679 283;37;0;2;1;1;0
202000035906;154 679 277;43;0;2;1;3;1
202000035906;154 679 278;7;0;2;3;17;1
202000035906;154 679 279;7;0;2;8;2;1
202000035906;154 679 280;7;0;2;4;2;1
202000035907;154 679 276;7;0;1;3;2;1
202000035908;154 679 275;7;0;1;0;1;0
202000035909;154 679 273;7;0;1;1;5;1
202000035909;154 679 274;7;0;2;1;5;1
202000035910;154 679 271;7;0;2;1;1;0
202000035910;154 679 272;7;0;2;1;1;0
202000035911;154 679 269;33;0;2;8;1;1
202000035911;154 679 270;7;0;2;2;1;1
202000035912;154 679 267;30;0;2;2;1;1
202000035912;154 679 268;7;0;2;3;1;1
202000035913;154 679 265;7;0;1;1;21;1
202000035914;154 679 264;30;8;2;0;1;1
202000035914;154 679 266;7;0;2;0;9;1
202000035915;154 679 261;7;0;2;0;19;1
202000035915;154 679 263;7;0;2;0;1;1
202000035916;154 679 260;1;0;2;1;1;5
202000035916;154 679 262;7;0;2;5;15;1
202000035917;154 679 259;7;0;1;1;15;0
202000035918;154 679 257;7;0;2;2;1;1
202000035918;154 679 258;80;0;2;1;1;3
202000035919;154 679 255;7;0;1;1;16;1
202000035920;154 679 254;7;0;2;3;1;1
202000035920;154 679 256;33;0;2;2;1;1
202000035921;154 679 253;7;6;0;1;14;1
202000035922;154 679 252;34;0;1;1;1;1
202000035923;154 679 251;7;1;0;2;14;1
202000035924;154 679 248;1;0;2;2;1;5
202000035924;154 679 249;7;0;2;1;15;1
202000035925;154 679 250;10;0;1;3;4;1
202000035926;154 679 246;30;0;1;3;1;1
202000035927;154 679 245;7;0;2;2;15;1
202000035927;154 679 247;1;0;2;8;1;5
202000035928;154 679 242;7;0;2;7;16;1
202000035928;154 679 244;50;0;2;1;18;3
202000035929;154 679 241;2;0;2;1;1;1
202000035929;154 679 243;7;0;2;3;15;1
202000035930;154 679 240;30;15;0;0;18;1
202000035931;154 679 238;7;0;2;1;9;1
202000035931;154 679 239;7;1;0;7;1;1
202000035932;154 679 236;10;0;2;3;13;1
202000035932;154 679 237;7;0;2;8;1;1
202000035933;154 679 235;32;0;0;7;1;1
202000035934;154 679 233;30;0;2;1;1;1
202000035934;154 679 234;7;0;2;2;1;1
202000035935;154 679 231;1;0;0;1;12;5
202000035936;154 679 230;7;0;2;2;15;1
202000035936;154 679 232;7;0;2;1;1;1
202000035937;154 679 229;31;0;0;8;1;1
202000035938;154 679 225;50;0;2;2;1;3
202000035938;154 679 226;7;0;2;3;1;1
202000035939;154 679 227;7;0;2;6;2;1
202000035939;154 679 228;7;0;2;1;26;1
202000035940;154 679 223;10;0;1;1;15;1
202000035941;154 679 222;50;0;2;0;19;3
202000035941;154 679 224;7;0;2;2;16;1
202000035942;154 679 219;80;0;2;4;1;3
202000035942;154 679 221;7;0;2;2;1;1
202000035943;154 679 218;1;0;2;7;19;5
202000035943;154 679 220;30;0;2;1;1;1
202000035944;154 679 216;31;0;1;1;17;1
202000035945;154 679 215;50;0;2;7;1;3
202000035945;154 679 217;7;0;2;1;19;1
202000035946;154 679 212;7;0;2;7;1;1
202000035946;154 679 214;7;0;2;1;1;1
202000035947;154 679 211;7;0;2;3;15;1
202000035947;154 679 213;7;0;2;3;16;1
202000035948;154 679 210;7;0;1;0;1;1
202000035949;154 679 209;7;0;1;0;16;0
202000035950;154 679 207;7;0;2;1;0;1
202000035950;154 679 208;99;0;0;0;0;0
202000035951;154 679 206;7;0;1;1;15;1
202000035952;154 679 204;7;0;2;6;2;1
202000035952;154 679 205;1;0;2;1;1;5
202000035953;154 679 203;30;0;0;8;1;1
202000035954;154 679 201;38;0;2;1;2;1
202000035954;154 679 202;7;0;0;4;2;3
202000035955;154 679 199;7;0;2;8;18;1
202000035955;154 679 200;7;0;2;2;12;1
202000035956;154 679 198;7;0;0;9;26;1
202000035957;154 679 197;7;0;1;7;26;1
202000035958;154 679 196;30;12;0;1;26;1
202000035959;154 679 194;7;0;2;3;26;1
202000035959;154 679 195;33;0;2;4;1;1
202000035960;154 679 192;7;0;2;8;1;1
202000035960;154 679 193;1;0;2;2;19;5
202000035961;154 679 190;38;0;2;4;2;0
202000035961;154 679 191;7;0;2;1;26;0
202000035962;154 679 189;7;0;1;1;1;0
202000035963;154 679 187;7;0;2;1;15;1
202000035963;154 679 188;7;0;2;3;1;1
202000035964;154 679 185;7;0;2;1;2;1
202000035964;154 679 186;7;0;2;4;2;1
202000035965;154 679 183;7;0;2;1;15;1
202000035965;154 679 184;7;0;2;7;1;1
202000035966;154 679 181;7;0;2;2;19;1
202000035966;154 679 182;2;0;2;1;2;1
202000035967;154 679 179;7;0;2;4;1;1
202000035967;154 679 180;33;0;2;1;2;1
202000035968;154 679 177;7;0;2;3;9;0
202000035968;154 679 178;32;0;2;1;1;1
202000035969;154 679 175;10;7;2;2;26;1
202000035969;154 679 176;7;0;2;3;26;1
202000035970;154 679 172;33;0;2;1;3;1
202000035970;154 679 173;7;0;2;5;1;1
202000035970;154 679 174;7;0;2;8;1;1
202000035971;154 679 170;10;0;2;6;2;1
202000035971;154 679 171;33;0;2;1;2;1
202000035972;154 679 167;32;0;2;2;3;1
202000035972;154 679 168;7;0;2;7;1;3
202000035972;154 679 169;10;0;2;6;1;1
202000035973;154 679 165;14;0;2;2;1;1
202000035973;154 679 166;7;0;2;8;9;1
202000035974;154 679 163;32;0;2;7;2;1
202000035974;154 679 164;7;0;2;0;18;0
202000035975;154 679 162;43;4;0;3;13;1
202000035976;154 679 161;33;14;0;0;13;1
202000035977;154 679 160;10;0;1;4;4;1
202000035978;154 679 158;10;0;2;2;16;3
202000035978;154 679 159;50;0;2;1;1;3
202000035979;154 679 156;7;0;2;0;1;0
202000035979;154 679 157;2;0;2;3;1;1
202000035980;154 679 154;7;0;2;3;8;1
202000035980;154 679 155;1;0;2;8;19;5
202000035981;154 679 152;7;0;2;8;22;1
202000035981;154 679 153;1;0;2;1;1;5
202000035982;154 679 150;1;0;2;1;19;5
202000035982;154 679 151;7;0;2;1;15;1
202000035983;154 679 149;7;0;1;2;1;2
202000035984;154 679 147;7;0;2;5;15;1
202000035984;154 679 148;32;0;2;2;2;1
202000035985;154 679 145;43;0;2;4;23;1
202000035985;154 679 146;33;0;2;1;2;1
202000035986;154 679 143;32;0;2;4;0;1
202000035986;154 679 144;7;0;2;4;2;1
202000035987;154 679 141;7;0;2;2;16;1
202000035987;154 679 142;32;0;2;3;1;1
202000035988;154 679 139;7;0;9;2;1;1
202000035988;154 679 140;1;0;2;8;15;5
202000035989;154 679 137;7;0;2;8;1;2
202000035989;154 679 138;33;0;2;1;17;1
202000035990;154 679 136;7;0;0;0;0;0
202000035991;154 679 134;7;0;0;6;15;1
202000035991;154 679 135;33;0;2;1;2;1
202000035992;154 679 132;7;0;2;3;9;1
202000035992;154 679 133;7;0;2;1;1;1
202000035993;154 679 129;7;0;0;0;1;1
202000035993;154 679 130;7;0;0;6;1;1
202000035993;154 679 131;7;0;0;1;1;1
202000035994;154 679 126;7;13;0;8;1;1
202000035995;154 679 124;33;0;2;7;15;1
202000035995;154 679 125;7;0;2;1;1;1
202000035996;154 679 122;7;0;2;3;1;1
202000035996;154 679 123;7;0;2;1;13;1
202000035997;154 679 121;33;0;0;8;1;1
202000035998;154 679 117;7;13;0;9;17;1
202000035999;154 679 116;13;6;0;1;1;1
202000036000;154 679 114;32;0;2;1;13;1
202000036000;154 679 115;30;0;2;1;1;1
202000036001;154 679 112;7;0;2;2;1;1
202000036001;154 679 113;31;0;2;1;13;1
202000036002;154 679 110;7;0;1;4;23;1
202000036002;154 679 111;7;0;2;1;1;1
202000036003;154 679 108;7;13;2;5;9;1
202000036003;154 679 109;13;0;2;3;9;0
202000036004;154 679 106;7;0;0;7;19;6
202000036004;154 679 107;33;0;2;1;1;1
202000036005;154 679 105;7;2;0;8;0;1
202000036006;154 679 103;33;0;2;5;2;1
202000036006;154 679 104;7;0;2;3;2;1
202000036007;154 679 101;7;0;2;1;2;0
202000036007;154 679 102;1;0;2;4;2;5
202000036008;154 679 100;33;3;0;7;1;1
202000036009;154 679 098;7;0;2;2;15;1
202000036009;154 679 099;33;0;2;1;1;1
202000036010;154 679 097;7;0;0;1;15;1
202000036011;154 679 096;32;0;0;7;16;1
202000036012;154 679 094;2;0;2;1;17;1
202000036012;154 679 095;7;0;2;3;15;1
202000036013;154 679 093;33;3;0;1;1;1
202000036014;154 679 092;33;0;0;8;2;1
202000036015;154 679 090;7;0;2;1;13;1
202000036015;154 679 091;7;0;2;1;1;1
202000036016;154 679 088;7;0;2;7;19;1
202000036016;154 679 089;2;0;2;1;1;1
202000036017;154 679 087;33;3;0;8;14;1
202000036018;154 679 085;1;0;2;0;13;5
202000036018;154 679 086;7;0;9;2;13;1
202000036019;154 679 083;7;0;2;3;1;1
202000036019;154 679 084;7;0;2;3;13;1
202000036020;154 679 081;7;0;2;6;1;1
202000036020;154 679 082;7;0;2;2;9;1
202000036021;154 679 079;10;0;2;1;1;1
202000036021;154 679 080;7;0;2;1;5;1
202000036022;154 679 076;7;0;2;1;2;1
202000036022;154 679 077;7;0;2;4;2;1
202000036022;154 679 078;7;0;2;1;2;1
202000036023;154 679 074;34;14;0;3;2;1
202000036023;154 679 075;7;0;2;2;2;1
202000036024;154 679 072;7;0;2;1;1;1
202000036024;154 679 073;7;0;2;4;2;1
202000036025;154 679 070;7;0;2;7;12;1
202000036025;154 679 071;33;0;2;8;3;1
202000036026;154 679 069;31;0;2;3;21;1
202000036027;154 679 067;7;0;2;5;2;1
202000036027;154 679 068;33;0;2;3;1;1
202000036028;154 679 065;31;0;2;3;21;1
202000036028;154 679 066;7;0;2;5;2;1
202000036029;154 679 063;7;0;2;3;21;1
202000036029;154 679 064;7;0;9;1;18;1
202000036030;154 679 061;43;0;2;3;3;1
202000036030;154 679 062;7;0;2;2;12;1
202000036031;154 679 059;10;0;2;4;2;1
202000036031;154 679 060;7;0;2;1;2;1
202000036032;154 679 057;33;0;2;2;3;1
202000036032;154 679 058;7;0;2;4;1;1
202000036033;154 679 055;7;0;2;6;1;1
202000036033;154 679 056;14;0;2;2;12;1
202000036034;154 679 053;7;4;2;4;1;1
202000036034;154 679 054;15;0;2;1;12;1
202000036035;154 679 051;7;0;2;1;16;1
202000036035;154 679 052;7;0;2;3;1;1
202000036036;154 679 049;7;1;0;2;10;1
202000036036;154 679 050;32;0;2;3;1;1
202000036037;154 679 048;7;0;1;1;26;1
202000036038;154 679 047;10;0;1;8;16;1
202000036039;154 679 045;7;0;2;7;9;1
202000036039;154 679 046;32;0;2;8;1;0
202000036040;154 679 041;33;0;2;1;17;1
202000036040;154 679 042;7;0;2;8;1;1
202000036040;154 679 043;7;0;2;8;1;1
202000036040;154 679 044;2;0;2;0;1;1
202000036041;154 679 039;30;0;2;4;9;1
202000036041;154 679 040;7;0;2;1;9;1
202000036042;154 679 037;7;0;2;2;26;1
202000036042;154 679 038;1;0;2;4;15;5
202000036043;154 679 036;7;1;0;1;21;1
202000036044;154 679 034;7;0;2;2;15;1
202000036044;154 679 035;2;0;2;6;2;3
202000036045;154 679 032;10;0;2;1;26;1
202000036045;154 679 033;10;0;2;4;1;4
202000036046;154 679 030;7;0;9;4;23;1
202000036046;154 679 031;1;0;2;1;1;5
202000036047;154 679 028;7;0;2;3;15;2
202000036047;154 679 029;1;0;2;1;1;5
202000036048;154 679 026;2;0;2;1;1;0
202000036048;154 679 027;7;0;2;3;15;2
202000036049;154 679 025;7;0;1;1;15;1
202000036050;154 679 023;7;0;2;2;1;1
202000036050;154 679 024;7;0;2;1;1;1
202000036051;154 679 021;31;0;2;1;0;1
202000036051;154 679 022;7;0;9;5;15;1
202000036052;154 679 020;1;8;0;1;13;5
202000036053;154 679 018;1;0;2;7;19;5
202000036053;154 679 019;7;0;2;3;1;1
202000036054;154 679 016;7;0;2;2;1;1
202000036054;154 679 017;50;0;2;3;1;3
202000036055;154 679 013;10;0;2;1;0;1
202000036055;154 679 014;7;0;2;5;1;1
202000036055;154 679 015;7;0;2;6;4;1
202000036056;154 679 012;30;14;0;0;0;1
202000036057;154 679 010;7;0;2;7;15;1
202000036057;154 679 011;7;0;2;1;1;1
202000036058;154 679 009;7;0;1;3;1;1
202000036059;154 679 007;7;0;9;1;19;1
202000036059;154 679 008;1;0;2;1;19;5
202000036060;154 679 005;1;0;2;1;9;5
202000036060;154 679 006;7;0;2;1;1;1
202000036061;154 679 003;1;0;2;0;19;5
202000036061;154 679 004;7;0;2;1;1;1
202000036062;154 679 002;7;0;1;1;16;1
202000036063;154 679 001;33;0;1;1;1;1
202000036064;154 678 997;7;0;2;4;23;1
202000036064;154 678 998;7;0;2;4;23;1
202000036064;154 678 999;7;0;2;4;23;1
202000036064;154 679 000;7;0;2;1;2;1
202000036065;154 678 995;7;0;2;4;2;1
202000036065;154 678 996;7;0;2;1;2;1
202000036066;154 678 993;1;0;2;0;0;5
202000036066;154 678 994;7;0;2;3;9;1
202000036067;154 678 991;10;0;2;2;16;1
202000036067;154 678 992;2;0;2;8;18;1
202000036068;154 678 990;33;0;0;9;17;1
202000036069;154 678 988;1;1;0;1;19;5
202000036069;154 678 989;7;1;0;2;1;1
202000036070;154 678 987;7;1;0;2;14;1
202000036071;154 678 985;7;0;2;8;15;1
202000036071;154 678 986;30;0;2;1;17;1
202000036072;154 678 984;7;1;0;0;1;0
202000036073;154 678 981;10;0;2;2;1;1
202000036073;154 678 982;7;0;2;1;1;1
202000036074;154 678 980;37;0;1;3;15;1
202000036075;154 678 978;1;0;2;0;0;5
202000036075;154 678 979;7;0;2;2;0;1
202000036076;154 678 976;31;0;2;1;1;1
202000036076;154 678 977;10;0;2;5;15;1
202000036077;154 678 974;34;0;0;4;2;1
202000036077;154 678 975;7;14;2;1;26;1
202000036078;154 678 972;1;0;2;7;1;5
202000036078;154 678 973;7;0;2;1;1;1
202000036079;154 678 968;33;0;2;6;1;1
202000036079;154 678 969;7;0;2;2;1;1
202000036080;154 678 966;7;0;2;4;2;1
202000036080;154 678 967;10;0;2;1;2;1
202000036081;154 678 964;7;0;2;6;1;1
202000036081;154 678 965;33;0;2;1;1;1
202000036082;154 678 962;7;0;2;8;15;1
202000036082;154 678 963;33;0;2;1;1;1
202000036083;154 678 961;7;0;0;9;13;1
202000036084;154 678 960;7;0;1;1;1;1
202000036085;154 678 958;7;0;1;3;1;1
202000036086;154 678 956;1;0;2;1;2;0
202000036086;154 678 957;7;0;9;1;9;1
202000036087;154 678 954;30;0;2;1;1;1
202000036087;154 678 955;7;0;2;3;1;1
202000036088;154 678 952;7;0;2;7;1;1
202000036088;154 678 953;30;0;2;8;1;1
202000036089;154 678 950;7;0;2;4;1;1
202000036089;154 678 951;30;0;2;1;1;1
202000036090;154 678 948;7;0;2;1;26;1
202000036090;154 678 949;3;0;2;5;26;1
202000036091;154 678 946;7;0;2;8;11;1
202000036091;154 678 947;7;0;2;2;2;1
202000036092;154 678 944;7;0;2;8;13;0
202000036092;154 678 945;1;0;2;7;1;5
202000036093;154 678 942;7;0;2;3;15;1
202000036093;154 678 943;2;0;2;1;0;1
202000036094;154 678 940;30;0;2;1;17;1
202000036094;154 678 941;7;0;2;3;15;1
202000036095;154 678 938;7;0;2;2;1;
202000036095;154 678 939;7;0;2;3;1;
202000036096;154 678 936;7;0;2;2;22;1
202000036096;154 678 937;14;1;1;6;1;1
202000036097;154 678 935;7;4;0;0;11;1
202000036098;154 678 934;33;0;0;0;1;1
202000036099;154 678 932;7;0;2;2;15;1
202000036099;154 678 933;31;0;2;1;1;1
202000036100;154 678 928;7;0;2;4;2;6
202000036100;154 678 929;7;0;2;4;2;1
202000036100;154 678 930;7;0;2;4;2;1
202000036100;154 678 931;7;0;2;1;2;1
202000036101;154 678 926;32;0;2;8;3;1
202000036101;154 678 927;10;0;2;6;1;1
202000036102;154 678 924;33;0;2;7;21;1
202000036102;154 678 925;7;0;2;8;1;1
202000036103;154 678 922;30;0;2;1;1;1
202000036103;154 678 923;1;0;2;4;1;5
202000036104;154 678 920;1;0;2;1;1;5
202000036104;154 678 921;1;0;2;1;5;5
202000036105;154 678 919;1;0;1;8;1;5
202000036106;154 678 918;30;0;1;3;17;1
202000036107;154 678 917;33;0;1;1;1;1
202000036108;154 678 915;7;0;2;3;1;1
202000036108;154 678 916;50;0;2;7;1;3
202000036109;154 678 914;1;0;0;0;1;5
202000036110;154 678 912;7;0;2;4;4;1
202000036110;154 678 913;1;0;2;1;1;5
202000036111;154 678 911;50;0;0;0;1;3
202000036112;154 678 909;33;0;2;1;2;1
202000036112;154 678 910;10;0;2;6;2;1
202000036113;154 678 907;7;0;2;1;19;0
202000036113;154 678 908;31;0;2;1;19;0
202000036114;154 678 906;31;0;1;1;1;1
202000036115;154 678 904;7;0;2;3;17;1
202000036115;154 678 905;31;0;2;1;17;1
202000036116;154 678 901;7;0;2;4;23;1
202000036116;154 678 902;3;0;2;4;23;1
202000036116;154 678 903;7;0;2;1;1;1
202000036117;154 678 900;7;1;1;3;11;0
202000036118;154 678 898;7;1;0;3;11;1
202000036118;154 678 899;1;1;0;0;0;0
202000036119;154 678 897;7;0;1;8;1;1
202000036120;154 678 895;7;0;2;0;15;1
202000036120;154 678 896;31;0;2;0;17;1
202000036121;154 678 893;10;0;2;0;2;0
202000036121;154 678 894;7;0;2;4;23;0
202000036122;154 678 891;7;0;2;2;9;0
202000036122;154 678 892;99;0;2;0;26;0
202000036123;154 678 889;7;0;2;0;0;6
202000036123;154 678 890;2;0;2;0;0;0
202000036124;154 678 887;2;0;2;1;18;6
202000036124;154 678 888;10;0;2;2;1;1
202000036125;154 678 886;80;12;0;0;1;3
202000036126;154 678 884;30;0;2;1;2;0
202000036126;154 678 885;7;7;0;6;2;0
202000036127;154 678 882;32;0;2;1;2;1
202000036127;154 678 883;7;0;2;4;10;1
202000036128;154 678 881;7;0;1;5;4;0
202000036129;154 678 879;33;0;2;1;3;1
202000036129;154 678 880;7;0;2;2;15;1
202000036130;154 678 877;7;0;2;7;10;1
202000036130;154 678 878;7;0;2;1;1;1
202000036131;154 678 875;31;0;2;5;3;1
202000036131;154 678 876;7;0;2;8;15;1
202000036132;154 678 873;7;0;0;3;19;1
202000036132;154 678 874;41;0;0;1;0;1
202000036133;154 678 871;7;0;2;1;15;1
202000036133;154 678 872;33;0;2;3;18;1
202000036134;154 678 870;7;7;0;1;16;1
202000036135;154 678 868;7;0;2;6;13;1
202000036135;154 678 869;7;0;2;1;0;1
202000036136;154 678 866;7;0;2;8;11;1
202000036136;154 678 867;33;0;2;7;17;1
202000036137;154 678 864;2;0;2;4;1;1
202000036137;154 678 865;10;0;2;1;1;1
202000036138;154 678 862;2;0;2;1;19;1
202000036138;154 678 863;7;0;2;3;1;1
202000036139;154 678 860;30;0;2;4;0;1
202000036139;154 678 861;7;0;2;1;0;1
202000036140;154 678 857;7;0;2;1;1;1
202000036140;154 678 858;7;0;2;4;1;1
202000036140;154 678 859;7;0;2;4;1;1
202000036141;154 678 856;33;0;0;1;1;1
202000036142;154 678 855;33;0;0;9;1;1
202000036143;154 678 853;1;0;2;8;1;5
202000036143;154 678 854;7;0;9;3;1;6
202000036144;154 678 851;31;0;2;1;1;0
202000036144;154 678 852;7;0;2;7;9;0
202000036145;154 678 849;10;0;2;3;1;1
202000036145;154 678 850;10;12;2;3;1;1
202000036146;154 678 848;33;11;0;1;17;1
202000036147;154 678 846;7;0;2;2;1;1
202000036147;154 678 847;31;0;2;3;18;1
202000036148;154 678 845;21;0;0;7;1;6
202000036149;154 678 844;33;0;0;2;1;1
202000036150;154 678 842;1;0;2;3;1;5
202000036150;154 678 843;7;0;2;1;15;1
202000036151;154 678 841;31;0;0;0;0;0
202000036152;154 678 840;2;13;0;1;2;0
202000036153;154 678 837;7;0;2;1;1;1
202000036153;154 678 838;7;0;2;7;1;1
202000036154;154 678 833;7;0;2;3;13;1
202000036154;154 678 834;7;0;2;1;17;1
202000036154;154 678 835;7;5;2;1;2;1
202000036154;154 678 836;7;0;9;1;2;1
202000036155;154 678 832;7;0;0;1;19;1
202000036156;154 678 831;1;0;0;0;1;
202000036157;154 678 830;7;2;0;3;13;3
202000036158;154 678 829;10;16;0;2;1;1
202000036159;154 678 826;7;0;2;2;21;1
202000036159;154 678 827;7;0;2;1;10;1
202000036159;154 678 828;2;0;2;1;1;1
202000036160;154 678 825;10;0;1;1;1;1
202000036161;154 678 823;15;0;0;8;1;1
202000036161;154 678 824;7;0;2;7;14;1
202000036162;154 678 822;7;13;0;1;2;1
202000036163;154 678 818;7;0;9;8;23;1
202000036163;154 678 819;7;0;2;8;23;1
202000036163;154 678 820;7;12;2;7;1;1
202000036163;154 678 821;7;12;2;1;17;0
202000036164;154 678 816;7;0;2;1;2;1
202000036164;154 678 817;7;0;0;4;1;6
202000036165;154 678 815;7;0;1;2;21;1
202000036166;154 678 813;2;0;0;7;1;1
202000036166;154 678 814;7;0;2;1;19;1
202000036167;154 678 811;31;0;2;1;1;1
202000036167;154 678 812;21;0;0;8;1;1
202000036168;154 678 810;31;0;0;0;2;1
202000036169;154 678 808;31;0;2;8;1;1
202000036169;154 678 809;7;0;2;2;1;1
202000036170;154 678 806;7;0;2;3;26;1
202000036170;154 678 807;7;0;2;2;1;1
202000036171;154 678 804;10;0;2;8;13;1
202000036171;154 678 805;7;0;2;8;1;1
202000036172;154 678 802;7;0;2;1;26;1
202000036172;154 678 803;2;0;2;1;1;1
202000036173;154 678 801;7;15;0;1;0;1
202000036174;154 678 799;10;0;9;3;16;1
202000036174;154 678 800;1;0;0;8;19;5
202000036175;154 678 797;1;0;2;6;2;6
202000036175;154 678 798;7;0;2;2;2;0
202000036176;154 678 795;7;0;2;8;13;1