Num_Acc;id_vehicule;categorie_vehicule;obstacle_fixe;obstacle_mobile;point_choc_initial;manoeuvre_principale;motorisation
202000036176;154 678 796;3;0;2;8;13;1
202000036177;154 678 793;7;0;0;6;15;1
202000036177;154 678 794;33;0;2;1;17;1
202000036178;154 678 792;7;13;0;1;1;1
202000036179;154 678 789;7;0;9;3;1;1
202000036179;154 678 790;1;0;2;1;1;5
202000036180;154 678 787;7;0;2;8;9;1
202000036180;154 678 788;30;0;2;1;1;1
202000036181;154 678 786;10;0;1;2;1;1
202000036182;154 678 784;34;0;2;8;2;1
202000036182;154 678 785;7;0;2;7;16;1
202000036183;154 678 783;7;2;0;1;14;1
202000036184;154 678 780;2;0;2;3;9;1
202000036184;154 678 781;7;0;2;4;1;1
202000036184;154 678 782;7;0;2;1;1;1
202000036185;154 678 778;7;0;2;3;5;1
202000036185;154 678 779;7;0;2;2;1;1
202000036186;154 678 776;10;0;2;2;21;1
202000036186;154 678 777;7;0;0;6;23;1
202000036187;154 678 774;15;0;0;1;2;1
202000036187;154 678 775;7;0;0;4;0;1
202000036188;154 678 773;7;6;0;1;1;1
202000036189;154 678 769;33;0;2;1;26;1
202000036189;154 678 770;7;0;2;4;4;1
202000036190;154 678 768;15;0;1;2;1;1
202000036191;154 678 767;2;0;1;1;1;1
202000036192;154 678 766;33;15;0;8;2;1
202000036193;154 678 765;7;2;0;1;1;1
202000036194;154 678 763;7;0;2;3;10;1
202000036194;154 678 764;2;0;2;2;1;1
202000036195;154 678 762;2;0;0;5;0;1
202000036196;154 678 761;33;0;0;8;1;1
202000036197;154 678 759;7;4;2;6;13;1
202000036197;154 678 760;0;;2;;12;
202000036198;154 678 755;7;0;2;6;15;1
202000036198;154 678 756;30;0;2;1;1;1
202000036199;154 678 753;10;0;2;2;1;1
202000036199;154 678 754;33;0;2;7;1;1
202000036200;154 678 751;7;0;2;7;17;1
202000036200;154 678 752;33;0;2;8;1;1
202000036201;154 678 750;7;0;1;2;1;1
202000036202;154 678 749;7;10;0;3;16;1
202000036203;154 678 747;31;0;2;1;1;1
202000036203;154 678 748;7;0;2;3;15;1
202000036204;154 678 745;10;0;2;2;1;1
202000036204;154 678 746;2;0;2;8;9;1
202000036205;154 678 743;7;0;2;2;9;1
202000036205;154 678 744;10;0;2;1;9;1
202000036206;154 678 740;3;0;2;2;1;1
202000036206;154 678 741;33;0;2;7;17;1
202000036206;154 678 742;7;0;2;3;15;1
202000036207;154 678 739;2;6;0;2;26;1
202000036208;154 678 736;7;0;2;1;1;1
202000036208;154 678 737;7;0;2;4;23;1
202000036208;154 678 738;7;0;2;4;23;1
202000036209;154 678 734;7;0;0;0;0;0
202000036209;154 678 735;7;0;2;7;21;0
202000036210;154 678 731;10;0;2;1;2;0
202000036210;154 678 732;7;0;2;3;23;0
202000036210;154 678 733;7;0;2;4;23;0
202000036211;154 678 729;7;0;2;1;1;1
202000036211;154 678 730;31;0;2;8;1;1
202000036212;154 678 726;2;0;2;1;17;1
202000036212;154 678 727;7;0;2;3;15;1
202000036213;154 678 723;7;0;2;1;26;1
202000036213;154 678 724;7;0;2;6;0;1
202000036213;154 678 725;7;0;2;6;0;1
202000036214;154 678 721;7;0;9;1;1;1
202000036214;154 678 722;1;0;2;0;0;5
202000036215;154 678 720;7;13;0;1;13;1
202000036216;154 678 719;30;0;0;0;1;1
202000036217;154 678 717;2;0;2;2;21;1
202000036217;154 678 718;7;0;2;3;9;1
202000036218;154 678 716;7;15;0;5;1;1
202000036219;154 678 714;1;0;2;8;7;5
202000036219;154 678 715;7;0;2;2;16;1
202000036220;154 678 713;37;0;1;5;7;1
202000036221;154 678 711;7;0;2;4;23;1
202000036221;154 678 712;7;0;2;1;2;1
202000036222;154 678 709;1;0;2;3;15;5
202000036222;154 678 710;7;0;2;0;1;0
202000036223;154 678 708;7;0;1;4;4;1
202000036224;154 678 707;10;0;1;6;1;3
202000036225;154 678 705;50;0;2;1;5;3
202000036225;154 678 706;30;0;2;3;9;3
202000036226;154 678 704;10;0;0;9;0;1
202000036227;154 678 703;7;0;1;1;17;1
202000036228;154 678 701;33;1;2;1;21;1
202000036228;154 678 702;7;0;2;3;13;1
202000036229;154 678 698;7;14;0;4;2;1
202000036229;154 678 699;7;0;2;4;23;1
202000036229;154 678 700;7;14;0;1;2;0
202000036230;154 678 696;7;0;2;3;15;1
202000036230;154 678 697;7;0;2;3;16;1
202000036231;154 678 695;7;0;1;1;16;1
202000036232;154 678 693;7;0;1;0;0;1
202000036232;154 678 694;7;0;1;2;26;1
202000036233;154 678 691;7;0;9;7;26;0
202000036233;154 678 692;1;0;2;7;26;5
202000036234;154 678 688;7;0;2;1;1;1
202000036234;154 678 689;31;1;2;1;13;0
202000036234;154 678 690;10;0;2;3;24;0
202000036235;154 678 687;0;0;1;0;0;0
202000036236;154 678 685;13;0;2;5;12;0
202000036236;154 678 686;7;0;2;3;16;0
202000036237;154 678 683;7;0;2;1;1;0
202000036237;154 678 684;7;0;2;1;1;1
202000036238;154 678 681;50;0;2;2;17;3
202000036238;154 678 682;7;0;2;3;15;1
202000036239;154 678 679;7;0;2;3;1;0
202000036239;154 678 680;7;0;2;3;13;0
202000036240;154 678 677;1;0;2;8;7;5
202000036240;154 678 678;7;0;2;2;16;1
202000036241;154 678 676;33;15;0;1;17;0
202000036242;154 678 675;7;15;0;1;1;1
202000036243;154 678 673;7;0;2;7;15;1
202000036243;154 678 674;31;0;2;1;1;1
202000036244;154 678 671;7;0;2;3;1;1
202000036244;154 678 672;7;0;0;8;1;1
202000036245;154 678 669;33;0;2;1;1;1
202000036245;154 678 670;7;0;2;7;15;1
202000036246;154 678 668;7;0;0;0;26;1
202000036247;154 678 667;7;2;0;1;1;1
202000036248;154 678 665;7;0;2;5;1;1
202000036248;154 678 666;60;0;2;1;19;5
202000036249;154 678 664;7;2;0;1;0;1
202000036250;154 678 663;33;0;0;0;1;1
202000036251;154 678 662;2;0;0;2;0;1
202000036252;154 678 659;30;0;2;1;2;1
202000036252;154 678 660;7;0;0;5;2;1
202000036252;154 678 661;7;0;0;7;2;1
202000036253;154 678 657;33;0;2;3;15;1
202000036253;154 678 658;33;0;2;2;17;1
202000036254;154 678 655;7;0;2;1;2;1
202000036254;154 678 656;21;0;2;4;1;0
202000036255;154 678 654;33;0;0;9;1;1
202000036256;154 678 653;7;13;0;3;1;1
202000036257;154 678 651;7;0;0;1;1;1
202000036257;154 678 652;7;0;0;2;0;1
202000036258;154 678 649;14;0;2;6;23;1
202000036258;154 678 650;14;0;2;2;1;1
202000036259;154 678 646;17;0;0;4;23;1
202000036259;154 678 647;17;0;0;4;23;1
202000036259;154 678 648;17;0;0;1;2;1
202000036260;154 678 644;15;0;0;5;1;1
202000036260;154 678 645;7;0;2;2;1;1
202000036261;154 678 640;7;0;2;2;15;1
202000036261;154 678 641;2;0;2;1;1;1
202000036262;154 678 639;0;0;0;0;0;6
202000036263;154 678 638;36;0;0;0;1;1
202000036264;154 678 636;7;6;2;3;0;0
202000036264;154 678 637;7;0;2;1;0;0
202000036265;154 678 634;33;0;2;1;1;1
202000036265;154 678 635;31;0;2;1;5;1
202000036266;154 678 633;2;13;0;1;1;1
202000036267;154 678 631;33;0;2;1;5;1
202000036267;154 678 632;7;0;2;3;1;1
202000036268;154 678 630;33;13;0;0;13;1
202000036269;154 678 629;2;0;0;7;1;1
202000036270;154 678 626;14;0;2;4;23;1
202000036270;154 678 627;15;0;2;4;23;1
202000036270;154 678 628;15;0;2;1;2;1
202000036271;154 678 624;2;0;0;7;1;1
202000036271;154 678 625;7;0;0;0;1;1
202000036272;154 678 622;80;0;2;1;1;3
202000036272;154 678 623;7;0;9;7;19;1
202000036273;154 678 620;7;0;2;3;1;0
202000036273;154 678 621;7;0;2;3;1;0
202000036274;154 678 615;7;0;2;3;23;1
202000036274;154 678 616;7;0;2;1;17;1
202000036274;154 678 617;7;0;2;1;1;1
202000036275;154 678 613;7;0;2;1;0;1
202000036275;154 678 614;7;0;2;8;0;1
202000036276;154 678 611;7;0;2;1;13;1
202000036276;154 678 612;2;0;2;1;17;1
202000036277;154 678 608;10;0;0;0;0;6
202000036277;154 678 609;7;16;0;6;0;6
202000036278;154 678 606;7;0;2;2;13;1
202000036278;154 678 607;7;0;2;6;1;1
202000036279;154 678 604;7;0;2;3;1;1
202000036279;154 678 605;7;0;2;2;14;1
202000036280;154 678 603;7;4;0;1;21;1
202000036281;154 678 595;7;3;0;3;6;1
202000036281;154 678 596;7;0;0;0;1;1
202000036281;154 678 597;7;0;0;0;1;1
202000036281;154 678 598;7;0;0;0;1;1
202000036281;154 678 599;7;3;0;0;1;1
202000036281;154 678 600;7;0;0;0;1;1
202000036281;154 678 601;7;0;0;0;1;1
202000036281;154 678 602;7;0;0;0;1;1
202000036282;154 678 593;10;0;2;1;2;1
202000036282;154 678 594;7;0;2;4;2;1
202000036283;154 678 591;31;0;2;8;2;1
202000036283;154 678 592;7;0;2;7;12;1
202000036284;154 678 589;7;0;2;3;1;1
202000036284;154 678 590;7;0;2;3;1;1
202000036285;154 678 587;34;0;2;1;1;1
202000036285;154 678 588;1;0;2;4;1;5
202000036286;154 678 585;31;0;2;7;21;1
202000036286;154 678 586;34;0;2;4;16;1
202000036287;154 678 584;60;0;1;1;1;5
202000036288;154 678 582;7;0;2;3;23;1
202000036288;154 678 583;7;0;2;3;15;1
202000036289;154 678 579;7;0;2;3;2;6
202000036289;154 678 580;7;0;2;4;2;6
202000036289;154 678 581;7;0;2;5;2;6
202000036290;154 678 577;7;0;2;1;9;1
202000036290;154 678 578;32;0;2;4;1;1
202000036291;154 678 574;7;0;0;0;2;1
202000036292;154 678 573;7;8;0;1;13;1
202000036293;154 678 572;7;13;2;3;1;1
202000036294;154 678 571;7;6;0;2;1;1
202000036295;154 678 569;31;8;1;1;17;1
202000036296;154 678 567;7;0;2;2;11;0
202000036296;154 678 568;33;0;2;1;1;0
202000036297;154 678 565;10;4;2;1;19;6
202000036297;154 678 566;10;0;2;1;0;6
202000036298;154 678 564;7;2;0;1;1;1
202000036299;154 678 562;33;0;2;1;1;1
202000036299;154 678 563;7;0;2;3;19;1
202000036300;154 678 561;7;0;1;1;1;1
202000036301;154 678 559;7;0;2;1;15;1
202000036301;154 678 560;7;0;2;7;1;1
202000036302;154 678 558;7;8;0;1;1;1
202000036303;154 678 556;0;0;2;6;15;0
202000036303;154 678 557;7;0;2;3;1;1
202000036304;154 678 554;10;0;2;1;1;1
202000036304;154 678 555;7;0;2;2;1;1
202000036305;154 678 553;30;0;0;8;1;1
202000036306;154 678 551;33;0;2;1;1;1
202000036306;154 678 552;7;0;2;5;15;1
202000036307;154 678 549;10;0;2;2;16;1
202000036307;154 678 550;30;0;2;3;18;1
202000036308;154 678 547;7;0;2;8;1;1
202000036308;154 678 548;7;0;2;1;1;1
202000036309;154 678 544;7;0;2;4;23;1
202000036309;154 678 545;7;0;2;1;1;1
202000036309;154 678 546;7;0;2;4;23;1
202000036310;154 678 542;7;0;9;7;1;1
202000036310;154 678 543;1;0;2;1;19;5
202000036311;154 678 540;7;0;2;4;0;6
202000036311;154 678 541;32;0;2;1;1;1
202000036312;154 678 538;7;0;2;2;16;1
202000036312;154 678 539;2;0;2;3;1;1
202000036313;154 678 536;7;0;2;8;15;1
202000036313;154 678 537;30;0;2;1;17;1
202000036314;154 678 534;7;0;2;1;26;1
202000036314;154 678 535;7;0;2;4;0;1
202000036315;154 678 531;7;0;2;3;9;1
202000036315;154 678 532;2;1;2;1;1;1
202000036316;154 678 529;2;0;2;8;10;1
202000036316;154 678 530;33;0;2;1;1;1
202000036317;154 678 527;7;0;2;1;15;1
202000036317;154 678 528;10;0;2;3;1;1
202000036318;154 678 525;7;0;2;8;26;1
202000036318;154 678 526;32;0;2;1;26;1
202000036319;154 678 524;7;7;0;1;1;1
202000036320;154 678 522;10;0;2;0;14;0
202000036320;154 678 523;7;4;2;6;1;1
202000036321;154 678 520;7;0;2;3;11;1
202000036321;154 678 521;33;0;2;2;3;1
202000036322;154 678 519;33;0;0;8;1;1
202000036323;154 678 516;7;0;2;8;1;1
202000036323;154 678 517;32;0;2;6;11;1
202000036323;154 678 518;33;0;2;2;3;1
202000036324;154 678 515;7;14;0;3;1;1
202000036325;154 678 514;43;14;0;1;13;1
202000036326;154 678 512;7;0;2;2;16;2
202000036326;154 678 513;30;0;2;3;18;1
202000036327;154 678 511;1;1;0;1;14;5
202000036328;154 678 509;1;0;2;1;2;5
202000036328;154 678 510;7;0;2;4;23;1
202000036329;154 678 507;7;0;2;1;1;1
202000036329;154 678 508;7;0;2;4;23;1
202000036330;154 678 506;10;0;1;4;4;1
202000036331;154 678 505;7;0;1;3;1;1
202000036332;154 678 503;7;0;2;3;9;1
202000036332;154 678 504;7;0;2;2;1;4
202000036333;154 678 501;50;1;0;7;2;3
202000036333;154 678 502;10;0;0;0;0;0
202000036334;154 678 499;7;0;2;4;1;1
202000036334;154 678 500;7;0;2;1;1;1
202000036335;154 678 496;7;0;2;4;23;1
202000036335;154 678 497;7;0;2;1;7;1
202000036335;154 678 498;7;0;2;4;1;1
202000036336;154 678 494;10;0;2;3;26;1
202000036336;154 678 495;99;0;0;3;26;3
202000036337;154 678 493;7;0;1;2;1;6
202000036338;154 678 492;7;6;0;1;26;1
202000036339;154 678 491;7;0;0;1;1;1
202000036340;154 678 490;7;0;1;3;15;1
202000036341;154 678 489;1;0;1;3;26;0
202000036342;154 678 488;1;0;1;1;15;5
202000036343;154 678 486;31;0;2;1;12;1
202000036343;154 678 487;7;0;2;6;11;6
202000036344;154 678 484;10;0;2;8;1;1
202000036344;154 678 485;7;0;2;1;1;1
202000036345;154 678 483;14;0;1;2;1;1
202000036346;154 678 479;7;0;2;3;1;1
202000036346;154 678 480;7;0;2;1;15;1
202000036347;154 678 477;7;0;0;2;1;1
202000036347;154 678 478;7;0;0;5;1;1
202000036348;154 678 475;7;0;2;3;1;1
202000036348;154 678 476;33;0;2;1;13;1
202000036349;154 678 473;2;0;0;0;2;1
202000036349;154 678 474;2;0;0;0;0;1
202000036350;154 678 472;7;6;0;1;1;1
202000036351;154 678 471;7;6;0;1;1;1
202000036352;154 678 469;7;0;2;1;9;0
202000036352;154 678 470;7;0;2;3;1;0
202000036353;154 678 468;7;8;0;3;1;1
202000036354;154 678 467;21;0;0;9;0;1
202000036355;154 678 466;2;6;5;1;1;1
202000036356;154 678 464;7;0;2;3;15;1
202000036356;154 678 465;7;0;2;2;1;1
202000036357;154 678 463;0;0;1;2;0;0
202000036358;154 678 462;7;16;0;1;13;1
202000036359;154 678 460;7;0;9;8;19;1
202000036359;154 678 461;80;0;2;1;1;3
202000036360;154 678 459;7;6;0;1;1;1
202000036361;154 678 458;7;6;0;1;1;1
202000036362;154 678 456;7;0;0;4;24;1
202000036362;154 678 457;1;1;0;1;26;5
202000036363;154 678 454;7;0;2;2;1;1
202000036363;154 678 455;7;2;2;2;1;1
202000036364;154 678 452;7;0;2;3;1;1
202000036364;154 678 453;1;0;2;1;19;0
202000036365;154 678 451;7;16;0;9;1;1
202000036366;154 678 450;36;6;0;1;16;1
202000036367;154 678 449;32;5;0;2;1;1
202000036368;154 678 447;7;0;2;3;1;1
202000036368;154 678 448;7;0;2;1;5;1
202000036369;154 678 446;2;0;0;0;17;1
202000036370;154 678 444;7;0;2;3;15;0
202000036370;154 678 445;33;0;2;1;17;1
202000036371;154 678 443;7;0;1;1;1;1
202000036372;154 678 441;33;0;2;7;1;1
202000036372;154 678 442;7;0;2;1;9;1
202000036373;154 678 439;7;0;2;2;1;1
202000036373;154 678 440;7;0;2;6;1;1
202000036374;154 678 437;7;0;2;3;1;1
202000036374;154 678 438;42;0;2;1;1;1
202000036375;154 678 435;10;0;2;3;9;1
202000036375;154 678 436;33;0;2;2;2;0
202000036376;154 678 432;7;0;2;8;16;1
202000036376;154 678 433;7;0;2;4;2;1
202000036376;154 678 434;13;16;2;1;2;0
202000036377;154 678 430;10;1;0;3;17;0
202000036377;154 678 431;2;0;0;5;0;0
202000036378;154 678 428;34;0;2;7;17;1
202000036378;154 678 429;7;0;2;8;1;1
202000036379;154 678 426;7;0;2;3;1;1
202000036379;154 678 427;33;0;2;7;12;1
202000036380;154 678 425;1;0;1;1;1;5
202000036381;154 678 423;10;0;2;3;0;1
202000036381;154 678 424;33;0;2;0;16;1
202000036382;154 678 422;7;0;1;1;1;1
202000036383;154 678 421;7;0;1;2;26;1
202000036384;154 678 419;32;0;2;4;2;1
202000036384;154 678 420;10;0;2;1;2;1
202000036385;154 678 418;10;0;1;2;1;1
202000036386;154 678 416;30;0;2;1;17;1
202000036386;154 678 417;7;0;2;6;19;1
202000036387;154 678 414;7;0;2;6;1;1
202000036387;154 678 415;30;0;2;2;17;1
202000036388;154 678 412;7;0;2;1;2;1
202000036388;154 678 413;7;0;2;3;9;1
202000036389;154 678 411;30;9;0;1;13;1
202000036390;154 678 409;33;0;2;1;13;1
202000036390;154 678 410;7;0;2;5;1;1
202000036391;154 678 408;7;6;0;1;14;1
202000036392;154 678 407;30;8;0;1;1;1
202000036393;154 678 405;7;0;2;1;2;1
202000036393;154 678 406;7;0;2;0;2;1
202000036394;154 678 403;50;0;2;7;1;3
202000036394;154 678 404;7;0;2;1;9;1
202000036395;154 678 401;7;0;2;1;1;1
202000036395;154 678 402;7;0;2;1;6;1
202000036396;154 678 399;10;0;2;2;1;1
202000036396;154 678 400;30;0;2;3;15;1
202000036397;154 678 398;30;0;2;1;13;1
202000036398;154 678 397;7;0;1;1;1;1
202000036399;154 678 396;7;8;0;3;0;1
202000036400;154 678 395;33;3;0;8;1;1
202000036401;154 678 393;14;0;2;1;9;1
202000036401;154 678 394;7;0;2;4;23;1
202000036402;154 678 390;7;0;2;4;1;1
202000036402;154 678 391;7;0;2;1;1;1
202000036402;154 678 392;7;0;2;4;1;1
202000036403;154 678 388;7;0;2;2;16;1
202000036403;154 678 389;1;0;2;3;1;0
202000036404;154 678 386;1;0;2;1;5;5
202000036404;154 678 387;7;0;2;3;9;1
202000036405;154 678 384;7;0;0;0;0;0
202000036405;154 678 385;7;0;2;2;1;1
202000036406;154 678 382;2;0;2;8;1;1
202000036406;154 678 383;7;0;0;0;0;0
202000036407;154 678 381;2;0;0;8;21;1
202000036408;154 678 379;7;0;2;1;1;1
202000036408;154 678 380;10;0;2;1;1;1
202000036409;154 678 378;7;8;0;2;14;1
202000036410;154 678 376;10;0;2;2;2;1
202000036410;154 678 377;33;16;2;4;9;1
202000036411;154 678 374;7;0;2;2;15;1
202000036411;154 678 375;2;1;2;1;1;0
202000036412;154 678 372;7;0;2;4;2;1
202000036412;154 678 373;7;0;2;1;2;1
202000036413;154 678 370;7;0;2;1;1;1
202000036413;154 678 371;7;0;2;4;1;1
202000036414;154 678 368;7;0;2;1;2;1
202000036414;154 678 369;1;0;2;4;2;5
202000036415;154 678 366;33;0;2;1;1;0
202000036415;154 678 367;13;0;2;2;9;1
202000036416;154 678 364;13;0;2;2;16;1
202000036416;154 678 365;7;0;2;3;0;1
202000036417;154 678 362;7;0;2;1;1;1
202000036417;154 678 363;7;0;2;1;13;1
202000036418;154 678 360;7;0;2;1;13;1
202000036418;154 678 361;7;0;2;5;1;1
202000036419;154 678 359;7;6;1;5;4;1
202000036420;154 678 358;31;3;0;1;16;1
202000036421;154 678 356;31;0;2;8;1;1
202000036421;154 678 357;10;0;2;2;16;1
202000036422;154 678 354;20;0;2;2;9;1
202000036422;154 678 355;30;0;2;5;26;1
202000036423;154 678 351;7;0;2;1;1;1
202000036423;154 678 352;7;0;2;2;9;1
202000036423;154 678 353;2;0;2;7;1;1
202000036424;154 678 346;7;0;2;0;0;0
202000036424;154 678 347;31;0;2;4;1;1
202000036425;154 678 344;30;0;2;2;15;1
202000036425;154 678 345;32;0;2;1;1;1
202000036426;154 678 343;32;0;1;2;17;1
202000036427;154 678 341;1;0;2;8;19;5
202000036427;154 678 342;7;0;9;0;0;0
202000036428;154 678 339;13;0;2;4;23;6
202000036428;154 678 340;1;0;2;1;2;5
202000036429;154 678 338;43;0;1;1;1;1
202000036430;154 678 334;1;0;2;1;2;5
202000036430;154 678 335;1;0;2;1;2;5
202000036430;154 678 336;1;0;2;1;2;5
202000036430;154 678 337;1;14;2;1;14;5
202000036431;154 678 332;30;0;2;3;18;1
202000036431;154 678 333;7;0;2;5;16;1
202000036432;154 678 330;30;0;2;1;1;1
202000036432;154 678 331;7;0;2;7;15;1
202000036433;154 678 329;7;0;1;1;15;1
202000036434;154 678 327;1;0;2;1;17;5
202000036434;154 678 328;7;0;2;3;15;2
202000036435;154 678 326;7;0;1;3;1;2
202000036436;154 678 324;7;0;2;2;1;1
202000036436;154 678 325;32;0;2;1;1;1
202000036437;154 678 323;7;1;1;2;11;1
202000036438;154 678 321;30;0;2;1;2;1
202000036438;154 678 322;7;0;2;6;15;1
202000036439;154 678 320;7;0;1;1;17;1
202000036440;154 678 319;1;0;0;0;1;5
202000036441;154 678 318;7;0;1;2;26;1
202000036442;154 678 317;7;0;1;2;1;1
202000036443;154 678 316;7;7;0;1;16;1
202000036444;154 678 314;7;0;2;1;1;0
202000036444;154 678 315;7;0;2;2;1;0
202000036445;154 678 313;32;0;0;0;26;1
202000036446;154 678 312;34;0;0;0;2;1
202000036447;154 678 310;7;0;2;3;9;1
202000036447;154 678 311;31;0;2;4;1;1
202000036448;154 678 308;7;0;2;6;1;2
202000036448;154 678 309;34;0;2;2;14;1
202000036449;154 678 307;7;1;0;1;13;1
202000036450;154 678 306;7;0;1;7;1;0
202000036451;154 678 304;7;0;2;3;1;1
202000036451;154 678 305;10;0;2;7;16;1
202000036452;154 678 302;7;0;9;3;15;1
202000036452;154 678 303;1;0;2;1;2;5
202000036453;154 678 300;50;0;9;8;11;3
202000036453;154 678 301;60;0;9;7;26;5
202000036454;154 678 298;60;0;2;8;26;5
202000036454;154 678 299;7;0;2;2;21;1
202000036455;154 678 296;7;0;2;2;1;1
202000036455;154 678 297;7;0;2;3;19;1
202000036456;154 678 295;7;15;0;3;1;1
202000036457;154 678 292;31;0;1;1;1;1
202000036458;154 678 290;33;0;2;2;21;1
202000036458;154 678 291;33;0;2;6;1;1
202000036459;154 678 289;10;2;0;3;1;1
202000036460;154 678 288;33;0;2;1;17;1
202000036461;154 678 287;7;15;0;1;1;1
202000036462;154 678 285;7;0;2;2;11;1
202000036462;154 678 286;33;0;2;1;1;1
202000036463;154 678 283;7;0;2;3;11;1
202000036463;154 678 284;14;0;2;3;1;1
202000036464;154 678 281;7;0;2;3;5;1
202000036464;154 678 282;7;0;2;8;21;1
202000036465;154 678 279;7;0;2;3;15;0
202000036465;154 678 280;33;0;2;2;1;0
202000036466;154 678 278;7;13;0;3;14;1
202000036467;154 678 276;10;13;0;6;1;1
202000036467;154 678 277;7;13;2;3;13;1
202000036468;154 678 274;7;0;2;2;1;1
202000036468;154 678 275;7;0;2;7;11;1
202000036469;154 678 272;1;0;2;1;13;5
202000036469;154 678 273;10;0;2;3;1;1
202000036470;154 678 271;33;0;0;1;13;1
202000036471;154 678 270;7;0;1;2;1;1
202000036472;154 678 269;10;0;1;7;1;1
202000036473;154 678 267;10;0;2;3;13;6
202000036473;154 678 268;43;0;2;3;1;1
202000036474;154 678 266;7;17;0;4;14;1
202000036475;154 678 265;33;8;0;9;1;1
202000036476;154 678 263;10;15;2;7;1;1
202000036476;154 678 264;10;8;2;3;1;1
202000036477;154 678 262;7;0;1;2;13;1
202000036478;154 678 261;7;0;1;4;4;1
202000036479;154 678 260;7;0;1;1;1;1
202000036480;154 678 258;7;0;0;4;1;1
202000036480;154 678 259;7;0;2;1;2;1
202000036481;154 678 255;2;0;2;1;18;1
202000036481;154 678 256;7;0;0;5;16;1
202000036482;154 678 252;7;0;2;1;1;1
202000036482;154 678 253;10;0;2;8;1;1
202000036482;154 678 254;7;0;2;2;21;1
202000036483;154 678 250;7;0;2;2;2;1
202000036483;154 678 251;1;0;0;4;2;5
202000036484;154 678 248;7;0;2;1;13;1
202000036484;154 678 249;7;0;2;1;1;1
202000036485;154 678 246;7;0;2;1;2;1
202000036485;154 678 247;7;0;2;8;9;1
202000036486;154 678 245;7;2;0;1;14;0
202000036487;154 678 243;7;0;2;6;15;1
202000036487;154 678 244;7;0;2;2;1;1
202000036488;154 678 241;10;0;2;2;13;1
202000036488;154 678 242;7;6;2;6;16;1
202000036489;154 678 238;7;0;2;3;1;1
202000036489;154 678 239;7;0;9;1;1;1
202000036489;154 678 240;7;0;2;3;13;1
202000036490;154 678 237;2;4;0;1;14;1
202000036491;154 678 235;7;0;2;1;15;1
202000036491;154 678 236;7;0;2;1;1;1
202000036492;154 678 233;7;0;2;3;1;1
202000036492;154 678 234;7;0;2;1;19;1
202000036493;154 678 232;7;3;9;1;12;1
202000036494;154 678 230;15;0;0;6;2;1
202000036494;154 678 231;7;0;2;1;2;1
202000036495;154 678 228;33;0;2;7;15;1
202000036495;154 678 229;7;0;2;7;15;1
202000036496;154 678 226;34;0;0;8;1;0
202000036496;154 678 227;7;0;2;1;15;0
202000036497;154 678 224;7;0;2;3;1;1
202000036497;154 678 225;7;0;2;3;13;1
202000036498;154 678 223;17;4;0;7;1;1
202000036499;154 678 221;7;0;2;1;13;1
202000036499;154 678 222;15;0;2;1;1;1
202000036500;154 678 219;7;0;2;3;15;1
202000036500;154 678 220;7;0;2;1;1;1
202000036501;154 678 217;7;0;2;1;9;1
202000036501;154 678 218;7;0;2;7;9;1
202000036502;154 678 215;7;0;2;1;2;1
202000036502;154 678 216;21;0;0;4;1;1
202000036503;154 678 213;7;0;9;7;14;1
202000036503;154 678 214;1;0;2;8;1;5
202000036504;154 678 212;50;12;0;0;26;3
202000036505;154 678 211;7;0;1;0;0;1
202000036506;154 678 210;31;13;0;1;1;1
202000036507;154 678 209;80;0;0;8;21;3
202000036508;154 678 207;10;7;0;7;1;1
202000036508;154 678 208;7;1;0;1;16;1
202000036509;154 678 204;43;0;2;1;16;1
202000036509;154 678 206;7;8;2;7;1;2
202000036510;154 678 205;33;0;1;0;1;1
202000036511;154 678 201;14;0;2;1;1;1
202000036511;154 678 203;17;0;2;1;13;1
202000036512;154 678 200;7;0;2;3;15;1
202000036512;154 678 202;33;0;2;8;1;1
202000036513;154 678 197;10;0;2;4;23;1
202000036513;154 678 199;10;0;2;1;1;1
202000036514;154 678 196;7;0;2;4;4;1
202000036514;154 678 198;33;0;2;1;0;1
202000036515;154 678 192;7;0;2;3;15;1
202000036515;154 678 194;32;0;2;1;17;1
202000036516;154 678 191;7;0;2;2;0;1
202000036516;154 678 193;7;0;2;6;0;1
202000036516;154 678 195;7;0;2;2;26;1
202000036517;154 678 187;7;0;2;5;1;1
202000036517;154 678 188;33;0;2;2;1;1
202000036518;154 678 189;17;0;2;2;14;1
202000036518;154 678 190;7;0;2;8;1;1
202000036519;154 678 184;7;0;2;3;22;1
202000036519;154 678 186;43;0;2;2;17;1
202000036520;154 678 183;7;0;2;1;1;1
202000036520;154 678 185;7;0;2;4;1;1
202000036521;154 678 180;15;0;2;2;12;1
202000036521;154 678 181;7;0;2;3;1;1
202000036522;154 678 176;7;3;2;3;2;1
202000036522;154 678 177;7;0;9;0;11;1
202000036522;154 678 178;7;0;2;1;12;1
202000036523;154 678 179;32;0;2;2;17;1
202000036523;154 678 182;10;0;2;8;13;1
202000036524;154 678 174;10;0;1;4;4;1
202000036525;154 678 173;7;0;2;3;9;1
202000036525;154 678 175;7;0;2;7;1;1