Num_Acc;id_vehicule;categorie_vehicule;obstacle_fixe;obstacle_mobile;point_choc_initial;manoeuvre_principale;motorisation
202000036526;154 678 171;7;3;0;9;2;1
202000036527;154 678 172;10;0;1;4;20;1
202000036528;154 678 168;7;0;2;2;0;1
202000036528;154 678 170;7;0;2;6;11;1
202000036529;154 678 167;1;0;2;8;1;6
202000036529;154 678 169;30;0;9;8;1;3
202000036530;154 678 164;7;0;2;1;1;1
202000036530;154 678 165;7;0;2;3;1;1
202000036530;154 678 166;13;0;2;2;1;1
202000036531;154 678 162;15;0;2;2;1;1
202000036531;154 678 163;7;0;2;4;0;1
202000036532;154 678 161;7;0;1;2;19;1
202000036533;154 678 159;7;0;2;1;2;0
202000036533;154 678 160;7;0;2;4;2;1
202000036534;154 678 157;7;0;2;6;23;1
202000036534;154 678 158;33;0;2;6;17;1
202000036535;154 678 154;7;0;2;4;2;1
202000036535;154 678 155;33;0;2;1;1;1
202000036536;154 678 156;7;0;1;1;1;1
202000036537;154 678 153;33;0;0;9;1;1
202000036538;154 678 151;7;0;2;5;1;1
202000036538;154 678 152;33;0;2;1;12;1
202000036539;154 678 149;33;0;2;1;3;1
202000036539;154 678 150;10;0;2;4;11;1
202000036540;154 678 146;7;0;2;1;1;1
202000036540;154 678 148;7;0;1;4;1;1
202000036541;154 678 145;7;0;2;3;11;0
202000036541;154 678 147;34;0;2;2;1;1
202000036542;154 678 141;7;0;2;3;15;0
202000036542;154 678 143;30;0;2;7;17;0
202000036543;154 678 139;7;0;2;4;2;1
202000036543;154 678 140;7;0;2;4;2;1
202000036543;154 678 142;7;0;2;4;2;1
202000036543;154 678 144;10;0;2;1;2;1
202000036544;154 678 137;14;0;2;2;12;0
202000036544;154 678 138;32;0;2;3;2;1
202000036545;154 678 135;17;0;2;2;12;1
202000036545;154 678 136;7;0;2;3;1;1
202000036546;154 678 132;7;0;2;9;1;1
202000036546;154 678 133;15;0;2;2;12;1
202000036546;154 678 134;7;0;2;1;1;1
202000036547;154 678 130;7;0;1;1;15;2
202000036548;154 678 128;31;0;2;8;3;1
202000036548;154 678 129;7;0;2;7;1;1
202000036548;154 678 131;7;0;2;7;12;3
202000036549;154 678 126;33;0;2;1;21;1
202000036550;154 678 122;7;0;2;4;1;1
202000036550;154 678 123;7;0;2;4;1;1
202000036550;154 678 124;7;0;2;5;12;1
202000036550;154 678 125;33;0;2;3;3;1
202000036551;154 678 121;1;0;1;2;25;5
202000036552;154 678 119;32;0;2;7;2;0
202000036552;154 678 120;7;0;0;5;2;0
202000036553;154 678 117;7;0;2;1;1;1
202000036553;154 678 118;10;0;2;6;1;1
202000036554;154 678 127;7;2;0;1;1;1
202000036555;154 678 115;2;0;2;1;21;1
202000036555;154 678 116;99;0;2;3;9;1
202000036556;154 678 114;7;8;0;3;1;1
202000036557;154 678 113;31;0;0;8;26;1
202000036558;154 678 112;33;0;0;7;14;1
202000036559;154 678 109;7;0;1;2;1;1
202000036560;154 678 110;15;0;0;6;1;0
202000036560;154 678 111;7;0;2;2;0;0
202000036561;154 678 107;7;0;2;2;2;1
202000036561;154 678 108;30;0;2;1;18;1
202000036562;154 678 106;33;0;0;9;1;1
202000036563;154 678 105;7;6;0;1;17;1
202000036564;154 678 100;7;0;2;1;1;0
202000036564;154 678 102;33;0;2;7;15;0
202000036565;154 678 099;7;13;2;1;12;1
202000036565;154 678 101;7;4;0;4;0;1
202000036566;154 678 092;34;6;2;5;13;1
202000036566;154 678 093;7;0;2;2;1;1
202000036566;154 678 094;34;0;2;3;13;1
202000036567;154 678 088;0;0;2;0;0;0
202000036567;154 678 089;7;0;2;3;15;1
202000036568;154 678 085;33;0;2;1;3;1
202000036568;154 678 086;7;0;2;3;16;1
202000036569;154 678 087;7;0;2;1;2;1
202000036569;154 678 090;15;0;0;6;2;1
202000036570;154 678 082;1;0;2;8;1;5
202000036570;154 678 084;7;0;2;1;15;1
202000036571;154 678 081;7;0;2;3;1;1
202000036571;154 678 083;7;0;2;1;13;1
202000036572;154 678 079;10;0;2;1;9;1
202000036572;154 678 080;10;0;2;6;1;1
202000036573;154 678 072;7;0;2;1;2;1
202000036573;154 678 073;7;0;2;1;2;1
202000036573;154 678 076;15;0;2;3;1;1
202000036573;154 678 077;7;0;2;3;17;1
202000036573;154 678 078;7;0;0;4;1;1
202000036574;154 678 070;7;0;2;3;20;1
202000036574;154 678 071;33;0;2;0;1;1
202000036575;154 678 067;7;0;0;3;9;0
202000036575;154 678 068;34;0;0;2;15;1
202000036576;154 678 064;7;0;2;3;13;1
202000036576;154 678 065;7;8;2;3;1;1
202000036577;154 678 066;7;0;2;4;1;1
202000036577;154 678 069;7;0;2;1;1;1
202000036578;154 678 063;7;13;0;9;13;1
202000036579;154 678 062;7;0;1;2;15;1
202000036580;154 678 060;7;4;0;4;2;0
202000036580;154 678 061;7;0;2;1;0;0
202000036581;154 678 058;7;3;0;7;1;1
202000036582;154 678 057;7;0;2;7;0;1
202000036582;154 678 059;7;0;2;1;0;1
202000036583;154 678 055;7;0;1;2;1;1
202000036583;154 678 056;7;0;2;2;1;1
202000036584;154 678 054;7;16;0;0;14;1
202000036585;154 678 051;10;0;2;2;19;6
202000036585;154 678 053;33;0;2;7;26;0
202000036586;154 678 050;14;0;2;2;16;1
202000036586;154 678 052;1;0;2;0;0;0
202000036587;154 678 047;7;0;2;4;2;1
202000036587;154 678 048;7;0;2;1;2;1
202000036588;154 678 046;10;0;1;1;16;1
202000036589;154 678 043;7;9;0;9;1;1
202000036590;154 678 044;7;0;2;1;9;1
202000036590;154 678 045;7;0;2;1;1;1
202000036591;154 678 041;7;0;1;3;15;1
202000036592;154 678 040;17;0;2;3;1;1
202000036592;154 678 042;7;0;2;3;1;1
202000036593;154 678 038;7;11;2;1;1;1
202000036593;154 678 039;7;0;2;8;1;1
202000036594;154 678 035;2;0;2;1;16;1
202000036594;154 678 036;7;0;2;5;14;1
202000036595;154 678 033;7;0;2;1;1;1
202000036595;154 678 034;7;0;2;5;19;1
202000036596;154 678 031;7;0;9;2;26;1
202000036596;154 678 032;1;0;2;7;19;5
202000036597;154 678 037;7;2;1;1;1;1
202000036598;154 678 028;7;0;2;1;2;1
202000036598;154 678 029;7;0;2;4;1;1
202000036599;154 678 026;30;0;2;6;23;1
202000036599;154 678 027;7;0;2;2;2;1
202000036600;154 678 024;31;0;0;7;0;1
202000036601;154 678 022;7;0;2;6;1;1
202000036601;154 678 023;33;0;2;8;2;1
202000036602;154 678 021;2;0;0;0;21;1
202000036603;154 678 018;1;0;9;8;19;0
202000036603;154 678 019;31;0;9;1;19;0
202000036604;154 678 020;7;0;9;1;2;1
202000036604;154 678 030;1;0;2;4;2;6
202000036605;154 678 016;7;0;2;7;2;1
202000036605;154 678 017;1;0;0;8;2;0
202000036606;154 678 014;31;0;2;7;1;1
202000036606;154 678 015;7;0;2;1;19;1
202000036607;154 678 013;7;2;0;0;1;1
202000036608;154 678 012;7;14;0;1;1;1
202000036609;154 678 011;7;7;0;2;1;1
202000036610;154 678 010;7;13;0;8;1;1
202000036611;154 678 009;43;7;0;1;1;1
202000036612;154 678 008;3;2;0;1;1;1
202000036613;154 678 007;7;0;1;1;1;1
202000036614;154 678 005;7;0;2;3;1;1
202000036614;154 678 006;7;0;2;7;15;1
202000036615;154 678 004;7;4;0;1;1;1
202000036616;154 678 003;7;15;0;8;1;1
202000036617;154 678 002;7;13;0;1;13;1
202000036618;154 678 000;7;0;2;1;1;6
202000036618;154 678 001;7;0;2;1;1;0
202000036619;154 677 998;7;0;0;4;1;1
202000036619;154 677 999;7;0;2;1;1;1
202000036620;154 677 997;7;0;5;1;1;0
202000036621;154 677 996;7;0;0;9;1;1
202000036622;154 677 995;7;8;0;3;1;1
202000036623;154 677 992;7;1;0;1;1;1
202000036624;154 677 991;7;8;0;1;0;1
202000036625;154 677 989;7;0;2;2;21;1
202000036625;154 677 990;17;0;0;6;23;1
202000036626;154 677 988;7;0;1;2;1;1
202000036627;154 677 986;7;0;2;1;0;1
202000036627;154 677 987;7;0;2;1;0;0
202000036628;154 677 983;7;0;2;1;13;1
202000036628;154 677 984;7;0;2;1;1;1
202000036628;154 677 985;33;0;2;9;1;1
202000036629;154 677 981;33;0;2;2;17;1
202000036629;154 677 982;7;0;0;1;19;1
202000036630;154 677 979;33;0;2;2;17;1
202000036630;154 677 980;7;0;0;3;15;1
202000036631;154 677 978;7;8;0;1;1;1
202000036632;154 677 977;7;13;0;3;13;1
202000036633;154 677 973;7;0;2;1;1;1
202000036633;154 677 974;7;0;2;6;1;1
202000036633;154 677 975;7;0;2;1;1;1
202000036633;154 677 976;7;0;2;1;1;1
202000036634;154 677 970;7;0;1;1;1;1
202000036635;154 677 968;2;0;2;1;17;6
202000036635;154 677 969;7;0;0;5;20;6
202000036636;154 677 967;7;13;0;1;1;1
202000036637;154 677 963;7;0;2;1;1;1
202000036637;154 677 964;7;0;0;4;15;1
202000036637;154 677 965;7;0;2;4;2;1
202000036637;154 677 966;7;0;2;4;2;1
202000036638;154 677 962;7;13;0;1;1;1
202000036639;154 677 960;7;0;2;3;13;1
202000036639;154 677 961;7;0;2;3;1;1
202000036640;154 677 958;7;0;0;7;15;0
202000036640;154 677 959;2;0;0;1;1;1
202000036641;154 677 956;1;0;2;4;13;5
202000036641;154 677 957;7;0;9;1;2;1
202000036642;154 677 955;7;6;0;1;0;1
202000036643;154 677 952;7;0;2;1;1;1
202000036643;154 677 953;7;0;9;4;1;1
202000036643;154 677 954;7;3;2;1;0;1
202000036644;154 677 951;7;0;0;1;14;1
202000036645;154 677 947;7;0;2;6;21;1
202000036645;154 677 948;7;0;2;2;1;1
202000036645;154 677 949;10;0;2;1;1;1
202000036645;154 677 950;10;0;2;1;1;1
202000036646;154 677 945;1;0;2;1;5;5
202000036646;154 677 946;7;0;9;1;16;1
202000036647;154 677 944;7;13;0;2;0;1
202000036648;154 677 942;2;1;0;1;14;1
202000036649;154 677 940;14;0;2;3;1;1
202000036649;154 677 941;3;0;2;3;13;1
202000036650;154 677 938;21;0;2;3;1;1
202000036650;154 677 939;38;0;2;3;1;0
202000036651;154 677 937;7;0;0;0;1;1
202000036652;154 677 935;7;0;0;0;20;1
202000036652;154 677 936;2;0;0;0;1;1
202000036653;154 677 934;7;0;0;0;1;1
202000036654;154 677 932;7;0;2;1;15;0
202000036654;154 677 933;50;0;2;1;26;3
202000036655;154 677 929;7;0;2;1;15;1
202000036655;154 677 930;2;0;2;1;0;1
202000036655;154 677 931;2;0;2;1;0;1
202000036656;154 677 926;7;0;0;2;24;0
202000036656;154 677 927;10;0;2;1;1;0
202000036656;154 677 928;7;1;0;8;1;0
202000036657;154 677 925;31;15;0;1;1;1
202000036658;154 677 924;20;2;0;2;1;4
202000036659;154 677 923;10;0;1;2;1;1
202000036660;154 677 922;7;0;1;2;1;1
202000036661;154 677 921;7;14;1;2;0;1
202000036662;154 677 919;7;0;9;3;9;0
202000036662;154 677 920;1;0;2;7;1;5
202000036663;154 677 917;7;0;2;3;1;1
202000036663;154 677 918;7;0;2;3;13;1
202000036664;154 677 915;7;0;2;8;9;1
202000036664;154 677 916;34;0;2;1;1;1
202000036665;154 677 911;10;0;2;5;26;0
202000036665;154 677 912;7;1;2;2;1;0
202000036665;154 677 913;7;0;2;9;11;0
202000036665;154 677 914;7;0;2;2;1;0
202000036666;154 677 910;7;0;1;1;1;0
202000036667;154 677 909;7;6;0;1;1;1
202000036668;154 677 908;2;0;0;0;1;1
202000036669;154 677 906;10;12;0;2;1;1
202000036669;154 677 907;7;0;0;3;15;1
202000036670;154 677 905;7;0;2;1;14;1
202000036671;154 677 904;15;16;0;0;1;1
202000036672;154 677 903;7;3;0;1;1;1
202000036673;154 677 901;7;0;2;2;15;1
202000036673;154 677 902;2;0;2;1;1;1
202000036674;154 677 899;7;0;2;8;19;1
202000036674;154 677 900;7;0;2;3;1;1
202000036675;154 677 898;7;0;1;0;1;1
202000036676;154 677 895;7;0;2;6;20;1
202000036676;154 677 896;1;0;2;2;1;5
202000036676;154 677 897;1;0;2;2;1;5
202000036677;154 677 894;7;13;0;1;1;1
202000036678;154 677 892;39;0;4;1;1;1
202000036678;154 677 893;50;0;4;8;23;3
202000036679;154 677 889;7;0;2;1;1;1
202000036679;154 677 890;7;0;2;8;1;1
202000036679;154 677 891;7;4;2;2;17;2
202000036680;154 677 887;33;0;2;1;2;1
202000036680;154 677 888;14;0;2;6;16;1
202000036681;154 677 886;7;0;1;3;1;1
202000036682;154 677 885;7;0;1;1;1;1
202000036683;154 677 883;2;0;0;2;0;1
202000036683;154 677 884;10;0;2;3;26;1
202000036684;154 677 881;2;0;2;1;0;1
202000036684;154 677 882;7;0;2;7;9;1
202000036685;154 677 876;7;0;2;2;17;1
202000036685;154 677 877;7;0;2;6;1;1
202000036686;154 677 875;7;0;2;7;1;1
202000036687;154 677 870;7;0;2;4;2;1
202000036687;154 677 871;10;0;2;4;2;1
202000036687;154 677 872;7;0;2;4;2;0
202000036687;154 677 873;10;0;2;1;1;1
202000036687;154 677 874;7;0;2;4;2;1
202000036688;154 677 868;10;0;2;1;2;1
202000036688;154 677 869;7;0;2;4;2;1
202000036689;154 677 862;10;0;2;4;1;1
202000036689;154 677 863;10;0;2;4;1;1
202000036689;154 677 864;10;0;2;4;1;1
202000036689;154 677 865;10;0;2;4;1;1
202000036689;154 677 866;10;0;2;4;1;1
202000036689;154 677 867;15;0;2;1;1;1
202000036690;154 677 860;7;0;2;7;12;1
202000036690;154 677 861;33;0;2;8;3;1
202000036691;154 677 858;15;0;2;7;9;0
202000036691;154 677 859;7;0;2;8;1;0
202000036692;154 677 856;7;0;2;2;13;1
202000036692;154 677 857;7;0;2;6;1;1
202000036693;154 677 854;7;0;2;4;2;1
202000036693;154 677 855;10;0;2;1;2;1
202000036694;154 677 852;7;0;2;7;1;1
202000036694;154 677 853;10;0;2;8;11;1
202000036695;154 677 851;7;3;0;9;1;1
202000036696;154 677 849;34;0;2;1;3;1
202000036696;154 677 850;10;0;2;4;1;1
202000036697;154 677 847;7;0;2;2;21;1
202000036697;154 677 848;7;0;2;6;23;1
202000036698;154 677 845;10;0;2;1;15;1
202000036698;154 677 846;7;0;2;4;15;2
202000036699;154 677 844;30;0;0;0;1;1
202000036700;154 677 842;2;0;2;0;0;1
202000036700;154 677 843;7;0;2;7;15;1
202000036701;154 677 838;7;0;2;5;2;1
202000036701;154 677 839;7;0;2;6;2;1
202000036701;154 677 840;7;0;2;5;2;1
202000036701;154 677 841;7;0;2;5;2;1
202000036702;154 677 836;1;0;2;1;26;5
202000036702;154 677 837;99;0;2;8;26;6
202000036703;154 677 835;50;0;0;0;16;3
202000036704;154 677 834;7;6;0;1;1;1
202000036705;154 677 833;10;0;1;1;1;1
202000036706;154 677 831;7;0;2;3;1;1
202000036706;154 677 832;7;0;2;3;1;1
202000036707;154 677 829;32;0;2;1;3;1
202000036707;154 677 830;3;0;2;3;13;1
202000036708;154 677 824;7;0;2;7;14;0
202000036708;154 677 825;7;1;0;1;1;0
202000036708;154 677 826;7;1;0;1;1;0
202000036708;154 677 827;7;1;0;1;1;0
202000036708;154 677 828;7;10;2;3;1;0
202000036709;154 677 822;7;0;2;3;15;1
202000036709;154 677 823;2;0;2;7;16;0
202000036710;154 677 820;7;0;2;6;2;1
202000036710;154 677 821;7;0;2;2;2;1
202000036711;154 677 819;31;0;0;0;15;1
202000036712;154 677 818;7;0;5;1;1;1
202000036713;154 677 817;30;0;1;1;1;1
202000036714;154 677 815;1;0;2;2;9;5
202000036714;154 677 816;7;0;2;3;9;1
202000036715;154 677 814;43;0;0;7;1;1
202000036716;154 677 812;33;0;2;1;17;1
202000036716;154 677 813;7;0;2;1;1;1
202000036717;154 677 810;7;0;2;6;15;1
202000036717;154 677 811;33;0;2;2;17;1
202000036718;154 677 809;7;0;1;7;1;1
202000036719;154 677 808;37;0;0;0;1;1
202000036720;154 677 804;7;0;2;1;0;1
202000036720;154 677 805;7;0;2;8;0;1
202000036721;154 677 801;7;0;2;4;2;1
202000036721;154 677 802;7;0;2;4;2;1
202000036721;154 677 803;7;0;2;1;2;1
202000036722;154 677 800;7;0;1;2;1;1
202000036723;154 677 799;14;0;1;2;21;1
202000036724;154 677 798;7;0;1;1;1;1
202000036725;154 677 796;7;0;2;1;2;1
202000036725;154 677 797;7;0;2;4;2;1
202000036726;154 677 794;1;0;2;1;16;5
202000036726;154 677 795;7;0;2;7;1;1
202000036727;154 677 793;7;0;1;1;11;1
202000036728;154 677 791;33;0;2;1;1;1
202000036728;154 677 792;7;0;2;5;15;1
202000036729;154 677 789;1;0;2;1;1;5
202000036729;154 677 790;7;0;2;3;15;1
202000036730;154 677 787;7;0;2;1;15;1
202000036730;154 677 788;31;0;2;1;8;1
202000036731;154 677 785;7;0;2;3;1;1
202000036731;154 677 786;7;0;2;2;15;1
202000036732;154 677 784;7;0;1;1;15;0
202000036733;154 677 783;7;0;1;0;0;0
202000036734;154 677 781;7;0;2;1;16;1
202000036734;154 677 782;7;0;2;1;13;1
202000036735;154 677 779;10;0;2;1;2;1
202000036735;154 677 780;10;0;2;4;2;1
202000036736;154 677 777;1;0;2;8;19;5
202000036736;154 677 778;7;0;2;1;1;1
202000036737;154 677 775;7;0;2;3;9;1
202000036737;154 677 776;31;0;2;1;1;1
202000036738;154 677 774;10;0;1;2;1;0
202000036739;154 677 772;7;0;0;0;0;0
202000036739;154 677 773;7;0;2;1;26;1
202000036740;154 677 770;1;0;9;4;1;5
202000036740;154 677 771;7;0;2;1;9;0
202000036741;154 677 769;7;0;1;2;1;1
202000036742;154 677 768;7;4;0;3;1;1
202000036743;154 677 766;1;0;2;0;0;5
202000036743;154 677 767;7;0;2;3;0;1
202000036744;154 677 764;1;0;2;8;0;5
202000036744;154 677 765;7;0;2;1;0;1
202000036745;154 677 762;7;0;2;2;0;1
202000036745;154 677 763;7;0;2;3;0;1
202000036746;154 677 761;7;0;1;1;1;1
202000036747;154 677 759;7;0;2;8;13;1
202000036747;154 677 760;7;0;2;7;1;1
202000036748;154 677 757;7;4;0;0;1;1
202000036749;154 677 756;7;0;1;2;1;1
202000036750;154 677 755;7;9;0;1;14;1
202000036751;154 677 754;30;6;0;1;19;1
202000036752;154 677 752;2;0;2;1;1;0
202000036752;154 677 753;7;0;2;3;15;1
202000036753;154 677 750;7;0;0;0;0;2
202000036753;154 677 751;7;13;0;1;1;1
202000036754;154 677 748;30;0;2;1;1;1
202000036754;154 677 749;7;0;2;1;15;1
202000036755;154 677 746;7;0;2;5;23;0
202000036755;154 677 747;1;0;2;1;2;5
202000036756;154 677 744;10;0;2;3;9;1
202000036756;154 677 745;33;0;2;7;1;1
202000036757;154 677 742;31;0;2;1;2;1
202000036757;154 677 743;7;0;2;0;23;1
202000036758;154 677 740;7;0;2;4;23;1
202000036758;154 677 741;1;0;2;1;2;5
202000036759;154 677 738;10;0;2;7;19;1
202000036759;154 677 739;32;0;2;8;1;1
202000036760;154 677 736;7;0;2;5;12;0
202000036760;154 677 737;2;0;2;3;1;0
202000036761;154 677 735;30;0;1;7;16;0
202000036762;154 677 733;7;0;2;8;15;1
202000036762;154 677 734;1;0;2;1;1;5
202000036763;154 677 732;31;0;1;1;1;1
202000036764;154 677 730;7;0;2;3;9;1
202000036764;154 677 731;10;0;2;3;1;1
202000036765;154 677 728;7;0;1;8;0;1
202000036765;154 677 729;7;0;1;3;26;0
202000036766;154 677 726;7;0;2;3;9;1
202000036766;154 677 727;50;0;2;7;14;3
202000036767;154 677 723;7;8;0;1;11;1
202000036767;154 677 724;7;0;2;1;26;1
202000036767;154 677 725;7;0;2;5;26;1
202000036768;154 677 720;7;0;2;4;0;1
202000036768;154 677 721;7;0;2;2;26;1
202000036768;154 677 722;10;0;2;5;0;1
202000036769;154 677 719;32;0;1;8;26;0
202000036770;154 677 716;2;0;2;1;1;0
202000036770;154 677 717;7;0;2;2;10;0
202000036770;154 677 718;7;0;2;6;24;0
202000036771;154 677 715;13;0;1;6;1;1
202000036772;154 677 714;7;0;1;1;14;1
202000036773;154 677 713;10;0;1;1;16;6
202000036774;154 677 711;7;0;2;2;19;0
202000036774;154 677 712;34;0;2;2;1;0
202000036775;154 677 710;33;0;0;0;1;1
202000036776;154 677 709;1;5;2;0;11;6
202000036777;154 677 708;30;0;2;0;1;0
202000036778;154 677 706;10;0;2;1;1;3
202000036778;154 677 707;2;0;2;0;21;1
202000036779;154 677 705;7;0;1;2;1;1
202000036780;154 677 703;7;0;2;2;1;1
202000036780;154 677 704;7;0;2;3;1;1
202000036781;154 677 701;7;0;2;4;20;0
202000036781;154 677 702;7;0;2;1;1;1
202000036782;154 677 699;32;0;2;4;26;1
202000036782;154 677 700;32;0;2;1;26;1
202000036783;154 677 697;33;0;2;7;1;1
202000036783;154 677 698;7;0;2;8;15;1
202000036784;154 677 695;7;16;0;1;0;0
202000036785;154 677 694;7;6;0;3;1;1
202000036786;154 677 693;7;2;0;1;14;1
202000036787;154 677 691;30;0;2;1;1;1
202000036787;154 677 692;7;0;2;6;9;1
202000036788;154 677 689;7;0;2;1;1;1
202000036788;154 677 690;7;0;2;1;1;1
202000036789;154 677 687;7;0;0;3;1;1
202000036789;154 677 688;7;0;0;3;13;1
202000036790;154 677 686;7;9;1;1;5;1
202000036791;154 677 685;2;11;0;1;1;1
202000036792;154 677 683;7;17;0;1;14;1
202000036793;154 677 682;17;13;0;9;0;1
202000036794;154 677 681;7;15;0;1;14;1
202000036795;154 677 680;7;2;0;1;13;1
202000036796;154 677 678;7;0;2;3;13;1
202000036796;154 677 679;7;2;2;3;1;1
202000036797;154 677 677;33;13;0;3;13;1
202000036798;154 677 675;7;0;2;3;17;1
202000036798;154 677 676;7;0;2;3;1;1
202000036799;154 677 674;2;0;0;0;14;1
202000036800;154 677 672;2;0;2;1;1;1
202000036800;154 677 673;7;0;2;3;15;1
202000036801;154 677 670;7;0;1;1;1;1
202000036801;154 677 671;7;0;1;1;1;1
202000036802;154 677 669;7;0;1;2;1;1
202000036803;154 677 667;7;0;2;1;17;1
202000036803;154 677 668;7;0;2;1;1;1
202000036804;154 677 666;7;2;0;8;0;1
202000036805;154 677 664;7;0;2;3;1;1
202000036805;154 677 665;7;0;2;3;13;1
202000036806;154 677 663;33;3;0;0;1;1
202000036807;154 677 662;7;0;0;3;6;1
202000036808;154 677 661;33;0;0;0;0;1
202000036809;154 677 660;7;5;0;0;0;1
202000036810;154 677 659;34;0;0;3;1;1
202000036811;154 677 658;7;0;1;1;1;3
202000036812;154 677 656;2;0;2;1;13;1
202000036812;154 677 657;7;0;2;1;1;1
202000036813;154 677 654;1;0;2;8;1;5
202000036813;154 677 655;7;0;9;1;15;1
202000036814;154 677 651;7;0;1;2;1;1
202000036815;154 677 650;34;0;0;0;1;1
202000036816;154 677 647;7;0;0;8;23;0
202000036816;154 677 648;7;0;1;0;23;0
202000036816;154 677 649;7;0;2;2;1;0
202000036817;154 677 646;33;0;0;8;15;1
202000036818;154 677 644;2;0;2;0;17;1
202000036818;154 677 645;7;0;2;6;15;1
202000036819;154 677 643;7;13;0;0;0;0
202000036820;154 677 641;2;0;0;8;0;1
202000036820;154 677 642;7;0;2;1;15;1
202000036821;154 677 640;7;2;0;1;1;6
202000036822;154 677 638;7;0;2;3;1;1
202000036822;154 677 639;7;0;2;1;1;1
202000036823;154 677 637;7;6;0;1;0;1
202000036824;154 677 636;7;0;0;3;1;1
202000036825;154 677 634;2;0;2;1;1;6
202000036825;154 677 635;7;0;2;3;9;6
202000036826;154 677 632;7;0;2;1;2;1
202000036826;154 677 633;1;0;0;4;2;5
202000036827;154 677 631;7;2;0;1;2;1
202000036828;154 677 629;7;0;2;8;1;1
202000036828;154 677 630;17;0;2;2;12;1
202000036829;154 677 627;33;0;2;1;1;1
202000036829;154 677 628;7;0;0;0;18;1
202000036830;154 677 625;38;0;2;4;1;1
202000036830;154 677 626;7;0;2;1;2;1
202000036831;154 677 623;7;0;2;1;13;1
202000036831;154 677 624;33;0;2;7;0;1
202000036832;154 677 621;7;0;2;1;2;1
202000036832;154 677 622;7;0;2;4;1;1
202000036833;154 677 620;7;10;0;0;0;1
202000036834;154 677 617;7;0;2;1;2;1
202000036834;154 677 618;7;0;2;4;2;1
202000036834;154 677 619;7;0;2;4;23;1
202000036835;154 677 614;7;0;2;4;2;1
202000036835;154 677 615;7;0;2;4;2;1
202000036835;154 677 616;7;0;2;1;1;1
202000036836;154 677 612;33;0;2;2;21;1
202000036836;154 677 613;7;0;2;6;1;1
202000036837;154 677 608;7;0;2;4;23;1
202000036837;154 677 609;7;1;0;1;2;1
202000036837;154 677 610;7;0;2;4;23;1
202000036837;154 677 611;7;0;2;4;23;1
202000036838;154 677 607;7;4;0;1;13;1
202000036839;154 677 606;31;3;0;1;13;1
202000036840;154 677 605;32;0;0;9;1;1
202000036841;154 677 604;7;4;0;1;1;1
202000036842;154 677 603;7;4;0;3;13;1
202000036843;154 677 599;1;0;2;1;1;0
202000036843;154 677 600;7;0;2;2;1;0
202000036844;154 677 598;7;13;0;2;15;1
202000036845;154 677 596;1;15;0;1;1;5
202000036845;154 677 597;10;0;2;3;26;1
202000036846;154 677 594;1;0;2;8;1;0
202000036846;154 677 595;7;0;2;1;16;0
202000036847;154 677 592;2;0;2;1;1;0
202000036847;154 677 593;7;0;2;3;26;0
202000036848;154 677 591;34;0;0;8;16;1
202000036849;154 677 588;32;0;2;1;17;1
202000036849;154 677 589;7;0;2;5;26;1
202000036849;154 677 590;7;0;2;8;20;1
202000036850;154 677 586;7;0;2;3;0;1
202000036850;154 677 587;7;0;2;3;1;1
202000036851;154 677 583;33;0;2;1;1;1
202000036851;154 677 584;7;0;2;8;15;0
202000036852;154 677 582;7;0;1;2;1;1
202000036853;154 677 580;7;0;2;3;14;1
202000036853;154 677 581;7;0;2;4;1;1
202000036854;154 677 577;7;0;2;8;1;1
202000036854;154 677 578;7;0;2;1;5;1
202000036854;154 677 579;7;0;2;1;1;1
202000036855;154 677 573;7;0;2;1;23;1
202000036855;154 677 575;7;0;2;2;1;1
202000036855;154 677 576;7;0;2;3;1;1
202000036856;154 677 572;7;0;1;1;26;1
202000036857;154 677 571;7;13;0;1;1;1
202000036858;154 677 570;37;0;1;2;1;1
202000036859;154 677 568;7;0;1;3;19;1
202000036860;154 677 569;10;2;0;1;14;1
202000036861;154 677 566;1;0;2;1;1;5
202000036861;154 677 567;7;0;2;3;26;1
202000036862;154 677 565;33;0;0;9;0;1
202000036863;154 677 563;7;0;2;4;1;1
202000036863;154 677 564;33;0;2;1;1;1
202000036864;154 677 562;33;8;0;1;1;1
202000036865;154 677 557;33;0;2;1;17;1
202000036865;154 677 558;7;0;2;8;1;1
202000036865;154 677 560;17;0;2;3;1;1
202000036865;154 677 561;7;0;9;1;1;1
202000036866;154 677 559;33;2;0;1;1;1
202000036867;154 677 555;7;8;0;1;1;1
202000036868;154 677 554;7;0;2;1;2;1
202000036868;154 677 556;7;0;2;4;2;1
202000036869;154 677 553;33;0;5;1;1;1
202000036870;154 677 551;7;0;2;1;1;1
202000036870;154 677 552;7;0;2;1;0;1
202000036871;154 677 549;14;0;2;5;15;1
202000036871;154 677 550;7;0;2;3;2;1
202000036872;154 677 547;7;0;2;1;19;1
202000036872;154 677 548;31;0;2;7;1;1
202000036873;154 677 545;2;0;2;1;26;6
202000036873;154 677 546;7;0;0;0;0;0
202000036874;154 677 544;36;2;0;1;13;1
202000036875;154 677 543;3;9;0;1;13;1
202000036876;154 677 542;32;11;0;1;17;1
202000036877;154 677 535;20;0;2;5;1;0