Num_Acc;id_vehicule;categorie_vehicule;obstacle_fixe;obstacle_mobile;point_choc_initial;manoeuvre_principale;motorisation
202000036877;154 677 537;20;0;2;4;0;0
202000036877;154 677 539;20;0;2;4;1;0
202000036877;154 677 540;20;0;2;4;26;0
202000036877;154 677 541;7;0;2;1;2;0
202000036878;154 677 536;7;0;2;2;15;1
202000036878;154 677 538;7;0;2;1;1;1
202000036879;154 677 533;7;0;2;2;1;1
202000036879;154 677 534;7;0;2;1;9;1
202000036880;154 677 531;3;0;0;0;1;1
202000036881;154 677 530;2;1;2;1;1;0
202000036881;154 677 532;99;0;2;1;1;1
202000036882;154 677 526;2;0;2;1;1;1
202000036882;154 677 528;7;0;2;3;15;1
202000036883;154 677 527;7;0;2;3;1;1
202000036883;154 677 529;33;0;2;1;1;1
202000036884;154 677 523;1;0;2;1;1;5
202000036884;154 677 525;7;0;2;3;9;1
202000036885;154 677 522;7;0;9;2;9;1
202000036885;154 677 524;31;0;2;1;1;1
202000036886;154 677 520;7;0;2;3;15;1
202000036886;154 677 521;2;0;2;1;0;1
202000036887;154 677 518;7;0;2;1;2;1
202000036887;154 677 519;1;0;0;4;2;5
202000036888;154 677 515;7;0;2;1;1;1
202000036888;154 677 516;7;0;2;2;15;1
202000036889;154 677 512;7;0;2;1;2;1
202000036889;154 677 513;7;0;2;1;2;1
202000036889;154 677 514;10;0;2;4;23;1
202000036890;154 677 510;7;0;2;2;1;1
202000036890;154 677 511;7;0;2;3;15;1
202000036891;154 677 517;32;7;0;1;1;1
202000036892;154 677 508;7;0;2;1;15;1
202000036892;154 677 509;7;0;2;2;1;1
202000036893;154 677 506;30;0;0;0;21;1
202000036893;154 677 507;7;0;2;4;9;1
202000036894;154 677 504;7;0;2;1;1;1
202000036894;154 677 505;7;0;2;4;1;1
202000036895;154 677 502;7;0;2;4;1;1
202000036895;154 677 503;31;0;2;1;1;1
202000036896;154 677 500;7;0;1;1;1;1
202000036897;154 677 501;7;3;0;1;14;1
202000036898;154 677 499;7;0;1;8;9;1
202000036899;154 677 496;7;0;2;1;2;1
202000036899;154 677 497;7;0;2;4;23;1
202000036900;154 677 491;20;0;2;1;2;1
202000036900;154 677 492;7;0;2;4;1;1
202000036900;154 677 493;7;0;2;6;1;1
202000036900;154 677 494;7;0;2;4;1;1
202000036900;154 677 495;7;0;2;8;1;1
202000036901;154 677 489;7;0;1;1;16;1
202000036902;154 677 488;60;14;0;8;2;5
202000036903;154 677 486;7;0;2;1;1;1
202000036903;154 677 487;7;0;1;4;1;1
202000036904;154 677 485;7;0;1;3;16;1
202000036905;154 677 484;7;0;1;3;7;1
202000036906;154 677 498;7;4;0;1;19;1
202000036907;154 677 482;1;0;2;4;1;5
202000036907;154 677 483;10;0;2;2;15;1
202000036908;154 677 479;7;0;1;1;9;0
202000036909;154 677 478;7;0;1;1;1;1
202000036910;154 677 475;7;0;2;1;1;1
202000036910;154 677 476;7;0;2;1;15;1
202000036911;154 677 473;7;0;2;1;1;1
202000036911;154 677 474;7;0;2;8;9;1
202000036912;154 677 471;1;0;2;7;1;0
202000036912;154 677 472;7;0;2;3;0;0
202000036913;154 677 470;7;0;1;6;19;1
202000036914;154 677 468;7;0;2;7;17;1
202000036914;154 677 469;1;0;2;8;1;5
202000036915;154 677 466;7;0;2;3;26;1
202000036915;154 677 467;10;0;2;6;1;1
202000036916;154 677 465;7;0;1;2;1;1
202000036917;154 677 463;7;0;2;6;2;6
202000036917;154 677 464;7;0;2;2;21;6
202000036918;154 677 461;10;0;0;4;15;1
202000036918;154 677 462;33;0;2;1;1;1
202000036919;154 677 459;7;0;2;8;20;1
202000036919;154 677 460;7;1;0;2;1;1
202000036920;154 677 457;7;0;2;1;1;1
202000036920;154 677 458;30;0;2;8;19;1
202000036921;154 677 480;7;1;0;1;1;1
202000036921;154 677 481;13;0;2;5;24;1
202000036922;154 677 455;7;0;9;1;2;1
202000036922;154 677 456;60;0;2;8;19;5
202000036923;154 677 454;7;9;0;1;14;1
202000036924;154 677 453;7;0;1;3;15;1
202000036925;154 677 452;7;0;1;3;9;1
202000036926;154 677 450;7;0;1;3;1;1
202000036927;154 677 448;7;0;2;3;19;1
202000036927;154 677 449;1;0;2;7;19;5
202000036928;154 677 447;7;0;1;2;1;1
202000036929;154 677 451;33;0;0;9;3;1
202000036930;154 677 445;33;0;0;9;1;1
202000036931;154 677 443;7;0;2;1;1;1
202000036931;154 677 444;7;0;2;4;2;6
202000036932;154 677 440;14;0;2;5;2;1
202000036932;154 677 442;33;0;2;1;2;1
202000036933;154 677 439;7;3;0;1;14;1
202000036934;154 677 438;99;0;1;0;26;0
202000036935;154 677 441;10;0;2;1;1;1
202000036935;154 677 446;31;0;2;1;1;1
202000036936;154 677 436;7;0;2;4;23;1
202000036936;154 677 437;30;0;2;1;1;1
202000036937;154 677 434;30;0;1;1;1;1
202000036938;154 677 432;1;0;2;0;0;0
202000036938;154 677 433;7;0;2;7;15;1
202000036939;154 677 429;7;0;2;4;1;1
202000036939;154 677 430;7;0;2;0;1;1
202000036939;154 677 431;7;0;2;1;1;1
202000036940;154 677 427;43;0;2;0;1;1
202000036940;154 677 428;32;0;0;0;15;1
202000036941;154 677 426;7;8;0;1;0;0
202000036942;154 677 424;1;0;2;8;1;5
202000036942;154 677 425;7;0;2;1;15;1
202000036943;154 677 423;1;0;2;1;1;5
202000036944;154 677 422;7;0;1;1;1;1
202000036945;154 677 435;7;0;1;3;15;1
202000036946;154 677 421;7;4;0;1;14;1
202000036947;154 677 419;1;0;2;6;1;0
202000036947;154 677 420;7;0;9;2;17;1
202000036948;154 677 417;7;12;2;1;1;0
202000036948;154 677 418;7;0;2;3;15;1
202000036949;154 677 415;7;0;2;2;1;1
202000036949;154 677 416;2;0;2;1;1;1
202000036950;154 677 413;10;0;2;1;1;0
202000036950;154 677 414;10;0;2;8;10;0
202000036951;154 677 411;7;0;1;3;15;1
202000036952;154 677 412;1;0;1;4;1;5
202000036953;154 677 409;17;0;2;7;14;1
202000036953;154 677 410;7;3;2;8;1;1
202000036954;154 677 407;7;0;1;3;16;1
202000036955;154 677 406;7;0;2;1;1;1
202000036955;154 677 408;7;0;2;8;10;1
202000036956;154 677 404;30;0;2;7;1;1
202000036956;154 677 405;7;0;2;1;9;1
202000036957;154 677 402;7;0;2;2;1;1
202000036957;154 677 403;7;0;2;3;19;1
202000036958;154 677 398;7;0;2;2;1;1
202000036958;154 677 400;7;0;2;3;1;1
202000036959;154 677 399;10;0;2;5;16;1
202000036959;154 677 401;50;0;2;0;1;3
202000036960;154 677 396;7;0;2;3;10;1
202000036960;154 677 397;33;0;2;1;1;1
202000036961;154 677 394;7;0;2;2;1;1
202000036961;154 677 395;7;0;2;0;15;1
202000036962;154 677 392;7;0;2;7;15;1
202000036962;154 677 393;33;0;2;1;1;1
202000036963;154 677 391;43;0;1;1;1;1
202000036964;154 677 390;1;0;0;0;0;5
202000036965;154 677 386;7;0;2;3;23;1
202000036965;154 677 388;7;0;2;3;9;1
202000036965;154 677 389;1;0;2;7;1;5
202000036966;154 677 385;31;0;2;7;1;1
202000036966;154 677 387;7;0;2;1;9;1
202000036967;154 677 383;1;0;2;7;1;5
202000036967;154 677 384;7;0;2;1;15;3
202000036968;154 677 382;7;1;0;1;6;1
202000036969;154 677 380;50;0;2;4;9;3
202000036969;154 677 381;50;0;2;1;1;3
202000036970;154 677 379;7;0;1;1;15;1
202000036971;154 677 377;7;0;2;6;2;2
202000036971;154 677 378;7;4;2;2;2;1
202000036972;154 677 374;1;0;1;1;7;5
202000036973;154 677 372;7;0;2;1;15;1
202000036973;154 677 373;7;0;2;3;1;1
202000036974;154 677 371;7;0;1;8;1;1
202000036975;154 677 370;50;0;1;1;5;3
202000036976;154 677 368;7;0;2;2;2;1
202000036976;154 677 369;14;0;2;6;23;1
202000036977;154 677 375;33;0;2;1;1;1
202000036977;154 677 376;7;0;2;4;0;1
202000036978;154 677 367;32;0;0;0;1;1
202000036979;154 677 365;30;0;0;6;21;1
202000036980;154 677 364;32;0;1;1;17;1
202000036981;154 677 363;1;0;1;1;1;5
202000036982;154 677 360;7;0;2;3;24;1
202000036982;154 677 361;37;1;2;5;1;1
202000036983;154 677 362;7;0;2;4;1;1
202000036983;154 677 366;7;0;2;1;1;1
202000036984;154 677 359;10;0;1;8;22;0
202000036985;154 677 356;7;0;2;1;2;1
202000036985;154 677 357;7;0;2;4;2;1
202000036986;154 677 355;7;0;1;1;4;0
202000036987;154 677 354;2;0;1;1;1;1
202000036988;154 677 352;7;0;2;8;15;1
202000036988;154 677 353;30;0;2;1;17;1
202000036989;154 677 350;7;0;1;1;1;1
202000036990;154 677 347;7;0;2;1;2;1
202000036990;154 677 348;7;0;2;4;2;1
202000036990;154 677 349;7;0;2;0;9;1
202000036991;154 677 346;7;0;1;2;1;1
202000036992;154 677 345;32;0;1;1;18;1
202000036993;154 677 343;7;0;2;1;1;1
202000036993;154 677 344;7;0;2;2;1;1
202000036994;154 677 342;7;11;9;1;1;0
202000036995;154 677 351;10;0;2;4;23;1
202000036995;154 677 358;2;0;2;1;2;1
202000036996;154 677 340;7;0;2;2;15;0
202000036996;154 677 341;2;0;2;2;17;0
202000036997;154 677 338;10;0;1;1;16;0
202000036998;154 677 336;32;0;2;1;15;0
202000036998;154 677 337;34;0;2;1;1;0
202000036999;154 677 334;7;0;2;3;15;0
202000036999;154 677 335;7;0;2;2;1;0
202000037000;154 677 339;7;0;1;1;13;1
202000037001;154 677 333;7;12;0;7;1;1
202000037002;154 677 332;10;0;1;1;1;1
202000037003;154 677 331;30;6;1;3;13;1
202000037004;154 677 330;7;0;1;2;26;1
202000037005;154 677 327;7;0;0;0;0;0
202000037005;154 677 328;7;0;2;1;2;0
202000037005;154 677 329;7;0;0;0;0;0
202000037006;154 677 325;7;0;2;5;15;1
202000037006;154 677 326;33;0;2;1;1;1
202000037007;154 677 324;33;0;0;7;16;1
202000037008;154 677 322;33;0;2;5;2;1
202000037008;154 677 323;30;0;0;3;1;1
202000037009;154 677 320;7;0;2;4;1;0
202000037009;154 677 321;7;0;2;1;2;1
202000037010;154 677 319;3;8;0;1;26;1
202000037011;154 677 317;1;0;2;8;19;5
202000037011;154 677 318;10;0;2;2;26;1
202000037012;154 677 316;1;14;0;0;0;5
202000037013;154 677 314;1;0;2;9;0;5
202000037013;154 677 315;7;0;2;0;0;1
202000037014;154 677 312;32;0;2;1;17;1
202000037014;154 677 313;7;0;0;6;23;1
202000037015;154 677 310;1;0;2;6;19;5
202000037015;154 677 311;7;0;2;1;26;1
202000037016;154 677 308;7;0;2;8;15;1
202000037016;154 677 309;32;0;2;7;17;1
202000037017;154 677 306;80;0;2;3;5;3
202000037017;154 677 307;7;0;2;2;9;1
202000037018;154 677 304;7;0;2;5;2;1
202000037018;154 677 305;2;0;2;3;2;1
202000037019;154 677 302;7;0;2;1;2;1
202000037019;154 677 303;33;0;2;4;2;1
202000037020;154 677 300;1;0;0;0;0;0
202000037020;154 677 301;7;0;2;3;26;1
202000037021;154 677 299;7;13;0;1;1;1
202000037022;154 677 298;50;0;1;1;1;3
202000037023;154 677 296;1;0;2;0;25;5
202000037023;154 677 297;7;0;9;7;1;1
202000037024;154 677 295;7;0;1;1;1;1
202000037025;154 677 293;10;0;2;2;15;1
202000037025;154 677 294;7;0;2;1;1;1
202000037026;154 677 291;7;0;2;1;15;1
202000037026;154 677 292;33;0;2;0;0;1
202000037027;154 677 290;7;9;1;1;14;1
202000037028;154 677 288;30;0;2;1;2;1
202000037028;154 677 289;7;0;0;6;2;1
202000037029;154 677 286;7;0;2;4;1;1
202000037029;154 677 287;7;0;2;1;2;1
202000037030;154 677 285;7;0;1;4;4;1
202000037031;154 677 284;7;0;1;4;4;1
202000037032;154 677 283;1;0;1;1;21;5
202000037033;154 677 281;7;0;2;8;15;1
202000037033;154 677 282;7;0;2;3;1;1
202000037034;154 677 279;31;0;2;1;1;1
202000037034;154 677 280;7;0;2;1;20;1
202000037035;154 677 278;2;0;1;1;1;0
202000037036;154 677 277;30;0;1;1;1;3
202000037037;154 677 276;7;1;0;1;1;1
202000037038;154 677 274;7;0;2;3;15;0
202000037038;154 677 275;31;0;2;1;17;0
202000037039;154 677 273;7;0;1;2;9;1
202000037040;154 677 271;1;0;2;0;15;5
202000037040;154 677 272;7;0;2;0;15;1
202000037041;154 677 270;10;0;0;8;1;1
202000037042;154 677 269;7;6;0;1;14;1
202000037043;154 677 267;7;0;2;2;1;0
202000037043;154 677 268;31;0;2;4;23;0
202000037044;154 677 265;43;0;2;8;2;1
202000037044;154 677 266;7;0;2;4;2;2
202000037045;154 677 264;7;0;1;1;1;1
202000037046;154 677 262;40;0;2;3;1;3
202000037046;154 677 263;1;0;4;6;1;5
202000037047;154 677 260;10;0;2;3;5;1
202000037047;154 677 261;30;0;2;2;9;1
202000037048;154 677 259;30;0;1;8;1;3
202000037049;154 677 257;7;0;2;3;10;1
202000037049;154 677 258;30;0;2;2;17;1
202000037050;154 677 255;32;0;2;1;2;1
202000037050;154 677 256;7;0;2;5;23;1
202000037051;154 677 253;33;0;2;1;1;1
202000037051;154 677 254;3;0;2;7;15;1
202000037052;154 677 251;7;0;2;2;1;1
202000037052;154 677 252;30;15;2;1;18;1
202000037053;154 677 249;30;0;2;1;18;1
202000037053;154 677 250;7;0;2;2;16;1
202000037054;154 677 247;1;0;2;1;1;5
202000037054;154 677 248;7;0;2;4;23;1
202000037055;154 677 245;10;0;2;3;15;1
202000037055;154 677 246;1;0;2;1;1;5
202000037056;154 677 243;1;0;2;8;1;5
202000037056;154 677 244;7;0;2;0;1;1
202000037057;154 677 242;50;0;1;1;1;3
202000037058;154 677 240;1;0;2;1;1;5
202000037058;154 677 241;1;0;2;4;1;5
202000037059;154 677 238;30;0;2;6;23;1
202000037059;154 677 239;10;0;2;3;2;1
202000037060;154 677 237;1;0;1;1;1;5
202000037061;154 677 236;1;15;0;1;13;5
202000037062;154 677 235;50;8;0;1;1;3
202000037063;154 677 233;7;0;2;3;15;1
202000037063;154 677 234;34;0;2;1;1;1
202000037064;154 677 231;7;0;2;3;15;1
202000037064;154 677 232;1;0;2;1;1;5
202000037065;154 677 229;10;0;2;2;1;1
202000037065;154 677 230;10;0;2;7;1;1
202000037066;154 677 228;10;0;1;2;1;0
202000037067;154 677 226;7;0;2;3;15;1
202000037067;154 677 227;32;0;0;2;17;1
202000037068;154 677 225;7;0;1;3;15;1
202000037069;154 677 223;2;0;2;0;0;1
202000037069;154 677 224;10;0;2;2;10;1
202000037070;154 677 221;80;0;2;1;9;3
202000037070;154 677 222;7;0;9;1;1;1
202000037071;154 677 220;7;0;1;2;1;1
202000037072;154 677 216;7;0;2;4;23;1
202000037072;154 677 217;7;14;0;4;1;1
202000037072;154 677 218;7;14;0;4;23;1
202000037072;154 677 219;10;14;0;1;1;1
202000037073;154 677 214;1;0;0;0;0;5
202000037073;154 677 215;7;0;0;0;15;1
202000037074;154 677 213;30;0;2;7;1;0
202000037075;154 677 211;30;0;2;7;17;1
202000037075;154 677 212;7;0;2;8;11;1
202000037076;154 677 209;33;0;2;1;1;1
202000037076;154 677 210;7;0;2;6;15;1
202000037077;154 677 207;7;0;2;1;15;1
202000037077;154 677 208;1;0;2;1;2;5
202000037078;154 677 206;30;0;1;1;3;1
202000037079;154 677 204;30;0;2;3;18;1
202000037079;154 677 205;7;0;2;2;16;1
202000037080;154 677 202;7;0;2;4;1;1
202000037080;154 677 203;7;0;2;1;2;1
202000037081;154 677 200;33;0;2;2;1;1
202000037081;154 677 201;10;0;2;8;15;1
202000037082;154 677 198;15;0;2;6;13;1
202000037082;154 677 199;7;7;2;1;0;1
202000037083;154 677 196;7;0;2;3;0;1
202000037083;154 677 197;7;0;2;3;21;1
202000037084;154 677 194;33;0;2;1;1;0
202000037084;154 677 195;7;0;2;3;20;0
202000037085;154 677 193;32;13;0;1;0;1
202000037086;154 677 191;7;0;0;6;19;1
202000037086;154 677 192;33;0;2;1;1;1
202000037087;154 677 189;10;0;0;0;1;1
202000037087;154 677 190;30;0;0;0;17;1
202000037088;154 677 187;7;0;2;1;1;0
202000037088;154 677 188;7;0;0;4;1;0
202000037089;154 677 186;33;0;0;8;1;1
202000037090;154 677 185;33;0;0;0;26;1
202000037091;154 677 183;21;0;2;8;13;1
202000037091;154 677 184;7;0;2;8;1;1
202000037092;154 677 181;33;0;2;1;1;1
202000037092;154 677 182;7;0;2;6;15;1
202000037093;154 677 179;21;0;0;5;15;1
202000037093;154 677 180;33;0;2;1;1;1
202000037094;154 677 177;7;0;2;2;15;1
202000037094;154 677 178;33;0;2;1;1;1
202000037095;154 677 175;7;0;2;3;13;0
202000037095;154 677 176;7;0;2;1;1;0
202000037096;154 677 174;7;13;0;1;15;1
202000037097;154 677 171;7;0;2;1;1;1
202000037097;154 677 172;7;0;0;4;1;1
202000037097;154 677 173;7;0;2;4;1;1
202000037098;154 677 170;33;13;0;0;1;1
202000037099;154 677 169;7;0;0;1;13;1
202000037100;154 677 167;7;3;2;8;16;1
202000037100;154 677 168;15;0;2;1;1;1
202000037101;154 677 166;2;0;0;0;15;1
202000037102;154 677 164;33;0;2;1;1;1
202000037102;154 677 165;7;0;2;3;1;1
202000037103;154 677 162;7;3;2;1;13;1
202000037103;154 677 163;7;0;2;1;1;1
202000037104;154 677 160;7;0;2;1;15;1
202000037104;154 677 161;30;0;2;1;16;1
202000037105;154 677 158;7;7;2;1;1;1
202000037105;154 677 159;7;7;0;7;19;1
202000037106;154 677 156;2;12;0;7;21;1
202000037106;154 677 157;7;0;0;0;13;0
202000037107;154 677 154;7;0;2;2;15;1
202000037107;154 677 155;31;0;2;1;1;1
202000037108;154 677 152;1;0;2;8;1;5
202000037108;154 677 153;7;0;2;2;19;0
202000037109;154 677 150;7;0;2;3;1;1
202000037109;154 677 151;99;3;2;9;2;1
202000037110;154 677 147;33;3;0;1;13;1
202000037111;154 677 145;2;0;2;1;5;1
202000037111;154 677 146;7;0;2;1;1;1
202000037112;154 677 144;36;2;0;7;1;1
202000037113;154 677 143;13;9;1;2;26;0
202000037114;154 677 142;2;13;0;2;0;1
202000037115;154 677 140;7;0;0;6;1;1
202000037115;154 677 141;15;0;2;2;1;1
202000037116;154 677 139;15;13;0;1;1;0
202000037117;154 677 138;7;13;0;7;1;1
202000037118;154 677 137;7;13;0;1;1;1
202000037119;154 677 134;33;0;2;1;1;1
202000037119;154 677 135;33;0;2;3;1;1
202000037119;154 677 136;21;0;2;8;1;1
202000037120;154 677 133;7;6;0;2;13;1
202000037121;154 677 132;7;2;0;1;1;1
202000037122;154 677 130;7;0;1;1;1;1
202000037123;154 677 129;7;0;9;2;2;0
202000037123;154 677 131;1;0;0;4;2;5
202000037124;154 677 128;7;0;1;1;9;1
202000037125;154 677 127;7;0;1;2;1;6
202000037126;154 677 125;1;0;0;1;1;5
202000037126;154 677 126;7;0;0;7;15;1
202000037127;154 677 123;15;13;0;2;14;1
202000037128;154 677 122;7;0;2;4;23;1
202000037128;154 677 124;7;0;2;1;1;1
202000037129;154 677 120;7;4;0;3;0;0
202000037130;154 677 119;7;0;2;7;1;1
202000037130;154 677 121;33;0;2;8;13;1
202000037131;154 677 117;32;0;2;1;15;1
202000037131;154 677 118;31;0;2;1;1;1
202000037132;154 677 113;7;0;0;5;2;1
202000037132;154 677 115;30;0;2;1;2;1
202000037133;154 677 114;7;0;2;5;1;1
202000037133;154 677 116;10;0;2;1;1;1
202000037134;154 677 109;7;0;2;2;19;1
202000037134;154 677 110;7;0;2;1;1;1
202000037135;154 677 108;2;0;2;3;3;1
202000037135;154 677 111;34;0;2;2;8;1
202000037136;154 677 106;7;0;2;5;15;1
202000037136;154 677 107;7;0;2;3;1;1
202000037137;154 677 104;7;0;2;2;2;1
202000037137;154 677 105;7;0;2;1;9;1
202000037138;154 677 099;1;0;2;4;15;5
202000037138;154 677 100;7;0;0;0;0;0
202000037139;154 677 101;7;0;2;3;1;0
202000037139;154 677 102;7;0;2;1;9;0
202000037139;154 677 103;7;0;2;1;1;0
202000037140;154 677 098;10;0;1;2;16;1
202000037141;154 677 096;17;0;2;2;2;1
202000037141;154 677 097;7;3;0;6;20;1
202000037142;154 677 095;30;0;1;1;14;1
202000037143;154 677 093;32;0;2;1;1;1
202000037143;154 677 094;7;0;2;4;15;1
202000037144;154 677 092;7;2;0;3;1;1
202000037145;154 677 090;7;0;2;3;1;1
202000037145;154 677 091;7;0;2;2;15;0
202000037146;154 677 087;33;0;2;1;2;1
202000037146;154 677 089;7;0;0;5;1;1
202000037147;154 677 086;34;0;2;1;17;1
202000037147;154 677 088;13;0;0;3;15;1
202000037148;154 677 085;33;0;0;0;1;6
202000037149;154 677 083;33;0;2;1;9;0
202000037149;154 677 084;7;0;2;3;9;0
202000037150;154 677 081;2;0;2;1;1;1
202000037150;154 677 082;7;0;2;3;2;1
202000037151;154 677 079;33;13;0;0;1;1
202000037152;154 677 078;7;4;0;1;1;1
202000037153;154 677 077;7;0;2;8;15;1
202000037153;154 677 080;1;0;2;1;1;5
202000037154;154 677 075;7;0;2;1;1;1
202000037154;154 677 076;7;0;2;1;13;1
202000037155;154 677 074;33;0;6;1;1;1
202000037156;154 677 068;31;0;2;7;1;1
202000037156;154 677 070;7;0;2;3;9;1
202000037157;154 677 069;33;0;2;1;1;1
202000037157;154 677 071;7;0;2;1;1;1
202000037157;154 677 072;10;0;2;1;1;1
202000037157;154 677 073;7;0;2;4;23;1
202000037158;154 677 067;14;4;0;8;1;1
202000037159;154 677 065;21;0;2;3;16;1
202000037159;154 677 066;33;0;2;7;1;1
202000037160;154 677 063;7;0;2;1;1;1
202000037160;154 677 064;7;0;2;1;1;1
202000037161;154 677 062;7;0;1;2;1;1
202000037162;154 677 060;1;0;2;1;1;5
202000037162;154 677 061;7;0;2;1;15;1
202000037163;154 677 058;10;0;2;4;1;1
202000037163;154 677 059;10;0;2;1;1;1
202000037164;154 677 057;7;0;1;1;15;1
202000037165;154 677 055;34;0;0;3;26;1
202000037166;154 677 054;10;0;2;8;15;1
202000037166;154 677 056;7;0;2;1;1;3
202000037167;154 677 053;30;1;0;1;1;1
202000037168;154 677 050;7;0;2;4;1;1
202000037168;154 677 051;31;0;2;8;3;1
202000037168;154 677 052;31;0;2;1;3;1
202000037169;154 677 049;7;0;1;1;16;1
202000037170;154 677 048;7;0;1;1;16;0
202000037171;154 677 046;7;0;2;2;12;1
202000037171;154 677 047;32;0;2;3;1;1
202000037172;154 677 044;1;0;2;6;11;5
202000037172;154 677 045;33;0;2;1;1;1
202000037173;154 677 042;50;0;2;7;5;3
202000037173;154 677 043;7;0;2;1;9;1
202000037174;154 677 041;50;0;1;8;25;3
202000037175;154 677 039;33;0;2;2;1;1
202000037175;154 677 040;1;0;2;6;11;5
202000037176;154 677 037;7;8;2;2;2;1
202000037176;154 677 038;7;0;2;6;2;1
202000037177;154 677 035;40;0;2;2;2;3
202000037177;154 677 036;10;0;4;8;13;1
202000037178;154 677 033;15;0;2;1;15;1
202000037178;154 677 034;33;0;2;0;15;1
202000037179;154 677 032;7;0;1;1;1;2
202000037180;154 677 031;50;0;0;3;16;3
202000037181;154 677 030;2;0;1;1;1;1
202000037182;154 677 028;7;0;2;2;15;1
202000037182;154 677 029;1;0;2;0;1;5
202000037183;154 677 026;50;0;2;2;18;3
202000037183;154 677 027;7;0;2;2;15;1
202000037184;154 677 025;7;0;1;1;15;3
202000037185;154 677 023;10;0;2;3;10;1
202000037185;154 677 024;2;0;2;7;1;1
202000037186;154 677 021;33;0;2;8;1;1
202000037186;154 677 022;7;0;2;2;10;1
202000037187;154 677 020;7;1;1;8;1;1
202000037188;154 677 018;10;0;2;1;1;1
202000037188;154 677 019;1;0;2;4;0;0
202000037189;154 677 015;7;0;2;4;26;1
202000037189;154 677 016;7;0;2;4;0;2
202000037189;154 677 017;7;0;2;1;9;1
202000037190;154 677 013;7;0;2;1;9;1
202000037190;154 677 014;2;0;2;0;0;1
202000037191;154 677 011;30;9;2;0;17;0
202000037191;154 677 012;7;12;2;0;13;0
202000037192;154 677 010;7;0;1;1;15;1
202000037193;154 677 008;7;0;0;0;0;1
202000037193;154 677 009;7;0;2;8;16;0
202000037194;154 677 006;33;0;2;3;18;1
202000037194;154 677 007;7;0;2;2;0;1
202000037195;154 677 003;7;0;1;2;17;0
202000037196;154 677 001;1;0;2;8;1;5
202000037196;154 677 002;7;0;2;3;1;1
202000037197;154 677 000;1;0;1;1;1;5
202000037198;154 676 998;30;12;0;2;14;0
202000037199;154 676 997;33;0;2;0;0;1
202000037199;154 676 999;7;0;2;0;0;1
202000037200;154 676 995;7;0;2;3;15;2
202000037200;154 676 996;34;0;2;2;1;1
202000037201;154 676 993;7;0;2;8;15;1
202000037201;154 676 994;32;0;2;1;17;1
202000037202;154 676 991;50;0;2;1;1;3
202000037202;154 676 992;7;0;2;2;16;1
202000037203;154 676 989;7;0;2;5;15;2
202000037203;154 676 990;34;0;2;1;1;1
202000037204;154 676 987;1;0;2;7;5;5
202000037204;154 676 988;99;0;2;4;26;6
202000037205;154 676 984;7;0;2;2;16;1
202000037205;154 676 986;1;0;2;7;19;5
202000037206;154 676 983;30;0;2;8;15;1
202000037206;154 676 985;36;0;2;0;0;1
202000037207;154 676 982;7;0;1;2;1;1
202000037208;154 676 981;7;0;1;1;9;1
202000037209;154 676 979;7;0;2;2;2;1
202000037209;154 676 980;7;0;2;8;15;1
202000037210;154 676 976;7;0;9;4;1;1
202000037210;154 676 978;7;0;2;1;1;1
202000037211;154 676 975;99;1;0;2;2;1
202000037211;154 676 977;99;16;0;6;19;1
202000037212;154 676 973;7;0;1;1;26;1
202000037213;154 676 972;7;0;2;3;9;0
202000037213;154 676 974;2;0;2;1;1;0
202000037214;154 676 968;7;0;2;1;13;1
202000037214;154 676 970;15;0;2;3;1;1
202000037215;154 676 967;10;0;2;3;1;1
202000037215;154 676 969;7;0;2;6;2;1
202000037215;154 676 971;7;0;2;1;19;1
202000037216;154 676 965;33;0;9;1;26;1
202000037216;154 676 966;1;0;2;7;15;5
202000037217;154 676 963;34;0;2;2;1;1
202000037217;154 676 964;7;0;2;3;19;1
202000037218;154 676 961;33;7;2;1;17;1
202000037218;154 676 962;7;7;2;3;15;1
202000037219;154 676 960;7;0;1;1;1;1
202000037220;154 676 958;30;0;1;1;1;1
202000037221;154 676 957;7;0;2;3;1;1
202000037221;154 676 959;2;0;2;1;15;1
202000037222;154 676 955;7;1;2;3;14;1
202000037222;154 676 956;30;0;2;1;1;1
202000037223;154 676 954;2;0;1;2;26;1
202000037224;154 676 951;2;0;2;1;19;0
202000037224;154 676 953;7;0;2;8;1;0
202000037225;154 676 948;7;0;2;6;15;1
202000037225;154 676 949;33;0;2;1;17;1
202000037226;154 676 945;7;0;2;3;3;1
202000037226;154 676 947;32;0;2;1;1;1
202000037227;154 676 946;7;0;1;1;1;1
202000037228;154 676 944;7;13;0;9;1;1
202000037229;154 676 943;7;13;0;1;17;0
202000037230;154 676 937;7;13;0;2;1;1
202000037231;154 676 936;10;0;2;1;1;1
202000037231;154 676 938;7;0;2;4;1;1
202000037231;154 676 939;17;0;2;1;1;1
202000037232;154 676 935;7;13;0;1;1;1
202000037233;154 676 933;2;1;2;1;17;1
202000037233;154 676 934;7;0;0;8;15;1
202000037234;154 676 932;7;2;0;3;0;1
202000037235;154 676 929;43;0;2;1;1;0
202000037235;154 676 931;7;0;0;3;9;2
202000037236;154 676 928;7;0;2;3;1;1