Num_Acc;id_vehicule;categorie_vehicule;obstacle_fixe;obstacle_mobile;point_choc_initial;manoeuvre_principale;motorisation
202000037593;154 676 298;7;0;2;1;13;1
202000037594;154 676 293;7;0;1;3;15;1
202000037595;154 676 291;43;0;2;4;1;1
202000037595;154 676 292;7;0;2;6;2;1
202000037596;154 676 288;7;3;2;1;17;1
202000037596;154 676 289;7;3;2;1;0;1
202000037596;154 676 290;7;0;0;0;0;1
202000037597;154 676 286;7;0;2;2;0;1
202000037597;154 676 287;7;0;2;8;0;1
202000037598;154 676 285;30;0;0;0;23;1
202000037599;154 676 283;31;0;2;0;1;3
202000037599;154 676 284;7;0;0;0;11;1
202000037600;154 676 281;7;0;2;2;2;1
202000037600;154 676 282;33;0;2;1;1;1
202000037601;154 676 280;33;0;0;0;1;1
202000037602;154 676 278;33;0;2;1;3;1
202000037602;154 676 279;10;0;2;8;9;1
202000037603;154 676 276;7;0;2;2;1;1
202000037603;154 676 277;7;3;2;3;1;1
202000037604;154 676 295;7;0;0;0;23;1
202000037604;154 676 297;7;14;0;4;2;1
202000037605;154 676 304;2;8;0;0;0;0
202000037605;154 676 305;7;8;0;6;26;1
202000037606;154 676 273;7;0;2;1;1;1
202000037606;154 676 275;80;0;2;1;1;3
202000037607;154 676 271;32;0;0;0;21;1
202000037608;154 676 270;10;0;2;1;9;1
202000037608;154 676 294;1;0;2;7;1;5
202000037609;154 676 269;50;0;2;1;1;3
202000037609;154 676 274;7;0;2;2;16;1
202000037610;154 676 266;7;0;2;4;23;1
202000037610;154 676 267;7;0;2;1;2;1
202000037611;154 676 268;10;0;2;1;1;1
202000037611;154 676 272;7;0;2;4;1;1
202000037612;154 676 260;7;0;0;3;23;1
202000037612;154 676 261;7;2;2;9;17;1
202000037613;154 676 258;2;0;2;1;1;1
202000037613;154 676 259;7;0;0;7;15;1
202000037614;154 676 257;7;0;0;1;1;1
202000037615;154 676 253;32;0;1;1;1;1
202000037616;154 676 254;7;0;2;1;5;1
202000037616;154 676 256;7;0;2;1;1;1
202000037617;154 676 250;7;0;2;1;1;1
202000037617;154 676 255;7;0;2;5;1;1
202000037618;154 676 251;2;0;2;1;1;1
202000037618;154 676 263;10;0;2;2;16;1
202000037619;154 676 252;2;0;2;3;0;1
202000037619;154 676 262;7;0;2;2;26;1
202000037620;154 676 248;7;0;2;0;15;1
202000037620;154 676 249;30;0;2;0;1;1
202000037621;154 676 244;34;0;2;7;1;1
202000037621;154 676 246;7;0;2;1;26;1
202000037622;154 676 245;10;0;2;4;4;1
202000037622;154 676 247;2;0;2;1;23;1
202000037623;154 676 242;7;0;2;2;1;1
202000037623;154 676 243;7;0;2;3;15;1
202000037624;154 676 241;7;0;1;1;1;1
202000037625;154 676 237;1;0;2;8;1;5
202000037625;154 676 240;7;0;2;1;15;1
202000037626;154 676 236;1;0;2;4;1;5
202000037626;154 676 239;7;0;2;2;1;1
202000037627;154 676 235;7;0;2;8;22;1
202000037627;154 676 238;80;0;2;7;1;3
202000037628;154 676 231;1;0;2;2;1;0
202000037628;154 676 233;7;0;2;1;9;1
202000037629;154 676 230;2;0;2;2;1;1
202000037629;154 676 232;7;0;2;1;1;1
202000037630;154 676 228;33;14;0;7;13;1
202000037631;154 676 226;7;0;1;1;2;1
202000037632;154 676 225;10;0;2;4;1;1
202000037632;154 676 234;1;0;2;1;1;5
202000037633;154 676 224;7;0;2;2;15;1
202000037633;154 676 227;7;0;2;1;2;1
202000037634;154 676 221;7;0;1;8;9;1
202000037635;154 676 219;2;0;2;4;0;3
202000037635;154 676 222;7;0;2;2;9;1
202000037636;154 676 220;7;0;2;3;15;2
202000037636;154 676 223;32;0;2;1;1;1
202000037637;154 676 229;7;0;1;1;1;1
202000037638;154 676 218;7;0;1;3;1;1
202000037639;154 676 212;33;0;2;1;1;1
202000037639;154 676 213;7;0;2;1;15;1
202000037640;154 676 210;31;0;2;1;1;1
202000037640;154 676 211;7;0;2;2;15;1
202000037641;154 676 208;7;0;2;8;1;1
202000037641;154 676 209;10;0;2;1;15;1
202000037642;154 676 206;7;0;2;4;10;1
202000037642;154 676 207;32;0;2;1;1;1
202000037643;154 676 202;7;0;2;7;15;1
202000037643;154 676 217;34;0;2;1;1;1
202000037644;154 676 200;7;0;2;3;9;1
202000037644;154 676 205;34;0;2;1;1;1
202000037645;154 676 197;30;14;0;8;13;1
202000037646;154 676 195;7;0;2;1;1;1
202000037646;154 676 196;7;0;2;1;1;1
202000037647;154 676 192;1;16;0;1;1;5
202000037648;154 676 193;7;0;2;2;1;0
202000037648;154 676 194;2;0;2;1;1;0
202000037649;154 676 201;7;0;2;4;23;1
202000037649;154 676 214;10;0;2;1;2;1
202000037649;154 676 215;7;0;2;4;23;1
202000037649;154 676 216;7;0;2;4;23;1
202000037650;154 676 190;50;0;2;1;1;3
202000037650;154 676 191;7;0;2;3;19;1
202000037651;154 676 185;50;0;2;1;1;3
202000037651;154 676 203;7;0;2;3;15;1
202000037652;154 676 186;30;0;0;8;1;1
202000037653;154 676 184;32;0;2;7;1;1
202000037653;154 676 188;7;0;0;0;15;1
202000037654;154 676 179;10;0;2;1;1;1
202000037654;154 676 181;31;0;2;8;1;1
202000037655;154 676 178;33;0;2;8;1;1
202000037655;154 676 187;7;0;2;1;1;1
202000037656;154 676 176;33;0;2;1;1;1
202000037656;154 676 177;7;0;2;2;15;1
202000037657;154 676 174;7;0;2;1;9;2
202000037657;154 676 175;7;0;2;7;1;1
202000037658;154 676 172;7;2;2;9;19;0
202000037658;154 676 173;7;8;2;3;7;0
202000037659;154 676 167;7;0;2;1;1;0
202000037659;154 676 169;7;0;2;4;23;1
202000037660;154 676 165;7;0;2;2;26;1
202000037660;154 676 166;7;0;0;0;0;0
202000037661;154 676 163;7;0;2;4;23;1
202000037661;154 676 164;2;0;2;1;1;1
202000037662;154 676 189;7;0;2;8;1;0
202000037662;154 676 204;7;0;2;3;26;0
202000037663;154 676 160;33;0;2;1;1;1
202000037663;154 676 162;7;0;2;3;13;1
202000037664;154 676 159;30;0;2;1;26;0
202000037664;154 676 161;10;0;2;2;1;0
202000037665;154 676 158;32;0;0;0;0;1
202000037666;154 676 168;7;0;2;1;2;1
202000037666;154 676 170;7;0;2;4;2;1
202000037666;154 676 171;7;0;2;0;0;1
202000037667;154 676 156;7;0;1;3;1;1
202000037668;154 676 182;10;0;1;3;15;1
202000037669;154 676 155;7;0;2;2;9;1
202000037669;154 676 157;1;0;2;4;26;5
202000037670;154 676 180;7;0;2;1;15;1
202000037670;154 676 183;33;0;2;8;1;1
202000037671;154 676 153;7;0;2;2;0;1
202000037671;154 676 154;1;0;2;3;1;5
202000037672;154 676 151;1;0;2;1;23;5
202000037672;154 676 152;7;0;2;3;15;1
202000037673;154 676 150;33;0;1;2;1;1
202000037674;154 676 149;32;0;0;8;17;1
202000037675;154 676 143;7;0;2;8;9;1
202000037675;154 676 147;31;0;2;7;1;1
202000037676;154 676 142;7;0;2;8;15;1
202000037676;154 676 145;32;0;2;7;17;1
202000037677;154 676 141;7;0;2;1;26;1
202000037677;154 676 144;1;0;2;7;15;5
202000037678;154 676 140;7;0;2;3;2;1
202000037678;154 676 146;7;0;2;5;1;1
202000037679;154 676 136;7;0;2;3;11;1
202000037679;154 676 139;32;0;2;2;3;1
202000037680;154 676 137;31;12;0;0;26;1
202000037681;154 676 148;37;0;1;7;7;2
202000037682;154 676 135;30;0;2;3;13;6
202000037682;154 676 138;2;0;2;1;26;6
202000037683;154 676 134;7;1;0;3;13;1
202000037684;154 676 131;32;0;2;8;1;1
202000037684;154 676 133;7;0;2;7;12;1
202000037685;154 676 130;7;0;2;8;15;1
202000037685;154 676 132;33;0;2;1;17;1
202000037686;154 676 128;33;0;2;1;1;1
202000037686;154 676 129;7;0;2;8;19;1
202000037687;154 676 126;10;0;1;4;4;1
202000037688;154 676 125;7;0;2;3;15;1
202000037688;154 676 127;7;0;2;1;1;1
202000037689;154 676 120;7;0;2;3;1;1
202000037689;154 676 121;7;8;2;5;17;1
202000037689;154 676 123;7;0;2;6;1;1
202000037690;154 676 122;10;0;2;1;2;1
202000037690;154 676 124;7;0;1;1;23;0
202000037691;154 676 115;7;0;2;3;1;0
202000037691;154 676 117;7;0;2;3;15;0
202000037692;154 676 119;7;0;1;3;1;1
202000037693;154 676 114;7;0;2;2;1;1
202000037693;154 676 116;30;0;2;1;1;1
202000037694;154 676 111;43;0;2;8;1;1
202000037694;154 676 118;7;0;2;1;15;1
202000037695;154 676 109;7;0;2;1;1;0
202000037695;154 676 113;1;0;2;4;1;5
202000037696;154 676 110;7;0;2;7;16;1
202000037696;154 676 112;32;0;2;8;2;1
202000037697;154 676 107;7;0;1;4;20;1
202000037698;154 676 108;7;0;1;6;26;1
202000037699;154 676 101;31;0;2;8;3;1
202000037699;154 676 106;7;0;2;5;1;1
202000037700;154 676 097;2;0;2;1;1;1
202000037700;154 676 103;7;0;2;5;15;1
202000037701;154 676 096;7;0;2;3;11;2
202000037701;154 676 099;33;0;2;7;3;1
202000037702;154 676 102;7;0;1;4;4;3
202000037703;154 676 093;7;0;2;1;0;1
202000037703;154 676 095;14;0;2;6;0;1
202000037704;154 676 100;2;1;2;8;18;1
202000037704;154 676 105;7;0;2;2;22;3
202000037705;154 676 098;7;10;2;2;6;1
202000037705;154 676 104;7;0;2;3;1;1
202000037706;154 676 089;7;13;0;0;1;1
202000037707;154 676 088;30;11;0;1;26;1
202000037708;154 676 087;7;0;2;8;9;1
202000037708;154 676 092;15;0;2;2;1;1
202000037708;154 676 094;10;0;2;2;1;1
202000037709;154 676 086;50;0;2;1;21;3
202000037710;154 676 090;1;0;2;3;7;5
202000037710;154 676 091;10;0;2;7;10;1
202000037711;154 676 079;17;0;0;4;2;6
202000037711;154 676 083;7;0;2;8;2;1
202000037711;154 676 085;10;0;2;6;2;1
202000037712;154 676 080;1;0;1;1;1;5
202000037713;154 676 082;32;12;0;1;13;1
202000037714;154 676 078;7;0;2;1;0;1
202000037714;154 676 081;7;0;2;9;0;1
202000037714;154 676 084;7;0;2;9;0;1
202000037715;154 676 070;7;0;2;3;26;1
202000037715;154 676 075;7;0;2;5;2;1
202000037716;154 676 073;7;15;0;2;14;1
202000037717;154 676 071;7;0;2;3;9;1
202000037717;154 676 077;7;0;2;3;1;1
202000037718;154 676 067;7;0;2;2;17;1
202000037718;154 676 068;1;0;2;8;2;0
202000037719;154 676 069;37;0;2;6;23;2
202000037719;154 676 074;33;0;2;1;17;1
202000037719;154 676 076;33;0;2;1;17;1
202000037720;154 676 072;32;0;1;1;1;1
202000037721;154 676 065;31;0;2;8;1;1
202000037721;154 676 066;7;0;2;1;1;3
202000037722;154 676 059;33;1;2;3;1;1
202000037722;154 676 062;7;0;2;2;15;1
202000037723;154 676 060;7;0;2;3;26;1
202000037723;154 676 061;7;0;2;1;16;1
202000037723;154 676 063;7;0;2;2;15;1
202000037724;154 676 056;32;0;2;1;1;1
202000037724;154 676 058;13;0;2;5;23;0
202000037725;154 676 055;7;0;2;1;15;1
202000037725;154 676 057;10;0;2;3;1;1
202000037726;154 676 053;2;0;2;1;1;1
202000037726;154 676 054;7;0;2;2;1;1
202000037727;154 676 051;1;0;1;1;5;5
202000037728;154 676 049;7;0;2;0;0;1
202000037728;154 676 050;7;0;2;1;2;1
202000037729;154 676 052;1;0;2;1;1;5
202000037729;154 676 064;1;0;2;1;13;5
202000037730;154 676 047;7;0;2;8;22;0
202000037730;154 676 048;1;0;2;7;1;5
202000037731;154 676 045;7;0;2;2;16;1
202000037731;154 676 046;1;0;2;2;1;5
202000037732;154 676 043;7;0;2;7;15;1
202000037732;154 676 044;33;0;2;1;1;1
202000037733;154 676 039;33;0;2;6;1;1
202000037733;154 676 042;7;0;2;6;23;2
202000037734;154 676 038;33;0;2;1;1;1
202000037734;154 676 040;10;0;2;2;15;1
202000037735;154 676 034;7;12;0;2;2;0
202000037736;154 676 035;1;0;2;1;15;5
202000037736;154 676 037;1;0;2;1;16;5
202000037737;154 676 033;2;0;2;3;1;1
202000037737;154 676 036;7;0;2;2;12;1
202000037738;154 676 030;32;0;2;3;18;1
202000037738;154 676 031;7;0;2;3;15;1
202000037739;154 676 032;7;0;2;2;1;1
202000037739;154 676 041;7;0;2;3;1;1
202000037740;154 676 027;50;8;0;1;25;3
202000037741;154 676 026;80;0;0;0;21;3
202000037742;154 676 025;7;0;2;2;21;1
202000037742;154 676 028;7;0;0;2;13;1
202000037743;154 676 023;34;0;1;1;1;1
202000037744;154 676 024;7;0;2;1;0;1
202000037744;154 676 029;7;0;2;7;1;1
202000037745;154 676 021;7;0;2;1;16;1
202000037745;154 676 022;7;0;2;1;0;1
202000037746;154 676 018;34;0;2;1;1;0
202000037746;154 676 020;7;0;0;6;16;0
202000037747;154 676 017;7;0;2;2;1;1
202000037747;154 676 019;50;0;2;2;19;3
202000037748;154 676 016;7;0;1;1;2;1
202000037749;154 676 010;7;0;9;3;15;0
202000037749;154 676 014;50;0;2;1;1;3
202000037750;154 676 012;33;0;2;1;17;1
202000037750;154 676 015;7;0;2;3;15;1
202000037751;154 676 009;33;0;2;1;6;1
202000037751;154 676 011;7;0;0;0;0;0
202000037752;154 676 013;32;11;0;1;1;1
202000037753;154 676 008;14;0;1;3;26;0
202000037754;154 676 005;7;0;9;3;20;1
202000037754;154 676 006;50;0;2;1;5;3
202000037755;154 676 001;32;0;0;0;1;1
202000037756;154 676 003;33;1;0;7;1;0
202000037757;154 676 002;7;0;2;2;9;1
202000037757;154 676 007;1;0;2;7;19;0
202000037758;154 676 000;10;0;2;2;0;1
202000037758;154 676 004;33;0;2;1;0;1
202000037759;154 675 999;0;0;1;1;1;1
202000037760;154 675 996;30;0;0;0;21;1
202000037761;154 675 995;10;0;1;5;4;1
202000037762;154 675 994;7;1;1;2;1;1
202000037763;154 675 989;2;0;2;1;1;1
202000037763;154 675 992;7;0;2;7;15;1
202000037764;154 675 990;7;0;2;0;9;0
202000037764;154 675 991;30;0;2;3;0;0
202000037765;154 675 987;32;0;0;4;0;1
202000037765;154 675 988;10;0;2;2;2;1
202000037766;154 675 984;13;2;0;6;19;1
202000037766;154 675 985;7;0;2;1;11;1
202000037767;154 675 983;10;0;2;1;1;1
202000037767;154 675 986;7;0;2;6;1;1
202000037767;154 675 993;2;0;2;1;17;1
202000037768;154 675 981;7;0;1;3;23;0
202000037769;154 675 980;7;0;2;2;1;1
202000037769;154 675 982;7;1;2;9;21;1
202000037770;154 675 979;7;0;1;1;1;1
202000037771;154 675 972;30;0;2;1;2;1
202000037771;154 675 976;7;0;2;4;2;1
202000037772;154 675 974;30;0;0;8;18;1
202000037772;154 675 977;15;0;2;8;2;1
202000037773;154 675 975;7;0;2;3;9;1
202000037773;154 675 978;33;0;2;1;1;1
202000037774;154 675 971;30;0;2;1;16;3
202000037774;154 675 973;7;0;2;2;1;1
202000037775;154 675 968;7;0;2;6;19;1
202000037775;154 675 970;0;0;2;1;17;
202000037776;154 675 964;7;0;2;4;1;1
202000037776;154 675 967;7;0;2;4;2;1
202000037776;154 675 969;7;0;2;1;2;1
202000037777;154 675 963;7;0;2;1;2;1
202000037777;154 675 965;7;0;2;4;2;2
202000037778;154 675 962;50;0;2;2;1;3
202000037778;154 675 966;7;0;2;5;1;6
202000037779;154 675 958;2;0;2;1;1;1
202000037779;154 675 959;7;0;2;6;10;1
202000037780;154 675 957;7;0;2;2;13;1
202000037780;154 675 960;7;0;2;2;14;1
202000037781;154 675 955;33;0;2;1;1;1
202000037781;154 675 956;7;0;2;2;15;1
202000037782;154 675 952;7;0;1;3;15;1
202000037783;154 675 953;7;0;0;1;0;1
202000037784;154 675 951;7;0;2;2;15;0
202000037784;154 675 961;30;0;2;1;1;0
202000037785;154 675 950;37;0;2;3;1;3
202000037785;154 675 954;7;0;2;5;16;1
202000037786;154 675 949;10;0;1;4;20;1
202000037787;154 675 945;7;0;2;6;1;1
202000037787;154 675 946;7;0;2;2;13;1
202000037788;154 675 944;7;0;1;0;2;1
202000037789;154 675 943;7;0;2;7;0;0
202000037789;154 675 947;30;0;2;7;0;0
202000037790;154 675 942;7;0;2;6;21;1
202000037790;154 675 948;7;0;2;3;13;1
202000037791;154 675 940;7;0;1;1;1;0
202000037792;154 675 935;7;0;2;3;15;1
202000037792;154 675 938;33;0;2;5;26;1
202000037793;154 675 937;33;0;0;0;0;1
202000037793;154 675 941;7;0;0;0;0;1
202000037794;154 675 934;7;0;1;1;15;1
202000037795;154 675 936;80;0;2;1;2;3
202000037795;154 675 939;7;0;2;2;15;1
202000037796;154 675 930;7;0;1;7;16;1
202000037797;154 675 929;34;0;2;1;2;0
202000037797;154 675 931;7;0;2;8;10;0
202000037798;154 675 932;34;0;2;1;1;1
202000037798;154 675 933;10;0;2;8;15;1
202000037799;154 675 925;7;0;2;2;0;0
202000037799;154 675 927;7;0;2;3;20;0
202000037800;154 675 928;7;0;1;3;1;1
202000037801;154 675 922;7;3;2;1;1;6
202000037801;154 675 923;7;3;2;7;1;6
202000037802;154 675 918;30;0;2;7;16;1
202000037802;154 675 920;32;0;2;1;1;1
202000037803;154 675 916;7;0;2;3;13;1
202000037803;154 675 919;7;0;2;0;1;2
202000037803;154 675 921;7;0;2;0;1;1
202000037804;154 675 924;7;0;1;3;26;0
202000037805;154 675 915;7;0;2;1;1;1
202000037805;154 675 917;7;0;2;1;13;1
202000037806;154 675 914;7;0;1;2;1;0
202000037807;154 675 908;7;0;2;5;23;1
202000037807;154 675 909;7;0;2;6;23;1
202000037807;154 675 910;7;0;2;3;23;1
202000037807;154 675 911;2;0;2;2;3;1
202000037808;154 675 907;10;0;2;1;1;1
202000037808;154 675 912;7;0;2;1;13;1
202000037809;154 675 906;33;0;0;0;9;1
202000037810;154 675 905;7;2;0;2;0;1
202000037811;154 675 904;7;15;0;2;1;1
202000037812;154 675 901;1;0;2;8;1;5
202000037812;154 675 913;7;0;2;3;15;1
202000037813;154 675 902;99;0;1;3;19;1
202000037814;154 675 896;7;6;0;2;1;1
202000037815;154 675 895;10;0;2;2;1;1
202000037815;154 675 899;7;0;2;5;19;1
202000037816;154 675 893;2;0;2;1;1;1
202000037816;154 675 894;7;0;2;2;15;1
202000037817;154 675 898;7;0;0;4;2;0
202000037817;154 675 903;7;6;0;1;2;0
202000037818;154 675 897;33;0;2;1;1;1
202000037818;154 675 900;7;0;2;2;13;1
202000037819;154 675 892;7;0;1;3;1;1
202000037820;154 675 890;1;0;2;6;1;5
202000037820;154 675 891;7;0;2;7;1;1
202000037821;154 675 886;10;13;0;0;17;1
202000037822;154 675 889;17;4;0;3;13;1
202000037823;154 675 887;13;0;2;4;26;1
202000037823;154 675 888;10;0;2;1;0;1
202000037824;154 675 885;7;0;1;2;1;1
202000037825;154 675 882;7;0;0;3;13;1
202000037825;154 675 883;15;0;0;3;1;1
202000037826;154 675 884;7;13;0;9;1;1
202000037827;154 675 881;32;0;0;7;1;1
202000037828;154 675 879;33;0;2;1;2;1
202000037828;154 675 880;7;0;0;4;2;1
202000037829;154 675 876;7;0;1;1;1;1
202000037830;154 675 874;7;0;2;1;1;1
202000037830;154 675 875;7;0;2;1;13;1
202000037831;154 675 872;33;0;0;1;16;1
202000037831;154 675 873;10;0;0;3;15;1
202000037832;154 675 868;2;0;0;6;1;1
202000037833;154 675 869;7;0;2;3;19;1
202000037833;154 675 870;7;0;2;1;1;1
202000037834;154 675 867;7;0;0;1;13;1
202000037835;154 675 866;31;0;0;3;15;1
202000037836;154 675 864;7;0;2;1;9;1
202000037836;154 675 865;7;0;2;5;1;1
202000037837;154 675 863;10;13;0;3;13;1
202000037838;154 675 858;7;0;2;3;1;1
202000037838;154 675 862;15;0;2;3;1;1
202000037839;154 675 857;2;0;2;1;1;6
202000037839;154 675 860;7;0;2;2;1;6
202000037840;154 675 856;7;0;2;2;15;1
202000037840;154 675 859;7;0;2;6;1;1
202000037840;154 675 861;7;0;2;3;1;1
202000037841;154 675 851;7;0;0;2;1;1
202000037842;154 675 853;99;13;1;8;14;1
202000037843;154 675 850;7;2;0;4;1;1
202000037843;154 675 855;17;0;0;2;1;1
202000037844;154 675 852;7;0;2;5;23;1
202000037844;154 675 854;2;0;2;1;2;1
202000037845;154 675 849;7;2;0;8;1;1
202000037846;154 675 846;7;0;2;2;1;1
202000037846;154 675 848;7;0;2;4;16;1
202000037847;154 675 845;7;0;2;8;22;1
202000037847;154 675 847;1;0;2;7;1;5
202000037848;154 675 842;7;0;2;3;15;0
202000037848;154 675 844;33;0;2;7;13;0
202000037849;154 675 839;32;0;2;3;2;1
202000037849;154 675 841;7;0;2;4;23;1
202000037850;154 675 840;7;0;2;2;1;1
202000037850;154 675 843;7;0;2;1;15;1
202000037851;154 675 836;43;0;1;1;1;1
202000037852;154 675 833;38;0;9;3;1;1
202000037853;154 675 834;7;0;0;0;0;0
202000037853;154 675 835;7;0;0;0;0;0
202000037854;154 675 831;1;0;2;7;1;5
202000037854;154 675 832;1;0;2;8;19;5
202000037855;154 675 824;7;0;2;1;15;1
202000037855;154 675 826;1;0;2;1;1;5
202000037856;154 675 825;10;0;2;4;23;1
202000037856;154 675 827;10;0;2;1;2;3
202000037857;154 675 823;7;0;1;2;1;1
202000037858;154 675 817;7;0;2;3;16;1
202000037858;154 675 821;30;0;2;7;7;1
202000037859;154 675 815;7;0;2;2;1;1
202000037859;154 675 816;2;0;2;1;1;1
202000037860;154 675 814;7;0;2;3;19;1
202000037860;154 675 819;7;0;2;1;1;1
202000037860;154 675 822;7;0;2;3;1;1
202000037861;154 675 811;31;0;2;3;1;1
202000037861;154 675 813;1;0;2;1;14;5
202000037862;154 675 812;7;0;0;1;21;1
202000037863;154 675 808;33;0;2;1;1;1
202000037863;154 675 809;7;0;2;2;15;1
202000037864;154 675 807;10;0;1;4;4;1
202000037865;154 675 806;7;0;0;9;13;1
202000037866;154 675 802;7;0;2;1;1;1
202000037866;154 675 804;33;0;2;1;23;1
202000037867;154 675 801;20;0;2;8;15;1
202000037867;154 675 805;7;0;2;1;17;1
202000037868;154 675 800;7;0;2;3;13;1
202000037868;154 675 803;7;0;2;3;1;1
202000037869;154 675 798;7;0;1;1;1;1
202000037870;154 675 795;7;2;0;0;0;1
202000037871;154 675 796;31;0;2;3;13;1
202000037871;154 675 797;7;0;2;6;1;1
202000037872;154 675 793;7;2;0;3;1;1
202000037873;154 675 794;31;0;2;1;18;1
202000037873;154 675 799;10;0;2;7;15;1
202000037874;154 675 792;1;13;0;9;0;0
202000037875;154 675 789;14;3;0;3;0;1
202000037876;154 675 790;43;0;2;3;1;1
202000037876;154 675 791;7;0;2;2;1;0
202000037877;154 675 787;2;0;0;0;1;1
202000037878;154 675 785;15;0;2;4;2;1
202000037878;154 675 786;7;0;2;1;2;0
202000037879;154 675 779;2;0;2;1;0;1
202000037879;154 675 781;10;0;2;3;0;1
202000037880;154 675 783;7;0;2;1;13;1
202000037880;154 675 784;7;0;2;1;1;1
202000037880;154 675 788;7;0;2;1;1;1
202000037881;154 675 780;7;0;2;2;1;1
202000037881;154 675 782;2;0;2;5;18;1
202000037882;154 675 777;7;0;2;1;19;1
202000037882;154 675 778;1;0;2;1;1;5
202000037883;154 675 774;1;0;2;4;7;5
202000037883;154 675 776;1;0;2;1;7;5
202000037884;154 675 775;7;13;0;1;1;1
202000037885;154 675 772;30;0;2;1;5;1
202000037885;154 675 773;7;0;2;3;1;1
202000037886;154 675 768;7;0;2;1;2;1
202000037886;154 675 771;50;0;0;4;0;3
202000037887;154 675 770;7;2;0;7;1;1
202000037888;154 675 767;7;0;2;3;1;0
202000037888;154 675 769;7;0;2;2;5;0
202000037889;154 675 765;1;0;5;2;1;5
202000037890;154 675 763;33;0;2;0;0;1
202000037890;154 675 766;7;0;2;1;16;2
202000037891;154 675 761;7;0;2;3;1;1
202000037891;154 675 764;2;0;2;1;1;1
202000037892;154 675 759;50;0;2;7;19;3
202000037892;154 675 760;3;0;9;3;15;1
202000037893;154 675 757;7;0;2;1;1;1
202000037893;154 675 758;7;0;0;6;26;1
202000037894;154 675 762;7;8;0;5;1;1
202000037895;154 675 756;7;0;1;1;1;1
202000037896;154 675 755;14;0;1;3;1;0
202000037897;154 675 753;33;0;2;1;1;1
202000037897;154 675 754;10;0;2;2;15;1
202000037898;154 675 751;7;0;1;2;1;1
202000037899;154 675 749;7;0;2;2;13;1
202000037899;154 675 750;7;0;2;1;21;1
202000037900;154 675 748;7;0;2;1;1;0
202000037900;154 675 752;7;0;2;1;15;0
202000037901;154 675 746;7;0;2;2;15;1
202000037901;154 675 747;7;0;2;3;1;1
202000037902;154 675 744;33;0;2;1;1;1
202000037902;154 675 745;7;0;2;3;15;1
202000037903;154 675 743;7;0;1;1;16;0
202000037904;154 675 741;7;0;2;1;19;1
202000037904;154 675 742;50;0;2;8;2;3
202000037905;154 675 740;7;2;0;3;0;1
202000037906;154 675 739;7;0;1;2;1;1
202000037907;154 675 736;33;2;0;1;14;1
202000037908;154 675 735;7;0;2;2;2;1
202000037908;154 675 737;7;0;2;6;2;1
202000037909;154 675 738;10;0;1;2;15;1
202000037910;154 675 731;7;8;0;1;1;0
202000037911;154 675 730;10;0;2;1;2;1
202000037911;154 675 732;7;0;2;4;2;1
202000037911;154 675 734;10;0;2;1;2;1
202000037912;154 675 733;1;0;1;8;0;5
202000037913;154 675 727;33;0;2;8;3;2
202000037913;154 675 729;7;0;2;2;12;1
202000037914;154 675 728;7;0;0;0;0;1
202000037915;154 675 720;7;0;2;1;2;1
202000037915;154 675 723;7;0;2;4;2;1
202000037915;154 675 725;7;0;2;4;2;1
202000037915;154 675 726;7;0;2;4;2;1
202000037916;154 675 719;7;0;0;3;1;1
202000037916;154 675 722;2;0;0;3;13;1
202000037917;154 675 717;7;13;0;2;1;1
202000037918;154 675 716;7;0;2;4;2;1
202000037918;154 675 718;7;0;2;3;2;1
202000037919;154 675 712;7;0;1;3;1;1
202000037920;154 675 711;10;0;2;0;2;1
202000037920;154 675 714;7;0;2;4;2;1
202000037921;154 675 713;7;0;2;1;1;1
202000037921;154 675 715;33;0;0;4;1;1
202000037922;154 675 706;7;3;0;3;1;1
202000037923;154 675 708;7;0;2;4;1;0
202000037923;154 675 709;99;0;2;1;2;0
202000037923;154 675 710;7;0;0;4;15;0
202000037924;154 675 704;99;0;2;4;2;0
202000037924;154 675 705;7;0;2;4;2;1
202000037924;154 675 707;99;0;2;1;2;1
202000037925;154 675 700;7;0;2;1;2;1
202000037925;154 675 703;17;0;2;4;1;1
202000037926;154 675 699;7;0;2;4;2;1
202000037926;154 675 702;7;15;2;1;2;1
202000037927;154 675 698;7;0;2;3;1;1
202000037927;154 675 701;7;0;2;3;13;1
202000037928;154 675 695;17;3;0;2;1;1
202000037929;154 675 693;32;0;2;1;1;1
202000037929;154 675 694;32;0;2;3;15;1
202000037930;154 675 696;7;0;1;3;1;1
202000037931;154 675 697;7;16;0;0;0;1
202000037932;154 675 692;7;3;0;1;1;1
202000037933;154 675 688;2;0;2;1;1;1
202000037933;154 675 691;7;0;2;2;1;1
202000037934;154 675 687;7;4;0;1;2;1
202000037935;154 675 682;7;0;0;6;15;1
202000037935;154 675 684;34;0;2;2;17;1
202000037936;154 675 683;7;0;1;2;1;1
202000037937;154 675 681;7;0;2;1;2;1
202000037937;154 675 685;7;0;2;4;2;3
202000037937;154 675 686;7;0;2;4;2;1
202000037937;154 675 689;7;0;2;4;2;1
202000037937;154 675 690;7;0;2;4;2;1
202000037938;154 675 680;36;14;0;1;0;1
202000037939;154 675 678;1;0;2;8;15;5