Num_Acc;id_vehicule;categorie_vehicule;obstacle_fixe;obstacle_mobile;point_choc_initial;manoeuvre_principale;motorisation
202000037939;154 675 679;7;0;9;2;1;1
202000037940;154 675 674;33;0;0;0;0;1
202000037941;154 675 675;33;0;2;1;3;1
202000037941;154 675 676;10;0;2;1;13;1
202000037941;154 675 677;7;0;2;3;2;1
202000037942;154 675 672;7;0;2;1;19;1
202000037942;154 675 673;1;0;2;7;19;5
202000037943;154 675 670;33;0;0;0;1;1
202000037944;154 675 668;7;0;1;7;1;1
202000037945;154 675 667;15;0;2;2;1;1
202000037945;154 675 669;7;0;2;6;9;1
202000037946;154 675 663;7;0;2;1;17;1
202000037946;154 675 666;7;0;2;1;1;1
202000037947;154 675 665;31;16;0;2;16;0
202000037948;154 675 662;31;0;2;8;3;1
202000037948;154 675 664;7;0;2;7;12;1
202000037949;154 675 659;7;0;1;1;2;1
202000037950;154 675 658;10;0;2;6;24;1
202000037950;154 675 661;7;1;0;2;0;1
202000037951;154 675 660;3;17;0;3;1;1
202000037952;154 675 654;7;0;2;4;0;1
202000037952;154 675 655;7;0;2;4;0;1
202000037952;154 675 656;7;0;2;0;26;1
202000037953;154 675 651;7;0;0;6;1;1
202000037953;154 675 653;7;3;2;2;3;1
202000037954;154 675 649;33;0;2;1;1;1
202000037954;154 675 652;21;0;2;3;9;1
202000037955;154 675 646;10;6;2;1;1;1
202000037955;154 675 648;7;0;2;1;1;1
202000037956;154 675 647;13;0;0;0;26;1
202000037956;154 675 650;32;0;0;0;26;1
202000037957;154 675 643;7;0;0;1;1;1
202000037958;154 675 641;7;0;0;0;26;1
202000037958;154 675 642;7;0;0;0;0;1
202000037959;154 675 639;1;0;2;4;1;5
202000037959;154 675 640;7;0;2;2;17;1
202000037960;154 675 637;7;0;2;1;1;1
202000037960;154 675 638;7;0;2;4;1;1
202000037961;154 675 635;7;0;2;8;26;1
202000037961;154 675 636;7;0;2;2;0;1
202000037962;154 675 634;7;0;1;2;1;1
202000037963;154 675 627;33;0;2;3;3;1
202000037963;154 675 630;7;0;2;0;12;1
202000037964;154 675 628;7;0;2;5;2;1
202000037964;154 675 631;7;0;2;6;2;1
202000037964;154 675 632;7;0;2;2;3;1
202000037964;154 675 633;7;0;2;8;2;1
202000037965;154 675 626;7;0;2;1;1;1
202000037965;154 675 629;7;0;2;1;1;1
202000037966;154 675 624;15;0;2;2;21;1
202000037966;154 675 625;7;0;2;6;2;1
202000037967;154 675 622;10;0;2;4;1;1
202000037967;154 675 623;10;0;2;1;2;1
202000037968;154 675 618;7;0;2;1;26;1
202000037968;154 675 620;7;0;2;4;1;1
202000037969;154 675 616;7;3;2;5;1;1
202000037969;154 675 617;7;3;2;1;1;1
202000037970;154 675 614;13;4;0;0;1;1
202000037970;154 675 615;30;4;9;7;1;1
202000037971;154 675 619;7;0;2;2;1;1
202000037971;154 675 621;1;0;2;3;26;5
202000037972;154 675 611;31;0;0;0;26;1
202000037973;154 675 607;7;0;2;1;1;2
202000037973;154 675 610;7;0;2;4;1;1
202000037973;154 675 612;7;0;2;4;1;1
202000037973;154 675 613;7;0;2;1;2;1
202000037974;154 675 609;7;2;0;2;1;0
202000037975;154 675 606;33;0;2;8;3;1
202000037975;154 675 608;7;0;2;2;12;1
202000037976;154 675 604;7;0;2;4;2;1
202000037976;154 675 605;10;0;2;1;2;1
202000037977;154 675 601;7;0;1;2;1;1
202000037978;154 675 602;7;0;0;9;1;1
202000037979;154 675 599;7;13;0;2;1;1
202000037980;154 675 598;7;4;0;1;1;1
202000037981;154 675 596;7;0;0;0;1;1
202000037981;154 675 597;33;0;0;0;21;1
202000037982;154 675 600;7;0;2;3;9;1
202000037982;154 675 603;33;0;2;2;3;1
202000037983;154 675 592;7;0;2;1;13;1
202000037983;154 675 594;7;0;2;1;1;1
202000037984;154 675 591;7;0;2;3;9;1
202000037984;154 675 593;17;0;2;5;2;1
202000037985;154 675 590;7;0;2;2;13;1
202000037985;154 675 595;7;0;2;1;1;1
202000037986;154 675 588;7;0;2;2;5;1
202000037986;154 675 589;7;0;2;1;5;1
202000037987;154 675 587;7;14;1;2;23;0
202000037988;154 675 585;7;0;2;1;1;2
202000037988;154 675 586;7;12;2;1;11;1
202000037989;154 675 581;7;0;2;2;1;1
202000037989;154 675 583;2;0;2;1;15;1
202000037990;154 675 582;2;0;0;5;1;1
202000037990;154 675 584;7;0;2;2;9;1
202000037991;154 675 580;10;16;1;1;1;1
202000037992;154 675 576;31;0;2;1;17;1
202000037992;154 675 578;7;0;0;6;15;1
202000037993;154 675 575;43;0;2;7;21;1
202000037993;154 675 579;7;0;2;4;4;1
202000037994;154 675 574;2;0;2;1;1;1
202000037994;154 675 577;7;0;2;7;15;1
202000037995;154 675 573;7;0;1;3;2;1
202000037996;154 675 572;7;0;1;2;16;1
202000037997;154 675 569;50;0;2;1;1;3
202000037997;154 675 570;7;0;2;1;1;1
202000037998;154 675 571;7;13;0;0;0;0
202000037999;154 675 567;31;8;0;1;8;1
202000037999;154 675 568;7;8;0;3;26;1
202000038000;154 675 565;33;0;2;1;1;0
202000038000;154 675 566;7;0;2;2;16;0
202000038001;154 675 562;7;9;0;3;1;1
202000038001;154 675 564;7;0;0;0;11;1
202000038002;154 675 560;7;0;2;3;1;1
202000038002;154 675 561;7;0;2;4;15;1
202000038002;154 675 563;7;0;2;1;9;1
202000038003;154 675 559;1;0;1;1;1;5
202000038004;154 675 556;7;0;2;3;15;1
202000038004;154 675 558;33;0;2;7;17;1
202000038005;154 675 557;30;0;0;0;0;1
202000038006;154 675 555;7;0;1;0;1;1
202000038007;154 675 553;7;0;1;1;19;0
202000038008;154 675 550;7;0;2;2;15;1
202000038008;154 675 551;7;0;2;8;1;1
202000038009;154 675 549;7;2;0;8;0;1
202000038010;154 675 548;14;0;0;9;2;1
202000038011;154 675 546;50;0;2;1;1;3
202000038011;154 675 547;34;0;9;7;23;1
202000038012;154 675 544;2;0;0;2;1;1
202000038013;154 675 543;7;0;2;2;1;1
202000038013;154 675 545;14;0;2;6;9;1
202000038014;154 675 542;33;0;0;0;1;1
202000038015;154 675 541;7;0;1;2;21;1
202000038016;154 675 540;7;13;0;1;13;1
202000038017;154 675 536;7;4;2;1;2;1
202000038017;154 675 538;7;0;2;3;19;1
202000038018;154 675 535;2;7;0;1;17;1
202000038019;154 675 537;7;0;2;8;1;1
202000038019;154 675 539;7;0;2;2;15;1
202000038020;154 675 533;33;0;2;7;13;1
202000038020;154 675 534;13;0;2;6;20;1
202000038021;154 675 532;7;0;1;2;16;0
202000038022;154 675 530;7;0;2;1;2;1
202000038022;154 675 531;7;0;1;1;23;1
202000038023;154 675 527;2;0;2;4;1;0
202000038023;154 675 529;7;0;2;2;9;0
202000038024;154 675 526;7;0;2;1;26;1
202000038024;154 675 528;7;0;2;4;1;1
202000038025;154 675 524;7;0;2;1;1;1
202000038025;154 675 525;7;0;2;3;9;1
202000038026;154 675 519;7;0;2;7;1;1
202000038026;154 675 522;7;0;2;1;9;1
202000038027;154 675 521;31;0;2;1;1;1
202000038027;154 675 523;7;0;2;6;9;1
202000038028;154 675 518;7;0;2;8;9;1
202000038028;154 675 520;33;0;2;1;1;1
202000038029;154 675 516;1;0;0;1;1;5
202000038030;154 675 512;33;0;2;7;1;1
202000038030;154 675 515;7;0;2;1;15;1
202000038031;154 675 511;7;0;0;8;1;1
202000038031;154 675 513;33;0;2;1;3;1
202000038031;154 675 514;7;0;0;6;15;1
202000038032;154 675 510;7;0;1;2;15;1
202000038033;154 675 509;7;0;1;1;1;2
202000038034;154 675 507;7;0;2;1;1;1
202000038034;154 675 508;7;0;2;1;13;1
202000038035;154 675 506;33;14;0;1;17;1
202000038036;154 675 504;7;0;9;7;1;1
202000038036;154 675 505;1;0;2;2;5;5
202000038037;154 675 498;7;0;1;4;20;1
202000038038;154 675 496;7;0;2;4;23;1
202000038038;154 675 497;30;0;2;1;2;1
202000038039;154 675 499;7;0;2;3;0;1
202000038039;154 675 500;7;0;2;2;0;1
202000038040;154 675 495;7;0;2;9;1;1
202000038041;154 675 493;7;0;2;3;2;0
202000038041;154 675 494;7;0;2;6;2;0
202000038042;154 675 489;7;0;2;2;1;1
202000038042;154 675 490;7;0;2;4;0;1
202000038042;154 675 491;7;0;2;6;1;1
202000038042;154 675 492;7;0;2;0;1;1
202000038043;154 675 487;1;0;2;1;9;5
202000038043;154 675 488;7;0;2;8;1;1
202000038044;154 675 483;7;0;2;3;23;0
202000038044;154 675 485;31;0;2;3;1;1
202000038044;154 675 486;7;0;2;1;15;1
202000038045;154 675 480;1;0;2;0;0;0
202000038045;154 675 481;7;0;2;7;1;0
202000038046;154 675 478;7;0;1;1;1;1
202000038047;154 675 476;7;0;2;2;9;1
202000038047;154 675 479;7;9;2;3;1;1
202000038048;154 675 475;7;0;2;6;15;1
202000038048;154 675 477;30;0;2;3;1;1
202000038049;154 675 472;2;14;2;1;1;1
202000038049;154 675 474;21;0;2;8;6;1
202000038050;154 675 471;7;0;2;8;0;0
202000038050;154 675 473;7;0;2;1;1;1
202000038051;154 675 469;7;0;1;2;1;1
202000038052;154 675 468;7;13;2;3;0;0
202000038052;154 675 470;7;0;2;3;13;1
202000038053;154 675 464;7;0;2;4;23;1
202000038053;154 675 465;7;0;2;1;1;1
202000038054;154 675 461;14;0;1;6;24;1
202000038054;154 675 463;7;1;2;1;1;1
202000038055;154 675 460;7;0;2;8;1;1
202000038055;154 675 462;7;0;2;1;1;1
202000038056;154 675 459;31;6;0;1;1;1
202000038057;154 675 454;7;0;2;1;1;1
202000038057;154 675 456;7;0;2;1;13;1
202000038058;154 675 453;7;0;2;4;1;2
202000038058;154 675 455;7;0;2;1;17;1
202000038058;154 675 457;7;0;2;1;2;1
202000038058;154 675 458;7;0;2;4;2;1
202000038059;154 675 451;7;0;2;4;2;1
202000038059;154 675 452;7;0;2;1;2;1
202000038060;154 675 450;7;0;1;1;15;1
202000038061;154 675 448;10;0;2;3;11;1
202000038061;154 675 449;34;0;2;2;3;1
202000038062;154 675 443;7;0;2;4;17;1
202000038062;154 675 444;7;0;2;1;16;1
202000038062;154 675 445;7;0;2;1;17;1
202000038062;154 675 446;7;0;2;1;17;1
202000038062;154 675 447;10;14;0;1;17;1
202000038063;154 675 441;32;16;0;3;1;1
202000038064;154 675 440;7;0;2;4;5;1
202000038064;154 675 442;7;0;2;1;1;0
202000038065;154 675 436;17;0;2;3;1;1
202000038065;154 675 438;34;0;2;2;12;1
202000038066;154 675 437;7;0;2;0;0;1
202000038066;154 675 439;7;0;0;0;0;1
202000038067;154 675 435;33;0;2;0;0;1
202000038068;154 675 433;7;0;2;4;2;1
202000038068;154 675 434;33;0;2;1;2;1
202000038069;154 675 431;60;0;0;0;26;5
202000038070;154 675 430;80;0;2;0;15;3
202000038070;154 675 432;7;0;0;0;0;1
202000038071;154 675 428;33;0;2;1;16;1
202000038071;154 675 429;7;0;2;8;1;1
202000038072;154 675 426;1;0;2;1;1;5
202000038072;154 675 427;7;0;9;0;0;1
202000038073;154 675 424;7;0;0;4;2;1
202000038073;154 675 425;33;0;2;1;2;1
202000038074;154 675 421;7;0;2;4;2;1
202000038074;154 675 422;7;0;2;4;2;1
202000038074;154 675 423;7;0;2;1;2;1
202000038075;154 675 419;7;0;2;7;0;0
202000038075;154 675 420;7;0;2;1;1;6
202000038076;154 675 417;7;0;2;3;1;1
202000038076;154 675 418;1;0;2;0;0;0
202000038077;154 675 415;14;0;2;1;26;1
202000038077;154 675 416;7;0;2;0;1;1
202000038078;154 675 413;7;0;2;7;1;1
202000038078;154 675 414;7;0;2;1;1;1
202000038079;154 675 411;7;0;2;4;2;1
202000038079;154 675 412;38;0;2;1;2;1
202000038080;154 675 409;33;0;2;4;2;0
202000038080;154 675 410;7;0;2;3;1;0
202000038081;154 675 407;33;0;2;1;2;1
202000038081;154 675 408;7;0;2;6;26;1
202000038082;154 675 405;7;0;2;5;1;1
202000038082;154 675 406;7;0;2;3;1;1
202000038083;154 675 404;30;12;0;3;13;1
202000038084;154 675 402;7;0;2;1;2;0
202000038084;154 675 403;7;1;0;4;9;1
202000038085;154 675 401;32;0;1;0;17;0
202000038086;154 675 400;1;0;0;1;1;5
202000038087;154 675 399;7;0;1;3;16;1
202000038088;154 675 397;30;0;2;1;2;1
202000038088;154 675 398;7;0;2;4;23;1
202000038089;154 675 395;7;0;2;2;1;1
202000038089;154 675 396;50;0;2;1;16;3
202000038090;154 675 393;7;0;2;1;0;
202000038090;154 675 394;2;0;2;1;1;1
202000038091;154 675 391;31;0;2;7;17;0
202000038091;154 675 392;7;0;2;8;17;0
202000038092;154 675 389;37;1;0;7;17;0
202000038092;154 675 390;20;0;0;8;24;0
202000038093;154 675 387;7;0;2;2;15;1
202000038093;154 675 388;2;0;2;1;1;1
202000038094;154 675 385;7;0;2;6;1;1
202000038094;154 675 386;7;0;2;8;1;1
202000038095;154 675 384;50;0;0;0;0;3
202000038096;154 675 382;1;0;2;0;15;5
202000038096;154 675 383;7;0;2;0;1;1
202000038097;154 675 380;7;0;2;2;1;1
202000038097;154 675 381;7;0;2;2;15;1
202000038098;154 675 378;1;0;2;1;13;2
202000038098;154 675 379;7;0;2;1;1;0
202000038099;154 675 377;7;0;1;1;19;1
202000038100;154 675 376;7;0;1;2;1;6
202000038101;154 675 374;2;0;2;1;1;0
202000038101;154 675 375;7;0;2;8;15;0
202000038102;154 675 373;30;3;0;0;1;0
202000038103;154 675 372;7;17;0;1;13;1
202000038104;154 675 370;7;0;2;3;5;1
202000038104;154 675 371;33;0;2;3;5;1
202000038105;154 675 368;2;0;2;1;1;1
202000038105;154 675 369;7;0;2;3;17;1
202000038106;154 675 367;7;4;0;1;1;1
202000038107;154 675 366;33;0;0;0;1;1
202000038108;154 675 363;7;0;2;2;10;1
202000038108;154 675 364;7;0;2;1;1;1
202000038108;154 675 365;33;0;2;0;1;1
202000038109;154 675 361;7;4;0;1;1;1
202000038110;154 675 359;33;0;2;3;1;1
202000038110;154 675 360;7;0;2;2;9;1
202000038111;154 675 358;33;0;0;7;1;0
202000038112;154 675 355;7;0;2;0;3;1
202000038112;154 675 356;7;0;2;2;1;1
202000038112;154 675 357;7;0;0;8;1;1
202000038113;154 675 352;2;0;2;1;1;1
202000038113;154 675 353;7;0;2;2;1;1
202000038114;154 675 350;33;0;2;9;13;1
202000038114;154 675 351;33;0;2;1;1;1
202000038115;154 675 349;7;0;1;2;19;2
202000038116;154 675 348;7;16;0;9;0;1
202000038117;154 675 347;7;4;0;1;0;1
202000038118;154 675 345;31;0;0;8;19;1
202000038118;154 675 346;34;0;0;2;26;0
202000038119;154 675 344;33;7;0;1;1;1
202000038120;154 675 343;7;3;0;1;1;1
202000038121;154 675 342;33;0;0;0;21;1
202000038122;154 675 340;33;13;0;2;1;1
202000038123;154 675 339;7;7;0;1;1;1
202000038124;154 675 338;2;13;0;1;14;1
202000038125;154 675 337;1;0;9;0;0;5
202000038126;154 675 335;1;0;2;1;1;5
202000038126;154 675 336;7;0;9;2;1;1
202000038127;154 675 334;7;3;0;4;0;1
202000038128;154 675 333;1;0;0;0;1;5
202000038129;154 675 331;20;0;2;1;26;1
202000038129;154 675 332;7;0;2;4;1;1
202000038130;154 675 329;10;0;2;6;1;1
202000038130;154 675 330;34;0;2;1;0;1
202000038131;154 675 327;17;0;2;6;1;1
202000038131;154 675 328;7;0;2;2;14;1
202000038132;154 675 325;7;3;2;1;2;1
202000038132;154 675 326;7;0;2;4;2;1
202000038133;154 675 321;7;0;2;1;2;1
202000038133;154 675 322;7;0;2;4;2;1
202000038133;154 675 323;7;0;2;1;2;1
202000038133;154 675 324;7;0;2;4;2;1
202000038134;154 675 320;7;3;0;0;1;1
202000038135;154 675 319;7;0;0;1;0;1
202000038136;154 675 318;7;3;0;1;2;1
202000038137;154 675 316;38;0;2;5;1;1
202000038137;154 675 317;7;0;2;1;12;1
202000038138;154 675 314;33;0;2;1;2;1
202000038138;154 675 315;7;0;2;4;2;1
202000038139;154 675 313;7;3;0;1;1;1
202000038140;154 675 312;7;1;0;1;2;1
202000038141;154 675 311;43;14;0;8;9;1
202000038142;154 675 307;10;0;2;4;2;1
202000038142;154 675 308;7;0;2;4;2;1
202000038142;154 675 309;7;0;2;4;2;1
202000038142;154 675 310;10;0;2;1;2;1
202000038143;154 675 306;33;14;0;1;9;1
202000038144;154 675 304;7;0;2;4;23;1
202000038144;154 675 305;7;0;2;1;11;1
202000038145;154 675 303;33;4;0;8;0;1
202000038146;154 675 302;7;0;1;7;1;1
202000038147;154 675 301;7;0;1;1;1;1
202000038148;154 675 300;7;0;1;6;4;1
202000038149;154 675 299;7;0;1;8;14;1
202000038150;154 675 297;7;0;2;4;1;0
202000038150;154 675 298;7;0;2;1;1;0
202000038151;154 675 295;7;0;2;3;9;0
202000038151;154 675 296;31;0;2;1;2;0
202000038152;154 675 293;7;0;2;1;15;1
202000038152;154 675 294;7;15;2;3;1;1
202000038153;154 675 292;7;8;0;1;1;1
202000038154;154 675 290;7;0;2;1;2;1
202000038154;154 675 291;7;0;2;4;2;1
202000038155;154 675 289;7;0;1;2;15;2
202000038156;154 675 287;7;0;2;1;1;1
202000038156;154 675 288;7;0;2;1;5;1
202000038157;154 675 286;99;0;0;0;0;0
202000038158;154 675 284;2;0;2;2;1;1
202000038158;154 675 285;7;0;2;3;9;1
202000038159;154 675 283;7;0;1;3;15;1
202000038160;154 675 281;7;0;2;3;26;1
202000038160;154 675 282;33;0;2;1;1;1
202000038161;154 675 280;31;0;1;1;17;0
202000038162;154 675 279;7;3;0;1;1;1
202000038163;154 675 278;7;2;0;8;14;1
202000038164;154 675 277;7;0;1;2;1;0
202000038165;154 675 275;7;0;2;5;1;1
202000038165;154 675 276;7;0;2;2;15;1
202000038166;154 675 273;32;0;2;7;12;1
202000038166;154 675 274;7;0;2;8;1;1
202000038167;154 675 271;7;0;2;1;15;1
202000038167;154 675 272;10;0;2;2;1;1
202000038168;154 675 269;33;0;2;4;2;1
202000038168;154 675 270;7;0;2;1;2;1
202000038169;154 675 268;7;13;0;1;1;1
202000038170;154 675 266;33;0;2;3;1;1
202000038170;154 675 267;7;0;2;1;15;1
202000038171;154 675 264;31;0;2;8;1;1
202000038171;154 675 265;7;0;2;7;12;1
202000038172;154 675 262;7;0;2;1;1;1
202000038172;154 675 263;2;0;2;1;26;1
202000038173;154 675 260;1;0;2;1;1;5
202000038173;154 675 261;7;0;2;6;1;1
202000038174;154 675 258;1;0;2;8;1;0
202000038174;154 675 259;7;0;9;1;16;1
202000038175;154 675 257;7;1;0;2;14;1
202000038176;154 675 254;10;0;2;1;2;1
202000038176;154 675 255;7;0;2;1;2;1
202000038176;154 675 256;7;0;2;4;2;1
202000038177;154 675 251;10;0;2;1;2;1
202000038177;154 675 252;10;0;2;1;2;1
202000038177;154 675 253;10;0;2;4;2;1
202000038178;154 675 249;2;0;2;1;13;1
202000038178;154 675 250;7;0;2;6;1;1
202000038179;154 675 247;7;0;2;8;10;1
202000038179;154 675 248;2;0;2;1;1;1
202000038180;154 675 245;10;6;2;0;6;1
202000038180;154 675 246;10;0;0;0;2;1
202000038181;154 675 243;1;0;0;0;1;5
202000038181;154 675 244;10;0;0;0;20;0
202000038182;154 675 242;1;1;0;0;0;5
202000038183;154 675 240;37;0;2;1;1;2
202000038183;154 675 241;7;0;2;7;1;1
202000038184;154 675 239;7;0;0;1;1;1
202000038185;154 675 238;33;0;0;0;26;1
202000038186;154 675 236;7;0;2;3;20;1
202000038186;154 675 237;33;0;2;4;21;1
202000038187;154 675 234;7;0;2;0;0;1
202000038187;154 675 235;7;0;2;4;1;1
202000038188;154 675 232;7;0;2;3;1;1
202000038188;154 675 233;7;0;2;3;1;1
202000038189;154 675 231;7;13;0;2;1;1
202000038190;154 675 229;7;0;2;2;1;1
202000038190;154 675 230;31;0;2;1;2;1
202000038191;154 675 227;7;0;2;2;9;1
202000038191;154 675 228;7;9;0;1;0;1
202000038192;154 675 226;2;1;0;1;1;1
202000038193;154 675 225;33;0;0;8;16;1
202000038194;154 675 224;10;0;1;1;1;1
202000038195;154 675 222;33;0;2;2;17;1
202000038195;154 675 223;7;0;2;3;15;1
202000038196;154 675 221;33;0;0;8;26;1
202000038197;154 675 220;31;1;0;6;14;1
202000038198;154 675 219;7;0;1;3;1;1
202000038199;154 675 218;7;1;0;2;1;1
202000038200;154 675 216;7;0;2;3;11;1
202000038200;154 675 217;2;0;2;5;12;1
202000038201;154 675 214;1;0;2;0;0;5
202000038201;154 675 215;7;0;2;2;2;1
202000038202;154 675 213;30;0;1;0;1;0
202000038203;154 675 211;7;0;2;1;1;1
202000038203;154 675 212;7;0;2;1;1;1
202000038204;154 675 208;7;0;2;4;0;1
202000038204;154 675 209;7;0;2;4;2;1
202000038204;154 675 210;10;0;2;1;2;1
202000038205;154 675 207;7;0;1;1;26;1
202000038206;154 675 206;40;0;1;3;26;3
202000038207;154 675 204;7;0;2;2;15;1
202000038207;154 675 205;7;0;2;1;1;1
202000038208;154 675 203;7;0;1;7;1;1
202000038209;154 675 201;31;0;2;1;7;1
202000038209;154 675 202;7;0;2;7;16;1
202000038210;154 675 200;7;8;0;1;1;1
202000038211;154 675 198;7;0;0;0;0;0
202000038211;154 675 199;7;0;0;1;9;0
202000038212;154 675 197;7;0;1;1;1;1
202000038213;154 675 195;7;0;2;1;1;1
202000038213;154 675 196;31;0;2;7;1;1
202000038214;154 675 192;7;0;2;3;15;1
202000038214;154 675 193;33;0;2;1;17;1
202000038215;154 675 191;7;13;0;2;14;1
202000038216;154 675 190;7;3;0;0;14;1
202000038217;154 675 187;7;0;2;3;13;1
202000038217;154 675 188;7;0;2;1;1;1
202000038217;154 675 189;7;0;2;1;1;1
202000038218;154 675 182;7;0;2;4;1;0
202000038218;154 675 183;7;0;2;1;1;1
202000038218;154 675 184;7;0;2;4;1;0
202000038218;154 675 185;7;0;2;4;1;0
202000038218;154 675 186;7;0;2;4;1;0
202000038219;154 675 180;7;0;2;2;15;1
202000038219;154 675 181;30;0;2;1;2;1
202000038220;154 675 178;7;0;2;1;15;1
202000038220;154 675 179;32;0;2;7;0;0
202000038221;154 675 177;34;0;1;1;1;1
202000038222;154 675 176;7;8;0;2;16;1
202000038223;154 675 172;7;0;2;4;2;1
202000038223;154 675 173;7;0;2;1;2;1
202000038224;154 675 170;7;0;2;4;23;1
202000038224;154 675 171;33;0;2;2;2;1
202000038225;154 675 168;1;0;2;3;15;5
202000038225;154 675 169;7;0;2;2;1;1
202000038226;154 675 166;33;0;2;1;1;1
202000038226;154 675 167;7;0;2;2;15;1
202000038227;154 675 164;7;0;2;1;1;1
202000038227;154 675 165;7;0;2;4;23;1
202000038228;154 675 162;50;0;2;1;9;3
202000038228;154 675 163;7;0;2;3;17;1
202000038229;154 675 160;7;0;2;3;5;1
202000038229;154 675 161;1;0;2;1;13;5
202000038230;154 675 159;33;1;1;2;21;1
202000038231;154 675 157;7;0;2;2;16;1
202000038231;154 675 158;32;0;2;8;1;1
202000038232;154 675 155;7;0;2;2;10;1
202000038232;154 675 156;7;0;2;3;1;1
202000038233;154 675 153;1;0;2;1;1;5
202000038233;154 675 154;7;0;2;2;16;1
202000038234;154 675 151;31;0;2;5;1;1
202000038234;154 675 152;7;0;2;5;15;1
202000038235;154 675 149;30;0;2;1;2;1
202000038235;154 675 150;33;0;2;7;1;1
202000038236;154 675 147;30;0;2;8;15;1
202000038236;154 675 148;43;0;2;2;1;1
202000038237;154 675 146;30;14;0;1;13;1
202000038238;154 675 144;50;0;2;3;5;3
202000038238;154 675 145;7;0;2;2;15;1
202000038239;154 675 142;1;0;2;1;1;5
202000038239;154 675 143;32;0;2;5;15;1
202000038240;154 675 140;1;0;2;1;1;5
202000038240;154 675 141;7;0;2;2;16;1
202000038241;154 675 138;34;0;2;1;1;1
202000038241;154 675 139;7;0;2;4;23;1
202000038242;154 675 136;10;0;2;5;23;1
202000038242;154 675 137;43;1;0;3;21;1
202000038243;154 675 133;33;0;2;4;1;1
202000038243;154 675 134;7;0;2;5;16;1
202000038243;154 675 135;33;0;2;3;1;1
202000038244;154 675 131;10;0;2;4;14;0
202000038244;154 675 132;33;0;0;1;1;0
202000038245;154 675 129;7;0;2;1;2;0
202000038245;154 675 130;7;0;2;4;23;0
202000038246;154 675 128;7;8;0;1;14;1
202000038247;154 675 126;7;0;2;1;26;1
202000038247;154 675 127;7;0;2;3;15;3
202000038248;154 675 124;7;0;2;1;0;1
202000038248;154 675 125;7;0;2;8;9;1
202000038249;154 675 122;7;0;2;4;23;1
202000038249;154 675 123;7;0;2;1;1;1
202000038250;154 675 120;33;0;2;1;17;1
202000038250;154 675 121;7;0;2;2;1;1
202000038251;154 675 119;7;0;1;5;1;1
202000038252;154 675 117;2;0;2;3;2;1
202000038252;154 675 118;7;0;2;7;15;1
202000038253;154 675 116;38;0;1;3;24;1
202000038254;154 675 115;32;0;1;1;1;0
202000038255;154 675 114;7;0;1;2;2;1
202000038256;154 675 112;2;0;2;2;15;1
202000038256;154 675 113;7;0;2;3;19;1
202000038257;154 675 110;7;0;2;1;1;1
202000038257;154 675 111;7;0;2;4;1;1
202000038258;154 675 108;32;0;2;2;17;1
202000038258;154 675 109;7;0;2;3;15;1
202000038259;154 675 107;7;8;0;1;1;1
202000038260;154 675 105;7;0;2;3;0;0
202000038260;154 675 106;30;0;2;0;0;0
202000038261;154 675 104;14;0;0;2;1;1
202000038262;154 675 103;7;2;0;9;1;1
202000038263;154 675 101;33;0;2;1;1;1
202000038263;154 675 102;7;0;2;7;20;1
202000038264;154 675 099;7;0;2;3;13;1
202000038264;154 675 100;21;0;2;3;1;1
202000038265;154 675 097;7;0;2;3;1;1
202000038265;154 675 098;7;0;2;7;15;1
202000038266;154 675 095;7;0;2;8;1;1
202000038266;154 675 096;7;0;2;8;1;1
202000038267;154 675 093;7;0;2;7;15;1
202000038267;154 675 094;33;0;2;1;1;1
202000038268;154 675 092;7;2;0;3;0;1
202000038269;154 675 091;36;0;0;7;1;1
202000038270;154 675 090;33;1;0;1;26;1
202000038271;154 675 089;7;1;0;0;1;1
202000038272;154 675 087;21;0;2;6;15;1
202000038272;154 675 088;33;0;2;1;17;1
202000038273;154 675 086;7;0;1;3;1;0
202000038274;154 675 085;7;15;0;1;13;1
202000038275;154 675 083;7;0;2;2;1;1
202000038275;154 675 084;7;0;2;1;9;1
202000038276;154 675 080;7;7;0;1;21;1
202000038276;154 675 081;7;2;0;1;21;1
202000038276;154 675 082;7;0;0;0;9;1
202000038277;154 675 079;7;15;0;2;1;1
202000038278;154 675 078;7;0;0;0;1;1
202000038279;154 675 077;33;3;0;3;1;1
202000038280;154 675 075;7;0;2;3;1;1
202000038280;154 675 076;15;0;2;3;1;1
202000038281;154 675 074;7;13;0;9;13;1
202000038282;154 675 070;10;0;2;3;9;1
202000038282;154 675 071;33;0;2;2;21;1
202000038283;154 675 069;7;3;0;2;1;1
202000038284;154 675 068;2;13;0;0;1;1
202000038285;154 675 066;33;2;0;1;14;1
202000038285;154 675 067;33;16;0;8;1;1
202000038286;154 675 064;7;0;2;4;0;1
202000038286;154 675 065;7;0;2;1;0;1
202000038287;154 675 062;7;0;2;2;15;1
202000038287;154 675 063;33;0;2;7;1;1
202000038288;154 675 061;7;13;0;3;13;1
202000038289;154 675 060;7;2;0;1;1;1
202000038290;154 675 057;33;0;2;1;1;1
202000038290;154 675 058;7;13;2;1;1;1
202000038290;154 675 059;7;0;2;4;1;1
202000038291;154 675 056;7;0;1;2;1;1
202000038292;154 675 055;7;13;0;1;1;1