Num_Acc;id_vehicule;categorie_vehicule;obstacle_fixe;obstacle_mobile;point_choc_initial;manoeuvre_principale;motorisation
202000038293;154 675 053;7;0;2;3;2;1
202000038293;154 675 054;7;0;2;1;13;1
202000038294;154 675 051;7;0;0;7;21;1
202000038294;154 675 052;7;15;0;2;5;1
202000038295;154 675 048;33;0;2;5;3;1
202000038295;154 675 049;7;0;2;3;1;1
202000038295;154 675 050;10;0;2;7;1;1
202000038296;154 675 046;10;0;2;1;2;1
202000038296;154 675 047;10;3;0;4;1;1
202000038297;154 675 044;7;0;;1;1;
202000038297;154 675 045;7;;;4;1;
202000038298;154 675 043;7;0;1;1;1;
202000038299;154 675 041;7;0;2;5;1;1
202000038299;154 675 042;31;0;2;1;18;1
202000038300;154 675 039;0;0;2;0;0;
202000038300;154 675 040;10;0;2;8;2;1
202000038301;154 675 037;7;0;2;2;15;1
202000038301;154 675 038;50;0;2;1;1;3
202000038302;154 675 035;7;0;2;1;1;1
202000038302;154 675 036;7;0;2;4;1;1
202000038303;154 675 033;1;0;2;8;1;5
202000038303;154 675 034;1;0;2;1;9;5
202000038304;154 675 032;7;4;0;3;13;1
202000038305;154 675 031;32;6;0;1;1;1
202000038306;154 675 029;7;0;2;3;9;1
202000038306;154 675 030;2;0;2;7;1;1
202000038307;154 675 028;7;4;0;9;1;1
202000038308;154 675 027;7;8;0;1;1;1
202000038309;154 675 025;30;0;2;2;2;1
202000038309;154 675 026;7;0;2;6;1;1
202000038310;154 675 023;7;0;2;1;1;1
202000038310;154 675 024;7;0;2;1;1;1
202000038311;154 675 021;7;0;2;8;1;1
202000038311;154 675 022;7;0;2;3;15;1
202000038312;154 675 019;7;0;2;1;1;1
202000038312;154 675 020;7;8;2;1;16;1
202000038313;154 675 017;7;0;2;2;16;1
202000038313;154 675 018;2;0;2;1;1;1
202000038314;154 675 015;33;0;2;1;1;1
202000038314;154 675 016;7;0;2;2;19;1
202000038315;154 675 013;7;0;2;1;1;1
202000038315;154 675 014;7;0;2;4;1;1
202000038316;154 675 011;2;0;2;6;2;1
202000038316;154 675 012;7;0;2;2;16;1
202000038317;154 675 010;2;1;0;1;13;1
202000038318;154 675 007;34;0;2;8;18;1
202000038318;154 675 008;31;0;2;7;3;1
202000038318;154 675 009;10;0;2;7;1;1
202000038319;154 675 005;10;0;2;4;2;1
202000038319;154 675 006;7;0;2;1;2;1
202000038320;154 675 004;43;12;0;3;13;0
202000038321;154 675 003;30;0;1;1;1;1
202000038322;154 675 001;7;0;2;3;1;1
202000038322;154 675 002;7;0;2;2;1;1
202000038323;154 674 999;33;0;2;3;1;1
202000038323;154 675 000;7;0;2;3;15;1
202000038324;154 674 997;43;0;2;2;17;1
202000038324;154 674 998;7;0;2;8;13;1
202000038325;154 674 995;7;0;2;8;16;1
202000038325;154 674 996;7;0;2;2;1;1
202000038326;154 674 994;7;0;1;2;1;1
202000038327;154 674 992;7;0;2;1;15;1
202000038327;154 674 993;1;0;2;1;1;5
202000038328;154 674 990;10;0;2;3;15;3
202000038328;154 674 991;1;0;2;1;1;5
202000038329;154 674 987;7;0;2;7;1;1
202000038329;154 674 988;7;0;2;3;22;2
202000038329;154 674 989;80;0;2;9;1;3
202000038330;154 674 985;33;1;2;1;17;1
202000038330;154 674 986;10;0;2;3;22;1
202000038331;154 674 983;33;12;2;8;1;1
202000038331;154 674 984;7;12;2;8;14;1
202000038332;154 674 982;30;0;0;0;21;1
202000038333;154 674 981;30;0;1;1;1;0
202000038334;154 674 979;30;0;2;1;2;1
202000038334;154 674 980;7;0;2;6;23;1
202000038335;154 674 977;32;0;2;0;1;1
202000038335;154 674 978;10;0;2;0;10;1
202000038336;154 674 975;30;0;2;1;1;3
202000038336;154 674 976;7;0;2;8;15;1
202000038337;154 674 973;7;0;2;2;1;2
202000038337;154 674 974;50;0;2;3;15;3
202000038338;154 674 971;7;0;2;3;9;1
202000038338;154 674 972;99;0;2;2;1;1
202000038339;154 674 969;33;1;2;7;2;1
202000038339;154 674 970;7;1;0;6;20;1
202000038340;154 674 968;7;0;1;3;1;1
202000038341;154 674 966;7;0;2;2;15;1
202000038341;154 674 967;10;0;2;7;1;1
202000038342;154 674 964;0;0;2;8;1;0
202000038342;154 674 965;33;0;2;1;1;1
202000038343;154 674 962;7;0;2;5;15;0
202000038343;154 674 963;7;0;2;1;1;0
202000038344;154 674 961;10;0;1;2;16;0
202000038345;154 674 960;14;1;1;3;9;0
202000038346;154 674 958;7;1;2;7;26;0
202000038346;154 674 959;7;1;2;7;26;0
202000038347;154 674 956;1;0;2;3;9;5
202000038347;154 674 957;37;0;2;2;9;1
202000038348;154 674 954;99;0;9;0;16;3
202000038348;154 674 955;50;0;2;0;1;3
202000038349;154 674 952;7;0;2;3;2;1
202000038349;154 674 953;2;0;2;1;2;1
202000038350;154 674 951;32;8;0;2;14;1
202000038351;154 674 948;34;14;0;1;1;1
202000038352;154 674 946;7;0;0;8;15;1
202000038352;154 674 947;2;0;2;2;17;1
202000038353;154 674 944;7;0;2;3;13;1
202000038353;154 674 945;7;15;2;3;1;1
202000038354;154 674 943;7;16;0;0;0;1
202000038355;154 674 941;1;0;9;1;2;5
202000038355;154 674 942;1;0;9;1;2;5
202000038356;154 674 940;7;16;0;1;14;0
202000038357;154 674 939;7;0;0;1;1;1
202000038358;154 674 937;7;0;2;8;15;1
202000038358;154 674 938;33;0;2;1;17;1
202000038359;154 674 935;32;0;2;5;1;1
202000038359;154 674 936;7;0;2;3;15;1
202000038360;154 674 934;1;16;0;0;21;6
202000038361;154 674 932;1;0;2;3;1;5
202000038361;154 674 933;7;0;2;5;15;1
202000038362;154 674 931;10;6;0;1;0;1
202000038363;154 674 930;33;6;0;1;1;1
202000038364;154 674 928;2;0;2;1;2;1
202000038364;154 674 929;3;0;0;4;1;1
202000038365;154 674 926;7;0;2;1;21;1
202000038365;154 674 927;7;0;2;1;1;1
202000038366;154 674 924;7;0;2;3;13;1
202000038366;154 674 925;7;0;2;3;1;1
202000038367;154 674 923;33;13;0;7;1;1
202000038368;154 674 922;0;0;1;1;16;0
202000038369;154 674 920;7;0;2;5;15;1
202000038369;154 674 921;7;0;2;3;2;1
202000038370;154 674 919;33;7;0;7;0;6
202000038371;154 674 918;7;13;0;8;13;1
202000038372;154 674 917;7;13;0;1;13;1
202000038373;154 674 915;7;0;2;2;17;0
202000038373;154 674 916;1;0;2;8;2;5
202000038374;154 674 914;33;16;0;0;1;1
202000038375;154 674 913;33;0;0;0;0;1
202000038376;154 674 911;7;0;2;5;24;1
202000038376;154 674 912;1;1;0;1;25;5
202000038377;154 674 909;15;0;0;8;10;1
202000038377;154 674 910;7;0;2;1;1;1
202000038378;154 674 908;7;0;0;0;17;1
202000038379;154 674 906;7;0;9;3;13;1
202000038379;154 674 907;1;0;2;1;0;5
202000038380;154 674 905;7;0;1;2;2;1
202000038381;154 674 903;7;0;2;8;19;1
202000038381;154 674 904;7;0;2;1;1;1
202000038382;154 674 900;7;0;0;4;1;1
202000038382;154 674 901;7;0;2;1;1;1
202000038382;154 674 902;7;0;2;1;1;1
202000038383;154 674 898;17;0;0;4;2;1
202000038383;154 674 899;33;0;2;1;2;1
202000038384;154 674 896;33;0;0;4;1;1
202000038384;154 674 897;33;0;2;1;1;1
202000038385;154 674 894;2;0;2;3;1;1
202000038385;154 674 895;7;0;2;3;0;1
202000038386;154 674 893;31;0;0;9;1;1
202000038387;154 674 888;33;0;2;1;17;1
202000038387;154 674 889;7;0;0;5;15;1
202000038387;154 674 890;7;0;0;3;1;1
202000038388;154 674 887;36;12;0;2;1;1
202000038389;154 674 885;7;0;2;2;1;1
202000038389;154 674 886;33;0;2;1;0;1
202000038390;154 674 884;7;2;0;1;1;1
202000038391;154 674 882;2;0;2;1;1;1
202000038391;154 674 883;7;0;2;5;1;1
202000038392;154 674 881;7;2;0;2;14;1
202000038393;154 674 879;7;0;2;3;1;0
202000038393;154 674 880;7;0;2;7;1;0
202000038394;154 674 877;33;0;2;7;1;1
202000038394;154 674 878;7;0;2;2;15;1
202000038395;154 674 875;21;0;2;3;1;0
202000038395;154 674 876;33;0;2;1;21;1
202000038396;154 674 873;2;0;2;1;17;1
202000038396;154 674 874;7;0;2;3;1;1
202000038397;154 674 871;21;0;0;4;2;1
202000038397;154 674 872;7;0;2;1;2;1
202000038398;154 674 869;7;0;2;1;1;1
202000038398;154 674 870;7;0;2;7;17;1
202000038399;154 674 867;7;0;2;3;9;1
202000038399;154 674 868;1;0;2;2;1;5
202000038400;154 674 865;60;0;1;7;19;5
202000038400;154 674 866;7;0;2;2;1;1
202000038401;154 674 863;7;0;2;4;0;1
202000038401;154 674 864;7;0;2;1;0;1
202000038402;154 674 860;7;0;2;4;1;1
202000038402;154 674 861;7;0;2;4;2;1
202000038402;154 674 862;7;0;2;1;2;1
202000038403;154 674 858;7;0;2;0;1;1
202000038403;154 674 859;15;0;2;2;12;1
202000038404;154 674 856;31;0;2;1;2;1
202000038404;154 674 857;7;0;2;4;2;1
202000038405;154 674 855;7;0;9;2;14;1
202000038406;154 674 854;7;4;0;5;26;1
202000038407;154 674 852;7;0;2;4;9;1
202000038407;154 674 853;33;0;2;1;1;1
202000038408;154 674 850;30;0;2;0;0;0
202000038408;154 674 851;7;0;2;0;11;0
202000038409;154 674 848;7;0;2;3;16;1
202000038409;154 674 849;13;0;2;6;15;1
202000038410;154 674 846;7;0;2;4;26;1
202000038410;154 674 847;7;0;2;1;2;1
202000038411;154 674 845;7;4;2;2;16;1
202000038412;154 674 844;7;6;0;1;13;1
202000038413;154 674 843;7;0;1;4;4;1
202000038414;154 674 841;7;0;2;1;1;1
202000038414;154 674 842;7;0;2;4;1;2
202000038415;154 674 840;7;10;0;2;1;1
202000038416;154 674 838;33;0;2;0;2;1
202000038416;154 674 839;7;0;0;0;14;1
202000038417;154 674 836;7;0;9;1;1;1
202000038417;154 674 837;60;0;2;7;0;5
202000038418;154 674 834;2;0;2;1;1;1
202000038418;154 674 835;7;0;2;0;0;1
202000038419;154 674 832;7;0;2;6;24;1
202000038419;154 674 833;7;1;0;2;1;1
202000038420;154 674 830;7;0;2;7;17;1
202000038420;154 674 831;1;0;2;8;1;5
202000038421;154 674 828;2;0;2;1;2;1
202000038421;154 674 829;7;0;2;3;15;1
202000038422;154 674 827;30;0;0;7;16;1
202000038423;154 674 826;7;6;0;1;0;1
202000038424;154 674 824;7;0;2;5;15;0
202000038424;154 674 825;7;0;2;2;26;0
202000038425;154 674 823;7;3;0;2;11;1
202000038426;154 674 820;7;0;2;4;23;1
202000038426;154 674 821;7;0;2;4;2;1
202000038426;154 674 822;7;0;2;4;23;1
202000038427;154 674 819;7;6;0;1;1;1
202000038428;154 674 817;7;0;2;1;5;1
202000038428;154 674 818;7;0;2;0;0;1
202000038429;154 674 816;7;8;0;2;1;1
202000038430;154 674 814;7;0;2;4;0;1
202000038430;154 674 815;7;0;2;1;2;1
202000038431;154 674 812;7;0;2;3;13;1
202000038431;154 674 813;7;0;2;3;13;1
202000038432;154 674 811;30;0;0;7;1;1
202000038433;154 674 809;50;0;2;1;19;3
202000038433;154 674 810;7;0;2;1;1;1
202000038434;154 674 806;7;0;2;4;1;1
202000038434;154 674 807;7;0;2;1;1;1
202000038434;154 674 808;7;0;2;4;1;1
202000038435;154 674 805;43;14;0;8;21;1
202000038436;154 674 804;7;4;0;8;13;1
202000038437;154 674 803;7;4;0;2;14;1
202000038438;154 674 801;7;0;2;5;1;1
202000038438;154 674 802;7;0;2;5;23;1
202000038439;154 674 799;30;0;2;4;23;1
202000038439;154 674 800;7;0;2;1;2;0
202000038440;154 674 798;30;0;0;0;21;1
202000038441;154 674 796;7;0;2;5;15;1
202000038441;154 674 797;30;0;2;1;8;1
202000038442;154 674 794;30;0;2;4;15;1
202000038442;154 674 795;30;0;2;1;1;1
202000038443;154 674 793;30;12;0;1;14;3
202000038444;154 674 789;7;0;2;2;1;1
202000038444;154 674 790;7;0;2;4;23;1
202000038444;154 674 791;7;0;2;4;23;1
202000038444;154 674 792;7;0;2;2;1;1
202000038445;154 674 787;7;0;2;3;15;1
202000038445;154 674 788;31;0;2;8;17;1
202000038446;154 674 786;7;0;1;0;1;1
202000038447;154 674 784;7;0;2;4;2;1
202000038447;154 674 785;7;0;2;1;2;1
202000038448;154 674 782;7;0;2;3;16;1
202000038448;154 674 783;32;0;2;1;1;1
202000038449;154 674 781;7;0;0;2;14;1
202000038450;154 674 780;7;0;0;2;14;1
202000038451;154 674 779;30;0;0;7;15;1
202000038452;154 674 778;7;1;1;3;9;1
202000038453;154 674 776;7;0;0;0;19;1
202000038453;154 674 777;32;0;2;0;1;1
202000038454;154 674 774;1;0;2;2;19;5
202000038454;154 674 775;7;0;2;1;1;1
202000038455;154 674 772;7;0;2;2;2;1
202000038455;154 674 773;7;0;0;3;9;1
202000038456;154 674 771;30;0;1;1;2;1
202000038457;154 674 767;10;0;0;5;15;1
202000038457;154 674 768;33;0;2;1;17;1
202000038458;154 674 765;7;0;9;3;11;1
202000038458;154 674 766;1;0;2;3;23;5
202000038459;154 674 764;33;12;0;1;1;1
202000038460;154 674 763;33;14;0;1;17;1
202000038461;154 674 762;7;2;0;9;1;1
202000038462;154 674 761;33;1;0;1;6;0
202000038463;154 674 760;33;0;0;1;1;0
202000038464;154 674 759;7;0;1;5;1;1
202000038465;154 674 757;7;0;2;3;13;1
202000038465;154 674 758;7;0;2;3;1;1
202000038466;154 674 756;33;13;0;8;1;1
202000038467;154 674 754;7;0;2;7;19;1
202000038467;154 674 755;7;0;2;1;1;1
202000038468;154 674 752;7;0;9;7;2;0
202000038468;154 674 753;1;0;2;8;2;5
202000038469;154 674 750;2;0;2;1;1;1
202000038469;154 674 751;7;0;2;3;10;0
202000038470;154 674 748;7;0;2;1;1;1
202000038470;154 674 749;7;0;2;1;13;1
202000038471;154 674 747;7;0;1;1;2;1
202000038472;154 674 745;7;0;2;6;15;1
202000038472;154 674 746;33;0;2;2;1;1
202000038473;154 674 744;7;0;1;3;1;1
202000038474;154 674 742;7;0;2;3;1;1
202000038474;154 674 743;7;0;2;3;13;1
202000038475;154 674 740;1;0;2;1;5;5
202000038475;154 674 741;7;0;2;3;1;1
202000038476;154 674 739;2;13;0;1;1;1
202000038477;154 674 737;7;0;2;1;1;1
202000038477;154 674 738;7;0;2;1;13;1
202000038478;154 674 736;7;8;0;1;1;1
202000038479;154 674 733;14;0;2;0;1;1
202000038479;154 674 734;33;0;9;1;1;1
202000038480;154 674 731;2;0;0;1;1;1
202000038480;154 674 732;2;0;0;0;13;1
202000038481;154 674 729;7;0;2;1;1;1
202000038481;154 674 730;7;0;2;1;1;1
202000038482;154 674 727;2;0;2;1;13;1
202000038482;154 674 728;7;0;2;3;1;1
202000038483;154 674 725;7;0;2;3;1;1
202000038483;154 674 726;3;3;2;7;1;1
202000038484;154 674 724;7;2;0;8;1;1
202000038485;154 674 723;7;2;0;1;1;1
202000038486;154 674 722;2;16;0;7;1;1
202000038487;154 674 721;7;13;0;2;0;1
202000038488;154 674 720;80;0;0;0;1;3
202000038489;154 674 718;32;0;2;8;17;1
202000038489;154 674 719;7;0;2;8;1;1
202000038490;154 674 717;7;6;0;1;1;6
202000038491;154 674 716;33;0;0;8;26;1
202000038492;154 674 714;7;3;0;2;2;1
202000038492;154 674 715;7;0;0;1;2;1
202000038493;154 674 712;7;0;0;0;19;0
202000038493;154 674 713;1;0;2;1;1;5
202000038494;154 674 711;7;0;1;2;16;0
202000038495;154 674 709;10;0;2;2;1;1
202000038495;154 674 710;7;0;2;1;9;1
202000038496;154 674 707;7;0;2;2;1;1
202000038496;154 674 708;7;0;2;8;1;1
202000038497;154 674 706;7;9;0;1;1;1
202000038498;154 674 704;7;0;2;1;5;1
202000038498;154 674 705;7;0;2;8;1;1
202000038499;154 674 702;32;0;2;7;17;1
202000038499;154 674 703;7;0;2;8;15;1
202000038500;154 674 700;10;0;2;5;2;1
202000038500;154 674 701;30;0;2;1;1;1
202000038501;154 674 698;7;0;2;5;10;0
202000038501;154 674 699;7;0;2;3;1;0
202000038502;154 674 696;10;0;2;1;1;1
202000038502;154 674 697;7;0;2;3;16;1
202000038503;154 674 695;7;0;1;3;1;0
202000038504;154 674 694;7;0;1;1;1;0
202000038505;154 674 692;14;0;2;3;1;1
202000038505;154 674 693;33;0;2;1;17;1
202000038506;154 674 690;7;0;2;1;9;1
202000038506;154 674 691;7;0;2;8;1;1
202000038507;154 674 688;7;0;2;2;1;
202000038507;154 674 689;33;0;0;6;1;
202000038508;154 674 687;7;1;0;1;13;1
202000038509;154 674 686;7;0;1;1;13;1
202000038510;154 674 684;1;0;2;7;1;5
202000038510;154 674 685;7;0;2;2;16;1
202000038511;154 674 681;10;0;2;4;12;1
202000038511;154 674 682;7;0;2;1;2;1
202000038511;154 674 683;7;0;2;1;2;1
202000038512;154 674 679;7;0;2;1;11;3
202000038512;154 674 680;7;0;2;4;23;1
202000038513;154 674 678;7;0;1;1;1;1
202000038514;154 674 676;42;0;2;3;13;1
202000038514;154 674 677;7;0;2;2;1;2
202000038515;154 674 675;7;0;1;3;1;1
202000038516;154 674 674;30;0;0;0;21;1
202000038517;154 674 673;1;0;0;0;1;5
202000038518;154 674 671;7;0;2;6;10;1
202000038518;154 674 672;7;0;2;1;1;1
202000038519;154 674 669;43;1;2;1;17;1
202000038519;154 674 670;7;0;2;2;10;2
202000038520;154 674 668;7;0;1;1;1;1
202000038521;154 674 667;10;0;1;3;1;1
202000038522;154 674 666;30;0;1;1;1;1
202000038523;154 674 665;7;0;1;2;1;1
202000038524;154 674 663;10;0;2;3;1;1
202000038524;154 674 664;7;0;2;2;1;1
202000038525;154 674 661;7;0;2;1;15;1
202000038525;154 674 662;2;0;2;2;1;0
202000038526;154 674 659;7;0;2;5;23;1
202000038526;154 674 660;50;0;2;1;17;3
202000038527;154 674 658;32;0;1;1;26;0
202000038528;154 674 657;10;0;1;1;15;1
202000038529;154 674 655;7;0;2;8;22;1
202000038529;154 674 656;1;1;0;1;1;5
202000038530;154 674 652;7;0;2;2;1;1
202000038530;154 674 653;7;0;2;3;1;1
202000038530;154 674 654;7;0;2;0;5;0
202000038531;154 674 650;7;0;2;1;1;1
202000038531;154 674 651;7;15;0;1;5;1
202000038532;154 674 648;10;0;2;5;4;1
202000038532;154 674 649;2;0;2;2;1;1
202000038533;154 674 646;7;0;2;1;1;1
202000038533;154 674 647;7;0;2;3;1;1
202000038534;154 674 645;7;0;1;1;15;1
202000038535;154 674 644;7;0;1;2;1;1
202000038536;154 674 642;7;0;2;5;12;1
202000038536;154 674 643;17;0;2;1;1;1
202000038537;154 674 640;32;0;2;0;3;1
202000038537;154 674 641;7;0;2;6;11;1
202000038538;154 674 639;7;4;0;7;2;1
202000038539;154 674 636;14;0;2;1;2;1
202000038539;154 674 637;13;0;2;2;2;1
202000038539;154 674 638;14;0;2;4;2;1
202000038540;154 674 634;10;0;2;3;2;1
202000038540;154 674 635;7;0;2;5;2;1
202000038541;154 674 632;7;0;2;1;2;0
202000038541;154 674 633;7;0;2;4;2;1
202000038542;154 674 630;10;1;0;1;14;1
202000038542;154 674 631;7;0;2;4;24;1
202000038543;154 674 629;7;4;0;1;0;1
202000038544;154 674 628;7;4;0;1;14;1
202000038545;154 674 627;7;0;0;9;21;1
202000038546;154 674 624;7;0;2;1;1;1
202000038546;154 674 625;16;0;2;9;1;1
202000038546;154 674 626;7;4;2;9;1;1
202000038547;154 674 622;80;0;2;7;1;3
202000038547;154 674 623;7;0;2;1;15;1
202000038548;154 674 620;10;0;2;1;15;1
202000038548;154 674 621;2;0;2;1;1;1
202000038549;154 674 618;2;0;9;0;14;1
202000038549;154 674 619;7;0;2;0;1;1
202000038550;154 674 616;99;0;2;8;9;1
202000038550;154 674 617;33;0;2;1;0;1
202000038551;154 674 614;10;0;2;6;26;1
202000038551;154 674 615;7;1;0;2;1;1
202000038552;154 674 611;7;0;2;1;2;1
202000038552;154 674 612;7;0;2;4;2;1
202000038552;154 674 613;7;0;2;4;2;1
202000038553;154 674 610;7;0;1;2;1;1
202000038554;154 674 608;7;0;2;6;1;1
202000038554;154 674 609;7;0;2;2;1;1
202000038555;154 674 607;7;12;0;1;14;1
202000038556;154 674 605;1;0;2;0;26;5
202000038556;154 674 606;31;0;2;2;1;1
202000038557;154 674 604;30;0;1;1;17;1
202000038558;154 674 602;7;0;2;5;15;1
202000038558;154 674 603;33;0;2;0;0;1
202000038559;154 674 599;7;0;2;1;1;1
202000038559;154 674 600;3;0;2;4;9;1
202000038560;154 674 598;7;1;0;8;13;1
202000038561;154 674 597;10;0;1;2;1;1
202000038562;154 674 595;30;0;2;1;1;1
202000038562;154 674 596;7;0;2;8;15;1
202000038563;154 674 593;7;0;2;1;13;1
202000038563;154 674 594;7;0;2;1;1;1
202000038564;154 674 591;7;0;2;1;13;1
202000038564;154 674 592;3;0;2;3;1;1
202000038565;154 674 587;10;1;0;1;14;1
202000038565;154 674 588;7;0;2;4;24;1
202000038566;154 674 586;7;2;0;2;1;1
202000038567;154 674 584;7;0;2;7;19;1
202000038567;154 674 585;7;0;2;1;19;1
202000038568;154 674 582;31;0;0;0;9;0
202000038568;154 674 583;7;0;2;0;9;1
202000038569;154 674 579;10;0;2;1;1;1
202000038569;154 674 580;7;0;2;4;1;1
202000038569;154 674 581;7;0;2;4;1;1
202000038570;154 674 577;1;0;4;8;19;5
202000038570;154 674 578;40;0;2;2;1;3
202000038571;154 674 576;33;9;0;1;14;1
202000038572;154 674 574;7;0;2;2;17;1
202000038572;154 674 575;7;0;2;6;2;0
202000038573;154 674 572;7;0;2;4;1;1
202000038573;154 674 573;7;0;2;1;1;1
202000038574;154 674 571;10;0;2;7;26;1
202000038575;154 674 570;7;0;1;1;1;1
202000038576;154 674 568;7;0;2;3;26;1
202000038576;154 674 569;7;0;2;2;1;1
202000038577;154 674 566;7;0;2;1;1;2
202000038577;154 674 567;1;0;2;1;19;5
202000038578;154 674 564;7;0;2;6;12;1
202000038578;154 674 565;7;0;2;3;14;1
202000038579;154 674 562;7;0;2;2;1;1
202000038579;154 674 563;7;7;2;8;1;1
202000038580;154 674 561;0;;1;1;1;
202000038581;154 674 559;7;0;2;5;4;1
202000038581;154 674 560;7;0;2;2;1;1
202000038582;154 674 557;33;0;2;1;1;1
202000038582;154 674 558;7;0;2;4;23;1
202000038583;154 674 555;7;0;2;3;13;1
202000038583;154 674 556;33;0;2;2;17;1
202000038584;154 674 553;2;0;2;1;26;1
202000038584;154 674 554;7;0;2;8;19;1
202000038585;154 674 552;10;0;1;1;1;1
202000038586;154 674 551;43;0;0;0;14;1
202000038587;154 674 549;33;0;2;0;14;1
202000038587;154 674 550;7;0;2;4;1;0
202000038588;154 674 548;2;0;1;1;1;1
202000038589;154 674 546;2;0;2;1;1;1
202000038589;154 674 547;7;0;2;2;9;1
202000038590;154 674 544;7;0;2;3;16;1
202000038590;154 674 545;50;0;2;1;1;3
202000038591;154 674 542;7;0;2;8;11;0
202000038591;154 674 543;32;0;2;7;1;1
202000038592;154 674 541;7;0;1;3;1;2
202000038593;154 674 540;7;11;0;3;13;1
202000038594;154 674 538;7;0;2;3;1;0
202000038594;154 674 539;7;0;2;1;2;0
202000038595;154 674 536;7;0;2;1;1;1
202000038595;154 674 537;7;0;2;4;1;1
202000038596;154 674 534;7;0;2;7;15;0
202000038596;154 674 535;34;0;2;1;1;1
202000038597;154 674 533;10;0;1;3;15;1
202000038598;154 674 531;33;0;2;7;2;1
202000038598;154 674 532;7;0;2;8;13;1
202000038599;154 674 529;7;0;2;4;2;1
202000038599;154 674 530;7;0;2;1;2;1
202000038600;154 674 528;20;5;0;1;26;1
202000038601;154 674 525;7;0;2;1;2;1
202000038601;154 674 526;7;0;2;4;2;1
202000038601;154 674 527;7;0;2;4;2;1
202000038602;154 674 524;7;4;0;1;16;1
202000038603;154 674 522;17;0;2;2;13;1
202000038603;154 674 523;17;4;2;6;1;1
202000038604;154 674 521;7;3;0;1;19;1
202000038605;154 674 518;3;4;0;3;11;1
202000038606;154 674 516;7;0;2;1;2;1
202000038606;154 674 517;7;0;2;1;2;1
202000038606;154 674 519;7;0;2;1;2;1
202000038606;154 674 520;7;0;2;1;2;1
202000038607;154 674 514;7;0;2;7;1;1
202000038607;154 674 515;7;0;2;3;9;1
202000038608;154 674 510;7;0;2;3;0;1
202000038608;154 674 512;7;0;2;5;0;1
202000038608;154 674 513;7;0;2;2;0;1
202000038609;154 674 509;60;0;2;1;15;5
202000038609;154 674 511;7;0;2;6;9;1
202000038610;154 674 507;7;0;2;4;9;1
202000038610;154 674 508;7;0;2;1;1;1
202000038611;154 674 506;7;0;1;4;26;1
202000038612;154 674 501;7;0;2;4;1;3
202000038612;154 674 503;7;0;2;1;1;1
202000038612;154 674 504;7;0;2;4;1;1
202000038613;154 674 498;7;0;2;4;12;1
202000038613;154 674 499;7;3;0;9;23;1
202000038613;154 674 500;7;1;2;1;1;1
202000038613;154 674 502;7;0;2;0;23;1
202000038613;154 674 505;7;1;2;1;14;1
202000038614;154 674 497;1;0;1;1;2;5
202000038615;154 674 494;7;4;2;1;1;1
202000038615;154 674 496;7;0;0;4;1;1
202000038616;154 674 493;7;0;0;4;18;0
202000038616;154 674 495;30;0;2;1;26;1
202000038617;154 674 491;7;0;0;5;2;1
202000038617;154 674 492;7;0;2;3;2;1
202000038618;154 674 489;7;0;2;1;10;1
202000038618;154 674 490;2;0;2;2;3;1
202000038619;154 674 483;31;0;2;7;19;1
202000038619;154 674 485;7;0;2;1;1;1
202000038620;154 674 482;7;4;2;4;1;1
202000038620;154 674 484;10;0;2;4;2;1
202000038620;154 674 486;7;0;2;4;2;1
202000038620;154 674 487;7;0;2;4;2;1
202000038620;154 674 488;7;0;2;1;2;1
202000038621;154 674 480;3;0;2;4;1;1
202000038621;154 674 481;7;0;2;4;1;1
202000038622;154 674 478;7;1;2;7;1;1
202000038622;154 674 479;7;9;2;1;1;1
202000038623;154 674 476;7;0;2;2;1;1
202000038623;154 674 477;50;0;2;1;19;3
202000038624;154 674 474;7;0;2;1;19;1
202000038624;154 674 475;1;0;2;7;1;0
202000038625;154 674 473;34;0;1;1;19;0
202000038626;154 674 471;7;0;0;4;10;0
202000038626;154 674 472;33;0;2;1;2;1
202000038627;154 674 470;31;0;9;0;26;1
202000038628;154 674 468;14;15;1;2;26;1
202000038629;154 674 467;7;0;2;2;15;1
202000038629;154 674 469;7;0;2;1;1;1
202000038630;154 674 464;10;0;2;7;15;1
202000038630;154 674 466;34;0;2;3;1;1
202000038631;154 674 463;2;0;2;0;5;1
202000038631;154 674 465;7;0;2;8;15;1
202000038632;154 674 462;7;0;1;3;1;1
202000038633;154 674 461;7;0;1;6;4;0
202000038634;154 674 459;7;0;2;2;17;1
202000038634;154 674 460;7;0;2;3;2;1
202000038635;154 674 458;7;10;0;1;0;1
202000038636;154 674 454;7;0;9;1;1;0
202000038636;154 674 456;1;0;1;1;16;5
202000038637;154 674 453;7;0;2;1;19;1
202000038637;154 674 455;7;0;2;3;1;1
202000038638;154 674 450;7;0;1;2;0;1
202000038639;154 674 451;7;0;9;1;2;1
202000038639;154 674 452;1;0;2;4;2;5
202000038640;154 674 449;7;1;1;2;1;1
202000038641;154 674 447;1;0;2;0;0;5
202000038641;154 674 448;7;0;2;0;1;1
202000038642;154 674 446;7;8;0;2;14;1
202000038643;154 674 444;33;0;2;7;17;0
202000038643;154 674 445;7;0;2;3;15;0
202000038644;154 674 443;99;9;0;1;12;0