Num_Acc;id_vehicule;categorie_vehicule;obstacle_fixe;obstacle_mobile;point_choc_initial;manoeuvre_principale;motorisation
202000038994;154 673 821;2;0;0;8;1;1
202000038995;154 673 818;14;6;0;1;14;1
202000038996;154 673 816;31;0;0;4;1;1
202000038996;154 673 817;7;0;2;1;2;1
202000038997;154 673 815;7;2;0;1;14;1
202000038998;154 673 814;33;13;0;0;0;1
202000038999;154 673 813;7;2;0;7;15;0
202000039000;154 673 812;2;15;0;2;14;1
202000039001;154 673 811;2;7;0;1;1;1
202000039002;154 673 810;33;8;0;1;14;1
202000039003;154 673 808;7;0;2;3;1;1
202000039003;154 673 809;1;0;2;1;1;5
202000039004;154 673 806;7;0;2;9;1;1
202000039004;154 673 807;7;0;2;2;13;1
202000039005;154 673 804;7;0;2;6;23;1
202000039005;154 673 805;31;0;2;1;2;1
202000039006;154 673 803;33;0;0;1;13;4
202000039007;154 673 801;7;0;2;3;20;1
202000039007;154 673 802;7;0;2;1;21;1
202000039008;154 673 800;7;13;0;2;1;1
202000039009;154 673 799;7;0;0;9;1;0
202000039010;154 673 798;7;0;1;2;19;1
202000039011;154 673 797;7;2;0;2;1;0
202000039012;154 673 795;7;0;2;1;1;1
202000039012;154 673 796;7;0;2;1;13;1
202000039013;154 673 793;7;0;2;1;1;1
202000039013;154 673 794;7;0;2;1;13;1
202000039014;154 673 792;31;0;0;0;17;1
202000039015;154 673 791;7;2;0;1;1;1
202000039016;154 673 789;32;0;2;1;1;1
202000039016;154 673 790;10;0;2;7;15;1
202000039017;154 673 788;7;0;1;1;1;1
202000039018;154 673 786;32;0;2;1;1;1
202000039018;154 673 787;7;0;2;3;15;1
202000039019;154 673 784;31;0;2;1;1;1
202000039019;154 673 785;7;4;2;2;13;1
202000039020;154 673 783;13;0;1;1;1;1
202000039021;154 673 781;33;0;2;1;2;1
202000039021;154 673 782;7;0;0;4;1;1
202000039022;154 673 779;80;0;2;8;15;3
202000039022;154 673 780;7;0;9;1;1;1
202000039023;154 673 778;7;0;1;2;1;1
202000039024;154 673 777;7;0;1;2;1;1
202000039025;154 673 775;7;0;2;3;1;1
202000039025;154 673 776;33;0;2;1;17;1
202000039026;154 673 774;50;4;0;1;1;3
202000039027;154 673 772;10;0;0;3;1;1
202000039027;154 673 773;7;4;0;5;17;1
202000039028;154 673 770;7;0;2;4;2;1
202000039028;154 673 771;2;0;2;1;2;1
202000039029;154 673 769;7;0;1;1;1;0
202000039030;154 673 767;34;0;2;1;2;1
202000039030;154 673 768;7;0;2;4;1;1
202000039031;154 673 765;7;4;2;2;21;1
202000039031;154 673 766;33;0;2;3;1;1
202000039032;154 673 764;10;2;0;3;14;1
202000039033;154 673 762;7;4;0;1;14;1
202000039033;154 673 763;7;0;2;4;1;1
202000039034;154 673 760;10;0;2;6;12;1
202000039034;154 673 761;33;0;2;7;3;1
202000039035;154 673 759;7;3;0;1;14;1
202000039036;154 673 756;33;0;2;8;3;1
202000039036;154 673 757;10;0;2;7;14;1
202000039036;154 673 758;7;0;2;5;1;1
202000039037;154 673 755;7;0;1;0;15;1
202000039038;154 673 753;7;0;2;1;15;1
202000039038;154 673 754;7;0;2;1;16;1
202000039039;154 673 751;7;0;2;3;1;1
202000039039;154 673 752;7;0;2;3;13;1
202000039040;154 673 749;7;0;2;4;26;1
202000039040;154 673 750;7;0;2;1;26;1
202000039041;154 673 747;7;0;2;7;15;1
202000039041;154 673 748;1;0;2;0;0;5
202000039042;154 673 746;32;0;1;3;1;1
202000039043;154 673 745;7;8;0;1;26;1
202000039044;154 673 744;7;4;0;3;1;1
202000039045;154 673 743;40;0;1;2;26;3
202000039046;154 673 741;1;0;2;1;19;0
202000039046;154 673 742;7;0;2;3;16;1
202000039047;154 673 739;7;0;2;3;15;1
202000039047;154 673 740;32;0;2;5;17;1
202000039048;154 673 737;33;0;2;3;1;0
202000039048;154 673 738;7;0;2;3;13;0
202000039049;154 673 735;30;0;2;7;9;1
202000039049;154 673 736;33;0;2;3;1;1
202000039050;154 673 733;7;0;2;8;9;1
202000039050;154 673 734;15;0;2;7;1;1
202000039051;154 673 731;2;0;2;1;1;1
202000039051;154 673 732;7;0;2;3;13;1
202000039052;154 673 726;7;0;2;1;14;0
202000039052;154 673 727;7;0;2;4;23;0
202000039052;154 673 729;7;0;2;4;23;0
202000039052;154 673 730;7;0;2;4;23;0
202000039053;154 673 725;1;0;2;4;1;5
202000039053;154 673 728;7;0;2;2;1;1
202000039054;154 673 723;7;0;2;3;15;1
202000039054;154 673 724;31;0;2;8;1;1
202000039055;154 673 722;7;0;1;1;1;1
202000039056;154 673 719;7;0;2;8;15;0
202000039056;154 673 721;2;0;2;1;17;0
202000039057;154 673 715;17;0;2;1;1;1
202000039057;154 673 717;7;3;2;1;1;1
202000039058;154 673 713;7;0;1;1;9;0
202000039059;154 673 714;14;0;2;0;15;6
202000039059;154 673 716;1;0;2;0;17;0
202000039060;154 673 710;17;0;9;6;1;1
202000039060;154 673 712;50;0;2;3;1;3
202000039061;154 673 709;7;0;1;2;1;1
202000039062;154 673 706;1;1;0;1;1;5
202000039062;154 673 708;7;0;9;8;24;1
202000039063;154 673 704;7;0;1;2;1;1
202000039064;154 673 702;99;0;2;1;2;1
202000039064;154 673 703;7;0;2;4;2;1
202000039064;154 673 705;7;0;2;4;2;1
202000039065;154 673 701;10;0;1;8;1;0
202000039066;154 673 699;7;6;2;3;1;1
202000039066;154 673 700;7;0;2;3;1;0
202000039067;154 673 697;7;0;2;1;1;1
202000039067;154 673 698;1;0;2;7;1;5
202000039068;154 673 695;7;1;1;8;24;1
202000039068;154 673 696;10;1;0;1;0;1
202000039069;154 673 693;7;0;2;1;1;1
202000039069;154 673 694;7;0;2;8;1;1
202000039070;154 673 690;7;0;2;1;13;1
202000039070;154 673 691;10;0;2;8;1;1
202000039070;154 673 692;10;0;2;1;1;1
202000039071;154 673 689;7;13;0;2;13;1
202000039072;154 673 688;7;0;0;9;1;1
202000039073;154 673 684;7;0;2;1;1;1
202000039073;154 673 687;1;0;2;8;1;5
202000039074;154 673 685;10;0;2;3;15;1
202000039074;154 673 686;1;0;2;2;16;5
202000039075;154 673 681;15;3;0;2;1;1
202000039076;154 673 682;32;0;2;3;13;1
202000039076;154 673 683;7;0;2;3;1;1
202000039077;154 673 680;15;6;0;7;1;1
202000039078;154 673 678;7;0;2;1;2;1
202000039078;154 673 679;7;0;2;4;1;1
202000039079;154 673 675;7;3;0;1;1;1
202000039080;154 673 676;7;0;2;1;2;1
202000039080;154 673 677;7;0;0;4;1;1
202000039081;154 673 673;7;0;2;1;13;1
202000039081;154 673 674;36;0;2;3;1;1
202000039082;154 673 672;7;3;0;1;1;1
202000039083;154 673 671;7;0;1;1;1;1
202000039084;154 673 669;10;0;2;1;1;1
202000039084;154 673 670;30;0;2;1;26;0
202000039085;154 673 668;7;6;0;2;16;1
202000039086;154 673 664;10;14;2;7;15;1
202000039086;154 673 666;7;0;2;1;1;1
202000039087;154 673 663;17;7;2;7;6;1
202000039087;154 673 665;7;0;2;8;1;1
202000039087;154 673 667;17;0;2;1;1;1
202000039088;154 673 660;10;0;2;1;1;1
202000039088;154 673 662;37;0;2;1;1;1
202000039089;154 673 659;7;0;2;3;9;1
202000039089;154 673 661;3;0;2;2;1;0
202000039090;154 673 657;33;6;0;2;1;1
202000039091;154 673 656;7;8;2;1;13;1
202000039091;154 673 658;7;0;2;1;1;1
202000039092;154 673 653;7;0;2;7;15;1
202000039092;154 673 654;7;0;2;1;1;1
202000039093;154 673 652;7;0;2;1;19;0
202000039093;154 673 655;7;0;6;1;19;0
202000039094;154 673 650;30;0;2;1;1;1
202000039094;154 673 651;7;0;2;2;15;1
202000039095;154 673 648;7;0;2;3;1;1
202000039095;154 673 649;7;0;2;6;26;1
202000039096;154 673 645;7;0;2;3;1;1
202000039096;154 673 646;7;0;2;8;1;1
202000039096;154 673 647;7;0;2;3;1;1
202000039097;154 673 642;15;0;2;7;1;1
202000039097;154 673 643;7;0;2;1;0;1
202000039097;154 673 644;7;0;2;4;0;1
202000039098;154 673 640;7;0;2;3;0;1
202000039098;154 673 641;7;0;2;3;0;1
202000039099;154 673 638;7;0;2;3;1;1
202000039099;154 673 639;7;0;2;3;1;1
202000039100;154 673 636;7;0;2;3;13;1
202000039100;154 673 637;7;0;2;3;1;1
202000039101;154 673 635;7;13;0;3;13;1
202000039102;154 673 632;7;0;2;1;1;1
202000039102;154 673 634;7;0;2;1;15;1
202000039103;154 673 627;2;0;2;1;1;1
202000039103;154 673 628;7;0;2;8;9;1
202000039104;154 673 625;7;0;2;4;1;1
202000039104;154 673 626;7;0;2;1;1;1
202000039104;154 673 629;10;0;2;4;1;1
202000039104;154 673 630;7;0;2;1;1;1
202000039105;154 673 622;15;0;2;1;2;1
202000039105;154 673 623;10;0;2;4;2;1
202000039105;154 673 624;7;0;2;4;2;1
202000039106;154 673 621;7;1;0;2;9;1
202000039107;154 673 619;7;0;2;1;2;1
202000039107;154 673 620;7;0;2;4;2;1
202000039108;154 673 617;7;0;2;3;1;1
202000039108;154 673 618;7;0;2;1;19;1
202000039109;154 673 614;7;0;2;4;23;1
202000039109;154 673 615;7;0;2;1;0;1
202000039109;154 673 616;7;0;2;1;0;1
202000039110;154 673 611;1;0;2;1;26;5
202000039110;154 673 613;7;0;2;8;9;1
202000039111;154 673 604;7;0;2;1;1;1
202000039111;154 673 605;7;0;2;1;1;1
202000039111;154 673 606;7;0;2;1;1;2
202000039111;154 673 607;7;0;2;4;1;1
202000039112;154 673 601;10;0;2;1;1;1
202000039112;154 673 603;7;0;2;4;2;1
202000039113;154 673 600;7;0;2;1;9;1
202000039113;154 673 602;7;0;2;2;1;1
202000039114;154 673 596;1;2;0;1;14;5
202000039115;154 673 594;32;15;0;0;0;1
202000039116;154 673 593;2;12;0;0;15;1
202000039117;154 673 592;10;0;1;4;26;1
202000039118;154 673 595;10;0;2;1;2;1
202000039118;154 673 597;7;0;2;4;14;1
202000039118;154 673 598;7;0;2;1;2;1
202000039118;154 673 599;10;0;2;0;0;1
202000039119;154 673 590;31;11;2;1;21;1
202000039119;154 673 591;15;0;2;4;1;1
202000039120;154 673 585;7;0;2;4;1;1
202000039120;154 673 586;7;0;2;1;1;1
202000039121;154 673 584;36;0;2;9;1;1
202000039122;154 673 583;41;8;0;7;25;3
202000039123;154 673 581;7;0;2;1;1;1
202000039123;154 673 582;7;0;2;8;19;1
202000039124;154 673 579;7;0;2;2;11;1
202000039124;154 673 580;7;0;2;3;1;1
202000039125;154 673 587;7;0;2;4;1;1
202000039125;154 673 588;7;0;2;7;12;1
202000039125;154 673 589;33;0;2;3;3;1
202000039126;154 673 577;33;0;2;1;1;1
202000039126;154 673 578;7;0;2;1;15;1
202000039127;154 673 575;7;0;9;5;17;1
202000039127;154 673 576;1;0;2;3;13;5
202000039128;154 673 572;7;0;2;2;26;1
202000039128;154 673 573;7;0;2;6;0;0
202000039129;154 673 570;10;0;2;1;0;1
202000039129;154 673 571;15;0;2;4;0;1
202000039130;154 673 568;7;0;2;0;1;1
202000039130;154 673 574;7;0;2;7;1;1
202000039131;154 673 567;7;0;2;7;1;1
202000039131;154 673 569;32;0;2;8;11;1
202000039132;154 673 565;50;0;2;1;23;3
202000039132;154 673 566;7;0;2;3;15;1
202000039133;154 673 563;7;0;2;5;2;1
202000039133;154 673 564;37;0;2;3;2;1
202000039134;154 673 559;7;0;2;4;2;1
202000039134;154 673 560;17;0;2;1;9;1
202000039134;154 673 561;7;0;2;4;2;1
202000039135;154 673 562;7;0;1;1;1;1
202000039136;154 673 557;7;0;2;3;11;1
202000039136;154 673 558;33;0;2;2;1;1
202000039137;154 673 555;7;0;2;1;1;1
202000039137;154 673 556;7;0;2;3;19;1
202000039138;154 673 551;7;0;2;6;9;1
202000039138;154 673 552;33;0;2;1;1;1
202000039139;154 673 550;7;0;0;0;26;1
202000039139;154 673 553;7;0;0;0;0;1
202000039139;154 673 554;10;0;0;0;0;1
202000039140;154 673 546;30;0;2;1;19;1
202000039140;154 673 549;7;0;2;3;19;1
202000039141;154 673 545;33;0;2;3;3;1
202000039141;154 673 547;7;0;2;3;1;1
202000039141;154 673 548;7;0;2;5;1;1
202000039142;154 673 543;10;0;2;3;12;1
202000039142;154 673 544;32;0;2;4;1;1
202000039143;154 673 542;30;0;1;1;1;0
202000039144;154 673 540;33;0;2;1;3;1
202000039144;154 673 541;7;0;2;5;12;1
202000039145;154 673 537;7;0;2;2;16;1
202000039145;154 673 539;32;0;2;8;1;1
202000039146;154 673 536;7;0;2;4;23;1
202000039146;154 673 538;7;0;2;1;2;1
202000039147;154 673 533;7;0;2;4;1;1
202000039147;154 673 535;15;0;2;1;1;1
202000039148;154 673 532;32;0;2;1;1;1
202000039148;154 673 534;7;0;2;4;23;1
202000039149;154 673 529;7;0;2;3;19;1
202000039149;154 673 531;32;0;0;2;1;1
202000039150;154 673 528;50;0;2;1;1;3
202000039150;154 673 530;10;0;2;2;16;1
202000039151;154 673 525;1;0;2;7;1;5
202000039151;154 673 526;37;0;2;3;9;2
202000039152;154 673 524;7;0;2;1;1;1
202000039152;154 673 527;7;0;2;2;1;1
202000039153;154 673 523;7;8;0;1;14;1
202000039154;154 673 521;7;0;2;1;2;1
202000039154;154 673 522;7;0;2;4;2;1
202000039155;154 673 520;10;0;1;1;15;1
202000039156;154 673 519;50;0;1;1;1;3
202000039157;154 673 517;1;0;2;3;10;5
202000039157;154 673 518;37;0;2;7;17;2
202000039158;154 673 516;33;0;0;0;14;1
202000039159;154 673 515;50;14;0;1;1;3
202000039160;154 673 513;31;0;2;8;9;1
202000039160;154 673 514;10;0;2;2;1;1
202000039161;154 673 511;13;0;2;2;22;6
202000039161;154 673 512;32;0;2;3;18;1
202000039162;154 673 508;7;0;2;3;1;1
202000039162;154 673 509;33;0;2;2;1;1
202000039163;154 673 504;7;0;2;4;2;1
202000039163;154 673 505;30;0;2;1;2;1
202000039164;154 673 501;34;0;2;1;1;1
202000039164;154 673 503;7;0;2;2;1;1
202000039165;154 673 500;33;0;2;1;1;1
202000039165;154 673 502;7;0;2;7;15;1
202000039166;154 673 497;7;0;2;1;1;1
202000039166;154 673 499;30;0;2;8;19;1
202000039167;154 673 496;10;1;0;2;15;1
202000039167;154 673 498;7;0;2;6;23;1
202000039168;154 673 493;7;0;2;2;15;0
202000039168;154 673 495;2;0;2;1;1;0
202000039169;154 673 492;1;0;2;6;1;5
202000039169;154 673 494;7;0;2;2;16;1
202000039170;154 673 489;7;0;2;1;2;1
202000039170;154 673 491;10;0;2;4;23;1
202000039171;154 673 488;7;0;2;7;1;1
202000039171;154 673 490;7;0;2;3;1;1
202000039172;154 673 486;10;0;2;1;2;1
202000039172;154 673 487;10;0;2;4;2;1
202000039173;154 673 484;7;0;1;1;14;1
202000039174;154 673 483;7;0;2;7;0;0
202000039174;154 673 485;2;0;2;1;26;0
202000039175;154 673 480;2;0;2;3;1;3
202000039175;154 673 481;7;1;2;2;9;1
202000039176;154 673 478;33;8;0;8;1;1
202000039176;154 673 479;7;0;2;1;15;1
202000039177;154 673 477;30;0;0;0;0;1
202000039178;154 673 475;1;14;2;1;19;5
202000039178;154 673 476;7;0;2;1;19;1
202000039179;154 673 473;7;0;2;1;14;1
202000039179;154 673 474;7;0;2;8;2;1
202000039180;154 673 471;7;0;2;3;15;1
202000039180;154 673 472;30;0;2;1;16;1
202000039181;154 673 482;7;0;1;2;1;1
202000039182;154 673 469;7;0;2;7;1;1
202000039182;154 673 470;30;0;2;8;18;1
202000039183;154 673 468;7;0;1;1;16;1
202000039184;154 673 466;7;0;1;1;9;1
202000039185;154 673 465;10;0;2;1;1;1
202000039185;154 673 467;7;0;2;2;15;1
202000039186;154 673 463;7;0;2;1;1;1
202000039186;154 673 464;7;0;2;4;1;1
202000039187;154 673 461;30;0;2;1;2;1
202000039187;154 673 462;7;0;0;4;2;1
202000039188;154 673 460;7;0;1;2;15;0
202000039189;154 673 457;7;0;2;3;16;1
202000039189;154 673 459;1;0;2;1;1;5
202000039190;154 673 454;33;0;2;5;9;1
202000039190;154 673 455;7;0;2;5;1;1
202000039191;154 673 456;7;15;2;6;5;1
202000039191;154 673 458;7;0;2;3;2;2
202000039192;154 673 452;7;0;2;2;17;1
202000039192;154 673 453;7;0;2;3;15;1
202000039193;154 673 451;32;0;5;7;19;1
202000039194;154 673 449;7;0;2;7;15;1
202000039194;154 673 450;7;0;2;1;1;1
202000039195;154 673 445;30;0;2;1;2;1
202000039195;154 673 447;7;0;2;4;23;1
202000039196;154 673 443;30;0;2;1;2;1
202000039196;154 673 444;7;0;2;4;1;1
202000039197;154 673 441;7;0;2;2;2;1
202000039197;154 673 442;2;0;2;1;1;1
202000039198;154 673 439;2;0;2;7;1;1
202000039198;154 673 440;7;0;2;1;19;1
202000039199;154 673 438;7;0;1;4;20;6
202000039200;154 673 436;7;0;2;8;19;1
202000039200;154 673 437;10;0;2;1;19;1
202000039201;154 673 435;31;0;0;7;26;1
202000039202;154 673 433;31;0;2;1;1;0
202000039202;154 673 434;7;0;2;7;9;1
202000039203;154 673 428;7;0;2;4;23;1
202000039203;154 673 429;7;0;2;4;23;1
202000039203;154 673 430;7;0;2;4;1;1
202000039203;154 673 431;10;0;2;1;1;1
202000039203;154 673 432;7;0;2;1;1;1
202000039204;154 673 427;10;0;1;1;26;1
202000039205;154 673 446;7;0;2;8;1;1
202000039205;154 673 448;7;0;2;7;17;1
202000039206;154 673 426;7;1;0;9;5;1
202000039207;154 673 424;7;0;2;3;1;1
202000039207;154 673 425;7;0;2;3;1;1
202000039208;154 673 422;50;0;2;7;0;3
202000039208;154 673 423;7;0;9;2;1;1
202000039209;154 673 419;2;0;2;0;17;0
202000039209;154 673 421;2;0;2;8;1;0
202000039210;154 673 418;1;0;2;1;1;5
202000039210;154 673 420;7;0;2;4;4;1
202000039211;154 673 414;7;0;2;9;0;1
202000039211;154 673 415;7;0;2;1;26;1
202000039212;154 673 416;7;0;2;2;1;0
202000039212;154 673 417;7;0;2;3;5;0
202000039213;154 673 411;7;0;2;0;16;0
202000039213;154 673 413;50;0;2;7;1;3
202000039214;154 673 412;7;14;0;1;0;1
202000039215;154 673 408;7;0;2;4;1;1
202000039215;154 673 410;33;0;2;1;1;1
202000039216;154 673 407;7;0;2;1;1;1
202000039216;154 673 409;7;2;2;2;1;1
202000039217;154 673 406;33;14;0;8;11;1
202000039218;154 673 404;2;0;2;1;2;1
202000039218;154 673 405;2;0;2;4;2;1
202000039219;154 673 401;7;0;2;3;15;1
202000039219;154 673 403;30;0;2;8;19;1
202000039220;154 673 400;7;0;2;7;15;1
202000039220;154 673 402;33;0;2;1;1;1
202000039221;154 673 399;7;13;0;1;14;1
202000039222;154 673 398;7;0;1;3;;1
202000039223;154 673 397;7;0;1;1;1;1
202000039224;154 673 395;2;0;2;2;2;1
202000039224;154 673 396;7;0;2;1;9;1
202000039225;154 673 394;7;16;0;9;1;1
202000039226;154 673 392;7;0;2;2;2;1
202000039226;154 673 393;2;0;2;8;15;1
202000039227;154 673 391;7;0;2;1;20;1
202000039228;154 673 389;7;0;2;1;15;1
202000039228;154 673 390;7;0;2;1;1;1
202000039229;154 673 388;7;0;1;1;1;1
202000039230;154 673 387;15;13;0;2;14;1
202000039231;154 673 385;7;0;2;1;9;1
202000039231;154 673 386;7;0;2;7;1;1
202000039232;154 673 383;33;0;2;1;1;1
202000039232;154 673 384;7;0;2;5;15;1
202000039233;154 673 382;30;0;2;1;2;1
202000039234;154 673 381;7;0;1;1;1;1
202000039235;154 673 377;7;0;2;1;6;1
202000039235;154 673 378;7;0;2;3;0;1
202000039235;154 673 379;7;0;2;6;1;1
202000039235;154 673 380;7;0;2;3;0;1
202000039236;154 673 373;7;0;2;1;2;0
202000039236;154 673 374;7;0;2;4;2;0
202000039237;154 673 370;1;0;0;4;1;5
202000039237;154 673 372;14;0;2;7;2;1
202000039238;154 673 369;33;8;2;1;3;1
202000039238;154 673 371;7;0;2;0;15;1
202000039239;154 673 368;30;12;0;7;16;1
202000039240;154 673 367;33;0;0;7;1;1
202000039241;154 673 366;32;0;0;0;0;0
202000039242;154 673 365;7;0;1;0;0;0
202000039243;154 673 364;7;0;0;8;17;0
202000039244;154 673 362;7;0;9;1;26;1
202000039244;154 673 363;80;0;2;7;1;3
202000039245;154 673 359;7;0;2;7;1;1
202000039245;154 673 361;33;8;2;1;17;1
202000039246;154 673 358;7;0;2;7;17;1
202000039246;154 673 360;33;0;2;8;17;1
202000039247;154 673 357;33;6;0;2;0;1
202000039248;154 673 355;1;0;2;2;17;5
202000039248;154 673 356;7;0;2;3;11;1
202000039249;154 673 354;7;13;0;9;1;1
202000039250;154 673 351;2;0;0;0;1;1
202000039251;154 673 350;10;0;2;4;2;1
202000039251;154 673 352;7;0;2;1;2;2
202000039251;154 673 353;7;0;2;4;2;1
202000039252;154 673 348;7;0;2;1;15;1
202000039252;154 673 349;7;0;2;1;1;1
202000039253;154 673 347;7;0;1;3;1;1
202000039254;154 673 346;7;8;0;0;1;1
202000039255;154 673 344;7;0;2;4;2;1
202000039255;154 673 345;7;0;2;1;2;1
202000039256;154 673 342;7;0;2;1;1;1
202000039256;154 673 343;7;0;2;1;13;1
202000039257;154 673 340;1;0;2;2;1;5
202000039257;154 673 341;7;0;2;3;22;1
202000039258;154 673 339;32;0;0;0;1;1
202000039259;154 673 337;34;8;0;2;11;1
202000039260;154 673 336;7;0;2;1;1;1
202000039260;154 673 338;7;0;0;4;1;2
202000039261;154 673 334;21;0;2;2;16;1
202000039261;154 673 335;1;0;2;4;15;5
202000039262;154 673 332;33;0;2;6;15;1
202000039262;154 673 333;7;0;2;2;17;1
202000039263;154 673 330;33;0;2;1;1;1
202000039263;154 673 331;7;0;0;4;1;1
202000039264;154 673 327;33;0;2;1;19;1
202000039264;154 673 328;7;1;2;5;0;1
202000039264;154 673 329;7;0;2;3;15;1
202000039265;154 673 324;30;0;2;3;1;1
202000039265;154 673 326;10;0;2;8;15;1
202000039266;154 673 323;7;0;2;3;3;1
202000039266;154 673 325;33;0;0;1;1;1
202000039267;154 673 321;7;0;2;7;15;1
202000039267;154 673 322;7;0;2;2;1;1
202000039268;154 673 320;10;0;1;2;2;1
202000039269;154 673 319;7;0;1;3;14;1
202000039270;154 673 316;1;0;2;3;1;5
202000039270;154 673 318;1;0;2;2;17;5
202000039271;154 673 315;2;0;2;1;19;1
202000039271;154 673 317;15;0;2;6;1;1
202000039272;154 673 312;1;0;2;6;1;5
202000039272;154 673 314;7;0;2;2;1;0
202000039273;154 673 311;7;0;1;1;1;1
202000039274;154 673 313;30;0;1;1;1;3
202000039275;154 673 310;33;0;0;8;1;1
202000039276;154 673 309;7;0;1;3;15;1
202000039277;154 673 306;31;0;2;1;23;1
202000039277;154 673 308;10;0;2;4;4;1
202000039278;154 673 305;33;0;2;1;2;1
202000039278;154 673 307;7;0;0;5;1;1
202000039279;154 673 303;7;0;2;3;1;1
202000039279;154 673 304;34;0;2;1;1;1
202000039280;154 673 301;7;0;2;1;2;1
202000039280;154 673 302;15;0;0;4;2;1
202000039281;154 673 299;2;0;2;1;1;0
202000039281;154 673 300;7;1;0;2;1;0
202000039282;154 673 297;7;14;0;1;1;1
202000039282;154 673 298;7;4;0;3;1;1
202000039283;154 673 295;31;0;2;1;1;1
202000039283;154 673 296;7;0;2;7;16;1
202000039284;154 673 294;31;4;0;3;13;1
202000039285;154 673 293;7;6;0;1;1;1
202000039286;154 673 290;7;0;2;1;1;1
202000039286;154 673 292;7;0;2;7;1;1
202000039287;154 673 289;7;0;2;1;17;1
202000039287;154 673 291;7;0;2;1;1;1
202000039288;154 673 287;7;0;0;9;17;0
202000039289;154 673 286;7;1;0;1;2;1
202000039289;154 673 288;2;0;2;0;0;0
202000039290;154 673 285;0;0;1;0;0;0
202000039291;154 673 283;33;0;2;1;2;1
202000039291;154 673 284;7;0;2;4;1;1
202000039292;154 673 281;30;0;0;8;15;1
202000039292;154 673 282;33;0;2;1;1;1
202000039293;154 673 280;7;0;1;1;15;1
202000039294;154 673 279;10;6;1;2;14;1
202000039295;154 673 274;7;0;2;2;0;0
202000039295;154 673 277;7;0;2;7;14;0
202000039296;154 673 272;32;0;2;1;1;1
202000039296;154 673 273;10;0;2;2;15;1
202000039297;154 673 270;32;0;2;2;0;1
202000039297;154 673 271;1;0;2;3;13;0
202000039298;154 673 275;7;0;2;1;2;1
202000039298;154 673 276;7;3;2;4;23;1
202000039298;154 673 278;7;0;0;4;23;1
202000039299;154 673 268;7;0;2;2;16;1
202000039299;154 673 269;2;0;2;3;1;1
202000039300;154 673 265;10;0;2;3;17;1
202000039300;154 673 266;7;3;2;3;5;1
202000039300;154 673 267;7;0;2;3;11;1
202000039301;154 673 263;7;0;2;4;15;1
202000039301;154 673 264;34;0;2;1;17;1
202000039302;154 673 260;32;0;2;1;1;1
202000039302;154 673 262;7;0;2;7;1;1
202000039303;154 673 259;7;0;2;1;1;0
202000039303;154 673 261;7;0;2;3;15;0
202000039304;154 673 258;33;0;0;7;1;1
202000039305;154 673 256;99;0;9;7;2;0
202000039305;154 673 257;1;0;2;4;2;5
202000039306;154 673 254;10;2;0;3;1;1
202000039307;154 673 252;7;0;2;3;2;1
202000039307;154 673 253;15;0;2;5;2;1
202000039308;154 673 255;7;7;0;1;1;1
202000039309;154 673 251;7;2;0;9;1;1
202000039310;154 673 249;7;0;2;3;15;1
202000039310;154 673 250;7;0;2;1;26;1
202000039311;154 673 246;7;0;2;1;21;1
202000039311;154 673 248;7;0;2;1;1;1
202000039312;154 673 245;7;0;0;3;1;1
202000039312;154 673 247;1;0;2;3;16;5
202000039313;154 673 242;33;0;2;8;21;0
202000039313;154 673 243;7;0;2;5;15;0
202000039314;154 673 244;7;1;0;2;0;0
202000039315;154 673 241;2;0;0;0;1;0
202000039316;154 673 240;10;0;1;4;4;1
202000039317;154 673 238;80;0;2;1;23;3
202000039317;154 673 239;7;0;2;3;15;1
202000039318;154 673 235;10;0;2;7;2;1
202000039318;154 673 237;1;0;2;8;2;0
202000039319;154 673 234;7;0;0;3;1;1
202000039319;154 673 236;2;0;2;1;1;1
202000039320;154 673 231;7;0;2;1;19;1
202000039320;154 673 233;7;0;2;8;1;1
202000039321;154 673 230;7;0;2;3;1;1
202000039321;154 673 232;30;0;2;1;13;1
202000039322;154 673 228;7;0;1;7;1;1
202000039323;154 673 227;33;0;2;2;1;1
202000039323;154 673 229;7;0;2;4;1;1
202000039324;154 673 225;7;0;2;3;1;1
202000039324;154 673 226;2;0;2;1;13;1
202000039325;154 673 224;1;0;0;0;1;5
202000039326;154 673 223;7;2;0;1;13;1
202000039327;154 673 220;33;0;2;1;1;1
202000039327;154 673 222;7;0;2;2;15;1
202000039328;154 673 219;2;0;0;7;1;1
202000039328;154 673 221;7;0;2;3;9;1
202000039329;154 673 218;10;0;1;1;1;1
202000039330;154 673 217;7;3;0;1;26;1
202000039331;154 673 214;10;0;2;1;0;1
202000039331;154 673 216;7;0;2;4;0;1
202000039332;154 673 213;7;0;2;1;1;1
202000039332;154 673 215;7;0;2;1;13;1
202000039333;154 673 211;33;0;0;0;1;1
202000039334;154 673 210;31;0;2;1;2;1
202000039334;154 673 212;10;0;2;4;1;1
202000039335;154 673 208;30;0;2;1;1;1
202000039335;154 673 209;7;0;2;8;1;1
202000039336;154 673 204;0;0;2;1;0;0
202000039336;154 673 206;31;0;2;1;1;1
202000039336;154 673 207;7;0;2;4;2;1
202000039337;154 673 203;2;0;2;1;1;1