Num_Acc;id_vehicule;categorie_vehicule;obstacle_fixe;obstacle_mobile;point_choc_initial;manoeuvre_principale;motorisation
202000039337;154 673 205;7;0;0;5;26;1
202000039338;154 673 201;7;0;1;3;1;1
202000039339;154 673 200;15;0;2;1;2;1
202000039339;154 673 202;7;0;2;4;2;1
202000039340;154 673 198;32;0;2;1;1;1
202000039340;154 673 199;7;0;0;6;23;1
202000039341;154 673 197;7;4;0;0;2;1
202000039342;154 673 196;7;0;1;4;4;1
202000039343;154 673 195;17;4;0;7;15;1
202000039344;154 673 194;7;2;0;1;1;1
202000039345;154 673 193;7;0;0;0;1;1
202000039346;154 673 190;7;0;2;4;1;1
202000039346;154 673 192;10;0;2;1;1;1
202000039347;154 673 189;7;3;0;6;26;1
202000039347;154 673 191;10;0;2;2;12;1
202000039348;154 673 187;7;0;1;3;1;1
202000039349;154 673 183;7;0;2;2;2;1
202000039349;154 673 185;1;0;0;4;2;5
202000039350;154 673 180;7;0;2;1;2;0
202000039350;154 673 181;20;0;0;4;2;0
202000039351;154 673 177;2;0;2;1;1;1
202000039351;154 673 179;7;0;2;7;1;1
202000039352;154 673 176;17;0;2;6;14;1
202000039352;154 673 178;17;0;2;3;14;1
202000039353;154 673 175;33;0;0;8;1;1
202000039354;154 673 174;7;0;1;1;1;1
202000039355;154 673 172;7;0;1;3;1;1
202000039356;154 673 171;7;0;2;3;19;0
202000039356;154 673 173;7;0;2;1;1;0
202000039357;154 673 170;7;0;1;2;0;0
202000039358;154 673 168;17;0;0;6;2;1
202000039358;154 673 169;10;0;2;1;2;1
202000039359;154 673 166;7;0;2;3;1;1
202000039359;154 673 167;30;0;2;2;15;1
202000039360;154 673 164;7;0;2;2;2;1
202000039360;154 673 165;7;0;2;6;2;1
202000039361;154 673 161;99;0;2;4;26;6
202000039361;154 673 163;7;0;9;3;1;1
202000039362;154 673 162;7;4;0;9;12;1
202000039363;154 673 158;7;0;2;1;15;1
202000039363;154 673 160;80;0;2;0;0;3
202000039364;154 673 156;33;0;2;1;2;1
202000039364;154 673 157;7;0;2;3;11;0
202000039365;154 673 155;7;0;1;3;16;0
202000039366;154 673 154;7;13;0;1;1;1
202000039367;154 673 153;20;0;1;4;26;1
202000039368;154 673 151;7;0;2;3;26;1
202000039368;154 673 152;50;0;2;1;5;3
202000039369;154 673 149;7;8;0;1;1;1
202000039370;154 673 148;33;0;2;2;2;1
202000039370;154 673 150;7;0;2;3;10;1
202000039371;154 673 146;7;4;0;1;13;1
202000039372;154 673 145;99;0;1;8;1;1
202000039372;154 673 147;7;0;1;3;1;1
202000039373;154 673 144;7;0;1;1;26;1
202000039374;154 673 142;7;0;2;1;13;1
202000039374;154 673 143;7;0;2;1;1;1
202000039375;154 673 140;7;0;2;2;1;1
202000039375;154 673 141;7;0;2;3;9;1
202000039376;154 673 139;33;0;6;3;19;1
202000039377;154 673 134;7;0;2;3;1;1
202000039377;154 673 137;7;0;2;1;19;1
202000039378;154 673 133;7;0;2;4;23;1
202000039378;154 673 135;7;0;2;4;23;1
202000039378;154 673 136;7;0;0;4;23;1
202000039378;154 673 138;10;14;0;1;1;1
202000039379;154 673 131;7;0;2;1;1;1
202000039379;154 673 132;7;0;2;1;1;1
202000039380;154 673 130;7;17;0;1;17;1
202000039381;154 673 128;7;0;2;3;1;1
202000039381;154 673 129;7;0;2;3;1;1
202000039382;154 673 126;7;0;2;3;1;1
202000039382;154 673 127;7;0;2;3;13;1
202000039383;154 673 125;7;0;1;8;4;1
202000039384;154 673 124;7;0;1;3;1;1
202000039385;154 673 123;7;0;9;1;13;1
202000039386;154 673 120;33;1;2;1;1;1
202000039386;154 673 122;7;0;2;8;15;1
202000039387;154 673 119;7;0;2;1;1;1
202000039387;154 673 121;7;0;2;4;2;1
202000039388;154 673 115;7;0;2;1;2;1
202000039388;154 673 117;33;0;2;4;2;1
202000039389;154 673 116;30;0;2;1;2;1
202000039389;154 673 118;10;0;2;4;23;1
202000039390;154 673 113;2;0;0;7;1;1
202000039391;154 673 111;7;0;0;0;0;1
202000039391;154 673 112;7;0;0;0;0;1
202000039391;154 673 114;7;0;0;0;26;1
202000039392;154 673 108;7;0;2;4;2;1
202000039392;154 673 109;7;0;2;4;2;0
202000039392;154 673 110;7;0;2;1;2;1
202000039393;154 673 107;7;0;0;9;9;1
202000039394;154 673 106;7;0;1;3;15;1
202000039395;154 673 104;7;4;0;3;1;1
202000039396;154 673 103;33;0;2;3;1;1
202000039396;154 673 105;7;0;2;3;15;1
202000039397;154 673 099;2;0;2;3;2;1
202000039397;154 673 101;7;0;2;3;13;1
202000039398;154 673 100;7;0;2;3;19;1
202000039398;154 673 102;2;0;2;1;1;1
202000039399;154 673 096;10;0;2;2;15;1
202000039399;154 673 098;2;0;2;1;1;1
202000039400;154 673 094;7;0;2;3;1;1
202000039400;154 673 095;37;0;2;5;1;1
202000039400;154 673 097;7;0;2;8;9;1
202000039401;154 673 090;7;0;2;1;1;1
202000039401;154 673 092;10;0;2;1;1;1
202000039401;154 673 093;7;0;2;4;23;1
202000039402;154 673 089;7;0;2;1;1;1
202000039402;154 673 091;7;0;2;4;1;1
202000039403;154 673 088;32;0;0;1;26;1
202000039404;154 673 086;1;0;2;8;1;5
202000039404;154 673 087;7;0;2;2;16;1
202000039405;154 673 085;7;0;1;2;1;1
202000039406;154 673 081;7;0;0;0;11;1
202000039406;154 673 083;2;0;0;0;1;1
202000039407;154 673 080;7;9;2;3;1;6
202000039407;154 673 082;7;8;2;1;9;0
202000039407;154 673 084;7;8;0;2;1;6
202000039408;154 673 078;13;0;2;4;1;0
202000039408;154 673 079;30;0;2;1;2;0
202000039409;154 673 077;20;0;0;1;13;1
202000039410;154 673 074;7;0;2;1;1;0
202000039410;154 673 076;7;0;2;1;9;0
202000039411;154 673 073;7;0;9;7;16;1
202000039411;154 673 075;33;0;2;1;1;1
202000039412;154 673 071;7;0;2;1;2;1
202000039412;154 673 072;7;0;2;4;0;1
202000039413;154 673 070;7;0;1;1;16;1
202000039414;154 673 068;7;0;2;1;26;1
202000039414;154 673 069;7;0;2;4;16;1
202000039415;154 673 066;7;0;2;2;1;1
202000039416;154 673 065;2;0;2;2;15;1
202000039416;154 673 067;7;0;2;3;15;1
202000039417;154 673 062;7;0;2;7;13;1
202000039417;154 673 064;7;0;2;1;1;1
202000039418;154 673 061;7;0;2;9;0;1
202000039418;154 673 063;7;0;2;3;0;1
202000039419;154 673 059;30;0;0;8;0;1
202000039420;154 673 058;7;0;2;4;2;1
202000039420;154 673 060;30;0;2;1;2;1
202000039421;154 673 056;7;0;1;1;15;1
202000039422;154 673 055;7;0;2;1;0;1
202000039422;154 673 057;7;0;2;7;0;1
202000039423;154 673 052;7;0;2;0;0;1
202000039423;154 673 054;80;0;2;8;0;3
202000039424;154 673 053;7;3;0;1;9;1
202000039425;154 673 051;7;2;0;0;1;1
202000039426;154 673 047;7;0;2;8;16;1
202000039426;154 673 049;7;0;2;3;26;1
202000039426;154 673 050;7;0;2;3;15;1
202000039427;154 673 046;14;0;2;8;1;0
202000039427;154 673 048;33;0;2;1;13;1
202000039428;154 673 043;30;0;2;1;1;1
202000039428;154 673 045;7;0;2;3;26;1
202000039429;154 673 042;7;1;2;2;1;1
202000039429;154 673 044;7;15;2;2;1;1
202000039430;154 673 040;7;0;1;2;1;1
202000039431;154 673 039;7;0;9;7;15;1
202000039431;154 673 041;1;0;2;1;1;5
202000039432;154 673 038;7;2;0;1;26;1
202000039433;154 673 037;7;12;0;3;1;1
202000039434;154 673 035;33;0;2;1;1;1
202000039434;154 673 036;7;0;2;3;1;1
202000039435;154 673 034;7;13;0;2;14;1
202000039436;154 673 033;7;1;0;1;21;1
202000039437;154 673 031;7;0;2;0;1;
202000039437;154 673 032;7;0;2;1;1;1
202000039438;154 673 029;33;0;2;8;15;1
202000039438;154 673 030;7;0;2;3;16;1
202000039439;154 673 027;7;0;2;1;1;1
202000039439;154 673 028;30;0;2;5;15;1
202000039440;154 673 026;7;0;1;2;1;1
202000039441;154 673 024;7;0;2;4;20;1
202000039441;154 673 025;1;0;2;1;1;5
202000039442;154 673 023;7;0;1;2;16;3
202000039443;154 673 022;7;7;0;3;15;1
202000039444;154 673 020;1;0;2;0;0;5
202000039444;154 673 021;7;0;2;1;9;1
202000039445;154 673 019;7;0;1;1;1;0
202000039446;154 673 018;14;0;1;2;1;1
202000039447;154 673 017;40;0;1;2;1;3
202000039448;154 673 015;33;0;2;3;13;1
202000039448;154 673 016;10;0;2;8;1;1
202000039449;154 673 013;10;0;2;1;13;1
202000039449;154 673 014;7;0;2;1;1;1
202000039450;154 673 011;1;0;9;4;1;5
202000039450;154 673 012;1;0;9;1;1;5
202000039451;154 673 008;7;0;2;0;0;0
202000039451;154 673 009;7;0;2;2;0;0
202000039452;154 673 006;2;0;2;1;1;1
202000039452;154 673 007;7;0;2;8;1;1
202000039453;154 673 004;7;0;2;4;2;1
202000039453;154 673 005;7;0;2;1;2;1
202000039454;154 673 002;32;0;2;3;1;1
202000039454;154 673 003;34;1;2;1;17;1
202000039455;154 673 001;7;0;1;3;15;1
202000039456;154 672 999;1;0;2;3;1;0
202000039456;154 673 000;7;0;2;3;17;1
202000039457;154 672 997;7;0;2;8;15;0
202000039457;154 672 998;32;0;2;1;0;0
202000039458;154 672 995;7;5;2;1;13;1
202000039458;154 672 996;10;2;2;2;13;0
202000039459;154 672 993;3;0;2;1;1;3
202000039459;154 672 994;7;0;2;3;8;1
202000039460;154 672 992;20;0;1;0;26;0
202000039461;154 672 990;30;0;2;1;0;1
202000039461;154 672 991;1;0;2;0;26;5
202000039462;154 672 988;32;9;0;1;13;1
202000039463;154 672 986;7;0;2;8;1;1
202000039463;154 672 987;7;0;2;1;9;1
202000039464;154 672 984;7;0;2;5;1;1
202000039464;154 672 985;33;0;2;1;2;1
202000039465;154 672 982;7;0;2;6;15;1
202000039465;154 672 983;7;0;2;1;1;1
202000039466;154 672 980;7;0;2;1;9;1
202000039466;154 672 981;7;1;2;3;1;1
202000039467;154 672 979;10;16;0;9;1;1
202000039468;154 672 977;7;0;2;1;9;1
202000039468;154 672 978;33;0;2;2;1;1
202000039469;154 672 975;7;0;2;8;10;1
202000039469;154 672 976;33;0;2;7;17;1
202000039470;154 672 973;33;0;2;7;17;1
202000039470;154 672 974;7;0;2;8;15;1
202000039471;154 672 971;7;0;2;7;16;1
202000039471;154 672 972;1;0;2;1;25;0
202000039472;154 672 968;7;0;1;2;1;0
202000039473;154 672 967;7;2;0;1;13;1
202000039474;154 672 965;7;0;2;6;1;1
202000039474;154 672 966;7;0;2;1;19;1
202000039475;154 672 963;7;0;2;3;1;1
202000039475;154 672 964;7;0;2;1;1;1
202000039476;154 672 962;10;0;1;3;15;1
202000039477;154 672 959;7;0;2;4;0;1
202000039477;154 672 960;7;0;2;1;0;1
202000039477;154 672 961;7;0;2;4;0;1
202000039478;154 672 957;7;0;2;8;9;1
202000039478;154 672 958;15;0;2;7;1;1
202000039479;154 672 955;7;0;2;1;13;1
202000039479;154 672 956;7;0;2;1;1;1
202000039480;154 672 953;10;0;2;2;10;1
202000039480;154 672 954;33;0;2;3;1;1
202000039481;154 672 952;7;0;1;1;1;1
202000039482;154 672 951;7;0;1;1;17;1
202000039483;154 672 948;7;0;2;1;9;1
202000039483;154 672 950;7;0;2;1;1;1
202000039484;154 672 947;1;0;2;1;1;5
202000039484;154 672 949;7;0;9;2;16;1
202000039485;154 672 944;7;0;2;1;1;1
202000039485;154 672 946;7;0;2;1;5;1
202000039486;154 672 943;2;0;0;0;9;1
202000039486;154 672 945;7;0;0;0;2;1
202000039487;154 672 941;1;0;2;9;0;5
202000039487;154 672 942;7;0;2;2;0;1
202000039488;154 672 938;33;14;2;1;17;0
202000039488;154 672 940;7;14;0;3;19;1
202000039489;154 672 937;1;0;2;4;0;5
202000039489;154 672 939;7;0;2;3;0;1
202000039490;154 672 935;30;0;2;1;18;1
202000039490;154 672 936;7;0;2;2;16;1
202000039491;154 672 934;7;0;1;8;1;1
202000039492;154 672 932;7;0;1;3;1;1
202000039493;154 672 933;7;0;1;0;15;0
202000039494;154 672 930;1;0;2;8;1;5
202000039494;154 672 931;13;0;2;7;9;1
202000039495;154 672 929;14;0;1;1;19;1
202000039496;154 672 928;7;0;1;1;1;1
202000039497;154 672 927;30;0;1;1;1;0
202000039498;154 672 926;7;0;1;5;1;1
202000039499;154 672 925;7;7;1;1;14;1
202000039500;154 672 923;7;0;2;3;2;0
202000039500;154 672 924;7;0;2;6;2;0
202000039501;154 672 921;3;0;1;1;1;3
202000039502;154 672 920;1;0;2;6;13;5
202000039502;154 672 922;7;0;2;2;1;0
202000039503;154 672 919;30;0;0;0;1;1
202000039504;154 672 918;10;0;1;4;4;1
202000039505;154 672 917;7;0;1;1;1;1
202000039506;154 672 915;14;0;1;8;16;1
202000039507;154 672 914;10;0;2;8;10;1
202000039507;154 672 916;34;0;2;1;3;1
202000039508;154 672 912;1;0;2;3;16;5
202000039508;154 672 913;7;0;2;5;14;1
202000039509;154 672 909;31;0;2;4;1;1
202000039509;154 672 911;7;0;2;1;17;1
202000039510;154 672 910;7;1;0;3;13;1
202000039511;154 672 907;10;0;2;3;10;1
202000039511;154 672 908;33;0;2;3;1;1
202000039512;154 672 905;31;0;2;1;1;0
202000039512;154 672 906;7;0;2;8;15;1
202000039513;154 672 904;7;1;0;1;14;1
202000039514;154 672 903;7;0;1;1;1;1
202000039515;154 672 900;30;0;0;7;1;1
202000039516;154 672 899;1;0;2;1;2;5
202000039516;154 672 901;7;0;2;4;2;1
202000039517;154 672 896;1;0;2;1;1;0
202000039517;154 672 898;7;0;9;0;1;0
202000039518;154 672 895;2;0;2;4;1;1
202000039518;154 672 897;7;0;2;1;1;1
202000039519;154 672 892;7;0;1;1;1;0
202000039520;154 672 891;7;0;1;1;1;1
202000039521;154 672 887;7;0;2;2;1;1
202000039521;154 672 889;7;0;2;2;13;1
202000039522;154 672 886;7;0;2;1;5;1
202000039522;154 672 888;7;0;2;1;1;1
202000039522;154 672 890;7;1;2;6;26;1
202000039523;154 672 885;34;0;1;7;1;1
202000039524;154 672 884;7;0;1;2;9;1
202000039525;154 672 882;7;0;2;6;15;1
202000039525;154 672 883;32;0;2;1;17;0
202000039526;154 672 879;33;0;2;1;1;1
202000039526;154 672 880;7;0;2;1;17;1
202000039527;154 672 881;7;0;1;2;16;0
202000039528;154 672 876;32;0;2;1;1;1
202000039528;154 672 878;7;0;2;5;15;1
202000039529;154 672 875;10;0;2;3;1;1
202000039529;154 672 877;30;0;2;8;1;0
202000039530;154 672 872;7;0;2;1;15;1
202000039530;154 672 873;7;0;2;3;1;1
202000039531;154 672 870;10;0;2;1;2;1
202000039531;154 672 874;7;0;2;6;2;1
202000039532;154 672 869;1;0;2;1;1;5
202000039532;154 672 871;7;0;2;1;1;1
202000039533;154 672 868;7;0;1;3;15;1
202000039534;154 672 865;7;0;2;1;1;1
202000039534;154 672 867;2;0;2;1;1;1
202000039535;154 672 864;7;0;2;2;26;1
202000039535;154 672 866;7;0;2;6;1;1
202000039536;154 672 862;15;0;2;0;16;1
202000039536;154 672 863;10;0;2;1;1;1
202000039537;154 672 861;10;0;1;4;4;1
202000039538;154 672 858;50;0;2;4;1;3
202000039538;154 672 860;7;0;2;1;15;1
202000039539;154 672 859;7;0;1;0;0;1
202000039540;154 672 857;30;0;0;0;15;1
202000039541;154 672 855;7;1;0;0;0;1
202000039541;154 672 856;7;6;0;1;1;1
202000039542;154 672 853;7;0;2;4;26;1
202000039542;154 672 854;33;0;2;1;26;1
202000039543;154 672 851;7;0;0;0;0;1
202000039543;154 672 852;33;0;0;0;0;1
202000039544;154 672 850;7;0;1;2;1;1
202000039545;154 672 848;7;0;2;8;1;3
202000039545;154 672 849;7;0;2;7;12;1
202000039546;154 672 847;7;6;0;1;14;1
202000039547;154 672 844;7;0;2;4;23;1
202000039547;154 672 845;7;0;2;4;23;1
202000039547;154 672 846;7;0;2;1;2;1
202000039548;154 672 843;30;0;0;0;1;1
202000039549;154 672 841;7;0;2;1;1;1
202000039549;154 672 842;7;0;2;1;15;1
202000039550;154 672 839;7;0;2;2;15;1
202000039550;154 672 840;7;0;2;1;1;1
202000039551;154 672 837;31;0;2;1;11;1
202000039551;154 672 838;7;0;2;7;12;1
202000039552;154 672 836;7;2;0;1;1;1
202000039553;154 672 834;7;0;2;3;11;1
202000039553;154 672 835;31;0;2;2;3;1
202000039554;154 672 829;7;0;2;4;1;1
202000039554;154 672 831;7;0;2;6;1;1
202000039554;154 672 832;7;0;2;1;1;1
202000039554;154 672 833;7;0;2;4;1;1
202000039555;154 672 827;7;0;2;1;2;0
202000039555;154 672 828;7;0;2;4;2;1
202000039555;154 672 830;7;0;2;2;2;1
202000039556;154 672 823;7;0;1;1;1;1
202000039557;154 672 822;7;0;2;4;2;1
202000039557;154 672 824;7;0;2;4;2;1
202000039557;154 672 825;7;0;2;1;2;1
202000039558;154 672 821;1;0;1;1;1;5
202000039559;154 672 820;31;0;0;0;1;1
202000039560;154 672 818;7;0;2;4;1;0
202000039560;154 672 819;7;0;2;1;2;1
202000039561;154 672 817;14;0;1;1;16;6
202000039562;154 672 815;7;0;0;0;0;1
202000039562;154 672 816;1;0;0;0;0;0
202000039563;154 672 814;7;0;1;2;1;1
202000039564;154 672 813;7;0;1;3;26;1
202000039565;154 672 810;7;0;2;6;2;1
202000039565;154 672 812;14;0;2;2;14;1
202000039566;154 672 809;50;0;2;0;1;3
202000039566;154 672 811;7;0;0;0;0;1
202000039567;154 672 806;30;0;2;1;1;3
202000039567;154 672 808;7;0;2;6;23;1
202000039568;154 672 805;1;0;2;1;1;5
202000039568;154 672 807;10;0;2;1;15;1
202000039569;154 672 803;7;10;0;9;17;1
202000039570;154 672 802;50;0;2;1;15;3
202000039570;154 672 804;7;0;9;2;1;1
202000039571;154 672 799;7;0;2;1;1;1
202000039571;154 672 801;7;0;2;4;26;1
202000039572;154 672 798;80;0;2;5;19;3
202000039572;154 672 800;1;0;2;1;1;5
202000039573;154 672 797;33;12;0;1;1;1
202000039574;154 672 796;10;0;1;6;16;1
202000039575;154 672 791;7;0;2;8;22;1
202000039575;154 672 793;1;0;2;1;1;5
202000039576;154 672 790;10;0;2;0;1;1
202000039576;154 672 792;7;0;2;4;1;1
202000039576;154 672 794;7;0;2;4;1;1
202000039576;154 672 795;7;0;2;4;1;1
202000039577;154 672 788;33;0;2;7;16;1
202000039577;154 672 789;43;0;2;1;7;1
202000039578;154 672 787;30;0;1;7;18;1
202000039579;154 672 785;10;0;2;2;1;1
202000039579;154 672 786;32;0;2;1;7;1
202000039580;154 672 784;1;0;0;8;17;5
202000039581;154 672 782;32;0;2;1;2;1
202000039581;154 672 783;80;0;2;4;2;3
202000039582;154 672 780;50;0;2;1;13;3
202000039582;154 672 781;50;0;2;1;1;3
202000039583;154 672 777;7;1;2;8;24;1
202000039583;154 672 778;7;0;2;7;20;1
202000039583;154 672 779;30;0;2;2;1;1
202000039584;154 672 776;7;6;0;1;3;1
202000039585;154 672 775;50;0;1;1;1;3
202000039586;154 672 772;7;0;2;3;1;1
202000039586;154 672 773;30;0;2;1;1;1
202000039586;154 672 774;14;0;2;0;1;1
202000039587;154 672 771;7;0;1;3;15;1
202000039588;154 672 768;7;0;2;0;1;1
202000039588;154 672 770;2;0;2;0;1;5
202000039589;154 672 767;7;0;0;0;16;0
202000039589;154 672 769;31;0;0;0;15;0
202000039590;154 672 765;7;0;2;4;23;1
202000039590;154 672 766;7;0;2;1;1;1
202000039591;154 672 762;30;0;2;1;16;1
202000039591;154 672 764;7;0;2;4;16;1
202000039592;154 672 761;7;0;2;1;1;1
202000039592;154 672 763;1;0;2;7;19;5
202000039593;154 672 758;60;0;2;1;0;5
202000039593;154 672 760;7;0;2;7;16;1
202000039594;154 672 757;80;1;0;1;1;3
202000039594;154 672 759;7;0;2;3;24;1
202000039595;154 672 755;7;0;2;1;2;0
202000039595;154 672 756;7;0;2;5;23;0
202000039596;154 672 754;7;0;1;1;1;1
202000039597;154 672 751;10;0;2;1;14;1
202000039597;154 672 752;7;0;2;4;2;1
202000039597;154 672 753;34;0;2;1;26;1
202000039598;154 672 748;7;0;1;0;26;0
202000039599;154 672 747;7;0;2;9;1;1
202000039599;154 672 749;10;0;2;9;1;1
202000039599;154 672 750;17;0;2;2;12;1
202000039600;154 672 746;7;0;1;5;16;1
202000039601;154 672 744;7;0;2;4;1;1
202000039601;154 672 745;7;1;1;1;1;1
202000039602;154 672 740;33;0;2;5;0;1
202000039602;154 672 742;42;0;2;3;0;1
202000039602;154 672 743;7;0;0;0;23;1
202000039603;154 672 738;7;0;0;0;0;6
202000039603;154 672 739;7;0;;0;0;6
202000039604;154 672 737;7;0;2;1;1;1
202000039604;154 672 741;30;0;2;1;19;1
202000039605;154 672 736;7;0;1;3;1;0
202000039606;154 672 733;10;0;2;3;17;1
202000039606;154 672 735;7;0;2;3;15;1
202000039607;154 672 732;7;0;2;3;15;1
202000039607;154 672 734;7;3;0;2;1;1
202000039608;154 672 730;2;0;2;3;1;1
202000039608;154 672 731;7;0;2;7;16;0
202000039609;154 672 727;30;0;2;1;19;1
202000039609;154 672 729;31;0;2;8;19;1
202000039610;154 672 726;7;0;2;2;1;1
202000039610;154 672 728;7;0;2;3;19;1
202000039611;154 672 723;7;0;2;1;9;1
202000039611;154 672 725;7;0;2;2;1;1
202000039612;154 672 722;7;0;2;2;15;1
202000039612;154 672 724;7;0;2;8;1;1
202000039613;154 672 719;50;0;2;1;15;3
202000039613;154 672 721;7;0;9;3;1;2
202000039614;154 672 720;7;15;0;1;13;1
202000039615;154 672 717;7;0;1;1;1;1
202000039616;154 672 715;7;0;2;3;0;1
202000039616;154 672 716;31;0;2;7;17;1
202000039617;154 672 712;1;0;2;1;16;5
202000039617;154 672 713;50;0;2;1;15;3
202000039618;154 672 714;7;0;2;3;11;1
202000039618;154 672 718;2;0;2;1;1;0
202000039619;154 672 710;7;0;2;7;16;1
202000039619;154 672 711;50;0;2;8;1;3
202000039620;154 672 707;7;0;2;3;15;1
202000039620;154 672 709;2;0;2;1;1;1
202000039621;154 672 706;30;0;2;1;1;1
202000039621;154 672 708;7;0;2;7;9;2
202000039622;154 672 705;1;15;0;1;21;5
202000039623;154 672 703;7;0;2;1;13;1
202000039623;154 672 704;7;0;2;4;23;1
202000039624;154 672 701;7;0;2;8;11;0
202000039624;154 672 702;7;0;0;7;26;1
202000039625;154 672 699;10;1;0;7;17;1
202000039625;154 672 700;14;1;0;4;24;1
202000039626;154 672 698;37;0;1;3;7;0
202000039627;154 672 697;7;9;0;2;0;1
202000039628;154 672 693;34;0;2;1;1;1
202000039628;154 672 696;10;0;2;2;19;1
202000039629;154 672 692;7;0;2;3;17;1
202000039629;154 672 694;15;0;0;0;26;1
202000039629;154 672 695;15;0;2;3;0;1
202000039630;154 672 689;7;0;2;1;2;0
202000039630;154 672 691;7;15;2;4;2;0
202000039631;154 672 688;7;0;9;2;9;0
202000039631;154 672 690;99;0;2;1;0;0
202000039632;154 672 687;7;0;1;2;1;1
202000039633;154 672 685;20;0;2;1;1;
202000039633;154 672 686;60;0;2;1;1;5
202000039634;154 672 683;33;0;0;2;17;1
202000039634;154 672 684;7;0;2;7;1;0
202000039635;154 672 682;7;1;0;1;21;1
202000039636;154 672 680;15;0;2;1;1;0
202000039636;154 672 681;7;0;2;4;1;0
202000039637;154 672 677;7;13;0;0;13;1
202000039638;154 672 678;7;0;2;8;1;0
202000039638;154 672 679;7;0;2;7;1;0
202000039639;154 672 675;7;1;0;1;14;1
202000039640;154 672 674;7;0;2;3;9;1
202000039640;154 672 676;2;0;2;1;1;1
202000039641;154 672 672;10;7;0;1;1;1
202000039642;154 672 673;7;15;0;8;1;1
202000039643;154 672 669;7;0;2;3;9;1
202000039643;154 672 671;32;0;2;1;1;1
202000039644;154 672 668;7;0;2;1;26;1
202000039644;154 672 670;7;0;2;4;26;1
202000039645;154 672 667;7;2;0;1;13;1
202000039646;154 672 665;7;0;2;1;13;1
202000039646;154 672 666;10;0;2;1;0;1
202000039647;154 672 663;7;0;2;1;1;1
202000039647;154 672 664;7;0;2;1;19;1
202000039648;154 672 662;2;0;9;0;2;0
202000039649;154 672 660;13;0;2;4;2;1
202000039649;154 672 661;80;0;2;1;2;3
202000039650;154 672 659;7;0;1;5;4;1
202000039651;154 672 658;7;14;0;1;16;1
202000039652;154 672 656;7;0;2;4;15;1
202000039652;154 672 657;17;0;2;3;1;1
202000039653;154 672 653;99;13;0;2;14;1
202000039654;154 672 654;1;0;2;1;19;5
202000039654;154 672 655;17;0;2;7;16;1
202000039655;154 672 651;3;0;0;7;15;1
202000039656;154 672 650;30;0;2;3;1;1
202000039656;154 672 652;10;0;2;7;9;1
202000039657;154 672 649;7;13;0;2;0;1
202000039658;154 672 647;7;0;2;1;1;2
202000039658;154 672 648;80;0;0;6;1;3
202000039659;154 672 645;1;13;2;8;2;5
202000039659;154 672 646;10;0;2;7;17;0
202000039660;154 672 644;1;0;1;1;25;5
202000039661;154 672 643;7;0;1;3;1;0
202000039662;154 672 641;7;2;0;7;2;0
202000039663;154 672 640;10;0;2;7;16;1
202000039663;154 672 642;30;0;2;3;18;1
202000039664;154 672 638;30;1;0;2;1;1
202000039665;154 672 637;7;0;2;3;15;1
202000039665;154 672 639;33;0;2;1;3;1
202000039666;154 672 634;14;0;2;2;16;1
202000039666;154 672 636;1;0;2;3;1;5
202000039667;154 672 632;7;0;2;1;1;1
202000039667;154 672 633;7;0;2;1;1;1
202000039667;154 672 635;7;0;2;2;13;1
202000039668;154 672 631;1;0;1;1;1;5
202000039669;154 672 630;7;9;0;1;1;1
202000039670;154 672 629;1;0;1;1;1;5
202000039671;154 672 628;7;13;0;0;1;1
202000039672;154 672 627;7;0;1;4;4;1
202000039673;154 672 625;33;0;2;2;1;1
202000039673;154 672 626;36;0;2;2;1;1
202000039674;154 672 623;30;0;2;1;1;1
202000039674;154 672 624;30;0;2;1;13;1
202000039675;154 672 622;7;0;1;2;0;1
202000039676;154 672 620;7;0;2;6;1;1
202000039676;154 672 621;80;1;2;1;21;3
202000039677;154 672 619;7;16;0;3;21;1
202000039678;154 672 618;2;2;0;0;0;1
202000039679;154 672 617;30;0;1;1;5;3
202000039680;154 672 615;30;0;1;1;1;0
202000039681;154 672 614;7;0;2;2;5;1
202000039681;154 672 616;20;0;2;2;1;1
202000039682;154 672 613;7;8;1;1;16;1
202000039683;154 672 611;7;0;2;2;2;1
202000039683;154 672 612;1;0;2;6;2;5
202000039684;154 672 609;17;4;0;3;14;1
202000039685;154 672 607;10;0;2;6;21;1
202000039685;154 672 610;32;0;2;7;17;1
202000039686;154 672 606;7;0;2;2;13;1
202000039686;154 672 608;14;0;2;3;23;1
202000039687;154 672 604;99;12;0;7;1;3
202000039688;154 672 603;7;0;2;3;15;2
202000039688;154 672 605;34;0;2;2;1;1
202000039689;154 672 601;80;0;0;3;1;3
202000039690;154 672 600;2;0;2;7;17;1
202000039690;154 672 602;7;0;2;3;15;1
202000039691;154 672 599;50;0;0;8;15;3
202000039692;154 672 598;7;0;1;3;1;1
202000039693;154 672 597;1;0;0;0;1;5
202000039694;154 672 596;7;13;0;9;1;1
202000039695;154 672 594;30;0;0;0;0;1
202000039695;154 672 595;7;0;2;1;1;1
202000039696;154 672 591;14;0;2;3;1;1
202000039696;154 672 592;17;0;2;3;1;1
202000039696;154 672 593;7;0;2;3;0;1
202000039697;154 672 590;32;0;0;0;26;1