Num_Acc;id_vehicule;categorie_vehicule;obstacle_fixe;obstacle_mobile;point_choc_initial;manoeuvre_principale;motorisation
202000039698;154 672 587;7;0;0;4;2;1
202000039698;154 672 588;7;0;2;4;2;1
202000039698;154 672 589;10;0;2;1;2;1
202000039699;154 672 586;2;0;1;1;17;1
202000039700;154 672 583;33;0;0;3;9;1
202000039701;154 672 582;7;0;2;3;1;1
202000039701;154 672 584;7;0;2;1;1;1
202000039701;154 672 585;7;0;2;1;17;1
202000039702;154 672 580;2;0;2;1;2;1
202000039702;154 672 581;7;0;2;8;9;2
202000039703;154 672 579;33;0;6;1;1;1
202000039704;154 672 577;7;0;2;3;15;2
202000039704;154 672 578;7;0;2;2;1;1
202000039705;154 672 576;7;0;1;1;15;1
202000039706;154 672 574;31;0;2;1;11;1
202000039706;154 672 575;7;0;2;2;1;1
202000039707;154 672 573;7;5;0;2;2;1
202000039708;154 672 570;7;0;0;0;14;1
202000039708;154 672 572;30;0;2;0;21;1
202000039709;154 672 568;7;0;2;2;1;1
202000039709;154 672 569;7;6;2;8;12;1
202000039710;154 672 571;7;0;0;0;1;0
202000039711;154 672 564;7;4;2;2;17;1
202000039711;154 672 566;7;4;2;6;1;1
202000039712;154 672 565;7;0;2;7;15;1
202000039712;154 672 567;1;0;2;1;1;5
202000039713;154 672 563;34;0;1;;;
202000039714;154 672 560;30;0;1;1;17;1
202000039715;154 672 559;7;13;2;6;1;1
202000039715;154 672 561;7;0;2;1;1;1
202000039715;154 672 562;7;0;0;3;1;1
202000039716;154 672 557;10;0;1;4;4;1
202000039717;154 672 556;31;0;0;0;0;0
202000039717;154 672 558;37;0;2;7;20;0
202000039718;154 672 555;2;0;0;2;0;1
202000039719;154 672 552;7;14;0;1;1;1
202000039719;154 672 554;7;0;0;4;23;1
202000039720;154 672 553;7;8;0;1;0;1
202000039721;154 672 551;30;0;1;1;26;6
202000039722;154 672 550;7;0;1;2;16;1
202000039723;154 672 549;7;3;0;1;0;1
202000039724;154 672 547;99;0;0;0;1;0
202000039725;154 672 546;7;14;0;2;21;0
202000039726;154 672 545;34;0;2;8;1;1
202000039726;154 672 548;7;0;2;1;15;1
202000039727;154 672 544;7;0;1;1;1;0
202000039728;154 672 542;7;0;2;1;2;1
202000039728;154 672 543;7;0;0;4;1;1
202000039729;154 672 541;7;0;1;6;20;0
202000039730;154 672 535;7;0;2;4;23;1
202000039730;154 672 537;7;0;2;9;23;1
202000039730;154 672 538;7;0;2;9;23;1
202000039730;154 672 539;7;0;2;1;1;1
202000039731;154 672 534;7;0;1;1;2;0
202000039732;154 672 536;7;0;2;3;1;1
202000039732;154 672 540;7;0;2;6;1;1
202000039733;154 672 531;14;0;2;2;2;1
202000039733;154 672 532;10;0;2;6;23;1
202000039734;154 672 530;10;0;2;1;1;0
202000039734;154 672 533;10;0;2;5;10;0
202000039735;154 672 527;7;0;1;3;1;1
202000039736;154 672 526;7;3;2;1;2;1
202000039736;154 672 528;7;3;2;4;2;1
202000039736;154 672 529;10;3;2;4;2;1
202000039737;154 672 521;1;0;2;0;1;2
202000039738;154 672 522;7;0;2;8;9;1
202000039738;154 672 524;14;0;2;1;2;1
202000039739;154 672 519;1;0;2;3;9;5
202000039739;154 672 520;7;0;2;8;1;0
202000039740;154 672 513;33;0;0;0;26;1
202000039741;154 672 512;20;0;2;1;2;0
202000039741;154 672 514;7;0;2;4;2;1
202000039741;154 672 515;7;0;2;4;23;1
202000039741;154 672 516;7;0;2;4;23;1
202000039741;154 672 517;7;0;2;4;23;1
202000039741;154 672 518;10;0;2;4;23;1
202000039742;154 672 508;7;0;1;1;23;1
202000039742;154 672 510;7;0;2;1;2;1
202000039743;154 672 509;31;0;2;8;1;1
202000039743;154 672 511;7;0;2;7;14;3
202000039744;154 672 507;14;1;0;2;1;1
202000039745;154 672 503;15;0;9;7;1;1
202000039745;154 672 504;1;0;2;8;1;5
202000039746;154 672 501;7;1;2;0;15;1
202000039746;154 672 502;50;1;2;0;17;3
202000039747;154 672 498;7;0;2;4;2;1
202000039747;154 672 500;10;0;2;4;2;1
202000039747;154 672 505;7;0;2;6;2;1
202000039747;154 672 506;7;0;2;1;2;1
202000039748;154 672 497;7;0;2;1;2;1
202000039748;154 672 499;7;0;2;4;26;1
202000039749;154 672 494;99;0;0;7;21;1
202000039750;154 672 493;10;0;2;4;2;1
202000039750;154 672 495;7;0;2;4;2;1
202000039750;154 672 496;7;0;2;1;2;1
202000039751;154 672 492;7;13;0;0;1;0
202000039752;154 672 491;33;6;0;3;13;1
202000039753;154 672 488;7;0;2;4;2;1
202000039753;154 672 489;7;0;2;4;2;1
202000039753;154 672 490;7;0;2;1;3;1
202000039754;154 672 487;7;12;0;0;1;0
202000039755;154 672 484;10;0;2;6;2;1
202000039755;154 672 486;33;0;2;1;3;1
202000039756;154 672 485;7;2;0;1;5;1
202000039757;154 672 481;7;2;0;1;1;1
202000039758;154 672 480;7;6;0;1;14;0
202000039759;154 672 479;7;0;2;8;2;1
202000039759;154 672 482;7;0;2;8;2;1
202000039759;154 672 483;33;0;2;7;14;1
202000039760;154 672 477;7;0;0;1;0;0
202000039761;154 672 475;7;0;2;8;2;1
202000039761;154 672 476;30;0;2;7;13;1
202000039762;154 672 474;7;2;0;1;1;1
202000039763;154 672 472;7;0;2;2;1;0
202000039763;154 672 473;7;0;2;3;10;0
202000039764;154 672 470;7;13;0;1;14;1
202000039765;154 672 469;7;0;2;1;1;1
202000039765;154 672 471;33;0;2;1;1;1
202000039766;154 672 467;10;0;2;6;16;1
202000039766;154 672 468;1;0;2;1;19;5
202000039767;154 672 465;7;0;2;2;16;0
202000039767;154 672 466;1;0;2;1;25;0
202000039768;154 672 464;7;0;1;1;26;0
202000039769;154 672 461;7;0;2;2;22;1
202000039769;154 672 462;7;0;2;4;26;1
202000039769;154 672 463;7;0;2;6;21;1
202000039770;154 672 458;7;0;2;3;15;1
202000039770;154 672 460;2;0;2;1;1;1
202000039771;154 672 457;7;14;2;3;15;1
202000039771;154 672 459;32;0;2;1;1;1
202000039772;154 672 455;7;6;0;1;1;1
202000039773;154 672 454;7;0;2;3;20;0
202000039773;154 672 456;34;0;2;1;1;0
202000039774;154 672 451;10;0;2;1;19;1
202000039774;154 672 453;7;0;2;8;1;1
202000039775;154 672 450;7;0;2;4;2;1
202000039775;154 672 452;33;0;2;1;1;1
202000039776;154 672 448;7;0;2;1;13;1
202000039776;154 672 449;7;0;2;1;1;1
202000039777;154 672 446;7;0;2;6;4;1
202000039777;154 672 447;7;15;2;1;1;1
202000039778;154 672 445;2;6;0;8;1;1
202000039779;154 672 442;7;0;2;3;13;1
202000039779;154 672 444;33;0;2;1;1;1
202000039780;154 672 443;7;13;0;1;26;1
202000039781;154 672 441;7;0;1;2;20;1
202000039782;154 672 440;7;6;0;1;1;1
202000039783;154 672 438;33;0;2;1;1;1
202000039783;154 672 439;7;0;2;6;15;1
202000039784;154 672 435;7;0;2;4;2;1
202000039784;154 672 436;7;0;2;1;2;1
202000039784;154 672 437;7;0;2;4;2;1
202000039785;154 672 434;7;2;0;2;1;1
202000039786;154 672 433;7;13;0;8;13;1
202000039787;154 672 431;7;0;2;3;15;1
202000039787;154 672 432;7;0;2;1;16;1
202000039788;154 672 430;7;13;0;9;13;1
202000039789;154 672 428;33;13;0;1;1;1
202000039790;154 672 427;7;0;2;1;1;1
202000039790;154 672 429;7;0;2;5;0;1
202000039791;154 672 426;2;11;0;1;1;1
202000039792;154 672 425;31;0;0;0;1;1
202000039793;154 672 423;30;0;0;1;1;1
202000039794;154 672 422;7;6;2;2;17;1
202000039794;154 672 424;15;0;2;3;1;1
202000039795;154 672 418;10;0;2;1;13;1
202000039795;154 672 420;14;0;2;1;1;1
202000039796;154 672 417;21;8;0;5;1;1
202000039797;154 672 415;7;0;2;3;1;1
202000039797;154 672 416;7;0;2;2;15;1
202000039798;154 672 413;7;7;2;1;1;1
202000039798;154 672 414;7;0;2;2;1;1
202000039799;154 672 411;13;0;2;1;14;1
202000039799;154 672 412;7;0;2;7;13;1
202000039800;154 672 419;7;0;2;2;1;1
202000039800;154 672 421;1;0;2;1;9;5
202000039801;154 672 407;36;8;0;5;15;1
202000039802;154 672 408;7;0;2;4;2;0
202000039802;154 672 409;7;0;2;1;2;0
202000039803;154 672 404;7;13;0;3;13;1
202000039804;154 672 402;7;0;2;3;0;0
202000039804;154 672 403;33;0;2;1;0;6
202000039805;154 672 399;7;0;2;3;1;1
202000039805;154 672 400;7;0;2;1;19;1
202000039806;154 672 398;7;13;0;2;17;1
202000039807;154 672 397;7;1;0;1;26;1
202000039808;154 672 395;7;0;2;1;13;1
202000039808;154 672 396;17;0;2;3;1;1
202000039809;154 672 394;33;3;0;1;1;1
202000039810;154 672 391;7;0;1;1;1;1
202000039811;154 672 390;33;13;0;1;1;1
202000039812;154 672 389;7;8;1;5;4;1
202000039813;154 672 388;7;6;0;1;1;0
202000039814;154 672 386;7;0;0;1;23;1
202000039814;154 672 387;30;0;2;1;15;1
202000039815;154 672 384;7;0;2;6;17;1
202000039815;154 672 385;7;4;2;8;1;1
202000039816;154 672 383;7;8;0;1;1;1
202000039817;154 672 392;7;0;2;2;1;0
202000039817;154 672 393;7;0;2;1;1;0
202000039817;154 672 401;7;0;2;1;15;0
202000039818;154 672 381;2;1;2;2;2;1
202000039818;154 672 382;7;14;2;3;2;1
202000039819;154 672 379;7;16;2;1;9;1
202000039819;154 672 380;1;1;2;1;2;5
202000039820;154 672 377;1;0;2;8;19;0
202000039820;154 672 378;7;0;2;1;1;1
202000039821;154 672 376;7;1;0;6;1;1
202000039822;154 672 374;7;0;2;8;1;1
202000039822;154 672 375;7;0;2;1;15;1
202000039823;154 672 372;7;0;2;3;5;1
202000039823;154 672 373;15;0;2;2;21;1
202000039824;154 672 371;80;0;0;0;1;3
202000039825;154 672 370;7;0;1;2;1;1
202000039826;154 672 367;7;0;2;1;1;1
202000039826;154 672 368;1;0;2;1;15;5
202000039827;154 672 366;30;0;0;2;1;1
202000039828;154 672 364;2;0;2;7;1;
202000039828;154 672 365;7;0;2;1;1;
202000039829;154 672 362;7;0;2;2;0;0
202000039829;154 672 363;60;0;2;1;1;5
202000039830;154 672 361;7;0;1;2;15;1
202000039831;154 672 359;10;0;2;8;9;1
202000039831;154 672 360;1;0;2;1;1;5
202000039832;154 672 358;31;0;1;1;1;1
202000039833;154 672 355;1;0;2;1;19;0
202000039833;154 672 356;7;0;2;1;1;1
202000039833;154 672 357;7;0;2;2;1;1
202000039834;154 672 353;7;0;2;1;2;1
202000039834;154 672 354;7;0;2;4;1;1
202000039835;154 672 352;7;7;0;3;6;1
202000039836;154 672 350;7;0;2;3;19;1
202000039836;154 672 351;7;0;2;2;1;1
202000039837;154 672 349;7;8;0;3;1;1
202000039838;154 672 348;7;12;1;1;0;1
202000039839;154 672 346;7;0;2;3;0;1
202000039839;154 672 347;33;0;2;9;0;1
202000039840;154 672 345;7;0;1;1;0;1
202000039841;154 672 343;1;0;2;8;19;5
202000039841;154 672 344;7;0;2;1;1;1
202000039842;154 672 341;7;0;2;8;1;1
202000039842;154 672 342;32;0;2;8;1;1
202000039843;154 672 340;30;0;0;0;26;1
202000039844;154 672 338;10;0;2;7;15;1
202000039844;154 672 339;2;0;2;1;1;1
202000039845;154 672 337;30;10;0;7;26;1
202000039846;154 672 335;7;0;2;6;9;1
202000039846;154 672 336;41;0;2;1;1;1
202000039847;154 672 333;7;0;2;4;1;0
202000039847;154 672 334;2;0;2;1;2;1
202000039848;154 672 331;1;0;2;7;1;5
202000039848;154 672 332;7;0;2;1;9;1
202000039849;154 672 329;7;0;2;2;1;1
202000039849;154 672 330;7;0;2;1;19;1
202000039850;154 672 328;2;0;0;9;1;1
202000039851;154 672 326;7;0;2;3;1;1
202000039851;154 672 327;0;0;2;0;19;0
202000039852;154 672 324;7;0;2;2;15;1
202000039852;154 672 325;1;0;2;1;1;5
202000039853;154 672 322;7;0;2;2;15;1
202000039853;154 672 323;2;0;2;1;1;1
202000039854;154 672 320;7;0;2;6;23;1
202000039854;154 672 321;33;0;2;1;1;1
202000039855;154 672 318;7;0;2;3;13;1
202000039855;154 672 319;7;0;2;3;1;1
202000039856;154 672 316;7;0;0;2;15;1
202000039856;154 672 317;31;0;2;7;2;1
202000039857;154 672 315;7;0;1;3;4;1
202000039858;154 672 313;7;3;2;1;13;1
202000039858;154 672 314;7;4;2;1;1;1
202000039859;154 672 312;30;0;0;8;0;1
202000039860;154 672 310;7;0;2;4;23;1
202000039860;154 672 311;7;0;2;1;1;1
202000039861;154 672 308;7;0;2;2;1;1
202000039861;154 672 309;7;0;2;5;23;1
202000039862;154 672 306;10;0;2;2;1;1
202000039862;154 672 307;1;0;2;2;13;6
202000039863;154 672 305;7;6;0;1;25;1
202000039864;154 672 303;7;0;2;1;9;1
202000039864;154 672 304;10;0;2;3;26;1
202000039865;154 672 301;7;0;2;1;5;1
202000039865;154 672 302;7;0;2;1;1;1
202000039866;154 672 299;7;0;0;6;2;1
202000039866;154 672 300;7;0;2;2;1;1
202000039867;154 672 294;7;0;1;1;15;1
202000039868;154 672 292;7;0;9;0;10;1
202000039868;154 672 293;32;0;2;3;1;1
202000039869;154 672 291;2;0;0;8;15;1
202000039870;154 672 289;43;14;2;1;16;1
202000039870;154 672 290;7;0;2;7;1;1
202000039871;154 672 287;2;0;2;1;5;1
202000039871;154 672 288;7;0;2;1;16;1
202000039872;154 672 286;2;0;0;0;21;1
202000039873;154 672 285;2;0;0;0;1;1
202000039874;154 672 283;10;0;2;7;15;1
202000039874;154 672 284;43;0;2;1;1;1
202000039875;154 672 281;7;0;2;8;1;1
202000039875;154 672 282;13;0;2;2;12;1
202000039876;154 672 280;33;11;0;1;13;1
202000039877;154 672 278;10;0;2;0;15;0
202000039877;154 672 279;50;0;2;8;1;3
202000039878;154 672 277;34;1;0;3;14;1
202000039879;154 672 276;30;0;1;1;1;1
202000039880;154 672 273;7;0;2;1;1;1
202000039880;154 672 274;7;1;2;2;1;1
202000039880;154 672 275;50;0;2;1;23;3
202000039881;154 672 271;7;0;2;1;2;1
202000039881;154 672 272;7;1;2;4;20;1
202000039882;154 672 269;10;0;2;3;22;1
202000039882;154 672 270;1;0;2;1;1;5
202000039883;154 672 267;1;0;2;0;13;5
202000039883;154 672 268;1;0;2;7;17;5
202000039884;154 672 266;80;0;0;0;1;3
202000039885;154 672 265;33;12;0;2;1;1
202000039886;154 672 263;10;0;2;5;23;1
202000039886;154 672 264;1;0;2;1;9;5
202000039887;154 672 261;7;0;2;5;9;1
202000039887;154 672 262;7;0;2;1;0;1
202000039888;154 672 260;7;0;1;1;1;1
202000039889;154 672 258;7;0;2;3;1;1
202000039889;154 672 259;1;0;2;1;19;5
202000039890;154 672 256;7;0;2;1;1;1
202000039890;154 672 257;7;0;2;8;19;1
202000039891;154 672 254;7;0;2;4;2;1
202000039891;154 672 255;7;0;2;1;0;1
202000039892;154 672 252;7;0;2;3;16;4
202000039892;154 672 253;33;0;2;7;1;1
202000039893;154 672 250;32;0;2;1;7;1
202000039893;154 672 251;7;0;2;2;16;1
202000039894;154 672 249;3;0;1;1;1;1
202000039895;154 672 247;10;0;2;3;2;1
202000039895;154 672 248;2;0;2;4;23;1
202000039896;154 672 246;10;0;1;1;1;1
202000039897;154 672 245;7;0;1;1;26;0
202000039898;154 672 244;10;6;1;6;4;1
202000039899;154 672 243;7;0;1;7;1;1
202000039900;154 672 242;31;8;0;7;14;6
202000039901;154 672 240;7;0;2;4;26;1
202000039901;154 672 241;33;0;2;1;21;1
202000039902;154 672 238;7;0;2;3;1;0
202000039902;154 672 239;50;0;2;1;19;3
202000039903;154 672 236;7;14;0;4;23;0
202000039903;154 672 237;33;0;2;1;1;0
202000039904;154 672 235;43;0;1;3;1;1
202000039905;154 672 233;10;0;9;8;22;0
202000039905;154 672 234;50;1;0;7;21;3
202000039906;154 672 232;33;0;0;7;21;0
202000039907;154 672 231;7;16;0;9;1;1
202000039908;154 672 230;7;0;1;1;1;0
202000039909;154 672 228;7;0;2;1;1;1
202000039909;154 672 229;17;3;2;1;6;1
202000039910;154 672 226;2;0;2;7;5;0
202000039910;154 672 227;7;0;2;2;1;0
202000039911;154 672 222;7;0;2;3;15;1
202000039911;154 672 223;30;0;2;8;1;1
202000039912;154 672 220;7;0;2;7;17;1
202000039912;154 672 221;2;0;2;8;15;1
202000039913;154 672 219;33;0;0;8;1;1
202000039914;154 672 217;10;7;0;7;1;1
202000039914;154 672 218;7;0;2;1;1;1
202000039915;154 672 216;33;0;6;1;1;1
202000039916;154 672 214;33;0;2;1;1;1
202000039916;154 672 215;7;0;0;3;1;0
202000039917;154 672 213;7;0;1;1;16;1
202000039918;154 672 212;7;0;0;1;1;0
202000039919;154 672 211;7;0;1;3;2;1
202000039920;154 672 209;7;0;2;2;5;1
202000039920;154 672 210;7;0;2;3;1;1
202000039921;154 672 207;2;0;4;7;26;1
202000039921;154 672 208;39;0;2;1;1;0
202000039922;154 672 205;17;0;2;1;1;1
202000039922;154 672 206;7;0;2;1;1;1
202000039923;154 672 203;7;0;0;0;5;0
202000039923;154 672 204;7;13;0;0;21;1
202000039924;154 672 201;7;0;2;3;1;1
202000039924;154 672 202;7;13;0;7;1;1
202000039925;154 672 200;17;3;0;2;1;1
202000039926;154 672 199;7;4;0;1;17;1
202000039927;154 672 195;10;0;2;3;15;1
202000039927;154 672 196;7;13;2;7;17;1
202000039928;154 672 194;7;0;0;9;1;1
202000039929;154 672 192;2;0;2;1;1;1
202000039929;154 672 193;7;0;2;2;1;1
202000039930;154 672 191;1;0;0;0;1;5
202000039931;154 672 187;7;0;2;1;5;1
202000039931;154 672 188;10;0;2;1;1;1
202000039931;154 672 189;7;0;2;1;1;1
202000039931;154 672 190;7;16;0;9;21;1
202000039932;154 672 185;33;0;2;1;21;1
202000039932;154 672 186;7;0;9;4;17;6
202000039933;154 672 183;33;0;2;8;3;1
202000039933;154 672 184;7;0;0;0;0;0
202000039934;154 672 180;10;0;2;1;2;1
202000039934;154 672 181;10;0;2;4;2;1
202000039934;154 672 182;10;0;2;4;2;1
202000039935;154 672 179;7;0;0;5;1;1
202000039936;154 672 176;10;0;2;1;2;1
202000039936;154 672 177;7;0;2;4;2;1
202000039936;154 672 178;10;0;2;4;2;0
202000039937;154 672 175;7;15;0;1;13;1
202000039938;154 672 174;7;0;0;1;14;1
202000039939;154 672 173;30;0;0;2;26;1
202000039940;154 672 171;7;0;2;4;23;1
202000039940;154 672 172;7;1;0;1;2;0
202000039941;154 672 169;2;0;9;1;5;0
202000039941;154 672 170;1;0;2;1;2;5
202000039942;154 672 167;7;0;2;1;21;1
202000039942;154 672 168;7;0;2;2;6;1
202000039943;154 672 166;1;0;2;3;16;0
202000039944;154 672 165;0;0;9;0;26;0
202000039945;154 672 163;7;0;2;5;16;1
202000039945;154 672 164;33;0;2;3;7;1
202000039946;154 672 161;7;0;2;7;15;1
202000039946;154 672 162;7;0;2;1;2;1
202000039947;154 672 160;10;0;1;1;1;1
202000039948;154 672 158;7;0;2;6;15;0
202000039948;154 672 159;7;0;2;1;1;0
202000039949;154 672 156;7;0;2;1;9;1
202000039949;154 672 157;7;0;2;9;1;1
202000039950;154 672 155;7;2;0;3;1;1
202000039951;154 672 154;30;0;0;8;1;1
202000039952;154 672 152;7;0;0;3;9;1
202000039952;154 672 153;1;0;0;0;0;5
202000039953;154 672 150;7;0;2;7;1;1
202000039953;154 672 151;7;0;2;3;1;0
202000039954;154 672 149;7;0;1;1;26;0
202000039955;154 672 148;7;0;1;3;15;1
202000039956;154 672 147;1;0;1;7;1;5
202000039957;154 672 146;30;1;0;1;21;1
202000039958;154 672 145;7;2;0;1;1;1
202000039959;154 672 144;2;0;1;0;17;0
202000039960;154 672 142;7;0;2;3;13;1
202000039960;154 672 143;30;0;2;2;17;1
202000039961;154 672 140;7;0;2;7;1;1
202000039961;154 672 141;1;0;2;3;9;5
202000039962;154 672 138;7;0;2;6;23;1
202000039962;154 672 139;7;0;2;1;1;1
202000039963;154 672 137;7;6;0;1;13;1
202000039964;154 672 135;99;0;2;5;1;1
202000039964;154 672 136;7;0;2;6;1;1
202000039965;154 672 134;7;0;1;3;1;1
202000039966;154 672 133;7;0;1;1;15;0
202000039967;154 672 132;7;0;1;1;1;0
202000039968;154 672 130;7;0;2;1;2;1
202000039968;154 672 131;33;0;2;4;1;1
202000039969;154 672 128;7;0;2;3;15;1
202000039969;154 672 129;2;0;2;1;5;1
202000039970;154 672 127;99;0;1;0;26;0
202000039971;154 672 126;10;0;1;1;26;1
202000039972;154 672 123;7;1;2;1;6;1
202000039972;154 672 124;7;0;2;1;24;1
202000039972;154 672 125;7;0;2;3;23;1
202000039973;154 672 122;7;2;1;2;26;1
202000039974;154 672 121;37;0;1;1;1;1
202000039975;154 672 120;2;0;2;8;1;1
202000039976;154 672 119;32;12;0;2;15;1
202000039977;154 672 117;10;0;2;1;2;6
202000039977;154 672 118;7;0;2;3;15;0
202000039978;154 672 115;33;0;2;5;26;1
202000039978;154 672 116;7;0;2;2;1;1
202000039979;154 672 113;7;0;2;3;1;1
202000039979;154 672 114;7;0;2;8;6;2
202000039980;154 672 112;7;16;0;9;15;1
202000039981;154 672 109;10;0;2;3;17;1
202000039981;154 672 110;7;0;0;3;2;1
202000039981;154 672 111;15;0;0;3;2;1
202000039982;154 672 107;1;0;0;4;1;5
202000039982;154 672 108;7;0;0;2;1;1
202000039983;154 672 106;7;9;0;3;1;1
202000039984;154 672 105;33;0;0;1;1;1
202000039985;154 672 103;36;0;2;1;13;1
202000039985;154 672 104;7;0;2;1;1;3
202000039986;154 672 101;33;0;2;1;17;1
202000039986;154 672 102;7;0;2;1;1;1
202000039987;154 672 100;33;0;2;2;1;1
202000039988;154 672 099;7;13;0;1;1;1
202000039989;154 672 098;7;2;0;3;0;1
202000039990;154 672 096;14;0;2;1;1;1
202000039990;154 672 097;7;0;2;1;5;1
202000039991;154 672 094;7;0;2;6;1;1
202000039991;154 672 095;33;0;2;7;21;1
202000039992;154 672 092;7;8;2;7;19;1
202000039992;154 672 093;33;0;2;1;19;1
202000039993;154 672 090;7;0;0;6;1;1
202000039993;154 672 091;32;0;2;1;2;1
202000039994;154 672 089;7;0;1;3;20;0
202000039995;154 672 087;7;0;2;3;1;1
202000039995;154 672 088;7;0;2;3;13;1
202000039996;154 672 085;33;0;2;1;1;1
202000039996;154 672 086;33;0;2;4;1;1
202000039997;154 672 083;7;0;2;2;9;0
202000039997;154 672 084;7;0;2;1;1;0
202000039998;154 672 082;2;0;0;0;1;1
202000039999;154 672 080;33;0;2;8;1;0
202000039999;154 672 081;33;0;2;7;1;0
202000040000;154 672 079;1;0;0;0;16;5
202000040001;154 672 077;7;0;4;7;0;0
202000040001;154 672 078;39;0;2;1;1;6
202000040002;154 672 076;21;0;9;0;1;1
202000040003;154 672 075;7;12;1;2;16;1
202000040004;154 672 074;31;6;0;2;1;1
202000040005;154 672 072;15;0;2;4;2;1
202000040005;154 672 073;7;0;2;1;2;1
202000040006;154 672 069;1;0;2;2;1;5
202000040006;154 672 070;7;0;9;3;1;1
202000040007;154 672 068;10;4;0;8;1;1
202000040008;154 672 067;31;0;1;7;1;0
202000040009;154 672 064;7;0;2;2;21;1
202000040009;154 672 065;7;0;2;4;23;1
202000040009;154 672 066;7;0;2;4;23;1
202000040010;154 672 062;7;0;0;3;10;1
202000040010;154 672 063;33;0;2;1;1;1
202000040011;154 672 061;7;7;0;1;15;1
202000040012;154 672 060;2;0;0;0;1;1
202000040013;154 672 058;7;0;2;3;15;1
202000040013;154 672 059;2;0;2;1;5;1
202000040014;154 672 057;7;8;0;1;17;1
202000040015;154 672 056;7;2;0;8;1;1
202000040016;154 672 054;7;0;2;2;1;1
202000040016;154 672 055;99;0;2;3;1;2
202000040017;154 672 053;2;0;0;7;1;1
202000040018;154 672 052;7;13;0;8;0;1
202000040019;154 672 051;2;0;0;0;1;1
202000040020;154 672 049;7;0;2;2;2;1
202000040020;154 672 050;7;0;2;6;1;1
202000040021;154 672 048;10;0;2;3;16;1
202000040022;154 672 045;7;0;2;4;2;1
202000040022;154 672 046;7;0;2;4;2;1
202000040022;154 672 047;7;0;2;1;2;1
202000040023;154 672 044;7;0;0;9;1;1
202000040024;154 672 042;7;0;2;3;9;0
202000040024;154 672 043;7;0;2;3;1;0
202000040025;154 672 041;7;4;0;1;14;1
202000040026;154 672 039;7;0;2;1;0;1
202000040026;154 672 040;7;0;2;4;0;1
202000040027;154 672 037;7;0;2;4;2;1
202000040027;154 672 038;7;0;2;1;2;1
202000040028;154 672 034;7;0;2;1;2;1
202000040028;154 672 035;7;0;2;1;2;1
202000040028;154 672 036;7;0;2;1;2;1
202000040029;154 672 031;7;0;2;4;2;1
202000040029;154 672 032;32;0;2;1;2;1
202000040029;154 672 033;33;0;2;1;2;1
202000040030;154 672 029;7;0;2;1;1;1
202000040030;154 672 030;7;0;2;4;2;1
202000040031;154 672 028;15;3;0;3;2;1
202000040032;154 672 026;7;0;2;1;12;1
202000040032;154 672 027;14;0;2;4;1;1
202000040033;154 672 024;33;0;2;5;1;1
202000040033;154 672 025;7;0;2;2;9;1
202000040034;154 672 022;37;0;2;3;1;1
202000040034;154 672 023;7;0;2;6;1;1
202000040035;154 672 021;7;1;0;1;26;1
202000040036;154 672 019;7;0;2;2;15;1
202000040036;154 672 020;2;0;2;1;1;1
202000040037;154 672 017;1;0;2;1;1;5
202000040037;154 672 018;7;0;2;8;1;1
202000040038;154 672 015;7;0;2;1;2;1
202000040038;154 672 016;7;0;0;4;23;1
202000040039;154 672 013;33;0;2;0;21;1
202000040039;154 672 014;7;0;2;0;15;1
202000040040;154 672 012;7;0;1;4;20;1
202000040041;154 672 009;7;0;2;4;23;0
202000040041;154 672 010;7;0;2;5;23;1
202000040041;154 672 011;7;0;2;3;2;1
202000040042;154 672 006;7;0;2;1;9;1
202000040042;154 672 007;7;0;2;1;1;1
202000040042;154 672 008;7;0;2;2;1;1
202000040043;154 672 005;7;1;0;9;13;1
202000040044;154 672 003;7;0;2;7;1;1
202000040044;154 672 004;7;0;2;8;13;1
202000040045;154 672 002;14;0;1;5;0;1
202000040046;154 672 001;33;8;0;1;13;1
202000040047;154 671 999;10;0;2;8;10;1
202000040047;154 672 000;7;0;2;1;1;1
202000040048;154 671 998;10;4;0;3;13;1
202000040049;154 671 995;7;0;2;3;1;1
202000040049;154 671 996;7;0;2;1;1;1
202000040049;154 671 997;7;0;2;1;5;1
202000040050;154 671 992;7;0;2;1;1;1
202000040050;154 671 993;7;0;2;4;2;1
202000040050;154 671 994;10;0;2;4;0;1
202000040051;154 671 990;7;0;2;3;13;1
202000040051;154 671 991;7;0;2;3;1;1
202000040052;154 671 988;43;0;2;7;3;1
202000040052;154 671 989;7;0;2;4;23;1
202000040053;154 671 985;7;0;2;4;1;1
202000040053;154 671 986;33;0;2;5;3;1
202000040053;154 671 987;7;0;2;3;13;1
202000040054;154 671 983;7;0;2;6;18;1
202000040054;154 671 984;17;0;2;7;12;1
202000040055;154 671 982;17;4;0;2;14;1
202000040056;154 671 980;33;0;2;7;3;1
202000040056;154 671 981;7;0;2;8;11;1
202000040057;154 671 978;7;0;2;3;11;1
202000040057;154 671 979;7;0;2;4;17;1
202000040058;154 671 976;7;0;2;4;11;1
202000040058;154 671 977;33;0;2;4;3;1
202000040059;154 671 970;7;0;2;2;1;1
202000040059;154 671 971;7;0;2;6;11;1
202000040059;154 671 972;10;0;2;7;1;1