Num_Acc;id_vehicule;categorie_vehicule;obstacle_fixe;obstacle_mobile;point_choc_initial;manoeuvre_principale;motorisation
202000040059;154 671 973;7;0;2;6;1;1
202000040059;154 671 974;7;0;2;6;1;1
202000040059;154 671 975;10;0;2;6;1;1
202000040060;154 671 968;7;0;2;1;1;1
202000040060;154 671 969;7;1;2;1;13;1
202000040061;154 671 967;7;0;1;1;1;1
202000040062;154 671 966;7;14;0;9;6;1
202000040063;154 671 965;32;0;0;0;26;1
202000040064;154 671 963;99;0;2;1;11;3
202000040064;154 671 964;7;0;9;6;16;1
202000040065;154 671 962;38;0;1;3;17;0
202000040066;154 671 960;30;0;2;7;1;1
202000040066;154 671 961;7;0;2;1;1;1
202000040067;154 671 958;1;0;2;0;0;5
202000040067;154 671 959;7;0;2;3;26;1
202000040068;154 671 957;7;15;1;4;20;1
202000040069;154 671 956;7;9;0;2;1;1
202000040070;154 671 953;7;0;2;1;1;1
202000040070;154 671 954;7;0;2;1;1;1
202000040070;154 671 955;7;0;2;6;15;1
202000040071;154 671 950;7;0;2;1;26;1
202000040071;154 671 951;7;0;2;4;26;1
202000040071;154 671 952;7;0;2;4;26;1
202000040072;154 671 948;10;0;2;2;1;1
202000040072;154 671 949;34;0;2;3;3;1
202000040073;154 671 946;7;0;2;2;19;1
202000040073;154 671 947;60;0;2;8;1;5
202000040074;154 671 945;7;12;0;1;2;0
202000040075;154 671 942;15;0;2;1;2;0
202000040075;154 671 943;7;0;2;4;2;0
202000040075;154 671 944;7;0;2;4;2;0
202000040076;154 671 940;7;0;2;3;1;1
202000040076;154 671 941;7;0;2;1;1;1
202000040077;154 671 937;10;0;2;1;5;1
202000040077;154 671 938;14;0;2;1;1;1
202000040078;154 671 934;7;0;2;4;10;1
202000040078;154 671 935;33;0;2;1;1;1
202000040079;154 671 933;7;9;0;2;14;1
202000040080;154 671 931;1;0;2;0;25;5
202000040080;154 671 932;7;0;2;1;1;1
202000040081;154 671 928;7;0;1;3;1;1
202000040082;154 671 927;7;0;1;1;0;1
202000040083;154 671 925;7;0;2;8;15;0
202000040083;154 671 926;33;6;2;1;17;0
202000040084;154 671 924;20;0;1;1;26;1
202000040085;154 671 920;7;0;2;1;2;1
202000040085;154 671 921;7;0;2;4;2;1
202000040085;154 671 922;7;0;2;6;2;1
202000040085;154 671 923;7;0;2;4;2;1
202000040086;154 671 918;7;0;2;4;2;1
202000040086;154 671 919;30;0;2;1;2;1
202000040087;154 671 916;7;0;2;4;1;1
202000040087;154 671 917;7;0;2;1;2;1
202000040088;154 671 914;10;0;2;8;15;1
202000040088;154 671 915;2;0;2;2;2;1
202000040089;154 671 913;7;0;1;2;1;1
202000040090;154 671 911;31;0;2;1;1;1
202000040090;154 671 912;7;0;2;1;1;1
202000040091;154 671 910;7;0;1;3;1;1
202000040092;154 671 908;15;0;2;3;14;1
202000040092;154 671 909;7;0;2;3;26;1
202000040093;154 671 906;7;0;2;2;13;1
202000040093;154 671 907;10;0;2;1;1;1
202000040094;154 671 904;7;0;2;4;2;1
202000040094;154 671 905;7;0;2;1;2;1
202000040095;154 671 903;7;6;0;1;1;1
202000040096;154 671 901;7;0;2;3;0;1
202000040096;154 671 902;32;0;2;1;0;1
202000040097;154 671 899;31;0;2;1;0;1
202000040097;154 671 900;7;0;2;3;0;1
202000040098;154 671 897;1;0;2;1;0;5
202000040098;154 671 898;7;0;2;1;0;1
202000040099;154 671 895;7;0;2;2;15;1
202000040099;154 671 896;2;0;0;0;0;1
202000040100;154 671 893;7;0;2;0;1;0
202000040100;154 671 894;10;0;2;1;15;1
202000040101;154 671 889;7;0;2;4;23;1
202000040101;154 671 890;7;0;2;4;23;1
202000040101;154 671 891;7;0;2;1;2;1
202000040101;154 671 892;7;0;2;4;23;1
202000040102;154 671 888;31;0;1;1;1;1
202000040103;154 671 885;2;0;0;0;1;1
202000040104;154 671 882;7;1;2;4;24;6
202000040104;154 671 883;7;0;2;3;9;1
202000040104;154 671 884;7;0;2;2;1;1
202000040105;154 671 881;7;2;0;1;9;1
202000040106;154 671 880;7;13;0;9;15;1
202000040107;154 671 878;7;0;0;4;2;1
202000040107;154 671 879;7;0;2;1;2;1
202000040108;154 671 873;7;0;2;1;1;0
202000040108;154 671 874;7;0;2;8;10;0
202000040109;154 671 872;7;0;1;1;1;1
202000040110;154 671 871;7;1;0;1;1;1
202000040111;154 671 869;33;0;2;1;1;1
202000040111;154 671 870;7;0;2;3;19;1
202000040112;154 671 867;7;0;2;5;2;6
202000040112;154 671 868;7;0;2;5;15;6
202000040113;154 671 865;7;0;2;2;1;1
202000040113;154 671 866;1;0;2;7;19;5
202000040114;154 671 863;7;0;2;2;15;1
202000040114;154 671 864;10;0;2;7;1;1
202000040115;154 671 862;7;0;1;0;26;1
202000040116;154 671 860;31;0;2;2;1;0
202000040116;154 671 861;7;0;2;3;11;0
202000040117;154 671 858;7;0;2;3;1;1
202000040117;154 671 859;7;1;2;3;13;1
202000040118;154 671 857;7;0;1;0;9;0
202000040119;154 671 855;7;0;2;3;15;1
202000040119;154 671 856;34;0;2;1;1;1
202000040120;154 671 853;7;0;2;5;15;1
202000040120;154 671 854;33;0;2;1;1;1
202000040121;154 671 852;30;0;0;0;1;1
202000040122;154 671 849;7;0;2;1;2;1
202000040122;154 671 850;7;0;2;1;2;2
202000040122;154 671 851;7;0;2;4;2;1
202000040123;154 671 847;7;0;2;1;2;1
202000040123;154 671 848;7;0;2;2;15;1
202000040124;154 671 844;7;0;2;5;15;1
202000040124;154 671 845;34;0;2;1;0;1
202000040125;154 671 842;33;0;2;1;12;1
202000040125;154 671 843;7;0;2;5;1;1
202000040126;154 671 839;7;0;2;2;12;1
202000040126;154 671 840;43;0;2;2;3;1
202000040126;154 671 841;7;0;2;6;1;1
202000040127;154 671 838;7;0;1;1;1;1
202000040128;154 671 837;14;0;1;1;1;6
202000040129;154 671 835;31;0;2;1;1;1
202000040129;154 671 836;7;0;2;7;15;1
202000040130;154 671 833;33;0;2;0;1;1
202000040130;154 671 834;1;0;2;3;15;5
202000040131;154 671 831;34;0;2;4;23;1
202000040131;154 671 832;43;0;2;1;2;1
202000040132;154 671 830;33;0;0;7;18;1
202000040133;154 671 829;33;14;0;2;14;1
202000040134;154 671 827;42;0;2;1;17;1
202000040134;154 671 828;7;0;2;3;15;2
202000040135;154 671 825;1;0;2;1;1;5
202000040135;154 671 826;43;0;2;3;1;1
202000040136;154 671 823;33;0;2;8;1;1
202000040136;154 671 824;7;14;2;7;14;1
202000040137;154 671 822;37;0;1;2;2;2
202000040138;154 671 821;7;0;1;2;16;1
202000040139;154 671 819;32;0;2;3;14;1
202000040139;154 671 820;7;0;2;5;23;2
202000040140;154 671 817;7;0;2;2;14;1
202000040140;154 671 818;30;0;2;3;1;3
202000040141;154 671 816;10;0;1;3;15;1
202000040142;154 671 815;1;0;1;1;5;5
202000040143;154 671 813;7;0;2;5;23;1
202000040143;154 671 814;32;0;2;1;2;1
202000040144;154 671 812;43;14;0;7;17;1
202000040145;154 671 811;1;12;0;2;14;5
202000040146;154 671 810;42;0;0;7;1;1
202000040147;154 671 808;7;0;2;4;2;1
202000040147;154 671 809;7;0;2;1;2;1
202000040148;154 671 806;7;0;2;7;1;1
202000040148;154 671 807;34;0;2;1;16;1
202000040149;154 671 805;10;0;1;2;26;1
202000040150;154 671 804;30;0;1;3;21;0
202000040151;154 671 802;7;0;2;1;26;1
202000040151;154 671 803;7;0;0;4;20;1
202000040152;154 671 800;32;0;2;1;3;1
202000040152;154 671 801;10;0;2;4;12;1
202000040153;154 671 798;7;0;2;8;0;1
202000040153;154 671 799;7;0;2;0;0;1
202000040154;154 671 797;30;0;2;8;1;1
202000040155;154 671 795;99;0;9;1;10;0
202000040155;154 671 796;32;0;2;8;12;0
202000040156;154 671 793;7;0;2;6;10;1
202000040156;154 671 794;32;0;2;1;1;1
202000040157;154 671 792;7;0;1;3;19;1
202000040158;154 671 790;33;0;2;1;13;1
202000040158;154 671 791;7;0;2;3;19;1
202000040159;154 671 788;7;0;2;3;1;1
202000040159;154 671 789;14;0;2;3;14;1
202000040160;154 671 786;50;0;2;0;0;3
202000040160;154 671 787;7;0;9;7;16;1
202000040161;154 671 785;7;0;1;7;16;1
202000040162;154 671 783;30;0;2;1;1;1
202000040162;154 671 784;7;1;2;1;9;1
202000040163;154 671 781;33;0;2;8;1;1
202000040163;154 671 782;7;0;2;1;19;1
202000040164;154 671 779;7;0;2;6;2;0
202000040164;154 671 780;2;0;2;1;1;1
202000040165;154 671 775;7;0;2;8;1;1
202000040165;154 671 776;7;0;2;8;5;1
202000040166;154 671 774;7;2;0;1;1;1
202000040167;154 671 772;7;7;2;3;5;1
202000040167;154 671 773;10;0;2;3;1;1
202000040168;154 671 770;7;0;2;2;0;1
202000040168;154 671 771;7;2;2;9;0;1
202000040169;154 671 768;7;0;9;8;20;1
202000040169;154 671 769;2;0;2;1;17;1
202000040170;154 671 766;7;0;1;0;23;1
202000040170;154 671 767;15;0;2;2;1;1
202000040171;154 671 764;7;7;0;1;1;1
202000040171;154 671 765;17;0;0;0;1;1
202000040172;154 671 763;1;16;0;0;0;5
202000040173;154 671 761;7;0;2;8;15;1
202000040173;154 671 762;7;0;2;1;1;1
202000040174;154 671 759;7;0;2;1;1;1
202000040174;154 671 760;36;0;2;2;26;1
202000040175;154 671 757;1;0;2;3;2;5
202000040175;154 671 758;7;0;9;2;17;1
202000040176;154 671 755;33;0;2;1;1;1
202000040176;154 671 756;7;0;2;3;15;1
202000040177;154 671 752;7;0;2;1;1;1
202000040177;154 671 753;1;0;0;4;1;5
202000040177;154 671 754;1;0;0;4;1;5
202000040178;154 671 751;7;15;0;2;1;1
202000040179;154 671 749;7;0;0;3;17;1
202000040179;154 671 750;33;0;2;1;17;1
202000040180;154 671 747;7;0;2;2;17;1
202000040180;154 671 748;7;8;0;4;15;1
202000040181;154 671 745;7;0;2;1;2;1
202000040181;154 671 746;7;0;0;4;15;1
202000040182;154 671 743;7;0;2;3;1;1
202000040182;154 671 744;7;0;0;4;23;1
202000040183;154 671 741;7;0;2;5;15;1
202000040183;154 671 742;7;0;2;1;1;1
202000040184;154 671 739;7;8;0;7;1;1
202000040185;154 671 736;32;0;2;6;19;0
202000040185;154 671 737;7;0;2;3;23;0
202000040185;154 671 738;33;0;2;1;1;0
202000040186;154 671 733;33;0;2;1;1;1
202000040186;154 671 734;33;0;2;1;1;1
202000040186;154 671 735;7;0;2;3;13;1
202000040187;154 671 731;7;0;2;8;19;1
202000040187;154 671 732;7;0;2;2;1;1
202000040188;154 671 730;7;2;0;1;1;1
202000040189;154 671 729;7;0;1;7;1;1
202000040190;154 671 726;7;0;2;1;1;1
202000040190;154 671 727;7;0;2;2;1;1
202000040191;154 671 725;7;3;0;2;1;1
202000040192;154 671 722;7;0;2;8;1;1
202000040192;154 671 723;15;0;2;8;1;1
202000040192;154 671 724;10;0;2;3;13;1
202000040193;154 671 721;7;13;0;2;0;1
202000040194;154 671 719;7;0;2;3;11;1
202000040194;154 671 720;7;0;2;0;1;1
202000040195;154 671 718;99;0;1;0;21;0
202000040196;154 671 716;7;0;2;7;13;1
202000040196;154 671 717;7;0;2;1;0;1
202000040197;154 671 715;33;13;0;1;1;1
202000040198;154 671 713;10;0;2;3;15;1
202000040198;154 671 714;2;0;2;1;1;1
202000040199;154 671 712;33;0;0;7;1;1
202000040200;154 671 711;7;2;0;5;1;1
202000040201;154 671 709;7;0;2;8;2;0
202000040201;154 671 710;2;0;2;1;2;0
202000040202;154 671 707;60;0;2;1;19;5
202000040202;154 671 708;7;0;0;2;1;1
202000040203;154 671 704;30;0;2;7;1;1
202000040203;154 671 705;7;0;2;3;15;1
202000040204;154 671 703;7;3;0;1;26;1
202000040205;154 671 701;7;0;2;2;1;1
202000040205;154 671 702;7;0;2;7;17;1
202000040206;154 671 700;7;16;0;1;16;1
202000040207;154 671 699;10;2;0;1;0;1
202000040208;154 671 696;13;0;2;1;1;1
202000040208;154 671 697;7;0;2;1;1;1
202000040208;154 671 698;7;0;2;4;1;1
202000040209;154 671 695;7;7;0;1;14;1
202000040210;154 671 692;7;0;2;4;2;1
202000040210;154 671 693;7;0;2;4;2;1
202000040210;154 671 694;10;0;2;1;2;1
202000040211;154 671 690;99;0;2;5;0;1
202000040211;154 671 691;14;0;2;2;1;1
202000040212;154 671 689;7;0;0;9;1;1
202000040213;154 671 687;7;0;2;3;1;1
202000040213;154 671 688;7;0;2;5;12;1
202000040214;154 671 684;7;0;2;1;1;1
202000040214;154 671 685;7;0;2;1;2;1
202000040214;154 671 686;7;0;2;4;2;1
202000040215;154 671 683;7;4;0;1;1;1
202000040216;154 671 681;10;0;2;4;2;1
202000040216;154 671 682;33;0;2;1;2;1
202000040217;154 671 679;31;0;2;1;1;1
202000040217;154 671 680;7;0;2;7;1;1
202000040218;154 671 677;7;0;2;4;2;1
202000040218;154 671 678;7;0;2;1;2;1
202000040219;154 671 674;33;0;2;7;13;1
202000040219;154 671 675;7;0;2;8;0;0
202000040219;154 671 676;10;0;2;8;13;1
202000040220;154 671 672;99;14;0;0;0;0
202000040220;154 671 673;7;0;2;3;19;1
202000040221;154 671 670;7;0;1;4;26;1
202000040221;154 671 671;7;14;2;1;26;1
202000040222;154 671 668;30;0;2;1;17;1
202000040222;154 671 669;10;0;2;1;15;1
202000040223;154 671 666;7;0;2;3;15;1
202000040223;154 671 667;30;0;2;3;1;1
202000040224;154 671 665;7;0;1;6;4;1
202000040225;154 671 661;7;0;2;1;2;1
202000040225;154 671 662;7;0;2;1;2;1
202000040225;154 671 663;7;0;2;4;2;1
202000040225;154 671 664;7;0;2;1;2;1
202000040226;154 671 660;10;0;1;1;1;1
202000040227;154 671 658;33;0;2;8;21;0
202000040227;154 671 659;7;0;2;1;9;0
202000040228;154 671 656;7;0;2;2;9;0
202000040228;154 671 657;7;0;2;3;1;0
202000040229;154 671 655;7;0;1;1;20;0
202000040230;154 671 654;40;0;1;2;1;3
202000040231;154 671 652;50;0;2;1;1;3
202000040231;154 671 653;7;0;2;3;1;1
202000040232;154 671 651;0;0;1;1;1;0
202000040233;154 671 649;33;0;2;1;18;1
202000040233;154 671 650;7;0;2;5;1;0
202000040234;154 671 647;7;0;2;1;2;0
202000040234;154 671 648;7;0;2;1;1;1
202000040235;154 671 645;50;1;0;1;1;3
202000040235;154 671 646;7;1;2;2;0;1
202000040236;154 671 644;7;0;1;1;16;1
202000040237;154 671 642;1;1;0;1;1;5
202000040237;154 671 643;7;0;2;2;23;1
202000040238;154 671 641;33;12;0;0;1;1
202000040239;154 671 640;7;13;0;7;14;1
202000040240;154 671 638;7;0;2;1;2;1
202000040240;154 671 639;7;0;0;4;2;1
202000040241;154 671 637;7;2;0;3;13;1
202000040242;154 671 636;32;0;0;0;0;0
202000040243;154 671 634;7;13;2;2;16;1
202000040243;154 671 635;7;0;2;3;1;1
202000040244;154 671 632;7;0;2;1;1;1
202000040244;154 671 633;7;0;2;2;15;1
202000040245;154 671 630;14;0;2;6;23;1
202000040245;154 671 631;33;0;2;1;2;1
202000040246;154 671 628;7;0;2;1;1;1
202000040246;154 671 629;7;0;2;1;13;1
202000040247;154 671 626;7;0;2;8;1;1
202000040247;154 671 627;60;0;2;1;0;5
202000040248;154 671 624;14;0;2;2;17;1
202000040248;154 671 625;21;0;0;6;1;1
202000040249;154 671 622;31;0;2;1;26;1
202000040249;154 671 623;7;0;2;1;1;1
202000040250;154 671 621;7;2;0;1;1;1
202000040251;154 671 619;7;0;2;2;21;1
202000040251;154 671 620;7;0;0;6;1;1
202000040252;154 671 617;21;0;2;3;15;1
202000040252;154 671 618;33;0;2;2;1;1
202000040253;154 671 616;33;6;0;1;0;1
202000040254;154 671 615;2;9;0;1;26;1
202000040255;154 671 612;7;0;2;2;2;1
202000040255;154 671 613;7;0;2;4;2;1
202000040256;154 671 611;7;4;0;3;1;1
202000040257;154 671 608;7;0;2;0;26;0
202000040257;154 671 609;7;0;2;0;26;0
202000040257;154 671 610;7;0;2;1;1;1
202000040258;154 671 607;7;5;0;1;2;1
202000040259;154 671 605;7;0;2;2;1;1
202000040259;154 671 606;7;0;2;1;9;1
202000040260;154 671 604;10;13;0;3;1;1
202000040261;154 671 603;7;3;0;3;1;1
202000040262;154 671 602;7;0;0;1;1;1
202000040263;154 671 598;7;3;2;3;1;3
202000040263;154 671 599;7;3;2;4;2;0
202000040263;154 671 600;7;3;2;5;2;0
202000040263;154 671 601;7;0;2;4;1;1
202000040264;154 671 597;7;4;0;1;13;1
202000040265;154 671 595;7;0;2;4;0;1
202000040265;154 671 596;7;4;2;4;0;1
202000040266;154 671 594;7;4;0;1;13;1
202000040267;154 671 593;10;4;0;3;13;1
202000040268;154 671 591;7;0;2;3;1;1
202000040268;154 671 592;7;4;2;1;14;1
202000040269;154 671 590;7;0;0;9;13;1
202000040270;154 671 589;7;13;0;9;9;1
202000040271;154 671 588;31;2;0;1;0;1
202000040272;154 671 586;7;0;2;2;16;0
202000040272;154 671 587;2;0;2;8;1;0
202000040273;154 671 585;1;0;9;1;2;5
202000040274;154 671 583;7;11;2;1;15;1
202000040274;154 671 584;3;0;2;1;16;1
202000040275;154 671 580;7;3;2;5;23;0
202000040275;154 671 581;7;3;2;1;1;0
202000040275;154 671 582;7;3;0;4;23;0
202000040276;154 671 578;34;12;2;1;17;1
202000040276;154 671 579;7;0;2;3;1;1
202000040277;154 671 576;1;0;2;8;19;5
202000040277;154 671 577;37;0;2;0;1;1
202000040278;154 671 575;7;4;0;1;13;1
202000040279;154 671 574;7;0;1;1;1;1
202000040280;154 671 573;7;0;0;9;1;0
202000040281;154 671 571;32;0;2;7;26;1
202000040281;154 671 572;0;0;2;0;21;0
202000040282;154 671 569;99;0;2;8;15;1
202000040282;154 671 570;33;0;2;7;17;0
202000040283;154 671 568;7;0;1;2;1;1
202000040284;154 671 567;7;6;0;1;0;1
202000040285;154 671 565;1;0;2;4;15;6
202000040285;154 671 566;7;0;2;1;2;0
202000040286;154 671 564;7;0;1;4;26;1
202000040287;154 671 562;37;0;0;0;0;2
202000040287;154 671 563;1;0;2;1;5;5
202000040288;154 671 560;7;0;2;1;2;1
202000040288;154 671 561;31;0;2;4;2;1
202000040289;154 671 558;10;0;2;2;1;1
202000040289;154 671 559;2;0;2;3;1;1
202000040290;154 671 556;7;0;2;5;2;1
202000040290;154 671 557;30;0;2;4;2;1
202000040291;154 671 555;7;9;0;1;15;1
202000040292;154 671 554;7;0;0;7;14;1
202000040293;154 671 552;2;0;2;1;1;1
202000040293;154 671 553;7;0;2;1;1;1
202000040294;154 671 550;33;0;2;1;1;1
202000040294;154 671 551;7;0;2;8;19;1
202000040295;154 671 548;7;0;2;2;17;1
202000040295;154 671 549;7;0;0;6;1;1
202000040296;154 671 545;10;0;1;6;4;1
202000040297;154 671 543;7;0;2;4;2;1
202000040297;154 671 544;7;0;2;1;0;0
202000040298;154 671 541;1;0;2;7;1;5
202000040298;154 671 542;7;0;2;1;9;1
202000040299;154 671 539;7;0;2;1;1;1
202000040299;154 671 540;7;0;2;4;1;1
202000040300;154 671 538;7;5;0;1;14;1
202000040301;154 671 537;32;16;0;0;14;1
202000040302;154 671 535;33;0;2;1;1;1
202000040302;154 671 536;7;0;2;5;15;1
202000040303;154 671 534;32;0;1;1;1;1
202000040304;154 671 533;33;14;2;1;17;1
202000040305;154 671 531;2;0;2;9;0;1
202000040305;154 671 532;7;0;2;1;0;1
202000040306;154 671 529;7;0;2;8;15;1
202000040306;154 671 530;33;0;2;1;1;1
202000040307;154 671 526;30;0;2;1;1;1
202000040307;154 671 527;37;0;2;2;1;1
202000040307;154 671 528;7;0;2;1;17;1
202000040308;154 671 524;7;0;2;6;1;1
202000040308;154 671 525;7;0;2;3;13;0
202000040309;154 671 522;7;0;2;1;1;0
202000040309;154 671 523;32;1;2;7;10;0
202000040310;154 671 520;7;0;2;1;13;1
202000040310;154 671 521;16;0;2;3;1;1
202000040311;154 671 519;50;1;0;2;14;3
202000040312;154 671 517;7;0;2;2;16;1
202000040312;154 671 518;1;0;2;1;1;5
202000040313;154 671 516;7;0;1;1;1;1
202000040314;154 671 514;7;0;2;3;1;2
202000040314;154 671 515;1;0;2;1;16;5
202000040315;154 671 509;7;0;2;4;2;1
202000040315;154 671 510;1;0;2;4;2;5
202000040316;154 671 507;43;1;2;8;1;1
202000040316;154 671 508;7;0;2;1;1;3
202000040317;154 671 505;7;0;2;7;1;1
202000040317;154 671 506;50;0;2;8;1;3
202000040318;154 671 503;7;0;2;1;1;1
202000040318;154 671 504;7;0;2;3;1;1
202000040319;154 671 501;1;0;2;3;1;5
202000040319;154 671 502;50;0;2;3;5;3
202000040320;154 671 498;10;0;2;1;0;1
202000040320;154 671 499;7;0;2;1;1;1
202000040320;154 671 500;7;0;2;1;26;1
202000040321;154 671 497;7;7;1;1;12;2
202000040322;154 671 496;7;0;1;1;15;1
202000040323;154 671 494;99;0;2;1;1;5
202000040323;154 671 495;20;0;0;0;0;1
202000040324;154 671 491;7;0;2;4;1;0
202000040324;154 671 492;13;0;2;1;1;0
202000040324;154 671 493;7;0;2;4;1;0
202000040325;154 671 490;33;0;1;1;1;0
202000040326;154 671 488;10;0;2;1;1;1
202000040326;154 671 489;7;0;0;8;15;1
202000040327;154 671 487;33;2;0;0;1;1
202000040328;154 671 486;7;0;1;3;1;1
202000040329;154 671 484;7;0;2;3;19;1
202000040329;154 671 485;2;0;2;2;19;1
202000040330;154 671 482;36;0;2;2;0;0
202000040330;154 671 483;36;0;2;3;1;0
202000040331;154 671 480;7;0;2;1;1;1
202000040331;154 671 481;7;0;2;1;5;1
202000040332;154 671 479;33;8;0;1;1;1
202000040333;154 671 477;7;0;0;5;16;1
202000040333;154 671 478;2;8;2;1;1;1
202000040334;154 671 475;7;0;2;1;1;1
202000040334;154 671 476;7;0;2;1;13;1
202000040335;154 671 474;7;2;0;1;14;1
202000040336;154 671 473;7;6;0;8;1;1
202000040337;154 671 471;7;14;0;1;6;1
202000040337;154 671 472;7;0;0;8;1;1
202000040338;154 671 469;33;0;2;2;1;1
202000040338;154 671 470;7;0;0;6;1;1
202000040339;154 671 468;7;1;0;1;1;1
202000040340;154 671 465;10;0;2;4;1;1
202000040340;154 671 466;10;0;2;1;1;1
202000040340;154 671 467;7;3;2;3;1;1
202000040341;154 671 464;7;13;0;2;1;1
202000040342;154 671 463;7;0;1;2;21;1
202000040343;154 671 461;7;0;2;1;15;1
202000040343;154 671 462;7;0;2;2;1;1
202000040344;154 671 460;7;0;1;8;1;1
202000040345;154 671 459;7;0;0;9;1;1
202000040346;154 671 458;14;6;0;7;15;1
202000040347;154 671 457;7;13;0;9;1;1
202000040348;154 671 455;7;0;2;2;1;1
202000040348;154 671 456;7;0;2;2;13;1
202000040349;154 671 454;7;16;0;9;15;1
202000040350;154 671 453;7;12;0;2;1;1
202000040351;154 671 452;7;13;0;0;0;1
202000040352;154 671 450;7;0;0;9;1;1
202000040353;154 671 446;7;0;2;2;26;1
202000040353;154 671 447;31;0;2;1;1;1
202000040354;154 671 445;36;16;0;1;26;1
202000040355;154 671 444;33;8;0;1;0;1
202000040356;154 671 443;2;0;0;1;0;0
202000040357;154 671 441;7;0;2;1;1;1
202000040357;154 671 442;7;0;2;8;1;1
202000040358;154 671 440;7;0;0;1;1;0
202000040359;154 671 439;33;15;0;8;1;1
202000040360;154 671 438;7;15;0;1;13;1
202000040361;154 671 437;7;8;0;3;1;1
202000040362;154 671 436;7;2;0;3;0;1
202000040363;154 671 434;7;0;0;4;2;1
202000040363;154 671 435;7;0;2;1;2;1
202000040364;154 671 433;33;0;0;7;1;1
202000040365;154 671 432;10;2;0;5;14;1
202000040366;154 671 430;7;3;2;1;1;1
202000040366;154 671 431;7;3;2;1;17;1
202000040367;154 671 428;7;0;2;2;5;0
202000040367;154 671 429;10;0;2;2;1;0
202000040368;154 671 426;7;0;0;4;2;1
202000040368;154 671 427;7;0;2;1;2;1
202000040369;154 671 425;7;16;0;0;1;1
202000040370;154 671 424;7;0;0;3;13;1
202000040371;154 671 422;34;0;2;1;2;1
202000040371;154 671 423;33;0;2;1;1;1
202000040372;154 671 421;7;0;1;2;1;1
202000040373;154 671 419;7;0;2;1;19;1
202000040373;154 671 420;10;0;2;3;1;1
202000040374;154 671 418;7;2;0;2;13;1
202000040375;154 671 416;7;0;2;3;1;1
202000040375;154 671 417;33;0;2;1;5;1
202000040376;154 671 415;7;13;0;1;13;1
202000040377;154 671 413;7;1;2;1;1;1
202000040377;154 671 414;7;1;0;7;20;1
202000040378;154 671 411;31;12;0;0;1;1
202000040379;154 671 409;1;0;0;8;19;5
202000040379;154 671 410;7;0;2;1;1;1
202000040380;154 671 407;3;0;0;3;9;1
202000040380;154 671 408;7;0;2;1;1;1
202000040381;154 671 406;2;6;0;1;21;1
202000040382;154 671 404;1;0;2;1;1;5
202000040382;154 671 405;7;0;2;3;19;1
202000040383;154 671 403;32;12;0;3;0;1
202000040384;154 671 402;7;3;0;6;26;1
202000040385;154 671 400;32;0;2;5;12;1
202000040385;154 671 401;7;0;2;3;2;1
202000040386;154 671 398;7;4;0;0;0;0
202000040386;154 671 399;7;1;0;1;1;1
202000040387;154 671 394;7;0;2;4;2;1
202000040387;154 671 395;7;0;2;4;2;1
202000040387;154 671 396;7;0;2;4;2;1
202000040387;154 671 397;7;0;2;1;12;1
202000040388;154 671 392;7;0;2;1;26;1
202000040388;154 671 393;7;0;2;4;26;1
202000040389;154 671 391;33;0;0;0;1;1
202000040390;154 671 389;15;0;2;2;2;1
202000040390;154 671 390;15;0;2;6;1;1
202000040391;154 671 386;7;0;2;8;2;1
202000040391;154 671 387;7;0;2;1;2;1
202000040391;154 671 388;7;0;2;4;2;1
202000040392;154 671 384;10;4;2;1;1;1
202000040392;154 671 385;7;3;0;4;2;1
202000040393;154 671 383;7;0;0;9;9;1
202000040394;154 671 381;7;0;2;4;23;1
202000040394;154 671 382;7;1;0;1;2;1
202000040395;154 671 379;7;0;2;2;14;1
202000040395;154 671 380;7;0;2;6;2;1
202000040396;154 671 377;7;0;2;0;0;1
202000040396;154 671 378;32;0;2;0;0;1
202000040397;154 671 376;33;5;0;9;1;1
202000040398;154 671 374;7;9;2;2;9;1
202000040398;154 671 375;1;9;2;1;19;5
202000040399;154 671 372;30;0;2;3;16;1
202000040399;154 671 373;99;0;2;3;1;1
202000040400;154 671 371;7;0;1;2;16;1
202000040401;154 671 370;37;0;1;5;1;1
202000040402;154 671 368;1;0;2;1;1;5
202000040402;154 671 369;7;0;9;3;1;1
202000040403;154 671 366;32;0;2;1;9;1
202000040403;154 671 367;7;0;2;8;1;1
202000040404;154 671 364;1;14;0;1;1;5
202000040404;154 671 365;7;0;9;4;23;1
202000040405;154 671 362;1;0;2;1;1;5
202000040405;154 671 363;80;0;2;1;1;3
202000040406;154 671 360;33;0;2;1;2;1
202000040406;154 671 361;7;0;2;4;1;1
202000040407;154 671 358;7;0;2;4;1;1
202000040407;154 671 359;7;0;2;1;1;1
202000040408;154 671 356;10;0;2;3;9;1
202000040408;154 671 357;32;0;2;1;1;1
202000040409;154 671 354;7;0;2;3;9;1
202000040409;154 671 355;1;0;0;1;9;0
202000040410;154 671 353;7;3;0;8;1;1
202000040411;154 671 350;10;0;2;0;0;1
202000040411;154 671 351;30;0;2;0;0;1
202000040411;154 671 352;7;0;2;3;15;1
202000040412;154 671 345;10;0;2;1;13;1
202000040412;154 671 346;10;0;2;8;1;1
202000040412;154 671 347;10;0;2;8;1;1