Num_Acc;id_vehicule;categorie_vehicule;obstacle_fixe;obstacle_mobile;point_choc_initial;manoeuvre_principale;motorisation
202000040412;154 671 348;10;0;2;1;1;1
202000040412;154 671 349;10;0;2;2;1;1
202000040413;154 671 343;99;0;2;1;19;0
202000040413;154 671 344;7;0;9;3;1;1
202000040414;154 671 339;1;0;2;8;1;5
202000040414;154 671 340;7;0;2;4;26;1
202000040415;154 671 335;7;0;2;1;2;1
202000040415;154 671 336;7;0;2;4;23;1
202000040415;154 671 337;7;0;2;4;23;1
202000040415;154 671 338;7;0;0;4;23;1
202000040416;154 671 333;10;0;2;1;1;1
202000040416;154 671 334;7;0;2;5;1;1
202000040417;154 671 331;10;0;2;1;1;1
202000040417;154 671 332;7;0;2;1;15;1
202000040418;154 671 329;7;0;2;8;1;1
202000040418;154 671 330;7;0;2;0;1;0
202000040419;154 671 328;7;0;1;3;1;1
202000040420;154 671 326;7;0;9;4;23;1
202000040420;154 671 327;7;0;2;1;26;1
202000040421;154 671 323;7;0;2;3;1;1
202000040421;154 671 324;7;0;2;3;1;1
202000040421;154 671 325;7;0;2;1;1;1
202000040422;154 671 322;7;0;1;2;1;1
202000040423;154 671 320;7;0;2;1;1;1
202000040423;154 671 321;7;0;2;7;1;1
202000040424;154 671 318;7;0;2;4;2;1
202000040424;154 671 319;7;0;2;1;2;1
202000040425;154 671 316;31;0;2;1;1;1
202000040425;154 671 317;37;0;2;7;15;1
202000040426;154 671 314;7;0;2;3;9;1
202000040426;154 671 315;7;0;2;2;1;1
202000040427;154 671 312;33;0;2;7;1;1
202000040427;154 671 313;7;0;2;3;9;1
202000040428;154 671 310;7;0;2;1;2;1
202000040428;154 671 311;7;0;2;4;2;1
202000040429;154 671 308;7;0;2;1;2;0
202000040429;154 671 309;7;0;2;4;2;1
202000040430;154 671 306;7;0;0;4;23;1
202000040430;154 671 307;1;0;2;1;1;5
202000040431;154 671 303;7;0;2;3;1;1
202000040431;154 671 304;7;0;2;1;2;1
202000040431;154 671 305;7;0;2;3;15;1
202000040432;154 671 302;7;13;0;1;1;1
202000040433;154 671 301;33;11;0;0;0;1
202000040434;154 671 300;33;4;0;1;0;1
202000040435;154 671 299;7;8;0;3;1;1
202000040436;154 671 298;7;0;1;2;1;1
202000040437;154 671 295;33;0;2;7;2;1
202000040437;154 671 296;33;13;0;1;1;1
202000040437;154 671 297;33;0;0;8;2;1
202000040438;154 671 294;7;0;0;0;1;1
202000040439;154 671 293;7;2;0;2;1;1
202000040440;154 671 292;33;3;0;2;1;1
202000040441;154 671 290;7;0;2;2;1;1
202000040441;154 671 291;2;0;2;1;19;1
202000040442;154 671 287;33;0;2;1;1;1
202000040442;154 671 288;7;0;2;5;15;1
202000040442;154 671 289;7;0;2;3;1;1
202000040443;154 671 286;7;2;0;3;14;1
202000040444;154 671 285;7;6;0;1;1;1
202000040445;154 671 284;7;13;0;9;14;1
202000040446;154 671 282;7;0;2;8;19;1
202000040446;154 671 283;33;0;2;1;1;1
202000040447;154 671 280;10;0;0;4;16;1
202000040447;154 671 281;17;0;2;1;1;1
202000040448;154 671 278;7;0;2;3;1;1
202000040448;154 671 279;7;0;2;3;1;1
202000040449;154 671 276;1;0;2;1;9;6
202000040449;154 671 277;1;0;2;1;1;6
202000040450;154 671 275;50;0;0;0;0;3
202000040451;154 671 274;7;8;1;2;1;1
202000040452;154 671 272;7;0;2;1;1;1
202000040452;154 671 273;33;0;2;1;13;1
202000040453;154 671 271;33;8;0;2;1;1
202000040454;154 671 269;7;0;0;2;15;1
202000040454;154 671 270;7;0;2;8;1;1
202000040455;154 671 267;7;0;2;3;1;1
202000040455;154 671 268;7;0;2;3;5;1
202000040456;154 671 265;7;13;2;6;1;1
202000040456;154 671 266;7;0;2;2;17;1
202000040457;154 671 264;32;0;0;0;1;1
202000040458;154 671 262;7;0;2;8;13;0
202000040458;154 671 263;7;0;2;8;1;0
202000040459;154 671 261;7;0;1;0;1;1
202000040460;154 671 260;7;2;0;2;1;1
202000040461;154 671 258;7;0;0;5;2;0
202000040461;154 671 259;14;5;0;3;2;0
202000040462;154 671 256;7;0;0;3;1;1
202000040462;154 671 257;7;0;0;3;1;1
202000040463;154 671 255;7;4;0;9;1;1
202000040464;154 671 252;7;1;0;1;1;1
202000040464;154 671 253;10;0;2;4;23;1
202000040465;154 671 250;7;0;2;3;1;1
202000040465;154 671 251;7;9;2;7;12;1
202000040466;154 671 247;7;0;2;1;2;1
202000040466;154 671 248;7;0;2;4;2;1
202000040466;154 671 249;7;0;2;4;2;2
202000040467;154 671 246;7;4;0;0;14;1
202000040468;154 671 244;33;0;2;7;3;1
202000040468;154 671 245;7;0;2;8;11;1
202000040469;154 671 241;7;0;2;1;1;1
202000040469;154 671 242;7;0;2;4;1;1
202000040469;154 671 243;7;0;2;4;1;1
202000040470;154 671 240;30;0;0;2;1;1
202000040471;154 671 238;7;4;2;5;2;1
202000040471;154 671 239;7;0;2;3;2;1
202000040472;154 671 234;7;14;0;8;2;1
202000040472;154 671 235;7;14;0;2;2;1
202000040472;154 671 236;7;0;1;2;2;1
202000040472;154 671 237;15;0;2;8;13;1
202000040473;154 671 232;14;0;2;3;1;1
202000040473;154 671 233;7;0;2;6;15;1
202000040474;154 671 231;7;4;0;2;17;1
202000040475;154 671 229;1;0;2;3;1;0
202000040475;154 671 230;7;0;2;2;16;1
202000040476;154 671 227;32;0;2;7;17;1
202000040476;154 671 228;7;0;2;2;15;1
202000040477;154 671 225;7;0;2;2;15;1
202000040477;154 671 226;2;0;2;1;17;1
202000040478;154 671 224;30;0;1;1;21;1
202000040479;154 671 223;7;0;1;7;1;1
202000040480;154 671 221;2;0;2;0;0;1
202000040480;154 671 222;7;0;2;0;26;0
202000040481;154 671 219;2;0;2;3;1;1
202000040481;154 671 220;7;0;2;3;15;1
202000040482;154 671 218;30;12;0;1;15;1
202000040483;154 671 216;33;0;2;0;1;1
202000040483;154 671 217;7;0;0;0;9;1
202000040484;154 671 214;33;0;2;1;2;1
202000040484;154 671 215;7;0;2;8;9;1
202000040485;154 671 212;7;0;2;1;1;1
202000040485;154 671 213;7;0;2;1;15;1
202000040486;154 671 210;7;0;2;1;0;1
202000040486;154 671 211;10;0;2;4;20;1
202000040487;154 671 208;37;0;2;2;1;1
202000040487;154 671 209;7;0;2;8;16;1
202000040488;154 671 205;7;0;2;1;26;1
202000040488;154 671 206;7;0;2;1;26;1
202000040488;154 671 207;7;0;0;4;26;1
202000040489;154 671 204;7;0;1;0;20;1
202000040490;154 671 202;7;0;2;1;2;1
202000040490;154 671 203;7;0;2;4;23;1
202000040491;154 671 201;7;0;1;1;1;0
202000040492;154 671 200;7;0;1;2;1;1
202000040493;154 671 198;14;0;2;0;0;1
202000040493;154 671 199;2;0;2;0;0;1
202000040494;154 671 196;30;0;2;1;18;1
202000040494;154 671 197;10;0;2;2;16;1
202000040495;154 671 194;10;0;2;1;15;1
202000040495;154 671 195;2;0;2;1;1;1
202000040496;154 671 193;7;0;1;3;1;1
202000040497;154 671 191;7;0;2;1;1;1
202000040497;154 671 192;2;0;2;4;1;1
202000040498;154 671 190;7;1;1;1;16;1
202000040499;154 671 188;7;0;2;2;15;1
202000040499;154 671 189;30;0;2;1;1;1
202000040500;154 671 183;7;0;2;2;2;1
202000040500;154 671 184;7;0;5;4;1;1
202000040501;154 671 180;33;0;2;1;17;1
202000040501;154 671 181;7;0;2;2;15;1
202000040501;154 671 182;7;0;2;1;23;1
202000040502;154 671 178;14;0;2;2;1;1
202000040502;154 671 179;7;0;2;8;9;1
202000040503;154 671 175;33;0;2;1;7;1
202000040503;154 671 176;7;0;2;4;1;1
202000040503;154 671 177;7;0;2;3;9;1
202000040504;154 671 172;7;0;2;4;2;0
202000040504;154 671 173;7;0;2;4;2;0
202000040504;154 671 174;7;0;2;1;2;0
202000040505;154 671 170;2;0;2;2;1;1
202000040505;154 671 171;7;0;2;1;9;1
202000040506;154 671 168;1;0;2;8;1;5
202000040506;154 671 169;7;0;9;3;15;1
202000040507;154 671 166;31;0;2;1;1;1
202000040507;154 671 167;7;0;2;8;10;1
202000040508;154 671 165;7;0;1;1;15;1
202000040509;154 671 163;34;14;2;1;17;1
202000040509;154 671 164;7;0;2;6;1;1
202000040510;154 671 162;7;0;1;1;1;
202000040511;154 671 159;2;0;2;1;0;1
202000040511;154 671 161;7;0;2;3;20;2
202000040512;154 671 158;7;0;2;1;2;0
202000040512;154 671 160;7;13;0;4;2;0
202000040513;154 671 153;7;0;2;9;1;1
202000040513;154 671 156;7;0;2;4;1;1
202000040513;154 671 157;7;0;2;1;1;1
202000040514;154 671 151;7;0;2;1;1;1
202000040514;154 671 152;7;0;2;2;15;1
202000040515;154 671 149;1;0;2;1;0;5
202000040515;154 671 150;7;0;2;1;0;1
202000040516;154 671 147;7;0;2;1;1;1
202000040516;154 671 148;7;0;2;5;1;1
202000040517;154 671 145;30;0;2;7;1;1
202000040517;154 671 146;7;0;2;8;1;1
202000040518;154 671 143;10;0;9;2;26;1
202000040518;154 671 144;1;0;2;1;1;5
202000040519;154 671 142;7;13;0;1;13;1
202000040520;154 671 140;7;0;1;1;15;1
202000040521;154 671 139;10;0;2;1;26;1
202000040521;154 671 141;10;0;2;7;1;1
202000040522;154 671 138;7;0;1;0;16;0
202000040523;154 671 136;7;0;1;1;1;1
202000040524;154 671 133;7;0;1;0;1;0
202000040525;154 671 134;33;0;2;1;1;1
202000040525;154 671 135;7;0;2;2;1;1
202000040526;154 671 131;7;0;2;3;15;1
202000040526;154 671 132;1;0;2;1;17;5
202000040527;154 671 128;7;0;2;1;1;2
202000040527;154 671 130;7;0;2;7;16;1
202000040528;154 671 129;7;0;1;1;1;1
202000040529;154 671 124;7;0;2;8;1;1
202000040529;154 671 127;30;0;2;8;15;3
202000040530;154 671 125;7;0;2;1;13;1
202000040530;154 671 126;31;0;2;1;1;1
202000040531;154 671 123;30;1;0;2;14;1
202000040532;154 671 121;1;0;2;6;19;5
202000040532;154 671 122;33;0;2;1;1;1
202000040533;154 671 120;7;0;1;1;15;1
202000040534;154 671 118;33;0;2;7;1;1
202000040534;154 671 119;1;0;2;0;11;5
202000040535;154 671 117;7;0;1;3;1;1
202000040536;154 671 115;7;0;2;4;23;1
202000040536;154 671 116;7;0;2;1;1;1
202000040537;154 671 113;7;0;2;0;2;0
202000040537;154 671 114;1;0;2;4;1;5
202000040538;154 671 111;10;0;2;2;19;1
202000040538;154 671 112;7;0;2;3;1;1
202000040539;154 671 109;7;0;2;3;15;1
202000040539;154 671 110;30;0;2;2;7;1
202000040540;154 671 107;7;0;2;6;4;1
202000040540;154 671 108;31;0;2;3;1;1
202000040541;154 671 106;30;0;0;0;21;1
202000040542;154 671 105;2;0;1;2;1;1
202000040543;154 671 103;7;0;9;0;0;1
202000040543;154 671 104;1;0;2;0;0;5
202000040544;154 671 100;30;0;2;1;1;1
202000040544;154 671 102;7;0;2;2;1;1
202000040545;154 671 098;7;1;0;8;24;1
202000040545;154 671 099;30;0;2;1;1;3
202000040545;154 671 101;7;0;2;7;1;1
202000040546;154 671 097;7;2;0;9;1;1
202000040547;154 671 095;30;0;2;8;13;1
202000040547;154 671 096;10;0;2;7;1;1
202000040548;154 671 094;7;0;1;1;1;1
202000040549;154 671 093;7;4;0;0;1;1
202000040550;154 671 091;1;0;2;0;26;5
202000040550;154 671 092;7;0;2;2;9;1
202000040551;154 671 086;7;0;2;4;2;1
202000040551;154 671 088;7;0;2;1;2;1
202000040552;154 671 085;10;0;2;1;2;1
202000040552;154 671 087;7;0;2;4;2;1
202000040552;154 671 089;7;0;0;4;2;1
202000040553;154 671 084;7;9;9;1;26;1
202000040554;154 671 082;60;0;2;0;19;5
202000040554;154 671 083;7;0;2;1;1;1
202000040555;154 671 081;7;6;0;1;13;1
202000040556;154 671 080;7;2;0;1;13;1
202000040557;154 671 076;0;0;1;3;15;0
202000040558;154 671 075;7;0;2;1;1;0
202000040558;154 671 077;14;0;2;1;1;0
202000040558;154 671 078;99;13;2;1;1;0
202000040558;154 671 079;7;0;2;0;1;0
202000040559;154 671 073;7;2;0;1;13;1
202000040560;154 671 072;10;0;2;1;1;1
202000040560;154 671 074;7;0;2;4;1;1
202000040561;154 671 070;7;0;1;1;15;1
202000040562;154 671 069;2;0;2;1;2;1
202000040562;154 671 071;2;0;2;8;2;1
202000040563;154 671 067;7;0;2;2;16;1
202000040563;154 671 068;32;0;2;3;18;1
202000040564;154 671 066;7;0;0;9;21;0
202000040565;154 671 062;7;0;2;3;10;1
202000040565;154 671 065;32;0;2;3;1;1
202000040566;154 671 063;7;0;2;1;13;1
202000040566;154 671 064;14;0;2;1;1;1
202000040567;154 671 060;10;0;1;3;1;1
202000040568;154 671 059;7;8;0;1;1;1
202000040568;154 671 061;34;14;0;1;1;1
202000040569;154 671 055;7;0;2;3;2;1
202000040569;154 671 056;33;0;2;4;10;1
202000040570;154 671 057;33;0;2;1;17;0
202000040570;154 671 058;7;0;2;6;15;0
202000040571;154 671 052;10;3;2;2;17;1
202000040571;154 671 053;10;13;2;3;1;1
202000040572;154 671 054;7;13;0;2;1;1
202000040573;154 671 049;1;0;2;8;1;5
202000040573;154 671 050;7;0;2;7;2;1
202000040574;154 671 051;7;0;1;3;1;0
202000040575;154 671 048;7;1;0;1;1;1
202000040576;154 671 047;7;0;1;2;2;1
202000040577;154 671 045;7;0;2;1;15;1
202000040577;154 671 046;2;0;2;7;1;1
202000040578;154 671 042;2;0;2;1;1;1
202000040578;154 671 043;7;0;2;8;15;1
202000040579;154 671 044;7;16;0;1;2;1
202000040580;154 671 040;7;0;2;3;13;1
202000040580;154 671 041;7;0;2;3;1;1
202000040581;154 671 036;33;0;2;1;3;1
202000040581;154 671 037;10;0;2;5;1;1
202000040582;154 671 038;7;0;2;3;1;1
202000040582;154 671 039;7;0;2;1;1;1
202000040583;154 671 035;33;10;0;1;12;1
202000040584;154 671 034;7;0;1;1;1;0
202000040585;154 671 033;32;0;0;8;1;1
202000040586;154 671 030;7;0;2;0;17;1
202000040586;154 671 031;1;0;2;0;15;5
202000040587;154 671 026;30;0;2;1;15;1
202000040587;154 671 028;7;0;2;2;1;1
202000040588;154 671 024;32;0;2;1;1;1
202000040588;154 671 025;7;0;2;5;15;1
202000040589;154 671 022;7;3;2;1;1;1
202000040589;154 671 023;7;0;2;1;1;1
202000040590;154 671 021;7;0;1;2;1;1
202000040591;154 671 017;7;0;2;4;2;1
202000040591;154 671 018;7;3;0;1;12;1
202000040591;154 671 019;7;0;2;1;2;1
202000040591;154 671 020;7;3;0;1;2;1
202000040592;154 671 015;43;0;2;1;1;1
202000040592;154 671 016;1;0;2;8;5;5
202000040593;154 671 013;2;0;2;1;5;1
202000040593;154 671 014;2;0;2;1;1;1
202000040594;154 671 012;10;0;1;7;16;1
202000040595;154 671 011;10;16;0;0;0;1
202000040596;154 671 010;32;12;0;3;13;1
202000040597;154 671 008;10;13;0;2;1;1
202000040598;154 671 007;7;0;2;1;2;0
202000040598;154 671 009;7;0;2;4;23;1
202000040599;154 671 005;7;0;0;1;1;1
202000040599;154 671 006;7;0;0;1;17;1
202000040600;154 671 003;10;0;2;5;24;1
202000040600;154 671 004;7;1;2;3;13;1
202000040601;154 670 999;10;0;2;8;1;1
202000040601;154 671 000;30;0;2;1;1;1
202000040602;154 671 001;1;0;2;4;1;5
202000040602;154 671 002;2;0;9;1;1;1
202000040603;154 670 996;13;0;1;2;23;1
202000040603;154 670 997;7;1;0;2;1;1
202000040604;154 670 995;1;0;2;1;19;5
202000040604;154 670 998;34;0;2;3;1;1
202000040605;154 670 994;33;6;0;7;1;1
202000040606;154 670 992;37;0;2;6;15;1
202000040606;154 670 993;32;0;2;2;15;1
202000040607;154 670 990;7;0;2;8;15;1
202000040607;154 670 991;33;0;2;1;17;1
202000040608;154 670 987;7;0;2;3;0;1
202000040608;154 670 988;7;0;2;3;1;1
202000040609;154 670 986;1;0;2;8;15;5
202000040609;154 670 989;34;0;2;2;5;1
202000040610;154 670 985;7;2;0;8;1;1
202000040611;154 670 984;32;0;1;1;1;1
202000040612;154 670 982;3;0;0;4;1;0
202000040612;154 670 983;10;0;2;1;1;1
202000040613;154 670 980;7;0;2;8;22;1
202000040613;154 670 981;1;1;2;8;1;5
202000040614;154 670 977;30;0;0;0;1;3
202000040615;154 670 978;33;0;2;1;12;0
202000040615;154 670 979;99;0;2;3;1;0
202000040616;154 670 974;7;15;0;3;13;1
202000040617;154 670 975;33;0;2;8;1;0
202000040617;154 670 976;10;0;2;8;11;0
202000040618;154 670 969;7;0;2;3;1;1
202000040618;154 670 971;50;0;2;7;1;3
202000040619;154 670 968;7;0;1;2;1;1
202000040620;154 670 965;7;0;2;5;20;1
202000040620;154 670 966;7;0;2;4;23;0
202000040620;154 670 967;7;0;2;1;1;1
202000040621;154 670 964;33;12;0;1;16;1
202000040622;154 670 970;15;0;2;1;1;1
202000040622;154 670 972;7;0;2;3;1;1
202000040622;154 670 973;7;3;2;1;13;1
202000040623;154 670 962;33;0;2;5;2;1
202000040623;154 670 963;7;0;2;5;16;0
202000040624;154 670 960;7;0;2;3;1;2
202000040624;154 670 961;2;0;2;1;13;1
202000040625;154 670 956;1;0;5;1;1;5
202000040626;154 670 957;7;0;2;1;1;0
202000040626;154 670 958;7;0;2;4;23;1
202000040626;154 670 959;7;0;2;4;23;1
202000040627;154 670 953;7;0;0;0;0;0
202000040627;154 670 954;1;0;0;8;1;5
202000040628;154 670 952;7;0;2;6;23;1
202000040628;154 670 955;33;0;2;2;1;1
202000040629;154 670 950;7;0;1;7;2;1
202000040630;154 670 945;7;0;2;3;15;1
202000040630;154 670 947;33;0;2;2;21;1
202000040631;154 670 946;7;14;2;7;21;1
202000040631;154 670 948;31;0;2;4;1;1
202000040631;154 670 949;7;0;2;2;1;1
202000040632;154 670 942;7;1;0;1;19;1
202000040632;154 670 944;7;1;0;8;1;1
202000040633;154 670 941;7;0;2;1;2;1
202000040633;154 670 943;7;0;0;4;1;1
202000040634;154 670 940;7;0;1;3;17;1
202000040635;154 670 939;32;3;0;1;1;1
202000040636;154 670 937;7;0;2;2;26;1
202000040636;154 670 938;33;0;2;1;0;1
202000040637;154 670 936;43;0;1;3;1;1
202000040638;154 670 935;32;0;1;0;;
202000040639;154 670 934;30;0;1;8;1;1
202000040640;154 670 932;7;0;2;3;26;1
202000040640;154 670 933;7;8;0;2;14;1
202000040641;154 670 931;7;4;0;5;0;1
202000040642;154 670 929;1;1;0;7;18;5
202000040642;154 670 930;7;0;9;7;23;4
202000040643;154 670 926;7;0;0;9;26;1
202000040644;154 670 925;32;0;2;1;17;1
202000040644;154 670 927;7;0;2;8;15;1
202000040645;154 670 924;7;0;0;9;1;1
202000040646;154 670 923;7;4;0;2;1;1
202000040647;154 670 922;10;0;1;1;15;1
202000040648;154 670 919;7;0;2;1;2;1
202000040648;154 670 921;7;0;2;4;2;1
202000040649;154 670 918;33;0;2;4;1;1
202000040649;154 670 920;7;0;2;2;14;1
202000040650;154 670 917;7;4;0;1;2;1
202000040651;154 670 916;7;9;0;2;14;1
202000040652;154 670 914;10;0;2;4;26;1
202000040652;154 670 915;7;0;2;3;0;1
202000040653;154 670 913;37;6;0;6;26;0
202000040654;154 670 909;7;0;2;1;23;1
202000040654;154 670 911;7;14;0;1;5;1
202000040655;154 670 910;7;0;2;3;1;1
202000040655;154 670 912;7;3;2;3;13;1
202000040656;154 670 908;7;0;1;1;1;1
202000040657;154 670 907;33;0;0;0;17;1
202000040658;154 670 905;7;0;2;1;1;1
202000040658;154 670 906;32;0;2;4;1;1
202000040659;154 670 904;7;0;1;2;9;1
202000040660;154 670 901;2;1;0;1;2;1
202000040660;154 670 903;7;1;0;4;24;1
202000040661;154 670 900;7;0;2;4;2;1
202000040661;154 670 902;7;0;2;2;2;1
202000040662;154 670 897;7;0;2;1;2;1
202000040662;154 670 898;7;0;2;4;1;1
202000040662;154 670 899;7;0;2;4;1;1
202000040663;154 670 896;7;0;1;2;2;1
202000040664;154 670 894;7;0;2;5;15;1
202000040664;154 670 895;7;0;2;3;2;1
202000040665;154 670 892;50;0;1;1;1;3
202000040666;154 670 891;33;0;2;0;1;1
202000040666;154 670 893;0;0;2;0;0;0
202000040667;154 670 888;7;0;1;1;1;1
202000040668;154 670 887;7;0;2;1;1;1
202000040668;154 670 889;7;0;2;1;21;1
202000040668;154 670 890;7;0;2;1;5;1
202000040669;154 670 882;10;0;2;8;15;1
202000040669;154 670 885;30;1;2;7;17;1
202000040670;154 670 884;7;0;2;3;26;1
202000040670;154 670 886;7;14;0;3;9;1
202000040671;154 670 881;7;0;2;1;0;0
202000040671;154 670 883;7;0;2;1;0;1
202000040672;154 670 876;32;0;2;7;19;0
202000040672;154 670 879;7;0;2;1;1;0
202000040673;154 670 875;7;0;2;8;1;1
202000040673;154 670 878;7;0;2;1;1;1
202000040673;154 670 880;7;0;2;7;13;1
202000040674;154 670 874;32;0;2;7;17;1
202000040674;154 670 877;7;0;2;3;15;1
202000040675;154 670 871;7;0;9;3;2;0
202000040675;154 670 873;1;0;2;7;19;6
202000040676;154 670 870;2;0;0;0;21;1
202000040677;154 670 869;31;0;0;7;1;1
202000040678;154 670 867;10;9;0;1;2;1
202000040679;154 670 866;39;0;1;0;1;1
202000040680;154 670 865;7;16;0;2;1;0
202000040681;154 670 863;7;0;2;5;14;1
202000040681;154 670 864;33;0;2;8;18;1
202000040682;154 670 868;37;0;2;2;17;1
202000040682;154 670 872;7;0;2;6;0;1
202000040683;154 670 862;7;0;0;9;17;1
202000040684;154 670 856;7;0;2;4;1;1
202000040684;154 670 858;7;0;2;1;1;1
202000040684;154 670 859;7;0;2;1;1;1
202000040684;154 670 861;7;0;2;4;1;1
202000040685;154 670 854;33;0;2;1;13;1
202000040685;154 670 857;7;0;2;1;1;1
202000040686;154 670 853;30;0;2;1;1;1
202000040686;154 670 855;7;0;2;3;1;1
202000040687;154 670 850;2;0;0;7;21;1
202000040688;154 670 849;33;0;2;1;2;1
202000040688;154 670 851;7;0;2;4;2;1
202000040689;154 670 848;7;0;2;7;0;1
202000040689;154 670 852;7;0;2;1;1;1
202000040690;154 670 844;7;0;2;1;1;1
202000040690;154 670 846;7;3;0;4;1;1
202000040691;154 670 845;7;0;2;8;14;1
202000040691;154 670 847;15;0;2;1;2;1
202000040692;154 670 842;32;0;2;1;1;1
202000040692;154 670 843;7;0;2;6;13;1
202000040693;154 670 840;7;13;0;7;1;1
202000040694;154 670 837;7;4;2;6;13;1
202000040694;154 670 838;7;4;0;4;1;1
202000040694;154 670 839;7;4;2;2;1;1
202000040695;154 670 841;7;15;0;0;2;1
202000040696;154 670 834;7;2;0;1;1;1
202000040697;154 670 833;7;0;2;5;11;1
202000040697;154 670 835;2;0;2;1;3;1
202000040698;154 670 831;1;0;0;0;0;0
202000040698;154 670 832;7;1;0;4;4;1
202000040699;154 670 828;7;1;0;1;1;1
202000040700;154 670 829;33;4;0;3;1;1
202000040701;154 670 827;7;0;2;3;15;1
202000040701;154 670 830;7;0;2;1;1;1
202000040702;154 670 824;7;0;2;2;15;1
202000040702;154 670 826;7;0;2;1;1;1
202000040703;154 670 823;10;0;2;4;1;1
202000040703;154 670 825;33;0;2;1;23;1
202000040704;154 670 818;7;0;2;8;11;1
202000040704;154 670 820;31;0;2;1;3;1
202000040705;154 670 819;7;0;1;4;2;1
202000040705;154 670 821;7;0;2;1;16;1
202000040706;154 670 817;7;0;1;7;17;1
202000040707;154 670 814;7;0;2;0;0;6
202000040707;154 670 815;7;0;2;2;0;
202000040708;154 670 813;2;12;0;0;1;1
202000040709;154 670 816;34;0;0;8;1;1
202000040710;154 670 811;7;0;1;1;1;1
202000040711;154 670 812;7;0;0;9;0;1
202000040712;154 670 808;7;0;1;2;1;1
202000040713;154 670 809;33;0;2;3;3;1
202000040713;154 670 810;7;0;2;5;11;1
202000040714;154 670 801;31;0;2;2;1;1
202000040714;154 670 803;7;0;2;3;9;1
202000040715;154 670 802;7;16;0;0;14;1
202000040716;154 670 804;7;0;2;1;11;1
202000040716;154 670 805;7;0;2;4;2;1
202000040717;154 670 799;7;0;2;3;1;1
202000040717;154 670 800;7;0;2;1;13;1
202000040718;154 670 795;7;0;2;3;9;1
202000040718;154 670 797;7;0;2;2;1;1
202000040718;154 670 798;7;0;2;6;1;1
202000040719;154 670 794;7;0;2;1;1;1
202000040719;154 670 796;7;0;2;8;13;1
202000040720;154 670 792;7;0;2;1;1;1
202000040720;154 670 793;50;0;2;1;5;3
202000040721;154 670 789;2;0;2;1;1;1
202000040721;154 670 791;7;0;2;2;19;1
202000040722;154 670 790;7;4;0;1;2;1
202000040723;154 670 786;21;0;2;8;1;1
202000040723;154 670 787;1;0;2;8;1;5
202000040724;154 670 784;7;0;1;2;1;1
202000040725;154 670 785;7;0;0;0;2;1
202000040726;154 670 779;42;0;0;7;1;1
202000040727;154 670 780;7;0;2;2;15;1
202000040727;154 670 781;30;0;2;1;1;1
202000040728;154 670 778;7;2;0;8;1;1
202000040729;154 670 776;7;0;2;4;1;1
202000040729;154 670 777;7;0;2;1;2;1
202000040730;154 670 774;7;0;2;4;2;1
202000040730;154 670 775;7;0;2;1;26;1
202000040731;154 670 771;7;0;2;1;9;1
202000040731;154 670 772;7;0;2;1;13;1
202000040732;154 670 767;7;0;2;1;2;1
202000040732;154 670 769;7;0;2;4;1;1
202000040732;154 670 770;7;0;2;4;2;1
202000040733;154 670 766;7;0;2;3;1;1
202000040733;154 670 768;2;0;2;6;13;1
202000040734;154 670 763;7;0;1;2;26;1
202000040735;154 670 764;7;0;2;4;23;1
202000040735;154 670 765;7;0;2;1;1;1
202000040736;154 670 762;7;2;0;0;0;1
202000040737;154 670 761;37;0;1;3;1;1
202000040738;154 670 758;3;0;2;2;16;1
202000040738;154 670 760;7;0;2;3;11;1
202000040739;154 670 757;7;0;2;3;19;1
202000040739;154 670 759;2;0;2;1;1;1
202000040740;154 670 756;7;0;1;7;1;1
202000040741;154 670 751;7;0;2;1;1;1
202000040741;154 670 754;7;0;2;1;17;1
202000040742;154 670 750;7;0;2;4;17;1
202000040742;154 670 753;7;0;2;3;2;1
202000040743;154 670 749;7;0;1;2;13;1
202000040744;154 670 752;1;0;2;3;1;5
202000040744;154 670 755;30;0;9;1;1;1
202000040745;154 670 747;34;0;2;2;1;1
202000040745;154 670 748;7;0;2;3;15;1
202000040746;154 670 744;7;0;0;5;23;1
202000040746;154 670 746;2;0;2;2;2;1
202000040747;154 670 743;7;0;1;2;1;1
202000040748;154 670 740;7;0;2;3;1;1
202000040748;154 670 742;7;0;2;2;0;1
202000040749;154 670 737;7;0;2;3;15;1
202000040749;154 670 738;7;0;2;1;1;1
202000040750;154 670 734;7;0;2;5;15;1
202000040750;154 670 736;7;0;2;1;1;1
202000040751;154 670 733;7;0;2;3;19;1
202000040751;154 670 735;7;2;2;1;1;1
202000040752;154 670 729;32;0;2;0;0;0
202000040752;154 670 730;30;0;2;0;0;0
202000040752;154 670 731;7;0;2;0;0;0
202000040753;154 670 732;7;1;1;8;26;1
202000040754;154 670 726;31;0;2;8;1;1
202000040754;154 670 728;7;0;2;3;15;1
202000040755;154 670 722;7;0;2;3;9;6
202000040755;154 670 723;2;0;2;1;26;0
202000040756;154 670 724;7;16;0;4;1;1
202000040756;154 670 725;7;0;2;6;1;1
202000040756;154 670 727;7;0;2;1;1;1
202000040757;154 670 720;7;0;2;3;1;1
202000040757;154 670 721;80;0;2;7;19;3
202000040758;154 670 718;32;0;2;1;13;0
202000040758;154 670 719;10;0;2;3;1;0