Num_Acc;id_vehicule;categorie_vehicule;obstacle_fixe;obstacle_mobile;point_choc_initial;manoeuvre_principale;motorisation
202000040759;154 670 717;1;6;0;1;26;1
202000040760;154 670 714;30;0;2;1;1;1
202000040760;154 670 716;10;0;2;7;19;1
202000040761;154 670 713;33;0;2;8;0;1
202000040761;154 670 715;7;0;2;1;6;1
202000040762;154 670 709;33;0;2;0;0;0
202000040762;154 670 710;33;0;2;1;1;1
202000040762;154 670 711;7;0;2;1;1;1
202000040762;154 670 712;33;0;2;0;26;1
202000040763;154 670 707;7;0;2;6;16;1
202000040763;154 670 708;14;0;2;2;16;1
202000040764;154 670 705;32;0;2;1;1;1
202000040764;154 670 706;7;0;2;3;15;1
202000040765;154 670 703;1;0;2;0;1;5
202000040765;154 670 704;7;0;2;3;9;1
202000040766;154 670 701;1;0;2;0;0;5
202000040766;154 670 702;7;0;2;1;15;1
202000040767;154 670 699;33;0;2;1;2;1
202000040767;154 670 700;7;0;2;4;2;1
202000040768;154 670 696;7;6;0;1;14;1
202000040769;154 670 695;7;0;2;1;1;1
202000040769;154 670 697;7;0;2;4;0;1
202000040769;154 670 698;7;0;2;4;1;1
202000040770;154 670 694;7;0;1;2;7;1
202000040771;154 670 690;7;0;2;1;1;1
202000040771;154 670 691;7;0;2;4;2;1
202000040772;154 670 689;7;0;2;1;19;1
202000040772;154 670 692;7;0;2;2;2;1
202000040772;154 670 693;7;0;2;7;2;1
202000040773;154 670 686;7;0;2;1;13;1
202000040773;154 670 688;7;0;2;1;1;1
202000040774;154 670 687;31;0;0;7;1;1
202000040775;154 670 683;33;0;2;1;26;1
202000040775;154 670 685;7;0;2;1;21;1
202000040776;154 670 682;7;0;2;8;1;1
202000040776;154 670 684;17;0;2;2;14;1
202000040777;154 670 679;7;0;2;1;1;1
202000040777;154 670 681;7;0;2;4;23;1
202000040778;154 670 678;7;0;2;3;10;1
202000040778;154 670 680;1;0;2;1;1;5
202000040779;154 670 677;7;2;0;1;14;1
202000040780;154 670 673;1;0;0;7;19;5
202000040780;154 670 675;7;0;0;1;1;1
202000040780;154 670 676;33;0;0;4;1;1
202000040781;154 670 670;50;0;2;9;19;3
202000040781;154 670 672;99;0;9;1;1;0
202000040782;154 670 668;7;0;2;3;25;1
202000040782;154 670 669;1;0;2;1;25;5
202000040783;154 670 667;7;0;1;1;1;1
202000040784;154 670 671;50;0;2;1;1;3
202000040784;154 670 674;10;0;2;7;16;1
202000040785;154 670 665;1;0;2;7;2;0
202000040785;154 670 666;13;0;2;8;17;6
202000040786;154 670 664;7;0;1;1;16;1
202000040787;154 670 663;7;0;1;1;1;1
202000040788;154 670 662;7;6;0;1;1;1
202000040789;154 670 660;7;0;2;3;10;1
202000040789;154 670 661;31;0;2;1;1;1
202000040790;154 670 659;7;0;1;1;1;1
202000040791;154 670 658;7;4;0;3;13;1
202000040792;154 670 656;7;0;2;4;23;1
202000040792;154 670 657;30;0;2;1;2;1
202000040793;154 670 655;7;0;1;3;15;1
202000040794;154 670 653;7;9;0;1;26;1
202000040795;154 670 650;10;0;2;1;1;1
202000040795;154 670 652;7;0;2;3;9;1
202000040796;154 670 648;7;0;2;1;1;1
202000040796;154 670 649;1;0;0;4;1;0
202000040797;154 670 646;37;0;2;3;1;4
202000040797;154 670 647;7;0;2;1;1;1
202000040798;154 670 645;7;0;1;1;1;1
202000040799;154 670 643;7;0;2;7;15;1
202000040799;154 670 644;33;0;2;1;1;1
202000040800;154 670 651;10;0;1;3;15;1
202000040801;154 670 642;7;0;1;0;18;1
202000040802;154 670 639;13;0;2;1;1;1
202000040802;154 670 640;10;0;2;4;23;1
202000040802;154 670 641;7;0;2;4;23;1
202000040803;154 670 637;1;0;2;4;15;5
202000040803;154 670 638;7;0;2;2;1;1
202000040804;154 670 635;7;0;1;1;1;1
202000040805;154 670 634;30;0;0;1;1;1
202000040806;154 670 633;7;0;1;2;1;1
202000040807;154 670 631;7;12;2;0;1;1
202000040807;154 670 632;0;0;2;0;18;0
202000040808;154 670 630;7;8;0;2;1;1
202000040809;154 670 636;7;0;1;2;1;1
202000040810;154 670 628;30;0;2;1;1;1
202000040810;154 670 629;7;0;2;3;15;1
202000040811;154 670 627;7;1;0;2;14;1
202000040812;154 670 625;7;0;2;2;1;1
202000040812;154 670 626;50;0;2;0;19;3
202000040813;154 670 624;7;14;0;3;13;1
202000040814;154 670 622;7;0;1;2;1;1
202000040815;154 670 621;7;0;2;2;17;1
202000040815;154 670 623;7;0;2;3;1;1
202000040816;154 670 619;10;0;2;3;13;1
202000040816;154 670 620;31;0;2;2;23;1
202000040817;154 670 617;7;0;1;2;2;1
202000040818;154 670 616;7;0;2;3;15;1
202000040818;154 670 618;32;0;2;1;5;1
202000040819;154 670 613;7;8;0;1;1;1
202000040820;154 670 611;7;0;2;3;1;1
202000040820;154 670 612;30;0;2;1;15;1
202000040821;154 670 610;7;0;1;5;4;1
202000040822;154 670 608;7;0;2;1;1;1
202000040822;154 670 609;7;0;2;3;15;1
202000040823;154 670 606;7;0;2;1;15;1
202000040823;154 670 607;7;0;2;3;1;1
202000040824;154 670 604;7;0;2;3;9;0
202000040824;154 670 605;2;0;0;0;0;1
202000040825;154 670 601;7;1;2;1;1;0
202000040825;154 670 602;7;0;2;3;10;0
202000040826;154 670 600;7;0;2;6;9;0
202000040826;154 670 603;32;0;2;1;0;0
202000040827;154 670 598;0;0;1;1;1;0
202000040828;154 670 597;7;0;2;3;9;1
202000040828;154 670 599;7;0;2;1;17;1
202000040829;154 670 594;7;0;9;8;22;1
202000040829;154 670 596;1;1;0;0;0;0
202000040830;154 670 593;32;0;2;2;17;1
202000040830;154 670 595;7;0;2;3;19;1
202000040831;154 670 592;10;0;1;2;25;1
202000040832;154 670 591;7;0;1;2;7;1
202000040833;154 670 587;7;0;2;8;1;1
202000040833;154 670 588;7;0;2;2;1;1
202000040834;154 670 589;33;0;2;2;2;1
202000040834;154 670 590;10;0;2;8;9;1
202000040835;154 670 586;37;0;1;0;26;0
202000040836;154 670 584;2;0;2;3;1;0
202000040836;154 670 585;7;0;2;3;26;3
202000040837;154 670 583;7;1;1;0;0;0
202000040838;154 670 580;10;0;2;3;4;1
202000040838;154 670 582;30;0;2;3;13;1
202000040839;154 670 577;7;0;2;1;2;1
202000040839;154 670 578;7;0;2;5;2;1
202000040839;154 670 579;7;0;2;4;2;1
202000040840;154 670 575;7;0;1;7;16;1
202000040841;154 670 574;3;0;2;3;13;1
202000040841;154 670 576;7;0;2;3;1;1
202000040842;154 670 571;7;0;2;6;0;1
202000040842;154 670 573;33;0;2;1;1;1
202000040843;154 670 570;7;0;2;4;17;1
202000040843;154 670 572;7;0;2;8;17;1
202000040844;154 670 568;7;0;2;3;1;1
202000040844;154 670 569;2;0;2;3;13;1
202000040845;154 670 567;7;13;0;2;1;1
202000040846;154 670 566;7;0;1;2;1;1
202000040847;154 670 565;7;11;0;1;6;1
202000040848;154 670 564;7;6;0;9;0;0
202000040849;154 670 562;7;0;1;4;4;1
202000040850;154 670 561;7;0;2;3;2;1
202000040850;154 670 563;7;0;9;4;2;1
202000040851;154 670 558;7;0;0;0;26;1
202000040852;154 670 559;7;0;2;1;1;1
202000040852;154 670 560;10;0;2;1;15;1
202000040853;154 670 557;7;0;0;3;0;1
202000040854;154 670 556;7;0;1;3;26;1
202000040855;154 670 554;7;0;1;1;1;1
202000040856;154 670 553;33;0;2;1;3;1
202000040856;154 670 555;7;0;2;4;11;1
202000040857;154 670 550;31;0;2;1;2;1
202000040857;154 670 551;7;0;2;5;2;1
202000040858;154 670 552;7;2;0;2;0;6
202000040859;154 670 548;33;0;2;1;1;1
202000040859;154 670 549;10;0;2;5;1;1
202000040860;154 670 547;7;13;0;3;1;1
202000040861;154 670 546;30;0;1;2;1;1
202000040862;154 670 545;33;12;0;1;1;1
202000040863;154 670 543;7;0;2;2;15;1
202000040863;154 670 544;32;0;2;1;1;1
202000040864;154 670 541;7;0;1;1;1;1
202000040865;154 670 540;1;0;0;1;1;5
202000040866;154 670 537;34;0;2;7;17;1
202000040866;154 670 538;7;0;2;1;15;1
202000040867;154 670 539;7;13;0;1;1;1
202000040868;154 670 536;10;0;1;1;1;2
202000040869;154 670 534;7;0;2;1;1;1
202000040869;154 670 535;7;0;2;4;23;1
202000040870;154 670 532;33;2;0;1;1;1
202000040871;154 670 531;30;0;2;1;1;1
202000040871;154 670 533;7;0;2;3;13;1
202000040872;154 670 528;7;0;2;3;13;0
202000040872;154 670 530;33;0;2;7;17;0
202000040873;154 670 529;34;0;1;3;1;3
202000040874;154 670 527;7;0;1;1;1;1
202000040875;154 670 524;10;0;1;1;1;1
202000040876;154 670 523;1;0;2;8;1;5
202000040876;154 670 526;7;0;2;2;17;1
202000040877;154 670 522;7;0;2;3;1;1
202000040877;154 670 525;7;0;2;3;11;1
202000040878;154 670 520;33;7;6;1;1;1
202000040879;154 670 518;33;13;0;7;0;1
202000040880;154 670 516;33;0;2;1;3;1
202000040880;154 670 517;43;0;2;1;3;1
202000040880;154 670 519;43;0;2;4;3;1
202000040880;154 670 521;33;0;2;1;3;1
202000040881;154 670 514;7;0;0;4;2;1
202000040881;154 670 515;7;0;2;1;2;2
202000040882;154 670 512;7;0;0;6;2;1
202000040882;154 670 513;7;0;2;2;2;1
202000040883;154 670 511;30;0;1;1;1;1
202000040884;154 670 509;7;0;2;1;0;1
202000040884;154 670 510;10;0;2;1;0;1
202000040885;154 670 506;13;0;2;3;0;1
202000040885;154 670 508;7;0;2;3;13;1
202000040886;154 670 507;7;0;1;4;4;1
202000040887;154 670 505;32;6;0;2;16;1
202000040888;154 670 501;7;0;2;3;1;1
202000040888;154 670 504;2;0;2;7;1;1
202000040889;154 670 502;30;0;2;3;18;1
202000040889;154 670 503;7;0;2;2;1;1
202000040890;154 670 499;7;0;1;2;16;1
202000040891;154 670 497;7;0;1;2;1;1
202000040892;154 670 495;7;0;2;1;1;1
202000040892;154 670 496;7;0;2;1;13;1
202000040893;154 670 498;1;0;1;1;1;5
202000040894;154 670 493;10;0;2;3;1;1
202000040894;154 670 494;7;0;2;3;13;1
202000040895;154 670 489;7;0;2;1;2;1
202000040895;154 670 490;7;0;2;5;15;1
202000040895;154 670 491;30;0;2;1;1;1
202000040896;154 670 485;7;0;1;6;23;0
202000040896;154 670 486;99;1;2;5;1;0
202000040897;154 670 484;7;15;0;7;1;1
202000040897;154 670 487;7;15;2;1;1;1
202000040898;154 670 488;7;0;2;8;1;1
202000040898;154 670 492;50;0;2;1;1;3
202000040899;154 670 476;7;0;2;1;15;1
202000040899;154 670 477;32;0;2;7;1;1
202000040900;154 670 479;7;0;9;2;1;1
202000040900;154 670 481;1;0;2;8;1;5
202000040901;154 670 482;7;0;2;3;13;0
202000040901;154 670 483;7;0;2;3;1;0
202000040902;154 670 472;32;7;0;9;1;1
202000040903;154 670 471;7;0;1;2;2;1
202000040904;154 670 474;13;0;2;1;1;1
202000040904;154 670 475;7;0;2;8;9;1
202000040905;154 670 473;1;0;1;8;1;5
202000040906;154 670 478;7;4;2;1;12;1
202000040906;154 670 480;7;0;2;6;1;1
202000040907;154 670 469;10;0;2;2;15;0
202000040907;154 670 470;33;0;2;1;1;1
202000040908;154 670 464;10;0;2;1;2;1
202000040908;154 670 466;7;0;2;4;2;1
202000040908;154 670 467;7;0;2;4;2;1
202000040908;154 670 468;7;0;2;4;2;1
202000040909;154 670 465;7;4;0;9;21;1
202000040910;154 670 462;7;0;2;5;23;1
202000040910;154 670 463;30;0;2;1;2;1
202000040911;154 670 458;7;0;2;0;1;1
202000040911;154 670 459;33;0;2;0;17;1
202000040912;154 670 456;7;0;2;9;1;1
202000040912;154 670 457;7;0;2;4;1;1
202000040912;154 670 460;7;0;2;1;1;1
202000040913;154 670 455;37;0;1;8;7;1
202000040914;154 670 451;50;0;0;0;1;3
202000040915;154 670 449;7;0;2;3;2;1
202000040915;154 670 450;7;0;2;4;2;1
202000040915;154 670 454;7;0;2;4;2;1
202000040916;154 670 447;7;0;2;4;23;1
202000040916;154 670 452;7;0;2;1;1;1
202000040916;154 670 461;7;0;2;4;23;1
202000040917;154 670 446;30;8;0;7;16;3
202000040918;154 670 444;7;4;0;1;1;1
202000040919;154 670 443;31;0;0;9;1;1
202000040920;154 670 441;7;0;2;1;21;1
202000040920;154 670 442;7;0;2;3;15;1
202000040921;154 670 448;32;0;2;1;1;1
202000040921;154 670 453;7;0;2;5;1;1
202000040922;154 670 432;32;0;1;1;3;1
202000040923;154 670 430;50;0;2;7;16;3
202000040923;154 670 431;7;0;2;3;1;1
202000040924;154 670 433;7;0;2;7;16;1
202000040924;154 670 434;32;0;2;3;16;1
202000040925;154 670 435;7;0;2;3;9;1
202000040925;154 670 438;7;0;2;5;23;1
202000040925;154 670 440;7;0;2;4;1;1
202000040925;154 670 445;7;0;2;4;1;3
202000040926;154 670 436;7;0;2;1;1;1
202000040926;154 670 437;17;0;2;7;12;1
202000040926;154 670 439;10;0;2;8;1;1
202000040927;154 670 428;1;0;2;8;19;5
202000040927;154 670 429;33;0;2;1;1;1
202000040928;154 670 423;15;0;2;7;12;1
202000040928;154 670 425;7;0;2;8;1;0
202000040929;154 670 426;7;0;2;3;15;1
202000040929;154 670 427;1;0;2;1;1;5
202000040930;154 670 419;43;0;2;1;1;1
202000040930;154 670 420;33;0;2;7;1;1
202000040931;154 670 418;1;0;1;0;1;5
202000040932;154 670 414;1;0;2;1;3;5
202000040932;154 670 416;7;0;2;5;1;2
202000040933;154 670 413;7;1;0;3;20;1
202000040933;154 670 415;2;1;0;2;1;1
202000040934;154 670 424;7;4;0;3;1;1
202000040935;154 670 410;7;0;2;3;10;1
202000040935;154 670 412;32;0;2;2;1;1
202000040936;154 670 417;7;0;2;4;1;1
202000040936;154 670 421;7;0;2;4;1;1
202000040936;154 670 422;7;0;2;1;2;1
202000040937;154 670 409;7;0;2;2;12;1
202000040937;154 670 411;31;0;2;3;3;1
202000040938;154 670 405;33;0;2;3;1;1
202000040938;154 670 407;7;0;2;5;15;1
202000040939;154 670 401;7;0;0;1;12;1
202000040940;154 670 403;7;0;2;2;15;1
202000040940;154 670 408;7;0;2;1;1;1
202000040941;154 670 400;7;0;2;8;22;0
202000040941;154 670 404;1;0;2;1;1;5
202000040942;154 670 392;7;0;2;2;1;1
202000040942;154 670 395;7;0;2;1;6;1
202000040943;154 670 402;7;0;2;4;26;6
202000040943;154 670 406;7;0;2;1;26;0
202000040944;154 670 391;7;0;2;1;1;1
202000040944;154 670 394;7;0;2;1;1;1
202000040944;154 670 396;7;0;2;1;1;1
202000040944;154 670 397;7;0;2;1;1;1
202000040944;154 670 398;7;0;2;4;1;1
202000040944;154 670 399;7;0;2;1;1;1
202000040945;154 670 390;7;0;2;5;16;1
202000040945;154 670 393;7;0;2;3;1;1
202000040946;154 670 387;10;0;1;1;1;0
202000040947;154 670 388;7;4;0;3;0;1
202000040948;154 670 385;37;0;1;2;1;1
202000040949;154 670 382;33;0;2;1;1;0
202000040949;154 670 384;10;0;2;1;15;0
202000040950;154 670 383;7;4;0;1;13;1
202000040951;154 670 386;7;0;2;1;26;1
202000040951;154 670 389;7;0;2;4;23;1
202000040952;154 670 380;7;0;2;6;23;1
202000040952;154 670 381;30;11;2;2;17;1
202000040953;154 670 378;7;0;2;7;16;1
202000040953;154 670 379;2;0;2;1;18;1
202000040954;154 670 373;32;1;2;3;1;1
202000040954;154 670 374;50;0;2;1;19;3
202000040955;154 670 372;7;0;1;2;1;1
202000040956;154 670 375;7;0;2;1;2;1
202000040956;154 670 376;33;0;2;5;2;1
202000040956;154 670 377;33;0;2;5;2;1
202000040957;154 670 369;17;0;2;0;0;1
202000040957;154 670 371;33;12;2;1;17;1
202000040958;154 670 367;7;0;2;3;15;1
202000040958;154 670 370;33;0;2;2;1;1
202000040959;154 670 368;7;0;1;2;16;0
202000040960;154 670 363;15;0;2;8;14;0
202000040960;154 670 366;7;0;2;3;1;0
202000040961;154 670 364;7;4;0;1;13;1
202000040962;154 670 361;7;0;2;8;24;1
202000040962;154 670 365;1;1;0;1;1;5
202000040963;154 670 358;7;0;2;2;26;1
202000040964;154 670 360;7;0;1;3;1;1
202000040965;154 670 362;7;1;0;7;1;1
202000040966;154 670 357;7;0;2;8;15;1
202000040966;154 670 359;32;0;2;1;17;1
202000040967;154 670 355;7;0;2;7;10;1
202000040967;154 670 356;7;0;2;1;1;1
202000040968;154 670 351;7;0;1;4;24;1
202000040969;154 670 352;2;0;2;1;1;1
202000040969;154 670 354;7;0;2;3;26;1
202000040970;154 670 350;99;0;1;4;20;1
202000040971;154 670 349;7;0;2;5;0;1
202000040971;154 670 353;34;0;2;1;1;1
202000040972;154 670 345;7;0;2;1;26;1
202000040972;154 670 347;30;0;2;1;0;3
202000040973;154 670 346;7;0;1;3;15;1
202000040974;154 670 343;7;12;2;6;1;0
202000040974;154 670 348;7;0;2;1;1;0
202000040975;154 670 342;30;0;1;2;15;6
202000040976;154 670 340;7;0;1;2;1;1
202000040977;154 670 339;7;0;0;0;0;0
202000040977;154 670 341;1;14;2;0;26;5
202000040978;154 670 338;32;0;1;1;1;1
202000040979;154 670 333;34;14;0;1;2;1
202000040980;154 670 336;7;0;2;2;1;1
202000040980;154 670 337;7;0;2;8;9;1
202000040981;154 670 335;7;0;1;7;26;1
202000040982;154 670 334;7;0;1;1;15;1
202000040983;154 670 329;7;0;2;2;15;1
202000040983;154 670 331;7;0;2;6;1;1
202000040984;154 670 326;1;0;2;7;19;5
202000040984;154 670 332;7;0;9;1;1;1
202000040985;154 670 324;7;0;2;1;2;1
202000040985;154 670 328;7;0;2;4;23;1
202000040985;154 670 330;7;0;1;4;23;1
202000040986;154 670 322;7;0;1;2;1;1
202000040987;154 670 323;7;0;1;2;17;1
202000040988;154 670 325;7;0;0;2;2;1
202000040988;154 670 327;33;0;2;1;2;1
202000040989;154 670 321;10;1;0;1;1;1
202000040990;154 670 320;7;8;0;1;16;1
202000040991;154 670 318;99;13;2;8;1;1
202000040991;154 670 319;7;13;2;3;13;1
202000040992;154 670 316;7;0;2;1;1;1
202000040992;154 670 317;7;0;2;4;1;1
202000040993;154 670 313;10;0;2;2;15;1
202000040993;154 670 315;7;0;2;3;9;1
202000040994;154 670 311;7;0;2;7;16;0
202000040994;154 670 312;2;0;2;1;18;0
202000040995;154 670 314;0;0;1;0;0;0
202000040996;154 670 310;7;8;0;3;1;1
202000040997;154 670 307;7;0;1;2;1;1
202000040998;154 670 299;33;0;2;2;3;1
202000040998;154 670 301;7;0;2;3;9;1
202000040998;154 670 305;7;0;2;4;1;1
202000040999;154 670 298;7;0;2;1;2;0
202000040999;154 670 300;7;0;2;4;23;0
202000040999;154 670 304;7;0;2;4;23;0
202000041000;154 670 302;33;0;2;1;3;1
202000041000;154 670 308;7;0;2;4;0;1
202000041000;154 670 309;7;0;2;2;1;0
202000041001;154 670 297;7;0;2;3;0;0
202000041001;154 670 303;30;0;2;1;17;0
202000041002;154 670 295;7;0;1;3;26;1
202000041003;154 670 296;7;0;1;4;20;0
202000041004;154 670 293;1;1;2;4;1;5
202000041004;154 670 294;7;1;2;2;1;1
202000041005;154 670 291;10;2;0;5;1;1
202000041006;154 670 290;7;0;2;3;15;1
202000041006;154 670 292;1;0;2;1;1;6
202000041007;154 670 288;50;0;2;2;1;3
202000041007;154 670 289;7;0;2;3;10;1
202000041008;154 670 286;7;13;0;3;1;1
202000041009;154 670 282;32;0;9;0;21;0
202000041010;154 670 283;7;0;2;2;15;1
202000041010;154 670 285;33;0;2;2;1;1
202000041011;154 670 284;33;0;2;8;18;1
202000041011;154 670 287;7;0;2;2;16;0
202000041012;154 670 278;7;0;2;4;23;0
202000041012;154 670 280;2;0;2;1;12;0
202000041013;154 670 276;2;0;2;1;1;1
202000041013;154 670 281;7;0;2;3;23;1
202000041014;154 670 274;7;0;2;2;1;1
202000041014;154 670 277;7;0;2;3;9;1
202000041015;154 670 275;32;0;2;1;21;0
202000041015;154 670 279;7;0;2;6;9;1
202000041016;154 670 273;60;0;0;0;1;5
202000041017;154 670 269;1;0;2;0;1;5
202000041017;154 670 271;7;0;2;0;0;0
202000041018;154 670 270;30;0;0;0;1;1
202000041019;154 670 272;7;0;1;1;9;1
202000041020;154 670 264;7;0;2;1;1;1
202000041020;154 670 268;7;0;2;7;1;1
202000041021;154 670 263;10;0;2;2;12;1
202000041021;154 670 266;7;0;2;3;9;1
202000041022;154 670 267;7;0;1;2;9;1
202000041023;154 670 265;7;2;0;0;0;1
202000041024;154 670 259;7;0;2;8;2;1
202000041024;154 670 262;7;0;2;2;12;1
202000041025;154 670 261;7;0;1;3;15;1
202000041026;154 670 256;1;0;2;7;17;5
202000041026;154 670 258;7;0;2;8;22;1
202000041027;154 670 251;7;0;0;4;15;1
202000041027;154 670 254;7;0;2;1;2;1
202000041028;154 670 252;7;0;2;8;15;1
202000041028;154 670 253;31;0;2;1;17;1
202000041029;154 670 250;7;0;2;3;2;1
202000041029;154 670 255;7;0;2;2;15;1
202000041030;154 670 249;50;15;0;1;25;3
202000041031;154 670 245;7;0;2;1;1;1
202000041031;154 670 248;7;0;2;2;15;1
202000041032;154 670 244;7;0;1;2;1;1
202000041033;154 670 239;7;0;2;6;1;1
202000041033;154 670 240;7;0;2;1;1;1
202000041034;154 670 238;7;8;0;1;14;1
202000041035;154 670 243;7;0;1;1;1;0
202000041036;154 670 242;30;14;0;7;1;1
202000041037;154 670 241;7;0;0;9;1;1
202000041038;154 670 235;30;0;2;7;17;1
202000041038;154 670 237;7;0;2;3;15;1
202000041039;154 670 236;20;0;1;1;26;0
202000041040;154 670 232;34;0;1;1;19;1
202000041041;154 670 231;7;0;1;1;15;0
202000041042;154 670 230;33;0;6;7;1;1
202000041043;154 670 228;7;0;2;4;1;1
202000041043;154 670 229;30;0;2;1;2;3
202000041044;154 670 227;10;0;1;2;1;1
202000041045;154 670 225;7;0;2;2;2;0
202000041045;154 670 226;33;0;9;4;2;0
202000041046;154 670 234;7;0;1;1;1;1
202000041047;154 670 218;7;0;2;2;1;1
202000041047;154 670 219;31;0;2;3;10;1
202000041048;154 670 220;7;0;2;3;1;1
202000041048;154 670 221;7;0;2;1;13;1
202000041049;154 670 222;33;0;2;1;1;1
202000041049;154 670 224;7;7;2;7;15;1
202000041050;154 670 223;34;1;1;1;17;1
202000041051;154 670 217;14;0;1;5;1;1
202000041052;154 670 215;7;16;0;9;1;1
202000041053;154 670 214;7;0;1;1;1;1
202000041054;154 670 212;10;0;1;2;2;1
202000041055;154 670 211;7;6;0;2;26;1
202000041056;154 670 210;7;3;0;1;1;1
202000041057;154 670 213;7;9;0;1;1;1
202000041057;154 670 216;7;0;2;2;1;1
202000041058;154 670 209;7;0;1;1;0;0
202000041059;154 670 206;7;0;2;3;1;0
202000041059;154 670 207;7;0;2;1;1;0
202000041060;154 670 203;7;13;0;1;1;1
202000041061;154 670 204;7;0;2;2;0;1
202000041061;154 670 205;7;0;2;1;0;1
202000041062;154 670 202;7;4;0;9;1;1
202000041063;154 670 199;7;0;0;2;1;1
202000041064;154 670 198;7;3;0;8;1;1
202000041065;154 670 200;7;0;1;2;1;1
202000041066;154 670 201;3;0;2;5;15;1
202000041066;154 670 208;2;0;2;1;1;1
202000041067;154 670 194;7;0;2;1;9;1
202000041067;154 670 195;7;0;2;3;16;1
202000041068;154 670 191;7;0;2;1;1;0
202000041068;154 670 192;7;0;0;8;26;1
202000041068;154 670 193;7;1;0;8;26;1
202000041069;154 670 188;7;0;2;5;19;0
202000041069;154 670 189;7;0;2;1;26;0
202000041070;154 670 185;10;0;2;3;2;1
202000041070;154 670 186;1;0;2;7;2;5
202000041071;154 670 183;33;0;2;1;1;1
202000041071;154 670 184;7;0;0;7;15;1
202000041072;154 670 196;7;0;2;3;13;1
202000041072;154 670 197;7;0;2;3;1;1
202000041073;154 670 187;7;0;2;0;9;0
202000041073;154 670 190;2;0;2;4;1;1
202000041074;154 670 182;7;13;0;1;13;1
202000041075;154 670 177;31;0;2;1;1;1
202000041075;154 670 179;7;0;2;8;10;1
202000041076;154 670 176;7;0;0;3;15;1
202000041076;154 670 178;7;13;2;2;1;1
202000041077;154 670 180;3;0;2;3;1;1
202000041077;154 670 181;1;0;1;7;19;5
202000041078;154 670 174;7;0;2;4;2;1
202000041078;154 670 175;7;0;2;1;1;1
202000041079;154 670 172;7;0;2;3;1;1
202000041079;154 670 173;7;0;2;1;1;1
202000041080;154 670 170;7;0;2;1;0;1
202000041080;154 670 171;7;0;2;1;0;1
202000041081;154 670 166;34;0;2;1;2;1
202000041081;154 670 168;7;0;9;8;15;1
202000041082;154 670 162;7;0;0;6;2;1
202000041082;154 670 163;7;0;2;4;2;1
202000041082;154 670 165;7;0;2;1;1;1
202000041083;154 670 161;31;0;2;7;9;1
202000041083;154 670 164;10;0;2;1;1;1
202000041084;154 670 160;7;2;0;1;1;1
202000041085;154 670 157;7;6;1;6;26;1
202000041086;154 670 155;7;0;2;1;1;1
202000041086;154 670 156;7;0;2;1;13;1
202000041087;154 670 167;1;;;;;5
202000041087;154 670 169;10;0;9;3;19;1
202000041088;154 670 158;2;0;2;8;1;1
202000041088;154 670 159;7;0;2;2;15;1
202000041089;154 670 150;7;0;2;2;2;0
202000041089;154 670 153;7;0;2;6;2;0
202000041090;154 670 149;33;0;2;1;1;1
202000041090;154 670 151;7;0;2;3;15;1
202000041091;154 670 147;2;8;0;0;1;1
202000041092;154 670 146;7;2;0;1;1;1
202000041093;154 670 144;7;0;0;7;9;1
202000041093;154 670 145;34;0;2;1;1;1
202000041094;154 670 152;7;8;2;1;19;1
202000041094;154 670 154;7;8;0;2;1;1
202000041095;154 670 148;7;1;0;1;14;1
202000041096;154 670 142;7;0;2;7;17;1
202000041096;154 670 143;33;7;0;8;1;1
202000041097;154 670 140;7;0;2;8;21;1
202000041097;154 670 141;7;0;2;8;19;1
202000041098;154 670 136;7;0;1;6;2;1
202000041099;154 670 137;10;0;1;1;1;1
202000041100;154 670 135;7;0;9;2;1;0
202000041100;154 670 138;7;0;2;3;1;0
202000041100;154 670 139;7;0;2;3;13;0
202000041101;154 670 133;7;0;2;1;1;1
202000041101;154 670 134;7;0;2;4;1;1
202000041102;154 670 131;7;0;2;1;15;1
202000041102;154 670 132;10;0;2;3;16;1
202000041103;154 670 124;7;0;2;1;13;1
202000041103;154 670 125;7;0;2;1;1;1
202000041104;154 670 122;10;0;2;2;15;1
202000041104;154 670 123;10;0;2;1;1;1
202000041105;154 670 121;7;0;1;1;1;1
202000041106;154 670 120;1;0;0;0;15;5
202000041107;154 670 118;7;0;2;3;15;1
202000041107;154 670 119;7;0;2;2;1;1
202000041108;154 670 114;7;0;0;6;19;1
202000041108;154 670 115;33;0;2;3;1;1
202000041109;154 670 113;7;0;1;1;1;1
202000041110;154 670 127;7;0;2;3;1;1
202000041110;154 670 129;60;0;2;8;19;5
202000041111;154 670 111;7;0;2;1;1;1
202000041111;154 670 112;7;0;2;3;15;1
202000041112;154 670 110;33;12;0;2;1;1
202000041113;154 670 109;7;13;0;1;1;1
202000041114;154 670 108;7;0;1;7;14;0
202000041115;154 670 107;7;8;0;9;26;0
202000041116;154 670 106;1;0;0;0;1;5
202000041117;154 670 104;33;0;2;1;1;1
202000041117;154 670 105;7;0;2;3;15;1
202000041118;154 670 101;10;0;9;5;15;1
202000041118;154 670 103;31;0;2;1;2;1
202000041119;154 670 099;7;0;2;3;1;1
202000041119;154 670 102;7;0;2;6;13;1
202000041120;154 670 098;7;0;1;1;1;1