Num_Acc;id_vehicule;categorie_vehicule;obstacle_fixe;obstacle_mobile;point_choc_initial;manoeuvre_principale;motorisation
202000041819;154 668 846;32;0;2;1;1;1
202000041820;154 668 843;10;0;2;7;15;1
202000041820;154 668 844;36;0;2;1;1;1
202000041821;154 668 842;1;0;1;1;1;5
202000041822;154 668 840;33;0;2;1;1;1
202000041822;154 668 841;7;0;2;1;19;1
202000041823;154 668 838;7;0;2;1;15;1
202000041823;154 668 839;30;0;0;8;1;0
202000041824;154 668 836;10;0;2;2;16;1
202000041824;154 668 837;34;0;2;3;18;1
202000041825;154 668 834;10;0;2;2;9;1
202000041825;154 668 835;30;0;2;1;2;1
202000041826;154 668 832;10;0;2;1;2;1
202000041826;154 668 833;7;0;9;4;23;1
202000041827;154 668 830;7;0;2;0;1;0
202000041827;154 668 831;32;0;2;1;18;1
202000041828;154 668 828;7;0;2;3;13;1
202000041828;154 668 829;7;0;2;3;1;1
202000041829;154 668 826;7;0;1;3;26;1
202000041830;154 668 825;7;4;0;3;14;1
202000041831;154 668 822;7;0;2;1;15;1
202000041831;154 668 823;7;0;2;1;1;1
202000041832;154 668 820;1;0;2;1;13;5
202000041832;154 668 821;7;0;2;1;1;1
202000041833;154 668 818;7;0;2;3;1;1
202000041833;154 668 819;7;0;2;2;11;1
202000041834;154 668 817;7;8;0;1;13;1
202000041835;154 668 814;7;0;2;1;1;6
202000041835;154 668 815;10;0;2;1;5;6
202000041836;154 668 813;7;11;0;0;0;1
202000041837;154 668 811;10;0;2;3;1;1
202000041837;154 668 812;7;0;2;3;13;1
202000041838;154 668 809;7;0;2;3;13;1
202000041838;154 668 810;7;0;2;3;1;1
202000041839;154 668 807;7;0;2;3;1;1
202000041839;154 668 808;10;0;2;1;13;1
202000041840;154 668 805;7;0;2;2;20;1
202000041840;154 668 806;2;0;2;1;1;1
202000041841;154 668 804;7;1;0;1;1;1
202000041842;154 668 803;2;12;0;7;1;1
202000041843;154 668 802;7;2;0;1;1;1
202000041844;154 668 801;7;17;0;6;0;1
202000041845;154 668 800;36;6;0;1;1;1
202000041846;154 668 798;2;0;2;1;0;1
202000041846;154 668 799;2;0;2;1;0;1
202000041847;154 668 797;7;8;0;1;1;1
202000041848;154 668 795;7;0;2;1;1;1
202000041848;154 668 796;7;0;2;8;1;1
202000041849;154 668 794;2;0;0;8;1;1
202000041850;154 668 793;7;2;0;3;1;1
202000041851;154 668 792;7;13;0;2;1;1
202000041852;154 668 790;7;0;2;1;15;1
202000041852;154 668 791;1;0;2;8;1;5
202000041853;154 668 789;7;1;1;1;13;1
202000041854;154 668 787;7;0;2;1;1;0
202000041854;154 668 788;33;0;2;1;17;0
202000041855;154 668 786;33;0;0;3;1;1
202000041856;154 668 784;10;0;2;3;15;1
202000041856;154 668 785;7;0;2;3;1;1
202000041857;154 668 782;7;9;2;7;19;0
202000041857;154 668 783;7;9;2;1;26;0
202000041858;154 668 781;7;2;0;2;1;1
202000041859;154 668 780;7;0;0;0;1;1
202000041860;154 668 779;7;2;0;6;13;1
202000041861;154 668 777;7;0;2;2;2;0
202000041861;154 668 778;3;2;0;6;1;0
202000041862;154 668 775;33;0;9;3;1;1
202000041862;154 668 776;7;0;9;2;1;0
202000041863;154 668 773;7;0;2;1;17;0
202000041863;154 668 774;7;0;2;1;1;0
202000041864;154 668 772;32;14;0;1;13;1
202000041865;154 668 771;7;2;0;7;1;1
202000041866;154 668 768;7;0;0;4;14;1
202000041866;154 668 769;7;0;2;3;14;1
202000041866;154 668 770;7;1;0;1;17;1
202000041867;154 668 767;7;0;1;2;21;1
202000041868;154 668 765;7;0;9;1;9;1
202000041868;154 668 766;1;0;2;7;1;5
202000041869;154 668 763;7;8;2;6;1;0
202000041869;154 668 764;7;0;2;1;1;0
202000041870;154 668 761;7;0;2;3;1;1
202000041870;154 668 762;33;0;2;1;1;1
202000041871;154 668 759;7;0;2;2;19;1
202000041871;154 668 760;2;0;2;1;1;1
202000041872;154 668 757;1;0;2;0;5;5
202000041872;154 668 758;7;0;9;3;1;1
202000041873;154 668 756;7;13;0;9;1;1
202000041874;154 668 755;7;4;0;3;1;1
202000041875;154 668 753;7;0;2;1;2;1
202000041875;154 668 754;7;0;0;4;1;1
202000041876;154 668 751;7;0;2;1;2;1
202000041876;154 668 752;7;0;2;4;1;1
202000041877;154 668 748;7;0;0;4;1;1
202000041877;154 668 749;31;0;2;5;1;1
202000041877;154 668 750;7;0;2;8;11;1
202000041878;154 668 746;32;0;2;1;3;1
202000041878;154 668 747;7;0;2;5;1;1
202000041879;154 668 743;10;0;2;1;2;1
202000041879;154 668 744;7;0;2;4;2;1
202000041879;154 668 745;7;0;2;4;2;1
202000041880;154 668 739;7;0;2;4;2;1
202000041880;154 668 740;7;0;2;4;2;1
202000041880;154 668 741;7;0;2;1;2;1
202000041880;154 668 742;7;0;2;4;2;1
202000041881;154 668 738;7;0;0;9;1;1
202000041882;154 668 735;7;0;2;4;2;1
202000041882;154 668 736;10;0;2;1;2;1
202000041882;154 668 737;7;0;2;4;2;1
202000041883;154 668 732;7;0;2;5;1;1
202000041883;154 668 733;7;0;2;6;1;1
202000041883;154 668 734;10;0;2;2;14;1
202000041884;154 668 730;33;0;2;0;0;1
202000041884;154 668 731;7;0;2;0;11;0
202000041885;154 668 727;33;0;2;1;3;1
202000041885;154 668 728;7;0;2;6;11;1
202000041885;154 668 729;7;0;2;6;1;1
202000041886;154 668 723;1;0;2;1;1;5
202000041886;154 668 724;7;0;2;2;16;1
202000041887;154 668 722;30;9;0;1;26;1
202000041888;154 668 720;7;0;2;6;26;1
202000041888;154 668 721;7;0;2;1;1;1
202000041889;154 668 719;99;0;2;1;26;0
202000041890;154 668 717;7;0;2;1;1;1
202000041890;154 668 718;7;0;2;4;1;1
202000041891;154 668 715;7;0;2;2;15;1
202000041891;154 668 716;7;0;2;3;19;1
202000041892;154 668 713;7;0;2;7;1;1
202000041892;154 668 714;30;0;2;1;9;1
202000041893;154 668 712;7;0;1;4;20;1
202000041894;154 668 710;13;0;2;6;23;0
202000041894;154 668 711;7;1;0;1;1;0
202000041895;154 668 709;33;14;2;1;16;6
202000041896;154 668 707;7;0;2;1;5;1
202000041896;154 668 708;30;0;2;1;1;3
202000041897;154 668 706;7;0;1;2;1;1
202000041898;154 668 704;7;0;2;1;15;6
202000041898;154 668 705;7;0;2;3;1;1
202000041899;154 668 702;7;0;2;1;1;1
202000041899;154 668 703;7;0;2;1;15;1
202000041900;154 668 701;3;0;1;5;13;1
202000041901;154 668 700;10;0;1;0;0;1
202000041902;154 668 698;7;0;2;4;2;1
202000041902;154 668 699;30;0;2;1;2;1
202000041903;154 668 697;7;0;1;2;1;1
202000041904;154 668 695;7;0;2;1;2;1
202000041904;154 668 696;7;0;2;4;0;1
202000041905;154 668 694;7;0;1;3;17;0
202000041906;154 668 692;10;0;2;8;1;1
202000041906;154 668 693;7;0;2;2;1;1
202000041907;154 668 690;10;0;2;3;13;1
202000041907;154 668 691;10;0;2;3;13;1
202000041908;154 668 688;1;0;2;7;9;6
202000041908;154 668 689;7;0;2;3;9;1
202000041909;154 668 687;7;0;1;1;26;1
202000041910;154 668 685;7;0;2;1;1;1
202000041910;154 668 686;7;8;2;7;15;1
202000041911;154 668 683;99;0;0;0;0;0
202000041911;154 668 684;3;0;0;1;9;0
202000041912;154 668 681;7;0;2;1;26;1
202000041912;154 668 682;7;0;2;3;26;1
202000041913;154 668 677;10;0;2;1;1;1
202000041913;154 668 678;7;0;2;0;1;1
202000041913;154 668 679;7;0;2;0;1;1
202000041913;154 668 680;7;0;2;0;13;1
202000041914;154 668 676;7;0;1;2;1;1
202000041915;154 668 674;7;0;2;0;0;0
202000041915;154 668 675;7;0;2;0;0;0
202000041916;154 668 671;7;0;2;7;1;2
202000041916;154 668 672;7;0;2;1;1;1
202000041917;154 668 667;17;0;2;2;15;1
202000041917;154 668 668;2;0;2;1;1;1
202000041918;154 668 665;80;0;2;3;0;3
202000041918;154 668 666;7;0;2;3;1;1
202000041919;154 668 662;7;0;2;4;0;1
202000041919;154 668 663;7;0;2;0;0;1
202000041919;154 668 664;7;0;2;1;0;1
202000041920;154 668 661;7;0;1;1;1;0
202000041921;154 668 659;7;0;2;1;1;1
202000041921;154 668 660;7;0;2;1;5;1
202000041922;154 668 657;99;0;2;7;1;1
202000041922;154 668 658;10;0;2;8;9;1
202000041923;154 668 655;7;0;2;4;1;1
202000041923;154 668 656;30;0;2;1;1;1
202000041924;154 668 653;10;0;2;1;16;1
202000041924;154 668 654;50;0;2;1;1;3
202000041925;154 668 651;7;0;2;4;1;1
202000041925;154 668 652;7;0;2;1;1;1
202000041926;154 668 649;7;0;2;3;15;1
202000041926;154 668 650;33;0;2;8;1;1
202000041927;154 668 647;33;0;2;1;21;1
202000041927;154 668 648;7;0;2;2;15;1
202000041928;154 668 646;7;1;0;0;14;1
202000041929;154 668 643;7;0;2;4;1;1
202000041929;154 668 644;7;0;2;4;1;0
202000041929;154 668 645;21;0;2;1;1;1
202000041930;154 668 642;7;0;1;1;1;1
202000041931;154 668 641;7;0;1;3;15;1
202000041932;154 668 639;7;0;2;3;1;0
202000041932;154 668 640;7;0;2;8;1;0
202000041933;154 668 637;7;0;2;7;9;1
202000041933;154 668 638;7;0;2;1;9;1
202000041934;154 668 636;7;6;0;1;1;1
202000041935;154 668 634;7;0;2;7;23;1
202000041935;154 668 635;7;12;0;3;15;1
202000041936;154 668 632;7;0;1;1;15;1
202000041937;154 668 631;7;2;0;1;14;1
202000041938;154 668 630;60;0;1;1;21;5
202000041939;154 668 628;7;0;2;1;1;1
202000041939;154 668 629;7;0;2;1;15;1
202000041940;154 668 626;30;0;2;1;1;3
202000041940;154 668 627;7;0;2;3;15;1
202000041941;154 668 624;1;0;2;6;2;5
202000041941;154 668 625;7;0;2;2;2;1
202000041942;154 668 623;10;0;1;3;15;1
202000041943;154 668 621;7;0;2;1;1;1
202000041943;154 668 622;7;0;0;4;1;1
202000041944;154 668 619;7;0;2;4;12;1
202000041944;154 668 620;7;0;2;1;11;1
202000041945;154 668 618;10;9;0;1;26;1
202000041946;154 668 616;7;0;2;4;2;1
202000041946;154 668 617;7;14;2;1;21;1
202000041947;154 668 614;7;12;2;4;13;1
202000041947;154 668 615;7;0;2;1;1;1
202000041948;154 668 612;10;0;4;8;26;1
202000041948;154 668 613;40;0;2;1;1;3
202000041949;154 668 611;7;0;1;1;1;1
202000041950;154 668 608;7;0;2;1;1;1
202000041950;154 668 609;7;0;2;1;1;1
202000041950;154 668 610;7;0;2;1;13;1
202000041951;154 668 607;7;12;0;1;15;1
202000041952;154 668 605;10;0;2;3;1;1
202000041952;154 668 606;7;0;2;2;15;1
202000041953;154 668 604;7;1;0;0;1;1
202000041954;154 668 602;7;0;2;1;1;1
202000041954;154 668 603;7;0;2;8;16;1
202000041955;154 668 601;33;8;0;1;1;1
202000041956;154 668 600;3;12;0;2;16;1
202000041957;154 668 597;7;0;2;1;0;0
202000041957;154 668 598;7;0;2;3;1;1
202000041957;154 668 599;7;0;2;4;1;1
202000041958;154 668 596;7;0;1;2;1;1
202000041959;154 668 594;7;0;2;2;15;1
202000041959;154 668 595;2;0;2;8;1;1
202000041960;154 668 592;7;0;2;2;15;1
202000041960;154 668 593;7;0;2;1;1;0
202000041961;154 668 591;7;0;0;2;26;1
202000041962;154 668 588;7;0;2;1;1;1
202000041962;154 668 589;7;0;2;3;1;1
202000041962;154 668 590;7;0;2;3;13;1
202000041963;154 668 586;7;0;2;2;1;1
202000041963;154 668 587;7;0;2;4;20;1
202000041964;154 668 585;7;0;1;1;1;1
202000041965;154 668 584;7;0;1;1;26;1
202000041966;154 668 582;7;0;2;4;1;1
202000041966;154 668 583;7;0;2;1;1;1
202000041967;154 668 581;7;2;0;9;26;1
202000041968;154 668 579;7;0;2;1;5;0
202000041968;154 668 580;30;0;2;1;1;1
202000041969;154 668 577;30;0;2;1;1;0
202000041969;154 668 578;7;0;2;2;15;0
202000041970;154 668 575;7;0;2;4;1;1
202000041970;154 668 576;7;0;2;1;1;1
202000041971;154 668 573;7;0;2;8;11;1
202000041971;154 668 574;2;0;2;7;1;1
202000041972;154 668 572;34;0;0;0;1;1
202000041973;154 668 570;7;0;2;3;13;1
202000041973;154 668 571;7;0;2;3;1;1
202000041974;154 668 568;2;0;2;1;5;1
202000041974;154 668 569;7;0;2;2;1;1
202000041975;154 668 566;7;0;2;0;9;0
202000041975;154 668 567;34;0;2;7;12;1
202000041976;154 668 565;1;1;0;7;1;5
202000041977;154 668 563;7;0;2;7;16;1
202000041977;154 668 564;30;0;2;1;1;1
202000041978;154 668 562;7;0;1;2;20;1
202000041979;154 668 560;7;0;2;6;0;1
202000041979;154 668 561;7;14;2;2;2;1
202000041980;154 668 556;7;0;2;4;1;1
202000041980;154 668 557;7;0;2;4;1;4
202000041980;154 668 558;7;0;2;1;1;1
202000041980;154 668 559;7;0;2;4;1;4
202000041981;154 668 554;3;0;2;1;9;1
202000041981;154 668 555;33;0;2;7;1;1
202000041982;154 668 552;10;0;2;1;1;1
202000041982;154 668 553;7;0;2;4;1;1
202000041983;154 668 551;7;0;1;4;4;0
202000041984;154 668 549;33;0;2;1;17;1
202000041984;154 668 550;7;0;2;6;15;1
202000041985;154 668 546;10;0;2;1;1;0
202000041985;154 668 547;10;0;2;4;1;0
202000041985;154 668 548;10;0;2;4;1;0
202000041986;154 668 543;10;0;2;1;2;1
202000041986;154 668 544;7;0;2;1;1;1
202000041986;154 668 545;50;0;2;8;5;3
202000041987;154 668 541;30;0;2;4;1;0
202000041987;154 668 542;7;0;0;1;0;0
202000041988;154 668 538;7;0;2;3;1;0
202000041988;154 668 539;34;0;2;1;17;0
202000041988;154 668 540;7;0;2;3;1;0
202000041989;154 668 537;7;0;1;2;13;0
202000041990;154 668 534;7;0;0;0;0;1
202000041990;154 668 535;7;0;2;1;1;1
202000041990;154 668 536;7;0;2;7;1;1
202000041991;154 668 532;7;1;2;3;1;1
202000041991;154 668 533;7;0;2;2;1;1
202000041992;154 668 530;10;0;2;1;13;1
202000041992;154 668 531;15;0;2;1;21;1
202000041993;154 668 528;33;0;2;8;18;1
202000041993;154 668 529;7;0;2;7;22;1
202000041994;154 668 527;7;2;0;1;13;1
202000041995;154 668 525;7;0;2;3;9;1
202000041995;154 668 526;1;0;2;0;1;5
202000041996;154 668 524;7;0;1;1;1;1
202000041997;154 668 522;34;8;2;7;11;1
202000041997;154 668 523;33;0;2;8;1;1
202000041998;154 668 520;32;0;2;2;5;1
202000041998;154 668 521;7;0;2;3;13;1
202000041999;154 668 518;7;0;2;3;10;0
202000041999;154 668 519;32;0;2;6;17;1
202000042000;154 668 517;60;0;1;1;8;5
202000042001;154 668 515;7;0;2;2;15;1
202000042001;154 668 516;2;0;2;1;1;1
202000042002;154 668 513;1;0;2;7;1;5
202000042002;154 668 514;7;0;2;3;1;2
202000042003;154 668 512;1;8;0;1;25;5
202000042004;154 668 510;33;0;2;8;1;1
202000042004;154 668 511;7;0;2;3;16;1
202000042005;154 668 508;7;0;2;2;15;1
202000042005;154 668 509;7;0;2;3;0;1
202000042006;154 668 506;7;0;2;2;15;0
202000042006;154 668 507;7;0;2;3;1;1
202000042007;154 668 505;7;3;0;1;1;1
202000042008;154 668 503;7;0;2;3;23;0
202000042008;154 668 504;7;0;2;1;16;0
202000042009;154 668 502;7;0;1;1;1;1
202000042010;154 668 499;7;0;2;1;9;1
202000042010;154 668 500;33;0;2;4;2;1
202000042010;154 668 501;7;0;2;7;2;1
202000042011;154 668 498;7;0;1;4;20;0
202000042012;154 668 496;7;0;2;1;11;0
202000042012;154 668 497;33;0;2;1;1;0
202000042013;154 668 494;31;0;2;7;1;0
202000042013;154 668 495;7;0;2;5;15;0
202000042014;154 668 493;30;0;0;0;26;1
202000042015;154 668 491;32;0;2;5;10;1
202000042015;154 668 492;43;0;2;1;1;1
202000042016;154 668 489;50;0;2;1;1;3
202000042016;154 668 490;1;0;2;7;15;5
202000042017;154 668 487;10;0;2;3;15;6
202000042017;154 668 488;33;0;2;3;1;0
202000042018;154 668 484;7;0;2;0;15;1
202000042018;154 668 485;42;0;2;7;14;1
202000042018;154 668 486;7;0;2;3;2;1
202000042019;154 668 482;20;0;2;0;0;1
202000042019;154 668 483;32;0;2;0;0;0
202000042020;154 668 480;7;1;0;0;26;1
202000042020;154 668 481;7;0;2;6;24;1
202000042021;154 668 478;32;0;2;7;7;1
202000042021;154 668 479;7;0;2;3;15;1
202000042022;154 668 477;7;13;0;1;0;1
202000042023;154 668 476;7;15;0;2;1;1
202000042024;154 668 473;7;0;2;1;1;1
202000042024;154 668 474;7;0;2;1;15;1
202000042024;154 668 475;7;0;2;3;1;1
202000042025;154 668 471;7;8;0;0;1;1
202000042026;154 668 470;7;0;1;2;1;1
202000042027;154 668 467;33;0;2;1;1;1
202000042027;154 668 468;7;0;2;3;19;1
202000042028;154 668 465;7;13;2;3;13;1
202000042028;154 668 466;7;0;0;6;1;2
202000042029;154 668 463;33;0;2;8;1;1
202000042029;154 668 464;7;0;2;1;15;1
202000042030;154 668 461;7;0;0;2;0;1
202000042030;154 668 462;1;0;0;4;1;5
202000042031;154 668 460;7;1;1;7;0;1
202000042032;154 668 458;7;0;2;7;1;1
202000042032;154 668 459;10;0;2;1;1;1
202000042033;154 668 456;7;0;2;1;1;0
202000042033;154 668 457;7;0;2;1;1;0
202000042034;154 668 454;2;0;2;7;1;1
202000042034;154 668 455;7;0;2;1;1;1
202000042035;154 668 452;1;0;2;7;17;5
202000042035;154 668 453;7;0;9;1;9;1
202000042036;154 668 450;7;0;2;3;1;1
202000042036;154 668 451;1;0;2;3;16;5
202000042037;154 668 446;7;0;2;3;15;1
202000042037;154 668 447;1;0;2;8;1;5
202000042038;154 668 445;99;0;0;0;1;1
202000042039;154 668 443;7;0;2;3;1;1
202000042039;154 668 444;7;0;2;3;1;1
202000042040;154 668 441;10;0;2;3;1;1
202000042040;154 668 442;7;0;2;3;1;1
202000042041;154 668 440;7;2;0;1;1;1
202000042042;154 668 438;7;0;0;2;2;1
202000042042;154 668 439;1;0;0;4;2;5
202000042043;154 668 437;2;0;0;8;15;1
202000042044;154 668 436;33;0;0;0;1;1
202000042045;154 668 434;7;8;0;3;1;1
202000042045;154 668 435;7;3;0;2;13;1
202000042046;154 668 433;7;13;9;1;1;1
202000042047;154 668 432;7;2;0;0;13;1
202000042048;154 668 431;21;0;0;0;26;1
202000042049;154 668 429;32;0;2;6;2;1
202000042049;154 668 430;7;0;2;2;2;0
202000042050;154 668 427;10;0;2;1;1;1
202000042050;154 668 428;10;0;2;3;1;1
202000042051;154 668 425;7;0;0;4;1;1
202000042051;154 668 426;7;0;2;1;1;1
202000042052;154 668 423;7;0;2;3;1;0
202000042052;154 668 424;33;0;2;1;1;1
202000042053;154 668 420;7;2;0;0;13;1
202000042054;154 668 419;2;6;0;2;16;6
202000042055;154 668 416;7;0;2;2;2;1
202000042055;154 668 417;1;0;2;4;1;5
202000042055;154 668 418;1;0;2;4;2;5
202000042056;154 668 415;7;0;0;0;1;1
202000042057;154 668 413;7;0;2;1;1;1
202000042057;154 668 414;7;0;2;6;19;1
202000042058;154 668 411;7;0;2;8;19;1
202000042058;154 668 412;7;0;2;1;1;1
202000042059;154 668 410;7;2;0;2;1;1
202000042060;154 668 409;7;8;0;8;1;1
202000042061;154 668 408;1;2;0;3;1;5
202000042062;154 668 406;1;0;2;3;1;5
202000042062;154 668 407;7;0;9;3;1;1
202000042063;154 668 404;2;0;9;1;2;1
202000042063;154 668 405;1;0;2;4;2;5
202000042064;154 668 403;7;13;0;1;1;1
202000042065;154 668 402;7;4;1;2;1;1
202000042066;154 668 400;80;0;2;3;1;3
202000042066;154 668 401;7;0;0;7;16;1
202000042067;154 668 396;7;2;2;3;13;1
202000042067;154 668 397;15;0;2;6;1;1
202000042067;154 668 398;1;0;2;8;1;5
202000042067;154 668 399;1;0;2;0;1;5
202000042068;154 668 395;2;0;0;0;2;1
202000042069;154 668 393;7;0;2;1;0;1
202000042069;154 668 394;7;0;2;1;0;1
202000042070;154 668 392;7;0;1;2;14;1
202000042071;154 668 391;7;8;0;1;1;1
202000042072;154 668 389;7;0;2;3;21;1
202000042072;154 668 390;33;0;2;1;13;1
202000042073;154 668 388;7;13;0;2;14;1
202000042074;154 668 386;7;0;2;2;5;0
202000042074;154 668 387;7;0;2;2;1;0
202000042075;154 668 384;7;0;2;1;1;1
202000042075;154 668 385;7;0;2;1;13;1
202000042076;154 668 383;36;13;0;0;1;1
202000042077;154 668 381;31;0;2;1;1;1
202000042077;154 668 382;7;0;2;2;13;1
202000042078;154 668 380;7;6;0;1;13;1
202000042079;154 668 378;1;0;2;8;1;5
202000042079;154 668 379;7;0;9;1;15;1
202000042080;154 668 377;7;6;0;8;0;6
202000042081;154 668 375;7;0;2;3;1;1
202000042081;154 668 376;7;16;2;3;1;1
202000042082;154 668 373;7;0;2;3;14;1
202000042082;154 668 374;7;0;2;3;13;1
202000042083;154 668 371;7;4;2;1;1;0
202000042083;154 668 372;7;0;2;3;13;0
202000042084;154 668 369;7;0;2;2;1;1
202000042084;154 668 370;7;0;2;1;1;1
202000042085;154 668 367;7;0;2;3;15;0
202000042085;154 668 368;2;0;2;0;1;0
202000042086;154 668 365;13;0;2;1;13;1
202000042086;154 668 366;15;0;2;1;1;1
202000042087;154 668 363;7;6;2;3;1;1
202000042087;154 668 364;7;0;2;3;13;1
202000042088;154 668 361;7;0;2;7;17;1
202000042088;154 668 362;1;0;2;8;1;5
202000042089;154 668 360;7;0;1;1;1;1
202000042090;154 668 358;7;4;0;3;26;1
202000042091;154 668 355;7;0;2;4;2;1
202000042091;154 668 356;7;0;2;1;1;1
202000042091;154 668 357;7;0;2;4;2;1
202000042092;154 668 353;7;0;2;1;1;1
202000042092;154 668 354;10;0;2;0;2;1
202000042093;154 668 351;7;0;2;4;4;1
202000042093;154 668 352;17;0;2;1;1;1
202000042094;154 668 348;7;4;0;4;0;1
202000042094;154 668 349;7;1;2;2;12;0
202000042094;154 668 350;33;4;0;1;3;1
202000042095;154 668 346;7;3;2;2;2;1
202000042095;154 668 347;7;0;2;3;1;1
202000042096;154 668 343;7;0;2;1;2;1
202000042096;154 668 344;7;3;2;4;2;1
202000042096;154 668 345;7;4;2;5;2;3
202000042097;154 668 341;7;0;2;4;2;1
202000042097;154 668 342;10;0;2;1;2;1
202000042098;154 668 339;14;1;0;1;14;1
202000042098;154 668 340;7;0;2;4;23;1
202000042099;154 668 336;7;0;2;1;13;1
202000042099;154 668 337;7;4;0;1;21;1
202000042099;154 668 338;7;0;2;1;1;1
202000042100;154 668 334;7;0;2;4;1;1
202000042100;154 668 335;7;0;2;1;1;1
202000042101;154 668 329;7;0;2;1;1;1
202000042101;154 668 330;7;0;2;4;1;1
202000042101;154 668 331;7;0;2;5;1;1
202000042101;154 668 332;7;0;2;3;21;1
202000042101;154 668 333;7;0;2;4;1;1
202000042102;154 668 328;7;0;2;9;11;1
202000042103;154 668 327;1;0;1;8;1;6
202000042104;154 668 325;13;0;2;2;12;1
202000042104;154 668 326;7;0;2;3;1;1
202000042105;154 668 324;80;14;0;1;1;3
202000042106;154 668 323;7;0;1;2;0;0
202000042107;154 668 321;40;0;2;1;1;3
202000042107;154 668 322;1;0;4;1;1;5
202000042108;154 668 319;7;0;2;5;23;1
202000042108;154 668 320;33;14;2;1;14;1
202000042109;154 668 318;7;4;0;3;13;1
202000042110;154 668 316;34;0;2;3;1;1
202000042110;154 668 317;7;0;2;3;15;1
202000042111;154 668 313;7;0;2;2;1;1
202000042111;154 668 314;7;0;2;7;1;1
202000042111;154 668 315;7;0;2;3;15;1
202000042112;154 668 312;1;0;1;1;26;5
202000042113;154 668 310;33;0;2;1;1;1
202000042113;154 668 311;7;0;2;8;10;1
202000042114;154 668 308;7;1;1;3;16;1
202000042114;154 668 309;0;1;2;3;16;0
202000042115;154 668 306;10;0;2;3;13;1
202000042115;154 668 307;10;0;2;3;1;1
202000042116;154 668 304;2;0;2;7;1;1
202000042116;154 668 305;7;0;2;1;9;1
202000042117;154 668 302;7;0;2;3;15;1
202000042117;154 668 303;7;0;2;7;1;1
202000042118;154 668 300;7;0;2;4;2;1
202000042118;154 668 301;3;0;2;1;2;1
202000042119;154 668 298;1;0;2;1;5;5
202000042119;154 668 299;7;0;2;2;0;1
202000042120;154 668 296;1;0;2;1;1;5
202000042120;154 668 297;7;0;2;1;15;1
202000042121;154 668 294;33;0;2;1;1;1
202000042121;154 668 295;7;0;0;0;0;1
202000042122;154 668 293;7;0;1;0;1;0
202000042123;154 668 291;7;0;2;2;9;0
202000042123;154 668 292;7;0;2;3;2;0
202000042124;154 668 289;1;0;2;2;0;0
202000042124;154 668 290;13;0;2;7;26;1
202000042125;154 668 288;7;1;0;3;13;1
202000042126;154 668 286;1;0;2;1;1;5
202000042126;154 668 287;7;0;2;1;1;1
202000042127;154 668 284;7;0;9;7;1;1
202000042127;154 668 285;1;0;2;1;1;5
202000042128;154 668 282;7;0;2;2;26;1
202000042128;154 668 283;7;0;2;8;1;1
202000042129;154 668 280;7;0;2;1;1;1
202000042129;154 668 281;7;0;2;7;1;1
202000042130;154 668 278;1;0;2;8;1;5
202000042130;154 668 279;7;0;2;3;13;1
202000042131;154 668 276;7;1;2;8;24;1
202000042131;154 668 277;1;1;0;1;24;5
202000042132;154 668 275;33;0;0;8;1;1
202000042133;154 668 274;1;0;1;1;5;5
202000042134;154 668 272;7;0;2;3;10;1
202000042134;154 668 273;32;0;0;0;0;1
202000042135;154 668 270;1;0;0;0;0;5
202000042135;154 668 271;7;0;1;2;26;1
202000042136;154 668 268;7;9;0;2;19;1
202000042136;154 668 269;33;0;2;1;1;0
202000042137;154 668 266;30;0;2;7;19;1
202000042137;154 668 267;7;0;2;1;1;1
202000042138;154 668 264;1;0;2;1;1;5
202000042138;154 668 265;7;0;2;2;1;1
202000042139;154 668 262;7;9;2;3;5;1
202000042139;154 668 263;7;0;2;8;1;1
202000042140;154 668 261;7;0;0;0;1;1
202000042141;154 668 259;7;0;2;3;15;1
202000042141;154 668 260;2;0;2;1;1;1
202000042142;154 668 257;7;0;2;2;15;1
202000042142;154 668 258;31;0;2;1;18;1
202000042143;154 668 256;50;0;0;0;0;3
202000042144;154 668 253;7;0;2;1;1;1
202000042144;154 668 254;7;0;0;4;16;1
202000042144;154 668 255;7;0;2;1;1;1
202000042145;154 668 251;7;0;9;2;1;1
202000042145;154 668 252;1;0;2;2;26;6
202000042146;154 668 250;7;0;1;1;26;0
202000042147;154 668 248;7;0;2;1;1;1
202000042147;154 668 249;10;0;2;1;1;1
202000042148;154 668 246;33;0;2;8;1;1
202000042148;154 668 247;7;0;2;2;16;1
202000042149;154 668 243;7;0;2;4;1;1
202000042149;154 668 244;7;0;2;1;1;1
202000042149;154 668 245;7;0;2;4;1;1
202000042150;154 668 241;7;0;2;1;1;1
202000042150;154 668 242;7;0;2;4;1;0
202000042151;154 668 239;14;0;2;5;1;1
202000042151;154 668 240;32;0;2;5;2;1
202000042152;154 668 237;31;0;2;1;23;1
202000042152;154 668 238;7;0;2;8;23;1
202000042153;154 668 235;30;0;2;1;21;1
202000042153;154 668 236;14;0;2;3;1;1
202000042154;154 668 233;33;0;2;1;17;1
202000042154;154 668 234;7;0;2;8;15;1
202000042155;154 668 231;31;0;2;1;1;1
202000042155;154 668 232;10;0;2;2;15;1
202000042156;154 668 229;7;0;2;3;13;1
202000042156;154 668 230;7;0;2;3;1;1
202000042157;154 668 226;7;0;2;1;2;1