Num_Acc;id_vehicule;categorie_vehicule;obstacle_fixe;obstacle_mobile;point_choc_initial;manoeuvre_principale;motorisation
202000043187;154 666 346;7;0;1;3;1;1
202000043188;154 666 345;7;16;0;0;2;1
202000043189;154 666 343;1;1;0;2;1;5
202000043189;154 666 344;7;0;2;8;22;1
202000043190;154 666 341;7;0;2;1;2;1
202000043190;154 666 342;33;0;2;4;2;1
202000043191;154 666 339;33;0;2;7;3;1
202000043191;154 666 340;15;0;2;8;1;1
202000043192;154 666 337;34;0;2;1;1;1
202000043192;154 666 338;1;0;2;7;10;5
202000043193;154 666 336;32;0;1;1;1;1
202000043194;154 666 334;7;0;2;8;22;1
202000043194;154 666 335;1;0;2;1;1;5
202000043195;154 666 332;7;0;2;5;23;1
202000043195;154 666 333;34;0;2;3;1;1
202000043196;154 666 330;7;0;2;1;1;1
202000043196;154 666 331;34;0;2;1;1;1
202000043197;154 666 328;7;0;2;8;9;1
202000043197;154 666 329;2;0;2;1;1;1
202000043198;154 666 326;10;0;2;2;16;1
202000043198;154 666 327;33;0;2;3;18;1
202000043199;154 666 324;1;0;2;0;13;5
202000043199;154 666 325;37;0;2;0;17;1
202000043200;154 666 322;34;0;2;1;1;1
202000043200;154 666 323;1;0;2;4;19;5
202000043201;154 666 321;1;12;0;7;14;5
202000043202;154 666 319;7;4;2;2;1;1
202000043202;154 666 320;7;4;2;3;1;1
202000043203;154 666 317;7;0;2;2;16;1
202000043203;154 666 318;33;0;2;3;1;1
202000043204;154 666 316;30;0;2;1;1;1
202000043205;154 666 314;60;0;2;1;19;5
202000043205;154 666 315;7;0;2;1;1;1
202000043206;154 666 312;7;0;2;5;16;1
202000043206;154 666 313;32;0;2;1;1;1
202000043207;154 666 310;7;0;2;1;1;0
202000043207;154 666 311;7;0;2;3;9;1
202000043208;154 666 308;34;0;2;7;1;1
202000043208;154 666 309;7;0;2;7;10;1
202000043209;154 666 305;7;12;0;1;0;1
202000043209;154 666 306;7;0;2;6;0;1
202000043209;154 666 307;7;0;2;1;13;0
202000043210;154 666 303;7;0;2;3;9;1
202000043210;154 666 304;7;0;2;5;1;1
202000043211;154 666 301;7;0;2;5;15;1
202000043211;154 666 302;7;0;2;1;1;3
202000043212;154 666 299;7;0;2;7;15;1
202000043212;154 666 300;34;0;2;1;1;1
202000043213;154 666 298;30;0;1;1;1;1
202000043214;154 666 296;2;0;2;1;1;0
202000043214;154 666 297;7;0;2;2;1;2
202000043215;154 666 295;7;0;1;3;1;1
202000043216;154 666 293;7;0;2;2;16;0
202000043216;154 666 294;30;0;2;1;18;1
202000043217;154 666 292;33;0;0;6;1;1
202000043218;154 666 291;32;0;0;0;15;1
202000043219;154 666 290;7;0;1;8;26;1
202000043220;154 666 288;10;0;2;2;17;0
202000043220;154 666 289;33;0;2;8;26;1
202000043221;154 666 286;32;0;2;2;1;1
202000043221;154 666 287;7;0;2;6;11;1
202000043222;154 666 284;10;0;2;8;10;0
202000043222;154 666 285;10;0;2;1;2;0
202000043223;154 666 281;7;0;2;1;0;1
202000043223;154 666 282;1;0;2;4;1;5
202000043223;154 666 283;1;0;2;4;1;5
202000043224;154 666 280;7;0;0;0;13;1
202000043225;154 666 279;7;14;0;1;0;1
202000043226;154 666 278;7;0;1;1;1;1
202000043227;154 666 277;7;15;0;3;1;1
202000043228;154 666 276;7;16;0;9;13;1
202000043229;154 666 274;7;7;0;4;1;1
202000043229;154 666 275;7;0;2;1;2;1
202000043230;154 666 272;31;0;0;4;2;1
202000043230;154 666 273;33;0;2;1;2;1
202000043231;154 666 271;7;2;0;1;0;1
202000043232;154 666 269;7;0;2;2;17;0
202000043232;154 666 270;21;0;2;6;2;0
202000043233;154 666 267;1;0;2;1;1;5
202000043233;154 666 268;32;0;2;1;5;1
202000043234;154 666 265;7;7;0;1;14;1
202000043235;154 666 264;7;0;0;7;1;1
202000043236;154 666 263;7;2;0;3;16;0
202000043237;154 666 261;1;0;2;1;1;5
202000043237;154 666 262;7;0;2;2;26;1
202000043238;154 666 259;7;0;2;3;20;0
202000043238;154 666 260;33;0;2;7;1;0
202000043239;154 666 258;10;16;0;0;0;1
202000043240;154 666 256;7;13;2;1;1;1
202000043240;154 666 257;7;13;2;7;1;6
202000043241;154 666 251;7;0;2;8;13;1
202000043241;154 666 252;7;0;2;3;1;1
202000043242;154 666 248;7;0;2;3;13;1
202000043242;154 666 249;7;0;2;1;1;1
202000043242;154 666 250;7;0;2;6;1;1
202000043243;154 666 247;33;0;0;7;26;1
202000043244;154 666 246;33;8;0;5;1;1
202000043245;154 666 245;7;12;0;1;19;1
202000043246;154 666 242;31;0;2;1;13;1
202000043246;154 666 243;7;0;2;1;16;1
202000043247;154 666 241;2;0;0;2;16;1
202000043248;154 666 240;33;0;0;8;13;1
202000043249;154 666 239;7;15;0;1;1;1
202000043250;154 666 237;7;0;0;3;1;1
202000043250;154 666 238;2;0;2;1;13;1
202000043251;154 666 236;7;13;0;1;13;1
202000043252;154 666 234;7;0;0;4;1;1
202000043252;154 666 235;33;0;2;1;1;1
202000043253;154 666 232;7;0;9;1;1;1
202000043253;154 666 233;50;0;2;1;5;3
202000043254;154 666 231;7;13;0;1;14;1
202000043255;154 666 230;7;2;0;1;13;1
202000043256;154 666 229;33;0;0;2;0;1
202000043257;154 666 228;33;0;0;0;16;1
202000043258;154 666 227;7;2;0;5;1;1
202000043259;154 666 226;33;3;0;0;1;1
202000043260;154 666 224;7;13;0;1;1;1
202000043261;154 666 223;7;8;0;7;1;1
202000043262;154 666 222;7;2;0;1;1;1
202000043263;154 666 221;7;1;0;2;0;1
202000043264;154 666 220;7;0;1;3;9;1
202000043265;154 666 219;1;14;0;1;1;5
202000043266;154 666 217;7;0;2;4;1;1
202000043266;154 666 218;7;0;2;1;1;1
202000043267;154 666 215;33;0;2;3;1;1
202000043267;154 666 216;1;0;2;3;1;5
202000043268;154 666 213;7;0;2;3;15;1
202000043268;154 666 214;1;0;2;3;0;5
202000043269;154 666 211;7;0;0;6;17;3
202000043269;154 666 212;34;0;2;1;17;1
202000043270;154 666 210;7;6;0;3;16;1
202000043271;154 666 208;7;0;2;3;3;6
202000043271;154 666 209;7;0;2;1;2;6
202000043272;154 666 206;7;0;9;3;15;1
202000043272;154 666 207;1;0;2;1;1;6
202000043273;154 666 204;33;0;2;1;13;1
202000043273;154 666 205;7;0;2;2;1;1
202000043274;154 666 202;33;0;2;3;1;1
202000043274;154 666 203;7;0;2;3;13;1
202000043275;154 666 201;33;13;0;7;1;1
202000043276;154 666 199;7;0;2;3;1;1
202000043276;154 666 200;7;0;2;3;1;1
202000043277;154 666 198;7;2;0;1;1;1
202000043278;154 666 196;15;0;9;3;1;1
202000043278;154 666 197;33;0;2;1;13;1
202000043279;154 666 194;2;0;2;1;2;0
202000043279;154 666 195;7;0;2;5;2;1
202000043280;154 666 192;7;0;2;7;1;0
202000043280;154 666 193;1;0;2;1;15;5
202000043281;154 666 190;7;0;2;1;15;1
202000043281;154 666 191;7;0;2;7;1;1
202000043282;154 666 188;7;0;2;1;1;1
202000043282;154 666 189;7;0;2;1;15;1
202000043283;154 666 187;33;8;0;1;1;1
202000043284;154 666 186;10;0;1;4;4;0
202000043285;154 666 185;7;13;0;8;13;1
202000043286;154 666 184;33;12;0;8;16;0
202000043287;154 666 183;1;0;0;0;1;5
202000043288;154 666 182;2;0;0;1;0;1
202000043289;154 666 180;7;0;0;0;23;1
202000043289;154 666 181;35;1;0;1;1;1
202000043290;154 666 179;7;0;0;1;0;1
202000043291;154 666 177;7;0;2;1;1;1
202000043291;154 666 178;7;0;2;5;12;1
202000043292;154 666 175;7;0;2;4;1;1
202000043292;154 666 176;7;0;2;1;1;1
202000043293;154 666 173;17;0;2;2;0;1
202000043293;154 666 174;7;0;2;8;1;1
202000043294;154 666 171;7;0;2;2;2;1
202000043294;154 666 172;7;0;2;6;12;1
202000043295;154 666 169;33;0;2;7;3;1
202000043295;154 666 170;7;0;2;6;11;1
202000043296;154 666 166;10;0;2;1;2;1
202000043296;154 666 167;10;0;2;4;2;1
202000043296;154 666 168;7;0;2;4;2;1
202000043297;154 666 164;7;0;2;4;2;1
202000043297;154 666 165;10;0;2;1;2;1
202000043298;154 666 160;7;0;2;1;2;1
202000043298;154 666 161;7;0;2;6;2;0
202000043298;154 666 162;10;0;2;2;2;1
202000043298;154 666 163;10;0;2;6;1;1
202000043299;154 666 157;7;0;2;1;2;1
202000043299;154 666 158;7;0;2;1;1;1
202000043299;154 666 159;7;0;2;1;2;0
202000043300;154 666 156;7;0;0;0;26;1
202000043301;154 666 154;7;0;2;5;15;1
202000043301;154 666 155;2;0;2;3;1;1
202000043302;154 666 153;50;0;0;0;21;3
202000043303;154 666 151;7;0;2;1;9;1
202000043303;154 666 152;33;0;2;7;2;1
202000043304;154 666 150;7;0;1;8;16;1
202000043305;154 666 147;33;0;2;1;1;1
202000043305;154 666 148;37;0;2;1;1;1
202000043305;154 666 149;37;0;2;5;9;1
202000043306;154 666 144;7;0;2;1;2;1
202000043306;154 666 145;7;0;2;1;0;3
202000043306;154 666 146;7;0;2;4;0;1
202000043307;154 666 142;33;0;2;7;1;1
202000043307;154 666 143;15;0;2;6;16;1
202000043308;154 666 140;7;0;2;3;0;0
202000043308;154 666 141;31;0;2;1;1;0
202000043309;154 666 138;10;0;2;2;0;0
202000043309;154 666 139;10;0;2;3;16;6
202000043310;154 666 136;7;0;2;8;19;1
202000043310;154 666 137;34;0;2;1;1;1
202000043311;154 666 134;10;0;2;3;15;1
202000043311;154 666 135;1;0;2;1;1;5
202000043312;154 666 132;7;0;2;1;2;1
202000043312;154 666 133;7;0;2;4;23;1
202000043313;154 666 130;14;0;2;1;2;1
202000043313;154 666 131;7;0;0;4;16;1
202000043314;154 666 128;7;0;2;3;9;1
202000043314;154 666 129;1;0;2;1;1;5
202000043315;154 666 127;7;0;0;0;1;1
202000043316;154 666 123;10;0;0;4;2;1
202000043316;154 666 124;32;0;2;1;2;1
202000043317;154 666 121;15;0;2;3;1;1
202000043317;154 666 122;10;0;2;3;1;1
202000043318;154 666 119;2;0;2;1;1;1
202000043318;154 666 120;7;0;2;2;1;1
202000043319;154 666 117;21;0;2;3;1;1
202000043319;154 666 118;31;0;2;1;17;1
202000043320;154 666 114;7;0;2;3;5;1
202000043320;154 666 115;7;0;2;2;0;1
202000043320;154 666 116;17;7;2;3;21;0
202000043321;154 666 112;7;0;2;3;15;1
202000043321;154 666 113;1;0;0;1;1;5
202000043322;154 666 110;10;0;2;3;15;0
202000043322;154 666 111;33;0;2;1;1;1
202000043323;154 666 108;7;0;2;3;13;1
202000043323;154 666 109;21;0;2;3;1;1
202000043324;154 666 107;33;0;6;1;1;1
202000043325;154 666 105;7;0;9;7;16;1
202000043325;154 666 106;1;0;2;2;1;5
202000043326;154 666 104;2;1;0;1;1;1
202000043327;154 666 102;7;7;2;2;15;1
202000043327;154 666 103;7;0;2;1;1;1
202000043328;154 666 101;7;12;0;1;1;1
202000043329;154 666 100;7;15;0;2;1;1
202000043330;154 666 098;7;0;2;3;2;1
202000043330;154 666 099;1;0;2;4;2;5
202000043331;154 666 096;31;0;2;2;17;1
202000043331;154 666 097;7;0;2;8;15;1
202000043332;154 666 095;7;2;0;1;0;1
202000043333;154 666 094;33;0;9;1;6;1
202000043334;154 666 091;15;0;2;6;2;1
202000043334;154 666 092;7;0;2;3;1;1
202000043334;154 666 093;7;0;2;3;5;1
202000043335;154 666 089;7;0;2;3;13;1
202000043335;154 666 090;7;0;2;3;1;1
202000043336;154 666 088;7;0;1;6;1;1
202000043337;154 666 087;7;0;1;2;1;0
202000043338;154 666 083;10;0;2;3;9;1
202000043338;154 666 084;1;0;2;1;1;5
202000043339;154 666 082;33;6;0;1;0;1
202000043340;154 666 080;7;0;2;3;17;1
202000043340;154 666 081;7;0;0;6;15;1
202000043341;154 666 078;10;0;9;2;1;1
202000043341;154 666 079;1;0;2;8;15;5
202000043342;154 666 076;33;0;2;3;13;1
202000043342;154 666 077;21;0;2;8;0;1
202000043343;154 666 074;7;0;9;7;17;1
202000043343;154 666 075;1;0;0;4;1;5
202000043344;154 666 072;7;0;2;2;1;1
202000043344;154 666 073;3;0;2;2;5;1
202000043345;154 666 070;7;5;0;4;2;1
202000043345;154 666 071;33;0;2;1;2;1
202000043346;154 666 069;7;6;0;3;1;1
202000043347;154 666 067;7;0;0;4;23;0
202000043347;154 666 068;7;0;2;1;1;1
202000043348;154 666 065;33;0;2;1;17;1
202000043348;154 666 066;7;0;2;8;10;1
202000043349;154 666 064;7;4;0;3;13;1
202000043350;154 666 061;10;0;2;1;1;1
202000043350;154 666 062;7;0;2;8;1;1
202000043350;154 666 063;17;0;2;7;12;1
202000043351;154 666 059;7;0;2;4;2;1
202000043351;154 666 060;7;0;2;1;2;1
202000043352;154 666 058;33;0;2;3;21;1
202000043353;154 666 054;7;0;2;1;2;1
202000043353;154 666 055;7;0;2;1;2;1
202000043353;154 666 056;14;0;2;2;11;1
202000043353;154 666 057;10;0;2;6;1;1
202000043354;154 666 051;7;0;2;4;2;1
202000043354;154 666 052;7;0;2;4;2;1
202000043354;154 666 053;10;0;2;1;2;1
202000043355;154 666 048;7;0;2;3;1;1
202000043355;154 666 049;17;0;2;2;1;1
202000043355;154 666 050;7;3;2;8;11;1
202000043356;154 666 047;7;0;2;1;12;1
202000043357;154 666 045;33;0;2;1;3;1
202000043357;154 666 046;7;0;2;6;11;1
202000043358;154 666 042;32;0;2;1;2;1
202000043358;154 666 043;7;0;2;3;15;1
202000043359;154 666 039;7;0;2;1;1;1
202000043359;154 666 040;7;0;2;1;1;1
202000043359;154 666 041;7;0;2;1;1;1
202000043360;154 666 037;31;0;2;1;1;1
202000043360;154 666 038;99;0;2;1;13;1
202000043361;154 666 036;7;0;1;2;1;1
202000043362;154 666 034;7;0;0;0;1;1
202000043362;154 666 035;7;0;0;0;16;1
202000043363;154 666 032;7;0;2;1;1;1
202000043363;154 666 033;7;0;2;8;1;1
202000043364;154 666 030;7;0;2;2;2;0
202000043364;154 666 031;7;0;2;0;1;0
202000043365;154 666 028;10;0;2;3;15;0
202000043365;154 666 029;7;0;2;1;1;0
202000043366;154 666 026;34;0;2;7;13;1
202000043366;154 666 027;10;0;2;3;1;0
202000043367;154 666 025;7;15;0;8;26;1
202000043368;154 666 023;1;0;2;1;2;0
202000043368;154 666 024;2;0;0;0;0;0
202000043369;154 666 021;7;0;2;2;1;1
202000043369;154 666 022;7;0;2;6;1;1
202000043370;154 666 016;1;0;2;4;1;5
202000043370;154 666 017;7;0;2;1;2;0
202000043371;154 666 015;7;0;1;1;16;0
202000043372;154 666 013;7;0;2;6;16;1
202000043372;154 666 014;7;0;2;3;1;1
202000043373;154 666 012;7;0;1;1;15;1
202000043374;154 666 010;7;0;9;3;20;1
202000043374;154 666 011;2;0;2;2;1;1
202000043375;154 666 009;7;0;1;7;1;1
202000043376;154 666 007;7;0;2;2;16;1
202000043376;154 666 008;1;0;2;3;1;5
202000043377;154 666 005;7;0;2;3;1;1
202000043377;154 666 006;1;0;2;1;19;5
202000043378;154 666 003;7;6;1;4;1;1
202000043378;154 666 004;7;6;2;1;1;1
202000043379;154 666 002;7;9;0;9;1;1
202000043380;154 666 000;7;0;2;2;1;1
202000043380;154 666 001;7;0;2;1;19;1
202000043381;154 665 999;7;0;1;1;15;1
202000043382;154 665 996;7;14;0;4;23;1
202000043382;154 665 997;7;0;2;1;1;1
202000043382;154 665 998;7;0;2;4;23;1
202000043383;154 665 994;30;0;2;2;16;1
202000043383;154 665 995;10;0;2;8;15;1
202000043384;154 665 991;2;0;2;4;1;1
202000043384;154 665 992;7;0;2;4;1;1
202000043384;154 665 993;7;0;2;2;1;1
202000043385;154 665 990;1;0;0;0;1;5
202000043386;154 665 988;2;0;2;7;15;1
202000043386;154 665 989;7;0;2;1;1;1
202000043387;154 665 987;35;8;0;1;1;1
202000043388;154 665 986;32;15;0;1;1;6
202000043389;154 665 984;7;0;0;1;15;1
202000043389;154 665 985;7;0;0;0;0;1
202000043390;154 665 982;7;0;2;3;1;1
202000043390;154 665 983;7;0;2;3;13;1
202000043391;154 665 980;33;0;2;1;9;1
202000043391;154 665 981;7;0;2;3;9;1
202000043392;154 665 979;1;12;0;2;1;5
202000043393;154 665 978;31;0;0;0;1;1
202000043394;154 665 976;7;0;2;0;0;1
202000043394;154 665 977;7;0;2;4;2;1
202000043395;154 665 974;1;0;2;3;19;5
202000043395;154 665 975;7;0;2;2;16;1
202000043396;154 665 972;7;0;2;2;11;0
202000043396;154 665 973;7;0;2;3;0;0
202000043397;154 665 970;7;0;2;3;26;1
202000043397;154 665 971;33;0;2;2;1;1
202000043398;154 665 969;7;9;0;3;1;2
202000043399;154 665 967;7;0;2;2;15;1
202000043399;154 665 968;7;0;2;3;1;1
202000043400;154 665 966;7;8;0;1;14;1
202000043401;154 665 964;10;0;2;1;15;1
202000043401;154 665 965;7;0;2;3;1;1
202000043402;154 665 962;33;0;2;1;1;1
202000043402;154 665 963;7;0;2;3;15;1
202000043403;154 665 960;1;0;2;3;13;5
202000043403;154 665 961;7;0;2;2;1;1
202000043404;154 665 958;7;0;2;4;1;1
202000043404;154 665 959;10;0;2;1;1;1
202000043405;154 665 956;7;0;2;3;9;1
202000043405;154 665 957;1;0;2;2;1;5
202000043406;154 665 954;33;0;2;8;1;1
202000043406;154 665 955;7;0;2;2;15;1
202000043407;154 665 952;7;0;2;1;1;1
202000043407;154 665 953;1;0;2;0;0;5
202000043408;154 665 951;10;0;1;4;26;1
202000043409;154 665 950;7;0;1;2;2;1
202000043410;154 665 948;7;0;2;1;9;6
202000043410;154 665 949;33;0;2;1;1;6
202000043411;154 665 947;30;0;0;0;0;1
202000043412;154 665 944;7;0;2;1;2;1
202000043412;154 665 945;7;0;2;4;2;1
202000043412;154 665 946;7;0;2;4;2;0
202000043413;154 665 942;2;0;2;1;1;1
202000043413;154 665 943;7;0;2;7;15;1
202000043414;154 665 939;7;14;2;1;2;1
202000043414;154 665 940;7;0;0;6;2;1
202000043414;154 665 941;1;0;2;6;19;5
202000043415;154 665 937;50;0;2;1;25;3
202000043415;154 665 938;7;14;0;2;1;1
202000043416;154 665 935;7;0;2;7;1;1
202000043416;154 665 936;33;0;2;8;1;1
202000043417;154 665 933;33;0;2;1;1;1
202000043417;154 665 934;7;0;2;3;15;1
202000043418;154 665 931;2;0;2;2;17;1
202000043418;154 665 932;7;0;2;3;15;1
202000043419;154 665 930;50;12;0;1;1;3
202000043420;154 665 928;10;0;2;2;16;1
202000043420;154 665 929;1;0;2;3;7;5
202000043421;154 665 927;7;0;1;2;1;1
202000043422;154 665 925;7;0;2;8;22;1
202000043422;154 665 926;32;0;2;7;17;1
202000043423;154 665 923;1;0;2;8;7;5
202000043423;154 665 924;7;0;2;7;16;1
202000043424;154 665 921;7;0;2;7;22;1
202000043424;154 665 922;1;0;2;1;18;0
202000043425;154 665 919;1;0;2;8;19;5
202000043425;154 665 920;7;0;2;1;1;1
202000043426;154 665 918;30;12;0;7;14;1
202000043427;154 665 916;7;0;0;8;15;0
202000043427;154 665 917;33;0;0;7;5;0
202000043428;154 665 915;80;0;1;2;26;3
202000043429;154 665 913;7;0;2;2;1;1
202000043429;154 665 914;7;0;2;3;1;1
202000043430;154 665 911;0;0;2;1;1;0
202000043430;154 665 912;31;0;2;1;15;1
202000043431;154 665 909;32;0;2;6;1;1
202000043431;154 665 910;7;0;2;6;11;1
202000043432;154 665 908;7;12;0;2;26;1
202000043433;154 665 906;7;0;2;2;16;1
202000043433;154 665 907;33;0;2;3;1;1
202000043434;154 665 904;7;0;2;4;23;0
202000043434;154 665 905;10;0;2;1;2;1
202000043435;154 665 902;7;0;2;1;1;1
202000043435;154 665 903;7;0;2;2;1;1
202000043436;154 665 900;30;0;2;7;15;1
202000043436;154 665 901;7;0;2;3;1;1
202000043437;154 665 898;34;0;2;1;1;1
202000043437;154 665 899;7;0;2;2;15;1
202000043438;154 665 897;7;0;1;2;1;1
202000043439;154 665 895;33;0;2;8;9;1
202000043439;154 665 896;7;0;2;2;2;1
202000043440;154 665 894;30;0;2;1;1;0
202000043441;154 665 893;1;1;1;1;1;5
202000043442;154 665 891;2;0;2;1;1;1
202000043442;154 665 892;7;0;2;3;13;1
202000043443;154 665 889;10;0;0;6;24;1
202000043443;154 665 890;10;1;0;1;1;1
202000043444;154 665 888;7;8;0;1;13;1
202000043445;154 665 886;10;3;0;4;1;1
202000043445;154 665 887;10;3;2;1;2;1
202000043446;154 665 885;31;0;0;7;1;1
202000043447;154 665 884;33;0;0;0;1;1
202000043448;154 665 883;33;0;0;8;1;1
202000043449;154 665 881;1;0;0;0;1;5
202000043450;154 665 880;33;0;2;2;2;1
202000043450;154 665 882;7;0;2;6;23;1
202000043451;154 665 878;7;0;2;6;15;1
202000043451;154 665 879;33;0;2;1;17;1
202000043452;154 665 876;7;0;2;1;12;1
202000043452;154 665 877;33;0;2;4;1;1
202000043453;154 665 874;1;0;2;1;1;5
202000043453;154 665 875;7;0;2;8;9;1
202000043454;154 665 873;37;0;1;7;1;1
202000043455;154 665 871;7;0;2;3;19;1
202000043455;154 665 872;33;0;2;1;1;1
202000043456;154 665 869;10;0;2;1;1;1
202000043456;154 665 870;7;0;2;7;1;1
202000043457;154 665 868;31;0;0;0;1;1
202000043458;154 665 866;33;0;2;7;3;1
202000043458;154 665 867;7;12;2;2;14;1
202000043459;154 665 864;33;0;0;7;1;1
202000043459;154 665 865;7;0;2;8;15;1
202000043460;154 665 863;31;0;1;5;5;1
202000043461;154 665 861;14;0;2;3;10;1
202000043461;154 665 862;33;0;2;1;1;1
202000043462;154 665 859;30;0;2;3;7;1
202000043462;154 665 860;7;0;2;0;14;0
202000043463;154 665 858;7;0;1;2;1;1
202000043464;154 665 854;7;0;2;1;9;1
202000043464;154 665 855;31;0;2;5;16;1
202000043465;154 665 856;33;0;2;4;23;1
202000043465;154 665 857;30;0;2;1;2;1
202000043466;154 665 851;1;0;2;3;1;5
202000043466;154 665 853;7;0;2;3;1;1
202000043467;154 665 850;7;0;2;0;16;0
202000043467;154 665 852;30;0;2;1;1;1
202000043468;154 665 848;1;0;0;0;1;5
202000043469;154 665 845;7;0;2;1;1;1
202000043469;154 665 847;7;0;2;8;19;1
202000043470;154 665 844;30;0;2;1;1;1
202000043470;154 665 846;7;0;2;2;15;1
202000043471;154 665 843;31;13;0;7;26;1
202000043472;154 665 841;7;0;2;3;1;1
202000043472;154 665 842;30;0;2;4;17;1
202000043473;154 665 838;1;0;2;1;17;5
202000043473;154 665 839;1;0;2;1;13;5
202000043474;154 665 837;7;0;2;8;16;1
202000043474;154 665 840;7;0;2;1;1;1
202000043475;154 665 834;10;0;2;8;22;1
202000043475;154 665 836;1;0;2;7;1;5
202000043476;154 665 832;10;0;9;5;4;1
202000043476;154 665 833;80;0;2;2;1;3
202000043477;154 665 830;2;0;0;8;1;1
202000043478;154 665 829;7;0;2;1;15;1
202000043478;154 665 831;30;0;2;1;17;3
202000043479;154 665 826;17;0;2;3;1;1
202000043479;154 665 827;17;0;2;1;1;1
202000043479;154 665 828;17;0;2;1;13;1
202000043480;154 665 823;10;0;2;1;15;1
202000043480;154 665 824;1;0;2;1;7;5
202000043481;154 665 825;7;0;1;2;1;1
202000043482;154 665 821;10;0;2;7;1;1
202000043482;154 665 822;50;0;2;8;13;3
202000043483;154 665 819;7;0;2;1;0;1
202000043483;154 665 820;7;0;2;2;6;1
202000043484;154 665 817;32;0;2;2;1;1
202000043484;154 665 818;7;0;2;3;1;1
202000043485;154 665 816;7;13;0;4;13;1
202000043486;154 665 814;7;0;2;8;15;1
202000043486;154 665 815;32;0;2;2;17;1
202000043487;154 665 811;30;0;1;1;1;1
202000043488;154 665 812;1;0;2;1;1;5
202000043488;154 665 813;7;0;9;2;15;1
202000043489;154 665 810;32;0;0;0;1;1
202000043490;154 665 808;13;0;1;3;2;1
202000043491;154 665 807;1;0;2;1;2;5
202000043491;154 665 809;7;0;2;4;17;1
202000043492;154 665 804;7;0;2;1;15;1
202000043492;154 665 806;7;0;2;1;13;1
202000043493;154 665 803;7;0;2;8;1;1
202000043493;154 665 805;15;0;2;2;16;1
202000043494;154 665 800;7;0;2;1;2;1
202000043494;154 665 802;7;0;0;4;23;1
202000043495;154 665 801;2;0;1;1;1;1
202000043496;154 665 798;10;0;2;3;15;1
202000043496;154 665 799;7;0;2;1;9;1
202000043497;154 665 795;10;1;2;3;20;0
202000043497;154 665 796;33;0;2;7;1;1
202000043498;154 665 794;14;0;2;2;9;1
202000043498;154 665 797;2;0;2;3;1;1
202000043499;154 665 792;10;0;2;3;15;6
202000043499;154 665 793;7;0;2;7;3;6
202000043500;154 665 791;33;0;0;2;0;1
202000043501;154 665 788;31;0;0;0;0;1
202000043501;154 665 790;7;0;2;0;0;1
202000043502;154 665 787;33;0;2;1;17;1
202000043502;154 665 789;7;0;2;8;15;1
202000043503;154 665 785;50;0;2;8;1;3
202000043503;154 665 786;7;0;2;2;15;1
202000043504;154 665 783;10;0;2;3;1;1
202000043504;154 665 784;7;0;2;2;1;1
202000043505;154 665 781;7;0;2;2;16;1
202000043505;154 665 782;33;0;2;1;1;1
202000043506;154 665 779;7;0;2;1;9;1
202000043506;154 665 780;1;0;2;1;1;5
202000043507;154 665 777;33;0;2;1;0;1
202000043507;154 665 778;7;0;2;2;9;1
202000043508;154 665 775;7;0;2;2;15;1
202000043508;154 665 776;1;0;2;1;1;5
202000043509;154 665 774;10;0;1;2;12;1
202000043510;154 665 770;7;0;9;3;16;1
202000043510;154 665 772;1;0;2;1;1;0
202000043511;154 665 769;20;0;0;0;16;0
202000043511;154 665 771;33;0;2;1;1;1
202000043511;154 665 773;7;0;2;1;13;1
202000043512;154 665 766;7;0;1;3;1;1
202000043512;154 665 768;7;0;2;2;15;1
202000043513;154 665 765;1;0;2;3;1;5
202000043513;154 665 767;1;0;2;3;1;5
202000043514;154 665 763;7;0;2;1;1;1
202000043514;154 665 764;7;0;2;1;1;1
202000043515;154 665 760;7;1;0;1;0;1
202000043516;154 665 761;2;0;0;0;14;1
202000043517;154 665 758;13;0;0;0;1;1
202000043517;154 665 759;7;0;9;1;1;1
202000043518;154 665 757;33;3;0;0;0;1
202000043519;154 665 753;2;0;0;1;15;1
202000043519;154 665 756;7;0;0;2;1;1
202000043520;154 665 754;7;0;2;1;2;1
202000043520;154 665 755;7;0;2;4;1;1
202000043521;154 665 751;7;0;2;1;0;1
202000043521;154 665 752;15;0;2;1;5;1
202000043522;154 665 749;7;0;1;2;1;1
202000043523;154 665 748;15;0;2;7;2;1
202000043523;154 665 750;7;4;2;8;9;1
202000043524;154 665 746;17;14;0;1;21;1
202000043525;154 665 745;7;0;2;3;15;1
202000043525;154 665 747;7;0;2;1;1;1
202000043526;154 665 742;7;0;2;4;23;1
202000043526;154 665 743;7;0;2;1;9;0
202000043526;154 665 744;7;0;2;4;0;0
202000043527;154 665 740;7;2;0;9;1;1
202000043528;154 665 739;10;0;2;8;1;1
202000043528;154 665 741;7;0;2;2;11;1
202000043529;154 665 738;2;8;0;1;1;1
202000043530;154 665 736;2;0;0;0;1;1
202000043531;154 665 737;7;12;0;5;14;1
202000043532;154 665 735;7;2;0;3;13;1
202000043533;154 665 733;32;1;2;8;18;1
202000043533;154 665 734;10;0;2;2;16;1
202000043534;154 665 732;7;7;0;1;1;1
202000043535;154 665 729;10;0;2;1;17;1
202000043535;154 665 730;10;1;0;6;0;0