Num_Acc;id_vehicule;categorie_vehicule;obstacle_fixe;obstacle_mobile;point_choc_initial;manoeuvre_principale;motorisation
202000043535;154 665 731;10;0;2;4;12;1
202000043536;154 665 727;7;0;2;7;19;1
202000043536;154 665 728;14;0;2;1;1;1
202000043537;154 665 725;7;0;0;0;15;1
202000043537;154 665 726;32;0;0;0;2;1
202000043538;154 665 723;7;7;0;8;1;1
202000043538;154 665 724;10;0;2;1;19;1
202000043539;154 665 722;7;0;1;1;25;1
202000043540;154 665 720;30;0;0;0;0;1
202000043541;154 665 721;2;0;0;8;1;1
202000043542;154 665 717;1;0;0;0;1;5
202000043543;154 665 718;1;0;2;7;1;0
202000043543;154 665 719;7;0;2;8;26;0
202000043544;154 665 716;7;2;0;9;14;1
202000043545;154 665 714;7;0;0;4;1;6
202000043545;154 665 715;7;0;2;1;2;6
202000043546;154 665 712;7;0;0;5;19;1
202000043546;154 665 713;33;0;0;1;2;1
202000043547;154 665 711;7;2;0;1;0;0
202000043548;154 665 710;7;8;0;3;13;1
202000043549;154 665 709;1;13;0;1;1;5
202000043550;154 665 707;33;0;9;0;13;1
202000043550;154 665 708;1;0;9;0;1;5
202000043551;154 665 706;33;0;0;0;1;1
202000043552;154 665 705;7;2;0;1;1;1
202000043553;154 665 704;7;0;1;1;1;0
202000043554;154 665 702;21;0;2;6;2;1
202000043554;154 665 703;33;0;2;5;13;1
202000043555;154 665 701;7;0;1;3;1;1
202000043556;154 665 699;7;0;2;3;1;1
202000043556;154 665 700;7;0;2;3;1;1
202000043557;154 665 697;7;0;2;3;2;0
202000043557;154 665 698;7;0;2;1;13;0
202000043558;154 665 696;33;0;0;0;1;1
202000043559;154 665 695;7;2;0;1;1;1
202000043560;154 665 692;7;0;0;4;1;1
202000043560;154 665 693;10;0;2;4;2;1
202000043560;154 665 694;10;0;2;1;2;1
202000043561;154 665 690;7;0;2;2;15;1
202000043561;154 665 691;33;0;2;1;0;1
202000043562;154 665 689;7;0;1;3;1;1
202000043563;154 665 687;7;0;0;4;2;1
202000043563;154 665 688;15;0;2;3;2;1
202000043564;154 665 685;7;0;0;2;1;1
202000043564;154 665 686;7;0;0;4;12;0
202000043565;154 665 684;10;2;0;3;13;1
202000043566;154 665 682;2;0;2;1;0;1
202000043566;154 665 683;7;0;2;7;15;1
202000043567;154 665 681;7;0;1;7;1;1
202000043568;154 665 677;7;0;2;1;1;1
202000043568;154 665 678;2;0;2;8;1;1
202000043569;154 665 675;7;16;2;0;5;1
202000043569;154 665 676;33;0;2;8;17;1
202000043570;154 665 673;7;0;2;3;1;1
202000043570;154 665 674;10;4;2;3;13;1
202000043571;154 665 672;14;13;0;2;1;1
202000043572;154 665 670;7;0;9;3;1;1
202000043572;154 665 671;1;0;2;1;13;5
202000043573;154 665 667;80;0;0;0;1;3
202000043574;154 665 666;7;6;0;1;13;1
202000043575;154 665 664;7;0;2;1;13;1
202000043575;154 665 665;7;0;2;1;1;1
202000043576;154 665 663;33;0;0;0;0;1
202000043577;154 665 661;7;0;9;3;1;0
202000043577;154 665 662;1;0;2;8;15;6
202000043578;154 665 660;7;4;0;2;14;1
202000043579;154 665 658;7;3;2;5;12;1
202000043579;154 665 659;33;0;2;3;11;1
202000043580;154 665 656;15;0;0;0;0;1
202000043580;154 665 657;7;0;2;0;9;1
202000043581;154 665 653;15;0;2;1;2;1
202000043581;154 665 654;7;0;2;4;1;1
202000043581;154 665 655;7;0;2;4;2;1
202000043582;154 665 651;7;0;2;2;12;1
202000043582;154 665 652;33;0;2;1;3;1
202000043583;154 665 648;10;0;2;5;2;1
202000043583;154 665 649;7;0;2;9;2;1
202000043583;154 665 650;7;0;2;1;1;1
202000043584;154 665 646;7;0;2;0;0;1
202000043584;154 665 647;7;0;2;1;11;1
202000043585;154 665 643;10;0;2;6;2;1
202000043585;154 665 644;7;0;2;4;2;2
202000043585;154 665 645;7;0;2;4;1;1
202000043586;154 665 641;10;0;2;3;1;1
202000043586;154 665 642;7;0;2;2;12;1
202000043587;154 665 638;7;12;0;1;15;1
202000043588;154 665 636;7;0;2;8;15;1
202000043588;154 665 637;2;0;2;1;13;1
202000043589;154 665 635;7;0;1;2;0;1
202000043590;154 665 633;7;0;2;2;9;1
202000043590;154 665 634;33;0;2;8;0;1
202000043591;154 665 631;7;4;0;3;16;1
202000043591;154 665 632;7;4;0;3;13;1
202000043592;154 665 629;2;0;2;7;17;0
202000043592;154 665 630;7;0;2;8;15;1
202000043593;154 665 626;10;0;2;7;1;1
202000043593;154 665 627;7;0;2;8;0;1
202000043593;154 665 628;7;0;2;3;4;1
202000043594;154 665 624;7;0;2;2;23;1
202000043594;154 665 625;30;8;2;4;1;1
202000043595;154 665 622;33;0;2;1;17;1
202000043595;154 665 623;7;0;2;1;1;1
202000043596;154 665 620;1;0;2;1;1;5
202000043596;154 665 621;7;0;2;2;15;1
202000043597;154 665 619;7;8;0;0;26;0
202000043598;154 665 616;7;1;2;3;24;1
202000043598;154 665 617;7;1;2;4;2;1
202000043598;154 665 618;7;0;2;1;2;1
202000043599;154 665 614;30;0;2;1;5;
202000043599;154 665 615;30;0;2;1;1;
202000043600;154 665 613;7;1;0;3;26;0
202000043601;154 665 611;7;0;2;1;1;0
202000043601;154 665 612;7;0;2;7;1;0
202000043602;154 665 609;7;0;2;4;2;1
202000043602;154 665 610;37;0;2;1;2;1
202000043603;154 665 608;7;0;1;2;1;1
202000043604;154 665 606;37;0;2;4;24;1
202000043604;154 665 607;7;1;0;1;2;0
202000043605;154 665 604;7;0;2;3;15;1
202000043605;154 665 605;7;0;2;2;1;1
202000043606;154 665 603;7;0;1;2;1;1
202000043607;154 665 601;1;0;2;8;19;5
202000043607;154 665 602;7;0;2;2;1;1
202000043608;154 665 600;7;9;0;1;16;1
202000043609;154 665 599;10;0;1;1;1;1
202000043610;154 665 596;7;0;1;2;1;1
202000043611;154 665 595;7;13;0;0;26;1
202000043612;154 665 593;1;0;2;1;0;5
202000043612;154 665 594;1;0;2;1;26;5
202000043613;154 665 591;2;0;2;1;1;1
202000043613;154 665 592;7;0;2;1;15;1
202000043614;154 665 588;7;0;2;4;2;1
202000043614;154 665 589;7;0;2;4;2;1
202000043614;154 665 590;7;0;2;1;2;1
202000043615;154 665 585;7;0;2;1;2;1
202000043615;154 665 586;7;0;2;4;2;1
202000043616;154 665 584;7;10;0;1;1;1
202000043617;154 665 583;7;0;1;1;1;0
202000043618;154 665 582;2;0;0;0;26;1
202000043619;154 665 581;2;0;0;0;0;1
202000043620;154 665 579;1;0;2;7;1;5
202000043620;154 665 580;7;0;9;2;1;0
202000043621;154 665 577;7;0;2;1;1;1
202000043621;154 665 578;33;0;2;1;1;1
202000043622;154 665 576;7;2;0;8;1;1
202000043623;154 665 575;37;0;1;7;1;4
202000043624;154 665 573;33;0;2;1;26;1
202000043624;154 665 574;7;0;2;5;15;1
202000043625;154 665 572;7;13;0;1;14;1
202000043626;154 665 571;10;0;1;4;4;1
202000043627;154 665 570;7;0;1;3;1;1
202000043628;154 665 569;7;15;0;1;15;1
202000043629;154 665 567;31;0;2;1;1;1
202000043629;154 665 568;7;0;2;3;9;1
202000043630;154 665 565;99;0;2;7;0;3
202000043630;154 665 566;7;0;9;3;0;1
202000043631;154 665 563;7;0;2;2;1;1
202000043631;154 665 564;7;0;2;1;17;1
202000043632;154 665 561;2;0;2;8;21;1
202000043632;154 665 562;7;0;0;0;20;1
202000043633;154 665 559;10;0;2;2;1;1
202000043633;154 665 560;7;0;1;3;16;1
202000043634;154 665 557;10;0;2;1;1;1
202000043634;154 665 558;37;0;2;4;23;1
202000043635;154 665 555;30;0;2;3;19;1
202000043635;154 665 556;7;0;2;2;26;1
202000043636;154 665 553;10;0;2;4;23;1
202000043636;154 665 554;43;0;2;1;1;1
202000043637;154 665 552;7;4;0;1;13;1
202000043638;154 665 551;10;1;1;6;13;1
202000043639;154 665 549;30;0;2;1;1;1
202000043639;154 665 550;7;0;2;7;1;1
202000043640;154 665 547;43;0;2;8;18;1
202000043640;154 665 548;10;0;2;2;16;1
202000043641;154 665 545;10;0;2;0;11;1
202000043641;154 665 546;1;0;2;0;17;5
202000043642;154 665 543;33;0;2;4;11;1
202000043642;154 665 544;7;0;2;2;1;3
202000043643;154 665 542;43;0;1;1;1;0
202000043644;154 665 541;50;0;1;7;25;3
202000043645;154 665 539;43;0;2;1;1;1
202000043645;154 665 540;10;0;2;3;10;1
202000043646;154 665 537;34;0;2;1;2;1
202000043646;154 665 538;10;0;2;0;1;1
202000043647;154 665 536;1;0;1;3;1;5
202000043648;154 665 535;7;0;1;1;1;1
202000043649;154 665 534;7;0;1;1;15;1
202000043650;154 665 532;10;0;2;5;22;3
202000043650;154 665 533;33;0;2;1;9;1
202000043651;154 665 531;0;0;1;0;26;0
202000043652;154 665 529;7;0;2;1;9;1
202000043652;154 665 530;50;0;2;7;25;3
202000043653;154 665 528;10;0;1;7;1;1
202000043654;154 665 527;7;0;1;1;26;1
202000043655;154 665 525;33;0;0;0;0;0
202000043655;154 665 526;30;14;0;0;1;1
202000043656;154 665 524;10;6;0;1;1;0
202000043657;154 665 523;10;0;1;2;1;1
202000043658;154 665 521;7;12;2;3;19;0
202000043658;154 665 522;10;0;2;1;0;0
202000043659;154 665 520;32;0;1;1;21;1
202000043660;154 665 519;34;0;1;0;16;1
202000043661;154 665 517;7;0;0;3;1;0
202000043661;154 665 518;10;0;2;1;19;0
202000043662;154 665 515;7;0;2;7;4;1
202000043662;154 665 516;30;0;2;1;1;0
202000043663;154 665 512;50;0;2;8;1;3
202000043663;154 665 513;7;0;2;5;16;1
202000043664;154 665 510;7;0;2;2;16;0
202000043664;154 665 511;1;0;2;1;26;5
202000043665;154 665 508;7;0;2;3;15;1
202000043665;154 665 509;33;0;1;8;1;1
202000043666;154 665 506;10;1;9;3;0;1
202000043666;154 665 507;80;0;9;7;2;3
202000043667;154 665 505;7;6;0;0;1;1
202000043668;154 665 503;10;0;2;1;1;1
202000043668;154 665 504;7;0;2;1;5;1
202000043669;154 665 501;7;0;2;3;1;1
202000043669;154 665 502;7;0;2;3;13;1
202000043670;154 665 499;2;16;0;0;1;1
202000043670;154 665 500;17;0;0;0;17;1
202000043671;154 665 498;7;15;0;0;1;1
202000043672;154 665 497;7;16;0;9;1;1
202000043673;154 665 494;7;0;0;1;23;1
202000043673;154 665 495;7;0;2;5;15;1
202000043673;154 665 496;7;0;2;3;1;1
202000043674;154 665 492;7;0;2;1;15;1
202000043674;154 665 493;2;0;2;1;1;1
202000043675;154 665 490;30;0;2;7;1;1
202000043675;154 665 491;21;0;2;8;1;1
202000043676;154 665 489;14;15;0;1;1;1
202000043677;154 665 488;7;0;1;7;17;1
202000043678;154 665 486;10;0;2;8;11;0
202000043678;154 665 487;33;0;2;7;17;1
202000043679;154 665 484;7;4;0;6;2;1
202000043679;154 665 485;15;0;2;2;12;1
202000043680;154 665 483;7;6;0;1;13;1
202000043681;154 665 481;7;0;2;3;15;1
202000043681;154 665 482;80;0;2;8;21;3
202000043682;154 665 480;7;0;1;6;4;1
202000043683;154 665 478;7;0;2;1;1;1
202000043683;154 665 479;7;0;2;1;13;1
202000043684;154 665 476;7;0;1;4;4;1
202000043685;154 665 475;14;0;0;0;0;1
202000043686;154 665 472;7;0;2;1;13;1
202000043686;154 665 473;15;0;2;1;21;1
202000043686;154 665 474;7;0;2;1;1;1
202000043687;154 665 471;31;0;0;5;1;1
202000043688;154 665 469;7;0;2;0;26;1
202000043688;154 665 470;1;0;2;0;0;5
202000043689;154 665 467;1;0;2;1;1;0
202000043689;154 665 468;7;0;2;0;0;0
202000043690;154 665 465;7;0;2;2;1;1
202000043690;154 665 466;7;0;2;3;19;1
202000043691;154 665 464;33;0;0;9;1;1
202000043692;154 665 462;7;0;2;7;15;1
202000043692;154 665 463;7;0;2;1;1;1
202000043693;154 665 461;7;0;0;1;17;1
202000043694;154 665 459;2;0;2;1;17;1
202000043694;154 665 460;7;0;2;1;1;1
202000043695;154 665 458;7;1;0;2;26;1
202000043696;154 665 456;7;0;2;8;26;1
202000043696;154 665 457;7;0;2;1;1;1
202000043697;154 665 455;7;0;1;2;1;1
202000043698;154 665 454;7;0;1;1;1;1
202000043699;154 665 452;7;0;2;4;2;1
202000043699;154 665 453;2;0;2;1;2;1
202000043700;154 665 450;7;0;2;7;1;1
202000043700;154 665 451;2;0;2;8;1;1
202000043701;154 665 446;7;0;2;1;2;1
202000043701;154 665 447;7;0;2;5;23;1
202000043701;154 665 448;7;0;2;1;23;1
202000043701;154 665 449;7;0;2;4;23;1
202000043702;154 665 443;7;0;2;1;13;1
202000043702;154 665 444;7;0;2;1;1;1
202000043702;154 665 445;7;0;2;1;1;1
202000043703;154 665 441;7;0;2;7;15;1
202000043703;154 665 442;30;0;2;1;1;1
202000043704;154 665 439;7;0;2;0;1;
202000043704;154 665 440;2;0;2;0;1;
202000043705;154 665 438;7;0;1;1;1;1
202000043706;154 665 436;7;0;2;4;2;1
202000043706;154 665 437;7;0;2;4;2;1
202000043707;154 665 435;30;0;0;2;21;1
202000043708;154 665 433;7;0;2;4;23;1
202000043708;154 665 434;7;0;2;1;1;1
202000043709;154 665 432;2;0;2;0;1;1
202000043710;154 665 430;7;0;2;4;2;1
202000043710;154 665 431;1;0;2;1;2;5
202000043711;154 665 428;7;0;0;4;1;
202000043711;154 665 429;7;0;2;1;1;0
202000043712;154 665 425;10;0;2;3;1;0
202000043712;154 665 426;10;0;2;1;19;0
202000043713;154 665 424;7;0;1;4;26;1
202000043714;154 665 422;2;0;2;0;15;1
202000043714;154 665 423;7;0;2;0;1;1
202000043715;154 665 421;7;0;1;1;1;1
202000043716;154 665 419;7;0;2;2;15;1
202000043716;154 665 420;7;0;2;1;1;1
202000043717;154 665 415;7;0;2;6;1;1
202000043717;154 665 416;7;0;2;1;13;1
202000043717;154 665 417;7;0;2;6;1;1
202000043717;154 665 418;7;0;2;1;1;1
202000043718;154 665 413;7;0;2;8;15;1
202000043718;154 665 414;31;0;2;1;1;1
202000043719;154 665 410;7;0;2;4;1;1
202000043719;154 665 411;7;0;2;4;1;1
202000043719;154 665 412;7;0;2;1;1;1
202000043720;154 665 408;2;0;2;8;1;1
202000043720;154 665 409;10;0;2;2;14;1
202000043721;154 665 406;17;0;2;2;15;1
202000043721;154 665 407;33;0;2;1;1;1
202000043722;154 665 405;7;0;1;0;26;0
202000043723;154 665 402;7;0;2;1;2;1
202000043723;154 665 403;7;0;2;6;2;1
202000043723;154 665 404;7;0;2;4;2;1
202000043724;154 665 400;7;0;2;3;15;1
202000043724;154 665 401;1;0;2;1;1;0
202000043725;154 665 398;7;0;2;1;1;1
202000043725;154 665 399;7;0;2;1;1;1
202000043726;154 665 397;7;0;1;3;1;1
202000043727;154 665 395;7;0;2;4;2;0
202000043727;154 665 396;7;0;2;1;2;0
202000043728;154 665 394;10;0;1;4;4;1
202000043729;154 665 393;7;0;1;1;1;1
202000043730;154 665 392;7;0;1;3;1;1
202000043731;154 665 390;1;0;2;1;19;5
202000043731;154 665 391;7;0;2;6;1;1
202000043732;154 665 388;7;0;2;0;15;1
202000043732;154 665 389;32;0;2;0;2;1
202000043733;154 665 386;1;0;2;1;1;5
202000043733;154 665 387;7;0;2;1;9;1
202000043734;154 665 384;2;0;2;1;2;1
202000043734;154 665 385;7;0;2;4;2;1
202000043735;154 665 383;7;0;1;0;0;0
202000043736;154 665 379;7;0;2;4;2;1
202000043736;154 665 380;10;1;0;0;2;1
202000043736;154 665 381;10;0;2;4;2;1
202000043736;154 665 382;13;0;2;4;23;1
202000043737;154 665 378;10;0;1;1;1;1
202000043738;154 665 377;7;0;1;1;1;1
202000043739;154 665 375;7;0;2;1;1;1
202000043739;154 665 376;7;0;2;7;15;1
202000043740;154 665 374;7;0;1;1;0;0
202000043741;154 665 372;30;0;2;1;1;1
202000043741;154 665 373;7;0;2;3;15;1
202000043742;154 665 371;7;0;1;1;1;1
202000043743;154 665 369;7;0;2;1;1;1
202000043743;154 665 370;7;0;2;4;2;1
202000043744;154 665 367;10;0;2;7;0;1
202000043744;154 665 368;7;3;0;9;1;1
202000043745;154 665 365;7;9;2;2;17;1
202000043745;154 665 366;7;0;2;3;15;1
202000043746;154 665 363;7;0;2;3;10;0
202000043746;154 665 364;7;0;2;1;1;0
202000043747;154 665 361;32;0;9;7;0;1
202000043747;154 665 362;50;0;2;8;0;3
202000043748;154 665 360;34;0;1;1;1;1
202000043749;154 665 358;7;0;2;2;0;1
202000043749;154 665 359;7;0;2;1;15;1
202000043750;154 665 356;7;0;2;3;15;1
202000043750;154 665 357;7;0;2;3;0;1
202000043751;154 665 354;7;0;2;8;1;1
202000043751;154 665 355;7;0;2;8;13;1
202000043752;154 665 352;7;0;0;3;2;1
202000043752;154 665 353;30;0;2;1;17;1
202000043753;154 665 350;7;0;2;5;15;1
202000043753;154 665 351;7;0;2;1;1;2
202000043754;154 665 349;31;0;0;7;1;1
202000043755;154 665 348;7;0;1;1;1;1
202000043756;154 665 346;33;0;2;1;1;1
202000043756;154 665 347;3;0;2;4;10;1
202000043757;154 665 344;32;0;2;2;1;1
202000043757;154 665 345;7;0;2;3;9;1
202000043758;154 665 343;7;8;0;1;1;1
202000043759;154 665 342;1;0;1;4;1;5
202000043760;154 665 340;10;0;2;4;2;1
202000043760;154 665 341;1;0;2;1;2;5
202000043761;154 665 339;37;0;0;0;1;1
202000043762;154 665 337;7;0;2;2;1;1
202000043762;154 665 338;7;0;2;3;1;1
202000043763;154 665 335;7;0;2;2;12;1
202000043763;154 665 336;33;0;2;1;1;1
202000043764;154 665 333;33;0;2;1;1;1
202000043764;154 665 334;7;0;2;2;15;1
202000043765;154 665 331;7;0;2;2;9;1
202000043765;154 665 332;30;1;2;9;1;1
202000043766;154 665 329;7;0;2;4;23;1
202000043766;154 665 330;7;0;2;1;2;1
202000043767;154 665 328;7;14;0;3;13;1
202000043768;154 665 327;7;0;1;3;15;1
202000043769;154 665 326;80;0;0;0;21;3
202000043770;154 665 324;7;0;2;2;17;1
202000043770;154 665 325;1;0;2;4;17;5
202000043771;154 665 323;33;0;0;8;21;1
202000043772;154 665 321;7;0;2;7;22;1
202000043772;154 665 322;1;0;2;1;1;5
202000043773;154 665 319;7;0;2;6;13;1
202000043773;154 665 320;32;0;2;1;1;1
202000043774;154 665 317;10;0;2;1;15;1
202000043774;154 665 318;30;0;2;8;1;3
202000043775;154 665 316;50;0;0;3;15;3
202000043776;154 665 315;7;0;1;1;1;2
202000043777;154 665 314;7;0;1;2;1;1
202000043778;154 665 312;1;0;2;1;1;5
202000043778;154 665 313;10;0;9;1;15;1
202000043779;154 665 310;7;0;2;3;9;1
202000043779;154 665 311;15;0;2;5;1;1
202000043780;154 665 309;32;0;1;3;25;0
202000043781;154 665 308;7;0;1;3;1;1
202000043782;154 665 307;34;1;0;1;13;1
202000043783;154 665 305;30;0;0;0;0;0
202000043783;154 665 306;30;0;2;1;1;1
202000043784;154 665 303;37;0;2;1;1;1
202000043784;154 665 304;13;0;2;4;1;1
202000043785;154 665 302;7;0;1;3;13;1
202000043786;154 665 301;10;0;1;1;17;0
202000043787;154 665 298;7;0;2;1;23;0
202000043787;154 665 299;7;14;0;3;23;0
202000043787;154 665 300;7;0;2;1;1;1
202000043788;154 665 297;7;0;1;3;1;1
202000043789;154 665 295;2;0;2;1;1;1
202000043789;154 665 296;7;0;2;7;1;1
202000043790;154 665 293;10;0;2;1;26;1
202000043790;154 665 294;7;0;2;4;16;1
202000043791;154 665 291;33;0;2;2;2;1
202000043791;154 665 292;7;0;2;8;2;1
202000043792;154 665 290;32;0;1;1;17;1
202000043793;154 665 289;7;16;0;9;1;1
202000043794;154 665 287;7;0;2;1;15;1
202000043794;154 665 288;2;0;2;1;0;1
202000043795;154 665 286;32;0;0;0;0;1
202000043796;154 665 285;7;0;1;1;1;0
202000043797;154 665 283;33;0;2;1;1;0
202000043797;154 665 284;7;0;2;7;15;6
202000043798;154 665 282;2;0;9;1;26;1
202000043799;154 665 281;50;0;0;0;25;3
202000043800;154 665 279;1;0;2;7;19;5
202000043800;154 665 280;7;0;9;1;19;1
202000043801;154 665 277;1;1;0;1;13;5
202000043801;154 665 278;7;0;9;8;24;1
202000043802;154 665 276;33;16;0;1;2;3
202000043803;154 665 274;33;0;2;3;0;1
202000043803;154 665 275;7;0;2;3;16;0
202000043804;154 665 273;7;0;1;2;5;1
202000043805;154 665 271;7;0;2;1;1;1
202000043805;154 665 272;7;0;2;3;15;1
202000043806;154 665 270;7;6;1;2;1;1
202000043807;154 665 269;7;6;0;3;1;1
202000043808;154 665 267;31;0;2;1;1;0
202000043808;154 665 268;7;0;2;3;10;0
202000043809;154 665 266;7;0;1;1;1;1
202000043810;154 665 264;7;0;2;1;1;1
202000043810;154 665 265;7;0;0;1;19;1
202000043811;154 665 262;7;0;2;2;1;0
202000043811;154 665 263;1;0;2;4;0;5
202000043812;154 665 259;7;0;1;3;1;1
202000043813;154 665 257;2;0;2;1;1;1
202000043813;154 665 258;7;0;2;7;15;1
202000043814;154 665 255;10;0;2;3;1;1
202000043814;154 665 256;7;0;2;3;1;1
202000043815;154 665 254;7;2;0;8;1;1
202000043816;154 665 253;7;0;0;1;1;1
202000043817;154 665 252;1;17;0;0;1;5
202000043818;154 665 250;7;0;2;2;1;1
202000043818;154 665 251;7;0;2;3;9;0
202000043819;154 665 249;7;2;0;3;1;1
202000043820;154 665 247;7;7;2;8;19;1
202000043820;154 665 248;7;0;2;1;2;1
202000043821;154 665 246;7;4;0;1;1;0
202000043822;154 665 244;7;0;1;1;1;1
202000043823;154 665 243;33;13;0;3;1;1
202000043824;154 665 241;7;0;2;1;5;1
202000043824;154 665 242;7;0;2;1;21;1
202000043825;154 665 239;33;0;0;1;1;1
202000043825;154 665 240;7;0;0;5;26;1
202000043826;154 665 237;7;0;0;1;0;1
202000043826;154 665 238;1;0;0;8;0;5
202000043827;154 665 236;32;0;0;8;1;1
202000043828;154 665 234;2;0;2;1;5;1
202000043828;154 665 235;7;0;2;2;1;0
202000043829;154 665 231;10;0;2;8;1;0
202000043829;154 665 232;7;5;2;3;1;0
202000043829;154 665 233;7;0;2;1;15;0
202000043830;154 665 228;7;0;2;3;1;0
202000043830;154 665 229;7;0;2;3;15;0
202000043830;154 665 230;7;0;2;3;23;0
202000043831;154 665 226;32;0;2;1;0;1
202000043831;154 665 227;1;0;2;1;1;5
202000043832;154 665 224;33;0;2;1;18;1
202000043832;154 665 225;7;0;2;1;15;1
202000043833;154 665 223;7;6;0;1;1;1
202000043834;154 665 221;7;0;2;1;17;1
202000043834;154 665 222;7;0;2;1;21;1
202000043835;154 665 219;7;13;0;3;1;1
202000043835;154 665 220;7;13;0;4;4;2
202000043836;154 665 217;7;0;2;3;1;1
202000043836;154 665 218;7;0;6;1;13;1
202000043837;154 665 215;30;0;2;1;1;1
202000043837;154 665 216;7;0;2;1;15;1
202000043838;154 665 214;7;2;0;3;2;1
202000043839;154 665 212;7;0;2;2;16;0
202000043839;154 665 213;1;0;2;1;5;5
202000043840;154 665 209;7;4;2;1;1;1
202000043840;154 665 210;14;0;2;2;12;1
202000043840;154 665 211;7;4;2;6;1;1
202000043841;154 665 207;7;0;2;4;2;1
202000043841;154 665 208;7;0;2;1;1;1
202000043842;154 665 204;7;0;2;6;1;1
202000043842;154 665 205;7;0;2;4;2;1
202000043842;154 665 206;7;0;2;1;2;1
202000043843;154 665 201;7;0;2;1;2;1
202000043843;154 665 202;7;0;2;9;1;1
202000043843;154 665 203;7;0;2;4;1;1
202000043844;154 665 199;10;0;2;3;15;1
202000043844;154 665 200;7;0;2;2;15;1
202000043845;154 665 198;7;6;0;0;0;1
202000043846;154 665 195;7;0;2;6;2;1
202000043846;154 665 196;7;0;2;4;2;1
202000043846;154 665 197;7;0;2;1;2;1
202000043847;154 665 191;7;0;2;1;1;1
202000043847;154 665 192;10;0;2;4;2;1
202000043847;154 665 193;10;0;2;4;2;1
202000043847;154 665 194;10;0;2;4;2;0
202000043848;154 665 189;7;0;2;4;1;1
202000043848;154 665 190;7;0;2;1;1;1
202000043849;154 665 188;33;5;0;1;1;1
202000043850;154 665 185;10;0;2;4;1;1
202000043850;154 665 186;7;0;2;7;1;1
202000043850;154 665 187;34;0;2;8;3;1
202000043851;154 665 183;33;0;2;8;3;1
202000043851;154 665 184;7;0;2;7;12;1
202000043852;154 665 180;7;0;2;4;2;1
202000043852;154 665 181;7;0;2;1;2;1
202000043852;154 665 182;7;0;2;1;2;1
202000043853;154 665 179;10;3;0;2;18;1
202000043854;154 665 177;33;0;2;1;26;1
202000043854;154 665 178;10;0;2;5;0;1
202000043855;154 665 176;7;4;0;3;1;1
202000043856;154 665 175;33;0;0;7;1;1
202000043857;154 665 173;15;0;2;6;13;1
202000043857;154 665 174;7;4;2;2;1;1
202000043858;154 665 172;7;0;0;9;0;1
202000043859;154 665 168;7;0;2;4;2;1
202000043859;154 665 169;10;0;2;1;2;1
202000043859;154 665 170;10;0;2;9;2;1
202000043859;154 665 171;7;0;2;9;2;1
202000043860;154 665 166;7;0;1;1;1;1
202000043861;154 665 165;7;0;1;2;1;1
202000043862;154 665 163;2;0;2;1;2;1
202000043862;154 665 164;2;0;2;5;16;1
202000043863;154 665 161;7;0;2;1;1;1
202000043863;154 665 162;10;8;2;8;1;1
202000043864;154 665 159;7;0;2;3;0;0
202000043864;154 665 160;1;0;2;0;1;0
202000043865;154 665 158;7;0;1;2;26;1
202000043866;154 665 156;33;0;2;2;17;1
202000043866;154 665 157;7;0;2;3;11;2
202000043867;154 665 152;7;0;2;1;26;1
202000043867;154 665 153;7;0;2;4;2;1
202000043867;154 665 154;7;0;2;4;2;0
202000043867;154 665 155;7;0;2;4;2;1
202000043868;154 665 150;10;0;2;4;23;1
202000043868;154 665 151;7;0;2;1;1;1
202000043869;154 665 148;7;0;2;1;19;1
202000043869;154 665 149;2;0;2;6;1;1
202000043870;154 665 146;7;0;2;1;15;1
202000043870;154 665 147;2;0;2;1;18;1
202000043871;154 665 144;7;0;2;1;16;1
202000043871;154 665 145;1;0;2;8;5;0
202000043872;154 665 143;7;0;1;2;1;0
202000043873;154 665 141;7;0;2;6;1;1
202000043873;154 665 142;33;0;2;1;0;1
202000043874;154 665 139;1;0;0;3;13;5
202000043874;154 665 140;1;0;2;1;17;5
202000043875;154 665 138;10;0;1;2;26;1
202000043876;154 665 137;7;0;1;7;17;0
202000043877;154 665 135;7;0;2;1;2;1
202000043877;154 665 136;7;0;2;4;2;0
202000043878;154 665 133;7;0;2;1;13;1
202000043878;154 665 134;37;0;2;1;1;1
202000043879;154 665 131;2;1;0;8;1;1
202000043880;154 665 129;10;0;2;7;15;1
202000043880;154 665 130;33;0;2;1;1;1
202000043881;154 665 127;7;0;1;1;2;1
202000043882;154 665 125;7;0;2;4;2;0
202000043882;154 665 126;0;0;2;0;0;0
202000043883;154 665 124;33;1;0;1;1;1
202000043884;154 665 123;7;13;0;0;13;0
202000043885;154 665 121;2;0;2;1;17;1
202000043885;154 665 122;3;0;2;3;15;1
202000043886;154 665 120;7;15;0;1;1;1
202000043887;154 665 118;7;6;2;1;15;1
202000043887;154 665 119;33;12;2;1;1;1
202000043888;154 665 117;7;0;1;3;1;1
202000043889;154 665 115;1;0;2;1;1;5
202000043889;154 665 116;7;0;9;3;15;1
202000043890;154 665 113;1;0;9;4;1;5
202000043890;154 665 114;1;0;9;1;1;5
202000043891;154 665 112;7;0;1;1;1;1
202000043892;154 665 111;0;0;1;3;9;0
202000043893;154 665 110;30;0;2;0;9;1