Num_Acc;id_vehicule;categorie_vehicule;obstacle_fixe;obstacle_mobile;point_choc_initial;manoeuvre_principale;motorisation
202000043894;154 665 107;7;0;2;4;2;1
202000043894;154 665 108;7;0;2;4;2;1
202000043894;154 665 109;10;0;2;1;2;1
202000043895;154 665 105;31;0;2;1;17;1
202000043895;154 665 106;7;0;2;6;1;1
202000043896;154 665 104;30;0;0;8;1;1
202000043897;154 665 102;7;0;2;4;2;1
202000043897;154 665 103;10;0;2;1;2;1
202000043898;154 665 101;7;0;1;2;1;3
202000043899;154 665 099;7;0;2;4;2;1
202000043899;154 665 100;33;1;2;1;2;1
202000043900;154 665 096;7;0;2;1;9;1
202000043900;154 665 097;7;0;2;7;1;1
202000043900;154 665 098;7;0;2;1;1;1
202000043901;154 665 093;7;3;0;9;0;1
202000043902;154 665 092;32;;;;;
202000043903;154 665 091;7;0;1;2;1;1
202000043904;154 665 090;10;0;1;2;1;1
202000043905;154 665 085;7;3;2;5;13;1
202000043905;154 665 086;7;0;2;1;1;1
202000043905;154 665 087;7;0;2;8;0;1
202000043905;154 665 088;10;0;2;1;1;1
202000043906;154 665 083;7;0;2;1;1;1
202000043906;154 665 084;7;0;2;2;1;1
202000043907;154 665 082;7;0;1;1;16;1
202000043908;154 665 079;80;0;2;1;1;3
202000043908;154 665 080;7;0;2;2;1;1
202000043908;154 665 081;7;0;2;3;23;1
202000043909;154 665 078;7;0;1;4;4;1
202000043910;154 665 076;7;0;2;2;1;1
202000043910;154 665 077;7;0;2;3;16;1
202000043911;154 665 074;7;0;2;4;16;1
202000043911;154 665 075;33;0;2;1;16;1
202000043912;154 665 072;1;0;2;1;5;5
202000043912;154 665 073;7;0;2;5;1;1
202000043913;154 665 070;1;0;2;1;1;0
202000043913;154 665 071;7;0;2;1;9;1
202000043914;154 665 068;7;0;2;2;1;1
202000043914;154 665 069;7;0;2;1;1;1
202000043915;154 665 066;10;0;2;2;1;1
202000043915;154 665 067;10;0;2;6;19;1
202000043916;154 665 064;7;0;2;3;15;1
202000043916;154 665 065;7;0;2;2;1;1
202000043917;154 665 063;13;0;1;3;26;0
202000043918;154 665 060;7;0;2;1;17;1
202000043918;154 665 061;7;0;2;0;9;1
202000043918;154 665 062;7;0;0;0;0;0
202000043919;154 665 059;7;0;1;1;1;1
202000043920;154 665 057;7;0;2;2;1;1
202000043920;154 665 058;31;0;2;8;1;1
202000043921;154 665 055;7;0;2;2;14;1
202000043921;154 665 056;50;0;2;1;19;3
202000043922;154 665 053;34;0;2;5;16;1
202000043922;154 665 054;7;0;2;2;1;1
202000043923;154 665 051;7;0;2;1;2;1
202000043923;154 665 052;33;14;0;0;23;1
202000043924;154 665 050;7;1;0;1;1;1
202000043925;154 665 049;30;0;0;0;26;1
202000043926;154 665 047;7;0;9;1;1;1
202000043926;154 665 048;50;0;2;7;1;3
202000043927;154 665 046;2;16;0;1;15;1
202000043928;154 665 044;7;0;2;2;1;1
202000043928;154 665 045;1;0;2;1;1;5
202000043929;154 665 042;7;0;2;4;2;1
202000043929;154 665 043;15;0;2;1;2;1
202000043930;154 665 041;7;2;0;1;21;0
202000043931;154 665 040;7;0;1;5;1;1
202000043932;154 665 039;31;0;2;7;2;3
202000043933;154 665 037;10;0;0;4;2;1
202000043933;154 665 038;1;0;2;1;2;5
202000043934;154 665 035;7;0;0;8;1;1
202000043934;154 665 036;7;0;2;1;19;1
202000043935;154 665 033;1;0;2;8;1;5
202000043935;154 665 034;7;0;2;1;15;1
202000043936;154 665 031;30;0;2;1;1;1
202000043936;154 665 032;7;0;2;1;15;1
202000043937;154 665 030;7;0;1;1;15;1
202000043938;154 665 028;31;0;0;0;15;1
202000043938;154 665 029;10;0;0;0;26;1
202000043939;154 665 027;15;0;0;1;17;1
202000043940;154 665 026;80;12;0;7;12;3
202000043941;154 665 024;34;0;2;1;21;1
202000043941;154 665 025;7;0;2;2;15;1
202000043942;154 665 022;7;0;2;1;15;1
202000043942;154 665 023;32;0;2;8;1;1
202000043943;154 665 020;7;0;2;1;15;1
202000043943;154 665 021;30;0;2;3;1;1
202000043944;154 665 019;7;0;1;2;1;1
202000043945;154 665 017;33;0;2;1;17;1
202000043945;154 665 018;7;0;2;3;15;1
202000043946;154 665 015;33;0;2;1;1;1
202000043946;154 665 016;7;0;2;7;15;1
202000043947;154 665 013;7;0;2;3;15;1
202000043947;154 665 014;7;0;2;1;1;1
202000043948;154 665 011;7;16;2;1;13;1
202000043948;154 665 012;7;0;2;6;23;1
202000043949;154 665 010;7;0;1;3;1;1
202000043950;154 665 009;7;6;0;1;13;1
202000043951;154 665 008;7;0;5;1;1;1
202000043952;154 665 007;2;0;0;0;1;1
202000043953;154 665 004;7;0;2;1;2;1
202000043953;154 665 005;7;0;2;4;2;1
202000043953;154 665 006;7;0;2;4;2;1
202000043954;154 665 002;32;1;0;1;1;1
202000043954;154 665 003;7;0;2;5;0;1
202000043955;154 665 000;2;0;2;5;15;1
202000043955;154 665 001;7;0;2;2;1;1
202000043956;154 664 998;50;0;2;0;0;3
202000043956;154 664 999;7;0;2;2;15;1
202000043957;154 664 997;7;0;1;1;15;1
202000043958;154 664 995;7;0;2;4;26;1
202000043958;154 664 996;20;0;2;1;26;1
202000043959;154 664 993;7;0;2;1;26;0
202000043959;154 664 994;2;0;2;4;0;0
202000043960;154 664 992;20;0;0;1;16;1
202000043961;154 664 991;1;0;0;0;26;5
202000043962;154 664 989;33;0;2;1;2;1
202000043962;154 664 990;10;0;2;4;2;1
202000043963;154 664 987;7;0;2;1;1;1
202000043963;154 664 988;10;0;2;5;19;1
202000043964;154 664 985;7;0;2;2;12;2
202000043964;154 664 986;34;0;2;3;1;1
202000043965;154 664 983;7;0;2;4;1;1
202000043965;154 664 984;33;0;2;1;2;1
202000043966;154 664 982;7;10;0;1;1;1
202000043967;154 664 980;50;0;2;1;1;3
202000043967;154 664 981;1;0;2;1;15;5
202000043968;154 664 978;7;0;2;1;2;1
202000043968;154 664 979;50;0;2;8;19;3
202000043969;154 664 977;50;0;1;1;8;3
202000043970;154 664 976;42;0;1;1;17;1
202000043971;154 664 975;7;12;0;1;15;1
202000043972;154 664 973;7;0;2;0;15;1
202000043972;154 664 974;32;0;2;3;1;1
202000043973;154 664 972;7;0;1;2;1;1
202000043974;154 664 970;7;0;2;1;1;2
202000043974;154 664 971;1;0;2;1;13;5
202000043975;154 664 968;7;0;2;4;23;1
202000043975;154 664 969;7;0;2;1;2;1
202000043976;154 664 966;32;0;2;1;2;1
202000043976;154 664 967;32;0;2;4;23;1
202000043977;154 664 963;7;0;2;7;1;1
202000043977;154 664 964;1;0;2;1;1;5
202000043977;154 664 965;7;0;2;3;16;1
202000043978;154 664 961;7;0;2;2;16;1
202000043978;154 664 962;1;0;2;3;1;5
202000043979;154 664 959;1;0;2;1;1;5
202000043979;154 664 960;50;0;2;1;5;3
202000043980;154 664 957;7;0;2;4;11;1
202000043980;154 664 958;31;0;2;1;1;1
202000043981;154 664 956;1;0;0;1;21;5
202000043982;154 664 954;1;0;2;3;1;5
202000043982;154 664 955;7;0;2;3;16;1
202000043983;154 664 953;1;0;5;7;1;5
202000043984;154 664 952;32;0;0;0;1;1
202000043985;154 664 950;30;0;2;7;13;1
202000043985;154 664 951;7;0;2;8;17;1
202000043986;154 664 949;30;0;1;1;14;1
202000043987;154 664 946;7;0;2;6;24;2
202000043987;154 664 947;7;0;2;8;22;2
202000043987;154 664 948;2;0;2;2;1;1
202000043988;154 664 944;2;0;2;5;1;1
202000043988;154 664 945;7;0;2;3;9;1
202000043989;154 664 943;1;0;0;7;1;5
202000043990;154 664 941;7;0;2;2;1;1
202000043990;154 664 942;30;0;2;3;1;1
202000043991;154 664 939;1;0;2;6;1;5
202000043991;154 664 940;7;0;2;2;15;1
202000043992;154 664 938;7;0;1;7;20;1
202000043993;154 664 936;1;0;2;2;1;5
202000043993;154 664 937;33;0;2;1;1;1
202000043994;154 664 933;7;0;2;4;2;1
202000043994;154 664 934;7;0;2;4;2;1
202000043994;154 664 935;7;0;2;1;2;1
202000043995;154 664 932;7;0;1;3;15;3
202000043996;154 664 931;1;0;0;1;25;5
202000043997;154 664 930;10;0;1;1;19;1
202000043998;154 664 929;7;0;1;1;1;1
202000043999;154 664 927;31;0;2;1;1;1
202000043999;154 664 928;7;0;2;8;15;1
202000044000;154 664 925;31;0;2;1;9;1
202000044000;154 664 926;7;0;2;2;20;1
202000044001;154 664 922;1;0;2;2;1;5
202000044001;154 664 923;1;0;0;0;0;5
202000044001;154 664 924;10;0;2;0;0;1
202000044002;154 664 920;7;0;2;6;11;0
202000044002;154 664 921;7;0;2;2;21;0
202000044003;154 664 918;7;1;0;0;24;0
202000044003;154 664 919;1;0;2;1;1;5
202000044004;154 664 916;30;0;2;0;0;0
202000044004;154 664 917;7;0;2;3;0;1
202000044005;154 664 914;30;1;0;1;21;1
202000044005;154 664 915;99;0;0;1;1;1
202000044006;154 664 912;7;0;2;2;1;1
202000044006;154 664 913;7;0;2;1;9;1
202000044007;154 664 910;33;0;2;4;2;1
202000044007;154 664 911;17;0;2;1;2;1
202000044008;154 664 908;10;0;0;5;1;1
202000044008;154 664 909;33;0;2;1;1;1
202000044009;154 664 906;7;0;2;1;9;0
202000044009;154 664 907;30;0;2;7;0;0
202000044010;154 664 904;34;8;2;1;1;1
202000044010;154 664 905;7;0;2;3;15;0
202000044011;154 664 903;7;0;1;3;15;0
202000044012;154 664 901;32;0;2;8;1;1
202000044012;154 664 902;7;0;2;7;7;0
202000044013;154 664 899;7;0;2;3;0;1
202000044013;154 664 900;7;0;2;1;26;1
202000044014;154 664 897;43;0;2;7;1;1
202000044014;154 664 898;10;0;2;1;9;1
202000044015;154 664 896;7;6;0;3;20;0
202000044016;154 664 895;1;12;0;0;9;5
202000044017;154 664 893;1;0;2;1;1;5
202000044017;154 664 894;7;0;2;1;15;1
202000044018;154 664 892;7;9;0;1;6;1
202000044019;154 664 890;30;0;2;0;17;1
202000044019;154 664 891;7;0;2;3;19;1
202000044020;154 664 888;7;0;2;1;1;0
202000044020;154 664 889;7;0;2;1;2;0
202000044021;154 664 884;7;0;2;1;15;1
202000044021;154 664 885;1;0;2;1;1;5
202000044022;154 664 883;7;13;0;3;0;1
202000044023;154 664 882;10;0;0;8;1;1
202000044024;154 664 878;7;0;2;2;1;0
202000044024;154 664 879;33;0;2;1;5;1
202000044025;154 664 876;7;0;2;3;1;1
202000044025;154 664 877;32;0;2;1;1;1
202000044026;154 664 875;2;0;0;8;2;1
202000044027;154 664 874;33;0;0;3;1;1
202000044028;154 664 872;2;0;2;1;1;1
202000044028;154 664 873;7;0;0;3;1;1
202000044029;154 664 870;7;8;2;1;1;1
202000044029;154 664 871;7;0;2;3;1;1
202000044030;154 664 869;7;0;1;3;1;1
202000044031;154 664 867;7;0;0;2;1;1
202000044031;154 664 868;2;0;2;1;1;1
202000044032;154 664 865;7;13;0;1;21;1
202000044032;154 664 866;7;13;0;1;2;1
202000044033;154 664 864;2;6;0;2;1;0
202000044034;154 664 862;36;0;0;1;2;1
202000044034;154 664 863;7;0;0;5;2;1
202000044035;154 664 861;7;0;1;1;1;0
202000044036;154 664 859;7;0;2;2;1;1
202000044036;154 664 860;2;0;2;8;1;1
202000044037;154 664 856;15;0;2;6;1;1
202000044037;154 664 857;15;0;2;3;13;1
202000044038;154 664 855;31;0;0;9;1;1
202000044039;154 664 850;7;0;2;3;23;1
202000044039;154 664 851;7;0;2;2;15;1
202000044040;154 664 849;7;1;0;1;0;1
202000044041;154 664 848;7;0;1;2;2;0
202000044042;154 664 846;7;0;2;3;15;1
202000044042;154 664 847;30;0;2;2;17;1
202000044043;154 664 845;7;13;0;0;1;1
202000044044;154 664 843;31;0;2;1;1;1
202000044044;154 664 844;7;0;0;3;0;1
202000044045;154 664 840;15;0;2;3;1;1
202000044045;154 664 841;7;0;2;8;1;1
202000044045;154 664 842;7;0;2;3;17;1
202000044046;154 664 838;2;0;2;1;1;1
202000044046;154 664 839;7;0;2;4;26;1
202000044047;154 664 837;33;0;0;0;0;1
202000044048;154 664 836;7;0;0;0;1;1
202000044049;154 664 832;7;0;2;2;15;1
202000044049;154 664 833;7;0;2;3;1;1
202000044050;154 664 828;7;0;2;4;23;1
202000044050;154 664 829;7;0;2;1;2;1
202000044050;154 664 830;7;0;2;4;23;1
202000044050;154 664 831;7;0;2;4;23;1
202000044051;154 664 827;7;4;0;3;0;6
202000044052;154 664 825;7;0;0;8;15;0
202000044052;154 664 826;7;0;0;1;13;0
202000044053;154 664 823;7;0;2;1;1;1
202000044053;154 664 824;7;0;2;1;13;1
202000044054;154 664 822;7;6;0;1;1;0
202000044055;154 664 820;7;0;2;3;1;1
202000044055;154 664 821;7;0;2;1;1;1
202000044056;154 664 818;1;0;2;6;2;5
202000044056;154 664 819;7;0;2;5;17;1
202000044057;154 664 816;7;0;2;3;1;1
202000044057;154 664 817;7;0;2;3;13;1
202000044058;154 664 814;7;0;2;2;1;1
202000044058;154 664 815;2;0;0;1;1;1
202000044059;154 664 812;7;0;2;7;12;1
202000044059;154 664 813;33;0;2;8;1;1
202000044060;154 664 811;7;0;1;1;1;6
202000044061;154 664 807;2;0;2;7;0;1
202000044061;154 664 808;7;0;2;6;19;1
202000044062;154 664 806;7;2;0;1;14;1
202000044063;154 664 805;1;0;0;9;1;5
202000044064;154 664 803;7;0;2;5;14;1
202000044064;154 664 804;2;0;2;8;18;1
202000044065;154 664 801;7;0;0;4;2;1
202000044065;154 664 802;2;0;2;1;2;1
202000044066;154 664 799;7;0;2;8;1;1
202000044066;154 664 800;2;0;2;0;13;1
202000044067;154 664 797;7;0;2;1;5;1
202000044067;154 664 798;7;0;2;1;1;1
202000044068;154 664 796;33;0;0;9;1;1
202000044069;154 664 794;15;0;2;2;20;1
202000044069;154 664 795;1;0;2;8;1;5
202000044070;154 664 793;21;0;0;0;14;1
202000044071;154 664 790;10;0;2;3;1;1
202000044071;154 664 791;7;0;2;1;1;1
202000044071;154 664 792;7;0;2;8;1;1
202000044072;154 664 789;7;0;1;1;1;1
202000044073;154 664 787;7;0;2;2;17;1
202000044073;154 664 788;10;0;2;6;15;1
202000044074;154 664 785;7;0;2;3;1;1
202000044074;154 664 786;7;0;2;3;1;1
202000044075;154 664 784;7;1;1;5;1;1
202000044076;154 664 782;2;0;2;0;0;0
202000044076;154 664 783;7;0;2;2;19;0
202000044077;154 664 781;1;0;1;0;1;5
202000044078;154 664 778;7;0;0;7;15;0
202000044078;154 664 779;7;0;0;8;0;0
202000044078;154 664 780;33;1;2;1;0;0
202000044079;154 664 776;32;0;2;1;1;1
202000044079;154 664 777;7;0;2;5;6;1
202000044080;154 664 775;99;13;0;2;1;0
202000044081;154 664 774;7;0;1;1;1;1
202000044082;154 664 773;33;0;0;0;26;1
202000044083;154 664 770;7;0;2;4;2;1
202000044083;154 664 771;7;0;2;4;2;1
202000044083;154 664 772;7;0;2;1;2;1
202000044084;154 664 768;7;0;2;3;15;1
202000044084;154 664 769;33;0;2;3;2;1
202000044085;154 664 766;7;0;2;4;23;1
202000044085;154 664 767;31;0;2;1;2;1
202000044086;154 664 765;43;0;0;0;3;1
202000044087;154 664 764;43;0;0;0;3;1
202000044088;154 664 763;7;12;0;3;14;1
202000044089;154 664 761;40;0;1;2;1;3
202000044089;154 664 762;40;0;1;1;1;3
202000044090;154 664 759;7;0;0;0;9;1
202000044090;154 664 760;43;0;0;0;21;1
202000044091;154 664 758;7;0;1;3;15;2
202000044092;154 664 756;43;0;2;3;1;1
202000044092;154 664 757;7;0;2;2;15;1
202000044093;154 664 755;31;0;0;7;1;1
202000044094;154 664 753;1;0;2;4;15;5
202000044094;154 664 754;7;0;2;1;1;0
202000044095;154 664 752;1;0;1;2;2;5
202000044096;154 664 750;1;0;2;8;1;5
202000044096;154 664 751;7;0;2;7;1;1
202000044097;154 664 748;7;8;2;8;1;1
202000044097;154 664 749;7;0;2;1;1;1
202000044098;154 664 747;1;0;1;1;1;5
202000044099;154 664 745;7;0;2;3;9;1
202000044099;154 664 746;31;0;2;6;3;1
202000044100;154 664 744;7;1;0;2;1;1
202000044101;154 664 743;7;0;1;3;26;0
202000044102;154 664 741;32;0;2;3;15;1
202000044102;154 664 742;30;0;2;5;1;1
202000044103;154 664 740;7;0;1;2;1;1
202000044104;154 664 738;7;0;2;2;15;1
202000044104;154 664 739;7;0;2;3;26;0
202000044105;154 664 736;7;0;2;1;15;1
202000044105;154 664 737;7;0;2;8;1;1
202000044106;154 664 734;1;0;0;8;1;0
202000044106;154 664 735;13;0;9;0;17;0
202000044107;154 664 732;33;0;2;3;1;1
202000044107;154 664 733;7;0;2;2;19;1
202000044108;154 664 730;7;0;1;2;26;1
202000044109;154 664 728;2;0;0;0;0;0
202000044109;154 664 729;7;0;2;8;15;1
202000044110;154 664 727;10;0;1;4;4;1
202000044111;154 664 726;7;0;1;2;1;1
202000044112;154 664 724;10;0;2;3;15;1
202000044112;154 664 725;34;0;2;8;1;1
202000044113;154 664 723;30;0;1;1;21;0
202000044114;154 664 722;7;0;1;1;2;1
202000044115;154 664 721;0;0;1;0;26;0
202000044116;154 664 718;7;0;2;0;0;0
202000044116;154 664 719;2;0;2;0;0;1
202000044116;154 664 720;7;0;2;3;0;1
202000044117;154 664 717;7;1;0;2;26;1
202000044118;154 664 715;30;0;2;7;1;1
202000044118;154 664 716;7;0;2;1;1;1
202000044119;154 664 713;43;0;2;1;21;1
202000044119;154 664 714;7;0;2;1;2;1
202000044120;154 664 711;1;0;2;8;26;5
202000044120;154 664 712;2;0;2;1;1;1
202000044121;154 664 710;7;1;0;0;0;1
202000044122;154 664 708;7;0;2;3;16;0
202000044122;154 664 709;7;0;2;2;1;0
202000044123;154 664 706;7;0;0;2;16;1
202000044123;154 664 707;33;0;2;1;17;1
202000044124;154 664 704;7;3;2;1;2;1
202000044124;154 664 705;7;3;0;4;2;1
202000044125;154 664 702;7;0;2;1;13;1
202000044125;154 664 703;7;0;2;3;1;1
202000044126;154 664 701;7;15;0;1;1;1
202000044127;154 664 699;2;0;2;7;14;1
202000044127;154 664 700;33;0;2;8;18;1
202000044128;154 664 696;7;0;2;1;13;1
202000044128;154 664 697;7;0;2;1;13;1
202000044128;154 664 698;10;0;2;1;11;1
202000044129;154 664 694;7;0;2;1;1;1
202000044129;154 664 695;7;0;0;4;1;1
202000044130;154 664 693;7;0;0;6;16;1
202000044131;154 664 691;7;0;2;1;1;1
202000044131;154 664 692;7;0;0;2;15;1
202000044132;154 664 689;7;0;2;3;1;1
202000044132;154 664 690;7;0;2;3;1;0
202000044133;154 664 686;10;0;0;0;21;0
202000044133;154 664 687;7;0;2;3;21;0
202000044133;154 664 688;7;0;2;3;17;0
202000044134;154 664 684;15;0;2;6;13;1
202000044134;154 664 685;7;0;2;3;1;1
202000044135;154 664 682;2;0;2;8;5;1
202000044135;154 664 683;7;0;2;3;5;1
202000044136;154 664 681;7;1;0;3;1;1
202000044137;154 664 679;1;0;2;1;1;5
202000044137;154 664 680;7;0;9;3;16;1
202000044138;154 664 677;7;0;2;1;21;1
202000044138;154 664 678;7;0;0;4;1;1
202000044139;154 664 676;7;8;0;3;1;1
202000044140;154 664 675;7;0;1;3;10;1
202000044141;154 664 672;7;0;1;2;1;1
202000044142;154 664 670;7;16;0;5;1;1
202000044143;154 664 668;7;0;0;4;23;1
202000044143;154 664 669;1;1;0;1;1;5
202000044144;154 664 665;7;8;0;2;2;1
202000044145;154 664 664;33;0;0;7;1;1
202000044146;154 664 663;7;0;1;3;1;1
202000044147;154 664 662;7;0;1;1;1;1
202000044148;154 664 661;17;0;1;1;19;1
202000044149;154 664 659;7;0;0;4;1;1
202000044149;154 664 660;7;0;2;1;1;1
202000044150;154 664 658;7;0;0;9;1;1
202000044151;154 664 656;7;0;2;1;13;1
202000044151;154 664 657;7;2;0;3;1;1
202000044152;154 664 655;7;16;0;0;14;1
202000044153;154 664 653;7;0;9;3;9;0
202000044153;154 664 654;1;0;2;1;15;5
202000044154;154 664 652;7;14;1;2;15;1
202000044155;154 664 651;7;2;0;1;1;1
202000044156;154 664 650;33;0;0;1;1;1
202000044157;154 664 648;33;0;2;1;1;1
202000044157;154 664 649;7;0;2;8;5;1
202000044158;154 664 646;7;0;2;3;1;0
202000044158;154 664 647;3;0;2;1;13;0
202000044159;154 664 644;7;0;2;1;17;0
202000044159;154 664 645;7;0;2;8;15;0
202000044160;154 664 640;7;0;2;0;11;1
202000044160;154 664 641;15;0;2;2;1;1
202000044160;154 664 642;7;0;2;0;1;1
202000044160;154 664 643;7;0;2;0;1;1
202000044161;154 664 637;7;0;2;1;1;1
202000044161;154 664 638;7;0;2;4;1;1
202000044161;154 664 639;7;0;2;4;1;1
202000044162;154 664 635;7;0;2;6;11;1
202000044162;154 664 636;33;0;2;1;2;1
202000044163;154 664 629;7;0;2;4;23;1
202000044163;154 664 630;14;0;2;1;2;1
202000044163;154 664 631;7;0;2;4;23;1
202000044163;154 664 632;10;0;2;4;23;1
202000044163;154 664 633;7;0;2;4;23;1
202000044163;154 664 634;7;0;2;1;2;1
202000044164;154 664 626;7;0;2;0;2;1
202000044164;154 664 627;7;0;2;4;2;1
202000044164;154 664 628;7;0;2;1;1;1
202000044165;154 664 624;31;0;2;2;2;1
202000044165;154 664 625;7;0;2;8;2;1
202000044166;154 664 622;7;1;2;1;2;1
202000044166;154 664 623;7;1;2;1;2;1
202000044167;154 664 621;33;0;2;3;3;1
202000044168;154 664 619;10;0;2;4;1;1
202000044168;154 664 620;33;0;2;1;3;1
202000044169;154 664 615;10;0;2;4;1;1
202000044169;154 664 616;7;0;2;4;1;1
202000044169;154 664 617;7;0;2;4;0;2
202000044169;154 664 618;15;0;2;1;1;1
202000044170;154 664 612;10;0;2;1;1;1
202000044170;154 664 613;7;0;2;4;13;1
202000044170;154 664 614;7;0;9;0;0;1
202000044171;154 664 610;7;0;2;2;1;1
202000044171;154 664 611;33;0;2;6;9;1
202000044172;154 664 609;7;3;0;1;14;1
202000044173;154 664 608;7;3;0;1;14;1
202000044174;154 664 604;10;0;2;4;2;1
202000044174;154 664 605;7;0;2;4;2;1
202000044174;154 664 606;10;0;2;1;9;1
202000044174;154 664 607;7;0;2;4;2;1
202000044175;154 664 603;7;0;1;0;1;1
202000044176;154 664 602;7;6;0;7;15;1
202000044177;154 664 600;7;0;2;3;13;1
202000044177;154 664 601;31;0;2;2;1;1
202000044178;154 664 598;7;0;2;1;1;1
202000044178;154 664 599;7;0;2;8;1;1
202000044179;154 664 596;7;0;9;1;0;0
202000044179;154 664 597;1;0;2;8;1;5
202000044180;154 664 595;7;13;0;2;14;1
202000044181;154 664 593;7;0;2;1;2;1
202000044181;154 664 594;7;0;2;6;1;1
202000044182;154 664 592;7;0;1;3;9;0
202000044183;154 664 590;7;0;2;2;1;1
202000044183;154 664 591;7;0;2;6;1;1
202000044184;154 664 589;7;0;1;3;15;1
202000044185;154 664 587;7;0;2;2;16;1
202000044185;154 664 588;99;0;2;8;1;5
202000044186;154 664 586;10;0;1;1;20;1
202000044187;154 664 583;33;0;2;8;15;1
202000044187;154 664 584;7;0;2;3;1;1
202000044188;154 664 582;2;0;2;7;1;1
202000044188;154 664 585;7;0;2;7;0;1
202000044189;154 664 581;7;8;0;1;14;1
202000044190;154 664 580;0;0;1;0;26;0
202000044191;154 664 578;10;0;0;4;2;1
202000044191;154 664 579;32;0;2;1;1;1
202000044192;154 664 577;7;0;0;9;3;1
202000044193;154 664 575;99;0;0;0;26;1
202000044194;154 664 573;1;0;2;1;1;5
202000044194;154 664 574;7;0;2;3;15;1
202000044195;154 664 571;7;0;2;6;1;1
202000044195;154 664 572;7;0;2;1;1;1
202000044196;154 664 569;7;0;2;1;0;1
202000044196;154 664 570;2;0;2;3;0;1
202000044197;154 664 567;99;0;2;3;26;0
202000044197;154 664 568;37;1;0;1;1;1
202000044198;154 664 566;7;1;0;2;16;1
202000044199;154 664 563;7;0;2;3;0;1
202000044199;154 664 564;7;0;2;3;15;1
202000044199;154 664 565;7;0;2;3;0;1
202000044200;154 664 562;34;15;0;1;13;1
202000044201;154 664 560;7;0;2;4;2;1
202000044201;154 664 561;7;0;2;1;2;1
202000044202;154 664 558;33;0;0;0;0;0
202000044203;154 664 556;2;0;2;3;13;1
202000044203;154 664 557;7;0;2;3;1;1
202000044204;154 664 555;7;0;1;1;26;6
202000044205;154 664 554;7;13;0;3;26;1
202000044206;154 664 552;7;0;2;1;1;1
202000044206;154 664 553;13;0;2;4;1;1
202000044207;154 664 551;7;0;0;9;1;1
202000044208;154 664 548;99;1;2;0;1;1
202000044208;154 664 550;31;0;2;0;1;1
202000044209;154 664 546;7;15;0;1;1;1
202000044210;154 664 547;31;0;2;0;1;1
202000044210;154 664 549;7;0;0;0;0;0
202000044211;154 664 544;32;0;0;0;26;1
202000044212;154 664 543;33;0;2;1;17;1
202000044212;154 664 545;7;0;2;8;15;1
202000044213;154 664 540;1;0;2;1;1;6
202000044213;154 664 542;7;0;9;2;26;1
202000044214;154 664 539;1;0;2;1;1;5
202000044214;154 664 541;10;0;2;3;9;1
202000044215;154 664 537;7;0;2;8;9;2
202000044215;154 664 538;33;0;2;1;1;1
202000044216;154 664 533;10;0;9;0;2;0
202000044216;154 664 534;1;0;0;0;0;5
202000044217;154 664 535;7;0;0;9;1;1
202000044218;154 664 531;34;0;2;1;26;1
202000044218;154 664 532;7;0;0;6;26;1
202000044219;154 664 530;7;0;1;1;1;1
202000044220;154 664 528;7;0;2;2;15;1
202000044220;154 664 529;34;0;2;1;1;1
202000044221;154 664 525;7;0;2;3;9;1
202000044221;154 664 526;2;0;2;7;1;1
202000044222;154 664 522;7;0;2;2;16;0
202000044222;154 664 524;7;0;2;3;1;0
202000044223;154 664 521;7;0;2;3;9;
202000044223;154 664 523;31;0;2;1;17;
202000044224;154 664 519;7;0;2;2;1;1
202000044224;154 664 520;7;0;2;6;0;1
202000044225;154 664 516;7;0;1;2;1;1
202000044226;154 664 517;33;4;2;4;13;1
202000044226;154 664 518;7;0;2;6;23;1
202000044227;154 664 512;7;0;2;1;1;1
202000044227;154 664 514;7;0;2;4;15;1
202000044227;154 664 515;7;0;2;4;23;1
202000044228;154 664 510;7;0;2;5;1;1
202000044228;154 664 511;7;3;2;1;14;1
202000044229;154 664 508;7;0;2;1;1;1
202000044229;154 664 509;7;0;2;8;1;1
202000044230;154 664 507;7;0;1;2;1;1
202000044231;154 664 504;7;0;2;3;15;1
202000044231;154 664 505;34;0;2;8;1;1
202000044231;154 664 506;7;0;2;4;24;1
202000044232;154 664 502;32;0;2;1;1;1
202000044232;154 664 503;7;0;2;7;19;1
202000044233;154 664 499;7;0;2;7;13;1
202000044233;154 664 500;7;0;2;1;0;1
202000044234;154 664 497;7;0;2;5;15;1
202000044234;154 664 498;7;0;2;2;1;1
202000044235;154 664 495;7;0;1;4;4;1
202000044236;154 664 496;10;0;2;0;0;1
202000044236;154 664 501;7;0;2;0;0;0
202000044237;154 664 494;32;0;0;8;15;1
202000044238;154 664 491;7;2;0;3;9;1
202000044239;154 664 492;1;0;2;3;19;5
202000044239;154 664 493;7;0;2;2;1;0
202000044240;154 664 490;7;0;1;1;1;1
202000044241;154 664 489;33;11;0;1;17;1
202000044242;154 664 487;40;0;1;2;1;3
202000044243;154 664 486;7;0;2;8;1;0
202000044243;154 664 488;30;0;2;8;0;0
202000044244;154 664 481;7;9;0;2;26;1
202000044244;154 664 483;1;14;0;8;2;0
202000044245;154 664 482;7;0;2;3;1;1
202000044245;154 664 484;7;0;2;1;1;1