Num_Acc;id_vehicule;categorie_vehicule;obstacle_fixe;obstacle_mobile;point_choc_initial;manoeuvre_principale;motorisation
202000044245;154 664 485;7;0;2;2;26;1
202000044246;154 664 480;7;0;1;1;1;0
202000044247;154 664 479;1;0;0;1;0;5
202000044248;154 664 477;7;0;2;1;1;1
202000044248;154 664 478;7;0;2;7;15;1
202000044249;154 664 476;7;0;1;2;1;1
202000044250;154 664 475;7;6;0;1;20;1
202000044251;154 664 473;2;0;2;8;18;0
202000044251;154 664 474;7;0;2;1;15;0
202000044252;154 664 471;7;0;2;4;2;1
202000044252;154 664 472;7;0;2;1;2;1
202000044253;154 664 469;30;0;2;1;1;0
202000044253;154 664 470;7;0;2;8;1;0
202000044254;154 664 464;7;0;2;3;17;1
202000044254;154 664 466;10;0;2;8;1;1
202000044254;154 664 467;7;0;2;3;1;1
202000044255;154 664 465;7;0;2;3;1;1
202000044255;154 664 468;7;0;2;2;1;1
202000044256;154 664 462;7;0;2;1;16;1
202000044256;154 664 463;1;0;2;8;19;5
202000044257;154 664 460;7;0;2;1;16;1
202000044257;154 664 461;1;0;2;2;1;5
202000044258;154 664 459;7;0;1;2;1;0
202000044259;154 664 457;7;0;2;3;10;1
202000044259;154 664 458;2;0;2;1;1;1
202000044260;154 664 453;7;0;2;8;9;1
202000044260;154 664 456;7;0;2;1;1;1
202000044261;154 664 454;33;0;2;3;1;1
202000044261;154 664 455;7;0;2;2;15;1
202000044262;154 664 450;1;0;2;1;17;2
202000044262;154 664 451;7;0;2;3;15;1
202000044263;154 664 448;1;0;2;7;5;5
202000044263;154 664 449;7;0;2;2;1;1
202000044264;154 664 446;33;0;2;1;1;1
202000044264;154 664 447;7;0;2;1;15;1
202000044265;154 664 444;7;0;2;4;1;1
202000044265;154 664 445;2;0;2;1;1;1
202000044266;154 664 443;10;0;2;1;1;1
202000044266;154 664 452;10;0;2;7;19;1
202000044267;154 664 440;7;0;2;8;0;1
202000044267;154 664 441;7;0;2;1;0;1
202000044268;154 664 439;7;0;2;3;15;1
202000044268;154 664 442;1;0;2;1;1;5
202000044269;154 664 437;7;0;2;4;1;1
202000044269;154 664 438;7;0;2;1;9;1
202000044270;154 664 436;7;3;0;2;14;1
202000044271;154 664 435;1;0;0;0;1;5
202000044272;154 664 432;7;0;2;0;0;1
202000044272;154 664 433;33;0;2;0;2;1
202000044273;154 664 431;7;0;2;1;1;1
202000044273;154 664 434;7;0;2;0;0;1
202000044274;154 664 430;7;0;1;2;15;1
202000044275;154 664 427;7;0;2;2;2;1
202000044275;154 664 428;7;0;0;6;1;1
202000044276;154 664 426;7;0;0;7;1;
202000044276;154 664 429;7;0;2;2;16;
202000044277;154 664 423;7;0;2;4;23;1
202000044277;154 664 424;7;0;2;1;9;1
202000044277;154 664 425;7;0;0;0;0;1
202000044278;154 664 422;7;0;1;3;1;1
202000044279;154 664 421;31;8;0;1;1;1
202000044280;154 664 420;31;0;0;0;26;1
202000044281;154 664 419;33;0;0;0;26;1
202000044282;154 664 417;7;0;2;4;2;1
202000044282;154 664 418;7;0;2;1;2;1
202000044283;154 664 415;80;14;0;1;2;3
202000044283;154 664 416;10;0;9;4;23;1
202000044284;154 664 413;7;0;2;4;2;1
202000044284;154 664 414;7;0;2;1;26;1
202000044285;154 664 407;7;0;0;0;0;0
202000044285;154 664 408;7;14;0;1;2;1
202000044285;154 664 410;7;0;2;1;12;1
202000044286;154 664 409;1;0;2;4;26;6
202000044286;154 664 411;7;0;9;8;26;1
202000044286;154 664 412;7;0;2;8;17;1
202000044287;154 664 404;1;0;2;1;25;5
202000044287;154 664 406;7;0;2;3;15;1
202000044288;154 664 403;7;0;2;2;1;1
202000044288;154 664 405;7;0;2;1;1;1
202000044289;154 664 401;7;2;0;1;13;1
202000044290;154 664 400;7;0;2;1;15;1
202000044290;154 664 402;1;0;2;7;26;5
202000044291;154 664 397;7;0;2;0;0;1
202000044291;154 664 399;7;0;2;0;0;1
202000044292;154 664 396;7;0;2;3;1;1
202000044292;154 664 398;7;0;2;2;1;1
202000044293;154 664 391;7;0;2;1;15;1
202000044293;154 664 392;10;0;2;8;1;1
202000044294;154 664 393;7;0;2;3;1;1
202000044294;154 664 394;7;0;2;2;1;1
202000044295;154 664 390;7;1;0;2;1;1
202000044296;154 664 388;34;0;2;2;17;1
202000044296;154 664 389;7;0;2;1;9;1
202000044297;154 664 385;50;0;2;1;1;3
202000044297;154 664 387;7;0;2;2;1;1
202000044298;154 664 384;2;0;2;1;1;1
202000044298;154 664 386;7;0;2;7;15;1
202000044299;154 664 381;7;0;2;8;15;0
202000044299;154 664 382;2;0;2;1;1;1
202000044300;154 664 380;7;0;2;5;1;1
202000044300;154 664 383;7;0;2;3;9;1
202000044301;154 664 378;99;0;2;1;17;1
202000044301;154 664 379;7;0;2;3;15;1
202000044302;154 664 376;33;0;2;1;1;1
202000044302;154 664 377;15;0;2;8;0;1
202000044303;154 664 374;7;0;0;6;1;1
202000044303;154 664 375;33;0;2;1;16;1
202000044304;154 664 369;7;0;2;9;1;1
202000044304;154 664 371;7;0;2;4;1;1
202000044304;154 664 372;7;0;2;9;1;1
202000044304;154 664 373;7;0;2;1;1;1
202000044305;154 664 367;7;4;2;4;23;1
202000044305;154 664 368;7;0;2;1;2;1
202000044306;154 664 365;7;0;2;6;23;1
202000044306;154 664 366;33;0;2;1;1;1
202000044307;154 664 363;7;0;2;3;13;1
202000044307;154 664 364;7;0;2;6;0;1
202000044308;154 664 362;7;1;1;3;1;1
202000044309;154 664 361;2;0;2;1;17;1
202000044309;154 664 370;7;0;2;1;15;1
202000044310;154 664 360;30;0;0;0;21;1
202000044311;154 664 356;7;0;2;1;1;0
202000044311;154 664 358;7;0;2;1;13;1
202000044312;154 664 352;33;0;2;1;0;1
202000044312;154 664 353;7;0;2;1;2;1
202000044312;154 664 354;7;0;2;2;15;1
202000044313;154 664 355;33;0;2;1;1;1
202000044313;154 664 357;7;0;2;3;21;1
202000044313;154 664 359;7;0;2;4;1;1
202000044314;154 664 349;7;0;2;7;1;1
202000044314;154 664 351;7;0;2;2;19;1
202000044315;154 664 344;7;1;0;2;1;0
202000044315;154 664 346;7;0;2;0;26;0
202000044316;154 664 343;7;0;2;4;1;1
202000044316;154 664 345;32;0;2;1;0;1
202000044316;154 664 347;7;0;2;8;2;1
202000044317;154 664 340;31;0;2;7;5;1
202000044317;154 664 342;7;0;2;1;15;1
202000044318;154 664 339;7;1;0;1;1;1
202000044318;154 664 341;7;0;2;1;24;1
202000044319;154 664 336;33;0;2;1;2;1
202000044319;154 664 338;7;0;2;6;15;1
202000044320;154 664 332;7;0;2;1;2;1
202000044320;154 664 333;7;0;2;4;2;1
202000044320;154 664 334;7;0;2;4;2;1
202000044321;154 664 335;2;0;2;8;15;1
202000044321;154 664 337;33;0;2;1;1;1
202000044322;154 664 330;10;14;2;1;1;1
202000044322;154 664 331;7;14;2;4;1;1
202000044323;154 664 329;13;0;0;8;1;1
202000044324;154 664 327;99;0;0;0;1;0
202000044324;154 664 328;7;0;0;0;0;0
202000044325;154 664 325;7;0;2;4;0;1
202000044325;154 664 326;7;0;2;2;17;1
202000044326;154 664 323;33;0;0;8;15;1
202000044327;154 664 322;30;0;2;3;26;1
202000044327;154 664 324;30;0;2;1;0;1
202000044328;154 664 319;10;0;2;0;0;1
202000044328;154 664 321;1;0;2;1;1;0
202000044329;154 664 318;7;0;2;3;2;1
202000044329;154 664 320;7;0;2;5;23;1
202000044330;154 664 317;33;4;0;3;13;1
202000044331;154 664 314;7;0;2;2;14;1
202000044331;154 664 315;33;0;2;3;3;1
202000044331;154 664 316;7;0;2;6;1;1
202000044332;154 664 312;43;0;2;8;3;1
202000044332;154 664 313;10;0;2;2;12;1
202000044333;154 664 311;33;1;0;1;13;1
202000044334;154 664 309;31;0;2;4;2;1
202000044334;154 664 310;10;0;2;1;2;1
202000044335;154 664 307;7;0;2;2;1;1
202000044335;154 664 308;2;1;2;4;17;3
202000044336;154 664 305;34;0;2;1;2;1
202000044336;154 664 306;7;0;2;5;2;3
202000044337;154 664 303;30;0;2;1;1;1
202000044337;154 664 304;37;0;2;1;15;1
202000044338;154 664 299;10;0;2;3;15;1
202000044338;154 664 301;33;0;2;2;17;1
202000044339;154 664 298;7;0;1;2;16;1
202000044340;154 664 296;7;0;2;8;15;1
202000044340;154 664 297;33;0;2;2;1;1
202000044341;154 664 295;30;0;1;1;1;1
202000044342;154 664 293;33;0;2;3;18;1
202000044342;154 664 294;30;0;2;7;14;1
202000044343;154 664 291;7;0;2;3;10;2
202000044343;154 664 292;30;0;2;2;1;3
202000044344;154 664 300;7;0;2;1;1;1
202000044344;154 664 302;80;0;2;4;1;3
202000044345;154 664 289;34;0;2;2;1;0
202000044345;154 664 290;7;0;2;5;15;0
202000044346;154 664 287;1;0;2;3;1;5
202000044346;154 664 288;10;0;2;2;16;1
202000044347;154 664 285;30;0;2;1;5;1
202000044347;154 664 286;10;0;2;6;10;1
202000044348;154 664 282;7;0;2;2;15;1
202000044348;154 664 283;30;0;2;8;1;1
202000044349;154 664 281;7;0;2;3;16;1
202000044349;154 664 284;2;0;2;1;5;3
202000044350;154 664 279;7;0;9;1;16;0
202000044350;154 664 280;1;0;2;4;1;5
202000044351;154 664 278;7;0;1;2;15;1
202000044352;154 664 276;7;0;1;1;1;1
202000044353;154 664 275;7;0;2;4;23;1
202000044353;154 664 277;7;0;2;1;2;1
202000044354;154 664 274;30;0;0;8;17;1
202000044355;154 664 272;1;0;2;1;9;5
202000044355;154 664 273;7;0;2;2;16;1
202000044356;154 664 269;7;0;2;2;16;1
202000044356;154 664 271;2;0;2;1;18;1
202000044357;154 664 268;7;0;2;8;10;1
202000044357;154 664 270;31;0;2;1;17;1
202000044358;154 664 265;50;0;2;8;19;3
202000044358;154 664 267;43;0;2;1;15;1
202000044359;154 664 264;50;0;2;8;1;3
202000044359;154 664 266;1;0;2;3;9;5
202000044360;154 664 263;1;0;0;0;1;5
202000044361;154 664 261;7;0;1;3;1;1
202000044362;154 664 260;1;12;0;1;13;5
202000044363;154 664 259;1;0;2;5;1;5
202000044363;154 664 262;30;0;2;1;1;3
202000044364;154 664 258;7;0;1;2;1;2
202000044365;154 664 253;32;0;2;8;9;1
202000044365;154 664 254;33;0;2;3;9;1
202000044365;154 664 256;7;0;2;7;1;1
202000044366;154 664 255;13;0;2;3;13;6
202000044366;154 664 257;33;0;2;5;17;1
202000044367;154 664 252;50;12;0;1;14;3
202000044368;154 664 251;34;0;1;1;1;1
202000044369;154 664 249;1;0;2;1;1;5
202000044369;154 664 250;7;0;2;8;15;1
202000044370;154 664 248;32;14;0;1;1;3
202000044371;154 664 247;1;0;1;1;1;5
202000044372;154 664 244;2;0;2;1;1;1
202000044372;154 664 246;10;0;2;2;16;1
202000044373;154 664 243;33;0;2;1;1;1
202000044373;154 664 245;7;0;2;3;9;1
202000044374;154 664 240;7;1;0;9;14;1
202000044374;154 664 242;7;0;2;5;23;0
202000044375;154 664 239;7;0;2;5;16;1
202000044375;154 664 241;32;0;2;3;16;1
202000044376;154 664 235;7;0;2;1;17;1
202000044376;154 664 236;1;0;2;4;15;0
202000044377;154 664 233;7;0;2;1;1;0
202000044377;154 664 234;60;0;2;8;1;5
202000044378;154 664 237;33;0;2;2;0;1
202000044378;154 664 238;7;0;2;3;15;1
202000044379;154 664 232;10;0;2;3;17;1
202000044380;154 664 229;7;16;2;6;1;1
202000044380;154 664 230;7;16;2;6;1;1
202000044380;154 664 231;33;16;2;6;26;0
202000044381;154 664 225;34;0;2;0;0;0
202000044381;154 664 226;32;0;2;0;0;6
202000044382;154 664 224;7;1;2;7;1;1
202000044382;154 664 227;7;1;0;5;0;1
202000044382;154 664 228;7;0;2;3;1;1
202000044383;154 664 221;7;0;2;4;23;0
202000044383;154 664 223;7;14;0;1;2;0
202000044384;154 664 220;50;0;1;1;1;3
202000044384;154 664 222;7;0;2;1;9;1
202000044385;154 664 217;7;0;2;2;10;1
202000044385;154 664 219;33;0;2;1;1;1
202000044386;154 664 216;7;0;2;3;2;1
202000044386;154 664 218;32;0;2;2;2;1
202000044387;154 664 214;31;0;2;1;1;1
202000044387;154 664 215;7;0;2;3;1;1
202000044388;154 664 211;7;0;2;3;23;1
202000044388;154 664 212;7;0;2;7;19;1
202000044388;154 664 213;7;0;2;1;1;1
202000044389;154 664 209;7;1;2;4;15;1
202000044389;154 664 210;7;0;2;1;15;1
202000044390;154 664 206;7;0;2;3;2;1
202000044390;154 664 208;7;0;2;2;15;1
202000044391;154 664 205;7;0;2;5;14;0
202000044391;154 664 207;2;0;2;2;18;0
202000044392;154 664 203;10;0;1;1;15;0
202000044393;154 664 202;32;0;2;1;1;1
202000044393;154 664 204;7;0;2;7;15;1
202000044394;154 664 199;34;0;0;8;1;1
202000044394;154 664 200;7;0;0;0;0;1
202000044395;154 664 197;30;0;2;1;0;1
202000044395;154 664 198;10;0;2;3;0;1
202000044396;154 664 196;7;1;0;1;26;6
202000044397;154 664 194;50;0;2;1;1;3
202000044397;154 664 195;7;0;9;2;9;0
202000044398;154 664 193;1;0;1;1;2;5
202000044399;154 664 191;30;0;2;3;15;1
202000044399;154 664 192;1;0;2;3;1;5
202000044400;154 664 190;34;0;2;7;1;1
202000044400;154 664 201;7;0;2;1;1;1
202000044401;154 664 188;1;0;2;3;16;5
202000044401;154 664 189;14;0;9;8;15;1
202000044402;154 664 185;50;0;2;1;8;3
202000044402;154 664 186;1;0;2;1;1;5
202000044402;154 664 187;10;0;2;3;19;1
202000044403;154 664 183;33;0;2;1;1;1
202000044403;154 664 184;10;0;2;5;9;1
202000044404;154 664 182;7;0;1;5;19;1
202000044405;154 664 181;33;1;0;3;13;0
202000044406;154 664 180;7;8;0;2;;
202000044407;154 664 179;31;15;0;1;26;1
202000044408;154 664 177;7;0;2;2;1;1
202000044408;154 664 178;33;0;2;1;1;1
202000044409;154 664 175;1;0;2;0;0;5
202000044409;154 664 176;7;0;2;2;16;1
202000044410;154 664 172;7;14;0;1;26;1
202000044410;154 664 173;7;0;2;4;2;1
202000044411;154 664 174;7;15;0;7;1;1
202000044412;154 664 169;30;0;2;0;0;0
202000044412;154 664 171;7;0;2;5;1;0
202000044413;154 664 166;33;0;2;7;1;1
202000044413;154 664 167;7;6;2;8;9;1
202000044414;154 664 162;2;16;0;8;1;1
202000044415;154 664 163;15;0;0;0;1;1
202000044415;154 664 164;7;14;0;1;1;1
202000044415;154 664 165;7;14;0;5;1;1
202000044415;154 664 168;7;0;2;1;17;1
202000044415;154 664 170;7;14;0;4;1;1
202000044416;154 664 158;7;0;2;3;1;1
202000044416;154 664 160;7;0;2;3;13;1
202000044417;154 664 159;33;0;2;1;13;1
202000044417;154 664 161;21;0;0;6;15;1
202000044418;154 664 155;7;0;2;7;15;0
202000044418;154 664 157;33;0;2;1;1;1
202000044419;154 664 154;15;0;0;6;2;1
202000044419;154 664 156;7;4;2;2;2;1
202000044420;154 664 151;10;0;2;3;1;1
202000044420;154 664 153;7;0;2;1;1;1
202000044421;154 664 150;33;0;2;2;3;1
202000044421;154 664 152;10;0;2;3;1;1
202000044422;154 664 149;1;14;0;1;1;5
202000044423;154 664 146;7;0;9;1;9;1
202000044423;154 664 148;1;0;2;6;1;5
202000044424;154 664 147;7;0;0;0;1;1
202000044425;154 664 143;7;0;2;1;1;1
202000044425;154 664 145;7;0;2;1;13;1
202000044426;154 664 140;0;0;2;1;18;0
202000044426;154 664 141;7;0;2;5;1;1
202000044427;154 664 138;7;0;2;3;15;1
202000044427;154 664 139;7;0;2;2;17;1
202000044428;154 664 137;2;0;0;0;1;1
202000044429;154 664 134;1;14;0;1;1;5
202000044430;154 664 142;33;0;2;2;17;1
202000044430;154 664 144;7;0;2;8;15;1
202000044431;154 664 132;1;0;2;1;1;0
202000044431;154 664 133;7;0;9;2;21;1
202000044432;154 664 131;33;5;0;1;1;1
202000044433;154 664 129;7;0;2;3;1;1
202000044433;154 664 130;7;0;2;3;1;1
202000044434;154 664 127;17;0;2;3;13;0
202000044434;154 664 128;17;0;2;3;1;0
202000044435;154 664 125;7;0;2;3;15;1
202000044435;154 664 126;7;0;2;1;17;1
202000044436;154 664 122;7;16;0;3;1;1
202000044437;154 664 123;7;3;0;4;9;1
202000044437;154 664 124;7;0;2;1;2;1
202000044438;154 664 119;2;0;0;3;1;1
202000044438;154 664 120;7;0;2;3;15;0
202000044439;154 664 118;7;0;2;7;1;1
202000044439;154 664 121;7;0;2;1;15;1
202000044440;154 664 116;33;0;0;0;1;1
202000044441;154 664 117;7;2;0;3;1;1
202000044442;154 664 115;7;0;1;2;1;1
202000044443;154 664 114;20;0;1;8;2;6
202000044444;154 664 113;30;3;0;1;1;1
202000044445;154 664 112;7;17;0;1;1;2
202000044446;154 664 111;33;13;0;1;1;0
202000044447;154 664 110;2;12;0;1;20;1
202000044448;154 664 109;2;0;0;1;1;1
202000044449;154 664 108;33;13;0;8;13;1
202000044450;154 664 106;2;10;0;2;0;1
202000044451;154 664 105;7;0;2;3;15;1
202000044451;154 664 107;33;0;2;1;15;1
202000044452;154 664 104;30;0;0;9;1;1
202000044453;154 664 103;7;0;1;3;1;1
202000044454;154 664 102;7;13;0;1;1;1
202000044455;154 664 100;7;6;0;1;1;1
202000044456;154 664 099;7;8;2;3;1;1
202000044456;154 664 101;7;0;2;2;1;1
202000044457;154 664 096;2;0;2;3;15;1
202000044457;154 664 098;7;0;2;7;17;1
202000044458;154 664 097;2;13;0;1;2;6
202000044459;154 664 094;33;0;2;1;1;1
202000044459;154 664 095;7;0;2;6;19;1
202000044460;154 664 092;7;13;0;9;1;1
202000044460;154 664 093;7;0;2;2;1;1
202000044461;154 664 091;1;0;0;0;1;5
202000044462;154 664 089;7;0;2;1;23;1
202000044462;154 664 090;7;0;2;1;6;1
202000044463;154 664 086;2;12;0;7;1;1
202000044464;154 664 084;7;2;2;2;1;1
202000044464;154 664 087;7;0;2;3;16;1
202000044465;154 664 083;17;0;0;8;1;1
202000044465;154 664 085;10;3;2;1;6;1
202000044466;154 664 081;7;0;9;2;1;1
202000044466;154 664 082;1;0;2;0;1;5
202000044467;154 664 080;10;0;0;0;11;1
202000044468;154 664 079;33;6;0;7;14;1
202000044469;154 664 077;7;0;2;3;9;1
202000044469;154 664 078;1;0;2;1;1;5
202000044470;154 664 076;33;4;0;9;17;1
202000044471;154 664 074;7;0;2;1;5;1
202000044471;154 664 075;7;0;2;1;1;1
202000044472;154 664 073;33;13;0;1;1;1
202000044473;154 664 072;33;1;9;2;1;1
202000044474;154 664 071;7;0;0;0;1;1
202000044475;154 664 070;1;0;0;0;1;5
202000044476;154 664 069;7;0;0;1;1;1
202000044477;154 664 068;7;4;0;1;2;1
202000044478;154 664 067;7;0;0;9;1;1
202000044479;154 664 064;3;0;0;2;1;0
202000044479;154 664 066;7;0;0;3;15;0
202000044480;154 664 063;7;0;9;3;13;1
202000044480;154 664 065;1;0;2;1;0;5
202000044481;154 664 062;32;13;0;1;1;1
202000044482;154 664 061;7;13;0;9;1;1
202000044483;154 664 059;7;0;2;3;1;1
202000044483;154 664 060;7;0;2;3;13;1
202000044484;154 664 058;7;8;0;0;1;5
202000044485;154 664 055;7;0;2;3;9;1
202000044485;154 664 057;33;0;2;1;1;1
202000044486;154 664 054;7;0;2;8;1;1
202000044486;154 664 056;33;0;2;8;1;1
202000044487;154 664 051;7;0;9;3;15;1
202000044487;154 664 053;80;0;2;2;1;3
202000044488;154 664 050;1;0;2;4;2;5
202000044488;154 664 052;10;0;2;2;2;1
202000044489;154 664 049;2;0;0;1;0;1
202000044490;154 664 046;1;0;2;5;1;5
202000044490;154 664 048;7;0;2;3;9;1
202000044491;154 664 047;15;0;0;7;15;1
202000044492;154 664 041;7;0;2;2;15;1
202000044492;154 664 043;7;0;2;3;23;1
202000044492;154 664 045;30;0;2;1;1;1
202000044493;154 664 042;15;0;2;2;12;1
202000044493;154 664 044;7;0;2;8;1;1
202000044494;154 664 037;7;0;2;4;2;1
202000044494;154 664 038;7;0;2;1;1;1
202000044495;154 664 039;7;0;2;1;15;1
202000044495;154 664 040;1;0;0;8;1;5
202000044496;154 664 034;10;14;0;1;2;1
202000044496;154 664 035;10;14;0;4;2;1
202000044496;154 664 036;7;0;2;4;1;1
202000044497;154 664 030;7;0;2;4;2;1
202000044497;154 664 033;7;0;2;1;2;1
202000044498;154 664 029;7;0;2;1;2;1
202000044498;154 664 031;7;0;2;4;23;1
202000044498;154 664 032;7;0;2;4;23;1
202000044499;154 664 021;14;0;2;1;2;1
202000044499;154 664 022;7;0;2;4;2;1
202000044499;154 664 023;7;0;2;4;2;1
202000044500;154 664 014;10;0;2;4;2;1
202000044500;154 664 017;10;0;2;1;1;1
202000044501;154 664 005;7;0;2;4;1;1
202000044501;154 664 006;7;0;2;4;0;1
202000044501;154 664 007;7;0;2;2;1;1
202000044501;154 664 008;10;0;2;4;1;1
202000044502;154 664 004;15;3;0;1;13;1
202000044503;154 664 002;7;0;9;1;26;6
202000044503;154 664 003;7;5;0;0;17;6
202000044504;154 664 001;7;3;0;1;13;1
202000044505;154 663 997;7;0;2;3;3;1
202000044505;154 663 999;7;0;2;2;12;1
202000044506;154 663 998;7;0;2;3;15;1
202000044506;154 664 000;31;0;2;3;1;1
202000044507;154 663 996;7;4;0;3;13;1
202000044508;154 663 995;7;0;0;1;2;0
202000044509;154 663 993;33;0;2;1;0;1
202000044509;154 663 994;7;0;2;4;2;1
202000044510;154 663 991;7;0;2;2;12;1
202000044510;154 663 992;7;0;2;6;11;2
202000044511;154 663 989;37;0;2;1;12;0
202000044511;154 663 990;7;0;2;4;0;0
202000044512;154 663 986;7;0;2;3;23;1
202000044512;154 663 987;10;0;2;2;15;0
202000044513;154 663 985;17;0;2;2;1;1
202000044513;154 663 988;7;0;2;4;26;1
202000044514;154 663 982;7;0;2;8;9;1
202000044514;154 663 984;2;0;2;1;1;1
202000044515;154 663 980;7;0;2;1;2;1
202000044515;154 663 981;7;0;2;6;23;1
202000044516;154 663 983;7;0;1;0;20;2
202000044517;154 663 978;34;14;0;1;6;1
202000044518;154 663 977;7;0;9;3;1;0
202000044518;154 663 979;1;0;2;7;0;5
202000044519;154 663 974;7;0;9;3;19;1
202000044519;154 663 976;1;0;2;8;1;6
202000044520;154 663 973;7;1;2;2;1;1
202000044520;154 663 975;7;0;2;3;13;1
202000044521;154 663 971;7;0;9;2;15;1
202000044522;154 663 970;7;0;2;1;2;1
202000044522;154 663 972;33;0;2;4;2;1
202000044523;154 663 968;7;0;1;2;1;1
202000044524;154 663 969;2;0;0;1;2;0
202000044525;154 663 966;2;1;0;2;17;1
202000044526;154 663 965;7;6;0;8;0;2
202000044527;154 663 964;33;0;2;1;1;1
202000044527;154 663 967;7;0;2;3;15;1
202000044528;154 663 959;7;0;2;2;15;1
202000044528;154 663 962;50;0;2;1;15;3
202000044529;154 663 961;7;6;0;7;1;1
202000044530;154 663 958;7;0;2;3;15;0
202000044530;154 663 960;7;0;2;1;1;0
202000044530;154 663 963;7;0;2;1;1;0
202000044531;154 663 956;10;0;2;1;15;1
202000044531;154 663 957;33;0;2;1;1;1
202000044532;154 663 955;7;0;1;1;1;1
202000044533;154 663 952;7;0;9;1;13;1
202000044533;154 663 954;1;0;2;3;1;5
202000044534;154 663 950;10;0;0;0;15;0
202000044534;154 663 951;30;13;0;0;17;6
202000044535;154 663 949;2;0;2;1;1;1
202000044535;154 663 953;7;0;2;7;15;1
202000044536;154 663 946;7;0;2;1;2;1
202000044536;154 663 948;7;8;0;4;1;1
202000044537;154 663 945;15;0;2;1;2;1
202000044537;154 663 947;15;0;2;4;2;1
202000044538;154 663 942;7;0;9;3;1;1
202000044538;154 663 943;1;0;2;1;13;5
202000044539;154 663 941;7;8;2;5;16;0
202000044539;154 663 944;7;0;2;3;9;0
202000044540;154 663 940;33;4;0;1;1;1
202000044541;154 663 939;7;0;1;1;2;1
202000044542;154 663 938;10;0;0;3;17;0
202000044543;154 663 937;7;14;0;2;1;1
202000044544;154 663 933;7;2;0;3;13;1
202000044545;154 663 934;7;0;1;1;1;1
202000044546;154 663 931;7;0;1;1;2;0
202000044547;154 663 930;1;0;2;1;6;0
202000044547;154 663 932;7;0;2;1;1;1
202000044548;154 663 926;7;0;2;6;1;0
202000044548;154 663 928;7;0;2;1;1;1
202000044549;154 663 927;7;0;2;3;19;1
202000044549;154 663 929;2;0;2;1;1;1
202000044550;154 663 935;1;0;2;1;1;5
202000044550;154 663 936;7;0;2;3;15;0
202000044551;154 663 924;3;0;1;3;1;1
202000044552;154 663 923;1;0;2;8;15;0
202000044552;154 663 925;7;0;2;2;1;1
202000044553;154 663 921;7;0;1;5;4;0
202000044554;154 663 920;7;0;1;1;1;1
202000044555;154 663 922;7;0;1;5;4;1
202000044556;154 663 919;7;0;1;3;1;1
202000044557;154 663 915;7;0;2;3;13;1
202000044557;154 663 917;7;0;2;6;21;
202000044558;154 663 916;7;0;2;3;15;1
202000044558;154 663 918;50;0;2;3;1;3
202000044559;154 663 913;7;6;0;7;26;1
202000044560;154 663 910;7;0;2;1;1;1
202000044560;154 663 911;7;0;2;1;17;1
202000044560;154 663 914;7;0;2;9;1;1
202000044561;154 663 907;7;0;2;3;0;0
202000044561;154 663 909;7;3;2;2;17;0
202000044562;154 663 908;2;0;2;7;1;1
202000044562;154 663 912;7;0;2;1;1;1
202000044563;154 663 902;7;0;2;2;1;1
202000044563;154 663 903;2;0;0;4;1;1
202000044564;154 663 901;33;0;2;1;1;1
202000044564;154 663 904;7;0;2;2;15;1
202000044565;154 663 900;7;12;0;1;1;1
202000044566;154 663 898;7;0;1;2;1;1
202000044567;154 663 893;1;0;2;1;1;5
202000044567;154 663 896;7;0;2;2;9;1
202000044568;154 663 895;17;0;9;7;1;1
202000044569;154 663 892;14;0;2;2;1;1
202000044569;154 663 894;7;0;2;1;13;1
202000044570;154 663 891;10;16;0;9;0;1
202000044571;154 663 888;20;0;9;5;9;1
202000044572;154 663 887;7;0;2;1;1;6
202000044572;154 663 889;20;0;0;3;2;0
202000044572;154 663 890;7;8;2;4;1;6
202000044573;154 663 885;7;0;2;5;1;1
202000044573;154 663 886;33;0;2;1;26;1
202000044574;154 663 881;7;0;2;3;11;1
202000044574;154 663 882;34;0;2;7;3;1
202000044575;154 663 880;7;6;0;1;0;1
202000044576;154 663 876;7;0;2;7;1;1
202000044576;154 663 878;32;0;2;3;1;1
202000044577;154 663 875;17;0;2;6;0;1
202000044577;154 663 877;7;0;2;2;1;1
202000044577;154 663 879;7;0;2;8;11;1
202000044578;154 663 874;33;0;0;3;1;1
202000044579;154 663 870;15;0;2;1;2;1
202000044579;154 663 871;7;0;2;4;2;1
202000044579;154 663 872;7;0;2;4;2;1
202000044580;154 663 869;10;4;2;6;1;1
202000044581;154 663 867;7;0;2;8;11;1
202000044581;154 663 868;33;0;2;5;1;1
202000044582;154 663 864;7;0;2;3;11;1
202000044582;154 663 865;7;0;2;0;1;1
202000044582;154 663 866;10;0;2;6;1;1
202000044583;154 663 862;33;0;2;3;1;1
202000044583;154 663 863;7;0;2;7;12;1
202000044584;154 663 860;7;0;2;8;1;1
202000044584;154 663 861;7;0;2;2;12;1
202000044585;154 663 859;37;0;1;1;1;1
202000044586;154 663 857;33;0;2;1;17;1
202000044586;154 663 858;7;0;2;3;15;1
202000044587;154 663 855;7;0;1;1;15;1
202000044588;154 663 854;7;0;2;1;2;1
202000044588;154 663 856;7;0;2;5;2;1