Num_Acc;id_vehicule;categorie_vehicule;obstacle_fixe;obstacle_mobile;point_choc_initial;manoeuvre_principale;motorisation
202000044589;154 663 851;7;0;2;7;15;1
202000044589;154 663 853;33;0;2;1;1;1
202000044590;154 663 849;7;0;2;1;1;1
202000044590;154 663 850;7;0;2;1;1;1
202000044590;154 663 852;7;0;2;4;1;1
202000044591;154 663 847;32;0;2;1;2;1
202000044591;154 663 848;7;0;2;5;2;2
202000044592;154 663 844;7;0;2;1;1;0
202000044592;154 663 845;7;8;2;7;1;0
202000044592;154 663 846;7;0;2;8;23;0
202000044593;154 663 843;7;0;0;1;9;1
202000044594;154 663 839;17;0;2;6;11;1
202000044594;154 663 840;7;0;2;2;1;1
202000044594;154 663 841;7;0;2;6;13;1
202000044595;154 663 837;7;0;1;2;9;1
202000044596;154 663 836;7;0;2;4;2;1
202000044596;154 663 838;31;1;0;1;2;1
202000044597;154 663 832;7;4;2;2;14;1
202000044597;154 663 834;15;0;2;8;1;1
202000044598;154 663 833;7;0;2;8;9;0
202000044598;154 663 835;33;0;2;1;1;1
202000044599;154 663 829;7;0;2;4;1;1
202000044599;154 663 831;7;3;2;1;2;1
202000044600;154 663 842;10;0;1;2;16;1
202000044601;154 663 828;7;0;2;1;2;1
202000044601;154 663 830;7;0;2;4;15;1
202000044602;154 663 826;7;4;2;0;9;1
202000044602;154 663 827;10;0;2;0;1;0
202000044603;154 663 822;7;0;2;3;12;1
202000044603;154 663 825;34;0;2;1;1;1
202000044604;154 663 821;7;0;2;2;19;1
202000044604;154 663 824;7;0;2;1;1;1
202000044605;154 663 820;7;0;2;1;2;1
202000044605;154 663 823;10;0;2;4;2;1
202000044606;154 663 815;7;0;2;4;23;1
202000044606;154 663 817;7;0;2;4;23;1
202000044606;154 663 819;7;0;2;1;1;1
202000044607;154 663 816;7;0;2;1;21;1
202000044607;154 663 818;7;0;2;3;9;1
202000044608;154 663 810;17;0;2;5;13;1
202000044608;154 663 812;7;0;2;8;23;1
202000044608;154 663 814;7;4;2;4;2;1
202000044609;154 663 809;7;0;2;4;2;1
202000044609;154 663 813;7;0;2;1;2;1
202000044610;154 663 808;10;0;2;1;19;6
202000044610;154 663 811;7;0;2;2;1;6
202000044611;154 663 806;7;0;2;0;1;1
202000044611;154 663 807;16;0;2;0;0;1
202000044612;154 663 801;7;0;2;2;12;1
202000044612;154 663 804;33;0;2;3;1;1
202000044613;154 663 802;7;2;2;2;1;1
202000044613;154 663 805;7;0;2;2;15;1
202000044614;154 663 800;17;0;0;0;0;0
202000044614;154 663 803;15;0;2;0;14;1
202000044615;154 663 797;32;0;2;1;1;1
202000044615;154 663 799;33;0;2;1;15;1
202000044616;154 663 795;7;0;2;5;16;1
202000044616;154 663 796;7;0;2;3;1;1
202000044617;154 663 794;7;0;2;2;12;1
202000044617;154 663 798;7;0;2;6;1;1
202000044618;154 663 792;7;0;2;3;9;1
202000044618;154 663 793;1;0;2;7;1;5
202000044619;154 663 790;1;0;2;3;1;5
202000044619;154 663 791;7;0;2;2;17;1
202000044620;154 663 783;33;0;2;1;1;1
202000044620;154 663 786;7;0;2;1;15;1
202000044621;154 663 782;7;0;2;4;1;1
202000044621;154 663 785;7;0;2;0;0;1
202000044621;154 663 787;7;0;2;3;1;1
202000044621;154 663 788;7;0;2;1;1;1
202000044621;154 663 789;7;0;2;2;1;1
202000044622;154 663 781;2;0;2;4;2;1
202000044622;154 663 784;31;0;2;1;2;1
202000044623;154 663 777;7;4;0;4;2;1
202000044623;154 663 778;7;0;2;1;2;1
202000044624;154 663 776;7;6;0;1;1;6
202000044625;154 663 779;7;0;2;8;1;1
202000044625;154 663 780;60;0;2;0;1;5
202000044626;154 663 772;7;0;;8;0;0
202000044626;154 663 774;7;0;2;2;17;1
202000044627;154 663 773;33;0;2;1;0;1
202000044627;154 663 775;7;0;2;4;1;1
202000044628;154 663 768;10;0;2;2;15;1
202000044628;154 663 769;33;0;2;1;1;1
202000044629;154 663 766;1;0;2;1;1;5
202000044629;154 663 767;7;0;2;2;15;1
202000044630;154 663 763;7;0;2;3;9;1
202000044630;154 663 765;2;0;2;1;1;1
202000044631;154 663 762;33;0;2;2;3;1
202000044631;154 663 764;7;0;2;6;15;1
202000044632;154 663 761;31;0;0;8;15;1
202000044633;154 663 757;7;0;1;2;1;1
202000044634;154 663 758;30;0;2;4;1;1
202000044634;154 663 759;7;0;2;3;1;1
202000044635;154 663 756;7;0;2;3;1;0
202000044635;154 663 760;7;0;2;2;1;0
202000044636;154 663 754;30;0;2;6;21;1
202000044636;154 663 755;7;0;2;6;26;1
202000044637;154 663 751;7;1;1;2;17;1
202000044638;154 663 752;7;0;2;7;1;1
202000044638;154 663 753;7;0;2;1;1;1
202000044639;154 663 745;7;0;2;8;14;0
202000044639;154 663 749;33;0;2;1;1;0
202000044640;154 663 746;31;0;2;7;1;1
202000044640;154 663 750;7;0;2;1;15;1
202000044641;154 663 741;7;0;1;3;1;1
202000044642;154 663 742;1;0;2;7;1;5
202000044642;154 663 743;7;0;9;3;9;1
202000044643;154 663 744;7;15;2;1;1;1
202000044643;154 663 747;7;0;2;4;23;1
202000044643;154 663 748;7;0;2;1;21;1
202000044644;154 663 739;33;0;0;0;1;1
202000044645;154 663 738;1;0;2;1;26;5
202000044645;154 663 740;7;0;2;2;1;1
202000044646;154 663 735;7;0;2;1;1;1
202000044646;154 663 737;7;0;2;4;23;1
202000044647;154 663 734;1;0;2;5;2;5
202000044647;154 663 736;1;0;0;0;0;0
202000044648;154 663 732;7;0;9;1;16;1
202000044648;154 663 733;1;0;2;7;1;0
202000044649;154 663 731;33;0;0;2;14;0
202000044650;154 663 728;2;0;0;7;1;1
202000044651;154 663 729;2;0;2;4;2;1
202000044651;154 663 730;7;0;2;1;9;1
202000044652;154 663 725;1;0;2;4;15;5
202000044652;154 663 727;30;0;2;3;17;1
202000044653;154 663 723;7;0;2;4;23;0
202000044653;154 663 726;7;0;2;4;0;0
202000044654;154 663 722;7;0;2;4;1;1
202000044654;154 663 724;7;0;2;1;2;1
202000044655;154 663 719;30;0;2;8;7;1
202000044655;154 663 720;7;0;2;2;15;1
202000044656;154 663 715;7;0;2;1;1;1
202000044656;154 663 717;7;0;2;4;1;1
202000044657;154 663 716;15;3;0;6;15;1
202000044657;154 663 718;7;0;2;2;11;1
202000044657;154 663 721;10;3;0;7;1;0
202000044658;154 663 713;7;0;2;4;4;0
202000044658;154 663 714;1;0;2;7;1;5
202000044659;154 663 710;33;10;0;1;0;1
202000044660;154 663 711;1;0;0;0;0;0
202000044660;154 663 712;7;0;2;3;15;1
202000044661;154 663 706;30;12;2;2;14;1
202000044661;154 663 709;1;0;2;2;1;5
202000044662;154 663 705;32;0;2;1;17;0
202000044662;154 663 708;7;0;2;3;15;1
202000044663;154 663 701;7;0;2;2;14;1
202000044663;154 663 704;7;0;2;3;24;1
202000044664;154 663 702;33;0;2;2;3;1
202000044664;154 663 703;7;0;2;3;20;1
202000044665;154 663 700;2;0;2;7;16;1
202000044665;154 663 707;7;0;2;3;1;1
202000044666;154 663 698;1;1;0;7;1;5
202000044666;154 663 699;7;0;2;3;22;1
202000044667;154 663 695;32;0;2;1;3;1
202000044667;154 663 697;33;0;2;4;15;1
202000044668;154 663 693;33;0;2;1;17;1
202000044668;154 663 696;7;0;2;3;15;1
202000044669;154 663 692;10;0;2;7;1;1
202000044669;154 663 694;30;0;2;3;11;1
202000044670;154 663 690;10;2;0;1;26;1
202000044671;154 663 689;7;0;1;8;15;1
202000044672;154 663 687;10;0;1;7;1;1
202000044673;154 663 686;10;0;2;1;16;1
202000044673;154 663 688;1;0;2;8;1;5
202000044674;154 663 683;7;0;9;3;1;1
202000044674;154 663 685;80;0;0;0;0;3
202000044675;154 663 682;7;0;2;3;15;1
202000044675;154 663 684;7;0;2;2;5;1
202000044676;154 663 681;7;0;2;0;0;0
202000044676;154 663 691;7;0;2;6;1;0
202000044677;154 663 679;7;0;1;4;4;1
202000044678;154 663 678;7;0;2;1;2;1
202000044678;154 663 680;7;0;2;4;2;1
202000044679;154 663 677;31;0;2;0;26;1
202000044680;154 663 673;7;0;2;2;21;1
202000044681;154 663 671;7;0;2;4;1;1
202000044681;154 663 676;7;0;2;1;21;1
202000044682;154 663 667;2;0;2;1;1;0
202000044682;154 663 669;7;0;2;3;20;0
202000044683;154 663 666;7;0;2;2;21;0
202000044683;154 663 668;80;0;2;3;19;3
202000044684;154 663 662;7;0;2;1;0;0
202000044684;154 663 663;33;0;2;4;1;1
202000044685;154 663 660;33;0;2;1;1;1
202000044685;154 663 661;7;0;2;8;15;1
202000044686;154 663 664;7;0;2;3;1;4
202000044686;154 663 665;32;0;2;1;19;1
202000044687;154 663 658;10;1;0;3;1;1
202000044687;154 663 659;7;0;0;0;0;1
202000044688;154 663 654;50;0;2;1;1;3
202000044688;154 663 657;30;0;2;1;15;1
202000044689;154 663 655;1;0;2;1;1;5
202000044689;154 663 656;7;0;2;7;16;1
202000044690;154 663 650;7;1;1;2;1;1
202000044691;154 663 649;33;0;2;1;1;1
202000044691;154 663 653;38;0;2;3;10;1
202000044692;154 663 646;1;0;0;0;1;5
202000044693;154 663 644;7;3;0;3;14;6
202000044694;154 663 642;7;0;2;3;9;1
202000044694;154 663 643;2;0;2;1;1;1
202000044695;154 663 651;10;0;1;1;16;1
202000044696;154 663 640;32;16;0;7;1;0
202000044697;154 663 639;7;13;0;2;1;6
202000044698;154 663 634;7;0;2;3;13;1
202000044698;154 663 635;7;0;2;3;1;1
202000044699;154 663 632;33;0;6;1;0;1
202000044700;154 663 631;7;0;2;8;19;1
202000044700;154 663 633;33;0;2;1;1;1
202000044701;154 663 630;7;0;1;3;1;0
202000044702;154 663 638;33;0;0;1;1;1
202000044703;154 663 628;1;0;2;1;1;5
202000044703;154 663 637;7;0;0;8;9;1
202000044704;154 663 627;2;0;2;8;1;1
202000044704;154 663 629;7;0;2;1;1;1
202000044705;154 663 622;10;0;2;3;9;1
202000044705;154 663 624;1;0;2;3;1;5
202000044706;154 663 623;7;0;1;4;4;1
202000044707;154 663 618;31;0;2;1;1;1
202000044707;154 663 621;7;0;2;1;1;1
202000044708;154 663 617;7;0;1;3;1;1
202000044709;154 663 615;7;0;2;3;1;1
202000044709;154 663 616;33;0;2;1;1;1
202000044710;154 663 619;7;0;0;4;9;1
202000044710;154 663 620;7;0;2;0;0;1
202000044711;154 663 625;31;7;0;7;1;1
202000044712;154 663 613;7;0;2;4;1;1
202000044712;154 663 614;7;0;2;1;1;1
202000044713;154 663 607;1;0;2;1;1;5
202000044713;154 663 608;7;0;2;2;17;1
202000044714;154 663 611;7;0;2;4;2;1
202000044714;154 663 612;7;0;2;1;2;1
202000044715;154 663 610;7;8;0;0;1;1
202000044716;154 663 601;7;0;1;2;1;1
202000044717;154 663 602;1;0;2;1;19;5
202000044717;154 663 606;10;0;2;2;1;1
202000044718;154 663 600;1;0;9;1;16;0
202000044718;154 663 604;7;0;9;0;21;1
202000044719;154 663 599;7;0;1;1;15;0
202000044720;154 663 598;7;0;1;2;1;
202000044721;154 663 603;33;0;2;1;1;1
202000044721;154 663 605;7;0;2;1;15;1
202000044722;154 663 596;7;0;2;0;15;1
202000044722;154 663 597;7;0;2;0;1;2
202000044723;154 663 593;3;14;0;3;21;1
202000044723;154 663 594;3;14;0;8;21;1
202000044723;154 663 595;7;4;0;3;2;
202000044724;154 663 590;7;0;2;4;2;1
202000044724;154 663 591;7;0;2;1;1;1
202000044725;154 663 588;80;0;2;1;1;3
202000044725;154 663 589;7;0;2;7;15;1
202000044726;154 663 587;7;4;0;1;1;1
202000044727;154 663 581;7;0;2;1;2;1
202000044727;154 663 582;7;0;2;4;1;1
202000044728;154 663 584;7;0;2;4;2;1
202000044728;154 663 592;7;0;2;1;2;0
202000044729;154 663 585;7;0;0;9;0;1
202000044730;154 663 579;7;0;2;6;1;1
202000044730;154 663 580;7;0;2;2;26;1
202000044731;154 663 577;60;0;2;1;1;5
202000044731;154 663 578;7;0;9;2;20;1
202000044732;154 663 576;7;8;0;1;1;1
202000044733;154 663 572;7;0;2;2;1;1
202000044733;154 663 575;10;0;2;1;15;1
202000044734;154 663 571;7;0;1;7;1;0
202000044735;154 663 570;7;15;0;1;16;1
202000044736;154 663 574;7;0;0;4;0;1
202000044737;154 663 583;2;0;2;1;1;1
202000044737;154 663 586;7;0;2;1;15;1
202000044738;154 663 568;7;0;2;0;9;0
202000044738;154 663 569;2;0;2;2;15;1
202000044739;154 663 567;7;0;1;8;15;1
202000044740;154 663 566;20;12;0;7;9;1
202000044741;154 663 573;2;0;0;1;2;1
202000044742;154 663 564;1;0;1;1;1;5
202000044743;154 663 562;7;0;2;3;15;1
202000044743;154 663 565;7;0;2;2;1;1
202000044744;154 663 563;7;2;0;1;2;1
202000044745;154 663 556;7;0;2;4;2;1
202000044745;154 663 557;7;0;2;1;2;1
202000044746;154 663 555;7;0;1;1;15;1
202000044747;154 663 558;7;0;2;3;1;0
202000044747;154 663 560;3;0;2;1;21;1
202000044748;154 663 553;30;0;2;7;0;1
202000044748;154 663 554;7;0;2;3;9;1
202000044749;154 663 552;7;0;1;5;16;1
202000044750;154 663 549;7;0;1;1;15;1
202000044751;154 663 548;3;0;1;1;1;1
202000044752;154 663 551;80;0;2;1;1;3
202000044752;154 663 559;7;0;2;7;1;1
202000044753;154 663 546;10;0;2;2;23;1
202000044753;154 663 547;33;8;0;1;21;1
202000044754;154 663 544;7;2;0;1;1;1
202000044755;154 663 542;50;0;0;;0;3
202000044755;154 663 545;3;0;0;0;0;
202000044756;154 663 541;7;0;0;0;0;0
202000044756;154 663 543;7;0;0;0;0;0
202000044757;154 663 538;7;0;2;2;16;1
202000044757;154 663 540;2;0;2;8;1;1
202000044758;154 663 539;30;0;0;7;16;1
202000044759;154 663 536;31;0;9;1;17;0
202000044759;154 663 537;1;0;2;8;19;0
202000044760;154 663 534;99;6;0;2;1;1
202000044761;154 663 550;15;0;2;1;1;1
202000044761;154 663 561;2;0;2;8;19;1
202000044762;154 663 531;2;0;2;0;2;1
202000044762;154 663 533;7;0;2;0;15;0
202000044763;154 663 530;7;0;1;6;4;2
202000044764;154 663 527;31;0;2;1;1;1
202000044764;154 663 529;7;0;2;7;9;1
202000044765;154 663 526;7;0;2;2;19;1
202000044765;154 663 528;33;0;2;1;1;1
202000044766;154 663 524;7;0;2;1;2;1
202000044766;154 663 525;2;0;2;4;2;1
202000044767;154 663 521;7;13;0;3;13;1
202000044768;154 663 522;31;0;2;2;13;1
202000044768;154 663 523;7;0;2;6;15;1
202000044769;154 663 532;32;0;;;1;
202000044769;154 663 535;7;0;;;1;
202000044770;154 663 518;7;13;0;1;0;1
202000044771;154 663 516;0;0;2;0;0;0
202000044771;154 663 519;1;0;2;0;0;5
202000044772;154 663 512;7;0;1;1;1;
202000044773;154 663 508;7;0;2;1;1;1
202000044773;154 663 509;30;0;2;0;6;1
202000044774;154 663 510;7;0;0;4;23;1
202000044774;154 663 511;32;0;2;4;2;1
202000044774;154 663 515;7;0;2;1;2;1
202000044775;154 663 513;7;0;2;5;17;1
202000044775;154 663 520;1;0;2;3;2;5
202000044776;154 663 514;7;0;2;4;2;1
202000044776;154 663 517;10;0;2;1;2;1
202000044777;154 663 501;7;0;2;3;1;1
202000044777;154 663 507;1;0;2;1;1;5
202000044778;154 663 503;2;12;0;8;16;1
202000044779;154 663 500;10;0;2;1;2;1
202000044779;154 663 504;7;0;2;2;2;1
202000044779;154 663 505;7;0;2;4;2;1
202000044779;154 663 506;7;0;2;0;0;0
202000044780;154 663 495;33;0;1;1;1;1
202000044781;154 663 498;31;0;0;7;1;1
202000044781;154 663 502;7;6;2;1;1;1
202000044782;154 663 493;10;0;2;8;1;1
202000044782;154 663 494;31;0;2;2;16;1
202000044783;154 663 489;7;0;2;0;9;0
202000044783;154 663 490;30;0;2;8;1;1
202000044784;154 663 488;33;2;0;1;17;1
202000044785;154 663 485;31;0;2;2;1;1
202000044785;154 663 487;7;0;2;3;9;1
202000044786;154 663 484;43;0;1;1;17;1
202000044787;154 663 483;33;0;1;1;1;1
202000044788;154 663 486;7;1;0;2;1;1
202000044789;154 663 481;14;0;2;2;16;1
202000044789;154 663 482;7;0;2;6;1;1
202000044790;154 663 496;7;0;1;1;1;1
202000044791;154 663 497;1;0;2;1;5;0
202000044791;154 663 499;7;0;2;3;9;1
202000044792;154 663 479;33;2;0;8;1;1
202000044793;154 663 478;10;0;2;8;15;1
202000044793;154 663 480;31;0;2;1;17;1
202000044794;154 663 476;7;2;2;2;17;1
202000044794;154 663 477;7;0;0;6;1;1
202000044795;154 663 472;10;8;0;8;13;1
202000044796;154 663 473;1;0;0;0;0;5
202000044797;154 663 475;7;0;1;0;0;0
202000044798;154 663 471;30;0;1;7;17;1
202000044799;154 663 468;33;0;0;1;9;1
202000044799;154 663 469;7;0;0;4;1;1
202000044800;154 663 466;37;0;2;7;17;1
202000044800;154 663 467;1;0;2;8;7;5
202000044801;154 663 464;33;0;2;8;15;1
202000044801;154 663 465;7;0;2;0;15;1
202000044802;154 663 463;33;0;1;1;1;1
202000044803;154 663 460;7;0;2;1;1;1
202000044803;154 663 461;32;0;2;4;1;1
202000044804;154 663 459;7;0;2;1;1;1
202000044804;154 663 462;7;0;2;4;23;1
202000044805;154 663 456;7;0;2;1;14;1
202000044805;154 663 457;7;0;2;1;23;1
202000044806;154 663 470;7;6;0;5;1;1
202000044807;154 663 474;7;0;1;4;4;1
202000044808;154 663 458;7;0;1;5;26;2
202000044809;154 663 453;30;0;2;2;1;0
202000044809;154 663 455;7;0;2;1;9;0
202000044810;154 663 450;7;0;0;0;0;0
202000044810;154 663 454;1;0;2;0;0;5
202000044811;154 663 448;1;0;2;8;2;5
202000044811;154 663 449;7;0;2;2;26;1
202000044812;154 663 445;10;0;2;4;1;1
202000044812;154 663 446;32;0;2;1;1;1
202000044813;154 663 444;7;0;1;1;1;1
202000044814;154 663 443;2;0;2;1;1;1
202000044814;154 663 447;7;0;2;5;1;1
202000044815;154 663 452;33;0;0;0;1;1
202000044816;154 663 441;32;0;2;7;1;1
202000044816;154 663 442;7;0;2;8;23;1
202000044817;154 663 438;7;0;2;3;1;1
202000044817;154 663 440;33;0;2;3;17;1
202000044818;154 663 437;7;0;2;1;1;1
202000044818;154 663 439;7;0;2;4;1;1
202000044819;154 663 436;36;0;0;1;1;1
202000044820;154 663 435;7;0;1;8;1;1
202000044821;154 663 432;7;1;0;2;26;0
202000044822;154 663 434;7;0;0;0;1;1
202000044823;154 663 433;34;0;1;1;2;1
202000044824;154 663 429;33;14;0;0;1;1
202000044825;154 663 426;7;0;1;1;9;1
202000044826;154 663 424;7;0;2;8;15;1
202000044826;154 663 425;33;0;2;1;1;1
202000044827;154 663 421;7;0;2;1;1;1
202000044827;154 663 422;7;0;2;1;1;1
202000044827;154 663 423;7;0;2;7;0;1
202000044828;154 663 427;7;0;0;2;1;1
202000044829;154 663 428;32;0;2;1;1;1
202000044829;154 663 430;7;0;2;5;15;1
202000044830;154 663 420;7;0;1;2;9;1
202000044831;154 663 417;1;0;0;0;0;6
202000044831;154 663 419;30;0;0;0;0;0
202000044832;154 663 416;33;0;2;8;13;1
202000044832;154 663 418;7;0;2;3;1;1
202000044833;154 663 415;43;4;0;3;13;1
202000044834;154 663 414;37;0;1;1;26;1
202000044835;154 663 413;7;0;1;2;1;1
202000044836;154 663 408;7;0;2;6;1;1
202000044836;154 663 411;33;0;2;1;3;1
202000044837;154 663 406;7;0;2;1;2;1
202000044837;154 663 407;7;0;2;4;2;1
202000044838;154 663 410;7;0;2;4;2;1
202000044838;154 663 412;33;0;2;1;2;1
202000044839;154 663 402;33;0;2;1;1;1
202000044839;154 663 403;10;0;2;1;1;1
202000044840;154 663 409;33;3;0;2;1;1
202000044841;154 663 404;32;0;2;8;3;1
202000044841;154 663 405;7;0;2;7;12;1
202000044842;154 663 400;7;7;2;3;13;1
202000044842;154 663 401;10;0;2;3;1;1
202000044843;154 663 397;7;0;1;1;1;0
202000044844;154 663 395;7;0;1;1;1;1
202000044845;154 663 396;32;0;2;2;3;1
202000044845;154 663 398;7;0;2;8;1;1
202000044845;154 663 399;33;0;2;0;11;1
202000044846;154 663 393;7;0;0;8;1;1
202000044847;154 663 391;10;0;0;8;15;1
202000044847;154 663 392;10;0;0;2;17;1
202000044848;154 663 390;7;0;1;2;15;1
202000044849;154 663 387;14;0;0;6;2;1
202000044849;154 663 388;7;0;2;1;2;1
202000044850;154 663 386;7;0;2;2;15;1
202000044850;154 663 389;2;0;0;1;1;1
202000044851;154 663 385;10;0;1;6;4;6
202000044852;154 663 382;7;0;2;1;1;1
202000044852;154 663 384;7;0;2;7;15;1
202000044853;154 663 381;7;0;2;6;0;1
202000044853;154 663 383;7;0;2;2;0;1
202000044854;154 663 394;7;14;0;9;1;1
202000044855;154 663 378;7;13;0;2;14;1
202000044856;154 663 379;7;0;2;1;5;1
202000044856;154 663 380;7;0;2;2;15;1
202000044857;154 663 373;1;0;0;1;26;5
202000044857;154 663 374;1;0;0;4;26;5
202000044858;154 663 372;7;0;2;3;1;1
202000044858;154 663 377;7;0;0;7;1;1
202000044859;154 663 368;7;0;0;1;2;1
202000044859;154 663 370;7;0;0;4;2;1
202000044860;154 663 369;33;8;0;1;17;1
202000044861;154 663 375;1;0;2;3;1;5
202000044861;154 663 376;7;0;2;5;16;1
202000044862;154 663 364;7;0;2;1;21;0
202000044862;154 663 365;34;0;2;0;26;0
202000044863;154 663 371;30;0;1;1;1;1
202000044864;154 663 362;30;0;1;1;1;1
202000044865;154 663 360;33;0;2;8;17;1
202000044865;154 663 361;7;0;2;6;23;1
202000044865;154 663 363;7;0;2;8;13;1
202000044866;154 663 357;7;0;2;2;1;1
202000044866;154 663 359;7;0;2;1;1;1
202000044867;154 663 356;33;0;2;5;3;1
202000044867;154 663 358;7;0;2;3;11;2
202000044868;154 663 351;7;0;2;3;15;0
202000044868;154 663 366;7;0;2;1;1;0
202000044869;154 663 350;32;0;2;1;13;1
202000044869;154 663 355;7;0;2;1;23;1
202000044870;154 663 349;7;0;1;1;15;1
202000044871;154 663 347;2;0;2;3;9;1
202000044871;154 663 348;1;0;2;1;1;5
202000044872;154 663 345;13;0;1;6;0;0
202000044872;154 663 346;7;1;0;2;2;3
202000044873;154 663 344;10;0;0;0;1;1
202000044874;154 663 353;33;0;2;1;3;1
202000044874;154 663 354;7;0;2;4;1;1
202000044875;154 663 352;7;0;2;3;1;1
202000044875;154 663 367;1;0;2;4;1;5
202000044876;154 663 343;7;0;1;5;1;1
202000044877;154 663 341;31;0;2;1;2;1
202000044877;154 663 342;7;0;2;6;2;1
202000044878;154 663 337;7;0;0;3;15;1
202000044878;154 663 339;1;0;2;1;1;5
202000044879;154 663 335;31;0;0;1;1;1
202000044880;154 663 334;7;0;2;6;11;1
202000044880;154 663 336;31;0;2;1;1;1
202000044881;154 663 331;7;0;2;1;1;1
202000044881;154 663 333;7;0;2;1;17;1
202000044882;154 663 329;7;0;2;3;15;3
202000044882;154 663 330;30;0;2;2;17;1
202000044883;154 663 328;7;0;1;8;1;1
202000044884;154 663 327;7;11;0;0;13;1
202000044885;154 663 326;7;0;1;3;1;1
202000044886;154 663 325;1;8;0;2;14;5
202000044887;154 663 338;7;0;0;5;15;1
202000044887;154 663 340;33;0;0;1;1;1
202000044888;154 663 324;7;0;1;1;15;1
202000044889;154 663 332;1;0;1;1;1;5
202000044890;154 663 322;7;0;2;3;1;2
202000044890;154 663 323;50;0;2;0;1;3
202000044891;154 663 321;33;6;0;1;1;1
202000044892;154 663 319;7;0;2;1;2;1
202000044892;154 663 320;7;0;2;4;2;1
202000044893;154 663 318;7;0;1;6;4;1
202000044894;154 663 310;7;0;2;2;13;1
202000044894;154 663 311;7;0;2;1;1;1
202000044894;154 663 312;7;0;2;3;0;1
202000044895;154 663 313;34;0;1;1;21;1
202000044895;154 663 315;7;0;2;5;1;0
202000044896;154 663 314;7;0;9;3;1;1
202000044896;154 663 316;1;0;2;1;5;5
202000044897;154 663 317;31;0;6;1;1;1
202000044898;154 663 308;1;0;2;1;2;5
202000044898;154 663 309;7;0;2;6;23;1
202000044899;154 663 306;33;0;0;6;1;1
202000044899;154 663 307;7;0;2;2;14;0
202000044900;154 663 305;15;0;1;3;19;1
202000044901;154 663 302;1;0;1;1;1;5
202000044902;154 663 303;33;0;2;1;1;1
202000044902;154 663 304;7;0;2;2;1;1
202000044903;154 663 298;7;15;2;1;1;1
202000044903;154 663 300;7;8;2;8;1;1
202000044904;154 663 296;99;8;0;1;26;0
202000044905;154 663 295;10;0;2;8;22;1
202000044905;154 663 297;1;0;2;1;1;5
202000044905;154 663 299;1;0;2;1;1;5
202000044906;154 663 293;2;0;2;1;1;1
202000044906;154 663 294;7;0;2;2;15;1
202000044907;154 663 289;33;0;2;1;13;1
202000044907;154 663 291;7;0;2;3;1;1
202000044908;154 663 290;31;0;2;2;1;1
202000044908;154 663 292;1;0;2;0;5;5
202000044909;154 663 288;7;2;0;7;15;1
202000044910;154 663 287;1;0;0;7;0;5
202000044911;154 663 285;33;0;2;8;1;1
202000044911;154 663 286;7;0;2;1;15;1
202000044912;154 663 283;2;0;1;1;1;1
202000044913;154 663 281;7;0;2;1;2;1
202000044913;154 663 282;7;0;2;4;2;1
202000044914;154 663 276;7;0;2;1;1;0
202000044914;154 663 301;7;0;2;0;0;0
202000044915;154 663 275;7;0;2;3;1;1
202000044915;154 663 279;7;0;0;6;15;1
202000044915;154 663 280;2;0;2;2;17;1
202000044916;154 663 274;32;0;2;0;1;1
202000044916;154 663 278;7;0;2;0;13;1
202000044917;154 663 273;99;0;1;4;4;0
202000044918;154 663 268;7;0;2;2;16;1
202000044918;154 663 271;1;0;2;8;1;5
202000044919;154 663 270;7;0;2;1;1;0
202000044919;154 663 272;7;0;2;2;15;0
202000044920;154 663 277;1;0;2;7;12;5
202000044920;154 663 284;7;0;2;2;9;1
202000044921;154 663 267;7;0;2;1;1;1
202000044921;154 663 269;7;0;2;1;5;1
202000044922;154 663 264;7;6;2;1;1;1
202000044922;154 663 266;7;0;2;2;19;1
202000044923;154 663 265;36;0;0;0;1;1
202000044924;154 663 263;7;1;1;2;1;1
202000044925;154 663 261;7;0;2;1;1;1
202000044925;154 663 262;7;0;2;2;15;1
202000044926;154 663 260;7;0;1;1;1;0
202000044927;154 663 257;1;0;2;1;1;5
202000044927;154 663 258;7;0;0;4;23;1
202000044928;154 663 250;7;0;2;5;1;1
202000044928;154 663 254;33;0;2;1;1;1
202000044929;154 663 253;33;6;0;7;1;1
202000044930;154 663 251;7;4;2;0;1;1
202000044930;154 663 259;7;13;2;0;1;1
202000044931;154 663 252;32;14;2;1;1;1
202000044932;154 663 249;7;0;1;1;15;1
202000044933;154 663 248;33;0;1;3;15;1
202000044934;154 663 247;7;6;0;2;0;1
202000044935;154 663 245;15;0;2;6;4;1
202000044935;154 663 246;7;0;2;8;10;2
202000044936;154 663 243;7;0;1;2;1;0
202000044937;154 663 242;7;3;0;1;1;1
202000044938;154 663 241;7;5;0;2;1;1
202000044939;154 663 240;33;0;2;1;2;1
202000044939;154 663 244;7;0;0;4;2;1
202000044940;154 663 239;10;0;1;1;1;1
202000044941;154 663 236;7;0;2;1;5;1
202000044941;154 663 238;7;0;2;1;1;1
202000044942;154 663 233;34;0;0;8;15;1
202000044943;154 663 235;7;0;1;3;1;1
202000044944;154 663 237;10;13;0;2;14;1
202000044945;154 663 232;7;0;2;3;20;1
202000044945;154 663 234;2;0;2;3;1;1
202000044946;154 663 229;7;0;0;8;15;1