Num_Acc;id_vehicule;categorie_vehicule;obstacle_fixe;obstacle_mobile;point_choc_initial;manoeuvre_principale;motorisation
202000045308;154 662 605;33;0;0;6;23;1
202000045309;154 662 611;7;0;2;9;2;1
202000045309;154 662 613;7;0;2;6;1;1
202000045310;154 662 601;10;0;0;2;19;1
202000045310;154 662 616;10;0;0;3;9;1
202000045311;154 662 603;10;0;1;4;4;1
202000045312;154 662 600;33;13;9;1;16;1
202000045313;154 662 598;7;0;9;2;1;1
202000045313;154 662 599;1;0;2;1;9;5
202000045314;154 662 597;10;13;0;3;13;1
202000045315;154 662 595;10;0;1;3;26;1
202000045316;154 662 592;7;0;0;9;13;1
202000045317;154 662 591;7;0;1;2;1;1
202000045318;154 662 594;7;0;2;1;1;1
202000045318;154 662 602;15;0;2;1;0;0
202000045319;154 662 589;7;2;0;1;1;0
202000045320;154 662 587;7;0;1;1;1;1
202000045321;154 662 585;32;0;1;1;25;0
202000045322;154 662 584;33;3;0;1;26;1
202000045322;154 662 586;7;3;0;1;1;1
202000045323;154 662 593;7;2;0;8;13;0
202000045324;154 662 581;50;0;2;8;0;3
202000045324;154 662 582;7;0;2;3;15;1
202000045325;154 662 580;7;13;0;0;14;1
202000045326;154 662 583;7;0;2;6;2;1
202000045326;154 662 588;33;0;2;1;2;1
202000045327;154 662 579;7;4;0;2;14;1
202000045328;154 662 577;33;6;2;1;1;1
202000045328;154 662 578;7;0;2;2;1;1
202000045329;154 662 576;7;0;1;8;1;1
202000045330;154 662 575;7;13;0;3;1;1
202000045331;154 662 569;33;0;0;9;1;1
202000045332;154 662 570;7;0;2;1;2;1
202000045332;154 662 571;7;0;2;4;2;1
202000045332;154 662 572;10;0;2;4;2;0
202000045333;154 662 573;7;2;0;9;1;1
202000045334;154 662 574;7;9;0;1;1;1
202000045335;154 662 565;7;3;5;1;21;1
202000045336;154 662 564;7;0;2;2;9;1
202000045336;154 662 567;1;0;2;3;1;5
202000045337;154 662 560;7;0;9;3;16;1
202000045337;154 662 562;7;14;0;2;2;1
202000045337;154 662 563;1;0;2;4;2;5
202000045338;154 662 558;7;0;2;3;1;1
202000045338;154 662 559;7;0;2;2;12;1
202000045339;154 662 557;7;0;1;2;1;1
202000045340;154 662 561;33;0;6;1;1;1
202000045341;154 662 553;7;0;2;0;16;1
202000045341;154 662 556;7;12;2;3;1;1
202000045342;154 662 552;7;0;2;1;1;1
202000045342;154 662 555;32;0;2;1;15;1
202000045343;154 662 549;7;8;0;1;0;1
202000045344;154 662 550;7;0;2;3;1;1
202000045344;154 662 554;7;0;2;3;13;1
202000045345;154 662 544;7;0;2;8;11;1
202000045345;154 662 547;31;0;2;7;3;1
202000045346;154 662 540;43;0;2;8;3;1
202000045346;154 662 542;7;0;2;7;12;1
202000045347;154 662 538;2;0;2;1;1;1
202000045347;154 662 545;2;0;0;4;1;1
202000045348;154 662 534;7;0;2;2;15;1
202000045348;154 662 536;80;0;2;1;19;3
202000045349;154 662 535;1;0;2;1;1;5
202000045349;154 662 537;10;0;2;8;22;1
202000045350;154 662 551;7;0;1;1;1;0
202000045351;154 662 530;2;0;2;1;1;1
202000045351;154 662 531;7;0;2;7;9;1
202000045352;154 662 528;7;0;2;1;2;1
202000045352;154 662 529;7;0;0;4;2;1
202000045353;154 662 526;10;0;2;3;26;1
202000045353;154 662 527;7;0;2;1;1;1
202000045354;154 662 525;1;0;0;0;1;5
202000045355;154 662 521;7;14;0;1;1;1
202000045356;154 662 520;7;0;0;1;1;1
202000045357;154 662 517;7;5;0;1;0;0
202000045358;154 662 518;7;0;2;7;13;1
202000045358;154 662 519;7;0;2;1;2;1
202000045359;154 662 516;7;0;1;2;1;1
202000045360;154 662 523;7;0;2;4;2;1
202000045360;154 662 532;7;0;2;1;2;1
202000045361;154 662 511;10;0;2;2;1;1
202000045361;154 662 512;10;0;2;3;13;1
202000045362;154 662 510;32;0;1;1;17;1
202000045363;154 662 509;50;0;0;7;25;3
202000045364;154 662 514;7;0;1;1;1;1
202000045365;154 662 513;7;0;0;5;2;1
202000045365;154 662 515;31;0;2;1;2;1
202000045366;154 662 524;7;3;2;2;13;1
202000045366;154 662 533;7;0;2;3;1;1
202000045367;154 662 508;33;0;1;1;17;1
202000045368;154 662 504;17;0;2;1;2;1
202000045368;154 662 505;7;0;2;4;2;0
202000045369;154 662 502;99;0;0;0;0;0
202000045369;154 662 507;7;0;2;4;1;0
202000045370;154 662 503;1;0;2;1;9;5
202000045370;154 662 506;1;0;2;7;1;5
202000045371;154 662 501;7;0;1;1;2;1
202000045372;154 662 500;7;0;1;2;16;1
202000045373;154 662 497;7;0;1;3;1;1
202000045374;154 662 494;1;0;2;8;16;5
202000045374;154 662 496;10;0;2;7;16;1
202000045375;154 662 492;33;0;2;1;1;1
202000045375;154 662 493;7;0;2;8;15;1
202000045376;154 662 491;7;2;0;7;0;0
202000045377;154 662 490;80;12;0;7;12;3
202000045378;154 662 484;33;0;2;8;1;1
202000045378;154 662 485;7;0;2;7;13;1
202000045379;154 662 480;80;0;2;1;16;3
202000045379;154 662 482;10;0;2;2;1;1
202000045380;154 662 478;30;0;2;1;16;1
202000045380;154 662 479;50;0;2;8;19;3
202000045381;154 662 487;7;0;2;3;13;1
202000045381;154 662 499;7;0;2;3;1;1
202000045382;154 662 488;7;0;1;1;1;1
202000045383;154 662 489;2;0;0;0;1;1
202000045384;154 662 481;7;0;9;1;1;1
202000045384;154 662 483;99;0;2;1;19;3
202000045385;154 662 476;7;0;2;2;16;1
202000045385;154 662 477;50;0;2;3;1;3
202000045386;154 662 473;7;0;2;3;0;1
202000045386;154 662 474;7;0;2;3;13;1
202000045387;154 662 472;7;0;1;3;1;0
202000045388;154 662 475;7;15;1;1;25;1
202000045389;154 662 469;31;0;0;8;0;1
202000045390;154 662 471;10;0;1;2;1;1
202000045391;154 662 468;32;0;2;7;1;1
202000045391;154 662 470;7;0;2;8;9;1
202000045392;154 662 465;7;0;2;3;10;1
202000045392;154 662 467;2;0;2;1;1;1
202000045393;154 662 464;7;0;2;3;19;1
202000045393;154 662 466;34;0;2;8;1;1
202000045394;154 662 463;7;0;1;1;1;1
202000045395;154 662 462;7;4;0;1;13;1
202000045396;154 662 457;2;12;0;7;1;1
202000045397;154 662 459;7;8;0;9;1;1
202000045398;154 662 460;7;13;0;9;1;1
202000045399;154 662 461;33;0;1;1;1;1
202000045400;154 662 456;7;0;2;1;15;1
202000045400;154 662 458;33;0;2;1;1;1
202000045401;154 662 449;7;0;2;1;1;1
202000045401;154 662 454;7;0;2;1;1;1
202000045402;154 662 450;7;0;2;3;9;1
202000045402;154 662 455;32;0;2;5;1;1
202000045403;154 662 453;33;0;0;3;16;1
202000045404;154 662 451;32;0;1;1;1;1
202000045405;154 662 445;7;0;2;4;2;1
202000045405;154 662 448;7;0;2;1;2;1
202000045406;154 662 442;33;0;2;1;13;1
202000045406;154 662 444;33;0;2;1;1;1
202000045407;154 662 446;50;0;0;0;7;3
202000045408;154 662 447;7;0;2;2;17;6
202000045408;154 662 452;1;0;2;8;15;5
202000045409;154 662 441;10;0;1;7;16;1
202000045410;154 662 436;33;0;2;1;2;1
202000045410;154 662 438;7;0;2;7;1;1
202000045410;154 662 440;33;0;2;3;23;1
202000045411;154 662 434;7;0;0;4;0;1
202000045411;154 662 437;7;0;2;1;0;1
202000045412;154 662 433;7;0;2;3;1;6
202000045412;154 662 435;30;0;2;3;19;0
202000045413;154 662 443;37;0;1;2;1;0
202000045414;154 662 428;7;0;2;8;16;1
202000045414;154 662 429;10;0;2;3;15;1
202000045415;154 662 430;10;0;1;3;15;1
202000045416;154 662 431;10;0;0;1;1;6
202000045417;154 662 439;7;0;1;4;4;1
202000045418;154 662 432;7;0;1;1;5;0
202000045419;154 662 426;33;0;2;7;0;1
202000045419;154 662 427;10;0;2;0;20;1
202000045420;154 662 420;7;0;1;2;1;1
202000045421;154 662 423;7;2;0;3;1;1
202000045422;154 662 424;7;0;2;7;16;1
202000045422;154 662 425;2;0;2;8;1;1
202000045423;154 662 419;7;1;0;1;1;1
202000045424;154 662 416;10;0;1;2;16;1
202000045425;154 662 414;30;0;2;1;1;1
202000045425;154 662 418;60;0;2;8;19;5
202000045426;154 662 412;7;0;1;2;2;1
202000045427;154 662 411;7;0;2;3;23;1
202000045427;154 662 413;7;0;2;4;23;0
202000045427;154 662 415;30;0;2;1;3;1
202000045428;154 662 410;7;0;1;8;1;1
202000045429;154 662 407;50;0;2;1;5;3
202000045429;154 662 409;7;0;2;1;1;1
202000045430;154 662 406;7;0;2;5;15;1
202000045430;154 662 408;33;0;2;1;1;0
202000045431;154 662 402;7;0;2;3;15;1
202000045431;154 662 405;7;0;2;2;1;1
202000045432;154 662 404;31;15;0;1;21;1
202000045433;154 662 397;10;0;2;8;15;0
202000045433;154 662 398;34;0;2;5;17;1
202000045434;154 662 396;7;2;0;1;13;0
202000045435;154 662 394;1;0;2;1;0;0
202000045435;154 662 395;1;0;0;0;0;0
202000045436;154 662 392;7;0;2;3;13;1
202000045436;154 662 393;7;0;2;6;1;1
202000045437;154 662 401;33;0;2;0;13;1
202000045437;154 662 417;7;0;2;2;1;1
202000045438;154 662 385;2;0;2;1;1;1
202000045438;154 662 390;7;0;2;2;13;1
202000045439;154 662 399;7;0;2;1;1;1
202000045439;154 662 400;7;0;2;1;5;1
202000045440;154 662 403;10;0;1;1;1;0
202000045441;154 662 386;33;0;2;7;1;1
202000045441;154 662 391;10;0;2;1;1;1
202000045442;154 662 383;15;0;2;6;1;0
202000045442;154 662 384;7;0;2;3;17;0
202000045443;154 662 377;7;6;0;8;1;1
202000045444;154 662 387;7;0;2;4;23;1
202000045444;154 662 388;7;0;2;1;1;1
202000045444;154 662 389;7;0;2;1;1;1
202000045445;154 662 380;7;0;2;2;15;1
202000045445;154 662 382;1;0;2;1;1;5
202000045446;154 662 381;7;0;1;3;1;0
202000045447;154 662 378;33;0;9;4;23;1
202000045447;154 662 379;10;14;0;1;2;1
202000045448;154 662 374;7;1;0;6;17;1
202000045448;154 662 375;33;0;2;2;1;1
202000045449;154 662 376;2;0;0;1;1;1
202000045450;154 662 370;7;8;1;2;1;0
202000045451;154 662 368;7;0;2;4;23;1
202000045451;154 662 373;2;14;0;1;2;1
202000045452;154 662 366;34;0;2;3;1;1
202000045452;154 662 367;3;0;2;5;12;1
202000045453;154 662 363;7;0;2;1;1;1
202000045453;154 662 365;7;0;2;4;23;1
202000045454;154 662 364;7;0;2;4;1;1
202000045454;154 662 369;7;0;2;1;2;1
202000045455;154 662 371;0;0;1;2;1;0
202000045456;154 662 358;7;0;2;2;1;1
202000045456;154 662 362;32;0;2;1;1;1
202000045457;154 662 372;7;0;1;1;9;1
202000045458;154 662 355;7;0;2;3;2;1
202000045458;154 662 357;7;4;6;2;1;1
202000045459;154 662 351;7;0;2;5;2;1
202000045459;154 662 359;7;0;2;3;2;1
202000045460;154 662 352;7;0;2;1;1;1
202000045460;154 662 360;7;0;2;4;1;1
202000045460;154 662 361;10;0;2;4;1;0
202000045461;154 662 354;7;0;2;3;15;1
202000045461;154 662 356;7;0;2;3;1;1
202000045462;154 662 349;7;0;1;7;16;0
202000045463;154 662 345;7;2;0;2;1;1
202000045464;154 662 347;1;0;2;1;19;5
202000045464;154 662 348;7;0;2;6;1;1
202000045465;154 662 353;33;0;0;7;1;0
202000045466;154 662 344;33;0;0;7;1;1
202000045467;154 662 343;7;0;2;4;12;1
202000045467;154 662 346;33;0;2;1;3;1
202000045468;154 662 342;7;10;0;2;1;6
202000045469;154 662 339;7;6;0;1;1;1
202000045470;154 662 340;7;0;2;8;1;1
202000045470;154 662 341;30;0;2;2;16;1
202000045471;154 662 336;10;0;0;2;1;1
202000045472;154 662 335;7;0;2;1;5;1
202000045472;154 662 337;7;0;2;1;1;1
202000045473;154 662 333;7;0;2;1;1;1
202000045473;154 662 334;7;0;2;8;13;1
202000045474;154 662 332;43;0;1;7;17;1
202000045475;154 662 328;10;2;6;1;14;1
202000045476;154 662 329;7;0;1;3;1;1
202000045477;154 662 330;1;0;2;1;1;5
202000045477;154 662 331;7;0;2;3;1;1
202000045478;154 662 326;1;12;2;1;13;5
202000045478;154 662 327;1;0;2;1;1;5
202000045479;154 662 325;7;2;0;1;1;0
202000045480;154 662 324;30;0;1;8;1;0
202000045481;154 662 323;7;8;0;2;1;1
202000045482;154 662 320;31;0;2;1;13;1
202000045482;154 662 321;7;0;2;3;10;1
202000045483;154 662 316;7;2;0;7;13;1
202000045484;154 662 317;7;0;2;1;13;1
202000045484;154 662 319;7;0;2;1;1;1
202000045485;154 662 322;10;0;1;1;15;1
202000045486;154 662 315;7;0;2;3;15;1
202000045486;154 662 318;50;0;2;3;1;3
202000045487;154 662 313;7;2;0;2;14;1
202000045488;154 662 312;33;12;0;1;14;1
202000045489;154 662 309;30;0;2;1;14;1
202000045489;154 662 311;7;0;2;4;23;1
202000045490;154 662 310;10;0;1;3;16;1
202000045491;154 662 305;7;0;2;7;16;1
202000045491;154 662 306;30;0;2;1;18;1
202000045492;154 662 303;1;0;2;2;1;5
202000045492;154 662 307;7;0;2;3;17;1
202000045493;154 662 299;10;0;1;5;4;1
202000045494;154 662 298;30;0;2;1;1;1
202000045494;154 662 300;7;0;2;8;22;2
202000045495;154 662 294;7;14;0;1;1;1
202000045495;154 662 296;7;0;2;3;1;1
202000045495;154 662 297;34;0;2;1;13;1
202000045496;154 662 295;32;0;1;1;17;1
202000045497;154 662 301;7;15;2;5;1;1
202000045497;154 662 308;7;0;2;0;9;0
202000045498;154 662 304;31;0;9;0;21;1
202000045499;154 662 291;7;0;1;3;1;2
202000045500;154 662 287;7;0;2;5;15;1
202000045500;154 662 290;13;0;2;3;21;1
202000045501;154 662 286;30;0;2;2;17;1
202000045501;154 662 288;7;0;2;3;15;1
202000045502;154 662 289;7;6;0;1;1;1
202000045503;154 662 285;7;5;0;7;1;1
202000045504;154 662 283;7;0;2;2;15;1
202000045504;154 662 284;1;0;2;1;1;5
202000045505;154 662 292;7;0;2;1;1;1
202000045505;154 662 293;2;0;2;0;1;1
202000045506;154 662 302;7;0;2;1;2;1
202000045506;154 662 314;7;0;0;4;1;1
202000045507;154 662 282;7;0;0;3;9;1
202000045508;154 662 276;7;0;2;3;1;1
202000045508;154 662 278;2;0;2;5;16;1
202000045509;154 662 274;30;8;0;1;0;1
202000045510;154 662 273;7;0;2;1;1;1
202000045510;154 662 275;7;9;2;7;1;1
202000045511;154 662 272;7;4;0;1;14;1
202000045512;154 662 269;10;4;0;2;14;1
202000045513;154 662 277;30;0;2;3;1;1
202000045513;154 662 279;30;0;2;3;1;1
202000045513;154 662 280;30;0;2;3;1;1
202000045514;154 662 270;2;0;2;1;1;1
202000045514;154 662 271;7;0;2;5;15;1
202000045515;154 662 267;32;0;2;1;1;1
202000045515;154 662 268;7;0;2;3;10;1
202000045516;154 662 266;17;0;1;2;1;1
202000045517;154 662 265;33;0;6;1;0;1
202000045518;154 662 258;7;0;2;3;1;1
202000045518;154 662 261;7;0;2;3;1;1
202000045519;154 662 259;37;0;2;5;1;1
202000045519;154 662 264;1;0;2;8;1;5
202000045520;154 662 257;7;0;2;8;24;1
202000045520;154 662 260;33;1;2;2;1;1
202000045520;154 662 262;7;0;2;1;1;1
202000045521;154 662 263;7;3;0;1;14;1
202000045522;154 662 254;7;6;2;3;1;1
202000045522;154 662 255;7;6;2;1;13;1
202000045523;154 662 253;7;0;2;3;15;1
202000045523;154 662 256;7;0;2;1;1;1
202000045524;154 662 252;34;0;2;7;1;1
202000045525;154 662 250;7;6;0;2;14;1
202000045526;154 662 249;7;0;2;3;13;0
202000045526;154 662 251;7;0;2;3;1;0
202000045527;154 662 247;1;0;2;3;26;5
202000045527;154 662 248;7;0;2;5;16;1
202000045528;154 662 243;7;0;2;4;0;1
202000045528;154 662 245;33;3;2;1;0;1
202000045529;154 662 246;7;0;1;1;19;1
202000045530;154 662 244;10;0;1;0;1;1
202000045531;154 662 241;15;0;2;8;1;1
202000045531;154 662 242;1;0;2;4;1;5
202000045532;154 662 240;7;0;1;3;15;1
202000045533;154 662 235;31;0;2;1;1;1
202000045533;154 662 239;7;0;2;7;1;1
202000045534;154 662 237;33;0;0;0;1;1
202000045535;154 662 234;33;0;2;1;1;1
202000045535;154 662 236;7;0;2;8;15;1
202000045536;154 662 232;7;0;2;1;1;1
202000045536;154 662 238;2;0;2;8;16;1
202000045537;154 662 231;7;8;0;1;1;1
202000045538;154 662 230;2;0;2;7;1;0
202000045538;154 662 233;7;0;2;1;15;0
202000045539;154 662 228;7;0;1;1;21;0
202000045540;154 662 224;7;0;0;8;1;1
202000045540;154 662 229;7;0;2;1;19;1
202000045541;154 662 227;7;7;0;8;2;1
202000045542;154 662 223;2;0;1;8;26;1
202000045543;154 662 222;7;0;2;1;1;1
202000045543;154 662 226;7;0;2;8;1;1
202000045544;154 662 219;7;0;6;1;1;1
202000045545;154 662 220;1;0;2;8;2;5
202000045545;154 662 221;7;0;2;7;14;1
202000045546;154 662 215;7;0;1;3;1;1
202000045547;154 662 214;7;0;1;1;0;1
202000045548;154 662 217;7;0;2;4;1;1
202000045548;154 662 218;7;0;2;1;2;1
202000045549;154 662 213;7;0;1;0;0;1
202000045550;154 662 225;60;12;0;0;14;5
202000045551;154 662 212;31;1;0;3;13;1
202000045552;154 662 216;33;0;0;0;21;1
202000045553;154 662 210;7;0;1;1;9;1
202000045554;154 662 211;2;0;0;0;0;1
202000045555;154 662 207;7;0;2;3;2;1
202000045555;154 662 209;7;0;2;3;13;1
202000045556;154 662 206;7;0;2;2;16;1
202000045556;154 662 208;2;0;2;3;17;1
202000045557;154 662 204;7;2;0;1;14;1
202000045558;154 662 202;7;0;2;6;10;0
202000045558;154 662 203;2;0;2;1;17;0
202000045559;154 662 200;7;8;0;0;0;1
202000045560;154 662 198;7;0;1;1;1;1
202000045561;154 662 195;0;0;1;5;2;0
202000045561;154 662 196;32;0;1;3;3;1
202000045562;154 662 199;7;0;0;0;2;1
202000045563;154 662 201;7;0;2;4;1;1
202000045563;154 662 205;7;0;2;1;1;1
202000045564;154 662 193;10;14;9;2;17;1
202000045564;154 662 194;1;0;2;6;11;0
202000045565;154 662 191;30;0;2;3;1;1
202000045565;154 662 192;30;0;2;2;15;1
202000045566;154 662 190;7;0;1;0;1;1
202000045567;154 662 187;30;0;1;1;2;0
202000045568;154 662 189;7;13;0;3;0;1
202000045569;154 662 186;30;0;2;1;2;1
202000045569;154 662 188;1;0;2;4;2;5
202000045570;154 662 184;7;0;2;0;26;0
202000045570;154 662 185;7;0;2;1;1;1
202000045571;154 662 183;7;0;0;9;0;1
202000045572;154 662 181;7;0;2;6;2;1
202000045572;154 662 182;34;0;2;1;2;1
202000045573;154 662 180;33;0;0;7;16;1
202000045574;154 662 179;32;0;1;1;3;1
202000045575;154 662 177;7;0;2;8;24;1
202000045575;154 662 178;14;1;0;1;1;1
202000045576;154 662 172;7;0;2;3;20;1
202000045576;154 662 175;33;0;2;2;1;1
202000045577;154 662 170;7;3;2;3;1;1
202000045577;154 662 174;7;0;2;3;10;1
202000045578;154 662 171;7;0;2;8;1;1
202000045578;154 662 173;7;0;2;3;1;1
202000045578;154 662 176;7;0;2;3;13;1
202000045579;154 662 169;7;2;0;1;14;1
202000045580;154 662 163;17;0;2;1;2;1
202000045580;154 662 164;17;0;2;4;2;1
202000045581;154 662 165;7;3;0;1;1;1
202000045582;154 662 162;1;13;0;1;13;5
202000045583;154 662 160;10;6;0;1;1;1
202000045584;154 662 158;1;0;2;8;2;5
202000045584;154 662 159;7;0;2;7;2;1
202000045585;154 662 156;7;0;2;5;20;1
202000045585;154 662 157;33;0;2;4;26;1
202000045586;154 662 153;15;1;0;3;2;1
202000045586;154 662 154;10;1;0;3;2;1
202000045586;154 662 155;7;4;0;2;1;1
202000045587;154 662 151;7;0;2;1;13;1
202000045587;154 662 161;7;0;2;1;1;1
202000045588;154 662 152;7;0;2;4;23;1
202000045588;154 662 166;7;0;2;4;23;4
202000045588;154 662 167;7;0;2;4;23;1
202000045588;154 662 168;7;0;2;1;1;1
202000045589;154 662 150;7;4;0;3;1;1
202000045590;154 662 147;15;0;1;4;4;1
202000045591;154 662 148;15;0;0;4;2;1
202000045591;154 662 149;7;0;2;1;2;1
202000045592;154 662 144;1;0;2;6;9;5
202000045592;154 662 146;10;0;2;3;1;1
202000045593;154 662 145;10;7;0;0;1;1
202000045594;154 662 142;33;0;2;1;2;1
202000045594;154 662 143;10;0;2;8;10;1
202000045595;154 662 137;7;0;0;7;1;1
202000045595;154 662 140;7;0;2;1;9;0
202000045596;154 662 138;33;0;2;2;3;1
202000045596;154 662 141;7;0;2;8;11;1
202000045597;154 662 136;10;0;1;3;1;1
202000045597;154 662 139;99;0;1;1;1;0
202000045598;154 662 133;7;14;0;1;1;1
202000045599;154 662 131;33;0;2;1;1;1
202000045599;154 662 134;7;17;2;3;1;1
202000045600;154 662 132;7;0;2;1;1;1
202000045600;154 662 135;10;0;2;1;1;1
202000045601;154 662 130;32;0;0;0;3;1
202000045602;154 662 128;7;0;2;1;13;1
202000045602;154 662 129;7;0;2;3;1;1
202000045603;154 662 126;43;0;0;8;1;1
202000045604;154 662 124;7;0;2;7;17;1
202000045604;154 662 125;1;0;2;8;2;5
202000045605;154 662 123;33;0;2;8;16;1
202000045605;154 662 127;7;0;2;2;1;1
202000045606;154 662 121;7;0;1;3;1;1
202000045607;154 662 118;2;0;2;1;1;0
202000045607;154 662 120;7;0;2;8;17;0
202000045608;154 662 115;7;0;2;8;1;1
202000045608;154 662 117;7;0;2;7;3;1
202000045608;154 662 119;7;0;2;5;1;1
202000045608;154 662 122;7;0;2;8;1;1
202000045609;154 662 116;7;0;1;1;15;1
202000045610;154 662 111;7;13;0;2;1;1
202000045611;154 662 113;7;0;0;7;1;1
202000045611;154 662 114;7;0;2;3;1;1
202000045612;154 662 108;7;15;0;3;1;1
202000045613;154 662 110;30;0;2;4;2;1
202000045613;154 662 112;7;0;2;0;2;0
202000045614;154 662 107;1;0;2;3;1;5
202000045614;154 662 109;7;0;9;3;15;1
202000045615;154 662 106;36;13;0;0;13;1
202000045616;154 662 105;7;0;0;0;0;1
202000045617;154 662 103;7;0;2;7;17;1
202000045617;154 662 104;2;0;2;8;2;1
202000045618;154 662 100;33;13;0;2;17;1
202000045619;154 662 102;7;0;1;2;1;0
202000045620;154 662 099;80;0;1;1;1;3
202000045621;154 662 098;7;16;0;2;0;1
202000045622;154 662 096;7;0;2;3;13;1
202000045622;154 662 097;33;0;2;3;1;1
202000045623;154 662 095;17;3;0;2;1;1
202000045624;154 662 094;30;0;1;1;17;1
202000045625;154 662 093;7;2;0;1;14;1
202000045626;154 662 091;2;0;1;1;1;1
202000045627;154 662 090;1;0;2;3;13;5
202000045627;154 662 092;10;0;9;2;17;1
202000045628;154 662 101;7;0;1;3;15;1
202000045629;154 662 089;60;0;0;1;1;5
202000045630;154 662 088;7;0;1;4;20;1
202000045631;154 662 087;7;6;0;2;1;1
202000045632;154 662 086;33;8;0;1;1;1
202000045633;154 662 084;33;0;2;3;3;1
202000045633;154 662 085;7;0;2;2;12;3
202000045634;154 662 079;7;0;2;1;1;1
202000045634;154 662 082;17;0;2;4;2;1
202000045635;154 662 075;15;0;2;6;1;1
202000045635;154 662 077;7;0;2;6;1;1
202000045636;154 662 074;33;0;0;9;1;1
202000045637;154 662 073;7;6;0;2;11;1
202000045638;154 662 071;7;0;2;1;1;1
202000045638;154 662 072;7;0;2;4;1;1
202000045639;154 662 076;7;0;2;1;1;1
202000045639;154 662 078;2;0;2;7;1;1
202000045640;154 662 069;33;0;2;7;3;1
202000045640;154 662 070;7;0;2;8;11;1
202000045641;154 662 066;7;0;2;6;2;1
202000045641;154 662 067;33;0;2;1;2;1
202000045642;154 662 064;33;0;2;4;1;1
202000045642;154 662 065;7;0;2;1;3;1
202000045643;154 662 081;7;0;1;1;1;1
202000045644;154 662 061;7;0;1;4;20;1
202000045645;154 662 060;7;0;0;2;1;1
202000045645;154 662 068;7;0;2;1;16;1
202000045646;154 662 058;37;1;0;5;1;2
202000045647;154 662 057;7;0;2;1;1;1
202000045647;154 662 059;1;0;2;8;19;5
202000045648;154 662 053;10;12;0;3;20;1
202000045648;154 662 055;1;1;0;1;2;0
202000045649;154 662 054;33;0;2;2;17;1
202000045649;154 662 056;7;0;2;3;15;1
202000045650;154 662 051;1;0;9;1;1;5
202000045651;154 662 052;33;0;0;1;0;1
202000045652;154 662 048;7;0;2;0;0;0
202000045652;154 662 049;50;0;0;0;0;3
202000045653;154 662 047;31;0;2;3;1;1
202000045653;154 662 050;10;0;2;2;9;1
202000045654;154 662 044;7;0;2;3;15;1
202000045654;154 662 045;0;0;2;1;1;0
202000045655;154 662 041;7;0;2;3;13;1
202000045655;154 662 043;15;0;2;3;1;1
202000045656;154 662 040;7;0;2;1;2;0
202000045656;154 662 042;7;0;2;4;15;0
202000045657;154 662 035;7;14;2;7;13;1
202000045657;154 662 038;7;0;2;3;13;1
202000045658;154 662 033;7;0;2;2;1;0
202000045658;154 662 034;32;0;2;4;1;0
202000045659;154 662 036;2;0;2;3;13;1
202000045659;154 662 039;7;0;0;8;13;1
202000045660;154 662 032;7;0;1;7;1;0
202000045661;154 662 037;7;8;2;6;15;1
202000045661;154 662 046;7;0;2;2;1;2
202000045662;154 662 030;7;0;0;6;2;1
202000045662;154 662 031;7;1;2;1;2;1
202000045663;154 662 027;7;1;0;3;13;1
202000045664;154 662 026;7;6;0;3;1;1
202000045665;154 662 025;1;0;0;0;1;5
202000045666;154 662 023;7;0;2;4;23;1
202000045666;154 662 024;7;0;2;1;1;1
202000045667;154 662 020;10;0;2;4;24;1
202000045667;154 662 021;7;1;0;1;1;1
202000045668;154 662 018;7;15;1;1;26;1
202000045669;154 662 019;7;0;2;8;1;1
202000045669;154 662 022;7;0;2;3;17;1
202000045670;154 662 015;7;0;2;2;9;1
202000045670;154 662 017;1;0;2;1;1;5
202000045671;154 662 012;0;0;1;1;26;0
202000045672;154 662 011;7;0;1;3;1;2
202000045673;154 662 009;33;0;2;5;2;1
202000045673;154 662 010;7;0;2;2;10;1
202000045674;154 662 008;7;13;0;9;17;1
202000045675;154 662 028;32;0;2;3;1;1
202000045675;154 662 029;7;0;2;2;15;1
202000045676;154 662 013;7;0;2;2;1;1
202000045676;154 662 014;7;0;2;1;1;1
202000045676;154 662 016;7;0;2;1;13;1
202000045677;154 662 006;7;0;2;2;10;1
202000045677;154 662 007;7;0;2;3;1;1
202000045678;154 662 005;7;0;0;0;1;1
202000045679;154 662 002;10;0;2;1;1;1
202000045679;154 662 004;7;0;2;4;23;1
202000045680;154 662 001;7;0;2;2;6;1
202000045680;154 662 003;7;0;2;1;1;1
202000045681;154 662 000;32;0;1;1;1;1
202000045682;154 661 999;7;0;1;1;15;2
202000045683;154 661 998;30;0;1;1;1;3
202000045684;154 661 996;32;0;2;9;17;1
202000045684;154 661 997;7;0;2;3;15;2
202000045685;154 661 995;32;12;2;8;13;1
202000045686;154 661 994;10;0;1;1;15;1
202000045687;154 661 993;2;0;2;0;1;0
202000045688;154 661 991;7;0;2;2;1;0
202000045688;154 661 992;7;0;2;2;15;0
202000045689;154 661 989;32;0;2;1;1;1
202000045689;154 661 990;7;0;2;2;15;1
202000045690;154 661 987;1;0;9;8;9;5
202000045690;154 661 988;50;0;9;2;25;3
202000045691;154 661 986;30;0;1;1;0;3
202000045692;154 661 985;7;9;0;1;16;1
202000045693;154 661 983;3;0;2;3;9;1