Num_Acc;id_vehicule;categorie_vehicule;obstacle_fixe;obstacle_mobile;point_choc_initial;manoeuvre_principale;motorisation
202000045693;154 661 984;1;14;2;1;14;5
202000045694;154 661 980;7;0;2;1;2;1
202000045694;154 661 981;7;1;0;4;1;0
202000045694;154 661 982;7;0;0;4;2;1
202000045695;154 661 978;7;0;2;3;1;1
202000045695;154 661 979;30;7;2;1;1;1
202000045696;154 661 977;99;0;1;0;26;6
202000045697;154 661 976;7;14;1;1;1;0
202000045698;154 661 975;7;0;1;2;9;6
202000045699;154 661 974;30;12;0;2;16;1
202000045700;154 661 973;33;0;1;1;1;1
202000045701;154 661 971;10;0;2;0;0;1
202000045701;154 661 972;10;0;2;1;1;1
202000045702;154 661 970;1;0;0;0;1;5
202000045703;154 661 969;7;0;1;2;1;1
202000045704;154 661 967;10;0;2;2;1;1
202000045704;154 661 968;32;0;0;4;2;1
202000045705;154 661 966;7;13;0;2;1;1
202000045706;154 661 965;7;0;1;2;1;1
202000045707;154 661 964;7;4;0;3;1;1
202000045708;154 661 963;7;13;0;1;1;1
202000045709;154 661 961;33;0;2;3;26;0
202000045709;154 661 962;7;0;2;2;12;0
202000045710;154 661 960;7;0;1;1;1;1
202000045711;154 661 959;1;0;5;1;1;5
202000045712;154 661 957;7;0;0;4;1;1
202000045712;154 661 958;7;0;2;1;9;1
202000045713;154 661 955;7;0;2;2;1;0
202000045713;154 661 956;1;0;2;4;19;0
202000045714;154 661 954;33;13;0;1;16;1
202000045715;154 661 953;7;13;0;3;1;1
202000045716;154 661 952;7;8;0;1;1;1
202000045717;154 661 950;33;9;2;1;17;1
202000045717;154 661 951;7;0;2;3;15;1
202000045718;154 661 949;34;0;0;7;10;1
202000045719;154 661 947;7;0;2;2;1;1
202000045719;154 661 948;2;0;2;4;1;1
202000045720;154 661 946;7;0;1;3;1;0
202000045721;154 661 945;30;0;1;2;1;1
202000045722;154 661 944;7;0;1;1;1;1
202000045723;154 661 943;0;0;1;1;0;0
202000045724;154 661 942;7;0;1;2;1;1
202000045725;154 661 941;7;2;0;1;1;1
202000045726;154 661 939;7;0;2;3;1;1
202000045726;154 661 940;7;0;2;3;13;1
202000045727;154 661 934;20;0;2;1;1;1
202000045727;154 661 935;7;0;2;2;1;1
202000045728;154 661 932;30;0;2;1;16;1
202000045728;154 661 933;10;0;2;3;17;1
202000045729;154 661 931;7;0;0;8;1;1
202000045730;154 661 929;7;0;2;3;1;1
202000045730;154 661 930;2;0;2;1;1;1
202000045731;154 661 928;7;0;1;2;26;1
202000045732;154 661 926;7;0;2;2;15;1
202000045732;154 661 927;7;0;2;1;1;1
202000045733;154 661 924;7;0;2;1;13;1
202000045733;154 661 925;7;0;2;1;1;1
202000045734;154 661 922;3;0;0;5;1;1
202000045734;154 661 923;7;0;2;3;1;1
202000045735;154 661 921;7;2;0;1;14;1
202000045736;154 661 919;7;0;2;2;19;0
202000045736;154 661 920;7;0;2;3;1;0
202000045737;154 661 918;7;2;0;9;0;1
202000045738;154 661 915;7;0;2;3;13;1
202000045738;154 661 916;7;0;2;3;1;1
202000045738;154 661 917;3;0;2;2;21;1
202000045739;154 661 912;14;13;0;3;1;1
202000045740;154 661 911;32;3;0;2;14;1
202000045741;154 661 910;17;14;0;1;3;1
202000045742;154 661 909;7;0;1;2;1;1
202000045743;154 661 908;7;13;0;2;14;1
202000045744;154 661 907;7;13;0;6;1;1
202000045745;154 661 905;7;0;2;3;13;1
202000045745;154 661 906;33;0;2;2;17;1
202000045746;154 661 904;7;0;1;1;1;6
202000045747;154 661 903;7;0;1;2;16;1
202000045748;154 661 901;2;0;2;1;1;1
202000045748;154 661 902;15;0;2;5;17;1
202000045749;154 661 899;7;0;2;1;0;1
202000045749;154 661 900;7;0;2;1;0;1
202000045750;154 661 897;10;0;2;1;1;1
202000045750;154 661 898;10;0;2;1;1;1
202000045751;154 661 895;1;0;0;4;2;5
202000045751;154 661 896;1;0;2;1;2;5
202000045752;154 661 893;7;0;2;2;15;1
202000045752;154 661 894;37;0;2;3;1;1
202000045753;154 661 892;7;0;0;0;1;1
202000045754;154 661 889;7;1;0;3;1;1
202000045754;154 661 890;7;0;0;5;26;1
202000045754;154 661 891;7;3;0;2;13;1
202000045755;154 661 888;10;0;1;2;1;1
202000045756;154 661 887;7;0;0;1;1;1
202000045757;154 661 882;7;0;2;1;1;1
202000045757;154 661 883;14;0;2;8;1;1
202000045757;154 661 884;10;0;2;1;2;1
202000045757;154 661 885;7;0;2;4;2;1
202000045757;154 661 886;7;0;0;4;2;1
202000045758;154 661 880;7;0;2;8;0;1
202000045758;154 661 881;7;0;2;4;26;1
202000045759;154 661 877;10;0;2;1;2;1
202000045759;154 661 878;7;0;2;4;1;1
202000045759;154 661 879;10;0;2;4;1;2
202000045760;154 661 876;33;16;0;3;26;1
202000045761;154 661 873;7;0;2;1;2;1
202000045761;154 661 874;7;0;2;1;2;1
202000045761;154 661 875;7;0;2;4;2;1
202000045762;154 661 869;7;0;2;2;17;1
202000045762;154 661 870;7;0;2;1;1;1
202000045762;154 661 871;10;0;2;4;1;1
202000045762;154 661 872;13;0;2;1;1;1
202000045763;154 661 867;33;0;2;7;3;1
202000045763;154 661 868;7;0;2;7;11;1
202000045764;154 661 865;7;0;2;3;2;1
202000045764;154 661 866;7;0;2;5;0;1
202000045765;154 661 863;7;0;2;4;2;1
202000045765;154 661 864;7;0;2;1;2;1
202000045766;154 661 861;33;0;2;1;26;0
202000045766;154 661 862;10;0;2;4;1;1
202000045767;154 661 858;7;0;2;1;2;1
202000045767;154 661 859;7;0;2;6;0;1
202000045767;154 661 860;10;0;2;8;1;1
202000045768;154 661 856;31;0;2;4;1;1
202000045768;154 661 857;7;0;2;0;0;0
202000045769;154 661 855;7;0;1;2;1;2
202000045770;154 661 854;10;4;0;3;13;1
202000045771;154 661 853;31;0;0;0;3;1
202000045772;154 661 851;7;0;2;2;12;1
202000045772;154 661 852;31;0;2;8;3;1
202000045773;154 661 850;7;0;1;3;21;1
202000045774;154 661 848;1;0;2;1;1;0
202000045774;154 661 849;7;0;2;3;26;1
202000045775;154 661 847;31;0;0;1;1;1
202000045776;154 661 845;33;0;2;4;2;1
202000045776;154 661 846;7;0;2;1;2;1
202000045777;154 661 843;2;0;2;1;1;1
202000045777;154 661 844;7;0;2;0;15;1
202000045778;154 661 842;2;0;0;0;1;1
202000045779;154 661 840;7;0;2;5;2;1
202000045779;154 661 841;10;0;2;1;11;1
202000045780;154 661 838;32;0;2;1;1;1
202000045780;154 661 839;7;0;2;6;1;1
202000045781;154 661 837;7;0;1;3;1;1
202000045782;154 661 836;30;0;1;1;1;1
202000045783;154 661 835;7;0;1;7;1;1
202000045784;154 661 833;33;0;2;1;2;1
202000045784;154 661 834;7;0;2;7;2;1
202000045785;154 661 831;33;0;2;8;15;1
202000045785;154 661 832;7;0;2;2;16;1
202000045786;154 661 830;15;0;0;8;9;1
202000045787;154 661 828;7;0;2;1;1;1
202000045787;154 661 829;7;0;2;3;13;1
202000045788;154 661 826;7;0;2;1;15;1
202000045788;154 661 827;99;0;2;3;1;3
202000045789;154 661 825;99;0;1;1;26;6
202000045790;154 661 824;15;0;1;8;1;1
202000045791;154 661 822;10;0;0;8;1;1
202000045791;154 661 823;30;0;2;7;9;1
202000045792;154 661 820;7;0;1;4;2;1
202000045792;154 661 821;7;0;2;2;2;1
202000045793;154 661 816;3;0;2;4;1;1
202000045793;154 661 817;7;0;2;2;1;1
202000045794;154 661 814;30;0;2;1;2;0
202000045794;154 661 815;7;0;2;4;2;0
202000045795;154 661 812;33;0;2;0;0;0
202000045795;154 661 813;7;0;2;2;9;0
202000045796;154 661 810;2;0;2;1;2;1
202000045796;154 661 811;7;0;2;2;26;1
202000045797;154 661 807;7;0;2;1;1;1
202000045797;154 661 808;7;0;2;4;1;1
202000045797;154 661 809;7;0;2;1;1;1
202000045798;154 661 805;7;0;2;1;15;1
202000045798;154 661 806;7;8;2;1;2;1
202000045799;154 661 804;7;0;1;1;1;1
202000045800;154 661 803;7;0;1;1;1;
202000045801;154 661 801;7;0;2;1;1;1
202000045801;154 661 802;7;0;2;1;13;1
202000045802;154 661 799;1;0;2;1;0;5
202000045802;154 661 800;10;0;2;7;15;1
202000045803;154 661 797;7;0;2;1;1;1
202000045803;154 661 798;1;0;2;8;19;5
202000045804;154 661 796;7;0;1;2;1;6
202000045805;154 661 795;7;0;1;1;1;1
202000045806;154 661 794;7;7;0;1;1;1
202000045807;154 661 792;7;0;2;2;15;1
202000045807;154 661 793;1;0;2;1;15;5
202000045808;154 661 790;7;0;2;5;15;1
202000045808;154 661 791;33;0;2;5;1;1
202000045809;154 661 788;15;0;2;2;1;1
202000045809;154 661 789;7;0;2;1;13;1
202000045810;154 661 787;30;8;0;1;1;1
202000045811;154 661 785;7;0;2;4;1;1
202000045811;154 661 786;7;0;2;1;1;1
202000045812;154 661 783;7;0;2;0;1;1
202000045812;154 661 784;7;0;2;8;1;1
202000045813;154 661 779;7;0;2;1;2;1
202000045813;154 661 780;7;0;2;4;23;1
202000045813;154 661 781;7;0;2;4;23;1
202000045813;154 661 782;7;0;2;4;23;1
202000045814;154 661 778;7;13;0;1;1;1
202000045815;154 661 776;10;0;2;8;11;0
202000045815;154 661 777;33;0;2;7;1;1
202000045816;154 661 775;32;0;0;8;0;1
202000045817;154 661 774;33;0;0;8;2;1
202000045818;154 661 772;7;0;2;7;12;1
202000045818;154 661 773;33;0;2;3;3;1
202000045819;154 661 769;7;0;2;5;2;1
202000045819;154 661 770;33;0;2;1;3;1
202000045819;154 661 771;7;0;2;6;11;1
202000045820;154 661 766;7;0;2;1;2;1
202000045820;154 661 767;7;0;2;4;2;1
202000045820;154 661 768;7;0;2;4;2;1
202000045821;154 661 764;7;0;2;6;1;1
202000045821;154 661 765;32;0;2;1;2;1
202000045822;154 661 762;7;0;2;6;11;1
202000045822;154 661 763;32;0;2;2;1;1
202000045823;154 661 759;7;0;2;1;2;1
202000045823;154 661 760;7;0;2;4;2;1
202000045823;154 661 761;7;0;2;4;1;1
202000045824;154 661 756;0;0;2;0;0;0
202000045824;154 661 757;7;0;2;1;2;1
202000045824;154 661 758;7;0;2;4;2;1
202000045825;154 661 752;7;0;2;8;1;1
202000045825;154 661 753;7;0;2;6;1;1
202000045825;154 661 754;10;0;2;1;1;1
202000045825;154 661 755;7;0;2;4;1;1
202000045826;154 661 750;7;0;2;1;26;1
202000045826;154 661 751;7;0;2;2;1;1
202000045827;154 661 748;7;0;2;2;12;1
202000045827;154 661 749;33;0;2;8;3;1
202000045828;154 661 747;10;3;0;3;0;1
202000045829;154 661 745;33;0;2;7;3;1
202000045829;154 661 746;7;0;2;8;11;1
202000045830;154 661 743;34;0;2;7;3;1
202000045830;154 661 744;7;0;2;3;11;1
202000045831;154 661 741;33;0;2;3;1;1
202000045831;154 661 742;7;0;2;2;12;1
202000045832;154 661 739;7;0;2;4;2;1
202000045832;154 661 740;10;0;2;1;1;1
202000045833;154 661 736;33;0;2;3;3;1
202000045833;154 661 737;33;0;2;2;14;1
202000045833;154 661 738;14;0;2;6;23;1
202000045834;154 661 734;33;0;2;1;3;1
202000045834;154 661 735;7;0;2;6;23;1
202000045835;154 661 731;33;0;2;0;1;1
202000045835;154 661 732;33;0;2;1;0;1
202000045835;154 661 733;10;0;2;5;1;0
202000045836;154 661 728;7;0;2;6;1;1
202000045836;154 661 729;15;0;2;3;12;1
202000045836;154 661 730;7;0;2;1;1;1
202000045837;154 661 726;33;0;2;4;12;1
202000045837;154 661 727;33;0;2;1;3;1
202000045838;154 661 724;33;0;2;1;1;1
202000045838;154 661 725;7;0;2;8;11;1
202000045839;154 661 721;7;0;2;4;2;1
202000045839;154 661 722;7;0;2;4;2;1
202000045839;154 661 723;7;0;2;1;2;0
202000045840;154 661 718;33;0;2;5;1;1
202000045840;154 661 719;13;0;2;2;12;1
202000045840;154 661 720;7;4;2;9;1;1
202000045841;154 661 715;7;0;2;9;1;1
202000045841;154 661 716;7;0;2;1;1;1
202000045841;154 661 717;7;0;2;4;1;1
202000045842;154 661 713;7;0;0;0;1;1
202000045842;154 661 714;30;0;0;0;21;1
202000045843;154 661 712;33;0;0;0;0;1
202000045844;154 661 709;7;0;2;1;1;1
202000045844;154 661 710;15;0;2;3;1;1
202000045844;154 661 711;7;0;2;4;1;1
202000045845;154 661 708;2;9;0;0;15;1
202000045846;154 661 706;2;0;2;1;18;1
202000045846;154 661 707;7;0;2;2;16;1
202000045847;154 661 704;2;0;2;7;15;1
202000045847;154 661 705;7;0;2;1;1;1
202000045848;154 661 703;30;0;1;1;17;1
202000045849;154 661 702;7;0;1;2;21;1
202000045850;154 661 700;10;0;2;1;19;1
202000045850;154 661 701;7;0;2;7;1;1
202000045851;154 661 699;7;1;0;9;1;1
202000045852;154 661 697;3;0;2;1;1;0
202000045852;154 661 698;10;0;2;4;1;0
202000045853;154 661 696;30;1;0;1;14;1
202000045854;154 661 694;1;0;2;1;2;5
202000045854;154 661 695;7;0;9;4;23;0
202000045855;154 661 692;31;1;2;2;1;1
202000045855;154 661 693;7;1;9;3;9;1
202000045856;154 661 690;1;0;2;1;1;6
202000045856;154 661 691;7;0;2;1;15;1
202000045857;154 661 689;34;0;1;1;13;1
202000045858;154 661 687;7;0;2;2;1;0
202000045858;154 661 688;1;0;2;0;0;0
202000045859;154 661 686;1;8;0;0;1;5
202000045860;154 661 682;7;14;0;5;23;1
202000045860;154 661 683;7;14;0;4;23;1
202000045860;154 661 684;7;14;0;3;2;1
202000045860;154 661 685;7;14;0;0;0;1
202000045861;154 661 681;3;0;1;1;1;0
202000045862;154 661 680;7;0;1;1;1;1
202000045863;154 661 678;1;0;2;1;25;5
202000045863;154 661 679;7;0;2;1;1;1
202000045864;154 661 676;7;0;2;2;9;1
202000045864;154 661 677;14;0;2;3;9;1
202000045865;154 661 674;10;0;2;4;4;1
202000045865;154 661 675;1;0;2;1;23;5
202000045866;154 661 672;2;0;2;3;1;1
202000045866;154 661 673;7;0;2;1;19;1
202000045867;154 661 671;7;0;1;1;26;1
202000045868;154 661 669;7;0;2;3;19;1
202000045868;154 661 670;7;0;2;2;26;1
202000045869;154 661 667;7;0;2;4;1;1
202000045869;154 661 668;1;0;2;1;1;1
202000045870;154 661 665;1;0;2;8;9;5
202000045870;154 661 666;7;0;2;2;1;1
202000045871;154 661 660;7;0;1;3;1;1
202000045872;154 661 657;2;0;1;1;1;1
202000045873;154 661 655;7;3;2;3;13;1
202000045873;154 661 656;34;0;2;1;1;1
202000045874;154 661 654;34;0;0;1;25;1
202000045875;154 661 651;7;0;2;7;15;1
202000045875;154 661 652;33;0;2;1;17;1
202000045876;154 661 650;1;12;0;1;14;5
202000045877;154 661 649;7;0;1;1;1;1
202000045878;154 661 647;7;0;2;3;15;1
202000045878;154 661 648;32;0;2;1;1;1
202000045879;154 661 645;1;0;2;5;19;5
202000045879;154 661 646;1;0;2;6;9;5
202000045880;154 661 644;7;0;1;1;1;1
202000045881;154 661 642;33;0;2;4;1;1
202000045881;154 661 643;7;0;2;1;1;1
202000045882;154 661 640;7;0;2;8;26;1
202000045882;154 661 641;32;0;2;7;1;1
202000045883;154 661 639;1;0;1;1;13;5
202000045884;154 661 636;7;0;2;4;1;1
202000045884;154 661 637;7;0;2;4;1;1
202000045884;154 661 638;7;0;2;1;1;1
202000045885;154 661 635;1;1;0;1;14;5
202000045886;154 661 633;7;0;2;1;17;1
202000045886;154 661 634;7;0;2;1;0;0
202000045887;154 661 632;7;14;1;2;1;1
202000045888;154 661 630;7;0;2;3;15;1
202000045888;154 661 631;33;0;2;1;1;1
202000045889;154 661 628;30;0;2;1;2;1
202000045889;154 661 629;7;0;2;4;2;1
202000045890;154 661 627;7;2;0;3;13;1
202000045891;154 661 626;7;13;0;7;14;1
202000045892;154 661 625;32;8;0;1;14;1
202000045893;154 661 623;7;0;2;1;13;1
202000045893;154 661 624;7;0;2;1;16;1
202000045894;154 661 621;7;0;2;8;15;1
202000045894;154 661 622;7;0;2;2;17;1
202000045895;154 661 619;1;0;2;0;0;5
202000045895;154 661 620;14;0;2;3;16;1
202000045896;154 661 617;7;0;2;1;1;1
202000045896;154 661 618;7;0;2;1;1;1
202000045897;154 661 616;3;8;0;0;1;1
202000045898;154 661 614;37;0;2;1;1;1
202000045898;154 661 615;7;0;2;1;1;1
202000045899;154 661 612;7;0;0;4;23;1
202000045899;154 661 613;2;0;2;1;1;1
202000045900;154 661 610;7;3;2;1;1;1
202000045900;154 661 611;7;3;2;1;1;1
202000045901;154 661 608;1;0;2;1;1;5
202000045901;154 661 609;10;0;2;5;16;1
202000045902;154 661 606;33;0;2;1;1;0
202000045902;154 661 607;7;0;2;6;10;1
202000045903;154 661 604;7;0;2;1;1;1
202000045903;154 661 605;7;0;2;3;1;1
202000045904;154 661 602;7;0;2;1;15;1
202000045904;154 661 603;7;0;2;0;1;1
202000045905;154 661 600;1;0;2;4;1;5
202000045905;154 661 601;7;0;2;1;1;1
202000045906;154 661 597;7;0;2;2;1;1
202000045906;154 661 598;2;0;2;0;1;1
202000045906;154 661 599;7;0;2;0;1;0
202000045907;154 661 596;7;0;1;1;1;1
202000045908;154 661 594;2;0;2;1;1;1
202000045908;154 661 595;7;0;2;1;26;1
202000045909;154 661 590;31;0;2;9;18;1
202000045909;154 661 591;7;0;2;8;1;1
202000045909;154 661 592;7;0;2;2;1;1
202000045909;154 661 593;7;0;2;4;1;1
202000045910;154 661 589;10;8;0;1;9;1
202000045911;154 661 587;7;0;2;1;1;1
202000045911;154 661 588;7;7;2;1;13;1
202000045912;154 661 585;7;0;2;7;1;1
202000045912;154 661 586;7;0;2;1;1;1
202000045913;154 661 583;7;0;2;1;9;1
202000045913;154 661 584;7;0;2;1;1;1
202000045914;154 661 580;31;0;2;8;17;1
202000045914;154 661 581;7;0;2;6;15;1
202000045915;154 661 578;7;0;2;4;0;1
202000045915;154 661 579;7;0;2;2;9;1
202000045916;154 661 575;14;0;2;1;1;1
202000045916;154 661 576;10;0;0;0;0;1
202000045916;154 661 577;7;0;2;4;15;1
202000045917;154 661 573;7;0;2;3;1;5
202000045917;154 661 574;3;0;2;3;15;5
202000045918;154 661 571;7;0;2;2;15;1
202000045918;154 661 572;1;0;2;1;1;5
202000045919;154 661 569;2;0;2;1;2;1
202000045919;154 661 570;7;0;2;3;15;1
202000045920;154 661 568;10;0;1;7;2;1
202000045921;154 661 566;32;0;2;3;1;1
202000045921;154 661 567;10;0;2;8;9;1
202000045922;154 661 564;30;0;2;2;1;1
202000045922;154 661 565;7;0;2;3;15;1
202000045923;154 661 563;7;0;1;1;15;1
202000045924;154 661 562;7;6;0;1;1;1
202000045925;154 661 560;7;0;2;2;16;1
202000045925;154 661 561;7;0;2;1;1;0
202000045926;154 661 558;30;0;2;3;9;1
202000045926;154 661 559;7;14;0;0;0;1
202000045927;154 661 557;30;12;0;1;0;1
202000045928;154 661 556;2;0;0;7;1;1
202000045929;154 661 554;7;0;2;3;15;1
202000045929;154 661 555;2;0;2;7;17;1
202000045930;154 661 553;7;8;0;1;26;1
202000045931;154 661 551;33;0;2;3;11;1
202000045931;154 661 552;32;0;2;2;1;1
202000045932;154 661 549;7;0;2;1;11;1
202000045932;154 661 550;7;0;2;8;7;1
202000045933;154 661 547;10;0;2;2;1;1
202000045933;154 661 548;10;0;2;3;1;1
202000045934;154 661 545;30;0;2;1;18;3
202000045934;154 661 546;7;0;2;5;1;3
202000045935;154 661 544;50;0;0;0;1;3
202000045936;154 661 542;10;0;2;0;9;1
202000045936;154 661 543;30;0;2;3;1;1
202000045937;154 661 540;10;0;2;0;1;1
202000045937;154 661 541;32;0;2;2;1;1
202000045938;154 661 538;30;0;2;0;15;1
202000045938;154 661 539;10;0;2;2;1;1
202000045939;154 661 536;7;0;2;3;15;1
202000045939;154 661 537;1;0;2;1;17;5
202000045940;154 661 534;7;0;2;2;15;3
202000045940;154 661 535;30;0;2;1;1;1
202000045941;154 661 532;7;1;1;1;1;1
202000045941;154 661 533;7;0;2;5;24;1
202000045942;154 661 530;1;0;2;1;1;5
202000045942;154 661 531;7;0;2;3;22;1
202000045943;154 661 529;1;0;0;1;1;5
202000045944;154 661 527;1;0;2;2;16;5
202000045944;154 661 528;1;0;2;1;1;5
202000045945;154 661 525;7;0;2;3;15;1
202000045945;154 661 526;30;0;2;2;1;1
202000045946;154 661 523;1;0;2;4;1;5
202000045946;154 661 524;1;0;2;3;2;5
202000045947;154 661 522;1;0;0;2;21;5
202000045948;154 661 520;7;0;2;4;26;1
202000045948;154 661 521;7;0;2;1;26;1
202000045949;154 661 518;50;0;2;3;26;3
202000045949;154 661 519;7;0;0;0;0;2
202000045950;154 661 516;7;1;2;2;24;1
202000045950;154 661 517;7;15;2;3;0;0
202000045951;154 661 514;10;0;9;1;15;1
202000045951;154 661 515;50;0;2;8;26;3
202000045952;154 661 513;30;0;0;0;26;1
202000045953;154 661 511;30;0;2;1;1;1
202000045953;154 661 512;7;0;2;5;1;1
202000045954;154 661 509;10;0;2;1;1;1
202000045954;154 661 510;10;0;2;8;1;1
202000045955;154 661 507;7;0;2;1;1;1
202000045955;154 661 508;7;0;2;1;1;1
202000045956;154 661 505;10;0;2;2;1;0
202000045956;154 661 506;10;0;2;6;1;1
202000045957;154 661 504;7;0;1;1;9;1
202000045958;154 661 502;7;0;2;3;15;6
202000045958;154 661 503;33;0;2;3;26;6
202000045959;154 661 501;50;12;1;1;1;3
202000045960;154 661 499;7;0;2;3;15;1
202000045960;154 661 500;32;0;2;7;17;1
202000045961;154 661 497;7;0;9;3;15;1
202000045961;154 661 498;1;0;2;3;1;5
202000045962;154 661 495;43;0;2;1;1;1
202000045962;154 661 496;30;0;2;3;16;1
202000045963;154 661 493;10;0;2;8;19;1
202000045963;154 661 494;7;0;2;1;19;1
202000045964;154 661 491;10;0;2;8;15;1
202000045964;154 661 492;7;0;2;1;1;1
202000045965;154 661 489;7;0;2;5;1;1
202000045965;154 661 490;30;0;2;3;18;1
202000045966;154 661 487;7;0;2;8;22;1
202000045966;154 661 488;1;0;0;1;1;5
202000045967;154 661 485;7;0;2;0;15;0
202000045967;154 661 486;1;0;2;0;0;5
202000045968;154 661 483;7;0;9;3;26;2
202000045968;154 661 484;1;0;2;7;26;5
202000045969;154 661 482;7;13;0;9;1;1
202000045970;154 661 480;7;0;2;3;13;1
202000045970;154 661 481;7;0;2;3;1;1
202000045971;154 661 478;33;0;2;4;1;1
202000045971;154 661 479;33;0;2;1;1;1
202000045972;154 661 476;33;0;2;1;13;0
202000045972;154 661 477;7;0;0;5;1;0
202000045973;154 661 475;33;16;0;0;17;1
202000045974;154 661 473;7;0;0;8;15;1
202000045974;154 661 474;33;0;2;1;1;1
202000045975;154 661 471;31;0;2;1;1;1
202000045975;154 661 472;7;0;2;8;15;1
202000045976;154 661 469;7;0;2;3;13;1
202000045976;154 661 470;7;0;2;3;1;1
202000045977;154 661 468;21;13;0;8;13;1
202000045978;154 661 467;7;13;0;9;1;6
202000045979;154 661 463;1;0;0;8;19;5
202000045979;154 661 464;7;0;9;2;1;1
202000045980;154 661 461;7;3;2;7;13;1
202000045980;154 661 462;7;0;2;1;1;1
202000045981;154 661 459;7;0;9;7;16;0
202000045981;154 661 460;1;0;2;8;1;5
202000045982;154 661 458;1;0;0;1;1;5
202000045983;154 661 456;7;0;2;5;1;1
202000045983;154 661 457;1;0;2;1;1;5
202000045984;154 661 455;7;0;1;2;9;1
202000045985;154 661 454;7;13;0;9;1;1
202000045986;154 661 452;7;0;2;1;9;1
202000045986;154 661 453;2;0;2;1;1;1
202000045987;154 661 451;7;8;0;1;19;1
202000045988;154 661 448;7;16;0;1;1;1
202000045989;154 661 446;7;0;9;5;17;0
202000045989;154 661 447;1;0;0;3;1;5
202000045990;154 661 443;33;17;0;1;17;1
202000045991;154 661 441;33;0;2;1;1;1
202000045991;154 661 442;7;0;2;8;15;1
202000045992;154 661 440;38;13;0;3;1;1
202000045993;154 661 438;7;0;2;3;1;1
202000045993;154 661 439;7;0;2;3;13;1
202000045994;154 661 436;7;0;2;8;17;1
202000045994;154 661 437;31;3;2;7;17;1
202000045995;154 661 435;7;0;0;9;1;1
202000045996;154 661 432;7;3;2;1;17;1
202000045996;154 661 433;7;0;2;5;1;1
202000045996;154 661 434;7;4;2;8;9;0
202000045997;154 661 430;7;0;2;7;12;1
202000045997;154 661 431;10;0;2;3;0;1
202000045998;154 661 427;32;0;0;8;1;0
202000045999;154 661 424;1;0;2;2;26;5
202000045999;154 661 425;7;0;9;3;1;1
202000045999;154 661 426;2;0;9;0;1;1
202000046000;154 661 423;37;0;1;2;7;1
202000046001;154 661 422;31;0;1;1;1;1
202000046002;154 661 421;7;0;1;3;1;1
202000046003;154 661 418;7;0;2;1;1;1
202000046003;154 661 419;7;0;2;4;1;1
202000046003;154 661 420;7;0;2;4;1;1
202000046004;154 661 416;10;0;2;8;1;1
202000046004;154 661 417;7;0;2;1;1;1
202000046005;154 661 414;32;0;2;2;1;1
202000046005;154 661 415;7;0;2;1;9;1
202000046006;154 661 412;7;0;2;4;0;1
202000046006;154 661 413;7;14;0;1;0;1
202000046007;154 661 411;7;0;1;4;20;1
202000046008;154 661 409;10;0;2;5;1;1
202000046008;154 661 410;10;0;2;1;26;1
202000046009;154 661 408;7;0;1;1;1;1
202000046010;154 661 407;7;0;1;1;15;1
202000046011;154 661 406;7;0;1;6;4;1
202000046012;154 661 404;7;0;2;1;19;1
202000046012;154 661 405;7;0;2;1;1;1
202000046013;154 661 402;7;0;2;0;0;1
202000046013;154 661 403;7;0;2;4;1;1
202000046014;154 661 400;7;0;2;1;1;1
202000046014;154 661 401;7;0;2;4;1;1
202000046015;154 661 398;7;0;2;1;16;1
202000046015;154 661 399;7;0;2;4;23;1
202000046016;154 661 396;7;0;2;4;2;0
202000046016;154 661 397;14;0;2;1;2;0
202000046017;154 661 394;34;0;2;1;0;1
202000046017;154 661 395;7;0;2;1;13;1
202000046018;154 661 392;37;0;2;3;1;1
202000046018;154 661 393;7;1;2;4;20;1
202000046019;154 661 390;50;0;2;7;1;3
202000046019;154 661 391;7;0;2;1;1;1
202000046020;154 661 388;7;0;2;6;9;1
202000046020;154 661 389;30;0;2;1;1;0
202000046021;154 661 387;7;4;0;3;11;0
202000046022;154 661 386;7;13;0;1;13;1
202000046023;154 661 385;14;13;0;7;1;1
202000046024;154 661 384;30;8;0;1;1;1
202000046025;154 661 383;33;0;0;0;1;1
202000046026;154 661 382;7;0;1;3;16;0
202000046027;154 661 380;7;0;2;1;1;1
202000046027;154 661 381;7;0;2;1;11;1
202000046028;154 661 373;7;0;2;4;2;1
202000046028;154 661 374;7;0;2;4;9;1
202000046028;154 661 375;7;0;2;1;2;1
202000046028;154 661 376;14;0;2;1;2;1
202000046028;154 661 377;14;0;2;1;2;1
202000046028;154 661 378;15;0;2;1;21;1
202000046028;154 661 379;7;0;2;1;2;1
202000046029;154 661 372;7;0;1;3;1;1
202000046030;154 661 371;3;6;0;1;1;1
202000046031;154 661 369;7;0;2;1;1;1
202000046031;154 661 370;7;0;2;7;1;1
202000046032;154 661 367;7;0;0;4;23;1
202000046032;154 661 368;7;0;2;1;1;1
202000046033;154 661 366;7;8;0;3;1;1
202000046034;154 661 365;10;6;0;2;1;1
202000046035;154 661 364;10;0;1;2;1;1
202000046036;154 661 363;7;0;1;0;26;1
202000046037;154 661 362;7;0;1;2;1;1
202000046038;154 661 361;7;0;1;2;1;1
202000046039;154 661 359;7;0;2;2;15;1