Num_Acc;id_vehicule;categorie_vehicule;obstacle_fixe;obstacle_mobile;point_choc_initial;manoeuvre_principale;motorisation
202000046375;154 660 742;7;0;2;1;9;1
202000046375;154 660 743;7;0;2;5;9;1
202000046376;154 660 741;7;12;0;5;20;1
202000046377;154 660 739;1;1;0;2;26;5
202000046377;154 660 740;7;0;0;0;0;0
202000046378;154 660 738;30;0;0;8;15;1
202000046379;154 660 736;33;0;2;1;1;1
202000046379;154 660 737;10;0;2;3;15;1
202000046380;154 660 733;7;0;2;4;1;1
202000046380;154 660 734;7;0;2;1;26;1
202000046380;154 660 735;7;0;2;4;1;1
202000046381;154 660 731;31;0;2;1;2;1
202000046381;154 660 732;1;1;2;8;19;5
202000046382;154 660 729;7;0;2;0;0;0
202000046382;154 660 730;1;0;2;1;1;5
202000046383;154 660 727;33;0;2;1;1;1
202000046383;154 660 728;0;0;2;0;0;0
202000046384;154 660 725;7;0;2;5;13;1
202000046384;154 660 726;31;0;2;1;17;1
202000046385;154 660 724;80;0;0;1;1;3
202000046386;154 660 722;2;0;2;7;1;1
202000046386;154 660 723;7;0;2;2;20;1
202000046387;154 660 721;30;12;0;7;16;1
202000046388;154 660 720;30;0;0;1;1;1
202000046389;154 660 718;7;0;2;6;23;1
202000046389;154 660 719;7;0;2;1;2;1
202000046390;154 660 716;1;0;2;2;0;5
202000046390;154 660 717;7;0;2;6;0;1
202000046391;154 660 715;1;13;0;0;0;5
202000046392;154 660 714;1;13;0;1;15;5
202000046393;154 660 713;7;0;0;9;0;1
202000046394;154 660 711;7;2;0;1;1;1
202000046395;154 660 709;7;0;2;7;2;1
202000046395;154 660 710;1;0;2;8;2;5
202000046396;154 660 708;2;0;0;0;1;1
202000046397;154 660 705;2;8;0;1;1;1
202000046398;154 660 704;7;0;2;1;1;1
202000046398;154 660 706;99;0;2;1;13;1
202000046398;154 660 707;7;0;2;0;17;1
202000046399;154 660 700;7;1;2;1;17;1
202000046399;154 660 703;7;0;2;1;1;1
202000046400;154 660 701;50;0;2;8;1;3
202000046400;154 660 702;10;0;2;7;17;0
202000046401;154 660 698;7;0;0;1;1;1
202000046401;154 660 699;7;0;0;1;13;1
202000046402;154 660 694;15;0;0;4;2;1
202000046402;154 660 695;7;0;2;1;2;1
202000046403;154 660 693;7;14;0;1;1;1
202000046404;154 660 692;33;5;0;0;1;1
202000046405;154 660 690;99;0;2;2;1;1
202000046405;154 660 691;7;0;2;4;1;1
202000046406;154 660 688;7;0;0;2;15;2
202000046406;154 660 689;33;0;2;1;1;1
202000046407;154 660 685;7;0;2;1;13;1
202000046407;154 660 687;7;0;2;3;1;1
202000046408;154 660 686;7;0;1;8;19;1
202000046409;154 660 682;7;0;2;3;13;1
202000046409;154 660 684;7;0;2;3;1;1
202000046410;154 660 679;7;0;1;2;2;6
202000046411;154 660 678;7;0;2;3;1;1
202000046411;154 660 681;7;0;2;2;1;1
202000046412;154 660 677;7;13;0;1;1;1
202000046413;154 660 673;7;0;0;4;23;1
202000046413;154 660 675;7;0;2;1;1;1
202000046414;154 660 670;7;0;2;1;2;1
202000046414;154 660 671;7;0;2;4;2;1
202000046414;154 660 672;7;1;0;1;1;1
202000046415;154 660 669;7;0;2;2;0;1
202000046415;154 660 674;7;0;2;1;1;1
202000046416;154 660 666;30;0;0;9;21;1
202000046416;154 660 667;7;0;0;;12;0
202000046417;154 660 665;7;0;1;2;1;1
202000046418;154 660 663;10;0;2;7;15;1
202000046418;154 660 664;7;0;2;1;1;1
202000046419;154 660 661;7;0;2;4;2;1
202000046419;154 660 662;7;0;2;1;2;1
202000046420;154 660 668;7;4;0;1;11;1
202000046421;154 660 659;7;0;2;1;15;1
202000046421;154 660 660;33;0;2;7;1;1
202000046422;154 660 657;7;0;2;3;15;1
202000046422;154 660 658;2;0;2;2;0;1
202000046423;154 660 656;30;0;0;7;2;1
202000046424;154 660 654;2;0;2;1;1;1
202000046424;154 660 655;7;0;2;5;16;1
202000046425;154 660 653;7;0;1;7;1;1
202000046426;154 660 650;7;0;9;5;2;4
202000046426;154 660 652;1;0;2;3;2;5
202000046427;154 660 649;7;0;1;1;9;1
202000046428;154 660 648;37;0;1;2;1;1
202000046429;154 660 646;7;0;2;1;1;1
202000046429;154 660 647;7;0;2;8;1;1
202000046430;154 660 645;7;0;1;3;15;1
202000046431;154 660 644;7;0;1;1;1;1
202000046432;154 660 642;1;0;2;1;0;5
202000046432;154 660 643;7;0;2;4;0;1
202000046433;154 660 640;33;0;2;1;1;1
202000046433;154 660 641;99;0;2;2;17;1
202000046434;154 660 651;7;3;0;1;2;1
202000046435;154 660 638;13;0;2;1;12;1
202000046435;154 660 639;7;0;2;8;1;1
202000046436;154 660 635;7;0;1;1;1;1
202000046437;154 660 631;7;12;2;4;2;1
202000046437;154 660 632;7;0;2;4;2;1
202000046437;154 660 633;7;12;2;1;2;1
202000046438;154 660 629;7;0;2;2;15;1
202000046438;154 660 630;7;0;2;5;0;1
202000046439;154 660 627;7;0;2;6;15;1
202000046439;154 660 628;7;0;2;1;1;1
202000046440;154 660 624;7;0;2;4;1;1
202000046440;154 660 626;7;0;2;1;1;1
202000046441;154 660 622;7;0;2;1;13;6
202000046441;154 660 623;14;0;2;3;1;1
202000046442;154 660 618;7;0;2;4;0;1
202000046442;154 660 619;7;0;2;1;0;1
202000046442;154 660 620;7;0;2;8;0;1
202000046442;154 660 621;7;0;2;4;1;1
202000046443;154 660 616;7;0;2;3;1;1
202000046443;154 660 617;7;0;2;1;16;1
202000046444;154 660 614;20;0;2;1;5;0
202000046444;154 660 615;7;0;2;1;1;1
202000046445;154 660 612;50;0;2;1;19;3
202000046445;154 660 613;10;0;2;1;15;1
202000046446;154 660 625;7;0;2;4;2;1
202000046446;154 660 636;7;0;2;1;2;1
202000046446;154 660 637;7;0;2;4;2;1
202000046447;154 660 611;7;0;1;1;15;1
202000046448;154 660 610;7;3;0;3;2;1
202000046449;154 660 609;33;0;0;0;1;1
202000046450;154 660 608;32;0;0;7;1;1
202000046451;154 660 606;99;0;1;1;9;1
202000046452;154 660 605;33;0;2;1;3;1
202000046452;154 660 607;7;0;2;5;1;1
202000046453;154 660 601;43;0;2;1;1;1
202000046453;154 660 604;7;0;2;5;9;1
202000046454;154 660 602;7;0;2;5;1;1
202000046454;154 660 603;7;4;2;3;18;1
202000046455;154 660 599;7;14;0;1;1;1
202000046456;154 660 598;32;0;2;4;1;0
202000046456;154 660 600;7;0;2;1;26;1
202000046457;154 660 597;33;0;0;9;21;1
202000046458;154 660 595;30;0;2;8;13;1
202000046458;154 660 596;7;0;2;8;1;1
202000046459;154 660 594;7;15;0;1;14;1
202000046460;154 660 589;7;0;2;1;13;1
202000046460;154 660 590;7;0;2;0;0;1
202000046460;154 660 593;7;0;2;0;0;1
202000046461;154 660 586;7;0;2;1;1;0
202000046461;154 660 587;7;0;2;3;15;0
202000046462;154 660 585;7;0;1;7;1;1
202000046463;154 660 583;7;0;2;3;10;1
202000046463;154 660 584;7;0;2;2;1;1
202000046464;154 660 588;7;0;2;1;1;1
202000046464;154 660 592;7;0;2;5;13;1
202000046465;154 660 591;7;0;1;2;1;1
202000046466;154 660 578;33;0;2;4;2;1
202000046466;154 660 580;34;0;2;1;2;1
202000046467;154 660 576;17;15;2;3;21;1
202000046467;154 660 577;7;0;2;2;1;1
202000046468;154 660 574;32;0;2;4;1;1
202000046468;154 660 575;7;0;2;1;0;0
202000046469;154 660 571;7;0;1;3;1;1
202000046470;154 660 569;20;0;2;3;26;0
202000046470;154 660 570;20;0;2;2;16;0
202000046471;154 660 568;10;6;0;2;21;1
202000046472;154 660 572;7;0;2;6;1;1
202000046472;154 660 573;7;0;2;1;26;1
202000046473;154 660 581;7;0;2;7;1;1
202000046473;154 660 582;50;0;2;1;19;3
202000046474;154 660 566;33;0;2;1;2;0
202000046474;154 660 567;32;0;2;8;2;0
202000046475;154 660 562;7;0;2;4;2;1
202000046475;154 660 564;10;0;2;3;2;1
202000046476;154 660 560;7;15;0;2;1;1
202000046477;154 660 559;7;0;2;1;2;1
202000046477;154 660 561;10;0;2;4;2;1
202000046477;154 660 563;7;0;2;4;1;1
202000046477;154 660 565;10;0;2;1;2;1
202000046478;154 660 556;7;3;0;1;26;6
202000046479;154 660 555;50;0;2;1;25;3
202000046479;154 660 557;7;0;9;2;26;1
202000046480;154 660 553;7;0;2;7;0;0
202000046480;154 660 554;2;0;2;8;2;0
202000046481;154 660 552;7;0;1;0;1;1
202000046482;154 660 551;7;0;2;3;1;1
202000046482;154 660 558;3;0;2;3;13;1
202000046483;154 660 550;7;0;1;2;2;1
202000046484;154 660 548;30;0;2;2;17;1
202000046484;154 660 549;7;0;2;3;15;1
202000046485;154 660 541;7;0;1;7;26;0
202000046486;154 660 539;7;0;2;3;1;1
202000046486;154 660 540;7;0;2;1;1;1
202000046487;154 660 543;7;8;0;1;2;1
202000046488;154 660 544;7;0;2;2;1;1
202000046488;154 660 546;7;0;2;6;15;1
202000046489;154 660 538;7;0;1;4;20;1
202000046490;154 660 535;37;0;2;3;9;1
202000046490;154 660 537;10;0;2;1;1;1
202000046491;154 660 534;7;0;2;8;10;1
202000046491;154 660 536;2;0;2;2;1;1
202000046492;154 660 533;7;0;2;5;20;0
202000046493;154 660 531;7;0;2;1;16;1
202000046493;154 660 532;60;0;2;3;19;5
202000046494;154 660 526;7;0;2;2;5;1
202000046494;154 660 528;7;0;2;8;15;1
202000046495;154 660 529;7;9;2;1;9;1
202000046495;154 660 530;7;0;9;9;1;1
202000046496;154 660 542;31;5;0;1;17;1
202000046497;154 660 525;7;0;2;1;2;1
202000046497;154 660 527;7;0;2;4;2;1
202000046498;154 660 520;30;0;1;1;25;1
202000046499;154 660 519;50;0;1;1;1;3
202000046500;154 660 514;1;0;2;2;1;5
202000046500;154 660 515;7;0;2;1;1;1
202000046501;154 660 512;1;0;2;8;9;5
202000046501;154 660 513;7;0;9;1;9;1
202000046502;154 660 516;1;0;2;8;7;5
202000046502;154 660 521;37;0;9;7;2;1
202000046503;154 660 517;7;2;2;2;17;1
202000046503;154 660 523;7;2;2;6;2;1
202000046503;154 660 524;7;0;2;1;5;1
202000046504;154 660 518;33;0;2;2;2;1
202000046504;154 660 522;7;0;2;6;10;1
202000046505;154 660 509;7;0;1;1;15;1
202000046506;154 660 510;7;9;0;1;14;0
202000046507;154 660 507;7;0;2;1;26;0
202000046507;154 660 508;30;0;2;2;19;1
202000046508;154 660 505;36;15;0;1;14;1
202000046509;154 660 504;60;0;1;0;25;5
202000046510;154 660 502;7;0;2;2;10;1
202000046510;154 660 511;7;0;2;1;2;1
202000046511;154 660 498;17;0;2;1;1;1
202000046511;154 660 499;7;0;2;8;19;1
202000046512;154 660 497;7;0;2;3;1;1
202000046512;154 660 501;30;0;2;1;1;1
202000046513;154 660 495;33;0;0;3;1;1
202000046513;154 660 496;7;0;2;5;14;1
202000046514;154 660 494;7;6;0;1;21;1
202000046515;154 660 491;34;12;0;3;13;1
202000046516;154 660 503;7;0;2;3;15;1
202000046516;154 660 506;7;0;2;1;2;1
202000046517;154 660 486;2;0;2;3;1;1
202000046517;154 660 488;7;0;2;2;15;1
202000046518;154 660 485;2;0;2;3;2;0
202000046518;154 660 487;7;0;2;2;15;0
202000046519;154 660 489;7;0;2;2;1;0
202000046519;154 660 490;7;0;2;1;1;1
202000046520;154 660 500;33;0;5;1;1;1
202000046521;154 660 482;13;0;2;0;26;1
202000046521;154 660 484;7;0;0;4;0;1
202000046522;154 660 481;7;0;2;1;1;1
202000046522;154 660 483;33;0;2;1;17;1
202000046523;154 660 479;10;0;1;1;15;1
202000046524;154 660 476;33;0;2;8;16;0
202000046524;154 660 478;7;0;2;2;16;0
202000046525;154 660 474;7;0;0;1;0;1
202000046525;154 660 480;33;0;0;0;0;0
202000046526;154 660 473;13;9;0;1;26;1
202000046527;154 660 475;7;0;1;4;20;1
202000046528;154 660 469;14;0;2;8;1;1
202000046528;154 660 471;1;0;2;1;13;5
202000046529;154 660 472;7;8;0;1;14;1
202000046530;154 660 468;7;0;2;1;26;1
202000046530;154 660 470;33;0;2;2;5;0
202000046531;154 660 463;7;0;2;1;1;1
202000046531;154 660 465;7;0;2;8;1;1
202000046532;154 660 466;7;4;0;4;2;1
202000046532;154 660 467;7;0;2;1;2;1
202000046533;154 660 462;7;0;2;1;1;1
202000046533;154 660 464;7;0;2;3;16;1
202000046534;154 660 460;2;0;1;0;1;1
202000046535;154 660 459;1;0;5;7;1;5
202000046536;154 660 457;7;4;0;3;1;1
202000046537;154 660 456;1;0;2;1;1;0
202000046537;154 660 458;10;0;2;5;4;0
202000046538;154 660 454;7;4;2;7;17;1
202000046538;154 660 455;38;0;2;8;1;1
202000046539;154 660 453;35;1;0;9;0;1
202000046540;154 660 450;7;16;0;9;1;0
202000046541;154 660 452;1;0;2;1;2;0
202000046541;154 660 461;7;0;2;5;1;1
202000046542;154 660 451;30;0;0;0;1;3
202000046543;154 660 449;33;0;2;9;0;1
202000046544;154 660 445;50;0;2;1;1;3
202000046544;154 660 446;7;0;2;7;16;1
202000046545;154 660 443;7;0;2;1;0;1
202000046545;154 660 444;7;0;2;7;0;1
202000046546;154 660 439;7;0;2;1;1;1
202000046546;154 660 441;7;0;2;4;23;1
202000046546;154 660 442;7;0;2;4;23;1
202000046547;154 660 437;7;0;2;1;2;1
202000046547;154 660 448;7;0;2;4;2;1
202000046548;154 660 434;33;0;2;7;17;1
202000046548;154 660 438;7;0;2;6;11;1
202000046549;154 660 436;1;0;2;8;19;5
202000046549;154 660 447;7;0;2;1;1;1
202000046550;154 660 431;33;0;2;7;1;1
202000046550;154 660 432;7;0;2;3;19;1
202000046551;154 660 430;7;0;1;1;1;1
202000046552;154 660 429;7;0;1;1;16;1
202000046553;154 660 427;33;0;0;2;15;1
202000046554;154 660 423;7;0;2;3;9;1
202000046554;154 660 426;1;0;2;7;2;5
202000046555;154 660 433;7;0;2;1;13;1
202000046555;154 660 435;7;0;2;1;1;1
202000046556;154 660 422;30;0;0;0;1;1
202000046557;154 660 424;7;0;2;1;1;1
202000046557;154 660 425;7;0;2;1;1;1
202000046557;154 660 428;3;0;2;7;13;1
202000046558;154 660 420;7;0;2;3;15;1
202000046558;154 660 421;34;0;2;8;0;1
202000046559;154 660 416;14;0;2;6;23;1
202000046559;154 660 417;10;0;2;2;2;1
202000046560;154 660 415;2;6;0;1;0;1
202000046561;154 660 412;10;0;1;4;4;1
202000046562;154 660 418;7;0;2;7;15;0
202000046562;154 660 419;2;0;2;1;1;0
202000046563;154 660 411;7;0;2;1;15;1
202000046563;154 660 414;33;0;2;1;1;1
202000046564;154 660 407;32;12;2;8;5;1
202000046564;154 660 409;7;0;2;3;1;1
202000046565;154 660 408;33;8;0;3;1;1
202000046566;154 660 404;7;0;2;2;1;1
202000046566;154 660 406;7;0;2;5;15;1
202000046567;154 660 405;7;0;1;1;1;1
202000046568;154 660 403;7;7;0;3;1;1
202000046569;154 660 396;1;0;2;1;1;5
202000046569;154 660 400;1;0;2;1;1;5
202000046570;154 660 398;33;0;2;0;13;6
202000046570;154 660 401;13;0;2;0;19;0
202000046571;154 660 395;33;0;0;8;1;1
202000046571;154 660 399;7;0;2;7;17;0
202000046572;154 660 392;32;0;2;1;17;1
202000046572;154 660 393;7;0;2;5;1;1
202000046573;154 660 389;33;0;2;1;17;1
202000046573;154 660 390;10;0;2;5;15;1
202000046574;154 660 391;7;0;1;1;1;1
202000046575;154 660 397;7;0;9;4;1;0
202000046575;154 660 402;34;0;2;1;1;0
202000046576;154 660 387;7;0;1;2;9;1
202000046577;154 660 386;34;0;2;7;14;1
202000046577;154 660 388;7;0;2;8;1;1
202000046578;154 660 383;7;0;2;2;15;1
202000046578;154 660 384;32;0;2;3;1;1
202000046579;154 660 380;7;0;1;0;16;2
202000046580;154 660 378;7;0;2;4;2;1
202000046580;154 660 379;7;6;2;1;2;1
202000046581;154 660 381;7;0;2;3;15;1
202000046581;154 660 382;2;0;2;1;1;1
202000046582;154 660 376;1;0;2;1;1;5
202000046582;154 660 377;7;0;2;3;16;1
202000046583;154 660 375;36;0;0;0;0;1
202000046584;154 660 373;30;0;2;3;2;1
202000046584;154 660 374;10;0;2;5;4;1
202000046585;154 660 385;7;0;1;1;1;1
202000046586;154 660 369;2;0;2;8;15;1
202000046586;154 660 372;7;0;2;2;1;1
202000046587;154 660 368;7;3;0;3;13;1
202000046588;154 660 367;10;0;2;0;0;1
202000046588;154 660 370;10;0;2;3;9;1
202000046589;154 660 366;31;0;0;7;1;1
202000046590;154 660 362;7;0;0;4;1;1
202000046590;154 660 363;7;0;2;4;1;1
202000046590;154 660 365;7;0;2;1;0;0
202000046591;154 660 359;2;0;2;0;0;1
202000046591;154 660 364;7;0;2;8;10;0
202000046592;154 660 360;32;0;2;3;1;1
202000046592;154 660 371;7;0;2;2;16;1
202000046593;154 660 355;43;0;2;8;1;1
202000046593;154 660 356;7;0;2;3;15;1
202000046594;154 660 353;7;0;2;0;24;1
202000046594;154 660 358;1;1;0;0;1;5
202000046595;154 660 349;7;0;1;0;15;1
202000046596;154 660 348;15;9;0;1;13;1
202000046597;154 660 352;2;0;2;1;15;1
202000046597;154 660 361;7;0;2;2;1;1
202000046598;154 660 351;7;0;2;3;15;1
202000046598;154 660 357;2;0;2;1;0;1
202000046599;154 660 344;7;0;2;1;1;0
202000046599;154 660 347;10;0;2;3;1;1
202000046600;154 660 342;33;0;0;0;21;1
202000046600;154 660 345;33;0;2;1;26;1
202000046600;154 660 346;32;0;2;0;9;1
202000046601;154 660 339;34;10;0;0;13;1
202000046602;154 660 340;7;4;0;3;0;1
202000046603;154 660 335;1;0;2;8;19;5
202000046603;154 660 337;7;0;2;2;1;0
202000046604;154 660 336;7;3;0;1;21;1
202000046604;154 660 338;10;3;0;1;1;1
202000046605;154 660 334;80;0;0;8;10;3
202000046606;154 660 331;32;0;2;3;9;1
202000046606;154 660 332;7;0;2;1;9;1
202000046607;154 660 330;2;8;0;1;1;1
202000046608;154 660 341;7;0;2;3;16;0
202000046608;154 660 343;7;0;2;2;1;0
202000046609;154 660 327;33;6;0;0;1;1
202000046610;154 660 350;37;0;2;3;17;1
202000046610;154 660 354;33;0;2;1;1;1
202000046611;154 660 324;7;0;2;3;15;1
202000046611;154 660 326;2;0;2;2;1;1
202000046612;154 660 328;1;0;2;8;0;5
202000046612;154 660 329;7;0;2;1;9;1
202000046613;154 660 323;7;0;2;1;1;1
202000046613;154 660 325;1;0;2;1;13;5
202000046614;154 660 321;7;0;1;6;4;1
202000046615;154 660 318;7;0;2;1;1;1
202000046615;154 660 322;7;0;2;4;9;1
202000046616;154 660 317;7;0;0;4;1;1
202000046616;154 660 319;7;0;2;1;1;1
202000046617;154 660 312;7;0;2;8;19;1
202000046617;154 660 320;7;0;2;1;0;1
202000046618;154 660 313;17;8;0;3;14;1
202000046619;154 660 311;14;0;0;9;13;1
202000046620;154 660 309;7;0;2;3;1;2
202000046620;154 660 315;33;0;2;2;1;1
202000046621;154 660 307;7;0;2;1;1;1
202000046621;154 660 308;7;0;2;8;2;1
202000046621;154 660 310;7;0;2;1;5;1
202000046622;154 660 306;33;0;0;8;3;1
202000046623;154 660 314;1;0;2;8;1;5
202000046623;154 660 316;10;0;2;7;16;1
202000046624;154 660 304;2;0;2;1;1;3
202000046624;154 660 305;10;0;2;3;15;1
202000046625;154 660 303;10;0;1;4;4;1
202000046626;154 660 302;31;0;0;8;1;1
202000046627;154 660 301;30;0;9;1;1;1
202000046628;154 660 298;30;0;2;2;1;3
202000046628;154 660 300;7;0;2;3;13;1
202000046629;154 660 297;34;0;2;1;1;1
202000046629;154 660 299;7;0;2;2;15;1
202000046630;154 660 293;7;0;2;6;1;1
202000046630;154 660 295;17;0;2;2;12;1
202000046631;154 660 294;1;0;2;3;1;5
202000046631;154 660 296;7;0;2;2;17;1
202000046632;154 660 292;34;0;0;0;0;0
202000046633;154 660 290;1;0;2;7;12;5
202000046633;154 660 291;33;0;2;7;1;1
202000046634;154 660 288;7;0;2;3;10;1
202000046634;154 660 289;33;1;2;5;1;1
202000046635;154 660 287;17;3;0;2;1;1
202000046636;154 660 285;1;1;0;1;1;5
202000046636;154 660 286;7;0;9;4;23;1
202000046637;154 660 284;1;12;0;1;12;5
202000046638;154 660 283;33;0;0;8;1;1
202000046639;154 660 281;50;0;0;0;14;3
202000046640;154 660 279;7;0;2;3;15;1
202000046640;154 660 282;33;0;2;2;17;1
202000046641;154 660 275;1;0;2;1;19;5
202000046641;154 660 276;7;15;0;7;16;1
202000046642;154 660 273;7;1;2;1;1;1
202000046642;154 660 274;7;0;2;8;1;1
202000046643;154 660 270;10;0;2;3;20;1
202000046643;154 660 271;32;0;2;7;0;0
202000046644;154 660 278;7;0;2;2;16;1
202000046644;154 660 280;60;0;2;1;25;5
202000046645;154 660 277;7;12;0;6;1;1
202000046646;154 660 266;7;13;0;1;1;1
202000046647;154 660 269;7;0;2;1;2;1
202000046647;154 660 272;7;0;0;4;2;1
202000046648;154 660 265;7;0;2;3;15;1
202000046648;154 660 267;33;0;2;7;17;1
202000046649;154 660 264;7;0;0;0;0;1
202000046650;154 660 262;7;0;2;3;15;1
202000046650;154 660 263;33;0;2;1;13;1
202000046651;154 660 261;7;9;0;1;13;1
202000046652;154 660 260;33;0;0;0;0;1
202000046653;154 660 257;2;0;2;1;1;0
202000046653;154 660 259;7;0;2;7;15;6
202000046654;154 660 256;7;0;2;3;15;1
202000046654;154 660 258;32;0;2;1;17;1
202000046655;154 660 252;1;0;0;0;21;5
202000046656;154 660 253;33;0;2;1;1;1
202000046656;154 660 255;7;0;2;2;15;1
202000046657;154 660 249;2;0;2;1;1;1
202000046657;154 660 250;7;0;2;2;15;1
202000046658;154 660 247;7;0;2;0;13;1
202000046658;154 660 248;1;0;2;2;1;5
202000046659;154 660 243;7;0;2;8;1;1
202000046659;154 660 245;7;0;2;8;1;1
202000046659;154 660 246;7;0;2;1;13;1
202000046660;154 660 251;7;0;2;0;0;0
202000046660;154 660 268;7;0;2;2;1;0
202000046661;154 660 254;2;0;0;2;13;1
202000046662;154 660 239;7;0;1;2;26;0
202000046663;154 660 238;33;9;0;2;1;1
202000046664;154 660 232;7;0;2;3;13;1
202000046664;154 660 233;7;0;2;3;1;1
202000046665;154 660 231;7;6;0;1;1;1
202000046666;154 660 241;10;0;1;2;9;0
202000046667;154 660 235;32;0;2;3;1;1
202000046667;154 660 240;7;0;2;3;26;1
202000046668;154 660 227;7;0;2;1;9;1
202000046668;154 660 229;7;0;2;5;1;1
202000046669;154 660 234;7;0;2;2;15;1
202000046669;154 660 236;30;0;2;1;19;1
202000046670;154 660 226;7;2;0;9;1;1
202000046671;154 660 228;7;0;2;3;15;1
202000046671;154 660 230;33;0;2;1;1;1
202000046672;154 660 237;50;12;0;1;1;3
202000046673;154 660 223;1;0;2;8;0;5
202000046673;154 660 225;7;0;2;1;21;2
202000046674;154 660 222;7;0;2;1;1;1
202000046674;154 660 224;7;0;2;6;15;1
202000046675;154 660 221;7;13;0;1;1;1
202000046676;154 660 219;7;0;2;1;0;1
202000046676;154 660 220;7;0;2;4;26;1
202000046677;154 660 216;7;0;0;4;2;1
202000046677;154 660 217;7;0;2;1;2;1
202000046677;154 660 218;7;0;0;5;5;1
202000046678;154 660 215;7;4;0;1;1;1
202000046679;154 660 213;7;0;2;4;23;1
202000046679;154 660 214;10;0;2;1;2;1
202000046680;154 660 210;99;15;0;1;1;1
202000046681;154 660 208;7;0;0;4;15;1
202000046681;154 660 209;7;0;2;1;1;0
202000046682;154 660 201;7;0;2;1;1;1
202000046682;154 660 211;10;0;2;8;1;1
202000046683;154 660 199;7;0;2;0;1;0
202000046683;154 660 203;7;0;0;7;14;1
202000046684;154 660 198;2;0;0;0;1;1
202000046685;154 660 194;7;13;0;0;1;1
202000046686;154 660 193;7;0;2;1;23;1
202000046686;154 660 195;7;0;2;4;23;1
202000046686;154 660 196;10;0;2;1;2;1
202000046686;154 660 197;7;0;2;4;0;1
202000046687;154 660 190;7;0;2;3;1;1
202000046687;154 660 192;1;0;2;4;1;5
202000046688;154 660 191;10;0;1;1;2;1
202000046689;154 660 204;7;0;2;1;1;1
202000046689;154 660 206;7;0;2;4;0;1
202000046689;154 660 207;10;0;0;4;1;1
202000046690;154 660 188;7;0;9;0;1;1
202000046690;154 660 189;1;0;2;3;19;5
202000046691;154 660 186;7;0;2;4;0;1
202000046691;154 660 187;10;0;2;2;2;1
202000046692;154 660 185;7;0;0;7;14;1
202000046693;154 660 183;33;0;2;1;3;1
202000046693;154 660 184;10;0;2;4;11;1
202000046694;154 660 181;10;0;2;6;1;1
202000046694;154 660 202;1;0;2;1;1;5
202000046695;154 660 179;17;0;2;2;12;1
202000046695;154 660 180;7;0;2;8;1;1
202000046696;154 660 177;33;0;2;1;1;1
202000046696;154 660 178;7;0;2;4;1;1
202000046697;154 660 182;7;13;0;7;14;1
202000046698;154 660 176;1;0;0;0;1;5
202000046699;154 660 200;7;0;2;6;15;1
202000046699;154 660 205;7;0;2;3;1;1
202000046700;154 660 173;7;3;2;8;13;1
202000046700;154 660 175;7;0;2;1;2;1
202000046701;154 660 168;10;0;2;1;1;1
202000046701;154 660 170;10;0;1;3;24;1
202000046701;154 660 171;10;0;2;8;1;1
202000046702;154 660 167;7;0;2;4;2;1
202000046702;154 660 169;7;0;2;1;2;1
202000046703;154 660 164;7;0;2;5;12;1
202000046703;154 660 172;32;0;2;3;0;1
202000046704;154 660 162;33;0;2;2;3;1
202000046704;154 660 166;7;0;2;7;2;1
202000046705;154 660 163;1;0;0;0;1;5
202000046706;154 660 161;42;1;2;0;0;0
202000046706;154 660 165;7;0;2;8;15;1
202000046707;154 660 156;2;0;2;3;1;0
202000046707;154 660 157;7;0;2;0;16;0
202000046708;154 660 154;7;0;2;1;1;6
202000046708;154 660 155;99;0;2;1;1;6
202000046709;154 660 149;3;0;0;1;10;0
202000046709;154 660 150;30;0;0;8;1;0
202000046710;154 660 153;7;0;2;1;9;1
202000046710;154 660 158;60;0;2;1;1;5
202000046711;154 660 145;80;12;0;1;14;3
202000046712;154 660 144;7;0;1;2;2;1
202000046713;154 660 142;7;0;2;3;15;1
202000046713;154 660 146;2;0;2;1;1;1
202000046714;154 660 140;2;0;2;1;2;1
202000046714;154 660 141;7;0;0;4;2;1
202000046715;154 660 151;7;0;2;4;1;0
202000046715;154 660 159;10;0;2;2;1;1
202000046716;154 660 147;2;0;2;8;1;1
202000046716;154 660 148;7;0;2;1;19;1
202000046717;154 660 136;7;0;2;1;1;1
202000046717;154 660 137;7;0;2;1;1;1
202000046717;154 660 138;7;0;2;4;2;1
202000046718;154 660 152;7;0;2;1;15;1
202000046718;154 660 160;33;0;2;8;1;1
202000046719;154 660 143;2;14;0;1;1;1
202000046720;154 660 133;2;0;1;1;1;1
202000046721;154 660 132;30;0;2;3;26;1
202000046721;154 660 135;7;0;2;3;15;1
202000046722;154 660 139;7;0;1;2;16;1
202000046723;154 660 131;15;0;9;5;26;1
202000046723;154 660 134;7;4;9;7;1;1
202000046724;154 660 127;7;0;1;7;1;1
202000046725;154 660 125;30;0;2;1;26;1
202000046725;154 660 126;10;0;2;2;16;1
202000046726;154 660 129;7;0;2;7;10;1
202000046726;154 660 130;33;0;2;1;1;1
202000046727;154 660 121;30;0;2;2;15;1
202000046727;154 660 122;34;0;2;3;2;1
202000046728;154 660 114;33;0;2;1;21;1
202000046728;154 660 115;7;0;2;3;10;1