Num_Acc;id_vehicule;categorie_vehicule;obstacle_fixe;obstacle_mobile;point_choc_initial;manoeuvre_principale;motorisation
202000046729;154 660 112;7;0;2;2;5;1
202000046729;154 660 113;2;0;2;1;1;1
202000046730;154 660 110;32;16;0;2;15;1
202000046730;154 660 111;34;0;0;2;1;1
202000046731;154 660 117;7;0;2;8;10;1
202000046731;154 660 123;2;0;2;1;1;1
202000046732;154 660 109;33;12;0;1;2;1
202000046733;154 660 118;7;0;2;2;15;1
202000046733;154 660 128;7;0;2;3;1;1
202000046734;154 660 119;7;0;2;6;26;1
202000046734;154 660 124;2;0;2;1;26;1
202000046735;154 660 108;7;6;0;1;1;0
202000046736;154 660 107;7;3;0;2;1;1
202000046737;154 660 102;7;0;0;0;26;0
202000046738;154 660 098;7;0;2;0;12;1
202000046738;154 660 100;7;1;2;1;1;1
202000046738;154 660 106;7;0;2;6;26;1
202000046739;154 660 105;7;0;0;0;0;1
202000046740;154 660 103;7;0;1;2;1;1
202000046741;154 660 104;7;0;2;2;15;1
202000046741;154 660 116;30;0;2;3;1;1
202000046742;154 660 101;7;0;2;2;9;1
202000046742;154 660 120;1;0;2;7;1;5
202000046743;154 660 099;7;4;0;0;26;1
202000046744;154 660 095;7;0;2;3;1;1
202000046744;154 660 096;7;0;2;1;13;1
202000046745;154 660 094;7;3;0;1;2;1
202000046746;154 660 089;16;0;2;4;2;1
202000046746;154 660 090;14;0;2;4;2;1
202000046746;154 660 091;17;0;2;1;2;1
202000046746;154 660 092;14;0;2;1;2;1
202000046747;154 660 085;33;0;2;8;0;1
202000046747;154 660 087;7;0;2;6;11;1
202000046748;154 660 084;7;0;2;9;23;1
202000046748;154 660 086;7;0;0;4;23;1
202000046748;154 660 088;10;0;2;1;1;1
202000046749;154 660 082;33;0;0;0;26;1
202000046750;154 660 080;7;0;2;4;2;1
202000046750;154 660 081;7;0;2;4;2;1
202000046750;154 660 083;7;0;2;1;2;1
202000046751;154 660 075;7;0;1;1;1;1
202000046752;154 660 074;7;0;2;1;9;1
202000046752;154 660 097;7;0;2;4;2;1
202000046753;154 660 072;7;0;2;1;1;1
202000046753;154 660 073;7;0;2;4;1;2
202000046754;154 660 067;7;0;2;3;17;1
202000046754;154 660 069;7;0;2;3;1;1
202000046754;154 660 071;7;0;2;8;1;1
202000046755;154 660 068;7;0;2;3;26;1
202000046755;154 660 070;7;0;2;5;1;3
202000046756;154 660 066;0;0;1;1;13;0
202000046757;154 660 062;7;0;2;1;1;1
202000046757;154 660 065;7;0;2;1;13;1
202000046758;154 660 076;10;0;2;7;1;1
202000046758;154 660 093;10;0;2;1;1;1
202000046759;154 660 077;7;1;0;3;1;1
202000046760;154 660 078;32;12;0;4;1;1
202000046760;154 660 079;32;0;2;1;2;1
202000046761;154 660 061;1;0;2;1;2;5
202000046761;154 660 064;7;0;2;4;26;1
202000046762;154 660 059;7;0;2;7;1;1
202000046762;154 660 060;7;0;2;1;9;1
202000046763;154 660 058;99;0;1;0;26;1
202000046764;154 660 050;7;0;2;2;17;1
202000046764;154 660 056;1;0;2;8;1;5
202000046765;154 660 054;33;0;0;0;21;1
202000046766;154 660 052;7;6;0;1;1;1
202000046767;154 660 051;2;0;2;2;1;1
202000046767;154 660 063;7;0;2;3;15;1
202000046768;154 660 055;10;0;2;2;15;0
202000046768;154 660 057;32;0;2;8;3;0
202000046769;154 660 046;10;0;2;1;1;1
202000046769;154 660 047;7;0;2;1;13;1
202000046770;154 660 044;7;0;0;4;2;0
202000046770;154 660 045;20;0;0;1;2;0
202000046771;154 660 041;2;0;5;1;0;1
202000046772;154 660 040;7;0;9;2;19;1
202000046772;154 660 053;1;0;2;3;1;5
202000046773;154 660 036;34;0;2;8;0;0
202000046773;154 660 042;7;0;2;1;2;0
202000046774;154 660 038;2;0;2;3;1;1
202000046774;154 660 043;7;0;2;3;15;1
202000046775;154 660 037;7;4;2;4;2;1
202000046775;154 660 048;7;4;2;1;13;1
202000046775;154 660 049;7;4;2;5;2;1
202000046776;154 660 033;7;13;0;2;14;1
202000046777;154 660 024;30;0;9;0;1;1
202000046777;154 660 025;7;8;0;0;1;1
202000046778;154 660 023;2;3;0;1;0;1
202000046779;154 660 030;30;0;1;0;2;0
202000046780;154 660 021;7;0;1;1;26;0
202000046781;154 660 022;15;0;0;9;1;1
202000046782;154 660 019;7;0;2;1;1;1
202000046782;154 660 020;7;0;2;3;1;1
202000046783;154 660 016;7;0;2;1;16;3
202000046783;154 660 017;10;0;2;2;1;1
202000046784;154 660 018;1;0;0;0;1;5
202000046785;154 660 015;1;0;1;1;26;0
202000046786;154 660 029;20;0;2;3;1;1
202000046786;154 660 031;20;0;2;2;1;1
202000046786;154 660 032;20;0;2;1;2;1
202000046787;154 660 034;33;0;0;8;1;0
202000046788;154 660 026;7;0;2;4;2;2
202000046788;154 660 028;7;0;2;1;2;1
202000046789;154 660 027;34;0;2;0;1;1
202000046789;154 660 035;7;0;2;2;1;1
202000046790;154 660 011;10;0;2;1;26;0
202000046790;154 660 012;10;0;2;4;1;0
202000046790;154 660 013;10;0;2;4;1;0
202000046791;154 660 014;7;0;1;3;15;1
202000046792;154 660 007;33;9;0;1;9;1
202000046793;154 660 008;7;8;2;2;15;1
202000046793;154 660 010;7;8;2;3;1;1
202000046794;154 660 003;7;1;1;2;1;0
202000046795;154 659 998;7;10;0;2;14;1
202000046796;154 659 997;7;0;1;1;1;1
202000046797;154 659 996;2;1;0;1;13;1
202000046798;154 659 994;33;0;2;7;1;1
202000046798;154 659 995;7;0;2;1;9;1
202000046799;154 659 993;30;0;0;8;1;1
202000046800;154 659 992;7;13;0;1;14;1
202000046801;154 659 990;7;0;2;7;0;0
202000046801;154 659 991;33;0;2;8;23;0
202000046802;154 659 988;7;0;2;8;17;1
202000046802;154 659 989;7;0;2;1;16;1
202000046803;154 659 987;37;6;0;7;1;1
202000046804;154 660 005;33;0;2;8;9;1
202000046804;154 660 006;1;0;2;7;12;5
202000046805;154 660 004;15;0;0;6;1;1
202000046805;154 660 009;7;3;2;1;0;1
202000046806;154 659 986;7;0;2;4;1;1
202000046807;154 660 001;7;0;1;1;1;1
202000046808;154 660 002;7;0;1;0;26;0
202000046809;154 659 983;10;0;2;1;0;1
202000046809;154 659 984;10;0;2;1;13;2
202000046810;154 659 982;7;0;2;8;13;1
202000046810;154 659 985;13;0;2;8;1;1
202000046811;154 659 981;30;0;9;0;0;0
202000046812;154 659 976;34;0;2;8;18;1
202000046812;154 659 978;10;0;2;2;16;1
202000046813;154 659 973;30;0;2;2;0;1
202000046813;154 659 974;7;0;2;8;0;1
202000046814;154 659 975;7;2;0;1;1;1
202000046815;154 659 979;7;1;0;2;1;1
202000046816;154 659 999;7;0;2;1;1;1
202000046816;154 660 000;7;0;2;1;13;1
202000046817;154 659 968;33;0;0;9;1;1
202000046818;154 659 970;7;16;0;3;1;1
202000046819;154 659 977;7;0;2;1;1;1
202000046819;154 659 980;7;0;2;4;1;1
202000046820;154 659 967;7;0;2;7;16;1
202000046820;154 659 972;30;0;2;1;12;1
202000046821;154 659 966;33;0;2;1;13;1
202000046821;154 659 969;7;0;2;3;1;1
202000046822;154 659 965;7;0;1;0;0;0
202000046823;154 659 964;7;0;2;1;19;1
202000046823;154 659 971;7;0;0;7;9;1
202000046824;154 659 962;7;0;9;2;13;1
202000046824;154 659 963;1;0;2;8;1;5
202000046825;154 659 958;7;0;1;1;1;1
202000046826;154 659 951;2;0;1;0;0;1
202000046827;154 659 948;7;0;2;3;1;1
202000046827;154 659 950;34;0;2;4;1;1
202000046828;154 659 949;33;14;9;1;1;1
202000046829;154 659 956;7;2;0;9;1;1
202000046830;154 659 953;7;13;0;1;1;1
202000046831;154 659 952;7;0;2;0;0;0
202000046831;154 659 959;7;0;2;8;1;1
202000046831;154 659 960;7;0;0;0;15;0
202000046831;154 659 961;33;0;2;1;1;0
202000046832;154 659 947;37;0;9;3;26;1
202000046832;154 659 955;14;2;0;2;26;1
202000046833;154 659 954;33;0;2;1;15;1
202000046833;154 659 957;7;0;2;1;1;1
202000046834;154 659 941;7;0;2;1;2;1
202000046834;154 659 944;7;0;2;4;2;1
202000046835;154 659 940;7;0;1;1;2;1
202000046836;154 659 942;7;0;2;3;15;1
202000046836;154 659 945;1;0;2;2;6;5
202000046837;154 659 939;30;12;0;7;14;1
202000046838;154 659 938;7;0;1;2;2;1
202000046839;154 659 936;7;0;1;3;11;1
202000046840;154 659 935;7;0;2;1;15;1
202000046840;154 659 937;7;0;2;1;1;1
202000046841;154 659 928;7;15;0;8;13;1
202000046842;154 659 927;7;0;2;7;15;1
202000046842;154 659 933;2;0;2;1;1;0
202000046843;154 659 926;30;0;1;1;17;0
202000046844;154 659 923;7;0;2;1;17;1
202000046844;154 659 925;7;0;2;1;1;1
202000046845;154 659 931;7;0;1;4;23;1
202000046845;154 659 943;7;0;1;4;23;1
202000046845;154 659 946;7;0;2;1;1;1
202000046846;154 659 932;7;9;2;1;1;1
202000046846;154 659 934;7;0;2;1;1;1
202000046847;154 659 920;2;0;0;0;1;1
202000046848;154 659 918;7;6;1;5;4;1
202000046849;154 659 916;7;0;0;8;15;0
202000046849;154 659 917;33;0;2;1;2;0
202000046849;154 659 919;7;0;2;6;1;0
202000046850;154 659 914;80;0;0;0;1;3
202000046851;154 659 907;7;0;2;7;1;1
202000046851;154 659 909;7;0;2;3;1;1
202000046851;154 659 912;7;0;2;3;13;0
202000046851;154 659 913;7;0;2;3;1;1
202000046851;154 659 915;15;0;2;6;1;1
202000046852;154 659 908;7;0;2;1;21;1
202000046852;154 659 911;7;0;2;1;13;1
202000046853;154 659 906;33;0;2;7;1;1
202000046853;154 659 910;7;0;2;3;9;1
202000046854;154 659 902;7;0;2;1;1;1
202000046854;154 659 922;80;0;2;1;26;3
202000046855;154 659 930;7;0;1;3;1;1
202000046856;154 659 904;7;8;0;7;1;1
202000046857;154 659 921;7;0;2;2;1;1
202000046857;154 659 924;2;0;2;1;1;1
202000046858;154 659 905;7;13;0;3;1;1
202000046859;154 659 903;10;0;1;2;15;0
202000046860;154 659 929;2;0;0;0;16;1
202000046861;154 659 899;30;0;2;1;26;1
202000046861;154 659 901;7;0;2;4;1;1
202000046862;154 659 896;33;0;9;0;1;1
202000046863;154 659 897;7;13;0;2;21;1
202000046864;154 659 898;30;0;1;1;1;1
202000046865;154 659 889;7;0;2;5;2;1
202000046865;154 659 893;7;0;2;4;2;1
202000046865;154 659 900;10;0;2;1;2;1
202000046866;154 659 890;2;0;2;1;1;1
202000046866;154 659 892;7;0;2;2;15;1
202000046867;154 659 895;7;6;0;1;13;1
202000046868;154 659 891;7;0;2;3;9;1
202000046868;154 659 894;33;0;2;1;1;1
202000046869;154 659 888;33;3;0;1;1;1
202000046870;154 659 885;30;8;0;1;1;1
202000046871;154 659 886;7;13;0;1;1;1
202000046872;154 659 887;7;0;1;1;1;1
202000046873;154 659 882;30;12;0;0;0;1
202000046874;154 659 883;7;0;2;1;2;1
202000046874;154 659 884;7;0;2;4;2;1
202000046875;154 659 877;10;0;2;7;1;1
202000046875;154 659 880;1;0;0;0;1;0
202000046876;154 659 874;32;0;2;1;13;1
202000046876;154 659 876;7;0;2;8;1;1
202000046877;154 659 872;7;0;1;1;1;1
202000046878;154 659 871;31;0;2;7;26;1
202000046878;154 659 875;7;0;2;2;9;1
202000046879;154 659 866;7;0;1;0;0;0
202000046880;154 659 867;2;4;0;0;13;0
202000046881;154 659 868;1;14;0;1;21;5
202000046881;154 659 870;7;0;0;1;1;1
202000046881;154 659 873;7;0;2;6;23;1
202000046882;154 659 869;7;0;1;1;9;1
202000046883;154 659 878;7;0;2;3;1;0
202000046883;154 659 881;2;0;2;1;1;0
202000046884;154 659 865;2;0;0;8;21;1
202000046885;154 659 863;7;15;1;8;26;1
202000046886;154 659 860;7;0;2;1;9;1
202000046886;154 659 862;2;0;2;2;2;1
202000046887;154 659 859;10;0;2;5;1;1
202000046887;154 659 861;7;13;2;3;0;1
202000046888;154 659 857;33;13;0;1;13;1
202000046889;154 659 858;7;0;1;2;15;1
202000046890;154 659 853;7;0;0;0;0;1
202000046891;154 659 856;33;0;0;8;1;0
202000046892;154 659 854;2;0;2;3;1;1
202000046892;154 659 879;7;0;2;1;19;1
202000046893;154 659 851;7;0;1;1;1;1
202000046894;154 659 855;2;0;0;0;1;1
202000046895;154 659 852;1;0;2;3;19;5
202000046895;154 659 864;7;0;9;2;1;1
202000046896;154 659 849;7;0;2;1;19;1
202000046896;154 659 850;7;0;2;7;1;1
202000046897;154 659 845;10;0;9;5;12;1
202000046897;154 659 848;1;0;2;1;1;5
202000046898;154 659 841;21;0;2;3;15;1
202000046898;154 659 843;7;2;2;1;17;1
202000046899;154 659 842;7;0;2;5;23;1
202000046899;154 659 844;7;0;2;2;2;1
202000046900;154 659 838;7;13;0;2;1;1
202000046901;154 659 839;7;0;2;4;1;1
202000046901;154 659 840;10;0;2;1;1;1
202000046902;154 659 837;1;12;0;2;14;5
202000046903;154 659 847;7;2;0;1;0;1
202000046904;154 659 833;7;0;9;3;16;1
202000046904;154 659 835;1;0;2;1;1;5
202000046905;154 659 832;7;0;2;4;20;1
202000046905;154 659 834;7;0;2;4;1;1
202000046905;154 659 836;7;0;2;1;1;1
202000046906;154 659 821;7;0;0;1;1;1
202000046906;154 659 829;14;0;0;4;2;1
202000046907;154 659 820;7;0;2;1;1;1
202000046907;154 659 823;7;0;1;1;1;1
202000046908;154 659 819;7;0;2;1;1;0
202000046908;154 659 822;7;0;2;1;1;0
202000046908;154 659 830;7;0;2;4;1;0
202000046909;154 659 826;60;0;2;6;26;5
202000046909;154 659 846;7;0;2;6;0;1
202000046910;154 659 827;17;3;2;3;1;1
202000046910;154 659 828;7;0;2;1;1;1
202000046910;154 659 831;17;0;2;1;1;1
202000046911;154 659 814;2;0;2;3;2;1
202000046911;154 659 817;7;0;2;2;16;1
202000046912;154 659 812;7;0;0;6;2;1
202000046912;154 659 813;7;0;0;2;14;1
202000046913;154 659 810;17;0;1;1;20;1
202000046914;154 659 809;7;0;1;7;16;1
202000046915;154 659 804;7;0;1;3;1;1
202000046916;154 659 805;33;0;2;1;17;1
202000046916;154 659 806;15;0;2;4;15;1
202000046917;154 659 807;7;0;2;7;1;1
202000046917;154 659 808;7;0;2;4;1;1
202000046918;154 659 824;7;0;1;1;1;1
202000046919;154 659 815;7;0;1;1;1;1
202000046920;154 659 825;7;0;1;2;1;1
202000046921;154 659 811;33;3;0;7;1;1
202000046922;154 659 798;14;0;2;4;23;1
202000046922;154 659 801;14;0;2;1;2;1
202000046922;154 659 803;7;0;2;4;23;1
202000046923;154 659 797;17;0;0;4;2;1
202000046923;154 659 799;7;0;2;1;2;1
202000046923;154 659 800;7;3;0;1;1;1
202000046923;154 659 802;17;0;0;5;2;1
202000046924;154 659 793;37;3;0;2;1;1
202000046925;154 659 792;1;0;2;2;26;5
202000046925;154 659 794;10;0;2;3;1;1
202000046926;154 659 790;14;0;0;1;1;0
202000046926;154 659 791;7;3;0;7;17;6
202000046927;154 659 789;7;6;0;1;16;1
202000046928;154 659 787;38;0;2;3;21;1
202000046928;154 659 788;3;0;2;1;13;1
202000046929;154 659 784;1;0;0;7;1;5
202000046930;154 659 783;33;8;0;0;16;1
202000046931;154 659 774;33;0;2;1;1;1
202000046931;154 659 777;7;0;2;6;1;1
202000046931;154 659 780;7;0;2;5;2;1
202000046931;154 659 782;33;0;2;0;2;1
202000046932;154 659 785;7;1;0;2;21;1
202000046933;154 659 775;33;0;2;1;1;1
202000046933;154 659 779;7;0;2;2;1;1
202000046934;154 659 773;10;0;2;8;1;1
202000046934;154 659 776;7;0;2;1;13;1
202000046935;154 659 778;7;0;2;8;16;1
202000046935;154 659 781;33;0;2;1;1;1
202000046936;154 659 786;7;0;2;4;2;1
202000046936;154 659 795;7;0;2;4;2;1
202000046936;154 659 796;7;0;2;1;2;1
202000046937;154 659 772;7;0;1;3;26;1
202000046938;154 659 768;7;0;1;6;4;2
202000046939;154 659 767;7;0;2;4;2;1
202000046939;154 659 769;10;0;2;4;2;1
202000046939;154 659 770;7;0;2;4;2;1
202000046939;154 659 771;10;0;2;1;2;1
202000046940;154 659 760;7;0;2;3;15;1
202000046940;154 659 762;30;0;2;2;17;1
202000046941;154 659 757;7;13;0;9;1;1
202000046942;154 659 759;30;1;0;7;14;1
202000046943;154 659 763;2;0;0;1;1;1
202000046944;154 659 764;2;0;2;1;1;1
202000046944;154 659 766;10;0;2;4;4;1
202000046945;154 659 765;1;12;0;0;14;5
202000046946;154 659 746;7;0;2;7;2;1
202000046946;154 659 756;7;0;2;1;1;1
202000046947;154 659 745;2;16;0;0;26;1
202000046947;154 659 747;2;1;0;1;2;1
202000046948;154 659 752;7;0;2;1;15;1
202000046948;154 659 755;31;0;2;1;1;1
202000046949;154 659 751;7;3;0;9;1;1
202000046950;154 659 741;0;0;2;1;1;
202000046950;154 659 743;1;0;0;0;26;5
202000046951;154 659 739;1;0;2;7;0;5
202000046951;154 659 740;7;0;9;1;9;1
202000046952;154 659 737;33;0;2;2;2;1
202000046952;154 659 738;7;0;2;6;2;1
202000046953;154 659 735;7;0;9;2;22;1
202000046953;154 659 736;1;1;2;2;21;0
202000046954;154 659 733;7;6;0;8;14;1
202000046955;154 659 734;7;6;0;1;13;1
202000046956;154 659 748;7;0;1;1;1;1
202000046957;154 659 728;7;0;2;4;15;0
202000046957;154 659 731;2;0;2;1;2;0
202000046958;154 659 750;2;0;0;7;1;1
202000046959;154 659 727;31;0;0;2;1;1
202000046960;154 659 724;7;0;2;1;2;1
202000046960;154 659 726;7;0;2;4;2;1
202000046961;154 659 723;7;0;2;2;17;0
202000046961;154 659 725;7;0;2;3;15;0
202000046962;154 659 721;33;0;0;1;1;1
202000046962;154 659 722;7;0;0;3;9;1
202000046963;154 659 742;1;0;9;0;1;5
202000046964;154 659 729;7;3;0;1;26;1
202000046965;154 659 730;7;0;9;7;9;1
202000046965;154 659 732;1;0;2;3;2;5
202000046966;154 659 744;30;0;9;2;1;1
202000046967;154 659 718;7;14;1;1;1;1
202000046968;154 659 717;2;0;0;0;1;1
202000046969;154 659 719;7;0;2;4;1;1
202000046969;154 659 720;7;0;2;1;1;1
202000046970;154 659 710;7;0;0;9;13;4
202000046971;154 659 709;7;0;2;3;0;0
202000046971;154 659 716;7;0;1;1;0;0
202000046972;154 659 707;7;0;2;3;0;0
202000046972;154 659 708;30;0;2;1;1;0
202000046973;154 659 705;7;0;2;3;1;0
202000046973;154 659 711;33;0;2;7;17;0
202000046973;154 659 713;33;0;2;6;17;0
202000046974;154 659 704;7;0;2;1;5;1
202000046974;154 659 715;7;0;0;7;1;1
202000046975;154 659 702;7;0;1;1;16;1
202000046976;154 659 703;7;7;2;1;2;1
202000046976;154 659 712;10;0;2;0;0;0
202000046977;154 659 701;7;0;2;3;1;1
202000046977;154 659 714;7;0;2;3;13;1
202000046978;154 659 698;7;0;2;2;1;1
202000046978;154 659 699;7;0;2;1;13;1
202000046978;154 659 700;7;0;2;1;1;1
202000046979;154 659 697;7;0;2;1;15;1
202000046979;154 659 706;2;0;2;1;1;1
202000046980;154 659 688;33;1;2;0;0;0
202000046980;154 659 691;7;0;2;0;15;0
202000046981;154 659 689;7;0;2;1;2;1
202000046981;154 659 693;7;0;2;4;1;1
202000046982;154 659 690;7;0;2;7;1;1
202000046982;154 659 694;7;0;2;2;1;1
202000046983;154 659 696;2;1;0;0;1;1
202000046984;154 659 687;7;1;0;1;0;1
202000046984;154 659 692;7;0;2;0;0;1
202000046985;154 659 684;7;0;0;5;15;1
202000046985;154 659 685;7;0;0;2;1;1
202000046986;154 659 682;7;0;1;2;0;1
202000046987;154 659 681;7;0;2;2;0;0
202000046987;154 659 683;2;0;2;1;0;0
202000046988;154 659 680;7;2;0;1;0;1
202000046989;154 659 678;7;0;2;3;13;0
202000046989;154 659 679;33;0;2;8;1;0
202000046990;154 659 676;10;13;0;3;1;1
202000046991;154 659 675;34;0;2;1;5;1
202000046991;154 659 677;7;0;2;2;15;1
202000046992;154 659 672;7;1;0;5;1;1
202000046993;154 659 673;1;0;0;4;1;5
202000046993;154 659 674;7;0;2;2;17;1
202000046994;154 659 671;30;0;1;1;1;1
202000046995;154 659 668;10;0;1;4;1;1
202000046996;154 659 669;34;0;2;1;5;1
202000046996;154 659 686;7;0;2;3;1;0
202000046997;154 659 670;7;6;2;1;13;1
202000046998;154 659 665;7;0;1;3;1;1
202000046999;154 659 662;7;0;2;7;26;0
202000046999;154 659 663;31;0;2;1;1;1
202000047000;154 659 667;7;0;2;1;19;1
202000047000;154 659 695;7;0;2;8;9;1
202000047001;154 659 659;3;0;2;1;1;1
202000047001;154 659 660;7;0;2;4;1;1
202000047002;154 659 652;7;0;0;6;2;1
202000047002;154 659 661;3;0;2;0;2;1
202000047003;154 659 655;32;12;0;1;26;1
202000047004;154 659 656;30;0;2;1;15;1
202000047004;154 659 658;7;0;2;7;1;1
202000047005;154 659 651;30;0;2;1;1;1
202000047005;154 659 657;0;;;;;
202000047006;154 659 648;7;0;2;8;1;1
202000047006;154 659 649;7;4;2;8;2;1
202000047007;154 659 643;7;0;1;1;26;1
202000047008;154 659 645;7;0;2;1;1;1
202000047008;154 659 647;7;0;2;4;1;1
202000047009;154 659 641;30;0;2;8;2;1
202000047009;154 659 644;31;0;2;7;2;1
202000047010;154 659 642;7;0;2;1;1;1
202000047010;154 659 646;7;0;2;4;1;1
202000047011;154 659 635;1;0;2;8;1;5
202000047011;154 659 637;7;0;2;1;16;1
202000047012;154 659 654;7;6;0;1;19;3
202000047013;154 659 653;10;0;1;2;1;1
202000047014;154 659 638;7;0;1;3;16;0
202000047015;154 659 639;2;11;0;1;1;1
202000047016;154 659 650;7;0;2;1;13;1
202000047016;154 659 664;7;5;2;3;1;1
202000047017;154 659 636;10;0;2;1;2;1
202000047017;154 659 640;10;0;2;4;2;1
202000047018;154 659 634;7;0;1;3;1;1
202000047019;154 659 625;7;0;2;8;0;1
202000047019;154 659 630;33;0;2;7;3;1
202000047020;154 659 626;33;5;0;2;14;1
202000047021;154 659 627;38;0;2;5;16;1
202000047021;154 659 632;10;0;2;3;9;1
202000047022;154 659 629;7;0;2;6;9;1
202000047022;154 659 633;13;0;2;6;14;1
202000047023;154 659 628;7;0;0;1;0;1
202000047024;154 659 624;32;0;2;1;15;1
202000047024;154 659 631;7;0;2;8;1;1
202000047025;154 659 618;7;1;0;2;14;1
202000047025;154 659 621;17;1;0;6;24;1
202000047026;154 659 617;7;12;0;1;0;0
202000047026;154 659 620;7;0;2;3;1;0
202000047027;154 659 614;10;0;1;1;1;1
202000047028;154 659 613;7;0;2;4;0;1
202000047028;154 659 615;7;0;2;8;9;1
202000047028;154 659 616;1;0;2;4;1;0
202000047029;154 659 611;7;0;2;3;10;1
202000047029;154 659 612;30;0;2;1;1;1
202000047030;154 659 606;7;0;2;3;18;1
202000047030;154 659 609;33;0;2;5;16;1
202000047031;154 659 605;13;0;2;5;1;1
202000047031;154 659 608;37;0;2;6;23;1
202000047031;154 659 610;1;0;2;9;13;5
202000047032;154 659 604;7;0;9;3;26;1
202000047032;154 659 622;1;0;2;2;19;5
202000047033;154 659 600;7;2;0;3;0;1
202000047034;154 659 599;7;0;1;0;0;1
202000047035;154 659 597;7;0;2;1;1;1
202000047035;154 659 598;7;0;2;1;13;1
202000047036;154 659 603;7;0;2;1;1;1
202000047036;154 659 623;10;0;2;4;1;1
202000047037;154 659 602;7;0;2;1;1;1
202000047037;154 659 619;7;0;2;4;23;1
202000047038;154 659 601;7;0;2;1;1;1
202000047038;154 659 607;7;0;2;1;23;1
202000047039;154 659 588;10;6;0;1;1;1
202000047040;154 659 587;7;0;2;1;1;1
202000047040;154 659 593;7;0;2;1;13;1
202000047041;154 659 586;37;0;2;1;1;1
202000047041;154 659 596;7;0;2;3;19;1
202000047042;154 659 589;7;0;2;4;1;1
202000047042;154 659 594;15;0;2;1;2;1
202000047043;154 659 590;7;0;2;6;1;1
202000047043;154 659 595;15;0;2;2;12;1
202000047044;154 659 592;10;0;1;1;1;1
202000047045;154 659 583;7;7;0;8;1;1
202000047046;154 659 579;7;0;2;1;2;1
202000047046;154 659 580;7;0;2;4;23;1
202000047047;154 659 576;30;4;0;7;16;1
202000047048;154 659 575;1;0;2;8;1;5
202000047048;154 659 578;7;0;2;1;1;1
202000047049;154 659 591;33;7;0;7;1;1
202000047050;154 659 572;33;0;2;1;1;1
202000047050;154 659 573;7;0;2;4;1;1
202000047051;154 659 584;10;3;0;3;9;1
202000047052;154 659 581;30;0;2;5;2;1
202000047052;154 659 582;7;0;2;5;20;0
202000047053;154 659 570;31;0;9;1;13;1
202000047054;154 659 567;7;0;2;1;1;1
202000047054;154 659 568;7;0;2;6;9;1
202000047054;154 659 569;15;0;2;5;1;0
202000047055;154 659 585;7;0;0;0;9;1
202000047056;154 659 574;7;4;0;6;1;1
202000047056;154 659 577;7;0;0;1;14;1
202000047057;154 659 566;14;0;2;1;22;1
202000047057;154 659 571;1;0;2;0;1;5
202000047058;154 659 565;15;0;1;2;26;1
202000047059;154 659 557;7;1;0;9;1;1
202000047059;154 659 559;7;1;0;0;0;1
202000047059;154 659 561;7;1;0;6;0;2
202000047060;154 659 556;7;0;2;4;0;1
202000047060;154 659 558;7;0;2;1;2;1
202000047061;154 659 560;15;0;2;4;0;1
202000047061;154 659 562;15;0;2;1;1;1
202000047062;154 659 552;7;12;0;9;26;1
202000047063;154 659 563;33;0;0;1;1;1
202000047064;154 659 564;7;2;0;1;1;1
202000047065;154 659 554;7;3;0;1;13;1
202000047066;154 659 555;10;0;1;2;1;1
202000047067;154 659 551;33;0;0;8;16;1
202000047068;154 659 545;31;0;0;0;21;1
202000047069;154 659 549;1;0;0;0;1;5
202000047070;154 659 546;7;0;2;2;15;1
202000047070;154 659 550;32;0;2;1;1;1
202000047071;154 659 547;7;0;0;9;1;1
202000047072;154 659 541;7;4;0;1;1;1
202000047073;154 659 539;7;0;2;4;2;1
202000047073;154 659 540;7;0;2;1;2;1
202000047074;154 659 538;7;8;0;3;1;1
202000047075;154 659 536;7;13;0;1;1;1
202000047076;154 659 535;7;3;2;2;1;1
202000047076;154 659 537;17;0;2;6;2;1
202000047077;154 659 532;7;0;2;3;9;1
202000047077;154 659 534;7;15;2;2;12;1
202000047078;154 659 542;33;0;2;8;3;1
202000047078;154 659 543;7;0;2;0;1;0
202000047079;154 659 544;1;0;2;1;1;6
202000047079;154 659 548;7;0;2;2;16;1
202000047080;154 659 528;33;5;0;3;2;1
202000047081;154 659 526;31;0;2;1;1;1
202000047081;154 659 527;10;0;2;6;10;1
202000047082;154 659 524;7;0;1;3;1;1
202000047083;154 659 525;30;0;0;0;1;1
202000047084;154 659 523;7;4;0;3;1;1
202000047085;154 659 516;15;3;2;2;2;1
202000047085;154 659 520;7;3;2;4;2;1
202000047086;154 659 519;7;0;2;2;21;1
202000047086;154 659 522;50;0;2;4;11;3
202000047087;154 659 517;7;0;2;1;2;1
202000047087;154 659 521;7;0;2;4;23;1
202000047088;154 659 529;7;0;2;1;1;1
202000047088;154 659 533;7;0;2;1;1;1
202000047089;154 659 530;7;4;0;1;14;1
202000047090;154 659 515;50;0;2;4;23;3
202000047090;154 659 518;1;0;2;0;2;5
202000047091;154 659 531;7;2;0;7;0;1
202000047092;154 659 510;7;0;2;1;1;1
202000047092;154 659 511;7;4;2;4;2;1
202000047093;154 659 508;7;3;0;1;9;1
202000047094;154 659 509;7;0;1;0;16;1
202000047095;154 659 502;33;0;2;2;26;1