Num_Acc;id_vehicule;categorie_vehicule;obstacle_fixe;obstacle_mobile;point_choc_initial;manoeuvre_principale;motorisation
202000047095;154 659 513;7;0;0;5;1;1
202000047096;154 659 505;7;15;0;1;1;1
202000047097;154 659 504;7;0;2;1;13;1
202000047097;154 659 512;7;0;2;1;1;1
202000047098;154 659 506;10;0;1;7;15;1
202000047099;154 659 503;7;0;2;3;1;1
202000047099;154 659 514;33;0;2;3;13;1
202000047100;154 659 495;33;3;0;1;1;1
202000047101;154 659 501;1;0;1;7;1;5
202000047102;154 659 494;30;12;0;1;14;1
202000047103;154 659 493;7;2;0;3;0;1
202000047104;154 659 496;7;1;0;7;1;1
202000047105;154 659 497;33;0;2;4;2;1
202000047105;154 659 499;7;0;2;1;2;1
202000047105;154 659 500;7;0;2;4;2;1
202000047105;154 659 507;7;0;2;4;2;1
202000047106;154 659 492;7;0;1;1;1;1
202000047107;154 659 486;7;4;0;1;1;1
202000047108;154 659 485;7;0;2;8;1;1
202000047108;154 659 487;7;0;2;3;5;1
202000047109;154 659 478;7;0;2;1;17;1
202000047109;154 659 490;7;0;2;1;1;1
202000047110;154 659 475;7;1;0;2;0;0
202000047111;154 659 489;10;0;2;4;26;1
202000047111;154 659 491;10;0;2;1;26;1
202000047112;154 659 477;32;0;2;1;2;1
202000047112;154 659 479;7;0;2;4;2;1
202000047113;154 659 481;7;0;2;1;13;1
202000047113;154 659 484;7;0;2;1;1;1
202000047114;154 659 480;7;3;0;8;13;1
202000047115;154 659 474;1;0;2;1;13;5
202000047115;154 659 476;1;0;2;1;1;5
202000047116;154 659 482;7;0;2;3;16;1
202000047116;154 659 483;7;0;2;6;1;1
202000047117;154 659 471;33;8;0;0;1;1
202000047118;154 659 470;1;0;2;1;1;0
202000047118;154 659 473;7;0;9;3;15;1
202000047119;154 659 464;7;3;2;4;1;1
202000047119;154 659 467;7;0;2;3;1;1
202000047119;154 659 468;7;0;2;2;14;1
202000047120;154 659 465;7;0;2;3;13;1
202000047120;154 659 466;7;0;2;1;1;1
202000047120;154 659 472;7;0;2;2;2;1
202000047121;154 659 462;32;0;2;3;17;1
202000047121;154 659 463;7;0;2;8;1;1
202000047122;154 659 458;33;0;2;7;17;1
202000047122;154 659 459;7;0;2;8;13;1
202000047123;154 659 452;2;7;0;7;16;1
202000047124;154 659 450;37;0;2;2;17;2
202000047124;154 659 457;1;0;2;3;13;5
202000047125;154 659 449;7;0;2;1;1;4
202000047125;154 659 451;7;0;2;1;10;4
202000047126;154 659 447;7;0;2;3;19;0
202000047126;154 659 448;7;0;2;1;1;0
202000047127;154 659 445;33;0;1;0;1;1
202000047128;154 659 442;7;0;2;7;2;0
202000047128;154 659 443;1;0;2;8;2;5
202000047129;154 659 439;7;0;2;4;2;0
202000047129;154 659 440;7;0;2;5;23;0
202000047129;154 659 441;7;14;0;1;2;0
202000047130;154 659 438;7;0;1;2;1;1
202000047131;154 659 456;7;0;2;3;9;1
202000047131;154 659 469;50;0;2;0;1;3
202000047132;154 659 455;7;0;0;3;1;1
202000047132;154 659 460;1;0;0;4;1;5
202000047133;154 659 454;7;14;1;1;1;1
202000047133;154 659 461;7;0;2;4;23;1
202000047134;154 659 453;7;0;0;8;1;1
202000047135;154 659 436;33;0;0;7;1;1
202000047136;154 659 444;2;12;0;7;17;1
202000047136;154 659 446;10;0;0;0;23;1
202000047137;154 659 432;10;0;2;1;14;1
202000047137;154 659 433;7;0;2;1;1;2
202000047138;154 659 431;7;0;2;1;1;1
202000047138;154 659 435;7;0;2;4;1;1
202000047139;154 659 426;7;0;0;1;26;1
202000047140;154 659 425;7;0;2;6;1;1
202000047140;154 659 437;7;0;2;1;1;1
202000047141;154 659 424;33;9;0;8;12;1
202000047142;154 659 427;7;6;0;3;22;1
202000047143;154 659 429;14;0;0;2;14;1
202000047144;154 659 428;7;2;0;9;1;1
202000047145;154 659 430;30;0;2;0;1;1
202000047145;154 659 434;7;0;2;0;15;1
202000047146;154 659 419;7;7;0;5;1;1
202000047147;154 659 415;7;0;2;4;2;1
202000047147;154 659 416;10;0;2;1;2;1
202000047147;154 659 417;7;0;2;4;2;1
202000047147;154 659 418;7;0;2;4;2;1
202000047147;154 659 420;7;0;2;4;2;1
202000047147;154 659 421;7;0;2;4;2;1
202000047148;154 659 423;7;0;1;7;1;1
202000047149;154 659 414;7;15;0;3;21;1
202000047150;154 659 411;10;0;2;6;11;1
202000047150;154 659 413;33;0;2;1;3;1
202000047151;154 659 409;31;0;0;8;1;1
202000047152;154 659 410;14;0;2;2;14;1
202000047152;154 659 412;7;0;2;8;1;1
202000047153;154 659 406;10;0;2;8;17;1
202000047153;154 659 422;10;0;2;2;1;1
202000047154;154 659 405;2;0;0;0;1;1
202000047155;154 659 404;2;0;2;2;1;1
202000047155;154 659 408;7;0;2;2;10;1
202000047156;154 659 403;40;0;1;1;1;3
202000047157;154 659 400;7;0;2;3;1;1
202000047157;154 659 407;7;0;2;2;1;1
202000047158;154 659 398;7;0;2;1;1;1
202000047158;154 659 399;7;0;2;4;1;1
202000047159;154 659 392;1;0;2;0;17;5
202000047159;154 659 401;7;0;2;8;22;1
202000047160;154 659 396;7;0;2;2;1;1
202000047160;154 659 397;7;0;2;7;0;1
202000047161;154 659 393;7;0;1;4;4;0
202000047162;154 659 394;7;0;2;5;17;1
202000047162;154 659 402;21;0;2;3;2;1
202000047163;154 659 395;7;0;2;9;26;1
202000047164;154 659 386;7;0;2;9;1;1
202000047164;154 659 391;7;0;2;1;1;1
202000047165;154 659 387;50;0;2;7;19;3
202000047165;154 659 390;32;0;2;1;1;1
202000047166;154 659 385;14;0;9;6;1;0
202000047166;154 659 388;7;0;2;4;1;1
202000047166;154 659 389;31;0;2;1;1;1
202000047167;154 659 376;7;0;2;2;16;1
202000047167;154 659 377;30;0;2;1;1;1
202000047168;154 659 375;7;0;1;1;1;1
202000047169;154 659 373;7;0;0;6;23;0
202000047169;154 659 374;7;0;2;2;2;0
202000047170;154 659 370;7;0;2;1;2;1
202000047170;154 659 371;10;0;2;4;2;1
202000047170;154 659 372;7;0;2;0;2;1
202000047171;154 659 367;7;1;0;6;26;1
202000047171;154 659 368;7;1;0;7;14;1
202000047172;154 659 366;7;1;0;1;1;1
202000047173;154 659 379;17;0;2;0;0;0
202000047173;154 659 380;7;14;0;2;1;1
202000047173;154 659 382;7;0;2;0;0;1
202000047174;154 659 383;30;0;2;7;17;1
202000047174;154 659 384;10;0;2;8;15;1
202000047175;154 659 369;7;1;0;4;9;1
202000047176;154 659 364;33;0;2;2;17;1
202000047176;154 659 365;7;0;2;3;15;1
202000047177;154 659 362;31;0;2;1;13;0
202000047177;154 659 363;7;0;2;2;15;0
202000047178;154 659 359;7;14;0;3;1;1
202000047179;154 659 354;7;0;9;2;9;1
202000047179;154 659 378;1;0;2;3;1;5
202000047180;154 659 348;7;0;2;1;0;1
202000047180;154 659 356;7;0;2;4;26;1
202000047180;154 659 358;7;0;0;0;0;0
202000047181;154 659 346;1;0;2;1;1;5
202000047181;154 659 347;1;0;2;1;1;5
202000047182;154 659 343;7;0;2;1;1;1
202000047182;154 659 344;7;0;2;4;23;1
202000047182;154 659 345;7;0;2;4;16;1
202000047183;154 659 342;7;0;1;2;15;1
202000047184;154 659 340;1;0;2;3;1;5
202000047184;154 659 341;7;0;9;2;15;1
202000047185;154 659 338;10;0;2;1;1;1
202000047185;154 659 339;10;0;2;1;5;1
202000047186;154 659 351;7;0;2;2;1;1
202000047186;154 659 361;7;0;2;8;9;1
202000047187;154 659 349;7;1;1;1;1;1
202000047188;154 659 350;50;0;2;1;1;3
202000047188;154 659 357;7;0;2;8;22;1
202000047189;154 659 355;7;0;2;1;1;1
202000047189;154 659 360;7;0;0;4;23;1
202000047190;154 659 336;7;0;2;6;26;1
202000047190;154 659 337;33;0;2;1;26;1
202000047191;154 659 329;7;0;2;1;1;1
202000047191;154 659 330;7;0;2;7;15;1
202000047192;154 659 327;7;0;1;2;1;1
202000047193;154 659 325;7;0;2;1;1;1
202000047193;154 659 326;1;0;2;4;1;5
202000047194;154 659 319;37;0;2;5;17;2
202000047194;154 659 332;50;0;2;0;2;3
202000047195;154 659 318;7;0;9;1;14;1
202000047195;154 659 335;7;0;9;2;1;1
202000047196;154 659 317;7;4;2;1;1;1
202000047196;154 659 324;14;0;2;3;1;1
202000047197;154 659 312;32;0;2;8;15;1
202000047197;154 659 315;7;0;2;2;1;1
202000047198;154 659 311;7;0;2;4;2;1
202000047198;154 659 316;14;0;2;1;2;1
202000047199;154 659 323;31;0;2;3;1;0
202000047199;154 659 331;7;9;0;2;19;0
202000047200;154 659 322;33;0;2;1;1;1
202000047200;154 659 328;50;0;2;8;1;3
202000047201;154 659 320;10;0;2;1;1;1
202000047201;154 659 333;10;0;2;1;1;1
202000047201;154 659 334;7;0;2;2;13;1
202000047202;154 659 305;7;0;2;1;1;1
202000047202;154 659 309;1;0;2;7;1;5
202000047203;154 659 306;7;2;0;2;1;1
202000047204;154 659 297;1;0;1;1;1;5
202000047205;154 659 298;33;0;2;1;1;1
202000047205;154 659 300;7;0;2;5;12;1
202000047206;154 659 304;7;0;1;1;1;3
202000047207;154 659 303;2;0;2;1;1;1
202000047207;154 659 307;7;0;2;7;15;1
202000047208;154 659 302;7;0;1;6;26;1
202000047209;154 659 292;33;0;2;4;23;1
202000047209;154 659 293;34;0;2;7;23;1
202000047209;154 659 294;7;0;2;9;23;1
202000047209;154 659 295;7;0;2;1;1;1
202000047210;154 659 301;7;0;2;1;13;1
202000047210;154 659 308;7;0;2;1;1;1
202000047211;154 659 296;7;0;0;3;13;1
202000047211;154 659 299;7;0;0;3;1;1
202000047212;154 659 289;7;0;2;3;10;1
202000047212;154 659 291;32;0;2;2;2;1
202000047213;154 659 287;7;0;2;7;1;1
202000047213;154 659 288;7;0;2;4;2;1
202000047213;154 659 290;7;5;2;2;2;1
202000047214;154 659 286;7;2;0;1;26;1
202000047215;154 659 284;30;8;0;2;14;1
202000047216;154 659 280;30;0;9;0;0;1
202000047217;154 659 279;33;13;0;1;13;1
202000047218;154 659 278;30;0;0;7;26;1
202000047219;154 659 276;1;0;2;1;15;5
202000047219;154 659 277;7;0;2;3;1;1
202000047220;154 659 275;10;0;1;1;20;1
202000047221;154 659 281;30;0;1;1;21;1
202000047222;154 659 283;36;14;0;2;1;1
202000047223;154 659 282;30;0;0;7;21;1
202000047224;154 659 272;7;0;1;0;1;1
202000047225;154 659 273;37;0;2;5;2;1
202000047225;154 659 274;50;0;2;1;9;3
202000047226;154 659 265;7;0;2;3;15;1
202000047226;154 659 267;2;0;2;1;17;1
202000047227;154 659 264;7;0;2;1;0;1
202000047227;154 659 266;7;0;2;4;0;1
202000047228;154 659 262;7;0;1;3;1;1
202000047229;154 659 261;1;1;0;2;1;5
202000047229;154 659 263;7;0;9;3;22;0
202000047230;154 659 253;7;0;2;1;1;1
202000047230;154 659 270;7;0;2;4;1;1
202000047230;154 659 271;7;0;2;4;1;1
202000047231;154 659 254;7;1;0;4;2;1
202000047231;154 659 259;7;0;2;1;2;1
202000047232;154 659 255;30;0;2;1;18;1
202000047232;154 659 260;7;0;2;2;16;1
202000047233;154 659 247;15;0;2;1;19;1
202000047233;154 659 248;7;4;2;8;1;1
202000047234;154 659 256;33;0;1;0;1;1
202000047235;154 659 246;32;0;1;1;1;1
202000047236;154 659 245;33;0;2;1;1;1
202000047236;154 659 252;10;0;2;2;15;0
202000047237;154 659 242;10;0;2;8;10;1
202000047237;154 659 249;33;0;2;8;21;1
202000047238;154 659 243;7;0;2;4;2;1
202000047238;154 659 250;10;0;2;1;2;1
202000047238;154 659 257;7;0;2;1;2;1
202000047238;154 659 258;7;0;2;1;2;1
202000047239;154 659 244;32;12;0;2;26;1
202000047240;154 659 238;7;0;9;2;1;1
202000047240;154 659 239;30;0;2;1;13;1
202000047241;154 659 233;7;0;2;4;2;1
202000047241;154 659 235;7;0;2;1;2;1
202000047242;154 659 232;7;0;2;1;1;1
202000047242;154 659 234;7;0;2;8;19;1
202000047243;154 659 228;1;0;2;1;19;5
202000047243;154 659 230;7;0;2;2;1;1
202000047244;154 659 227;7;0;2;4;2;1
202000047244;154 659 229;2;0;2;1;2;1
202000047245;154 659 226;7;8;0;1;13;1
202000047246;154 659 240;7;0;2;1;15;1
202000047246;154 659 251;1;0;2;8;17;5
202000047247;154 659 225;7;0;2;1;9;1
202000047247;154 659 231;7;0;2;3;9;1
202000047248;154 659 237;32;0;2;1;9;0
202000047248;154 659 241;1;0;2;1;9;0
202000047249;154 659 223;33;0;2;2;12;1
202000047249;154 659 224;7;0;2;6;0;1
202000047250;154 659 221;7;3;0;1;21;1
202000047251;154 659 213;7;6;0;1;1;1
202000047252;154 659 212;7;13;0;9;1;1
202000047253;154 659 210;7;0;1;3;1;1
202000047254;154 659 222;33;0;0;8;1;1
202000047255;154 659 214;7;0;2;3;15;1
202000047255;154 659 217;32;0;2;2;1;1
202000047256;154 659 216;33;0;2;1;21;1
202000047256;154 659 218;7;0;2;4;21;6
202000047256;154 659 219;10;0;2;2;9;1
202000047257;154 659 215;99;0;1;2;9;1
202000047258;154 659 220;7;0;;8;15;1
202000047258;154 659 236;40;0;2;1;1;3
202000047259;154 659 209;7;0;2;7;2;1
202000047259;154 659 211;1;0;2;8;2;5
202000047260;154 659 208;99;0;1;1;1;1
202000047261;154 659 200;7;0;2;3;1;1
202000047261;154 659 206;33;0;2;1;15;1
202000047262;154 659 199;31;0;2;7;26;1
202000047262;154 659 202;7;0;2;3;19;1
202000047263;154 659 195;7;0;2;5;15;1
202000047263;154 659 198;33;0;2;1;18;1
202000047264;154 659 196;7;0;2;1;1;1
202000047264;154 659 197;7;0;2;1;15;1
202000047265;154 659 203;33;1;0;1;1;1
202000047266;154 659 192;7;0;2;7;19;1
202000047266;154 659 194;33;0;2;1;26;1
202000047267;154 659 190;7;4;0;2;1;1
202000047268;154 659 189;37;0;2;3;24;1
202000047268;154 659 191;33;0;1;2;1;1
202000047269;154 659 185;33;0;2;1;3;1
202000047269;154 659 188;7;0;0;6;11;1
202000047270;154 659 186;7;0;2;1;1;0
202000047270;154 659 187;2;0;2;4;1;1
202000047271;154 659 184;31;0;0;0;17;1
202000047272;154 659 204;32;0;2;7;16;1
202000047272;154 659 207;10;0;2;8;1;1
202000047273;154 659 193;7;15;0;3;1;0
202000047274;154 659 201;7;0;1;3;15;1
202000047275;154 659 205;50;12;0;0;26;3
202000047276;154 659 182;7;3;2;1;13;1
202000047276;154 659 183;7;0;2;1;21;1
202000047277;154 659 177;7;0;2;1;1;1
202000047277;154 659 178;7;0;2;7;15;1
202000047278;154 659 170;7;0;2;5;0;1
202000047278;154 659 171;7;0;2;2;1;1
202000047279;154 659 166;7;5;0;9;13;1
202000047280;154 659 169;30;0;2;1;1;1
202000047280;154 659 179;7;0;2;6;15;1
202000047281;154 659 162;33;0;2;2;16;1
202000047281;154 659 164;7;0;2;6;1;1
202000047282;154 659 168;10;0;2;1;2;1
202000047282;154 659 175;7;0;2;4;15;1
202000047282;154 659 176;7;0;2;1;1;1
202000047283;154 659 163;7;0;2;8;1;1
202000047283;154 659 165;7;0;2;1;1;1
202000047284;154 659 167;7;0;2;3;1;1
202000047284;154 659 172;7;0;2;2;21;1
202000047284;154 659 173;7;0;2;2;1;1
202000047284;154 659 174;15;0;2;2;12;1
202000047285;154 659 161;7;2;0;1;0;1
202000047286;154 659 160;7;0;0;9;1;1
202000047287;154 659 158;31;0;2;1;3;1
202000047287;154 659 159;7;0;2;7;12;1
202000047288;154 659 157;7;2;0;9;1;1
202000047289;154 659 156;7;0;1;0;13;0
202000047290;154 659 151;30;0;0;7;1;1
202000047291;154 659 146;2;6;0;1;1;1
202000047292;154 659 144;33;0;0;8;23;1
202000047293;154 659 153;7;3;0;8;1;1
202000047294;154 659 141;7;0;2;3;15;1
202000047294;154 659 142;7;0;2;1;1;1
202000047295;154 659 140;7;2;0;7;1;1
202000047296;154 659 145;7;9;0;1;13;1
202000047297;154 659 147;7;0;2;8;9;1
202000047297;154 659 155;33;0;2;8;9;1
202000047298;154 659 148;7;0;2;7;15;1
202000047298;154 659 149;7;0;2;1;1;1
202000047298;154 659 150;7;0;2;1;1;1
202000047299;154 659 154;80;0;9;1;21;3
202000047300;154 659 143;7;6;0;2;1;0
202000047301;154 659 132;7;0;2;1;1;1
202000047301;154 659 137;7;0;2;4;1;1
202000047302;154 659 129;7;0;2;1;1;1
202000047302;154 659 135;30;0;2;7;11;1
202000047303;154 659 127;38;0;2;1;1;1
202000047303;154 659 133;7;0;2;7;13;1
202000047304;154 659 130;33;0;2;1;13;1
202000047304;154 659 136;33;0;2;1;13;1
202000047305;154 659 128;2;0;2;1;21;1
202000047305;154 659 134;7;0;2;1;15;1
202000047306;154 659 123;7;0;2;2;16;1
202000047306;154 659 124;1;0;2;1;1;5
202000047307;154 659 121;33;10;0;7;14;1
202000047308;154 659 119;7;0;2;2;14;1
202000047308;154 659 122;33;0;2;2;14;1
202000047309;154 659 118;32;0;2;1;1;1
202000047309;154 659 120;7;0;2;5;15;1
202000047310;154 659 117;43;10;0;2;1;1
202000047311;154 659 114;33;0;2;2;17;1
202000047311;154 659 116;7;0;2;3;1;1
202000047312;154 659 115;31;0;1;1;1;1
202000047313;154 659 125;7;0;2;4;19;1
202000047313;154 659 126;7;0;2;1;1;1
202000047314;154 659 113;33;13;0;1;1;1
202000047315;154 659 110;7;0;2;2;2;6
202000047315;154 659 111;60;0;2;0;19;5
202000047316;154 659 109;7;0;2;7;19;1
202000047316;154 659 112;7;0;2;1;1;1
202000047317;154 659 108;7;16;0;9;21;1
202000047318;154 659 100;7;0;2;3;1;1
202000047318;154 659 106;7;0;2;3;17;1
202000047319;154 659 104;7;13;0;9;14;1
202000047320;154 659 105;31;0;2;0;1;1
202000047321;154 659 103;34;0;2;8;1;1
202000047321;154 659 107;7;0;2;7;12;1
202000047322;154 659 102;7;2;0;9;1;1
202000047323;154 659 099;7;3;0;2;1;1
202000047324;154 659 095;7;0;2;4;23;1
202000047324;154 659 096;30;0;2;1;2;1
202000047325;154 659 090;7;2;0;7;1;1
202000047326;154 659 089;7;0;1;0;1;0
202000047327;154 659 093;7;0;1;2;1;3
202000047328;154 659 094;7;0;2;3;16;1
202000047328;154 659 101;30;0;2;2;1;1
202000047329;154 659 084;7;3;0;1;0;1
202000047329;154 659 086;7;0;2;1;2;1
202000047329;154 659 087;10;3;0;2;21;1
202000047329;154 659 088;7;0;2;1;2;1
202000047330;154 659 080;7;0;2;7;16;1
202000047330;154 659 081;1;0;2;1;1;5
202000047331;154 659 076;7;0;2;4;1;1
202000047331;154 659 077;7;0;0;4;23;1
202000047331;154 659 079;7;0;2;1;1;1
202000047332;154 659 074;7;0;2;3;0;1
202000047332;154 659 075;7;0;2;3;0;1
202000047333;154 659 072;10;0;2;4;1;1
202000047333;154 659 073;10;0;2;1;12;1
202000047334;154 659 071;7;0;0;0;1;1
202000047335;154 659 070;1;0;5;7;1;5
202000047336;154 659 082;37;0;0;5;1;1
202000047336;154 659 083;60;0;2;1;26;5
202000047337;154 659 069;7;0;1;2;2;1
202000047338;154 659 091;33;0;2;9;17;1
202000047338;154 659 097;7;0;2;8;1;1
202000047339;154 659 092;7;0;2;8;19;1
202000047339;154 659 098;33;0;2;1;21;1
202000047340;154 659 068;10;0;1;0;4;6
202000047341;154 659 062;7;0;2;3;9;1
202000047341;154 659 063;30;0;2;1;1;3
202000047342;154 659 061;7;0;9;7;1;0
202000047342;154 659 064;1;0;2;1;26;5
202000047343;154 659 060;1;0;0;0;21;5
202000047344;154 659 057;14;0;2;3;22;6
202000047344;154 659 058;33;0;2;2;1;1
202000047345;154 659 056;1;0;2;4;1;5
202000047345;154 659 065;7;0;2;2;1;1
202000047346;154 659 051;7;0;2;8;13;1
202000047346;154 659 066;7;0;2;8;1;1
202000047346;154 659 067;7;0;2;1;1;1
202000047347;154 659 047;7;0;2;1;1;1
202000047347;154 659 048;7;0;2;1;5;1
202000047348;154 659 053;33;8;0;2;14;6
202000047349;154 659 052;2;0;2;7;17;0
202000047349;154 659 059;7;0;2;1;13;0
202000047350;154 659 054;7;0;2;8;15;1
202000047350;154 659 085;1;0;2;3;1;5
202000047351;154 659 055;10;0;1;1;15;1
202000047352;154 659 045;7;0;2;1;1;0
202000047352;154 659 046;33;0;2;4;1;0
202000047353;154 659 043;7;0;2;1;1;1
202000047353;154 659 044;7;0;2;1;15;1
202000047354;154 659 036;7;0;2;1;1;1
202000047354;154 659 037;7;0;2;7;1;1
202000047355;154 659 035;10;16;0;9;0;1
202000047356;154 659 034;7;4;0;3;13;1
202000047357;154 659 032;7;0;0;1;1;1
202000047358;154 659 031;31;0;2;3;3;1
202000047358;154 659 033;7;0;2;5;1;1
202000047359;154 659 029;7;2;0;1;13;1
202000047360;154 659 038;7;0;2;6;19;1
202000047360;154 659 042;31;0;2;1;1;1
202000047361;154 659 039;7;0;2;5;15;1
202000047361;154 659 040;34;0;2;1;0;1
202000047362;154 659 030;33;0;6;2;1;1
202000047363;154 659 022;30;12;0;1;16;1
202000047364;154 659 023;7;0;0;0;9;0
202000047364;154 659 024;14;0;2;1;2;1
202000047364;154 659 026;10;0;2;4;2;1
202000047364;154 659 027;10;0;2;1;2;1
202000047364;154 659 028;7;0;2;4;13;1
202000047365;154 659 020;7;0;2;1;17;1
202000047365;154 659 025;34;0;2;1;1;1
202000047366;154 659 019;7;6;0;4;4;1
202000047367;154 659 016;43;0;2;2;1;1
202000047367;154 659 021;50;0;2;6;19;3
202000047368;154 659 014;7;0;2;1;1;1
202000047368;154 659 015;7;0;0;3;19;1
202000047369;154 659 012;7;0;2;2;16;1
202000047369;154 659 013;50;0;2;1;1;3
202000047370;154 659 011;7;7;0;1;1;0
202000047371;154 659 009;33;0;2;7;16;1
202000047371;154 659 010;1;0;2;7;5;5
202000047372;154 659 008;2;2;0;1;2;1
202000047373;154 659 017;33;0;2;1;19;1
202000047373;154 659 041;7;0;2;7;19;1
202000047374;154 659 018;1;0;0;0;1;0
202000047375;154 659 001;7;0;2;3;1;1
202000047375;154 659 007;7;3;2;2;0;1
202000047376;154 659 002;7;0;2;1;1;1
202000047377;154 659 004;50;0;1;7;1;3
202000047378;154 659 000;7;0;2;1;1;1
202000047378;154 659 005;33;0;2;0;1;1
202000047379;154 658 998;7;0;2;0;23;2
202000047379;154 658 999;33;0;2;5;7;1
202000047380;154 658 994;1;0;2;1;1;5
202000047380;154 658 996;7;0;2;2;16;1
202000047381;154 659 003;7;0;2;3;15;1
202000047381;154 659 006;33;0;2;8;1;1
202000047382;154 658 995;7;0;0;4;2;1
202000047382;154 658 997;10;0;2;1;2;1
202000047383;154 658 993;1;0;1;8;1;5
202000047384;154 658 990;7;2;0;1;0;1
202000047385;154 658 989;50;0;0;0;16;3
202000047386;154 658 987;7;0;1;3;1;1
202000047387;154 658 986;1;0;2;0;1;5
202000047387;154 658 988;10;0;2;0;16;1
202000047388;154 658 985;43;0;0;0;1;1
202000047389;154 658 982;30;0;2;0;1;1
202000047389;154 658 983;10;0;2;0;9;1
202000047390;154 658 981;80;0;0;8;0;3
202000047390;154 658 992;7;0;2;1;0;1
202000047391;154 658 979;33;0;0;1;1;1
202000047391;154 658 980;7;0;0;2;17;1
202000047392;154 658 978;33;0;0;8;1;1
202000047393;154 658 977;1;0;0;6;9;5
202000047393;154 658 991;37;0;2;2;2;1
202000047394;154 658 975;32;0;2;2;1;1
202000047394;154 658 976;7;0;2;3;1;1
202000047395;154 658 973;7;0;2;8;9;4
202000047395;154 658 974;7;0;2;2;1;3
202000047396;154 658 972;7;0;1;3;1;0
202000047397;154 658 968;1;0;2;1;14;5
202000047397;154 658 969;7;0;2;1;17;2
202000047398;154 658 970;1;0;2;1;1;5
202000047398;154 658 971;7;0;2;3;26;0
202000047399;154 658 966;7;0;2;1;1;1
202000047399;154 658 967;1;0;2;8;9;5
202000047400;154 658 964;17;0;2;1;1;1
202000047400;154 658 965;32;0;2;6;15;1
202000047401;154 658 962;7;0;2;3;22;1
202000047401;154 658 963;1;0;2;1;1;5
202000047402;154 658 961;7;9;0;1;26;0
202000047403;154 658 958;10;0;2;8;1;1
202000047403;154 658 959;7;0;2;1;1;1
202000047404;154 658 960;50;0;0;0;7;3
202000047405;154 658 957;32;0;1;0;19;1
202000047406;154 658 950;10;0;2;3;20;1
202000047406;154 658 955;7;0;2;2;1;1
202000047407;154 658 949;7;0;0;6;1;1
202000047407;154 658 954;7;0;2;1;1;1
202000047408;154 658 951;7;0;2;3;1;1
202000047408;154 658 956;7;0;2;1;15;1
202000047409;154 658 948;7;0;2;3;15;1
202000047409;154 658 952;33;0;2;5;1;1
202000047410;154 658 946;17;0;2;1;1;1
202000047410;154 658 953;1;0;2;8;19;5
202000047411;154 658 944;7;0;1;2;9;1
202000047412;154 658 945;1;0;0;0;21;5
202000047413;154 658 942;7;3;0;4;1;1
202000047413;154 658 943;7;0;2;1;2;1
202000047414;154 658 937;7;0;2;3;20;1
202000047414;154 658 947;32;0;2;1;1;1
202000047415;154 658 938;7;12;0;6;26;1
202000047415;154 658 940;7;1;0;2;1;1
202000047416;154 658 936;7;13;0;8;0;1
202000047417;154 658 939;13;4;0;8;1;0
202000047418;154 658 934;7;0;2;1;1;1
202000047418;154 658 941;7;0;0;6;1;1
202000047419;154 658 933;10;0;9;2;16;0
202000047419;154 658 935;50;0;2;2;0;3
202000047420;154 658 925;37;0;1;5;26;1
202000047421;154 658 927;30;8;2;8;25;1
202000047421;154 658 928;7;0;2;1;1;1
202000047422;154 658 929;7;0;2;2;15;1
202000047422;154 658 932;1;0;2;1;1;5
202000047423;154 658 930;10;0;1;2;1;1
202000047424;154 658 924;7;0;1;1;13;1
202000047425;154 658 920;7;0;9;1;15;1
202000047425;154 658 923;1;0;2;1;1;5
202000047426;154 658 919;7;0;0;3;5;1
202000047426;154 658 922;7;0;0;3;1;1
202000047427;154 658 916;7;0;2;1;13;1
202000047427;154 658 917;99;0;2;1;9;1
202000047428;154 658 914;7;2;0;1;1;1
202000047429;154 658 913;7;0;2;2;1;1
202000047429;154 658 915;7;6;2;7;17;1
202000047430;154 658 912;33;4;0;7;1;1
202000047431;154 658 918;2;0;2;1;1;1
202000047431;154 658 921;7;0;2;1;15;1
202000047432;154 658 926;7;0;2;8;15;1
202000047432;154 658 931;7;0;2;1;1;1
202000047433;154 658 911;7;0;1;0;1;0
202000047434;154 658 910;7;0;1;1;20;1
202000047435;154 658 908;7;13;0;0;0;1
202000047436;154 658 901;7;0;2;3;17;1
202000047436;154 658 909;2;0;2;2;17;1
202000047437;154 658 902;33;7;0;1;1;1
202000047438;154 658 903;7;0;2;8;17;1
202000047438;154 658 907;34;0;2;1;1;1
202000047439;154 658 900;7;0;2;3;13;0
202000047439;154 658 906;38;0;2;3;1;0
202000047440;154 658 895;7;0;0;6;24;1
202000047440;154 658 897;7;1;0;2;1;1
202000047441;154 658 904;7;0;2;1;1;1
202000047441;154 658 905;1;0;2;7;15;5
202000047442;154 658 893;13;0;2;1;1;1
202000047442;154 658 894;7;0;2;1;13;1
202000047443;154 658 891;7;0;2;1;1;1
202000047443;154 658 892;7;0;2;7;1;1
202000047444;154 658 890;33;0;0;0;14;1
202000047445;154 658 886;31;0;2;1;2;1
202000047445;154 658 887;7;0;2;4;2;1
202000047446;154 658 883;7;0;2;1;13;1
202000047446;154 658 885;7;0;2;1;1;1
202000047447;154 658 882;30;0;2;8;17;1
202000047447;154 658 884;7;0;0;0;0;0