Num_Acc;id_vehicule;categorie_vehicule;obstacle_fixe;obstacle_mobile;point_choc_initial;manoeuvre_principale;motorisation
202000047448;154 658 899;33;0;0;9;15;0
202000047449;154 658 888;7;1;0;2;2;1
202000047449;154 658 889;7;3;0;6;23;1
202000047450;154 658 896;10;0;9;5;1;1
202000047450;154 658 898;50;0;2;1;26;3
202000047451;154 658 879;33;0;2;7;2;1
202000047451;154 658 881;33;0;2;8;15;1
202000047452;154 658 878;17;15;9;7;1;1
202000047452;154 658 880;7;0;2;1;15;1
202000047453;154 658 872;1;1;0;1;1;5
202000047453;154 658 873;7;0;0;3;24;1
202000047454;154 658 874;10;0;0;0;0;1
202000047454;154 658 876;33;0;2;4;23;1
202000047455;154 658 875;7;0;0;4;23;1
202000047455;154 658 877;7;0;2;1;2;1
202000047456;154 658 869;7;0;2;1;2;0
202000047456;154 658 871;21;0;0;4;0;1
202000047457;154 658 867;7;0;2;7;20;1
202000047457;154 658 868;7;0;2;8;1;1
202000047458;154 658 865;7;4;0;1;14;1
202000047459;154 658 864;7;0;2;2;26;1
202000047459;154 658 866;2;0;2;3;1;1
202000047460;154 658 862;7;2;0;1;1;1
202000047461;154 658 861;7;0;2;1;19;1
202000047461;154 658 863;10;0;2;1;1;1
202000047462;154 658 857;7;0;2;3;2;1
202000047462;154 658 859;50;0;2;1;5;3
202000047463;154 658 858;7;0;2;5;14;1
202000047463;154 658 860;7;0;2;3;13;1
202000047464;154 658 870;7;2;0;1;0;1
202000047465;154 658 856;7;9;1;2;23;1
202000047466;154 658 851;7;0;1;3;19;1
202000047467;154 658 852;32;0;2;1;2;1
202000047467;154 658 855;7;0;2;5;2;2
202000047468;154 658 853;7;0;0;7;1;1
202000047468;154 658 854;10;0;2;2;1;1
202000047469;154 658 850;7;1;0;2;14;0
202000047470;154 658 849;7;10;0;3;1;1
202000047471;154 658 844;7;0;1;1;1;1
202000047472;154 658 846;33;0;2;1;2;1
202000047472;154 658 847;10;0;2;6;2;1
202000047472;154 658 848;10;0;2;2;2;1
202000047473;154 658 843;0;0;2;1;26;0
202000047473;154 658 845;32;0;2;1;26;0
202000047474;154 658 841;10;0;2;1;1;1
202000047474;154 658 842;7;0;2;1;1;1
202000047475;154 658 839;1;0;2;1;17;5
202000047475;154 658 840;7;0;2;6;10;1
202000047476;154 658 835;7;0;2;1;1;0
202000047476;154 658 837;7;0;2;4;23;0
202000047477;154 658 836;7;0;2;1;15;1
202000047477;154 658 838;31;0;2;1;1;1
202000047478;154 658 833;1;0;1;4;25;5
202000047479;154 658 828;7;0;2;6;15;1
202000047479;154 658 831;33;0;2;1;1;1
202000047480;154 658 829;7;0;1;3;1;1
202000047481;154 658 830;7;0;2;1;1;0
202000047481;154 658 832;7;0;2;4;23;0
202000047481;154 658 834;7;0;0;4;23;0
202000047482;154 658 827;50;0;0;0;25;3
202000047483;154 658 823;7;0;2;2;10;1
202000047483;154 658 826;2;0;2;1;1;1
202000047484;154 658 821;7;0;2;3;1;1
202000047484;154 658 822;32;0;2;3;13;1
202000047485;154 658 820;7;14;1;5;26;0
202000047486;154 658 818;2;0;0;8;0;1
202000047487;154 658 817;30;12;0;1;26;1
202000047488;154 658 815;7;2;0;3;0;1
202000047489;154 658 824;1;0;2;7;15;0
202000047489;154 658 825;1;0;2;1;1;0
202000047490;154 658 814;7;0;2;3;15;1
202000047490;154 658 816;7;1;2;3;1;1
202000047491;154 658 811;7;0;1;0;26;0
202000047492;154 658 810;7;0;2;4;1;1
202000047492;154 658 813;7;6;2;1;14;1
202000047493;154 658 808;7;0;2;6;1;1
202000047493;154 658 809;31;0;2;6;2;1
202000047494;154 658 806;7;0;2;4;11;1
202000047494;154 658 812;7;0;2;1;1;1
202000047495;154 658 802;7;0;2;1;2;1
202000047495;154 658 805;7;0;2;4;2;1
202000047495;154 658 807;7;0;0;4;1;1
202000047496;154 658 799;7;0;2;6;15;1
202000047496;154 658 800;33;0;2;1;1;1
202000047497;154 658 798;7;6;0;1;26;1
202000047498;154 658 803;33;0;2;0;0;1
202000047498;154 658 804;0;0;2;0;0;0
202000047499;154 658 801;13;0;0;0;2;1
202000047500;154 658 796;7;4;0;2;1;1
202000047501;154 658 795;30;0;9;1;16;1
202000047501;154 658 797;1;0;2;7;1;5
202000047502;154 658 792;7;0;2;1;2;1
202000047502;154 658 793;7;0;2;4;2;1
202000047502;154 658 794;7;0;2;4;2;1
202000047503;154 658 786;10;0;2;1;1;1
202000047503;154 658 788;14;0;2;4;1;1
202000047504;154 658 787;37;0;2;2;26;3
202000047504;154 658 790;7;15;0;4;23;1
202000047505;154 658 789;32;0;2;1;1;0
202000047505;154 658 791;99;0;2;5;15;0
202000047506;154 658 785;36;15;0;1;1;1
202000047507;154 658 779;10;0;2;1;2;1
202000047507;154 658 783;7;0;2;4;2;1
202000047507;154 658 784;7;0;2;4;1;1
202000047508;154 658 778;7;13;0;2;1;1
202000047509;154 658 777;33;1;2;5;2;1
202000047509;154 658 781;30;1;2;3;2;1
202000047510;154 658 780;7;0;2;1;21;1
202000047510;154 658 782;7;0;2;3;15;1
202000047511;154 658 772;1;14;0;0;0;5
202000047512;154 658 770;7;0;2;4;2;1
202000047512;154 658 773;7;0;2;4;2;1
202000047512;154 658 776;7;0;2;1;1;1
202000047513;154 658 771;15;0;9;2;17;1
202000047513;154 658 775;1;0;2;8;15;5
202000047514;154 658 767;7;0;2;1;26;1
202000047514;154 658 768;7;0;2;4;1;1
202000047515;154 658 766;7;1;2;3;23;1
202000047515;154 658 769;43;0;2;1;2;1
202000047516;154 658 765;7;0;0;0;15;0
202000047516;154 658 774;34;0;2;5;13;0
202000047517;154 658 762;7;0;1;1;1;1
202000047518;154 658 760;2;0;2;1;1;0
202000047518;154 658 761;2;0;0;0;0;0
202000047519;154 658 758;7;0;1;4;0;1
202000047520;154 658 763;7;0;2;2;1;1
202000047520;154 658 764;7;0;2;1;1;1
202000047521;154 658 757;7;0;2;3;0;1
202000047521;154 658 759;7;3;2;3;1;1
202000047522;154 658 752;7;0;1;2;1;1
202000047523;154 658 753;30;0;2;1;1;1
202000047523;154 658 754;7;0;2;8;15;1
202000047524;154 658 749;7;3;0;1;13;1
202000047525;154 658 748;10;0;2;2;11;1
202000047525;154 658 750;7;0;2;2;13;1
202000047526;154 658 746;7;0;2;1;13;1
202000047526;154 658 747;7;0;2;1;0;1
202000047527;154 658 741;7;0;1;1;15;1
202000047528;154 658 742;33;0;9;1;1;1
202000047528;154 658 744;21;0;0;0;1;1
202000047529;154 658 751;7;0;2;1;2;1
202000047529;154 658 755;7;0;2;1;1;1
202000047529;154 658 756;7;0;2;4;1;1
202000047530;154 658 740;7;0;2;1;0;0
202000047530;154 658 743;7;0;2;1;0;0
202000047530;154 658 745;7;0;2;1;0;0
202000047531;154 658 737;7;0;2;3;15;1
202000047531;154 658 738;1;0;2;3;1;5
202000047532;154 658 735;7;0;2;2;17;1
202000047532;154 658 736;1;0;2;3;15;5
202000047533;154 658 730;7;0;0;1;1;1
202000047533;154 658 734;7;0;0;2;1;1
202000047534;154 658 727;7;0;2;1;1;1
202000047534;154 658 728;7;0;2;1;15;1
202000047534;154 658 729;7;0;2;1;23;1
202000047535;154 658 732;7;2;0;9;1;1
202000047536;154 658 733;7;0;2;1;15;1
202000047536;154 658 739;2;0;2;7;1;1
202000047537;154 658 724;7;0;2;1;13;1
202000047537;154 658 725;10;0;2;1;1;1
202000047537;154 658 726;10;16;0;1;21;1
202000047538;154 658 723;7;0;1;2;1;1
202000047539;154 658 719;7;0;2;1;11;1
202000047539;154 658 721;3;0;0;4;1;1
202000047540;154 658 718;7;0;2;1;15;1
202000047540;154 658 720;33;0;2;1;1;1
202000047541;154 658 716;7;0;1;3;1;1
202000047542;154 658 715;21;0;2;5;1;0
202000047542;154 658 717;1;0;2;1;16;0
202000047543;154 658 713;17;0;0;5;1;1
202000047543;154 658 714;7;3;2;3;0;1
202000047544;154 658 710;14;0;2;3;1;1
202000047544;154 658 711;7;0;2;2;13;1
202000047545;154 658 708;33;15;0;1;1;1
202000047546;154 658 706;7;0;2;1;1;1
202000047546;154 658 707;7;8;0;7;15;1
202000047547;154 658 704;1;0;2;1;5;5
202000047547;154 658 705;7;0;2;8;15;1
202000047548;154 658 722;2;0;0;0;26;3
202000047549;154 658 709;7;7;2;3;1;1
202000047549;154 658 712;7;7;2;2;1;1
202000047550;154 658 731;7;13;0;0;15;1
202000047551;154 658 702;2;0;2;3;15;1
202000047551;154 658 703;7;0;2;2;17;1
202000047552;154 658 700;33;0;2;1;1;1
202000047552;154 658 701;7;0;2;7;1;1
202000047553;154 658 698;33;0;2;1;1;1
202000047553;154 658 699;7;0;2;7;15;3
202000047554;154 658 695;33;0;0;7;0;1
202000047555;154 658 696;7;2;0;7;19;1
202000047556;154 658 697;7;0;1;3;13;1
202000047557;154 658 690;7;0;2;3;19;1
202000047557;154 658 693;7;0;2;2;26;1
202000047558;154 658 687;7;0;2;6;1;1
202000047558;154 658 689;7;0;2;3;1;1
202000047558;154 658 692;7;0;2;1;1;1
202000047558;154 658 694;33;0;2;3;13;1
202000047559;154 658 685;33;0;2;7;2;1
202000047559;154 658 686;7;0;2;3;2;1
202000047560;154 658 684;3;8;0;2;0;1
202000047561;154 658 683;33;0;0;9;1;1
202000047562;154 658 680;7;14;0;6;23;1
202000047562;154 658 682;33;0;2;3;2;1
202000047563;154 658 679;7;0;2;3;23;1
202000047563;154 658 681;2;0;2;1;13;1
202000047564;154 658 678;33;0;0;2;1;1
202000047565;154 658 674;7;0;2;3;1;1
202000047565;154 658 676;33;0;2;3;1;1
202000047566;154 658 675;10;0;2;1;1;1
202000047566;154 658 677;7;0;2;8;15;1
202000047567;154 658 688;33;0;2;1;1;0
202000047567;154 658 691;7;0;2;8;19;1
202000047568;154 658 672;7;0;0;8;10;1
202000047568;154 658 673;33;0;2;1;5;1
202000047569;154 658 670;7;11;9;3;1;1
202000047569;154 658 671;1;0;2;8;15;6
202000047570;154 658 667;10;0;2;1;13;1
202000047570;154 658 668;7;0;2;1;1;1
202000047571;154 658 665;7;0;2;1;0;1
202000047571;154 658 666;7;0;2;1;0;1
202000047572;154 658 663;7;0;2;1;1;1
202000047572;154 658 664;7;0;2;1;13;1
202000047573;154 658 659;30;0;1;2;1;3
202000047574;154 658 660;31;0;5;8;1;1
202000047575;154 658 661;7;0;1;2;1;0
202000047576;154 658 658;7;0;0;3;1;1
202000047576;154 658 662;7;0;2;3;13;1
202000047577;154 658 657;7;13;0;0;0;1
202000047578;154 658 655;2;2;0;1;1;1
202000047579;154 658 654;7;0;2;2;15;1
202000047579;154 658 656;2;0;2;1;1;1
202000047580;154 658 653;33;13;0;1;1;0
202000047581;154 658 652;7;0;1;2;1;1
202000047582;154 658 651;13;0;1;2;1;1
202000047583;154 658 648;33;13;0;1;2;1
202000047584;154 658 646;10;0;2;5;19;1
202000047584;154 658 647;33;0;2;1;1;1
202000047585;154 658 644;80;0;0;0;1;3
202000047586;154 658 643;7;0;2;6;15;1
202000047586;154 658 645;32;0;2;0;1;6
202000047587;154 658 639;7;0;1;2;1;1
202000047588;154 658 641;7;0;0;1;1;0
202000047588;154 658 642;7;8;0;7;1;0
202000047589;154 658 649;2;6;2;5;19;1
202000047589;154 658 650;10;0;2;2;1;1
202000047590;154 658 636;7;0;9;2;21;0
202000047590;154 658 640;1;0;2;1;19;6
202000047591;154 658 635;7;0;2;1;1;1
202000047591;154 658 638;7;0;2;3;1;1
202000047592;154 658 634;7;0;2;3;1;1
202000047592;154 658 637;7;0;2;1;1;1
202000047593;154 658 632;7;7;0;2;1;1
202000047594;154 658 629;31;0;2;7;1;1
202000047594;154 658 631;7;0;2;3;1;1
202000047595;154 658 627;7;0;2;1;1;1
202000047595;154 658 633;7;0;0;4;1;1
202000047596;154 658 630;7;0;1;1;15;1
202000047597;154 658 624;20;8;0;1;14;0
202000047598;154 658 626;33;0;2;1;1;1
202000047598;154 658 628;7;0;0;4;1;1
202000047599;154 658 623;32;0;2;4;1;1
202000047599;154 658 625;7;0;0;0;0;0
202000047600;154 658 622;7;13;0;5;2;1
202000047601;154 658 619;50;0;2;7;19;3
202000047601;154 658 621;7;0;2;1;26;1
202000047602;154 658 616;33;0;2;2;5;1
202000047602;154 658 618;1;0;2;1;1;5
202000047603;154 658 615;33;0;2;1;1;1
202000047603;154 658 617;10;0;2;3;15;1
202000047604;154 658 614;7;0;2;6;2;6
202000047604;154 658 620;7;0;2;2;26;6
202000047605;154 658 612;7;2;0;8;13;1
202000047606;154 658 611;21;0;2;3;19;1
202000047606;154 658 613;7;0;2;1;1;1
202000047607;154 658 609;14;0;2;1;1;1
202000047607;154 658 610;10;0;2;4;11;1
202000047608;154 658 607;10;0;2;2;9;1
202000047608;154 658 608;33;0;2;8;17;1
202000047609;154 658 606;7;4;2;3;1;1
202000047610;154 658 601;7;0;2;2;1;0
202000047610;154 658 605;7;0;2;2;15;0
202000047611;154 658 600;7;0;2;5;12;1
202000047611;154 658 603;33;0;2;1;3;1
202000047612;154 658 602;7;0;2;1;1;1
202000047612;154 658 604;7;0;2;4;1;1
202000047613;154 658 599;7;0;1;4;4;1
202000047614;154 658 596;7;0;0;9;21;1
202000047615;154 658 594;7;0;2;8;1;1
202000047615;154 658 595;3;0;2;8;13;1
202000047616;154 658 593;7;16;0;1;1;1
202000047617;154 658 591;1;0;0;0;0;5
202000047618;154 658 586;7;0;2;5;14;1
202000047618;154 658 597;31;0;2;8;3;1
202000047618;154 658 598;7;0;2;4;2;1
202000047619;154 658 587;7;0;2;5;15;2
202000047619;154 658 588;2;0;2;0;1;1
202000047620;154 658 583;33;0;2;1;3;1
202000047620;154 658 584;7;0;2;3;11;1
202000047621;154 658 582;33;0;2;3;1;1
202000047621;154 658 585;10;0;2;1;15;1
202000047622;154 658 580;7;3;0;3;1;1
202000047622;154 658 581;32;3;2;2;14;1
202000047623;154 658 577;7;0;2;1;1;1
202000047623;154 658 579;7;0;0;4;1;1
202000047624;154 658 573;7;0;2;1;1;1
202000047624;154 658 575;7;0;2;4;1;1
202000047625;154 658 576;7;0;2;1;2;1
202000047625;154 658 578;10;0;2;4;2;1
202000047626;154 658 569;1;0;1;1;1;5
202000047627;154 658 565;7;0;1;3;1;1
202000047628;154 658 566;7;0;2;1;1;1
202000047628;154 658 567;7;0;2;3;19;1
202000047629;154 658 562;7;0;2;3;19;1
202000047629;154 658 564;10;0;2;2;0;1
202000047630;154 658 563;7;2;0;1;1;1
202000047631;154 658 560;1;0;2;2;1;5
202000047631;154 658 561;7;0;2;1;16;1
202000047632;154 658 570;7;0;2;8;1;1
202000047632;154 658 571;7;0;2;2;11;1
202000047633;154 658 559;7;2;0;1;1;1
202000047634;154 658 556;7;1;0;2;1;1
202000047634;154 658 557;7;0;2;6;23;1
202000047635;154 658 555;17;6;0;1;1;1
202000047636;154 658 551;10;0;2;8;13;1
202000047636;154 658 558;2;0;2;7;17;1
202000047637;154 658 549;33;0;2;1;1;1
202000047637;154 658 550;7;0;2;2;17;1
202000047638;154 658 544;7;0;0;1;1;1
202000047639;154 658 545;10;0;2;8;1;1
202000047639;154 658 546;7;0;2;4;1;1
202000047639;154 658 547;10;0;2;4;1;1
202000047639;154 658 548;7;0;2;3;9;1
202000047640;154 658 541;15;0;0;8;9;1
202000047640;154 658 543;2;0;2;1;1;1
202000047641;154 658 540;7;0;2;2;1;1
202000047641;154 658 542;30;0;2;1;15;1
202000047642;154 658 536;7;3;0;6;1;1
202000047642;154 658 539;7;3;2;1;1;1
202000047643;154 658 535;33;3;0;1;1;1
202000047644;154 658 537;33;0;2;1;1;1
202000047644;154 658 538;7;0;2;3;15;1
202000047645;154 658 552;7;0;2;4;2;1
202000047645;154 658 553;7;0;2;4;1;1
202000047645;154 658 554;10;0;2;1;2;1
202000047646;154 658 534;7;0;0;9;2;1
202000047647;154 658 532;7;0;1;1;1;1
202000047648;154 658 530;7;0;1;0;2;0
202000047649;154 658 531;33;0;2;6;0;1
202000047649;154 658 533;7;0;2;2;0;1
202000047650;154 658 529;7;0;1;2;16;1
202000047651;154 658 525;7;0;2;8;2;1
202000047651;154 658 526;7;0;2;7;2;1
202000047652;154 658 522;30;0;2;1;19;1
202000047652;154 658 524;7;0;2;8;1;1
202000047653;154 658 520;7;0;1;1;0;1
202000047654;154 658 519;7;0;1;1;21;1
202000047655;154 658 518;32;3;0;0;0;1
202000047656;154 658 515;10;0;2;3;24;0
202000047656;154 658 516;1;1;0;3;1;5
202000047657;154 658 513;7;0;2;3;15;1
202000047657;154 658 514;10;0;2;1;17;1
202000047658;154 658 511;7;0;0;0;0;1
202000047659;154 658 510;7;0;2;5;0;1
202000047659;154 658 512;7;0;2;1;1;1
202000047660;154 658 509;33;0;0;8;2;1
202000047661;154 658 508;7;0;1;1;15;3
202000047662;154 658 506;7;3;2;1;2;1
202000047662;154 658 507;7;0;2;4;2;1
202000047663;154 658 504;20;0;2;1;1;1
202000047663;154 658 505;33;0;2;1;5;1
202000047664;154 658 517;7;0;2;1;9;1
202000047664;154 658 521;7;0;2;2;1;1
202000047665;154 658 502;14;0;1;1;1;1
202000047666;154 658 497;2;0;2;1;13;1
202000047666;154 658 498;7;0;0;6;2;1
202000047666;154 658 499;7;0;0;3;2;1
202000047667;154 658 501;7;4;0;1;1;1
202000047668;154 658 496;7;13;0;9;14;1
202000047669;154 658 492;7;0;2;4;1;1
202000047669;154 658 493;7;0;2;1;1;1
202000047669;154 658 494;7;0;2;4;1;1
202000047669;154 658 495;7;0;2;1;1;1
202000047670;154 658 491;33;16;0;0;0;1
202000047671;154 658 489;33;0;2;1;3;1
202000047671;154 658 490;10;0;2;4;2;1
202000047672;154 658 484;7;3;0;6;2;1
202000047672;154 658 485;33;0;2;1;21;1
202000047672;154 658 486;7;0;2;2;2;1
202000047673;154 658 487;7;0;2;1;2;0
202000047673;154 658 488;7;6;0;4;2;1
202000047674;154 658 500;60;0;2;1;19;5
202000047674;154 658 503;7;0;9;3;15;1
202000047675;154 658 482;7;0;2;0;0;0
202000047675;154 658 483;7;0;2;8;1;1
202000047676;154 658 481;14;0;1;1;15;1
202000047677;154 658 478;7;0;2;4;0;1
202000047677;154 658 479;7;0;2;4;1;1
202000047677;154 658 480;7;0;2;0;0;1
202000047678;154 658 477;7;0;1;1;15;1
202000047679;154 658 473;7;0;2;4;1;1
202000047679;154 658 474;7;0;2;1;12;1
202000047679;154 658 475;17;0;2;6;11;1
202000047679;154 658 476;10;4;2;7;1;1
202000047680;154 658 469;10;0;2;2;1;1
202000047680;154 658 472;7;0;2;7;15;1
202000047681;154 658 471;33;6;0;0;1;1
202000047682;154 658 465;7;0;2;2;15;1
202000047682;154 658 466;31;0;2;1;1;1
202000047683;154 658 464;7;0;2;1;1;1
202000047683;154 658 467;7;0;2;4;23;1
202000047684;154 658 463;7;13;0;2;21;1
202000047685;154 658 462;7;0;0;0;1;1
202000047686;154 658 461;7;6;9;1;6;1
202000047687;154 658 460;7;13;0;2;0;0
202000047688;154 658 468;1;0;2;1;1;5
202000047688;154 658 470;7;0;2;2;1;1
202000047689;154 658 457;7;0;2;5;1;1
202000047689;154 658 458;32;0;2;1;1;1
202000047689;154 658 459;7;0;2;5;1;1
202000047690;154 658 453;7;0;2;3;1;1
202000047690;154 658 455;7;0;2;3;15;1
202000047691;154 658 448;32;0;9;4;23;1
202000047691;154 658 450;7;0;2;1;2;0
202000047692;154 658 446;10;0;2;6;12;1
202000047692;154 658 447;10;0;2;2;1;1
202000047692;154 658 449;10;0;2;6;1;1
202000047692;154 658 452;10;0;2;4;1;1
202000047693;154 658 451;7;0;2;1;0;1
202000047693;154 658 454;10;0;2;0;0;1
202000047693;154 658 456;7;0;2;1;0;1
202000047694;154 658 443;33;0;2;7;17;1
202000047694;154 658 445;99;0;9;3;15;1
202000047695;154 658 442;7;0;2;1;2;1
202000047695;154 658 444;7;0;2;4;2;1
202000047696;154 658 440;7;0;2;8;11;1
202000047696;154 658 441;32;0;2;5;3;3
202000047697;154 658 438;14;0;2;2;12;1
202000047697;154 658 439;7;0;2;3;1;1
202000047698;154 658 436;10;0;2;3;13;1
202000047698;154 658 437;7;0;2;5;1;2
202000047699;154 658 433;15;0;0;0;0;1
202000047699;154 658 435;7;0;0;0;9;1
202000047700;154 658 431;33;0;2;1;2;1
202000047700;154 658 432;7;0;2;4;2;1
202000047701;154 658 429;17;0;2;1;2;1
202000047701;154 658 430;17;0;2;4;2;1
202000047702;154 658 427;7;4;2;7;12;1
202000047702;154 658 428;10;4;2;1;1;1
202000047703;154 658 424;7;0;2;1;2;1
202000047703;154 658 425;14;0;2;4;2;1
202000047703;154 658 426;10;0;2;1;1;1
202000047704;154 658 422;31;0;2;1;18;1
202000047704;154 658 423;7;0;2;7;23;1
202000047705;154 658 420;21;0;2;3;1;1
202000047705;154 658 421;7;13;2;3;1;1
202000047706;154 658 418;2;0;2;2;17;1
202000047706;154 658 419;7;0;2;8;15;1
202000047707;154 658 416;7;0;0;0;1;1
202000047708;154 658 412;10;0;2;1;1;0
202000047708;154 658 413;7;0;2;6;24;0
202000047708;154 658 414;7;0;2;6;9;0
202000047708;154 658 415;7;1;0;2;1;0
202000047709;154 658 410;7;0;2;2;1;0
202000047709;154 658 411;7;0;2;1;1;1
202000047710;154 658 409;10;0;1;2;14;0
202000047711;154 658 407;33;0;2;1;17;1
202000047711;154 658 408;7;0;2;4;2;1
202000047712;154 658 405;33;0;2;1;2;1
202000047712;154 658 406;99;0;2;4;2;1
202000047713;154 658 404;10;4;0;1;0;1
202000047714;154 658 417;1;0;2;1;1;5
202000047714;154 658 434;7;0;2;3;15;1
202000047715;154 658 402;37;0;1;3;1;1
202000047716;154 658 399;32;0;2;1;9;1
202000047716;154 658 400;10;0;2;6;0;1
202000047717;154 658 397;14;0;2;0;1;1
202000047717;154 658 398;30;0;2;0;1;1
202000047718;154 658 396;2;8;0;1;1;1
202000047719;154 658 394;7;0;2;1;26;1
202000047719;154 658 395;7;0;2;1;1;1
202000047720;154 658 401;7;0;2;2;2;1
202000047720;154 658 403;7;0;2;6;23;1
202000047721;154 658 393;1;0;1;1;1;5
202000047722;154 658 391;7;0;2;3;9;1
202000047722;154 658 392;1;0;2;2;1;5
202000047723;154 658 389;7;0;2;3;1;2
202000047723;154 658 390;7;8;2;1;1;1
202000047724;154 658 387;2;0;2;1;26;1
202000047724;154 658 388;7;0;2;3;1;1
202000047725;154 658 385;7;0;2;1;15;1
202000047725;154 658 386;31;0;2;8;1;1
202000047726;154 658 384;7;0;1;1;1;1
202000047727;154 658 382;7;0;5;1;1;1
202000047728;154 658 380;7;0;2;3;15;1
202000047728;154 658 381;50;0;2;7;1;3
202000047729;154 658 378;50;0;2;1;1;3
202000047729;154 658 379;7;0;2;6;1;1
202000047730;154 658 376;1;0;2;1;1;5
202000047730;154 658 377;10;0;2;1;15;1
202000047731;154 658 374;2;0;2;2;17;1
202000047731;154 658 375;7;0;2;3;15;1
202000047732;154 658 373;7;8;0;1;1;0
202000047733;154 658 371;33;0;2;4;0;1
202000047733;154 658 372;7;0;2;4;0;1
202000047734;154 658 369;7;0;2;2;15;1
202000047734;154 658 370;7;0;2;3;1;1
202000047735;154 658 368;7;0;1;1;15;1
202000047736;154 658 366;32;0;2;5;1;0
202000047736;154 658 367;10;0;2;1;2;0
202000047737;154 658 364;2;0;0;0;0;1
202000047737;154 658 365;7;0;0;0;0;1
202000047738;154 658 362;7;0;2;3;15;1
202000047738;154 658 363;32;0;2;7;15;0
202000047739;154 658 361;10;0;1;2;1;1
202000047740;154 658 358;10;0;2;4;2;1
202000047740;154 658 359;10;0;2;4;2;1
202000047740;154 658 360;10;0;2;1;2;1
202000047741;154 658 356;10;0;2;2;10;1
202000047741;154 658 357;31;0;2;1;1;1
202000047742;154 658 353;7;0;2;3;0;1
202000047742;154 658 354;7;0;2;3;0;1
202000047742;154 658 355;7;0;2;8;1;3
202000047743;154 658 351;7;0;2;4;23;1
202000047743;154 658 352;7;0;2;1;2;1
202000047744;154 658 350;32;0;1;1;1;1
202100000001;201 764;1;0;2;1;1;5
202100000001;201 765;7;0;9;3;17;1
202100000002;201 762;7;2;2;1;1;0
202100000002;201 763;7;0;2;1;9;0
202100000003;201 761;7;0;1;3;1;1
202100000004;201 758;7;0;2;3;15;1
202100000004;201 759;60;0;0;7;19;5
202100000005;201 754;7;0;2;4;1;1
202100000005;201 755;7;0;2;1;0;
202100000006;201 752;1;0;0;5;1;5
202100000006;201 753;7;0;2;1;1;1
202100000007;201 750;7;0;2;2;11;1
202100000007;201 751;7;0;2;2;1;1
202100000008;201 748;32;0;2;1;1;1
202100000008;201 749;7;0;0;6;10;1
202100000009;201 746;7;0;2;5;15;1
202100000009;201 747;7;0;2;1;1;1
202100000010;201 744;99;0;2;7;7;1
202100000010;201 745;37;0;2;3;2;2
202100000011;201 742;7;0;2;2;16;1
202100000011;201 743;99;0;2;1;26;3
202100000012;201 740;7;0;2;2;1;1
202100000012;201 741;10;16;2;2;19;1
202100000013;201 738;7;0;2;1;2;1
202100000013;201 739;2;0;0;4;2;1
202100000014;201 736;7;0;2;2;16;1
202100000014;201 737;60;0;2;0;0;5
202100000015;201 734;7;0;2;3;1;1
202100000015;201 735;7;0;2;2;19;1
202100000016;201 733;15;1;0;1;1;1
202100000017;201 731;7;0;0;7;5;1
202100000017;201 732;7;0;0;1;1;1
202100000018;201 729;7;0;0;4;1;1
202100000018;201 730;14;0;2;1;1;1
202100000019;201 727;7;0;2;8;1;1
202100000019;201 728;7;0;2;3;13;1
202100000020;201 725;0;0;2;5;2;
202100000020;201 726;33;0;2;4;2;1
202100000021;201 723;32;0;2;7;0;1
202100000021;201 724;7;0;2;3;19;1
202100000022;201 721;7;0;2;1;0;1
202100000022;201 722;7;9;2;2;15;1
202100000023;201 719;7;0;1;1;19;1
202100000024;201 717;7;0;2;1;1;1
202100000024;201 718;7;0;2;1;5;1
202100000025;201 716;33;5;0;1;1;1
202100000026;201 713;7;0;2;5;23;1
202100000026;201 714;7;0;0;3;22;1
202100000026;201 715;33;0;2;7;3;1
202100000027;201 711;2;0;2;4;1;1
202100000027;201 712;10;0;2;2;2;1
202100000028;201 709;7;0;2;3;9;1
202100000028;201 710;32;0;2;1;21;1
202100000029;201 708;10;0;1;2;1;0
202100000030;201 707;7;0;1;1;1;1
202100000031;201 706;7;1;0;4;26;1
202100000032;201 703;15;0;2;1;2;0
202100000032;201 704;99;0;2;4;1;0
202100000033;201 702;7;0;1;1;17;1
202100000034;201 701;7;0;1;1;20;1
202100000035;201 698;7;0;1;1;16;1
202100000036;201 696;10;13;0;1;1;1
202100000037;201 695;7;0;1;2;1;1
202100000038;201 693;1;0;2;1;1;5
202100000038;201 694;0;0;2;4;17;
202100000039;201 691;7;0;2;7;15;0
202100000039;201 692;2;0;2;1;1;0
202100000040;201 689;31;0;2;1;19;1
202100000040;201 690;34;16;0;1;26;1
202100000041;201 687;7;0;2;1;1;1
202100000041;201 688;32;0;2;7;21;1
202100000042;201 685;7;0;2;3;1;1
202100000042;201 686;7;0;2;3;13;1
202100000043;201 682;7;16;0;;13;1
202100000044;201 677;7;3;2;1;1;1
202100000044;201 678;7;14;0;7;21;1
202100000044;201 679;7;14;0;2;1;1
202100000044;201 680;7;14;0;1;1;1
202100000044;201 681;7;3;0;7;21;1
202100000045;201 676;32;0;1;1;1;1
202100000046;201 674;7;0;2;3;13;0
202100000046;201 675;10;0;2;8;1;1
202100000047;201 672;31;0;2;1;1;1
202100000047;201 673;7;0;2;3;1;1
202100000048;201 669;7;0;2;1;19;1