Num_Acc;id_vehicule;categorie_vehicule;obstacle_fixe;obstacle_mobile;point_choc_initial;manoeuvre_principale;motorisation
202100000859;200 201;7;9;0;5;22;0
202100000860;200 200;7;0;1;3;1;1
202100000861;200 199;10;12;0;7;14;1
202100000862;200 197;7;0;2;1;1;1
202100000862;200 198;7;0;2;2;15;1
202100000863;200 196;7;0;1;2;2;1
202100000864;200 194;7;0;2;1;1;1
202100000864;200 195;7;15;2;8;1;1
202100000865;200 193;40;0;1;1;1;3
202100000866;200 191;7;1;0;3;13;1
202100000867;200 190;7;6;0;2;14;1
202100000868;200 188;7;0;2;1;9;1
202100000868;200 189;1;0;2;2;1;5
202100000869;200 186;10;0;2;1;2;1
202100000869;200 187;7;0;2;4;23;1
202100000870;200 185;36;0;0;0;0;1
202100000871;200 183;7;0;2;2;15;1
202100000871;200 184;30;0;2;1;1;1
202100000872;200 182;7;13;0;1;13;1
202100000873;200 181;10;13;0;9;1;1
202100000874;200 180;7;0;1;8;26;1
202100000875;200 179;7;0;1;3;1;1
202100000876;200 178;7;2;0;2;26;0
202100000877;200 177;7;3;0;1;14;1
202100000878;200 175;7;0;2;1;16;1
202100000878;200 176;7;0;2;3;15;1
202100000879;200 173;7;0;2;8;15;1
202100000879;200 174;7;0;2;1;1;1
202100000880;200 171;7;0;2;2;15;1
202100000880;200 172;7;0;2;3;1;1
202100000881;200 169;7;0;2;6;20;1
202100000881;200 170;7;0;2;5;26;1
202100000882;200 168;10;0;1;4;4;1
202100000883;200 167;7;0;1;1;1;1
202100000884;200 166;7;0;1;2;25;1
202100000885;200 164;10;0;2;3;15;1
202100000885;200 165;34;0;2;1;2;1
202100000886;200 162;7;0;2;5;23;1
202100000886;200 163;7;0;2;3;2;1
202100000887;200 160;43;0;2;3;1;1
202100000887;200 161;7;0;2;3;9;1
202100000888;200 158;10;0;2;3;22;1
202100000888;200 159;1;0;2;2;1;5
202100000889;200 156;7;0;2;8;15;1
202100000889;200 157;43;0;2;1;1;1
202100000890;200 154;7;0;2;1;13;1
202100000890;200 155;7;0;2;3;1;1
202100000891;200 152;7;0;2;1;1;1
202100000891;200 153;7;0;0;4;1;1
202100000892;200 151;10;0;1;3;26;1
202100000893;200 149;31;0;2;1;1;1
202100000893;200 150;7;0;2;5;15;2
202100000894;200 147;7;0;2;5;15;1
202100000894;200 148;30;0;2;1;1;1
202100000895;200 145;31;0;2;3;1;1
202100000895;200 146;7;0;2;1;15;1
202100000896;200 143;7;0;2;4;26;1
202100000896;200 144;32;0;2;7;19;1
202100000897;200 142;7;0;1;1;15;1
202100000898;200 140;32;0;2;1;2;1
202100000898;200 141;10;1;2;3;15;1
202100000899;200 139;34;1;0;1;1;1
202100000900;200 137;7;0;2;6;0;1
202100000900;200 138;32;0;2;2;2;1
202100000901;200 135;7;0;2;3;1;1
202100000901;200 136;10;0;2;2;1;1
202100000902;200 134;7;4;0;1;0;1
202100000903;200 133;10;0;1;2;9;1
202100000904;200 131;7;0;0;4;21;1
202100000904;200 132;7;0;2;1;1;1
202100000905;200 129;33;0;2;8;1;1
202100000905;200 130;10;0;2;8;1;1
202100000906;200 127;7;0;2;2;15;1
202100000906;200 128;33;0;2;1;1;1
202100000907;200 125;7;0;2;1;13;1
202100000907;200 126;7;0;2;1;1;1
202100000908;200 123;7;0;2;1;13;1
202100000908;200 124;7;0;2;1;1;1
202100000909;200 119;33;0;2;1;1;1
202100000909;200 120;7;0;2;2;15;1
202100000910;200 117;10;6;1;6;16;1
202100000910;200 118;7;0;2;2;2;1
202100000911;200 115;7;0;0;7;15;1
202100000911;200 116;33;0;2;1;1;1
202100000912;200 112;7;0;2;2;17;1
202100000912;200 113;7;0;2;6;1;1
202100000913;200 111;7;0;1;3;1;1
202100000914;200 109;7;0;2;5;15;1
202100000914;200 110;33;0;0;1;1;1
202100000915;200 108;7;10;0;1;14;1
202100000916;200 107;7;2;0;1;2;1
202100000917;200 106;10;0;1;1;1;1
202100000918;200 105;7;0;1;3;5;1
202100000919;200 104;2;15;0;1;13;1
202100000920;200 102;7;0;2;4;2;1
202100000920;200 103;7;0;2;1;2;1
202100000921;200 100;7;0;2;3;17;1
202100000921;200 101;7;0;2;3;1;1
202100000922;200 099;7;13;0;2;14;1
202100000923;200 097;2;0;2;7;15;1
202100000923;200 098;7;0;2;1;1;1
202100000924;200 096;7;13;0;2;21;1
202100000925;200 095;34;0;6;1;1;1
202100000926;200 093;7;0;2;1;1;1
202100000926;200 094;10;0;2;1;13;1
202100000927;200 092;7;8;0;3;1;1
202100000928;200 091;2;0;1;1;1;1
202100000929;200 088;10;0;2;1;1;1
202100000929;200 089;7;0;2;4;1;1
202100000929;200 090;10;0;0;4;1;1
202100000930;200 086;7;0;2;2;19;1
202100000930;200 087;7;0;2;1;1;1
202100000931;200 085;30;0;0;0;0;1
202100000932;200 084;7;2;0;8;13;1
202100000933;200 082;7;0;0;0;0;0
202100000933;200 083;7;13;0;1;1;1
202100000934;200 079;2;0;2;1;17;0
202100000934;200 080;7;0;2;3;15;1
202100000935;200 078;7;0;0;0;17;1
202100000936;200 076;7;0;2;1;1;1
202100000936;200 077;32;0;0;4;1;1
202100000937;200 075;7;2;0;7;1;1
202100000938;200 073;7;0;2;1;1;1
202100000938;200 074;7;0;2;1;1;1
202100000939;200 071;7;0;2;3;13;2
202100000939;200 072;7;0;2;3;1;1
202100000940;200 069;7;0;2;7;21;1
202100000940;200 070;1;0;2;8;19;5
202100000941;200 067;7;6;2;3;1;1
202100000941;200 068;7;3;2;3;14;1
202100000942;200 066;2;0;0;0;1;1
202100000943;200 065;7;2;0;3;1;1
202100000944;200 064;2;13;0;1;2;1
202100000945;200 062;1;0;2;1;1;5
202100000945;200 063;7;0;2;3;15;1
202100000946;200 059;7;0;2;2;13;1
202100000946;200 060;10;13;2;3;1;1
202100000946;200 061;7;0;2;1;1;1
202100000947;200 058;7;0;1;3;13;1
202100000948;200 057;7;3;0;9;1;1
202100000949;200 056;7;3;0;3;1;1
202100000950;200 052;33;0;2;8;1;1
202100000950;200 053;7;0;2;7;12;1
202100000950;200 054;7;0;0;0;0;0
202100000950;200 055;7;0;0;0;0;0
202100000951;200 051;7;3;0;1;13;1
202100000952;200 050;7;0;0;7;12;0
202100000953;200 048;7;0;2;1;2;1
202100000953;200 049;7;0;2;4;2;1
202100000954;200 045;14;0;2;1;2;1
202100000954;200 046;15;0;2;1;1;1
202100000954;200 047;15;0;2;4;1;1
202100000955;200 042;30;0;2;4;1;1
202100000955;200 043;7;0;2;5;1;1
202100000955;200 044;7;3;2;2;13;1
202100000956;200 041;33;0;0;3;1;1
202100000957;200 040;7;0;1;1;1;1
202100000958;200 038;2;0;2;6;1;1
202100000958;200 039;7;0;2;2;16;0
202100000959;200 036;99;0;1;0;26;1
202100000960;200 035;7;0;1;1;25;1
202100000961;200 034;7;0;1;1;13;1
202100000962;200 033;1;0;0;0;1;5
202100000963;200 032;7;0;1;3;1;1
202100000964;200 030;99;0;2;1;0;0
202100000964;200 031;99;0;2;0;0;0
202100000965;200 029;33;0;1;0;26;1
202100000966;200 027;7;0;2;3;15;0
202100000966;200 028;2;0;2;1;0;0
202100000967;200 026;10;0;1;1;1;1
202100000968;200 024;31;0;2;1;17;1
202100000968;200 025;7;0;2;8;15;1
202100000969;200 023;7;0;1;2;1;1
202100000970;200 021;7;0;2;1;1;1
202100000970;200 022;7;0;2;8;9;1
202100000971;200 020;2;1;0;1;1;1
202100000972;200 019;43;8;0;1;26;1
202100000973;200 018;7;0;1;1;0;0
202100000974;200 016;7;0;2;8;0;0
202100000974;200 017;50;0;2;3;25;3
202100000975;200 015;7;15;0;4;14;1
202100000976;200 014;7;0;1;1;1;1
202100000977;200 008;10;0;2;1;9;1
202100000977;200 009;7;0;2;8;9;1
202100000978;200 007;1;0;1;0;1;5
202100000979;200 005;1;0;2;1;1;0
202100000979;200 006;7;0;2;3;15;1
202100000980;200 004;7;0;1;1;19;1
202100000981;200 002;60;0;2;0;19;5
202100000981;200 003;7;0;2;5;16;1
202100000982;200 000;2;9;2;8;1;1
202100000982;200 001;7;0;2;3;15;1
202100000983;199 998;7;0;2;1;1;1
202100000983;199 999;1;0;2;8;19;5
202100000984;199 996;7;0;2;3;1;1
202100000984;199 997;7;0;2;1;13;1
202100000985;199 992;2;0;2;1;1;1
202100000985;199 993;7;0;2;3;15;1
202100000986;199 991;40;0;1;1;0;0
202100000987;199 989;33;0;2;0;1;1
202100000987;199 990;7;0;2;7;15;1
202100000988;199 988;7;0;1;1;15;1
202100000989;199 987;7;0;0;7;14;1
202100000990;199 986;7;0;1;1;15;1
202100000991;199 985;32;0;0;7;1;1
202100000992;199 984;7;0;1;1;1;1
202100000993;199 983;7;0;1;2;1;1
202100000994;199 982;33;0;1;1;1;1
202100000995;199 981;2;12;0;1;1;1
202100000996;199 979;7;0;2;3;11;1
202100000996;199 980;30;0;2;1;18;1
202100000997;199 978;7;8;0;2;14;1
202100000998;199 977;7;1;1;1;16;1
202100000999;199 975;7;0;2;1;1;1
202100000999;199 976;7;0;2;5;15;1
202100001000;199 974;7;0;1;0;9;0
202100001001;199 973;7;0;1;3;1;1
202100001002;199 972;7;4;0;3;13;1
202100001003;199 971;10;0;1;1;15;1
202100001004;199 969;7;0;2;8;1;1
202100001004;199 970;3;0;2;1;1;1
202100001005;199 967;1;0;2;1;1;5
202100001005;199 968;7;0;2;7;19;1
202100001006;199 965;10;0;2;2;17;1
202100001006;199 966;7;0;2;8;15;1
202100001007;199 963;7;6;2;8;1;1
202100001007;199 964;7;1;2;1;1;1
202100001008;199 962;7;0;1;1;1;1
202100001009;199 961;7;0;0;7;26;1
202100001010;199 960;7;0;0;9;26;1
202100001011;199 958;30;0;0;0;21;1
202100001011;199 959;7;0;0;0;20;1
202100001012;199 956;7;0;2;7;1;1
202100001012;199 957;7;0;2;1;1;1
202100001013;199 954;30;0;2;1;2;1
202100001013;199 955;7;0;2;3;16;1
202100001014;199 952;33;0;2;1;1;1
202100001014;199 953;7;0;2;2;1;1
202100001015;199 950;7;0;2;5;15;1
202100001015;199 951;31;0;2;8;1;1
202100001016;199 948;7;0;2;2;16;1
202100001016;199 949;30;0;2;6;1;1
202100001017;199 946;7;0;0;4;1;1
202100001017;199 947;7;0;2;1;9;1
202100001018;199 945;7;0;1;1;1;1
202100001019;199 943;7;0;2;1;1;1
202100001019;199 944;1;0;2;4;9;5
202100001020;199 942;10;1;0;1;13;1
202100001021;199 939;7;0;2;0;0;1
202100001021;199 940;7;8;1;1;1;1
202100001021;199 941;7;0;2;6;1;1
202100001022;199 937;31;0;2;1;1;1
202100001022;199 938;7;0;2;7;15;1
202100001023;199 935;30;0;2;7;1;1
202100001023;199 936;7;0;2;0;19;0
202100001024;199 933;7;0;2;7;16;1
202100001024;199 934;50;0;2;1;1;3
202100001025;199 932;7;0;1;1;1;1
202100001026;199 930;10;0;2;3;1;1
202100001026;199 931;7;0;2;1;15;1
202100001027;199 929;30;16;0;;1;1
202100001028;199 928;7;0;1;2;16;1
202100001029;199 926;7;0;2;1;1;1
202100001029;199 927;7;0;2;1;1;1
202100001030;199 925;2;0;0;0;12;1
202100001031;199 924;7;0;1;2;9;1
202100001032;199 921;7;0;2;3;1;1
202100001032;199 922;1;0;2;2;0;5
202100001033;199 920;7;0;1;1;1;1
202100001034;199 919;7;0;1;1;1;1
202100001035;199 917;7;0;2;3;13;1
202100001035;199 918;7;0;2;1;1;0
202100001036;199 915;2;0;2;3;26;1
202100001036;199 916;7;0;2;3;15;1
202100001037;199 914;7;0;1;3;1;1
202100001038;199 908;7;0;2;1;1;1
202100001038;199 909;7;0;2;8;16;1
202100001039;199 906;7;0;2;1;15;1
202100001039;199 907;7;0;2;1;1;1
202100001040;199 905;2;0;1;0;21;1
202100001041;199 903;32;0;2;1;17;1
202100001041;199 904;10;0;2;1;2;1
202100001042;199 901;7;0;2;2;15;1
202100001042;199 902;7;0;2;2;1;1
202100001043;199 899;7;0;2;4;23;0
202100001043;199 900;32;0;2;1;1;0
202100001044;199 897;7;0;2;2;16;1
202100001044;199 898;31;0;2;1;1;1
202100001045;199 894;7;0;2;1;1;1
202100001045;199 895;7;0;2;1;1;1
202100001045;199 896;7;0;2;4;1;1
202100001046;199 893;7;8;0;1;1;1
202100001047;199 891;10;0;2;8;1;0
202100001047;199 892;7;0;2;1;1;0
202100001048;199 889;7;0;2;1;0;1
202100001048;199 890;1;0;2;7;15;5
202100001049;199 885;7;0;2;1;2;1
202100001049;199 886;7;0;2;4;2;1
202100001049;199 887;7;0;2;4;2;1
202100001049;199 888;7;0;2;4;2;3
202100001050;199 882;10;0;2;1;2;1
202100001050;199 883;7;0;2;6;2;1
202100001050;199 884;7;0;2;4;2;1
202100001051;199 880;7;0;2;6;2;1
202100001051;199 881;30;0;2;1;2;1
202100001052;199 878;43;0;2;1;1;1
202100001052;199 879;7;0;2;2;15;2
202100001053;199 877;30;0;0;0;1;1
202100001054;199 875;7;0;2;3;22;1
202100001054;199 876;50;0;2;1;1;3
202100001055;199 874;10;0;1;2;16;1
202100001056;199 873;10;0;1;7;1;1
202100001057;199 871;7;0;2;1;15;1
202100001057;199 872;80;0;2;2;1;3
202100001058;199 870;30;0;1;1;1;3
202100001059;199 868;50;0;2;8;1;3
202100001059;199 869;30;0;2;1;1;1
202100001060;199 867;32;0;0;1;21;1
202100001061;199 866;30;1;0;5;13;1
202100001062;199 865;10;0;1;2;16;1
202100001063;199 863;7;0;2;2;1;1
202100001063;199 864;1;0;2;7;1;5
202100001064;199 861;7;0;2;5;1;2
202100001064;199 862;10;0;2;1;1;1
202100001065;199 860;30;0;0;0;21;1
202100001066;199 858;7;0;2;2;15;1
202100001066;199 859;34;0;2;1;1;1
202100001067;199 853;30;0;1;1;2;1
202100001068;199 852;7;0;1;3;1;1
202100001069;199 851;7;0;1;5;19;1
202100001070;199 849;7;0;2;3;21;1
202100001070;199 850;7;12;2;3;26;1
202100001071;199 848;7;9;1;2;15;1
202100001072;199 847;7;0;1;1;9;1
202100001073;199 845;30;0;2;5;26;1
202100001073;199 846;3;0;2;2;1;1
202100001074;199 844;7;0;1;1;1;1
202100001075;199 841;10;0;2;1;15;1
202100001075;199 842;7;0;2;1;1;1
202100001076;199 839;7;14;0;4;2;1
202100001076;199 840;7;14;0;1;2;1
202100001077;199 836;7;0;0;4;0;1
202100001077;199 837;7;0;0;5;2;1
202100001077;199 838;7;0;2;1;2;1
202100001078;199 834;7;0;2;1;1;2
202100001078;199 835;7;0;2;2;2;1
202100001079;199 832;7;0;2;7;10;1
202100001079;199 833;32;0;2;1;1;1
202100001080;199 831;7;0;1;1;2;1
202100001081;199 830;10;0;1;5;1;0
202100001082;199 829;7;0;1;2;15;2
202100001083;199 828;34;0;1;1;1;1
202100001084;199 826;99;0;2;7;2;3
202100001084;199 827;7;0;2;0;1;0
202100001085;199 825;7;1;0;1;13;2
202100001086;199 823;7;0;2;2;15;2
202100001086;199 824;7;0;2;2;1;1
202100001087;199 821;30;1;0;1;1;1
202100001087;199 822;7;0;2;8;24;1
202100001088;199 819;7;0;2;5;23;1
202100001088;199 820;7;0;2;1;1;1
202100001089;199 817;7;9;2;3;16;1
202100001089;199 818;7;0;2;2;1;1
202100001090;199 815;2;0;2;5;1;1
202100001090;199 816;7;0;2;5;23;1
202100001091;199 814;30;0;0;8;16;1
202100001092;199 813;7;0;1;4;26;1
202100001093;199 812;7;0;1;4;20;1
202100001094;199 811;7;9;0;0;1;1
202100001095;199 809;7;0;2;3;1;1
202100001095;199 810;7;0;2;3;13;1
202100001096;199 807;7;0;2;1;13;1
202100001096;199 808;7;0;2;1;1;1
202100001097;199 804;7;16;0;2;1;1
202100001097;199 805;7;4;2;3;2;1
202100001097;199 806;7;0;2;1;2;1
202100001098;199 803;7;13;0;1;1;1
202100001099;199 802;7;13;0;1;1;1
202100001100;199 801;1;0;0;1;21;5
202100001101;199 799;7;0;2;8;15;1
202100001101;199 800;7;2;2;1;17;1
202100001102;199 798;7;0;0;0;1;1
202100001103;199 797;7;2;0;3;1;1
202100001104;199 796;2;6;0;3;1;1
202100001105;199 794;7;0;2;1;9;1
202100001105;199 795;14;0;2;7;1;1
202100001106;199 792;7;0;2;1;1;2
202100001106;199 793;7;0;2;8;9;1
202100001107;199 791;1;6;0;1;1;5
202100001108;199 789;10;0;2;6;15;1
202100001108;199 790;2;0;2;1;1;1
202100001109;199 785;7;0;2;1;1;1
202100001109;199 786;7;0;2;7;1;1
202100001110;199 784;33;0;0;2;2;1
202100001111;199 782;7;0;2;1;1;1
202100001111;199 783;7;3;2;1;11;1
202100001112;199 780;7;0;2;1;2;1
202100001112;199 781;15;0;2;4;2;1
202100001113;199 778;7;0;9;1;11;1
202100001113;199 779;7;3;0;3;2;1
202100001114;199 776;7;0;2;3;13;1
202100001114;199 777;15;0;2;3;1;1
202100001115;199 774;14;0;2;2;1;1
202100001115;199 775;7;0;2;7;1;1
202100001116;199 772;15;0;2;2;1;1
202100001116;199 773;7;4;0;8;1;1
202100001117;199 771;10;1;0;1;2;1
202100001118;199 769;7;0;2;1;2;1
202100001118;199 770;7;4;0;4;2;1
202100001119;199 767;7;0;2;7;11;1
202100001119;199 768;33;0;2;1;1;1
202100001120;199 766;7;13;0;3;0;1
202100001121;199 765;7;0;1;3;1;2
202100001122;199 763;1;0;0;4;1;5
202100001122;199 764;1;0;2;1;1;5
202100001123;199 762;7;0;1;1;15;1
202100001124;199 761;7;6;0;8;1;1
202100001125;199 759;7;0;0;1;0;1
202100001125;199 760;7;8;0;5;0;1
202100001126;199 758;7;2;0;1;1;1
202100001127;199 757;7;0;2;1;12;1
202100001128;199 755;7;0;2;2;2;1
202100001128;199 756;7;0;2;4;2;1
202100001129;199 753;7;0;2;4;1;1
202100001129;199 754;7;0;2;1;1;1
202100001130;199 751;7;0;2;1;2;1
202100001130;199 752;7;0;2;4;2;1
202100001131;199 750;7;4;0;1;14;1
202100001132;199 747;7;0;2;4;23;1
202100001132;199 748;7;0;2;4;23;1
202100001132;199 749;7;0;2;1;2;1
202100001133;199 745;15;0;2;1;2;1
202100001133;199 746;33;0;2;6;2;1
202100001134;199 741;7;0;2;1;2;1
202100001134;199 742;7;0;2;1;2;1
202100001134;199 743;7;0;2;2;2;1
202100001134;199 744;7;0;2;1;2;1
202100001135;199 739;15;3;2;3;13;1
202100001135;199 740;7;0;2;2;1;1
202100001136;199 738;7;4;0;3;16;1
202100001137;199 737;7;0;9;1;1;1
202100001138;199 736;7;0;0;0;26;1
202100001139;199 735;7;4;0;1;1;1
202100001140;199 733;17;1;0;1;2;1
202100001140;199 734;7;3;0;4;23;1
202100001141;199 732;7;3;0;1;1;1
202100001142;199 731;33;0;0;1;1;1
202100001143;199 729;7;0;2;3;11;1
202100001143;199 730;7;0;2;2;1;1
202100001144;199 728;7;4;0;1;1;1
202100001145;199 726;33;0;2;2;3;1
202100001145;199 727;7;0;2;6;11;0
202100001146;199 724;43;0;2;1;3;1
202100001146;199 725;7;0;2;5;12;1
202100001147;199 722;7;3;2;3;1;1
202100001147;199 723;7;16;2;7;1;0
202100001148;199 721;7;2;0;1;26;1
202100001149;199 719;10;0;9;5;2;1
202100001149;199 720;2;0;2;1;2;1
202100001150;199 717;7;0;2;3;15;1
202100001150;199 718;2;0;2;3;1;1
202100001151;199 715;33;0;2;8;17;1
202100001151;199 716;7;0;2;3;1;1
202100001152;199 713;2;0;2;8;1;1
202100001152;199 714;7;0;2;0;15;1
202100001153;199 711;7;15;2;1;1;1
202100001153;199 712;7;6;2;7;1;1
202100001154;199 709;10;0;2;6;15;1
202100001154;199 710;7;0;2;1;13;1
202100001155;199 707;30;0;2;4;2;1
202100001155;199 708;2;0;0;0;0;0
202100001156;199 705;7;0;2;7;16;1
202100001156;199 706;31;0;2;3;1;1
202100001157;199 703;7;0;2;1;1;1
202100001157;199 704;7;0;2;2;1;1
202100001158;199 702;7;14;0;7;17;1
202100001159;199 701;7;8;0;0;14;1
202100001160;199 700;32;0;0;8;1;3
202100001161;199 699;7;0;1;1;15;1
202100001162;199 697;7;0;2;1;9;1
202100001162;199 698;7;0;2;3;0;1
202100001163;199 696;7;0;1;2;0;1
202100001164;199 694;7;0;2;1;2;0
202100001164;199 695;7;0;2;1;0;0
202100001165;199 692;1;0;2;7;1;5
202100001165;199 693;7;0;2;1;9;1
202100001166;199 687;7;0;2;1;1;2
202100001166;199 688;7;0;2;1;13;1
202100001167;199 686;1;0;1;1;1;5
202100001168;199 685;37;0;1;2;16;1
202100001169;199 683;32;0;2;1;0;1
202100001169;199 684;20;0;2;1;15;1
202100001170;199 682;30;0;0;0;9;1
202100001171;199 680;7;0;2;1;1;1
202100001171;199 681;7;0;2;0;0;1
202100001172;199 678;7;0;2;1;1;1
202100001172;199 679;7;0;2;6;1;1
202100001173;199 677;7;0;1;1;1;1
202100001174;199 675;7;0;2;1;1;1
202100001174;199 676;7;0;2;8;1;1
202100001175;199 673;7;0;2;2;1;1
202100001175;199 674;7;0;2;8;1;1
202100001176;199 672;7;0;1;3;1;1
202100001177;199 670;7;0;2;3;1;1
202100001177;199 671;7;0;2;2;1;1
202100001178;199 668;7;0;2;3;1;1
202100001178;199 669;1;0;2;1;9;5
202100001179;199 667;2;0;0;7;1;1
202100001180;199 665;7;0;2;2;13;1
202100001180;199 666;14;0;2;2;21;1
202100001181;199 663;1;0;2;8;1;5
202100001181;199 664;7;0;2;2;14;1
202100001182;199 661;7;0;1;2;26;1
202100001183;199 658;7;2;0;1;21;1
202100001184;199 656;3;0;2;3;9;1
202100001184;199 657;7;0;2;1;7;1
202100001185;199 654;7;0;2;7;15;1
202100001185;199 655;10;0;2;2;1;1
202100001186;199 652;7;0;2;1;1;1
202100001186;199 653;7;0;2;3;10;1
202100001187;199 650;10;0;2;2;26;1
202100001187;199 651;7;0;2;7;26;1
202100001188;199 648;7;0;2;8;15;1
202100001188;199 649;33;0;2;1;1;1
202100001189;199 646;7;0;2;1;1;1
202100001189;199 647;7;0;2;7;15;1
202100001190;199 645;7;1;0;1;1;1
202100001191;199 644;33;0;0;0;1;1
202100001192;199 643;30;0;0;0;2;1
202100001193;199 640;7;0;2;2;1;1
202100001193;199 641;7;0;2;0;0;1
202100001193;199 642;7;0;2;6;1;1
202100001194;199 639;30;12;0;1;26;1
202100001195;199 636;7;0;2;1;13;1
202100001195;199 637;7;0;2;3;1;3
202100001195;199 638;7;0;9;1;1;1
202100001196;199 634;7;3;2;4;1;1
202100001196;199 635;7;0;2;1;9;1
202100001197;199 631;10;0;2;3;1;
202100001197;199 632;7;0;2;1;1;
202100001197;199 633;10;0;2;1;17;
202100001198;199 629;7;0;2;1;23;1
202100001198;199 630;7;0;2;1;5;1
202100001199;199 627;7;0;1;2;1;1
202100001199;199 628;7;4;1;3;1;1
202100001200;199 625;10;0;2;3;19;1
202100001200;199 626;33;0;2;1;1;1
202100001201;199 624;33;0;0;1;26;1
202100001202;199 623;2;0;0;7;1;1
202100001203;199 622;7;0;1;2;21;1
202100001204;199 620;7;0;2;8;9;1
202100001204;199 621;50;0;2;1;1;3
202100001205;199 618;50;0;2;1;2;3
202100001205;199 619;7;0;2;6;2;1
202100001206;199 615;7;0;2;6;16;1
202100001206;199 616;33;0;2;2;18;1
202100001206;199 617;7;0;2;2;16;1
202100001207;199 613;30;0;2;2;15;1
202100001207;199 614;7;0;2;8;1;1
202100001208;199 611;30;0;2;2;2;1
202100001208;199 612;7;0;2;3;20;1
202100001209;199 610;7;11;0;1;13;1
202100001210;199 608;30;0;2;3;1;1
202100001210;199 609;7;0;2;2;22;1
202100001211;199 606;7;0;2;6;15;6
202100001211;199 607;50;0;2;1;1;3
202100001212;199 605;2;0;0;0;21;3
202100001213;199 603;7;0;9;1;15;0
202100001213;199 604;1;0;2;1;19;5
202100001214;199 602;7;4;0;1;1;1
202100001215;199 600;37;0;2;5;19;1
202100001215;199 601;37;0;2;1;19;0
202100001216;199 598;13;0;2;3;1;1
202100001216;199 599;7;0;2;7;16;1
202100001217;199 596;7;0;2;1;2;1
202100001217;199 597;31;0;2;4;1;1
202100001218;199 594;2;0;2;1;1;1
202100001218;199 595;7;0;2;2;15;1
202100001219;199 592;7;0;2;1;1;1
202100001219;199 593;7;0;2;3;15;1
202100001220;199 590;7;0;2;1;1;1
202100001220;199 591;13;0;2;4;23;1
202100001221;199 588;7;0;2;8;15;1
202100001221;199 589;7;0;2;1;1;1
202100001222;199 586;7;0;2;7;16;0
202100001222;199 587;32;0;2;1;1;1
202100001223;199 583;7;0;2;1;11;0
202100001223;199 584;99;0;2;5;1;0
202100001223;199 585;99;0;2;4;0;0
202100001224;199 582;15;0;1;0;9;1
202100001225;199 580;7;0;0;3;1;1
202100001225;199 581;7;0;0;3;13;1
202100001226;199 578;33;0;2;1;13;1
202100001226;199 579;7;0;2;1;1;1
202100001227;199 577;7;2;0;1;1;1
202100001228;199 575;7;0;2;2;17;1
202100001228;199 576;15;0;2;6;13;1
202100001229;199 573;15;0;2;3;1;1
202100001229;199 574;7;13;2;5;12;1
202100001230;199 571;7;0;0;8;19;1
202100001230;199 572;7;0;2;1;1;1
202100001231;199 570;7;16;0;1;1;1
202100001232;199 568;7;0;2;3;15;1
202100001232;199 569;2;0;2;1;1;1
202100001233;199 567;10;6;0;2;1;1
202100001234;199 565;7;0;0;3;15;1
202100001234;199 566;2;0;2;1;1;1
202100001235;199 564;7;0;1;2;1;1
202100001236;199 562;7;0;2;1;15;1
202100001236;199 563;10;0;2;3;15;1
202100001237;199 561;7;0;1;3;1;1
202100001238;199 559;15;0;0;6;2;1
202100001238;199 560;7;3;2;2;2;1
202100001239;199 557;7;0;6;3;1;1
202100001239;199 558;7;0;2;1;1;1
202100001240;199 552;7;0;2;1;1;1
202100001240;199 553;7;0;2;1;13;1
202100001241;199 550;7;0;9;3;15;1
202100001241;199 551;1;0;2;2;1;5
202100001242;199 548;7;0;2;7;1;1
202100001242;199 549;1;0;2;1;19;5
202100001243;199 544;7;0;2;3;5;1
202100001243;199 545;7;0;2;3;1;1
202100001244;199 542;7;0;1;2;1;1
202100001244;199 543;7;16;0;2;1;0
202100001245;199 540;15;0;2;1;1;1
202100001245;199 541;7;0;2;1;13;1
202100001246;199 535;10;0;2;1;13;1
202100001246;199 536;21;0;2;6;1;1
202100001246;199 537;7;0;2;1;1;1
202100001246;199 538;7;0;2;1;1;1
202100001246;199 539;7;0;2;1;1;1
202100001247;199 531;7;13;0;1;1;1
202100001248;199 529;7;0;2;4;1;1
202100001248;199 530;7;0;2;1;2;1
202100001249;199 528;7;4;0;1;13;0
202100001250;199 526;7;0;2;2;0;1
202100001250;199 527;10;0;2;6;26;1
202100001251;199 524;7;1;0;4;23;1
202100001251;199 525;10;1;0;1;2;1
202100001252;199 523;7;4;0;1;1;1
202100001253;199 522;7;4;0;1;2;1
202100001254;199 521;33;0;0;1;0;1
202100001255;199 520;7;0;0;1;1;1
202100001256;199 519;7;6;0;3;0;1
202100001257;199 518;7;4;0;2;0;1
202100001258;199 517;7;0;0;1;1;1
202100001259;199 516;7;0;2;1;16;1
202100001260;199 515;10;0;2;1;13;1
202100001261;199 513;7;3;2;1;1;1
202100001261;199 514;7;0;2;4;2;1
202100001262;199 510;17;0;2;1;2;1
202100001262;199 511;7;0;2;4;2;1
202100001262;199 512;7;0;2;4;2;1
202100001263;199 504;7;0;2;1;1;1
202100001263;199 505;7;0;2;4;1;0
202100001263;199 506;7;0;2;4;1;0
202100001263;199 507;7;0;2;4;1;2
202100001263;199 508;7;0;2;4;1;2
202100001263;199 509;7;0;2;4;2;1
202100001264;199 502;10;0;2;8;21;1
202100001264;199 503;7;0;2;1;1;1
202100001265;199 500;7;3;2;1;1;1
202100001265;199 501;7;0;2;3;1;0
202100001266;199 498;7;0;2;7;1;1
202100001266;199 499;7;0;2;1;1;2
202100001267;199 494;7;0;2;5;9;1
202100001267;199 495;7;0;2;4;0;2
202100001267;199 496;7;0;2;4;0;1
202100001267;199 497;7;0;9;0;0;1
202100001268;199 493;7;0;0;2;26;1
202100001269;199 492;2;0;1;1;1;1
202100001270;199 491;0;0;2;0;0;0
202100001271;199 489;7;0;2;5;1;1