Num_Acc;id_vehicule;categorie_vehicule;obstacle_fixe;obstacle_mobile;point_choc_initial;manoeuvre_principale;motorisation
202100001271;199 490;2;0;2;1;2;1
202100001272;199 487;7;0;2;1;1;1
202100001272;199 488;7;0;2;3;19;1
202100001273;199 485;7;0;2;4;23;1
202100001273;199 486;7;0;2;1;2;1
202100001274;199 484;7;0;0;0;13;1
202100001275;199 482;7;0;2;1;13;1
202100001275;199 483;7;0;2;1;21;1
202100001276;199 479;7;0;2;4;23;1
202100001276;199 480;7;0;2;4;23;1
202100001276;199 481;7;0;2;1;1;1
202100001277;199 477;7;0;2;2;15;1
202100001277;199 478;33;0;2;1;1;1
202100001278;199 475;7;0;2;3;19;1
202100001278;199 476;2;0;2;1;1;1
202100001279;199 473;7;0;2;2;10;1
202100001279;199 474;2;0;2;9;1;1
202100001280;199 471;1;0;2;7;9;5
202100001280;199 472;7;0;2;3;16;1
202100001281;199 470;99;0;1;2;16;6
202100001282;199 469;31;6;0;1;1;1
202100001283;199 468;7;0;1;1;1;1
202100001284;199 466;7;0;2;7;26;1
202100001284;199 467;30;0;2;1;26;1
202100001285;199 465;7;13;0;7;1;1
202100001286;199 464;7;8;0;1;19;1
202100001287;199 462;7;0;2;8;1;1
202100001287;199 463;30;0;2;7;17;3
202100001288;199 460;7;0;2;1;1;1
202100001288;199 461;7;0;2;1;1;1
202100001289;199 459;7;0;4;1;26;1
202100001290;199 458;7;8;0;1;26;0
202100001291;199 457;7;14;0;1;9;1
202100001292;199 455;7;0;2;5;23;2
202100001292;199 456;32;0;2;1;1;1
202100001293;199 453;7;0;2;6;1;1
202100001293;199 454;1;0;2;1;1;5
202100001294;199 451;43;0;2;1;1;1
202100001294;199 452;7;0;2;4;10;1
202100001295;199 449;30;0;2;4;10;1
202100001295;199 450;7;0;2;3;1;1
202100001296;199 448;30;14;0;1;1;1
202100001297;199 446;30;0;2;1;1;1
202100001297;199 447;7;0;2;4;23;1
202100001298;199 444;7;0;2;3;10;1
202100001298;199 445;32;0;2;1;1;1
202100001299;199 443;10;1;0;1;1;1
202100001300;199 441;2;0;2;1;2;1
202100001300;199 442;13;0;2;5;2;1
202100001301;199 439;7;0;2;4;2;1
202100001301;199 440;7;0;2;1;0;0
202100001302;199 438;7;4;0;1;13;1
202100001303;199 436;2;0;2;3;16;0
202100001303;199 437;7;0;2;5;16;1
202100001304;199 432;17;0;0;4;24;1
202100001304;199 433;7;14;0;3;2;1
202100001304;199 434;7;1;2;1;1;1
202100001304;199 435;7;4;0;1;0;1
202100001305;199 430;2;0;2;1;1;1
202100001305;199 431;7;0;2;1;15;1
202100001306;199 429;7;10;0;8;13;1
202100001307;199 428;10;0;1;2;1;1
202100001308;199 426;7;0;2;6;19;1
202100001308;199 427;33;0;2;1;1;1
202100001309;199 423;10;0;2;8;11;1
202100001309;199 424;7;0;2;7;1;1
202100001309;199 425;7;0;9;2;2;1
202100001310;199 421;7;3;2;1;2;1
202100001310;199 422;17;0;2;5;2;1
202100001311;199 416;10;0;2;1;1;1
202100001311;199 417;7;0;2;3;16;0
202100001311;199 418;7;0;2;3;1;1
202100001312;199 412;7;0;2;1;1;1
202100001312;199 413;7;0;2;3;1;1
202100001312;199 414;10;0;2;6;21;1
202100001312;199 415;7;0;2;3;13;1
202100001313;199 410;7;0;2;1;1;1
202100001313;199 411;17;0;2;8;15;1
202100001314;199 408;10;0;2;1;1;1
202100001314;199 409;7;0;2;6;13;1
202100001315;199 407;7;2;0;9;1;1
202100001316;199 406;7;2;0;7;1;1
202100001317;199 405;7;2;0;8;1;1
202100001318;199 404;7;9;0;1;1;1
202100001319;199 403;7;0;1;3;1;1
202100001320;199 402;7;6;0;1;1;3
202100001321;199 400;7;0;2;1;1;1
202100001321;199 401;20;0;0;4;1;1
202100001322;199 398;2;0;2;1;1;1
202100001322;199 399;7;0;2;5;15;1
202100001323;199 397;7;13;0;1;1;1
202100001324;199 395;7;0;2;1;17;1
202100001324;199 396;7;0;2;1;21;1
202100001325;199 390;7;0;2;1;1;1
202100001325;199 391;7;0;2;1;13;1
202100001326;199 388;7;0;0;3;1;1
202100001326;199 389;7;0;2;9;14;1
202100001327;199 387;7;0;1;3;1;0
202100001328;199 385;17;0;2;5;2;1
202100001328;199 386;7;0;2;3;14;1
202100001329;199 383;7;3;2;1;1;1
202100001329;199 384;7;3;2;2;14;1
202100001330;199 381;1;0;2;3;0;5
202100001330;199 382;10;0;2;2;0;1
202100001331;199 379;7;0;2;6;23;1
202100001331;199 380;1;0;2;1;1;5
202100001332;199 377;2;0;2;1;13;1
202100001332;199 378;36;0;2;1;1;1
202100001333;199 375;33;0;2;7;1;1
202100001333;199 376;7;0;2;1;19;1
202100001334;199 374;7;5;0;1;1;1
202100001335;199 373;7;6;0;1;1;1
202100001336;199 371;7;0;2;1;1;1
202100001336;199 372;14;13;2;1;1;1
202100001337;199 369;7;0;2;2;1;1
202100001337;199 370;7;0;2;1;15;1
202100001338;199 368;7;7;0;2;1;1
202100001339;199 367;7;0;1;8;1;1
202100001340;199 365;7;0;2;3;21;1
202100001340;199 366;7;0;2;3;13;1
202100001341;199 362;7;0;2;1;0;1
202100001341;199 363;7;0;2;4;0;1
202100001341;199 364;7;0;2;1;0;1
202100001342;199 360;7;0;2;1;0;1
202100001342;199 361;7;0;2;4;0;1
202100001343;199 359;7;0;1;2;1;1
202100001344;199 356;7;0;2;1;2;1
202100001344;199 357;10;0;2;4;2;1
202100001344;199 358;7;0;2;4;2;1
202100001345;199 354;7;0;2;2;2;1
202100001345;199 355;7;0;2;2;2;1
202100001346;199 353;7;0;0;9;1;1
202100001347;199 349;7;0;2;4;2;1
202100001347;199 350;7;0;2;4;2;1
202100001347;199 351;7;0;2;4;2;1
202100001347;199 352;10;0;2;3;2;1
202100001348;199 348;7;4;0;1;2;1
202100001349;199 347;7;3;0;7;13;1
202100001350;199 346;7;4;0;1;2;1
202100001351;199 344;7;4;2;1;1;1
202100001351;199 345;7;4;2;4;2;1
202100001352;199 343;7;4;0;1;1;1
202100001353;199 342;7;4;0;1;1;1
202100001354;199 340;7;0;2;1;2;1
202100001354;199 341;7;0;2;4;2;1
202100001355;199 339;7;3;0;1;1;1
202100001356;199 338;7;4;0;2;14;1
202100001357;199 337;7;4;0;1;2;1
202100001358;199 335;7;4;2;3;1;1
202100001358;199 336;17;0;2;8;1;1
202100001359;199 334;7;3;5;3;21;1
202100001360;199 332;2;0;2;4;2;0
202100001360;199 333;7;0;2;4;2;1
202100001361;199 330;7;0;2;2;2;1
202100001361;199 331;7;0;2;6;2;1
202100001362;199 329;31;0;1;1;1;1
202100001363;199 328;2;12;0;1;1;1
202100001364;199 326;7;0;2;3;6;0
202100001364;199 327;32;0;2;2;1;1
202100001365;199 325;7;9;0;1;1;1
202100001366;199 323;1;0;2;3;1;5
202100001366;199 324;7;0;9;3;15;1
202100001367;199 321;7;9;2;2;1;1
202100001367;199 322;7;0;2;3;19;1
202100001368;199 320;7;2;0;7;14;1
202100001369;199 319;7;0;1;2;16;1
202100001370;199 318;32;0;0;8;26;1
202100001371;199 316;32;0;2;7;1;1
202100001371;199 317;7;0;2;8;9;1
202100001372;199 314;7;0;2;1;15;1
202100001372;199 315;7;0;2;1;1;1
202100001373;199 313;7;4;0;3;13;1
202100001374;199 312;7;16;0;1;24;1
202100001375;199 311;10;0;1;4;4;1
202100001376;199 309;7;0;2;3;16;1
202100001376;199 310;7;0;2;1;1;1
202100001377;199 307;7;0;2;6;19;1
202100001377;199 308;30;0;2;1;19;1
202100001378;199 306;32;0;1;1;1;1
202100001379;199 304;1;0;2;8;19;5
202100001379;199 305;32;0;2;1;1;1
202100001380;199 302;7;0;2;1;1;1
202100001380;199 303;7;0;2;4;1;1
202100001381;199 300;7;0;2;1;1;1
202100001381;199 301;30;0;2;4;23;1
202100001382;199 299;32;0;1;0;16;1
202100001383;199 298;2;0;1;1;3;1
202100001384;199 296;7;0;2;4;26;1
202100001384;199 297;7;0;2;1;1;1
202100001385;199 293;7;0;2;0;0;1
202100001385;199 294;7;0;2;0;26;1
202100001385;199 295;7;0;2;4;23;1
202100001386;199 291;10;0;2;7;15;0
202100001386;199 292;30;0;2;1;7;1
202100001387;199 289;50;0;2;3;1;3
202100001387;199 290;7;0;9;2;1;0
202100001388;199 288;7;2;0;1;1;1
202100001389;199 287;30;0;1;1;1;1
202100001390;199 285;30;0;2;0;1;1
202100001390;199 286;7;0;2;0;15;1
202100001391;199 284;7;4;0;1;1;1
202100001392;199 283;31;12;0;3;1;1
202100001393;199 280;7;2;2;8;1;2
202100001393;199 281;10;0;2;6;1;1
202100001393;199 282;33;0;2;1;2;1
202100001394;199 278;7;0;0;6;2;1
202100001394;199 279;7;0;2;1;2;1
202100001395;199 275;7;0;2;1;1;1
202100001395;199 276;7;0;2;1;1;1
202100001395;199 277;7;0;2;7;1;1
202100001396;199 274;7;2;0;1;1;1
202100001397;199 273;7;13;0;1;1;1
202100001398;199 272;7;0;0;0;0;1
202100001399;199 271;7;16;0;3;1;1
202100001400;199 270;7;13;0;9;1;1
202100001401;199 269;7;6;0;1;1;1
202100001402;199 268;7;13;0;1;1;1
202100001403;199 267;7;8;0;8;1;1
202100001404;199 265;7;0;2;4;2;1
202100001404;199 266;7;0;2;1;2;1
202100001405;199 264;7;3;0;8;1;1
202100001406;199 263;7;16;0;0;1;1
202100001407;199 262;7;13;0;3;13;1
202100001408;199 259;7;0;0;3;1;1
202100001408;199 260;7;7;0;3;1;1
202100001408;199 261;10;0;2;6;1;1
202100001409;199 257;7;0;2;7;1;1
202100001409;199 258;7;2;2;2;14;1
202100001410;199 255;2;0;2;1;16;1
202100001410;199 256;7;0;2;1;15;1
202100001411;199 253;7;0;2;3;1;1
202100001411;199 254;7;0;2;3;1;1
202100001412;199 252;7;0;9;0;21;1
202100001413;199 250;7;0;2;1;2;1
202100001413;199 251;15;0;0;4;2;1
202100001414;199 248;1;0;0;4;1;5
202100001414;199 249;15;0;2;2;2;1
202100001415;199 247;10;8;0;3;1;1
202100001416;199 246;7;0;1;0;1;
202100001417;199 245;7;16;0;9;14;1
202100001418;199 244;7;13;0;0;1;0
202100001419;199 241;2;0;0;4;0;1
202100001419;199 242;7;0;2;1;0;0
202100001419;199 243;7;0;2;4;2;1
202100001420;199 240;7;0;1;4;4;1
202100001421;199 239;7;17;0;2;1;1
202100001422;199 237;7;0;2;7;2;1
202100001422;199 238;50;0;2;8;2;3
202100001423;199 235;10;0;2;1;1;1
202100001423;199 236;10;0;2;7;1;1
202100001424;199 234;7;3;0;7;14;1
202100001425;199 233;7;0;1;2;1;1
202100001426;199 232;33;0;0;7;1;1
202100001427;199 231;7;6;0;5;13;1
202100001428;199 226;7;0;2;4;0;1
202100001428;199 227;7;0;2;1;0;1
202100001428;199 228;7;0;2;4;0;1
202100001428;199 229;7;1;0;9;0;1
202100001429;199 224;7;0;2;1;2;1
202100001429;199 225;7;0;2;4;2;1
202100001430;199 222;7;0;2;2;26;2
202100001430;199 223;7;0;2;6;1;1
202100001431;199 221;7;4;0;2;2;1
202100001432;199 220;15;0;0;1;1;1
202100001433;199 219;7;4;0;1;1;1
202100001434;199 217;7;0;2;1;1;1
202100001434;199 218;7;0;2;6;2;1
202100001435;199 216;7;4;0;1;1;1
202100001436;199 215;7;3;9;1;9;1
202100001437;199 214;7;3;2;1;26;1
202100001438;199 213;7;4;0;1;0;1
202100001439;199 211;7;0;2;5;12;1
202100001439;199 212;32;0;2;1;1;1
202100001440;199 209;7;0;2;8;19;3
202100001440;199 210;7;0;2;2;19;1
202100001441;199 206;7;1;2;0;0;1
202100001441;199 207;7;0;2;6;1;1
202100001441;199 208;30;0;2;1;1;1
202100001442;199 204;30;0;2;8;9;1
202100001442;199 205;10;0;2;1;1;1
202100001443;199 202;7;0;2;3;1;1
202100001443;199 203;33;0;2;1;1;1
202100001444;199 201;34;0;1;2;21;1
202100001445;199 199;2;16;0;8;9;6
202100001445;199 200;7;0;2;2;26;1
202100001446;199 198;7;0;1;0;26;1
202100001447;199 196;7;0;2;3;19;1
202100001447;199 197;7;0;2;2;1;1
202100001448;199 194;7;14;2;1;1;1
202100001448;199 195;7;0;2;4;23;1
202100001449;199 193;10;0;1;1;26;1
202100001450;199 191;7;0;2;7;1;1
202100001450;199 192;99;0;2;1;26;1
202100001451;199 189;7;0;2;7;15;1
202100001451;199 190;7;0;0;0;0;1
202100001452;199 187;7;0;2;1;1;1
202100001452;199 188;7;0;2;5;1;1
202100001453;199 185;1;0;2;1;1;6
202100001453;199 186;7;0;9;2;15;1
202100001454;199 184;7;1;0;1;1;1
202100001455;199 182;7;0;2;0;16;1
202100001455;199 183;30;0;2;0;1;1
202100001456;199 181;7;0;1;1;16;1
202100001457;199 179;7;0;2;1;5;1
202100001457;199 180;7;0;2;1;1;1
202100001458;199 177;7;0;2;7;1;1
202100001458;199 178;7;0;2;1;1;1
202100001459;199 176;30;0;0;7;26;1
202100001460;199 175;7;0;0;1;26;1
202100001461;199 174;30;0;1;1;26;1
202100001462;199 172;2;0;2;1;1;1
202100001462;199 173;7;0;2;8;15;1
202100001463;199 171;7;9;0;1;26;1
202100001464;199 169;7;0;9;1;1;1
202100001464;199 170;50;0;2;1;1;3
202100001465;199 167;14;0;2;3;26;1
202100001465;199 168;7;0;2;2;26;1
202100001466;199 165;7;0;2;2;20;1
202100001466;199 166;1;0;2;1;1;5
202100001467;199 163;7;0;2;3;26;1
202100001467;199 164;2;0;2;4;26;1
202100001468;199 161;7;0;2;3;19;1
202100001468;199 162;33;0;2;1;1;1
202100001469;199 159;7;0;2;1;1;1
202100001469;199 160;7;0;2;1;13;1
202100001470;199 158;30;0;0;0;21;1
202100001471;199 156;7;0;2;1;2;1
202100001471;199 157;7;0;2;4;23;1
202100001472;199 155;7;0;1;1;1;1
202100001473;199 154;7;0;1;1;1;1
202100001474;199 152;7;0;2;4;1;1
202100001474;199 153;7;0;2;2;1;1
202100001475;199 150;7;8;0;7;1;1
202100001475;199 151;7;0;2;1;1;1
202100001476;199 148;7;0;2;0;1;1
202100001476;199 149;7;0;2;0;15;1
202100001477;199 147;7;0;1;3;1;1
202100001478;199 145;7;0;2;8;15;1
202100001478;199 146;30;0;2;1;17;1
202100001479;199 143;7;0;2;1;15;1
202100001479;199 144;50;0;2;0;19;3
202100001480;199 141;10;0;2;5;20;1
202100001480;199 142;43;0;2;1;2;1
202100001481;199 140;7;6;0;1;13;1
202100001482;199 138;7;0;2;3;9;1
202100001482;199 139;60;0;2;1;9;5
202100001483;199 136;7;0;2;1;1;1
202100001483;199 137;30;0;2;1;1;1
202100001484;199 134;7;0;2;3;19;1
202100001484;199 135;14;0;2;1;26;1
202100001485;199 132;7;0;2;1;1;1
202100001485;199 133;7;0;2;3;19;1
202100001486;199 129;33;12;0;5;1;1
202100001487;199 127;7;0;2;1;9;1
202100001487;199 128;2;0;2;7;0;1
202100001488;199 126;10;0;1;1;15;1
202100001489;199 124;7;0;2;8;10;1
202100001489;199 125;32;0;2;1;17;1
202100001490;199 123;50;14;0;1;26;3
202100001491;199 122;10;6;0;1;1;1
202100001492;199 120;7;0;2;8;9;2
202100001492;199 121;30;0;2;1;6;1
202100001493;199 119;10;14;0;2;14;1
202100001494;199 117;32;0;2;3;1;1
202100001494;199 118;10;0;2;1;15;1
202100001495;199 116;1;0;0;0;5;5
202100001496;199 114;7;0;2;3;15;2
202100001496;199 115;33;0;2;1;1;1
202100001497;199 113;10;6;0;1;1;1
202100001498;199 112;7;0;1;7;1;1
202100001499;199 111;7;9;1;4;4;1
202100001500;199 110;7;14;0;3;13;1
202100001501;199 108;32;1;2;1;18;1
202100001501;199 109;10;0;2;8;22;1
202100001502;199 107;13;0;1;2;14;0
202100001503;199 105;7;0;2;7;22;0
202100001503;199 106;1;0;2;8;1;5
202100001504;199 103;99;0;2;3;16;1
202100001504;199 104;7;0;2;7;1;1
202100001505;199 102;7;15;1;3;1;1
202100001506;199 100;10;0;2;2;10;1
202100001506;199 101;31;0;2;1;1;1
202100001507;199 099;7;0;1;1;1;1
202100001508;199 097;0;0;2;1;26;1
202100001508;199 098;32;0;2;2;1;1
202100001509;199 096;10;0;1;1;9;1
202100001510;199 095;7;0;1;2;1;1
202100001511;199 094;7;0;1;1;19;1
202100001512;199 092;7;0;2;8;15;2
202100001512;199 093;7;0;2;3;1;1
202100001513;199 091;32;0;0;3;1;1
202100001514;199 090;7;13;0;1;1;1
202100001515;199 088;2;0;2;6;2;1
202100001515;199 089;7;0;2;2;2;1
202100001516;199 087;0;0;0;0;0;0
202100001517;199 086;33;12;0;0;1;1
202100001518;199 085;7;0;0;9;2;1
202100001519;199 084;7;13;0;3;1;1
202100001520;199 081;7;0;2;7;15;1
202100001520;199 082;7;0;2;2;1;1
202100001520;199 083;7;0;2;3;23;1
202100001521;199 077;1;0;5;1;1;5
202100001522;199 076;3;14;0;9;1;1
202100001523;199 075;7;13;0;1;1;1
202100001524;199 073;7;0;2;2;19;1
202100001524;199 074;7;6;2;3;1;1
202100001525;199 072;7;0;1;1;2;1
202100001526;199 071;7;2;0;1;1;1
202100001527;199 070;7;8;0;2;1;1
202100001528;199 069;7;2;0;1;0;1
202100001529;199 067;10;0;2;3;13;1
202100001529;199 068;7;0;2;3;1;1
202100001530;199 065;43;0;2;1;1;1
202100001530;199 066;7;0;2;3;9;1
202100001531;199 064;2;7;0;1;1;1
202100001532;199 062;7;0;2;3;1;1
202100001532;199 063;2;0;2;1;13;1
202100001533;199 061;7;8;0;2;1;1
202100001534;199 060;7;13;0;0;1;1
202100001535;199 058;7;0;1;7;15;1
202100001535;199 059;7;0;2;1;1;2
202100001536;199 057;7;13;0;9;1;1
202100001537;199 054;7;0;0;6;23;1
202100001537;199 055;14;1;0;2;1;1
202100001538;199 053;7;13;0;1;1;1
202100001539;199 052;7;4;0;2;1;1
202100001540;199 050;7;0;2;2;15;1
202100001540;199 051;7;0;2;1;1;1
202100001541;199 048;10;0;2;1;2;1
202100001541;199 049;50;0;2;8;15;3
202100001542;199 046;7;0;2;1;2;1
202100001542;199 047;7;0;0;4;2;1
202100001543;199 044;7;3;0;3;1;1
202100001543;199 045;7;0;2;1;2;1
202100001544;199 042;7;0;2;2;14;0
202100001544;199 043;7;0;2;8;2;1
202100001545;199 040;7;4;0;4;2;1
202100001545;199 041;7;0;2;1;2;1
202100001546;199 039;7;0;1;7;1;1
202100001547;199 038;7;4;0;0;1;1
202100001548;199 037;2;6;0;1;1;1
202100001549;199 035;7;0;2;1;1;1
202100001549;199 036;7;0;2;1;1;1
202100001550;199 034;99;6;0;3;1;1
202100001551;199 033;7;3;0;2;6;1
202100001552;199 032;7;9;0;2;1;1
202100001553;199 031;7;13;0;2;1;1
202100001554;199 030;10;6;0;0;0;0
202100001555;199 029;7;8;0;1;1;1
202100001556;199 027;7;0;2;2;1;1
202100001556;199 028;7;1;2;3;1;1
202100001557;199 025;7;0;2;0;0;1
202100001557;199 026;7;0;2;4;0;1
202100001558;199 024;7;4;0;1;1;1
202100001559;199 022;7;0;2;6;1;1
202100001559;199 023;10;0;2;2;14;1
202100001560;199 020;7;0;2;1;12;1
202100001560;199 021;7;0;2;4;2;1
202100001561;199 018;7;0;2;2;2;1
202100001561;199 019;7;0;2;6;1;1
202100001562;199 016;31;0;2;8;2;1
202100001562;199 017;10;0;2;7;14;1
202100001563;199 014;33;0;2;0;0;1
202100001563;199 015;7;0;2;0;0;1
202100001564;199 013;7;0;0;0;0;1
202100001565;199 012;7;4;0;1;1;1
202100001566;199 011;7;4;0;3;0;1
202100001567;199 009;7;0;2;1;1;1
202100001567;199 010;7;0;2;4;2;1
202100001568;199 008;7;0;1;3;19;1
202100001569;199 006;7;0;2;3;13;1
202100001569;199 007;7;0;2;3;1;1
202100001570;199 004;30;0;2;1;9;1
202100001570;199 005;30;0;2;8;1;1
202100001571;199 003;7;0;1;1;15;1
202100001572;199 001;2;0;2;2;1;1
202100001572;199 002;7;0;2;5;4;1
202100001573;198 999;1;0;2;0;0;0
202100001573;199 000;1;0;9;7;26;6
202100001574;198 998;38;0;1;4;4;1
202100001575;198 997;7;12;0;1;0;1
202100001576;198 995;7;0;2;4;0;1
202100001576;198 996;7;0;2;1;0;1
202100001577;198 992;32;0;2;3;13;1
202100001577;198 993;33;0;2;3;1;1
202100001577;198 994;7;0;9;6;1;1
202100001578;198 991;7;0;1;3;1;1
202100001579;198 990;7;0;1;2;23;1
202100001580;198 989;50;0;0;0;1;3
202100001581;198 987;7;0;2;4;2;1
202100001581;198 988;7;0;2;1;2;1
202100001582;198 981;7;0;1;1;1;1
202100001583;198 980;7;0;1;3;26;1
202100001584;198 979;7;0;1;1;1;1
202100001585;198 976;10;0;2;1;1;1
202100001585;198 977;7;0;2;4;1;1
202100001585;198 978;7;0;2;4;1;1
202100001586;198 974;50;0;2;1;15;3
202100001586;198 975;7;0;2;5;1;1
202100001587;198 972;30;0;2;3;16;1
202100001587;198 973;7;0;2;5;1;1
202100001588;198 970;7;0;2;1;2;1
202100001588;198 971;7;0;2;4;0;1
202100001589;198 968;7;0;2;4;1;1
202100001589;198 969;7;0;2;1;1;1
202100001590;198 966;33;0;2;1;1;1
202100001590;198 967;7;0;2;1;15;2
202100001591;198 964;1;0;2;4;15;5
202100001591;198 965;3;0;2;3;16;3
202100001592;198 962;33;0;2;1;2;1
202100001592;198 963;7;0;2;4;2;1
202100001593;198 960;7;0;0;4;2;1
202100001593;198 961;3;0;2;1;2;1
202100001594;198 957;7;0;1;1;1;1
202100001595;198 954;7;0;2;3;1;1
202100001595;198 955;7;0;2;1;1;1
202100001595;198 956;7;0;2;1;26;1
202100001596;198 953;33;0;0;1;26;1
202100001597;198 951;7;0;2;0;0;1
202100001597;198 952;7;0;2;0;0;1
202100001598;198 950;7;0;1;1;1;1
202100001599;198 948;1;0;2;1;19;5
202100001599;198 949;7;0;2;1;1;1
202100001600;198 946;7;0;9;2;16;0
202100001600;198 947;99;0;2;3;5;5
202100001601;198 945;7;0;0;0;23;1
202100001602;198 942;7;0;2;1;1;1
202100001602;198 943;7;0;2;1;1;1
202100001602;198 944;7;0;2;1;13;1
202100001603;198 940;7;0;2;1;2;1
202100001603;198 941;7;0;2;4;2;1
202100001604;198 938;7;0;2;2;12;1
202100001604;198 939;7;0;2;8;15;1
202100001605;198 936;7;3;0;1;1;1
202100001605;198 937;7;0;2;1;1;1
202100001606;198 934;7;0;2;2;1;1
202100001606;198 935;10;0;2;1;1;1
202100001607;198 927;7;0;2;1;1;1
202100001607;198 928;1;0;2;1;1;5
202100001608;198 925;7;0;2;2;15;1
202100001608;198 926;2;0;2;1;26;1
202100001609;198 923;7;0;2;7;9;1
202100001609;198 924;33;0;2;1;1;1
202100001610;198 919;43;0;2;1;0;1
202100001610;198 920;10;0;2;8;15;1
202100001611;198 918;7;10;0;1;1;1
202100001612;198 916;33;0;2;1;1;1
202100001612;198 917;32;0;2;2;10;1
202100001613;198 914;7;0;2;1;19;1
202100001613;198 915;99;0;2;7;19;1
202100001614;198 913;50;15;0;1;1;3
202100001615;198 911;10;0;0;7;19;1
202100001615;198 912;1;0;2;1;1;5
202100001616;198 908;7;0;0;2;6;1
202100001616;198 909;7;0;0;3;23;1
202100001616;198 910;33;0;2;3;18;1
202100001617;198 906;7;0;2;4;1;1
202100001617;198 907;7;0;2;1;1;1
202100001618;198 904;7;0;2;2;2;1
202100001618;198 905;33;0;2;4;2;1
202100001619;198 903;7;0;1;1;1;1
202100001620;198 902;7;0;1;3;1;1
202100001621;198 901;10;0;1;2;16;1
202100001622;198 900;7;0;1;1;1;1
202100001623;198 898;7;0;2;7;16;1
202100001623;198 899;30;0;2;8;1;1
202100001624;198 896;7;0;2;3;1;1
202100001624;198 897;30;0;2;2;16;1
202100001625;198 895;31;0;0;8;1;1
202100001626;198 894;30;0;1;1;1;1
202100001627;198 893;80;14;0;3;13;3
202100001628;198 891;7;0;2;3;15;1
202100001628;198 892;7;0;2;2;21;1
202100001629;198 890;7;0;1;3;13;1
202100001630;198 888;50;0;2;3;16;3
202100001630;198 889;7;0;2;1;1;0
202100001631;198 886;60;0;2;1;1;5
202100001631;198 887;7;0;2;0;17;1
202100001632;198 885;7;0;1;0;0;0
202100001633;198 884;7;15;0;1;9;1
202100001634;198 882;37;0;2;3;9;1
202100001634;198 883;7;0;2;6;26;1
202100001635;198 881;7;0;1;2;1;1
202100001636;198 880;7;0;1;4;4;1
202100001637;198 878;43;0;2;5;13;1
202100001637;198 879;10;0;2;1;15;1
202100001638;198 875;7;0;2;1;1;1
202100001638;198 876;7;0;2;3;0;1
202100001638;198 877;7;0;2;6;0;2
202100001639;198 873;37;8;2;2;26;1
202100001639;198 874;7;0;2;6;0;1
202100001640;198 872;7;0;1;2;16;1
202100001641;198 870;7;0;2;2;15;1
202100001641;198 871;30;0;2;1;1;1
202100001642;198 868;7;0;0;7;19;1
202100001642;198 869;15;0;2;1;19;1
202100001643;198 867;7;0;1;2;1;1
202100001644;198 866;7;13;0;1;14;1
202100001645;198 865;7;0;0;1;1;1
202100001646;198 861;10;0;2;1;1;1
202100001646;198 862;7;0;2;7;19;1
202100001647;198 859;7;0;2;3;0;1
202100001647;198 860;7;0;2;1;21;0
202100001648;198 857;10;0;2;4;1;1
202100001648;198 858;7;0;2;1;1;1
202100001649;198 856;7;0;0;0;15;1
202100001650;198 853;7;0;2;4;23;1
202100001650;198 854;7;0;2;4;23;1
202100001650;198 855;7;0;2;1;1;1
202100001651;198 852;7;2;0;1;1;1
202100001652;198 850;7;0;1;1;16;1
202100001653;198 848;7;0;0;0;15;1
202100001653;198 849;31;0;0;0;1;1
202100001654;198 847;2;12;0;2;0;1
202100001655;198 846;7;0;1;2;1;1
202100001656;198 845;7;2;0;8;1;1
202100001657;198 843;7;0;2;2;1;1
202100001657;198 844;7;0;0;6;1;1
202100001658;198 842;33;14;0;8;1;1
202100001659;198 841;7;3;0;1;1;1
202100001660;198 837;7;0;2;3;13;1
202100001660;198 838;15;0;2;3;1;1
202100001660;198 839;17;0;0;4;1;1
202100001660;198 840;17;0;2;1;2;1
202100001661;198 836;10;13;0;7;1;1
202100001662;198 834;7;0;2;3;15;1
202100001662;198 835;34;0;2;1;17;1
202100001663;198 832;7;0;0;8;2;1
202100001663;198 833;7;0;2;6;1;1
202100001664;198 830;7;0;1;2;1;1
202100001665;198 829;7;2;0;1;1;1
202100001666;198 828;7;13;0;1;1;1
202100001667;198 827;7;2;0;8;1;1
202100001668;198 823;7;4;2;1;2;1
202100001668;198 824;14;4;2;2;11;1
202100001668;198 825;10;4;2;7;0;1
202100001668;198 826;15;4;2;4;2;1
202100001669;198 818;7;0;2;4;1;1
202100001669;198 819;7;0;2;4;0;1
202100001669;198 820;7;0;2;4;1;1
202100001669;198 821;7;0;2;4;17;1
202100001669;198 822;7;0;2;4;1;1
202100001670;198 816;7;1;0;1;2;1
202100001670;198 817;7;0;2;6;23;1
202100001671;198 811;7;0;2;4;2;3
202100001671;198 812;7;0;2;1;2;1
202100001672;198 808;7;0;2;1;26;1
202100001672;198 809;7;0;2;4;0;1
202100001672;198 810;7;0;2;4;0;1
202100001673;198 806;33;0;2;3;3;1
202100001673;198 807;7;0;2;2;1;1
202100001674;198 804;7;0;9;4;26;1
202100001674;198 805;7;0;2;1;0;1
202100001675;198 802;7;0;2;1;2;1
202100001675;198 803;7;0;2;4;2;1
202100001676;198 801;10;4;0;1;14;1
202100001677;198 799;32;0;2;8;18;1
202100001677;198 800;7;0;2;1;1;1
202100001678;198 797;17;0;2;2;12;1
202100001678;198 798;7;4;0;6;1;1
202100001679;198 794;7;0;2;6;1;3
202100001679;198 795;7;0;2;1;1;1
202100001679;198 796;7;0;2;1;21;2
202100001680;198 791;7;0;2;4;1;2
202100001680;198 792;7;0;2;4;2;1
202100001680;198 793;7;0;2;1;2;1
202100001681;198 789;7;0;2;8;9;1
202100001681;198 790;10;0;2;2;1;1
202100001682;198 787;7;0;2;4;11;1
202100001682;198 788;33;0;2;1;1;1
202100001683;198 785;7;0;2;4;2;1
202100001683;198 786;7;0;2;1;2;1
202100001684;198 783;7;0;2;3;1;1