Num_Acc;id_vehicule;categorie_vehicule;obstacle_fixe;obstacle_mobile;point_choc_initial;manoeuvre_principale;motorisation
202100001684;198 784;7;0;2;7;1;1
202100001685;198 781;7;0;2;7;12;1
202100001685;198 782;7;8;2;1;1;1
202100001686;198 779;33;0;2;1;1;1
202100001686;198 780;30;0;2;4;13;1
202100001687;198 776;32;0;2;1;21;1
202100001687;198 777;32;0;2;4;23;1
202100001687;198 778;32;0;2;4;23;1
202100001688;198 774;7;0;2;1;0;1
202100001688;198 775;7;0;2;7;1;1
202100001689;198 772;7;0;2;8;15;1
202100001689;198 773;30;0;2;1;17;0
202100001690;198 770;7;0;2;5;2;1
202100001690;198 771;7;0;2;3;14;1
202100001691;198 767;7;0;2;4;2;1
202100001691;198 768;7;0;2;4;2;1
202100001691;198 769;7;0;2;1;2;1
202100001692;198 765;7;0;2;1;1;1
202100001692;198 766;7;1;1;1;1;1
202100001693;198 763;7;0;2;2;9;1
202100001693;198 764;14;0;2;3;1;1
202100001694;198 761;7;0;2;3;15;1
202100001694;198 762;1;0;2;1;1;0
202100001695;198 759;33;0;2;9;1;1
202100001695;198 760;7;0;2;7;12;2
202100001696;198 757;7;0;2;7;14;1
202100001696;198 758;43;0;2;8;1;1
202100001697;198 754;7;0;2;1;2;1
202100001697;198 755;7;0;2;4;2;1
202100001697;198 756;33;0;2;4;2;1
202100001698;198 752;7;0;2;3;15;1
202100001698;198 753;31;0;2;1;3;1
202100001699;198 750;7;0;2;1;1;1
202100001699;198 751;7;0;2;3;15;1
202100001700;198 749;10;0;1;2;17;1
202100001701;198 747;7;0;2;1;9;1
202100001701;198 748;7;0;2;5;9;1
202100001702;198 746;7;0;1;3;16;2
202100001703;198 743;7;0;2;3;17;1
202100001703;198 744;7;0;2;3;1;1
202100001703;198 745;7;0;2;0;23;1
202100001704;198 742;7;0;1;1;1;1
202100001705;198 740;2;0;0;0;1;1
202100001705;198 741;7;0;0;0;15;1
202100001706;198 738;7;0;2;2;15;1
202100001706;198 739;1;0;2;1;1;5
202100001707;198 737;7;0;1;8;1;0
202100001708;198 735;7;0;2;4;23;1
202100001708;198 736;7;0;2;1;2;1
202100001709;198 733;10;0;2;1;1;6
202100001709;198 734;7;12;2;7;1;0
202100001710;198 732;7;0;1;1;16;1
202100001711;198 731;30;0;1;1;1;1
202100001712;198 729;7;0;0;4;1;1
202100001712;198 730;7;0;2;1;1;1
202100001713;198 727;7;0;2;1;1;1
202100001713;198 728;10;0;2;1;1;1
202100001714;198 726;7;0;1;1;1;1
202100001715;198 725;7;0;1;2;1;1
202100001716;198 723;10;0;2;1;2;1
202100001716;198 724;7;0;0;4;2;1
202100001717;198 722;7;1;0;3;13;1
202100001718;198 720;7;0;2;1;1;1
202100001718;198 721;7;0;2;4;1;1
202100001719;198 717;7;0;2;1;2;1
202100001719;198 718;7;0;2;4;2;1
202100001719;198 719;7;0;2;1;2;1
202100001720;198 716;7;0;1;3;26;1
202100001721;198 715;7;0;1;1;15;1
202100001722;198 712;7;0;2;4;2;1
202100001722;198 713;7;0;2;5;2;1
202100001722;198 714;7;0;2;1;2;1
202100001723;198 709;7;0;2;7;21;1
202100001723;198 710;7;0;2;2;5;
202100001723;198 711;7;0;2;1;1;1
202100001724;198 705;30;0;2;4;23;1
202100001724;198 706;7;0;2;1;1;1
202100001725;198 704;7;0;1;1;16;1
202100001726;198 703;3;0;1;1;9;1
202100001727;198 700;7;6;0;1;13;1
202100001728;198 698;7;0;2;6;15;1
202100001728;198 699;33;0;2;1;1;1
202100001729;198 696;32;0;2;1;2;0
202100001729;198 697;7;0;0;4;23;6
202100001730;198 694;7;0;2;3;11;6
202100001730;198 695;7;0;2;2;26;6
202100001731;198 692;7;0;2;3;9;1
202100001731;198 693;50;0;2;1;1;3
202100001732;198 691;7;0;1;1;1;1
202100001733;198 690;50;15;0;1;26;3
202100001734;198 688;7;0;2;7;19;1
202100001734;198 689;7;0;2;1;1;1
202100001735;198 687;7;0;1;2;15;1
202100001736;198 685;1;0;2;1;1;6
202100001736;198 686;7;0;2;2;15;0
202100001737;198 683;10;0;2;4;1;1
202100001737;198 684;32;0;2;1;13;1
202100001738;198 681;7;0;2;5;23;1
202100001738;198 682;43;0;2;3;3;1
202100001739;198 679;7;0;2;6;9;1
202100001739;198 680;13;0;2;2;1;1
202100001740;198 677;32;0;2;1;1;1
202100001740;198 678;7;0;2;1;5;0
202100001741;198 676;7;0;1;1;15;1
202100001742;198 674;30;0;2;3;1;1
202100001742;198 675;10;0;2;2;1;1
202100001743;198 672;7;0;2;1;1;2
202100001743;198 673;10;0;2;7;1;1
202100001744;198 670;7;0;2;5;15;1
202100001744;198 671;33;0;2;1;1;3
202100001745;198 668;33;0;2;7;17;1
202100001745;198 669;7;0;2;8;15;1
202100001746;198 666;1;0;2;2;1;5
202100001746;198 667;7;0;2;2;15;1
202100001747;198 664;7;0;2;2;16;1
202100001747;198 665;50;0;2;1;19;3
202100001748;198 662;7;0;2;5;24;1
202100001748;198 663;32;0;1;2;18;1
202100001749;198 661;1;0;1;1;1;5
202100001750;198 660;7;1;1;2;1;1
202100001751;198 658;10;0;2;2;15;1
202100001751;198 659;31;0;2;1;1;1
202100001752;198 657;34;15;0;1;14;1
202100001753;198 655;30;0;2;1;3;3
202100001753;198 656;7;0;2;7;16;1
202100001754;198 654;10;0;1;1;15;1
202100001755;198 652;10;0;2;6;11;1
202100001755;198 653;7;0;2;2;2;1
202100001756;198 650;7;0;0;0;0;1
202100001756;198 651;2;0;0;0;0;1
202100001757;198 648;7;0;2;0;0;0
202100001757;198 649;1;0;2;0;0;0
202100001758;198 647;7;0;1;1;1;1
202100001759;198 646;0;0;0;0;26;0
202100001760;198 644;33;0;2;2;2;1
202100001760;198 645;14;0;2;0;0;0
202100001761;198 642;30;0;2;0;0;1
202100001761;198 643;7;0;2;1;1;2
202100001762;198 640;32;0;2;5;17;1
202100001762;198 641;7;0;2;3;26;1
202100001763;198 639;7;0;1;4;26;2
202100001764;198 638;7;0;1;2;1;1
202100001765;198 636;31;0;2;1;1;3
202100001765;198 637;7;0;2;3;15;1
202100001766;198 633;7;0;2;1;5;1
202100001766;198 634;7;0;2;1;23;1
202100001766;198 635;31;0;2;1;1;1
202100001767;198 632;7;13;0;1;21;1
202100001768;198 630;32;0;2;1;17;1
202100001768;198 631;7;0;2;3;26;1
202100001769;198 628;7;0;0;6;15;1
202100001769;198 629;7;0;2;1;17;1
202100001770;198 626;7;0;2;1;1;1
202100001770;198 627;7;0;2;7;15;1
202100001771;198 625;7;6;0;3;0;1
202100001772;198 624;7;0;1;1;16;1
202100001773;198 623;7;2;0;1;26;1
202100001774;198 622;7;6;0;6;1;1
202100001775;198 620;7;0;2;1;1;1
202100001775;198 621;7;0;2;1;1;1
202100001776;198 617;7;0;2;1;2;1
202100001776;198 618;7;0;2;5;2;1
202100001776;198 619;7;0;2;3;2;1
202100001777;198 615;1;0;2;8;10;5
202100001777;198 616;7;0;2;7;17;1
202100001778;198 611;7;3;2;3;17;1
202100001778;198 612;10;0;2;1;1;1
202100001778;198 613;10;13;2;2;2;1
202100001778;198 614;15;0;2;1;2;1
202100001779;198 610;7;0;1;2;2;1
202100001780;198 609;7;13;0;2;1;1
202100001781;198 607;10;0;2;7;19;1
202100001781;198 608;7;0;2;1;1;1
202100001782;198 605;2;0;2;8;1;1
202100001782;198 606;7;0;2;3;9;1
202100001783;198 604;7;2;0;1;0;1
202100001784;198 602;10;0;2;7;1;0
202100001784;198 603;1;0;2;8;1;5
202100001785;198 601;7;0;1;1;1;1
202100001786;198 600;20;0;1;4;4;4
202100001787;198 599;7;13;0;9;1;1
202100001788;198 597;7;0;2;1;1;1
202100001788;198 598;2;0;2;7;1;1
202100001789;198 595;7;0;2;2;1;1
202100001789;198 596;10;0;2;3;1;1
202100001790;198 594;7;13;0;1;14;1
202100001791;198 593;7;0;1;2;1;1
202100001792;198 592;17;0;1;2;1;1
202100001793;198 591;7;13;0;2;0;1
202100001794;198 590;7;0;1;2;1;1
202100001795;198 589;3;0;0;0;1;3
202100001796;198 588;7;3;0;0;0;1
202100001797;198 586;17;0;0;4;2;1
202100001797;198 587;10;0;2;1;2;1
202100001798;198 585;33;0;0;7;9;1
202100001799;198 584;7;2;0;2;1;1
202100001800;198 581;7;4;0;4;2;1
202100001800;198 582;7;0;2;1;2;1
202100001800;198 583;7;0;2;1;2;1
202100001801;198 579;7;0;2;8;1;1
202100001801;198 580;15;0;2;3;1;1
202100001802;198 578;7;2;0;7;0;1
202100001803;198 576;10;0;0;1;17;1
202100001803;198 577;7;0;0;1;1;1
202100001804;198 575;7;2;0;3;1;1
202100001805;198 573;7;0;2;3;0;1
202100001805;198 574;7;0;2;3;0;1
202100001806;198 572;7;0;1;4;26;1
202100001807;198 570;7;0;2;1;1;2
202100001807;198 571;7;0;2;8;15;1
202100001808;198 568;7;0;0;2;1;1
202100001808;198 569;7;0;2;1;19;1
202100001809;198 563;7;0;2;1;2;1
202100001809;198 564;7;0;0;5;2;1
202100001809;198 565;7;0;0;7;23;1
202100001809;198 566;10;0;2;1;1;1
202100001809;198 567;7;0;2;1;2;1
202100001810;198 561;7;0;2;3;19;1
202100001810;198 562;10;0;2;2;1;1
202100001811;198 560;7;3;0;1;1;1
202100001812;198 558;7;0;2;3;1;1
202100001812;198 559;7;0;2;3;13;1
202100001813;198 557;7;17;0;1;1;1
202100001814;198 555;7;0;2;3;1;1
202100001814;198 556;7;0;2;3;1;1
202100001815;198 553;7;0;2;2;13;1
202100001815;198 554;2;0;2;1;1;1
202100001816;198 552;7;13;0;1;0;1
202100001817;198 550;7;0;9;9;17;1
202100001817;198 551;1;0;2;4;1;5
202100001818;198 549;7;9;9;1;2;1
202100001819;198 548;7;3;0;1;14;1
202100001820;198 546;14;0;2;0;0;1
202100001820;198 547;7;0;2;4;2;1
202100001821;198 543;7;0;2;1;2;1
202100001821;198 544;7;0;2;4;2;1
202100001821;198 545;7;0;2;2;2;1
202100001822;198 542;33;6;0;8;1;1
202100001823;198 540;7;0;2;3;2;1
202100001823;198 541;7;0;2;2;2;1
202100001824;198 537;10;0;2;8;11;1
202100001824;198 538;7;0;2;4;2;1
202100001824;198 539;43;0;2;2;2;1
202100001825;198 535;7;0;2;2;0;1
202100001825;198 536;7;3;2;6;1;3
202100001826;198 533;7;0;2;7;17;1
202100001826;198 534;7;0;2;3;1;1
202100001827;198 531;7;0;2;1;1;1
202100001827;198 532;7;0;2;4;1;1
202100001828;198 529;7;0;2;1;2;1
202100001828;198 530;7;0;2;4;2;1
202100001829;198 527;7;0;2;0;0;1
202100001829;198 528;7;0;0;2;17;1
202100001830;198 525;30;0;2;1;26;1
202100001830;198 526;30;0;2;1;21;1
202100001831;198 524;0;0;1;0;26;1
202100001832;198 522;7;0;2;5;15;1
202100001832;198 523;2;0;2;1;1;1
202100001833;198 521;30;15;0;8;13;1
202100001834;198 519;30;0;2;1;1;1
202100001834;198 520;7;0;2;4;2;1
202100001835;198 517;50;0;2;1;1;3
202100001835;198 518;7;0;2;2;1;1
202100001836;198 515;7;0;2;8;11;1
202100001836;198 516;33;0;2;7;1;1
202100001837;198 513;7;0;2;1;21;1
202100001837;198 514;7;0;2;4;1;1
202100001838;198 511;7;0;2;7;15;1
202100001838;198 512;33;0;2;1;1;1
202100001839;198 510;13;0;1;3;15;1
202100001840;198 509;7;0;1;3;1;1
202100001841;198 508;30;0;1;1;17;1
202100001842;198 507;7;15;0;1;0;1
202100001843;198 505;7;0;2;1;26;1
202100001843;198 506;7;0;2;1;26;1
202100001844;198 503;7;0;2;6;24;1
202100001844;198 504;7;1;0;1;13;1
202100001845;198 501;7;0;2;2;19;1
202100001845;198 502;1;0;2;1;1;5
202100001846;198 499;1;0;2;7;19;0
202100001846;198 500;7;0;9;1;26;1
202100001847;198 497;7;0;2;1;1;1
202100001847;198 498;7;0;2;2;1;1
202100001848;198 495;7;15;0;8;26;0
202100001848;198 496;10;0;0;1;1;0
202100001849;198 493;7;0;2;1;2;1
202100001849;198 494;7;0;2;4;1;1
202100001850;198 491;7;0;2;4;2;1
202100001850;198 492;7;0;2;1;2;0
202100001851;198 488;15;0;2;4;11;1
202100001851;198 489;7;0;2;1;12;1
202100001852;198 487;7;0;0;1;9;1
202100001853;198 485;7;0;2;2;9;1
202100001853;198 486;3;0;2;3;1;1
202100001854;198 483;7;0;2;8;15;1
202100001854;198 484;33;0;2;1;17;1
202100001855;198 481;7;0;2;1;2;1
202100001855;198 482;7;0;2;4;2;1
202100001856;198 479;80;1;2;6;1;3
202100001856;198 480;7;0;2;1;1;1
202100001857;198 476;7;0;2;0;0;1
202100001857;198 477;7;0;2;0;0;1
202100001857;198 478;7;0;2;3;13;2
202100001858;198 474;7;0;2;3;5;1
202100001858;198 475;7;0;2;3;1;1
202100001859;198 472;7;0;2;1;2;1
202100001859;198 473;7;0;2;4;2;1
202100001860;198 470;7;0;2;3;13;1
202100001860;198 471;17;0;2;3;1;1
202100001861;198 469;40;0;1;2;26;3
202100001862;198 468;7;0;1;1;15;1
202100001863;198 466;20;0;2;1;5;0
202100001863;198 467;20;0;0;1;1;1
202100001864;198 465;33;16;0;0;1;1
202100001865;198 463;3;0;2;1;2;1
202100001865;198 464;7;0;2;4;1;1
202100001866;198 462;7;0;1;1;1;1
202100001867;198 459;7;0;2;9;1;1
202100001867;198 460;10;0;2;8;1;1
202100001867;198 461;7;0;2;2;1;1
202100001868;198 457;7;0;9;1;1;1
202100001868;198 458;1;0;2;8;15;5
202100001869;198 452;7;0;2;1;1;1
202100001869;198 453;7;0;2;8;1;1
202100001869;198 454;15;0;2;6;1;1
202100001869;198 455;7;0;2;2;1;1
202100001869;198 456;7;0;2;9;17;1
202100001870;198 450;7;0;2;1;26;3
202100001870;198 451;30;0;2;1;26;3
202100001871;198 448;30;0;2;1;26;1
202100001871;198 449;7;0;2;8;26;1
202100001872;198 447;7;0;1;3;26;1
202100001873;198 446;34;4;0;8;1;1
202100001874;198 445;7;6;0;4;14;1
202100001875;198 444;7;4;0;9;1;1
202100001876;198 439;10;0;2;1;2;1
202100001876;198 440;7;0;2;4;2;1
202100001876;198 441;7;0;2;4;2;1
202100001876;198 442;7;0;2;4;2;1
202100001876;198 443;7;0;0;4;2;1
202100001877;198 437;7;0;2;4;2;1
202100001877;198 438;14;0;2;1;2;1
202100001878;198 435;7;0;2;4;23;1
202100001878;198 436;7;0;2;1;2;1
202100001879;198 433;7;0;2;1;1;1
202100001879;198 434;7;0;2;4;1;1
202100001880;198 432;30;0;0;0;1;1
202100001881;198 431;7;8;0;1;15;1
202100001882;198 430;7;0;1;3;26;1
202100001883;198 429;7;0;1;2;1;1
202100001884;198 427;7;0;2;1;5;1
202100001884;198 428;7;0;2;1;1;1
202100001885;198 426;7;0;1;1;19;1
202100001886;198 425;7;3;0;1;1;1
202100001887;198 423;1;0;2;1;1;5
202100001887;198 424;7;0;2;8;1;1
202100001888;198 421;7;0;2;2;26;1
202100001888;198 422;7;0;2;1;0;1
202100001889;198 419;7;0;9;7;1;1
202100001889;198 420;1;0;2;1;1;5
202100001890;198 417;7;0;2;3;15;1
202100001890;198 418;7;6;2;2;21;1
202100001891;198 415;7;0;2;6;1;1
202100001891;198 416;7;0;2;2;26;1
202100001892;198 414;7;0;1;1;1;3
202100001893;198 413;30;2;0;3;26;1
202100001894;198 411;7;15;1;2;15;0
202100001894;198 412;7;15;1;5;23;1
202100001895;198 409;7;0;2;3;2;1
202100001895;198 410;1;0;0;0;0;0
202100001896;198 407;33;0;2;2;1;1
202100001896;198 408;7;0;2;3;12;1
202100001897;198 406;7;0;1;1;1;1
202100001898;198 404;14;0;2;3;1;1
202100001898;198 405;7;0;2;1;13;1
202100001899;198 401;7;0;2;6;23;1
202100001899;198 402;33;0;2;4;23;1
202100001899;198 403;31;0;2;1;1;1
202100001900;198 400;7;2;0;2;21;1
202100001901;198 398;7;4;2;9;16;1
202100001901;198 399;7;4;2;8;1;1
202100001902;198 396;32;0;2;4;7;1
202100001902;198 397;7;0;2;1;16;1
202100001903;198 394;31;14;0;1;14;1
202100001904;198 393;50;0;1;0;25;3
202100001905;198 391;10;0;2;3;15;1
202100001905;198 392;7;0;2;2;1;1
202100001906;198 390;50;0;0;1;1;3
202100001907;198 388;32;0;2;1;1;3
202100001907;198 389;7;0;2;2;15;2
202100001908;198 386;7;0;2;7;11;1
202100001908;198 387;2;0;2;3;11;1
202100001909;198 385;7;0;1;2;26;1
202100001910;198 383;1;0;2;6;1;5
202100001910;198 384;7;0;9;1;1;2
202100001911;198 377;7;0;2;1;1;1
202100001911;198 378;7;0;2;8;2;1
202100001912;198 375;33;0;2;3;1;1
202100001912;198 376;7;0;2;3;15;1
202100001913;198 373;33;0;2;1;1;1
202100001913;198 374;10;0;2;2;5;1
202100001914;198 372;10;0;1;1;15;3
202100001915;198 371;7;6;0;2;14;1
202100001916;198 369;3;0;2;4;2;0
202100001916;198 370;3;0;2;1;23;0
202100001917;198 367;7;0;2;1;9;1
202100001917;198 368;2;0;2;7;0;1
202100001918;198 365;2;0;2;3;26;1
202100001918;198 366;7;0;2;1;26;2
202100001919;198 363;33;0;2;7;2;1
202100001919;198 364;7;0;2;8;11;1
202100001920;198 362;7;0;1;1;1;1
202100001921;198 360;7;0;2;1;16;1
202100001921;198 361;10;0;0;0;0;1
202100001922;198 358;7;0;2;1;1;1
202100001922;198 359;50;0;2;8;19;3
202100001923;198 357;34;0;0;8;1;0
202100001924;198 355;7;0;2;6;23;1
202100001924;198 356;7;1;0;2;0;1
202100001925;198 353;33;0;2;1;1;1
202100001925;198 354;7;0;2;5;15;1
202100001926;198 350;7;0;2;1;17;1
202100001926;198 351;2;0;2;1;1;1
202100001927;198 349;14;0;1;2;1;1
202100001928;198 348;7;2;0;3;1;1
202100001929;198 346;7;0;2;1;2;1
202100001929;198 347;7;0;2;4;15;1
202100001930;198 344;7;0;2;1;1;1
202100001930;198 345;7;0;2;1;13;1
202100001931;198 343;7;13;0;1;1;1
202100001932;198 341;7;0;2;3;0;1
202100001932;198 342;7;0;2;3;0;1
202100001933;198 340;7;0;1;2;2;1
202100001934;198 338;7;0;2;1;1;1
202100001934;198 339;10;0;2;1;1;1
202100001935;198 337;0;0;0;0;0;0
202100001936;198 335;15;0;2;3;1;1
202100001936;198 336;7;0;2;1;13;1
202100001937;198 334;7;15;0;9;1;1
202100001938;198 333;10;0;1;3;9;1
202100001939;198 332;7;0;1;1;13;1
202100001940;198 331;33;8;0;8;13;1
202100001941;198 329;7;0;2;1;1;1
202100001941;198 330;15;0;0;4;1;1
202100001942;198 328;10;0;1;2;1;1
202100001943;198 327;7;8;0;3;1;1
202100001944;198 326;7;16;0;0;1;1
202100001945;198 324;7;0;2;1;15;1
202100001945;198 325;7;0;2;2;1;1
202100001946;198 323;2;0;6;1;0;1
202100001947;198 321;2;0;2;1;0;1
202100001947;198 322;7;0;2;3;0;1
202100001948;198 319;15;0;2;6;13;1
202100001948;198 320;10;3;2;2;17;1
202100001949;198 318;7;6;0;1;1;1
202100001950;198 317;7;0;0;7;1;1
202100001951;198 315;7;0;2;8;16;1
202100001951;198 316;7;0;2;1;1;1
202100001952;198 312;7;0;2;1;15;2
202100001952;198 313;7;0;2;1;1;1
202100001952;198 314;14;0;2;3;1;1
202100001953;198 310;7;0;2;3;1;1
202100001953;198 311;2;0;2;1;1;3
202100001954;198 309;33;12;0;7;1;1
202100001955;198 307;7;0;2;2;1;1
202100001955;198 308;7;0;2;3;15;1
202100001956;198 304;15;0;2;3;23;1
202100001956;198 305;15;0;2;5;15;1
202100001956;198 306;7;0;2;1;1;1
202100001957;198 301;7;0;2;1;1;1
202100001957;198 302;7;0;2;6;1;1
202100001957;198 303;7;0;2;3;13;1
202100001958;198 300;15;8;0;1;1;1
202100001959;198 299;7;2;0;7;14;1
202100001960;198 297;7;0;2;3;5;1
202100001960;198 298;33;0;0;8;1;1
202100001961;198 295;10;0;2;1;15;1
202100001961;198 296;2;0;2;1;1;1
202100001962;198 294;7;4;0;3;1;1
202100001963;198 292;7;0;2;3;13;1
202100001963;198 293;10;13;2;8;1;1
202100001964;198 290;7;0;2;2;5;1
202100001964;198 291;7;0;2;1;1;1
202100001965;198 289;39;0;1;2;0;3
202100001966;198 288;7;2;0;1;1;1
202100001967;198 286;14;0;2;3;1;1
202100001967;198 287;7;0;2;3;13;1
202100001968;198 284;7;0;2;2;1;1
202100001968;198 285;7;0;0;7;15;1
202100001969;198 282;7;0;0;3;23;1
202100001969;198 283;7;1;0;2;2;1
202100001970;198 280;7;0;2;4;26;1
202100001970;198 281;7;0;2;0;26;1
202100001971;198 279;34;3;0;7;1;1
202100001972;198 277;7;0;2;1;2;1
202100001972;198 278;7;0;2;4;2;1
202100001973;198 275;10;0;2;7;21;1
202100001973;198 276;7;0;2;8;1;1
202100001974;198 273;7;0;2;1;1;1
202100001974;198 274;7;0;2;4;1;1
202100001975;198 271;10;0;2;1;1;1
202100001975;198 272;7;0;2;4;1;1
202100001976;198 268;7;0;2;4;2;3
202100001976;198 269;7;0;2;1;2;1
202100001976;198 270;7;0;2;4;2;1
202100001977;198 266;7;4;0;4;23;1
202100001977;198 267;10;14;0;1;1;1
202100001978;198 264;33;0;2;1;11;1
202100001978;198 265;7;0;2;4;1;1
202100001979;198 261;10;0;2;1;2;1
202100001979;198 262;7;0;2;4;2;1
202100001979;198 263;7;0;2;4;2;1
202100001980;198 260;17;16;0;7;26;1
202100001981;198 258;7;0;2;4;1;1
202100001981;198 259;33;0;2;1;3;1
202100001982;198 256;7;0;2;1;2;1
202100001982;198 257;10;0;2;5;2;1
202100001983;198 254;10;0;2;6;26;0
202100001983;198 255;10;0;2;2;1;1
202100001984;198 252;1;0;2;9;1;5
202100001984;198 253;7;0;2;1;16;1
202100001985;198 251;7;3;0;2;14;1
202100001986;198 249;7;0;1;5;26;1
202100001986;198 250;30;0;2;1;1;1
202100001987;198 247;32;0;2;3;1;1
202100001987;198 248;30;0;2;2;1;1
202100001988;198 245;7;0;2;1;10;1
202100001988;198 246;30;0;2;1;1;1
202100001989;198 243;30;0;2;2;1;1
202100001989;198 244;30;0;2;4;15;1
202100001990;198 241;33;0;2;0;1;1
202100001990;198 242;10;0;0;1;16;1
202100001991;198 240;40;0;1;3;1;3
202100001992;198 236;7;0;2;1;0;0
202100001992;198 237;7;0;2;4;23;1
202100001992;198 238;7;0;2;4;23;1
202100001992;198 239;7;0;2;4;23;1
202100001993;198 234;32;0;2;3;1;1
202100001993;198 235;7;0;2;2;15;1
202100001994;198 233;10;0;1;3;1;1
202100001995;198 231;7;0;2;1;1;1
202100001995;198 232;1;0;2;8;15;5
202100001996;198 229;7;0;2;2;1;1
202100001996;198 230;50;0;2;1;14;3
202100001997;198 228;7;0;1;1;1;2
202100001998;198 226;33;0;2;2;19;1
202100001998;198 227;7;0;2;3;1;1
202100001999;198 224;7;0;1;4;1;1
202100001999;198 225;7;0;2;1;2;1
202100002000;198 216;15;0;2;2;15;1
202100002000;198 217;2;0;2;1;1;1
202100002001;198 215;33;8;1;0;17;1
202100002002;198 213;30;0;2;1;26;1
202100002002;198 214;10;0;2;3;9;1
202100002003;198 210;7;0;2;1;16;1
202100002003;198 211;7;0;2;2;1;1
202100002004;198 208;7;0;2;2;1;1
202100002004;198 209;7;0;2;1;1;1
202100002005;198 207;7;1;0;8;14;1
202100002006;198 206;7;13;2;1;14;1
202100002007;198 204;1;1;2;2;15;5
202100002007;198 205;7;0;2;1;16;0
202100002008;198 202;33;0;2;3;18;1
202100002008;198 203;7;0;2;2;14;1
202100002009;198 200;7;0;2;2;2;1
202100002009;198 201;7;0;2;3;9;1
202100002010;198 198;7;0;2;7;9;1
202100002010;198 199;1;0;2;3;9;0
202100002011;198 196;7;0;2;1;1;1
202100002011;198 197;7;0;2;1;26;1
202100002012;198 195;7;2;0;1;26;1
202100002013;198 194;7;0;2;1;26;1
202100002014;198 192;33;0;2;1;1;1
202100002014;198 193;7;0;2;2;15;1
202100002015;198 191;7;0;1;1;15;1
202100002016;198 187;7;0;2;4;2;1
202100002016;198 188;7;0;2;4;2;1
202100002016;198 189;7;0;2;4;2;1
202100002016;198 190;10;0;2;1;1;1
202100002017;198 186;7;2;1;1;13;1
202100002018;198 185;7;0;1;2;26;2
202100002019;198 183;7;0;2;2;9;1
202100002019;198 184;7;0;2;3;1;1
202100002020;198 181;7;0;2;8;15;1
202100002020;198 182;1;0;2;1;1;5
202100002021;198 179;15;0;1;0;1;1
202100002022;198 176;7;0;2;1;9;1
202100002022;198 177;7;0;2;9;23;1
202100002022;198 178;7;0;2;5;23;1
202100002023;198 174;1;0;2;3;26;5
202100002023;198 175;7;0;2;3;2;1
202100002024;198 173;7;6;0;3;26;1
202100002025;198 171;7;0;2;1;5;1
202100002025;198 172;7;0;2;1;1;1
202100002026;198 169;30;0;2;1;1;1
202100002026;198 170;7;0;2;8;15;1
202100002027;198 168;7;0;5;1;1;1
202100002028;198 166;7;0;2;1;1;1
202100002028;198 167;7;0;2;3;1;1
202100002029;198 165;37;0;0;0;1;1
202100002030;198 163;7;0;2;1;3;1
202100002030;198 164;37;0;2;3;1;1
202100002031;198 162;32;13;0;7;1;1
202100002032;198 161;10;0;1;0;1;1
202100002033;198 160;7;6;0;1;15;1
202100002034;198 159;15;2;0;3;14;1
202100002035;198 157;2;7;2;1;1;1
202100002035;198 158;2;0;2;1;1;1
202100002036;198 155;7;0;9;1;9;1
202100002036;198 156;80;0;2;4;1;3
202100002037;198 152;7;0;2;1;1;1
202100002037;198 153;7;0;2;4;23;1
202100002037;198 154;7;0;2;4;23;1
202100002038;198 149;14;0;2;3;2;1
202100002038;198 150;7;0;2;6;1;1
202100002038;198 151;33;0;2;7;3;1
202100002039;198 146;7;0;2;4;2;1
202100002039;198 147;7;0;2;1;2;1
202100002039;198 148;7;0;2;1;2;1
202100002040;198 145;7;12;1;2;14;1
202100002041;198 144;43;0;1;2;1;1
202100002042;198 142;10;0;2;3;9;1
202100002042;198 143;32;0;2;1;17;1
202100002043;198 141;7;2;0;3;21;1
202100002044;198 139;32;0;2;0;21;1
202100002044;198 140;7;0;2;0;15;1
202100002045;198 137;7;0;2;8;1;1
202100002045;198 138;50;0;2;1;1;3
202100002046;198 135;1;0;2;1;1;5
202100002046;198 136;50;0;2;1;1;3
202100002047;198 134;33;0;1;1;1;1
202100002048;198 133;1;0;1;1;25;5
202100002049;198 131;7;0;2;1;1;0
202100002049;198 132;7;1;0;7;0;1
202100002050;198 130;10;2;0;1;0;1
202100002051;198 127;10;0;2;1;2;1
202100002051;198 128;7;0;2;4;1;1
202100002051;198 129;7;0;2;4;16;1
202100002052;198 125;7;0;2;3;1;2
202100002052;198 126;1;0;2;1;1;5
202100002053;198 124;7;1;0;2;2;1
202100002054;198 121;7;1;2;2;17;1
202100002054;198 122;7;0;2;8;1;1
202100002054;198 123;7;0;2;4;24;1
202100002055;198 119;7;0;2;3;1;1
202100002055;198 120;50;0;2;2;17;3
202100002056;198 118;10;0;1;2;1;1
202100002057;198 116;7;0;2;8;15;1
202100002057;198 117;32;0;2;2;1;1
202100002058;198 115;30;0;1;1;1;1
202100002059;198 114;7;0;1;2;1;1
202100002060;198 112;7;0;2;0;0;1
202100002060;198 113;50;0;2;3;1;3
202100002061;198 111;7;0;1;3;2;1
202100002062;198 109;10;0;0;6;23;1
202100002062;198 110;1;1;0;1;1;5
202100002063;198 107;7;0;0;4;1;1
202100002063;198 108;2;0;2;1;2;1
202100002064;198 106;33;15;0;1;1;1
202100002065;198 105;7;13;0;1;14;1
202100002066;198 104;7;1;0;1;13;1
202100002067;198 102;7;0;2;1;1;1
202100002067;198 103;10;0;2;1;17;1
202100002068;198 101;2;1;0;7;1;1
202100002069;198 098;7;0;2;2;1;1
202100002069;198 099;7;0;2;1;1;1
202100002069;198 100;7;0;2;1;13;1
202100002070;198 096;10;0;9;0;0;1
202100002070;198 097;1;0;9;1;2;5
202100002071;198 095;7;13;0;9;17;1
202100002072;198 094;2;13;0;0;13;1
202100002073;198 092;7;0;2;3;1;1
202100002073;198 093;10;0;2;3;13;1