Num_Acc;id_vehicule;categorie_vehicule;obstacle_fixe;obstacle_mobile;point_choc_initial;manoeuvre_principale;motorisation
202100002074;198 089;7;0;0;6;0;1
202100002074;198 090;7;0;0;2;0;1
202100002074;198 091;7;0;0;3;0;1
202100002075;198 087;7;0;2;3;9;1
202100002075;198 088;2;0;2;1;1;1
202100002076;198 086;7;13;0;0;1;1
202100002077;198 085;7;13;0;3;17;1
202100002078;198 084;10;0;1;1;15;1
202100002079;198 082;7;0;0;1;1;1
202100002079;198 083;10;0;0;1;1;1
202100002080;198 081;10;0;1;1;0;1
202100002081;198 079;7;0;2;3;15;1
202100002081;198 080;31;13;9;1;17;1
202100002082;198 077;7;0;2;4;24;1
202100002082;198 078;7;1;0;3;13;1
202100002083;198 076;7;13;0;9;14;1
202100002084;198 073;7;0;2;3;1;1
202100002084;198 074;7;0;2;3;1;1
202100002084;198 075;7;0;2;2;1;1
202100002085;198 072;7;8;0;0;1;1
202100002086;198 070;7;0;2;1;1;1
202100002086;198 071;7;0;2;1;17;1
202100002087;198 069;2;8;0;3;1;1
202100002088;198 066;7;0;2;3;0;1
202100002088;198 067;10;0;2;3;1;1
202100002088;198 068;7;0;2;1;0;0
202100002089;198 064;10;0;2;2;1;1
202100002089;198 065;10;0;2;3;11;1
202100002090;198 062;7;0;2;2;1;1
202100002090;198 063;10;14;0;2;19;1
202100002091;198 061;7;13;0;1;2;1
202100002092;198 058;7;0;0;6;11;1
202100002092;198 059;7;0;2;2;1;1
202100002092;198 060;7;0;2;2;1;1
202100002093;198 056;14;0;2;3;1;1
202100002093;198 057;10;0;2;1;5;1
202100002094;198 054;1;0;2;8;19;5
202100002094;198 055;14;0;9;1;1;1
202100002095;198 053;7;3;0;3;16;1
202100002096;198 050;7;3;2;4;2;1
202100002096;198 051;7;0;2;1;2;1
202100002096;198 052;15;0;0;8;1;1
202100002097;198 048;31;0;2;8;5;1
202100002097;198 049;7;0;2;8;21;1
202100002098;198 046;33;0;2;1;1;1
202100002098;198 047;7;0;9;8;15;1
202100002099;198 044;7;0;2;6;17;1
202100002099;198 045;33;0;2;1;17;1
202100002100;198 042;7;0;2;3;1;1
202100002100;198 043;7;0;0;8;15;1
202100002101;198 041;7;2;0;1;0;1
202100002102;198 040;31;0;0;7;0;1
202100002103;198 039;7;13;0;1;1;1
202100002104;198 038;2;0;0;2;0;1
202100002105;198 037;7;2;0;1;5;1
202100002106;198 035;7;0;2;1;15;1
202100002106;198 036;7;0;2;1;1;1
202100002107;198 034;7;0;1;5;1;1
202100002108;198 033;2;0;0;1;1;1
202100002109;198 030;17;0;2;5;16;1
202100002109;198 031;80;0;2;3;1;3
202100002110;198 026;7;0;2;9;26;1
202100002110;198 027;7;0;2;9;0;1
202100002110;198 028;7;0;2;9;26;1
202100002110;198 029;7;0;2;4;26;1
202100002111;198 025;7;6;0;1;0;1
202100002112;198 023;10;0;2;7;1;1
202100002112;198 024;37;0;2;2;1;1
202100002113;198 016;7;0;2;1;2;1
202100002113;198 017;10;0;2;4;2;1
202100002113;198 018;10;0;2;4;2;1
202100002113;198 019;7;0;2;4;2;1
202100002113;198 020;7;0;2;4;2;1
202100002114;198 015;7;4;0;3;21;1
202100002115;198 014;7;4;0;8;13;1
202100002116;198 013;33;4;2;9;26;1
202100002117;198 011;10;0;2;7;1;1
202100002117;198 012;33;0;2;1;1;1
202100002118;198 010;7;6;0;9;21;1
202100002119;198 009;7;0;1;3;25;1
202100002120;198 006;7;0;2;1;0;1
202100002120;198 007;7;0;2;1;1;1
202100002120;198 008;7;0;2;6;0;1
202100002121;198 004;30;0;2;1;1;1
202100002121;198 005;30;0;2;1;1;1
202100002122;198 003;7;8;0;1;26;1
202100002123;198 001;7;0;2;3;15;1
202100002123;198 002;7;0;2;2;1;1
202100002124;197 998;7;0;2;2;20;1
202100002124;197 999;7;0;2;6;24;1
202100002124;198 000;7;0;2;2;1;0
202100002125;197 997;7;1;0;1;19;1
202100002126;197 995;7;0;2;1;15;1
202100002126;197 996;1;0;2;7;1;5
202100002127;197 993;60;0;2;1;26;5
202100002127;197 994;7;0;9;2;1;1
202100002128;197 992;30;14;0;1;1;1
202100002129;197 990;7;0;2;3;15;1
202100002129;197 991;2;0;2;7;1;1
202100002130;197 985;10;0;2;3;1;1
202100002130;197 986;7;0;2;2;1;1
202100002130;197 987;7;0;2;5;1;1
202100002131;197 983;7;0;2;3;13;1
202100002131;197 984;7;0;2;3;1;1
202100002132;197 982;32;6;0;3;26;1
202100002133;197 980;31;0;2;1;26;1
202100002133;197 981;7;0;2;1;15;1
202100002134;197 976;7;0;2;2;15;1
202100002134;197 977;1;0;2;3;1;5
202100002135;197 974;7;0;2;1;0;1
202100002135;197 975;30;0;2;2;15;1
202100002136;197 973;7;16;0;9;13;1
202100002137;197 971;7;0;2;1;1;1
202100002137;197 972;7;0;2;4;23;1
202100002138;197 969;10;0;2;1;1;1
202100002138;197 970;30;0;2;4;1;1
202100002139;197 967;7;0;2;3;13;1
202100002139;197 968;7;0;2;3;1;1
202100002140;197 962;7;0;0;0;0;0
202100002140;197 963;7;0;0;0;0;0
202100002141;197 960;10;0;2;6;19;1
202100002141;197 961;33;0;9;3;17;1
202100002142;197 958;7;0;2;5;15;1
202100002142;197 959;33;0;2;1;1;1
202100002143;197 957;99;12;0;0;1;3
202100002144;197 955;7;0;2;5;0;1
202100002144;197 956;7;0;2;1;0;1
202100002145;197 953;7;0;2;3;0;1
202100002145;197 954;7;0;2;8;0;1
202100002146;197 950;7;0;2;5;23;2
202100002146;197 951;7;0;2;1;2;1
202100002147;197 948;2;0;2;8;1;1
202100002147;197 949;10;0;2;1;1;1
202100002148;197 946;30;0;2;1;1;1
202100002148;197 947;7;0;2;2;15;1
202100002149;197 944;7;0;2;3;2;1
202100002149;197 945;33;0;2;1;13;1
202100002150;197 943;7;0;1;1;1;1
202100002151;197 941;7;0;0;6;1;1
202100002151;197 942;7;0;2;2;2;1
202100002152;197 939;32;0;2;2;3;1
202100002152;197 940;7;0;2;8;11;2
202100002153;197 937;33;0;2;3;3;1
202100002153;197 938;7;0;2;5;12;1
202100002154;197 936;7;0;1;3;1;1
202100002155;197 935;50;12;0;2;14;3
202100002156;197 933;7;0;2;1;15;1
202100002156;197 934;7;0;2;4;15;1
202100002157;197 931;7;0;2;2;15;1
202100002157;197 932;33;0;2;8;1;1
202100002158;197 927;7;0;2;2;15;1
202100002158;197 928;7;0;2;3;1;1
202100002158;197 929;7;0;2;5;23;1
202100002158;197 930;7;0;2;4;23;1
202100002159;197 925;7;0;2;3;19;1
202100002159;197 926;7;0;2;2;1;1
202100002160;197 923;7;0;2;1;1;1
202100002160;197 924;7;0;2;7;15;0
202100002161;197 921;10;0;2;7;1;1
202100002161;197 922;7;0;2;3;1;1
202100002162;197 918;7;0;2;1;0;1
202100002162;197 919;10;0;2;7;1;1
202100002162;197 920;7;1;2;1;26;1
202100002163;197 917;7;15;0;2;1;1
202100002164;197 914;7;0;2;1;1;1
202100002164;197 915;7;0;2;1;9;1
202100002164;197 916;7;3;2;4;9;1
202100002165;197 913;7;2;0;1;0;1
202100002166;197 912;7;13;0;2;14;1
202100002167;197 911;7;6;0;2;2;1
202100002168;197 910;7;9;0;9;1;1
202100002169;197 909;14;3;0;8;1;1
202100002170;197 906;7;4;0;1;0;1
202100002171;197 905;2;0;0;0;1;1
202100002172;197 903;2;0;2;1;13;1
202100002172;197 904;15;0;2;1;21;1
202100002173;197 902;2;0;2;7;2;1
202100002174;197 901;15;12;0;8;1;1
202100002175;197 900;7;0;1;2;1;2
202100002176;197 898;7;0;2;1;1;1
202100002176;197 899;7;0;2;3;1;1
202100002177;197 896;1;0;0;4;2;5
202100002177;197 897;10;0;9;2;2;1
202100002178;197 895;7;13;0;1;1;1
202100002179;197 894;7;13;0;2;0;1
202100002180;197 893;7;0;0;1;1;1
202100002181;197 891;7;0;2;1;1;1
202100002181;197 892;7;0;2;2;1;1
202100002182;197 890;7;8;0;9;1;1
202100002183;197 888;7;0;2;1;13;1
202100002183;197 889;7;0;2;1;1;1
202100002184;197 886;7;0;2;3;13;1
202100002184;197 887;7;0;2;3;1;1
202100002185;197 885;2;0;1;1;1;1
202100002186;197 884;7;0;0;9;17;1
202100002187;197 883;7;6;0;1;17;1
202100002188;197 881;7;0;2;3;1;1
202100002188;197 882;7;0;2;1;0;1
202100002189;197 880;7;13;0;2;1;1
202100002190;197 878;7;0;2;2;15;1
202100002190;197 879;14;0;2;3;1;1
202100002191;197 877;7;13;0;2;1;1
202100002192;197 875;1;0;2;1;1;5
202100002192;197 876;10;0;9;1;15;1
202100002193;197 873;7;0;2;3;0;1
202100002193;197 874;33;0;2;1;0;1
202100002194;197 871;7;0;2;5;5;1
202100002194;197 872;2;0;2;1;5;1
202100002195;197 869;7;0;2;3;1;1
202100002195;197 870;7;0;2;1;13;1
202100002196;197 867;7;0;2;7;15;1
202100002196;197 868;31;0;2;1;1;1
202100002197;197 865;1;0;2;0;15;0
202100002197;197 866;7;0;9;2;17;1
202100002198;197 864;7;3;0;1;1;1
202100002199;197 862;7;0;2;3;11;1
202100002199;197 863;32;16;2;8;1;1
202100002200;197 861;10;6;0;2;13;6
202100002201;197 858;7;0;2;6;1;1
202100002201;197 859;7;0;2;1;1;1
202100002201;197 860;7;0;2;7;11;1
202100002202;197 857;10;0;1;8;1;0
202100002203;197 854;7;0;2;3;13;1
202100002203;197 855;7;0;2;8;1;1
202100002203;197 856;7;0;2;1;1;1
202100002204;197 852;7;0;2;3;1;0
202100002204;197 853;7;0;2;3;13;1
202100002205;197 850;7;0;2;1;1;1
202100002205;197 851;7;0;2;5;9;1
202100002206;197 849;7;13;9;1;1;2
202100002207;197 848;7;0;1;1;1;1
202100002208;197 847;7;14;0;1;6;1
202100002209;197 846;7;13;0;1;0;1
202100002210;197 845;7;0;1;2;1;1
202100002211;197 841;7;0;2;6;23;1
202100002211;197 842;7;1;0;2;12;1
202100002211;197 843;7;0;2;2;1;1
202100002211;197 844;33;0;2;4;1;1
202100002212;197 839;7;0;2;2;2;1
202100002212;197 840;7;0;2;3;1;1
202100002213;197 837;10;0;2;6;1;1
202100002213;197 838;7;4;2;2;17;1
202100002214;197 835;7;0;2;4;2;1
202100002214;197 836;7;0;2;1;2;1
202100002215;197 832;7;0;2;1;1;1
202100002215;197 833;10;0;2;4;1;1
202100002215;197 834;7;0;0;4;1;1
202100002216;197 830;7;0;2;2;1;1
202100002216;197 831;7;4;0;6;2;1
202100002217;197 828;7;0;2;1;1;1
202100002217;197 829;7;0;2;4;1;1
202100002218;197 826;7;0;2;1;1;1
202100002218;197 827;7;0;2;4;1;1
202100002219;197 823;7;0;2;2;12;1
202100002219;197 824;33;0;2;3;3;1
202100002219;197 825;0;0;2;0;0;0
202100002220;197 821;7;0;2;4;1;1
202100002220;197 822;7;0;2;1;1;1
202100002221;197 819;7;0;2;6;1;1
202100002221;197 820;33;0;2;2;21;1
202100002222;197 817;7;0;9;1;1;1
202100002222;197 818;2;0;2;1;0;0
202100002223;197 815;7;0;2;1;19;1
202100002223;197 816;7;0;2;4;1;1
202100002224;197 813;7;0;2;4;2;1
202100002224;197 814;33;0;2;1;2;1
202100002225;197 811;60;0;2;0;0;5
202100002225;197 812;0;0;2;0;26;0
202100002226;197 809;7;0;2;1;2;0
202100002226;197 810;33;0;2;4;2;1
202100002227;197 807;7;0;2;1;1;1
202100002227;197 808;7;0;2;1;15;1
202100002228;197 805;7;0;2;1;15;1
202100002228;197 806;33;0;2;1;1;1
202100002229;197 804;32;8;0;8;13;1
202100002230;197 802;7;0;2;1;1;1
202100002230;197 803;7;0;2;4;1;1
202100002231;197 801;7;0;1;8;15;1
202100002232;197 800;7;0;1;1;1;1
202100002233;197 797;7;0;1;2;15;1
202100002234;197 795;7;0;2;2;17;1
202100002234;197 796;30;0;2;1;10;1
202100002235;197 789;7;0;2;1;1;1
202100002235;197 790;7;0;2;8;1;1
202100002236;197 787;7;0;2;5;10;1
202100002236;197 788;31;0;2;1;1;1
202100002237;197 785;7;0;2;1;1;1
202100002237;197 786;1;0;2;8;19;5
202100002238;197 783;30;0;2;1;19;1
202100002238;197 784;7;0;2;7;1;1
202100002239;197 781;30;0;2;0;0;1
202100002239;197 782;7;0;2;1;9;1
202100002240;197 779;7;0;2;4;13;1
202100002240;197 780;7;0;2;1;13;1
202100002241;197 777;7;0;9;3;1;1
202100002241;197 778;50;0;2;3;0;3
202100002242;197 773;7;0;2;8;2;1
202100002242;197 774;37;0;2;6;1;1
202100002242;197 775;7;0;2;6;2;1
202100002242;197 776;7;0;2;1;17;1
202100002243;197 772;7;9;0;3;1;1
202100002244;197 770;7;0;2;1;1;1
202100002244;197 771;7;0;2;4;1;1
202100002245;197 769;7;6;0;1;0;1
202100002246;197 768;10;0;1;2;2;3
202100002247;197 767;7;4;2;3;13;1
202100002248;197 764;7;0;2;1;2;1
202100002248;197 765;7;0;2;4;2;1
202100002248;197 766;7;0;2;4;2;1
202100002249;197 763;7;0;1;1;1;1
202100002250;197 762;7;2;0;3;25;1
202100002251;197 760;32;0;2;1;26;1
202100002251;197 761;1;0;2;8;10;5
202100002252;197 758;7;0;2;3;9;1
202100002252;197 759;7;0;2;2;1;1
202100002253;197 755;7;0;1;2;9;1
202100002254;197 754;7;0;1;1;9;1
202100002255;197 752;31;0;2;1;1;1
202100002255;197 753;7;0;2;1;13;1
202100002256;197 751;7;0;1;3;21;1
202100002257;197 749;34;0;2;4;1;1
202100002257;197 750;10;0;0;0;0;0
202100002258;197 745;7;0;2;8;9;1
202100002258;197 746;7;0;2;1;1;1
202100002259;197 744;37;0;1;3;1;1
202100002260;197 742;7;0;2;4;2;1
202100002260;197 743;7;0;2;1;2;1
202100002261;197 741;7;0;1;2;1;1
202100002262;197 740;10;0;1;3;15;1
202100002263;197 738;7;0;2;2;12;1
202100002263;197 739;33;0;2;3;3;1
202100002264;197 735;10;0;2;7;14;1
202100002264;197 736;10;0;2;0;1;3
202100002264;197 737;33;0;2;8;3;1
202100002265;197 733;7;0;2;2;16;0
202100002265;197 734;1;0;2;3;1;5
202100002266;197 732;7;0;1;1;1;0
202100002267;197 730;43;0;2;1;1;1
202100002267;197 731;32;0;2;4;23;1
202100002268;197 728;33;0;2;1;1;1
202100002268;197 729;7;0;2;3;10;1
202100002269;197 727;37;0;1;2;1;1
202100002270;197 725;7;0;2;8;15;2
202100002270;197 726;7;0;2;1;1;1
202100002271;197 724;2;0;0;0;21;1
202100002272;197 721;7;0;2;2;23;2
202100002272;197 722;34;0;2;1;21;1
202100002272;197 723;50;0;2;1;1;3
202100002273;197 720;32;0;1;1;1;1
202100002274;197 718;7;0;2;0;1;2
202100002274;197 719;33;0;2;0;21;1
202100002275;197 716;7;6;2;2;1;1
202100002275;197 717;7;0;2;3;1;1
202100002276;197 715;7;0;1;2;1;1
202100002277;197 713;7;0;2;8;15;1
202100002277;197 714;33;0;2;7;0;1
202100002278;197 711;7;0;2;2;1;1
202100002278;197 712;7;0;2;3;1;1
202100002279;197 708;7;0;2;1;1;1
202100002279;197 709;7;0;2;1;15;1
202100002280;197 706;7;0;9;3;9;1
202100002280;197 707;60;0;2;1;1;5
202100002281;197 705;7;0;1;2;16;1
202100002282;197 704;7;9;0;1;26;1
202100002283;197 702;7;0;2;8;1;1
202100002283;197 703;34;0;2;1;1;1
202100002284;197 700;34;0;2;8;1;1
202100002284;197 701;7;0;2;3;9;1
202100002285;197 699;7;0;1;1;1;1
202100002286;197 698;10;0;1;5;2;1
202100002287;197 697;7;0;1;5;1;1
202100002288;197 696;7;0;1;4;20;3
202100002289;197 695;7;15;0;1;1;0
202100002290;197 693;10;0;2;1;15;1
202100002290;197 694;30;0;2;8;1;1
202100002291;197 691;2;0;2;8;1;1
202100002291;197 692;7;0;2;2;15;2
202100002292;197 690;30;0;0;0;1;1
202100002293;197 688;1;0;2;3;1;6
202100002293;197 689;7;0;2;1;1;2
202100002294;197 686;33;0;2;1;1;1
202100002294;197 687;10;0;2;3;15;1
202100002295;197 685;7;0;1;1;16;1
202100002296;197 683;3;0;2;1;5;1
202100002296;197 684;7;0;2;4;4;1
202100002297;197 682;7;1;0;0;0;1
202100002298;197 681;7;16;0;1;1;1
202100002299;197 679;7;0;2;4;0;1
202100002299;197 680;7;0;2;1;0;1
202100002300;197 678;7;6;0;1;1;1
202100002301;197 677;3;0;1;1;1;1
202100002302;197 676;7;0;1;2;1;1
202100002303;197 674;7;3;0;6;1;1
202100002303;197 675;7;0;2;2;1;1
202100002304;197 668;7;3;0;1;1;1
202100002305;197 666;99;0;2;2;1;1
202100002305;197 667;34;0;2;1;1;1
202100002306;197 665;7;13;0;2;1;1
202100002307;197 664;50;0;0;0;16;3
202100002308;197 662;10;0;2;7;1;1
202100002308;197 663;7;0;2;1;19;1
202100002309;197 661;7;6;0;1;0;1
202100002310;197 659;7;0;2;1;1;1
202100002310;197 660;10;0;2;2;11;1
202100002311;197 658;10;2;0;2;1;1
202100002312;197 656;7;0;2;2;13;1
202100002312;197 657;7;0;2;2;1;1
202100002313;197 655;33;3;0;0;0;1
202100002314;197 654;7;0;1;1;0;1
202100002315;197 653;7;13;0;2;1;1
202100002316;197 651;31;0;2;3;1;1
202100002316;197 652;7;0;2;3;15;1
202100002317;197 649;1;0;2;2;1;5
202100002317;197 650;7;0;9;3;0;1
202100002318;197 648;33;13;0;7;17;1
202100002319;197 646;7;0;2;3;16;1
202100002319;197 647;7;0;2;1;17;1
202100002320;197 644;7;0;2;3;1;1
202100002320;197 645;7;0;2;3;1;1
202100002321;197 643;7;0;1;7;1;1
202100002322;197 641;7;0;2;7;1;0
202100002322;197 642;7;0;2;8;9;1
202100002323;197 640;7;14;0;1;1;1
202100002324;197 639;7;2;0;8;1;1
202100002325;197 635;7;0;2;1;1;1
202100002325;197 636;10;0;2;1;1;1
202100002325;197 637;10;0;2;3;1;1
202100002325;197 638;16;0;0;0;1;1
202100002326;197 633;7;0;2;6;1;1
202100002326;197 634;32;0;2;7;2;1
202100002327;197 631;7;0;2;2;1;1
202100002327;197 632;15;0;2;6;1;1
202100002328;197 629;1;0;0;0;1;6
202100002328;197 630;0;0;9;0;0;0
202100002329;197 626;10;0;2;3;14;0
202100002329;197 627;7;0;2;1;1;
202100002329;197 628;10;0;0;5;0;1
202100002330;197 624;15;0;2;3;1;1
202100002330;197 625;10;0;2;1;13;1
202100002331;197 621;7;0;2;1;1;1
202100002331;197 622;7;0;2;4;1;1
202100002331;197 623;7;0;2;4;1;1
202100002332;197 619;7;0;2;1;13;1
202100002332;197 620;33;0;2;1;1;1
202100002333;197 617;7;0;2;3;17;1
202100002333;197 618;7;13;2;3;1;1
202100002334;197 616;7;8;0;1;1;1
202100002335;197 614;10;0;2;5;20;3
202100002335;197 615;34;0;2;1;20;1
202100002336;197 612;43;0;2;1;1;1
202100002336;197 613;7;0;2;2;15;1
202100002337;197 610;7;0;2;1;1;1
202100002337;197 611;7;0;2;1;17;1
202100002338;197 609;7;0;1;3;1;1
202100002339;197 606;7;0;2;3;9;1
202100002339;197 607;7;0;2;1;1;1
202100002340;197 605;2;0;0;0;1;1
202100002341;197 602;7;0;2;3;26;1
202100002341;197 603;7;0;2;5;1;1
202100002342;197 600;7;0;2;4;1;1
202100002342;197 601;10;0;2;1;12;1
202100002343;197 596;10;0;2;1;2;1
202100002343;197 597;33;0;2;1;2;1
202100002343;197 598;7;0;2;1;2;1
202100002343;197 599;7;0;2;4;2;1
202100002344;197 593;7;0;2;1;2;1
202100002344;197 594;7;0;2;4;2;1
202100002344;197 595;7;0;2;4;2;1
202100002345;197 592;33;13;0;1;14;1
202100002346;197 590;7;0;0;0;26;0
202100002346;197 591;7;3;2;3;0;1
202100002347;197 588;7;0;2;6;1;2
202100002347;197 589;33;0;2;1;3;1
202100002348;197 585;7;0;2;1;2;1
202100002348;197 586;7;0;2;4;1;1
202100002348;197 587;10;0;2;4;1;1
202100002349;197 583;3;0;2;3;11;1
202100002349;197 584;33;0;2;3;0;1
202100002350;197 581;17;0;2;4;1;1
202100002350;197 582;10;0;2;1;1;1
202100002351;197 579;33;0;2;1;21;1
202100002351;197 580;7;0;2;4;1;1
202100002352;197 577;7;0;2;7;12;1
202100002352;197 578;33;0;2;1;3;1
202100002353;197 575;15;1;0;2;1;1
202100002353;197 576;7;1;0;6;24;1
202100002354;197 573;7;0;2;4;1;1
202100002354;197 574;7;0;2;1;1;1
202100002355;197 571;7;0;2;3;26;1
202100002355;197 572;7;0;2;2;12;1
202100002356;197 569;7;3;0;8;23;1
202100002356;197 570;37;3;0;8;10;1
202100002357;197 568;7;8;0;1;26;1
202100002358;197 567;32;0;0;0;0;1
202100002359;197 565;7;0;2;3;1;1
202100002359;197 566;50;0;2;1;1;3
202100002360;197 563;10;0;2;2;1;1
202100002360;197 564;7;0;2;6;1;1
202100002361;197 561;40;0;2;2;1;3
202100002361;197 562;7;11;4;1;1;1
202100002362;197 559;80;0;2;8;25;3
202100002362;197 560;7;0;2;7;26;1
202100002363;197 557;7;0;2;3;16;1
202100002363;197 558;99;0;2;1;1;3
202100002364;197 555;10;0;2;1;9;1
202100002364;197 556;30;0;2;1;9;1
202100002365;197 554;7;0;1;0;1;1
202100002366;197 553;32;6;0;1;1;1
202100002367;197 552;10;0;1;2;26;3
202100002368;197 550;7;0;2;2;3;1
202100002368;197 551;1;0;2;1;1;5
202100002369;197 549;7;6;0;1;13;1
202100002370;197 547;7;0;2;7;12;1
202100002370;197 548;2;0;2;0;2;1
202100002371;197 545;32;0;2;3;19;1
202100002371;197 546;37;0;2;5;19;1
202100002372;197 543;30;0;2;7;15;1
202100002372;197 544;7;0;2;1;1;1
202100002373;197 539;7;0;2;1;2;1
202100002373;197 540;10;0;2;1;2;1
202100002373;197 541;10;0;2;1;2;1
202100002373;197 542;10;0;2;4;1;1
202100002374;197 538;7;0;1;2;26;0
202100002375;197 536;10;0;2;1;17;1
202100002375;197 537;33;0;2;1;1;1
202100002376;197 534;7;0;2;3;15;1
202100002376;197 535;33;0;2;1;1;1
202100002377;197 533;7;0;1;4;4;1
202100002378;197 531;7;0;2;0;26;1
202100002378;197 532;7;0;2;1;1;1
202100002379;197 529;1;0;2;1;1;5
202100002379;197 530;7;0;2;1;15;1
202100002380;197 528;7;1;0;0;14;1
202100002381;197 527;7;0;1;2;1;1
202100002382;197 525;33;0;2;1;1;1
202100002382;197 526;7;0;2;3;15;1
202100002383;197 523;33;0;2;1;1;1
202100002383;197 524;7;0;2;3;9;1
202100002384;197 520;33;12;2;2;21;1
202100002384;197 521;10;0;2;2;17;1
202100002384;197 522;7;0;2;2;23;1
202100002385;197 519;37;0;1;2;21;1
202100002386;197 517;7;0;2;2;2;1
202100002386;197 518;7;0;2;6;2;1
202100002387;197 515;7;0;2;4;2;1
202100002387;197 516;33;0;2;1;2;1
202100002388;197 513;50;0;2;1;9;3
202100002388;197 514;7;0;2;8;0;0
202100002389;197 511;7;0;2;1;11;1
202100002389;197 512;7;0;2;1;1;1
202100002390;197 509;7;0;2;2;11;1
202100002390;197 510;7;0;2;1;1;1
202100002391;197 508;7;8;0;1;14;1
202100002392;197 502;7;0;2;4;2;2
202100002392;197 503;7;0;2;4;2;1
202100002392;197 504;7;0;2;4;2;1
202100002392;197 505;7;0;2;4;2;1
202100002392;197 506;7;0;2;4;2;1
202100002392;197 507;7;0;2;1;2;1
202100002393;197 500;7;0;2;4;2;1
202100002393;197 501;7;0;2;1;2;0
202100002394;197 498;7;0;4;7;23;1
202100002394;197 499;39;0;4;1;1;3
202100002395;197 497;7;0;1;2;1;1
202100002396;197 495;7;0;2;1;9;1
202100002396;197 496;7;0;2;8;1;1
202100002397;197 494;1;0;0;0;1;5
202100002398;197 493;7;0;1;1;1;1
202100002399;197 492;7;0;1;3;13;1
202100002400;197 491;33;0;1;2;21;1
202100002401;197 490;7;0;1;8;1;1
202100002402;197 486;50;6;2;0;23;3
202100002402;197 487;7;0;2;1;23;1
202100002402;197 488;10;0;2;2;26;1
202100002402;197 489;7;0;2;3;1;1
202100002403;197 484;2;0;2;1;1;1
202100002403;197 485;7;0;2;6;15;1
202100002404;197 482;7;0;2;1;13;1
202100002404;197 483;7;0;2;1;1;1
202100002405;197 480;7;0;9;3;1;1
202100002405;197 481;1;0;2;7;1;5
202100002406;197 478;50;0;2;1;1;3
202100002406;197 479;7;0;9;8;1;1
202100002407;197 476;7;0;2;6;13;1
202100002407;197 477;33;0;2;1;2;1
202100002408;197 475;7;0;1;1;9;1
202100002409;197 473;10;0;2;1;20;1
202100002409;197 474;2;0;2;9;1;1
202100002410;197 472;37;0;1;2;1;1
202100002411;197 469;7;0;2;1;15;1
202100002411;197 470;7;0;2;1;15;1
202100002411;197 471;7;0;2;1;15;1
202100002412;197 467;10;0;2;7;16;1
202100002412;197 468;50;0;2;1;1;3
202100002413;197 465;7;0;2;2;1;1
202100002413;197 466;2;0;2;6;1;1
202100002414;197 462;7;0;2;1;2;1
202100002414;197 463;7;0;2;4;2;1
202100002414;197 464;7;0;2;1;2;1
202100002415;197 460;2;0;2;6;26;1
202100002415;197 461;7;0;2;3;26;1
202100002416;197 459;7;0;1;1;1;1
202100002417;197 456;7;0;2;4;1;1
202100002417;197 457;10;0;2;4;1;1
202100002417;197 458;7;0;2;1;1;1
202100002418;197 454;7;0;2;2;16;1
202100002418;197 455;31;0;2;2;16;1
202100002419;197 452;1;0;2;1;1;5
202100002419;197 453;7;0;9;1;15;1
202100002420;197 451;7;0;1;5;13;1
202100002421;197 450;10;0;1;2;0;1
202100002422;197 449;7;0;1;1;17;1
202100002423;197 445;7;10;2;0;6;1
202100002423;197 446;10;0;2;0;1;1
202100002423;197 447;10;0;2;0;1;1
202100002423;197 448;32;0;2;0;1;1
202100002424;197 443;32;0;2;1;1;1
202100002424;197 444;7;0;2;1;15;1
202100002425;197 442;7;0;1;1;19;1
202100002426;197 438;7;0;0;0;5;1
202100002426;197 439;7;0;2;0;1;1
202100002426;197 440;10;0;2;4;2;1
202100002426;197 441;7;0;2;1;2;1
202100002427;197 436;7;0;2;2;1;0
202100002427;197 437;7;0;2;3;9;1
202100002428;197 434;50;0;2;3;19;3
202100002428;197 435;7;0;2;2;16;1
202100002429;197 433;7;8;0;1;14;0
202100002430;197 430;50;0;0;0;25;3
202100002431;197 427;7;0;2;1;9;1
202100002431;197 428;33;0;2;7;1;1
202100002432;197 424;7;0;2;4;2;1
202100002432;197 425;7;0;2;4;2;1
202100002432;197 426;7;0;2;1;9;1
202100002433;197 422;7;0;2;7;1;1
202100002433;197 423;7;0;2;3;9;1
202100002434;197 420;7;0;2;1;15;1
202100002434;197 421;2;0;2;8;1;1
202100002435;197 418;32;6;2;2;17;1
202100002435;197 419;7;0;2;8;15;1
202100002436;197 416;7;1;2;3;18;1
202100002436;197 417;7;0;2;7;16;1
202100002437;197 414;30;0;2;2;1;1
202100002437;197 415;7;0;2;3;1;0
202100002438;197 412;15;0;2;1;1;1
202100002438;197 413;7;0;2;3;1;1
202100002439;197 410;32;0;2;7;1;1
202100002439;197 411;7;0;2;2;5;1
202100002440;197 409;10;;1;4;26;1
202100002441;197 408;7;4;0;2;26;1
202100002442;197 406;50;0;2;1;26;3
202100002442;197 407;7;0;9;4;0;1
202100002443;197 404;7;0;2;3;15;1
202100002443;197 405;2;0;2;3;1;1
202100002444;197 403;7;0;1;2;1;1
202100002445;197 401;50;0;2;8;1;3
202100002445;197 402;40;0;2;3;1;3
202100002446;197 399;31;0;2;1;1;1
202100002446;197 400;7;0;2;2;9;1
202100002447;197 397;7;0;2;2;13;1
202100002447;197 398;33;0;2;1;1;1
202100002448;197 395;7;0;2;3;15;1
202100002448;197 396;33;0;2;2;17;1
202100002449;197 393;7;0;2;8;9;1
202100002449;197 394;17;0;2;1;1;1
202100002450;197 391;10;0;2;8;1;1
202100002450;197 392;7;0;2;8;15;1
202100002451;197 390;32;0;1;2;1;1
202100002452;197 389;7;0;1;3;15;1
202100002453;197 388;34;0;1;1;1;1
202100002454;197 386;1;0;2;8;15;5
202100002454;197 387;50;0;2;2;17;3
202100002455;197 384;1;0;2;1;1;5