Num_Acc;id_vehicule;categorie_vehicule;obstacle_fixe;obstacle_mobile;point_choc_initial;manoeuvre_principale;motorisation
202100002455;197 385;1;0;2;7;1;5
202100002456;197 382;7;0;2;8;10;1
202100002456;197 383;33;0;2;1;1;1
202100002457;197 381;7;0;1;7;1;2
202100002458;197 379;7;0;2;4;23;1
202100002458;197 380;30;0;2;1;18;1
202100002459;197 378;7;1;0;2;14;1
202100002460;197 376;10;0;2;3;15;1
202100002460;197 377;33;0;2;2;1;1
202100002461;197 374;1;0;2;1;1;5
202100002461;197 375;7;0;2;5;22;0
202100002462;197 372;7;0;2;5;12;0
202100002462;197 373;2;0;2;3;1;1
202100002463;197 370;1;0;2;6;11;5
202100002463;197 371;7;0;2;2;1;1
202100002464;197 368;30;0;2;3;1;3
202100002464;197 369;80;0;2;8;1;3
202100002465;197 367;7;0;1;1;1;0
202100002466;197 365;33;0;2;2;1;1
202100002466;197 366;7;0;2;5;1;1
202100002467;197 363;1;0;2;1;1;5
202100002467;197 364;2;0;2;3;9;1
202100002468;197 361;33;0;2;0;15;1
202100002468;197 362;7;0;2;3;1;2
202100002469;197 359;30;0;2;1;1;1
202100002469;197 360;10;0;2;3;15;1
202100002470;197 355;7;0;2;8;11;1
202100002470;197 356;7;0;2;7;1;2
202100002470;197 357;7;0;2;4;1;1
202100002470;197 358;31;0;2;4;1;1
202100002471;197 353;7;0;2;2;15;1
202100002471;197 354;2;0;2;1;16;1
202100002472;197 351;7;0;2;1;1;1
202100002472;197 352;7;0;2;1;1;1
202100002473;197 349;7;8;2;1;19;1
202100002473;197 350;7;0;2;1;1;1
202100002474;197 347;99;0;2;1;1;3
202100002474;197 348;7;0;2;3;15;1
202100002475;197 345;7;0;2;1;1;1
202100002475;197 346;7;1;0;1;21;1
202100002476;197 343;43;0;2;1;1;1
202100002476;197 344;1;0;2;1;2;5
202100002477;197 342;7;1;0;2;1;2
202100002478;197 341;10;0;1;7;26;1
202100002479;197 339;33;0;2;1;3;1
202100002479;197 340;17;0;2;1;1;1
202100002480;197 338;7;0;1;3;1;2
202100002481;197 335;7;0;2;1;17;1
202100002481;197 336;7;0;2;1;1;1
202100002481;197 337;37;0;2;1;1;1
202100002482;197 334;34;0;1;0;1;1
202100002483;197 332;33;0;2;2;1;1
202100002483;197 333;10;0;2;3;11;1
202100002484;197 331;7;2;0;9;13;1
202100002485;197 330;43;4;0;2;1;1
202100002486;197 328;7;0;9;3;1;3
202100002486;197 329;1;0;2;1;15;5
202100002487;197 326;7;0;2;2;17;1
202100002487;197 327;7;0;2;2;1;1
202100002488;197 325;7;13;0;3;1;1
202100002489;197 324;30;6;0;0;26;1
202100002490;197 323;7;0;1;2;16;1
202100002491;197 321;7;0;2;1;0;1
202100002491;197 322;7;4;0;3;0;1
202100002492;197 319;7;0;2;3;23;1
202100002492;197 320;7;0;2;1;16;1
202100002493;197 318;7;13;0;3;1;1
202100002494;197 315;7;0;2;2;9;1
202100002494;197 316;33;0;2;1;1;1
202100002494;197 317;7;0;2;3;1;1
202100002495;197 314;7;6;0;0;0;1
202100002496;197 312;7;0;2;8;15;1
202100002496;197 313;31;0;2;7;21;1
202100002497;197 310;10;0;2;2;2;1
202100002497;197 311;21;0;2;6;1;1
202100002498;197 308;7;0;0;0;1;1
202100002498;197 309;33;13;0;2;1;1
202100002499;197 307;7;0;1;1;1;1
202100002500;197 305;7;2;2;3;1;0
202100002500;197 306;3;0;2;3;1;0
202100002501;197 304;7;15;0;1;14;6
202100002502;197 302;7;0;2;1;1;1
202100002502;197 303;7;0;0;4;2;1
202100002503;197 300;31;0;2;1;1;1
202100002503;197 301;10;0;2;4;16;1
202100002504;197 298;32;0;2;1;1;1
202100002504;197 299;10;0;0;6;1;1
202100002505;197 297;7;0;1;1;1;1
202100002506;197 295;7;0;2;3;16;1
202100002506;197 296;2;0;2;1;1;1
202100002507;197 293;33;0;2;1;26;1
202100002507;197 294;7;0;2;1;1;1
202100002508;197 291;7;0;2;1;5;1
202100002508;197 292;7;0;2;1;1;1
202100002509;197 290;7;2;0;3;0;1
202100002510;197 288;7;0;2;1;9;1
202100002510;197 289;1;0;2;1;5;5
202100002511;197 287;7;6;0;9;0;1
202100002512;197 285;7;0;2;2;1;1
202100002512;197 286;7;0;2;2;15;1
202100002513;197 283;7;0;0;6;2;1
202100002513;197 284;2;0;2;1;2;1
202100002514;197 282;2;0;0;0;0;1
202100002515;197 280;7;0;2;1;1;1
202100002515;197 281;7;0;2;1;1;1
202100002516;197 279;7;0;1;1;1;1
202100002517;197 277;1;0;2;4;2;5
202100002517;197 278;7;0;9;2;2;1
202100002518;197 275;7;0;2;3;0;1
202100002518;197 276;2;0;2;1;13;1
202100002519;197 273;1;0;2;1;13;5
202100002519;197 274;2;0;2;1;1;1
202100002520;197 272;7;0;9;1;0;1
202100002521;197 270;7;0;9;3;1;1
202100002521;197 271;33;0;0;1;17;1
202100002522;197 268;7;0;2;1;1;1
202100002522;197 269;7;0;2;7;1;1
202100002523;197 267;7;6;0;1;1;1
202100002524;197 265;1;0;0;6;1;5
202100002524;197 266;7;0;2;2;1;1
202100002525;197 263;21;0;2;2;0;1
202100002525;197 264;7;0;2;1;0;1
202100002526;197 262;33;0;0;7;1;1
202100002527;197 260;34;0;2;1;1;1
202100002527;197 261;7;0;2;5;15;1
202100002528;197 259;7;13;0;2;1;1
202100002529;197 257;7;0;0;0;1;1
202100002529;197 258;7;0;0;0;1;1
202100002530;197 256;7;2;0;1;14;1
202100002531;197 255;7;6;2;2;1;1
202100002532;197 254;7;6;0;2;1;1
202100002533;197 253;33;12;0;1;1;1
202100002534;197 251;7;0;2;1;11;1
202100002534;197 252;7;0;2;1;1;1
202100002535;197 249;7;0;2;2;1;1
202100002535;197 250;2;0;2;1;5;1
202100002536;197 247;7;0;0;1;0;1
202100002536;197 248;7;0;2;1;0;1
202100002537;197 245;10;0;2;1;0;1
202100002537;197 246;7;0;2;2;1;1
202100002538;197 244;7;6;0;1;1;1
202100002539;197 242;7;0;2;1;1;1
202100002539;197 243;7;0;2;1;1;1
202100002540;197 241;7;6;0;2;10;1
202100002541;197 240;31;3;0;0;1;1
202100002542;197 238;7;0;2;3;9;1
202100002542;197 239;7;0;2;3;1;1
202100002543;197 236;7;0;2;1;1;1
202100002543;197 237;7;0;2;1;5;1
202100002544;197 234;7;0;2;3;15;1
202100002544;197 235;33;0;2;1;17;1
202100002545;197 231;7;0;2;2;1;1
202100002545;197 232;10;0;2;1;17;1
202100002545;197 233;7;0;2;1;1;1
202100002546;197 229;10;0;2;7;13;1
202100002546;197 230;7;0;2;1;1;1
202100002547;197 227;7;0;2;1;1;1
202100002547;197 228;7;0;2;1;5;1
202100002548;197 226;10;0;0;0;0;1
202100002549;197 224;1;0;0;4;1;5
202100002549;197 225;7;0;2;2;1;1
202100002550;197 223;2;0;0;0;13;1
202100002551;197 221;7;0;2;4;1;1
202100002551;197 222;7;0;2;1;2;1
202100002552;197 219;7;0;2;3;2;1
202100002552;197 220;7;0;2;6;2;1
202100002553;197 217;7;0;2;4;1;1
202100002553;197 218;7;0;2;1;2;1
202100002554;197 216;7;14;0;1;14;1
202100002555;197 214;33;0;2;1;2;1
202100002555;197 215;7;0;2;4;2;1
202100002556;197 212;7;0;2;3;11;1
202100002556;197 213;33;0;2;7;1;1
202100002557;197 210;17;0;2;4;1;1
202100002557;197 211;10;0;2;1;12;1
202100002558;197 208;10;0;2;0;12;1
202100002558;197 209;43;0;2;6;3;1
202100002559;197 207;31;0;0;0;12;3
202100002560;197 204;0;0;2;0;0;0
202100002560;197 205;10;0;2;4;2;0
202100002560;197 206;10;0;2;9;2;0
202100002561;197 203;7;3;0;2;1;1
202100002562;197 201;7;0;2;4;1;1
202100002562;197 202;33;0;2;1;11;1
202100002563;197 200;31;0;2;0;0;1
202100002564;197 197;7;3;0;3;11;1
202100002564;197 198;7;1;0;1;12;1
202100002564;197 199;7;14;0;1;12;1
202100002565;197 196;7;0;1;0;14;1
202100002566;197 194;7;1;9;2;16;1
202100002566;197 195;1;1;2;3;1;5
202100002567;197 193;7;0;1;1;1;1
202100002568;197 192;32;0;1;0;0;0
202100002569;197 190;7;0;2;8;26;1
202100002569;197 191;30;0;2;1;17;1
202100002570;197 189;99;0;0;0;0;1
202100002571;197 188;7;0;1;1;26;1
202100002572;197 186;7;0;2;2;15;1
202100002572;197 187;2;0;2;8;1;1
202100002573;197 184;33;0;2;7;1;1
202100002573;197 185;7;0;2;1;1;1
202100002574;197 182;7;0;2;1;15;1
202100002574;197 183;7;0;2;3;1;1
202100002575;197 181;7;1;1;5;26;1
202100002576;197 180;2;16;0;0;0;0
202100002577;197 178;7;0;2;6;16;1
202100002577;197 179;7;0;2;1;26;1
202100002578;197 177;30;0;0;8;26;0
202100002579;197 175;37;0;2;3;15;0
202100002579;197 176;1;0;2;1;19;6
202100002580;197 173;7;0;2;1;15;1
202100002580;197 174;1;0;2;1;13;5
202100002581;197 171;7;0;2;4;2;1
202100002581;197 172;31;14;0;1;2;1
202100002582;197 169;7;0;2;1;26;0
202100002582;197 170;7;0;2;4;1;2
202100002583;197 166;7;0;2;4;11;1
202100002583;197 167;10;0;2;1;2;1
202100002583;197 168;10;0;2;1;1;1
202100002584;197 164;7;0;2;7;1;1
202100002584;197 165;7;0;2;3;15;1
202100002585;197 162;1;0;2;3;19;0
202100002585;197 163;7;0;9;3;15;1
202100002586;197 161;7;0;1;2;26;1
202100002587;197 160;32;0;0;0;1;1
202100002588;197 158;33;0;2;7;3;1
202100002588;197 159;13;0;2;2;15;1
202100002589;197 155;10;1;2;4;2;1
202100002589;197 156;2;0;2;4;2;1
202100002589;197 157;7;1;2;1;2;3
202100002590;197 153;39;0;2;0;0;6
202100002590;197 154;30;0;4;1;1;1
202100002591;197 151;7;0;1;1;18;1
202100002591;197 152;7;0;2;2;1;1
202100002592;197 150;7;13;0;9;2;1
202100002593;197 148;7;0;2;3;14;1
202100002593;197 149;7;0;2;5;11;1
202100002594;197 145;7;0;2;1;1;1
202100002594;197 146;7;0;2;1;1;1
202100002594;197 147;7;0;2;1;15;1
202100002595;197 144;7;0;1;3;26;1
202100002596;197 141;7;0;2;4;23;1
202100002596;197 142;7;0;2;4;23;1
202100002596;197 143;7;0;2;1;26;1
202100002597;197 139;1;0;2;1;1;5
202100002597;197 140;7;0;9;3;15;1
202100002598;197 137;10;1;0;1;7;1
202100002598;197 138;2;0;2;7;15;1
202100002599;197 135;7;0;9;3;9;0
202100002599;197 136;3;0;2;2;1;6
202100002600;197 133;7;0;2;7;9;1
202100002600;197 134;31;0;2;8;9;1
202100002601;197 131;7;0;2;2;1;1
202100002601;197 132;1;0;2;2;5;5
202100002602;197 130;10;0;1;4;20;1
202100002603;197 128;2;0;2;2;1;1
202100002603;197 129;7;0;2;3;9;1
202100002604;197 126;33;0;0;0;11;1
202100002604;197 127;10;0;0;0;1;1
202100002605;197 124;37;0;2;2;13;1
202100002605;197 125;1;0;2;6;0;5
202100002606;197 123;50;0;1;1;7;3
202100002607;197 121;1;0;2;3;19;5
202100002607;197 122;7;0;2;2;1;1
202100002608;197 120;7;13;0;1;14;1
202100002609;197 118;7;0;2;7;19;1
202100002609;197 119;10;0;2;1;1;1
202100002610;197 116;1;0;2;3;2;0
202100002610;197 117;7;0;2;2;0;0
202100002611;197 114;7;0;0;0;15;1
202100002611;197 115;33;0;0;7;1;1
202100002612;197 112;3;0;2;1;1;1
202100002612;197 113;10;0;2;2;1;1
202100002613;197 110;7;0;2;1;1;1
202100002613;197 111;7;0;2;4;1;1
202100002614;197 108;7;0;2;7;14;1
202100002614;197 109;1;0;2;0;1;5
202100002615;197 107;7;0;1;2;1;1
202100002616;197 106;33;0;2;4;2;1
202100002617;197 104;1;0;2;9;19;5
202100002617;197 105;33;0;2;1;1;1
202100002618;197 102;10;0;2;1;1;1
202100002618;197 103;7;0;2;5;15;1
202100002619;197 100;7;0;2;5;16;1
202100002619;197 101;50;0;2;8;1;3
202100002620;197 099;37;8;0;1;13;1
202100002621;197 097;7;0;2;3;15;1
202100002621;197 098;1;0;2;8;1;5
202100002622;197 093;7;2;2;2;21;1
202100002622;197 094;37;0;2;7;12;1
202100002623;197 091;7;0;2;2;26;1
202100002623;197 092;30;0;2;1;1;1
202100002624;197 089;7;0;2;1;1;1
202100002624;197 090;31;0;2;7;15;1
202100002625;197 088;7;1;0;1;1;1
202100002626;197 086;7;0;2;2;15;1
202100002626;197 087;33;0;2;1;1;1
202100002627;197 085;7;0;1;3;15;1
202100002628;197 083;7;0;2;3;15;1
202100002628;197 084;7;0;2;2;1;1
202100002629;197 081;2;0;2;8;1;1
202100002629;197 082;7;0;2;1;15;1
202100002630;197 080;7;0;1;2;1;1
202100002631;197 075;7;0;2;1;1;1
202100002631;197 076;7;0;2;4;1;1
202100002631;197 077;7;0;2;4;1;1
202100002631;197 078;7;0;2;4;2;1
202100002631;197 079;7;0;2;1;9;1
202100002632;197 074;7;0;1;4;4;1
202100002633;197 072;7;0;2;3;9;1
202100002633;197 073;33;1;2;2;17;1
202100002634;197 071;30;14;0;0;15;1
202100002635;197 069;32;0;2;1;13;1
202100002635;197 070;7;0;2;1;1;1
202100002636;197 068;7;0;1;3;1;2
202100002637;197 066;33;0;2;8;3;1
202100002637;197 067;7;0;2;7;12;1
202100002638;197 063;32;0;2;3;3;1
202100002638;197 064;7;0;2;8;1;1
202100002638;197 065;7;0;2;2;12;0
202100002639;197 061;7;0;2;2;12;1
202100002639;197 062;33;0;2;8;3;1
202100002640;197 060;30;8;0;1;18;1
202100002641;197 059;43;0;1;2;1;1
202100002642;197 057;43;0;2;4;1;1
202100002642;197 058;7;0;2;1;1;3
202100002643;197 055;7;0;2;4;4;1
202100002643;197 056;50;0;2;1;1;3
202100002644;197 054;32;0;1;1;1;1
202100002645;197 053;7;7;0;1;14;1
202100002646;197 052;1;0;0;1;21;5
202100002647;197 050;2;0;2;1;17;1
202100002647;197 051;7;0;2;3;11;1
202100002648;197 049;30;12;0;0;14;3
202100002649;197 047;7;0;2;2;14;0
202100002649;197 048;1;0;2;8;1;5
202100002650;197 045;50;0;2;6;13;3
202100002650;197 046;43;0;2;2;17;1
202100002651;197 043;7;0;2;2;1;1
202100002651;197 044;7;0;2;3;1;1
202100002652;197 042;7;0;1;1;1;1
202100002653;197 041;7;0;1;2;17;1
202100002654;197 040;7;14;2;2;17;1
202100002655;197 038;33;12;2;1;2;1
202100002655;197 039;7;12;2;4;17;1
202100002656;197 036;7;0;2;8;1;1
202100002656;197 037;30;0;2;7;17;0
202100002657;197 033;2;15;0;4;23;1
202100002657;197 034;33;15;0;4;23;1
202100002657;197 035;7;0;2;1;26;1
202100002658;197 031;7;0;2;3;1;1
202100002658;197 032;32;0;1;2;1;1
202100002659;197 029;7;0;2;3;1;1
202100002659;197 030;7;0;2;5;1;1
202100002660;197 026;7;0;2;4;26;1
202100002660;197 027;7;0;2;4;26;1
202100002660;197 028;7;0;2;1;26;1
202100002661;197 025;7;1;0;1;1;1
202100002662;197 023;7;0;2;8;10;1
202100002662;197 024;31;0;2;2;26;1
202100002663;197 022;50;0;1;2;21;3
202100002664;197 021;7;0;1;1;2;2
202100002665;197 019;7;0;2;5;20;1
202100002665;197 020;1;0;2;1;1;5
202100002666;197 017;15;0;2;6;1;1
202100002666;197 018;7;0;2;1;15;1
202100002667;197 011;7;7;0;1;0;1
202100002668;197 009;10;0;2;0;11;1
202100002668;197 010;2;0;2;0;1;1
202100002669;197 006;7;2;0;0;1;1
202100002670;197 005;7;0;1;2;1;1
202100002671;197 003;10;0;2;1;13;1
202100002671;197 004;7;0;2;1;1;1
202100002672;197 001;7;0;2;7;19;1
202100002672;197 002;14;0;2;3;1;1
202100002673;196 999;7;0;2;3;0;1
202100002673;197 000;7;0;2;3;0;1
202100002674;196 995;7;0;2;1;5;1
202100002674;196 996;10;0;0;1;1;1
202100002674;196 997;7;0;2;2;1;1
202100002675;196 994;7;0;0;9;1;1
202100002676;196 991;7;0;2;1;0;1
202100002676;196 992;7;0;2;1;1;1
202100002676;196 993;7;16;0;3;1;1
202100002677;196 990;7;12;0;2;15;2
202100002678;196 989;7;1;0;1;13;1
202100002679;196 988;7;13;0;9;14;1
202100002680;196 986;2;0;2;1;0;1
202100002680;196 987;7;0;0;8;15;1
202100002681;196 985;10;0;1;2;1;1
202100002682;196 982;7;0;0;4;15;1
202100002682;196 983;7;0;2;4;1;1
202100002682;196 984;7;0;2;1;1;1
202100002683;196 980;1;0;2;2;9;0
202100002683;196 981;7;0;9;3;9;1
202100002684;196 976;10;0;2;3;1;1
202100002684;196 977;7;0;2;3;1;1
202100002685;196 974;7;0;2;3;19;1
202100002685;196 975;2;0;2;1;1;1
202100002686;196 973;7;13;0;2;1;1
202100002687;196 972;2;0;0;0;26;1
202100002688;196 971;7;6;0;1;1;1
202100002689;196 970;7;2;0;0;4;1
202100002690;196 968;7;0;2;1;17;1
202100002690;196 969;7;0;2;1;1;1
202100002691;196 967;7;2;0;3;1;1
202100002692;196 965;31;0;2;1;1;1
202100002692;196 966;7;0;2;7;19;3
202100002693;196 964;7;13;0;3;1;3
202100002694;196 962;10;0;0;5;2;1
202100002694;196 963;7;9;2;9;2;1
202100002695;196 956;32;12;2;3;17;1
202100002695;196 957;7;0;2;3;15;1
202100002696;196 954;2;0;0;1;0;1
202100002696;196 955;7;0;0;3;1;1
202100002697;196 949;7;0;0;4;23;1
202100002697;196 950;7;0;2;4;23;1
202100002697;196 951;33;0;2;4;23;1
202100002697;196 952;7;0;2;1;1;1
202100002697;196 953;7;0;2;3;1;1
202100002698;196 947;7;0;2;2;2;1
202100002698;196 948;33;0;0;4;1;1
202100002699;196 946;7;13;0;1;13;1
202100002700;196 944;7;0;2;1;13;1
202100002700;196 945;7;0;2;1;1;1
202100002701;196 942;7;0;2;1;2;1
202100002701;196 943;13;0;2;4;2;1
202100002702;196 940;7;0;2;5;9;1
202100002702;196 941;34;0;2;3;2;1
202100002703;196 939;33;0;6;1;1;1
202100002704;196 937;7;0;2;1;9;1
202100002704;196 938;31;0;2;1;1;1
202100002705;196 936;21;0;0;0;1;1
202100002706;196 934;10;0;0;4;23;1
202100002706;196 935;10;1;0;1;0;1
202100002707;196 933;7;2;0;8;1;1
202100002708;196 932;7;8;0;8;1;1
202100002709;196 931;7;0;1;1;1;1
202100002710;196 929;80;0;0;8;17;3
202100002710;196 930;7;0;9;3;1;1
202100002711;196 927;31;0;2;1;15;1
202100002711;196 928;10;0;2;2;1;1
202100002712;196 926;7;0;1;1;15;1
202100002713;196 924;10;0;2;4;0;1
202100002713;196 925;7;0;2;1;0;1
202100002714;196 919;7;0;2;3;1;1
202100002714;196 920;7;0;2;3;2;1
202100002715;196 917;7;0;2;4;2;1
202100002715;196 918;7;0;2;1;2;1
202100002716;196 915;7;3;0;5;1;1
202100002716;196 916;7;0;2;3;9;1
202100002717;196 914;7;13;0;0;1;1
202100002718;196 912;7;0;2;1;0;1
202100002718;196 913;7;0;2;0;0;1
202100002719;196 910;7;0;2;4;2;1
202100002719;196 911;7;0;2;1;2;1
202100002720;196 908;15;0;2;4;1;1
202100002720;196 909;10;0;2;1;2;1
202100002721;196 905;15;0;2;4;2;1
202100002721;196 906;7;0;2;4;2;1
202100002721;196 907;7;0;2;1;2;1
202100002722;196 903;7;0;2;8;11;1
202100002722;196 904;33;0;2;7;1;1
202100002723;196 902;32;0;0;9;9;1
202100002724;196 900;7;3;2;2;11;1
202100002724;196 901;7;3;0;6;1;1
202100002725;196 899;33;0;0;9;3;1
202100002726;196 897;31;0;2;1;9;1
202100002726;196 898;15;0;2;5;1;1
202100002727;196 896;7;0;1;2;1;1
202100002728;196 894;2;0;2;3;2;0
202100002728;196 895;7;0;0;0;0;1
202100002729;196 892;7;6;2;1;21;1
202100002729;196 893;7;0;2;2;19;1
202100002730;196 890;7;0;2;3;15;1
202100002730;196 891;2;0;2;4;8;1
202100002731;196 888;2;0;2;1;1;1
202100002731;196 889;7;0;9;5;16;1
202100002732;196 886;7;0;2;2;15;1
202100002732;196 887;2;0;2;1;1;1
202100002733;196 884;7;0;2;5;15;1
202100002733;196 885;1;0;2;0;0;0
202100002734;196 882;33;0;2;0;21;1
202100002734;196 883;7;0;2;0;9;1
202100002735;196 880;34;0;2;1;3;1
202100002735;196 881;7;0;2;7;1;1
202100002736;196 879;7;0;1;1;19;1
202100002737;196 878;3;15;0;1;1;1
202100002738;196 876;7;0;2;4;19;0
202100002738;196 877;50;0;2;1;1;3
202100002739;196 873;7;0;2;1;1;1
202100002739;196 874;7;0;2;4;1;1
202100002739;196 875;7;0;2;4;1;1
202100002740;196 870;7;0;1;1;26;0
202100002741;196 868;7;0;2;5;15;1
202100002741;196 869;2;0;2;1;1;1
202100002742;196 867;10;0;1;4;20;1
202100002743;196 863;33;0;2;1;11;1
202100002743;196 864;7;0;0;6;13;1
202100002744;196 861;1;0;2;1;5;0
202100002744;196 862;7;0;2;2;1;1
202100002745;196 859;7;0;2;1;1;1
202100002745;196 860;7;0;2;1;15;1
202100002746;196 857;7;0;2;3;9;1
202100002746;196 858;7;0;2;1;1;1
202100002747;196 856;7;0;1;1;1;1
202100002748;196 854;7;0;2;1;15;0
202100002748;196 855;50;0;2;8;1;3
202100002749;196 853;40;0;1;1;1;3
202100002750;196 851;7;0;2;3;9;3
202100002750;196 852;30;0;2;1;1;1
202100002751;196 849;2;0;2;2;1;1
202100002751;196 850;7;0;2;3;10;1
202100002752;196 848;7;0;1;1;1;1
202100002753;196 847;7;0;1;1;1;1
202100002754;196 845;33;0;2;1;1;1
202100002754;196 846;7;0;2;2;13;1
202100002755;196 843;7;0;2;1;16;1
202100002755;196 844;50;0;2;1;1;3
202100002756;196 841;1;0;2;1;15;5
202100002756;196 842;7;0;2;3;9;1
202100002757;196 839;7;0;9;1;1;1
202100002757;196 840;1;0;2;8;19;5
202100002758;196 837;7;14;2;4;23;6
202100002758;196 838;7;0;2;1;2;0
202100002759;196 836;7;0;1;2;9;1
202100002760;196 835;7;9;0;9;1;1
202100002761;196 834;7;0;0;1;13;1
202100002762;196 832;7;0;2;2;15;1
202100002762;196 833;7;0;2;8;14;3
202100002763;196 830;7;0;2;6;1;1
202100002763;196 831;7;12;0;7;1;1
202100002764;196 828;7;0;2;6;26;1
202100002764;196 829;7;0;2;1;2;1
202100002765;196 826;7;0;2;3;10;1
202100002765;196 827;33;0;2;7;1;1
202100002766;196 822;7;0;2;3;1;0
202100002766;196 823;50;0;2;1;1;3
202100002767;196 820;1;0;2;1;1;5
202100002767;196 821;7;0;2;3;15;1
202100002768;196 818;1;0;2;8;1;5
202100002768;196 819;7;0;2;3;15;1
202100002769;196 815;7;0;1;1;1;1
202100002770;196 814;13;0;1;1;26;1
202100002771;196 812;7;0;2;2;1;1
202100002771;196 813;7;0;2;3;10;1
202100002772;196 810;7;0;2;8;1;1
202100002772;196 811;33;0;0;7;1;1
202100002773;196 808;7;0;2;3;1;1
202100002773;196 809;7;0;2;3;15;1
202100002774;196 807;7;0;1;8;1;2
202100002775;196 805;7;0;2;1;9;1
202100002775;196 806;7;0;2;7;2;1
202100002776;196 804;7;0;1;1;1;1
202100002777;196 802;7;0;2;1;1;1
202100002777;196 803;7;0;2;1;15;1
202100002778;196 800;7;0;2;1;9;1
202100002778;196 801;15;0;2;7;2;6
202100002779;196 798;10;0;2;1;1;1
202100002779;196 799;7;0;2;4;1;1
202100002780;196 797;7;0;0;9;13;1
202100002781;196 795;30;0;2;1;1;1
202100002781;196 796;7;0;2;3;1;1
202100002782;196 793;30;0;2;2;17;1
202100002782;196 794;7;0;2;3;15;1
202100002783;196 792;7;0;1;1;1;1
202100002784;196 790;33;0;2;2;17;1
202100002784;196 791;7;0;2;3;15;1
202100002785;196 788;1;0;2;1;1;6
202100002785;196 789;7;0;2;1;11;1
202100002786;196 786;10;0;2;8;1;0
202100002786;196 787;17;0;2;2;12;1
202100002787;196 785;32;0;1;2;17;1
202100002788;196 783;10;0;2;3;22;1
202100002788;196 784;1;0;2;2;1;5
202100002789;196 781;7;0;2;5;15;1
202100002789;196 782;32;0;2;1;1;1
202100002790;196 779;7;0;2;5;2;2
202100002790;196 780;33;0;2;1;2;1
202100002791;196 777;30;0;2;4;15;1
202100002791;196 778;7;0;2;1;2;1
202100002792;196 776;7;1;0;1;14;1
202100002793;196 775;50;0;0;0;25;3
202100002794;196 774;7;0;1;3;15;2
202100002795;196 772;1;0;2;1;1;5
202100002795;196 773;50;0;2;1;13;3
202100002796;196 771;60;0;1;0;1;5
202100002797;196 769;2;0;2;1;1;1
202100002797;196 770;7;0;2;2;1;2
202100002798;196 767;7;0;2;8;1;1
202100002798;196 768;33;0;2;1;1;1
202100002799;196 765;32;0;2;7;17;1
202100002799;196 766;7;0;2;3;15;1
202100002800;196 763;43;0;2;3;7;1
202100002800;196 764;7;0;2;5;16;1
202100002801;196 761;33;0;2;1;1;1
202100002801;196 762;7;0;2;1;17;1
202100002802;196 760;30;0;1;0;13;1
202100002803;196 758;7;0;0;6;24;1
202100002803;196 759;17;1;0;5;15;1
202100002804;196 756;33;0;2;1;1;1
202100002804;196 757;7;0;2;7;15;1
202100002805;196 755;7;0;1;1;2;1
202100002806;196 753;7;0;2;2;1;1
202100002806;196 754;7;0;2;3;1;1
202100002807;196 751;32;0;2;1;3;1
202100002807;196 752;7;0;2;3;15;1
202100002808;196 749;7;0;2;3;19;1
202100002808;196 750;43;0;2;1;1;1
202100002809;196 747;7;0;2;1;1;0
202100002809;196 748;7;0;2;7;0;1
202100002810;196 746;7;0;1;3;1;1
202100002811;196 744;10;0;2;7;1;1
202100002811;196 745;30;0;2;1;1;1
202100002812;196 742;33;0;2;8;1;0
202100002812;196 743;7;0;2;2;12;0
202100002813;196 741;7;0;1;1;1;1
202100002814;196 740;7;0;1;4;4;1
202100002815;196 739;37;0;1;3;1;1
202100002816;196 737;7;0;2;4;1;1
202100002816;196 738;7;0;1;1;17;1
202100002817;196 736;7;0;1;1;1;1
202100002818;196 735;33;0;1;1;1;1
202100002819;196 733;7;0;2;0;15;1
202100002819;196 734;1;0;2;0;0;5
202100002820;196 731;7;0;2;5;14;1
202100002820;196 732;33;0;2;1;0;1
202100002821;196 730;7;0;1;1;1;1
202100002822;196 728;7;0;2;1;1;1
202100002822;196 729;7;0;2;8;23;1
202100002823;196 727;7;2;0;8;1;1
202100002824;196 725;7;0;2;1;0;1
202100002824;196 726;7;0;0;3;1;1
202100002825;196 723;10;2;0;1;21;1
202100002826;196 721;50;0;2;8;14;3
202100002826;196 722;13;0;9;1;1;1
202100002827;196 720;7;0;1;2;9;1
202100002828;196 719;7;3;0;1;16;1
202100002829;196 717;33;0;2;1;1;1
202100002829;196 718;7;0;2;3;15;1
202100002830;196 716;2;0;1;1;1;1
202100002831;196 715;7;7;0;1;1;1
202100002832;196 713;7;0;2;1;9;1
202100002832;196 714;10;0;2;7;15;1
202100002833;196 711;7;0;2;1;1;1
202100002833;196 712;7;0;0;4;1;1
202100002834;196 709;7;0;2;3;21;1
202100002834;196 710;2;0;2;8;5;1
202100002835;196 708;36;0;0;9;1;1
202100002836;196 707;7;0;1;1;1;1
202100002837;196 705;7;0;2;5;15;1
202100002837;196 706;33;0;2;3;1;1
202100002838;196 704;7;0;5;1;1;1
202100002839;196 702;7;0;2;3;1;0
202100002839;196 703;7;0;2;3;1;2
202100002840;196 701;7;1;0;4;1;1
202100002841;196 699;7;0;2;2;17;1
202100002841;196 700;1;16;2;8;2;5
202100002842;196 698;7;2;0;1;1;1
202100002843;196 696;7;0;2;8;11;1
202100002843;196 697;2;0;2;3;1;1
202100002844;196 694;7;0;2;1;1;1
202100002844;196 695;7;0;2;1;13;1
202100002845;196 693;7;0;1;2;1;1
202100002846;196 692;7;13;0;2;1;1
202100002847;196 690;1;0;2;3;2;5
202100002847;196 691;7;0;2;3;13;1
202100002848;196 689;7;8;0;1;0;1
202100002849;196 687;7;0;2;1;1;1
202100002849;196 688;7;0;0;8;16;1
202100002850;196 686;7;13;0;1;1;1
202100002851;196 684;7;0;2;3;1;1
202100002851;196 685;7;3;2;5;13;1