Num_Acc;id_vehicule;categorie_vehicule;obstacle_fixe;obstacle_mobile;point_choc_initial;manoeuvre_principale;motorisation
202100002852;196 682;7;0;0;2;1;1
202100002852;196 683;2;0;0;1;19;1
202100002853;196 680;7;8;0;7;19;0
202100002853;196 681;10;0;2;1;1;1
202100002854;196 678;7;0;2;3;5;1
202100002854;196 679;7;0;2;3;5;1
202100002855;196 676;7;13;2;2;2;1
202100002855;196 677;7;13;0;6;1;1
202100002856;196 674;2;0;2;1;14;1
202100002856;196 675;99;0;0;7;15;1
202100002857;196 672;7;0;2;8;9;1
202100002857;196 673;32;0;2;1;17;1
202100002858;196 668;10;0;2;7;1;1
202100002858;196 669;7;3;2;4;14;1
202100002858;196 670;15;0;0;5;2;1
202100002858;196 671;7;0;9;7;2;1
202100002859;196 666;10;0;2;1;1;1
202100002859;196 667;7;0;2;1;5;1
202100002860;196 664;7;0;2;2;5;1
202100002860;196 665;7;0;2;2;0;1
202100002861;196 663;1;15;0;1;21;5
202100002862;196 661;7;0;2;7;9;3
202100002862;196 662;7;0;2;3;1;1
202100002863;196 659;33;0;2;1;3;1
202100002863;196 660;7;0;2;8;23;1
202100002864;196 656;10;13;0;1;0;1
202100002864;196 657;10;0;2;8;2;1
202100002864;196 658;7;0;2;1;13;1
202100002865;196 654;7;0;2;3;1;1
202100002865;196 655;2;0;2;8;13;1
202100002866;196 652;7;0;2;3;10;2
202100002866;196 653;10;0;2;2;17;1
202100002867;196 651;33;0;0;7;1;1
202100002868;196 649;2;0;2;1;1;1
202100002868;196 650;7;0;2;2;15;1
202100002869;196 647;31;0;2;1;1;1
202100002869;196 648;7;0;2;1;1;1
202100002870;196 646;7;8;0;1;1;1
202100002871;196 644;33;0;2;0;0;1
202100002871;196 645;7;0;0;0;0;1
202100002872;196 640;7;0;2;8;1;1
202100002872;196 641;7;0;2;1;3;1
202100002873;196 637;7;0;2;1;2;0
202100002873;196 638;15;0;2;2;12;0
202100002873;196 639;7;0;2;8;2;0
202100002874;196 632;7;0;2;4;2;2
202100002874;196 633;7;0;2;4;2;0
202100002874;196 634;7;0;2;4;2;0
202100002874;196 635;34;0;2;4;2;0
202100002874;196 636;7;0;2;1;2;0
202100002875;196 630;33;0;2;3;3;1
202100002875;196 631;7;0;2;5;12;1
202100002876;196 629;7;0;1;1;26;0
202100002877;196 627;7;0;2;2;2;1
202100002877;196 628;1;0;2;4;2;5
202100002878;196 625;7;0;2;3;15;1
202100002878;196 626;32;0;2;1;1;1
202100002879;196 622;1;0;2;4;19;5
202100002879;196 623;31;0;2;1;26;1
202100002879;196 624;7;0;9;1;26;1
202100002880;196 619;99;0;2;0;0;1
202100002880;196 620;10;0;2;1;0;1
202100002880;196 621;32;0;2;6;1;1
202100002881;196 618;7;6;0;1;15;1
202100002882;196 617;7;0;0;9;13;1
202100002883;196 615;33;0;2;1;3;1
202100002883;196 616;7;0;2;7;12;1
202100002884;196 614;7;0;0;1;26;1
202100002885;196 612;7;0;2;1;2;1
202100002885;196 613;7;0;2;4;23;1
202100002886;196 611;7;0;1;2;1;1
202100002887;196 609;37;0;2;3;1;1
202100002887;196 610;7;0;2;8;1;1
202100002888;196 608;7;0;1;3;1;1
202100002889;196 607;30;0;0;1;26;1
202100002890;196 605;33;0;2;1;0;1
202100002890;196 606;7;0;2;1;15;1
202100002891;196 603;10;0;2;5;1;1
202100002891;196 604;31;0;2;3;2;1
202100002892;196 602;7;0;1;3;1;1
202100002893;196 601;7;0;1;7;16;1
202100002894;196 599;1;0;2;0;2;5
202100002894;196 600;10;0;2;0;2;0
202100002895;196 595;10;0;1;2;1;1
202100002896;196 594;37;0;1;2;9;0
202100002897;196 593;7;0;1;1;26;1
202100002898;196 592;7;0;1;1;1;1
202100002899;196 590;50;0;2;8;5;3
202100002899;196 591;7;0;2;1;9;1
202100002900;196 588;7;0;2;2;1;1
202100002900;196 589;60;0;2;1;1;5
202100002901;196 587;7;0;1;3;1;1
202100002902;196 582;7;0;2;4;23;2
202100002902;196 583;7;0;2;1;2;1
202100002903;196 581;7;0;1;6;20;1
202100002904;196 580;7;0;1;1;1;1
202100002905;196 578;7;0;2;1;15;1
202100002905;196 579;7;0;2;8;1;1
202100002906;196 576;50;0;4;8;0;3
202100002906;196 577;40;0;2;3;1;3
202100002907;196 574;1;0;2;8;1;0
202100002907;196 575;7;0;2;1;9;1
202100002908;196 572;7;0;2;3;2;1
202100002908;196 573;1;0;2;4;2;5
202100002909;196 570;7;0;0;0;0;0
202100002909;196 571;37;0;0;0;1;4
202100002910;196 568;7;0;2;2;20;1
202100002910;196 569;31;1;2;1;14;1
202100002911;196 567;7;0;1;1;26;1
202100002912;196 566;7;0;0;9;11;1
202100002913;196 565;7;0;2;1;1;1
202100002914;196 563;7;0;2;1;2;1
202100002914;196 564;7;0;2;4;23;1
202100002915;196 557;7;1;0;0;2;1
202100002915;196 558;7;1;0;0;2;1
202100002915;196 559;7;0;2;7;23;1
202100002915;196 560;7;0;2;9;2;1
202100002915;196 561;7;0;2;1;1;1
202100002915;196 562;7;0;2;6;23;1
202100002916;196 555;10;0;2;3;9;0
202100002916;196 556;7;0;2;2;1;1
202100002917;196 554;14;0;1;1;15;1
202100002918;196 552;10;0;2;7;15;1
202100002918;196 553;31;0;2;1;1;1
202100002919;196 551;10;0;1;1;11;1
202100002920;196 549;7;1;9;1;1;1
202100002920;196 550;1;0;2;3;19;5
202100002921;196 547;7;0;2;1;1;1
202100002921;196 548;7;0;2;1;17;1
202100002922;196 546;7;16;0;0;14;1
202100002923;196 545;33;16;0;0;1;1
202100002924;196 543;37;0;2;1;1;1
202100002924;196 544;7;0;2;2;9;1
202100002925;196 542;7;9;0;2;0;1
202100002926;196 541;7;0;1;1;1;1
202100002927;196 540;43;0;0;0;26;1
202100002928;196 538;30;0;0;0;0;1
202100002928;196 539;7;0;2;1;15;1
202100002929;196 534;10;0;2;6;1;1
202100002929;196 535;7;0;2;8;5;1
202100002929;196 536;7;0;2;3;5;1
202100002929;196 537;7;0;2;1;17;1
202100002930;196 533;7;0;1;3;15;1
202100002931;196 532;7;4;0;8;17;1
202100002932;196 530;7;0;2;6;16;1
202100002932;196 531;1;0;2;2;15;5
202100002933;196 528;34;0;2;7;1;1
202100002933;196 529;7;0;2;8;2;0
202100002934;196 526;30;0;2;1;21;1
202100002934;196 527;10;0;2;4;20;1
202100002935;196 525;7;0;1;1;15;1
202100002936;196 524;7;0;1;1;1;1
202100002937;196 523;7;0;1;2;1;1
202100002938;196 521;33;0;2;1;1;1
202100002938;196 522;7;0;2;7;15;1
202100002939;196 520;7;0;1;2;1;1
202100002940;196 519;10;0;1;4;0;0
202100002941;196 517;7;0;2;3;2;3
202100002941;196 518;33;0;2;2;17;1
202100002942;196 516;7;0;2;3;1;0
202100002943;196 514;2;0;2;4;2;1
202100002943;196 515;7;0;2;1;2;1
202100002944;196 513;10;0;1;1;15;0
202100002945;196 509;7;0;2;1;2;1
202100002945;196 510;7;0;2;1;1;1
202100002945;196 511;7;0;2;1;1;1
202100002945;196 512;7;0;2;1;1;1
202100002946;196 505;7;0;2;1;26;1
202100002946;196 506;7;0;2;4;21;1
202100002947;196 504;7;6;0;1;26;1
202100002948;196 503;7;1;1;6;26;1
202100002949;196 499;7;0;2;1;26;1
202100002949;196 500;7;0;2;4;1;1
202100002949;196 501;7;0;2;0;0;1
202100002949;196 502;7;0;2;0;0;1
202100002950;196 497;7;0;2;2;1;1
202100002950;196 498;7;0;2;7;19;1
202100002951;196 496;7;0;1;2;9;1
202100002952;196 495;7;4;0;2;1;1
202100002953;196 493;31;0;2;1;1;1
202100002953;196 494;7;0;2;3;1;1
202100002954;196 491;37;0;2;2;2;1
202100002954;196 492;7;0;2;4;16;1
202100002955;196 490;7;0;1;0;26;1
202100002956;196 489;7;0;1;1;1;2
202100002957;196 487;33;0;2;1;1;1
202100002957;196 488;7;8;2;6;19;1
202100002958;196 485;7;0;2;2;21;1
202100002958;196 486;30;0;2;1;0;3
202100002959;196 484;7;16;0;2;1;1
202100002960;196 482;31;0;2;3;3;3
202100002960;196 483;7;0;2;2;12;1
202100002961;196 480;31;0;2;3;1;1
202100002961;196 481;10;0;2;7;12;1
202100002962;196 478;32;0;2;2;1;1
202100002962;196 479;7;0;2;6;11;1
202100002963;196 476;32;0;2;8;3;1
202100002963;196 477;7;0;2;7;12;1
202100002964;196 474;7;0;2;7;1;1
202100002964;196 475;2;0;2;1;1;1
202100002965;196 473;37;0;1;5;9;2
202100002966;196 472;1;0;0;0;1;5
202100002967;196 470;1;0;1;1;1;5
202100002968;196 468;10;0;2;3;1;3
202100002968;196 469;50;0;2;1;1;3
202100002969;196 466;1;0;2;4;1;5
202100002969;196 467;32;0;2;1;1;1
202100002970;196 464;50;0;2;2;1;3
202100002970;196 465;10;0;2;3;22;1
202100002971;196 462;7;0;2;3;1;1
202100002971;196 463;32;0;2;6;1;1
202100002972;196 460;7;0;2;6;10;1
202100002972;196 461;43;0;2;1;17;1
202100002973;196 458;7;0;2;1;1;1
202100002973;196 459;7;9;2;8;15;1
202100002974;196 457;15;0;1;1;1;1
202100002975;196 456;10;0;1;4;24;1
202100002976;196 454;7;0;1;1;15;2
202100002977;196 453;7;1;0;2;26;1
202100002978;196 451;7;0;2;1;15;1
202100002978;196 452;7;0;2;2;1;1
202100002979;196 450;7;0;1;1;0;1
202100002980;196 449;10;0;1;4;4;1
202100002981;196 447;7;0;2;3;11;1
202100002981;196 448;32;0;2;5;1;1
202100002982;196 445;7;0;2;0;0;1
202100002982;196 446;7;0;2;3;9;1
202100002983;196 443;7;0;1;3;9;1
202100002983;196 444;99;0;0;0;0;6
202100002984;196 442;10;0;1;1;15;1
202100002985;196 440;7;0;2;8;15;1
202100002985;196 441;2;0;2;8;1;3
202100002986;196 438;7;0;2;3;14;1
202100002986;196 439;7;0;2;1;1;1
202100002987;196 437;7;0;1;1;1;1
202100002988;196 436;7;0;1;1;1;1
202100002989;196 434;10;0;2;4;15;1
202100002989;196 435;7;0;2;3;2;1
202100002990;196 433;7;13;0;0;2;1
202100002991;196 430;7;0;9;1;1;1
202100002991;196 431;17;0;2;1;1;1
202100002991;196 432;7;0;2;1;13;1
202100002992;196 428;7;0;2;1;1;1
202100002992;196 429;7;0;2;1;13;1
202100002993;196 426;7;0;2;2;13;1
202100002993;196 427;7;0;2;1;1;1
202100002994;196 424;14;0;2;2;15;1
202100002994;196 425;7;0;2;1;1;1
202100002995;196 422;7;0;2;5;1;1
202100002995;196 423;2;0;2;1;2;1
202100002996;196 421;7;8;0;2;0;1
202100002997;196 420;7;7;0;1;1;1
202100002998;196 418;7;0;2;3;1;1
202100002998;196 419;7;0;2;3;13;1
202100002999;196 416;2;0;2;1;17;1
202100002999;196 417;31;0;2;1;1;3
202100003000;196 412;7;0;2;2;9;2
202100003000;196 413;7;0;2;3;23;1
202100003000;196 414;7;0;2;1;1;1
202100003001;196 411;7;15;0;6;1;1
202100003002;196 410;7;2;0;3;14;1
202100003003;196 408;10;0;2;1;1;1
202100003003;196 409;13;0;2;1;1;1
202100003004;196 405;7;0;2;8;1;1
202100003004;196 406;7;0;2;1;1;1
202100003005;196 403;7;0;2;1;13;1
202100003005;196 404;7;0;2;1;1;1
202100003006;196 402;2;0;0;8;1;1
202100003007;196 400;7;0;0;1;11;1
202100003007;196 401;7;0;0;1;1;1
202100003008;196 399;13;13;0;1;13;1
202100003009;196 398;7;5;0;1;1;1
202100003010;196 396;2;0;2;1;1;1
202100003010;196 397;7;0;2;4;23;2
202100003011;196 394;10;0;2;5;1;1
202100003011;196 395;10;0;2;1;1;1
202100003012;196 393;33;0;0;9;6;1
202100003013;196 391;7;0;2;6;10;1
202100003013;196 392;7;0;2;1;1;1
202100003014;196 390;7;13;0;3;1;1
202100003015;196 385;7;0;2;6;23;1
202100003015;196 386;7;0;2;8;23;1
202100003015;196 387;7;0;2;3;5;1
202100003015;196 388;10;0;2;8;21;1
202100003015;196 389;7;0;2;8;1;1
202100003016;196 384;7;3;0;3;0;1
202100003017;196 383;7;0;1;1;1;1
202100003018;196 382;7;13;0;9;0;1
202100003019;196 381;7;1;0;3;21;1
202100003020;196 380;7;0;1;1;1;1
202100003021;196 379;7;2;0;1;1;1
202100003022;196 378;7;0;1;3;1;1
202100003023;196 377;7;15;0;3;1;1
202100003024;196 376;7;2;0;8;1;1
202100003025;196 375;7;13;0;1;1;1
202100003026;196 374;7;0;1;1;15;1
202100003027;196 371;7;2;0;1;21;1
202100003027;196 372;7;0;2;1;1;1
202100003027;196 373;7;2;2;1;17;1
202100003028;196 369;2;0;2;8;1;1
202100003028;196 370;10;0;2;1;15;1
202100003029;196 367;7;0;2;1;13;1
202100003029;196 368;7;0;2;1;1;1
202100003030;196 366;33;0;0;8;15;1
202100003031;196 365;7;0;2;8;21;1
202100003032;196 363;7;0;2;7;12;1
202100003032;196 364;33;0;2;8;18;1
202100003033;196 360;7;0;2;5;1;1
202100003033;196 361;33;0;2;3;3;1
202100003033;196 362;7;0;2;6;11;1
202100003034;196 358;7;0;2;1;1;1
202100003034;196 359;7;0;2;4;11;1
202100003035;196 355;10;0;2;4;2;1
202100003035;196 356;7;0;2;9;2;1
202100003035;196 357;7;0;2;1;2;1
202100003036;196 354;7;0;2;4;2;1
202100003037;196 350;7;0;2;1;2;1
202100003037;196 351;7;0;2;4;2;1
202100003037;196 352;10;0;2;4;2;1
202100003037;196 353;7;0;2;4;2;1
202100003038;196 348;17;0;2;6;23;1
202100003038;196 349;7;0;2;2;13;1
202100003039;196 345;17;0;2;4;2;1
202100003039;196 346;17;0;2;4;2;1
202100003039;196 347;17;0;2;1;2;1
202100003040;196 343;7;0;2;1;2;1
202100003040;196 344;10;4;0;0;2;1
202100003041;196 340;10;0;2;4;2;1
202100003041;196 341;7;0;2;4;2;1
202100003041;196 342;10;0;2;1;2;1
202100003042;196 338;10;0;2;6;11;1
202100003042;196 339;33;0;2;7;3;1
202100003043;196 335;7;0;0;0;1;1
202100003043;196 336;7;0;2;0;11;1
202100003043;196 337;33;0;2;2;3;1
202100003044;196 332;33;3;2;8;3;1
202100003044;196 333;7;3;2;2;12;1
202100003044;196 334;7;3;2;5;2;1
202100003045;196 330;7;0;2;6;1;2
202100003045;196 331;33;0;2;1;1;1
202100003046;196 327;33;4;2;7;0;1
202100003046;196 328;7;4;2;3;2;1
202100003046;196 329;7;4;2;5;2;1
202100003047;196 325;33;0;2;1;0;1
202100003047;196 326;7;0;2;4;2;1
202100003048;196 323;7;0;2;3;1;1
202100003048;196 324;7;0;2;5;1;1
202100003049;196 321;7;0;2;1;2;1
202100003049;196 322;7;0;2;4;2;2
202100003050;196 318;7;0;2;4;2;1
202100003050;196 319;15;0;2;1;2;1
202100003050;196 320;7;0;2;1;12;1
202100003051;196 316;7;0;2;8;11;1
202100003051;196 317;33;0;2;2;1;1
202100003052;196 314;7;0;2;1;1;1
202100003052;196 315;10;0;2;4;9;1
202100003053;196 308;7;0;2;4;2;1
202100003053;196 309;7;0;2;4;2;1
202100003053;196 310;7;0;2;4;2;1
202100003053;196 311;7;0;2;4;2;2
202100003053;196 312;7;0;2;4;2;1
202100003053;196 313;7;0;2;1;1;1
202100003054;196 306;7;0;2;4;0;2
202100003054;196 307;15;0;2;1;2;1
202100003055;196 302;15;0;2;1;1;1
202100003055;196 303;10;0;2;4;2;1
202100003055;196 304;7;0;2;4;2;1
202100003055;196 305;7;0;2;4;2;1
202100003056;196 299;7;4;2;3;1;1
202100003056;196 300;7;0;2;8;21;1
202100003056;196 301;17;0;2;8;21;1
202100003057;196 297;31;0;2;2;1;1
202100003057;196 298;10;0;2;3;19;1
202100003058;196 293;7;0;2;4;15;1
202100003058;196 294;7;0;2;4;1;1
202100003058;196 295;7;0;2;1;1;1
202100003059;196 291;31;0;2;2;17;1
202100003059;196 292;7;0;2;6;15;1
202100003060;196 289;7;0;2;6;1;1
202100003060;196 290;7;4;2;3;17;1
202100003061;196 288;7;8;0;1;14;1
202100003062;196 286;2;0;2;7;16;1
202100003062;196 287;7;0;2;8;16;1
202100003063;196 285;1;9;0;1;19;0
202100003064;196 283;1;0;2;3;1;0
202100003064;196 284;7;0;2;3;23;1
202100003065;196 282;43;0;0;0;26;1
202100003066;196 280;7;0;2;3;1;1
202100003066;196 281;7;0;2;1;1;1
202100003067;196 278;33;1;2;8;2;1
202100003067;196 279;7;0;2;8;15;1
202100003068;196 277;7;0;1;1;1;1
202100003069;196 275;34;1;2;7;2;1
202100003069;196 276;10;0;2;8;15;1
202100003070;196 274;7;4;0;9;1;1
202100003071;196 271;7;0;2;1;2;1
202100003071;196 272;7;0;2;9;2;1
202100003071;196 273;10;0;2;4;2;1
202100003072;196 270;7;0;1;1;14;1
202100003073;196 268;2;0;2;1;13;1
202100003073;196 269;3;1;2;1;1;1
202100003074;196 266;7;0;2;1;9;1
202100003074;196 267;7;1;2;1;1;1
202100003075;196 264;7;0;2;1;9;1
202100003075;196 265;2;0;2;1;1;1
202100003076;196 263;10;13;0;9;1;1
202100003077;196 261;2;0;2;1;1;1
202100003077;196 262;7;0;2;7;10;1
202100003078;196 259;7;11;0;5;1;1
202100003078;196 260;7;0;2;1;21;1
202100003079;196 257;7;0;2;2;15;1
202100003079;196 258;2;0;2;1;1;1
202100003080;196 255;20;0;2;4;15;1
202100003080;196 256;7;0;2;1;1;1
202100003081;196 253;15;0;2;2;14;1
202100003081;196 254;7;0;2;8;1;1
202100003082;196 252;7;6;0;1;15;1
202100003083;196 249;13;0;2;1;2;1
202100003083;196 250;10;0;2;1;2;1
202100003083;196 251;7;0;2;4;2;1
202100003084;196 246;33;0;0;0;0;1
202100003085;196 244;7;0;2;1;15;1
202100003085;196 245;7;0;2;3;1;1
202100003086;196 242;32;0;2;7;1;1
202100003086;196 243;7;0;2;1;0;1
202100003087;196 241;7;0;1;1;1;1
202100003088;196 240;31;1;0;1;0;1
202100003089;196 239;2;0;0;7;16;1
202100003090;196 237;7;0;2;1;9;1
202100003090;196 238;99;0;2;0;1;3
202100003091;196 236;7;0;1;1;2;1
202100003092;196 235;7;1;0;1;14;1
202100003093;196 233;7;0;2;2;1;1
202100003093;196 234;7;0;2;3;15;1
202100003094;196 231;7;0;2;4;20;1
202100003094;196 232;7;1;2;1;26;1
202100003095;196 230;7;10;0;1;14;1
202100003096;196 229;7;0;1;2;1;1
202100003097;196 228;7;0;1;1;1;3
202100003098;196 227;7;0;1;3;1;1
202100003099;196 225;7;0;2;2;16;2
202100003099;196 226;50;0;2;0;5;3
202100003100;196 223;10;0;2;1;1;1
202100003100;196 224;7;0;2;2;15;1
202100003101;196 222;32;0;0;8;1;1
202100003102;196 220;10;0;2;4;0;1
202100003102;196 221;33;8;0;1;1;1
202100003103;196 217;7;0;2;4;1;1
202100003103;196 218;7;0;2;4;1;1
202100003103;196 219;7;0;2;1;1;1
202100003104;196 216;32;0;0;1;1;1
202100003105;196 214;7;0;2;1;15;1
202100003105;196 215;2;0;2;1;1;1
202100003106;196 211;7;0;2;1;19;1
202100003106;196 212;7;0;2;0;1;1
202100003106;196 213;7;0;2;3;1;1
202100003107;196 210;7;0;1;2;1;1
202100003108;196 209;7;2;0;1;13;1
202100003109;196 208;3;0;1;1;0;3
202100003110;196 206;7;0;2;8;9;1
202100003110;196 207;7;0;2;1;19;1
202100003111;196 205;34;0;0;1;1;1
202100003112;196 203;1;0;2;7;1;5
202100003112;196 204;7;0;2;1;9;1
202100003113;196 202;7;0;2;2;1;1
202100003114;196 200;10;0;2;1;1;1
202100003114;196 201;7;0;2;7;1;1
202100003115;196 196;31;0;1;8;1;1
202100003116;196 195;7;0;1;3;15;1
202100003117;196 193;7;0;2;3;19;1
202100003117;196 194;3;0;2;1;19;1
202100003118;196 191;7;0;2;7;26;1
202100003118;196 192;1;0;2;7;11;5
202100003119;196 190;80;0;0;0;26;3
202100003120;196 188;7;0;2;1;26;1
202100003120;196 189;7;0;2;8;26;1
202100003121;196 187;7;0;1;2;1;1
202100003122;196 185;7;0;2;1;15;1
202100003122;196 186;7;0;2;8;1;1
202100003123;196 183;7;0;2;1;2;1
202100003123;196 184;7;0;2;4;23;1
202100003124;196 182;7;0;1;1;13;1
202100003125;196 180;7;0;2;2;15;2
202100003125;196 181;50;0;2;1;1;3
202100003126;196 178;7;0;2;1;2;1
202100003126;196 179;7;0;2;4;2;1
202100003127;196 176;7;0;2;4;1;1
202100003127;196 177;7;0;2;1;1;1
202100003128;196 174;7;0;2;9;23;1
202100003128;196 175;7;0;2;2;16;1
202100003129;196 173;1;0;1;1;0;5
202100003130;196 171;7;0;2;4;2;1
202100003130;196 172;10;0;2;1;2;1
202100003131;196 169;7;0;2;1;9;1
202100003131;196 170;7;0;2;2;15;1
202100003132;196 168;7;0;1;7;1;1
202100003133;196 167;7;3;0;2;14;1
202100003134;196 165;7;0;2;2;1;1
202100003134;196 166;10;0;2;1;1;1
202100003135;196 164;7;0;1;3;1;1
202100003136;196 163;7;0;1;1;1;1
202100003137;196 161;7;0;2;2;1;1
202100003137;196 162;7;0;2;3;19;1
202100003138;196 160;7;0;1;7;1;1
202100003139;196 158;7;0;2;3;15;0
202100003139;196 159;7;0;2;3;1;0
202100003140;196 157;30;0;0;0;26;1
202100003141;196 155;2;0;2;1;1;1
202100003141;196 156;7;0;2;3;20;1
202100003142;196 152;7;0;2;4;2;1
202100003142;196 153;7;0;2;4;2;1
202100003142;196 154;7;0;2;1;26;1
202100003143;196 150;7;0;2;2;15;1
202100003143;196 151;32;0;2;1;1;1
202100003144;196 148;7;0;2;2;1;1
202100003144;196 149;32;0;2;1;5;0
202100003145;196 147;7;0;1;1;1;1
202100003146;196 145;7;0;2;2;0;1
202100003146;196 146;7;0;2;2;0;1
202100003147;196 141;7;0;2;4;2;1
202100003147;196 142;7;0;2;1;2;1
202100003147;196 143;7;0;2;4;2;1
202100003147;196 144;7;0;2;4;2;1
202100003148;196 139;7;0;2;1;19;1
202100003148;196 140;7;0;2;7;1;1
202100003149;196 137;7;0;2;2;1;1
202100003149;196 138;7;0;2;3;1;3
202100003150;196 136;7;0;1;1;1;1
202100003151;196 134;7;0;2;4;1;1
202100003151;196 135;7;0;2;1;1;1
202100003152;196 131;7;0;2;1;1;1
202100003152;196 132;7;0;2;4;1;1
202100003152;196 133;7;0;0;4;1;1
202100003153;196 129;7;0;2;8;9;1
202100003153;196 130;2;0;2;1;1;1
202100003154;196 125;7;0;1;0;13;3
202100003154;196 126;7;0;2;4;23;1
202100003154;196 127;1;0;2;0;1;5
202100003154;196 128;10;0;2;1;1;1
202100003155;196 124;7;1;0;9;13;1
202100003156;196 122;10;0;2;2;1;1
202100003156;196 123;50;0;2;6;21;3
202100003157;196 120;30;0;2;4;2;1
202100003157;196 121;10;0;2;1;2;0
202100003158;196 118;32;0;2;2;1;3
202100003158;196 119;37;0;2;8;9;1
202100003159;196 116;1;0;2;8;1;5
202100003159;196 117;1;0;2;8;5;5
202100003160;196 115;1;0;1;0;21;5
202100003161;196 114;32;4;0;8;13;1
202100003162;196 112;32;0;2;4;2;1
202100003162;196 113;30;0;2;4;2;1
202100003163;196 110;7;0;2;1;1;2
202100003163;196 111;30;0;2;2;1;1
202100003164;196 108;2;0;2;2;2;1
202100003164;196 109;7;0;2;2;15;1
202100003165;196 107;7;0;1;2;1;1
202100003166;196 105;7;0;2;5;1;2
202100003166;196 106;7;0;2;3;12;1
202100003167;196 104;32;14;0;4;13;1
202100003168;196 103;7;0;1;7;1;1
202100003169;196 102;7;0;1;0;26;0
202100003170;196 101;7;14;0;1;26;1
202100003171;196 099;7;0;2;1;1;1
202100003171;196 100;7;1;2;1;1;1
202100003172;196 097;7;0;2;1;1;1
202100003172;196 098;13;0;2;1;5;0
202100003173;196 095;10;0;1;3;1;1
202100003174;196 093;7;0;2;6;15;1
202100003174;196 094;10;0;2;1;1;1
202100003175;196 090;10;0;1;1;16;1
202100003176;196 088;30;0;2;4;1;1
202100003176;196 089;7;0;2;1;2;0
202100003177;196 087;7;0;1;2;16;1
202100003178;196 086;10;17;0;2;1;3
202100003179;196 085;10;0;1;6;4;1
202100003180;196 083;7;0;2;1;1;1
202100003180;196 084;7;0;2;7;1;1
202100003181;196 082;7;8;0;1;1;1
202100003182;196 080;7;0;2;3;11;1
202100003182;196 081;2;0;2;7;1;1
202100003183;196 079;7;0;1;2;1;3
202100003184;196 078;33;6;2;7;26;0
202100003185;196 077;7;3;0;2;1;1
202100003186;196 075;2;0;0;7;1;1
202100003186;196 076;10;0;2;1;1;1
202100003187;196 073;7;0;2;3;1;1
202100003187;196 074;7;0;2;3;0;1
202100003188;196 071;2;0;2;1;1;1
202100003188;196 072;7;0;2;7;15;1
202100003189;196 069;7;0;2;2;1;1
202100003189;196 070;16;0;2;5;20;1
202100003190;196 067;7;0;2;1;1;1
202100003190;196 068;7;0;2;1;15;1
202100003191;196 065;10;0;2;3;1;1
202100003191;196 066;7;0;2;1;13;1
202100003192;196 063;2;0;2;1;2;1
202100003192;196 064;7;0;0;4;2;1
202100003193;196 062;7;0;1;1;1;1
202100003194;196 061;7;2;0;2;1;1
202100003195;196 060;7;0;0;0;1;1
202100003196;196 059;7;2;0;1;1;1
202100003197;196 057;17;0;2;3;1;1
202100003197;196 058;17;0;2;3;1;1
202100003198;196 054;7;0;2;3;15;1
202100003198;196 055;2;0;2;1;1;1
202100003198;196 056;7;0;2;3;15;1
202100003199;196 052;7;0;9;1;1;1
202100003199;196 053;1;0;2;8;26;5
202100003200;196 049;7;0;2;1;14;1
202100003200;196 050;7;4;2;9;12;1
202100003200;196 051;7;0;2;1;1;1
202100003201;196 047;7;0;0;1;17;1
202100003201;196 048;15;0;0;6;1;1
202100003202;196 046;32;0;0;0;1;1
202100003203;196 044;2;0;2;1;1;1
202100003203;196 045;7;0;2;8;19;1
202100003204;196 043;33;0;0;4;2;1
202100003205;196 041;7;0;2;1;1;1
202100003205;196 042;7;0;2;8;15;1
202100003206;196 039;7;0;2;1;1;1
202100003206;196 040;7;0;2;1;5;1
202100003207;196 037;7;0;2;3;1;1
202100003207;196 038;7;0;2;3;1;1
202100003208;196 036;7;0;0;0;15;1
202100003209;196 035;10;0;1;2;1;1
202100003210;196 034;10;0;1;2;1;1
202100003211;196 032;7;0;0;5;15;1
202100003211;196 033;33;0;0;1;1;1
202100003212;196 031;15;0;0;0;1;1
202100003213;196 030;7;8;0;9;1;1
202100003214;196 028;17;0;2;5;2;1
202100003214;196 029;17;0;2;3;2;1
202100003215;196 024;10;0;0;0;0;0
202100003215;196 025;7;0;2;4;2;1
202100003216;196 022;7;0;2;9;14;1
202100003216;196 023;10;0;2;6;1;1
202100003217;196 020;7;0;2;4;2;1
202100003217;196 021;7;0;2;1;2;1
202100003218;196 018;7;0;2;7;12;1
202100003218;196 019;31;0;2;1;3;1
202100003219;196 016;7;0;2;4;2;1
202100003219;196 017;7;0;2;4;1;1
202100003220;196 014;7;0;2;4;1;1
202100003220;196 015;10;0;2;1;9;1
202100003221;196 013;7;4;0;2;0;1
202100003222;196 012;31;0;0;2;1;1
202100003223;196 010;7;0;2;1;2;1
202100003223;196 011;43;0;2;6;21;1
202100003224;196 008;7;0;2;1;1;1
202100003224;196 009;7;0;2;4;1;1
202100003225;196 006;32;0;2;7;0;0
202100003225;196 007;0;0;2;0;0;0
202100003226;196 005;7;3;0;1;13;1
202100003227;196 003;7;0;2;1;0;2
202100003227;196 004;7;0;2;4;1;1
202100003228;196 001;15;0;2;4;0;1
202100003228;196 002;7;0;2;1;0;1
202100003229;195 999;7;0;2;1;2;1
202100003229;196 000;14;0;2;4;2;0
202100003230;195 997;2;0;2;1;1;1
202100003230;195 998;7;0;2;8;9;1
202100003231;195 995;30;0;2;3;8;1
202100003231;195 996;7;0;2;0;0;1
202100003232;195 992;7;1;2;1;1;1
202100003232;195 993;7;1;2;4;1;1
202100003232;195 994;7;0;2;4;24;1
202100003233;195 989;7;0;2;3;1;1
202100003233;195 990;7;0;2;5;16;6
202100003233;195 991;7;0;2;6;1;1
202100003234;195 987;7;0;2;2;17;1
202100003234;195 988;10;0;2;2;2;1
202100003235;195 986;33;0;1;1;1;1
202100003236;195 984;7;0;2;6;13;1