Num_Acc;id_vehicule;categorie_vehicule;obstacle_fixe;obstacle_mobile;point_choc_initial;manoeuvre_principale;motorisation
202100003236;195 985;13;0;2;3;1;1
202100003237;195 982;7;0;2;2;1;1
202100003237;195 983;7;15;2;8;1;1
202100003238;195 980;7;0;2;1;1;1
202100003238;195 981;7;0;2;4;1;1
202100003239;195 978;7;0;2;2;15;6
202100003239;195 979;33;0;2;1;1;6
202100003240;195 976;7;0;9;1;1;1
202100003240;195 977;7;4;0;3;13;1
202100003241;195 973;7;2;0;9;0;1
202100003242;195 971;7;0;2;3;1;1
202100003242;195 972;7;0;2;1;1;1
202100003243;195 969;7;0;2;1;1;1
202100003243;195 970;7;1;2;2;15;1
202100003244;195 967;7;0;2;2;1;1
202100003244;195 968;7;0;2;1;19;1
202100003245;195 966;7;0;1;3;1;1
202100003246;195 964;7;0;2;1;2;0
202100003246;195 965;7;0;0;4;23;1
202100003247;195 961;7;0;2;1;2;1
202100003247;195 962;7;0;2;1;2;1
202100003247;195 963;7;0;2;4;2;1
202100003248;195 955;7;0;2;7;3;1
202100003248;195 956;7;0;2;4;1;1
202100003248;195 957;7;0;2;8;1;1
202100003248;195 958;7;0;2;8;1;1
202100003248;195 959;7;0;2;8;1;1
202100003248;195 960;7;0;2;8;1;1
202100003249;195 953;7;0;2;0;0;1
202100003249;195 954;7;0;2;1;2;1
202100003250;195 951;7;0;2;1;1;1
202100003250;195 952;1;0;2;4;1;5
202100003251;195 950;33;0;0;0;1;1
202100003252;195 948;7;0;2;3;9;1
202100003252;195 949;1;0;2;1;1;5
202100003253;195 947;7;8;0;8;1;1
202100003254;195 946;7;12;0;2;1;1
202100003255;195 945;33;0;1;1;14;1
202100003256;195 943;32;0;2;8;1;1
202100003256;195 944;7;0;2;7;2;0
202100003257;195 942;7;0;1;2;1;1
202100003258;195 939;7;0;2;8;2;1
202100003258;195 940;7;0;2;5;1;2
202100003258;195 941;33;0;2;7;3;1
202100003259;195 937;7;0;2;5;16;1
202100003259;195 938;80;0;2;1;18;3
202100003260;195 936;10;0;1;6;1;1
202100003261;195 934;32;0;2;7;21;1
202100003261;195 935;7;0;2;6;23;1
202100003262;195 932;32;0;2;1;1;1
202100003262;195 933;7;0;2;1;15;1
202100003263;195 931;30;0;0;0;11;1
202100003264;195 930;7;0;1;0;1;0
202100003265;195 928;7;0;2;7;16;1
202100003265;195 929;7;0;2;5;4;1
202100003266;195 926;30;0;2;8;1;1
202100003266;195 927;1;0;2;0;14;5
202100003267;195 925;10;0;1;3;15;1
202100003268;195 924;7;9;0;1;1;1
202100003269;195 922;2;0;2;2;1;3
202100003269;195 923;7;0;2;3;20;0
202100003270;195 919;7;0;2;2;2;0
202100003270;195 920;7;0;0;4;2;1
202100003270;195 921;7;0;2;1;3;1
202100003271;195 915;1;0;2;1;1;5
202100003271;195 916;7;0;2;3;15;1
202100003272;195 913;2;0;2;7;5;1
202100003272;195 914;7;0;2;2;1;1
202100003273;195 912;43;0;1;2;1;1
202100003274;195 910;30;0;2;1;13;1
202100003274;195 911;7;0;2;3;1;1
202100003275;195 909;7;0;1;3;1;1
202100003276;195 907;31;0;2;5;1;1
202100003276;195 908;7;0;2;2;9;1
202100003277;195 906;7;0;1;1;1;1
202100003278;195 904;33;7;0;8;1;1
202100003278;195 905;7;0;2;1;19;1
202100003279;195 902;7;0;2;3;13;1
202100003279;195 903;33;0;2;3;1;1
202100003280;195 901;80;0;6;0;0;3
202100003281;195 898;7;0;0;4;23;1
202100003281;195 899;10;0;2;6;23;1
202100003281;195 900;7;0;2;2;2;1
202100003282;195 896;7;0;2;1;1;1
202100003282;195 897;7;0;2;1;15;1
202100003283;195 894;3;0;2;3;1;1
202100003283;195 895;33;0;2;1;17;1
202100003284;195 893;7;0;1;2;1;1
202100003285;195 891;7;0;2;7;15;1
202100003285;195 892;7;0;2;1;1;1
202100003286;195 889;7;0;2;1;1;1
202100003286;195 890;7;0;2;1;5;1
202100003287;195 888;7;0;1;1;1;1
202100003288;195 886;10;0;2;1;1;1
202100003288;195 887;7;0;2;2;15;1
202100003289;195 885;7;15;0;0;1;1
202100003290;195 883;7;0;2;1;1;1
202100003290;195 884;7;0;2;2;11;1
202100003291;195 882;7;6;0;7;1;1
202100003292;195 880;7;8;0;1;1;2
202100003293;195 879;2;0;0;0;0;1
202100003294;195 877;7;0;2;1;1;1
202100003294;195 878;7;0;2;1;1;1
202100003295;195 876;7;12;0;2;1;1
202100003296;195 875;7;0;0;9;1;1
202100003297;195 873;10;0;2;1;15;1
202100003297;195 874;7;0;2;1;1;1
202100003298;195 872;7;0;1;4;4;1
202100003299;195 871;7;0;1;1;1;1
202100003300;195 869;10;0;2;1;1;1
202100003300;195 870;7;0;2;3;19;1
202100003301;195 868;10;3;0;7;14;1
202100003302;195 865;7;0;2;1;5;1
202100003302;195 866;7;0;2;1;1;1
202100003302;195 867;7;0;2;1;1;1
202100003303;195 864;7;14;0;1;13;1
202100003304;195 862;7;0;2;2;1;1
202100003304;195 863;7;0;2;1;1;1
202100003305;195 860;7;0;2;1;2;1
202100003305;195 861;7;0;0;4;23;3
202100003306;195 857;7;0;1;1;1;1
202100003307;195 856;7;2;0;1;1;0
202100003308;195 854;1;0;0;8;19;5
202100003308;195 855;7;0;0;1;1;1
202100003309;195 852;7;0;2;3;16;1
202100003309;195 853;2;0;2;3;15;1
202100003310;195 850;7;0;0;3;17;1
202100003310;195 851;2;13;0;1;1;1
202100003311;195 848;2;0;2;8;1;1
202100003311;195 849;7;0;2;1;19;1
202100003312;195 846;7;0;2;1;1;0
202100003312;195 847;7;0;2;2;15;0
202100003313;195 845;7;0;1;1;0;1
202100003314;195 843;10;0;0;4;23;1
202100003314;195 844;7;0;2;1;2;1
202100003315;195 841;1;0;0;7;1;5
202100003315;195 842;10;0;9;1;26;6
202100003316;195 839;10;0;2;3;13;1
202100003316;195 840;15;0;2;3;1;1
202100003317;195 836;7;0;0;0;0;0
202100003317;195 837;7;0;2;9;0;1
202100003317;195 838;7;0;2;4;26;1
202100003318;195 834;7;0;2;4;1;1
202100003318;195 835;7;0;2;1;11;1
202100003319;195 831;10;0;0;0;0;0
202100003319;195 832;10;0;0;1;5;1
202100003319;195 833;15;0;2;2;2;1
202100003320;195 830;7;0;2;0;1;1
202100003321;195 828;7;4;2;4;2;1
202100003321;195 829;7;4;2;1;1;1
202100003322;195 827;7;4;0;7;14;1
202100003323;195 822;7;0;2;4;11;0
202100003323;195 823;7;0;9;1;0;1
202100003323;195 824;7;0;2;3;2;1
202100003323;195 825;7;3;2;3;1;1
202100003323;195 826;7;0;2;1;21;1
202100003324;195 819;7;0;2;4;2;1
202100003324;195 820;7;0;2;4;2;1
202100003324;195 821;7;0;2;1;2;1
202100003325;195 817;7;0;2;6;1;1
202100003325;195 818;7;0;2;2;2;1
202100003326;195 815;7;0;2;1;15;1
202100003326;195 816;7;0;2;6;11;1
202100003327;195 811;7;0;2;1;1;1
202100003327;195 812;7;0;2;4;1;2
202100003327;195 813;7;0;2;4;1;1
202100003327;195 814;7;0;2;4;1;1
202100003328;195 809;7;0;2;3;12;1
202100003328;195 810;7;0;2;3;12;2
202100003329;195 808;33;0;0;7;16;1
202100003330;195 806;7;0;2;1;5;1
202100003330;195 807;10;0;2;1;13;1
202100003331;195 805;7;13;0;1;1;1
202100003332;195 803;7;0;2;3;2;1
202100003332;195 804;7;4;0;3;23;1
202100003333;195 802;2;0;0;0;1;1
202100003334;195 800;10;0;2;8;1;1
202100003334;195 801;37;0;2;1;1;1
202100003335;195 798;7;3;2;1;2;1
202100003335;195 799;14;3;2;8;2;1
202100003336;195 796;7;1;0;1;1;1
202100003337;195 795;7;13;0;1;1;1
202100003338;195 792;7;0;2;1;13;1
202100003338;195 793;14;0;2;1;1;1
202100003338;195 794;7;0;2;1;1;1
202100003339;195 791;7;3;0;2;1;1
202100003340;195 790;7;2;0;1;0;1
202100003341;195 788;7;0;2;3;1;0
202100003341;195 789;1;0;2;1;1;5
202100003342;195 787;33;0;0;8;1;1
202100003343;195 786;7;6;0;3;13;1
202100003344;195 785;7;14;0;1;1;1
202100003345;195 783;7;0;2;3;1;1
202100003345;195 784;7;0;2;3;13;1
202100003346;195 782;7;5;0;9;1;1
202100003347;195 780;7;0;2;2;1;1
202100003347;195 781;7;0;2;3;19;1
202100003348;195 778;7;0;2;1;1;1
202100003348;195 779;7;0;2;1;13;1
202100003349;195 777;2;13;0;1;1;1
202100003350;195 776;7;0;1;1;20;1
202100003351;195 775;7;13;0;9;1;1
202100003352;195 772;7;0;2;4;2;1
202100003352;195 773;7;0;2;1;5;1
202100003352;195 774;7;0;2;1;2;1
202100003353;195 770;7;0;2;3;15;1
202100003353;195 771;33;0;2;1;1;1
202100003354;195 768;7;0;2;1;1;1
202100003354;195 769;7;0;2;4;0;1
202100003355;195 766;1;0;2;1;1;5
202100003355;195 767;7;0;9;2;9;1
202100003356;195 764;7;7;4;2;1;1
202100003356;195 765;39;0;2;3;1;3
202100003357;195 762;7;0;2;3;1;1
202100003357;195 763;13;0;2;3;1;1
202100003358;195 760;7;6;2;1;1;1
202100003358;195 761;7;0;2;2;1;1
202100003359;195 758;33;0;2;1;1;1
202100003359;195 759;10;0;2;2;19;1
202100003360;195 757;7;6;0;8;13;1
202100003361;195 756;7;13;0;3;2;1
202100003362;195 754;7;0;2;2;19;1
202100003362;195 755;2;0;2;1;1;1
202100003363;195 752;7;0;2;1;1;1
202100003363;195 753;7;0;2;1;1;1
202100003364;195 750;17;0;0;4;2;1
202100003364;195 751;7;0;2;1;0;1
202100003365;195 748;1;0;2;8;2;5
202100003365;195 749;38;0;2;7;2;1
202100003366;195 745;7;14;0;8;1;1
202100003366;195 746;10;0;2;2;0;1
202100003366;195 747;7;3;0;6;1;1
202100003367;195 739;7;0;2;3;21;1
202100003367;195 740;7;0;2;2;1;1
202100003367;195 741;10;0;2;1;1;1
202100003367;195 742;17;0;2;4;13;1
202100003368;195 737;7;0;2;3;15;1
202100003368;195 738;31;0;2;8;1;0
202100003369;195 736;2;3;0;1;1;1
202100003370;195 735;7;2;0;1;14;1
202100003371;195 733;14;0;0;1;1;1
202100003371;195 734;7;15;0;2;13;1
202100003372;195 732;7;2;0;1;0;1
202100003373;195 730;10;0;0;8;19;1
202100003373;195 731;33;0;2;1;1;1
202100003374;195 728;7;0;2;1;0;1
202100003374;195 729;7;0;2;1;0;1
202100003375;195 726;2;0;2;2;1;1
202100003375;195 727;7;0;2;2;1;
202100003376;195 724;31;0;0;0;1;1
202100003376;195 725;32;0;0;0;1;1
202100003377;195 722;30;0;2;1;19;1
202100003377;195 723;7;0;2;2;1;1
202100003378;195 721;7;16;9;1;0;1
202100003379;195 719;33;0;2;7;1;1
202100003379;195 720;7;0;2;1;6;1
202100003380;195 715;7;0;2;6;9;1
202100003380;195 716;17;0;2;2;1;1
202100003381;195 714;7;16;0;2;14;1
202100003382;195 713;7;0;1;8;15;1
202100003383;195 712;30;12;0;2;14;1
202100003384;195 710;1;0;2;0;26;5
202100003384;195 711;7;0;2;0;0;0
202100003385;195 709;7;0;1;2;1;1
202100003386;195 708;7;8;0;2;20;1
202100003387;195 705;7;0;2;4;26;1
202100003387;195 706;7;0;2;0;0;1
202100003387;195 707;30;0;2;0;0;1
202100003388;195 704;7;2;0;8;26;1
202100003389;195 702;7;0;2;6;15;1
202100003389;195 703;32;0;2;1;1;1
202100003390;195 701;7;2;0;2;11;1
202100003391;195 699;30;0;2;7;17;1
202100003391;195 700;7;0;2;8;15;1
202100003392;195 698;7;0;1;7;1;1
202100003393;195 696;31;0;2;3;13;1
202100003393;195 697;7;0;1;2;0;1
202100003394;195 693;7;0;2;1;1;1
202100003394;195 694;7;0;2;6;11;1
202100003394;195 695;7;0;2;0;11;1
202100003395;195 691;7;0;2;1;2;1
202100003395;195 692;7;0;2;4;1;1
202100003396;195 690;33;12;0;1;1;1
202100003397;195 689;7;0;1;1;19;1
202100003398;195 687;7;0;2;6;15;1
202100003398;195 688;33;0;2;1;2;1
202100003399;195 684;7;0;2;2;17;1
202100003399;195 685;99;0;2;3;2;1
202100003399;195 686;7;0;2;3;1;1
202100003400;195 682;7;14;0;4;26;1
202100003400;195 683;7;0;2;2;19;1
202100003401;195 681;7;0;0;9;17;1
202100003402;195 679;7;0;2;1;1;1
202100003402;195 680;50;0;2;3;5;3
202100003403;195 676;7;0;2;3;1;1
202100003403;195 677;7;0;2;1;13;1
202100003404;195 670;7;2;0;1;1;1
202100003405;195 669;7;0;1;1;1;1
202100003406;195 668;7;0;1;2;1;0
202100003407;195 667;7;0;1;1;0;1
202100003408;195 665;2;0;2;1;17;1
202100003408;195 666;7;0;2;6;2;1
202100003409;195 663;2;0;2;1;1;1
202100003409;195 664;7;0;2;3;9;1
202100003410;195 661;1;0;2;1;1;5
202100003410;195 662;7;0;2;5;26;1
202100003411;195 660;7;0;1;1;1;1
202100003412;195 659;10;0;1;8;1;3
202100003413;195 657;7;0;2;7;1;1
202100003413;195 658;7;0;2;1;1;1
202100003414;195 653;7;0;2;6;1;1
202100003414;195 654;7;0;2;3;1;1
202100003414;195 655;10;4;0;5;0;1
202100003414;195 656;7;0;2;1;1;1
202100003415;195 651;7;0;2;1;14;0
202100003415;195 652;7;0;2;5;13;1
202100003416;195 650;7;0;1;2;1;0
202100003417;195 649;10;11;0;2;0;1
202100003418;195 647;7;0;2;1;2;1
202100003418;195 648;7;0;2;4;2;1
202100003419;195 645;7;0;2;1;1;1
202100003419;195 646;7;0;2;4;23;1
202100003420;195 642;33;0;5;1;1;1
202100003421;195 640;7;0;2;8;15;1
202100003421;195 641;30;0;2;1;1;1
202100003422;195 638;7;0;2;2;1;1
202100003422;195 639;10;0;2;6;9;1
202100003423;195 636;7;0;2;4;2;1
202100003423;195 637;7;0;2;1;2;1
202100003424;195 635;7;0;1;2;1;1
202100003425;195 633;7;0;2;2;1;1
202100003425;195 634;33;0;2;1;17;1
202100003426;195 631;2;0;2;1;1;1
202100003426;195 632;7;1;2;1;17;1
202100003427;195 626;7;0;2;4;23;1
202100003427;195 627;7;0;2;9;23;1
202100003427;195 628;7;0;2;9;23;1
202100003427;195 629;7;0;2;9;23;1
202100003427;195 630;7;0;2;1;9;1
202100003428;195 625;7;0;1;1;1;1
202100003429;195 624;7;0;1;3;16;1
202100003430;195 623;32;0;0;0;21;1
202100003431;195 620;7;0;2;4;1;1
202100003431;195 621;7;0;2;1;1;1
202100003431;195 622;7;0;2;4;1;1
202100003432;195 619;80;0;1;1;1;3
202100003433;195 618;33;0;1;1;9;1
202100003434;195 616;7;0;2;3;15;1
202100003434;195 617;32;0;2;1;1;1
202100003435;195 614;32;0;2;1;1;1
202100003435;195 615;7;0;2;8;22;1
202100003436;195 612;7;0;2;1;16;1
202100003436;195 613;80;0;2;8;1;3
202100003437;195 610;33;0;2;1;1;1
202100003437;195 611;7;0;2;3;15;1
202100003438;195 609;7;0;1;1;1;1
202100003439;195 607;7;0;2;2;9;1
202100003439;195 608;2;0;2;3;7;1
202100003440;195 605;7;0;2;2;15;1
202100003440;195 606;7;0;2;3;1;1
202100003441;195 603;7;0;2;2;10;1
202100003441;195 604;1;0;2;1;1;5
202100003442;195 602;10;7;0;1;13;1
202100003443;195 601;7;0;1;1;15;2
202100003444;195 599;7;0;2;4;1;1
202100003444;195 600;7;0;2;1;18;1
202100003445;195 597;7;0;2;8;1;1
202100003445;195 598;43;0;2;1;1;1
202100003446;195 595;7;0;2;2;9;1
202100003446;195 596;30;0;2;1;1;1
202100003447;195 594;7;1;1;0;13;1
202100003448;195 593;30;0;0;0;1;1
202100003449;195 589;7;1;2;1;13;1
202100003449;195 590;7;0;2;1;0;1
202100003449;195 591;7;0;2;1;1;1
202100003449;195 592;7;8;0;4;24;1
202100003450;195 588;7;0;1;1;15;1
202100003451;195 586;7;0;2;2;1;1
202100003451;195 587;7;1;2;2;18;1
202100003452;195 584;32;0;2;2;2;1
202100003452;195 585;7;0;2;3;13;1
202100003453;195 583;34;0;1;4;25;1
202100003454;195 580;7;9;0;0;0;1
202100003454;195 581;7;0;2;3;20;2
202100003454;195 582;33;0;2;3;1;1
202100003455;195 578;7;0;2;1;9;1
202100003455;195 579;7;0;2;3;1;1
202100003456;195 576;7;0;2;3;1;1
202100003456;195 577;50;0;2;2;5;3
202100003457;195 573;7;0;2;9;9;1
202100003457;195 574;7;0;2;1;0;1
202100003457;195 575;7;0;2;8;0;1
202100003458;195 570;7;3;2;0;0;1
202100003458;195 571;7;0;2;4;0;1
202100003458;195 572;7;3;2;4;0;1
202100003459;195 568;7;0;2;3;1;1
202100003459;195 569;1;0;2;1;1;5
202100003460;195 565;7;13;0;1;14;1
202100003461;195 564;2;0;6;1;1;1
202100003462;195 562;7;0;2;1;2;1
202100003462;195 563;36;0;0;4;2;1
202100003463;195 560;3;0;2;2;9;1
202100003463;195 561;7;0;2;3;1;1
202100003464;195 559;33;0;0;8;1;1
202100003465;195 557;7;0;2;1;13;1
202100003465;195 558;7;0;2;1;1;1
202100003466;195 556;7;6;0;1;13;1
202100003467;195 555;7;8;0;7;13;1
202100003468;195 553;2;0;2;4;1;1
202100003468;195 554;2;0;2;1;2;1
202100003469;195 551;33;0;2;2;1;1
202100003469;195 552;7;0;2;1;15;1
202100003470;195 550;7;13;0;1;2;1
202100003471;195 549;7;0;1;1;1;1
202100003472;195 547;7;0;2;1;1;2
202100003472;195 548;7;0;2;1;1;1
202100003473;195 545;7;0;2;3;13;1
202100003473;195 546;10;0;2;1;1;1
202100003474;195 544;7;2;0;1;26;1
202100003475;195 542;7;0;2;4;2;1
202100003475;195 543;7;0;2;1;2;1
202100003476;195 541;7;8;0;2;1;1
202100003477;195 539;7;0;2;1;13;1
202100003477;195 540;7;0;2;1;1;1
202100003478;195 538;7;2;0;8;26;1
202100003479;195 537;7;16;0;2;1;1
202100003480;195 533;7;0;2;1;1;2
202100003480;195 534;7;0;2;2;17;1
202100003481;195 532;7;2;0;7;1;1
202100003482;195 531;7;13;0;2;0;1
202100003483;195 529;33;0;0;4;1;1
202100003483;195 530;7;0;2;3;1;1
202100003484;195 527;7;0;9;2;1;1
202100003484;195 528;50;0;2;7;1;3
202100003485;195 526;17;13;9;2;14;1
202100003486;195 523;7;3;2;0;21;1
202100003486;195 524;7;4;2;6;9;1
202100003486;195 525;7;3;2;2;1;1
202100003487;195 521;7;0;2;1;2;2
202100003487;195 522;7;4;0;9;2;1
202100003488;195 519;7;0;2;1;10;1
202100003488;195 520;32;0;2;2;17;1
202100003489;195 517;7;0;2;1;13;1
202100003489;195 518;7;0;2;1;1;1
202100003490;195 516;32;15;0;1;1;1
202100003491;195 512;7;0;2;1;13;1
202100003491;195 513;10;0;2;1;1;1
202100003491;195 514;7;0;2;1;1;1
202100003492;195 510;7;0;2;2;26;1
202100003492;195 511;80;0;2;1;1;3
202100003493;195 507;7;0;2;3;23;2
202100003493;195 508;7;0;2;7;15;1
202100003493;195 509;7;0;2;1;1;1
202100003494;195 506;7;2;0;1;14;1
202100003495;195 503;7;0;2;3;13;1
202100003495;195 504;7;0;2;3;1;2
202100003495;195 505;7;0;2;2;1;1
202100003496;195 502;33;0;0;7;1;1
202100003497;195 501;7;8;0;7;0;1
202100003498;195 499;2;0;2;1;1;1
202100003498;195 500;7;0;2;1;19;1
202100003499;195 497;7;0;2;1;1;2
202100003499;195 498;7;0;2;1;23;1
202100003500;195 495;3;0;2;4;1;1
202100003500;195 496;7;0;2;1;1;1
202100003501;195 490;10;0;2;4;1;0
202100003501;195 491;7;0;2;4;1;0
202100003501;195 492;7;0;2;1;1;1
202100003501;195 493;7;0;2;4;1;1
202100003502;195 488;7;0;2;2;12;1
202100003502;195 489;33;0;2;1;3;1
202100003503;195 485;7;0;2;1;1;1
202100003503;195 486;7;0;2;4;2;1
202100003503;195 487;7;0;2;4;2;1
202100003504;195 483;7;0;2;4;2;1
202100003504;195 484;7;0;2;1;2;1
202100003505;195 480;7;0;2;4;23;1
202100003505;195 481;7;0;2;4;1;1
202100003505;195 482;7;0;2;1;1;1
202100003506;195 478;7;0;2;1;1;1
202100003506;195 479;7;0;2;6;1;1
202100003507;195 476;7;0;2;1;2;1
202100003507;195 477;7;0;2;7;2;1
202100003508;195 474;7;0;2;6;1;1
202100003508;195 475;7;0;2;2;0;1
202100003509;195 473;7;0;1;2;1;1
202100003510;195 472;7;0;1;3;1;1
202100003511;195 471;7;0;1;1;1;1
202100003512;195 469;7;0;1;1;1;2
202100003513;195 468;7;0;1;3;9;1
202100003514;195 466;33;0;2;2;17;0
202100003514;195 467;7;0;2;8;15;1
202100003515;195 464;7;0;2;1;2;1
202100003515;195 465;7;0;2;4;2;1
202100003516;195 462;7;0;2;3;5;1
202100003516;195 463;7;0;2;3;1;1
202100003517;195 460;7;0;2;2;1;1
202100003517;195 461;7;0;2;3;9;1
202100003518;195 456;14;0;2;2;2;1
202100003518;195 457;7;0;2;1;2;1
202100003518;195 458;7;1;0;1;2;3
202100003518;195 459;7;0;2;4;23;1
202100003519;195 454;7;0;2;3;9;1
202100003519;195 455;32;0;2;1;3;1
202100003520;195 452;32;0;2;1;16;1
202100003520;195 453;7;0;2;3;1;1
202100003521;195 450;7;0;2;3;0;1
202100003521;195 451;32;0;2;1;26;1
202100003522;195 448;10;0;2;1;2;1
202100003522;195 449;33;0;2;4;23;1
202100003523;195 447;7;0;1;1;16;1
202100003524;195 446;30;12;0;2;1;1
202100003525;195 444;33;0;2;0;2;1
202100003525;195 445;33;0;2;0;2;1
202100003526;195 442;7;0;2;8;16;1
202100003526;195 443;33;0;2;3;1;1
202100003527;195 439;7;0;2;1;2;1
202100003527;195 440;7;0;2;4;2;1
202100003527;195 441;7;0;2;4;16;1
202100003528;195 437;10;6;2;8;9;1
202100003528;195 438;13;0;2;3;1;1
202100003529;195 435;1;0;2;2;1;5
202100003529;195 436;7;0;2;3;15;1
202100003530;195 433;7;0;0;0;0;1
202100003530;195 434;2;0;2;0;9;3
202100003531;195 431;30;0;2;1;1;1
202100003531;195 432;7;0;2;7;1;1
202100003532;195 430;7;0;1;2;1;1
202100003533;195 428;7;0;9;2;16;1
202100003533;195 429;1;0;2;2;7;5
202100003534;195 426;2;0;2;8;26;1
202100003534;195 427;33;0;2;1;1;1
202100003535;195 425;7;9;0;1;26;1
202100003536;195 423;7;4;0;8;26;1
202100003536;195 424;99;0;2;4;26;1
202100003537;195 421;33;0;2;0;3;1
202100003537;195 422;7;0;2;5;12;1
202100003538;195 419;7;0;2;8;9;1
202100003538;195 420;30;0;2;7;3;1
202100003539;195 418;33;0;1;1;1;1
202100003540;195 416;33;0;2;7;3;1
202100003540;195 417;7;0;2;1;9;2
202100003541;195 414;7;1;2;2;20;1
202100003541;195 415;33;0;2;2;1;1
202100003542;195 413;7;0;1;1;1;1
202100003543;195 411;7;0;2;1;1;1
202100003543;195 412;7;0;2;8;1;1
202100003544;195 409;7;0;2;3;1;1
202100003544;195 410;1;0;2;8;19;0
202100003545;195 407;7;0;2;7;1;1
202100003545;195 408;7;0;2;1;19;1
202100003546;195 406;30;0;1;1;17;1
202100003547;195 404;50;0;2;7;1;3
202100003547;195 405;7;0;2;1;1;1
202100003548;195 403;50;0;1;1;25;3
202100003549;195 401;1;0;2;1;26;5
202100003549;195 402;7;0;2;1;15;1
202100003550;195 400;10;0;1;1;15;1
202100003551;195 398;1;0;4;7;1;0
202100003551;195 399;40;0;2;3;1;3
202100003552;195 396;7;0;2;3;1;1
202100003552;195 397;7;0;2;2;9;1
202100003553;195 395;7;1;1;2;17;1
202100003554;195 393;1;15;2;3;24;5
202100003554;195 394;10;6;2;5;26;1
202100003555;195 391;10;0;2;1;1;1
202100003555;195 392;7;0;2;4;15;1
202100003556;195 389;7;0;2;3;1;1
202100003556;195 390;7;0;2;3;15;1
202100003557;195 387;1;0;2;7;26;5
202100003557;195 388;7;0;2;1;1;2
202100003558;195 386;31;0;0;0;26;1
202100003559;195 385;7;16;1;4;20;0
202100003560;195 384;7;9;0;8;1;1
202100003561;195 381;7;12;2;2;17;1
202100003561;195 382;7;0;2;6;1;1
202100003561;195 383;10;12;2;2;1;1
202100003562;195 380;10;0;1;2;16;1
202100003563;195 379;7;4;0;2;1;1
202100003564;195 377;7;0;2;4;26;1
202100003564;195 378;10;0;2;3;12;1
202100003565;195 376;7;0;1;2;1;1
202100003566;195 375;7;0;1;5;4;1
202100003567;195 374;7;8;0;2;0;1
202100003568;195 373;7;0;1;2;9;1
202100003569;195 371;7;0;2;1;26;1
202100003569;195 372;32;0;2;4;2;1
202100003570;195 370;7;0;1;1;26;0
202100003571;195 369;10;0;1;3;15;1
202100003572;195 368;7;0;1;1;21;1
202100003573;195 366;1;0;2;1;1;5
202100003573;195 367;10;0;2;1;20;1
202100003574;195 364;7;0;2;3;19;1
202100003574;195 365;33;0;2;1;1;1
202100003575;195 363;7;0;1;1;15;1
202100003576;195 361;7;0;2;1;1;1
202100003576;195 362;7;0;2;3;1;1
202100003577;195 360;2;12;0;8;13;1
202100003578;195 358;7;0;2;8;1;1
202100003578;195 359;7;5;2;1;13;1
202100003579;195 356;7;0;2;1;15;1
202100003579;195 357;2;0;2;1;21;1
202100003580;195 354;7;0;2;1;2;1
202100003580;195 355;7;0;2;4;23;1
202100003581;195 352;7;0;2;1;0;1
202100003581;195 353;7;3;2;1;14;1
202100003582;195 351;7;0;1;2;1;1
202100003583;195 348;30;0;2;7;16;1
202100003583;195 349;7;14;2;2;9;1
202100003584;195 346;7;0;2;1;1;1
202100003584;195 347;0;0;2;0;1;0
202100003585;195 344;33;0;2;7;17;1
202100003585;195 345;7;0;2;3;1;1
202100003586;195 342;32;0;2;7;17;1
202100003586;195 343;7;0;2;3;15;1
202100003587;195 340;7;0;2;7;1;1
202100003587;195 341;2;0;2;1;1;1
202100003588;195 338;2;0;2;0;17;0
202100003588;195 339;7;0;2;0;15;0
202100003589;195 336;10;0;2;0;24;1
202100003589;195 337;14;1;2;2;1;1
202100003590;195 334;7;0;2;4;2;1
202100003590;195 335;30;0;2;1;2;1
202100003591;195 333;7;0;1;1;15;1
202100003592;195 327;7;0;0;9;14;1
202100003592;195 328;7;0;0;0;10;1
202100003593;195 323;7;0;2;1;26;1
202100003593;195 324;1;0;2;2;26;0
202100003594;195 322;30;0;9;2;1;1
202100003595;195 320;7;0;2;0;0;1
202100003595;195 321;7;0;2;1;0;1
202100003596;195 318;38;0;2;5;2;1
202100003596;195 319;10;0;2;1;0;1
202100003597;195 317;7;12;1;2;14;1
202100003598;195 315;7;0;0;8;21;1
202100003598;195 316;20;0;0;8;21;1
202100003599;195 313;7;0;2;1;1;1
202100003599;195 314;7;0;2;7;1;1
202100003600;195 312;7;0;1;3;1;1
202100003601;195 311;37;0;1;7;15;1
202100003602;195 309;7;0;2;3;15;1
202100003602;195 310;50;0;2;1;1;3
202100003603;195 307;50;0;0;0;0;3
202100003603;195 308;7;0;9;3;26;1
202100003604;195 306;7;0;0;3;0;1
202100003605;195 302;10;0;2;3;21;1
202100003605;195 303;10;3;2;3;1;1
202100003605;195 304;7;0;2;3;1;1
202100003605;195 305;15;0;2;3;13;1
202100003606;195 300;7;0;2;1;2;1
202100003606;195 301;10;0;2;4;23;1
202100003607;195 298;7;0;2;6;2;1
202100003607;195 299;7;0;2;2;2;1
202100003608;195 296;7;0;2;1;15;1
202100003608;195 297;7;0;2;0;0;1
202100003609;195 294;7;0;2;4;1;1
202100003609;195 295;7;0;2;1;1;1
202100003610;195 292;50;0;2;1;1;3
202100003610;195 293;7;0;2;2;9;2
202100003611;195 291;7;0;1;1;1;1
202100003612;195 289;7;0;2;2;1;1
202100003612;195 290;7;0;2;3;20;1
202100003613;195 287;7;0;2;1;1;1
202100003613;195 288;32;0;2;1;1;1
202100003614;195 286;2;0;0;7;9;1
202100003615;195 285;7;0;1;2;21;1
202100003616;195 283;7;0;2;1;1;1
202100003616;195 284;7;0;2;1;1;1
202100003617;195 281;7;0;2;8;9;1
202100003617;195 282;1;0;2;2;0;5
202100003618;195 280;7;0;2;3;0;1
202100003619;195 279;7;0;1;1;16;1
202100003620;195 276;7;0;2;3;1;1
202100003620;195 277;7;0;2;3;1;1