Num_Acc;id_vehicule;categorie_vehicule;obstacle_fixe;obstacle_mobile;point_choc_initial;manoeuvre_principale;motorisation
202100003620;195 278;7;0;2;1;1;1
202100003621;195 274;99;0;2;8;19;3
202100003621;195 275;7;0;9;1;15;1
202100003622;195 273;7;1;0;2;14;1
202100003623;195 271;7;0;2;2;16;1
202100003623;195 272;1;9;2;2;1;5
202100003624;195 270;7;8;0;3;13;1
202100003625;195 268;7;0;2;5;15;1
202100003625;195 269;1;0;2;1;1;5
202100003626;195 267;7;0;1;7;1;1
202100003627;195 266;7;0;1;1;1;1
202100003628;195 265;7;8;0;8;26;1
202100003629;195 263;7;0;9;3;15;1
202100003629;195 264;30;0;2;3;1;3
202100003630;195 261;7;0;2;1;1;1
202100003630;195 262;7;0;2;4;1;1
202100003631;195 259;10;0;2;8;1;1
202100003631;195 260;7;0;2;7;16;1
202100003632;195 257;33;0;2;8;1;1
202100003632;195 258;7;0;9;7;1;1
202100003633;195 254;7;9;9;1;5;1
202100003633;195 255;7;0;2;4;1;1
202100003633;195 256;37;0;2;4;23;1
202100003634;195 252;1;0;2;7;1;5
202100003634;195 253;7;0;9;8;1;1
202100003635;195 251;7;0;1;3;16;1
202100003636;195 249;7;0;2;0;0;1
202100003636;195 250;7;0;0;4;1;1
202100003637;195 248;7;0;1;1;1;1
202100003638;195 246;2;0;2;1;1;1
202100003638;195 247;7;0;2;2;15;1
202100003639;195 245;7;0;1;3;15;2
202100003640;195 244;7;11;0;3;13;1
202100003641;195 243;7;8;0;9;9;1
202100003642;195 241;7;0;2;4;2;1
202100003642;195 242;7;0;2;1;2;1
202100003643;195 239;7;0;2;7;26;1
202100003643;195 240;1;0;2;1;26;5
202100003644;195 238;7;0;1;1;26;1
202100003645;195 237;2;0;1;0;0;1
202100003646;195 235;7;0;2;4;1;1
202100003646;195 236;1;0;2;1;1;5
202100003647;195 234;80;0;0;7;26;3
202100003648;195 232;7;0;2;4;23;1
202100003648;195 233;7;0;2;1;1;1
202100003649;195 231;7;0;0;1;19;0
202100003650;195 229;1;0;2;1;1;5
202100003650;195 230;10;0;2;1;16;1
202100003651;195 227;7;0;2;1;1;1
202100003651;195 228;7;0;2;4;23;1
202100003652;195 226;7;0;1;1;1;1
202100003653;195 224;1;0;2;1;1;5
202100003653;195 225;7;0;2;7;16;1
202100003654;195 223;7;0;1;7;1;1
202100003655;195 222;7;6;0;3;13;1
202100003656;195 218;7;0;2;2;1;1
202100003656;195 219;14;0;2;3;16;1
202100003657;195 216;7;0;2;6;23;1
202100003657;195 217;7;0;2;0;2;1
202100003658;195 214;10;0;2;7;13;1
202100003658;195 215;32;0;2;1;1;1
202100003659;195 212;1;0;2;1;16;5
202100003659;195 213;7;0;2;7;15;1
202100003660;195 211;7;0;1;3;15;1
202100003661;195 210;7;8;0;1;13;1
202100003662;195 209;7;0;1;1;16;1
202100003663;195 208;7;15;0;0;16;1
202100003664;195 206;7;0;2;4;1;1
202100003664;195 207;7;0;2;1;2;1
202100003665;195 204;10;0;2;1;2;1
202100003665;195 205;10;0;2;4;1;0
202100003666;195 202;7;0;2;3;1;1
202100003666;195 203;7;0;2;3;15;1
202100003667;195 200;33;0;2;1;1;1
202100003667;195 201;31;0;2;1;1;0
202100003668;195 199;7;0;1;3;15;1
202100003669;195 198;7;0;1;1;1;1
202100003670;195 196;80;0;2;1;1;3
202100003670;195 197;7;0;2;3;9;1
202100003671;195 195;40;0;1;2;1;3
202100003672;195 193;32;0;2;7;17;1
202100003672;195 194;7;0;2;3;1;1
202100003673;195 192;10;0;1;1;0;0
202100003674;195 190;1;0;2;1;1;0
202100003674;195 191;7;0;2;4;23;1
202100003675;195 189;7;0;1;2;1;1
202100003676;195 187;7;0;2;8;15;1
202100003676;195 188;10;0;2;0;0;1
202100003677;195 185;15;0;2;4;1;1
202100003677;195 186;7;0;2;4;1;1
202100003678;195 184;7;0;2;1;1;1
202100003679;195 182;7;0;2;1;2;1
202100003679;195 183;7;0;2;4;2;2
202100003680;195 177;7;0;1;1;1;1
202100003681;195 175;7;0;2;1;1;1
202100003681;195 176;7;0;2;4;1;1
202100003682;195 173;7;0;2;1;15;1
202100003682;195 174;7;0;2;2;1;1
202100003683;195 169;7;0;2;1;26;1
202100003683;195 170;7;0;2;1;0;1
202100003683;195 171;7;0;2;1;0;1
202100003683;195 172;7;0;0;4;0;1
202100003684;195 167;2;0;2;7;1;1
202100003684;195 168;7;0;2;1;9;1
202100003685;195 165;7;0;2;7;9;1
202100003685;195 166;33;0;2;0;1;1
202100003686;195 163;30;0;2;1;1;1
202100003686;195 164;7;0;2;8;9;1
202100003687;195 162;10;0;1;1;1;3
202100003688;195 160;1;0;2;7;19;5
202100003688;195 161;7;0;2;1;1;1
202100003689;195 158;1;0;0;0;0;5
202100003689;195 159;7;0;2;2;1;1
202100003690;195 157;99;0;1;3;25;5
202100003691;195 155;10;0;2;8;1;1
202100003691;195 156;7;0;2;1;19;1
202100003692;195 154;10;0;1;1;15;1
202100003693;195 152;1;0;2;1;1;5
202100003693;195 153;7;0;2;2;9;1
202100003694;195 150;31;0;2;2;2;1
202100003694;195 151;7;0;2;3;10;1
202100003695;195 148;33;0;2;1;2;1
202100003695;195 149;7;0;2;8;9;1
202100003696;195 146;7;0;2;1;26;1
202100003696;195 147;7;0;2;1;1;1
202100003697;195 144;7;0;2;1;9;1
202100003697;195 145;34;0;2;3;9;1
202100003698;195 142;30;0;2;8;18;0
202100003698;195 143;31;0;2;2;1;1
202100003699;195 140;1;0;2;8;1;5
202100003699;195 141;7;0;2;2;16;1
202100003700;195 138;7;0;2;2;1;1
202100003700;195 139;7;0;2;3;26;1
202100003701;195 136;7;0;2;4;1;1
202100003701;195 137;2;0;2;1;2;1
202100003702;195 133;10;0;2;4;23;1
202100003702;195 134;7;0;2;4;2;1
202100003702;195 135;7;0;2;1;2;1
202100003703;195 131;7;0;2;3;15;1
202100003703;195 132;7;0;2;3;1;1
202100003704;195 129;33;0;2;1;1;1
202100003704;195 130;7;0;2;5;15;1
202100003705;195 127;7;0;2;0;15;1
202100003705;195 128;31;0;2;0;16;1
202100003706;195 125;7;0;2;3;20;1
202100003706;195 126;2;0;2;8;1;1
202100003707;195 123;43;0;2;1;1;0
202100003707;195 124;7;0;0;8;15;0
202100003708;195 122;31;0;1;1;0;1
202100003709;195 120;7;0;2;4;24;1
202100003709;195 121;7;1;1;1;9;1
202100003710;195 118;10;0;2;2;1;0
202100003710;195 119;32;0;2;4;23;0
202100003711;195 116;10;0;2;1;1;1
202100003711;195 117;7;0;4;0;1;1
202100003712;195 114;7;0;2;3;9;1
202100003712;195 115;7;0;2;7;1;1
202100003713;195 112;7;0;2;1;15;1
202100003713;195 113;7;0;2;3;1;1
202100003714;195 110;33;0;2;1;21;1
202100003714;195 111;14;0;2;4;15;1
202100003715;195 107;7;0;2;6;9;1
202100003715;195 108;7;0;2;1;1;1
202100003715;195 109;7;0;2;2;1;1
202100003716;195 106;31;0;0;8;1;1
202100003717;195 105;7;0;1;2;1;1
202100003718;195 104;30;0;1;1;15;1
202100003719;195 102;7;0;2;1;15;1
202100003719;195 103;34;0;2;8;1;1
202100003720;195 100;32;0;2;3;1;1
202100003720;195 101;7;0;2;1;1;1
202100003721;195 098;37;0;2;1;2;3
202100003721;195 099;7;0;2;4;23;1
202100003722;195 096;30;0;2;3;1;1
202100003722;195 097;33;0;2;2;23;1
202100003723;195 094;1;0;2;1;1;5
202100003723;195 095;7;0;2;2;1;1
202100003724;195 093;7;12;0;3;13;1
202100003725;195 092;7;0;1;3;1;1
202100003726;195 090;30;12;0;1;21;3
202100003727;195 088;7;0;2;3;21;1
202100003727;195 089;10;0;2;0;24;0
202100003728;195 087;1;0;0;0;1;5
202100003729;195 085;7;0;2;7;15;2
202100003729;195 086;2;0;2;8;1;1
202100003730;195 083;34;0;2;2;17;3
202100003730;195 084;7;0;2;3;15;1
202100003731;195 081;43;0;2;1;17;1
202100003731;195 082;7;0;2;3;10;1
202100003732;195 079;1;0;2;6;19;5
202100003732;195 080;7;0;2;3;15;0
202100003733;195 078;7;0;1;1;15;0
202100003734;195 077;1;0;1;1;21;5
202100003735;195 075;50;0;2;4;2;3
202100003735;195 076;7;0;2;1;2;1
202100003736;195 073;7;0;9;1;1;1
202100003736;195 074;50;0;2;4;23;3
202100003737;195 071;7;0;2;4;2;1
202100003737;195 072;37;0;2;1;2;1
202100003738;195 069;7;0;2;3;0;1
202100003738;195 070;2;0;2;3;0;1
202100003739;195 068;37;0;0;0;1;1
202100003740;195 066;7;0;2;1;26;1
202100003740;195 067;7;0;2;2;15;1
202100003741;195 065;7;0;1;3;15;3
202100003742;195 063;2;0;2;2;15;3
202100003742;195 064;10;0;2;2;1;0
202100003743;195 061;7;0;2;1;1;1
202100003743;195 062;7;0;2;7;15;1
202100003744;195 059;15;0;2;7;16;1
202100003744;195 060;32;0;2;8;18;1
202100003745;195 058;99;0;1;1;1;1
202100003746;195 057;7;0;1;1;15;1
202100003747;195 056;30;0;0;0;0;3
202100003748;195 055;30;0;0;3;21;1
202100003749;195 054;31;0;1;2;1;1
202100003750;195 052;32;0;2;8;1;0
202100003750;195 053;3;0;2;3;15;0
202100003751;195 051;7;0;1;2;17;0
202100003752;195 050;34;0;1;8;16;1
202100003753;195 048;31;0;2;2;1;1
202100003753;195 049;7;0;2;3;15;1
202100003754;195 047;33;0;1;0;21;1
202100003755;195 045;7;0;2;7;1;1
202100003755;195 046;7;0;2;1;1;1
202100003756;195 043;31;0;2;1;1;1
202100003756;195 044;3;0;2;6;0;1
202100003757;195 041;2;0;2;2;2;1
202100003757;195 042;7;0;2;3;20;0
202100003758;195 039;7;13;0;2;1;1
202100003759;195 037;33;0;2;1;5;1
202100003759;195 038;7;0;2;3;1;1
202100003760;195 036;7;0;1;3;1;1
202100003761;195 034;15;0;0;0;0;1
202100003761;195 035;7;0;2;1;0;1
202100003762;195 031;33;0;2;1;17;1
202100003762;195 032;7;0;2;3;1;1
202100003762;195 033;7;0;2;8;2;1
202100003763;195 030;7;13;0;0;14;1
202100003764;195 029;7;13;0;3;1;1
202100003765;195 028;7;16;0;1;21;1
202100003766;195 026;7;0;2;1;17;1
202100003766;195 027;7;0;2;1;1;1
202100003767;195 025;7;8;0;6;4;1
202100003768;195 022;14;0;2;1;2;1
202100003768;195 023;7;12;2;7;2;1
202100003769;195 021;7;2;0;7;1;1
202100003770;195 020;7;0;0;0;1;1
202100003771;195 019;7;0;1;1;1;1
202100003772;195 018;33;0;0;9;1;1
202100003773;195 017;7;13;0;7;13;1
202100003774;195 015;7;13;2;3;13;1
202100003774;195 016;7;0;2;3;13;1
202100003775;195 014;7;0;1;2;1;3
202100003776;195 013;7;13;0;8;13;1
202100003777;195 012;7;0;1;2;15;3
202100003778;195 010;10;0;2;1;1;1
202100003778;195 011;7;0;2;3;15;1
202100003779;195 008;7;0;0;2;2;1
202100003779;195 009;50;0;0;6;2;3
202100003780;195 007;7;13;0;1;1;1
202100003781;195 006;7;0;1;2;1;1
202100003782;195 004;7;0;2;3;21;1
202100003782;195 005;7;0;2;3;13;1
202100003783;195 003;17;13;0;1;1;6
202100003784;195 002;7;0;1;2;19;1
202100003785;195 000;7;0;2;3;13;1
202100003785;195 001;7;0;2;3;1;1
202100003786;194 993;7;14;0;3;1;1
202100003786;194 994;7;14;0;1;1;1
202100003786;194 995;7;0;2;0;0;1
202100003786;194 996;7;0;2;0;1;1
202100003786;194 997;7;0;2;2;12;2
202100003787;194 990;7;1;0;1;14;1
202100003787;194 991;7;0;0;4;24;1
202100003787;194 992;7;0;2;1;2;1
202100003788;194 988;7;0;2;1;1;1
202100003788;194 989;7;0;2;1;13;1
202100003789;194 986;1;0;9;1;1;5
202100003789;194 987;80;0;9;1;5;3
202100003790;194 983;7;0;0;1;2;1
202100003790;194 984;7;0;0;4;23;0
202100003790;194 985;7;1;0;3;1;1
202100003791;194 980;34;0;2;1;1;1
202100003791;194 981;7;0;2;8;15;1
202100003792;194 977;10;0;0;5;2;1
202100003792;194 978;7;3;2;1;2;1
202100003792;194 979;7;0;2;2;2;1
202100003793;194 975;1;0;2;0;16;5
202100003793;194 976;1;0;2;0;19;5
202100003794;194 974;7;0;1;3;1;1
202100003795;194 973;7;8;0;2;1;1
202100003796;194 972;7;8;0;1;1;1
202100003797;194 970;7;0;2;1;13;1
202100003797;194 971;99;0;2;3;21;1
202100003798;194 969;7;8;0;8;1;1
202100003799;194 967;7;0;0;1;1;1
202100003799;194 968;7;0;0;4;0;1
202100003800;194 966;7;0;1;2;2;1
202100003801;194 964;10;3;2;6;1;1
202100003801;194 965;7;0;2;1;0;1
202100003802;194 960;7;0;2;4;1;1
202100003802;194 961;7;0;2;1;1;1
202100003802;194 962;10;0;2;1;1;1
202100003802;194 963;10;0;2;1;1;1
202100003803;194 959;34;0;0;0;2;1
202100003804;194 958;7;17;0;1;1;1
202100003805;194 954;7;0;2;3;2;1
202100003805;194 955;7;0;2;1;5;1
202100003806;194 951;7;0;2;4;2;1
202100003806;194 952;7;0;2;1;2;1
202100003806;194 953;7;0;2;6;2;1
202100003807;194 950;7;4;0;3;2;1
202100003808;194 947;7;0;2;1;2;1
202100003808;194 948;7;0;2;4;2;0
202100003808;194 949;7;0;2;4;2;0
202100003809;194 944;7;0;2;6;1;1
202100003809;194 945;33;0;2;7;1;1
202100003809;194 946;7;0;2;3;11;1
202100003810;194 942;7;0;0;4;2;1
202100003810;194 943;7;0;2;1;2;1
202100003811;194 940;7;0;2;5;10;1
202100003811;194 941;33;0;2;1;1;1
202100003812;194 938;7;0;2;1;1;1
202100003812;194 939;7;0;2;4;1;1
202100003813;194 937;7;3;0;3;13;1
202100003814;194 936;7;4;0;2;2;1
202100003815;194 934;33;0;2;7;1;1
202100003815;194 935;7;0;2;8;11;1
202100003816;194 933;7;0;0;0;1;1
202100003817;194 932;33;0;2;4;0;1
202100003818;194 930;10;0;2;1;2;1
202100003818;194 931;7;0;2;4;2;1
202100003819;194 925;17;0;2;1;2;1
202100003819;194 926;7;0;2;4;2;1
202100003819;194 927;7;0;2;4;2;1
202100003819;194 928;7;0;2;4;2;0
202100003819;194 929;10;0;2;4;2;1
202100003820;194 924;7;4;0;1;1;1
202100003821;194 922;10;0;2;6;0;1
202100003821;194 923;99;1;2;2;1;3
202100003822;194 921;10;1;1;3;1;1
202100003823;194 916;10;0;2;3;1;1
202100003823;194 917;7;0;2;3;1;1
202100003824;194 914;33;0;2;1;1;1
202100003824;194 915;7;0;2;5;1;1
202100003825;194 912;7;0;2;3;1;1
202100003825;194 913;7;8;2;3;1;1
202100003826;194 911;7;7;0;1;13;1
202100003827;194 910;33;0;1;1;17;1
202100003828;194 908;1;0;2;3;19;5
202100003828;194 909;43;0;2;1;1;1
202100003829;194 906;50;0;2;8;19;3
202100003829;194 907;14;0;2;1;16;1
202100003830;194 905;10;0;1;1;1;1
202100003831;194 903;33;0;2;4;23;1
202100003831;194 904;2;0;2;1;21;1
202100003832;194 901;7;0;2;3;1;1
202100003832;194 902;43;0;2;2;1;1
202100003833;194 899;50;0;2;1;1;3
202100003833;194 900;7;0;2;2;15;1
202100003834;194 898;10;0;1;5;1;1
202100003835;194 897;50;0;1;1;1;3
202100003836;194 895;32;0;2;2;1;1
202100003836;194 896;7;0;2;3;9;1
202100003837;194 894;10;0;1;4;4;1
202100003838;194 892;50;0;2;8;1;3
202100003838;194 893;10;0;2;7;1;1
202100003839;194 890;32;0;2;8;21;1
202100003839;194 891;7;0;2;0;9;1
202100003840;194 888;1;0;2;2;1;5
202100003840;194 889;7;0;2;8;22;1
202100003841;194 887;2;0;0;2;7;1
202100003842;194 885;7;0;2;7;1;1
202100003842;194 886;30;0;2;8;16;1
202100003843;194 884;7;0;1;1;1;0
202100003844;194 882;37;0;2;2;15;1
202100003844;194 883;7;0;2;3;1;1
202100003845;194 880;30;0;2;1;1;1
202100003845;194 881;7;0;2;5;15;1
202100003846;194 879;7;0;1;3;1;1
202100003847;194 877;7;0;2;1;17;1
202100003847;194 878;7;15;2;8;20;1
202100003848;194 875;3;0;0;0;15;0
202100003848;194 876;3;0;2;2;1;1
202100003849;194 874;3;0;1;1;26;0
202100003850;194 872;43;0;2;1;2;1
202100003850;194 873;3;0;2;0;13;0
202100003851;194 870;32;12;2;5;17;1
202100003851;194 871;14;0;2;8;15;1
202100003852;194 869;7;0;1;1;1;1
202100003853;194 867;7;1;0;1;20;2
202100003853;194 868;31;0;2;1;2;3
202100003854;194 865;30;0;0;1;19;0
202100003854;194 866;10;0;0;2;16;0
202100003855;194 863;7;0;2;4;1;1
202100003855;194 864;14;0;2;1;2;1
202100003856;194 861;7;0;2;4;23;1
202100003856;194 862;99;0;2;1;1;1
202100003857;194 860;1;0;1;3;1;5
202100003858;194 858;10;0;2;1;1;1
202100003858;194 859;7;0;2;4;23;1
202100003859;194 857;7;0;1;1;15;1
202100003860;194 855;7;0;2;1;15;1
202100003860;194 856;50;0;2;1;1;3
202100003861;194 853;2;0;2;1;21;1
202100003861;194 854;37;0;2;1;0;1
202100003862;194 851;7;0;2;0;16;1
202100003862;194 852;1;0;2;0;1;5
202100003863;194 849;7;0;2;3;1;1
202100003863;194 850;60;0;2;1;19;5
202100003864;194 843;7;0;2;7;26;1
202100003864;194 844;7;0;2;1;1;1
202100003865;194 842;7;0;1;2;17;1
202100003866;194 840;10;9;2;1;1;1
202100003866;194 841;7;0;2;1;13;1
202100003867;194 839;7;4;0;3;13;1
202100003868;194 836;7;1;0;7;1;1
202100003868;194 837;17;0;2;3;1;1
202100003868;194 838;7;0;2;5;17;1
202100003869;194 835;7;2;0;2;0;1
202100003870;194 834;7;13;9;9;1;1
202100003871;194 832;7;0;2;2;1;1
202100003871;194 833;7;0;2;3;19;1
202100003872;194 830;10;0;2;3;1;1
202100003872;194 831;7;0;2;6;19;1
202100003873;194 829;15;4;0;2;1;1
202100003874;194 828;10;0;1;1;1;1
202100003875;194 824;7;0;2;1;15;1
202100003875;194 825;7;0;2;1;1;1
202100003876;194 822;7;0;2;8;19;1
202100003876;194 823;2;0;2;1;1;1
202100003877;194 820;2;0;0;1;1;1
202100003877;194 821;7;0;0;6;11;1
202100003878;194 818;17;0;2;3;13;1
202100003878;194 819;7;0;2;3;1;1
202100003879;194 817;7;0;1;1;15;1
202100003880;194 815;7;0;2;3;17;1
202100003880;194 816;2;0;2;1;1;1
202100003881;194 814;7;0;1;3;26;1
202100003882;194 813;7;2;0;1;13;1
202100003883;194 811;7;0;2;2;1;1
202100003883;194 812;7;0;2;3;16;1
202100003884;194 810;7;0;1;1;1;1
202100003885;194 809;7;6;0;1;1;1
202100003886;194 808;2;0;6;3;1;1
202100003887;194 806;7;0;2;1;1;1
202100003887;194 807;7;0;2;1;1;1
202100003888;194 804;1;0;2;1;2;5
202100003888;194 805;7;0;9;4;23;1
202100003889;194 802;2;8;2;8;1;1
202100003889;194 803;7;0;2;3;15;1
202100003890;194 801;7;0;1;2;21;1
202100003891;194 798;7;0;2;1;1;1
202100003891;194 799;7;0;2;4;1;1
202100003891;194 800;7;0;2;1;1;1
202100003892;194 797;7;0;1;1;1;1
202100003893;194 795;7;0;2;3;13;1
202100003893;194 796;2;0;2;1;1;1
202100003894;194 793;7;0;2;3;13;1
202100003894;194 794;7;0;2;8;1;1
202100003895;194 791;7;0;2;1;1;1
202100003895;194 792;20;0;0;7;19;1
202100003896;194 789;2;0;2;3;13;1
202100003896;194 790;7;0;2;3;1;2
202100003897;194 788;7;17;0;1;1;1
202100003898;194 787;50;0;1;1;1;3
202100003899;194 786;10;0;1;2;1;1
202100003900;194 784;7;0;2;1;13;1
202100003900;194 785;7;0;2;1;1;1
202100003901;194 783;7;0;1;2;1;1
202100003902;194 781;15;0;2;2;23;1
202100003902;194 782;2;1;2;1;5;3
202100003903;194 780;14;1;0;1;1;1
202100003904;194 777;33;0;0;0;0;1
202100003904;194 778;7;0;2;7;1;1
202100003904;194 779;10;0;2;2;1;1
202100003905;194 772;7;0;2;4;1;1
202100003905;194 773;7;0;2;4;1;1
202100003905;194 774;7;0;2;4;1;1
202100003905;194 775;7;0;2;1;1;1
202100003905;194 776;7;0;2;1;1;1
202100003906;194 771;38;13;0;3;1;1
202100003907;194 770;2;13;0;0;0;1
202100003908;194 769;31;0;1;1;17;1
202100003909;194 768;7;1;0;1;0;1
202100003910;194 767;10;0;1;2;14;1
202100003911;194 765;7;0;2;2;13;1
202100003911;194 766;10;0;2;1;1;1
202100003912;194 763;7;0;0;4;23;1
202100003912;194 764;2;0;2;1;2;1
202100003913;194 761;7;0;0;2;15;1
202100003913;194 762;33;0;0;1;1;1
202100003914;194 759;15;0;2;3;1;1
202100003914;194 760;7;4;2;1;2;1
202100003915;194 757;7;0;2;3;1;1
202100003915;194 758;7;0;2;6;1;1
202100003916;194 755;7;4;0;1;17;1
202100003916;194 756;10;14;0;1;1;1
202100003917;194 754;7;15;0;2;14;1
202100003918;194 752;10;0;2;8;1;1
202100003918;194 753;7;0;2;8;13;1
202100003919;194 750;7;0;0;4;23;1
202100003919;194 751;15;0;0;1;2;1
202100003920;194 748;7;0;9;3;10;1
202100003920;194 749;1;0;2;1;0;5
202100003921;194 747;7;0;1;2;1;1
202100003922;194 745;7;0;0;1;1;1
202100003922;194 746;10;0;0;7;1;1
202100003923;194 743;33;0;2;1;1;1
202100003923;194 744;33;0;2;3;9;1
202100003924;194 739;7;0;2;4;1;1
202100003924;194 740;7;0;2;4;1;1
202100003924;194 741;7;0;2;1;2;1
202100003925;194 738;7;4;0;1;2;1
202100003926;194 736;7;0;2;4;1;1
202100003926;194 737;33;0;2;1;3;1
202100003927;194 733;10;0;2;4;2;1
202100003927;194 734;33;0;2;3;3;1
202100003927;194 735;7;0;2;2;12;1
202100003928;194 728;7;0;1;1;2;1
202100003928;194 729;7;1;0;1;2;1
202100003928;194 730;7;1;0;1;2;1
202100003928;194 731;7;1;0;1;2;1
202100003928;194 732;10;0;1;2;2;1
202100003929;194 726;33;0;2;1;1;1
202100003929;194 727;7;0;2;4;1;1
202100003930;194 724;7;0;2;1;2;1
202100003930;194 725;7;0;2;4;2;1
202100003931;194 721;17;0;2;8;2;1
202100003931;194 722;17;0;2;1;0;0
202100003931;194 723;7;0;2;4;2;1
202100003932;194 718;7;0;2;1;1;1
202100003932;194 719;7;0;2;4;2;1
202100003932;194 720;7;0;2;4;2;1
202100003933;194 716;10;0;2;5;2;0
202100003933;194 717;43;0;2;1;2;0
202100003934;194 714;7;0;2;1;0;2
202100003934;194 715;7;0;2;3;0;1
202100003935;194 712;7;0;2;1;1;2
202100003935;194 713;7;0;2;6;9;1
202100003936;194 710;7;0;2;0;11;1
202100003936;194 711;7;4;2;0;1;1
202100003937;194 708;7;0;2;4;1;1
202100003937;194 709;7;0;2;1;1;1
202100003938;194 706;7;0;2;1;2;1
202100003938;194 707;7;0;2;1;2;1
202100003939;194 705;33;3;0;1;0;1
202100003940;194 703;7;0;2;1;2;1
202100003940;194 704;7;0;2;4;2;1
202100003941;194 701;43;0;2;1;3;1
202100003941;194 702;7;0;2;4;12;1
202100003942;194 699;32;1;2;3;3;1
202100003942;194 700;7;4;0;2;0;1
202100003943;194 698;3;3;2;2;14;1
202100003944;194 696;7;0;2;4;2;1
202100003944;194 697;7;0;2;1;2;1
202100003945;194 693;15;0;2;1;2;1
202100003946;194 691;15;1;0;2;1;1
202100003946;194 692;15;0;2;6;24;1
202100003947;194 689;7;0;2;3;18;1
202100003947;194 690;7;6;2;5;1;1
202100003948;194 688;7;2;0;1;1;1
202100003949;194 687;7;0;1;2;1;1
202100003950;194 686;33;0;1;1;3;1
202100003951;194 685;2;0;2;1;21;1
202100003952;194 684;37;0;1;2;20;1
202100003953;194 683;7;6;0;1;13;1
202100003954;194 681;80;0;0;0;1;5
202100003954;194 682;80;0;1;7;1;5
202100003955;194 679;13;0;2;3;26;1
202100003955;194 680;7;0;2;1;13;1
202100003956;194 677;1;0;2;8;1;5
202100003956;194 678;14;0;2;2;16;1
202100003957;194 675;14;0;2;4;2;1
202100003957;194 676;7;0;2;1;2;1
202100003958;194 674;7;0;1;7;21;1
202100003959;194 672;7;0;2;1;1;1
202100003959;194 673;7;0;2;7;1;1
202100003960;194 668;7;1;0;1;13;1
202100003960;194 669;7;0;2;6;24;1
202100003960;194 670;7;1;2;8;24;1
202100003960;194 671;7;1;2;8;24;1
202100003961;194 667;30;0;1;0;1;1
202100003962;194 665;40;0;2;1;1;3
202100003962;194 666;7;0;4;7;26;2
202100003963;194 663;1;0;2;2;1;5
202100003963;194 664;10;0;2;1;9;1
202100003964;194 661;7;0;2;8;15;1
202100003964;194 662;10;0;2;3;21;1
202100003965;194 659;1;0;2;0;0;0
202100003965;194 660;7;0;2;2;15;1
202100003966;194 658;30;0;0;0;1;1
202100003967;194 656;7;0;2;1;1;1
202100003967;194 657;50;0;2;0;0;3
202100003968;194 654;1;0;2;1;2;0
202100003968;194 655;7;0;2;2;15;1
202100003969;194 652;7;0;2;3;15;1
202100003969;194 653;32;0;2;1;1;1
202100003970;194 651;7;1;0;1;0;1
202100003971;194 650;7;6;0;7;1;1
202100003972;194 649;2;0;0;7;16;1
202100003973;194 648;10;0;1;1;15;0
202100003974;194 646;7;0;2;3;1;1
202100003974;194 647;7;0;2;3;13;1
202100003975;194 644;1;0;2;1;1;5
202100003975;194 645;7;0;2;3;9;1
202100003976;194 642;7;0;2;3;26;1
202100003976;194 643;10;0;2;5;26;3
202100003977;194 641;7;0;1;1;9;1
202100003978;194 640;10;0;2;1;9;1
202100003979;194 639;7;0;1;1;26;1
202100003980;194 637;7;0;2;1;1;1
202100003980;194 638;80;0;2;1;1;3
202100003981;194 635;7;0;2;4;1;1
202100003981;194 636;2;0;2;1;1;1
202100003982;194 633;33;0;2;2;1;1
202100003982;194 634;7;0;2;6;11;1
202100003983;194 631;1;0;2;0;0;0
202100003983;194 632;7;0;2;3;15;2
202100003984;194 630;7;0;1;1;15;1
202100003985;194 627;7;0;2;6;23;1
202100003985;194 628;7;0;2;7;15;1
202100003985;194 629;7;0;2;1;1;1
202100003986;194 626;7;7;0;4;1;1
202100003987;194 623;7;0;2;1;1;1
202100003987;194 624;7;0;2;4;1;1
202100003987;194 625;10;0;2;1;1;1
202100003988;194 621;7;0;2;2;21;1
202100003988;194 622;7;0;2;2;5;1
202100003989;194 618;7;0;2;2;0;1
202100003989;194 619;0;0;2;0;1;0
202100003990;194 616;7;0;2;4;2;1
202100003990;194 617;10;0;2;1;2;1
202100003991;194 614;7;0;2;3;1;1
202100003991;194 615;2;0;2;1;1;1
202100003992;194 612;7;0;5;1;1;1
202100003992;194 613;7;0;5;1;1;1
202100003993;194 611;7;0;1;0;1;
202100003994;194 609;1;0;2;1;1;5
202100003994;194 610;7;0;2;3;15;1
202100003995;194 608;7;0;1;0;1;1
202100003996;194 606;7;0;2;3;15;1
202100003996;194 607;7;0;2;7;1;1
202100003997;194 604;7;0;2;1;1;1
202100003997;194 605;30;0;2;1;1;1
202100003998;194 602;7;0;2;5;21;1
202100003998;194 603;7;0;0;0;1;1
202100003999;194 598;1;0;2;0;1;
202100003999;194 599;7;0;2;0;22;0
202100004000;194 596;32;0;2;1;1;0
202100004000;194 597;1;0;2;7;1;0
202100004001;194 588;7;0;2;3;15;1
202100004001;194 589;50;0;2;1;1;3
202100004002;194 586;7;0;2;4;2;1
202100004002;194 587;10;0;2;1;2;1
202100004003;194 585;7;8;0;0;0;1
202100004004;194 584;7;2;0;1;14;1
202100004005;194 583;7;0;1;1;1;2
202100004006;194 582;7;0;1;3;1;1
202100004007;194 579;7;0;2;4;1;1
202100004007;194 580;7;0;2;4;1;1
202100004007;194 581;37;0;2;1;1;1
202100004008;194 577;1;0;2;3;19;0
202100004008;194 578;10;0;9;3;15;1
202100004009;194 575;7;1;2;7;15;1
202100004009;194 576;7;1;2;1;1;1
202100004010;194 573;7;0;2;3;1;1
202100004010;194 574;3;0;2;1;13;1
202100004011;194 571;7;0;2;5;16;1
202100004011;194 572;1;0;2;1;19;5
202100004012;194 568;7;0;2;4;2;1
202100004012;194 569;7;0;2;4;2;1