Num_Acc;id_vehicule;categorie_vehicule;obstacle_fixe;obstacle_mobile;point_choc_initial;manoeuvre_principale;motorisation
202100004012;194 570;10;0;2;1;2;1
202100004013;194 566;7;0;2;3;13;1
202100004013;194 567;7;0;2;6;1;1
202100004014;194 564;7;0;2;2;19;1
202100004014;194 565;7;0;2;1;21;1
202100004015;194 562;7;0;2;4;2;1
202100004015;194 563;30;0;2;1;2;1
202100004016;194 559;7;0;2;1;2;1
202100004016;194 560;7;0;2;9;2;1
202100004016;194 561;7;0;2;4;2;1
202100004017;194 557;7;0;2;1;2;1
202100004017;194 558;7;0;2;4;2;1
202100004018;194 556;36;1;0;1;14;1
202100004019;194 554;7;0;2;2;9;1
202100004019;194 555;7;0;2;7;1;1
202100004020;194 552;1;0;2;4;1;5
202100004020;194 553;7;0;2;1;2;1
202100004021;194 550;37;0;2;2;17;6
202100004021;194 551;1;16;2;0;0;5
202100004022;194 549;7;3;0;4;1;1
202100004023;194 548;7;8;0;0;1;1
202100004024;194 547;7;0;1;1;15;1
202100004025;194 546;7;0;1;2;1;1
202100004026;194 544;7;0;9;1;1;1
202100004026;194 545;30;0;2;1;9;1
202100004027;194 542;1;0;2;8;0;0
202100004027;194 543;10;0;9;7;2;0
202100004028;194 540;30;0;2;7;1;1
202100004028;194 541;7;0;2;1;9;1
202100004029;194 538;7;0;1;0;1;1
202100004029;194 539;10;0;2;1;2;1
202100004030;194 536;7;0;2;2;2;0
202100004030;194 537;50;0;2;4;1;3
202100004031;194 535;7;0;1;2;1;1
202100004032;194 533;30;0;2;3;18;1
202100004032;194 534;7;0;2;7;14;1
202100004033;194 531;1;0;2;8;1;5
202100004033;194 532;7;0;9;2;16;1
202100004034;194 530;7;0;1;2;15;1
202100004035;194 529;7;0;1;3;1;1
202100004036;194 527;7;0;2;2;15;1
202100004036;194 528;7;0;2;7;1;1
202100004037;194 526;7;9;0;2;1;1
202100004038;194 523;31;0;2;1;0;1
202100004038;194 524;7;0;2;1;15;1
202100004039;194 522;7;0;1;1;1;1
202100004040;194 521;7;0;1;1;1;1
202100004041;194 520;80;0;0;5;26;3
202100004042;194 518;1;0;2;1;26;5
202100004042;194 519;7;0;2;2;26;1
202100004043;194 517;7;0;1;1;26;1
202100004044;194 516;1;0;0;0;26;5
202100004045;194 514;2;0;2;1;1;1
202100004045;194 515;10;0;2;6;26;1
202100004046;194 512;30;0;2;1;26;1
202100004046;194 513;7;0;2;1;26;1
202100004047;194 510;50;0;2;2;26;3
202100004047;194 511;7;0;2;3;26;1
202100004048;194 509;7;0;0;1;26;1
202100004049;194 508;7;0;1;2;16;1
202100004050;194 507;0;0;1;0;0;0
202100004051;194 506;37;0;1;3;15;1
202100004052;194 504;30;0;2;1;2;1
202100004052;194 505;7;0;2;6;2;1
202100004053;194 500;7;0;9;3;25;1
202100004053;194 501;50;0;2;1;25;3
202100004054;194 499;7;0;1;1;1;1
202100004055;194 498;1;8;0;0;16;5
202100004056;194 497;7;3;0;2;14;1
202100004057;194 495;7;0;2;1;1;1
202100004057;194 496;32;0;2;8;1;1
202100004058;194 494;10;0;1;0;1;1
202100004059;194 492;7;0;2;1;1;1
202100004059;194 493;7;0;2;4;1;1
202100004060;194 491;7;0;1;3;9;1
202100004061;194 489;7;0;2;1;1;1
202100004061;194 490;50;0;2;0;1;3
202100004062;194 487;7;8;4;8;1;1
202100004062;194 488;40;0;2;1;1;3
202100004063;194 486;7;0;1;1;2;1
202100004064;194 484;7;0;2;1;2;1
202100004064;194 485;7;0;2;4;23;1
202100004065;194 483;7;0;1;1;1;1
202100004066;194 480;7;0;2;5;2;1
202100004066;194 481;7;0;2;1;2;1
202100004066;194 482;7;0;2;1;2;1
202100004067;194 478;30;0;2;1;1;1
202100004067;194 479;7;0;2;1;15;1
202100004068;194 477;7;0;1;1;1;1
202100004069;194 476;7;15;0;1;9;1
202100004070;194 473;7;0;2;1;1;1
202100004070;194 474;7;0;2;0;1;1
202100004070;194 475;7;0;2;1;15;1
202100004071;194 471;7;0;2;7;1;1
202100004071;194 472;7;0;2;3;9;1
202100004072;194 469;7;0;0;3;0;0
202100004072;194 470;7;0;2;3;15;0
202100004073;194 468;7;0;1;1;1;1
202100004074;194 462;7;13;0;1;1;1
202100004075;194 460;7;0;2;8;1;1
202100004075;194 461;7;0;2;3;13;1
202100004076;194 457;7;0;2;4;23;1
202100004076;194 458;7;0;2;1;0;1
202100004076;194 459;7;0;0;0;0;0
202100004077;194 456;7;4;0;2;1;1
202100004078;194 455;7;1;0;6;20;1
202100004079;194 453;1;0;2;7;19;5
202100004079;194 454;10;0;2;1;1;1
202100004080;194 449;7;0;2;4;2;1
202100004080;194 450;7;0;2;4;2;1
202100004080;194 451;7;0;2;4;2;1
202100004080;194 452;7;0;2;1;2;1
202100004081;194 448;7;0;1;1;11;1
202100004082;194 447;7;8;0;7;26;1
202100004083;194 445;7;0;2;3;15;1
202100004083;194 446;30;0;2;1;17;1
202100004084;194 444;7;4;0;2;16;2
202100004085;194 442;7;0;2;8;15;1
202100004085;194 443;7;0;2;1;1;1
202100004086;194 440;7;0;2;1;9;1
202100004086;194 441;7;0;2;5;2;3
202100004087;194 439;7;0;1;1;26;1
202100004088;194 435;7;0;2;1;19;1
202100004088;194 436;7;0;2;7;1;1
202100004088;194 437;7;0;2;6;23;1
202100004088;194 438;7;0;2;2;23;1
202100004089;194 433;7;0;2;1;11;1
202100004089;194 434;7;0;2;3;1;1
202100004090;194 429;31;0;2;9;17;1
202100004090;194 430;7;0;2;3;0;1
202100004090;194 431;7;0;2;3;5;1
202100004090;194 432;7;0;2;1;5;1
202100004091;194 428;7;0;1;1;1;1
202100004092;194 426;30;0;2;1;2;1
202100004092;194 427;7;0;2;0;0;1
202100004093;194 424;7;0;2;1;9;1
202100004093;194 425;7;0;2;5;9;1
202100004094;194 422;80;0;2;1;1;3
202100004094;194 423;10;0;2;4;4;1
202100004095;194 420;7;0;2;3;15;1
202100004095;194 421;32;0;2;2;1;1
202100004096;194 418;33;0;2;1;21;1
202100004096;194 419;10;0;2;5;1;1
202100004097;194 416;33;0;2;4;1;1
202100004097;194 417;7;0;2;1;26;0
202100004098;194 415;7;0;1;3;1;1
202100004099;194 413;7;0;2;4;23;1
202100004099;194 414;10;0;2;1;2;1
202100004100;194 411;50;0;2;2;1;3
202100004100;194 412;7;0;0;0;0;1
202100004101;194 410;7;0;1;1;1;1
202100004102;194 408;7;0;2;2;15;1
202100004102;194 409;7;0;2;1;1;1
202100004103;194 406;7;0;2;1;1;1
202100004103;194 407;7;9;2;8;9;1
202100004104;194 404;7;0;2;3;1;1
202100004104;194 405;7;0;0;0;0;0
202100004105;194 402;7;0;2;6;13;1
202100004105;194 403;7;0;2;3;0;1
202100004106;194 400;7;0;2;4;11;1
202100004106;194 401;34;0;2;1;1;1
202100004107;194 396;7;0;2;1;2;1
202100004107;194 397;32;0;2;8;3;1
202100004107;194 398;7;0;2;4;23;1
202100004107;194 399;7;0;2;4;23;1
202100004108;194 394;7;1;2;1;14;1
202100004108;194 395;7;0;2;2;1;1
202100004109;194 393;1;0;0;0;1;5
202100004110;194 392;7;0;1;1;1;1
202100004111;194 390;33;1;2;2;17;1
202100004111;194 391;7;0;2;3;17;1
202100004112;194 389;34;0;1;1;17;1
202100004113;194 388;43;12;0;1;14;1
202100004114;194 386;50;0;2;4;23;3
202100004114;194 387;7;0;2;3;9;2
202100004115;194 384;7;0;2;4;15;1
202100004115;194 385;1;0;2;4;1;5
202100004116;194 383;10;0;1;1;15;1
202100004117;194 381;33;0;2;8;11;1
202100004117;194 382;15;0;2;5;24;1
202100004118;194 380;30;0;1;1;1;3
202100004119;194 379;10;0;1;3;15;1
202100004120;194 377;30;0;2;1;1;0
202100004120;194 378;30;0;2;8;9;1
202100004121;194 375;43;0;2;2;18;1
202100004121;194 376;1;0;2;8;19;5
202100004122;194 373;1;0;2;8;1;5
202100004122;194 374;13;0;2;7;14;1
202100004123;194 371;1;0;2;2;1;5
202100004123;194 372;7;0;2;3;7;1
202100004124;194 369;1;0;2;8;1;5
202100004124;194 370;10;0;2;2;16;1
202100004125;194 367;2;0;2;9;19;1
202100004125;194 368;7;0;2;1;19;1
202100004126;194 365;7;0;2;7;1;1
202100004126;194 366;2;0;2;3;11;1
202100004127;194 363;7;0;2;8;9;1
202100004127;194 364;30;6;2;1;1;1
202100004128;194 362;30;15;0;1;1;1
202100004129;194 360;7;0;2;3;9;1
202100004129;194 361;14;0;2;3;9;1
202100004130;194 358;37;0;2;4;23;1
202100004130;194 359;7;0;2;1;1;1
202100004131;194 357;99;0;1;3;2;0
202100004132;194 355;7;0;2;3;15;1
202100004132;194 356;33;0;2;2;1;1
202100004133;194 353;7;0;2;2;1;1
202100004133;194 354;7;0;2;1;9;1
202100004134;194 352;7;14;0;3;14;0
202100004135;194 351;7;0;1;1;15;1
202100004136;194 350;38;0;1;2;16;1
202100004137;194 348;2;8;2;1;1;1
202100004137;194 349;7;0;2;7;16;1
202100004138;194 347;10;0;1;7;19;1
202100004139;194 346;1;0;1;0;14;6
202100004140;194 345;7;5;0;9;1;1
202100004141;194 344;14;0;0;0;1;1
202100004142;194 342;2;0;2;1;17;1
202100004142;194 343;7;0;2;6;15;1
202100004143;194 339;10;0;2;1;1;1
202100004143;194 340;7;0;2;2;15;1
202100004144;194 337;10;0;2;3;1;1
202100004144;194 338;38;0;2;1;11;1
202100004145;194 335;21;0;0;8;15;1
202100004145;194 336;7;0;2;1;17;1
202100004146;194 333;13;0;0;3;1;1
202100004146;194 334;7;0;0;1;1;1
202100004147;194 331;7;3;2;3;2;1
202100004147;194 332;17;0;2;2;21;1
202100004148;194 330;7;2;0;7;12;1
202100004149;194 329;7;0;1;3;1;1
202100004150;194 326;7;0;2;1;5;1
202100004150;194 327;7;0;0;6;1;1
202100004150;194 328;7;0;2;1;1;1
202100004151;194 324;7;0;2;1;1;1
202100004151;194 325;7;0;2;1;6;2
202100004152;194 322;7;3;2;1;2;1
202100004152;194 323;7;0;2;1;1;1
202100004153;194 321;7;13;0;3;1;1
202100004154;194 320;7;0;1;2;1;1
202100004155;194 318;7;0;2;2;1;1
202100004155;194 319;7;0;2;3;9;1
202100004156;194 317;7;0;1;2;1;1
202100004157;194 316;10;13;0;1;2;1
202100004158;194 315;10;2;0;1;1;1
202100004159;194 313;7;0;2;8;0;1
202100004159;194 314;7;0;2;1;2;1
202100004160;194 312;7;0;1;2;0;1
202100004161;194 311;7;0;1;3;1;1
202100004162;194 310;7;0;0;0;1;1
202100004163;194 308;7;0;2;3;1;1
202100004163;194 309;33;0;2;1;17;1
202100004164;194 307;7;13;0;1;21;1
202100004165;194 306;7;0;6;1;19;1
202100004166;194 305;7;0;0;9;1;1
202100004167;194 303;1;0;2;4;1;5
202100004167;194 304;0;0;2;1;1;0
202100004168;194 302;7;2;0;3;13;1
202100004169;194 300;7;0;2;1;1;1
202100004169;194 301;7;0;2;5;13;1
202100004170;194 299;2;0;0;8;21;1
202100004171;194 298;7;2;0;3;1;1
202100004172;194 296;7;0;0;3;26;1
202100004172;194 297;15;0;0;2;1;1
202100004173;194 294;7;0;2;3;1;1
202100004173;194 295;7;0;2;3;1;1
202100004174;194 292;2;0;2;1;17;1
202100004174;194 293;7;0;2;6;15;1
202100004175;194 290;17;0;2;1;13;1
202100004175;194 291;7;0;2;1;1;1
202100004176;194 288;7;0;2;4;1;1
202100004176;194 289;7;0;2;1;1;1
202100004177;194 286;7;0;1;2;1;1
202100004178;194 285;31;15;0;3;0;1
202100004179;194 284;7;1;0;7;1;1
202100004180;194 283;7;11;0;1;1;0
202100004181;194 282;7;8;0;7;1;1
202100004182;194 280;1;0;2;1;5;5
202100004182;194 281;7;0;9;1;1;1
202100004183;194 278;7;3;2;8;1;1
202100004183;194 279;7;0;2;1;13;1
202100004184;194 277;15;0;0;2;1;1
202100004185;194 275;2;0;2;2;1;1
202100004185;194 276;7;0;2;1;9;1
202100004186;194 273;1;0;2;2;15;5
202100004186;194 274;7;0;9;3;1;1
202100004187;194 272;17;6;0;3;1;1
202100004188;194 270;7;0;2;2;1;1
202100004188;194 271;7;0;2;1;13;1
202100004189;194 268;7;0;2;1;2;1
202100004189;194 269;7;3;0;4;1;1
202100004190;194 265;7;0;2;1;13;1
202100004190;194 266;7;0;2;1;1;1
202100004191;194 264;7;2;0;9;1;1
202100004192;194 262;10;0;2;1;1;1
202100004192;194 263;7;0;2;4;1;1
202100004193;194 260;7;0;2;1;1;1
202100004193;194 261;7;3;0;3;11;1
202100004194;194 257;7;0;2;6;1;1
202100004194;194 258;7;0;2;4;1;1
202100004194;194 259;7;0;2;1;1;1
202100004195;194 254;17;0;2;4;2;1
202100004195;194 255;14;0;2;1;2;1
202100004195;194 256;17;0;2;1;2;1
202100004196;194 253;7;4;0;1;2;1
202100004197;194 252;13;13;0;7;14;1
202100004198;194 251;33;0;0;0;2;1
202100004199;194 249;7;0;2;1;2;1
202100004199;194 250;7;0;2;4;2;1
202100004200;194 247;7;0;2;1;2;1
202100004200;194 248;7;0;2;4;2;1
202100004201;194 245;7;0;2;1;2;1
202100004201;194 246;7;0;2;4;2;1
202100004202;194 242;7;0;2;4;23;1
202100004202;194 243;7;0;2;4;23;1
202100004202;194 244;7;0;2;1;1;1
202100004203;194 239;33;0;2;1;2;1
202100004203;194 240;7;0;2;5;0;1
202100004203;194 241;10;0;2;4;1;0
202100004204;194 237;7;0;2;1;2;1
202100004204;194 238;7;0;2;4;2;1
202100004205;194 235;7;0;2;1;2;1
202100004205;194 236;7;0;2;4;2;1
202100004206;194 234;7;3;0;1;1;1
202100004207;194 233;7;3;0;1;1;1
202100004208;194 230;7;0;2;4;2;1
202100004208;194 231;10;0;2;4;2;1
202100004208;194 232;10;0;2;1;2;1
202100004209;194 228;7;0;2;4;2;1
202100004209;194 229;10;0;2;1;2;1
202100004210;194 226;10;0;2;3;20;0
202100004210;194 227;33;0;2;5;26;1
202100004211;194 224;7;0;2;2;1;1
202100004212;194 223;33;0;1;0;1;0
202100004213;194 222;7;0;1;1;1;1
202100004214;194 221;7;0;1;3;1;1
202100004215;194 217;7;0;2;1;9;1
202100004215;194 218;30;0;2;1;21;1
202100004216;194 214;1;0;2;0;0;5
202100004216;194 215;7;0;2;8;0;1
202100004216;194 216;7;0;2;0;1;0
202100004217;194 212;43;0;2;1;1;1
202100004217;194 213;7;0;2;2;15;1
202100004218;194 211;50;0;1;1;1;3
202100004219;194 209;7;10;2;9;2;1
202100004219;194 210;7;0;2;2;12;1
202100004220;194 207;37;0;2;6;23;1
202100004220;194 208;7;0;2;2;2;1
202100004221;194 205;30;0;2;1;26;1
202100004221;194 206;7;0;2;3;18;1
202100004222;194 203;7;0;2;8;1;1
202100004222;194 204;34;0;2;1;17;1
202100004223;194 201;2;0;2;1;1;1
202100004223;194 202;10;0;2;2;15;1
202100004224;194 199;7;0;2;1;13;1
202100004224;194 200;14;0;2;1;1;1
202100004225;194 198;7;0;1;2;1;1
202100004226;194 194;7;0;2;1;1;1
202100004226;194 195;80;0;2;2;26;3
202100004227;194 192;7;0;2;4;1;1
202100004227;194 193;7;0;2;1;1;1
202100004228;194 190;7;0;1;5;15;1
202100004228;194 191;2;0;2;1;1;1
202100004229;194 189;80;0;0;0;2;3
202100004230;194 186;7;0;2;1;19;1
202100004230;194 187;50;0;2;7;1;3
202100004231;194 185;7;0;1;7;1;1
202100004232;194 184;7;0;1;1;1;1
202100004233;194 182;7;0;2;1;6;1
202100004233;194 183;7;0;2;2;1;1
202100004234;194 181;7;0;1;1;1;0
202100004235;194 180;7;8;0;1;14;1
202100004236;194 178;7;0;2;0;0;1
202100004236;194 179;7;0;2;7;0;1
202100004237;194 176;30;0;0;4;1;1
202100004237;194 177;7;0;2;1;1;1
202100004238;194 174;1;0;2;1;1;5
202100004238;194 175;7;0;2;8;1;1
202100004239;194 172;7;0;2;2;1;1
202100004239;194 173;32;0;2;1;15;1
202100004240;194 171;7;2;0;1;1;1
202100004241;194 170;7;6;0;1;14;1
202100004242;194 169;7;0;1;1;15;1
202100004243;194 168;7;0;1;1;1;1
202100004244;194 167;7;0;0;1;0;1
202100004245;194 165;7;0;2;1;17;1
202100004245;194 166;7;0;2;3;1;2
202100004246;194 163;10;0;2;1;1;1
202100004246;194 164;10;0;2;2;5;1
202100004247;194 161;7;0;2;1;1;1
202100004247;194 162;7;0;2;1;13;1
202100004248;194 160;7;8;0;1;16;1
202100004249;194 158;7;0;2;1;1;1
202100004249;194 159;7;0;2;8;15;1
202100004250;194 156;7;0;2;1;2;1
202100004250;194 157;7;0;0;4;2;1
202100004251;194 155;7;0;1;1;19;1
202100004252;194 153;7;0;2;3;9;1
202100004252;194 154;7;0;2;1;1;1
202100004253;194 152;10;0;1;1;15;1
202100004254;194 150;7;0;2;3;15;1
202100004254;194 151;2;0;2;1;1;1
202100004255;194 148;7;0;2;3;1;1
202100004255;194 149;7;0;2;1;15;1
202100004256;194 146;7;0;2;4;21;1
202100004256;194 147;10;0;2;1;1;1
202100004257;194 143;7;0;2;3;13;1
202100004257;194 144;7;0;2;3;1;1
202100004257;194 145;7;0;2;1;1;1
202100004258;194 142;7;1;0;1;14;1
202100004259;194 140;7;0;2;1;1;1
202100004259;194 141;7;0;2;1;1;1
202100004260;194 138;7;0;2;2;1;1
202100004260;194 139;80;0;2;1;9;3
202100004261;194 137;7;0;1;2;15;1
202100004262;194 136;7;0;1;1;2;1
202100004263;194 135;10;13;0;3;13;1
202100004264;194 134;7;0;1;3;1;1
202100004265;194 132;7;14;0;1;2;1
202100004265;194 133;7;2;0;1;1;1
202100004266;194 131;7;1;0;2;1;1
202100004267;194 129;7;0;2;1;15;1
202100004267;194 130;1;0;2;1;1;0
202100004268;194 128;7;0;1;3;1;1
202100004269;194 127;7;6;0;1;19;1
202100004270;194 122;50;0;0;0;0;3
202100004270;194 123;7;0;2;1;9;1
202100004271;194 121;33;8;0;1;9;1
202100004272;194 120;7;0;1;2;1;1
202100004273;194 118;7;0;2;3;11;1
202100004273;194 119;2;0;2;2;1;1
202100004274;194 117;7;0;1;1;1;1
202100004275;194 116;7;0;1;3;2;1
202100004276;194 115;30;12;0;1;12;1
202100004277;194 113;7;0;2;2;5;1
202100004277;194 114;7;0;2;1;1;2
202100004278;194 111;33;0;2;1;1;1
202100004278;194 112;7;0;0;6;19;1
202100004279;194 109;50;0;2;8;5;3
202100004279;194 110;10;8;9;2;1;1
202100004280;194 108;3;0;1;0;15;0
202100004281;194 105;30;0;2;7;1;1
202100004281;194 106;7;0;2;2;15;1
202100004281;194 107;7;0;2;1;23;1
202100004282;194 104;7;0;1;3;0;1
202100004283;194 103;7;13;0;1;1;1
202100004284;194 100;7;11;2;1;1;1
202100004284;194 101;7;0;2;4;1;1
202100004284;194 102;10;0;2;4;1;4
202100004285;194 098;33;0;2;4;23;1
202100004285;194 099;14;0;2;1;1;1
202100004286;194 096;30;0;2;4;13;3
202100004286;194 097;7;0;2;1;1;1
202100004287;194 094;7;0;2;0;1;0
202100004287;194 095;10;0;2;5;1;1
202100004288;194 093;32;0;1;1;1;1
202100004289;194 091;50;0;1;0;1;3
202100004290;194 089;7;0;2;0;23;1
202100004290;194 090;33;0;2;1;5;1
202100004291;194 088;7;11;0;1;1;2
202100004292;194 087;1;0;0;0;21;5
202100004293;194 085;7;0;2;1;2;1
202100004293;194 086;7;0;2;4;2;1
202100004294;194 083;10;0;2;8;1;1
202100004294;194 084;33;1;2;2;17;1
202100004295;194 081;7;0;2;6;13;1
202100004295;194 082;14;0;2;2;1;1
202100004296;194 079;7;0;2;3;22;2
202100004296;194 080;1;0;2;1;1;5
202100004297;194 077;1;0;2;1;5;5
202100004297;194 078;30;0;2;1;1;3
202100004298;194 076;1;0;0;0;1;5
202100004299;194 074;33;0;2;3;1;1
202100004299;194 075;7;0;0;7;15;1
202100004300;194 073;7;8;0;1;1;2
202100004301;194 072;7;0;1;1;1;1
202100004302;194 071;50;0;0;0;25;3
202100004303;194 065;33;0;2;8;18;1
202100004303;194 066;7;0;2;2;20;1
202100004304;194 063;33;12;2;7;15;1
202100004304;194 064;7;12;2;1;1;1
202100004305;194 059;30;0;2;1;1;1
202100004305;194 060;7;0;0;5;1;1
202100004306;194 057;7;0;2;1;13;1
202100004306;194 058;16;0;2;2;1;0
202100004307;194 056;10;0;1;2;1;1
202100004308;194 054;7;0;2;8;11;1
202100004308;194 055;7;0;2;2;0;1
202100004309;194 053;7;1;1;1;17;1
202100004310;194 050;7;0;2;6;2;1
202100004310;194 051;7;0;2;1;1;1
202100004310;194 052;7;0;2;1;1;1
202100004311;194 048;99;0;2;1;5;3
202100004311;194 049;7;0;9;1;9;1
202100004312;194 047;33;15;0;2;9;1
202100004313;194 046;34;12;0;1;1;0
202100004314;194 045;30;0;2;7;26;1
202100004315;194 043;7;0;2;8;15;1
202100004315;194 044;2;0;2;1;1;1
202100004316;194 042;32;0;0;9;10;1
202100004317;194 041;2;12;0;0;1;0
202100004318;194 039;10;0;2;3;15;1
202100004318;194 040;0;0;0;0;0;0
202100004319;194 038;7;6;2;1;1;1
202100004320;194 036;7;0;2;2;1;1
202100004320;194 037;7;0;2;3;17;1
202100004321;194 034;7;0;2;8;16;1
202100004321;194 035;10;0;2;1;1;1
202100004322;194 032;7;0;2;6;1;1
202100004322;194 033;7;0;2;3;13;1
202100004323;194 031;7;2;0;7;15;1
202100004324;194 030;7;13;0;1;1;1
202100004325;194 028;7;0;2;2;15;1
202100004325;194 029;7;0;0;1;1;1
202100004326;194 026;7;0;2;2;2;1
202100004326;194 027;30;0;0;4;2;1
202100004327;194 024;50;10;0;2;1;3
202100004328;194 023;7;8;0;3;1;1
202100004329;194 020;7;0;0;6;15;1
202100004329;194 021;10;0;2;1;21;1
202100004329;194 022;7;0;2;8;1;1
202100004330;194 018;33;0;2;4;1;1
202100004330;194 019;7;0;2;1;1;3
202100004331;194 016;10;0;2;1;13;1
202100004331;194 017;7;0;2;1;1;1
202100004332;194 014;7;0;2;4;1;1
202100004332;194 015;13;0;2;1;1;1
202100004333;194 012;7;0;2;1;19;1
202100004333;194 013;1;0;2;3;1;5
202100004334;194 011;1;0;0;0;1;0
202100004335;194 010;7;13;0;1;1;1
202100004336;194 009;7;0;1;3;1;1
202100004337;194 007;2;0;2;1;1;1
202100004337;194 008;10;0;2;7;9;1
202100004338;194 005;7;0;2;6;1;1
202100004338;194 006;17;0;2;2;9;1
202100004339;194 004;7;0;1;3;15;1
202100004340;194 002;7;0;2;3;13;1
202100004340;194 003;33;0;2;1;1;1
202100004341;193 996;7;0;2;1;1;2
202100004341;193 997;7;0;0;4;1;1
202100004341;193 998;7;0;2;1;1;1
202100004341;193 999;7;0;0;4;1;1
202100004341;194 000;7;0;0;4;1;1
202100004341;194 001;7;0;2;1;1;0
202100004342;193 994;7;0;0;4;2;1
202100004342;193 995;7;0;2;1;2;1
202100004343;193 992;7;0;0;4;23;1
202100004343;193 993;10;1;0;2;14;1
202100004344;193 991;33;14;0;0;17;1
202100004345;193 989;7;0;2;1;1;1
202100004345;193 990;7;0;2;1;13;1
202100004346;193 987;14;0;2;1;13;1
202100004346;193 988;7;0;2;1;1;1
202100004347;193 986;2;14;0;1;1;1
202100004348;193 985;7;14;0;3;19;1
202100004349;193 983;7;0;2;1;5;3
202100004349;193 984;10;0;2;1;1;1
202100004350;193 981;7;0;0;6;2;1
202100004350;193 982;2;0;2;1;2;0
202100004351;193 979;7;0;0;0;15;1
202100004351;193 980;1;0;0;7;1;5
202100004352;193 978;7;0;1;1;1;1
202100004353;193 975;7;0;2;3;13;2
202100004353;193 976;7;0;2;3;1;2
202100004353;193 977;7;0;2;3;1;1
202100004354;193 974;7;2;0;1;2;1
202100004355;193 971;7;0;2;1;2;1
202100004355;193 972;7;0;2;1;1;1
202100004355;193 973;10;0;2;1;21;1
202100004356;193 970;7;0;1;3;15;1
202100004357;193 968;7;0;2;3;9;1
202100004357;193 969;2;0;2;1;1;1
202100004358;193 967;10;0;1;2;1;1
202100004359;193 966;7;13;0;3;13;1
202100004360;193 965;7;0;1;3;1;3
202100004361;193 964;7;0;1;8;26;0
202100004362;193 962;7;0;2;1;1;1
202100004362;193 963;21;0;0;6;1;1
202100004363;193 958;10;0;2;1;1;1
202100004363;193 959;10;0;2;4;1;1
202100004363;193 960;7;0;2;7;1;1
202100004363;193 961;7;0;2;4;0;1
202100004364;193 956;7;0;2;3;0;1
202100004364;193 957;15;0;2;2;0;1
202100004365;193 954;14;0;2;1;1;1
202100004365;193 955;10;0;0;4;1;1
202100004366;193 953;7;3;2;6;1;1
202100004367;193 951;7;0;2;8;1;1
202100004367;193 952;7;0;2;3;11;
202100004368;193 950;7;4;0;8;2;1
202100004369;193 949;7;3;0;1;2;1
202100004370;193 947;7;0;2;4;1;1
202100004370;193 948;7;0;2;1;1;2
202100004371;193 946;7;4;0;1;14;1
202100004372;193 944;32;0;0;7;1;1
202100004372;193 945;7;0;0;0;12;1
202100004373;193 942;7;0;2;0;12;1
202100004373;193 943;33;0;2;0;1;1
202100004374;193 940;7;0;2;6;1;1
202100004374;193 941;7;0;2;2;12;1
202100004375;193 938;7;0;2;8;11;1
202100004375;193 939;31;0;2;7;1;1
202100004376;193 934;7;0;2;1;2;1
202100004376;193 935;14;0;2;1;2;1
202100004376;193 936;14;0;2;1;2;1
202100004376;193 937;14;0;2;4;2;1
202100004377;193 933;7;4;0;9;13;1
202100004378;193 932;10;3;0;2;1;1
202100004379;193 931;14;0;1;0;0;0
202100004380;193 929;33;0;2;5;1;1
202100004380;193 930;7;0;2;3;11;1
202100004381;193 927;14;0;2;6;2;1
202100004381;193 928;32;0;2;2;21;1
202100004382;193 924;7;0;2;1;2;1
202100004382;193 925;7;0;2;4;2;1
202100004382;193 926;7;0;2;4;2;1
202100004383;193 922;7;0;2;5;12;1
202100004383;193 923;33;0;2;1;1;1
202100004384;193 919;7;0;2;8;11;1
202100004384;193 920;7;0;2;5;1;1
202100004384;193 921;33;0;2;7;3;1
202100004385;193 917;13;0;2;2;12;1
202100004385;193 918;7;0;2;8;1;1
202100004386;193 915;7;0;2;7;12;1
202100004386;193 916;33;0;2;8;3;1
202100004387;193 913;33;0;2;1;3;1
202100004387;193 914;7;0;2;8;11;1
202100004388;193 911;10;0;2;1;12;1
202100004388;193 912;7;0;2;4;1;1
202100004389;193 909;7;0;2;4;1;1
202100004389;193 910;10;0;2;1;1;1
202100004390;193 906;7;0;2;2;12;1
202100004390;193 907;7;0;2;3;1;1
202100004390;193 908;17;0;2;5;1;1
202100004391;193 905;7;3;0;1;1;1
202100004392;193 904;1;2;0;0;21;5
202100004393;193 901;30;0;2;2;17;1
202100004393;193 902;10;0;2;3;15;6
202100004394;193 900;7;4;0;3;13;1
202100004395;193 898;7;0;2;6;2;1
202100004395;193 899;7;0;2;2;2;1
202100004396;193 897;7;0;1;1;16;2
202100004397;193 895;1;0;2;7;17;5
202100004397;193 896;1;0;2;8;13;5
202100004398;193 894;7;0;1;3;15;1
202100004399;193 893;32;0;1;1;1;1
202100004400;193 892;7;0;1;1;16;0
202100004401;193 890;10;0;2;4;4;1
202100004401;193 891;30;0;2;1;23;1
202100004402;193 889;30;0;1;1;15;3
202100004403;193 888;30;0;1;1;1;3
202100004404;193 886;7;0;2;4;23;1
202100004404;193 887;7;0;2;1;2;1
202100004405;193 885;10;0;1;1;15;1
202100004406;193 883;1;0;2;1;1;5
202100004406;193 884;7;0;2;8;22;1
202100004407;193 880;7;0;2;6;2;2
202100004407;193 881;32;0;2;1;2;1
202100004407;193 882;32;0;2;1;2;3
202100004408;193 878;7;0;2;3;1;1
202100004408;193 879;30;0;2;1;1;1
202100004409;193 877;50;1;2;2;1;3
202100004410;193 875;7;0;2;1;15;1
202100004410;193 876;33;0;2;1;1;1
202100004411;193 874;7;0;1;1;15;1
202100004412;193 872;10;0;2;0;15;0
202100004412;193 873;31;0;2;8;17;1
202100004413;193 871;10;0;1;2;15;1
202100004414;193 869;32;0;2;7;1;1
202100004414;193 870;7;0;2;8;11;1
202100004415;193 868;7;0;1;3;1;1
202100004416;193 867;34;0;0;1;15;1