Num_Acc;id_vehicule;categorie_vehicule;obstacle_fixe;obstacle_mobile;point_choc_initial;manoeuvre_principale;motorisation
202100004417;193 866;3;0;1;2;15;1
202100004418;193 864;7;0;2;3;15;1
202100004418;193 865;2;0;2;2;17;1
202100004419;193 862;7;0;2;2;19;0
202100004419;193 863;32;0;2;0;0;1
202100004420;193 861;7;0;1;2;26;1
202100004421;193 859;7;0;2;7;26;6
202100004421;193 860;60;9;1;1;25;5
202100004422;193 858;7;0;1;4;26;1
202100004423;193 856;7;0;2;1;2;1
202100004423;193 857;7;0;2;0;0;1
202100004424;193 854;10;0;1;0;1;1
202100004424;193 855;10;0;1;1;1;1
202100004425;193 852;7;0;2;2;1;1
202100004425;193 853;7;0;2;3;26;1
202100004426;193 850;14;0;2;3;1;1
202100004426;193 851;7;0;2;1;1;1
202100004427;193 848;50;0;2;1;1;3
202100004427;193 849;7;0;2;3;16;1
202100004428;193 847;30;0;1;0;21;3
202100004429;193 846;3;0;1;4;4;1
202100004430;193 844;30;1;2;4;0;1
202100004430;193 845;7;1;2;4;0;1
202100004431;193 843;2;4;0;2;1;1
202100004432;193 841;7;0;2;3;1;1
202100004432;193 842;7;0;2;3;1;1
202100004433;193 840;7;4;0;2;13;1
202100004434;193 838;10;0;2;1;1;1
202100004434;193 839;20;0;2;2;10;1
202100004435;193 836;7;0;0;4;1;3
202100004435;193 837;7;0;2;1;1;1
202100004436;193 834;7;0;2;1;13;1
202100004436;193 835;10;0;2;3;1;1
202100004437;193 832;7;0;2;8;0;2
202100004437;193 833;7;0;2;8;5;1
202100004438;193 829;7;0;2;4;1;1
202100004438;193 830;7;0;2;1;2;1
202100004438;193 831;10;0;2;4;2;1
202100004439;193 827;7;0;2;3;13;1
202100004439;193 828;7;0;2;3;1;1
202100004440;193 825;2;0;2;1;1;1
202100004440;193 826;7;0;2;2;15;1
202100004441;193 824;7;13;0;1;1;0
202100004442;193 822;7;0;2;3;16;1
202100004442;193 823;1;0;2;1;16;5
202100004443;193 821;10;2;0;2;1;1
202100004444;193 819;7;0;2;8;0;1
202100004444;193 820;7;0;2;8;11;1
202100004445;193 817;7;0;2;3;15;1
202100004445;193 818;2;0;2;1;17;1
202100004446;193 816;36;2;0;1;1;1
202100004447;193 815;33;0;0;0;1;1
202100004448;193 813;31;0;2;3;13;1
202100004448;193 814;7;0;2;3;9;1
202100004449;193 811;33;0;2;1;1;1
202100004449;193 812;10;0;2;6;1;1
202100004450;193 809;7;0;2;1;1;1
202100004450;193 810;7;0;2;2;15;1
202100004451;193 808;7;13;0;7;1;1
202100004452;193 807;7;2;0;2;1;1
202100004453;193 806;7;13;0;1;13;1
202100004454;193 804;7;0;2;1;23;1
202100004454;193 805;7;0;2;1;1;1
202100004455;193 802;7;0;2;1;1;1
202100004455;193 803;17;3;2;1;6;1
202100004456;193 800;10;0;2;8;1;1
202100004456;193 801;7;0;2;2;12;1
202100004457;193 798;7;4;2;3;17;1
202100004457;193 799;7;0;2;3;1;1
202100004458;193 796;1;0;2;1;1;5
202100004458;193 797;7;0;0;3;2;1
202100004459;193 794;33;0;2;1;17;1
202100004459;193 795;10;0;0;8;15;1
202100004460;193 793;33;2;0;8;1;0
202100004461;193 791;7;0;2;3;13;1
202100004461;193 792;7;0;2;3;1;1
202100004462;193 790;7;11;0;1;1;1
202100004463;193 788;7;0;2;3;1;1
202100004463;193 789;7;0;2;1;17;1
202100004464;193 787;33;0;0;9;1;1
202100004465;193 785;10;0;2;2;9;1
202100004465;193 786;31;0;2;1;1;1
202100004466;193 784;7;2;0;8;1;1
202100004467;193 782;7;0;2;1;5;1
202100004467;193 783;37;0;2;1;1;1
202100004468;193 781;10;0;0;7;1;1
202100004469;193 780;7;4;0;0;2;1
202100004470;193 778;7;0;2;5;17;1
202100004470;193 779;17;0;2;3;1;1
202100004471;193 777;7;4;0;9;19;1
202100004472;193 774;7;0;2;4;1;1
202100004472;193 775;7;0;2;4;11;1
202100004472;193 776;7;0;2;6;1;1
202100004473;193 772;10;0;2;1;1;1
202100004473;193 773;17;0;2;4;1;1
202100004474;193 771;7;4;0;1;14;1
202100004475;193 769;10;0;2;4;2;1
202100004475;193 770;10;0;2;1;2;1
202100004476;193 766;17;0;2;1;2;1
202100004476;193 767;17;0;2;4;2;1
202100004476;193 768;7;0;2;4;2;1
202100004477;193 765;7;16;0;7;2;1
202100004478;193 763;15;0;0;0;0;0
202100004478;193 764;7;0;2;1;2;1
202100004479;193 761;7;0;2;1;1;1
202100004479;193 762;7;0;2;7;10;1
202100004480;193 759;7;0;2;1;2;1
202100004480;193 760;7;0;2;4;0;1
202100004481;193 757;31;0;2;0;3;1
202100004481;193 758;7;0;2;6;1;1
202100004482;193 754;7;12;0;0;0;1
202100004482;193 755;7;12;0;5;0;1
202100004482;193 756;7;12;0;3;18;1
202100004483;193 753;33;0;0;1;3;1
202100004484;193 752;7;4;0;1;1;1
202100004485;193 751;7;3;0;1;1;1
202100004486;193 748;7;1;0;4;23;1
202100004486;193 749;7;1;2;4;23;1
202100004486;193 750;7;1;2;1;1;1
202100004487;193 747;7;4;0;3;1;1
202100004488;193 746;10;4;0;2;1;1
202100004489;193 744;7;3;2;1;1;1
202100004489;193 745;10;3;2;7;18;1
202100004490;193 742;7;0;2;4;1;2
202100004490;193 743;7;0;2;1;2;1
202100004491;193 739;33;0;2;9;21;1
202100004491;193 740;7;0;0;5;1;1
202100004491;193 741;7;0;0;6;1;1
202100004492;193 736;7;14;0;2;2;1
202100004492;193 737;7;0;2;3;2;1
202100004492;193 738;7;3;2;7;17;1
202100004493;193 734;7;0;2;1;16;1
202100004493;193 735;99;0;2;5;1;5
202100004494;193 733;33;10;0;7;9;1
202100004495;193 731;7;0;2;6;15;1
202100004495;193 732;33;0;2;1;1;1
202100004496;193 729;7;0;2;1;15;1
202100004496;193 730;32;0;0;6;1;1
202100004497;193 728;7;0;1;1;1;1
202100004498;193 726;7;0;2;3;9;1
202100004498;193 727;1;0;2;7;12;5
202100004499;193 725;7;4;0;1;1;1
202100004500;193 724;1;0;1;1;15;5
202100004501;193 723;7;0;1;1;9;1
202100004502;193 721;7;13;0;1;2;1
202100004503;193 720;7;0;0;1;1;1
202100004504;193 718;32;0;2;2;15;1
202100004504;193 719;10;0;2;3;15;1
202100004505;193 717;7;14;0;1;16;1
202100004506;193 716;33;0;1;1;26;1
202100004507;193 715;1;0;0;1;1;5
202100004508;193 713;10;0;2;1;2;1
202100004508;193 714;7;0;0;4;2;1
202100004509;193 712;7;8;0;1;26;1
202100004510;193 711;7;8;1;1;14;1
202100004511;193 709;7;0;2;3;13;1
202100004511;193 710;7;6;2;2;1;1
202100004512;193 708;7;6;0;1;16;1
202100004513;193 706;7;1;2;2;13;1
202100004513;193 707;7;1;2;3;1;1
202100004514;193 705;7;0;1;1;21;1
202100004515;193 704;7;7;0;9;6;1
202100004516;193 700;7;0;2;7;2;1
202100004516;193 701;7;0;2;1;9;1
202100004517;193 699;7;0;1;1;1;1
202100004518;193 698;7;13;0;1;13;1
202100004519;193 696;7;0;2;2;21;1
202100004519;193 697;7;0;2;1;5;1
202100004520;193 695;10;0;1;3;15;1
202100004521;193 694;7;11;0;1;1;1
202100004522;193 693;15;4;0;2;2;1
202100004523;193 690;7;0;2;4;1;1
202100004523;193 691;7;0;2;1;1;1
202100004523;193 692;7;0;2;1;1;1
202100004524;193 689;7;4;0;3;26;1
202100004525;193 687;1;0;2;4;1;5
202100004525;193 688;7;0;2;1;1;1
202100004526;193 684;7;0;2;1;2;1
202100004526;193 685;7;0;2;1;2;1
202100004526;193 686;7;0;2;4;2;1
202100004527;193 682;32;0;9;1;17;1
202100004527;193 683;50;0;2;1;1;3
202100004528;193 680;30;0;2;1;1;1
202100004528;193 681;10;0;2;1;15;1
202100004529;193 679;7;13;0;1;14;1
202100004530;193 678;7;13;0;1;14;1
202100004531;193 677;10;0;1;2;1;1
202100004532;193 675;1;0;2;1;19;5
202100004532;193 676;7;0;2;5;1;1
202100004533;193 673;1;0;2;3;1;5
202100004533;193 674;7;0;2;3;1;1
202100004534;193 671;7;0;2;5;22;1
202100004534;193 672;1;0;2;1;18;5
202100004535;193 669;7;0;2;0;2;0
202100004535;193 670;32;0;2;4;2;1
202100004536;193 668;10;0;1;3;15;1
202100004537;193 666;30;0;2;1;1;3
202100004537;193 667;7;0;2;4;23;1
202100004538;193 664;33;0;2;2;17;1
202100004538;193 665;7;0;2;3;10;1
202100004539;193 663;7;0;1;3;1;1
202100004540;193 661;32;0;2;1;1;1
202100004540;193 662;7;0;2;1;20;0
202100004541;193 660;80;0;2;0;21;3
202100004542;193 658;30;0;2;1;15;1
202100004542;193 659;7;0;2;1;1;3
202100004543;193 655;7;0;2;4;23;1
202100004543;193 656;7;0;2;4;23;1
202100004543;193 657;7;0;2;1;2;1
202100004544;193 653;7;0;2;6;1;1
202100004544;193 654;7;0;2;1;1;1
202100004545;193 650;7;0;2;3;10;1
202100004545;193 651;33;0;2;0;1;1
202100004545;193 652;33;0;2;1;1;1
202100004546;193 649;30;0;9;8;21;1
202100004547;193 647;7;0;2;8;26;1
202100004547;193 648;7;0;2;1;26;1
202100004548;193 646;30;0;2;4;9;1
202100004549;193 644;7;0;2;8;1;1
202100004549;193 645;7;0;2;1;9;1
202100004550;193 642;7;0;2;5;9;2
202100004550;193 643;33;0;2;1;1;1
202100004551;193 640;30;0;2;8;0;1
202100004551;193 641;10;0;2;1;15;1
202100004552;193 638;7;0;2;0;;
202100004552;193 639;30;0;0;0;;
202100004553;193 636;30;0;2;1;1;0
202100004553;193 637;7;0;2;1;11;0
202100004554;193 635;30;0;;0;0;0
202100004555;193 633;7;0;2;1;1;1
202100004555;193 634;7;0;2;1;11;1
202100004556;193 631;10;0;2;1;13;1
202100004556;193 632;7;0;2;1;1;1
202100004557;193 629;7;0;2;5;0;1
202100004557;193 630;7;0;2;3;0;1
202100004558;193 628;7;14;0;1;21;1
202100004559;193 626;7;1;0;2;17;1
202100004559;193 627;10;1;0;6;23;0
202100004560;193 624;7;0;2;8;15;1
202100004560;193 625;33;0;0;7;1;1
202100004561;193 623;7;0;1;3;1;1
202100004562;193 621;1;1;2;8;1;5
202100004562;193 622;7;1;2;3;13;1
202100004563;193 620;32;14;0;1;13;1
202100004564;193 618;30;0;2;1;9;3
202100004564;193 619;7;0;2;5;4;1
202100004565;193 617;7;13;0;2;1;1
202100004566;193 616;1;5;0;1;1;5
202100004567;193 614;33;0;2;3;1;1
202100004567;193 615;7;0;2;1;15;1
202100004568;193 612;7;0;0;1;0;1
202100004568;193 613;7;0;0;1;0;1
202100004569;193 611;2;0;1;2;1;1
202100004570;193 609;7;0;2;1;1;1
202100004570;193 610;7;0;2;1;1;1
202100004571;193 607;15;0;0;3;1;1
202100004571;193 608;7;0;0;3;1;2
202100004572;193 605;7;0;2;1;1;1
202100004572;193 606;7;0;2;8;15;1
202100004573;193 601;7;0;2;3;15;3
202100004573;193 602;2;0;2;1;17;1
202100004574;193 600;33;0;0;0;1;1
202100004575;193 598;2;0;2;1;1;1
202100004575;193 599;7;0;2;2;15;1
202100004576;193 595;7;0;2;1;1;1
202100004576;193 596;7;0;2;3;1;1
202100004577;193 593;1;0;2;2;15;5
202100004577;193 594;7;0;2;3;2;1
202100004578;193 590;7;0;2;3;14;1
202100004578;193 591;10;0;2;2;17;1
202100004579;193 589;7;12;0;2;1;1
202100004580;193 587;7;0;0;4;15;1
202100004580;193 588;7;0;2;1;1;1
202100004581;193 585;17;0;2;3;1;1
202100004581;193 586;7;0;2;1;13;1
202100004582;193 583;7;0;2;1;1;1
202100004582;193 584;7;0;2;3;1;1
202100004583;193 581;7;0;2;1;0;1
202100004583;193 582;7;0;2;1;0;1
202100004584;193 580;7;2;0;8;14;1
202100004585;193 579;7;0;1;1;0;0
202100004586;193 577;7;0;2;3;1;1
202100004586;193 578;7;0;2;3;1;1
202100004587;193 576;7;2;0;3;13;1
202100004588;193 575;33;3;0;1;17;1
202100004589;193 574;7;13;0;1;15;1
202100004590;193 572;7;17;0;3;0;1
202100004591;193 571;7;13;0;1;1;1
202100004592;193 569;7;0;2;1;2;1
202100004592;193 570;7;0;0;4;2;1
202100004593;193 567;7;0;2;1;11;1
202100004593;193 568;7;0;2;1;1;1
202100004594;193 566;7;0;1;1;1;1
202100004595;193 564;33;0;2;0;17;1
202100004595;193 565;7;0;2;3;15;1
202100004596;193 562;10;0;2;1;17;1
202100004596;193 563;7;0;0;4;2;1
202100004597;193 560;7;13;2;3;15;1
202100004597;193 561;7;0;2;2;17;1
202100004598;193 558;7;0;0;7;15;1
202100004598;193 559;2;0;2;1;1;0
202100004599;193 557;7;6;0;1;1;2
202100004600;193 553;7;13;2;0;1;1
202100004600;193 554;7;0;2;8;1;1
202100004600;193 555;7;0;2;1;1;1
202100004600;193 556;10;0;2;1;1;1
202100004601;193 551;7;0;2;3;15;1
202100004601;193 552;30;0;2;1;1;1
202100004602;193 550;7;6;0;2;1;1
202100004603;193 548;1;0;2;1;1;5
202100004603;193 549;7;0;9;3;16;1
202100004604;193 546;7;0;2;1;13;1
202100004604;193 547;7;0;2;1;1;1
202100004605;193 545;10;13;0;5;1;1
202100004606;193 544;10;0;1;2;1;1
202100004607;193 541;7;0;1;3;0;1
202100004608;193 538;7;0;2;1;2;1
202100004608;193 539;7;0;2;4;23;1
202100004608;193 540;7;0;2;4;23;1
202100004609;193 535;7;0;2;1;1;1
202100004609;193 536;7;0;2;4;2;1
202100004609;193 537;7;0;2;4;2;1
202100004610;193 534;7;0;2;8;1;1
202100004611;193 529;7;0;2;1;0;1
202100004611;193 530;7;0;2;1;0;1
202100004611;193 531;7;0;2;1;23;1
202100004611;193 532;7;0;0;0;0;1
202100004611;193 533;7;0;2;1;0;1
202100004612;193 528;34;0;0;8;0;1
202100004613;193 527;7;4;0;1;21;1
202100004614;193 525;7;4;0;1;1;1
202100004614;193 526;15;0;2;1;1;1
202100004615;193 524;7;2;0;1;1;1
202100004616;193 520;10;0;2;1;1;1
202100004616;193 521;7;0;2;9;2;1
202100004616;193 522;7;0;2;9;2;1
202100004616;193 523;7;0;2;9;2;1
202100004617;193 515;7;0;2;4;2;1
202100004617;193 516;7;0;2;4;2;2
202100004617;193 517;7;0;2;1;2;1
202100004617;193 518;7;0;2;4;2;1
202100004617;193 519;7;0;2;4;2;1
202100004618;193 513;7;0;2;4;2;1
202100004618;193 514;7;0;2;1;2;1
202100004619;193 512;7;3;0;3;13;1
202100004620;193 507;7;0;2;4;2;1
202100004620;193 508;7;0;2;4;2;1
202100004620;193 509;7;0;2;4;2;1
202100004620;193 510;7;0;2;4;2;1
202100004620;193 511;7;0;2;1;2;1
202100004621;193 504;7;0;2;1;21;1
202100004621;193 505;7;0;2;4;2;1
202100004621;193 506;7;4;2;3;21;1
202100004622;193 503;7;4;0;1;1;1
202100004623;193 501;33;4;2;3;3;1
202100004623;193 502;10;0;2;2;12;1
202100004624;193 498;7;0;2;1;2;1
202100004624;193 499;7;0;2;4;2;1
202100004624;193 500;7;0;2;4;2;2
202100004625;193 497;7;4;0;1;0;1
202100004626;193 496;7;4;0;1;13;1
202100004627;193 495;7;4;0;0;0;1
202100004628;193 493;7;0;2;4;23;1
202100004628;193 494;7;0;2;1;2;1
202100004629;193 492;13;4;0;1;1;1
202100004630;193 490;7;0;2;4;2;1
202100004630;193 491;7;0;2;3;2;1
202100004631;193 489;7;0;0;9;12;1
202100004632;193 488;7;0;0;9;1;1
202100004633;193 486;7;0;2;1;0;1
202100004633;193 487;7;0;2;4;0;1
202100004634;193 483;7;0;2;4;2;1
202100004634;193 484;7;0;2;4;2;1
202100004634;193 485;10;0;2;1;2;1
202100004635;193 481;10;4;2;2;12;1
202100004635;193 482;15;0;2;3;1;1
202100004636;193 479;7;0;2;1;2;1
202100004636;193 480;7;0;2;4;1;1
202100004637;193 477;3;0;2;4;23;0
202100004637;193 478;3;0;2;1;2;0
202100004638;193 476;7;0;2;1;1;1
202100004639;193 475;7;0;0;9;2;1
202100004640;193 473;7;0;2;4;2;1
202100004640;193 474;7;4;2;3;1;1
202100004641;193 472;13;15;0;1;1;1
202100004642;193 470;7;0;2;5;2;3
202100004642;193 471;10;0;2;1;21;1
202100004643;193 468;7;0;2;4;1;1
202100004643;193 469;7;0;2;2;1;1
202100004644;193 467;7;4;0;1;11;1
202100004645;193 466;7;5;0;6;1;1
202100004646;193 465;7;3;0;1;9;1
202100004647;193 463;7;0;2;1;2;1
202100004647;193 464;7;0;2;1;2;1
202100004648;193 462;1;0;0;0;1;
202100004649;193 461;10;1;0;1;1;1
202100004650;193 459;7;0;2;2;15;1
202100004650;193 460;33;0;2;1;1;1
202100004651;193 457;1;0;0;0;0;0
202100004651;193 458;3;0;9;0;15;0
202100004652;193 455;33;0;2;1;17;1
202100004652;193 456;10;0;2;6;15;1
202100004653;193 454;7;0;0;1;1;0
202100004654;193 452;2;0;2;1;1;1
202100004654;193 453;7;0;2;3;5;1
202100004655;193 451;7;0;1;2;1;1
202100004656;193 449;7;0;2;2;15;3
202100004656;193 450;2;0;2;1;19;1
202100004657;193 448;33;13;0;7;1;1
202100004658;193 447;7;6;0;1;14;1
202100004659;193 446;7;0;1;3;1;1
202100004660;193 445;7;0;1;1;1;1
202100004661;193 444;7;0;1;3;1;1
202100004662;193 443;7;0;1;2;12;1
202100004663;193 441;7;0;2;6;13;1
202100004663;193 442;33;0;2;1;1;1
202100004664;193 439;7;1;0;0;17;1
202100004664;193 440;2;0;2;1;17;1
202100004665;193 437;7;0;2;3;20;1
202100004665;193 438;30;0;2;1;17;1
202100004666;193 435;32;0;2;1;13;1
202100004666;193 436;7;0;2;2;1;1
202100004667;193 434;31;0;4;1;1;1
202100004668;193 432;33;0;2;8;1;1
202100004668;193 433;7;0;2;1;15;1
202100004669;193 430;7;0;2;3;1;1
202100004669;193 431;7;0;2;2;16;1
202100004670;193 429;7;0;0;0;0;6
202100004671;193 427;7;0;2;8;0;1
202100004671;193 428;7;0;2;1;26;1
202100004672;193 425;7;0;2;8;26;1
202100004672;193 426;30;0;2;1;19;1
202100004673;193 423;7;0;2;1;13;1
202100004673;193 424;7;0;2;3;1;1
202100004674;193 421;7;0;2;7;16;1
202100004674;193 422;2;0;2;1;2;1
202100004675;193 419;7;0;2;8;10;1
202100004675;193 420;31;0;2;1;1;1
202100004676;193 417;7;0;2;2;15;1
202100004676;193 418;32;0;2;1;1;1
202100004677;193 416;30;0;1;1;1;1
202100004678;193 414;7;0;2;2;19;1
202100004678;193 415;13;0;2;3;19;1
202100004679;193 413;50;12;0;1;25;3
202100004680;193 411;7;0;2;2;1;1
202100004680;193 412;7;0;2;3;1;3
202100004681;193 409;7;0;2;4;23;2
202100004681;193 410;7;0;2;1;1;1
202100004682;193 407;10;0;2;2;1;1
202100004682;193 408;34;0;2;1;1;1
202100004683;193 405;7;0;2;7;10;1
202100004683;193 406;7;0;2;3;0;1
202100004684;193 403;32;0;2;3;26;1
202100004684;193 404;7;0;2;3;10;1
202100004685;193 399;7;0;2;0;0;1
202100004685;193 400;7;0;2;4;23;1
202100004685;193 401;7;0;2;4;23;1
202100004685;193 402;7;0;2;4;23;1
202100004686;193 398;7;0;1;2;1;1
202100004687;193 397;7;9;0;1;17;1
202100004688;193 395;7;0;2;8;1;1
202100004688;193 396;7;0;2;1;26;1
202100004689;193 393;10;0;2;6;11;1
202100004689;193 394;7;0;2;2;1;1
202100004690;193 391;7;0;2;7;15;1
202100004690;193 392;32;0;2;9;1;1
202100004691;193 390;7;0;1;7;1;1
202100004692;193 388;30;0;2;1;1;3
202100004692;193 389;7;0;2;3;15;1
202100004693;193 386;7;0;2;1;2;1
202100004693;193 387;7;0;2;4;1;1
202100004694;193 384;7;0;2;1;19;1
202100004694;193 385;7;0;9;3;9;1
202100004695;193 382;7;0;2;7;15;1
202100004695;193 383;33;0;2;2;3;1
202100004696;193 380;7;0;2;3;1;1
202100004696;193 381;43;0;2;7;1;1
202100004697;193 378;7;0;2;3;21;1
202100004697;193 379;7;0;2;2;16;1
202100004698;193 377;7;0;1;7;14;1
202100004699;193 375;1;0;2;1;17;5
202100004699;193 376;7;0;2;8;15;1
202100004700;193 374;10;8;0;0;26;1
202100004701;193 373;0;0;1;1;26;0
202100004702;193 372;7;0;1;1;9;1
202100004703;193 370;15;0;2;1;1;0
202100004703;193 371;50;0;2;8;0;3
202100004704;193 369;7;0;1;1;2;1
202100004705;193 368;33;9;0;1;0;1
202100004706;193 367;7;0;1;2;26;1
202100004707;193 366;7;0;1;8;1;1
202100004708;193 365;7;0;1;3;1;1
202100004709;193 360;33;0;2;8;1;1
202100004709;193 361;7;0;2;2;19;1
202100004710;193 357;33;0;2;3;3;1
202100004710;193 358;7;0;2;3;1;1
202100004710;193 359;7;0;2;3;1;1
202100004711;193 354;7;0;2;1;26;1
202100004711;193 355;7;0;2;0;0;1
202100004711;193 356;7;0;2;4;23;2
202100004712;193 353;10;0;1;3;10;1
202100004713;193 352;7;9;0;1;13;1
202100004714;193 350;7;0;2;2;16;1
202100004714;193 351;1;0;2;0;1;
202100004715;193 348;31;0;2;1;1;1
202100004715;193 349;7;0;2;3;15;1
202100004716;193 347;10;0;1;3;15;1
202100004717;193 343;0;0;1;2;2;0
202100004718;193 342;7;8;0;2;0;1
202100004719;193 340;7;0;2;6;1;1
202100004719;193 341;7;2;2;3;6;1
202100004720;193 339;7;0;1;1;1;1
202100004721;193 338;7;0;1;1;1;1
202100004722;193 337;30;0;0;7;14;1
202100004723;193 336;7;0;1;1;26;1
202100004724;193 334;10;0;2;1;1;1
202100004724;193 335;7;0;2;6;15;1
202100004725;193 332;7;0;2;2;15;1
202100004725;193 333;2;0;2;1;1;1
202100004726;193 330;60;0;2;1;1;5
202100004726;193 331;7;0;2;2;1;1
202100004727;193 328;7;0;0;4;1;1
202100004727;193 329;30;0;2;1;9;1
202100004728;193 326;7;0;2;1;1;1
202100004728;193 327;7;0;2;3;20;1
202100004729;193 324;7;1;2;2;15;1
202100004729;193 325;7;1;2;3;1;1
202100004730;193 323;7;0;1;3;1;1
202100004731;193 322;7;0;1;1;1;1
202100004732;193 321;7;0;1;2;9;1
202100004733;193 318;7;0;2;4;2;1
202100004733;193 319;10;0;2;1;1;1
202100004733;193 320;7;0;2;4;2;1
202100004734;193 316;33;0;2;1;17;1
202100004734;193 317;7;0;2;6;26;1
202100004735;193 315;7;2;0;2;1;1
202100004736;193 313;7;0;2;1;2;1
202100004736;193 314;7;0;2;4;2;1
202100004737;193 312;7;0;1;1;16;1
202100004738;193 311;14;0;1;1;1;1
202100004739;193 309;16;0;2;7;24;0
202100004739;193 310;7;0;2;1;13;1
202100004740;193 308;7;0;1;1;15;1
202100004741;193 306;1;0;0;0;0;5
202100004741;193 307;7;0;0;3;1;0
202100004742;193 304;10;7;0;5;9;0
202100004742;193 305;7;0;2;1;19;1
202100004743;193 302;50;0;2;4;1;3
202100004743;193 303;10;0;9;1;1;1
202100004744;193 301;7;0;1;3;15;1
202100004745;193 299;7;0;2;1;1;1
202100004745;193 300;7;0;2;6;20;1
202100004746;193 298;30;0;0;8;15;1
202100004747;193 297;7;0;1;1;1;1
202100004748;193 296;40;0;1;2;1;3
202100004749;193 292;7;0;2;4;2;1
202100004749;193 293;7;0;2;1;2;1
202100004749;193 294;7;0;2;4;2;1
202100004749;193 295;7;0;2;1;2;1
202100004750;193 291;7;0;1;2;26;1
202100004751;193 290;7;0;1;2;26;2
202100004752;193 288;1;0;2;1;26;5
202100004752;193 289;7;0;2;2;1;1
202100004753;193 286;30;0;2;4;23;1
202100004753;193 287;7;0;2;1;1;1
202100004754;193 284;10;14;0;4;2;1
202100004754;193 285;7;0;2;1;1;1
202100004755;193 282;7;0;2;2;1;1
202100004755;193 283;7;0;2;3;15;1
202100004756;193 280;7;0;2;1;9;1
202100004756;193 281;7;0;2;7;26;1
202100004757;193 278;7;0;2;3;9;1
202100004757;193 279;50;0;2;8;19;3
202100004758;193 276;30;0;2;2;9;1
202100004758;193 277;7;0;2;3;9;1
202100004759;193 274;7;0;2;2;17;1
202100004759;193 275;7;0;2;8;15;1
202100004760;193 272;2;0;2;1;16;1
202100004760;193 273;7;0;2;1;15;1
202100004761;193 271;7;0;1;1;15;1
202100004762;193 269;50;0;2;8;1;3
202100004762;193 270;7;0;1;1;1;1
202100004763;193 268;7;3;0;1;1;1
202100004764;193 267;37;0;1;1;16;1
202100004765;193 266;40;0;1;3;1;3
202100004766;193 264;7;0;2;1;1;1
202100004766;193 265;7;0;2;1;1;1
202100004767;193 262;10;0;2;1;16;1
202100004767;193 263;7;0;2;1;23;1
202100004768;193 260;7;0;2;3;9;1
202100004768;193 261;1;0;2;1;1;5
202100004769;193 259;7;0;1;1;1;1
202100004770;193 257;10;0;2;3;1;1
202100004770;193 258;7;0;2;2;1;1
202100004771;193 255;7;0;2;4;1;0
202100004771;193 256;7;0;2;1;1;1
202100004772;193 251;7;0;0;0;0;0
202100004772;193 252;7;3;0;6;0;1
202100004772;193 253;7;1;0;7;21;1
202100004772;193 254;7;3;0;3;13;1
202100004773;193 249;7;0;2;3;2;1
202100004773;193 250;7;0;2;1;2;1
202100004774;193 247;7;0;1;3;23;1
202100004774;193 248;10;0;1;3;1;1
202100004775;193 243;7;0;2;1;1;0
202100004775;193 244;7;0;2;4;1;1
202100004775;193 245;7;0;2;4;1;1
202100004775;193 246;10;0;2;1;1;1
202100004776;193 241;7;0;2;1;16;1
202100004776;193 242;7;0;2;1;13;1
202100004777;193 239;7;0;2;1;2;1
202100004777;193 240;7;0;2;4;2;1
202100004778;193 238;7;0;1;2;1;1
202100004779;193 237;7;0;1;1;9;3
202100004780;193 235;60;0;2;1;1;5
202100004780;193 236;7;0;2;2;9;1
202100004781;193 231;7;0;1;1;9;1
202100004782;193 230;7;0;0;0;26;1
202100004783;193 228;10;0;2;4;9;3
202100004783;193 229;10;0;2;1;2;1
202100004784;193 226;7;2;2;1;1;1
202100004784;193 227;7;1;2;1;1;1
202100004785;193 222;7;0;2;2;19;0
202100004785;193 223;7;0;2;1;1;1
202100004785;193 224;7;0;2;7;0;1
202100004786;193 221;7;0;1;7;26;1
202100004787;193 219;7;4;0;1;26;1
202100004787;193 220;7;0;2;1;26;1
202100004788;193 217;7;0;2;2;15;1
202100004788;193 218;7;0;2;1;1;1
202100004789;193 216;7;0;1;1;15;1
202100004790;193 215;33;14;0;1;1;1
202100004791;193 213;10;0;2;2;15;1
202100004791;193 214;31;0;2;1;1;1
202100004792;193 211;7;0;0;0;0;0
202100004792;193 212;33;0;2;2;1;1
202100004793;193 210;1;6;0;2;15;5
202100004794;193 209;7;8;0;1;1;1
202100004795;193 207;50;0;2;1;1;3
202100004795;193 208;7;0;1;7;17;1
202100004796;193 205;7;0;2;1;15;1
202100004796;193 206;7;0;2;3;1;1
202100004797;193 204;7;0;1;2;1;1
202100004798;193 202;2;0;2;1;15;1
202100004798;193 203;7;0;2;2;1;1
202100004799;193 201;33;1;0;0;0;0
202100004800;193 199;30;0;2;3;7;1
202100004800;193 200;7;0;2;2;16;1
202100004801;193 197;32;0;2;4;2;1
202100004801;193 198;7;0;2;2;2;3
202100004802;193 196;7;0;1;2;26;2
202100004803;193 194;7;0;2;6;15;1
202100004803;193 195;31;0;2;1;13;1
202100004804;193 193;33;4;0;2;14;1
202100004805;193 192;7;4;0;7;14;1
202100004806;193 190;7;0;2;1;15;1
202100004806;193 191;2;0;2;7;1;1
202100004807;193 189;7;0;1;1;1;1
202100004808;193 188;50;0;1;1;1;3
202100004809;193 186;2;0;2;2;1;1
202100004809;193 187;7;0;2;4;10;0
202100004810;193 185;7;9;0;3;13;1
202100004811;193 184;30;0;0;8;1;1
202100004812;193 182;7;0;2;0;16;1
202100004812;193 183;43;0;2;3;17;1
202100004813;193 180;7;0;2;2;2;1
202100004813;193 181;7;0;2;4;2;1
202100004814;193 178;10;0;2;1;2;1
202100004814;193 179;7;0;2;4;23;1
202100004815;193 176;1;0;2;8;15;0
202100004815;193 177;7;0;2;2;17;1
202100004816;193 175;7;11;0;2;14;1
202100004817;193 174;1;0;1;1;1;5