Num_Acc;id_vehicule;categorie_vehicule;obstacle_fixe;obstacle_mobile;point_choc_initial;manoeuvre_principale;motorisation
202100004818;193 171;7;0;2;6;24;1
202100004818;193 172;33;0;2;2;17;1
202100004818;193 173;7;0;2;3;15;0
202100004819;193 168;32;1;2;2;18;3
202100004819;193 169;10;0;2;6;24;1
202100004819;193 170;37;0;2;7;12;6
202100004820;193 166;7;0;2;7;15;1
202100004820;193 167;2;0;2;1;1;1
202100004821;193 165;30;0;1;4;21;3
202100004822;193 163;30;8;2;1;21;1
202100004822;193 164;7;9;2;2;1;1
202100004823;193 161;32;0;2;1;1;1
202100004823;193 162;7;8;0;5;13;1
202100004824;193 159;7;0;2;5;15;1
202100004824;193 160;34;0;2;1;1;1
202100004825;193 157;32;0;2;1;3;1
202100004825;193 158;7;0;2;3;15;1
202100004826;193 156;7;0;1;1;1;2
202100004827;193 154;7;0;9;2;1;0
202100004827;193 155;1;0;2;1;23;0
202100004828;193 153;7;0;1;3;15;1
202100004829;193 151;7;0;1;4;20;0
202100004830;193 149;7;0;9;3;15;1
202100004830;193 150;1;0;2;1;0;0
202100004831;193 148;7;1;2;4;23;1
202100004832;193 147;10;0;1;1;1;1
202100004833;193 145;7;0;0;0;16;1
202100004833;193 146;33;0;0;7;1;1
202100004834;193 144;14;0;1;3;1;0
202100004835;193 143;7;0;1;1;15;1
202100004836;193 142;37;0;1;7;1;1
202100004837;193 140;7;0;2;3;1;1
202100004837;193 141;50;0;2;1;1;3
202100004838;193 138;7;0;2;2;12;1
202100004838;193 139;32;0;2;1;1;1
202100004839;193 137;7;6;0;1;1;1
202100004840;193 136;10;0;9;5;1;1
202100004841;193 135;10;0;1;2;1;1
202100004842;193 133;7;9;2;1;1;1
202100004842;193 134;7;9;0;4;1;1
202100004843;193 130;7;0;0;4;1;1
202100004843;193 131;7;0;2;6;2;1
202100004843;193 132;10;0;2;2;2;1
202100004844;193 129;10;2;0;3;19;0
202100004845;193 127;7;13;0;3;1;1
202100004845;193 128;7;13;0;8;1;1
202100004846;193 125;7;0;2;2;15;1
202100004846;193 126;2;0;2;1;1;1
202100004847;193 124;7;6;0;0;13;1
202100004848;193 122;7;0;2;1;1;1
202100004848;193 123;7;0;2;9;13;1
202100004849;193 121;7;2;0;3;13;1
202100004850;193 120;7;13;0;3;13;1
202100004851;193 119;7;7;0;1;1;1
202100004852;193 116;7;0;2;3;9;1
202100004852;193 117;7;0;2;7;1;1
202100004852;193 118;7;0;2;2;1;1
202100004853;193 115;21;0;1;1;26;0
202100004854;193 114;10;2;0;1;1;1
202100004855;193 112;10;0;2;4;4;1
202100004855;193 113;7;0;2;1;1;1
202100004856;193 110;33;0;2;8;1;1
202100004856;193 111;7;0;2;1;19;1
202100004857;193 108;7;13;0;2;1;2
202100004857;193 109;7;0;1;1;1;1
202100004858;193 107;7;2;0;8;1;1
202100004859;193 106;7;0;0;9;0;1
202100004860;193 104;33;0;2;1;13;1
202100004860;193 105;7;0;2;3;1;1
202100004861;193 103;7;2;0;2;1;1
202100004862;193 099;7;0;2;1;1;2
202100004862;193 100;7;0;2;3;15;1
202100004863;193 097;7;3;2;7;1;1
202100004863;193 098;7;0;2;2;1;1
202100004864;193 096;7;2;0;1;0;1
202100004865;193 095;7;2;0;3;1;1
202100004866;193 094;7;0;1;2;2;1
202100004867;193 091;7;0;2;5;1;1
202100004867;193 092;7;0;2;3;1;1
202100004868;193 090;7;5;0;1;1;1
202100004869;193 089;7;13;0;1;1;1
202100004870;193 087;7;0;2;2;13;1
202100004870;193 088;7;13;2;2;2;1
202100004871;193 085;7;0;2;1;0;0
202100004871;193 086;33;4;0;4;2;1
202100004872;193 084;7;16;0;2;14;1
202100004873;193 077;7;0;0;0;1;2
202100004873;193 078;7;0;2;4;1;1
202100004873;193 079;7;0;2;4;1;1
202100004873;193 080;7;0;2;1;1;1
202100004873;193 081;7;0;2;1;1;1
202100004873;193 082;7;3;2;1;1;1
202100004873;193 083;7;0;2;5;1;1
202100004874;193 076;7;13;0;0;1;1
202100004875;193 074;33;12;2;8;21;1
202100004875;193 075;7;0;2;3;21;1
202100004876;193 072;7;0;2;0;2;1
202100004876;193 073;32;0;2;8;1;1
202100004877;193 069;7;0;2;1;1;1
202100004877;193 070;7;0;2;3;1;0
202100004878;193 065;7;0;2;1;17;1
202100004878;193 066;7;0;2;1;26;1
202100004878;193 067;7;0;0;7;26;1
202100004878;193 068;7;2;0;0;14;1
202100004879;193 064;7;0;1;2;20;1
202100004880;193 063;31;0;0;1;1;1
202100004881;193 062;7;0;1;2;1;1
202100004882;193 061;7;2;0;1;26;6
202100004883;193 060;7;9;0;3;6;1
202100004884;193 057;7;0;2;3;13;1
202100004884;193 058;7;0;2;8;1;1
202100004884;193 059;7;0;2;1;1;1
202100004885;193 056;7;13;0;2;1;1
202100004886;193 055;7;0;1;1;2;1
202100004887;193 054;7;0;1;2;1;1
202100004888;193 052;10;0;9;3;15;1
202100004888;193 053;2;0;2;1;1;1
202100004889;193 051;7;2;0;1;1;1
202100004890;193 049;7;0;2;1;1;1
202100004890;193 050;7;0;2;1;5;1
202100004891;193 047;33;0;2;1;1;1
202100004891;193 048;7;0;2;2;9;1
202100004892;193 044;7;0;2;1;2;1
202100004892;193 045;10;0;2;1;2;1
202100004892;193 046;7;0;2;1;2;1
202100004893;193 042;7;1;0;1;1;1
202100004893;193 043;7;0;2;5;2;1
202100004894;193 041;7;4;0;1;2;1
202100004895;193 038;7;0;2;4;2;1
202100004895;193 039;7;0;2;4;2;1
202100004895;193 040;7;0;2;1;2;1
202100004896;193 036;7;0;2;6;11;1
202100004896;193 037;7;0;2;2;1;1
202100004897;193 035;10;4;0;2;1;1
202100004898;193 033;7;0;2;4;23;1
202100004898;193 034;17;1;0;1;11;1
202100004899;193 032;7;4;0;9;15;1
202100004900;193 031;7;4;0;3;13;1
202100004901;193 030;7;4;0;1;1;1
202100004902;193 028;7;0;2;1;2;2
202100004902;193 029;7;4;2;2;2;1
202100004903;193 026;7;0;2;1;1;1
202100004903;193 027;7;0;2;4;23;1
202100004904;193 024;7;0;2;1;1;1
202100004904;193 025;7;0;2;6;2;1
202100004905;193 023;33;0;2;4;3;1
202100004906;193 021;7;0;2;4;1;1
202100004906;193 022;7;0;2;1;2;1
202100004907;193 018;10;0;2;1;2;1
202100004907;193 019;7;0;2;4;23;1
202100004907;193 020;7;0;2;1;2;1
202100004908;193 015;7;5;2;4;12;1
202100004908;193 016;7;4;2;1;12;1
202100004908;193 017;7;4;2;3;2;1
202100004909;193 012;7;0;2;4;2;1
202100004909;193 013;33;0;2;4;2;1
202100004909;193 014;7;0;2;3;11;1
202100004910;193 011;7;1;1;9;14;1
202100004911;193 009;50;0;4;3;19;3
202100004911;193 010;40;0;2;3;1;3
202100004912;193 008;10;0;1;3;1;1
202100004913;193 007;7;0;1;4;4;1
202100004914;193 005;7;0;2;1;16;0
202100004914;193 006;50;0;2;8;1;3
202100004915;193 003;7;0;2;6;2;1
202100004915;193 004;7;0;2;1;2;1
202100004916;193 001;1;0;2;7;1;5
202100004916;193 002;7;0;2;1;1;1
202100004917;193 000;50;0;0;1;1;3
202100004918;192 998;7;0;2;3;10;3
202100004918;192 999;2;0;2;2;17;1
202100004919;192 997;32;0;1;3;1;1
202100004920;192 996;30;0;1;1;1;0
202100004921;192 994;30;0;2;7;16;3
202100004921;192 995;33;0;2;1;1;1
202100004922;192 992;1;0;0;7;5;5
202100004922;192 993;7;0;0;2;1;2
202100004923;192 991;7;0;1;3;1;2
202100004924;192 990;30;0;0;7;1;1
202100004925;192 988;1;1;0;1;1;5
202100004925;192 989;10;1;0;2;22;1
202100004926;192 987;32;0;0;0;1;1
202100004927;192 985;7;0;0;0;11;0
202100004927;192 986;31;0;2;7;1;1
202100004928;192 983;2;0;2;2;1;1
202100004928;192 984;7;0;2;3;26;1
202100004929;192 981;7;1;1;1;1;1
202100004929;192 982;7;0;2;8;24;1
202100004930;192 979;7;0;2;1;1;1
202100004930;192 980;7;0;2;6;23;1
202100004931;192 977;7;0;2;7;1;1
202100004931;192 978;13;0;2;8;13;1
202100004932;192 976;7;8;0;2;26;1
202100004933;192 974;10;0;2;7;19;1
202100004933;192 975;7;0;2;2;1;1
202100004934;192 973;2;0;1;1;17;1
202100004935;192 971;7;0;2;2;19;1
202100004935;192 972;10;0;2;1;1;1
202100004936;192 969;10;0;2;3;15;1
202100004936;192 970;34;0;2;3;2;1
202100004937;192 967;99;0;2;3;1;0
202100004937;192 968;7;0;2;8;15;1
202100004938;192 964;33;0;2;6;3;1
202100004938;192 965;7;0;0;0;0;0
202100004938;192 966;15;0;2;7;9;0
202100004939;192 962;7;0;2;2;17;1
202100004939;192 963;7;0;2;6;17;1
202100004940;192 960;7;14;0;1;2;0
202100004940;192 961;32;14;0;4;23;1
202100004941;192 958;7;0;2;5;15;2
202100004941;192 959;31;0;2;1;1;1
202100004942;192 956;60;0;2;3;1;5
202100004942;192 957;7;0;2;2;16;1
202100004943;192 954;30;0;2;8;1;3
202100004943;192 955;7;0;2;1;15;1
202100004944;192 952;1;0;2;0;0;0
202100004944;192 953;7;0;2;1;1;1
202100004945;192 951;7;0;1;2;1;1
202100004946;192 950;14;0;1;2;5;1
202100004947;192 948;7;0;2;3;19;1
202100004947;192 949;33;0;2;1;1;1
202100004948;192 947;7;0;1;1;1;1
202100004949;192 945;7;0;2;1;13;2
202100004949;192 946;7;0;2;1;1;1
202100004950;192 942;7;0;2;1;1;1
202100004950;192 943;7;0;2;4;23;1
202100004950;192 944;7;0;0;4;23;1
202100004951;192 939;15;4;2;3;6;1
202100004951;192 940;7;0;2;1;1;1
202100004951;192 941;7;4;2;2;1;1
202100004952;192 938;2;13;0;1;0;1
202100004953;192 937;7;0;1;2;1;1
202100004954;192 935;7;0;2;1;1;1
202100004954;192 936;1;0;2;4;15;5
202100004955;192 933;2;0;2;1;15;1
202100004955;192 934;7;0;2;3;1;1
202100004956;192 931;7;0;2;2;1;1
202100004956;192 932;7;0;;3;1;
202100004957;192 930;7;2;0;3;1;1
202100004958;192 928;7;0;2;1;1;3
202100004958;192 929;7;0;2;1;13;1
202100004959;192 924;7;0;2;1;1;1
202100004959;192 925;7;0;2;4;10;1
202100004960;192 923;7;13;0;2;1;1
202100004961;192 921;33;10;0;2;14;1
202100004962;192 919;7;0;2;6;15;1
202100004962;192 920;7;0;2;2;1;1
202100004963;192 917;1;0;2;3;1;5
202100004963;192 918;7;0;2;2;19;2
202100004964;192 915;7;1;0;2;14;1
202100004964;192 916;7;0;2;6;23;1
202100004965;192 914;7;0;1;7;1;1
202100004966;192 913;7;6;0;1;1;2
202100004967;192 911;7;0;2;1;1;1
202100004967;192 912;7;0;2;7;15;1
202100004968;192 910;7;6;0;1;1;1
202100004969;192 907;7;0;2;1;1;1
202100004969;192 908;7;0;2;8;19;1
202100004970;192 906;7;13;0;2;0;1
202100004971;192 902;10;0;2;1;1;1
202100004971;192 903;10;0;2;1;13;1
202100004972;192 900;2;0;2;8;1;1
202100004972;192 901;7;0;2;1;15;1
202100004973;192 899;2;0;0;0;1;1
202100004974;192 898;17;3;0;2;1;1
202100004975;192 897;13;0;1;4;4;1
202100004976;192 894;17;3;2;1;13;1
202100004976;192 895;7;0;2;1;26;1
202100004976;192 896;7;0;2;1;21;1
202100004977;192 893;7;4;0;1;1;1
202100004978;192 891;2;0;2;7;19;1
202100004978;192 892;7;0;2;1;1;1
202100004979;192 889;10;0;2;1;13;1
202100004979;192 890;7;0;2;1;1;1
202100004980;192 887;7;0;2;1;1;1
202100004980;192 888;7;13;2;3;9;1
202100004981;192 885;13;0;0;4;23;1
202100004981;192 886;7;0;2;1;1;1
202100004982;192 882;10;0;2;1;13;1
202100004982;192 883;3;0;2;3;1;1
202100004982;192 884;7;0;2;1;1;1
202100004983;192 880;33;0;2;1;1;1
202100004983;192 881;7;0;2;1;15;0
202100004984;192 879;7;0;0;0;17;1
202100004985;192 876;7;0;2;1;1;1
202100004985;192 877;10;0;2;3;1;1
202100004985;192 878;7;0;2;1;13;1
202100004986;192 874;7;3;2;7;1;1
202100004986;192 875;7;0;2;3;16;1
202100004987;192 873;7;6;0;3;1;1
202100004988;192 871;7;0;2;3;2;1
202100004988;192 872;7;3;0;3;2;1
202100004989;192 870;7;7;0;0;1;1
202100004990;192 869;7;0;1;0;1;0
202100004991;192 866;7;0;2;2;1;1
202100004991;192 867;7;0;2;3;1;1
202100004991;192 868;2;0;2;1;17;1
202100004992;192 864;2;0;2;1;1;1
202100004992;192 865;7;0;2;1;15;1
202100004993;192 863;7;0;1;3;8;1
202100004994;192 861;7;0;0;1;1;1
202100004994;192 862;7;0;0;4;1;3
202100004995;192 860;7;13;0;1;0;1
202100004996;192 858;7;0;2;3;2;1
202100004996;192 859;1;0;2;7;1;5
202100004997;192 856;7;0;2;4;1;1
202100004997;192 857;7;0;2;1;2;1
202100004998;192 854;17;0;2;2;2;1
202100004998;192 855;17;0;2;6;24;1
202100004999;192 852;10;3;2;1;2;1
202100004999;192 853;7;0;2;4;1;1
202100005000;192 850;10;0;2;4;2;1
202100005000;192 851;7;3;2;1;2;1
202100005001;192 847;7;0;2;4;1;0
202100005001;192 848;7;0;2;5;1;0
202100005001;192 849;7;0;2;2;1;0
202100005002;192 845;7;0;2;4;1;1
202100005002;192 846;7;0;2;1;13;1
202100005003;192 843;7;0;2;3;2;1
202100005003;192 844;7;0;2;6;2;1
202100005004;192 841;7;0;2;5;12;1
202100005004;192 842;33;0;2;1;3;1
202100005005;192 838;10;0;2;1;2;1
202100005005;192 839;17;0;2;2;2;1
202100005005;192 840;7;0;2;3;13;1
202100005006;192 835;7;0;2;5;14;1
202100005006;192 836;33;0;2;1;2;1
202100005006;192 837;33;0;2;7;1;1
202100005007;192 832;7;0;2;0;26;0
202100005007;192 833;7;4;2;7;9;1
202100005007;192 834;15;0;2;7;1;1
202100005008;192 830;7;0;2;6;11;1
202100005008;192 831;33;0;2;3;26;1
202100005009;192 829;7;0;1;1;1;1
202100005010;192 828;7;4;0;3;13;1
202100005011;192 825;7;0;2;4;2;1
202100005011;192 826;7;0;2;1;2;1
202100005011;192 827;10;0;2;1;1;1
202100005012;192 823;7;15;0;9;1;1
202100005012;192 824;7;0;0;0;14;1
202100005013;192 822;7;3;0;1;1;1
202100005014;192 821;7;0;0;0;1;0
202100005015;192 820;80;0;1;1;19;3
202100005016;192 817;7;0;1;1;26;1
202100005017;192 816;3;0;1;1;1;1
202100005018;192 815;7;0;1;2;16;1
202100005019;192 814;7;0;1;2;1;1
202100005020;192 812;7;0;2;1;13;1
202100005020;192 813;7;0;2;1;1;1
202100005021;192 810;7;0;4;3;1;1
202100005021;192 811;40;0;2;7;1;3
202100005022;192 809;7;13;0;7;14;1
202100005023;192 807;7;0;2;7;1;2
202100005023;192 808;7;0;2;1;1;1
202100005024;192 806;33;9;1;9;26;0
202100005025;192 804;7;0;2;3;1;1
202100005025;192 805;7;0;2;1;1;1
202100005026;192 803;30;0;1;1;12;1
202100005027;192 801;7;0;2;2;2;1
202100005027;192 802;1;0;2;3;2;0
202100005028;192 799;1;0;2;3;26;5
202100005028;192 800;7;0;2;2;1;1
202100005029;192 798;7;0;1;1;19;1
202100005030;192 797;3;0;1;2;23;1
202100005031;192 796;50;12;0;0;1;3
202100005032;192 795;7;0;1;1;1;1
202100005033;192 792;7;0;2;5;1;1
202100005033;192 793;7;0;2;3;1;1
202100005033;192 794;7;0;2;1;5;1
202100005034;192 789;7;0;2;1;1;1
202100005034;192 790;7;0;2;4;23;1
202100005034;192 791;7;0;2;4;23;1
202100005035;192 788;7;0;2;1;21;1
202100005036;192 785;7;0;2;1;21;1
202100005036;192 786;7;0;2;4;23;1
202100005036;192 787;7;0;2;1;26;0
202100005037;192 784;7;0;1;1;26;1
202100005038;192 782;7;0;2;1;1;1
202100005038;192 783;7;0;2;3;23;1
202100005039;192 780;15;0;2;1;2;1
202100005039;192 781;10;0;0;4;2;1
202100005040;192 779;7;0;1;1;1;1
202100005041;192 776;7;0;2;5;23;1
202100005041;192 777;7;0;2;4;2;1
202100005041;192 778;7;0;2;1;1;1
202100005042;192 772;1;0;2;7;1;0
202100005042;192 773;7;0;2;3;15;1
202100005043;192 771;7;0;0;1;1;1
202100005044;192 769;7;3;0;1;9;1
202100005044;192 770;10;0;2;1;1;1
202100005045;192 768;7;0;1;2;1;1
202100005046;192 766;31;0;2;6;0;0
202100005046;192 767;10;0;2;6;0;1
202100005047;192 765;7;0;1;1;20;1
202100005048;192 759;7;0;2;1;17;1
202100005048;192 760;3;0;2;1;1;1
202100005049;192 757;50;0;2;3;15;3
202100005049;192 758;7;0;2;7;1;1
202100005050;192 756;7;0;1;0;20;1
202100005051;192 753;7;0;2;3;7;1
202100005051;192 754;10;0;2;5;1;1
202100005051;192 755;7;0;2;5;9;1
202100005052;192 751;7;0;2;1;26;1
202100005052;192 752;7;8;2;8;1;1
202100005053;192 748;7;0;2;4;2;1
202100005053;192 749;7;0;2;1;2;1
202100005053;192 750;10;0;2;4;2;1
202100005054;192 746;7;0;2;1;2;1
202100005054;192 747;7;0;2;4;2;1
202100005055;192 744;7;16;2;1;2;1
202100005055;192 745;10;16;2;3;9;1
202100005056;192 741;7;0;2;1;1;1
202100005056;192 742;7;0;2;1;1;1
202100005056;192 743;7;0;2;4;1;1
202100005057;192 739;37;0;2;4;1;1
202100005057;192 740;33;0;2;4;23;1
202100005058;192 737;7;0;2;1;13;1
202100005058;192 738;7;0;2;3;1;1
202100005059;192 735;7;0;2;7;15;1
202100005059;192 736;30;0;2;1;1;1
202100005060;192 734;7;0;1;1;1;1
202100005061;192 732;7;0;9;3;1;1
202100005061;192 733;30;0;2;4;1;1
202100005062;192 731;7;0;1;7;15;1
202100005063;192 727;7;5;0;1;1;1
202100005064;192 726;32;0;0;5;26;1
202100005065;192 725;7;2;0;1;9;1
202100005066;192 721;7;0;2;2;17;1
202100005066;192 722;7;0;2;7;1;1
202100005067;192 720;10;6;0;2;14;1
202100005068;192 718;10;0;2;2;1;1
202100005068;192 719;7;0;2;1;16;1
202100005069;192 716;7;0;1;7;1;1
202100005069;192 717;7;0;0;0;2;1
202100005070;192 714;7;0;2;3;1;1
202100005070;192 715;7;0;2;1;15;1
202100005071;192 712;10;0;2;1;1;1
202100005071;192 713;7;0;2;4;2;1
202100005072;192 710;7;0;2;2;1;1
202100005072;192 711;80;0;2;1;5;3
202100005073;192 709;33;0;1;3;1;1
202100005074;192 707;30;0;2;1;20;1
202100005074;192 708;32;0;2;3;1;1
202100005075;192 705;7;0;2;4;2;1
202100005075;192 706;7;0;2;1;2;1
202100005076;192 703;33;0;2;1;1;1
202100005076;192 704;7;0;2;6;13;1
202100005077;192 701;7;0;2;1;15;1
202100005077;192 702;2;0;2;1;1;1
202100005078;192 700;7;6;0;1;13;1
202100005079;192 699;10;0;1;2;16;1
202100005080;192 696;30;0;0;3;15;3
202100005081;192 694;7;0;2;1;1;1
202100005081;192 695;7;0;2;4;1;1
202100005082;192 692;7;0;2;6;1;1
202100005082;192 693;34;0;2;1;1;1
202100005083;192 686;7;0;2;3;1;1
202100005083;192 687;7;0;2;8;1;1
202100005084;192 685;7;0;1;2;12;1
202100005085;192 683;2;0;2;1;1;1
202100005085;192 684;10;0;2;2;15;1
202100005086;192 682;30;3;0;8;13;1
202100005087;192 680;7;0;2;4;2;1
202100005087;192 681;7;0;2;2;2;1
202100005088;192 678;10;0;2;3;1;3
202100005088;192 679;7;0;2;2;11;1
202100005089;192 676;50;0;2;0;1;3
202100005089;192 677;7;0;9;3;9;1
202100005090;192 674;10;0;2;2;19;1
202100005090;192 675;2;0;2;1;1;1
202100005091;192 672;7;0;2;1;13;1
202100005091;192 673;10;0;2;1;1;1
202100005092;192 671;10;0;1;1;15;1
202100005093;192 669;7;0;2;0;0;1
202100005093;192 670;7;0;2;2;9;1
202100005094;192 667;7;0;2;1;2;1
202100005094;192 668;10;0;2;4;23;1
202100005095;192 665;7;0;2;6;11;1
202100005095;192 666;32;0;2;1;3;1
202100005096;192 664;30;0;0;0;21;1
202100005097;192 661;10;0;2;1;2;1
202100005097;192 662;10;0;2;4;23;1
202100005097;192 663;7;0;2;4;23;1
202100005098;192 660;30;0;1;1;1;1
202100005099;192 658;10;0;2;3;22;1
202100005099;192 659;1;0;2;1;1;5
202100005100;192 657;1;0;1;0;5;5
202100005101;192 655;10;0;2;2;22;1
202100005101;192 656;1;0;2;0;1;5
202100005102;192 653;34;0;2;2;1;1
202100005102;192 654;10;0;2;3;9;1
202100005103;192 652;7;0;1;2;15;1
202100005104;192 650;32;0;2;1;1;1
202100005104;192 651;50;0;2;0;1;3
202100005105;192 648;7;0;2;2;15;1
202100005105;192 649;30;0;2;1;1;1
202100005106;192 647;7;0;1;2;1;2
202100005107;192 645;7;0;2;4;23;1
202100005107;192 646;7;0;2;1;1;1
202100005108;192 643;1;0;2;1;1;5
202100005108;192 644;7;0;9;1;15;1
202100005109;192 641;31;0;2;7;1;1
202100005109;192 642;7;0;2;3;2;1
202100005110;192 640;1;8;1;1;1;5
202100005111;192 639;7;1;0;0;1;1
202100005112;192 636;33;0;0;1;1;1
202100005112;192 637;7;8;2;1;15;1
202100005113;192 635;7;0;1;3;1;1
202100005114;192 634;10;0;1;1;9;1
202100005115;192 632;7;0;2;8;9;0
202100005115;192 633;50;0;2;1;19;3
202100005116;192 631;7;0;1;1;16;1
202100005117;192 629;10;0;2;3;26;1
202100005117;192 630;7;0;2;1;13;1
202100005118;192 628;34;0;2;7;16;1
202100005119;192 627;7;0;1;3;19;2
202100005120;192 626;7;0;9;3;13;1
202100005121;192 624;7;0;2;5;15;1
202100005121;192 625;33;0;2;0;17;1
202100005122;192 623;7;0;1;1;16;2
202100005123;192 622;37;0;1;2;26;2
202100005124;192 620;50;1;2;1;2;3
202100005124;192 621;7;0;2;0;0;0
202100005125;192 618;7;0;2;1;1;3
202100005125;192 619;60;0;2;8;19;5
202100005126;192 616;7;1;2;3;15;3
202100005126;192 617;30;1;2;7;26;1
202100005127;192 615;14;9;1;2;20;1
202100005128;192 613;0;0;2;0;0;
202100005128;192 614;32;1;0;1;2;1
202100005129;192 609;1;1;0;1;1;5
202100005129;192 610;7;0;2;7;24;1
202100005130;192 607;3;0;9;8;24;1
202100005130;192 608;1;1;0;1;1;5
202100005131;192 605;7;0;2;3;1;1
202100005131;192 606;2;0;2;0;0;1
202100005132;192 604;3;0;1;2;16;1
202100005133;192 601;15;0;2;4;2;0
202100005133;192 602;7;0;2;1;2;1
202100005134;192 599;7;0;2;1;1;3
202100005134;192 600;7;0;2;7;1;1
202100005135;192 598;7;0;1;3;1;1
202100005136;192 596;7;0;2;6;4;1
202100005136;192 597;33;0;2;1;17;1
202100005137;192 595;7;0;1;2;2;1
202100005138;192 594;7;2;0;1;13;1
202100005139;192 591;7;0;2;1;2;1
202100005139;192 592;7;0;2;4;1;1
202100005139;192 593;10;0;2;4;1;1
202100005140;192 589;15;0;0;4;0;0
202100005140;192 590;7;3;2;1;17;1
202100005141;192 587;33;0;2;1;2;1
202100005141;192 588;7;0;2;4;2;1
202100005142;192 585;7;0;2;3;1;1
202100005142;192 586;7;0;2;2;15;1
202100005143;192 584;7;0;1;1;1;1
202100005144;192 582;10;0;2;3;16;1
202100005144;192 583;2;0;2;3;17;1
202100005145;192 577;33;0;2;1;18;1
202100005145;192 578;7;0;2;5;1;1
202100005145;192 579;7;3;2;1;1;1
202100005146;192 575;7;0;2;1;1;2
202100005146;192 576;7;0;2;1;13;3
202100005147;192 572;7;0;2;1;1;1
202100005147;192 573;7;0;2;1;2;1
202100005147;192 574;7;0;2;7;15;1
202100005148;192 570;7;0;2;6;10;1
202100005148;192 571;33;0;2;1;2;1
202100005149;192 569;7;0;1;2;1;1
202100005150;192 568;7;7;0;1;13;1
202100005151;192 567;7;13;0;1;1;1
202100005152;192 566;7;0;0;1;0;1
202100005153;192 564;7;0;0;6;23;1
202100005153;192 565;7;1;1;5;2;1
202100005154;192 563;7;3;0;1;26;1
202100005155;192 561;2;0;2;1;2;1
202100005155;192 562;10;0;0;5;2;1
202100005156;192 560;10;0;1;2;1;1
202100005157;192 558;7;0;2;7;0;1
202100005157;192 559;2;0;2;7;17;1
202100005158;192 557;10;0;1;3;1;1
202100005159;192 555;2;0;2;1;1;1
202100005159;192 556;10;0;2;2;15;1
202100005160;192 553;99;0;2;1;1;1
202100005160;192 554;7;0;2;2;1;1
202100005161;192 551;10;0;2;3;13;1
202100005161;192 552;7;0;2;3;13;1
202100005162;192 549;7;13;0;8;15;1
202100005163;192 548;7;11;0;1;26;1
202100005164;192 547;15;6;0;3;1;1
202100005165;192 545;10;0;2;1;2;1
202100005165;192 546;17;0;2;4;2;1
202100005166;192 543;7;0;2;1;2;1
202100005166;192 544;7;0;0;4;2;2
202100005167;192 542;7;0;1;1;1;1
202100005168;192 541;0;0;1;7;1;0
202100005169;192 538;7;0;2;3;2;1
202100005169;192 539;7;0;2;1;2;1
202100005169;192 540;17;0;0;4;2;1
202100005170;192 537;7;0;1;1;1;1
202100005171;192 535;17;0;2;1;1;1
202100005171;192 536;7;0;2;1;1;1
202100005172;192 533;10;0;2;1;19;1
202100005172;192 534;7;0;0;7;1;1
202100005173;192 532;7;13;0;1;21;1
202100005174;192 531;0;0;1;0;2;0
202100005175;192 530;7;10;0;1;14;1
202100005176;192 528;7;0;0;6;9;1
202100005176;192 529;31;0;2;1;1;1
202100005177;192 527;7;6;0;1;1;1
202100005178;192 525;7;0;2;3;13;1
202100005178;192 526;7;0;2;3;1;1
202100005179;192 524;7;2;0;1;1;1
202100005180;192 523;7;0;1;2;1;1
202100005181;192 520;7;0;2;3;13;1
202100005181;192 521;7;0;2;3;1;1
202100005181;192 522;7;0;2;8;1;1
202100005182;192 517;7;0;2;8;1;1
202100005182;192 518;7;0;2;8;1;1
202100005182;192 519;10;0;2;1;1;1
202100005183;192 514;7;0;2;4;0;1
202100005183;192 515;7;0;2;4;0;1
202100005183;192 516;10;0;2;1;0;1
202100005184;192 511;7;0;2;4;2;1
202100005184;192 512;7;0;2;4;2;1
202100005184;192 513;7;0;2;1;2;1
202100005185;192 508;7;0;2;4;1;1
202100005185;192 509;7;0;2;1;1;1
202100005185;192 510;13;0;2;1;2;1
202100005186;192 506;7;0;2;1;2;1
202100005186;192 507;7;0;2;4;2;1
202100005187;192 504;7;0;2;4;2;1
202100005187;192 505;10;0;2;1;2;1
202100005188;192 503;7;4;0;8;12;1
202100005189;192 502;7;2;0;1;0;1
202100005190;192 500;17;1;0;2;1;1
202100005190;192 501;7;1;2;8;24;1
202100005191;192 498;7;0;2;1;1;1
202100005191;192 499;7;0;2;7;15;2
202100005192;192 496;7;0;2;1;2;1
202100005192;192 497;7;0;2;4;2;1
202100005193;192 494;7;0;2;4;2;1
202100005193;192 495;7;0;2;0;2;1
202100005194;192 492;14;0;2;2;1;1
202100005194;192 493;7;0;2;8;11;1
202100005195;192 489;7;0;2;4;2;1
202100005195;192 490;7;0;2;1;2;2
202100005195;192 491;10;0;2;1;2;1
202100005196;192 486;7;0;2;4;2;1
202100005196;192 487;13;0;2;0;2;1
202100005196;192 488;7;0;2;0;2;1
202100005197;192 483;7;0;2;4;2;1
202100005197;192 484;7;0;2;4;2;1
202100005197;192 485;7;0;2;1;2;1
202100005198;192 481;33;0;2;1;3;1
202100005198;192 482;7;0;2;2;11;1
202100005199;192 479;7;0;2;5;23;1
202100005199;192 480;7;14;2;3;26;1
202100005200;192 477;7;4;2;7;3;1
202100005200;192 478;7;0;2;6;11;1
202100005201;192 474;10;0;2;6;1;1
202100005201;192 475;7;0;2;2;14;1
202100005201;192 476;32;0;2;1;3;1
202100005202;192 472;7;0;2;1;1;1
202100005202;192 473;7;0;2;4;1;1
202100005203;192 471;7;0;0;4;26;1
202100005204;192 469;7;1;0;3;26;1
202100005204;192 470;7;0;2;1;1;1
202100005205;192 468;7;0;1;2;2;1
202100005206;192 467;37;0;1;3;26;2
202100005207;192 466;7;0;1;2;1;1
202100005208;192 465;7;0;1;3;15;1
202100005209;192 464;7;0;1;0;0;1
202100005210;192 463;30;0;0;3;15;1