Num_Acc;id_vehicule;categorie_vehicule;obstacle_fixe;obstacle_mobile;point_choc_initial;manoeuvre_principale;motorisation
202100005617;191 750;7;0;2;2;1;1
202100005617;191 751;7;0;2;8;2;1
202100005617;191 752;7;0;2;4;1;1
202100005617;191 753;7;0;9;6;1;1
202100005617;191 754;10;0;2;7;11;1
202100005617;191 755;7;0;2;1;2;2
202100005617;191 756;7;0;2;4;2;1
202100005618;191 748;7;5;0;1;0;1
202100005619;191 746;7;0;2;4;1;1
202100005619;191 747;33;0;2;1;3;1
202100005620;191 743;10;0;2;1;2;1
202100005620;191 744;7;0;2;4;2;1
202100005620;191 745;7;0;2;4;2;1
202100005621;191 741;7;0;2;5;11;0
202100005621;191 742;43;0;2;3;3;1
202100005622;191 740;31;0;0;0;3;1
202100005623;191 737;7;0;2;4;2;1
202100005623;191 738;7;0;2;4;2;1
202100005623;191 739;7;0;2;1;1;1
202100005624;191 735;7;0;2;2;1;1
202100005624;191 736;2;0;2;3;6;0
202100005625;191 733;31;0;2;1;2;1
202100005625;191 734;7;0;0;6;11;2
202100005626;191 729;32;0;2;2;3;1
202100005626;191 730;10;0;2;4;1;1
202100005626;191 731;10;0;2;4;11;1
202100005626;191 732;7;0;2;4;1;1
202100005627;191 727;7;0;2;1;11;1
202100005627;191 728;33;0;2;1;3;1
202100005628;191 724;7;0;2;1;1;3
202100005628;191 725;7;0;2;4;1;1
202100005628;191 726;7;0;2;4;2;1
202100005629;191 723;33;0;0;0;21;1
202100005630;191 721;7;0;2;5;1;1
202100005630;191 722;10;0;2;3;9;1
202100005631;191 720;7;0;1;1;16;1
202100005632;191 719;50;0;0;0;5;3
202100005633;191 718;32;0;0;8;3;1
202100005634;191 717;50;14;0;1;13;3
202100005635;191 715;10;0;2;7;16;1
202100005635;191 716;1;0;2;3;18;5
202100005636;191 714;50;0;0;0;21;3
202100005637;191 713;30;0;1;1;1;1
202100005638;191 711;33;0;2;2;1;1
202100005638;191 712;1;0;2;3;9;5
202100005639;191 710;1;0;1;2;1;5
202100005640;191 708;7;0;2;2;16;1
202100005640;191 709;80;0;2;3;1;3
202100005641;191 706;30;0;2;1;1;1
202100005641;191 707;7;0;2;7;9;2
202100005642;191 704;1;0;2;8;19;5
202100005642;191 705;30;0;2;1;1;1
202100005643;191 702;30;0;2;8;1;1
202100005643;191 703;7;0;2;5;12;1
202100005644;191 700;80;0;2;1;1;3
202100005644;191 701;7;0;2;5;15;1
202100005645;191 698;7;0;2;8;1;1
202100005645;191 699;7;0;2;1;5;1
202100005646;191 696;80;0;2;8;19;3
202100005646;191 697;7;0;2;2;16;1
202100005647;191 694;50;0;2;1;1;3
202100005647;191 695;10;0;2;3;1;1
202100005648;191 692;1;0;2;8;19;5
202100005648;191 693;30;0;2;1;7;1
202100005649;191 690;30;0;2;2;17;1
202100005649;191 691;7;0;2;3;15;1
202100005650;191 689;7;1;1;3;18;1
202100005651;191 687;1;0;2;0;1;5
202100005651;191 688;32;0;2;3;1;1
202100005652;191 686;7;14;0;9;1;1
202100005653;191 685;30;0;1;1;5;1
202100005654;191 684;7;1;0;1;1;1
202100005655;191 682;37;0;2;3;2;1
202100005655;191 683;37;0;2;5;0;1
202100005656;191 680;7;0;2;6;11;1
202100005656;191 681;33;0;2;0;0;1
202100005657;191 679;7;0;1;3;15;1
202100005658;191 677;2;0;2;4;1;1
202100005658;191 678;7;0;2;2;17;1
202100005659;191 676;7;0;1;2;16;1
202100005660;191 675;7;1;2;2;2;1
202100005661;191 674;15;0;1;1;1;1
202100005662;191 673;33;16;0;8;15;1
202100005663;191 672;30;0;1;1;19;1
202100005664;191 671;99;0;1;8;1;6
202100005665;191 669;33;0;2;0;3;1
202100005665;191 670;7;0;0;0;14;1
202100005666;191 668;10;3;2;1;14;1
202100005667;191 666;7;0;2;8;1;1
202100005667;191 667;7;0;2;3;15;1
202100005668;191 665;7;0;1;3;15;1
202100005669;191 663;7;0;2;1;1;0
202100005669;191 664;99;0;2;7;19;0
202100005670;191 662;7;0;1;1;1;1
202100005671;191 660;7;0;0;4;24;1
202100005671;191 661;7;1;0;1;3;1
202100005672;191 659;7;2;0;1;0;1
202100005673;191 658;7;9;1;1;1;2
202100005674;191 656;34;0;2;7;1;1
202100005674;191 657;7;0;2;1;1;1
202100005675;191 653;7;0;9;4;2;1
202100005675;191 654;7;0;2;1;1;1
202100005675;191 655;15;0;2;1;1;1
202100005676;191 652;7;0;1;2;1;1
202100005677;191 650;7;0;2;1;13;1
202100005677;191 651;7;0;2;1;1;1
202100005678;191 648;7;0;2;3;2;0
202100005678;191 649;33;0;2;6;1;1
202100005679;191 646;7;0;2;2;1;1
202100005679;191 647;7;0;2;1;19;1
202100005680;191 645;10;0;1;5;4;1
202100005681;191 643;7;0;1;2;1;1
202100005681;191 644;7;0;2;3;1;1
202100005682;191 642;7;13;0;3;13;1
202100005683;191 639;7;0;2;2;5;0
202100005683;191 640;7;0;2;1;1;1
202100005683;191 641;7;0;2;8;1;1
202100005684;191 637;10;0;2;2;1;1
202100005684;191 638;1;0;0;4;1;5
202100005685;191 635;7;0;2;2;13;1
202100005685;191 636;7;0;2;3;1;1
202100005686;191 634;7;0;1;1;1;1
202100005687;191 632;7;13;0;0;1;1
202100005688;191 630;7;0;2;3;13;1
202100005688;191 631;15;0;2;3;1;1
202100005689;191 628;7;13;2;3;11;1
202100005689;191 629;7;0;2;3;1;1
202100005690;191 627;7;0;1;3;1;1
202100005691;191 626;34;6;0;7;1;1
202100005692;191 624;7;0;2;6;1;1
202100005692;191 625;1;0;2;2;15;5
202100005693;191 623;2;13;0;1;1;1
202100005694;191 621;7;0;2;3;1;1
202100005694;191 622;10;0;0;8;15;1
202100005695;191 619;15;0;2;3;1;1
202100005695;191 620;7;0;2;3;13;1
202100005696;191 618;7;0;1;3;1;1
202100005697;191 617;7;2;0;1;0;1
202100005698;191 616;37;6;0;1;1;1
202100005699;191 614;30;0;0;4;15;1
202100005699;191 615;31;0;9;1;2;1
202100005700;191 612;15;0;0;4;24;1
202100005700;191 613;7;1;0;1;1;2
202100005701;191 611;7;0;1;3;1;1
202100005702;191 609;7;0;2;1;15;1
202100005702;191 610;2;0;2;4;2;1
202100005703;191 607;10;6;0;2;24;1
202100005703;191 608;10;1;0;2;14;1
202100005704;191 606;7;4;0;1;1;1
202100005705;191 605;10;0;1;1;16;1
202100005706;191 603;7;0;2;3;0;1
202100005706;191 604;7;0;2;3;0;1
202100005707;191 602;7;0;1;8;1;1
202100005708;191 600;7;0;2;6;2;1
202100005708;191 601;7;0;2;0;0;1
202100005709;191 599;7;0;1;1;1;1
202100005710;191 598;7;0;1;2;2;1
202100005711;191 597;7;0;1;1;1;1
202100005712;191 596;7;0;1;5;1;1
202100005713;191 594;7;0;2;4;1;1
202100005713;191 595;13;0;2;1;2;0
202100005714;191 592;10;0;2;1;1;1
202100005714;191 593;7;0;2;4;1;2
202100005715;191 590;14;0;2;4;2;1
202100005715;191 591;17;0;2;1;1;1
202100005716;191 589;10;4;0;1;13;1
202100005717;191 587;7;0;2;4;26;1
202100005717;191 588;33;0;2;1;3;1
202100005718;191 584;7;0;2;1;2;1
202100005718;191 585;7;0;2;4;2;1
202100005718;191 586;7;0;2;4;23;1
202100005719;191 578;10;0;2;1;2;1
202100005719;191 579;10;0;2;4;2;1
202100005719;191 580;7;0;2;4;2;1
202100005719;191 581;15;0;2;4;0;1
202100005719;191 582;7;0;2;5;2;1
202100005719;191 583;7;0;2;5;2;1
202100005720;191 577;7;3;0;3;11;1
202100005721;191 575;7;0;2;6;2;1
202100005721;191 576;31;0;2;2;1;1
202100005722;191 573;15;0;2;2;1;1
202100005722;191 574;7;0;2;2;9;1
202100005723;191 571;7;0;2;4;2;1
202100005723;191 572;7;0;2;1;1;1
202100005724;191 569;33;0;2;3;3;1
202100005724;191 570;7;0;2;5;12;1
202100005725;191 566;7;0;2;0;1;1
202100005725;191 567;7;0;2;4;1;1
202100005725;191 568;7;0;2;4;1;1
202100005726;191 565;7;3;0;1;21;1
202100005727;191 563;7;0;2;8;0;1
202100005727;191 564;33;0;2;7;3;1
202100005728;191 561;33;0;2;8;3;1
202100005728;191 562;10;0;0;2;1;1
202100005729;191 558;15;0;2;2;12;1
202100005729;191 559;37;0;2;3;1;1
202100005729;191 560;7;4;2;8;1;1
202100005730;191 555;31;0;2;8;2;1
202100005730;191 556;15;0;2;3;2;1
202100005730;191 557;7;0;2;3;2;1
202100005731;191 554;7;3;0;1;16;2
202100005732;191 552;7;0;2;1;1;1
202100005732;191 553;7;3;0;1;1;1
202100005733;191 549;7;0;2;1;2;1
202100005733;191 550;7;0;2;4;2;1
202100005733;191 551;7;0;2;3;2;1
202100005734;191 547;15;0;0;6;1;1
202100005734;191 548;7;5;2;2;12;1
202100005735;191 546;7;0;1;2;1;1
202100005736;191 544;7;0;2;3;9;1
202100005736;191 545;30;0;2;6;1;1
202100005737;191 543;7;0;1;2;1;1
202100005738;191 541;7;0;2;5;15;1
202100005738;191 542;31;0;2;1;18;1
202100005739;191 540;7;8;0;1;26;1
202100005740;191 538;7;1;2;2;14;1
202100005740;191 539;7;0;2;6;0;1
202100005741;191 537;30;14;0;0;26;0
202100005742;191 534;7;0;2;1;1;1
202100005742;191 535;7;0;2;1;2;1
202100005742;191 536;7;0;2;4;23;1
202100005743;191 532;7;0;2;2;21;1
202100005743;191 533;7;0;2;5;15;1
202100005744;191 531;7;0;1;1;1;1
202100005745;191 528;7;0;2;5;26;1
202100005745;191 529;7;0;2;0;1;1
202100005745;191 530;7;0;2;3;1;1
202100005746;191 526;7;2;0;1;14;1
202100005747;191 524;7;0;2;0;15;1
202100005747;191 525;7;0;2;3;1;1
202100005748;191 523;7;6;0;1;2;2
202100005749;191 520;7;0;2;8;1;1
202100005749;191 521;7;0;2;7;1;1
202100005749;191 522;10;0;2;1;15;1
202100005750;191 518;7;0;2;1;5;2
202100005750;191 519;7;0;2;1;1;1
202100005751;191 517;7;0;1;2;16;1
202100005752;191 516;7;0;1;1;1;6
202100005753;191 514;7;0;9;8;1;1
202100005753;191 515;50;0;2;1;1;3
202100005754;191 512;7;0;2;3;16;1
202100005754;191 513;7;0;2;2;1;1
202100005755;191 510;7;0;2;2;15;1
202100005755;191 511;7;0;2;7;1;1
202100005756;191 508;7;0;2;9;1;2
202100005756;191 509;7;9;2;2;13;1
202100005757;191 506;7;0;2;1;14;1
202100005757;191 507;7;0;2;8;1;1
202100005758;191 504;7;4;0;5;26;1
202100005758;191 505;7;0;0;0;0;0
202100005759;191 502;7;0;2;3;13;1
202100005759;191 503;7;0;2;3;1;1
202100005760;191 501;7;1;0;8;1;1
202100005761;191 500;7;13;0;3;13;1
202100005762;191 499;7;0;1;1;1;1
202100005763;191 497;7;0;2;4;4;0
202100005763;191 498;30;0;2;1;1;1
202100005764;191 495;32;0;2;7;1;1
202100005764;191 496;7;0;2;3;10;1
202100005765;191 491;7;0;2;1;1;1
202100005765;191 492;7;0;2;1;1;1
202100005765;191 493;7;0;2;1;0;1
202100005765;191 494;7;0;2;1;5;1
202100005766;191 487;2;0;2;1;17;1
202100005766;191 488;7;0;2;0;0;0
202100005767;191 483;7;0;2;8;1;1
202100005767;191 484;7;0;2;3;13;1
202100005767;191 485;7;0;2;8;1;1
202100005767;191 486;7;0;2;1;0;1
202100005768;191 482;33;6;0;0;1;1
202100005769;191 481;2;0;1;1;17;1
202100005770;191 479;2;0;2;0;0;1
202100005770;191 480;7;0;2;0;0;1
202100005771;191 477;33;0;2;8;1;0
202100005771;191 478;33;0;2;7;9;1
202100005772;191 475;7;0;2;1;2;1
202100005772;191 476;7;0;2;4;2;1
202100005773;191 474;10;0;1;2;1;1
202100005774;191 473;30;0;0;9;21;1
202100005775;191 471;10;0;2;3;1;1
202100005775;191 472;7;0;2;3;13;1
202100005776;191 470;7;0;1;7;1;1
202100005777;191 469;43;12;0;2;14;1
202100005778;191 468;50;1;0;4;2;3
202100005779;191 466;7;0;0;0;10;0
202100005779;191 467;30;0;0;0;21;1
202100005780;191 464;32;0;2;2;1;1
202100005780;191 465;7;0;2;3;15;1
202100005781;191 462;30;0;2;0;1;1
202100005781;191 463;7;0;2;0;1;3
202100005782;191 460;7;0;2;8;10;1
202100005782;191 461;32;0;2;2;1;1
202100005783;191 458;33;0;0;3;3;1
202100005783;191 459;13;0;0;5;12;1
202100005784;191 455;7;0;2;4;26;1
202100005784;191 456;7;0;2;0;26;1
202100005784;191 457;7;0;2;1;26;1
202100005785;191 450;7;0;2;1;2;1
202100005785;191 451;7;0;2;9;1;1
202100005785;191 452;7;0;2;1;2;0
202100005785;191 453;7;0;2;6;2;2
202100005785;191 454;10;0;2;1;13;0
202100005786;191 448;7;0;0;6;0;1
202100005786;191 449;99;0;2;0;26;0
202100005787;191 447;10;2;0;8;1;1
202100005788;191 445;7;0;2;1;1;0
202100005788;191 446;43;0;2;3;1;0
202100005789;191 444;15;0;0;0;0;1
202100005790;191 443;7;2;0;1;2;1
202100005791;191 440;10;0;2;1;1;1
202100005791;191 441;2;0;2;8;1;1
202100005791;191 442;2;0;2;6;2;1
202100005792;191 438;7;0;2;1;1;1
202100005792;191 439;7;0;2;5;1;1
202100005793;191 437;7;6;0;1;0;1
202100005794;191 435;33;0;2;4;1;1
202100005794;191 436;7;0;2;2;1;1
202100005795;191 432;10;0;2;1;17;1
202100005795;191 433;7;0;2;1;1;1
202100005795;191 434;7;0;2;1;1;1
202100005796;191 431;7;3;0;2;9;1
202100005797;191 429;7;0;2;1;17;1
202100005797;191 430;15;0;0;4;11;6
202100005798;191 428;7;0;0;0;0;1
202100005799;191 427;7;2;0;2;1;1
202100005800;191 425;7;0;2;1;1;1
202100005800;191 426;7;0;2;2;1;1
202100005801;191 423;7;0;2;3;13;1
202100005801;191 424;7;0;2;3;1;1
202100005802;191 421;7;0;2;3;1;1
202100005802;191 422;7;0;2;3;13;1
202100005803;191 419;7;0;9;3;15;1
202100005803;191 420;1;0;2;1;1;5
202100005804;191 418;7;15;0;9;0;1
202100005805;191 416;7;0;2;1;1;1
202100005805;191 417;7;0;2;7;1;1
202100005806;191 414;7;0;2;1;1;1
202100005806;191 415;7;0;2;3;1;0
202100005807;191 411;7;0;2;1;1;1
202100005807;191 412;17;0;2;1;1;1
202100005807;191 413;7;0;2;1;13;1
202100005808;191 410;7;12;1;5;1;1
202100005809;191 409;7;0;1;2;1;1
202100005810;191 406;7;0;0;4;15;1
202100005810;191 407;7;0;2;4;1;1
202100005810;191 408;10;0;2;1;1;1
202100005811;191 405;7;2;0;3;1;1
202100005812;191 404;7;1;1;2;19;1
202100005813;191 403;7;0;0;0;17;1
202100005814;191 401;2;1;0;0;1;1
202100005815;191 399;7;0;2;8;15;1
202100005815;191 400;7;0;2;3;17;1
202100005816;191 397;7;0;2;3;1;1
202100005816;191 398;7;0;2;1;1;1
202100005817;191 395;2;0;2;8;1;1
202100005817;191 396;2;0;2;7;1;1
202100005818;191 393;3;0;0;3;15;1
202100005818;191 394;7;0;2;1;1;1
202100005819;191 391;7;0;2;1;13;1
202100005819;191 392;7;0;2;1;1;1
202100005820;191 390;7;6;0;1;0;1
202100005821;191 387;7;0;2;7;11;1
202100005821;191 388;33;0;2;1;1;1
202100005821;191 389;7;0;2;3;23;1
202100005822;191 385;17;0;0;4;2;1
202100005822;191 386;7;0;2;1;2;1
202100005823;191 383;7;0;2;2;17;1
202100005823;191 384;2;0;2;1;16;1
202100005824;191 381;7;0;2;1;15;1
202100005824;191 382;7;6;2;8;1;1
202100005825;191 380;7;2;0;1;14;1
202100005826;191 378;10;0;2;3;13;1
202100005826;191 379;7;0;2;3;15;3
202100005827;191 377;7;6;0;2;14;1
202100005828;191 376;7;2;0;8;21;1
202100005829;191 374;7;0;2;1;17;1
202100005829;191 375;7;0;2;1;1;1
202100005830;191 372;7;0;2;2;13;1
202100005830;191 373;7;0;2;1;1;1
202100005831;191 371;7;1;1;1;1;1
202100005832;191 369;7;0;0;1;1;0
202100005832;191 370;7;7;2;2;1;1
202100005833;191 368;99;0;0;0;0;1
202100005834;191 366;7;0;2;1;1;1
202100005834;191 367;7;0;2;3;1;1
202100005835;191 365;7;8;0;1;1;1
202100005836;191 360;7;0;2;1;2;1
202100005836;191 361;7;0;2;4;2;1
202100005837;191 358;7;0;2;6;1;2
202100005837;191 359;7;0;2;2;2;1
202100005838;191 357;7;2;0;9;0;1
202100005839;191 355;7;0;2;1;2;1
202100005839;191 356;7;0;2;4;2;1
202100005840;191 353;7;0;2;4;0;1
202100005840;191 354;7;4;2;2;2;1
202100005841;191 349;7;0;2;1;2;1
202100005841;191 350;7;0;2;5;2;2
202100005841;191 351;7;0;2;4;2;1
202100005841;191 352;7;0;2;1;2;1
202100005842;191 347;7;0;2;4;2;1
202100005842;191 348;7;0;2;3;2;1
202100005843;191 346;33;3;0;2;1;1
202100005844;191 345;7;13;0;2;1;1
202100005845;191 344;7;4;0;1;1;1
202100005846;191 343;7;4;0;3;1;1
202100005847;191 333;7;0;2;0;0;1
202100005847;191 334;7;0;2;0;0;1
202100005847;191 335;7;0;2;1;0;1
202100005847;191 336;7;0;2;4;2;1
202100005847;191 337;7;0;2;0;0;1
202100005847;191 338;7;0;2;0;0;1
202100005847;191 339;7;0;2;0;0;1
202100005847;191 340;7;0;2;0;0;1
202100005847;191 341;7;0;2;0;0;1
202100005847;191 342;10;0;2;0;0;1
202100005848;191 331;7;0;2;1;1;1
202100005848;191 332;7;3;0;4;1;1
202100005849;191 329;17;0;2;6;1;1
202100005849;191 330;7;0;2;2;1;1
202100005850;191 328;7;4;0;1;1;1
202100005851;191 327;7;4;0;1;13;1
202100005852;191 326;7;3;0;1;2;1
202100005853;191 325;7;4;0;1;1;1
202100005854;191 324;7;0;2;3;1;1
202100005855;191 323;7;0;0;3;1;1
202100005856;191 322;7;4;0;1;26;1
202100005857;191 321;7;0;2;1;0;1
202100005858;191 319;7;0;2;4;2;1
202100005858;191 320;7;0;2;1;1;1
202100005859;191 317;7;0;2;1;2;1
202100005859;191 318;33;0;2;4;2;1
202100005860;191 314;7;0;2;3;1;1
202100005860;191 315;50;12;2;3;17;3
202100005861;191 313;7;0;1;3;1;1
202100005862;191 312;7;0;1;1;1;1
202100005863;191 311;7;2;0;2;14;1
202100005864;191 309;31;0;2;1;1;1
202100005864;191 310;30;0;2;8;15;1
202100005865;191 307;32;0;2;7;17;1
202100005865;191 308;7;0;2;1;19;1
202100005866;191 305;7;0;2;1;6;1
202100005866;191 306;7;0;2;2;1;1
202100005867;191 303;7;0;2;6;11;1
202100005867;191 304;33;0;2;1;1;1
202100005868;191 301;7;0;2;3;15;1
202100005868;191 302;2;0;2;1;1;1
202100005869;191 299;2;0;2;1;1;1
202100005869;191 300;7;0;2;7;1;1
202100005870;191 297;2;0;2;1;17;0
202100005870;191 298;7;0;2;3;15;2
202100005871;191 295;7;0;2;1;15;1
202100005871;191 296;7;0;2;1;1;1
202100005872;191 294;7;3;0;7;0;1
202100005873;191 293;7;0;1;3;1;1
202100005874;191 291;7;0;2;3;1;1
202100005874;191 292;33;7;2;4;23;1
202100005875;191 289;50;0;2;8;19;3
202100005875;191 290;10;0;2;2;17;1
202100005876;191 288;33;3;0;3;14;1
202100005877;191 287;7;8;0;1;1;1
202100005878;191 286;7;2;0;1;1;1
202100005879;191 281;43;0;2;1;17;1
202100005879;191 282;33;0;2;1;1;1
202100005879;191 283;14;0;2;8;1;1
202100005879;191 284;7;0;2;3;1;1
202100005879;191 285;7;0;2;8;1;1
202100005880;191 278;7;0;0;4;23;2
202100005880;191 279;7;0;2;4;23;1
202100005880;191 280;7;0;2;1;1;1
202100005881;191 277;10;0;1;1;16;1
202100005882;191 276;32;0;1;2;1;1
202100005883;191 274;7;0;2;2;1;1
202100005883;191 275;7;0;2;4;1;1
202100005884;191 272;30;0;2;2;1;1
202100005884;191 273;7;0;2;6;16;1
202100005885;191 270;43;0;2;1;1;1
202100005885;191 271;7;0;2;0;15;1
202100005886;191 268;37;0;1;7;1;1
202100005886;191 269;1;0;2;1;9;0
202100005887;191 267;10;0;1;1;1;1
202100005888;191 266;32;0;0;7;1;1
202100005889;191 265;7;0;2;1;2;1
202100005890;191 264;7;1;1;1;13;1
202100005891;191 260;7;0;1;1;9;1
202100005892;191 258;30;0;2;1;26;1
202100005892;191 259;7;0;2;8;1;1
202100005893;191 257;30;0;1;1;17;1
202100005894;191 255;32;0;2;1;1;1
202100005894;191 256;7;0;2;3;15;1
202100005895;191 254;7;0;1;1;9;1
202100005896;191 251;17;0;1;7;1;1
202100005897;191 249;1;0;2;1;5;0
202100005897;191 250;1;0;2;1;5;0
202100005898;191 246;7;0;1;1;1;1
202100005899;191 244;7;0;2;1;9;1
202100005899;191 245;1;0;2;5;16;5
202100005900;191 242;30;0;2;1;1;1
202100005900;191 243;7;0;2;8;9;1
202100005901;191 240;30;0;2;1;5;1
202100005901;191 241;7;0;2;3;1;1
202100005902;191 239;31;0;1;7;1;1
202100005903;191 238;40;0;1;0;1;0
202100005904;191 234;7;0;2;1;2;1
202100005904;191 235;7;0;2;4;2;1
202100005905;191 233;7;0;1;1;1;1
202100005906;191 232;7;0;1;2;1;1
202100005907;191 230;7;0;2;1;2;1
202100005907;191 231;10;0;2;4;2;1
202100005908;191 228;7;0;2;1;1;1
202100005908;191 229;10;0;2;8;1;1
202100005909;191 227;7;0;1;1;1;1
202100005910;191 225;7;0;2;2;15;2
202100005910;191 226;7;0;2;1;1;1
202100005911;191 223;1;0;2;7;2;5
202100005911;191 224;7;0;2;1;9;1
202100005912;191 222;7;0;1;3;15;2
202100005913;191 220;30;0;2;1;2;3
202100005913;191 221;7;0;2;4;1;1
202100005914;191 218;1;0;2;1;1;5
202100005914;191 219;7;0;2;5;1;1
202100005915;191 217;7;0;1;1;1;1
202100005916;191 215;7;0;9;2;15;1
202100005916;191 216;1;0;2;1;1;5
202100005917;191 213;7;0;2;1;1;1
202100005917;191 214;50;0;2;1;5;3
202100005918;191 211;30;3;2;1;18;1
202100005918;191 212;7;1;0;5;2;1
202100005919;191 210;7;0;1;3;9;1
202100005920;191 208;7;0;2;1;1;1
202100005920;191 209;7;0;0;0;0;0
202100005921;191 207;7;0;1;1;1;1
202100005922;191 205;33;0;2;1;1;1
202100005922;191 206;7;0;2;4;20;1
202100005923;191 204;10;0;1;0;0;0
202100005924;191 202;80;0;2;3;16;3
202100005924;191 203;7;0;2;8;1;1
202100005925;191 200;7;0;2;8;22;1
202100005925;191 201;1;1;0;1;1;5
202100005926;191 198;7;0;1;7;1;1
202100005926;191 199;60;0;2;0;0;5
202100005927;191 197;7;0;1;1;1;1
202100005928;191 196;7;0;1;1;1;1
202100005929;191 195;1;14;0;1;13;5
202100005930;191 193;7;0;2;4;23;1
202100005930;191 194;10;0;2;1;2;1
202100005931;191 191;7;0;2;1;1;1
202100005931;191 192;7;0;2;2;1;1
202100005932;191 189;2;0;2;8;1;1
202100005932;191 190;7;0;9;2;1;1
202100005933;191 188;7;0;1;3;15;1
202100005934;191 186;2;0;2;1;1;1
202100005934;191 187;7;0;9;8;15;1
202100005935;191 184;1;0;2;1;26;5
202100005935;191 185;7;0;9;7;1;1
202100005936;191 183;7;6;0;2;1;1
202100005937;191 181;7;0;2;1;13;1
202100005937;191 182;7;0;2;1;1;1
202100005938;191 179;7;0;2;3;1;1
202100005938;191 180;7;0;2;2;1;1
202100005939;191 178;7;0;1;1;1;1
202100005940;191 176;7;0;2;6;15;1
202100005940;191 177;32;0;2;1;17;1
202100005941;191 174;7;0;2;4;2;1
202100005941;191 175;7;0;2;1;2;1
202100005942;191 173;10;0;1;6;4;1
202100005943;191 171;10;0;2;1;7;1
202100005943;191 172;7;0;2;7;1;1
202100005944;191 169;7;0;2;2;1;1
202100005944;191 170;7;0;2;2;0;1
202100005945;191 167;7;0;2;1;1;1
202100005945;191 168;7;0;2;1;13;1
202100005946;191 166;30;0;0;7;16;3
202100005947;191 165;30;0;0;7;9;1
202100005948;191 163;7;0;2;4;9;1
202100005948;191 164;7;0;2;9;1;1
202100005949;191 161;1;0;2;1;1;5
202100005949;191 162;7;0;2;7;16;2
202100005950;191 157;7;0;2;1;0;1
202100005950;191 158;7;0;2;4;1;1
202100005950;191 159;7;0;2;7;1;1
202100005950;191 160;7;0;2;4;1;1
202100005951;191 156;7;0;1;1;2;1
202100005952;191 155;7;0;1;1;25;1
202100005953;191 154;7;0;0;9;0;1
202100005954;191 152;1;0;2;0;0;5
202100005954;191 153;7;0;2;0;0;0
202100005955;191 151;7;0;1;1;1;1
202100005956;191 149;7;0;2;1;1;0
202100005956;191 150;50;0;2;4;1;3
202100005957;191 147;7;0;2;1;9;1
202100005957;191 148;7;0;2;7;1;1
202100005958;191 145;7;0;2;1;15;1
202100005958;191 146;32;0;2;1;1;1
202100005959;191 141;7;0;2;1;1;1
202100005959;191 142;7;0;2;4;1;1
202100005959;191 143;7;0;2;4;1;1
202100005959;191 144;7;0;2;4;1;1
202100005960;191 140;7;0;1;1;1;1
202100005961;191 138;7;0;9;3;15;1
202100005961;191 139;1;0;2;8;1;5
202100005962;191 136;7;0;2;1;1;1
202100005962;191 137;7;0;0;4;23;1
202100005963;191 135;7;13;0;2;1;1
202100005964;191 134;7;13;0;2;14;1
202100005965;191 133;10;0;0;1;16;1
202100005966;191 132;7;0;5;1;21;1
202100005967;191 130;0;0;2;1;1;1
202100005967;191 131;1;0;2;3;1;5
202100005968;191 128;33;0;2;4;1;1
202100005968;191 129;7;0;2;1;1;1
202100005969;191 126;7;0;2;3;13;0
202100005969;191 127;30;0;2;8;26;1
202100005970;191 124;1;0;2;3;9;5
202100005970;191 125;1;0;2;3;9;5
202100005971;191 122;13;0;2;5;23;1
202100005971;191 123;2;0;2;1;26;1
202100005972;191 121;7;0;1;2;26;1
202100005973;191 120;7;0;1;1;20;1
202100005974;191 118;7;0;2;1;26;2
202100005974;191 119;1;0;2;7;19;5
202100005975;191 117;7;0;1;1;0;0
202100005976;191 116;7;0;1;1;14;1
202100005977;191 114;7;0;2;2;1;1
202100005977;191 115;7;0;2;6;1;1
202100005978;191 112;7;0;2;0;15;1
202100005978;191 113;33;0;2;0;5;1
202100005979;191 110;7;0;2;2;1;1
202100005979;191 111;7;0;2;6;0;1
202100005980;191 108;7;0;2;1;1;1
202100005980;191 109;7;0;2;4;1;1
202100005981;191 106;31;0;2;1;1;1
202100005981;191 107;7;0;2;3;15;2
202100005982;191 104;7;0;2;3;15;1
202100005982;191 105;7;0;2;3;1;1
202100005983;191 101;7;0;2;1;1;1
202100005983;191 102;7;0;2;4;1;1
202100005983;191 103;7;0;2;4;1;1
202100005984;191 100;10;0;1;3;15;1
202100005985;191 098;7;0;2;6;15;1
202100005985;191 099;2;0;2;1;17;1
202100005986;191 096;7;0;2;3;1;1
202100005986;191 097;2;0;2;1;5;1
202100005987;191 095;7;6;0;1;15;1
202100005988;191 094;7;8;0;2;16;1
202100005989;191 092;32;0;2;1;1;1
202100005989;191 093;7;0;2;1;15;1
202100005990;191 090;7;0;2;0;15;1
202100005990;191 091;32;0;2;6;17;1
202100005991;191 088;10;0;2;1;1;6
202100005991;191 089;2;0;2;1;1;1
202100005992;191 087;50;0;1;8;25;3
202100005993;191 085;1;0;2;1;2;5
202100005993;191 086;7;0;2;6;23;1
202100005994;191 083;2;1;2;1;18;1
202100005994;191 084;10;0;2;5;22;1
202100005995;191 082;31;0;0;0;1;1
202100005996;191 080;1;0;2;3;1;5
202100005996;191 081;7;0;2;5;22;2
202100005997;191 078;1;0;2;9;18;5
202100005997;191 079;38;0;2;7;16;1
202100005998;191 076;7;0;2;4;2;1
202100005998;191 077;2;0;2;1;2;3
202100005999;191 075;7;0;1;3;1;1
202100006000;191 073;50;0;2;8;1;3
202100006000;191 074;7;0;2;2;17;0
202100006001;191 071;31;0;2;7;17;1
202100006001;191 072;7;8;2;3;13;2
202100006002;191 069;7;0;2;1;2;1
202100006002;191 070;7;0;2;4;2;1
202100006003;191 067;7;0;2;1;2;1
202100006003;191 068;7;0;0;4;2;1
202100006004;191 065;7;0;2;4;2;1
202100006004;191 066;34;0;2;1;2;1
202100006005;191 061;7;1;2;5;26;1