Num_Acc;id_vehicule;categorie_vehicule;obstacle_fixe;obstacle_mobile;point_choc_initial;manoeuvre_principale;motorisation
202100006005;191 062;7;1;2;1;20;1
202100006005;191 063;7;1;2;1;5;1
202100006005;191 064;7;0;2;3;5;1
202100006006;191 060;30;1;2;0;21;1
202100006007;191 058;7;0;2;2;15;1
202100006007;191 059;32;0;2;1;1;1
202100006008;191 056;7;0;2;6;1;1
202100006008;191 057;7;14;2;1;0;1
202100006009;191 055;7;0;1;1;2;1
202100006010;191 052;7;0;9;4;23;1
202100006010;191 053;7;0;2;4;23;1
202100006010;191 054;7;0;2;1;1;1
202100006011;191 050;0;8;2;3;16;0
202100006011;191 051;30;12;2;1;1;0
202100006012;191 048;7;0;2;1;9;1
202100006012;191 049;30;0;2;7;0;1
202100006013;191 046;30;0;2;1;26;1
202100006013;191 047;7;0;2;3;0;1
202100006014;191 044;7;0;2;4;26;1
202100006014;191 045;7;0;2;2;9;1
202100006015;191 042;7;0;2;1;16;1
202100006015;191 043;50;0;2;1;5;3
202100006016;191 040;31;0;2;1;17;1
202100006016;191 041;7;0;2;8;15;2
202100006017;191 039;10;0;1;4;20;1
202100006018;191 037;7;0;2;4;26;1
202100006018;191 038;7;0;2;1;26;1
202100006019;191 035;10;0;9;5;23;1
202100006019;191 036;60;0;2;1;0;5
202100006020;191 034;7;0;1;2;15;1
202100006021;191 032;33;0;2;0;1;1
202100006021;191 033;7;0;2;0;1;1
202100006022;191 031;7;13;0;2;26;1
202100006023;191 030;7;0;1;2;1;1
202100006024;191 025;15;0;0;6;1;1
202100006024;191 026;7;0;9;1;21;1
202100006024;191 027;7;0;9;1;2;1
202100006024;191 028;7;0;2;2;1;1
202100006024;191 029;7;0;2;2;14;1
202100006025;191 021;10;0;2;8;1;1
202100006025;191 022;7;0;2;8;1;1
202100006025;191 023;7;0;2;3;1;1
202100006025;191 024;33;0;2;1;17;1
202100006026;191 020;7;2;0;1;1;2
202100006027;191 019;7;2;0;2;1;1
202100006028;191 017;7;6;0;1;1;1
202100006029;191 016;7;13;0;1;1;1
202100006030;191 015;7;4;0;3;13;1
202100006031;191 013;1;0;2;1;1;5
202100006031;191 014;7;0;2;3;9;1
202100006032;191 012;7;13;0;3;1;1
202100006033;191 011;7;0;1;1;15;1
202100006034;191 009;7;0;2;1;1;1
202100006034;191 010;7;0;2;1;1;1
202100006035;191 008;2;1;0;1;14;1
202100006036;191 007;7;13;0;2;0;1
202100006037;191 005;7;0;2;1;1;1
202100006037;191 006;7;0;2;3;13;1
202100006038;191 002;7;2;0;1;1;1
202100006039;190 999;7;0;2;1;0;1
202100006039;191 000;7;0;2;1;0;1
202100006040;190 997;7;0;2;1;13;1
202100006040;190 998;15;0;2;1;1;1
202100006041;190 996;33;11;0;1;0;1
202100006042;190 994;7;0;2;8;1;1
202100006042;190 995;7;0;2;1;9;1
202100006043;190 993;7;0;1;2;16;1
202100006044;190 992;2;13;0;0;1;1
202100006045;190 990;31;0;2;1;17;1
202100006045;190 991;7;0;2;6;15;1
202100006046;190 988;7;0;2;6;19;1
202100006046;190 989;7;0;2;1;1;1
202100006047;190 986;10;0;2;8;19;1
202100006047;190 987;33;0;2;8;1;1
202100006048;190 985;7;4;0;0;0;1
202100006049;190 982;7;0;2;2;17;1
202100006049;190 983;7;3;2;1;1;1
202100006049;190 984;13;0;2;4;1;1
202100006050;190 981;30;2;0;3;14;1
202100006051;190 980;10;16;0;9;14;1
202100006052;190 979;7;0;1;2;9;1
202100006053;190 978;2;12;0;7;16;1
202100006054;190 977;7;0;1;3;26;1
202100006055;190 976;7;2;0;2;5;1
202100006056;190 975;7;0;1;0;1;1
202100006057;190 973;7;0;2;1;1;1
202100006057;190 974;7;0;2;1;13;1
202100006058;190 971;7;0;2;3;0;1
202100006058;190 972;7;0;2;3;0;1
202100006059;190 970;7;2;0;1;1;1
202100006060;190 969;7;2;0;3;13;1
202100006061;190 967;7;2;2;1;2;1
202100006061;190 968;7;3;2;4;2;1
202100006062;190 966;7;2;0;1;13;1
202100006063;190 965;7;0;1;4;20;1
202100006064;190 962;7;0;2;1;17;1
202100006064;190 963;7;0;2;1;1;1
202100006064;190 964;7;0;0;1;15;1
202100006065;190 960;7;0;9;2;2;1
202100006065;190 961;1;0;2;6;2;5
202100006066;190 959;7;0;1;1;1;1
202100006067;190 957;2;0;2;1;1;1
202100006067;190 958;7;0;2;1;13;1
202100006068;190 956;7;13;0;1;2;1
202100006069;190 955;7;8;0;1;1;1
202100006070;190 954;7;4;0;3;13;1
202100006071;190 951;7;0;2;1;2;3
202100006071;190 952;7;0;2;4;2;1
202100006071;190 953;7;0;2;4;2;1
202100006072;190 949;13;0;2;8;1;1
202100006072;190 950;7;0;2;1;26;1
202100006073;190 947;7;0;2;4;1;1
202100006073;190 948;14;0;2;1;1;1
202100006074;190 945;7;0;2;4;2;2
202100006074;190 946;7;0;2;1;2;1
202100006075;190 944;10;4;0;9;26;1
202100006076;190 941;7;0;2;4;2;1
202100006076;190 942;7;0;2;1;2;1
202100006076;190 943;7;0;2;4;2;1
202100006077;190 940;7;4;0;1;1;1
202100006078;190 939;7;4;0;1;1;2
202100006079;190 936;7;0;2;1;2;1
202100006079;190 937;7;0;2;0;2;1
202100006079;190 938;10;0;2;4;2;1
202100006080;190 935;43;0;0;7;21;1
202100006081;190 932;7;0;2;0;0;1
202100006081;190 933;7;0;2;1;0;1
202100006081;190 934;7;0;2;1;1;1
202100006082;190 930;7;0;2;1;2;1
202100006082;190 931;7;0;2;5;2;1
202100006083;190 928;7;0;2;4;2;1
202100006083;190 929;7;0;2;1;2;1
202100006084;190 926;7;0;2;1;2;1
202100006084;190 927;7;0;2;4;2;1
202100006085;190 925;7;0;1;0;26;1
202100006086;190 923;32;0;2;1;1;1
202100006086;190 924;7;0;2;2;20;1
202100006087;190 921;50;0;2;7;26;3
202100006087;190 922;7;0;2;3;15;1
202100006088;190 920;7;0;1;6;4;1
202100006089;190 919;30;0;0;0;1;1
202100006090;190 917;7;0;2;3;15;1
202100006090;190 918;2;0;2;1;1;1
202100006091;190 915;7;4;2;8;1;1
202100006091;190 916;13;0;2;1;12;0
202100006092;190 912;32;0;2;7;1;1
202100006092;190 913;10;0;2;8;9;1
202100006093;190 911;80;0;1;1;1;3
202100006094;190 909;1;0;2;8;1;5
202100006094;190 910;7;0;2;2;16;1
202100006095;190 907;14;0;2;3;17;1
202100006095;190 908;30;0;2;2;1;3
202100006096;190 905;31;1;2;2;1;1
202100006096;190 906;1;0;2;6;18;5
202100006097;190 904;50;0;1;0;1;3
202100006098;190 903;2;0;1;2;1;1
202100006099;190 902;1;0;0;1;1;5
202100006100;190 901;30;1;1;1;17;3
202100006101;190 900;50;0;1;1;19;3
202100006102;190 898;33;0;2;3;1;1
202100006102;190 899;43;0;2;8;15;1
202100006103;190 897;7;0;1;3;15;1
202100006104;190 894;7;0;2;9;2;1
202100006104;190 895;10;0;2;4;2;0
202100006104;190 896;7;0;2;1;2;1
202100006105;190 892;7;0;2;1;1;1
202100006105;190 893;1;0;2;8;5;5
202100006106;190 890;30;0;2;7;26;1
202100006106;190 891;7;0;2;3;1;1
202100006107;190 888;7;0;2;1;23;1
202100006107;190 889;30;0;2;1;1;1
202100006108;190 886;7;0;2;7;26;1
202100006108;190 887;7;0;2;1;15;0
202100006109;190 885;30;0;0;0;1;1
202100006110;190 882;7;0;2;1;2;1
202100006110;190 883;7;0;2;4;2;1
202100006110;190 884;10;0;2;4;2;1
202100006111;190 880;7;0;9;1;17;1
202100006111;190 881;50;0;2;0;0;3
202100006112;190 878;7;0;2;8;0;1
202100006112;190 879;7;0;2;7;1;1
202100006113;190 876;7;0;2;3;0;1
202100006113;190 877;7;4;2;0;0;1
202100006114;190 875;7;0;1;1;0;1
202100006115;190 873;37;0;2;2;2;1
202100006115;190 874;7;0;2;1;15;1
202100006116;190 871;31;0;2;7;1;1
202100006116;190 872;7;0;2;1;1;1
202100006117;190 870;10;0;0;9;26;1
202100006118;190 868;7;0;2;3;1;1
202100006118;190 869;7;0;2;1;1;1
202100006119;190 866;7;0;2;3;11;1
202100006119;190 867;1;0;2;7;19;5
202100006120;190 864;10;12;2;1;26;1
202100006120;190 865;7;12;2;4;26;1
202100006121;190 862;30;0;2;3;1;1
202100006121;190 863;10;0;2;7;20;1
202100006122;190 860;50;0;2;1;1;3
202100006122;190 861;7;0;2;7;19;1
202100006123;190 858;2;0;2;1;1;6
202100006123;190 859;7;0;2;3;17;6
202100006124;190 856;1;0;2;7;1;6
202100006124;190 857;99;0;2;7;15;1
202100006125;190 855;30;0;0;0;21;1
202100006126;190 853;7;0;2;1;1;1
202100006126;190 854;7;0;2;8;10;1
202100006127;190 852;34;0;1;2;21;1
202100006128;190 851;32;0;0;0;1;1
202100006129;190 849;32;0;2;8;1;1
202100006129;190 850;7;0;2;2;1;1
202100006130;190 848;7;0;1;1;1;1
202100006131;190 847;7;0;1;1;1;1
202100006132;190 846;33;0;9;1;0;1
202100006133;190 845;7;0;1;3;17;1
202100006134;190 844;7;0;0;0;1;1
202100006135;190 843;7;0;0;0;0;1
202100006136;190 842;7;13;0;1;1;1
202100006137;190 840;7;0;2;3;1;1
202100006137;190 841;10;0;2;1;13;1
202100006138;190 838;7;0;2;1;1;1
202100006138;190 839;7;0;2;3;19;1
202100006139;190 837;7;2;0;3;1;1
202100006140;190 836;7;2;0;2;1;1
202100006141;190 834;2;0;2;1;1;1
202100006141;190 835;7;0;2;3;9;1
202100006142;190 833;7;2;0;1;1;1
202100006143;190 832;7;0;1;1;1;1
202100006144;190 831;2;14;0;1;1;1
202100006145;190 830;7;2;0;8;14;1
202100006146;190 828;1;0;0;6;1;5
202100006146;190 829;7;0;2;3;15;1
202100006147;190 824;2;0;0;8;12;1
202100006148;190 822;7;0;2;1;1;1
202100006148;190 823;10;0;2;1;13;1
202100006149;190 820;7;2;0;0;1;1
202100006149;190 821;7;2;0;0;1;1
202100006150;190 819;7;2;0;1;1;1
202100006151;190 817;7;0;2;5;15;1
202100006151;190 818;2;0;2;1;1;1
202100006152;190 815;7;0;2;8;19;1
202100006152;190 816;7;0;2;1;1;1
202100006153;190 813;7;0;2;1;13;1
202100006153;190 814;7;0;2;1;1;1
202100006154;190 811;2;0;2;7;1;1
202100006154;190 812;7;0;2;3;9;1
202100006155;190 809;7;0;2;6;15;1
202100006155;190 810;34;0;2;2;17;1
202100006156;190 807;2;0;0;0;17;0
202100006156;190 808;7;0;0;3;15;0
202100006157;190 806;10;0;1;2;0;1
202100006158;190 804;7;3;2;6;1;1
202100006158;190 805;7;0;2;2;1;1
202100006159;190 802;33;0;2;1;1;1
202100006159;190 803;7;0;2;3;19;1
202100006160;190 800;7;0;2;1;1;1
202100006160;190 801;7;0;2;1;13;1
202100006161;190 798;31;0;2;4;1;1
202100006161;190 799;32;0;2;1;1;1
202100006162;190 796;7;0;2;3;15;1
202100006162;190 797;1;0;2;1;1;5
202100006163;190 795;7;0;1;0;1;1
202100006164;190 794;7;9;0;1;2;1
202100006165;190 792;15;1;0;1;2;1
202100006165;190 793;7;1;2;4;24;2
202100006166;190 789;7;4;2;5;1;1
202100006166;190 790;7;0;2;1;11;1
202100006166;190 791;17;0;0;5;1;1
202100006167;190 788;7;2;0;9;14;1
202100006168;190 784;7;0;2;1;1;1
202100006168;190 785;7;13;2;8;1;1
202100006168;190 786;7;0;2;8;1;1
202100006168;190 787;7;0;2;3;13;1
202100006169;190 783;33;0;6;1;1;1
202100006170;190 781;10;0;1;3;1;1
202100006171;190 780;7;0;1;2;1;1
202100006172;190 779;7;0;0;0;21;1
202100006173;190 777;7;0;2;2;5;1
202100006173;190 778;7;0;2;2;5;1
202100006174;190 775;7;0;2;4;1;1
202100006174;190 776;10;0;2;1;1;1
202100006175;190 774;7;0;0;1;1;1
202100006176;190 773;2;0;0;0;1;1
202100006177;190 772;7;13;0;1;0;1
202100006178;190 771;7;0;1;2;1;1
202100006179;190 769;21;0;2;3;21;1
202100006179;190 770;7;0;2;3;13;1
202100006180;190 768;7;0;1;7;1;1
202100006181;190 767;7;13;0;1;9;1
202100006182;190 765;32;0;0;4;15;1
202100006182;190 766;7;0;2;3;2;1
202100006183;190 764;10;8;0;2;1;1
202100006184;190 763;3;0;1;4;20;1
202100006185;190 760;7;1;0;4;0;1
202100006185;190 761;10;0;0;1;1;1
202100006185;190 762;7;1;2;1;1;1
202100006186;190 756;7;0;0;4;2;1
202100006186;190 757;7;0;2;4;2;1
202100006186;190 758;7;0;2;4;2;1
202100006186;190 759;7;0;2;1;2;1
202100006187;190 755;7;0;1;2;1;1
202100006188;190 753;7;0;2;4;2;1
202100006188;190 754;7;0;2;1;2;1
202100006189;190 752;7;4;0;1;14;1
202100006190;190 748;7;0;9;1;2;1
202100006190;190 749;10;0;9;1;0;1
202100006190;190 750;10;0;2;1;2;1
202100006190;190 751;7;10;0;2;13;1
202100006191;190 744;7;0;2;1;2;1
202100006191;190 745;7;0;2;1;2;1
202100006191;190 746;7;0;2;4;2;1
202100006191;190 747;7;0;2;4;2;2
202100006192;190 741;10;0;2;4;2;1
202100006192;190 742;7;0;2;4;2;1
202100006192;190 743;10;0;2;1;2;1
202100006193;190 740;7;0;2;1;1;1
202100006194;190 738;7;0;2;3;11;1
202100006194;190 739;34;0;2;2;3;1
202100006195;190 737;7;4;0;8;1;1
202100006196;190 732;7;0;2;0;2;1
202100006196;190 733;7;0;2;0;2;1
202100006196;190 734;7;0;2;0;2;1
202100006196;190 735;7;0;2;0;2;1
202100006196;190 736;7;0;2;1;2;1
202100006197;190 730;7;4;2;3;5;1
202100006197;190 731;7;0;2;3;1;1
202100006198;190 729;33;0;0;0;0;1
202100006199;190 727;7;0;2;7;14;1
202100006199;190 728;33;0;2;1;1;1
202100006200;190 726;7;4;0;3;1;1
202100006201;190 724;7;0;2;1;1;1
202100006201;190 725;7;0;2;4;2;1
202100006202;190 722;30;0;0;1;1;1
202100006202;190 723;7;1;0;3;9;1
202100006203;190 721;37;0;1;7;26;1
202100006204;190 719;7;0;2;7;1;1
202100006204;190 720;30;0;2;7;19;1
202100006205;190 718;33;4;0;2;14;1
202100006206;190 716;30;0;2;3;17;1
202100006206;190 717;30;0;2;7;17;1
202100006207;190 715;7;6;0;1;14;1
202100006208;190 712;7;0;2;1;17;1
202100006208;190 713;7;0;2;1;1;1
202100006208;190 714;7;0;2;1;2;1
202100006209;190 710;7;9;2;1;15;1
202100006209;190 711;7;0;2;3;1;1
202100006210;190 709;2;3;0;1;9;1
202100006211;190 707;7;0;2;4;23;1
202100006211;190 708;7;14;2;1;2;1
202100006212;190 706;1;0;1;1;1;5
202100006213;190 704;50;0;2;1;0;3
202100006213;190 705;7;0;2;1;1;1
202100006214;190 702;7;0;2;1;2;1
202100006214;190 703;7;0;2;3;1;1
202100006215;190 700;30;0;2;1;17;1
202100006215;190 701;7;0;2;3;15;1
202100006216;190 698;7;0;2;2;15;1
202100006216;190 699;7;0;2;1;1;1
202100006217;190 696;7;0;2;1;1;1
202100006217;190 697;7;0;2;2;13;1
202100006218;190 694;7;0;2;5;12;1
202100006218;190 695;34;0;2;3;26;1
202100006219;190 691;7;0;2;4;2;1
202100006219;190 692;10;0;2;4;2;1
202100006219;190 693;7;0;2;1;2;1
202100006220;190 689;37;0;2;2;1;1
202100006220;190 690;7;0;2;8;10;1
202100006221;190 688;3;11;0;9;13;1
202100006222;190 686;7;0;2;3;15;1
202100006222;190 687;33;0;2;1;1;1
202100006223;190 683;14;0;2;1;2;1
202100006223;190 684;7;0;2;4;2;1
202100006223;190 685;7;0;2;1;1;1
202100006224;190 682;7;0;1;1;1;1
202100006225;190 680;30;0;2;6;13;1
202100006225;190 681;7;0;2;2;1;1
202100006226;190 678;1;0;2;8;1;5
202100006226;190 679;7;0;2;1;9;2
202100006227;190 676;7;0;2;1;2;1
202100006227;190 677;10;0;2;4;2;1
202100006228;190 671;31;0;2;1;17;1
202100006228;190 672;7;0;2;3;15;1
202100006229;190 669;2;0;2;1;17;1
202100006229;190 670;99;0;2;3;15;1
202100006230;190 667;7;0;2;1;1;1
202100006230;190 668;7;0;2;3;15;1
202100006231;190 665;31;0;2;0;1;1
202100006231;190 666;10;0;0;0;15;1
202100006232;190 664;7;0;1;1;16;1
202100006233;190 662;50;12;2;1;15;3
202100006233;190 663;7;0;9;7;1;1
202100006234;190 660;7;0;2;8;15;1
202100006234;190 661;2;0;2;7;2;1
202100006235;190 658;43;0;2;1;1;1
202100006235;190 659;7;0;2;2;19;1
202100006236;190 657;30;0;0;0;26;1
202100006237;190 656;7;0;1;1;1;3
202100006238;190 654;7;0;0;6;15;1
202100006238;190 655;33;0;2;1;21;1
202100006239;190 652;7;0;2;3;1;1
202100006239;190 653;7;0;2;1;1;1
202100006240;190 651;7;0;1;2;1;1
202100006241;190 645;7;0;2;4;2;1
202100006241;190 646;7;0;2;1;0;1
202100006242;190 644;7;0;1;3;15;1
202100006243;190 642;1;0;2;1;1;5
202100006243;190 643;7;0;2;0;26;1
202100006244;190 641;1;0;1;1;25;5
202100006245;190 633;10;3;2;2;1;1
202100006245;190 634;7;0;2;1;2;1
202100006245;190 635;7;0;2;4;2;1
202100006245;190 636;7;0;2;1;2;1
202100006245;190 637;7;0;2;0;0;1
202100006245;190 638;10;0;2;6;2;1
202100006245;190 639;7;0;2;1;2;1
202100006245;190 640;7;0;2;6;2;1
202100006246;190 630;7;0;2;3;13;0
202100006246;190 631;7;0;2;3;1;1
202100006246;190 632;7;0;2;3;1;1
202100006247;190 629;7;8;0;2;13;1
202100006248;190 627;15;0;2;1;9;1
202100006248;190 628;7;0;6;4;9;1
202100006249;190 625;7;0;;;1;
202100006249;190 626;30;0;;;;
202100006250;190 623;33;0;2;6;1;1
202100006250;190 624;10;0;2;2;15;1
202100006251;190 622;7;2;0;1;14;1
202100006252;190 621;7;1;0;2;14;1
202100006253;190 619;37;0;2;2;1;1
202100006253;190 620;7;0;2;3;10;1
202100006254;190 618;7;0;1;3;1;1
202100006255;190 616;7;0;2;2;20;1
202100006255;190 617;1;0;1;3;18;5
202100006256;190 615;32;14;0;1;25;1
202100006257;190 613;7;0;2;2;1;1
202100006257;190 614;7;0;2;8;10;1
202100006258;190 610;7;0;2;1;2;1
202100006258;190 611;7;0;2;4;2;1
202100006258;190 612;7;0;2;4;2;1
202100006259;190 606;7;1;0;1;1;1
202100006259;190 607;7;1;0;1;2;1
202100006259;190 608;7;0;0;4;1;1
202100006259;190 609;7;0;0;4;1;2
202100006260;190 601;7;0;2;1;9;1
202100006260;190 602;7;0;2;7;1;1
202100006261;190 599;7;0;2;1;1;1
202100006261;190 600;7;0;2;1;1;1
202100006262;190 597;7;0;2;1;0;3
202100006262;190 598;7;0;2;1;13;1
202100006263;190 596;7;0;1;2;9;1
202100006264;190 594;2;0;2;1;1;1
202100006264;190 595;10;0;2;7;15;1
202100006265;190 592;7;0;2;8;0;1
202100006265;190 593;7;0;2;1;26;1
202100006266;190 591;7;0;1;1;1;1
202100006267;190 589;32;0;2;0;9;1
202100006267;190 590;7;0;2;6;9;1
202100006268;190 587;7;0;2;1;14;0
202100006268;190 588;7;0;2;4;0;0
202100006269;190 585;7;0;2;5;10;1
202100006269;190 586;7;0;2;1;1;1
202100006270;190 584;7;0;1;2;1;1
202100006271;190 583;7;9;0;3;15;3
202100006272;190 582;7;0;1;1;1;1
202100006273;190 580;7;0;2;1;2;1
202100006273;190 581;7;0;2;4;2;1
202100006274;190 578;2;0;2;1;0;1
202100006274;190 579;7;0;2;5;0;1
202100006275;190 577;31;15;0;2;2;1
202100006276;190 575;7;0;2;1;1;1
202100006276;190 576;2;0;2;1;1;1
202100006277;190 573;7;0;2;8;1;1
202100006277;190 574;30;0;2;3;0;1
202100006278;190 571;7;0;2;1;1;1
202100006278;190 572;10;0;2;8;19;1
202100006279;190 570;7;3;0;1;9;1
202100006280;190 569;7;7;0;9;1;1
202100006281;190 567;50;0;2;1;25;3
202100006281;190 568;7;0;2;3;15;1
202100006282;190 566;34;0;1;8;1;1
202100006283;190 565;30;0;1;1;1;1
202100006284;190 563;7;0;2;8;15;1
202100006284;190 564;14;0;2;5;16;1
202100006285;190 561;1;0;2;4;1;5
202100006285;190 562;7;0;2;1;1;1
202100006286;190 559;7;0;2;2;1;1
202100006286;190 560;2;0;2;1;1;1
202100006287;190 556;33;0;2;3;1;1
202100006287;190 557;7;0;2;2;15;1
202100006288;190 554;7;0;2;1;15;2
202100006288;190 555;33;0;2;8;1;1
202100006289;190 552;7;0;2;3;1;1
202100006289;190 553;33;0;2;8;1;1
202100006290;190 550;7;0;2;4;1;1
202100006290;190 551;7;0;2;1;1;1
202100006291;190 548;1;0;2;4;7;5
202100006291;190 549;7;0;2;0;7;1
202100006292;190 546;7;0;2;1;1;1
202100006292;190 547;1;0;2;1;19;5
202100006293;190 545;7;0;1;2;1;1
202100006294;190 542;10;0;2;3;11;3
202100006294;190 543;43;0;2;0;1;1
202100006294;190 544;7;0;2;5;1;1
202100006295;190 541;2;0;1;1;1;3
202100006296;190 540;1;0;1;1;1;5
202100006297;190 539;1;0;1;1;1;5
202100006298;190 537;7;0;2;1;16;0
202100006298;190 538;1;0;2;4;7;5
202100006299;190 535;7;0;2;2;1;1
202100006299;190 536;7;8;2;3;1;1
202100006300;190 534;7;0;1;6;15;1
202100006301;190 532;7;0;2;7;1;1
202100006301;190 533;1;0;2;3;1;5
202100006302;190 529;7;0;2;4;2;1
202100006302;190 530;7;0;2;0;2;1
202100006302;190 531;37;0;2;1;2;1
202100006303;190 527;1;0;2;1;1;5
202100006303;190 528;7;0;2;3;16;2
202100006304;190 523;7;1;1;3;1;1
202100006305;190 522;33;0;0;8;1;1
202100006306;190 520;7;0;2;3;0;1
202100006306;190 521;32;0;2;2;9;1
202100006307;190 518;7;0;2;5;15;1
202100006307;190 519;7;0;2;1;1;1
202100006308;190 515;7;0;1;0;23;0
202100006308;190 516;7;0;2;4;23;0
202100006308;190 517;30;0;1;1;13;6
202100006309;190 514;7;0;1;3;16;1
202100006310;190 505;7;0;2;7;17;0
202100006310;190 506;31;0;2;3;0;0
202100006310;190 507;7;0;2;8;0;0
202100006310;190 508;7;0;2;8;0;0
202100006310;190 509;2;0;2;8;0;0
202100006310;190 510;7;0;2;8;0;0
202100006310;190 511;7;0;2;8;0;0
202100006310;190 512;7;0;2;8;0;0
202100006310;190 513;7;0;2;8;0;0
202100006311;190 503;43;0;2;1;1;1
202100006311;190 504;7;0;2;2;15;1
202100006312;190 501;7;0;0;1;19;1
202100006312;190 502;1;0;2;7;19;5
202100006313;190 500;7;0;1;2;1;1
202100006314;190 498;1;0;2;7;19;5
202100006314;190 499;7;0;2;1;1;1
202100006315;190 496;43;0;2;2;0;1
202100006315;190 497;7;0;2;3;9;1
202100006316;190 495;43;0;1;8;1;1
202100006317;190 493;10;0;2;0;15;1
202100006317;190 494;32;3;2;2;1;1
202100006318;190 492;7;8;2;2;14;1
202100006319;190 490;7;12;2;3;0;1
202100006319;190 491;7;0;2;4;1;1
202100006320;190 489;10;7;0;1;0;1
202100006321;190 487;15;0;2;4;2;1
202100006321;190 488;7;0;2;1;2;1
202100006322;190 486;7;4;0;1;1;1
202100006323;190 485;2;0;0;0;0;1
202100006324;190 483;7;0;2;5;15;1
202100006324;190 484;33;0;2;1;1;1
202100006325;190 482;7;0;1;1;14;1
202100006326;190 479;10;0;0;7;1;1
202100006326;190 480;33;0;2;1;1;1
202100006326;190 481;7;0;2;5;21;1
202100006327;190 478;7;0;0;9;1;1
202100006328;190 476;10;0;2;1;15;1
202100006328;190 477;7;0;2;1;1;1
202100006329;190 475;7;0;1;2;1;1
202100006330;190 474;7;16;0;9;14;1
202100006331;190 473;21;0;0;7;15;1
202100006332;190 472;7;0;1;4;20;1
202100006333;190 471;10;2;0;3;9;1
202100006334;190 470;7;0;1;2;1;1
202100006335;190 468;30;0;2;1;1;0
202100006335;190 469;7;0;0;4;1;1
202100006336;190 467;10;0;1;4;20;1
202100006337;190 465;7;0;2;1;1;1
202100006337;190 466;7;0;2;1;13;1
202100006338;190 463;7;0;2;2;15;1
202100006338;190 464;34;0;2;1;1;1
202100006339;190 460;7;0;1;2;1;1
202100006340;190 458;7;0;2;8;16;1
202100006340;190 459;31;0;2;1;1;1
202100006341;190 457;2;6;0;1;21;1
202100006342;190 456;80;0;0;0;2;3
202100006343;190 454;2;0;0;8;21;1
202100006343;190 455;7;0;2;3;15;1
202100006344;190 453;7;4;0;1;1;1
202100006345;190 452;32;0;1;1;1;1
202100006346;190 450;7;0;2;3;1;1
202100006346;190 451;32;0;2;1;13;1
202100006347;190 449;7;0;1;2;0;1
202100006348;190 448;3;0;1;4;4;1
202100006349;190 447;7;0;1;1;19;1
202100006350;190 446;33;0;0;0;1;1
202100006351;190 445;7;15;0;9;1;1
202100006352;190 443;17;0;0;4;1;1
202100006352;190 444;7;12;2;1;6;1
202100006353;190 441;33;0;0;8;1;1
202100006353;190 442;7;0;0;1;16;1
202100006354;190 440;7;0;0;7;13;1
202100006355;190 438;15;0;2;3;1;1
202100006355;190 439;7;0;2;1;1;1
202100006356;190 436;7;0;2;3;15;1
202100006356;190 437;2;0;0;2;1;1
202100006357;190 435;10;2;0;2;1;1
202100006358;190 433;10;0;2;6;23;1
202100006358;190 434;10;0;2;2;1;1
202100006359;190 431;31;0;0;1;0;1
202100006359;190 432;7;0;0;8;0;1
202100006360;190 429;33;0;2;1;1;1
202100006360;190 430;7;0;2;7;15;1
202100006361;190 427;1;0;2;8;1;5
202100006361;190 428;7;0;2;8;15;1
202100006362;190 425;10;1;2;1;1;1
202100006362;190 426;7;0;2;1;1;1
202100006363;190 422;10;0;2;4;2;1
202100006363;190 423;7;0;2;4;2;1
202100006363;190 424;7;0;2;1;0;1
202100006364;190 421;10;3;0;9;0;1
202100006365;190 420;7;;;;;
202100006366;190 418;7;0;2;3;9;1
202100006366;190 419;15;0;2;2;1;1
202100006367;190 416;7;0;2;1;2;1
202100006367;190 417;7;0;2;4;2;1
202100006368;190 413;7;0;2;4;2;1
202100006368;190 414;7;0;2;4;2;1
202100006368;190 415;7;0;2;1;2;1
202100006369;190 411;7;0;2;4;2;1
202100006369;190 412;33;0;2;1;2;1
202100006370;190 410;7;4;0;3;1;1
202100006371;190 408;7;0;2;0;0;0
202100006371;190 409;7;0;2;4;1;1
202100006372;190 406;0;0;2;7;12;0
202100006372;190 407;32;0;2;6;1;1
202100006373;190 403;10;0;2;4;2;1
202100006373;190 404;10;0;2;4;2;1
202100006373;190 405;7;0;2;1;1;1
202100006374;190 401;15;0;2;2;12;0
202100006374;190 402;7;0;2;6;2;0
202100006375;190 399;33;0;2;4;2;1
202100006375;190 400;7;0;2;4;1;1
202100006376;190 397;15;0;2;5;14;1
202100006376;190 398;7;0;2;1;1;1
202100006377;190 394;7;0;2;4;2;1
202100006377;190 395;7;0;2;4;2;3
202100006377;190 396;7;0;2;1;2;1
202100006378;190 393;7;5;0;3;1;1
202100006379;190 392;7;0;1;2;20;1
202100006380;190 390;7;0;2;1;1;1
202100006380;190 391;7;0;2;3;13;1
202100006381;190 389;30;12;0;0;13;1
202100006382;190 385;7;0;2;1;1;3
202100006382;190 386;7;0;2;4;2;1
202100006382;190 387;7;0;2;4;2;1
202100006382;190 388;7;0;2;1;2;1
202100006383;190 384;7;1;0;2;14;1
202100006384;190 382;7;0;2;4;26;1
202100006384;190 383;31;0;2;1;26;1
202100006385;190 381;7;0;1;1;26;1
202100006386;190 379;33;0;2;1;1;1
202100006386;190 380;7;0;2;7;16;1
202100006387;190 378;7;1;0;1;20;1
202100006388;190 377;7;0;1;2;1;1
202100006389;190 375;7;0;2;2;19;1
202100006389;190 376;32;0;2;1;1;1
202100006390;190 373;7;3;0;2;13;1
202100006390;190 374;7;3;0;2;1;1
202100006391;190 371;7;0;2;3;15;1
202100006391;190 372;33;0;2;1;17;1
202100006392;190 369;10;1;0;2;1;1
202100006392;190 370;7;0;2;6;23;1
202100006393;190 368;7;0;1;7;1;1
202100006394;190 366;7;0;2;2;15;1
202100006394;190 367;30;0;2;6;17;1
202100006395;190 365;7;0;1;2;17;1