Num_Acc;id_vehicule;categorie_vehicule;obstacle_fixe;obstacle_mobile;point_choc_initial;manoeuvre_principale;motorisation
202100006396;190 363;7;0;2;6;15;1
202100006396;190 364;33;0;2;1;17;1
202100006397;190 361;7;0;2;2;17;1
202100006397;190 362;1;0;2;6;1;5
202100006398;190 360;1;0;0;7;1;5
202100006399;190 358;7;0;1;1;16;1
202100006400;190 356;7;0;2;4;1;1
202100006400;190 357;7;0;2;1;1;1
202100006401;190 355;7;0;1;1;16;1
202100006402;190 353;2;0;2;1;17;1
202100006402;190 354;10;0;2;1;15;1
202100006403;190 352;10;0;1;1;15;1
202100006404;190 351;7;8;0;6;4;1
202100006405;190 350;30;0;1;1;1;1
202100006406;190 349;7;1;0;1;14;1
202100006407;190 348;7;0;1;8;9;1
202100006408;190 347;7;0;1;1;1;1
202100006409;190 345;15;0;2;1;1;1
202100006409;190 346;15;0;2;1;5;1
202100006410;190 343;30;0;2;4;1;1
202100006410;190 344;7;0;2;1;1;1
202100006411;190 342;7;0;1;2;15;1
202100006412;190 339;7;0;2;1;1;1
202100006412;190 340;10;0;2;1;1;1
202100006413;190 330;7;0;2;1;9;0
202100006413;190 331;1;0;2;2;1;5
202100006414;190 328;2;0;2;8;1;1
202100006414;190 329;7;0;2;1;15;1
202100006415;190 326;7;0;2;3;9;1
202100006415;190 327;1;0;2;1;1;5
202100006416;190 325;7;0;1;1;1;1
202100006417;190 323;30;0;2;1;1;1
202100006417;190 324;7;0;2;3;23;1
202100006418;190 322;30;0;0;1;1;1
202100006419;190 320;7;0;2;8;15;1
202100006419;190 321;2;0;2;2;1;1
202100006420;190 319;10;0;1;4;4;0
202100006421;190 317;10;0;2;8;10;1
202100006421;190 318;31;0;2;1;1;1
202100006422;190 314;7;0;1;2;9;1
202100006423;190 313;7;0;1;0;0;0
202100006424;190 312;7;8;0;1;13;1
202100006425;190 311;7;0;1;2;16;1
202100006426;190 309;33;0;2;0;0;0
202100006426;190 310;7;0;2;6;13;0
202100006427;190 308;7;0;1;2;1;1
202100006428;190 306;7;0;2;2;15;1
202100006428;190 307;1;0;2;1;1;5
202100006429;190 304;7;0;2;3;15;1
202100006429;190 305;2;0;2;8;1;1
202100006430;190 303;7;0;1;1;17;1
202100006431;190 301;7;0;2;1;15;1
202100006431;190 302;1;0;2;8;23;5
202100006432;190 297;7;0;2;3;9;1
202100006432;190 298;2;0;2;7;9;1
202100006433;190 296;7;0;1;1;19;1
202100006434;190 294;7;0;9;3;16;1
202100006434;190 295;1;0;2;2;13;5
202100006435;190 292;7;0;2;5;0;1
202100006435;190 293;7;14;2;1;1;3
202100006436;190 290;7;0;2;3;9;1
202100006436;190 291;2;0;2;1;1;1
202100006437;190 289;10;0;1;1;9;1
202100006438;190 287;7;0;2;3;15;1
202100006438;190 288;10;0;2;1;1;1
202100006439;190 285;7;0;9;2;0;3
202100006439;190 286;1;0;2;2;26;5
202100006440;190 283;7;0;2;1;1;1
202100006440;190 284;7;0;2;8;1;1
202100006441;190 282;34;0;1;0;0;0
202100006442;190 281;10;0;1;0;1;0
202100006443;190 280;7;0;1;1;15;1
202100006444;190 278;30;0;2;7;16;1
202100006444;190 279;10;0;2;3;1;1
202100006445;190 277;7;0;1;2;1;1
202100006446;190 275;34;0;2;8;1;1
202100006446;190 276;7;0;2;1;1;1
202100006447;190 274;32;0;1;1;1;1
202100006448;190 273;37;0;1;2;1;1
202100006449;190 271;7;0;2;1;15;1
202100006449;190 272;33;0;2;1;1;1
202100006450;190 268;7;0;2;7;15;1
202100006450;190 269;43;0;2;1;1;1
202100006450;190 270;7;0;2;1;1;1
202100006451;190 266;7;0;2;1;1;1
202100006451;190 267;33;0;2;8;0;1
202100006452;190 264;7;0;9;4;26;1
202100006452;190 265;1;0;2;4;26;5
202100006453;190 261;10;0;2;4;1;1
202100006453;190 262;7;0;2;4;2;1
202100006453;190 263;7;0;2;1;1;1
202100006454;190 259;14;0;2;2;1;1
202100006454;190 260;10;0;2;8;9;1
202100006455;190 256;7;0;2;3;11;2
202100006455;190 257;43;0;2;2;1;1
202100006455;190 258;7;0;2;2;1;1
202100006456;190 254;33;0;2;7;3;1
202100006456;190 255;7;0;2;8;11;1
202100006457;190 253;7;6;1;1;20;1
202100006458;190 252;1;12;0;3;13;5
202100006459;190 250;1;0;2;4;23;5
202100006459;190 251;1;0;2;1;2;5
202100006460;190 248;10;0;2;4;1;1
202100006460;190 249;32;0;2;1;1;1
202100006461;190 247;7;0;1;6;4;1
202100006462;190 246;1;0;1;7;1;5
202100006463;190 244;7;0;2;5;22;1
202100006463;190 245;1;0;2;5;1;5
202100006464;190 242;50;0;2;3;1;3
202100006464;190 243;10;0;2;5;16;0
202100006465;190 240;10;0;2;7;1;1
202100006465;190 241;7;0;2;1;1;1
202100006466;190 239;7;0;1;4;4;1
202100006467;190 238;30;0;1;1;17;1
202100006468;190 236;32;0;2;6;18;1
202100006468;190 237;7;0;2;2;1;1
202100006469;190 234;50;0;2;1;1;3
202100006469;190 235;7;0;2;3;22;1
202100006470;190 233;33;0;0;1;1;1
202100006471;190 231;1;0;2;4;1;5
202100006471;190 232;14;0;2;2;16;1
202100006472;190 229;7;0;2;3;11;1
202100006472;190 230;33;0;2;7;1;1
202100006473;190 228;33;0;1;3;1;1
202100006474;190 227;50;0;1;0;0;3
202100006475;190 226;7;0;1;1;15;1
202100006476;190 225;34;15;0;0;1;1
202100006477;190 223;7;0;2;7;15;1
202100006477;190 224;10;0;2;1;2;1
202100006478;190 222;7;0;1;1;1;1
202100006479;190 220;7;0;1;5;26;1
202100006480;190 218;7;0;2;0;2;1
202100006480;190 219;1;0;2;4;2;0
202100006481;190 216;30;0;2;1;1;1
202100006481;190 217;7;0;2;2;16;1
202100006482;190 214;43;0;2;7;17;0
202100006482;190 215;10;0;2;8;15;0
202100006483;190 212;7;0;0;0;0;0
202100006483;190 213;2;0;2;1;1;1
202100006484;190 210;7;0;2;8;16;1
202100006484;190 211;7;0;2;1;1;1
202100006485;190 208;7;0;2;0;9;1
202100006485;190 209;30;0;2;0;1;1
202100006486;190 207;7;6;0;1;1;1
202100006487;190 205;34;0;2;1;2;1
202100006487;190 206;7;0;2;5;23;1
202100006488;190 203;33;0;2;1;0;1
202100006488;190 204;7;0;2;3;11;1
202100006489;190 202;1;0;0;0;26;5
202100006490;190 201;50;0;0;1;21;3
202100006491;190 200;7;0;1;2;26;1
202100006492;190 198;33;0;2;3;13;1
202100006492;190 199;7;0;2;4;26;2
202100006493;190 197;7;0;1;2;9;1
202100006494;190 195;7;0;2;2;15;1
202100006494;190 196;7;0;2;3;1;1
202100006495;190 193;7;6;0;6;23;1
202100006496;190 191;33;0;2;1;1;1
202100006496;190 192;31;0;2;5;1;1
202100006497;190 188;7;0;2;1;5;1
202100006497;190 189;7;0;2;1;1;1
202100006498;190 187;10;0;1;3;1;1
202100006499;190 185;7;0;2;1;5;1
202100006499;190 186;7;0;2;1;1;1
202100006500;190 182;7;0;0;1;1;1
202100006500;190 183;17;0;0;2;1;1
202100006500;190 184;17;0;2;2;1;1
202100006501;190 180;2;0;2;2;1;1
202100006501;190 181;7;0;2;2;19;1
202100006502;190 179;7;8;0;1;1;1
202100006503;190 177;7;0;2;9;1;1
202100006503;190 178;7;0;2;3;1;1
202100006504;190 176;38;6;0;3;0;1
202100006505;190 174;17;0;2;1;17;1
202100006505;190 175;21;0;0;8;15;1
202100006506;190 173;7;0;1;7;0;1
202100006507;190 170;1;0;2;8;1;5
202100006507;190 171;7;0;9;7;1;1
202100006507;190 172;7;0;2;1;2;1
202100006508;190 169;2;6;0;2;1;1
202100006509;190 168;7;0;1;1;9;1
202100006510;190 167;7;16;0;9;1;1
202100006511;190 166;7;0;1;2;1;1
202100006512;190 165;7;6;0;1;14;1
202100006513;190 163;10;0;2;3;1;1
202100006513;190 164;7;0;2;3;1;1
202100006514;190 162;7;8;0;5;1;2
202100006515;190 160;15;0;2;1;1;1
202100006515;190 161;7;0;2;1;13;1
202100006516;190 159;7;13;0;3;0;1
202100006517;190 157;7;0;2;1;5;1
202100006517;190 158;7;0;2;1;1;1
202100006518;190 154;10;3;2;3;5;1
202100006518;190 155;17;0;2;3;1;1
202100006518;190 156;7;0;2;3;17;1
202100006519;190 152;14;0;2;3;1;1
202100006519;190 153;7;0;2;1;5;1
202100006520;190 150;33;0;2;8;1;1
202100006520;190 151;7;0;2;3;1;0
202100006521;190 148;7;0;2;1;1;1
202100006521;190 149;7;0;2;8;19;1
202100006522;190 146;7;0;0;6;24;1
202100006522;190 147;7;1;0;2;14;1
202100006523;190 144;7;0;2;1;1;1
202100006523;190 145;2;0;2;7;15;1
202100006524;190 141;7;0;0;0;13;0
202100006524;190 142;7;0;2;3;21;1
202100006524;190 143;7;0;2;3;21;1
202100006525;190 139;7;14;9;2;17;1
202100006525;190 140;1;0;0;8;15;5
202100006526;190 137;7;0;2;1;1;1
202100006526;190 138;7;0;2;1;13;3
202100006527;190 136;15;8;0;0;1;1
202100006528;190 134;7;0;2;3;15;1
202100006528;190 135;33;0;2;1;1;1
202100006529;190 131;15;0;1;7;20;1
202100006530;190 129;7;0;2;1;13;1
202100006530;190 130;7;0;2;1;1;1
202100006531;190 126;7;0;2;2;1;1
202100006531;190 127;7;0;2;4;2;1
202100006531;190 128;7;0;2;1;2;1
202100006532;190 124;7;0;9;8;1;1
202100006532;190 125;15;0;2;2;12;1
202100006533;190 121;7;0;2;3;15;1
202100006533;190 122;7;0;2;3;2;1
202100006533;190 123;14;0;2;1;2;1
202100006534;190 118;7;0;2;1;2;1
202100006534;190 119;7;0;2;4;2;1
202100006534;190 120;7;0;2;4;2;1
202100006535;190 117;7;4;0;2;2;1
202100006536;190 114;7;0;2;1;2;1
202100006536;190 115;7;0;2;4;2;1
202100006536;190 116;10;0;2;4;2;1
202100006537;190 112;7;0;2;1;2;1
202100006537;190 113;7;0;2;4;2;1
202100006538;190 111;7;13;0;7;1;1
202100006539;190 108;15;4;2;1;14;1
202100006539;190 109;15;0;2;3;1;1
202100006539;190 110;7;0;2;8;2;1
202100006540;190 106;10;0;2;8;13;0
202100006540;190 107;33;0;2;7;3;1
202100006541;190 104;7;0;2;7;12;1
202100006541;190 105;33;0;2;8;3;1
202100006542;190 102;7;0;2;1;2;1
202100006542;190 103;7;0;2;4;2;1
202100006543;190 101;7;1;0;7;14;1
202100006544;190 099;41;0;2;8;15;1
202100006544;190 100;7;0;2;2;1;1
202100006545;190 097;7;0;4;3;19;1
202100006545;190 098;40;0;2;2;1;3
202100006546;190 096;7;0;1;1;1;1
202100006547;190 095;7;0;1;7;12;1
202100006548;190 094;0;6;0;3;16;1
202100006549;190 093;7;0;1;1;26;1
202100006550;190 092;7;0;1;2;1;1
202100006551;190 091;7;0;1;2;1;1
202100006552;190 090;7;0;1;1;1;1
202100006553;190 088;7;0;2;1;13;1
202100006553;190 089;7;0;2;1;0;1
202100006554;190 084;3;0;2;1;19;1
202100006554;190 085;33;0;2;5;1;1
202100006555;190 083;7;0;2;8;21;1
202100006556;190 081;32;0;2;0;21;1
202100006556;190 082;30;0;2;0;26;1
202100006557;190 079;7;0;2;3;1;1
202100006557;190 080;33;0;2;2;17;1
202100006558;190 078;30;0;1;1;26;1
202100006559;190 077;33;12;0;0;26;0
202100006560;190 075;7;0;2;8;15;1
202100006560;190 076;2;0;2;7;1;1
202100006561;190 073;7;0;0;8;1;1
202100006561;190 074;7;0;2;1;15;1
202100006562;190 070;7;0;2;4;23;1
202100006562;190 071;10;0;2;1;1;1
202100006562;190 072;7;0;2;1;1;1
202100006563;190 069;7;0;1;3;1;1
202100006564;190 067;7;0;2;1;1;1
202100006564;190 068;30;8;2;7;19;1
202100006565;190 065;2;0;2;4;15;1
202100006565;190 066;7;0;2;2;1;1
202100006566;190 063;7;0;2;1;2;1
202100006566;190 064;33;0;2;4;1;1
202100006567;190 062;7;0;1;1;1;1
202100006568;190 061;10;0;1;5;20;1
202100006569;190 058;7;0;2;4;1;1
202100006569;190 059;7;0;2;4;1;1
202100006569;190 060;7;0;2;1;1;1
202100006570;190 056;7;0;2;2;16;1
202100006570;190 057;32;0;2;1;18;1
202100006571;190 054;30;1;2;1;1;1
202100006571;190 055;7;0;2;3;19;1
202100006572;190 050;7;0;2;3;9;1
202100006572;190 051;2;0;2;4;23;1
202100006573;190 048;7;0;2;1;1;3
202100006573;190 049;7;0;2;3;15;1
202100006574;190 046;10;0;2;1;1;0
202100006574;190 047;10;0;2;6;10;0
202100006575;190 044;7;0;2;3;15;1
202100006575;190 045;33;0;2;1;1;0
202100006576;190 042;32;0;2;1;2;1
202100006576;190 043;7;0;2;3;9;1
202100006577;190 039;7;0;2;2;0;1
202100006577;190 040;7;0;2;6;0;1
202100006577;190 041;7;0;2;8;26;1
202100006578;190 037;60;0;2;0;0;5
202100006578;190 038;7;0;2;1;13;1
202100006579;190 036;7;0;1;2;15;1
202100006580;190 035;2;12;0;7;18;1
202100006581;190 032;7;0;2;4;23;1
202100006581;190 033;7;0;2;4;1;1
202100006581;190 034;7;0;2;1;2;1
202100006582;190 031;33;0;0;0;1;1
202100006583;190 030;7;0;1;1;15;1
202100006584;190 029;1;0;1;1;1;5
202100006585;190 027;7;0;2;1;15;1
202100006585;190 028;7;0;2;2;1;1
202100006586;190 025;32;0;2;3;1;1
202100006586;190 026;7;0;2;3;15;1
202100006587;190 023;2;0;2;4;0;3
202100006587;190 024;7;0;2;2;2;1
202100006588;190 022;34;0;1;1;17;1
202100006589;190 021;7;0;1;2;1;1
202100006590;190 020;31;0;1;2;21;1
202100006591;190 016;7;0;2;3;9;1
202100006591;190 017;33;0;2;5;1;1
202100006591;190 018;7;0;2;3;1;1
202100006591;190 019;7;0;2;2;1;1
202100006592;190 013;10;0;2;6;23;1
202100006592;190 014;7;0;2;1;1;1
202100006592;190 015;30;0;2;1;21;1
202100006593;190 011;7;0;2;1;1;1
202100006593;190 012;7;0;2;8;20;1
202100006594;190 009;37;0;2;2;1;3
202100006594;190 010;7;0;2;3;16;1
202100006595;190 007;7;0;2;2;13;1
202100006595;190 008;7;0;2;3;1;1
202100006596;190 005;7;0;2;3;13;1
202100006596;190 006;7;0;2;1;1;1
202100006597;190 003;1;0;2;8;9;5
202100006597;190 004;37;0;2;1;1;1
202100006598;190 002;7;1;1;1;0;1
202100006599;190 000;1;0;2;8;19;5
202100006599;190 001;7;0;2;1;15;1
202100006600;189 999;7;0;1;1;15;1
202100006601;189 997;33;0;2;2;18;1
202100006601;189 998;7;0;2;2;2;1
202100006602;189 995;7;0;2;1;1;1
202100006602;189 996;10;0;2;3;16;1
202100006603;189 987;7;0;1;1;1;1
202100006604;189 985;7;0;2;1;13;1
202100006604;189 986;7;0;2;1;1;1
202100006605;189 983;2;0;2;3;1;1
202100006605;189 984;0;0;2;0;0;0
202100006606;189 981;7;0;9;3;2;1
202100006606;189 982;60;0;2;2;2;5
202100006607;189 979;7;0;2;1;26;1
202100006607;189 980;7;0;2;2;26;1
202100006608;189 977;7;0;2;1;1;1
202100006608;189 978;1;0;2;1;0;5
202100006609;189 975;7;0;2;3;0;1
202100006609;189 976;7;0;2;2;0;1
202100006610;189 973;7;0;2;1;5;1
202100006610;189 974;2;0;2;7;1;1
202100006611;189 971;7;0;2;2;1;1
202100006611;189 972;7;0;2;8;16;1
202100006612;189 969;40;0;2;1;1;3
202100006612;189 970;7;0;2;8;15;1
202100006613;189 967;50;0;2;7;1;3
202100006613;189 968;7;0;2;1;9;1
202100006614;189 966;7;0;1;1;1;1
202100006615;189 965;30;0;0;0;1;1
202100006616;189 963;7;0;2;6;1;1
202100006616;189 964;50;0;2;1;2;3
202100006617;189 961;7;0;2;1;26;1
202100006617;189 962;7;0;2;3;19;1
202100006618;189 959;7;0;2;0;19;1
202100006618;189 960;3;0;2;5;1;1
202100006619;189 958;30;8;1;1;2;3
202100006620;189 957;7;0;1;1;1;1
202100006621;189 955;7;8;2;8;16;1
202100006621;189 956;7;0;2;1;1;1
202100006622;189 953;7;0;2;2;15;1
202100006622;189 954;1;0;2;1;1;5
202100006623;189 951;33;0;2;2;5;1
202100006623;189 952;7;0;2;2;1;1
202100006624;189 949;7;0;2;2;9;1
202100006624;189 950;7;0;2;3;9;1
202100006625;189 948;7;0;2;3;1;1
202100006626;189 946;1;0;2;3;1;5
202100006626;189 947;7;0;2;2;14;1
202100006627;189 944;7;0;2;3;16;1
202100006627;189 945;1;0;2;1;1;5
202100006628;189 942;7;0;2;1;15;1
202100006628;189 943;31;0;2;1;1;1
202100006629;189 941;31;0;0;8;1;1
202100006630;189 939;7;0;2;1;1;1
202100006630;189 940;7;0;2;4;1;2
202100006631;189 938;7;0;1;1;1;1
202100006632;189 936;33;0;2;1;1;1
202100006632;189 937;7;0;2;2;15;1
202100006633;189 933;7;0;2;1;1;1
202100006633;189 934;7;0;2;1;1;1
202100006633;189 935;7;0;2;1;13;1
202100006634;189 931;7;0;2;0;0;1
202100006634;189 932;2;0;2;1;1;1
202100006635;189 928;7;0;2;8;13;1
202100006635;189 929;17;0;2;3;1;1
202100006635;189 930;17;0;2;3;1;1
202100006636;189 927;7;0;1;1;1;
202100006637;189 924;7;0;2;1;2;1
202100006637;189 925;7;0;2;4;2;1
202100006637;189 926;7;0;2;4;2;1
202100006638;189 923;15;0;1;3;1;1
202100006639;189 919;7;0;2;1;1;1
202100006639;189 920;50;0;2;7;19;3
202100006640;189 917;7;0;2;4;1;1
202100006640;189 918;33;0;2;1;2;1
202100006641;189 916;7;6;0;2;14;1
202100006642;189 914;33;0;2;1;1;1
202100006642;189 915;10;0;9;3;15;1
202100006643;189 912;10;0;2;7;16;1
202100006643;189 913;7;0;2;8;1;1
202100006644;189 909;7;0;1;1;1;1
202100006645;189 908;7;0;1;3;16;3
202100006646;189 907;7;0;1;2;1;1
202100006647;189 905;7;8;0;1;1;1
202100006647;189 906;7;8;0;1;13;1
202100006648;189 903;50;0;2;1;19;3
202100006648;189 904;38;0;2;7;16;1
202100006649;189 902;7;0;1;1;9;1
202100006650;189 901;2;0;0;0;1;1
202100006651;189 899;7;0;2;4;1;1
202100006651;189 900;7;0;2;1;1;1
202100006652;189 897;7;0;2;1;1;1
202100006652;189 898;7;0;2;4;1;1
202100006653;189 895;7;0;2;3;1;1
202100006653;189 896;2;0;2;7;26;1
202100006654;189 894;33;0;0;7;9;1
202100006655;189 892;10;0;2;3;1;1
202100006655;189 893;33;0;2;3;17;1
202100006656;189 890;30;0;2;1;1;1
202100006656;189 891;7;0;2;3;1;1
202100006657;189 888;7;0;2;1;15;1
202100006657;189 889;7;0;2;2;26;1
202100006658;189 886;40;0;2;1;1;0
202100006658;189 887;7;0;4;8;1;1
202100006659;189 884;7;0;2;1;13;1
202100006659;189 885;7;0;2;1;0;2
202100006660;189 881;7;1;2;5;0;1
202100006660;189 882;7;0;2;3;2;1
202100006660;189 883;10;0;2;3;17;1
202100006661;189 880;7;0;0;0;0;1
202100006662;189 878;7;0;2;3;1;1
202100006662;189 879;7;0;2;3;1;1
202100006663;189 876;33;0;2;1;1;1
202100006663;189 877;7;0;2;3;19;1
202100006664;189 873;7;0;2;2;26;1
202100006664;189 874;7;0;2;8;0;1
202100006664;189 875;7;0;2;4;26;1
202100006665;189 871;33;0;2;3;1;1
202100006665;189 872;32;0;2;2;1;1
202100006666;189 869;1;0;2;8;15;5
202100006666;189 870;7;0;2;1;1;1
202100006667;189 868;31;8;0;1;13;1
202100006668;189 866;7;0;9;3;16;1
202100006668;189 867;1;0;2;1;19;6
202100006669;189 864;7;0;2;1;15;2
202100006669;189 865;30;0;2;1;1;1
202100006670;189 861;7;0;2;9;18;1
202100006670;189 862;33;0;2;1;1;1
202100006670;189 863;7;0;2;8;1;1
202100006671;189 858;7;0;2;2;1;1
202100006671;189 859;7;0;2;1;1;1
202100006671;189 860;7;0;0;9;9;1
202100006672;189 856;7;0;2;3;1;1
202100006672;189 857;7;0;2;1;1;1
202100006673;189 854;7;0;2;4;2;1
202100006673;189 855;7;0;2;1;2;1
202100006674;189 851;7;0;0;0;15;1
202100006674;189 852;7;0;2;3;1;1
202100006674;189 853;33;0;2;1;17;1
202100006675;189 850;30;0;0;3;21;1
202100006676;189 848;7;0;2;1;9;1
202100006676;189 849;30;0;2;8;1;1
202100006677;189 846;7;0;2;1;15;1
202100006677;189 847;7;0;2;2;1;1
202100006678;189 844;7;0;9;2;2;1
202100006678;189 845;1;0;2;4;23;5
202100006679;189 842;7;0;2;1;1;0
202100006679;189 843;2;0;2;1;15;0
202100006680;189 840;7;0;2;1;15;1
202100006680;189 841;2;0;2;1;1;1
202100006681;189 839;7;13;0;2;1;1
202100006682;189 838;7;8;0;1;1;1
202100006683;189 836;7;0;2;1;9;1
202100006683;189 837;10;0;2;1;0;1
202100006684;189 834;7;0;2;3;11;1
202100006684;189 835;7;9;9;3;11;1
202100006685;189 832;7;0;2;3;2;2
202100006685;189 833;7;0;2;5;2;1
202100006686;189 831;7;0;1;7;1;1
202100006687;189 827;99;0;2;2;2;5
202100006687;189 828;7;0;9;3;9;1
202100006688;189 825;2;0;2;1;19;1
202100006688;189 826;10;0;2;3;1;1
202100006689;189 823;33;11;2;8;17;1
202100006689;189 824;7;0;2;6;1;1
202100006690;189 821;7;0;2;1;16;1
202100006690;189 822;50;0;2;7;19;3
202100006691;189 819;10;0;2;6;1;1
202100006691;189 820;10;0;2;2;2;1
202100006692;189 818;7;4;0;1;9;1
202100006693;189 816;7;0;2;1;19;1
202100006693;189 817;7;0;2;9;2;1
202100006694;189 815;33;0;2;7;1;1
202100006695;189 813;7;0;2;4;2;1
202100006695;189 814;7;0;2;4;2;1
202100006696;189 812;34;0;1;1;26;0
202100006697;189 811;7;8;0;3;1;1
202100006698;189 810;7;0;1;1;26;1
202100006699;189 808;7;0;2;2;1;1
202100006699;189 809;7;9;0;1;1;1
202100006700;189 806;7;0;2;1;1;1
202100006700;189 807;7;0;2;4;9;1
202100006701;189 802;7;0;2;2;15;1
202100006701;189 803;7;0;2;3;1;1
202100006702;189 800;31;0;2;1;17;1
202100006702;189 801;10;0;2;3;15;1
202100006703;189 798;7;0;2;4;1;1
202100006703;189 799;7;0;2;1;19;1
202100006704;189 796;33;0;2;1;1;1
202100006704;189 797;7;0;2;4;11;1
202100006705;189 795;7;0;1;1;1;1
202100006706;189 793;7;0;2;3;15;1
202100006706;189 794;7;0;2;6;1;1
202100006707;189 791;1;0;2;7;15;5
202100006707;189 792;7;0;2;1;1;1
202100006708;189 790;7;0;1;8;15;1
202100006709;189 788;33;0;2;7;12;1
202100006709;189 789;10;0;2;3;11;1
202100006710;189 786;30;0;2;1;15;1
202100006710;189 787;30;0;2;3;1;1
202100006711;189 785;7;0;1;1;1;1
202100006712;189 784;7;6;0;2;14;1
202100006713;189 783;33;13;0;1;17;1
202100006714;189 782;7;6;0;1;16;1
202100006715;189 781;7;1;0;2;1;1
202100006716;189 779;43;0;2;1;1;1
202100006716;189 780;10;0;2;7;1;1
202100006717;189 776;7;0;2;8;13;1
202100006717;189 777;43;0;2;2;1;1
202100006717;189 778;7;0;2;2;1;1
202100006718;189 774;1;0;2;4;1;5
202100006718;189 775;14;0;2;3;16;1
202100006719;189 772;30;0;2;3;1;3
202100006719;189 773;7;0;2;2;15;1
202100006720;189 771;34;1;1;8;1;1
202100006721;189 769;13;0;2;3;16;0
202100006721;189 770;10;0;2;2;23;1
202100006722;189 767;34;0;0;4;9;1
202100006722;189 768;32;0;2;1;1;1
202100006723;189 766;1;0;1;1;1;5
202100006724;189 764;10;0;2;0;1;0
202100006724;189 765;30;0;2;2;14;1
202100006725;189 763;2;0;1;3;1;1
202100006726;189 761;50;0;2;8;13;3
202100006726;189 762;2;0;0;0;1;0
202100006727;189 759;32;0;2;1;23;1
202100006727;189 760;10;0;2;4;4;1
202100006728;189 757;7;1;2;1;1;1
202100006728;189 758;7;0;2;3;24;1
202100006729;189 756;7;0;1;3;15;1
202100006730;189 754;14;0;2;1;2;1
202100006730;189 755;7;0;2;4;2;1
202100006731;189 752;7;12;2;1;1;1
202100006731;189 753;7;12;2;2;1;1
202100006732;189 750;7;0;2;0;1;0
202100006732;189 751;10;0;2;3;13;1
202100006733;189 748;7;0;2;3;15;1
202100006733;189 749;30;0;2;1;1;1
202100006734;189 746;1;0;2;3;17;5
202100006734;189 747;37;0;2;7;17;1
202100006735;189 744;2;0;2;1;2;1
202100006735;189 745;7;0;2;2;15;1
202100006736;189 742;7;0;2;3;11;1
202100006736;189 743;33;0;2;2;1;1
202100006737;189 740;7;0;2;3;15;1
202100006737;189 741;2;0;2;3;1;1
202100006738;189 739;30;0;0;0;26;1
202100006739;189 737;7;0;2;8;9;1
202100006739;189 738;7;0;2;2;5;1
202100006740;189 735;7;0;2;1;19;1
202100006740;189 736;1;0;2;3;1;5
202100006741;189 733;7;0;2;2;15;1
202100006741;189 734;2;0;2;1;1;1
202100006742;189 731;34;0;2;9;1;1
202100006742;189 732;7;0;2;7;9;1
202100006743;189 730;7;0;1;1;1;1
202100006744;189 728;31;0;2;1;1;1
202100006744;189 729;7;0;2;0;0;1
202100006745;189 726;7;0;2;3;15;1
202100006745;189 727;33;0;2;3;1;1
202100006746;189 724;1;0;2;1;5;5
202100006746;189 725;7;0;2;1;1;1
202100006747;189 722;7;0;2;1;2;1
202100006747;189 723;7;0;0;4;2;1
202100006748;189 719;7;0;0;7;15;1
202100006748;189 720;7;0;2;1;1;1
202100006748;189 721;7;0;0;2;23;1
202100006749;189 717;7;0;2;3;2;1
202100006749;189 718;31;0;2;1;5;1
202100006750;189 715;7;0;2;3;1;1
202100006750;189 716;7;0;2;3;1;1
202100006751;189 713;7;0;2;1;5;1
202100006751;189 714;7;0;2;1;1;1
202100006752;189 712;10;0;1;3;1;1
202100006753;189 711;21;0;1;3;0;1
202100006754;189 709;33;0;2;1;1;1
202100006754;189 710;7;0;2;3;1;1
202100006755;189 708;10;2;0;1;14;1
202100006756;189 706;10;0;2;6;1;1
202100006756;189 707;33;0;2;3;1;1
202100006757;189 705;7;2;0;1;13;1
202100006758;189 703;7;0;2;3;15;1
202100006758;189 704;2;0;2;1;1;1
202100006759;189 702;7;0;1;1;1;1
202100006760;189 700;7;0;2;3;1;1
202100006760;189 701;7;0;2;2;15;1
202100006761;189 699;7;0;1;2;16;1
202100006762;189 698;2;8;0;1;1;1
202100006763;189 696;21;0;2;1;23;1
202100006763;189 697;7;1;0;1;1;1
202100006764;189 695;7;2;0;1;14;1
202100006765;189 693;7;0;2;2;1;1
202100006765;189 694;7;0;2;3;19;1
202100006766;189 692;10;13;0;1;1;1
202100006767;189 691;31;0;9;2;1;1
202100006768;189 689;7;0;0;3;15;1
202100006768;189 690;2;1;2;7;17;1
202100006769;189 688;7;3;0;1;1;1
202100006770;189 686;7;0;2;3;13;1
202100006770;189 687;7;0;2;3;0;1
202100006771;189 685;7;16;0;8;13;1
202100006772;189 684;7;0;0;0;0;1
202100006773;189 682;1;0;0;3;2;5
202100006773;189 683;7;2;0;2;2;1
202100006774;189 680;7;0;2;1;5;1
202100006774;189 681;14;0;2;3;1;1
202100006775;189 676;10;0;2;1;2;1
202100006775;189 677;7;0;2;4;1;1
202100006775;189 678;7;0;2;4;26;1
202100006775;189 679;13;0;2;6;26;1
202100006776;189 673;7;3;2;3;1;1
202100006776;189 674;33;0;2;9;1;1
202100006776;189 675;7;0;2;8;13;0
202100006777;189 671;2;3;2;1;21;1
202100006777;189 672;7;0;2;3;15;1
202100006778;189 669;7;0;0;1;11;1
202100006778;189 670;7;0;0;9;1;1
202100006779;189 668;17;3;0;2;2;1
202100006780;189 666;7;0;2;1;13;1
202100006780;189 667;2;0;2;1;0;1
202100006781;189 664;2;0;2;1;1;1
202100006781;189 665;7;0;2;2;15;1
202100006782;189 663;7;1;0;2;14;1
202100006783;189 662;2;0;1;1;1;1
202100006784;189 660;7;0;2;6;1;1
202100006784;189 661;33;0;2;1;2;1
202100006785;189 658;7;0;2;1;9;1
202100006785;189 659;1;0;2;7;1;5
202100006786;189 656;7;0;2;1;1;1
202100006786;189 657;7;0;2;4;1;1
202100006787;189 652;10;0;2;1;2;1