Num_Acc;id_vehicule;categorie_vehicule;obstacle_fixe;obstacle_mobile;point_choc_initial;manoeuvre_principale;motorisation
202100006787;189 653;7;0;2;1;2;1
202100006787;189 654;7;0;2;4;1;1
202100006787;189 655;7;0;2;1;2;1
202100006788;189 650;34;0;2;3;1;1
202100006788;189 651;10;0;2;5;17;1
202100006789;189 648;7;0;0;4;1;1
202100006789;189 649;7;0;2;0;1;1
202100006790;189 647;33;0;0;9;0;1
202100006791;189 643;10;0;2;1;1;1
202100006791;189 644;7;0;2;9;0;1
202100006791;189 645;7;0;2;1;1;1
202100006791;189 646;7;3;2;1;1;1
202100006792;189 641;34;0;2;7;17;1
202100006792;189 642;7;0;2;6;11;1
202100006793;189 639;7;0;2;2;14;1
202100006793;189 640;7;0;2;6;1;1
202100006794;189 638;7;15;0;2;2;1
202100006795;189 637;7;0;2;4;2;1
202100006796;189 635;7;0;2;1;2;1
202100006796;189 636;7;0;2;4;2;1
202100006797;189 633;33;0;2;8;3;1
202100006797;189 634;7;0;2;2;14;1
202100006798;189 631;10;0;5;0;0;1
202100006798;189 632;7;0;5;0;0;1
202100006799;189 627;7;0;2;1;2;1
202100006799;189 628;10;0;2;4;2;1
202100006799;189 629;7;0;2;4;2;1
202100006799;189 630;7;0;2;1;2;1
202100006800;189 626;7;0;1;2;1;1
202100006801;189 623;10;0;2;1;1;1
202100006801;189 624;7;0;2;4;1;1
202100006801;189 625;7;0;2;4;1;1
202100006802;189 621;37;0;2;1;1;1
202100006802;189 622;7;0;2;4;2;1
202100006803;189 618;14;0;2;1;1;1
202100006803;189 619;7;0;2;4;2;1
202100006803;189 620;7;0;2;4;2;1
202100006804;189 616;7;0;2;8;9;1
202100006804;189 617;33;0;2;7;9;1
202100006805;189 612;33;0;2;8;3;1
202100006805;189 613;7;0;2;7;12;1
202100006805;189 614;7;0;2;7;1;1
202100006805;189 615;7;0;9;5;1;1
202100006806;189 611;10;3;0;7;0;1
202100006807;189 609;10;0;2;1;2;1
202100006807;189 610;7;0;2;4;2;1
202100006808;189 607;10;0;0;5;1;1
202100006808;189 608;43;0;2;1;21;1
202100006809;189 605;7;0;2;1;1;1
202100006809;189 606;10;0;2;4;1;1
202100006810;189 603;7;0;2;2;1;1
202100006810;189 604;7;4;2;6;11;1
202100006811;189 601;7;0;2;6;11;2
202100006811;189 602;33;4;2;2;3;1
202100006812;189 599;32;0;2;7;1;1
202100006812;189 600;7;0;2;8;11;1
202100006813;189 597;31;0;2;4;1;1
202100006813;189 598;7;0;2;1;12;1
202100006814;189 595;33;0;2;1;2;1
202100006814;189 596;7;0;2;6;2;1
202100006815;189 593;7;0;2;5;10;2
202100006815;189 594;43;0;2;1;1;1
202100006816;189 592;50;0;0;0;21;3
202100006817;189 590;1;0;2;1;1;5
202100006817;189 591;14;0;2;2;16;1
202100006818;189 588;7;0;2;0;1;0
202100006818;189 589;50;0;2;8;1;3
202100006819;189 586;7;0;2;2;2;1
202100006819;189 587;7;0;2;6;23;2
202100006820;189 585;30;0;1;1;3;3
202100006821;189 584;7;1;1;1;24;3
202100006822;189 582;7;0;2;3;15;1
202100006822;189 583;7;0;2;8;1;1
202100006823;189 581;7;0;1;1;15;1
202100006824;189 579;33;0;2;1;1;1
202100006824;189 580;7;0;2;3;1;1
202100006825;189 577;80;0;0;4;15;3
202100006825;189 578;7;0;2;1;26;1
202100006826;189 576;37;9;0;1;1;1
202100006827;189 575;50;0;0;0;25;3
202100006828;189 574;37;0;1;6;26;1
202100006829;189 573;32;0;1;0;1;1
202100006830;189 571;7;0;2;1;0;1
202100006830;189 572;7;0;2;5;23;1
202100006831;189 569;7;1;0;1;1;1
202100006831;189 570;7;1;0;4;24;1
202100006832;189 568;7;0;1;2;19;1
202100006833;189 567;31;0;1;2;26;1
202100006834;189 565;7;0;2;3;2;1
202100006834;189 566;10;0;2;6;1;1
202100006835;189 564;7;0;1;6;1;1
202100006836;189 562;7;0;2;3;26;1
202100006836;189 563;30;0;2;1;0;1
202100006837;189 561;7;0;1;2;15;1
202100006838;189 559;31;0;2;1;15;1
202100006838;189 560;7;0;2;6;15;1
202100006839;189 558;7;0;1;1;1;1
202100006840;189 557;7;0;9;1;1;1
202100006841;189 555;1;0;2;1;5;5
202100006841;189 556;13;0;2;6;1;1
202100006842;189 553;7;0;0;1;1;1
202100006842;189 554;7;0;0;8;9;2
202100006843;189 552;33;0;0;0;1;1
202100006844;189 548;7;0;9;3;15;1
202100006844;189 549;1;0;2;1;1;5
202100006845;189 546;7;0;2;3;17;1
202100006845;189 547;7;13;2;9;17;1
202100006846;189 544;7;0;2;4;1;1
202100006846;189 545;33;0;2;1;1;1
202100006847;189 542;7;0;2;3;1;0
202100006847;189 543;7;0;2;0;17;0
202100006848;189 539;7;0;2;1;1;1
202100006848;189 540;7;0;2;9;15;1
202100006848;189 541;7;0;2;3;1;1
202100006849;189 538;7;0;1;2;2;1
202100006850;189 537;7;13;0;1;1;1
202100006851;189 536;7;13;0;2;1;1
202100006852;189 534;7;8;0;1;1;1
202100006853;189 532;7;0;2;1;1;1
202100006853;189 533;7;0;2;3;13;2
202100006854;189 530;7;0;2;2;15;1
202100006854;189 531;7;7;2;3;1;1
202100006855;189 527;7;0;2;3;1;1
202100006855;189 528;15;0;0;8;1;1
202100006855;189 529;7;0;2;3;17;1
202100006856;189 525;2;0;2;1;2;1
202100006856;189 526;2;0;2;4;2;1
202100006857;189 523;7;0;2;3;1;1
202100006857;189 524;7;0;2;3;13;1
202100006858;189 522;13;12;0;3;16;1
202100006859;189 520;7;0;2;1;2;0
202100006859;189 521;21;0;2;4;2;1
202100006860;189 519;7;0;1;3;15;1
202100006861;189 518;39;0;1;3;1;2
202100006862;189 517;7;2;0;1;1;1
202100006863;189 516;7;13;0;2;1;1
202100006864;189 515;1;0;0;0;0;5
202100006865;189 513;33;0;2;2;2;1
202100006865;189 514;7;0;2;8;2;1
202100006866;189 512;7;0;1;1;1;1
202100006867;189 510;7;0;2;1;13;1
202100006867;189 511;7;0;2;1;1;1
202100006868;189 509;7;2;0;3;1;1
202100006869;189 507;7;0;2;1;1;1
202100006869;189 508;7;0;2;1;1;1
202100006870;189 506;7;2;0;8;13;1
202100006871;189 503;7;0;2;3;1;1
202100006871;189 504;7;0;2;2;1;1
202100006871;189 505;7;0;2;1;5;1
202100006872;189 502;7;0;1;2;1;1
202100006873;189 501;7;16;0;1;26;1
202100006874;189 500;7;8;0;3;0;1
202100006875;189 488;7;0;2;1;2;1
202100006875;189 489;7;0;2;4;2;1
202100006875;189 490;7;0;2;4;2;1
202100006875;189 491;7;0;2;4;2;1
202100006875;189 492;7;0;2;4;2;1
202100006875;189 493;7;0;2;4;2;1
202100006875;189 494;7;0;2;4;2;1
202100006875;189 495;7;0;2;4;2;1
202100006875;189 496;7;0;2;4;2;1
202100006875;189 497;16;0;2;1;1;1
202100006875;189 498;7;0;2;4;2;1
202100006875;189 499;10;0;2;4;2;1
202100006876;189 486;38;0;2;3;1;1
202100006876;189 487;7;0;2;1;13;1
202100006877;189 484;7;0;0;4;2;1
202100006877;189 485;43;0;2;1;2;1
202100006878;189 481;7;0;2;1;13;1
202100006878;189 482;7;0;2;1;26;1
202100006878;189 483;7;0;0;6;26;1
202100006879;189 475;7;0;0;4;2;1
202100006879;189 476;7;0;0;4;2;1
202100006879;189 477;7;0;2;8;1;1
202100006879;189 478;10;0;2;8;1;1
202100006879;189 479;7;0;2;1;1;1
202100006879;189 480;7;0;2;7;12;1
202100006880;189 474;7;0;0;1;1;1
202100006881;189 473;7;0;1;1;1;1
202100006882;189 471;7;0;2;8;11;1
202100006882;189 472;7;0;0;2;12;1
202100006883;189 469;7;0;2;1;15;1
202100006883;189 470;2;0;2;1;1;1
202100006884;189 467;7;0;2;4;2;1
202100006884;189 468;7;0;2;1;2;1
202100006885;189 466;7;0;1;1;1;1
202100006886;189 465;7;0;0;0;1;1
202100006887;189 459;7;0;2;1;13;1
202100006887;189 460;7;0;2;1;1;1
202100006888;189 458;14;0;1;0;16;0
202100006889;189 457;33;4;0;8;1;1
202100006890;189 455;15;0;2;2;12;1
202100006890;189 456;7;0;2;8;1;1
202100006891;189 454;7;4;0;3;0;1
202100006892;189 451;33;0;2;1;1;1
202100006892;189 452;7;0;2;8;1;1
202100006892;189 453;7;0;2;7;12;1
202100006893;189 449;33;0;2;8;1;1
202100006893;189 450;7;0;2;2;12;1
202100006894;189 447;7;0;2;5;1;1
202100006894;189 448;7;0;2;3;1;1
202100006895;189 444;7;0;2;2;2;1
202100006895;189 445;7;0;2;3;2;1
202100006895;189 446;7;0;2;3;2;1
202100006896;189 443;7;3;0;1;26;1
202100006897;189 441;30;0;0;7;1;1
202100006897;189 442;7;0;2;3;1;1
202100006898;189 440;30;0;0;0;26;0
202100006899;189 439;7;0;1;2;1;1
202100006900;189 438;7;0;1;3;1;1
202100006901;189 436;13;1;0;7;1;0
202100006901;189 437;7;0;2;3;22;1
202100006902;189 433;7;0;2;5;1;1
202100006902;189 434;7;0;2;6;1;1
202100006902;189 435;33;4;2;9;17;1
202100006903;189 431;10;0;2;3;1;1
202100006903;189 432;1;0;2;1;13;5
202100006904;189 430;7;0;1;1;1;1
202100006905;189 429;7;8;0;1;1;1
202100006906;189 427;10;0;2;3;23;1
202100006906;189 428;30;0;2;1;16;1
202100006907;189 424;7;14;0;2;1;1
202100006907;189 425;7;0;2;5;23;1
202100006907;189 426;7;0;2;6;23;1
202100006908;189 420;7;0;2;4;2;1
202100006908;189 421;7;0;2;4;2;1
202100006908;189 422;7;0;2;4;2;1
202100006908;189 423;10;0;2;1;2;1
202100006909;189 417;7;0;2;2;9;1
202100006909;189 418;2;0;2;2;1;1
202100006910;189 415;7;0;2;1;13;1
202100006910;189 416;7;0;2;1;1;1
202100006911;189 413;33;0;2;1;17;1
202100006911;189 414;7;0;2;8;15;1
202100006912;189 412;7;8;0;1;13;1
202100006913;189 410;7;0;2;4;23;2
202100006913;189 411;7;0;2;1;2;1
202100006914;189 408;7;0;2;0;0;1
202100006914;189 409;34;0;2;3;25;1
202100006915;189 407;1;0;0;1;1;2
202100006916;189 405;7;0;2;4;23;1
202100006916;189 406;7;0;2;1;1;1
202100006917;189 402;7;0;1;1;15;1
202100006918;189 401;7;0;1;1;1;1
202100006919;189 400;7;0;1;1;1;1
202100006920;189 398;10;0;2;1;1;1
202100006920;189 399;7;0;2;4;1;1
202100006921;189 396;7;3;0;3;1;1
202100006921;189 397;7;14;0;3;21;1
202100006922;189 394;7;0;2;7;1;1
202100006922;189 395;10;0;2;1;1;1
202100006923;189 392;1;0;2;1;0;6
202100006923;189 393;7;0;0;0;0;1
202100006924;189 390;7;4;2;5;0;1
202100006924;189 391;7;0;2;1;2;1
202100006925;189 388;10;0;2;4;9;0
202100006925;189 389;1;0;2;1;9;0
202100006926;189 387;32;1;2;2;14;1
202100006927;189 384;7;0;2;2;2;1
202100006927;189 385;7;0;2;6;2;1
202100006927;189 386;7;0;2;4;2;1
202100006928;189 382;7;0;2;7;17;1
202100006928;189 383;1;0;2;8;2;5
202100006929;189 380;7;1;0;0;0;0
202100006929;189 381;7;0;2;0;0;0
202100006930;189 378;7;0;2;8;15;1
202100006930;189 379;7;0;2;2;17;1
202100006931;189 377;33;0;1;1;1;1
202100006932;189 376;7;0;1;1;26;1
202100006933;189 374;2;0;2;3;1;1
202100006933;189 375;7;0;2;5;17;1
202100006934;189 372;7;0;2;2;2;1
202100006934;189 373;7;0;2;6;18;1
202100006935;189 370;7;0;2;7;12;1
202100006935;189 371;34;0;2;8;3;1
202100006936;189 368;33;0;2;3;3;1
202100006936;189 369;10;0;2;6;14;0
202100006937;189 367;40;0;1;7;1;3
202100006938;189 366;30;0;1;1;1;1
202100006939;189 364;7;0;2;3;9;1
202100006939;189 365;43;0;2;8;5;1
202100006940;189 363;7;0;0;9;1;2
202100006941;189 362;2;0;0;7;1;1
202100006942;189 361;7;0;1;0;1;0
202100006943;189 359;37;1;2;3;21;1
202100006943;189 360;7;0;2;7;12;1
202100006944;189 357;7;0;2;3;1;1
202100006944;189 358;7;0;2;2;1;1
202100006945;189 355;7;0;2;1;21;1
202100006945;189 356;34;0;2;1;1;1
202100006946;189 353;7;0;2;2;15;1
202100006946;189 354;7;0;2;1;1;1
202100006947;189 351;7;0;2;3;1;2
202100006947;189 352;7;0;2;2;1;1
202100006948;189 349;7;0;2;7;1;1
202100006948;189 350;7;0;2;1;1;1
202100006949;189 347;34;0;2;1;1;0
202100006949;189 348;3;0;2;1;11;0
202100006950;189 345;7;0;2;6;24;1
202100006950;189 346;7;1;0;2;2;1
202100006951;189 344;7;0;1;3;1;1
202100006952;189 343;7;13;0;2;1;1
202100006953;189 339;7;1;0;2;1;1
202100006954;189 337;7;1;2;1;5;1
202100006954;189 338;7;0;2;1;5;1
202100006955;189 333;7;0;2;2;1;1
202100006955;189 334;7;0;2;3;1;1
202100006956;189 332;2;13;0;3;16;1
202100006957;189 330;7;0;2;2;1;1
202100006957;189 331;7;0;2;3;16;1
202100006958;189 328;33;0;2;1;2;1
202100006958;189 329;7;0;2;4;2;1
202100006959;189 326;1;0;2;6;15;5
202100006959;189 327;7;0;9;3;1;1
202100006960;189 323;7;0;2;1;19;1
202100006960;189 324;10;6;2;8;1;1
202100006960;189 325;10;0;2;1;1;1
202100006961;189 321;7;0;2;3;1;1
202100006961;189 322;7;0;2;3;17;1
202100006962;189 320;7;13;0;7;1;1
202100006963;189 319;7;13;0;3;1;1
202100006964;189 315;7;0;2;3;5;1
202100006964;189 316;2;0;2;1;1;1
202100006965;189 314;7;0;0;9;1;1
202100006966;189 313;7;13;0;1;1;1
202100006967;189 312;7;3;0;2;1;1
202100006968;189 309;7;0;2;1;5;1
202100006968;189 310;7;0;2;1;1;1
202100006969;189 307;7;0;2;1;2;1
202100006969;189 308;7;0;0;4;1;1
202100006970;189 305;17;0;2;1;1;1
202100006970;189 306;7;0;2;1;13;1
202100006971;189 303;7;7;2;7;13;2
202100006971;189 304;7;0;2;8;1;1
202100006972;189 302;10;8;0;9;14;1
202100006973;189 301;7;4;0;2;0;1
202100006974;189 299;7;0;2;3;1;1
202100006974;189 300;7;0;2;3;1;1
202100006975;189 298;7;8;0;8;1;1
202100006976;189 296;1;0;2;3;1;5
202100006976;189 297;99;0;9;2;15;1
202100006977;189 295;7;2;0;1;0;1
202100006978;189 293;30;0;2;2;17;1
202100006978;189 294;7;0;2;3;15;1
202100006979;189 291;7;0;2;1;13;1
202100006979;189 292;7;8;2;3;1;1
202100006980;189 290;7;0;1;1;1;1
202100006981;189 288;7;0;2;4;1;1
202100006981;189 289;7;0;2;0;0;1
202100006982;189 287;7;4;0;3;21;1
202100006983;189 282;99;0;2;1;2;1
202100006983;189 283;7;0;2;4;2;1
202100006983;189 284;7;0;2;4;2;1
202100006984;189 279;14;0;2;4;23;1
202100006984;189 280;7;0;2;4;2;1
202100006984;189 281;13;0;2;1;2;1
202100006985;189 278;10;4;0;1;14;1
202100006986;189 275;7;0;2;1;18;1
202100006986;189 276;7;0;2;6;2;1
202100006986;189 277;7;0;2;5;2;1
202100006987;189 271;7;0;2;4;2;1
202100006987;189 272;7;0;2;1;2;1
202100006988;189 269;7;0;2;4;2;1
202100006988;189 270;7;0;2;1;1;1
202100006989;189 268;7;4;0;3;13;1
202100006990;189 265;7;0;2;1;2;1
202100006990;189 266;7;0;2;4;2;1
202100006990;189 267;10;0;2;4;1;1
202100006991;189 262;7;4;0;3;1;1
202100006992;189 260;7;0;2;6;1;1
202100006992;189 261;7;0;2;2;2;1
202100006993;189 257;7;0;2;4;21;1
202100006993;189 258;7;0;2;6;1;1
202100006993;189 259;7;0;2;1;21;1
202100006994;189 256;33;0;2;2;17;1
202100006995;189 254;7;0;2;3;1;1
202100006995;189 255;30;0;2;1;1;1
202100006996;189 252;15;0;2;3;1;0
202100006996;189 253;10;0;2;1;13;1
202100006997;189 250;7;0;2;7;11;1
202100006997;189 251;7;0;2;7;13;1
202100006998;189 249;10;16;0;7;14;1
202100006999;189 247;7;0;2;5;2;2
202100006999;189 248;33;0;2;4;0;1
202100007000;189 245;10;0;2;4;2;1
202100007000;189 246;7;0;2;1;2;1
202100007001;189 244;0;0;0;0;0;0
202100007002;189 241;7;0;2;4;26;1
202100007002;189 242;7;0;2;4;1;3
202100007002;189 243;7;0;2;1;1;1
202100007003;189 240;7;0;1;2;17;1
202100007004;189 238;7;0;2;3;15;1
202100007004;189 239;33;0;2;1;17;1
202100007005;189 236;7;0;2;4;26;1
202100007005;189 237;31;0;2;1;21;1
202100007006;189 234;7;0;2;8;10;1
202100007006;189 235;33;0;2;1;2;1
202100007007;189 232;1;0;0;0;0;5
202100007007;189 233;7;0;2;5;15;1
202100007008;189 230;7;0;2;5;1;1
202100007008;189 231;33;0;2;9;17;1
202100007009;189 228;7;0;2;1;15;1
202100007009;189 229;2;0;2;1;1;1
202100007010;189 226;7;0;2;1;15;1
202100007010;189 227;33;0;2;0;1;1
202100007011;189 224;7;0;2;3;15;1
202100007011;189 225;32;8;2;1;17;1
202100007012;189 223;7;0;1;3;2;1
202100007013;189 221;1;0;2;1;1;5
202100007013;189 222;7;0;2;3;15;1
202100007014;189 219;7;0;2;3;16;1
202100007014;189 220;2;0;2;1;1;1
202100007015;189 218;33;0;2;4;1;1
202100007016;189 216;7;0;2;0;5;1
202100007016;189 217;2;0;2;1;1;1
202100007017;189 215;7;6;0;1;15;1
202100007018;189 214;7;1;0;3;1;1
202100007019;189 213;30;0;1;7;1;1
202100007020;189 211;7;0;2;3;15;1
202100007020;189 212;32;0;2;1;1;1
202100007021;189 209;33;0;2;4;12;1
202100007021;189 210;33;0;2;1;1;1
202100007022;189 207;7;0;2;1;1;1
202100007022;189 208;7;0;2;1;5;1
202100007023;189 205;40;0;2;2;1;3
202100007023;189 206;7;0;4;3;5;2
202100007024;189 202;7;0;2;3;2;1
202100007024;189 203;7;0;2;3;2;1
202100007024;189 204;7;0;2;5;2;1
202100007025;189 200;7;0;2;1;1;0
202100007025;189 201;30;0;2;1;15;1
202100007026;189 198;7;0;2;4;1;1
202100007026;189 199;7;0;2;1;9;1
202100007027;189 196;7;0;2;1;2;1
202100007027;189 197;7;0;2;4;2;1
202100007028;189 194;7;0;2;6;15;1
202100007028;189 195;2;0;2;1;1;1
202100007029;189 190;7;0;2;1;26;1
202100007029;189 191;10;0;2;4;26;1
202100007029;189 192;7;0;2;4;26;1
202100007029;189 193;7;0;2;4;26;1
202100007030;189 189;7;0;1;1;12;1
202100007031;189 187;7;0;2;3;15;1
202100007031;189 188;10;0;2;1;1;1
202100007032;189 186;7;0;1;2;1;1
202100007033;189 185;34;0;0;1;16;1
202100007034;189 183;7;0;2;1;0;0
202100007034;189 184;7;0;2;2;0;0
202100007035;189 181;7;0;1;6;1;1
202100007035;189 182;7;0;1;3;1;1
202100007036;189 180;7;8;0;1;13;1
202100007037;189 178;2;0;2;1;1;1
202100007037;189 179;7;0;2;2;12;1
202100007038;189 176;1;0;2;1;19;5
202100007038;189 177;7;0;2;3;1;1
202100007039;189 174;30;0;2;2;12;1
202100007039;189 175;7;0;2;3;1;1
202100007040;189 172;30;0;2;3;1;3
202100007040;189 173;7;0;2;5;15;1
202100007041;189 170;31;0;2;1;13;1
202100007041;189 171;7;0;2;1;1;1
202100007042;189 168;7;0;2;2;1;1
202100007042;189 169;7;0;2;3;15;1
202100007043;189 165;7;0;2;4;23;1
202100007043;189 166;32;0;2;4;3;1
202100007043;189 167;43;0;2;1;3;1
202100007044;189 164;1;0;0;0;1;5
202100007045;189 162;7;0;2;8;1;2
202100007045;189 163;7;0;2;1;1;1
202100007046;189 160;30;0;2;1;1;1
202100007046;189 161;1;0;2;8;15;5
202100007047;189 159;7;9;0;1;13;1
202100007048;189 158;3;1;0;1;13;3
202100007049;189 157;7;0;1;2;20;1
202100007050;189 155;30;0;2;3;2;3
202100007050;189 156;7;0;2;5;23;1
202100007051;189 152;7;0;2;1;2;1
202100007051;189 153;7;0;2;4;2;1
202100007051;189 154;7;0;2;4;1;2
202100007052;189 150;7;0;2;3;11;1
202100007052;189 151;2;0;2;3;2;1
202100007053;189 148;7;0;2;1;1;0
202100007053;189 149;33;0;2;4;23;1
202100007054;189 146;7;0;2;7;2;1
202100007054;189 147;30;0;2;1;2;1
202100007055;189 143;7;0;2;1;2;1
202100007055;189 144;7;0;2;1;2;1
202100007055;189 145;7;0;2;4;2;1
202100007056;189 141;33;9;2;3;1;1
202100007056;189 142;7;9;0;1;19;1
202100007057;189 139;7;0;2;4;2;1
202100007057;189 140;7;0;2;1;2;1
202100007058;189 137;31;1;0;0;0;0
202100007058;189 138;7;1;2;1;1;1
202100007059;189 136;50;0;1;1;25;3
202100007060;189 135;7;0;0;0;1;2
202100007061;189 134;7;0;1;1;1;1
202100007062;189 133;7;4;0;1;14;1
202100007063;189 130;7;0;2;1;2;1
202100007063;189 131;7;0;2;1;23;2
202100007063;189 132;7;0;2;4;23;1
202100007064;189 129;1;0;0;8;1;5
202100007065;189 127;7;12;2;4;1;1
202100007065;189 128;7;8;2;1;2;2
202100007066;189 125;7;0;2;3;13;3
202100007066;189 126;34;0;2;8;1;1
202100007067;189 123;7;0;2;1;1;1
202100007067;189 124;10;0;2;2;1;2
202100007068;189 121;7;0;2;1;13;1
202100007068;189 122;7;0;2;1;1;1
202100007069;189 119;2;0;2;1;17;1
202100007069;189 120;10;0;2;3;15;1
202100007070;189 118;7;13;0;1;1;1
202100007071;189 117;31;13;0;1;1;1
202100007072;189 116;7;2;0;2;1;1
202100007073;189 115;36;2;0;0;1;1
202100007074;189 113;7;0;2;1;17;1
202100007074;189 114;2;0;2;1;1;1
202100007075;189 111;2;13;9;2;21;1
202100007075;189 112;10;0;2;6;9;1
202100007076;189 110;10;13;0;3;1;1
202100007077;189 108;7;0;2;1;1;1
202100007077;189 109;7;0;2;8;1;1
202100007078;189 106;10;0;2;3;1;1
202100007078;189 107;7;0;0;2;21;1
202100007079;189 105;30;0;0;0;0;1
202100007080;189 104;7;5;0;1;1;1
202100007081;189 102;7;0;2;3;1;1
202100007081;189 103;7;0;2;1;1;1
202100007082;189 101;36;0;0;2;16;1
202100007083;189 100;7;0;5;1;1;1
202100007084;189 097;33;0;0;8;1;1
202100007085;189 095;7;0;0;6;1;1
202100007085;189 096;33;0;2;0;11;1
202100007086;189 094;7;13;0;1;1;1
202100007087;189 092;33;0;2;1;1;1
202100007087;189 093;7;0;2;3;17;1
202100007088;189 091;7;0;1;2;1;1
202100007089;189 090;7;0;0;2;1;1
202100007090;189 089;7;8;0;3;1;1
202100007091;189 087;7;0;2;2;1;1
202100007091;189 088;7;6;2;3;19;1
202100007092;189 085;7;0;2;3;1;1
202100007092;189 086;14;0;0;5;1;1
202100007093;189 084;36;13;0;1;1;1
202100007094;189 083;7;0;1;0;1;1
202100007095;189 082;7;13;0;1;1;1
202100007096;189 081;7;0;1;1;1;1
202100007097;189 080;7;2;0;2;0;1
202100007098;189 079;7;2;0;8;1;1
202100007099;189 078;33;0;0;0;1;1
202100007100;189 077;7;2;0;1;1;1
202100007101;189 072;7;0;0;4;1;1
202100007101;189 073;7;2;0;4;1;1
202100007101;189 074;10;0;2;5;1;1
202100007101;189 075;10;0;2;1;17;1
202100007102;189 070;21;0;2;1;19;1
202100007102;189 071;7;0;2;1;1;1
202100007103;189 069;7;2;0;8;1;1
202100007104;189 067;7;13;0;0;26;1
202100007105;189 066;7;4;0;3;16;1
202100007106;189 064;7;0;2;5;12;1
202100007106;189 065;33;0;2;3;3;1
202100007107;189 063;7;4;0;7;9;1
202100007108;189 060;10;0;1;1;1;1
202100007108;189 061;7;0;1;1;1;1
202100007108;189 062;7;0;1;6;1;3
202100007109;189 058;7;3;2;7;14;1
202100007109;189 059;7;0;2;8;1;1
202100007110;189 056;7;0;2;1;9;1
202100007110;189 057;7;4;2;5;2;1
202100007111;189 054;31;0;2;3;3;1
202100007111;189 055;7;0;2;2;12;0
202100007112;189 053;7;3;0;1;1;1
202100007113;189 051;7;0;2;1;1;1
202100007113;189 052;7;0;2;4;1;1
202100007114;189 049;7;0;2;4;1;1
202100007114;189 050;7;0;2;1;2;1
202100007115;189 048;7;3;0;9;1;0
202100007116;189 046;10;0;2;2;21;1
202100007116;189 047;7;0;2;6;6;1
202100007117;189 045;7;0;1;2;1;1
202100007118;189 044;30;0;1;0;0;1
202100007119;189 042;10;0;1;1;1;1
202100007120;189 041;7;0;1;8;1;1
202100007121;189 040;7;0;1;1;9;1
202100007122;189 039;7;0;1;3;1;1
202100007123;189 037;7;0;2;4;23;1
202100007123;189 038;7;0;2;1;23;1
202100007124;189 036;0;0;1;2;26;0
202100007125;189 035;0;0;1;7;14;0
202100007126;189 033;7;0;2;1;0;1
202100007126;189 034;1;0;2;4;0;5
202100007127;189 029;7;0;1;5;16;1
202100007128;189 027;7;0;2;1;9;1
202100007128;189 028;7;0;2;8;1;1
202100007129;189 025;3;0;2;7;16;1
202100007129;189 026;80;0;2;1;2;3
202100007130;189 024;7;1;0;2;14;1
202100007131;189 022;33;0;2;1;21;1
202100007131;189 023;7;0;2;6;2;1
202100007132;189 021;7;0;0;0;1;1
202100007133;189 019;7;0;2;3;1;1
202100007133;189 020;7;0;2;1;1;1
202100007134;189 018;7;1;0;2;1;3
202100007135;189 016;7;16;2;3;13;1
202100007135;189 017;7;0;2;3;1;1
202100007136;189 014;1;0;2;4;0;5
202100007136;189 015;7;0;2;3;15;1
202100007137;189 012;7;0;2;2;15;1
202100007137;189 013;2;0;2;1;1;3
202100007138;189 010;7;0;2;1;15;1
202100007138;189 011;30;0;2;1;11;1
202100007139;189 009;2;0;1;1;17;1
202100007140;189 007;7;0;0;8;15;1
202100007140;189 008;33;0;0;1;2;1
202100007141;189 005;7;0;2;1;15;1
202100007141;189 006;2;0;2;1;1;1
202100007142;189 003;7;0;2;4;2;1
202100007142;189 004;7;0;2;1;2;1
202100007143;189 001;7;0;2;3;9;0
202100007143;189 002;30;0;2;1;26;1
202100007144;188 999;7;0;2;1;2;1
202100007144;189 000;1;0;2;7;2;0
202100007145;188 997;3;0;2;3;15;1
202100007145;188 998;33;0;2;7;15;1
202100007146;188 995;7;0;2;2;16;1
202100007146;188 996;7;0;2;3;2;1
202100007147;188 993;10;0;0;4;2;1
202100007147;188 994;7;0;2;1;2;1
202100007148;188 992;30;0;1;1;19;1
202100007149;188 990;7;0;2;3;1;1
202100007149;188 991;1;0;2;1;9;5
202100007150;188 988;30;0;2;1;2;1
202100007150;188 989;34;0;2;0;0;0
202100007151;188 986;7;0;2;1;1;1
202100007151;188 987;7;8;2;1;1;1
202100007152;188 984;7;0;2;4;2;1
202100007152;188 985;7;0;2;1;2;1
202100007153;188 982;7;0;2;5;9;0
202100007153;188 983;7;0;2;1;15;1
202100007154;188 980;7;0;2;1;1;1
202100007154;188 981;7;0;2;4;1;1
202100007155;188 979;7;0;1;3;1;0
202100007156;188 978;33;0;1;2;19;1
202100007157;188 976;7;0;2;4;2;2
202100007157;188 977;7;0;2;1;2;1
202100007158;188 974;7;0;2;0;9;1
202100007158;188 975;2;14;2;8;21;1
202100007159;188 972;7;0;2;3;10;3
202100007159;188 973;33;0;2;1;17;1
202100007160;188 970;33;0;2;1;1;1
202100007160;188 971;7;0;2;3;15;1
202100007161;188 966;7;0;2;1;16;1
202100007161;188 967;7;0;2;3;23;2
202100007161;188 968;7;0;2;6;23;1
202100007161;188 969;7;0;2;1;23;1
202100007162;188 964;7;0;2;4;0;1
202100007162;188 965;7;0;2;1;2;1
202100007163;188 962;7;0;2;2;15;1
202100007163;188 963;7;0;2;1;1;1
202100007164;188 959;33;0;2;7;12;1
202100007164;188 960;7;0;2;3;1;1
202100007165;188 957;33;0;2;1;1;1
202100007165;188 958;7;0;2;2;9;1
202100007166;188 948;7;0;1;3;9;1
202100007167;188 947;7;0;1;1;1;1
202100007168;188 946;10;0;1;2;1;1
202100007169;188 944;7;0;2;2;15;1
202100007169;188 945;7;0;2;2;1;1
202100007170;188 942;7;0;2;1;2;1
202100007170;188 943;33;0;2;4;2;1
202100007171;188 940;7;0;2;5;13;1
202100007171;188 941;31;0;2;1;16;1
202100007172;188 938;7;0;2;4;1;1