Num_Acc;id_vehicule;categorie_vehicule;obstacle_fixe;obstacle_mobile;point_choc_initial;manoeuvre_principale;motorisation
202100007550;188 245;10;0;2;5;14;1
202100007550;188 246;32;0;2;8;2;1
202100007551;188 243;7;0;2;8;1;0
202100007551;188 244;15;0;2;2;12;0
202100007552;188 242;33;0;2;1;1;1
202100007553;188 240;7;0;2;4;1;1
202100007553;188 241;33;0;2;1;1;1
202100007554;188 238;7;0;2;4;2;1
202100007554;188 239;10;0;2;1;2;1
202100007555;188 237;7;4;0;1;1;1
202100007556;188 235;33;0;2;3;3;1
202100007556;188 236;7;0;2;2;12;1
202100007557;188 234;7;13;0;3;1;1
202100007558;188 233;7;8;0;9;1;1
202100007559;188 232;21;0;1;4;4;1
202100007560;188 229;10;0;2;1;1;1
202100007560;188 230;13;0;2;3;1;1
202100007560;188 231;36;0;2;4;15;1
202100007561;188 227;7;0;2;1;1;1
202100007561;188 228;7;0;2;1;13;1
202100007562;188 225;7;0;2;4;2;1
202100007562;188 226;7;0;2;6;15;1
202100007563;188 223;31;0;2;8;15;1
202100007563;188 224;99;0;2;3;17;0
202100007564;188 221;7;0;2;7;15;1
202100007564;188 222;2;0;2;1;1;1
202100007565;188 219;3;0;2;2;1;0
202100007565;188 220;7;0;2;7;15;1
202100007566;188 217;7;0;2;7;16;1
202100007566;188 218;33;0;2;1;1;1
202100007567;188 215;31;0;2;2;1;1
202100007567;188 216;7;0;2;3;1;1
202100007568;188 214;7;0;0;9;1;1
202100007569;188 212;7;0;2;4;2;1
202100007569;188 213;34;0;2;1;2;1
202100007570;188 210;7;0;2;2;2;1
202100007570;188 211;32;0;2;8;3;1
202100007571;188 208;37;0;2;2;2;1
202100007571;188 209;7;0;2;6;1;1
202100007572;188 207;7;0;1;1;1;1
202100007573;188 205;7;0;2;3;1;1
202100007573;188 206;14;0;2;5;23;1
202100007574;188 203;7;0;2;2;23;1
202100007574;188 204;43;0;2;1;1;1
202100007575;188 202;7;0;1;1;15;1
202100007576;188 200;10;0;2;5;1;1
202100007576;188 201;33;0;2;1;18;1
202100007577;188 199;7;0;1;1;1;1
202100007578;188 197;37;0;2;3;7;1
202100007578;188 198;7;0;2;5;16;1
202100007579;188 193;33;0;2;4;2;1
202100007579;188 194;2;0;2;1;2;1
202100007580;188 190;7;0;2;1;2;1
202100007580;188 191;7;0;2;4;2;1
202100007581;188 187;7;0;2;1;2;1
202100007581;188 188;7;0;2;4;2;1
202100007581;188 189;7;0;5;4;2;1
202100007582;188 185;30;0;2;1;1;1
202100007582;188 186;7;0;2;6;1;1
202100007583;188 183;7;0;2;1;1;1
202100007583;188 184;7;0;2;4;1;1
202100007584;188 182;7;12;0;1;1;1
202100007585;188 180;7;0;2;5;14;1
202100007585;188 181;1;0;2;1;1;5
202100007586;188 178;7;0;2;1;2;1
202100007586;188 179;7;0;2;4;23;1
202100007587;188 177;50;0;1;1;1;3
202100007588;188 175;32;0;0;2;15;1
202100007588;188 176;7;0;0;1;1;1
202100007589;188 173;7;0;2;1;16;1
202100007589;188 174;50;0;2;1;1;3
202100007590;188 172;30;0;0;7;1;1
202100007591;188 170;7;0;2;8;15;1
202100007591;188 171;33;0;2;7;17;1
202100007592;188 168;2;0;2;3;1;1
202100007592;188 169;7;0;2;7;19;1
202100007593;188 166;2;0;2;1;1;1
202100007593;188 167;7;0;2;1;15;2
202100007594;188 164;7;0;2;4;15;1
202100007594;188 165;7;0;2;3;0;1
202100007595;188 162;7;0;2;1;2;1
202100007595;188 163;7;0;2;4;2;1
202100007596;188 161;7;0;1;1;16;1
202100007597;188 160;2;1;0;1;14;1
202100007598;188 157;7;0;2;4;1;1
202100007598;188 158;7;0;2;4;1;1
202100007598;188 159;7;0;2;3;1;1
202100007599;188 155;7;0;2;1;13;1
202100007599;188 156;7;0;2;1;1;1
202100007600;188 154;7;0;1;1;1;1
202100007601;188 152;50;0;2;5;9;3
202100007601;188 153;10;0;2;7;26;1
202100007602;188 150;3;1;9;3;16;1
202100007602;188 151;50;0;2;0;0;3
202100007603;188 149;7;0;1;2;1;0
202100007604;188 147;30;0;2;3;0;1
202100007604;188 148;7;0;2;2;9;1
202100007605;188 145;7;0;2;3;5;1
202100007605;188 146;7;0;2;3;1;1
202100007606;188 144;7;1;0;9;1;1
202100007607;188 143;7;0;1;1;0;1
202100007608;188 141;30;0;2;1;2;1
202100007608;188 142;7;0;2;4;15;1
202100007609;188 140;7;0;1;8;1;1
202100007610;188 139;7;0;1;1;1;1
202100007611;188 138;38;0;1;7;16;1
202100007612;188 136;10;0;2;3;15;1
202100007612;188 137;10;0;2;1;0;1
202100007613;188 135;7;8;0;3;1;1
202100007614;188 134;7;1;0;1;13;1
202100007615;188 133;7;0;1;2;15;1
202100007616;188 132;7;0;1;1;21;1
202100007617;188 128;7;0;2;1;1;1
202100007617;188 129;7;0;2;1;1;1
202100007617;188 130;7;0;2;1;1;1
202100007617;188 131;7;0;2;1;1;1
202100007618;188 126;7;0;2;3;1;1
202100007618;188 127;1;0;2;1;1;5
202100007619;188 125;7;1;0;2;14;1
202100007620;188 123;7;0;2;2;26;1
202100007620;188 124;1;0;2;8;26;5
202100007621;188 122;7;0;1;2;1;1
202100007622;188 120;7;0;2;8;15;1
202100007622;188 121;2;0;2;1;1;1
202100007623;188 119;7;0;1;2;1;1
202100007624;188 117;31;0;2;8;1;1
202100007624;188 118;7;0;2;1;15;1
202100007625;188 115;7;0;2;1;0;1
202100007625;188 116;1;0;2;1;0;5
202100007626;188 113;31;0;2;1;1;1
202100007626;188 114;7;0;2;5;15;1
202100007627;188 111;43;0;2;1;9;1
202100007627;188 112;14;0;2;6;10;1
202100007628;188 109;7;0;2;3;13;1
202100007628;188 110;7;2;2;6;1;1
202100007629;188 108;7;0;1;2;15;1
202100007630;188 105;7;16;0;4;26;1
202100007631;188 104;7;4;0;3;1;1
202100007632;188 102;7;0;2;1;16;1
202100007632;188 103;7;0;2;2;1;1
202100007633;188 101;7;12;1;2;14;1
202100007634;188 100;7;0;1;3;1;1
202100007635;188 098;1;1;0;1;1;5
202100007635;188 099;10;0;2;8;22;1
202100007636;188 097;7;0;1;2;20;1
202100007637;188 095;7;0;2;3;15;1
202100007637;188 096;7;0;2;2;17;1
202100007638;188 093;7;0;2;3;1;1
202100007638;188 094;7;0;2;8;15;2
202100007639;188 091;43;0;2;2;12;1
202100007639;188 092;7;0;2;6;1;1
202100007640;188 090;7;0;1;1;1;1
202100007641;188 087;7;0;2;6;2;1
202100007641;188 088;10;0;2;2;2;1
202100007641;188 089;10;0;2;2;2;1
202100007642;188 086;7;0;1;2;16;2
202100007643;188 085;1;0;0;1;1;5
202100007644;188 084;10;0;1;1;1;1
202100007645;188 082;50;0;2;1;25;3
202100007645;188 083;7;0;2;2;1;1
202100007646;188 081;7;0;1;5;20;1
202100007647;188 080;7;0;1;5;13;1
202100007648;188 078;10;0;2;5;1;1
202100007648;188 079;7;0;2;3;11;1
202100007649;188 075;7;0;2;7;14;1
202100007649;188 076;33;0;2;3;3;1
202100007649;188 077;10;0;2;8;1;1
202100007650;188 074;7;0;1;2;1;1
202100007651;188 072;33;0;2;1;1;1
202100007651;188 073;32;0;2;4;23;1
202100007652;188 070;10;0;2;3;1;1
202100007652;188 071;7;0;2;4;23;1
202100007653;188 069;2;0;0;0;21;3
202100007654;188 068;80;0;1;0;1;3
202100007655;188 066;10;0;2;3;2;1
202100007655;188 067;33;0;2;4;2;1
202100007656;188 064;7;0;2;1;15;1
202100007656;188 065;60;0;2;8;19;5
202100007657;188 063;1;0;2;7;21;5
202100007658;188 061;7;0;2;6;15;3
202100007658;188 062;30;0;2;2;5;1
202100007659;188 059;7;0;2;3;15;1
202100007659;188 060;33;0;2;0;17;1
202100007660;188 057;30;0;2;1;1;3
202100007660;188 058;80;0;2;1;1;3
202100007661;188 056;7;1;1;2;1;2
202100007662;188 054;7;0;2;8;10;2
202100007662;188 055;32;0;2;1;17;1
202100007663;188 053;7;0;1;2;1;1
202100007664;188 051;7;0;2;3;15;1
202100007664;188 052;43;0;2;2;17;1
202100007665;188 049;34;0;2;1;17;1
202100007665;188 050;1;0;2;1;5;5
202100007666;188 046;10;0;2;1;1;1
202100007666;188 047;7;0;2;4;1;1
202100007666;188 048;33;0;2;4;23;1
202100007667;188 045;32;0;0;8;1;1
202100007668;188 044;30;0;0;8;16;1
202100007669;188 040;30;0;2;2;11;1
202100007669;188 041;7;0;2;2;11;1
202100007670;188 038;7;0;2;0;0;1
202100007670;188 039;50;0;2;7;0;3
202100007671;188 036;33;0;2;2;3;1
202100007671;188 037;7;0;2;3;15;1
202100007672;188 035;7;0;1;1;15;1
202100007673;188 034;33;0;1;2;19;1
202100007674;188 032;7;0;2;4;2;1
202100007674;188 033;7;0;2;1;1;1
202100007675;188 031;14;0;1;0;15;0
202100007676;188 030;7;0;1;3;23;1
202100007677;188 028;7;0;1;1;1;1
202100007677;188 029;7;1;0;4;1;1
202100007678;188 026;7;0;2;2;15;1
202100007678;188 027;1;0;2;7;1;5
202100007679;188 024;7;0;2;1;2;1
202100007679;188 025;7;0;2;4;2;1
202100007680;188 022;7;0;2;8;1;1
202100007680;188 023;7;0;2;1;1;1
202100007681;188 021;7;0;1;2;21;2
202100007682;188 019;7;0;2;2;16;1
202100007682;188 020;2;0;2;3;18;1
202100007683;188 018;7;6;0;1;1;1
202100007684;188 017;32;0;1;7;21;1
202100007685;188 015;33;0;2;3;21;1
202100007685;188 016;7;0;2;5;1;1
202100007686;188 014;7;0;1;3;15;1
202100007687;188 012;7;0;2;8;20;1
202100007687;188 013;32;0;2;1;1;1
202100007688;188 010;10;0;2;3;24;1
202100007688;188 011;1;1;0;1;1;5
202100007689;188 009;43;14;0;1;1;1
202100007690;188 008;30;0;0;7;26;1
202100007691;188 007;7;0;1;1;1;1
202100007692;188 005;10;0;2;8;13;1
202100007692;188 006;33;0;2;7;11;1
202100007693;188 001;7;0;2;4;23;1
202100007693;188 002;10;0;2;1;1;1
202100007693;188 003;7;0;2;4;23;1
202100007693;188 004;7;0;2;4;23;1
202100007694;188 000;7;0;1;1;1;1
202100007695;187 999;10;0;0;9;14;1
202100007696;187 997;7;0;2;2;1;1
202100007696;187 998;30;3;2;3;19;1
202100007697;187 995;15;0;0;6;24;1
202100007697;187 996;7;1;0;2;1;1
202100007698;187 994;7;10;0;3;1;6
202100007699;187 992;10;0;2;2;19;1
202100007699;187 993;7;9;2;2;1;1
202100007700;187 990;7;0;2;0;9;1
202100007700;187 991;2;0;2;0;1;1
202100007701;187 988;2;0;0;8;1;1
202100007701;187 989;10;0;0;0;15;1
202100007702;187 986;2;0;2;1;1;1
202100007702;187 987;7;0;2;2;15;1
202100007703;187 984;7;0;0;3;1;1
202100007703;187 985;13;0;0;1;15;1
202100007704;187 983;7;0;1;1;1;1
202100007705;187 981;7;0;2;3;1;1
202100007705;187 982;7;0;2;3;13;1
202100007706;187 980;2;14;0;0;1;1
202100007707;187 979;7;8;6;1;21;1
202100007708;187 978;7;2;0;1;14;1
202100007709;187 977;2;0;0;0;1;1
202100007710;187 975;7;0;2;3;1;1
202100007710;187 976;7;0;2;3;1;1
202100007711;187 974;7;6;1;3;4;2
202100007712;187 972;10;0;2;3;2;1
202100007712;187 973;10;0;0;6;15;1
202100007713;187 971;7;13;0;9;1;1
202100007714;187 970;1;0;0;0;1;5
202100007715;187 968;7;0;2;2;17;1
202100007715;187 969;7;3;2;3;1;1
202100007716;187 967;7;7;0;3;6;1
202100007717;187 965;32;0;2;1;17;1
202100007717;187 966;7;0;2;6;15;1
202100007718;187 963;32;0;2;2;1;1
202100007718;187 964;10;0;2;3;15;1
202100007719;187 961;30;0;2;1;1;1
202100007719;187 962;7;0;0;2;15;1
202100007720;187 959;13;0;2;3;1;1
202100007720;187 960;7;0;2;1;13;1
202100007721;187 958;7;0;1;3;9;1
202100007722;187 957;7;6;0;3;1;1
202100007723;187 955;14;0;2;3;0;1
202100007723;187 956;10;3;2;3;13;1
202100007724;187 954;14;0;0;8;16;1
202100007725;187 950;7;0;2;3;15;1
202100007725;187 951;7;0;2;1;1;1
202100007725;187 952;7;0;2;1;1;1
202100007725;187 953;7;0;2;8;1;1
202100007726;187 949;7;0;1;1;1;1
202100007727;187 946;7;0;0;1;17;1
202100007727;187 947;7;0;0;1;1;1
202100007727;187 948;17;0;2;6;1;1
202100007728;187 944;13;0;;5;17;6
202100007728;187 945;1;0;2;1;11;5
202100007729;187 942;7;0;2;6;15;1
202100007729;187 943;33;0;2;1;17;1
202100007730;187 940;7;0;2;3;15;1
202100007730;187 941;2;0;2;5;17;1
202100007731;187 938;7;3;0;4;1;1
202100007731;187 939;7;0;2;2;18;1
202100007732;187 936;7;0;2;3;13;1
202100007732;187 937;7;0;2;3;1;1
202100007733;187 935;33;0;6;2;0;1
202100007734;187 933;7;15;0;5;2;1
202100007735;187 931;37;0;2;3;0;1
202100007735;187 932;7;0;2;4;0;1
202100007736;187 929;17;0;2;2;12;1
202100007736;187 930;7;4;2;6;1;1
202100007737;187 927;7;0;2;1;2;1
202100007737;187 928;7;0;2;4;2;1
202100007738;187 925;7;0;2;6;11;1
202100007738;187 926;33;0;2;2;3;1
202100007739;187 924;10;4;2;1;1;1
202100007740;187 921;7;0;2;1;1;1
202100007740;187 922;13;0;2;2;2;1
202100007740;187 923;7;0;2;6;2;1
202100007741;187 919;7;0;2;8;1;1
202100007741;187 920;13;0;2;2;14;1
202100007742;187 918;7;14;1;2;15;0
202100007743;187 916;7;0;2;1;7;1
202100007743;187 917;50;0;2;4;1;3
202100007744;187 915;2;0;1;2;1;1
202100007745;187 909;7;9;1;1;14;1
202100007746;187 908;31;0;1;1;15;1
202100007747;187 906;30;0;2;1;2;1
202100007747;187 907;7;0;2;4;21;1
202100007748;187 904;1;0;2;6;1;5
202100007748;187 905;7;0;2;1;15;1
202100007749;187 902;7;0;2;2;26;1
202100007749;187 903;7;0;2;6;26;1
202100007750;187 900;2;0;2;1;1;1
202100007750;187 901;7;0;2;8;15;1
202100007751;187 899;7;0;1;0;0;0
202100007752;187 897;99;0;2;7;26;3
202100007752;187 898;7;0;2;7;16;1
202100007753;187 896;7;0;1;0;1;1
202100007754;187 895;7;0;1;1;15;3
202100007755;187 894;30;0;2;0;21;0
202100007756;187 893;7;0;9;1;16;1
202100007757;187 892;7;1;2;3;26;1
202100007758;187 890;30;1;0;1;25;1
202100007758;187 891;7;0;2;3;22;1
202100007759;187 889;30;0;0;0;0;1
202100007760;187 888;7;2;0;1;2;1
202100007761;187 886;7;0;2;2;9;1
202100007761;187 887;2;0;2;7;17;1
202100007762;187 885;7;0;1;1;1;1
202100007763;187 883;50;0;2;0;19;3
202100007763;187 884;7;0;2;0;1;1
202100007764;187 881;10;0;2;1;2;1
202100007764;187 882;7;0;2;4;2;1
202100007765;187 879;7;0;2;2;15;1
202100007765;187 880;2;0;2;1;1;1
202100007766;187 876;7;0;2;1;2;1
202100007766;187 877;7;0;2;4;2;1
202100007766;187 878;7;0;2;4;0;1
202100007767;187 873;10;0;1;1;1;1
202100007768;187 867;7;0;2;3;15;1
202100007768;187 868;31;0;2;1;1;1
202100007769;187 865;1;0;2;2;15;5
202100007769;187 866;7;0;2;3;9;1
202100007770;187 863;33;0;2;2;2;1
202100007770;187 864;7;0;2;1;9;1
202100007771;187 861;50;0;0;5;19;3
202100007771;187 862;33;0;9;1;1;1
202100007772;187 858;7;0;2;4;1;1
202100007772;187 859;7;0;2;1;0;1
202100007772;187 860;7;0;2;4;1;1
202100007773;187 856;7;0;2;3;9;1
202100007773;187 857;33;0;2;7;9;1
202100007774;187 854;7;0;2;3;13;1
202100007774;187 855;7;0;2;3;1;1
202100007775;187 853;7;0;1;3;15;1
202100007776;187 851;1;0;2;0;5;
202100007776;187 852;7;0;2;1;9;1
202100007777;187 850;7;0;1;3;0;0
202100007778;187 848;7;0;2;3;0;1
202100007778;187 849;2;0;2;6;15;1
202100007779;187 845;1;0;2;5;15;5
202100007779;187 846;7;0;2;2;1;1
202100007780;187 843;7;0;2;1;1;1
202100007780;187 844;7;0;2;1;1;1
202100007781;187 842;7;0;1;1;15;2
202100007782;187 840;7;0;2;1;1;1
202100007782;187 841;7;0;2;1;2;1
202100007783;187 838;7;0;0;0;0;1
202100007783;187 839;33;0;0;0;12;1
202100007784;187 836;7;0;9;1;26;1
202100007784;187 837;50;0;2;7;26;3
202100007785;187 833;7;0;2;4;2;1
202100007785;187 834;7;0;2;1;2;2
202100007785;187 835;7;0;2;4;2;1
202100007786;187 831;7;0;2;0;0;1
202100007786;187 832;30;0;2;1;1;1
202100007787;187 830;7;1;0;1;14;1
202100007788;187 829;2;0;1;1;25;1
202100007789;187 827;7;0;2;1;1;1
202100007789;187 828;50;0;2;2;19;3
202100007790;187 826;7;2;0;3;1;1
202100007791;187 824;7;0;2;8;0;1
202100007791;187 825;30;0;2;1;17;1
202100007792;187 822;7;0;2;4;1;1
202100007792;187 823;30;0;2;1;1;1
202100007793;187 820;80;0;2;8;6;3
202100007793;187 821;7;0;9;8;12;1
202100007794;187 819;50;0;1;1;1;3
202100007795;187 818;7;0;1;3;1;1
202100007796;187 817;7;0;1;1;15;1
202100007797;187 813;7;0;1;6;1;1
202100007797;187 814;7;0;2;6;2;1
202100007798;187 808;7;0;2;4;1;1
202100007798;187 809;7;0;2;1;2;1
202100007799;187 806;7;0;2;1;9;1
202100007799;187 807;1;0;2;7;1;5
202100007800;187 804;7;0;2;2;1;1
202100007800;187 805;50;0;2;1;5;3
202100007801;187 803;1;0;0;0;0;5
202100007802;187 801;7;0;2;8;1;2
202100007802;187 802;7;0;2;3;1;1
202100007803;187 799;7;0;9;1;1;1
202100007803;187 800;50;0;2;8;1;3
202100007804;187 797;7;0;2;8;1;1
202100007804;187 798;7;0;2;2;1;1
202100007805;187 795;10;0;2;3;15;1
202100007805;187 796;7;0;2;2;1;1
202100007806;187 793;7;0;2;3;1;1
202100007806;187 794;7;0;2;1;1;1
202100007807;187 792;7;0;1;2;1;1
202100007808;187 790;7;0;2;7;14;1
202100007808;187 791;33;0;2;8;1;1
202100007809;187 788;2;0;2;1;1;1
202100007809;187 789;7;0;2;2;10;1
202100007810;187 786;7;0;2;1;1;1
202100007810;187 787;7;0;2;1;1;1
202100007811;187 785;7;0;1;0;26;1
202100007812;187 782;7;0;2;1;1;1
202100007812;187 783;7;0;2;1;11;1
202100007812;187 784;7;0;2;4;13;1
202100007813;187 781;7;0;1;2;1;1
202100007814;187 779;7;0;9;2;22;1
202100007814;187 780;1;0;9;1;0;5
202100007815;187 777;7;0;2;3;15;1
202100007815;187 778;1;0;2;8;1;0
202100007816;187 774;7;0;2;4;1;1
202100007816;187 775;7;0;2;4;1;1
202100007816;187 776;7;0;2;1;1;1
202100007817;187 773;7;0;1;2;19;1
202100007818;187 771;7;0;2;2;16;1
202100007818;187 772;1;0;2;4;1;5
202100007819;187 769;7;0;2;3;20;1
202100007819;187 770;7;0;2;2;1;1
202100007820;187 767;7;0;2;6;9;1
202100007820;187 768;7;0;2;1;1;1
202100007821;187 766;7;6;0;1;16;1
202100007822;187 764;10;0;2;1;1;1
202100007822;187 765;7;0;2;4;1;1
202100007823;187 762;7;0;0;0;0;1
202100007823;187 763;2;0;0;0;0;0
202100007824;187 760;7;0;2;8;1;1
202100007824;187 761;7;0;2;1;9;1
202100007825;187 758;7;0;2;4;1;1
202100007825;187 759;7;0;2;1;1;1
202100007826;187 754;7;0;2;4;1;1
202100007826;187 755;7;0;2;1;1;1
202100007826;187 756;10;0;2;1;1;1
202100007826;187 757;7;0;2;1;1;1
202100007827;187 750;7;0;2;1;2;1
202100007827;187 751;7;0;2;4;2;1
202100007828;187 746;7;1;2;3;1;1
202100007828;187 747;7;0;2;3;13;1
202100007829;187 744;7;0;2;2;1;1
202100007829;187 745;7;0;2;0;15;1
202100007830;187 742;7;0;2;8;24;1
202100007830;187 743;7;1;0;7;14;2
202100007831;187 740;7;0;2;3;15;1
202100007831;187 741;33;0;2;1;1;1
202100007832;187 738;7;12;2;2;1;1
202100007832;187 739;7;0;2;3;19;1
202100007833;187 736;7;0;2;7;15;1
202100007833;187 737;33;0;2;1;14;1
202100007834;187 735;7;0;1;1;1;1
202100007835;187 733;7;6;2;3;13;1
202100007835;187 734;7;0;2;8;1;1
202100007836;187 731;7;6;2;2;17;1
202100007836;187 732;7;0;2;6;17;1
202100007837;187 729;7;0;2;1;2;1
202100007837;187 730;7;0;1;4;2;1
202100007838;187 727;7;0;2;4;23;1
202100007838;187 728;7;0;2;1;1;1
202100007839;187 725;1;0;2;0;0;0
202100007839;187 726;7;0;9;0;0;1
202100007840;187 723;7;0;2;3;15;1
202100007840;187 724;1;0;2;1;1;0
202100007841;187 721;30;0;2;2;16;1
202100007841;187 722;7;0;2;8;1;1
202100007842;187 720;7;2;0;1;0;1
202100007843;187 718;7;0;2;8;11;1
202100007843;187 719;14;0;2;2;1;1
202100007844;187 716;7;0;2;4;2;2
202100007844;187 717;10;0;2;1;2;1
202100007845;187 714;32;0;2;2;3;1
202100007845;187 715;7;0;2;8;11;1
202100007846;187 711;7;0;2;0;2;1
202100007846;187 712;10;0;2;0;2;1
202100007846;187 713;33;0;2;8;3;1
202100007847;187 710;10;0;1;1;16;0
202100007848;187 708;7;0;2;3;15;2
202100007848;187 709;50;0;2;3;1;3
202100007849;187 706;43;0;2;2;17;1
202100007849;187 707;7;0;2;3;15;1
202100007850;187 704;30;0;2;8;1;1
202100007850;187 705;50;0;2;7;12;3
202100007851;187 702;7;0;2;2;16;1
202100007851;187 703;60;0;2;1;19;5
202100007852;187 700;7;0;2;8;1;1
202100007852;187 701;7;0;2;7;12;1
202100007853;187 699;31;0;1;1;1;1
202100007854;187 697;31;0;2;2;2;1
202100007854;187 698;7;0;2;4;23;1
202100007855;187 696;30;0;1;2;1;1
202100007856;187 694;32;0;2;1;2;1
202100007856;187 695;32;0;2;4;2;1
202100007857;187 692;7;0;2;2;15;1
202100007857;187 693;33;0;2;1;1;1
202100007858;187 691;7;11;0;3;13;1
202100007859;187 690;7;0;1;3;1;1
202100007860;187 688;30;0;2;1;2;1
202100007860;187 689;7;0;2;5;2;1
202100007861;187 686;7;8;2;3;1;1
202100007861;187 687;7;0;2;8;24;1
202100007862;187 685;10;0;1;4;20;3
202100007863;187 683;7;0;2;1;2;1
202100007863;187 684;7;0;2;4;1;2
202100007864;187 682;7;0;1;1;15;0
202100007865;187 680;7;0;2;5;0;1
202100007865;187 681;31;0;2;1;18;3
202100007866;187 679;2;0;1;1;26;1
202100007867;187 678;7;9;0;1;26;1
202100007868;187 676;32;0;2;1;2;1
202100007868;187 677;33;0;0;4;26;1
202100007869;187 674;7;0;2;0;0;0
202100007869;187 675;2;0;2;0;0;0
202100007870;187 673;30;0;1;0;1;1
202100007871;187 671;7;0;2;3;9;1
202100007871;187 672;15;0;2;2;2;1
202100007872;187 669;32;0;2;1;1;1
202100007872;187 670;7;0;2;1;15;1
202100007873;187 667;10;0;2;3;1;1
202100007873;187 668;7;0;2;1;9;1
202100007874;187 666;7;0;1;3;26;1
202100007875;187 665;34;2;0;0;0;1
202100007876;187 663;7;0;2;2;15;1
202100007876;187 664;43;0;2;1;1;1
202100007877;187 661;7;0;2;4;1;1
202100007877;187 662;37;0;2;4;2;2
202100007878;187 660;33;12;0;1;0;1
202100007879;187 658;7;0;2;8;1;1
202100007879;187 659;7;0;2;1;15;1
202100007880;187 655;7;0;0;8;1;1
202100007880;187 656;7;0;0;1;1;1
202100007880;187 657;7;0;0;1;13;1
202100007881;187 654;43;8;0;1;14;1
202100007882;187 652;7;0;2;5;2;1
202100007882;187 653;7;0;2;6;1;1
202100007883;187 649;10;0;2;1;1;1
202100007883;187 650;7;8;2;2;19;1
202100007883;187 651;7;0;2;3;23;1
202100007884;187 647;7;0;2;1;0;1
202100007884;187 648;7;0;2;2;13;1
202100007885;187 645;1;0;2;7;0;5
202100007885;187 646;7;0;0;2;19;1
202100007886;187 643;7;0;2;1;26;1
202100007886;187 644;2;0;2;3;1;1
202100007887;187 641;33;0;2;0;1;1
202100007887;187 642;7;0;2;6;10;1
202100007888;187 640;16;13;0;1;14;1
202100007889;187 638;7;0;2;1;1;1
202100007889;187 639;3;0;2;1;1;1
202100007890;187 636;13;0;2;2;9;1
202100007890;187 637;7;0;2;5;15;1
202100007891;187 635;7;2;6;9;1;1
202100007892;187 634;3;2;0;1;0;0
202100007893;187 631;7;0;2;0;2;0
202100007893;187 632;7;2;0;3;17;1
202100007894;187 627;33;0;2;1;1;1
202100007894;187 628;7;0;2;2;15;1
202100007895;187 624;13;0;2;6;1;1
202100007895;187 625;13;0;2;1;1;1
202100007895;187 626;7;0;2;1;17;1
202100007896;187 622;7;0;2;1;1;1
202100007896;187 623;7;13;0;8;19;1
202100007897;187 621;31;1;0;1;0;1
202100007898;187 620;7;13;0;1;14;1
202100007899;187 619;7;0;1;2;15;1
202100007900;187 618;7;8;0;8;1;1
202100007901;187 616;7;0;0;3;0;1
202100007901;187 617;7;0;2;3;0;1
202100007902;187 615;7;0;1;2;1;1
202100007903;187 613;7;0;2;1;0;1
202100007903;187 614;7;0;2;1;5;1
202100007904;187 611;7;0;2;5;15;1
202100007904;187 612;33;0;2;1;1;1
202100007905;187 608;10;0;2;3;2;1
202100007905;187 609;7;0;2;4;23;1
202100007905;187 610;7;0;2;8;1;1
202100007906;187 606;14;0;0;4;9;6
202100007906;187 607;7;0;2;1;13;1
202100007907;187 605;10;8;0;1;1;1
202100007908;187 603;34;0;0;1;1;1
202100007908;187 604;7;0;0;3;15;1
202100007909;187 602;36;15;0;3;1;1
202100007910;187 600;15;0;2;1;2;1
202100007910;187 601;7;0;2;4;0;1
202100007911;187 599;10;0;1;8;1;1
202100007912;187 597;7;0;2;3;17;1
202100007912;187 598;33;0;2;1;1;1
202100007913;187 596;7;0;1;2;17;1
202100007914;187 594;7;0;2;3;9;1
202100007914;187 595;33;0;2;1;1;1
202100007915;187 592;7;0;2;1;15;1
202100007915;187 593;32;0;2;8;1;1
202100007916;187 591;7;2;0;2;1;1
202100007917;187 590;33;9;0;0;17;1
202100007918;187 589;7;16;0;0;1;1
202100007919;187 587;7;0;2;6;16;1
202100007919;187 588;7;0;2;2;1;1
202100007920;187 585;7;0;2;8;15;1
202100007920;187 586;33;0;2;1;17;1
202100007921;187 584;7;0;1;1;1;1
202100007922;187 582;10;0;2;2;15;1
202100007922;187 583;33;0;2;7;1;1
202100007923;187 581;7;0;1;2;1;1
202100007924;187 579;7;0;2;1;1;1
202100007924;187 580;7;0;2;1;13;1
202100007925;187 574;1;0;2;1;1;5
202100007925;187 575;1;0;2;1;1;5
202100007925;187 576;1;0;2;1;1;5
202100007925;187 577;1;0;2;1;1;5
202100007925;187 578;7;0;2;2;15;1
202100007926;187 572;7;0;0;2;17;2
202100007926;187 573;30;0;0;8;13;1
202100007927;187 570;7;0;2;6;15;1
202100007927;187 571;7;0;2;3;1;1
202100007928;187 569;7;0;0;1;1;1
202100007929;187 567;7;0;0;0;26;1
202100007929;187 568;31;0;2;1;26;1
202100007930;187 565;7;0;2;1;1;1
202100007930;187 566;7;6;2;4;1;1
202100007931;187 563;7;0;2;1;2;1
202100007931;187 564;10;0;2;4;2;1
202100007932;187 562;7;4;0;1;16;1
202100007933;187 561;7;4;0;9;13;1
202100007934;187 559;7;0;2;4;1;1
202100007934;187 560;7;0;2;1;2;1
202100007935;187 557;7;0;2;4;1;1
202100007935;187 558;7;0;2;1;2;1
202100007936;187 555;10;0;2;5;2;1
202100007936;187 556;7;0;2;5;2;1
202100007937;187 553;33;0;2;1;2;1
202100007937;187 554;10;0;2;3;2;1
202100007938;187 551;7;0;2;6;1;1
202100007938;187 552;14;0;2;2;12;1
202100007939;187 550;10;3;0;1;2;1
202100007940;187 548;7;0;2;8;1;1
202100007940;187 549;15;0;2;2;12;1
202100007941;187 546;7;0;2;3;2;1
202100007941;187 547;31;0;2;5;9;1
202100007942;187 543;17;0;2;3;13;1
202100007942;187 544;33;0;2;7;0;1
202100007942;187 545;33;0;2;7;0;1
202100007943;187 541;33;0;2;8;11;1