Num_Acc;id_vehicule;categorie_vehicule;obstacle_fixe;obstacle_mobile;point_choc_initial;manoeuvre_principale;motorisation
202100008719;186 149;1;0;2;4;1;5
202100008720;186 146;2;15;2;8;1;1
202100008720;186 147;7;0;2;1;15;1
202100008721;186 144;7;0;2;1;1;1
202100008721;186 145;1;0;2;3;26;5
202100008722;186 143;33;0;0;0;1;1
202100008723;186 142;1;0;2;1;19;5
202100008724;186 140;7;0;2;7;15;1
202100008724;186 141;33;0;2;1;1;1
202100008725;186 136;7;0;2;4;2;1
202100008725;186 137;7;0;2;4;2;1
202100008725;186 138;7;0;2;1;2;1
202100008725;186 139;7;0;2;1;2;1
202100008726;186 134;7;0;2;2;23;1
202100008726;186 135;80;14;0;0;1;3
202100008727;186 133;7;0;1;1;16;1
202100008728;186 132;7;0;1;1;1;1
202100008729;186 130;7;15;2;1;15;1
202100008729;186 131;7;0;2;1;1;1
202100008730;186 129;7;6;0;1;14;1
202100008731;186 127;33;0;2;8;1;1
202100008731;186 128;7;0;2;2;15;1
202100008732;186 126;7;0;1;1;9;1
202100008733;186 124;32;1;2;3;9;1
202100008733;186 125;7;0;2;4;24;1
202100008734;186 122;1;0;2;1;1;5
202100008734;186 123;21;0;9;7;15;1
202100008735;186 120;7;0;2;3;1;1
202100008735;186 121;10;0;2;3;5;1
202100008736;186 118;7;0;2;3;15;1
202100008736;186 119;32;0;2;8;1;1
202100008737;186 116;99;0;2;3;10;1
202100008737;186 117;31;0;2;3;1;1
202100008738;186 115;7;0;1;1;2;1
202100008739;186 114;7;0;1;1;1;1
202100008740;186 112;7;0;2;1;16;1
202100008740;186 113;1;0;2;1;5;0
202100008741;186 110;31;0;2;0;1;1
202100008741;186 111;10;0;2;3;15;0
202100008742;186 108;2;0;2;3;11;1
202100008742;186 109;7;0;2;7;1;1
202100008743;186 106;7;0;2;8;1;1
202100008743;186 107;33;0;2;2;3;1
202100008744;186 105;33;4;0;7;3;1
202100008745;186 103;7;0;2;2;15;1
202100008745;186 104;30;0;2;1;1;1
202100008746;186 101;7;0;2;8;22;1
202100008746;186 102;50;0;2;7;1;3
202100008747;186 099;32;0;2;2;1;1
202100008747;186 100;30;0;2;8;7;1
202100008748;186 098;7;0;1;1;1;1
202100008749;186 096;1;0;2;4;15;5
202100008749;186 097;32;0;2;1;14;1
202100008750;186 095;43;0;2;8;21;1
202100008751;186 093;30;0;2;0;1;0
202100008751;186 094;50;0;2;7;19;3
202100008752;186 091;50;0;2;8;19;3
202100008752;186 092;33;0;2;1;8;1
202100008753;186 090;7;0;1;1;16;1
202100008754;186 089;7;0;1;1;1;1
202100008755;186 088;30;0;0;0;1;3
202100008756;186 086;10;0;2;6;1;1
202100008756;186 087;32;0;2;6;11;1
202100008757;186 084;7;0;2;0;17;0
202100008757;186 085;1;0;2;8;13;5
202100008758;186 083;1;0;1;5;1;5
202100008759;186 081;80;0;2;1;1;3
202100008759;186 082;50;0;2;1;5;3
202100008760;186 079;33;0;2;1;16;1
202100008760;186 080;7;0;2;7;14;1
202100008761;186 077;1;0;2;7;5;5
202100008761;186 078;7;0;2;3;15;2
202100008762;186 075;7;0;2;2;9;1
202100008762;186 076;7;0;2;1;1;1
202100008763;186 073;43;0;9;3;18;1
202100008763;186 074;13;0;9;2;0;1
202100008764;186 071;43;0;2;1;19;1
202100008764;186 072;7;0;2;3;15;1
202100008765;186 070;7;0;2;8;1;1
202100008766;186 069;50;15;0;1;25;3
202100008767;186 067;7;0;2;2;15;1
202100008767;186 068;34;0;2;1;1;1
202100008768;186 065;13;0;2;4;1;0
202100008768;186 066;7;0;2;1;1;1
202100008769;186 064;7;6;0;1;2;1
202100008770;186 063;30;1;0;8;1;1
202100008771;186 062;20;6;0;1;1;1
202100008772;186 060;40;0;2;1;26;3
202100008772;186 061;60;0;;4;26;5
202100008773;186 058;99;0;2;1;2;0
202100008773;186 059;37;0;2;4;1;1
202100008774;186 056;7;0;2;0;0;0
202100008774;186 057;33;0;2;1;17;0
202100008775;186 055;7;0;1;2;1;1
202100008776;186 054;32;1;0;7;21;1
202100008777;186 053;7;9;1;3;26;1
202100008778;186 052;7;0;1;2;15;2
202100008779;186 051;7;0;1;1;15;1
202100008780;186 050;7;0;1;1;1;3
202100008781;186 049;7;0;1;6;4;2
202100008782;186 048;30;0;0;0;1;1
202100008783;186 046;7;0;0;8;15;1
202100008783;186 047;31;0;2;2;17;1
202100008784;186 044;7;0;2;3;15;1
202100008784;186 045;2;0;2;1;1;1
202100008785;186 042;33;0;0;0;21;1
202100008785;186 043;7;0;0;0;5;1
202100008786;186 039;7;0;2;1;5;0
202100008786;186 040;7;0;2;1;1;0
202100008786;186 041;38;0;2;8;1;1
202100008787;186 038;7;13;0;1;16;1
202100008788;186 036;2;0;2;1;1;1
202100008788;186 037;7;0;2;3;5;1
202100008789;186 035;33;0;1;2;1;1
202100008790;186 034;7;13;0;2;1;1
202100008791;186 033;7;6;2;2;1;1
202100008792;186 031;21;0;2;3;13;1
202100008792;186 032;7;0;2;1;1;1
202100008793;186 030;7;6;0;1;1;1
202100008794;186 029;7;2;0;1;1;0
202100008795;186 027;3;0;2;1;1;1
202100008795;186 028;7;0;2;1;13;1
202100008796;186 026;2;9;0;1;1;1
202100008797;186 024;7;0;0;1;1;1
202100008797;186 025;14;0;0;7;16;1
202100008798;186 023;2;0;1;1;1;1
202100008799;186 020;7;0;2;1;1;1
202100008799;186 021;15;0;2;8;1;1
202100008799;186 022;33;0;2;8;13;1
202100008800;186 017;7;4;0;3;0;1
202100008801;186 013;7;6;0;2;1;1
202100008802;186 010;7;0;0;5;15;1
202100008802;186 011;32;0;2;1;17;1
202100008803;186 009;7;0;1;8;1;1
202100008804;186 008;7;1;0;3;13;1
202100008805;186 006;7;0;2;1;15;1
202100008805;186 007;33;0;2;1;2;1
202100008806;186 004;7;0;2;1;1;1
202100008806;186 005;7;0;2;7;19;1
202100008807;186 003;10;0;1;2;1;1
202100008808;186 001;7;0;2;3;13;1
202100008808;186 002;7;0;2;1;1;1
202100008809;186 000;2;0;0;0;0;1
202100008810;185 998;7;0;2;3;9;1
202100008810;185 999;50;0;2;2;1;3
202100008811;185 997;7;0;1;0;1;1
202100008812;185 996;7;2;0;3;5;1
202100008813;185 994;7;0;2;1;1;1
202100008813;185 995;7;0;2;3;9;1
202100008814;185 992;10;0;2;4;24;1
202100008814;185 993;7;0;2;1;1;1
202100008815;185 990;7;0;2;1;13;1
202100008815;185 991;7;0;2;1;1;1
202100008816;185 988;33;0;2;1;1;1
202100008816;185 989;10;0;0;5;15;1
202100008817;185 987;7;0;1;1;1;1
202100008818;185 985;7;0;2;4;1;1
202100008818;185 986;7;0;2;1;1;1
202100008819;185 982;10;0;2;4;2;1
202100008819;185 983;7;0;2;4;2;1
202100008819;185 984;7;0;2;1;0;1
202100008820;185 980;7;0;2;4;1;1
202100008820;185 981;7;0;2;1;1;1
202100008821;185 978;7;0;2;1;1;1
202100008821;185 979;7;0;2;4;1;1
202100008822;185 975;7;4;2;8;1;1
202100008822;185 976;17;0;2;2;12;1
202100008822;185 977;10;14;0;8;1;1
202100008823;185 970;10;0;2;1;2;1
202100008823;185 971;7;0;2;4;1;1
202100008823;185 972;15;0;2;1;1;1
202100008823;185 973;7;0;2;1;2;1
202100008823;185 974;7;0;2;4;1;1
202100008824;185 968;33;0;2;1;3;1
202100008824;185 969;7;3;2;4;23;1
202100008825;185 966;33;0;0;8;1;1
202100008825;185 967;7;0;0;0;11;1
202100008826;185 964;7;0;2;4;1;1
202100008826;185 965;7;0;2;1;1;1
202100008827;185 962;10;0;2;0;0;1
202100008827;185 963;33;0;2;0;2;1
202100008828;185 960;7;0;2;4;1;1
202100008828;185 961;33;0;2;1;1;1
202100008829;185 959;7;6;0;0;14;1
202100008830;185 957;33;0;2;8;1;1
202100008830;185 958;10;0;2;2;14;1
202100008831;185 955;7;0;2;5;2;1
202100008831;185 956;31;0;2;1;1;1
202100008832;185 952;10;0;2;4;2;1
202100008832;185 953;7;0;2;4;2;1
202100008832;185 954;7;3;2;1;1;1
202100008833;185 951;33;0;9;1;12;1
202100008834;185 949;33;4;2;1;3;1
202100008834;185 950;17;3;2;2;1;1
202100008835;185 947;7;0;2;4;2;1
202100008835;185 948;7;0;2;1;1;1
202100008836;185 946;7;0;2;1;0;1
202100008837;185 945;33;0;0;8;1;1
202100008838;185 944;32;3;0;1;6;1
202100008839;185 942;7;0;2;7;1;1
202100008839;185 943;7;0;2;1;1;1
202100008840;185 940;30;0;2;1;18;0
202100008840;185 941;30;0;2;1;15;1
202100008841;185 938;7;0;2;8;16;1
202100008841;185 939;80;0;2;1;1;3
202100008842;185 935;7;0;2;3;1;1
202100008842;185 936;30;0;2;1;15;1
202100008843;185 933;1;0;2;1;2;5
202100008843;185 934;7;0;2;5;23;1
202100008844;185 931;7;0;2;7;15;1
202100008844;185 932;43;0;2;1;1;1
202100008845;185 929;7;0;2;8;1;3
202100008845;185 930;1;0;2;1;1;5
202100008846;185 927;32;0;2;1;17;1
202100008846;185 928;80;0;2;8;19;3
202100008847;185 926;10;0;1;3;1;1
202100008848;185 925;30;0;1;1;15;0
202100008849;185 922;37;0;0;7;16;0
202100008849;185 923;7;0;2;5;23;1
202100008849;185 924;1;0;2;8;23;5
202100008850;185 920;7;0;2;8;22;2
202100008850;185 921;1;1;0;2;1;5
202100008851;185 918;7;0;2;1;1;1
202100008851;185 919;7;0;2;3;9;1
202100008852;185 916;60;0;2;5;2;5
202100008852;185 917;7;0;2;5;2;1
202100008853;185 914;7;0;2;4;23;1
202100008853;185 915;7;0;2;1;1;0
202100008854;185 912;7;0;2;3;13;1
202100008854;185 913;10;0;2;3;1;1
202100008855;185 910;34;0;2;1;26;1
202100008855;185 911;7;0;2;6;26;1
202100008856;185 909;10;0;1;3;26;0
202100008857;185 907;33;0;2;1;1;1
202100008857;185 908;7;0;2;2;10;1
202100008858;185 906;33;0;1;1;1;1
202100008859;185 905;7;0;1;1;1;1
202100008860;185 904;1;0;1;1;26;5
202100008861;185 901;7;0;2;9;1;1
202100008861;185 902;7;0;2;5;15;1
202100008861;185 903;7;0;2;8;1;1
202100008862;185 899;30;0;2;1;0;1
202100008862;185 900;30;0;2;7;15;1
202100008863;185 898;50;0;1;1;1;3
202100008864;185 896;30;0;2;2;9;1
202100008864;185 897;50;0;2;3;0;3
202100008865;185 894;10;0;2;5;23;1
202100008865;185 895;33;0;2;8;9;1
202100008866;185 892;10;0;2;1;19;1
202100008866;185 893;2;0;2;8;1;1
202100008867;185 891;7;6;0;2;1;1
202100008868;185 889;15;0;0;6;2;1
202100008868;185 890;10;0;2;1;2;1
202100008869;185 887;7;0;2;8;2;1
202100008869;185 888;7;0;2;3;1;1
202100008870;185 883;15;3;0;2;1;1
202100008870;185 884;7;3;0;1;1;1
202100008870;185 885;7;0;2;4;1;1
202100008870;185 886;7;3;2;1;1;1
202100008871;185 882;7;0;1;1;17;2
202100008872;185 881;17;13;0;2;1;1
202100008873;185 879;10;0;2;1;2;1
202100008873;185 880;7;0;2;4;2;1
202100008874;185 878;7;0;1;3;1;1
202100008875;185 876;2;15;2;3;1;1
202100008875;185 877;7;0;2;3;15;1
202100008876;185 875;7;6;0;1;2;1
202100008877;185 874;7;13;0;1;13;1
202100008878;185 872;80;0;0;4;2;3
202100008878;185 873;7;0;2;2;2;1
202100008879;185 870;10;0;2;3;19;3
202100008879;185 871;7;0;2;1;1;1
202100008880;185 866;7;0;2;1;17;1
202100008880;185 867;7;0;2;3;2;1
202100008880;185 868;7;0;2;1;2;1
202100008880;185 869;7;0;9;1;2;1
202100008881;185 865;7;2;0;3;1;1
202100008882;185 864;7;0;1;2;16;1
202100008883;185 862;1;0;2;1;2;5
202100008883;185 863;7;0;0;5;2;1
202100008884;185 861;7;6;0;3;1;1
202100008885;185 857;1;0;2;3;2;5
202100008885;185 858;7;0;9;2;2;1
202100008886;185 856;7;0;1;2;21;1
202100008887;185 854;7;0;2;2;15;1
202100008887;185 855;2;0;0;4;1;1
202100008888;185 852;7;0;2;2;15;1
202100008888;185 853;30;0;2;1;1;1
202100008889;185 850;7;0;2;7;15;1
202100008889;185 851;33;0;2;1;1;1
202100008890;185 847;7;0;2;4;1;1
202100008890;185 848;7;0;2;4;1;1
202100008890;185 849;10;0;2;1;1;1
202100008891;185 846;10;0;1;3;1;1
202100008892;185 845;7;4;0;3;0;1
202100008893;185 843;7;0;2;3;13;1
202100008893;185 844;37;0;2;3;1;1
202100008894;185 842;7;0;0;2;1;1
202100008895;185 839;7;0;2;1;13;1
202100008895;185 840;10;0;0;1;1;1
202100008895;185 841;7;0;0;2;2;1
202100008896;185 837;7;0;0;1;1;1
202100008896;185 838;7;0;2;1;17;1
202100008897;185 836;36;0;0;9;1;1
202100008898;185 835;10;0;2;2;2;1
202100008899;185 832;7;0;2;1;1;1
202100008899;185 833;7;0;2;1;1;1
202100008899;185 834;7;0;0;4;1;1
202100008900;185 830;7;0;2;1;1;1
202100008900;185 831;7;0;2;1;13;1
202100008901;185 829;33;0;0;0;0;1
202100008902;185 827;7;0;2;2;1;1
202100008902;185 828;7;0;2;1;16;1
202100008903;185 825;33;0;2;1;1;1
202100008903;185 826;7;0;0;8;9;1
202100008904;185 824;7;0;0;8;1;1
202100008905;185 822;20;0;2;3;1;1
202100008905;185 823;7;0;2;3;1;1
202100008906;185 819;7;12;0;0;0;1
202100008907;185 817;21;0;2;4;1;1
202100008907;185 818;7;0;2;1;1;1
202100008908;185 813;10;0;2;4;2;1
202100008908;185 814;7;0;2;1;2;1
202100008908;185 815;7;0;2;1;2;1
202100008908;185 816;7;0;2;7;1;1
202100008909;185 810;15;0;2;1;2;1
202100008909;185 811;7;0;2;4;2;1
202100008909;185 812;7;0;2;4;2;1
202100008910;185 806;33;0;2;4;1;1
202100008910;185 807;7;0;2;4;1;1
202100008910;185 808;7;0;2;3;1;1
202100008910;185 809;7;3;2;2;17;1
202100008911;185 804;33;0;2;8;1;1
202100008911;185 805;10;0;2;7;12;1
202100008912;185 802;7;0;2;5;23;1
202100008912;185 803;7;0;2;3;2;1
202100008913;185 797;33;0;2;1;3;1
202100008913;185 798;10;0;2;3;2;1
202100008913;185 799;7;0;2;6;2;1
202100008913;185 800;7;0;2;4;2;1
202100008913;185 801;7;0;2;2;2;1
202100008914;185 786;10;0;2;1;1;1
202100008914;185 787;7;0;2;4;1;1
202100008914;185 788;7;0;2;4;1;1
202100008914;185 789;7;0;2;7;12;1
202100008914;185 790;33;0;2;8;1;1
202100008914;185 791;15;0;2;3;1;1
202100008914;185 792;7;0;2;4;2;1
202100008914;185 793;10;0;2;4;1;0
202100008914;185 794;7;0;2;4;1;1
202100008914;185 795;7;0;2;1;1;0
202100008914;185 796;10;0;2;1;2;1
202100008915;185 784;17;4;2;2;12;1
202100008915;185 785;7;4;2;3;18;1
202100008916;185 782;7;0;2;3;2;1
202100008916;185 783;30;4;2;4;2;1
202100008917;185 781;33;0;9;7;1;1
202100008918;185 779;1;0;2;7;2;5
202100008918;185 780;7;0;2;1;1;1
202100008919;185 777;7;0;2;1;10;1
202100008919;185 778;33;0;2;1;1;1
202100008920;185 775;7;0;2;2;15;1
202100008920;185 776;7;0;2;1;1;1
202100008921;185 774;7;0;1;1;20;1
202100008922;185 772;7;0;2;6;15;1
202100008922;185 773;7;0;2;1;13;1
202100008923;185 768;7;0;2;1;13;1
202100008923;185 769;7;0;2;1;26;1
202100008924;185 766;7;0;2;1;26;0
202100008924;185 767;99;0;2;3;26;0
202100008925;185 764;7;0;2;6;1;1
202100008925;185 765;7;0;2;1;13;1
202100008926;185 763;32;0;1;7;1;1
202100008927;185 761;7;0;2;8;19;1
202100008927;185 762;50;0;2;1;19;3
202100008928;185 758;7;0;2;4;2;1
202100008928;185 759;7;0;2;9;2;1
202100008928;185 760;7;0;2;1;2;1
202100008929;185 756;32;0;2;7;1;1
202100008929;185 757;7;0;2;5;1;1
202100008930;185 754;10;0;2;8;9;1
202100008930;185 755;7;0;2;2;1;2
202100008931;185 753;33;12;0;7;2;1
202100008932;185 751;30;12;0;8;26;1
202100008932;185 752;7;1;0;3;21;1
202100008933;185 750;36;12;0;1;14;1
202100008934;185 749;7;2;0;1;1;1
202100008935;185 747;7;0;2;1;1;1
202100008935;185 748;2;0;2;8;26;1
202100008936;185 745;1;0;2;0;16;5
202100008936;185 746;7;0;2;0;15;1
202100008937;185 743;7;0;2;8;15;1
202100008937;185 744;7;0;2;1;15;1
202100008938;185 741;7;9;0;3;1;1
202100008938;185 742;30;0;2;4;1;1
202100008939;185 737;0;0;2;0;0;0
202100008939;185 738;30;12;0;0;1;1
202100008940;185 735;10;0;2;3;2;1
202100008940;185 736;7;0;2;4;2;1
202100008941;185 733;7;0;2;3;2;1
202100008941;185 734;7;0;2;5;2;1
202100008942;185 731;99;0;2;1;19;3
202100008942;185 732;7;0;2;3;1;1
202100008943;185 729;2;0;2;1;1;1
202100008943;185 730;7;0;2;3;15;1
202100008944;185 727;10;0;2;2;1;1
202100008944;185 728;7;0;2;0;26;1
202100008945;185 726;7;14;0;1;1;1
202100008946;185 724;7;0;2;7;17;0
202100008946;185 725;50;0;2;8;26;3
202100008947;185 723;7;0;1;2;26;1
202100008948;185 721;7;0;1;0;1;0
202100008949;185 720;7;0;1;2;21;1
202100008950;185 718;7;2;2;1;1;1
202100008950;185 719;7;0;2;4;23;1
202100008951;185 716;30;0;2;1;9;1
202100008951;185 717;7;0;2;3;9;1
202100008952;185 713;7;0;2;1;1;1
202100008952;185 714;7;0;2;4;1;1
202100008952;185 715;7;0;2;4;1;1
202100008953;185 711;7;0;2;1;19;1
202100008953;185 712;32;0;2;7;15;1
202100008954;185 709;7;0;2;2;11;1
202100008954;185 710;7;0;2;1;8;1
202100008955;185 708;7;1;1;1;1;1
202100008956;185 707;7;0;1;1;1;1
202100008957;185 706;7;0;5;1;26;1
202100008958;185 705;7;13;0;9;13;1
202100008959;185 704;7;0;1;4;26;1
202100008960;185 701;7;0;2;1;23;1
202100008960;185 702;7;0;2;1;5;1
202100008960;185 703;7;0;2;1;23;1
202100008961;185 699;7;0;2;1;1;1
202100008961;185 700;7;0;2;7;21;1
202100008962;185 697;34;0;2;8;1;1
202100008962;185 698;7;0;2;3;15;1
202100008963;185 695;1;0;2;4;11;5
202100008963;185 696;7;0;2;2;1;1
202100008964;185 694;30;0;1;1;18;1
202100008965;185 692;30;0;2;0;21;1
202100008965;185 693;7;0;2;0;15;3
202100008966;185 690;7;0;2;0;10;1
202100008966;185 691;1;0;2;1;1;5
202100008967;185 688;80;0;2;1;1;3
202100008967;185 689;7;0;2;2;15;1
202100008968;185 686;1;0;2;1;17;5
202100008968;185 687;50;0;2;8;10;3
202100008969;185 684;1;0;2;1;19;5
202100008969;185 685;7;0;2;4;16;0
202100008970;185 682;33;0;2;2;1;1
202100008970;185 683;10;0;2;6;15;1
202100008971;185 680;30;0;2;1;15;1
202100008971;185 681;1;0;2;1;16;5
202100008972;185 678;7;0;2;1;2;1
202100008972;185 679;7;0;2;4;23;1
202100008973;185 676;1;0;2;2;19;5
202100008973;185 677;7;0;9;2;1;1
202100008974;185 674;7;0;2;1;13;1
202100008974;185 675;10;0;2;1;2;1
202100008975;185 671;7;0;0;0;0;0
202100008975;185 672;7;0;2;4;0;1
202100008975;185 673;7;0;2;1;0;1
202100008976;185 669;34;0;2;7;9;1
202100008976;185 670;7;0;0;0;26;1
202100008977;185 667;50;0;2;3;16;3
202100008977;185 668;7;0;2;8;1;1
202100008978;185 666;7;0;2;1;1;1
202100008979;185 665;33;12;0;2;14;1
202100008980;185 664;7;0;1;1;19;4
202100008981;185 663;36;3;0;1;26;1
202100008982;185 662;7;0;1;2;1;1
202100008983;185 661;7;0;1;1;1;1
202100008984;185 659;10;0;2;1;15;1
202100008984;185 660;10;0;2;1;1;1
202100008985;185 657;7;0;2;2;14;1
202100008985;185 658;7;0;2;3;1;1
202100008986;185 655;7;0;2;2;2;1
202100008986;185 656;7;0;0;4;1;1
202100008987;185 653;33;0;2;2;21;1
202100008987;185 654;7;0;2;2;15;1
202100008988;185 652;7;0;1;2;19;1
202100008989;185 650;7;0;0;3;1;1
202100008989;185 651;1;0;2;2;1;5
202100008990;185 648;7;0;2;1;1;1
202100008990;185 649;7;0;2;6;19;1
202100008991;185 646;7;0;2;1;13;1
202100008991;185 647;99;0;2;1;1;1
202100008992;185 642;10;0;2;1;1;1
202100008992;185 643;7;0;2;4;1;1
202100008993;185 641;33;0;6;1;1;1
202100008994;185 638;7;2;0;2;1;1
202100008995;185 637;7;2;0;9;13;1
202100008996;185 636;33;0;0;0;26;1
202100008997;185 635;7;0;0;0;0;1
202100008998;185 634;7;2;0;1;1;1
202100008999;185 631;7;0;2;6;15;1
202100008999;185 632;7;0;2;3;1;1
202100008999;185 633;7;0;2;1;13;1
202100009000;185 629;1;0;2;1;1;5
202100009000;185 630;16;0;2;0;19;1
202100009001;185 627;10;3;2;1;13;1
202100009001;185 628;7;0;2;1;1;1
202100009002;185 625;7;0;2;1;13;1
202100009002;185 626;14;0;2;1;1;1
202100009003;185 624;16;16;0;8;16;1
202100009004;185 622;7;0;2;2;1;1
202100009004;185 623;7;0;2;1;13;1
202100009005;185 620;7;0;2;7;13;1
202100009005;185 621;10;0;2;1;1;1
202100009006;185 618;2;0;2;1;0;1
202100009006;185 619;7;0;2;3;0;1
202100009007;185 617;33;0;0;1;1;1
202100009008;185 616;7;2;0;1;13;1
202100009009;185 614;7;0;2;2;13;1
202100009009;185 615;7;0;2;2;21;1
202100009010;185 612;7;0;0;0;2;1
202100009010;185 613;7;2;0;2;17;1
202100009011;185 610;1;0;2;0;1;5
202100009011;185 611;7;0;2;3;15;1
202100009012;185 609;7;2;0;1;1;1
202100009013;185 608;21;2;0;1;26;6
202100009014;185 606;7;0;1;7;1;1
202100009014;185 607;7;0;2;1;5;1
202100009015;185 604;7;0;2;8;15;1
202100009015;185 605;43;0;2;1;3;1
202100009016;185 601;1;0;2;1;1;5
202100009016;185 602;10;0;9;3;9;1
202100009017;185 596;7;14;0;0;2;1
202100009017;185 597;7;14;0;0;17;1
202100009017;185 598;7;14;0;0;17;1
202100009017;185 599;17;0;0;4;2;1
202100009017;185 600;7;0;2;1;2;1
202100009018;185 594;7;0;2;1;2;1
202100009018;185 595;7;0;0;4;1;1
202100009019;185 591;10;0;0;4;23;1
202100009019;185 592;7;0;2;1;1;1
202100009019;185 593;7;3;2;2;17;1
202100009020;185 590;7;13;0;9;2;1
202100009021;185 589;7;3;0;3;13;1
202100009022;185 587;7;0;2;4;1;1
202100009022;185 588;10;0;2;1;1;1
202100009023;185 584;7;0;2;1;1;1
202100009023;185 585;7;0;0;4;1;1
202100009023;185 586;7;0;0;7;17;1
202100009024;185 582;33;0;2;1;1;1
202100009024;185 583;10;0;2;2;15;1
202100009025;185 581;10;0;1;6;1;1
202100009026;185 580;33;13;0;1;1;1
202100009027;185 575;7;0;2;1;1;1
202100009027;185 576;7;0;2;1;13;6
202100009027;185 577;7;0;2;1;1;1
202100009028;185 574;33;4;0;0;1;1
202100009029;185 572;7;0;2;3;1;1
202100009029;185 573;7;0;2;2;19;1
202100009030;185 570;33;0;2;7;1;1
202100009030;185 571;7;0;2;2;9;2
202100009031;185 569;2;0;0;0;1;1
202100009032;185 566;2;0;2;1;1;1
202100009032;185 567;7;0;2;2;15;1
202100009033;185 565;36;2;0;2;1;1
202100009034;185 564;7;13;0;2;1;1
202100009035;185 562;7;0;2;1;16;1
202100009035;185 563;80;0;2;7;19;3
202100009036;185 559;7;0;2;3;1;1
202100009036;185 560;7;0;2;3;1;1
202100009037;185 557;7;0;2;8;1;1
202100009037;185 558;7;0;2;5;14;1
202100009038;185 555;7;0;2;1;0;1
202100009038;185 556;7;0;2;4;1;1
202100009039;185 552;32;0;2;8;1;1
202100009039;185 553;10;0;2;3;14;1
202100009039;185 554;7;0;2;5;2;1
202100009040;185 550;7;0;2;4;1;1
202100009040;185 551;10;0;2;1;9;1
202100009041;185 547;7;0;2;4;1;1
202100009041;185 548;7;1;0;1;1;1
202100009041;185 549;7;0;2;0;0;1
202100009042;185 543;7;0;2;4;1;1
202100009042;185 544;7;0;2;4;0;1
202100009042;185 545;7;0;2;6;1;1
202100009042;185 546;7;0;2;1;2;1
202100009043;185 542;7;4;0;2;14;1
202100009044;185 541;7;13;0;1;16;1
202100009045;185 538;7;0;2;4;2;2
202100009045;185 539;7;0;2;1;2;1
202100009045;185 540;7;0;2;1;2;1
202100009046;185 536;7;0;0;4;2;1
202100009046;185 537;7;0;2;1;2;2
202100009047;185 533;7;1;2;1;2;1
202100009047;185 534;10;1;2;4;0;1
202100009047;185 535;7;1;2;4;0;1
202100009048;185 531;7;0;2;8;13;1
202100009048;185 532;7;0;2;2;1;2
202100009049;185 530;7;13;0;1;2;1
202100009050;185 528;10;0;2;2;17;1
202100009050;185 529;7;0;2;6;1;1
202100009051;185 525;10;0;2;1;14;1
202100009051;185 526;7;0;2;4;1;1
202100009051;185 527;7;0;2;5;1;1
202100009052;185 523;7;0;2;4;24;1
202100009052;185 524;10;1;0;1;1;1
202100009053;185 521;7;0;2;1;2;1
202100009053;185 522;7;0;2;4;2;1
202100009054;185 519;7;0;2;8;1;1
202100009054;185 520;7;0;2;7;1;1
202100009055;185 516;7;0;2;3;13;1
202100009055;185 517;7;0;2;7;1;1
202100009055;185 518;7;0;2;5;1;1
202100009056;185 515;33;0;0;0;1;1
202100009057;185 513;7;0;2;4;1;1
202100009057;185 514;7;0;2;1;2;1
202100009058;185 512;7;4;2;3;26;1
202100009059;185 509;7;0;2;1;9;2
202100009059;185 510;7;0;2;1;2;1
202100009059;185 511;7;0;2;4;1;1
202100009060;185 508;7;0;1;2;1;1
202100009061;185 507;7;0;1;1;1;1
202100009062;185 506;31;0;1;7;1;1
202100009063;185 505;7;0;0;0;26;0
202100009064;185 504;7;12;0;1;26;1
202100009065;185 503;7;0;0;9;14;1
202100009066;185 501;32;0;2;6;13;1
202100009066;185 502;30;0;2;8;13;1
202100009067;185 499;14;0;2;8;13;1
202100009067;185 500;34;0;9;7;1;6
202100009068;185 497;1;0;0;0;0;0
202100009068;185 498;2;0;2;8;26;0
202100009069;185 495;7;0;2;1;2;1
202100009069;185 496;7;0;2;3;16;1
202100009070;185 493;7;0;2;1;2;0
202100009070;185 494;33;0;2;3;2;1
202100009071;185 492;32;0;1;1;1;1
202100009072;185 490;32;0;2;5;1;1
202100009072;185 491;10;0;2;3;15;1
202100009073;185 488;7;0;2;3;1;1
202100009073;185 489;7;0;2;2;13;1
202100009074;185 486;34;0;2;2;1;1
202100009074;185 487;7;0;2;1;15;1
202100009075;185 484;2;10;0;2;1;1
202100009075;185 485;7;10;0;2;26;1
202100009076;185 482;31;0;2;1;1;1
202100009076;185 483;7;0;2;2;15;1
202100009077;185 480;7;0;2;1;1;1
202100009077;185 481;7;0;2;2;15;1
202100009078;185 478;32;0;2;1;1;1
202100009078;185 479;3;0;2;1;1;1
202100009079;185 477;7;0;1;2;15;1
202100009080;185 475;33;0;2;0;1;1
202100009080;185 476;7;0;0;0;15;1
202100009081;185 474;7;0;0;3;9;1
202100009082;185 472;33;0;2;7;2;1
202100009082;185 473;7;0;2;8;15;6
202100009083;185 470;7;0;2;2;1;1
202100009083;185 471;50;0;2;3;1;3
202100009084;185 468;7;0;2;3;1;1
202100009084;185 469;7;0;2;1;13;1
202100009085;185 466;50;0;2;1;26;3
202100009085;185 467;7;0;9;6;1;1
202100009086;185 465;7;0;1;2;1;0
202100009087;185 464;7;12;0;7;1;1
202100009088;185 462;7;0;2;3;19;1
202100009088;185 463;7;0;2;2;19;1
202100009089;185 460;10;0;2;4;1;1
202100009089;185 461;7;0;2;1;1;1
202100009090;185 458;7;0;2;1;2;1
202100009090;185 459;7;0;2;4;2;1
202100009091;185 455;7;8;0;2;1;1
202100009092;185 454;7;0;1;1;1;2
202100009093;185 452;7;0;2;1;1;1
202100009093;185 453;7;0;2;1;21;1
202100009094;185 451;33;0;1;1;1;1
202100009095;185 449;33;0;2;1;5;1