Num_Acc;id_vehicule;categorie_vehicule;obstacle_fixe;obstacle_mobile;point_choc_initial;manoeuvre_principale;motorisation
202100009095;185 450;7;0;2;3;1;1
202100009096;185 447;7;0;9;1;1;1
202100009096;185 448;1;0;2;1;5;5
202100009097;185 446;10;0;1;1;0;1
202100009098;185 444;7;0;2;0;15;1
202100009098;185 445;1;0;2;8;1;5
202100009099;185 442;30;0;2;1;1;1
202100009099;185 443;7;0;2;6;20;1
202100009100;185 441;7;0;1;1;1;1
202100009101;185 439;7;0;2;1;2;1
202100009101;185 440;7;0;2;4;2;1
202100009102;185 437;10;0;2;1;1;1
202100009102;185 438;7;0;2;4;1;1
202100009103;185 434;15;6;0;1;26;1
202100009104;185 432;7;0;2;0;0;0
202100009104;185 433;7;0;2;3;0;0
202100009105;185 431;7;4;0;8;9;1
202100009106;185 430;7;2;0;3;1;1
202100009107;185 428;7;0;2;1;1;1
202100009107;185 429;7;0;2;1;13;1
202100009108;185 427;10;0;0;1;9;1
202100009109;185 425;7;0;2;5;16;1
202100009109;185 426;7;0;2;1;2;1
202100009110;185 424;30;0;1;1;5;1
202100009111;185 422;7;0;2;1;1;1
202100009111;185 423;13;0;2;8;15;0
202100009112;185 421;31;0;0;8;14;1
202100009113;185 419;1;0;2;7;1;0
202100009113;185 420;7;0;2;1;9;1
202100009114;185 418;7;13;0;6;13;1
202100009115;185 417;7;6;0;1;15;1
202100009116;185 415;31;0;2;8;3;1
202100009116;185 416;7;0;2;7;13;0
202100009117;185 413;7;0;2;1;2;1
202100009117;185 414;7;0;2;4;2;1
202100009118;185 411;1;0;2;1;1;5
202100009118;185 412;7;0;2;5;16;1
202100009119;185 409;32;0;2;8;1;1
202100009119;185 410;7;0;2;7;16;1
202100009120;185 408;1;0;0;0;1;5
202100009121;185 406;34;0;2;2;1;1
202100009121;185 407;7;0;2;5;15;1
202100009122;185 404;2;0;2;8;1;1
202100009122;185 405;37;0;2;1;1;3
202100009123;185 402;50;0;2;8;13;3
202100009123;185 403;37;0;2;5;17;3
202100009124;185 401;0;0;1;0;0;0
202100009125;185 399;50;0;2;6;16;3
202100009125;185 400;10;0;2;6;1;0
202100009126;185 397;7;0;0;5;19;1
202100009126;185 398;33;0;2;1;0;1
202100009127;185 396;7;1;0;1;2;1
202100009128;185 393;7;0;2;1;26;1
202100009128;185 394;33;0;2;7;26;1
202100009128;185 395;7;0;2;4;24;1
202100009129;185 392;7;12;0;1;1;1
202100009130;185 390;7;0;2;4;2;1
202100009130;185 391;7;0;2;1;2;1
202100009131;185 389;10;0;1;2;2;1
202100009132;185 386;43;0;0;0;0;1
202100009132;185 387;7;2;2;3;15;1
202100009132;185 388;7;2;2;1;15;1
202100009133;185 384;7;0;2;8;9;1
202100009133;185 385;1;0;2;7;1;5
202100009134;185 382;2;0;2;2;3;1
202100009134;185 383;7;0;2;3;15;1
202100009135;185 381;7;3;0;1;1;1
202100009136;185 379;7;0;2;1;26;1
202100009136;185 380;33;0;2;4;23;1
202100009137;185 378;2;9;0;1;1;1
202100009138;185 376;7;0;2;3;0;0
202100009138;185 377;31;0;2;2;0;1
202100009139;185 374;2;0;2;3;19;1
202100009139;185 375;7;0;2;2;1;1
202100009140;185 372;7;0;2;1;2;1
202100009140;185 373;7;0;0;4;2;1
202100009141;185 371;7;6;0;8;1;1
202100009142;185 369;7;0;2;1;1;2
202100009142;185 370;7;0;0;3;15;1
202100009143;185 368;33;6;0;2;1;1
202100009144;185 366;7;0;2;3;0;1
202100009144;185 367;7;0;2;2;0;1
202100009145;185 364;7;0;2;3;1;1
202100009145;185 365;7;0;2;3;1;1
202100009146;185 362;33;0;2;5;2;1
202100009146;185 363;7;0;2;3;9;1
202100009147;185 361;7;2;0;1;16;1
202100009148;185 359;7;0;2;3;9;1
202100009148;185 360;2;0;2;1;11;1
202100009149;185 357;7;0;2;3;1;1
202100009149;185 358;7;0;2;3;15;1
202100009150;185 356;7;0;1;2;1;1
202100009151;185 354;7;0;2;7;1;1
202100009151;185 355;7;0;2;1;9;1
202100009152;185 352;7;0;2;1;1;1
202100009152;185 353;7;0;2;1;13;1
202100009153;185 350;7;0;2;2;1;1
202100009153;185 351;33;3;2;1;13;1
202100009154;185 348;7;0;2;1;1;1
202100009154;185 349;7;0;2;2;15;1
202100009155;185 347;7;8;0;8;14;1
202100009156;185 345;7;0;2;3;1;1
202100009156;185 346;7;0;2;1;13;1
202100009157;185 343;7;6;2;3;1;1
202100009157;185 344;7;0;2;3;13;1
202100009158;185 342;80;2;0;0;0;3
202100009159;185 341;33;13;0;1;16;1
202100009160;185 340;33;16;0;8;0;0
202100009161;185 339;7;13;0;8;1;1
202100009162;185 337;7;0;2;3;13;1
202100009162;185 338;7;0;2;3;1;1
202100009163;185 336;7;13;0;3;1;1
202100009164;185 334;7;0;2;2;15;1
202100009164;185 335;33;0;2;1;1;1
202100009165;185 333;36;8;0;1;1;1
202100009166;185 331;30;0;2;1;1;1
202100009166;185 332;32;0;2;1;1;1
202100009167;185 330;7;11;0;0;1;1
202100009168;185 329;7;7;0;9;1;1
202100009169;185 325;33;0;2;1;1;1
202100009169;185 326;7;0;2;2;1;1
202100009170;185 323;33;0;2;3;0;1
202100009170;185 324;7;0;2;3;0;1
202100009171;185 319;3;0;2;3;9;1
202100009171;185 320;33;0;2;1;1;1
202100009172;185 318;7;8;0;2;1;1
202100009173;185 317;7;13;0;2;14;1
202100009174;185 316;7;15;0;1;1;1
202100009175;185 314;7;0;2;1;1;1
202100009175;185 315;7;0;2;1;13;1
202100009176;185 312;7;0;2;1;1;1
202100009176;185 313;7;0;2;3;19;1
202100009177;185 311;7;17;0;1;11;1
202100009178;185 310;33;0;6;1;1;1
202100009179;185 308;1;0;2;3;1;5
202100009179;185 309;7;0;0;5;17;1
202100009180;185 300;7;0;2;1;2;1
202100009180;185 301;7;0;2;4;2;1
202100009180;185 302;7;0;2;4;1;1
202100009181;185 299;7;6;0;3;1;1
202100009182;185 297;7;0;2;6;2;1
202100009182;185 298;7;0;2;2;2;1
202100009183;185 295;7;0;2;6;1;1
202100009183;185 296;7;0;2;2;1;1
202100009184;185 293;7;0;2;4;23;1
202100009184;185 294;7;0;2;1;1;1
202100009185;185 292;32;4;0;1;9;1
202100009186;185 291;43;16;0;1;1;1
202100009187;185 286;7;0;2;1;2;1
202100009187;185 287;7;0;2;9;2;1
202100009187;185 288;7;0;2;9;2;1
202100009187;185 289;7;0;2;9;2;1
202100009187;185 290;7;0;2;4;2;1
202100009188;185 284;7;0;2;1;2;1
202100009188;185 285;7;0;2;1;2;1
202100009189;185 283;33;4;0;1;1;1
202100009190;185 279;7;0;2;4;2;1
202100009190;185 280;7;0;2;4;2;1
202100009190;185 281;7;0;2;4;2;1
202100009190;185 282;10;0;2;1;2;1
202100009191;185 278;7;0;1;1;15;1
202100009192;185 277;2;0;1;1;17;1
202100009193;185 275;7;6;2;3;1;1
202100009193;185 276;10;0;2;2;1;1
202100009194;185 274;3;0;2;4;1;1
202100009195;185 272;7;0;2;3;15;1
202100009195;185 273;33;0;2;2;7;1
202100009196;185 271;7;0;1;3;1;1
202100009197;185 269;7;0;1;1;0;1
202100009197;185 270;10;0;2;2;0;1
202100009198;185 267;2;0;2;7;1;1
202100009198;185 268;7;0;2;1;9;1
202100009199;185 265;7;0;2;1;1;1
202100009199;185 266;30;0;2;5;1;1
202100009200;185 263;7;0;2;0;0;0
202100009200;185 264;2;0;2;1;1;1
202100009201;185 261;7;0;2;2;0;1
202100009201;185 262;30;0;2;8;1;1
202100009202;185 259;32;0;2;2;15;1
202100009202;185 260;10;0;0;0;0;0
202100009203;185 258;7;0;1;3;2;1
202100009204;185 256;7;0;2;8;16;1
202100009204;185 257;99;0;2;1;25;3
202100009205;185 255;33;0;0;8;1;1
202100009206;185 254;7;0;1;3;0;1
202100009207;185 253;99;0;0;0;1;5
202100009208;185 252;7;0;1;3;1;2
202100009209;185 250;7;0;2;2;15;1
202100009209;185 251;33;0;2;1;1;1
202100009210;185 248;1;0;2;6;1;5
202100009210;185 249;7;0;2;3;15;1
202100009211;185 247;7;12;0;1;26;1
202100009212;185 245;7;0;2;0;1;0
202100009212;185 246;1;0;2;0;19;5
202100009213;185 243;7;0;2;3;1;1
202100009213;185 244;1;0;2;1;16;5
202100009214;185 241;7;0;2;6;9;1
202100009214;185 242;33;0;2;1;21;1
202100009215;185 240;7;0;0;2;17;2
202100009216;185 239;7;1;0;2;1;2
202100009217;185 237;10;0;2;6;24;1
202100009217;185 238;7;1;0;3;14;1
202100009218;185 234;7;0;2;2;26;3
202100009218;185 235;10;0;2;3;9;1
202100009218;185 236;30;0;2;5;2;1
202100009219;185 233;7;0;1;1;9;1
202100009220;185 232;7;0;1;1;1;1
202100009221;185 230;15;0;2;3;1;1
202100009221;185 231;15;0;2;1;1;1
202100009222;185 229;7;0;1;2;1;1
202100009223;185 228;14;0;1;3;15;1
202100009224;185 225;10;0;2;4;2;1
202100009224;185 226;7;0;2;4;0;1
202100009224;185 227;7;0;2;1;26;1
202100009225;185 223;7;0;2;3;15;1
202100009225;185 224;2;0;2;8;1;1
202100009226;185 220;7;0;2;4;23;1
202100009226;185 221;7;0;2;4;23;1
202100009226;185 222;7;0;2;1;2;1
202100009227;185 218;7;0;2;6;16;1
202100009227;185 219;33;0;2;1;11;1
202100009228;185 215;7;1;2;6;1;1
202100009228;185 216;7;0;2;3;1;1
202100009228;185 217;7;0;2;2;14;1
202100009229;185 212;7;0;0;4;23;1
202100009229;185 213;7;0;2;1;23;1
202100009229;185 214;7;0;2;1;1;0
202100009230;185 210;7;0;2;1;1;1
202100009230;185 211;7;0;2;2;1;1
202100009231;185 208;1;0;2;2;19;5
202100009231;185 209;7;0;2;2;1;1
202100009232;185 207;7;0;1;2;16;1
202100009233;185 206;1;0;1;0;25;5
202100009234;185 205;7;0;1;1;15;1
202100009235;185 203;33;0;2;7;17;1
202100009235;185 204;7;0;2;0;15;0
202100009236;185 202;10;0;1;3;15;1
202100009237;185 201;7;1;0;1;14;1
202100009238;185 200;7;0;0;1;1;1
202100009239;185 198;7;0;2;1;16;1
202100009239;185 199;50;1;2;1;19;3
202100009240;185 196;7;0;2;2;1;1
202100009240;185 197;7;0;2;1;1;1
202100009241;185 194;7;0;2;7;15;1
202100009241;185 195;7;0;2;1;1;1
202100009242;185 193;7;0;1;4;4;1
202100009243;185 188;7;0;2;3;1;1
202100009243;185 189;2;0;2;2;1;1
202100009244;185 186;7;0;2;1;13;1
202100009244;185 187;14;0;2;1;1;1
202100009245;185 184;7;0;2;4;4;1
202100009245;185 185;1;0;2;4;2;5
202100009246;185 182;7;0;2;6;15;1
202100009246;185 183;33;0;2;1;17;1
202100009247;185 180;7;0;2;1;0;1
202100009247;185 181;7;0;2;3;2;1
202100009248;185 178;1;0;2;8;23;5
202100009248;185 179;7;0;2;3;15;1
202100009249;185 176;1;9;2;7;1;5
202100009249;185 177;7;9;2;7;19;6
202100009250;185 173;33;0;1;1;16;1
202100009251;185 170;7;0;2;4;1;1
202100009251;185 171;7;0;2;4;2;1
202100009251;185 172;7;0;2;1;2;3
202100009252;185 169;7;15;0;3;1;1
202100009253;185 168;7;3;0;1;1;1
202100009254;185 167;7;0;1;1;1;1
202100009255;185 165;7;0;2;2;15;1
202100009255;185 166;30;0;2;1;1;1
202100009256;185 163;7;0;2;3;15;1
202100009256;185 164;31;0;2;1;1;1
202100009257;185 161;31;0;2;1;2;1
202100009257;185 162;7;0;2;4;2;1
202100009258;185 159;7;0;2;3;9;1
202100009258;185 160;2;0;2;7;26;1
202100009259;185 156;7;0;2;1;2;1
202100009259;185 157;7;0;2;1;2;1
202100009259;185 158;7;0;2;4;1;1
202100009260;185 154;7;0;2;1;2;1
202100009260;185 155;10;0;2;4;16;1
202100009261;185 152;50;0;0;0;0;3
202100009261;185 153;7;0;2;3;26;1
202100009262;185 148;7;0;2;3;1;1
202100009262;185 149;14;0;2;2;1;1
202100009263;185 146;10;0;2;3;15;1
202100009263;185 147;2;0;2;1;17;1
202100009264;185 142;33;0;2;4;2;1
202100009264;185 143;33;0;2;1;2;1
202100009265;185 135;7;0;2;4;1;3
202100009265;185 136;7;0;2;4;1;1
202100009265;185 137;7;0;2;4;1;1
202100009265;185 138;7;0;2;4;1;0
202100009265;185 139;7;0;2;4;1;0
202100009265;185 140;7;0;2;4;1;1
202100009265;185 141;7;0;2;1;1;0
202100009266;185 134;7;0;1;1;1;0
202100009267;185 132;33;0;2;2;17;1
202100009267;185 133;7;0;2;3;15;0
202100009268;185 130;7;0;2;1;0;1
202100009268;185 131;7;0;2;9;2;1
202100009269;185 128;7;0;2;5;1;1
202100009269;185 129;37;0;2;8;13;2
202100009270;185 127;7;8;0;7;13;1
202100009271;185 126;7;7;0;1;1;1
202100009272;185 125;7;0;0;1;1;1
202100009273;185 123;1;0;2;7;1;5
202100009273;185 124;7;0;2;3;15;1
202100009274;185 121;7;0;2;1;0;1
202100009274;185 122;7;0;2;4;0;1
202100009275;185 119;32;0;2;8;13;1
202100009275;185 120;7;0;2;7;1;2
202100009276;185 117;7;0;2;1;1;3
202100009276;185 118;7;0;2;1;13;4
202100009277;185 116;7;0;1;4;20;1
202100009278;185 115;31;8;0;1;1;1
202100009279;185 113;7;0;2;1;19;0
202100009279;185 114;7;0;2;0;1;1
202100009280;185 111;2;0;2;4;1;1
202100009280;185 112;7;0;2;1;1;1
202100009281;185 109;7;0;2;5;2;1
202100009281;185 110;33;0;2;1;2;1
202100009282;185 107;14;0;2;2;16;1
202100009282;185 108;1;0;2;4;1;5
202100009283;185 106;33;1;1;1;1;1
202100009284;185 105;1;0;1;2;1;5
202100009285;185 102;7;0;2;0;1;0
202100009285;185 103;7;0;2;4;1;1
202100009285;185 104;7;0;2;4;1;1
202100009286;185 100;7;0;2;1;1;1
202100009286;185 101;1;0;2;4;13;5
202100009287;185 098;33;0;2;1;1;1
202100009287;185 099;7;0;2;2;15;1
202100009288;185 097;7;0;1;1;1;1
202100009289;185 095;33;0;2;4;1;1
202100009289;185 096;7;0;2;4;23;1
202100009290;185 093;7;0;2;1;1;1
202100009290;185 094;31;0;2;4;1;1
202100009291;185 092;43;0;1;1;1;1
202100009292;185 091;50;0;1;1;5;3
202100009293;185 089;7;0;2;2;15;1
202100009293;185 090;1;0;2;1;1;5
202100009294;185 087;80;12;2;1;13;3
202100009294;185 088;1;0;2;1;1;5
202100009295;185 086;1;0;1;1;1;5
202100009296;185 084;33;0;2;1;1;1
202100009296;185 085;7;0;2;5;9;1
202100009297;185 082;2;0;2;1;2;1
202100009297;185 083;7;0;2;4;2;1
202100009298;185 080;7;0;2;1;0;1
202100009298;185 081;31;0;2;5;0;1
202100009299;185 079;7;0;1;1;15;3
202100009300;185 077;2;0;2;1;1;1
202100009300;185 078;7;0;2;3;15;1
202100009301;185 075;10;0;2;1;9;1
202100009301;185 076;33;0;2;0;0;1
202100009302;185 073;32;0;2;1;1;1
202100009302;185 074;7;0;2;4;2;1
202100009303;185 071;7;0;2;1;1;1
202100009303;185 072;7;0;2;1;0;1
202100009304;185 070;10;0;1;1;1;1
202100009305;185 069;7;0;1;2;15;1
202100009306;185 068;7;0;1;1;26;1
202100009307;185 066;7;0;2;1;15;1
202100009307;185 067;15;0;2;1;1;1
202100009308;185 065;7;0;1;1;14;1
202100009309;185 063;31;0;2;1;2;1
202100009309;185 064;3;0;0;4;1;1
202100009310;185 061;7;0;2;6;4;1
202100009310;185 062;34;6;2;2;1;1
202100009311;185 059;2;0;2;2;23;1
202100009311;185 060;7;0;2;3;1;1
202100009312;185 058;7;0;1;2;9;0
202100009313;185 056;7;0;2;6;9;1
202100009313;185 057;34;0;2;1;21;1
202100009314;185 054;7;0;2;3;2;0
202100009314;185 055;2;0;2;1;2;0
202100009315;185 053;7;0;1;2;19;1
202100009316;185 051;3;0;0;5;15;1
202100009316;185 052;43;0;2;1;18;1
202100009317;185 050;7;0;1;8;26;1
202100009318;185 049;30;0;0;0;0;6
202100009319;185 046;7;0;1;3;1;1
202100009320;185 044;2;0;2;1;1;1
202100009320;185 045;37;0;2;8;1;1
202100009321;185 042;33;0;2;1;1;1
202100009321;185 043;7;0;2;6;26;1
202100009322;185 040;30;0;2;8;18;1
202100009322;185 041;7;0;2;2;16;1
202100009323;185 038;7;0;2;3;15;1
202100009323;185 039;32;0;2;7;1;1
202100009324;185 037;30;0;0;0;26;0
202100009325;185 035;30;0;2;2;1;1
202100009325;185 036;7;0;2;3;15;1
202100009326;185 033;7;0;2;4;2;1
202100009326;185 034;33;0;2;1;2;1
202100009327;185 031;1;0;2;3;19;5
202100009327;185 032;43;0;2;3;1;1
202100009328;185 030;31;12;0;8;1;1
202100009329;185 028;7;0;2;1;1;1
202100009329;185 029;20;0;2;3;1;1
202100009330;185 027;7;13;0;2;1;1
202100009331;185 026;7;13;0;9;6;1
202100009332;185 025;7;0;1;2;1;1
202100009333;185 023;7;2;6;2;21;1
202100009334;185 021;7;0;2;1;1;1
202100009334;185 022;7;0;0;7;1;1
202100009335;185 018;7;6;0;1;1;1
202100009336;185 016;1;0;2;5;1;5
202100009336;185 017;7;0;9;2;1;1
202100009337;185 015;7;2;0;1;0;1
202100009338;185 013;7;0;2;3;1;1
202100009338;185 014;33;8;2;1;1;1
202100009339;185 012;33;5;0;7;14;1
202100009340;185 010;7;0;2;3;1;1
202100009340;185 011;7;0;2;3;13;1
202100009341;185 009;7;0;1;1;1;0
202100009342;185 007;7;0;2;3;2;1
202100009342;185 008;80;0;2;1;2;3
202100009343;185 005;10;0;2;1;1;1
202100009343;185 006;7;8;2;4;1;1
202100009344;185 003;7;0;2;8;15;1
202100009344;185 004;33;0;2;1;17;1
202100009345;185 002;7;15;0;1;1;1
202100009346;185 001;7;13;0;2;1;1
202100009347;184 999;7;0;2;9;0;1
202100009347;185 000;7;0;2;1;1;1
202100009348;184 998;7;0;1;2;1;1
202100009349;184 995;7;0;2;4;15;1
202100009349;184 996;7;0;2;3;1;1
202100009349;184 997;7;0;2;1;1;1
202100009350;184 993;7;0;2;3;1;1
202100009350;184 994;33;0;2;1;17;1
202100009351;184 991;7;0;2;6;1;1
202100009351;184 992;10;0;0;1;1;1
202100009352;184 989;7;0;2;3;19;1
202100009352;184 990;2;0;2;1;1;1
202100009353;184 987;30;0;6;1;2;1
202100009353;184 988;7;0;2;1;2;1
202100009354;184 985;7;0;2;8;19;1
202100009354;184 986;7;0;2;1;1;1
202100009355;184 983;15;0;2;3;1;1
202100009355;184 984;10;0;2;8;1;1
202100009356;184 982;7;2;0;1;19;1
202100009357;184 979;2;0;2;1;21;1
202100009357;184 980;10;0;0;2;11;0
202100009357;184 981;7;0;2;1;1;1
202100009358;184 978;2;14;9;0;0;0
202100009359;184 976;7;0;2;4;0;1
202100009359;184 977;33;0;2;1;1;1
202100009360;184 974;7;0;2;1;2;1
202100009360;184 975;15;0;0;4;2;1
202100009361;184 973;2;0;0;0;0;1
202100009362;184 970;7;0;2;3;1;1
202100009362;184 971;7;1;2;3;13;1
202100009362;184 972;7;0;0;6;15;1
202100009363;184 969;2;15;0;2;14;1
202100009364;184 967;2;0;2;1;17;1
202100009364;184 968;7;0;2;6;15;1
202100009365;184 965;7;0;2;1;1;1
202100009365;184 966;7;0;2;1;1;1
202100009366;184 963;7;0;2;8;15;1
202100009366;184 964;33;0;2;1;17;1
202100009367;184 961;2;0;2;1;1;1
202100009367;184 962;7;0;0;2;15;1
202100009368;184 959;7;0;0;3;15;1
202100009368;184 960;1;0;0;7;1;5
202100009369;184 957;7;0;2;8;15;1
202100009369;184 958;7;0;2;3;1;1
202100009370;184 956;7;0;1;4;4;1
202100009371;184 955;7;6;0;1;1;1
202100009372;184 953;1;0;0;8;1;5
202100009372;184 954;7;0;9;3;2;1
202100009373;184 950;7;0;2;1;1;1
202100009373;184 951;33;0;2;4;1;1
202100009373;184 952;7;0;2;4;1;1
202100009374;184 948;7;0;2;1;1;1
202100009374;184 949;7;0;2;3;26;1
202100009375;184 946;33;0;0;4;16;1
202100009375;184 947;7;0;2;1;1;1
202100009376;184 944;33;0;2;8;1;1
202100009376;184 945;7;0;2;7;1;1
202100009377;184 942;17;0;2;2;1;1
202100009377;184 943;7;0;2;9;17;1
202100009378;184 940;7;0;2;1;2;1
202100009378;184 941;7;0;2;4;1;1
202100009379;184 938;7;0;2;2;14;1
202100009379;184 939;7;4;2;3;1;1
202100009380;184 936;7;0;2;4;1;1
202100009380;184 937;7;0;2;2;1;1
202100009381;184 931;10;0;2;1;2;1
202100009381;184 932;7;0;2;4;2;1
202100009381;184 933;10;0;2;4;2;1
202100009381;184 934;7;0;2;4;2;1
202100009381;184 935;7;0;2;4;2;1
202100009382;184 927;7;1;2;1;2;1
202100009382;184 928;7;1;2;4;2;1
202100009382;184 929;7;1;2;5;2;2
202100009382;184 930;10;1;0;1;2;1
202100009383;184 926;33;3;0;7;18;1
202100009384;184 925;7;2;0;1;0;1
202100009385;184 924;7;4;0;3;1;1
202100009386;184 923;7;5;0;1;1;1
202100009387;184 921;7;0;0;5;2;1
202100009387;184 922;31;0;2;3;2;1
202100009388;184 920;7;4;0;1;1;1
202100009389;184 919;7;4;0;1;1;1
202100009390;184 918;7;4;0;1;1;1
202100009391;184 914;7;0;2;4;2;1
202100009391;184 915;7;0;2;4;2;1
202100009391;184 916;7;0;2;4;2;3
202100009391;184 917;10;0;2;1;2;1
202100009392;184 912;33;0;2;2;3;1
202100009392;184 913;10;0;2;6;11;1
202100009393;184 911;1;0;1;1;1;5
202100009394;184 908;7;0;2;7;1;1
202100009394;184 909;7;0;2;2;14;1
202100009394;184 910;7;0;2;3;1;1
202100009395;184 906;34;0;2;1;2;1
202100009395;184 907;10;0;2;4;2;1
202100009396;184 904;2;0;2;3;1;1
202100009396;184 905;7;0;2;1;15;1
202100009397;184 903;33;6;0;0;16;1
202100009398;184 901;7;0;2;1;13;1
202100009398;184 902;7;0;2;8;0;1
202100009399;184 899;2;0;2;1;1;1
202100009399;184 900;7;0;2;2;15;1
202100009400;184 898;7;0;1;7;1;1
202100009401;184 896;10;0;2;1;1;1
202100009401;184 897;7;0;2;4;1;1
202100009402;184 895;0;0;1;0;26;0
202100009403;184 893;3;0;2;2;15;6
202100009403;184 894;34;0;2;8;8;1
202100009404;184 891;7;0;2;3;15;0
202100009404;184 892;7;0;2;0;1;0
202100009405;184 889;7;16;0;0;0;1
202100009405;184 890;7;0;2;1;2;2
202100009406;184 887;1;0;2;1;19;5
202100009406;184 888;7;0;9;2;1;1
202100009407;184 885;30;0;2;1;3;1
202100009407;184 886;7;0;2;6;11;1
202100009408;184 884;30;0;1;1;1;1
202100009409;184 883;7;0;1;1;26;1
202100009410;184 881;7;0;2;1;15;2
202100009410;184 882;30;0;2;1;1;1
202100009411;184 879;7;0;2;3;20;1
202100009411;184 880;2;0;2;1;1;1
202100009412;184 877;7;0;2;4;2;1
202100009412;184 878;7;0;2;1;2;1
202100009413;184 875;7;0;2;3;1;1
202100009413;184 876;7;0;2;1;1;1
202100009414;184 873;1;0;2;4;1;5
202100009414;184 874;7;0;2;2;1;1
202100009415;184 871;7;0;2;3;22;1
202100009415;184 872;1;1;0;1;1;0
202100009416;184 869;7;0;2;3;15;1
202100009416;184 870;7;0;2;3;1;1
202100009417;184 867;7;8;0;3;13;1
202100009418;184 865;2;0;2;4;1;1
202100009418;184 866;7;0;2;1;15;1
202100009419;184 861;7;0;2;2;1;1
202100009419;184 862;1;0;2;3;15;5
202100009420;184 859;7;0;2;1;15;1
202100009420;184 860;32;0;2;1;1;1
202100009421;184 857;7;0;2;1;15;1
202100009421;184 858;7;0;2;3;26;1
202100009422;184 856;10;0;1;3;1;1
202100009423;184 854;30;9;0;1;5;1
202100009423;184 855;7;9;0;0;0;1
202100009424;184 853;7;0;2;1;17;0
202100009425;184 851;7;0;2;3;1;1
202100009425;184 852;7;0;2;3;13;1
202100009426;184 849;7;0;2;4;1;1
202100009426;184 850;7;0;2;1;2;1
202100009427;184 848;7;0;1;2;1;1
202100009428;184 846;2;0;2;4;2;3
202100009428;184 847;7;0;9;1;2;1
202100009429;184 844;7;0;2;4;1;1
202100009429;184 845;7;0;2;1;1;1
202100009430;184 842;;1;0;5;24;
202100009430;184 843;7;1;0;2;1;1
202100009431;184 840;50;0;2;0;26;3
202100009431;184 841;7;0;2;0;26;1
202100009432;184 838;38;0;2;2;24;1
202100009432;184 839;7;1;0;1;26;1
202100009433;184 836;7;0;2;3;16;1
202100009433;184 837;7;0;2;2;1;1
202100009434;184 835;7;0;1;3;1;1
202100009435;184 833;7;0;2;2;16;1
202100009435;184 834;2;0;2;3;1;1
202100009436;184 831;7;0;2;1;15;1
202100009436;184 832;1;0;2;1;1;5
202100009437;184 829;10;0;2;4;2;1
202100009437;184 830;10;0;2;1;2;1
202100009438;184 827;7;0;2;0;0;0
202100009438;184 828;7;0;2;4;1;1
202100009439;184 825;7;0;2;1;16;1
202100009439;184 826;1;0;2;0;1;5
202100009440;184 824;7;0;1;0;15;1
202100009441;184 823;30;0;2;1;1;1
202100009442;184 821;32;0;2;7;17;1
202100009442;184 822;7;0;2;3;1;1
202100009443;184 819;1;0;2;0;1;5
202100009443;184 820;7;0;2;3;15;1
202100009444;184 818;7;0;1;2;0;1
202100009445;184 817;7;0;1;2;2;1
202100009446;184 815;7;0;2;3;1;1
202100009446;184 816;10;0;2;2;15;1
202100009447;184 814;0;0;1;0;26;0
202100009448;184 813;32;15;0;7;1;1
202100009449;184 811;30;0;2;0;9;1
202100009449;184 812;2;0;2;0;9;1
202100009450;184 809;34;0;2;1;1;1
202100009450;184 810;7;0;2;3;15;3
202100009451;184 808;7;0;1;1;1;1
202100009452;184 807;7;0;0;1;14;1
202100009453;184 806;10;0;0;9;1;1
202100009454;184 804;33;0;2;3;1;1
202100009454;184 805;30;0;2;1;26;1
202100009455;184 802;7;0;2;2;26;1
202100009455;184 803;7;0;2;2;26;1
202100009456;184 800;17;0;2;7;12;1
202100009456;184 801;7;4;2;8;1;2
202100009457;184 798;7;0;2;8;11;1
202100009457;184 799;34;0;2;1;3;1
202100009458;184 796;7;4;2;6;1;1
202100009458;184 797;7;0;2;2;14;2
202100009459;184 794;1;0;2;0;19;5
202100009459;184 795;32;0;2;5;1;1
202100009460;184 793;33;12;0;0;1;1
202100009461;184 792;1;0;0;0;1;5
202100009462;184 791;1;9;0;1;1;5
202100009463;184 790;33;0;1;2;17;1
202100009464;184 789;7;4;0;1;13;1
202100009465;184 788;1;0;0;0;21;5
202100009466;184 787;30;0;0;7;1;1
202100009467;184 786;33;0;2;1;1;1
202100009468;184 785;7;1;0;3;13;1
202100009469;184 783;10;8;2;7;1;1
202100009469;184 784;7;0;0;0;0;1
202100009470;184 782;10;0;1;3;15;1
202100009471;184 779;7;0;2;4;23;1
202100009471;184 780;7;0;2;4;23;1
202100009471;184 781;7;0;2;1;2;1
202100009472;184 777;7;0;2;2;15;1
202100009472;184 778;32;0;2;3;0;1
202100009473;184 775;7;0;9;1;1;1
202100009473;184 776;1;0;2;4;23;5
202100009474;184 773;7;0;2;3;9;1
202100009474;184 774;10;0;2;1;1;1
202100009475;184 771;32;0;2;2;17;1
202100009475;184 772;7;0;2;6;23;1
202100009476;184 770;30;1;0;1;14;1
202100009477;184 768;7;0;2;3;1;1
202100009477;184 769;7;0;2;1;15;1
202100009478;184 766;15;0;2;1;26;1
202100009478;184 767;15;0;2;4;1;1
202100009479;184 763;7;0;2;1;2;1
202100009479;184 764;7;0;2;4;2;1
202100009479;184 765;7;0;2;4;2;1
202100009480;184 762;7;0;1;1;16;2
202100009481;184 760;7;0;2;1;11;1
202100009481;184 761;7;0;2;3;9;1
202100009482;184 758;7;0;2;1;19;2
202100009482;184 759;31;0;2;8;19;1
202100009483;184 756;7;0;2;3;19;1
202100009483;184 757;7;0;2;1;19;1
202100009484;184 755;7;0;1;6;26;0
202100009485;184 754;7;0;1;1;1;1
202100009486;184 752;10;0;2;5;1;1
202100009486;184 753;33;0;2;1;1;1
202100009487;184 751;7;0;1;1;1;1
202100009488;184 749;7;0;2;3;0;1
202100009488;184 750;34;0;2;8;1;1
202100009489;184 747;7;0;2;1;1;2