Num_Acc;id_vehicule;categorie_vehicule;obstacle_fixe;obstacle_mobile;point_choc_initial;manoeuvre_principale;motorisation
202100009878;184 047;31;0;2;1;3;1
202100009879;184 044;7;0;2;1;11;1
202100009879;184 045;7;0;2;4;1;1
202100009880;184 043;3;4;0;9;13;3
202100009881;184 041;17;0;2;6;1;1
202100009881;184 042;7;0;2;2;1;1
202100009882;184 040;3;0;2;1;17;3
202100009883;184 036;7;0;2;1;2;0
202100009883;184 037;7;0;2;4;23;0
202100009883;184 038;7;0;2;1;2;1
202100009883;184 039;7;0;2;4;2;0
202100009884;184 035;7;4;0;3;13;1
202100009885;184 031;7;0;2;4;2;0
202100009885;184 032;7;0;2;4;2;1
202100009885;184 033;7;0;2;1;2;1
202100009885;184 034;7;0;2;1;2;1
202100009886;184 027;7;0;2;1;2;1
202100009886;184 028;7;0;2;4;2;1
202100009886;184 029;10;0;2;4;2;1
202100009886;184 030;7;0;2;4;2;1
202100009887;184 025;32;0;2;1;3;1
202100009887;184 026;7;0;2;5;11;1
202100009888;184 021;7;0;2;1;2;1
202100009888;184 022;7;0;2;1;2;1
202100009888;184 023;7;0;2;4;2;1
202100009888;184 024;7;0;2;4;0;1
202100009889;184 020;7;0;0;1;1;1
202100009890;184 019;30;9;0;1;1;1
202100009891;184 015;7;0;2;1;1;1
202100009891;184 016;7;6;2;7;1;3
202100009892;184 014;7;0;4;7;2;1
202100009893;184 012;7;0;2;4;23;1
202100009893;184 013;7;0;2;1;2;1
202100009894;184 009;14;0;2;3;0;1
202100009894;184 010;7;14;2;5;15;1
202100009894;184 011;7;12;2;2;1;1
202100009895;184 007;10;0;2;1;1;1
202100009895;184 008;7;0;2;1;17;1
202100009896;184 006;7;0;1;2;1;1
202100009897;184 003;7;0;2;4;23;1
202100009897;184 004;7;14;0;4;23;1
202100009897;184 005;7;14;0;1;26;1
202100009898;184 000;7;0;2;1;1;1
202100009898;184 001;7;0;2;4;1;1
202100009898;184 002;7;0;2;1;5;1
202100009899;183 999;7;0;1;1;1;0
202100009900;183 995;7;6;0;3;1;1
202100009901;183 994;7;13;0;1;1;1
202100009902;183 992;7;14;0;1;1;1
202100009902;183 993;33;0;0;4;23;1
202100009903;183 990;7;0;2;5;1;1
202100009903;183 991;7;0;2;3;1;1
202100009904;183 989;33;0;0;7;1;1
202100009905;183 987;7;0;2;1;1;1
202100009905;183 988;10;0;2;0;0;1
202100009906;183 986;7;13;0;9;1;1
202100009907;183 984;7;0;2;4;1;1
202100009907;183 985;33;0;2;1;1;1
202100009908;183 982;7;9;2;4;23;1
202100009908;183 983;7;0;2;2;14;1
202100009909;183 981;7;13;0;1;26;1
202100009910;183 979;7;0;2;3;1;1
202100009910;183 980;7;0;2;3;1;1
202100009911;183 975;33;0;2;1;1;1
202100009911;183 976;7;0;2;5;15;1
202100009912;183 974;7;1;0;2;14;0
202100009913;183 970;36;0;2;1;2;1
202100009913;183 971;10;0;2;6;11;1
202100009914;183 969;39;0;1;8;26;2
202100009915;183 967;3;0;2;7;1;1
202100009915;183 968;7;0;2;1;1;1
202100009916;183 965;7;0;2;5;2;1
202100009916;183 966;7;0;2;3;2;0
202100009917;183 964;34;4;0;1;1;1
202100009918;183 962;7;9;2;3;13;1
202100009918;183 963;31;1;2;1;1;1
202100009919;183 961;50;0;0;0;1;3
202100009920;183 959;7;0;2;4;2;1
202100009920;183 960;7;0;2;4;2;1
202100009921;183 958;7;0;1;7;1;1
202100009922;183 956;7;0;2;5;16;1
202100009922;183 957;50;0;2;4;1;3
202100009923;183 954;32;0;2;1;1;1
202100009923;183 955;7;0;2;7;1;1
202100009924;183 952;7;0;2;1;7;1
202100009924;183 953;10;0;2;3;16;1
202100009925;183 950;34;0;2;3;1;1
202100009925;183 951;30;0;2;1;1;3
202100009926;183 948;34;0;2;8;18;1
202100009926;183 949;7;0;2;2;16;1
202100009927;183 947;33;0;1;3;1;1
202100009928;183 945;7;0;2;4;15;1
202100009928;183 946;7;0;2;1;1;1
202100009929;183 944;50;1;0;0;13;3
202100009930;183 943;30;0;0;3;1;1
202100009931;183 942;50;11;0;1;13;3
202100009932;183 940;7;0;2;2;1;1
202100009932;183 941;7;0;2;3;1;1
202100009933;183 938;15;0;2;1;1;6
202100009933;183 939;7;0;2;4;1;1
202100009934;183 937;99;1;1;2;1;1
202100009935;183 935;7;0;2;3;9;0
202100009935;183 936;7;0;2;5;26;0
202100009936;183 932;99;1;0;6;23;1
202100009936;183 933;7;1;0;2;17;1
202100009936;183 934;7;0;2;7;1;1
202100009937;183 930;10;12;2;3;1;1
202100009937;183 931;10;12;2;2;9;1
202100009938;183 929;7;0;1;1;1;2
202100009939;183 927;30;0;2;1;1;0
202100009939;183 928;7;0;2;7;1;0
202100009940;183 925;50;0;2;0;0;3
202100009940;183 926;30;0;2;3;9;1
202100009941;183 924;30;0;0;0;1;1
202100009942;183 923;7;4;0;3;1;1
202100009943;183 921;7;0;2;1;14;1
202100009943;183 922;17;0;0;4;2;1
202100009944;183 919;7;0;2;3;26;1
202100009944;183 920;2;0;2;1;1;1
202100009945;183 918;10;2;0;3;0;1
202100009946;183 917;2;0;0;0;16;1
202100009947;183 916;7;13;0;1;1;1
202100009948;183 914;13;0;9;0;2;1
202100009948;183 915;1;0;2;0;2;5
202100009949;183 912;7;0;2;1;19;1
202100009949;183 913;7;13;0;5;1;1
202100009950;183 911;7;2;0;1;13;1
202100009951;183 909;10;13;2;6;1;1
202100009951;183 910;7;13;2;2;17;1
202100009952;183 906;7;0;2;3;13;1
202100009952;183 907;7;0;2;1;1;1
202100009952;183 908;7;0;2;3;1;1
202100009953;183 905;7;1;1;7;1;1
202100009954;183 904;7;13;0;2;1;1
202100009955;183 903;7;2;0;2;14;1
202100009956;183 902;7;13;0;2;1;1
202100009957;183 901;33;8;0;1;14;1
202100009958;183 897;10;0;2;1;1;1
202100009958;183 898;7;0;2;1;5;1
202100009959;183 895;10;0;2;4;2;1
202100009959;183 896;33;0;2;1;2;1
202100009960;183 894;2;0;1;1;1;1
202100009961;183 893;7;0;1;3;1;1
202100009962;183 891;7;1;0;2;1;1
202100009962;183 892;17;0;0;6;23;1
202100009963;183 889;7;0;0;7;15;1
202100009963;183 890;7;0;2;1;1;1
202100009964;183 888;7;8;0;3;13;1
202100009965;183 887;7;14;0;9;1;1
202100009966;183 886;7;0;1;1;0;1
202100009967;183 884;17;0;2;1;1;1
202100009967;183 885;17;0;2;4;1;1
202100009968;183 882;7;0;0;6;0;1
202100009968;183 883;7;0;2;2;0;1
202100009969;183 881;7;0;1;2;26;1
202100009970;183 879;7;0;2;1;2;1
202100009970;183 880;50;0;0;6;2;3
202100009971;183 877;7;0;2;1;1;1
202100009971;183 878;2;0;0;3;1;1
202100009972;183 876;7;13;0;1;16;1
202100009973;183 875;7;0;1;1;9;1
202100009974;183 874;7;0;1;1;11;1
202100009975;183 872;32;0;2;1;1;1
202100009975;183 873;7;0;2;2;15;1
202100009976;183 871;7;2;0;3;1;1
202100009977;183 870;7;0;1;2;1;1
202100009978;183 868;7;0;2;3;1;1
202100009978;183 869;32;0;2;1;15;1
202100009979;183 866;7;0;2;7;15;1
202100009979;183 867;2;0;2;1;1;1
202100009980;183 864;2;0;2;1;1;1
202100009980;183 865;7;0;0;6;1;1
202100009981;183 860;7;0;2;4;2;1
202100009981;183 861;7;0;2;4;2;1
202100009981;183 862;7;0;2;4;2;1
202100009981;183 863;7;0;2;1;2;1
202100009982;183 858;7;0;2;1;11;1
202100009982;183 859;7;0;2;1;1;2
202100009983;183 856;7;0;2;4;10;1
202100009983;183 857;7;0;2;1;1;1
202100009984;183 855;7;0;1;8;1;1
202100009985;183 852;14;0;2;1;1;1
202100009985;183 853;7;0;2;4;2;1
202100009985;183 854;10;0;2;4;2;1
202100009986;183 850;7;0;0;1;13;1
202100009987;183 849;7;4;0;1;13;1
202100009988;183 845;7;0;2;1;2;1
202100009988;183 846;7;0;2;9;0;0
202100009988;183 847;7;0;2;4;2;2
202100009988;183 848;7;0;2;9;2;1
202100009989;183 842;7;0;2;1;2;1
202100009989;183 843;7;0;2;4;2;1
202100009989;183 844;7;0;2;4;2;1
202100009990;183 840;7;0;2;1;1;1
202100009990;183 841;7;3;2;7;2;1
202100009991;183 839;7;16;0;9;1;1
202100009992;183 837;7;0;2;8;1;1
202100009992;183 838;7;0;2;3;13;1
202100009993;183 835;7;0;2;5;1;1
202100009993;183 836;33;0;2;1;2;1
202100009994;183 834;7;15;0;3;21;1
202100009995;183 832;7;0;0;1;1;0
202100009995;183 833;50;0;2;7;1;3
202100009996;183 831;34;0;2;0;2;0
202100009997;183 829;31;0;2;8;1;1
202100009997;183 830;7;0;2;1;1;1
202100009998;183 827;7;0;2;5;23;1
202100009998;183 828;7;0;2;3;9;1
202100009999;183 825;33;0;2;1;17;1
202100009999;183 826;7;0;2;6;15;1
202100010000;183 823;7;0;2;0;0;1
202100010000;183 824;32;0;2;1;13;1
202100010001;183 821;7;0;2;1;1;1
202100010001;183 822;32;0;2;1;13;1
202100010002;183 820;7;0;1;2;1;1
202100010003;183 819;33;12;0;2;14;1
202100010004;183 818;3;0;9;2;26;1
202100010005;183 817;7;0;1;7;1;1
202100010006;183 815;7;0;2;1;9;1
202100010006;183 816;7;0;2;1;1;1
202100010007;183 813;7;0;2;4;2;1
202100010007;183 814;7;0;2;1;2;1
202100010008;183 811;7;0;0;3;4;1
202100010008;183 812;32;0;2;1;1;1
202100010009;183 810;7;0;1;1;16;1
202100010010;183 808;7;1;2;8;22;1
202100010010;183 809;1;0;0;0;1;0
202100010011;183 807;7;0;1;1;1;1
202100010012;183 803;31;0;2;1;1;1
202100010012;183 804;7;0;2;5;19;1
202100010013;183 801;7;0;2;3;15;1
202100010013;183 802;99;0;2;1;19;3
202100010014;183 799;1;0;2;1;1;5
202100010014;183 800;7;0;2;5;16;1
202100010015;183 794;7;0;2;1;1;1
202100010015;183 795;10;0;2;6;1;1
202100010016;183 793;7;8;0;1;0;1
202100010017;183 791;7;0;0;0;0;1
202100010017;183 792;7;0;2;0;9;1
202100010018;183 789;7;0;2;1;13;1
202100010018;183 790;7;0;2;1;1;1
202100010019;183 788;7;0;0;1;26;1
202100010020;183 787;7;0;1;1;9;1
202100010021;183 786;7;15;0;1;1;1
202100010022;183 784;7;0;2;5;1;1
202100010022;183 785;7;0;2;1;26;1
202100010023;183 783;33;1;0;1;15;1
202100010024;183 781;7;0;2;1;1;1
202100010024;183 782;7;0;2;1;1;1
202100010025;183 779;7;0;2;1;0;1
202100010025;183 780;7;0;2;4;0;1
202100010026;183 778;33;0;0;0;15;1
202100010027;183 777;10;0;1;4;20;1
202100010028;183 772;10;0;2;4;2;1
202100010028;183 773;7;3;2;4;2;1
202100010028;183 774;10;0;2;6;2;1
202100010029;183 771;7;4;0;1;21;1
202100010030;183 769;30;0;2;0;0;0
202100010030;183 770;7;0;2;2;16;1
202100010031;183 767;3;8;2;2;1;1
202100010031;183 768;7;0;2;1;1;1
202100010032;183 765;7;0;2;1;1;1
202100010032;183 766;7;0;2;6;1;1
202100010033;183 763;2;0;2;7;1;1
202100010033;183 764;7;0;2;1;1;1
202100010034;183 761;7;0;2;4;11;1
202100010034;183 762;7;0;2;3;1;2
202100010035;183 760;7;6;0;1;1;1
202100010036;183 758;7;0;2;3;15;1
202100010036;183 759;30;0;2;1;17;1
202100010037;183 756;32;0;2;1;3;1
202100010037;183 757;10;0;2;4;11;1
202100010038;183 754;7;0;2;5;1;1
202100010038;183 755;7;0;2;1;12;1
202100010039;183 752;7;0;2;5;12;0
202100010039;183 753;33;0;2;3;3;1
202100010040;183 749;7;0;2;4;23;1
202100010040;183 750;7;0;2;1;2;1
202100010040;183 751;7;0;2;7;23;1
202100010041;183 746;7;0;4;5;1;1
202100010041;183 747;40;0;2;0;1;3
202100010041;183 748;7;0;4;7;15;2
202100010042;183 744;7;0;2;5;9;1
202100010042;183 745;1;0;2;1;1;5
202100010043;183 742;7;0;2;3;1;1
202100010043;183 743;7;0;2;3;13;1
202100010044;183 740;30;0;2;0;17;1
202100010044;183 741;7;0;2;6;22;2
202100010045;183 739;30;0;0;0;18;1
202100010046;183 737;7;0;2;1;1;2
202100010046;183 738;7;0;2;6;4;1
202100010047;183 736;10;0;1;7;2;1
202100010048;183 734;38;0;2;6;15;1
202100010048;183 735;38;0;2;6;1;1
202100010049;183 733;7;2;0;7;1;1
202100010050;183 732;7;9;1;1;16;1
202100010051;183 730;10;0;2;2;1;1
202100010051;183 731;31;0;2;3;15;1
202100010052;183 728;7;1;2;1;1;1
202100010052;183 729;7;0;2;1;16;1
202100010053;183 726;0;0;0;;;
202100010053;183 727;7;0;1;7;21;0
202100010054;183 724;7;1;0;2;1;1
202100010054;183 725;7;0;2;6;24;1
202100010055;183 722;7;0;2;4;1;1
202100010055;183 723;7;0;2;1;1;1
202100010056;183 720;7;0;2;3;15;1
202100010056;183 721;33;0;2;1;1;1
202100010057;183 718;7;0;2;1;21;1
202100010057;183 719;7;0;2;8;15;1
202100010058;183 717;32;0;0;0;0;1
202100010059;183 715;7;8;0;7;19;1
202100010059;183 716;7;0;2;1;1;1
202100010060;183 714;7;12;0;0;1;1
202100010061;183 710;7;0;2;1;1;1
202100010061;183 711;7;0;2;1;13;1
202100010062;183 707;7;7;0;1;1;1
202100010062;183 708;7;1;0;5;24;1
202100010062;183 709;10;0;2;1;20;1
202100010063;183 706;7;16;0;0;1;1
202100010064;183 705;33;13;0;1;1;1
202100010065;183 703;7;0;2;3;9;1
202100010065;183 704;7;0;2;3;26;1
202100010066;183 701;7;0;2;1;1;1
202100010066;183 702;7;0;2;1;1;1
202100010067;183 699;7;0;2;8;1;1
202100010067;183 700;7;0;2;2;1;1
202100010068;183 698;7;2;0;8;1;1
202100010069;183 696;7;0;0;2;1;1
202100010069;183 697;7;0;2;1;9;1
202100010070;183 695;7;13;0;7;1;1
202100010071;183 694;7;0;5;1;1;1
202100010072;183 693;7;0;0;0;1;1
202100010073;183 691;7;0;2;1;1;1
202100010073;183 692;7;0;0;4;15;1
202100010074;183 690;1;0;0;0;26;5
202100010075;183 689;7;0;1;3;20;1
202100010076;183 687;7;3;2;8;1;1
202100010076;183 688;7;0;2;3;1;1
202100010077;183 685;10;0;2;3;13;1
202100010077;183 686;7;0;2;3;1;1
202100010078;183 684;2;1;0;1;1;1
202100010079;183 682;2;0;2;7;1;1
202100010079;183 683;7;0;2;1;1;1
202100010080;183 681;7;13;0;1;1;1
202100010081;183 679;2;0;2;1;1;1
202100010081;183 680;7;0;2;6;1;1
202100010082;183 678;30;16;0;0;1;1
202100010083;183 677;7;16;0;1;0;1
202100010084;183 676;7;6;0;2;2;1
202100010085;183 674;10;0;2;3;0;1
202100010085;183 675;7;0;2;6;13;1
202100010086;183 672;7;0;0;7;13;1
202100010086;183 673;7;0;2;8;10;1
202100010087;183 671;10;0;0;9;1;1
202100010088;183 670;7;0;1;3;1;1
202100010089;183 669;7;0;1;2;2;1
202100010090;183 668;33;0;0;0;0;1
202100010091;183 667;33;0;6;1;1;1
202100010092;183 666;7;6;0;9;1;1
202100010093;183 665;33;0;0;0;1;0
202100010094;183 662;7;0;2;1;1;1
202100010094;183 663;7;0;2;9;1;1
202100010094;183 664;7;0;2;1;5;1
202100010095;183 659;1;0;2;1;13;5
202100010095;183 660;1;0;2;3;13;5
202100010095;183 661;7;0;2;7;1;1
202100010096;183 657;7;0;2;4;2;1
202100010096;183 658;7;0;2;1;21;1
202100010097;183 655;7;0;2;7;1;1
202100010097;183 656;7;0;2;2;1;1
202100010098;183 654;7;16;0;9;1;1
202100010099;183 652;7;0;2;1;1;1
202100010099;183 653;33;0;2;1;1;1
202100010100;183 650;21;0;0;6;2;1
202100010100;183 651;7;0;2;2;17;1
202100010101;183 647;31;0;2;3;2;1
202100010101;183 648;33;0;2;3;2;1
202100010102;183 646;33;12;0;1;1;1
202100010103;183 645;2;0;0;8;1;1
202100010104;183 643;7;0;2;8;0;1
202100010104;183 644;7;0;2;3;5;1
202100010105;183 642;7;4;0;3;1;1
202100010106;183 641;10;7;0;1;6;1
202100010107;183 640;7;13;0;1;0;1
202100010108;183 639;7;0;0;9;1;1
202100010109;183 636;7;0;2;4;2;1
202100010109;183 637;7;0;2;4;2;1
202100010109;183 638;7;0;2;1;2;1
202100010110;183 635;7;6;0;0;1;1
202100010111;183 632;7;4;2;4;2;1
202100010111;183 633;7;4;2;4;2;1
202100010111;183 634;7;4;2;1;2;1
202100010112;183 631;7;4;0;1;1;1
202100010113;183 629;7;0;2;1;2;1
202100010113;183 630;7;0;2;4;2;1
202100010114;183 627;7;4;2;4;2;1
202100010114;183 628;7;0;2;1;1;1
202100010115;183 625;7;0;2;4;2;1
202100010115;183 626;7;0;2;1;1;1
202100010116;183 624;7;4;0;1;13;1
202100010117;183 622;7;4;2;1;1;1
202100010117;183 623;7;4;2;6;2;1
202100010118;183 620;15;0;2;7;9;1
202100010118;183 621;7;0;2;3;1;1
202100010119;183 617;7;14;0;2;2;2
202100010119;183 618;7;0;2;6;23;1
202100010119;183 619;7;1;0;2;26;1
202100010120;183 616;7;4;0;1;1;1
202100010121;183 615;7;3;0;1;2;1
202100010122;183 611;7;0;2;1;1;1
202100010122;183 612;7;0;2;4;2;1
202100010122;183 613;7;0;2;1;2;1
202100010122;183 614;7;0;2;4;2;1
202100010123;183 609;7;0;2;4;24;1
202100010123;183 610;7;0;2;1;1;1
202100010124;183 607;33;0;2;2;3;1
202100010124;183 608;7;0;2;3;11;1
202100010125;183 604;7;0;2;4;1;1
202100010125;183 605;7;0;2;1;26;1
202100010125;183 606;7;0;2;4;1;1
202100010126;183 602;7;0;2;3;10;1
202100010126;183 603;7;0;2;2;1;1
202100010127;183 600;7;0;2;4;1;1
202100010127;183 601;7;0;2;1;26;1
202100010128;183 598;7;0;2;1;2;1
202100010128;183 599;7;0;2;5;2;1
202100010129;183 593;30;0;2;3;2;1
202100010129;183 594;0;0;2;2;15;0
202100010130;183 591;7;0;2;3;15;1
202100010130;183 592;7;0;2;2;15;1
202100010131;183 590;7;0;1;1;1;1
202100010132;183 588;7;0;2;3;19;1
202100010132;183 589;37;0;2;3;19;3
202100010133;183 584;7;0;0;6;1;1
202100010133;183 585;7;0;2;1;1;1
202100010133;183 586;7;0;2;5;9;1
202100010133;183 587;99;0;2;3;1;1
202100010134;183 582;7;0;2;7;6;1
202100010134;183 583;7;0;2;1;2;1
202100010135;183 581;7;8;0;3;1;1
202100010136;183 580;7;0;1;1;16;1
202100010137;183 578;7;0;2;1;1;1
202100010137;183 579;7;0;2;4;1;1
202100010138;183 575;7;0;2;3;1;1
202100010138;183 576;1;0;2;1;1;5
202100010139;183 574;7;0;1;2;21;1
202100010140;183 573;33;6;0;1;1;1
202100010141;183 571;7;0;2;3;1;1
202100010141;183 572;37;0;2;5;12;1
202100010142;183 570;33;0;0;3;14;1
202100010143;183 569;7;0;1;8;1;1
202100010144;183 568;7;0;1;1;1;1
202100010145;183 566;80;0;2;8;19;3
202100010145;183 567;7;0;9;1;1;1
202100010146;183 564;7;1;0;1;1;1
202100010147;183 562;30;0;2;1;26;1
202100010147;183 563;7;0;2;1;26;1
202100010148;183 559;7;0;2;1;1;1
202100010148;183 560;7;0;2;3;9;1
202100010148;183 561;10;0;2;1;1;1
202100010149;183 557;7;0;2;1;2;1
202100010149;183 558;7;0;2;4;2;1
202100010150;183 554;7;0;2;1;2;1
202100010150;183 555;7;0;2;4;2;1
202100010150;183 556;7;0;2;4;2;1
202100010151;183 552;7;0;2;4;1;1
202100010151;183 553;7;0;2;1;1;1
202100010152;183 551;7;0;1;7;1;1
202100010153;183 549;7;0;2;8;1;1
202100010153;183 550;7;0;2;1;1;1
202100010154;183 547;2;0;2;1;15;1
202100010154;183 548;7;0;2;8;1;1
202100010155;183 545;33;0;2;8;1;1
202100010155;183 546;7;0;2;2;15;1
202100010156;183 543;1;0;2;1;8;0
202100010156;183 544;7;0;9;2;15;2
202100010157;183 541;7;0;2;4;26;1
202100010157;183 542;10;0;2;2;26;1
202100010158;183 540;7;1;0;1;1;1
202100010159;183 539;7;0;1;0;1;6
202100010160;183 538;7;4;0;3;1;1
202100010161;183 537;7;0;1;1;26;1
202100010162;183 536;7;0;1;1;1;1
202100010163;183 535;31;0;0;1;9;1
202100010164;183 533;33;0;2;1;3;1
202100010164;183 534;7;0;2;5;12;1
202100010165;183 531;7;0;2;2;12;1
202100010165;183 532;43;0;2;3;3;1
202100010166;183 529;80;0;2;1;1;3
202100010166;183 530;7;0;2;3;15;1
202100010167;183 527;30;0;2;2;16;5
202100010167;183 528;1;0;2;1;17;5
202100010168;183 525;50;0;2;7;17;3
202100010168;183 526;7;0;0;3;13;1
202100010169;183 523;7;0;2;3;15;1
202100010169;183 524;32;0;2;2;1;1
202100010170;183 521;7;0;2;7;4;1
202100010170;183 522;32;0;2;1;1;1
202100010171;183 520;7;0;1;8;15;0
202100010172;183 519;32;4;0;8;13;1
202100010173;183 517;7;0;2;1;1;1
202100010173;183 518;30;0;2;3;15;1
202100010174;183 515;7;0;2;4;23;1
202100010174;183 516;7;0;2;1;1;1
202100010175;183 514;1;0;0;8;1;5
202100010176;183 512;7;0;2;7;1;1
202100010176;183 513;7;0;2;1;1;1
202100010177;183 510;7;0;2;1;0;1
202100010177;183 511;7;0;2;1;0;1
202100010178;183 509;7;0;1;1;1;0
202100010179;183 507;50;0;2;1;1;3
202100010179;183 508;37;0;2;5;1;2
202100010180;183 505;7;0;2;1;21;1
202100010180;183 506;7;0;2;8;1;1
202100010181;183 504;7;0;1;6;20;1
202100010182;183 502;7;1;2;0;1;1
202100010182;183 503;10;1;2;1;1;1
202100010183;183 501;7;8;0;3;0;1
202100010184;183 499;7;0;2;1;2;1
202100010184;183 500;7;0;2;4;23;1
202100010185;183 497;2;0;2;1;15;1
202100010185;183 498;7;0;2;1;1;1
202100010186;183 495;7;0;2;1;26;1
202100010186;183 496;7;0;2;8;19;1
202100010187;183 493;31;0;2;1;2;1
202100010187;183 494;10;0;2;0;2;1
202100010188;183 491;7;0;2;1;9;0
202100010188;183 492;1;0;2;4;9;0
202100010189;183 490;7;1;2;3;19;1
202100010190;183 489;7;12;0;2;0;1
202100010191;183 487;7;0;0;3;0;1
202100010191;183 488;7;0;0;0;0;1
202100010192;183 486;7;2;0;1;1;1
202100010193;183 483;7;0;0;2;17;1
202100010193;183 484;7;0;0;8;15;1
202100010194;183 482;7;6;0;1;14;1
202100010195;183 480;7;0;2;1;0;1
202100010195;183 481;7;0;0;4;1;1
202100010196;183 479;7;17;0;2;1;1
202100010197;183 477;7;0;2;1;1;1
202100010197;183 478;7;0;2;2;19;1
202100010198;183 475;7;3;2;1;1;1
202100010198;183 476;7;0;2;1;1;1
202100010199;183 473;7;0;2;1;6;1
202100010199;183 474;7;0;2;1;1;1
202100010200;183 472;10;0;1;1;1;1
202100010201;183 469;7;0;1;1;1;1
202100010202;183 468;2;0;0;0;13;1
202100010203;183 467;36;6;0;1;15;1
202100010204;183 466;10;10;0;5;1;1
202100010205;183 464;2;0;2;1;2;1
202100010205;183 465;7;0;9;7;10;1
202100010206;183 463;7;0;1;2;20;1
202100010207;183 462;7;8;0;0;0;1
202100010208;183 461;7;0;1;4;23;0
202100010209;183 459;7;0;2;2;1;1
202100010209;183 460;1;0;2;7;23;5
202100010210;183 456;2;0;2;1;1;1
202100010210;183 457;33;0;2;1;17;1
202100010210;183 458;7;0;0;8;1;1
202100010211;183 454;2;0;2;1;1;1
202100010211;183 455;10;0;2;6;1;1
202100010212;183 452;7;0;2;3;1;1
202100010212;183 453;7;0;2;8;9;1
202100010213;183 451;7;13;0;2;1;1
202100010214;183 450;7;2;0;1;1;1
202100010215;183 449;36;0;0;0;0;1
202100010216;183 448;7;3;0;3;0;1
202100010217;183 446;10;0;2;2;1;1
202100010217;183 447;7;0;2;2;1;1
202100010218;183 444;2;0;2;1;1;1
202100010218;183 445;7;0;2;1;15;1
202100010219;183 442;7;0;2;3;1;1
202100010219;183 443;2;0;2;7;19;1
202100010220;183 440;7;0;2;3;15;1
202100010220;183 441;7;0;2;1;1;1
202100010221;183 439;7;6;0;1;1;1
202100010222;183 438;7;2;0;1;1;1
202100010223;183 436;7;0;2;1;5;1
202100010223;183 437;7;0;2;2;1;1
202100010224;183 435;7;4;0;3;0;1
202100010225;183 432;2;0;2;4;1;1
202100010225;183 433;2;0;2;1;1;1
202100010226;183 431;3;2;0;1;1;3
202100010227;183 429;33;0;2;1;1;1
202100010227;183 430;7;0;2;3;15;1
202100010228;183 427;7;0;2;1;1;1
202100010228;183 428;7;0;2;1;5;1
202100010229;183 426;10;0;1;4;4;1
202100010230;183 425;2;0;0;8;1;1
202100010231;183 423;7;0;2;1;5;1
202100010231;183 424;7;0;2;1;1;1
202100010232;183 421;7;1;0;2;0;1
202100010232;183 422;7;0;2;3;0;1
202100010233;183 419;7;0;2;1;1;1
202100010233;183 420;33;0;2;1;26;1
202100010234;183 418;7;8;0;9;13;1
202100010235;183 417;7;0;1;4;20;1
202100010236;183 416;7;8;0;0;1;1
202100010237;183 414;7;8;2;3;1;1
202100010237;183 415;10;8;2;1;13;1
202100010238;183 408;7;0;2;4;0;2
202100010238;183 409;7;0;2;4;0;1
202100010238;183 410;7;0;2;4;0;1
202100010238;183 411;7;0;2;4;0;1
202100010238;183 412;7;0;2;4;0;1
202100010238;183 413;10;0;2;1;0;2
202100010239;183 407;7;4;0;8;1;1
202100010240;183 406;33;4;0;9;1;1
202100010241;183 403;7;0;2;1;0;1
202100010241;183 404;7;0;2;1;0;1
202100010241;183 405;7;0;2;1;0;1
202100010242;183 401;33;0;2;9;3;1
202100010242;183 402;10;0;2;3;11;1
202100010243;183 400;7;3;0;2;1;1
202100010244;183 398;7;15;2;9;12;1
202100010244;183 399;7;15;0;9;21;1
202100010245;183 396;17;0;2;2;12;1
202100010245;183 397;7;0;2;6;1;1
202100010246;183 394;34;0;2;1;3;1
202100010246;183 395;7;0;2;5;12;1
202100010247;183 393;7;3;0;1;2;1
202100010248;183 388;7;0;2;4;0;1
202100010248;183 389;7;0;2;4;1;1
202100010248;183 390;7;0;2;4;1;1
202100010248;183 391;7;0;2;4;1;1
202100010248;183 392;10;0;2;1;1;1
202100010249;183 387;10;0;0;8;1;1
202100010250;183 386;7;4;0;1;1;1
202100010251;183 380;7;0;2;1;1;1
202100010251;183 381;7;0;2;4;1;1
202100010251;183 382;7;0;2;5;1;1
202100010251;183 383;7;0;2;1;1;1
202100010251;183 384;10;0;2;1;1;1
202100010251;183 385;10;0;2;1;1;1
202100010252;183 378;7;0;2;0;26;1
202100010252;183 379;7;0;2;0;26;1
202100010253;183 375;7;14;2;2;6;1
202100010253;183 376;7;0;2;3;1;1
202100010253;183 377;7;1;2;1;1;2
202100010254;183 373;7;0;2;4;1;1
202100010254;183 374;13;0;2;1;1;1
202100010255;183 372;7;0;0;1;1;1
202100010256;183 371;10;3;0;1;21;1
202100010257;183 370;7;0;0;1;15;1
202100010258;183 369;7;4;2;2;1;1
202100010259;183 368;7;4;0;7;17;1
202100010260;183 364;7;0;2;4;2;1
202100010260;183 365;7;0;2;4;2;1
202100010260;183 366;7;0;2;1;2;1
202100010260;183 367;7;0;2;1;1;1
202100010261;183 363;37;0;1;1;16;1
202100010262;183 362;7;0;1;8;1;1
202100010263;183 360;32;14;0;7;21;1
202100010264;183 358;2;0;2;7;17;1
202100010264;183 359;7;0;2;3;15;1
202100010265;183 356;7;0;9;2;2;1
202100010265;183 357;50;0;2;4;2;3
202100010266;183 355;33;0;1;1;1;1
202100010267;183 354;33;0;4;1;1;1
202100010268;183 352;7;0;2;2;1;1
202100010268;183 353;7;0;2;6;15;1
202100010269;183 351;7;0;1;1;16;1
202100010270;183 349;7;0;2;3;9;1
202100010270;183 350;2;0;2;1;1;3
202100010271;183 347;7;0;2;1;1;1
202100010271;183 348;7;0;2;5;19;1
202100010272;183 346;7;0;1;3;1;1
202100010273;183 344;7;0;2;4;2;1
202100010273;183 345;7;0;2;1;2;1
202100010274;183 342;33;0;2;7;17;1
202100010274;183 343;7;0;2;8;15;1
202100010275;183 340;7;0;2;2;1;1
202100010275;183 341;7;0;2;3;1;1