Num_Acc;id_vehicule;categorie_vehicule;obstacle_fixe;obstacle_mobile;point_choc_initial;manoeuvre_principale;motorisation
202100010276;183 338;2;0;2;1;1;1
202100010276;183 339;21;0;2;7;9;1
202100010277;183 337;7;0;1;3;1;1
202100010278;183 335;13;0;1;3;19;1
202100010279;183 334;7;0;2;2;16;1
202100010280;183 332;80;0;2;4;26;3
202100010280;183 333;7;0;0;0;0;1
202100010281;183 331;7;0;1;1;1;2
202100010282;183 329;1;0;2;1;1;5
202100010282;183 330;7;0;2;7;1;1
202100010283;183 327;7;0;9;2;17;0
202100010283;183 328;1;0;2;3;2;0
202100010284;183 325;7;0;2;3;15;1
202100010284;183 326;33;0;2;3;1;1
202100010285;183 323;32;0;2;7;9;1
202100010285;183 324;7;0;2;2;9;1
202100010286;183 321;37;0;2;1;15;1
202100010286;183 322;7;0;2;3;19;1
202100010287;183 320;7;0;1;2;21;1
202100010288;183 318;50;0;2;1;19;3
202100010288;183 319;7;0;2;8;1;1
202100010289;183 316;7;0;2;7;1;1
202100010289;183 317;7;0;2;1;1;1
202100010290;183 314;7;0;2;1;1;1
202100010290;183 315;10;0;2;2;15;1
202100010291;183 311;7;0;2;1;1;1
202100010291;183 312;7;0;2;4;1;1
202100010291;183 313;7;0;2;5;2;1
202100010292;183 309;7;0;2;6;1;1
202100010292;183 310;30;0;2;1;5;1
202100010293;183 308;33;0;0;7;16;1
202100010294;183 306;7;0;2;1;2;1
202100010294;183 307;10;0;2;5;16;1
202100010295;183 302;7;0;2;4;1;1
202100010295;183 303;10;0;2;1;1;1
202100010295;183 304;7;4;0;4;1;1
202100010295;183 305;7;0;2;4;1;1
202100010296;183 300;99;0;2;1;5;1
202100010296;183 301;7;0;2;2;16;1
202100010297;183 299;7;0;1;2;26;1
202100010298;183 298;7;9;0;1;1;1
202100010299;183 296;7;0;2;2;14;1
202100010299;183 297;1;0;2;3;26;5
202100010300;183 294;1;0;2;7;1;5
202100010300;183 295;7;0;2;1;16;1
202100010301;183 292;1;0;0;4;2;5
202100010301;183 293;7;0;2;1;1;1
202100010302;183 290;32;0;2;1;1;1
202100010302;183 291;7;0;2;5;15;1
202100010303;183 289;10;0;1;4;20;1
202100010304;183 287;7;0;2;2;15;1
202100010304;183 288;7;0;2;3;1;1
202100010305;183 284;1;0;2;4;1;5
202100010305;183 285;1;0;2;4;1;5
202100010305;183 286;10;0;9;1;26;1
202100010306;183 281;7;7;2;3;1;1
202100010306;183 282;7;0;2;1;23;1
202100010306;183 283;37;0;2;1;19;1
202100010307;183 280;7;0;1;3;9;1
202100010308;183 279;7;0;1;3;26;1
202100010309;183 277;33;0;2;7;26;1
202100010309;183 278;7;0;2;6;26;1
202100010310;183 276;30;0;0;7;26;1
202100010311;183 275;7;0;0;0;26;1
202100010312;183 274;7;2;0;1;26;1
202100010313;183 272;2;0;2;1;1;1
202100010313;183 273;10;0;2;2;15;1
202100010314;183 270;7;0;2;1;1;0
202100010314;183 271;1;0;2;4;16;0
202100010315;183 268;1;0;2;8;16;0
202100010315;183 269;7;0;2;7;16;1
202100010316;183 267;7;10;0;3;13;1
202100010317;183 265;30;0;2;1;1;1
202100010317;183 266;7;0;2;6;15;1
202100010318;183 263;7;0;2;2;1;1
202100010318;183 264;1;0;2;4;1;5
202100010319;183 261;2;0;2;1;1;3
202100010319;183 262;1;0;2;0;19;5
202100010320;183 259;7;0;2;3;1;1
202100010320;183 260;50;0;2;1;11;3
202100010321;183 258;10;0;1;1;15;1
202100010322;183 256;7;0;9;2;2;1
202100010322;183 257;50;0;2;0;2;3
202100010323;183 254;33;0;2;0;1;1
202100010323;183 255;14;0;2;3;9;1
202100010324;183 250;7;0;0;4;1;1
202100010324;183 251;7;0;0;1;1;1
202100010325;183 248;7;0;2;3;15;1
202100010325;183 249;7;0;2;1;0;1
202100010326;183 242;30;0;2;1;1;1
202100010326;183 243;7;0;2;2;15;1
202100010327;183 240;7;0;2;4;1;1
202100010327;183 241;7;0;2;1;1;1
202100010328;183 239;7;8;0;1;1;1
202100010329;183 237;7;0;2;2;1;1
202100010329;183 238;7;0;2;1;10;1
202100010330;183 236;10;0;1;2;1;1
202100010331;183 234;7;0;2;3;1;1
202100010331;183 235;7;0;2;1;11;1
202100010332;183 232;7;0;2;6;1;1
202100010332;183 233;7;0;2;2;0;0
202100010333;183 231;7;0;1;1;26;2
202100010334;183 229;99;0;2;1;1;3
202100010334;183 230;7;0;2;3;1;1
202100010335;183 228;7;0;1;7;1;1
202100010336;183 226;10;0;2;2;1;1
202100010336;183 227;1;0;2;0;0;0
202100010337;183 225;33;0;1;1;26;1
202100010338;183 224;99;0;1;1;1;3
202100010339;183 223;7;0;1;1;1;3
202100010340;183 221;7;0;2;4;2;1
202100010340;183 222;7;0;2;1;2;1
202100010341;183 219;17;0;2;2;14;0
202100010341;183 220;7;0;2;6;1;1
202100010342;183 218;50;12;0;1;14;3
202100010343;183 216;33;0;2;1;1;1
202100010343;183 217;10;0;2;7;14;1
202100010344;183 214;30;0;2;3;1;1
202100010344;183 215;1;0;2;2;1;5
202100010345;183 212;10;0;2;3;9;1
202100010345;183 213;50;0;2;7;1;3
202100010346;183 211;7;0;1;1;15;1
202100010347;183 209;1;0;2;4;19;5
202100010347;183 210;33;0;2;1;1;1
202100010348;183 208;30;0;0;1;21;3
202100010349;183 206;1;0;2;1;1;5
202100010349;183 207;43;0;2;3;9;1
202100010350;183 205;34;0;0;1;16;1
202100010351;183 203;33;0;2;1;1;1
202100010351;183 204;7;0;2;5;1;1
202100010352;183 201;30;0;2;1;2;1
202100010352;183 202;10;0;2;6;23;1
202100010353;183 200;30;0;1;1;1;1
202100010354;183 199;32;14;0;1;21;1
202100010355;183 198;50;12;0;1;14;3
202100010356;183 196;7;0;2;1;10;2
202100010356;183 197;34;0;2;1;1;1
202100010357;183 193;7;0;2;1;9;1
202100010357;183 194;7;0;2;7;1;2
202100010357;183 195;7;0;2;7;1;1
202100010358;183 191;32;0;2;1;2;1
202100010358;183 192;7;0;2;2;15;1
202100010359;183 190;7;0;1;1;15;1
202100010360;183 189;7;0;1;1;1;1
202100010361;183 187;37;0;2;3;15;6
202100010361;183 188;7;0;2;3;5;1
202100010362;183 185;7;0;2;8;9;1
202100010362;183 186;7;0;2;3;2;1
202100010363;183 184;10;0;1;4;20;1
202100010364;183 182;50;0;2;7;19;3
202100010364;183 183;37;15;2;1;10;1
202100010365;183 180;7;0;2;1;15;1
202100010365;183 181;7;0;2;3;2;1
202100010366;183 178;7;0;0;2;15;1
202100010366;183 179;33;0;0;1;0;1
202100010367;183 177;7;12;0;1;15;1
202100010368;183 175;7;0;2;2;1;1
202100010368;183 176;7;0;2;8;16;1
202100010369;183 173;0;0;2;0;0;0
202100010369;183 174;3;0;2;6;16;0
202100010370;183 172;33;0;1;2;1;1
202100010371;183 170;7;0;2;7;1;1
202100010371;183 171;7;0;2;1;1;1
202100010372;183 168;1;0;2;1;1;5
202100010372;183 169;37;0;2;7;16;1
202100010373;183 167;7;0;1;2;1;1
202100010374;183 165;7;0;2;2;19;1
202100010374;183 166;33;0;2;1;19;1
202100010375;183 163;7;0;2;3;9;1
202100010375;183 164;2;0;2;1;2;1
202100010376;183 161;50;0;2;1;26;3
202100010376;183 162;7;0;2;2;16;6
202100010377;183 160;37;0;1;3;26;2
202100010378;183 159;7;0;1;3;0;6
202100010379;183 158;7;0;1;1;1;1
202100010380;183 154;7;0;2;4;2;0
202100010380;183 155;7;0;2;1;2;0
202100010380;183 156;7;0;2;5;2;0
202100010380;183 157;7;9;0;6;13;0
202100010381;183 152;1;1;0;1;2;5
202100010381;183 153;7;1;0;8;24;1
202100010382;183 151;32;9;0;2;1;1
202100010383;183 150;30;0;0;8;26;1
202100010384;183 149;30;0;0;0;0;1
202100010385;183 148;30;0;0;0;26;4
202100010386;183 147;50;0;1;1;1;3
202100010387;183 146;34;0;1;3;26;1
202100010388;183 145;30;0;0;3;1;3
202100010389;183 143;7;0;2;2;23;2
202100010389;183 144;50;14;2;1;1;3
202100010390;183 141;7;12;2;1;13;1
202100010390;183 142;7;0;2;8;1;1
202100010391;183 139;7;9;2;0;1;1
202100010391;183 140;7;0;0;5;19;1
202100010392;183 138;7;0;0;0;1;1
202100010393;183 135;7;0;2;1;17;1
202100010393;183 136;10;0;2;6;23;1
202100010393;183 137;7;1;0;9;1;1
202100010394;183 133;7;0;2;3;0;1
202100010394;183 134;31;0;2;3;17;1
202100010395;183 129;10;8;0;1;13;1
202100010396;183 128;7;3;0;1;0;1
202100010397;183 127;7;1;0;2;1;1
202100010398;183 125;7;0;2;4;2;1
202100010398;183 126;13;0;2;3;2;0
202100010399;183 124;1;0;0;0;1;5
202100010400;183 123;7;2;0;1;3;1
202100010401;183 122;7;15;0;1;1;1
202100010402;183 120;10;0;2;2;1;1
202100010402;183 121;7;1;2;9;14;1
202100010403;183 119;33;0;0;0;1;1
202100010404;183 118;7;6;0;5;1;1
202100010405;183 117;10;13;0;2;1;1
202100010406;183 116;7;1;0;2;1;1
202100010407;183 115;7;14;0;9;13;1
202100010408;183 113;1;0;2;3;16;5
202100010408;183 114;7;0;9;2;16;0
202100010409;183 111;33;0;0;9;21;1
202100010409;183 112;7;0;0;0;10;1
202100010410;183 109;7;0;2;8;1;1
202100010410;183 110;33;11;2;0;1;1
202100010411;183 108;7;0;1;2;1;1
202100010412;183 107;7;2;0;2;1;1
202100010413;183 106;2;3;0;3;13;1
202100010414;183 105;33;13;0;1;13;1
202100010415;183 104;7;6;0;1;5;1
202100010416;183 102;7;2;2;8;13;1
202100010416;183 103;7;2;2;8;1;1
202100010417;183 101;7;16;0;0;21;1
202100010418;183 100;7;13;0;1;26;1
202100010419;183 099;10;6;0;2;1;1
202100010420;183 098;7;0;1;2;1;1
202100010421;183 097;17;15;0;0;14;1
202100010422;183 095;33;11;2;1;12;1
202100010422;183 096;7;0;0;3;1;1
202100010423;183 093;7;0;2;1;17;1
202100010423;183 094;2;0;2;7;19;1
202100010424;183 091;7;0;0;4;23;1
202100010424;183 092;32;0;2;1;2;1
202100010425;183 089;2;0;2;2;1;0
202100010425;183 090;2;0;2;3;15;0
202100010426;183 087;7;0;0;4;2;1
202100010426;183 088;7;0;2;1;3;0
202100010427;183 085;7;3;2;1;1;2
202100010427;183 086;7;1;0;3;1;1
202100010428;183 082;7;4;2;2;26;1
202100010428;183 083;7;0;2;1;1;1
202100010428;183 084;15;0;0;0;23;1
202100010429;183 080;7;4;0;5;1;1
202100010429;183 081;7;0;2;3;26;0
202100010430;183 078;7;0;2;4;1;1
202100010430;183 079;7;0;2;1;1;1
202100010431;183 076;7;0;2;7;9;1
202100010431;183 077;7;0;2;1;1;1
202100010432;183 074;10;0;2;1;1;1
202100010432;183 075;7;0;0;4;23;1
202100010433;183 073;7;2;0;2;1;1
202100010434;183 071;7;0;2;3;0;1
202100010434;183 072;7;0;2;3;0;1
202100010435;183 070;7;0;0;0;1;1
202100010436;183 067;7;0;2;1;13;1
202100010436;183 068;7;0;2;8;1;1
202100010436;183 069;33;0;2;1;1;1
202100010437;183 066;7;13;0;1;0;1
202100010438;183 064;10;0;2;1;19;1
202100010438;183 065;7;0;2;2;1;1
202100010439;183 063;7;0;1;1;1;1
202100010440;183 061;7;0;2;1;13;1
202100010440;183 062;7;0;2;1;1;1
202100010441;183 060;7;0;1;1;1;1
202100010442;183 058;7;0;2;3;1;1
202100010442;183 059;50;0;2;7;19;3
202100010443;183 056;1;0;2;5;1;5
202100010443;183 057;7;0;9;3;9;1
202100010444;183 054;7;0;2;1;1;1
202100010444;183 055;7;1;2;1;1;1
202100010445;183 052;7;0;2;3;17;1
202100010445;183 053;7;0;2;3;1;1
202100010446;183 050;7;0;2;1;1;1
202100010446;183 051;7;0;2;7;1;1
202100010447;183 049;7;2;0;1;1;1
202100010448;183 046;7;0;2;1;1;1
202100010448;183 047;7;0;2;1;1;1
202100010449;183 044;7;0;2;4;0;1
202100010449;183 045;10;0;2;1;0;1
202100010450;183 042;33;0;2;5;1;1
202100010450;183 043;0;0;2;3;0;0
202100010451;183 040;7;0;2;1;2;0
202100010451;183 041;7;0;2;4;2;1
202100010452;183 038;7;0;2;4;2;2
202100010452;183 039;7;0;2;1;2;1
202100010453;183 036;32;0;2;8;1;1
202100010453;183 037;7;0;2;7;14;1
202100010454;183 035;15;0;0;1;1;1
202100010455;183 033;33;0;2;3;3;1
202100010455;183 034;7;0;2;2;12;1
202100010456;183 031;7;0;2;3;1;1
202100010456;183 032;7;0;2;7;12;1
202100010457;183 029;7;0;2;4;2;1
202100010457;183 030;31;0;2;1;2;1
202100010458;183 028;43;0;0;0;1;1
202100010459;183 026;10;0;2;8;1;1
202100010459;183 027;31;0;2;7;3;1
202100010460;183 025;7;0;0;0;0;0
202100010461;183 024;7;4;0;1;1;1
202100010462;183 022;33;0;2;7;14;1
202100010462;183 023;7;0;2;8;2;1
202100010463;183 021;14;0;9;7;17;6
202100010464;183 019;7;0;2;2;1;1
202100010464;183 020;7;0;2;6;1;1
202100010465;183 018;32;0;1;0;17;1
202100010466;183 014;7;0;2;1;2;1
202100010466;183 015;7;0;0;0;1;1
202100010466;183 016;7;0;2;8;1;1
202100010466;183 017;7;0;2;7;14;1
202100010467;183 013;7;0;2;0;0;1
202100010468;183 011;7;0;2;2;19;1
202100010468;183 012;1;0;2;7;5;5
202100010469;183 009;2;0;2;1;18;1
202100010469;183 010;7;0;2;5;0;1
202100010470;183 007;7;0;2;8;15;1
202100010470;183 008;1;0;2;1;1;5
202100010471;183 006;7;0;1;2;1;1
202100010472;183 005;43;0;1;2;1;1
202100010473;183 003;1;1;0;1;1;2
202100010473;183 004;1;1;2;7;9;5
202100010474;183 001;7;0;2;0;0;0
202100010474;183 002;99;0;2;5;2;0
202100010475;183 000;7;0;1;2;1;1
202100010476;182 998;7;0;2;2;13;1
202100010476;182 999;1;0;2;7;13;5
202100010477;182 996;7;0;2;0;15;1
202100010477;182 997;7;0;2;2;12;1
202100010478;182 993;7;0;2;1;1;1
202100010478;182 994;31;0;2;2;1;1
202100010478;182 995;7;0;2;5;16;1
202100010479;182 991;2;0;0;1;0;1
202100010479;182 992;7;0;2;4;1;1
202100010480;182 990;7;0;1;8;16;1
202100010481;182 989;7;0;1;1;26;1
202100010482;182 987;15;0;2;2;1;0
202100010482;182 988;7;0;2;6;16;1
202100010483;182 986;7;0;1;1;1;1
202100010484;182 984;10;0;2;1;9;1
202100010484;182 985;2;0;2;7;1;1
202100010485;182 982;50;0;2;1;1;3
202100010485;182 983;7;0;2;3;1;1
202100010486;182 981;7;2;0;1;1;1
202100010487;182 979;2;0;2;1;1;1
202100010487;182 980;10;0;2;2;15;1
202100010488;182 976;7;0;2;1;13;1
202100010488;182 977;7;0;2;8;0;1
202100010489;182 974;7;0;2;2;1;0
202100010489;182 975;31;0;2;1;7;1
202100010490;182 973;7;0;1;1;1;1
202100010491;182 970;33;0;2;1;1;1
202100010491;182 971;7;0;2;2;15;1
202100010492;182 968;1;0;2;1;2;5
202100010492;182 969;14;0;2;4;2;1
202100010493;182 967;7;0;1;1;15;1
202100010494;182 963;7;0;2;3;9;1
202100010494;182 964;31;0;2;2;1;1
202100010495;182 960;7;0;2;4;1;1
202100010495;182 961;7;0;2;3;1;1
202100010495;182 962;7;0;2;0;0;1
202100010496;182 959;33;0;0;0;0;1
202100010497;182 957;7;0;2;7;16;1
202100010497;182 958;10;0;2;3;9;1
202100010498;182 956;33;0;2;7;14;1
202100010499;182 954;7;0;2;3;15;1
202100010499;182 955;7;0;2;0;0;1
202100010500;182 953;30;0;0;0;26;1
202100010501;182 952;7;0;1;1;26;1
202100010502;182 950;7;0;2;1;13;1
202100010502;182 951;7;0;2;3;1;1
202100010503;182 949;7;0;1;1;15;1
202100010504;182 948;7;8;0;1;1;1
202100010505;182 947;7;0;1;1;16;0
202100010506;182 944;7;0;2;4;23;1
202100010506;182 945;7;0;2;4;2;1
202100010506;182 946;7;0;2;1;2;1
202100010507;182 942;80;0;2;1;26;3
202100010507;182 943;7;0;9;8;9;1
202100010508;182 940;30;0;2;0;15;1
202100010508;182 941;7;0;2;3;15;2
202100010509;182 938;7;0;2;2;15;0
202100010509;182 939;1;0;2;1;1;
202100010510;182 936;7;0;2;3;26;0
202100010510;182 937;50;0;2;0;0;3
202100010511;182 935;7;0;1;1;1;1
202100010512;182 934;10;0;1;2;16;1
202100010513;182 932;33;0;2;7;1;1
202100010513;182 933;7;0;2;1;0;1
202100010514;182 931;7;0;1;1;1;1
202100010515;182 929;7;0;2;1;13;1
202100010515;182 930;17;0;2;1;1;1
202100010516;182 928;7;15;1;1;26;1
202100010517;182 927;7;0;1;1;26;1
202100010518;182 926;3;0;1;2;19;1
202100010519;182 924;7;0;2;1;15;2
202100010519;182 925;1;0;2;7;1;5
202100010520;182 921;7;0;2;3;1;1
202100010520;182 922;7;0;2;7;1;1
202100010520;182 923;7;0;2;1;15;1
202100010521;182 919;7;0;2;8;26;1
202100010521;182 920;15;0;2;2;26;1
202100010522;182 918;10;0;0;3;20;1
202100010523;182 916;7;0;2;3;26;1
202100010523;182 917;1;0;2;2;1;5
202100010524;182 914;7;0;2;2;15;1
202100010524;182 915;31;0;2;1;26;1
202100010525;182 912;1;0;2;2;26;5
202100010525;182 913;30;0;2;0;26;1
202100010526;182 910;7;0;2;8;16;1
202100010526;182 911;50;0;2;1;0;3
202100010527;182 909;33;0;9;1;1;1
202100010528;182 908;7;6;0;1;1;1
202100010529;182 907;7;0;1;1;19;1
202100010530;182 906;7;1;0;1;13;1
202100010531;182 904;7;0;2;2;11;1
202100010531;182 905;7;0;2;2;1;1
202100010532;182 902;37;8;1;2;1;1
202100010532;182 903;60;9;2;8;19;5
202100010533;182 901;7;0;1;1;19;1
202100010534;182 899;31;0;2;1;15;1
202100010534;182 900;33;0;2;1;1;1
202100010535;182 897;7;0;2;4;26;1
202100010535;182 898;7;0;2;1;26;1
202100010536;182 895;33;0;2;8;1;1
202100010536;182 896;14;0;2;2;15;1
202100010537;182 893;7;0;2;2;1;1
202100010537;182 894;7;0;2;3;9;1
202100010538;182 891;30;0;2;2;21;1
202100010538;182 892;7;0;0;5;1;3
202100010539;182 889;34;0;2;1;1;1
202100010539;182 890;7;0;2;3;0;1
202100010540;182 885;13;0;2;2;1;1
202100010540;182 886;7;0;2;3;15;1
202100010541;182 883;7;0;2;6;10;1
202100010541;182 884;32;0;2;1;1;1
202100010542;182 882;30;0;1;1;26;1
202100010543;182 881;7;0;0;0;0;0
202100010544;182 879;7;0;2;4;1;1
202100010544;182 880;7;0;2;1;1;1
202100010545;182 877;7;0;9;2;1;1
202100010545;182 878;50;0;2;8;19;3
202100010546;182 875;14;0;2;1;1;1
202100010546;182 876;17;0;2;4;1;1
202100010547;182 873;33;0;2;3;9;1
202100010547;182 874;7;0;2;2;1;1
202100010548;182 872;80;0;1;3;1;3
202100010549;182 871;33;0;0;1;1;1
202100010550;182 869;7;0;2;1;10;1
202100010550;182 870;33;0;2;1;17;1
202100010551;182 868;7;0;1;1;1;1
202100010552;182 867;7;0;1;3;1;1
202100010553;182 866;7;0;1;2;1;2
202100010554;182 865;30;0;1;7;5;1
202100010555;182 864;30;0;2;3;21;1
202100010556;182 862;10;0;2;4;2;1
202100010556;182 863;32;0;2;1;2;1
202100010557;182 860;7;0;2;3;15;1
202100010557;182 861;30;0;2;1;1;1
202100010558;182 858;7;0;2;3;1;1
202100010558;182 859;50;0;2;1;17;3
202100010559;182 857;1;0;1;1;1;5
202100010560;182 856;7;0;1;1;15;1
202100010561;182 854;50;0;2;4;2;3
202100010561;182 855;7;0;2;1;2;0
202100010562;182 853;7;14;0;2;13;1
202100010563;182 851;1;0;2;8;1;5
202100010563;182 852;2;0;2;2;16;0
202100010564;182 849;2;0;2;2;1;3
202100010564;182 850;1;0;2;0;15;0
202100010565;182 846;7;0;2;6;13;1
202100010565;182 847;7;0;2;3;1;2
202100010565;182 848;33;0;2;1;17;1
202100010566;182 844;7;0;2;5;1;1
202100010566;182 845;7;0;2;3;7;1
202100010567;182 842;30;0;2;4;2;1
202100010567;182 843;10;0;2;1;2;1
202100010568;182 840;7;0;2;3;9;2
202100010568;182 841;30;0;2;1;1;1
202100010569;182 837;10;0;2;3;15;1
202100010569;182 838;7;0;2;7;24;3
202100010569;182 839;32;0;2;2;1;3
202100010570;182 835;1;0;2;8;1;5
202100010570;182 836;1;0;2;1;1;5
202100010571;182 833;33;0;2;7;1;1
202100010571;182 834;7;0;2;0;14;1
202100010572;182 832;33;0;1;7;1;1
202100010573;182 831;30;0;1;1;1;1
202100010574;182 829;7;0;2;1;1;1
202100010574;182 830;10;8;2;8;1;1
202100010575;182 827;7;0;2;2;15;1
202100010575;182 828;33;0;2;2;1;1
202100010576;182 825;10;0;2;0;0;1
202100010576;182 826;2;0;2;3;17;1
202100010577;182 823;30;0;2;7;1;1
202100010577;182 824;7;0;2;1;15;1
202100010578;182 819;33;0;2;1;1;1
202100010578;182 820;7;0;2;5;15;1
202100010579;182 817;7;0;1;1;1;1
202100010579;182 818;7;0;2;1;1;1
202100010580;182 815;7;0;2;1;15;1
202100010580;182 816;7;0;2;1;1;1
202100010581;182 813;7;0;2;1;1;1
202100010581;182 814;31;0;2;4;26;1
202100010582;182 812;7;0;1;7;1;1
202100010583;182 810;7;0;0;3;9;1
202100010583;182 811;30;0;2;0;0;1
202100010584;182 808;7;0;2;3;19;1
202100010584;182 809;31;0;2;1;3;1
202100010585;182 806;32;0;2;8;1;1
202100010585;182 807;7;0;2;2;1;1
202100010586;182 805;7;0;1;1;2;2
202100010587;182 803;7;0;2;3;9;1
202100010587;182 804;33;0;2;2;0;1
202100010588;182 802;33;12;0;7;1;1
202100010589;182 800;7;0;2;4;2;1
202100010589;182 801;7;0;2;1;2;1
202100010590;182 798;3;1;0;3;24;1
202100010590;182 799;1;1;0;3;0;0
202100010591;182 797;30;9;0;1;13;1
202100010592;182 796;13;0;1;2;16;6
202100010593;182 794;33;0;2;4;0;0
202100010593;182 795;43;0;2;1;26;0
202100010594;182 793;33;0;0;0;26;1
202100010595;182 791;10;9;2;1;5;3
202100010595;182 792;7;9;2;7;1;1
202100010596;182 789;7;8;2;1;9;1
202100010596;182 790;7;0;2;3;1;1
202100010597;182 787;1;0;2;7;19;5
202100010597;182 788;7;0;2;1;1;1
202100010598;182 785;31;0;2;1;1;1
202100010598;182 786;7;0;2;1;15;1
202100010599;182 783;7;8;2;3;1;2
202100010599;182 784;7;0;2;6;1;1
202100010600;182 781;7;0;2;3;1;1
202100010600;182 782;32;0;2;1;17;1
202100010601;182 779;1;0;0;4;1;5
202100010601;182 780;7;0;2;2;1;1
202100010602;182 777;7;0;9;3;1;1
202100010602;182 778;1;0;2;1;19;5
202100010603;182 775;7;0;2;1;13;1
202100010603;182 776;17;0;2;3;1;1
202100010604;182 774;33;15;0;2;1;1
202100010605;182 773;33;13;0;0;13;1
202100010606;182 772;7;0;0;9;0;1
202100010607;182 770;7;0;2;1;1;1
202100010607;182 771;10;0;0;4;11;1
202100010608;182 769;7;2;0;2;11;1
202100010609;182 768;7;13;0;0;1;1
202100010610;182 767;7;2;0;2;14;1
202100010611;182 766;7;13;0;5;1;1
202100010612;182 764;33;0;2;2;1;1
202100010612;182 765;7;0;2;7;5;1
202100010613;182 762;7;0;2;1;13;1
202100010613;182 763;7;0;2;1;21;1
202100010614;182 761;7;2;0;1;1;1
202100010615;182 760;33;0;0;7;1;1
202100010616;182 758;7;0;0;5;12;1
202100010616;182 759;1;0;0;6;1;5
202100010617;182 757;33;6;0;7;2;1
202100010618;182 755;2;0;2;1;1;1
202100010618;182 756;7;0;2;2;15;1
202100010619;182 752;7;0;1;3;1;1
202100010620;182 750;7;0;0;2;5;1
202100010620;182 751;33;0;0;1;3;1
202100010621;182 749;2;12;0;7;1;1
202100010622;182 747;39;0;4;3;1;3
202100010622;182 748;7;0;4;1;0;1
202100010623;182 745;1;0;2;1;1;5
202100010623;182 746;7;0;2;7;15;1
202100010624;182 744;7;0;0;3;0;1
202100010625;182 742;7;0;2;3;19;1
202100010625;182 743;7;0;2;1;1;1
202100010626;182 740;2;7;2;1;1;1
202100010626;182 741;21;0;2;6;1;1
202100010627;182 739;7;8;1;2;1;1
202100010628;182 737;7;0;2;1;1;1
202100010628;182 738;7;0;2;7;1;1
202100010629;182 736;7;0;0;9;0;1
202100010630;182 735;7;3;0;1;1;1
202100010631;182 734;1;0;0;8;1;5
202100010632;182 732;7;2;2;3;1;1
202100010632;182 733;17;2;2;3;13;1
202100010633;182 731;13;0;0;3;1;1
202100010634;182 729;15;0;2;2;15;1
202100010634;182 730;7;0;2;1;1;1
202100010635;182 727;2;0;0;1;1;1
202100010635;182 728;10;0;0;5;1;1
202100010636;182 726;7;8;0;3;0;1
202100010637;182 724;7;0;2;8;19;1
202100010637;182 725;43;0;2;3;17;1
202100010638;182 723;7;0;0;9;1;1
202100010639;182 721;7;0;2;3;1;1
202100010639;182 722;7;0;2;5;10;1
202100010640;182 719;7;0;2;3;13;1
202100010640;182 720;7;0;2;3;1;1
202100010641;182 717;1;0;2;1;1;5
202100010641;182 718;7;0;2;2;15;1
202100010642;182 715;2;0;0;6;15;1
202100010642;182 716;0;0;2;1;17;0
202100010643;182 713;7;0;2;1;15;1
202100010643;182 714;7;0;2;1;1;1
202100010644;182 712;7;8;0;7;1;1
202100010645;182 709;7;0;0;6;1;1
202100010645;182 710;7;0;0;7;15;1
202100010645;182 711;33;0;2;1;1;1
202100010646;182 707;2;0;2;1;9;1
202100010646;182 708;37;0;2;1;1;1
202100010647;182 705;7;0;2;3;2;1
202100010647;182 706;7;0;2;3;2;1
202100010648;182 704;32;0;0;0;0;1
202100010649;182 702;7;0;2;7;15;1
202100010649;182 703;7;0;2;5;1;1
202100010650;182 699;7;0;2;1;19;6
202100010650;182 700;7;0;2;1;1;1
202100010650;182 701;7;0;2;8;1;1
202100010651;182 698;7;0;1;2;2;1
202100010652;182 695;7;0;2;1;17;1
202100010652;182 696;7;0;2;3;1;1
202100010652;182 697;7;0;2;1;1;1
202100010653;182 693;33;0;2;1;1;1
202100010653;182 694;7;0;2;6;9;1
202100010654;182 692;7;0;0;9;1;1
202100010655;182 690;2;0;2;2;17;1
202100010655;182 691;10;0;0;3;15;1
202100010656;182 688;10;0;2;3;2;1
202100010656;182 689;1;0;2;1;2;5
202100010657;182 686;7;0;2;7;12;1
202100010657;182 687;33;0;0;1;3;1
202100010658;182 682;7;0;2;1;2;1
202100010658;182 683;7;0;2;4;23;1
202100010658;182 684;7;0;2;4;23;1
202100010658;182 685;7;0;2;4;23;1
202100010659;182 679;7;0;2;4;1;1
202100010659;182 680;7;0;2;1;2;1
202100010659;182 681;7;0;2;3;0;1
202100010660;182 678;7;6;0;1;1;1
202100010661;182 676;33;0;2;2;1;1
202100010661;182 677;7;0;2;6;11;1
202100010662;182 673;33;0;2;7;3;1
202100010662;182 674;7;0;2;6;1;1
202100010662;182 675;7;0;2;8;11;1
202100010663;182 670;17;0;2;1;2;1
202100010663;182 671;7;0;2;4;2;1
202100010663;182 672;10;0;2;1;2;1
202100010664;182 665;7;0;2;1;2;0
202100010664;182 666;7;0;2;1;2;0
202100010664;182 667;7;0;2;1;2;2
202100010664;182 668;7;0;2;1;2;1
202100010664;182 669;7;0;2;1;2;1
202100010665;182 663;7;0;2;2;12;1
202100010665;182 664;31;0;2;1;3;1
202100010666;182 658;7;0;2;4;1;1
202100010666;182 659;7;0;2;1;1;1
202100010666;182 660;7;0;2;1;1;1
202100010666;182 661;17;0;2;8;11;1
202100010666;182 662;10;0;2;1;2;1
202100010667;182 656;10;0;2;0;12;0
202100010667;182 657;33;0;2;7;3;1
202100010668;182 654;7;0;2;1;2;1
202100010668;182 655;33;0;2;4;2;1
202100010669;182 652;7;0;2;1;1;3
202100010669;182 653;7;0;2;1;26;1
202100010670;182 650;7;0;2;4;2;1
202100010670;182 651;7;0;2;1;2;1
202100010671;182 648;7;0;2;4;1;1
202100010671;182 649;10;0;2;1;1;1
202100010672;182 645;7;0;2;4;2;0