Num_Acc;id_vehicule;categorie_vehicule;obstacle_fixe;obstacle_mobile;point_choc_initial;manoeuvre_principale;motorisation
202100011060;181 952;7;9;2;3;1;1
202100011061;181 950;7;8;0;8;14;1
202100011062;181 948;7;0;2;1;2;1
202100011062;181 949;7;0;2;4;2;1
202100011063;181 947;7;0;1;2;1;1
202100011064;181 946;7;8;0;3;13;1
202100011065;181 945;7;0;1;0;0;0
202100011066;181 943;7;0;2;8;11;1
202100011066;181 944;7;0;2;3;1;1
202100011067;181 941;7;0;2;3;13;1
202100011067;181 942;7;0;2;3;1;1
202100011068;181 939;7;0;2;4;23;1
202100011068;181 940;10;14;0;1;1;1
202100011069;181 938;7;1;0;9;5;1
202100011070;181 936;1;0;2;4;1;5
202100011070;181 937;10;0;2;1;15;1
202100011071;181 935;7;0;1;2;17;1
202100011072;181 933;1;0;4;1;1;5
202100011072;181 934;40;0;2;2;1;3
202100011073;181 931;10;0;2;4;4;1
202100011073;181 932;32;0;2;1;1;1
202100011074;181 929;7;0;2;3;15;1
202100011074;181 930;30;0;2;3;5;1
202100011075;181 927;7;8;2;1;19;1
202100011075;181 928;7;14;2;3;0;1
202100011076;181 926;7;0;1;1;1;1
202100011077;181 924;1;0;2;8;2;5
202100011077;181 925;7;0;2;7;14;0
202100011078;181 923;7;0;1;1;1;1
202100011079;181 921;7;0;2;1;1;2
202100011079;181 922;7;0;2;8;9;1
202100011080;181 920;7;0;1;1;1;1
202100011081;181 919;30;0;0;0;1;1
202100011082;181 917;1;0;2;1;1;5
202100011082;181 918;7;0;2;8;9;1
202100011083;181 915;50;0;2;7;1;3
202100011083;181 916;7;0;2;2;9;1
202100011084;181 914;7;0;1;2;1;2
202100011085;181 912;2;0;2;1;2;1
202100011085;181 913;7;0;9;4;2;1
202100011086;181 910;7;0;2;8;9;1
202100011086;181 911;10;0;2;2;1;1
202100011087;181 909;7;0;1;1;16;1
202100011088;181 907;31;0;2;1;1;0
202100011088;181 908;7;0;2;1;15;1
202100011089;181 906;31;12;0;1;1;1
202100011090;181 904;1;0;2;1;1;5
202100011090;181 905;7;0;2;6;9;1
202100011091;181 902;7;0;2;1;2;1
202100011091;181 903;7;0;2;4;23;1
202100011092;181 900;7;0;2;0;9;1
202100011092;181 901;1;0;2;7;9;5
202100011093;181 898;7;0;2;3;15;0
202100011093;181 899;31;0;2;1;17;0
202100011094;181 897;10;0;1;0;1;1
202100011095;181 895;7;0;2;1;15;1
202100011095;181 896;1;0;2;1;1;5
202100011096;181 893;7;0;2;6;1;1
202100011096;181 894;7;0;2;2;1;1
202100011097;181 892;7;2;0;1;16;1
202100011098;181 890;50;0;2;1;19;3
202100011098;181 891;7;0;2;3;15;1
202100011099;181 888;7;0;2;3;10;2
202100011099;181 889;7;0;2;2;17;1
202100011100;181 887;10;0;1;2;15;1
202100011101;181 885;7;0;2;3;15;1
202100011101;181 886;32;0;2;1;17;1
202100011102;181 883;10;0;2;5;26;1
202100011102;181 884;10;0;2;0;26;1
202100011103;181 881;7;0;2;3;15;0
202100011103;181 882;32;0;2;2;13;1
202100011104;181 880;7;1;0;2;14;1
202100011105;181 878;7;0;2;4;2;1
202100011105;181 879;7;0;2;1;2;1
202100011106;181 877;1;0;0;0;0;5
202100011107;181 875;30;0;2;1;1;1
202100011107;181 876;10;0;2;4;1;1
202100011108;181 873;7;0;2;6;2;1
202100011108;181 874;7;0;2;2;2;0
202100011109;181 872;10;0;1;3;15;1
202100011110;181 870;1;0;2;1;1;5
202100011110;181 871;1;0;2;1;13;5
202100011111;181 869;30;0;1;1;1;3
202100011112;181 868;33;0;1;2;25;1
202100011113;181 866;14;0;2;2;1;1
202100011113;181 867;7;0;2;3;22;1
202100011114;181 865;7;0;1;8;1;2
202100011115;181 864;30;0;1;1;1;1
202100011116;181 863;10;0;1;4;20;0
202100011117;181 862;2;0;1;1;7;1
202100011118;181 860;34;0;2;1;1;1
202100011118;181 861;7;0;2;7;1;1
202100011119;181 859;43;0;0;0;1;1
202100011120;181 857;50;0;2;3;1;3
202100011120;181 858;7;14;0;3;9;1
202100011121;181 855;7;0;0;0;0;1
202100011121;181 856;7;0;2;7;15;1
202100011122;181 853;7;0;2;6;15;1
202100011122;181 854;33;0;2;2;15;1
202100011123;181 852;7;0;1;1;1;1
202100011124;181 849;7;14;0;1;2;1
202100011124;181 850;7;0;2;4;23;1
202100011124;181 851;7;0;2;4;23;1
202100011125;181 847;7;0;2;3;1;2
202100011125;181 848;10;0;2;9;1;1
202100011126;181 845;34;14;2;2;26;1
202100011126;181 846;7;0;2;2;19;1
202100011127;181 843;7;0;0;3;11;1
202100011127;181 844;33;0;0;2;17;1
202100011128;181 842;7;0;1;3;1;1
202100011129;181 841;10;0;1;1;15;1
202100011130;181 839;33;0;2;1;1;1
202100011130;181 840;10;0;2;3;16;1
202100011131;181 837;7;0;0;0;21;2
202100011131;181 838;1;0;0;0;0;0
202100011132;181 835;14;0;2;5;15;1
202100011132;181 836;32;0;2;2;1;1
202100011133;181 833;7;0;2;2;16;1
202100011133;181 834;32;0;2;8;1;1
202100011134;181 831;34;0;2;1;16;1
202100011134;181 832;7;0;2;2;1;2
202100011135;181 829;7;0;2;4;9;0
202100011135;181 830;7;0;2;1;2;3
202100011136;181 827;7;0;2;1;13;1
202100011136;181 828;7;0;2;1;1;1
202100011137;181 826;7;0;1;1;1;1
202100011138;181 824;7;0;0;1;1;1
202100011138;181 825;7;0;2;1;13;1
202100011139;181 821;33;0;2;1;5;0
202100011139;181 822;7;0;2;6;1;1
202100011139;181 823;7;0;2;1;1;1
202100011140;181 819;2;0;2;1;1;1
202100011140;181 820;2;0;2;3;15;1
202100011141;181 818;15;3;0;2;1;1
202100011142;181 817;7;3;0;2;1;1
202100011143;181 815;2;0;2;1;2;1
202100011143;181 816;7;0;2;4;0;1
202100011144;181 813;7;15;0;7;1;1
202100011144;181 814;7;6;0;3;5;1
202100011145;181 809;7;11;2;7;6;1
202100011145;181 810;7;6;2;8;2;1
202100011146;181 808;7;13;0;9;1;1
202100011147;181 806;7;0;5;4;26;1
202100011147;181 807;7;0;2;1;1;1
202100011148;181 805;7;2;0;1;1;1
202100011149;181 801;1;0;2;1;0;5
202100011149;181 802;7;0;9;7;1;1
202100011150;181 800;7;0;0;1;1;1
202100011151;181 799;7;0;0;9;1;1
202100011152;181 798;14;3;0;8;1;1
202100011153;181 796;1;0;0;8;16;5
202100011153;181 797;7;0;2;3;15;1
202100011154;181 794;33;0;2;1;1;1
202100011154;181 795;7;0;0;7;15;1
202100011155;181 793;7;13;0;2;1;1
202100011156;181 792;10;6;0;2;0;1
202100011157;181 790;10;0;2;8;19;1
202100011157;181 791;33;0;2;1;1;1
202100011158;181 788;7;0;2;7;1;1
202100011158;181 789;7;0;2;3;9;1
202100011159;181 784;2;0;2;1;17;1
202100011159;181 785;2;0;2;1;1;1
202100011160;181 782;1;0;2;1;1;5
202100011160;181 783;3;0;2;1;15;1
202100011161;181 781;33;0;0;8;17;1
202100011162;181 779;15;0;2;2;13;1
202100011162;181 780;7;0;2;1;5;1
202100011163;181 777;7;13;2;3;1;1
202100011163;181 778;33;0;2;9;1;1
202100011164;181 775;17;0;0;3;16;1
202100011165;181 773;7;0;2;8;15;1
202100011165;181 774;14;0;2;2;1;6
202100011166;181 771;7;0;2;3;23;1
202100011166;181 772;33;0;2;8;1;1
202100011167;181 769;17;0;2;3;1;1
202100011167;181 770;10;0;2;1;13;1
202100011168;181 767;2;0;9;2;13;1
202100011168;181 768;1;0;2;1;1;6
202100011169;181 765;7;0;2;7;2;1
202100011169;181 766;80;0;2;8;2;3
202100011170;181 763;21;0;0;4;2;0
202100011170;181 764;7;0;2;1;0;1
202100011171;181 761;7;0;2;2;1;1
202100011171;181 762;33;0;2;1;16;1
202100011172;181 759;10;0;2;1;1;1
202100011172;181 760;7;0;2;3;1;1
202100011173;181 757;7;0;0;3;15;1
202100011173;181 758;1;0;2;8;1;5
202100011174;181 755;7;0;2;2;2;1
202100011174;181 756;14;0;0;5;2;1
202100011175;181 753;7;3;2;2;13;1
202100011175;181 754;7;3;2;1;1;1
202100011176;181 752;7;0;1;3;2;1
202100011177;181 751;7;6;0;1;1;1
202100011178;181 750;7;14;0;1;1;1
202100011179;181 749;33;0;0;0;16;1
202100011180;181 744;10;0;2;1;2;1
202100011180;181 745;10;0;2;4;2;1
202100011180;181 746;7;0;2;4;1;1
202100011180;181 747;10;0;2;4;2;1
202100011180;181 748;7;0;2;4;1;1
202100011181;181 743;7;0;5;1;1;1
202100011182;181 742;7;4;0;1;2;1
202100011183;181 741;33;0;0;1;1;1
202100011184;181 738;7;0;0;0;1;1
202100011184;181 739;7;0;0;0;1;1
202100011184;181 740;31;0;0;0;3;1
202100011185;181 736;31;0;2;1;3;1
202100011185;181 737;7;0;2;4;1;1
202100011186;181 735;32;0;2;8;1;1
202100011187;181 733;7;0;1;1;16;1
202100011187;181 734;50;0;2;1;26;3
202100011188;181 731;3;0;0;5;1;1
202100011188;181 732;3;0;0;1;1;1
202100011189;181 730;7;2;0;1;13;1
202100011190;181 728;7;0;2;1;9;3
202100011190;181 729;7;0;2;1;13;1
202100011191;181 727;7;14;0;1;26;1
202100011192;181 725;7;0;2;0;0;1
202100011192;181 726;7;0;2;1;26;1
202100011193;181 723;7;9;2;2;1;1
202100011193;181 724;7;0;2;1;1;1
202100011194;181 720;7;0;2;1;13;1
202100011194;181 721;7;0;2;8;1;1
202100011194;181 722;7;0;2;1;1;2
202100011195;181 718;31;1;2;1;17;1
202100011195;181 719;7;0;2;5;15;1
202100011196;181 717;31;12;0;1;1;1
202100011197;181 716;7;1;1;1;20;1
202100011198;181 714;50;0;2;1;1;3
202100011198;181 715;7;0;2;0;1;1
202100011199;181 713;30;0;1;1;1;1
202100011200;181 712;7;0;1;2;15;1
202100011201;181 711;7;1;0;2;14;1
202100011202;181 709;2;0;2;1;1;1
202100011202;181 710;7;0;2;8;15;1
202100011203;181 707;7;0;2;1;1;1
202100011203;181 708;7;0;2;3;1;1
202100011204;181 706;7;0;1;2;1;1
202100011205;181 704;31;0;2;0;1;1
202100011205;181 705;7;0;2;0;15;1
202100011206;181 702;37;0;2;7;1;1
202100011206;181 703;1;0;2;8;1;5
202100011207;181 700;7;0;2;3;15;1
202100011207;181 701;50;0;2;2;1;3
202100011208;181 698;7;0;2;1;1;1
202100011208;181 699;1;0;2;1;13;5
202100011209;181 696;30;0;2;8;1;3
202100011209;181 697;7;0;2;2;1;1
202100011210;181 694;50;0;2;1;19;3
202100011210;181 695;7;0;2;1;1;1
202100011211;181 692;2;0;2;1;1;1
202100011211;181 693;7;0;2;1;1;1
202100011212;181 691;7;0;1;2;1;1
202100011213;181 689;7;0;2;3;1;1
202100011213;181 690;30;0;2;1;19;1
202100011214;181 686;7;0;2;9;18;1
202100011214;181 687;7;0;2;5;2;1
202100011214;181 688;7;0;2;6;0;1
202100011215;181 684;7;0;2;2;9;1
202100011215;181 685;33;0;2;1;1;1
202100011216;181 682;7;0;2;6;19;2
202100011216;181 683;50;0;2;1;1;3
202100011217;181 681;7;0;1;1;1;1
202100011218;181 679;7;12;0;3;20;1
202100011218;181 680;50;0;2;0;1;3
202100011219;181 678;7;8;0;0;0;1
202100011220;181 677;7;0;1;3;1;1
202100011221;181 675;7;0;2;2;26;1
202100011221;181 676;33;0;2;1;15;0
202100011222;181 674;7;13;0;9;1;1
202100011223;181 672;7;0;2;4;9;1
202100011223;181 673;33;0;2;5;9;1
202100011224;181 670;33;0;2;8;1;1
202100011224;181 671;7;0;2;1;23;1
202100011225;181 666;7;0;2;3;1;1
202100011225;181 667;7;0;2;3;1;1
202100011226;181 664;7;0;2;1;1;1
202100011226;181 665;7;0;2;1;15;1
202100011227;181 663;7;6;0;1;10;1
202100011228;181 661;10;0;9;1;9;0
202100011228;181 662;1;0;2;4;19;5
202100011229;181 659;15;0;2;3;1;1
202100011229;181 660;7;0;2;5;12;1
202100011230;181 658;7;4;0;2;14;1
202100011231;181 657;7;0;1;2;16;1
202100011232;181 655;7;0;2;3;13;1
202100011232;181 656;30;0;2;7;5;1
202100011233;181 653;32;0;2;2;1;1
202100011233;181 654;1;0;2;1;1;5
202100011234;181 651;33;0;2;1;5;1
202100011234;181 652;30;0;2;8;5;1
202100011235;181 649;50;0;2;0;16;3
202100011235;181 650;43;0;2;2;1;1
202100011236;181 647;7;0;2;2;2;1
202100011236;181 648;30;0;2;4;23;1
202100011237;181 646;43;0;1;1;16;1
202100011238;181 644;32;0;2;1;1;1
202100011238;181 645;7;0;2;7;15;2
202100011239;181 642;30;0;2;7;18;1
202100011239;181 643;7;0;2;7;16;1
202100011240;181 640;1;0;2;6;1;5
202100011240;181 641;7;0;2;1;15;0
202100011241;181 639;10;0;1;1;1;1
202100011242;181 637;31;0;2;7;17;1
202100011242;181 638;7;0;2;8;15;1
202100011243;181 635;1;0;2;1;1;5
202100011243;181 636;7;0;2;3;15;2
202100011244;181 633;1;0;2;0;13;5
202100011244;181 634;1;0;2;1;1;5
202100011245;181 632;7;0;1;2;1;1
202100011246;181 630;32;0;0;1;1;1
202100011246;181 631;7;0;0;1;1;1
202100011247;181 629;7;0;1;2;16;1
202100011248;181 627;37;0;2;4;1;1
202100011248;181 628;37;0;2;1;1;2
202100011249;181 625;30;0;2;1;7;0
202100011249;181 626;30;12;2;4;11;1
202100011250;181 623;2;0;2;1;19;3
202100011250;181 624;7;0;2;3;1;1
202100011251;181 620;3;0;2;2;12;1
202100011251;181 621;3;1;2;8;1;1
202100011251;181 622;3;1;0;6;0;1
202100011252;181 618;7;12;0;0;16;0
202100011252;181 619;7;12;0;3;14;1
202100011253;181 616;7;0;2;3;0;1
202100011253;181 617;7;0;2;2;26;1
202100011254;181 615;0;0;1;8;1;0
202100011255;181 613;7;0;2;3;15;3
202100011255;181 614;31;0;2;4;23;1
202100011256;181 611;33;0;2;1;2;1
202100011256;181 612;7;0;2;4;23;1
202100011257;181 609;14;0;2;3;1;1
202100011257;181 610;14;0;2;3;15;1
202100011258;181 608;7;0;1;4;20;1
202100011259;181 607;33;8;0;7;1;1
202100011260;181 606;7;13;0;3;1;1
202100011261;181 605;33;4;0;8;0;1
202100011262;181 604;33;0;0;0;2;1
202100011263;181 603;7;0;1;2;1;1
202100011264;181 602;7;2;0;1;1;1
202100011265;181 600;7;0;2;1;1;1
202100011265;181 601;7;0;2;1;1;1
202100011266;181 599;7;13;0;3;21;1
202100011267;181 598;13;13;0;3;1;1
202100011268;181 596;7;0;2;3;1;1
202100011268;181 597;21;0;2;3;13;1
202100011269;181 594;2;0;2;3;1;1
202100011269;181 595;7;0;2;3;1;1
202100011270;181 589;7;0;2;3;1;1
202100011270;181 590;7;0;2;2;21;1
202100011270;181 591;7;0;2;3;1;1
202100011270;181 592;7;0;2;1;1;1
202100011270;181 593;7;0;2;6;15;1
202100011271;181 588;7;0;1;1;15;1
202100011272;181 586;7;0;2;3;1;1
202100011272;181 587;7;0;2;3;1;1
202100011273;181 583;7;0;0;2;1;1
202100011273;181 584;7;0;0;8;19;1
202100011274;181 582;7;14;0;2;2;1
202100011275;181 581;7;0;1;8;1;1
202100011276;181 580;7;0;1;2;20;1
202100011277;181 579;1;0;0;0;1;5
202100011278;181 577;33;0;2;3;2;1
202100011278;181 578;33;0;2;5;2;1
202100011279;181 575;33;0;2;1;1;1
202100011279;181 576;7;0;2;7;19;2
202100011280;181 573;21;0;2;2;0;1
202100011280;181 574;33;0;2;1;26;1
202100011281;181 571;7;0;2;2;2;1
202100011281;181 572;2;0;0;4;2;1
202100011282;181 569;7;0;2;6;15;1
202100011282;181 570;33;0;2;1;1;1
202100011283;181 568;7;0;2;3;1;1
202100011284;181 566;1;0;2;0;0;5
202100011284;181 567;7;0;2;2;2;1
202100011285;181 564;10;0;0;7;1;1
202100011285;181 565;7;0;2;3;16;1
202100011286;181 563;7;0;0;1;26;1
202100011287;181 560;7;13;0;0;1;1
202100011288;181 559;33;7;0;0;6;1
202100011289;181 557;7;0;0;3;1;1
202100011289;181 558;33;0;2;1;1;1
202100011290;181 554;7;2;2;2;1;1
202100011290;181 555;7;13;2;1;19;1
202100011291;181 552;7;0;2;1;1;1
202100011291;181 553;7;0;2;1;17;1
202100011292;181 551;2;0;1;1;3;1
202100011293;181 550;7;17;0;1;14;1
202100011294;181 549;33;8;0;0;1;1
202100011295;181 547;33;0;2;4;1;1
202100011295;181 548;7;0;2;1;1;1
202100011296;181 545;7;0;0;4;1;1
202100011296;181 546;7;0;2;1;1;2
202100011297;181 542;7;0;0;2;23;1
202100011297;181 543;7;0;2;1;1;1
202100011298;181 540;7;0;2;1;1;1
202100011298;181 541;7;0;0;5;10;1
202100011299;181 539;32;0;0;0;1;1
202100011300;181 538;2;0;0;0;1;1
202100011301;181 537;7;0;1;3;13;1
202100011302;181 536;33;0;1;1;1;1
202100011303;181 535;7;2;0;9;13;1
202100011304;181 534;7;2;0;1;2;1
202100011305;181 532;32;0;2;1;2;1
202100011305;181 533;1;0;2;4;2;5
202100011306;181 530;7;0;2;1;15;1
202100011306;181 531;2;0;2;1;1;1
202100011307;181 528;7;0;2;2;6;1
202100011307;181 529;33;0;2;1;1;1
202100011308;181 525;17;0;2;8;1;1
202100011308;181 526;7;0;2;9;1;1
202100011308;181 527;7;0;2;1;2;1
202100011309;181 524;33;0;0;0;0;1
202100011310;181 522;7;0;2;3;19;1
202100011310;181 523;7;0;2;2;1;1
202100011311;181 521;7;0;1;2;1;1
202100011312;181 519;7;0;2;3;15;1
202100011312;181 520;2;0;2;1;15;1
202100011313;181 517;43;0;2;3;17;1
202100011313;181 518;21;0;2;6;1;1
202100011314;181 516;7;16;0;1;0;1
202100011315;181 515;7;0;1;3;1;0
202100011316;181 512;32;0;0;4;9;1
202100011316;181 513;7;0;2;1;2;1
202100011317;181 510;7;0;0;1;15;1
202100011317;181 511;7;0;2;1;1;1
202100011318;181 508;7;0;2;1;1;1
202100011318;181 509;10;0;2;1;1;1
202100011319;181 507;7;2;0;1;1;1
202100011320;181 502;7;0;2;4;2;1
202100011320;181 503;7;0;2;4;2;1
202100011320;181 504;38;0;2;1;2;1
202100011320;181 505;7;0;2;4;2;3
202100011320;181 506;10;0;2;4;2;1
202100011321;181 500;7;0;2;1;1;1
202100011321;181 501;7;0;0;4;1;1
202100011322;181 496;7;0;2;4;2;1
202100011322;181 497;7;0;2;4;2;1
202100011322;181 498;10;0;2;1;2;1
202100011322;181 499;7;0;2;4;2;1
202100011323;181 494;7;0;2;4;26;1
202100011323;181 495;7;0;2;2;12;1
202100011324;181 491;7;0;2;2;12;1
202100011324;181 492;7;0;0;8;1;1
202100011324;181 493;7;0;2;6;1;1
202100011325;181 488;7;0;2;3;1;1
202100011325;181 489;7;0;2;5;1;1
202100011325;181 490;33;0;2;2;3;1
202100011326;181 485;7;0;2;4;1;1
202100011326;181 486;7;0;2;4;2;1
202100011326;181 487;7;0;2;1;2;1
202100011327;181 481;7;0;2;1;2;1
202100011327;181 482;7;0;2;1;2;1
202100011327;181 483;7;0;2;4;1;1
202100011327;181 484;7;0;2;4;2;1
202100011328;181 479;7;0;2;4;1;1
202100011328;181 480;7;0;2;1;1;1
202100011329;181 477;7;0;2;7;14;1
202100011329;181 478;7;0;2;4;23;1
202100011330;181 475;15;0;2;2;1;1
202100011330;181 476;7;4;2;6;11;2
202100011331;181 474;7;0;0;0;1;1
202100011332;181 472;7;0;2;1;2;1
202100011332;181 473;7;0;2;4;2;1
202100011333;181 469;7;0;2;7;12;1
202100011333;181 470;33;0;2;3;3;1
202100011333;181 471;7;0;2;5;0;1
202100011334;181 467;7;0;0;4;23;1
202100011334;181 468;7;0;0;0;0;1
202100011335;181 465;10;0;2;6;23;1
202100011335;181 466;2;0;2;1;1;1
202100011336;181 462;7;14;0;1;1;1
202100011336;181 463;7;0;9;7;21;1
202100011336;181 464;33;0;2;1;21;1
202100011337;181 461;10;0;0;0;14;1
202100011338;181 460;31;0;1;1;1;1
202100011339;181 459;1;0;1;4;25;6
202100011340;181 458;10;0;1;4;26;1
202100011341;181 456;7;0;1;4;2;1
202100011341;181 457;7;0;2;1;2;1
202100011342;181 455;7;0;1;1;1;1
202100011343;181 453;10;0;2;1;2;1
202100011343;181 454;30;0;2;4;23;1
202100011344;181 451;7;0;2;8;19;1
202100011344;181 452;7;0;2;1;1;1
202100011345;181 450;7;0;1;1;1;1
202100011346;181 448;80;0;2;0;2;3
202100011346;181 449;14;0;2;0;16;1
202100011347;181 446;33;0;2;1;18;0
202100011347;181 447;7;0;2;4;12;0
202100011348;181 445;7;0;2;7;1;1
202100011349;181 443;7;0;2;6;9;1
202100011349;181 444;32;0;2;3;1;1
202100011350;181 441;2;0;2;8;17;1
202100011350;181 442;7;0;2;7;1;1
202100011351;181 439;7;0;2;3;1;1
202100011351;181 440;50;0;2;8;0;3
202100011352;181 437;7;0;2;3;15;1
202100011352;181 438;30;9;2;2;17;1
202100011353;181 436;7;4;0;1;13;1
202100011354;181 434;7;0;2;5;1;1
202100011354;181 435;7;0;2;2;13;1
202100011355;181 432;7;0;2;3;9;1
202100011355;181 433;2;0;2;7;9;1
202100011356;181 430;32;0;2;1;13;1
202100011356;181 431;7;0;2;3;1;1
202100011357;181 428;7;0;2;1;1;1
202100011357;181 429;7;8;2;4;16;1
202100011358;181 427;7;14;0;2;1;1
202100011359;181 425;10;0;2;2;1;1
202100011359;181 426;10;0;2;1;9;1
202100011360;181 422;7;0;2;9;26;1
202100011360;181 423;7;0;2;2;1;1
202100011360;181 424;7;0;9;1;1;1
202100011361;181 420;7;0;2;4;2;1
202100011361;181 421;7;0;2;1;26;1
202100011362;181 418;33;0;2;1;1;1
202100011362;181 419;7;0;2;8;9;1
202100011363;181 416;7;0;2;1;2;1
202100011363;181 417;7;0;2;2;15;1
202100011364;181 414;30;0;2;1;1;1
202100011364;181 415;7;0;2;6;1;1
202100011365;181 410;34;0;2;1;1;1
202100011365;181 411;10;0;2;6;10;1
202100011366;181 408;7;0;2;1;1;1
202100011366;181 409;2;0;2;5;1;1
202100011367;181 407;7;11;0;9;1;1
202100011368;181 405;7;0;2;6;1;1
202100011368;181 406;30;0;2;1;1;1
202100011369;181 403;2;0;2;1;1;1
202100011369;181 404;7;0;2;8;9;1
202100011370;181 399;7;0;2;2;15;1
202100011370;181 400;31;0;2;1;1;1
202100011371;181 397;30;0;2;1;19;1
202100011371;181 398;33;0;2;1;1;1
202100011372;181 396;10;0;1;3;1;1
202100011373;181 394;2;0;2;8;1;1
202100011373;181 395;7;0;2;3;15;1
202100011374;181 392;33;14;2;3;5;1
202100011374;181 393;7;0;2;8;15;1
202100011375;181 390;7;0;2;2;26;0
202100011375;181 391;7;0;2;1;21;1
202100011376;181 387;7;0;2;1;26;1
202100011376;181 388;7;0;2;4;2;1
202100011376;181 389;7;0;2;4;0;1
202100011377;181 386;7;8;2;1;13;1
202100011378;181 385;7;0;1;1;16;1
202100011379;181 383;33;0;2;1;1;1
202100011379;181 384;7;0;9;2;15;1
202100011380;181 381;2;0;2;1;17;1
202100011380;181 382;10;0;2;3;15;1
202100011381;181 378;7;0;2;4;26;1
202100011381;181 379;7;0;2;1;1;1
202100011381;181 380;7;0;2;9;1;1
202100011382;181 376;7;0;9;2;12;1
202100011382;181 377;7;0;2;3;19;1
202100011383;181 374;1;0;2;1;19;5
202100011383;181 375;7;0;2;1;9;1
202100011384;181 372;7;0;2;4;4;1
202100011384;181 373;33;0;2;7;1;1
202100011385;181 370;7;0;2;2;15;1
202100011385;181 371;31;0;0;0;0;1
202100011386;181 368;7;0;2;1;13;1
202100011386;181 369;7;0;2;1;1;1
202100011387;181 367;7;2;0;9;14;1
202100011388;181 365;7;0;2;3;10;1
202100011388;181 366;7;0;2;1;1;1
202100011389;181 364;7;1;9;1;20;1
202100011390;181 362;7;0;9;1;1;1
202100011390;181 363;1;0;2;7;6;5
202100011391;181 360;30;0;2;7;0;1
202100011391;181 361;7;0;2;1;9;1
202100011392;181 358;1;0;2;1;1;5
202100011392;181 359;7;0;9;3;9;1
202100011393;181 355;7;2;0;3;16;2
202100011394;181 354;99;0;1;0;26;0
202100011395;181 351;7;1;0;2;14;1
202100011395;181 352;7;1;2;5;24;2
202100011395;181 353;7;0;2;4;24;1
202100011396;181 349;7;0;2;3;13;1
202100011396;181 350;7;0;2;3;23;1
202100011397;181 348;30;0;1;3;1;1
202100011398;181 346;7;0;2;2;26;1
202100011398;181 347;34;0;2;1;1;1
202100011399;181 344;7;0;2;7;1;1
202100011399;181 345;7;0;2;3;1;1
202100011400;181 343;7;0;0;0;0;1
202100011401;181 342;7;3;0;1;1;1
202100011402;181 340;7;0;9;2;26;1
202100011402;181 341;10;10;0;1;1;1
202100011403;181 338;7;0;2;4;1;1
202100011403;181 339;7;0;2;1;1;1
202100011404;181 336;7;0;2;1;15;1
202100011404;181 337;2;0;2;1;1;1
202100011405;181 335;7;0;1;2;1;1
202100011406;181 333;31;0;2;1;1;1
202100011406;181 334;7;0;2;6;15;1
202100011407;181 331;7;0;2;1;26;1
202100011407;181 332;7;0;0;4;23;1
202100011408;181 329;7;0;2;6;1;1
202100011408;181 330;33;0;2;2;12;1
202100011409;181 326;32;0;2;4;1;1
202100011409;181 327;7;0;2;4;1;1
202100011409;181 328;7;0;2;1;1;0
202100011410;181 324;7;0;2;1;2;1
202100011410;181 325;31;0;2;4;2;1
202100011411;181 322;7;0;2;1;2;1
202100011411;181 323;7;0;2;4;23;1
202100011412;181 320;33;0;2;8;11;1
202100011412;181 321;33;0;2;7;3;1
202100011413;181 319;34;12;0;8;13;1
202100011414;181 318;7;0;1;1;5;1
202100011415;181 317;1;0;0;0;1;5
202100011416;181 315;1;0;2;8;19;5
202100011416;181 316;30;0;2;0;1;1
202100011417;181 313;7;0;2;3;9;1
202100011417;181 314;30;0;2;7;1;1
202100011418;181 312;37;0;0;0;16;1
202100011419;181 310;30;0;2;7;1;3
202100011419;181 311;7;0;2;1;15;1
202100011420;181 309;33;1;0;1;21;1
202100011421;181 307;7;0;2;3;1;1
202100011421;181 308;32;0;2;2;14;1
202100011422;181 305;33;0;2;7;1;1
202100011422;181 306;7;0;2;1;15;1
202100011423;181 303;30;0;2;1;1;1
202100011423;181 304;7;0;2;1;16;2
202100011424;181 302;33;0;1;1;1;1
202100011425;181 300;7;0;2;3;15;2
202100011425;181 301;30;0;2;3;1;1
202100011426;181 298;34;0;2;7;1;1
202100011426;181 299;30;0;2;7;1;1
202100011427;181 297;1;0;0;1;1;5
202100011428;181 295;1;0;2;7;1;5
202100011428;181 296;7;0;2;1;1;1
202100011429;181 293;7;0;0;6;15;1
202100011429;181 294;30;0;0;1;1;1
202100011430;181 291;30;0;2;1;18;1
202100011430;181 292;7;0;0;0;0;1
202100011431;181 290;7;8;0;1;1;1
202100011432;181 288;7;0;2;4;23;1
202100011432;181 289;1;0;2;1;1;5
202100011433;181 287;32;0;1;1;17;1
202100011434;181 285;7;0;9;1;1;1
202100011434;181 286;50;0;2;4;1;3
202100011435;181 283;99;1;0;3;12;1
202100011435;181 284;99;0;2;5;23;1
202100011436;181 281;7;7;0;4;23;1
202100011436;181 282;10;0;2;1;2;1
202100011437;181 279;34;12;2;2;18;1
202100011437;181 280;7;0;2;7;11;1
202100011438;181 277;7;0;2;3;15;1
202100011438;181 278;2;14;2;2;2;1
202100011439;181 275;32;0;2;2;1;1
202100011439;181 276;32;0;2;3;9;1
202100011440;181 273;7;0;2;3;18;1
202100011440;181 274;1;0;2;0;0;5
202100011441;181 272;7;8;0;1;1;1
202100011442;181 270;30;0;2;2;1;1
202100011442;181 271;10;0;2;1;9;3
202100011443;181 267;7;2;0;2;13;1
202100011444;181 263;7;0;2;3;1;1
202100011444;181 264;10;0;2;8;2;1
202100011444;181 265;7;0;2;2;15;1
202100011444;181 266;10;0;2;3;23;1
202100011445;181 262;7;15;0;1;14;1
202100011446;181 260;7;0;2;3;15;1
202100011446;181 261;2;0;2;1;1;1
202100011447;181 258;7;0;2;7;26;1
202100011447;181 259;2;0;2;0;1;1
202100011448;181 257;30;12;0;0;0;1