Num_Acc;id_vehicule;categorie_vehicule;obstacle_fixe;obstacle_mobile;point_choc_initial;manoeuvre_principale;motorisation
202100011449;181 255;33;0;2;1;5;1
202100011449;181 256;7;0;2;3;0;1
202100011450;181 252;33;0;2;1;17;1
202100011450;181 253;7;0;2;1;1;1
202100011450;181 254;7;0;0;6;1;1
202100011451;181 251;33;2;0;1;0;1
202100011452;181 248;7;0;0;1;0;1
202100011453;181 246;33;0;0;0;1;1
202100011453;181 247;33;0;2;0;2;1
202100011454;181 244;33;0;2;8;1;1
202100011454;181 245;7;0;2;2;19;1
202100011455;181 243;7;15;0;3;13;1
202100011456;181 241;7;0;2;2;15;1
202100011456;181 242;33;0;2;2;1;1
202100011457;181 240;7;13;0;1;1;1
202100011458;181 238;10;0;2;1;13;1
202100011458;181 239;7;0;2;1;1;1
202100011459;181 237;33;13;0;1;0;1
202100011460;181 235;1;0;2;4;1;5
202100011460;181 236;1;0;2;1;1;5
202100011461;181 234;7;17;0;2;1;1
202100011462;181 233;7;2;0;3;1;1
202100011463;181 232;33;0;0;0;26;1
202100011464;181 231;32;16;0;7;1;1
202100011465;181 228;2;0;2;1;14;1
202100011465;181 229;7;0;2;5;26;1
202100011466;181 226;7;0;2;6;19;1
202100011466;181 227;7;7;2;1;1;1
202100011467;181 225;7;0;1;3;1;1
202100011468;181 224;7;13;0;1;1;1
202100011469;181 223;7;0;1;1;1;1
202100011470;181 222;36;6;9;2;1;1
202100011471;181 221;1;0;0;0;1;5
202100011472;181 220;7;13;0;1;0;1
202100011473;181 219;7;5;1;1;1;1
202100011474;181 215;7;0;0;1;1;1
202100011474;181 216;7;0;2;7;19;1
202100011475;181 214;7;0;0;2;15;1
202100011476;181 212;7;0;9;7;2;1
202100011476;181 213;1;0;2;8;2;5
202100011477;181 210;2;0;2;8;13;1
202100011477;181 211;7;0;2;2;17;1
202100011478;181 209;7;2;0;1;1;1
202100011479;181 208;30;15;0;0;0;1
202100011480;181 206;7;0;2;2;1;0
202100011480;181 207;7;0;2;1;1;1
202100011481;181 204;33;0;2;2;17;1
202100011481;181 205;7;0;2;3;15;1
202100011482;181 203;7;0;1;2;21;1
202100011483;181 202;7;15;0;3;1;1
202100011484;181 201;7;0;0;1;1;1
202100011485;181 199;7;0;2;1;13;1
202100011485;181 200;7;0;2;3;1;2
202100011486;181 197;7;0;2;7;15;1
202100011486;181 198;1;0;2;1;1;5
202100011487;181 195;7;0;2;1;1;1
202100011487;181 196;7;0;2;8;19;1
202100011488;181 194;7;6;0;2;1;1
202100011489;181 191;10;0;2;1;15;1
202100011489;181 192;2;0;2;2;1;1
202100011490;181 189;7;0;2;5;11;1
202100011490;181 190;34;0;2;1;1;1
202100011491;181 187;1;0;2;7;1;5
202100011491;181 188;7;0;2;1;1;2
202100011492;181 184;7;0;2;1;1;1
202100011492;181 185;7;0;2;3;13;1
202100011492;181 186;7;0;2;3;1;1
202100011493;181 182;2;0;0;1;5;1
202100011493;181 183;7;0;0;3;1;1
202100011494;181 181;7;8;0;0;14;1
202100011495;181 177;7;0;0;8;1;0
202100011495;181 178;7;0;0;6;1;2
202100011495;181 179;7;0;0;8;2;1
202100011495;181 180;2;0;2;0;17;1
202100011496;181 175;2;0;2;7;1;1
202100011496;181 176;7;0;2;1;15;1
202100011497;181 173;7;0;2;3;1;1
202100011497;181 174;7;6;2;1;15;1
202100011498;181 170;7;0;0;4;1;1
202100011498;181 171;33;0;2;1;2;1
202100011499;181 168;2;0;2;2;1;1
202100011499;181 169;7;0;2;3;26;1
202100011500;181 165;7;0;2;3;1;1
202100011500;181 166;7;0;2;8;1;1
202100011500;181 167;32;0;2;8;13;1
202100011501;181 164;7;0;1;1;1;1
202100011502;181 162;7;0;2;3;15;1
202100011502;181 163;2;0;2;1;15;1
202100011503;181 161;31;7;0;3;1;1
202100011504;181 160;7;0;0;9;14;1
202100011505;181 158;7;0;2;8;10;1
202100011505;181 159;15;0;2;2;1;1
202100011506;181 154;10;0;2;4;1;1
202100011506;181 155;7;0;0;0;0;1
202100011506;181 156;7;0;2;4;1;1
202100011506;181 157;10;0;2;1;1;1
202100011507;181 153;7;4;0;8;1;1
202100011508;181 152;33;14;0;1;1;1
202100011509;181 150;10;1;0;1;1;1
202100011509;181 151;7;0;0;4;1;1
202100011510;181 148;33;0;2;1;12;0
202100011510;181 149;10;0;2;5;2;1
202100011511;181 146;7;0;2;8;1;1
202100011511;181 147;10;0;2;3;5;1
202100011512;181 144;7;0;2;1;11;0
202100011512;181 145;7;0;2;4;1;0
202100011513;181 142;7;0;2;0;0;1
202100011513;181 143;7;0;2;4;1;1
202100011514;181 139;33;4;2;9;1;0
202100011514;181 140;7;0;2;1;1;1
202100011514;181 141;7;4;2;9;1;1
202100011515;181 135;7;0;2;5;1;1
202100011515;181 136;33;0;2;7;3;1
202100011515;181 137;7;0;2;6;11;1
202100011515;181 138;7;0;2;8;1;1
202100011516;181 133;7;0;2;8;11;1
202100011516;181 134;33;0;2;7;1;1
202100011517;181 130;7;0;0;4;2;1
202100011517;181 131;7;0;2;1;1;1
202100011517;181 132;10;0;2;1;2;1
202100011518;181 129;33;0;2;0;3;0
202100011519;181 127;99;0;2;8;23;1
202100011519;181 128;7;0;2;0;0;0
202100011520;181 125;7;0;2;1;2;1
202100011520;181 126;2;3;2;4;14;1
202100011521;181 123;7;0;2;6;1;2
202100011521;181 124;33;0;2;2;3;1
202100011522;181 122;7;0;0;1;1;1
202100011523;181 120;7;15;2;2;1;1
202100011523;181 121;7;15;1;1;1;1
202100011524;181 118;7;0;2;7;9;1
202100011524;181 119;2;0;2;8;17;1
202100011525;181 116;2;0;0;0;0;1
202100011525;181 117;7;0;2;6;15;1
202100011526;181 114;7;0;2;7;12;1
202100011526;181 115;33;0;2;8;7;1
202100011527;181 112;33;0;2;8;2;1
202100011527;181 113;30;0;2;7;17;1
202100011528;181 110;33;0;2;1;1;0
202100011528;181 111;7;0;2;2;15;1
202100011529;181 108;7;0;2;1;9;1
202100011529;181 109;33;0;2;8;1;1
202100011530;181 107;7;0;1;2;1;1
202100011531;181 106;30;12;0;8;1;1
202100011532;181 104;31;0;2;1;1;1
202100011532;181 105;7;0;2;3;15;1
202100011533;181 102;80;0;2;8;1;3
202100011533;181 103;7;0;9;1;1;1
202100011534;181 101;7;0;2;4;25;1
202100011535;181 099;7;0;2;3;15;1
202100011535;181 100;2;0;2;2;17;1
202100011536;181 097;7;0;2;1;5;0
202100011536;181 098;7;0;2;1;1;0
202100011537;181 095;34;0;2;4;1;1
202100011537;181 096;7;0;2;1;1;1
202100011538;181 093;99;0;2;1;1;1
202100011538;181 094;7;0;9;3;19;1
202100011539;181 091;33;0;2;2;21;1
202100011539;181 092;10;0;2;6;2;1
202100011540;181 090;7;15;0;1;1;1
202100011541;181 088;7;0;1;1;26;0
202100011541;181 089;1;0;2;4;1;5
202100011542;181 087;7;0;1;3;17;1
202100011543;181 085;7;8;2;7;1;1
202100011543;181 086;7;0;2;1;1;1
202100011544;181 082;7;0;2;4;23;1
202100011544;181 083;7;0;2;1;26;2
202100011544;181 084;7;0;2;4;23;1
202100011545;181 080;2;0;2;1;17;1
202100011545;181 081;10;0;2;3;15;1
202100011546;181 079;10;0;1;3;15;0
202100011547;181 078;7;0;1;1;1;1
202100011548;181 076;7;0;2;8;1;1
202100011548;181 077;7;0;2;1;19;3
202100011549;181 074;99;0;2;1;1;5
202100011549;181 075;7;0;2;3;1;1
202100011550;181 072;7;0;2;0;0;2
202100011550;181 073;7;0;2;1;15;1
202100011551;181 070;7;0;2;1;2;1
202100011551;181 071;7;0;2;4;2;1
202100011552;181 069;7;0;1;3;15;1
202100011553;181 068;50;0;1;1;1;3
202100011554;181 067;7;0;1;2;1;1
202100011555;181 066;7;0;1;1;1;1
202100011556;181 064;2;0;2;1;1;1
202100011556;181 065;7;0;2;2;15;1
202100011557;181 063;7;0;1;1;1;1
202100011558;181 062;50;8;0;1;14;3
202100011559;181 060;33;0;2;1;1;1
202100011559;181 061;7;0;2;4;1;1
202100011560;181 059;7;0;1;1;1;1
202100011561;181 058;7;0;1;8;1;1
202100011562;181 055;10;0;2;1;1;1
202100011562;181 056;7;0;2;4;15;1
202100011562;181 057;7;0;2;4;1;1
202100011563;181 053;7;0;2;1;1;1
202100011563;181 054;7;0;2;4;1;1
202100011564;181 051;2;0;2;1;1;1
202100011564;181 052;7;0;2;7;15;1
202100011565;181 050;37;0;2;0;21;2
202100011566;181 048;7;0;2;5;23;1
202100011566;181 049;7;0;2;3;1;0
202100011567;181 046;30;0;2;1;2;1
202100011567;181 047;7;0;2;4;2;2
202100011568;181 044;30;1;0;1;21;1
202100011568;181 045;7;0;2;8;26;1
202100011569;181 043;30;0;0;8;1;1
202100011570;181 042;7;0;0;9;13;1
202100011571;181 040;1;0;2;1;1;5
202100011571;181 041;7;0;9;1;15;1
202100011572;181 039;7;0;1;1;1;0
202100011573;181 037;30;0;2;1;17;1
202100011573;181 038;50;0;2;8;19;3
202100011574;181 035;2;0;2;0;1;0
202100011574;181 036;7;0;2;3;15;1
202100011575;181 033;1;0;0;0;9;5
202100011575;181 034;7;0;2;0;0;0
202100011576;181 031;30;0;2;2;15;1
202100011576;181 032;7;0;2;2;1;1
202100011577;181 030;7;2;0;9;1;1
202100011578;181 029;7;0;1;7;1;1
202100011579;181 027;7;0;2;3;1;1
202100011579;181 028;7;0;2;3;13;1
202100011580;181 026;60;14;0;1;1;5
202100011581;181 024;1;0;2;5;3;5
202100011581;181 025;7;0;2;3;15;1
202100011582;181 021;7;0;2;2;1;1
202100011582;181 022;7;0;2;1;1;1
202100011582;181 023;7;0;2;3;16;1
202100011583;181 020;7;0;1;1;15;1
202100011584;181 019;7;2;0;2;13;0
202100011585;181 018;7;13;0;5;1;1
202100011586;181 016;7;0;2;3;26;1
202100011586;181 017;80;0;2;2;26;3
202100011587;181 014;1;0;2;3;26;5
202100011587;181 015;7;0;2;1;26;1
202100011588;181 012;2;0;2;7;17;1
202100011588;181 013;7;0;2;3;26;1
202100011589;181 010;7;0;2;4;2;1
202100011589;181 011;30;0;2;1;2;1
202100011590;181 009;1;0;0;0;26;5
202100011591;181 007;7;0;2;6;2;2
202100011591;181 008;32;0;2;2;2;1
202100011592;181 006;30;0;0;8;1;1
202100011593;181 004;50;0;2;3;1;3
202100011593;181 005;10;0;2;3;16;1
202100011594;181 002;7;0;2;7;15;1
202100011594;181 003;2;0;2;1;1;1
202100011595;181 001;7;8;0;1;13;1
202100011596;181 000;7;0;1;3;1;1
202100011597;180 998;7;0;2;1;1;1
202100011597;180 999;7;0;2;4;1;1
202100011598;180 996;2;0;2;1;1;1
202100011598;180 997;7;0;2;3;15;1
202100011599;180 994;31;0;2;7;2;1
202100011599;180 995;7;0;2;3;15;1
202100011600;180 992;33;0;2;8;1;1
202100011600;180 993;7;0;2;1;15;1
202100011601;180 990;2;14;2;1;1;1
202100011601;180 991;7;14;2;5;15;1
202100011602;180 988;50;0;2;8;1;3
202100011602;180 989;7;0;9;1;15;1
202100011603;180 986;7;0;2;5;2;6
202100011603;180 987;33;0;2;1;26;1
202100011604;180 984;30;1;0;1;26;1
202100011604;180 985;7;0;2;2;24;1
202100011605;180 982;33;0;2;7;1;1
202100011605;180 983;7;0;2;0;0;1
202100011606;180 980;7;0;2;0;1;1
202100011606;180 981;7;0;2;2;15;1
202100011607;180 978;10;0;2;3;15;1
202100011607;180 979;33;0;2;2;1;1
202100011608;180 976;32;0;2;4;23;1
202100011608;180 977;7;0;2;3;1;1
202100011609;180 974;7;0;2;7;1;1
202100011609;180 975;7;0;2;5;20;1
202100011610;180 972;7;0;0;0;0;0
202100011610;180 973;7;0;0;3;0;0
202100011611;180 970;7;0;2;2;15;1
202100011611;180 971;32;0;2;1;7;1
202100011612;180 968;7;0;2;1;9;1
202100011612;180 969;7;0;2;7;1;1
202100011613;180 964;17;0;2;1;21;1
202100011613;180 965;7;0;2;1;13;1
202100011614;180 963;7;3;0;1;14;1
202100011615;180 962;1;12;0;1;0;5
202100011616;180 960;7;0;2;1;1;1
202100011616;180 961;7;0;2;4;1;1
202100011617;180 959;7;0;0;0;1;1
202100011618;180 957;7;0;2;3;15;1
202100011618;180 958;30;0;2;1;1;1
202100011619;180 955;7;0;2;1;1;1
202100011619;180 956;7;0;2;4;16;1
202100011620;180 954;7;15;0;2;2;1
202100011621;180 952;34;0;2;4;1;1
202100011621;180 953;7;0;2;1;11;1
202100011622;180 949;7;0;2;1;5;1
202100011622;180 950;7;0;2;1;0;1
202100011622;180 951;7;0;2;1;0;1
202100011623;180 944;15;0;2;1;1;1
202100011623;180 945;7;0;2;4;1;1
202100011624;180 942;10;0;2;0;10;1
202100011624;180 943;33;0;2;0;0;1
202100011625;180 941;7;0;1;0;9;1
202100011626;180 940;7;0;1;1;1;1
202100011627;180 938;1;0;2;0;0;0
202100011627;180 939;7;0;2;3;9;1
202100011628;180 936;1;0;2;8;1;0
202100011628;180 937;7;0;9;3;15;2
202100011629;180 935;7;0;1;2;2;1
202100011630;180 933;10;0;2;5;1;1
202100011630;180 934;43;0;2;3;3;1
202100011631;180 931;7;0;2;4;2;1
202100011631;180 932;10;0;2;1;2;1
202100011632;180 930;32;0;0;8;3;1
202100011633;180 929;30;0;0;3;1;3
202100011634;180 927;33;0;2;3;11;1
202100011634;180 928;7;0;2;2;12;1
202100011635;180 925;1;0;2;1;18;5
202100011635;180 926;7;0;2;7;16;1
202100011636;180 923;7;0;2;3;16;0
202100011636;180 924;32;0;2;4;1;1
202100011637;180 921;43;0;2;1;1;1
202100011637;180 922;7;0;2;5;15;1
202100011638;180 920;7;2;0;2;14;1
202100011639;180 918;7;0;2;2;1;1
202100011639;180 919;7;0;2;2;15;1
202100011640;180 917;50;0;0;0;1;3
202100011641;180 915;1;8;2;6;1;5
202100011641;180 916;37;0;2;7;14;2
202100011642;180 914;10;0;1;3;15;1
202100011643;180 913;33;0;1;7;1;1
202100011644;180 911;7;0;2;8;15;1
202100011644;180 912;32;0;2;3;1;1
202100011645;180 910;1;12;0;7;14;5
202100011646;180 908;2;0;2;4;23;3
202100011646;180 909;7;0;2;1;2;1
202100011647;180 906;7;0;2;3;1;1
202100011647;180 907;7;0;2;0;0;1
202100011648;180 904;50;0;2;1;1;3
202100011648;180 905;7;0;9;3;16;1
202100011649;180 902;32;1;0;3;1;1
202100011649;180 903;1;1;0;3;1;5
202100011650;180 900;31;0;2;2;1;1
202100011650;180 901;7;0;2;3;13;1
202100011651;180 899;7;0;1;1;1;1
202100011652;180 896;10;0;2;1;2;0
202100011652;180 897;7;0;2;4;2;1
202100011652;180 898;10;0;2;0;0;1
202100011653;180 894;7;0;2;0;26;1
202100011653;180 895;7;0;2;0;0;1
202100011654;180 893;7;0;1;2;1;1
202100011655;180 891;14;0;2;4;2;1
202100011655;180 892;7;0;2;4;0;2
202100011656;180 890;13;0;1;3;1;0
202100011657;180 889;7;0;1;2;15;1
202100011658;180 887;33;0;2;7;1;1
202100011658;180 888;7;0;2;1;15;1
202100011659;180 885;7;0;2;4;1;1
202100011659;180 886;7;0;2;4;2;1
202100011660;180 883;33;0;2;1;3;1
202100011660;180 884;7;0;2;3;23;1
202100011661;180 881;7;0;2;6;10;1
202100011661;180 882;32;0;2;1;1;1
202100011662;180 879;7;0;1;1;15;1
202100011662;180 880;7;0;2;1;23;1
202100011663;180 877;50;0;2;0;1;3
202100011663;180 878;50;0;2;0;1;3
202100011664;180 875;14;0;2;1;1;0
202100011664;180 876;7;0;2;1;26;1
202100011665;180 872;7;0;2;1;13;1
202100011665;180 873;10;0;0;3;23;1
202100011665;180 874;7;0;0;1;2;1
202100011666;180 870;43;0;2;1;2;1
202100011666;180 871;7;0;2;3;10;1
202100011667;180 868;7;0;2;2;15;1
202100011667;180 869;2;0;2;7;1;1
202100011668;180 866;43;0;2;1;1;1
202100011668;180 867;10;0;2;7;15;1
202100011669;180 864;7;0;2;3;15;1
202100011669;180 865;50;0;2;1;1;3
202100011670;180 863;7;0;1;2;1;1
202100011671;180 861;7;0;2;4;1;1
202100011671;180 862;7;0;2;1;1;1
202100011672;180 860;7;0;1;1;19;1
202100011673;180 858;7;0;2;6;20;1
202100011673;180 859;2;0;2;1;1;1
202100011674;180 857;7;0;1;2;26;1
202100011675;180 855;2;0;2;1;1;1
202100011675;180 856;7;16;2;1;15;1
202100011676;180 854;43;0;0;9;17;1
202100011677;180 853;13;0;1;3;1;1
202100011678;180 851;7;0;2;7;25;1
202100011678;180 852;50;0;2;1;25;3
202100011679;180 850;33;0;0;0;1;1
202100011680;180 848;7;0;1;1;2;0
202100011680;180 849;7;0;2;1;2;1
202100011681;180 847;50;0;1;1;1;3
202100011682;180 846;2;0;1;2;21;3
202100011683;180 844;33;0;2;3;1;1
202100011683;180 845;7;0;2;3;15;1
202100011684;180 842;7;0;2;1;1;1
202100011684;180 843;10;0;2;1;1;1
202100011685;180 839;7;0;2;7;1;1
202100011685;180 840;7;0;2;3;21;1
202100011685;180 841;7;0;2;3;5;1
202100011686;180 838;7;6;0;2;14;1
202100011687;180 837;17;0;1;7;14;1
202100011688;180 835;34;0;2;7;1;1
202100011688;180 836;7;0;2;1;19;1
202100011689;180 834;7;0;1;1;16;1
202100011690;180 832;7;0;2;1;1;1
202100011690;180 833;7;0;2;1;13;1
202100011691;180 831;33;13;0;3;17;1
202100011692;180 830;7;1;9;1;1;1
202100011693;180 829;31;0;0;8;1;1
202100011694;180 827;33;0;2;3;17;1
202100011694;180 828;7;0;2;3;1;1
202100011695;180 826;7;16;0;9;1;1
202100011696;180 825;7;0;0;9;1;1
202100011697;180 823;7;0;2;1;13;1
202100011697;180 824;15;4;2;2;1;1
202100011698;180 822;7;0;1;3;1;1
202100011699;180 821;2;14;0;1;1;1
202100011700;180 819;33;0;2;7;17;1
202100011700;180 820;7;0;2;8;17;1
202100011701;180 818;7;8;0;2;1;1
202100011702;180 816;7;0;2;1;13;1
202100011702;180 817;7;0;2;1;1;1
202100011703;180 815;7;6;0;1;1;1
202100011704;180 813;7;0;2;1;1;1
202100011704;180 814;2;0;2;1;5;1
202100011705;180 811;10;0;2;2;10;1
202100011705;180 812;1;0;2;1;1;5
202100011706;180 809;7;0;2;3;15;1
202100011706;180 810;33;0;2;2;17;1
202100011707;180 807;2;0;2;4;15;1
202100011707;180 808;7;0;2;2;17;1
202100011708;180 805;7;0;2;1;1;1
202100011708;180 806;10;0;2;7;19;1
202100011709;180 800;33;0;2;9;13;1
202100011709;180 801;33;8;2;8;1;1
202100011709;180 802;33;0;2;1;1;1
202100011710;180 799;33;0;0;8;1;1
202100011711;180 796;7;0;2;1;15;1
202100011711;180 797;7;0;2;1;1;1
202100011712;180 794;7;0;2;1;15;1
202100011712;180 795;33;0;2;1;1;1
202100011713;180 793;33;3;0;0;1;1
202100011714;180 792;7;7;0;1;16;1
202100011715;180 788;7;0;2;4;13;1
202100011715;180 789;7;0;2;8;1;1
202100011715;180 790;7;0;2;6;23;1
202100011715;180 791;7;0;2;2;1;1
202100011716;180 787;1;0;0;0;1;5
202100011717;180 785;7;0;2;1;1;1
202100011717;180 786;7;0;2;8;16;1
202100011718;180 782;2;0;2;1;1;1
202100011718;180 783;7;0;0;3;23;1
202100011718;180 784;10;0;0;5;15;1
202100011719;180 780;7;0;2;3;1;1
202100011719;180 781;7;0;2;6;5;1
202100011720;180 778;7;0;0;6;15;1
202100011720;180 779;10;0;2;2;17;1
202100011721;180 776;7;13;2;3;13;1
202100011721;180 777;20;0;2;3;1;1
202100011722;180 775;7;11;0;1;1;1
202100011723;180 774;7;15;0;9;13;1
202100011724;180 773;10;0;1;1;16;1
202100011725;180 771;33;14;0;1;1;1
202100011726;180 769;10;0;2;3;15;1
202100011726;180 770;2;0;2;1;1;1
202100011727;180 767;7;0;9;2;1;1
202100011727;180 768;1;0;0;8;1;5
202100011728;180 766;7;6;0;2;1;1
202100011729;180 765;3;0;1;1;11;0
202100011730;180 763;7;0;2;1;5;1
202100011730;180 764;7;0;2;1;1;1
202100011731;180 761;2;0;2;1;1;1
202100011731;180 762;7;0;2;5;15;1
202100011732;180 760;7;4;0;1;0;1
202100011733;180 758;7;0;2;2;12;1
202100011733;180 759;7;0;2;3;1;1
202100011734;180 755;7;0;2;5;1;1
202100011734;180 756;33;0;2;0;0;1
202100011734;180 757;7;0;2;3;11;1
202100011735;180 752;7;0;2;4;0;6
202100011735;180 753;7;0;2;4;2;1
202100011735;180 754;7;0;2;1;2;0
202100011736;180 749;17;0;9;0;2;1
202100011736;180 750;7;14;2;1;2;1
202100011736;180 751;7;0;2;1;2;1
202100011737;180 747;17;0;2;4;2;1
202100011737;180 748;17;3;2;1;2;1
202100011738;180 743;7;0;2;4;2;1
202100011738;180 744;7;0;2;4;2;1
202100011738;180 745;7;0;2;4;2;1
202100011738;180 746;7;0;2;1;1;1
202100011739;180 741;10;0;2;5;1;1
202100011739;180 742;33;0;2;1;21;1
202100011740;180 738;7;0;2;1;2;1
202100011740;180 739;7;0;2;4;2;1
202100011740;180 740;7;0;2;4;2;1
202100011741;180 737;7;4;0;3;21;1
202100011742;180 735;7;0;2;1;2;1
202100011742;180 736;10;0;2;4;2;1
202100011743;180 728;7;0;2;4;1;1
202100011743;180 729;7;0;2;4;1;1
202100011743;180 730;10;0;2;4;23;1
202100011743;180 731;7;0;2;1;1;1
202100011743;180 732;10;0;2;1;1;1
202100011743;180 733;7;0;2;4;1;0
202100011743;180 734;7;0;2;4;1;1
202100011744;180 725;7;0;2;4;2;1
202100011744;180 726;7;0;2;4;2;1
202100011744;180 727;7;0;2;1;2;1
202100011745;180 722;7;0;2;4;1;1
202100011745;180 723;10;0;2;4;1;0
202100011745;180 724;10;0;2;1;1;1
202100011746;180 721;10;0;1;1;21;1
202100011747;180 719;7;4;0;0;0;1
202100011747;180 720;7;4;0;0;26;1
202100011748;180 717;7;0;2;4;2;1
202100011748;180 718;10;0;2;1;2;1
202100011749;180 716;32;4;0;2;1;1
202100011750;180 711;7;0;2;1;1;1
202100011750;180 712;13;0;2;4;1;1
202100011750;180 713;7;0;2;4;1;1
202100011750;180 714;7;0;2;4;1;1
202100011750;180 715;7;0;2;1;1;1
202100011751;180 709;7;0;2;1;1;1
202100011751;180 710;7;4;2;7;13;1
202100011752;180 708;80;0;1;1;0;3
202100011753;180 707;7;0;1;1;1;1
202100011754;180 706;7;0;1;1;0;1
202100011755;180 705;7;0;1;1;16;1
202100011756;180 701;7;0;2;7;19;1
202100011756;180 702;7;0;2;1;1;1
202100011757;180 699;30;0;2;1;1;1
202100011757;180 700;30;0;2;4;23;0
202100011758;180 696;10;0;1;1;26;1
202100011759;180 694;7;0;2;3;1;1
202100011759;180 695;31;0;2;4;15;1
202100011760;180 691;7;0;0;7;2;1
202100011760;180 692;7;0;2;4;23;1
202100011760;180 693;33;0;2;1;2;1
202100011761;180 690;10;0;9;8;1;1
202100011762;180 688;33;0;2;0;0;1
202100011762;180 689;32;0;2;0;0;1
202100011763;180 686;7;0;2;8;13;1
202100011763;180 687;33;0;2;7;1;1
202100011764;180 685;33;0;1;0;26;1
202100011765;180 682;7;0;2;1;26;1
202100011765;180 683;7;0;2;4;26;1
202100011765;180 684;7;0;2;1;26;1
202100011766;180 681;50;0;0;0;25;3
202100011767;180 679;7;0;2;0;0;1
202100011767;180 680;7;0;2;1;1;1
202100011768;180 675;7;0;2;8;11;1
202100011768;180 676;7;0;2;1;1;1
202100011769;180 674;7;0;1;1;1;1
202100011770;180 672;7;0;2;1;1;1
202100011770;180 673;7;0;2;8;1;2
202100011771;180 669;1;0;2;1;21;0
202100011771;180 670;7;0;2;6;1;1
202100011771;180 671;7;0;2;1;1;1
202100011772;180 667;1;0;2;7;25;0
202100011772;180 668;7;0;2;1;1;1
202100011773;180 666;10;0;1;2;1;1
202100011774;180 665;7;0;1;1;1;1
202100011775;180 663;31;0;2;1;13;1
202100011775;180 664;7;0;2;1;1;1
202100011776;180 661;10;2;2;3;9;1
202100011776;180 662;31;2;2;1;1;1
202100011777;180 659;7;0;2;7;15;1
202100011777;180 660;32;0;2;1;8;1
202100011778;180 658;7;9;0;2;14;1
202100011779;180 657;30;0;1;1;13;1
202100011780;180 654;7;0;2;1;1;1
202100011780;180 655;7;0;2;4;1;1
202100011780;180 656;7;0;2;4;1;1
202100011781;180 653;2;0;1;2;1;1
202100011782;180 651;7;0;2;4;2;1
202100011782;180 652;43;0;2;1;2;1
202100011783;180 650;7;0;0;9;26;1
202100011784;180 648;7;0;2;6;2;1
202100011784;180 649;10;0;2;2;2;1
202100011785;180 647;7;12;0;1;1;1
202100011786;180 645;7;0;2;3;15;1
202100011786;180 646;50;0;2;3;5;3
202100011787;180 643;7;0;2;2;15;1
202100011787;180 644;7;0;2;3;1;1
202100011788;180 642;1;0;1;0;25;5
202100011789;180 641;7;0;1;0;0;1
202100011790;180 639;7;0;2;2;0;1
202100011790;180 640;7;0;2;0;0;1
202100011791;180 638;10;0;1;1;1;1
202100011792;180 636;1;0;2;2;19;5
202100011792;180 637;7;0;2;3;1;1
202100011793;180 634;7;0;2;1;2;1
202100011793;180 635;7;0;2;4;2;1
202100011794;180 633;7;0;1;1;1;1
202100011795;180 632;14;0;1;0;15;1
202100011796;180 630;7;0;2;1;1;0
202100011796;180 631;7;0;2;1;13;0
202100011797;180 629;7;0;0;9;0;1
202100011798;180 627;31;0;2;3;26;1
202100011798;180 628;7;0;2;0;0;1
202100011799;180 625;60;0;2;1;1;5
202100011799;180 626;7;0;9;2;12;1
202100011800;180 623;15;0;2;3;1;1
202100011800;180 624;7;0;2;1;13;1
202100011801;180 622;7;0;1;2;15;1
202100011802;180 621;7;0;1;1;16;1
202100011803;180 620;7;0;1;7;1;0
202100011804;180 618;60;0;2;3;26;5
202100011804;180 619;7;0;2;2;1;1
202100011805;180 616;7;0;2;3;2;1
202100011805;180 617;1;0;2;4;2;5
202100011806;180 615;30;0;0;7;26;3
202100011807;180 614;1;0;0;1;26;5
202100011808;180 612;40;0;2;1;1;3
202100011808;180 613;1;0;4;2;14;5
202100011809;180 610;7;0;2;2;15;1
202100011809;180 611;33;0;2;1;0;1
202100011810;180 609;7;4;0;1;9;1
202100011811;180 608;10;0;1;1;9;1
202100011812;180 607;33;0;1;1;1;1
202100011813;180 605;1;0;2;4;19;5
202100011813;180 606;30;0;2;1;19;1
202100011814;180 603;7;0;2;1;1;1
202100011814;180 604;31;0;2;1;1;2
202100011815;180 601;7;1;2;3;21;1
202100011815;180 602;1;0;2;3;19;5
202100011816;180 600;7;0;1;3;26;1
202100011817;180 598;7;0;2;3;11;1
202100011817;180 599;30;0;2;3;0;1
202100011818;180 597;1;1;0;1;1;5
202100011819;180 596;10;0;1;2;1;1
202100011820;180 594;7;0;0;4;2;1
202100011820;180 595;7;0;2;1;12;1
202100011821;180 592;1;1;0;1;1;5
202100011821;180 593;7;0;9;3;9;1
202100011822;180 591;7;0;1;2;15;1
202100011823;180 589;7;0;2;5;23;0
202100011823;180 590;7;5;2;3;26;1
202100011824;180 587;7;0;2;5;15;1
202100011824;180 588;2;0;2;3;2;1
202100011825;180 584;30;0;0;0;9;1
202100011826;180 583;7;2;0;2;15;1
202100011827;180 581;3;0;2;0;0;0
202100011827;180 582;32;0;2;8;1;1
202100011828;180 579;7;0;2;7;15;1
202100011828;180 580;7;0;2;3;19;1
202100011829;180 577;7;0;2;3;9;1
202100011829;180 578;34;0;2;1;1;1
202100011830;180 576;30;0;1;1;1;1
202100011831;180 575;30;1;0;7;14;1
202100011832;180 573;30;0;9;1;1;1
202100011832;180 574;30;0;9;4;1;1
202100011833;180 571;7;0;2;4;1;1
202100011833;180 572;2;0;2;1;2;1
202100011834;180 569;7;0;2;1;1;1
202100011834;180 570;1;0;2;1;1;5
202100011835;180 566;7;0;2;4;2;1
202100011835;180 567;7;1;0;0;0;1
202100011835;180 568;7;1;0;0;0;1
202100011836;180 564;1;0;2;1;25;0
202100011836;180 565;7;0;9;2;26;1
202100011837;180 563;7;9;0;1;0;1
202100011838;180 558;7;0;2;1;1;1
202100011838;180 559;32;0;2;1;2;1
202100011838;180 560;7;0;2;4;2;1