Num_Acc;id_vehicule;categorie_vehicule;obstacle_fixe;obstacle_mobile;point_choc_initial;manoeuvre_principale;motorisation
202100011838;180 561;7;0;2;6;1;1
202100011838;180 562;43;0;2;2;3;1
202100011839;180 556;17;0;2;1;1;1
202100011839;180 557;7;0;2;4;11;2
202100011840;180 555;33;0;1;3;1;1
202100011841;180 553;37;0;2;1;1;2
202100011841;180 554;80;0;2;1;5;3
202100011842;180 552;80;0;1;1;8;3
202100011843;180 549;33;0;2;8;17;1
202100011843;180 550;7;0;2;8;13;1
202100011843;180 551;7;0;2;3;24;1
202100011844;180 547;1;0;2;1;1;5
202100011844;180 548;7;0;2;2;16;1
202100011845;180 546;30;0;1;1;7;1
202100011846;180 544;30;0;2;3;7;3
202100011846;180 545;7;0;2;5;16;1
202100011847;180 543;33;0;0;7;9;1
202100011848;180 542;32;14;2;3;21;1
202100011849;180 541;1;0;1;1;1;5
202100011850;180 540;1;0;0;0;1;5
202100011851;180 539;1;0;1;1;21;5
202100011852;180 537;1;0;2;8;1;5
202100011852;180 538;14;0;2;2;15;1
202100011853;180 536;32;0;1;1;17;1
202100011854;180 534;7;0;2;1;5;1
202100011854;180 535;30;0;2;1;1;1
202100011855;180 533;32;0;1;0;1;1
202100011856;180 531;31;0;2;4;1;1
202100011856;180 532;10;0;2;3;2;1
202100011857;180 529;10;0;2;1;1;1
202100011857;180 530;1;0;2;7;1;5
202100011858;180 527;7;0;2;1;1;1
202100011858;180 528;7;0;2;1;10;1
202100011859;180 525;7;0;2;1;1;1
202100011859;180 526;2;0;2;3;16;3
202100011860;180 522;2;0;2;1;0;1
202100011860;180 523;10;0;2;3;15;1
202100011861;180 521;7;0;1;1;15;1
202100011862;180 519;13;0;2;3;16;1
202100011862;180 520;7;0;2;3;13;1
202100011863;180 516;10;0;2;0;2;1
202100011863;180 517;10;0;2;4;2;1
202100011863;180 518;7;0;2;4;2;1
202100011864;180 514;33;0;2;1;1;1
202100011864;180 515;10;0;2;7;15;1
202100011865;180 511;34;0;0;0;0;0
202100011865;180 512;7;0;2;3;11;0
202100011866;180 509;2;0;2;1;21;0
202100011866;180 510;3;0;2;3;1;0
202100011867;180 507;7;0;2;4;2;0
202100011867;180 508;33;0;2;1;2;0
202100011868;180 506;32;0;2;7;1;1
202100011869;180 505;30;12;2;8;17;1
202100011870;180 502;7;0;2;3;23;1
202100011870;180 503;10;0;2;8;1;1
202100011870;180 504;10;0;2;1;11;1
202100011871;180 501;7;9;0;1;16;1
202100011872;180 500;31;0;0;2;1;1
202100011873;180 499;13;0;1;3;1;1
202100011874;180 498;7;0;1;6;1;1
202100011875;180 496;7;0;2;1;1;1
202100011875;180 497;7;0;2;2;9;1
202100011876;180 495;7;0;1;4;26;0
202100011877;180 493;7;0;0;3;13;1
202100011877;180 494;7;0;0;8;26;1
202100011878;180 491;60;0;2;3;1;5
202100011878;180 492;7;0;2;1;25;1
202100011879;180 490;99;13;0;8;13;1
202100011880;180 488;7;0;2;3;11;1
202100011880;180 489;33;0;2;7;1;1
202100011881;180 487;10;0;1;2;16;1
202100011882;180 485;7;0;2;3;15;1
202100011882;180 486;32;0;2;2;13;1
202100011883;180 484;7;0;1;2;1;1
202100011884;180 482;7;0;2;1;1;1
202100011884;180 483;7;0;2;1;5;1
202100011885;180 481;7;0;1;1;1;1
202100011886;180 478;50;0;2;8;19;3
202100011886;180 479;7;0;2;1;1;1
202100011886;180 480;7;0;2;3;1;1
202100011887;180 476;7;0;2;1;13;1
202100011887;180 477;7;0;2;1;1;1
202100011888;180 474;7;0;2;1;13;1
202100011888;180 475;7;0;2;1;1;1
202100011889;180 473;7;6;0;8;20;1
202100011890;180 472;7;0;1;6;15;1
202100011891;180 470;2;0;2;1;1;1
202100011891;180 471;7;0;2;3;1;1
202100011892;180 469;7;3;0;3;12;1
202100011893;180 467;1;0;2;8;1;5
202100011893;180 468;10;0;2;0;1;0
202100011894;180 465;33;0;0;1;2;1
202100011894;180 466;7;0;0;4;15;1
202100011895;180 463;7;0;2;2;0;1
202100011895;180 464;13;0;2;2;0;1
202100011896;180 462;7;0;1;2;1;1
202100011897;180 460;1;0;2;1;1;5
202100011897;180 461;7;0;2;1;1;1
202100011898;180 458;7;0;0;8;9;1
202100011898;180 459;10;0;2;1;1;1
202100011899;180 456;7;0;2;3;0;1
202100011899;180 457;7;0;2;3;0;1
202100011900;180 454;7;0;2;3;19;1
202100011900;180 455;34;0;2;1;17;1
202100011901;180 453;13;10;0;4;1;1
202100011902;180 450;16;0;0;0;0;1
202100011902;180 451;7;1;0;1;21;1
202100011902;180 452;7;0;2;2;17;1
202100011903;180 448;7;0;2;2;26;1
202100011903;180 449;2;0;2;1;1;1
202100011904;180 447;7;2;0;1;13;1
202100011905;180 445;7;0;2;3;13;3
202100011905;180 446;13;0;2;1;21;1
202100011906;180 443;31;0;2;1;1;1
202100011906;180 444;7;0;0;4;23;1
202100011907;180 441;7;0;2;1;1;1
202100011907;180 442;7;0;2;2;15;1
202100011908;180 437;7;0;2;1;15;1
202100011908;180 438;2;0;0;2;1;1
202100011909;180 436;7;2;0;7;1;0
202100011910;180 435;10;0;1;3;13;1
202100011911;180 433;7;8;0;3;1;1
202100011911;180 434;7;8;0;2;14;1
202100011912;180 432;7;2;0;1;0;1
202100011913;180 431;7;13;0;2;13;1
202100011914;180 430;7;2;0;9;0;1
202100011915;180 428;7;0;2;6;15;0
202100011915;180 429;32;0;2;7;17;1
202100011916;180 427;7;0;1;1;1;1
202100011917;180 425;1;0;2;1;15;5
202100011917;180 426;7;0;2;1;6;1
202100011918;180 424;13;2;0;3;1;1
202100011919;180 421;17;0;1;2;1;1
202100011920;180 419;7;0;2;1;13;1
202100011920;180 420;7;0;2;1;1;1
202100011921;180 417;14;0;2;6;26;1
202100011921;180 418;7;0;2;2;1;1
202100011922;180 415;7;0;0;4;2;1
202100011922;180 416;7;0;2;1;2;1
202100011923;180 411;31;0;6;1;1;1
202100011923;180 412;7;0;6;3;1;1
202100011924;180 409;7;0;2;3;17;1
202100011924;180 410;7;0;2;8;1;1
202100011925;180 408;7;0;1;1;1;1
202100011926;180 407;31;0;0;0;0;1
202100011927;180 405;7;7;0;4;16;1
202100011927;180 406;7;0;2;1;1;1
202100011928;180 403;31;0;2;1;17;1
202100011928;180 404;7;0;2;3;15;1
202100011929;180 401;7;0;2;1;15;1
202100011929;180 402;2;0;2;8;0;1
202100011930;180 399;7;13;2;4;2;1
202100011930;180 400;10;0;2;1;2;1
202100011931;180 397;7;0;0;5;1;1
202100011931;180 398;10;0;2;1;9;1
202100011932;180 396;7;9;0;9;1;1
202100011933;180 395;7;0;1;1;0;1
202100011934;180 394;7;0;1;2;1;1
202100011935;180 393;7;0;1;2;1;1
202100011936;180 390;7;0;2;8;1;1
202100011936;180 391;7;0;2;3;9;3
202100011936;180 392;7;0;2;3;17;1
202100011937;180 388;7;0;2;1;1;1
202100011937;180 389;7;0;0;3;1;1
202100011938;180 386;7;0;2;1;0;1
202100011938;180 387;7;0;2;4;24;1
202100011939;180 385;7;4;0;3;1;1
202100011940;180 383;10;0;2;4;2;1
202100011940;180 384;10;0;2;1;2;1
202100011941;180 382;33;14;0;2;1;1
202100011942;180 379;10;0;2;8;1;1
202100011942;180 380;7;0;2;7;1;1
202100011942;180 381;7;0;2;8;2;1
202100011943;180 375;7;0;2;4;2;3
202100011943;180 376;7;0;2;4;2;1
202100011943;180 377;7;0;2;4;2;1
202100011943;180 378;7;0;2;1;2;1
202100011944;180 373;10;0;2;5;12;1
202100011944;180 374;31;0;2;1;3;1
202100011945;180 371;31;0;2;1;3;1
202100011945;180 372;10;0;2;7;12;1
202100011946;180 369;7;4;2;7;1;1
202100011946;180 370;7;0;2;8;11;1
202100011947;180 367;7;0;2;4;2;1
202100011947;180 368;7;0;2;1;2;1
202100011948;180 365;33;0;2;8;3;1
202100011948;180 366;10;0;2;0;0;1
202100011949;180 364;33;3;0;9;1;1
202100011950;180 363;7;4;0;8;1;1
202100011951;180 361;7;0;2;6;0;1
202100011951;180 362;7;4;2;1;2;1
202100011952;180 359;7;0;2;8;11;1
202100011952;180 360;32;0;2;7;3;1
202100011953;180 357;7;0;2;1;1;1
202100011953;180 358;10;0;2;4;1;1
202100011954;180 354;7;0;2;2;12;1
202100011954;180 355;10;0;2;6;1;1
202100011954;180 356;15;0;2;6;1;1
202100011955;180 352;33;0;2;8;3;1
202100011955;180 353;7;0;2;5;12;3
202100011956;180 351;7;15;0;0;1;1
202100011957;180 349;60;0;2;7;1;5
202100011957;180 350;7;0;9;1;9;1
202100011958;180 348;7;2;0;2;1;1
202100011959;180 346;1;0;2;4;1;5
202100011959;180 347;7;0;2;1;1;1
202100011960;180 342;7;0;2;4;1;1
202100011960;180 343;7;0;2;1;1;1
202100011961;180 340;33;0;2;1;1;1
202100011961;180 341;7;0;2;2;15;2
202100011962;180 339;7;13;0;0;0;1
202100011963;180 336;7;0;2;3;1;1
202100011963;180 337;1;0;2;1;1;5
202100011963;180 338;33;0;2;1;17;1
202100011964;180 334;80;0;2;1;2;3
202100011964;180 335;15;0;2;4;1;1
202100011965;180 332;7;0;2;1;2;0
202100011965;180 333;2;0;2;6;2;1
202100011966;180 330;7;0;9;3;15;1
202100011966;180 331;1;0;2;3;1;5
202100011967;180 328;2;0;2;1;1;1
202100011967;180 329;1;0;2;7;19;0
202100011968;180 326;10;0;2;3;15;1
202100011968;180 327;30;0;2;7;17;1
202100011969;180 325;31;12;0;1;1;1
202100011970;180 323;7;0;2;3;15;0
202100011970;180 324;30;0;2;2;5;1
202100011971;180 321;10;0;2;2;1;1
202100011971;180 322;1;0;2;0;0;
202100011972;180 319;50;0;2;7;1;3
202100011972;180 320;7;0;2;1;1;2
202100011973;180 317;7;0;2;8;2;1
202100011973;180 318;7;0;2;0;0;1
202100011974;180 314;7;1;2;5;24;1
202100011974;180 315;7;1;2;3;1;1
202100011974;180 316;7;0;2;1;9;1
202100011975;180 313;7;0;1;3;1;0
202100011976;180 311;7;0;2;1;13;1
202100011976;180 312;15;0;2;2;21;1
202100011977;180 310;7;0;1;3;1;1
202100011978;180 308;50;0;2;1;1;3
202100011978;180 309;7;0;2;3;9;1
202100011979;180 306;7;0;2;2;17;1
202100011979;180 307;33;0;2;8;1;1
202100011980;180 305;7;0;1;1;1;1
202100011981;180 302;10;0;2;1;2;1
202100011981;180 303;7;0;2;4;2;1
202100011981;180 304;7;0;0;4;2;1
202100011982;180 300;10;0;2;2;15;1
202100011982;180 301;7;0;2;1;1;1
202100011983;180 298;31;0;2;1;1;1
202100011983;180 299;7;0;2;7;10;1
202100011984;180 297;33;14;0;1;1;1
202100011985;180 295;7;0;2;1;13;1
202100011985;180 296;7;0;2;0;0;1
202100011986;180 291;10;0;2;8;2;1
202100011986;180 292;10;0;2;8;1;1
202100011986;180 293;7;0;2;8;1;1
202100011986;180 294;33;0;2;3;17;1
202100011987;180 289;33;0;2;1;17;1
202100011987;180 290;7;0;2;0;15;1
202100011988;180 288;7;14;0;1;1;1
202100011989;180 284;10;0;2;1;2;1
202100011989;180 285;7;0;2;1;2;1
202100011989;180 286;10;0;2;1;2;1
202100011989;180 287;7;0;2;4;2;1
202100011990;180 282;31;0;2;7;0;1
202100011990;180 283;7;0;2;1;9;1
202100011991;180 281;7;1;0;1;13;1
202100011992;180 279;30;0;2;7;1;1
202100011992;180 280;7;0;2;8;1;1
202100011993;180 277;7;0;2;1;2;1
202100011993;180 278;7;0;2;4;2;1
202100011994;180 276;7;0;1;2;1;1
202100011995;180 274;7;0;2;1;1;1
202100011995;180 275;7;0;2;1;15;1
202100011996;180 272;7;0;9;1;1;1
202100011996;180 273;50;0;2;7;26;3
202100011997;180 268;7;0;2;4;2;2
202100011997;180 269;7;0;2;4;2;1
202100011997;180 270;7;0;2;4;2;1
202100011997;180 271;7;0;2;1;2;1
202100011998;180 266;37;0;2;7;0;1
202100011998;180 267;33;0;2;1;9;1
202100011999;180 264;7;0;2;4;2;1
202100011999;180 265;7;0;2;1;2;1
202100012000;180 262;30;0;2;1;26;1
202100012000;180 263;7;0;2;1;1;1
202100012001;180 261;7;1;0;3;13;1
202100012002;180 259;2;0;2;1;1;3
202100012002;180 260;7;0;2;2;19;1
202100012003;180 257;1;0;2;1;0;5
202100012003;180 258;7;0;2;3;9;1
202100012004;180 255;31;0;2;1;1;1
202100012004;180 256;7;0;2;5;15;1
202100012005;180 253;3;0;2;3;15;1
202100012005;180 254;2;0;2;1;1;1
202100012006;180 251;7;0;2;4;23;1
202100012006;180 252;33;0;2;1;2;1
202100012007;180 249;30;0;2;1;1;1
202100012007;180 250;7;0;2;5;23;1
202100012008;180 246;7;0;2;4;26;1
202100012008;180 247;7;0;2;1;26;1
202100012008;180 248;7;0;2;4;26;1
202100012009;180 244;7;0;2;1;1;1
202100012009;180 245;7;0;2;7;15;1
202100012010;180 242;7;0;2;1;26;1
202100012010;180 243;7;0;0;5;1;1
202100012011;180 240;50;0;9;7;1;3
202100012011;180 241;7;14;0;1;19;0
202100012012;180 239;7;0;1;1;9;1
202100012013;180 238;7;0;1;1;1;1
202100012014;180 237;7;13;0;1;14;1
202100012015;180 235;33;0;2;1;1;1
202100012015;180 236;7;0;2;3;20;1
202100012016;180 232;7;0;1;5;1;1
202100012017;180 231;7;0;1;2;7;1
202100012018;180 229;7;0;2;3;26;1
202100012018;180 230;30;0;2;2;17;1
202100012019;180 227;7;0;2;3;9;1
202100012019;180 228;30;0;2;7;1;1
202100012020;180 225;7;0;2;8;10;1
202100012020;180 226;33;0;2;1;1;1
202100012021;180 223;33;0;2;1;1;1
202100012021;180 224;7;0;2;7;15;1
202100012022;180 221;43;0;2;8;9;1
202100012022;180 222;7;0;2;1;9;1
202100012023;180 219;10;0;2;5;17;1
202100012023;180 220;1;0;2;3;1;5
202100012024;180 217;7;0;2;8;1;1
202100012024;180 218;7;0;2;3;1;1
202100012025;180 215;1;0;2;1;2;5
202100012025;180 216;7;0;2;3;9;1
202100012026;180 213;37;0;2;2;1;1
202100012026;180 214;7;8;2;2;19;1
202100012027;180 212;7;0;1;2;1;1
202100012028;180 209;7;0;2;4;2;1
202100012028;180 210;7;7;0;4;2;1
202100012028;180 211;7;0;2;1;26;1
202100012029;180 208;7;2;0;1;13;1
202100012030;180 206;7;14;2;1;1;1
202100012030;180 207;10;10;2;3;1;1
202100012031;180 204;43;0;2;2;1;1
202100012031;180 205;7;0;2;3;15;1
202100012032;180 202;34;0;2;8;1;1
202100012032;180 203;7;0;2;1;1;0
202100012033;180 200;7;0;2;1;2;1
202100012033;180 201;7;0;2;1;17;1
202100012034;180 199;7;0;1;3;1;1
202100012035;180 197;32;0;2;7;1;1
202100012035;180 198;10;0;2;1;1;0
202100012036;180 195;7;0;2;3;9;1
202100012036;180 196;7;0;2;2;1;1
202100012037;180 193;30;0;2;2;1;1
202100012037;180 194;7;0;2;1;1;1
202100012038;180 192;7;0;2;1;1;1
202100012039;180 191;10;6;0;1;0;1
202100012040;180 188;7;0;2;8;11;1
202100012040;180 189;34;0;2;7;3;1
202100012040;180 190;7;0;2;7;1;1
202100012041;180 185;7;0;2;1;2;1
202100012041;180 186;7;0;2;4;2;1
202100012041;180 187;7;0;2;4;2;2
202100012042;180 183;7;0;2;6;4;1
202100012042;180 184;30;0;2;1;2;3
202100012043;180 181;14;0;2;7;14;1
202100012043;180 182;1;0;2;3;1;5
202100012044;180 180;30;0;0;0;1;3
202100012045;180 178;10;0;4;8;10;1
202100012045;180 179;40;0;2;2;1;3
202100012046;180 176;50;0;2;3;1;3
202100012046;180 177;7;0;2;2;17;0
202100012047;180 175;7;8;0;3;9;1
202100012048;180 173;7;0;2;4;4;1
202100012048;180 174;1;0;2;7;9;5
202100012049;180 172;43;0;1;1;1;1
202100012050;180 171;43;0;1;1;1;1
202100012051;180 170;32;0;0;0;18;1
202100012052;180 168;7;0;2;3;16;1
202100012052;180 169;50;0;2;1;1;3
202100012053;180 166;10;0;2;8;22;1
202100012053;180 167;1;0;2;1;1;5
202100012054;180 164;32;0;2;1;13;1
202100012054;180 165;7;0;2;1;1;1
202100012055;180 162;7;0;2;2;1;1
202100012055;180 163;80;0;2;3;1;3
202100012056;180 160;7;0;2;5;23;1
202100012056;180 161;33;1;0;1;26;1
202100012057;180 158;7;0;2;3;1;1
202100012057;180 159;7;0;2;1;19;1
202100012058;180 156;7;0;2;2;1;1
202100012058;180 157;7;0;2;1;15;1
202100012059;180 154;7;0;2;1;2;1
202100012059;180 155;7;0;2;3;9;1
202100012060;180 153;7;0;1;3;1;1
202100012061;180 152;7;0;1;2;26;0
202100012062;180 151;31;0;0;8;1;1
202100012063;180 150;7;0;1;3;16;1
202100012064;180 148;7;0;2;1;1;1
202100012064;180 149;7;0;2;3;15;1
202100012065;180 147;7;0;1;3;1;1
202100012066;180 144;10;1;2;6;0;1
202100012066;180 145;7;2;2;1;12;1
202100012066;180 146;7;16;2;4;1;1
202100012067;180 142;7;1;2;3;1;1
202100012067;180 143;10;0;0;0;0;1
202100012068;180 140;43;0;2;1;1;1
202100012068;180 141;10;0;2;4;26;1
202100012069;180 139;10;0;1;3;15;1
202100012070;180 138;50;0;0;0;1;3
202100012071;180 136;10;0;2;5;16;1
202100012071;180 137;1;0;2;8;16;5
202100012072;180 134;7;0;2;0;2;1
202100012072;180 135;7;0;2;0;0;1
202100012073;180 133;30;0;0;0;3;1
202100012074;180 131;7;0;2;0;13;3
202100012074;180 132;2;0;2;7;17;3
202100012075;180 130;13;6;0;3;1;1
202100012076;180 129;7;15;1;1;16;1
202100012077;180 127;50;0;2;1;25;3
202100012077;180 128;1;0;2;1;5;5
202100012078;180 126;1;0;1;1;1;5
202100012079;180 124;31;0;2;1;1;1
202100012079;180 125;10;0;2;5;12;1
202100012080;180 122;20;0;2;1;1;1
202100012080;180 123;32;6;2;1;17;1
202100012081;180 119;7;1;0;1;2;1
202100012081;180 120;10;0;2;4;23;1
202100012081;180 121;7;0;2;4;23;1
202100012082;180 117;7;0;2;6;13;1
202100012082;180 118;37;0;2;1;1;1
202100012083;180 115;31;0;2;1;1;1
202100012083;180 116;7;0;2;3;15;0
202100012084;180 114;7;0;1;1;1;1
202100012085;180 112;15;0;0;4;2;1
202100012085;180 113;7;0;2;1;2;1
202100012086;180 111;7;0;1;1;1;1
202100012087;180 110;31;12;0;1;1;1
202100012088;180 109;33;0;0;7;26;1
202100012089;180 107;33;0;2;1;1;1
202100012089;180 108;7;0;0;7;19;1
202100012090;180 104;7;0;2;2;1;1
202100012090;180 105;35;0;2;3;9;1
202100012091;180 103;7;2;0;3;0;1
202100012092;180 101;21;0;0;4;15;1
202100012092;180 102;2;0;9;1;17;1
202100012093;180 100;7;4;0;9;1;1
202100012094;180 098;7;0;2;1;1;1
202100012094;180 099;7;0;2;8;1;1
202100012095;180 097;7;17;0;1;5;1
202100012096;180 095;10;0;9;2;1;1
202100012096;180 096;1;0;2;4;1;0
202100012097;180 093;7;0;2;1;1;1
202100012097;180 094;7;0;2;8;17;1
202100012098;180 091;31;0;2;1;17;1
202100012098;180 092;10;0;0;6;11;1
202100012099;180 090;3;0;0;9;14;1
202100012100;180 089;7;0;1;2;0;1
202100012101;180 086;7;13;0;2;1;1
202100012102;180 082;33;0;2;1;1;1
202100012102;180 083;7;0;2;2;15;1
202100012103;180 080;7;0;2;1;13;1
202100012103;180 081;7;0;2;1;0;1
202100012104;180 078;7;0;2;8;19;1
202100012104;180 079;10;0;2;1;1;1
202100012105;180 076;7;0;2;1;1;1
202100012105;180 077;7;0;2;2;19;1
202100012106;180 074;10;3;2;3;1;1
202100012106;180 075;17;0;2;6;1;1
202100012107;180 072;7;0;2;2;25;2
202100012107;180 073;50;0;2;2;25;3
202100012108;180 070;17;0;2;1;0;1
202100012108;180 071;7;0;2;1;0;1
202100012109;180 069;7;4;0;1;14;1
202100012110;180 064;7;3;2;2;12;1
202100012110;180 065;7;1;0;1;1;1
202100012110;180 066;7;1;0;1;1;1
202100012110;180 067;7;14;0;1;1;1
202100012110;180 068;15;0;2;3;1;1
202100012111;180 062;7;3;2;0;1;1
202100012111;180 063;7;0;2;3;1;1
202100012112;180 060;7;4;0;3;1;1
202100012112;180 061;7;14;0;1;2;1
202100012113;180 059;7;13;0;1;17;1
202100012114;180 057;7;0;2;3;1;3
202100012114;180 058;7;0;2;1;5;1
202100012115;180 055;7;0;2;1;1;1
202100012115;180 056;7;0;2;1;1;1
202100012116;180 053;7;0;0;6;19;1
202100012116;180 054;33;0;2;1;2;1
202100012117;180 052;7;0;1;1;1;1
202100012118;180 050;7;0;2;3;19;1
202100012118;180 051;1;0;2;1;2;0
202100012119;180 049;10;1;1;6;20;1
202100012120;180 048;36;0;0;0;0;1
202100012121;180 046;7;0;2;3;10;1
202100012121;180 047;33;0;2;1;17;1
202100012122;180 044;30;0;2;1;5;1
202100012122;180 045;7;0;2;1;1;1
202100012123;180 042;1;0;2;6;15;5
202100012123;180 043;31;0;2;2;17;1
202100012124;180 041;7;0;1;2;20;1
202100012125;180 040;7;13;0;2;1;1
202100012126;180 038;1;0;0;8;1;5
202100012126;180 039;7;0;2;3;15;1
202100012127;180 035;7;0;0;6;2;1
202100012127;180 036;7;3;2;9;2;1
202100012127;180 037;10;0;0;0;2;1
202100012128;180 033;10;0;9;1;9;1
202100012128;180 034;50;0;2;7;1;3
202100012129;180 031;7;0;2;1;13;1
202100012129;180 032;15;0;2;1;1;1
202100012130;180 029;7;0;2;7;17;1
202100012130;180 030;7;0;2;3;15;1
202100012131;180 028;7;0;1;2;1;1
202100012132;180 026;7;0;0;2;17;1
202100012132;180 027;1;0;2;8;26;5
202100012133;180 025;7;3;0;3;1;1
202100012134;180 024;17;0;1;3;21;1
202100012135;180 022;31;0;2;2;1;1
202100012135;180 023;7;0;2;7;12;1
202100012136;180 020;7;0;0;0;26;1
202100012136;180 021;31;0;0;0;0;1
202100012137;180 018;7;0;2;1;2;1
202100012137;180 019;7;0;0;4;2;1
202100012138;180 017;7;4;0;1;1;1
202100012139;180 015;33;0;2;7;3;1
202100012139;180 016;7;0;2;8;11;1
202100012140;180 013;7;0;2;1;2;1
202100012140;180 014;7;0;2;2;12;1
202100012141;180 012;15;3;0;1;1;1
202100012142;180 011;7;0;1;3;16;1
202100012143;180 010;0;0;1;0;26;0
202100012144;180 009;80;0;1;1;1;3
202100012145;180 007;7;0;2;5;15;1
202100012145;180 008;31;0;2;2;1;1
202100012146;180 006;7;0;1;1;1;1
202100012147;180 005;7;0;1;2;1;1
202100012148;180 004;99;0;1;1;26;1
202100012149;180 003;10;0;1;7;1;1
202100012150;180 002;32;0;1;1;1;1
202100012151;180 001;14;0;1;1;1;1
202100012152;180 000;33;0;1;1;1;1
202100012153;179 998;7;0;2;3;15;1
202100012153;179 999;33;0;2;2;3;1
202100012154;179 997;30;0;1;1;16;1
202100012155;179 996;7;0;1;1;1;1
202100012156;179 995;7;0;1;1;0;1
202100012157;179 993;33;0;2;1;11;1
202100012157;179 994;33;0;2;6;1;1
202100012158;179 992;3;12;1;1;15;1
202100012159;179 991;7;0;1;2;1;1
202100012160;179 988;7;0;2;4;1;1
202100012160;179 989;7;0;2;1;1;1
202100012161;179 986;7;0;2;2;15;1
202100012161;179 987;2;0;2;1;1;1
202100012162;179 985;30;9;0;1;11;1
202100012163;179 982;50;0;2;3;3;3
202100012163;179 983;37;0;2;6;11;2
202100012163;179 984;10;0;2;7;1;1
202100012164;179 980;50;0;2;1;1;3
202100012164;179 981;7;0;2;2;15;1
202100012165;179 978;80;0;2;1;1;3
202100012165;179 979;7;0;2;1;5;1
202100012166;179 976;50;1;0;0;17;3
202100012166;179 977;7;0;2;0;24;0
202100012167;179 972;7;0;2;4;4;0
202100012167;179 973;10;0;2;7;1;1
202100012168;179 970;7;0;2;2;1;1
202100012168;179 971;33;0;2;8;3;1
202100012169;179 968;1;0;2;1;1;0
202100012169;179 969;2;0;2;1;5;1
202100012170;179 966;7;0;2;3;26;1
202100012170;179 967;7;0;2;1;0;1
202100012171;179 965;10;0;1;1;1;1
202100012172;179 963;2;0;2;1;1;1
202100012172;179 964;7;0;2;7;15;1
202100012173;179 961;7;0;2;7;1;1
202100012173;179 962;80;0;2;1;26;3
202100012174;179 959;7;0;2;1;1;1
202100012174;179 960;7;4;2;1;10;1
202100012175;179 957;33;0;2;2;0;1
202100012175;179 958;7;0;2;2;9;1
202100012176;179 955;2;0;2;1;2;1
202100012176;179 956;7;0;2;4;9;1
202100012177;179 953;7;0;2;3;15;1
202100012177;179 954;7;0;2;8;1;1
202100012178;179 951;7;0;2;2;15;1
202100012178;179 952;31;0;2;1;1;1
202100012179;179 949;7;0;2;1;15;1
202100012179;179 950;50;0;2;1;1;3
202100012180;179 946;10;14;0;1;0;0
202100012180;179 947;10;14;0;4;0;0
202100012180;179 948;10;14;0;4;26;0
202100012181;179 944;7;0;2;2;1;1
202100012181;179 945;7;0;2;6;19;1
202100012182;179 941;7;0;1;3;1;1
202100012183;179 939;7;0;2;3;0;1
202100012183;179 940;30;0;2;1;26;1
202100012184;179 938;7;16;0;1;1;1
202100012185;179 936;7;0;2;3;15;1
202100012185;179 937;33;0;2;2;17;1
202100012186;179 935;7;0;1;2;1;1
202100012187;179 934;7;0;1;2;9;1
202100012188;179 932;7;0;2;1;1;1
202100012188;179 933;1;0;2;7;19;5
202100012189;179 930;7;1;2;5;15;1
202100012189;179 931;7;0;2;2;1;3
202100012190;179 929;7;0;1;1;1;1
202100012191;179 927;7;0;2;3;13;1
202100012191;179 928;1;0;2;1;1;5
202100012192;179 925;60;0;2;7;19;5
202100012192;179 926;7;0;9;1;15;1
202100012193;179 923;7;8;2;1;24;1
202100012193;179 924;7;1;0;1;1;1
202100012194;179 921;1;0;2;4;1;0
202100012194;179 922;7;0;2;1;16;1
202100012195;179 919;2;0;2;3;19;1
202100012195;179 920;7;0;2;2;2;1
202100012196;179 917;7;14;2;8;26;1
202100012196;179 918;7;0;2;7;15;1
202100012197;179 913;7;0;2;1;2;1
202100012197;179 914;7;0;2;4;2;1
202100012197;179 915;7;0;2;4;1;1
202100012197;179 916;7;0;2;4;1;1
202100012198;179 911;7;0;2;1;0;6
202100012198;179 912;7;0;2;8;0;6
202100012199;179 909;50;0;2;1;1;3
202100012199;179 910;7;0;9;3;15;1
202100012200;179 908;7;0;1;3;15;1
202100012201;179 906;7;0;2;1;2;0
202100012201;179 907;7;0;2;4;1;1
202100012202;179 904;1;0;0;0;15;5
202100012202;179 905;3;0;2;5;17;1
202100012203;179 903;80;0;0;0;15;3
202100012204;179 902;7;0;1;3;1;1
202100012205;179 900;1;1;2;1;1;5
202100012205;179 901;7;0;2;1;22;1
202100012206;179 897;33;0;2;5;3;1
202100012206;179 898;7;0;0;8;23;1
202100012206;179 899;7;0;0;8;23;1
202100012207;179 895;7;0;2;3;9;1
202100012207;179 896;7;0;2;2;1;1
202100012208;179 894;3;0;1;2;26;1
202100012209;179 892;33;0;2;5;1;1
202100012209;179 893;7;0;2;2;15;1
202100012210;179 891;7;0;1;1;1;1
202100012211;179 888;1;0;9;1;1;5
202100012211;179 889;1;0;2;1;1;5
202100012211;179 890;7;0;9;3;15;1
202100012212;179 886;30;0;2;2;15;1
202100012212;179 887;7;0;2;3;1;1
202100012213;179 884;10;0;2;6;2;1
202100012213;179 885;7;0;2;2;1;1
202100012214;179 883;7;0;1;1;17;
202100012215;179 882;30;0;0;2;2;1
202100012216;179 881;7;15;0;7;1;1
202100012217;179 880;7;0;1;1;9;1
202100012218;179 879;1;12;0;1;1;5
202100012219;179 877;7;0;2;1;13;1
202100012219;179 878;1;0;2;2;1;5
202100012220;179 876;1;0;0;0;1;5
202100012221;179 874;7;0;2;3;15;1
202100012221;179 875;2;0;2;7;1;1
202100012222;179 873;7;0;1;1;1;1
202100012223;179 871;7;0;2;1;13;1
202100012223;179 872;1;0;2;1;1;0
202100012224;179 869;50;0;2;1;1;3
202100012224;179 870;7;0;2;2;19;1
202100012225;179 867;50;0;2;7;1;3
202100012225;179 868;10;0;2;1;9;1