Num_Acc;id_vehicule;categorie_vehicule;obstacle_fixe;obstacle_mobile;point_choc_initial;manoeuvre_principale;motorisation
202100012226;179 866;10;0;1;1;1;1
202100012227;179 865;7;1;0;1;1;1
202100012228;179 864;7;0;1;2;1;0
202100012229;179 862;1;0;2;1;8;5
202100012229;179 863;3;0;2;3;15;1
202100012230;179 861;7;0;1;3;1;1
202100012231;179 859;33;0;2;1;7;1
202100012231;179 860;7;0;2;3;15;1
202100012232;179 858;7;0;1;7;1;1
202100012233;179 856;7;0;2;3;1;1
202100012233;179 857;7;0;2;2;15;1
202100012234;179 854;7;0;2;1;1;1
202100012234;179 855;7;1;2;2;1;1
202100012235;179 852;7;16;0;4;23;1
202100012235;179 853;7;0;2;1;24;1
202100012236;179 849;7;0;2;3;1;1
202100012236;179 850;10;0;2;4;15;0
202100012236;179 851;10;0;2;1;1;1
202100012237;179 847;50;0;2;3;1;3
202100012237;179 848;7;0;2;1;9;1
202100012238;179 846;7;4;0;1;21;1
202100012239;179 844;10;0;2;7;1;1
202100012239;179 845;14;0;2;3;11;1
202100012240;179 842;10;0;2;5;2;1
202100012240;179 843;32;0;2;3;2;1
202100012241;179 840;31;0;2;1;21;1
202100012241;179 841;7;0;2;6;1;1
202100012242;179 839;1;0;1;6;1;5
202100012243;179 838;7;0;1;1;1;1
202100012244;179 836;30;0;2;1;1;1
202100012244;179 837;34;9;2;1;13;0
202100012245;179 834;32;0;2;3;1;1
202100012245;179 835;7;0;2;1;15;1
202100012246;179 832;32;0;2;1;1;1
202100012246;179 833;30;0;2;1;9;1
202100012247;179 830;33;0;2;1;7;0
202100012247;179 831;1;0;2;6;11;5
202100012248;179 829;1;0;1;1;1;5
202100012249;179 828;7;0;1;2;1;1
202100012250;179 827;7;0;1;1;1;1
202100012251;179 825;1;0;2;1;1;5
202100012251;179 826;7;0;2;8;1;1
202100012252;179 823;37;0;2;7;15;2
202100012252;179 824;1;0;2;8;13;5
202100012253;179 822;60;0;0;1;25;5
202100012254;179 820;33;0;2;1;1;1
202100012254;179 821;7;8;2;3;9;1
202100012255;179 819;7;0;1;3;26;1
202100012256;179 818;7;0;1;2;12;1
202100012257;179 816;33;0;2;7;1;1
202100012257;179 817;7;0;2;6;11;1
202100012258;179 814;7;0;2;5;1;1
202100012258;179 815;2;0;2;1;1;1
202100012259;179 812;50;0;2;0;0;3
202100012259;179 813;7;0;2;3;1;1
202100012260;179 810;7;0;0;2;2;1
202100012260;179 811;7;0;0;6;24;1
202100012261;179 807;7;0;2;2;15;1
202100012261;179 808;7;0;2;1;1;1
202100012261;179 809;7;0;2;1;1;1
202100012262;179 805;0;0;2;8;19;0
202100012262;179 806;7;0;1;8;1;0
202100012263;179 804;7;0;1;1;15;1
202100012264;179 803;7;0;1;2;1;1
202100012265;179 801;32;0;2;1;1;1
202100012265;179 802;7;0;2;3;9;1
202100012266;179 799;7;0;2;6;1;1
202100012266;179 800;30;0;2;2;21;1
202100012267;179 797;33;0;2;1;3;1
202100012267;179 798;7;0;2;3;15;1
202100012268;179 795;2;0;2;3;1;1
202100012268;179 796;13;0;2;5;12;1
202100012269;179 793;30;1;0;0;0;1
202100012269;179 794;1;0;0;0;0;5
202100012270;179 792;0;0;1;1;26;0
202100012271;179 790;50;0;2;1;9;3
202100012271;179 791;7;0;2;1;9;1
202100012272;179 789;10;1;1;1;9;1
202100012273;179 788;33;12;0;0;23;1
202100012274;179 787;30;0;1;1;1;1
202100012275;179 785;7;0;2;2;1;1
202100012275;179 786;34;0;2;1;15;1
202100012276;179 783;7;0;2;6;1;1
202100012276;179 784;30;0;2;0;0;1
202100012277;179 781;1;0;2;3;9;5
202100012277;179 782;32;0;2;2;9;1
202100012278;179 780;7;1;1;6;24;1
202100012279;179 779;30;0;0;0;17;1
202100012280;179 777;7;0;2;3;1;1
202100012280;179 778;1;0;2;1;1;0
202100012281;179 775;37;0;2;4;23;6
202100012281;179 776;43;0;2;2;18;1
202100012282;179 774;7;6;0;1;1;0
202100012283;179 773;7;13;0;1;1;1
202100012284;179 771;7;0;2;3;13;1
202100012284;179 772;7;0;2;3;1;1
202100012285;179 770;10;8;1;1;1;1
202100012286;179 768;1;0;2;3;1;5
202100012286;179 769;2;0;9;2;17;1
202100012287;179 767;33;8;9;6;17;1
202100012288;179 766;7;6;0;1;1;1
202100012289;179 765;33;13;0;1;1;1
202100012290;179 764;2;7;0;1;1;0
202100012291;179 763;7;0;4;1;26;3
202100012292;179 762;2;0;1;1;5;1
202100012293;179 760;33;0;2;8;1;1
202100012293;179 761;7;0;2;2;12;1
202100012294;179 758;7;0;9;3;1;1
202100012294;179 759;1;0;2;1;11;0
202100012295;179 756;7;0;0;5;15;1
202100012295;179 757;33;0;2;1;2;1
202100012296;179 754;7;6;0;6;23;1
202100012296;179 755;7;0;2;2;1;1
202100012297;179 752;20;0;2;5;19;1
202100012297;179 753;7;0;2;2;1;1
202100012298;179 751;7;0;1;3;1;1
202100012299;179 748;7;0;2;1;1;1
202100012299;179 749;7;0;2;1;13;0
202100012299;179 750;3;0;2;8;1;0
202100012300;179 746;7;0;2;3;9;1
202100012300;179 747;33;0;2;1;1;1
202100012301;179 744;10;0;2;1;16;1
202100012301;179 745;7;7;0;7;1;1
202100012302;179 743;7;8;0;3;1;1
202100012303;179 742;33;12;0;1;2;1
202100012304;179 740;2;0;2;2;15;1
202100012304;179 741;7;0;2;3;1;1
202100012305;179 738;7;0;2;2;2;1
202100012305;179 739;2;0;0;4;1;1
202100012306;179 736;7;0;2;1;1;1
202100012306;179 737;7;0;2;1;13;1
202100012307;179 734;7;0;2;3;9;2
202100012307;179 735;1;0;2;4;1;5
202100012308;179 733;7;2;0;3;13;1
202100012309;179 731;33;0;2;1;1;1
202100012309;179 732;7;0;2;2;15;1
202100012310;179 729;1;0;2;1;1;5
202100012310;179 730;7;0;9;2;15;1
202100012311;179 727;7;0;2;7;9;1
202100012311;179 728;15;0;2;1;1;1
202100012312;179 726;7;1;1;2;1;1
202100012313;179 725;7;3;0;3;21;1
202100012314;179 722;2;0;0;0;1;1
202100012315;179 721;7;13;0;2;1;1
202100012316;179 719;33;0;2;7;17;1
202100012316;179 720;7;0;2;3;15;1
202100012317;179 718;7;8;0;1;1;1
202100012318;179 716;1;0;2;2;1;5
202100012318;179 717;7;0;2;3;9;1
202100012319;179 715;7;0;1;3;1;1
202100012320;179 712;7;0;2;4;2;1
202100012320;179 713;7;0;2;1;2;1
202100012320;179 714;7;0;2;5;2;1
202100012321;179 710;7;0;2;2;14;1
202100012321;179 711;7;4;0;9;1;1
202100012322;179 709;2;4;0;1;1;1
202100012323;179 706;15;0;0;4;23;1
202100012323;179 707;7;0;2;4;23;1
202100012323;179 708;10;0;2;1;2;1
202100012324;179 705;10;0;0;0;1;1
202100012325;179 703;7;0;2;1;2;1
202100012325;179 704;15;0;2;4;2;1
202100012326;179 702;7;10;0;1;0;1
202100012327;179 700;33;0;2;1;1;1
202100012327;179 701;7;0;2;8;15;1
202100012328;179 698;7;12;2;1;15;1
202100012328;179 699;7;0;0;6;15;2
202100012329;179 697;1;0;1;1;1;5
202100012330;179 695;7;0;2;3;0;1
202100012330;179 696;30;0;2;1;1;1
202100012331;179 693;33;0;2;1;2;1
202100012331;179 694;10;0;2;2;19;1
202100012332;179 692;7;2;6;3;1;1
202100012333;179 690;2;0;2;1;1;1
202100012333;179 691;7;0;2;3;1;1
202100012334;179 688;33;0;2;2;17;1
202100012334;179 689;21;0;0;8;15;1
202100012335;179 686;10;0;2;2;1;1
202100012335;179 687;1;0;0;4;0;5
202100012336;179 685;7;0;1;1;1;1
202100012337;179 683;32;0;2;3;1;1
202100012337;179 684;7;0;2;1;9;1
202100012338;179 681;32;0;2;7;1;1
202100012338;179 682;7;0;2;1;0;1
202100012339;179 679;50;0;0;8;1;3
202100012339;179 680;7;0;2;7;2;1
202100012340;179 677;7;0;2;1;13;1
202100012340;179 678;10;0;2;1;1;1
202100012341;179 675;7;0;2;3;19;1
202100012341;179 676;7;0;2;1;1;1
202100012342;179 673;7;0;2;1;1;1
202100012342;179 674;7;6;0;8;15;1
202100012343;179 663;7;4;2;5;2;1
202100012343;179 664;7;4;2;1;9;1
202100012343;179 665;7;4;2;4;9;1
202100012344;179 661;7;3;2;4;18;1
202100012344;179 662;7;3;2;1;2;1
202100012345;179 658;7;0;2;4;0;1
202100012345;179 659;10;0;2;1;0;1
202100012345;179 660;10;0;2;4;0;1
202100012346;179 655;7;4;2;4;2;1
202100012346;179 656;7;4;2;4;2;1
202100012346;179 657;7;4;2;1;2;1
202100012347;179 653;10;0;2;8;11;1
202100012347;179 654;33;0;2;7;3;1
202100012348;179 650;43;0;2;4;0;1
202100012348;179 651;10;0;2;1;0;1
202100012348;179 652;10;0;2;7;1;1
202100012349;179 648;7;0;2;1;2;1
202100012349;179 649;7;0;2;4;2;1
202100012350;179 646;7;14;0;1;2;1
202100012350;179 647;17;0;0;0;2;1
202100012351;179 644;7;0;2;1;2;1
202100012351;179 645;33;0;2;4;2;1
202100012352;179 641;7;0;2;4;2;1
202100012352;179 642;7;0;2;4;2;1
202100012352;179 643;7;0;2;1;2;1
202100012353;179 639;33;0;2;2;3;1
202100012353;179 640;7;0;2;8;11;1
202100012354;179 635;7;0;2;4;2;1
202100012354;179 636;7;0;2;1;2;1
202100012354;179 637;7;0;2;4;2;1
202100012354;179 638;33;0;2;1;2;1
202100012355;179 633;7;0;2;0;12;1
202100012355;179 634;33;0;2;6;3;1
202100012356;179 631;10;0;2;0;0;1
202100012356;179 632;33;0;2;5;1;1
202100012357;179 630;33;0;0;8;1;1
202100012358;179 626;7;0;2;5;1;1
202100012358;179 627;7;0;2;4;1;1
202100012358;179 628;7;0;2;3;1;1
202100012358;179 629;7;0;2;1;1;1
202100012359;179 624;7;3;0;4;11;1
202100012359;179 625;7;3;2;1;23;2
202100012360;179 622;7;0;2;4;2;1
202100012360;179 623;10;0;2;1;2;1
202100012361;179 620;7;0;2;4;2;1
202100012361;179 621;7;0;2;1;1;1
202100012362;179 619;7;3;0;1;1;1
202100012363;179 617;33;0;2;1;2;1
202100012363;179 618;7;0;2;4;2;1
202100012364;179 616;33;0;2;8;11;1
202100012365;179 613;10;0;2;1;1;1
202100012365;179 614;10;0;2;4;2;1
202100012365;179 615;10;0;2;4;2;1
202100012366;179 612;7;4;0;3;18;1
202100012367;179 611;7;4;0;8;21;1
202100012368;179 609;34;0;2;0;17;1
202100012368;179 610;10;0;2;6;23;1
202100012369;179 607;10;0;2;1;1;1
202100012369;179 608;32;0;2;8;11;3
202100012370;179 604;7;0;2;4;2;1
202100012370;179 605;7;0;2;9;2;1
202100012370;179 606;7;0;2;1;11;1
202100012371;179 602;10;0;2;6;12;1
202100012371;179 603;33;0;2;1;3;1
202100012372;179 600;7;0;0;0;0;1
202100012372;179 601;15;0;0;6;1;1
202100012373;179 597;7;0;2;4;1;1
202100012373;179 598;10;0;2;1;12;1
202100012373;179 599;15;0;2;1;1;1
202100012374;179 594;7;0;2;5;1;1
202100012374;179 595;10;0;2;3;11;1
202100012374;179 596;31;0;2;2;3;1
202100012375;179 592;33;0;2;3;3;1
202100012375;179 593;7;0;2;2;1;1
202100012376;179 591;99;6;0;1;14;1
202100012377;179 589;7;0;2;5;15;1
202100012377;179 590;33;0;2;2;3;1
202100012378;179 587;32;0;2;1;17;1
202100012378;179 588;7;0;2;1;15;1
202100012379;179 584;10;0;2;2;1;1
202100012379;179 585;2;0;2;1;17;1
202100012379;179 586;7;0;2;1;15;1
202100012380;179 582;7;0;2;3;15;1
202100012380;179 583;7;0;2;2;1;1
202100012381;179 581;7;0;0;3;1;2
202100012382;179 579;1;0;2;2;0;5
202100012382;179 580;30;0;2;2;1;0
202100012383;179 577;1;0;2;1;1;0
202100012383;179 578;7;0;9;3;20;1
202100012384;179 574;7;0;2;1;2;1
202100012384;179 575;7;0;2;4;2;1
202100012384;179 576;7;0;2;4;2;6
202100012385;179 573;7;0;1;1;1;1
202100012386;179 571;33;0;2;9;3;0
202100012386;179 572;7;0;2;1;9;1
202100012387;179 569;50;0;2;4;1;3
202100012387;179 570;7;0;2;2;1;0
202100012388;179 567;7;0;2;2;0;1
202100012388;179 568;1;0;2;0;0;0
202100012389;179 565;7;0;2;1;2;0
202100012389;179 566;7;0;2;4;0;0
202100012390;179 563;7;0;2;1;13;1
202100012390;179 564;7;0;2;1;1;1
202100012391;179 560;7;0;2;3;2;1
202100012391;179 561;7;0;2;1;2;2
202100012391;179 562;7;0;2;3;1;1
202100012392;179 559;30;9;0;1;25;1
202100012393;179 557;10;0;9;2;14;1
202100012393;179 558;1;0;2;3;1;5
202100012394;179 554;30;0;2;1;1;1
202100012394;179 555;7;0;2;3;15;1
202100012394;179 556;33;0;2;2;2;1
202100012395;179 551;7;0;2;4;2;1
202100012395;179 552;7;0;2;1;1;1
202100012395;179 553;33;0;2;1;2;1
202100012396;179 549;14;0;2;1;0;1
202100012396;179 550;7;0;2;1;13;1
202100012397;179 546;7;0;2;4;2;1
202100012397;179 547;7;0;2;1;2;1
202100012397;179 548;7;0;2;1;2;1
202100012398;179 545;7;0;1;2;1;1
202100012399;179 543;7;0;0;0;0;0
202100012399;179 544;7;8;0;1;21;1
202100012400;179 541;7;0;2;4;23;1
202100012400;179 542;30;0;2;1;2;1
202100012401;179 540;32;3;0;1;16;3
202100012402;179 538;7;0;2;5;0;1
202100012402;179 539;33;0;2;1;9;1
202100012403;179 535;30;0;2;8;0;1
202100012403;179 536;7;0;2;1;1;1
202100012403;179 537;7;0;2;1;1;1
202100012404;179 533;50;0;2;1;25;3
202100012404;179 534;7;0;2;2;16;1
202100012405;179 532;7;0;1;1;15;1
202100012406;179 530;80;0;2;2;25;3
202100012406;179 531;7;0;1;1;15;1
202100012407;179 527;40;0;1;1;1;3
202100012408;179 525;7;0;2;8;0;1
202100012408;179 526;7;0;2;1;0;1
202100012409;179 523;32;0;2;1;1;1
202100012409;179 524;7;0;2;8;0;0
202100012410;179 522;7;15;0;3;26;1
202100012411;179 521;7;0;1;1;1;1
202100012412;179 518;7;0;2;2;9;1
202100012412;179 519;7;0;2;1;1;1
202100012412;179 520;7;0;2;3;23;1
202100012413;179 516;7;0;2;1;13;1
202100012413;179 517;32;0;2;1;1;1
202100012414;179 515;7;0;5;1;1;1
202100012415;179 514;7;0;1;6;20;3
202100012416;179 512;7;0;2;0;1;1
202100012416;179 513;7;0;2;0;1;1
202100012417;179 511;7;0;1;3;1;1
202100012418;179 510;40;0;1;3;1;3
202100012419;179 508;7;1;2;1;17;1
202100012419;179 509;7;0;2;6;1;1
202100012420;179 506;10;0;2;1;17;1
202100012420;179 507;7;0;2;8;15;1
202100012421;179 505;7;13;0;1;9;1
202100012422;179 503;31;0;2;1;1;1
202100012422;179 504;7;0;2;7;15;1
202100012423;179 501;50;0;2;1;9;3
202100012423;179 502;7;0;2;2;1;1
202100012424;179 499;7;0;2;1;2;1
202100012424;179 500;7;0;2;4;14;1
202100012425;179 498;7;13;0;1;14;1
202100012426;179 496;7;0;2;1;1;1
202100012426;179 497;7;0;2;4;23;1
202100012427;179 494;7;0;2;8;13;0
202100012427;179 495;80;0;2;7;17;3
202100012428;179 492;80;0;2;1;19;3
202100012428;179 493;38;0;2;1;26;1
202100012429;179 490;1;0;2;4;5;5
202100012429;179 491;7;0;2;2;1;1
202100012430;179 488;7;0;2;2;1;1
202100012430;179 489;7;0;2;1;9;1
202100012431;179 486;7;0;2;8;1;1
202100012431;179 487;7;0;2;3;13;1
202100012432;179 485;2;1;0;1;13;1
202100012433;179 483;7;0;2;8;1;1
202100012433;179 484;7;0;2;1;15;1
202100012434;179 482;7;0;1;1;1;1
202100012435;179 481;7;0;1;1;1;1
202100012436;179 480;7;0;1;7;2;0
202100012437;179 479;7;3;0;1;13;1
202100012438;179 477;30;0;0;0;1;1
202100012438;179 478;60;0;0;1;26;5
202100012439;179 476;7;0;1;2;1;1
202100012440;179 474;7;0;2;3;15;1
202100012440;179 475;7;0;2;1;1;1
202100012441;179 473;7;0;1;2;2;1
202100012442;179 469;7;0;2;6;2;1
202100012442;179 470;32;0;2;1;9;1
202100012443;179 467;7;0;2;3;9;1
202100012443;179 468;80;0;2;1;1;3
202100012444;179 465;7;0;2;3;9;0
202100012444;179 466;30;0;2;1;1;1
202100012445;179 463;7;0;2;1;1;1
202100012445;179 464;7;0;2;7;1;1
202100012446;179 462;10;0;1;7;1;1
202100012447;179 461;7;2;0;1;1;1
202100012448;179 460;14;0;1;3;15;1
202100012449;179 459;7;0;1;1;1;1
202100012450;179 457;7;0;2;1;1;1
202100012450;179 458;60;0;2;7;19;5
202100012451;179 455;1;0;2;1;1;0
202100012451;179 456;7;0;9;3;22;1
202100012452;179 453;1;0;2;4;1;5
202100012452;179 454;7;0;2;2;2;0
202100012453;179 451;7;3;2;7;13;1
202100012453;179 452;7;0;2;1;1;1
202100012454;179 449;7;0;2;2;9;1
202100012454;179 450;1;0;2;7;19;5
202100012455;179 448;7;0;1;1;1;1
202100012456;179 446;1;0;2;0;1;5
202100012456;179 447;10;0;2;8;9;1
202100012457;179 439;7;0;2;1;2;1
202100012457;179 440;10;0;2;4;2;1
202100012458;179 437;33;8;0;9;0;1
202100012459;179 436;7;0;1;6;20;1
202100012460;179 435;7;0;1;1;16;1
202100012461;179 432;33;0;2;0;0;1
202100012461;179 433;7;0;2;4;2;1
202100012461;179 434;7;0;2;6;2;1
202100012462;179 431;33;0;0;8;1;1
202100012463;179 429;32;0;2;8;19;1
202100012463;179 430;7;0;2;1;1;1
202100012464;179 427;33;0;2;3;2;1
202100012464;179 428;7;0;2;3;15;1
202100012465;179 426;7;0;1;2;1;1
202100012466;179 424;2;0;2;1;17;1
202100012466;179 425;7;0;2;8;15;1
202100012467;179 423;1;0;1;0;16;0
202100012468;179 421;7;0;2;1;1;1
202100012468;179 422;7;0;0;8;9;1
202100012469;179 418;7;1;2;2;1;1
202100012469;179 419;7;1;2;3;1;1
202100012469;179 420;7;0;2;4;1;1
202100012470;179 417;7;0;1;1;1;1
202100012471;179 416;32;0;1;1;17;1
202100012472;179 414;7;0;9;1;1;1
202100012472;179 415;1;0;2;7;15;5
202100012473;179 413;43;2;0;0;13;1
202100012474;179 411;34;6;2;2;1;1
202100012474;179 412;7;0;2;0;1;1
202100012475;179 408;33;0;2;1;1;1
202100012475;179 409;7;0;2;1;1;1
202100012475;179 410;7;0;2;1;13;1
202100012476;179 407;15;0;1;2;16;6
202100012477;179 405;1;0;2;8;1;5
202100012477;179 406;7;0;2;2;16;1
202100012478;179 403;10;0;2;1;23;1
202100012478;179 404;3;0;2;1;2;3
202100012479;179 401;7;0;0;4;23;1
202100012479;179 402;1;0;2;1;2;5
202100012480;179 398;10;0;2;7;1;1
202100012480;179 399;80;0;2;8;1;3
202100012480;179 400;7;0;2;0;22;1
202100012481;179 397;7;0;1;2;4;1
202100012482;179 395;7;0;2;6;15;1
202100012482;179 396;34;0;2;2;17;1
202100012483;179 393;7;0;2;0;10;0
202100012483;179 394;2;0;2;8;1;3
202100012484;179 391;7;0;2;7;22;2
202100012484;179 392;30;0;2;1;18;1
202100012485;179 389;7;0;2;4;23;1
202100012485;179 390;7;0;2;1;1;1
202100012486;179 387;80;0;2;4;1;3
202100012486;179 388;14;0;2;3;16;6
202100012487;179 386;10;0;1;7;1;1
202100012488;179 384;32;0;2;0;1;1
202100012488;179 385;10;0;2;1;1;1
202100012489;179 382;30;0;2;1;2;1
202100012489;179 383;7;0;2;4;23;1
202100012490;179 380;43;0;2;1;1;1
202100012490;179 381;7;0;2;1;15;1
202100012491;179 379;37;0;1;2;2;1
202100012492;179 377;30;0;2;2;1;1
202100012492;179 378;7;0;0;0;0;0
202100012493;179 376;30;0;2;3;18;0
202100012494;179 374;7;0;2;7;0;1
202100012494;179 375;7;0;2;1;0;1
202100012495;179 372;7;0;2;1;1;1
202100012495;179 373;7;0;2;5;15;1
202100012496;179 370;7;0;2;4;23;3
202100012496;179 371;30;0;2;1;2;1
202100012497;179 368;30;0;2;1;26;1
202100012497;179 369;10;0;2;1;26;1
202100012498;179 367;7;0;1;2;2;3
202100012499;179 366;7;4;0;1;9;1
202100012500;179 364;7;0;2;0;15;1
202100012500;179 365;32;0;2;1;1;0
202100012501;179 362;13;0;2;1;16;0
202100012501;179 363;33;0;2;8;0;1
202100012502;179 361;7;0;1;4;20;1
202100012503;179 359;7;0;2;0;11;1
202100012503;179 360;10;0;2;0;1;1
202100012504;179 357;7;0;2;2;2;1
202100012504;179 358;34;0;2;6;2;1
202100012505;179 356;34;0;1;1;1;1
202100012506;179 355;34;0;1;1;1;1
202100012507;179 353;7;0;2;8;1;1
202100012507;179 354;33;0;2;0;1;1
202100012508;179 351;32;0;2;6;1;1
202100012508;179 352;14;0;2;2;2;1
202100012509;179 349;7;0;2;3;13;1
202100012509;179 350;21;0;2;3;1;1
202100012510;179 347;1;0;2;1;1;5
202100012510;179 348;1;0;0;4;1;5
202100012511;179 346;7;0;1;3;1;1
202100012512;179 345;80;4;0;8;1;3
202100012513;179 343;2;0;2;2;1;1
202100012513;179 344;7;0;2;3;9;1
202100012514;179 342;7;8;0;7;13;1
202100012515;179 340;7;0;2;1;2;1
202100012515;179 341;7;0;2;4;2;1
202100012516;179 338;7;4;0;4;2;1
202100012516;179 339;7;0;0;3;2;0
202100012517;179 337;7;4;0;3;13;1
202100012518;179 336;7;0;0;0;1;1
202100012519;179 334;7;0;2;8;1;1
202100012519;179 335;7;0;2;1;19;1
202100012520;179 333;34;12;0;1;1;1
202100012521;179 332;7;13;0;2;2;1
202100012522;179 331;7;0;1;1;15;1
202100012523;179 327;7;0;2;3;0;1
202100012523;179 328;7;0;2;3;0;1
202100012524;179 325;21;0;2;2;1;1
202100012524;179 326;10;0;2;2;13;1
202100012525;179 323;7;0;2;1;1;1
202100012525;179 324;15;0;2;1;1;1
202100012526;179 322;7;0;0;0;1;1
202100012527;179 320;7;0;2;1;13;1
202100012527;179 321;7;0;2;1;1;1
202100012528;179 318;33;0;2;1;17;1
202100012528;179 319;10;0;2;8;15;1
202100012529;179 317;7;0;1;2;16;1
202100012530;179 315;7;0;2;1;1;1
202100012530;179 316;36;0;2;5;15;1
202100012531;179 313;7;0;2;8;1;1
202100012531;179 314;7;0;2;1;1;1
202100012532;179 311;31;0;2;1;2;1
202100012532;179 312;10;0;2;4;2;1
202100012533;179 309;14;0;2;1;1;1
202100012533;179 310;7;0;2;7;19;1
202100012534;179 308;7;13;0;2;14;1
202100012535;179 307;7;0;1;6;1;1
202100012536;179 305;7;5;0;8;1;1
202100012537;179 303;7;0;0;3;24;1
202100012537;179 304;33;0;2;1;1;1
202100012538;179 301;7;0;2;3;0;1
202100012538;179 302;7;0;2;3;1;1
202100012539;179 299;1;0;2;7;1;5
202100012539;179 300;7;0;9;1;1;1
202100012540;179 298;33;0;6;0;1;1
202100012541;179 297;7;0;1;3;20;1
202100012542;179 295;33;0;2;7;17;1
202100012542;179 296;21;0;2;3;15;1
202100012543;179 294;7;11;0;1;16;1
202100012544;179 292;33;14;9;0;1;1
202100012544;179 293;7;13;0;2;1;1
202100012545;179 290;10;0;0;4;15;1
202100012545;179 291;7;0;2;1;2;1
202100012546;179 288;34;0;2;7;21;1
202100012546;179 289;7;0;2;3;9;2
202100012547;179 287;7;0;1;2;2;1
202100012548;179 285;7;3;2;5;1;1
202100012548;179 286;14;0;2;3;1;1
202100012549;179 284;15;0;0;7;26;1
202100012550;179 282;33;0;2;1;13;1
202100012550;179 283;7;0;2;3;1;1
202100012551;179 280;33;0;2;1;1;1
202100012551;179 281;7;0;2;1;9;1
202100012552;179 279;33;0;6;1;1;1
202100012553;179 278;2;13;0;7;1;1
202100012554;179 277;7;13;0;2;1;1
202100012555;179 275;33;0;2;1;17;1
202100012555;179 276;14;0;0;3;15;1
202100012556;179 274;7;4;0;3;2;1
202100012557;179 271;10;0;9;2;17;1
202100012557;179 272;15;0;2;6;1;1
202100012557;179 273;7;0;9;1;17;1
202100012558;179 269;7;0;2;1;0;1
202100012558;179 270;15;0;2;5;0;1
202100012559;179 268;7;15;0;0;1;0
202100012560;179 267;7;17;0;1;0;1
202100012561;179 265;7;0;2;3;13;1
202100012561;179 266;7;0;2;3;1;1
202100012562;179 261;10;0;2;1;2;1
202100012562;179 262;7;0;2;4;2;1
202100012562;179 263;10;0;2;4;2;1
202100012562;179 264;7;0;2;4;2;1
202100012563;179 258;7;0;0;0;14;0
202100012563;179 259;7;3;2;3;14;3
202100012563;179 260;7;4;2;3;14;1
202100012564;179 256;2;0;2;7;1;1
202100012564;179 257;7;0;2;3;0;1
202100012565;179 254;7;0;2;8;15;1
202100012565;179 255;33;0;2;9;1;1
202100012566;179 252;7;0;2;1;12;1
202100012566;179 253;7;0;2;3;1;0
202100012567;179 250;7;0;2;1;1;1
202100012567;179 251;7;0;2;1;13;1
202100012568;179 248;31;0;2;1;17;1
202100012568;179 249;7;0;2;6;15;1
202100012569;179 245;7;0;0;6;15;1
202100012569;179 246;33;0;2;1;2;1
202100012570;179 244;30;0;0;9;9;1
202100012571;179 243;2;0;0;9;1;1
202100012572;179 242;7;0;1;2;1;1
202100012573;179 241;7;0;0;9;1;1
202100012574;179 240;33;3;0;8;1;1
202100012575;179 238;1;0;2;3;1;5
202100012575;179 239;7;0;2;7;1;1
202100012576;179 236;7;0;2;2;15;1
202100012576;179 237;7;0;2;1;1;1
202100012577;179 234;30;0;0;8;23;1
202100012577;179 235;33;0;2;1;1;1
202100012578;179 233;31;6;0;1;19;0
202100012579;179 232;7;6;0;4;17;1
202100012580;179 230;7;0;2;1;2;1
202100012580;179 231;7;0;0;4;15;1
202100012581;179 228;7;15;2;3;1;1
202100012581;179 229;7;0;2;2;19;1
202100012582;179 227;1;0;0;0;0;5
202100012583;179 226;7;13;0;2;1;1
202100012584;179 224;2;0;2;0;21;1
202100012584;179 225;7;0;2;3;23;1
202100012585;179 223;3;6;0;1;1;1
202100012586;179 221;7;0;2;2;1;1
202100012586;179 222;10;0;2;3;19;1
202100012587;179 219;7;0;0;4;2;1
202100012587;179 220;7;0;2;1;2;1
202100012588;179 217;7;0;9;3;15;1
202100012588;179 218;1;0;2;1;19;5
202100012589;179 215;7;0;2;1;1;1
202100012589;179 216;7;0;2;5;11;1
202100012590;179 213;7;0;2;1;12;1
202100012590;179 214;15;0;0;4;1;1
202100012591;179 211;37;0;2;2;1;1
202100012591;179 212;7;1;0;6;26;1
202100012592;179 209;10;0;2;1;1;1
202100012592;179 210;10;0;2;4;1;1
202100012593;179 207;10;0;2;7;12;1
202100012593;179 208;33;0;2;3;3;1
202100012594;179 205;7;0;0;3;1;1
202100012594;179 206;7;0;2;5;23;1
202100012595;179 202;7;0;2;1;14;1
202100012595;179 203;7;0;2;4;2;2
202100012595;179 204;7;0;2;7;1;1
202100012596;179 200;33;0;2;7;3;1
202100012596;179 201;7;0;2;3;11;1
202100012597;179 198;7;0;2;6;2;1
202100012597;179 199;14;0;2;2;12;1
202100012598;179 196;7;4;0;9;0;1
202100012598;179 197;7;0;0;;18;1
202100012599;179 193;33;0;2;3;3;1
202100012599;179 194;7;0;2;2;2;1
202100012599;179 195;10;0;2;4;2;1
202100012600;179 192;33;14;0;1;1;1
202100012601;179 191;7;13;0;9;21;1
202100012602;179 188;7;0;2;1;2;1
202100012602;179 189;7;0;2;4;2;1
202100012602;179 190;7;0;2;4;2;1
202100012603;179 187;7;4;0;1;2;0
202100012604;179 184;7;1;2;4;0;1
202100012604;179 185;7;1;0;4;23;1
202100012604;179 186;7;1;0;1;2;1
202100012605;179 181;7;0;2;4;2;1
202100012605;179 182;33;0;2;7;3;1
202100012605;179 183;7;0;2;8;11;2
202100012606;179 179;7;0;2;1;2;1
202100012606;179 180;7;0;2;4;2;1
202100012607;179 177;33;0;2;2;1;1
202100012607;179 178;7;0;2;1;1;1
202100012608;179 175;1;0;2;0;1;6
202100012608;179 176;7;0;9;8;15;1
202100012609;179 173;7;0;2;3;1;1
202100012609;179 174;7;0;2;2;0;1
202100012610;179 171;33;0;2;1;1;1
202100012610;179 172;7;0;2;2;1;1