Num_Acc;id_vehicule;categorie_vehicule;obstacle_fixe;obstacle_mobile;point_choc_initial;manoeuvre_principale;motorisation
202100012611;179 170;33;8;0;0;17;1
202100012612;179 167;7;0;2;6;1;2
202100012612;179 168;7;0;2;1;1;1
202100012612;179 169;7;0;2;1;17;1
202100012613;179 166;33;14;0;2;1;1
202100012614;179 164;1;0;2;1;1;5
202100012614;179 165;7;0;2;2;13;1
202100012615;179 163;2;0;2;1;2;1
202100012616;179 162;2;12;0;0;26;1
202100012617;179 160;1;0;2;1;2;0
202100012617;179 161;7;0;2;3;1;1
202100012618;179 158;30;1;0;1;1;1
202100012618;179 159;7;0;2;4;23;1
202100012619;179 155;7;0;2;3;1;1
202100012619;179 156;7;0;2;1;1;1
202100012619;179 157;7;0;2;1;15;1
202100012620;179 153;7;0;2;3;15;1
202100012620;179 154;32;0;2;8;5;1
202100012621;179 151;34;0;2;1;2;0
202100012621;179 152;34;0;2;4;2;1
202100012622;179 149;50;9;2;4;1;3
202100012622;179 150;7;9;2;1;2;0
202100012623;179 147;7;0;2;2;15;1
202100012623;179 148;50;0;2;1;1;3
202100012624;179 146;10;0;1;3;15;1
202100012625;179 144;7;0;2;3;1;1
202100012625;179 145;30;0;2;1;1;1
202100012626;179 143;30;0;1;1;17;0
202100012627;179 141;7;0;0;3;1;1
202100012627;179 142;7;0;2;3;13;1
202100012628;179 140;7;0;1;2;1;1
202100012629;179 139;7;0;1;2;1;1
202100012630;179 137;7;0;2;1;2;1
202100012630;179 138;7;0;2;4;2;1
202100012631;179 135;30;0;2;1;26;1
202100012631;179 136;7;0;2;2;23;1
202100012632;179 133;50;0;2;1;9;3
202100012632;179 134;7;0;2;8;1;1
202100012633;179 131;10;0;2;3;21;1
202100012633;179 132;7;0;2;3;13;1
202100012634;179 129;7;0;2;4;1;1
202100012634;179 130;2;1;0;1;1;0
202100012635;179 127;7;0;2;1;0;1
202100012635;179 128;10;0;2;4;4;1
202100012636;179 125;1;0;2;6;1;5
202100012636;179 126;7;0;2;2;17;1
202100012637;179 123;7;0;2;0;0;0
202100012637;179 124;7;0;2;0;15;0
202100012638;179 121;7;0;2;4;1;1
202100012638;179 122;7;0;2;1;1;1
202100012639;179 119;7;0;0;0;0;0
202100012639;179 120;7;0;2;1;9;1
202100012640;179 118;30;0;2;8;1;1
202100012641;179 116;7;0;2;2;15;1
202100012641;179 117;30;0;2;2;0;1
202100012642;179 115;32;0;1;1;1;1
202100012643;179 114;7;1;0;3;20;2
202100012644;179 112;7;0;2;3;9;1
202100012644;179 113;7;0;2;5;1;1
202100012645;179 110;7;0;2;8;15;0
202100012645;179 111;10;0;2;7;1;1
202100012646;179 108;7;16;0;3;9;1
202100012646;179 109;2;0;2;0;26;1
202100012647;179 106;33;0;2;1;2;1
202100012647;179 107;7;0;2;3;20;1
202100012648;179 104;2;0;2;3;18;3
202100012648;179 105;7;0;2;2;16;1
202100012649;179 103;7;0;1;1;9;0
202100012650;179 102;30;1;2;1;9;1
202100012651;179 100;7;0;2;1;1;0
202100012651;179 101;7;0;2;1;5;1
202100012652;179 098;30;0;2;7;1;1
202100012652;179 099;10;0;2;8;1;1
202100012653;179 096;50;0;2;1;1;3
202100012653;179 097;7;0;2;2;1;1
202100012654;179 095;2;11;0;1;1;1
202100012655;179 094;80;0;1;1;1;3
202100012656;179 093;0;0;1;;1;
202100012657;179 091;33;0;0;0;26;1
202100012657;179 092;33;0;2;7;2;1
202100012658;179 090;7;0;1;1;1;1
202100012659;179 088;7;0;2;1;17;1
202100012659;179 089;7;0;2;1;1;1
202100012660;179 087;7;4;0;8;13;1
202100012661;179 086;7;0;1;1;1;1
202100012662;179 084;7;1;0;1;26;1
202100012662;179 085;7;0;0;6;0;1
202100012663;179 082;1;0;2;8;26;0
202100012663;179 083;7;0;2;1;9;1
202100012664;179 080;7;0;2;1;2;1
202100012664;179 081;7;0;2;7;17;1
202100012665;179 078;7;0;2;8;1;1
202100012665;179 079;7;0;2;7;1;1
202100012666;179 076;7;0;2;3;1;1
202100012666;179 077;7;0;2;1;23;1
202100012667;179 074;30;0;2;4;2;1
202100012667;179 075;0;;;;;
202100012668;179 072;33;0;2;3;15;1
202100012668;179 073;10;0;2;2;1;1
202100012669;179 070;7;0;2;3;1;1
202100012669;179 071;7;0;2;2;1;1
202100012670;179 068;10;0;2;2;12;1
202100012670;179 069;30;0;2;3;3;1
202100012671;179 066;7;0;2;5;4;1
202100012671;179 067;32;0;2;1;23;1
202100012672;179 064;43;0;2;1;1;1
202100012672;179 065;7;0;2;1;15;1
202100012673;179 062;7;0;2;2;12;1
202100012673;179 063;32;0;2;8;2;1
202100012674;179 060;7;0;2;2;1;1
202100012674;179 061;30;0;2;1;1;1
202100012675;179 059;7;1;0;7;15;1
202100012676;179 058;37;0;1;3;1;2
202100012677;179 056;7;0;2;6;10;2
202100012677;179 057;43;0;2;1;17;1
202100012678;179 054;30;0;2;1;1;1
202100012678;179 055;1;0;2;2;5;5
202100012679;179 053;32;0;0;0;1;1
202100012680;179 052;30;0;0;7;7;1
202100012681;179 049;7;0;2;6;1;1
202100012681;179 050;7;0;2;3;22;1
202100012681;179 051;32;0;2;9;1;1
202100012682;179 047;7;0;2;2;1;2
202100012682;179 048;34;0;2;4;1;1
202100012683;179 045;50;0;2;1;1;3
202100012683;179 046;7;0;2;3;1;1
202100012684;179 043;1;0;2;1;1;5
202100012684;179 044;1;0;2;1;17;5
202100012685;179 041;50;0;2;1;1;3
202100012685;179 042;7;0;2;4;9;1
202100012686;179 039;7;0;2;4;1;1
202100012686;179 040;7;0;2;3;21;1
202100012687;179 037;7;0;0;0;0;0
202100012687;179 038;30;0;2;0;26;1
202100012688;179 035;33;0;2;4;23;1
202100012688;179 036;33;0;2;1;1;1
202100012689;179 034;7;2;0;1;26;1
202100012690;179 033;7;0;1;3;15;2
202100012691;179 031;7;0;2;7;1;1
202100012691;179 032;33;0;2;8;15;1
202100012692;179 029;3;0;2;4;0;0
202100012692;179 030;37;0;2;1;0;0
202100012693;179 027;32;0;2;1;1;1
202100012693;179 028;7;0;2;3;10;1
202100012694;179 026;7;8;1;4;4;1
202100012695;179 024;7;0;0;3;15;1
202100012695;179 025;7;0;0;2;1;1
202100012696;179 023;7;0;1;2;1;1
202100012697;179 021;7;0;2;3;15;1
202100012697;179 022;36;0;2;3;1;1
202100012698;179 019;7;4;0;0;21;1
202100012698;179 020;7;0;0;0;18;1
202100012699;179 018;1;6;0;7;1;5
202100012700;179 016;7;0;2;3;15;1
202100012700;179 017;33;0;2;7;1;1
202100012701;179 015;33;0;0;8;0;1
202100012702;179 013;7;0;2;7;15;1
202100012702;179 014;2;0;2;2;1;1
202100012703;179 011;10;3;2;1;2;1
202100012703;179 012;7;3;2;4;2;1
202100012704;179 009;7;0;2;2;1;1
202100012704;179 010;50;0;0;4;16;3
202100012705;179 007;7;0;2;1;1;1
202100012705;179 008;10;0;2;2;19;1
202100012706;179 005;34;0;2;1;1;1
202100012706;179 006;7;0;2;3;15;1
202100012707;179 002;33;0;2;1;1;1
202100012707;179 003;10;0;2;5;15;1
202100012707;179 004;7;0;2;6;1;1
202100012708;179 001;7;8;0;2;15;1
202100012709;178 999;7;0;2;1;1;1
202100012709;179 000;7;0;2;8;19;1
202100012710;178 997;7;0;2;2;1;1
202100012710;178 998;2;0;2;1;1;1
202100012711;178 995;7;0;2;3;21;1
202100012711;178 996;7;0;2;3;21;1
202100012712;178 993;7;0;2;5;17;0
202100012712;178 994;2;0;2;3;1;1
202100012713;178 991;7;0;2;3;1;1
202100012713;178 992;7;0;2;3;15;1
202100012714;178 990;33;13;0;3;0;1
202100012715;178 988;33;13;2;3;13;1
202100012715;178 989;7;0;2;8;1;1
202100012716;178 987;36;13;0;2;14;1
202100012717;178 986;7;0;1;2;1;1
202100012718;178 984;10;0;2;2;1;1
202100012718;178 985;2;0;2;1;1;1
202100012719;178 982;7;0;2;1;1;1
202100012719;178 983;7;0;2;1;1;1
202100012720;178 980;7;0;2;3;17;1
202100012720;178 981;7;0;2;3;15;1
202100012721;178 979;7;13;0;1;15;1
202100012722;178 978;2;0;0;0;1;1
202100012723;178 976;7;0;2;7;13;1
202100012723;178 977;7;0;2;1;1;1
202100012724;178 975;7;2;0;1;2;1
202100012725;178 973;7;0;2;1;1;1
202100012725;178 974;7;0;0;3;19;1
202100012726;178 970;7;0;1;2;2;1
202100012727;178 969;2;13;0;1;1;1
202100012728;178 967;15;0;2;6;24;1
202100012728;178 968;10;1;0;1;1;1
202100012729;178 966;7;2;0;1;1;1
202100012730;178 963;7;0;2;3;5;1
202100012730;178 964;33;0;2;1;1;1
202100012731;178 961;7;0;2;1;1;1
202100012731;178 962;7;0;2;4;1;2
202100012732;178 960;33;2;0;1;13;1
202100012733;178 958;21;0;2;3;1;1
202100012733;178 959;7;0;2;3;1;1
202100012734;178 956;33;0;2;1;2;1
202100012734;178 957;7;0;2;8;9;1
202100012735;178 955;7;13;0;9;1;1
202100012736;178 953;1;0;0;0;0;5
202100012736;178 954;7;0;2;0;0;0
202100012737;178 950;7;0;0;0;26;1
202100012737;178 951;1;0;2;1;13;5
202100012737;178 952;7;0;2;1;1;1
202100012738;178 949;33;0;0;0;0;1
202100012739;178 947;7;0;2;3;1;1
202100012739;178 948;10;0;2;1;19;1
202100012740;178 943;7;0;2;8;15;1
202100012740;178 944;34;0;2;1;17;1
202100012741;178 939;10;3;0;1;1;1
202100012741;178 940;7;3;0;4;23;1
202100012741;178 941;7;0;2;1;2;1
202100012741;178 942;7;1;0;4;1;1
202100012742;178 938;14;0;0;9;1;1
202100012743;178 936;14;0;2;3;26;1
202100012743;178 937;7;0;2;3;26;0
202100012744;178 935;7;0;0;4;1;1
202100012745;178 934;14;0;1;2;16;1
202100012746;178 933;7;3;0;3;21;1
202100012747;178 932;7;0;1;3;1;1
202100012748;178 930;7;0;2;2;1;1
202100012748;178 931;7;0;2;3;1;1
202100012749;178 929;2;13;0;2;0;1
202100012750;178 928;7;13;0;0;14;1
202100012751;178 927;10;2;0;1;13;1
202100012752;178 926;7;6;0;3;6;1
202100012753;178 924;7;0;0;6;1;2
202100012753;178 925;33;0;2;1;1;1
202100012754;178 922;2;0;2;2;13;1
202100012754;178 923;7;0;2;2;9;1
202100012755;178 920;7;0;2;4;2;1
202100012755;178 921;33;0;2;1;2;1
202100012756;178 918;7;0;0;5;2;1
202100012756;178 919;10;0;2;3;2;1
202100012757;178 916;7;0;0;4;2;1
202100012757;178 917;31;0;2;4;3;1
202100012758;178 913;7;0;2;1;1;1
202100012758;178 914;7;0;2;3;1;1
202100012758;178 915;7;0;2;1;5;1
202100012759;178 911;7;0;2;1;2;1
202100012759;178 912;7;0;2;4;2;1
202100012760;178 910;7;0;0;1;14;1
202100012761;178 909;7;17;0;1;0;1
202100012762;178 908;33;0;0;8;15;1
202100012763;178 907;7;0;1;1;1;1
202100012764;178 905;34;0;2;2;17;1
202100012764;178 906;7;0;2;3;15;1
202100012765;178 903;1;0;2;8;9;5
202100012765;178 904;7;0;2;2;1;1
202100012766;178 902;7;17;0;3;0;1
202100012767;178 900;7;0;2;3;1;1
202100012767;178 901;7;0;2;3;1;1
202100012768;178 899;7;0;0;2;1;1
202100012769;178 897;1;0;2;3;3;5
202100012769;178 898;7;0;2;3;1;2
202100012770;178 895;7;0;2;1;1;1
202100012770;178 896;7;0;2;8;9;1
202100012771;178 893;33;0;2;0;1;1
202100012771;178 894;7;0;2;3;0;1
202100012772;178 891;7;0;0;3;10;1
202100012772;178 892;33;0;0;1;1;1
202100012773;178 889;1;0;2;1;0;5
202100012773;178 890;7;0;0;2;19;1
202100012774;178 888;7;3;0;8;13;1
202100012775;178 887;7;0;1;1;1;1
202100012776;178 885;7;0;2;2;1;1
202100012776;178 886;7;0;2;8;1;1
202100012777;178 883;33;6;0;6;11;1
202100012777;178 884;33;0;0;2;2;1
202100012778;178 881;2;0;2;1;0;1
202100012778;178 882;7;0;2;1;1;1
202100012779;178 879;7;0;2;2;13;1
202100012779;178 880;33;0;2;4;15;1
202100012780;178 878;32;0;6;6;1;1
202100012781;178 876;7;0;2;3;1;1
202100012781;178 877;7;0;0;3;13;1
202100012782;178 874;38;0;2;1;2;0
202100012782;178 875;7;0;2;4;2;1
202100012783;178 872;7;0;2;4;1;1
202100012783;178 873;7;0;2;2;14;0
202100012784;178 870;33;0;2;7;1;1
202100012784;178 871;7;0;2;7;26;1
202100012785;178 868;7;0;2;4;1;1
202100012785;178 869;7;0;2;1;1;1
202100012786;178 867;7;3;0;1;2;1
202100012787;178 865;7;0;2;4;1;1
202100012787;178 866;33;0;2;1;3;1
202100012788;178 862;7;0;2;4;2;1
202100012788;178 863;7;0;2;4;2;1
202100012788;178 864;7;0;2;1;2;1
202100012789;178 860;7;0;2;2;1;1
202100012789;178 861;7;3;2;3;9;1
202100012790;178 859;7;4;0;3;1;1
202100012791;178 858;7;0;0;9;26;1
202100012792;178 855;7;0;2;8;1;1
202100012792;178 856;7;0;2;8;1;1
202100012792;178 857;7;0;2;2;1;1
202100012793;178 852;7;0;2;1;2;1
202100012793;178 853;7;0;2;4;2;1
202100012793;178 854;7;0;2;4;2;1
202100012794;178 850;10;3;0;4;0;1
202100012794;178 851;7;3;2;1;1;1
202100012795;178 846;7;1;0;1;1;1
202100012795;178 847;7;0;2;6;0;1
202100012795;178 848;7;1;2;2;21;1
202100012795;178 849;7;1;2;1;1;1
202100012796;178 844;7;0;2;4;23;1
202100012796;178 845;7;0;2;1;2;1
202100012797;178 842;7;0;2;4;2;1
202100012797;178 843;7;0;2;1;2;1
202100012798;178 841;33;0;0;7;1;1
202100012799;178 839;7;0;2;6;1;1
202100012799;178 840;7;0;2;2;12;1
202100012800;178 838;7;5;0;1;1;1
202100012801;178 837;33;0;2;4;1;1
202100012802;178 835;7;0;2;5;1;1
202100012802;178 836;7;0;2;6;1;1
202100012803;178 833;7;0;2;3;9;1
202100012803;178 834;37;0;2;2;9;2
202100012804;178 831;1;0;0;0;0;0
202100012804;178 832;30;0;9;8;5;1
202100012805;178 830;2;0;2;0;0;0
202100012806;178 829;50;0;0;1;15;3
202100012807;178 828;7;0;1;3;1;1
202100012808;178 826;2;1;0;2;1;1
202100012808;178 827;7;0;2;3;22;1
202100012809;178 824;2;0;2;1;2;1
202100012809;178 825;7;0;2;4;2;1
202100012810;178 822;1;0;2;1;9;5
202100012810;178 823;1;0;2;1;1;5
202100012811;178 820;7;0;2;3;15;1
202100012811;178 821;33;0;2;7;17;1
202100012812;178 819;7;3;0;1;5;1
202100012813;178 817;33;0;0;0;0;1
202100012813;178 818;7;0;2;4;1;1
202100012814;178 816;7;2;0;1;14;1
202100012815;178 814;7;0;2;8;1;1
202100012815;178 815;31;0;2;1;17;1
202100012816;178 813;33;0;1;0;17;1
202100012817;178 811;7;0;2;1;15;1
202100012817;178 812;33;0;2;7;26;1
202100012818;178 809;33;0;2;1;2;1
202100012818;178 810;7;0;2;4;2;1
202100012819;178 807;7;0;1;1;16;1
202100012820;178 805;33;0;2;1;1;1
202100012820;178 806;7;0;2;4;0;1
202100012821;178 804;7;0;1;1;1;1
202100012822;178 802;7;0;2;1;15;1
202100012822;178 803;7;0;2;0;0;1
202100012823;178 800;7;0;0;4;23;1
202100012823;178 801;7;1;0;1;2;1
202100012824;178 796;7;8;2;3;9;1
202100012824;178 797;7;0;2;2;1;1
202100012825;178 795;7;0;1;0;9;0
202100012826;178 794;7;1;0;3;14;1
202100012827;178 792;14;0;2;7;26;1
202100012827;178 793;60;0;2;7;25;5
202100012828;178 791;30;12;0;7;14;1
202100012829;178 790;10;0;1;4;23;0
202100012830;178 789;7;0;1;3;2;1
202100012831;178 788;7;0;1;1;1;1
202100012832;178 786;7;0;9;1;1;1
202100012832;178 787;1;0;2;4;1;5
202100012833;178 784;33;0;2;1;0;0
202100012833;178 785;33;0;2;1;0;1
202100012834;178 782;1;0;2;1;9;0
202100012834;178 783;7;0;2;2;9;1
202100012835;178 780;7;0;2;8;1;1
202100012835;178 781;32;0;2;1;1;1
202100012836;178 778;7;0;2;3;15;1
202100012836;178 779;30;0;2;7;17;3
202100012837;178 777;1;1;0;1;1;5
202100012838;178 775;7;0;2;2;15;1
202100012838;178 776;7;0;2;5;19;1
202100012839;178 774;40;0;1;2;1;3
202100012840;178 772;80;0;2;1;1;3
202100012840;178 773;7;0;2;1;15;1
202100012841;178 771;7;0;1;2;15;1
202100012842;178 769;33;0;2;8;1;1
202100012842;178 770;10;3;2;2;1;1
202100012843;178 767;7;0;2;4;2;1
202100012843;178 768;7;0;2;1;1;1
202100012844;178 765;34;0;2;1;5;1
202100012844;178 766;7;0;2;5;15;1
202100012845;178 763;80;0;2;1;11;3
202100012845;178 764;37;0;9;8;15;6
202100012846;178 761;7;0;0;4;23;1
202100012846;178 762;33;0;2;1;2;1
202100012847;178 759;7;0;2;1;1;1
202100012847;178 760;33;0;2;4;23;1
202100012848;178 758;7;0;1;5;4;1
202100012849;178 756;7;0;2;1;13;1
202100012849;178 757;7;0;2;1;1;1
202100012850;178 755;7;0;1;1;0;1
202100012851;178 754;7;15;0;1;14;1
202100012852;178 752;7;0;2;4;2;1
202100012852;178 753;2;0;2;1;2;1
202100012853;178 751;7;0;1;0;26;1
202100012854;178 749;7;0;2;3;2;2
202100012854;178 750;1;0;2;4;15;5
202100012855;178 747;80;0;2;1;22;3
202100012855;178 748;7;0;9;8;0;1
202100012856;178 746;7;0;1;3;15;1
202100012857;178 744;7;0;0;8;1;1
202100012857;178 745;7;0;2;1;1;1
202100012858;178 743;7;0;1;1;26;1
202100012859;178 741;7;0;2;3;0;1
202100012859;178 742;7;0;2;3;1;1
202100012860;178 739;1;0;0;0;0;0
202100012860;178 740;7;0;2;2;19;1
202100012861;178 737;32;0;2;3;21;1
202100012861;178 738;7;0;2;5;2;1
202100012862;178 735;7;0;2;7;12;1
202100012862;178 736;31;0;2;8;3;1
202100012863;178 733;31;0;2;1;3;1
202100012863;178 734;10;0;2;6;11;1
202100012864;178 731;7;0;2;4;23;1
202100012864;178 732;7;0;2;1;1;1
202100012865;178 730;7;0;1;5;1;1
202100012866;178 728;1;0;2;7;15;5
202100012866;178 729;30;0;2;0;1;0
202100012867;178 726;50;0;2;1;1;3
202100012867;178 727;7;0;2;2;1;1
202100012868;178 724;33;0;2;1;1;1
202100012868;178 725;7;0;2;3;10;1
202100012869;178 722;7;0;2;1;1;2
202100012869;178 723;7;0;2;4;23;1
202100012870;178 721;7;4;0;1;15;2
202100012871;178 719;10;0;2;2;1;1
202100012871;178 720;32;0;2;3;1;1
202100012872;178 717;80;0;2;1;1;3
202100012872;178 718;7;0;2;8;22;1
202100012873;178 716;33;0;1;2;1;0
202100012874;178 714;30;0;2;3;1;1
202100012874;178 715;7;0;2;2;15;1
202100012875;178 712;1;0;2;1;1;5
202100012875;178 713;7;0;2;2;16;1
202100012876;178 710;43;0;2;2;3;1
202100012876;178 711;7;0;2;8;15;1
202100012877;178 709;43;0;1;3;1;1
202100012878;178 707;7;0;2;4;24;1
202100012878;178 708;7;0;2;1;14;1
202100012879;178 705;7;0;2;2;1;1
202100012879;178 706;1;0;2;6;15;5
202100012880;178 703;7;0;2;1;1;1
202100012880;178 704;7;0;2;8;1;1
202100012881;178 702;43;0;0;1;15;1
202100012882;178 700;30;0;2;1;1;3
202100012882;178 701;7;0;2;4;23;1
202100012883;178 699;7;14;0;1;13;1
202100012884;178 698;13;0;1;1;17;1
202100012885;178 697;50;0;1;1;0;3
202100012886;178 695;7;0;2;2;1;1
202100012886;178 696;7;0;2;3;20;1
202100012887;178 693;7;0;2;1;19;1
202100012887;178 694;7;0;2;8;1;1
202100012888;178 692;7;0;1;6;20;1
202100012889;178 690;32;0;2;4;2;1
202100012889;178 691;7;0;2;1;2;1
202100012890;178 688;7;0;2;8;0;1
202100012890;178 689;14;0;2;1;1;1
202100012891;178 686;50;0;2;1;19;3
202100012891;178 687;10;0;2;8;2;1
202100012892;178 684;7;0;2;4;26;1
202100012892;178 685;7;1;0;1;14;1
202100012893;178 683;7;15;0;0;16;1
202100012894;178 681;7;0;2;3;1;1
202100012894;178 682;30;0;2;7;1;1
202100012895;178 679;0;0;2;1;0;0
202100012895;178 680;30;0;2;1;0;1
202100012896;178 675;7;0;2;1;1;1
202100012896;178 676;7;0;2;4;0;1
202100012896;178 677;7;0;2;4;23;1
202100012896;178 678;7;0;2;1;1;1
202100012897;178 673;7;0;2;1;15;1
202100012897;178 674;33;0;2;3;1;1
202100012898;178 671;1;1;0;0;1;5
202100012898;178 672;10;0;2;0;24;1
202100012899;178 670;32;14;0;1;1;1
202100012900;178 669;30;0;0;0;21;1
202100012901;178 668;7;0;1;1;15;1
202100012902;178 667;37;0;0;0;0;3
202100012903;178 666;7;0;1;8;1;1
202100012904;178 664;7;0;2;6;12;0
202100012904;178 665;2;0;2;2;11;0
202100012905;178 661;15;13;0;8;0;1
202100012906;178 660;7;0;1;2;1;1
202100012907;178 657;7;0;2;1;0;1
202100012907;178 658;7;0;2;1;1;1
202100012907;178 659;7;0;2;8;1;1
202100012908;178 656;7;6;0;7;1;1
202100012909;178 655;7;0;1;6;1;1
202100012910;178 653;7;0;2;1;2;1
202100012910;178 654;15;0;0;4;2;1
202100012911;178 652;7;13;0;1;1;1
202100012912;178 650;2;0;2;1;2;1
202100012912;178 651;7;0;0;6;2;1
202100012913;178 648;10;0;2;1;1;1
202100012913;178 649;7;0;2;1;1;1
202100012914;178 647;7;0;1;1;1;1
202100012915;178 645;32;0;2;1;17;1
202100012915;178 646;7;0;2;1;15;1
202100012916;178 643;7;0;2;5;15;1
202100012916;178 644;33;0;2;1;17;1
202100012917;178 641;1;0;2;6;1;5
202100012917;178 642;7;0;2;2;2;1
202100012918;178 640;7;13;0;9;13;1
202100012919;178 639;2;1;0;2;2;1
202100012920;178 638;2;0;0;8;1;1
202100012921;178 637;7;8;0;2;0;1
202100012922;178 636;33;0;0;8;1;1
202100012923;178 634;33;0;2;1;1;1
202100012923;178 635;7;0;2;3;13;1
202100012924;178 633;7;13;0;1;21;1
202100012925;178 632;33;15;0;2;1;1
202100012926;178 631;7;13;0;1;1;1
202100012927;178 629;7;0;2;3;0;1
202100012927;178 630;2;0;2;1;5;1
202100012928;178 627;7;0;2;2;19;1
202100012928;178 628;7;0;2;1;1;1
202100012929;178 625;10;0;2;1;1;1
202100012929;178 626;7;0;2;1;1;1
202100012930;178 623;33;0;0;0;21;1
202100012930;178 624;33;0;0;0;1;1
202100012931;178 622;33;13;0;1;26;1
202100012932;178 620;7;0;2;3;13;1
202100012932;178 621;7;0;2;6;1;1
202100012933;178 619;33;16;0;0;0;1
202100012934;178 616;7;0;9;1;1;1
202100012934;178 617;7;0;0;3;1;1
202100012934;178 618;7;3;2;2;17;1
202100012935;178 614;15;0;2;2;1;1
202100012935;178 615;2;0;2;2;13;1
202100012936;178 612;2;0;2;2;13;1
202100012936;178 613;7;0;0;7;11;1
202100012937;178 610;30;0;2;4;2;1
202100012937;178 611;7;0;2;2;2;1
202100012938;178 608;2;0;2;1;1;1
202100012938;178 609;7;0;2;2;11;1
202100012939;178 606;7;0;2;5;19;1
202100012939;178 607;7;0;2;1;1;1
202100012940;178 605;7;0;1;2;1;1
202100012941;178 604;7;0;1;3;1;1
202100012942;178 603;7;2;0;7;1;1
202100012943;178 601;7;0;2;1;1;1
202100012943;178 602;7;0;2;4;17;1
202100012944;178 599;10;0;2;4;26;1
202100012944;178 600;7;0;2;1;26;1
202100012945;178 598;7;0;0;1;1;1
202100012946;178 596;2;0;2;4;1;1
202100012946;178 597;7;0;2;0;0;0
202100012947;178 593;7;0;9;1;1;1
202100012947;178 594;7;8;2;5;15;1
202100012947;178 595;33;0;2;1;1;1
202100012948;178 591;7;0;2;1;1;1
202100012948;178 592;7;0;2;1;13;1
202100012949;178 590;1;0;0;0;0;5
202100012950;178 588;7;0;2;1;1;1
202100012950;178 589;7;0;2;1;5;1
202100012951;178 586;7;0;2;1;13;2
202100012951;178 587;7;0;2;1;1;1
202100012952;178 585;7;7;0;1;1;1
202100012953;178 583;7;0;2;2;21;1
202100012953;178 584;7;7;2;1;13;1
202100012954;178 582;7;13;0;1;1;1
202100012955;178 580;7;5;0;1;1;1
202100012956;178 578;7;0;2;3;1;1
202100012956;178 579;7;0;2;3;1;1
202100012957;178 576;7;0;2;1;1;1
202100012957;178 577;7;0;2;1;13;1
202100012958;178 575;7;2;0;8;14;1
202100012959;178 573;7;0;2;1;5;1
202100012959;178 574;2;0;2;1;5;1
202100012960;178 571;7;0;2;2;15;1
202100012960;178 572;2;0;2;2;1;1
202100012961;178 570;7;13;0;3;1;1
202100012962;178 569;30;8;0;1;2;1
202100012963;178 567;7;0;2;1;2;1
202100012963;178 568;7;3;0;4;1;1
202100012964;178 564;10;0;0;4;2;1
202100012964;178 565;7;0;2;1;2;2
202100012964;178 566;7;0;2;1;2;1
202100012965;178 562;10;0;2;1;2;1
202100012965;178 563;15;0;2;4;1;1
202100012966;178 560;33;0;2;7;1;1
202100012966;178 561;7;0;2;3;16;1
202100012967;178 559;7;0;1;2;1;1
202100012968;178 558;7;4;0;9;1;1
202100012969;178 557;34;8;0;1;2;1
202100012970;178 555;7;0;2;2;17;1
202100012970;178 556;7;0;2;3;15;1
202100012971;178 553;7;0;2;1;0;0
202100012971;178 554;1;0;0;0;0;5
202100012972;178 552;1;0;0;1;0;5
202100012973;178 550;7;0;2;5;15;1
202100012973;178 551;2;0;2;1;1;1
202100012974;178 548;2;0;2;1;1;1
202100012974;178 549;7;0;2;2;19;1
202100012975;178 546;33;0;2;2;17;1
202100012975;178 547;7;0;2;3;15;1
202100012976;178 544;7;0;9;5;2;1
202100012976;178 545;1;0;2;3;1;5
202100012977;178 542;10;0;2;3;1;1
202100012977;178 543;7;9;2;1;16;1
202100012978;178 539;10;0;2;2;2;1
202100012978;178 540;7;0;2;6;2;1
202100012978;178 541;7;0;0;5;1;2
202100012979;178 538;7;13;0;9;1;1
202100012980;178 536;7;0;2;2;15;1
202100012980;178 537;33;0;2;8;23;1
202100012981;178 535;33;0;0;9;1;1
202100012982;178 534;7;2;0;9;13;1
202100012983;178 533;7;0;0;0;1;1
202100012984;178 530;7;14;0;1;1;1
202100012984;178 531;7;0;2;2;1;1
202100012984;178 532;7;0;2;6;26;1
202100012985;178 529;7;0;1;1;1;1
202100012986;178 528;33;14;0;1;1;6
202100012987;178 526;33;0;2;7;1;1
202100012987;178 527;7;0;2;3;15;1
202100012988;178 525;2;0;0;8;1;1
202100012989;178 523;7;0;2;3;2;1
202100012989;178 524;7;0;2;1;2;1
202100012990;178 522;80;10;0;1;13;3
202100012991;178 521;7;16;0;3;13;1
202100012992;178 520;7;0;1;1;1;1
202100012993;178 519;10;13;0;3;1;1
202100012994;178 517;1;0;2;1;23;5
202100012994;178 518;7;0;2;0;1;1
202100012995;178 516;33;3;0;8;1;1
202100012996;178 514;2;0;2;1;1;1
202100012996;178 515;7;0;2;3;15;1
202100012997;178 513;7;0;1;4;4;1
202100012998;178 511;7;0;2;3;1;1
202100012998;178 512;7;0;2;3;17;1
202100012999;178 509;33;0;0;7;17;1
202100012999;178 510;7;0;0;3;15;1
202100013000;178 507;2;0;2;1;1;1
202100013000;178 508;31;0;2;1;5;1
202100013001;178 505;10;0;2;2;1;1
202100013001;178 506;7;0;0;4;1;1
202100013002;178 503;2;0;2;6;15;1
202100013002;178 504;7;0;2;1;1;1
202100013003;178 502;7;13;0;8;0;1
202100013004;178 501;33;0;0;0;3;1
202100013005;178 499;33;0;2;8;1;1
202100013005;178 500;10;0;2;2;14;1
202100013006;178 498;7;4;0;1;1;1
202100013007;178 497;7;4;0;2;1;1
202100013008;178 495;7;0;2;3;2;1
202100013008;178 496;7;0;2;5;2;0
202100013009;178 494;7;0;2;8;14;1
202100013010;178 492;7;0;2;3;1;1
202100013010;178 493;7;0;2;3;5;1
202100013011;178 490;15;0;2;1;2;1
202100013011;178 491;7;0;2;4;2;1
202100013012;178 488;7;0;2;4;2;1
202100013012;178 489;7;0;2;1;2;1
202100013013;178 487;7;3;0;1;0;1