Num_Acc;id_vehicule;categorie_vehicule;obstacle_fixe;obstacle_mobile;point_choc_initial;manoeuvre_principale;motorisation
202100013014;178 484;7;0;2;1;2;1
202100013014;178 485;7;0;2;4;2;1
202100013014;178 486;7;0;2;1;2;1
202100013015;178 483;7;0;2;9;1;1
202100013016;178 481;7;0;9;8;1;1
202100013016;178 482;34;0;2;0;0;0
202100013017;178 479;7;0;2;7;14;1
202100013017;178 480;7;0;2;6;1;1
202100013018;178 477;7;0;2;6;2;1
202100013018;178 478;7;0;2;2;1;1
202100013019;178 475;33;0;2;3;3;1
202100013019;178 476;7;0;2;2;12;1
202100013020;178 473;10;0;2;1;1;1
202100013020;178 474;7;0;2;4;2;1
202100013021;178 472;7;0;9;1;1;1
202100013022;178 470;10;0;2;4;2;1
202100013022;178 471;7;6;2;1;2;1
202100013023;178 469;1;0;1;0;0;5
202100013024;178 468;80;0;1;1;1;3
202100013025;178 466;7;0;2;5;1;1
202100013025;178 467;33;0;2;1;19;1
202100013026;178 465;1;4;0;1;1;5
202100013027;178 464;7;2;0;1;6;1
202100013028;178 462;31;0;2;2;18;1
202100013028;178 463;7;0;2;2;16;1
202100013029;178 460;33;0;2;1;17;1
202100013029;178 461;7;0;2;3;9;1
202100013030;178 458;31;0;2;1;17;1
202100013030;178 459;7;0;2;3;15;1
202100013031;178 456;7;0;2;1;15;1
202100013031;178 457;32;0;2;1;1;1
202100013032;178 455;10;0;1;0;4;1
202100013033;178 453;7;0;2;1;2;1
202100013033;178 454;7;0;2;4;1;1
202100013034;178 452;1;0;0;0;0;5
202100013035;178 450;7;0;9;1;1;1
202100013035;178 451;10;0;0;0;9;1
202100013036;178 447;7;0;2;4;0;1
202100013036;178 448;7;0;2;1;2;1
202100013036;178 449;7;0;2;1;2;1
202100013037;178 445;50;0;2;7;1;3
202100013037;178 446;10;0;2;5;16;0
202100013038;178 443;7;0;2;1;1;1
202100013038;178 444;7;0;2;1;13;1
202100013039;178 442;7;0;1;3;19;2
202100013040;178 440;33;0;2;7;17;1
202100013040;178 441;7;0;2;6;15;1
202100013041;178 435;33;11;0;1;1;1
202100013042;178 433;7;0;2;3;1;1
202100013042;178 434;7;0;2;2;10;1
202100013043;178 431;7;0;2;1;16;1
202100013043;178 432;50;0;2;8;1;3
202100013044;178 429;50;0;2;1;2;3
202100013044;178 430;7;0;2;4;2;1
202100013045;178 427;7;0;2;1;1;1
202100013045;178 428;7;0;2;8;19;1
202100013046;178 425;10;0;2;0;0;1
202100013046;178 426;10;0;2;0;0;1
202100013047;178 423;0;0;2;0;17;6
202100013047;178 424;7;0;2;8;15;0
202100013048;178 421;50;1;1;1;21;3
202100013048;178 422;7;0;1;0;24;1
202100013049;178 419;13;0;2;3;0;6
202100013049;178 420;7;0;2;3;13;1
202100013050;178 417;2;0;2;3;2;3
202100013050;178 418;7;0;9;2;0;1
202100013051;178 415;7;0;2;3;1;1
202100013051;178 416;7;0;2;2;5;1
202100013052;178 413;10;0;2;4;1;1
202100013052;178 414;10;0;2;1;1;1
202100013053;178 412;7;0;1;2;1;1
202100013054;178 410;7;0;2;8;15;1
202100013054;178 411;2;0;2;2;17;0
202100013055;178 409;34;0;2;2;17;1
202100013056;178 407;1;0;2;8;19;5
202100013056;178 408;7;0;2;1;1;3
202100013057;178 405;7;0;9;2;16;1
202100013057;178 406;30;0;2;1;18;1
202100013058;178 404;7;0;1;2;1;1
202100013059;178 402;50;1;2;7;19;3
202100013059;178 403;7;1;2;3;1;1
202100013060;178 400;10;0;2;6;0;1
202100013060;178 401;7;0;2;3;2;1
202100013061;178 398;33;0;2;0;26;1
202100013061;178 399;10;0;2;0;15;1
202100013062;178 396;3;0;2;1;2;1
202100013062;178 397;3;0;2;4;23;1
202100013063;178 394;7;0;2;1;1;1
202100013063;178 395;7;0;2;6;13;1
202100013064;178 392;7;0;2;4;20;1
202100013064;178 393;50;0;2;4;2;3
202100013065;178 390;7;9;2;3;1;1
202100013065;178 391;50;0;2;8;19;3
202100013066;178 388;1;0;2;1;2;5
202100013066;178 389;7;0;2;4;1;1
202100013067;178 386;7;0;2;3;15;1
202100013067;178 387;80;0;2;8;1;3
202100013068;178 384;31;0;2;1;13;1
202100013068;178 385;7;0;2;1;1;1
202100013069;178 382;7;0;2;7;17;1
202100013069;178 383;1;0;2;8;1;5
202100013070;178 380;7;0;2;4;15;1
202100013070;178 381;1;0;2;1;2;5
202100013071;178 378;7;0;2;7;15;1
202100013071;178 379;7;0;2;1;9;1
202100013072;178 377;7;0;1;1;15;2
202100013073;178 373;1;0;2;2;5;5
202100013073;178 374;7;0;2;2;1;1
202100013074;178 372;7;0;1;1;19;1
202100013075;178 370;33;0;2;2;1;1
202100013075;178 371;7;0;2;3;10;1
202100013076;178 368;7;0;2;0;9;1
202100013076;178 369;1;0;2;0;21;5
202100013077;178 366;7;0;2;3;26;1
202100013077;178 367;2;0;2;6;26;1
202100013078;178 364;10;0;2;1;1;1
202100013078;178 365;7;0;2;4;15;1
202100013079;178 363;50;0;1;7;26;3
202100013080;178 360;7;0;2;8;1;1
202100013080;178 361;1;0;2;1;1;5
202100013080;178 362;1;0;2;1;1;5
202100013081;178 359;7;0;1;1;1;1
202100013082;178 357;7;0;2;2;9;1
202100013082;178 358;1;0;2;8;1;5
202100013083;178 355;7;0;2;7;1;1
202100013083;178 356;1;0;2;8;1;5
202100013084;178 354;50;0;0;0;2;3
202100013085;178 352;7;0;2;5;16;1
202100013085;178 353;50;0;0;0;0;3
202100013086;178 350;32;0;2;1;1;1
202100013086;178 351;7;0;2;3;10;1
202100013087;178 348;3;0;2;1;9;1
202100013087;178 349;32;0;2;7;1;1
202100013088;178 346;10;0;2;6;15;1
202100013088;178 347;34;6;2;1;17;1
202100013089;178 344;15;0;2;7;1;1
202100013089;178 345;7;0;2;1;9;1
202100013090;178 343;7;3;0;3;13;1
202100013091;178 341;31;0;2;1;0;1
202100013091;178 342;7;0;2;2;15;1
202100013092;178 340;3;0;1;2;19;1
202100013093;178 337;80;0;2;4;2;3
202100013093;178 338;7;0;2;2;17;1
202100013094;178 335;7;0;2;2;1;1
202100013094;178 336;43;0;2;8;1;1
202100013095;178 333;7;0;2;4;1;1
202100013095;178 334;7;0;2;1;1;1
202100013096;178 331;7;0;2;3;26;1
202100013096;178 332;30;0;2;1;13;1
202100013097;178 330;7;16;0;1;26;1
202100013098;178 329;33;6;0;1;1;1
202100013099;178 327;7;0;2;4;1;1
202100013099;178 328;7;0;2;1;1;1
202100013100;178 326;30;12;0;7;1;1
202100013101;178 325;7;0;1;1;1;1
202100013102;178 323;34;0;2;1;1;1
202100013102;178 324;7;0;2;7;15;1
202100013103;178 321;7;0;9;3;15;1
202100013103;178 322;50;0;2;8;1;3
202100013104;178 319;13;0;2;8;1;1
202100013104;178 320;31;0;2;7;3;1
202100013105;178 318;15;0;1;3;1;1
202100013106;178 316;30;0;2;2;1;1
202100013106;178 317;7;0;2;3;1;1
202100013107;178 315;1;0;1;1;1;5
202100013108;178 313;1;0;2;1;1;5
202100013108;178 314;50;0;2;1;13;3
202100013109;178 311;34;0;2;1;1;1
202100013109;178 312;1;0;2;4;13;5
202100013110;178 310;32;0;1;1;1;1
202100013111;178 308;1;0;2;1;1;5
202100013111;178 309;7;0;2;2;15;1
202100013112;178 306;33;0;2;1;1;1
202100013112;178 307;7;0;2;3;9;1
202100013113;178 305;50;0;0;1;21;3
202100013114;178 303;50;0;2;1;1;3
202100013114;178 304;7;0;2;7;1;0
202100013115;178 301;30;0;2;1;1;3
202100013115;178 302;1;0;2;3;1;5
202100013116;178 300;7;0;1;3;1;1
202100013117;178 298;7;0;2;8;15;1
202100013117;178 299;10;0;2;1;17;1
202100013118;178 296;32;0;2;1;2;1
202100013118;178 297;7;0;2;3;2;1
202100013119;178 294;7;0;2;1;26;1
202100013119;178 295;2;0;2;0;26;1
202100013120;178 293;7;0;1;1;16;1
202100013121;178 292;7;0;1;1;1;1
202100013122;178 290;7;0;2;2;16;0
202100013122;178 291;1;0;2;1;1;5
202100013123;178 289;7;0;1;2;2;1
202100013124;178 287;1;0;2;4;1;0
202100013124;178 288;7;0;2;2;1;1
202100013125;178 286;33;0;0;1;21;1
202100013126;178 284;33;0;2;1;1;1
202100013126;178 285;7;0;2;8;2;1
202100013127;178 282;7;0;2;3;15;1
202100013127;178 283;7;0;2;1;1;2
202100013128;178 280;30;16;0;2;9;1
202100013128;178 281;7;0;2;8;1;1
202100013129;178 278;7;0;2;1;2;1
202100013129;178 279;7;0;0;4;2;1
202100013130;178 277;34;8;0;1;13;1
202100013131;178 274;7;0;2;7;1;1
202100013131;178 275;33;1;2;2;18;1
202100013131;178 276;7;1;2;8;22;1
202100013132;178 273;7;0;2;1;1;0
202100013133;178 271;31;0;2;1;1;1
202100013133;178 272;10;0;2;2;15;1
202100013134;178 269;7;0;2;0;11;2
202100013134;178 270;50;0;0;1;1;3
202100013135;178 266;7;0;2;1;2;1
202100013135;178 267;7;0;2;4;23;1
202100013135;178 268;7;0;2;4;23;1
202100013136;178 264;7;0;2;8;1;0
202100013136;178 265;7;0;2;7;14;1
202100013137;178 263;10;0;1;7;1;1
202100013138;178 262;7;0;1;1;19;2
202100013139;178 260;10;0;2;3;1;1
202100013139;178 261;50;0;2;1;1;3
202100013140;178 258;10;0;2;2;1;0
202100013140;178 259;32;0;2;8;16;1
202100013141;178 256;7;0;2;2;15;1
202100013141;178 257;34;0;2;1;2;1
202100013142;178 255;30;0;0;7;17;1
202100013143;178 253;7;0;2;1;1;1
202100013143;178 254;30;0;2;8;15;1
202100013144;178 252;7;0;1;1;2;1
202100013145;178 250;33;0;2;1;1;1
202100013145;178 251;7;0;2;3;16;1
202100013146;178 248;1;1;0;1;1;5
202100013146;178 249;7;0;2;8;22;1
202100013147;178 247;30;0;0;0;1;1
202100013148;178 246;7;15;1;1;6;0
202100013149;178 244;10;0;2;7;16;1
202100013149;178 245;33;0;2;8;1;1
202100013150;178 242;7;0;2;3;13;1
202100013150;178 243;15;0;2;3;1;1
202100013151;178 240;10;0;2;3;1;1
202100013151;178 241;7;0;2;3;13;1
202100013152;178 239;2;0;6;1;1;1
202100013153;178 237;7;0;2;1;0;1
202100013153;178 238;7;0;2;1;5;1
202100013154;178 235;31;0;2;1;1;1
202100013154;178 236;7;0;2;3;15;1
202100013155;178 234;7;13;0;3;1;1
202100013156;178 231;1;0;2;9;2;5
202100013156;178 232;1;0;2;9;2;2
202100013156;178 233;7;0;2;2;17;1
202100013157;178 229;7;0;2;2;1;1
202100013157;178 230;2;0;2;7;15;1
202100013158;178 228;7;9;0;1;1;1
202100013159;178 226;7;0;2;7;10;3
202100013159;178 227;7;0;2;1;2;1
202100013160;178 224;7;0;2;3;13;1
202100013160;178 225;7;0;2;1;1;1
202100013161;178 221;7;0;2;1;2;1
202100013161;178 222;7;0;2;4;2;1
202100013161;178 223;80;0;2;4;1;3
202100013162;178 220;33;13;0;7;1;1
202100013163;178 219;7;14;0;1;6;1
202100013164;178 217;7;0;2;3;0;1
202100013164;178 218;33;0;2;3;11;1
202100013165;178 215;7;0;0;1;13;1
202100013165;178 216;7;0;0;1;1;1
202100013166;178 213;10;12;2;2;15;1
202100013166;178 214;7;0;2;1;1;1
202100013167;178 211;7;0;2;1;13;1
202100013167;178 212;7;0;2;1;1;1
202100013168;178 209;1;0;2;2;13;6
202100013168;178 210;7;0;9;3;0;1
202100013169;178 208;33;0;0;0;1;1
202100013170;178 206;1;0;2;7;19;5
202100013170;178 207;10;0;2;1;9;1
202100013171;178 204;10;0;2;1;1;1
202100013171;178 205;7;0;2;8;1;1
202100013172;178 202;7;0;2;2;1;1
202100013172;178 203;10;0;2;6;1;1
202100013173;178 200;15;0;2;3;1;1
202100013173;178 201;7;0;2;3;13;1
202100013174;178 198;10;0;2;7;1;1
202100013174;178 199;7;0;2;1;1;1
202100013175;178 197;7;6;0;9;1;1
202100013176;178 196;1;0;0;0;1;5
202100013177;178 193;7;3;2;1;0;1
202100013177;178 194;7;0;2;1;0;1
202100013177;178 195;7;4;2;1;0;1
202100013178;178 191;15;0;2;1;1;1
202100013178;178 192;10;0;2;4;1;1
202100013179;178 189;7;0;2;3;15;1
202100013179;178 190;7;0;2;2;17;1
202100013180;178 187;7;0;2;1;1;1
202100013180;178 188;32;0;2;1;5;1
202100013181;178 185;7;13;0;0;1;1
202100013181;178 186;7;0;0;0;19;1
202100013182;178 183;1;0;2;7;1;5
202100013182;178 184;7;0;9;3;19;1
202100013183;178 181;32;8;2;1;19;1
202100013183;178 182;7;0;2;7;16;1
202100013184;178 180;7;2;0;1;1;1
202100013185;178 178;7;0;2;3;1;1
202100013185;178 179;7;0;2;3;13;1
202100013186;178 175;7;9;0;2;2;1
202100013187;178 174;7;0;0;2;1;1
202100013188;178 173;31;7;0;1;1;1
202100013189;178 169;7;0;2;5;1;1
202100013189;178 170;7;0;2;1;1;1
202100013189;178 171;7;0;2;4;1;1
202100013189;178 172;7;0;2;3;0;1
202100013190;178 165;7;0;2;1;0;1
202100013190;178 166;7;0;2;0;1;1
202100013190;178 167;7;0;2;6;1;1
202100013190;178 168;7;0;2;0;1;1
202100013191;178 163;7;0;2;4;2;1
202100013191;178 164;7;0;2;1;2;1
202100013192;178 161;7;0;2;1;2;1
202100013192;178 162;7;0;2;4;2;1
202100013193;178 158;7;0;2;1;2;1
202100013193;178 159;7;0;2;4;2;1
202100013193;178 160;7;0;2;4;2;1
202100013194;178 156;7;0;2;1;2;1
202100013194;178 157;7;0;2;4;2;1
202100013195;178 153;7;0;2;1;1;1
202100013195;178 154;15;0;2;1;17;1
202100013195;178 155;7;0;2;1;1;1
202100013196;178 150;7;0;2;2;12;1
202100013196;178 151;33;0;2;4;21;1
202100013196;178 152;33;0;2;1;21;1
202100013197;178 147;7;0;2;3;2;1
202100013197;178 148;7;0;2;5;2;1
202100013197;178 149;7;0;2;1;0;1
202100013198;178 145;33;0;2;2;3;1
202100013198;178 146;7;0;2;6;2;1
202100013199;178 143;15;0;2;4;2;1
202100013199;178 144;7;0;2;1;2;1
202100013200;178 140;7;0;2;4;2;1
202100013200;178 141;10;0;2;4;2;1
202100013200;178 142;10;0;2;1;2;1
202100013201;178 139;7;4;0;3;1;1
202100013202;178 137;7;0;2;1;2;1
202100013202;178 138;7;0;2;4;2;1
202100013203;178 135;10;0;2;3;15;1
202100013203;178 136;33;0;2;1;1;1
202100013204;178 134;2;1;0;1;12;1
202100013205;178 133;7;0;1;1;20;1
202100013206;178 132;7;0;1;3;9;1
202100013207;178 130;37;0;2;1;7;1
202100013207;178 131;7;0;2;1;15;1
202100013208;178 128;10;0;2;3;9;1
202100013208;178 129;7;0;2;2;15;1
202100013209;178 126;7;0;2;7;1;1
202100013209;178 127;7;0;2;8;9;1
202100013210;178 124;1;0;2;1;19;5
202100013210;178 125;7;0;2;2;16;1
202100013211;178 122;7;0;2;3;1;1
202100013211;178 123;7;0;2;1;13;1
202100013212;178 121;31;3;0;1;9;0
202100013213;178 119;33;0;2;8;1;1
202100013213;178 120;7;0;2;7;12;1
202100013214;178 117;7;0;2;4;20;1
202100013214;178 118;30;0;2;1;21;1
202100013215;178 116;10;0;1;7;0;1
202100013216;178 114;13;0;2;3;0;1
202100013216;178 115;30;0;2;1;1;1
202100013217;178 113;7;0;1;2;26;1
202100013218;178 112;7;0;1;1;9;1
202100013219;178 110;10;0;2;3;1;1
202100013219;178 111;32;0;2;1;21;1
202100013220;178 109;30;0;1;2;1;1
202100013221;178 108;7;0;1;3;1;1
202100013222;178 107;2;0;0;7;0;1
202100013223;178 105;7;6;2;2;1;1
202100013223;178 106;7;1;2;3;1;1
202100013224;178 103;7;0;2;3;1;1
202100013224;178 104;7;0;2;1;1;1
202100013225;178 101;2;0;2;8;1;1
202100013225;178 102;7;0;2;1;15;2
202100013226;178 099;7;0;2;3;20;1
202100013226;178 100;7;0;2;2;1;1
202100013227;178 096;10;0;2;1;18;1
202100013227;178 097;7;0;2;6;1;1
202100013227;178 098;7;0;2;2;1;1
202100013228;178 094;33;0;2;0;1;1
202100013228;178 095;7;0;2;7;15;1
202100013229;178 092;7;0;2;3;15;1
202100013229;178 093;30;0;2;3;3;1
202100013230;178 091;7;0;1;1;1;1
202100013231;178 090;7;0;1;1;1;1
202100013232;178 088;1;0;2;8;13;5
202100013232;178 089;15;0;2;2;2;1
202100013233;178 086;7;0;2;2;1;1
202100013233;178 087;1;0;2;8;5;0
202100013234;178 084;33;0;2;7;1;1
202100013234;178 085;10;0;2;6;1;1
202100013235;178 082;50;0;;8;25;3
202100013235;178 083;40;0;9;7;1;3
202100013236;178 081;7;0;1;2;1;1
202100013237;178 079;7;0;2;1;1;1
202100013237;178 080;7;1;2;6;19;1
202100013238;178 078;7;0;1;1;17;2
202100013239;178 076;34;0;2;1;17;1
202100013239;178 077;7;0;2;6;15;1
202100013240;178 074;7;0;2;8;16;1
202100013240;178 075;7;0;2;1;2;1
202100013241;178 072;7;0;2;1;15;1
202100013241;178 073;2;0;2;1;1;1
202100013242;178 070;1;0;2;4;1;5
202100013242;178 071;7;0;2;2;9;1
202100013243;178 069;7;0;1;3;1;1
202100013244;178 068;7;1;0;2;1;1
202100013245;178 066;7;0;2;7;1;1
202100013245;178 067;1;0;2;1;15;5
202100013246;178 064;7;0;2;4;23;1
202100013246;178 065;7;0;2;1;1;1
202100013247;178 063;7;9;1;2;14;1
202100013248;178 061;7;0;2;3;16;1
202100013248;178 062;1;0;2;1;5;5
202100013249;178 059;7;0;2;4;1;1
202100013249;178 060;14;0;2;1;1;1
202100013250;178 057;60;0;2;1;19;5
202100013250;178 058;7;0;9;3;1;1
202100013251;178 055;7;0;2;7;1;1
202100013251;178 056;7;0;2;1;1;1
202100013252;178 053;7;0;2;2;1;1
202100013252;178 054;7;0;2;7;15;1
202100013253;178 051;1;0;2;1;1;5
202100013253;178 052;7;0;9;2;15;1
202100013254;178 049;7;0;2;1;1;1
202100013254;178 050;7;0;2;4;1;1
202100013255;178 047;37;0;2;8;1;1
202100013255;178 048;7;0;9;7;12;1
202100013256;178 046;7;0;1;1;1;1
202100013257;178 044;7;0;2;1;26;1
202100013257;178 045;7;0;2;4;1;1
202100013258;178 041;7;0;2;1;2;1
202100013258;178 042;7;0;2;1;2;1
202100013258;178 043;7;0;2;4;2;1
202100013259;178 040;1;0;0;0;19;5
202100013260;178 039;7;0;1;3;1;1
202100013261;178 038;7;0;1;7;16;1
202100013262;178 036;7;0;2;1;2;1
202100013262;178 037;37;0;2;4;1;1
202100013263;178 032;7;0;2;6;9;1
202100013263;178 033;32;0;2;2;2;1
202100013264;178 031;7;0;1;1;1;1
202100013265;178 030;10;0;1;1;15;1
202100013266;178 028;7;0;2;4;1;1
202100013266;178 029;7;0;2;1;1;1
202100013267;178 026;1;0;2;2;1;5
202100013267;178 027;7;0;2;7;20;1
202100013268;178 024;7;0;2;1;1;1
202100013268;178 025;2;0;2;4;0;1
202100013269;178 022;7;0;2;2;15;1
202100013269;178 023;80;0;2;1;1;3
202100013270;178 020;1;0;2;1;15;5
202100013270;178 021;7;0;9;8;1;1
202100013271;178 019;7;0;1;2;15;1
202100013272;178 017;30;1;0;0;0;1
202100013272;178 018;7;0;2;8;22;1
202100013273;178 016;7;0;1;3;20;1
202100013274;178 015;7;0;1;1;1;1
202100013275;178 011;7;14;0;1;6;1
202100013275;178 012;7;0;0;8;23;1
202100013275;178 013;7;0;0;3;23;1
202100013275;178 014;7;0;0;5;23;1
202100013276;178 009;2;0;2;1;1;1
202100013276;178 010;7;0;2;8;1;1
202100013277;178 008;7;1;0;2;14;1
202100013278;178 006;7;0;0;4;2;1
202100013278;178 007;33;0;2;1;2;1
202100013279;178 004;30;0;2;0;9;1
202100013279;178 005;7;0;2;3;15;1
202100013280;178 002;7;0;2;3;9;1
202100013280;178 003;2;0;2;2;1;1
202100013281;178 000;7;0;2;1;15;1
202100013281;178 001;30;0;2;1;1;1
202100013282;177 998;7;0;2;7;1;1
202100013282;177 999;7;0;2;3;17;1
202100013283;177 996;1;0;2;4;0;5
202100013283;177 997;7;0;2;3;26;1
202100013284;177 995;30;0;0;7;26;1
202100013285;177 993;7;0;2;1;13;1
202100013285;177 994;7;0;2;3;1;1
202100013286;177 991;80;0;2;8;0;3
202100013286;177 992;7;0;2;5;2;1
202100013287;177 989;7;0;2;3;1;1
202100013287;177 990;7;0;2;3;1;1
202100013288;177 987;7;0;2;3;1;1
202100013288;177 988;7;0;2;2;15;1
202100013289;177 985;7;0;2;2;1;1
202100013289;177 986;7;2;0;5;18;1
202100013290;177 983;7;0;2;1;15;1
202100013290;177 984;31;0;2;1;17;1
202100013291;177 982;7;9;0;1;1;1
202100013292;177 981;7;0;1;2;16;2
202100013293;177 980;7;0;1;0;1;1
202100013294;177 978;7;0;2;1;1;1
202100013294;177 979;7;0;2;1;15;1
202100013295;177 976;32;13;2;3;1;1
202100013295;177 977;7;0;2;3;15;1
202100013296;177 975;2;0;1;1;2;1
202100013297;177 973;32;0;2;8;1;1
202100013297;177 974;10;0;2;0;15;1
202100013298;177 971;7;0;2;5;1;3
202100013298;177 972;33;0;1;1;14;1
202100013299;177 969;1;0;2;8;21;5
202100013299;177 970;7;0;2;1;15;1
202100013300;177 967;50;0;2;6;13;3
202100013300;177 968;10;0;9;6;15;1
202100013301;177 966;33;0;1;1;1;1
202100013302;177 965;31;0;1;3;1;1
202100013303;177 963;32;0;2;3;18;1
202100013303;177 964;10;0;2;2;1;1
202100013304;177 962;1;0;0;1;1;5
202100013305;177 960;1;0;2;7;1;5
202100013305;177 961;7;0;2;1;15;1
202100013306;177 959;43;12;0;8;18;1
202100013307;177 958;7;0;1;1;9;1
202100013308;177 956;14;0;2;3;24;1
202100013308;177 957;37;0;2;5;17;1
202100013309;177 955;1;1;0;2;13;5
202100013310;177 953;32;0;2;1;1;1
202100013310;177 954;7;0;2;2;15;1
202100013311;177 951;7;0;2;3;15;1
202100013311;177 952;32;0;2;3;1;1
202100013312;177 950;30;0;1;2;1;0
202100013313;177 949;31;0;1;1;1;1
202100013314;177 947;7;0;2;2;16;1
202100013314;177 948;50;0;2;1;1;3
202100013315;177 946;32;0;2;5;21;1
202100013316;177 944;1;0;2;8;19;5
202100013316;177 945;32;0;2;1;1;1
202100013317;177 942;7;0;2;0;14;1
202100013317;177 943;33;0;2;7;2;1
202100013318;177 940;7;0;2;8;1;1
202100013318;177 941;7;0;2;1;1;1
202100013319;177 939;7;1;0;2;1;1
202100013320;177 937;7;0;0;8;11;1
202100013320;177 938;34;0;0;2;1;1
202100013321;177 935;7;0;2;7;14;1
202100013321;177 936;31;0;2;3;2;1
202100013322;177 933;7;0;2;4;1;2
202100013322;177 934;33;1;2;1;1;1
202100013323;177 932;15;0;1;1;26;1
202100013324;177 931;7;0;1;1;11;1
202100013325;177 929;33;0;2;4;2;1
202100013325;177 930;7;0;2;1;2;1
202100013326;177 926;13;1;0;5;23;1
202100013326;177 927;10;1;2;9;24;1
202100013326;177 928;15;1;0;4;24;1
202100013327;177 925;30;0;2;0;26;1
202100013328;177 923;43;0;2;1;13;1
202100013328;177 924;7;0;2;3;16;3
202100013329;177 921;7;0;2;3;15;1
202100013329;177 922;2;0;2;0;0;1
202100013330;177 920;7;0;1;1;15;1
202100013331;177 918;1;0;0;0;0;5
202100013331;177 919;7;0;2;1;2;1
202100013332;177 916;7;0;2;2;2;1
202100013332;177 917;7;0;2;1;2;1
202100013333;177 913;7;1;2;5;0;1
202100013333;177 914;7;0;2;3;9;1
202100013333;177 915;7;0;2;2;26;1
202100013334;177 912;7;0;1;1;1;1
202100013335;177 911;7;0;1;1;9;0
202100013336;177 909;31;0;2;3;17;1
202100013336;177 910;10;0;2;3;15;1
202100013337;177 908;7;1;0;3;13;1
202100013338;177 907;7;1;1;1;26;1
202100013339;177 905;7;0;1;7;22;1
202100013339;177 906;1;1;0;1;1;5
202100013340;177 903;33;0;2;1;1;1
202100013340;177 904;7;0;2;5;15;1
202100013341;177 902;7;0;1;3;1;1
202100013342;177 900;33;0;2;8;13;1
202100013342;177 901;7;0;2;8;1;1
202100013343;177 898;7;0;2;1;1;1
202100013343;177 899;7;0;2;8;15;1
202100013344;177 897;7;0;1;2;1;1
202100013345;177 895;2;0;2;4;26;1
202100013345;177 896;7;0;2;3;9;1
202100013346;177 893;10;0;9;2;17;1
202100013346;177 894;2;0;2;1;13;6
202100013347;177 891;7;0;2;1;2;1
202100013347;177 892;7;0;0;4;23;1
202100013348;177 890;33;0;0;0;0;1
202100013349;177 888;31;0;2;1;5;1
202100013349;177 889;10;0;2;3;15;1
202100013350;177 886;7;0;2;1;2;1
202100013350;177 887;15;0;2;6;2;1
202100013351;177 885;14;13;0;1;16;1
202100013352;177 883;37;0;2;3;1;1
202100013352;177 884;7;0;2;1;1;1
202100013353;177 882;2;10;0;7;1;1
202100013354;177 880;7;0;9;3;9;1
202100013354;177 881;1;0;2;7;1;5
202100013355;177 879;7;0;0;1;1;1
202100013356;177 877;1;0;2;1;1;5
202100013356;177 878;7;0;0;8;19;1
202100013357;177 873;7;0;2;4;11;1
202100013357;177 874;13;0;2;1;1;1
202100013358;177 870;7;0;2;4;1;2
202100013358;177 871;7;0;2;4;1;1
202100013358;177 872;7;0;2;1;1;1
202100013359;177 868;7;14;0;1;1;1
202100013359;177 869;7;3;0;1;1;1
202100013360;177 866;7;0;2;7;12;1
202100013360;177 867;33;0;2;1;2;1
202100013361;177 863;7;0;2;4;2;1
202100013361;177 864;33;0;2;1;2;1
202100013361;177 865;7;0;2;3;1;1
202100013362;177 861;7;0;2;1;2;1
202100013362;177 862;7;0;2;4;2;2
202100013363;177 859;33;0;2;1;0;1
202100013363;177 860;10;0;2;6;11;1
202100013364;177 857;33;0;2;4;3;1
202100013364;177 858;34;0;2;1;3;1
202100013365;177 853;10;0;2;4;2;1
202100013365;177 854;7;0;2;4;2;1
202100013365;177 855;7;0;2;4;2;1
202100013365;177 856;7;0;2;1;2;1
202100013366;177 849;7;4;0;2;9;1
202100013367;177 846;33;0;2;1;3;0
202100013367;177 847;7;0;2;3;26;1
202100013367;177 848;7;0;2;5;23;1
202100013368;177 844;7;4;2;2;1;1
202100013368;177 845;10;0;2;3;11;0
202100013369;177 842;7;0;2;3;11;1
202100013369;177 843;33;0;2;7;3;1
202100013370;177 839;43;0;2;1;1;1
202100013370;177 840;7;0;2;4;1;1
202100013370;177 841;33;0;2;1;9;1
202100013371;177 836;10;0;2;1;9;1
202100013371;177 837;34;0;2;1;1;1
202100013371;177 838;7;0;2;6;1;1
202100013372;177 835;10;0;0;3;1;1
202100013373;177 831;7;0;2;0;0;1
202100013373;177 832;7;0;2;0;0;1
202100013373;177 833;7;0;2;2;0;1
202100013373;177 834;7;0;2;0;0;0
202100013374;177 828;7;0;2;4;2;1
202100013374;177 829;7;0;2;4;2;1
202100013374;177 830;10;0;2;1;2;1
202100013375;177 826;15;0;2;4;1;1
202100013375;177 827;33;0;2;1;1;1
202100013376;177 824;17;0;2;4;2;1
202100013376;177 825;17;0;2;1;2;1
202100013377;177 822;33;0;2;2;0;1
202100013377;177 823;7;0;2;6;1;1
202100013378;177 817;7;0;2;6;1;1
202100013378;177 818;7;0;2;6;1;1
202100013378;177 819;14;0;2;6;1;1
202100013378;177 820;7;0;2;3;1;1
202100013378;177 821;10;0;2;1;11;1
202100013379;177 815;7;0;2;2;16;1
202100013379;177 816;2;0;2;1;17;1
202100013380;177 814;7;0;1;1;1;1
202100013381;177 812;33;0;2;7;3;1
202100013381;177 813;7;0;2;5;1;1
202100013382;177 810;33;0;2;8;3;1
202100013382;177 811;7;0;2;7;12;1
202100013383;177 808;32;0;2;3;3;1
202100013383;177 809;7;0;2;2;12;2
202100013384;177 806;10;0;2;4;4;1
202100013384;177 807;32;0;2;7;1;1
202100013385;177 804;10;0;2;7;1;1
202100013385;177 805;7;0;2;1;1;1
202100013386;177 802;1;0;2;3;18;5
202100013386;177 803;10;0;2;2;22;1
202100013387;177 801;1;0;1;1;1;5
202100013388;177 800;7;0;1;3;2;1
202100013389;177 798;32;0;2;1;17;1
202100013389;177 799;7;0;2;3;10;1