Num_Acc;id_vehicule;categorie_vehicule;obstacle_fixe;obstacle_mobile;point_choc_initial;manoeuvre_principale;motorisation
202100013390;177 796;1;0;2;1;1;5
202100013390;177 797;10;0;2;1;20;1
202100013391;177 795;30;0;0;0;21;1
202100013392;177 793;30;0;2;8;1;1
202100013392;177 794;10;0;2;2;13;1
202100013393;177 791;33;0;2;3;2;1
202100013393;177 792;13;0;2;5;2;1
202100013394;177 788;7;0;2;4;23;1
202100013394;177 789;7;0;2;4;23;1
202100013394;177 790;7;14;0;1;2;1
202100013395;177 787;7;0;1;0;1;1
202100013396;177 786;15;0;1;8;15;1
202100013397;177 784;33;0;2;7;1;1
202100013397;177 785;32;0;2;3;13;1
202100013398;177 783;7;0;1;1;1;1
202100013399;177 781;32;0;2;1;9;1
202100013399;177 782;7;0;2;5;1;1
202100013400;177 779;2;0;2;1;16;1
202100013400;177 780;7;0;2;4;15;3
202100013401;177 778;10;0;1;3;1;1
202100013402;177 776;7;0;2;1;19;1
202100013402;177 777;7;6;2;7;1;1
202100013403;177 773;31;0;2;7;3;1
202100013403;177 774;10;0;2;6;1;1
202100013403;177 775;99;0;2;8;1;1
202100013404;177 772;7;0;1;1;1;1
202100013405;177 770;2;0;2;1;1;1
202100013405;177 771;1;0;2;1;9;5
202100013406;177 769;10;0;1;2;1;1
202100013407;177 768;32;0;2;1;26;1
202100013408;177 766;2;0;2;4;2;1
202100013408;177 767;7;0;2;1;2;1
202100013409;177 764;10;0;9;3;15;1
202100013409;177 765;33;0;2;3;26;1
202100013410;177 762;1;0;2;8;19;5
202100013410;177 763;7;0;2;2;1;1
202100013411;177 760;7;0;2;0;0;1
202100013411;177 761;14;0;2;1;19;1
202100013412;177 758;10;0;2;5;15;1
202100013412;177 759;33;0;2;1;16;1
202100013413;177 756;10;0;2;1;19;1
202100013413;177 757;7;0;2;2;1;1
202100013414;177 754;1;0;2;1;1;5
202100013414;177 755;7;0;2;2;15;1
202100013415;177 752;15;0;2;3;1;0
202100013415;177 753;7;0;2;7;9;1
202100013416;177 751;1;1;0;1;1;5
202100013417;177 749;37;0;2;5;1;1
202100013417;177 750;99;0;2;1;19;0
202100013418;177 747;7;0;2;6;15;1
202100013418;177 748;31;0;2;2;15;1
202100013419;177 745;1;0;2;1;1;5
202100013419;177 746;7;0;2;3;20;1
202100013420;177 744;50;0;0;0;0;3
202100013421;177 743;7;12;1;2;1;1
202100013422;177 740;7;0;2;1;2;1
202100013422;177 741;7;0;2;4;2;1
202100013422;177 742;7;0;2;4;2;1
202100013423;177 738;10;0;2;1;2;1
202100013423;177 739;7;0;2;6;11;1
202100013424;177 737;10;0;1;3;1;3
202100013425;177 735;33;0;2;1;1;1
202100013425;177 736;2;12;2;6;15;1
202100013426;177 733;32;0;2;1;1;1
202100013426;177 734;7;0;2;2;15;1
202100013427;177 732;7;0;1;2;0;1
202100013428;177 730;2;0;0;1;13;1
202100013428;177 731;7;0;0;3;1;1
202100013429;177 728;15;0;0;7;1;1
202100013429;177 729;7;0;0;3;19;1
202100013430;177 726;1;0;2;1;1;5
202100013430;177 727;1;0;2;1;1;5
202100013431;177 725;7;0;0;0;1;2
202100013432;177 724;33;14;0;1;1;1
202100013433;177 722;7;0;2;1;2;1
202100013433;177 723;7;0;0;4;15;1
202100013434;177 721;7;13;0;1;1;1
202100013435;177 719;15;0;0;4;1;1
202100013435;177 720;10;0;2;1;12;1
202100013436;177 717;7;3;2;2;1;1
202100013436;177 718;7;0;2;3;15;1
202100013437;177 715;33;0;2;1;1;1
202100013437;177 716;10;0;2;2;10;1
202100013438;177 714;31;17;0;0;21;1
202100013439;177 712;33;0;2;1;1;1
202100013439;177 713;7;0;0;3;15;1
202100013440;177 710;7;0;2;1;1;1
202100013440;177 711;7;0;2;5;19;1
202100013441;177 708;33;0;2;1;1;1
202100013441;177 709;7;0;2;2;15;1
202100013442;177 707;2;12;0;2;1;1
202100013443;177 706;7;0;1;1;1;0
202100013444;177 705;7;13;0;1;15;1
202100013445;177 703;32;0;2;2;1;1
202100013445;177 704;7;0;2;1;15;1
202100013446;177 702;7;0;1;3;1;1
202100013447;177 701;31;0;0;0;0;1
202100013448;177 700;31;2;0;1;1;1
202100013449;177 698;7;0;9;8;1;1
202100013449;177 699;32;0;2;1;1;1
202100013450;177 697;36;16;0;2;0;1
202100013451;177 695;7;0;2;2;15;2
202100013451;177 696;7;0;2;7;1;1
202100013452;177 693;20;0;0;1;1;1
202100013452;177 694;1;0;0;4;1;5
202100013453;177 692;33;0;0;1;26;1
202100013454;177 690;10;0;2;2;1;6
202100013454;177 691;7;0;2;5;15;1
202100013455;177 689;7;6;0;1;1;1
202100013456;177 687;7;0;2;2;26;1
202100013456;177 688;2;0;2;1;18;1
202100013457;177 686;33;15;0;1;1;1
202100013458;177 684;7;0;2;3;1;1
202100013458;177 685;15;0;2;3;13;1
202100013459;177 682;15;0;2;4;2;1
202100013459;177 683;10;0;2;1;2;1
202100013460;177 680;7;0;0;4;2;1
202100013460;177 681;10;0;2;1;2;1
202100013461;177 676;7;0;2;6;14;1
202100013461;177 677;2;0;2;5;17;1
202100013462;177 674;33;0;2;1;2;1
202100013462;177 675;7;0;0;4;2;1
202100013463;177 672;7;0;0;4;4;1
202100013463;177 673;2;0;0;1;23;1
202100013464;177 670;33;0;2;1;1;1
202100013464;177 671;7;0;2;5;15;1
202100013465;177 667;7;0;0;4;1;1
202100013465;177 668;7;0;2;1;17;1
202100013465;177 669;7;0;2;4;1;1
202100013466;177 665;7;9;2;3;13;1
202100013466;177 666;2;0;2;1;1;1
202100013467;177 663;7;0;2;3;15;1
202100013467;177 664;30;0;2;1;17;1
202100013468;177 662;2;0;0;0;1;3
202100013469;177 661;33;3;0;1;1;1
202100013470;177 659;7;0;2;2;1;1
202100013470;177 660;3;0;2;8;10;1
202100013471;177 658;3;0;9;1;0;1
202100013472;177 656;2;0;2;1;1;1
202100013472;177 657;7;0;2;2;0;1
202100013473;177 654;30;0;2;1;1;1
202100013473;177 655;7;0;2;2;9;1
202100013474;177 652;7;0;2;0;15;1
202100013474;177 653;32;0;2;0;17;1
202100013475;177 650;1;0;2;1;0;5
202100013475;177 651;7;0;9;2;16;1
202100013476;177 647;10;0;2;2;1;1
202100013476;177 648;1;0;2;8;15;0
202100013476;177 649;1;0;2;8;15;0
202100013477;177 645;7;0;2;1;1;1
202100013477;177 646;7;0;2;1;13;1
202100013478;177 643;7;0;2;1;1;1
202100013478;177 644;7;0;2;1;13;1
202100013479;177 642;7;0;1;2;21;1
202100013480;177 640;7;0;2;4;16;1
202100013480;177 641;7;0;2;2;16;1
202100013481;177 638;7;0;2;6;20;1
202100013481;177 639;10;0;2;2;1;1
202100013482;177 636;80;0;2;7;1;3
202100013482;177 637;7;0;2;1;1;2
202100013483;177 634;50;0;2;1;1;3
202100013483;177 635;7;0;2;3;1;1
202100013484;177 632;1;0;2;1;2;5
202100013484;177 633;1;0;2;0;10;5
202100013485;177 630;7;0;2;2;15;1
202100013485;177 631;7;0;2;3;15;1
202100013486;177 628;7;0;2;3;1;3
202100013486;177 629;33;0;2;7;17;1
202100013487;177 627;7;0;1;2;1;1
202100013488;177 625;7;0;2;3;15;1
202100013488;177 626;31;0;2;1;1;1
202100013489;177 623;7;0;2;3;15;1
202100013489;177 624;30;0;2;1;1;1
202100013490;177 622;7;0;1;1;1;1
202100013491;177 620;2;0;2;1;12;1
202100013491;177 621;7;0;2;3;9;1
202100013492;177 619;7;0;1;1;1;1
202100013493;177 617;7;0;2;2;9;1
202100013493;177 618;1;0;2;6;2;0
202100013494;177 613;15;0;2;8;1;1
202100013494;177 614;10;0;2;1;17;1
202100013494;177 615;7;0;2;3;17;1
202100013494;177 616;7;0;2;1;1;1
202100013495;177 610;7;0;1;2;16;1
202100013496;177 609;3;3;0;2;15;1
202100013497;177 605;7;0;2;3;1;1
202100013497;177 606;7;0;2;3;26;0
202100013498;177 603;7;0;2;1;15;1
202100013498;177 604;7;0;2;1;1;1
202100013499;177 601;50;0;2;1;19;3
202100013499;177 602;7;0;2;2;15;0
202100013500;177 599;1;0;2;8;2;0
202100013500;177 600;7;0;2;0;17;0
202100013501;177 597;7;0;2;3;9;1
202100013501;177 598;7;0;2;2;1;1
202100013502;177 595;7;0;2;2;9;1
202100013502;177 596;1;0;2;0;25;5
202100013503;177 592;7;0;2;1;2;0
202100013503;177 593;7;0;2;1;1;0
202100013503;177 594;33;0;2;1;17;0
202100013504;177 590;7;0;2;3;15;1
202100013504;177 591;2;0;2;8;1;0
202100013505;177 588;50;0;2;5;1;3
202100013505;177 589;7;0;2;3;9;1
202100013506;177 586;33;0;2;1;1;1
202100013506;177 587;7;0;2;2;15;1
202100013507;177 584;7;0;2;3;15;1
202100013507;177 585;33;0;2;1;1;1
202100013508;177 581;2;0;2;8;1;1
202100013508;177 582;10;0;2;8;1;1
202100013508;177 583;7;0;2;3;13;1
202100013509;177 580;33;0;0;7;1;1
202100013510;177 578;7;0;2;3;10;1
202100013510;177 579;30;0;2;2;17;1
202100013511;177 577;7;0;1;1;1;1
202100013512;177 575;2;0;2;1;1;1
202100013512;177 576;7;0;2;8;20;1
202100013513;177 574;30;0;1;1;17;1
202100013514;177 572;7;0;2;2;20;1
202100013514;177 573;7;0;2;1;18;1
202100013515;177 570;7;0;9;1;26;2
202100013515;177 571;1;0;2;8;1;5
202100013516;177 568;30;0;2;1;9;1
202100013516;177 569;7;0;2;6;19;1
202100013517;177 566;80;0;2;2;25;3
202100013517;177 567;7;0;9;3;16;1
202100013518;177 564;7;0;2;5;1;1
202100013518;177 565;7;0;2;1;1;1
202100013519;177 562;7;1;0;1;1;1
202100013519;177 563;7;1;2;6;;1
202100013520;177 560;7;0;2;3;20;1
202100013520;177 561;33;0;2;1;1;1
202100013521;177 559;31;0;0;8;21;1
202100013522;177 557;10;0;2;4;2;1
202100013522;177 558;7;0;2;1;2;1
202100013523;177 555;7;0;2;1;2;1
202100013523;177 556;7;0;2;4;2;1
202100013524;177 553;7;0;2;8;26;1
202100013524;177 554;1;0;2;1;26;5
202100013525;177 551;30;0;2;2;2;1
202100013525;177 552;7;0;2;6;18;1
202100013526;177 549;1;1;0;1;1;5
202100013526;177 550;7;0;2;3;24;1
202100013527;177 547;7;0;2;7;0;0
202100013527;177 548;7;0;2;1;1;0
202100013528;177 546;7;6;0;2;1;1
202100013529;177 544;2;0;2;1;1;1
202100013529;177 545;7;0;2;7;15;1
202100013530;177 542;7;0;2;1;15;1
202100013530;177 543;2;0;2;3;1;1
202100013531;177 538;7;0;2;1;16;1
202100013531;177 539;50;0;2;1;1;3
202100013532;177 535;37;0;2;3;1;1
202100013532;177 536;7;0;2;3;1;1
202100013532;177 537;7;0;2;3;17;1
202100013533;177 534;7;0;1;1;1;1
202100013534;177 532;7;13;2;0;17;1
202100013534;177 533;7;0;2;8;1;2
202100013535;177 530;10;0;2;3;9;1
202100013535;177 531;10;0;2;5;1;1
202100013536;177 529;7;0;1;2;1;1
202100013537;177 527;80;0;2;1;1;3
202100013537;177 528;7;0;2;3;12;1
202100013538;177 525;37;0;2;5;1;1
202100013538;177 526;80;0;2;8;1;3
202100013539;177 524;7;0;1;1;15;2
202100013540;177 522;10;0;2;1;2;1
202100013540;177 523;7;0;2;4;1;1
202100013541;177 520;33;0;2;7;17;1
202100013541;177 521;7;0;9;1;19;1
202100013542;177 519;3;12;0;3;16;1
202100013543;177 514;7;0;2;2;9;1
202100013543;177 515;33;0;2;1;1;1
202100013544;177 513;37;0;1;2;2;2
202100013545;177 509;7;0;2;1;2;1
202100013545;177 510;7;0;2;4;2;1
202100013546;177 507;33;0;2;1;21;1
202100013546;177 508;10;0;2;3;9;3
202100013547;177 505;7;0;2;1;9;3
202100013547;177 506;7;0;2;7;9;1
202100013548;177 503;7;0;2;3;1;1
202100013548;177 504;60;0;2;8;19;5
202100013549;177 501;33;0;2;3;1;1
202100013549;177 502;7;0;2;5;12;1
202100013550;177 500;7;0;1;7;2;1
202100013551;177 497;30;0;9;1;0;0
202100013551;177 498;7;0;2;3;2;1
202100013551;177 499;33;0;2;3;17;1
202100013552;177 495;32;0;2;1;17;1
202100013552;177 496;7;0;2;8;15;1
202100013553;177 494;1;0;0;0;9;5
202100013554;177 492;7;0;2;3;15;2
202100013554;177 493;1;0;2;1;17;5
202100013555;177 491;33;0;0;1;16;1
202100013556;177 489;7;0;2;1;2;1
202100013556;177 490;10;0;2;1;1;1
202100013557;177 486;15;0;2;4;23;1
202100013557;177 487;7;0;2;4;23;1
202100013557;177 488;7;0;2;1;2;1
202100013558;177 485;33;3;0;1;17;1
202100013559;177 483;10;0;2;4;2;1
202100013559;177 484;7;0;2;1;2;1
202100013560;177 482;7;0;1;1;1;1
202100013561;177 479;7;0;2;4;2;1
202100013561;177 480;7;0;2;4;2;1
202100013561;177 481;7;0;2;1;2;1
202100013562;177 477;10;0;2;7;14;1
202100013562;177 478;33;0;2;1;1;1
202100013563;177 475;7;0;2;7;12;1
202100013563;177 476;33;0;2;8;3;1
202100013564;177 474;31;0;0;0;26;1
202100013565;177 473;33;0;0;0;21;1
202100013566;177 471;7;0;2;1;3;1
202100013566;177 472;31;0;2;2;12;0
202100013567;177 469;7;0;2;8;0;1
202100013567;177 470;14;0;2;2;0;1
202100013568;177 467;33;0;2;1;2;1
202100013568;177 468;7;0;2;4;2;1
202100013569;177 466;7;0;2;6;23;1
202100013570;177 464;37;0;2;4;7;1
202100013570;177 465;3;0;2;1;1;1
202100013571;177 462;10;0;2;7;1;1
202100013571;177 463;14;0;2;1;1;1
202100013572;177 460;7;0;2;3;1;1
202100013572;177 461;1;0;2;2;15;0
202100013573;177 459;7;13;0;1;14;1
202100013574;177 457;60;0;2;4;1;5
202100013574;177 458;7;0;9;1;1;1
202100013575;177 456;7;0;1;1;1;1
202100013576;177 451;2;0;2;1;1;1
202100013576;177 452;7;0;2;7;1;1
202100013577;177 448;7;0;2;8;1;1
202100013577;177 449;7;0;2;8;1;1
202100013577;177 450;10;0;2;1;19;1
202100013578;177 446;33;0;2;1;17;1
202100013578;177 447;7;0;2;3;9;1
202100013579;177 445;7;0;1;1;1;1
202100013580;177 442;10;0;2;1;1;1
202100013580;177 443;7;0;2;1;2;1
202100013580;177 444;7;0;2;4;23;1
202100013581;177 440;7;0;2;1;1;1
202100013581;177 441;7;0;2;7;26;1
202100013582;177 439;7;0;1;2;17;1
202100013583;177 437;7;0;2;0;26;0
202100013583;177 438;7;0;2;1;15;1
202100013584;177 436;37;0;1;2;1;1
202100013585;177 434;1;0;2;7;1;5
202100013585;177 435;7;0;2;1;9;1
202100013586;177 432;2;0;2;5;5;1
202100013586;177 433;7;0;2;3;15;1
202100013587;177 431;37;0;1;7;26;3
202100013588;177 429;7;0;2;2;9;1
202100013588;177 430;32;0;2;4;9;1
202100013589;177 427;1;0;2;1;1;5
202100013589;177 428;50;0;2;1;13;3
202100013590;177 426;1;0;1;9;21;5
202100013591;177 425;7;8;0;1;14;1
202100013592;177 423;7;0;2;2;17;1
202100013592;177 424;7;0;2;6;1;1
202100013593;177 422;7;1;0;2;14;2
202100013594;177 421;0;0;1;5;2;0
202100013595;177 419;32;0;2;1;19;1
202100013595;177 420;7;0;2;3;15;2
202100013596;177 418;0;0;1;0;1;
202100013597;177 417;7;0;1;0;20;1
202100013598;177 415;7;0;2;3;1;1
202100013598;177 416;7;0;2;3;13;1
202100013599;177 411;7;0;2;1;23;1
202100013599;177 412;10;0;2;3;23;1
202100013599;177 413;7;0;2;1;9;1
202100013599;177 414;2;0;2;3;1;1
202100013600;177 410;2;1;0;2;1;1
202100013601;177 408;7;0;2;4;1;1
202100013601;177 409;7;0;2;1;2;1
202100013602;177 406;2;11;0;0;0;1
202100013602;177 407;7;0;0;0;1;1
202100013603;177 404;7;0;2;1;1;1
202100013603;177 405;7;0;2;1;13;1
202100013604;177 402;30;0;2;1;1;1
202100013604;177 403;7;0;2;4;1;1
202100013605;177 400;13;0;2;3;1;1
202100013605;177 401;7;0;2;3;13;1
202100013606;177 398;1;0;2;3;16;5
202100013607;177 397;7;0;1;2;16;1
202100013608;177 395;7;0;2;3;1;1
202100013608;177 396;7;0;2;2;1;1
202100013609;177 393;7;0;2;1;1;1
202100013609;177 394;7;0;2;6;19;1
202100013610;177 391;7;0;2;4;0;1
202100013610;177 392;7;0;2;1;2;1
202100013611;177 390;7;0;1;2;1;1
202100013612;177 387;1;0;0;0;1;5
202100013613;177 385;7;0;2;4;2;1
202100013613;177 386;7;0;2;1;2;1
202100013614;177 383;32;0;2;1;17;1
202100013614;177 384;7;0;2;6;15;1
202100013615;177 380;7;0;2;1;2;1
202100013615;177 381;7;0;2;4;2;1
202100013615;177 382;7;0;2;4;2;1
202100013616;177 378;10;0;2;2;1;1
202100013616;177 379;7;15;0;1;14;1
202100013617;177 377;7;0;1;2;16;1
202100013618;177 375;37;0;2;5;17;6
202100013618;177 376;1;0;2;3;1;5
202100013619;177 373;1;0;2;4;1;5
202100013619;177 374;10;0;2;1;16;1
202100013620;177 371;33;0;2;4;1;1
202100013620;177 372;33;0;2;1;1;1
202100013621;177 369;2;0;2;4;2;1
202100013621;177 370;7;0;2;1;2;1
202100013622;177 366;7;0;2;4;2;1
202100013622;177 367;7;0;2;4;2;1
202100013622;177 368;7;0;2;1;2;1
202100013623;177 364;7;0;2;1;1;1
202100013623;177 365;7;0;2;1;1;1
202100013624;177 362;7;0;2;3;15;1
202100013624;177 363;30;0;2;2;17;1
202100013625;177 360;7;0;2;5;9;1
202100013625;177 361;33;0;2;1;1;1
202100013626;177 358;7;0;2;5;16;1
202100013626;177 359;80;0;2;1;1;3
202100013627;177 356;7;0;2;1;2;1
202100013627;177 357;31;0;2;4;2;1
202100013628;177 355;37;0;1;1;1;1
202100013629;177 354;1;1;0;1;1;5
202100013630;177 352;33;0;2;4;2;1
202100013630;177 353;33;0;2;1;2;1
202100013631;177 350;50;0;9;0;2;3
202100013631;177 351;7;0;9;0;2;1
202100013632;177 348;7;0;2;4;2;1
202100013632;177 349;2;0;2;1;2;1
202100013633;177 347;7;0;1;1;1;1
202100013634;177 345;50;0;2;1;1;3
202100013634;177 346;7;0;2;6;1;1
202100013635;177 343;7;0;2;1;23;1
202100013635;177 344;1;0;2;0;0;5
202100013636;177 342;7;0;1;1;13;1
202100013637;177 340;7;0;2;2;0;1
202100013637;177 341;37;0;2;3;1;1
202100013638;177 338;1;0;2;7;1;5
202100013638;177 339;7;0;2;2;15;1
202100013639;177 336;30;0;2;8;1;1
202100013639;177 337;7;0;2;0;17;0
202100013640;177 334;1;0;2;1;1;5
202100013640;177 335;7;0;9;3;15;1
202100013641;177 331;7;0;9;2;15;1
202100013641;177 332;80;0;2;1;1;3
202100013642;177 328;7;0;2;4;1;2
202100013642;177 329;7;0;2;4;1;1
202100013642;177 330;7;0;2;1;1;1
202100013643;177 326;2;0;2;3;26;1
202100013643;177 327;7;0;2;3;26;1
202100013644;177 324;1;0;2;1;5;0
202100013644;177 325;7;0;2;3;9;1
202100013645;177 322;7;0;2;4;23;1
202100013645;177 323;7;0;2;1;2;1
202100013646;177 320;10;0;2;2;1;1
202100013646;177 321;7;0;2;8;1;1
202100013647;177 318;7;8;2;3;2;1
202100013647;177 319;7;8;2;0;1;1
202100013648;177 315;7;1;0;3;1;3
202100013649;177 314;14;15;0;1;13;1
202100013650;177 312;10;0;2;4;2;1
202100013650;177 313;7;0;2;1;2;1
202100013651;177 310;40;0;2;1;2;3
202100013651;177 311;7;0;4;3;15;1
202100013652;177 308;10;0;2;3;1;1
202100013652;177 309;7;0;2;3;15;1
202100013653;177 307;7;0;1;1;15;1
202100013654;177 304;1;0;2;0;0;0
202100013654;177 305;7;9;9;1;21;1
202100013654;177 306;1;0;2;4;25;0
202100013655;177 302;7;0;9;2;1;3
202100013655;177 303;1;0;9;8;19;0
202100013656;177 300;7;0;2;1;15;3
202100013656;177 301;1;0;2;1;16;0
202100013657;177 298;7;0;2;1;2;0
202100013657;177 299;7;0;2;4;2;0
202100013658;177 296;31;0;2;1;21;1
202100013658;177 297;7;0;2;5;1;1
202100013659;177 295;7;0;1;2;26;1
202100013660;177 294;17;0;1;1;20;1
202100013661;177 293;7;0;1;1;1;0
202100013662;177 291;7;0;2;6;23;1
202100013662;177 292;30;14;0;2;17;1
202100013663;177 289;7;0;2;7;0;1
202100013663;177 290;30;0;2;7;19;1
202100013664;177 287;7;0;2;1;15;1
202100013664;177 288;2;0;2;1;19;1
202100013665;177 285;50;0;2;7;2;3
202100013665;177 286;7;0;2;1;25;0
202100013666;177 283;7;0;2;1;1;1
202100013666;177 284;7;0;2;7;19;1
202100013667;177 281;2;0;2;1;2;1
202100013667;177 282;7;0;0;4;23;0
202100013668;177 279;1;0;2;8;26;5
202100013668;177 280;7;0;0;0;0;1
202100013669;177 276;10;0;2;1;2;1
202100013669;177 277;7;0;2;0;0;1
202100013670;177 274;7;0;2;0;0;1
202100013670;177 275;33;0;2;1;1;1
202100013671;177 272;43;0;2;6;0;1
202100013671;177 273;7;0;2;3;15;1
202100013672;177 270;99;0;2;1;2;0
202100013672;177 271;32;0;2;4;2;1
202100013673;177 264;7;0;2;9;23;1
202100013673;177 265;7;0;2;7;23;1
202100013673;177 266;2;0;2;0;23;1
202100013673;177 267;7;0;1;1;23;1
202100013673;177 268;7;0;2;3;19;1
202100013673;177 269;7;0;2;1;26;1
202100013674;177 262;7;0;2;4;1;1
202100013674;177 263;7;0;2;1;1;1
202100013675;177 260;7;0;2;2;11;1
202100013675;177 261;7;0;2;3;11;1
202100013676;177 257;7;0;2;1;1;1
202100013676;177 258;7;0;2;4;0;1
202100013676;177 259;7;0;2;4;1;1
202100013677;177 255;13;8;0;2;2;1
202100013677;177 256;7;0;9;6;2;2
202100013678;177 253;33;0;2;1;13;1
202100013678;177 254;10;0;2;3;1;1
202100013679;177 250;7;0;2;4;1;1
202100013679;177 251;7;0;2;1;1;1
202100013679;177 252;7;0;2;4;1;1
202100013680;177 248;31;0;2;3;15;1
202100013680;177 249;1;0;2;1;1;5
202100013681;177 246;33;0;2;7;17;1
202100013681;177 247;7;0;2;8;15;1
202100013682;177 244;30;0;2;0;1;1
202100013682;177 245;50;0;2;8;19;3
202100013683;177 242;30;0;2;1;1;1
202100013683;177 243;7;0;2;3;9;1
202100013684;177 241;30;0;1;1;8;1
202100013685;177 240;33;0;1;1;1;1
202100013686;177 238;7;0;2;3;15;1
202100013686;177 239;50;0;2;1;17;3
202100013687;177 236;7;0;2;3;10;2
202100013687;177 237;43;0;2;1;17;1
202100013688;177 234;7;0;2;1;1;1
202100013688;177 235;7;0;2;2;1;1
202100013689;177 232;7;0;2;2;1;1
202100013689;177 233;33;0;2;6;15;1
202100013690;177 230;33;0;2;2;9;1
202100013690;177 231;31;0;2;2;3;1
202100013691;177 228;30;0;2;1;1;1
202100013691;177 229;7;0;2;6;1;1
202100013692;177 227;1;0;1;1;1;5
202100013693;177 225;1;0;2;1;16;5
202100013693;177 226;10;0;2;2;1;1
202100013694;177 223;1;0;2;7;1;5
202100013694;177 224;43;0;2;1;1;1
202100013695;177 222;31;1;0;2;1;1
202100013696;177 220;43;0;2;1;8;1
202100013696;177 221;7;0;2;6;15;1
202100013697;177 219;14;0;1;2;16;1
202100013698;177 217;10;0;2;1;13;0
202100013698;177 218;37;0;2;1;1;1
202100013699;177 216;30;0;2;0;16;1
202100013700;177 214;1;0;2;9;0;5
202100013700;177 215;37;0;2;1;1;1
202100013701;177 213;10;0;2;2;1;1
202100013702;177 211;37;1;0;0;0;1
202100013702;177 212;1;15;0;0;0;5
202100013703;177 209;7;0;2;2;2;1
202100013703;177 210;3;7;0;6;2;1
202100013704;177 207;10;0;2;3;9;1
202100013704;177 208;50;0;2;1;1;3
202100013705;177 205;34;0;2;2;1;1
202100013705;177 206;7;0;2;3;16;1
202100013706;177 203;7;0;2;5;15;1
202100013706;177 204;33;0;2;1;1;1
202100013707;177 201;33;0;2;1;1;1
202100013707;177 202;7;0;2;4;1;1
202100013708;177 200;7;0;1;1;26;1
202100013709;177 199;10;9;2;1;14;0
202100013710;177 197;7;14;2;1;19;1
202100013710;177 198;32;14;2;7;19;1
202100013711;177 195;34;0;2;1;18;1
202100013711;177 196;7;0;2;7;23;1
202100013712;177 193;7;0;2;3;9;2
202100013712;177 194;1;0;2;1;2;5
202100013713;177 191;1;0;2;3;26;0
202100013713;177 192;7;0;9;2;1;1
202100013714;177 190;7;1;0;3;13;1
202100013715;177 189;7;0;1;3;1;1
202100013716;177 187;0;0;2;0;0;0
202100013716;177 188;7;0;1;1;2;1
202100013717;177 185;7;0;2;3;1;1
202100013717;177 186;7;0;2;3;1;1
202100013718;177 184;7;0;0;0;1;0
202100013719;177 183;7;0;1;1;1;0
202100013720;177 181;7;0;2;1;15;1
202100013720;177 182;60;0;2;8;25;5
202100013721;177 180;32;9;0;3;13;1
202100013722;177 178;14;0;2;5;15;1
202100013722;177 179;1;0;2;3;0;5
202100013723;177 176;32;4;0;8;21;1
202100013723;177 177;7;0;0;0;26;0
202100013724;177 174;1;1;0;0;1;0
202100013724;177 175;10;0;2;8;22;0
202100013725;177 171;7;0;2;1;2;1
202100013725;177 172;7;0;2;4;23;1
202100013725;177 173;7;0;2;4;2;1
202100013726;177 170;7;0;1;2;1;1
202100013727;177 168;32;0;2;1;1;1
202100013727;177 169;1;0;2;4;15;5
202100013728;177 166;7;0;2;3;15;1
202100013728;177 167;2;0;2;1;1;1
202100013729;177 165;7;13;0;0;1;1
202100013730;177 163;50;0;2;1;1;3
202100013730;177 164;7;0;2;3;19;1
202100013731;177 162;2;1;0;1;1;1
202100013732;177 160;7;0;2;3;9;1
202100013732;177 161;10;0;2;2;1;1
202100013733;177 159;1;0;0;0;5;5
202100013734;177 157;7;0;2;3;17;1
202100013734;177 158;31;0;2;3;1;1
202100013735;177 156;33;5;0;3;1;1
202100013736;177 155;7;6;0;4;4;1
202100013737;177 153;7;0;2;3;10;1
202100013737;177 154;33;0;2;2;17;1
202100013738;177 152;7;0;1;1;26;1
202100013739;177 151;33;3;0;8;1;1
202100013740;177 149;7;0;2;1;1;1
202100013740;177 150;7;0;2;3;15;1
202100013741;177 147;7;0;2;2;17;1
202100013741;177 148;7;0;0;8;15;1
202100013742;177 145;33;0;2;8;15;1
202100013742;177 146;7;0;2;3;15;1
202100013743;177 143;7;0;2;1;1;1
202100013743;177 144;7;0;2;2;15;1
202100013744;177 141;15;0;0;4;1;1
202100013744;177 142;7;3;2;1;1;1
202100013745;177 139;21;0;2;1;1;1
202100013745;177 140;7;0;2;1;13;1
202100013746;177 137;13;0;2;5;1;0
202100013746;177 138;7;0;2;3;19;0
202100013747;177 135;33;0;2;1;1;1
202100013747;177 136;7;0;2;7;15;1
202100013748;177 134;99;13;0;9;13;1
202100013749;177 132;7;0;6;1;1;1
202100013750;177 130;1;0;2;1;1;5
202100013750;177 131;7;0;2;8;9;1
202100013751;177 129;7;13;0;1;1;1
202100013752;177 128;1;0;0;1;0;5
202100013753;177 126;7;0;2;3;0;1
202100013753;177 127;7;0;2;3;0;1
202100013754;177 125;36;0;0;3;1;1
202100013755;177 123;80;0;2;8;13;3
202100013755;177 124;15;0;9;5;17;1
202100013756;177 121;7;0;2;2;15;1
202100013756;177 122;2;0;2;1;1;1
202100013757;177 119;3;0;2;8;15;1
202100013757;177 120;33;0;2;1;17;1
202100013758;177 118;33;0;0;0;1;1
202100013759;177 116;33;0;2;1;1;1
202100013759;177 117;7;0;2;2;1;1
202100013760;177 114;2;0;2;3;1;1
202100013760;177 115;2;0;2;3;1;1
202100013761;177 112;2;0;2;1;26;1
202100013761;177 113;7;0;0;3;23;1
202100013762;177 110;7;0;9;1;16;1
202100013762;177 111;1;0;2;4;1;5
202100013763;177 109;15;3;0;0;1;1
202100013764;177 107;80;0;0;4;2;3
202100013764;177 108;3;0;9;2;2;0
202100013765;177 105;2;0;0;0;0;1
202100013765;177 106;7;0;2;2;15;1
202100013766;177 103;7;0;2;3;1;0
202100013766;177 104;33;0;2;3;1;0