Num_Acc;id_vehicule;categorie_vehicule;obstacle_fixe;obstacle_mobile;point_choc_initial;manoeuvre_principale;motorisation
202100013767;177 101;7;0;2;2;17;1
202100013767;177 102;33;0;0;4;2;6
202100013768;177 099;15;0;0;8;9;1
202100013768;177 100;7;4;0;1;1;1
202100013769;177 098;10;0;1;1;1;1
202100013770;177 097;7;2;0;2;0;1
202100013771;177 095;1;0;2;0;10;5
202100013771;177 096;32;0;2;8;21;1
202100013772;177 090;7;0;1;2;1;1
202100013773;177 088;33;0;2;1;0;1
202100013773;177 089;7;0;2;2;15;1
202100013774;177 086;10;4;0;6;2;1
202100013774;177 087;7;0;2;1;1;1
202100013775;177 085;7;0;1;1;1;1
202100013776;177 084;33;4;0;3;13;1
202100013777;177 083;33;12;0;1;1;1
202100013778;177 081;7;0;9;2;2;0
202100013778;177 082;99;0;0;6;2;3
202100013779;177 079;7;0;0;3;1;1
202100013779;177 080;7;0;0;3;1;1
202100013780;177 077;2;0;2;1;1;1
202100013780;177 078;7;0;2;8;9;1
202100013781;177 075;33;0;0;7;15;1
202100013781;177 076;7;0;2;1;1;1
202100013782;177 073;7;0;2;6;1;1
202100013782;177 074;1;0;2;7;1;5
202100013783;177 070;7;0;2;6;1;1
202100013783;177 071;33;0;2;2;14;1
202100013783;177 072;7;;;;;
202100013784;177 068;7;0;2;4;2;1
202100013784;177 069;7;0;2;1;2;0
202100013785;177 065;33;0;2;1;1;1
202100013785;177 066;14;0;2;8;1;1
202100013785;177 067;10;0;2;5;1;1
202100013786;177 063;7;0;2;4;2;1
202100013786;177 064;7;0;2;1;2;1
202100013787;177 061;7;0;2;6;1;1
202100013787;177 062;14;0;2;0;12;1
202100013788;177 059;33;0;2;1;18;1
202100013788;177 060;7;0;2;4;1;1
202100013789;177 056;7;0;2;4;2;1
202100013789;177 057;10;0;0;0;0;1
202100013789;177 058;10;0;2;1;2;1
202100013790;177 055;33;3;0;9;2;1
202100013791;177 049;7;0;2;1;2;1
202100013791;177 050;7;0;2;4;2;1
202100013791;177 051;7;0;2;4;2;1
202100013791;177 052;7;0;2;4;2;1
202100013791;177 053;7;0;2;1;2;1
202100013791;177 054;7;0;2;1;2;1
202100013792;177 047;7;0;2;6;15;1
202100013792;177 048;34;0;2;7;2;1
202100013793;177 045;43;0;2;7;1;1
202100013793;177 046;7;0;2;3;11;1
202100013794;177 043;15;0;2;8;1;1
202100013794;177 044;10;0;2;7;14;1
202100013795;177 040;15;0;2;8;2;1
202100013795;177 041;15;0;2;6;2;1
202100013795;177 042;7;0;2;1;0;1
202100013796;177 038;7;4;2;3;11;1
202100013796;177 039;7;4;2;5;1;1
202100013797;177 036;7;0;2;3;11;1
202100013797;177 037;43;0;2;2;3;1
202100013798;177 034;31;0;2;1;11;1
202100013798;177 035;7;0;2;4;1;1
202100013799;177 032;7;3;2;3;1;1
202100013799;177 033;15;3;2;2;12;1
202100013800;177 029;7;0;2;7;1;1
202100013800;177 030;17;0;2;1;12;1
202100013800;177 031;7;0;2;6;1;1
202100013801;177 027;7;0;2;4;1;1
202100013801;177 028;7;0;2;1;2;1
202100013802;177 025;10;0;2;5;1;1
202100013802;177 026;31;0;2;1;1;1
202100013803;177 023;10;0;2;1;14;1
202100013803;177 024;17;0;2;6;2;1
202100013804;177 022;33;1;0;1;14;1
202100013805;177 020;2;0;2;1;1;3
202100013805;177 021;7;0;2;3;1;1
202100013806;177 018;7;0;1;1;1;0
202100013807;177 016;10;0;0;3;23;1
202100013807;177 017;30;0;0;0;1;1
202100013808;177 014;2;0;2;4;1;1
202100013808;177 015;10;0;2;1;9;1
202100013809;177 012;1;0;2;8;1;5
202100013809;177 013;10;0;2;1;15;1
202100013810;177 010;1;0;2;8;19;5
202100013810;177 011;7;0;2;2;1;1
202100013811;177 009;7;0;2;1;9;1
202100013812;177 005;7;0;2;4;2;3
202100013812;177 006;7;0;2;4;2;2
202100013812;177 007;7;0;2;6;2;1
202100013812;177 008;99;0;2;1;2;1
202100013813;177 003;7;0;2;6;2;1
202100013813;177 004;32;0;2;1;13;1
202100013814;177 001;7;0;2;3;15;1
202100013814;177 002;32;0;2;7;1;1
202100013815;176 999;33;0;2;0;21;1
202100013815;177 000;7;0;2;0;15;1
202100013816;176 997;31;0;2;2;26;1
202100013816;176 998;7;0;2;3;1;1
202100013817;176 995;7;0;0;4;2;1
202100013817;176 996;7;0;2;1;1;1
202100013818;176 994;7;3;0;1;26;1
202100013819;176 992;10;0;2;8;13;1
202100013819;176 993;34;0;2;2;1;1
202100013820;176 990;7;0;2;2;16;0
202100013820;176 991;33;0;2;3;18;1
202100013821;176 988;7;0;2;2;1;1
202100013821;176 989;7;0;2;3;1;1
202100013822;176 987;7;1;0;3;1;1
202100013823;176 986;7;8;0;1;16;1
202100013824;176 984;7;0;2;3;15;1
202100013824;176 985;32;0;2;1;17;1
202100013825;176 982;7;0;2;4;2;1
202100013825;176 983;30;0;2;1;2;1
202100013826;176 980;7;0;2;1;1;1
202100013826;176 981;7;0;2;4;1;1
202100013827;176 979;7;0;1;1;20;1
202100013828;176 977;7;0;2;1;1;1
202100013828;176 978;7;0;2;1;18;1
202100013829;176 973;7;0;2;2;1;1
202100013829;176 974;30;0;2;7;15;1
202100013830;176 969;7;0;2;1;2;0
202100013830;176 970;2;0;2;5;1;1
202100013831;176 968;7;0;1;0;1;0
202100013832;176 967;7;1;0;7;4;1
202100013833;176 965;10;0;2;1;1;1
202100013833;176 966;1;0;2;7;1;5
202100013834;176 964;7;0;1;1;1;1
202100013835;176 963;7;1;0;0;0;1
202100013836;176 962;10;1;0;0;0;1
202100013837;176 960;7;0;2;6;23;1
202100013837;176 961;1;0;2;1;16;5
202100013838;176 958;31;0;2;4;15;1
202100013838;176 959;7;0;2;1;2;1
202100013839;176 956;7;0;2;5;17;1
202100013839;176 957;7;0;2;1;2;1
202100013840;176 954;99;0;2;1;1;0
202100013840;176 955;7;0;2;2;16;1
202100013841;176 952;1;0;2;8;19;5
202100013841;176 953;7;0;9;1;1;1
202100013842;176 950;7;0;9;8;1;1
202100013842;176 951;1;0;2;1;0;5
202100013843;176 948;7;0;2;7;14;1
202100013843;176 949;7;0;2;8;1;1
202100013844;176 946;7;0;2;4;2;1
202100013844;176 947;7;0;2;1;2;1
202100013845;176 945;7;0;1;2;1;1
202100013846;176 944;7;0;2;1;1;1
202100013847;176 942;33;0;2;3;17;1
202100013847;176 943;33;0;2;0;15;1
202100013848;176 941;7;8;0;1;14;1
202100013849;176 940;7;0;9;3;9;1
202100013850;176 939;7;0;1;1;16;0
202100013851;176 938;2;13;0;2;14;1
202100013852;176 936;50;0;2;2;26;3
202100013852;176 937;7;0;2;3;1;1
202100013853;176 934;7;0;2;1;1;1
202100013853;176 935;7;0;2;4;1;1
202100013854;176 933;7;8;0;3;0;1
202100013855;176 931;7;0;2;8;1;2
202100013855;176 932;10;0;2;7;17;1
202100013856;176 930;39;0;1;2;1;3
202100013857;176 928;1;0;2;1;1;5
202100013857;176 929;13;0;2;2;9;1
202100013858;176 927;7;0;1;1;16;1
202100013859;176 925;7;0;2;4;23;1
202100013859;176 926;7;14;0;1;2;1
202100013860;176 924;7;3;0;1;14;1
202100013861;176 922;1;0;2;0;19;5
202100013861;176 923;7;0;2;0;1;1
202100013862;176 920;40;0;2;0;1;3
202100013862;176 921;7;0;4;8;15;1
202100013863;176 919;7;0;1;1;1;1
202100013864;176 918;30;1;0;1;1;1
202100013865;176 917;7;9;0;2;14;1
202100013866;176 916;7;0;1;8;1;1
202100013867;176 914;7;0;2;1;2;1
202100013867;176 915;31;0;2;4;2;1
202100013868;176 912;7;0;2;8;16;1
202100013868;176 913;37;0;2;2;1;1
202100013869;176 910;7;0;2;4;1;1
202100013869;176 911;30;0;2;1;1;1
202100013870;176 908;33;0;2;1;2;1
202100013870;176 909;7;0;2;8;15;1
202100013871;176 906;13;0;1;1;1;1
202100013872;176 904;7;0;2;1;9;2
202100013872;176 905;1;0;2;1;1;5
202100013873;176 901;10;0;2;9;2;0
202100013873;176 902;10;0;2;1;2;1
202100013873;176 903;10;0;2;6;2;0
202100013874;176 900;7;0;1;2;1;1
202100013875;176 897;7;0;2;1;2;1
202100013875;176 898;7;0;2;4;2;1
202100013875;176 899;7;0;2;4;0;1
202100013876;176 896;10;11;0;0;9;1
202100013877;176 894;7;0;2;4;1;2
202100013877;176 895;1;0;2;1;15;5
202100013878;176 892;7;0;2;1;1;1
202100013878;176 893;7;0;2;7;15;1
202100013879;176 890;7;0;2;1;15;1
202100013879;176 891;32;14;2;2;2;1
202100013880;176 888;7;0;2;8;1;1
202100013880;176 889;10;0;2;3;1;1
202100013881;176 886;2;0;0;7;15;1
202100013881;176 887;7;0;2;3;9;1
202100013882;176 884;7;0;2;3;9;1
202100013882;176 885;7;0;2;6;1;1
202100013883;176 881;10;0;0;0;2;1
202100013883;176 882;2;0;0;8;2;1
202100013884;176 879;7;0;2;3;1;1
202100013884;176 880;7;0;2;3;13;1
202100013885;176 877;7;1;2;2;19;1
202100013885;176 878;31;0;2;3;1;1
202100013886;176 875;33;0;2;1;2;1
202100013886;176 876;7;0;2;5;2;1
202100013887;176 874;34;0;2;7;3;1
202100013888;176 872;32;0;2;5;1;1
202100013888;176 873;7;0;2;5;15;1
202100013889;176 871;7;0;1;3;1;1
202100013890;176 869;1;0;2;8;21;5
202100013890;176 870;30;0;2;1;1;1
202100013891;176 867;33;0;2;8;1;1
202100013891;176 868;7;0;2;1;15;1
202100013892;176 866;1;12;0;1;1;5
202100013893;176 865;32;0;1;7;1;1
202100013894;176 864;33;0;1;3;1;1
202100013895;176 862;7;0;2;2;15;1
202100013895;176 863;30;0;2;1;1;1
202100013896;176 861;10;0;1;2;15;1
202100013897;176 860;37;0;1;2;1;2
202100013898;176 858;7;0;2;8;15;1
202100013898;176 859;32;0;2;6;1;1
202100013899;176 857;7;4;0;2;1;1
202100013900;176 855;7;0;2;6;1;1
202100013900;176 856;7;1;2;2;20;1
202100013901;176 854;7;0;1;3;1;1
202100013902;176 852;7;0;2;3;19;1
202100013902;176 853;30;0;2;2;19;1
202100013903;176 850;7;0;2;3;1;1
202100013903;176 851;7;0;2;3;1;1
202100013904;176 849;32;0;1;2;0;1
202100013905;176 847;10;0;2;2;10;1
202100013905;176 848;34;0;2;1;1;1
202100013906;176 845;32;0;0;2;2;1
202100013906;176 846;7;0;2;3;15;1
202100013907;176 843;7;0;2;1;15;1
202100013907;176 844;7;9;2;5;5;1
202100013908;176 841;7;0;2;1;15;1
202100013908;176 842;99;0;2;0;0;0
202100013909;176 840;32;0;0;0;0;1
202100013910;176 838;7;0;2;2;1;1
202100013910;176 839;7;0;2;6;23;1
202100013911;176 837;33;12;0;1;1;1
202100013912;176 835;7;0;2;2;2;1
202100013912;176 836;10;0;2;6;23;1
202100013913;176 833;7;0;2;1;0;1
202100013913;176 834;7;0;0;4;0;1
202100013914;176 831;7;0;2;1;15;1
202100013914;176 832;7;0;2;1;1;1
202100013915;176 830;7;0;1;2;19;1
202100013916;176 827;33;0;2;1;1;1
202100013916;176 828;7;0;2;1;1;1
202100013916;176 829;10;0;2;1;1;1
202100013917;176 826;7;0;1;2;1;1
202100013918;176 825;7;0;1;2;1;1
202100013919;176 823;2;0;2;1;1;1
202100013919;176 824;7;0;2;8;19;1
202100013920;176 821;7;0;2;3;13;1
202100013920;176 822;15;0;2;3;1;1
202100013921;176 819;7;0;2;3;15;1
202100013921;176 820;2;0;2;1;1;1
202100013922;176 817;7;0;0;4;2;1
202100013922;176 818;7;0;2;1;2;1
202100013923;176 813;10;0;2;1;1;1
202100013923;176 814;7;0;2;1;1;1
202100013923;176 815;7;0;2;4;15;0
202100013924;176 811;7;0;2;3;1;1
202100013924;176 812;7;0;2;3;1;1
202100013925;176 810;7;6;0;2;14;1
202100013926;176 809;33;0;6;1;1;1
202100013927;176 808;7;2;0;3;14;1
202100013928;176 806;10;6;2;7;17;1
202100013928;176 807;7;0;2;8;15;1
202100013929;176 804;33;0;2;2;1;1
202100013929;176 805;7;0;2;3;19;2
202100013930;176 802;7;0;2;3;1;1
202100013930;176 803;7;0;2;3;15;1
202100013931;176 798;21;0;2;6;16;1
202100013931;176 799;7;0;2;2;17;1
202100013932;176 797;7;0;1;1;16;1
202100013933;176 796;33;2;0;1;1;1
202100013934;176 794;7;0;2;3;13;1
202100013934;176 795;2;0;2;1;13;1
202100013935;176 792;1;0;2;1;1;5
202100013935;176 793;7;0;2;3;9;1
202100013936;176 791;10;0;1;1;1;1
202100013937;176 790;10;13;0;3;1;1
202100013938;176 789;33;0;0;0;0;1
202100013939;176 787;1;0;2;8;2;5
202100013939;176 788;7;0;9;2;2;1
202100013940;176 783;7;0;2;3;0;1
202100013940;176 784;7;0;2;3;0;1
202100013941;176 781;10;0;2;7;10;1
202100013941;176 782;7;0;2;1;1;1
202100013942;176 779;2;0;2;5;19;1
202100013942;176 780;33;0;2;1;1;1
202100013943;176 777;7;0;2;3;10;1
202100013943;176 778;10;0;2;1;13;1
202100013944;176 776;7;0;0;0;0;1
202100013945;176 775;7;2;0;1;26;1
202100013946;176 774;7;2;0;1;1;2
202100013947;176 772;7;0;2;6;15;1
202100013947;176 773;33;0;2;1;1;1
202100013948;176 770;21;0;0;7;19;1
202100013948;176 771;7;0;2;1;1;1
202100013949;176 767;15;1;0;4;23;1
202100013949;176 768;15;0;0;4;23;1
202100013949;176 769;15;1;0;1;2;1
202100013950;176 765;10;0;2;1;2;1
202100013950;176 766;17;0;0;5;2;1
202100013951;176 763;7;0;2;3;0;1
202100013951;176 764;34;0;2;1;1;1
202100013952;176 762;7;4;0;1;14;1
202100013953;176 760;99;0;2;7;17;1
202100013953;176 761;15;0;2;3;1;1
202100013954;176 758;2;0;2;3;10;1
202100013954;176 759;10;0;2;2;13;0
202100013955;176 756;10;0;2;1;13;1
202100013955;176 757;15;0;2;1;1;1
202100013956;176 755;7;0;0;9;13;1
202100013957;176 754;2;0;0;2;1;1
202100013958;176 750;7;0;2;2;17;1
202100013958;176 751;7;0;2;6;1;1
202100013959;176 749;7;6;0;1;0;1
202100013960;176 747;33;0;2;2;17;1
202100013960;176 748;7;0;0;8;15;1
202100013961;176 746;7;0;1;1;1;1
202100013962;176 744;7;0;2;2;15;1
202100013962;176 745;2;0;2;9;1;1
202100013963;176 741;10;0;0;4;23;1
202100013963;176 742;33;0;2;4;23;1
202100013963;176 743;7;0;2;2;13;1
202100013964;176 740;7;0;1;1;26;1
202100013965;176 737;7;0;2;1;2;1
202100013965;176 738;7;0;2;8;2;1
202100013965;176 739;14;0;2;7;12;1
202100013966;176 735;10;0;2;3;11;1
202100013966;176 736;31;0;2;8;3;1
202100013967;176 733;7;0;2;4;2;1
202100013967;176 734;7;0;2;1;2;1
202100013968;176 731;10;0;2;2;14;1
202100013968;176 732;7;9;0;6;1;1
202100013969;176 730;33;0;0;2;3;1
202100013970;176 729;7;3;0;1;12;1
202100013971;176 727;7;0;2;4;1;2
202100013971;176 728;7;0;2;1;11;1
202100013972;176 725;7;0;2;6;11;1
202100013972;176 726;33;0;2;7;17;1
202100013973;176 723;7;0;2;4;1;1
202100013973;176 724;0;0;2;1;1;0
202100013974;176 722;33;0;0;7;16;1
202100013975;176 720;7;0;2;1;1;1
202100013975;176 721;7;0;2;4;23;1
202100013976;176 719;7;2;2;1;1;1
202100013977;176 717;7;1;2;5;1;1
202100013977;176 718;7;0;2;1;9;1
202100013978;176 715;7;0;0;1;1;
202100013978;176 716;7;0;2;1;1;
202100013979;176 713;7;0;2;1;1;1
202100013979;176 714;33;8;2;0;26;1
202100013980;176 711;1;0;2;1;1;5
202100013980;176 712;7;0;2;7;15;1
202100013981;176 709;7;0;2;7;15;1
202100013981;176 710;7;0;2;1;1;1
202100013982;176 707;1;0;2;1;1;5
202100013982;176 708;7;0;2;8;22;1
202100013983;176 706;7;6;0;1;15;1
202100013984;176 704;7;0;2;1;1;1
202100013984;176 705;7;0;2;7;0;1
202100013985;176 703;30;0;0;0;26;0
202100013986;176 701;7;0;2;3;15;1
202100013986;176 702;33;0;2;3;1;1
202100013987;176 698;3;0;2;6;1;1
202100013987;176 699;7;0;2;1;13;1
202100013987;176 700;7;0;2;1;1;1
202100013988;176 697;7;0;1;6;4;1
202100013989;176 696;7;8;0;1;13;1
202100013990;176 694;7;0;2;8;1;1
202100013990;176 695;7;0;2;2;9;1
202100013991;176 693;3;0;1;0;0;0
202100013992;176 692;7;0;1;2;26;1
202100013993;176 690;7;15;0;3;15;1
202100013993;176 691;34;0;2;1;1;1
202100013994;176 688;7;0;2;3;15;1
202100013994;176 689;33;0;2;8;1;1
202100013995;176 686;10;0;2;5;17;1
202100013995;176 687;80;0;2;1;2;3
202100013996;176 685;7;15;0;2;14;1
202100013997;176 684;7;2;0;3;13;1
202100013998;176 682;30;0;2;8;1;1
202100013998;176 683;7;0;2;8;15;1
202100013999;176 680;7;0;2;1;1;0
202100013999;176 681;7;0;2;1;5;1
202100014000;176 679;7;0;1;0;2;1
202100014001;176 677;7;0;2;1;15;1
202100014001;176 678;31;0;2;3;1;1
202100014002;176 675;7;0;2;2;1;1
202100014002;176 676;31;0;2;1;26;1
202100014003;176 673;7;0;2;8;16;0
202100014003;176 674;1;0;2;2;9;5
202100014004;176 671;7;0;2;3;19;1
202100014004;176 672;1;0;2;1;0;5
202100014005;176 669;7;15;2;1;1;1
202100014005;176 670;7;0;0;0;0;1
202100014006;176 667;33;0;2;1;1;1
202100014006;176 668;30;0;2;4;15;1
202100014007;176 665;31;0;2;4;23;1
202100014007;176 666;7;0;2;1;2;1
202100014008;176 664;7;2;0;1;1;1
202100014009;176 662;7;1;2;1;1;1
202100014009;176 663;7;1;2;2;1;1
202100014010;176 660;7;0;2;1;1;1
202100014010;176 661;7;0;2;3;15;1
202100014011;176 658;7;0;2;1;2;1
202100014011;176 659;33;0;2;4;1;1
202100014012;176 654;7;0;2;3;1;2
202100014012;176 655;10;0;2;8;1;1
202100014012;176 656;7;0;2;1;5;1
202100014012;176 657;7;0;2;1;1;1
202100014013;176 652;7;0;2;2;12;1
202100014013;176 653;1;0;2;1;1;5
202100014014;176 650;50;0;2;1;1;3
202100014014;176 651;7;0;2;0;1;0
202100014015;176 648;30;0;2;8;17;1
202100014015;176 649;30;0;2;7;16;0
202100014016;176 647;33;0;1;1;1;1
202100014017;176 644;7;0;2;2;1;1
202100014017;176 645;50;0;2;1;13;3
202100014017;176 646;7;0;2;8;22;1
202100014018;176 643;7;0;1;4;4;2
202100014019;176 641;1;0;2;4;19;5
202100014019;176 642;7;0;2;1;1;1
202100014020;176 639;7;0;2;3;1;1
202100014020;176 640;43;0;2;2;17;1
202100014021;176 637;7;0;2;4;23;1
202100014021;176 638;7;0;2;1;2;1
202100014022;176 636;33;0;0;0;1;1
202100014023;176 635;50;0;0;1;1;3
202100014024;176 634;34;0;1;1;1;1
202100014025;176 632;7;0;2;1;1;1
202100014025;176 633;7;0;2;8;1;1
202100014026;176 631;7;2;0;2;14;1
202100014027;176 628;7;0;2;4;0;1
202100014027;176 629;7;0;2;4;2;1
202100014027;176 630;7;0;2;1;1;1
202100014028;176 627;7;0;1;2;26;1
202100014029;176 626;7;0;1;1;1;1
202100014030;176 623;7;0;0;4;2;1
202100014030;176 624;7;0;0;4;2;1
202100014030;176 625;7;0;0;1;2;1
202100014031;176 622;7;8;0;2;1;1
202100014032;176 621;7;2;0;1;0;1
202100014033;176 619;7;8;2;8;19;1
202100014033;176 620;7;0;2;1;1;1
202100014034;176 617;7;0;2;2;1;1
202100014034;176 618;33;0;2;3;15;1
202100014035;176 611;7;0;2;2;15;1
202100014035;176 612;7;0;2;1;1;1
202100014036;176 609;10;0;2;1;2;1
202100014036;176 610;7;0;1;4;23;1
202100014037;176 608;2;1;0;1;0;1
202100014038;176 606;33;0;0;4;15;1
202100014038;176 607;33;0;2;1;15;1
202100014039;176 604;7;0;2;0;1;1
202100014039;176 605;7;0;2;0;1;1
202100014040;176 602;43;0;2;7;17;1
202100014040;176 603;7;0;2;3;15;1
202100014041;176 600;7;0;2;3;21;1
202100014041;176 601;7;0;2;3;0;1
202100014042;176 598;7;0;9;0;16;1
202100014042;176 599;1;0;0;0;0;5
202100014043;176 596;31;0;2;4;17;1
202100014043;176 597;7;0;2;3;1;1
202100014044;176 595;7;2;0;1;13;1
202100014045;176 594;33;2;0;1;1;1
202100014046;176 590;10;0;2;3;13;1
202100014046;176 591;7;0;2;8;1;1
202100014047;176 589;7;0;1;1;1;1
202100014048;176 587;7;9;0;4;2;1
202100014048;176 588;7;0;2;1;2;1
202100014049;176 585;31;0;2;2;17;1
202100014049;176 586;7;0;2;8;15;1
202100014050;176 584;1;0;0;0;0;5
202100014051;176 578;7;0;2;1;13;1
202100014051;176 579;33;0;2;1;1;1
202100014052;176 576;7;0;2;3;17;1
202100014052;176 577;33;0;2;1;1;1
202100014053;176 574;7;0;2;1;0;1
202100014053;176 575;7;0;2;3;2;1
202100014054;176 572;1;0;2;8;1;5
202100014054;176 573;7;0;2;8;1;2
202100014055;176 571;7;7;0;1;1;1
202100014056;176 570;7;0;0;2;14;1
202100014057;176 569;31;15;0;1;1;1
202100014058;176 567;10;0;2;1;1;1
202100014058;176 568;7;0;2;7;19;1
202100014059;176 565;7;0;0;4;1;1
202100014059;176 566;2;0;2;1;1;1
202100014060;176 563;15;0;2;4;2;1
202100014060;176 564;10;0;2;1;2;1
202100014061;176 562;15;16;0;7;1;1
202100014062;176 561;7;0;1;2;2;1
202100014063;176 557;10;3;0;3;14;1
202100014064;176 556;50;12;0;0;1;3
202100014065;176 555;10;0;1;1;1;1
202100014066;176 553;10;0;2;2;2;0
202100014066;176 554;17;0;0;0;0;1
202100014067;176 552;7;13;0;1;1;1
202100014068;176 551;32;0;1;1;1;1
202100014069;176 550;7;6;1;1;1;1
202100014070;176 549;1;0;0;0;1;6
202100014071;176 546;1;0;0;0;1;5
202100014071;176 547;1;0;0;8;1;5
202100014071;176 548;7;0;9;7;17;1
202100014072;176 544;10;0;2;2;1;6
202100014072;176 545;7;0;2;7;6;1
202100014073;176 543;33;8;0;3;14;1
202100014074;176 541;7;0;2;3;13;1
202100014074;176 542;7;0;2;3;1;1
202100014075;176 539;7;0;2;1;1;1
202100014075;176 540;7;0;2;2;9;1
202100014076;176 537;7;0;2;1;16;1
202100014076;176 538;7;6;2;8;15;1
202100014077;176 535;10;0;2;1;1;1
202100014077;176 536;10;0;0;4;1;1
202100014078;176 534;14;0;1;7;1;1
202100014079;176 532;7;0;2;2;1;1
202100014079;176 533;3;0;2;8;16;0
202100014080;176 531;7;0;1;2;1;1
202100014081;176 529;33;2;2;1;13;1
202100014081;176 530;33;0;2;1;1;1
202100014082;176 528;7;6;1;1;13;2
202100014083;176 526;7;0;2;1;1;1
202100014083;176 527;7;0;2;1;13;1
202100014084;176 525;7;6;0;1;1;1
202100014085;176 523;7;0;2;8;13;1
202100014085;176 524;33;0;2;8;1;1
202100014086;176 521;3;0;2;1;16;1
202100014086;176 522;1;0;2;4;1;5
202100014087;176 520;33;6;0;4;1;1
202100014088;176 518;7;0;2;3;1;1
202100014088;176 519;7;0;2;2;13;1
202100014089;176 516;7;0;2;7;14;1
202100014089;176 517;33;0;2;8;2;1
202100014090;176 514;7;0;2;1;2;1
202100014090;176 515;7;0;2;4;2;1
202100014091;176 513;7;3;0;1;26;1
202100014092;176 511;7;0;2;4;2;1
202100014092;176 512;7;0;2;1;2;1
202100014093;176 509;33;0;2;1;3;1
202100014093;176 510;7;0;2;6;13;2
202100014094;176 507;7;0;2;4;1;1
202100014094;176 508;33;0;2;1;2;1
202100014095;176 506;10;4;0;1;18;1
202100014096;176 504;7;0;2;1;14;1
202100014096;176 505;7;0;2;4;1;1
202100014097;176 503;7;4;2;3;1;1
202100014098;176 498;7;0;2;4;2;1
202100014098;176 499;7;0;2;1;2;1
202100014098;176 500;7;0;2;1;2;1
202100014098;176 501;7;0;2;4;2;1
202100014098;176 502;7;0;2;4;2;1
202100014099;176 497;33;0;0;0;21;1
202100014100;176 495;7;0;2;6;1;1
202100014100;176 496;7;0;2;2;14;1
202100014101;176 493;7;0;2;4;2;1
202100014101;176 494;10;0;2;1;2;1
202100014102;176 491;7;0;2;1;2;0
202100014102;176 492;7;0;2;4;2;1
202100014103;176 485;7;0;2;1;2;1
202100014103;176 486;7;0;2;1;2;1
202100014103;176 487;7;0;2;4;2;1
202100014103;176 488;7;0;2;4;2;1
202100014103;176 489;10;0;2;2;21;1
202100014103;176 490;10;0;2;0;0;1
202100014104;176 483;7;0;2;4;2;1
202100014104;176 484;7;0;2;0;0;1
202100014105;176 481;7;0;2;1;1;1
202100014105;176 482;7;0;2;4;2;1
202100014106;176 479;7;0;2;1;2;1
202100014106;176 480;7;0;2;4;2;1
202100014107;176 475;7;0;2;5;1;1
202100014107;176 476;7;0;2;2;1;1
202100014107;176 477;7;0;2;8;21;1
202100014107;176 478;7;3;0;1;26;1
202100014108;176 473;10;0;2;6;11;1
202100014108;176 474;7;0;2;2;2;1
202100014109;176 470;33;0;2;3;12;1
202100014109;176 471;7;0;2;3;11;1
202100014109;176 472;7;0;2;4;1;1
202100014110;176 467;10;0;2;1;1;1
202100014110;176 468;7;0;2;4;2;1
202100014110;176 469;7;0;2;4;2;1
202100014111;176 465;7;0;2;1;12;1
202100014111;176 466;7;0;2;4;1;1
202100014112;176 463;7;0;2;1;1;1
202100014112;176 464;7;0;2;4;1;1
202100014113;176 460;7;0;2;4;2;1
202100014113;176 461;7;0;2;1;2;0
202100014113;176 462;7;0;2;1;2;1
202100014114;176 456;7;0;2;5;23;1
202100014114;176 457;2;0;2;1;5;1
202100014114;176 458;7;0;2;1;1;1
202100014114;176 459;7;0;2;3;1;2
202100014115;176 453;31;0;2;1;3;1
202100014115;176 454;7;0;2;0;12;1
202100014115;176 455;31;0;2;1;3;1
202100014116;176 451;7;0;2;1;15;1
202100014116;176 452;7;0;2;8;1;1
202100014117;176 450;32;12;0;1;1;1
202100014118;176 449;7;0;1;7;17;1
202100014119;176 448;7;0;1;1;1;1
202100014120;176 447;7;1;0;6;16;1
202100014121;176 445;7;0;9;3;15;1
202100014121;176 446;1;0;2;1;0;5
202100014122;176 444;7;13;0;2;1;1
202100014123;176 442;7;0;2;5;21;1
202100014123;176 443;30;0;2;1;1;1
202100014124;176 440;7;0;9;8;1;1
202100014124;176 441;1;0;2;1;19;5
202100014125;176 438;7;0;2;3;13;1
202100014125;176 439;2;0;2;2;2;1
202100014126;176 436;7;0;2;3;1;1
202100014126;176 437;7;0;2;3;13;1
202100014127;176 435;7;3;0;1;26;1
202100014128;176 433;7;0;2;1;15;1
202100014128;176 434;1;0;2;8;19;5
202100014129;176 431;30;0;2;1;1;1
202100014129;176 432;7;0;2;0;0;1
202100014130;176 430;30;12;0;0;0;
202100014131;176 428;7;0;2;3;11;1
202100014131;176 429;2;0;2;1;2;1
202100014132;176 426;10;0;2;6;23;1
202100014132;176 427;7;0;2;1;2;1
202100014133;176 424;33;0;2;1;1;1
202100014133;176 425;7;0;2;5;12;1
202100014134;176 421;7;0;2;2;21;1
202100014134;176 422;7;0;2;3;1;1
202100014134;176 423;7;0;2;1;15;1
202100014135;176 419;30;0;2;1;1;1
202100014135;176 420;7;0;2;5;1;1
202100014136;176 418;7;1;1;0;20;1
202100014137;176 417;7;5;0;1;1;1
202100014138;176 415;7;0;2;4;4;1
202100014138;176 416;7;0;2;5;1;1
202100014139;176 413;7;0;2;2;26;1
202100014139;176 414;7;0;2;3;1;1
202100014140;176 412;7;12;1;3;15;1
202100014141;176 411;7;0;1;2;1;1
202100014142;176 409;7;0;2;3;10;1
202100014142;176 410;2;0;2;1;1;1
202100014143;176 407;7;0;9;1;9;1
202100014143;176 408;50;0;2;8;0;3
202100014144;176 405;7;0;2;3;15;1
202100014144;176 406;2;0;2;2;17;1
202100014145;176 404;7;9;1;2;1;2
202100014146;176 403;21;0;1;2;2;1
202100014147;176 402;7;0;1;5;26;1
202100014148;176 401;10;0;1;4;20;1
202100014149;176 400;7;0;1;7;1;1
202100014150;176 397;7;0;2;2;10;1