Num_Acc;id_vehicule;categorie_vehicule;obstacle_fixe;obstacle_mobile;point_choc_initial;manoeuvre_principale;motorisation
202100014150;176 398;7;0;2;1;1;1
202100014150;176 399;37;0;2;8;1;1
202100014151;176 395;30;0;2;1;17;1
202100014151;176 396;10;0;2;3;15;1
202100014152;176 394;7;0;1;0;1;1
202100014153;176 393;30;12;0;3;1;1
202100014154;176 391;7;0;2;3;15;1
202100014154;176 392;33;0;2;1;21;1
202100014155;176 390;30;0;5;8;15;1
202100014156;176 388;7;0;2;2;14;1
202100014156;176 389;7;0;0;8;0;1
202100014157;176 387;7;1;0;5;4;1
202100014158;176 386;7;9;0;2;1;1
202100014159;176 384;1;0;2;4;15;5
202100014159;176 385;7;8;2;1;15;1
202100014160;176 382;3;0;2;1;1;2
202100014160;176 383;3;0;2;7;19;1
202100014161;176 381;7;14;1;1;14;1
202100014162;176 379;7;0;2;3;2;1
202100014162;176 380;7;0;2;1;15;1
202100014163;176 377;33;0;2;1;1;1
202100014163;176 378;7;0;2;2;15;1
202100014164;176 375;7;0;2;4;2;1
202100014164;176 376;30;0;2;1;2;1
202100014165;176 373;7;0;2;5;26;1
202100014165;176 374;2;0;2;1;1;1
202100014166;176 371;50;0;2;1;19;3
202100014166;176 372;7;0;2;3;15;1
202100014167;176 370;7;0;2;8;16;1
202100014168;176 368;7;0;2;1;1;0
202100014168;176 369;1;0;2;8;1;5
202100014169;176 366;30;0;2;1;1;1
202100014169;176 367;7;0;2;7;15;1
202100014170;176 364;7;0;2;8;23;1
202100014170;176 365;7;0;2;1;26;1
202100014171;176 362;50;0;2;8;0;3
202100014171;176 363;7;0;2;2;16;1
202100014172;176 360;7;0;2;1;5;1
202100014172;176 361;7;0;2;1;1;1
202100014173;176 357;7;0;2;4;1;1
202100014173;176 358;7;0;2;4;1;1
202100014173;176 359;7;0;2;2;1;1
202100014174;176 356;7;0;2;1;26;1
202100014175;176 355;50;0;0;0;1;3
202100014176;176 353;7;0;2;4;26;1
202100014176;176 354;7;0;2;1;2;1
202100014177;176 351;7;11;2;1;6;1
202100014177;176 352;13;0;2;8;1;1
202100014178;176 349;7;0;2;8;15;1
202100014178;176 350;2;0;2;7;1;1
202100014179;176 348;31;0;0;0;1;1
202100014180;176 346;7;0;2;1;26;1
202100014180;176 347;21;0;2;6;26;1
202100014181;176 344;7;0;2;8;1;1
202100014181;176 345;7;0;2;1;1;1
202100014182;176 343;7;0;1;1;1;1
202100014183;176 342;7;0;1;2;1;1
202100014184;176 340;33;0;2;1;1;1
202100014184;176 341;7;0;2;3;15;1
202100014185;176 338;31;0;2;3;26;6
202100014185;176 339;7;0;2;3;1;1
202100014186;176 337;7;8;4;1;26;1
202100014187;176 335;7;0;2;1;1;1
202100014187;176 336;7;0;2;1;1;1
202100014188;176 333;2;0;2;7;17;1
202100014188;176 334;7;0;0;8;22;1
202100014189;176 331;7;0;2;7;10;1
202100014189;176 332;32;0;2;8;0;1
202100014190;176 329;7;0;2;4;23;2
202100014190;176 330;7;0;2;1;2;1
202100014191;176 327;7;0;2;1;1;1
202100014191;176 328;7;0;2;4;1;1
202100014192;176 325;7;0;2;4;15;1
202100014192;176 326;31;0;2;1;1;1
202100014193;176 324;7;0;1;3;1;1
202100014194;176 322;7;0;2;3;9;1
202100014194;176 323;50;0;2;1;1;3
202100014195;176 319;7;0;2;4;2;1
202100014195;176 320;7;0;2;4;2;1
202100014195;176 321;7;0;2;1;12;1
202100014196;176 317;7;0;2;5;1;1
202100014196;176 318;32;0;2;1;11;1
202100014197;176 315;33;0;2;3;3;1
202100014197;176 316;7;0;2;5;12;1
202100014198;176 313;1;0;2;8;15;5
202100014198;176 314;33;0;2;2;1;1
202100014199;176 311;30;0;2;1;1;1
202100014199;176 312;7;0;2;2;15;1
202100014200;176 309;7;0;2;2;18;1
202100014200;176 310;30;0;2;3;12;1
202100014201;176 307;10;0;2;1;9;1
202100014201;176 308;34;0;2;7;2;1
202100014202;176 305;7;0;2;6;1;1
202100014202;176 306;30;0;2;7;17;3
202100014203;176 304;10;0;1;4;4;1
202100014204;176 302;1;0;2;1;1;5
202100014204;176 303;7;0;2;2;15;1
202100014205;176 301;30;0;0;7;21;1
202100014206;176 300;7;9;0;4;4;1
202100014207;176 297;30;1;2;2;14;1
202100014207;176 298;7;0;2;4;1;1
202100014207;176 299;7;0;2;8;24;1
202100014208;176 295;33;0;2;1;1;1
202100014208;176 296;7;0;2;6;15;1
202100014209;176 293;7;0;2;3;15;2
202100014209;176 294;32;0;2;2;15;1
202100014210;176 292;31;0;0;8;1;1
202100014211;176 291;30;12;0;1;13;3
202100014212;176 290;7;0;1;1;15;1
202100014213;176 288;32;0;2;1;1;1
202100014213;176 289;10;0;2;0;16;1
202100014214;176 286;33;0;2;1;1;1
202100014214;176 287;7;0;2;2;1;1
202100014215;176 284;7;0;2;2;15;1
202100014215;176 285;32;0;2;1;2;1
202100014216;176 283;7;0;1;8;1;1
202100014217;176 281;7;0;2;7;17;1
202100014217;176 282;7;0;2;8;1;1
202100014218;176 279;7;0;2;1;0;1
202100014218;176 280;1;0;2;4;15;5
202100014219;176 277;7;0;2;8;1;1
202100014219;176 278;10;0;2;1;5;1
202100014220;176 275;0;0;2;1;0;0
202100014220;176 276;34;0;2;7;1;1
202100014221;176 273;7;0;2;1;17;1
202100014221;176 274;32;0;2;3;1;1
202100014222;176 271;7;0;0;0;9;1
202100014222;176 272;7;0;0;2;9;1
202100014223;176 270;7;0;1;1;1;1
202100014224;176 268;33;0;2;3;2;1
202100014224;176 269;7;0;2;5;9;2
202100014225;176 263;7;0;2;0;1;1
202100014225;176 264;7;0;2;1;1;1
202100014225;176 265;7;0;2;1;13;1
202100014226;176 261;7;1;0;1;1;1
202100014226;176 262;10;14;0;4;2;0
202100014227;176 259;50;0;2;7;1;3
202100014227;176 260;7;0;2;3;15;1
202100014228;176 257;10;0;2;7;19;1
202100014228;176 258;33;0;2;1;1;1
202100014229;176 254;7;0;2;8;2;1
202100014229;176 255;7;0;2;8;14;1
202100014229;176 256;14;0;2;3;2;1
202100014230;176 252;32;0;2;1;15;1
202100014230;176 253;7;0;2;3;2;1
202100014231;176 250;33;0;2;1;1;0
202100014231;176 251;7;0;2;2;15;1
202100014232;176 248;7;0;2;4;23;1
202100014232;176 249;38;0;2;3;2;1
202100014233;176 246;34;0;2;1;1;0
202100014233;176 247;7;0;2;1;11;0
202100014234;176 245;30;12;0;2;26;3
202100014235;176 243;7;0;2;4;2;1
202100014235;176 244;2;0;2;1;2;1
202100014236;176 241;7;2;0;1;1;1
202100014236;176 242;7;2;0;9;1;1
202100014237;176 239;1;0;2;1;1;6
202100014237;176 240;7;0;2;3;9;1
202100014238;176 237;7;0;2;2;15;1
202100014238;176 238;33;0;2;1;1;1
202100014239;176 236;7;2;0;1;13;1
202100014240;176 235;32;0;0;0;1;1
202100014241;176 233;33;0;2;1;2;1
202100014241;176 234;33;0;0;8;2;1
202100014242;176 231;2;13;0;4;2;1
202100014242;176 232;10;0;2;2;2;1
202100014243;176 230;7;2;0;1;1;1
202100014244;176 228;2;0;2;1;1;1
202100014244;176 229;7;0;2;3;15;1
202100014245;176 227;2;0;0;8;1;1
202100014246;176 226;31;15;9;0;1;1
202100014247;176 225;2;0;0;0;2;1
202100014248;176 223;7;0;2;3;13;1
202100014248;176 224;20;0;2;3;1;1
202100014249;176 221;7;1;0;2;1;1
202100014250;176 219;7;0;0;8;2;1
202100014250;176 220;34;0;2;1;17;1
202100014251;176 217;33;0;2;1;17;1
202100014251;176 218;7;0;2;3;1;1
202100014252;176 215;33;0;2;1;1;1
202100014252;176 216;33;0;2;1;1;1
202100014253;176 214;7;6;0;3;1;1
202100014254;176 212;2;0;2;1;1;1
202100014254;176 213;7;0;2;2;15;1
202100014255;176 210;7;0;2;4;1;1
202100014255;176 211;33;0;2;1;1;1
202100014256;176 209;7;2;0;1;0;1
202100014257;176 208;33;16;0;7;1;1
202100014258;176 207;7;15;0;2;1;1
202100014259;176 205;33;0;2;1;1;1
202100014259;176 206;7;0;2;3;15;1
202100014260;176 204;33;13;0;1;1;1
202100014261;176 203;7;2;0;8;1;1
202100014262;176 201;7;0;2;1;1;1
202100014262;176 202;7;0;2;7;1;1
202100014263;176 200;7;8;0;1;13;1
202100014264;176 199;3;2;0;0;1;1
202100014265;176 197;7;0;2;2;9;1
202100014265;176 198;2;0;2;1;1;1
202100014266;176 196;7;2;0;3;13;1
202100014267;176 195;33;0;0;0;1;1
202100014268;176 194;33;0;0;7;13;1
202100014269;176 193;33;0;0;0;0;1
202100014270;176 191;7;0;9;3;15;1
202100014270;176 192;7;0;2;2;16;1
202100014271;176 190;7;2;0;1;1;1
202100014272;176 189;7;3;0;1;12;1
202100014273;176 186;7;0;2;4;1;1
202100014273;176 187;7;0;0;5;23;1
202100014273;176 188;7;0;2;1;1;1
202100014274;176 185;38;0;1;2;1;1
202100014275;176 183;10;0;2;3;1;1
202100014275;176 184;7;0;2;5;13;1
202100014276;176 182;30;17;0;1;0;1
202100014277;176 180;7;0;0;4;2;1
202100014277;176 181;33;0;2;1;2;1
202100014278;176 178;33;0;2;1;1;1
202100014278;176 179;7;0;2;3;1;1
202100014279;176 176;33;0;2;1;1;1
202100014279;176 177;7;0;2;7;15;1
202100014280;176 174;7;0;2;6;15;1
202100014280;176 175;33;0;2;1;1;1
202100014281;176 171;7;13;0;2;21;1
202100014281;176 172;7;0;2;2;1;1
202100014281;176 173;10;0;2;1;5;1
202100014282;176 170;33;0;0;9;0;1
202100014283;176 168;2;0;2;8;14;1
202100014283;176 169;7;0;2;1;9;1
202100014284;176 167;33;11;0;9;1;1
202100014285;176 165;2;0;2;1;2;1
202100014285;176 166;7;0;0;4;2;2
202100014286;176 163;7;0;2;4;23;1
202100014286;176 164;2;1;0;1;1;1
202100014287;176 162;7;0;0;0;15;1
202100014288;176 160;33;0;2;1;1;1
202100014288;176 161;7;0;2;3;1;1
202100014289;176 159;33;0;0;8;23;1
202100014290;176 158;33;13;0;1;1;1
202100014291;176 156;31;0;2;1;1;1
202100014291;176 157;7;0;2;1;2;1
202100014292;176 155;7;13;0;1;14;1
202100014293;176 152;7;0;2;8;1;1
202100014293;176 153;33;0;2;8;5;1
202100014294;176 151;7;7;0;9;1;1
202100014295;176 149;2;12;0;2;2;1
202100014296;176 147;7;0;2;4;2;1
202100014296;176 148;7;0;2;1;2;1
202100014297;176 146;7;9;0;3;16;1
202100014298;176 145;7;13;0;1;14;1
202100014299;176 143;7;0;2;8;11;1
202100014299;176 144;10;0;2;1;1;1
202100014300;176 141;7;4;2;1;0;1
202100014300;176 142;10;0;2;6;0;1
202100014301;176 139;7;0;2;1;1;2
202100014301;176 140;7;0;2;4;2;1
202100014302;176 137;7;0;2;7;12;1
202100014302;176 138;33;0;2;8;3;1
202100014303;176 135;14;0;2;4;2;1
202100014303;176 136;7;0;2;1;2;1
202100014304;176 133;1;0;2;0;26;5
202100014304;176 134;7;0;2;0;26;0
202100014305;176 132;7;0;1;3;1;1
202100014306;176 131;7;0;1;2;0;1
202100014307;176 130;7;0;2;1;1;1
202100014308;176 129;7;0;1;1;15;1
202100014309;176 127;7;0;2;3;15;1
202100014309;176 128;1;0;2;7;1;5
202100014310;176 124;10;0;2;6;1;1
202100014310;176 125;7;0;2;7;1;2
202100014310;176 126;31;0;2;3;3;0
202100014311;176 122;7;0;2;0;21;1
202100014311;176 123;1;0;2;0;21;0
202100014312;176 120;80;0;2;1;0;3
202100014312;176 121;7;0;2;3;9;1
202100014313;176 119;33;0;1;3;17;1
202100014314;176 117;34;0;2;1;1;1
202100014314;176 118;7;0;2;2;15;1
202100014315;176 115;7;0;9;7;1;1
202100014315;176 116;1;0;2;1;0;0
202100014316;176 113;7;0;2;2;16;0
202100014316;176 114;7;0;2;0;0;0
202100014317;176 111;7;0;2;8;9;1
202100014317;176 112;7;0;2;1;1;1
202100014318;176 109;33;4;2;1;18;1
202100014318;176 110;7;0;2;5;12;1
202100014319;176 107;7;0;2;1;1;1
202100014319;176 108;15;0;2;8;1;1
202100014320;176 105;7;3;2;3;0;1
202100014320;176 106;7;3;2;8;26;1
202100014321;176 103;32;0;2;3;1;1
202100014321;176 104;3;0;2;2;16;1
202100014322;176 102;10;0;1;0;0;1
202100014323;176 100;7;0;2;1;2;0
202100014323;176 101;7;0;2;4;2;0
202100014324;176 099;15;0;1;1;16;1
202100014325;176 098;50;0;1;1;25;3
202100014326;176 096;7;0;2;1;26;1
202100014326;176 097;7;0;2;1;26;1
202100014327;176 095;7;0;1;2;15;1
202100014328;176 093;31;0;2;1;1;1
202100014328;176 094;7;0;2;3;15;1
202100014329;176 091;10;0;2;2;0;1
202100014329;176 092;30;0;2;1;5;1
202100014330;176 089;7;0;2;1;2;1
202100014330;176 090;7;0;2;4;23;1
202100014331;176 088;7;0;1;1;19;3
202100014332;176 087;7;0;1;0;1;1
202100014333;176 085;7;0;2;1;1;1
202100014333;176 086;7;0;2;1;5;1
202100014334;176 083;10;0;2;3;10;1
202100014334;176 084;2;0;2;3;2;1
202100014335;176 082;31;12;0;7;14;1
202100014336;176 080;7;0;2;1;9;1
202100014336;176 081;15;0;2;2;1;1
202100014337;176 079;33;6;0;1;26;1
202100014338;176 077;7;0;2;1;2;1
202100014338;176 078;7;0;2;4;2;1
202100014339;176 076;7;0;1;3;1;1
202100014340;176 074;7;0;2;0;14;1
202100014340;176 075;7;0;2;0;0;1
202100014341;176 073;7;8;0;3;13;1
202100014342;176 071;2;0;2;2;1;1
202100014342;176 072;7;0;2;3;15;1
202100014343;176 069;7;0;2;1;15;1
202100014343;176 070;31;0;2;1;1;1
202100014344;176 067;31;0;2;8;0;1
202100014344;176 068;7;0;2;8;17;1
202100014345;176 065;7;0;2;2;1;1
202100014345;176 066;1;0;2;8;3;0
202100014346;176 064;7;0;1;1;1;1
202100014347;176 062;33;0;2;1;9;1
202100014347;176 063;7;0;2;3;9;1
202100014348;176 060;1;0;2;1;1;5
202100014348;176 061;7;0;2;7;1;1
202100014349;176 058;7;0;2;4;15;1
202100014349;176 059;33;0;2;1;1;1
202100014350;176 057;7;0;1;1;1;0
202100014351;176 056;32;0;1;1;17;1
202100014352;176 055;7;0;1;7;14;1
202100014353;176 053;7;0;2;3;15;1
202100014353;176 054;30;0;2;1;1;1
202100014354;176 052;33;0;1;1;1;1
202100014355;176 050;7;0;2;3;9;1
202100014355;176 051;10;0;2;8;1;1
202100014356;176 049;7;1;0;3;13;1
202100014357;176 048;20;0;1;1;26;1
202100014358;176 046;50;0;2;8;1;3
202100014358;176 047;7;0;2;1;15;1
202100014359;176 044;1;0;2;8;15;5
202100014359;176 045;7;0;2;3;1;1
202100014360;176 042;7;2;2;1;1;1
202100014360;176 043;33;9;2;2;1;1
202100014361;176 040;50;0;2;1;26;3
202100014361;176 041;7;0;9;1;1;1
202100014362;176 039;7;0;1;1;1;1
202100014363;176 038;3;12;0;1;13;1
202100014364;176 035;7;0;2;3;1;2
202100014364;176 036;7;0;2;3;1;1
202100014365;176 033;50;0;2;4;26;3
202100014365;176 034;7;0;2;1;26;2
202100014366;176 031;30;0;2;1;2;1
202100014366;176 032;7;0;2;6;2;1
202100014367;176 030;7;0;1;3;1;2
202100014368;176 029;7;0;1;1;1;0
202100014369;176 027;7;0;2;4;1;1
202100014369;176 028;7;0;2;1;1;0
202100014370;176 026;1;0;0;1;7;5
202100014371;176 023;10;0;2;1;2;1
202100014371;176 024;7;0;2;4;23;1
202100014371;176 025;7;0;2;4;23;1
202100014372;176 021;7;0;2;2;14;1
202100014372;176 022;7;0;2;3;1;1
202100014373;176 019;7;0;2;4;1;1
202100014373;176 020;33;0;2;1;26;1
202100014374;176 017;1;0;2;4;2;5
202100014374;176 018;1;0;2;1;18;5
202100014375;176 014;1;0;2;1;19;5
202100014375;176 015;32;0;2;2;1;1
202100014375;176 016;32;0;2;7;17;1
202100014376;176 013;7;0;1;1;1;1
202100014377;176 011;2;0;2;0;1;1
202100014377;176 012;7;0;2;2;15;1
202100014378;176 009;7;0;2;3;9;1
202100014378;176 010;1;0;2;4;1;5
202100014379;176 008;10;0;2;7;13;1
202100014380;176 007;7;0;1;1;1;1
202100014381;176 005;2;0;2;1;1;1
202100014381;176 006;7;0;2;1;15;1
202100014382;176 003;32;0;2;9;21;1
202100014382;176 004;7;0;2;2;15;1
202100014383;176 001;7;0;2;1;5;1
202100014383;176 002;7;0;2;3;15;0
202100014384;176 000;10;0;1;4;4;3
202100014385;175 998;33;0;2;1;17;1
202100014385;175 999;3;0;2;3;9;1
202100014386;175 997;7;0;1;1;15;1
202100014387;175 995;1;0;2;1;19;5
202100014387;175 996;7;0;2;1;15;1
202100014388;175 991;2;0;2;1;1;1
202100014388;175 992;2;0;2;1;1;1
202100014388;175 993;10;0;2;7;15;1
202100014388;175 994;30;0;2;7;15;1
202100014389;175 989;7;0;2;1;9;1
202100014389;175 990;2;0;2;7;9;1
202100014390;175 987;7;0;2;1;13;1
202100014390;175 988;7;0;2;1;1;1
202100014391;175 986;7;0;1;1;20;1
202100014392;175 985;7;0;1;4;4;1
202100014393;175 981;7;0;2;4;23;1
202100014393;175 982;7;0;2;6;23;1
202100014393;175 983;33;0;2;1;3;1
202100014393;175 984;31;0;2;1;3;1
202100014394;175 979;7;12;2;6;15;3
202100014394;175 980;37;12;2;1;1;6
202100014395;175 977;32;0;2;0;26;1
202100014395;175 978;7;0;2;0;26;1
202100014396;175 976;10;0;1;1;1;1
202100014397;175 974;7;0;2;3;18;1
202100014397;175 975;7;0;2;7;1;1
202100014398;175 971;10;0;2;1;2;1
202100014398;175 972;7;0;2;4;2;1
202100014398;175 973;7;0;2;4;23;1
202100014399;175 969;33;0;2;4;1;1
202100014399;175 970;7;0;2;3;12;1
202100014400;175 967;32;0;2;2;23;1
202100014400;175 968;33;1;2;3;1;1
202100014401;175 962;7;0;2;3;1;2
202100014401;175 963;10;0;2;6;15;1
202100014401;175 964;7;11;2;3;1;2
202100014401;175 965;10;0;2;1;1;1
202100014401;175 966;7;0;2;5;1;1
202100014402;175 961;50;0;1;1;1;3
202100014403;175 960;1;14;0;8;17;5
202100014404;175 958;43;0;2;1;2;1
202100014404;175 959;10;0;2;4;4;1
202100014405;175 950;7;0;2;1;1;1
202100014405;175 951;7;0;2;3;1;1
202100014405;175 952;7;0;2;4;1;1
202100014405;175 953;7;0;2;0;1;2
202100014405;175 954;7;0;2;4;1;1
202100014405;175 955;7;0;2;8;1;1
202100014405;175 956;7;0;2;8;24;2
202100014405;175 957;1;0;2;8;1;5
202100014406;175 948;30;0;2;3;1;1
202100014406;175 949;7;0;2;2;1;1
202100014407;175 946;1;0;2;1;1;5
202100014407;175 947;7;0;2;8;22;1
202100014408;175 944;1;0;2;1;1;5
202100014408;175 945;7;0;2;5;16;1
202100014409;175 942;7;0;2;3;1;1
202100014409;175 943;30;0;2;1;17;1
202100014410;175 940;10;0;2;0;10;1
202100014410;175 941;37;0;2;0;7;2
202100014411;175 938;10;0;2;8;15;1
202100014411;175 939;60;0;2;5;19;5
202100014412;175 937;7;0;1;3;1;2
202100014413;175 936;10;0;1;8;20;1
202100014414;175 934;7;0;2;8;13;3
202100014414;175 935;33;0;2;1;1;1
202100014415;175 932;50;0;2;1;1;3
202100014415;175 933;1;0;2;4;18;5
202100014416;175 930;30;0;2;6;15;1
202100014416;175 931;7;0;2;3;1;1
202100014417;175 928;43;0;2;8;1;1
202100014417;175 929;7;0;2;1;15;1
202100014418;175 926;7;0;0;0;0;0
202100014418;175 927;32;0;0;0;0;1
202100014419;175 923;10;0;0;4;2;1
202100014419;175 924;7;0;0;4;2;1
202100014419;175 925;7;0;0;1;2;1
202100014420;175 921;30;0;2;1;1;1
202100014420;175 922;7;0;2;7;1;1
202100014421;175 919;50;0;2;8;15;3
202100014421;175 920;7;0;9;3;1;1
202100014422;175 917;32;0;2;1;1;1
202100014422;175 918;7;1;2;4;26;1
202100014423;175 916;2;0;1;2;0;1
202100014424;175 914;50;0;2;1;0;3
202100014424;175 915;14;0;9;7;9;1
202100014425;175 912;7;0;2;8;10;1
202100014425;175 913;33;11;2;7;2;1
202100014426;175 909;7;0;2;4;1;1
202100014426;175 910;7;0;2;2;1;2
202100014426;175 911;33;0;2;4;3;1
202100014427;175 907;7;0;2;6;10;0
202100014427;175 908;2;0;2;1;1;0
202100014428;175 905;10;0;2;1;1;1
202100014428;175 906;10;0;2;3;1;1
202100014429;175 904;7;0;1;3;9;1
202100014430;175 903;7;0;1;3;15;1
202100014431;175 901;50;0;2;1;19;3
202100014431;175 902;7;0;9;3;2;1
202100014432;175 900;7;0;1;2;1;1
202100014433;175 898;3;0;2;2;1;0
202100014433;175 899;3;0;2;3;0;0
202100014434;175 896;7;14;0;1;2;1
202100014434;175 897;7;15;0;4;23;1
202100014435;175 895;33;0;1;3;21;1
202100014436;175 893;7;0;2;3;11;2
202100014436;175 894;33;0;2;2;17;1
202100014437;175 891;7;0;2;2;15;1
202100014437;175 892;2;0;2;1;1;1
202100014438;175 890;7;0;1;1;1;1
202100014439;175 889;7;0;1;1;26;0
202100014440;175 888;0;0;0;0;0;0
202100014441;175 887;7;0;1;1;1;1
202100014442;175 884;7;0;2;1;13;1
202100014442;175 885;7;0;2;1;1;1
202100014442;175 886;7;0;2;1;1;1
202100014443;175 882;31;0;2;1;1;3
202100014443;175 883;7;0;2;3;15;1
202100014444;175 880;80;0;2;4;1;3
202100014444;175 881;33;0;2;1;2;1
202100014445;175 878;7;0;2;3;15;1
202100014445;175 879;31;0;2;3;26;1
202100014446;175 876;2;0;2;0;9;1
202100014446;175 877;2;0;2;0;0;1
202100014447;175 875;7;0;1;1;15;1
202100014448;175 874;10;0;1;2;15;1
202100014449;175 872;33;0;2;1;1;1
202100014449;175 873;7;0;2;3;1;1
202100014450;175 870;10;0;2;3;22;1
202100014450;175 871;1;1;0;0;1;5
202100014451;175 868;50;0;2;1;16;3
202100014451;175 869;7;0;2;7;1;1
202100014452;175 867;7;0;1;1;26;0
202100014453;175 866;7;0;1;3;1;1
202100014454;175 865;7;2;0;1;1;1
202100014455;175 863;7;0;2;3;2;1
202100014455;175 864;33;0;2;2;2;1
202100014456;175 861;1;0;2;1;1;5
202100014456;175 862;7;0;2;3;15;1
202100014457;175 860;2;0;1;1;0;1
202100014458;175 859;10;0;1;2;1;1
202100014459;175 858;33;6;0;7;25;1
202100014460;175 857;7;4;0;9;14;1
202100014461;175 855;7;0;2;2;5;1
202100014461;175 856;31;0;2;1;13;1
202100014462;175 853;10;0;2;1;1;1
202100014462;175 854;7;2;0;0;1;1
202100014463;175 851;1;0;2;0;2;5
202100014463;175 852;7;0;2;0;15;1
202100014464;175 850;32;12;0;8;1;1
202100014465;175 847;33;0;2;1;0;1
202100014465;175 848;7;0;2;5;0;1
202100014466;175 845;7;0;2;3;13;1
202100014466;175 846;15;0;2;3;1;1
202100014467;175 843;2;0;2;1;1;1
202100014467;175 844;7;0;0;5;15;1
202100014468;175 841;7;0;2;3;11;1
202100014468;175 842;33;0;2;2;17;1
202100014469;175 840;33;0;0;9;1;1
202100014470;175 839;7;0;0;0;1;1
202100014471;175 837;7;0;2;6;15;1
202100014471;175 838;33;0;2;2;17;1
202100014472;175 835;1;0;2;6;26;6
202100014472;175 836;10;0;2;5;14;1
202100014473;175 834;33;0;0;8;15;1
202100014474;175 833;33;0;6;1;1;1
202100014475;175 831;33;0;2;1;1;1
202100014475;175 832;21;0;0;0;19;1
202100014476;175 830;33;13;0;1;15;1
202100014477;175 829;7;1;0;2;1;1
202100014478;175 827;10;0;2;3;13;1
202100014478;175 828;38;0;2;3;1;1
202100014479;175 826;30;13;0;1;0;1
202100014480;175 824;7;0;2;3;1;1
202100014480;175 825;7;0;2;3;13;1
202100014481;175 823;7;2;0;2;0;1
202100014482;175 822;7;0;1;1;2;2
202100014483;175 820;7;0;2;1;1;1
202100014483;175 821;7;0;2;1;15;1
202100014484;175 819;33;0;6;2;17;1
202100014485;175 817;7;13;2;3;1;1
202100014485;175 818;10;13;2;6;1;1
202100014486;175 816;33;0;0;0;1;1
202100014487;175 815;10;4;0;2;0;1
202100014488;175 813;7;0;2;3;1;1
202100014488;175 814;31;0;2;8;13;1
202100014489;175 811;7;0;2;3;13;1
202100014489;175 812;7;0;2;3;1;1
202100014490;175 809;7;0;2;7;1;1
202100014490;175 810;7;0;2;1;5;1
202100014491;175 808;7;3;0;3;1;1
202100014492;175 806;7;0;2;3;1;1
202100014492;175 807;1;0;2;1;1;5
202100014493;175 805;33;7;0;0;1;1
202100014494;175 803;38;0;2;1;1;1
202100014494;175 804;33;0;2;7;19;1
202100014495;175 802;7;0;1;2;16;1
202100014496;175 800;7;0;0;5;20;1
202100014496;175 801;33;0;2;1;2;1
202100014497;175 798;21;0;2;8;15;1
202100014497;175 799;7;0;2;1;17;1
202100014498;175 796;2;8;2;2;17;1
202100014498;175 797;2;0;2;3;15;1
202100014499;175 792;32;0;2;2;13;1
202100014499;175 793;10;0;0;0;1;1
202100014499;175 794;15;0;0;0;1;1
202100014499;175 795;15;15;0;7;14;1
202100014500;175 790;7;0;1;3;1;1
202100014501;175 788;33;0;2;1;1;1
202100014501;175 789;7;0;2;2;15;1
202100014502;175 786;14;0;2;3;1;1
202100014502;175 787;7;0;2;3;13;1
202100014503;175 784;7;0;2;2;15;1
202100014503;175 785;60;0;2;1;1;5
202100014504;175 783;14;0;1;1;1;1
202100014505;175 781;10;0;2;1;1;1
202100014505;175 782;34;0;0;0;1;1
202100014506;175 780;7;13;0;3;0;1
202100014507;175 778;7;0;2;2;0;1
202100014507;175 779;0;0;2;7;5;0
202100014508;175 777;7;2;0;3;13;1
202100014509;175 775;10;0;2;2;15;1
202100014509;175 776;33;0;2;1;1;1
202100014510;175 773;7;0;2;1;1;1
202100014510;175 774;7;0;2;3;5;1
202100014511;175 771;33;0;2;1;1;1
202100014511;175 772;10;0;2;2;1;1
202100014512;175 770;7;2;0;3;13;1
202100014513;175 768;7;0;2;2;15;1
202100014513;175 769;1;0;2;1;1;5
202100014514;175 766;7;0;0;0;15;1
202100014514;175 767;33;0;0;8;21;1
202100014515;175 764;7;0;2;3;17;1
202100014515;175 765;7;0;2;3;1;1
202100014516;175 762;7;0;2;3;1;2
202100014516;175 763;7;0;2;3;13;1
202100014517;175 760;7;0;2;1;19;1
202100014517;175 761;7;0;0;8;1;1
202100014518;175 758;7;0;2;8;15;1
202100014518;175 759;2;12;2;7;17;1
202100014519;175 756;7;0;2;3;1;1
202100014519;175 757;2;0;2;1;21;1
202100014520;175 753;33;0;2;1;1;1
202100014520;175 754;7;0;2;7;15;1
202100014520;175 755;7;0;2;6;1;1
202100014521;175 752;33;0;1;1;1;1
202100014522;175 750;7;0;2;8;15;1
202100014522;175 751;31;0;2;2;17;1
202100014523;175 748;7;0;1;2;1;1
202100014523;175 749;10;0;2;1;1;1
202100014524;175 746;32;0;2;2;3;1
202100014524;175 747;7;0;2;6;11;1
202100014525;175 743;7;0;2;4;1;1
202100014525;175 744;31;0;2;8;1;1
202100014525;175 745;7;0;2;7;12;1
202100014526;175 741;10;0;2;4;12;1
202100014526;175 742;33;0;2;1;1;1
202100014527;175 739;7;0;2;6;11;1
202100014527;175 740;43;0;2;1;3;1
202100014528;175 737;7;0;2;5;2;1
202100014528;175 738;33;0;2;1;2;1
202100014529;175 735;33;0;2;3;3;1
202100014529;175 736;7;0;2;2;12;1
202100014530;175 734;33;0;0;0;1;1
202100014531;175 732;0;0;2;0;0;0
202100014531;175 733;33;0;2;2;3;1
202100014532;175 730;32;0;2;3;11;1
202100014532;175 731;7;0;2;5;1;1
202100014533;175 728;7;0;2;8;11;1
202100014533;175 729;33;0;2;7;1;1
202100014534;175 727;33;0;2;8;3;1
202100014535;175 725;31;0;2;1;3;1
202100014535;175 726;7;0;2;4;1;1
202100014536;175 723;7;0;2;1;2;1
202100014536;175 724;7;0;2;4;2;1
202100014537;175 720;7;0;2;1;2;1
202100014537;175 721;7;0;2;4;2;1
202100014537;175 722;7;0;2;4;2;1