Num_Acc;id_vehicule;categorie_vehicule;obstacle_fixe;obstacle_mobile;point_choc_initial;manoeuvre_principale;motorisation
202100014538;175 718;33;0;2;1;0;1
202100014538;175 719;7;0;2;4;2;1
202100014539;175 715;10;0;2;8;11;1
202100014539;175 716;7;0;2;7;1;1
202100014539;175 717;7;0;2;8;1;2
202100014540;175 713;7;0;2;5;26;1
202100014540;175 714;7;0;2;1;9;1
202100014541;175 712;7;0;1;1;1;1
202100014542;175 708;7;0;2;1;1;1
202100014542;175 709;33;0;2;0;0;1
202100014543;175 706;7;0;2;1;13;1
202100014543;175 707;7;0;2;3;1;1
202100014544;175 704;7;0;2;8;15;1
202100014544;175 705;31;0;2;2;1;1
202100014545;175 703;10;0;1;7;1;1
202100014546;175 701;7;0;2;1;2;1
202100014546;175 702;7;0;2;4;2;1
202100014547;175 700;34;5;0;1;20;1
202100014548;175 699;7;0;1;1;15;1
202100014549;175 697;7;0;2;4;2;1
202100014549;175 698;7;0;2;4;2;1
202100014550;175 695;15;0;2;7;15;1
202100014550;175 696;33;0;2;1;1;1
202100014551;175 693;7;0;2;4;1;1
202100014551;175 694;31;0;2;1;1;1
202100014552;175 691;7;0;2;2;1;1
202100014552;175 692;1;0;2;1;13;5
202100014553;175 690;33;0;0;0;15;1
202100014554;175 687;7;0;2;2;1;1
202100014554;175 688;1;0;2;1;19;5
202100014554;175 689;7;0;2;6;1;2
202100014555;175 686;7;9;0;2;14;1
202100014556;175 685;7;6;0;0;1;1
202100014557;175 683;7;0;2;2;16;1
202100014557;175 684;7;0;2;8;7;1
202100014558;175 682;14;0;1;5;26;1
202100014559;175 681;7;4;0;1;13;1
202100014560;175 679;7;0;2;6;15;1
202100014560;175 680;33;0;2;2;17;1
202100014561;175 677;10;0;2;6;1;1
202100014561;175 678;7;14;2;3;1;1
202100014562;175 676;7;0;1;1;1;1
202100014563;175 674;33;0;2;7;0;1
202100014563;175 675;7;0;2;1;1;1
202100014564;175 672;7;0;2;6;19;1
202100014564;175 673;2;0;2;1;1;1
202100014565;175 671;10;0;1;4;4;1
202100014566;175 669;2;0;2;7;17;1
202100014566;175 670;7;0;2;1;1;1
202100014567;175 668;7;0;1;3;11;1
202100014568;175 667;30;0;0;0;0;1
202100014569;175 666;7;0;1;2;1;1
202100014570;175 664;33;0;2;3;1;1
202100014570;175 665;7;1;2;2;9;1
202100014571;175 663;7;0;1;1;1;1
202100014572;175 660;1;0;2;1;17;0
202100014572;175 661;10;0;2;8;1;1
202100014573;175 659;10;0;0;0;0;1
202100014574;175 658;7;0;1;3;15;1
202100014575;175 656;30;0;2;1;1;1
202100014575;175 657;7;0;2;2;15;1
202100014576;175 654;99;0;2;1;17;0
202100014576;175 655;10;0;2;6;16;0
202100014577;175 652;32;0;2;8;1;1
202100014577;175 653;7;0;2;2;1;1
202100014578;175 650;7;0;2;1;16;1
202100014578;175 651;1;0;2;2;5;5
202100014579;175 648;50;0;2;1;0;3
202100014579;175 649;7;0;9;1;16;1
202100014580;175 646;7;1;2;3;1;1
202100014580;175 647;7;0;2;2;10;1
202100014581;175 645;1;8;0;1;26;5
202100014582;175 644;7;0;1;1;1;1
202100014583;175 642;1;0;2;0;1;5
202100014583;175 643;10;0;2;3;16;1
202100014584;175 640;31;0;2;0;0;0
202100014584;175 641;31;0;2;0;5;1
202100014585;175 638;7;0;2;2;2;1
202100014585;175 639;1;0;2;0;2;5
202100014586;175 637;7;0;1;1;16;1
202100014587;175 636;7;0;1;1;1;1
202100014588;175 635;7;0;1;1;1;1
202100014589;175 633;7;0;2;8;19;1
202100014589;175 634;7;0;2;1;1;1
202100014590;175 632;7;1;0;0;1;1
202100014591;175 631;7;0;1;4;20;0
202100014592;175 629;1;0;2;3;13;5
202100014592;175 630;7;0;2;2;15;3
202100014593;175 628;7;0;0;0;14;1
202100014594;175 626;7;0;2;2;19;1
202100014594;175 627;10;0;2;3;1;1
202100014595;175 624;1;0;2;1;1;5
202100014595;175 625;7;0;2;3;9;1
202100014596;175 623;7;0;1;1;17;1
202100014597;175 622;7;0;1;1;16;1
202100014598;175 621;7;0;1;3;9;1
202100014599;175 619;60;0;2;1;19;5
202100014599;175 620;7;0;2;2;2;1
202100014600;175 617;1;0;2;1;2;5
202100014600;175 618;7;0;2;3;9;1
202100014601;175 616;13;0;1;6;4;1
202100014602;175 615;7;0;1;1;1;1
202100014603;175 613;7;0;2;8;15;1
202100014603;175 614;10;0;2;1;18;1
202100014604;175 611;7;0;2;7;1;1
202100014604;175 612;1;0;2;1;1;5
202100014605;175 607;50;0;2;7;25;3
202100014605;175 608;7;0;2;1;1;1
202100014606;175 606;30;11;0;1;7;1
202100014607;175 604;7;3;2;1;1;1
202100014607;175 605;10;0;2;4;2;1
202100014608;175 602;7;0;2;2;1;1
202100014608;175 603;1;0;2;8;1;5
202100014609;175 600;80;0;2;4;15;3
202100014609;175 601;7;0;2;2;17;1
202100014610;175 599;7;0;1;1;1;1
202100014611;175 597;10;0;2;7;15;1
202100014611;175 598;33;0;2;1;1;1
202100014612;175 595;60;0;0;0;26;5
202100014613;175 593;7;0;2;8;26;1
202100014613;175 594;33;0;2;0;0;1
202100014614;175 592;32;0;1;2;2;1
202100014615;175 590;7;0;2;4;1;1
202100014615;175 591;50;0;2;1;2;3
202100014616;175 589;7;0;1;1;0;1
202100014617;175 587;7;0;2;4;2;1
202100014617;175 588;7;15;2;0;0;1
202100014618;175 585;7;0;2;2;2;1
202100014618;175 586;32;0;2;9;1;1
202100014619;175 583;30;1;0;1;13;1
202100014619;175 584;10;0;2;4;26;1
202100014620;175 581;31;0;2;7;1;1
202100014620;175 582;7;0;2;3;26;1
202100014621;175 579;7;0;2;1;15;1
202100014621;175 580;7;0;2;1;1;1
202100014622;175 575;7;1;0;1;17;1
202100014622;175 576;7;0;2;1;1;1
202100014622;175 577;7;1;0;6;23;1
202100014622;175 578;7;1;0;3;23;1
202100014623;175 573;7;0;2;4;2;1
202100014623;175 574;7;0;2;1;2;1
202100014624;175 572;7;0;1;3;19;1
202100014625;175 570;10;0;2;1;1;1
202100014625;175 571;7;0;2;1;13;1
202100014626;175 568;7;0;2;2;15;1
202100014626;175 569;7;0;2;1;1;1
202100014627;175 567;33;0;0;3;3;1
202100014628;175 566;32;0;0;0;3;1
202100014629;175 565;33;14;0;1;14;1
202100014630;175 563;1;0;2;1;1;5
202100014630;175 564;10;0;2;6;22;1
202100014631;175 561;33;0;2;4;2;1
202100014631;175 562;33;0;2;1;2;1
202100014632;175 560;80;0;1;1;5;3
202100014633;175 558;31;0;2;7;1;1
202100014633;175 559;7;0;2;7;15;1
202100014634;175 556;7;0;2;3;15;1
202100014634;175 557;32;0;2;5;17;1
202100014635;175 554;1;0;2;1;1;5
202100014635;175 555;7;0;2;3;22;1
202100014636;175 552;80;0;2;8;19;3
202100014636;175 553;7;0;2;1;7;1
202100014637;175 550;32;0;2;3;1;1
202100014637;175 551;7;0;2;1;15;1
202100014638;175 548;1;0;2;4;1;5
202100014638;175 549;30;0;2;1;17;1
202100014639;175 546;32;0;2;1;17;1
202100014639;175 547;7;0;2;3;15;1
202100014640;175 544;50;0;2;1;13;3
202100014640;175 545;1;0;2;1;1;5
202100014641;175 542;7;0;2;1;15;1
202100014641;175 543;1;0;2;3;7;5
202100014642;175 540;7;14;2;1;15;1
202100014642;175 541;33;0;2;2;0;1
202100014643;175 538;7;0;2;4;26;1
202100014643;175 539;10;0;2;1;26;1
202100014644;175 537;7;0;1;3;5;1
202100014645;175 535;33;0;2;4;23;1
202100014645;175 536;33;0;2;1;1;1
202100014646;175 533;7;1;0;3;15;1
202100014646;175 534;7;1;0;8;23;1
202100014647;175 531;2;0;2;7;17;1
202100014647;175 532;7;0;2;8;26;1
202100014648;175 530;7;0;1;1;1;1
202100014649;175 528;1;0;2;0;0;6
202100014649;175 529;7;0;2;6;16;0
202100014650;175 527;32;0;1;1;3;1
202100014651;175 523;7;0;2;1;26;1
202100014651;175 524;7;0;2;4;2;1
202100014651;175 525;7;0;2;4;0;1
202100014651;175 526;10;0;2;4;0;1
202100014652;175 521;7;0;2;3;15;2
202100014652;175 522;80;0;2;1;0;3
202100014653;175 520;7;0;1;3;15;1
202100014654;175 518;20;0;2;2;15;1
202100014654;175 519;7;0;2;3;1;1
202100014655;175 517;7;0;1;7;17;1
202100014656;175 516;7;0;1;3;2;1
202100014657;175 515;7;0;1;3;16;0
202100014658;175 513;7;0;2;0;16;1
202100014658;175 514;33;0;2;0;1;1
202100014659;175 511;7;0;2;8;1;2
202100014659;175 512;7;0;2;1;1;1
202100014660;175 509;7;0;2;1;15;1
202100014660;175 510;31;0;2;3;1;1
202100014661;175 508;7;12;0;1;26;1
202100014662;175 507;7;0;1;2;19;0
202100014663;175 506;10;16;1;4;4;1
202100014664;175 504;34;0;2;2;14;1
202100014664;175 505;1;0;2;1;1;5
202100014665;175 502;2;0;2;2;2;1
202100014665;175 503;7;0;2;3;26;1
202100014666;175 500;1;1;0;7;17;5
202100014666;175 501;7;0;2;3;22;1
202100014667;175 499;10;0;1;2;1;1
202100014668;175 497;7;0;2;3;1;1
202100014668;175 498;33;0;2;9;21;1
202100014669;175 495;7;0;2;1;1;1
202100014669;175 496;7;0;2;1;13;1
202100014670;175 489;7;0;2;1;15;2
202100014670;175 490;31;0;2;1;1;1
202100014671;175 488;7;0;1;3;1;1
202100014672;175 486;7;0;2;5;12;1
202100014672;175 487;10;0;2;3;1;1
202100014673;175 485;7;6;0;1;1;1
202100014674;175 483;1;0;2;1;19;6
202100014674;175 484;7;0;2;3;1;1
202100014675;175 481;7;4;2;4;1;1
202100014675;175 482;7;0;2;1;2;1
202100014676;175 479;7;0;2;7;17;1
202100014676;175 480;7;0;2;1;1;1
202100014677;175 477;33;0;2;7;17;1
202100014677;175 478;7;0;2;8;17;1
202100014678;175 475;33;0;2;1;1;1
202100014678;175 476;7;0;2;8;15;1
202100014679;175 473;7;0;2;1;1;1
202100014679;175 474;30;0;2;1;1;1
202100014680;175 472;33;0;6;1;0;1
202100014681;175 470;7;0;2;3;1;1
202100014681;175 471;17;0;2;3;1;1
202100014682;175 468;10;0;9;2;21;1
202100014682;175 469;1;0;2;0;1;5
202100014683;175 466;7;0;1;2;2;1
202100014684;175 464;7;6;0;4;16;1
202100014684;175 465;10;0;2;1;1;1
202100014685;175 463;7;12;1;3;19;0
202100014686;175 461;2;0;2;2;13;1
202100014686;175 462;7;0;2;8;15;1
202100014687;175 460;7;13;0;3;1;1
202100014688;175 458;10;0;2;2;15;1
202100014688;175 459;33;0;2;1;1;1
202100014689;175 456;7;0;2;3;10;1
202100014689;175 457;2;0;2;1;1;1
202100014690;175 454;7;0;2;1;1;1
202100014690;175 455;7;0;2;1;13;1
202100014691;175 452;33;0;2;1;1;1
202100014691;175 453;7;0;2;2;15;1
202100014692;175 451;31;0;6;1;2;1
202100014693;175 450;7;6;0;1;1;1
202100014694;175 449;7;6;0;1;1;1
202100014695;175 448;7;0;2;1;1;1
202100014696;175 446;10;0;2;3;1;1
202100014696;175 447;7;0;2;1;13;1
202100014697;175 444;2;16;0;1;21;1
202100014697;175 445;7;0;0;0;0;1
202100014698;175 443;7;2;0;1;2;1
202100014699;175 440;17;0;2;1;1;1
202100014699;175 441;3;0;2;1;13;1
202100014700;175 437;7;0;2;8;1;1
202100014700;175 438;7;0;2;3;1;1
202100014700;175 439;7;16;2;3;13;1
202100014701;175 435;17;0;2;3;1;1
202100014701;175 436;7;0;2;3;13;1
202100014702;175 431;7;0;2;2;2;1
202100014702;175 432;7;4;2;6;11;1
202100014703;175 429;15;0;0;5;1;0
202100014703;175 430;17;0;2;3;1;1
202100014704;175 428;50;0;0;2;1;3
202100014705;175 427;7;0;1;3;15;6
202100014706;175 426;7;0;1;2;23;1
202100014707;175 424;33;0;2;9;13;1
202100014707;175 425;10;0;2;3;1;1
202100014708;175 422;33;0;2;7;1;1
202100014708;175 423;7;0;2;3;11;1
202100014709;175 420;13;0;2;3;1;1
202100014709;175 421;7;0;2;3;13;1
202100014710;175 418;7;0;2;1;1;1
202100014710;175 419;1;0;2;4;1;5
202100014711;175 417;10;0;1;1;1;1
202100014712;175 416;33;3;0;2;1;1
202100014713;175 415;7;0;0;0;1;1
202100014714;175 414;2;0;0;0;1;1
202100014715;175 412;31;0;2;1;1;1
202100014715;175 413;7;0;2;2;15;1
202100014716;175 410;33;0;2;1;17;1
202100014716;175 411;7;0;2;8;15;1
202100014717;175 408;7;3;2;8;19;1
202100014717;175 409;7;0;2;3;19;1
202100014718;175 405;7;0;2;1;1;1
202100014718;175 406;7;0;2;4;23;1
202100014718;175 407;7;0;2;4;23;1
202100014719;175 404;7;0;0;0;1;1
202100014720;175 403;7;0;0;0;24;1
202100014721;175 402;7;4;0;9;26;1
202100014722;175 399;7;0;2;4;2;1
202100014722;175 400;7;0;2;4;2;1
202100014722;175 401;13;0;2;1;2;1
202100014723;175 397;7;0;2;2;17;1
202100014723;175 398;38;0;2;3;1;1
202100014724;175 395;7;0;2;1;2;3
202100014724;175 396;32;0;2;4;2;1
202100014725;175 393;7;0;2;4;1;1
202100014725;175 394;7;0;2;1;1;1
202100014726;175 391;7;0;2;4;2;1
202100014726;175 392;10;0;2;1;2;1
202100014727;175 388;7;4;2;1;1;1
202100014727;175 389;10;0;2;7;14;1
202100014727;175 390;7;0;2;8;1;1
202100014728;175 386;7;3;0;1;13;1
202100014728;175 387;17;0;2;2;21;1
202100014729;175 383;17;0;2;2;2;1
202100014729;175 384;7;0;2;4;2;1
202100014729;175 385;7;0;2;5;2;1
202100014730;175 381;7;0;2;2;0;1
202100014730;175 382;31;6;0;3;0;1
202100014731;175 377;7;0;2;4;23;1
202100014731;175 378;7;0;2;1;1;1
202100014731;175 379;7;0;2;4;23;1
202100014731;175 380;7;0;2;4;23;1
202100014732;175 375;7;0;2;4;1;1
202100014732;175 376;7;0;2;1;1;1
202100014733;175 373;7;4;2;2;1;1
202100014733;175 374;7;3;2;3;18;1
202100014734;175 372;7;0;0;0;26;1
202100014735;175 370;7;0;2;4;1;1
202100014735;175 371;33;0;2;1;3;1
202100014736;175 368;7;0;2;4;1;1
202100014736;175 369;34;0;2;1;3;1
202100014737;175 366;7;0;2;4;11;1
202100014737;175 367;43;0;2;1;3;1
202100014738;175 364;33;0;2;8;2;1
202100014738;175 365;7;0;2;0;12;1
202100014739;175 362;15;0;0;0;26;1
202100014739;175 363;7;0;0;0;0;1
202100014740;175 360;10;0;2;1;2;1
202100014740;175 361;7;0;2;4;2;1
202100014741;175 359;7;4;0;9;26;1
202100014742;175 357;10;0;2;4;1;1
202100014742;175 358;33;0;2;9;1;1
202100014743;175 355;33;0;2;2;2;1
202100014743;175 356;7;0;2;3;11;1
202100014744;175 353;10;0;2;4;11;1
202100014744;175 354;33;0;2;1;3;1
202100014745;175 352;33;0;2;0;3;0
202100014746;175 350;17;0;2;2;12;1
202100014746;175 351;7;0;2;6;1;1
202100014747;175 348;7;2;2;8;12;1
202100014747;175 349;14;0;2;2;12;1
202100014748;175 346;10;0;2;4;1;1
202100014748;175 347;10;0;2;4;1;1
202100014749;175 345;0;0;1;0;0;
202100014750;175 344;7;0;1;3;1;3
202100014751;175 343;7;0;1;0;15;1
202100014752;175 342;7;0;1;4;20;1
202100014753;175 341;7;0;1;3;1;1
202100014754;175 338;33;0;2;1;2;1
202100014754;175 339;33;0;2;4;1;1
202100014754;175 340;7;0;2;6;1;1
202100014755;175 336;10;0;2;3;15;1
202100014755;175 337;30;0;2;1;2;1
202100014756;175 335;32;15;0;1;17;1
202100014757;175 334;30;0;0;1;14;1
202100014758;175 333;2;0;0;0;1;1
202100014759;175 331;7;0;2;2;10;1
202100014759;175 332;37;0;2;2;1;1
202100014760;175 330;7;0;1;0;1;1
202100014761;175 328;30;0;2;4;1;1
202100014761;175 329;7;0;2;3;15;1
202100014762;175 326;2;0;2;3;1;1
202100014762;175 327;7;0;2;7;12;1
202100014763;175 324;13;0;2;0;0;0
202100014763;175 325;33;0;2;1;1;1
202100014764;175 323;7;0;1;1;16;1
202100014765;175 322;7;0;1;3;1;1
202100014766;175 319;1;0;2;7;19;5
202100014766;175 320;7;0;2;2;13;1
202100014766;175 321;7;0;2;2;21;1
202100014767;175 318;7;0;1;1;1;1
202100014768;175 317;7;0;1;1;1;1
202100014769;175 316;7;0;1;8;15;1
202100014770;175 314;1;0;2;7;1;5
202100014770;175 315;7;0;2;8;9;1
202100014771;175 312;7;0;2;7;14;2
202100014771;175 313;2;0;2;8;1;3
202100014772;175 310;7;0;2;1;2;1
202100014772;175 311;1;0;2;4;2;5
202100014773;175 308;1;0;2;4;9;5
202100014773;175 309;7;0;2;6;9;1
202100014774;175 306;2;0;2;1;1;1
202100014774;175 307;7;0;2;4;20;1
202100014775;175 305;7;0;0;0;26;1
202100014776;175 303;33;0;2;1;17;1
202100014776;175 304;7;0;2;8;15;1
202100014777;175 299;7;0;2;4;1;0
202100014777;175 300;7;0;2;1;2;1
202100014777;175 301;7;0;2;4;2;1
202100014777;175 302;7;0;2;4;2;1
202100014778;175 297;7;0;2;1;26;3
202100014778;175 298;7;0;2;3;26;1
202100014779;175 291;7;0;2;1;1;1
202100014779;175 292;3;0;2;1;13;1
202100014780;175 289;7;0;2;3;15;1
202100014780;175 290;33;0;2;1;1;1
202100014781;175 287;7;0;2;1;15;1
202100014781;175 288;7;0;2;1;1;1
202100014782;175 286;7;0;1;3;1;1
202100014783;175 285;7;0;1;1;1;1
202100014784;175 283;7;0;2;1;15;1
202100014784;175 284;2;0;2;1;1;1
202100014785;175 282;7;0;1;1;1;1
202100014786;175 280;7;0;2;4;2;1
202100014786;175 281;7;0;2;1;2;1
202100014787;175 278;7;0;2;1;2;1
202100014787;175 279;7;0;2;4;2;1
202100014788;175 276;7;0;1;3;1;1
202100014789;175 275;7;0;1;1;1;1
202100014790;175 273;2;0;2;7;1;1
202100014790;175 274;7;0;2;1;15;0
202100014791;175 271;7;0;2;1;2;1
202100014791;175 272;7;0;2;4;23;1
202100014792;175 269;7;0;9;1;15;1
202100014792;175 270;1;0;2;1;19;0
202100014793;175 267;7;0;2;2;1;1
202100014793;175 268;7;14;2;1;6;1
202100014794;175 266;10;0;1;3;1;1
202100014795;175 265;10;0;1;1;1;1
202100014796;175 261;7;0;2;3;1;1
202100014796;175 262;1;0;2;1;19;5
202100014797;175 257;7;0;2;4;2;1
202100014797;175 258;7;0;2;4;2;1
202100014797;175 259;10;0;2;1;2;1
202100014797;175 260;7;0;2;4;2;1
202100014798;175 255;31;0;2;8;2;1
202100014798;175 256;7;0;2;2;23;1
202100014799;175 252;7;0;2;1;11;1
202100014799;175 253;7;0;2;1;1;1
202100014799;175 254;7;0;2;4;1;1
202100014800;175 250;30;0;2;7;12;1
202100014800;175 251;37;0;2;6;1;3
202100014801;175 248;1;0;2;1;2;5
202100014801;175 249;50;0;2;1;1;3
202100014802;175 246;7;0;2;1;1;2
202100014802;175 247;1;0;2;1;5;5
202100014803;175 244;7;0;2;1;2;1
202100014803;175 245;7;0;2;4;23;1
202100014804;175 243;34;0;1;1;1;1
202100014805;175 242;99;0;1;2;26;1
202100014806;175 241;7;8;0;2;14;1
202100014807;175 235;7;0;2;1;23;1
202100014807;175 236;7;0;2;1;5;1
202100014808;175 233;7;0;2;7;13;1
202100014808;175 234;7;0;2;1;1;1
202100014809;175 232;7;10;0;3;1;1
202100014810;175 230;7;0;2;0;0;1
202100014810;175 231;7;0;2;2;1;1
202100014811;175 228;7;0;2;4;2;1
202100014811;175 229;7;0;2;1;2;1
202100014812;175 226;7;0;2;2;15;1
202100014812;175 227;1;0;2;1;2;5
202100014813;175 224;7;1;2;0;0;1
202100014813;175 225;13;0;2;2;26;0
202100014814;175 223;7;1;1;3;15;1
202100014815;175 222;14;0;1;3;15;1
202100014816;175 221;10;0;1;5;1;1
202100014817;175 219;2;0;2;1;1;1
202100014817;175 220;7;0;2;3;26;1
202100014818;175 217;7;0;2;2;2;1
202100014818;175 218;2;0;2;3;2;1
202100014819;175 215;32;0;2;8;1;0
202100014819;175 216;7;0;2;1;16;1
202100014820;175 213;7;0;2;1;15;1
202100014820;175 214;7;9;2;3;1;1
202100014821;175 212;33;15;0;2;1;1
202100014822;175 211;32;0;0;0;1;1
202100014823;175 209;7;0;2;4;2;1
202100014823;175 210;30;0;2;1;11;1
202100014824;175 208;7;0;1;1;1;1
202100014825;175 206;7;0;2;3;1;1
202100014825;175 207;34;15;2;1;19;1
202100014826;175 205;33;14;0;1;1;1
202100014827;175 203;2;0;2;1;2;1
202100014827;175 204;2;0;2;1;2;1
202100014828;175 201;43;0;2;8;3;1
202100014828;175 202;7;0;2;7;1;1
202100014829;175 199;32;0;2;1;1;3
202100014829;175 200;7;8;2;8;15;1
202100014830;175 198;50;0;1;3;1;3
202100014831;175 196;1;0;2;0;19;5
202100014831;175 197;32;0;2;7;7;1
202100014832;175 195;30;0;1;1;17;0
202100014833;175 193;1;0;2;1;21;5
202100014833;175 194;7;0;2;3;13;0
202100014834;175 192;30;0;1;0;1;1
202100014835;175 190;2;0;2;3;15;3
202100014835;175 191;7;0;2;2;1;1
202100014836;175 188;60;0;2;0;19;5
202100014836;175 189;30;0;2;1;1;1
202100014837;175 186;43;0;2;1;1;1
202100014837;175 187;7;0;2;8;10;2
202100014838;175 184;31;0;2;1;1;1
202100014838;175 185;10;0;2;6;15;1
202100014839;175 183;14;0;1;2;1;1
202100014840;175 182;7;0;1;1;15;1
202100014841;175 181;30;0;1;0;1;0
202100014842;175 180;7;0;1;7;16;2
202100014843;175 178;1;0;4;1;19;5
202100014843;175 179;40;0;2;7;1;3
202100014844;175 176;1;0;2;8;1;5
202100014844;175 177;7;0;2;1;15;1
202100014845;175 174;1;0;2;1;1;0
202100014845;175 175;10;0;2;2;16;1
202100014846;175 172;7;0;2;2;15;1
202100014846;175 173;7;0;0;6;1;1
202100014847;175 169;7;0;2;4;2;1
202100014847;175 170;7;0;2;4;2;1
202100014847;175 171;10;0;2;1;2;1
202100014848;175 167;7;0;2;3;24;1
202100014848;175 168;7;1;0;2;2;1
202100014849;175 166;32;0;1;1;1;1
202100014850;175 165;7;0;1;1;19;1
202100014851;175 164;7;0;1;2;1;1
202100014852;175 163;1;14;0;1;26;5
202100014853;175 162;7;0;1;1;1;1
202100014854;175 159;7;0;2;1;2;1
202100014854;175 160;7;0;2;4;2;1
202100014854;175 161;7;0;2;4;2;1
202100014855;175 157;7;0;2;4;2;1
202100014855;175 158;33;0;2;1;2;1
202100014856;175 155;10;0;0;3;26;0
202100014856;175 156;34;0;2;1;1;0
202100014857;175 154;10;0;1;1;1;1
202100014858;175 153;34;0;1;7;26;1
202100014859;175 151;1;0;2;3;0;5
202100014859;175 152;7;0;0;2;23;1
202100014860;175 150;30;0;1;8;14;1
202100014861;175 148;7;0;0;3;0;1
202100014861;175 149;30;0;2;3;1;3
202100014862;175 146;7;0;2;4;1;1
202100014862;175 147;7;0;2;4;12;1
202100014863;175 144;7;0;2;5;15;1
202100014863;175 145;7;0;2;1;15;1
202100014864;175 142;7;0;2;1;26;1
202100014864;175 143;7;0;2;4;23;1
202100014865;175 140;2;0;2;2;13;1
202100014865;175 141;7;0;2;3;15;1
202100014866;175 138;7;0;2;8;1;1
202100014866;175 139;7;0;2;1;1;1
202100014867;175 136;30;0;2;1;26;1
202100014867;175 137;33;0;2;4;1;1
202100014868;175 135;30;0;0;0;1;1
202100014869;175 134;32;0;0;0;1;1
202100014870;175 132;7;0;2;5;1;1
202100014870;175 133;1;0;2;1;2;5
202100014871;175 130;7;0;2;5;1;3
202100014871;175 131;31;0;2;3;13;3
202100014872;175 129;33;0;1;1;1;1
202100014873;175 127;7;0;2;4;26;1
202100014873;175 128;37;0;2;1;26;1
202100014874;175 125;10;0;2;3;15;1
202100014874;175 126;33;0;2;2;0;1
202100014875;175 123;15;0;0;6;1;1
202100014875;175 124;7;0;2;1;2;6
202100014876;175 122;7;13;0;3;1;1
202100014877;175 120;1;0;2;8;15;5
202100014877;175 121;33;0;2;7;21;1
202100014878;175 119;7;2;0;8;1;1
202100014879;175 118;7;0;0;0;1;1
202100014880;175 116;2;0;2;8;1;1
202100014880;175 117;7;0;2;6;15;1
202100014881;175 114;7;0;2;3;1;1
202100014881;175 115;7;0;2;3;13;1
202100014882;175 112;7;0;2;2;2;1
202100014882;175 113;1;0;0;4;2;5
202100014883;175 110;7;0;2;1;1;1
202100014883;175 111;7;0;2;1;13;1
202100014884;175 108;10;0;2;3;15;1
202100014884;175 109;33;0;2;1;1;1
202100014885;175 106;7;0;2;1;13;1
202100014885;175 107;7;0;2;1;1;1
202100014886;175 103;7;0;2;2;15;1
202100014886;175 104;7;0;2;1;1;1
202100014886;175 105;7;0;2;1;23;1
202100014887;175 101;10;0;2;1;1;1
202100014887;175 102;7;0;2;1;17;1
202100014888;175 100;7;0;1;2;1;1
202100014889;175 098;7;0;2;2;23;1
202100014889;175 099;7;0;2;6;2;1
202100014890;175 096;2;0;2;1;13;1
202100014890;175 097;10;0;2;3;1;1
202100014891;175 094;7;0;0;7;1;1
202100014891;175 095;50;0;2;1;1;3
202100014892;175 092;2;0;2;1;5;1
202100014892;175 093;10;0;2;3;5;1
202100014893;175 090;7;0;9;3;17;1
202100014893;175 091;1;0;2;3;1;5
202100014894;175 088;7;0;2;1;2;1
202100014894;175 089;21;0;0;4;1;1
202100014895;175 087;7;13;0;1;0;1
202100014896;175 086;7;16;0;0;6;1
202100014897;175 084;10;0;2;3;1;1
202100014897;175 085;7;0;2;3;1;1
202100014898;175 083;2;6;0;1;15;1
202100014899;175 081;33;0;2;1;1;1
202100014899;175 082;7;0;2;3;15;1
202100014900;175 080;7;0;1;3;2;1
202100014901;175 078;7;0;2;2;15;1
202100014901;175 079;7;0;0;5;1;1
202100014902;175 077;33;0;0;0;1;1
202100014903;175 075;7;0;2;1;9;1
202100014903;175 076;50;0;2;1;26;3
202100014904;175 074;7;6;0;2;0;1
202100014905;175 073;31;1;0;1;0;0
202100014906;175 070;7;0;2;1;1;1
202100014906;175 071;7;0;2;1;1;1
202100014906;175 072;7;0;2;2;19;1
202100014907;175 069;7;5;0;1;1;1
202100014908;175 066;7;0;0;4;1;1
202100014908;175 067;7;0;2;4;1;1
202100014908;175 068;7;0;2;1;2;1
202100014909;175 065;7;13;0;9;1;1
202100014910;175 063;7;0;2;8;1;1
202100014910;175 064;7;0;2;8;1;1
202100014911;175 061;7;0;2;3;13;1
202100014911;175 062;7;0;2;3;1;1
202100014912;175 059;7;0;0;7;1;1
202100014912;175 060;1;0;0;8;1;5
202100014913;175 057;7;0;2;3;1;1
202100014913;175 058;2;0;2;1;1;1
202100014914;175 055;1;0;0;6;1;5
202100014914;175 056;7;0;2;2;1;1
202100014915;175 054;2;2;0;0;0;1
202100014916;175 052;7;0;2;1;1;1
202100014916;175 053;7;16;2;7;19;1
202100014917;175 051;7;1;0;1;21;1
202100014918;175 049;7;0;2;3;9;1
202100014918;175 050;2;0;2;9;1;1
202100014919;175 048;7;13;0;1;1;1
202100014920;175 044;7;0;0;9;1;1
202100014921;175 041;10;0;2;1;2;1
202100014921;175 042;7;0;2;4;2;1
202100014921;175 043;10;0;2;4;2;1
202100014922;175 039;7;0;2;1;1;1
202100014922;175 040;14;0;0;4;24;1
202100014923;175 037;10;0;2;2;1;1
202100014923;175 038;10;0;2;2;26;1
202100014924;175 035;7;0;2;5;2;1
202100014924;175 036;33;0;2;1;3;1
202100014925;175 034;7;4;0;1;17;1
202100014926;175 033;7;4;0;1;1;1
202100014927;175 031;7;0;2;2;12;1
202100014927;175 032;33;0;2;3;3;1
202100014928;175 028;7;0;2;4;2;1
202100014928;175 029;10;0;2;4;2;1
202100014928;175 030;7;0;2;1;2;1
202100014929;175 026;7;0;2;1;2;1
202100014929;175 027;10;0;2;4;2;1
202100014930;175 024;7;0;2;4;1;1
202100014930;175 025;7;0;2;1;1;1
202100014931;175 022;7;0;2;4;2;1
202100014931;175 023;7;0;2;1;11;1
202100014932;175 021;7;0;1;1;15;6
202100014933;175 018;7;0;1;2;1;1