Num_Acc;id_vehicule;categorie_vehicule;obstacle_fixe;obstacle_mobile;point_choc_initial;manoeuvre_principale;motorisation
202100015706;173 597;2;0;2;1;1;1
202100015706;173 598;7;0;2;2;19;1
202100015707;173 593;7;0;2;8;1;1
202100015707;173 594;7;0;0;0;0;0
202100015708;173 589;7;0;2;4;1;1
202100015708;173 590;7;0;2;4;0;1
202100015708;173 591;7;0;2;1;1;1
202100015708;173 592;7;0;0;4;1;1
202100015709;173 586;7;0;2;4;2;3
202100015709;173 587;7;0;2;3;2;1
202100015709;173 588;7;0;1;1;2;1
202100015710;173 584;7;0;2;1;2;1
202100015710;173 585;7;0;2;4;2;1
202100015711;173 582;0;0;2;0;26;0
202100015711;173 583;7;0;2;1;26;1
202100015712;173 581;33;3;0;2;14;1
202100015713;173 579;80;0;2;4;2;3
202100015713;173 580;7;0;2;1;2;1
202100015714;173 577;7;0;2;2;1;1
202100015714;173 578;7;4;2;2;12;1
202100015715;173 576;7;4;0;1;16;1
202100015716;173 574;7;0;2;4;1;1
202100015716;173 575;10;0;2;1;2;1
202100015717;173 572;7;0;2;7;17;1
202100015717;173 573;7;3;2;3;1;1
202100015718;173 571;7;4;2;1;1;1
202100015719;173 569;7;0;2;1;2;1
202100015719;173 570;7;0;2;4;2;2
202100015720;173 568;10;4;0;6;1;1
202100015721;173 567;33;0;0;7;16;1
202100015722;173 565;7;0;2;1;1;1
202100015722;173 566;15;0;2;6;2;1
202100015723;173 563;7;0;2;1;1;1
202100015723;173 564;15;0;2;4;1;0
202100015724;173 562;7;14;0;1;26;1
202100015725;173 557;7;0;2;1;21;1
202100015725;173 558;7;0;2;8;1;1
202100015725;173 559;7;0;2;8;1;1
202100015725;173 560;7;0;2;8;1;1
202100015725;173 561;10;4;2;3;1;1
202100015726;173 555;7;0;2;1;2;1
202100015726;173 556;7;0;2;4;2;1
202100015727;173 554;7;0;1;0;1;0
202100015728;173 551;7;0;2;6;1;1
202100015728;173 552;7;0;2;5;1;1
202100015728;173 553;7;3;2;1;2;1
202100015729;173 550;7;0;2;1;1;1
202100015730;173 547;10;0;2;1;1;1
202100015730;173 548;7;0;2;6;2;1
202100015730;173 549;14;0;2;4;2;1
202100015731;173 546;7;3;0;3;0;1
202100015732;173 544;7;0;2;4;2;1
202100015732;173 545;7;0;2;1;2;1
202100015733;173 542;10;6;0;9;0;1
202100015733;173 543;7;0;0;1;1;1
202100015734;173 541;7;4;0;9;2;1
202100015735;173 538;7;0;2;5;2;1
202100015735;173 539;7;15;2;2;15;1
202100015735;173 540;7;0;2;6;2;1
202100015736;173 536;7;4;2;8;9;1
202100015736;173 537;15;0;2;7;1;0
202100015737;173 534;34;1;2;1;18;1
202100015737;173 535;10;0;0;0;22;1
202100015738;173 533;7;0;1;1;16;1
202100015739;173 532;7;0;1;3;16;1
202100015740;173 530;14;0;2;2;16;1
202100015740;173 531;32;0;2;3;18;1
202100015741;173 529;10;0;1;2;1;1
202100015742;173 527;33;0;2;3;1;1
202100015742;173 528;30;0;2;1;1;1
202100015743;173 526;7;0;1;3;7;2
202100015744;173 525;1;0;0;3;1;5
202100015745;173 524;2;12;0;0;14;1
202100015746;173 522;30;0;2;1;1;1
202100015746;173 523;1;0;2;8;1;5
202100015747;173 520;32;0;2;7;1;1
202100015747;173 521;15;0;2;2;15;1
202100015748;173 519;7;0;1;3;1;2
202100015749;173 518;1;2;1;4;25;5
202100015750;173 516;33;0;2;1;2;1
202100015750;173 517;10;0;2;0;2;3
202100015751;173 515;37;0;1;2;7;2
202100015752;173 513;7;0;2;4;23;1
202100015752;173 514;10;0;2;1;2;1
202100015753;173 511;32;0;2;2;16;1
202100015753;173 512;80;0;2;8;1;3
202100015754;173 509;7;0;0;3;23;1
202100015754;173 510;7;1;0;2;26;2
202100015755;173 507;32;0;2;1;17;1
202100015755;173 508;10;0;2;8;15;1
202100015756;173 505;7;0;2;5;15;1
202100015756;173 506;30;0;2;1;2;1
202100015757;173 503;2;0;2;1;1;1
202100015757;173 504;7;0;2;3;26;1
202100015758;173 501;34;0;2;1;16;1
202100015758;173 502;1;0;2;1;15;5
202100015759;173 500;7;1;0;2;1;1
202100015760;173 499;33;0;1;1;1;1
202100015761;173 497;7;0;2;5;15;2
202100015761;173 498;34;0;2;1;1;3
202100015762;173 495;7;0;2;1;9;1
202100015762;173 496;2;0;2;1;26;1
202100015763;173 493;50;0;2;8;1;3
202100015763;173 494;10;0;2;7;17;0
202100015764;173 490;7;0;2;0;0;1
202100015764;173 491;7;0;2;9;1;1
202100015764;173 492;7;0;2;1;9;1
202100015765;173 488;7;0;2;1;2;1
202100015765;173 489;33;0;2;2;0;1
202100015766;173 486;7;0;2;1;2;1
202100015766;173 487;7;0;2;4;23;1
202100015767;173 484;7;0;2;1;1;1
202100015767;173 485;7;0;2;1;11;1
202100015768;173 483;7;0;1;2;1;1
202100015769;173 481;7;0;9;3;9;1
202100015769;173 482;1;0;2;1;1;0
202100015770;173 479;7;0;2;1;0;1
202100015770;173 480;7;0;2;0;0;1
202100015771;173 477;7;0;2;1;26;1
202100015771;173 478;32;0;2;7;1;1
202100015772;173 476;30;0;1;1;1;0
202100015773;173 475;7;0;1;1;15;0
202100015774;173 473;7;0;2;2;16;1
202100015774;173 474;80;0;2;8;1;3
202100015775;173 471;1;0;2;8;13;5
202100015775;173 472;10;0;2;0;0;1
202100015776;173 469;32;1;2;0;0;0
202100015776;173 470;20;0;2;0;13;0
202100015777;173 468;7;0;1;1;1;1
202100015778;173 466;7;0;2;8;1;1
202100015778;173 467;7;0;2;1;1;1
202100015779;173 464;33;0;2;1;2;1
202100015779;173 465;7;0;2;1;15;3
202100015780;173 462;7;0;2;3;15;1
202100015780;173 463;32;0;2;8;0;1
202100015781;173 461;7;0;1;4;4;1
202100015782;173 460;7;0;1;3;1;0
202100015783;173 459;10;0;1;1;15;1
202100015784;173 457;7;0;2;5;16;1
202100015784;173 458;1;0;2;1;18;5
202100015785;173 455;7;0;2;2;15;1
202100015785;173 456;7;0;2;1;1;1
202100015786;173 453;7;0;2;3;1;1
202100015786;173 454;7;0;2;3;1;1
202100015787;173 451;7;0;2;1;1;1
202100015787;173 452;13;0;0;5;1;1
202100015788;173 450;33;2;0;1;0;1
202100015789;173 447;7;0;2;6;1;1
202100015789;173 448;7;0;0;3;23;1
202100015789;173 449;33;1;2;0;0;1
202100015790;173 445;33;0;2;1;13;1
202100015790;173 446;7;0;2;8;15;1
202100015791;173 444;2;13;0;3;0;1
202100015792;173 442;10;0;2;3;1;1
202100015792;173 443;7;0;2;5;12;1
202100015793;173 440;7;0;2;1;1;1
202100015793;173 441;7;1;0;6;15;1
202100015794;173 438;1;0;2;4;2;5
202100015794;173 439;7;0;9;2;17;1
202100015795;173 435;7;0;2;1;1;1
202100015795;173 436;7;0;2;1;1;1
202100015795;173 437;7;0;2;1;1;1
202100015796;173 433;32;0;2;3;15;1
202100015796;173 434;7;0;2;5;1;1
202100015797;173 431;7;3;2;3;1;1
202100015797;173 432;7;3;2;3;1;1
202100015798;173 429;17;0;2;1;1;1
202100015798;173 430;7;0;2;1;13;1
202100015799;173 427;7;0;0;4;2;1
202100015799;173 428;33;0;0;1;2;1
202100015800;173 425;7;0;2;1;2;1
202100015800;173 426;7;0;2;3;9;1
202100015801;173 424;7;2;0;2;1;1
202100015802;173 423;33;0;9;1;1;1
202100015803;173 422;2;8;0;8;5;1
202100015804;173 421;33;2;0;0;1;1
202100015805;173 420;7;16;0;5;1;1
202100015806;173 418;30;0;2;7;15;1
202100015806;173 419;7;0;2;1;1;1
202100015807;173 417;7;7;0;0;0;1
202100015808;173 416;7;13;0;1;1;1
202100015809;173 415;7;13;0;1;1;1
202100015810;173 413;7;0;2;1;13;1
202100015810;173 414;7;0;2;1;1;1
202100015811;173 412;7;13;0;3;0;1
202100015812;173 411;7;0;0;3;1;1
202100015813;173 409;32;0;2;1;2;1
202100015813;173 410;7;0;2;4;15;1
202100015814;173 407;7;0;0;4;23;1
202100015814;173 408;10;0;2;1;1;0
202100015815;173 405;7;1;0;8;1;1
202100015815;173 406;7;1;0;7;24;1
202100015816;173 403;33;0;2;1;1;1
202100015816;173 404;7;0;2;5;15;1
202100015817;173 402;33;0;0;8;1;1
202100015818;173 400;10;0;2;3;1;1
202100015818;173 401;7;0;2;3;5;0
202100015819;173 397;7;16;0;1;0;1
202100015820;173 396;7;0;1;2;1;1
202100015821;173 393;7;3;0;9;1;1
202100015822;173 391;1;0;2;1;0;5
202100015822;173 392;7;0;2;2;16;2
202100015823;173 389;32;0;2;2;17;1
202100015823;173 390;7;0;0;3;15;1
202100015824;173 388;32;0;0;7;1;1
202100015825;173 386;33;0;0;3;1;1
202100015825;173 387;7;0;0;5;17;1
202100015826;173 385;7;3;0;2;1;1
202100015827;173 382;7;0;2;4;1;1
202100015827;173 383;7;0;2;3;11;0
202100015827;173 384;33;0;2;5;1;1
202100015828;173 381;7;2;0;1;2;0
202100015829;173 379;7;0;0;3;1;1
202100015829;173 380;7;0;2;3;13;1
202100015830;173 377;33;0;2;1;13;1
202100015830;173 378;14;0;2;3;1;1
202100015831;173 376;33;0;0;8;1;1
202100015832;173 374;10;0;2;1;1;1
202100015832;173 375;3;0;2;1;13;3
202100015833;173 372;7;0;2;3;14;1
202100015833;173 373;31;0;2;1;5;1
202100015834;173 370;10;0;2;3;1;1
202100015834;173 371;80;0;2;1;13;3
202100015835;173 368;1;0;2;1;1;5
202100015835;173 369;7;0;9;3;15;2
202100015836;173 367;7;0;1;3;15;1
202100015837;173 365;43;0;2;1;21;1
202100015837;173 366;7;0;0;6;22;1
202100015838;173 364;7;0;1;2;1;1
202100015839;173 363;7;0;1;2;16;1
202100015840;173 361;7;0;0;6;1;1
202100015840;173 362;7;0;2;2;1;1
202100015841;173 360;32;0;0;3;0;1
202100015842;173 357;10;0;2;2;14;1
202100015842;173 358;33;0;2;3;7;1
202100015842;173 359;7;0;2;1;1;1
202100015843;173 355;7;0;2;1;2;1
202100015843;173 356;7;0;2;4;1;1
202100015844;173 353;7;0;2;5;2;1
202100015844;173 354;7;0;2;3;2;1
202100015845;173 351;10;0;2;5;2;1
202100015845;173 352;33;0;2;1;3;1
202100015846;173 350;33;4;0;8;2;1
202100015847;173 348;33;0;2;4;2;1
202100015847;173 349;10;0;2;1;2;1
202100015848;173 346;7;0;2;4;1;1
202100015848;173 347;7;0;2;1;26;1
202100015849;173 344;7;0;2;4;1;1
202100015849;173 345;7;0;2;1;2;1
202100015850;173 342;7;0;2;4;2;1
202100015850;173 343;7;0;2;1;2;1
202100015851;173 339;7;0;2;4;1;1
202100015851;173 340;7;0;2;1;1;1
202100015851;173 341;7;0;2;4;1;1
202100015852;173 337;7;0;2;8;2;1
202100015852;173 338;33;0;2;1;3;1
202100015853;173 335;33;0;2;8;1;1
202100015853;173 336;7;0;2;7;12;1
202100015854;173 334;7;0;1;3;1;1
202100015855;173 333;7;0;1;1;24;1
202100015856;173 332;7;1;0;1;14;1
202100015857;173 330;32;0;2;1;1;1
202100015857;173 331;7;0;2;7;15;1
202100015858;173 329;7;0;1;1;1;1
202100015859;173 328;2;0;0;0;1;1
202100015860;173 327;7;0;1;7;13;1
202100015861;173 325;7;0;2;6;2;1
202100015861;173 326;7;0;2;2;2;1
202100015862;173 323;50;0;0;7;26;3
202100015862;173 324;7;0;2;0;0;0
202100015863;173 321;50;0;2;1;25;3
202100015863;173 322;7;0;2;3;26;1
202100015864;173 319;50;0;2;1;1;3
202100015864;173 320;7;0;2;1;9;1
202100015865;173 317;7;0;2;1;15;1
202100015865;173 318;80;0;2;2;19;3
202100015866;173 316;7;13;0;1;26;1
202100015867;173 314;7;0;2;5;16;1
202100015867;173 315;32;0;2;1;2;1
202100015868;173 311;7;0;2;7;18;1
202100015868;173 312;7;0;2;8;1;1
202100015868;173 313;7;0;2;4;1;1
202100015869;173 310;7;0;2;2;2;1
202100015870;173 309;7;1;1;1;1;0
202100015871;173 308;7;5;0;2;14;2
202100015872;173 306;10;0;2;3;5;1
202100015872;173 307;7;0;2;2;1;1
202100015873;173 305;7;0;1;1;1;0
202100015874;173 303;10;0;2;1;1;1
202100015874;173 304;7;0;2;4;23;1
202100015875;173 300;32;0;2;0;1;1
202100015875;173 301;7;0;0;4;1;1
202100015875;173 302;10;0;0;3;1;1
202100015876;173 299;7;1;0;1;1;1
202100015877;173 297;1;0;2;7;19;5
202100015877;173 298;7;0;2;0;0;1
202100015878;173 296;13;0;1;2;26;1
202100015879;173 294;34;0;2;1;2;1
202100015879;173 295;7;0;2;5;15;2
202100015880;173 291;7;0;2;6;2;0
202100015880;173 292;7;0;2;3;17;0
202100015880;173 293;7;0;2;3;1;0
202100015881;173 289;7;0;2;4;2;1
202100015881;173 290;7;0;2;1;2;1
202100015882;173 287;7;0;2;2;0;1
202100015882;173 288;7;2;2;8;26;1
202100015883;173 285;7;0;2;2;13;1
202100015883;173 286;7;0;2;3;17;1
202100015884;173 282;32;14;0;3;1;1
202100015885;173 280;7;0;0;1;16;1
202100015885;173 281;32;0;2;3;16;1
202100015886;173 273;7;0;1;1;1;1
202100015887;173 271;7;0;2;1;1;1
202100015887;173 272;7;0;2;8;1;1
202100015888;173 269;7;0;2;3;15;1
202100015888;173 270;2;0;2;1;1;1
202100015889;173 267;7;0;2;4;2;1
202100015889;173 268;7;0;2;1;2;1
202100015890;173 266;30;0;0;0;1;1
202100015891;173 264;7;0;2;2;1;1
202100015891;173 265;7;0;2;3;1;1
202100015892;173 263;21;0;1;7;26;1
202100015893;173 262;32;2;0;1;26;1
202100015894;173 260;7;0;2;3;9;1
202100015894;173 261;1;0;2;5;1;5
202100015895;173 258;50;0;2;1;2;3
202100015895;173 259;7;0;2;3;2;1
202100015896;173 256;7;0;2;1;13;1
202100015896;173 257;7;0;2;1;1;1
202100015897;173 255;7;12;1;5;17;1
202100015898;173 252;7;0;2;1;2;1
202100015898;173 253;7;0;2;4;2;1
202100015898;173 254;7;0;2;4;2;1
202100015899;173 251;1;12;0;1;1;5
202100015900;173 250;30;12;0;2;21;1
202100015901;173 248;7;0;2;1;2;1
202100015901;173 249;7;0;2;4;1;1
202100015902;173 247;7;1;0;3;13;1
202100015903;173 246;7;9;0;1;1;1
202100015904;173 244;7;0;2;1;1;1
202100015904;173 245;7;0;2;3;1;1
202100015905;173 242;7;0;2;1;1;1
202100015905;173 243;7;0;2;3;15;1
202100015906;173 240;33;0;2;1;1;1
202100015906;173 241;7;0;0;4;12;1
202100015907;173 238;1;0;2;1;26;5
202100015907;173 239;7;0;2;4;2;1
202100015908;173 234;7;0;2;4;2;1
202100015908;173 235;7;0;2;4;2;1
202100015908;173 236;2;0;2;4;2;1
202100015908;173 237;10;0;2;1;2;1
202100015909;173 232;7;0;2;3;13;1
202100015909;173 233;7;0;2;3;21;1
202100015910;173 228;7;0;2;1;2;1
202100015910;173 229;7;0;2;4;1;1
202100015911;173 226;7;0;2;1;9;3
202100015911;173 227;32;0;2;7;1;1
202100015912;173 224;7;0;2;2;15;1
202100015912;173 225;1;0;2;1;19;5
202100015913;173 222;33;0;2;1;13;1
202100015913;173 223;1;0;2;1;1;5
202100015914;173 220;31;0;2;7;17;1
202100015914;173 221;7;0;2;3;15;1
202100015915;173 218;1;0;2;1;5;5
202100015915;173 219;7;0;2;1;16;1
202100015916;173 217;7;0;1;1;1;1
202100015917;173 216;7;8;0;1;26;1
202100015918;173 214;7;0;2;2;14;1
202100015918;173 215;2;0;2;6;0;1
202100015919;173 213;7;6;0;1;0;1
202100015920;173 211;7;0;2;7;18;1
202100015920;173 212;7;0;2;3;0;1
202100015921;173 208;7;0;0;0;0;1
202100015921;173 209;7;0;0;0;0;1
202100015921;173 210;7;0;0;0;0;0
202100015922;173 205;7;0;2;1;1;1
202100015922;173 206;7;0;2;8;1;1
202100015922;173 207;33;0;2;1;17;1
202100015923;173 203;7;0;2;1;1;1
202100015923;173 204;7;0;2;7;19;1
202100015924;173 201;80;0;2;7;19;3
202100015924;173 202;7;0;1;1;1;1
202100015925;173 199;16;0;2;2;14;1
202100015925;173 200;7;0;2;8;1;1
202100015926;173 197;7;0;2;2;1;1
202100015926;173 198;10;0;2;8;20;1
202100015927;173 194;43;0;2;1;2;1
202100015927;173 195;7;0;2;4;2;1
202100015927;173 196;7;1;2;0;0;1
202100015928;173 192;2;0;2;1;1;1
202100015928;173 193;7;0;2;2;15;1
202100015929;173 190;1;0;2;0;0;0
202100015929;173 191;1;0;2;7;9;0
202100015930;173 189;7;0;1;1;15;1
202100015931;173 187;7;0;2;1;15;1
202100015931;173 188;60;0;2;1;1;5
202100015932;173 186;7;0;1;1;1;1
202100015933;173 184;2;0;2;7;17;1
202100015933;173 185;7;0;2;3;15;2
202100015934;173 181;33;0;2;1;17;1
202100015934;173 182;7;0;2;3;11;1
202100015934;173 183;10;0;2;0;0;1
202100015935;173 180;7;0;1;2;1;1
202100015936;173 178;7;0;2;8;22;1
202100015936;173 179;1;1;0;1;1;5
202100015937;173 177;7;0;1;1;1;1
202100015938;173 175;7;0;2;3;9;1
202100015938;173 176;33;0;2;2;9;1
202100015939;173 173;7;0;9;1;15;1
202100015939;173 174;50;0;9;1;2;3
202100015940;173 171;14;0;2;1;2;1
202100015940;173 172;7;0;2;4;23;1
202100015941;173 169;7;0;2;5;2;1
202100015941;173 170;33;0;2;1;2;1
202100015942;173 167;1;1;0;8;1;5
202100015942;173 168;7;0;2;7;22;1
202100015943;173 165;7;0;2;6;2;1
202100015943;173 166;43;0;2;2;2;1
202100015944;173 163;33;0;0;4;23;1
202100015944;173 164;7;0;2;3;2;1
202100015945;173 162;7;0;1;3;1;1
202100015946;173 161;50;0;1;7;1;3
202100015947;173 160;32;0;1;8;18;1
202100015948;173 158;7;0;2;4;23;1
202100015948;173 159;10;0;2;1;2;1
202100015949;173 157;50;0;1;7;1;3
202100015950;173 156;1;0;0;1;1;5
202100015951;173 155;37;0;1;8;13;2
202100015952;173 153;30;0;2;1;17;1
202100015952;173 154;7;0;2;1;9;1
202100015953;173 151;34;0;2;2;1;1
202100015953;173 152;50;0;2;1;1;3
202100015954;173 150;7;0;1;3;1;2
202100015955;173 148;33;0;2;1;2;1
202100015955;173 149;32;0;2;4;23;1
202100015956;173 147;10;0;1;4;4;1
202100015957;173 145;30;0;2;7;1;1
202100015957;173 146;7;0;2;8;15;1
202100015958;173 143;33;0;2;9;1;1
202100015958;173 144;7;0;2;2;1;1
202100015959;173 141;10;0;2;3;9;1
202100015959;173 142;99;0;2;1;9;3
202100015960;173 139;7;0;0;0;0;0
202100015960;173 140;1;0;2;8;14;5
202100015961;173 138;10;0;1;3;1;1
202100015962;173 137;7;0;1;2;1;1
202100015963;173 136;99;0;1;5;1;6
202100015964;173 134;43;0;2;2;1;1
202100015964;173 135;7;0;2;3;15;1
202100015965;173 133;7;0;1;0;1;1
202100015966;173 131;2;0;2;2;17;0
202100015966;173 132;10;0;2;8;15;0
202100015967;173 129;33;0;2;5;1;1
202100015967;173 130;7;0;2;1;16;1
202100015968;173 127;7;0;2;3;10;1
202100015968;173 128;33;0;2;2;1;1
202100015969;173 125;7;0;2;2;14;1
202100015969;173 126;30;0;2;8;0;1
202100015970;173 123;7;0;2;8;10;2
202100015970;173 124;33;0;2;2;1;0
202100015971;173 119;1;0;2;4;1;5
202100015971;173 120;7;0;2;1;2;2
202100015972;173 117;2;0;1;0;15;1
202100015972;173 118;60;0;2;;25;5
202100015973;173 116;10;0;1;1;15;1
202100015974;173 114;1;0;2;1;1;5
202100015974;173 115;7;0;2;8;24;1
202100015975;173 112;21;0;2;8;26;1
202100015975;173 113;10;0;2;3;19;1
202100015976;173 110;7;0;2;3;15;1
202100015976;173 111;2;0;2;1;1;1
202100015977;173 108;7;0;2;1;9;1
202100015977;173 109;7;0;0;4;1;1
202100015978;173 106;14;0;2;3;2;1
202100015978;173 107;7;3;0;1;2;1
202100015979;173 104;7;0;2;1;1;1
202100015979;173 105;7;0;2;1;1;1
202100015980;173 102;10;0;2;1;1;1
202100015980;173 103;7;10;2;1;1;1
202100015981;173 101;7;16;0;1;0;1
202100015982;173 100;7;2;0;3;1;1
202100015983;173 098;7;0;9;3;9;1
202100015983;173 099;1;0;2;2;1;6
202100015984;173 096;7;0;0;2;2;1
202100015984;173 097;1;12;2;4;2;5
202100015985;173 095;7;2;0;3;13;1
202100015986;173 093;7;0;2;2;17;1
202100015986;173 094;2;0;2;6;15;1
202100015987;173 091;7;0;2;1;13;2
202100015987;173 092;7;0;2;1;21;1
202100015988;173 089;10;0;2;3;1;1
202100015988;173 090;7;0;2;3;13;1
202100015989;173 086;33;0;2;1;1;1
202100015989;173 087;7;0;2;3;1;1
202100015989;173 088;7;0;2;7;17;1
202100015990;173 085;10;6;0;1;1;1
202100015991;173 083;7;0;2;1;13;1
202100015991;173 084;7;0;2;1;1;1
202100015992;173 082;7;2;0;1;1;1
202100015993;173 081;33;0;0;9;13;1
202100015994;173 079;15;0;2;8;1;1
202100015994;173 080;33;0;2;3;5;1
202100015995;173 077;33;5;2;0;3;1
202100015995;173 078;7;0;2;2;1;1
202100015996;173 075;7;0;2;8;9;1
202100015996;173 076;7;0;2;1;1;1
202100015997;173 073;7;0;2;5;15;1
202100015997;173 074;10;0;2;2;1;1
202100015998;173 071;7;0;0;1;1;1
202100015998;173 072;7;0;0;1;1;1
202100015999;173 069;33;0;2;1;1;1
202100015999;173 070;10;0;2;6;19;1
202100016000;173 067;7;0;2;1;2;1
202100016000;173 068;15;0;0;4;2;1
202100016001;173 066;7;12;0;1;1;1
202100016002;173 064;2;7;2;7;1;1
202100016002;173 065;7;0;2;1;19;1
202100016003;173 063;7;13;0;1;14;1
202100016004;173 061;7;0;2;5;1;1
202100016004;173 062;7;0;2;1;1;1
202100016005;173 059;7;0;2;2;15;1
202100016005;173 060;13;0;2;1;1;0
202100016006;173 057;2;0;2;1;19;1
202100016006;173 058;7;0;0;6;1;1
202100016007;173 052;2;0;2;1;1;1
202100016007;173 053;7;0;2;1;1;1
202100016008;173 049;7;0;2;1;1;1
202100016008;173 050;7;0;2;2;15;1
202100016009;173 046;7;0;2;2;15;1
202100016009;173 047;7;0;2;1;1;1
202100016010;173 044;80;0;9;6;15;3
202100016010;173 045;7;0;9;2;17;1
202100016011;173 042;7;0;2;4;2;1
202100016011;173 043;10;0;2;1;2;1
202100016012;173 041;10;16;0;3;1;1
202100016013;173 039;1;0;2;3;1;5
202100016013;173 040;7;0;2;1;1;1
202100016014;173 037;7;0;2;1;1;1
202100016014;173 038;7;0;2;1;5;2
202100016015;173 035;10;0;2;3;1;0
202100016015;173 036;33;13;0;2;1;1
202100016016;173 034;7;13;0;1;16;1
202100016017;173 033;33;5;0;3;13;1
202100016018;173 031;7;0;2;4;2;1
202100016018;173 032;7;0;2;1;2;1
202100016019;173 030;7;12;0;2;1;1
202100016020;173 028;7;0;0;5;12;1
202100016020;173 029;10;0;2;3;1;1
202100016021;173 025;17;0;2;0;1;1
202100016021;173 026;7;4;2;9;0;1
202100016021;173 027;17;0;2;0;1;1
202100016022;173 022;7;0;2;1;26;1
202100016022;173 023;7;0;2;6;19;1
202100016023;173 018;33;0;2;1;15;1
202100016023;173 019;7;0;2;7;15;1
202100016024;173 016;33;0;2;1;1;1
202100016024;173 017;99;0;2;3;26;1
202100016025;173 014;7;0;9;2;1;1
202100016025;173 015;1;0;0;4;0;5
202100016026;173 013;31;0;0;0;0;1
202100016027;173 011;7;0;0;3;1;1
202100016027;173 012;7;0;0;3;13;1
202100016028;173 009;2;12;0;0;12;1
202100016028;173 010;7;0;2;3;9;1
202100016029;173 008;7;17;0;3;13;1
202100016030;173 006;7;0;2;8;10;1
202100016030;173 007;17;0;2;2;1;1
202100016031;173 004;7;0;2;3;17;1
202100016031;173 005;33;0;2;7;17;1
202100016032;173 003;7;13;0;9;1;1
202100016033;173 001;7;0;2;4;26;2
202100016033;173 002;10;0;2;2;2;1
202100016034;173 000;7;0;9;3;26;1
202100016035;172 998;10;0;2;4;2;1
202100016035;172 999;7;0;2;1;2;0
202100016036;172 992;7;0;2;6;1;1
202100016036;172 993;7;0;2;1;1;1
202100016036;172 994;10;0;2;1;1;1
202100016037;172 990;7;0;2;7;12;1
202100016037;172 991;32;0;2;8;3;1
202100016038;172 988;10;1;0;2;14;1
202100016038;172 989;14;0;2;6;23;1
202100016039;172 986;17;0;2;2;12;1
202100016039;172 987;7;0;2;3;1;1
202100016040;172 984;33;0;2;1;3;1
202100016040;172 985;7;0;2;2;2;1
202100016041;172 982;33;0;2;8;3;1
202100016041;172 983;7;0;2;2;1;1
202100016042;172 980;31;0;2;1;3;1
202100016042;172 981;7;0;2;5;12;1
202100016043;172 977;7;0;2;8;2;1
202100016043;172 978;33;0;2;1;3;1
202100016043;172 979;7;0;2;5;12;0
202100016044;172 974;7;0;2;5;1;1
202100016044;172 975;33;0;2;7;3;1
202100016044;172 976;7;0;2;3;11;1
202100016045;172 971;33;0;2;1;3;1
202100016045;172 972;33;0;2;8;3;1
202100016045;172 973;7;0;2;5;1;1
202100016046;172 969;7;0;2;1;1;1
202100016046;172 970;7;0;2;4;1;1
202100016047;172 967;7;0;2;1;13;1
202100016047;172 968;7;0;2;4;1;1
202100016048;172 965;7;0;2;2;12;1
202100016048;172 966;33;0;2;3;3;1
202100016049;172 964;7;3;0;8;13;1
202100016050;172 962;33;0;2;3;3;1
202100016050;172 963;7;0;2;2;12;1
202100016051;172 960;10;0;2;1;1;1
202100016051;172 961;7;0;2;4;1;1
202100016052;172 955;7;0;2;3;11;1
202100016052;172 956;7;0;2;6;1;1
202100016052;172 957;7;0;2;8;1;1
202100016052;172 958;10;0;2;5;1;1
202100016052;172 959;33;0;2;1;1;1
202100016053;172 952;7;0;2;1;1;1
202100016053;172 953;10;0;2;4;1;1
202100016053;172 954;10;0;2;4;1;1
202100016054;172 951;7;4;0;4;26;1
202100016055;172 950;7;0;5;1;21;1
202100016056;172 948;7;2;2;5;12;1
202100016056;172 949;7;2;2;3;1;1
202100016057;172 946;10;0;0;0;23;1
202100016057;172 947;30;0;1;1;17;1
202100016058;172 945;15;0;0;0;16;1
202100016059;172 944;7;0;1;3;15;1
202100016060;172 943;7;0;1;2;1;1
202100016061;172 942;7;0;1;8;1;1
202100016062;172 940;7;0;2;1;9;1
202100016062;172 941;2;0;2;8;1;1
202100016063;172 939;33;11;0;1;14;1
202100016064;172 937;7;0;0;6;2;1
202100016064;172 938;7;0;2;2;1;1
202100016065;172 935;7;0;2;7;2;1
202100016065;172 936;7;0;2;1;2;1
202100016066;172 933;10;0;2;1;1;1
202100016066;172 934;7;0;2;4;1;1
202100016067;172 931;7;0;2;5;15;1
202100016067;172 932;2;0;2;1;1;1
202100016068;172 929;7;0;2;1;15;1
202100016068;172 930;7;0;2;2;15;1
202100016069;172 927;7;0;2;4;23;1
202100016069;172 928;7;0;2;1;1;1
202100016070;172 925;30;;;;;
202100016070;172 926;7;0;2;3;1;1
202100016071;172 923;99;0;2;1;1;3
202100016071;172 924;7;0;2;7;19;1
202100016072;172 922;1;0;1;0;0;
202100016073;172 920;7;0;9;2;1;1
202100016073;172 921;1;0;2;1;15;0
202100016074;172 916;7;0;2;5;2;1
202100016074;172 917;7;0;2;4;2;1
202100016074;172 918;7;0;2;4;2;1
202100016074;172 919;7;0;2;1;2;1
202100016075;172 914;7;0;2;8;9;1
202100016075;172 915;7;0;2;1;1;1
202100016076;172 910;7;0;2;1;1;1
202100016076;172 911;7;0;2;1;1;1
202100016076;172 912;10;0;2;1;1;1
202100016076;172 913;7;0;2;4;1;1
202100016077;172 908;2;0;2;1;1;3
202100016077;172 909;7;0;2;0;0;1
202100016078;172 906;7;14;2;6;0;2
202100016078;172 907;1;0;2;1;16;5
202100016079;172 904;33;0;2;1;2;1
202100016079;172 905;7;0;2;5;2;1
202100016080;172 901;7;0;2;2;9;0
202100016080;172 902;33;0;2;1;1;0
202100016080;172 903;7;0;2;3;0;0
202100016081;172 898;7;0;1;1;1;1
202100016082;172 896;7;0;2;4;2;1
202100016082;172 897;7;0;2;1;2;1
202100016083;172 895;7;0;1;0;16;1