Num_Acc;id_vehicule;categorie_vehicule;obstacle_fixe;obstacle_mobile;point_choc_initial;manoeuvre_principale;motorisation
202100016084;172 894;7;0;1;1;1;1
202100016085;172 893;37;8;0;2;15;0
202100016086;172 891;7;0;2;3;0;1
202100016086;172 892;7;0;2;6;0;1
202100016087;172 890;7;0;1;3;1;2
202100016088;172 888;31;0;2;1;17;1
202100016088;172 889;7;0;2;3;15;1
202100016089;172 886;7;0;2;1;1;1
202100016089;172 887;10;0;2;7;1;1
202100016090;172 884;34;0;2;8;1;1
202100016090;172 885;7;0;2;1;1;1
202100016091;172 882;10;0;2;0;0;1
202100016091;172 883;7;0;2;4;23;1
202100016092;172 881;7;0;5;9;26;1
202100016093;172 879;7;0;2;0;17;0
202100016093;172 880;50;0;2;3;1;3
202100016094;172 878;7;0;1;1;26;1
202100016095;172 876;7;0;2;4;2;1
202100016095;172 877;7;0;2;1;2;1
202100016096;172 871;7;0;9;1;1;0
202100016096;172 872;10;0;2;8;1;0
202100016096;172 873;14;0;2;6;1;0
202100016096;172 874;10;0;2;1;21;1
202100016096;172 875;7;0;2;8;1;0
202100016097;172 865;7;0;2;8;0;1
202100016097;172 866;30;0;2;1;14;1
202100016098;172 864;31;0;0;1;1;1
202100016099;172 863;7;0;1;3;1;1
202100016100;172 861;7;0;2;3;1;1
202100016100;172 862;7;7;2;1;15;1
202100016101;172 860;7;0;1;8;2;1
202100016102;172 858;1;0;9;3;13;5
202100016102;172 859;1;0;9;3;0;5
202100016103;172 856;7;0;2;5;2;1
202100016103;172 857;32;0;2;1;2;1
202100016104;172 855;7;0;1;1;1;1
202100016105;172 854;7;0;1;4;4;1
202100016106;172 853;7;0;1;1;1;1
202100016107;172 851;2;0;2;8;1;1
202100016107;172 852;7;0;2;2;1;1
202100016108;172 850;7;0;1;3;1;1
202100016109;172 848;7;0;2;3;16;1
202100016109;172 849;10;0;2;5;1;3
202100016110;172 847;7;1;0;2;26;1
202100016111;172 845;50;0;2;0;1;3
202100016111;172 846;7;0;9;2;19;1
202100016112;172 844;10;0;1;7;0;1
202100016113;172 842;34;0;2;1;1;1
202100016113;172 843;7;0;2;2;15;1
202100016114;172 841;50;0;0;0;26;3
202100016115;172 840;7;0;1;5;17;1
202100016116;172 836;7;0;2;1;1;1
202100016116;172 837;7;0;2;1;13;1
202100016117;172 834;7;0;2;4;2;1
202100016117;172 835;1;0;2;1;2;5
202100016118;172 830;7;0;2;1;9;1
202100016118;172 831;2;0;2;7;1;1
202100016119;172 829;7;1;0;1;1;1
202100016120;172 827;7;0;2;2;0;1
202100016120;172 828;7;0;2;1;0;1
202100016121;172 825;7;0;2;7;1;1
202100016121;172 826;50;0;2;1;1;3
202100016122;172 823;1;0;2;3;9;5
202100016122;172 824;14;0;2;5;1;1
202100016123;172 822;7;0;1;2;16;1
202100016124;172 820;7;0;2;4;2;1
202100016124;172 821;7;0;2;1;2;1
202100016125;172 818;7;0;2;1;9;1
202100016125;172 819;30;0;2;1;26;1
202100016126;172 817;7;0;1;1;1;1
202100016127;172 815;31;0;2;8;18;1
202100016127;172 816;7;0;2;2;16;1
202100016128;172 813;7;0;2;1;1;3
202100016128;172 814;7;0;2;0;20;1
202100016129;172 811;1;0;2;7;19;5
202100016129;172 812;7;0;2;7;1;1
202100016130;172 809;7;0;2;1;1;1
202100016130;172 810;1;0;2;3;9;5
202100016131;172 807;7;0;2;3;9;1
202100016131;172 808;1;0;2;1;1;5
202100016132;172 804;32;0;0;4;9;1
202100016132;172 805;7;0;2;4;1;1
202100016132;172 806;7;0;2;1;1;1
202100016133;172 802;7;0;2;8;15;1
202100016133;172 803;50;0;2;1;17;3
202100016134;172 800;7;0;2;4;1;2
202100016134;172 801;7;0;2;1;1;1
202100016135;172 799;7;0;1;3;1;1
202100016136;172 798;7;0;1;1;16;1
202100016137;172 796;31;0;2;1;1;1
202100016137;172 797;7;0;2;3;15;1
202100016138;172 794;7;0;2;2;16;1
202100016138;172 795;1;0;2;8;1;5
202100016139;172 792;7;0;0;4;15;1
202100016139;172 793;30;0;2;1;2;1
202100016140;172 791;7;0;1;3;1;1
202100016141;172 790;7;0;1;0;1;
202100016142;172 788;7;0;2;7;0;0
202100016142;172 789;7;0;2;1;1;1
202100016143;172 786;99;0;9;2;19;1
202100016143;172 787;1;0;2;1;19;5
202100016144;172 784;7;1;2;3;15;1
202100016144;172 785;10;0;2;1;14;1
202100016145;172 782;7;0;2;7;1;1
202100016145;172 783;7;0;2;1;1;1
202100016146;172 780;7;0;2;1;1;1
202100016146;172 781;7;0;2;6;15;1
202100016147;172 779;7;0;1;3;9;1
202100016148;172 776;7;0;2;8;1;1
202100016148;172 777;7;0;2;7;1;1
202100016149;172 774;7;0;2;1;1;1
202100016149;172 775;7;0;2;2;16;1
202100016150;172 772;17;0;4;2;23;1
202100016150;172 773;39;0;9;8;1;1
202100016151;172 770;7;0;2;1;1;1
202100016151;172 771;7;0;2;7;15;1
202100016152;172 768;41;0;2;0;21;3
202100016152;172 769;7;0;2;0;1;1
202100016153;172 766;2;0;2;3;15;1
202100016153;172 767;7;0;2;2;1;1
202100016154;172 764;7;0;2;5;1;1
202100016154;172 765;2;0;2;3;11;1
202100016155;172 763;7;0;1;1;1;1
202100016156;172 761;7;0;2;7;26;1
202100016156;172 762;50;0;2;1;26;3
202100016157;172 759;7;0;2;4;26;1
202100016157;172 760;7;0;2;1;26;1
202100016158;172 758;0;0;1;0;1;1
202100016159;172 756;7;0;2;2;1;1
202100016159;172 757;30;0;2;8;26;1
202100016160;172 754;7;0;9;1;2;1
202100016160;172 755;1;0;0;0;0;0
202100016161;172 753;7;0;1;1;1;1
202100016162;172 751;7;0;2;2;15;1
202100016162;172 752;34;0;2;1;1;1
202100016163;172 750;33;0;1;3;26;1
202100016164;172 748;1;0;0;0;1;5
202100016164;172 749;7;0;2;1;26;1
202100016165;172 746;7;0;2;8;10;1
202100016165;172 747;31;0;2;1;1;1
202100016166;172 744;10;0;2;5;18;1
202100016166;172 745;7;0;2;1;1;1
202100016167;172 742;1;0;0;8;1;5
202100016167;172 743;7;0;9;1;1;1
202100016168;172 741;14;9;0;1;26;1
202100016169;172 738;7;0;2;1;2;1
202100016169;172 739;7;0;2;4;2;1
202100016169;172 740;7;0;2;4;2;1
202100016170;172 737;7;0;1;1;2;1
202100016171;172 735;30;0;2;1;17;1
202100016171;172 736;7;0;2;3;0;3
202100016172;172 733;31;0;2;1;2;1
202100016172;172 734;7;0;2;7;15;1
202100016173;172 731;7;0;2;1;16;1
202100016173;172 732;1;0;2;2;15;5
202100016174;172 729;1;0;0;4;1;5
202100016174;172 730;7;0;9;3;12;1
202100016175;172 728;7;0;1;1;1;1
202100016176;172 725;7;0;0;4;1;1
202100016176;172 726;7;14;2;1;1;1
202100016176;172 727;7;14;2;1;1;1
202100016177;172 723;60;0;1;2;19;5
202100016177;172 724;0;0;1;5;0;0
202100016178;172 721;50;0;2;5;1;3
202100016178;172 722;7;0;2;5;1;1
202100016179;172 719;7;0;2;2;9;1
202100016179;172 720;32;0;2;1;1;1
202100016180;172 716;7;0;1;2;1;1
202100016181;172 714;7;0;2;8;15;1
202100016181;172 715;32;0;2;8;1;1
202100016182;172 712;7;0;2;7;16;1
202100016182;172 713;33;1;2;1;1;1
202100016183;172 710;50;0;2;8;2;3
202100016183;172 711;7;0;2;1;2;1
202100016184;172 708;7;0;2;5;1;1
202100016184;172 709;1;0;2;1;16;5
202100016185;172 707;31;2;0;1;1;1
202100016186;172 706;7;0;1;3;1;1
202100016187;172 704;7;0;2;0;16;1
202100016187;172 705;1;0;2;8;1;0
202100016188;172 702;7;0;2;2;19;1
202100016188;172 703;30;0;2;5;15;1
202100016189;172 700;30;6;2;0;25;0
202100016189;172 701;1;6;2;0;25;5
202100016190;172 698;34;0;2;3;1;1
202100016190;172 699;10;0;2;3;15;1
202100016191;172 696;7;0;2;2;1;1
202100016191;172 697;33;0;2;7;15;1
202100016192;172 694;7;0;2;5;6;1
202100016192;172 695;34;0;2;1;1;1
202100016193;172 693;43;14;0;0;26;1
202100016194;172 692;1;0;0;0;26;5
202100016195;172 691;7;0;1;1;26;1
202100016196;172 690;7;4;0;1;13;1
202100016197;172 688;7;0;2;1;1;1
202100016197;172 689;10;0;2;4;1;1
202100016198;172 687;7;0;1;2;1;1
202100016199;172 684;7;0;2;4;2;1
202100016199;172 685;7;0;2;4;1;2
202100016199;172 686;7;0;2;1;26;1
202100016200;172 682;7;0;2;3;9;1
202100016200;172 683;33;0;2;1;17;1
202100016201;172 678;7;0;2;4;2;1
202100016201;172 679;7;0;2;1;1;1
202100016202;172 676;7;0;2;4;23;1
202100016202;172 677;7;0;2;1;1;1
202100016203;172 675;7;0;1;2;16;1
202100016204;172 673;7;0;2;4;20;1
202100016204;172 674;2;0;2;1;1;1
202100016205;172 671;7;0;2;4;2;1
202100016205;172 672;7;0;2;1;2;1
202100016206;172 669;10;0;2;2;15;1
202100016206;172 670;2;0;2;3;1;1
202100016207;172 668;7;0;1;1;2;1
202100016208;172 665;7;0;2;1;2;1
202100016208;172 666;7;0;2;4;2;1
202100016208;172 667;10;0;2;4;2;1
202100016209;172 664;7;0;1;3;0;1
202100016210;172 662;1;0;2;1;2;5
202100016210;172 663;10;0;2;1;1;1
202100016211;172 660;33;0;2;1;1;1
202100016211;172 661;7;0;2;8;15;1
202100016212;172 655;7;0;2;2;20;1
202100016212;172 656;10;0;2;1;26;1
202100016212;172 657;33;0;2;7;26;1
202100016213;172 654;7;1;0;3;11;1
202100016214;172 652;10;0;2;1;1;1
202100016214;172 653;34;0;2;2;19;1
202100016215;172 651;7;9;0;1;13;1
202100016216;172 649;7;0;2;3;9;1
202100016216;172 650;7;0;2;1;26;1
202100016217;172 648;7;1;1;6;4;1
202100016218;172 647;7;0;1;1;26;1
202100016219;172 645;7;0;1;2;17;1
202100016219;172 646;10;0;0;8;9;1
202100016220;172 643;7;0;2;8;15;1
202100016220;172 644;33;0;2;1;0;1
202100016221;172 641;7;0;2;2;15;1
202100016221;172 642;7;0;2;2;17;1
202100016222;172 639;10;0;2;3;1;1
202100016222;172 640;1;0;2;3;19;5
202100016223;172 637;7;0;2;8;19;1
202100016223;172 638;32;0;2;1;1;1
202100016224;172 635;2;0;2;5;1;1
202100016224;172 636;7;0;2;3;15;1
202100016225;172 633;7;0;2;1;15;1
202100016225;172 634;30;0;2;1;1;1
202100016226;172 631;7;0;2;2;1;1
202100016226;172 632;1;0;2;5;1;5
202100016227;172 629;7;0;2;4;9;1
202100016227;172 630;7;0;2;1;1;1
202100016228;172 628;1;0;0;1;1;5
202100016229;172 627;7;0;1;3;1;1
202100016230;172 625;7;0;2;6;15;1
202100016230;172 626;14;0;2;2;17;1
202100016231;172 624;30;0;0;0;0;1
202100016232;172 622;7;0;9;2;16;1
202100016232;172 623;1;0;2;1;1;5
202100016233;172 619;7;0;2;1;23;1
202100016233;172 620;7;0;2;4;15;1
202100016233;172 621;7;0;2;1;1;1
202100016234;172 617;32;0;2;8;1;1
202100016234;172 618;7;0;2;7;16;1
202100016235;172 612;43;0;2;7;2;1
202100016235;172 613;43;0;2;1;2;1
202100016235;172 614;7;0;2;6;11;1
202100016235;172 615;33;0;2;2;11;1
202100016235;172 616;7;0;2;8;2;2
202100016236;172 610;7;0;2;7;1;1
202100016236;172 611;33;0;2;8;11;1
202100016237;172 608;30;0;2;1;2;1
202100016237;172 609;33;0;2;5;2;1
202100016238;172 607;33;0;1;1;1;1
202100016239;172 605;1;0;2;1;1;5
202100016239;172 606;10;0;2;2;16;1
202100016240;172 604;43;0;1;8;1;1
202100016241;172 601;30;0;2;7;18;3
202100016241;172 602;37;0;2;0;16;1
202100016241;172 603;7;0;2;0;1;1
202100016242;172 600;1;0;1;1;1;5
202100016243;172 598;1;0;2;2;1;5
202100016243;172 599;7;0;2;3;22;1
202100016244;172 596;7;0;2;5;2;1
202100016244;172 597;34;0;2;1;2;1
202100016245;172 594;1;0;2;1;1;5
202100016245;172 595;50;0;2;8;19;3
202100016246;172 592;7;0;2;0;1;0
202100016246;172 593;1;0;2;7;1;5
202100016247;172 590;10;0;2;6;22;0
202100016247;172 591;1;0;2;1;1;5
202100016248;172 588;7;0;2;3;1;1
202100016248;172 589;50;0;2;1;1;3
202100016249;172 586;37;0;2;5;12;3
202100016249;172 587;7;0;2;8;7;1
202100016250;172 584;7;0;2;6;2;1
202100016250;172 585;30;0;2;1;2;1
202100016251;172 582;31;0;2;2;1;3
202100016251;172 583;50;0;2;8;19;3
202100016252;172 580;80;0;2;8;1;3
202100016252;172 581;10;0;2;2;1;1
202100016253;172 578;7;0;2;1;1;1
202100016253;172 579;30;0;2;1;5;1
202100016254;172 576;7;0;2;2;9;1
202100016254;172 577;1;0;2;1;1;5
202100016255;172 575;7;9;0;1;15;1
202100016256;172 574;7;0;1;4;26;1
202100016257;172 573;32;0;1;1;1;1
202100016258;172 572;7;0;1;1;16;1
202100016259;172 570;7;0;2;6;1;0
202100016259;172 571;50;0;2;3;15;3
202100016260;172 568;7;0;2;3;1;1
202100016260;172 569;50;0;2;3;1;3
202100016261;172 566;30;12;2;1;26;1
202100016261;172 567;2;12;2;1;26;1
202100016262;172 565;7;8;0;1;14;1
202100016263;172 562;7;0;2;3;2;1
202100016263;172 563;10;0;2;1;26;1
202100016263;172 564;34;0;2;4;2;1
202100016264;172 561;30;0;0;3;21;1
202100016265;172 559;7;0;2;3;17;1
202100016265;172 560;7;0;2;4;10;1
202100016266;172 558;10;0;1;1;16;1
202100016267;172 557;7;0;1;5;16;1
202100016268;172 555;30;0;2;1;20;1
202100016268;172 556;1;0;2;0;0;0
202100016269;172 554;7;4;0;5;1;1
202100016270;172 552;32;0;2;1;1;1
202100016270;172 553;1;0;2;8;11;5
202100016271;172 550;1;0;2;2;14;5
202100016271;172 551;32;0;2;1;1;1
202100016272;172 548;7;0;2;3;15;1
202100016272;172 549;32;0;2;1;1;1
202100016273;172 547;7;0;1;7;1;1
202100016274;172 545;7;0;2;1;1;1
202100016274;172 546;13;0;2;2;11;1
202100016275;172 543;80;12;0;1;16;3
202100016275;172 544;7;0;0;0;15;0
202100016276;172 541;7;7;2;3;6;1
202100016276;172 542;7;0;9;1;1;1
202100016277;172 540;33;13;0;3;13;1
202100016278;172 538;7;0;2;3;13;1
202100016278;172 539;7;0;2;3;1;1
202100016279;172 536;7;0;2;3;19;1
202100016279;172 537;7;0;2;2;1;1
202100016280;172 534;7;0;2;2;1;1
202100016280;172 535;21;0;2;1;26;1
202100016281;172 532;7;0;2;3;13;2
202100016281;172 533;7;0;2;1;1;1
202100016282;172 530;7;0;2;1;5;1
202100016282;172 531;7;0;2;1;1;1
202100016283;172 528;7;0;2;7;1;1
202100016283;172 529;7;0;2;1;19;1
202100016284;172 527;7;15;0;1;1;1
202100016285;172 523;10;0;2;1;1;1
202100016285;172 524;7;0;2;4;23;1
202100016285;172 525;7;0;2;3;1;1
202100016285;172 526;7;0;0;3;23;1
202100016286;172 522;16;16;0;2;1;0
202100016287;172 520;7;0;2;3;1;1
202100016287;172 521;7;0;2;3;13;1
202100016288;172 518;1;0;2;1;15;5
202100016288;172 519;7;0;2;2;15;1
202100016289;172 517;7;0;1;4;4;1
202100016290;172 515;10;0;2;2;19;1
202100016290;172 516;7;13;2;2;1;1
202100016291;172 513;2;0;2;3;1;1
202100016291;172 514;7;0;0;3;2;1
202100016292;172 512;2;0;0;9;1;1
202100016293;172 511;34;12;0;1;0;1
202100016294;172 509;7;0;0;7;1;1
202100016294;172 510;1;0;2;1;19;5
202100016295;172 507;7;0;2;1;19;1
202100016295;172 508;2;0;2;1;1;1
202100016296;172 504;33;0;0;1;1;1
202100016296;172 505;33;0;0;5;23;1
202100016296;172 506;33;0;0;4;23;1
202100016297;172 502;7;0;0;5;1;1
202100016297;172 503;7;0;2;1;1;1
202100016298;172 500;15;0;2;8;26;1
202100016298;172 501;33;0;2;2;1;1
202100016299;172 499;10;0;1;4;20;1
202100016300;172 498;33;6;0;1;1;1
202100016301;172 496;33;0;2;1;13;1
202100016301;172 497;7;0;2;1;1;1
202100016302;172 495;7;2;0;1;1;1
202100016303;172 493;7;0;2;2;0;1
202100016303;172 494;7;0;0;6;1;1
202100016304;172 492;14;3;0;3;2;1
202100016305;172 491;7;2;0;3;14;1
202100016306;172 489;7;0;2;3;1;1
202100016306;172 490;7;0;2;3;13;1
202100016307;172 488;10;13;0;1;13;1
202100016308;172 486;34;0;2;1;3;1
202100016308;172 487;7;0;0;8;15;1
202100016309;172 485;33;6;0;8;0;1
202100016310;172 483;7;0;2;3;1;1
202100016310;172 484;30;0;2;1;13;1
202100016311;172 480;1;5;0;1;2;5
202100016312;172 478;15;1;0;1;1;1
202100016312;172 479;7;0;0;4;23;1
202100016313;172 476;7;0;2;6;15;1
202100016313;172 477;33;0;2;2;1;1
202100016314;172 474;7;0;2;2;17;1
202100016314;172 475;7;0;0;8;15;1
202100016315;172 473;2;0;0;7;1;1
202100016316;172 472;7;0;1;2;1;1
202100016317;172 471;33;13;0;2;1;1
202100016318;172 470;33;0;0;7;1;1
202100016319;172 468;7;0;0;8;15;1
202100016319;172 469;33;0;2;1;17;1
202100016320;172 466;33;0;2;1;1;1
202100016320;172 467;7;0;2;1;15;1
202100016321;172 465;33;13;0;1;1;1
202100016322;172 464;7;0;1;2;1;1
202100016323;172 462;10;0;2;3;1;1
202100016323;172 463;10;0;2;3;13;1
202100016324;172 461;31;5;0;2;14;1
202100016325;172 459;33;0;2;1;17;1
202100016325;172 460;7;0;0;6;15;1
202100016326;172 458;33;4;0;7;1;1
202100016327;172 454;7;0;2;3;19;1
202100016327;172 455;7;0;2;3;1;1
202100016328;172 453;14;13;0;3;1;1
202100016329;172 451;7;0;2;7;19;1
202100016329;172 452;17;0;2;1;1;1
202100016330;172 449;33;0;0;0;1;1
202100016331;172 447;10;0;2;1;1;1
202100016331;172 448;2;0;2;4;1;1
202100016332;172 446;7;0;0;9;0;1
202100016333;172 444;7;0;9;1;9;1
202100016333;172 445;1;0;2;5;1;5
202100016334;172 442;7;0;2;1;26;1
202100016334;172 443;7;1;0;1;1;1
202100016335;172 440;7;0;2;4;2;1
202100016335;172 441;7;0;2;1;2;1
202100016336;172 438;7;0;2;4;2;1
202100016336;172 439;7;0;2;1;2;1
202100016337;172 435;15;0;2;1;2;1
202100016337;172 436;7;0;2;4;2;1
202100016337;172 437;7;0;2;4;2;1
202100016338;172 431;7;0;2;4;1;1
202100016338;172 432;7;0;2;4;1;1
202100016338;172 433;7;0;2;4;1;1
202100016338;172 434;7;0;2;1;1;1
202100016339;172 429;33;0;2;1;3;1
202100016339;172 430;7;0;2;5;1;1
202100016340;172 427;7;0;2;4;24;1
202100016340;172 428;15;1;0;2;1;1
202100016341;172 425;10;0;2;5;12;1
202100016341;172 426;33;0;2;1;3;1
202100016342;172 423;33;0;2;1;1;1
202100016342;172 424;7;0;2;5;12;1
202100016343;172 420;16;0;2;1;1;1
202100016343;172 421;15;0;2;4;1;1
202100016343;172 422;15;0;0;4;1;1
202100016344;172 418;10;0;2;0;0;0
202100016345;172 417;43;0;1;0;26;1
202100016346;172 416;7;0;1;2;1;1
202100016347;172 414;1;0;2;1;2;5
202100016347;172 415;10;0;2;4;11;1
202100016348;172 412;30;0;2;3;1;1
202100016348;172 413;32;0;2;5;1;1
202100016349;172 410;10;0;2;2;16;0
202100016349;172 411;31;0;2;3;18;1
202100016350;172 408;7;0;2;3;16;2
202100016350;172 409;50;0;2;1;1;3
202100016351;172 406;30;0;2;7;1;3
202100016351;172 407;7;0;2;6;15;1
202100016352;172 404;7;0;2;4;4;0
202100016352;172 405;1;0;2;1;9;5
202100016353;172 402;7;0;2;6;23;1
202100016353;172 403;30;0;2;1;2;1
202100016354;172 400;10;0;2;2;22;1
202100016354;172 401;50;0;2;3;1;3
202100016355;172 399;30;0;1;2;18;3
202100016356;172 397;7;0;2;7;16;2
202100016356;172 398;50;0;2;7;19;3
202100016357;172 396;1;6;0;8;13;5
202100016358;172 394;7;0;2;4;2;1
202100016358;172 395;30;0;2;1;2;1
202100016359;172 392;10;0;2;8;1;3
202100016359;172 393;1;0;2;4;19;5
202100016360;172 390;1;0;2;8;14;5
202100016360;172 391;7;0;2;8;23;1
202100016361;172 388;80;0;2;4;2;3
202100016361;172 389;1;0;2;7;2;5
202100016362;172 386;1;0;2;1;1;5
202100016362;172 387;10;0;2;8;22;1
202100016363;172 384;34;0;2;1;17;1
202100016363;172 385;7;0;2;8;15;1
202100016364;172 382;7;0;2;2;9;1
202100016364;172 383;34;0;2;1;1;1
202100016365;172 381;1;8;0;1;1;5
202100016366;172 379;7;0;2;6;1;1
202100016366;172 380;7;0;2;2;1;1
202100016367;172 377;10;0;2;4;23;1
202100016367;172 378;7;0;2;1;1;1
202100016368;172 376;37;6;0;1;16;1
202100016369;172 374;7;0;2;1;15;1
202100016369;172 375;32;0;2;3;1;1
202100016370;172 372;7;0;9;4;23;1
202100016370;172 373;7;0;2;1;2;1
202100016371;172 370;37;0;2;3;0;1
202100016371;172 371;7;0;2;3;26;1
202100016372;172 368;7;0;0;1;2;1
202100016372;172 369;7;0;0;4;2;1
202100016373;172 366;7;0;2;7;15;1
202100016373;172 367;43;0;2;1;1;1
202100016374;172 364;7;0;2;2;1;1
202100016374;172 365;30;0;2;1;0;1
202100016375;172 363;7;0;1;1;15;3
202100016376;172 361;7;0;2;3;10;1
202100016376;172 362;32;0;2;2;1;1
202100016377;172 359;13;0;2;3;15;1
202100016377;172 360;34;0;2;3;1;0
202100016378;172 357;7;0;2;8;15;1
202100016378;172 358;33;0;2;1;1;1
202100016379;172 356;1;1;1;2;1;5
202100016380;172 354;7;0;2;2;16;1
202100016380;172 355;32;0;2;3;1;1
202100016381;172 352;7;0;2;2;15;1
202100016381;172 353;32;0;2;1;1;1
202100016382;172 350;10;0;2;3;13;1
202100016382;172 351;7;0;2;3;1;1
202100016383;172 348;7;0;2;1;1;1
202100016383;172 349;33;0;2;4;23;1
202100016384;172 346;10;0;2;5;15;1
202100016384;172 347;34;0;2;0;0;1
202100016385;172 344;7;0;2;1;9;1
202100016385;172 345;32;0;2;2;17;1
202100016386;172 343;50;12;0;1;14;3
202100016387;172 341;30;0;2;1;2;1
202100016387;172 342;7;0;2;6;1;1
202100016388;172 339;32;15;2;3;18;1
202100016388;172 340;7;0;2;2;16;1
202100016389;172 337;1;0;2;1;19;5
202100016389;172 338;14;0;2;6;15;1
202100016390;172 335;7;0;2;8;17;1
202100016390;172 336;32;0;2;2;17;1
202100016391;172 334;1;0;0;0;1;5
202100016392;172 332;2;0;2;8;1;1
202100016392;172 333;10;0;2;3;15;6
202100016393;172 330;7;0;2;3;11;1
202100016393;172 331;7;0;2;9;1;1
202100016394;172 328;7;0;0;1;2;1
202100016394;172 329;7;0;0;4;2;1
202100016395;172 327;31;0;1;3;17;1
202100016396;172 325;7;0;2;2;12;1
202100016396;172 326;7;0;2;3;18;1
202100016397;172 324;7;0;1;3;19;1
202100016398;172 323;31;0;6;1;19;1
202100016399;172 322;33;0;0;0;1;1
202100016400;172 321;10;2;0;2;2;1
202100016401;172 319;10;0;2;1;1;1
202100016401;172 320;33;0;2;6;1;1
202100016402;172 318;30;0;0;9;1;1
202100016403;172 317;7;13;0;1;1;1
202100016404;172 316;7;6;0;1;14;1
202100016405;172 315;33;0;0;0;1;1
202100016406;172 311;3;0;2;8;1;3
202100016406;172 312;34;0;2;3;1;1
202100016406;172 313;32;0;2;8;1;1
202100016406;172 314;10;0;2;3;1;1
202100016407;172 309;7;0;0;4;2;1
202100016407;172 310;7;0;2;1;2;1
202100016408;172 308;7;6;0;2;1;1
202100016409;172 306;7;0;2;6;1;1
202100016409;172 307;10;0;2;3;13;1
202100016410;172 304;2;0;2;1;16;1
202100016410;172 305;7;0;2;7;1;1
202100016411;172 303;7;2;0;7;13;1
202100016412;172 300;7;4;2;7;2;1
202100016412;172 301;38;0;2;6;23;1
202100016412;172 302;7;0;2;2;21;1
202100016413;172 297;10;0;2;3;1;1
202100016413;172 298;33;0;2;1;17;1
202100016413;172 299;7;0;2;3;1;1
202100016414;172 296;20;0;0;2;1;1
202100016415;172 295;38;0;0;1;1;1
202100016416;172 294;7;8;0;0;1;1
202100016417;172 293;80;0;1;1;1;3
202100016418;172 291;21;0;9;3;26;1
202100016418;172 292;1;0;2;0;11;6
202100016419;172 290;33;0;0;0;1;1
202100016420;172 288;33;0;2;1;1;1
202100016420;172 289;7;0;2;3;13;1
202100016421;172 286;7;0;2;1;1;1
202100016421;172 287;1;0;2;4;9;5
202100016422;172 285;7;0;1;0;1;1
202100016423;172 282;10;0;2;1;2;1
202100016423;172 283;7;0;2;4;2;1
202100016423;172 284;7;0;2;4;1;1
202100016424;172 278;10;0;2;1;2;1
202100016424;172 279;7;0;2;4;2;1
202100016424;172 280;7;0;2;4;2;1
202100016424;172 281;7;0;2;4;2;1
202100016425;172 276;10;0;2;4;2;1
202100016425;172 277;7;0;2;1;2;1
202100016426;172 275;7;0;0;0;26;1
202100016427;172 272;43;0;2;7;3;1
202100016427;172 273;7;0;2;8;1;3
202100016427;172 274;10;0;2;8;12;1
202100016428;172 270;33;0;2;7;12;1
202100016428;172 271;33;0;2;1;3;1
202100016429;172 268;7;0;2;4;0;1
202100016429;172 269;7;0;2;1;26;1
202100016430;172 266;7;0;2;1;1;0
202100016430;172 267;10;0;2;4;1;0
202100016431;172 264;7;0;2;4;26;1
202100016431;172 265;7;0;2;1;12;1
202100016432;172 262;33;0;2;4;3;3
202100016432;172 263;33;0;2;1;3;1
202100016433;172 260;10;0;2;4;1;1
202100016433;172 261;7;0;2;1;1;1
202100016434;172 258;32;0;2;1;2;1
202100016434;172 259;3;0;2;4;12;1
202100016435;172 256;7;0;2;6;2;1
202100016435;172 257;17;0;2;2;14;1
202100016436;172 250;7;0;2;8;9;1
202100016436;172 251;10;0;2;9;2;1
202100016436;172 252;10;0;2;9;2;1
202100016436;172 253;14;0;2;1;1;1
202100016436;172 254;7;0;2;9;2;1
202100016436;172 255;7;0;2;9;2;1
202100016437;172 249;7;0;1;1;0;1
202100016438;172 247;7;0;2;3;1;1
202100016438;172 248;10;0;2;8;0;1
202100016439;172 245;2;0;2;4;1;0
202100016439;172 246;10;0;2;4;1;1
202100016440;172 242;7;0;1;1;1;1
202100016441;172 239;7;0;2;4;1;1
202100016441;172 240;7;0;2;4;1;1
202100016441;172 241;7;0;2;1;1;1
202100016442;172 238;7;0;1;2;1;1
202100016443;172 237;7;0;1;2;13;1
202100016444;172 235;14;1;0;2;1;1
202100016444;172 236;10;0;2;6;24;1
202100016445;172 234;7;0;1;1;2;1
202100016446;172 232;7;0;2;1;1;1
202100016446;172 233;7;0;0;4;1;1
202100016447;172 229;7;0;2;1;2;1
202100016447;172 230;7;0;2;4;2;1
202100016447;172 231;7;0;2;4;2;1
202100016448;172 228;7;0;1;1;15;1
202100016449;172 226;7;4;0;3;13;1
202100016449;172 227;7;14;0;2;2;1
202100016450;172 225;7;2;0;1;1;1
202100016451;172 223;7;0;2;1;1;1
202100016451;172 224;7;0;2;1;9;1
202100016452;172 222;7;0;1;7;1;1
202100016453;172 219;7;0;1;4;4;2
202100016454;172 216;7;0;2;4;2;1
202100016454;172 217;7;0;2;1;2;1
202100016454;172 218;7;0;2;4;1;1
202100016455;172 214;2;0;2;1;2;1
202100016455;172 215;7;0;2;3;10;1
202100016456;172 212;7;0;0;2;2;1
202100016456;172 213;1;0;2;8;19;5
202100016457;172 210;1;0;2;8;0;5
202100016457;172 211;7;0;9;1;16;0
202100016458;172 208;7;0;2;1;20;1
202100016458;172 209;7;0;2;1;3;1
202100016459;172 207;32;0;2;7;1;1
202100016460;172 205;7;0;0;4;2;1
202100016460;172 206;7;0;2;1;2;1
202100016461;172 203;7;0;2;1;13;1
202100016461;172 204;7;0;2;1;15;1
202100016462;172 201;7;0;2;1;1;1
202100016462;172 202;31;0;2;1;1;1
202100016463;172 200;7;0;0;0;1;1
202100016464;172 198;33;0;2;1;17;1
202100016464;172 199;7;0;2;1;15;1