Num_Acc;id_vehicule;categorie_vehicule;obstacle_fixe;obstacle_mobile;point_choc_initial;manoeuvre_principale;motorisation
202100016465;172 196;7;0;2;1;19;1
202100016465;172 197;7;0;2;8;1;1
202100016466;172 194;30;0;2;1;1;1
202100016466;172 195;7;0;2;3;15;1
202100016467;172 192;1;0;2;5;2;5
202100016467;172 193;50;0;2;1;2;3
202100016468;172 190;10;0;2;2;9;3
202100016468;172 191;1;0;2;1;25;5
202100016469;172 187;10;0;2;1;1;1
202100016469;172 188;10;0;2;4;1;1
202100016469;172 189;7;0;2;4;1;1
202100016470;172 186;2;0;2;1;2;1
202100016471;172 185;99;8;0;2;13;1
202100016472;172 183;7;0;2;4;2;1
202100016472;172 184;7;0;2;1;2;0
202100016473;172 182;7;0;1;1;1;1
202100016474;172 180;7;0;2;8;19;1
202100016474;172 181;80;0;2;1;19;3
202100016475;172 178;60;0;2;7;1;5
202100016475;172 179;7;0;2;1;9;1
202100016476;172 176;33;0;2;1;1;1
202100016476;172 177;7;0;2;8;9;1
202100016477;172 174;32;0;2;7;19;1
202100016477;172 175;7;0;2;1;1;1
202100016478;172 173;7;0;1;1;1;1
202100016479;172 169;7;0;2;4;2;1
202100016479;172 170;7;0;2;1;2;1
202100016479;172 171;7;0;0;4;2;1
202100016479;172 172;10;0;0;4;2;1
202100016480;172 167;7;0;2;8;19;1
202100016480;172 168;31;0;2;1;1;1
202100016481;172 166;7;0;1;1;26;1
202100016482;172 164;3;0;2;0;0;1
202100016482;172 165;3;0;2;1;26;3
202100016483;172 163;7;2;0;1;13;1
202100016484;172 162;30;12;0;1;13;1
202100016485;172 160;7;0;2;4;1;2
202100016485;172 161;7;0;2;1;2;1
202100016486;172 158;33;0;2;1;1;1
202100016486;172 159;7;0;2;3;15;1
202100016487;172 156;7;0;2;6;1;1
202100016487;172 157;7;0;2;1;1;1
202100016488;172 154;10;0;2;3;9;1
202100016488;172 155;7;0;2;2;21;1
202100016489;172 153;7;15;0;2;1;1
202100016490;172 151;1;0;2;2;2;5
202100016490;172 152;7;0;2;2;14;1
202100016491;172 150;7;0;1;3;9;1
202100016492;172 148;50;0;2;1;1;3
202100016492;172 149;99;0;2;3;9;0
202100016493;172 146;30;0;9;1;26;1
202100016493;172 147;30;0;9;0;26;1
202100016494;172 144;7;0;2;2;26;2
202100016494;172 145;1;0;2;7;26;5
202100016495;172 142;7;0;2;3;26;1
202100016495;172 143;7;0;2;2;26;1
202100016496;172 140;7;0;2;1;26;1
202100016496;172 141;7;0;2;1;26;1
202100016497;172 138;7;0;2;0;0;1
202100016497;172 139;1;0;2;5;19;5
202100016498;172 137;33;11;0;1;26;1
202100016499;172 136;7;0;1;1;1;1
202100016500;172 135;7;1;0;1;1;1
202100016501;172 134;30;0;0;8;0;1
202100016502;172 133;1;0;1;1;1;5
202100016503;172 130;7;0;2;4;1;1
202100016503;172 131;2;0;2;1;0;1
202100016503;172 132;1;0;2;1;19;5
202100016504;172 128;7;0;2;1;23;1
202100016504;172 129;7;9;2;1;1;1
202100016505;172 126;7;0;2;1;15;1
202100016505;172 127;1;0;2;3;1;5
202100016506;172 124;7;0;2;3;9;1
202100016506;172 125;3;0;2;7;1;1
202100016507;172 122;7;0;2;0;1;1
202100016507;172 123;7;0;2;1;15;1
202100016508;172 120;7;0;2;8;24;1
202100016508;172 121;7;1;0;5;20;1
202100016509;172 117;7;0;2;1;1;1
202100016509;172 118;7;0;2;1;0;1
202100016509;172 119;7;0;2;1;1;1
202100016510;172 115;80;16;2;7;19;3
202100016510;172 116;33;0;9;1;1;1
202100016511;172 113;7;0;2;2;1;1
202100016511;172 114;43;0;2;1;3;1
202100016512;172 111;7;0;2;3;0;1
202100016512;172 112;7;0;2;5;1;1
202100016513;172 109;2;0;2;3;15;1
202100016513;172 110;7;0;2;3;1;1
202100016514;172 108;7;8;0;1;1;0
202100016515;172 106;7;0;2;6;2;1
202100016515;172 107;30;0;2;1;2;1
202100016516;172 104;1;0;2;1;1;5
202100016516;172 105;7;0;2;0;1;1
202100016517;172 102;50;0;2;1;1;3
202100016517;172 103;7;0;2;6;19;1
202100016518;172 101;7;1;0;2;1;1
202100016519;172 099;7;0;2;3;15;1
202100016519;172 100;50;0;2;1;17;3
202100016520;172 098;32;0;1;1;21;1
202100016521;172 097;7;0;1;1;26;0
202100016522;172 096;7;0;1;3;1;0
202100016523;172 094;7;0;0;0;0;1
202100016523;172 095;7;1;0;1;1;1
202100016524;172 093;7;0;1;1;15;1
202100016525;172 092;7;0;1;1;1;1
202100016526;172 091;7;0;1;2;1;1
202100016527;172 089;7;0;2;1;15;1
202100016527;172 090;30;0;2;1;1;1
202100016528;172 086;1;0;9;1;1;6
202100016528;172 087;7;0;2;1;19;1
202100016529;172 080;7;0;2;0;0;1
202100016529;172 081;7;0;2;4;0;1
202100016529;172 082;7;0;2;4;2;1
202100016529;172 083;7;0;2;4;2;1
202100016529;172 084;7;0;2;7;2;1
202100016529;172 085;7;0;2;7;1;2
202100016530;172 079;7;1;1;1;13;1
202100016531;172 077;7;0;2;1;1;1
202100016531;172 078;7;0;2;8;1;1
202100016532;172 076;33;0;1;1;1;1
202100016533;172 074;50;0;2;1;5;3
202100016533;172 075;7;0;2;8;16;1
202100016534;172 072;30;0;2;2;1;1
202100016534;172 073;7;0;2;3;1;1
202100016535;172 071;33;0;1;1;17;1
202100016536;172 070;33;0;1;3;1;1
202100016537;172 068;7;0;2;2;1;1
202100016537;172 069;33;0;2;6;18;1
202100016538;172 066;7;0;2;3;15;2
202100016538;172 067;1;0;2;1;1;5
202100016539;172 065;7;0;1;0;20;3
202100016540;172 063;1;0;2;1;1;5
202100016540;172 064;7;0;2;3;15;1
202100016541;172 061;10;0;2;7;16;3
202100016541;172 062;80;0;2;1;1;3
202100016542;172 060;7;8;0;3;13;1
202100016543;172 058;2;0;2;1;1;1
202100016543;172 059;7;0;2;5;1;1
202100016544;172 056;7;0;2;7;15;1
202100016544;172 057;30;0;2;1;1;1
202100016545;172 055;30;0;1;6;1;1
202100016546;172 053;60;0;2;3;1;5
202100016546;172 054;10;0;2;8;1;1
202100016547;172 052;7;0;1;7;1;1
202100016548;172 050;7;0;2;3;2;1
202100016548;172 051;7;0;2;2;9;1
202100016549;172 048;7;0;2;8;1;1
202100016549;172 049;7;0;2;1;1;1
202100016550;172 046;7;0;2;7;15;1
202100016550;172 047;7;0;2;1;1;1
202100016551;172 044;7;0;2;1;16;0
202100016551;172 045;32;0;2;7;1;1
202100016552;172 042;32;0;2;0;0;1
202100016552;172 043;7;0;2;2;15;1
202100016553;172 041;1;0;1;1;1;5
202100016554;172 040;7;0;1;2;1;1
202100016555;172 039;7;0;1;3;1;1
202100016556;172 038;3;0;1;3;2;1
202100016557;172 036;1;0;2;1;1;5
202100016557;172 037;7;0;2;3;1;1
202100016558;172 034;50;0;2;0;0;3
202100016558;172 035;7;0;2;8;24;1
202100016559;172 032;30;0;2;8;13;1
202100016559;172 033;7;0;2;7;1;1
202100016560;172 030;13;0;2;2;1;4
202100016560;172 031;33;0;2;1;21;1
202100016561;172 029;1;0;1;1;1;5
202100016562;172 027;60;0;2;7;19;5
202100016562;172 028;7;0;2;3;1;1
202100016563;172 026;7;9;1;0;26;1
202100016564;172 022;10;0;2;3;1;1
202100016564;172 023;15;0;2;3;1;1
202100016564;172 024;15;0;2;1;1;1
202100016564;172 025;15;0;2;3;1;1
202100016565;172 021;10;9;1;2;1;1
202100016566;172 019;7;0;0;4;2;1
202100016566;172 020;7;0;2;1;2;1
202100016567;172 018;33;0;6;1;1;1
202100016568;172 016;38;0;2;3;1;1
202100016568;172 017;7;0;2;3;1;1
202100016569;172 014;7;9;0;2;0;1
202100016569;172 015;7;0;2;3;0;1
202100016570;172 013;7;0;0;9;1;1
202100016571;172 011;10;0;2;3;13;1
202100016571;172 012;7;0;2;3;1;1
202100016572;172 010;1;0;0;0;1;5
202100016573;172 008;7;0;2;1;1;1
202100016573;172 009;7;0;2;3;19;1
202100016574;172 007;7;0;1;7;1;1
202100016575;172 003;7;0;2;3;13;1
202100016575;172 004;7;0;2;1;1;1
202100016576;172 002;7;0;1;2;1;1
202100016577;172 001;2;0;0;7;1;1
202100016578;171 999;7;0;2;2;19;1
202100016578;172 000;7;0;2;3;1;1
202100016579;171 997;33;0;2;1;17;1
202100016579;171 998;7;0;2;8;15;1
202100016580;171 995;1;0;2;1;1;5
202100016580;171 996;10;0;2;2;16;1
202100016581;171 993;7;3;2;3;1;1
202100016581;171 994;7;3;2;3;13;1
202100016582;171 992;7;6;0;1;1;1
202100016583;171 990;7;0;2;1;1;1
202100016583;171 991;7;0;2;7;6;1
202100016584;171 987;3;0;9;9;0;1
202100016585;171 985;7;0;2;1;1;1
202100016585;171 986;7;0;2;7;19;1
202100016586;171 984;2;9;9;0;2;0
202100016587;171 983;33;12;0;7;1;1
202100016588;171 980;7;0;0;4;15;1
202100016588;171 981;33;0;2;4;23;1
202100016588;171 982;33;0;2;1;1;1
202100016589;171 979;33;0;0;0;9;1
202100016590;171 978;10;0;1;4;4;1
202100016591;171 977;2;13;0;2;1;1
202100016592;171 976;7;3;0;3;1;1
202100016593;171 975;7;0;1;1;1;1
202100016594;171 974;10;0;1;1;1;1
202100016595;171 972;34;0;2;1;1;1
202100016595;171 973;34;0;2;6;1;1
202100016596;171 969;7;0;1;1;1;1
202100016597;171 967;7;0;2;1;5;1
202100016597;171 968;7;0;2;1;1;1
202100016598;171 965;7;0;2;1;1;1
202100016598;171 966;32;0;2;1;1;1
202100016599;171 963;33;0;2;1;2;1
202100016599;171 964;7;0;0;6;2;1
202100016600;171 961;7;0;2;1;13;1
202100016600;171 962;7;0;2;3;14;1
202100016601;171 960;2;0;1;3;5;1
202100016602;171 957;10;0;2;1;2;1
202100016602;171 958;7;0;2;4;2;1
202100016602;171 959;7;0;2;4;2;1
202100016603;171 955;17;0;2;4;2;1
202100016603;171 956;10;0;2;1;2;1
202100016604;171 954;7;4;0;1;1;1
202100016605;171 953;7;0;0;7;0;1
202100016606;171 951;7;0;2;1;14;1
202100016606;171 952;14;0;2;2;1;1
202100016607;171 950;7;0;2;0;1;1
202100016608;171 949;7;13;0;0;12;1
202100016609;171 948;7;4;0;0;11;1
202100016610;171 947;7;0;2;4;2;1
202100016611;171 946;7;4;0;1;1;1
202100016612;171 945;7;0;2;1;0;1
202100016613;171 944;42;0;2;7;1;1
202100016614;171 938;7;0;2;0;0;1
202100016614;171 939;7;0;2;4;1;2
202100016614;171 940;7;0;2;4;1;1
202100016614;171 941;7;0;2;4;1;1
202100016614;171 942;7;0;2;4;1;1
202100016614;171 943;7;0;2;1;1;1
202100016615;171 936;31;0;2;8;3;1
202100016615;171 937;7;0;2;7;12;1
202100016616;171 934;10;0;2;1;2;1
202100016616;171 935;16;0;0;4;1;1
202100016617;171 933;7;0;1;2;26;0
202100016618;171 932;7;0;1;2;20;0
202100016619;171 928;7;0;1;1;26;1
202100016620;171 926;1;0;2;1;2;5
202100016620;171 927;7;0;2;3;22;1
202100016621;171 924;7;0;2;6;4;2
202100016621;171 925;33;0;0;1;1;1
202100016622;171 923;33;6;0;9;1;1
202100016623;171 921;7;0;2;6;1;2
202100016623;171 922;7;0;2;2;14;1
202100016624;171 919;7;0;2;7;15;1
202100016624;171 920;7;0;2;5;19;2
202100016625;171 917;32;0;2;1;1;1
202100016625;171 918;7;0;2;7;10;1
202100016626;171 915;7;0;2;1;1;1
202100016626;171 916;7;0;2;5;1;1
202100016627;171 913;31;0;2;0;0;0
202100016627;171 914;7;0;2;7;19;1
202100016628;171 910;7;0;2;6;1;1
202100016628;171 911;7;0;2;3;11;1
202100016628;171 912;32;0;2;1;2;1
202100016629;171 909;7;0;1;6;4;1
202100016630;171 907;60;0;2;1;16;5
202100016630;171 908;7;0;2;1;15;3
202100016631;171 905;43;0;2;1;1;1
202100016631;171 906;10;0;2;2;15;1
202100016632;171 903;7;0;2;2;15;1
202100016632;171 904;32;0;2;1;26;1
202100016633;171 901;7;15;0;2;1;1
202100016634;171 899;7;0;2;1;1;1
202100016634;171 900;7;0;2;4;0;1
202100016635;171 897;7;0;2;3;13;1
202100016635;171 898;7;0;2;1;1;1
202100016636;171 895;1;0;2;2;19;0
202100016636;171 896;7;0;2;3;21;1
202100016637;171 893;33;0;2;7;1;1
202100016637;171 894;7;0;2;2;15;1
202100016638;171 891;7;0;2;4;9;1
202100016638;171 892;7;0;2;2;2;1
202100016639;171 889;33;16;0;7;1;1
202100016640;171 887;7;0;2;8;15;1
202100016640;171 888;33;0;2;1;17;1
202100016641;171 886;7;2;0;1;1;1
202100016642;171 884;7;0;2;3;9;1
202100016642;171 885;1;0;2;1;9;5
202100016643;171 882;80;0;2;1;15;3
202100016643;171 883;7;0;2;1;15;0
202100016644;171 880;2;0;0;0;0;0
202100016644;171 881;7;0;9;0;16;1
202100016645;171 878;7;0;2;2;0;1
202100016645;171 879;7;0;2;2;15;1
202100016646;171 876;7;0;2;1;26;1
202100016646;171 877;7;0;2;1;26;1
202100016647;171 875;7;0;1;2;1;1
202100016648;171 873;7;14;0;5;2;1
202100016648;171 874;7;0;2;1;1;1
202100016649;171 872;7;0;1;2;1;1
202100016650;171 869;7;0;2;7;17;1
202100016650;171 870;7;0;2;8;0;1
202100016650;171 871;7;0;2;8;12;1
202100016651;171 865;7;0;2;4;23;2
202100016651;171 866;7;0;2;4;23;1
202100016651;171 867;7;0;2;4;23;1
202100016651;171 868;7;1;2;1;1;1
202100016652;171 864;7;3;0;1;13;2
202100016653;171 863;30;0;0;7;26;1
202100016654;171 861;33;0;2;5;15;0
202100016654;171 862;7;0;2;7;0;1
202100016655;171 859;7;0;2;5;9;1
202100016655;171 860;33;0;2;8;0;1
202100016656;171 857;1;0;2;4;26;6
202100016656;171 858;7;0;2;3;9;1
202100016657;171 855;7;0;2;1;15;1
202100016657;171 856;32;0;2;3;1;1
202100016658;171 851;7;0;2;0;0;1
202100016658;171 852;7;0;2;0;0;1
202100016658;171 853;7;1;2;1;13;1
202100016658;171 854;7;0;2;1;1;1
202100016659;171 850;33;1;0;7;1;1
202100016660;171 848;7;0;2;1;0;0
202100016660;171 849;32;0;2;1;0;1
202100016661;171 847;30;0;1;0;26;1
202100016662;171 845;2;0;2;1;1;1
202100016662;171 846;7;0;2;5;1;1
202100016663;171 844;7;0;1;2;1;1
202100016664;171 842;7;0;2;1;1;1
202100016664;171 843;7;0;2;3;10;2
202100016665;171 839;7;1;0;8;0;1
202100016665;171 840;7;1;0;1;9;1
202100016665;171 841;13;0;2;1;1;1
202100016666;171 838;7;0;1;3;1;1
202100016667;171 836;33;0;2;1;2;1
202100016667;171 837;10;0;2;6;15;1
202100016668;171 832;7;0;2;7;2;1
202100016668;171 833;7;0;2;5;2;1
202100016668;171 834;34;0;2;8;21;1
202100016668;171 835;7;0;2;2;12;1
202100016669;171 831;31;14;0;8;13;1
202100016670;171 830;7;0;1;2;1;1
202100016671;171 828;7;0;2;6;10;1
202100016671;171 829;7;0;2;2;1;1
202100016672;171 826;7;0;2;5;2;1
202100016672;171 827;30;0;2;1;2;1
202100016673;171 824;30;0;2;1;1;1
202100016673;171 825;7;0;2;0;1;0
202100016674;171 822;7;0;2;4;23;1
202100016674;171 823;7;0;2;1;2;1
202100016675;171 821;32;0;0;0;1;1
202100016676;171 820;1;0;1;2;1;5
202100016677;171 819;7;0;1;3;1;1
202100016678;171 816;7;0;2;0;10;1
202100016678;171 817;7;0;2;6;2;1
202100016678;171 818;30;0;2;1;2;1
202100016679;171 815;30;12;0;3;13;1
202100016680;171 813;7;0;2;2;15;1
202100016680;171 814;50;0;2;0;1;3
202100016681;171 812;7;0;1;1;1;2
202100016682;171 811;7;0;1;1;13;1
202100016683;171 808;7;0;2;1;2;1
202100016683;171 809;7;0;2;4;1;1
202100016683;171 810;7;0;2;4;1;1
202100016684;171 806;7;0;2;7;2;0
202100016684;171 807;30;0;2;8;1;1
202100016685;171 805;32;0;0;0;18;1
202100016686;171 802;7;0;2;4;23;1
202100016686;171 803;7;0;2;4;2;1
202100016686;171 804;7;0;2;1;2;1
202100016687;171 800;7;0;2;1;1;1
202100016687;171 801;33;1;2;7;19;1
202100016688;171 798;7;0;2;8;17;1
202100016688;171 799;31;0;2;1;17;1
202100016689;171 796;2;0;2;1;5;1
202100016689;171 797;7;0;2;1;1;1
202100016690;171 795;7;0;1;1;1;1
202100016691;171 794;7;0;0;9;9;1
202100016692;171 791;7;2;0;2;14;1
202100016693;171 789;32;0;2;1;1;1
202100016693;171 790;7;0;2;3;9;1
202100016694;171 784;7;0;2;1;2;1
202100016694;171 785;7;0;0;9;23;1
202100016694;171 786;7;0;2;6;23;1
202100016694;171 787;7;0;2;6;23;1
202100016694;171 788;7;0;2;4;23;2
202100016695;171 782;7;0;2;1;2;1
202100016695;171 783;7;0;2;6;17;1
202100016696;171 780;7;0;2;2;1;1
202100016696;171 781;7;0;2;2;9;1
202100016697;171 779;33;0;0;0;1;1
202100016698;171 778;15;3;0;3;13;1
202100016699;171 777;33;0;0;0;17;1
202100016700;171 775;1;0;2;7;15;5
202100016700;171 776;7;0;9;3;9;1
202100016701;171 772;33;0;2;8;1;1
202100016701;171 773;7;0;2;1;19;1
202100016701;171 774;33;0;2;8;1;1
202100016702;171 771;7;9;1;2;1;1
202100016703;171 768;7;0;2;1;1;1
202100016703;171 769;7;0;2;1;17;1
202100016703;171 770;7;0;9;8;1;1
202100016704;171 764;33;0;2;1;13;1
202100016704;171 765;33;0;2;0;1;1
202100016704;171 766;7;0;2;1;1;1
202100016704;171 767;7;0;2;3;1;1
202100016705;171 761;7;0;2;8;1;1
202100016705;171 762;7;0;2;1;1;1
202100016706;171 759;7;0;2;1;2;1
202100016706;171 760;7;0;0;4;1;1
202100016707;171 757;7;0;2;1;1;1
202100016707;171 758;7;8;2;8;19;1
202100016708;171 755;7;0;2;1;1;1
202100016708;171 756;7;0;0;4;15;1
202100016709;171 752;30;0;2;3;1;1
202100016709;171 753;7;0;2;1;15;1
202100016709;171 754;7;0;2;1;23;1
202100016710;171 751;7;13;0;3;1;1
202100016711;171 749;33;0;2;1;17;0
202100016711;171 750;7;0;2;6;15;1
202100016712;171 748;7;13;0;9;14;1
202100016713;171 747;33;13;0;2;1;1
202100016714;171 746;7;0;1;1;1;0
202100016715;171 745;7;0;1;1;1;3
202100016716;171 743;32;0;2;1;13;1
202100016716;171 744;10;0;2;1;1;1
202100016717;171 741;7;0;2;3;1;1
202100016717;171 742;7;0;2;3;1;1
202100016718;171 740;7;2;0;1;14;1
202100016719;171 738;7;0;2;1;13;1
202100016719;171 739;7;0;2;2;1;1
202100016720;171 737;7;2;0;1;17;1
202100016721;171 736;33;10;0;8;17;1
202100016722;171 734;2;0;2;8;15;1
202100016722;171 735;10;0;2;7;17;1
202100016723;171 732;7;0;2;2;2;3
202100016723;171 733;1;0;0;3;2;5
202100016724;171 731;7;2;0;1;1;1
202100016725;171 729;1;0;2;1;1;5
202100016725;171 730;7;0;2;3;1;1
202100016726;171 727;2;0;2;1;1;1
202100016726;171 728;7;0;2;1;1;1
202100016727;171 725;7;0;2;5;1;1
202100016727;171 726;31;0;2;1;1;1
202100016728;171 723;10;0;2;1;26;1
202100016728;171 724;15;0;0;6;1;1
202100016729;171 721;1;0;2;1;1;5
202100016729;171 722;7;0;2;5;19;1
202100016730;171 720;7;0;1;3;1;1
202100016731;171 718;7;0;2;2;15;1
202100016731;171 719;7;0;2;8;1;1
202100016732;171 712;7;0;9;3;17;2
202100016732;171 713;10;0;2;1;2;1
202100016732;171 714;17;0;0;4;2;1
202100016732;171 715;15;0;9;0;13;1
202100016732;171 716;7;0;9;1;13;1
202100016732;171 717;7;0;9;2;13;1
202100016733;171 707;7;0;2;4;1;1
202100016733;171 708;7;0;2;8;21;1
202100016733;171 709;7;0;0;2;21;1
202100016733;171 710;7;14;0;8;1;1
202100016733;171 711;7;0;2;1;1;1
202100016734;171 706;7;8;0;0;12;1
202100016735;171 705;2;9;0;1;1;1
202100016736;171 702;7;0;2;3;1;1
202100016736;171 703;7;0;2;6;1;1
202100016736;171 704;7;0;2;3;1;1
202100016737;171 701;7;16;0;0;0;1
202100016738;171 699;7;0;2;3;1;1
202100016738;171 700;7;0;2;3;1;1
202100016739;171 698;7;0;1;6;4;0
202100016740;171 697;7;2;0;3;1;1
202100016741;171 696;33;0;0;8;1;1
202100016742;171 695;33;0;1;1;0;1
202100016743;171 693;7;0;9;1;19;1
202100016743;171 694;1;0;2;7;1;5
202100016744;171 692;7;2;0;1;1;1
202100016745;171 690;7;0;2;7;14;1
202100016745;171 691;31;0;2;1;19;1
202100016746;171 689;7;0;0;0;1;1
202100016747;171 687;1;0;2;8;26;5
202100016747;171 688;10;0;9;7;16;4
202100016748;171 686;7;0;1;2;2;0
202100016749;171 685;50;0;0;0;1;3
202100016750;171 683;7;0;2;1;15;1
202100016750;171 684;7;0;2;1;1;1
202100016751;171 681;7;0;2;1;1;1
202100016751;171 682;7;0;2;1;1;1
202100016752;171 680;7;3;0;3;1;1
202100016753;171 679;7;6;0;2;14;1
202100016754;171 677;31;0;2;4;1;1
202100016754;171 678;7;0;2;1;2;0
202100016755;171 676;7;6;0;2;14;1
202100016756;171 674;7;0;2;5;1;1
202100016756;171 675;7;0;2;1;0;0
202100016757;171 671;7;0;2;1;2;2
202100016757;171 672;7;0;2;4;23;1
202100016757;171 673;7;0;2;4;23;1
202100016758;171 669;7;0;2;1;2;1
202100016758;171 670;7;0;2;4;2;1
202100016759;171 666;7;0;2;8;11;0
202100016759;171 667;43;0;2;1;3;0
202100016759;171 668;7;0;2;7;1;0
202100016760;171 664;10;0;2;4;2;0
202100016760;171 665;7;0;2;1;2;1
202100016761;171 660;7;0;2;1;2;0
202100016761;171 661;7;0;2;4;2;1
202100016761;171 662;7;0;2;4;2;0
202100016761;171 663;7;0;2;4;2;1
202100016762;171 658;31;0;2;2;3;1
202100016762;171 659;7;0;0;0;0;0
202100016763;171 656;7;1;0;2;14;1
202100016763;171 657;7;0;2;6;23;1
202100016764;171 654;7;0;2;4;18;0
202100016764;171 655;7;0;2;1;2;2
202100016765;171 650;7;0;2;9;2;1
202100016765;171 651;7;0;2;4;2;1
202100016765;171 652;7;0;2;4;2;1
202100016765;171 653;7;0;2;4;2;1
202100016766;171 648;7;0;2;1;1;1
202100016766;171 649;7;0;2;4;2;1
202100016767;171 646;7;0;2;3;11;1
202100016767;171 647;43;0;2;7;3;1
202100016768;171 643;7;0;2;3;26;1
202100016768;171 644;7;0;2;3;26;1
202100016768;171 645;7;0;2;1;26;1
202100016769;171 641;7;0;2;7;12;1
202100016769;171 642;33;0;2;3;1;0
202100016770;171 638;7;0;2;1;13;1
202100016770;171 639;7;0;2;1;1;1
202100016770;171 640;7;0;0;0;0;1
202100016771;171 636;2;1;2;8;18;1
202100016771;171 637;10;1;2;7;12;1
202100016772;171 634;7;12;0;4;0;1
202100016772;171 635;32;0;2;1;1;1
202100016773;171 632;7;0;2;4;2;1
202100016773;171 633;31;0;2;1;1;1
202100016774;171 630;7;0;2;2;12;1
202100016774;171 631;7;0;2;3;11;1
202100016775;171 628;14;0;2;8;15;1
202100016775;171 629;2;0;2;5;16;1
202100016776;171 626;7;0;2;3;1;1
202100016776;171 627;13;0;2;3;1;1
202100016777;171 624;7;0;2;7;15;1
202100016777;171 625;7;0;2;1;1;1
202100016778;171 623;7;15;0;1;0;1
202100016779;171 621;1;0;9;1;5;5
202100016779;171 622;7;0;9;2;16;1
202100016780;171 619;2;0;0;7;15;1
202100016780;171 620;7;0;2;1;15;1
202100016781;171 616;1;0;2;4;1;5
202100016781;171 617;7;0;0;2;19;1
202100016781;171 618;7;0;2;8;18;1
202100016782;171 614;50;12;2;1;5;3
202100016782;171 615;7;12;2;1;1;1
202100016783;171 612;7;0;0;4;1;1
202100016783;171 613;7;0;2;3;2;1
202100016784;171 611;7;8;0;1;9;1
202100016785;171 610;0;0;1;1;1;0
202100016786;171 609;7;0;1;8;17;1
202100016787;171 607;33;0;2;1;1;1
202100016787;171 608;7;0;2;2;1;1
202100016788;171 606;33;2;0;1;26;1
202100016789;171 604;33;0;2;7;1;1
202100016789;171 605;7;0;2;3;15;1
202100016790;171 602;7;0;2;6;1;1
202100016790;171 603;10;0;2;2;21;1
202100016791;171 601;7;0;1;1;1;1
202100016792;171 599;7;0;2;5;1;1
202100016792;171 600;34;0;2;1;1;1
202100016793;171 597;2;0;2;2;17;1
202100016793;171 598;7;0;2;6;13;1
202100016794;171 596;7;0;1;2;17;1
202100016795;171 594;7;0;2;5;1;1
202100016795;171 595;32;0;2;3;1;1
202100016796;171 593;33;6;0;8;13;1
202100016797;171 591;7;0;2;1;2;1
202100016797;171 592;7;0;2;4;1;1
202100016798;171 589;31;0;2;4;1;1
202100016798;171 590;7;0;2;1;1;1
202100016799;171 587;7;0;2;8;1;1
202100016799;171 588;7;0;2;1;19;1
202100016800;171 585;7;0;2;1;1;1
202100016800;171 586;33;0;2;1;13;1
202100016801;171 583;7;0;2;3;15;1
202100016801;171 584;33;0;2;7;2;1
202100016802;171 581;7;0;2;1;2;1
202100016802;171 582;1;0;2;4;26;5
202100016803;171 580;33;0;0;0;26;1
202100016804;171 579;7;15;1;2;14;1
202100016805;171 578;7;0;1;8;16;1
202100016806;171 577;43;0;0;9;1;1
202100016807;171 576;7;0;1;3;1;2
202100016808;171 575;7;0;1;1;9;1
202100016809;171 573;7;0;2;6;1;1
202100016809;171 574;10;0;2;1;19;1
202100016810;171 571;33;0;2;8;1;1
202100016810;171 572;7;0;2;7;1;0
202100016811;171 569;7;0;2;4;1;2
202100016811;171 570;7;0;2;1;1;1
202100016812;171 567;7;0;2;1;9;1
202100016812;171 568;33;0;2;7;1;1
202100016813;171 565;1;0;2;8;19;5
202100016813;171 566;7;0;2;1;1;1
202100016814;171 563;7;0;2;2;15;1
202100016814;171 564;33;0;2;2;19;1
202100016815;171 561;1;0;2;1;26;5
202100016815;171 562;3;1;2;3;0;0
202100016816;171 560;7;0;1;1;1;1
202100016817;171 558;7;0;2;8;16;1
202100016817;171 559;7;0;2;1;1;1
202100016818;171 557;34;11;0;1;1;1
202100016819;171 556;7;1;2;6;26;1
202100016820;171 554;7;0;2;1;1;1
202100016820;171 555;7;0;2;5;1;1
202100016821;171 553;7;0;1;1;1;1
202100016822;171 552;7;0;1;3;1;1
202100016823;171 550;7;0;2;2;15;1
202100016823;171 551;30;0;2;1;1;1
202100016824;171 549;7;1;1;7;17;2
202100016825;171 546;7;0;2;1;2;1
202100016825;171 547;7;0;2;1;2;1
202100016825;171 548;7;0;2;4;2;1
202100016826;171 545;7;2;0;0;14;1
202100016827;171 544;33;0;0;7;16;1
202100016828;171 543;7;0;1;3;15;1
202100016829;171 541;10;0;2;3;1;1
202100016829;171 542;2;0;2;1;1;1
202100016830;171 534;7;0;2;8;13;1
202100016830;171 535;32;0;2;7;17;1
202100016831;171 533;7;0;1;0;0;1
202100016832;171 532;7;0;1;3;26;1
202100016833;171 530;7;0;2;5;1;1
202100016833;171 531;30;0;2;7;12;1
202100016834;171 528;7;0;2;3;15;1
202100016834;171 529;1;0;2;3;1;5
202100016835;171 527;7;0;1;4;26;1
202100016836;171 525;34;0;2;7;17;1
202100016836;171 526;7;0;2;8;15;1
202100016837;171 523;7;0;2;1;1;1
202100016837;171 524;7;0;2;8;1;1
202100016838;171 522;7;0;1;2;1;1
202100016839;171 521;7;1;1;1;16;1
202100016840;171 520;7;0;1;3;26;1
202100016841;171 518;7;0;1;2;1;1
202100016842;171 517;14;0;1;1;1;1
202100016843;171 511;7;0;1;2;16;1
202100016844;171 510;7;0;0;0;0;1
202100016845;171 509;7;2;0;1;13;1
202100016846;171 507;7;0;0;0;0;0
202100016846;171 508;7;0;2;7;1;1
202100016847;171 505;15;0;2;3;15;1
202100016847;171 506;31;0;2;1;17;1
202100016848;171 503;7;0;2;2;9;1
202100016848;171 504;7;0;2;3;1;1
202100016849;171 502;33;0;0;8;0;1
202100016850;171 500;7;0;2;1;1;1
202100016850;171 501;7;0;2;4;2;1
202100016851;171 499;7;1;0;1;5;2