Num_Acc;id_vehicule;categorie_vehicule;obstacle_fixe;obstacle_mobile;point_choc_initial;manoeuvre_principale;motorisation
202100017255;170 807;33;0;0;4;2;1
202100017256;170 805;33;0;0;7;1;1
202100017257;170 802;1;0;9;1;2;0
202100017257;170 803;1;0;2;8;2;0
202100017257;170 804;99;0;9;5;2;0
202100017258;170 801;7;13;0;3;1;1
202100017259;170 799;7;7;2;3;1;1
202100017259;170 800;7;0;2;3;19;1
202100017260;170 798;7;0;0;0;1;1
202100017261;170 796;0;0;2;0;2;0
202100017261;170 797;1;0;2;4;1;5
202100017262;170 794;7;0;2;1;0;1
202100017262;170 795;7;0;2;3;1;1
202100017263;170 793;33;3;0;1;17;1
202100017264;170 792;31;2;0;3;1;1
202100017265;170 791;7;2;0;1;1;1
202100017266;170 790;7;0;1;1;0;1
202100017267;170 788;7;0;2;8;1;1
202100017267;170 789;10;0;2;2;9;1
202100017268;170 786;10;9;2;3;14;1
202100017268;170 787;7;0;2;3;17;1
202100017269;170 785;7;13;0;1;1;1
202100017270;170 784;7;0;0;0;5;1
202100017271;170 783;7;0;0;9;1;1
202100017272;170 781;33;0;2;2;21;1
202100017272;170 782;21;0;2;8;26;1
202100017273;170 779;33;0;2;1;1;1
202100017273;170 780;7;0;2;5;15;1
202100017274;170 777;33;0;2;1;13;1
202100017274;170 778;33;0;2;3;13;1
202100017275;170 776;7;13;0;1;14;1
202100017276;170 774;2;0;2;2;1;1
202100017276;170 775;7;0;2;3;0;1
202100017277;170 770;7;0;2;2;1;1
202100017277;170 771;7;0;2;6;1;1
202100017278;170 769;7;0;9;0;0;0
202100017279;170 766;7;0;0;3;2;1
202100017279;170 767;7;0;2;2;1;1
202100017279;170 768;7;0;2;2;1;1
202100017280;170 764;7;0;2;1;2;1
202100017280;170 765;7;3;2;4;2;1
202100017281;170 762;33;4;0;3;2;1
202100017281;170 763;33;4;0;0;2;1
202100017282;170 760;37;0;2;3;5;1
202100017282;170 761;7;0;2;3;5;1
202100017283;170 759;7;13;0;3;1;1
202100017284;170 756;7;0;2;1;2;1
202100017284;170 757;7;0;2;4;2;1
202100017284;170 758;7;0;2;4;2;1
202100017285;170 754;7;0;2;1;13;0
202100017285;170 755;15;0;2;1;1;1
202100017286;170 752;14;0;2;7;19;1
202100017286;170 753;33;0;2;1;1;1
202100017287;170 751;7;13;0;8;17;1
202100017288;170 750;7;6;1;1;15;1
202100017289;170 747;7;0;2;1;2;1
202100017289;170 748;7;0;2;4;2;1
202100017289;170 749;7;0;0;4;2;1
202100017290;170 745;2;0;2;1;17;1
202100017290;170 746;7;0;0;3;15;1
202100017291;170 743;7;0;2;6;1;1
202100017291;170 744;30;0;2;1;13;1
202100017292;170 741;7;0;2;2;1;1
202100017292;170 742;2;0;2;1;13;1
202100017293;170 739;7;0;2;2;13;1
202100017293;170 740;2;0;2;1;1;1
202100017294;170 737;32;0;2;3;23;1
202100017294;170 738;7;0;2;2;14;1
202100017295;170 735;7;0;0;6;15;1
202100017295;170 736;33;0;2;1;17;1
202100017296;170 734;7;8;0;9;1;0
202100017297;170 733;7;0;0;9;1;1
202100017298;170 731;43;0;2;4;1;1
202100017298;170 732;7;3;2;1;0;1
202100017299;170 729;7;0;2;3;5;1
202100017299;170 730;7;0;2;3;1;1
202100017300;170 727;7;0;2;3;13;1
202100017300;170 728;7;0;2;3;1;1
202100017301;170 725;7;0;2;1;2;1
202100017301;170 726;31;0;2;4;2;1
202100017302;170 723;10;0;2;3;1;1
202100017302;170 724;2;0;2;1;1;1
202100017303;170 722;7;15;0;1;14;1
202100017304;170 721;33;10;0;1;1;1
202100017305;170 719;33;0;2;0;0;1
202100017305;170 720;99;0;2;0;19;0
202100017306;170 718;33;2;0;3;1;1
202100017307;170 716;7;0;2;2;17;1
202100017307;170 717;7;0;2;2;1;1
202100017308;170 713;7;0;2;1;1;1
202100017308;170 714;14;0;2;8;1;1
202100017308;170 715;7;0;2;1;1;1
202100017309;170 711;7;0;2;1;1;1
202100017309;170 712;7;0;2;7;15;1
202100017310;170 709;7;0;2;8;19;1
202100017310;170 710;7;0;2;1;1;1
202100017311;170 708;7;3;0;1;14;1
202100017312;170 704;7;0;2;3;13;1
202100017312;170 705;7;0;2;0;0;1
202100017312;170 706;7;0;2;1;0;1
202100017312;170 707;7;1;0;8;0;1
202100017313;170 703;33;0;0;8;1;1
202100017314;170 702;31;12;0;0;1;1
202100017315;170 700;7;0;0;6;17;1
202100017315;170 701;33;2;2;1;17;1
202100017316;170 699;7;0;1;2;2;1
202100017317;170 698;7;2;0;1;1;1
202100017318;170 697;7;0;1;1;26;0
202100017319;170 693;1;0;2;7;1;5
202100017319;170 694;7;0;9;2;15;1
202100017320;170 692;2;0;0;0;26;1
202100017321;170 690;7;0;2;2;1;1
202100017321;170 691;7;0;2;3;1;1
202100017322;170 688;7;0;0;8;1;1
202100017322;170 689;7;0;2;1;19;1
202100017323;170 686;7;0;2;3;1;1
202100017323;170 687;7;0;2;2;15;1
202100017324;170 682;7;0;2;8;19;1
202100017324;170 683;33;0;2;1;1;1
202100017325;170 680;7;0;9;3;1;1
202100017325;170 681;1;0;2;1;19;5
202100017326;170 679;7;13;0;1;17;1
202100017327;170 678;7;0;1;2;1;1
202100017328;170 676;7;0;2;1;17;1
202100017328;170 677;33;0;2;1;1;1
202100017329;170 674;7;13;0;3;0;1
202100017329;170 675;10;13;0;5;0;0
202100017330;170 672;15;0;2;1;1;1
202100017330;170 673;10;0;0;4;15;1
202100017331;170 671;7;0;0;2;1;1
202100017332;170 670;7;6;0;1;1;1
202100017333;170 669;7;8;0;9;13;1
202100017334;170 668;7;0;1;2;1;1
202100017335;170 666;7;0;2;3;13;1
202100017335;170 667;7;0;2;6;13;1
202100017336;170 664;7;0;2;6;2;1
202100017336;170 665;2;0;2;1;9;1
202100017337;170 660;1;0;0;0;1;5
202100017337;170 661;1;0;9;0;1;5
202100017337;170 662;1;0;0;0;1;5
202100017337;170 663;1;0;0;0;1;5
202100017338;170 658;33;0;2;3;13;1
202100017338;170 659;7;0;2;0;1;1
202100017339;170 654;7;0;2;5;26;1
202100017339;170 655;33;0;2;1;1;1
202100017340;170 652;2;0;2;7;17;1
202100017340;170 653;7;0;2;3;15;2
202100017341;170 650;1;0;2;1;16;5
202100017341;170 651;7;0;9;2;1;1
202100017342;170 649;7;4;0;6;1;1
202100017343;170 647;7;0;2;1;2;1
202100017343;170 648;7;0;2;4;2;1
202100017344;170 645;10;14;0;8;12;1
202100017344;170 646;10;0;2;4;1;1
202100017345;170 643;7;0;2;1;14;1
202100017345;170 644;10;0;2;6;26;1
202100017346;170 642;7;7;0;1;1;1
202100017347;170 638;7;0;2;1;1;2
202100017347;170 639;15;1;2;1;1;1
202100017347;170 640;7;0;2;4;23;1
202100017347;170 641;7;0;2;5;17;1
202100017348;170 636;7;0;2;4;1;1
202100017348;170 637;7;0;2;0;0;0
202100017349;170 634;33;0;2;1;3;1
202100017349;170 635;7;0;2;5;1;1
202100017350;170 632;7;0;2;4;2;1
202100017350;170 633;7;0;2;1;2;1
202100017351;170 630;32;4;0;0;13;1
202100017351;170 631;7;0;9;3;1;1
202100017352;170 628;7;0;2;1;26;1
202100017352;170 629;33;0;2;8;15;1
202100017353;170 626;13;0;2;5;12;1
202100017353;170 627;10;4;2;6;1;1
202100017354;170 623;7;0;2;1;2;1
202100017354;170 624;7;0;2;5;2;1
202100017354;170 625;7;0;2;4;2;1
202100017355;170 621;17;0;2;4;2;1
202100017355;170 622;10;0;2;1;2;1
202100017356;170 618;7;0;2;1;2;1
202100017356;170 619;99;0;2;1;2;1
202100017356;170 620;99;0;2;4;2;1
202100017357;170 616;7;3;2;1;12;2
202100017357;170 617;10;0;2;3;1;1
202100017358;170 614;7;3;0;1;13;1
202100017358;170 615;7;14;0;0;1;1
202100017359;170 612;7;0;2;1;2;1
202100017359;170 613;7;3;2;4;1;1
202100017360;170 608;7;0;0;6;0;1
202100017360;170 609;7;0;2;8;1;1
202100017360;170 610;33;0;2;3;3;1
202100017360;170 611;7;0;2;7;12;1
202100017361;170 606;33;0;2;3;3;1
202100017361;170 607;7;0;2;5;12;1
202100017362;170 604;15;0;2;2;14;1
202100017362;170 605;7;0;2;8;1;1
202100017363;170 602;7;0;2;7;12;1
202100017363;170 603;33;0;2;6;1;1
202100017364;170 600;33;0;2;3;3;1
202100017364;170 601;7;0;2;7;12;1
202100017365;170 598;7;0;2;7;12;1
202100017365;170 599;33;0;2;8;1;1
202100017366;170 596;43;0;2;8;3;1
202100017366;170 597;7;0;2;7;12;1
202100017367;170 595;33;0;0;0;3;1
202100017368;170 593;7;0;2;4;2;1
202100017368;170 594;7;0;2;1;2;1
202100017369;170 591;7;0;2;6;9;1
202100017369;170 592;0;0;2;0;21;0
202100017370;170 590;7;6;0;1;21;1
202100017371;170 588;7;0;2;3;1;1
202100017371;170 589;33;0;2;5;9;1
202100017372;170 587;33;3;0;3;1;1
202100017373;170 585;7;0;2;4;26;1
202100017373;170 586;7;0;2;1;26;1
202100017374;170 583;32;0;2;2;3;1
202100017374;170 584;7;0;2;3;11;1
202100017375;170 581;7;0;2;4;12;2
202100017375;170 582;33;0;2;1;3;1
202100017376;170 579;7;0;2;0;18;1
202100017376;170 580;7;0;2;2;1;1
202100017377;170 576;33;0;0;2;0;1
202100017377;170 577;7;0;2;0;13;1
202100017377;170 578;7;0;2;0;14;1
202100017378;170 574;7;0;2;6;2;0
202100017378;170 575;31;0;2;1;2;1
202100017379;170 571;7;0;2;4;2;1
202100017379;170 572;7;0;2;4;2;1
202100017379;170 573;7;0;2;1;2;1
202100017380;170 569;33;0;2;1;2;1
202100017380;170 570;10;0;2;5;23;1
202100017381;170 568;7;4;0;3;1;1
202100017382;170 566;7;0;2;2;12;1
202100017382;170 567;33;0;2;1;3;1
202100017383;170 564;7;0;2;4;1;1
202100017383;170 565;33;0;2;1;20;1
202100017384;170 561;10;0;2;4;1;1
202100017384;170 562;7;0;2;7;12;1
202100017384;170 563;33;0;2;1;3;1
202100017385;170 559;31;0;2;1;26;1
202100017385;170 560;7;0;2;5;26;1
202100017386;170 557;33;0;2;1;3;1
202100017386;170 558;7;0;2;8;11;1
202100017387;170 555;10;0;2;1;1;1
202100017387;170 556;10;0;2;4;2;1
202100017388;170 554;33;0;2;1;12;1
202100017389;170 551;7;0;2;5;1;1
202100017389;170 552;7;0;2;1;1;1
202100017389;170 553;33;0;2;1;14;1
202100017390;170 549;7;0;2;4;1;1
202100017390;170 550;7;0;2;4;1;1
202100017391;170 547;7;0;2;4;2;1
202100017391;170 548;33;0;2;1;2;1
202100017392;170 545;7;0;2;4;26;1
202100017392;170 546;7;0;2;1;2;1
202100017393;170 544;7;16;0;1;12;1
202100017394;170 542;33;0;2;1;3;1
202100017394;170 543;7;0;0;7;12;1
202100017395;170 541;32;16;0;8;15;1
202100017396;170 537;17;0;2;1;2;1
202100017396;170 538;7;0;2;4;23;1
202100017397;170 535;7;0;2;3;11;1
202100017397;170 536;33;0;2;1;1;1
202100017398;170 533;33;0;2;7;1;1
202100017398;170 534;7;0;2;8;11;1
202100017399;170 531;7;0;2;3;1;1
202100017399;170 532;7;0;2;2;14;1
202100017400;170 525;7;0;2;1;15;1
202100017400;170 526;7;0;2;1;15;1
202100017401;170 524;50;9;0;0;0;3
202100017402;170 522;30;15;2;7;1;1
202100017402;170 523;7;15;2;1;19;1
202100017403;170 520;32;0;2;7;26;1
202100017403;170 521;7;0;2;5;4;1
202100017404;170 517;7;0;2;4;26;1
202100017404;170 518;7;0;2;4;2;1
202100017404;170 519;7;0;2;1;2;1
202100017405;170 515;7;0;9;1;0;1
202100017405;170 516;1;0;2;8;19;5
202100017406;170 514;7;1;0;2;2;1
202100017407;170 513;30;0;1;1;1;1
202100017408;170 512;33;1;9;1;0;1
202100017409;170 509;10;0;2;2;15;1
202100017409;170 510;7;0;2;4;1;1
202100017409;170 511;7;0;2;1;1;1
202100017410;170 507;32;0;2;3;13;0
202100017410;170 508;10;0;2;3;13;1
202100017411;170 505;10;0;2;2;15;1
202100017411;170 506;7;0;2;6;1;1
202100017412;170 504;7;0;1;1;1;0
202100017413;170 502;7;0;9;0;26;1
202100017413;170 503;1;0;2;0;0;0
202100017414;170 501;7;0;1;4;9;0
202100017415;170 498;7;0;2;2;21;1
202100017415;170 499;7;0;2;7;19;1
202100017415;170 500;7;0;2;3;2;0
202100017416;170 496;7;0;2;2;1;1
202100017416;170 497;31;0;2;1;1;1
202100017417;170 495;7;0;1;0;1;0
202100017418;170 493;7;0;2;1;9;1
202100017418;170 494;33;0;2;5;1;1
202100017419;170 491;21;0;2;4;1;1
202100017419;170 492;10;0;2;1;1;1
202100017420;170 489;37;0;2;7;1;1
202100017420;170 490;7;0;2;1;19;1
202100017421;170 487;7;0;2;8;11;0
202100017421;170 488;7;0;2;2;1;0
202100017422;170 483;7;0;2;4;0;0
202100017422;170 484;10;0;2;1;2;1
202100017423;170 481;2;0;0;0;0;1
202100017423;170 482;7;0;2;1;1;1
202100017424;170 480;7;0;1;2;3;1
202100017425;170 479;7;1;0;3;13;1
202100017426;170 477;7;0;2;1;15;1
202100017426;170 478;32;0;2;1;1;1
202100017427;170 475;7;0;2;1;1;1
202100017427;170 476;7;0;2;1;15;1
202100017428;170 473;7;0;2;3;19;1
202100017428;170 474;10;0;2;1;1;1
202100017429;170 471;7;0;2;3;15;1
202100017429;170 472;30;0;2;1;1;1
202100017430;170 469;33;0;2;1;17;1
202100017430;170 470;7;0;2;3;1;1
202100017431;170 467;7;0;2;1;15;1
202100017431;170 468;10;0;2;7;1;1
202100017432;170 465;34;1;0;3;0;1
202100017432;170 466;7;1;0;1;19;0
202100017433;170 463;7;0;2;1;1;1
202100017433;170 464;7;0;2;1;15;1
202100017434;170 461;30;0;2;1;1;1
202100017434;170 462;7;0;2;4;23;1
202100017435;170 460;7;0;1;4;4;0
202100017436;170 458;7;0;9;1;0;1
202100017436;170 459;1;14;0;7;1;5
202100017437;170 456;7;0;2;4;1;1
202100017437;170 457;2;0;2;1;9;1
202100017438;170 454;10;0;2;2;15;1
202100017438;170 455;7;0;9;7;1;1
202100017439;170 452;7;0;2;8;22;1
202100017439;170 453;1;1;0;2;1;5
202100017440;170 451;33;0;0;7;1;1
202100017441;170 450;7;3;0;3;1;1
202100017442;170 448;7;0;2;6;2;1
202100017442;170 449;7;14;2;1;21;1
202100017443;170 446;7;0;2;3;15;1
202100017443;170 447;33;0;2;1;1;1
202100017444;170 444;7;0;2;2;15;1
202100017444;170 445;33;0;2;1;21;1
202100017445;170 442;7;0;2;6;1;1
202100017445;170 443;33;0;2;1;1;1
202100017446;170 440;7;0;2;1;1;1
202100017446;170 441;31;0;2;7;15;1
202100017447;170 438;17;0;2;6;1;1
202100017447;170 439;7;0;2;8;15;1
202100017448;170 437;30;0;2;8;9;1
202100017449;170 435;7;0;2;1;2;1
202100017449;170 436;7;0;2;4;2;0
202100017450;170 434;14;9;0;0;1;1
202100017451;170 432;7;0;2;1;1;1
202100017451;170 433;33;0;2;1;17;1
202100017452;170 431;7;1;0;2;14;1
202100017453;170 429;7;0;2;3;9;1
202100017453;170 430;32;0;2;4;1;1
202100017454;170 427;7;0;2;3;19;1
202100017454;170 428;50;0;2;1;1;3
202100017455;170 425;7;0;2;3;1;1
202100017455;170 426;3;0;2;3;1;1
202100017456;170 423;7;0;2;1;15;1
202100017456;170 424;1;0;2;8;1;5
202100017457;170 421;33;0;2;7;1;1
202100017457;170 422;7;0;2;1;1;1
202100017458;170 420;50;0;1;0;26;3
202100017459;170 418;7;0;2;8;1;1
202100017459;170 419;7;0;2;1;1;1
202100017460;170 417;7;0;1;1;1;1
202100017461;170 416;7;2;0;3;1;1
202100017462;170 412;7;0;2;4;1;1
202100017462;170 413;7;0;2;4;1;1
202100017462;170 414;7;0;2;1;1;1
202100017462;170 415;7;0;2;4;1;2
202100017463;170 410;7;0;2;2;15;1
202100017463;170 411;33;0;2;1;8;1
202100017464;170 408;7;0;2;3;9;1
202100017464;170 409;1;0;2;1;1;5
202100017465;170 406;30;0;2;1;18;1
202100017465;170 407;31;0;2;7;16;1
202100017466;170 404;50;0;2;0;1;3
202100017466;170 405;7;0;2;1;1;1
202100017467;170 402;7;0;2;6;19;1
202100017467;170 403;33;0;2;1;1;1
202100017468;170 401;7;1;1;3;2;1
202100017469;170 398;7;0;2;1;13;1
202100017469;170 399;7;0;2;8;1;1
202100017469;170 400;7;0;2;8;1;1
202100017470;170 397;7;0;1;8;1;1
202100017471;170 395;7;0;2;3;1;1
202100017471;170 396;33;0;2;0;1;1
202100017472;170 391;33;0;2;1;1;1
202100017472;170 392;7;0;2;3;10;1
202100017473;170 388;7;0;2;1;17;1
202100017473;170 389;7;0;2;8;2;1
202100017473;170 390;7;0;2;8;2;1
202100017474;170 386;34;0;2;1;1;1
202100017474;170 387;7;0;2;1;15;1
202100017475;170 384;33;0;2;2;1;1
202100017475;170 385;7;0;2;1;15;1
202100017476;170 383;7;0;1;1;1;1
202100017477;170 382;10;0;2;1;26;1
202100017478;170 380;7;8;2;1;1;1
202100017478;170 381;7;1;2;2;1;1
202100017479;170 379;7;14;0;3;2;1
202100017480;170 377;7;0;2;1;1;0
202100017480;170 378;50;0;2;2;1;3
202100017481;170 376;7;0;1;1;18;0
202100017482;170 374;7;0;2;7;19;1
202100017482;170 375;33;0;2;3;1;1
202100017483;170 373;80;0;1;1;16;3
202100017484;170 371;33;0;2;8;3;1
202100017484;170 372;7;0;2;7;1;1
202100017485;170 369;33;0;2;7;3;1
202100017485;170 370;7;0;2;8;13;1
202100017486;170 367;7;0;2;5;2;1
202100017486;170 368;31;0;2;1;12;1
202100017487;170 365;32;0;2;1;7;1
202100017487;170 366;10;0;2;2;14;1
202100017488;170 364;7;0;1;1;16;1
202100017489;170 362;1;0;2;1;1;5
202100017489;170 363;10;0;2;7;1;1
202100017490;170 361;30;0;1;1;18;1
202100017491;170 359;32;0;2;1;2;1
202100017491;170 360;10;0;2;4;23;1
202100017492;170 357;33;0;2;2;1;1
202100017492;170 358;7;0;2;3;9;1
202100017493;170 355;30;0;2;4;23;1
202100017493;170 356;14;0;2;1;2;1
202100017494;170 353;50;0;2;7;15;3
202100017494;170 354;30;0;2;1;8;1
202100017495;170 351;80;0;2;3;9;3
202100017495;170 352;33;0;2;1;1;1
202100017496;170 350;30;0;1;0;1;0
202100017497;170 349;80;0;1;7;1;3
202100017498;170 347;14;0;2;1;1;1
202100017498;170 348;7;0;2;8;1;1
202100017499;170 346;7;0;1;1;1;1
202100017500;170 344;7;0;2;1;2;1
202100017500;170 345;7;0;1;4;23;1
202100017501;170 342;10;0;2;2;15;1
202100017501;170 343;1;0;2;8;1;5
202100017502;170 340;33;0;2;1;12;1
202100017502;170 341;43;0;2;4;1;1
202100017503;170 338;1;0;2;4;1;5
202100017503;170 339;30;0;2;1;5;1
202100017504;170 336;34;0;2;2;17;1
202100017504;170 337;33;0;2;3;15;1
202100017505;170 334;33;0;2;1;1;1
202100017505;170 335;3;0;2;3;15;3
202100017506;170 332;33;0;2;8;1;1
202100017506;170 333;7;0;2;1;15;1
202100017507;170 328;1;0;2;1;1;5
202100017507;170 329;1;0;2;1;1;5
202100017508;170 326;7;0;2;4;2;1
202100017508;170 327;7;0;2;1;2;1
202100017509;170 325;7;0;1;1;15;0
202100017510;170 323;7;0;2;1;9;2
202100017510;170 324;7;0;2;3;19;2
202100017511;170 321;33;0;2;3;2;1
202100017511;170 322;7;0;2;2;2;1
202100017512;170 319;33;0;2;1;17;1
202100017512;170 320;7;0;2;6;15;1
202100017513;170 317;7;0;2;0;16;1
202100017513;170 318;7;0;2;0;1;1
202100017514;170 315;7;0;2;6;1;1
202100017514;170 316;7;0;2;1;9;1
202100017515;170 314;7;0;1;1;26;2
202100017516;170 313;7;0;1;1;1;1
202100017517;170 310;3;0;0;2;15;1
202100017517;170 311;2;0;2;1;1;1
202100017518;170 308;7;8;2;1;1;1
202100017518;170 309;7;8;2;2;15;1
202100017519;170 306;99;1;2;0;0;1
202100017519;170 307;10;0;2;7;2;1
202100017520;170 304;33;0;2;1;1;1
202100017520;170 305;7;0;2;1;15;1
202100017521;170 302;50;0;2;1;19;3
202100017521;170 303;7;0;2;6;16;1
202100017522;170 301;30;0;0;3;26;1
202100017523;170 299;7;0;2;2;6;1
202100017523;170 300;31;0;2;1;1;1
202100017524;170 297;33;0;2;1;2;1
202100017524;170 298;33;16;0;4;1;1
202100017525;170 295;1;0;2;4;1;0
202100017525;170 296;7;0;2;1;2;1
202100017526;170 293;7;0;2;1;16;1
202100017526;170 294;30;0;2;7;1;1
202100017527;170 292;10;0;0;6;4;1
202100017528;170 289;7;0;0;4;2;1
202100017528;170 290;7;0;0;4;2;1
202100017528;170 291;7;0;2;1;2;1
202100017529;170 287;7;0;2;3;13;1
202100017529;170 288;7;0;2;3;1;1
202100017530;170 285;15;0;2;6;1;1
202100017530;170 286;10;0;2;2;17;1
202100017531;170 284;7;3;1;3;1;1
202100017532;170 282;60;0;2;4;1;5
202100017532;170 283;7;0;2;3;9;1
202100017533;170 281;7;0;1;1;1;1
202100017534;170 278;7;4;0;0;0;1
202100017534;170 279;15;0;2;2;1;1
202100017534;170 280;15;0;2;2;1;1
202100017535;170 276;80;0;0;0;0;3
202100017535;170 277;7;0;2;2;0;1
202100017536;170 275;7;0;1;2;1;1
202100017537;170 274;7;0;1;1;19;1
202100017538;170 272;7;0;2;1;9;1
202100017538;170 273;31;0;2;1;17;0
202100017539;170 271;7;6;0;1;1;1
202100017540;170 270;7;8;0;1;1;1
202100017541;170 268;7;0;2;2;11;1
202100017541;170 269;15;0;0;6;1;1
202100017542;170 267;7;6;0;2;1;1
202100017543;170 266;2;0;0;1;1;1
202100017544;170 265;2;1;0;2;1;1
202100017545;170 263;33;0;2;1;21;1
202100017545;170 264;14;0;2;1;15;1
202100017546;170 261;33;0;2;1;1;1
202100017546;170 262;10;0;2;2;15;1
202100017547;170 259;1;0;0;4;2;5
202100017547;170 260;10;0;9;2;2;1
202100017548;170 257;33;13;0;1;1;1
202100017549;170 256;7;0;1;1;9;1
202100017550;170 254;7;0;2;1;5;1
202100017550;170 255;7;0;2;3;1;1
202100017551;170 252;7;0;2;7;13;1
202100017551;170 253;7;0;2;1;1;1
202100017552;170 251;7;13;0;3;0;1
202100017553;170 250;33;0;0;0;1;1
202100017554;170 248;33;0;2;0;1;1
202100017554;170 249;7;0;2;3;1;1
202100017555;170 247;7;0;1;2;1;1
202100017556;170 245;7;0;2;3;15;1
202100017556;170 246;43;0;2;2;17;1
202100017557;170 244;33;13;0;2;1;1
202100017558;170 242;7;0;2;3;17;1
202100017558;170 243;2;0;2;1;1;1
202100017559;170 239;99;0;2;0;1;1
202100017559;170 240;10;0;0;6;2;1
202100017559;170 241;33;0;2;1;2;1
202100017560;170 238;33;3;0;1;13;1
202100017561;170 237;2;8;0;3;21;1
202100017562;170 236;7;0;1;3;1;1
202100017563;170 233;15;0;0;8;23;1
202100017563;170 234;17;0;2;1;1;1
202100017563;170 235;7;1;2;7;19;1
202100017564;170 229;10;0;0;3;1;1
202100017564;170 230;7;0;2;5;15;1
202100017564;170 231;13;0;2;3;1;1
202100017565;170 227;2;0;2;1;1;1
202100017565;170 228;7;0;2;3;9;1
202100017566;170 225;34;0;2;3;17;1
202100017566;170 226;7;0;0;4;15;1
202100017567;170 222;30;4;0;0;1;1
202100017568;170 220;7;0;2;2;1;1
202100017568;170 221;7;0;2;3;1;1
202100017569;170 219;1;0;0;0;26;5
202100017570;170 217;7;0;2;2;15;1
202100017570;170 218;1;0;2;1;1;5
202100017571;170 216;32;13;0;1;26;1
202100017572;170 214;33;0;2;1;1;1
202100017572;170 215;7;0;2;4;15;1
202100017573;170 212;7;0;2;3;26;1
202100017573;170 213;7;0;2;1;26;1
202100017574;170 210;2;0;2;1;1;1
202100017574;170 211;7;0;2;5;15;1
202100017575;170 208;31;0;2;2;17;1
202100017575;170 209;7;0;2;3;15;1
202100017576;170 206;10;0;0;6;15;3
202100017576;170 207;33;0;2;1;17;1
202100017577;170 204;7;0;2;2;15;1
202100017577;170 205;33;0;2;1;1;1
202100017578;170 203;1;0;0;1;1;5
202100017579;170 201;50;0;2;7;19;3
202100017579;170 202;7;0;2;2;16;1
202100017580;170 200;7;2;0;2;1;1
202100017581;170 198;7;0;2;3;15;1
202100017581;170 199;33;0;2;1;1;1
202100017582;170 196;7;0;2;1;13;1
202100017582;170 197;7;0;2;1;1;1
202100017583;170 194;1;0;0;6;9;5
202100017583;170 195;7;0;0;1;1;1
202100017584;170 193;16;12;0;8;2;1
202100017585;170 191;1;0;2;8;1;5
202100017585;170 192;7;0;2;7;17;1
202100017586;170 189;7;0;2;5;1;2
202100017586;170 190;33;0;2;3;1;1
202100017587;170 187;7;0;2;1;2;1
202100017587;170 188;7;0;2;4;1;1
202100017588;170 184;7;0;2;0;14;2
202100017588;170 185;10;0;2;3;2;1
202100017588;170 186;32;0;2;2;2;1
202100017589;170 183;33;0;0;8;3;1
202100017590;170 180;7;0;2;4;2;1
202100017590;170 181;13;0;2;1;2;1
202100017590;170 182;10;0;0;4;2;1
202100017591;170 178;7;0;2;2;1;1
202100017591;170 179;7;0;2;9;1;1
202100017592;170 177;30;0;0;0;26;1
202100017593;170 174;33;0;0;0;3;1
202100017593;170 175;7;0;0;0;11;1
202100017593;170 176;7;0;0;0;2;1
202100017594;170 172;7;0;0;0;26;1
202100017594;170 173;33;0;0;0;0;1
202100017595;170 168;10;0;2;1;1;1
202100017595;170 169;7;0;2;4;2;1
202100017595;170 170;7;0;2;4;2;1
202100017595;170 171;7;0;2;4;1;1
202100017596;170 167;43;;;1;1;1
202100017597;170 165;7;0;2;7;12;1
202100017597;170 166;33;0;2;8;3;1
202100017598;170 164;7;0;1;1;17;1
202100017599;170 163;30;0;1;1;17;1
202100017600;170 161;1;0;2;0;2;5
202100017600;170 162;10;0;2;7;2;1
202100017601;170 160;33;0;0;0;1;0
202100017602;170 158;7;0;2;3;15;0
202100017602;170 159;31;0;2;1;23;0
202100017603;170 156;10;0;2;3;1;1
202100017603;170 157;30;0;2;7;17;1
202100017604;170 154;7;1;2;4;24;1
202100017604;170 155;7;1;2;1;23;1
202100017605;170 152;7;0;2;1;17;1
202100017605;170 153;10;0;2;4;2;1
202100017606;170 150;10;0;2;5;19;1
202100017606;170 151;7;0;2;1;1;1
202100017607;170 147;33;0;2;3;3;1
202100017607;170 148;7;0;2;3;11;1
202100017607;170 149;7;0;2;2;1;1
202100017608;170 146;30;0;0;1;1;1
202100017609;170 144;30;0;2;1;2;1
202100017609;170 145;10;0;2;6;1;1
202100017610;170 142;1;0;0;0;7;5
202100017610;170 143;37;0;0;0;7;1
202100017611;170 140;50;0;2;1;1;3
202100017611;170 141;7;0;2;3;16;1
202100017612;170 136;32;0;2;8;1;1
202100017612;170 137;10;0;2;1;15;1
202100017612;170 138;50;0;2;8;1;3
202100017612;170 139;7;0;2;3;1;1
202100017613;170 135;7;0;1;3;15;1
202100017614;170 134;31;1;0;0;21;1
202100017615;170 132;10;0;2;6;0;1
202100017615;170 133;7;0;2;6;13;1
202100017616;170 130;32;0;2;2;1;0
202100017616;170 131;7;0;2;3;15;1
202100017617;170 128;33;0;2;1;26;1
202100017617;170 129;7;0;2;5;26;1
202100017618;170 127;7;0;1;1;1;1
202100017619;170 125;7;0;2;3;15;1
202100017619;170 126;7;1;2;2;17;1
202100017620;170 124;33;8;0;1;0;1
202100017621;170 122;32;0;2;0;0;1
202100017621;170 123;30;0;2;0;0;3
202100017622;170 120;7;0;2;1;1;1
202100017622;170 121;7;0;2;2;15;1
202100017623;170 119;7;0;1;0;0;0
202100017624;170 117;7;0;2;3;16;1
202100017624;170 118;2;0;2;1;15;1
202100017625;170 115;40;0;2;1;1;3
202100017625;170 116;7;8;4;5;1;1
202100017626;170 113;7;0;2;3;9;0
202100017626;170 114;7;0;2;8;1;1
202100017627;170 111;1;0;4;7;19;5
202100017627;170 112;40;0;2;1;1;3