Num_Acc;id_vehicule;categorie_vehicule;obstacle_fixe;obstacle_mobile;point_choc_initial;manoeuvre_principale;motorisation
202100017628;170 109;2;0;2;1;1;1
202100017628;170 110;7;0;2;6;15;1
202100017629;170 108;30;0;1;1;1;1
202100017630;170 106;50;0;2;1;25;3
202100017630;170 107;7;0;2;2;26;1
202100017631;170 104;7;0;2;1;13;1
202100017631;170 105;7;0;2;1;1;1
202100017632;170 102;1;0;0;7;19;5
202100017632;170 103;7;0;2;2;16;1
202100017633;170 100;60;0;2;0;19;5
202100017633;170 101;7;0;2;2;9;1
202100017634;170 098;7;0;0;0;0;1
202100017634;170 099;21;0;2;7;26;1
202100017635;170 097;33;8;0;1;17;1
202100017636;170 096;7;0;1;2;1;1
202100017637;170 095;7;6;0;3;13;1
202100017638;170 091;7;0;2;4;2;1
202100017638;170 092;7;0;2;1;2;1
202100017638;170 093;7;0;2;4;2;1
202100017638;170 094;7;0;2;1;2;1
202100017639;170 089;7;0;2;1;1;1
202100017639;170 090;7;0;2;8;1;1
202100017640;170 087;7;6;2;1;1;1
202100017640;170 088;7;0;2;2;1;1
202100017641;170 085;1;0;2;8;0;5
202100017641;170 086;7;0;2;5;26;1
202100017642;170 083;7;0;2;1;0;1
202100017642;170 084;7;0;2;1;5;1
202100017643;170 081;7;0;2;1;1;1
202100017643;170 082;7;0;2;7;15;1
202100017644;170 080;7;0;1;1;1;1
202100017645;170 079;7;0;1;1;9;1
202100017646;170 077;7;0;2;2;15;1
202100017646;170 078;43;0;0;0;0;1
202100017647;170 076;7;0;1;3;1;1
202100017648;170 075;7;4;0;3;26;1
202100017649;170 073;7;8;2;5;1;1
202100017649;170 074;7;0;2;1;1;1
202100017650;170 071;7;0;2;7;0;1
202100017650;170 072;7;8;2;3;26;1
202100017651;170 069;7;0;2;1;0;1
202100017651;170 070;7;0;2;1;13;1
202100017652;170 067;7;0;2;8;1;1
202100017652;170 068;7;0;2;1;1;1
202100017653;170 065;7;0;9;2;0;1
202100017653;170 066;20;0;2;1;1;1
202100017654;170 063;7;0;2;6;9;1
202100017654;170 064;2;0;0;0;1;1
202100017655;170 061;2;0;2;2;17;1
202100017655;170 062;7;0;2;3;15;1
202100017656;170 060;30;0;0;8;1;1
202100017657;170 058;7;0;2;8;1;1
202100017657;170 059;7;0;2;1;19;1
202100017658;170 056;7;0;2;1;0;1
202100017658;170 057;10;0;2;3;15;1
202100017659;170 055;30;0;5;8;1;1
202100017660;170 054;2;0;1;1;18;1
202100017661;170 053;32;5;0;1;14;1
202100017662;170 052;7;0;1;1;1;1
202100017663;170 050;7;0;2;3;15;1
202100017663;170 051;33;0;2;2;1;1
202100017664;170 049;7;0;1;3;0;6
202100017665;170 047;37;0;2;2;1;1
202100017665;170 048;10;0;2;3;1;1
202100017666;170 045;1;0;2;4;1;5
202100017666;170 046;7;0;2;1;1;1
202100017667;170 044;50;12;9;1;1;3
202100017668;170 042;10;16;0;2;21;1
202100017668;170 043;7;1;0;2;24;1
202100017669;170 038;7;0;2;4;1;1
202100017669;170 039;7;0;2;1;1;1
202100017669;170 040;7;0;2;4;1;1
202100017669;170 041;33;0;2;1;1;1
202100017670;170 036;33;0;2;2;2;1
202100017670;170 037;10;0;2;6;23;1
202100017671;170 034;30;0;2;3;15;3
202100017671;170 035;1;0;2;1;1;5
202100017672;170 032;1;0;2;2;1;5
202100017672;170 033;10;0;2;3;22;1
202100017673;170 030;43;0;2;1;16;1
202100017673;170 031;1;0;2;8;1;5
202100017674;170 028;33;0;2;4;23;1
202100017674;170 029;7;0;2;2;2;1
202100017675;170 026;33;0;2;3;1;1
202100017675;170 027;1;0;2;3;12;5
202100017676;170 024;10;0;2;2;16;3
202100017676;170 025;1;0;2;1;1;5
202100017677;170 023;7;0;1;1;1;1
202100017678;170 022;30;0;0;0;1;1
202100017679;170 020;43;0;2;3;1;1
202100017679;170 021;10;0;2;1;10;1
202100017680;170 019;33;14;0;3;13;1
202100017681;170 018;50;0;1;1;16;3
202100017682;170 016;80;0;2;8;1;3
202100017682;170 017;1;0;2;1;9;5
202100017683;170 014;7;0;9;8;0;1
202100017683;170 015;1;1;0;1;1;5
202100017684;170 012;33;0;2;1;26;1
202100017684;170 013;10;0;2;1;15;1
202100017685;170 009;7;0;2;4;15;1
202100017685;170 010;7;0;2;8;26;0
202100017685;170 011;36;0;2;0;11;1
202100017686;170 007;31;0;2;1;9;1
202100017686;170 008;7;0;2;5;1;1
202100017687;170 005;32;15;2;2;25;1
202100017687;170 006;7;0;2;3;5;1
202100017688;170 003;7;0;2;2;12;2
202100017688;170 004;33;0;2;8;3;1
202100017689;170 002;0;0;1;1;1;0
202100017690;170 000;7;0;2;2;15;1
202100017690;170 001;33;0;2;1;2;1
202100017691;169 997;7;0;2;1;9;1
202100017691;169 998;7;0;2;4;23;1
202100017691;169 999;7;0;2;4;0;1
202100017692;169 996;7;0;1;3;1;1
202100017693;169 994;2;0;2;1;12;1
202100017693;169 995;7;0;2;5;12;1
202100017694;169 992;7;0;2;2;1;1
202100017694;169 993;32;0;2;1;1;1
202100017695;169 991;10;0;1;4;26;1
202100017696;169 990;7;0;1;3;1;2
202100017697;169 988;7;0;2;1;0;1
202100017697;169 989;10;0;2;7;15;1
202100017698;169 986;30;0;2;1;1;1
202100017698;169 987;7;0;2;1;15;1
202100017699;169 985;7;0;1;3;2;1
202100017700;169 983;30;0;2;7;1;1
202100017700;169 984;7;0;2;1;1;1
202100017701;169 982;7;0;1;2;1;1
202100017702;169 981;30;0;0;1;1;1
202100017703;169 979;10;0;2;8;13;1
202100017703;169 980;32;0;2;2;1;1
202100017704;169 976;7;0;2;1;2;1
202100017704;169 977;32;0;2;4;2;1
202100017704;169 978;7;0;2;6;2;1
202100017705;169 973;7;0;2;5;26;1
202100017705;169 974;7;0;2;4;26;1
202100017705;169 975;7;0;2;1;26;1
202100017706;169 971;1;0;1;2;15;5
202100017706;169 972;60;0;2;1;25;5
202100017707;169 970;30;0;0;0;0;1
202100017708;169 968;2;0;2;1;1;1
202100017708;169 969;10;0;2;3;1;1
202100017709;169 967;7;2;0;1;1;1
202100017710;169 965;33;0;2;1;26;1
202100017710;169 966;7;0;2;8;9;1
202100017711;169 964;7;8;0;2;1;1
202100017712;169 963;7;7;0;1;1;1
202100017713;169 962;7;6;0;1;0;1
202100017714;169 960;33;0;0;4;2;1
202100017714;169 961;33;0;2;1;2;1
202100017715;169 959;7;13;0;9;1;1
202100017716;169 958;33;0;6;1;1;1
202100017717;169 957;7;8;0;1;14;1
202100017718;169 956;7;2;0;1;1;1
202100017719;169 954;2;0;2;1;17;1
202100017719;169 955;7;0;2;3;1;1
202100017720;169 952;7;0;2;2;1;1
202100017720;169 953;7;0;2;1;5;1
202100017721;169 950;33;0;2;7;1;1
202100017721;169 951;7;0;2;3;9;1
202100017722;169 948;1;0;2;8;13;5
202100017722;169 949;7;0;2;3;17;1
202100017723;169 947;33;0;0;2;1;1
202100017724;169 946;33;3;0;7;16;1
202100017725;169 944;13;0;2;3;1;1
202100017725;169 945;3;0;2;3;13;1
202100017726;169 941;7;0;0;4;2;1
202100017726;169 942;7;0;2;4;2;1
202100017726;169 943;7;0;2;1;12;1
202100017727;169 939;31;0;2;8;1;1
202100017727;169 940;7;0;2;3;15;1
202100017728;169 937;33;0;2;3;1;1
202100017728;169 938;7;0;2;3;15;1
202100017729;169 935;33;0;2;1;0;1
202100017729;169 936;7;0;2;1;1;1
202100017730;169 934;50;0;0;0;1;3
202100017731;169 933;33;2;0;1;1;1
202100017732;169 931;2;0;2;5;1;1
202100017732;169 932;7;0;2;2;1;1
202100017733;169 928;15;0;0;5;15;1
202100017733;169 929;7;0;2;1;1;1
202100017734;169 926;7;0;2;1;1;1
202100017734;169 927;1;0;2;8;1;5
202100017735;169 923;33;0;2;1;1;1
202100017735;169 924;7;0;2;6;23;1
202100017735;169 925;7;12;2;2;19;1
202100017736;169 921;7;0;2;3;1;1
202100017736;169 922;7;0;2;3;21;1
202100017737;169 919;13;0;2;2;1;1
202100017737;169 920;7;6;2;7;1;1
202100017738;169 918;33;0;0;9;1;1
202100017739;169 916;33;0;2;2;1;1
202100017739;169 917;7;0;2;6;11;1
202100017740;169 914;7;0;2;3;1;1
202100017740;169 915;38;0;2;3;1;1
202100017741;169 912;17;0;0;2;0;1
202100017741;169 913;17;1;9;3;13;1
202100017742;169 910;7;0;2;6;1;1
202100017742;169 911;7;0;2;2;5;1
202100017743;169 908;33;0;2;1;1;1
202100017743;169 909;7;0;2;2;15;1
202100017744;169 906;10;1;0;2;14;1
202100017744;169 907;15;0;0;6;24;1
202100017745;169 904;10;0;2;1;1;1
202100017745;169 905;7;0;2;1;1;1
202100017746;169 901;33;0;2;0;21;1
202100017746;169 902;7;0;2;3;26;1
202100017746;169 903;7;0;2;6;23;1
202100017747;169 900;10;0;1;4;20;1
202100017748;169 898;7;0;2;3;5;1
202100017748;169 899;7;0;2;3;23;1
202100017749;169 897;7;0;1;2;26;1
202100017750;169 895;33;0;0;0;3;1
202100017750;169 896;7;0;2;1;1;1
202100017751;169 894;7;0;1;3;1;1
202100017752;169 892;7;0;0;3;1;1
202100017752;169 893;7;0;0;3;13;1
202100017753;169 890;31;0;2;1;1;1
202100017753;169 891;7;0;0;5;1;1
202100017754;169 888;1;0;2;3;1;5
202100017754;169 889;7;0;9;2;19;1
202100017755;169 886;13;0;0;4;2;1
202100017755;169 887;7;0;2;1;2;1
202100017756;169 884;7;0;9;8;15;1
202100017756;169 885;1;0;2;1;1;5
202100017757;169 881;1;0;2;4;2;5
202100017757;169 882;1;0;2;4;2;5
202100017757;169 883;10;0;2;2;2;1
202100017758;169 880;33;7;0;0;17;1
202100017759;169 879;7;2;0;1;14;3
202100017760;169 878;7;13;0;1;0;1
202100017761;169 876;7;0;2;1;2;1
202100017761;169 877;15;0;0;4;2;1
202100017762;169 871;7;0;2;4;2;1
202100017762;169 872;7;0;2;4;2;1
202100017762;169 873;7;0;2;4;2;1
202100017762;169 874;7;0;2;4;2;1
202100017762;169 875;7;0;2;1;2;1
202100017763;169 869;34;0;0;0;0;1
202100017763;169 870;7;0;2;6;2;1
202100017764;169 866;7;0;2;4;1;1
202100017764;169 867;7;0;2;4;1;1
202100017764;169 868;7;0;2;1;0;0
202100017765;169 864;7;0;2;1;0;1
202100017765;169 865;7;0;2;4;2;1
202100017766;169 861;7;0;2;4;1;1
202100017766;169 862;7;0;2;4;1;1
202100017766;169 863;7;0;2;1;1;1
202100017767;169 859;7;0;2;6;11;1
202100017767;169 860;43;0;2;2;0;1
202100017768;169 855;17;0;2;4;2;1
202100017768;169 856;7;0;2;4;2;1
202100017768;169 857;17;0;2;1;2;1
202100017768;169 858;17;0;2;1;2;1
202100017769;169 853;33;0;2;3;3;1
202100017769;169 854;7;0;2;2;12;1
202100017770;169 852;33;4;0;1;2;1
202100017771;169 851;7;3;2;8;0;1
202100017772;169 848;33;14;2;1;3;1
202100017772;169 849;7;0;2;1;2;1
202100017772;169 850;10;0;2;5;23;1
202100017773;169 846;33;0;2;3;3;1
202100017773;169 847;7;0;2;5;11;1
202100017774;169 845;34;0;0;8;21;1
202100017775;169 843;10;0;2;8;11;1
202100017775;169 844;33;0;2;7;3;1
202100017776;169 841;33;0;2;7;3;1
202100017776;169 842;10;0;2;8;11;1
202100017777;169 839;7;0;0;4;1;1
202100017777;169 840;33;0;2;2;3;1
202100017778;169 837;7;0;2;6;9;1
202100017778;169 838;33;0;2;7;9;1
202100017779;169 835;31;0;2;4;3;1
202100017779;169 836;7;0;2;4;1;1
202100017780;169 833;7;0;2;9;1;1
202100017780;169 834;7;0;2;1;0;1
202100017781;169 830;7;0;2;6;1;1
202100017781;169 831;7;14;2;1;21;1
202100017781;169 832;32;0;2;1;9;1
202100017782;169 828;10;;1;4;0;1
202100017782;169 829;14;0;0;;0;1
202100017783;169 827;7;12;1;1;13;1
202100017784;169 826;33;0;0;1;16;1
202100017785;169 825;10;0;1;1;26;1
202100017786;169 824;7;0;0;3;16;1
202100017787;169 822;7;0;0;3;1;1
202100017787;169 823;33;0;2;1;13;1
202100017788;169 820;7;0;9;3;9;1
202100017788;169 821;1;0;2;6;1;5
202100017789;169 818;7;0;2;2;1;1
202100017789;169 819;2;0;0;4;1;1
202100017790;169 816;7;0;2;8;15;1
202100017790;169 817;31;0;2;7;2;1
202100017791;169 815;7;0;1;3;7;1
202100017792;169 813;50;0;2;8;1;3
202100017792;169 814;3;0;2;2;16;1
202100017793;169 811;7;0;2;7;15;1
202100017793;169 812;7;0;2;1;26;0
202100017794;169 810;33;4;0;4;26;1
202100017795;169 809;10;0;9;2;16;1
202100017796;169 808;7;0;1;1;1;1
202100017797;169 807;7;0;9;4;14;1
202100017798;169 806;99;0;0;1;26;5
202100017799;169 804;7;0;2;4;1;1
202100017799;169 805;32;0;2;1;21;1
202100017800;169 801;7;0;2;3;0;0
202100017800;169 802;7;0;2;5;15;1
202100017801;169 800;7;0;1;2;9;2
202100017802;169 798;7;0;2;1;26;1
202100017802;169 799;7;9;2;3;9;1
202100017803;169 797;7;0;1;1;15;1
202100017804;169 796;10;0;1;3;26;1
202100017805;169 794;7;0;2;4;1;1
202100017805;169 795;10;0;2;1;1;1
202100017806;169 792;33;0;2;1;1;1
202100017806;169 793;7;0;2;8;1;1
202100017807;169 790;1;0;2;1;1;5
202100017807;169 791;7;0;2;8;0;1
202100017808;169 788;7;0;2;4;1;1
202100017808;169 789;30;0;2;1;1;1
202100017809;169 786;7;0;2;1;1;1
202100017809;169 787;50;0;2;8;1;3
202100017810;169 785;7;1;0;2;1;1
202100017811;169 783;1;0;2;1;1;5
202100017811;169 784;7;0;2;7;16;1
202100017812;169 780;7;0;2;1;1;1
202100017812;169 781;7;0;2;4;1;1
202100017812;169 782;7;0;2;4;1;1
202100017813;169 779;7;0;1;2;1;1
202100017814;169 775;7;0;2;6;15;1
202100017814;169 776;32;0;2;1;7;1
202100017815;169 774;7;0;1;1;1;2
202100017816;169 773;7;1;0;1;1;1
202100017817;169 772;7;12;0;1;1;1
202100017818;169 771;50;12;0;1;1;3
202100017819;169 769;7;0;2;1;1;1
202100017819;169 770;7;0;2;4;23;1
202100017820;169 767;7;0;2;7;15;1
202100017820;169 768;7;0;2;1;1;1
202100017821;169 765;7;0;2;5;23;1
202100017821;169 766;7;0;2;3;1;1
202100017822;169 763;7;8;4;1;1;1
202100017822;169 764;40;8;2;2;1;3
202100017823;169 761;10;0;2;1;2;1
202100017823;169 762;7;0;2;4;2;2
202100017824;169 759;1;0;2;7;1;5
202100017824;169 760;7;0;2;3;9;1
202100017825;169 757;7;0;2;4;23;1
202100017825;169 758;7;0;2;1;2;1
202100017826;169 755;7;0;2;2;15;1
202100017826;169 756;1;0;2;7;1;5
202100017827;169 754;10;1;0;1;26;1
202100017828;169 752;7;0;2;1;15;1
202100017828;169 753;31;0;2;1;15;1
202100017829;169 750;7;0;2;8;15;2
202100017829;169 751;7;0;2;7;1;1
202100017830;169 749;7;10;0;4;26;1
202100017831;169 747;7;0;2;1;2;2
202100017831;169 748;7;0;2;4;2;1
202100017832;169 742;7;0;2;4;23;1
202100017832;169 743;7;0;2;4;23;1
202100017832;169 744;7;0;2;4;23;1
202100017832;169 745;7;0;2;4;23;1
202100017832;169 746;7;0;2;1;2;1
202100017833;169 741;7;0;0;2;9;6
202100017834;169 739;10;0;2;8;22;1
202100017834;169 740;1;0;2;1;1;5
202100017835;169 737;7;0;2;3;26;1
202100017835;169 738;30;0;2;3;1;1
202100017836;169 736;7;13;0;1;1;1
202100017837;169 735;7;13;0;1;14;1
202100017838;169 733;7;0;2;3;13;1
202100017838;169 734;7;3;2;3;1;1
202100017839;169 731;30;0;2;7;16;1
202100017839;169 732;7;0;2;1;1;1
202100017840;169 730;7;13;0;2;1;1
202100017841;169 728;7;0;2;4;1;1
202100017841;169 729;2;0;2;1;2;1
202100017842;169 727;7;1;0;2;14;1
202100017843;169 725;50;0;2;1;26;3
202100017843;169 726;7;0;2;3;26;1
202100017844;169 723;7;0;2;6;1;1
202100017844;169 724;2;0;9;6;1;3
202100017845;169 721;7;0;2;1;2;1
202100017845;169 722;7;0;2;4;1;1
202100017846;169 720;7;0;1;1;1;1
202100017847;169 718;7;0;2;4;26;1
202100017847;169 719;2;0;2;1;1;1
202100017848;169 716;7;0;2;1;1;1
202100017848;169 717;7;0;2;1;13;1
202100017849;169 714;7;0;2;4;1;1
202100017849;169 715;7;0;2;3;10;1
202100017850;169 712;1;0;2;4;19;5
202100017850;169 713;7;0;2;8;1;1
202100017851;169 710;10;0;2;4;1;1
202100017851;169 711;31;0;2;1;1;1
202100017852;169 708;7;0;2;7;10;1
202100017852;169 709;34;0;2;1;1;1
202100017853;169 706;7;0;2;4;1;1
202100017853;169 707;7;0;2;1;2;1
202100017854;169 705;30;1;0;0;26;0
202100017855;169 703;7;0;2;4;2;1
202100017855;169 704;7;0;2;1;2;1
202100017856;169 701;7;0;2;1;2;1
202100017856;169 702;7;0;2;8;15;0
202100017857;169 699;30;0;2;1;1;1
202100017857;169 700;7;0;2;3;15;1
202100017858;169 697;30;0;2;1;1;1
202100017858;169 698;7;0;2;3;9;1
202100017859;169 696;7;0;1;3;1;1
202100017860;169 695;7;8;0;1;26;3
202100017861;169 694;7;15;0;3;13;1
202100017862;169 692;7;0;2;1;15;1
202100017862;169 693;2;0;2;1;1;1
202100017863;169 690;7;0;2;1;9;1
202100017863;169 691;7;0;2;7;1;1
202100017864;169 688;7;0;2;3;21;1
202100017864;169 689;7;0;2;2;9;1
202100017865;169 686;2;0;2;1;16;1
202100017865;169 687;7;0;2;2;15;1
202100017866;169 684;7;0;2;1;1;1
202100017866;169 685;7;0;2;6;1;1
202100017867;169 682;30;0;2;1;5;1
202100017867;169 683;30;0;2;1;1;1
202100017868;169 681;32;0;2;1;1;1
202100017869;169 679;7;0;2;8;14;1
202100017869;169 680;7;0;2;3;13;1
202100017870;169 678;99;8;0;2;26;0
202100017871;169 677;33;9;1;1;9;1
202100017872;169 675;31;0;2;1;3;1
202100017872;169 676;7;0;2;8;15;1
202100017873;169 674;7;0;1;2;26;1
202100017874;169 673;34;0;1;1;1;0
202100017875;169 671;43;0;2;0;18;1
202100017875;169 672;7;0;2;2;16;1
202100017876;169 670;7;12;0;2;9;1
202100017877;169 668;7;0;2;1;15;1
202100017877;169 669;50;0;2;1;1;3
202100017878;169 667;1;0;1;1;1;5
202100017879;169 665;7;0;2;2;1;1
202100017879;169 666;33;0;2;3;1;1
202100017880;169 663;32;0;2;7;1;1
202100017880;169 664;14;0;2;1;1;1
202100017881;169 661;33;0;2;8;1;1
202100017881;169 662;7;0;0;2;15;5
202100017882;169 659;37;0;2;1;1;1
202100017882;169 660;7;0;2;2;1;1
202100017883;169 657;7;0;2;2;15;1
202100017883;169 658;7;0;2;3;1;1
202100017884;169 655;7;0;2;6;24;1
202100017884;169 656;10;1;2;2;14;3
202100017885;169 653;7;0;2;1;2;1
202100017885;169 654;7;0;0;4;1;1
202100017886;169 651;30;0;2;1;1;1
202100017886;169 652;7;0;2;3;15;1
202100017887;169 649;7;0;2;1;15;1
202100017887;169 650;10;0;2;1;1;1
202100017888;169 647;7;0;2;6;2;1
202100017888;169 648;7;0;2;2;2;1
202100017889;169 645;32;0;2;1;26;1
202100017889;169 646;99;0;0;0;0;
202100017890;169 644;7;0;1;7;19;0
202100017891;169 643;1;0;0;0;26;5
202100017892;169 641;7;0;1;1;26;0
202100017892;169 642;60;0;2;0;0;5
202100017893;169 639;7;0;2;2;1;1
202100017893;169 640;7;0;2;8;9;1
202100017894;169 637;33;0;2;1;1;1
202100017894;169 638;7;0;2;2;9;1
202100017895;169 634;2;1;2;1;1;1
202100017895;169 635;1;0;2;3;15;5
202100017895;169 636;7;0;2;6;24;2
202100017896;169 632;7;0;2;1;1;1
202100017896;169 633;7;0;2;4;23;1
202100017897;169 630;7;0;2;2;2;1
202100017897;169 631;34;0;2;4;1;0
202100017898;169 628;30;0;2;2;1;1
202100017898;169 629;10;0;2;2;15;1
202100017899;169 626;7;14;2;0;0;0
202100017899;169 627;2;0;2;1;0;1
202100017900;169 623;7;0;0;0;15;0
202100017900;169 624;30;0;2;8;1;1
202100017901;169 621;7;0;2;4;1;1
202100017901;169 622;14;0;2;1;2;1
202100017902;169 620;7;0;1;8;1;1
202100017903;169 619;31;0;1;1;1;1
202100017904;169 616;7;0;2;1;2;1
202100017904;169 617;7;0;2;4;1;1
202100017904;169 618;7;0;2;4;1;1
202100017905;169 615;7;0;1;2;1;1
202100017906;169 613;7;0;1;1;15;1
202100017907;169 612;7;3;0;8;13;1
202100017908;169 611;7;2;0;0;1;1
202100017909;169 609;2;0;2;7;1;1
202100017909;169 610;7;0;2;3;1;1
202100017910;169 608;7;0;0;0;1;1
202100017911;169 607;7;0;1;4;20;1
202100017912;169 605;7;0;2;3;0;1
202100017912;169 606;7;0;2;1;17;1
202100017913;169 603;7;0;2;1;13;1
202100017913;169 604;7;0;2;1;1;1
202100017914;169 602;7;2;0;3;13;1
202100017915;169 599;7;0;2;8;1;1
202100017915;169 600;7;0;2;4;2;1
202100017915;169 601;7;0;2;1;2;1
202100017916;169 597;10;0;2;1;2;1
202100017916;169 598;7;4;2;0;1;1
202100017917;169 595;7;0;0;3;15;1
202100017917;169 596;33;0;2;1;17;1
202100017918;169 592;7;0;2;5;21;1
202100017918;169 593;14;0;2;1;1;1
202100017918;169 594;7;0;0;6;23;1
202100017919;169 590;7;0;9;3;1;1
202100017919;169 591;33;0;2;0;1;1
202100017920;169 586;7;0;2;2;1;1
202100017920;169 587;7;0;2;3;1;1
202100017921;169 585;2;13;0;0;1;1
202100017922;169 584;7;15;1;3;1;1
202100017923;169 583;14;0;1;3;16;0
202100017924;169 582;7;0;0;3;1;1
202100017925;169 581;7;0;0;0;1;1
202100017926;169 580;7;0;1;1;16;1
202100017927;169 579;7;0;1;3;9;1
202100017928;169 578;33;13;0;1;1;1
202100017929;169 576;7;0;0;8;9;1
202100017929;169 577;7;0;2;1;1;1
202100017930;169 574;7;3;0;1;1;1
202100017930;169 575;7;0;2;1;1;1
202100017931;169 572;7;0;2;3;1;1
202100017931;169 573;10;0;2;1;6;1
202100017932;169 570;7;0;2;1;15;1
202100017932;169 571;7;0;2;1;1;1
202100017933;169 569;10;13;0;1;1;1
202100017934;169 567;7;0;2;2;1;1
202100017934;169 568;13;0;2;1;13;1
202100017935;169 565;2;0;2;1;1;1
202100017935;169 566;7;0;2;1;15;1
202100017936;169 563;31;0;2;1;1;1
202100017936;169 564;7;0;2;2;19;1
202100017937;169 562;7;0;1;1;16;1
202100017938;169 561;7;16;0;9;13;1
202100017939;169 559;1;0;2;1;19;5
202100017939;169 560;7;0;2;2;1;1
202100017940;169 557;99;0;0;7;1;1
202100017940;169 558;1;0;2;1;1;5
202100017941;169 555;99;0;2;3;10;1
202100017941;169 556;7;0;2;2;1;1
202100017942;169 554;7;13;0;1;1;1
202100017943;169 552;7;0;2;2;15;1
202100017943;169 553;50;0;2;8;1;3
202100017944;169 551;7;2;0;7;13;1
202100017945;169 550;7;2;0;1;1;1
202100017946;169 548;7;0;2;3;2;1
202100017946;169 549;2;0;0;4;2;1
202100017947;169 547;7;0;1;1;1;1
202100017948;169 546;1;0;0;0;0;5
202100017949;169 544;7;0;2;4;2;1
202100017949;169 545;7;0;2;1;2;1
202100017950;169 543;31;3;0;3;17;1
202100017951;169 539;7;0;2;1;2;1
202100017951;169 540;7;0;2;1;2;1
202100017951;169 541;7;0;2;4;2;1
202100017951;169 542;7;0;0;4;26;1
202100017952;169 537;7;0;2;6;15;1
202100017952;169 538;33;0;2;1;2;1
202100017953;169 535;2;0;2;1;1;1
202100017953;169 536;7;0;2;3;19;1
202100017954;169 533;7;0;2;3;0;1
202100017954;169 534;31;0;2;1;3;1
202100017955;169 532;21;0;0;0;13;1
202100017956;169 531;33;12;0;7;9;1
202100017957;169 530;7;0;1;1;0;1
202100017958;169 527;7;0;2;8;13;1
202100017958;169 528;33;0;2;7;1;1
202100017958;169 529;7;0;2;4;1;1
202100017959;169 526;10;0;5;1;1;1
202100017960;169 524;33;0;2;1;26;1
202100017960;169 525;7;0;2;4;2;1
202100017961;169 521;7;0;2;4;2;1
202100017961;169 522;7;0;2;4;2;1
202100017961;169 523;7;0;2;1;2;1
202100017962;169 520;32;16;0;8;26;1
202100017963;169 518;33;0;2;4;2;1
202100017963;169 519;7;0;2;1;2;1
202100017964;169 515;7;0;2;1;0;1
202100017964;169 516;7;0;2;4;0;1
202100017964;169 517;7;0;2;4;0;1
202100017965;169 513;7;0;2;4;2;1
202100017965;169 514;15;0;2;2;2;1
202100017966;169 511;7;0;2;6;13;1
202100017966;169 512;33;0;2;2;1;1
202100017967;169 510;7;5;0;1;3;1
202100017968;169 506;16;0;2;0;0;1
202100017968;169 507;10;0;2;6;2;1
202100017968;169 508;7;0;2;4;2;1
202100017968;169 509;7;0;2;2;2;1
202100017969;169 505;7;6;0;7;2;1
202100017970;169 503;34;0;2;7;1;1
202100017970;169 504;7;0;2;3;1;1
202100017971;169 501;10;0;0;2;0;1
202100017971;169 502;33;0;0;3;26;1
202100017972;169 500;32;0;0;0;1;1
202100017973;169 499;7;4;0;1;1;1
202100017974;169 496;15;0;2;9;1;1
202100017974;169 497;14;0;2;1;1;1
202100017974;169 498;15;0;2;4;1;1
202100017975;169 494;7;0;2;4;2;1
202100017975;169 495;7;0;2;1;2;1
202100017976;169 492;7;0;2;2;1;1
202100017976;169 493;1;0;2;1;19;6
202100017977;169 491;7;0;1;1;1;1
202100017978;169 490;30;0;0;8;1;1
202100017979;169 489;7;0;1;1;1;1
202100017980;169 486;31;0;9;8;15;1
202100017981;169 484;2;0;2;7;1;1
202100017981;169 485;7;0;2;7;16;1
202100017982;169 482;7;0;2;2;1;1
202100017982;169 483;30;0;2;8;1;1
202100017983;169 480;50;0;2;7;19;3
202100017983;169 481;7;0;2;3;19;0
202100017984;169 479;7;6;2;1;5;1
202100017985;169 477;7;0;2;3;1;2
202100017985;169 478;2;0;2;7;9;1
202100017986;169 475;7;0;2;1;0;1
202100017986;169 476;7;0;2;4;1;3
202100017987;169 474;33;0;2;7;21;1
202100017988;169 473;7;0;1;2;9;1
202100017989;169 472;32;0;1;1;2;1
202100017990;169 470;7;0;2;1;1;1
202100017990;169 471;7;0;2;4;1;1
202100017991;169 468;7;0;2;2;15;0
202100017991;169 469;7;0;2;1;1;1
202100017992;169 467;7;2;0;1;16;1
202100017993;169 465;1;0;2;1;1;5
202100017993;169 466;7;0;0;5;1;1
202100017994;169 464;7;6;0;1;2;1
202100017995;169 462;2;0;2;1;13;1
202100017995;169 463;7;0;2;6;1;1
202100017996;169 461;7;0;1;2;15;1
202100017997;169 459;7;0;2;2;1;1
202100017997;169 460;7;0;2;8;20;1
202100017998;169 457;7;0;2;1;26;1
202100017998;169 458;7;0;2;1;0;1
202100017999;169 456;1;0;1;1;1;5
202100018000;169 454;7;0;2;7;15;3
202100018000;169 455;7;0;2;1;19;1
202100018001;169 453;7;0;1;2;1;1
202100018002;169 451;10;0;2;1;12;1
202100018002;169 452;10;2;2;6;1;1
202100018003;169 449;7;9;2;2;16;1
202100018004;169 448;7;0;2;1;1;1
202100018005;169 447;7;8;0;3;1;1
202100018006;169 445;31;0;2;2;2;1
202100018006;169 446;7;0;2;3;15;1
202100018007;169 444;7;12;0;7;2;1
202100018008;169 442;33;0;0;4;9;1
202100018008;169 443;7;0;2;2;2;1
202100018009;169 441;7;2;0;8;1;1
202100018010;169 440;7;7;0;1;15;1
202100018011;169 437;7;0;2;4;1;1
202100018011;169 438;7;0;2;1;2;1
202100018011;169 439;34;0;2;4;2;1
202100018012;169 433;7;0;2;4;2;1
202100018012;169 434;7;0;2;5;2;1
202100018012;169 435;7;0;2;5;2;1
202100018012;169 436;7;0;2;3;11;1
202100018013;169 431;32;0;2;3;3;1
202100018013;169 432;7;0;2;2;12;1
202100018014;169 428;33;0;2;4;3;1
202100018014;169 429;7;0;2;8;1;1
202100018014;169 430;7;0;2;2;12;1
202100018015;169 425;7;0;2;4;2;2