Num_Acc;id_vehicule;categorie_vehicule;obstacle_fixe;obstacle_mobile;point_choc_initial;manoeuvre_principale;motorisation
202100018015;169 426;7;0;2;4;2;1
202100018015;169 427;7;0;2;1;2;1
202100018016;169 421;7;0;2;4;1;1
202100018016;169 422;7;0;2;4;2;1
202100018016;169 423;7;0;2;6;2;2
202100018016;169 424;7;0;2;1;2;1
202100018017;169 420;7;0;1;3;1;1
202100018018;169 418;7;1;2;2;1;1
202100018018;169 419;7;0;2;3;1;1
202100018019;169 416;7;0;2;1;2;1
202100018019;169 417;7;0;2;4;23;2
202100018020;169 415;7;0;1;1;1;1
202100018021;169 414;7;2;0;3;14;1
202100018022;169 412;32;0;2;6;18;1
202100018022;169 413;50;0;2;1;19;3
202100018023;169 411;30;0;0;0;1;3
202100018024;169 410;10;0;1;3;1;1
202100018025;169 407;7;0;2;4;2;1
202100018025;169 408;7;0;2;4;2;1
202100018025;169 409;7;0;2;1;2;2
202100018026;169 404;7;0;2;4;23;1
202100018026;169 405;7;0;2;1;23;1
202100018026;169 406;7;0;2;1;2;1
202100018027;169 402;7;0;2;3;16;1
202100018027;169 403;7;0;2;2;1;1
202100018028;169 401;1;0;1;1;1;5
202100018029;169 400;7;0;1;4;4;1
202100018030;169 398;1;0;2;1;13;5
202100018030;169 399;50;0;2;1;1;3
202100018031;169 396;7;0;0;6;2;1
202100018031;169 397;30;0;2;1;2;1
202100018032;169 394;7;1;2;8;1;2
202100018032;169 395;10;0;2;1;1;1
202100018033;169 392;7;0;2;2;19;0
202100018033;169 393;7;0;2;3;15;1
202100018034;169 390;7;0;2;5;1;1
202100018034;169 391;7;0;2;3;1;1
202100018035;169 389;30;0;0;0;0;1
202100018036;169 387;7;0;2;1;17;1
202100018036;169 388;7;0;2;1;1;1
202100018037;169 385;2;0;2;3;1;1
202100018037;169 386;21;0;2;3;1;1
202100018038;169 384;7;3;0;0;14;1
202100018039;169 381;7;0;2;1;1;1
202100018039;169 382;7;0;2;4;11;1
202100018039;169 383;15;0;2;6;9;1
202100018040;169 379;7;0;2;3;15;2
202100018040;169 380;2;2;2;3;1;1
202100018041;169 378;7;16;0;1;1;1
202100018042;169 377;7;0;1;1;15;1
202100018043;169 375;7;0;2;1;2;1
202100018043;169 376;7;0;0;6;1;1
202100018044;169 374;32;0;0;0;0;1
202100018045;169 373;7;2;0;3;1;1
202100018046;169 372;7;16;0;0;17;1
202100018047;169 370;7;0;2;1;1;1
202100018047;169 371;10;0;2;8;9;1
202100018048;169 369;7;15;0;1;1;1
202100018049;169 366;7;0;2;3;1;1
202100018049;169 367;7;0;2;1;13;1
202100018049;169 368;7;0;2;3;1;1
202100018050;169 365;7;0;1;2;15;1
202100018051;169 364;14;13;0;7;14;1
202100018052;169 363;3;6;0;1;1;1
202100018053;169 361;7;0;2;8;15;1
202100018053;169 362;33;0;2;1;17;1
202100018054;169 360;7;3;0;7;1;1
202100018055;169 358;7;0;2;3;16;1
202100018055;169 359;2;0;2;2;9;1
202100018056;169 357;7;0;1;1;13;1
202100018057;169 356;33;0;1;1;0;1
202100018058;169 354;33;0;2;1;1;1
202100018058;169 355;7;0;2;1;1;1
202100018059;169 353;7;0;0;2;14;1
202100018060;169 351;7;0;2;1;1;1
202100018060;169 352;7;0;2;1;0;1
202100018061;169 349;7;0;2;2;13;1
202100018061;169 350;7;0;2;2;1;1
202100018062;169 347;33;0;2;1;5;1
202100018062;169 348;7;0;2;3;1;0
202100018063;169 345;7;0;2;7;1;1
202100018063;169 346;7;0;2;1;9;1
202100018064;169 343;10;0;2;2;2;1
202100018064;169 344;17;0;0;6;2;6
202100018065;169 342;7;13;0;4;13;1
202100018066;169 340;7;0;2;1;2;1
202100018066;169 341;7;0;2;4;1;1
202100018067;169 338;32;0;2;3;17;1
202100018067;169 339;7;0;2;2;1;1
202100018068;169 337;7;16;0;1;1;1
202100018069;169 336;7;2;0;1;1;1
202100018070;169 335;33;2;0;9;1;1
202100018071;169 333;33;0;2;7;21;1
202100018071;169 334;7;0;2;7;26;0
202100018072;169 332;36;0;0;0;0;1
202100018073;169 329;14;10;2;3;1;1
202100018073;169 330;7;5;2;1;13;1
202100018073;169 331;7;0;2;1;1;1
202100018074;169 327;2;0;2;1;0;1
202100018074;169 328;7;0;2;3;0;1
202100018075;169 325;7;0;2;3;9;1
202100018075;169 326;1;0;2;2;12;5
202100018076;169 323;33;0;2;1;1;1
202100018076;169 324;7;0;2;2;1;1
202100018077;169 322;10;0;0;0;0;1
202100018078;169 317;14;0;2;1;1;1
202100018078;169 318;7;0;2;1;13;1
202100018079;169 314;33;13;0;8;14;1
202100018080;169 312;33;0;2;5;17;1
202100018080;169 313;7;0;2;3;13;1
202100018081;169 310;7;0;2;2;16;1
202100018081;169 311;1;0;2;8;19;5
202100018082;169 308;7;0;2;2;1;1
202100018082;169 309;7;0;2;1;1;2
202100018083;169 307;7;0;0;1;1;1
202100018084;169 306;2;0;6;1;26;1
202100018085;169 305;43;4;0;8;1;1
202100018086;169 303;10;0;2;8;1;1
202100018086;169 304;7;0;2;8;1;1
202100018087;169 299;7;0;2;1;2;1
202100018087;169 300;7;0;2;4;2;1
202100018087;169 301;7;0;2;4;2;1
202100018087;169 302;7;0;2;4;2;1
202100018088;169 298;33;6;0;0;2;1
202100018089;169 297;33;0;0;9;1;1
202100018090;169 295;7;0;2;1;2;2
202100018090;169 296;10;0;2;4;2;1
202100018091;169 292;7;0;2;8;1;1
202100018091;169 293;7;0;2;5;1;1
202100018091;169 294;33;0;2;1;3;0
202100018092;169 288;10;0;2;4;2;1
202100018092;169 289;7;0;2;4;2;1
202100018092;169 290;7;0;2;4;2;1
202100018092;169 291;7;0;2;1;2;1
202100018093;169 286;7;0;2;5;12;1
202100018093;169 287;43;0;2;1;3;1
202100018094;169 280;7;0;2;4;2;1
202100018094;169 281;7;0;2;4;2;1
202100018094;169 282;7;0;2;4;1;2
202100018094;169 283;7;0;2;1;1;1
202100018094;169 284;7;0;2;4;2;1
202100018094;169 285;7;0;2;4;2;1
202100018095;169 276;10;0;2;1;1;1
202100018095;169 277;7;0;2;9;1;1
202100018095;169 278;7;0;2;9;1;1
202100018095;169 279;7;0;2;4;1;0
202100018096;169 275;34;0;2;7;2;0
202100018097;169 274;7;4;0;1;14;1
202100018098;169 272;33;0;2;8;3;1
202100018098;169 273;10;0;2;7;12;1
202100018099;169 267;7;0;2;7;12;1
202100018099;169 268;33;0;2;1;3;1
202100018100;169 264;7;0;2;4;1;2
202100018100;169 265;33;0;2;3;3;0
202100018100;169 266;7;0;2;2;12;1
202100018101;169 262;33;0;2;1;3;1
202100018101;169 263;10;0;2;8;11;1
202100018102;169 261;7;0;1;1;0;1
202100018103;169 258;10;0;2;1;2;1
202100018103;169 259;10;0;2;1;2;1
202100018103;169 260;7;0;2;4;2;1
202100018104;169 257;7;0;1;1;1;1
202100018105;169 255;7;0;2;1;1;1
202100018105;169 256;7;0;2;1;12;1
202100018106;169 254;7;14;1;2;1;1
202100018107;169 251;7;0;2;0;0;1
202100018107;169 252;7;0;2;4;2;1
202100018107;169 253;10;0;2;1;2;1
202100018108;169 250;7;13;0;1;13;1
202100018109;169 247;2;0;2;1;1;1
202100018109;169 248;7;1;2;5;1;1
202100018109;169 249;7;0;2;3;1;1
202100018110;169 245;7;12;2;1;15;2
202100018110;169 246;1;12;2;1;8;0
202100018111;169 243;31;0;2;8;18;1
202100018111;169 244;10;0;2;7;16;1
202100018112;169 241;7;0;2;1;0;1
202100018112;169 242;7;0;2;4;1;1
202100018113;169 239;7;0;2;7;1;1
202100018113;169 240;7;0;2;1;18;1
202100018114;169 237;7;0;2;8;15;1
202100018114;169 238;31;0;2;1;16;1
202100018115;169 235;32;0;2;8;15;1
202100018115;169 236;7;0;2;1;1;0
202100018116;169 234;7;0;2;8;2;1
202100018117;169 232;7;0;0;3;15;1
202100018117;169 233;33;0;2;3;17;1
202100018118;169 230;1;0;2;7;19;5
202100018118;169 231;10;0;2;1;1;1
202100018119;169 229;1;0;1;4;2;5
202100018120;169 227;33;0;2;8;1;1
202100018120;169 228;7;0;2;7;16;1
202100018121;169 225;2;0;2;2;17;1
202100018121;169 226;7;0;2;3;11;1
202100018122;169 224;7;1;1;3;1;1
202100018123;169 221;7;0;2;4;1;1
202100018123;169 222;2;0;2;9;1;1
202100018123;169 223;7;1;2;9;1;1
202100018124;169 219;37;0;2;8;15;2
202100018124;169 220;33;0;2;1;1;1
202100018125;169 216;7;0;1;2;14;1
202100018126;169 215;7;1;0;1;2;1
202100018127;169 214;7;0;1;2;1;1
202100018128;169 213;37;0;1;1;15;1
202100018129;169 211;7;0;2;2;1;1
202100018129;169 212;10;0;2;3;20;1
202100018130;169 210;30;0;0;7;16;1
202100018131;169 208;1;0;2;4;1;5
202100018131;169 209;7;0;2;1;3;1
202100018132;169 206;1;1;0;4;26;5
202100018132;169 207;7;1;0;5;0;1
202100018133;169 205;7;0;1;1;15;1
202100018134;169 203;10;0;2;7;5;1
202100018134;169 204;33;0;2;8;1;1
202100018135;169 201;7;0;9;4;2;1
202100018135;169 202;33;0;2;1;2;1
202100018136;169 199;80;0;2;7;19;3
202100018136;169 200;7;0;2;1;16;1
202100018137;169 197;10;0;2;3;24;1
202100018137;169 198;50;0;2;1;2;3
202100018138;169 195;7;0;2;3;11;1
202100018138;169 196;31;0;2;1;1;1
202100018139;169 193;7;0;2;3;15;1
202100018139;169 194;2;0;2;2;3;1
202100018140;169 190;7;0;2;2;1;1
202100018140;169 191;7;0;2;5;19;1
202100018140;169 192;7;0;2;1;1;1
202100018141;169 188;7;0;2;2;1;1
202100018141;169 189;7;0;2;2;1;1
202100018142;169 185;7;0;2;7;1;1
202100018142;169 186;7;0;0;0;0;1
202100018142;169 187;7;0;2;1;1;1
202100018143;169 183;10;3;2;1;2;1
202100018143;169 184;7;3;2;4;1;1
202100018144;169 181;7;0;2;4;1;3
202100018144;169 182;2;0;2;1;1;1
202100018145;169 177;7;0;2;4;9;1
202100018145;169 178;7;0;2;7;9;1
202100018145;169 179;7;0;2;8;9;1
202100018145;169 180;7;2;2;7;26;1
202100018146;169 176;7;0;1;1;16;1
202100018147;169 175;7;0;1;1;26;0
202100018148;169 174;7;9;0;1;13;1
202100018149;169 173;7;13;0;3;13;2
202100018150;169 170;7;0;1;1;2;1
202100018151;169 168;33;0;2;2;13;1
202100018151;169 169;7;0;2;3;11;1
202100018152;169 166;7;0;2;1;1;1
202100018152;169 167;2;0;2;1;5;1
202100018153;169 164;33;0;2;1;26;1
202100018153;169 165;3;0;2;3;26;1
202100018154;169 162;2;0;0;0;15;1
202100018154;169 163;7;0;2;0;9;1
202100018155;169 160;33;0;2;8;0;1
202100018155;169 161;7;0;2;2;10;1
202100018156;169 159;7;13;0;9;0;1
202100018157;169 155;7;0;2;1;9;1
202100018157;169 156;7;0;2;1;1;1
202100018158;169 153;32;1;2;6;17;1
202100018158;169 154;30;1;2;3;1;1
202100018159;169 151;7;0;2;2;1;1
202100018159;169 152;2;0;2;1;19;1
202100018160;169 149;7;0;2;3;15;1
202100018160;169 150;34;0;2;3;17;1
202100018161;169 147;32;8;2;2;2;1
202100018161;169 148;7;0;2;3;15;2
202100018162;169 146;7;0;1;3;1;1
202100018163;169 144;7;0;2;5;15;1
202100018163;169 145;7;0;2;2;1;1
202100018164;169 143;7;0;1;3;1;1
202100018165;169 141;2;0;2;1;1;1
202100018165;169 142;1;0;2;1;15;5
202100018166;169 140;32;8;0;1;1;1
202100018167;169 136;7;0;2;4;23;1
202100018167;169 137;7;0;2;4;23;1
202100018167;169 138;7;0;2;4;23;1
202100018167;169 139;7;0;2;1;2;1
202100018168;169 134;7;0;2;5;5;1
202100018168;169 135;33;0;2;1;7;1
202100018169;169 132;30;0;2;2;2;1
202100018169;169 133;7;0;2;2;2;0
202100018170;169 131;1;1;1;1;1;5
202100018171;169 130;7;1;0;2;13;1
202100018172;169 128;7;0;2;1;18;1
202100018172;169 129;33;0;2;5;16;1
202100018173;169 126;7;0;2;2;16;2
202100018173;169 127;30;0;2;2;7;1
202100018174;169 124;30;0;2;3;15;1
202100018174;169 125;1;0;2;3;1;5
202100018175;169 123;10;6;0;0;1;1
202100018176;169 121;7;0;2;7;15;1
202100018176;169 122;50;0;2;1;16;3
202100018177;169 119;7;0;2;2;10;1
202100018177;169 120;33;0;2;1;1;1
202100018178;169 117;7;0;2;1;1;2
202100018178;169 118;10;7;2;7;1;1
202100018179;169 116;7;0;1;1;16;1
202100018180;169 115;7;0;1;7;1;1
202100018181;169 113;1;0;2;2;1;5
202100018181;169 114;7;0;2;2;16;2
202100018182;169 110;7;0;2;3;2;1
202100018182;169 111;7;0;2;4;2;1
202100018182;169 112;7;0;2;4;2;1
202100018183;169 108;7;0;2;7;1;1
202100018183;169 109;10;0;2;1;1;1
202100018184;169 107;30;0;1;1;1;1
202100018185;169 105;7;0;2;5;16;1
202100018185;169 106;34;0;2;1;18;1
202100018186;169 103;7;0;9;1;1;3
202100018186;169 104;50;0;2;1;1;3
202100018187;169 100;7;0;2;5;2;1
202100018187;169 101;7;0;2;4;2;1
202100018187;169 102;7;0;2;3;1;2
202100018188;169 098;7;4;2;1;0;1
202100018188;169 099;7;0;2;1;1;1
202100018189;169 096;33;0;0;1;1;1
202100018189;169 097;10;0;0;3;15;1
202100018190;169 094;1;0;2;1;1;5
202100018190;169 095;7;0;9;3;17;1
202100018191;169 092;1;0;2;1;1;5
202100018191;169 093;7;0;9;7;15;1
202100018192;169 091;7;4;0;1;1;1
202100018193;169 089;7;12;0;6;2;1
202100018193;169 090;0;0;2;0;0;0
202100018194;169 088;7;8;2;1;21;1
202100018195;169 087;7;4;0;1;1;1
202100018196;169 085;7;0;9;3;15;1
202100018196;169 086;50;0;2;8;1;3
202100018197;169 083;7;0;2;1;9;1
202100018197;169 084;30;0;2;2;1;1
202100018198;169 081;1;0;2;1;9;5
202100018198;169 082;7;0;2;2;0;1
202100018199;169 079;33;0;2;3;18;1
202100018199;169 080;7;0;2;7;16;1
202100018200;169 077;7;0;2;1;1;1
202100018200;169 078;7;0;2;4;1;1
202100018201;169 075;7;0;2;6;1;1
202100018201;169 076;7;0;2;2;0;1
202100018202;169 072;7;0;2;1;21;1
202100018202;169 073;7;0;2;3;23;1
202100018202;169 074;33;1;0;2;21;3
202100018203;169 070;10;0;2;4;26;1
202100018203;169 071;7;0;2;1;26;1
202100018204;169 068;7;0;2;4;2;1
202100018204;169 069;7;0;2;1;2;1
202100018205;169 067;7;16;0;1;19;1
202100018206;169 065;10;0;2;4;1;1
202100018206;169 066;10;0;2;1;1;1
202100018207;169 063;33;0;2;7;1;1
202100018207;169 064;3;0;2;3;11;1
202100018208;169 061;32;0;2;1;3;1
202100018208;169 062;7;0;2;6;11;1
202100018209;169 060;7;4;0;9;14;1
202100018210;169 058;7;0;2;1;0;1
202100018211;169 056;7;0;2;7;14;1
202100018211;169 057;33;0;2;3;1;1
202100018212;169 054;33;0;2;2;1;1
202100018212;169 055;7;0;2;8;2;1
202100018213;169 048;33;0;2;1;21;1
202100018213;169 049;33;0;2;1;21;1
202100018213;169 050;33;0;2;1;21;1
202100018213;169 051;31;0;2;1;21;1
202100018213;169 052;33;0;2;1;21;1
202100018213;169 053;33;0;2;1;21;1
202100018214;169 046;33;0;2;3;3;1
202100018214;169 047;10;0;2;7;12;1
202100018215;169 045;7;0;1;3;1;1
202100018216;169 042;15;0;9;1;1;1
202100018216;169 043;2;0;0;4;0;1
202100018216;169 044;7;0;2;1;1;1
202100018217;169 040;7;0;2;1;15;1
202100018217;169 041;30;0;2;1;1;1
202100018218;169 039;7;3;0;9;14;1
202100018219;169 037;7;0;2;3;9;1
202100018219;169 038;7;16;2;1;1;0
202100018220;169 036;7;0;1;1;1;1
202100018221;169 034;33;0;2;1;1;1
202100018221;169 035;7;0;0;7;15;1
202100018222;169 032;7;3;0;1;26;1
202100018222;169 033;7;3;0;4;16;1
202100018223;169 030;7;0;2;7;1;1
202100018223;169 031;2;0;2;1;23;1
202100018224;169 029;7;0;1;3;2;1
202100018225;169 028;7;0;1;3;15;1
202100018226;169 026;2;0;2;5;2;1
202100018226;169 027;2;0;2;3;2;1
202100018227;169 024;7;0;2;1;15;1
202100018227;169 025;7;8;2;2;1;1
202100018228;169 023;7;2;0;8;1;1
202100018229;169 021;7;0;0;4;2;1
202100018229;169 022;7;0;2;1;2;1
202100018230;169 018;7;0;2;1;1;1
202100018230;169 019;7;0;2;3;1;1
202100018230;169 020;34;0;2;3;17;1
202100018231;169 017;7;16;0;9;1;1
202100018232;169 016;7;3;0;3;1;1
202100018233;169 015;2;0;0;0;0;1
202100018234;169 013;33;0;2;1;1;1
202100018234;169 014;7;0;2;8;19;1
202100018235;169 012;7;13;0;2;1;1
202100018236;169 011;7;1;0;1;0;1
202100018237;169 008;1;0;2;1;2;5
202100018237;169 009;1;0;2;1;2;5
202100018237;169 010;1;0;2;4;1;5
202100018238;169 006;7;0;2;1;16;1
202100018238;169 007;7;0;0;7;1;1
202100018239;169 005;33;9;0;9;0;1
202100018240;169 004;2;0;0;0;1;1
202100018241;169 003;7;0;0;2;1;1
202100018242;169 002;7;2;0;2;1;1
202100018243;169 001;7;2;0;2;1;1
202100018244;169 000;7;13;0;2;21;1
202100018245;168 999;7;2;0;3;0;1
202100018246;168 998;1;12;0;1;1;5
202100018247;168 997;30;12;0;8;1;1
202100018248;168 996;7;3;0;8;1;1
202100018249;168 994;2;0;2;1;1;1
202100018249;168 995;7;0;2;2;9;1
202100018250;168 992;33;0;2;8;21;1
202100018250;168 993;7;0;2;3;13;1
202100018251;168 991;7;2;0;8;1;1
202100018252;168 990;7;2;0;9;14;1
202100018253;168 988;7;3;2;1;13;1
202100018253;168 989;99;0;2;1;1;1
202100018254;168 987;7;0;0;1;14;0
202100018255;168 986;7;13;0;1;1;1
202100018256;168 985;33;0;0;3;1;1
202100018257;168 983;7;0;2;3;13;1
202100018257;168 984;7;0;2;3;1;1
202100018258;168 982;17;0;0;8;1;1
202100018259;168 980;7;0;9;3;26;1
202100018259;168 981;1;0;2;1;1;5
202100018260;168 978;7;0;2;1;1;1
202100018260;168 979;15;0;0;2;19;0
202100018261;168 976;7;0;2;4;2;1
202100018261;168 977;7;0;2;1;2;2
202100018262;168 975;10;8;0;2;14;1
202100018263;168 974;7;13;0;1;0;1
202100018264;168 971;7;0;2;0;13;1
202100018264;168 972;10;0;2;2;1;1
202100018265;168 970;34;0;0;7;1;1
202100018266;168 968;7;0;0;5;20;1
202100018266;168 969;2;0;2;1;18;1
202100018267;168 966;7;0;2;1;1;1
202100018267;168 967;7;3;0;7;23;1
202100018268;168 964;7;0;2;1;13;1
202100018268;168 965;7;0;2;1;1;1
202100018269;168 963;7;0;1;2;1;1
202100018270;168 962;36;0;0;0;1;1
202100018271;168 961;33;0;0;0;1;1
202100018272;168 960;7;2;0;7;1;1
202100018273;168 959;33;0;6;1;1;1
202100018274;168 957;33;0;2;1;1;1
202100018274;168 958;3;0;2;1;15;1
202100018275;168 956;1;0;1;1;1;5
202100018276;168 954;10;0;0;1;1;1
202100018276;168 955;7;0;0;1;13;1
202100018277;168 952;7;0;2;8;9;1
202100018277;168 953;33;0;2;7;1;1
202100018278;168 951;7;2;0;3;1;1
202100018279;168 949;7;0;0;0;17;0
202100018279;168 950;7;1;0;3;1;1
202100018280;168 948;7;4;0;3;13;1
202100018281;168 946;7;0;2;6;10;1
202100018281;168 947;30;0;2;1;1;1
202100018282;168 945;7;16;0;0;21;1
202100018283;168 941;32;0;2;3;2;1
202100018283;168 942;7;0;2;7;2;1
202100018284;168 940;7;0;1;2;26;1
202100018285;168 939;30;0;1;1;1;1
202100018286;168 937;43;0;2;1;1;1
202100018286;168 938;7;0;2;8;15;1
202100018287;168 936;7;2;0;1;13;1
202100018288;168 935;7;0;1;0;20;1
202100018289;168 933;99;0;2;4;0;1
202100018289;168 934;7;0;2;1;26;1
202100018290;168 931;1;0;2;8;21;5
202100018290;168 932;10;0;2;0;0;1
202100018291;168 929;7;0;2;6;11;2
202100018291;168 930;7;0;2;2;1;1
202100018292;168 927;7;0;2;7;15;1
202100018292;168 928;33;0;2;1;1;1
202100018293;168 925;2;0;2;1;1;1
202100018293;168 926;7;0;2;7;15;1
202100018294;168 923;2;0;2;7;3;1
202100018294;168 924;7;0;2;3;15;1
202100018295;168 921;33;0;2;1;1;1
202100018295;168 922;7;0;2;2;26;1
202100018296;168 919;1;0;9;2;0;0
202100018296;168 920;60;0;9;8;13;5
202100018297;168 917;1;0;2;8;1;0
202100018297;168 918;7;0;9;1;15;1
202100018298;168 915;1;0;9;4;21;5
202100018298;168 916;50;0;2;4;19;3
202100018299;168 913;7;0;4;3;15;1
202100018299;168 914;40;0;2;2;1;3
202100018300;168 911;7;0;2;1;19;1
202100018300;168 912;7;0;2;5;19;1
202100018301;168 909;30;0;2;1;2;1
202100018301;168 910;10;0;2;4;2;1
202100018302;168 908;7;0;1;2;16;1
202100018303;168 906;7;0;2;5;15;1
202100018303;168 907;33;0;2;1;1;1
202100018304;168 904;7;0;2;3;13;1
202100018304;168 905;7;0;2;3;1;1
202100018305;168 902;7;0;2;2;15;1
202100018305;168 903;43;0;2;3;1;1
202100018306;168 900;2;0;2;3;19;1
202100018306;168 901;7;0;2;7;17;1
202100018307;168 898;10;0;2;1;2;1
202100018307;168 899;7;0;1;4;2;1
202100018308;168 896;7;0;2;3;1;0
202100018308;168 897;33;0;2;1;1;1
202100018309;168 894;7;0;2;4;2;1
202100018309;168 895;2;0;2;1;2;1
202100018310;168 893;2;0;0;8;15;1
202100018311;168 891;2;0;2;1;1;1
202100018311;168 892;7;0;2;1;15;1
202100018312;168 890;34;12;0;1;1;1
202100018313;168 889;7;0;1;3;1;1
202100018314;168 888;34;0;1;1;17;1
202100018315;168 886;32;0;2;1;5;1
202100018315;168 887;7;0;2;3;1;1
202100018316;168 884;7;0;2;0;0;1
202100018316;168 885;33;0;2;1;13;1
202100018317;168 883;1;9;0;1;1;5
202100018318;168 880;7;0;1;6;26;1
202100018319;168 877;7;0;2;4;1;1
202100018319;168 878;7;0;2;4;1;1
202100018319;168 879;7;0;2;1;1;1
202100018320;168 876;7;2;1;2;15;1
202100018321;168 875;10;6;1;4;26;1
202100018322;168 874;7;0;1;2;1;1
202100018323;168 872;1;0;2;7;12;5
202100018323;168 873;1;0;2;8;18;5
202100018324;168 871;7;8;0;1;13;1
202100018325;168 869;7;0;2;2;17;1
202100018325;168 870;1;8;2;3;1;5
202100018326;168 866;7;0;2;4;2;1
202100018326;168 867;7;0;2;6;2;1
202100018326;168 868;7;0;2;2;13;1
202100018327;168 865;7;12;0;1;9;1
202100018328;168 863;32;0;2;1;1;1
202100018328;168 864;7;0;2;3;15;1
202100018329;168 861;7;0;2;1;9;1
202100018329;168 862;50;0;2;7;1;3
202100018330;168 860;7;0;0;4;4;1
202100018331;168 858;7;0;0;0;0;1
202100018331;168 859;10;0;2;2;15;1
202100018332;168 857;7;15;0;1;0;1
202100018333;168 855;30;1;2;1;21;3
202100018333;168 856;7;0;2;1;21;1
202100018334;168 853;7;0;2;1;16;1
202100018334;168 854;7;0;2;1;23;1
202100018335;168 851;7;0;0;0;0;1
202100018335;168 852;7;0;0;0;0;1
202100018336;168 849;33;0;2;1;1;1
202100018336;168 850;7;0;2;2;10;1
202100018337;168 848;10;0;1;1;1;1
202100018338;168 847;7;0;1;1;1;1
202100018339;168 845;10;0;2;4;1;1
202100018339;168 846;7;0;2;1;2;1
202100018340;168 843;1;0;2;1;25;5
202100018340;168 844;1;0;2;8;25;5
202100018341;168 841;1;0;2;2;5;5
202100018341;168 842;7;0;2;3;1;1
202100018342;168 839;1;0;2;7;19;5
202100018342;168 840;7;0;2;1;1;1
202100018343;168 837;7;0;2;1;1;1
202100018343;168 838;7;0;2;1;1;1
202100018344;168 834;7;0;2;1;2;1
202100018344;168 835;7;0;9;4;2;1
202100018344;168 836;2;0;2;4;23;1
202100018345;168 833;7;1;0;1;1;2
202100018346;168 832;37;2;0;1;1;1
202100018347;168 830;7;0;2;7;15;1
202100018347;168 831;7;0;2;1;2;1
202100018348;168 828;7;0;2;1;15;1
202100018348;168 829;30;0;2;1;1;1
202100018349;168 827;50;0;1;2;26;3
202100018350;168 826;7;0;1;3;26;1
202100018351;168 824;31;0;2;9;26;1
202100018351;168 825;10;0;2;1;26;1
202100018352;168 821;21;0;2;4;1;1
202100018352;168 822;7;0;2;1;1;1
202100018352;168 823;7;14;0;1;1;1
202100018353;168 819;1;0;2;0;11;5
202100018353;168 820;10;0;2;0;1;1
202100018354;168 817;1;0;2;4;26;5
202100018354;168 818;7;0;2;1;16;1
202100018355;168 815;1;0;1;1;2;0
202100018356;168 814;1;12;0;7;1;5
202100018357;168 812;7;0;2;3;5;1
202100018357;168 813;1;0;2;1;8;5
202100018358;168 811;30;12;0;7;1;1
202100018359;168 809;99;0;2;1;1;1
202100018359;168 810;7;0;2;4;1;1
202100018360;168 808;0;0;2;0;0;
202100018361;168 807;2;2;0;1;1;1
202100018362;168 805;7;0;2;2;10;1
202100018362;168 806;7;0;2;1;1;1
202100018363;168 803;10;0;2;4;2;1
202100018363;168 804;2;0;2;1;2;1
202100018364;168 801;0;0;2;0;2;0
202100018364;168 802;7;0;2;4;23;1
202100018365;168 799;7;0;2;4;1;1
202100018365;168 800;7;0;2;1;2;1
202100018366;168 798;2;6;0;1;1;1
202100018367;168 797;7;0;1;1;1;1
202100018368;168 795;7;0;2;3;15;1
202100018368;168 796;1;0;2;4;12;0
202100018369;168 793;7;0;9;5;16;1
202100018369;168 794;1;0;2;1;1;5
202100018370;168 790;1;0;2;1;1;5
202100018370;168 791;7;0;2;0;0;
202100018371;168 788;7;0;2;2;0;1
202100018371;168 789;7;0;2;3;19;1
202100018372;168 786;7;0;9;7;1;1
202100018372;168 787;1;0;2;0;2;5
202100018373;168 784;7;0;2;1;13;1
202100018373;168 785;10;0;2;1;1;1
202100018374;168 782;50;0;2;1;5;3
202100018374;168 783;7;0;2;7;15;1
202100018375;168 780;33;0;2;1;2;1
202100018375;168 781;7;0;2;4;2;1
202100018376;168 779;7;0;1;3;19;1
202100018377;168 777;50;0;2;1;2;3
202100018377;168 778;7;0;2;2;9;1
202100018378;168 773;7;1;0;8;22;1
202100018378;168 774;1;1;0;1;26;5
202100018379;168 771;33;0;2;3;16;1
202100018379;168 772;7;0;2;6;11;1
202100018380;168 769;30;0;2;1;1;1
202100018380;168 770;7;0;2;2;15;1
202100018381;168 768;7;0;1;1;1;1
202100018382;168 766;7;0;2;2;1;1
202100018382;168 767;7;0;0;4;1;1
202100018383;168 764;7;0;2;4;2;1
202100018383;168 765;7;0;2;1;2;1
202100018384;168 762;7;0;2;1;1;1
202100018384;168 763;7;0;2;8;1;1
202100018385;168 760;7;0;2;1;15;1
202100018385;168 761;2;0;2;1;1;1
202100018386;168 758;7;0;1;1;2;1
202100018386;168 759;7;0;1;8;2;0
202100018387;168 756;33;0;2;1;1;1
202100018387;168 757;7;0;2;3;19;2
202100018388;168 754;7;0;2;1;15;1
202100018388;168 755;30;0;2;7;17;1
202100018389;168 753;7;0;1;1;1;2
202100018390;168 751;7;0;2;4;15;1
202100018390;168 752;10;0;2;1;1;1
202100018391;168 750;7;2;0;1;1;1
202100018392;168 747;32;0;2;1;3;1
202100018392;168 748;7;0;2;6;1;2
202100018392;168 749;7;0;2;7;14;1
202100018393;168 746;43;0;0;8;1;1
202100018394;168 745;33;0;0;7;1;1
202100018395;168 744;7;0;1;4;4;1
202100018396;168 742;13;0;2;1;15;1
202100018396;168 743;50;0;2;3;1;3
202100018397;168 740;33;0;2;1;1;1
202100018397;168 741;1;0;2;1;5;5
202100018398;168 739;32;0;1;1;5;1
202100018399;168 737;7;0;2;3;13;1
202100018399;168 738;1;0;0;5;1;5
202100018400;168 735;1;0;2;1;25;5
202100018400;168 736;2;0;2;0;25;0
202100018401;168 733;32;0;2;1;17;1
202100018401;168 734;7;0;2;6;1;1
202100018402;168 732;32;0;1;0;17;1
202100018403;168 730;7;0;2;8;11;1
202100018403;168 731;34;0;2;7;1;1