Num_Acc;id_vehicule;categorie_vehicule;obstacle_fixe;obstacle_mobile;point_choc_initial;manoeuvre_principale;motorisation
202100018404;168 728;1;0;2;7;5;5
202100018404;168 729;33;0;2;2;1;1
202100018405;168 726;7;0;2;6;11;1
202100018405;168 727;7;0;2;2;1;1
202100018406;168 724;13;0;2;4;2;6
202100018406;168 725;50;0;2;1;2;3
202100018407;168 722;7;0;2;2;1;1
202100018407;168 723;2;0;2;3;16;1
202100018408;168 720;2;0;2;2;1;1
202100018408;168 721;1;0;2;1;1;5
202100018409;168 718;10;0;2;4;2;1
202100018409;168 719;50;0;2;1;2;3
202100018410;168 717;7;11;0;1;26;1
202100018411;168 715;7;0;2;2;19;1
202100018411;168 716;7;0;2;1;19;1
202100018412;168 713;2;0;2;1;26;1
202100018412;168 714;7;0;2;1;9;1
202100018413;168 712;34;0;1;1;1;1
202100018414;168 711;7;4;0;3;1;1
202100018415;168 709;7;0;2;4;23;1
202100018415;168 710;7;0;2;1;2;3
202100018416;168 707;43;0;2;0;0;1
202100018416;168 708;7;0;0;0;0;1
202100018417;168 706;2;0;1;4;25;1
202100018418;168 704;10;0;2;2;26;1
202100018418;168 705;33;0;2;4;23;1
202100018419;168 703;7;0;1;2;16;1
202100018420;168 702;3;0;1;3;15;0
202100018421;168 700;10;0;0;0;22;0
202100018421;168 701;50;1;2;0;21;3
202100018422;168 698;7;0;2;0;0;0
202100018422;168 699;7;9;0;1;21;1
202100018423;168 697;7;0;1;1;2;1
202100018424;168 695;30;0;2;1;1;1
202100018424;168 696;7;0;2;3;26;1
202100018425;168 693;37;0;2;3;1;1
202100018425;168 694;7;0;2;5;14;1
202100018426;168 690;7;0;2;3;1;1
202100018426;168 691;7;0;2;3;1;1
202100018426;168 692;7;0;2;3;1;1
202100018427;168 688;50;0;0;0;0;3
202100018427;168 689;50;0;0;0;0;3
202100018428;168 686;20;0;2;4;0;0
202100018428;168 687;20;0;2;0;0;0
202100018429;168 684;7;0;2;1;15;1
202100018429;168 685;50;0;2;8;1;3
202100018430;168 683;7;9;0;1;1;1
202100018431;168 681;34;0;2;1;18;0
202100018431;168 682;10;0;2;3;0;1
202100018432;168 679;50;0;2;8;23;3
202100018432;168 680;7;0;2;3;19;1
202100018433;168 678;33;8;0;7;1;1
202100018434;168 676;7;0;2;3;1;2
202100018434;168 677;60;0;2;0;19;5
202100018435;168 674;60;0;2;0;19;5
202100018435;168 675;7;0;2;2;1;1
202100018436;168 672;33;0;2;2;9;1
202100018436;168 673;7;0;2;8;4;3
202100018437;168 671;7;8;0;1;14;1
202100018438;168 669;7;0;2;1;1;1
202100018438;168 670;50;0;2;8;1;3
202100018439;168 667;7;0;2;1;2;1
202100018439;168 668;7;0;0;4;23;1
202100018440;168 666;7;0;1;4;20;1
202100018441;168 664;30;0;2;7;19;1
202100018441;168 665;7;0;2;3;26;1
202100018442;168 662;3;0;2;2;26;1
202100018442;168 663;1;0;2;7;1;5
202100018443;168 660;7;0;2;1;15;1
202100018443;168 661;32;0;2;1;16;1
202100018444;168 659;7;0;1;1;1;1
202100018445;168 658;7;0;1;2;1;1
202100018446;168 657;7;4;0;8;1;1
202100018447;168 655;7;2;2;2;1;1
202100018447;168 656;7;13;2;3;1;1
202100018448;168 654;50;0;0;0;1;3
202100018449;168 652;7;13;0;3;1;1
202100018450;168 651;7;8;0;3;1;0
202100018451;168 650;33;0;0;0;1;1
202100018452;168 649;7;0;1;1;1;1
202100018453;168 645;7;0;2;3;1;1
202100018453;168 646;7;0;2;3;1;1
202100018454;168 643;1;0;2;8;2;5
202100018454;168 644;15;0;9;2;16;1
202100018455;168 641;2;0;2;1;0;1
202100018455;168 642;7;0;2;3;0;1
202100018456;168 640;1;0;0;0;0;5
202100018457;168 639;7;0;1;7;16;1
202100018458;168 638;7;2;0;1;1;1
202100018459;168 636;1;0;0;4;2;5
202100018459;168 637;7;0;9;1;1;1
202100018460;168 634;2;0;2;1;0;1
202100018460;168 635;2;0;0;4;15;1
202100018461;168 629;7;0;2;6;12;1
202100018461;168 630;7;0;2;1;1;1
202100018461;168 631;7;0;2;1;1;1
202100018461;168 632;33;0;2;1;1;1
202100018461;168 633;10;0;2;6;1;1
202100018462;168 627;7;0;9;2;2;1
202100018462;168 628;1;0;0;3;2;5
202100018463;168 625;7;0;2;1;15;1
202100018463;168 626;33;0;2;1;1;1
202100018464;168 624;33;1;0;1;1;1
202100018465;168 623;7;15;0;2;1;1
202100018466;168 622;7;8;0;9;1;1
202100018467;168 621;7;1;1;4;26;1
202100018468;168 619;7;0;0;8;19;1
202100018468;168 620;43;0;2;1;1;1
202100018469;168 618;7;15;9;1;14;1
202100018470;168 616;7;0;2;8;1;1
202100018470;168 617;7;2;2;1;1;1
202100018471;168 614;7;0;2;1;1;1
202100018471;168 615;10;0;2;3;13;1
202100018472;168 612;7;0;2;3;1;1
202100018472;168 613;7;0;2;3;13;1
202100018473;168 610;7;0;2;1;1;1
202100018473;168 611;7;0;2;2;16;3
202100018474;168 608;7;0;2;5;15;1
202100018474;168 609;33;0;2;1;1;1
202100018475;168 607;31;0;0;0;1;1
202100018476;168 605;60;0;2;7;19;5
202100018476;168 606;7;0;2;1;18;1
202100018477;168 603;33;0;2;1;2;1
202100018477;168 604;7;0;2;5;2;1
202100018478;168 601;2;0;2;1;9;1
202100018478;168 602;7;6;2;2;1;1
202100018479;168 599;7;0;2;1;2;1
202100018479;168 600;17;0;2;4;2;6
202100018480;168 598;33;15;0;1;16;1
202100018481;168 596;15;0;0;2;1;1
202100018481;168 597;7;0;0;6;4;1
202100018482;168 594;7;0;2;1;2;1
202100018482;168 595;7;0;0;4;2;1
202100018483;168 593;10;0;0;9;1;1
202100018484;168 592;7;13;0;2;17;1
202100018485;168 591;7;2;0;1;13;1
202100018486;168 588;33;0;2;1;1;1
202100018486;168 589;33;0;2;1;1;1
202100018486;168 590;7;0;2;8;15;1
202100018487;168 586;7;0;2;3;1;1
202100018487;168 587;33;0;2;8;13;1
202100018488;168 585;7;2;0;3;1;1
202100018489;168 584;7;0;1;2;1;1
202100018490;168 583;7;2;0;1;1;1
202100018491;168 581;10;0;2;3;1;1
202100018491;168 582;7;0;2;1;13;1
202100018492;168 579;30;0;2;7;1;1
202100018492;168 580;7;0;9;1;15;1
202100018493;168 576;7;0;2;1;1;1
202100018493;168 577;7;0;2;6;1;1
202100018493;168 578;7;0;2;1;5;1
202100018494;168 574;1;0;2;1;1;5
202100018494;168 575;7;0;0;8;19;1
202100018495;168 573;7;0;1;3;1;1
202100018496;168 571;7;0;2;1;1;1
202100018496;168 572;21;0;2;4;1;1
202100018497;168 570;10;13;0;9;1;1
202100018498;168 568;33;0;2;1;9;1
202100018498;168 569;7;0;2;7;1;1
202100018499;168 567;7;0;0;2;11;1
202100018500;168 565;7;0;2;5;15;1
202100018500;168 566;33;0;2;1;18;1
202100018501;168 564;2;13;0;7;14;1
202100018502;168 563;2;9;0;2;1;1
202100018503;168 561;7;0;2;8;19;1
202100018503;168 562;7;0;2;1;1;1
202100018504;168 557;7;0;2;3;1;1
202100018504;168 558;21;0;2;3;13;1
202100018505;168 556;7;0;1;2;1;1
202100018506;168 554;33;0;2;3;1;1
202100018506;168 555;7;0;2;3;15;1
202100018507;168 552;30;0;2;1;17;1
202100018507;168 553;7;0;2;8;15;1
202100018508;168 549;7;0;2;1;1;1
202100018508;168 550;7;0;2;1;2;1
202100018508;168 551;7;0;2;4;2;1
202100018509;168 546;7;0;2;1;1;1
202100018509;168 547;7;0;2;4;1;1
202100018509;168 548;10;0;2;4;1;1
202100018510;168 545;33;13;0;1;1;1
202100018511;168 543;7;0;2;8;11;1
202100018511;168 544;33;0;2;2;3;1
202100018512;168 542;33;16;0;7;2;1
202100018513;168 541;33;4;0;9;2;1
202100018514;168 539;7;0;2;5;1;1
202100018514;168 540;33;0;2;1;0;1
202100018515;168 537;17;0;2;1;2;1
202100018515;168 538;7;0;2;4;2;1
202100018516;168 535;7;0;2;4;2;1
202100018516;168 536;10;0;2;1;2;1
202100018517;168 534;7;0;1;7;9;1
202100018518;168 531;7;0;2;3;17;1
202100018518;168 532;7;0;2;3;1;1
202100018518;168 533;10;0;2;0;0;1
202100018519;168 530;7;0;1;1;9;1
202100018520;168 528;7;0;2;2;1;1
202100018520;168 529;7;0;0;6;20;1
202100018521;168 526;2;0;2;4;1;1
202100018521;168 527;7;0;9;1;1;1
202100018522;168 524;7;0;2;4;23;1
202100018522;168 525;32;0;2;1;26;1
202100018523;168 522;1;0;2;8;19;6
202100018523;168 523;7;0;2;1;19;1
202100018524;168 521;7;0;1;7;17;1
202100018525;168 519;7;0;9;1;15;1
202100018525;168 520;1;0;2;8;1;5
202100018526;168 518;7;0;1;2;1;1
202100018527;168 515;13;0;2;3;26;1
202100018527;168 516;13;0;2;3;0;1
202100018528;168 514;7;0;1;2;1;1
202100018529;168 513;7;6;5;1;21;1
202100018530;168 511;99;0;2;6;13;0
202100018530;168 512;31;0;2;2;1;0
202100018531;168 509;7;0;2;2;12;1
202100018531;168 510;30;0;2;4;1;1
202100018532;168 507;43;12;0;3;0;1
202100018532;168 508;7;12;0;2;12;1
202100018533;168 506;20;0;1;2;9;1
202100018534;168 504;7;0;2;1;18;2
202100018534;168 505;7;0;2;7;15;1
202100018535;168 502;3;0;2;3;10;1
202100018535;168 503;7;0;2;2;17;1
202100018536;168 500;7;0;2;2;1;1
202100018536;168 501;1;0;2;7;1;5
202100018537;168 498;2;0;2;4;15;1
202100018537;168 499;17;0;2;1;1;1
202100018538;168 497;7;0;1;2;1;1
202100018539;168 495;33;0;2;8;1;1
202100018539;168 496;7;0;2;0;1;1
202100018540;168 493;30;0;2;8;2;1
202100018540;168 494;7;0;2;5;1;1
202100018541;168 492;7;0;1;7;9;1
202100018542;168 490;30;0;2;1;19;1
202100018542;168 491;10;0;2;2;15;1
202100018543;168 488;7;13;2;3;13;1
202100018543;168 489;7;13;2;3;1;1
202100018544;168 486;7;0;2;1;26;1
202100018544;168 487;7;0;2;1;26;1
202100018545;168 485;1;7;0;0;26;5
202100018546;168 484;40;0;1;0;26;3
202100018547;168 481;7;0;2;2;26;1
202100018547;168 482;7;0;2;7;16;1
202100018547;168 483;7;0;2;7;13;1
202100018548;168 479;1;0;2;6;1;5
202100018548;168 480;37;0;2;3;15;1
202100018549;168 478;7;0;2;1;16;1
202100018550;168 476;33;0;2;5;16;1
202100018550;168 477;7;0;2;3;1;1
202100018551;168 474;7;0;2;3;1;1
202100018551;168 475;7;0;2;3;13;1
202100018552;168 472;7;0;2;3;1;1
202100018552;168 473;1;0;2;1;19;5
202100018553;168 470;7;0;2;1;2;1
202100018553;168 471;2;0;2;4;2;1
202100018554;168 468;7;1;2;1;1;1
202100018554;168 469;3;1;2;7;1;1
202100018555;168 466;7;0;2;4;15;1
202100018555;168 467;7;0;2;1;17;1
202100018556;168 464;30;0;2;3;21;1
202100018556;168 465;7;0;9;0;0;0
202100018557;168 463;7;0;1;1;15;1
202100018558;168 462;7;0;1;1;1;1
202100018559;168 460;7;0;2;1;1;1
202100018559;168 461;10;0;2;8;1;1
202100018560;168 457;7;0;2;4;1;1
202100018560;168 458;7;0;2;4;1;1
202100018560;168 459;7;0;2;1;1;1
202100018561;168 456;7;13;0;2;15;1
202100018562;168 455;7;0;1;0;26;1
202100018563;168 453;7;0;1;4;1;1
202100018563;168 454;33;0;2;1;1;1
202100018564;168 451;50;0;2;7;0;3
202100018564;168 452;7;0;9;1;1;1
202100018565;168 449;31;0;2;8;1;1
202100018565;168 450;7;0;2;2;1;1
202100018566;168 447;7;0;2;8;13;1
202100018566;168 448;33;0;2;8;1;1
202100018567;168 446;1;0;0;8;1;5
202100018568;168 445;7;0;1;3;0;1
202100018569;168 443;7;0;2;4;15;1
202100018569;168 444;10;2;2;1;1;1
202100018570;168 441;7;0;2;2;15;1
202100018570;168 442;7;0;2;8;1;1
202100018571;168 439;1;0;2;1;1;5
202100018571;168 440;7;0;0;0;5;1
202100018572;168 438;7;13;0;3;13;1
202100018573;168 436;7;0;2;3;26;1
202100018573;168 437;7;0;2;7;26;1
202100018574;168 434;7;8;0;1;1;1
202100018574;168 435;7;8;0;3;14;1
202100018575;168 432;30;0;2;1;1;1
202100018575;168 433;7;0;2;1;1;1
202100018576;168 430;7;0;2;5;2;1
202100018576;168 431;1;0;2;8;2;5
202100018577;168 427;10;14;2;4;2;1
202100018577;168 428;10;0;2;4;2;1
202100018577;168 429;10;0;2;1;1;1
202100018578;168 425;7;0;2;3;15;1
202100018578;168 426;33;0;2;8;1;1
202100018579;168 423;32;0;2;1;1;1
202100018579;168 424;7;0;2;6;26;1
202100018580;168 422;37;0;1;2;1;1
202100018581;168 420;10;0;2;0;0;0
202100018581;168 421;2;0;2;0;1;1
202100018582;168 418;7;0;2;1;9;1
202100018582;168 419;1;0;2;8;1;0
202100018583;168 417;1;0;0;0;1;5
202100018584;168 416;1;12;0;1;9;5
202100018585;168 414;7;0;2;0;0;1
202100018585;168 415;7;1;0;1;1;1
202100018586;168 412;7;0;2;8;13;1
202100018586;168 413;7;0;2;7;1;1
202100018587;168 410;7;0;2;1;0;0
202100018587;168 411;7;0;2;4;0;1
202100018588;168 408;7;0;2;3;15;1
202100018588;168 409;33;0;2;3;17;1
202100018589;168 407;7;0;1;1;2;1
202100018590;168 406;1;0;1;4;26;5
202100018591;168 404;7;0;2;2;15;1
202100018591;168 405;1;0;2;1;1;5
202100018592;168 402;33;0;2;1;1;1
202100018592;168 403;10;0;2;2;15;1
202100018593;168 401;7;9;0;3;13;1
202100018594;168 398;7;0;2;1;1;1
202100018594;168 399;7;0;2;4;1;1
202100018594;168 400;7;0;2;1;1;1
202100018595;168 396;7;0;2;8;1;1
202100018595;168 397;7;0;2;1;1;1
202100018596;168 394;7;0;2;1;13;1
202100018596;168 395;7;0;2;1;1;1
202100018597;168 392;33;0;2;3;1;1
202100018597;168 393;33;0;2;5;14;1
202100018598;168 391;2;0;1;1;1;1
202100018599;168 390;7;12;0;1;1;1
202100018600;168 387;33;7;2;1;1;1
202100018600;168 388;33;0;2;2;15;1
202100018601;168 386;10;0;1;3;1;1
202100018602;168 384;7;0;2;3;15;1
202100018602;168 385;34;0;2;7;17;1
202100018603;168 383;7;0;1;7;1;1
202100018604;168 382;1;0;0;0;1;5
202100018605;168 381;30;0;1;1;1;1
202100018606;168 378;7;0;2;1;2;1
202100018606;168 379;7;0;2;4;2;1
202100018606;168 380;7;0;2;4;2;1
202100018607;168 376;1;0;2;1;1;5
202100018607;168 377;10;0;2;2;16;1
202100018608;168 373;30;0;2;0;1;1
202100018608;168 374;7;0;2;4;2;1
202100018608;168 375;1;0;2;1;2;5
202100018609;168 371;7;0;2;7;15;1
202100018609;168 372;33;0;2;1;1;1
202100018610;168 369;7;0;2;4;23;1
202100018610;168 370;7;0;2;1;2;1
202100018611;168 368;33;0;1;1;1;1
202100018612;168 367;50;0;1;1;1;3
202100018613;168 365;30;0;2;1;2;1
202100018613;168 366;7;0;2;4;23;1
202100018614;168 364;43;0;1;3;1;1
202100018615;168 363;50;0;0;1;7;3
202100018616;168 361;1;0;2;0;1;5
202100018616;168 362;1;0;2;0;13;5
202100018617;168 359;80;0;0;0;0;3
202100018617;168 360;7;0;2;3;24;1
202100018618;168 358;7;0;1;2;15;1
202100018619;168 356;7;14;9;5;15;1
202100018619;168 357;1;14;2;1;1;5
202100018620;168 354;37;0;2;1;1;1
202100018620;168 355;7;0;2;1;9;1
202100018621;168 352;7;0;2;5;23;1
202100018621;168 353;33;0;2;5;2;1
202100018622;168 350;7;0;2;7;1;1
202100018622;168 351;1;0;2;8;13;5
202100018623;168 349;7;15;0;1;1;1
202100018624;168 347;33;0;0;0;0;0
202100018624;168 348;30;0;2;4;11;1
202100018625;168 345;2;0;2;7;17;1
202100018625;168 346;7;0;2;0;15;0
202100018626;168 342;7;0;2;6;2;2
202100018626;168 343;7;0;2;3;17;1
202100018626;168 344;7;0;2;3;1;1
202100018627;168 340;7;0;2;3;15;1
202100018627;168 341;34;0;2;2;1;1
202100018628;168 338;30;0;2;8;18;1
202100018628;168 339;17;0;2;2;1;1
202100018629;168 336;30;0;2;1;1;1
202100018629;168 337;10;0;2;3;15;1
202100018630;168 334;7;0;2;6;10;1
202100018630;168 335;7;0;2;3;1;1
202100018631;168 333;30;0;1;3;1;1
202100018632;168 331;1;0;2;2;13;5
202100018632;168 332;2;0;9;2;1;1
202100018633;168 330;32;16;0;1;1;1
202100018634;168 329;16;13;0;0;0;0
202100018635;168 328;7;13;0;2;1;1
202100018636;168 327;7;0;1;3;1;1
202100018637;168 326;7;2;0;1;17;1
202100018638;168 324;2;0;2;1;1;1
202100018638;168 325;7;0;2;3;9;1
202100018639;168 322;33;0;2;1;1;1
202100018639;168 323;7;0;2;5;11;1
202100018640;168 319;33;0;0;0;14;1
202100018641;168 317;7;0;9;1;2;1
202100018641;168 318;1;0;0;4;2;5
202100018642;168 316;33;8;0;7;1;1
202100018643;168 315;7;0;0;0;13;1
202100018644;168 314;7;0;0;0;1;1
202100018645;168 312;7;0;2;4;16;1
202100018645;168 313;1;0;2;1;2;5
202100018646;168 309;1;0;2;8;13;5
202100018646;168 310;7;0;9;1;1;1
202100018647;168 307;7;0;2;6;1;1
202100018647;168 308;7;0;2;2;1;1
202100018648;168 305;7;0;0;0;19;1
202100018648;168 306;33;0;0;0;1;1
202100018649;168 304;2;1;0;1;1;1
202100018650;168 303;7;2;0;1;1;1
202100018651;168 302;2;6;0;1;1;1
202100018652;168 301;7;13;0;1;1;1
202100018653;168 296;7;0;2;8;13;1
202100018653;168 297;7;0;2;7;1;1
202100018654;168 295;7;0;0;0;1;1
202100018655;168 294;1;0;0;0;1;5
202100018656;168 292;99;0;2;1;0;3
202100018656;168 293;2;0;2;0;0;1
202100018657;168 291;7;2;0;0;14;1
202100018658;168 289;7;0;2;1;13;2
202100018658;168 290;33;0;2;8;1;1
202100018659;168 287;7;0;2;3;15;1
202100018659;168 288;7;0;2;3;1;1
202100018660;168 285;2;0;2;1;1;1
202100018660;168 286;7;0;2;2;15;1
202100018661;168 283;7;0;2;4;23;1
202100018661;168 284;15;0;2;1;1;1
202100018662;168 280;7;0;2;1;21;1
202100018662;168 281;10;3;2;6;24;1
202100018662;168 282;14;1;0;1;1;1
202100018663;168 279;50;0;0;0;0;3
202100018664;168 278;7;15;0;1;14;1
202100018665;168 275;7;0;2;7;1;1
202100018665;168 276;15;0;2;1;1;1
202100018665;168 277;7;0;2;8;13;1
202100018666;168 273;33;0;2;8;17;1
202100018666;168 274;33;0;2;8;1;1
202100018667;168 271;7;4;0;6;2;1
202100018667;168 272;7;0;2;1;2;1
202100018668;168 269;7;0;2;1;1;1
202100018668;168 270;7;0;2;2;5;1
202100018669;168 268;7;13;0;2;1;1
202100018670;168 267;7;0;1;1;1;1
202100018671;168 266;7;8;0;1;0;1
202100018672;168 264;7;0;2;6;15;1
202100018672;168 265;2;0;2;1;17;1
202100018673;168 263;2;0;1;1;17;1
202100018674;168 261;32;0;2;1;6;1
202100018674;168 262;34;0;2;1;6;1
202100018675;168 259;7;0;2;8;10;1
202100018675;168 260;33;0;2;1;11;1
202100018676;168 258;33;6;0;8;17;1
202100018677;168 256;7;13;0;8;1;1
202100018677;168 257;7;0;2;1;19;1
202100018678;168 255;7;0;1;2;21;1
202100018679;168 254;7;0;0;2;1;1
202100018680;168 252;7;0;2;1;2;1
202100018680;168 253;7;0;2;8;9;0
202100018681;168 250;1;0;9;4;26;6
202100018681;168 251;1;0;2;1;2;6
202100018682;168 248;7;7;2;3;19;1
202100018682;168 249;7;7;2;1;1;1
202100018683;168 246;7;0;2;2;15;1
202100018683;168 247;2;0;2;8;1;1
202100018684;168 245;7;2;0;1;1;1
202100018685;168 243;1;0;2;8;19;5
202100018685;168 244;7;0;2;3;16;1
202100018686;168 242;7;16;9;0;26;1
202100018687;168 241;21;2;0;2;1;1
202100018688;168 239;17;0;2;1;1;1
202100018688;168 240;7;0;2;1;17;1
202100018689;168 237;7;0;0;1;1;1
202100018689;168 238;10;0;2;7;19;1
202100018690;168 236;7;0;1;1;1;1
202100018691;168 234;7;0;2;8;15;1
202100018691;168 235;15;0;2;1;1;1
202100018692;168 233;7;4;0;3;1;1
202100018693;168 231;7;0;0;5;1;1
202100018693;168 232;7;0;2;3;2;1
202100018694;168 228;7;0;2;1;2;1
202100018694;168 229;7;0;2;4;2;1
202100018694;168 230;10;0;2;4;2;1
202100018695;168 227;7;13;0;0;1;1
202100018696;168 225;33;0;2;1;12;1
202100018696;168 226;7;0;2;5;1;1
202100018697;168 223;7;0;2;2;1;1
202100018697;168 224;14;0;2;6;19;0
202100018698;168 221;7;0;2;6;1;2
202100018698;168 222;43;0;2;1;2;1
202100018699;168 218;7;0;2;4;2;1
202100018699;168 219;7;0;2;0;0;1
202100018699;168 220;7;0;2;4;0;0
202100018700;168 216;32;0;2;1;13;1
202100018700;168 217;7;0;2;7;1;1
202100018701;168 213;17;0;2;3;13;1
202100018701;168 214;7;0;2;5;1;1
202100018701;168 215;7;0;2;6;1;1
202100018702;168 211;7;0;2;6;2;1
202100018702;168 212;43;0;2;2;3;1
202100018703;168 209;7;0;2;4;2;1
202100018703;168 210;10;0;2;1;2;1
202100018704;168 207;34;0;2;5;1;1
202100018704;168 208;7;0;2;3;13;1
202100018705;168 206;7;4;0;1;2;1
202100018706;168 204;7;0;2;6;2;0
202100018706;168 205;7;0;2;2;2;0
202100018707;168 202;33;0;2;1;1;0
202100018707;168 203;10;0;2;5;12;0
202100018708;168 200;31;0;2;7;0;1
202100018708;168 201;33;0;2;8;0;1
202100018709;168 198;31;0;2;1;3;1
202100018709;168 199;7;0;2;5;1;1
202100018710;168 195;10;0;2;5;1;1
202100018710;168 196;7;0;2;4;2;1
202100018710;168 197;7;0;2;1;2;1
202100018711;168 193;7;0;2;4;1;1
202100018711;168 194;7;0;2;1;1;1
202100018712;168 191;7;0;2;7;23;1
202100018712;168 192;7;1;2;3;11;1
202100018713;168 189;7;0;2;1;1;1
202100018713;168 190;7;0;2;4;1;1
202100018714;168 187;7;0;2;5;11;1
202100018714;168 188;32;0;2;1;1;1
202100018715;168 186;7;3;0;0;0;0
202100018716;168 183;15;0;2;1;0;0
202100018716;168 184;17;0;2;4;0;0
202100018716;168 185;7;0;2;4;0;1
202100018717;168 181;7;0;2;5;12;1
202100018717;168 182;33;0;2;1;3;1
202100018718;168 179;7;0;2;3;1;1
202100018718;168 180;1;0;2;8;19;5
202100018719;168 178;10;1;1;6;26;0
202100018720;168 177;7;0;1;1;1;1
202100018721;168 174;33;0;2;9;17;1
202100018721;168 175;7;0;2;0;0;0
202100018721;168 176;7;0;2;6;1;1
202100018722;168 172;10;1;2;1;0;1
202100018722;168 173;10;1;2;4;24;1
202100018723;168 171;7;0;1;1;1;1
202100018724;168 169;30;0;2;1;11;1
202100018724;168 170;7;0;2;8;10;1
202100018725;168 168;7;0;1;1;1;1
202100018726;168 166;7;0;2;7;1;1
202100018726;168 167;10;0;2;1;1;1
202100018727;168 165;30;0;1;1;1;1
202100018728;168 163;32;0;2;6;1;1
202100018728;168 164;10;0;2;7;14;1
202100018729;168 161;1;0;2;3;26;5
202100018729;168 162;37;0;9;0;0;1
202100018730;168 159;37;0;2;3;1;0
202100018730;168 160;7;0;2;3;13;3
202100018731;168 157;7;0;2;2;16;1
202100018731;168 158;99;0;2;1;1;3
202100018732;168 155;15;0;2;2;16;1
202100018732;168 156;80;0;2;8;0;3
202100018733;168 153;7;0;2;2;19;1
202100018733;168 154;32;0;2;1;21;1
202100018734;168 151;7;0;2;3;2;1
202100018734;168 152;7;9;2;6;1;1
202100018735;168 150;7;1;0;2;13;1
202100018736;168 148;1;0;2;8;1;0
202100018736;168 149;7;0;2;2;16;1
202100018737;168 147;7;0;1;1;26;3
202100018738;168 145;1;0;2;3;19;5
202100018738;168 146;7;0;0;0;0;1
202100018739;168 143;33;0;2;2;16;1
202100018739;168 144;7;0;2;3;1;1
202100018740;168 142;7;2;0;1;14;1
202100018741;168 140;30;0;2;2;13;1
202100018741;168 141;7;0;2;3;1;1
202100018742;168 139;50;0;1;1;1;3
202100018743;168 138;7;7;0;2;14;1
202100018744;168 136;7;0;2;2;14;1
202100018744;168 137;7;0;2;6;1;1
202100018745;168 134;1;0;2;8;1;5
202100018745;168 135;7;0;2;2;16;1
202100018746;168 133;33;0;0;7;1;1
202100018747;168 131;7;0;2;3;15;1
202100018747;168 132;7;0;2;2;1;1
202100018748;168 129;32;0;2;1;17;1
202100018748;168 130;7;0;2;8;15;1
202100018749;168 127;7;0;9;3;9;2
202100018749;168 128;1;0;2;7;1;5
202100018750;168 126;7;8;0;1;13;1
202100018751;168 124;7;0;2;1;1;1
202100018751;168 125;1;0;2;1;26;0
202100018752;168 122;7;0;2;2;16;1
202100018752;168 123;50;0;2;3;18;3
202100018753;168 121;30;14;0;1;1;1
202100018754;168 119;30;0;2;7;15;1
202100018754;168 120;7;0;2;1;1;1
202100018755;168 117;7;0;2;1;1;1
202100018755;168 118;10;0;2;1;13;1
202100018756;168 115;2;0;0;0;1;0
202100018756;168 116;7;0;2;3;0;0
202100018757;168 113;33;0;2;1;1;1
202100018757;168 114;7;0;2;4;23;1
202100018758;168 111;2;0;2;1;13;1
202100018758;168 112;7;0;2;1;1;1
202100018759;168 109;7;0;2;3;9;1
202100018759;168 110;80;0;2;7;1;3
202100018760;168 107;7;0;2;3;26;1
202100018760;168 108;33;0;2;1;26;1
202100018761;168 105;1;0;2;8;1;0
202100018761;168 106;7;0;2;3;15;1
202100018762;168 103;33;0;2;1;26;1
202100018762;168 104;7;0;2;3;0;1
202100018763;168 102;32;0;0;0;0;1
202100018764;168 100;7;0;0;0;0;1
202100018764;168 101;1;0;2;7;19;5
202100018765;168 098;7;0;2;1;1;1
202100018765;168 099;7;0;2;5;1;1
202100018766;168 097;1;6;0;0;1;5
202100018767;168 096;1;0;1;1;14;5
202100018768;168 094;7;0;2;1;2;1
202100018768;168 095;7;0;2;4;2;1
202100018769;168 092;15;0;2;6;1;1
202100018769;168 093;34;0;2;1;1;1
202100018770;168 090;7;0;2;4;23;1
202100018770;168 091;7;0;2;1;2;1
202100018771;168 087;33;0;2;7;1;1
202100018771;168 088;7;0;2;3;9;1
202100018772;168 086;7;1;2;1;1;1
202100018773;168 084;32;0;2;1;18;1
202100018773;168 085;7;0;2;5;23;1
202100018774;168 083;33;14;0;8;1;1
202100018775;168 081;7;0;2;3;15;1
202100018775;168 082;32;0;2;1;1;1
202100018776;168 079;7;0;2;2;26;1
202100018776;168 080;1;0;2;2;26;0
202100018777;168 077;7;0;0;3;1;1
202100018778;168 074;7;2;0;9;14;1
202100018779;168 073;7;2;0;1;21;1
202100018780;168 071;7;0;2;3;9;1
202100018780;168 072;1;0;2;1;1;5
202100018781;168 069;31;0;2;6;13;1
202100018781;168 070;7;0;2;6;1;1
202100018782;168 068;7;0;1;1;2;1
202100018783;168 067;7;11;0;1;1;1
202100018784;168 065;7;0;2;7;1;1
202100018784;168 066;7;0;2;1;9;1
202100018785;168 064;37;0;1;1;9;1
202100018786;168 062;7;0;2;7;1;1
202100018786;168 063;30;0;2;1;19;1
202100018787;168 059;7;14;2;3;1;1
202100018787;168 060;7;14;2;1;2;1
202100018787;168 061;7;14;2;1;13;1
202100018788;168 058;7;0;9;2;16;1
202100018789;168 056;7;0;2;1;1;1
202100018789;168 057;7;0;2;1;1;1
202100018790;168 054;2;0;2;1;1;1
202100018790;168 055;7;0;2;3;15;1
202100018791;168 052;7;0;2;5;12;1
202100018791;168 053;33;0;2;8;3;1
202100018792;168 050;7;0;2;6;2;1
202100018792;168 051;34;0;2;1;2;1
202100018793;168 049;33;0;1;8;1;1
202100018794;168 047;10;0;2;1;1;1
202100018794;168 048;32;0;2;8;1;1
202100018795;168 045;7;0;2;7;16;1
202100018795;168 046;43;0;2;3;18;1
202100018796;168 044;7;0;1;1;15;1
202100018797;168 043;50;0;1;1;1;3
202100018798;168 042;7;0;1;1;1;1
202100018799;168 041;7;0;1;7;1;1