Num_Acc;id_vehicule;categorie_vehicule;obstacle_fixe;obstacle_mobile;point_choc_initial;manoeuvre_principale;motorisation
202100018800;168 040;7;0;1;1;1;1
202100018801;168 037;7;0;2;1;1;1
202100018801;168 038;30;0;2;1;13;1
202100018802;168 035;30;0;2;6;7;1
202100018802;168 036;7;0;2;3;16;1
202100018803;168 034;30;0;0;0;7;3
202100018804;168 032;1;0;2;8;15;5
202100018804;168 033;33;0;2;1;1;1
202100018805;168 030;30;0;2;0;1;1
202100018805;168 031;7;0;2;0;1;2
202100018806;168 028;7;0;2;4;2;1
202100018806;168 029;32;0;2;1;2;1
202100018807;168 026;7;0;2;2;15;1
202100018807;168 027;43;0;2;2;1;1
202100018808;168 024;7;0;2;3;20;1
202100018808;168 025;33;0;2;8;15;1
202100018809;168 022;7;0;2;2;2;1
202100018809;168 023;7;0;2;1;2;1
202100018810;168 020;7;0;2;4;23;1
202100018810;168 021;1;0;2;1;1;5
202100018811;168 019;32;0;0;7;2;1
202100018812;168 017;7;0;2;3;9;1
202100018812;168 018;7;0;0;1;1;1
202100018813;168 016;7;8;0;1;1;1
202100018814;168 014;30;0;2;1;1;0
202100018814;168 015;7;0;2;4;1;1
202100018815;168 012;7;0;2;7;16;0
202100018815;168 013;34;0;2;1;7;1
202100018816;168 010;7;0;2;5;16;1
202100018816;168 011;2;0;2;1;1;1
202100018817;168 008;2;0;2;1;1;1
202100018817;168 009;43;0;2;7;1;1
202100018818;168 007;7;8;0;9;1;1
202100018819;168 004;7;0;9;4;0;0
202100018819;168 005;7;0;2;4;2;0
202100018819;168 006;14;0;2;1;2;0
202100018820;168 003;7;0;1;1;9;1
202100018821;168 002;7;4;0;1;26;1
202100018822;168 000;10;0;2;1;2;0
202100018822;168 001;7;0;2;4;15;1
202100018823;167 999;32;0;1;1;17;1
202100018824;167 997;2;0;2;3;1;1
202100018824;167 998;7;0;2;2;16;1
202100018825;167 995;31;0;2;3;7;1
202100018825;167 996;7;0;2;5;16;1
202100018826;167 993;30;0;2;3;1;1
202100018826;167 994;7;0;2;5;1;1
202100018827;167 992;30;0;1;1;1;1
202100018828;167 991;30;0;1;1;1;1
202100018829;167 990;1;1;0;1;1;5
202100018830;167 988;10;0;2;1;2;1
202100018830;167 989;7;0;2;4;1;1
202100018831;167 986;3;0;2;1;13;1
202100018831;167 987;7;0;2;3;1;2
202100018832;167 984;7;8;2;3;1;2
202100018832;167 985;7;0;2;3;13;1
202100018833;167 982;7;0;2;1;1;1
202100018833;167 983;7;0;0;6;1;1
202100018834;167 981;7;13;0;2;1;1
202100018835;167 979;7;0;9;8;1;1
202100018835;167 980;80;0;2;8;5;3
202100018836;167 977;21;0;2;2;1;1
202100018836;167 978;7;0;0;1;1;1
202100018837;167 976;21;0;0;0;15;1
202100018838;167 974;33;8;2;0;1;1
202100018838;167 975;7;0;2;2;15;1
202100018839;167 970;7;0;2;1;2;1
202100018839;167 971;10;15;2;7;9;1
202100018840;167 969;1;0;5;1;1;5
202100018841;167 968;10;0;0;0;21;1
202100018842;167 966;13;0;2;1;21;1
202100018842;167 967;7;0;2;1;13;1
202100018843;167 964;1;0;2;1;1;5
202100018843;167 965;7;0;9;3;15;1
202100018844;167 962;1;0;2;1;15;5
202100018844;167 963;10;0;9;3;1;1
202100018845;167 960;7;0;2;3;9;1
202100018845;167 961;33;0;2;1;1;1
202100018846;167 957;7;0;2;1;5;1
202100018846;167 958;10;0;2;1;2;1
202100018846;167 959;7;0;2;1;2;1
202100018847;167 955;7;0;2;2;1;1
202100018847;167 956;7;0;2;3;16;1
202100018848;167 953;13;0;2;1;1;1
202100018848;167 954;7;3;2;1;5;1
202100018849;167 952;33;0;0;0;1;1
202100018850;167 950;33;0;2;1;1;1
202100018850;167 951;7;0;2;3;15;2
202100018851;167 949;7;0;1;2;1;0
202100018852;167 948;7;13;0;2;14;1
202100018853;167 947;7;16;0;9;1;1
202100018854;167 945;7;0;0;5;15;1
202100018854;167 946;33;0;2;3;21;1
202100018855;167 944;7;4;0;8;1;1
202100018856;167 943;33;10;0;0;1;1
202100018857;167 942;33;8;0;1;1;1
202100018858;167 940;17;0;2;1;1;1
202100018858;167 941;7;0;2;2;19;1
202100018859;167 938;7;0;2;1;1;1
202100018859;167 939;7;0;0;8;9;1
202100018860;167 936;7;0;2;3;21;1
202100018860;167 937;7;0;2;3;17;1
202100018861;167 935;17;0;0;8;1;1
202100018862;167 933;7;0;2;8;20;1
202100018862;167 934;1;0;2;7;17;5
202100018863;167 931;7;0;2;4;2;2
202100018863;167 932;10;0;2;1;2;1
202100018864;167 929;31;0;2;3;15;1
202100018864;167 930;7;0;2;2;1;1
202100018865;167 927;33;0;2;1;1;1
202100018865;167 928;38;0;2;5;15;1
202100018866;167 925;7;0;2;1;1;1
202100018866;167 926;7;0;2;1;15;1
202100018867;167 923;15;0;0;4;2;1
202100018867;167 924;7;0;2;1;2;1
202100018868;167 921;7;0;2;1;2;1
202100018868;167 922;7;0;2;4;2;1
202100018869;167 919;33;0;2;1;1;1
202100018869;167 920;7;0;2;2;15;1
202100018870;167 918;36;0;0;0;14;1
202100018871;167 916;1;13;0;0;2;5
202100018871;167 917;7;0;0;0;2;1
202100018872;167 915;2;1;0;2;2;1
202100018873;167 913;7;0;2;7;1;1
202100018873;167 914;10;0;2;3;15;1
202100018874;167 911;50;0;2;1;5;3
202100018874;167 912;7;0;9;1;1;1
202100018875;167 910;7;2;0;0;0;1
202100018876;167 908;7;0;2;3;1;0
202100018876;167 909;1;0;2;2;1;5
202100018877;167 907;2;0;0;0;0;1
202100018878;167 905;7;0;2;6;15;1
202100018878;167 906;33;0;2;1;17;1
202100018879;167 904;7;3;0;1;1;1
202100018880;167 902;1;0;2;1;1;5
202100018880;167 903;7;0;2;2;15;1
202100018881;167 900;7;0;2;7;14;1
202100018881;167 901;7;0;2;8;1;1
202100018882;167 895;7;0;2;4;1;1
202100018882;167 896;7;0;2;4;1;1
202100018882;167 897;7;0;2;1;1;1
202100018882;167 898;7;0;2;4;1;1
202100018882;167 899;7;0;2;4;1;1
202100018883;167 893;7;0;2;1;2;1
202100018883;167 894;7;0;2;4;1;2
202100018884;167 891;7;3;2;4;12;1
202100018884;167 892;33;3;2;1;3;1
202100018885;167 889;33;0;2;2;3;1
202100018885;167 890;7;0;2;7;12;1
202100018886;167 887;43;0;2;8;3;1
202100018886;167 888;7;0;2;2;14;1
202100018887;167 886;17;0;1;1;2;1
202100018888;167 885;17;0;1;1;2;1
202100018889;167 883;15;0;2;7;1;1
202100018889;167 884;10;0;2;1;13;1
202100018890;167 880;10;0;2;5;2;1
202100018890;167 881;7;0;2;6;2;1
202100018890;167 882;7;0;2;3;2;1
202100018891;167 878;10;0;2;4;2;1
202100018891;167 879;43;0;2;1;2;1
202100018892;167 877;50;0;0;7;1;3
202100018893;167 874;7;0;2;0;0;1
202100018893;167 875;7;0;2;4;2;1
202100018893;167 876;7;0;2;4;0;1
202100018894;167 872;7;0;2;4;2;1
202100018894;167 873;37;0;2;1;2;1
202100018895;167 869;7;0;2;4;1;1
202100018895;167 870;32;0;2;3;3;1
202100018895;167 871;7;0;2;2;1;1
202100018896;167 868;7;3;0;1;1;1
202100018897;167 867;7;2;0;3;13;1
202100018898;167 866;7;0;1;1;1;1
202100018899;167 865;7;0;1;2;26;1
202100018900;167 864;7;0;1;3;2;1
202100018901;167 863;7;0;1;7;1;1
202100018902;167 862;7;0;1;1;1;1
202100018903;167 854;7;0;2;1;1;1
202100018903;167 855;1;0;2;7;1;5
202100018904;167 852;30;0;2;2;26;1
202100018904;167 853;7;0;0;0;0;1
202100018905;167 851;7;0;1;1;1;1
202100018906;167 850;7;0;1;2;15;1
202100018907;167 848;7;0;2;2;16;1
202100018907;167 849;99;0;2;3;18;3
202100018908;167 846;7;0;2;6;0;1
202100018908;167 847;33;1;0;1;0;1
202100018909;167 843;10;0;2;3;2;1
202100018909;167 844;7;0;1;6;1;1
202100018909;167 845;7;0;2;2;2;1
202100018910;167 842;33;12;0;0;13;1
202100018911;167 841;33;0;0;0;1;1
202100018912;167 840;7;0;1;2;1;1
202100018913;167 838;33;0;2;1;1;1
202100018913;167 839;7;0;2;8;1;1
202100018914;167 836;7;0;0;6;1;1
202100018914;167 837;7;0;2;3;18;1
202100018915;167 834;7;0;9;8;26;1
202100018915;167 835;50;0;2;1;9;3
202100018916;167 832;2;0;2;1;0;1
202100018916;167 833;7;0;2;3;0;1
202100018917;167 831;30;13;0;0;14;1
202100018918;167 829;7;0;2;2;17;1
202100018918;167 830;7;0;2;3;15;1
202100018919;167 827;33;0;2;1;2;1
202100018919;167 828;33;0;2;4;2;1
202100018920;167 823;7;0;2;1;9;1
202100018920;167 824;33;0;2;2;1;1
202100018921;167 821;32;0;2;1;1;1
202100018921;167 822;7;0;2;7;20;1
202100018922;167 820;7;1;0;7;14;1
202100018923;167 818;31;0;2;1;1;1
202100018923;167 819;7;0;2;2;20;1
202100018924;167 817;7;0;1;4;20;1
202100018925;167 815;50;0;2;7;1;3
202100018925;167 816;7;0;2;1;19;1
202100018926;167 814;7;0;1;1;1;1
202100018927;167 812;7;0;2;3;1;1
202100018927;167 813;1;0;2;7;19;5
202100018928;167 810;7;0;2;1;1;1
202100018928;167 811;1;0;2;2;1;5
202100018929;167 808;1;0;2;1;1;5
202100018929;167 809;7;0;2;2;26;3
202100018930;167 806;1;0;2;0;19;5
202100018930;167 807;31;0;2;1;13;1
202100018931;167 804;31;0;2;1;15;1
202100018931;167 805;1;0;2;1;1;5
202100018932;167 802;7;0;2;7;1;1
202100018932;167 803;7;0;2;1;1;1
202100018933;167 800;33;0;2;1;1;1
202100018933;167 801;33;0;2;0;15;1
202100018934;167 799;7;0;1;1;1;1
202100018935;167 798;7;0;1;1;1;1
202100018936;167 796;2;0;2;1;1;1
202100018936;167 797;7;0;2;5;15;1
202100018937;167 794;1;0;2;4;2;5
202100018937;167 795;7;0;2;1;15;1
202100018938;167 792;14;0;2;1;9;1
202100018938;167 793;1;0;2;8;18;5
202100018939;167 790;7;0;2;1;2;1
202100018939;167 791;1;0;2;8;19;5
202100018940;167 789;7;0;1;1;16;1
202100018941;167 787;7;0;2;1;19;1
202100018941;167 788;7;0;2;7;1;1
202100018942;167 785;7;0;2;1;15;1
202100018942;167 786;1;0;2;1;9;5
202100018943;167 784;7;0;1;3;21;1
202100018944;167 782;7;0;2;3;1;1
202100018944;167 783;30;0;2;1;19;1
202100018945;167 780;1;8;2;3;1;5
202100018945;167 781;10;0;2;3;9;1
202100018946;167 777;7;1;0;1;14;1
202100018947;167 775;2;0;2;8;1;1
202100018947;167 776;7;0;9;2;15;1
202100018948;167 774;7;6;0;1;7;1
202100018949;167 773;7;0;1;2;2;1
202100018950;167 771;80;0;0;0;26;3
202100018950;167 772;7;0;0;0;26;1
202100018951;167 769;31;0;2;1;1;1
202100018951;167 770;7;0;2;5;15;1
202100018952;167 766;32;0;2;3;1;1
202100018952;167 767;7;0;2;3;15;1
202100018952;167 768;7;0;9;3;1;1
202100018953;167 765;33;4;0;3;13;1
202100018954;167 763;50;0;2;8;1;3
202100018954;167 764;7;0;2;1;1;1
202100018955;167 761;1;0;2;1;1;5
202100018955;167 762;7;0;2;7;15;1
202100018956;167 758;7;0;9;1;1;1
202100018956;167 759;7;0;2;7;23;1
202100018956;167 760;1;0;2;4;2;5
202100018957;167 756;7;0;2;8;14;1
202100018957;167 757;7;0;2;3;1;1
202100018958;167 754;7;0;2;2;24;1
202100018958;167 755;7;1;2;3;16;1
202100018959;167 752;7;0;2;3;1;1
202100018959;167 753;7;0;2;3;13;1
202100018960;167 750;7;0;2;1;15;1
202100018960;167 751;1;0;2;3;1;5
202100018961;167 747;7;0;2;1;1;1
202100018961;167 748;10;0;2;4;1;1
202100018961;167 749;7;0;2;4;1;1
202100018962;167 745;7;0;2;3;15;1
202100018962;167 746;30;0;2;2;17;1
202100018963;167 743;10;0;2;1;1;1
202100018963;167 744;50;0;2;7;19;3
202100018964;167 741;33;0;2;1;13;0
202100018964;167 742;7;0;0;0;1;1
202100018965;167 738;7;0;0;1;1;0
202100018965;167 739;7;0;0;4;23;1
202100018965;167 740;7;0;0;4;23;0
202100018966;167 736;7;0;2;4;23;1
202100018966;167 737;10;0;2;1;2;1
202100018967;167 734;7;0;2;1;3;1
202100018967;167 735;7;0;2;4;11;1
202100018968;167 733;30;0;0;1;13;1
202100018969;167 731;7;0;2;7;1;1
202100018969;167 732;7;0;2;1;15;1
202100018970;167 729;7;0;2;2;1;1
202100018970;167 730;10;0;2;1;19;1
202100018971;167 724;33;0;2;0;17;1
202100018971;167 725;33;0;2;1;2;1
202100018971;167 726;33;0;2;4;14;1
202100018972;167 722;33;0;2;0;0;1
202100018972;167 723;7;0;2;1;9;1
202100018973;167 720;7;0;2;3;16;1
202100018973;167 721;2;0;2;7;0;1
202100018974;167 718;31;0;2;1;1;1
202100018974;167 719;7;0;2;6;10;1
202100018975;167 716;10;0;2;6;10;1
202100018975;167 717;33;0;2;1;1;1
202100018976;167 714;7;0;2;1;1;1
202100018976;167 715;33;0;2;3;1;0
202100018977;167 712;7;0;0;3;1;1
202100018977;167 713;7;0;0;3;13;1
202100018978;167 711;33;12;0;2;1;1
202100018979;167 709;7;0;2;0;0;1
202100018979;167 710;1;0;2;0;0;5
202100018980;167 707;30;0;2;1;1;1
202100018980;167 708;7;0;2;7;1;1
202100018981;167 704;7;0;2;7;1;1
202100018981;167 705;7;0;2;7;1;1
202100018981;167 706;7;0;2;8;13;1
202100018982;167 701;7;0;2;2;5;1
202100018982;167 702;30;0;2;1;1;1
202100018982;167 703;30;0;2;9;1;1
202100018983;167 700;1;0;1;8;1;5
202100018984;167 698;30;0;2;1;13;1
202100018984;167 699;10;0;2;3;1;1
202100018985;167 696;7;0;2;3;13;1
202100018985;167 697;34;0;2;5;1;1
202100018986;167 694;7;0;2;7;15;1
202100018986;167 695;1;0;2;1;1;5
202100018987;167 693;7;0;1;2;1;1
202100018988;167 691;30;0;2;4;2;3
202100018988;167 692;30;0;2;2;2;3
202100018989;167 690;50;0;1;1;1;3
202100018990;167 688;7;0;2;1;10;1
202100018990;167 689;34;0;2;2;1;1
202100018991;167 686;33;0;2;1;1;1
202100018991;167 687;7;0;2;2;1;1
202100018992;167 684;10;0;2;8;15;1
202100018992;167 685;80;0;2;2;1;3
202100018993;167 682;10;0;2;6;2;1
202100018993;167 683;33;0;2;1;2;1
202100018994;167 681;7;0;1;1;1;1
202100018995;167 680;7;0;1;2;1;1
202100018996;167 678;10;0;2;0;16;1
202100018996;167 679;1;0;2;0;1;5
202100018997;167 677;7;0;1;2;1;1
202100018998;167 675;1;0;2;1;16;5
202100018998;167 676;1;0;2;1;1;5
202100018999;167 673;30;0;2;1;1;1
202100018999;167 674;7;0;2;2;1;1
202100019000;167 672;7;0;1;1;1;2
202100019001;167 671;34;0;1;1;1;0
202100019002;167 670;30;0;1;1;17;3
202100019003;167 668;7;0;2;1;15;1
202100019003;167 669;1;0;2;7;1;5
202100019004;167 666;50;0;2;7;1;3
202100019004;167 667;7;0;2;3;1;1
202100019005;167 664;10;0;2;8;1;1
202100019005;167 665;1;0;2;8;13;5
202100019006;167 663;50;0;0;7;14;3
202100019007;167 661;7;0;2;5;15;1
202100019007;167 662;33;0;2;1;1;1
202100019008;167 659;10;0;2;3;15;1
202100019008;167 660;32;0;2;7;17;1
202100019009;167 658;1;0;1;1;1;5
202100019010;167 657;7;0;1;1;1;0
202100019011;167 656;1;14;0;7;13;5
202100019012;167 654;1;0;2;1;1;5
202100019012;167 655;1;0;2;1;15;5
202100019013;167 652;7;0;2;1;1;1
202100019013;167 653;7;1;0;1;13;1
202100019014;167 650;7;0;2;4;2;1
202100019014;167 651;15;0;2;1;2;0
202100019015;167 648;7;0;2;2;15;1
202100019015;167 649;33;0;2;1;1;1
202100019016;167 647;7;0;1;1;1;1
202100019017;167 645;1;1;0;2;0;0
202100019017;167 646;10;0;2;3;24;1
202100019018;167 644;7;0;1;1;1;1
202100019019;167 643;7;0;1;2;2;1
202100019020;167 642;32;8;0;1;1;1
202100019021;167 638;13;0;2;0;0;1
202100019021;167 639;7;0;2;3;15;1
202100019022;167 636;7;0;2;3;26;1
202100019022;167 637;10;0;2;2;26;1
202100019023;167 634;1;0;2;2;25;5
202100019023;167 635;7;0;2;3;9;1
202100019024;167 632;40;0;2;1;1;3
202100019024;167 633;7;0;4;3;15;1
202100019025;167 631;30;0;0;1;1;1
202100019026;167 629;7;0;9;3;16;1
202100019026;167 630;99;0;2;2;1;0
202100019027;167 627;7;0;0;0;0;0
202100019027;167 628;33;0;2;1;0;0
202100019028;167 625;7;0;2;3;1;1
202100019028;167 626;32;0;2;1;1;1
202100019029;167 623;7;0;2;1;15;1
202100019029;167 624;1;0;2;7;1;5
202100019030;167 621;7;0;2;1;2;1
202100019030;167 622;31;0;2;4;1;1
202100019031;167 620;32;0;1;1;3;1
202100019032;167 618;3;0;2;7;2;0
202100019032;167 619;1;0;2;8;2;5
202100019033;167 617;2;0;1;1;1;1
202100019034;167 615;7;0;2;3;10;1
202100019034;167 616;32;0;2;3;2;1
202100019035;167 613;7;0;2;1;9;1
202100019035;167 614;33;0;2;2;1;1
202100019036;167 611;1;0;2;0;19;6
202100019036;167 612;7;0;2;1;15;3
202100019037;167 608;7;0;0;3;1;1
202100019037;167 609;10;0;0;3;1;1
202100019037;167 610;7;0;0;1;13;1
202100019038;167 607;2;0;0;7;1;1
202100019039;167 606;7;2;0;2;0;1
202100019040;167 604;7;0;2;3;18;1
202100019040;167 605;1;0;2;4;14;5
202100019041;167 602;33;0;2;1;13;1
202100019041;167 603;7;0;2;2;13;1
202100019042;167 600;7;0;2;3;1;1
202100019042;167 601;7;0;2;1;1;1
202100019043;167 598;10;0;2;2;1;1
202100019043;167 599;7;0;2;6;9;1
202100019044;167 596;7;0;1;1;1;1
202100019045;167 595;1;0;0;9;0;5
202100019046;167 594;2;6;0;2;1;1
202100019047;167 593;33;0;0;9;1;1
202100019048;167 591;7;0;2;8;1;1
202100019048;167 592;31;0;2;8;19;1
202100019049;167 590;33;0;0;1;1;1
202100019050;167 588;7;0;0;3;9;1
202100019050;167 589;2;0;0;1;17;1
202100019051;167 587;10;16;0;9;0;1
202100019052;167 585;15;0;2;4;0;1
202100019052;167 586;10;1;0;1;3;1
202100019053;167 583;33;0;2;1;13;1
202100019053;167 584;7;0;2;1;26;1
202100019054;167 582;10;6;0;1;1;1
202100019055;167 580;7;2;0;1;1;1
202100019056;167 579;33;3;0;2;1;1
202100019057;167 577;31;0;2;1;13;1
202100019057;167 578;7;0;2;3;1;1
202100019058;167 575;7;0;2;1;2;1
202100019058;167 576;7;0;0;4;1;1
202100019059;167 573;7;0;2;3;1;1
202100019059;167 574;1;0;2;2;1;5
202100019060;167 570;21;16;0;9;1;1
202100019061;167 568;7;3;2;1;1;1
202100019061;167 569;7;0;2;1;13;1
202100019062;167 567;10;2;0;3;1;1
202100019063;167 565;7;0;2;3;15;1
202100019063;167 566;7;13;2;8;17;1
202100019064;167 564;1;0;1;1;1;5
202100019065;167 563;7;0;1;4;20;1
202100019066;167 561;7;0;2;1;2;1
202100019066;167 562;7;0;0;4;15;1
202100019067;167 560;33;3;0;0;17;1
202100019068;167 558;7;0;2;2;1;1
202100019068;167 559;7;0;0;6;21;1
202100019069;167 556;7;0;0;7;10;1
202100019069;167 557;33;0;2;1;2;1
202100019070;167 554;31;0;2;7;17;1
202100019070;167 555;7;0;2;3;10;1
202100019071;167 552;10;0;0;5;23;1
202100019071;167 553;1;0;2;1;1;5
202100019072;167 551;7;13;0;0;0;1
202100019073;167 550;7;3;0;3;14;1
202100019074;167 548;7;0;2;1;1;1
202100019074;167 549;15;0;2;7;15;1
202100019075;167 547;10;16;0;9;1;1
202100019076;167 545;33;0;2;1;17;1
202100019076;167 546;7;0;2;8;15;1
202100019077;167 543;7;0;2;3;1;1
202100019077;167 544;31;0;2;1;1;1
202100019078;167 542;7;13;0;0;14;1
202100019079;167 540;7;9;0;3;1;1
202100019079;167 541;7;0;0;1;26;1
202100019080;167 538;7;0;2;7;15;1
202100019080;167 539;31;0;2;1;1;1
202100019081;167 535;33;0;2;5;3;1
202100019081;167 536;7;0;0;6;1;2
202100019081;167 537;10;0;2;6;1;1
202100019082;167 533;7;0;2;3;10;1
202100019082;167 534;7;0;2;1;1;1
202100019083;167 532;7;6;0;2;15;1
202100019084;167 530;7;0;2;3;1;1
202100019084;167 531;2;0;2;1;19;1
202100019085;167 528;7;0;2;1;13;1
202100019085;167 529;7;0;2;1;1;1
202100019086;167 527;7;2;0;1;1;1
202100019087;167 525;7;7;2;2;1;1
202100019087;167 526;7;0;2;5;4;1
202100019088;167 523;33;0;2;1;17;1
202100019088;167 524;7;0;0;6;15;1
202100019089;167 522;7;6;0;2;1;1
202100019090;167 520;7;0;2;2;15;1
202100019090;167 521;1;0;2;1;1;5
202100019091;167 518;2;0;2;1;1;1
202100019091;167 519;7;0;2;5;15;1
202100019092;167 516;7;7;0;7;19;1
202100019092;167 517;7;0;2;1;1;1
202100019093;167 513;7;0;2;2;17;1
202100019093;167 514;10;0;2;6;1;1
202100019093;167 515;1;0;2;8;2;5
202100019094;167 510;7;3;2;1;1;1
202100019094;167 511;7;0;2;8;1;1
202100019094;167 512;17;0;2;3;1;1
202100019095;167 505;7;0;0;6;1;1
202100019095;167 506;7;0;0;3;1;1
202100019095;167 507;10;0;0;8;1;1
202100019095;167 508;7;0;0;1;1;1
202100019096;167 503;15;0;2;2;1;0
202100019096;167 504;7;0;2;6;15;1
202100019097;167 501;10;0;2;1;1;1
202100019097;167 502;7;0;0;4;1;1
202100019098;167 498;7;0;2;4;2;2
202100019098;167 499;7;0;2;4;2;1
202100019098;167 500;7;0;2;1;2;1
202100019099;167 496;7;0;2;6;1;1
202100019099;167 497;7;0;2;2;1;1
202100019100;167 494;7;0;2;6;1;1
202100019100;167 495;7;0;2;9;1;1
202100019101;167 492;7;0;2;4;1;1
202100019101;167 493;10;0;2;1;1;1
202100019102;167 488;7;0;2;4;1;1
202100019102;167 489;7;0;2;4;1;1
202100019102;167 490;7;0;2;4;1;1
202100019102;167 491;7;0;2;1;1;1
202100019103;167 486;10;0;2;0;0;0
202100019103;167 487;32;0;2;8;1;1
202100019104;167 481;7;0;2;1;2;1
202100019104;167 482;7;0;2;4;1;1
202100019104;167 483;43;0;2;4;1;1
202100019104;167 484;7;0;2;4;2;1
202100019104;167 485;7;0;2;4;2;1
202100019105;167 479;7;0;2;4;1;1
202100019105;167 480;7;0;2;0;0;0
202100019106;167 477;33;0;2;1;1;1
202100019106;167 478;10;0;0;8;13;0
202100019107;167 475;7;0;2;1;2;1
202100019107;167 476;7;0;2;4;2;1
202100019108;167 474;10;4;0;1;14;1
202100019109;167 473;7;16;0;9;26;1
202100019110;167 471;33;0;2;1;1;1
202100019110;167 472;7;0;2;4;1;0
202100019111;167 463;7;0;2;4;2;1
202100019111;167 464;17;0;2;4;2;1
202100019111;167 465;7;0;2;4;2;1
202100019111;167 466;7;0;2;4;2;1
202100019111;167 467;7;0;2;4;2;1
202100019111;167 468;7;0;2;4;2;1
202100019111;167 469;7;0;2;4;2;1
202100019111;167 470;7;0;2;1;2;1
202100019112;167 462;7;0;0;9;1;1
202100019113;167 460;7;0;2;4;2;1
202100019113;167 461;7;0;2;1;2;1
202100019114;167 458;7;3;2;8;3;1
202100019114;167 459;7;0;2;2;12;1
202100019115;167 457;33;0;0;7;0;1
202100019116;167 456;7;4;0;0;0;1
202100019117;167 454;32;0;2;7;1;1
202100019117;167 455;7;0;2;8;11;1
202100019118;167 451;33;0;2;4;11;1
202100019118;167 452;7;0;2;0;1;1
202100019118;167 453;33;0;2;1;1;1
202100019119;167 449;7;0;2;3;11;1
202100019119;167 450;33;0;2;1;1;1
202100019120;167 448;33;4;2;7;21;1
202100019121;167 445;16;4;2;1;1;1
202100019121;167 446;17;4;2;1;1;1
202100019121;167 447;7;4;2;1;9;1
202100019122;167 444;7;4;0;3;21;1
202100019123;167 442;33;0;2;1;1;1
202100019123;167 443;7;0;2;4;1;2
202100019124;167 441;7;4;0;1;26;1
202100019125;167 439;10;0;2;4;23;1
202100019125;167 440;33;0;2;1;9;1
202100019126;167 435;33;0;2;1;3;1
202100019126;167 436;7;0;2;3;11;1
202100019126;167 437;7;0;2;5;1;1
202100019126;167 438;14;0;2;8;1;1
202100019127;167 434;17;13;0;9;14;1
202100019128;167 433;7;0;1;1;26;1
202100019129;167 432;1;0;1;1;1;5
202100019130;167 431;7;1;0;9;5;1
202100019131;167 430;7;0;1;4;4;1
202100019132;167 429;30;0;1;1;17;1
202100019133;167 427;7;0;2;0;0;1
202100019133;167 428;7;0;2;3;15;1
202100019134;167 425;50;0;2;1;1;3
202100019134;167 426;7;0;2;1;13;1
202100019135;167 424;7;1;0;2;2;1
202100019136;167 422;7;1;0;8;26;1
202100019136;167 423;7;0;2;5;24;1
202100019137;167 420;7;0;2;3;15;1
202100019137;167 421;2;0;2;8;1;1
202100019138;167 419;10;0;1;2;1;1
202100019139;167 417;7;0;2;8;15;1
202100019139;167 418;31;0;2;2;1;1
202100019140;167 415;7;0;2;4;26;1
202100019140;167 416;7;0;2;2;1;1
202100019141;167 414;10;0;1;8;1;1
202100019142;167 412;34;0;2;3;17;1
202100019142;167 413;7;0;2;3;0;1
202100019143;167 411;30;0;0;8;1;1
202100019144;167 409;7;0;2;1;1;1
202100019144;167 410;7;0;2;8;19;1
202100019145;167 406;7;0;2;3;15;1
202100019145;167 407;7;0;2;1;1;1
202100019145;167 408;7;0;2;0;23;1
202100019146;167 405;10;0;1;3;15;1
202100019147;167 403;32;0;2;8;1;1
202100019147;167 404;7;0;2;3;15;1
202100019148;167 401;33;0;2;1;15;1
202100019148;167 402;7;0;2;3;1;1
202100019149;167 399;7;0;9;3;1;1
202100019149;167 400;50;0;2;1;1;3
202100019150;167 397;7;0;2;1;15;1
202100019150;167 398;2;0;2;1;3;1
202100019151;167 396;30;0;1;4;1;0
202100019152;167 395;7;0;1;4;20;3
202100019153;167 393;7;0;2;3;15;1
202100019153;167 394;33;0;2;1;2;1
202100019154;167 391;7;0;2;1;9;1
202100019154;167 392;7;0;2;7;1;1
202100019155;167 389;31;0;0;0;1;1
202100019155;167 390;7;0;0;0;11;1
202100019156;167 387;10;0;2;2;0;1
202100019156;167 388;30;0;2;1;0;1
202100019157;167 386;10;0;1;1;1;1
202100019158;167 384;7;0;2;8;15;1
202100019158;167 385;30;0;2;3;17;1
202100019159;167 381;7;0;2;1;1;1
202100019159;167 382;7;0;2;3;1;1
202100019159;167 383;7;0;2;5;1;1
202100019160;167 379;10;0;2;3;1;1
202100019160;167 380;7;0;2;3;15;1
202100019161;167 377;7;0;2;3;15;1
202100019161;167 378;33;0;2;1;17;1
202100019162;167 376;21;4;0;1;1;1
202100019163;167 374;33;0;2;1;1;1
202100019163;167 375;7;0;2;2;15;1
202100019164;167 372;7;0;2;1;1;1
202100019164;167 373;7;0;2;7;9;1
202100019165;167 371;7;0;1;1;9;1
202100019166;167 369;7;0;2;2;19;1
202100019166;167 370;7;0;2;1;1;1
202100019167;167 367;7;0;2;1;1;1
202100019167;167 368;7;0;2;1;17;1
202100019168;167 366;7;0;1;1;1;1
202100019169;167 365;7;0;1;3;19;0
202100019170;167 364;7;6;0;1;1;1
202100019171;167 362;30;0;2;1;17;1
202100019171;167 363;99;9;2;6;11;1
202100019172;167 360;10;0;2;4;26;1
202100019172;167 361;7;0;2;1;26;1
202100019173;167 359;7;1;0;8;16;1
202100019174;167 358;7;8;0;1;14;1
202100019175;167 357;7;1;0;2;1;1
202100019176;167 355;40;0;2;1;1;3
202100019176;167 356;50;0;4;3;26;3
202100019177;167 354;31;0;1;1;1;0
202100019178;167 352;10;0;2;2;26;1
202100019178;167 353;1;0;2;1;1;5
202100019179;167 350;33;0;2;1;1;1
202100019179;167 351;7;0;2;7;15;1
202100019180;167 348;33;0;2;1;2;1
202100019180;167 349;7;0;2;4;2;1
202100019181;167 346;1;0;2;1;16;5