Num_Acc;id_vehicule;categorie_vehicule;obstacle_fixe;obstacle_mobile;point_choc_initial;manoeuvre_principale;motorisation
202100019571;166 648;33;0;0;1;1;1
202100019572;166 647;21;13;0;1;0;1
202100019573;166 645;7;0;2;3;15;1
202100019573;166 646;7;0;2;3;1;1
202100019574;166 644;7;14;0;1;1;1
202100019575;166 642;1;0;2;1;0;5
202100019575;166 643;7;0;2;3;0;1
202100019576;166 641;7;13;0;2;1;1
202100019577;166 640;36;0;0;8;10;1
202100019578;166 639;7;11;0;1;1;1
202100019579;166 637;7;0;2;1;1;0
202100019579;166 638;50;0;2;1;1;3
202100019580;166 636;33;0;0;0;1;1
202100019581;166 634;33;0;2;1;17;1
202100019581;166 635;7;0;0;8;15;1
202100019582;166 631;7;0;2;1;2;1
202100019582;166 632;7;0;0;4;1;1
202100019582;166 633;10;0;0;4;1;1
202100019583;166 628;7;0;2;1;1;1
202100019583;166 629;7;0;2;1;13;1
202100019584;166 625;7;1;0;2;15;1
202100019584;166 626;7;0;0;1;1;1
202100019584;166 627;7;0;0;3;23;1
202100019585;166 623;34;0;2;1;1;1
202100019585;166 624;7;0;2;1;1;1
202100019586;166 622;7;2;0;1;14;1
202100019587;166 620;33;0;2;3;1;1
202100019587;166 621;33;0;2;3;5;1
202100019588;166 617;2;0;2;1;2;1
202100019588;166 618;2;0;0;6;15;1
202100019588;166 619;2;0;0;6;15;1
202100019589;166 615;7;0;0;4;2;1
202100019589;166 616;7;0;2;8;0;1
202100019590;166 614;7;13;0;2;1;1
202100019591;166 613;7;2;0;1;13;1
202100019592;166 611;7;0;2;8;15;1
202100019592;166 612;33;0;2;1;1;1
202100019593;166 610;2;2;0;2;1;1
202100019594;166 608;7;0;2;1;1;1
202100019594;166 609;7;0;2;2;15;1
202100019595;166 607;1;13;0;1;1;5
202100019596;166 606;7;4;0;9;1;1
202100019597;166 604;33;0;2;1;1;1
202100019597;166 605;7;0;2;1;1;1
202100019598;166 603;2;14;0;0;0;1
202100019599;166 602;21;0;0;0;0;1
202100019600;166 600;15;0;0;3;15;1
202100019600;166 601;7;0;2;1;1;1
202100019601;166 598;7;0;2;1;2;1
202100019601;166 599;7;3;0;3;2;1
202100019602;166 596;7;3;2;3;1;1
202100019602;166 597;17;0;2;2;12;1
202100019603;166 594;33;0;2;4;2;1
202100019603;166 595;7;0;2;1;2;1
202100019604;166 592;7;0;2;4;2;1
202100019604;166 593;7;0;2;1;2;1
202100019605;166 590;7;0;2;9;18;1
202100019605;166 591;7;0;2;4;13;1
202100019606;166 588;33;0;2;8;3;1
202100019606;166 589;7;0;2;0;0;0
202100019607;166 587;3;0;1;1;15;1
202100019608;166 586;7;0;1;1;26;0
202100019609;166 585;7;0;1;3;1;1
202100019610;166 584;7;15;1;1;1;1
202100019611;166 583;7;0;1;0;1;
202100019612;166 581;7;0;2;3;15;1
202100019612;166 582;2;0;0;0;0;1
202100019613;166 580;2;0;0;0;13;1
202100019614;166 579;1;0;1;1;0;0
202100019615;166 577;2;0;2;1;1;1
202100019615;166 578;7;0;2;2;15;1
202100019616;166 575;2;0;2;1;1;1
202100019616;166 576;7;0;2;2;15;1
202100019617;166 573;7;0;2;4;1;1
202100019617;166 574;7;0;2;1;1;1
202100019618;166 571;7;0;2;1;1;0
202100019618;166 572;7;8;2;5;1;1
202100019619;166 569;37;0;2;1;1;1
202100019619;166 570;7;0;2;7;15;1
202100019620;166 568;7;12;2;6;1;1
202100019621;166 566;33;0;2;1;1;1
202100019621;166 567;7;0;2;8;1;1
202100019622;166 564;10;0;2;8;11;1
202100019622;166 565;30;0;2;1;1;1
202100019623;166 563;7;0;1;1;2;1
202100019624;166 561;33;0;2;1;1;1
202100019624;166 562;10;0;2;2;15;1
202100019625;166 560;7;4;0;1;26;1
202100019626;166 558;10;0;2;1;1;1
202100019626;166 559;10;3;2;4;2;1
202100019627;166 556;7;0;2;5;14;1
202100019627;166 557;7;0;2;8;1;1
202100019628;166 554;7;0;2;9;23;1
202100019628;166 555;7;0;2;3;0;1
202100019629;166 552;1;0;2;8;1;0
202100019629;166 553;7;0;2;1;15;1
202100019630;166 551;2;0;0;7;1;3
202100019631;166 549;99;0;2;1;1;1
202100019631;166 550;7;0;2;1;13;1
202100019632;166 547;2;0;2;1;1;1
202100019632;166 548;7;0;2;1;17;1
202100019633;166 546;30;0;1;1;21;1
202100019634;166 545;80;0;1;1;26;3
202100019635;166 544;7;0;1;1;1;1
202100019636;166 543;7;0;1;4;10;0
202100019637;166 542;1;0;1;1;1;5
202100019638;166 540;7;0;2;3;1;1
202100019638;166 541;7;1;2;3;1;1
202100019639;166 538;50;0;2;3;19;3
202100019639;166 539;7;0;9;2;16;1
202100019640;166 537;7;0;1;3;15;1
202100019641;166 536;33;0;1;1;1;1
202100019642;166 535;7;0;1;1;21;1
202100019643;166 533;7;0;2;3;15;1
202100019643;166 534;7;0;2;3;1;1
202100019644;166 531;17;0;2;2;0;1
202100019644;166 532;7;0;2;8;1;1
202100019645;166 529;7;13;2;1;17;1
202100019645;166 530;7;0;2;2;15;1
202100019646;166 527;14;0;2;7;10;1
202100019646;166 528;14;0;2;1;1;1
202100019647;166 525;7;0;0;0;0;1
202100019647;166 526;2;0;0;0;0;1
202100019648;166 524;30;3;0;8;1;1
202100019649;166 522;7;0;2;1;1;1
202100019649;166 523;7;0;2;4;1;1
202100019650;166 521;1;0;0;7;1;5
202100019651;166 518;7;0;2;2;1;1
202100019651;166 519;50;0;2;1;9;3
202100019652;166 516;7;0;2;3;20;1
202100019652;166 517;7;0;2;2;1;1
202100019653;166 514;34;0;2;7;16;1
202100019653;166 515;7;0;2;1;2;1
202100019654;166 512;10;0;2;3;1;1
202100019654;166 513;7;1;2;6;13;1
202100019655;166 510;50;0;2;1;19;3
202100019655;166 511;7;0;2;7;1;1
202100019656;166 509;7;0;1;1;1;0
202100019657;166 507;7;0;2;1;5;1
202100019657;166 508;7;0;2;1;17;1
202100019658;166 505;32;0;2;1;17;1
202100019658;166 506;7;0;2;8;10;1
202100019659;166 504;30;0;2;1;21;1
202100019660;166 503;7;0;1;1;1;1
202100019661;166 502;7;0;1;1;1;1
202100019662;166 501;7;8;0;1;1;1
202100019663;166 499;7;0;0;2;20;1
202100019663;166 500;1;0;0;1;1;5
202100019664;166 498;10;0;9;3;1;1
202100019665;166 497;7;0;1;2;1;1
202100019666;166 495;7;0;2;1;15;1
202100019666;166 496;7;0;2;1;1;1
202100019667;166 494;3;9;0;1;1;1
202100019668;166 493;7;0;1;1;1;1
202100019669;166 491;7;0;2;0;15;1
202100019669;166 492;30;0;2;2;2;3
202100019670;166 489;7;0;2;2;12;1
202100019670;166 490;50;0;2;3;1;3
202100019671;166 487;7;0;2;8;11;1
202100019671;166 488;31;0;2;2;1;1
202100019672;166 485;1;14;2;2;19;5
202100019672;166 486;10;0;2;1;1;0
202100019673;166 484;7;0;1;1;16;1
202100019674;166 480;7;0;2;7;1;1
202100019674;166 481;80;0;2;1;15;3
202100019675;166 479;7;1;0;1;13;1
202100019676;166 477;33;0;2;7;1;1
202100019676;166 478;7;0;2;6;23;3
202100019677;166 475;7;0;2;3;9;2
202100019677;166 476;33;0;2;5;1;1
202100019678;166 473;2;0;2;1;2;1
202100019678;166 474;7;0;2;4;2;1
202100019679;166 471;33;0;2;6;1;1
202100019679;166 472;7;0;2;0;12;1
202100019680;166 469;7;0;2;3;1;1
202100019680;166 470;33;0;2;3;15;1
202100019681;166 468;33;3;0;2;1;1
202100019682;166 465;7;7;2;1;1;1
202100019682;166 466;7;0;2;8;1;1
202100019682;166 467;7;0;2;8;1;1
202100019683;166 463;33;0;2;1;1;1
202100019683;166 464;7;0;2;8;15;1
202100019684;166 461;32;0;2;1;17;1
202100019684;166 462;7;0;2;3;1;1
202100019685;166 459;7;0;2;1;1;1
202100019685;166 460;7;0;2;4;1;1
202100019686;166 457;7;0;2;6;13;1
202100019686;166 458;33;0;2;1;1;1
202100019687;166 454;10;1;2;6;23;1
202100019687;166 455;7;0;2;3;1;1
202100019687;166 456;7;0;2;2;9;1
202100019688;166 452;7;0;2;2;1;1
202100019688;166 453;1;0;2;8;19;5
202100019689;166 451;7;8;0;1;13;1
202100019690;166 449;7;0;2;3;1;1
202100019690;166 450;7;0;2;1;19;1
202100019691;166 448;33;8;0;1;1;1
202100019692;166 446;7;0;2;1;0;1
202100019692;166 447;7;0;2;4;2;1
202100019693;166 445;2;0;0;8;2;1
202100019694;166 443;37;0;2;2;1;1
202100019694;166 444;50;0;2;8;1;3
202100019695;166 441;10;0;2;1;15;1
202100019695;166 442;2;0;2;1;1;1
202100019696;166 439;10;0;2;2;1;1
202100019696;166 440;2;0;2;7;13;1
202100019697;166 438;7;8;0;1;15;1
202100019698;166 437;3;0;1;1;15;1
202100019699;166 433;7;0;2;1;0;1
202100019699;166 434;7;0;2;0;0;1
202100019699;166 435;7;0;2;0;0;1
202100019699;166 436;7;0;2;4;0;1
202100019700;166 432;33;0;0;8;1;1
202100019701;166 430;7;0;2;6;2;1
202100019701;166 431;30;0;2;1;2;1
202100019702;166 428;7;0;0;5;0;1
202100019702;166 429;7;0;2;1;2;0
202100019703;166 426;50;0;2;8;26;3
202100019703;166 427;7;0;2;1;13;0
202100019704;166 423;7;0;2;2;15;6
202100019704;166 424;7;0;2;1;0;1
202100019704;166 425;7;0;2;1;10;6
202100019705;166 421;7;0;9;3;9;1
202100019705;166 422;60;0;2;1;9;5
202100019706;166 419;7;0;2;7;15;1
202100019706;166 420;2;0;2;3;19;1
202100019707;166 417;33;0;2;1;2;1
202100019707;166 418;7;0;2;4;15;1
202100019708;166 415;7;0;2;4;2;1
202100019708;166 416;2;0;2;1;2;1
202100019709;166 413;7;0;2;3;15;1
202100019709;166 414;33;0;2;7;17;1
202100019710;166 410;7;0;2;1;2;1
202100019710;166 411;7;0;2;3;26;1
202100019710;166 412;7;0;2;3;5;1
202100019711;166 409;33;0;2;0;21;1
202100019712;166 407;10;0;2;1;1;1
202100019712;166 408;7;0;2;7;1;1
202100019713;166 405;7;0;2;1;1;1
202100019713;166 406;31;0;2;1;5;1
202100019714;166 402;10;0;1;4;4;3
202100019715;166 400;1;0;2;3;1;5
202100019715;166 401;7;0;9;3;9;1
202100019716;166 398;7;0;2;1;15;1
202100019716;166 399;2;0;2;1;1;1
202100019717;166 396;30;0;2;2;1;1
202100019717;166 397;7;0;2;3;15;3
202100019718;166 394;1;0;2;6;1;5
202100019718;166 395;33;0;2;2;15;1
202100019719;166 392;30;0;2;1;1;1
202100019719;166 393;7;0;2;8;9;1
202100019720;166 391;32;0;1;2;17;1
202100019721;166 390;7;0;1;2;1;1
202100019722;166 388;10;0;2;0;10;1
202100019722;166 389;32;0;2;2;17;1
202100019723;166 386;33;0;2;1;1;1
202100019723;166 387;7;0;2;2;15;1
202100019724;166 384;50;0;2;7;1;3
202100019724;166 385;7;0;2;8;22;3
202100019725;166 382;10;0;2;2;16;1
202100019725;166 383;1;0;2;1;1;5
202100019726;166 381;80;0;1;1;1;3
202100019727;166 380;50;0;1;1;25;3
202100019728;166 379;30;0;0;0;1;1
202100019729;166 378;50;0;1;1;1;3
202100019730;166 377;32;0;1;1;1;1
202100019731;166 375;30;0;2;3;2;1
202100019731;166 376;7;0;2;0;2;0
202100019732;166 374;1;0;1;7;1;5
202100019733;166 372;7;0;2;2;1;1
202100019733;166 373;60;0;2;1;19;5
202100019734;166 371;7;0;1;2;1;1
202100019735;166 369;7;0;2;2;1;2
202100019735;166 370;32;0;2;1;1;1
202100019736;166 368;1;0;1;1;1;5
202100019737;166 366;14;0;2;1;2;1
202100019737;166 367;7;0;2;4;2;2
202100019738;166 364;7;0;2;1;16;0
202100019738;166 365;34;0;2;7;2;1
202100019739;166 362;7;0;9;2;15;1
202100019739;166 363;1;0;2;8;1;5
202100019740;166 359;7;0;2;4;2;1
202100019740;166 360;7;0;2;4;2;1
202100019740;166 361;10;0;2;1;2;1
202100019741;166 357;7;0;2;3;19;1
202100019741;166 358;1;0;2;1;19;5
202100019742;166 356;10;0;0;2;1;1
202100019743;166 355;34;0;0;0;2;1
202100019744;166 353;7;1;0;2;1;1
202100019744;166 354;13;1;0;5;23;1
202100019745;166 351;7;0;2;3;11;1
202100019745;166 352;33;0;2;1;2;1
202100019746;166 347;7;0;2;1;1;1
202100019746;166 348;2;0;2;1;9;1
202100019747;166 345;7;0;2;1;1;1
202100019747;166 346;50;0;2;1;1;3
202100019748;166 343;7;0;2;3;13;0
202100019748;166 344;7;0;2;1;0;0
202100019749;166 341;30;0;2;7;1;1
202100019749;166 342;7;0;2;3;1;0
202100019750;166 340;7;14;0;1;19;0
202100019751;166 338;7;0;2;2;9;2
202100019751;166 339;32;0;2;3;1;1
202100019752;166 336;7;0;2;3;9;2
202100019752;166 337;43;0;2;1;1;1
202100019753;166 334;7;0;2;0;0;1
202100019753;166 335;1;1;0;0;0;0
202100019754;166 333;7;9;1;3;9;0
202100019755;166 331;32;0;2;8;1;1
202100019755;166 332;7;0;2;7;12;1
202100019756;166 330;14;0;0;9;4;1
202100019757;166 328;7;0;2;2;0;1
202100019757;166 329;33;0;0;1;0;1
202100019758;166 326;7;0;2;1;2;1
202100019758;166 327;7;4;0;1;23;1
202100019759;166 325;7;6;0;3;1;1
202100019760;166 323;1;0;0;8;2;6
202100019760;166 324;7;0;9;7;2;2
202100019761;166 322;2;11;0;1;1;1
202100019762;166 321;7;5;0;1;1;1
202100019763;166 320;10;6;0;1;1;1
202100019764;166 319;7;13;0;3;1;1
202100019765;166 317;7;0;2;2;15;1
202100019765;166 318;2;0;2;1;1;1
202100019766;166 315;7;0;2;3;1;1
202100019766;166 316;7;0;2;3;1;1
202100019767;166 314;7;2;0;1;1;1
202100019768;166 312;10;0;2;7;17;1
202100019768;166 313;1;0;2;4;2;5
202100019769;166 310;1;0;9;3;13;5
202100019769;166 311;7;0;2;3;1;1
202100019770;166 308;31;0;2;8;1;1
202100019770;166 309;7;0;2;8;1;1
202100019771;166 306;31;0;2;1;1;1
202100019771;166 307;7;0;2;1;13;1
202100019772;166 305;7;2;0;7;1;1
202100019773;166 304;7;8;0;1;2;1
202100019774;166 300;7;0;2;3;16;1
202100019774;166 301;7;0;2;2;1;1
202100019775;166 299;33;0;0;0;1;1
202100019776;166 298;7;16;0;1;1;1
202100019777;166 296;33;0;2;2;17;1
202100019777;166 297;7;0;2;6;17;1
202100019778;166 294;7;0;2;1;1;1
202100019778;166 295;7;0;2;1;5;1
202100019779;166 292;7;0;2;1;13;1
202100019779;166 293;7;0;2;1;1;1
202100019780;166 290;13;6;0;1;1;1
202100019781;166 289;7;6;0;2;1;1
202100019782;166 286;31;0;2;1;13;1
202100019782;166 287;33;0;2;1;13;1
202100019782;166 288;7;0;2;1;1;1
202100019783;166 284;7;0;2;3;1;1
202100019783;166 285;7;0;2;3;17;1
202100019784;166 283;33;13;0;8;1;1
202100019785;166 282;7;0;6;1;21;1
202100019786;166 281;7;0;0;9;21;1
202100019787;166 278;1;0;2;1;1;5
202100019787;166 279;10;0;2;2;13;1
202100019788;166 277;7;6;0;1;0;1
202100019789;166 275;33;0;2;1;1;1
202100019789;166 276;7;0;2;3;26;1
202100019790;166 274;7;3;0;9;14;1
202100019791;166 273;33;0;0;1;16;1
202100019792;166 270;31;0;2;3;13;1
202100019792;166 271;7;0;2;8;1;1
202100019792;166 272;7;0;2;3;1;1
202100019793;166 269;33;12;9;6;1;0
202100019794;166 268;33;12;0;0;0;1
202100019795;166 267;7;12;0;1;2;1
202100019796;166 265;7;0;2;3;1;1
202100019796;166 266;10;0;2;3;1;1
202100019797;166 263;80;0;2;7;1;3
202100019797;166 264;7;0;2;3;15;1
202100019798;166 262;7;2;0;1;1;1
202100019799;166 259;7;0;2;3;23;1
202100019799;166 260;33;0;2;1;0;1
202100019799;166 261;7;0;2;7;15;1
202100019800;166 257;7;0;2;2;1;1
202100019800;166 258;33;0;2;8;19;1
202100019801;166 255;1;0;0;0;1;5
202100019801;166 256;33;0;9;1;1;1
202100019802;166 253;7;7;2;1;1;1
202100019802;166 254;7;0;2;1;19;1
202100019803;166 251;7;3;2;1;1;1
202100019803;166 252;7;3;2;7;13;1
202100019804;166 249;34;0;2;8;1;1
202100019804;166 250;7;0;2;7;12;1
202100019805;166 248;31;5;0;1;1;1
202100019806;166 245;7;0;2;4;2;2
202100019806;166 246;7;0;2;1;1;1
202100019806;166 247;10;0;2;4;1;1
202100019807;166 243;10;0;2;1;2;1
202100019807;166 244;7;0;2;4;2;1
202100019808;166 241;7;0;2;6;11;1
202100019808;166 242;33;0;2;2;17;1
202100019809;166 239;32;5;2;9;1;1
202100019809;166 240;10;0;2;7;14;1
202100019810;166 236;7;0;2;1;2;1
202100019810;166 237;7;0;2;4;2;1
202100019810;166 238;7;0;2;4;2;1
202100019811;166 234;7;0;2;4;2;1
202100019811;166 235;15;0;2;4;0;1
202100019812;166 231;10;0;2;1;1;1
202100019812;166 232;7;0;2;4;2;1
202100019812;166 233;10;0;2;4;2;1
202100019813;166 229;34;0;2;8;18;0
202100019813;166 230;7;0;0;2;0;1
202100019814;166 228;34;0;5;7;21;1
202100019815;166 226;31;0;2;1;3;1
202100019815;166 227;10;0;2;6;11;1
202100019816;166 224;7;0;2;4;2;1
202100019816;166 225;7;0;2;1;2;1
202100019817;166 221;33;0;2;7;3;1
202100019817;166 222;10;0;2;8;11;1
202100019817;166 223;7;0;0;4;1;1
202100019818;166 220;33;0;0;1;1;1
202100019819;166 218;34;0;2;4;0;0
202100019819;166 219;7;0;2;2;0;0
202100019820;166 217;33;3;0;0;1;1
202100019821;166 214;7;0;2;4;1;1
202100019821;166 215;10;0;2;1;1;0
202100019821;166 216;7;0;2;4;1;1
202100019822;166 212;33;0;2;8;3;1
202100019822;166 213;7;0;2;8;1;1
202100019823;166 205;7;0;2;4;2;1
202100019823;166 206;7;0;2;6;2;2
202100019823;166 207;7;0;2;5;2;1
202100019823;166 208;7;0;2;3;2;1
202100019823;166 209;7;0;2;1;2;1
202100019823;166 210;7;0;2;4;2;1
202100019823;166 211;7;0;2;4;2;1
202100019824;166 203;10;0;2;4;14;1
202100019824;166 204;31;0;2;1;3;1
202100019825;166 199;10;0;2;4;2;1
202100019825;166 200;7;0;2;4;2;1
202100019825;166 201;7;0;2;3;2;1
202100019825;166 202;7;0;2;5;2;1
202100019826;166 198;30;0;1;0;1;0
202100019827;166 194;7;0;2;3;15;1
202100019827;166 195;1;0;2;8;1;5
202100019828;166 192;7;0;2;4;0;1
202100019828;166 193;1;0;2;1;0;5
202100019829;166 191;7;0;1;2;15;1
202100019830;166 189;30;0;2;1;16;1
202100019830;166 190;7;0;2;1;15;1
202100019831;166 187;1;1;2;7;26;5
202100019831;166 188;7;1;2;3;14;1
202100019832;166 185;7;0;2;1;1;1
202100019832;166 186;2;0;2;8;15;1
202100019833;166 183;2;0;2;7;1;1
202100019833;166 184;7;0;2;1;1;1
202100019834;166 181;50;0;2;3;12;3
202100019834;166 182;7;0;9;3;1;1
202100019835;166 179;7;0;2;1;5;1
202100019835;166 180;7;0;2;1;1;1
202100019836;166 177;40;0;2;1;19;3
202100019836;166 178;7;8;4;3;1;1
202100019837;166 175;34;0;2;2;17;1
202100019837;166 176;7;0;2;3;15;1
202100019838;166 174;7;0;1;1;0;0
202100019839;166 173;7;1;0;1;0;1
202100019840;166 172;7;0;1;2;1;0
202100019841;166 169;7;0;0;4;2;1
202100019841;166 170;7;0;2;1;9;1
202100019841;166 171;38;0;0;0;0;1
202100019842;166 168;3;0;1;0;1;0
202100019843;166 167;2;8;0;1;1;1
202100019844;166 166;7;0;1;1;1;1
202100019845;166 165;7;0;1;1;21;1
202100019846;166 163;33;0;2;1;1;1
202100019846;166 164;7;0;2;8;9;1
202100019847;166 161;7;0;2;1;23;1
202100019847;166 162;10;0;1;1;2;1
202100019848;166 159;30;0;2;0;18;1
202100019848;166 160;10;0;2;2;20;1
202100019849;166 157;7;0;2;1;2;1
202100019849;166 158;2;0;2;4;2;1
202100019850;166 155;7;0;2;1;1;1
202100019850;166 156;7;0;0;0;0;6
202100019851;166 154;7;2;0;1;8;1
202100019852;166 152;33;0;2;4;1;1
202100019852;166 153;7;0;2;2;15;1
202100019853;166 150;7;0;2;1;15;0
202100019853;166 151;33;0;2;1;21;6
202100019854;166 149;7;0;1;2;1;1
202100019855;166 147;1;0;2;1;13;6
202100019855;166 148;10;1;9;2;16;1
202100019856;166 146;10;0;1;1;1;1
202100019857;166 145;7;0;1;7;1;1
202100019858;166 144;50;0;0;1;1;3
202100019859;166 143;10;0;1;3;18;1
202100019860;166 141;7;0;2;3;1;1
202100019860;166 142;7;0;2;1;1;1
202100019861;166 139;7;0;2;4;1;2
202100019861;166 140;2;0;2;1;1;1
202100019862;166 137;2;0;2;1;1;1
202100019862;166 138;7;0;2;7;15;1
202100019863;166 136;7;0;1;1;16;1
202100019864;166 134;7;0;2;1;1;1
202100019864;166 135;7;0;2;7;9;1
202100019865;166 132;3;0;2;3;2;3
202100019865;166 133;7;0;2;4;15;1
202100019866;166 131;7;0;0;9;26;1
202100019867;166 129;1;0;2;7;1;5
202100019867;166 130;7;0;2;2;26;1
202100019868;166 128;2;6;0;0;26;1
202100019869;166 126;7;0;2;3;9;1
202100019869;166 127;2;0;2;7;16;1
202100019870;166 123;7;0;2;4;1;1
202100019870;166 124;7;0;2;4;1;1
202100019870;166 125;7;0;2;1;1;1
202100019871;166 121;10;0;9;1;1;1
202100019871;166 122;1;0;2;1;1;5
202100019872;166 119;32;0;2;1;1;1
202100019872;166 120;7;0;2;7;10;1
202100019873;166 117;7;0;2;6;15;1
202100019873;166 118;32;0;2;1;2;1
202100019874;166 115;2;0;2;1;26;3
202100019874;166 116;7;0;2;0;0;1
202100019875;166 113;7;0;2;3;1;1
202100019875;166 114;1;0;2;3;1;5
202100019876;166 112;10;0;1;2;16;1
202100019877;166 111;7;0;1;1;26;1
202100019878;166 109;1;0;2;1;19;5
202100019878;166 110;10;0;2;1;1;1
202100019879;166 106;33;0;2;3;1;1
202100019879;166 107;7;0;2;3;15;2
202100019880;166 098;33;1;2;2;1;1
202100019880;166 099;7;1;0;1;9;1
202100019881;166 096;7;0;1;1;1;1
202100019882;166 094;30;0;2;1;13;1
202100019882;166 095;7;0;2;1;1;1
202100019883;166 093;7;0;1;1;1;1
202100019884;166 089;1;0;2;0;13;0
202100019884;166 090;7;0;9;1;26;1
202100019885;166 087;37;0;2;2;16;1
202100019885;166 088;1;0;2;1;1;5
202100019886;166 085;7;0;0;4;23;1
202100019886;166 086;31;0;2;1;2;1
202100019887;166 083;32;0;0;0;0;1
202100019887;166 084;3;0;0;0;0;1
202100019888;166 081;7;0;2;2;15;1
202100019888;166 082;32;0;2;2;0;1
202100019889;166 079;33;0;2;1;13;1
202100019889;166 080;7;0;2;3;1;1
202100019890;166 078;7;0;1;1;1;1
202100019891;166 077;3;8;1;2;26;0
202100019892;166 075;7;0;2;1;1;1
202100019892;166 076;7;0;2;4;2;1
202100019893;166 073;7;0;2;1;2;1
202100019893;166 074;7;0;2;4;2;1
202100019894;166 072;30;8;1;1;12;1
202100019895;166 070;33;0;2;1;2;1
202100019895;166 071;7;16;0;3;10;1
202100019896;166 068;10;0;0;5;1;1
202100019896;166 069;33;0;2;3;21;1
202100019897;166 067;7;3;0;1;14;1
202100019898;166 065;80;0;2;7;1;3
202100019898;166 066;10;0;2;8;22;1
202100019899;166 063;1;0;2;4;2;5
202100019899;166 064;7;0;2;2;2;1
202100019900;166 059;7;0;2;1;1;2
202100019900;166 060;7;0;2;4;1;1
202100019900;166 061;7;0;2;5;1;1
202100019900;166 062;7;0;2;5;24;1
202100019901;166 057;7;0;2;7;1;1
202100019901;166 058;7;0;2;2;5;1
202100019902;166 056;80;12;0;2;12;3
202100019903;166 054;1;0;2;0;1;5
202100019903;166 055;13;0;2;0;13;1
202100019904;166 053;30;0;0;0;21;3
202100019905;166 050;7;0;2;3;2;1
202100019905;166 051;32;0;2;4;23;1
202100019905;166 052;7;0;2;4;23;1
202100019906;166 048;10;0;2;4;12;1
202100019906;166 049;33;0;2;1;1;1
202100019907;166 046;7;0;2;1;1;1
202100019907;166 047;7;0;2;6;11;0
202100019908;166 044;10;0;2;3;11;1
202100019908;166 045;32;0;2;2;1;1
202100019909;166 043;32;0;0;0;1;1
202100019910;166 041;80;8;2;7;17;3
202100019910;166 042;80;8;2;8;13;3
202100019911;166 040;32;0;1;7;21;1
202100019912;166 038;7;0;2;4;1;1
202100019912;166 039;7;0;2;1;2;1
202100019913;166 036;7;14;2;1;16;1
202100019913;166 037;7;1;2;1;17;1
202100019914;166 034;80;0;2;5;1;3
202100019914;166 035;7;0;2;3;1;1
202100019915;166 033;7;0;1;7;1;1
202100019916;166 032;37;0;1;1;1;1
202100019917;166 030;15;0;2;2;1;1
202100019917;166 031;7;0;2;8;9;1
202100019918;166 029;7;0;1;1;1;1
202100019919;166 028;32;0;0;3;26;1
202100019920;166 026;34;0;2;2;17;1
202100019920;166 027;7;0;0;0;0;0
202100019921;166 023;7;0;2;3;9;1
202100019921;166 024;32;0;2;1;17;1
202100019921;166 025;7;0;2;1;5;1
202100019922;166 021;7;0;2;7;1;1
202100019922;166 022;7;0;2;3;1;1
202100019923;166 019;7;0;2;3;19;1
202100019923;166 020;7;0;2;8;15;1
202100019924;166 018;7;0;1;2;1;1
202100019925;166 015;7;0;2;8;0;1
202100019925;166 016;7;8;2;7;0;2
202100019925;166 017;7;0;2;8;11;1
202100019926;166 014;7;1;1;1;1;0
202100019927;166 012;31;0;2;1;1;1
202100019927;166 013;7;0;2;2;15;1
202100019928;166 010;30;0;2;3;9;0
202100019928;166 011;7;0;2;0;9;0
202100019929;166 009;1;0;1;2;1;5
202100019930;166 007;33;0;2;2;17;1
202100019930;166 008;7;0;2;3;15;1
202100019931;166 005;7;0;2;2;1;1
202100019931;166 006;10;0;2;2;9;1
202100019932;166 004;32;0;0;8;26;1
202100019933;166 003;30;0;1;1;1;1
202100019934;166 001;7;0;2;3;9;1
202100019934;166 002;30;1;2;2;17;1
202100019935;165 999;32;0;2;7;17;1
202100019935;166 000;7;0;2;1;15;1
202100019936;165 997;7;8;2;3;0;1
202100019936;165 998;7;8;2;1;0;1
202100019937;165 995;7;0;2;3;13;1
202100019937;165 996;7;0;2;3;1;1
202100019938;165 993;7;0;2;3;1;1
202100019938;165 994;7;0;2;1;13;1
202100019939;165 991;10;0;2;1;1;1
202100019939;165 992;7;0;2;8;15;1
202100019940;165 989;7;0;2;1;1;1
202100019940;165 990;7;0;2;1;13;1
202100019941;165 987;10;0;9;3;13;1
202100019941;165 988;1;0;2;1;1;5
202100019942;165 986;7;2;0;1;1;1
202100019943;165 984;7;0;2;8;1;1
202100019943;165 985;7;0;2;1;0;1
202100019944;165 982;7;0;2;3;1;1
202100019944;165 983;7;0;2;2;15;1
202100019945;165 981;7;4;0;1;2;1
202100019946;165 979;14;0;2;1;1;1
202100019946;165 980;7;0;2;4;1;1
202100019947;165 978;7;0;1;2;1;1
202100019948;165 977;33;13;0;1;1;1
202100019949;165 976;33;13;0;1;14;1
202100019950;165 974;1;0;2;1;0;5
202100019950;165 975;7;0;2;1;1;1
202100019951;165 972;33;0;2;1;1;1
202100019951;165 973;7;0;2;3;15;1
202100019952;165 970;7;0;2;2;1;1
202100019952;165 971;7;0;2;3;1;1
202100019953;165 969;7;2;0;1;1;1
202100019954;165 966;7;0;2;1;1;1
202100019954;165 967;7;0;2;3;1;1
202100019954;165 968;10;0;2;3;5;1
202100019955;165 965;33;3;0;9;1;1
202100019956;165 964;33;3;0;0;1;1
202100019957;165 961;7;0;2;1;1;1
202100019957;165 962;7;0;2;1;13;1
202100019957;165 963;7;0;2;1;2;2
202100019958;165 960;7;6;0;1;0;1
202100019959;165 959;2;0;0;7;1;1
202100019960;165 955;7;0;2;1;1;1
202100019960;165 956;7;0;2;3;1;1
202100019960;165 957;7;0;2;1;13;1
202100019961;165 953;7;0;2;8;1;1
202100019961;165 954;2;0;2;7;15;1
202100019962;165 951;31;0;2;3;1;1