Num_Acc;id_vehicule;categorie_vehicule;obstacle_fixe;obstacle_mobile;point_choc_initial;manoeuvre_principale;motorisation
202100019962;165 952;7;0;2;3;1;3
202100019963;165 950;33;13;0;1;11;1
202100019964;165 949;1;9;0;1;1;5
202100019965;165 947;7;2;2;8;13;1
202100019965;165 948;33;0;2;1;1;1
202100019966;165 946;21;0;0;9;1;1
202100019967;165 944;7;0;2;1;1;1
202100019967;165 945;7;0;2;1;13;1
202100019968;165 943;10;2;0;2;14;1
202100019969;165 941;7;0;2;3;13;1
202100019969;165 942;7;0;2;3;1;0
202100019970;165 939;7;0;2;1;1;1
202100019970;165 940;7;0;2;1;13;1
202100019971;165 937;31;0;0;3;21;1
202100019971;165 938;7;0;0;0;15;1
202100019972;165 935;7;0;2;2;1;1
202100019972;165 936;7;0;2;2;15;1
202100019973;165 931;7;0;2;1;17;1
202100019973;165 932;7;0;2;2;1;1
202100019974;165 929;2;0;2;7;1;1
202100019974;165 930;7;0;2;2;9;2
202100019975;165 927;17;0;2;2;12;1
202100019975;165 928;7;0;0;8;1;1
202100019976;165 926;7;0;1;3;1;2
202100019977;165 925;2;13;0;2;0;1
202100019978;165 923;7;0;0;0;15;0
202100019978;165 924;36;3;0;2;1;1
202100019979;165 918;7;0;0;0;23;0
202100019979;165 919;7;0;2;1;23;0
202100019979;165 920;7;0;0;0;23;0
202100019979;165 921;7;1;2;1;1;0
202100019979;165 922;7;0;0;4;23;0
202100019980;165 916;10;0;0;6;24;1
202100019980;165 917;17;0;2;5;21;1
202100019981;165 915;17;3;0;7;14;1
202100019982;165 914;10;13;0;0;14;1
202100019983;165 912;7;0;2;2;5;1
202100019983;165 913;33;0;2;1;1;1
202100019984;165 910;7;0;2;1;2;1
202100019984;165 911;10;0;2;4;2;1
202100019985;165 908;7;0;0;0;15;1
202100019985;165 909;2;8;0;1;1;1
202100019986;165 907;33;3;0;8;1;1
202100019987;165 906;10;0;0;7;26;1
202100019988;165 904;31;0;2;0;1;1
202100019988;165 905;7;0;2;1;12;1
202100019989;165 902;10;7;2;1;1;1
202100019989;165 903;7;0;2;8;9;1
202100019990;165 900;7;4;2;4;2;1
202100019990;165 901;7;0;2;1;2;1
202100019991;165 898;2;0;0;1;1;1
202100019992;165 896;10;0;2;2;15;1
202100019992;165 897;7;0;2;1;1;1
202100019993;165 895;10;0;1;2;1;1
202100019994;165 893;7;0;1;4;4;1
202100019995;165 892;33;11;9;1;1;1
202100019996;165 889;33;0;2;4;23;1
202100019996;165 890;7;0;0;6;1;1
202100019996;165 891;31;0;2;9;17;1
202100019997;165 888;31;0;0;0;0;1
202100019998;165 887;7;8;0;1;0;1
202100019999;165 886;10;2;0;1;15;1
202100020000;165 884;43;0;2;1;17;1
202100020000;165 885;7;0;9;6;15;1
202100020001;165 882;30;0;0;1;15;1
202100020001;165 883;7;0;0;2;17;1
202100020002;165 881;7;13;0;3;1;1
202100020003;165 879;7;0;2;1;1;1
202100020003;165 880;7;0;2;2;26;1
202100020004;165 877;21;0;2;1;1;1
202100020004;165 878;7;0;2;4;1;1
202100020005;165 876;7;0;1;3;1;1
202100020006;165 875;33;0;0;8;3;1
202100020007;165 871;10;0;2;1;2;3
202100020007;165 872;10;0;2;4;2;1
202100020007;165 873;7;0;2;4;2;1
202100020007;165 874;7;0;2;4;2;1
202100020008;165 866;7;0;2;1;1;1
202100020008;165 867;7;0;2;1;1;1
202100020008;165 868;7;0;2;1;1;1
202100020008;165 869;7;0;2;4;1;1
202100020008;165 870;7;0;2;1;1;1
202100020009;165 864;10;13;2;9;18;1
202100020009;165 865;7;0;2;4;1;1
202100020010;165 862;7;0;2;1;2;1
202100020010;165 863;7;0;2;4;2;1
202100020011;165 859;7;0;2;1;2;1
202100020011;165 860;7;0;2;4;2;1
202100020011;165 861;10;0;2;4;2;1
202100020012;165 856;7;0;2;7;1;1
202100020012;165 857;34;0;2;8;3;1
202100020012;165 858;7;0;2;4;1;1
202100020013;165 854;10;0;2;8;11;1
202100020013;165 855;33;0;2;2;3;1
202100020014;165 852;7;0;2;1;2;1
202100020014;165 853;7;0;2;1;2;1
202100020015;165 850;33;0;2;8;3;1
202100020015;165 851;7;0;2;7;12;1
202100020016;165 848;7;0;2;4;2;1
202100020016;165 849;15;0;2;1;23;1
202100020017;165 847;7;4;0;1;1;1
202100020018;165 846;33;16;0;0;2;1
202100020019;165 843;7;0;2;1;12;1
202100020019;165 844;7;0;2;4;0;1
202100020019;165 845;7;0;2;4;2;1
202100020020;165 840;7;0;2;5;2;1
202100020020;165 841;7;0;2;4;2;1
202100020020;165 842;7;0;2;1;1;1
202100020021;165 838;10;0;2;4;2;1
202100020021;165 839;7;4;2;4;2;1
202100020022;165 836;7;0;2;4;1;1
202100020022;165 837;7;0;2;1;1;1
202100020023;165 834;17;0;2;1;1;1
202100020023;165 835;14;0;2;4;1;1
202100020024;165 831;7;0;2;4;2;1
202100020024;165 832;7;0;2;1;1;1
202100020024;165 833;7;0;2;4;2;1
202100020025;165 830;33;13;0;7;1;1
202100020026;165 828;7;0;2;6;1;1
202100020026;165 829;7;0;2;2;14;1
202100020027;165 826;10;0;2;7;12;1
202100020027;165 827;7;0;2;8;0;1
202100020028;165 824;7;0;2;3;19;1
202100020028;165 825;33;0;2;1;1;1
202100020029;165 823;7;0;1;1;1;1
202100020030;165 822;7;0;1;2;1;1
202100020031;165 821;7;0;1;1;1;1
202100020032;165 820;30;0;1;0;1;1
202100020033;165 818;7;0;1;8;1;1
202100020034;165 816;7;0;2;1;5;1
202100020034;165 817;7;0;2;1;5;1
202100020035;165 814;7;0;2;2;1;1
202100020035;165 815;7;0;2;1;16;1
202100020036;165 813;30;0;0;0;0;1
202100020037;165 812;30;0;1;1;17;1
202100020038;165 810;7;15;0;1;15;1
202100020038;165 811;31;15;0;7;15;1
202100020039;165 808;31;0;2;1;1;1
202100020039;165 809;10;0;2;8;1;1
202100020040;165 806;32;0;2;1;7;1
202100020040;165 807;7;0;2;2;16;1
202100020041;165 804;10;0;9;5;26;1
202100020041;165 805;50;0;2;1;2;3
202100020042;165 802;50;0;2;1;17;3
202100020042;165 803;1;0;2;8;15;5
202100020043;165 801;7;0;1;1;15;1
202100020044;165 799;7;0;9;1;1;1
202100020044;165 800;99;0;2;0;19;5
202100020045;165 797;60;0;2;0;0;5
202100020045;165 798;80;0;2;8;1;3
202100020046;165 795;10;0;2;4;1;1
202100020046;165 796;10;0;2;1;2;1
202100020047;165 793;7;0;2;3;2;1
202100020047;165 794;7;0;2;5;2;1
202100020048;165 791;7;0;2;8;20;1
202100020048;165 792;2;0;2;3;17;1
202100020049;165 789;7;0;0;4;2;1
202100020049;165 790;10;0;2;1;2;1
202100020050;165 787;7;0;2;6;0;1
202100020050;165 788;1;1;0;3;5;5
202100020051;165 785;7;0;2;1;1;1
202100020051;165 786;7;0;2;5;2;1
202100020052;165 784;7;0;1;8;1;1
202100020053;165 782;2;0;2;2;17;1
202100020053;165 783;10;0;2;3;15;1
202100020054;165 779;7;0;2;5;15;1
202100020054;165 780;33;0;2;7;1;1
202100020054;165 781;7;0;2;5;2;1
202100020055;165 778;7;0;1;1;15;1
202100020056;165 776;7;0;2;0;0;1
202100020056;165 777;7;0;2;1;1;1
202100020057;165 774;10;0;2;1;19;1
202100020057;165 775;10;0;2;1;1;1
202100020058;165 770;33;14;2;8;17;1
202100020058;165 771;30;15;2;2;1;1
202100020059;165 769;30;0;0;0;26;1
202100020060;165 767;33;0;2;1;16;1
202100020060;165 768;7;0;2;8;1;2
202100020061;165 765;7;1;2;0;0;0
202100020061;165 766;33;1;2;1;1;1
202100020062;165 763;1;0;2;6;2;0
202100020062;165 764;7;0;2;2;17;1
202100020063;165 761;7;0;2;3;15;1
202100020063;165 762;30;0;2;1;17;1
202100020064;165 760;10;0;1;2;16;1
202100020065;165 758;7;0;2;3;15;0
202100020065;165 759;31;0;2;3;1;0
202100020066;165 757;7;2;0;1;14;1
202100020067;165 755;33;9;2;1;1;1
202100020067;165 756;7;9;2;6;1;1
202100020068;165 754;7;1;1;0;15;1
202100020069;165 752;33;0;2;2;1;1
202100020069;165 753;7;0;2;8;9;1
202100020070;165 751;7;0;1;3;1;1
202100020071;165 749;1;0;2;1;1;0
202100020071;165 750;7;0;2;2;15;1
202100020072;165 748;34;0;1;1;11;1
202100020073;165 746;31;0;2;8;15;1
202100020073;165 747;7;0;2;3;15;1
202100020074;165 744;7;0;2;3;26;1
202100020074;165 745;10;0;2;2;16;1
202100020075;165 742;7;0;2;1;15;1
202100020075;165 743;33;0;2;1;1;1
202100020076;165 739;50;0;0;0;26;3
202100020077;165 738;7;0;1;1;1;1
202100020078;165 736;7;0;2;5;1;1
202100020078;165 737;7;0;2;1;1;1
202100020079;165 733;37;0;2;6;23;1
202100020079;165 734;7;0;2;4;23;1
202100020079;165 735;7;0;2;1;1;1
202100020080;165 730;17;0;2;1;2;1
202100020080;165 731;7;0;2;4;23;1
202100020080;165 732;7;0;2;4;23;1
202100020081;165 729;7;0;1;3;15;1
202100020082;165 726;7;3;0;1;1;1
202100020083;165 724;7;0;2;2;1;1
202100020083;165 725;1;0;2;1;19;5
202100020084;165 722;7;0;2;1;15;1
202100020084;165 723;7;0;2;1;1;1
202100020085;165 720;7;0;2;3;15;1
202100020085;165 721;2;0;2;1;17;0
202100020086;165 718;17;0;2;1;1;1
202100020086;165 719;7;0;2;1;0;1
202100020087;165 717;10;0;1;6;25;0
202100020088;165 715;7;0;2;1;1;1
202100020088;165 716;7;0;0;5;13;1
202100020089;165 714;7;9;0;2;1;1
202100020090;165 713;33;0;1;8;1;1
202100020091;165 712;7;0;1;2;1;1
202100020092;165 710;7;0;2;7;15;1
202100020092;165 711;50;0;0;1;0;3
202100020093;165 709;7;0;1;4;26;1
202100020094;165 708;7;2;0;7;14;1
202100020095;165 706;31;0;2;3;12;1
202100020095;165 707;7;0;2;5;2;1
202100020096;165 703;32;0;2;2;13;1
202100020096;165 704;7;0;2;6;2;2
202100020096;165 705;32;0;2;1;3;1
202100020097;165 701;7;0;2;2;12;0
202100020097;165 702;31;0;2;5;3;1
202100020098;165 699;30;0;2;4;23;3
202100020098;165 700;10;0;2;1;1;1
202100020099;165 697;32;0;2;1;2;1
202100020099;165 698;7;0;2;6;2;2
202100020100;165 695;7;0;2;1;1;1
202100020100;165 696;1;0;2;1;13;5
202100020101;165 694;7;0;1;0;1;0
202100020102;165 692;13;0;2;0;14;1
202100020102;165 693;30;0;2;0;1;3
202100020103;165 690;33;0;2;1;16;1
202100020103;165 691;80;0;2;2;1;3
202100020104;165 689;1;0;1;2;5;5
202100020105;165 687;1;0;2;3;1;5
202100020105;165 688;7;0;2;0;1;2
202100020106;165 685;10;0;2;2;16;1
202100020106;165 686;50;0;2;8;1;3
202100020107;165 683;7;0;0;5;9;1
202100020107;165 684;33;0;2;3;9;1
202100020108;165 681;30;0;2;0;1;0
202100020108;165 682;1;0;2;8;1;5
202100020109;165 680;30;0;1;0;1;0
202100020110;165 678;80;0;2;1;1;3
202100020110;165 679;7;0;2;3;22;1
202100020111;165 676;7;0;2;4;10;0
202100020111;165 677;50;0;2;1;1;3
202100020112;165 674;31;0;2;1;18;3
202100020112;165 675;10;0;2;2;16;3
202100020113;165 673;80;12;0;7;14;3
202100020114;165 671;7;0;2;2;16;1
202100020114;165 672;30;0;2;1;18;1
202100020115;165 670;7;0;1;1;1;1
202100020116;165 669;32;1;0;2;21;1
202100020117;165 665;7;0;0;8;22;1
202100020117;165 666;1;1;0;3;17;5
202100020118;165 664;10;0;1;0;0;1
202100020119;165 662;1;0;2;1;1;5
202100020119;165 663;7;0;2;3;1;1
202100020120;165 661;7;0;1;1;1;1
202100020121;165 660;2;0;0;0;1;1
202100020122;165 658;7;0;2;4;2;1
202100020122;165 659;7;0;2;1;1;1
202100020123;165 656;50;0;2;1;19;3
202100020123;165 657;7;0;2;3;1;1
202100020124;165 654;7;0;2;1;1;1
202100020124;165 655;1;0;2;8;19;5
202100020125;165 652;10;0;9;5;1;1
202100020125;165 653;7;0;2;1;1;3
202100020126;165 650;30;0;2;1;3;0
202100020126;165 651;7;0;2;3;23;0
202100020127;165 648;7;1;0;1;17;0
202100020127;165 649;2;0;2;1;0;0
202100020128;165 646;33;0;2;1;1;1
202100020128;165 647;33;0;2;4;2;1
202100020129;165 644;10;0;2;4;0;0
202100020129;165 645;7;0;2;1;2;1
202100020130;165 642;7;0;2;2;15;1
202100020130;165 643;32;0;2;1;18;1
202100020131;165 640;33;0;2;0;17;1
202100020131;165 641;7;0;2;1;9;1
202100020132;165 638;7;0;2;1;16;1
202100020132;165 639;1;0;2;8;19;5
202100020133;165 637;7;1;0;7;1;0
202100020134;165 635;1;0;2;7;19;5
202100020134;165 636;2;0;2;1;1;1
202100020135;165 633;33;0;2;1;26;1
202100020135;165 634;32;0;2;4;0;1
202100020136;165 632;7;0;1;8;15;1
202100020137;165 631;7;0;1;2;1;1
202100020138;165 629;7;0;2;3;15;1
202100020138;165 630;7;0;2;1;1;1
202100020139;165 627;7;0;2;1;1;1
202100020139;165 628;7;0;2;1;11;1
202100020140;165 626;7;8;0;3;1;1
202100020141;165 625;10;2;0;1;0;1
202100020142;165 623;7;0;2;3;13;1
202100020142;165 624;7;0;2;1;1;1
202100020143;165 622;7;0;0;9;9;1
202100020144;165 621;7;0;0;1;1;1
202100020145;165 619;7;0;2;1;1;1
202100020145;165 620;7;0;2;3;15;1
202100020146;165 618;7;13;0;1;1;1
202100020147;165 617;33;0;0;9;1;1
202100020148;165 615;7;0;2;3;1;1
202100020148;165 616;7;0;2;3;13;1
202100020149;165 614;7;0;1;1;1;1
202100020150;165 612;7;0;0;1;1;1
202100020150;165 613;7;0;0;3;15;1
202100020151;165 611;33;8;0;0;1;1
202100020152;165 609;7;0;2;1;1;1
202100020152;165 610;7;0;2;8;19;1
202100020153;165 608;7;0;1;7;1;1
202100020154;165 607;7;0;1;1;1;1
202100020155;165 605;33;0;2;1;13;1
202100020155;165 606;7;0;2;8;15;1
202100020156;165 604;7;0;1;8;1;1
202100020157;165 602;33;0;2;3;1;1
202100020157;165 603;7;0;2;1;1;1
202100020158;165 601;7;2;0;8;1;1
202100020159;165 599;7;0;2;3;13;1
202100020159;165 600;17;0;2;3;1;1
202100020160;165 598;2;7;0;1;0;1
202100020161;165 597;43;0;0;0;1;1
202100020162;165 595;7;0;2;3;15;1
202100020162;165 596;33;0;2;1;1;1
202100020163;165 594;7;0;1;1;16;3
202100020164;165 592;33;0;0;4;0;1
202100020164;165 593;7;0;2;4;0;1
202100020165;165 589;38;0;2;1;1;1
202100020165;165 590;15;0;2;6;1;0
202100020165;165 591;17;3;2;6;26;1
202100020166;165 587;30;0;2;2;21;1
202100020166;165 588;38;0;2;3;16;1
202100020167;165 586;15;0;0;2;14;1
202100020168;165 585;7;3;0;2;1;1
202100020169;165 583;10;3;2;4;2;1
202100020169;165 584;7;0;2;1;2;1
202100020170;165 580;15;0;2;7;2;1
202100020170;165 581;7;3;2;6;24;1
202100020170;165 582;7;1;2;2;18;1
202100020171;165 579;17;16;0;7;1;1
202100020172;165 578;33;3;0;1;1;1
202100020173;165 576;7;0;2;3;1;1
202100020173;165 577;30;0;2;1;5;1
202100020174;165 574;7;0;2;3;15;1
202100020174;165 575;7;8;2;6;1;1
202100020175;165 572;2;0;2;8;19;1
202100020175;165 573;7;0;2;8;1;1
202100020176;165 571;7;8;1;1;15;1
202100020177;165 569;7;0;0;5;2;1
202100020177;165 570;31;0;2;1;2;1
202100020178;165 567;80;0;2;7;1;3
202100020178;165 568;7;0;9;2;16;1
202100020179;165 565;7;0;2;3;9;1
202100020179;165 566;1;0;2;7;2;5
202100020180;165 563;7;0;2;3;1;1
202100020180;165 564;31;15;2;3;1;1
202100020181;165 562;15;3;0;7;1;1
202100020182;165 560;7;0;9;4;4;1
202100020182;165 561;1;0;2;8;25;0
202100020183;165 559;7;2;0;1;14;1
202100020184;165 558;31;12;0;2;1;1
202100020185;165 557;32;0;0;2;1;1
202100020186;165 555;7;0;2;1;9;1
202100020186;165 556;50;0;2;7;1;3
202100020187;165 554;33;8;0;8;0;1
202100020188;165 553;7;0;1;2;2;1
202100020189;165 552;33;13;0;1;1;1
202100020190;165 550;7;0;2;3;1;1
202100020190;165 551;7;0;2;3;1;1
202100020191;165 548;1;0;2;1;1;5
202100020191;165 549;3;0;2;4;26;1
202100020192;165 546;7;0;2;3;13;1
202100020192;165 547;10;0;2;5;14;1
202100020193;165 544;7;0;2;8;11;1
202100020193;165 545;33;0;2;8;3;1
202100020194;165 542;7;0;2;4;2;1
202100020194;165 543;7;0;2;1;2;1
202100020195;165 540;33;0;2;1;3;1
202100020195;165 541;7;0;2;4;2;1
202100020196;165 539;33;0;0;0;0;1
202100020197;165 535;17;0;2;4;2;1
202100020197;165 536;7;0;2;4;2;1
202100020197;165 537;7;0;2;4;2;1
202100020197;165 538;17;0;2;1;2;1
202100020198;165 533;7;0;2;8;11;1
202100020198;165 534;32;0;2;7;1;1
202100020199;165 530;7;0;2;1;2;1
202100020199;165 531;7;0;2;4;2;1
202100020199;165 532;10;0;2;4;2;1
202100020200;165 528;7;0;2;3;11;1
202100020200;165 529;33;0;2;7;3;1
202100020201;165 525;7;0;2;1;17;1
202100020201;165 526;17;0;0;0;0;1
202100020201;165 527;7;0;2;8;1;1
202100020202;165 523;33;0;2;3;3;0
202100020202;165 524;7;0;2;5;12;1
202100020203;165 521;33;0;2;7;1;1
202100020203;165 522;7;0;2;8;11;1
202100020204;165 519;7;0;0;0;0;0
202100020204;165 520;2;0;2;4;1;1
202100020205;165 517;7;0;2;8;11;1
202100020205;165 518;34;0;2;1;3;1
202100020206;165 513;7;0;2;4;2;1
202100020206;165 514;7;0;2;4;2;1
202100020206;165 515;7;0;2;1;2;1
202100020206;165 516;33;0;2;4;2;1
202100020207;165 510;7;0;2;1;2;1
202100020207;165 511;7;0;2;7;2;1
202100020207;165 512;7;0;2;1;1;1
202100020208;165 508;7;0;2;1;2;1
202100020208;165 509;7;0;2;4;2;1
202100020209;165 507;40;0;1;1;1;3
202100020210;165 506;33;0;1;1;26;1
202100020211;165 505;7;0;1;7;1;1
202100020212;165 504;7;1;0;3;13;1
202100020213;165 503;7;0;1;1;1;1
202100020214;165 502;34;0;1;1;1;0
202100020215;165 501;7;0;1;2;16;1
202100020216;165 500;7;0;1;1;26;1
202100020217;165 498;7;0;2;1;0;1
202100020217;165 499;7;0;2;1;0;1
202100020218;165 496;10;0;2;8;13;1
202100020218;165 497;33;0;2;2;17;1
202100020219;165 492;7;0;2;7;15;1
202100020219;165 493;33;0;2;7;1;1
202100020220;165 491;7;1;1;3;1;1
202100020221;165 490;7;0;1;8;0;1
202100020222;165 489;7;0;1;1;26;1
202100020223;165 487;10;0;2;3;10;1
202100020223;165 488;33;0;2;2;0;1
202100020224;165 485;30;0;2;8;9;1
202100020224;165 486;33;0;2;7;15;1
202100020225;165 483;30;0;2;1;5;1
202100020225;165 484;7;0;2;2;1;1
202100020226;165 481;7;0;2;2;1;1
202100020226;165 482;7;0;2;3;1;1
202100020227;165 479;60;0;2;1;16;5
202100020227;165 480;7;0;9;1;15;1
202100020228;165 477;7;0;2;2;19;1
202100020228;165 478;99;0;2;8;1;3
202100020229;165 475;7;0;1;2;1;1
202100020229;165 476;1;0;2;0;19;5
202100020230;165 473;33;0;2;1;17;0
202100020230;165 474;10;0;2;6;9;1
202100020231;165 471;10;0;2;3;0;1
202100020231;165 472;7;4;2;1;11;1
202100020232;165 470;10;0;1;2;1;1
202100020233;165 469;7;0;1;2;1;1
202100020234;165 467;33;0;2;2;16;1
202100020234;165 468;7;0;2;8;15;1
202100020235;165 466;7;0;1;2;1;1
202100020236;165 465;7;0;1;3;1;1
202100020237;165 464;7;15;0;1;16;1
202100020238;165 463;7;8;0;1;14;1
202100020239;165 461;2;0;2;2;1;1
202100020239;165 462;7;0;2;3;13;1
202100020240;165 459;17;0;2;0;1;1
202100020240;165 460;7;0;2;1;9;1
202100020241;165 457;2;0;2;1;1;1
202100020241;165 458;10;0;2;2;15;1
202100020242;165 456;7;0;1;0;1;0
202100020243;165 454;33;0;2;1;1;1
202100020243;165 455;7;0;2;8;10;1
202100020244;165 453;1;0;1;1;1;5
202100020245;165 451;7;0;2;1;16;1
202100020245;165 452;33;0;2;1;15;1
202100020246;165 449;30;0;2;1;19;1
202100020246;165 450;7;0;2;2;21;1
202100020247;165 448;7;0;1;1;15;1
202100020248;165 446;1;0;2;4;0;0
202100020248;165 447;15;0;2;2;14;1
202100020249;165 442;1;0;2;8;11;5
202100020249;165 443;10;0;9;7;1;1
202100020250;165 439;1;0;2;1;1;5
202100020250;165 440;1;0;2;1;1;5
202100020250;165 441;7;0;9;3;16;1
202100020251;165 437;7;0;2;1;1;1
202100020251;165 438;10;0;2;1;1;1
202100020252;165 435;10;0;4;1;1;1
202100020252;165 436;40;0;2;1;1;3
202100020253;165 433;7;0;2;4;23;1
202100020253;165 434;7;0;2;1;2;1
202100020254;165 431;7;0;2;3;1;1
202100020254;165 432;7;0;2;3;15;1
202100020255;165 429;7;3;0;6;15;1
202100020255;165 430;2;0;2;1;26;1
202100020256;165 427;7;0;2;3;1;0
202100020256;165 428;7;0;2;1;9;1
202100020257;165 426;7;0;1;2;16;1
202100020258;165 424;7;0;2;8;13;1
202100020258;165 425;50;0;2;2;1;3
202100020259;165 422;7;0;2;1;2;1
202100020259;165 423;31;0;2;4;2;1
202100020260;165 420;7;0;9;3;26;1
202100020260;165 421;50;0;2;1;19;3
202100020261;165 418;7;0;2;3;15;3
202100020261;165 419;10;0;2;2;1;1
202100020262;165 416;7;0;2;6;1;1
202100020262;165 417;7;0;2;1;1;1
202100020263;165 415;7;0;1;1;1;1
202100020264;165 413;10;0;2;1;1;3
202100020264;165 414;7;0;2;7;15;1
202100020265;165 411;7;0;2;6;1;1
202100020265;165 412;33;0;2;1;21;1
202100020266;165 409;30;0;2;7;16;1
202100020266;165 410;30;0;2;1;19;1
202100020267;165 407;7;0;2;1;1;0
202100020267;165 408;1;0;2;4;19;5
202100020268;165 406;30;0;1;7;26;1
202100020269;165 404;7;0;2;8;1;1
202100020269;165 405;7;0;2;1;9;1
202100020270;165 402;7;0;2;3;16;1
202100020270;165 403;7;0;2;7;15;1
202100020271;165 400;7;0;2;2;9;1
202100020271;165 401;7;0;2;1;1;1
202100020272;165 398;1;1;0;1;2;5
202100020272;165 399;10;0;2;8;24;1
202100020273;165 397;7;0;1;1;19;1
202100020274;165 396;7;0;2;1;1;1
202100020275;165 395;30;0;0;0;1;1
202100020276;165 393;7;0;2;8;9;1
202100020276;165 394;7;0;2;2;1;1
202100020277;165 391;33;0;2;1;1;1
202100020277;165 392;37;0;9;7;1;1
202100020278;165 389;7;0;2;1;2;1
202100020278;165 390;7;0;2;4;2;1
202100020279;165 387;1;0;2;7;19;5
202100020279;165 388;7;0;2;3;2;1
202100020280;165 385;7;0;2;3;1;1
202100020280;165 386;7;0;2;2;19;1
202100020281;165 383;7;0;2;3;9;1
202100020281;165 384;1;0;2;7;1;5
202100020282;165 381;7;0;2;2;15;1
202100020282;165 382;7;0;2;1;1;1
202100020283;165 379;7;0;2;2;16;1
202100020283;165 380;2;0;2;1;26;1
202100020284;165 378;7;0;1;2;1;1
202100020285;165 376;7;0;2;1;16;1
202100020285;165 377;1;0;2;8;1;5
202100020286;165 374;7;0;2;2;1;1
202100020286;165 375;7;0;2;1;9;1
202100020287;165 372;33;0;2;4;9;1
202100020287;165 373;10;0;2;1;9;1
202100020288;165 369;7;0;2;1;1;3
202100020288;165 370;7;0;2;4;23;1
202100020288;165 371;7;0;2;4;23;1
202100020289;165 368;7;0;1;1;16;1
202100020290;165 366;33;0;2;1;1;1
202100020290;165 367;7;0;2;7;15;1
202100020291;165 364;1;0;2;0;1;5
202100020291;165 365;10;0;2;0;16;1
202100020292;165 363;0;0;1;1;9;1
202100020293;165 361;2;0;2;1;1;3
202100020293;165 362;2;0;2;4;23;1
202100020294;165 360;13;0;1;1;16;1
202100020295;165 359;7;0;1;1;13;1
202100020296;165 358;7;0;1;3;1;1
202100020297;165 356;30;0;2;1;1;1
202100020297;165 357;7;0;2;2;15;1
202100020298;165 354;7;0;2;1;1;1
202100020298;165 355;7;0;0;4;1;1
202100020299;165 352;10;0;2;4;2;1
202100020299;165 353;7;0;2;1;2;1
202100020300;165 349;7;0;2;4;1;1
202100020300;165 350;7;0;2;1;1;1
202100020300;165 351;7;0;2;1;1;1
202100020301;165 348;10;0;2;1;1;1
202100020302;165 347;1;9;0;1;1;5
202100020303;165 345;7;0;2;1;1;1
202100020303;165 346;7;0;2;4;4;1
202100020304;165 344;7;8;1;3;15;1
202100020305;165 341;10;0;2;1;1;1
202100020305;165 342;7;0;2;4;1;1
202100020305;165 343;7;0;2;4;1;1
202100020306;165 340;33;3;0;1;13;1
202100020307;165 338;50;0;2;0;1;3
202100020307;165 339;7;0;2;0;9;0
202100020308;165 336;1;0;2;1;2;5
202100020308;165 337;7;0;2;2;15;1
202100020309;165 334;32;0;2;1;21;1
202100020309;165 335;7;0;2;1;5;1
202100020310;165 333;7;1;0;2;1;1
202100020311;165 331;7;0;2;4;1;1
202100020311;165 332;10;0;2;1;1;0
202100020312;165 330;7;0;1;3;1;1
202100020313;165 328;14;0;2;1;2;0
202100020313;165 329;7;0;2;4;23;6
202100020314;165 327;10;0;1;1;1;1
202100020315;165 325;37;0;2;8;1;1
202100020315;165 326;32;0;2;1;1;1
202100020316;165 323;30;0;2;1;1;1
202100020316;165 324;7;;;;;
202100020317;165 321;7;0;2;1;1;0
202100020317;165 322;7;0;2;8;1;1
202100020318;165 319;2;0;2;1;1;1
202100020318;165 320;10;0;2;3;1;1
202100020319;165 317;10;0;2;2;26;1
202100020319;165 318;7;0;2;5;2;1
202100020320;165 315;1;0;2;2;2;5
202100020320;165 316;7;0;2;1;15;1
202100020321;165 313;50;0;2;1;25;3
202100020321;165 314;7;0;2;0;0;1
202100020322;165 311;30;0;2;2;1;1
202100020322;165 312;7;0;2;5;23;1
202100020323;165 309;50;0;2;8;19;3
202100020323;165 310;7;0;2;1;1;1
202100020324;165 307;10;0;2;5;16;3
202100020324;165 308;30;0;2;1;18;3
202100020325;165 305;7;0;2;3;1;1
202100020325;165 306;7;0;2;1;1;1
202100020326;165 303;50;0;2;8;1;3
202100020326;165 304;7;0;2;5;1;2
202100020327;165 301;7;0;2;2;12;2
202100020327;165 302;1;0;2;3;1;5
202100020328;165 299;1;0;2;7;1;5
202100020328;165 300;7;0;2;3;1;1
202100020329;165 297;7;0;2;2;16;2
202100020329;165 298;50;0;2;1;1;3
202100020330;165 296;1;0;1;1;25;5
202100020331;165 294;7;0;2;2;1;1
202100020331;165 295;1;0;2;2;19;5
202100020332;165 292;7;0;2;3;1;1
202100020332;165 293;30;0;2;1;1;1
202100020333;165 290;7;0;2;5;23;1
202100020333;165 291;30;0;2;1;1;1
202100020334;165 288;33;0;2;7;17;1
202100020334;165 289;10;0;2;3;15;1
202100020335;165 287;10;0;1;1;16;6
202100020336;165 286;10;0;1;2;1;6
202100020337;165 283;7;0;9;1;2;1
202100020337;165 284;7;0;9;4;1;1
202100020337;165 285;7;0;9;4;1;1
202100020338;165 281;10;0;2;3;22;1
202100020338;165 282;50;1;0;1;1;3
202100020339;165 279;30;0;2;3;2;1
202100020339;165 280;7;0;2;2;2;1
202100020340;165 277;7;0;9;3;9;1
202100020340;165 278;1;0;0;0;1;5
202100020341;165 275;7;0;2;1;19;1
202100020341;165 276;7;0;2;1;0;1
202100020342;165 273;34;0;2;1;17;1
202100020342;165 274;1;0;2;8;19;5
202100020343;165 271;2;0;2;1;0;1
202100020343;165 272;7;0;2;1;0;1
202100020344;165 268;7;0;2;1;1;1
202100020344;165 269;7;0;2;4;1;1
202100020344;165 270;7;0;2;4;1;1
202100020345;165 266;7;0;2;6;2;1
202100020345;165 267;31;0;2;1;2;1
202100020346;165 264;10;0;2;2;1;1
202100020346;165 265;7;0;2;2;1;1
202100020347;165 262;1;1;0;1;26;0