Num_Acc;id_vehicule;categorie_vehicule;obstacle_fixe;obstacle_mobile;point_choc_initial;manoeuvre_principale;motorisation
202100020347;165 263;10;1;0;4;22;0
202100020348;165 260;30;0;2;2;1;1
202100020348;165 261;7;0;2;5;9;1
202100020349;165 258;7;0;2;2;15;1
202100020349;165 259;7;0;2;3;1;1
202100020350;165 256;7;0;2;1;1;1
202100020350;165 257;7;0;2;2;1;1
202100020351;165 255;30;14;0;1;2;1
202100020352;165 254;7;0;1;1;16;1
202100020353;165 252;7;0;2;1;13;1
202100020353;165 253;7;0;2;1;13;1
202100020354;165 250;7;0;2;2;1;1
202100020354;165 251;1;0;2;2;1;5
202100020355;165 249;1;12;0;0;21;5
202100020356;165 248;33;0;1;1;1;1
202100020357;165 246;7;0;2;8;1;1
202100020357;165 247;7;0;2;1;15;1
202100020358;165 245;7;0;1;0;15;0
202100020359;165 243;1;0;2;0;0;0
202100020359;165 244;32;0;2;0;0;1
202100020360;165 242;7;0;1;3;20;1
202100020361;165 241;7;0;1;2;1;2
202100020362;165 239;1;9;2;2;2;5
202100020362;165 240;7;15;2;0;16;0
202100020363;165 238;2;0;0;2;1;1
202100020364;165 237;33;0;0;8;1;1
202100020365;165 235;10;0;2;3;15;1
202100020365;165 236;33;0;2;1;17;1
202100020366;165 233;7;0;2;1;2;1
202100020366;165 234;7;0;0;4;2;1
202100020367;165 231;31;0;2;1;18;3
202100020367;165 232;7;0;0;7;15;2
202100020368;165 230;33;0;0;0;0;1
202100020369;165 228;10;0;2;3;1;1
202100020369;165 229;33;0;2;3;1;1
202100020370;165 226;33;15;2;2;1;1
202100020370;165 227;7;0;2;2;1;1
202100020371;165 225;7;0;1;3;1;1
202100020372;165 223;10;1;0;1;1;1
202100020372;165 224;7;14;2;4;23;1
202100020373;165 221;7;0;2;3;1;1
202100020373;165 222;33;0;2;3;1;1
202100020374;165 218;7;0;0;6;1;1
202100020374;165 219;15;0;9;8;1;1
202100020374;165 220;2;0;2;1;1;1
202100020375;165 217;7;3;0;1;1;1
202100020376;165 216;2;0;0;0;1;1
202100020377;165 215;7;8;0;1;14;1
202100020378;165 214;31;0;0;6;16;1
202100020379;165 212;7;0;0;5;23;1
202100020379;165 213;3;0;2;3;2;1
202100020380;165 211;7;13;0;8;13;1
202100020381;165 208;7;1;2;1;5;1
202100020381;165 209;13;0;2;3;0;1
202100020382;165 206;7;0;2;7;19;1
202100020382;165 207;7;0;2;1;1;1
202100020383;165 204;7;0;0;4;2;1
202100020383;165 205;31;0;2;1;2;1
202100020384;165 202;80;0;2;1;1;3
202100020384;165 203;7;0;2;2;13;1
202100020385;165 200;1;0;2;4;2;5
202100020385;165 201;7;0;9;2;0;1
202100020386;165 198;10;0;2;3;9;1
202100020386;165 199;7;0;2;1;1;1
202100020387;165 197;7;0;1;2;16;1
202100020388;165 196;7;6;0;0;13;1
202100020389;165 194;1;0;2;1;1;5
202100020389;165 195;7;0;2;5;4;1
202100020390;165 191;7;0;2;4;2;1
202100020390;165 192;7;0;2;1;2;1
202100020390;165 193;7;0;2;1;2;2
202100020391;165 189;7;0;0;6;15;1
202100020391;165 190;2;0;2;1;17;1
202100020392;165 187;10;0;2;1;19;1
202100020392;165 188;7;0;2;8;1;1
202100020393;165 185;7;0;2;1;0;1
202100020393;165 186;33;0;2;1;1;1
202100020394;165 182;7;0;2;7;15;1
202100020394;165 183;7;0;2;1;1;1
202100020394;165 184;17;0;0;3;23;1
202100020395;165 180;7;0;2;6;2;1
202100020395;165 181;33;0;2;2;2;1
202100020396;165 177;99;0;0;1;1;1
202100020396;165 178;15;0;0;3;1;1
202100020396;165 179;7;0;2;1;0;1
202100020397;165 175;7;0;2;1;1;1
202100020397;165 176;7;0;2;3;1;1
202100020398;165 173;31;0;2;1;1;1
202100020398;165 174;7;0;2;2;9;1
202100020399;165 172;7;0;1;3;1;1
202100020400;165 171;7;0;1;2;16;1
202100020401;165 170;7;5;0;1;15;1
202100020402;165 169;7;13;0;9;1;1
202100020403;165 166;7;0;2;6;1;1
202100020403;165 167;7;0;2;3;1;1
202100020403;165 168;34;3;0;1;1;1
202100020404;165 164;14;0;2;3;1;1
202100020404;165 165;7;0;2;8;15;1
202100020405;165 163;7;4;0;3;0;1
202100020406;165 162;38;0;1;2;23;1
202100020407;165 159;7;0;2;3;0;1
202100020407;165 160;7;0;2;3;0;1
202100020407;165 161;15;0;2;3;0;1
202100020408;165 158;7;6;0;1;13;1
202100020409;165 157;7;15;0;1;1;1
202100020410;165 155;7;0;2;3;1;1
202100020410;165 156;33;0;2;1;1;1
202100020411;165 154;10;0;1;0;1;1
202100020412;165 153;1;0;0;0;1;5
202100020413;165 151;31;0;2;1;1;1
202100020413;165 152;7;0;2;3;15;1
202100020414;165 149;7;0;0;5;15;6
202100020414;165 150;32;0;2;1;2;1
202100020415;165 148;33;0;0;0;17;1
202100020416;165 147;7;6;9;7;14;1
202100020417;165 145;7;0;2;1;1;1
202100020417;165 146;7;0;0;1;1;1
202100020418;165 144;21;13;0;2;1;1
202100020419;165 143;7;0;1;3;1;1
202100020420;165 141;7;0;2;3;9;1
202100020420;165 142;33;0;2;1;9;1
202100020421;165 139;7;0;2;3;15;1
202100020421;165 140;7;0;2;2;13;1
202100020422;165 136;7;0;2;8;17;1
202100020422;165 137;7;0;2;8;1;1
202100020422;165 138;7;0;2;2;1;1
202100020423;165 135;2;0;0;0;0;1
202100020424;165 134;7;0;1;3;1;1
202100020425;165 132;2;0;2;1;1;1
202100020425;165 133;10;0;2;5;19;1
202100020426;165 130;10;0;2;3;13;1
202100020426;165 131;7;0;2;3;1;1
202100020427;165 129;2;7;0;1;1;1
202100020428;165 125;7;0;2;4;2;1
202100020428;165 126;7;0;2;4;2;1
202100020428;165 127;7;0;2;4;2;1
202100020428;165 128;7;0;2;1;1;1
202100020429;165 123;43;0;2;8;13;1
202100020429;165 124;7;0;2;2;2;1
202100020430;165 121;15;0;2;2;12;1
202100020430;165 122;7;0;2;6;1;1
202100020431;165 118;7;0;0;6;23;1
202100020431;165 119;7;0;0;0;23;1
202100020431;165 120;7;0;2;1;9;1
202100020432;165 116;7;0;2;4;2;1
202100020432;165 117;7;0;2;1;2;1
202100020433;165 115;7;0;0;1;1;1
202100020434;165 113;33;0;2;8;3;1
202100020434;165 114;10;0;2;5;14;1
202100020435;165 111;7;0;2;1;2;1
202100020435;165 112;7;0;2;4;2;1
202100020436;165 109;7;0;2;4;2;1
202100020436;165 110;7;0;2;1;1;1
202100020437;165 107;10;0;2;1;2;1
202100020437;165 108;7;0;2;4;2;1
202100020438;165 106;7;3;0;3;2;1
202100020439;165 103;7;3;2;0;9;1
202100020439;165 104;7;0;2;1;9;1
202100020439;165 105;7;0;2;1;9;1
202100020440;165 101;15;0;2;2;1;1
202100020440;165 102;7;0;2;8;9;1
202100020441;165 094;7;0;2;4;1;1
202100020441;165 095;7;0;2;4;2;1
202100020441;165 096;7;0;2;4;1;1
202100020441;165 097;7;0;2;4;2;1
202100020441;165 098;7;0;2;4;2;1
202100020441;165 099;7;0;2;4;1;1
202100020441;165 100;10;0;2;1;2;1
202100020442;165 092;7;0;2;4;1;1
202100020442;165 093;7;0;2;1;1;1
202100020443;165 090;7;0;2;6;12;0
202100020443;165 091;43;0;2;1;1;1
202100020444;165 088;7;0;2;1;17;1
202100020444;165 089;2;0;2;8;15;1
202100020445;165 087;7;0;1;4;20;1
202100020446;165 085;14;0;2;1;2;1
202100020446;165 086;14;0;2;4;23;1
202100020447;165 083;7;0;2;3;1;1
202100020447;165 084;7;0;2;8;15;1
202100020448;165 082;33;6;0;9;1;1
202100020449;165 081;30;15;0;1;15;1
202100020450;165 079;34;0;2;3;15;1
202100020450;165 080;7;8;2;3;15;1
202100020451;165 077;30;0;2;1;1;3
202100020451;165 078;7;0;2;4;23;1
202100020452;165 075;10;0;2;2;1;1
202100020452;165 076;7;0;2;8;1;2
202100020453;165 073;7;0;2;0;0;1
202100020453;165 074;7;1;0;0;20;1
202100020454;165 072;7;0;1;1;1;1
202100020455;165 071;7;0;1;8;1;1
202100020456;165 069;50;0;2;1;25;3
202100020456;165 070;7;0;2;7;9;1
202100020457;165 067;7;0;2;2;16;1
202100020457;165 068;7;0;2;1;1;1
202100020458;165 066;7;0;1;2;1;1
202100020459;165 065;7;8;0;3;14;1
202100020460;165 063;7;0;2;2;15;1
202100020460;165 064;30;0;2;1;8;1
202100020461;165 061;30;0;2;1;19;1
202100020461;165 062;7;0;2;6;1;1
202100020462;165 059;7;0;2;3;15;1
202100020462;165 060;7;0;2;1;1;1
202100020463;165 057;7;0;2;1;1;1
202100020463;165 058;7;9;2;1;15;1
202100020464;165 056;7;1;0;1;15;1
202100020465;165 054;99;0;2;8;16;0
202100020465;165 055;7;0;2;8;13;1
202100020466;165 051;2;0;0;4;23;1
202100020466;165 052;1;0;0;0;23;0
202100020466;165 053;7;0;2;1;26;0
202100020467;165 049;99;0;2;3;15;1
202100020467;165 050;7;0;2;1;1;1
202100020468;165 047;7;1;2;3;13;1
202100020468;165 048;33;0;2;2;17;1
202100020469;165 045;99;0;2;0;16;1
202100020469;165 046;99;0;2;0;0;1
202100020470;165 043;1;0;2;8;15;5
202100020470;165 044;7;0;2;8;9;0
202100020471;165 042;7;0;1;1;9;1
202100020472;165 041;7;0;1;3;1;1
202100020473;165 040;7;0;1;3;1;2
202100020474;165 038;33;0;2;8;1;1
202100020474;165 039;7;0;2;2;14;1
202100020475;165 037;1;0;0;1;1;5
202100020476;165 035;10;0;9;1;1;1
202100020476;165 036;60;0;2;7;19;5
202100020477;165 032;7;0;2;4;1;1
202100020477;165 033;7;0;2;4;1;1
202100020477;165 034;10;0;2;1;1;1
202100020478;165 030;7;0;2;3;21;2
202100020478;165 031;7;0;2;1;13;1
202100020479;165 029;7;0;1;1;1;1
202100020480;165 028;1;12;0;0;17;5
202100020481;165 026;33;0;2;4;2;1
202100020481;165 027;7;0;2;3;2;1
202100020482;165 025;10;0;1;2;16;1
202100020483;165 023;31;0;2;5;11;0
202100020483;165 024;7;0;2;2;2;1
202100020484;165 021;30;0;2;7;16;1
202100020484;165 022;10;0;2;2;15;1
202100020485;165 019;7;0;2;4;2;0
202100020485;165 020;7;0;2;1;2;1
202100020486;165 018;7;0;1;2;2;1
202100020487;165 016;7;0;2;4;26;1
202100020487;165 017;7;0;2;1;26;1
202100020488;165 015;7;0;1;2;1;1
202100020489;165 013;7;4;2;3;9;1
202100020489;165 014;33;0;2;7;1;1
202100020490;165 011;7;0;2;8;15;1
202100020490;165 012;34;1;0;7;2;1
202100020491;165 009;37;0;2;7;0;6
202100020491;165 010;7;0;2;1;16;1
202100020492;165 006;7;0;2;1;2;1
202100020492;165 007;7;0;2;1;1;1
202100020492;165 008;7;0;2;4;1;1
202100020493;165 005;7;0;1;2;1;1
202100020494;165 003;7;13;2;3;1;1
202100020494;165 004;7;17;2;3;13;2
202100020495;165 001;14;0;2;2;1;1
202100020495;165 002;7;0;2;4;1;1
202100020496;164 999;30;2;0;1;15;1
202100020497;164 997;31;0;2;7;1;1
202100020497;164 998;10;0;2;1;9;1
202100020498;164 996;7;9;0;1;0;1
202100020499;164 994;7;0;2;2;1;1
202100020499;164 995;30;0;2;1;9;1
202100020500;164 993;7;0;1;1;1;1
202100020501;164 990;7;0;2;4;2;1
202100020501;164 991;7;0;2;4;2;1
202100020501;164 992;7;0;2;1;2;1
202100020502;164 987;7;0;4;7;1;1
202100020502;164 988;7;0;4;2;15;1
202100020502;164 989;40;0;2;1;1;0
202100020503;164 985;7;0;2;1;1;1
202100020503;164 986;7;0;2;1;15;1
202100020504;164 983;7;0;2;1;16;1
202100020504;164 984;50;0;2;1;1;3
202100020505;164 982;7;0;1;1;1;1
202100020506;164 981;7;0;1;1;1;1
202100020507;164 978;10;0;2;6;2;1
202100020507;164 979;7;14;2;1;2;1
202100020507;164 980;7;0;2;1;2;1
202100020508;164 975;7;0;2;4;2;2
202100020508;164 976;7;0;2;4;2;1
202100020508;164 977;7;0;2;1;26;1
202100020509;164 973;7;0;2;2;16;1
202100020509;164 974;1;0;2;8;2;5
202100020510;164 972;7;1;0;3;26;2
202100020511;164 970;7;0;2;6;1;1
202100020511;164 971;7;0;2;3;13;1
202100020512;164 968;7;0;2;1;0;1
202100020512;164 969;7;0;2;9;1;1
202100020513;164 967;7;0;1;1;2;1
202100020514;164 966;7;0;1;2;1;1
202100020515;164 964;7;0;2;3;1;1
202100020515;164 965;30;0;2;1;1;1
202100020516;164 962;1;0;2;7;9;5
202100020516;164 963;7;0;2;1;9;1
202100020517;164 960;7;0;2;3;15;1
202100020517;164 961;7;0;1;1;1;1
202100020518;164 958;2;0;2;1;1;1
202100020518;164 959;7;0;2;5;15;1
202100020519;164 957;1;13;0;1;14;5
202100020520;164 955;7;0;2;1;1;1
202100020520;164 956;7;0;2;3;15;1
202100020521;164 954;7;0;1;1;26;1
202100020522;164 953;10;0;1;4;4;1
202100020523;164 952;1;0;0;0;1;5
202100020524;164 951;1;0;0;0;1;5
202100020525;164 949;10;0;2;6;23;1
202100020525;164 950;13;0;2;2;11;1
202100020526;164 948;7;0;1;3;1;1
202100020527;164 946;31;0;2;3;26;1
202100020527;164 947;99;0;2;2;16;1
202100020528;164 944;99;0;2;1;1;5
202100020528;164 945;10;0;2;5;20;1
202100020529;164 942;1;0;4;3;26;5
202100020529;164 943;39;0;2;2;2;3
202100020530;164 940;7;0;2;4;1;1
202100020530;164 941;7;0;2;1;1;1
202100020531;164 939;7;0;1;1;1;1
202100020532;164 938;30;0;5;1;1;1
202100020533;164 936;50;0;2;7;19;3
202100020533;164 937;7;0;2;1;16;1
202100020534;164 934;7;0;2;4;2;1
202100020534;164 935;7;0;2;1;2;2
202100020535;164 932;1;0;2;1;21;0
202100020535;164 933;10;0;2;4;20;0
202100020536;164 930;7;1;0;2;1;1
202100020536;164 931;10;0;2;6;1;3
202100020537;164 928;7;0;2;1;1;0
202100020537;164 929;7;0;2;4;1;0
202100020538;164 926;7;0;2;2;1;1
202100020538;164 927;1;0;2;1;9;0
202100020539;164 924;2;0;2;1;18;1
202100020539;164 925;7;0;2;2;15;1
202100020540;164 923;7;0;1;2;26;1
202100020541;164 921;1;0;2;1;2;5
202100020541;164 922;37;0;2;4;2;1
202100020542;164 919;7;0;2;1;1;1
202100020542;164 920;7;0;2;1;13;1
202100020543;164 916;7;0;2;5;1;1
202100020543;164 917;37;0;2;3;2;1
202100020543;164 918;7;0;2;1;5;1
202100020544;164 913;7;0;2;1;9;1
202100020544;164 914;7;0;2;3;1;1
202100020544;164 915;33;0;2;7;9;1
202100020545;164 911;7;0;2;3;9;1
202100020545;164 912;80;0;2;7;15;3
202100020546;164 908;33;1;0;1;21;1
202100020547;164 906;7;0;2;1;26;1
202100020547;164 907;2;0;2;1;1;1
202100020548;164 904;50;0;2;8;13;3
202100020548;164 905;7;0;9;7;2;1
202100020549;164 901;7;0;2;1;2;1
202100020549;164 902;7;0;2;4;2;1
202100020549;164 903;7;0;2;4;2;1
202100020550;164 899;7;0;2;3;0;1
202100020550;164 900;1;0;2;4;0;6
202100020551;164 896;7;0;9;0;1;1
202100020551;164 897;10;0;2;1;1;1
202100020551;164 898;10;0;2;1;17;1
202100020552;164 894;7;0;2;4;2;2
202100020552;164 895;31;0;2;1;2;1
202100020553;164 893;7;0;1;1;1;2
202100020554;164 891;34;0;2;1;1;1
202100020554;164 892;37;0;2;7;1;1
202100020555;164 889;7;0;2;1;1;2
202100020555;164 890;10;0;2;3;13;1
202100020556;164 885;32;0;2;2;1;1
202100020556;164 886;80;0;2;1;16;3
202100020557;164 884;33;0;1;8;1;1
202100020558;164 882;43;0;2;5;23;1
202100020558;164 883;7;0;2;3;2;1
202100020559;164 880;32;0;2;3;7;1
202100020559;164 881;7;0;2;2;16;1
202100020560;164 878;10;0;2;3;15;0
202100020560;164 879;60;0;2;0;25;5
202100020561;164 876;7;0;2;8;1;1
202100020561;164 877;33;0;2;1;1;1
202100020562;164 875;1;14;0;1;1;5
202100020563;164 873;7;0;2;3;1;2
202100020563;164 874;1;0;2;7;19;5
202100020564;164 872;30;12;0;0;14;3
202100020565;164 871;33;0;1;1;17;1
202100020566;164 869;1;0;0;1;21;5
202100020566;164 870;7;0;0;0;22;3
202100020567;164 868;7;0;1;1;16;1
202100020568;164 867;7;0;1;2;15;1
202100020569;164 865;7;0;2;3;10;2
202100020569;164 866;33;0;2;2;21;1
202100020570;164 863;7;0;2;1;11;1
202100020570;164 864;33;0;2;5;1;1
202100020571;164 861;32;0;2;2;17;1
202100020571;164 862;7;0;2;3;13;1
202100020572;164 860;30;0;0;0;1;1
202100020573;164 859;50;0;1;7;1;3
202100020574;164 857;7;0;2;3;6;1
202100020574;164 858;34;0;2;1;1;0
202100020575;164 855;7;0;2;1;2;1
202100020575;164 856;7;0;2;4;23;1
202100020576;164 853;7;0;2;2;1;2
202100020576;164 854;33;0;2;1;1;1
202100020577;164 851;1;0;2;4;2;5
202100020577;164 852;37;1;0;4;2;1
202100020578;164 849;7;0;2;1;2;1
202100020578;164 850;10;0;2;4;2;1
202100020579;164 847;60;0;2;0;0;5
202100020579;164 848;7;0;2;2;1;2
202100020580;164 845;43;0;2;1;13;1
202100020580;164 846;7;0;2;1;1;1
202100020581;164 843;32;0;2;1;26;1
202100020581;164 844;7;0;0;6;2;2
202100020582;164 841;2;0;2;8;1;1
202100020582;164 842;7;0;2;7;15;1
202100020583;164 840;7;0;1;3;19;1
202100020584;164 838;7;0;0;0;0;0
202100020584;164 839;30;0;2;1;26;0
202100020585;164 836;7;0;2;5;13;1
202100020585;164 837;10;0;2;1;1;1
202100020586;164 834;10;0;9;2;26;0
202100020586;164 835;50;0;0;1;15;3
202100020587;164 832;7;0;2;2;2;1
202100020587;164 833;7;0;2;3;2;1
202100020588;164 830;99;0;2;1;26;0
202100020588;164 831;99;0;9;5;0;1
202100020589;164 828;7;0;2;7;16;1
202100020589;164 829;32;0;2;8;1;1
202100020590;164 826;1;0;2;1;1;5
202100020590;164 827;1;0;2;1;1;5
202100020591;164 824;7;0;0;0;15;1
202100020591;164 825;7;8;0;1;1;1
202100020592;164 822;34;0;2;7;1;1
202100020592;164 823;7;0;2;1;1;1
202100020593;164 820;7;0;2;3;9;1
202100020593;164 821;31;0;2;2;17;1
202100020594;164 818;7;0;2;4;1;1
202100020594;164 819;13;0;2;1;2;1
202100020595;164 816;7;0;2;4;1;1
202100020595;164 817;7;0;2;1;2;1
202100020596;164 815;7;0;1;1;1;1
202100020597;164 812;33;0;2;3;1;1
202100020597;164 813;7;0;2;6;1;1
202100020597;164 814;33;0;2;1;1;1
202100020598;164 810;7;0;2;4;1;1
202100020598;164 811;7;0;2;1;1;1
202100020599;164 809;7;1;1;2;14;1
202100020600;164 808;7;13;0;1;1;1
202100020601;164 806;7;0;2;1;1;1
202100020601;164 807;7;0;2;1;13;1
202100020602;164 804;7;0;2;1;1;1
202100020602;164 805;7;0;2;1;3;1
202100020603;164 801;7;0;1;4;1;1
202100020603;164 802;7;0;2;3;1;1
202100020603;164 803;10;0;2;1;2;1
202100020604;164 796;33;0;2;1;21;1
202100020604;164 797;7;0;2;6;15;1
202100020605;164 795;7;0;0;9;1;1
202100020606;164 792;7;0;2;2;1;1
202100020606;164 793;1;0;2;4;1;5
202100020606;164 794;1;0;2;4;1;5
202100020607;164 790;33;0;2;1;17;1
202100020607;164 791;7;0;2;8;10;1
202100020608;164 789;33;0;0;1;1;1
202100020609;164 788;36;8;0;3;1;1
202100020610;164 786;15;0;2;6;15;1
202100020610;164 787;7;0;2;3;17;1
202100020611;164 784;1;0;2;7;0;5
202100020611;164 785;10;0;9;1;1;1
202100020612;164 782;7;0;2;3;1;1
202100020612;164 783;21;0;2;8;1;1
202100020613;164 778;7;0;0;8;23;1
202100020613;164 779;7;0;0;4;23;1
202100020613;164 780;7;1;0;1;14;1
202100020613;164 781;7;0;0;8;23;2
202100020614;164 776;1;0;2;1;15;5
202100020614;164 777;7;0;2;2;1;1
202100020615;164 775;33;13;0;3;15;1
202100020616;164 774;7;2;0;3;0;1
202100020617;164 773;7;6;0;8;13;1
202100020618;164 772;2;0;0;0;1;1
202100020619;164 771;33;13;0;9;14;1
202100020620;164 770;7;0;9;8;15;1
202100020621;164 768;1;0;2;4;1;5
202100020621;164 769;7;0;2;2;1;1
202100020622;164 766;1;0;0;4;13;5
202100020622;164 767;7;0;9;1;1;1
202100020623;164 763;32;0;2;1;1;1
202100020623;164 764;7;0;2;4;15;1
202100020623;164 765;3;0;2;1;2;1
202100020624;164 760;7;2;2;1;1;1
202100020624;164 761;7;2;2;3;1;1
202100020624;164 762;7;0;2;1;17;1
202100020625;164 757;31;0;2;1;1;1
202100020625;164 758;33;0;2;1;1;1
202100020625;164 759;33;0;2;1;17;1
202100020626;164 756;33;13;0;9;6;1
202100020627;164 755;7;8;0;2;21;1
202100020628;164 753;7;0;2;3;1;1
202100020628;164 754;33;0;2;8;13;1
202100020629;164 751;10;0;9;3;1;1
202100020629;164 752;33;0;2;1;13;1
202100020630;164 749;21;0;0;4;1;1
202100020630;164 750;7;0;2;1;14;1
202100020631;164 748;7;2;0;1;0;1
202100020632;164 746;7;0;2;3;1;1
202100020632;164 747;2;0;2;1;13;1
202100020633;164 744;7;0;1;2;1;2
202100020634;164 742;7;0;2;1;26;1
202100020634;164 743;7;6;2;2;15;1
202100020635;164 739;10;0;0;8;1;1
202100020635;164 740;7;0;0;3;2;1
202100020635;164 741;7;0;0;8;1;1
202100020636;164 738;7;2;0;1;1;1
202100020637;164 737;2;0;0;9;26;1
202100020638;164 736;7;13;0;1;1;1
202100020639;164 734;7;0;2;1;1;1
202100020639;164 735;7;0;2;7;19;1
202100020640;164 733;33;0;0;7;1;1
202100020641;164 731;7;0;2;8;13;0
202100020641;164 732;33;0;2;8;0;1
202100020642;164 730;7;6;0;1;0;1
202100020643;164 729;31;12;0;1;6;1
202100020644;164 728;2;3;0;1;13;1
202100020645;164 726;7;0;0;3;1;1
202100020645;164 727;7;0;2;3;0;1
202100020646;164 724;17;0;2;3;13;1
202100020646;164 725;17;0;2;3;1;1
202100020647;164 722;7;0;2;3;15;1
202100020647;164 723;7;0;2;1;1;1
202100020648;164 720;31;0;2;1;21;1
202100020648;164 721;7;0;2;7;15;1
202100020649;164 717;15;0;2;3;23;1
202100020649;164 718;10;0;2;4;23;1
202100020649;164 719;10;0;2;1;1;1
202100020650;164 715;0;0;0;0;19;0
202100020650;164 716;1;0;0;9;1;5
202100020651;164 713;3;0;0;4;2;1
202100020651;164 714;7;0;2;1;2;1
202100020652;164 712;7;0;1;3;1;1
202100020653;164 711;33;13;0;9;1;1
202100020654;164 710;7;0;0;0;1;1
202100020655;164 708;7;0;2;8;13;1
202100020655;164 709;1;0;2;1;1;5
202100020656;164 707;33;5;0;1;1;1
202100020657;164 705;2;5;0;2;1;1
202100020658;164 703;10;0;2;3;1;1
202100020658;164 704;1;0;2;0;13;0
202100020659;164 701;7;0;2;2;2;1
202100020659;164 702;7;0;2;3;1;1
202100020660;164 700;7;0;1;1;1;1
202100020661;164 698;10;0;0;6;2;1
202100020661;164 699;2;7;2;2;2;1
202100020662;164 697;33;13;0;1;26;1
202100020663;164 695;7;0;2;5;12;1
202100020663;164 696;33;0;2;1;3;1
202100020664;164 694;7;7;0;1;9;1
202100020665;164 692;7;0;2;6;11;1
202100020665;164 693;33;0;2;1;1;1
202100020666;164 690;7;0;2;4;1;1
202100020666;164 691;10;0;2;2;1;1
202100020667;164 688;7;0;2;8;11;1
202100020667;164 689;33;0;2;7;3;6
202100020668;164 687;10;0;1;7;1;1
202100020669;164 686;7;0;1;4;1;1
202100020670;164 684;7;0;2;1;2;1
202100020670;164 685;7;0;2;6;23;1
202100020671;164 683;31;2;0;1;14;1
202100020672;164 682;50;0;0;1;0;3
202100020673;164 681;33;15;0;8;1;1
202100020674;164 679;33;0;2;1;2;1
202100020674;164 680;7;14;0;3;2;1
202100020675;164 677;33;0;2;1;2;1
202100020675;164 678;7;0;2;5;2;1
202100020676;164 675;10;0;2;1;13;1
202100020676;164 676;33;0;2;1;1;1
202100020677;164 673;33;0;2;4;2;1
202100020677;164 674;1;0;2;2;2;5
202100020678;164 672;10;0;1;1;5;0
202100020679;164 670;7;0;2;3;9;1
202100020679;164 671;33;0;2;1;1;1
202100020680;164 668;1;1;2;1;1;5
202100020680;164 669;7;1;2;7;24;1
202100020681;164 667;33;0;0;9;26;0
202100020682;164 666;7;1;0;9;14;1
202100020683;164 659;7;0;2;2;1;1
202100020683;164 660;1;0;2;0;1;0
202100020684;164 658;33;0;1;1;2;1
202100020685;164 657;7;0;1;2;1;1
202100020686;164 654;7;0;2;5;2;1
202100020686;164 655;7;0;2;1;2;1
202100020686;164 656;7;0;2;4;2;1
202100020687;164 652;7;0;2;1;1;1
202100020687;164 653;1;0;2;8;1;5
202100020688;164 651;30;15;0;2;26;1
202100020689;164 649;7;6;1;1;19;1
202100020689;164 650;7;0;2;8;10;1
202100020690;164 646;99;0;2;1;26;3
202100020690;164 647;7;0;9;6;1;1
202100020691;164 645;3;6;0;1;26;1
202100020692;164 642;43;15;0;1;14;1
202100020693;164 640;7;0;2;1;5;1
202100020693;164 641;32;0;2;1;1;1
202100020694;164 639;33;12;0;7;1;1
202100020695;164 636;7;0;2;4;1;1
202100020695;164 637;7;0;2;4;1;1
202100020695;164 638;7;0;2;1;1;1
202100020696;164 635;7;12;0;1;26;1
202100020697;164 634;7;0;1;6;1;1
202100020698;164 632;7;0;1;2;19;0
202100020698;164 633;50;0;2;1;19;0
202100020699;164 630;2;0;2;0;1;1
202100020699;164 631;7;0;9;0;13;1
202100020700;164 627;10;0;2;8;1;0
202100020700;164 628;7;0;2;3;13;2
202100020700;164 629;33;0;2;1;1;1
202100020701;164 626;7;8;0;1;19;1
202100020702;164 624;7;0;2;4;2;1
202100020702;164 625;7;0;2;1;2;1
202100020703;164 622;33;0;2;2;1;1
202100020703;164 623;35;0;2;3;10;1
202100020704;164 620;7;0;2;1;0;1
202100020704;164 621;7;0;2;3;0;1
202100020705;164 618;10;0;2;2;26;0
202100020705;164 619;7;0;2;1;0;6
202100020706;164 617;7;0;1;1;15;1
202100020707;164 616;33;6;0;1;1;1
202100020708;164 615;99;0;1;2;26;1
202100020709;164 613;1;0;2;1;15;5
202100020709;164 614;7;0;2;1;1;1
202100020710;164 611;7;0;2;0;9;1
202100020710;164 612;32;0;2;1;1;1
202100020711;164 609;30;0;2;1;2;1
202100020711;164 610;7;0;2;4;23;1
202100020712;164 606;30;0;2;8;2;1
202100020712;164 607;7;0;2;0;9;0
202100020712;164 608;7;0;2;6;2;1
202100020713;164 604;30;0;2;2;17;1
202100020713;164 605;7;0;2;3;15;1
202100020714;164 602;7;0;2;2;1;1
202100020714;164 603;30;0;2;3;15;1
202100020715;164 601;7;11;0;3;14;1
202100020716;164 599;7;0;2;2;1;2
202100020716;164 600;7;0;2;0;1;1
202100020717;164 597;7;0;2;7;14;1
202100020717;164 598;7;0;2;8;24;1
202100020718;164 595;32;0;2;2;17;1
202100020718;164 596;7;0;2;3;15;1
202100020719;164 594;7;0;1;2;1;1
202100020720;164 592;30;0;2;4;1;1
202100020720;164 593;7;0;2;1;2;0
202100020721;164 590;7;0;2;7;1;1
202100020721;164 591;30;0;2;1;1;3
202100020722;164 587;1;0;2;1;7;5
202100020722;164 588;1;0;2;0;7;5
202100020722;164 589;7;0;2;1;10;1
202100020723;164 585;50;0;2;3;1;3
202100020723;164 586;7;0;2;5;22;1
202100020724;164 583;7;0;2;8;1;1
202100020724;164 584;31;0;2;1;1;1
202100020725;164 581;31;0;2;3;1;1
202100020725;164 582;7;0;2;2;15;2
202100020726;164 579;7;0;2;1;0;1
202100020726;164 580;1;0;2;8;0;5
202100020727;164 577;30;0;2;1;2;1
202100020727;164 578;7;0;2;5;2;1
202100020728;164 575;10;0;2;2;2;1
202100020728;164 576;7;1;0;2;26;1
202100020729;164 574;7;0;1;1;1;1
202100020730;164 572;7;8;2;2;1;1
202100020730;164 573;7;0;2;2;15;1