Num_Acc;id_vehicule;categorie_vehicule;obstacle_fixe;obstacle_mobile;point_choc_initial;manoeuvre_principale;motorisation
202100020731;164 571;7;13;0;3;2;1
202100020732;164 570;2;1;0;1;1;1
202100020733;164 569;33;15;0;1;6;1
202100020734;164 568;7;2;0;8;1;1
202100020735;164 567;7;8;0;0;1;1
202100020736;164 565;10;1;2;3;1;1
202100020736;164 566;10;1;2;2;1;1
202100020737;164 564;10;0;1;4;4;1
202100020738;164 561;1;0;2;8;1;5
202100020738;164 562;7;0;2;3;1;1
202100020738;164 563;10;0;2;3;17;1
202100020739;164 560;33;13;0;1;1;1
202100020740;164 559;7;0;1;1;1;1
202100020741;164 557;21;0;2;6;15;1
202100020741;164 558;33;0;2;1;17;1
202100020742;164 555;7;0;2;3;10;1
202100020742;164 556;33;0;2;2;1;1
202100020743;164 552;10;0;2;6;1;1
202100020743;164 553;7;0;2;2;1;1
202100020743;164 554;7;0;2;4;1;1
202100020744;164 551;2;7;0;3;1;1
202100020745;164 549;1;0;2;3;2;6
202100020745;164 550;7;0;9;2;21;1
202100020746;164 548;33;0;0;0;1;1
202100020747;164 546;7;0;0;6;1;1
202100020747;164 547;7;7;2;1;14;1
202100020748;164 544;7;0;2;2;13;1
202100020748;164 545;2;0;2;1;15;1
202100020749;164 543;7;2;0;2;17;1
202100020750;164 542;7;2;0;1;1;1
202100020751;164 541;7;0;1;2;2;1
202100020752;164 539;32;0;2;4;1;1
202100020752;164 540;31;0;2;1;1;1
202100020753;164 537;7;0;2;1;13;1
202100020753;164 538;10;0;2;2;21;1
202100020754;164 536;31;0;0;0;0;1
202100020755;164 535;33;13;0;8;1;1
202100020756;164 533;80;0;2;4;2;3
202100020756;164 534;7;0;2;0;2;1
202100020757;164 531;7;0;2;1;1;1
202100020757;164 532;2;0;2;4;1;1
202100020758;164 529;33;0;2;8;1;1
202100020758;164 530;10;0;2;1;16;1
202100020759;164 528;33;0;0;0;1;1
202100020760;164 527;33;0;0;7;1;1
202100020761;164 525;15;0;0;0;2;1
202100020761;164 526;1;12;0;0;2;5
202100020762;164 524;7;2;0;9;0;1
202100020763;164 523;2;12;0;0;21;1
202100020764;164 522;7;6;0;8;2;1
202100020765;164 521;2;2;0;1;1;1
202100020766;164 520;33;3;0;3;1;1
202100020767;164 518;1;0;2;1;13;5
202100020767;164 519;7;0;2;2;1;1
202100020768;164 516;2;0;2;1;1;1
202100020768;164 517;7;0;2;2;15;1
202100020769;164 515;7;9;0;1;11;1
202100020770;164 514;7;2;0;3;13;1
202100020771;164 512;33;0;2;1;1;1
202100020771;164 513;10;0;2;2;9;1
202100020772;164 510;7;0;2;2;2;1
202100020772;164 511;7;0;2;6;16;1
202100020773;164 508;33;0;2;1;1;1
202100020773;164 509;7;0;2;1;15;1
202100020774;164 506;7;0;2;2;1;1
202100020774;164 507;21;0;2;5;26;1
202100020775;164 505;10;2;0;2;1;1
202100020776;164 504;1;0;0;0;1;5
202100020777;164 503;7;2;0;1;1;1
202100020778;164 502;7;8;0;1;15;1
202100020779;164 501;36;0;0;9;1;1
202100020780;164 500;7;0;0;1;1;1
202100020781;164 499;33;13;0;1;1;1
202100020782;164 498;33;16;0;0;1;1
202100020783;164 496;7;0;2;5;12;1
202100020783;164 497;7;0;2;3;1;1
202100020784;164 494;7;0;2;2;1;1
202100020784;164 495;33;0;2;3;9;1
202100020785;164 492;7;0;2;3;2;1
202100020785;164 493;7;0;0;5;2;1
202100020786;164 490;1;0;2;1;1;5
202100020786;164 491;7;0;2;2;20;1
202100020787;164 489;2;0;0;7;0;1
202100020788;164 487;33;0;2;1;1;1
202100020788;164 488;7;8;2;3;17;1
202100020789;164 485;10;0;2;3;1;1
202100020789;164 486;7;0;2;3;13;1
202100020790;164 484;33;13;0;3;1;0
202100020791;164 483;33;2;0;1;1;1
202100020792;164 480;1;0;9;1;1;5
202100020792;164 481;1;0;2;1;1;5
202100020792;164 482;7;0;9;7;15;1
202100020793;164 479;7;14;0;1;0;1
202100020794;164 478;33;0;0;7;1;1
202100020795;164 476;80;0;0;9;1;3
202100020795;164 477;80;0;0;9;1;3
202100020796;164 474;7;0;9;3;1;1
202100020796;164 475;80;0;2;3;13;3
202100020797;164 473;7;1;0;2;1;1
202100020798;164 472;33;0;0;7;1;1
202100020799;164 470;7;0;2;7;15;1
202100020799;164 471;33;0;2;1;1;1
202100020800;164 468;7;0;2;2;2;1
202100020800;164 469;80;0;0;4;1;3
202100020801;164 466;7;0;2;3;1;1
202100020801;164 467;31;0;0;7;15;1
202100020802;164 465;7;3;0;3;21;1
202100020803;164 463;7;0;2;4;2;1
202100020803;164 464;7;0;2;1;2;1
202100020804;164 460;7;0;2;1;2;1
202100020804;164 461;7;0;2;4;2;1
202100020804;164 462;7;0;2;4;2;1
202100020805;164 459;7;4;0;2;14;1
202100020806;164 456;7;0;2;4;2;1
202100020806;164 457;7;0;2;4;2;1
202100020806;164 458;7;0;2;1;2;1
202100020807;164 454;7;0;2;2;2;1
202100020807;164 455;7;0;2;6;11;1
202100020808;164 452;7;0;2;8;11;1
202100020808;164 453;32;0;2;7;1;1
202100020809;164 448;10;0;2;1;2;1
202100020809;164 449;7;0;2;4;2;2
202100020809;164 450;7;0;2;4;2;1
202100020809;164 451;7;0;2;4;2;1
202100020810;164 446;7;0;2;2;2;1
202100020810;164 447;7;0;2;6;2;1
202100020811;164 444;7;3;2;3;14;1
202100020811;164 445;7;0;2;5;1;1
202100020812;164 443;7;4;0;1;9;1
202100020813;164 442;33;0;0;9;3;1
202100020814;164 440;7;0;2;1;2;1
202100020814;164 441;7;0;2;4;2;1
202100020815;164 438;7;4;2;4;2;1
202100020815;164 439;43;4;2;1;2;1
202100020816;164 436;7;0;2;7;12;1
202100020816;164 437;33;0;2;1;3;1
202100020817;164 433;7;0;2;6;2;1
202100020817;164 434;7;0;2;0;1;1
202100020817;164 435;7;0;2;1;1;1
202100020818;164 431;7;0;2;6;1;1
202100020818;164 432;7;4;2;1;14;1
202100020819;164 430;7;0;2;9;1;1
202100020820;164 429;7;4;0;2;1;1
202100020821;164 427;7;4;2;1;16;1
202100020821;164 428;7;4;2;5;16;1
202100020822;164 425;99;0;2;6;3;1
202100020822;164 426;7;0;2;2;2;1
202100020823;164 423;7;0;2;8;11;1
202100020823;164 424;7;0;2;7;1;1
202100020824;164 421;32;8;2;7;1;1
202100020824;164 422;7;0;2;2;17;1
202100020825;164 420;7;0;0;3;26;1
202100020826;164 419;33;4;0;1;1;1
202100020827;164 417;32;0;2;1;1;1
202100020827;164 418;32;0;2;1;17;1
202100020828;164 415;7;0;9;1;14;1
202100020828;164 416;1;0;2;1;15;5
202100020829;164 413;33;0;2;1;1;1
202100020829;164 414;7;0;2;8;15;1
202100020830;164 410;50;0;2;7;19;3
202100020830;164 411;50;0;2;7;19;3
202100020830;164 412;99;0;2;1;26;6
202100020831;164 409;10;0;1;3;15;1
202100020832;164 408;7;0;1;7;9;1
202100020833;164 406;7;0;2;3;9;1
202100020833;164 407;10;0;2;2;1;1
202100020834;164 404;7;0;2;1;2;1
202100020834;164 405;7;0;0;4;2;1
202100020835;164 402;3;0;2;1;13;1
202100020835;164 403;7;0;2;1;1;1
202100020836;164 398;31;0;2;1;1;1
202100020836;164 399;7;0;2;8;1;1
202100020837;164 396;2;0;2;2;2;1
202100020837;164 397;7;0;2;8;9;1
202100020838;164 394;7;0;2;3;23;1
202100020838;164 395;2;0;2;1;18;1
202100020839;164 393;32;0;0;7;21;1
202100020840;164 391;7;0;2;2;16;1
202100020840;164 392;2;0;2;8;18;1
202100020841;164 389;7;0;2;1;0;1
202100020841;164 390;7;0;2;0;5;1
202100020842;164 388;30;2;0;1;1;1
202100020843;164 387;7;0;1;1;26;1
202100020844;164 386;7;0;1;0;15;
202100020845;164 384;33;0;2;7;1;1
202100020845;164 385;7;0;2;1;1;1
202100020846;164 383;1;12;0;1;1;5
202100020847;164 381;1;0;2;3;15;5
202100020847;164 382;30;0;2;2;26;1
202100020848;164 380;7;8;0;0;1;1
202100020849;164 379;37;0;1;1;0;1
202100020850;164 378;37;0;1;2;16;1
202100020851;164 376;33;0;2;5;1;1
202100020851;164 377;7;0;2;2;9;1
202100020852;164 374;7;0;2;1;15;1
202100020852;164 375;7;0;2;3;1;1
202100020853;164 373;7;0;1;3;1;1
202100020854;164 371;7;0;9;3;2;1
202100020854;164 372;50;0;2;1;1;3
202100020855;164 369;7;0;2;3;1;1
202100020855;164 370;50;0;2;1;1;3
202100020856;164 367;7;0;2;1;15;1
202100020856;164 368;7;0;2;3;26;1
202100020857;164 365;32;0;2;8;1;1
202100020857;164 366;7;0;2;7;16;1
202100020858;164 363;7;0;2;1;1;1
202100020858;164 364;7;0;2;4;15;1
202100020859;164 362;7;0;1;2;9;1
202100020860;164 360;7;0;2;9;15;1
202100020860;164 361;7;0;2;1;1;1
202100020861;164 357;7;0;2;1;2;1
202100020861;164 358;7;0;2;3;2;1
202100020861;164 359;7;0;2;4;26;1
202100020862;164 355;7;0;2;2;15;1
202100020862;164 356;33;0;2;1;1;1
202100020863;164 354;7;6;0;1;0;1
202100020864;164 353;1;0;1;1;1;5
202100020865;164 352;7;0;1;7;16;1
202100020866;164 350;33;0;2;1;1;1
202100020866;164 351;7;0;2;3;15;1
202100020867;164 347;7;0;2;1;2;2
202100020867;164 348;7;0;2;6;1;1
202100020867;164 349;7;0;0;4;1;1
202100020868;164 345;7;0;2;1;1;1
202100020868;164 346;7;0;2;4;1;1
202100020869;164 344;7;5;0;0;1;
202100020870;164 342;7;0;2;1;2;2
202100020870;164 343;7;0;2;4;2;1
202100020871;164 340;7;0;2;5;4;1
202100020871;164 341;1;0;2;5;1;5
202100020872;164 338;7;0;2;4;23;1
202100020872;164 339;2;0;2;1;2;1
202100020873;164 337;1;0;1;0;0;5
202100020874;164 336;43;9;0;1;26;1
202100020875;164 335;7;0;1;1;0;1
202100020876;164 334;30;0;0;1;1;1
202100020877;164 332;32;0;2;1;1;1
202100020877;164 333;1;0;0;0;0;0
202100020878;164 330;3;0;2;0;0;0
202100020878;164 331;3;0;0;0;0;0
202100020879;164 328;7;0;2;3;11;1
202100020879;164 329;7;0;2;5;1;1
202100020880;164 326;10;0;2;5;1;1
202100020880;164 327;31;0;2;3;3;1
202100020881;164 324;7;0;2;7;1;1
202100020881;164 325;7;0;2;1;1;1
202100020882;164 322;7;0;2;3;10;0
202100020882;164 323;30;0;2;3;1;1
202100020883;164 320;80;0;2;1;18;3
202100020883;164 321;7;0;2;3;22;1
202100020884;164 319;1;0;0;0;1;5
202100020885;164 317;10;0;2;7;14;1
202100020885;164 318;50;0;2;3;1;3
202100020886;164 316;7;0;1;2;1;2
202100020887;164 314;33;0;2;3;18;1
202100020887;164 315;7;0;2;2;16;1
202100020888;164 312;33;0;2;8;1;1
202100020888;164 313;7;0;2;1;9;1
202100020889;164 310;14;0;2;4;23;1
202100020889;164 311;30;1;0;1;1;1
202100020890;164 309;7;0;1;2;15;1
202100020891;164 307;7;0;2;8;2;1
202100020891;164 308;7;0;2;2;2;1
202100020892;164 304;33;0;2;4;26;1
202100020892;164 305;10;0;2;4;20;1
202100020892;164 306;7;0;2;1;2;2
202100020893;164 302;34;0;2;8;1;1
202100020893;164 303;7;0;2;7;16;1
202100020894;164 300;30;0;2;1;26;1
202100020894;164 301;50;0;2;2;0;3
202100020895;164 299;7;1;0;2;14;2
202100020896;164 298;7;0;1;2;16;1
202100020897;164 296;7;0;2;4;1;1
202100020897;164 297;30;0;2;1;2;1
202100020898;164 294;31;0;2;1;1;1
202100020898;164 295;30;0;2;4;15;1
202100020899;164 293;7;0;0;0;0;1
202100020900;164 291;33;0;2;1;2;1
202100020900;164 292;7;0;2;5;2;1
202100020901;164 290;30;15;0;1;0;1
202100020902;164 287;7;1;2;1;2;1
202100020902;164 288;7;4;0;7;23;1
202100020902;164 289;7;3;2;6;1;1
202100020903;164 285;33;0;2;1;17;1
202100020903;164 286;7;0;2;3;15;1
202100020904;164 284;35;0;0;8;9;1
202100020905;164 282;7;0;2;3;13;1
202100020905;164 283;7;0;2;8;1;2
202100020906;164 281;7;13;0;1;1;1
202100020907;164 279;37;0;2;1;2;1
202100020907;164 280;7;0;2;4;15;1
202100020908;164 278;2;0;0;9;14;1
202100020909;164 276;7;0;2;3;13;1
202100020909;164 277;7;0;2;1;1;1
202100020910;164 275;2;0;0;2;16;1
202100020911;164 274;33;15;0;1;0;1
202100020912;164 273;2;0;0;0;15;1
202100020913;164 271;7;0;2;3;0;1
202100020913;164 272;7;0;2;2;1;1
202100020914;164 270;7;15;0;1;14;1
202100020915;164 268;7;0;2;3;19;1
202100020915;164 269;31;0;2;1;1;1
202100020916;164 266;33;0;2;1;1;1
202100020916;164 267;33;0;2;4;1;1
202100020917;164 265;7;2;0;0;1;1
202100020918;164 264;7;0;1;2;16;1
202100020919;164 263;33;15;0;7;14;1
202100020920;164 260;2;0;0;4;1;1
202100020920;164 261;7;0;2;2;2;1
202100020920;164 262;2;0;0;4;1;1
202100020921;164 259;7;2;0;1;0;1
202100020922;164 258;2;0;0;0;1;1
202100020923;164 256;7;0;2;1;1;1
202100020923;164 257;1;0;2;1;1;5
202100020924;164 254;7;0;2;6;19;1
202100020924;164 255;7;0;2;1;1;1
202100020925;164 252;33;0;2;3;1;1
202100020925;164 253;7;0;2;3;1;1
202100020926;164 251;7;2;0;3;1;1
202100020927;164 249;7;0;0;6;17;1
202100020927;164 250;7;0;2;2;17;1
202100020928;164 247;7;0;2;3;1;0
202100020928;164 248;7;0;2;3;13;0
202100020929;164 246;7;15;0;3;0;0
202100020930;164 245;33;13;0;1;13;1
202100020931;164 243;7;0;2;2;1;1
202100020931;164 244;2;0;2;5;15;1
202100020932;164 242;2;0;0;8;14;1
202100020933;164 241;1;0;0;1;0;5
202100020934;164 240;33;2;0;3;1;1
202100020935;164 239;7;0;0;9;13;0
202100020936;164 237;30;0;2;1;1;1
202100020936;164 238;10;0;2;7;15;1
202100020937;164 236;21;0;1;2;1;1
202100020938;164 235;7;0;1;1;0;1
202100020939;164 233;7;0;2;2;16;1
202100020939;164 234;33;0;2;3;1;1
202100020940;164 231;43;12;2;2;26;1
202100020940;164 232;31;0;2;5;23;1
202100020941;164 230;7;7;0;1;1;1
202100020942;164 228;1;0;2;0;1;6
202100020942;164 229;7;0;9;3;1;1
202100020943;164 227;33;0;0;8;1;1
202100020944;164 226;7;12;0;9;26;1
202100020945;164 223;7;3;0;4;2;1
202100020945;164 224;7;3;2;1;2;1
202100020945;164 225;7;0;0;1;1;1
202100020946;164 221;7;4;0;7;0;1
202100020946;164 222;7;4;0;9;1;1
202100020947;164 219;7;0;2;1;2;1
202100020947;164 220;7;3;0;4;23;1
202100020948;164 217;7;3;0;4;2;1
202100020948;164 218;7;3;2;1;2;1
202100020949;164 216;10;0;0;9;13;1
202100020950;164 214;7;0;2;1;1;1
202100020950;164 215;7;0;2;1;13;1
202100020951;164 212;1;0;2;7;19;5
202100020951;164 213;7;0;9;1;21;1
202100020952;164 211;7;13;0;1;2;1
202100020953;164 210;7;13;0;1;1;1
202100020954;164 208;7;0;2;1;1;1
202100020954;164 209;7;0;2;1;13;1
202100020955;164 207;7;0;1;2;0;1
202100020956;164 205;33;0;0;1;1;1
202100020956;164 206;33;0;2;1;1;1
202100020957;164 204;33;0;0;0;1;1
202100020958;164 203;31;6;0;1;26;1
202100020959;164 202;1;13;0;0;1;5
202100020960;164 200;33;0;2;1;1;1
202100020960;164 201;7;0;2;3;1;1
202100020961;164 199;7;11;0;1;1;1
202100020962;164 197;7;0;2;2;15;1
202100020962;164 198;33;0;2;1;1;1
202100020963;164 196;33;8;0;2;21;1
202100020964;164 194;7;0;2;8;15;1
202100020964;164 195;33;0;2;1;2;1
202100020965;164 192;33;0;2;1;17;1
202100020965;164 193;34;0;2;1;9;1
202100020966;164 190;7;0;2;2;17;1
202100020966;164 191;30;0;2;3;15;3
202100020967;164 188;7;0;2;8;19;1
202100020967;164 189;7;0;2;1;1;1
202100020968;164 187;7;0;1;3;1;1
202100020969;164 186;7;0;1;1;1;1
202100020970;164 185;7;0;1;0;13;1
202100020971;164 183;33;0;2;2;1;1
202100020971;164 184;7;0;2;2;26;1
202100020972;164 182;7;9;0;1;2;1
202100020973;164 180;10;0;2;1;2;1
202100020973;164 181;7;0;2;4;2;1
202100020974;164 177;7;0;2;3;2;1
202100020974;164 178;7;0;2;1;2;1
202100020974;164 179;7;0;2;4;21;1
202100020975;164 174;7;0;2;4;1;1
202100020975;164 175;7;0;2;4;2;1
202100020975;164 176;7;0;2;1;2;1
202100020976;164 173;7;4;0;3;13;1
202100020977;164 171;7;0;2;4;2;1
202100020977;164 172;7;0;2;3;2;1
202100020978;164 169;7;0;2;2;13;1
202100020978;164 170;7;0;2;5;10;1
202100020979;164 168;7;4;0;3;2;1
202100020980;164 167;33;0;0;4;2;1
202100020981;164 164;7;0;2;4;2;1
202100020981;164 165;7;0;2;4;2;1
202100020981;164 166;7;0;2;1;2;1
202100020982;164 159;7;0;2;4;1;2
202100020982;164 160;7;0;2;4;1;1
202100020982;164 161;7;0;2;4;1;1
202100020982;164 162;7;0;2;4;1;1
202100020982;164 163;7;0;2;1;1;1
202100020983;164 158;7;14;0;2;26;1
202100020984;164 156;7;0;2;4;1;1
202100020984;164 157;7;0;2;1;2;1
202100020985;164 154;7;0;2;4;2;1
202100020985;164 155;10;0;2;1;1;1
202100020986;164 152;33;0;2;3;3;1
202100020986;164 153;7;0;2;7;12;1
202100020987;164 151;7;0;1;1;1;0
202100020988;164 149;7;0;2;2;19;1
202100020988;164 150;7;0;2;1;1;1
202100020989;164 146;7;0;1;1;1;1
202100020990;164 145;7;0;1;2;26;1
202100020991;164 143;33;0;2;6;15;1
202100020991;164 144;2;0;2;7;1;1
202100020992;164 142;7;0;1;2;1;1
202100020993;164 140;7;0;2;1;15;1
202100020993;164 141;1;0;2;1;16;6
202100020994;164 137;43;0;2;7;1;1
202100020994;164 138;7;0;2;8;1;1
202100020994;164 139;7;0;2;8;11;1
202100020995;164 135;2;0;2;0;0;0
202100020995;164 136;7;0;2;1;1;1
202100020996;164 133;7;0;2;8;1;1
202100020996;164 134;7;0;2;1;1;1
202100020997;164 131;7;0;2;4;2;1
202100020997;164 132;30;0;2;1;2;1
202100020998;164 129;32;0;2;8;1;1
202100020998;164 130;7;0;2;1;15;1
202100020999;164 127;50;0;2;1;1;3
202100020999;164 128;1;0;2;1;1;5
202100021000;164 126;1;9;1;0;1;5
202100021001;164 124;7;0;2;7;16;1
202100021001;164 125;7;0;2;8;2;1
202100021002;164 122;2;0;2;1;17;1
202100021002;164 123;7;0;2;6;20;1
202100021003;164 121;7;0;1;1;1;1
202100021004;164 119;2;0;2;1;1;1
202100021004;164 120;7;0;2;2;15;1
202100021005;164 117;7;0;1;8;24;1
202100021005;164 118;1;1;0;1;1;5
202100021006;164 115;7;0;9;8;9;1
202100021006;164 116;1;0;2;1;0;5
202100021007;164 113;7;0;2;1;26;1
202100021007;164 114;7;0;2;3;26;1
202100021008;164 111;7;0;2;7;10;1
202100021008;164 112;7;0;2;3;1;1
202100021009;164 108;10;14;0;2;14;1
202100021009;164 109;14;0;2;8;23;0
202100021009;164 110;7;5;2;7;23;2
202100021010;164 106;32;0;2;1;1;0
202100021010;164 107;7;0;2;7;15;0
202100021011;164 104;7;0;2;1;1;1
202100021011;164 105;1;0;2;4;1;5
202100021012;164 103;7;9;2;2;14;1
202100021013;164 102;7;0;1;3;1;1
202100021014;164 100;7;0;2;1;13;1
202100021014;164 101;30;0;2;1;1;1
202100021015;164 097;33;0;0;0;2;1
202100021015;164 098;33;0;9;0;2;1
202100021016;164 096;33;1;5;1;1;1
202100021017;164 095;7;0;1;1;2;1
202100021018;164 093;7;0;2;1;1;1
202100021018;164 094;1;0;2;1;1;5
202100021019;164 091;7;0;2;0;1;1
202100021019;164 092;1;0;2;0;1;5
202100021020;164 090;7;0;1;1;1;1
202100021021;164 088;10;0;2;8;16;1
202100021021;164 089;7;0;2;2;1;1
202100021022;164 086;7;0;2;1;15;1
202100021022;164 087;7;0;2;1;1;1
202100021023;164 084;7;0;2;3;9;1
202100021023;164 085;7;0;2;2;1;1
202100021024;164 081;7;0;2;4;2;1
202100021024;164 082;7;0;2;6;1;1
202100021024;164 083;7;0;2;2;17;1
202100021025;164 079;3;0;2;2;15;1
202100021025;164 080;30;0;2;1;18;1
202100021026;164 077;7;0;2;6;22;1
202100021026;164 078;1;1;0;1;1;5
202100021027;164 076;7;14;0;1;1;1
202100021028;164 075;2;0;0;0;1;1
202100021029;164 073;30;0;2;8;1;1
202100021029;164 074;7;0;2;2;12;2
202100021030;164 071;7;0;2;4;1;1
202100021030;164 072;7;0;2;1;1;0
202100021031;164 069;7;0;2;2;9;2
202100021031;164 070;7;0;2;3;9;1
202100021032;164 067;3;0;2;3;15;1
202100021032;164 068;50;0;2;0;2;3
202100021033;164 065;33;0;2;2;15;1
202100021033;164 066;15;0;2;3;15;0
202100021034;164 063;1;0;2;1;1;5
202100021034;164 064;7;0;2;5;15;1
202100021035;164 061;7;0;2;6;1;1
202100021035;164 062;33;0;2;2;2;1
202100021036;164 059;7;0;2;3;1;1
202100021036;164 060;7;0;2;1;15;1
202100021037;164 057;7;0;2;1;15;1
202100021037;164 058;33;0;2;2;1;1
202100021038;164 055;1;0;2;1;2;5
202100021038;164 056;7;0;2;4;1;1
202100021039;164 053;7;0;2;1;1;1
202100021039;164 054;7;0;2;1;21;1
202100021040;164 050;7;1;1;2;1;0
202100021040;164 051;7;0;2;8;24;1
202100021040;164 052;7;0;2;4;24;1
202100021041;164 048;37;0;9;7;26;1
202100021041;164 049;50;0;9;1;5;3
202100021042;164 047;7;0;1;1;26;1
202100021043;164 046;10;0;1;1;26;1
202100021044;164 044;7;0;2;4;2;1
202100021044;164 045;7;0;2;1;2;1
202100021045;164 042;7;0;2;1;26;1
202100021045;164 043;7;0;2;3;26;1
202100021046;164 040;1;9;0;4;1;5
202100021046;164 041;7;9;2;2;2;1
202100021047;164 038;2;0;0;0;1;1
202100021047;164 039;7;0;2;1;9;1
202100021048;164 035;7;0;2;1;2;1
202100021048;164 036;7;0;2;1;1;1
202100021048;164 037;7;0;2;2;2;1
202100021049;164 033;7;0;2;5;1;1
202100021049;164 034;1;0;2;1;9;5
202100021050;164 031;7;0;2;1;1;1
202100021050;164 032;7;0;2;3;1;1
202100021051;164 030;7;14;0;1;1;1
202100021052;164 028;7;0;2;2;9;2
202100021052;164 029;1;0;2;1;25;5
202100021053;164 026;31;0;2;1;2;1
202100021053;164 027;7;0;2;4;1;1
202100021054;164 024;7;0;2;2;1;1
202100021054;164 025;30;0;2;1;1;1
202100021055;164 022;1;0;2;1;1;5
202100021055;164 023;1;0;2;1;1;5
202100021056;164 020;30;0;2;1;0;1
202100021056;164 021;7;0;2;2;19;1
202100021057;164 019;50;8;0;1;25;3
202100021058;164 018;7;6;0;7;14;1
202100021059;164 016;99;0;2;3;1;0
202100021059;164 017;7;0;2;3;13;1
202100021060;164 014;7;0;2;8;10;1
202100021060;164 015;33;0;2;0;1;1
202100021061;164 013;7;13;0;2;1;1
202100021062;164 011;7;0;2;7;12;1
202100021062;164 012;14;0;2;0;1;1
202100021063;164 009;7;1;0;0;0;1
202100021063;164 010;7;1;2;0;0;1
202100021064;164 007;1;0;;;1;
202100021064;164 008;7;0;2;7;1;1
202100021065;164 005;7;0;2;3;1;1
202100021065;164 006;33;0;2;4;23;1
202100021066;164 003;13;0;2;7;1;1
202100021066;164 004;80;0;2;8;1;3
202100021067;164 001;7;0;2;7;15;1
202100021067;164 002;7;0;2;2;1;1
202100021068;163 999;30;0;2;1;0;1
202100021068;164 000;7;0;2;5;1;0
202100021069;163 997;33;0;2;1;1;0
202100021069;163 998;7;0;2;2;9;1
202100021070;163 996;7;0;1;0;1;1
202100021071;163 994;7;0;2;1;15;1
202100021071;163 995;7;0;2;3;1;1
202100021072;163 992;7;0;2;0;16;1
202100021072;163 993;80;0;2;4;16;3
202100021073;163 990;13;0;2;5;20;1
202100021073;163 991;30;0;2;1;1;1
202100021074;163 987;7;0;2;1;15;1
202100021074;163 988;32;0;2;1;1;1
202100021074;163 989;32;0;2;1;1;1
202100021075;163 986;7;8;0;1;1;1
202100021076;163 984;33;0;2;8;1;1
202100021076;163 985;7;0;2;2;19;1
202100021077;163 982;7;0;2;0;2;1
202100021077;163 983;7;0;2;0;2;1
202100021078;163 980;7;0;2;8;1;1
202100021078;163 981;7;15;2;1;1;3
202100021079;163 978;7;0;2;8;11;1
202100021079;163 979;30;0;2;1;11;1
202100021080;163 976;7;0;2;6;15;1
202100021080;163 977;33;0;2;1;2;1
202100021081;163 974;33;0;2;4;23;1
202100021081;163 975;32;0;2;1;2;1
202100021082;163 972;10;0;2;0;9;1
202100021082;163 973;32;0;2;7;1;1
202100021083;163 970;7;0;2;7;16;1
202100021083;163 971;30;0;2;1;7;1
202100021084;163 968;33;0;2;8;1;1
202100021084;163 969;7;0;2;1;15;1
202100021085;163 966;7;0;2;4;23;2
202100021085;163 967;1;0;2;1;2;5
202100021086;163 964;7;0;2;8;15;1
202100021086;163 965;30;0;2;2;17;1
202100021087;163 962;1;0;2;2;1;5
202100021087;163 963;7;0;2;3;22;1
202100021088;163 960;30;0;2;1;17;1
202100021088;163 961;7;0;2;3;15;2
202100021089;163 958;3;0;2;3;15;3
202100021089;163 959;33;0;2;1;1;1
202100021090;163 956;1;0;2;1;1;5
202100021090;163 957;10;0;2;1;16;1
202100021091;163 955;1;0;1;1;16;5
202100021092;163 953;7;0;2;8;22;0
202100021092;163 954;1;0;2;7;1;5
202100021093;163 951;32;0;2;1;17;1
202100021093;163 952;50;0;2;8;15;3
202100021094;163 950;32;0;1;1;16;1
202100021095;163 948;1;0;2;5;1;5
202100021095;163 949;7;0;2;2;7;2
202100021096;163 947;1;0;1;1;7;5
202100021097;163 946;7;0;1;3;1;1
202100021098;163 944;80;0;2;1;1;3
202100021098;163 945;7;0;2;7;22;2
202100021099;163 941;31;0;2;8;2;1
202100021099;163 942;7;0;2;2;10;1
202100021099;163 943;10;0;2;8;2;1
202100021100;163 939;7;0;2;0;15;1
202100021100;163 940;1;0;2;0;1;5
202100021101;163 938;7;0;1;8;15;1
202100021102;163 936;1;0;2;8;1;5
202100021102;163 937;7;0;9;1;1;1
202100021103;163 934;50;0;2;1;1;3
202100021103;163 935;7;0;2;2;16;1
202100021104;163 932;7;0;9;2;1;1
202100021104;163 933;60;0;2;1;1;5
202100021105;163 931;10;0;1;1;1;0
202100021106;163 930;7;0;1;2;9;1
202100021107;163 928;50;0;2;1;2;3
202100021107;163 929;37;0;2;2;1;1
202100021108;163 926;7;1;2;1;1;1
202100021108;163 927;30;1;2;1;5;0
202100021109;163 924;7;0;2;2;0;1
202100021109;163 925;33;0;2;1;0;1
202100021110;163 923;40;0;1;2;1;3
202100021111;163 921;7;0;2;8;1;1
202100021111;163 922;10;0;2;8;15;1
202100021112;163 919;33;0;2;7;2;1
202100021112;163 920;7;0;2;1;0;0
202100021113;163 916;7;0;2;4;2;1
202100021113;163 917;10;0;2;1;2;0
202100021113;163 918;7;0;2;1;2;1
202100021114;163 914;31;0;2;8;1;1
202100021114;163 915;10;0;2;2;9;1
202100021115;163 912;7;0;2;7;15;1
202100021115;163 913;32;0;2;1;1;1
202100021116;163 910;50;0;2;1;19;3
202100021116;163 911;7;0;2;8;1;1
202100021117;163 909;32;0;1;1;1;1
202100021118;163 907;32;0;2;1;17;1
202100021118;163 908;10;0;2;8;15;1
202100021119;163 906;37;1;0;2;1;3
202100021120;163 905;7;8;0;1;1;1
202100021121;163 903;1;0;2;1;1;5
202100021121;163 904;7;0;2;5;26;1
202100021122;163 901;7;0;2;1;1;1
202100021122;163 902;7;0;2;4;0;1
202100021123;163 900;7;0;1;2;9;1
202100021124;163 898;7;0;2;3;1;1
202100021124;163 899;7;0;2;5;12;1
202100021125;163 897;10;16;0;9;1;1
202100021126;163 895;33;0;2;8;15;1
202100021126;163 896;7;0;2;7;19;1
202100021127;163 892;7;4;0;3;13;1