Num_Acc;id_vehicule;categorie_vehicule;obstacle_fixe;obstacle_mobile;point_choc_initial;manoeuvre_principale;motorisation
202100021128;163 890;7;0;2;1;1;1
202100021128;163 891;7;0;2;3;15;1
202100021129;163 888;7;0;2;2;1;1
202100021129;163 889;1;0;2;8;19;5
202100021130;163 887;10;15;0;1;14;1
202100021131;163 886;7;0;0;2;1;1
202100021132;163 884;7;0;2;1;1;1
202100021132;163 885;7;0;2;1;15;1
202100021133;163 882;20;0;0;4;1;1
202100021133;163 883;7;0;2;1;1;1
202100021134;163 880;7;0;2;6;1;1
202100021134;163 881;37;0;2;3;1;6
202100021135;163 878;33;0;2;1;0;1
202100021135;163 879;7;0;2;1;1;2
202100021136;163 877;2;12;0;1;1;1
202100021137;163 876;7;13;0;1;13;1
202100021138;163 874;10;13;2;2;13;1
202100021138;163 875;7;13;2;1;1;1
202100021139;163 873;30;3;0;0;1;1
202100021140;163 871;33;0;2;7;17;1
202100021140;163 872;21;0;2;8;15;1
202100021141;163 869;33;0;2;3;1;1
202100021141;163 870;7;0;2;1;19;1
202100021142;163 868;31;0;0;0;1;1
202100021143;163 867;7;2;0;2;1;1
202100021144;163 866;7;0;0;0;0;1
202100021145;163 864;7;0;2;1;5;1
202100021145;163 865;7;0;2;1;1;1
202100021146;163 863;7;3;0;1;1;1
202100021147;163 861;7;0;2;1;1;1
202100021147;163 862;33;0;2;1;1;1
202100021148;163 859;21;0;2;3;1;1
202100021148;163 860;33;0;2;4;1;1
202100021149;163 857;7;0;2;1;1;1
202100021149;163 858;7;9;2;8;1;1
202100021150;163 856;7;13;0;1;1;1
202100021151;163 853;33;0;2;4;1;1
202100021151;163 854;34;0;2;8;15;1
202100021151;163 855;33;0;2;1;17;1
202100021152;163 852;7;0;1;3;1;1
202100021153;163 850;7;0;2;1;13;1
202100021153;163 851;10;0;2;2;1;1
202100021154;163 848;7;0;2;7;15;1
202100021154;163 849;2;0;2;1;1;1
202100021155;163 847;7;13;0;3;1;1
202100021156;163 846;3;6;0;1;25;1
202100021157;163 844;33;1;0;7;13;1
202100021157;163 845;17;0;0;4;24;0
202100021158;163 842;33;0;2;1;2;1
202100021158;163 843;7;0;0;6;2;1
202100021159;163 840;7;0;0;5;16;1
202100021159;163 841;2;0;2;1;1;1
202100021160;163 839;2;2;0;1;14;1
202100021161;163 837;7;3;2;2;1;1
202100021161;163 838;14;0;0;6;1;1
202100021162;163 835;7;0;2;3;1;1
202100021162;163 836;2;0;2;1;13;1
202100021163;163 833;7;4;0;5;0;0
202100021163;163 834;7;4;2;3;2;1
202100021164;163 831;7;3;0;4;2;1
202100021164;163 832;15;0;2;1;2;1
202100021165;163 829;7;0;2;1;1;1
202100021165;163 830;7;0;2;1;1;1
202100021166;163 827;7;0;2;3;1;1
202100021166;163 828;30;0;2;1;5;0
202100021167;163 826;7;8;0;8;15;1
202100021168;163 825;2;0;0;0;1;1
202100021169;163 823;2;0;2;1;2;1
202100021169;163 824;7;0;2;5;23;1
202100021170;163 822;7;2;0;1;21;1
202100021171;163 821;33;13;0;9;2;1
202100021172;163 820;32;3;0;8;1;1
202100021173;163 817;7;0;2;7;23;1
202100021173;163 818;10;0;2;7;19;1
202100021173;163 819;7;0;2;1;19;1
202100021174;163 815;7;0;2;8;9;1
202100021174;163 816;33;0;2;1;1;1
202100021175;163 812;7;7;2;5;15;1
202100021175;163 813;7;0;2;8;1;1
202100021175;163 814;7;0;2;3;1;2
202100021176;163 810;7;0;2;1;0;1
202100021176;163 811;15;0;2;4;1;1
202100021177;163 809;33;4;0;1;1;1
202100021178;163 808;7;6;0;1;15;1
202100021179;163 806;2;0;2;1;11;1
202100021179;163 807;7;0;2;5;11;1
202100021180;163 804;10;0;2;2;0;1
202100021180;163 805;7;0;0;3;0;1
202100021181;163 802;43;13;0;9;17;1
202100021181;163 803;10;0;0;;2;1
202100021182;163 801;7;2;0;7;1;1
202100021183;163 800;80;10;0;3;16;3
202100021184;163 798;7;0;2;2;1;3
202100021184;163 799;10;0;2;2;3;1
202100021185;163 796;7;0;0;3;15;1
202100021185;163 797;2;0;2;1;17;1
202100021186;163 794;7;0;0;3;15;1
202100021186;163 795;7;15;0;1;1;1
202100021187;163 792;7;0;0;8;19;1
202100021187;163 793;32;0;2;1;1;1
202100021188;163 791;31;8;0;7;14;1
202100021189;163 789;33;0;2;1;2;1
202100021189;163 790;7;0;2;4;2;1
202100021190;163 787;33;0;2;1;2;1
202100021190;163 788;10;0;0;6;2;1
202100021191;163 782;7;0;2;1;2;1
202100021191;163 783;7;0;2;1;0;1
202100021191;163 784;7;0;2;1;2;1
202100021191;163 785;7;0;2;4;1;1
202100021191;163 786;7;0;2;1;2;1
202100021192;163 780;7;0;2;4;1;1
202100021192;163 781;13;0;2;1;2;1
202100021193;163 778;7;0;2;8;1;1
202100021193;163 779;7;0;2;2;12;1
202100021194;163 776;7;0;2;1;18;1
202100021194;163 777;31;0;2;4;1;1
202100021195;163 774;33;0;2;1;3;1
202100021195;163 775;7;0;2;4;12;1
202100021196;163 770;7;0;2;4;2;1
202100021196;163 771;7;0;2;4;2;1
202100021196;163 772;14;0;2;1;2;1
202100021196;163 773;7;0;2;4;1;1
202100021197;163 769;33;0;0;0;26;1
202100021198;163 767;7;0;2;1;1;1
202100021198;163 768;7;0;2;4;1;1
202100021199;163 765;7;0;2;1;2;1
202100021199;163 766;7;0;2;4;2;1
202100021200;163 764;7;0;0;1;14;1
202100021201;163 762;33;0;2;1;21;1
202100021201;163 763;7;0;2;4;2;1
202100021202;163 760;7;0;2;6;2;3
202100021202;163 761;7;0;2;2;2;1
202100021203;163 759;7;4;0;2;13;1
202100021204;163 757;7;0;2;4;2;1
202100021204;163 758;7;0;2;1;2;1
202100021205;163 754;7;0;9;7;2;3
202100021205;163 755;43;0;9;1;2;1
202100021205;163 756;10;0;9;0;26;1
202100021206;163 753;7;4;0;3;1;1
202100021207;163 751;7;0;2;5;1;1
202100021207;163 752;7;0;2;2;1;1
202100021208;163 750;7;0;1;1;2;2
202100021209;163 748;1;1;0;1;1;0
202100021209;163 749;7;0;2;8;22;1
202100021210;163 747;7;0;1;1;1;1
202100021211;163 745;13;0;2;1;15;1
202100021211;163 746;7;0;0;3;1;1
202100021212;163 744;7;0;1;1;1;1
202100021213;163 743;7;0;1;8;15;1
202100021214;163 739;7;0;2;3;1;1
202100021214;163 740;33;0;2;3;1;1
202100021215;163 738;7;13;0;3;1;1
202100021216;163 737;10;0;1;1;1;1
202100021217;163 735;7;0;2;1;1;1
202100021217;163 736;2;0;2;7;9;0
202100021218;163 733;32;0;2;3;9;1
202100021218;163 734;50;0;2;1;1;3
202100021219;163 731;7;0;2;4;9;1
202100021219;163 732;10;0;2;1;9;1
202100021220;163 729;7;0;2;2;15;1
202100021220;163 730;33;0;2;1;1;1
202100021221;163 727;7;0;2;2;1;1
202100021221;163 728;7;0;2;6;23;1
202100021222;163 725;50;0;2;1;25;3
202100021222;163 726;7;0;9;2;15;1
202100021223;163 724;1;0;0;0;1;5
202100021224;163 723;2;0;0;0;1;1
202100021225;163 720;7;0;2;1;1;1
202100021225;163 721;7;0;2;4;23;1
202100021225;163 722;7;0;2;4;1;1
202100021226;163 719;7;1;0;2;14;1
202100021227;163 718;7;12;0;9;1;1
202100021228;163 716;7;0;2;4;23;1
202100021228;163 717;7;0;0;1;2;1
202100021229;163 714;7;0;2;4;2;2
202100021229;163 715;7;0;2;1;2;1
202100021230;163 709;15;0;1;7;4;1
202100021231;163 707;33;0;2;1;1;1
202100021231;163 708;7;0;2;1;1;1
202100021232;163 704;7;0;2;0;0;0
202100021232;163 705;10;0;2;3;1;0
202100021232;163 706;7;0;2;3;17;1
202100021233;163 702;7;0;2;1;26;1
202100021233;163 703;7;0;2;4;2;1
202100021234;163 700;7;0;2;3;16;1
202100021234;163 701;7;0;2;2;1;1
202100021235;163 699;10;0;2;2;16;1
202100021236;163 698;30;16;0;8;2;1
202100021237;163 696;2;0;2;1;17;1
202100021237;163 697;7;0;2;6;1;1
202100021238;163 695;40;0;0;0;26;1
202100021239;163 693;10;0;2;1;19;1
202100021239;163 694;30;0;2;1;26;1
202100021240;163 691;1;0;2;6;2;5
202100021240;163 692;7;0;2;2;2;1
202100021241;163 689;10;0;9;1;9;1
202100021241;163 690;1;0;2;3;19;5
202100021242;163 687;1;0;2;1;1;5
202100021242;163 688;7;0;2;1;16;1
202100021243;163 685;7;8;2;7;1;1
202100021243;163 686;7;0;2;1;1;1
202100021244;163 684;7;0;1;7;1;1
202100021245;163 683;1;0;0;0;1;5
202100021246;163 681;30;0;2;3;17;1
202100021246;163 682;7;0;2;8;23;1
202100021247;163 679;7;0;2;8;1;1
202100021247;163 680;7;0;2;1;1;1
202100021248;163 678;7;12;0;2;0;1
202100021249;163 676;1;0;2;1;1;5
202100021249;163 677;7;0;9;8;1;1
202100021250;163 675;7;0;1;2;1;1
202100021251;163 673;50;0;2;0;0;3
202100021251;163 674;15;0;0;0;0;1
202100021252;163 671;2;0;2;2;14;1
202100021252;163 672;7;0;2;3;1;1
202100021253;163 669;7;0;2;3;2;1
202100021253;163 670;33;0;2;4;2;1
202100021254;163 667;7;0;2;3;15;1
202100021254;163 668;7;8;2;2;17;1
202100021255;163 665;7;0;2;6;26;1
202100021255;163 666;32;0;2;1;1;1
202100021256;163 663;7;0;2;1;17;1
202100021256;163 664;7;0;2;4;1;1
202100021257;163 662;7;14;0;2;15;1
202100021258;163 660;7;0;2;3;15;1
202100021258;163 661;2;0;2;1;1;1
202100021259;163 658;2;0;2;8;8;3
202100021259;163 659;37;0;2;3;1;1
202100021260;163 657;7;0;1;7;1;1
202100021261;163 655;1;0;2;2;9;5
202100021261;163 656;7;0;2;3;9;0
202100021262;163 652;7;0;2;1;5;1
202100021262;163 653;7;0;2;1;1;1
202100021262;163 654;7;0;2;8;1;1
202100021263;163 650;33;0;2;4;23;1
202100021263;163 651;7;0;2;1;1;1
202100021264;163 648;7;0;2;2;15;1
202100021264;163 649;33;0;2;2;1;1
202100021265;163 646;7;0;2;2;13;1
202100021265;163 647;2;0;2;2;1;1
202100021266;163 644;7;0;2;3;15;2
202100021266;163 645;2;0;2;1;1;1
202100021267;163 642;7;0;2;1;0;1
202100021267;163 643;33;0;2;1;2;1
202100021268;163 640;7;0;2;1;2;1
202100021268;163 641;7;0;2;4;2;1
202100021269;163 637;7;0;1;2;1;1
202100021270;163 636;37;0;1;1;1;1
202100021271;163 635;7;8;0;1;1;1
202100021272;163 632;33;0;2;1;17;0
202100021272;163 633;7;0;2;1;1;1
202100021272;163 634;7;0;2;8;1;1
202100021273;163 630;7;0;2;3;1;1
202100021273;163 631;32;0;0;0;0;0
202100021274;163 627;7;0;1;3;15;1
202100021275;163 626;7;14;0;2;14;1
202100021276;163 624;7;0;2;3;1;1
202100021276;163 625;7;0;2;1;9;0
202100021277;163 622;1;0;2;8;19;5
202100021277;163 623;7;0;2;1;1;1
202100021278;163 620;33;0;2;8;1;1
202100021278;163 621;7;0;2;8;16;1
202100021279;163 619;7;0;1;2;1;1
202100021280;163 617;1;0;2;1;1;5
202100021280;163 618;1;0;2;1;1;5
202100021281;163 615;13;0;9;1;26;1
202100021281;163 616;31;14;0;4;23;1
202100021282;163 613;7;0;2;1;2;1
202100021282;163 614;7;0;2;4;2;1
202100021283;163 610;7;0;2;4;2;1
202100021283;163 611;7;0;2;4;2;1
202100021283;163 612;7;0;2;1;2;1
202100021284;163 608;32;0;2;8;11;1
202100021284;163 609;7;0;2;2;5;1
202100021285;163 607;34;14;0;8;13;1
202100021286;163 606;50;0;1;3;1;3
202100021287;163 605;10;0;1;2;1;1
202100021288;163 603;37;0;2;8;16;1
202100021288;163 604;7;0;2;2;1;1
202100021289;163 601;7;0;2;3;15;1
202100021289;163 602;33;0;2;7;1;1
202100021290;163 599;32;0;2;2;5;1
202100021290;163 600;7;0;2;8;15;2
202100021291;163 597;34;0;2;1;2;3
202100021291;163 598;7;0;2;5;16;0
202100021292;163 595;7;0;2;3;22;1
202100021292;163 596;80;0;2;1;7;3
202100021293;163 593;50;0;2;7;1;3
202100021293;163 594;7;0;2;1;16;0
202100021294;163 591;7;0;2;1;1;1
202100021294;163 592;30;0;2;1;17;1
202100021295;163 589;1;0;2;6;1;5
202100021295;163 590;7;0;2;3;15;1
202100021296;163 587;7;0;2;3;16;2
202100021296;163 588;50;0;2;1;7;3
202100021297;163 585;7;0;2;8;9;1
202100021297;163 586;50;0;2;8;25;3
202100021298;163 583;31;0;2;1;1;1
202100021298;163 584;1;0;2;7;15;5
202100021299;163 581;7;0;2;8;22;2
202100021299;163 582;1;0;2;1;17;5
202100021300;163 580;30;0;1;2;1;1
202100021301;163 579;80;0;0;0;1;3
202100021302;163 577;50;0;2;0;0;3
202100021302;163 578;7;0;2;7;1;1
202100021303;163 576;7;0;1;1;1;2
202100021304;163 574;60;0;2;1;1;5
202100021304;163 575;7;0;9;2;16;1
202100021305;163 570;14;0;2;2;1;1
202100021305;163 571;7;0;2;8;2;1
202100021306;163 568;10;0;2;1;19;1
202100021306;163 569;10;0;2;8;2;1
202100021307;163 566;34;0;2;1;26;1
202100021307;163 567;7;0;2;1;26;0
202100021308;163 564;7;0;2;6;1;1
202100021308;163 565;10;0;2;2;15;1
202100021309;163 562;7;0;2;4;1;1
202100021309;163 563;7;0;2;3;1;1
202100021310;163 560;50;0;0;1;26;3
202100021310;163 561;41;0;0;0;0;0
202100021311;163 558;7;0;2;1;2;1
202100021311;163 559;3;0;2;1;2;1
202100021312;163 557;10;0;1;3;26;1
202100021313;163 556;7;0;1;1;1;1
202100021314;163 554;7;0;2;2;14;1
202100021314;163 555;7;0;2;6;2;2
202100021315;163 552;50;0;2;3;0;3
202100021315;163 553;10;0;2;6;16;0
202100021316;163 551;7;1;0;1;14;1
202100021317;163 549;7;0;2;3;15;0
202100021317;163 550;32;0;2;7;1;1
202100021318;163 547;30;0;2;2;1;1
202100021318;163 548;7;0;2;3;15;0
202100021319;163 546;7;0;1;7;1;1
202100021320;163 544;1;0;2;8;1;0
202100021320;163 545;7;0;2;7;14;1
202100021321;163 542;7;0;2;4;23;1
202100021321;163 543;2;0;2;1;2;1
202100021322;163 540;10;0;2;3;1;1
202100021322;163 541;2;0;2;1;17;1
202100021323;163 538;33;0;2;1;1;1
202100021323;163 539;7;0;2;8;19;1
202100021324;163 536;7;0;2;7;1;1
202100021324;163 537;33;0;2;1;1;1
202100021325;163 534;15;0;0;3;2;1
202100021325;163 535;7;0;0;3;5;1
202100021326;163 532;31;12;0;0;1;1
202100021327;163 531;7;13;0;2;1;1
202100021328;163 530;7;0;1;1;1;1
202100021329;163 528;33;0;2;1;17;1
202100021329;163 529;7;0;2;3;15;1
202100021330;163 526;7;0;2;1;19;1
202100021330;163 527;10;0;2;2;1;1
202100021331;163 524;1;0;2;1;19;5
202100021331;163 525;7;0;9;2;1;1
202100021332;163 522;7;0;2;3;1;1
202100021332;163 523;7;0;0;2;15;1
202100021333;163 520;7;3;2;1;17;1
202100021333;163 521;7;0;0;4;1;1
202100021334;163 518;15;0;2;7;15;1
202100021334;163 519;33;0;2;1;1;1
202100021335;163 517;33;17;0;8;1;1
202100021336;163 515;7;0;2;7;17;1
202100021336;163 516;33;0;2;3;1;1
202100021337;163 513;7;0;2;3;19;1
202100021337;163 514;7;0;0;1;1;1
202100021338;163 511;7;0;0;8;11;1
202100021338;163 512;10;2;2;2;13;1
202100021339;163 509;7;0;2;6;19;1
202100021339;163 510;7;0;2;3;1;1
202100021340;163 507;7;0;2;3;2;1
202100021340;163 508;1;0;2;8;2;5
202100021341;163 505;2;0;2;1;1;1
202100021341;163 506;7;0;2;5;6;1
202100021342;163 503;50;0;2;6;1;3
202100021342;163 504;7;0;2;2;1;1
202100021343;163 502;7;13;0;0;1;1
202100021344;163 501;33;16;0;0;1;1
202100021345;163 499;7;0;2;3;2;1
202100021345;163 500;7;0;2;5;15;1
202100021346;163 497;7;0;2;3;15;1
202100021346;163 498;1;0;2;1;1;5
202100021347;163 495;2;0;0;6;9;1
202100021347;163 496;7;0;0;2;1;1
202100021348;163 493;33;0;2;1;17;1
202100021348;163 494;7;0;2;6;10;1
202100021349;163 492;7;7;0;1;0;1
202100021350;163 490;10;0;9;2;1;1
202100021350;163 491;1;0;0;4;1;5
202100021351;163 488;7;0;0;4;23;1
202100021351;163 489;2;0;2;1;2;1
202100021352;163 487;33;0;0;0;1;1
202100021353;163 485;7;2;0;1;14;1
202100021354;163 483;7;0;2;3;1;1
202100021354;163 484;21;0;2;2;1;1
202100021355;163 482;7;0;6;7;21;1
202100021356;163 480;99;0;0;4;2;6
202100021356;163 481;7;0;5;1;2;1
202100021357;163 479;10;0;1;5;2;0
202100021358;163 476;7;0;2;1;9;1
202100021359;163 474;7;0;2;1;15;1
202100021359;163 475;7;0;2;1;1;1
202100021360;163 471;7;0;2;4;23;1
202100021360;163 472;7;0;2;4;23;1
202100021360;163 473;7;14;0;1;1;1
202100021361;163 469;33;0;2;1;1;1
202100021361;163 470;7;0;2;2;1;1
202100021362;163 467;7;3;2;3;1;1
202100021362;163 468;7;3;2;1;13;1
202100021363;163 466;7;6;0;1;14;1
202100021364;163 464;1;0;2;0;1;5
202100021364;163 465;7;0;2;3;9;1
202100021365;163 462;2;0;2;1;1;1
202100021365;163 463;10;0;2;3;15;1
202100021366;163 460;7;0;0;2;2;1
202100021366;163 461;1;0;2;3;1;5
202100021367;163 458;7;0;2;2;15;1
202100021367;163 459;33;0;2;1;1;1
202100021368;163 456;7;0;2;3;1;1
202100021368;163 457;33;0;2;1;13;1
202100021369;163 451;10;0;2;3;1;1
202100021369;163 452;7;0;2;3;13;1
202100021370;163 449;2;0;2;3;23;1
202100021370;163 450;7;0;2;3;15;0
202100021371;163 448;7;4;0;0;1;1
202100021372;163 447;7;11;0;9;1;1
202100021373;163 444;7;0;2;3;1;1
202100021373;163 445;7;0;2;1;1;1
202100021373;163 446;2;0;2;8;9;1
202100021374;163 442;2;0;2;1;2;3
202100021374;163 443;7;0;9;6;2;1
202100021375;163 440;32;0;2;1;2;1
202100021375;163 441;7;0;0;6;15;1
202100021376;163 436;7;0;0;4;23;1
202100021376;163 437;7;0;2;4;23;1
202100021376;163 438;7;0;2;4;23;1
202100021376;163 439;7;0;2;1;1;1
202100021377;163 434;10;0;0;0;25;1
202100021377;163 435;33;7;0;0;21;1
202100021378;163 431;7;0;9;2;2;1
202100021378;163 432;1;0;2;4;2;5
202100021378;163 433;1;0;0;0;2;5
202100021379;163 430;7;0;1;2;1;1
202100021380;163 428;30;0;2;8;10;1
202100021380;163 429;15;0;2;1;1;1
202100021381;163 427;7;1;0;2;14;1
202100021382;163 426;7;13;0;2;1;1
202100021383;163 424;2;0;2;7;5;1
202100021383;163 425;7;0;2;1;15;1
202100021384;163 422;33;0;2;1;1;1
202100021384;163 423;33;0;2;2;0;1
202100021385;163 420;7;0;2;2;1;1
202100021385;163 421;7;7;2;7;19;1
202100021386;163 418;1;0;0;3;1;5
202100021386;163 419;7;0;9;3;1;1
202100021387;163 416;7;0;2;3;1;1
202100021387;163 417;33;0;2;1;1;1
202100021388;163 414;7;0;0;5;2;1
202100021388;163 415;10;0;2;3;2;1
202100021389;163 412;7;0;2;2;15;1
202100021389;163 413;33;0;2;1;1;1
202100021390;163 410;7;0;2;4;1;1
202100021390;163 411;7;0;2;1;2;1
202100021391;163 409;7;0;1;1;1;1
202100021392;163 408;33;0;0;8;26;1
202100021393;163 407;7;0;0;9;1;1
202100021394;163 405;7;3;0;1;2;1
202100021394;163 406;15;0;2;7;2;0
202100021395;163 404;7;4;0;6;1;1
202100021396;163 402;32;0;2;2;3;1
202100021396;163 403;7;0;2;8;11;1
202100021397;163 400;33;0;2;1;1;1
202100021397;163 401;7;0;2;4;2;1
202100021398;163 398;33;0;2;1;3;1
202100021398;163 399;7;0;2;6;1;1
202100021399;163 397;33;4;0;1;26;1
202100021400;163 395;33;0;2;1;3;1
202100021400;163 396;7;0;2;7;14;1
202100021401;163 393;7;0;2;1;1;1
202100021401;163 394;7;0;2;4;2;1
202100021402;163 392;10;14;0;1;2;1
202100021403;163 389;7;0;2;4;0;1
202100021403;163 390;7;0;2;4;0;1
202100021403;163 391;10;0;2;1;0;1
202100021404;163 387;7;0;2;5;2;1
202100021404;163 388;33;0;2;3;3;1
202100021405;163 385;33;0;2;1;26;1
202100021405;163 386;21;0;0;6;26;1
202100021406;163 384;10;1;1;1;16;3
202100021407;163 383;7;0;1;2;1;1
202100021408;163 382;32;0;1;1;1;1
202100021409;163 381;7;0;1;1;1;1
202100021410;163 380;7;14;1;1;1;1
202100021411;163 379;13;0;1;4;26;1
202100021412;163 377;7;0;2;8;0;1
202100021412;163 378;7;0;2;7;1;1
202100021413;163 375;10;1;2;7;1;1
202100021413;163 376;1;0;2;1;9;0
202100021414;163 373;7;0;2;2;9;1
202100021414;163 374;7;0;2;3;1;1
202100021415;163 372;7;0;1;4;20;2
202100021416;163 371;50;0;1;1;1;3
202100021417;163 369;34;0;2;7;9;1
202100021417;163 370;7;0;2;3;1;1
202100021418;163 368;7;8;0;2;1;1
202100021419;163 367;7;0;1;3;16;1
202100021420;163 365;7;1;0;4;2;0
202100021420;163 366;32;0;2;1;26;1
202100021421;163 363;50;0;2;1;1;3
202100021421;163 364;7;0;2;7;16;1
202100021422;163 361;7;0;2;8;15;1
202100021422;163 362;80;0;2;1;1;3
202100021423;163 360;7;4;0;1;0;1
202100021424;163 358;10;0;2;1;2;0
202100021424;163 359;10;0;2;4;2;0
202100021425;163 356;7;0;2;1;13;1
202100021425;163 357;7;0;2;1;1;1
202100021426;163 353;10;0;2;4;23;1
202100021426;163 354;7;0;2;4;23;1
202100021426;163 355;7;0;2;1;1;1
202100021427;163 351;33;0;2;1;1;1
202100021427;163 352;7;0;2;3;15;1
202100021428;163 349;33;0;2;2;1;1
202100021428;163 350;7;0;2;1;26;1
202100021429;163 347;7;0;2;5;0;1
202100021429;163 348;2;0;2;1;1;1
202100021430;163 346;7;0;1;1;15;1
202100021431;163 336;10;0;2;4;2;1
202100021431;163 337;1;0;2;1;2;5
202100021432;163 335;7;15;0;1;1;1
202100021433;163 333;7;0;2;1;16;0
202100021433;163 334;1;0;2;8;1;5
202100021434;163 332;7;0;1;1;1;1
202100021435;163 331;1;0;1;1;25;5
202100021436;163 329;7;0;2;1;1;1
202100021436;163 330;50;0;2;8;19;3
202100021437;163 325;7;0;2;4;15;2
202100021437;163 326;7;0;2;1;1;1
202100021437;163 327;7;0;2;1;1;1
202100021437;163 328;7;0;2;1;1;1
202100021438;163 323;80;0;2;8;1;3
202100021438;163 324;7;0;2;2;1;1
202100021439;163 321;33;0;2;8;1;1
202100021439;163 322;7;0;2;3;15;1
202100021440;163 319;33;0;2;1;9;1
202100021440;163 320;1;0;2;8;1;5
202100021441;163 318;30;0;1;1;17;1
202100021442;163 317;30;1;0;1;2;1
202100021443;163 316;1;0;1;1;26;5
202100021444;163 314;7;0;9;1;1;1
202100021444;163 315;1;0;2;8;0;5
202100021445;163 312;7;1;2;3;9;1
202100021445;163 313;2;0;2;2;0;1
202100021446;163 311;3;0;1;1;1;3
202100021447;163 309;1;0;2;4;15;5
202100021447;163 310;7;0;2;1;17;1
202100021448;163 306;7;0;2;4;1;1
202100021448;163 307;7;0;2;4;2;1
202100021448;163 308;7;0;2;1;2;1
202100021449;163 305;7;0;6;1;1;1
202100021450;163 303;34;0;2;7;1;1
202100021450;163 304;7;0;2;1;9;1
202100021451;163 302;7;0;1;2;1;1
202100021452;163 300;7;0;2;1;1;1
202100021452;163 301;3;0;2;4;1;1
202100021453;163 298;50;0;2;3;10;3
202100021453;163 299;7;0;2;2;1;1
202100021454;163 296;1;0;0;0;0;5
202100021454;163 297;7;0;2;8;26;1
202100021455;163 294;7;0;2;7;15;1
202100021455;163 295;33;0;2;1;1;1
202100021456;163 292;7;0;2;1;1;1
202100021456;163 293;7;6;2;7;1;1
202100021457;163 290;1;0;2;0;2;5
202100021457;163 291;7;0;2;0;0;1
202100021458;163 287;7;0;2;1;18;1
202100021458;163 288;7;0;2;4;1;1
202100021458;163 289;7;0;2;4;1;1
202100021459;163 285;7;0;2;1;1;1
202100021459;163 286;1;0;2;8;1;6
202100021460;163 283;32;0;0;0;0;1
202100021460;163 284;7;0;2;1;15;1
202100021461;163 281;80;0;2;0;0;3
202100021461;163 282;7;0;2;0;9;1
202100021462;163 277;30;0;2;7;1;1
202100021462;163 278;7;0;2;7;20;1
202100021463;163 275;7;0;2;3;9;1
202100021463;163 276;1;0;2;0;0;5
202100021464;163 274;7;0;1;2;1;1
202100021465;163 273;43;0;1;2;1;1
202100021466;163 271;33;0;2;1;1;1
202100021466;163 272;7;0;0;7;15;1
202100021467;163 270;7;0;1;1;1;1
202100021468;163 268;14;0;2;1;11;1
202100021468;163 269;37;0;2;6;20;1
202100021469;163 266;7;0;2;3;0;1
202100021469;163 267;2;0;2;1;0;1
202100021470;163 264;37;0;2;2;1;1
202100021470;163 265;7;0;2;9;9;1
202100021471;163 262;7;0;2;0;9;1
202100021471;163 263;1;0;2;0;1;5
202100021472;163 260;7;0;2;2;1;1
202100021472;163 261;7;0;2;8;10;1
202100021473;163 258;1;0;2;8;1;5
202100021473;163 259;7;0;2;2;15;1
202100021474;163 256;7;1;0;0;4;1
202100021474;163 257;7;1;0;7;24;1
202100021475;163 254;33;0;2;2;1;1
202100021475;163 255;10;0;2;3;15;1
202100021476;163 252;10;0;2;2;10;3
202100021476;163 253;33;0;2;8;1;1
202100021477;163 250;10;0;2;5;15;3
202100021477;163 251;1;0;2;1;1;5
202100021478;163 248;30;0;2;1;1;1
202100021478;163 249;7;0;2;7;15;0
202100021479;163 246;1;0;2;8;17;5
202100021479;163 247;80;0;2;8;1;3
202100021480;163 245;10;0;1;3;1;0
202100021481;163 244;1;0;0;1;1;5
202100021482;163 242;7;0;2;8;22;1
202100021482;163 243;50;0;2;2;1;3
202100021483;163 240;30;0;2;3;15;1
202100021483;163 241;34;0;2;1;2;1
202100021484;163 238;30;0;2;3;19;3
202100021484;163 239;33;1;2;3;1;1
202100021485;163 236;7;0;2;2;1;1
202100021485;163 237;30;0;2;1;1;1
202100021486;163 234;80;0;2;2;1;3
202100021486;163 235;7;0;2;3;9;1
202100021487;163 232;30;0;2;1;1;1
202100021487;163 233;14;0;2;3;16;6
202100021488;163 230;50;0;2;3;1;3
202100021488;163 231;7;0;2;2;15;1
202100021489;163 227;7;0;0;0;0;2
202100021489;163 228;7;0;2;1;26;1
202100021489;163 229;7;0;2;2;15;2
202100021490;163 225;31;0;2;1;1;1
202100021490;163 226;7;0;2;7;13;1
202100021491;163 222;10;1;0;1;1;1
202100021491;163 223;7;1;0;4;23;1
202100021491;163 224;7;1;0;4;23;1
202100021492;163 220;1;0;2;7;15;5
202100021492;163 221;7;0;2;2;1;1
202100021493;163 217;7;0;2;1;26;1
202100021493;163 218;7;0;2;4;2;1
202100021493;163 219;10;0;2;1;2;1
202100021494;163 215;32;0;2;4;1;1
202100021494;163 216;3;0;2;1;13;1
202100021495;163 213;7;0;2;3;23;0
202100021495;163 214;1;1;2;1;2;0
202100021496;163 211;10;0;2;7;6;0
202100021496;163 212;43;0;2;1;0;0
202100021497;163 209;7;0;2;2;16;1
202100021497;163 210;32;12;2;8;18;1
202100021498;163 207;33;0;2;0;15;1
202100021498;163 208;34;0;2;0;1;1
202100021499;163 205;7;0;2;6;26;1
202100021499;163 206;2;0;2;1;26;1
202100021500;163 203;13;0;2;3;1;1
202100021500;163 204;7;0;2;2;17;1
202100021501;163 202;33;1;0;2;14;1
202100021502;163 201;1;0;1;1;9;5
202100021503;163 200;80;0;1;0;1;3
202100021504;163 199;80;1;0;7;26;3
202100021505;163 198;32;1;0;1;13;1
202100021506;163 197;33;0;0;2;2;1
202100021507;163 195;1;0;2;4;1;5
202100021507;163 196;7;0;2;2;17;1
202100021508;163 194;2;9;0;1;26;1
202100021509;163 193;7;2;0;1;1;1
202100021510;163 191;7;0;2;1;1;1
202100021510;163 192;33;0;2;1;5;1