Num_Acc;id_vehicule;categorie_vehicule;obstacle_fixe;obstacle_mobile;point_choc_initial;manoeuvre_principale;motorisation
202100021511;163 190;7;2;0;1;0;1
202100021512;163 187;7;0;2;2;1;1
202100021512;163 188;7;0;2;3;1;1
202100021512;163 189;7;0;2;3;13;1
202100021513;163 186;7;2;0;1;14;1
202100021514;163 184;10;0;2;3;1;1
202100021514;163 185;10;0;2;3;5;1
202100021515;163 182;10;0;0;8;1;1
202100021515;163 183;2;0;2;1;9;1
202100021516;163 180;10;0;2;3;1;1
202100021516;163 181;7;0;2;7;1;1
202100021517;163 178;80;0;2;7;1;3
202100021517;163 179;7;0;9;3;9;1
202100021518;163 176;33;0;2;2;17;1
202100021518;163 177;7;0;2;2;19;2
202100021519;163 174;33;0;2;1;1;1
202100021519;163 175;10;0;2;1;1;1
202100021520;163 173;7;2;0;3;0;1
202100021521;163 172;32;0;0;1;14;1
202100021522;163 170;1;0;2;1;1;5
202100021522;163 171;7;0;0;2;15;1
202100021523;163 169;7;2;0;1;1;3
202100021524;163 167;7;0;2;2;1;1
202100021524;163 168;1;0;2;2;19;5
202100021525;163 166;33;16;0;9;1;1
202100021526;163 165;7;4;0;1;10;1
202100021527;163 163;21;0;0;6;15;1
202100021527;163 164;33;0;0;7;21;1
202100021528;163 161;2;0;2;1;17;1
202100021528;163 162;7;0;2;3;11;1
202100021529;163 160;7;16;0;0;1;1
202100021530;163 159;7;0;1;1;23;1
202100021531;163 156;10;0;2;6;1;1
202100021531;163 157;7;0;2;3;1;1
202100021531;163 158;31;0;2;0;17;1
202100021532;163 154;7;13;2;3;13;1
202100021532;163 155;14;3;2;3;1;1
202100021533;163 152;7;13;2;6;17;1
202100021533;163 153;15;0;2;2;17;1
202100021534;163 151;7;13;0;1;1;1
202100021535;163 148;7;0;2;3;13;1
202100021535;163 149;15;0;2;3;1;1
202100021535;163 150;7;0;2;1;1;1
202100021536;163 147;7;6;0;1;15;1
202100021537;163 144;17;0;2;6;1;1
202100021537;163 145;17;0;2;2;1;1
202100021537;163 146;7;0;2;1;5;1
202100021538;163 142;7;0;2;1;5;1
202100021538;163 143;33;0;2;1;21;1
202100021539;163 140;7;3;2;3;13;1
202100021539;163 141;15;0;0;5;1;1
202100021540;163 139;7;1;0;1;1;1
202100021541;163 135;7;0;2;3;1;1
202100021541;163 136;7;0;2;5;23;1
202100021542;163 133;7;0;2;8;1;1
202100021542;163 134;15;0;0;6;1;1
202100021543;163 131;7;0;2;7;15;1
202100021543;163 132;2;0;2;1;15;1
202100021544;163 130;31;8;0;1;1;1
202100021545;163 128;7;0;2;1;13;1
202100021545;163 129;7;0;2;1;1;1
202100021546;163 127;33;0;9;1;1;1
202100021547;163 123;7;0;0;2;26;1
202100021547;163 124;32;0;2;1;25;1
202100021548;163 122;7;0;1;7;0;1
202100021549;163 121;7;13;0;9;14;1
202100021550;163 118;31;0;0;3;1;1
202100021551;163 115;31;0;0;7;1;1
202100021552;163 113;2;0;2;1;5;1
202100021552;163 114;7;0;2;1;1;1
202100021553;163 112;15;7;0;1;26;1
202100021554;163 110;33;0;2;8;1;1
202100021554;163 111;7;0;2;7;12;1
202100021555;163 108;15;0;2;1;2;1
202100021555;163 109;10;0;2;4;2;1
202100021556;163 105;10;0;2;4;2;1
202100021556;163 106;7;0;2;4;2;1
202100021556;163 107;7;0;2;1;2;1
202100021557;163 104;17;0;0;0;1;1
202100021558;163 102;33;0;2;1;3;1
202100021558;163 103;7;0;2;4;11;1
202100021559;163 101;33;0;0;5;1;1
202100021560;163 099;7;0;2;8;1;1
202100021560;163 100;13;0;2;7;9;0
202100021561;163 097;7;0;2;1;2;1
202100021561;163 098;10;0;2;5;2;1
202100021562;163 095;15;1;2;4;24;1
202100021562;163 096;33;1;0;1;2;1
202100021563;163 093;10;4;2;5;1;1
202100021563;163 094;32;4;2;1;3;1
202100021564;163 090;7;0;2;4;23;1
202100021564;163 091;7;0;2;0;0;1
202100021564;163 092;7;0;2;0;26;1
202100021565;163 088;31;0;2;0;2;1
202100021565;163 089;7;0;2;5;2;1
202100021566;163 086;7;0;2;4;2;1
202100021566;163 087;33;0;2;1;2;1
202100021567;163 084;7;0;2;1;2;1
202100021567;163 085;7;0;2;4;2;0
202100021568;163 082;10;0;2;3;1;1
202100021568;163 083;13;0;2;2;14;1
202100021569;163 080;7;0;2;0;1;1
202100021569;163 081;7;0;2;5;1;1
202100021570;163 079;3;0;9;9;9;1
202100021571;163 077;7;0;2;2;12;1
202100021571;163 078;33;0;2;3;3;1
202100021572;163 075;7;0;2;3;1;1
202100021572;163 076;1;4;2;1;1;5
202100021573;163 073;7;0;2;2;9;1
202100021573;163 074;1;0;2;1;15;5
202100021574;163 072;7;1;0;2;20;1
202100021575;163 067;7;0;2;3;16;1
202100021575;163 068;7;8;2;1;19;1
202100021576;163 065;7;0;2;7;12;1
202100021576;163 066;34;0;2;1;2;1
202100021577;163 064;7;0;1;1;1;1
202100021578;163 062;1;0;2;8;19;0
202100021578;163 063;30;0;2;1;18;1
202100021579;163 060;7;0;2;2;16;1
202100021579;163 061;50;0;2;1;1;3
202100021580;163 058;33;0;2;7;1;1
202100021580;163 059;7;0;2;1;1;1
202100021581;163 057;7;9;0;2;21;1
202100021582;163 054;33;1;2;1;2;1
202100021582;163 055;7;1;2;1;2;1
202100021582;163 056;7;4;2;4;23;1
202100021583;163 053;21;0;0;8;0;1
202100021584;163 051;34;0;2;1;15;1
202100021584;163 052;7;0;2;2;1;1
202100021585;163 049;38;0;2;2;19;1
202100021585;163 050;31;0;2;3;1;1
202100021586;163 047;7;0;2;1;1;1
202100021586;163 048;7;0;2;5;15;1
202100021587;163 045;33;0;2;1;1;1
202100021587;163 046;7;0;2;3;10;1
202100021588;163 043;2;0;2;6;17;1
202100021588;163 044;7;0;0;6;26;1
202100021589;163 042;10;1;0;2;1;1
202100021590;163 040;10;0;9;3;15;1
202100021590;163 041;1;0;2;1;1;5
202100021591;163 038;7;0;2;6;13;1
202100021591;163 039;33;0;2;1;13;1
202100021592;163 036;7;0;9;3;1;2
202100021592;163 037;50;0;2;3;5;3
202100021593;163 034;7;0;2;1;1;1
202100021593;163 035;7;0;2;1;13;1
202100021594;163 033;7;1;0;1;1;1
202100021595;163 030;7;0;2;4;23;1
202100021595;163 031;1;0;2;1;2;5
202100021596;163 028;1;0;2;1;1;0
202100021596;163 029;7;0;9;2;15;1
202100021597;163 026;7;0;2;6;1;1
202100021597;163 027;7;1;2;2;13;1
202100021598;163 024;7;0;2;1;2;1
202100021598;163 025;7;0;2;4;2;1
202100021599;163 022;7;0;0;4;2;1
202100021599;163 023;7;0;2;1;2;1
202100021600;163 020;7;0;2;8;15;1
202100021600;163 021;50;0;2;1;1;3
202100021601;163 018;7;4;2;1;17;1
202100021601;163 019;7;0;2;1;5;1
202100021602;163 016;7;0;2;5;2;1
202100021602;163 017;2;1;2;1;2;1
202100021603;163 014;33;0;2;1;17;1
202100021603;163 015;7;0;2;6;15;1
202100021604;163 013;7;0;1;1;1;1
202100021605;163 012;7;1;0;9;1;1
202100021606;163 010;7;0;2;5;15;1
202100021606;163 011;33;0;2;1;2;1
202100021607;163 009;7;0;1;4;26;3
202100021608;163 008;43;0;0;0;1;1
202100021609;163 007;10;0;1;1;1;1
202100021610;163 005;1;0;2;4;1;5
202100021610;163 006;7;0;2;1;2;1
202100021611;163 003;17;0;2;1;17;1
202100021611;163 004;7;0;2;4;9;1
202100021612;163 001;10;0;2;1;15;1
202100021612;163 002;1;0;2;7;1;5
202100021613;163 000;1;0;0;7;26;5
202100021614;162 998;7;0;2;4;2;1
202100021614;162 999;10;0;2;1;2;1
202100021615;162 996;7;0;2;3;1;1
202100021615;162 997;7;0;2;1;13;1
202100021616;162 994;33;0;2;1;2;1
202100021616;162 995;7;0;2;3;15;1
202100021617;162 992;7;0;2;1;1;1
202100021617;162 993;50;0;2;7;19;3
202100021618;162 990;7;0;2;1;1;1
202100021618;162 991;7;0;2;7;1;1
202100021619;162 987;7;0;2;1;1;1
202100021619;162 988;7;0;2;4;1;1
202100021619;162 989;7;0;2;1;1;0
202100021620;162 985;33;0;2;1;1;1
202100021620;162 986;10;0;2;8;1;1
202100021621;162 983;7;0;2;2;16;1
202100021621;162 984;50;0;2;1;1;3
202100021622;162 981;1;0;2;8;15;5
202100021622;162 982;7;0;2;2;17;1
202100021623;162 979;32;0;2;1;15;1
202100021623;162 980;7;0;2;3;1;1
202100021624;162 977;7;6;1;1;19;3
202100021624;162 978;7;0;0;6;2;1
202100021625;162 973;7;0;2;4;2;1
202100021625;162 974;7;0;2;4;2;1
202100021625;162 975;7;0;2;4;2;1
202100021625;162 976;10;0;2;1;2;1
202100021626;162 972;7;;;;1;
202100021627;162 969;7;0;2;4;2;1
202100021627;162 970;7;0;2;1;2;1
202100021628;162 965;10;0;2;1;2;1
202100021628;162 966;7;3;2;4;2;1
202100021628;162 967;7;0;2;4;2;1
202100021628;162 968;7;0;2;4;0;1
202100021629;162 963;33;0;2;1;1;1
202100021629;162 964;7;0;2;1;9;1
202100021630;162 962;33;0;0;8;21;1
202100021631;162 960;7;1;0;1;0;1
202100021631;162 961;7;12;0;6;0;1
202100021632;162 958;32;0;0;1;2;1
202100021632;162 959;7;0;0;3;10;1
202100021633;162 957;32;0;1;1;1;1
202100021634;162 955;7;0;2;7;1;1
202100021634;162 956;1;0;2;8;0;0
202100021635;162 953;33;0;2;1;1;1
202100021635;162 954;7;0;2;5;15;1
202100021636;162 951;7;0;2;2;15;1
202100021636;162 952;2;0;2;1;1;1
202100021637;162 949;1;0;2;8;19;0
202100021637;162 950;7;0;2;1;17;1
202100021638;162 948;7;0;1;4;20;2
202100021639;162 947;7;0;1;2;1;1
202100021640;162 946;7;2;0;2;14;1
202100021641;162 945;7;0;1;3;1;1
202100021642;162 943;32;0;2;7;13;1
202100021642;162 944;7;0;2;8;9;1
202100021643;162 941;33;0;2;1;3;
202100021643;162 942;7;12;2;3;15;1
202100021644;162 939;7;0;2;5;2;1
202100021644;162 940;31;0;2;3;2;1
202100021645;162 938;7;0;1;1;1;1
202100021646;162 936;7;0;2;3;1;1
202100021646;162 937;30;0;2;1;1;1
202100021647;162 935;30;14;0;1;17;1
202100021648;162 933;7;0;2;4;23;1
202100021648;162 934;7;0;2;1;1;1
202100021649;162 932;32;0;1;1;1;1
202100021650;162 930;30;0;2;8;1;1
202100021650;162 931;10;0;2;1;1;1
202100021651;162 929;50;0;0;0;1;3
202100021652;162 927;7;0;2;1;16;1
202100021652;162 928;50;0;2;3;1;3
202100021653;162 925;50;0;2;1;1;3
202100021653;162 926;7;0;2;2;1;1
202100021654;162 923;7;0;2;1;14;0
202100021654;162 924;31;0;2;4;16;1
202100021655;162 922;50;0;1;7;25;3
202100021656;162 921;7;0;1;3;15;1
202100021657;162 919;32;0;2;2;1;1
202100021657;162 920;10;0;2;3;10;1
202100021658;162 918;30;0;0;1;1;1
202100021659;162 916;7;0;2;4;2;1
202100021659;162 917;7;0;2;0;0;1
202100021660;162 914;33;0;2;1;1;1
202100021660;162 915;10;0;2;2;15;1
202100021661;162 912;32;0;2;4;23;1
202100021661;162 913;7;0;2;1;2;1
202100021662;162 910;7;0;2;1;26;1
202100021662;162 911;7;0;2;4;26;1
202100021663;162 908;99;0;2;3;9;1
202100021663;162 909;2;0;2;1;26;1
202100021664;162 907;50;15;0;1;25;3
202100021665;162 906;7;0;1;1;15;1
202100021666;162 904;7;0;2;1;21;1
202100021666;162 905;7;0;2;8;9;1
202100021667;162 902;7;0;2;1;15;1
202100021667;162 903;7;2;2;6;1;1
202100021668;162 901;7;0;1;8;0;1
202100021669;162 899;7;1;2;3;13;1
202100021669;162 900;37;0;2;3;1;2
202100021670;162 897;1;0;2;1;1;5
202100021670;162 898;7;0;2;5;15;2
202100021671;162 895;7;0;2;0;0;1
202100021671;162 896;1;0;2;1;1;5
202100021672;162 894;7;0;1;3;15;1
202100021673;162 892;7;0;2;7;17;1
202100021673;162 893;2;0;2;8;15;1
202100021674;162 890;33;0;2;1;1;1
202100021674;162 891;7;0;2;3;19;1
202100021675;162 888;7;0;2;3;26;1
202100021675;162 889;7;0;2;2;1;1
202100021676;162 887;17;0;0;9;1;1
202100021677;162 886;32;0;1;0;26;1
202100021678;162 884;7;0;2;1;1;1
202100021678;162 885;7;0;2;2;15;1
202100021679;162 883;7;7;0;1;1;1
202100021680;162 881;7;4;2;3;1;1
202100021680;162 882;7;0;2;1;1;1
202100021681;162 879;7;0;2;1;2;1
202100021681;162 880;15;0;0;4;2;1
202100021682;162 877;7;0;2;1;0;1
202100021682;162 878;33;0;2;5;9;1
202100021683;162 875;10;0;0;8;15;1
202100021683;162 876;33;0;2;1;17;1
202100021684;162 872;7;0;2;6;13;1
202100021684;162 873;33;0;2;3;21;1
202100021684;162 874;7;0;2;1;26;2
202100021685;162 871;1;0;0;0;0;5
202100021686;162 870;7;3;0;8;1;1
202100021687;162 869;33;4;0;1;1;1
202100021688;162 868;7;3;0;9;14;1
202100021689;162 866;7;0;2;3;16;0
202100021689;162 867;7;0;2;2;1;1
202100021690;162 864;33;0;2;1;1;1
202100021690;162 865;7;0;2;3;13;1
202100021691;162 862;7;0;2;1;1;1
202100021691;162 863;7;0;2;3;13;1
202100021692;162 861;33;16;0;1;1;1
202100021693;162 859;7;0;2;8;1;1
202100021693;162 860;33;0;2;3;13;1
202100021694;162 857;7;0;2;1;5;1
202100021694;162 858;7;0;2;1;1;1
202100021695;162 855;15;0;0;7;15;1
202100021695;162 856;2;0;2;1;1;1
202100021696;162 854;10;2;0;1;1;1
202100021697;162 853;33;0;0;8;1;1
202100021698;162 851;7;0;2;2;17;1
202100021698;162 852;7;0;0;6;1;1
202100021699;162 850;7;13;0;1;0;1
202100021700;162 848;33;0;2;1;1;1
202100021700;162 849;7;0;2;8;9;1
202100021701;162 847;21;3;0;8;2;1
202100021702;162 846;33;0;0;1;1;1
202100021703;162 845;32;12;0;1;17;1
202100021704;162 843;7;13;0;1;14;2
202100021705;162 842;7;0;1;1;1;1
202100021706;162 840;7;0;2;1;1;1
202100021706;162 841;7;0;2;1;3;1
202100021707;162 838;7;0;2;1;1;1
202100021707;162 839;7;0;2;3;13;1
202100021708;162 836;2;0;0;8;16;1
202100021708;162 837;7;0;2;2;1;1
202100021709;162 834;7;0;2;7;19;1
202100021709;162 835;7;0;2;1;15;1
202100021710;162 832;33;0;2;1;1;1
202100021710;162 833;7;0;0;2;15;1
202100021711;162 831;33;15;0;1;1;1
202100021712;162 830;33;16;0;7;16;1
202100021713;162 825;33;0;2;1;1;1
202100021713;162 826;10;5;2;3;13;1
202100021713;162 827;33;3;2;3;1;1
202100021713;162 828;33;0;2;1;1;1
202100021713;162 829;33;0;2;2;1;1
202100021714;162 823;7;0;9;3;1;2
202100021714;162 824;17;6;0;3;6;1
202100021715;162 822;2;6;0;7;1;1
202100021716;162 820;7;0;2;3;17;2
202100021716;162 821;31;0;2;1;1;1
202100021717;162 818;17;0;0;4;2;1
202100021717;162 819;10;0;2;1;2;1
202100021718;162 817;7;0;1;3;15;1
202100021719;162 815;7;0;2;2;15;1
202100021719;162 816;33;0;0;7;21;1
202100021720;162 813;33;0;2;1;1;1
202100021720;162 814;7;0;9;8;15;1
202100021721;162 812;33;9;0;1;0;1
202100021722;162 811;33;6;0;1;1;1
202100021723;162 810;33;14;0;1;2;1
202100021724;162 808;80;0;2;1;19;3
202100021724;162 809;7;0;9;2;19;1
202100021725;162 805;7;0;2;3;1;1
202100021725;162 806;7;0;2;4;15;1
202100021725;162 807;10;0;2;1;1;1
202100021726;162 803;10;0;0;8;15;1
202100021726;162 804;33;1;2;7;17;1
202100021727;162 801;7;0;0;5;1;1
202100021727;162 802;33;0;2;1;1;1
202100021728;162 799;7;0;2;3;1;1
202100021728;162 800;7;13;2;2;1;1
202100021729;162 796;10;0;2;3;13;1
202100021729;162 797;33;0;2;1;1;1
202100021729;162 798;33;0;2;1;1;1
202100021730;162 795;7;2;0;3;0;1
202100021731;162 793;7;0;2;2;19;1
202100021731;162 794;50;0;2;1;1;3
202100021732;162 791;33;0;2;3;0;1
202100021732;162 792;7;0;2;4;2;1
202100021733;162 789;7;0;2;6;1;1
202100021733;162 790;7;0;2;2;12;1
202100021734;162 788;32;0;9;7;2;1
202100021735;162 785;43;0;2;2;1;1
202100021735;162 786;7;0;2;6;1;1
202100021735;162 787;7;0;2;6;1;1
202100021736;162 782;10;0;2;1;2;1
202100021736;162 783;7;0;2;4;2;1
202100021736;162 784;7;0;2;3;26;1
202100021737;162 779;7;3;2;1;2;1
202100021737;162 780;7;3;2;4;1;1
202100021737;162 781;17;0;2;8;1;1
202100021738;162 777;14;0;2;3;13;1
202100021738;162 778;7;0;2;2;1;1
202100021739;162 774;14;0;2;3;2;1
202100021739;162 775;7;0;2;1;2;1
202100021739;162 776;15;1;2;4;2;1
202100021740;162 772;33;0;2;1;3;1
202100021740;162 773;7;0;2;4;1;1
202100021741;162 770;7;0;2;5;1;1
202100021741;162 771;33;0;2;5;3;1
202100021742;162 768;7;0;2;1;1;1
202100021742;162 769;7;0;2;4;2;1
202100021743;162 766;10;0;2;4;1;1
202100021743;162 767;7;0;2;1;1;1
202100021744;162 763;7;0;2;2;1;1
202100021744;162 764;13;0;2;0;14;1
202100021744;162 765;0;0;2;0;12;0
202100021745;162 761;7;0;2;8;1;1
202100021745;162 762;31;0;2;1;3;1
202100021746;162 760;7;0;0;1;12;1
202100021747;162 758;7;0;2;4;0;1
202100021747;162 759;7;0;2;1;0;1
202100021748;162 756;31;0;2;1;3;1
202100021748;162 757;7;0;2;5;1;1
202100021749;162 755;33;0;1;0;1;1
202100021750;162 754;7;0;1;1;1;1
202100021751;162 753;7;0;1;1;1;1
202100021752;162 747;7;0;1;2;19;1
202100021753;162 745;30;0;2;1;1;1
202100021753;162 746;7;0;2;5;1;0
202100021754;162 743;7;0;2;4;2;1
202100021754;162 744;7;0;0;1;2;1
202100021755;162 741;7;0;2;8;15;1
202100021755;162 742;7;0;2;1;1;1
202100021756;162 739;1;0;2;1;1;5
202100021756;162 740;7;1;0;4;23;1
202100021757;162 736;7;0;2;1;1;1
202100021757;162 737;7;0;2;1;2;1
202100021757;162 738;10;0;2;1;2;1
202100021758;162 734;17;0;0;8;1;0
202100021758;162 735;7;0;0;3;13;1
202100021759;162 732;3;0;2;1;2;1
202100021759;162 733;7;0;2;4;1;1
202100021760;162 730;7;0;2;1;13;1
202100021760;162 731;7;0;2;1;1;1
202100021761;162 729;7;0;1;1;1;1
202100021762;162 727;30;0;2;1;2;1
202100021762;162 728;7;16;0;2;2;1
202100021763;162 725;7;0;2;1;1;1
202100021763;162 726;7;0;9;4;1;1
202100021764;162 723;33;0;2;1;3;1
202100021764;162 724;7;0;2;2;15;1
202100021765;162 721;7;0;2;3;16;1
202100021765;162 722;7;0;2;3;26;1
202100021766;162 720;7;0;1;3;1;1
202100021767;162 718;7;0;2;1;15;1
202100021767;162 719;50;0;2;1;1;3
202100021768;162 717;7;9;0;8;1;1
202100021769;162 715;10;0;2;8;15;1
202100021769;162 716;2;0;2;7;17;1
202100021770;162 714;7;0;1;1;1;1
202100021771;162 712;30;0;2;1;1;1
202100021771;162 713;7;0;2;3;1;1
202100021772;162 709;7;0;9;2;15;1
202100021772;162 710;7;0;2;0;23;1
202100021772;162 711;1;0;2;1;1;5
202100021773;162 707;13;0;2;1;17;1
202100021773;162 708;50;0;2;4;15;3
202100021774;162 702;7;0;2;4;1;1
202100021774;162 703;7;0;2;4;2;1
202100021774;162 704;7;0;2;4;2;1
202100021774;162 705;7;0;2;4;2;1
202100021774;162 706;10;0;2;1;2;1
202100021775;162 701;7;6;0;2;14;1
202100021776;162 700;7;0;1;1;26;1
202100021777;162 698;7;0;2;8;15;1
202100021777;162 699;7;0;2;1;5;1
202100021778;162 696;7;0;2;7;1;1
202100021778;162 697;60;0;2;8;1;5
202100021779;162 694;7;0;2;3;1;1
202100021779;162 695;7;1;2;1;1;1
202100021780;162 692;7;0;2;7;9;1
202100021780;162 693;17;0;2;3;9;1
202100021781;162 691;33;0;0;7;1;1
202100021782;162 690;50;0;0;1;26;3
202100021783;162 689;10;0;1;1;19;1
202100021784;162 687;7;0;2;4;23;1
202100021784;162 688;7;0;2;1;2;0
202100021785;162 685;7;0;2;6;19;1
202100021785;162 686;10;0;2;1;1;1
202100021786;162 683;7;0;2;7;9;1
202100021786;162 684;31;0;2;1;1;1
202100021787;162 681;7;0;2;1;1;1
202100021787;162 682;7;0;2;4;1;1
202100021788;162 679;10;1;0;2;1;1
202100021788;162 680;7;0;2;8;22;1
202100021789;162 677;7;0;2;4;1;0
202100021789;162 678;31;0;2;1;1;1
202100021790;162 675;31;0;2;1;17;1
202100021790;162 676;7;0;2;8;15;1
202100021791;162 674;33;6;0;0;26;0
202100021792;162 673;7;4;0;1;1;1
202100021793;162 672;7;0;1;4;26;1
202100021794;162 670;7;0;2;1;1;1
202100021794;162 671;10;0;2;8;1;1
202100021795;162 667;7;0;2;2;2;1
202100021795;162 668;7;0;2;6;2;1
202100021795;162 669;7;0;2;4;2;1
202100021796;162 664;10;0;2;1;2;1
202100021796;162 665;10;0;2;1;2;1
202100021796;162 666;10;0;2;1;2;1
202100021797;162 662;60;0;2;1;19;5
202100021797;162 663;7;0;2;3;1;1
202100021798;162 658;7;0;2;1;12;2
202100021798;162 659;7;0;2;4;1;1
202100021798;162 660;7;0;2;4;1;1
202100021798;162 661;7;0;2;4;1;1
202100021799;162 656;7;0;2;4;2;1
202100021799;162 657;10;0;2;1;2;0
202100021800;162 653;30;0;2;4;1;1
202100021800;162 654;7;0;2;2;15;1
202100021800;162 655;7;0;2;3;1;1
202100021801;162 651;1;0;2;1;1;5
202100021801;162 652;7;0;2;8;22;1
202100021802;162 649;10;0;2;1;1;1
202100021802;162 650;7;0;2;4;1;1
202100021803;162 648;7;0;1;3;15;2
202100021804;162 646;50;0;2;8;1;3
202100021804;162 647;7;0;2;8;16;1
202100021805;162 644;34;0;2;7;17;1
202100021805;162 645;7;0;2;0;1;1
202100021806;162 643;7;1;0;3;14;1
202100021807;162 641;50;0;2;1;13;3
202100021807;162 642;50;0;2;1;1;3
202100021808;162 639;7;0;2;5;1;1
202100021808;162 640;7;0;2;3;13;1
202100021809;162 637;7;0;2;8;5;1
202100021809;162 638;7;0;2;1;1;1
202100021810;162 635;7;0;2;3;1;1
202100021810;162 636;50;0;2;2;1;3
202100021811;162 634;37;0;1;7;1;0
202100021812;162 633;7;1;1;2;17;1
202100021813;162 631;32;0;2;7;26;1
202100021813;162 632;7;14;2;7;5;1
202100021814;162 630;1;8;0;1;1;0
202100021815;162 628;7;0;2;6;15;1
202100021815;162 629;32;0;2;1;13;1
202100021816;162 627;33;1;0;1;1;1
202100021817;162 626;7;12;0;1;16;1
202100021818;162 624;7;0;2;1;9;1
202100021818;162 625;7;0;2;3;19;1
202100021819;162 623;7;9;0;9;0;1
202100021820;162 621;7;0;0;8;15;1
202100021820;162 622;50;0;2;1;1;3
202100021821;162 619;7;1;0;2;9;1
202100021821;162 620;31;0;2;7;1;1
202100021822;162 617;33;1;0;7;2;1
202100021822;162 618;7;16;0;3;26;1
202100021823;162 616;1;0;0;1;1;5
202100021824;162 614;7;0;2;5;15;1
202100021824;162 615;34;0;2;1;1;1
202100021825;162 613;30;0;0;8;26;1
202100021826;162 612;7;0;1;1;1;1
202100021827;162 610;7;0;2;1;0;1
202100021827;162 611;7;0;2;1;1;1
202100021828;162 608;7;9;2;0;11;1
202100021828;162 609;2;0;2;0;21;1
202100021829;162 607;80;0;0;3;0;3
202100021830;162 605;7;0;2;2;17;1
202100021830;162 606;7;16;2;6;1;1
202100021831;162 604;7;13;0;1;1;1
202100021832;162 603;7;4;0;1;0;1
202100021833;162 601;7;0;2;7;17;1
202100021833;162 602;7;0;2;8;13;1
202100021834;162 599;2;0;2;1;18;1
202100021834;162 600;7;0;2;2;16;1
202100021835;162 597;2;0;2;1;1;1
202100021835;162 598;7;0;0;3;15;1
202100021836;162 595;7;0;2;8;15;1
202100021836;162 596;30;0;2;8;0;1
202100021837;162 593;33;0;2;1;1;1
202100021837;162 594;7;0;2;2;19;2
202100021838;162 591;7;3;2;1;2;1
202100021838;162 592;7;3;0;4;12;1
202100021839;162 590;2;0;6;2;2;1
202100021840;162 589;7;13;0;2;0;1
202100021841;162 587;7;0;2;2;19;1
202100021841;162 588;33;0;2;1;1;1
202100021842;162 586;7;8;0;6;1;1
202100021843;162 584;10;0;2;2;15;1
202100021843;162 585;99;0;0;8;1;5
202100021844;162 583;7;13;0;2;14;1
202100021845;162 581;7;0;2;1;13;1
202100021845;162 582;7;0;2;1;1;1
202100021846;162 579;33;0;2;2;17;1
202100021846;162 580;7;0;0;3;15;1
202100021847;162 578;33;0;0;2;1;1
202100021848;162 576;7;0;2;3;1;1
202100021848;162 577;33;0;2;3;1;1
202100021849;162 574;7;0;2;1;1;1
202100021849;162 575;7;0;2;7;15;1
202100021850;162 573;7;2;0;8;13;1
202100021851;162 571;33;0;2;6;15;1
202100021851;162 572;7;0;2;2;2;1
202100021852;162 570;33;13;0;0;1;1
202100021853;162 568;33;0;2;1;1;1
202100021853;162 569;7;0;2;1;15;1
202100021854;162 567;7;13;0;1;13;1
202100021855;162 566;7;13;0;1;1;1
202100021856;162 565;10;0;1;5;0;0
202100021857;162 564;33;9;0;9;2;1
202100021858;162 562;10;0;0;6;2;1
202100021858;162 563;33;0;0;1;2;1
202100021859;162 560;7;0;2;1;1;1
202100021859;162 561;7;0;2;7;13;1
202100021860;162 559;33;0;0;0;1;1
202100021861;162 557;7;3;2;3;5;2
202100021861;162 558;15;0;2;3;21;1
202100021862;162 556;7;0;1;4;20;1
202100021863;162 554;36;0;2;3;1;1
202100021863;162 555;21;0;2;1;1;1
202100021864;162 552;10;0;0;4;11;1
202100021864;162 553;33;0;2;1;2;1
202100021865;162 551;7;15;0;1;0;1
202100021866;162 549;7;0;2;2;17;1
202100021866;162 550;1;0;2;1;15;5
202100021867;162 546;7;0;2;8;9;1
202100021867;162 547;33;0;2;1;1;1
202100021868;162 544;7;0;2;3;26;1
202100021868;162 545;7;0;2;6;1;1
202100021869;162 542;7;0;2;1;19;1
202100021869;162 543;7;0;2;8;1;1
202100021870;162 540;7;0;2;3;9;1
202100021870;162 541;33;0;2;5;1;1
202100021871;162 539;7;6;0;1;1;2
202100021872;162 538;7;0;0;1;1;1
202100021873;162 533;7;0;0;6;15;1
202100021873;162 534;7;0;0;2;1;1
202100021873;162 535;33;0;2;1;13;1
202100021874;162 531;7;0;2;3;13;1
202100021874;162 532;7;0;2;3;1;1
202100021875;162 530;7;13;0;2;2;1
202100021876;162 528;1;0;0;3;2;5
202100021876;162 529;31;0;9;2;17;1
202100021877;162 526;7;0;0;1;15;1
202100021877;162 527;33;0;2;1;1;1
202100021878;162 524;7;0;2;3;1;1
202100021878;162 525;30;0;2;1;1;1
202100021879;162 523;7;13;0;1;1;1
202100021880;162 522;7;0;1;2;1;1
202100021881;162 521;7;0;1;2;1;1
202100021882;162 519;32;0;2;1;26;1
202100021882;162 520;7;0;2;7;15;2
202100021883;162 518;2;12;0;8;11;1
202100021884;162 517;7;13;0;1;19;1
202100021885;162 516;33;0;5;1;1;1
202100021886;162 513;7;0;2;7;15;1
202100021886;162 514;7;0;2;1;10;2
202100021887;162 510;7;0;2;1;0;1
202100021887;162 511;33;0;2;7;2;1
202100021888;162 508;7;0;2;3;1;1
202100021888;162 509;7;0;2;3;0;1
202100021889;162 506;80;0;2;1;13;3
202100021889;162 507;99;0;9;6;1;3
202100021890;162 505;31;12;0;7;1;1
202100021891;162 503;7;0;2;8;1;1
202100021891;162 504;7;3;2;0;14;1
202100021892;162 500;7;0;2;4;2;1
202100021892;162 501;7;0;2;4;2;1
202100021892;162 502;7;0;2;1;2;1
202100021893;162 497;7;0;;4;0;1
202100021893;162 498;7;0;2;4;0;1
202100021893;162 499;10;0;2;4;0;1
202100021894;162 496;7;2;0;9;14;1