Num_Acc;id_vehicule;categorie_vehicule;obstacle_fixe;obstacle_mobile;point_choc_initial;manoeuvre_principale;motorisation
202100021895;162 494;15;0;2;0;0;0
202100021895;162 495;33;0;2;7;1;1
202100021896;162 492;15;0;2;1;2;1
202100021896;162 493;15;0;2;4;2;1
202100021897;162 489;7;0;2;4;2;1
202100021897;162 490;7;0;2;4;2;1
202100021897;162 491;7;0;2;1;2;1
202100021898;162 486;7;0;2;1;5;1
202100021898;162 487;7;0;2;2;1;1
202100021898;162 488;7;0;2;0;1;1
202100021899;162 485;7;0;1;1;1;1
202100021900;162 483;33;0;2;1;21;1
202100021900;162 484;7;0;2;6;1;1
202100021901;162 481;7;0;2;4;0;0
202100021901;162 482;7;0;2;2;2;1
202100021902;162 478;7;0;2;1;1;1
202100021902;162 479;43;0;2;4;3;1
202100021902;162 480;7;0;2;3;1;1
202100021903;162 476;33;0;2;1;3;1
202100021903;162 477;7;0;2;4;2;1
202100021904;162 474;34;0;2;1;2;1
202100021904;162 475;7;0;2;4;2;1
202100021905;162 472;7;0;2;4;2;2
202100021905;162 473;7;0;2;1;2;1
202100021906;162 471;7;13;0;9;0;1
202100021907;162 469;7;0;2;2;12;1
202100021907;162 470;7;0;2;8;1;1
202100021908;162 468;7;16;2;1;3;1
202100021909;162 466;1;0;2;0;1;5
202100021909;162 467;15;0;2;7;17;1
202100021910;162 465;31;1;0;1;26;0
202100021911;162 463;34;1;2;7;1;1
202100021911;162 464;7;1;2;2;15;1
202100021912;162 461;7;0;2;2;1;1
202100021912;162 462;30;0;2;1;5;1
202100021913;162 459;7;0;2;2;12;1
202100021913;162 460;7;0;2;9;1;1
202100021914;162 458;7;0;1;1;1;1
202100021915;162 456;30;0;2;1;3;1
202100021915;162 457;7;0;2;6;1;1
202100021916;162 455;7;6;0;1;26;1
202100021917;162 454;7;0;1;1;26;1
202100021918;162 447;7;0;2;1;1;1
202100021918;162 448;7;0;2;3;15;1
202100021919;162 445;2;0;2;8;2;1
202100021919;162 446;10;0;2;3;5;1
202100021920;162 443;50;0;2;1;1;3
202100021920;162 444;37;0;2;3;15;1
202100021921;162 441;10;0;2;1;17;1
202100021921;162 442;1;0;2;4;1;5
202100021922;162 440;1;0;0;0;1;5
202100021923;162 438;7;0;2;1;11;1
202100021923;162 439;1;0;2;1;15;5
202100021924;162 436;7;0;2;3;15;2
202100021924;162 437;7;0;2;3;19;1
202100021925;162 434;1;0;2;1;0;5
202100021925;162 435;7;0;2;1;15;1
202100021926;162 432;30;0;9;1;1;1
202100021926;162 433;1;0;2;1;14;5
202100021927;162 430;32;0;2;1;1;1
202100021927;162 431;7;0;2;8;15;1
202100021928;162 427;7;0;2;1;2;1
202100021928;162 428;7;0;2;1;2;1
202100021928;162 429;7;0;2;5;1;1
202100021929;162 426;7;0;1;2;16;1
202100021930;162 424;2;0;0;8;1;1
202100021931;162 423;7;1;0;1;2;1
202100021932;162 422;7;0;1;1;26;0
202100021933;162 421;7;13;0;2;1;1
202100021934;162 420;7;2;0;1;1;1
202100021935;162 416;1;0;2;1;1;5
202100021935;162 417;7;0;2;8;1;1
202100021936;162 415;7;13;0;0;0;1
202100021937;162 413;7;0;2;3;13;1
202100021937;162 414;7;0;2;6;1;1
202100021938;162 412;7;0;1;4;20;1
202100021939;162 410;31;0;2;8;9;6
202100021939;162 411;7;0;2;7;0;6
202100021940;162 408;7;0;2;1;13;1
202100021940;162 409;7;0;2;1;1;1
202100021941;162 406;2;0;2;7;0;1
202100021941;162 407;7;0;2;8;9;1
202100021942;162 404;7;0;2;2;1;1
202100021942;162 405;7;0;2;8;10;1
202100021943;162 402;7;0;2;1;15;1
202100021943;162 403;31;0;2;0;0;1
202100021944;162 400;7;0;0;3;0;1
202100021944;162 401;7;0;0;3;11;1
202100021945;162 397;7;0;2;4;2;2
202100021945;162 398;7;0;2;4;2;1
202100021945;162 399;7;4;2;1;13;6
202100021946;162 395;7;0;2;6;10;1
202100021946;162 396;33;0;2;1;1;1
202100021947;162 394;30;11;0;6;13;1
202100021948;162 393;32;1;1;1;5;1
202100021949;162 391;43;0;2;7;1;1
202100021949;162 392;30;0;2;2;1;1
202100021950;162 389;30;0;2;1;13;3
202100021950;162 390;7;0;2;1;1;1
202100021951;162 388;32;0;1;1;1;1
202100021952;162 387;50;0;1;1;1;3
202100021953;162 386;7;0;1;5;20;1
202100021954;162 384;30;0;2;4;11;3
202100021954;162 385;7;0;2;2;1;0
202100021955;162 383;50;14;0;3;11;3
202100021956;162 382;30;8;0;1;9;1
202100021957;162 380;7;0;2;1;2;1
202100021957;162 381;7;0;2;4;1;1
202100021958;162 378;7;15;2;3;16;1
202100021958;162 379;7;0;2;2;2;1
202100021959;162 376;32;0;2;4;1;1
202100021959;162 377;7;0;2;1;13;1
202100021960;162 375;10;0;1;4;26;1
202100021961;162 373;7;0;2;2;15;1
202100021961;162 374;2;0;2;3;1;1
202100021962;162 371;7;4;0;4;11;1
202100021962;162 372;7;4;2;1;13;1
202100021963;162 370;7;1;0;3;13;2
202100021964;162 368;1;0;2;3;13;5
202100021964;162 369;7;0;2;3;1;2
202100021965;162 366;7;0;2;3;1;1
202100021965;162 367;7;0;2;3;13;1
202100021966;162 365;7;2;0;9;14;1
202100021967;162 363;33;0;2;8;1;1
202100021967;162 364;10;0;2;4;17;1
202100021968;162 362;7;13;0;9;14;1
202100021969;162 360;10;0;2;1;1;1
202100021969;162 361;7;0;2;3;5;1
202100021970;162 358;1;0;2;1;1;5
202100021970;162 359;7;0;9;8;15;1
202100021971;162 356;2;0;2;3;15;1
202100021971;162 357;7;0;2;2;17;1
202100021972;162 353;7;0;9;1;1;1
202100021972;162 354;7;0;2;3;2;1
202100021972;162 355;7;0;2;7;19;1
202100021973;162 351;7;0;2;3;1;1
202100021973;162 352;33;0;2;3;14;1
202100021974;162 349;7;0;2;2;15;1
202100021974;162 350;2;0;2;1;1;1
202100021975;162 348;7;2;0;1;1;1
202100021976;162 347;10;2;0;1;6;1
202100021977;162 346;7;13;0;2;0;1
202100021978;162 345;33;12;0;3;15;1
202100021979;162 344;36;0;0;0;1;1
202100021980;162 343;1;0;0;0;1;5
202100021981;162 341;2;0;2;1;5;1
202100021981;162 342;7;0;2;3;1;1
202100021982;162 338;33;0;2;1;17;1
202100021982;162 339;33;0;2;1;17;1
202100021982;162 340;7;0;2;3;19;2
202100021983;162 336;7;0;2;2;1;1
202100021983;162 337;30;0;0;4;2;1
202100021984;162 334;99;0;2;8;1;1
202100021984;162 335;7;0;2;8;13;1
202100021985;162 333;33;13;0;0;1;1
202100021986;162 331;3;0;9;1;9;1
202100021986;162 332;80;0;2;7;1;3
202100021987;162 330;7;16;0;0;14;1
202100021988;162 329;7;0;1;1;0;1
202100021989;162 328;31;13;0;0;21;1
202100021990;162 327;3;13;0;9;0;1
202100021991;162 326;7;13;0;3;16;1
202100021992;162 325;2;2;0;0;1;1
202100021993;162 322;7;16;0;1;1;1
202100021994;162 320;33;0;2;1;17;1
202100021994;162 321;33;0;2;1;1;1
202100021995;162 318;15;0;2;2;1;1
202100021995;162 319;7;0;2;2;13;1
202100021996;162 317;33;0;0;2;1;1
202100021997;162 316;1;0;0;0;0;5
202100021998;162 314;7;0;9;2;11;1
202100021998;162 315;80;0;2;7;19;3
202100021999;162 312;7;0;2;1;1;1
202100021999;162 313;10;0;0;4;26;1
202100022000;162 310;7;0;2;3;15;1
202100022000;162 311;15;0;2;3;1;1
202100022001;162 308;7;0;2;7;15;1
202100022001;162 309;33;0;2;1;1;1
202100022002;162 306;1;0;0;4;1;5
202100022002;162 307;0;0;9;2;0;0
202100022003;162 304;2;0;2;1;0;1
202100022003;162 305;7;0;2;3;0;1
202100022004;162 303;2;0;0;0;0;1
202100022005;162 301;33;0;2;1;1;1
202100022005;162 302;7;0;0;5;15;1
202100022006;162 299;7;0;2;3;1;1
202100022006;162 300;7;0;2;3;17;1
202100022007;162 296;7;0;2;8;19;1
202100022007;162 297;10;0;2;3;1;1
202100022007;162 298;7;0;2;1;1;1
202100022008;162 295;15;7;0;7;14;1
202100022009;162 294;7;4;0;3;13;1
202100022010;162 293;33;6;0;1;13;1
202100022011;162 291;1;0;2;1;1;5
202100022011;162 292;7;0;2;1;15;1
202100022012;162 288;7;0;2;4;11;1
202100022012;162 289;7;0;2;2;14;1
202100022012;162 290;7;0;2;6;11;1
202100022013;162 283;7;0;2;4;23;1
202100022013;162 284;7;0;2;1;0;1
202100022013;162 285;7;0;2;1;0;1
202100022013;162 286;7;0;2;1;0;1
202100022013;162 287;7;1;2;1;0;1
202100022014;162 281;33;0;2;1;17;1
202100022014;162 282;7;0;2;6;15;1
202100022015;162 279;7;0;9;2;13;1
202100022015;162 280;1;0;2;1;14;5
202100022016;162 278;33;4;0;2;1;1
202100022017;162 276;33;0;2;1;21;1
202100022017;162 277;10;0;0;5;15;1
202100022018;162 274;7;0;0;4;1;1
202100022018;162 275;7;0;2;1;1;1
202100022019;162 272;2;0;2;4;1;1
202100022019;162 273;7;0;2;4;11;1
202100022020;162 270;2;0;2;8;10;3
202100022020;162 271;2;0;2;1;1;1
202100022021;162 269;7;0;0;1;0;1
202100022022;162 267;31;0;2;1;17;1
202100022022;162 268;7;0;2;3;1;1
202100022023;162 263;7;0;2;3;1;1
202100022023;162 264;7;0;2;0;1;1
202100022023;162 265;7;0;2;6;11;1
202100022023;162 266;33;0;2;2;17;1
202100022024;162 261;7;0;2;1;1;1
202100022024;162 262;7;6;2;2;15;1
202100022025;162 259;1;0;2;4;1;5
202100022025;162 260;7;0;2;1;2;3
202100022026;162 258;7;13;0;2;1;1
202100022027;162 257;33;0;0;0;21;1
202100022028;162 256;33;7;0;2;17;1
202100022029;162 254;7;0;2;3;21;1
202100022029;162 255;7;0;2;3;13;1
202100022030;162 252;7;0;2;1;2;1
202100022030;162 253;7;0;0;4;2;1
202100022031;162 250;7;0;2;1;2;1
202100022031;162 251;7;0;0;4;2;1
202100022032;162 249;7;3;0;2;0;1
202100022033;162 247;7;0;2;8;11;1
202100022033;162 248;33;0;2;7;3;1
202100022034;162 245;10;4;2;3;1;1
202100022034;162 246;7;0;2;8;0;1
202100022035;162 243;7;0;2;4;1;1
202100022035;162 244;7;0;2;1;1;1
202100022036;162 240;7;0;2;8;1;1
202100022036;162 241;7;0;2;4;1;1
202100022036;162 242;7;0;2;1;1;1
202100022037;162 238;7;4;2;1;2;1
202100022037;162 239;7;4;2;4;2;2
202100022038;162 236;7;3;2;1;2;1
202100022038;162 237;7;3;2;6;11;1
202100022039;162 234;7;0;2;1;2;1
202100022039;162 235;7;0;2;4;2;1
202100022040;162 232;7;0;2;1;2;1
202100022040;162 233;7;0;2;4;2;1
202100022041;162 231;7;3;0;3;13;1
202100022042;162 230;7;0;1;1;1;1
202100022043;162 228;7;0;2;4;0;1
202100022043;162 229;7;0;2;2;14;1
202100022044;162 226;7;0;2;2;13;1
202100022044;162 227;7;0;2;6;1;1
202100022045;162 224;7;6;2;3;14;1
202100022045;162 225;7;6;2;6;1;1
202100022046;162 221;7;0;2;2;1;1
202100022046;162 222;7;0;2;1;1;1
202100022046;162 223;7;4;2;6;11;1
202100022047;162 219;7;0;2;1;9;1
202100022047;162 220;7;0;2;7;1;1
202100022048;162 218;7;0;1;3;10;1
202100022049;162 217;7;0;1;1;1;1
202100022050;162 215;32;0;2;0;0;1
202100022050;162 216;10;0;2;5;15;1
202100022051;162 213;30;0;2;1;26;1
202100022051;162 214;7;0;2;3;9;1
202100022052;162 212;7;13;0;0;1;1
202100022053;162 210;7;0;9;8;2;1
202100022053;162 211;1;0;2;0;0;5
202100022054;162 208;30;0;2;1;1;1
202100022054;162 209;30;0;2;1;13;1
202100022055;162 206;7;0;2;1;0;1
202100022055;162 207;7;0;2;2;0;1
202100022056;162 204;10;0;2;1;21;1
202100022056;162 205;7;0;2;4;26;1
202100022057;162 201;14;0;2;6;1;1
202100022057;162 202;10;0;2;3;1;1
202100022057;162 203;7;0;2;1;14;1
202100022058;162 199;2;0;2;1;1;1
202100022058;162 200;7;0;2;1;15;1
202100022059;162 197;7;0;2;2;15;1
202100022059;162 198;32;0;2;7;0;1
202100022060;162 195;33;0;2;3;1;1
202100022060;162 196;7;0;2;1;15;1
202100022061;162 193;7;1;0;0;0;1
202100022061;162 194;7;1;0;3;0;1
202100022062;162 191;43;0;2;5;2;1
202100022062;162 192;7;0;2;3;4;1
202100022063;162 189;7;1;2;3;15;1
202100022063;162 190;2;0;2;1;1;1
202100022064;162 188;7;0;1;3;1;1
202100022065;162 187;33;0;0;7;1;1
202100022066;162 185;7;0;2;1;5;1
202100022066;162 186;7;0;2;1;1;1
202100022067;162 183;7;0;2;1;26;2
202100022067;162 184;2;0;2;1;16;1
202100022068;162 181;7;0;2;3;13;1
202100022068;162 182;7;0;2;3;1;1
202100022069;162 179;33;0;2;0;1;1
202100022069;162 180;7;0;9;1;15;1
202100022070;162 177;7;0;2;3;15;1
202100022070;162 178;30;0;2;2;17;1
202100022071;162 175;7;0;9;3;1;1
202100022071;162 176;1;0;2;2;19;0
202100022072;162 174;7;0;1;3;1;1
202100022073;162 172;7;0;2;2;1;1
202100022073;162 173;7;0;2;3;26;1
202100022074;162 171;7;0;1;1;1;1
202100022075;162 169;7;0;2;4;2;1
202100022075;162 170;7;0;2;1;2;1
202100022076;162 165;7;0;2;1;2;1
202100022076;162 166;7;0;2;1;2;1
202100022076;162 167;7;0;2;4;2;1
202100022076;162 168;7;0;2;4;0;1
202100022077;162 163;1;0;2;7;1;0
202100022077;162 164;7;0;2;3;9;1
202100022078;162 161;7;0;2;4;23;1
202100022078;162 162;7;0;2;1;1;1
202100022079;162 159;7;0;2;4;1;1
202100022079;162 160;7;0;2;2;17;1
202100022080;162 157;7;0;2;2;1;1
202100022080;162 158;32;0;2;1;1;1
202100022081;162 154;7;0;2;3;13;1
202100022081;162 155;99;0;2;8;19;3
202100022081;162 156;7;0;0;0;0;1
202100022082;162 152;7;0;2;1;1;1
202100022082;162 153;32;0;2;2;1;1
202100022083;162 150;31;0;2;1;1;1
202100022083;162 151;7;0;2;3;1;1
202100022084;162 148;7;0;2;1;1;1
202100022084;162 149;7;0;2;4;20;1
202100022085;162 147;7;0;1;1;15;1
202100022086;162 146;99;0;2;8;26;0
202100022087;162 144;1;1;2;1;1;5
202100022087;162 145;7;0;2;8;20;1
202100022088;162 143;7;8;0;9;21;1
202100022089;162 141;10;0;2;7;15;1
202100022089;162 142;2;0;2;1;12;1
202100022090;162 140;33;9;0;2;14;1
202100022091;162 138;7;0;2;3;1;1
202100022091;162 139;7;0;2;3;1;1
202100022092;162 134;7;0;0;4;0;1
202100022092;162 135;7;0;2;4;0;1
202100022092;162 136;7;0;2;4;0;1
202100022092;162 137;10;0;2;1;0;1
202100022093;162 132;7;0;2;3;16;1
202100022093;162 133;1;0;0;0;0;0
202100022094;162 130;30;0;2;1;17;1
202100022094;162 131;7;0;2;3;1;1
202100022095;162 129;7;0;1;2;0;3
202100022096;162 127;34;0;0;1;5;1
202100022096;162 128;7;0;0;7;1;1
202100022097;162 126;7;8;0;1;13;1
202100022098;162 125;7;0;1;3;1;1
202100022099;162 122;7;0;2;1;1;1
202100022099;162 123;7;0;2;4;23;1
202100022099;162 124;7;0;2;4;23;1
202100022100;162 120;10;0;2;1;1;1
202100022100;162 121;7;14;0;4;2;1
202100022101;162 118;33;0;2;1;1;1
202100022101;162 119;7;0;9;3;15;1
202100022102;162 116;7;0;2;3;9;1
202100022102;162 117;32;0;2;1;17;1
202100022103;162 115;32;3;0;1;14;1
202100022104;162 113;7;0;2;6;12;1
202100022104;162 114;33;0;2;1;3;1
202100022105;162 111;7;0;2;5;12;1
202100022105;162 112;33;0;2;1;3;1
202100022106;162 109;1;0;2;0;1;5
202100022106;162 110;7;0;2;1;16;1
202100022107;162 108;30;1;0;1;1;1
202100022108;162 107;7;2;0;1;13;1
202100022109;162 106;33;0;1;1;1;1
202100022110;162 104;30;0;2;2;17;1
202100022110;162 105;7;0;2;3;15;1
202100022111;162 103;30;0;1;1;1;1
202100022112;162 101;7;0;2;0;14;0
202100022112;162 102;30;0;2;3;1;1
202100022113;162 100;50;0;1;1;1;3
202100022114;162 098;7;0;2;3;15;2
202100022114;162 099;32;0;2;8;1;1
202100022115;162 097;7;1;0;2;14;1
202100022116;162 095;7;0;2;2;15;1
202100022116;162 096;30;0;2;3;16;1
202100022117;162 094;50;0;0;0;1;3
202100022118;162 092;7;0;2;8;22;0
202100022118;162 093;50;0;2;1;1;3
202100022119;162 091;30;0;0;7;0;1
202100022120;162 089;7;0;2;1;1;1
202100022120;162 090;7;0;2;4;23;2
202100022121;162 088;7;1;0;3;1;1
202100022122;162 086;7;0;2;1;9;1
202100022122;162 087;7;0;0;4;9;1
202100022123;162 085;10;0;1;8;1;1
202100022124;162 084;30;0;1;0;0;0
202100022125;162 082;99;0;2;1;26;0
202100022125;162 083;30;0;2;4;23;0
202100022126;162 081;7;0;1;5;20;0
202100022127;162 079;2;0;2;3;18;1
202100022127;162 080;7;0;2;7;1;1
202100022128;162 078;1;0;0;6;1;6
202100022129;162 076;34;0;2;0;1;1
202100022129;162 077;7;0;2;0;1;0
202100022130;162 074;7;0;0;0;1;1
202100022130;162 075;30;0;0;0;1;3
202100022131;162 072;7;0;2;2;16;1
202100022131;162 073;1;0;2;1;5;5
202100022132;162 071;31;8;0;1;13;1
202100022133;162 069;7;0;2;3;15;1
202100022133;162 070;33;0;2;1;1;1
202100022134;162 068;7;2;0;2;1;1
202100022135;162 067;7;2;0;2;13;1
202100022136;162 066;7;3;0;2;14;1
202100022137;162 065;33;13;0;2;1;1
202100022138;162 064;7;2;0;9;1;1
202100022139;162 063;43;7;0;1;0;1
202100022140;162 062;21;0;1;5;14;1
202100022141;162 060;7;14;2;1;16;1
202100022141;162 061;7;0;0;8;23;1
202100022142;162 058;7;0;2;2;12;1
202100022142;162 059;17;0;0;6;1;6
202100022143;162 056;33;0;0;1;1;1
202100022143;162 057;7;0;0;2;19;1
202100022144;162 054;7;0;2;6;19;1
202100022144;162 055;2;0;2;1;1;1
202100022145;162 052;32;0;2;1;1;1
202100022145;162 053;7;0;2;3;13;1
202100022146;162 050;7;0;2;6;19;1
202100022146;162 051;7;0;2;3;15;1
202100022147;162 049;2;0;0;8;1;1
202100022148;162 048;7;13;0;3;1;1
202100022149;162 046;7;0;0;3;1;1
202100022149;162 047;7;0;0;2;1;1
202100022150;162 045;10;16;0;9;1;1
202100022151;162 044;99;13;0;9;10;1
202100022152;162 043;7;0;5;0;1;1
202100022153;162 042;2;0;0;1;0;1
202100022154;162 041;2;0;0;8;1;1
202100022155;162 040;7;2;0;1;14;1
202100022156;162 038;7;0;2;2;13;0
202100022156;162 039;1;0;2;8;1;5
202100022157;162 037;7;13;0;2;1;1
202100022158;162 035;7;0;0;4;15;1
202100022158;162 036;7;0;2;1;17;1
202100022159;162 033;7;0;2;8;9;1
202100022159;162 034;7;0;2;2;1;1
202100022160;162 032;7;0;1;2;1;1
202100022161;162 030;7;0;2;2;1;1
202100022161;162 031;33;0;6;1;0;1
202100022162;162 028;7;0;2;3;15;1
202100022162;162 029;7;0;2;1;1;1
202100022163;162 027;7;0;1;1;1;1
202100022164;162 026;36;6;0;1;0;1
202100022165;162 024;7;0;9;2;1;1
202100022165;162 025;1;0;2;1;15;5
202100022166;162 023;7;0;0;3;1;1
202100022167;162 022;7;15;0;7;1;1
202100022168;162 020;7;0;2;1;1;1
202100022168;162 021;7;0;2;7;1;1
202100022169;162 019;2;0;0;0;1;1
202100022170;162 017;33;0;2;1;17;1
202100022170;162 018;7;0;2;8;19;1
202100022171;162 015;31;0;0;8;15;1
202100022171;162 016;7;0;2;2;17;1
202100022172;162 013;33;15;2;1;1;1
202100022172;162 014;7;0;2;3;10;1
202100022173;162 011;32;0;2;1;17;1
202100022173;162 012;7;0;2;3;15;1
202100022174;162 009;7;0;2;1;1;1
202100022174;162 010;7;0;2;1;1;1
202100022175;162 007;2;0;2;1;17;1
202100022175;162 008;7;0;0;8;15;1
202100022176;162 005;33;0;2;1;1;1
202100022176;162 006;10;0;2;5;19;1
202100022177;162 004;7;0;0;1;13;1
202100022178;162 001;7;7;0;7;14;1
202100022179;161 996;10;16;0;9;13;1
202100022180;161 995;7;0;1;1;1;1
202100022181;161 994;2;6;0;0;0;1
202100022182;161 990;33;0;2;1;21;1
202100022182;161 991;7;0;2;3;21;1
202100022182;161 992;7;0;2;1;21;1
202100022182;161 993;7;0;2;1;13;1
202100022183;161 989;7;6;0;1;21;1
202100022184;161 988;7;0;1;2;1;1
202100022185;161 987;33;0;0;0;1;0
202100022186;161 986;33;6;0;9;0;1
202100022187;161 985;33;3;0;3;2;1
202100022188;161 983;7;0;0;4;1;1
202100022188;161 984;33;0;2;1;2;1
202100022189;161 982;7;6;0;3;1;1
202100022190;161 980;33;0;2;1;5;1
202100022190;161 981;7;0;2;2;1;1
202100022191;161 978;1;0;2;3;19;5
202100022191;161 979;7;0;9;1;15;1
202100022192;161 977;7;2;0;7;14;1
202100022193;161 976;7;2;0;0;1;1
202100022194;161 974;2;0;2;1;1;1
202100022194;161 975;2;0;0;1;17;1
202100022195;161 972;7;0;0;1;1;1
202100022195;161 973;1;7;0;8;1;6
202100022196;161 971;7;13;0;1;1;1
202100022197;161 968;1;0;0;3;1;0
202100022197;161 969;7;0;9;5;17;1
202100022198;161 967;7;16;0;3;21;1
202100022199;161 966;7;0;1;8;1;1
202100022200;161 965;7;6;0;8;1;1
202100022201;161 963;7;0;2;1;2;1
202100022201;161 964;7;0;2;4;1;1
202100022202;161 961;7;0;2;2;1;1
202100022202;161 962;17;0;2;6;1;1
202100022203;161 959;7;3;2;7;1;1
202100022203;161 960;10;3;2;1;17;1
202100022204;161 958;7;13;0;1;0;1
202100022205;161 953;7;0;2;4;1;1
202100022205;161 954;7;0;2;4;1;1
202100022205;161 955;7;0;2;7;1;1
202100022205;161 956;7;0;2;6;1;1
202100022205;161 957;7;0;2;1;1;1
202100022206;161 952;33;4;0;0;1;1
202100022207;161 950;10;0;2;1;1;1
202100022207;161 951;10;0;2;4;2;1
202100022208;161 948;7;0;2;4;26;1
202100022208;161 949;7;0;2;4;2;1
202100022209;161 947;7;0;1;1;26;2
202100022210;161 946;7;0;1;4;26;1
202100022211;161 945;7;0;1;2;1;1
202100022212;161 942;7;14;2;4;23;1
202100022212;161 943;7;0;2;5;1;1
202100022212;161 944;7;0;2;1;1;1
202100022213;161 940;7;0;2;8;15;2
202100022213;161 941;37;0;2;2;1;1
202100022214;161 939;32;0;2;3;1;1
202100022215;161 938;10;13;0;7;1;1
202100022216;161 936;7;0;2;1;1;1
202100022216;161 937;7;0;2;1;13;1
202100022217;161 932;1;0;2;7;15;5
202100022217;161 933;7;0;2;3;1;1
202100022218;161 930;7;12;2;8;1;1
202100022218;161 931;3;0;2;3;13;1
202100022219;161 928;7;0;2;3;15;1
202100022219;161 929;43;0;2;1;1;1
202100022220;161 926;7;6;1;1;21;1
202100022220;161 927;7;0;2;1;10;1
202100022221;161 924;7;0;2;0;0;2
202100022221;161 925;16;0;2;0;0;1
202100022222;161 923;36;6;0;1;26;1
202100022223;161 921;7;0;2;5;15;1
202100022223;161 922;33;0;2;1;1;1
202100022224;161 919;7;0;2;6;2;1
202100022224;161 920;33;0;2;1;2;1
202100022225;161 917;7;0;2;4;2;1
202100022225;161 918;7;0;2;1;2;1
202100022226;161 915;33;0;2;1;1;1
202100022226;161 916;7;0;2;1;15;1
202100022227;161 914;7;15;0;1;1;1
202100022228;161 913;2;8;0;0;10;1
202100022229;161 911;2;0;2;1;0;1
202100022229;161 912;7;0;2;8;0;0
202100022230;161 909;7;2;2;0;1;1
202100022230;161 910;7;0;2;1;26;1
202100022231;161 907;37;0;4;2;1;1
202100022231;161 908;40;0;2;8;1;0
202100022232;161 905;7;0;2;1;1;1
202100022232;161 906;7;0;2;1;15;1
202100022233;161 903;7;0;2;3;15;3
202100022233;161 904;1;0;2;0;1;5
202100022234;161 901;7;0;2;3;9;1
202100022234;161 902;33;0;2;7;1;1
202100022235;161 899;2;0;2;8;2;1
202100022235;161 900;7;0;2;1;2;1
202100022236;161 894;13;0;2;1;2;1
202100022236;161 895;7;0;2;4;1;1
202100022236;161 896;7;0;2;4;1;1
202100022236;161 897;7;0;2;4;1;1
202100022236;161 898;10;0;2;4;1;1
202100022237;161 892;7;0;2;4;2;1
202100022237;161 893;7;0;2;1;2;1
202100022238;161 891;30;0;0;1;1;1
202100022239;161 890;33;14;0;1;13;1
202100022240;161 888;31;0;2;1;0;1
202100022240;161 889;7;0;2;5;0;0
202100022241;161 886;7;0;2;1;1;1
202100022241;161 887;7;1;2;1;19;1
202100022242;161 884;7;0;2;0;16;0
202100022242;161 885;1;0;2;6;2;5
202100022243;161 882;7;14;0;1;26;1
202100022243;161 883;7;0;2;1;23;1
202100022244;161 881;99;12;0;0;2;3
202100022245;161 880;7;0;1;2;15;1
202100022246;161 879;7;15;0;1;26;1
202100022247;161 877;7;0;2;7;15;1
202100022247;161 878;33;0;2;1;1;1
202100022248;161 875;7;0;2;3;1;1
202100022248;161 876;7;0;2;5;1;1
202100022249;161 872;7;0;2;2;1;1
202100022249;161 873;7;0;2;5;1;1
202100022249;161 874;7;0;2;3;1;1
202100022250;161 870;7;0;4;7;17;1
202100022250;161 871;40;0;2;8;1;1
202100022251;161 868;7;0;9;2;16;1
202100022251;161 869;1;0;2;8;1;5
202100022252;161 866;33;0;2;1;1;1
202100022252;161 867;7;0;2;6;20;1
202100022253;161 864;1;0;2;7;19;5
202100022253;161 865;7;0;2;1;16;2
202100022254;161 862;7;0;2;2;1;1
202100022254;161 863;7;0;2;6;1;1
202100022255;161 860;7;0;2;5;17;1
202100022255;161 861;1;0;2;1;1;5
202100022256;161 858;2;0;2;8;26;3
202100022256;161 859;7;0;2;2;15;1
202100022257;161 856;33;0;2;1;26;1
202100022257;161 857;7;0;2;3;26;1
202100022258;161 854;7;0;2;4;26;1
202100022258;161 855;7;0;2;1;26;1
202100022259;161 852;7;0;2;1;1;1
202100022259;161 853;7;0;2;2;15;1
202100022260;161 850;7;0;2;1;2;1
202100022260;161 851;7;0;2;0;23;1
202100022261;161 848;7;0;2;3;1;1
202100022261;161 849;7;0;2;1;1;1
202100022262;161 847;7;0;1;2;15;1
202100022263;161 845;1;0;2;2;1;0
202100022263;161 846;7;0;2;1;1;1
202100022264;161 843;7;0;2;1;2;1
202100022264;161 844;7;0;2;4;1;1
202100022265;161 841;7;0;2;6;15;1
202100022265;161 842;7;0;2;2;8;1
202100022266;161 838;7;0;2;6;23;1
202100022266;161 839;7;0;2;1;1;1
202100022266;161 840;7;7;2;1;23;1
202100022267;161 836;7;0;2;1;15;1
202100022267;161 837;2;0;2;1;9;3
202100022268;161 834;7;0;2;3;15;1
202100022268;161 835;33;0;2;8;1;1
202100022269;161 832;33;0;2;2;1;1
202100022269;161 833;7;0;2;3;11;1
202100022270;161 830;7;0;2;1;1;1
202100022270;161 831;1;0;2;8;1;5
202100022271;161 828;7;0;0;4;23;1
202100022271;161 829;7;0;2;2;1;1
202100022272;161 826;7;0;2;2;1;1
202100022272;161 827;7;0;2;3;1;1
202100022273;161 824;33;0;2;3;0;1
202100022273;161 825;7;0;2;1;1;1
202100022274;161 821;7;0;2;8;0;1
202100022274;161 822;7;0;2;1;0;1
202100022274;161 823;7;0;2;1;13;1
202100022275;161 820;7;0;1;8;1;1
202100022276;161 817;10;0;2;1;17;1
202100022276;161 818;10;0;2;3;1;1
202100022276;161 819;7;0;2;1;2;1
202100022277;161 815;10;0;2;1;15;1
202100022277;161 816;31;0;2;1;16;1
202100022278;161 812;7;0;2;3;26;1
202100022278;161 813;10;0;2;3;15;1
202100022278;161 814;7;0;2;3;11;1
202100022279;161 810;32;0;2;1;1;1
202100022279;161 811;7;0;2;6;10;1
202100022280;161 808;7;0;1;3;1;1
202100022280;161 809;7;0;1;1;1;1
202100022281;161 806;7;0;2;1;1;1
202100022281;161 807;7;0;2;1;13;1
202100022282;161 804;7;0;2;0;0;1
202100022282;161 805;33;0;2;0;0;1