Num_Acc;id_vehicule;categorie_vehicule;obstacle_fixe;obstacle_mobile;point_choc_initial;manoeuvre_principale;motorisation
202100022283;161 802;10;0;2;3;1;1
202100022283;161 803;7;0;2;3;5;1
202100022284;161 800;7;0;2;3;0;1
202100022284;161 801;32;0;2;0;0;1
202100022285;161 798;41;0;2;8;1;3
202100022285;161 799;7;0;2;7;17;0
202100022286;161 796;7;0;2;8;15;1
202100022286;161 797;33;0;2;1;1;1
202100022287;161 795;1;0;0;1;1;5
202100022288;161 794;33;0;1;1;1;1
202100022289;161 792;32;0;2;1;2;1
202100022289;161 793;7;14;2;8;9;1
202100022290;161 790;7;0;2;4;1;1
202100022290;161 791;7;0;2;1;1;1
202100022291;161 788;30;0;2;1;2;1
202100022291;161 789;7;0;2;5;23;1
202100022292;161 786;10;0;2;2;12;1
202100022292;161 787;7;3;2;6;7;2
202100022293;161 784;7;0;2;3;16;1
202100022293;161 785;50;0;2;8;1;3
202100022294;161 782;7;0;2;3;20;1
202100022294;161 783;30;0;0;1;1;1
202100022295;161 781;7;0;1;1;1;2
202100022296;161 780;10;0;1;6;20;1
202100022297;161 777;30;0;2;3;2;1
202100022297;161 778;10;0;0;5;23;1
202100022298;161 775;33;0;2;1;1;1
202100022298;161 776;7;0;2;3;10;1
202100022299;161 773;1;0;2;1;1;5
202100022299;161 774;7;0;2;7;22;1
202100022300;161 772;7;0;1;1;1;1
202100022301;161 771;10;0;1;8;1;1
202100022302;161 770;50;8;0;1;25;3
202100022303;161 768;1;0;9;8;1;5
202100022303;161 769;1;0;2;8;5;5
202100022304;161 766;14;0;2;1;2;1
202100022304;161 767;7;0;2;4;23;2
202100022305;161 764;34;0;2;3;1;1
202100022305;161 765;7;0;2;2;10;2
202100022306;161 762;7;0;2;3;1;1
202100022306;161 763;1;0;2;1;15;0
202100022307;161 761;50;0;0;0;25;3
202100022308;161 759;33;0;2;4;1;1
202100022308;161 760;7;0;2;1;1;1
202100022309;161 758;7;0;1;8;1;1
202100022310;161 756;7;0;2;8;15;1
202100022310;161 757;99;0;2;1;1;1
202100022311;161 754;7;0;2;2;1;1
202100022311;161 755;30;0;2;8;15;1
202100022312;161 752;7;0;2;1;15;1
202100022312;161 753;33;0;2;1;1;1
202100022313;161 751;20;0;0;0;19;1
202100022314;161 749;37;0;2;3;1;1
202100022314;161 750;7;0;2;1;13;2
202100022315;161 747;1;0;2;8;15;5
202100022315;161 748;34;0;2;1;26;1
202100022316;161 745;33;0;2;1;3;1
202100022316;161 746;7;0;2;4;1;1
202100022317;161 743;7;0;2;1;1;1
202100022317;161 744;1;0;2;8;19;5
202100022318;161 742;7;8;0;1;13;1
202100022319;161 740;7;0;2;8;22;1
202100022319;161 741;2;1;0;0;1;1
202100022320;161 738;33;0;2;7;1;1
202100022320;161 739;7;0;2;5;15;1
202100022321;161 736;7;0;2;1;17;1
202100022321;161 737;1;0;2;8;13;5
202100022322;161 735;7;13;0;3;16;1
202100022323;161 733;1;0;0;2;26;5
202100022323;161 734;7;0;0;3;9;1
202100022324;161 731;7;0;2;1;2;1
202100022324;161 732;33;0;2;3;10;1
202100022325;161 729;33;8;2;3;1;1
202100022325;161 730;7;0;2;3;15;1
202100022326;161 727;7;5;9;2;26;1
202100022327;161 726;7;13;0;7;13;1
202100022328;161 725;33;13;0;0;15;1
202100022329;161 724;7;0;0;1;13;1
202100022330;161 722;1;0;2;8;1;5
202100022330;161 723;7;0;2;7;2;3
202100022331;161 719;7;0;2;8;1;1
202100022331;161 720;7;5;2;3;0;1
202100022331;161 721;7;0;2;3;0;1
202100022332;161 718;10;0;1;2;1;1
202100022333;161 717;7;13;0;3;1;1
202100022334;161 715;7;0;9;1;9;2
202100022334;161 716;1;0;0;7;2;5
202100022335;161 714;7;2;0;2;1;1
202100022336;161 713;7;2;0;9;14;1
202100022337;161 711;7;0;2;3;13;1
202100022337;161 712;7;0;2;1;2;1
202100022338;161 710;2;8;0;1;1;1
202100022339;161 709;33;2;0;0;1;1
202100022340;161 708;7;0;1;3;1;1
202100022341;161 707;7;0;0;0;1;1
202100022342;161 705;7;0;2;1;1;1
202100022342;161 706;7;0;2;1;0;1
202100022343;161 704;7;6;0;0;0;1
202100022344;161 703;33;12;0;1;1;1
202100022345;161 702;7;3;0;8;26;1
202100022346;161 701;34;0;0;0;1;1
202100022347;161 699;7;0;2;3;1;1
202100022347;161 700;7;0;2;3;1;1
202100022348;161 698;7;14;0;3;1;1
202100022349;161 696;10;0;2;1;19;1
202100022349;161 697;33;0;0;7;1;1
202100022350;161 694;7;0;2;1;17;1
202100022350;161 695;1;0;2;1;1;5
202100022351;161 693;7;0;0;1;1;1
202100022352;161 692;33;13;0;1;1;1
202100022353;161 691;32;7;0;1;2;1
202100022354;161 690;7;0;0;0;1;0
202100022355;161 688;7;0;2;1;1;1
202100022355;161 689;7;0;2;1;13;1
202100022356;161 683;17;0;2;2;17;1
202100022356;161 684;17;0;2;6;1;1
202100022356;161 685;7;0;2;8;1;1
202100022356;161 686;7;0;2;2;1;1
202100022356;161 687;7;0;0;0;1;1
202100022357;161 682;7;13;0;1;1;1
202100022358;161 681;7;0;1;1;1;0
202100022359;161 680;7;15;0;1;0;1
202100022360;161 679;33;0;0;7;1;1
202100022361;161 678;21;0;0;0;1;1
202100022362;161 676;7;0;2;1;15;1
202100022362;161 677;33;10;2;7;21;1
202100022363;161 674;2;0;2;1;13;1
202100022363;161 675;7;0;0;5;1;1
202100022364;161 671;7;0;2;2;1;2
202100022364;161 672;7;0;2;8;1;1
202100022364;161 673;7;0;2;1;13;1
202100022365;161 670;7;2;0;7;0;1
202100022366;161 668;33;0;0;8;1;1
202100022366;161 669;7;0;2;5;14;1
202100022367;161 667;33;4;0;3;1;1
202100022368;161 665;38;0;2;3;1;1
202100022368;161 666;7;0;2;3;13;1
202100022369;161 664;7;8;0;1;13;1
202100022370;161 663;33;0;1;1;1;1
202100022371;161 660;1;0;0;4;2;5
202100022371;161 661;10;0;0;2;1;1
202100022371;161 662;1;0;0;4;2;5
202100022372;161 658;32;0;2;1;18;1
202100022372;161 659;7;0;2;2;16;1
202100022373;161 656;7;0;2;1;0;0
202100022373;161 657;2;0;2;0;0;0
202100022374;161 654;7;0;0;4;23;1
202100022374;161 655;7;14;2;1;1;1
202100022375;161 653;33;0;0;7;1;1
202100022376;161 651;7;0;2;1;2;1
202100022376;161 652;7;0;2;8;2;1
202100022377;161 650;33;16;0;0;1;1
202100022378;161 649;33;13;0;1;0;1
202100022379;161 647;7;0;2;1;1;1
202100022379;161 648;2;0;2;1;17;1
202100022380;161 645;33;0;2;1;1;1
202100022380;161 646;7;0;2;8;19;1
202100022381;161 643;7;0;0;2;1;1
202100022381;161 644;2;0;2;1;19;1
202100022382;161 641;32;0;2;1;2;1
202100022382;161 642;7;0;0;4;2;1
202100022383;161 639;33;0;2;1;1;1
202100022383;161 640;7;0;2;2;15;1
202100022384;161 637;7;0;0;3;1;1
202100022384;161 638;7;0;0;1;11;1
202100022385;161 636;7;0;0;0;26;1
202100022386;161 635;7;13;0;9;1;1
202100022387;161 634;7;3;0;7;1;1
202100022388;161 633;7;0;1;2;16;1
202100022389;161 631;7;0;2;4;0;1
202100022389;161 632;7;0;2;1;2;1
202100022390;161 630;7;14;0;9;26;1
202100022391;161 628;7;0;2;1;2;1
202100022391;161 629;7;0;2;4;2;1
202100022392;161 626;7;0;2;1;26;1
202100022392;161 627;7;0;2;4;26;1
202100022393;161 625;33;3;0;0;1;1
202100022394;161 622;13;0;2;1;1;1
202100022394;161 623;7;0;2;7;1;1
202100022394;161 624;14;0;2;4;1;1
202100022395;161 619;7;0;2;7;1;1
202100022395;161 620;7;0;2;1;3;1
202100022395;161 621;31;0;2;1;3;1
202100022396;161 617;10;0;2;1;1;1
202100022396;161 618;10;0;2;4;1;1
202100022397;161 613;7;0;2;3;15;1
202100022397;161 614;1;0;2;2;17;5
202100022398;161 611;7;0;2;3;1;1
202100022398;161 612;30;0;2;1;17;1
202100022399;161 609;7;0;2;3;0;1
202100022399;161 610;30;0;2;;19;0
202100022400;161 607;7;0;2;3;15;1
202100022400;161 608;33;0;2;1;1;1
202100022401;161 605;10;0;2;2;16;1
202100022401;161 606;33;0;2;3;1;1
202100022402;161 601;7;1;2;4;0;1
202100022402;161 602;7;1;2;1;14;1
202100022403;161 599;7;0;2;3;11;1
202100022403;161 600;7;0;2;5;23;1
202100022404;161 597;7;0;2;3;15;1
202100022404;161 598;33;0;2;9;1;1
202100022405;161 595;7;0;2;1;1;1
202100022405;161 596;7;0;2;7;15;1
202100022406;161 594;7;14;0;3;14;1
202100022407;161 592;30;1;0;1;1;1
202100022407;161 593;7;0;2;4;23;1
202100022408;161 590;33;0;2;1;1;1
202100022408;161 591;7;0;2;3;19;1
202100022409;161 587;7;0;1;1;15;1
202100022410;161 586;30;8;0;0;1;1
202100022411;161 583;7;0;2;8;1;1
202100022411;161 584;7;0;2;8;1;1
202100022411;161 585;7;0;2;1;1;1
202100022412;161 579;7;0;2;4;1;1
202100022412;161 580;7;0;2;1;2;0
202100022413;161 577;7;0;2;2;15;1
202100022413;161 578;33;0;2;1;1;1
202100022414;161 575;7;0;2;8;0;1
202100022414;161 576;7;0;2;1;1;1
202100022415;161 573;7;0;2;3;0;1
202100022415;161 574;10;0;2;4;1;1
202100022416;161 570;10;0;2;2;26;1
202100022416;161 571;1;0;2;0;1;5
202100022417;161 568;7;0;2;4;23;1
202100022417;161 569;7;0;2;1;2;1
202100022418;161 566;7;0;2;2;16;1
202100022418;161 567;50;0;2;1;25;3
202100022419;161 564;7;14;2;7;16;1
202100022419;161 565;7;1;2;1;1;1
202100022420;161 562;1;0;2;7;1;5
202100022420;161 563;7;0;2;1;15;1
202100022421;161 561;10;15;0;1;14;1
202100022422;161 560;31;0;0;0;26;1
202100022423;161 558;7;0;2;8;15;1
202100022423;161 559;30;0;2;1;17;1
202100022424;161 555;7;0;2;4;23;1
202100022424;161 556;7;0;2;4;23;1
202100022424;161 557;7;0;2;1;1;1
202100022425;161 553;60;0;2;1;1;5
202100022425;161 554;7;0;2;1;19;1
202100022426;161 551;33;0;2;1;1;1
202100022426;161 552;7;0;2;3;19;1
202100022427;161 549;31;0;2;1;2;1
202100022427;161 550;7;0;2;4;23;1
202100022428;161 548;7;0;1;1;16;1
202100022429;161 547;33;0;5;1;1;1
202100022430;161 545;7;0;2;3;1;1
202100022430;161 546;7;0;2;3;19;1
202100022431;161 543;30;0;2;3;1;1
202100022431;161 544;7;0;2;2;16;1
202100022432;161 541;7;0;2;2;14;1
202100022432;161 542;30;0;2;6;9;1
202100022433;161 539;7;0;9;2;9;1
202100022433;161 540;50;0;2;1;5;3
202100022434;161 538;7;0;1;2;26;1
202100022435;161 537;2;0;0;7;26;1
202100022436;161 536;7;0;1;5;26;1
202100022437;161 533;7;0;2;4;2;1
202100022437;161 534;7;0;2;4;2;1
202100022437;161 535;7;0;2;1;2;1
202100022438;161 530;7;0;2;4;2;1
202100022438;161 531;7;0;2;4;2;1
202100022438;161 532;15;0;2;1;2;1
202100022439;161 528;7;0;2;2;0;1
202100022439;161 529;1;0;2;4;1;5
202100022440;161 527;7;2;0;8;13;1
202100022441;161 524;7;0;2;8;24;1
202100022441;161 525;1;1;0;1;1;5
202100022442;161 522;7;0;2;1;2;1
202100022442;161 523;7;0;2;4;1;1
202100022443;161 520;7;0;2;5;16;1
202100022443;161 521;7;4;2;1;12;1
202100022444;161 518;7;0;0;0;0;0
202100022444;161 519;31;0;2;2;0;0
202100022445;161 516;30;0;2;1;1;1
202100022445;161 517;7;0;2;0;15;1
202100022446;161 514;7;0;2;1;1;1
202100022446;161 515;33;0;2;1;1;1
202100022447;161 513;38;6;0;1;1;1
202100022448;161 511;32;0;2;8;1;3
202100022448;161 512;7;0;2;4;15;1
202100022449;161 510;33;0;1;1;1;1
202100022450;161 509;7;3;0;0;16;1
202100022451;161 507;7;0;2;1;26;1
202100022451;161 508;1;0;2;0;0;5
202100022452;161 505;33;0;0;0;0;0
202100022452;161 506;99;0;2;3;26;1
202100022453;161 503;43;0;2;1;1;1
202100022453;161 504;7;0;2;5;15;1
202100022454;161 502;7;9;0;7;14;1
202100022455;161 500;50;0;2;1;1;3
202100022455;161 501;7;0;2;5;16;1
202100022456;161 496;30;0;0;0;1;1
202100022457;161 494;7;0;2;0;11;1
202100022457;161 495;31;0;2;2;2;1
202100022458;161 492;7;0;0;0;0;1
202100022458;161 493;32;0;1;1;21;1
202100022459;161 490;7;0;9;1;9;1
202100022459;161 491;1;0;0;0;0;5
202100022460;161 488;7;0;2;1;19;1
202100022460;161 489;10;0;2;5;19;1
202100022461;161 486;37;0;2;7;19;1
202100022461;161 487;32;0;2;1;1;1
202100022462;161 485;10;0;1;1;1;1
202100022463;161 482;7;0;2;1;1;1
202100022463;161 483;7;0;2;1;1;1
202100022463;161 484;7;0;5;4;1;1
202100022464;161 480;7;0;2;4;2;1
202100022464;161 481;7;0;2;1;2;1
202100022465;161 478;33;2;2;1;17;1
202100022465;161 479;1;0;2;8;15;6
202100022466;161 476;7;0;2;8;26;1
202100022466;161 477;7;0;2;7;26;1
202100022467;161 474;7;0;2;5;12;1
202100022467;161 475;43;0;2;1;3;1
202100022468;161 472;7;0;2;2;12;1
202100022468;161 473;31;5;2;6;1;1
202100022469;161 469;10;0;2;3;2;1
202100022469;161 470;32;0;2;1;2;1
202100022469;161 471;7;0;2;5;2;1
202100022470;161 467;7;0;2;4;2;1
202100022470;161 468;7;0;2;1;2;1
202100022471;161 465;31;0;2;5;1;1
202100022471;161 466;43;0;2;1;1;1
202100022472;161 464;50;14;0;1;13;3
202100022473;161 463;1;0;1;3;1;5
202100022474;161 461;33;0;2;2;1;1
202100022474;161 462;7;0;2;6;15;1
202100022475;161 460;30;0;0;8;26;1
202100022476;161 458;1;0;2;1;1;5
202100022476;161 459;15;0;2;7;16;1
202100022477;161 456;7;0;2;2;11;1
202100022477;161 457;10;0;2;1;1;1
202100022478;161 453;7;0;2;0;1;1
202100022478;161 454;7;0;2;1;1;1
202100022478;161 455;30;0;2;8;3;1
202100022479;161 452;7;8;0;1;0;1
202100022480;161 450;2;0;2;4;2;3
202100022480;161 451;10;0;2;1;2;1
202100022481;161 448;7;1;0;0;0;0
202100022481;161 449;1;1;0;0;0;0
202100022482;161 446;13;0;2;0;0;1
202100022482;161 447;7;1;2;0;9;1
202100022483;161 444;33;0;2;1;15;1
202100022483;161 445;7;0;2;3;15;1
202100022484;161 441;10;1;0;1;1;1
202100022485;161 439;7;0;2;1;15;1
202100022485;161 440;30;0;2;1;1;1
202100022486;161 437;1;0;2;8;1;5
202100022486;161 438;10;0;2;2;17;1
202100022487;161 435;15;0;2;2;1;0
202100022487;161 436;7;0;2;6;11;1
202100022488;161 432;7;8;2;1;17;1
202100022488;161 433;3;0;2;3;15;1
202100022489;161 431;31;8;0;7;1;1
202100022490;161 429;7;5;2;6;1;1
202100022490;161 430;7;0;2;2;1;1
202100022491;161 428;7;4;0;1;1;1
202100022492;161 426;33;0;2;1;17;1
202100022492;161 427;7;0;2;6;15;1
202100022493;161 425;7;5;0;1;14;1
202100022494;161 423;7;0;2;7;15;1
202100022494;161 424;33;0;2;1;1;1
202100022495;161 421;7;0;0;6;26;1
202100022495;161 422;7;0;2;2;13;1
202100022496;161 419;7;0;2;3;15;1
202100022496;161 420;33;0;2;2;17;1
202100022497;161 416;7;0;9;2;26;1
202100022497;161 417;1;0;2;3;1;5
202100022497;161 418;7;0;2;2;15;1
202100022498;161 414;7;0;2;3;15;1
202100022498;161 415;33;0;2;1;17;1
202100022499;161 413;7;13;0;1;1;1
202100022500;161 411;2;0;2;1;1;1
202100022500;161 412;7;0;2;3;1;1
202100022501;161 410;7;2;0;3;0;1
202100022502;161 407;7;4;0;2;1;1
202100022502;161 408;7;0;2;3;1;1
202100022502;161 409;33;0;2;1;17;1
202100022503;161 405;7;0;2;3;15;1
202100022503;161 406;33;0;2;1;1;1
202100022504;161 404;33;0;0;0;1;1
202100022505;161 403;7;0;1;1;15;1
202100022506;161 400;10;0;2;3;1;1
202100022506;161 401;15;0;2;6;1;1
202100022506;161 402;7;0;2;1;17;1
202100022507;161 399;7;9;0;9;1;1
202100022508;161 396;7;0;2;8;9;1
202100022508;161 397;15;0;2;1;1;1
202100022509;161 394;7;0;2;3;1;1
202100022509;161 395;33;0;2;1;13;1
202100022510;161 392;2;0;2;1;13;1
202100022510;161 393;7;0;2;2;1;1
202100022511;161 390;33;0;2;2;1;1
202100022511;161 391;10;0;2;1;9;1
202100022512;161 389;2;12;0;0;14;1
202100022513;161 388;36;12;0;1;1;1
202100022514;161 387;2;8;0;7;0;1
202100022515;161 385;33;0;0;8;1;1
202100022515;161 386;7;0;2;1;1;1
202100022516;161 383;7;0;2;4;2;1
202100022516;161 384;7;0;2;1;2;1
202100022517;161 381;1;0;0;4;2;5
202100022517;161 382;1;0;2;1;2;5
202100022518;161 379;33;0;2;1;1;1
202100022518;161 380;7;0;2;2;15;1
202100022519;161 377;33;0;2;1;1;1
202100022519;161 378;7;0;2;7;15;1
202100022520;161 375;7;0;1;2;1;1
202100022520;161 376;80;0;2;1;24;3
202100022521;161 374;3;6;0;1;0;1
202100022522;161 372;7;0;2;7;19;1
202100022522;161 373;33;0;2;1;1;1
202100022523;161 370;7;0;2;1;26;1
202100022523;161 371;7;0;0;2;1;1
202100022524;161 368;1;0;2;3;1;5
202100022524;161 369;13;0;2;5;17;0
202100022525;161 367;33;13;0;1;1;1
202100022526;161 366;30;13;0;7;1;1
202100022527;161 364;14;0;2;3;1;1
202100022527;161 365;1;0;2;8;15;5
202100022528;161 361;1;0;2;1;1;5
202100022528;161 362;50;0;2;1;1;3
202100022528;161 363;2;0;2;1;1;1
202100022529;161 359;2;0;2;7;15;1
202100022529;161 360;7;0;2;2;1;1
202100022530;161 358;33;0;6;1;1;1
202100022531;161 356;33;0;2;1;1;1
202100022531;161 357;7;0;2;2;15;1
202100022532;161 354;1;0;2;3;13;5
202100022532;161 355;99;0;2;6;1;1
202100022533;161 353;10;8;0;1;14;1
202100022534;161 352;7;15;0;1;2;1
202100022535;161 350;10;0;2;2;1;1
202100022535;161 351;1;0;2;1;19;5
202100022536;161 346;33;0;2;1;1;1
202100022536;161 347;7;0;0;4;9;1
202100022537;161 345;33;13;0;1;1;1
202100022538;161 343;7;0;2;1;1;1
202100022538;161 344;7;0;2;1;13;1
202100022539;161 342;17;4;0;3;1;1
202100022540;161 338;7;0;2;1;2;1
202100022540;161 339;7;0;0;4;2;1
202100022540;161 340;7;0;2;1;2;1
202100022540;161 341;7;0;2;1;2;1
202100022541;161 336;7;0;2;2;12;1
202100022541;161 337;33;0;2;6;11;1
202100022542;161 335;7;4;9;1;6;1
202100022543;161 333;7;0;2;2;1;1
202100022543;161 334;10;0;2;5;15;1
202100022544;161 332;7;0;1;3;1;1
202100022545;161 330;7;0;2;3;15;1
202100022545;161 331;7;0;2;1;16;1
202100022546;161 329;2;0;0;8;0;1
202100022547;161 325;7;0;2;1;1;1
202100022547;161 326;1;0;2;1;5;5
202100022547;161 327;1;0;2;1;13;5
202100022547;161 328;1;0;2;1;13;5
202100022548;161 323;1;0;2;1;9;5
202100022548;161 324;7;0;9;8;9;1
202100022549;161 321;7;0;2;3;19;6
202100022549;161 322;7;0;9;2;21;6
202100022550;161 319;7;0;2;3;15;1
202100022550;161 320;7;0;2;2;1;1
202100022551;161 317;33;0;2;2;17;1
202100022551;161 318;7;0;0;6;15;1
202100022552;161 315;7;0;2;1;10;1
202100022552;161 316;33;15;2;1;1;1
202100022553;161 314;7;6;0;1;0;1
202100022554;161 313;7;0;1;8;1;1
202100022555;161 311;7;0;2;3;0;1
202100022555;161 312;33;0;2;1;5;1
202100022556;161 310;1;0;0;0;0;5
202100022557;161 309;7;2;0;1;1;1
202100022558;161 306;7;0;2;2;1;1
202100022558;161 307;33;0;2;1;19;1
202100022559;161 304;7;0;2;2;15;1
202100022559;161 305;1;0;2;0;2;5
202100022560;161 302;33;0;2;3;1;1
202100022560;161 303;10;0;2;3;15;1
202100022561;161 301;33;0;0;7;1;1
202100022562;161 299;7;0;0;2;1;1
202100022562;161 300;7;0;2;2;19;1
202100022563;161 296;7;0;2;1;1;1
202100022563;161 297;10;0;2;8;21;1
202100022563;161 298;10;0;2;1;13;1
202100022564;161 294;33;0;2;1;12;1
202100022564;161 295;7;0;2;6;1;1
202100022565;161 289;7;14;0;0;1;1
202100022565;161 290;7;14;0;1;1;1
202100022565;161 291;7;0;2;1;1;1
202100022565;161 292;7;0;2;1;1;1
202100022565;161 293;30;0;2;9;0;1
202100022566;161 287;7;0;2;6;11;1
202100022566;161 288;33;0;0;5;1;1
202100022567;161 285;10;0;2;1;2;1
202100022567;161 286;10;0;2;4;2;1
202100022568;161 283;7;0;2;1;1;1
202100022568;161 284;10;0;2;5;1;1
202100022569;161 281;7;0;2;7;12;0
202100022569;161 282;7;0;2;1;3;0
202100022570;161 278;7;0;0;4;2;1
202100022570;161 279;7;0;2;1;2;2
202100022570;161 280;7;0;2;1;2;1
202100022571;161 276;33;0;2;2;12;1
202100022571;161 277;7;0;2;6;1;1
202100022572;161 271;14;0;2;1;0;1
202100022572;161 272;14;0;2;1;0;1
202100022572;161 273;7;1;0;3;9;1
202100022572;161 274;99;0;2;4;0;1
202100022572;161 275;20;0;2;0;0;0
202100022573;161 270;7;4;0;1;1;1
202100022574;161 268;7;0;2;8;11;0
202100022574;161 269;33;0;2;7;1;1
202100022575;161 266;14;0;2;2;12;1
202100022575;161 267;7;0;2;8;1;1
202100022576;161 265;33;3;0;8;1;1
202100022577;161 261;7;0;2;8;1;1
202100022577;161 262;7;0;2;6;1;1
202100022577;161 263;33;0;2;1;3;1
202100022577;161 264;7;0;2;7;1;1
202100022578;161 259;7;0;2;6;1;1
202100022578;161 260;17;0;2;2;12;1
202100022579;161 257;7;0;2;4;2;1
202100022579;161 258;7;0;2;1;2;1
202100022580;161 255;33;0;2;8;3;1
202100022580;161 256;7;0;2;7;12;1
202100022581;161 254;7;0;0;0;1;
202100022582;161 253;7;4;0;1;17;1
202100022583;161 252;33;0;2;1;20;1
202100022584;161 250;7;0;2;0;0;1
202100022584;161 251;33;0;2;2;1;1
202100022585;161 248;32;0;2;3;1;1
202100022585;161 249;33;0;2;2;15;1
202100022586;161 246;7;0;2;7;13;1
202100022586;161 247;7;0;2;3;0;0
202100022587;161 244;7;0;2;1;15;1
202100022587;161 245;2;0;2;1;1;1
202100022588;161 240;7;1;2;4;0;1
202100022588;161 241;7;0;2;1;18;1
202100022588;161 242;7;0;2;3;9;1
202100022588;161 243;7;1;2;4;0;1
202100022589;161 238;7;0;2;2;2;1
202100022589;161 239;50;0;2;0;11;3
202100022590;161 237;50;0;1;1;1;3
202100022591;161 235;7;0;2;1;1;1
202100022591;161 236;10;0;2;7;0;1
202100022592;161 232;80;0;2;7;23;3
202100022592;161 233;7;0;2;4;1;2
202100022592;161 234;10;0;2;3;1;1
202100022593;161 230;7;0;2;2;3;1
202100022593;161 231;33;0;2;6;1;1
202100022594;161 228;7;0;2;0;0;1
202100022594;161 229;7;0;2;1;0;1
202100022595;161 225;7;0;2;1;1;1
202100022595;161 226;7;0;2;6;1;1
202100022595;161 227;7;0;2;1;21;1
202100022596;161 223;33;0;2;1;0;0
202100022596;161 224;7;0;2;5;15;1
202100022597;161 221;7;0;2;1;1;1
202100022597;161 222;7;0;2;3;1;1
202100022598;161 220;10;0;1;5;4;1
202100022599;161 218;7;0;2;3;9;1
202100022599;161 219;33;0;2;1;1;1
202100022600;161 217;7;0;1;1;15;1
202100022601;161 215;7;0;2;1;5;0
202100022601;161 216;30;0;2;1;1;1
202100022602;161 213;0;0;2;8;13;0
202100022602;161 214;30;0;2;8;1;1
202100022603;161 211;7;0;2;6;15;1
202100022603;161 212;33;0;2;1;5;1
202100022604;161 209;7;0;2;3;1;1
202100022604;161 210;7;0;2;3;13;1
202100022605;161 207;1;0;2;2;1;0
202100022605;161 208;7;0;0;0;0;0
202100022606;161 205;7;0;2;4;1;1
202100022606;161 206;10;0;2;1;2;1
202100022607;161 204;0;0;1;1;9;0
202100022608;161 202;7;0;2;2;20;1
202100022608;161 203;7;0;2;2;1;1
202100022609;161 201;7;0;1;1;1;1
202100022610;161 200;7;0;1;1;1;1
202100022611;161 198;1;0;2;7;1;5
202100022611;161 199;10;0;2;1;9;1
202100022612;161 196;7;0;2;3;1;0
202100022612;161 197;2;0;2;8;1;1
202100022613;161 195;32;0;0;8;1;1
202100022614;161 192;7;0;2;0;21;1
202100022614;161 193;7;0;2;1;21;1
202100022614;161 194;7;8;2;1;13;1
202100022615;161 191;33;0;0;1;19;1
202100022616;161 189;7;0;2;1;1;1
202100022616;161 190;7;0;2;1;1;1
202100022617;161 187;7;0;2;1;1;1
202100022617;161 188;2;0;2;4;1;1
202100022618;161 185;7;0;2;5;16;2
202100022618;161 186;7;0;2;4;21;1
202100022619;161 183;7;0;2;3;5;1
202100022619;161 184;7;0;2;3;5;1
202100022620;161 181;7;0;2;4;2;0
202100022620;161 182;7;0;2;1;2;1
202100022621;161 179;10;0;2;1;1;1
202100022621;161 180;7;0;2;6;1;1
202100022622;161 178;10;0;1;1;15;1
202100022623;161 176;33;0;2;4;2;1
202100022623;161 177;7;0;2;2;2;1
202100022624;161 175;50;0;9;1;26;3
202100022625;161 173;7;0;2;4;1;1
202100022625;161 174;7;0;2;1;2;1
202100022626;161 171;7;0;2;7;26;1
202100022626;161 172;7;0;2;7;0;2
202100022627;161 169;3;0;2;1;13;1
202100022627;161 170;7;0;2;1;1;1
202100022628;161 168;31;13;0;1;1;1
202100022629;161 167;34;0;1;1;1;1
202100022630;161 166;1;0;0;8;15;5
202100022631;161 165;10;0;1;4;4;1
202100022632;161 163;7;0;2;5;15;1
202100022632;161 164;2;0;2;1;1;1
202100022633;161 161;10;0;2;1;2;1
202100022633;161 162;7;0;2;4;1;1
202100022634;161 159;33;0;2;3;1;1
202100022634;161 160;7;0;2;2;15;1
202100022635;161 157;7;7;2;1;1;1
202100022635;161 158;7;0;2;7;15;1
202100022636;161 156;7;2;0;1;1;1
202100022637;161 154;7;0;2;2;1;1
202100022637;161 155;20;0;2;3;1;1
202100022638;161 152;30;0;2;1;1;1
202100022638;161 153;7;0;2;7;1;1
202100022639;161 151;33;0;1;0;1;1
202100022640;161 150;30;0;0;0;1;1
202100022641;161 149;7;6;0;1;1;1
202100022642;161 147;7;0;2;2;1;1
202100022642;161 148;10;0;2;7;17;1
202100022643;161 145;7;9;2;1;11;1
202100022643;161 146;7;0;2;5;23;1
202100022644;161 143;7;0;2;5;26;1
202100022644;161 144;7;0;2;1;9;1
202100022645;161 141;7;0;2;3;1;1
202100022645;161 142;10;0;2;6;15;1
202100022646;161 139;7;0;2;1;1;1
202100022646;161 140;7;0;2;4;16;1
202100022647;161 138;7;13;0;2;0;1
202100022648;161 137;7;0;1;1;1;2
202100022649;161 135;7;0;9;1;26;1
202100022649;161 136;1;0;2;7;19;5
202100022650;161 134;7;3;0;1;1;1
202100022651;161 132;7;0;2;4;20;1
202100022651;161 133;2;0;2;1;1;1
202100022652;161 129;7;0;2;2;23;1
202100022652;161 130;7;0;2;6;23;1
202100022652;161 131;30;14;0;1;26;1
202100022653;161 126;7;0;2;1;2;1
202100022653;161 127;7;0;2;4;2;1
202100022653;161 128;7;0;2;4;2;1
202100022654;161 124;7;0;2;1;1;1
202100022654;161 125;7;0;2;8;1;1
202100022655;161 123;7;1;0;3;14;1
202100022656;161 121;7;0;2;2;15;2
202100022656;161 122;33;0;2;0;1;1
202100022657;161 120;10;7;0;1;14;1
202100022658;161 118;10;0;0;3;16;1
202100022658;161 119;50;0;2;1;9;3
202100022659;161 116;50;0;2;1;5;3
202100022659;161 117;1;0;2;1;1;5
202100022660;161 114;13;0;2;0;23;6
202100022660;161 115;7;0;2;2;1;1
202100022661;161 113;30;0;0;0;21;1
202100022662;161 111;37;0;2;3;1;2
202100022662;161 112;7;0;2;5;15;1