Num_Acc;id_vehicule;categorie_vehicule;obstacle_fixe;obstacle_mobile;point_choc_initial;manoeuvre_principale;motorisation
202100022663;161 110;1;0;1;1;25;5
202100022664;161 108;7;0;2;1;2;1
202100022664;161 109;7;0;2;0;23;1
202100022665;161 106;10;0;2;3;9;1
202100022665;161 107;33;0;2;2;1;1
202100022666;161 103;7;1;0;4;1;1
202100022666;161 104;7;0;2;4;2;1
202100022666;161 105;7;0;2;1;2;2
202100022667;161 102;32;0;0;0;9;1
202100022668;161 100;38;0;2;1;1;0
202100022668;161 101;38;0;2;1;5;1
202100022669;161 098;7;0;2;2;16;1
202100022669;161 099;33;0;0;3;16;1
202100022670;161 096;32;0;2;1;1;1
202100022670;161 097;7;0;2;1;9;1
202100022671;161 094;7;0;2;3;20;1
202100022671;161 095;31;0;2;1;1;1
202100022672;161 092;7;0;2;1;9;1
202100022672;161 093;37;0;2;7;2;1
202100022673;161 091;10;0;1;0;0;0
202100022674;161 089;3;1;0;2;1;1
202100022674;161 090;3;0;2;6;24;1
202100022675;161 087;7;0;2;3;16;1
202100022675;161 088;7;0;2;2;1;1
202100022676;161 085;7;0;2;2;12;1
202100022676;161 086;7;0;2;3;0;1
202100022677;161 083;50;0;2;8;1;3
202100022677;161 084;37;0;2;2;1;0
202100022678;161 079;10;0;2;0;2;1
202100022678;161 080;7;0;9;1;2;1
202100022678;161 081;33;0;9;8;2;1
202100022678;161 082;33;0;2;1;2;1
202100022679;161 077;10;0;2;2;2;1
202100022679;161 078;7;0;2;4;2;1
202100022680;161 073;7;0;2;1;1;1
202100022680;161 074;7;0;2;4;1;1
202100022680;161 075;7;0;2;4;1;1
202100022680;161 076;7;0;2;4;1;1
202100022681;161 071;15;0;2;7;14;1
202100022681;161 072;10;3;2;6;1;1
202100022682;161 070;7;0;0;2;1;1
202100022683;161 067;7;0;2;7;1;1
202100022683;161 068;7;0;2;9;1;1
202100022683;161 069;17;0;2;2;12;1
202100022684;161 065;7;0;2;7;12;1
202100022684;161 066;34;0;2;8;9;1
202100022685;161 064;34;0;1;1;1;1
202100022686;161 062;32;0;1;1;2;1
202100022686;161 063;60;0;2;0;19;0
202100022687;161 059;7;0;2;4;2;1
202100022687;161 060;7;0;2;1;2;1
202100022687;161 061;10;0;2;4;2;1
202100022688;161 057;7;0;2;1;26;1
202100022688;161 058;7;0;2;4;15;1
202100022689;161 055;1;0;2;8;0;5
202100022689;161 056;7;0;2;3;15;1
202100022690;161 053;10;0;2;1;19;0
202100022690;161 054;10;0;2;3;15;0
202100022691;161 052;7;0;0;1;1;1
202100022692;161 048;7;0;2;1;5;0
202100022692;161 049;10;0;2;1;0;0
202100022692;161 050;33;3;2;1;5;0
202100022692;161 051;33;4;2;1;5;0
202100022693;161 047;32;0;0;8;1;1
202100022694;161 046;1;12;0;1;1;5
202100022695;161 042;7;0;2;2;1;1
202100022695;161 043;7;0;2;8;1;1
202100022695;161 044;2;0;2;1;3;1
202100022695;161 045;7;0;2;1;1;1
202100022696;161 036;7;0;2;0;2;1
202100022696;161 037;7;0;2;1;2;1
202100022697;161 034;14;0;2;4;4;1
202100022697;161 035;2;0;2;9;1;1
202100022698;161 033;7;0;1;1;1;1
202100022699;161 031;33;0;2;3;26;1
202100022699;161 032;33;0;1;1;13;1
202100022700;161 029;7;0;2;1;1;1
202100022700;161 030;7;0;2;1;2;1
202100022701;161 022;7;0;2;1;1;1
202100022701;161 023;1;0;2;8;1;5
202100022702;161 019;7;0;2;3;1;1
202100022702;161 020;7;0;2;1;1;1
202100022702;161 021;7;0;2;1;13;1
202100022703;161 018;7;0;1;1;15;1
202100022704;161 016;7;0;2;2;1;1
202100022704;161 017;50;0;2;1;15;3
202100022705;161 014;7;0;2;6;9;1
202100022705;161 015;30;0;2;1;26;3
202100022706;161 012;1;0;2;1;19;5
202100022706;161 013;7;0;2;1;1;1
202100022707;161 010;10;0;2;7;16;1
202100022707;161 011;34;0;2;8;16;1
202100022708;161 008;3;0;2;1;19;1
202100022708;161 009;7;0;2;1;19;1
202100022709;161 006;7;0;2;1;1;1
202100022709;161 007;1;0;2;7;19;5
202100022710;161 004;50;0;2;8;1;3
202100022710;161 005;7;0;2;3;15;1
202100022711;161 003;7;1;0;1;26;1
202100022712;161 001;1;0;2;7;1;5
202100022712;161 002;7;0;2;8;22;1
202100022713;161 000;7;4;0;3;1;1
202100022714;160 998;7;0;2;6;2;1
202100022714;160 999;7;0;2;2;17;1
202100022715;160 996;7;0;2;4;1;1
202100022715;160 997;7;0;2;1;2;2
202100022716;160 994;33;0;2;1;16;1
202100022716;160 995;7;0;2;3;16;3
202100022717;160 992;10;0;2;1;2;1
202100022717;160 993;7;0;2;6;1;1
202100022718;160 991;7;4;0;3;13;1
202100022719;160 989;1;0;2;7;19;0
202100022719;160 990;7;0;2;1;1;1
202100022720;160 988;7;0;1;1;9;1
202100022721;160 986;2;0;2;1;13;1
202100022721;160 987;7;0;2;3;1;1
202100022722;160 984;1;0;2;1;1;5
202100022722;160 985;30;0;2;1;1;1
202100022723;160 982;60;0;2;1;1;5
202100022723;160 983;7;0;0;7;0;1
202100022724;160 981;7;0;1;1;26;1
202100022725;160 979;33;0;2;2;17;1
202100022725;160 980;7;0;2;3;15;1
202100022726;160 977;33;0;2;3;1;1
202100022726;160 978;7;0;2;3;15;1
202100022727;160 975;7;0;2;6;1;2
202100022727;160 976;7;0;2;3;1;1
202100022728;160 973;33;0;2;9;1;1
202100022728;160 974;7;0;2;6;15;1
202100022729;160 972;7;0;1;0;15;0
202100022730;160 970;1;0;2;4;25;5
202100022730;160 971;7;0;2;1;1;1
202100022731;160 968;2;0;2;0;0;1
202100022731;160 969;7;0;2;6;16;1
202100022732;160 967;40;0;1;2;1;3
202100022733;160 965;32;0;2;1;13;1
202100022733;160 966;7;0;2;0;0;1
202100022734;160 963;7;0;2;3;1;1
202100022734;160 964;7;0;2;3;13;1
202100022735;160 961;7;0;2;3;13;1
202100022735;160 962;7;0;2;3;1;1
202100022736;160 959;7;0;2;3;1;1
202100022736;160 960;7;0;2;2;1;1
202100022737;160 957;30;0;2;8;15;1
202100022737;160 958;30;0;2;1;13;1
202100022738;160 955;7;0;2;3;16;1
202100022738;160 956;7;0;2;4;0;0
202100022739;160 953;7;0;2;1;26;1
202100022739;160 954;7;0;2;2;26;1
202100022740;160 952;7;13;0;1;19;1
202100022741;160 949;31;0;2;1;2;1
202100022741;160 950;7;0;2;5;23;1
202100022741;160 951;7;0;2;6;23;1
202100022742;160 948;7;6;0;2;14;0
202100022743;160 947;32;0;0;0;3;3
202100022744;160 946;7;4;0;2;14;1
202100022745;160 944;7;0;2;3;1;1
202100022745;160 945;30;0;2;7;1;1
202100022746;160 942;43;0;2;3;1;1
202100022746;160 943;80;0;2;1;19;3
202100022747;160 940;7;0;2;0;18;0
202100022747;160 941;30;0;2;0;1;1
202100022748;160 938;30;0;2;3;15;0
202100022748;160 939;30;0;0;8;1;1
202100022749;160 936;1;0;2;1;1;5
202100022749;160 937;10;0;2;6;4;3
202100022750;160 934;7;0;2;3;22;1
202100022750;160 935;50;0;2;1;1;3
202100022751;160 932;10;0;2;3;13;1
202100022751;160 933;1;0;2;2;17;5
202100022752;160 930;31;0;2;4;2;1
202100022752;160 931;33;0;2;4;15;1
202100022753;160 928;32;0;2;2;1;1
202100022753;160 929;7;0;2;3;11;0
202100022754;160 927;99;0;0;0;1;3
202100022755;160 926;7;0;1;2;1;1
202100022756;160 924;10;0;2;1;0;1
202100022756;160 925;7;0;2;1;0;1
202100022757;160 923;7;0;1;1;19;1
202100022758;160 921;10;0;2;1;17;1
202100022758;160 922;7;0;2;8;15;1
202100022759;160 919;7;0;2;3;2;2
202100022759;160 920;30;0;2;6;1;1
202100022760;160 917;1;0;2;1;2;5
202100022760;160 918;7;0;2;5;20;1
202100022761;160 915;7;0;9;2;16;1
202100022761;160 916;50;0;2;0;0;3
202100022762;160 913;3;0;2;3;20;6
202100022762;160 914;2;0;2;1;17;0
202100022763;160 909;33;0;2;1;1;1
202100022763;160 910;7;0;2;1;1;1
202100022763;160 911;7;0;2;4;1;1
202100022763;160 912;7;0;2;4;1;1
202100022764;160 907;7;0;2;6;2;1
202100022764;160 908;7;0;2;2;2;1
202100022765;160 906;7;4;0;9;26;1
202100022766;160 904;7;4;0;1;1;1
202100022766;160 905;10;0;2;2;23;1
202100022767;160 903;10;1;0;2;14;1
202100022768;160 900;7;3;0;5;0;1
202100022768;160 901;7;0;2;1;1;1
202100022768;160 902;7;3;0;3;1;1
202100022769;160 899;7;2;0;1;26;1
202100022770;160 898;33;4;2;1;9;1
202100022771;160 896;7;0;2;7;12;1
202100022771;160 897;31;0;2;6;11;1
202100022772;160 894;7;0;2;4;1;1
202100022772;160 895;7;0;2;1;9;1
202100022773;160 892;7;0;2;4;1;1
202100022773;160 893;10;0;2;1;1;1
202100022774;160 890;7;0;2;3;2;1
202100022774;160 891;7;0;2;5;2;2
202100022775;160 889;7;3;0;3;1;1
202100022776;160 888;33;0;0;7;15;1
202100022777;160 887;7;0;1;1;1;1
202100022778;160 885;7;0;2;1;12;0
202100022778;160 886;43;0;2;3;9;1
202100022779;160 883;30;0;2;1;21;1
202100022779;160 884;32;0;2;8;17;1
202100022780;160 882;7;0;0;1;14;1
202100022781;160 880;43;0;2;2;17;1
202100022781;160 881;7;0;2;8;15;1
202100022782;160 878;7;0;2;1;1;1
202100022782;160 879;2;0;2;4;1;1
202100022783;160 876;7;0;2;1;26;0
202100022783;160 877;2;0;2;0;0;1
202100022784;160 874;7;0;2;2;1;1
202100022784;160 875;32;0;2;1;13;1
202100022785;160 873;7;0;1;5;20;1
202100022786;160 872;30;8;0;1;1;1
202100022787;160 871;17;2;0;2;14;1
202100022788;160 870;41;0;0;0;26;1
202100022789;160 869;7;3;0;2;9;1
202100022790;160 867;7;0;2;8;10;1
202100022790;160 868;33;0;2;2;17;1
202100022791;160 865;7;0;2;6;15;1
202100022791;160 866;32;0;2;2;17;1
202100022792;160 863;33;0;2;1;1;1
202100022792;160 864;7;0;2;6;10;1
202100022793;160 861;1;0;2;1;1;5
202100022793;160 862;7;0;2;5;26;2
202100022794;160 860;10;0;1;4;4;1
202100022795;160 859;7;0;1;3;1;1
202100022796;160 857;7;0;2;1;1;1
202100022796;160 858;7;0;2;0;15;1
202100022797;160 855;7;0;2;0;20;1
202100022797;160 856;30;0;2;0;1;1
202100022798;160 853;1;0;2;5;19;5
202100022798;160 854;30;0;2;1;18;1
202100022799;160 851;10;6;2;6;1;1
202100022799;160 852;7;6;2;3;19;1
202100022800;160 849;2;0;2;1;19;1
202100022800;160 850;7;0;2;2;15;1
202100022801;160 848;3;0;0;9;26;1
202100022802;160 846;30;0;2;1;1;1
202100022802;160 847;7;0;2;2;1;1
202100022803;160 845;7;2;0;1;14;1
202100022804;160 843;7;0;2;1;1;1
202100022804;160 844;7;0;2;1;13;1
202100022805;160 842;7;12;0;0;13;1
202100022806;160 841;33;0;0;1;26;1
202100022807;160 839;30;0;2;1;18;1
202100022807;160 840;7;0;0;7;16;1
202100022808;160 837;7;1;2;1;26;1
202100022808;160 838;30;0;0;0;0;3
202100022809;160 836;33;0;0;0;1;1
202100022810;160 834;7;0;2;7;15;1
202100022810;160 835;2;0;2;1;1;1
202100022811;160 832;7;0;2;8;26;1
202100022811;160 833;33;0;2;7;1;1
202100022812;160 831;7;0;1;1;26;1
202100022813;160 830;7;13;0;1;0;1
202100022814;160 828;32;0;2;1;1;1
202100022814;160 829;7;0;2;5;10;1
202100022815;160 826;7;0;2;2;15;1
202100022815;160 827;33;0;2;3;1;1
202100022816;160 824;7;0;2;1;1;1
202100022816;160 825;10;0;2;3;1;1
202100022817;160 823;32;0;1;1;1;1
202100022818;160 821;50;0;2;0;0;3
202100022818;160 822;7;0;2;1;26;1
202100022819;160 819;7;0;9;8;1;1
202100022819;160 820;50;0;2;3;13;3
202100022820;160 817;30;0;2;4;1;1
202100022820;160 818;7;0;2;1;14;0
202100022821;160 816;7;4;0;1;14;1
202100022822;160 815;7;4;0;1;12;1
202100022823;160 814;1;0;1;1;1;5
202100022824;160 812;7;0;2;5;2;1
202100022824;160 813;33;0;2;1;2;1
202100022825;160 811;7;14;0;1;13;1
202100022826;160 809;2;0;2;2;19;1
202100022826;160 810;7;0;2;3;15;1
202100022827;160 808;7;9;0;1;21;1
202100022828;160 806;7;0;2;7;11;1
202100022828;160 807;10;0;2;1;1;1
202100022829;160 804;7;1;0;0;0;0
202100022829;160 805;7;1;2;4;24;1
202100022830;160 802;7;0;2;1;1;1
202100022830;160 803;30;0;2;1;1;1
202100022831;160 801;30;2;0;0;21;3
202100022832;160 799;30;0;2;1;1;1
202100022832;160 800;7;0;2;1;1;1
202100022833;160 798;14;0;1;4;20;1
202100022834;160 797;2;0;0;7;1;1
202100022835;160 794;33;1;2;3;1;1
202100022835;160 795;7;0;2;3;15;1
202100022835;160 796;7;0;9;3;23;1
202100022836;160 792;7;3;2;2;17;1
202100022836;160 793;7;3;2;6;1;1
202100022837;160 790;7;0;2;1;1;1
202100022837;160 791;7;13;2;2;14;1
202100022838;160 788;7;0;2;3;1;1
202100022838;160 789;7;0;2;3;1;1
202100022839;160 787;15;0;1;2;26;1
202100022840;160 786;33;5;0;8;1;1
202100022841;160 784;7;0;2;3;1;1
202100022841;160 785;7;0;2;5;16;1
202100022842;160 783;33;3;0;8;0;1
202100022843;160 782;7;13;0;1;1;1
202100022844;160 781;33;6;0;1;15;1
202100022845;160 780;33;2;0;1;13;1
202100022846;160 779;36;0;6;2;1;1
202100022847;160 778;7;6;0;3;13;1
202100022848;160 777;7;2;0;3;17;1
202100022849;160 775;33;0;2;3;13;1
202100022849;160 776;7;0;9;3;13;1
202100022850;160 771;7;0;2;6;1;1
202100022850;160 772;33;0;2;8;13;1
202100022851;160 769;7;0;2;2;1;1
202100022851;160 770;1;0;0;4;1;5
202100022852;160 767;7;0;2;4;23;1
202100022852;160 768;3;0;2;1;2;1
202100022853;160 766;33;0;0;8;1;1
202100022854;160 764;7;13;0;3;15;1
202100022854;160 765;7;15;0;2;2;1
202100022855;160 763;7;2;0;2;1;2
202100022856;160 761;33;0;2;1;1;1
202100022856;160 762;99;0;2;3;19;1
202100022857;160 760;1;6;0;1;2;5
202100022858;160 758;14;0;2;3;21;1
202100022858;160 759;14;0;2;3;13;1
202100022859;160 756;7;0;0;3;15;1
202100022859;160 757;33;0;2;1;17;1
202100022860;160 754;7;0;2;9;11;1
202100022860;160 755;7;0;2;1;2;1
202100022861;160 753;14;6;0;1;13;1
202100022862;160 751;15;3;2;2;13;1
202100022862;160 752;7;0;2;7;2;1
202100022863;160 750;7;0;1;2;26;1
202100022864;160 749;7;0;1;2;21;1
202100022865;160 748;0;0;1;0;0;0
202100022866;160 746;1;0;2;6;1;5
202100022866;160 747;7;0;9;1;15;1
202100022867;160 744;33;0;2;1;17;1
202100022867;160 745;7;0;2;8;15;1
202100022868;160 742;10;0;2;3;5;1
202100022868;160 743;14;0;2;3;1;0
202100022869;160 741;10;8;0;3;14;1
202100022870;160 739;7;0;2;6;1;1
202100022870;160 740;7;0;2;2;1;1
202100022871;160 735;2;0;2;8;1;1
202100022871;160 736;7;0;2;3;15;1
202100022872;160 734;31;0;0;7;1;1
202100022873;160 731;7;6;0;1;17;1
202100022874;160 729;1;0;2;1;0;5
202100022874;160 730;13;0;9;3;13;1
202100022875;160 728;7;2;0;3;1;1
202100022876;160 726;15;0;2;1;1;1
202100022876;160 727;7;0;2;1;13;1
202100022877;160 725;10;0;1;1;1;1
202100022878;160 724;7;0;0;9;1;1
202100022879;160 722;7;0;2;3;1;1
202100022879;160 723;1;0;2;3;5;5
202100022880;160 721;2;0;0;7;0;1
202100022881;160 720;7;0;2;8;1;1
202100022882;160 718;32;0;2;1;12;1
202100022882;160 719;7;0;2;6;1;1
202100022883;160 716;99;0;2;0;1;1
202100022883;160 717;10;0;2;8;1;1
202100022884;160 715;7;13;5;1;1;1
202100022885;160 714;34;0;0;0;1;1
202100022886;160 712;7;0;2;4;2;1
202100022886;160 713;7;0;2;1;2;1
202100022887;160 710;7;0;2;2;1;1
202100022887;160 711;7;4;2;3;1;1
202100022888;160 708;7;0;2;3;1;1
202100022888;160 709;14;0;2;2;14;1
202100022889;160 706;43;0;2;8;3;1
202100022889;160 707;7;0;2;7;1;1
202100022890;160 704;7;0;2;4;2;1
202100022890;160 705;7;0;2;1;1;1
202100022891;160 702;7;0;2;1;9;1
202100022891;160 703;32;0;2;7;1;1
202100022892;160 700;1;0;2;8;1;5
202100022892;160 701;7;0;2;1;15;1
202100022893;160 699;7;0;1;3;1;1
202100022894;160 697;7;0;2;8;24;1
202100022894;160 698;7;1;0;1;1;3
202100022895;160 696;0;0;1;1;25;0
202100022896;160 695;2;1;0;4;1;1
202100022897;160 694;7;2;0;1;1;1
202100022898;160 692;7;0;2;3;1;1
202100022898;160 693;7;0;2;2;1;1
202100022899;160 691;7;8;9;1;26;1
202100022900;160 690;7;0;1;3;1;1
202100022901;160 688;7;0;2;5;1;1
202100022901;160 689;33;0;2;1;1;1
202100022902;160 686;1;0;2;7;1;5
202100022902;160 687;7;0;2;3;1;1
202100022903;160 684;7;0;2;6;15;1
202100022903;160 685;2;0;2;1;2;1
202100022904;160 683;99;0;9;7;17;0
202100022905;160 680;7;9;0;1;1;1
202100022906;160 678;7;0;2;6;15;1
202100022906;160 679;2;0;2;1;17;1
202100022907;160 676;33;0;2;1;1;1
202100022907;160 677;7;0;2;2;9;1
202100022908;160 674;10;0;9;4;1;1
202100022908;160 675;1;0;2;1;1;0
202100022909;160 671;7;0;2;3;13;0
202100022909;160 672;1;0;2;1;1;5
202100022909;160 673;1;0;2;1;1;5
202100022910;160 669;80;0;2;1;1;3
202100022910;160 670;7;0;2;3;15;1
202100022911;160 667;31;0;2;8;18;1
202100022911;160 668;7;0;2;2;1;1
202100022912;160 665;30;0;2;1;18;1
202100022912;160 666;7;0;2;2;16;1
202100022913;160 664;7;0;1;2;26;1
202100022914;160 663;7;8;1;1;15;1
202100022915;160 661;1;0;2;0;2;2
202100022915;160 662;1;0;2;0;1;5
202100022916;160 660;7;0;1;1;1;1
202100022917;160 659;31;0;1;2;26;1
202100022918;160 657;7;1;0;5;26;1
202100022918;160 658;7;0;2;2;0;1
202100022919;160 655;7;0;2;0;13;1
202100022919;160 656;31;0;2;8;1;1
202100022920;160 654;33;0;1;1;17;1
202100022921;160 653;10;0;1;4;26;1
202100022922;160 649;7;0;2;1;2;1
202100022922;160 650;10;0;2;1;2;1
202100022922;160 651;7;0;2;4;2;2
202100022922;160 652;7;0;2;1;2;1
202100022923;160 647;32;0;2;1;1;1
202100022923;160 648;7;0;2;2;15;2
202100022924;160 646;7;0;1;8;1;1
202100022925;160 645;7;0;1;2;4;1
202100022926;160 643;32;0;2;1;5;1
202100022926;160 644;7;0;2;8;1;1
202100022927;160 641;7;0;2;2;15;1
202100022927;160 642;7;0;2;3;9;1
202100022928;160 639;7;0;2;2;11;2
202100022928;160 640;1;0;2;1;1;5
202100022929;160 637;7;0;0;5;10;0
202100022929;160 638;33;0;2;1;1;0
202100022930;160 635;7;0;2;3;19;1
202100022930;160 636;7;0;2;3;15;1
202100022931;160 634;10;0;0;8;26;1
202100022932;160 632;30;0;2;4;1;1
202100022932;160 633;30;0;2;2;0;1
202100022933;160 630;30;9;2;1;1;1
202100022933;160 631;7;0;2;1;16;1
202100022934;160 628;7;0;1;1;25;1
202100022935;160 626;10;13;2;3;13;1
202100022935;160 627;7;0;2;8;1;1
202100022936;160 624;1;0;0;4;0;5
202100022936;160 625;10;0;9;1;2;1
202100022937;160 622;33;13;2;3;1;1
202100022937;160 623;7;0;2;3;0;0
202100022938;160 620;7;0;2;1;19;1
202100022938;160 621;31;0;2;8;1;1
202100022939;160 618;7;0;2;1;1;2
202100022939;160 619;7;0;2;1;13;1
202100022940;160 616;33;0;2;1;1;1
202100022940;160 617;7;0;0;7;26;1
202100022941;160 614;7;0;0;3;1;1
202100022941;160 615;7;12;0;2;1;1
202100022942;160 613;33;0;0;0;1;1
202100022943;160 612;33;0;0;8;1;1
202100022944;160 611;7;0;0;1;1;1
202100022945;160 609;33;12;2;0;1;1
202100022945;160 610;7;0;2;3;13;1
202100022946;160 607;7;0;0;0;0;1
202100022946;160 608;31;0;9;0;1;1
202100022947;160 606;2;3;0;0;0;1
202100022948;160 605;7;8;0;1;14;1
202100022949;160 603;33;0;2;2;1;1
202100022949;160 604;7;0;2;8;19;1
202100022950;160 601;31;0;2;8;11;1
202100022950;160 602;7;0;2;1;1;1
202100022951;160 598;7;0;2;3;13;1
202100022951;160 599;7;0;2;8;1;1
202100022952;160 596;30;16;0;0;0;1
202100022953;160 595;7;2;0;2;1;1
202100022954;160 593;7;0;2;3;13;1
202100022954;160 594;37;0;2;2;1;1
202100022955;160 591;2;0;2;6;15;1
202100022955;160 592;7;0;2;2;1;1
202100022956;160 589;10;0;2;1;13;1
202100022956;160 590;7;0;2;1;5;1
202100022957;160 588;1;0;9;1;1;5
202100022958;160 587;7;13;0;1;13;1
202100022959;160 586;7;13;0;0;0;1
202100022960;160 584;1;0;2;7;17;5
202100022960;160 585;7;0;2;3;2;1
202100022961;160 583;33;8;0;0;1;1
202100022962;160 581;7;0;2;1;2;1
202100022962;160 582;7;0;0;4;1;1
202100022963;160 579;7;0;2;3;2;1
202100022963;160 580;80;0;2;4;2;3
202100022964;160 578;7;14;0;1;1;1
202100022965;160 576;33;0;2;1;17;1
202100022965;160 577;21;0;2;3;15;1
202100022966;160 575;7;13;0;1;14;1
202100022967;160 573;33;0;2;8;1;1
202100022967;160 574;33;0;2;8;17;1
202100022968;160 572;36;0;0;7;15;1
202100022969;160 571;7;6;9;1;26;1
202100022970;160 569;7;0;2;1;19;1
202100022970;160 570;7;7;2;8;1;1
202100022971;160 567;99;0;2;3;1;1
202100022971;160 568;7;0;2;3;13;1
202100022972;160 565;39;0;4;2;1;3
202100022972;160 566;7;13;4;0;0;1
202100022973;160 564;7;16;0;0;1;1
202100022974;160 563;7;0;1;1;1;1
202100022975;160 561;7;15;2;7;1;1
202100022975;160 562;7;15;0;8;1;1
202100022976;160 559;15;0;2;6;1;1
202100022976;160 560;10;0;2;1;2;1
202100022977;160 558;7;4;0;1;2;1
202100022978;160 556;34;0;2;1;1;1
202100022978;160 557;7;0;2;2;9;1
202100022979;160 552;7;0;9;1;1;1
202100022979;160 553;7;0;2;1;1;1
202100022979;160 554;7;0;2;3;17;1
202100022979;160 555;15;6;2;3;1;6
202100022980;160 550;7;0;2;3;13;1
202100022980;160 551;7;0;2;6;1;1
202100022981;160 549;7;0;1;3;1;1
202100022982;160 547;7;0;2;3;19;1
202100022982;160 548;33;0;2;1;1;1
202100022983;160 545;7;0;2;2;13;1
202100022983;160 546;7;0;2;1;1;1
202100022984;160 543;39;0;2;2;1;3
202100022984;160 544;7;0;4;3;1;1
202100022985;160 542;7;7;0;6;0;1
202100022986;160 541;7;0;1;0;1;1
202100022987;160 539;7;2;0;6;1;1
202100022987;160 540;15;0;2;2;17;0
202100022988;160 537;1;0;0;4;1;5
202100022988;160 538;1;0;2;1;2;5
202100022989;160 535;33;12;2;7;1;1
202100022989;160 536;7;0;2;3;9;1
202100022990;160 534;7;0;1;2;14;1
202100022991;160 533;7;1;0;1;0;1
202100022992;160 531;7;0;2;6;23;1
202100022992;160 532;43;6;0;3;0;1
202100022993;160 529;7;4;2;5;17;1
202100022993;160 530;10;0;2;1;3;1
202100022994;160 528;7;0;0;1;12;1
202100022995;160 526;2;0;2;2;12;1
202100022995;160 527;99;0;2;6;1;1
202100022996;160 524;7;0;2;5;12;1
202100022996;160 525;7;0;2;3;1;1
202100022997;160 523;7;3;2;1;1;2
202100022998;160 520;7;1;0;1;1;1
202100022998;160 521;33;0;2;4;1;1
202100022998;160 522;7;0;2;1;1;1
202100022999;160 517;7;0;2;1;9;1
202100022999;160 518;7;0;2;7;1;1
202100023000;160 515;1;0;2;0;1;5
202100023000;160 516;7;0;2;7;22;1
202100023001;160 513;50;0;2;1;9;3
202100023001;160 514;7;0;2;3;9;1
202100023002;160 511;33;0;2;1;1;1
202100023002;160 512;13;0;2;6;9;1
202100023003;160 509;7;0;2;8;19;1
202100023003;160 510;7;0;2;1;1;1
202100023004;160 507;7;0;2;5;15;1
202100023004;160 508;80;0;2;0;1;5
202100023005;160 505;7;0;2;1;21;1
202100023005;160 506;7;0;2;1;13;1
202100023006;160 503;7;0;2;4;20;1
202100023006;160 504;1;0;2;1;21;5
202100023007;160 501;30;0;2;1;21;1
202100023007;160 502;7;0;2;6;0;1
202100023008;160 499;7;0;2;;2;
202100023008;160 500;30;15;2;8;16;1
202100023009;160 498;10;0;1;1;1;1
202100023010;160 496;10;0;2;8;1;1
202100023010;160 497;7;0;2;1;15;1
202100023011;160 494;7;0;0;0;12;1
202100023011;160 495;33;0;2;7;18;1
202100023012;160 492;7;0;2;6;1;1
202100023012;160 493;7;4;2;2;17;1
202100023013;160 490;31;14;0;1;3;1
202100023013;160 491;7;0;2;6;23;1
202100023014;160 489;7;0;1;2;1;1
202100023015;160 488;37;0;1;8;15;1
202100023016;160 487;7;0;0;1;0;1
202100023017;160 486;7;0;0;2;1;1
202100023018;160 484;7;0;2;1;1;1
202100023018;160 485;7;0;2;0;0;1
202100023019;160 482;10;0;2;7;15;1
202100023019;160 483;80;0;0;1;1;3
202100023020;160 480;30;0;2;1;1;1
202100023020;160 481;7;0;2;3;15;1
202100023021;160 479;30;12;0;1;26;1
202100023022;160 477;7;0;2;7;20;2
202100023022;160 478;2;0;2;1;18;3
202100023023;160 475;7;0;2;1;1;1
202100023023;160 476;7;0;2;3;1;1
202100023024;160 473;7;0;2;6;0;1
202100023024;160 474;7;0;2;2;0;1
202100023025;160 472;7;0;1;1;9;1
202100023026;160 470;7;0;2;1;9;1
202100023026;160 471;7;0;2;7;9;1
202100023027;160 467;7;0;2;4;2;1
202100023027;160 468;7;0;2;1;2;1
202100023027;160 469;7;0;2;4;2;1
202100023028;160 465;7;0;2;8;9;1
202100023028;160 466;33;0;2;1;1;1
202100023029;160 463;1;0;2;1;1;5
202100023029;160 464;7;0;2;3;15;1
202100023030;160 461;2;0;2;0;1;1
202100023030;160 462;7;0;2;0;15;1
202100023031;160 459;7;0;2;1;1;6
202100023031;160 460;7;0;2;1;17;0
202100023032;160 457;7;1;0;1;26;1
202100023032;160 458;7;0;0;4;23;1
202100023033;160 455;1;0;2;1;13;5
202100023033;160 456;7;0;9;1;1;1
202100023034;160 453;7;0;2;1;9;1
202100023034;160 454;7;0;2;2;1;1
202100023035;160 452;7;14;0;1;1;1
202100023036;160 451;7;0;1;3;15;1
202100023037;160 449;50;0;2;1;19;3
202100023037;160 450;7;0;2;2;1;1
202100023038;160 444;33;12;0;1;16;1
202100023039;160 440;30;0;2;1;9;1
202100023039;160 441;7;0;2;7;15;1
202100023040;160 438;50;0;2;1;1;3
202100023040;160 439;10;0;2;8;1;0
202100023041;160 436;7;0;1;3;1;1
202100023042;160 434;1;0;2;1;2;5
202100023042;160 435;10;0;0;8;1;1
202100023043;160 431;7;0;2;4;1;1
202100023043;160 432;7;0;2;4;1;1
202100023043;160 433;10;0;2;1;1;1
202100023044;160 430;30;14;0;1;13;1
202100023045;160 428;7;0;2;5;15;1
202100023045;160 429;50;0;2;1;8;3
202100023046;160 426;7;0;2;1;1;0
202100023046;160 427;50;0;2;1;19;3
202100023047;160 424;7;0;2;5;2;1
202100023047;160 425;7;0;2;2;2;1
202100023048;160 422;7;0;2;3;15;0
202100023048;160 423;2;0;2;1;2;0
202100023049;160 420;7;0;2;5;15;1
202100023049;160 421;1;0;2;1;1;5
202100023050;160 418;7;0;2;1;2;1
202100023050;160 419;7;0;2;4;23;1
202100023051;160 416;7;0;0;7;1;1
202100023051;160 417;7;0;0;1;19;1
202100023052;160 414;7;0;2;0;21;1
202100023052;160 415;1;0;2;4;0;5
202100023053;160 412;33;0;2;9;1;1
202100023053;160 413;7;0;2;8;1;1