Num_Acc;id_vehicule;categorie_vehicule;obstacle_fixe;obstacle_mobile;point_choc_initial;manoeuvre_principale;motorisation
202100023054;160 410;50;0;2;2;1;2
202100023054;160 411;7;0;2;2;1;1
202100023055;160 408;7;0;2;1;1;1
202100023055;160 409;7;0;2;8;9;1
202100023056;160 407;30;0;0;7;1;1
202100023057;160 406;1;12;0;2;14;5
202100023058;160 404;1;0;2;1;13;5
202100023058;160 405;7;0;2;6;1;1
202100023059;160 401;7;0;2;4;0;1
202100023059;160 402;7;0;2;1;2;1
202100023059;160 403;7;0;2;4;2;1
202100023060;160 399;50;0;2;3;1;3
202100023060;160 400;30;0;2;1;12;1
202100023061;160 398;7;0;1;3;1;1
202100023062;160 397;10;0;1;8;1;1
202100023063;160 394;7;0;2;8;0;1
202100023063;160 395;7;0;2;7;1;1
202100023063;160 396;7;0;2;1;1;1
202100023064;160 393;7;1;0;2;1;1
202100023065;160 391;7;0;2;1;1;1
202100023065;160 392;7;0;2;6;15;1
202100023066;160 389;7;0;2;2;15;1
202100023066;160 390;33;0;2;1;1;1
202100023067;160 387;7;6;2;2;1;1
202100023067;160 388;7;6;2;1;1;1
202100023068;160 386;7;0;1;3;1;1
202100023069;160 385;33;13;0;0;1;1
202100023070;160 381;7;14;0;1;1;0
202100023071;160 379;7;0;2;8;1;1
202100023071;160 380;80;0;2;0;5;3
202100023072;160 378;99;0;1;3;15;0
202100023073;160 377;7;14;0;1;9;1
202100023074;160 375;10;0;2;5;0;1
202100023074;160 376;31;0;2;2;18;1
202100023075;160 372;2;16;0;8;1;1
202100023076;160 370;7;0;0;8;10;
202100023076;160 371;33;0;2;1;26;1
202100023077;160 367;10;12;2;1;2;1
202100023077;160 368;7;0;2;4;2;1
202100023077;160 369;7;0;2;1;23;1
202100023078;160 364;7;0;2;3;23;3
202100023078;160 365;7;0;2;1;1;1
202100023078;160 366;7;0;2;9;13;1
202100023079;160 362;1;0;2;8;19;0
202100023079;160 363;7;0;2;1;0;1
202100023080;160 360;7;0;2;1;1;1
202100023080;160 361;7;0;2;4;1;1
202100023081;160 359;7;0;1;1;26;0
202100023082;160 357;30;0;2;0;19;0
202100023082;160 358;31;0;2;0;1;1
202100023083;160 353;7;0;2;1;0;1
202100023083;160 354;7;0;2;1;0;3
202100023084;160 351;30;0;2;0;9;1
202100023084;160 352;7;0;2;2;1;1
202100023085;160 349;14;0;2;1;1;1
202100023085;160 350;7;0;2;8;0;1
202100023086;160 346;7;0;2;1;2;1
202100023086;160 347;10;0;2;1;2;3
202100023086;160 348;7;0;2;4;2;1
202100023087;160 344;33;0;2;2;1;1
202100023087;160 345;7;0;2;8;15;1
202100023088;160 343;32;1;0;2;1;1
202100023089;160 341;7;0;2;4;1;1
202100023089;160 342;7;0;2;1;2;1
202100023090;160 340;33;0;0;7;1;1
202100023091;160 338;30;0;2;8;1;1
202100023091;160 339;99;0;2;1;5;5
202100023092;160 337;1;0;0;0;0;0
202100023093;160 335;7;0;2;2;2;0
202100023093;160 336;31;0;2;4;23;1
202100023094;160 334;33;0;0;9;26;1
202100023095;160 332;7;0;2;5;1;1
202100023095;160 333;7;0;2;1;1;1
202100023096;160 331;7;16;0;9;1;1
202100023097;160 329;33;0;2;1;17;1
202100023097;160 330;7;0;0;3;15;1
202100023098;160 328;7;12;0;1;16;1
202100023099;160 326;10;16;0;6;15;1
202100023099;160 327;32;0;2;1;2;1
202100023100;160 324;7;0;2;6;1;1
202100023100;160 325;33;0;2;1;1;1
202100023101;160 320;10;0;2;3;15;1
202100023101;160 321;7;0;2;1;17;1
202100023102;160 318;7;0;2;1;1;1
202100023102;160 319;7;0;2;1;21;3
202100023103;160 316;7;0;1;0;1;1
202100023104;160 313;33;0;2;2;2;1
202100023104;160 314;7;0;2;6;2;1
202100023105;160 312;7;6;1;1;1;0
202100023106;160 311;50;0;0;9;1;3
202100023107;160 309;7;0;2;1;3;1
202100023107;160 310;1;0;2;4;1;5
202100023108;160 307;7;0;2;7;1;1
202100023108;160 308;7;0;2;1;1;1
202100023109;160 304;7;0;2;3;1;1
202100023109;160 305;7;0;2;3;1;2
202100023109;160 306;33;0;2;1;17;1
202100023110;160 302;7;0;2;1;19;1
202100023110;160 303;7;0;2;6;19;1
202100023111;160 300;7;0;2;1;15;1
202100023111;160 301;33;0;2;1;1;1
202100023112;160 298;21;0;2;5;1;6
202100023112;160 299;21;0;2;3;1;1
202100023113;160 296;7;0;2;3;15;1
202100023113;160 297;33;0;2;2;1;1
202100023114;160 294;33;0;2;1;26;1
202100023114;160 295;7;0;2;4;15;1
202100023115;160 293;30;6;0;0;0;0
202100023116;160 292;7;12;1;2;1;1
202100023117;160 290;7;0;2;3;1;1
202100023117;160 291;30;0;2;7;16;1
202100023118;160 289;7;9;0;1;1;1
202100023119;160 288;7;0;1;1;1;1
202100023120;160 287;30;12;0;1;15;1
202100023121;160 285;7;0;2;2;15;1
202100023121;160 286;1;0;2;1;0;5
202100023122;160 283;7;0;2;3;1;1
202100023122;160 284;7;0;2;2;14;1
202100023123;160 282;30;0;0;8;1;1
202100023124;160 280;10;0;2;1;2;1
202100023124;160 281;7;0;2;4;23;1
202100023125;160 278;33;0;2;1;24;1
202100023125;160 279;7;0;9;4;1;1
202100023126;160 277;7;0;1;3;1;1
202100023127;160 275;7;0;2;7;1;1
202100023127;160 276;7;0;2;1;19;1
202100023128;160 273;14;1;0;5;23;1
202100023128;160 274;30;1;0;1;2;1
202100023129;160 271;30;0;2;2;5;1
202100023129;160 272;7;0;2;3;1;1
202100023130;160 270;7;0;1;1;1;0
202100023131;160 268;7;0;2;0;1;1
202100023131;160 269;30;0;2;2;15;1
202100023132;160 267;30;0;0;8;15;3
202100023133;160 266;43;0;1;7;17;1
202100023134;160 264;7;0;2;3;9;1
202100023134;160 265;30;0;2;7;17;1
202100023135;160 262;33;0;2;3;1;1
202100023135;160 263;7;0;2;0;1;2
202100023136;160 261;50;0;0;0;1;3
202100023137;160 259;50;0;2;1;19;3
202100023137;160 260;7;0;2;2;1;1
202100023138;160 257;7;0;2;5;22;2
202100023138;160 258;50;0;2;5;18;3
202100023139;160 255;7;0;2;5;9;0
202100023139;160 256;2;0;2;5;0;1
202100023140;160 253;7;0;2;0;0;1
202100023140;160 254;7;0;2;1;2;1
202100023141;160 251;7;0;2;1;15;1
202100023141;160 252;7;0;2;8;1;1
202100023142;160 249;50;0;2;1;1;3
202100023142;160 250;7;0;2;5;15;1
202100023143;160 247;33;0;2;1;1;1
202100023143;160 248;7;0;2;4;1;1
202100023144;160 245;7;0;2;2;0;1
202100023144;160 246;7;0;2;1;0;1
202100023145;160 244;1;0;1;1;1;5
202100023146;160 243;7;8;0;2;14;1
202100023147;160 242;7;0;2;1;1;1
202100023148;160 241;7;0;1;2;16;1
202100023149;160 239;2;0;2;4;15;1
202100023149;160 240;7;0;2;1;2;1
202100023150;160 238;10;0;1;1;1;1
202100023151;160 236;10;0;2;2;26;0
202100023151;160 237;50;0;2;3;25;3
202100023152;160 235;7;11;0;1;1;1
202100023153;160 233;7;6;2;2;19;1
202100023153;160 234;7;0;2;3;21;1
202100023154;160 231;33;0;2;1;13;1
202100023154;160 232;7;0;2;1;1;1
202100023155;160 229;7;0;0;2;0;1
202100023155;160 230;7;0;0;2;1;1
202100023156;160 228;34;4;0;1;1;1
202100023157;160 226;7;0;2;1;2;1
202100023157;160 227;7;0;0;4;2;1
202100023158;160 223;7;0;2;7;15;1
202100023158;160 224;2;0;2;1;1;1
202100023159;160 222;1;14;0;0;1;5
202100023160;160 217;1;0;2;1;1;5
202100023160;160 218;1;0;2;1;1;5
202100023160;160 219;1;0;2;1;1;5
202100023160;160 220;1;0;2;1;1;5
202100023160;160 221;7;0;2;8;13;0
202100023161;160 216;1;0;0;1;0;5
202100023162;160 214;1;0;2;1;15;5
202100023162;160 215;7;0;2;3;1;1
202100023163;160 213;2;0;0;0;1;1
202100023164;160 211;7;0;2;8;10;1
202100023164;160 212;33;0;2;1;17;1
202100023165;160 209;7;0;2;3;15;1
202100023165;160 210;7;0;2;3;1;1
202100023166;160 207;2;0;2;1;16;1
202100023166;160 208;7;0;2;3;1;1
202100023167;160 206;7;6;0;3;16;1
202100023168;160 205;7;0;0;1;1;1
202100023169;160 204;7;0;0;0;1;1
202100023170;160 202;7;0;2;2;21;1
202100023170;160 203;7;0;2;2;17;1
202100023171;160 199;7;12;2;7;1;2
202100023171;160 200;7;0;2;1;26;1
202100023172;160 198;7;8;0;2;1;1
202100023173;160 196;7;0;2;8;19;1
202100023173;160 197;31;0;2;1;1;1
202100023174;160 194;7;0;2;2;2;1
202100023174;160 195;7;0;2;6;2;1
202100023175;160 191;7;0;2;1;5;1
202100023175;160 192;7;0;2;1;1;1
202100023175;160 193;7;0;2;8;1;1
202100023176;160 189;7;0;9;2;26;1
202100023176;160 190;1;0;2;3;15;5
202100023177;160 188;33;8;0;0;1;1
202100023178;160 186;7;0;2;7;16;1
202100023178;160 187;32;0;2;3;21;1
202100023179;160 185;33;14;0;0;1;1
202100023180;160 183;34;0;2;1;1;1
202100023180;160 184;7;0;2;8;15;1
202100023181;160 181;7;0;2;3;13;2
202100023181;160 182;7;0;2;3;1;1
202100023182;160 180;7;13;0;1;1;1
202100023183;160 178;7;0;2;2;5;1
202100023183;160 179;7;0;2;2;5;1
202100023184;160 176;33;0;2;1;1;1
202100023184;160 177;7;0;2;3;15;1
202100023185;160 175;7;17;0;2;14;1
202100023186;160 173;33;0;2;1;1;1
202100023186;160 174;7;0;2;2;1;1
202100023187;160 171;2;0;2;1;1;1
202100023187;160 172;7;0;2;2;15;1
202100023188;160 169;7;13;2;3;21;1
202100023188;160 170;7;0;2;1;13;1
202100023189;160 167;33;0;2;1;17;1
202100023189;160 168;7;0;2;6;15;1
202100023190;160 166;7;8;0;8;1;1
202100023191;160 163;31;0;2;1;17;1
202100023191;160 164;7;0;2;1;1;1
202100023192;160 162;7;2;0;0;0;1
202100023193;160 161;7;2;0;2;1;1
202100023194;160 160;7;4;0;2;1;1
202100023195;160 158;7;0;2;3;15;1
202100023195;160 159;33;0;2;1;17;1
202100023196;160 157;7;2;0;1;0;1
202100023197;160 155;7;0;2;3;1;1
202100023197;160 156;20;0;2;1;13;1
202100023198;160 153;10;0;2;2;2;1
202100023198;160 154;2;0;2;7;17;1
202100023199;160 151;33;0;2;2;17;1
202100023199;160 152;7;0;2;3;15;1
202100023200;160 150;7;0;1;2;17;1
202100023201;160 148;7;0;2;3;15;1
202100023201;160 149;33;0;2;1;1;1
202100023202;160 147;36;0;0;0;26;1
202100023203;160 145;7;0;2;3;1;1
202100023203;160 146;31;0;2;1;5;1
202100023204;160 144;7;0;1;6;4;1
202100023205;160 141;32;0;2;7;1;1
202100023205;160 142;7;0;2;1;19;1
202100023206;160 140;7;1;0;1;1;1
202100023207;160 139;33;0;0;1;1;1
202100023208;160 137;7;0;2;8;15;1
202100023208;160 138;2;0;2;1;17;1
202100023209;160 135;2;0;2;7;21;1
202100023209;160 136;10;0;2;2;21;1
202100023210;160 133;31;0;2;1;13;1
202100023210;160 134;7;0;2;1;1;1
202100023211;160 131;7;13;2;3;1;1
202100023211;160 132;7;13;2;2;19;1
202100023212;160 129;15;0;2;3;1;1
202100023212;160 130;7;0;2;2;0;1
202100023213;160 128;7;3;0;2;1;1
202100023214;160 126;7;0;2;3;11;1
202100023214;160 127;33;0;2;1;1;1
202100023215;160 123;2;0;0;0;1;3
202100023216;160 122;7;6;0;1;1;1
202100023217;160 119;7;0;2;3;1;1
202100023217;160 120;7;0;2;3;1;1
202100023217;160 121;7;0;2;3;1;1
202100023218;160 117;33;0;2;1;1;1
202100023218;160 118;7;0;2;3;9;1
202100023219;160 115;7;0;2;2;13;1
202100023219;160 116;7;0;2;3;1;1
202100023220;160 113;7;0;2;2;1;1
202100023220;160 114;33;10;2;1;13;1
202100023221;160 111;7;0;2;1;1;1
202100023221;160 112;7;0;2;1;13;1
202100023222;160 109;30;0;2;3;13;1
202100023222;160 110;7;0;2;8;1;1
202100023223;160 106;7;0;2;6;1;1
202100023223;160 107;7;0;2;8;1;1
202100023223;160 108;7;0;2;3;13;1
202100023224;160 105;31;12;0;0;25;1
202100023225;160 103;7;0;2;3;13;1
202100023225;160 104;7;0;2;3;1;1
202100023226;160 102;33;13;0;1;1;1
202100023227;160 100;7;0;2;1;1;1
202100023227;160 101;7;0;2;3;10;1
202100023228;160 097;7;0;0;4;2;1
202100023228;160 098;7;0;2;1;2;0
202100023229;160 096;32;12;0;1;1;1
202100023230;160 094;34;0;2;1;0;1
202100023230;160 095;7;0;2;3;11;1
202100023231;160 089;15;0;0;1;2;
202100023231;160 090;7;;;;;
202100023231;160 091;7;;;;;
202100023232;160 088;10;0;0;7;2;1
202100023233;160 087;33;16;0;7;1;1
202100023234;160 085;7;0;2;4;1;1
202100023234;160 086;17;0;2;0;12;1
202100023235;160 083;10;0;2;3;1;1
202100023235;160 084;7;4;0;2;12;1
202100023236;160 082;7;14;0;1;1;1
202100023237;160 081;7;0;5;1;1;1
202100023238;160 078;7;0;9;1;1;1
202100023238;160 079;33;0;9;1;1;1
202100023238;160 080;15;0;9;6;1;1
202100023239;160 077;7;0;1;2;16;1
202100023240;160 076;7;0;1;1;1;1
202100023241;160 075;1;0;1;1;1;5
202100023242;160 073;1;0;2;7;1;5
202100023242;160 074;7;0;2;8;15;1
202100023243;160 071;33;0;2;6;1;1
202100023243;160 072;7;0;2;1;19;1
202100023244;160 069;7;0;2;2;15;1
202100023244;160 070;32;0;2;1;21;1
202100023245;160 067;33;0;2;7;2;1
202100023245;160 068;10;0;2;1;16;1
202100023246;160 065;7;0;2;0;16;1
202100023246;160 066;50;0;2;0;16;3
202100023247;160 063;7;0;9;1;19;1
202100023247;160 064;2;0;2;8;1;0
202100023248;160 060;7;0;2;2;2;1
202100023248;160 061;7;0;0;4;2;1
202100023248;160 062;34;0;2;1;2;1
202100023249;160 058;7;0;2;1;15;1
202100023249;160 059;2;0;2;1;1;0
202100023250;160 055;7;0;2;1;26;1
202100023250;160 056;7;0;2;4;26;1
202100023250;160 057;7;0;2;4;26;1
202100023251;160 053;1;0;2;8;19;5
202100023251;160 054;7;0;2;0;1;0
202100023252;160 051;7;0;2;8;1;1
202100023252;160 052;7;0;2;2;15;1
202100023253;160 049;80;0;2;8;1;3
202100023253;160 050;7;0;2;1;1;1
202100023254;160 047;33;0;2;1;1;1
202100023254;160 048;7;0;2;8;1;1
202100023255;160 045;7;0;2;6;15;1
202100023255;160 046;31;0;2;9;1;1
202100023256;160 044;7;0;1;7;1;1
202100023257;160 043;10;0;1;4;4;6
202100023258;160 042;7;0;1;0;1;1
202100023259;160 041;7;0;1;1;1;1
202100023260;160 039;2;0;2;0;0;0
202100023260;160 040;7;0;2;0;0;0
202100023261;160 037;80;0;2;8;13;3
202100023261;160 038;7;0;9;7;17;1
202100023262;160 035;30;0;2;1;26;1
202100023262;160 036;7;0;2;6;2;1
202100023263;160 033;1;0;2;4;1;0
202100023263;160 034;10;0;2;3;1;3
202100023264;160 031;50;0;2;1;1;3
202100023264;160 032;7;0;2;7;1;1
202100023265;160 030;34;8;0;2;17;1
202100023266;160 028;7;0;2;3;13;1
202100023266;160 029;7;0;2;3;1;1
202100023267;160 026;3;0;2;1;15;1
202100023267;160 027;43;0;2;3;1;1
202100023268;160 025;7;0;1;5;17;1
202100023269;160 023;7;0;2;3;2;1
202100023269;160 024;33;0;2;2;17;1
202100023270;160 022;1;0;0;7;1;5
202100023271;160 020;7;0;2;1;15;1
202100023271;160 021;80;0;2;1;19;3
202100023272;160 018;7;0;2;0;0;1
202100023272;160 019;3;0;2;2;0;6
202100023273;160 016;7;0;2;2;1;1
202100023273;160 017;7;0;2;7;15;1
202100023274;160 014;30;0;2;4;1;1
202100023274;160 015;7;0;9;1;1;1
202100023275;160 012;7;0;2;2;1;1
202100023275;160 013;10;0;2;2;13;1
202100023276;160 010;7;0;9;3;1;1
202100023276;160 011;1;0;2;4;15;0
202100023277;160 008;1;0;2;2;2;5
202100023277;160 009;14;0;2;3;26;1
202100023278;160 007;7;0;0;3;13;1
202100023279;160 005;1;0;2;1;15;5
202100023279;160 006;7;0;2;3;15;1
202100023280;160 004;7;0;1;1;26;1
202100023281;160 002;30;0;2;4;13;1
202100023281;160 003;7;0;2;1;17;1
202100023282;160 001;33;12;0;1;17;1
202100023283;159 999;7;0;2;2;15;1
202100023283;160 000;1;0;2;3;2;0
202100023284;159 998;50;0;0;1;1;3
202100023285;159 996;7;0;2;6;10;1
202100023285;159 997;32;0;2;1;1;1
202100023286;159 994;33;0;2;4;1;1
202100023286;159 995;7;0;2;1;1;1
202100023287;159 992;7;0;2;2;1;1
202100023287;159 993;30;0;2;1;15;1
202100023288;159 990;80;0;2;8;1;3
202100023288;159 991;7;0;2;7;17;1
202100023289;159 988;80;0;2;1;1;3
202100023289;159 989;7;0;2;8;1;1
202100023290;159 986;7;0;2;1;1;1
202100023290;159 987;10;0;2;4;1;1
202100023291;159 982;7;0;2;1;1;1
202100023291;159 983;7;0;2;7;1;0
202100023292;159 980;2;0;2;1;1;1
202100023292;159 981;7;0;2;1;9;1
202100023293;159 978;31;0;2;3;0;1
202100023293;159 979;7;0;2;3;15;1
202100023294;159 977;30;0;0;2;15;1
202100023295;159 976;2;12;0;0;9;1
202100023296;159 975;7;0;1;1;1;1
202100023297;159 973;7;0;2;2;2;1
202100023297;159 974;1;0;2;4;13;5
202100023298;159 971;34;0;2;2;17;1
202100023298;159 972;1;0;2;4;15;5
202100023299;159 969;2;0;2;1;2;1
202100023299;159 970;7;0;2;1;11;1
202100023300;159 968;7;15;0;1;19;1
202100023301;159 966;7;0;2;3;15;1
202100023301;159 967;33;1;2;1;1;1
202100023302;159 964;7;0;2;3;1;1
202100023302;159 965;7;0;2;3;17;1
202100023303;159 962;7;0;2;2;1;1
202100023303;159 963;7;0;2;3;1;6
202100023304;159 960;1;0;2;7;26;5
202100023304;159 961;7;0;2;3;15;1
202100023305;159 958;7;0;2;2;15;1
202100023305;159 959;30;0;2;1;1;1
202100023306;159 956;7;0;2;3;1;1
202100023306;159 957;7;0;2;3;1;1
202100023307;159 954;2;0;2;1;19;1
202100023307;159 955;7;0;2;1;1;1
202100023308;159 952;31;0;2;1;3;0
202100023308;159 953;7;0;2;2;10;1
202100023309;159 950;99;0;2;1;1;0
202100023309;159 951;1;0;2;1;16;5
202100023310;159 949;50;0;1;1;1;3
202100023311;159 947;7;0;2;1;1;1
202100023311;159 948;30;0;2;7;1;0
202100023312;159 945;80;0;2;0;1;3
202100023312;159 946;7;0;2;3;15;1
202100023313;159 942;7;0;2;1;2;1
202100023313;159 943;7;0;2;4;23;1
202100023313;159 944;7;0;2;4;23;1
202100023314;159 940;7;0;2;7;14;1
202100023314;159 941;7;0;2;8;24;1
202100023315;159 939;30;12;0;1;14;1
202100023316;159 937;30;0;2;6;13;1
202100023316;159 938;7;0;2;2;1;2
202100023317;159 935;1;0;2;3;15;5
202100023317;159 936;30;0;2;1;2;1
202100023318;159 934;10;12;1;7;14;1
202100023319;159 932;7;0;2;1;15;1
202100023319;159 933;7;0;2;3;1;1
202100023320;159 930;31;0;2;1;1;1
202100023320;159 931;7;0;2;8;10;1
202100023321;159 929;7;12;0;2;0;1
202100023322;159 927;7;0;2;1;2;1
202100023322;159 928;7;0;2;6;23;1
202100023323;159 925;7;0;2;2;1;1
202100023323;159 926;30;0;2;1;1;1
202100023324;159 923;37;0;0;0;0;0
202100023324;159 924;1;0;2;1;1;0
202100023325;159 919;7;0;2;4;23;1
202100023325;159 920;7;0;2;1;1;1
202100023325;159 921;7;0;2;1;23;1
202100023325;159 922;7;0;2;1;23;1
202100023326;159 918;7;0;1;7;1;1
202100023327;159 916;7;0;2;3;17;1
202100023327;159 917;7;0;2;3;1;1
202100023328;159 914;1;0;2;8;0;5
202100023328;159 915;34;0;2;2;0;5
202100023329;159 912;7;0;2;2;1;1
202100023329;159 913;2;9;2;1;10;1
202100023330;159 907;7;0;2;3;13;1
202100023330;159 908;14;0;2;3;1;1
202100023331;159 905;7;0;0;4;0;1
202100023331;159 906;7;1;0;1;0;1
202100023332;159 904;7;2;0;0;1;1
202100023333;159 902;7;0;2;2;20;1
202100023333;159 903;50;0;2;8;1;3
202100023334;159 901;7;0;1;3;1;1
202100023335;159 900;7;2;0;1;1;1
202100023336;159 898;7;0;0;5;1;1
202100023336;159 899;7;8;2;1;14;1
202100023337;159 896;7;0;2;3;1;1
202100023337;159 897;7;0;2;2;13;1
202100023338;159 895;7;1;0;1;1;1
202100023339;159 893;7;0;2;1;1;1
202100023339;159 894;7;0;2;1;13;1
202100023340;159 890;7;0;2;3;19;1
202100023340;159 891;7;0;2;2;19;1
202100023340;159 892;7;0;2;3;1;1
202100023341;159 888;7;0;2;1;1;1
202100023341;159 889;7;0;2;1;1;1
202100023342;159 887;7;0;0;3;21;1
202100023343;159 886;31;0;0;0;0;1
202100023344;159 885;7;13;0;0;1;1
202100023345;159 884;33;0;0;0;0;0
202100023346;159 882;33;0;2;1;1;1
202100023346;159 883;7;0;0;1;1;1
202100023347;159 881;31;0;0;0;1;1
202100023348;159 879;1;0;0;7;1;5
202100023348;159 880;7;0;0;1;1;1
202100023349;159 876;2;0;2;1;1;1
202100023349;159 877;7;0;2;2;15;1
202100023349;159 878;1;0;2;1;1;5
202100023350;159 875;7;0;0;9;1;1
202100023351;159 873;7;0;2;3;13;1
202100023351;159 874;33;0;2;1;1;1
202100023352;159 872;7;2;0;3;0;1
202100023353;159 870;7;0;2;1;5;1
202100023353;159 871;7;0;2;1;1;1
202100023354;159 868;7;0;0;5;23;1
202100023354;159 869;33;0;2;1;2;1
202100023355;159 867;7;2;0;7;1;1
202100023356;159 866;2;0;0;0;0;1
202100023357;159 864;33;0;2;1;1;1
202100023357;159 865;7;0;2;7;15;1
202100023358;159 863;31;12;0;1;1;1
202100023359;159 862;10;2;0;3;1;1
202100023360;159 860;7;0;2;3;1;1
202100023360;159 861;7;0;2;3;16;1
202100023361;159 858;1;0;0;4;2;5
202100023361;159 859;7;0;9;2;2;1
202100023362;159 857;33;0;0;1;1;1
202100023363;159 856;7;0;1;2;1;1
202100023364;159 854;7;0;9;1;1;1
202100023364;159 855;1;0;2;8;5;5
202100023365;159 853;7;2;0;1;1;1
202100023366;159 851;7;0;0;4;2;1
202100023366;159 852;7;0;0;1;2;1
202100023367;159 849;31;0;0;8;1;1
202100023367;159 850;7;0;0;;1;
202100023368;159 848;7;0;1;3;1;1
202100023369;159 846;2;0;2;1;1;1
202100023369;159 847;7;0;2;1;1;1
202100023370;159 845;31;6;0;1;0;1
202100023371;159 844;7;2;0;1;1;1
202100023372;159 842;7;0;2;1;1;1
202100023372;159 843;7;0;2;1;9;1
202100023373;159 840;10;0;2;3;15;1
202100023373;159 841;32;0;2;1;1;1
202100023374;159 839;33;3;0;7;1;1
202100023375;159 837;7;0;2;1;1;1
202100023375;159 838;7;0;0;4;21;1
202100023376;159 835;7;0;2;1;1;1
202100023376;159 836;7;0;2;8;19;1
202100023377;159 833;33;0;2;3;1;1
202100023377;159 834;10;0;2;2;19;1
202100023378;159 832;33;0;0;0;1;1
202100023379;159 828;1;0;2;1;2;5
202100023379;159 829;1;0;2;1;2;5
202100023379;159 830;1;0;2;1;2;5
202100023379;159 831;1;0;0;4;15;5
202100023380;159 826;33;0;2;1;1;1
202100023380;159 827;7;0;2;8;15;1
202100023381;159 824;7;0;2;1;1;1
202100023381;159 825;7;0;2;8;19;1
202100023382;159 822;10;0;2;1;13;1
202100023382;159 823;7;0;2;1;1;1
202100023383;159 821;33;12;0;8;0;1
202100023384;159 820;7;16;0;0;1;1
202100023385;159 818;7;0;2;3;1;1
202100023385;159 819;7;0;2;2;15;1
202100023386;159 816;1;0;2;1;5;5
202100023386;159 817;7;0;2;3;21;1
202100023387;159 814;7;0;2;4;2;1
202100023387;159 815;7;0;2;1;2;1
202100023388;159 812;7;0;2;4;1;1
202100023388;159 813;7;0;2;1;1;1
202100023389;159 810;34;0;2;8;11;1
202100023389;159 811;33;0;2;8;3;1
202100023390;159 809;7;3;0;1;13;1
202100023391;159 807;7;0;2;1;1;1
202100023391;159 808;10;0;2;4;2;1
202100023392;159 804;7;0;2;8;11;0
202100023392;159 805;99;0;2;6;1;1
202100023392;159 806;33;0;2;7;3;1
202100023393;159 802;33;0;2;4;1;1
202100023393;159 803;7;0;2;2;12;1
202100023394;159 801;7;4;0;1;26;1
202100023395;159 798;10;0;2;4;1;1
202100023395;159 799;33;0;2;2;3;1
202100023395;159 800;7;0;2;5;12;1
202100023396;159 797;33;0;9;8;1;1
202100023397;159 796;7;0;1;1;1;1
202100023398;159 794;30;1;0;0;0;1
202100023398;159 795;15;0;2;5;24;1
202100023399;159 792;17;0;2;4;4;1
202100023399;159 793;7;0;2;1;2;1
202100023400;159 789;30;1;0;2;2;1
202100023400;159 790;32;1;0;2;2;0
202100023400;159 791;7;1;2;2;20;1
202100023401;159 787;7;0;2;2;1;1
202100023401;159 788;2;0;0;0;0;6
202100023402;159 785;10;0;2;2;0;0
202100023402;159 786;2;0;2;8;26;1
202100023403;159 783;2;0;2;1;1;1
202100023403;159 784;7;0;2;2;12;1
202100023404;159 781;7;0;2;5;1;6
202100023404;159 782;30;0;2;1;1;1
202100023405;159 779;7;0;2;3;15;1
202100023405;159 780;7;6;2;1;1;1
202100023406;159 778;7;0;1;2;1;1
202100023407;159 776;10;0;2;2;15;1
202100023407;159 777;10;0;2;1;1;1
202100023408;159 775;33;0;0;0;15;1
202100023409;159 773;7;0;2;2;1;1
202100023409;159 774;7;0;2;0;9;0
202100023410;159 772;7;0;1;7;16;1
202100023411;159 771;7;0;1;1;20;1
202100023412;159 770;34;0;0;0;0;1
202100023413;159 769;7;0;1;5;1;1
202100023414;159 768;7;8;0;2;14;1
202100023415;159 766;7;0;2;8;1;1
202100023415;159 767;1;0;2;1;19;5
202100023416;159 764;2;0;2;1;1;1
202100023416;159 765;7;0;2;3;15;1
202100023417;159 762;2;0;2;3;2;1
202100023417;159 763;7;0;2;2;16;1
202100023418;159 761;7;0;1;2;1;1
202100023419;159 760;2;0;0;1;26;1
202100023420;159 758;50;0;2;1;19;3
202100023420;159 759;7;0;2;2;1;1
202100023421;159 756;7;0;2;1;1;1
202100023421;159 757;7;0;2;1;1;0
202100023422;159 754;7;0;2;8;1;1
202100023422;159 755;7;0;2;8;13;1
202100023423;159 752;7;0;9;4;23;1
202100023423;159 753;2;0;2;1;26;1
202100023424;159 750;33;0;2;2;1;1
202100023424;159 751;7;0;2;3;15;1
202100023425;159 748;2;0;2;1;1;1
202100023425;159 749;7;0;2;2;15;1
202100023426;159 747;10;0;1;1;2;1
202100023427;159 746;7;12;0;1;13;1
202100023428;159 744;7;0;2;2;16;1
202100023428;159 745;1;0;2;1;5;5
202100023429;159 742;50;0;2;1;1;3
202100023429;159 743;7;0;2;6;15;1
202100023430;159 741;7;4;0;0;2;1
202100023431;159 739;7;0;2;2;15;1
202100023431;159 740;32;0;2;1;1;1
202100023432;159 737;33;0;2;1;2;1
202100023432;159 738;7;0;2;4;2;1
202100023433;159 735;10;0;2;4;16;1
202100023433;159 736;34;0;2;1;1;1
202100023434;159 733;7;0;2;3;9;1
202100023434;159 734;1;0;2;7;1;5
202100023435;159 732;7;0;0;9;1;1
202100023436;159 731;7;0;1;1;9;1
202100023437;159 727;32;0;2;5;15;1
202100023437;159 728;7;0;2;3;9;1
202100023438;159 726;7;8;0;2;1;1
202100023439;159 724;1;0;2;7;15;5
202100023439;159 725;7;0;2;7;16;2
202100023440;159 722;30;0;2;1;1;1
202100023440;159 723;7;0;2;2;1;1
202100023441;159 720;7;0;2;4;23;1
202100023441;159 721;7;1;0;1;2;1
202100023442;159 718;7;0;2;0;0;0
202100023442;159 719;7;0;2;0;17;1
202100023443;159 717;10;0;1;3;15;1
202100023444;159 715;7;0;2;2;1;1
202100023444;159 716;33;0;2;1;1;1
202100023445;159 714;7;0;1;1;1;1
202100023446;159 713;32;0;1;1;1;1
202100023447;159 711;7;0;2;0;0;0