Num_Acc;id_vehicule;categorie_vehicule;obstacle_fixe;obstacle_mobile;point_choc_initial;manoeuvre_principale;motorisation
202100023447;159 712;2;0;2;1;0;0
202100023448;159 710;3;0;1;1;1;0
202100023449;159 708;7;0;2;1;2;1
202100023449;159 709;7;0;2;4;2;1
202100023450;159 707;10;0;1;8;15;1
202100023451;159 705;14;0;2;2;16;1
202100023451;159 706;80;0;2;8;1;3
202100023452;159 703;1;0;2;0;15;5
202100023452;159 704;30;0;2;1;1;3
202100023453;159 702;37;0;1;2;1;1
202100023454;159 700;7;0;2;2;23;1
202100023454;159 701;30;0;2;3;13;1
202100023455;159 698;32;1;2;9;1;1
202100023455;159 699;7;0;2;0;10;1
202100023456;159 696;7;0;2;2;16;2
202100023456;159 697;33;0;2;3;18;1
202100023457;159 695;33;0;0;1;1;1
202100023458;159 694;7;0;1;3;1;1
202100023459;159 691;30;0;2;1;7;0
202100023459;159 692;30;0;2;4;7;1
202100023459;159 693;32;0;2;4;7;1
202100023460;159 689;1;0;2;0;13;5
202100023460;159 690;1;0;2;1;1;5
202100023461;159 688;32;14;0;1;1;1
202100023462;159 686;33;0;2;1;1;1
202100023462;159 687;7;0;2;6;15;1
202100023463;159 684;7;0;2;7;1;1
202100023463;159 685;2;0;2;1;2;1
202100023464;159 682;7;9;0;0;0;1
202100023464;159 683;10;9;2;1;26;1
202100023465;159 680;7;0;2;3;1;1
202100023465;159 681;30;0;2;1;7;1
202100023466;159 678;7;0;2;2;0;1
202100023466;159 679;7;0;2;4;0;1
202100023467;159 676;7;0;2;3;1;1
202100023467;159 677;2;0;2;2;2;1
202100023468;159 674;13;0;0;0;9;0
202100023468;159 675;31;0;1;0;17;0
202100023469;159 672;7;0;2;2;15;1
202100023469;159 673;33;0;2;7;0;1
202100023470;159 670;10;0;2;7;1;1
202100023470;159 671;30;0;2;1;1;1
202100023471;159 669;30;0;0;7;21;1
202100023472;159 668;14;0;1;8;16;1
202100023473;159 667;7;0;1;2;1;3
202100023474;159 666;33;0;0;3;1;1
202100023475;159 664;1;0;2;1;1;5
202100023475;159 665;10;0;2;2;1;1
202100023476;159 663;33;0;1;3;1;1
202100023477;159 660;33;0;0;4;2;1
202100023477;159 661;33;0;0;4;2;1
202100023477;159 662;7;0;2;1;2;1
202100023478;159 658;13;0;2;1;1;1
202100023478;159 659;7;0;2;1;1;1
202100023479;159 656;31;0;0;5;1;1
202100023479;159 657;10;0;2;2;15;2
202100023480;159 655;33;13;0;1;13;1
202100023481;159 654;1;0;0;0;2;6
202100023482;159 652;7;13;2;3;1;1
202100023482;159 653;33;0;2;1;13;1
202100023483;159 651;7;13;0;2;2;1
202100023484;159 650;7;0;1;1;1;1
202100023485;159 648;7;0;2;3;9;1
202100023485;159 649;7;13;2;2;1;1
202100023486;159 647;10;0;1;1;1;1
202100023487;159 645;10;0;2;3;1;1
202100023487;159 646;33;0;2;1;17;1
202100023488;159 643;33;0;2;1;1;1
202100023488;159 644;7;0;2;5;15;1
202100023489;159 642;7;0;1;3;1;1
202100023490;159 641;33;0;1;1;17;1
202100023491;159 640;7;16;0;2;13;1
202100023492;159 638;13;0;2;8;1;1
202100023492;159 639;36;0;2;2;17;1
202100023493;159 636;1;0;2;8;15;5
202100023493;159 637;7;0;2;1;1;1
202100023494;159 634;7;0;2;3;13;1
202100023494;159 635;7;0;2;3;1;1
202100023495;159 632;30;0;2;7;1;1
202100023495;159 633;7;0;2;1;15;1
202100023496;159 631;33;3;0;1;13;1
202100023497;159 630;2;0;0;0;1;1
202100023498;159 628;7;0;2;4;2;1
202100023498;159 629;30;0;2;1;2;1
202100023499;159 627;33;3;0;8;0;1
202100023500;159 625;7;0;2;2;1;1
202100023500;159 626;1;0;2;7;15;5
202100023501;159 624;7;13;0;9;1;1
202100023502;159 623;33;13;0;0;1;1
202100023503;159 620;7;0;2;1;2;1
202100023503;159 621;7;3;2;1;1;1
202100023503;159 622;33;0;6;1;21;1
202100023504;159 618;33;0;2;1;2;1
202100023504;159 619;7;0;0;5;15;1
202100023505;159 617;7;8;0;1;15;1
202100023506;159 615;33;0;0;2;0;1
202100023506;159 616;33;0;0;6;0;1
202100023507;159 613;7;0;2;2;1;1
202100023507;159 614;7;0;2;1;1;1
202100023508;159 612;43;13;0;1;1;1
202100023509;159 611;33;0;6;1;1;1
202100023510;159 610;7;3;0;1;14;1
202100023511;159 609;7;6;0;1;1;1
202100023512;159 607;31;0;0;1;1;1
202100023512;159 608;7;0;0;7;10;1
202100023513;159 606;33;0;0;8;21;1
202100023514;159 604;10;0;2;2;2;1
202100023514;159 605;1;0;2;6;2;5
202100023515;159 603;7;13;0;3;1;1
202100023516;159 601;1;0;2;1;0;5
202100023516;159 602;10;0;2;2;17;1
202100023517;159 599;33;0;2;1;17;1
202100023517;159 600;7;0;0;3;15;1
202100023518;159 597;7;0;2;1;1;1
202100023518;159 598;7;0;2;1;15;1
202100023519;159 595;7;0;2;8;1;1
202100023519;159 596;1;0;2;2;19;5
202100023520;159 593;7;0;0;5;15;1
202100023520;159 594;7;0;2;3;2;1
202100023521;159 591;31;0;2;1;0;1
202100023521;159 592;7;0;2;3;15;1
202100023522;159 590;99;6;0;1;13;1
202100023523;159 588;7;3;2;8;1;1
202100023523;159 589;15;0;0;6;1;1
202100023524;159 586;30;0;2;1;13;1
202100023524;159 587;7;0;2;2;5;1
202100023525;159 585;10;16;0;9;14;1
202100023526;159 584;10;0;1;2;0;1
202100023527;159 583;7;6;0;3;1;1
202100023528;159 582;99;0;1;0;0;0
202100023529;159 580;7;0;2;3;26;1
202100023529;159 581;33;0;2;1;19;1
202100023530;159 579;33;0;2;0;0;1
202100023531;159 577;7;0;1;1;1;1
202100023532;159 576;7;2;0;2;6;1
202100023533;159 574;15;0;2;1;1;1
202100023533;159 575;7;0;2;7;19;1
202100023534;159 572;43;0;2;2;1;1
202100023534;159 573;7;0;2;3;16;1
202100023535;159 570;7;0;2;3;5;1
202100023535;159 571;33;0;2;1;1;1
202100023536;159 569;33;3;0;0;17;1
202100023537;159 566;7;0;2;1;13;1
202100023537;159 567;7;0;2;3;1;1
202100023537;159 568;33;0;2;1;1;1
202100023538;159 564;7;0;2;1;17;1
202100023538;159 565;7;0;2;1;1;1
202100023539;159 562;33;0;2;1;21;1
202100023539;159 563;7;0;2;3;19;1
202100023540;159 560;10;16;2;1;1;1
202100023540;159 561;7;0;2;1;1;1
202100023541;159 559;10;0;1;2;1;1
202100023542;159 558;7;5;0;3;0;1
202100023543;159 557;7;12;0;3;1;1
202100023544;159 555;7;0;2;1;13;1
202100023544;159 556;7;0;2;1;1;1
202100023545;159 553;2;0;2;2;1;1
202100023545;159 554;7;0;2;3;19;1
202100023546;159 551;7;0;2;3;13;1
202100023546;159 552;7;0;2;3;1;1
202100023547;159 549;7;0;0;8;15;2
202100023547;159 550;7;0;2;2;17;1
202100023548;159 547;15;0;0;6;15;1
202100023548;159 548;33;0;2;1;17;1
202100023549;159 546;7;4;0;2;0;1
202100023550;159 544;7;0;2;6;9;1
202100023550;159 545;7;0;2;2;1;1
202100023551;159 543;33;16;0;0;1;1
202100023552;159 542;33;12;0;0;0;1
202100023553;159 540;7;0;2;1;2;1
202100023553;159 541;7;0;2;4;2;1
202100023554;159 538;7;0;2;4;12;1
202100023554;159 539;14;0;2;1;2;1
202100023555;159 536;7;0;2;4;1;1
202100023555;159 537;7;0;2;1;1;1
202100023556;159 534;17;0;2;2;2;1
202100023556;159 535;7;0;2;4;1;1
202100023557;159 531;33;0;2;1;1;1
202100023557;159 532;7;0;2;3;23;1
202100023558;159 529;50;0;2;1;15;3
202100023558;159 530;7;0;2;3;9;1
202100023559;159 527;43;0;0;4;0;1
202100023559;159 528;7;0;0;3;26;1
202100023560;159 526;14;0;1;8;1;1
202100023561;159 524;7;0;2;4;23;1
202100023561;159 525;2;0;2;1;0;1
202100023562;159 522;7;0;2;8;2;1
202100023562;159 523;33;0;2;8;2;1
202100023563;159 520;7;0;2;6;15;1
202100023563;159 521;7;0;2;1;17;1
202100023564;159 518;1;0;2;5;15;5
202100023564;159 519;7;0;2;3;1;1
202100023565;159 516;7;0;2;1;1;1
202100023565;159 517;7;0;2;4;23;1
202100023566;159 514;7;0;2;3;15;1
202100023566;159 515;7;0;2;2;17;1
202100023567;159 512;2;0;2;8;1;1
202100023567;159 513;1;0;2;7;15;5
202100023568;159 511;30;0;0;7;26;1
202100023569;159 510;31;0;2;4;23;1
202100023570;159 504;7;0;2;8;1;1
202100023570;159 505;10;0;2;0;1;1
202100023570;159 506;7;0;2;0;1;1
202100023570;159 507;7;0;2;7;1;1
202100023570;159 508;7;0;2;1;1;1
202100023570;159 509;7;0;2;3;5;1
202100023571;159 503;7;15;0;2;26;1
202100023572;159 502;7;1;0;9;0;1
202100023573;159 501;30;5;0;1;0;1
202100023574;159 500;99;1;0;1;26;1
202100023575;159 497;7;0;2;4;1;1
202100023575;159 498;3;0;2;4;1;1
202100023575;159 499;7;0;2;1;1;1
202100023576;159 496;30;0;0;8;1;1
202100023577;159 494;33;0;2;1;1;1
202100023577;159 495;7;0;2;6;15;1
202100023578;159 492;7;0;2;2;2;1
202100023578;159 493;7;0;2;6;2;2
202100023579;159 490;7;0;2;7;1;1
202100023579;159 491;7;0;2;1;1;1
202100023580;159 488;7;0;2;1;2;1
202100023580;159 489;7;0;2;4;2;1
202100023581;159 486;33;0;2;8;1;1
202100023581;159 487;7;0;2;3;26;1
202100023582;159 485;34;1;0;1;2;1
202100023583;159 483;7;0;2;6;6;1
202100023583;159 484;33;0;2;1;1;1
202100023584;159 481;7;1;2;3;9;1
202100023584;159 482;33;0;2;1;3;1
202100023585;159 479;3;0;2;1;1;1
202100023585;159 480;7;0;2;7;15;3
202100023586;159 477;7;0;2;3;1;1
202100023586;159 478;1;0;2;1;19;5
202100023587;159 475;7;0;2;1;16;1
202100023587;159 476;14;0;2;2;1;1
202100023588;159 474;99;0;0;7;15;5
202100023589;159 473;10;13;0;0;0;0
202100023590;159 472;7;9;0;8;13;1
202100023591;159 470;7;0;2;3;26;1
202100023591;159 471;1;0;2;1;1;0
202100023592;159 468;7;0;2;2;1;1
202100023592;159 469;33;0;2;5;10;1
202100023593;159 466;7;0;2;1;1;1
202100023593;159 467;7;0;2;1;15;1
202100023594;159 464;33;0;2;1;1;1
202100023594;159 465;10;0;2;2;15;1
202100023595;159 463;7;6;0;1;21;1
202100023596;159 458;7;0;2;1;1;1
202100023596;159 459;7;0;2;1;1;1
202100023596;159 460;7;0;2;1;1;1
202100023596;159 461;7;0;2;1;1;1
202100023597;159 457;7;0;1;7;1;0
202100023598;159 455;7;0;2;1;1;1
202100023598;159 456;7;8;2;7;1;2
202100023599;159 451;99;0;2;1;5;3
202100023599;159 452;7;0;9;2;12;1
202100023600;159 450;30;0;0;0;1;3
202100023601;159 449;7;0;2;3;1;1
202100023602;159 447;7;0;2;1;1;1
202100023602;159 448;7;0;2;4;23;1
202100023603;159 445;7;0;2;3;15;1
202100023603;159 446;32;0;2;1;1;1
202100023604;159 443;7;0;2;6;24;1
202100023604;159 444;7;1;0;2;14;1
202100023605;159 441;7;0;2;0;0;0
202100023605;159 442;37;0;2;3;1;1
202100023606;159 440;7;0;1;3;1;1
202100023607;159 438;7;0;2;4;1;1
202100023607;159 439;1;0;2;1;1;5
202100023608;159 436;7;1;0;1;14;1
202100023608;159 437;7;0;0;6;24;1
202100023609;159 434;1;0;2;8;19;5
202100023609;159 435;7;0;2;1;1;1
202100023610;159 432;7;0;2;2;1;1
202100023610;159 433;33;0;2;8;1;1
202100023611;159 421;7;0;2;8;1;1
202100023611;159 422;10;0;2;2;1;1
202100023611;159 423;7;0;2;3;11;1
202100023611;159 424;7;0;2;5;1;3
202100023611;159 425;7;0;2;2;1;1
202100023611;159 426;7;0;2;5;1;2
202100023611;159 427;10;0;2;6;1;1
202100023611;159 428;7;0;2;6;1;1
202100023611;159 429;7;0;2;6;1;1
202100023611;159 430;7;0;2;6;1;1
202100023611;159 431;7;0;2;5;1;1
202100023612;159 419;1;0;2;0;1;5
202100023612;159 420;10;0;2;2;16;1
202100023613;159 417;1;0;2;2;9;5
202100023613;159 418;1;0;2;1;1;5
202100023614;159 415;1;0;2;7;1;5
202100023614;159 416;7;0;2;8;22;1
202100023615;159 413;7;0;2;8;22;1
202100023615;159 414;1;0;2;1;1;5
202100023616;159 412;30;0;1;7;1;1
202100023617;159 410;7;0;2;2;15;1
202100023617;159 411;32;0;2;1;1;1
202100023618;159 408;7;0;2;0;0;1
202100023618;159 409;7;0;2;1;1;1
202100023619;159 407;7;1;0;2;14;1
202100023620;159 405;7;0;2;2;26;1
202100023620;159 406;1;0;2;3;26;5
202100023621;159 403;7;0;2;4;10;0
202100023621;159 404;33;0;2;1;1;0
202100023622;159 401;7;0;2;3;1;1
202100023622;159 402;33;0;2;4;1;1
202100023623;159 399;7;0;2;3;9;1
202100023623;159 400;32;0;2;1;1;1
202100023624;159 395;33;0;2;1;1;1
202100023624;159 396;7;0;2;5;15;1
202100023625;159 393;7;0;2;3;15;1
202100023625;159 394;14;0;2;3;1;1
202100023626;159 392;7;0;1;1;2;1
202100023627;159 390;7;0;2;1;16;1
202100023627;159 391;1;0;2;7;19;5
202100023628;159 388;33;0;2;6;1;1
202100023628;159 389;7;0;2;3;15;1
202100023629;159 386;7;0;2;1;5;1
202100023629;159 387;15;0;2;1;1;1
202100023630;159 381;10;4;0;1;1;1
202100023631;159 380;7;8;0;1;0;1
202100023632;159 379;36;0;0;7;0;1
202100023633;159 378;7;0;0;3;2;1
202100023634;159 376;1;0;2;0;5;5
202100023634;159 377;14;0;2;1;1;1
202100023635;159 375;36;2;0;1;14;1
202100023636;159 374;7;2;9;1;0;1
202100023637;159 373;33;0;0;3;21;1
202100023638;159 371;1;0;2;1;1;0
202100023638;159 372;21;0;2;1;1;1
202100023639;159 369;15;0;2;3;1;1
202100023639;159 370;33;0;2;3;17;1
202100023640;159 367;7;0;0;6;1;1
202100023640;159 368;7;8;2;3;1;1
202100023641;159 366;7;0;0;9;1;1
202100023642;159 364;31;0;2;7;3;1
202100023642;159 365;7;0;2;8;15;1
202100023643;159 362;7;0;0;1;1;1
202100023643;159 363;7;0;0;1;11;1
202100023644;159 360;7;0;2;8;19;1
202100023644;159 361;7;0;2;1;1;1
202100023645;159 358;7;0;2;3;13;1
202100023645;159 359;33;0;2;8;1;1
202100023646;159 357;33;12;0;1;2;1
202100023647;159 356;7;0;1;1;1;1
202100023648;159 353;7;0;2;1;2;1
202100023648;159 354;2;0;0;1;1;1
202100023648;159 355;7;0;2;1;15;1
202100023649;159 351;33;0;2;8;1;1
202100023649;159 352;7;0;2;3;13;1
202100023650;159 349;7;0;2;2;13;1
202100023650;159 350;15;0;2;1;1;1
202100023651;159 348;10;1;1;1;2;1
202100023652;159 346;7;0;2;4;1;1
202100023652;159 347;13;0;2;1;2;0
202100023653;159 344;33;0;2;1;1;1
202100023653;159 345;14;0;0;7;26;1
202100023654;159 343;7;0;0;1;19;1
202100023655;159 341;7;0;2;6;15;1
202100023655;159 342;33;0;2;1;1;1
202100023656;159 340;7;14;0;1;1;1
202100023657;159 338;7;0;2;3;1;1
202100023657;159 339;2;0;2;1;13;1
202100023658;159 337;10;0;1;3;1;1
202100023659;159 336;7;0;1;1;1;1
202100023660;159 335;60;0;0;0;1;5
202100023661;159 333;2;0;2;1;1;1
202100023661;159 334;7;0;2;8;15;3
202100023662;159 331;7;0;2;4;4;1
202100023662;159 332;50;0;2;1;1;3
202100023663;159 329;2;0;2;1;17;1
202100023663;159 330;99;0;0;8;15;1
202100023664;159 326;7;0;2;2;17;1
202100023664;159 327;7;0;2;8;11;1
202100023664;159 328;7;0;2;6;1;1
202100023665;159 324;7;0;2;3;1;1
202100023665;159 325;7;0;2;3;1;1
202100023666;159 321;7;0;2;2;3;1
202100023666;159 322;7;3;2;6;1;1
202100023666;159 323;7;0;9;1;1;1
202100023667;159 320;7;6;0;1;1;1
202100023668;159 318;7;0;2;0;0;1
202100023668;159 319;7;0;2;4;2;1
202100023669;159 316;10;0;2;4;2;1
202100023669;159 317;7;0;2;1;2;1
202100023670;159 313;7;0;0;0;0;1
202100023670;159 314;32;0;2;1;2;1
202100023670;159 315;7;0;2;1;2;1
202100023671;159 312;10;4;0;6;21;1
202100023672;159 304;7;1;0;4;23;1
202100023672;159 305;7;1;0;9;2;1
202100023672;159 306;7;14;2;9;1;1
202100023672;159 307;32;14;2;9;2;1
202100023673;159 302;32;0;2;1;1;1
202100023673;159 303;7;0;2;1;1;1
202100023674;159 300;2;0;2;7;1;1
202100023674;159 301;10;0;2;1;1;1
202100023675;159 299;7;0;1;1;2;1
202100023676;159 297;7;2;2;1;21;1
202100023676;159 298;7;0;2;4;1;1
202100023677;159 296;33;0;0;7;1;1
202100023678;159 294;7;0;2;3;0;1
202100023678;159 295;7;0;2;1;0;1
202100023679;159 293;33;0;2;0;1;1
202100023680;159 292;7;8;0;1;1;1
202100023681;159 290;7;0;2;7;16;1
202100023681;159 291;80;0;2;1;2;3
202100023682;159 289;7;0;1;2;1;1
202100023683;159 288;7;7;0;7;14;1
202100023684;159 286;7;0;2;1;15;1
202100023684;159 287;30;0;2;0;1;1
202100023685;159 284;7;0;2;2;0;1
202100023685;159 285;7;0;2;1;1;3
202100023686;159 282;7;0;2;4;2;1
202100023686;159 283;30;0;2;1;2;1
202100023687;159 279;7;0;2;4;23;1
202100023687;159 280;7;0;2;4;23;1
202100023687;159 281;7;0;2;1;2;1
202100023688;159 274;7;0;2;1;1;0
202100023688;159 275;1;0;2;8;19;0
202100023689;159 273;10;0;1;1;1;1
202100023690;159 270;7;0;2;6;1;1
202100023690;159 271;36;0;2;2;1;1
202100023690;159 272;1;0;2;8;9;5
202100023691;159 269;7;2;0;2;14;1
202100023692;159 267;1;0;2;7;16;5
202100023692;159 268;7;0;2;3;9;1
202100023693;159 265;80;0;2;3;11;3
202100023693;159 266;7;0;2;2;13;0
202100023694;159 263;33;0;2;3;18;1
202100023694;159 264;7;0;2;2;16;1
202100023695;159 261;7;0;2;4;2;1
202100023695;159 262;7;0;2;1;2;1
202100023696;159 260;7;1;0;2;14;1
202100023697;159 258;10;0;2;1;15;1
202100023697;159 259;30;0;2;1;1;1
202100023698;159 257;0;0;1;0;0;0
202100023699;159 255;7;0;2;1;9;1
202100023699;159 256;80;0;2;7;1;3
202100023700;159 253;1;0;2;3;9;5
202100023700;159 254;7;0;9;3;26;1
202100023701;159 251;7;0;9;1;1;1
202100023701;159 252;1;0;2;0;0;5
202100023702;159 249;7;0;2;3;15;1
202100023702;159 250;2;0;2;7;1;1
202100023703;159 247;2;0;2;0;2;3
202100023703;159 248;2;0;2;0;2;3
202100023704;159 245;7;0;9;2;1;1
202100023704;159 246;1;0;2;1;1;5
202100023705;159 243;7;0;9;4;2;1
202100023705;159 244;1;0;2;1;2;5
202100023706;159 241;2;0;2;1;1;1
202100023706;159 242;7;0;9;8;15;1
202100023707;159 239;7;0;2;5;2;1
202100023707;159 240;7;0;2;1;2;1
202100023708;159 237;7;0;2;8;26;1
202100023708;159 238;7;0;2;2;1;1
202100023709;159 236;7;0;1;1;1;1
202100023710;159 235;2;0;0;1;9;1
202100023711;159 233;7;0;2;1;2;1
202100023711;159 234;7;0;2;4;2;1
202100023712;159 231;7;0;2;4;23;1
202100023712;159 232;7;14;0;1;1;1
202100023713;159 230;7;2;0;6;1;1
202100023714;159 228;1;0;2;1;7;5
202100023714;159 229;7;0;2;3;22;1
202100023715;159 226;7;0;2;1;1;1
202100023715;159 227;7;0;2;3;15;1
202100023716;159 225;30;0;0;0;1;1
202100023717;159 223;10;0;2;2;0;1
202100023717;159 224;33;0;2;7;0;1
202100023718;159 221;1;1;0;1;1;5
202100023718;159 222;7;0;2;8;24;1
202100023719;159 219;7;0;2;2;1;1
202100023719;159 220;7;0;2;3;15;1
202100023720;159 217;7;0;2;7;1;1
202100023720;159 218;7;12;2;7;19;1
202100023721;159 215;7;0;2;3;20;1
202100023721;159 216;1;0;2;1;1;5
202100023722;159 213;7;0;0;4;23;1
202100023722;159 214;10;0;2;1;1;1
202100023723;159 212;7;1;0;1;20;1
202100023724;159 210;7;0;2;1;1;1
202100023724;159 211;7;0;2;3;13;1
202100023725;159 208;7;0;2;2;1;1
202100023725;159 209;1;0;2;8;19;5
202100023726;159 207;7;0;1;0;0;1
202100023727;159 205;31;12;2;0;21;1
202100023727;159 206;7;0;2;0;9;1
202100023728;159 203;10;0;2;6;13;1
202100023728;159 204;32;0;2;1;1;1
202100023729;159 202;43;11;0;8;26;1
202100023730;159 201;7;0;1;1;26;1
202100023731;159 199;7;0;2;3;15;1
202100023731;159 200;7;0;2;1;1;1
202100023732;159 198;33;0;0;8;15;1
202100023733;159 197;30;6;0;1;26;1
202100023734;159 194;7;0;2;1;5;1
202100023734;159 195;7;0;2;0;0;1
202100023734;159 196;7;0;2;1;2;1
202100023735;159 192;7;0;2;2;1;1
202100023735;159 193;10;0;2;6;11;1
202100023736;159 191;7;4;0;2;14;1
202100023737;159 190;32;11;0;1;13;1
202100023738;159 187;10;0;2;1;2;1
202100023738;159 188;10;0;2;4;2;1
202100023738;159 189;10;0;2;4;2;1
202100023739;159 185;34;0;2;2;1;1
202100023739;159 186;7;0;2;8;22;1
202100023740;159 183;7;0;2;3;1;1
202100023740;159 184;7;0;2;1;1;1
202100023741;159 180;7;0;2;6;2;1
202100023741;159 181;7;0;2;4;23;1
202100023741;159 182;7;0;2;1;2;0
202100023742;159 178;7;0;2;1;13;2
202100023742;159 179;7;0;2;1;1;2
202100023743;159 176;33;0;2;1;1;1
202100023743;159 177;7;0;2;5;1;3
202100023744;159 175;50;12;0;0;13;3
202100023745;159 173;33;0;2;7;1;1
202100023745;159 174;10;0;2;1;1;1
202100023746;159 171;1;0;2;2;1;5
202100023746;159 172;7;0;2;1;1;1
202100023747;159 170;7;4;0;1;1;1
202100023748;159 168;7;0;2;6;1;1
202100023748;159 169;7;0;2;3;15;1
202100023749;159 166;7;1;2;1;9;1
202100023749;159 167;7;1;2;8;20;1
202100023750;159 164;7;0;9;7;24;1
202100023750;159 165;99;1;0;0;0;0
202100023751;159 162;10;0;2;2;16;1
202100023751;159 163;37;0;2;3;2;1
202100023752;159 160;50;0;2;7;1;3
202100023752;159 161;3;0;2;1;1;1
202100023753;159 158;7;0;0;6;2;1
202100023753;159 159;7;9;2;0;17;1
202100023754;159 157;7;0;1;0;26;1
202100023755;159 155;50;0;2;7;19;3
202100023755;159 156;7;0;2;3;1;1
202100023756;159 153;7;0;2;2;1;1
202100023756;159 154;10;14;2;6;13;1
202100023757;159 152;1;0;0;0;1;5
202100023758;159 150;7;0;2;3;2;1
202100023758;159 151;7;0;2;3;2;1
202100023759;159 149;7;16;0;1;1;1
202100023760;159 146;7;0;2;3;17;2
202100023760;159 147;1;0;2;1;1;5
202100023760;159 148;1;0;2;1;1;5
202100023761;159 144;7;0;2;3;9;1
202100023761;159 145;1;0;2;7;1;5
202100023762;159 143;14;0;0;8;13;1
202100023763;159 141;7;0;2;3;1;1
202100023763;159 142;7;0;2;3;13;1
202100023764;159 139;1;0;9;1;5;5
202100023764;159 140;1;0;9;1;1;5
202100023765;159 138;7;17;0;1;1;1
202100023766;159 136;7;0;0;6;15;1
202100023766;159 137;33;0;2;1;13;1
202100023767;159 133;7;0;2;5;1;1
202100023767;159 134;7;0;2;2;13;1
202100023767;159 135;7;0;2;6;1;1
202100023768;159 132;33;6;0;8;1;1
202100023769;159 131;33;13;0;1;14;1
202100023770;159 128;1;0;0;2;16;5
202100023771;159 127;7;8;0;1;6;1
202100023772;159 125;7;0;2;2;2;1
202100023772;159 126;1;0;2;4;2;5
202100023773;159 123;2;0;2;1;15;1
202100023773;159 124;2;0;0;8;10;1
202100023774;159 122;10;2;0;8;1;1
202100023775;159 121;2;0;0;8;1;1
202100023776;159 120;33;0;0;0;1;0
202100023777;159 118;7;0;2;2;1;1
202100023777;159 119;1;0;0;9;9;5
202100023778;159 117;99;12;0;0;0;3
202100023779;159 116;7;13;0;1;1;1
202100023780;159 115;7;13;0;0;1;1
202100023781;159 114;2;0;0;8;2;1
202100023782;159 112;7;15;2;5;15;1
202100023782;159 113;7;0;2;8;1;1
202100023783;159 110;10;0;2;3;1;1
202100023783;159 111;10;0;2;3;1;1
202100023784;159 109;7;0;1;1;1;1
202100023785;159 107;17;0;0;0;26;1
202100023785;159 108;1;6;0;3;2;5
202100023786;159 105;7;0;2;1;1;1
202100023786;159 106;50;0;2;8;19;3
202100023787;159 103;7;0;2;1;1;1
202100023787;159 104;10;0;2;1;13;1
202100023788;159 102;7;2;0;3;0;1
202100023789;159 101;14;13;0;7;1;1
202100023790;159 100;7;7;0;2;1;1
202100023791;159 098;7;0;2;2;9;1
202100023791;159 099;1;0;2;3;1;5
202100023792;159 096;38;0;0;0;1;1
202100023792;159 097;1;0;0;0;17;5
202100023793;159 092;21;0;0;4;2;1
202100023793;159 093;7;0;2;1;2;1
202100023794;159 090;33;9;2;3;2;1
202100023794;159 091;15;0;2;2;16;1
202100023795;159 088;33;0;2;1;0;1
202100023795;159 089;7;0;2;5;0;1
202100023796;159 086;33;0;2;1;16;1
202100023796;159 087;7;0;2;1;15;1
202100023797;159 083;1;0;2;8;19;0
202100023797;159 084;7;0;2;1;1;1
202100023797;159 085;7;0;9;4;23;1
202100023798;159 082;33;0;0;0;1;1
202100023799;159 080;10;0;0;4;1;1
202100023799;159 081;10;0;2;1;0;1
202100023800;159 078;7;0;2;1;13;1
202100023800;159 079;15;0;2;1;1;1
202100023801;159 076;33;0;2;1;1;1
202100023801;159 077;7;0;2;1;15;1
202100023802;159 073;7;0;2;0;0;0
202100023802;159 074;7;3;0;5;1;1
202100023802;159 075;7;0;0;6;1;1
202100023803;159 072;7;4;0;3;0;1
202100023804;159 071;2;0;0;1;0;1
202100023805;159 069;7;0;2;2;15;1
202100023805;159 070;33;0;2;1;1;1
202100023806;159 068;14;0;0;0;1;1
202100023807;159 067;2;0;0;0;1;1
202100023808;159 065;33;0;2;2;17;1
202100023808;159 066;10;0;2;8;10;1
202100023809;159 063;7;0;0;4;26;1
202100023809;159 064;7;0;2;1;2;1
202100023810;159 061;1;0;2;1;0;5
202100023810;159 062;7;0;9;2;1;1
202100023811;159 060;7;2;0;2;1;1
202100023812;159 058;2;8;2;1;17;1
202100023812;159 059;10;0;2;3;15;1
202100023813;159 056;7;0;2;5;15;1
202100023813;159 057;33;0;2;1;1;1
202100023814;159 055;7;0;1;3;1;1
202100023815;159 054;33;0;0;0;1;1
202100023816;159 053;7;2;0;7;1;1
202100023817;159 052;7;6;0;3;1;1
202100023818;159 051;2;0;0;0;15;1
202100023819;159 049;7;0;2;1;1;1
202100023819;159 050;1;0;0;4;1;5
202100023820;159 048;33;0;0;2;2;1
202100023821;159 046;1;0;2;8;26;5
202100023821;159 047;10;0;2;7;17;1
202100023822;159 044;7;0;2;1;1;1
202100023822;159 045;7;0;2;4;1;1
202100023823;159 042;7;0;2;4;1;1
202100023823;159 043;7;0;2;1;1;1
202100023824;159 041;7;4;0;2;1;1
202100023825;159 040;7;4;0;9;14;1
202100023826;159 038;7;0;2;4;2;1
202100023826;159 039;7;0;2;1;2;1
202100023827;159 037;33;0;0;8;0;1
202100023828;159 035;10;0;2;4;1;1
202100023828;159 036;7;0;2;1;2;1
202100023829;159 034;7;15;0;1;14;1
202100023830;159 032;33;0;2;8;11;1
202100023830;159 033;7;0;2;2;0;1
202100023831;159 030;7;0;2;4;2;1
202100023831;159 031;10;0;2;1;2;1
202100023832;159 028;43;0;2;1;2;1
202100023832;159 029;30;0;2;4;2;1
202100023833;159 026;7;4;2;3;1;1
202100023833;159 027;13;0;2;2;12;1
202100023834;159 024;7;0;2;9;1;1
202100023834;159 025;17;0;2;6;12;1
202100023835;159 023;33;4;0;1;26;1
202100023836;159 020;7;0;2;4;1;1
202100023836;159 021;7;0;2;4;1;1
202100023836;159 022;10;0;2;1;1;1
202100023837;159 019;7;0;0;9;2;1
202100023838;159 018;50;1;1;7;3;3