Num_Acc;id_vehicule;categorie_vehicule;obstacle_fixe;obstacle_mobile;point_choc_initial;manoeuvre_principale;motorisation
202100023839;159 014;7;0;2;1;26;0
202100023839;159 015;7;0;2;4;1;1
202100023840;159 013;7;1;1;1;1;1
202100023841;159 011;33;0;2;4;1;1
202100023841;159 012;7;0;2;1;1;1
202100023842;159 009;7;0;2;4;23;1
202100023842;159 010;30;0;2;1;23;1
202100023843;159 007;7;0;2;3;1;1
202100023843;159 008;2;0;2;8;1;1
202100023844;159 006;33;0;0;7;9;1
202100023845;159 004;7;0;2;2;16;1
202100023845;159 005;2;12;2;3;18;1
202100023846;159 002;7;0;2;2;16;3
202100023846;159 003;1;0;2;3;1;5
202100023847;159 000;7;0;2;0;0;0
202100023847;159 001;50;0;2;3;0;3
202100023848;158 998;50;0;2;0;19;3
202100023848;158 999;7;0;2;2;15;1
202100023849;158 996;7;0;2;3;13;1
202100023849;158 997;43;12;2;4;15;1
202100023850;158 995;32;1;0;1;13;3
202100023851;158 993;7;1;0;2;14;1
202100023851;158 994;10;1;0;4;0;1
202100023852;158 991;7;0;2;1;1;1
202100023852;158 992;7;0;2;8;1;1
202100023853;158 990;7;0;1;1;1;1
202100023854;158 989;30;8;0;7;21;1
202100023855;158 987;10;0;2;2;5;1
202100023855;158 988;7;0;2;1;1;1
202100023856;158 986;7;0;1;3;1;2
202100023857;158 984;7;0;2;5;1;1
202100023857;158 985;30;0;2;8;11;1
202100023858;158 981;7;0;2;1;1;1
202100023858;158 982;7;0;2;8;1;1
202100023858;158 983;7;0;2;8;1;1
202100023859;158 979;7;0;2;1;15;0
202100023859;158 980;7;0;2;1;1;1
202100023860;158 977;7;0;2;3;19;1
202100023860;158 978;10;0;2;1;1;1
202100023861;158 975;7;0;2;;17;
202100023861;158 976;7;9;0;1;14;1
202100023862;158 973;31;0;2;7;1;1
202100023862;158 974;7;0;2;1;15;1
202100023863;158 971;7;0;2;8;1;1
202100023863;158 972;7;0;2;1;1;1
202100023864;158 970;7;0;1;3;15;1
202100023865;158 966;7;0;2;1;1;1
202100023865;158 967;7;0;2;1;1;1
202100023865;158 968;7;0;2;4;1;1
202100023865;158 969;7;16;2;1;13;1
202100023866;158 965;30;0;0;0;1;3
202100023867;158 963;30;0;2;0;0;1
202100023867;158 964;7;0;2;1;1;1
202100023868;158 961;1;0;2;0;1;5
202100023868;158 962;7;0;2;3;15;1
202100023869;158 959;50;0;2;1;25;3
202100023869;158 960;7;0;2;2;9;1
202100023870;158 958;30;0;1;1;25;1
202100023871;158 957;30;1;0;3;13;1
202100023872;158 956;31;8;0;3;14;1
202100023873;158 954;7;0;2;2;22;1
202100023873;158 955;1;0;2;1;1;5
202100023874;158 953;7;2;0;1;13;1
202100023875;158 952;7;0;1;2;1;1
202100023876;158 950;10;0;2;3;13;1
202100023876;158 951;33;0;2;8;1;1
202100023877;158 948;10;0;2;1;16;1
202100023877;158 949;1;0;2;7;1;5
202100023878;158 947;7;2;0;7;1;1
202100023879;158 946;7;6;0;1;1;1
202100023880;158 945;99;0;1;2;26;0
202100023881;158 943;7;0;0;0;11;1
202100023881;158 944;30;0;0;0;21;1
202100023882;158 942;7;0;1;1;1;1
202100023883;158 941;7;0;1;4;4;1
202100023884;158 939;7;0;0;4;2;1
202100023884;158 940;7;0;2;1;2;1
202100023885;158 938;30;0;0;8;26;1
202100023886;158 937;7;2;0;1;1;1
202100023887;158 935;7;0;2;6;2;1
202100023887;158 936;1;0;2;1;2;5
202100023888;158 934;7;0;0;9;1;1
202100023889;158 932;7;0;2;3;15;1
202100023889;158 933;7;0;2;1;1;1
202100023890;158 930;7;0;2;3;1;1
202100023890;158 931;80;0;2;3;19;3
202100023891;158 928;2;0;2;8;19;1
202100023891;158 929;10;0;2;3;1;1
202100023892;158 926;50;0;2;3;19;3
202100023892;158 927;10;0;9;1;1;1
202100023893;158 925;7;0;1;8;1;0
202100023894;158 923;7;0;2;8;26;1
202100023894;158 924;7;0;2;1;0;1
202100023895;158 921;7;0;2;3;1;1
202100023895;158 922;7;0;2;3;13;1
202100023896;158 919;7;0;2;1;1;1
202100023896;158 920;7;0;2;1;5;1
202100023897;158 918;30;0;0;0;26;0
202100023898;158 917;7;13;0;2;14;1
202100023899;158 915;7;0;2;5;20;0
202100023899;158 916;7;1;0;8;24;1
202100023900;158 913;7;0;2;1;1;1
202100023900;158 914;33;0;2;7;16;1
202100023901;158 911;80;0;2;4;19;3
202100023901;158 912;7;0;2;3;9;1
202100023902;158 910;7;0;1;4;4;3
202100023903;158 908;7;0;2;2;2;1
202100023903;158 909;7;0;2;1;16;1
202100023904;158 906;7;0;2;1;1;0
202100023904;158 907;7;0;2;3;26;1
202100023905;158 904;33;0;2;0;17;1
202100023905;158 905;7;0;2;1;15;1
202100023906;158 902;7;0;2;3;1;1
202100023906;158 903;7;0;2;3;13;1
202100023907;158 900;7;0;2;1;2;1
202100023907;158 901;7;0;2;4;2;1
202100023908;158 898;7;0;2;3;13;1
202100023908;158 899;33;0;2;5;3;1
202100023909;158 896;7;0;2;6;1;1
202100023909;158 897;7;0;2;3;1;1
202100023910;158 895;7;1;0;1;13;1
202100023911;158 893;33;0;2;3;1;1
202100023911;158 894;50;0;2;3;13;3
202100023912;158 891;30;0;2;3;1;1
202100023912;158 892;10;0;2;7;16;1
202100023913;158 889;30;0;2;3;18;1
202100023913;158 890;7;0;2;1;16;1
202100023914;158 888;7;8;0;2;1;1
202100023915;158 886;7;0;2;5;26;6
202100023915;158 887;2;0;2;1;1;1
202100023916;158 884;41;0;2;7;25;3
202100023916;158 885;7;0;2;1;20;3
202100023917;158 882;30;0;2;1;16;1
202100023917;158 883;7;0;2;5;1;1
202100023918;158 880;7;0;2;2;9;1
202100023918;158 881;7;0;2;7;1;1
202100023919;158 878;7;0;2;1;1;0
202100023919;158 879;99;0;2;1;5;6
202100023920;158 877;7;0;1;2;19;1
202100023921;158 876;1;0;1;1;1;5
202100023922;158 874;7;0;2;0;23;1
202100023922;158 875;30;0;2;1;23;1
202100023923;158 872;7;0;2;2;16;1
202100023923;158 873;30;0;2;1;0;1
202100023924;158 870;30;0;2;1;17;1
202100023924;158 871;7;0;2;3;15;1
202100023925;158 866;7;0;2;7;21;1
202100023925;158 867;2;0;2;4;1;1
202100023926;158 864;7;0;2;4;23;1
202100023926;158 865;7;0;2;1;2;1
202100023927;158 863;50;0;1;1;1;3
202100023928;158 861;7;0;2;3;0;1
202100023928;158 862;7;0;2;3;13;1
202100023929;158 859;7;0;0;4;2;1
202100023929;158 860;33;0;2;1;2;1
202100023930;158 857;15;0;2;3;1;1
202100023930;158 858;7;0;0;3;0;1
202100023931;158 855;14;0;2;3;1;1
202100023931;158 856;7;4;2;2;1;1
202100023932;158 853;7;0;2;3;26;1
202100023932;158 854;7;0;2;6;1;0
202100023933;158 852;7;13;0;1;2;1
202100023934;158 850;33;0;2;1;13;1
202100023934;158 851;14;0;2;3;1;1
202100023935;158 848;2;8;0;1;1;1
202100023935;158 849;7;0;0;0;15;1
202100023936;158 847;7;2;0;0;1;1
202100023937;158 846;7;6;0;1;1;1
202100023938;158 843;7;0;2;1;13;1
202100023938;158 844;7;0;2;3;1;1
202100023938;158 845;7;0;2;8;1;1
202100023939;158 842;43;13;0;2;1;1
202100023940;158 839;10;0;2;3;13;1
202100023940;158 840;15;0;2;1;1;1
202100023940;158 841;10;0;2;3;1;1
202100023941;158 838;10;13;0;1;1;1
202100023942;158 836;7;0;2;2;1;1
202100023942;158 837;7;6;2;7;19;1
202100023943;158 835;33;0;0;1;9;1
202100023944;158 833;7;0;9;6;1;1
202100023944;158 834;1;0;2;3;13;5
202100023945;158 832;7;0;0;9;1;1
202100023946;158 830;7;0;2;1;1;1
202100023946;158 831;7;0;2;1;5;1
202100023947;158 828;1;0;2;7;17;5
202100023947;158 829;1;0;2;8;13;5
202100023948;158 826;7;0;2;1;1;1
202100023948;158 827;7;0;2;2;17;1
202100023949;158 824;1;12;0;0;1;5
202100023949;158 825;38;0;0;0;17;0
202100023950;158 822;10;0;9;4;1;1
202100023950;158 823;1;6;2;1;0;5
202100023951;158 820;2;0;2;1;5;1
202100023951;158 821;7;0;2;3;1;1
202100023952;158 818;7;0;2;3;10;1
202100023952;158 819;33;0;2;1;1;1
202100023953;158 816;7;0;2;3;19;2
202100023953;158 817;7;0;2;1;1;1
202100023954;158 815;32;10;0;3;17;1
202100023955;158 814;7;0;0;2;1;1
202100023956;158 813;7;6;0;2;1;1
202100023957;158 811;80;0;2;8;1;3
202100023957;158 812;7;0;2;7;17;0
202100023958;158 809;7;0;2;8;15;1
202100023958;158 810;7;0;2;1;1;1
202100023959;158 807;2;0;2;8;24;1
202100023959;158 808;10;1;0;1;1;1
202100023960;158 806;7;0;0;0;14;1
202100023961;158 805;10;3;0;2;0;1
202100023962;158 804;7;14;9;0;1;1
202100023963;158 799;7;3;0;2;1;1
202100023963;158 800;7;3;2;6;1;1
202100023963;158 801;7;3;2;2;17;1
202100023964;158 798;7;0;1;3;0;1
202100023965;158 797;7;0;0;0;1;1
202100023966;158 796;7;0;1;3;15;1
202100023967;158 795;7;0;1;2;21;1
202100023968;158 793;7;0;2;3;13;1
202100023968;158 794;33;0;2;1;21;1
202100023969;158 792;7;0;1;7;1;1
202100023970;158 791;7;6;0;2;1;1
202100023971;158 790;34;0;0;0;0;1
202100023972;158 788;33;13;2;9;0;1
202100023972;158 789;13;0;9;6;17;1
202100023973;158 786;7;0;2;8;2;1
202100023973;158 787;1;0;2;7;1;5
202100023974;158 783;7;0;2;1;1;1
202100023974;158 784;7;0;2;4;23;1
202100023974;158 785;7;0;0;4;23;1
202100023975;158 782;7;2;0;1;14;1
202100023976;158 779;7;0;0;4;1;1
202100023976;158 780;7;0;2;1;9;1
202100023977;158 777;10;0;2;1;2;1
202100023977;158 778;30;0;2;4;2;1
202100023978;158 774;7;0;2;4;1;1
202100023978;158 775;7;0;2;4;2;1
202100023978;158 776;10;0;2;1;1;1
202100023979;158 772;7;0;2;4;1;1
202100023979;158 773;7;0;2;1;1;1
202100023980;158 769;7;0;2;4;1;1
202100023980;158 770;7;0;2;4;1;1
202100023980;158 771;7;0;2;1;11;1
202100023981;158 768;33;0;0;0;1;1
202100023982;158 767;7;3;2;1;1;1
202100023983;158 766;7;0;1;1;2;1
202100023984;158 764;7;0;2;3;1;1
202100023984;158 765;30;0;2;1;17;1
202100023985;158 762;7;0;9;0;0;0
202100023985;158 763;2;0;2;4;1;1
202100023986;158 760;2;0;2;3;1;1
202100023986;158 761;10;0;2;3;1;1
202100023987;158 759;7;0;1;1;15;1
202100023988;158 758;7;0;0;2;14;1
202100023989;158 757;31;0;0;3;2;1
202100023990;158 756;7;3;0;1;13;1
202100023991;158 755;30;0;0;0;1;3
202100023992;158 753;33;12;2;3;1;1
202100023992;158 754;7;0;2;5;13;1
202100023993;158 751;7;0;2;3;15;1
202100023993;158 752;7;0;2;2;12;1
202100023994;158 749;10;0;2;6;1;1
202100023994;158 750;30;0;2;1;12;1
202100023995;158 748;37;0;1;3;1;1
202100023996;158 746;32;0;2;1;1;1
202100023996;158 747;7;0;2;2;15;1
202100023997;158 744;7;0;2;2;15;1
202100023997;158 745;2;0;2;1;1;1
202100023998;158 742;7;0;2;1;1;1
202100023998;158 743;1;0;2;4;13;5
202100023999;158 741;33;0;1;1;21;1
202100024000;158 739;1;0;2;1;16;5
202100024000;158 740;7;0;2;2;15;1
202100024001;158 738;7;0;1;2;19;1
202100024002;158 736;10;0;2;8;26;1
202100024002;158 737;33;0;2;8;0;1
202100024003;158 734;7;0;2;3;9;1
202100024003;158 735;1;0;2;1;26;5
202100024004;158 732;7;0;2;2;1;1
202100024004;158 733;3;0;2;3;16;1
202100024005;158 731;7;0;1;1;1;1
202100024006;158 729;7;0;2;3;1;0
202100024006;158 730;80;0;2;1;19;3
202100024007;158 728;7;2;0;1;0;1
202100024008;158 727;3;15;0;1;15;1
202100024009;158 725;7;1;2;2;9;1
202100024009;158 726;2;0;2;7;1;1
202100024010;158 724;7;0;1;7;1;1
202100024011;158 723;30;0;0;1;16;1
202100024012;158 721;7;0;2;1;1;1
202100024012;158 722;7;0;2;5;23;1
202100024013;158 719;30;0;2;1;1;1
202100024013;158 720;7;0;2;4;23;1
202100024014;158 718;7;8;0;2;1;1
202100024015;158 717;7;0;1;1;1;1
202100024016;158 716;7;15;0;1;1;1
202100024017;158 715;7;2;0;3;14;1
202100024018;158 714;32;0;0;0;19;1
202100024019;158 712;7;0;2;8;1;2
202100024019;158 713;7;0;2;1;15;1
202100024020;158 711;43;9;0;1;26;1
202100024021;158 709;7;0;9;7;1;1
202100024021;158 710;1;0;2;6;1;5
202100024022;158 706;7;0;2;5;14;1
202100024022;158 707;7;0;2;4;2;1
202100024022;158 708;7;0;2;1;2;1
202100024023;158 705;7;11;0;3;13;1
202100024024;158 703;7;0;2;3;15;1
202100024024;158 704;1;0;2;1;1;5
202100024025;158 701;7;0;2;2;15;1
202100024025;158 702;1;0;2;1;5;5
202100024026;158 700;7;0;1;2;15;1
202100024027;158 699;7;0;1;2;16;1
202100024028;158 697;7;6;2;5;1;1
202100024028;158 698;7;0;2;1;1;2
202100024029;158 695;7;0;2;1;1;1
202100024029;158 696;7;0;2;5;1;1
202100024030;158 692;7;0;2;3;2;1
202100024030;158 693;7;0;2;4;2;1
202100024030;158 694;7;0;2;4;23;1
202100024031;158 690;7;0;2;5;15;0
202100024031;158 691;30;0;2;1;1;0
202100024032;158 688;1;0;2;1;1;5
202100024032;158 689;7;0;2;7;1;1
202100024033;158 687;7;0;1;0;1;1
202100024034;158 683;7;0;2;1;15;1
202100024034;158 684;1;0;2;8;19;5
202100024035;158 682;1;1;0;1;1;5
202100024036;158 680;7;0;2;2;15;1
202100024036;158 681;32;0;2;1;1;0
202100024037;158 678;50;0;2;7;5;3
202100024037;158 679;7;0;2;1;1;1
202100024038;158 677;43;8;0;1;0;1
202100024039;158 676;1;0;0;0;1;0
202100024040;158 674;32;0;9;1;1;1
202100024040;158 675;7;0;0;0;1;1
202100024041;158 672;1;0;0;8;1;5
202100024041;158 673;7;0;9;1;15;1
202100024042;158 670;7;0;2;3;0;1
202100024042;158 671;1;0;2;1;0;5
202100024043;158 668;7;0;2;1;1;1
202100024043;158 669;2;0;2;1;5;1
202100024044;158 666;7;0;2;2;1;1
202100024044;158 667;1;0;2;4;1;5
202100024045;158 664;31;0;0;2;17;1
202100024045;158 665;21;0;2;8;15;1
202100024046;158 663;7;8;0;1;1;1
202100024047;158 661;10;0;9;4;26;1
202100024047;158 662;2;0;2;1;23;1
202100024048;158 659;7;0;2;6;15;1
202100024048;158 660;33;0;2;1;1;1
202100024049;158 658;7;17;0;3;13;1
202100024050;158 656;7;0;2;3;13;1
202100024050;158 657;10;0;2;3;13;1
202100024051;158 655;33;0;6;1;1;1
202100024052;158 653;7;0;0;2;1;1
202100024052;158 654;10;0;0;3;13;1
202100024053;158 652;7;16;0;0;13;1
202100024054;158 651;1;0;5;2;1;5
202100024055;158 650;31;0;2;1;1;1
202100024056;158 648;10;0;2;2;15;1
202100024056;158 649;7;7;2;3;1;1
202100024057;158 647;21;13;0;0;1;1
202100024058;158 645;7;0;0;6;1;1
202100024058;158 646;7;3;2;2;14;1
202100024059;158 644;15;0;0;9;1;1
202100024060;158 642;7;0;2;1;1;1
202100024060;158 643;7;0;2;8;19;1
202100024061;158 641;50;0;0;0;1;3
202100024062;158 639;33;0;2;8;1;1
202100024062;158 640;7;0;2;2;19;1
202100024063;158 637;7;0;2;6;15;1
202100024063;158 638;7;0;2;1;17;1
202100024064;158 635;33;2;0;3;1;1
202100024065;158 634;2;0;0;0;21;1
202100024066;158 632;7;0;2;6;10;1
202100024066;158 633;33;0;2;1;1;1
202100024067;158 631;7;2;0;1;1;1
202100024068;158 630;7;0;0;9;1;1
202100024069;158 629;36;6;0;2;1;1
202100024070;158 628;2;14;0;1;1;1
202100024071;158 627;33;13;0;1;13;1
202100024072;158 626;7;0;0;9;0;1
202100024073;158 625;33;13;0;0;1;1
202100024074;158 624;10;4;0;1;16;6
202100024075;158 621;7;0;2;4;23;1
202100024075;158 622;15;0;2;1;2;1
202100024075;158 623;10;0;2;1;26;1
202100024076;158 620;7;4;0;3;0;1
202100024077;158 618;2;0;2;3;18;1
202100024077;158 619;7;0;2;2;16;1
202100024078;158 617;7;0;0;8;1;1
202100024079;158 615;31;0;2;8;13;1
202100024079;158 616;7;0;9;2;11;1
202100024080;158 613;2;0;2;3;19;1
202100024080;158 614;7;0;2;2;1;1
202100024081;158 612;7;0;1;2;2;1
202100024082;158 611;7;4;0;2;0;1
202100024083;158 609;7;0;2;3;1;1
202100024083;158 610;7;0;2;6;1;1
202100024084;158 607;7;0;0;6;15;1
202100024084;158 608;32;6;2;2;17;1
202100024085;158 606;33;0;0;0;1;1
202100024086;158 605;33;0;0;3;15;1
202100024087;158 604;7;0;1;2;20;1
202100024088;158 602;7;0;2;2;1;1
202100024088;158 603;1;0;2;0;26;5
202100024089;158 600;7;0;2;2;1;1
202100024089;158 601;2;0;2;1;1;1
202100024090;158 598;1;0;2;1;2;5
202100024090;158 599;7;0;2;4;1;1
202100024091;158 597;33;8;0;1;1;1
202100024092;158 595;33;0;2;3;0;1
202100024092;158 596;7;0;2;1;1;1
202100024093;158 594;7;0;0;1;1;1
202100024094;158 592;33;0;2;1;1;1
202100024094;158 593;7;0;2;3;15;1
202100024095;158 590;7;0;2;1;5;1
202100024095;158 591;7;0;2;1;2;1
202100024096;158 589;7;0;1;1;0;1
202100024097;158 587;7;0;2;6;1;1
202100024097;158 588;33;0;2;5;17;1
202100024098;158 586;7;4;0;0;1;
202100024099;158 584;7;0;2;6;23;1
202100024099;158 585;7;0;1;2;14;1
202100024100;158 582;7;0;2;4;12;1
202100024100;158 583;15;0;2;2;1;1
202100024101;158 579;7;0;2;4;23;1
202100024101;158 580;7;0;2;4;23;2
202100024101;158 581;10;0;2;1;2;1
202100024102;158 576;33;0;2;1;2;1
202100024102;158 577;7;0;2;3;2;1
202100024102;158 578;7;4;2;1;2;1
202100024103;158 572;7;0;2;4;1;2
202100024103;158 573;7;0;2;4;1;1
202100024103;158 574;7;0;2;4;1;1
202100024103;158 575;7;0;2;1;1;1
202100024104;158 571;7;0;0;9;26;1
202100024105;158 570;33;3;0;7;3;1
202100024106;158 568;33;4;2;1;1;1
202100024106;158 569;7;0;2;6;0;1
202100024107;158 567;10;0;1;3;1;1
202100024108;158 566;7;0;1;3;15;1
202100024109;158 564;7;0;2;5;0;1
202100024109;158 565;7;12;2;3;17;1
202100024110;158 563;7;0;0;3;1;1
202100024111;158 561;99;0;2;1;1;0
202100024111;158 562;7;0;0;4;23;0
202100024112;158 559;7;8;2;1;1;1
202100024112;158 560;7;8;2;5;1;1
202100024113;158 557;2;0;2;0;3;1
202100024113;158 558;7;0;2;0;9;1
202100024114;158 556;7;0;1;1;1;1
202100024115;158 555;99;0;0;0;26;3
202100024116;158 553;7;3;2;1;1;1
202100024116;158 554;7;0;2;4;2;1
202100024117;158 552;7;0;0;0;0;1
202100024118;158 550;7;9;2;1;1;1
202100024118;158 551;7;9;2;3;19;1
202100024119;158 548;7;0;9;3;1;1
202100024119;158 549;7;0;9;2;15;1
202100024120;158 547;30;11;0;3;13;1
202100024121;158 545;7;0;2;1;15;1
202100024121;158 546;2;0;2;3;1;1
202100024122;158 543;7;0;2;3;1;1
202100024122;158 544;7;0;2;8;1;1
202100024123;158 541;10;0;2;2;10;1
202100024123;158 542;2;0;2;1;1;1
202100024124;158 538;7;0;2;0;0;1
202100024124;158 539;7;0;2;0;0;1
202100024124;158 540;7;0;2;0;0;1
202100024125;158 536;7;0;2;1;1;0
202100024125;158 537;7;0;2;8;10;0
202100024126;158 534;33;0;2;1;21;1
202100024126;158 535;7;0;2;3;15;1
202100024127;158 532;80;0;2;4;19;3
202100024127;158 533;7;0;2;0;19;1
202100024128;158 530;7;0;2;6;1;1
202100024128;158 531;33;0;2;7;21;1
202100024129;158 528;7;0;2;1;26;1
202100024129;158 529;1;0;0;0;0;2
202100024130;158 526;7;0;2;1;2;1
202100024130;158 527;7;4;2;4;1;1
202100024131;158 525;7;14;0;9;21;1
202100024132;158 523;7;0;2;1;1;1
202100024132;158 524;7;0;2;4;1;1
202100024133;158 521;7;0;2;3;13;1
202100024133;158 522;7;0;0;0;0;1
202100024134;158 519;33;0;2;1;1;1
202100024134;158 520;7;0;2;1;15;2
202100024135;158 518;7;2;0;5;2;1
202100024136;158 516;7;0;2;0;0;1
202100024136;158 517;7;0;2;1;26;1
202100024137;158 514;10;1;0;2;1;1
202100024137;158 515;7;0;2;4;23;1
202100024138;158 513;7;14;0;3;1;1
202100024139;158 511;7;0;2;4;23;1
202100024139;158 512;7;14;0;1;1;1
202100024140;158 509;7;0;2;8;15;1
202100024140;158 510;30;0;2;1;17;1
202100024141;158 507;7;0;2;3;13;1
202100024141;158 508;7;0;2;3;1;1
202100024142;158 505;7;0;2;1;9;1
202100024142;158 506;7;0;2;1;1;1
202100024143;158 503;50;0;2;1;1;3
202100024143;158 504;7;0;2;3;1;1
202100024144;158 502;31;6;0;1;2;1
202100024145;158 499;10;0;2;1;2;1
202100024145;158 500;7;0;2;4;23;1
202100024145;158 501;7;0;2;4;23;1
202100024146;158 497;50;0;2;1;1;3
202100024146;158 498;7;0;2;7;1;1
202100024147;158 496;7;0;1;3;13;1
202100024148;158 495;7;0;1;2;1;1
202100024149;158 493;7;0;2;4;2;1
202100024149;158 494;30;0;2;6;2;1
202100024150;158 491;1;0;2;2;1;5
202100024150;158 492;7;0;2;3;1;0
202100024151;158 489;7;0;2;3;1;1
202100024151;158 490;33;0;2;2;1;1
202100024152;158 487;37;0;2;3;9;0
202100024152;158 488;10;0;2;2;1;1
202100024153;158 485;7;0;2;3;15;1
202100024153;158 486;7;0;2;3;15;1
202100024154;158 484;1;0;0;1;16;5
202100024155;158 482;30;0;0;2;17;1
202100024155;158 483;7;0;2;3;15;1
202100024156;158 481;33;0;0;0;13;1
202100024157;158 480;7;0;0;1;14;1
202100024158;158 479;2;12;0;0;1;1
202100024159;158 478;33;8;0;8;21;1
202100024160;158 476;33;6;0;2;13;1
202100024160;158 477;7;0;0;3;15;1
202100024161;158 474;7;0;2;3;15;0
202100024161;158 475;7;0;2;2;1;1
202100024162;158 472;33;0;2;1;13;1
202100024162;158 473;7;0;2;3;1;1
202100024163;158 471;7;15;0;1;13;1
202100024164;158 469;7;0;2;3;0;1
202100024164;158 470;7;0;2;3;15;1
202100024165;158 465;7;0;2;3;1;1
202100024165;158 466;7;0;2;3;9;1
202100024166;158 462;7;0;0;9;1;1
202100024166;158 463;17;0;0;8;1;1
202100024166;158 464;7;0;2;1;13;1
202100024167;158 461;2;6;0;1;1;1
202100024168;158 460;2;6;0;1;13;1
202100024169;158 459;7;2;0;1;14;1
202100024170;158 458;7;17;0;2;1;1
202100024171;158 456;7;0;2;3;1;1
202100024171;158 457;7;0;2;3;13;1
202100024172;158 455;7;6;0;3;1;1
202100024173;158 453;7;0;0;0;1;1
202100024173;158 454;7;0;0;0;1;1
202100024174;158 451;7;0;2;3;1;2
202100024174;158 452;7;0;2;3;5;1
202100024175;158 450;30;0;0;0;0;1
202100024176;158 449;33;0;0;7;1;0
202100024177;158 447;1;0;2;1;1;5
202100024177;158 448;7;0;2;3;15;1
202100024178;158 445;36;0;2;2;19;1
202100024178;158 446;7;0;2;3;1;1
202100024179;158 444;2;5;0;7;1;1
202100024180;158 443;33;0;6;1;0;1
202100024181;158 442;7;2;0;1;15;1
202100024182;158 440;7;0;2;3;1;1
202100024182;158 441;7;0;2;2;1;1
202100024183;158 439;7;0;1;4;4;1
202100024184;158 437;7;0;0;8;15;1
202100024184;158 438;33;0;2;0;1;1
202100024185;158 436;7;0;1;1;2;1
202100024186;158 433;7;1;2;3;13;1
202100024186;158 434;7;0;2;3;21;1
202100024187;158 432;7;1;0;2;1;1
202100024188;158 431;7;8;0;8;1;1
202100024189;158 430;10;6;0;2;1;1
202100024190;158 428;7;0;2;3;1;1
202100024190;158 429;33;0;2;1;1;1
202100024191;158 427;33;2;0;7;1;1
202100024192;158 426;33;0;6;1;1;1
202100024193;158 424;33;0;2;1;1;1
202100024193;158 425;7;0;2;8;9;1
202100024194;158 423;7;4;0;1;9;1
202100024195;158 422;7;4;0;8;2;1
202100024196;158 421;33;0;5;1;1;1
202100024197;158 419;7;0;2;1;12;1
202100024197;158 420;7;3;0;6;1;1
202100024198;158 418;7;0;9;1;2;1
202100024199;158 416;10;0;2;1;5;1
202100024199;158 417;7;0;2;1;1;1
202100024200;158 415;7;8;0;1;14;1
202100024201;158 413;1;7;2;8;19;5
202100024201;158 414;7;0;9;2;1;1
202100024202;158 412;31;14;0;1;2;1
202100024203;158 411;7;15;0;9;1;1
202100024204;158 409;7;0;2;0;17;1
202100024204;158 410;7;2;0;6;1;1
202100024205;158 408;7;2;0;1;1;1
202100024206;158 406;34;0;2;1;2;1
202100024206;158 407;7;0;2;4;15;2
202100024207;158 404;7;0;2;3;1;1
202100024207;158 405;33;0;2;2;9;1
202100024208;158 403;7;13;0;1;1;1
202100024209;158 401;10;0;2;7;15;1
202100024209;158 402;33;0;2;1;1;1
202100024210;158 400;33;7;0;3;1;1
202100024211;158 398;7;0;9;1;13;1
202100024211;158 399;1;0;2;1;1;5
202100024212;158 395;7;0;2;1;13;1
202100024212;158 396;7;0;2;3;1;1
202100024212;158 397;7;0;2;1;1;1
202100024213;158 394;7;10;0;2;1;1
202100024214;158 391;7;0;0;3;1;1
202100024214;158 392;7;0;2;2;1;1
202100024214;158 393;7;0;2;3;1;2
202100024215;158 390;7;2;0;3;14;1
202100024216;158 388;7;13;0;2;17;1
202100024216;158 389;21;0;0;0;15;1
202100024217;158 386;7;0;2;7;1;1
202100024217;158 387;1;0;2;1;1;5
202100024218;158 384;7;0;2;3;1;1
202100024218;158 385;7;0;2;1;13;3
202100024219;158 382;10;0;2;1;1;1
202100024219;158 383;33;0;0;4;1;1
202100024220;158 379;7;0;2;4;1;1
202100024220;158 380;7;0;2;4;1;1
202100024220;158 381;7;0;2;1;1;1
202100024221;158 378;33;0;0;0;1;1
202100024222;158 373;7;0;2;1;26;0
202100024222;158 374;7;0;2;4;0;1
202100024222;158 375;7;0;2;4;0;1
202100024222;158 376;7;0;2;4;0;1
202100024222;158 377;33;0;2;1;0;1
202100024223;158 372;7;3;0;1;12;1
202100024224;158 370;7;0;2;8;3;1
202100024224;158 371;33;0;2;7;1;1
202100024225;158 369;7;4;2;7;14;1
202100024226;158 368;7;0;1;1;0;1
202100024227;158 365;7;0;2;4;23;1
202100024227;158 366;7;0;2;4;23;1
202100024227;158 367;7;0;2;3;2;1
202100024228;158 363;7;0;2;6;1;1
202100024228;158 364;7;0;2;2;14;1
202100024229;158 361;7;0;2;1;9;1
202100024229;158 362;2;0;2;7;0;1
202100024230;158 359;30;0;2;6;1;1
202100024230;158 360;7;0;2;8;1;3
202100024231;158 357;7;0;2;4;23;1
202100024231;158 358;7;0;2;1;1;1
202100024232;158 355;7;0;2;1;2;1
202100024232;158 356;7;0;2;4;2;1
202100024233;158 353;30;0;2;1;1;1
202100024233;158 354;7;0;2;4;9;1
202100024234;158 351;2;0;2;1;1;6
202100024234;158 352;7;0;2;3;15;1
202100024235;158 349;7;0;2;0;0;0
202100024235;158 350;7;0;2;1;26;1
202100024236;158 348;7;0;0;9;0;1
202100024237;158 346;7;0;2;3;15;1
202100024237;158 347;32;0;2;1;1;1
202100024238;158 343;1;0;0;0;26;5
202100024239;158 341;7;0;2;8;19;1
202100024239;158 342;7;0;2;1;19;1
202100024240;158 340;7;9;0;1;6;1
202100024241;158 338;30;0;2;7;1;0
202100024241;158 339;7;0;2;8;11;1
202100024242;158 336;7;0;2;1;1;1
202100024242;158 337;7;0;2;8;1;1
202100024243;158 335;1;0;0;8;1;5
202100024244;158 332;7;0;2;4;1;1
202100024244;158 333;7;0;2;6;1;1
202100024244;158 334;3;0;2;2;1;1
202100024245;158 330;7;0;2;3;15;1