Num_Acc;id_vehicule;categorie_vehicule;obstacle_fixe;obstacle_mobile;point_choc_initial;manoeuvre_principale;motorisation
202100024245;158 331;31;0;2;2;12;1
202100024246;158 328;2;0;2;1;13;1
202100024246;158 329;7;0;2;3;23;1
202100024247;158 326;7;0;0;0;0;1
202100024247;158 327;33;9;2;3;17;1
202100024248;158 325;7;12;0;9;15;1
202100024249;158 322;7;0;1;1;1;1
202100024250;158 321;7;0;1;1;1;0
202100024251;158 319;37;0;1;2;26;0
202100024252;158 318;7;0;1;1;1;1
202100024253;158 316;7;0;2;3;1;1
202100024253;158 317;7;0;2;5;15;1
202100024254;158 314;7;0;2;3;20;1
202100024254;158 315;33;0;2;7;1;1
202100024255;158 313;32;0;0;7;26;1
202100024256;158 311;50;0;2;0;1;3
202100024256;158 312;7;0;2;2;15;1
202100024257;158 309;31;0;2;8;1;1
202100024257;158 310;1;0;2;0;11;5
202100024258;158 307;32;0;2;4;1;1
202100024258;158 308;7;0;2;1;1;1
202100024259;158 304;10;0;2;3;1;1
202100024259;158 305;7;0;2;1;1;1
202100024259;158 306;7;0;2;1;1;1
202100024260;158 303;7;0;1;7;1;1
202100024261;158 301;7;0;2;6;1;1
202100024261;158 302;30;0;2;1;1;1
202100024262;158 300;30;0;0;0;26;1
202100024263;158 298;7;0;2;8;15;1
202100024263;158 299;30;0;2;3;17;1
202100024264;158 296;7;0;2;1;19;1
202100024264;158 297;2;0;2;7;1;1
202100024265;158 294;1;0;2;1;18;5
202100024265;158 295;21;0;2;6;23;1
202100024266;158 293;7;0;1;1;15;1
202100024267;158 291;7;0;2;2;1;1
202100024267;158 292;7;0;2;3;1;1
202100024268;158 290;7;0;1;4;26;1
202100024269;158 288;7;0;2;1;1;1
202100024269;158 289;7;0;2;4;1;1
202100024270;158 287;7;0;1;1;15;1
202100024271;158 285;7;0;2;1;15;1
202100024271;158 286;33;0;2;1;2;1
202100024272;158 283;50;0;0;0;0;3
202100024272;158 284;7;0;2;1;15;1
202100024273;158 282;2;0;0;1;1;1
202100024274;158 280;7;0;0;0;0;1
202100024274;158 281;10;0;2;1;26;1
202100024275;158 279;7;0;1;3;1;1
202100024276;158 278;80;0;0;0;1;3
202100024277;158 276;50;0;2;8;2;3
202100024277;158 277;7;0;2;1;15;1
202100024278;158 274;32;0;2;0;1;1
202100024278;158 275;7;0;2;0;1;1
202100024279;158 272;1;0;2;1;1;5
202100024279;158 273;10;0;2;3;15;1
202100024280;158 270;33;0;2;0;1;1
202100024280;158 271;15;0;2;0;1;1
202100024281;158 268;80;0;2;1;1;3
202100024281;158 269;7;0;2;3;1;1
202100024282;158 266;7;0;2;2;10;1
202100024282;158 267;33;0;2;0;1;1
202100024283;158 265;7;1;0;0;1;1
202100024284;158 263;7;0;2;3;15;1
202100024284;158 264;7;7;2;2;1;1
202100024285;158 262;7;3;0;1;1;1
202100024286;158 260;7;0;2;1;13;1
202100024286;158 261;7;0;2;1;15;1
202100024287;158 258;33;0;2;3;2;1
202100024287;158 259;7;0;2;4;2;1
202100024288;158 256;1;0;2;8;19;5
202100024288;158 257;7;0;9;3;0;1
202100024289;158 254;7;0;2;1;16;2
202100024289;158 255;1;0;2;3;1;5
202100024290;158 252;7;3;0;1;14;1
202100024291;158 250;7;0;2;7;15;1
202100024291;158 251;7;0;2;1;9;1
202100024292;158 248;7;0;2;8;1;1
202100024292;158 249;7;0;2;1;26;1
202100024293;158 247;7;0;1;3;2;1
202100024294;158 245;7;0;2;2;5;1
202100024294;158 246;7;0;2;3;15;1
202100024295;158 243;7;0;2;3;1;1
202100024295;158 244;7;0;2;1;5;1
202100024296;158 242;7;2;0;1;1;1
202100024297;158 240;7;0;2;1;16;1
202100024297;158 241;1;0;2;7;25;0
202100024298;158 239;7;0;1;3;1;1
202100024299;158 238;31;16;1;1;15;1
202100024300;158 234;7;0;2;3;1;1
202100024300;158 235;7;0;2;3;1;1
202100024300;158 236;7;0;2;1;1;1
202100024300;158 237;7;0;2;1;17;1
202100024301;158 233;7;4;0;1;2;1
202100024302;158 230;7;0;2;4;0;1
202100024302;158 231;7;0;2;4;0;1
202100024302;158 232;7;0;2;1;26;1
202100024303;158 228;33;0;2;1;1;1
202100024303;158 229;7;0;2;7;15;1
202100024304;158 226;7;0;2;3;15;1
202100024304;158 227;10;0;2;3;1;1
202100024305;158 224;7;0;2;6;11;1
202100024305;158 225;33;0;2;2;1;1
202100024306;158 219;7;0;2;1;2;1
202100024306;158 220;7;0;2;1;2;2
202100024306;158 221;7;0;2;2;2;1
202100024306;158 222;14;0;2;3;11;1
202100024306;158 223;7;0;2;5;1;1
202100024307;158 217;33;0;2;1;18;1
202100024307;158 218;7;0;2;2;20;1
202100024308;158 216;31;4;0;0;14;1
202100024309;158 215;1;1;0;1;1;5
202100024310;158 213;33;0;2;1;1;1
202100024310;158 214;7;0;2;0;1;1
202100024311;158 211;33;0;2;1;1;1
202100024311;158 212;7;0;2;7;15;1
202100024312;158 210;7;0;1;1;1;2
202100024313;158 208;30;0;2;1;13;1
202100024313;158 209;7;0;2;3;1;1
202100024314;158 206;7;0;2;4;2;1
202100024314;158 207;7;0;2;1;2;1
202100024315;158 205;32;0;0;7;1;1
202100024316;158 203;7;0;2;7;22;1
202100024316;158 204;50;0;2;1;18;3
202100024317;158 201;10;0;2;4;1;1
202100024317;158 202;33;0;2;1;2;1
202100024318;158 200;1;0;1;1;1;5
202100024319;158 199;30;0;0;8;16;1
202100024320;158 197;7;0;2;7;1;1
202100024320;158 198;50;0;2;8;1;3
202100024321;158 196;10;1;0;2;1;1
202100024322;158 194;7;0;2;1;1;1
202100024322;158 195;43;0;2;4;24;1
202100024323;158 193;7;8;0;1;1;0
202100024324;158 191;7;0;2;3;1;1
202100024324;158 192;7;0;2;5;9;1
202100024325;158 189;7;12;2;5;1;1
202100024325;158 190;7;0;2;3;1;1
202100024326;158 187;1;0;2;1;1;0
202100024326;158 188;37;1;0;8;15;2
202100024327;158 185;7;14;0;1;1;1
202100024327;158 186;7;0;1;1;9;1
202100024328;158 184;1;4;0;1;1;5
202100024329;158 182;50;0;2;7;5;3
202100024329;158 183;7;0;2;3;16;1
202100024330;158 180;7;0;2;2;2;1
202100024330;158 181;30;0;2;3;0;1
202100024331;158 179;30;0;0;0;1;1
202100024332;158 178;7;4;0;3;1;1
202100024333;158 176;7;0;2;8;1;1
202100024333;158 177;33;0;2;1;1;1
202100024334;158 173;33;0;2;0;2;1
202100024334;158 174;7;0;2;3;1;1
202100024334;158 175;7;0;2;6;1;1
202100024335;158 171;7;0;2;2;0;1
202100024335;158 172;7;0;2;1;0;1
202100024336;158 170;2;0;0;7;1;1
202100024337;158 169;10;2;0;1;13;1
202100024338;158 168;7;0;1;2;20;1
202100024339;158 166;7;0;2;3;1;1
202100024339;158 167;33;0;2;1;1;1
202100024340;158 165;7;0;0;1;1;1
202100024341;158 164;33;15;1;0;26;1
202100024342;158 163;7;15;0;1;1;1
202100024343;158 162;7;4;0;3;1;1
202100024344;158 161;33;8;0;1;1;1
202100024345;158 160;33;0;0;8;1;1
202100024346;158 159;16;0;0;3;1;1
202100024347;158 158;33;7;0;1;14;1
202100024348;158 156;43;0;0;4;0;1
202100024348;158 157;7;0;2;1;2;1
202100024349;158 154;7;0;9;3;21;1
202100024349;158 155;1;0;2;8;10;5
202100024350;158 153;7;8;5;3;13;1
202100024351;158 151;7;0;9;2;1;1
202100024351;158 152;60;0;2;2;19;5
202100024352;158 150;7;8;0;3;19;1
202100024353;158 149;7;2;0;3;1;1
202100024354;158 147;7;0;2;1;0;1
202100024354;158 148;7;0;2;1;1;1
202100024355;158 146;31;0;0;0;14;1
202100024356;158 144;7;0;2;2;1;1
202100024356;158 145;99;0;2;3;1;5
202100024357;158 142;7;0;2;3;13;1
202100024357;158 143;7;0;2;3;1;1
202100024358;158 140;7;0;2;1;9;1
202100024358;158 141;7;0;2;7;15;1
202100024359;158 138;7;0;0;3;18;1
202100024359;158 139;1;0;0;2;15;5
202100024360;158 136;7;0;2;3;13;1
202100024360;158 137;7;0;2;3;1;1
202100024361;158 135;31;7;0;7;14;1
202100024362;158 133;7;0;2;3;1;2
202100024362;158 134;7;0;2;1;13;1
202100024363;158 131;7;0;0;9;13;1
202100024363;158 132;7;0;0;0;1;1
202100024364;158 129;7;5;2;3;1;1
202100024364;158 130;7;0;2;2;1;1
202100024365;158 127;1;0;2;8;1;5
202100024365;158 128;7;0;9;3;13;1
202100024366;158 126;7;0;1;3;15;2
202100024367;158 125;7;0;1;1;1;1
202100024368;158 122;10;13;0;2;14;1
202100024369;158 121;1;0;0;0;0;5
202100024370;158 120;7;3;0;7;1;1
202100024371;158 119;33;0;0;7;16;1
202100024372;158 117;7;0;2;1;15;1
202100024372;158 118;33;0;2;1;1;1
202100024373;158 116;7;0;0;1;14;1
202100024374;158 114;10;0;2;8;1;1
202100024374;158 115;7;3;2;3;13;1
202100024375;158 112;7;0;2;1;1;1
202100024375;158 113;7;0;2;7;19;1
202100024376;158 110;7;0;0;5;2;1
202100024376;158 111;33;0;2;1;2;1
202100024377;158 109;2;12;0;0;0;1
202100024378;158 107;7;0;2;1;15;1
202100024378;158 108;7;0;2;8;9;1
202100024379;158 106;7;0;0;1;14;1
202100024380;158 104;7;0;2;2;13;1
202100024380;158 105;30;0;2;1;15;1
202100024381;158 102;7;0;2;4;1;1
202100024381;158 103;7;0;2;1;1;3
202100024382;158 101;2;6;0;0;1;1
202100024383;158 100;7;13;0;2;1;1
202100024384;158 099;2;0;0;7;1;1
202100024385;158 095;7;8;2;3;1;1
202100024385;158 096;2;0;2;1;1;1
202100024385;158 097;7;0;2;3;17;1
202100024386;158 093;80;0;2;1;9;3
202100024386;158 094;10;0;2;7;1;1
202100024387;158 091;21;0;2;1;15;1
202100024387;158 092;30;0;2;8;1;1
202100024388;158 089;7;0;2;1;1;1
202100024388;158 090;7;0;2;1;1;1
202100024389;158 088;7;6;0;1;13;1
202100024390;158 087;43;11;0;0;1;1
202100024391;158 085;21;0;2;3;15;1
202100024391;158 086;7;0;2;2;17;1
202100024392;158 084;33;14;0;1;1;1
202100024393;158 082;7;0;2;7;2;1
202100024393;158 083;33;0;2;8;2;1
202100024394;158 081;7;13;0;1;1;1
202100024395;158 080;33;0;0;9;26;1
202100024396;158 079;33;3;0;1;1;1
202100024397;158 077;33;0;2;7;17;1
202100024397;158 078;33;0;2;8;15;1
202100024398;158 074;1;0;2;1;1;5
202100024398;158 075;7;0;9;2;1;1
202100024399;158 072;7;0;2;3;13;1
202100024399;158 073;7;0;2;6;1;1
202100024400;158 069;7;0;2;1;1;1
202100024400;158 070;7;0;2;1;11;1
202100024401;158 067;7;0;2;2;9;1
202100024401;158 068;1;0;2;8;15;5
202100024402;158 066;33;13;0;1;16;1
202100024403;158 064;10;0;2;1;9;1
202100024403;158 065;1;0;2;7;1;5
202100024404;158 062;7;0;2;8;16;1
202100024404;158 063;7;0;2;1;1;1
202100024405;158 060;3;0;2;1;1;1
202100024405;158 061;7;0;2;7;1;1
202100024406;158 058;7;0;2;2;15;1
202100024406;158 059;2;0;2;1;1;1
202100024407;158 056;21;0;0;6;6;1
202100024407;158 057;33;0;2;1;1;1
202100024408;158 055;15;3;0;2;1;1
202100024409;158 053;7;0;0;7;16;1
202100024409;158 054;21;0;2;1;0;0
202100024410;158 052;7;2;0;2;2;1
202100024411;158 051;33;0;0;0;1;1
202100024412;158 049;7;0;2;1;1;1
202100024412;158 050;2;0;2;1;1;1
202100024413;158 046;7;0;2;6;1;1
202100024413;158 047;7;0;2;1;1;1
202100024413;158 048;7;0;2;3;13;1
202100024414;158 043;7;0;2;3;1;1
202100024414;158 044;7;0;2;6;1;1
202100024414;158 045;33;0;2;1;17;1
202100024415;158 042;7;13;0;3;1;1
202100024416;158 040;33;0;2;1;1;1
202100024416;158 041;7;0;2;3;15;1
202100024417;158 038;7;0;2;3;1;1
202100024417;158 039;33;0;2;8;1;1
202100024418;158 035;2;7;0;1;0;1
202100024419;158 034;33;11;0;1;1;1
202100024420;158 033;2;6;0;2;1;1
202100024421;158 031;7;0;2;3;19;1
202100024421;158 032;7;0;2;2;1;1
202100024422;158 029;7;6;0;4;1;1
202100024422;158 030;7;0;9;1;1;1
202100024423;158 026;7;0;2;2;1;1
202100024423;158 027;1;0;0;4;1;5
202100024424;158 025;33;0;0;9;1;1
202100024425;158 023;7;0;2;7;15;1
202100024425;158 024;33;0;2;1;1;1
202100024426;158 021;10;0;2;1;2;1
202100024426;158 022;15;0;0;4;2;1
202100024427;158 019;31;0;2;4;23;1
202100024427;158 020;7;0;2;3;1;1
202100024428;158 017;7;0;2;2;1;1
202100024428;158 018;7;0;2;3;9;1
202100024429;158 015;7;15;2;1;1;1
202100024429;158 016;7;0;2;1;15;1
202100024430;158 013;7;0;2;3;1;1
202100024430;158 014;7;0;2;3;1;1
202100024431;158 011;33;0;2;1;2;6
202100024431;158 012;10;0;2;6;1;6
202100024432;158 009;14;0;0;4;1;1
202100024432;158 010;7;0;2;1;1;1
202100024433;158 007;7;0;2;1;1;1
202100024433;158 008;7;0;2;4;1;1
202100024434;158 004;7;0;2;8;15;1
202100024434;158 005;33;6;2;1;26;1
202100024435;158 002;15;0;2;6;1;1
202100024435;158 003;10;3;2;2;17;1
202100024436;158 001;7;0;1;2;1;1
202100024437;157 999;7;0;2;3;15;0
202100024437;158 000;2;0;2;1;17;0
202100024438;157 998;7;2;0;1;1;1
202100024439;157 996;10;0;2;7;15;1
202100024439;157 997;33;0;2;1;1;1
202100024440;157 994;80;0;0;4;1;3
202100024440;157 995;7;0;2;3;16;1
202100024441;157 993;7;2;0;1;26;1
202100024442;157 992;2;9;0;7;1;1
202100024443;157 990;33;0;2;1;2;1
202100024443;157 991;7;0;0;4;2;1
202100024444;157 986;10;0;2;1;2;1
202100024444;157 987;7;0;0;4;2;0
202100024444;157 988;7;0;2;1;2;0
202100024444;157 989;7;0;0;4;1;1
202100024445;157 982;7;0;2;8;15;1
202100024445;157 983;32;0;2;1;1;1
202100024446;157 980;7;0;0;4;0;1
202100024446;157 981;33;0;2;1;2;1
202100024447;157 977;7;0;2;1;1;1
202100024447;157 978;7;0;2;1;17;1
202100024447;157 979;7;0;0;3;1;1
202100024448;157 976;2;1;0;1;1;1
202100024449;157 975;7;13;0;1;1;1
202100024450;157 973;7;0;2;3;1;1
202100024450;157 974;7;1;2;6;1;1
202100024451;157 972;33;14;0;8;1;1
202100024452;157 969;10;0;2;7;15;1
202100024452;157 970;33;0;2;1;1;1
202100024453;157 966;7;0;0;6;1;1
202100024453;157 967;7;0;2;1;1;1
202100024453;157 968;7;0;2;1;17;1
202100024454;157 965;1;0;0;0;1;5
202100024455;157 963;7;0;2;3;15;1
202100024455;157 964;1;0;2;2;1;5
202100024456;157 961;1;0;2;2;1;5
202100024456;157 962;1;0;2;4;1;5
202100024457;157 959;50;0;0;1;0;3
202100024457;157 960;7;0;0;3;26;1
202100024458;157 957;7;0;2;1;13;1
202100024458;157 958;7;0;2;1;1;1
202100024459;157 956;7;15;0;9;26;1
202100024460;157 954;33;0;2;6;1;1
202100024460;157 955;33;0;2;2;1;1
202100024461;157 952;7;0;0;3;1;1
202100024461;157 953;7;0;0;3;13;1
202100024462;157 948;7;0;2;4;15;1
202100024462;157 949;7;0;2;1;2;1
202100024463;157 944;7;0;2;3;13;1
202100024463;157 945;7;0;2;3;1;1
202100024464;157 942;1;0;2;8;13;5
202100024464;157 943;7;0;0;7;17;1
202100024465;157 939;7;0;2;1;5;1
202100024465;157 940;7;0;2;1;17;1
202100024465;157 941;7;0;0;1;26;1
202100024466;157 937;33;0;2;8;1;1
202100024466;157 938;7;0;2;3;15;1
202100024467;157 936;33;0;6;1;1;1
202100024468;157 935;7;0;0;2;1;1
202100024469;157 934;80;0;0;1;1;3
202100024470;157 933;10;0;0;3;13;0
202100024471;157 931;7;0;2;2;15;1
202100024471;157 932;33;0;2;1;1;1
202100024472;157 928;33;0;0;7;1;1
202100024473;157 925;7;0;0;4;23;1
202100024473;157 926;7;0;0;4;23;1
202100024473;157 927;10;0;2;1;2;1
202100024474;157 924;7;1;0;2;1;1
202100024475;157 919;10;0;2;4;1;1
202100024475;157 920;7;0;2;4;1;1
202100024475;157 921;7;0;2;4;1;1
202100024475;157 922;7;0;2;6;1;1
202100024475;157 923;37;0;2;1;1;1
202100024476;157 917;7;0;2;4;1;1
202100024476;157 918;7;0;2;1;2;1
202100024477;157 915;7;0;2;4;0;1
202100024477;157 916;7;0;2;1;21;1
202100024478;157 913;7;0;2;0;9;1
202100024478;157 914;17;0;2;2;1;1
202100024479;157 910;33;0;2;1;1;1
202100024479;157 911;33;0;2;0;1;1
202100024479;157 912;33;0;2;0;1;1
202100024480;157 908;7;0;2;0;0;1
202100024480;157 909;17;0;2;4;1;1
202100024481;157 906;7;1;2;1;2;1
202100024481;157 907;17;1;2;0;0;1
202100024482;157 903;7;0;2;1;1;1
202100024482;157 904;99;0;2;4;0;1
202100024482;157 905;7;7;0;6;26;1
202100024483;157 901;7;0;2;4;26;1
202100024483;157 902;7;1;2;1;2;1
202100024484;157 899;17;0;2;7;12;1
202100024484;157 900;7;0;2;0;1;1
202100024485;157 897;7;0;2;8;0;1
202100024485;157 898;7;0;2;9;1;1
202100024486;157 896;7;0;0;0;2;1
202100024487;157 894;7;0;2;3;19;1
202100024487;157 895;99;0;2;1;1;0
202100024488;157 892;33;0;2;1;1;1
202100024488;157 893;10;0;0;4;1;1
202100024489;157 890;7;0;2;4;23;1
202100024489;157 891;30;0;2;1;17;1
202100024490;157 888;7;0;2;6;15;1
202100024490;157 889;30;0;2;1;1;0
202100024491;157 887;31;6;0;1;26;1
202100024492;157 886;0;0;1;4;20;0
202100024493;157 884;7;15;0;0;15;1
202100024493;157 885;7;0;2;0;0;1
202100024494;157 882;30;0;2;7;1;3
202100024494;157 883;7;0;2;1;1;1
202100024495;157 880;1;0;2;7;0;5
202100024495;157 881;7;0;2;1;9;1
202100024496;157 876;7;1;0;1;26;1
202100024496;157 877;10;1;0;4;1;1
202100024496;157 878;10;1;0;1;0;1
202100024496;157 879;7;0;2;1;26;0
202100024497;157 874;31;0;2;1;26;1
202100024497;157 875;10;0;2;5;15;1
202100024498;157 873;7;15;1;2;25;1
202100024499;157 871;7;0;2;3;13;1
202100024499;157 872;7;0;2;8;26;1
202100024500;157 869;34;0;2;7;17;1
202100024500;157 870;7;0;2;7;11;1
202100024501;157 865;2;0;2;1;1;1
202100024501;157 866;7;0;2;4;1;1
202100024502;157 863;7;0;2;6;1;1
202100024502;157 864;7;0;2;7;14;1
202100024503;157 860;33;0;2;1;2;1
202100024503;157 861;10;0;2;4;2;1
202100024504;157 859;7;1;0;2;14;1
202100024505;157 857;30;0;2;1;0;1
202100024505;157 858;7;0;2;2;0;1
202100024506;157 855;7;0;2;2;1;1
202100024506;157 856;1;0;2;1;5;5
202100024507;157 853;33;0;2;1;7;1
202100024507;157 854;10;0;2;4;15;1
202100024508;157 851;33;0;2;7;1;1
202100024508;157 852;7;0;2;2;15;1
202100024509;157 850;2;0;;0;21;1
202100024510;157 848;7;0;2;7;1;1
202100024510;157 849;7;0;2;1;17;1
202100024511;157 846;33;0;2;3;1;0
202100024511;157 847;21;0;2;1;19;0
202100024512;157 844;7;0;2;8;17;1
202100024512;157 845;32;0;2;0;0;1
202100024513;157 842;7;0;2;2;15;1
202100024513;157 843;7;0;2;3;1;1
202100024514;157 840;2;0;2;1;1;1
202100024514;157 841;7;0;2;1;15;1
202100024515;157 839;0;0;1;2;26;0
202100024516;157 837;10;0;2;1;13;1
202100024516;157 838;7;0;2;1;1;1
202100024517;157 835;7;0;2;4;1;1
202100024517;157 836;7;0;2;1;2;1
202100024518;157 833;7;0;2;1;1;1
202100024518;157 834;7;0;2;8;10;1
202100024519;157 831;50;0;2;4;2;3
202100024519;157 832;7;0;9;3;2;1
202100024520;157 830;33;0;0;0;1;1
202100024521;157 828;7;0;2;5;16;1
202100024521;157 829;30;0;2;1;1;6
202100024522;157 826;7;0;2;7;15;1
202100024522;157 827;10;0;2;1;1;1
202100024523;157 823;33;0;2;1;1;1
202100024523;157 824;3;0;2;5;16;1
202100024524;157 821;40;0;2;3;1;3
202100024524;157 822;7;0;4;2;1;1
202100024525;157 820;7;0;1;4;20;1
202100024526;157 819;7;0;1;1;1;1
202100024527;157 817;7;14;0;1;19;1
202100024528;157 816;7;0;1;2;1;1
202100024529;157 815;33;0;0;1;1;1
202100024530;157 813;7;0;2;3;26;1
202100024530;157 814;50;0;2;1;21;3
202100024531;157 812;32;7;0;1;1;1
202100024532;157 810;33;0;2;1;1;1
202100024532;157 811;7;0;2;1;15;1
202100024533;157 808;7;0;2;7;1;1
202100024533;157 809;7;0;2;1;26;1
202100024534;157 806;7;0;2;1;2;1
202100024534;157 807;33;0;2;4;2;1
202100024535;157 804;99;0;2;7;1;5
202100024535;157 805;7;0;2;1;15;1
202100024536;157 802;33;0;2;1;1;1
202100024536;157 803;7;0;2;3;15;1
202100024537;157 801;33;14;0;1;26;1
202100024538;157 800;32;14;0;1;1;1
202100024539;157 798;2;0;2;7;21;1
202100024539;157 799;10;0;2;1;13;1
202100024540;157 796;33;0;2;1;1;1
202100024540;157 797;7;0;2;2;15;1
202100024541;157 794;7;0;0;6;15;1
202100024541;157 795;32;0;2;1;3;1
202100024542;157 792;37;0;1;1;20;1
202100024543;157 790;10;0;2;5;2;1
202100024543;157 791;7;0;2;1;2;1
202100024544;157 789;2;0;0;7;1;1
202100024545;157 787;60;0;2;3;19;5
202100024545;157 788;7;0;2;3;1;1
202100024546;157 785;7;0;2;5;12;1
202100024546;157 786;31;0;2;3;3;1
202100024547;157 783;14;0;2;1;1;1
202100024547;157 784;7;0;2;8;1;1
202100024548;157 781;7;0;2;8;1;1
202100024548;157 782;43;0;2;2;3;1
202100024549;157 779;10;0;2;5;2;1
202100024549;157 780;33;0;2;3;2;1
202100024550;157 777;32;0;2;2;2;1
202100024550;157 778;7;0;2;6;2;1
202100024551;157 775;7;0;2;3;11;0
202100024551;157 776;7;0;2;2;1;1
202100024552;157 773;1;0;2;1;2;5
202100024552;157 774;1;0;2;4;2;5
202100024553;157 771;50;0;2;1;13;3
202100024553;157 772;1;0;2;1;1;5
202100024554;157 769;33;0;2;1;2;1
202100024554;157 770;33;0;2;4;23;1
202100024555;157 767;50;0;2;7;19;3
202100024555;157 768;7;0;2;4;4;0
202100024556;157 765;7;0;2;2;12;1
202100024556;157 766;7;0;2;6;1;1
202100024557;157 764;13;0;1;7;2;0
202100024558;157 762;7;0;2;3;23;1
202100024558;157 763;30;0;2;1;1;1
202100024559;157 760;7;0;2;3;1;1
202100024559;157 761;7;9;2;5;6;1
202100024560;157 759;33;0;0;0;2;1
202100024561;157 757;1;0;2;1;19;0
202100024561;157 758;10;0;9;0;0;1
202100024562;157 755;3;0;2;1;0;1
202100024562;157 756;10;0;2;4;10;1
202100024563;157 753;33;0;2;1;1;0
202100024563;157 754;10;0;2;3;15;0
202100024564;157 751;30;0;2;4;0;0
202100024564;157 752;7;0;2;1;0;0
202100024565;157 750;7;0;1;2;1;1
202100024566;157 748;10;0;0;2;0;1
202100024566;157 749;7;0;0;1;1;1
202100024567;157 747;7;0;1;4;26;1
202100024568;157 745;7;1;0;3;23;1
202100024568;157 746;1;1;2;2;0;0
202100024569;157 744;30;0;1;1;0;1
202100024570;157 742;7;0;2;0;15;1
202100024570;157 743;2;0;2;1;1;1
202100024571;157 740;1;0;2;8;15;5
202100024571;157 741;10;0;2;1;16;1
202100024572;157 738;7;0;2;1;1;1
202100024572;157 739;7;0;2;1;10;1
202100024573;157 736;7;0;2;2;1;1
202100024573;157 737;7;0;2;1;0;0
202100024574;157 733;10;0;2;4;23;1
202100024574;157 734;7;0;2;4;23;1
202100024574;157 735;7;0;2;1;2;1
202100024575;157 730;7;0;2;1;2;1
202100024575;157 731;7;0;2;4;2;1
202100024575;157 732;7;0;2;4;1;1
202100024576;157 728;15;0;2;3;1;1
202100024576;157 729;7;0;2;0;11;1
202100024577;157 727;7;4;0;9;2;1
202100024578;157 725;33;0;2;7;3;1
202100024578;157 726;7;0;2;3;11;1
202100024579;157 723;7;0;0;0;0;1
202100024579;157 724;7;0;0;0;26;1
202100024580;157 721;10;0;2;5;1;1
202100024580;157 722;31;0;2;1;2;1
202100024581;157 720;7;0;9;1;21;1
202100024582;157 718;7;0;2;2;12;1
202100024582;157 719;33;0;2;8;1;1
202100024583;157 716;7;0;2;1;16;1
202100024583;157 717;7;0;2;9;13;1
202100024584;157 715;7;3;0;1;2;1
202100024585;157 713;7;0;2;4;2;1
202100024585;157 714;2;0;2;1;2;1
202100024586;157 711;32;0;2;1;5;0
202100024586;157 712;2;0;2;1;1;1
202100024587;157 709;34;0;2;1;1;1
202100024587;157 710;1;0;2;1;9;
202100024588;157 707;7;0;2;1;1;1
202100024588;157 708;31;0;2;4;1;1
202100024589;157 705;7;0;2;1;1;1
202100024589;157 706;30;0;2;7;19;1
202100024590;157 703;7;0;2;0;1;1
202100024590;157 704;7;0;2;1;1;1
202100024591;157 702;60;0;0;1;1;5
202100024592;157 701;80;0;0;8;1;3
202100024593;157 699;7;0;2;1;9;1
202100024593;157 700;10;0;2;2;9;1
202100024594;157 697;7;0;1;1;16;1
202100024595;157 693;50;0;2;1;0;3
202100024595;157 694;7;0;2;0;0;1
202100024596;157 691;7;0;2;4;26;1
202100024596;157 692;15;0;2;1;26;0
202100024597;157 688;31;0;2;2;15;1
202100024597;157 689;7;0;2;1;2;1
202100024597;157 690;7;0;2;3;23;1
202100024598;157 687;7;1;0;2;14;1
202100024599;157 686;1;0;1;1;17;5
202100024600;157 684;10;0;2;1;15;1
202100024600;157 685;50;0;2;1;1;3
202100024601;157 682;7;0;2;1;1;1
202100024601;157 683;7;0;2;8;1;1
202100024602;157 680;1;0;2;7;1;5
202100024602;157 681;7;0;9;3;15;1
202100024603;157 678;50;0;2;1;26;3
202100024603;157 679;7;0;2;2;9;1
202100024604;157 676;7;12;2;8;1;1
202100024604;157 677;7;0;2;2;9;1
202100024605;157 675;33;3;0;0;16;1
202100024606;157 673;7;0;2;1;10;1
202100024606;157 674;7;0;2;1;21;1
202100024607;157 671;7;0;2;2;1;1
202100024607;157 672;7;0;2;2;26;1
202100024608;157 669;7;0;2;3;15;1
202100024608;157 670;1;0;2;7;0;0
202100024609;157 668;32;0;1;1;17;1
202100024610;157 667;7;0;1;4;20;1
202100024611;157 666;7;1;0;2;1;1
202100024612;157 665;7;0;1;2;1;1
202100024613;157 663;7;0;2;8;15;1
202100024613;157 664;7;0;2;1;19;1
202100024614;157 660;7;0;1;3;1;1
202100024615;157 659;7;0;2;0;17;1
202100024616;157 658;7;8;0;1;16;1
202100024617;157 656;10;0;2;4;1;0
202100024617;157 657;10;0;2;1;2;1
202100024618;157 655;2;12;0;1;18;1
202100024619;157 652;50;0;2;8;2;3
202100024619;157 653;7;0;2;1;17;0
202100024620;157 650;7;0;2;6;15;1
202100024620;157 651;32;0;2;2;1;1
202100024621;157 648;7;0;2;3;15;1
202100024621;157 649;31;0;2;1;1;1
202100024622;157 646;7;0;2;3;1;1
202100024622;157 647;7;0;2;2;15;1
202100024623;157 645;1;0;0;0;13;5
202100024624;157 644;7;0;1;1;1;1
202100024625;157 642;7;0;2;1;9;1
202100024625;157 643;7;0;2;4;23;1
202100024626;157 639;2;0;2;3;18;1
202100024626;157 640;7;0;2;2;23;1
202100024627;157 637;30;0;2;1;15;1
202100024627;157 638;7;0;2;1;1;1
202100024628;157 635;7;0;2;5;15;1
202100024628;157 636;1;0;2;1;1;5
202100024629;157 633;7;0;2;0;16;1
202100024629;157 634;50;0;2;0;1;3
202100024630;157 631;1;0;2;8;13;5
202100024630;157 632;37;0;2;2;17;3
202100024631;157 630;7;0;1;0;1;1
202100024632;157 628;7;8;2;6;1;1
202100024632;157 629;7;12;2;3;13;1
202100024633;157 626;7;0;2;1;1;2
202100024633;157 627;34;0;2;1;1;1
202100024634;157 625;7;0;1;0;1;1
202100024635;157 624;7;0;1;1;15;1