Num_Acc;id_vehicule;categorie_vehicule;obstacle_fixe;obstacle_mobile;point_choc_initial;manoeuvre_principale;motorisation
202100024636;157 623;7;10;0;2;21;1
202100024637;157 621;34;0;2;8;1;1
202100024637;157 622;7;0;2;1;1;1
202100024638;157 620;7;2;0;1;14;1
202100024639;157 619;7;8;0;1;26;1
202100024640;157 617;7;0;2;3;1;1
202100024640;157 618;30;0;2;5;17;1
202100024641;157 616;7;0;1;2;1;1
202100024642;157 614;37;0;2;1;1;1
202100024642;157 615;7;0;2;7;1;1
202100024643;157 612;50;0;2;1;26;3
202100024643;157 613;60;0;2;0;0;5
202100024644;157 610;30;0;2;1;9;1
202100024644;157 611;7;0;2;3;15;1
202100024645;157 608;31;0;2;2;17;1
202100024645;157 609;7;0;2;3;15;1
202100024646;157 604;7;0;2;8;1;1
202100024646;157 605;10;0;2;1;17;1
202100024646;157 606;10;0;2;8;1;1
202100024646;157 607;10;0;2;1;1;1
202100024647;157 602;14;0;2;2;16;0
202100024647;157 603;1;0;2;1;1;0
202100024648;157 599;33;0;2;1;1;1
202100024648;157 600;7;0;2;4;2;2
202100024649;157 597;2;0;2;1;19;1
202100024649;157 598;14;0;2;3;1;1
202100024650;157 595;7;0;2;7;15;1
202100024650;157 596;33;0;2;1;1;1
202100024651;157 593;33;0;0;2;17;1
202100024651;157 594;7;0;2;6;13;1
202100024652;157 591;33;1;0;1;25;1
202100024652;157 592;7;0;0;5;24;1
202100024653;157 589;33;3;2;1;1;1
202100024653;157 590;10;0;9;1;1;1
202100024654;157 588;7;8;0;3;14;1
202100024655;157 586;2;0;2;1;2;1
202100024655;157 587;7;0;2;4;1;1
202100024656;157 583;7;3;2;3;1;1
202100024656;157 584;7;0;2;3;1;1
202100024656;157 585;7;3;0;1;1;1
202100024657;157 580;17;0;2;3;1;1
202100024657;157 581;7;0;2;3;3;1
202100024657;157 582;7;0;2;3;1;1
202100024658;157 578;7;0;0;6;23;1
202100024658;157 579;1;1;0;1;1;5
202100024659;157 577;7;12;0;2;0;1
202100024660;157 575;2;0;2;7;17;1
202100024660;157 576;20;0;2;3;10;1
202100024661;157 573;33;0;2;2;2;1
202100024661;157 574;7;0;2;6;2;1
202100024662;157 569;30;0;2;7;1;1
202100024662;157 570;7;0;2;1;19;1
202100024663;157 567;36;12;0;3;1;1
202100024664;157 565;7;0;2;7;15;1
202100024664;157 566;7;0;2;3;1;1
202100024665;157 563;7;0;0;1;1;1
202100024665;157 564;7;0;0;8;15;1
202100024666;157 561;1;0;2;1;0;5
202100024666;157 562;7;0;9;1;16;1
202100024667;157 558;7;0;1;4;4;1
202100024668;157 556;1;0;2;4;1;5
202100024668;157 557;7;0;9;1;2;0
202100024669;157 554;7;0;2;3;1;1
202100024669;157 555;7;0;2;3;1;1
202100024670;157 552;7;0;2;3;15;1
202100024670;157 553;7;0;2;1;1;1
202100024671;157 550;33;0;2;1;13;1
202100024671;157 551;7;0;2;8;10;3
202100024672;157 549;7;6;0;7;0;1
202100024673;157 547;10;0;2;2;15;1
202100024673;157 548;7;0;2;3;1;1
202100024674;157 540;10;0;2;4;2;1
202100024674;157 541;7;0;2;4;2;1
202100024674;157 542;13;0;2;1;2;1
202100024674;157 543;7;0;2;4;2;1
202100024674;157 544;7;0;2;4;2;1
202100024674;157 545;7;0;2;4;2;1
202100024674;157 546;7;0;2;4;2;1
202100024675;157 538;7;3;0;1;2;1
202100024675;157 539;7;14;1;1;2;1
202100024676;157 536;7;0;2;2;1;1
202100024676;157 537;7;0;0;8;19;1
202100024677;157 535;7;0;0;9;1;1
202100024678;157 534;7;8;0;7;13;1
202100024679;157 533;7;0;0;9;1;1
202100024680;157 530;17;0;2;2;1;1
202100024680;157 531;7;0;2;2;13;1
202100024681;157 528;2;0;2;2;17;1
202100024681;157 529;2;0;2;3;1;1
202100024682;157 527;7;13;0;0;14;1
202100024683;157 525;2;0;2;2;17;1
202100024683;157 526;10;0;2;6;15;1
202100024684;157 523;7;0;0;5;1;1
202100024684;157 524;2;0;0;1;1;1
202100024685;157 520;1;12;0;4;2;5
202100024685;157 521;1;12;0;4;2;5
202100024685;157 522;7;0;2;2;17;1
202100024686;157 518;7;3;2;0;0;1
202100024686;157 519;7;0;2;1;0;1
202100024687;157 516;7;0;2;3;13;1
202100024687;157 517;33;12;2;1;1;1
202100024688;157 514;7;0;2;1;1;1
202100024688;157 515;7;0;2;1;13;1
202100024689;157 513;33;13;0;8;1;1
202100024690;157 512;3;2;0;1;1;1
202100024691;157 510;2;0;9;0;2;1
202100024691;157 511;2;0;9;0;1;1
202100024692;157 509;33;1;0;1;0;1
202100024693;157 507;7;6;2;8;15;1
202100024693;157 508;33;0;2;1;17;1
202100024694;157 505;1;0;2;1;1;5
202100024694;157 506;7;0;2;2;1;1
202100024695;157 503;13;0;2;0;0;0
202100024695;157 504;7;4;2;0;2;1
202100024696;157 501;7;0;0;0;0;0
202100024696;157 502;7;0;2;4;26;1
202100024697;157 500;7;3;0;2;1;1
202100024698;157 496;7;0;2;1;2;1
202100024698;157 497;10;0;2;4;2;1
202100024698;157 498;7;0;2;4;2;1
202100024698;157 499;10;0;2;2;2;1
202100024699;157 493;7;0;0;0;26;1
202100024699;157 494;7;0;0;0;0;1
202100024699;157 495;7;0;0;0;0;1
202100024700;157 491;7;0;2;1;1;1
202100024700;157 492;7;0;2;4;2;1
202100024701;157 489;7;0;2;1;2;1
202100024701;157 490;13;0;0;6;1;1
202100024702;157 488;33;0;2;0;17;1
202100024703;157 487;7;0;1;1;16;
202100024704;157 486;32;0;1;1;21;1
202100024705;157 485;7;0;1;5;4;1
202100024706;157 483;7;0;1;1;1;0
202100024707;157 481;31;0;2;5;11;1
202100024707;157 482;7;8;2;8;15;1
202100024708;157 478;7;1;2;8;10;1
202100024708;157 479;7;0;2;2;17;1
202100024708;157 480;7;0;2;4;23;1
202100024709;157 477;7;0;0;1;26;1
202100024710;157 475;33;0;2;1;17;1
202100024710;157 476;7;0;2;3;15;1
202100024711;157 473;1;0;2;1;15;5
202100024711;157 474;7;0;2;1;15;1
202100024712;157 472;30;0;0;3;26;1
202100024713;157 470;32;0;2;1;19;1
202100024713;157 471;7;0;2;3;1;1
202100024714;157 469;7;0;1;2;1;1
202100024715;157 468;7;0;1;1;1;1
202100024716;157 466;7;0;2;3;9;1
202100024716;157 467;7;0;2;3;15;1
202100024717;157 464;7;0;2;6;11;1
202100024717;157 465;7;0;2;2;1;1
202100024718;157 463;7;4;0;3;5;1
202100024719;157 461;7;0;2;1;23;1
202100024719;157 462;7;0;2;1;26;1
202100024720;157 459;7;0;2;4;2;1
202100024720;157 460;43;0;2;1;2;1
202100024721;157 458;7;0;1;1;1;1
202100024722;157 456;7;0;2;1;1;1
202100024722;157 457;7;0;2;1;15;1
202100024723;157 454;7;0;2;3;15;0
202100024723;157 455;33;0;2;1;3;1
202100024724;157 450;7;0;2;2;16;1
202100024724;157 451;50;0;2;1;1;3
202100024725;157 448;7;0;2;3;10;1
202100024725;157 449;30;0;2;1;1;3
202100024726;157 446;7;0;2;3;1;1
202100024726;157 447;50;0;2;2;19;3
202100024727;157 443;30;0;2;4;1;1
202100024727;157 444;33;0;2;4;1;1
202100024727;157 445;7;0;2;1;1;1
202100024728;157 442;7;0;1;3;15;1
202100024729;157 440;1;0;2;7;26;6
202100024729;157 441;7;0;2;1;9;1
202100024730;157 438;30;0;2;1;17;1
202100024730;157 439;7;0;2;1;15;1
202100024731;157 437;33;16;0;7;1;1
202100024732;157 436;7;0;1;4;4;1
202100024733;157 434;7;0;2;1;1;1
202100024733;157 435;7;0;2;3;16;1
202100024734;157 432;10;0;2;3;9;0
202100024734;157 433;7;0;2;2;1;1
202100024735;157 430;7;0;9;7;2;0
202100024735;157 431;50;0;2;8;2;3
202100024736;157 429;3;0;0;8;15;3
202100024737;157 428;7;1;0;1;26;1
202100024738;157 427;36;8;0;7;26;1
202100024739;157 425;7;0;2;0;0;1
202100024739;157 426;33;0;2;1;2;1
202100024740;157 423;1;0;2;2;26;5
202100024740;157 424;7;0;2;3;26;1
202100024741;157 421;60;0;2;8;26;5
202100024741;157 422;7;0;9;2;26;1
202100024742;157 419;32;0;2;4;2;1
202100024742;157 420;10;0;9;4;2;1
202100024743;157 418;15;0;1;2;1;1
202100024744;157 417;7;13;0;8;21;1
202100024745;157 415;37;0;9;2;1;0
202100024745;157 416;30;0;2;2;15;0
202100024746;157 414;1;0;1;1;5;5
202100024747;157 413;33;4;0;1;14;1
202100024748;157 411;33;0;2;1;1;1
202100024748;157 412;7;0;2;5;9;1
202100024749;157 409;7;0;2;7;1;1
202100024749;157 410;7;0;2;1;19;1
202100024750;157 407;32;0;2;9;1;1
202100024750;157 408;7;0;2;5;15;1
202100024751;157 405;7;14;0;1;1;1
202100024751;157 406;7;0;2;4;23;0
202100024752;157 404;1;12;0;0;12;5
202100024753;157 403;7;4;0;9;1;1
202100024754;157 401;7;0;2;6;10;1
202100024754;157 402;33;0;2;1;2;1
202100024755;157 399;7;0;2;1;1;1
202100024755;157 400;7;0;2;1;5;1
202100024756;157 397;10;0;2;0;1;0
202100024756;157 398;7;0;2;1;1;1
202100024757;157 395;10;8;2;1;1;1
202100024757;157 396;7;8;2;1;1;1
202100024758;157 394;7;2;0;3;0;1
202100024759;157 392;1;0;2;0;26;5
202100024759;157 393;0;0;2;3;13;0
202100024760;157 391;7;0;0;2;14;1
202100024761;157 389;7;0;2;1;15;1
202100024761;157 390;34;0;2;1;1;1
202100024762;157 387;32;0;2;3;13;1
202100024762;157 388;33;0;2;2;1;1
202100024763;157 386;7;0;1;4;20;1
202100024764;157 385;7;0;1;2;1;0
202100024765;157 383;2;0;2;4;2;1
202100024765;157 384;7;0;2;1;2;0
202100024766;157 381;7;0;2;3;15;1
202100024766;157 382;30;0;2;2;1;1
202100024767;157 380;7;1;0;3;13;1
202100024768;157 379;7;0;1;2;1;1
202100024769;157 377;34;0;2;7;2;1
202100024769;157 378;37;0;2;6;23;2
202100024770;157 375;7;0;2;2;2;1
202100024770;157 376;33;0;2;4;23;1
202100024771;157 373;7;0;2;2;1;1
202100024771;157 374;7;0;2;2;10;1
202100024772;157 371;1;0;2;7;14;5
202100024772;157 372;50;0;2;7;1;3
202100024773;157 369;60;0;2;7;0;5
202100024773;157 370;7;0;0;1;26;2
202100024774;157 367;7;0;2;3;9;1
202100024774;157 368;50;0;2;1;2;3
202100024775;157 365;7;0;2;7;16;1
202100024775;157 366;30;0;2;8;2;1
202100024776;157 364;7;0;1;2;1;1
202100024777;157 361;33;1;2;1;2;0
202100024777;157 362;7;1;0;3;20;1
202100024778;157 360;7;0;1;2;1;1
202100024779;157 358;7;0;2;1;1;1
202100024779;157 359;7;0;2;7;15;1
202100024780;157 356;10;0;0;4;4;1
202100024780;157 357;33;0;2;1;2;1
202100024781;157 355;30;0;1;2;25;1
202100024782;157 353;2;0;2;1;1;1
202100024782;157 354;7;0;2;5;1;1
202100024783;157 351;37;0;2;1;1;1
202100024783;157 352;50;0;2;8;19;3
202100024784;157 347;7;0;2;3;1;1
202100024784;157 348;7;0;2;3;13;1
202100024785;157 346;7;6;0;1;14;1
202100024786;157 345;7;16;0;9;1;1
202100024787;157 343;7;0;2;3;19;1
202100024787;157 344;7;0;2;1;1;1
202100024788;157 340;7;0;2;8;1;2
202100024788;157 341;7;0;2;1;1;1
202100024788;157 342;10;0;2;1;1;1
202100024789;157 338;7;15;0;1;21;2
202100024789;157 339;10;0;0;0;26;1
202100024790;157 337;7;2;0;1;0;1
202100024791;157 336;7;2;0;1;13;1
202100024792;157 335;7;5;0;3;13;1
202100024793;157 334;32;8;0;0;17;1
202100024794;157 332;7;0;2;3;15;1
202100024794;157 333;1;0;2;8;1;5
202100024795;157 331;33;0;0;8;1;1
202100024796;157 330;43;2;0;1;0;1
202100024797;157 328;7;0;2;2;19;1
202100024797;157 329;2;0;2;1;1;1
202100024798;157 327;2;0;0;7;1;1
202100024799;157 326;7;2;0;6;0;1
202100024800;157 325;15;1;1;3;23;1
202100024801;157 321;10;0;2;8;1;1
202100024801;157 322;31;0;2;1;13;1
202100024802;157 320;2;12;0;2;21;1
202100024803;157 319;10;13;0;2;1;1
202100024804;157 317;1;0;2;8;2;5
202100024804;157 318;21;0;2;5;2;1
202100024805;157 316;7;12;1;2;14;1
202100024806;157 315;36;0;0;3;13;1
202100024807;157 313;21;0;2;3;15;1
202100024807;157 314;32;0;2;1;17;1
202100024808;157 312;7;13;0;3;1;1
202100024809;157 309;33;13;0;7;1;1
202100024810;157 307;17;0;2;8;1;1
202100024810;157 308;33;0;2;1;1;1
202100024811;157 305;7;0;2;3;15;1
202100024811;157 306;1;13;2;1;17;5
202100024812;157 304;10;13;0;8;13;1
202100024813;157 303;30;0;2;1;0;1
202100024814;157 301;7;0;2;1;1;1
202100024814;157 302;2;0;2;7;9;1
202100024815;157 299;7;0;2;2;15;1
202100024815;157 300;2;0;2;1;3;1
202100024816;157 298;7;2;0;8;1;1
202100024817;157 296;7;0;2;1;2;1
202100024817;157 297;10;0;0;4;15;1
202100024818;157 295;1;0;0;1;1;5
202100024819;157 293;7;0;2;2;11;1
202100024819;157 294;21;0;2;2;12;1
202100024820;157 291;7;0;2;8;1;1
202100024820;157 292;33;12;2;9;1;1
202100024821;157 290;33;10;0;1;26;1
202100024822;157 288;1;0;2;1;1;5
202100024822;157 289;7;0;0;7;16;1
202100024823;157 284;7;0;2;1;17;1
202100024823;157 285;7;0;2;3;1;1
202100024823;157 286;10;0;2;1;2;1
202100024823;157 287;7;3;2;1;1;1
202100024824;157 283;7;2;0;1;21;1
202100024825;157 282;7;0;1;3;1;1
202100024826;157 281;80;0;0;0;11;3
202100024827;157 279;2;0;2;7;9;1
202100024827;157 280;14;0;2;1;1;1
202100024828;157 274;10;0;2;1;2;1
202100024828;157 275;7;0;2;4;2;1
202100024829;157 271;7;0;0;0;0;0
202100024829;157 272;7;3;2;4;2;1
202100024829;157 273;7;3;2;4;2;1
202100024830;157 269;7;0;2;2;17;1
202100024830;157 270;7;0;2;6;1;1
202100024831;157 267;10;0;2;6;2;1
202100024831;157 268;10;0;2;3;2;1
202100024832;157 265;43;0;2;3;1;1
202100024832;157 266;7;0;2;2;12;1
202100024833;157 263;7;0;2;1;2;1
202100024833;157 264;7;0;2;4;2;1
202100024834;157 262;7;0;2;9;2;1
202100024835;157 261;10;0;0;1;1;1
202100024836;157 260;10;4;0;1;1;1
202100024837;157 258;7;0;2;1;2;1
202100024837;157 259;10;0;2;4;2;1
202100024838;157 257;7;4;0;1;1;1
202100024839;157 256;7;4;0;1;21;1
202100024840;157 255;43;3;0;1;2;1
202100024841;157 254;7;4;0;6;1;1
202100024842;157 252;10;4;0;5;2;1
202100024842;157 253;7;4;2;3;1;1
202100024843;157 250;7;0;2;4;1;1
202100024843;157 251;43;0;2;1;12;1
202100024844;157 247;7;0;2;1;26;1
202100024844;157 248;7;0;2;2;1;1
202100024844;157 249;7;14;0;5;1;1
202100024845;157 246;30;0;1;1;3;1
202100024846;157 245;1;0;1;1;1;5
202100024847;157 244;3;0;0;1;0;1
202100024848;157 242;7;0;2;3;20;1
202100024848;157 243;30;0;2;1;21;1
202100024849;157 240;1;0;2;8;0;0
202100024849;157 241;7;0;9;1;1;1
202100024850;157 238;33;0;2;0;15;1
202100024850;157 239;7;0;2;8;15;6
202100024851;157 237;7;0;1;2;1;1
202100024852;157 235;7;0;2;1;13;1
202100024852;157 236;7;0;2;3;1;1
202100024853;157 233;7;0;2;6;15;1
202100024853;157 234;33;0;2;1;17;1
202100024854;157 231;7;0;2;1;1;1
202100024854;157 232;10;0;2;7;1;1
202100024855;157 228;7;0;2;4;23;1
202100024855;157 229;7;0;2;4;23;1
202100024855;157 230;10;0;2;1;2;1
202100024856;157 227;7;8;0;1;1;1
202100024857;157 225;31;0;2;1;1;1
202100024857;157 226;7;0;2;1;13;1
202100024858;157 224;7;0;1;8;19;1
202100024859;157 222;33;0;2;1;20;1
202100024859;157 223;14;0;2;4;4;1
202100024860;157 220;31;0;2;9;1;1
202100024860;157 221;7;0;2;3;5;1
202100024861;157 218;7;0;2;0;1;0
202100024861;157 219;7;0;2;1;1;1
202100024862;157 216;7;0;2;5;13;1
202100024862;157 217;7;0;2;3;1;1
202100024863;157 214;7;0;2;4;15;1
202100024863;157 215;7;0;2;1;2;1
202100024864;157 213;7;2;0;0;14;1
202100024865;157 211;30;0;2;2;14;1
202100024865;157 212;7;0;2;8;23;1
202100024866;157 210;7;0;1;2;1;1
202100024867;157 209;7;0;1;1;1;1
202100024868;157 207;7;0;2;1;2;1
202100024868;157 208;7;0;2;4;2;1
202100024869;157 206;30;0;2;5;1;1
202100024870;157 205;33;0;0;3;0;1
202100024871;157 203;7;0;2;1;9;1
202100024871;157 204;31;0;2;4;9;1
202100024872;157 201;3;6;2;5;15;1
202100024872;157 202;3;0;2;3;1;1
202100024873;157 199;7;0;2;1;0;1
202100024873;157 200;7;0;0;0;0;1
202100024874;157 198;7;1;0;1;14;1
202100024875;157 197;7;8;0;1;1;1
202100024876;157 195;7;0;2;7;17;1
202100024876;157 196;1;0;2;8;1;0
202100024877;157 193;7;0;2;1;2;1
202100024877;157 194;7;0;2;4;2;1
202100024878;157 191;7;0;0;2;17;1
202100024878;157 192;7;0;2;6;1;1
202100024879;157 189;7;0;2;3;26;2
202100024879;157 190;1;0;2;8;25;5
202100024880;157 187;33;0;2;1;15;1
202100024880;157 188;7;0;2;7;1;1
202100024881;157 185;7;0;2;1;0;1
202100024881;157 186;7;0;2;6;0;0
202100024882;157 183;1;0;2;7;19;5
202100024882;157 184;7;0;2;3;16;1
202100024883;157 179;13;0;2;1;1;1
202100024883;157 180;7;0;2;1;1;1
202100024883;157 181;7;0;2;1;1;0
202100024883;157 182;7;0;2;4;1;1
202100024884;157 177;33;0;2;1;0;1
202100024884;157 178;7;0;2;3;15;1
202100024885;157 175;21;0;2;7;26;1
202100024885;157 176;33;0;2;1;1;1
202100024886;157 174;7;0;0;9;26;1
202100024887;157 171;7;0;2;4;2;1
202100024887;157 172;7;0;2;4;2;1
202100024887;157 173;10;0;2;1;2;1
202100024888;157 169;7;0;2;0;13;1
202100024888;157 170;7;0;2;8;1;1
202100024889;157 167;7;0;2;0;0;0
202100024889;157 168;1;0;2;0;0;0
202100024890;157 166;7;0;1;1;16;1
202100024891;157 165;30;0;0;0;26;1
202100024892;157 164;10;0;1;2;1;1
202100024893;157 163;1;0;1;1;1;5
202100024894;157 162;7;0;1;4;20;2
202100024895;157 160;10;0;2;1;1;1
202100024895;157 161;7;0;2;4;23;1
202100024896;157 156;33;0;2;6;1;1
202100024896;157 157;14;0;2;6;1;1
202100024896;157 158;7;0;2;0;1;1
202100024896;157 159;7;0;2;2;1;1
202100024897;157 154;7;0;2;1;15;1
202100024897;157 155;1;0;2;0;19;5
202100024898;157 153;1;0;1;1;1;5
202100024899;157 152;1;0;0;0;1;5
202100024900;157 151;50;0;1;1;21;3
202100024901;157 149;1;0;2;1;1;5
202100024901;157 150;50;0;2;1;11;3
202100024902;157 148;7;15;2;2;26;1
202100024903;157 146;7;0;2;4;4;1
202100024903;157 147;7;0;2;1;2;1
202100024904;157 145;0;0;1;4;26;0
202100024905;157 142;14;0;2;2;1;1
202100024905;157 143;7;0;2;5;1;1
202100024905;157 144;7;0;2;3;1;1
202100024906;157 140;7;0;2;8;19;1
202100024906;157 141;7;0;2;1;19;1
202100024907;157 138;43;0;2;2;1;1
202100024907;157 139;7;0;2;3;26;1
202100024908;157 136;32;0;0;0;0;1
202100024908;157 137;7;1;2;3;17;1
202100024909;157 134;32;0;2;8;18;1
202100024909;157 135;7;0;2;7;12;1
202100024910;157 133;32;14;2;8;26;1
202100024911;157 132;7;0;1;1;17;1
202100024912;157 130;7;0;2;1;9;1
202100024912;157 131;7;0;2;4;26;1
202100024913;157 128;10;0;2;3;24;1
202100024913;157 129;99;1;2;1;0;0
202100024914;157 126;7;0;2;2;16;1
202100024914;157 127;50;0;2;1;1;3
202100024915;157 124;7;0;2;8;15;1
202100024915;157 125;7;0;2;1;1;1
202100024916;157 123;7;0;1;1;1;1
202100024917;157 121;32;0;2;3;16;1
202100024917;157 122;34;0;2;1;1;1
202100024918;157 119;7;0;2;3;15;1
202100024918;157 120;33;0;0;1;17;1
202100024919;157 117;7;0;2;7;19;1
202100024919;157 118;33;0;2;1;1;1
202100024920;157 116;7;13;0;2;1;1
202100024921;157 115;10;0;0;1;0;1
202100024922;157 113;10;12;2;1;1;1
202100024922;157 114;30;0;2;4;15;1
202100024923;157 112;7;0;1;3;1;1
202100024924;157 110;1;0;0;0;1;5
202100024924;157 111;1;0;0;0;1;5
202100024925;157 108;7;0;0;3;1;1
202100024925;157 109;7;9;0;3;1;1
202100024926;157 107;33;0;6;1;0;1
202100024927;157 105;7;0;2;8;15;1
202100024927;157 106;33;0;2;1;17;1
202100024928;157 102;7;0;2;5;21;1
202100024928;157 103;7;0;2;6;21;1
202100024928;157 104;7;0;2;3;13;1
202100024929;157 100;7;0;2;1;1;1
202100024929;157 101;7;0;2;8;9;1
202100024930;157 099;7;6;0;9;1;1
202100024931;157 096;7;0;2;7;1;1
202100024931;157 097;1;0;2;1;15;5
202100024932;157 095;7;17;0;1;14;1
202100024933;157 094;31;0;0;0;0;1
202100024934;157 092;7;0;2;3;13;1
202100024934;157 093;7;0;0;3;23;1
202100024935;157 090;7;0;2;7;19;1
202100024935;157 091;7;0;0;8;0;0
202100024936;157 088;2;13;2;7;1;1
202100024936;157 089;7;0;2;2;15;1
202100024937;157 086;7;0;2;1;1;1
202100024937;157 087;33;0;2;1;13;1
202100024938;157 085;2;13;0;9;1;1
202100024939;157 083;7;0;0;2;1;1
202100024939;157 084;1;0;2;1;16;5
202100024940;157 082;1;0;0;0;1;5
202100024941;157 081;80;0;0;0;0;3
202100024942;157 079;1;0;2;1;15;5
202100024942;157 080;7;0;9;5;16;1
202100024943;157 076;33;0;2;1;17;1
202100024943;157 077;7;0;2;2;1;1
202100024943;157 078;0;0;0;0;0;0
202100024944;157 074;2;0;2;1;17;1
202100024944;157 075;7;0;2;6;15;1
202100024945;157 072;33;0;2;1;17;1
202100024945;157 073;7;0;2;8;15;1
202100024946;157 070;7;0;2;6;13;1
202100024946;157 071;7;0;2;3;1;1
202100024947;157 068;7;0;2;1;14;1
202100024947;157 069;7;0;2;8;23;1
202100024948;157 066;7;0;0;4;2;1
202100024948;157 067;33;0;2;1;2;1
202100024949;157 065;7;0;1;2;1;1
202100024950;157 064;34;13;0;1;2;1
202100024951;157 063;7;13;0;1;0;1
202100024952;157 062;7;13;0;9;14;1
202100024953;157 061;1;0;0;0;16;5
202100024954;157 059;10;0;2;1;2;1
202100024954;157 060;20;0;0;4;2;1
202100024955;157 058;36;0;0;0;1;1
202100024956;157 054;7;0;2;1;1;1
202100024956;157 055;7;0;2;6;23;1
202100024956;157 056;7;0;0;5;23;1
202100024956;157 057;7;0;2;9;1;1
202100024957;157 052;7;0;0;2;15;1
202100024957;157 053;1;0;2;1;1;5
202100024958;157 050;33;13;0;1;1;1
202100024958;157 051;33;13;0;1;1;1
202100024959;157 048;10;0;2;3;13;1
202100024959;157 049;7;0;2;3;1;1
202100024960;157 046;2;0;2;1;1;1
202100024960;157 047;7;0;2;3;1;1
202100024961;157 044;7;0;0;4;15;1
202100024961;157 045;33;0;2;1;1;1
202100024962;157 042;10;0;2;3;1;1
202100024962;157 043;7;0;2;3;1;1
202100024963;157 040;15;0;9;6;1;1
202100024963;157 041;1;0;2;0;25;5
202100024964;157 038;7;0;2;3;1;1
202100024964;157 039;34;0;2;1;1;1
202100024965;157 036;1;0;0;4;1;5
202100024965;157 037;7;0;2;1;1;1
202100024966;157 035;7;10;0;1;9;1
202100024967;157 033;7;0;2;3;1;1
202100024967;157 034;7;0;2;1;13;1
202100024968;157 031;33;0;0;4;1;1
202100024968;157 032;7;0;2;1;2;1
202100024969;157 029;7;0;2;3;15;1
202100024969;157 030;33;0;2;5;17;1
202100024970;157 027;15;0;0;4;2;1
202100024970;157 028;7;0;2;1;2;1
202100024971;157 026;7;0;1;8;1;1
202100024972;157 025;2;0;0;0;1;1
202100024973;157 023;7;0;2;4;0;1
202100024973;157 024;7;0;2;1;0;1
202100024974;157 021;14;0;2;2;2;1
202100024974;157 022;7;0;2;6;1;2
202100024975;157 018;7;0;2;4;2;1
202100024975;157 019;7;0;2;1;1;1
202100024975;157 020;7;3;2;9;2;1
202100024976;157 015;7;0;2;1;2;1
202100024976;157 016;7;0;2;4;2;1
202100024976;157 017;7;0;2;4;2;1
202100024977;157 013;33;0;2;8;3;1
202100024977;157 014;7;0;2;7;11;1
202100024978;157 012;43;0;0;0;1;1
202100024979;157 011;0;0;1;0;19;0
202100024980;157 008;7;0;2;7;2;0
202100024980;157 009;7;0;2;7;0;1
202100024980;157 010;7;0;2;4;2;1
202100024981;157 007;33;16;0;9;1;1
202100024982;157 004;33;0;2;1;1;1
202100024982;157 005;10;0;2;1;1;1
202100024982;157 006;7;0;0;6;1;1
202100024983;157 001;7;0;2;4;1;1
202100024983;157 002;10;0;2;1;1;1
202100024983;157 003;7;0;2;4;1;1
202100024984;157 000;7;3;0;1;9;1
202100024985;156 998;2;0;2;1;1;1
202100024985;156 999;7;0;2;8;1;1
202100024986;156 997;37;0;1;2;16;1
202100024987;156 996;2;13;0;7;1;1
202100024988;156 994;7;0;2;4;23;1
202100024988;156 995;7;0;2;1;1;1
202100024989;156 992;7;8;2;8;7;1
202100024989;156 993;7;0;2;1;1;1
202100024990;156 991;7;1;1;3;1;1
202100024991;156 984;7;1;0;1;14;1
202100024992;156 982;7;0;2;3;9;1
202100024992;156 983;10;0;2;3;9;1
202100024993;156 980;7;0;2;3;1;1
202100024993;156 981;32;0;2;0;1;1
202100024994;156 978;7;0;2;1;19;1
202100024994;156 979;37;0;2;2;19;6
202100024995;156 976;7;0;2;1;1;1
202100024995;156 977;7;11;2;8;21;1
202100024996;156 974;34;2;2;1;21;1
202100024996;156 975;7;0;2;5;1;1
202100024997;156 972;7;0;2;4;2;1
202100024997;156 973;2;0;2;1;2;1
202100024998;156 970;32;0;2;8;2;1
202100024998;156 971;10;0;2;1;1;1
202100024999;156 967;7;0;2;1;17;0
202100024999;156 968;7;0;2;9;17;1
202100024999;156 969;7;0;2;8;1;1
202100025000;156 965;7;0;2;6;9;1
202100025000;156 966;7;0;2;1;1;1
202100025001;156 964;7;0;1;1;1;1
202100025002;156 962;34;0;2;1;0;1
202100025002;156 963;7;0;2;1;15;1
202100025003;156 961;99;1;0;1;0;1
202100025004;156 959;37;0;2;1;1;1
202100025004;156 960;7;0;2;1;15;1
202100025005;156 957;7;0;2;1;13;1
202100025005;156 958;1;0;2;1;1;0
202100025006;156 953;7;0;2;1;2;2
202100025006;156 954;10;0;2;1;2;1
202100025006;156 955;7;0;2;4;2;1
202100025006;156 956;7;0;2;1;2;1
202100025007;156 952;20;0;2;1;26;1
202100025008;156 949;10;0;2;2;17;1
202100025008;156 950;7;3;2;6;2;1
202100025008;156 951;7;4;2;2;2;1
202100025009;156 947;33;0;2;1;13;1
202100025009;156 948;34;0;2;3;13;1
202100025010;156 945;43;0;2;1;1;1
202100025010;156 946;7;0;2;2;15;0
202100025011;156 943;7;0;2;6;20;1
202100025011;156 944;13;0;2;2;2;1
202100025012;156 941;33;0;2;8;1;1
202100025012;156 942;7;0;2;3;15;1
202100025013;156 940;1;0;1;1;17;5
202100025014;156 939;7;4;0;3;13;1
202100025015;156 937;7;0;2;2;16;3
202100025015;156 938;1;0;2;1;7;5
202100025016;156 936;7;0;1;4;4;0
202100025017;156 934;1;0;2;0;1;5
202100025017;156 935;50;0;2;2;5;3
202100025018;156 933;7;1;1;1;20;1
202100025019;156 931;31;0;2;8;1;1
202100025019;156 932;7;0;2;0;9;1
202100025020;156 929;7;0;2;2;23;1
202100025020;156 930;30;0;2;8;14;1
202100025021;156 927;7;0;2;1;15;1
202100025021;156 928;32;0;2;3;1;1
202100025022;156 926;2;6;0;2;16;3