Num_Acc;id_vehicule;categorie_vehicule;obstacle_fixe;obstacle_mobile;point_choc_initial;manoeuvre_principale;motorisation
202100025023;156 925;14;0;1;4;4;1
202100025024;156 924;7;0;1;5;26;1
202100025025;156 922;7;0;1;1;1;1
202100025025;156 923;7;0;2;3;23;1
202100025026;156 918;1;0;2;1;19;5
202100025026;156 919;17;0;2;7;1;1
202100025027;156 916;7;0;2;1;2;1
202100025027;156 917;7;0;2;4;2;1
202100025028;156 915;7;17;0;2;14;1
202100025029;156 914;15;14;0;3;13;6
202100025030;156 913;7;13;0;1;1;1
202100025031;156 911;10;0;2;3;19;1
202100025031;156 912;7;0;2;2;1;1
202100025032;156 909;10;0;2;4;23;1
202100025032;156 910;7;1;0;1;1;1
202100025033;156 907;31;0;0;2;1;1
202100025033;156 908;14;0;2;6;1;1
202100025034;156 906;7;0;1;2;1;1
202100025035;156 905;7;4;9;2;1;1
202100025036;156 903;7;0;2;3;1;1
202100025036;156 904;60;0;2;1;19;5
202100025037;156 901;1;0;2;1;1;5
202100025037;156 902;7;0;2;3;1;1
202100025038;156 899;30;0;2;7;1;1
202100025038;156 900;7;0;2;4;4;1
202100025039;156 897;33;0;2;1;1;1
202100025039;156 898;33;0;0;4;16;1
202100025040;156 896;7;2;0;1;14;1
202100025041;156 894;10;0;2;1;15;1
202100025041;156 895;7;8;2;3;9;1
202100025042;156 892;31;0;2;1;13;1
202100025042;156 893;33;0;2;1;1;1
202100025043;156 891;33;0;0;1;1;1
202100025044;156 890;31;3;0;1;1;1
202100025045;156 888;7;0;2;3;13;1
202100025045;156 889;7;0;2;2;1;2
202100025046;156 886;1;0;2;1;1;5
202100025046;156 887;10;0;0;7;1;1
202100025047;156 884;31;0;2;1;13;1
202100025047;156 885;7;0;2;3;1;1
202100025048;156 883;3;2;0;2;1;1
202100025049;156 881;7;0;0;7;15;1
202100025049;156 882;33;0;2;2;1;1
202100025050;156 880;33;3;0;0;1;1
202100025051;156 879;7;2;0;1;0;1
202100025052;156 877;33;0;2;1;16;1
202100025052;156 878;7;0;2;3;1;1
202100025053;156 876;7;2;0;1;13;1
202100025054;156 875;1;0;5;2;0;5
202100025055;156 872;1;0;2;0;1;0
202100025055;156 873;1;0;2;8;1;0
202100025055;156 874;21;0;2;5;17;1
202100025056;156 870;3;0;2;2;1;1
202100025056;156 871;7;0;2;2;1;1
202100025057;156 869;36;2;0;1;13;1
202100025058;156 868;7;0;1;1;1;1
202100025059;156 862;7;0;2;3;19;1
202100025059;156 863;1;0;0;3;1;5
202100025060;156 860;7;0;2;1;2;1
202100025060;156 861;7;3;0;4;1;1
202100025061;156 858;7;0;2;3;13;1
202100025061;156 859;2;0;2;0;13;1
202100025062;156 856;7;0;0;2;17;1
202100025062;156 857;10;0;0;6;1;1
202100025063;156 854;7;0;2;3;13;0
202100025063;156 855;7;0;2;3;1;1
202100025064;156 852;15;0;2;5;2;1
202100025064;156 853;7;0;2;1;2;1
202100025065;156 850;7;0;2;1;1;1
202100025065;156 851;7;0;2;1;1;1
202100025066;156 849;7;0;1;1;12;1
202100025067;156 848;7;17;0;2;14;1
202100025068;156 846;7;0;0;3;1;1
202100025068;156 847;7;0;0;3;13;1
202100025069;156 844;7;6;0;1;21;1
202100025069;156 845;7;0;0;0;13;1
202100025070;156 842;2;0;2;8;9;1
202100025070;156 843;7;0;2;1;1;1
202100025071;156 840;7;0;2;7;15;1
202100025071;156 841;31;0;2;1;2;1
202100025072;156 839;7;13;0;1;0;1
202100025073;156 837;7;0;2;6;1;1
202100025073;156 838;7;0;2;3;13;2
202100025074;156 835;33;0;2;1;21;1
202100025074;156 836;33;0;2;1;17;1
202100025075;156 833;33;0;2;1;13;1
202100025075;156 834;7;0;2;1;1;1
202100025076;156 832;31;0;0;8;15;1
202100025077;156 829;7;0;2;4;2;1
202100025077;156 830;7;0;0;4;2;1
202100025077;156 831;7;0;2;1;2;1
202100025078;156 828;7;0;0;0;13;1
202100025079;156 826;33;0;2;1;1;1
202100025079;156 827;7;0;2;3;19;1
202100025080;156 825;2;4;0;1;1;1
202100025081;156 823;7;0;2;6;10;0
202100025081;156 824;31;0;2;1;2;1
202100025082;156 821;7;0;2;7;1;1
202100025082;156 822;2;0;2;1;16;1
202100025083;156 819;1;0;2;5;1;5
202100025083;156 820;7;0;9;7;1;1
202100025084;156 818;33;0;0;7;0;1
202100025085;156 817;7;4;0;2;2;1
202100025086;156 816;7;4;0;7;15;1
202100025087;156 814;7;0;2;1;2;1
202100025087;156 815;7;0;2;4;1;1
202100025088;156 812;7;0;2;9;1;1
202100025088;156 813;7;0;2;9;1;1
202100025089;156 810;7;0;0;6;1;1
202100025089;156 811;10;0;2;2;1;1
202100025090;156 808;10;0;2;4;1;1
202100025090;156 809;7;0;2;1;2;1
202100025091;156 805;7;0;2;2;1;1
202100025091;156 806;15;0;2;2;0;1
202100025091;156 807;7;0;2;6;0;1
202100025092;156 802;7;0;2;1;1;1
202100025092;156 803;7;0;2;4;2;1
202100025092;156 804;7;0;2;6;2;1
202100025093;156 800;7;0;2;8;1;1
202100025093;156 801;7;0;2;1;1;1
202100025094;156 799;7;3;6;3;21;1
202100025095;156 798;7;4;0;1;14;1
202100025096;156 796;7;0;2;1;2;1
202100025096;156 797;7;0;2;4;23;1
202100025097;156 794;7;3;2;4;2;1
202100025097;156 795;10;3;2;1;2;1
202100025098;156 792;7;0;2;1;2;1
202100025098;156 793;7;0;2;4;23;1
202100025099;156 789;7;0;2;4;23;1
202100025099;156 790;7;0;2;4;23;1
202100025099;156 791;7;0;2;1;2;1
202100025100;156 787;30;0;2;1;17;1
202100025100;156 788;30;0;2;1;17;1
202100025101;156 786;34;12;0;1;1;1
202100025102;156 784;31;0;2;2;1;1
202100025102;156 785;7;0;2;7;1;1
202100025103;156 783;7;0;1;0;16;1
202100025104;156 781;7;0;2;4;23;1
202100025104;156 782;30;0;2;1;2;1
202100025105;156 779;7;0;2;4;23;1
202100025105;156 780;7;0;2;1;2;1
202100025106;156 777;7;0;2;2;1;1
202100025106;156 778;7;0;2;8;10;1
202100025107;156 774;7;1;9;2;24;1
202100025107;156 775;7;1;2;4;24;1
202100025107;156 776;7;15;2;3;13;1
202100025108;156 773;7;1;0;1;14;1
202100025109;156 769;7;0;2;6;2;1
202100025109;156 770;7;0;2;8;10;2
202100025109;156 771;7;0;2;1;17;1
202100025110;156 768;2;0;0;0;26;1
202100025111;156 766;7;0;1;1;1;1
202100025112;156 765;7;0;0;1;14;1
202100025113;156 764;32;0;0;8;5;1
202100025114;156 763;34;0;0;8;1;1
202100025115;156 761;7;0;2;3;1;1
202100025115;156 762;7;0;2;3;1;1
202100025116;156 759;7;0;2;6;1;1
202100025116;156 760;7;0;2;1;1;1
202100025117;156 757;7;0;2;4;2;1
202100025117;156 758;30;0;2;1;2;1
202100025118;156 755;7;0;2;1;24;1
202100025118;156 756;7;1;0;1;1;1
202100025119;156 753;3;0;2;1;26;1
202100025119;156 754;30;0;2;7;0;1
202100025120;156 752;2;0;0;7;13;3
202100025121;156 750;7;0;2;1;17;1
202100025121;156 751;7;6;2;1;15;1
202100025122;156 749;99;6;0;1;16;1
202100025123;156 747;2;0;2;2;1;1
202100025123;156 748;7;0;2;2;9;1
202100025124;156 746;50;12;0;1;0;3
202100025125;156 744;7;0;2;4;24;1
202100025125;156 745;7;1;0;1;1;1
202100025126;156 743;1;1;0;1;16;5
202100025127;156 741;7;0;2;6;2;2
202100025127;156 742;7;0;2;2;2;1
202100025128;156 739;7;15;2;5;0;1
202100025128;156 740;7;0;0;1;0;1
202100025129;156 738;33;0;0;8;1;1
202100025130;156 736;7;0;2;2;7;1
202100025130;156 737;7;0;2;7;16;1
202100025131;156 734;7;0;2;4;1;1
202100025131;156 735;7;0;2;1;1;1
202100025132;156 733;7;0;1;0;26;0
202100025133;156 732;7;8;0;9;13;1
202100025134;156 730;37;0;2;1;26;1
202100025134;156 731;7;0;2;4;2;1
202100025135;156 728;33;0;2;3;2;1
202100025135;156 729;7;0;2;3;15;0
202100025136;156 726;33;0;2;8;1;1
202100025136;156 727;7;0;2;1;15;1
202100025137;156 724;31;0;2;1;17;1
202100025137;156 725;7;0;2;6;15;1
202100025138;156 722;33;0;2;8;15;1
202100025138;156 723;7;0;2;1;1;1
202100025139;156 720;2;0;2;1;0;1
202100025139;156 721;7;0;2;1;0;1
202100025140;156 718;33;0;2;1;11;1
202100025140;156 719;10;0;2;5;1;1
202100025141;156 716;1;0;2;7;1;5
202100025141;156 717;30;0;2;1;1;1
202100025142;156 714;7;0;2;8;15;0
202100025142;156 715;30;0;2;2;17;3
202100025143;156 713;1;0;1;1;1;5
202100025144;156 712;10;0;1;1;1;1
202100025145;156 710;7;0;2;2;1;1
202100025145;156 711;7;0;2;3;1;1
202100025146;156 708;30;0;2;1;1;1
202100025146;156 709;7;0;2;7;15;1
202100025147;156 706;34;0;2;1;1;1
202100025147;156 707;50;0;2;2;19;3
202100025148;156 704;7;0;2;4;23;1
202100025148;156 705;33;0;2;1;1;1
202100025149;156 702;7;0;2;1;1;1
202100025149;156 703;7;0;2;4;23;1
202100025150;156 700;30;12;2;3;21;3
202100025150;156 701;7;0;2;2;14;1
202100025151;156 698;10;0;2;1;9;1
202100025151;156 699;33;0;2;5;1;1
202100025152;156 696;7;0;2;1;1;2
202100025152;156 697;7;0;2;3;1;1
202100025153;156 694;10;0;1;1;23;1
202100025153;156 695;7;0;2;1;1;1
202100025154;156 692;1;0;2;3;1;0
202100025154;156 693;1;0;2;5;14;0
202100025155;156 690;7;0;2;3;9;1
202100025155;156 691;34;0;2;1;9;1
202100025156;156 688;32;1;2;1;1;1
202100025156;156 689;7;1;2;8;15;1
202100025157;156 686;7;4;2;2;18;1
202100025157;156 687;7;0;2;5;0;1
202100025158;156 684;30;0;2;1;17;1
202100025158;156 685;7;0;2;1;15;1
202100025159;156 683;10;2;0;1;13;1
202100025160;156 681;7;0;0;8;1;1
202100025160;156 682;7;0;2;1;19;1
202100025161;156 679;7;0;2;1;19;1
202100025161;156 680;10;0;2;3;1;1
202100025162;156 677;7;0;1;1;2;1
202100025162;156 678;7;0;1;8;23;1
202100025163;156 676;7;0;1;1;1;1
202100025164;156 675;7;13;0;2;14;1
202100025165;156 673;7;0;0;5;13;1
202100025165;156 674;31;0;0;1;1;1
202100025166;156 671;33;0;2;8;1;1
202100025166;156 672;1;0;2;8;1;5
202100025167;156 669;7;0;2;3;15;1
202100025167;156 670;33;0;2;1;17;1
202100025168;156 668;7;13;0;9;17;1
202100025169;156 665;7;0;2;1;2;1
202100025169;156 666;7;0;0;4;23;1
202100025169;156 667;7;0;2;4;23;1
202100025170;156 664;37;15;0;1;14;1
202100025171;156 663;31;13;0;2;1;1
202100025172;156 661;7;0;2;8;1;1
202100025172;156 662;33;0;2;8;13;1
202100025173;156 660;2;8;0;2;0;1
202100025174;156 659;7;0;0;3;1;1
202100025175;156 657;99;0;2;8;19;1
202100025175;156 658;7;0;2;1;1;1
202100025176;156 656;33;13;0;1;1;1
202100025177;156 655;2;14;0;9;14;1
202100025178;156 653;7;0;2;3;15;1
202100025178;156 654;7;0;2;2;1;1
202100025179;156 651;7;0;2;3;1;1
202100025179;156 652;7;0;2;2;13;1
202100025180;156 649;7;0;2;2;1;1
202100025180;156 650;7;0;2;7;19;1
202100025181;156 648;31;0;0;0;1;1
202100025182;156 647;7;0;1;2;21;1
202100025183;156 646;7;3;0;3;0;1
202100025184;156 645;2;8;0;1;1;1
202100025185;156 643;1;0;2;1;1;5
202100025185;156 644;7;0;2;2;1;1
202100025186;156 642;33;0;0;7;13;1
202100025187;156 640;7;0;2;2;17;1
202100025187;156 641;7;0;2;6;2;1
202100025188;156 637;7;0;2;3;1;1
202100025188;156 638;1;0;0;0;1;5
202100025188;156 639;1;0;2;1;17;5
202100025189;156 635;2;0;2;1;5;1
202100025189;156 636;7;0;2;3;1;1
202100025190;156 634;7;2;0;2;1;1
202100025191;156 633;33;13;0;0;0;1
202100025192;156 632;7;0;0;0;1;1
202100025193;156 630;7;0;2;3;1;1
202100025193;156 631;33;0;2;8;1;1
202100025194;156 628;7;0;2;8;19;1
202100025194;156 629;7;0;2;1;1;1
202100025195;156 627;2;0;0;0;1;1
202100025196;156 625;7;0;9;2;9;1
202100025196;156 626;1;0;2;1;1;5
202100025197;156 623;1;0;2;4;1;5
202100025197;156 624;7;0;9;1;1;1
202100025198;156 621;7;13;2;2;13;1
202100025198;156 622;7;0;2;2;1;1
202100025199;156 620;7;13;0;1;14;1
202100025200;156 619;33;13;0;1;13;1
202100025201;156 617;7;0;2;3;15;1
202100025201;156 618;2;0;2;7;1;1
202100025202;156 616;7;0;0;1;14;1
202100025203;156 614;7;0;2;3;1;1
202100025203;156 615;7;0;2;3;13;1
202100025204;156 611;7;0;2;1;2;1
202100025204;156 612;7;0;9;2;2;1
202100025204;156 613;1;0;2;4;2;5
202100025205;156 610;33;16;0;0;1;1
202100025206;156 607;7;0;2;1;1;1
202100025206;156 608;7;0;2;1;1;1
202100025206;156 609;2;0;2;8;16;1
202100025207;156 605;2;13;0;7;1;1
202100025207;156 606;7;0;0;1;1;1
202100025208;156 604;10;13;0;3;0;1
202100025209;156 603;7;3;0;9;14;1
202100025210;156 602;33;12;0;0;1;1
202100025211;156 600;7;0;2;1;1;1
202100025211;156 601;2;0;2;1;13;1
202100025212;156 596;7;3;0;9;0;1
202100025212;156 597;7;14;0;1;0;1
202100025212;156 598;7;14;0;1;0;1
202100025212;156 599;7;14;0;9;0;1
202100025213;156 594;7;0;2;6;2;1
202100025213;156 595;7;0;2;2;2;1
202100025214;156 593;7;4;0;3;1;1
202100025215;156 592;7;2;0;1;1;1
202100025216;156 591;7;6;0;3;1;1
202100025217;156 588;32;15;0;2;1;1
202100025218;156 586;1;0;2;1;1;5
202100025218;156 587;7;0;2;5;15;1
202100025219;156 584;60;0;2;4;23;5
202100025219;156 585;7;0;2;4;4;1
202100025220;156 582;1;12;2;4;1;5
202100025220;156 583;7;0;2;2;0;1
202100025221;156 581;7;2;0;1;0;0
202100025222;156 579;7;0;0;5;15;1
202100025222;156 580;7;13;2;1;17;1
202100025223;156 577;10;0;2;3;15;1
202100025223;156 578;31;0;2;1;1;1
202100025224;156 573;7;0;2;3;11;1
202100025224;156 574;7;3;2;7;17;1
202100025225;156 572;7;3;0;9;1;1
202100025226;156 569;33;0;2;7;1;1
202100025226;156 570;7;0;2;7;1;1
202100025226;156 571;7;0;2;0;11;0
202100025227;156 567;7;0;2;3;2;1
202100025227;156 568;7;0;2;6;1;1
202100025228;156 566;33;3;0;1;13;1
202100025229;156 564;7;0;2;1;2;1
202100025229;156 565;7;14;2;4;1;1
202100025230;156 563;7;4;0;9;13;1
202100025231;156 560;7;0;2;1;11;1
202100025231;156 561;7;0;2;4;23;1
202100025231;156 562;7;0;2;4;23;1
202100025232;156 556;17;0;2;4;2;1
202100025232;156 557;7;0;2;1;1;1
202100025233;156 555;7;0;0;9;1;1
202100025234;156 553;7;0;2;8;1;1
202100025234;156 554;7;0;2;8;13;1
202100025235;156 551;7;0;2;1;2;1
202100025235;156 552;7;0;2;4;2;2
202100025236;156 547;0;0;2;0;0;0
202100025236;156 548;33;0;2;0;0;1
202100025236;156 549;10;0;2;0;26;1
202100025236;156 550;7;0;2;0;26;1
202100025237;156 545;10;0;2;4;0;1
202100025237;156 546;7;0;2;0;9;1
202100025238;156 543;7;0;2;1;26;1
202100025238;156 544;10;0;2;4;2;1
202100025239;156 542;10;4;0;2;14;1
202100025240;156 540;7;0;2;4;0;1
202100025240;156 541;33;0;2;1;1;1
202100025241;156 537;7;0;2;6;9;1
202100025241;156 538;15;0;2;2;1;1
202100025241;156 539;7;0;2;1;1;1
202100025242;156 535;7;0;2;9;1;1
202100025242;156 536;7;0;2;8;1;1
202100025243;156 532;7;0;2;1;11;1
202100025243;156 533;7;0;2;8;1;1
202100025243;156 534;7;0;2;4;1;1
202100025244;156 530;10;0;2;1;1;1
202100025244;156 531;10;0;2;2;15;1
202100025245;156 528;7;6;0;1;15;1
202100025246;156 527;2;12;0;1;1;1
202100025247;156 525;7;0;2;6;2;1
202100025247;156 526;30;0;2;1;0;1
202100025248;156 524;31;4;0;0;0;0
202100025249;156 523;7;0;1;3;26;1
202100025250;156 521;7;0;2;1;1;1
202100025250;156 522;1;0;2;1;19;5
202100025251;156 519;7;0;2;3;26;1
202100025251;156 520;33;0;2;1;0;1
202100025252;156 518;7;0;1;7;1;1
202100025253;156 517;7;0;1;2;9;1
202100025254;156 515;10;5;2;5;13;1
202100025254;156 516;14;3;2;1;1;1
202100025255;156 513;7;0;2;6;9;1
202100025255;156 514;2;0;2;1;1;1
202100025256;156 511;7;0;2;1;26;0
202100025256;156 512;1;0;2;8;1;5
202100025257;156 507;7;0;2;6;24;1
202100025257;156 508;10;0;2;1;23;1
202100025257;156 509;10;0;2;3;23;1
202100025257;156 510;7;0;2;1;5;1
202100025258;156 506;10;2;0;3;13;1
202100025259;156 504;7;0;2;1;12;1
202100025259;156 505;7;0;2;4;12;3
202100025260;156 502;1;0;2;1;1;5
202100025260;156 503;10;0;2;6;16;1
202100025261;156 501;7;1;0;2;2;0
202100025262;156 499;33;0;2;2;0;1
202100025262;156 500;10;0;2;1;0;1
202100025263;156 497;33;0;2;1;2;1
202100025263;156 498;7;0;2;4;23;1
202100025264;156 495;7;0;2;6;16;1
202100025264;156 496;7;0;2;1;1;1
202100025265;156 493;7;0;2;4;15;0
202100025265;156 494;2;0;2;9;1;0
202100025266;156 492;33;12;0;1;1;1
202100025267;156 489;7;0;2;4;2;1
202100025267;156 490;7;0;2;4;2;1
202100025267;156 491;7;0;2;1;2;1
202100025268;156 487;33;0;2;7;1;1
202100025268;156 488;7;0;2;3;9;1
202100025269;156 485;1;0;2;0;1;5
202100025269;156 486;7;0;2;1;1;1
202100025270;156 484;40;0;1;3;1;3
202100025271;156 482;7;0;2;1;1;1
202100025271;156 483;10;0;2;2;1;1
202100025272;156 481;33;0;0;7;1;1
202100025273;156 478;7;0;2;3;9;1
202100025273;156 479;7;0;2;2;1;1
202100025273;156 480;7;0;2;1;1;1
202100025274;156 476;30;0;2;1;2;1
202100025274;156 477;7;0;2;4;2;0
202100025275;156 474;10;0;2;6;1;1
202100025275;156 475;10;0;2;2;1;1
202100025276;156 472;10;0;2;2;15;1
202100025276;156 473;33;0;2;0;1;0
202100025277;156 471;33;0;9;7;21;1
202100025278;156 470;7;6;0;1;1;1
202100025279;156 468;7;0;9;8;1;1
202100025279;156 469;50;0;2;1;1;3
202100025280;156 467;7;0;1;2;1;1
202100025281;156 465;10;0;2;3;13;1
202100025281;156 466;7;0;2;3;1;1
202100025282;156 464;1;0;0;1;26;5
202100025283;156 463;30;0;0;0;26;1
202100025284;156 462;7;4;0;1;26;1
202100025285;156 461;7;16;0;1;26;1
202100025286;156 460;7;8;0;1;26;1
202100025287;156 458;7;0;2;1;2;1
202100025287;156 459;7;0;2;4;2;1
202100025288;156 457;10;0;1;1;26;3
202100025289;156 456;30;0;0;2;1;1
202100025290;156 454;10;0;2;1;1;1
202100025290;156 455;7;0;2;4;1;1
202100025291;156 450;7;0;2;1;26;1
202100025291;156 451;7;0;2;3;26;1
202100025292;156 449;7;6;0;8;7;1
202100025293;156 447;7;0;2;4;2;1
202100025293;156 448;7;0;2;1;2;1
202100025294;156 446;30;0;0;8;1;1
202100025295;156 445;33;0;0;0;13;1
202100025296;156 443;7;0;2;4;23;1
202100025296;156 444;33;14;0;1;2;1
202100025297;156 442;7;0;1;2;15;1
202100025298;156 440;33;0;2;0;0;1
202100025298;156 441;31;0;2;0;0;0
202100025299;156 437;1;0;2;8;1;5
202100025299;156 438;1;0;2;8;1;5
202100025299;156 439;7;0;2;7;17;1
202100025300;156 435;1;0;2;1;26;5
202100025300;156 436;30;0;2;1;26;1
202100025301;156 433;7;0;2;1;1;1
202100025301;156 434;7;0;2;2;1;1
202100025302;156 431;7;0;2;7;15;1
202100025302;156 432;33;0;2;1;1;1
202100025303;156 430;7;0;1;1;1;1
202100025304;156 428;7;0;2;1;9;1
202100025304;156 429;7;0;2;7;1;1
202100025305;156 426;33;0;2;2;16;1
202100025305;156 427;33;0;2;3;7;1
202100025306;156 424;7;3;2;1;1;1
202100025306;156 425;7;;;;1;
202100025307;156 422;7;0;0;6;1;1
202100025307;156 423;1;0;2;1;19;5
202100025308;156 419;7;0;2;4;1;1
202100025308;156 420;7;0;2;1;1;2
202100025308;156 421;7;0;2;4;16;1
202100025309;156 417;7;0;2;1;16;1
202100025309;156 418;30;0;2;4;16;1
202100025310;156 416;32;0;1;5;1;1
202100025311;156 414;7;0;2;3;1;1
202100025311;156 415;7;0;2;1;15;1
202100025312;156 412;7;0;2;7;15;1
202100025312;156 413;7;0;2;1;1;1
202100025313;156 410;33;0;2;1;1;1
202100025313;156 411;7;0;2;6;6;1
202100025314;156 409;7;0;1;1;26;1
202100025315;156 407;34;0;2;1;1;1
202100025315;156 408;7;0;2;6;26;1
202100025316;156 405;7;0;2;4;1;1
202100025316;156 406;7;0;2;1;2;1
202100025317;156 403;7;0;2;3;1;1
202100025317;156 404;7;5;2;2;14;1
202100025318;156 401;7;0;2;7;13;1
202100025318;156 402;15;0;2;3;1;1
202100025319;156 399;1;0;2;1;1;5
202100025319;156 400;33;0;9;1;1;1
202100025320;156 398;10;0;1;2;1;1
202100025321;156 396;7;0;2;8;16;1
202100025321;156 397;1;0;2;1;19;5
202100025322;156 394;10;0;2;6;15;1
202100025322;156 395;31;0;2;2;1;1
202100025323;156 392;7;0;2;1;1;1
202100025323;156 393;13;0;2;7;12;1
202100025324;156 390;7;0;2;4;2;1
202100025324;156 391;7;0;2;1;2;1
202100025325;156 387;7;0;2;1;2;1
202100025325;156 388;7;0;2;4;2;1
202100025325;156 389;7;0;2;4;2;0
202100025326;156 385;10;0;2;8;11;1
202100025326;156 386;33;0;2;7;1;1
202100025327;156 383;80;0;2;0;1;3
202100025327;156 384;7;0;2;6;22;1
202100025328;156 381;10;0;2;3;18;1
202100025328;156 382;30;0;2;8;1;1
202100025329;156 379;30;0;2;3;17;1
202100025329;156 380;7;0;2;2;15;1
202100025330;156 377;7;0;2;3;1;1
202100025330;156 378;30;0;2;1;5;1
202100025331;156 375;1;0;2;1;1;5
202100025331;156 376;7;0;2;6;1;1
202100025332;156 373;7;0;2;4;2;1
202100025332;156 374;7;0;2;1;2;1
202100025333;156 370;7;0;2;3;13;1
202100025333;156 371;7;0;2;8;2;1
202100025333;156 372;7;0;2;3;2;1
202100025334;156 369;7;4;0;1;13;1
202100025335;156 367;7;0;2;2;16;2
202100025335;156 368;1;0;2;1;1;5
202100025336;156 365;7;0;2;2;15;2
202100025336;156 366;33;0;2;8;1;1
202100025337;156 364;7;9;0;1;14;1
202100025338;156 363;1;0;1;1;21;5
202100025339;156 361;10;0;2;0;0;1
202100025339;156 362;33;0;2;7;1;1
202100025340;156 360;37;12;0;0;26;0
202100025341;156 358;7;0;2;6;23;1
202100025341;156 359;10;0;2;2;12;1
202100025342;156 357;7;0;1;5;1;1
202100025343;156 355;7;0;2;3;1;1
202100025343;156 356;10;0;2;1;19;1
202100025344;156 353;33;0;0;7;1;1
202100025344;156 354;10;0;0;1;9;0
202100025345;156 351;7;0;2;1;1;1
202100025345;156 352;30;0;2;7;1;1
202100025346;156 349;7;0;2;1;1;1
202100025346;156 350;50;0;2;8;15;3
202100025347;156 348;7;3;1;1;5;1
202100025348;156 347;16;13;0;7;1;1
202100025349;156 345;2;0;2;8;1;1
202100025349;156 346;7;0;2;2;19;1
202100025350;156 343;33;0;2;1;1;1
202100025350;156 344;7;0;0;3;20;1
202100025351;156 341;7;0;2;2;1;1
202100025351;156 342;7;0;2;1;13;1
202100025352;156 339;7;0;2;2;1;0
202100025352;156 340;7;0;2;7;11;1
202100025353;156 338;10;3;0;9;1;1
202100025354;156 337;33;13;0;1;0;1
202100025355;156 336;36;2;0;1;1;1
202100025356;156 334;7;0;2;2;16;1
202100025356;156 335;7;0;2;3;1;1
202100025357;156 333;7;13;0;1;0;1
202100025358;156 332;33;13;0;9;1;1
202100025359;156 331;7;7;0;9;0;1
202100025360;156 328;7;0;2;3;2;1
202100025360;156 329;7;0;2;3;1;1
202100025360;156 330;7;0;2;3;13;1
202100025361;156 326;1;0;2;4;1;5
202100025361;156 327;1;0;2;1;2;5
202100025362;156 325;36;2;0;0;2;1
202100025363;156 323;2;1;2;6;24;1
202100025363;156 324;2;1;2;3;20;1
202100025364;156 321;7;0;2;3;13;1
202100025364;156 322;33;0;2;8;1;0
202100025365;156 320;10;8;0;1;1;1
202100025366;156 319;33;13;0;0;1;1
202100025367;156 318;7;0;6;9;21;1
202100025368;156 316;21;0;0;3;15;1
202100025368;156 317;43;0;2;7;17;1
202100025369;156 315;7;0;1;3;1;1
202100025370;156 313;10;0;2;3;1;1
202100025370;156 314;10;8;0;6;15;1
202100025371;156 308;7;0;2;3;9;1
202100025371;156 309;7;0;2;1;1;1
202100025372;156 307;7;2;0;8;1;1
202100025373;156 304;10;0;2;1;13;1
202100025373;156 305;7;0;2;1;15;1
202100025373;156 306;7;0;2;1;1;1
202100025374;156 302;10;0;2;2;1;1
202100025374;156 303;7;0;2;8;19;1
202100025375;156 301;7;2;0;1;13;0
202100025376;156 296;15;0;2;6;1;1
202100025376;156 297;7;14;0;1;1;1
202100025376;156 298;10;0;2;8;1;1
202100025376;156 299;7;0;2;2;2;1
202100025377;156 295;7;6;0;1;0;1
202100025378;156 294;3;13;0;1;1;1
202100025379;156 290;7;0;2;1;2;1
202100025379;156 291;15;0;2;1;2;1
202100025379;156 292;7;0;2;1;1;1
202100025379;156 293;15;0;0;4;1;1
202100025380;156 288;7;0;2;8;15;1
202100025380;156 289;33;0;2;7;15;1
202100025381;156 287;33;0;0;0;13;1
202100025382;156 286;7;13;0;1;1;1
202100025383;156 285;14;0;0;0;0;0
202100025384;156 283;7;0;0;1;5;1
202100025384;156 284;33;0;0;1;1;1
202100025385;156 281;17;0;2;3;2;1
202100025385;156 282;7;0;0;5;2;1
202100025386;156 279;7;0;2;3;1;1
202100025386;156 280;7;0;2;3;1;1
202100025387;156 277;21;0;2;6;1;1
202100025387;156 278;33;0;2;1;1;1
202100025388;156 276;33;13;0;1;2;1
202100025389;156 274;31;0;2;1;1;1
202100025389;156 275;10;0;2;5;15;1
202100025390;156 273;33;7;0;1;1;1
202100025391;156 271;7;0;2;3;9;1
202100025391;156 272;1;0;2;0;1;5
202100025392;156 269;7;0;2;1;1;1
202100025392;156 270;7;7;2;7;1;1
202100025393;156 267;7;13;0;4;2;1
202100025393;156 268;7;9;2;1;2;1
202100025394;156 266;33;6;0;1;1;1
202100025395;156 264;7;0;2;4;2;1
202100025395;156 265;7;0;2;1;2;2
202100025396;156 258;7;0;2;1;1;1
202100025396;156 259;7;0;2;5;5;1
202100025397;156 256;31;0;2;6;1;1
202100025397;156 257;7;0;2;2;17;1
202100025398;156 255;10;0;0;0;20;0
202100025399;156 254;33;4;0;1;1;1
202100025400;156 251;7;3;9;0;0;1
202100025400;156 252;15;0;2;1;2;1
202100025400;156 253;7;0;2;8;2;1
202100025401;156 249;7;0;2;6;4;1
202100025401;156 250;10;0;2;2;1;1
202100025402;156 248;7;13;9;1;9;1
202100025403;156 246;7;0;2;5;2;1
202100025403;156 247;33;0;2;1;2;1
202100025404;156 245;33;3;0;2;26;1
202100025405;156 244;7;0;0;3;1;1
202100025406;156 243;1;0;0;0;26;6
202100025407;156 241;30;0;1;1;26;1
202100025408;156 240;7;0;1;1;1;1
202100025409;156 238;7;0;9;0;0;1
202100025409;156 239;1;0;2;8;1;5
202100025410;156 236;7;0;2;2;16;1
202100025410;156 237;33;0;2;4;23;1
202100025411;156 235;10;0;1;2;1;1
202100025412;156 234;7;0;1;2;1;3
202100025413;156 232;7;0;2;3;1;1
202100025413;156 233;30;0;2;3;17;1
202100025414;156 230;10;0;2;2;9;1
202100025414;156 231;2;0;2;6;9;1
202100025415;156 228;7;0;2;3;15;1
202100025415;156 229;2;0;2;3;26;1