Num_Acc;id_vehicule;categorie_vehicule;obstacle_fixe;obstacle_mobile;point_choc_initial;manoeuvre_principale;motorisation
202100025416;156 226;10;0;2;5;19;1
202100025416;156 227;7;0;2;1;26;1
202100025417;156 225;0;0;1;0;0;0
202100025418;156 223;7;0;2;8;15;1
202100025418;156 224;32;0;2;1;1;1
202100025419;156 222;7;0;1;2;16;1
202100025420;156 220;30;0;2;3;26;1
202100025420;156 221;34;0;2;1;1;1
202100025421;156 218;2;0;2;1;1;1
202100025421;156 219;7;0;2;3;15;1
202100025422;156 217;7;0;1;3;1;1
202100025423;156 216;7;13;0;9;13;1
202100025424;156 215;7;8;0;1;13;1
202100025425;156 213;32;0;0;1;13;1
202100025426;156 211;7;0;2;3;19;1
202100025426;156 212;60;0;2;1;0;5
202100025427;156 210;7;0;1;3;26;1
202100025428;156 208;17;0;2;5;1;1
202100025428;156 209;7;0;2;3;26;1
202100025429;156 206;7;0;0;1;19;1
202100025430;156 205;7;0;1;1;19;1
202100025431;156 204;2;0;0;0;1;1
202100025432;156 203;7;8;0;1;14;1
202100025433;156 201;7;0;2;7;12;1
202100025433;156 202;7;0;2;8;16;1
202100025434;156 199;7;0;2;4;1;1
202100025434;156 200;7;0;2;1;1;1
202100025435;156 197;7;0;2;4;1;1
202100025435;156 198;7;0;2;1;1;1
202100025436;156 196;1;0;1;0;26;5
202100025437;156 194;10;0;2;3;15;1
202100025437;156 195;31;0;2;1;1;1
202100025438;156 191;7;0;2;1;1;1
202100025438;156 192;10;0;2;6;2;0
202100025438;156 193;33;0;2;7;17;1
202100025439;156 190;7;0;1;1;26;1
202100025440;156 189;7;0;1;6;21;1
202100025441;156 187;7;0;2;3;15;1
202100025441;156 188;2;0;2;0;17;1
202100025442;156 186;7;6;0;1;15;1
202100025443;156 184;7;0;2;1;1;1
202100025443;156 185;7;0;2;1;13;1
202100025444;156 182;1;0;2;1;1;5
202100025444;156 183;1;0;2;1;13;5
202100025445;156 181;7;0;1;1;12;1
202100025446;156 180;7;0;1;3;1;1
202100025447;156 178;30;0;2;1;1;1
202100025447;156 179;7;0;2;5;1;1
202100025448;156 177;7;0;1;1;0;2
202100025449;156 175;31;0;2;3;18;1
202100025449;156 176;7;1;2;3;26;1
202100025450;156 174;32;0;0;7;1;1
202100025451;156 172;7;0;2;1;2;1
202100025451;156 173;31;0;0;4;1;1
202100025452;156 170;7;0;2;8;9;1
202100025452;156 171;2;0;2;2;18;1
202100025453;156 168;7;0;2;4;23;1
202100025453;156 169;7;0;2;1;1;1
202100025454;156 166;10;0;2;1;26;1
202100025454;156 167;7;0;9;4;0;1
202100025455;156 164;7;0;2;1;16;1
202100025455;156 165;7;0;2;2;1;1
202100025456;156 163;33;7;0;1;1;1
202100025457;156 161;7;0;2;1;1;1
202100025457;156 162;7;0;2;1;1;1
202100025458;156 159;7;0;2;4;23;1
202100025458;156 160;2;0;2;1;2;1
202100025459;156 157;7;0;2;2;2;1
202100025459;156 158;33;0;2;3;2;1
202100025460;156 156;7;0;1;1;1;1
202100025461;156 154;7;0;0;4;2;1
202100025461;156 155;7;0;2;1;2;1
202100025462;156 152;32;0;2;5;15;1
202100025462;156 153;10;0;2;1;16;1
202100025463;156 149;7;0;2;1;2;1
202100025463;156 150;7;0;2;4;2;1
202100025463;156 151;7;0;0;4;2;1
202100025464;156 147;7;0;2;3;15;1
202100025464;156 148;33;0;2;1;17;1
202100025465;156 146;7;13;0;1;5;1
202100025466;156 144;50;0;2;1;1;3
202100025466;156 145;7;0;9;1;1;1
202100025467;156 143;7;0;1;1;1;1
202100025468;156 142;7;0;1;1;1;1
202100025469;156 140;7;0;2;3;15;0
202100025469;156 141;50;0;2;1;0;3
202100025470;156 139;33;0;0;8;1;1
202100025471;156 137;7;6;2;2;13;1
202100025471;156 138;10;0;2;2;1;1
202100025472;156 135;1;0;2;8;5;5
202100025472;156 136;7;0;2;0;1;1
202100025473;156 134;3;1;0;2;14;1
202100025474;156 132;10;0;2;7;1;1
202100025474;156 133;2;0;2;1;19;1
202100025475;156 130;7;0;2;2;14;1
202100025475;156 131;1;0;2;4;1;0
202100025476;156 128;7;0;1;4;2;1
202100025476;156 129;7;0;2;1;2;1
202100025477;156 126;10;0;2;5;17;1
202100025477;156 127;30;0;2;8;3;1
202100025478;156 124;34;0;2;1;1;1
202100025478;156 125;10;0;2;2;1;1
202100025479;156 122;10;0;2;5;12;1
202100025479;156 123;2;0;2;1;1;1
202100025480;156 120;10;0;2;5;1;1
202100025480;156 121;33;0;2;5;23;1
202100025481;156 119;50;0;1;1;1;3
202100025482;156 117;7;0;2;5;14;1
202100025482;156 118;30;0;2;6;1;1
202100025483;156 115;37;0;2;2;7;1
202100025483;156 116;10;0;2;3;15;1
202100025484;156 113;1;0;2;8;1;5
202100025484;156 114;10;0;2;8;22;1
202100025485;156 112;30;0;0;0;21;1
202100025486;156 109;7;0;2;1;1;1
202100025486;156 110;7;0;2;4;23;1
202100025486;156 111;31;0;2;4;23;1
202100025487;156 107;7;0;2;2;15;1
202100025487;156 108;32;0;2;1;1;1
202100025488;156 105;7;0;2;1;1;1
202100025488;156 106;10;0;2;2;15;1
202100025489;156 103;32;0;2;8;1;1
202100025489;156 104;7;0;2;2;16;1
202100025490;156 101;10;0;2;4;23;1
202100025490;156 102;7;0;2;1;2;1
202100025491;156 099;50;0;2;8;15;3
202100025491;156 100;37;0;2;3;1;1
202100025492;156 098;7;0;1;3;1;1
202100025493;156 096;10;0;2;2;16;1
202100025493;156 097;34;0;2;3;1;1
202100025494;156 094;7;0;2;2;1;1
202100025494;156 095;7;0;2;3;17;1
202100025495;156 092;30;14;2;2;17;1
202100025495;156 093;7;14;2;8;10;1
202100025496;156 090;10;0;2;1;1;1
202100025496;156 091;7;0;2;8;10;1
202100025497;156 088;7;0;2;3;15;1
202100025497;156 089;33;0;2;1;2;1
202100025498;156 086;7;0;2;5;15;1
202100025498;156 087;43;0;2;3;1;1
202100025499;156 084;10;0;2;1;1;1
202100025499;156 085;7;0;2;3;1;2
202100025500;156 082;50;0;2;6;2;3
202100025500;156 083;7;0;9;2;2;2
202100025501;156 081;14;0;1;7;16;1
202100025502;156 080;7;1;0;2;14;0
202100025503;156 079;7;0;1;2;1;1
202100025504;156 078;7;6;0;7;26;1
202100025505;156 076;7;13;0;8;1;1
202100025505;156 077;10;13;2;1;19;1
202100025506;156 075;1;0;0;0;1;6
202100025507;156 073;7;0;2;1;19;1
202100025507;156 074;2;0;2;3;1;1
202100025508;156 072;33;0;0;7;2;1
202100025509;156 070;7;0;2;7;1;1
202100025509;156 071;17;0;2;6;1;1
202100025510;156 069;7;2;0;2;14;1
202100025511;156 068;7;15;9;2;1;1
202100025512;156 067;7;10;0;2;2;1
202100025513;156 065;7;0;2;1;1;1
202100025513;156 066;7;0;0;4;1;1
202100025514;156 063;7;1;0;2;17;1
202100025514;156 064;10;0;0;6;23;1
202100025515;156 061;7;0;2;1;13;1
202100025515;156 062;17;0;2;3;1;1
202100025516;156 060;2;0;1;1;17;1
202100025517;156 058;7;0;2;2;1;1
202100025517;156 059;7;0;2;3;9;1
202100025518;156 057;7;2;0;1;1;1
202100025519;156 055;33;0;2;1;1;1
202100025519;156 056;7;0;2;2;19;1
202100025520;156 053;2;0;2;3;1;1
202100025520;156 054;21;0;2;3;1;1
202100025521;156 051;7;0;2;0;17;1
202100025521;156 052;33;0;0;9;17;1
202100025522;156 048;7;0;2;8;2;1
202100025522;156 049;7;0;2;8;1;1
202100025522;156 050;7;0;2;7;15;1
202100025523;156 047;7;15;0;9;1;1
202100025524;156 045;7;0;2;2;1;1
202100025524;156 046;10;3;2;3;1;1
202100025525;156 043;16;0;2;8;15;1
202100025525;156 044;10;0;2;1;17;1
202100025526;156 041;7;0;2;0;1;1
202100025526;156 042;7;0;2;3;13;1
202100025527;156 039;7;0;2;3;24;1
202100025527;156 040;33;1;0;1;1;1
202100025528;156 037;7;0;9;1;1;1
202100025528;156 038;80;0;2;2;1;3
202100025529;156 036;32;0;0;7;16;1
202100025530;156 035;33;0;0;1;0;1
202100025531;156 034;7;13;0;1;21;1
202100025532;156 033;1;0;0;0;1;5
202100025533;156 032;33;15;0;2;1;1
202100025534;156 031;7;13;0;1;1;1
202100025535;156 030;14;6;0;1;21;1
202100025536;156 028;7;0;0;7;13;1
202100025536;156 029;7;0;2;2;1;1
202100025537;156 026;7;7;2;1;1;1
202100025537;156 027;10;0;2;7;9;1
202100025538;156 024;2;0;2;1;1;1
202100025538;156 025;7;0;2;8;9;1
202100025539;156 022;1;8;0;4;19;5
202100025539;156 023;7;0;9;2;0;1
202100025540;156 020;10;0;2;1;2;1
202100025540;156 021;7;3;0;4;2;1
202100025541;156 019;33;3;0;7;1;1
202100025542;156 017;7;0;2;2;12;1
202100025542;156 018;7;0;2;6;1;1
202100025543;156 016;17;2;0;1;1;1
202100025544;156 014;7;0;2;3;13;1
202100025544;156 015;14;0;2;3;14;1
202100025545;156 012;7;0;2;1;1;1
202100025545;156 013;7;0;2;1;13;1
202100025546;156 009;10;0;9;2;15;0
202100025546;156 010;1;0;2;1;0;5
202100025546;156 011;1;0;2;1;1;5
202100025547;156 008;33;0;0;0;0;1
202100025548;156 007;32;0;0;8;1;1
202100025549;156 005;7;0;2;3;15;1
202100025549;156 006;33;0;2;8;1;1
202100025550;156 004;7;0;1;2;17;1
202100025551;156 003;1;0;0;0;17;5
202100025552;156 000;7;9;0;1;21;1
202100025553;155 999;7;6;0;3;14;1
202100025554;155 997;33;0;2;1;1;1
202100025554;155 998;7;0;2;1;15;1
202100025555;155 995;7;0;2;2;15;1
202100025555;155 996;33;0;2;1;16;1
202100025556;155 993;33;0;0;7;17;1
202100025556;155 994;7;0;0;3;15;1
202100025557;155 992;2;0;0;0;0;1
202100025558;155 989;1;0;0;1;19;5
202100025558;155 990;7;0;0;8;1;1
202100025559;155 987;33;0;2;0;21;1
202100025559;155 988;7;0;2;5;1;1
202100025560;155 986;7;4;0;3;14;1
202100025561;155 984;7;0;2;4;1;1
202100025561;155 985;7;0;2;1;2;1
202100025562;155 982;7;0;2;4;21;2
202100025562;155 983;7;0;2;4;1;1
202100025563;155 979;17;0;2;9;2;1
202100025563;155 980;7;0;2;5;2;1
202100025563;155 981;7;0;2;6;13;1
202100025564;155 977;33;0;2;3;3;1
202100025564;155 978;7;0;2;5;12;1
202100025565;155 975;7;0;2;4;2;1
202100025565;155 976;33;0;2;1;2;1
202100025566;155 972;14;0;2;4;2;1
202100025566;155 973;14;0;2;3;2;1
202100025566;155 974;7;0;2;2;2;1
202100025567;155 970;7;0;2;0;0;0
202100025567;155 971;7;0;2;0;0;0
202100025568;155 969;7;0;2;9;1;1
202100025569;155 968;7;0;1;3;1;1
202100025570;155 966;1;0;2;4;1;5
202100025570;155 967;7;0;2;1;2;1
202100025571;155 965;7;0;1;2;1;1
202100025572;155 964;7;0;1;2;14;1
202100025573;155 962;7;0;2;3;13;1
202100025573;155 963;7;8;2;3;1;1
202100025574;155 960;2;0;2;8;3;1
202100025574;155 961;7;0;2;6;1;1
202100025575;155 958;7;0;2;8;9;1
202100025575;155 959;7;0;2;3;1;1
202100025576;155 957;7;0;1;1;19;1
202100025577;155 955;7;0;2;8;1;1
202100025577;155 956;14;0;2;2;14;1
202100025578;155 953;7;0;2;8;1;1
202100025578;155 954;15;0;2;5;12;1
202100025579;155 952;7;0;1;2;1;1
202100025580;155 951;7;0;1;1;15;1
202100025581;155 950;7;3;0;1;26;1
202100025582;155 949;7;8;0;1;1;1
202100025583;155 947;7;0;2;7;1;1
202100025583;155 948;30;0;2;8;13;1
202100025584;155 946;34;6;0;1;0;1
202100025585;155 944;7;0;2;8;9;1
202100025585;155 945;33;0;2;1;3;1
202100025586;155 943;32;0;1;1;9;1
202100025587;155 942;7;0;2;8;2;1
202100025588;155 941;7;4;0;1;1;1
202100025589;155 939;7;0;2;1;1;1
202100025589;155 940;33;0;2;8;16;1
202100025590;155 938;1;0;0;7;1;5
202100025591;155 935;7;0;2;1;23;1
202100025591;155 936;7;0;2;2;15;1
202100025591;155 937;7;0;2;1;1;1
202100025592;155 933;7;0;2;3;1;1
202100025592;155 934;7;0;2;3;1;1
202100025593;155 932;7;2;0;1;14;1
202100025594;155 931;7;0;1;1;9;0
202100025595;155 930;43;3;0;2;14;1
202100025596;155 929;7;9;0;0;14;1
202100025597;155 927;1;0;2;3;1;5
202100025597;155 928;7;0;2;1;15;2
202100025598;155 926;7;0;1;2;1;1
202100025599;155 924;30;0;2;1;1;1
202100025599;155 925;7;0;2;2;15;1
202100025600;155 923;10;8;0;1;1;1
202100025601;155 922;33;16;0;0;15;1
202100025602;155 920;7;0;2;2;19;1
202100025602;155 921;30;0;2;1;18;1
202100025603;155 918;2;0;2;3;1;1
202100025603;155 919;7;0;2;7;16;1
202100025604;155 917;7;8;0;1;1;0
202100025605;155 916;3;1;0;1;13;1
202100025606;155 914;7;0;2;1;15;1
202100025606;155 915;1;0;2;8;19;0
202100025607;155 913;30;12;0;8;13;1
202100025608;155 912;7;12;0;1;15;1
202100025609;155 910;32;0;2;5;18;1
202100025609;155 911;7;0;2;5;1;1
202100025610;155 908;7;0;2;0;15;1
202100025610;155 909;30;0;2;0;1;1
202100025611;155 906;2;0;2;3;1;1
202100025611;155 907;7;0;2;2;16;1
202100025612;155 904;7;0;0;0;26;1
202100025612;155 905;2;14;0;0;1;1
202100025613;155 902;7;1;0;1;1;1
202100025613;155 903;7;0;2;6;24;2
202100025614;155 898;7;0;2;3;22;1
202100025614;155 899;1;1;0;7;1;5
202100025615;155 897;7;0;0;9;26;1
202100025616;155 895;15;0;2;4;2;1
202100025616;155 896;10;0;2;1;2;1
202100025617;155 893;2;0;2;1;0;1
202100025617;155 894;7;0;2;4;16;1
202100025618;155 891;30;0;2;1;1;1
202100025618;155 892;7;0;2;6;0;1
202100025619;155 889;7;0;2;2;19;1
202100025619;155 890;7;0;2;1;1;1
202100025620;155 887;7;0;2;8;15;1
202100025620;155 888;10;0;2;1;1;1
202100025621;155 886;7;0;1;2;11;0
202100025622;155 885;7;0;1;8;1;1
202100025623;155 883;2;0;2;8;1;1
202100025623;155 884;7;0;2;7;16;1
202100025624;155 882;7;15;0;1;21;1
202100025625;155 880;10;0;2;8;1;1
202100025625;155 881;33;0;2;7;15;1
202100025626;155 878;32;0;2;7;12;1
202100025626;155 879;33;0;2;8;3;1
202100025627;155 877;33;0;0;7;14;1
202100025628;155 875;10;0;2;6;23;1
202100025628;155 876;7;1;2;2;1;1
202100025629;155 873;7;0;2;2;1;2
202100025629;155 874;30;0;2;6;3;1
202100025630;155 872;7;0;1;2;1;1
202100025631;155 870;10;0;2;1;2;1
202100025631;155 871;10;0;9;4;1;1
202100025632;155 868;30;0;2;1;17;1
202100025632;155 869;7;0;2;6;15;1
202100025633;155 867;7;0;1;1;1;0
202100025634;155 865;34;0;2;0;0;1
202100025634;155 866;7;0;2;7;19;1
202100025635;155 863;33;0;2;1;1;1
202100025635;155 864;7;0;2;6;19;1
202100025636;155 861;7;0;9;6;23;1
202100025636;155 862;33;0;2;1;7;1
202100025637;155 859;7;0;2;6;15;1
202100025637;155 860;31;0;2;1;1;1
202100025638;155 857;40;0;2;1;1;3
202100025638;155 858;7;0;4;7;15;1
202100025639;155 855;7;0;2;0;0;1
202100025639;155 856;2;0;2;1;1;1
202100025640;155 853;7;0;1;1;11;1
202100025641;155 851;7;0;2;7;15;1
202100025641;155 852;33;0;2;1;2;1
202100025642;155 849;30;0;2;1;1;0
202100025642;155 850;30;0;2;1;1;0
202100025643;155 847;7;0;2;3;1;1
202100025643;155 848;7;0;2;1;15;1
202100025644;155 845;3;0;2;1;9;1
202100025644;155 846;50;0;2;2;2;3
202100025645;155 843;2;1;2;4;1;1
202100025645;155 844;7;0;2;1;1;1
202100025646;155 841;10;0;2;2;15;1
202100025646;155 842;32;0;2;1;1;1
202100025647;155 840;2;6;0;1;0;1
202100025648;155 838;10;0;2;3;1;1
202100025648;155 839;7;0;2;3;1;1
202100025649;155 835;7;0;2;3;1;1
202100025649;155 836;7;0;2;1;1;1
202100025649;155 837;7;0;2;1;1;1
202100025650;155 833;7;0;2;1;13;1
202100025650;155 834;7;0;2;1;1;1
202100025651;155 831;7;0;2;3;13;1
202100025651;155 832;33;0;2;1;1;1
202100025652;155 829;7;0;2;3;10;1
202100025652;155 830;33;0;2;1;17;1
202100025653;155 828;7;4;0;0;0;1
202100025654;155 825;10;0;2;1;2;1
202100025654;155 826;7;0;2;4;2;1
202100025654;155 827;7;0;0;4;2;1
202100025655;155 823;7;0;2;3;1;1
202100025655;155 824;7;0;2;1;15;2
202100025656;155 819;7;0;0;0;16;1
202100025656;155 820;7;0;2;6;2;1
202100025656;155 821;7;0;2;3;5;1
202100025656;155 822;33;0;2;1;2;1
202100025657;155 817;7;0;2;3;15;0
202100025657;155 818;30;0;2;1;1;1
202100025658;155 816;1;0;0;0;1;5
202100025659;155 814;1;0;2;0;1;5
202100025659;155 815;7;0;2;0;18;1
202100025660;155 812;7;0;2;8;16;1
202100025660;155 813;7;0;2;3;13;1
202100025661;155 810;7;0;2;1;15;1
202100025661;155 811;7;0;2;1;1;1
202100025662;155 809;7;2;0;2;1;1
202100025663;155 807;7;0;2;1;1;1
202100025663;155 808;7;0;2;3;19;1
202100025664;155 804;33;15;0;8;13;1
202100025665;155 803;33;3;0;3;1;1
202100025666;155 801;1;0;2;7;1;5
202100025666;155 802;10;0;2;8;15;0
202100025667;155 799;15;0;2;3;15;1
202100025667;155 800;7;0;2;2;1;1
202100025668;155 798;7;2;0;2;1;1
202100025669;155 796;7;0;2;1;17;1
202100025669;155 797;7;0;0;6;15;1
202100025670;155 794;7;0;2;1;1;1
202100025670;155 795;7;0;2;1;13;1
202100025671;155 792;7;0;0;7;15;1
202100025671;155 793;7;0;2;1;1;1
202100025672;155 791;10;2;0;3;16;1
202100025673;155 788;0;0;0;2;2;0
202100025673;155 789;2;0;2;4;2;1
202100025674;155 787;33;0;0;7;1;1
202100025675;155 786;7;0;1;2;1;1
202100025676;155 785;7;0;1;2;2;1
202100025677;155 784;7;10;0;1;1;1
202100025678;155 783;33;15;0;1;17;1
202100025679;155 782;43;4;0;3;13;1
202100025680;155 781;10;3;0;7;1;1
202100025681;155 779;7;0;2;5;0;0
202100025681;155 780;7;0;2;1;0;1
202100025682;155 778;10;2;0;1;1;1
202100025683;155 776;10;0;0;0;15;1
202100025683;155 777;1;0;0;0;1;5
202100025684;155 774;7;0;2;1;1;1
202100025684;155 775;7;3;2;7;13;1
202100025685;155 773;10;2;0;2;1;1
202100025686;155 771;17;0;0;4;23;1
202100025686;155 772;17;0;0;1;2;1
202100025687;155 769;7;0;4;3;15;1
202100025687;155 770;39;0;2;2;1;1
202100025688;155 768;7;2;0;1;1;1
202100025689;155 766;33;12;2;0;9;1
202100025689;155 767;7;0;2;3;9;1
202100025690;155 764;2;0;2;2;1;1
202100025690;155 765;7;0;2;3;9;1
202100025691;155 763;7;13;0;1;6;1
202100025692;155 761;7;0;2;3;1;1
202100025692;155 762;7;0;2;1;1;1
202100025693;155 760;2;9;0;3;14;1
202100025694;155 759;7;13;0;1;1;1
202100025695;155 756;7;0;2;6;1;1
202100025695;155 757;34;0;2;4;3;1
202100025695;155 758;7;0;2;1;14;0
202100025696;155 754;7;0;2;1;3;1
202100025696;155 755;7;0;0;4;1;1
202100025697;155 751;7;0;2;4;2;1
202100025697;155 752;17;0;2;4;2;1
202100025697;155 753;7;0;2;1;1;1
202100025698;155 749;10;0;2;8;1;1
202100025698;155 750;14;0;2;7;12;1
202100025699;155 748;7;3;0;3;1;1
202100025700;155 747;33;0;0;7;16;1
202100025701;155 746;7;3;0;2;26;1
202100025702;155 744;15;0;2;4;1;1
202100025702;155 745;7;0;2;1;1;1
202100025703;155 741;7;0;2;3;1;1
202100025703;155 742;10;0;2;3;16;1
202100025704;155 739;37;0;2;3;1;1
202100025704;155 740;7;0;2;1;0;3
202100025705;155 737;10;0;2;7;17;1
202100025705;155 738;33;0;2;6;17;1
202100025706;155 736;2;0;1;1;1;1
202100025707;155 733;7;0;2;7;15;1
202100025707;155 734;7;0;2;1;1;1
202100025708;155 731;7;0;2;3;15;1
202100025708;155 732;31;0;2;8;1;1
202100025709;155 729;7;0;2;1;1;1
202100025709;155 730;7;0;2;4;10;1
202100025710;155 727;7;0;2;4;2;1
202100025710;155 728;7;0;2;1;1;1
202100025711;155 726;30;0;0;7;26;1
202100025712;155 724;2;0;2;1;2;1
202100025712;155 725;7;0;2;4;2;1
202100025713;155 722;7;0;2;6;15;1
202100025713;155 723;10;0;2;6;15;1
202100025714;155 720;7;0;2;4;2;1
202100025714;155 721;7;0;2;1;2;1
202100025715;155 719;31;0;1;1;1;1
202100025716;155 717;31;1;0;1;2;1
202100025716;155 718;7;1;0;4;23;1
202100025717;155 716;7;0;0;1;1;1
202100025718;155 714;33;0;2;1;17;1
202100025718;155 715;7;0;2;1;15;1
202100025719;155 713;7;0;1;3;16;1
202100025720;155 712;7;1;0;2;1;1
202100025721;155 710;33;0;2;1;1;1
202100025721;155 711;7;0;2;6;19;1
202100025722;155 707;7;0;2;1;0;1
202100025722;155 708;7;0;2;1;13;1
202100025723;155 705;10;0;2;7;15;1
202100025723;155 706;1;0;2;1;1;5
202100025724;155 703;7;0;1;3;1;1
202100025724;155 704;7;0;1;3;1;1
202100025725;155 702;40;0;1;2;1;3
202100025726;155 699;7;0;2;4;1;1
202100025726;155 700;10;0;2;5;1;1
202100025726;155 701;7;0;2;1;1;1
202100025727;155 697;10;0;2;2;1;1
202100025727;155 698;7;0;2;3;9;3
202100025728;155 694;7;0;2;1;1;1
202100025728;155 695;7;0;2;1;13;1
202100025728;155 696;10;0;2;1;1;1
202100025729;155 692;7;0;2;1;1;1
202100025729;155 693;10;0;2;1;11;1
202100025730;155 690;7;0;2;4;1;1
202100025730;155 691;7;0;2;1;2;1
202100025731;155 689;33;3;0;2;14;1
202100025732;155 687;7;0;2;8;9;1
202100025732;155 688;33;0;2;1;1;1
202100025733;155 686;7;0;1;1;1;1
202100025734;155 684;7;8;2;8;15;1
202100025734;155 685;7;14;2;0;0;1
202100025735;155 682;7;0;2;1;2;1
202100025735;155 683;7;0;2;2;15;1
202100025736;155 680;7;0;2;1;26;1
202100025736;155 681;7;0;2;4;26;1
202100025737;155 679;7;15;0;1;14;1
202100025738;155 677;7;0;2;0;0;1
202100025738;155 678;7;4;2;7;1;1
202100025739;155 675;7;13;0;2;16;1
202100025739;155 676;33;0;2;1;21;1
202100025740;155 674;7;0;1;1;15;1
202100025741;155 672;7;0;2;2;1;1
202100025741;155 673;7;0;2;3;19;1
202100025742;155 670;7;0;2;1;2;1
202100025742;155 671;7;0;2;4;2;1
202100025743;155 668;80;0;2;1;1;3
202100025743;155 669;7;0;2;0;9;1
202100025744;155 666;7;0;2;2;9;1
202100025744;155 667;33;0;2;1;17;1
202100025745;155 664;7;0;2;3;1;1
202100025745;155 665;34;0;2;1;16;1
202100025746;155 662;10;0;2;5;0;1
202100025746;155 663;15;0;2;3;0;1
202100025747;155 660;7;0;2;1;1;1
202100025747;155 661;7;1;2;7;1;1
202100025748;155 659;33;14;0;1;7;1
202100025749;155 658;7;0;1;2;14;0
202100025750;155 656;7;0;2;2;17;1
202100025750;155 657;7;0;2;2;1;1
202100025751;155 653;7;0;2;8;1;1
202100025751;155 654;34;0;2;1;1;1
202100025751;155 655;7;0;2;5;15;1
202100025752;155 652;7;0;1;1;1;1
202100025753;155 651;7;0;1;1;1;2
202100025754;155 648;7;0;2;3;1;1
202100025754;155 649;7;0;2;1;1;1
202100025754;155 650;33;0;2;1;17;1
202100025755;155 647;40;0;1;3;1;0
202100025756;155 645;31;0;2;3;0;1
202100025756;155 646;7;0;2;3;15;1
202100025757;155 643;7;0;2;0;9;1
202100025757;155 644;7;0;2;6;1;1
202100025758;155 641;7;0;2;1;15;1
202100025758;155 642;2;0;2;2;1;1
202100025759;155 640;7;2;0;2;1;1
202100025760;155 639;99;15;0;0;0;1
202100025761;155 637;33;0;2;1;2;1
202100025761;155 638;7;0;2;5;2;1
202100025762;155 636;7;0;1;1;15;1
202100025763;155 635;32;0;0;2;9;1
202100025764;155 633;1;0;2;1;1;5
202100025764;155 634;7;0;2;2;16;1
202100025765;155 631;7;0;2;4;23;1
202100025765;155 632;1;0;2;1;2;5
202100025766;155 629;7;0;2;6;2;1
202100025766;155 630;17;0;2;2;12;1
202100025767;155 627;30;0;2;1;1;1
202100025767;155 628;7;0;2;2;15;1
202100025768;155 626;7;0;1;7;1;2
202100025769;155 624;7;0;2;1;15;1
202100025769;155 625;2;0;2;2;1;1
202100025770;155 622;10;0;2;3;22;1
202100025770;155 623;1;0;2;1;1;5
202100025771;155 621;7;1;0;1;13;1
202100025772;155 620;50;15;0;1;14;3
202100025773;155 618;7;0;2;3;22;1
202100025773;155 619;1;0;2;2;1;5
202100025774;155 617;7;0;1;2;1;1
202100025775;155 615;7;0;2;7;2;1
202100025775;155 616;33;0;2;8;2;1
202100025776;155 614;3;0;0;9;16;1
202100025777;155 612;1;1;0;7;1;0
202100025777;155 613;7;0;9;3;22;0
202100025778;155 611;7;9;0;1;2;0
202100025779;155 609;7;0;2;3;1;2
202100025779;155 610;7;0;2;7;16;1
202100025780;155 607;7;0;2;1;1;1
202100025780;155 608;7;0;2;4;1;3
202100025781;155 606;7;0;1;3;1;1
202100025782;155 604;7;12;2;3;16;1
202100025782;155 605;7;8;9;1;9;1
202100025783;155 603;7;0;1;2;1;1
202100025784;155 602;7;1;2;2;21;1
202100025785;155 600;33;0;2;1;1;1
202100025785;155 601;7;0;2;2;10;1
202100025786;155 598;7;0;9;6;26;1
202100025786;155 599;2;0;2;4;26;1
202100025787;155 597;99;1;0;2;26;1
202100025788;155 596;10;0;1;7;1;1
202100025789;155 594;33;0;2;3;1;1
202100025789;155 595;7;0;2;2;16;1
202100025790;155 592;7;0;2;6;11;1
202100025790;155 593;32;0;2;1;1;1
202100025791;155 589;7;0;1;1;1;1
202100025792;155 588;7;10;0;1;1;1
202100025793;155 587;7;0;1;1;16;1
202100025794;155 585;10;0;2;3;9;1
202100025794;155 586;33;0;2;7;0;1
202100025795;155 583;13;0;0;6;1;1
202100025795;155 584;7;0;2;2;14;1
202100025796;155 582;7;13;0;1;1;1
202100025797;155 580;7;0;2;6;13;1
202100025797;155 581;33;0;2;2;17;1
202100025798;155 578;7;0;2;1;1;1
202100025798;155 579;7;0;2;1;15;1
202100025799;155 574;33;0;2;1;17;1
202100025799;155 575;7;0;2;3;15;1
202100025800;155 572;7;0;2;1;13;1
202100025800;155 573;15;0;2;1;1;1
202100025801;155 571;7;2;0;2;1;1
202100025802;155 569;7;0;2;2;1;1
202100025802;155 570;33;0;0;4;2;1
202100025803;155 567;7;0;2;3;15;1
202100025803;155 568;31;0;2;1;17;1
202100025804;155 566;2;0;0;0;17;1
202100025805;155 564;7;0;2;1;1;1
202100025805;155 565;7;0;2;8;15;1
202100025806;155 563;2;8;0;2;14;1
202100025807;155 561;30;0;2;8;9;1
202100025807;155 562;7;0;2;1;1;1
202100025808;155 559;7;0;2;6;1;1
202100025808;155 560;7;8;2;3;1;1
202100025809;155 557;10;0;9;2;1;1
202100025809;155 558;1;0;2;3;15;0
202100025810;155 555;7;0;2;7;13;1
202100025810;155 556;7;0;2;1;26;1
202100025811;155 554;33;8;0;1;2;1
202100025812;155 553;32;12;0;2;0;1
202100025813;155 552;7;15;0;3;1;1
202100025814;155 550;3;0;2;4;2;1
202100025814;155 551;7;0;2;1;2;1
202100025815;155 548;33;0;2;1;1;1
202100025815;155 549;7;0;2;7;15;1
202100025816;155 546;10;0;2;4;4;1
202100025816;155 547;33;0;2;1;23;1
202100025817;155 544;2;0;2;1;2;1
202100025817;155 545;10;0;0;6;1;1
202100025818;155 542;15;0;2;3;1;1
202100025818;155 543;15;0;2;3;13;1
202100025819;155 539;7;0;2;1;2;1
202100025819;155 540;7;0;2;1;2;1
202100025819;155 541;7;0;2;4;1;1