Num_Acc;id_vehicule;categorie_vehicule;obstacle_fixe;obstacle_mobile;point_choc_initial;manoeuvre_principale;motorisation
202100025820;155 537;7;0;0;5;2;1
202100025820;155 538;33;0;2;1;2;1
202100025821;155 534;7;0;2;1;1;1
202100025821;155 535;17;3;2;1;6;1
202100025821;155 536;7;16;0;0;1;1
202100025822;155 533;7;3;0;1;0;1
202100025823;155 531;50;0;2;1;0;3
202100025823;155 532;7;0;9;6;0;1
202100025824;155 530;7;3;0;3;0;1
202100025825;155 528;31;0;2;1;0;1
202100025825;155 529;7;0;2;1;15;1
202100025826;155 526;7;0;2;1;1;1
202100025826;155 527;7;0;2;1;13;1
202100025827;155 525;7;4;0;1;1;1
202100025828;155 524;7;2;0;1;1;1
202100025829;155 523;7;15;0;3;1;1
202100025830;155 522;33;0;0;0;1;1
202100025831;155 520;7;0;2;7;13;1
202100025831;155 521;10;0;2;8;1;1
202100025832;155 518;10;0;2;3;1;0
202100025832;155 519;7;0;2;8;15;1
202100025833;155 516;7;0;2;2;15;1
202100025833;155 517;2;0;2;8;1;1
202100025834;155 514;7;0;0;6;24;1
202100025834;155 515;2;1;0;1;1;1
202100025835;155 512;7;0;2;4;9;1
202100025835;155 513;80;0;2;2;19;3
202100025836;155 507;14;0;2;1;1;1
202100025836;155 508;14;0;2;1;1;1
202100025836;155 509;7;0;2;4;23;1
202100025836;155 510;7;0;2;4;23;1
202100025836;155 511;7;0;2;4;15;1
202100025837;155 506;7;2;0;3;1;1
202100025838;155 504;7;0;2;1;2;1
202100025838;155 505;7;0;2;1;13;1
202100025839;155 500;7;0;2;4;2;1
202100025839;155 501;10;0;2;1;2;1
202100025840;155 497;7;0;2;1;2;1
202100025840;155 498;7;0;2;4;2;1
202100025840;155 499;7;0;2;4;2;1
202100025841;155 495;7;0;2;6;1;1
202100025841;155 496;10;0;2;2;11;1
202100025842;155 494;7;2;0;1;14;1
202100025843;155 492;7;0;2;8;1;1
202100025843;155 493;7;0;2;2;14;1
202100025844;155 490;7;0;2;8;1;1
202100025844;155 491;17;0;2;2;12;1
202100025845;155 488;7;0;2;1;2;0
202100025845;155 489;7;0;2;5;2;1
202100025846;155 486;15;0;2;1;2;1
202100025846;155 487;7;0;2;6;2;1
202100025847;155 484;17;0;2;2;0;1
202100025847;155 485;7;0;2;3;0;1
202100025848;155 483;15;0;0;0;26;1
202100025849;155 481;43;0;2;1;0;1
202100025849;155 482;7;0;2;0;0;0
202100025850;155 479;7;14;0;2;1;1
202100025850;155 480;7;0;0;1;26;1
202100025851;155 478;7;4;0;1;1;1
202100025852;155 477;10;4;0;7;1;1
202100025853;155 475;7;0;2;2;2;1
202100025853;155 476;7;0;2;6;2;1
202100025854;155 469;10;0;2;4;2;3
202100025854;155 470;7;0;2;4;2;1
202100025854;155 471;7;0;2;4;2;1
202100025854;155 472;38;0;2;1;2;1
202100025854;155 473;7;0;2;4;2;2
202100025854;155 474;7;0;2;4;2;1
202100025855;155 468;7;0;1;2;1;1
202100025856;155 467;36;0;0;0;0;1
202100025857;155 465;33;0;0;4;23;1
202100025857;155 466;7;0;2;1;1;1
202100025858;155 464;7;0;0;9;16;1
202100025859;155 463;7;0;1;3;0;1
202100025860;155 460;7;0;2;3;1;1
202100025860;155 461;7;0;2;2;1;1
202100025860;155 462;7;0;2;9;19;1
202100025861;155 458;7;0;2;2;1;1
202100025861;155 459;1;0;2;0;26;5
202100025862;155 456;2;0;2;7;5;1
202100025862;155 457;7;0;2;2;1;1
202100025863;155 455;7;13;0;1;0;0
202100025864;155 454;7;13;0;1;1;1
202100025865;155 453;39;0;1;3;1;0
202100025866;155 451;1;0;2;1;19;5
202100025866;155 452;7;0;9;8;1;1
202100025867;155 450;10;0;1;5;26;0
202100025868;155 447;30;0;2;1;15;1
202100025868;155 448;7;0;2;3;15;1
202100025869;155 446;7;0;1;2;1;1
202100025870;155 444;50;0;2;1;15;3
202100025870;155 445;7;0;2;8;1;1
202100025871;155 442;7;0;2;3;15;1
202100025871;155 443;33;0;2;8;1;1
202100025872;155 440;33;0;2;4;23;1
202100025872;155 441;7;0;2;1;2;1
202100025873;155 438;7;0;2;1;2;0
202100025873;155 439;7;0;2;5;23;1
202100025874;155 436;7;0;2;3;9;1
202100025874;155 437;13;0;2;7;16;1
202100025875;155 434;7;0;2;7;15;2
202100025875;155 435;1;0;2;1;1;5
202100025876;155 433;7;0;1;2;16;1
202100025877;155 431;7;0;2;1;1;1
202100025877;155 432;7;0;2;6;15;1
202100025878;155 429;33;0;0;0;0;1
202100025878;155 430;3;0;0;0;0;1
202100025879;155 427;43;0;2;1;17;1
202100025879;155 428;37;0;0;8;15;1
202100025880;155 424;7;14;0;1;1;1
202100025880;155 425;7;0;2;1;23;1
202100025880;155 426;7;0;2;4;23;1
202100025881;155 422;7;0;2;2;15;0
202100025881;155 423;7;0;2;3;2;1
202100025882;155 421;38;1;0;1;1;0
202100025883;155 419;7;0;2;1;1;2
202100025883;155 420;1;0;2;8;19;5
202100025884;155 417;37;0;2;1;1;1
202100025884;155 418;7;0;2;7;1;0
202100025885;155 416;7;0;1;1;9;1
202100025886;155 414;7;0;2;1;1;1
202100025886;155 415;7;1;2;2;13;1
202100025887;155 412;7;0;2;8;22;1
202100025887;155 413;50;1;0;1;1;3
202100025888;155 411;7;8;0;1;13;1
202100025889;155 410;31;13;0;1;1;1
202100025890;155 409;2;0;0;7;1;1
202100025891;155 408;2;6;0;2;2;1
202100025892;155 405;7;0;2;1;1;1
202100025892;155 406;7;0;2;4;2;1
202100025892;155 407;10;0;0;4;2;1
202100025893;155 404;7;0;0;1;21;1
202100025894;155 403;7;0;1;2;1;1
202100025895;155 401;7;6;2;3;5;1
202100025895;155 402;7;6;2;3;5;1
202100025896;155 400;7;0;1;4;4;1
202100025897;155 398;21;0;0;6;2;1
202100025897;155 399;7;0;2;1;2;1
202100025898;155 396;2;13;0;7;0;1
202100025899;155 395;10;13;0;1;26;3
202100025900;155 394;7;0;1;1;1;1
202100025901;155 392;7;0;0;7;15;1
202100025901;155 393;7;0;2;1;1;1
202100025902;155 390;80;0;2;8;15;5
202100025902;155 391;7;0;2;2;2;1
202100025903;155 389;7;2;0;1;21;1
202100025904;155 387;2;8;2;1;5;1
202100025904;155 388;7;0;0;2;15;1
202100025905;155 386;7;13;0;2;1;1
202100025906;155 384;7;0;2;2;1;1
202100025906;155 385;2;0;0;4;1;1
202100025907;155 381;2;0;2;1;1;1
202100025907;155 382;2;0;2;1;1;1
202100025907;155 383;7;0;2;1;5;1
202100025908;155 377;7;0;2;8;1;1
202100025908;155 378;33;0;2;8;17;1
202100025909;155 375;7;0;2;1;1;1
202100025909;155 376;36;0;2;8;9;1
202100025910;155 374;7;13;0;1;0;1
202100025911;155 372;7;13;2;2;15;1
202100025911;155 373;7;0;2;1;1;1
202100025912;155 370;7;0;2;1;17;1
202100025912;155 371;7;0;2;8;15;1
202100025913;155 367;7;0;2;1;1;1
202100025913;155 368;15;0;2;3;1;1
202100025913;155 369;7;0;2;3;13;1
202100025914;155 365;10;0;2;1;1;1
202100025914;155 366;1;0;0;5;0;5
202100025915;155 364;33;13;0;9;17;1
202100025916;155 361;10;0;2;4;1;1
202100025916;155 362;7;0;2;3;1;1
202100025916;155 363;7;0;2;8;1;1
202100025917;155 359;10;0;2;1;1;1
202100025917;155 360;7;0;2;1;1;1
202100025918;155 356;33;0;0;0;1;1
202100025919;155 354;7;13;0;2;1;1
202100025920;155 352;7;0;2;1;1;3
202100025920;155 353;33;0;2;7;1;1
202100025921;155 351;7;0;1;0;2;0
202100025922;155 349;37;0;0;4;23;1
202100025922;155 350;33;1;0;1;12;1
202100025923;155 346;7;4;0;3;1;1
202100025923;155 347;7;4;2;7;1;1
202100025923;155 348;7;0;2;2;1;1
202100025924;155 345;7;6;0;9;0;1
202100025925;155 342;7;0;2;2;2;1
202100025925;155 343;7;0;0;4;23;1
202100025925;155 344;7;0;0;9;23;0
202100025926;155 341;33;3;0;1;0;1
202100025927;155 339;7;3;0;4;1;1
202100025927;155 340;10;0;2;1;2;1
202100025928;155 337;37;0;0;3;1;1
202100025928;155 338;7;0;2;2;15;1
202100025929;155 335;7;4;9;6;1;1
202100025929;155 336;7;1;9;2;1;1
202100025930;155 332;7;0;2;2;17;1
202100025930;155 333;7;0;2;3;15;1
202100025931;155 330;7;0;2;7;9;1
202100025931;155 331;7;0;2;1;1;1
202100025932;155 329;7;2;0;1;1;1
202100025933;155 328;7;1;1;2;1;1
202100025934;155 327;7;13;0;2;1;1
202100025935;155 325;7;0;2;4;13;1
202100025935;155 326;2;0;2;1;1;1
202100025936;155 323;2;0;0;4;23;1
202100025936;155 324;2;0;2;1;1;1
202100025937;155 321;7;0;2;2;15;1
202100025937;155 322;32;0;2;1;17;1
202100025938;155 319;33;0;2;2;1;1
202100025938;155 320;33;0;2;4;10;1
202100025939;155 318;7;0;1;2;1;1
202100025940;155 317;1;12;0;0;1;5
202100025941;155 316;7;0;1;5;4;1
202100025942;155 314;1;0;2;8;9;5
202100025942;155 315;7;0;2;1;9;1
202100025943;155 312;7;0;2;5;15;1
202100025943;155 313;33;0;2;1;1;1
202100025944;155 310;7;0;2;4;19;1
202100025944;155 311;17;0;2;1;14;1
202100025945;155 308;21;0;0;5;15;1
202100025945;155 309;7;0;2;3;17;1
202100025946;155 304;7;0;2;0;0;1
202100025946;155 305;10;0;2;4;26;1
202100025947;155 301;7;0;2;4;0;1
202100025947;155 302;10;0;2;1;0;1
202100025947;155 303;7;0;2;4;0;3
202100025948;155 299;7;0;2;4;2;1
202100025948;155 300;7;0;2;1;2;0
202100025949;155 297;7;0;2;1;2;1
202100025949;155 298;10;0;2;4;1;1
202100025950;155 296;31;0;0;0;26;1
202100025951;155 294;7;0;2;7;14;1
202100025951;155 295;33;0;2;8;26;1
202100025952;155 292;15;0;2;6;1;1
202100025952;155 293;7;0;2;2;0;1
202100025953;155 291;7;0;0;9;1;1
202100025954;155 290;10;3;0;8;1;1
202100025955;155 288;7;0;2;0;0;0
202100025955;155 289;7;0;0;0;23;1
202100025956;155 285;7;0;2;1;1;1
202100025956;155 286;7;0;2;4;1;1
202100025956;155 287;7;0;2;4;1;1
202100025957;155 282;7;0;2;4;1;1
202100025957;155 283;43;0;2;1;3;1
202100025957;155 284;7;0;2;8;11;1
202100025958;155 281;33;0;0;9;26;1
202100025959;155 279;33;0;2;1;17;1
202100025959;155 280;1;0;2;0;0;5
202100025960;155 277;10;0;2;1;1;1
202100025960;155 278;7;0;2;4;23;1
202100025961;155 275;7;0;2;4;1;1
202100025961;155 276;30;0;2;1;21;1
202100025962;155 274;30;3;0;1;9;1
202100025963;155 271;7;0;2;4;1;1
202100025963;155 272;7;0;2;4;1;1
202100025963;155 273;7;0;2;1;1;1
202100025964;155 269;2;0;2;8;1;1
202100025964;155 270;7;0;2;3;1;1
202100025965;155 267;33;0;2;7;16;1
202100025965;155 268;7;0;2;3;15;1
202100025966;155 265;7;0;2;3;1;1
202100025966;155 266;33;0;2;8;1;1
202100025967;155 264;7;0;0;1;26;1
202100025968;155 263;7;0;1;3;25;0
202100025969;155 260;33;0;1;0;1;1
202100025970;155 258;7;0;2;1;5;1
202100025970;155 259;33;0;2;1;1;1
202100025971;155 257;1;0;0;0;0;5
202100025972;155 254;7;0;2;4;23;1
202100025972;155 255;7;0;2;4;23;1
202100025972;155 256;7;0;2;1;1;1
202100025973;155 253;7;13;0;1;9;1
202100025974;155 251;7;0;2;3;17;1
202100025974;155 252;7;0;2;3;1;1
202100025975;155 249;7;0;2;0;0;0
202100025975;155 250;7;6;2;3;1;1
202100025976;155 248;7;8;0;1;13;1
202100025977;155 246;7;0;9;2;15;1
202100025977;155 247;1;0;2;0;0;5
202100025978;155 244;33;0;2;1;1;1
202100025978;155 245;7;0;2;7;19;1
202100025979;155 243;7;1;0;6;26;1
202100025980;155 241;7;0;2;1;1;1
202100025980;155 242;7;0;2;1;15;1
202100025981;155 239;7;0;2;4;1;1
202100025981;155 240;7;0;2;2;17;1
202100025982;155 237;1;0;2;1;1;0
202100025982;155 238;7;0;2;1;15;1
202100025983;155 236;33;6;0;1;14;1
202100025984;155 232;7;0;2;4;23;1
202100025984;155 233;7;0;2;4;2;1
202100025984;155 234;7;0;2;4;2;1
202100025984;155 235;7;0;2;1;2;1
202100025985;155 231;7;8;0;1;1;1
202100025986;155 229;7;0;2;0;5;1
202100025986;155 230;7;0;2;5;1;1
202100025987;155 227;7;0;2;3;15;0
202100025987;155 228;32;0;2;3;1;1
202100025988;155 225;33;0;2;8;1;1
202100025988;155 226;7;0;2;2;16;1
202100025989;155 223;7;0;9;2;16;1
202100025989;155 224;1;0;2;1;19;5
202100025990;155 221;7;0;2;1;2;1
202100025990;155 222;2;0;2;4;26;1
202100025991;155 220;2;0;0;0;26;1
202100025992;155 218;33;0;2;7;1;1
202100025992;155 219;7;0;2;3;9;1
202100025993;155 217;7;8;0;3;15;1
202100025994;155 216;30;0;1;1;26;1
202100025995;155 214;7;0;2;4;2;1
202100025995;155 215;7;0;2;1;2;1
202100025996;155 213;7;15;0;1;25;0
202100025997;155 210;7;0;2;1;1;1
202100025997;155 211;2;0;0;8;16;1
202100025997;155 212;7;0;2;2;15;1
202100025998;155 208;7;0;2;2;13;1
202100025998;155 209;30;0;2;8;0;1
202100025999;155 206;30;0;2;3;1;1
202100025999;155 207;7;0;2;2;16;1
202100026000;155 205;30;0;1;1;1;1
202100026001;155 204;7;6;0;1;1;1
202100026002;155 202;7;0;2;3;15;1
202100026002;155 203;34;0;2;1;1;1
202100026003;155 200;7;0;9;5;16;1
202100026003;155 201;1;0;2;1;1;5
202100026004;155 198;7;0;2;2;9;1
202100026004;155 199;7;0;2;3;1;1
202100026005;155 195;32;0;2;3;3;1
202100026005;155 196;7;0;2;4;1;1
202100026005;155 197;7;0;2;7;14;1
202100026006;155 193;7;0;2;5;23;1
202100026006;155 194;7;0;2;3;13;1
202100026007;155 192;50;1;0;1;13;3
202100026008;155 190;33;0;2;1;15;1
202100026008;155 191;7;0;2;8;1;2
202100026009;155 188;34;0;2;4;1;1
202100026009;155 189;7;8;2;1;1;0
202100026010;155 187;1;15;0;1;1;5
202100026011;155 185;7;0;2;1;1;0
202100026011;155 186;1;0;2;1;1;5
202100026012;155 183;32;0;2;2;5;1
202100026012;155 184;32;0;2;1;1;1
202100026013;155 180;31;0;1;2;1;1
202100026014;155 178;7;0;2;0;0;1
202100026014;155 179;34;0;2;0;0;0
202100026015;155 176;7;0;2;2;19;1
202100026015;155 177;0;0;0;7;0;
202100026016;155 174;7;0;2;4;2;1
202100026016;155 175;43;0;2;1;1;1
202100026017;155 172;7;0;2;7;1;1
202100026017;155 173;7;0;2;1;1;3
202100026018;155 170;33;0;2;8;18;1
202100026018;155 171;36;0;2;2;16;1
202100026019;155 169;33;12;0;1;3;1
202100026020;155 167;33;0;0;0;0;1
202100026020;155 168;7;0;9;3;0;0
202100026021;155 165;1;0;2;1;1;5
202100026021;155 166;7;0;0;4;1;1
202100026022;155 163;33;0;2;1;1;1
202100026022;155 164;7;0;2;7;19;1
202100026023;155 162;7;12;0;3;1;1
202100026024;155 161;33;0;0;1;26;1
202100026025;155 160;1;12;0;1;26;5
202100026026;155 159;7;7;0;9;1;1
202100026027;155 157;7;0;2;6;15;1
202100026027;155 158;32;0;2;2;17;1
202100026028;155 156;36;8;0;1;1;1
202100026029;155 155;7;4;0;4;1;1
202100026030;155 154;7;2;0;3;1;1
202100026031;155 151;7;0;2;3;0;1
202100026031;155 152;7;0;2;3;1;0
202100026031;155 153;7;0;2;3;1;1
202100026032;155 149;13;0;2;1;1;1
202100026032;155 150;7;0;2;1;13;1
202100026033;155 147;13;0;2;3;1;1
202100026033;155 148;7;0;2;3;13;1
202100026034;155 145;33;0;2;3;13;1
202100026034;155 146;7;0;2;8;1;1
202100026035;155 144;7;11;0;1;1;1
202100026036;155 142;15;0;2;6;1;1
202100026036;155 143;10;0;2;2;17;1
202100026037;155 140;2;8;0;7;21;1
202100026038;155 139;33;0;0;8;1;1
202100026039;155 137;2;0;2;2;1;1
202100026039;155 138;7;0;2;2;1;1
202100026040;155 135;21;0;0;4;2;1
202100026040;155 136;7;0;2;1;2;1
202100026041;155 133;7;0;2;3;13;1
202100026041;155 134;7;0;2;3;16;1
202100026042;155 131;7;0;2;8;15;1
202100026042;155 132;33;0;2;1;1;1
202100026043;155 130;7;0;0;1;1;1
202100026044;155 128;7;0;2;3;1;1
202100026044;155 129;7;0;2;3;1;1
202100026045;155 127;33;0;0;7;1;1
202100026046;155 125;2;0;2;8;15;1
202100026046;155 126;7;0;2;1;1;1
202100026047;155 124;7;13;0;1;1;1
202100026048;155 123;7;2;0;3;13;1
202100026049;155 121;7;0;2;1;1;1
202100026049;155 122;7;0;2;1;1;1
202100026050;155 119;7;0;2;6;1;1
202100026050;155 120;33;0;2;1;1;1
202100026051;155 117;7;0;2;3;1;1
202100026051;155 118;7;0;2;1;1;1
202100026052;155 116;2;9;0;1;1;1
202100026053;155 114;7;0;2;1;1;1
202100026053;155 115;7;0;2;3;15;1
202100026054;155 112;7;14;2;1;6;1
202100026054;155 113;7;0;2;1;1;1
202100026055;155 110;7;0;2;4;1;1
202100026055;155 111;7;0;2;1;1;1
202100026056;155 109;33;11;0;1;17;1
202100026057;155 107;7;0;2;3;15;1
202100026057;155 108;7;0;2;3;14;1
202100026058;155 106;7;17;0;1;13;1
202100026059;155 104;7;0;2;1;1;1
202100026059;155 105;7;0;2;1;5;1
202100026060;155 103;7;12;0;9;14;1
202100026061;155 102;7;13;0;1;1;0
202100026062;155 100;7;13;0;3;21;1
202100026062;155 101;7;0;0;0;19;1
202100026063;155 099;7;2;0;1;15;1
202100026064;155 097;7;0;9;3;16;0
202100026064;155 098;1;0;2;7;1;5
202100026065;155 094;7;2;0;1;13;1
202100026066;155 092;7;0;2;3;13;1
202100026066;155 093;1;0;2;1;1;6
202100026067;155 091;7;0;1;3;1;1
202100026068;155 089;7;0;2;1;1;1
202100026068;155 090;7;0;2;7;17;1
202100026069;155 087;7;0;2;1;17;1
202100026069;155 088;7;0;0;8;15;1
202100026070;155 086;7;0;0;1;0;1
202100026071;155 084;7;0;2;3;1;1
202100026071;155 085;7;0;2;3;15;1
202100026072;155 083;38;0;0;1;1;1
202100026073;155 079;7;0;2;1;1;1
202100026073;155 080;7;0;2;3;1;1
202100026073;155 081;7;0;2;3;13;1
202100026073;155 082;7;13;2;1;2;1
202100026074;155 077;10;0;2;1;13;1
202100026074;155 078;38;0;2;3;1;1
202100026075;155 076;7;2;0;1;26;1
202100026076;155 074;7;0;2;8;10;1
202100026076;155 075;31;0;2;1;1;1
202100026077;155 073;2;12;0;1;0;1
202100026078;155 072;7;13;0;2;1;1
202100026079;155 071;33;0;0;0;21;1
202100026080;155 069;14;0;2;1;1;1
202100026080;155 070;7;0;2;1;19;1
202100026081;155 068;7;0;0;9;13;1
202100026082;155 067;7;0;0;0;1;1
202100026083;155 066;33;3;0;0;1;1
202100026084;155 064;10;0;2;8;2;1
202100026084;155 065;33;0;2;1;2;1
202100026085;155 063;1;0;0;0;1;5
202100026086;155 061;7;0;2;1;13;1
202100026086;155 062;7;0;2;3;13;1
202100026087;155 059;7;0;2;2;15;1
202100026087;155 060;33;0;0;1;1;1
202100026088;155 057;7;0;2;3;1;1
202100026088;155 058;1;0;2;1;19;5
202100026089;155 055;50;0;0;8;19;3
202100026089;155 056;43;0;2;1;1;1
202100026090;155 053;38;0;9;2;1;1
202100026090;155 054;1;0;2;1;5;0
202100026091;155 052;7;0;0;1;17;1
202100026092;155 051;7;4;0;3;1;1
202100026093;155 050;7;4;0;2;14;1
202100026094;155 049;7;3;0;1;1;1
202100026095;155 048;7;4;0;2;14;1
202100026096;155 045;7;0;2;1;2;1
202100026096;155 046;7;0;2;1;2;1
202100026096;155 047;7;0;2;4;2;1
202100026097;155 043;7;4;2;8;2;1
202100026097;155 044;7;4;2;2;14;1
202100026098;155 041;7;0;2;4;23;1
202100026098;155 042;32;1;0;1;2;1
202100026099;155 040;7;0;0;3;2;1
202100026100;155 039;7;6;0;1;26;1
202100026101;155 038;33;4;0;8;21;1
202100026102;155 036;7;0;2;5;23;1
202100026102;155 037;7;1;0;8;21;2
202100026103;155 034;0;0;2;0;0;0
202100026103;155 035;32;0;2;7;1;1
202100026104;155 033;50;0;1;0;25;3
202100026105;155 032;7;0;1;2;1;1
202100026106;155 030;37;0;2;1;1;1
202100026106;155 031;7;0;2;4;16;1
202100026107;155 028;99;0;2;1;1;6
202100026107;155 029;30;0;2;1;1;1
202100026108;155 026;7;0;2;1;0;1
202100026108;155 027;7;0;2;1;13;1
202100026109;155 025;37;0;1;2;2;1
202100026110;155 024;32;4;0;8;1;1
202100026111;155 023;7;0;1;2;11;1
202100026112;155 020;7;0;2;2;1;1
202100026112;155 021;7;0;2;6;1;1
202100026112;155 022;34;0;2;1;1;1
202100026113;155 018;7;0;2;7;1;1
202100026113;155 019;7;0;2;1;1;1
202100026114;155 016;42;1;2;1;5;1
202100026114;155 017;10;0;2;1;9;1
202100026115;155 014;7;0;2;2;15;0
202100026115;155 015;33;0;2;8;1;1
202100026116;155 013;34;11;0;7;26;1
202100026117;155 011;7;0;2;2;19;1
202100026117;155 012;7;0;2;2;1;1
202100026118;155 009;10;0;2;3;20;1
202100026118;155 010;30;0;2;2;1;1
202100026119;155 007;30;0;2;1;1;1
202100026119;155 008;37;0;2;4;1;1
202100026120;155 005;7;0;2;4;15;1
202100026120;155 006;7;0;2;1;1;1
202100026121;155 004;7;0;0;1;14;1
202100026122;155 000;7;0;2;8;15;2
202100026122;155 001;2;0;2;0;0;0
202100026123;154 998;7;0;2;7;15;1
202100026123;154 999;7;0;2;1;21;1
202100026124;154 996;30;0;2;5;26;1
202100026124;154 997;7;0;2;3;26;1
202100026125;154 994;7;0;2;1;15;1
202100026125;154 995;7;0;2;8;1;1
202100026126;154 992;7;0;2;1;1;1
202100026126;154 993;7;0;2;4;23;1
202100026127;154 990;1;0;2;1;0;0
202100026127;154 991;7;0;2;6;16;1
202100026128;154 988;33;0;2;7;19;4
202100026128;154 989;7;0;2;1;1;1
202100026129;154 986;7;0;2;1;1;1
202100026129;154 987;7;0;2;1;15;1
202100026130;154 985;30;9;0;1;26;1
202100026131;154 983;37;0;2;8;1;1
202100026131;154 984;7;0;2;7;12;1
202100026132;154 981;7;0;2;5;14;1
202100026132;154 982;1;0;2;3;0;5
202100026133;154 979;33;0;2;7;26;1
202100026133;154 980;1;0;2;8;26;5
202100026134;154 978;7;1;0;1;13;1
202100026135;154 977;10;0;2;1;14;1
202100026136;154 975;7;0;2;3;1;1
202100026136;154 976;7;0;2;1;13;1
202100026137;154 973;7;0;2;7;1;1
202100026137;154 974;7;0;2;1;19;1
202100026138;154 971;7;0;2;1;16;1
202100026138;154 972;1;0;2;2;2;0
202100026139;154 969;30;0;2;5;1;3
202100026139;154 970;7;0;2;3;1;1
202100026140;154 968;30;0;0;0;1;1
202100026141;154 967;7;2;0;1;14;1
202100026142;154 966;7;0;1;2;1;1
202100026143;154 964;7;0;2;1;1;1
202100026143;154 965;7;0;2;8;1;1
202100026144;154 962;7;0;2;1;1;1
202100026144;154 963;7;0;2;3;26;1
202100026145;154 961;30;0;0;7;1;1
202100026146;154 958;7;0;2;1;1;1
202100026146;154 959;7;0;2;4;1;1
202100026146;154 960;7;0;2;4;1;1
202100026147;154 956;7;0;2;7;1;0
202100026147;154 957;7;0;2;3;16;1
202100026148;154 954;7;0;2;8;1;1
202100026148;154 955;30;0;2;1;9;1
202100026149;154 952;43;0;2;1;12;1
202100026149;154 953;7;0;2;5;1;0
202100026150;154 951;33;4;0;1;13;1
202100026151;154 949;30;0;2;4;16;1
202100026151;154 950;7;0;2;1;1;1
202100026152;154 947;1;0;2;4;17;5
202100026152;154 948;7;0;2;3;13;2
202100026153;154 945;33;0;2;1;2;1
202100026153;154 946;7;0;2;6;23;1
202100026154;154 943;7;0;2;7;1;1
202100026154;154 944;7;0;2;1;1;1
202100026155;154 941;30;0;2;8;2;1
202100026155;154 942;32;0;2;8;2;1
202100026156;154 940;50;0;1;1;1;3
202100026157;154 938;1;1;0;3;1;5
202100026157;154 939;7;0;2;2;22;1
202100026158;154 937;7;0;2;2;1;1
202100026159;154 935;7;0;2;3;2;1
202100026159;154 936;7;0;2;4;23;1
202100026160;154 934;7;0;1;3;1;3
202100026161;154 933;50;0;0;0;1;3
202100026162;154 932;50;12;0;1;21;3
202100026163;154 930;13;1;2;2;22;1
202100026163;154 931;80;12;2;7;26;3
202100026164;154 929;7;8;0;1;1;1
202100026165;154 927;10;0;2;1;1;1
202100026165;154 928;7;0;2;9;1;1
202100026166;154 926;30;0;1;1;17;0
202100026167;154 924;7;0;2;6;20;1
202100026167;154 925;7;0;2;1;1;1
202100026168;154 923;43;0;1;1;1;1
202100026169;154 921;34;0;2;3;1;1
202100026169;154 922;7;0;2;1;10;1
202100026170;154 918;7;0;2;1;1;1
202100026170;154 919;7;0;2;1;2;1
202100026170;154 920;7;0;0;4;1;1
202100026171;154 916;33;0;2;9;15;1
202100026171;154 917;21;0;2;6;16;1
202100026172;154 914;7;0;2;1;1;1
202100026172;154 915;2;0;2;8;19;1
202100026173;154 912;7;3;2;5;12;1
202100026173;154 913;7;3;2;3;1;1
202100026174;154 910;7;0;0;4;24;1
202100026174;154 911;7;1;0;1;1;1
202100026175;154 909;33;13;0;0;17;1
202100026176;154 907;33;0;2;3;2;1
202100026176;154 908;7;0;0;5;23;1
202100026177;154 905;7;0;2;1;1;3
202100026177;154 906;7;0;2;7;19;1
202100026178;154 904;7;2;0;1;0;1
202100026179;154 901;7;14;0;3;1;1
202100026179;154 902;7;0;0;8;23;1
202100026179;154 903;7;3;0;7;1;1
202100026180;154 899;7;0;2;3;13;1
202100026180;154 900;33;0;2;1;1;1
202100026181;154 896;38;0;2;3;1;1
202100026181;154 897;7;0;2;1;13;1
202100026182;154 895;1;0;9;1;1;5
202100026183;154 893;7;1;2;2;1;1
202100026183;154 894;7;0;0;7;0;1
202100026184;154 892;7;13;0;1;16;1
202100026185;154 891;7;0;0;9;15;1
202100026186;154 888;7;2;0;1;1;1
202100026187;154 886;7;8;0;8;15;1
202100026187;154 887;99;0;2;3;1;1
202100026188;154 884;7;0;2;7;1;2
202100026188;154 885;7;0;2;1;1;1
202100026189;154 879;10;0;2;3;1;1
202100026189;154 880;1;0;2;2;1;5
202100026190;154 877;7;0;2;3;1;1
202100026190;154 878;33;0;2;1;13;1
202100026191;154 876;7;14;0;3;5;1
202100026192;154 875;7;0;0;9;1;1
202100026193;154 874;1;8;0;1;1;5
202100026194;154 873;7;13;0;2;1;1
202100026195;154 871;21;0;0;6;15;1
202100026195;154 872;7;0;2;2;17;1
202100026196;154 869;7;0;9;3;1;1
202100026196;154 870;1;0;2;2;19;5
202100026197;154 868;7;2;0;0;0;1
202100026198;154 867;7;13;0;2;14;1
202100026199;154 865;7;0;2;2;1;1
202100026199;154 866;30;0;2;1;9;1
202100026200;154 862;7;0;2;1;5;1
202100026200;154 863;7;0;2;1;1;1
202100026200;154 864;7;0;2;1;1;1
202100026201;154 861;7;13;0;3;1;3
202100026202;154 860;1;0;0;0;26;5
202100026203;154 858;31;0;2;3;16;1
202100026203;154 859;7;0;2;3;15;1
202100026204;154 857;7;15;0;0;0;1
202100026205;154 855;7;0;0;4;1;1
202100026205;154 856;7;0;2;1;2;0
202100026206;154 853;33;0;2;1;1;1
202100026206;154 854;7;0;2;3;15;1
202100026207;154 851;7;0;2;1;1;1
202100026207;154 852;7;0;2;1;13;1
202100026208;154 849;1;0;2;0;2;0
202100026208;154 850;7;0;2;5;2;1
202100026209;154 848;7;13;0;1;1;1
202100026210;154 847;2;0;0;3;0;1
202100026211;154 846;2;7;0;1;1;1
202100026212;154 845;7;2;0;1;1;1
202100026213;154 844;7;2;0;9;17;1
202100026214;154 843;7;17;0;1;1;1
202100026215;154 842;7;6;0;3;1;1
202100026216;154 841;7;13;0;1;1;1
202100026217;154 839;7;0;2;0;2;1