Num_Acc;id_vehicule;categorie_vehicule;obstacle_fixe;obstacle_mobile;point_choc_initial;manoeuvre_principale;motorisation
202100026217;154 840;7;3;0;0;13;1
202100026218;154 838;31;0;0;8;1;1
202100026219;154 836;7;0;2;3;1;1
202100026219;154 837;7;0;2;5;26;1
202100026220;154 834;7;0;9;1;1;1
202100026220;154 835;50;0;2;8;1;3
202100026221;154 832;7;1;2;3;1;1
202100026221;154 833;7;0;2;3;13;1
202100026222;154 827;7;0;2;6;1;1
202100026222;154 828;7;0;2;1;1;1
202100026222;154 829;7;13;2;1;1;1
202100026222;154 830;33;13;2;1;13;1
202100026222;154 831;33;0;2;1;13;1
202100026223;154 826;33;15;0;9;17;1
202100026224;154 825;7;6;0;1;1;1
202100026225;154 823;7;0;2;1;2;1
202100026225;154 824;30;0;0;4;2;3
202100026226;154 821;10;0;2;3;1;1
202100026226;154 822;10;0;2;3;5;1
202100026227;154 820;33;0;0;0;1;1
202100026228;154 818;33;0;2;1;1;1
202100026228;154 819;10;0;2;3;1;1
202100026229;154 816;1;0;2;3;13;5
202100026229;154 817;10;0;2;3;21;1
202100026230;154 814;7;0;2;2;5;1
202100026230;154 815;3;3;0;6;1;1
202100026231;154 813;7;2;0;1;14;1
202100026232;154 811;7;0;0;1;10;1
202100026232;154 812;33;0;0;7;1;1
202100026233;154 809;7;0;0;;19;1
202100026233;154 810;33;0;0;9;1;1
202100026234;154 808;33;0;0;9;1;1
202100026235;154 806;7;0;2;8;13;1
202100026235;154 807;7;0;2;3;1;1
202100026236;154 804;7;0;2;3;11;1
202100026236;154 805;7;0;2;2;1;1
202100026237;154 802;10;0;1;3;0;1
202100026237;154 803;7;0;1;1;0;1
202100026238;154 800;7;0;0;1;1;1
202100026239;154 798;7;0;2;1;1;1
202100026239;154 799;7;0;2;1;0;1
202100026240;154 796;7;0;2;2;2;1
202100026240;154 797;7;0;1;1;1;1
202100026241;154 793;7;0;2;4;1;1
202100026241;154 794;10;0;2;1;2;1
202100026241;154 795;7;0;2;1;2;1
202100026242;154 791;15;0;2;3;2;1
202100026242;154 792;7;0;2;1;2;1
202100026243;154 790;10;3;0;1;1;1
202100026244;154 788;7;0;2;2;14;1
202100026244;154 789;7;0;2;6;1;2
202100026245;154 785;7;0;2;4;23;1
202100026245;154 786;7;0;2;1;23;1
202100026245;154 787;7;0;2;1;2;1
202100026246;154 784;7;0;0;9;13;1
202100026247;154 779;7;0;2;4;2;1
202100026247;154 780;7;0;2;4;2;1
202100026247;154 781;10;0;2;4;2;0
202100026247;154 782;7;0;2;4;2;1
202100026247;154 783;7;0;2;1;2;1
202100026248;154 778;7;4;0;3;21;1
202100026249;154 777;7;4;2;7;1;1
202100026250;154 775;34;0;2;1;1;1
202100026250;154 776;10;0;2;8;13;1
202100026251;154 773;33;0;2;0;3;1
202100026251;154 774;33;0;2;0;3;1
202100026252;154 771;37;0;2;7;1;1
202100026252;154 772;7;0;1;1;26;1
202100026253;154 770;32;0;1;1;2;1
202100026254;154 769;7;0;1;5;4;1
202100026255;154 767;7;4;0;2;1;1
202100026256;154 766;7;0;1;1;15;1
202100026257;154 765;7;1;0;2;1;1
202100026258;154 764;7;0;1;2;16;1
202100026259;154 762;1;0;2;4;1;5
202100026259;154 763;7;0;2;1;1;0
202100026260;154 761;7;0;1;3;15;5
202100026261;154 759;31;0;2;4;23;1
202100026261;154 760;7;0;2;1;26;1
202100026262;154 757;7;0;2;2;15;1
202100026262;154 758;33;0;2;1;1;1
202100026263;154 755;7;0;2;1;17;1
202100026263;154 756;7;0;2;1;1;1
202100026264;154 753;7;0;2;5;2;1
202100026264;154 754;30;0;2;1;21;1
202100026265;154 751;1;0;2;6;1;5
202100026265;154 752;7;0;2;2;12;2
202100026266;154 749;7;0;2;5;4;1
202100026266;154 750;7;0;2;1;1;1
202100026267;154 748;30;0;0;0;0;1
202100026268;154 747;7;1;0;4;1;1
202100026269;154 745;7;0;2;2;14;1
202100026269;154 746;7;0;2;3;1;1
202100026270;154 743;30;0;2;8;16;1
202100026270;154 744;7;0;2;3;1;1
202100026271;154 739;16;0;2;2;15;1
202100026271;154 740;7;8;2;1;1;1
202100026272;154 737;1;0;2;1;2;5
202100026272;154 738;15;8;0;1;16;1
202100026273;154 734;7;0;2;7;1;1
202100026273;154 735;7;0;2;1;1;1
202100026273;154 736;7;0;2;8;15;1
202100026274;154 732;10;0;2;1;26;1
202100026274;154 733;7;0;2;4;23;1
202100026275;154 730;7;0;2;7;16;1
202100026275;154 731;80;0;2;8;1;3
202100026276;154 728;33;0;2;1;17;1
202100026276;154 729;7;0;2;8;0;1
202100026277;154 726;7;0;2;5;26;1
202100026277;154 727;33;0;2;1;15;1
202100026278;154 725;33;0;2;8;21;1
202100026279;154 723;7;0;2;5;1;1
202100026279;154 724;1;0;2;1;1;5
202100026280;154 720;7;0;2;9;2;1
202100026280;154 721;7;0;2;1;2;1
202100026280;154 722;7;0;2;4;2;1
202100026281;154 715;7;0;2;1;2;1
202100026281;154 716;7;0;2;4;2;1
202100026281;154 717;7;0;2;4;1;1
202100026281;154 718;7;0;2;1;1;1
202100026281;154 719;7;0;2;1;1;1
202100026282;154 714;32;0;0;0;1;1
202100026283;154 712;7;0;2;7;0;1
202100026283;154 713;30;0;2;8;18;1
202100026284;154 711;80;0;0;0;16;3
202100026285;154 709;30;0;2;3;1;3
202100026285;154 710;7;0;2;2;19;1
202100026286;154 708;33;0;0;0;1;1
202100026287;154 706;7;0;2;3;15;1
202100026287;154 707;33;0;2;8;1;1
202100026288;154 704;7;0;2;3;9;1
202100026288;154 705;7;0;2;1;1;1
202100026289;154 702;7;0;2;1;26;1
202100026289;154 703;33;0;2;8;1;1
202100026290;154 701;7;0;1;2;1;1
202100026291;154 696;30;12;0;8;1;1
202100026292;154 694;7;0;2;8;15;1
202100026292;154 695;7;0;2;2;1;1
202100026293;154 693;40;0;1;1;1;3
202100026294;154 691;50;0;0;4;0;3
202100026294;154 692;7;0;2;0;26;0
202100026295;154 690;30;0;1;1;1;1
202100026296;154 688;7;0;2;1;26;1
202100026296;154 689;1;0;2;8;26;5
202100026297;154 687;50;0;0;0;26;3
202100026298;154 686;10;0;1;3;26;1
202100026299;154 685;41;0;9;1;1;1
202100026300;154 682;7;1;0;2;26;1
202100026301;154 680;32;0;4;1;6;1
202100026301;154 681;40;0;2;3;1;3
202100026302;154 678;31;0;9;1;17;1
202100026302;154 679;7;0;2;3;16;1
202100026303;154 675;10;0;2;1;2;1
202100026303;154 676;7;0;2;4;23;1
202100026303;154 677;7;0;2;4;23;1
202100026304;154 674;7;0;0;9;1;1
202100026305;154 672;7;0;2;4;1;1
202100026305;154 673;7;0;2;1;1;1
202100026306;154 670;7;0;2;6;15;1
202100026306;154 671;7;0;2;2;16;1
202100026307;154 668;33;0;2;8;1;1
202100026307;154 669;7;0;2;2;15;1
202100026308;154 666;1;0;2;3;1;5
202100026308;154 667;7;0;2;2;16;1
202100026309;154 664;7;0;2;1;1;1
202100026309;154 665;7;0;2;1;13;1
202100026310;154 662;14;0;2;8;15;1
202100026310;154 663;1;0;2;1;1;5
202100026311;154 660;7;0;2;3;9;1
202100026311;154 661;33;0;2;1;3;1
202100026312;154 658;7;1;0;2;26;1
202100026312;154 659;10;0;2;6;24;0
202100026313;154 656;7;1;2;7;1;1
202100026313;154 657;7;1;2;2;1;1
202100026314;154 654;7;0;9;3;9;1
202100026314;154 655;1;0;2;1;26;5
202100026315;154 652;7;15;2;1;1;1
202100026315;154 653;7;0;2;3;1;1
202100026316;154 651;7;0;1;3;15;1
202100026317;154 649;2;0;2;1;1;1
202100026317;154 650;7;0;2;2;20;1
202100026318;154 648;7;1;0;1;16;1
202100026319;154 646;31;0;2;1;1;1
202100026319;154 647;7;0;2;8;10;1
202100026320;154 645;10;0;1;3;9;1
202100026321;154 644;7;13;0;1;14;1
202100026322;154 642;7;0;2;3;9;1
202100026322;154 643;1;0;2;2;1;5
202100026323;154 640;7;0;2;8;19;1
202100026323;154 641;7;0;2;1;7;1
202100026324;154 638;13;0;2;2;17;0
202100026324;154 639;7;0;2;3;16;1
202100026325;154 637;10;0;1;1;15;1
202100026326;154 635;30;0;2;1;17;1
202100026326;154 636;7;0;2;8;10;2
202100026327;154 634;10;0;1;1;1;1
202100026328;154 633;80;0;0;1;1;3
202100026329;154 631;50;0;0;1;1;3
202100026330;154 629;50;0;2;1;1;3
202100026330;154 630;7;0;2;3;22;2
202100026331;154 627;10;0;2;8;22;1
202100026331;154 628;1;0;2;1;1;5
202100026332;154 626;32;0;1;8;17;1
202100026333;154 624;7;0;2;8;10;2
202100026333;154 625;32;0;2;1;15;1
202100026334;154 622;10;0;2;0;22;0
202100026334;154 623;1;0;2;0;1;0
202100026335;154 621;33;8;0;1;13;1
202100026336;154 619;33;0;2;1;1;1
202100026336;154 620;7;0;2;3;4;1
202100026337;154 618;7;0;1;8;15;1
202100026338;154 616;2;0;2;6;1;1
202100026338;154 617;7;0;2;2;1;1
202100026339;154 613;37;0;2;2;1;1
202100026339;154 614;7;0;2;3;15;1
202100026340;154 611;33;0;2;4;0;1
202100026340;154 612;10;0;2;1;1;1
202100026341;154 609;7;0;2;7;1;0
202100026341;154 610;7;0;2;3;0;0
202100026342;154 607;7;0;2;3;15;1
202100026342;154 608;33;0;2;1;1;1
202100026343;154 606;7;0;1;1;26;1
202100026344;154 605;7;0;2;2;21;1
202100026345;154 603;7;0;2;1;9;1
202100026345;154 604;7;0;2;7;1;1
202100026346;154 602;10;0;1;4;4;1
202100026347;154 600;7;0;2;4;26;1
202100026347;154 601;30;0;2;1;26;0
202100026348;154 598;15;0;0;0;0;1
202100026348;154 599;33;0;2;0;0;0
202100026349;154 597;33;0;1;2;0;0
202100026350;154 595;7;0;2;4;23;1
202100026350;154 596;10;0;2;1;1;1
202100026351;154 593;10;0;2;1;1;1
202100026351;154 594;33;0;2;8;1;1
202100026352;154 591;7;0;2;3;1;1
202100026352;154 592;2;0;2;2;19;1
202100026353;154 590;7;0;1;1;1;1
202100026354;154 588;7;0;2;8;24;0
202100026354;154 589;50;1;0;1;26;3
202100026355;154 586;1;1;0;0;0;5
202100026355;154 587;7;0;2;3;24;2
202100026356;154 584;7;0;2;3;1;1
202100026356;154 585;7;0;2;2;19;1
202100026357;154 583;2;13;0;1;14;1
202100026358;154 581;7;0;2;3;1;1
202100026358;154 582;3;0;2;3;1;1
202100026359;154 579;17;0;0;0;17;1
202100026359;154 580;1;0;0;2;21;5
202100026360;154 576;2;0;2;1;1;1
202100026360;154 577;7;0;2;2;15;1
202100026361;154 574;33;0;0;4;16;1
202100026361;154 575;7;0;2;2;2;1
202100026362;154 572;10;0;0;1;1;1
202100026362;154 573;7;0;0;1;5;1
202100026363;154 571;7;16;0;9;1;1
202100026364;154 569;7;0;2;1;15;1
202100026364;154 570;7;0;2;1;1;1
202100026365;154 567;10;0;2;3;1;1
202100026365;154 568;31;0;2;1;5;1
202100026366;154 566;7;0;1;5;4;1
202100026367;154 562;7;0;2;6;17;1
202100026367;154 563;33;0;2;1;17;1
202100026368;154 561;7;6;0;1;15;1
202100026369;154 559;7;2;9;7;14;1
202100026369;154 560;7;2;9;2;14;1
202100026370;154 557;7;0;2;3;15;1
202100026370;154 558;33;0;2;1;1;1
202100026371;154 556;2;0;0;2;16;1
202100026372;154 555;10;9;1;1;15;1
202100026373;154 553;7;0;2;1;1;1
202100026373;154 554;7;0;2;1;1;1
202100026374;154 551;7;0;2;2;1;1
202100026374;154 552;1;0;2;5;1;5
202100026375;154 549;30;0;2;1;1;1
202100026375;154 550;7;0;0;4;1;1
202100026376;154 546;7;0;2;2;21;1
202100026376;154 547;7;0;2;6;21;1
202100026376;154 548;7;0;0;0;14;0
202100026377;154 544;7;0;2;6;19;1
202100026377;154 545;7;0;2;2;1;1
202100026378;154 543;33;0;0;8;0;1
202100026379;154 542;7;2;0;1;1;1
202100026380;154 540;31;0;2;1;13;1
202100026380;154 541;7;0;2;3;1;1
202100026381;154 539;7;13;0;2;1;0
202100026382;154 537;7;0;2;1;1;1
202100026382;154 538;1;0;2;8;9;0
202100026383;154 535;1;0;2;4;1;5
202100026383;154 536;7;0;2;2;1;1
202100026384;154 533;7;0;2;3;1;1
202100026384;154 534;7;0;2;3;13;1
202100026385;154 530;10;1;0;2;14;1
202100026385;154 531;7;4;2;6;23;1
202100026385;154 532;7;0;0;6;1;1
202100026386;154 528;7;0;2;3;15;1
202100026386;154 529;33;0;2;8;0;1
202100026387;154 527;7;2;0;2;0;1
202100026388;154 526;7;2;0;1;1;1
202100026389;154 524;14;0;2;6;1;1
202100026389;154 525;33;0;2;9;0;1
202100026390;154 520;10;0;2;1;1;1
202100026390;154 521;7;0;2;4;1;1
202100026390;154 522;7;0;2;4;1;1
202100026390;154 523;7;0;2;4;1;1
202100026391;154 518;33;0;2;1;1;1
202100026391;154 519;7;0;2;1;15;2
202100026392;154 517;7;2;0;3;0;1
202100026393;154 516;33;0;0;2;0;1
202100026394;154 514;33;0;2;6;1;1
202100026394;154 515;7;0;2;2;15;1
202100026395;154 512;7;0;9;7;2;0
202100026395;154 513;1;0;0;8;1;5
202100026396;154 510;21;0;2;6;15;1
202100026396;154 511;33;0;2;1;17;1
202100026397;154 509;80;0;0;7;1;3
202100026398;154 507;7;0;2;1;13;1
202100026398;154 508;7;0;2;1;1;1
202100026399;154 505;7;0;2;1;1;1
202100026399;154 506;7;0;0;4;9;1
202100026400;154 503;7;0;2;3;15;1
202100026400;154 504;7;0;2;1;17;1
202100026401;154 501;7;0;2;1;13;1
202100026401;154 502;7;0;2;1;1;1
202100026402;154 500;7;0;1;1;1;1
202100026403;154 498;7;0;2;4;1;1
202100026403;154 499;7;0;2;1;2;1
202100026404;154 496;7;0;2;1;2;1
202100026404;154 497;31;0;2;0;2;3
202100026405;154 494;7;0;2;4;1;1
202100026405;154 495;7;0;2;1;2;1
202100026406;154 493;10;0;0;9;16;1
202100026407;154 491;10;0;2;6;23;1
202100026407;154 492;7;1;1;2;2;1
202100026408;154 490;7;3;0;2;2;1
202100026409;154 488;13;0;2;3;1;1
202100026409;154 489;7;0;2;3;18;1
202100026410;154 487;10;4;0;2;1;1
202100026411;154 485;7;0;2;7;0;1
202100026411;154 486;33;0;2;0;0;1
202100026412;154 483;31;0;2;7;3;0
202100026412;154 484;7;0;2;8;1;1
202100026413;154 482;30;0;1;7;21;1
202100026414;154 480;40;0;2;0;0;3
202100026414;154 481;1;0;4;1;26;5
202100026415;154 479;7;0;1;1;15;1
202100026416;154 478;7;0;1;1;1;1
202100026417;154 477;43;0;9;3;21;1
202100026418;154 475;7;0;2;4;1;1
202100026418;154 476;7;0;0;4;1;1
202100026419;154 474;10;4;0;0;11;1
202100026420;154 472;7;0;2;3;1;1
202100026420;154 473;7;0;2;2;15;1
202100026421;154 470;7;0;9;6;16;1
202100026421;154 471;50;0;2;2;1;3
202100026422;154 468;10;0;2;2;1;1
202100026422;154 469;50;0;2;2;11;3
202100026423;154 467;2;0;0;0;26;1
202100026424;154 464;7;0;2;4;2;1
202100026424;154 465;7;3;2;4;2;1
202100026424;154 466;7;0;2;1;9;1
202100026425;154 462;7;0;4;4;2;1
202100026425;154 463;7;14;2;1;1;1
202100026426;154 461;33;3;0;1;14;1
202100026427;154 459;7;0;2;1;1;1
202100026427;154 460;50;0;2;8;19;3
202100026428;154 457;7;0;0;8;1;1
202100026428;154 458;7;0;2;2;1;1
202100026429;154 456;7;1;0;1;14;1
202100026430;154 454;7;0;2;3;15;1
202100026430;154 455;2;0;2;2;21;1
202100026431;154 452;1;1;0;1;1;5
202100026431;154 453;7;0;9;7;24;1
202100026432;154 451;30;0;0;7;1;1
202100026433;154 449;1;0;2;1;26;0
202100026433;154 450;7;0;2;6;9;1
202100026434;154 447;7;0;0;0;0;1
202100026434;154 448;7;0;2;1;2;1
202100026435;154 445;2;1;2;1;1;1
202100026435;154 446;10;0;2;2;10;1
202100026436;154 444;33;0;2;1;12;1
202100026437;154 442;50;0;2;1;1;3
202100026437;154 443;1;0;2;1;1;5
202100026438;154 440;7;0;2;0;1;0
202100026438;154 441;30;0;2;2;11;0
202100026439;154 439;7;2;0;1;14;0
202100026440;154 438;10;0;1;1;1;1
202100026441;154 436;7;0;2;1;9;1
202100026441;154 437;1;0;2;7;1;5
202100026442;154 434;7;0;2;3;20;1
202100026442;154 435;1;0;2;1;1;5
202100026443;154 432;30;0;2;1;1;1
202100026443;154 433;7;0;2;2;1;1
202100026444;154 430;1;0;2;1;1;5
202100026444;154 431;7;0;2;5;23;1
202100026445;154 428;60;0;2;7;19;5
202100026445;154 429;7;0;2;1;1;1
202100026446;154 426;3;0;2;1;15;1
202100026446;154 427;32;0;2;3;1;1
202100026447;154 425;2;0;1;1;26;1
202100026448;154 423;30;0;2;5;9;1
202100026448;154 424;7;0;2;0;0;1
202100026449;154 421;7;0;2;3;9;1
202100026449;154 422;32;0;2;1;1;1
202100026450;154 420;2;0;0;0;26;1
202100026451;154 419;31;0;0;0;26;1
202100026452;154 417;7;0;2;1;1;1
202100026452;154 418;7;0;2;6;24;1
202100026453;154 415;7;0;9;1;0;1
202100026453;154 416;30;0;2;3;19;1
202100026454;154 414;2;0;1;1;26;1
202100026455;154 413;1;16;0;0;1;5
202100026456;154 411;1;0;2;1;1;5
202100026456;154 412;7;0;9;6;24;1
202100026457;154 409;33;0;2;1;2;1
202100026457;154 410;7;0;2;4;2;1
202100026458;154 408;7;0;1;1;26;1
202100026459;154 405;7;0;2;1;2;1
202100026459;154 406;7;0;2;4;2;1
202100026459;154 407;7;0;2;6;26;1
202100026460;154 404;7;17;0;9;13;1
202100026461;154 402;7;0;2;3;5;1
202100026461;154 403;7;0;2;3;1;1
202100026462;154 401;7;1;0;1;16;1
202100026463;154 398;7;0;2;0;0;1
202100026463;154 399;7;0;2;0;0;1
202100026463;154 400;7;0;2;0;0;1
202100026464;154 397;7;0;0;1;13;1
202100026465;154 395;7;0;2;1;1;1
202100026465;154 396;7;0;2;1;13;1
202100026466;154 393;50;0;2;3;1;3
202100026466;154 394;7;0;9;8;15;1
202100026467;154 389;33;0;2;7;17;1
202100026467;154 390;7;0;2;8;1;1
202100026468;154 387;7;0;0;0;0;1
202100026468;154 388;30;0;2;0;0;1
202100026469;154 386;10;0;1;2;1;1
202100026470;154 384;7;0;2;3;1;1
202100026470;154 385;30;0;2;1;19;1
202100026471;154 382;1;0;2;2;1;0
202100026471;154 383;10;0;2;3;9;1
202100026472;154 379;7;0;2;7;16;1
202100026472;154 380;30;0;2;8;1;1
202100026473;154 377;7;0;2;7;1;1
202100026473;154 378;7;0;2;3;1;1
202100026474;154 376;7;2;0;1;13;1
202100026475;154 374;7;0;2;5;1;1
202100026475;154 375;30;0;2;1;14;1
202100026476;154 372;7;0;9;2;15;1
202100026476;154 373;33;0;2;8;16;1
202100026477;154 370;7;0;0;3;16;2
202100026477;154 371;1;0;2;2;1;5
202100026478;154 366;1;0;2;1;26;0
202100026478;154 367;7;0;2;3;9;1
202100026479;154 364;7;0;2;7;15;2
202100026479;154 365;31;0;2;1;1;0
202100026480;154 363;7;0;1;7;1;1
202100026481;154 361;7;0;2;3;15;1
202100026481;154 362;7;0;2;2;1;1
202100026482;154 360;33;0;1;1;17;1
202100026483;154 359;7;3;0;1;0;0
202100026484;154 357;7;0;0;2;15;1
202100026484;154 358;33;0;2;7;1;1
202100026485;154 355;7;0;2;1;9;0
202100026485;154 356;7;0;2;7;1;1
202100026486;154 354;1;12;0;0;26;5
202100026487;154 352;7;0;2;2;1;1
202100026487;154 353;2;0;2;4;1;1
202100026488;154 350;2;0;2;2;1;1
202100026488;154 351;7;0;2;3;19;1
202100026489;154 349;7;0;1;1;21;1
202100026490;154 347;10;0;2;4;2;1
202100026490;154 348;33;0;2;1;2;1
202100026491;154 346;14;0;1;3;1;1
202100026492;154 345;30;0;1;1;1;0
202100026493;154 343;32;0;2;1;1;1
202100026493;154 344;50;0;2;1;12;3
202100026494;154 341;14;0;2;2;17;1
202100026494;154 342;7;0;2;6;22;1
202100026495;154 339;7;0;2;1;2;1
202100026495;154 340;30;0;2;4;2;1
202100026496;154 338;10;0;1;2;16;1
202100026497;154 336;30;0;2;7;5;1
202100026497;154 337;7;0;2;2;15;1
202100026498;154 335;50;0;1;2;25;3
202100026499;154 333;32;0;2;1;2;1
202100026499;154 334;7;0;2;6;23;2
202100026500;154 331;50;0;2;5;1;3
202100026500;154 332;43;0;2;2;1;1
202100026501;154 329;7;0;2;6;1;1
202100026501;154 330;32;0;2;5;18;1
202100026502;154 327;10;0;2;2;1;3
202100026502;154 328;1;0;2;3;13;5
202100026503;154 325;7;0;2;8;22;2
202100026503;154 326;1;0;2;1;1;5
202100026504;154 323;43;0;2;8;18;1
202100026504;154 324;7;0;2;2;16;2
202100026505;154 321;2;0;2;3;1;1
202100026505;154 322;2;0;2;8;15;1
202100026506;154 319;32;0;2;1;1;1
202100026506;154 320;7;0;2;6;15;1
202100026507;154 318;7;0;1;3;1;2
202100026508;154 317;32;0;0;0;16;1
202100026509;154 316;34;4;0;3;17;1
202100026510;154 314;50;12;2;2;1;3
202100026510;154 315;30;0;9;1;0;0
202100026511;154 312;7;16;2;3;9;1
202100026511;154 313;13;16;0;0;0;1
202100026512;154 310;7;0;2;4;2;1
202100026512;154 311;7;0;2;1;2;1
202100026513;154 308;7;0;2;2;15;1
202100026513;154 309;33;0;2;1;1;1
202100026514;154 306;14;0;2;4;16;0
202100026514;154 307;7;0;2;8;16;0
202100026515;154 305;7;0;1;2;1;1
202100026516;154 303;10;0;2;7;15;1
202100026516;154 304;2;0;2;1;1;1
202100026517;154 301;32;0;2;0;0;0
202100026517;154 302;7;0;2;7;15;1
202100026518;154 299;33;0;2;1;1;1
202100026518;154 300;7;0;2;0;15;0
202100026519;154 297;1;0;2;1;17;5
202100026519;154 298;7;0;2;3;22;1
202100026520;154 294;7;0;2;0;0;1
202100026520;154 295;7;0;2;0;5;1
202100026520;154 296;7;0;2;0;2;1
202100026521;154 292;13;0;2;0;0;6
202100026521;154 293;7;0;0;0;1;1
202100026522;154 290;7;0;9;1;1;1
202100026522;154 291;1;0;2;2;15;5
202100026523;154 287;7;14;0;0;1;1
202100026523;154 288;17;0;0;5;1;1
202100026523;154 289;7;4;2;1;14;1
202100026524;154 286;7;0;1;1;16;1
202100026525;154 285;7;13;0;2;1;1
202100026526;154 283;7;0;2;1;2;1
202100026526;154 284;7;4;0;4;1;1
202100026527;154 281;7;0;2;1;15;1
202100026527;154 282;33;0;2;1;17;1
202100026528;154 277;7;0;0;4;23;1
202100026528;154 278;7;0;2;4;23;1
202100026528;154 279;17;0;2;4;2;1
202100026528;154 280;17;0;2;1;2;1
202100026529;154 275;7;0;2;7;1;1
202100026529;154 276;7;0;2;1;1;1
202100026530;154 273;7;0;0;1;26;2
202100026530;154 274;3;0;0;1;26;1
202100026531;154 271;7;0;2;8;15;1
202100026531;154 272;33;0;2;1;1;1
202100026532;154 269;14;0;0;6;1;1
202100026532;154 270;7;0;2;2;17;1
202100026533;154 266;1;0;2;4;2;5
202100026533;154 267;7;0;9;1;2;1
202100026533;154 268;1;0;2;4;2;5
202100026534;154 264;7;0;2;3;2;1
202100026534;154 265;33;0;2;1;2;1
202100026535;154 262;1;0;2;6;16;5
202100026535;154 263;7;0;2;2;9;1
202100026536;154 261;7;2;0;1;0;1
202100026537;154 260;33;0;6;6;1;1
202100026538;154 258;7;0;0;8;1;1
202100026538;154 259;7;0;2;1;1;1
202100026539;154 257;7;7;0;1;1;1
202100026540;154 255;33;16;2;8;26;1
202100026540;154 256;21;0;2;7;15;1
202100026541;154 253;7;0;2;1;1;1
202100026541;154 254;50;0;2;4;26;3
202100026542;154 251;10;7;2;3;13;1
202100026542;154 252;10;0;2;3;13;1
202100026543;154 250;7;13;0;1;13;1
202100026544;154 249;33;0;5;1;1;1
202100026545;154 248;7;16;0;0;2;0
202100026546;154 247;7;2;0;1;16;1
202100026547;154 244;2;0;2;1;1;1
202100026547;154 245;7;0;2;2;15;1
202100026547;154 246;7;0;9;1;23;1
202100026548;154 243;10;0;1;1;1;1
202100026549;154 242;1;13;0;1;0;5
202100026550;154 240;1;0;2;3;1;5
202100026550;154 241;14;0;2;5;17;1
202100026551;154 239;10;0;1;2;1;0
202100026552;154 237;7;0;2;1;1;1
202100026552;154 238;14;0;2;7;1;1
202100026553;154 236;7;16;0;9;14;1
202100026554;154 233;7;0;2;3;1;1
202100026554;154 234;21;0;2;1;16;1
202100026554;154 235;7;0;2;3;13;1
202100026555;154 231;33;0;2;1;1;1
202100026555;154 232;7;0;2;3;9;1
202100026556;154 229;7;0;2;3;19;1
202100026556;154 230;7;0;2;2;1;1
202100026557;154 227;33;0;0;0;1;1
202100026557;154 228;7;0;0;0;9;1
202100026558;154 225;7;0;2;3;1;1
202100026558;154 226;2;0;2;1;1;1
202100026559;154 224;7;0;0;0;21;1
202100026560;154 222;33;0;2;1;1;1
202100026560;154 223;7;0;0;6;10;1
202100026561;154 221;7;2;0;3;2;1
202100026562;154 220;7;2;0;1;1;1
202100026563;154 219;7;16;0;1;26;1
202100026564;154 217;7;0;2;4;1;1
202100026564;154 218;7;0;2;1;17;1
202100026565;154 215;7;0;2;1;13;1
202100026565;154 216;7;0;2;3;1;1
202100026566;154 212;7;0;2;2;1;1
202100026566;154 213;17;0;2;3;1;1
202100026566;154 214;7;2;2;1;17;1
202100026567;154 211;33;14;0;8;1;1
202100026568;154 210;7;2;0;1;1;1
202100026569;154 209;0;0;1;1;1;0
202100026570;154 207;7;0;2;2;19;1
202100026570;154 208;7;0;2;1;1;1
202100026571;154 206;31;0;1;1;1;1
202100026572;154 205;33;0;0;7;1;1
202100026573;154 203;31;0;2;1;1;1
202100026573;154 204;7;7;2;2;1;1
202100026574;154 201;7;0;2;2;1;1
202100026574;154 202;33;0;2;1;0;1
202100026575;154 200;7;13;0;1;14;1
202100026576;154 199;7;15;0;2;0;1
202100026577;154 198;2;13;0;1;1;1
202100026578;154 196;2;0;2;1;1;1
202100026578;154 197;7;0;2;3;15;1
202100026579;154 194;1;0;2;3;1;5
202100026579;154 195;31;0;9;3;17;1
202100026580;154 193;33;16;0;1;1;1
202100026581;154 192;7;2;0;1;1;1
202100026582;154 190;7;0;2;1;16;1
202100026582;154 191;31;0;2;7;1;1
202100026583;154 187;31;0;0;0;1;1
202100026583;154 188;7;0;0;0;1;1
202100026583;154 189;7;0;0;0;11;1
202100026584;154 185;7;0;2;6;1;1
202100026584;154 186;2;0;2;1;15;1
202100026585;154 183;34;0;2;1;1;1
202100026585;154 184;7;0;2;1;0;1
202100026586;154 181;7;0;2;3;15;1
202100026586;154 182;33;0;2;1;1;1
202100026587;154 180;7;7;0;2;1;1
202100026588;154 178;1;0;2;1;5;5
202100026588;154 179;1;0;2;1;16;5
202100026589;154 176;7;0;0;8;15;1
202100026589;154 177;7;0;2;1;1;1
202100026590;154 174;21;0;2;6;19;1
202100026590;154 175;7;0;2;1;0;1
202100026591;154 173;33;0;0;0;26;1
202100026592;154 171;7;0;2;4;1;1
202100026592;154 172;10;0;2;2;2;1
202100026593;154 168;7;0;2;1;12;1
202100026593;154 169;7;0;2;4;2;1
202100026593;154 170;33;0;2;4;1;1
202100026594;154 166;7;0;2;4;2;1
202100026594;154 167;7;0;2;1;2;1
202100026595;154 165;7;2;0;1;0;1
202100026596;154 163;7;0;2;1;0;1
202100026596;154 164;7;0;2;6;0;1
202100026597;154 162;10;0;0;0;26;1
202100026598;154 160;33;0;2;7;0;1
202100026598;154 161;7;0;2;6;2;1
202100026599;154 158;34;0;0;0;0;1
202100026599;154 159;7;0;0;0;26;1
202100026600;154 156;34;0;2;8;9;0
202100026600;154 157;7;0;2;2;14;0
202100026601;154 155;7;3;0;1;16;1
202100026602;154 153;7;0;2;4;12;1
202100026602;154 154;33;0;2;1;3;1
202100026603;154 152;7;4;0;3;1;1
202100026604;154 151;7;0;1;3;1;1
202100026605;154 149;33;0;2;1;3;1
202100026605;154 150;7;0;2;6;1;1
202100026606;154 147;7;0;2;4;2;1