Num_Acc;id_vehicule;categorie_vehicule;obstacle_fixe;obstacle_mobile;point_choc_initial;manoeuvre_principale;motorisation
202100026606;154 148;10;0;2;1;1;1
202100026607;154 146;7;0;1;2;1;1
202100026608;154 144;7;0;0;8;1;1
202100026608;154 145;33;0;0;8;1;1
202100026609;154 142;33;0;2;2;17;1
202100026609;154 143;33;0;2;2;17;1
202100026610;154 140;7;0;2;2;1;1
202100026610;154 141;7;8;2;1;1;1
202100026611;154 139;7;4;0;6;17;1
202100026612;154 137;7;0;2;6;21;1
202100026612;154 138;7;0;2;6;1;1
202100026613;154 136;33;8;0;1;0;1
202100026614;154 134;1;0;2;1;2;5
202100026614;154 135;1;0;2;1;2;5
202100026615;154 131;7;0;2;2;1;1
202100026615;154 132;7;0;2;2;7;1
202100026615;154 133;10;0;2;4;23;1
202100026616;154 129;7;0;2;3;13;1
202100026616;154 130;7;12;2;1;1;1
202100026617;154 128;7;0;1;5;20;1
202100026618;154 126;7;0;2;1;2;1
202100026618;154 127;7;0;2;4;2;1
202100026619;154 124;10;0;2;3;9;1
202100026619;154 125;33;0;2;7;3;1
202100026620;154 123;7;4;0;1;17;1
202100026621;154 121;7;0;2;3;1;1
202100026621;154 122;30;0;2;1;1;1
202100026622;154 119;7;0;2;5;16;1
202100026622;154 120;2;0;2;3;1;1
202100026623;154 118;7;0;1;1;14;1
202100026624;154 117;7;0;1;2;1;1
202100026625;154 115;33;0;2;3;15;1
202100026625;154 116;7;0;2;5;12;1
202100026626;154 114;37;14;0;8;1;1
202100026627;154 113;7;0;1;2;17;1
202100026628;154 111;1;0;2;2;1;5
202100026628;154 112;7;0;2;1;11;1
202100026629;154 109;7;0;2;6;11;1
202100026629;154 110;7;0;2;2;1;1
202100026630;154 108;7;0;1;1;1;1
202100026631;154 106;2;0;9;1;1;1
202100026631;154 107;1;0;2;0;19;5
202100026632;154 103;7;0;2;1;2;1
202100026632;154 104;7;0;2;4;2;1
202100026632;154 105;7;0;2;4;23;1
202100026633;154 102;30;0;0;0;26;1
202100026634;154 100;7;0;2;7;1;1
202100026634;154 101;10;0;2;1;9;2
202100026635;154 097;7;0;2;4;0;1
202100026635;154 098;7;0;2;1;1;1
202100026635;154 099;7;0;2;3;0;1
202100026636;154 095;7;0;2;3;11;1
202100026636;154 096;10;0;2;7;1;0
202100026637;154 093;7;0;2;1;1;1
202100026637;154 094;7;0;2;4;1;1
202100026638;154 091;7;0;2;7;1;1
202100026638;154 092;7;0;2;1;1;1
202100026639;154 088;7;0;2;4;0;1
202100026639;154 089;7;0;2;4;0;1
202100026639;154 090;7;0;2;1;0;1
202100026640;154 086;10;0;2;1;19;1
202100026640;154 087;7;0;2;7;19;1
202100026641;154 085;7;12;0;1;19;1
202100026642;154 083;33;0;2;1;1;1
202100026642;154 084;7;0;2;7;9;1
202100026643;154 082;7;1;0;1;17;1
202100026644;154 080;7;0;2;1;9;1
202100026644;154 081;3;0;2;5;1;1
202100026645;154 079;33;16;0;7;1;1
202100026646;154 078;7;16;0;2;1;1
202100026647;154 076;7;0;2;2;17;1
202100026647;154 077;7;0;2;0;0;1
202100026648;154 074;7;0;2;3;26;1
202100026648;154 075;1;0;2;2;26;5
202100026649;154 072;1;0;2;4;19;5
202100026649;154 073;7;0;2;2;9;1
202100026650;154 069;7;0;2;2;26;1
202100026650;154 070;7;0;2;2;26;1
202100026650;154 071;7;0;2;3;9;1
202100026651;154 067;7;0;2;4;2;1
202100026651;154 068;7;0;2;1;26;1
202100026652;154 066;50;0;0;0;26;3
202100026653;154 064;7;0;2;0;5;1
202100026653;154 065;7;0;2;2;23;1
202100026654;154 062;7;0;2;5;23;2
202100026654;154 063;7;8;2;1;1;1
202100026655;154 060;7;0;2;4;23;1
202100026655;154 061;7;0;2;1;2;1
202100026656;154 058;1;0;2;1;1;5
202100026656;154 059;7;0;2;1;1;1
202100026657;154 057;7;0;1;3;1;1
202100026658;154 056;7;6;0;1;1;1
202100026659;154 055;7;2;0;0;1;1
202100026660;154 054;7;12;0;1;26;1
202100026661;154 052;7;0;2;3;19;1
202100026661;154 053;31;0;2;1;1;1
202100026662;154 050;7;0;2;6;15;1
202100026662;154 051;7;0;2;3;1;1
202100026663;154 048;7;0;2;8;2;1
202100026663;154 049;7;0;2;1;15;1
202100026664;154 046;33;0;2;1;2;
202100026664;154 047;2;0;2;4;1;1
202100026665;154 045;7;9;0;1;1;1
202100026666;154 044;30;0;1;1;0;1
202100026667;154 042;7;0;2;4;2;1
202100026667;154 043;7;0;2;1;2;1
202100026668;154 040;7;0;2;4;1;1
202100026668;154 041;10;0;2;1;1;0
202100026669;154 038;7;0;2;4;23;1
202100026669;154 039;7;0;2;1;1;1
202100026670;154 036;7;1;2;1;26;1
202100026670;154 037;33;1;2;8;2;1
202100026671;154 034;31;0;2;1;1;1
202100026671;154 035;7;0;2;4;1;1
202100026672;154 030;80;0;2;4;1;3
202100026672;154 031;7;0;2;1;19;1
202100026673;154 029;37;0;1;2;20;3
202100026674;154 028;7;0;1;2;1;1
202100026675;154 024;14;0;2;1;2;1
202100026675;154 025;10;0;2;4;2;1
202100026675;154 026;7;0;2;4;2;1
202100026675;154 027;10;0;2;4;2;1
202100026676;154 022;7;0;2;8;1;1
202100026676;154 023;7;0;2;7;12;2
202100026677;154 021;33;0;1;1;1;3
202100026678;154 019;7;0;2;3;9;1
202100026678;154 020;2;0;2;2;1;1
202100026679;154 018;50;0;0;0;16;3
202100026680;154 016;10;0;2;3;13;1
202100026680;154 017;32;0;2;1;16;1
202100026681;154 015;7;0;1;1;15;1
202100026682;154 013;31;0;2;2;9;1
202100026682;154 014;7;0;2;3;1;1
202100026683;154 012;50;0;1;1;1;3
202100026684;154 010;10;0;2;7;15;2
202100026684;154 011;1;0;2;1;1;5
202100026685;154 008;10;0;2;3;22;1
202100026685;154 009;1;0;2;1;1;5
202100026686;154 007;1;0;1;1;1;5
202100026687;154 006;7;0;1;3;15;1
202100026688;154 005;32;4;0;2;16;1
202100026689;154 004;31;0;2;8;21;1
202100026690;154 002;7;0;2;2;9;1
202100026690;154 003;1;0;2;1;1;5
202100026691;154 001;32;0;0;3;13;1
202100026692;154 000;17;6;0;1;2;1
202100026693;153 998;10;0;2;1;26;1
202100026693;153 999;50;0;2;8;25;3
202100026694;153 996;1;0;2;2;1;0
202100026694;153 997;32;0;2;2;1;1
202100026695;153 995;33;12;0;0;2;1
202100026696;153 993;7;0;2;1;1;1
202100026696;153 994;33;0;2;1;1;1
202100026697;153 991;7;0;2;1;10;1
202100026697;153 992;7;0;2;3;2;1
202100026698;153 989;7;0;2;2;16;1
202100026698;153 990;43;0;2;3;1;1
202100026699;153 985;1;1;0;8;1;0
202100026699;153 986;15;0;2;0;22;1
202100026700;153 983;7;0;2;1;15;1
202100026700;153 984;32;0;2;8;1;1
202100026701;153 981;7;0;2;3;1;1
202100026701;153 982;7;0;2;1;5;1
202100026702;153 979;7;0;0;3;20;1
202100026702;153 980;36;0;2;7;17;1
202100026703;153 978;33;13;0;1;1;1
202100026704;153 977;33;13;0;1;1;1
202100026705;153 976;10;15;0;3;1;1
202100026706;153 974;10;0;0;0;1;0
202100026706;153 975;33;0;9;1;1;1
202100026707;153 973;7;13;0;1;1;2
202100026708;153 972;7;7;0;2;0;1
202100026709;153 971;33;0;6;0;2;1
202100026710;153 969;2;0;2;1;1;1
202100026710;153 970;7;0;2;3;15;0
202100026711;153 967;33;0;2;8;1;1
202100026711;153 968;33;0;2;7;2;1
202100026712;153 965;7;0;2;3;16;1
202100026712;153 966;7;0;2;2;1;1
202100026713;153 964;33;13;0;1;21;1
202100026714;153 963;7;13;9;2;0;1
202100026715;153 962;33;13;0;8;1;1
202100026716;153 961;7;0;1;8;17;1
202100026717;153 960;33;13;0;0;2;1
202100026718;153 958;7;0;2;3;15;1
202100026718;153 959;33;0;2;1;1;1
202100026719;153 956;2;0;2;8;19;1
202100026719;153 957;7;0;2;1;1;1
202100026720;153 955;7;17;0;1;13;1
202100026721;153 953;7;0;2;1;13;1
202100026721;153 954;10;0;2;1;1;1
202100026722;153 951;7;0;0;1;2;1
202100026722;153 952;33;0;0;4;2;1
202100026723;153 949;7;0;2;2;21;1
202100026723;153 950;1;0;2;8;19;5
202100026724;153 948;80;0;0;0;1;3
202100026725;153 946;7;0;2;2;19;1
202100026725;153 947;43;0;2;1;1;1
202100026726;153 944;7;0;2;1;1;1
202100026726;153 945;7;0;2;1;13;1
202100026727;153 943;7;3;0;3;13;1
202100026728;153 942;7;6;0;2;21;1
202100026729;153 941;33;13;0;0;1;1
202100026730;153 940;7;2;0;1;13;1
202100026731;153 938;7;0;0;8;15;1
202100026731;153 939;33;0;2;1;17;1
202100026732;153 937;7;7;0;1;1;1
202100026733;153 935;7;0;2;8;19;1
202100026733;153 936;33;0;2;1;1;1
202100026734;153 933;7;0;2;7;17;1
202100026734;153 934;33;0;2;9;1;1
202100026735;153 931;7;0;2;2;17;1
202100026735;153 932;32;0;2;3;15;1
202100026736;153 930;33;16;0;7;1;1
202100026737;153 927;7;0;2;1;17;1
202100026737;153 928;21;0;2;6;1;1
202100026738;153 925;7;3;2;3;2;1
202100026738;153 926;7;3;0;6;2;1
202100026739;153 924;7;4;0;3;1;1
202100026740;153 922;33;0;2;1;1;1
202100026740;153 923;7;14;2;3;9;1
202100026741;153 920;7;4;0;6;1;1
202100026741;153 921;14;0;2;2;12;1
202100026742;153 919;2;13;0;1;1;1
202100026743;153 917;17;0;2;2;1;1
202100026743;153 918;10;0;2;2;5;1
202100026744;153 916;14;1;0;2;2;1
202100026745;153 915;10;0;0;1;1;1
202100026746;153 913;2;0;2;1;1;1
202100026746;153 914;7;0;2;7;15;1
202100026747;153 912;7;13;0;7;1;1
202100026748;153 910;30;0;2;1;1;1
202100026748;153 911;7;0;2;7;15;1
202100026749;153 909;7;2;0;7;17;1
202100026750;153 907;7;0;0;3;15;1
202100026750;153 908;7;0;2;1;1;1
202100026751;153 905;1;0;2;1;1;5
202100026751;153 906;7;0;2;3;9;1
202100026752;153 903;7;0;2;8;13;1
202100026752;153 904;33;0;2;7;17;1
202100026753;153 901;1;0;2;1;1;5
202100026753;153 902;1;0;2;2;0;5
202100026754;153 900;7;0;1;1;2;1
202100026755;153 897;17;0;2;1;1;1
202100026755;153 898;7;0;2;8;1;1
202100026755;153 899;7;0;2;1;13;1
202100026756;153 895;7;0;0;3;26;1
202100026756;153 896;2;0;0;1;1;1
202100026757;153 894;7;13;0;2;1;1
202100026758;153 892;31;0;2;7;1;1
202100026758;153 893;7;3;2;8;11;1
202100026759;153 890;14;0;2;1;26;1
202100026759;153 891;7;0;2;3;26;1
202100026760;153 888;15;0;2;2;12;1
202100026760;153 889;7;0;0;6;1;1
202100026761;153 886;7;0;2;4;2;1
202100026761;153 887;7;0;2;1;2;1
202100026762;153 884;10;0;2;1;2;1
202100026762;153 885;7;0;2;4;2;1
202100026763;153 882;7;0;2;1;2;1
202100026763;153 883;7;0;2;4;2;2
202100026764;153 879;10;0;2;4;2;1
202100026764;153 880;7;0;2;4;2;1
202100026764;153 881;7;0;2;1;2;1
202100026765;153 878;43;15;0;8;1;1
202100026766;153 877;7;4;0;1;14;1
202100026767;153 875;7;0;2;1;1;1
202100026767;153 876;7;1;1;5;15;1
202100026768;153 874;10;0;1;1;1;1
202100026769;153 873;40;0;1;1;1;0
202100026770;153 869;7;0;2;1;13;1
202100026770;153 870;7;0;2;1;1;1
202100026771;153 868;10;13;0;1;16;1
202100026772;153 866;7;0;0;0;0;1
202100026772;153 867;30;0;2;0;1;1
202100026773;153 864;7;0;2;2;15;1
202100026773;153 865;7;0;2;1;1;1
202100026774;153 863;7;5;0;3;1;1
202100026775;153 862;7;0;2;2;16;1
202100026776;153 860;7;0;2;1;19;1
202100026776;153 861;1;0;2;6;1;5
202100026777;153 857;7;0;2;4;23;1
202100026777;153 858;7;0;2;1;1;1
202100026777;153 859;7;0;2;4;23;1
202100026778;153 855;30;0;2;1;1;1
202100026778;153 856;7;0;2;5;15;1
202100026779;153 854;7;1;0;1;1;1
202100026780;153 852;41;0;2;1;2;3
202100026780;153 853;7;0;2;4;2;1
202100026781;153 850;7;0;2;3;1;1
202100026781;153 851;7;0;2;3;13;1
202100026782;153 849;7;1;0;4;4;1
202100026783;153 848;7;1;0;1;14;1
202100026784;153 845;7;0;2;4;1;1
202100026784;153 846;31;0;2;1;18;1
202100026785;153 844;7;0;1;1;1;1
202100026786;153 843;15;0;1;2;1;1
202100026787;153 841;7;0;2;3;15;1
202100026787;153 842;60;0;2;2;0;5
202100026788;153 839;7;0;2;1;26;1
202100026788;153 840;1;0;2;5;26;5
202100026789;153 835;7;0;2;3;1;1
202100026789;153 836;7;1;2;1;17;1
202100026790;153 834;7;1;0;3;1;1
202100026791;153 832;7;0;2;3;15;1
202100026791;153 833;33;0;2;8;16;1
202100026792;153 831;7;8;0;1;1;1
202100026793;153 830;7;8;0;2;26;1
202100026794;153 828;7;0;2;4;2;1
202100026794;153 829;1;0;0;1;2;5
202100026795;153 826;32;0;9;1;10;0
202100026795;153 827;1;0;2;3;1;5
202100026796;153 825;7;9;0;1;9;1
202100026797;153 823;30;0;2;1;5;1
202100026797;153 824;7;0;2;1;2;1
202100026798;153 822;10;0;1;0;15;1
202100026799;153 821;1;0;1;2;1;5
202100026800;153 819;7;0;2;2;1;1
202100026800;153 820;50;0;2;1;5;3
202100026801;153 818;30;8;0;1;0;0
202100026802;153 817;30;5;0;4;0;1
202100026803;153 815;7;0;2;5;9;1
202100026803;153 816;31;0;2;3;9;1
202100026804;153 813;2;0;2;1;17;1
202100026804;153 814;2;0;2;4;1;1
202100026805;153 811;17;0;2;4;23;1
202100026805;153 812;7;0;2;1;2;1
202100026806;153 809;34;0;2;1;1;1
202100026806;153 810;7;0;2;8;15;1
202100026807;153 807;7;0;2;2;17;1
202100026807;153 808;7;0;2;3;15;1
202100026808;153 803;7;0;2;4;1;1
202100026808;153 804;7;0;2;4;1;1
202100026808;153 805;7;0;2;1;1;0
202100026808;153 806;7;0;2;4;1;1
202100026809;153 801;7;0;2;1;13;1
202100026809;153 802;7;0;2;1;1;1
202100026810;153 799;99;0;2;0;1;0
202100026810;153 800;99;0;2;0;9;0
202100026811;153 797;7;0;2;3;9;1
202100026811;153 798;60;0;2;1;1;5
202100026812;153 796;7;0;1;3;1;1
202100026813;153 794;33;0;2;1;2;1
202100026813;153 795;7;0;2;8;15;1
202100026814;153 792;7;0;0;8;1;1
202100026814;153 793;2;0;2;1;1;1
202100026815;153 790;7;0;2;3;9;1
202100026815;153 791;1;0;2;7;1;5
202100026816;153 788;7;0;2;3;1;1
202100026816;153 789;3;0;2;1;1;1
202100026817;153 785;7;8;2;3;16;1
202100026817;153 786;7;12;2;8;1;1
202100026817;153 787;7;12;2;8;23;1
202100026818;153 783;80;0;2;7;1;3
202100026818;153 784;7;0;2;3;15;1
202100026819;153 782;31;0;0;7;1;1
202100026820;153 780;17;0;2;4;26;1
202100026820;153 781;1;0;2;1;2;5
202100026821;153 779;7;14;0;1;16;1
202100026822;153 777;7;0;2;1;1;1
202100026822;153 778;7;0;2;5;15;1
202100026823;153 775;7;0;2;3;15;1
202100026823;153 776;30;0;2;1;1;1
202100026824;153 773;7;;2;3;17;1
202100026824;153 774;7;0;2;4;1;1
202100026825;153 771;10;0;2;7;1;1
202100026825;153 772;32;0;2;1;1;1
202100026826;153 768;43;14;0;8;0;1
202100026826;153 769;31;0;2;1;0;1
202100026826;153 770;7;0;2;0;16;1
202100026827;153 765;7;0;2;0;1;1
202100026827;153 766;7;0;2;1;1;1
202100026827;153 767;7;0;2;3;1;1
202100026828;153 763;7;0;2;0;26;0
202100026828;153 764;2;0;2;0;0;1
202100026829;153 762;37;0;1;2;1;1
202100026830;153 760;7;0;2;1;0;1
202100026830;153 761;7;0;2;1;1;1
202100026831;153 758;7;0;2;4;1;1
202100026831;153 759;7;0;2;1;1;1
202100026832;153 754;7;6;0;8;13;1
202100026833;153 753;7;0;1;1;15;1
202100026834;153 752;50;0;0;0;0;3
202100026835;153 750;7;0;2;2;14;1
202100026835;153 751;1;0;2;8;18;5
202100026836;153 748;7;0;2;1;1;1
202100026836;153 749;7;0;2;8;1;1
202100026837;153 747;14;3;0;7;13;1
202100026838;153 746;33;0;0;4;1;1
202100026839;153 744;1;0;0;0;0;0
202100026839;153 745;2;0;0;1;13;1
202100026840;153 743;7;9;0;1;26;1
202100026841;153 741;7;0;2;5;1;1
202100026841;153 742;32;0;2;1;1;1
202100026842;153 739;7;0;2;2;1;1
202100026842;153 740;2;0;2;5;1;1
202100026843;153 737;7;0;2;1;1;1
202100026843;153 738;7;0;2;1;15;1
202100026844;153 736;7;7;1;1;17;1
202100026845;153 734;7;0;2;3;7;1
202100026845;153 735;60;0;2;7;19;5
202100026846;153 732;7;0;2;3;1;1
202100026846;153 733;34;0;1;2;21;1
202100026847;153 730;2;0;2;1;17;3
202100026847;153 731;7;0;2;5;23;1
202100026848;153 728;7;0;2;6;1;1
202100026848;153 729;50;0;2;1;19;3
202100026849;153 727;50;0;0;0;21;3
202100026850;153 725;10;0;2;2;9;1
202100026850;153 726;32;0;2;1;1;1
202100026851;153 723;30;0;2;7;17;1
202100026851;153 724;38;0;2;3;15;1
202100026852;153 722;7;7;0;3;13;1
202100026853;153 721;7;0;1;3;9;1
202100026854;153 719;7;0;9;7;10;2
202100026854;153 720;80;0;2;8;1;3
202100026855;153 718;80;0;0;1;1;3
202100026856;153 715;7;0;2;0;9;1
202100026856;153 716;32;0;2;1;18;1
202100026856;153 717;7;0;2;4;23;1
202100026857;153 713;7;0;2;6;15;1
202100026857;153 714;32;0;2;1;1;1
202100026858;153 712;1;0;0;1;1;5
202100026859;153 711;50;0;0;2;1;3
202100026860;153 709;30;0;2;1;2;1
202100026860;153 710;7;0;2;5;2;1
202100026861;153 707;1;0;2;1;1;5
202100026861;153 708;7;0;2;1;19;1
202100026862;153 706;7;1;0;1;21;1
202100026863;153 703;7;0;2;4;23;1
202100026863;153 704;7;0;2;1;2;1
202100026863;153 705;7;0;2;4;23;1
202100026864;153 701;7;0;2;4;23;0
202100026864;153 702;7;0;2;1;26;0
202100026865;153 699;7;12;2;2;21;1
202100026865;153 700;7;0;0;0;0;1
202100026866;153 697;7;12;0;1;1;0
202100026866;153 698;7;0;2;3;15;0
202100026867;153 695;7;0;2;1;0;1
202100026867;153 696;7;0;0;4;23;1
202100026868;153 693;50;1;0;1;2;3
202100026868;153 694;7;1;2;8;22;1
202100026869;153 692;7;0;1;1;0;1
202100026870;153 690;7;0;2;2;16;1
202100026870;153 691;50;0;2;1;1;3
202100026871;153 688;33;0;2;1;1;1
202100026871;153 689;7;0;2;5;15;1
202100026872;153 686;7;0;2;1;1;1
202100026872;153 687;7;0;2;7;1;1
202100026873;153 684;10;0;2;1;2;0
202100026873;153 685;7;7;2;4;1;1
202100026874;153 681;10;0;2;1;2;1
202100026874;153 682;10;0;2;4;2;1
202100026874;153 683;10;0;2;4;2;1
202100026875;153 679;14;0;2;6;1;1
202100026875;153 680;1;0;2;1;26;5
202100026876;153 677;15;0;0;3;1;1
202100026876;153 678;7;0;2;3;0;1
202100026877;153 675;7;0;2;1;16;1
202100026877;153 676;7;0;2;1;15;1
202100026878;153 673;33;0;2;1;1;1
202100026878;153 674;7;0;0;7;17;1
202100026879;153 671;32;0;2;1;2;1
202100026879;153 672;7;0;2;3;15;1
202100026880;153 669;7;15;2;1;1;1
202100026880;153 670;7;0;2;2;1;1
202100026881;153 666;7;0;2;1;19;2
202100026881;153 667;10;0;2;2;1;1
202100026881;153 668;33;0;2;1;5;1
202100026882;153 665;7;2;0;8;1;1
202100026883;153 664;7;3;0;3;14;1
202100026884;153 662;7;0;2;6;26;1
202100026884;153 663;32;0;2;1;1;1
202100026885;153 659;10;0;2;1;1;1
202100026885;153 660;7;0;2;1;13;1
202100026886;153 658;2;10;0;1;1;1
202100026887;153 656;7;0;2;5;15;1
202100026887;153 657;33;0;2;1;1;1
202100026888;153 645;7;0;2;2;1;1
202100026888;153 646;7;0;2;1;1;1
202100026888;153 647;7;0;2;1;1;1
202100026888;153 648;10;0;2;4;1;1
202100026888;153 649;7;0;2;4;23;1
202100026888;153 650;7;0;2;1;1;1
202100026888;153 651;7;0;2;9;1;1
202100026888;153 652;7;0;2;4;23;1
202100026889;153 641;7;0;2;1;1;1
202100026889;153 642;7;0;2;4;1;1
202100026890;153 640;10;0;1;4;26;1
202100026891;153 638;2;0;2;8;19;1
202100026891;153 639;7;0;2;8;1;1
202100026892;153 637;7;13;0;2;2;1
202100026893;153 635;10;0;2;2;0;1
202100026893;153 636;7;0;2;3;2;1
202100026894;153 633;33;0;2;1;1;1
202100026894;153 634;7;0;2;1;15;1
202100026895;153 632;7;8;0;2;1;1
202100026896;153 630;7;0;2;6;17;1
202100026896;153 631;33;0;2;1;17;1
202100026897;153 629;7;13;0;2;1;1
202100026898;153 628;33;13;0;1;1;1
202100026899;153 627;7;2;0;2;1;1
202100026900;153 626;7;13;0;1;1;1
202100026901;153 624;7;0;2;3;1;1
202100026901;153 625;7;5;2;3;13;1
202100026902;153 623;3;6;0;1;20;1
202100026903;153 622;1;2;0;1;1;5
202100026904;153 619;33;0;2;1;13;1
202100026904;153 620;7;0;2;3;1;1
202100026904;153 621;10;0;2;8;1;1
202100026905;153 618;33;0;0;0;1;1
202100026906;153 616;17;0;2;1;1;1
202100026906;153 617;7;0;2;1;5;1
202100026907;153 614;7;0;9;3;1;1
202100026907;153 615;17;0;0;0;1;6
202100026908;153 612;7;0;2;3;1;3
202100026908;153 613;33;0;2;1;13;1
202100026909;153 610;7;13;2;1;17;1
202100026909;153 611;2;0;2;1;1;1
202100026910;153 609;15;3;0;3;2;1
202100026911;153 608;7;12;0;1;1;1
202100026912;153 607;30;0;0;0;20;1
202100026913;153 606;7;2;0;2;15;1
202100026914;153 605;32;0;0;9;1;3
202100026915;153 604;2;0;1;1;17;1
202100026916;153 603;7;0;1;3;1;1
202100026917;153 601;7;0;9;4;4;1
202100026917;153 602;1;0;2;0;0;5
202100026918;153 599;31;0;2;1;1;1
202100026918;153 600;7;0;2;1;15;1
202100026919;153 597;7;0;2;1;0;1
202100026919;153 598;7;0;0;4;23;1
202100026920;153 595;33;0;2;1;1;1
202100026920;153 596;7;0;2;6;10;1
202100026921;153 594;7;13;0;0;1;6
202100026922;153 591;7;0;2;0;13;0
202100026922;153 592;7;0;2;6;0;1
202100026922;153 593;2;0;2;8;21;1
202100026923;153 589;7;0;2;1;19;1
202100026923;153 590;7;0;2;8;1;1
202100026924;153 587;7;0;2;3;9;1
202100026924;153 588;30;0;2;5;1;1
202100026925;153 585;7;0;2;1;1;1
202100026925;153 586;7;0;0;4;1;1
202100026926;153 584;7;0;2;8;2;1
202100026927;153 582;32;0;2;1;2;1
202100026927;153 583;7;0;2;6;26;1
202100026928;153 580;7;0;2;4;1;1
202100026928;153 581;7;6;2;1;14;1
202100026929;153 577;7;14;2;8;21;1
202100026929;153 578;37;16;0;5;0;1
202100026929;153 579;15;0;2;8;0;1
202100026930;153 575;7;0;2;3;2;1
202100026930;153 576;7;4;2;3;1;1
202100026931;153 573;10;0;2;1;2;0
202100026931;153 574;7;0;2;4;2;1
202100026932;153 570;10;0;2;4;2;1
202100026932;153 571;7;0;2;4;2;1
202100026932;153 572;7;0;2;1;2;1
202100026933;153 568;7;0;2;1;1;1
202100026933;153 569;7;0;2;4;1;1
202100026934;153 567;31;0;0;8;0;1
202100026935;153 566;10;1;1;2;21;1
202100026936;153 565;7;4;0;1;1;1
202100026937;153 564;7;4;0;1;1;1
202100026938;153 561;7;7;2;3;18;1
202100026938;153 562;7;0;2;4;1;1
202100026938;153 563;7;4;2;5;1;1
202100026939;153 560;7;13;0;4;1;1
202100026940;153 558;7;0;2;3;9;1
202100026940;153 559;7;0;2;1;1;1
202100026941;153 556;1;0;2;1;1;5
202100026941;153 557;10;0;2;4;23;1
202100026942;153 554;7;0;2;1;2;1
202100026942;153 555;10;0;0;4;23;1
202100026943;153 552;7;0;2;3;0;1
202100026943;153 553;7;0;0;1;1;1
202100026944;153 551;7;0;0;9;1;1
202100026945;153 549;10;0;2;1;2;1
202100026945;153 550;30;0;2;4;23;1
202100026946;153 547;7;0;0;5;23;1
202100026946;153 548;30;0;2;5;1;3
202100026947;153 543;1;0;2;8;15;5
202100026947;153 544;31;0;2;7;17;1
202100026948;153 541;1;0;2;1;5;5
202100026948;153 542;1;0;2;1;15;5
202100026949;153 539;10;0;2;2;15;1
202100026949;153 540;30;0;2;1;1;1
202100026950;153 538;10;0;1;2;1;3
202100026951;153 536;7;0;2;4;2;1
202100026951;153 537;7;0;2;1;2;1
202100026952;153 534;30;0;2;1;2;3
202100026952;153 535;7;0;2;4;23;3
202100026953;153 532;80;0;2;1;1;3
202100026953;153 533;50;0;2;1;5;3
202100026954;153 530;7;0;2;8;15;1
202100026954;153 531;32;0;2;2;1;1
202100026955;153 528;34;0;2;6;13;1
202100026955;153 529;7;0;2;2;1;1
202100026956;153 526;10;8;0;4;24;1
202100026956;153 527;10;1;0;1;14;1
202100026957;153 525;7;4;0;2;1;1
202100026958;153 523;10;0;2;5;15;0
202100026958;153 524;10;0;2;2;1;0
202100026959;153 521;7;0;2;4;26;1
202100026959;153 522;7;0;2;1;0;1
202100026960;153 519;32;0;2;1;1;1
202100026960;153 520;7;0;2;1;1;1
202100026961;153 517;7;0;2;3;16;0
202100026961;153 518;34;0;2;1;1;1
202100026962;153 515;30;0;2;1;19;3
202100026962;153 516;13;0;2;8;16;1
202100026963;153 513;7;0;2;1;1;1
202100026963;153 514;7;0;2;1;11;1
202100026964;153 512;7;2;0;1;21;1
202100026965;153 510;0;0;2;7;1;3
202100026965;153 511;7;0;2;1;1;1
202100026966;153 508;7;0;2;8;1;1
202100026966;153 509;7;0;2;1;1;0
202100026967;153 506;7;0;1;1;26;1
202100026968;153 505;34;0;0;3;1;1
202100026969;153 504;30;1;0;7;19;1
202100026970;153 503;7;1;0;3;1;1
202100026971;153 502;7;13;0;9;1;1
202100026972;153 500;33;0;2;3;1;1
202100026972;153 501;7;0;2;3;13;1
202100026973;153 497;7;0;2;1;13;1
202100026973;153 498;15;0;2;3;1;0
202100026973;153 499;10;0;2;8;2;0
202100026974;153 495;33;8;0;1;0;0
202100026975;153 493;33;0;2;1;5;1
202100026975;153 494;7;0;2;1;1;1
202100026976;153 492;1;0;0;0;1;5
202100026977;153 491;7;15;0;1;0;1
202100026978;153 489;2;0;2;3;10;1
202100026978;153 490;7;0;2;7;17;1
202100026979;153 488;7;16;0;1;1;1
202100026980;153 486;7;0;2;7;19;1
202100026980;153 487;7;0;2;1;1;1
202100026981;153 485;7;1;0;1;1;1
202100026982;153 484;7;6;0;1;0;2
202100026983;153 482;2;0;2;1;1;1
202100026983;153 483;7;0;2;3;1;1
202100026984;153 478;33;0;2;1;2;1
202100026984;153 479;7;0;0;5;1;1
202100026985;153 476;80;0;2;6;1;3
202100026985;153 477;7;0;2;0;1;1
202100026986;153 475;7;17;0;1;1;1
202100026987;153 473;7;6;1;4;16;1
202100026987;153 474;7;0;2;1;1;1
202100026988;153 471;7;0;2;1;5;1
202100026988;153 472;15;0;2;3;1;1
202100026989;153 470;7;0;0;9;1;1
202100026990;153 468;7;0;2;1;26;1
202100026990;153 469;7;0;0;1;26;1
202100026991;153 466;7;0;2;1;1;1
202100026991;153 467;2;0;2;1;13;1
202100026992;153 464;7;0;2;5;1;1
202100026992;153 465;2;0;2;1;1;1
202100026993;153 462;7;0;2;1;1;1
202100026993;153 463;7;0;2;1;13;1
202100026994;153 460;7;0;2;2;15;1
202100026994;153 461;33;0;2;1;1;1
202100026995;153 459;7;8;0;1;1;1
202100026996;153 458;7;16;0;9;21;1
202100026997;153 457;7;8;0;0;21;1
202100026998;153 456;7;6;0;1;13;1
202100026999;153 454;39;0;4;1;1;1
202100026999;153 455;21;0;4;6;26;1
202100027000;153 452;7;4;2;3;1;1
202100027000;153 453;7;0;2;3;1;2