Num_Acc;id_vehicule;categorie_vehicule;obstacle_fixe;obstacle_mobile;point_choc_initial;manoeuvre_principale;motorisation
202100027392;152 750;10;0;2;2;1;1
202100027392;152 751;31;0;2;8;1;1
202100027393;152 748;32;0;2;3;1;1
202100027393;152 749;7;0;2;2;1;1
202100027394;152 746;7;0;2;7;1;2
202100027394;152 747;7;0;2;1;1;1
202100027395;152 744;7;0;2;7;1;1
202100027395;152 745;2;0;2;1;1;1
202100027396;152 742;7;0;2;1;19;1
202100027396;152 743;7;0;2;8;1;1
202100027397;152 740;7;0;2;1;1;1
202100027397;152 741;7;0;2;7;15;1
202100027398;152 738;1;0;2;3;19;5
202100027398;152 739;33;0;2;1;9;1
202100027399;152 736;34;0;2;1;16;1
202100027399;152 737;7;0;2;7;15;1
202100027400;152 735;7;12;0;1;1;1
202100027401;152 733;7;0;2;3;11;1
202100027401;152 734;7;0;2;3;1;1
202100027402;152 731;7;0;2;1;2;2
202100027402;152 732;7;4;2;4;1;1
202100027403;152 729;7;0;2;1;26;0
202100027403;152 730;33;9;2;1;1;1
202100027404;152 728;7;0;1;1;15;1
202100027405;152 726;7;0;2;2;15;1
202100027405;152 727;33;0;2;1;1;1
202100027406;152 724;10;0;2;1;5;1
202100027406;152 725;7;0;2;1;26;1
202100027407;152 723;10;1;0;3;1;1
202100027408;152 721;10;0;2;8;22;1
202100027408;152 722;1;1;0;1;1;0
202100027409;152 720;33;0;0;7;2;1
202100027410;152 719;21;6;0;9;2;1
202100027411;152 718;7;16;0;0;26;1
202100027412;152 716;7;0;0;5;12;0
202100027412;152 717;33;0;0;3;1;1
202100027413;152 712;33;0;0;4;23;1
202100027413;152 713;7;3;2;2;17;1
202100027413;152 714;7;0;0;6;23;1
202100027414;152 710;2;0;2;0;15;1
202100027414;152 711;7;0;2;0;16;1
202100027415;152 708;10;0;2;1;9;0
202100027415;152 709;7;0;2;2;1;1
202100027416;152 706;1;0;2;1;1;5
202100027416;152 707;7;0;2;3;1;1
202100027417;152 705;7;8;0;3;1;1
202100027418;152 704;7;2;0;1;1;1
202100027419;152 703;7;0;1;6;4;1
202100027420;152 702;7;2;0;3;14;1
202100027421;152 701;7;1;1;3;1;1
202100027422;152 700;10;14;0;8;2;1
202100027423;152 698;7;0;2;1;13;1
202100027423;152 699;2;0;2;1;1;1
202100027424;152 696;7;0;2;1;23;1
202100027424;152 697;7;0;2;8;1;1
202100027425;152 695;7;0;1;3;1;1
202100027426;152 694;7;13;0;1;0;1
202100027427;152 693;33;0;0;3;9;1
202100027428;152 692;10;0;0;1;14;0
202100027429;152 690;33;0;2;1;1;1
202100027429;152 691;7;0;0;5;1;1
202100027430;152 688;7;0;2;3;1;1
202100027430;152 689;7;0;2;3;19;1
202100027431;152 686;1;0;2;1;1;5
202100027431;152 687;7;0;2;3;15;1
202100027432;152 685;7;2;0;1;1;1
202100027433;152 684;7;6;0;2;1;1
202100027434;152 683;7;2;0;1;1;1
202100027435;152 682;33;0;0;0;0;1
202100027436;152 680;7;0;0;7;15;1
202100027436;152 681;33;0;2;1;1;1
202100027437;152 679;7;13;0;2;16;0
202100027438;152 678;7;2;0;1;15;2
202100027439;152 676;1;0;2;1;13;5
202100027439;152 677;7;0;9;1;1;1
202100027440;152 674;33;0;2;1;1;1
202100027440;152 675;7;0;2;6;19;1
202100027441;152 673;7;2;0;1;1;1
202100027442;152 672;7;0;0;9;0;1
202100027443;152 671;7;8;0;3;1;1
202100027444;152 670;7;0;1;0;1;1
202100027445;152 668;7;0;2;3;1;1
202100027445;152 669;7;0;2;3;1;1
202100027446;152 667;1;0;0;1;1;5
202100027447;152 665;7;0;2;1;1;1
202100027447;152 666;7;6;2;7;15;1
202100027448;152 663;2;0;2;0;2;1
202100027448;152 664;2;0;2;0;2;1
202100027449;152 661;7;0;2;1;1;1
202100027449;152 662;7;0;2;5;19;1
202100027450;152 660;7;6;0;9;1;1
202100027451;152 658;7;0;2;1;15;1
202100027451;152 659;7;0;2;3;9;1
202100027452;152 656;7;0;2;1;1;1
202100027452;152 657;10;0;2;1;13;1
202100027453;152 655;7;2;0;1;1;1
202100027454;152 653;33;0;2;2;17;1
202100027454;152 654;10;0;2;3;15;1
202100027455;152 651;7;0;2;3;1;1
202100027455;152 652;7;0;2;3;9;1
202100027456;152 649;7;0;2;1;1;1
202100027456;152 650;7;0;0;4;1;1
202100027457;152 648;7;0;1;1;1;1
202100027458;152 647;10;16;0;9;26;1
202100027459;152 646;7;10;0;2;1;1
202100027460;152 644;7;0;2;3;1;1
202100027460;152 645;7;0;2;1;14;1
202100027461;152 642;7;0;0;0;13;1
202100027461;152 643;33;16;0;0;14;1
202100027462;152 640;33;13;0;7;1;1
202100027462;152 641;33;13;0;7;1;1
202100027463;152 638;7;0;2;3;1;1
202100027463;152 639;2;0;2;1;17;1
202100027464;152 637;7;0;1;3;1;1
202100027465;152 635;2;0;2;1;17;1
202100027465;152 636;7;0;2;3;1;1
202100027466;152 633;33;0;2;1;17;1
202100027466;152 634;7;0;2;3;15;1
202100027467;152 631;7;4;0;9;1;1
202100027468;152 630;33;0;0;1;1;1
202100027469;152 628;7;0;2;6;1;1
202100027469;152 629;7;0;2;3;1;1
202100027470;152 626;33;0;2;1;19;1
202100027470;152 627;7;0;2;8;26;1
202100027471;152 625;7;6;0;3;1;6
202100027472;152 623;2;0;2;8;13;1
202100027472;152 624;7;0;2;7;1;1
202100027473;152 621;7;0;2;3;15;1
202100027473;152 622;33;0;2;1;17;1
202100027474;152 619;33;0;2;2;17;1
202100027474;152 620;7;0;2;8;15;1
202100027475;152 616;7;0;9;8;1;1
202100027475;152 617;7;0;2;3;1;1
202100027475;152 618;7;0;2;3;17;1
202100027476;152 614;2;0;2;1;13;1
202100027476;152 615;7;0;2;3;1;1
202100027477;152 610;7;0;2;4;23;1
202100027477;152 611;31;0;2;1;2;1
202100027478;152 608;7;0;2;4;1;1
202100027478;152 609;33;0;2;1;2;1
202100027479;152 607;7;2;0;9;26;1
202100027480;152 606;32;16;0;4;26;1
202100027481;152 603;7;0;2;4;2;1
202100027481;152 604;7;0;2;4;2;1
202100027481;152 605;7;0;2;1;2;1
202100027482;152 600;33;0;2;4;2;1
202100027482;152 601;7;0;2;1;2;1
202100027482;152 602;7;0;2;4;2;1
202100027483;152 599;7;0;9;1;12;1
202100027484;152 597;7;0;2;1;2;1
202100027484;152 598;7;0;2;4;2;1
202100027485;152 595;34;0;2;3;3;1
202100027485;152 596;7;0;2;2;1;1
202100027486;152 594;7;4;0;1;2;1
202100027487;152 593;33;0;0;4;1;1
202100027488;152 591;10;0;2;2;14;0
202100027488;152 592;1;0;2;2;1;5
202100027489;152 589;7;0;0;4;2;1
202100027489;152 590;7;0;2;1;2;1
202100027490;152 588;7;0;1;1;1;1
202100027491;152 586;7;0;2;0;15;1
202100027491;152 587;2;0;2;0;1;0
202100027492;152 584;31;0;2;7;1;1
202100027492;152 585;7;0;2;3;15;1
202100027493;152 583;33;0;0;0;0;1
202100027494;152 581;34;0;2;1;5;1
202100027494;152 582;7;0;2;2;1;1
202100027495;152 580;50;0;1;1;25;3
202100027496;152 579;1;0;1;1;5;5
202100027497;152 576;7;0;2;1;1;1
202100027497;152 577;7;0;2;4;1;1
202100027497;152 578;7;0;2;4;1;1
202100027498;152 574;7;0;2;3;1;1
202100027498;152 575;7;0;2;2;1;1
202100027499;152 573;7;0;1;2;1;1
202100027500;152 571;7;0;2;6;15;1
202100027500;152 572;33;0;2;1;1;1
202100027501;152 569;7;0;2;3;21;1
202100027501;152 570;7;0;2;2;13;1
202100027502;152 567;31;0;2;1;7;1
202100027502;152 568;7;0;2;2;16;1
202100027503;152 565;1;0;2;1;21;5
202100027503;152 566;7;0;2;2;15;1
202100027504;152 563;30;0;2;1;5;1
202100027504;152 564;7;0;2;3;1;1
202100027505;152 560;7;0;2;8;13;1
202100027505;152 561;10;0;2;8;1;1
202100027505;152 562;7;0;2;1;1;1
202100027506;152 559;1;0;0;7;1;5
202100027507;152 558;33;0;0;7;1;1
202100027508;152 556;50;0;2;7;15;3
202100027508;152 557;7;0;2;1;1;1
202100027509;152 554;7;0;2;1;1;1
202100027509;152 555;99;0;2;9;1;3
202100027510;152 552;7;15;2;8;16;1
202100027510;152 553;7;0;2;1;1;1
202100027511;152 550;7;0;2;4;2;1
202100027511;152 551;31;0;2;1;2;1
202100027512;152 548;2;0;2;4;14;0
202100027512;152 549;7;0;2;1;2;0
202100027513;152 546;33;0;2;1;1;1
202100027513;152 547;7;0;2;1;15;1
202100027514;152 545;7;0;1;1;1;1
202100027515;152 543;7;0;2;5;16;0
202100027515;152 544;50;0;2;1;1;3
202100027516;152 542;7;0;1;1;26;1
202100027517;152 539;7;0;2;4;15;1
202100027517;152 540;7;0;2;1;1;1
202100027517;152 541;7;0;2;1;1;1
202100027518;152 537;33;0;2;8;16;1
202100027518;152 538;7;0;2;1;15;1
202100027519;152 535;1;0;2;2;19;5
202100027519;152 536;80;0;2;1;1;3
202100027520;152 533;7;0;2;0;0;1
202100027520;152 534;7;0;2;1;1;1
202100027521;152 531;31;0;2;1;15;1
202100027521;152 532;7;0;2;3;9;2
202100027522;152 529;43;0;2;1;1;1
202100027522;152 530;7;0;2;6;10;1
202100027523;152 528;30;6;0;1;14;1
202100027524;152 527;30;0;0;8;9;3
202100027525;152 526;7;0;1;3;16;1
202100027526;152 525;2;0;1;1;26;1
202100027527;152 524;38;0;1;3;15;1
202100027528;152 523;30;14;0;1;1;1
202100027529;152 521;7;0;2;1;26;1
202100027529;152 522;2;0;2;1;26;0
202100027530;152 519;7;0;2;2;15;1
202100027530;152 520;7;0;2;1;1;1
202100027531;152 517;7;0;2;1;9;1
202100027531;152 518;2;0;2;1;2;1
202100027532;152 514;7;1;2;1;0;1
202100027532;152 515;7;1;2;0;0;1
202100027532;152 516;7;0;2;1;9;1
202100027533;152 513;10;0;1;1;0;1
202100027534;152 511;7;0;2;3;18;1
202100027534;152 512;1;0;2;7;21;5
202100027535;152 509;32;0;0;0;0;1
202100027535;152 510;7;0;2;2;9;1
202100027536;152 507;7;0;2;3;1;1
202100027536;152 508;7;0;2;7;15;1
202100027537;152 505;7;0;2;3;15;1
202100027537;152 506;30;0;2;1;2;1
202100027538;152 503;99;0;2;1;1;0
202100027538;152 504;33;0;2;2;1;1
202100027539;152 502;7;1;0;2;14;1
202100027540;152 500;80;1;0;0;0;3
202100027540;152 501;7;0;2;3;24;1
202100027541;152 498;7;0;2;1;2;1
202100027541;152 499;7;0;2;2;2;1
202100027542;152 497;7;1;0;1;1;1
202100027543;152 496;7;8;0;0;2;1
202100027544;152 494;7;0;2;1;1;1
202100027544;152 495;2;0;2;1;1;1
202100027545;152 493;1;0;0;0;1;5
202100027546;152 491;7;0;2;1;20;2
202100027546;152 492;1;0;2;7;1;5
202100027547;152 488;17;0;2;3;1;1
202100027547;152 489;7;0;2;4;1;1
202100027547;152 490;7;0;2;1;2;1
202100027548;152 486;7;0;2;4;1;0
202100027548;152 487;7;0;2;1;1;0
202100027549;152 484;7;0;2;1;15;1
202100027549;152 485;7;0;2;1;14;1
202100027550;152 477;7;0;1;3;1;1
202100027551;152 475;7;2;0;3;2;1
202100027551;152 476;7;0;2;5;12;0
202100027552;152 474;50;0;1;1;1;3
202100027553;152 472;2;0;2;1;1;1
202100027553;152 473;7;0;2;7;15;1
202100027554;152 471;7;0;1;1;1;1
202100027555;152 469;7;0;2;1;1;1
202100027555;152 470;1;0;2;0;0;5
202100027556;152 467;7;0;2;6;15;1
202100027556;152 468;7;0;2;2;1;1
202100027557;152 465;2;0;2;7;17;1
202100027557;152 466;7;0;2;3;15;1
202100027558;152 464;7;0;1;2;1;1
202100027559;152 462;10;0;2;6;1;1
202100027559;152 463;33;0;2;2;3;1
202100027560;152 459;7;0;2;2;12;1
202100027560;152 460;7;4;2;6;1;1
202100027560;152 461;10;0;2;1;1;1
202100027561;152 458;32;11;0;1;13;1
202100027562;152 456;30;0;2;2;17;1
202100027562;152 457;10;0;2;3;15;1
202100027563;152 455;7;0;1;3;1;1
202100027564;152 453;50;0;2;1;17;3
202100027564;152 454;7;0;2;3;15;1
202100027565;152 451;1;0;2;7;17;5
202100027565;152 452;1;0;2;8;13;5
202100027566;152 449;7;0;2;0;22;1
202100027566;152 450;1;0;2;0;1;5
202100027567;152 447;1;0;2;7;1;5
202100027567;152 448;7;0;2;3;15;1
202100027568;152 445;7;0;2;6;23;1
202100027568;152 446;30;0;2;4;1;1
202100027569;152 444;32;0;1;3;1;1
202100027570;152 442;7;0;2;4;23;1
202100027570;152 443;10;0;2;1;2;1
202100027571;152 440;1;0;2;3;1;5
202100027571;152 441;10;0;0;2;16;1
202100027572;152 438;50;0;2;3;19;3
202100027572;152 439;7;0;2;3;1;0
202100027573;152 436;7;0;2;7;1;1
202100027573;152 437;1;0;2;7;19;5
202100027574;152 434;1;0;2;1;1;5
202100027574;152 435;10;0;2;6;22;1
202100027575;152 433;1;0;0;2;26;5
202100027576;152 432;50;1;0;1;1;3
202100027577;152 430;7;0;2;3;15;1
202100027577;152 431;34;0;2;1;17;1
202100027578;152 428;31;0;2;1;1;1
202100027578;152 429;7;0;2;5;23;1
202100027579;152 427;34;0;0;8;26;1
202100027580;152 426;30;12;0;7;1;1
202100027581;152 424;7;0;2;1;1;1
202100027581;152 425;7;0;2;4;23;1
202100027582;152 422;30;0;2;1;2;1
202100027582;152 423;7;1;2;3;13;1
202100027583;152 421;7;0;1;2;1;1
202100027584;152 419;33;0;2;3;18;1
202100027584;152 420;10;0;2;2;20;1
202100027585;152 417;34;0;2;1;0;1
202100027585;152 418;37;0;2;3;9;1
202100027586;152 416;10;12;1;;14;1
202100027587;152 414;1;0;2;1;1;0
202100027587;152 415;7;0;2;2;1;1
202100027588;152 412;10;0;2;3;15;0
202100027588;152 413;33;0;2;1;1;1
202100027589;152 410;34;0;2;1;0;1
202100027589;152 411;30;0;2;2;5;1
202100027590;152 408;30;0;2;4;0;1
202100027590;152 409;7;0;2;3;2;1
202100027591;152 406;99;0;2;6;0;0
202100027591;152 407;32;0;2;1;0;0
202100027592;152 404;1;0;2;8;1;5
202100027592;152 405;7;0;2;3;15;1
202100027593;152 402;7;0;2;1;1;1
202100027593;152 403;7;0;2;7;15;1
202100027594;152 401;33;0;1;1;1;1
202100027595;152 399;30;0;2;1;1;1
202100027595;152 400;7;0;2;7;26;1
202100027596;152 397;38;0;2;3;1;1
202100027596;152 398;32;0;2;1;17;1
202100027597;152 394;33;0;2;1;17;1
202100027597;152 395;33;0;2;1;17;1
202100027597;152 396;17;0;0;3;15;1
202100027598;152 392;1;0;2;4;15;5
202100027598;152 393;15;0;2;3;2;1
202100027599;152 390;33;0;2;1;1;1
202100027599;152 391;7;0;2;5;9;1
202100027600;152 387;15;0;2;8;1;1
202100027600;152 388;15;0;2;3;1;1
202100027600;152 389;7;0;2;3;13;1
202100027601;152 385;17;0;2;6;1;1
202100027601;152 386;7;0;2;2;1;1
202100027602;152 383;1;0;2;1;1;5
202100027602;152 384;21;0;2;3;15;1
202100027603;152 382;2;12;0;0;1;1
202100027604;152 381;33;3;0;8;1;1
202100027605;152 379;15;0;0;1;2;1
202100027605;152 380;33;0;2;8;9;1
202100027606;152 377;99;0;9;4;0;5
202100027606;152 378;99;0;9;1;0;5
202100027607;152 376;7;0;0;0;2;1
202100027608;152 375;21;2;0;1;1;1
202100027609;152 374;2;6;0;2;0;1
202100027610;152 373;2;15;0;0;1;1
202100027611;152 372;7;2;0;3;1;1
202100027612;152 371;33;0;0;0;2;1
202100027613;152 369;7;0;2;1;1;1
202100027613;152 370;7;0;0;1;5;1
202100027614;152 367;7;0;2;1;1;1
202100027614;152 368;7;0;2;2;15;1
202100027615;152 364;7;1;0;1;1;1
202100027615;152 365;7;0;2;4;1;1
202100027615;152 366;7;0;0;7;1;1
202100027616;152 360;17;2;2;1;13;1
202100027616;152 361;7;3;2;8;1;1
202100027616;152 362;10;13;2;1;1;1
202100027617;152 358;10;0;2;2;13;1
202100027617;152 359;33;0;2;1;1;1
202100027618;152 357;7;3;0;3;1;2
202100027619;152 355;33;0;9;1;1;1
202100027619;152 356;21;0;2;6;1;1
202100027620;152 353;1;0;2;1;13;5
202100027620;152 354;10;0;9;3;1;1
202100027621;152 351;15;0;2;2;17;1
202100027621;152 352;2;0;2;6;15;1
202100027622;152 348;7;0;2;1;1;1
202100027622;152 349;7;0;2;6;1;1
202100027622;152 350;7;0;2;1;17;1
202100027623;152 347;36;0;0;0;0;1
202100027624;152 346;33;0;0;7;1;1
202100027625;152 344;7;0;2;3;1;1
202100027625;152 345;30;0;2;1;1;1
202100027626;152 342;7;0;2;3;9;1
202100027626;152 343;7;0;2;1;1;1
202100027627;152 339;1;0;0;0;1;5
202100027628;152 337;7;0;2;1;17;1
202100027628;152 338;10;13;2;8;15;1
202100027629;152 335;7;0;2;1;17;1
202100027629;152 336;2;0;0;4;15;1
202100027630;152 334;7;0;1;4;4;1
202100027631;152 332;7;13;0;1;13;1
202100027632;152 329;7;0;2;8;13;1
202100027632;152 330;38;0;2;8;21;1
202100027632;152 331;7;0;2;3;21;1
202100027633;152 325;33;0;2;1;21;1
202100027633;152 326;7;0;2;5;15;1
202100027634;152 324;7;8;0;0;1;1
202100027635;152 323;2;0;0;0;1;1
202100027636;152 321;21;0;2;5;11;1
202100027636;152 322;31;0;2;3;16;1
202100027637;152 319;7;0;2;7;19;1
202100027637;152 320;7;0;2;1;1;1
202100027638;152 317;33;0;2;2;17;1
202100027638;152 318;13;0;2;3;10;0
202100027639;152 315;33;0;2;1;1;1
202100027639;152 316;7;0;2;7;19;1
202100027640;152 312;7;0;2;2;1;1
202100027640;152 313;7;0;2;8;1;1
202100027640;152 314;7;0;2;3;5;1
202100027641;152 310;33;0;0;2;3;1
202100027641;152 311;7;0;0;3;15;1
202100027642;152 308;32;0;2;1;1;1
202100027642;152 309;10;0;2;3;15;0
202100027643;152 306;2;0;2;8;13;1
202100027643;152 307;7;0;2;2;1;1
202100027644;152 304;33;0;2;1;1;1
202100027644;152 305;7;0;2;2;15;1
202100027645;152 303;33;0;0;0;2;1
202100027646;152 302;7;15;0;1;1;1
202100027647;152 300;33;0;2;1;1;0
202100027647;152 301;7;0;2;3;16;1
202100027648;152 298;10;0;2;2;1;1
202100027648;152 299;33;0;2;1;13;1
202100027649;152 296;7;0;2;2;1;1
202100027649;152 297;2;0;2;7;15;1
202100027650;152 295;33;0;6;1;1;1
202100027651;152 293;7;0;2;3;0;1
202100027651;152 294;1;0;2;1;17;5
202100027652;152 291;2;0;0;1;1;1
202100027652;152 292;7;0;0;4;1;1
202100027653;152 290;7;13;0;1;13;1
202100027654;152 289;7;0;1;2;1;1
202100027655;152 287;10;0;9;2;9;1
202100027655;152 288;1;0;0;5;26;5
202100027656;152 286;2;15;0;1;1;1
202100027657;152 285;7;0;1;0;0;1
202100027658;152 283;7;0;2;7;14;1
202100027658;152 284;1;0;2;8;1;5
202100027659;152 280;7;0;2;1;9;1
202100027659;152 281;7;0;2;4;1;1
202100027659;152 282;7;0;2;4;1;1
202100027660;152 278;7;0;2;1;2;1
202100027660;152 279;7;0;2;4;2;1
202100027661;152 276;7;0;2;4;1;1
202100027661;152 277;7;0;2;1;2;1
202100027662;152 274;10;0;2;7;1;1
202100027662;152 275;33;0;2;1;13;1
202100027663;152 273;7;4;0;0;12;1
202100027664;152 271;13;0;2;6;1;1
202100027664;152 272;7;0;2;7;17;1
202100027665;152 269;33;0;2;1;1;1
202100027665;152 270;10;0;2;4;12;1
202100027666;152 267;7;0;2;3;2;1
202100027666;152 268;7;0;2;1;2;1
202100027667;152 265;7;0;2;4;2;1
202100027667;152 266;7;0;2;1;2;1
202100027668;152 263;7;0;2;4;16;1
202100027668;152 264;7;0;2;1;2;1
202100027669;152 261;14;0;2;2;1;1
202100027669;152 262;7;0;2;3;9;1
202100027670;152 259;13;0;2;5;1;1
202100027670;152 260;33;0;2;8;11;1
202100027671;152 257;7;0;2;4;1;1
202100027671;152 258;7;0;2;1;1;1
202100027672;152 255;33;0;2;1;1;1
202100027672;152 256;7;0;2;5;2;1
202100027673;152 253;7;0;2;4;11;1
202100027673;152 254;31;0;2;1;3;1
202100027674;152 250;13;0;2;3;11;1
202100027674;152 251;10;0;2;1;2;1
202100027674;152 252;7;6;2;2;1;1
202100027675;152 245;10;0;2;4;1;1
202100027675;152 246;7;0;2;4;1;1
202100027675;152 247;7;0;2;4;1;1
202100027675;152 248;7;0;2;4;1;1
202100027675;152 249;7;0;2;1;1;1
202100027676;152 242;14;0;2;1;2;1
202100027676;152 243;7;0;2;4;2;1
202100027676;152 244;15;0;2;4;2;0
202100027677;152 240;15;0;2;2;1;0
202100027677;152 241;7;0;2;6;11;1
202100027678;152 239;7;0;1;1;15;2
202100027679;152 238;37;0;1;0;15;1
202100027680;152 236;7;0;2;1;1;1
202100027680;152 237;7;0;2;2;14;1
202100027681;152 235;33;0;1;1;9;1
202100027682;152 233;30;0;2;6;21;1
202100027682;152 234;7;0;2;3;1;1
202100027683;152 231;7;0;2;4;0;1
202100027683;152 232;7;0;2;1;1;1
202100027684;152 229;7;0;2;1;15;1
202100027684;152 230;32;0;2;7;17;1
202100027685;152 228;10;0;1;7;20;1
202100027686;152 227;7;0;1;0;0;3
202100027687;152 225;50;0;2;0;2;3
202100027687;152 226;7;0;2;3;2;1
202100027688;152 224;7;0;1;1;1;1
202100027689;152 222;30;0;2;7;1;1
202100027689;152 223;7;0;2;2;1;1
202100027690;152 220;7;0;2;2;15;1
202100027690;152 221;7;0;2;1;1;1
202100027691;152 219;7;0;1;1;1;1
202100027692;152 216;32;1;0;1;26;1
202100027692;152 217;31;1;2;4;2;1
202100027692;152 218;7;0;2;4;23;1
202100027693;152 214;7;0;2;1;15;1
202100027693;152 215;7;0;2;3;2;1
202100027694;152 212;31;0;2;1;16;1
202100027694;152 213;7;0;2;5;16;1
202100027695;152 210;7;0;2;1;17;1
202100027695;152 211;7;0;2;1;1;1
202100027696;152 208;32;0;2;1;1;1
202100027696;152 209;7;0;2;2;10;1
202100027697;152 206;7;0;2;8;1;1
202100027697;152 207;37;0;2;1;2;1
202100027698;152 205;7;0;1;1;1;1
202100027699;152 204;7;0;1;0;1;1
202100027700;152 202;7;0;2;3;10;1
202100027700;152 203;2;0;2;1;1;1
202100027701;152 200;7;0;2;5;1;1
202100027701;152 201;33;0;2;1;9;1
202100027702;152 198;7;0;2;1;9;1
202100027702;152 199;33;0;2;1;0;1
202100027703;152 196;7;0;2;1;1;0
202100027703;152 197;7;0;2;3;1;0
202100027704;152 194;17;0;2;2;1;1
202100027704;152 195;7;0;2;6;9;1
202100027705;152 193;7;3;2;1;14;1
202100027706;152 192;7;0;1;1;26;1
202100027707;152 190;7;0;2;1;15;1
202100027707;152 191;33;0;2;1;0;1
202100027708;152 187;10;0;0;4;2;1
202100027708;152 188;7;0;2;6;2;1
202100027708;152 189;10;0;2;2;2;1
202100027709;152 185;30;0;2;1;21;1
202100027709;152 186;7;0;2;0;15;1
202100027710;152 183;10;0;2;1;5;1
202100027710;152 184;7;0;2;1;1;1
202100027711;152 178;7;8;0;2;14;1
202100027712;152 177;7;4;0;3;1;1
202100027713;152 176;37;0;1;2;26;1
202100027714;152 175;7;2;0;1;14;1
202100027715;152 174;7;0;1;1;2;1
202100027716;152 172;7;0;2;1;1;1
202100027716;152 173;7;0;2;3;1;1
202100027717;152 170;33;0;2;1;1;1
202100027717;152 171;10;0;2;2;15;1
202100027718;152 168;7;0;2;2;16;1
202100027718;152 169;7;0;2;3;16;1
202100027719;152 166;7;0;1;2;1;1
202100027719;152 167;7;0;1;6;1;1
202100027720;152 165;7;0;1;1;16;0
202100027721;152 162;7;0;2;4;2;1
202100027721;152 163;7;0;2;4;2;1
202100027721;152 164;7;0;2;1;2;1
202100027722;152 161;32;0;0;0;21;0
202100027723;152 159;7;0;2;4;1;1
202100027723;152 160;7;0;2;1;1;1
202100027724;152 158;7;1;0;0;0;1
202100027725;152 156;31;0;0;0;0;1
202100027725;152 157;1;0;2;3;19;5
202100027726;152 154;7;0;2;2;1;1
202100027726;152 155;80;0;2;7;19;3
202100027727;152 152;7;0;2;2;9;1
202100027727;152 153;1;0;2;1;1;5
202100027728;152 150;1;0;2;1;16;5
202100027728;152 151;7;0;9;3;15;1
202100027729;152 149;30;0;1;1;1;1
202100027730;152 146;30;0;1;7;14;1
202100027731;152 145;7;0;1;1;1;1
202100027732;152 143;30;0;2;1;26;1
202100027732;152 144;7;0;2;8;1;1
202100027733;152 141;2;0;2;3;1;1
202100027733;152 142;7;0;2;2;12;1
202100027734;152 140;7;8;0;1;1;1
202100027735;152 138;1;0;2;4;16;5
202100027735;152 139;7;0;2;3;9;1
202100027736;152 136;7;0;2;3;2;1
202100027736;152 137;30;0;2;1;13;1
202100027737;152 134;7;0;2;3;9;1
202100027737;152 135;1;0;2;1;1;5
202100027738;152 132;7;0;2;3;17;1
202100027738;152 133;80;0;2;5;19;3
202100027739;152 130;7;0;2;4;2;1
202100027739;152 131;7;0;2;1;2;1
202100027740;152 128;7;0;2;6;2;1
202100027740;152 129;7;0;2;1;1;1
202100027741;152 125;1;8;0;1;1;5
202100027742;152 123;33;0;2;7;1;1
202100027742;152 124;7;0;2;8;15;1
202100027743;152 121;7;0;2;7;1;1
202100027743;152 122;1;0;2;3;1;5
202100027744;152 119;7;0;2;1;9;1
202100027744;152 120;7;0;2;7;1;1
202100027745;152 116;7;0;2;5;15;1
202100027745;152 117;7;0;2;3;2;1
202100027746;152 115;7;13;0;1;26;1
202100027747;152 111;7;0;2;1;0;1
202100027747;152 112;7;0;2;1;0;1
202100027747;152 113;7;0;2;4;0;0
202100027747;152 114;7;0;2;0;26;1
202100027748;152 109;30;8;0;3;1;1
202100027749;152 107;33;0;2;6;23;1
202100027749;152 108;30;14;0;1;0;0
202100027750;152 105;7;0;2;3;2;1
202100027750;152 106;31;0;2;1;0;1
202100027751;152 103;7;0;2;4;1;0
202100027751;152 104;7;0;2;1;1;0
202100027752;152 101;7;0;2;3;15;1
202100027752;152 102;2;0;2;1;1;1
202100027753;152 099;31;0;2;1;13;1
202100027753;152 100;7;0;2;3;1;1
202100027754;152 098;7;9;0;1;16;1
202100027755;152 096;7;0;2;4;2;1
202100027755;152 097;7;0;2;1;2;1
202100027756;152 094;33;0;2;2;9;1
202100027756;152 095;7;0;2;6;1;1
202100027757;152 092;7;0;2;3;11;0
202100027757;152 093;43;0;2;5;21;1
202100027758;152 091;1;4;0;1;13;5
202100027759;152 089;32;0;2;3;1;1
202100027759;152 090;7;0;2;2;16;1
202100027760;152 087;7;0;2;1;1;1
202100027760;152 088;7;0;2;3;1;1
202100027761;152 085;80;0;2;8;1;3
202100027761;152 086;10;0;2;1;15;1
202100027762;152 084;1;0;0;0;21;5
202100027763;152 082;32;0;2;5;1;1
202100027763;152 083;7;0;2;3;11;1
202100027764;152 081;30;0;1;1;1;0
202100027765;152 079;1;0;2;0;7;5
202100027765;152 080;7;0;2;2;13;2
202100027766;152 077;1;0;2;8;1;5
202100027766;152 078;43;0;2;2;1;1
202100027767;152 075;7;0;2;1;1;2
202100027767;152 076;7;0;2;3;1;3
202100027768;152 074;10;2;0;1;14;1
202100027769;152 073;32;0;0;3;21;1
202100027770;152 072;30;14;0;7;16;3
202100027771;152 071;1;0;0;0;1;5
202100027772;152 070;7;0;1;1;1;1
202100027773;152 068;33;0;2;2;21;1
202100027773;152 069;1;0;2;1;0;5
202100027774;152 067;7;1;0;8;1;1
202100027775;152 065;7;0;2;0;10;1
202100027775;152 066;2;0;2;1;1;1
202100027776;152 064;7;0;1;1;26;1
202100027777;152 062;33;10;2;1;1;1
202100027777;152 063;10;10;2;2;12;1
202100027778;152 061;7;9;0;1;1;0
202100027779;152 059;33;0;2;1;1;1
202100027779;152 060;7;0;2;6;11;1
202100027780;152 058;37;0;1;3;19;1
202100027781;152 056;7;0;2;1;2;1
202100027781;152 057;7;0;2;4;2;1
202100027782;152 054;7;0;2;6;1;1
202100027782;152 055;7;0;2;1;19;1