Num_Acc;id_vehicule;categorie_vehicule;obstacle_fixe;obstacle_mobile;point_choc_initial;manoeuvre_principale;motorisation
202100027783;152 053;7;0;1;3;1;1
202100027784;152 052;43;9;2;8;15;1
202100027785;152 050;2;1;0;3;14;1
202100027785;152 051;7;0;2;3;24;1
202100027786;152 048;1;0;2;3;1;0
202100027786;152 049;30;0;2;1;19;1
202100027787;152 046;7;0;2;6;9;1
202100027787;152 047;33;0;2;1;1;1
202100027788;152 044;7;0;2;4;20;0
202100027788;152 045;2;0;2;1;1;0
202100027789;152 042;14;0;2;7;16;1
202100027789;152 043;1;0;2;1;1;5
202100027790;152 040;10;0;2;2;16;1
202100027790;152 041;80;0;2;1;1;3
202100027791;152 037;7;0;2;3;19;1
202100027791;152 038;33;0;2;1;1;1
202100027792;152 035;7;0;2;3;25;0
202100027792;152 036;33;0;2;1;2;1
202100027793;152 034;7;6;0;0;14;1
202100027794;152 031;33;3;2;3;0;1
202100027794;152 032;7;0;2;7;12;1
202100027795;152 030;7;3;0;7;1;1
202100027796;152 029;33;12;0;1;1;1
202100027797;152 027;7;0;2;1;1;1
202100027797;152 028;21;0;2;3;1;1
202100027798;152 025;7;4;0;7;1;1
202100027798;152 026;7;3;2;2;18;1
202100027799;152 024;33;13;0;2;2;1
202100027800;152 020;7;0;2;3;15;1
202100027800;152 021;33;0;2;2;17;1
202100027801;152 018;7;0;0;4;2;1
202100027801;152 019;7;0;0;1;2;1
202100027802;152 017;33;0;6;1;1;1
202100027803;152 016;1;0;0;0;1;5
202100027804;152 014;7;0;2;8;15;1
202100027804;152 015;33;0;2;7;17;1
202100027805;152 013;7;2;0;9;0;1
202100027806;152 012;10;13;0;2;14;1
202100027807;152 010;33;0;2;1;17;1
202100027807;152 011;7;0;2;3;19;1
202100027808;152 008;33;0;2;1;0;1
202100027808;152 009;7;0;2;3;0;2
202100027809;152 006;7;0;2;1;1;1
202100027809;152 007;33;7;2;7;1;1
202100027810;152 003;7;0;2;6;9;1
202100027810;152 004;33;0;2;1;1;1
202100027811;152 001;33;0;2;1;1;1
202100027811;152 002;7;0;0;5;19;1
202100027812;151 999;1;0;2;9;1;0
202100027812;152 000;7;0;2;2;15;1
202100027813;151 998;34;13;0;1;1;1
202100027814;151 997;1;0;6;6;1;0
202100027815;151 996;7;13;0;3;13;1
202100027816;151 992;7;0;2;3;1;1
202100027816;151 993;7;0;2;4;1;1
202100027816;151 994;7;0;2;3;15;1
202100027816;151 995;21;0;2;1;1;1
202100027817;151 990;17;3;2;3;1;1
202100027817;151 991;7;3;2;7;14;1
202100027818;151 989;80;0;0;0;1;3
202100027819;151 988;1;14;0;0;1;5
202100027820;151 986;7;0;2;4;1;1
202100027820;151 987;10;0;2;1;1;1
202100027821;151 985;1;0;0;0;1;5
202100027822;151 984;2;2;0;0;0;1
202100027823;151 982;7;0;2;1;1;1
202100027823;151 983;7;0;2;1;0;1
202100027824;151 980;7;0;2;3;1;1
202100027824;151 981;33;0;2;8;1;1
202100027825;151 977;2;0;2;1;2;1
202100027825;151 978;7;0;0;6;2;1
202100027825;151 979;7;0;0;3;1;1
202100027826;151 976;33;3;0;3;1;1
202100027827;151 975;2;13;0;1;1;1
202100027828;151 973;15;0;9;0;17;0
202100027828;151 974;1;0;0;0;0;5
202100027829;151 971;7;1;0;3;15;1
202100027829;151 972;7;0;0;5;24;1
202100027830;151 969;7;0;2;1;15;1
202100027830;151 970;7;0;2;1;1;1
202100027831;151 967;33;0;2;1;1;1
202100027831;151 968;7;0;2;1;15;1
202100027832;151 966;7;2;0;1;13;1
202100027833;151 965;7;2;0;1;1;1
202100027834;151 963;32;0;2;1;2;1
202100027834;151 964;7;0;0;4;1;1
202100027835;151 962;7;0;0;9;1;1
202100027836;151 960;13;0;2;6;16;1
202100027836;151 961;7;0;2;3;1;1
202100027837;151 958;10;0;2;2;15;1
202100027837;151 959;7;0;2;1;15;1
202100027838;151 954;7;0;0;4;23;1
202100027838;151 955;32;0;2;1;23;1
202100027839;151 953;17;0;0;2;1;1
202100027840;151 951;7;2;0;1;1;1
202100027841;151 950;0;0;1;1;1;0
202100027842;151 949;2;0;0;0;1;1
202100027843;151 947;7;0;2;3;15;1
202100027843;151 948;32;0;2;0;17;1
202100027844;151 945;7;0;0;4;1;0
202100027844;151 946;2;0;2;1;1;1
202100027845;151 943;32;0;2;8;5;1
202100027845;151 944;7;0;2;3;1;1
202100027846;151 942;7;0;1;1;2;1
202100027847;151 940;7;0;2;1;2;1
202100027847;151 941;7;0;2;4;2;1
202100027848;151 938;10;0;2;3;15;1
202100027848;151 939;33;1;2;5;17;1
202100027849;151 936;33;0;2;7;1;1
202100027849;151 937;7;0;2;1;26;1
202100027850;151 935;7;13;0;1;17;1
202100027851;151 933;7;0;2;3;0;1
202100027851;151 934;33;0;2;1;1;1
202100027852;151 932;10;0;1;2;1;1
202100027853;151 931;7;0;1;2;16;1
202100027854;151 929;33;1;0;1;1;1
202100027855;151 928;33;4;0;7;1;1
202100027856;151 927;7;2;0;7;14;1
202100027857;151 925;7;0;2;1;15;1
202100027857;151 926;31;0;2;1;1;1
202100027858;151 923;33;0;2;1;2;1
202100027858;151 924;7;0;2;4;1;3
202100027859;151 921;7;0;2;1;2;1
202100027859;151 922;7;0;2;4;1;1
202100027860;151 918;7;0;2;4;1;1
202100027860;151 919;7;0;2;4;1;1
202100027860;151 920;7;0;2;1;12;1
202100027861;151 914;10;0;2;1;2;1
202100027861;151 915;10;0;2;4;0;1
202100027861;151 916;7;0;2;4;1;1
202100027861;151 917;7;0;2;7;1;1
202100027862;151 912;7;0;2;4;1;1
202100027862;151 913;7;0;2;1;2;1
202100027863;151 910;7;0;2;1;1;1
202100027863;151 911;17;0;2;4;2;1
202100027864;151 906;7;0;2;1;2;1
202100027864;151 907;7;0;2;1;2;1
202100027864;151 908;17;0;2;2;2;1
202100027864;151 909;7;0;2;4;4;1
202100027865;151 904;99;0;2;4;2;1
202100027865;151 905;7;0;2;1;1;1
202100027866;151 903;31;0;2;1;2;1
202100027867;151 901;7;0;2;8;13;1
202100027867;151 902;33;0;2;2;3;1
202100027868;151 899;7;4;2;1;14;1
202100027868;151 900;15;0;2;4;2;1
202100027869;151 898;7;0;1;3;1;1
202100027870;151 896;0;13;2;0;5;0
202100027870;151 897;7;4;2;8;1;1
202100027871;151 894;10;0;2;2;15;1
202100027871;151 895;31;0;2;2;1;1
202100027872;151 892;7;1;0;5;0;1
202100027872;151 893;33;1;0;1;2;1
202100027873;151 890;7;0;2;4;1;1
202100027873;151 891;7;0;2;1;1;1
202100027874;151 889;7;0;1;3;15;1
202100027875;151 887;7;0;9;1;15;1
202100027875;151 888;1;0;2;3;21;5
202100027876;151 885;7;0;2;3;1;1
202100027876;151 886;10;0;2;1;1;1
202100027877;151 884;7;14;0;1;1;0
202100027878;151 882;7;0;2;2;19;1
202100027878;151 883;7;0;2;7;19;1
202100027879;151 879;7;0;2;4;1;1
202100027879;151 880;7;0;2;8;2;1
202100027879;151 881;7;0;2;2;12;1
202100027880;151 877;10;6;0;1;15;1
202100027880;151 878;1;0;2;7;0;0
202100027881;151 876;32;1;1;1;7;1
202100027882;151 874;7;0;2;8;15;1
202100027882;151 875;7;0;0;0;0;1
202100027883;151 872;7;0;2;2;1;1
202100027883;151 873;1;0;2;7;1;5
202100027884;151 870;7;0;0;6;23;1
202100027884;151 871;7;1;0;2;1;1
202100027885;151 868;7;0;1;4;1;1
202100027885;151 869;7;0;2;1;1;1
202100027886;151 865;10;0;2;1;9;1
202100027886;151 866;10;0;2;4;2;1
202100027886;151 867;10;0;2;4;1;1
202100027887;151 862;7;0;2;1;1;1
202100027887;151 863;7;0;2;4;12;1
202100027887;151 864;7;0;0;0;0;1
202100027888;151 861;1;0;1;1;25;5
202100027889;151 860;2;0;0;1;1;1
202100027890;151 858;7;0;2;7;1;1
202100027890;151 859;7;0;2;1;1;1
202100027891;151 856;7;0;2;5;15;1
202100027891;151 857;2;0;2;1;1;1
202100027892;151 854;7;0;9;1;1;1
202100027892;151 855;50;0;2;1;19;3
202100027893;151 853;31;0;0;1;15;1
202100027894;151 852;31;0;1;1;1;1
202100027895;151 849;7;0;2;1;1;1
202100027895;151 850;33;0;2;1;17;1
202100027895;151 851;7;0;2;1;13;1
202100027896;151 846;7;8;0;2;14;1
202100027897;151 845;36;0;0;7;10;1
202100027898;151 843;33;0;2;1;1;1
202100027898;151 844;33;0;2;8;10;1
202100027899;151 841;31;0;2;1;2;1
202100027899;151 842;7;0;2;4;2;1
202100027900;151 839;7;0;2;4;2;1
202100027900;151 840;7;0;2;2;2;1
202100027901;151 837;1;0;2;8;1;0
202100027901;151 838;7;0;2;2;16;2
202100027902;151 832;7;0;2;7;16;1
202100027902;151 833;7;0;2;8;16;1
202100027902;151 834;7;0;2;8;1;1
202100027902;151 835;7;0;2;3;1;1
202100027902;151 836;7;0;2;6;1;1
202100027903;151 831;7;0;2;2;15;1
202100027904;151 829;7;0;2;3;1;1
202100027904;151 830;7;0;2;3;15;1
202100027905;151 827;1;0;2;8;1;0
202100027905;151 828;33;0;2;5;16;1
202100027906;151 826;30;12;0;3;11;1
202100027907;151 825;2;12;0;7;1;1
202100027908;151 823;7;0;2;2;15;1
202100027908;151 824;2;0;2;1;8;1
202100027909;151 821;33;0;2;3;16;1
202100027909;151 822;33;0;2;1;1;1
202100027910;151 820;7;9;0;1;19;1
202100027911;151 819;7;0;1;1;1;1
202100027912;151 817;2;0;2;0;0;1
202100027912;151 818;7;0;2;7;16;1
202100027913;151 815;7;0;1;7;1;1
202100027914;151 813;7;0;2;4;2;3
202100027914;151 814;7;0;2;2;2;1
202100027915;151 811;1;0;9;3;9;5
202100027915;151 812;80;0;2;1;1;3
202100027916;151 809;7;0;2;1;19;1
202100027916;151 810;1;0;2;3;19;5
202100027917;151 808;30;0;0;1;26;1
202100027918;151 805;7;0;2;3;15;1
202100027918;151 806;7;0;0;5;1;1
202100027918;151 807;7;16;2;3;1;1
202100027919;151 803;1;0;2;1;17;5
202100027919;151 804;1;0;0;0;1;5
202100027920;151 801;7;0;2;3;15;1
202100027920;151 802;33;0;2;5;1;1
202100027921;151 800;7;15;0;8;26;1
202100027922;151 799;30;14;0;0;15;1
202100027923;151 797;7;0;2;2;16;1
202100027923;151 798;1;0;2;0;0;5
202100027924;151 793;7;0;2;8;1;1
202100027924;151 794;7;0;2;8;13;1
202100027925;151 791;7;0;2;4;2;1
202100027925;151 792;7;0;2;1;2;1
202100027926;151 789;7;0;2;3;15;1
202100027926;151 790;1;0;2;1;1;5
202100027927;151 788;1;0;0;0;1;5
202100027928;151 786;7;0;2;2;1;1
202100027928;151 787;7;0;2;1;0;1
202100027929;151 785;1;0;0;0;1;0
202100027930;151 784;1;0;0;0;1;0
202100027931;151 782;7;0;2;3;1;1
202100027931;151 783;7;0;2;2;1;1
202100027932;151 780;7;0;2;8;13;1
202100027932;151 781;10;0;2;3;1;1
202100027933;151 776;7;0;2;2;9;1
202100027933;151 777;1;0;2;7;1;5
202100027934;151 774;7;0;2;3;16;1
202100027934;151 775;7;0;2;3;1;1
202100027935;151 772;33;0;2;1;1;1
202100027935;151 773;7;0;2;2;15;1
202100027936;151 770;31;0;2;1;1;1
202100027936;151 771;7;0;2;1;15;1
202100027937;151 768;50;0;2;1;5;3
202100027937;151 769;7;0;2;1;1;1
202100027938;151 766;7;0;2;1;1;1
202100027938;151 767;7;0;2;1;15;1
202100027939;151 764;7;0;2;8;15;1
202100027939;151 765;30;0;2;1;3;1
202100027940;151 762;50;0;2;1;2;3
202100027940;151 763;37;0;9;4;23;1
202100027941;151 760;7;0;2;1;1;1
202100027941;151 761;7;0;2;1;15;1
202100027942;151 758;7;0;2;1;26;1
202100027942;151 759;33;0;2;8;0;1
202100027943;151 755;2;0;2;8;10;1
202100027943;151 756;33;0;2;1;1;1
202100027943;151 757;7;0;2;1;2;1
202100027944;151 753;7;0;2;1;15;1
202100027944;151 754;32;0;2;1;26;1
202100027945;151 751;7;0;2;2;1;1
202100027945;151 752;31;0;2;2;1;1
202100027946;151 749;7;0;2;1;10;1
202100027946;151 750;7;0;2;4;19;1
202100027947;151 748;7;0;1;2;3;1
202100027948;151 744;7;0;2;3;2;1
202100027948;151 745;7;0;2;5;2;1
202100027949;151 742;41;0;2;7;2;3
202100027949;151 743;7;0;2;3;9;1
202100027950;151 739;7;0;2;2;0;1
202100027950;151 740;7;0;2;1;2;1
202100027950;151 741;7;0;2;4;2;1
202100027951;151 737;33;0;2;1;2;1
202100027951;151 738;7;0;2;5;2;1
202100027952;151 735;50;0;2;4;23;3
202100027952;151 736;1;0;2;1;2;5
202100027953;151 734;7;0;0;1;15;1
202100027954;151 732;30;0;2;3;9;1
202100027954;151 733;7;0;2;5;1;1
202100027955;151 731;10;0;1;2;1;3
202100027956;151 729;1;0;2;2;13;5
202100027956;151 730;37;0;2;8;17;2
202100027957;151 727;7;0;2;8;22;1
202100027957;151 728;7;0;2;2;1;1
202100027958;151 725;30;0;2;1;2;1
202100027958;151 726;7;0;2;4;16;1
202100027959;151 724;7;4;0;1;14;1
202100027960;151 723;7;0;1;1;15;1
202100027961;151 721;7;0;2;3;15;1
202100027961;151 722;33;0;2;1;17;1
202100027962;151 720;7;1;0;1;13;1
202100027963;151 718;10;0;2;6;23;1
202100027963;151 719;31;0;2;2;2;1
202100027964;151 716;7;0;2;1;2;1
202100027964;151 717;10;0;2;4;2;1
202100027965;151 715;10;0;1;3;1;1
202100027966;151 712;7;0;2;4;2;0
202100027966;151 713;7;0;2;1;2;0
202100027966;151 714;1;0;2;4;2;5
202100027967;151 711;30;0;1;1;7;3
202100027968;151 709;10;0;2;3;10;1
202100027968;151 710;33;0;2;1;1;1
202100027969;151 708;1;0;0;1;5;5
202100027970;151 707;43;0;1;2;1;1
202100027971;151 705;7;0;2;1;2;2
202100027971;151 706;1;0;2;4;2;5
202100027972;151 704;1;0;1;1;1;5
202100027973;151 702;7;0;2;3;1;1
202100027973;151 703;7;0;2;7;1;1
202100027974;151 700;7;0;2;1;1;1
202100027974;151 701;7;0;2;4;1;1
202100027975;151 699;7;0;1;1;16;1
202100027976;151 697;7;0;2;1;1;1
202100027976;151 698;30;0;2;1;19;1
202100027977;151 695;7;0;2;3;1;3
202100027977;151 696;10;0;0;2;1;1
202100027978;151 694;30;1;1;1;25;1
202100027979;151 692;33;0;9;7;26;1
202100027979;151 693;50;0;2;1;26;3
202100027980;151 691;7;0;2;2;14;1
202100027981;151 689;7;0;2;5;2;1
202100027981;151 690;1;0;2;3;1;5
202100027982;151 687;60;13;9;1;14;5
202100027982;151 688;60;13;9;1;12;5
202100027983;151 686;7;0;2;1;21;1
202100027984;151 684;7;0;2;1;1;1
202100027984;151 685;32;0;2;0;0;1
202100027985;151 682;99;0;2;1;24;1
202100027985;151 683;7;1;0;2;2;1
202100027986;151 680;7;0;2;3;26;1
202100027986;151 681;30;0;2;4;23;1
202100027987;151 679;7;0;1;6;4;1
202100027988;151 678;7;2;0;1;1;1
202100027989;151 675;7;0;2;1;2;0
202100027989;151 676;7;3;2;4;2;1
202100027989;151 677;7;0;0;4;2;1
202100027990;151 673;32;0;2;3;13;1
202100027990;151 674;7;0;2;3;13;1
202100027991;151 672;7;1;0;1;14;1
202100027992;151 671;7;0;0;0;0;1
202100027993;151 670;31;12;0;0;1;1
202100027994;151 668;7;0;2;1;1;1
202100027994;151 669;7;0;2;1;13;1
202100027995;151 666;7;0;2;8;1;1
202100027995;151 667;7;0;2;1;1;1
202100027996;151 664;33;0;2;1;17;1
202100027996;151 665;7;0;0;4;15;1
202100027997;151 663;7;13;0;9;13;1
202100027998;151 661;7;0;0;3;15;1
202100027998;151 662;7;1;2;1;1;1
202100027999;151 660;1;0;0;0;1;5
202100028000;151 658;7;0;2;8;1;1
202100028000;151 659;7;0;2;3;15;1
202100028001;151 653;31;0;9;1;1;1
202100028001;151 654;1;0;2;1;1;5
202100028001;151 655;1;0;2;1;1;5
202100028001;151 656;1;0;2;1;1;5
202100028001;151 657;1;0;2;1;1;5
202100028002;151 651;33;0;2;1;1;1
202100028002;151 652;7;0;2;6;9;1
202100028003;151 649;10;0;2;1;1;1
202100028003;151 650;1;0;2;1;1;0
202100028004;151 647;33;12;0;1;1;1
202100028005;151 646;7;2;0;3;1;1
202100028006;151 644;7;0;2;6;1;2
202100028006;151 645;2;0;2;1;1;1
202100028007;151 643;33;13;0;1;1;1
202100028008;151 642;7;4;0;2;2;1
202100028009;151 640;21;0;0;6;9;1
202100028009;151 641;7;0;2;1;1;1
202100028010;151 639;2;11;0;0;1;1
202100028011;151 638;7;16;0;1;1;1
202100028012;151 636;2;0;2;8;1;1
202100028012;151 637;7;0;2;7;19;1
202100028013;151 635;7;1;1;1;13;1
202100028014;151 634;32;0;0;8;1;1
202100028015;151 632;7;0;9;3;1;1
202100028015;151 633;1;0;2;1;1;5
202100028016;151 630;33;0;0;3;13;1
202100028016;151 631;7;0;2;2;15;1
202100028017;151 629;31;3;0;1;1;1
202100028018;151 628;2;12;0;1;1;1
202100028019;151 626;7;14;2;2;9;1
202100028019;151 627;7;0;0;2;1;1
202100028020;151 625;33;0;0;8;0;1
202100028021;151 624;7;2;0;2;13;1
202100028022;151 622;33;0;2;1;1;1
202100028022;151 623;7;0;2;8;1;2
202100028023;151 620;7;0;2;1;1;1
202100028023;151 621;7;0;2;3;19;1
202100028024;151 619;10;2;0;1;1;1
202100028025;151 618;7;2;0;0;0;1
202100028026;151 616;7;3;0;3;5;1
202100028026;151 617;7;0;0;3;1;1
202100028027;151 615;7;4;0;1;1;1
202100028028;151 613;7;0;2;1;1;1
202100028028;151 614;7;0;2;3;15;1
202100028029;151 612;7;13;0;9;13;1
202100028030;151 610;7;0;2;1;20;1
202100028030;151 611;33;0;2;7;21;1
202100028031;151 609;2;0;0;7;1;1
202100028032;151 607;7;0;2;1;1;1
202100028032;151 608;33;0;2;1;0;1
202100028033;151 606;2;13;0;1;1;1
202100028034;151 604;7;0;2;1;17;1
202100028034;151 605;7;0;2;4;15;0
202100028035;151 601;7;1;2;1;2;1
202100028035;151 602;7;0;2;4;2;1
202100028035;151 603;7;1;2;4;26;1
202100028036;151 600;33;0;6;1;1;1
202100028037;151 598;7;0;2;8;15;1
202100028037;151 599;2;0;2;2;17;1
202100028038;151 597;7;13;0;8;13;1
202100028039;151 595;33;1;0;7;1;1
202100028039;151 596;;0;0;8;0;0
202100028040;151 593;31;0;2;8;1;1
202100028040;151 594;7;0;2;2;17;1
202100028041;151 590;7;0;2;2;2;1
202100028041;151 591;7;0;2;1;1;1
202100028042;151 588;34;0;2;1;2;1
202100028042;151 589;7;0;2;2;15;1
202100028043;151 585;13;0;2;1;13;1
202100028043;151 586;7;0;2;1;26;1
202100028043;151 587;7;0;2;1;1;1
202100028044;151 584;7;0;0;3;0;1
202100028045;151 582;7;16;0;9;1;1
202100028046;151 579;7;0;2;9;21;1
202100028046;151 580;7;0;2;2;26;1
202100028046;151 581;7;0;2;2;26;1
202100028047;151 577;10;0;2;6;2;1
202100028047;151 578;33;0;2;1;2;1
202100028048;151 576;7;0;0;1;0;1
202100028049;151 574;2;0;2;7;19;1
202100028049;151 575;13;0;2;1;1;0
202100028050;151 572;10;2;2;3;1;1
202100028050;151 573;33;0;2;3;1;1
202100028051;151 571;7;0;1;2;5;0
202100028052;151 570;7;13;0;9;1;1
202100028053;151 568;33;0;2;8;17;1
202100028053;151 569;7;0;2;8;13;1
202100028054;151 566;33;0;2;1;17;1
202100028054;151 567;10;0;2;1;1;1
202100028055;151 564;1;0;2;3;1;5
202100028055;151 565;33;0;2;2;17;1
202100028056;151 563;50;14;0;1;14;3
202100028057;151 561;7;0;2;1;17;1
202100028057;151 562;7;0;2;1;21;1
202100028058;151 560;7;0;1;3;1;1
202100028059;151 558;33;0;2;1;17;1
202100028059;151 559;7;0;2;8;15;1
202100028060;151 556;1;0;2;2;5;5
202100028060;151 557;7;0;2;2;1;1
202100028061;151 554;33;0;2;1;1;1
202100028061;151 555;13;0;2;1;1;1
202100028062;151 553;7;2;0;1;1;1
202100028063;151 551;7;0;9;3;13;1
202100028063;151 552;1;0;2;1;1;5
202100028064;151 549;7;0;9;3;16;1
202100028064;151 550;1;0;2;8;15;5
202100028065;151 546;7;0;2;4;1;2
202100028065;151 547;7;0;2;1;1;1
202100028065;151 548;7;0;2;1;1;1
202100028066;151 544;10;0;2;0;0;1
202100028066;151 545;10;0;2;6;2;1
202100028067;151 542;13;0;2;1;1;1
202100028067;151 543;7;0;2;4;1;1
202100028068;151 540;7;0;0;4;1;1
202100028068;151 541;7;1;0;1;1;1
202100028069;151 538;7;0;2;4;0;1
202100028069;151 539;7;0;2;1;0;1
202100028070;151 536;10;0;2;3;2;1
202100028070;151 537;7;0;2;5;1;1
202100028071;151 534;7;0;2;4;2;1
202100028071;151 535;7;0;2;1;2;0
202100028072;151 532;7;0;2;4;24;1
202100028072;151 533;17;1;0;2;1;1
202100028073;151 531;7;3;0;1;13;1
202100028074;151 529;7;0;2;1;1;1
202100028074;151 530;7;0;2;4;2;1
202100028075;151 525;15;0;2;2;1;1
202100028075;151 526;7;0;2;4;2;1
202100028075;151 527;7;0;2;4;2;1
202100028075;151 528;10;0;2;4;2;1
202100028076;151 523;7;0;2;5;14;1
202100028076;151 524;33;0;2;1;3;1
202100028077;151 521;7;0;2;7;14;1
202100028077;151 522;15;0;2;3;1;1
202100028078;151 520;7;3;0;0;21;1
202100028079;151 518;7;0;2;1;2;1
202100028079;151 519;7;0;2;4;2;1
202100028080;151 516;10;0;2;4;2;1
202100028080;151 517;32;0;2;1;2;1
202100028081;151 513;7;0;2;4;2;1
202100028081;151 514;7;0;2;4;2;1
202100028081;151 515;7;0;2;1;2;1
202100028082;151 511;7;0;2;1;12;1
202100028082;151 512;7;0;2;4;1;2
202100028083;151 510;7;5;0;3;13;1
202100028084;151 508;14;0;2;4;1;0
202100028084;151 509;33;0;2;1;3;0
202100028085;151 505;33;4;2;1;3;1
202100028085;151 506;7;4;2;4;1;1
202100028085;151 507;7;4;2;8;11;1
202100028086;151 503;7;0;2;1;2;1
202100028086;151 504;10;0;2;5;11;1
202100028087;151 502;7;3;0;3;1;1
202100028088;151 499;7;0;2;0;2;1
202100028088;151 500;7;0;2;0;2;1
202100028088;151 501;99;0;2;3;11;1
202100028089;151 497;7;0;1;1;1;1
202100028090;151 495;30;0;2;2;17;1
202100028090;151 496;1;0;2;3;13;5
202100028091;151 494;33;0;1;7;14;1
202100028092;151 492;7;0;2;1;15;1
202100028092;151 493;1;0;2;8;1;5
202100028093;151 490;33;0;2;1;1;1
202100028093;151 491;13;0;2;2;16;0
202100028094;151 489;1;1;0;1;1;5
202100028095;151 487;7;0;2;7;15;1
202100028095;151 488;33;0;2;1;1;1
202100028096;151 482;7;0;2;1;1;1
202100028096;151 483;7;0;2;1;1;1
202100028096;151 484;33;0;2;1;17;1
202100028097;151 480;7;0;2;1;13;1
202100028097;151 481;2;0;2;1;0;1
202100028098;151 478;7;0;2;3;15;1
202100028098;151 479;60;0;2;1;1;5
202100028099;151 476;7;0;2;7;1;2
202100028099;151 477;7;0;2;8;11;1
202100028100;151 474;7;0;2;2;9;1
202100028100;151 475;33;0;2;3;9;1
202100028101;151 473;33;0;0;9;0;1
202100028102;151 472;7;4;0;8;14;1
202100028103;151 470;7;0;2;4;1;1
202100028103;151 471;7;0;2;4;23;1
202100028104;151 469;7;0;1;2;1;1
202100028105;151 467;37;0;2;3;2;1
202100028105;151 468;10;0;2;2;9;1
202100028106;151 465;7;0;0;8;16;1
202100028106;151 466;14;0;2;1;1;1
202100028107;151 464;17;12;0;7;11;1
202100028108;151 463;7;0;1;1;1;1
202100028109;151 461;7;0;2;3;15;1
202100028109;151 462;30;0;2;1;1;1
202100028110;151 457;7;1;2;2;26;1
202100028110;151 458;10;0;2;8;1;1
202100028111;151 455;7;0;2;6;19;1
202100028111;151 456;7;0;2;1;19;2
202100028112;151 453;1;0;2;8;1;5
202100028112;151 454;7;0;2;8;15;1
202100028113;151 451;7;0;2;4;1;1
202100028113;151 452;7;0;2;1;1;1
202100028114;151 449;7;0;2;2;15;1
202100028114;151 450;33;0;2;8;1;1
202100028115;151 447;33;0;2;1;1;1
202100028115;151 448;1;0;2;1;15;5
202100028116;151 445;7;0;2;1;15;1
202100028116;151 446;33;0;2;1;1;1
202100028117;151 444;34;1;0;1;15;1
202100028118;151 442;2;0;2;0;15;1
202100028118;151 443;33;0;2;0;17;1
202100028119;151 441;7;0;1;1;1;1
202100028120;151 439;1;0;2;4;2;0
202100028120;151 440;10;0;2;0;2;0
202100028121;151 438;7;6;0;1;1;1
202100028122;151 437;1;16;0;0;1;5
202100028123;151 436;30;16;0;0;26;1
202100028124;151 433;7;0;2;1;2;1
202100028124;151 434;7;0;2;4;2;1
202100028124;151 435;7;0;2;4;2;1
202100028125;151 431;7;0;2;3;1;1
202100028125;151 432;7;0;2;1;13;1
202100028126;151 429;50;0;2;8;2;3
202100028126;151 430;7;0;2;2;14;1
202100028127;151 427;10;0;2;1;2;1
202100028127;151 428;7;0;2;4;2;1
202100028128;151 425;7;0;9;1;9;1
202100028128;151 426;2;0;2;7;15;1
202100028129;151 424;7;0;1;7;1;1
202100028130;151 423;7;9;1;1;1;1
202100028131;151 421;1;0;2;1;16;5
202100028131;151 422;7;0;2;3;15;1
202100028132;151 419;2;0;2;1;1;3
202100028132;151 420;7;0;2;5;5;1
202100028133;151 417;50;0;2;4;1;3
202100028133;151 418;7;0;2;2;26;1
202100028134;151 416;40;0;1;1;1;3
202100028135;151 414;7;0;2;7;2;1
202100028135;151 415;7;0;2;8;2;2
202100028136;151 412;33;0;2;1;1;1
202100028136;151 413;7;0;2;1;15;1
202100028137;151 410;7;0;2;1;1;1
202100028137;151 411;7;0;2;4;1;
202100028138;151 408;7;0;2;1;1;1
202100028138;151 409;7;0;2;3;15;1
202100028139;151 406;33;0;2;1;21;1
202100028139;151 407;14;0;0;0;0;1
202100028140;151 404;7;11;2;1;1;1
202100028140;151 405;7;0;2;1;19;1
202100028141;151 403;30;0;0;1;0;1
202100028142;151 401;7;0;2;1;1;1
202100028142;151 402;33;0;2;6;15;1
202100028143;151 399;43;0;2;1;1;1
202100028143;151 400;7;0;2;3;19;1
202100028144;151 397;33;0;2;1;21;1
202100028144;151 398;7;0;2;6;11;1
202100028145;151 395;99;0;2;1;1;3
202100028145;151 396;7;0;1;2;1;1
202100028146;151 392;7;0;2;4;23;1
202100028146;151 393;7;0;2;4;23;1
202100028146;151 394;7;0;2;1;2;1
202100028147;151 390;30;0;1;4;23;1
202100028147;151 391;7;0;2;1;2;0
202100028148;151 388;7;0;2;1;1;1
202100028148;151 389;7;0;2;4;1;1
202100028149;151 387;7;0;1;1;1;1
202100028150;151 385;14;0;2;3;15;1
202100028150;151 386;33;0;2;1;1;1
202100028151;151 383;7;0;2;3;15;1
202100028151;151 384;33;0;2;1;1;1
202100028152;151 381;7;0;2;1;1;1
202100028152;151 382;7;0;2;4;1;1
202100028153;151 379;7;0;2;1;2;0
202100028153;151 380;7;0;2;4;15;1
202100028154;151 377;7;0;2;1;1;1
202100028154;151 378;7;0;2;3;1;1
202100028155;151 374;7;0;2;4;23;1
202100028155;151 375;7;0;2;4;23;1
202100028155;151 376;7;0;2;1;1;1
202100028156;151 372;7;0;9;2;19;1
202100028156;151 373;60;0;2;1;19;5
202100028157;151 371;7;0;1;3;15;1
202100028158;151 369;31;0;2;3;3;1
202100028158;151 370;7;0;2;5;1;1
202100028159;151 365;31;0;2;1;2;1
202100028159;151 366;7;0;2;5;23;1
202100028159;151 367;7;0;2;4;23;1
202100028159;151 368;33;0;2;1;2;1
202100028160;151 363;1;0;2;1;17;5
202100028160;151 364;1;0;2;6;15;5
202100028161;151 361;7;0;2;2;16;1
202100028161;151 362;1;0;2;1;16;5
202100028162;151 360;2;0;1;2;1;0
202100028163;151 358;7;0;2;0;16;1
202100028163;151 359;50;0;2;0;5;3
202100028164;151 356;7;0;2;3;9;1
202100028164;151 357;2;0;2;1;17;1