Num_Acc;id_vehicule;categorie_vehicule;obstacle_fixe;obstacle_mobile;point_choc_initial;manoeuvre_principale;motorisation
202100028563;150 662;7;0;2;7;17;0
202100028563;150 663;2;13;2;8;1;1
202100028564;150 661;7;6;0;1;1;1
202100028565;150 659;7;0;2;3;1;1
202100028565;150 660;7;0;2;8;1;1
202100028566;150 658;2;5;0;7;17;1
202100028567;150 656;7;0;0;4;2;1
202100028567;150 657;7;3;2;1;2;1
202100028568;150 655;2;13;0;0;1;1
202100028569;150 653;7;0;2;1;13;1
202100028569;150 654;7;0;2;1;21;1
202100028570;150 651;33;0;2;1;13;1
202100028570;150 652;7;0;2;3;1;1
202100028571;150 649;1;0;2;1;1;5
202100028571;150 650;7;0;2;3;1;2
202100028572;150 646;7;0;2;3;5;1
202100028572;150 647;7;0;2;3;1;1
202100028572;150 648;7;0;2;1;1;1
202100028573;150 645;7;2;0;1;1;1
202100028574;150 643;7;0;2;2;13;1
202100028574;150 644;7;0;2;2;1;1
202100028575;150 641;7;0;2;7;15;1
202100028575;150 642;2;0;2;1;1;1
202100028576;150 639;1;0;2;8;26;5
202100028576;150 640;7;0;9;1;1;1
202100028577;150 638;36;6;0;7;1;1
202100028578;150 636;7;0;2;1;15;1
202100028578;150 637;7;0;0;1;1;1
202100028579;150 634;33;0;2;1;1;1
202100028579;150 635;7;0;2;5;19;1
202100028580;150 632;7;0;2;4;23;1
202100028580;150 633;7;14;0;1;2;1
202100028581;150 630;7;0;2;2;15;1
202100028581;150 631;34;0;2;1;1;1
202100028582;150 628;7;8;2;2;2;1
202100028582;150 629;7;14;0;6;2;1
202100028583;150 627;7;6;0;1;0;1
202100028584;150 626;31;13;0;1;19;1
202100028585;150 624;7;7;0;8;19;1
202100028585;150 625;17;0;2;2;1;1
202100028586;150 622;7;0;2;8;23;1
202100028586;150 623;7;0;2;1;1;1
202100028587;150 618;7;0;2;4;2;1
202100028587;150 619;10;0;2;4;2;1
202100028587;150 620;7;0;2;1;1;1
202100028587;150 621;7;0;2;4;0;1
202100028588;150 616;7;1;0;4;23;1
202100028588;150 617;7;0;2;1;26;1
202100028589;150 615;7;4;0;3;2;1
202100028590;150 613;7;0;2;6;1;1
202100028590;150 614;33;0;2;2;1;1
202100028591;150 611;33;0;2;1;11;1
202100028591;150 612;7;0;2;4;1;1
202100028592;150 610;7;4;0;1;1;1
202100028593;150 608;7;0;2;8;13;1
202100028593;150 609;7;0;2;7;1;1
202100028594;150 606;7;0;2;7;1;1
202100028594;150 607;7;0;2;3;11;1
202100028595;150 604;7;4;0;4;21;1
202100028595;150 605;7;0;0;0;0;0
202100028596;150 601;7;0;2;1;1;1
202100028596;150 602;7;0;2;1;1;1
202100028596;150 603;7;0;2;4;1;1
202100028597;150 599;7;0;2;1;1;1
202100028597;150 600;7;0;2;4;1;1
202100028598;150 597;10;0;9;3;1;1
202100028598;150 598;1;0;2;1;5;5
202100028599;150 596;7;0;1;1;1;1
202100028600;150 594;7;0;0;0;0;1
202100028600;150 595;30;0;0;0;0;1
202100028601;150 592;7;0;2;1;26;1
202100028601;150 593;30;0;2;7;1;1
202100028602;150 590;7;0;2;8;15;1
202100028602;150 591;31;0;2;1;17;1
202100028603;150 588;7;0;2;3;9;1
202100028603;150 589;2;0;2;1;1;1
202100028604;150 586;7;0;2;1;1;1
202100028604;150 587;7;0;2;7;1;1
202100028605;150 584;7;4;2;4;2;1
202100028605;150 585;7;0;2;2;2;1
202100028606;150 582;7;0;2;5;12;1
202100028606;150 583;33;0;2;1;1;1
202100028607;150 579;7;14;0;4;23;1
202100028607;150 580;7;0;2;1;2;1
202100028607;150 581;10;0;2;1;2;1
202100028608;150 578;7;0;1;1;17;1
202100028609;150 576;99;0;2;1;1;3
202100028609;150 577;7;0;2;3;16;1
202100028610;150 575;30;0;1;1;1;1
202100028611;150 573;7;0;2;3;1;1
202100028611;150 574;30;0;2;1;5;1
202100028612;150 571;7;0;2;3;15;1
202100028612;150 572;10;0;2;3;15;1
202100028613;150 570;2;0;1;1;1;1
202100028614;150 569;7;1;0;7;1;1
202100028615;150 567;10;0;2;1;1;1
202100028615;150 568;50;0;2;4;1;3
202100028616;150 565;7;0;2;1;1;1
202100028616;150 566;7;0;2;1;15;1
202100028617;150 563;7;0;2;6;15;1
202100028617;150 564;7;0;2;3;1;1
202100028618;150 559;7;0;2;2;15;1
202100028618;150 560;7;0;2;3;0;1
202100028619;150 558;50;0;2;2;2;3
202100028620;150 556;10;0;2;4;2;1
202100028620;150 557;33;0;2;1;2;0
202100028621;150 554;31;0;2;4;1;1
202100028621;150 555;7;0;2;1;1;1
202100028622;150 553;7;13;0;1;0;1
202100028623;150 551;80;0;2;1;1;3
202100028623;150 552;7;0;2;5;16;1
202100028624;150 550;33;14;0;1;14;1
202100028625;150 548;10;0;2;1;9;1
202100028625;150 549;33;0;2;5;1;1
202100028626;150 546;1;0;2;2;9;5
202100028626;150 547;7;0;2;6;9;1
202100028627;150 544;7;0;2;4;23;1
202100028627;150 545;7;0;2;1;2;1
202100028628;150 541;7;0;2;4;23;1
202100028628;150 542;7;0;2;4;23;1
202100028628;150 543;7;0;2;1;2;1
202100028629;150 539;33;0;2;6;1;1
202100028629;150 540;7;0;2;6;10;1
202100028630;150 537;7;0;2;1;1;1
202100028630;150 538;31;0;2;1;1;1
202100028631;150 535;7;0;2;1;1;1
202100028631;150 536;1;0;2;8;19;5
202100028632;150 533;7;0;2;3;16;1
202100028632;150 534;1;0;2;1;1;5
202100028633;150 532;7;1;0;2;14;1
202100028634;150 530;7;0;2;4;26;1
202100028634;150 531;7;0;2;2;26;1
202100028635;150 528;10;1;0;7;1;1
202100028635;150 529;10;0;2;8;24;1
202100028636;150 526;10;0;9;2;9;1
202100028636;150 527;1;0;2;2;9;2
202100028637;150 524;7;0;2;4;2;1
202100028637;150 525;33;0;2;1;2;1
202100028638;150 523;30;0;0;0;1;1
202100028639;150 522;7;0;0;1;9;1
202100028640;150 520;60;5;2;1;9;5
202100028640;150 521;7;12;2;3;9;1
202100028641;150 519;7;3;0;1;9;1
202100028642;150 517;7;0;2;3;15;1
202100028642;150 518;7;0;2;8;1;1
202100028643;150 515;7;1;2;2;1;1
202100028643;150 516;7;6;2;1;1;1
202100028644;150 514;7;8;0;1;1;1
202100028645;150 512;60;0;2;8;19;5
202100028645;150 513;7;0;2;1;1;1
202100028646;150 510;7;0;2;1;15;0
202100028646;150 511;7;0;2;0;0;1
202100028647;150 507;7;0;2;3;1;1
202100028647;150 508;10;13;0;2;1;1
202100028647;150 509;7;0;2;3;13;1
202100028648;150 505;1;0;2;1;1;5
202100028648;150 506;1;0;2;1;1;5
202100028649;150 503;7;0;2;0;0;0
202100028649;150 504;33;0;2;4;1;1
202100028650;150 501;7;0;2;1;12;1
202100028650;150 502;1;0;2;1;8;0
202100028651;150 499;7;0;2;3;1;1
202100028651;150 500;7;0;2;1;0;0
202100028652;150 498;7;6;0;1;26;1
202100028653;150 496;31;0;2;1;1;1
202100028653;150 497;7;0;2;0;10;1
202100028654;150 495;1;0;1;1;25;5
202100028655;150 494;7;0;1;0;0;0
202100028656;150 493;7;1;0;4;4;1
202100028657;150 491;7;0;2;1;1;1
202100028657;150 492;7;0;2;1;5;1
202100028658;150 490;7;0;1;1;1;1
202100028659;150 488;1;0;2;5;1;5
202100028659;150 489;7;0;2;1;9;1
202100028660;150 487;7;4;0;2;1;1
202100028661;150 486;30;0;0;7;26;1
202100028662;150 484;7;0;2;1;2;1
202100028662;150 485;7;0;2;4;1;1
202100028663;150 481;7;0;2;4;2;1
202100028663;150 482;7;0;2;4;1;1
202100028663;150 483;7;0;2;1;2;1
202100028664;150 480;32;9;0;1;1;1
202100028665;150 477;7;0;0;3;0;1
202100028665;150 478;7;0;2;3;0;1
202100028665;150 479;7;0;2;3;0;1
202100028666;150 475;32;0;2;1;1;1
202100028666;150 476;30;0;2;3;9;1
202100028667;150 473;7;0;2;4;4;1
202100028667;150 474;33;0;2;1;26;1
202100028668;150 472;7;0;1;7;21;1
202100028669;150 470;7;0;2;8;13;1
202100028669;150 471;33;0;2;7;3;1
202100028670;150 469;7;8;0;3;15;1
202100028671;150 468;2;0;0;1;1;1
202100028672;150 467;30;0;0;3;13;1
202100028673;150 466;15;0;0;7;1;1
202100028674;150 463;7;0;2;8;13;1
202100028674;150 464;7;4;2;7;1;1
202100028674;150 465;15;0;2;4;1;1
202100028675;150 462;34;0;0;0;3;1
202100028676;150 461;14;0;1;5;1;1
202100028677;150 459;1;0;2;3;1;5
202100028677;150 460;7;0;2;2;15;1
202100028678;150 458;30;0;1;1;18;3
202100028679;150 457;37;0;0;0;21;1
202100028680;150 456;50;0;1;1;1;3
202100028681;150 454;10;0;2;1;22;1
202100028681;150 455;1;0;2;1;1;5
202100028682;150 453;50;0;1;7;1;3
202100028683;150 450;7;0;2;1;1;3
202100028683;150 451;1;0;2;4;9;5
202100028683;150 452;7;0;2;1;1;1
202100028684;150 448;7;0;2;2;1;1
202100028684;150 449;7;0;2;1;1;1
202100028685;150 446;31;0;2;4;1;1
202100028685;150 447;7;0;2;7;1;1
202100028686;150 445;50;0;1;1;1;3
202100028687;150 443;7;0;2;1;13;1
202100028687;150 444;7;0;2;1;1;1
202100028688;150 441;7;0;2;5;2;2
202100028688;150 442;33;0;2;1;2;1
202100028689;150 439;30;0;2;1;2;1
202100028689;150 440;7;0;2;4;2;1
202100028690;150 437;80;0;2;7;1;3
202100028690;150 438;7;0;2;8;22;1
202100028691;150 435;1;0;2;5;2;5
202100028691;150 436;7;0;2;5;23;1
202100028692;150 433;7;0;2;6;15;1
202100028692;150 434;7;0;2;2;1;1
202100028693;150 431;7;0;2;5;1;1
202100028693;150 432;7;0;2;2;1;1
202100028694;150 429;7;0;2;5;1;1
202100028694;150 430;13;0;2;1;1;1
202100028695;150 427;7;0;2;6;2;1
202100028695;150 428;7;14;0;2;2;1
202100028696;150 425;7;0;2;1;15;1
202100028696;150 426;1;0;2;1;5;5
202100028697;150 423;10;0;0;8;1;1
202100028697;150 424;7;0;0;7;14;1
202100028698;150 422;50;14;0;1;25;3
202100028699;150 420;33;0;2;7;17;1
202100028699;150 421;10;0;2;8;1;1
202100028700;150 418;34;0;0;0;2;1
202100028700;150 419;7;0;0;1;2;1
202100028701;150 416;3;0;2;3;15;1
202100028701;150 417;34;0;2;1;2;1
202100028702;150 414;7;0;9;2;16;1
202100028702;150 415;50;0;2;2;25;3
202100028703;150 412;7;0;2;3;10;0
202100028703;150 413;43;0;2;3;21;1
202100028704;150 410;7;0;2;3;15;1
202100028704;150 411;30;0;2;1;17;1
202100028705;150 408;30;0;0;1;2;1
202100028705;150 409;99;0;0;8;19;0
202100028706;150 406;7;0;2;8;0;1
202100028706;150 407;7;0;2;1;9;0
202100028707;150 404;7;0;2;2;1;1
202100028707;150 405;7;0;2;8;9;1
202100028708;150 403;50;0;1;1;19;3
202100028709;150 401;33;0;2;1;17;1
202100028709;150 402;7;0;2;4;23;0
202100028710;150 399;7;0;2;3;15;1
202100028710;150 400;32;0;2;1;1;1
202100028711;150 397;7;0;2;1;2;1
202100028711;150 398;30;0;2;4;1;3
202100028712;150 396;7;8;0;1;1;1
202100028713;150 395;10;0;1;2;1;1
202100028714;150 393;43;0;2;2;17;1
202100028714;150 394;7;0;2;3;1;1
202100028715;150 392;33;0;0;7;13;1
202100028716;150 391;2;1;0;1;1;1
202100028717;150 390;7;14;0;8;1;1
202100028718;150 388;32;0;2;0;9;1
202100028718;150 389;7;0;0;5;2;1
202100028719;150 387;7;0;1;3;0;1
202100028720;150 386;7;2;0;7;14;1
202100028721;150 385;7;4;0;8;0;1
202100028722;150 383;31;0;2;1;19;0
202100028722;150 384;7;0;2;1;1;1
202100028723;150 382;34;0;1;1;17;1
202100028724;150 381;7;2;0;0;1;1
202100028725;150 380;2;0;0;2;1;1
202100028726;150 378;7;0;2;1;13;1
202100028726;150 379;10;0;2;1;1;1
202100028727;150 376;2;0;2;7;1;1
202100028727;150 377;7;0;2;1;9;1
202100028728;150 375;7;6;0;3;1;1
202100028729;150 374;2;0;0;0;0;1
202100028730;150 372;7;0;2;3;15;1
202100028730;150 373;2;0;2;8;0;1
202100028731;150 370;31;0;2;3;13;1
202100028731;150 371;7;0;2;8;1;1
202100028732;150 368;7;0;2;3;1;1
202100028732;150 369;2;0;2;1;13;1
202100028733;150 366;7;0;2;7;1;1
202100028733;150 367;7;0;2;1;19;1
202100028734;150 364;7;0;2;3;1;1
202100028734;150 365;7;0;0;8;1;1
202100028735;150 362;33;0;0;4;1;1
202100028735;150 363;7;0;2;1;1;1
202100028736;150 361;2;0;1;2;1;1
202100028737;150 359;7;0;2;3;9;2
202100028737;150 360;33;0;2;7;1;1
202100028738;150 357;7;0;2;3;1;1
202100028738;150 358;7;0;2;3;13;1
202100028739;150 355;36;13;0;1;0;1
202100028740;150 353;7;0;2;2;17;1
202100028740;150 354;1;0;2;6;2;5
202100028741;150 352;7;13;0;2;14;1
202100028742;150 350;7;8;2;1;13;1
202100028742;150 351;2;0;2;1;0;1
202100028743;150 349;7;2;0;5;14;1
202100028744;150 347;33;0;2;1;17;1
202100028744;150 348;7;0;2;6;1;1
202100028745;150 344;1;0;9;9;2;5
202100028745;150 345;1;0;9;8;2;5
202100028745;150 346;1;0;9;7;2;5
202100028746;150 342;14;0;0;4;2;1
202100028746;150 343;7;0;2;1;2;1
202100028747;150 340;7;0;2;3;1;1
202100028747;150 341;7;0;2;3;5;1
202100028748;150 339;7;0;1;2;16;1
202100028749;150 336;7;4;0;3;0;1
202100028749;150 337;7;14;0;0;1;1
202100028749;150 338;7;1;0;8;1;1
202100028750;150 334;7;3;0;3;2;1
202100028750;150 335;7;0;2;2;2;1
202100028751;150 332;17;0;2;4;1;1
202100028751;150 333;7;0;2;1;1;1
202100028752;150 330;7;0;0;6;9;1
202100028752;150 331;7;14;2;2;12;1
202100028753;150 326;7;0;2;4;1;1
202100028753;150 327;15;0;2;8;1;0
202100028753;150 328;7;0;2;1;1;1
202100028753;150 329;7;0;2;1;1;1
202100028754;150 324;33;0;2;7;2;1
202100028754;150 325;7;0;0;6;2;2
202100028755;150 323;36;3;0;9;12;1
202100028756;150 321;7;0;2;1;2;1
202100028756;150 322;15;0;0;0;2;1
202100028757;150 319;17;0;0;6;2;1
202100028757;150 320;7;0;2;2;12;2
202100028758;150 318;7;13;0;5;1;1
202100028759;150 317;7;0;1;3;2;1
202100028760;150 315;33;0;2;1;2;1
202100028760;150 316;7;0;2;2;15;1
202100028761;150 314;7;2;0;3;13;1
202100028762;150 312;1;0;0;1;16;0
202100028762;150 313;7;0;0;1;0;1
202100028763;150 310;43;0;2;8;1;1
202100028763;150 311;7;0;2;3;1;1
202100028764;150 309;7;2;0;2;26;1
202100028765;150 308;33;0;0;0;1;1
202100028766;150 307;31;0;0;7;1;1
202100028767;150 306;10;0;1;4;4;1
202100028768;150 304;7;16;2;1;17;1
202100028768;150 305;7;0;0;6;1;1
202100028769;150 303;10;0;0;0;1;1
202100028770;150 299;7;0;2;1;1;1
202100028770;150 300;1;0;0;8;1;5
202100028771;150 298;7;15;0;9;6;1
202100028772;150 297;33;12;0;1;1;1
202100028773;150 295;7;0;2;2;2;1
202100028773;150 296;1;0;2;6;2;5
202100028774;150 294;33;0;0;8;0;1
202100028775;150 293;2;0;0;7;1;1
202100028776;150 291;7;0;2;1;1;1
202100028776;150 292;7;0;0;4;1;1
202100028777;150 285;7;0;2;4;2;1
202100028777;150 286;7;0;2;4;2;1
202100028777;150 287;13;0;2;1;2;1
202100028778;150 282;7;0;2;1;2;1
202100028778;150 283;7;0;2;4;2;1
202100028778;150 284;7;0;2;4;9;1
202100028779;150 279;7;0;2;1;2;1
202100028779;150 280;10;0;2;1;2;1
202100028779;150 281;7;0;2;1;2;1
202100028780;150 277;7;0;2;3;17;1
202100028780;150 278;7;4;0;1;1;1
202100028781;150 274;33;16;0;7;21;1
202100028781;150 275;7;0;2;1;2;1
202100028781;150 276;10;0;0;4;23;1
202100028782;150 271;7;0;2;3;11;1
202100028782;150 272;33;0;2;2;1;1
202100028782;150 273;10;0;2;5;1;1
202100028783;150 269;7;0;2;2;12;1
202100028783;150 270;33;0;2;8;3;1
202100028784;150 266;7;0;2;1;2;1
202100028784;150 267;7;0;2;4;2;1
202100028784;150 268;7;0;2;1;2;1
202100028785;150 264;7;0;2;3;5;1
202100028785;150 265;32;0;2;1;1;1
202100028786;150 262;7;0;2;1;26;1
202100028786;150 263;7;6;2;4;1;1
202100028787;150 260;7;0;2;4;23;1
202100028787;150 261;15;1;0;1;1;1
202100028788;150 258;32;0;2;8;3;1
202100028788;150 259;7;0;2;2;1;1
202100028789;150 256;15;0;2;0;0;0
202100028789;150 257;7;0;2;4;26;1
202100028790;150 255;7;0;1;1;16;1
202100028791;150 253;7;0;2;1;21;1
202100028791;150 254;7;0;2;1;13;1
202100028792;150 252;10;0;1;2;1;1
202100028793;150 250;80;0;2;1;1;3
202100028793;150 251;7;0;2;2;1;1
202100028794;150 248;7;0;2;0;9;1
202100028794;150 249;7;0;2;1;0;1
202100028795;150 247;10;0;0;4;26;1
202100028796;150 245;10;0;2;3;2;1
202100028796;150 246;33;0;2;6;2;1
202100028797;150 244;7;0;1;1;25;1
202100028798;150 243;7;1;0;5;26;1
202100028799;150 241;2;0;2;8;1;1
202100028799;150 242;10;0;2;1;1;1
202100028800;150 240;30;0;0;0;0;1
202100028801;150 238;7;0;2;8;1;1
202100028801;150 239;10;0;2;2;1;1
202100028802;150 237;33;0;0;7;21;1
202100028803;150 236;3;1;0;1;1;1
202100028804;150 234;7;0;2;4;1;1
202100028804;150 235;7;0;2;1;9;1
202100028805;150 232;50;0;2;7;1;3
202100028805;150 233;7;0;2;1;9;1
202100028806;150 231;7;2;0;1;13;1
202100028807;150 229;7;0;2;2;15;1
202100028807;150 230;7;0;2;1;1;1
202100028808;150 225;33;1;2;1;1;1
202100028808;150 226;7;0;2;8;1;1
202100028809;150 224;7;3;0;1;19;1
202100028810;150 223;1;12;0;0;1;5
202100028811;150 222;7;13;0;2;14;1
202100028812;150 220;7;0;2;4;1;1
202100028812;150 221;0;0;2;0;0;0
202100028813;150 218;7;0;2;3;0;1
202100028813;150 219;7;0;2;1;1;1
202100028814;150 216;7;0;2;4;1;1
202100028814;150 217;10;0;2;1;1;1
202100028815;150 213;7;0;2;1;15;1
202100028815;150 214;30;0;2;1;1;1
202100028815;150 215;7;0;2;1;1;1
202100028816;150 211;1;0;2;1;18;5
202100028816;150 212;7;0;2;7;2;1
202100028817;150 209;7;0;2;2;1;1
202100028817;150 210;50;0;2;8;19;3
202100028818;150 208;30;1;0;1;16;1
202100028819;150 206;7;0;2;1;9;1
202100028819;150 207;7;0;2;4;1;1
202100028820;150 205;7;2;0;1;14;2
202100028821;150 204;7;0;1;1;1;1
202100028822;150 202;7;0;2;1;15;1
202100028822;150 203;7;0;2;3;9;1
202100028823;150 200;33;0;2;4;23;1
202100028823;150 201;99;0;2;1;2;1
202100028824;150 198;7;0;2;8;15;1
202100028824;150 199;2;0;2;7;17;1
202100028825;150 196;7;11;2;8;13;1
202100028825;150 197;7;0;2;1;0;1
202100028826;150 195;7;8;0;1;1;1
202100028827;150 194;7;0;1;3;1;1
202100028828;150 192;7;0;2;1;1;1
202100028828;150 193;7;0;2;7;1;1
202100028829;150 191;7;1;0;1;26;1
202100028830;150 190;1;0;1;1;1;5
202100028831;150 188;33;0;2;1;1;1
202100028831;150 189;10;0;2;6;15;1
202100028832;150 187;33;2;0;8;0;1
202100028833;150 186;33;11;0;0;1;1
202100028834;150 184;7;0;2;1;17;2
202100028834;150 185;7;0;2;4;1;1
202100028835;150 182;10;0;2;8;15;1
202100028835;150 183;30;0;2;7;17;1
202100028836;150 181;2;3;0;7;1;1
202100028837;150 173;7;12;0;3;0;1
202100028838;150 171;7;0;2;3;1;1
202100028838;150 172;7;0;2;3;13;1
202100028839;150 168;7;0;2;4;1;1
202100028839;150 169;7;0;2;1;1;1
202100028839;150 170;7;0;2;4;1;1
202100028840;150 167;7;0;2;2;1;1
202100028841;150 165;7;0;2;1;5;1
202100028841;150 166;43;0;2;6;2;1
202100028842;150 163;33;0;2;1;1;1
202100028842;150 164;7;0;2;3;20;1
202100028843;150 161;10;0;2;0;0;1
202100028843;150 162;7;0;2;1;1;1
202100028844;150 159;10;0;2;5;4;1
202100028844;150 160;50;0;2;1;25;3
202100028845;150 156;7;0;2;3;1;0
202100028845;150 157;7;0;2;3;26;2
202100028845;150 158;2;0;2;1;18;1
202100028846;150 155;7;1;0;3;1;1
202100028847;150 154;33;0;1;7;21;1
202100028848;150 152;7;0;2;1;13;1
202100028848;150 153;7;0;2;1;1;1
202100028849;150 150;7;0;2;4;2;1
202100028849;150 151;7;0;2;1;2;1
202100028850;150 149;43;0;0;8;1;1
202100028851;150 147;1;0;2;3;19;5
202100028851;150 148;33;0;2;1;1;1
202100028852;150 145;7;0;2;3;15;3
202100028852;150 146;50;0;2;1;1;3
202100028853;150 143;33;0;2;1;1;1
202100028853;150 144;7;0;2;7;15;1
202100028854;150 141;50;0;2;7;1;3
202100028854;150 142;7;0;2;8;15;2
202100028855;150 140;30;2;0;1;14;1
202100028856;150 138;7;0;2;2;16;2
202100028856;150 139;1;0;2;8;1;5
202100028857;150 136;7;1;2;7;1;2
202100028857;150 137;7;0;2;1;1;0
202100028858;150 134;80;0;2;1;19;3
202100028858;150 135;33;0;2;2;1;1
202100028859;150 133;80;0;1;8;1;3
202100028860;150 131;7;0;2;3;1;1
202100028860;150 132;80;0;2;2;1;3
202100028861;150 129;1;0;2;1;5;5
202100028861;150 130;30;0;2;1;1;1
202100028862;150 128;30;0;1;1;1;3
202100028863;150 126;1;0;2;2;1;5
202100028863;150 127;7;0;2;2;1;1
202100028864;150 125;50;0;0;1;1;3
202100028865;150 124;7;0;1;7;15;1
202100028866;150 122;43;0;2;1;1;1
202100028866;150 123;7;0;2;8;15;1
202100028867;150 120;34;0;9;1;1;1
202100028867;150 121;1;8;0;8;9;5
202100028868;150 119;7;3;0;1;2;1
202100028869;150 117;7;14;2;1;11;1
202100028869;150 118;7;0;2;4;23;1
202100028870;150 116;7;12;0;1;26;1
202100028871;150 115;7;0;1;0;0;1
202100028872;150 113;1;0;2;3;25;5
202100028872;150 114;7;0;2;2;26;1
202100028873;150 111;60;0;0;0;0;5
202100028873;150 112;7;0;2;1;2;1
202100028874;150 110;30;0;2;1;11;1
202100028875;150 108;1;0;2;0;0;5
202100028875;150 109;50;0;2;1;26;3
202100028876;150 106;1;0;2;8;1;0
202100028876;150 107;7;0;2;7;1;0
202100028877;150 105;30;0;0;0;1;1
202100028878;150 103;7;0;2;3;1;1
202100028878;150 104;30;0;2;1;16;1
202100028879;150 101;7;0;2;7;1;1
202100028879;150 102;7;0;2;7;26;1
202100028880;150 100;33;0;1;1;19;1
202100028881;150 098;33;0;2;1;1;1
202100028881;150 099;7;0;2;6;1;1
202100028882;150 096;2;0;2;3;1;1
202100028882;150 097;7;0;2;2;26;1
202100028883;150 093;10;0;2;1;2;1
202100028883;150 094;7;0;2;4;2;1
202100028883;150 095;7;0;2;4;2;1
202100028884;150 092;30;0;0;0;1;1
202100028885;150 090;7;0;2;3;15;1
202100028885;150 091;2;9;2;1;17;1
202100028886;150 088;7;0;2;3;1;1
202100028886;150 089;7;0;2;1;13;1
202100028887;150 087;7;15;0;8;0;1
202100028888;150 086;7;6;0;1;1;1
202100028889;150 084;99;0;2;3;15;1
202100028889;150 085;2;0;2;3;1;1
202100028890;150 082;7;0;2;5;15;1
202100028890;150 083;2;0;2;1;1;1
202100028891;150 079;14;3;2;6;2;1
202100028891;150 080;10;3;2;2;2;1
202100028892;150 078;7;6;0;3;1;1
202100028893;150 077;7;0;0;2;1;1
202100028894;150 075;7;0;0;6;15;1
202100028894;150 076;33;0;0;1;17;1
202100028895;150 073;33;0;2;1;1;1
202100028895;150 074;7;0;2;1;1;1
202100028896;150 071;7;0;0;4;2;1
202100028896;150 072;7;0;2;1;2;1
202100028897;150 069;33;0;2;1;1;1
202100028897;150 070;7;0;2;8;15;1
202100028898;150 068;7;0;1;1;1;1
202100028899;150 067;7;2;0;2;1;1
202100028900;150 066;7;2;0;1;1;1
202100028901;150 065;7;15;0;1;1;1
202100028902;150 064;7;2;0;7;1;1
202100028903;150 062;7;0;2;3;1;1
202100028903;150 063;7;0;2;1;19;1
202100028904;150 061;33;13;0;0;16;1
202100028905;150 059;33;0;2;1;1;1
202100028905;150 060;7;0;0;8;19;1
202100028906;150 058;31;13;0;8;14;1
202100028907;150 057;33;0;0;0;1;1
202100028908;150 056;7;2;0;7;1;1
202100028909;150 055;7;17;0;1;17;1
202100028910;150 053;2;0;2;0;5;1
202100028910;150 054;7;0;2;3;1;1
202100028911;150 051;7;0;0;2;15;1
202100028911;150 052;7;0;2;1;1;1
202100028912;150 049;7;0;2;2;11;1
202100028912;150 050;7;0;2;6;1;1
202100028913;150 047;33;0;2;1;3;1
202100028913;150 048;7;0;2;3;15;1
202100028914;150 045;7;0;2;3;0;1
202100028914;150 046;7;0;2;3;0;1
202100028915;150 043;1;0;2;1;5;5
202100028915;150 044;7;0;9;3;1;1
202100028916;150 041;15;0;2;1;1;1
202100028916;150 042;7;0;2;1;13;1
202100028917;150 040;7;2;0;1;0;1
202100028918;150 039;32;14;0;1;1;1
202100028919;150 037;7;0;2;8;13;1
202100028919;150 038;7;0;2;1;1;1
202100028920;150 036;7;8;0;1;1;1
202100028921;150 035;7;15;0;3;0;1
202100028922;150 034;21;0;0;9;16;1
202100028923;150 031;10;16;2;1;2;1
202100028923;150 032;7;0;0;4;2;6
202100028924;150 030;10;2;0;1;1;1
202100028925;150 028;7;6;0;6;15;1
202100028925;150 029;7;0;2;1;5;1
202100028926;150 026;33;0;2;3;1;1
202100028926;150 027;7;0;2;7;12;1
202100028927;150 025;7;1;1;3;1;1
202100028928;150 023;7;0;2;8;10;1
202100028928;150 024;7;14;2;1;1;1
202100028929;150 021;1;0;2;1;13;5
202100028929;150 022;7;0;9;3;1;1
202100028930;150 020;33;13;0;9;1;1
202100028931;150 018;1;0;2;7;15;5
202100028931;150 019;7;0;2;2;1;1
202100028932;150 016;7;0;2;4;15;1
202100028932;150 017;33;0;2;1;1;1
202100028933;150 014;7;0;2;1;1;1
202100028933;150 015;7;0;2;8;15;1
202100028934;150 012;7;0;2;3;19;1
202100028934;150 013;33;6;2;2;21;1
202100028935;150 008;7;0;2;4;23;1
202100028935;150 009;7;0;2;4;23;1
202100028935;150 010;7;0;2;1;1;1
202100028935;150 011;7;0;2;6;23;1
202100028936;150 006;34;0;2;7;1;1
202100028936;150 007;7;0;2;3;9;1
202100028937;150 004;7;0;2;3;1;1
202100028937;150 005;7;0;0;8;19;1
202100028938;150 002;33;0;2;1;26;1
202100028938;150 003;7;0;2;6;15;1
202100028939;150 000;36;12;0;0;1;1
202100028940;149 999;7;9;0;1;1;1
202100028941;149 996;7;0;0;0;0;0
202100028941;149 997;7;4;2;2;1;1
202100028941;149 998;7;0;2;7;1;1
202100028942;149 995;7;3;0;9;0;1
202100028943;149 991;7;0;2;4;23;1
202100028943;149 992;7;0;2;7;23;1
202100028943;149 993;7;0;2;7;1;1
202100028943;149 994;7;0;2;8;23;1
202100028944;149 989;10;0;2;1;2;1
202100028944;149 990;7;0;0;0;0;1
202100028945;149 987;7;0;2;4;1;1
202100028945;149 988;7;0;2;1;0;1
202100028946;149 986;7;0;2;1;26;1
202100028947;149 984;7;0;2;4;23;1
202100028947;149 985;7;14;0;1;26;1
202100028948;149 982;34;0;2;1;2;1
202100028948;149 983;7;0;0;5;23;1
202100028949;149 980;0;3;2;1;26;0
202100028949;149 981;33;3;2;4;9;1
202100028950;149 977;7;4;2;4;2;1
202100028950;149 978;14;4;2;1;2;1
202100028950;149 979;7;4;2;4;2;1
202100028951;149 975;7;0;2;2;1;1
202100028951;149 976;7;0;2;4;1;1
202100028952;149 973;10;0;2;4;2;1
202100028952;149 974;7;0;2;1;1;2
202100028953;149 972;7;9;0;1;14;1
202100028954;149 971;31;0;0;0;1;1