Num_Acc;id_vehicule;categorie_vehicule;obstacle_fixe;obstacle_mobile;point_choc_initial;manoeuvre_principale;motorisation
202100028955;149 970;7;3;0;1;1;1
202100028956;149 968;7;0;2;6;11;1
202100028956;149 969;33;0;2;7;1;1
202100028957;149 965;7;0;2;1;26;1
202100028957;149 966;7;0;2;4;2;1
202100028957;149 967;7;0;0;4;11;1
202100028958;149 963;10;1;0;1;1;1
202100028958;149 964;7;0;2;4;23;1
202100028959;149 960;7;0;2;1;1;1
202100028959;149 961;7;0;2;8;1;1
202100028960;149 959;7;6;0;1;15;1
202100028961;149 958;0;0;0;0;1;0
202100028962;149 957;33;0;0;0;1;1
202100028963;149 955;7;0;2;3;26;1
202100028963;149 956;50;0;2;1;25;3
202100028964;149 953;31;8;2;4;15;1
202100028964;149 954;31;0;2;0;1;0
202100028965;149 952;7;2;0;7;1;1
202100028966;149 951;7;0;1;2;15;1
202100028967;149 949;7;0;2;3;9;1
202100028967;149 950;31;0;2;2;1;1
202100028968;149 948;2;12;0;2;26;1
202100028969;149 946;7;0;2;1;1;1
202100028969;149 947;7;8;0;7;1;1
202100028970;149 945;37;0;1;1;15;3
202100028971;149 943;7;0;2;1;15;1
202100028971;149 944;7;0;2;2;1;1
202100028972;149 942;80;16;0;0;19;3
202100028973;149 940;14;0;2;4;1;1
202100028973;149 941;13;0;2;1;2;1
202100028974;149 938;1;0;0;0;0;5
202100028974;149 939;7;0;2;1;1;1
202100028975;149 936;50;0;2;1;26;3
202100028975;149 937;7;0;9;1;9;1
202100028976;149 934;7;0;2;2;2;1
202100028976;149 935;30;0;2;1;2;1
202100028977;149 932;7;0;2;0;0;1
202100028977;149 933;2;0;2;1;2;1
202100028978;149 928;7;0;2;3;13;1
202100028978;149 929;7;0;2;3;0;1
202100028978;149 930;7;0;2;3;0;0
202100028978;149 931;7;0;2;1;0;1
202100028979;149 926;7;0;2;1;1;1
202100028979;149 927;7;13;2;1;1;0
202100028980;149 924;34;14;0;1;17;1
202100028980;149 925;37;0;0;3;2;1
202100028981;149 922;7;0;0;0;26;1
202100028981;149 923;7;15;0;2;17;3
202100028982;149 920;2;0;2;2;1;1
202100028982;149 921;2;0;2;4;1;1
202100028983;149 918;7;0;2;5;1;1
202100028983;149 919;34;0;2;1;1;1
202100028984;149 916;34;0;1;1;1;1
202100028984;149 917;37;0;2;8;23;2
202100028985;149 914;1;0;2;1;1;5
202100028985;149 915;7;0;2;3;22;1
202100028986;149 913;7;0;1;1;12;1
202100028987;149 911;43;0;2;3;1;1
202100028987;149 912;34;0;2;1;1;1
202100028988;149 910;30;0;0;6;1;1
202100028989;149 909;7;0;1;2;7;1
202100028990;149 907;1;0;2;1;1;5
202100028990;149 908;1;0;2;1;15;5
202100028991;149 906;32;1;0;1;13;1
202100028992;149 904;10;0;0;2;19;1
202100028992;149 905;7;0;2;1;19;1
202100028993;149 903;7;0;1;1;1;1
202100028994;149 901;7;0;2;7;1;1
202100028994;149 902;7;0;2;1;1;1
202100028995;149 899;7;0;2;4;16;1
202100028995;149 900;7;0;2;1;1;1
202100028996;149 898;7;0;1;2;1;1
202100028997;149 897;7;12;0;2;0;1
202100028998;149 896;7;0;1;2;0;0
202100028999;149 894;3;0;2;2;19;1
202100028999;149 895;31;14;2;1;1;1
202100029000;149 893;30;0;0;0;1;1
202100029001;149 892;7;0;1;1;1;1
202100029002;149 891;30;0;1;0;1;1
202100029003;149 888;43;11;0;1;6;0
202100029004;149 887;33;1;0;1;1;1
202100029005;149 886;2;7;0;0;1;1
202100029006;149 885;7;14;0;3;0;1
202100029007;149 883;7;0;2;1;13;1
202100029007;149 884;7;0;2;1;1;2
202100029008;149 880;7;0;2;1;2;1
202100029008;149 881;7;0;2;4;2;1
202100029008;149 882;7;0;0;5;15;1
202100029009;149 878;0;0;2;0;0;0
202100029009;149 879;1;0;2;4;0;5
202100029010;149 876;7;0;2;3;1;1
202100029010;149 877;2;0;2;1;13;1
202100029011;149 874;33;0;2;1;18;1
202100029011;149 875;7;0;2;5;2;1
202100029012;149 872;7;0;2;3;17;1
202100029012;149 873;33;0;2;1;1;1
202100029013;149 870;2;0;2;1;2;1
202100029013;149 871;7;0;0;4;23;1
202100029014;149 868;1;0;2;1;1;5
202100029014;149 869;10;0;2;2;15;1
202100029015;149 866;33;0;0;6;1;1
202100029016;149 864;7;9;0;5;1;1
202100029016;149 865;10;0;2;1;0;1
202100029017;149 863;7;2;0;1;1;1
202100029018;149 861;7;0;2;1;1;1
202100029018;149 862;7;0;2;1;11;1
202100029019;149 860;7;0;0;0;23;1
202100029020;149 859;7;13;0;3;1;1
202100029021;149 857;17;0;2;3;21;1
202100029021;149 858;17;0;0;5;1;1
202100029022;149 854;15;0;2;1;1;1
202100029022;149 855;7;0;2;9;1;1
202100029022;149 856;7;0;0;4;15;1
202100029023;149 852;7;0;2;2;2;1
202100029023;149 853;1;0;2;9;2;5
202100029024;149 851;1;0;0;9;1;5
202100029025;149 849;1;0;2;1;2;5
202100029025;149 850;21;0;0;4;1;1
202100029026;149 847;10;0;2;8;1;1
202100029026;149 848;1;0;2;1;16;5
202100029027;149 846;7;2;0;1;14;1
202100029028;149 844;1;0;2;4;2;5
202100029028;149 845;7;0;2;0;2;1
202100029029;149 843;10;15;0;2;1;1
202100029030;149 840;7;0;2;2;0;1
202100029030;149 841;7;0;2;2;13;1
202100029030;149 842;7;0;2;3;13;1
202100029031;149 839;7;0;0;3;13;1
202100029032;149 838;7;0;1;6;20;1
202100029033;149 837;7;0;1;3;17;1
202100029034;149 835;7;13;2;0;19;1
202100029034;149 836;7;0;2;1;1;1
202100029035;149 834;7;8;0;2;0;1
202100029036;149 833;7;13;0;1;1;1
202100029037;149 831;7;0;2;3;13;1
202100029037;149 832;10;0;2;3;1;1
202100029038;149 829;7;0;2;1;19;1
202100029038;149 830;1;0;2;8;1;5
202100029039;149 828;7;2;0;7;1;1
202100029040;149 827;7;0;1;1;1;1
202100029041;149 826;17;0;1;0;1;1
202100029042;149 825;33;14;0;0;26;1
202100029043;149 823;17;1;0;1;14;1
202100029043;149 824;7;0;0;4;24;1
202100029044;149 822;7;3;0;1;1;2
202100029045;149 820;14;0;0;6;23;1
202100029045;149 821;7;0;2;1;2;1
202100029046;149 818;7;3;0;4;1;1
202100029046;149 819;7;0;2;3;2;1
202100029047;149 816;33;0;2;1;26;1
202100029047;149 817;33;0;0;0;26;1
202100029048;149 815;32;3;0;2;1;1
202100029049;149 814;32;10;0;1;2;1
202100029050;149 813;7;13;0;4;1;1
202100029051;149 812;3;13;0;2;1;1
202100029052;149 810;7;0;2;1;13;1
202100029052;149 811;33;0;2;1;1;1
202100029053;149 809;7;5;0;1;1;1
202100029054;149 807;7;0;2;1;9;2
202100029054;149 808;33;0;2;7;2;1
202100029055;149 805;31;0;2;1;1;1
202100029055;149 806;10;0;2;3;26;1
202100029056;149 804;33;9;0;1;1;1
202100029057;149 803;33;0;0;7;21;1
202100029058;149 801;7;0;2;1;1;1
202100029058;149 802;7;0;2;5;23;1
202100029059;149 800;7;4;0;1;0;1
202100029060;149 799;7;0;2;4;1;1
202100029061;149 798;7;4;0;4;26;1
202100029062;149 796;33;0;2;1;3;1
202100029062;149 797;10;0;2;2;1;1
202100029063;149 794;7;4;2;6;12;1
202100029063;149 795;7;4;2;2;2;1
202100029064;149 792;7;0;2;3;0;1
202100029064;149 793;7;0;0;9;0;1
202100029065;149 791;7;4;0;1;1;1
202100029066;149 789;10;0;2;0;0;1
202100029066;149 790;33;0;2;8;1;1
202100029067;149 787;7;0;2;4;2;1
202100029067;149 788;7;0;2;1;1;1
202100029068;149 786;7;4;0;3;1;1
202100029069;149 785;1;;0;0;1;
202100029070;149 784;7;0;1;2;16;1
202100029071;149 783;1;0;1;4;25;6
202100029072;149 781;7;0;2;2;1;1
202100029072;149 782;1;0;2;4;0;0
202100029073;149 779;33;0;2;7;1;1
202100029073;149 780;10;0;2;3;15;1
202100029074;149 777;7;0;2;6;26;1
202100029074;149 778;7;0;2;6;26;1
202100029075;149 775;7;0;2;1;2;1
202100029075;149 776;30;0;2;4;2;1
202100029076;149 773;2;0;2;0;15;1
202100029076;149 774;7;0;2;0;15;1
202100029077;149 771;30;0;2;1;1;1
202100029077;149 772;10;0;2;4;23;1
202100029078;149 770;7;0;1;4;20;1
202100029079;149 769;7;0;1;3;1;2
202100029080;149 767;32;0;2;8;1;1
202100029080;149 768;7;0;2;0;26;0
202100029081;149 765;7;0;2;2;9;1
202100029081;149 766;1;0;2;2;1;5
202100029082;149 763;7;0;2;8;10;1
202100029082;149 764;7;0;2;2;1;1
202100029083;149 762;30;0;2;8;1;1
202100029084;149 761;7;6;0;9;1;1
202100029085;149 759;50;1;0;3;1;3
202100029085;149 760;7;0;2;2;24;1
202100029086;149 756;7;0;2;6;1;1
202100029086;149 757;30;0;2;1;17;1
202100029086;149 758;7;0;2;3;1;1
202100029087;149 754;2;0;2;8;1;1
202100029087;149 755;7;0;2;1;15;1
202100029088;149 752;2;0;2;1;1;1
202100029088;149 753;7;0;2;2;15;1
202100029089;149 749;33;0;2;8;1;1
202100029089;149 750;10;0;2;1;15;1
202100029089;149 751;7;0;2;6;23;1
202100029090;149 747;30;0;2;3;1;1
202100029090;149 748;7;0;2;3;1;1
202100029091;149 746;37;0;1;1;23;3
202100029092;149 744;7;0;2;3;1;1
202100029092;149 745;2;0;2;1;1;1
202100029093;149 743;7;6;0;3;1;1
202100029094;149 742;7;0;1;1;1;1
202100029095;149 740;7;1;2;1;1;1
202100029095;149 741;7;0;2;1;1;1
202100029096;149 739;7;0;1;1;1;1
202100029097;149 738;7;0;1;1;1;1
202100029098;149 736;7;0;2;1;14;2
202100029098;149 737;7;1;0;6;23;1
202100029099;149 735;38;0;1;7;9;1
202100029100;149 734;7;1;0;1;1;1
202100029101;149 732;7;0;2;2;16;1
202100029101;149 733;99;0;2;8;1;3
202100029102;149 730;1;0;2;0;0;5
202100029102;149 731;7;0;9;3;16;1
202100029103;149 728;7;0;2;2;1;1
202100029103;149 729;7;0;2;1;16;1
202100029104;149 727;7;0;1;0;26;1
202100029105;149 725;1;0;2;2;19;5
202100029105;149 726;7;0;2;1;1;1
202100029106;149 723;14;0;0;0;2;1
202100029106;149 724;10;0;2;1;2;1
202100029107;149 721;7;0;2;1;9;1
202100029107;149 722;7;0;2;4;1;2
202100029108;149 719;7;0;2;3;15;1
202100029108;149 720;2;0;2;1;1;5
202100029109;149 717;2;0;2;1;1;1
202100029109;149 718;7;0;2;3;19;1
202100029110;149 714;10;0;2;4;1;1
202100029110;149 715;7;0;2;1;1;1
202100029110;149 716;7;0;2;4;1;1
202100029111;149 713;33;4;0;8;17;1
202100029112;149 710;1;0;9;1;1;5
202100029112;149 711;1;0;9;1;1;5
202100029112;149 712;1;0;9;1;1;5
202100029113;149 709;7;0;9;1;1;1
202100029114;149 708;7;16;0;1;1;1
202100029115;149 707;7;0;2;3;14;1
202100029116;149 706;7;0;1;4;4;1
202100029117;149 704;50;0;2;6;2;3
202100029117;149 705;7;0;2;2;2;1
202100029118;149 702;10;0;2;3;9;1
202100029118;149 703;30;0;2;7;1;1
202100029119;149 700;10;0;2;1;0;1
202100029119;149 701;37;0;2;7;0;1
202100029120;149 699;7;0;1;1;15;1
202100029121;149 697;7;0;2;2;2;1
202100029121;149 698;30;0;2;1;0;1
202100029122;149 695;7;0;2;4;26;1
202100029122;149 696;7;5;2;1;9;1
202100029123;149 694;7;14;0;1;1;2
202100029124;149 693;7;0;1;2;21;1
202100029125;149 691;7;0;2;2;16;1
202100029125;149 692;2;0;2;1;1;1
202100029126;149 690;7;9;0;9;0;1
202100029127;149 687;7;0;2;1;1;1
202100029127;149 688;7;0;2;2;15;1
202100029128;149 685;7;0;2;8;19;1
202100029128;149 686;7;0;2;1;1;1
202100029129;149 684;7;2;0;1;1;1
202100029130;149 682;33;0;2;7;1;1
202100029130;149 683;7;0;2;1;1;1
202100029131;149 681;10;0;0;0;1;1
202100029132;149 679;7;0;2;1;1;1
202100029132;149 680;7;0;2;1;13;1
202100029133;149 677;3;0;2;3;1;1
202100029133;149 678;1;0;2;8;19;5
202100029134;149 675;7;0;2;2;20;1
202100029134;149 676;30;0;2;1;26;1
202100029135;149 673;30;0;2;1;1;1
202100029135;149 674;7;0;2;4;1;1
202100029136;149 671;7;0;2;3;13;1
202100029136;149 672;14;0;2;3;1;1
202100029137;149 669;10;0;2;2;16;1
202100029137;149 670;30;0;2;1;7;1
202100029138;149 667;7;0;2;1;9;1
202100029138;149 668;7;0;2;1;1;1
202100029139;149 663;7;0;2;4;2;1
202100029139;149 664;30;0;2;1;2;1
202100029140;149 661;7;0;2;3;26;1
202100029140;149 662;7;0;0;4;26;1
202100029141;149 656;7;0;2;3;2;1
202100029141;149 657;7;0;2;4;2;2
202100029141;149 658;7;0;2;1;0;3
202100029142;149 655;7;1;0;2;14;1
202100029143;149 653;7;0;2;1;1;1
202100029143;149 654;7;0;2;3;15;1
202100029144;149 651;7;0;2;8;1;0
202100029144;149 652;33;0;2;7;1;1
202100029145;149 649;30;0;2;0;0;1
202100029145;149 650;7;0;2;2;16;1
202100029146;149 648;7;0;0;1;13;1
202100029147;149 646;7;0;2;3;16;6
202100029147;149 647;14;0;2;3;15;6
202100029148;149 644;7;0;2;4;2;1
202100029148;149 645;7;0;2;1;2;1
202100029149;149 643;7;8;0;1;1;1
202100029150;149 641;7;0;2;7;12;1
202100029150;149 642;33;0;2;8;3;1
202100029151;149 639;31;3;2;8;1;1
202100029151;149 640;7;0;2;2;12;0
202100029152;149 637;7;0;2;2;10;1
202100029152;149 638;33;0;2;1;1;3
202100029153;149 635;14;0;2;8;15;1
202100029153;149 636;33;0;2;2;1;1
202100029154;149 633;33;0;2;7;15;1
202100029154;149 634;43;0;2;1;7;1
202100029155;149 631;7;0;2;2;1;3
202100029155;149 632;7;0;2;3;15;2
202100029156;149 630;7;0;1;1;16;1
202100029157;149 628;7;0;2;5;16;1
202100029157;149 629;31;0;2;1;7;1
202100029158;149 626;7;0;2;3;15;1
202100029158;149 627;30;0;2;7;17;1
202100029159;149 624;7;0;2;3;2;1
202100029159;149 625;7;0;2;4;23;1
202100029160;149 623;7;9;1;1;13;2
202100029161;149 622;1;0;1;1;1;5
202100029162;149 621;43;0;0;3;1;1
202100029163;149 619;33;0;2;2;1;1
202100029163;149 620;10;0;2;6;15;1
202100029164;149 617;7;0;2;2;1;1
202100029164;149 618;7;0;2;3;1;1
202100029165;149 615;13;0;2;0;0;1
202100029165;149 616;1;0;0;0;0;0
202100029166;149 614;7;9;0;1;1;1
202100029167;149 612;17;0;2;3;15;1
202100029167;149 613;7;0;2;1;17;1
202100029168;149 611;32;0;0;0;26;1
202100029169;149 609;7;0;2;1;7;1
202100029169;149 610;7;0;2;3;16;1
202100029170;149 608;7;0;1;1;1;1
202100029171;149 607;10;0;1;2;25;1
202100029172;149 605;7;0;2;3;9;1
202100029172;149 606;10;0;2;2;1;1
202100029173;149 603;7;0;2;1;1;1
202100029173;149 604;7;0;2;4;23;1
202100029174;149 601;7;0;2;0;0;0
202100029174;149 602;7;0;2;7;15;1
202100029175;149 599;7;0;2;1;15;1
202100029175;149 600;7;0;2;1;1;1
202100029176;149 598;60;0;0;8;25;5
202100029177;149 596;14;1;2;4;23;1
202100029177;149 597;14;1;2;1;0;1
202100029178;149 595;7;0;1;6;15;1
202100029179;149 593;7;0;2;3;0;1
202100029179;149 594;1;0;2;3;15;0
202100029180;149 592;7;0;1;1;1;1
202100029181;149 591;30;0;0;2;1;1
202100029182;149 589;30;0;2;7;1;1
202100029182;149 590;7;0;2;2;10;1
202100029183;149 586;10;0;2;9;1;1
202100029183;149 587;10;0;2;3;1;1
202100029183;149 588;7;0;2;0;11;0
202100029184;149 584;7;0;0;0;15;1
202100029184;149 585;2;0;0;8;17;1
202100029185;149 582;7;0;2;2;16;1
202100029185;149 583;2;0;2;1;16;1
202100029186;149 580;7;0;2;3;26;1
202100029186;149 581;2;0;2;1;17;1
202100029187;149 579;31;0;0;7;1;1
202100029188;149 577;7;0;2;2;17;1
202100029188;149 578;33;0;2;4;17;1
202100029189;149 576;2;12;0;0;1;1
202100029190;149 573;7;0;1;1;1;1
202100029191;149 572;33;3;0;2;0;1
202100029192;149 571;10;2;0;3;0;1
202100029193;149 569;33;0;2;8;2;1
202100029193;149 570;7;0;2;4;1;1
202100029194;149 567;7;0;2;5;1;1
202100029194;149 568;7;0;2;1;19;2
202100029195;149 566;2;6;0;1;0;1
202100029196;149 565;2;0;0;0;1;1
202100029197;149 563;7;0;2;3;1;1
202100029197;149 564;7;0;2;3;13;1
202100029198;149 561;31;0;2;1;13;1
202100029198;149 562;7;0;2;1;1;1
202100029199;149 559;7;0;2;1;1;1
202100029199;149 560;7;0;2;1;13;3
202100029200;149 558;7;2;0;2;14;1
202100029201;149 557;7;13;0;1;14;1
202100029202;149 555;7;0;2;1;1;1
202100029202;149 556;7;0;2;7;13;1
202100029203;149 553;7;10;2;2;17;1
202100029203;149 554;7;0;2;2;1;1
202100029204;149 552;7;16;0;9;0;1
202100029205;149 551;7;8;0;8;1;1
202100029206;149 550;7;12;0;0;1;1
202100029207;149 549;7;0;0;0;1;1
202100029208;149 547;7;0;2;1;14;1
202100029208;149 548;7;0;2;8;24;1
202100029209;149 545;7;0;0;4;1;1
202100029209;149 546;7;0;2;1;2;1
202100029210;149 543;2;0;2;8;2;1
202100029210;149 544;7;0;2;7;2;1
202100029211;149 542;7;2;0;1;1;1
202100029212;149 540;10;0;2;7;19;1
202100029212;149 541;2;0;2;1;1;1
202100029213;149 539;7;15;0;0;1;1
202100029214;149 537;33;1;0;1;2;1
202100029214;149 538;21;0;0;4;23;0
202100029215;149 536;36;16;0;2;1;1
202100029216;149 535;7;2;0;3;2;1
202100029217;149 534;7;0;0;0;21;1
202100029218;149 532;33;0;2;4;1;1
202100029218;149 533;7;0;2;2;17;1
202100029219;149 531;7;13;0;9;1;1
202100029220;149 530;7;13;0;2;1;1
202100029221;149 528;7;0;2;3;13;1
202100029221;149 529;7;8;2;3;13;1
202100029222;149 527;7;2;0;1;1;1
202100029223;149 525;7;0;0;2;1;1
202100029223;149 526;7;9;2;1;1;1
202100029224;149 524;7;0;1;2;2;1
202100029225;149 523;2;0;1;1;16;1
202100029226;149 518;7;0;2;2;2;1
202100029226;149 519;7;0;0;6;23;1
202100029226;149 520;7;0;2;4;23;0
202100029226;149 521;7;0;2;4;23;1
202100029226;149 522;7;0;0;4;23;1
202100029227;149 517;7;0;0;1;1;1
202100029228;149 515;7;0;2;1;1;1
202100029228;149 516;7;0;2;5;1;1
202100029229;149 511;7;0;2;2;1;1
202100029229;149 512;7;0;2;2;1;1
202100029229;149 513;7;0;2;3;15;1
202100029230;149 510;7;4;0;9;17;1
202100029231;149 508;10;0;2;3;1;1
202100029231;149 509;2;0;2;1;1;1
202100029232;149 507;7;13;0;2;1;1
202100029233;149 506;2;6;0;2;1;1
202100029234;149 504;7;0;2;3;1;1
202100029234;149 505;7;0;2;1;1;1
202100029235;149 503;7;2;0;1;1;1
202100029236;149 501;7;0;2;3;19;1
202100029236;149 502;7;0;2;1;1;1
202100029237;149 499;7;0;2;1;1;1
202100029237;149 500;3;0;2;1;13;1
202100029238;149 497;7;0;0;3;15;1
202100029238;149 498;2;0;2;1;17;1
202100029239;149 496;7;0;1;3;1;1
202100029240;149 494;7;0;2;3;1;1
202100029240;149 495;30;0;2;1;5;1
202100029241;149 491;7;0;2;4;1;1
202100029241;149 492;7;0;2;4;1;1
202100029241;149 493;7;0;2;1;1;1
202100029242;149 489;7;0;2;2;12;1
202100029242;149 490;13;0;2;6;1;1
202100029243;149 487;7;0;2;4;2;1
202100029243;149 488;7;0;2;1;2;1
202100029244;149 485;7;0;2;4;2;1
202100029244;149 486;14;0;2;1;1;1
202100029245;149 484;7;4;0;2;14;1
202100029246;149 482;7;0;2;8;11;1
202100029246;149 483;31;0;2;7;3;1
202100029247;149 480;7;0;2;5;2;1
202100029247;149 481;33;0;2;3;2;1
202100029248;149 478;7;4;2;8;1;1
202100029248;149 479;17;0;2;2;12;1
202100029249;149 475;14;0;2;6;1;1
202100029249;149 476;31;0;2;2;3;1
202100029249;149 477;7;0;2;7;1;1
202100029250;149 473;7;0;0;6;24;1
202100029250;149 474;7;0;2;2;26;1
202100029251;149 471;7;0;2;2;1;1
202100029251;149 472;7;0;2;6;1;1
202100029252;149 469;7;0;2;4;1;1
202100029252;149 470;10;0;2;1;1;1
202100029253;149 468;7;0;0;9;1;1
202100029254;149 465;7;0;2;3;9;1
202100029254;149 466;10;0;2;1;1;1
202100029254;149 467;7;0;2;4;1;1
202100029255;149 464;7;3;0;1;1;1
202100029256;149 462;10;0;2;4;2;1
202100029256;149 463;7;0;2;1;2;1
202100029257;149 461;10;0;0;1;1;1
202100029258;149 460;2;0;1;2;1;1
202100029259;149 459;7;0;1;1;1;1
202100029260;149 458;33;3;0;8;1;1
202100029261;149 457;10;2;0;1;13;1
202100029262;149 456;7;0;1;3;24;1
202100029263;149 455;7;0;1;1;1;1
202100029264;149 453;31;0;9;1;3;1
202100029264;149 454;0;0;9;1;3;0
202100029265;149 451;7;0;2;1;1;1
202100029265;149 452;7;0;2;1;15;1
202100029266;149 450;2;14;0;0;1;1
202100029267;149 449;7;0;2;7;1;1
202100029268;149 448;37;0;1;6;1;1
202100029269;149 446;3;0;2;1;1;1
202100029269;149 447;7;0;2;3;13;1
202100029270;149 442;7;0;2;4;26;1
202100029270;149 443;7;0;2;1;26;1
202100029270;149 444;7;0;0;4;14;1
202100029270;149 445;1;0;2;1;26;5
202100029271;149 440;34;0;1;1;19;1
202100029271;149 441;7;0;2;6;2;1
202100029272;149 439;30;14;0;8;26;1
202100029273;149 437;7;0;2;8;11;1
202100029273;149 438;7;0;2;1;21;1
202100029274;149 435;2;0;2;1;1;1
202100029274;149 436;7;0;2;1;1;1
202100029275;149 433;10;6;0;2;4;1
202100029275;149 434;7;0;2;1;2;1
202100029276;149 432;7;0;1;5;20;0
202100029277;149 431;7;0;1;2;1;1
202100029278;149 430;33;0;1;1;1;1
202100029279;149 428;7;0;2;2;2;1
202100029279;149 429;7;0;2;5;15;1
202100029280;149 426;7;0;2;1;1;1
202100029280;149 427;7;0;2;3;13;1
202100029281;149 424;7;0;2;1;2;1
202100029281;149 425;7;0;2;4;2;1
202100029282;149 422;30;0;2;3;1;1
202100029282;149 423;7;0;2;3;15;1
202100029283;149 420;7;1;2;1;0;1
202100029283;149 421;7;0;0;4;15;1
202100029284;149 417;7;0;2;3;13;1
202100029284;149 418;7;0;2;8;1;1
202100029284;149 419;7;0;2;3;1;1
202100029285;149 415;7;0;2;1;2;1
202100029285;149 416;7;0;2;4;23;1
202100029286;149 414;7;1;0;7;14;1
202100029287;149 412;7;0;2;8;15;1
202100029287;149 413;32;0;2;1;17;1
202100029288;149 411;1;3;0;1;1;5
202100029289;149 410;33;8;0;2;26;1
202100029290;149 408;2;0;2;4;2;1
202100029290;149 409;7;0;2;1;2;1
202100029291;149 406;33;0;2;1;1;1
202100029291;149 407;7;0;2;8;19;1
202100029292;149 404;10;0;2;1;9;1
202100029292;149 405;30;0;2;7;1;1
202100029293;149 401;7;0;2;3;1;1
202100029293;149 402;7;0;2;3;1;1
202100029293;149 403;7;3;2;1;1;1
202100029294;149 400;7;4;0;1;1;1
202100029295;149 398;15;0;2;3;1;1
202100029295;149 399;7;0;2;3;13;1
202100029296;149 397;7;6;0;1;14;1
202100029297;149 395;7;0;2;8;9;1
202100029297;149 396;31;3;0;7;18;1
202100029298;149 393;7;0;2;7;9;1
202100029298;149 394;1;0;2;0;0;5
202100029299;149 391;7;0;2;3;1;1
202100029299;149 392;7;0;2;1;13;1
202100029300;149 389;2;0;2;1;1;1
202100029300;149 390;7;0;2;2;20;1
202100029301;149 387;7;0;2;1;1;1
202100029301;149 388;7;0;2;8;1;1
202100029302;149 385;7;8;2;5;15;1
202100029302;149 386;7;0;2;1;1;1
202100029303;149 384;7;2;0;1;1;1
202100029304;149 383;10;12;0;1;16;1
202100029305;149 381;33;0;2;8;15;1
202100029305;149 382;7;0;2;3;17;1
202100029306;149 378;7;0;2;1;26;1
202100029306;149 379;7;0;2;4;2;1
202100029306;149 380;10;0;2;4;2;1
202100029307;149 376;33;0;2;8;2;1
202100029307;149 377;15;0;2;4;1;1
202100029308;149 375;7;0;1;1;16;1
202100029309;149 373;1;0;2;0;0;5
202100029309;149 374;7;0;2;0;0;1
202100029310;149 372;7;2;0;1;19;1
202100029311;149 370;33;0;2;2;2;1
202100029311;149 371;7;0;2;3;13;1
202100029312;149 368;37;0;2;1;1;1
202100029312;149 369;7;0;2;8;15;1
202100029313;149 366;2;0;2;8;9;1
202100029313;149 367;7;0;2;7;16;1
202100029314;149 364;7;15;0;6;2;1
202100029314;149 365;2;15;2;1;2;1
202100029315;149 363;32;0;0;6;16;1
202100029316;149 362;43;0;1;1;17;1
202100029317;149 360;32;0;2;8;1;1
202100029317;149 361;7;0;2;2;12;1
202100029318;149 357;7;0;2;4;2;1
202100029318;149 358;7;0;2;2;2;1
202100029318;149 359;33;0;2;1;3;1
202100029319;149 355;80;0;2;3;7;3
202100029319;149 356;7;0;2;2;22;1
202100029320;149 354;30;0;1;1;1;1
202100029321;149 352;10;0;2;8;11;1
202100029321;149 353;30;0;2;7;1;3
202100029322;149 350;34;0;2;1;15;1
202100029322;149 351;43;0;2;1;10;1
202100029323;149 348;7;0;2;4;2;1
202100029323;149 349;7;0;2;1;2;1
202100029324;149 346;7;0;2;1;2;1
202100029324;149 347;32;0;2;5;23;1
202100029325;149 344;32;0;2;1;1;1
202100029325;149 345;10;0;2;7;15;1
202100029326;149 342;7;0;2;2;11;1
202100029326;149 343;7;0;2;6;23;1
202100029327;149 341;32;0;0;8;17;1
202100029328;149 339;1;0;2;7;1;5
202100029328;149 340;2;0;2;1;5;1
202100029329;149 337;10;0;2;3;15;1
202100029329;149 338;7;0;2;1;1;3
202100029330;149 335;10;0;2;1;2;1
202100029330;149 336;7;0;2;4;2;3
202100029331;149 333;7;0;2;1;2;1
202100029331;149 334;32;0;2;4;2;1
202100029332;149 332;50;1;0;1;25;3
202100029333;149 331;1;0;0;8;21;5
202100029334;149 330;1;12;0;1;11;5
202100029335;149 328;50;0;2;3;15;3
202100029335;149 329;1;0;2;2;17;5
202100029336;149 327;7;0;0;1;16;1
202100029337;149 325;7;0;2;7;15;1
202100029337;149 326;33;4;2;1;1;1
202100029338;149 323;7;0;2;2;1;1
202100029338;149 324;7;0;2;1;15;1
202100029339;149 322;7;0;0;8;16;1
202100029340;149 320;7;0;2;4;23;1
202100029340;149 321;7;0;2;1;1;1
202100029341;149 319;37;9;1;2;26;2
202100029342;149 317;7;0;2;2;1;1
202100029342;149 318;31;0;2;3;20;1
202100029343;149 316;7;1;0;3;13;1
202100029344;149 315;30;0;1;1;1;1
202100029345;149 313;43;0;2;1;1;1
202100029345;149 314;7;0;2;1;15;1
202100029346;149 312;32;8;0;2;14;3
202100029347;149 310;7;0;0;4;1;1
202100029347;149 311;10;0;2;1;2;1
202100029348;149 309;43;0;0;0;1;1
202100029349;149 307;7;1;2;2;14;1
202100029349;149 308;7;0;2;1;1;1
202100029350;149 305;7;0;2;6;15;1
202100029350;149 306;37;0;2;2;1;1
202100029351;149 303;15;0;2;1;1;1
202100029351;149 304;7;0;2;1;13;1
202100029352;149 302;7;0;1;0;1;1
202100029353;149 300;7;0;2;1;1;1
202100029353;149 301;7;0;2;3;1;1
202100029354;149 299;7;6;0;2;1;1
202100029355;149 298;7;3;0;6;1;1
202100029356;149 297;7;12;0;2;1;1
202100029357;149 295;7;8;0;1;0;1
202100029358;149 293;7;0;2;3;9;1
202100029358;149 294;33;0;2;1;1;1
202100029359;149 292;7;13;0;9;14;1
202100029360;149 291;7;0;0;1;1;1
202100029361;149 290;33;0;6;1;1;1
202100029362;149 289;7;13;0;1;13;1
202100029363;149 287;50;0;2;1;1;3
202100029363;149 288;21;0;2;1;19;1
202100029364;149 286;10;0;1;2;1;1