Num_Acc;id_vehicule;categorie_vehicule;obstacle_fixe;obstacle_mobile;point_choc_initial;manoeuvre_principale;motorisation
202100029365;149 285;7;13;0;3;1;1
202100029366;149 283;7;0;2;3;2;1
202100029366;149 284;1;0;0;4;2;5
202100029367;149 282;7;2;9;1;13;1
202100029368;149 280;7;0;2;8;13;1
202100029368;149 281;7;0;2;3;1;1
202100029369;149 279;7;2;0;3;1;1
202100029370;149 277;7;7;2;2;17;1
202100029370;149 278;10;7;2;3;1;1
202100029371;149 276;33;0;0;0;0;1
202100029372;149 274;7;0;2;1;17;1
202100029372;149 275;7;0;2;1;5;2
202100029373;149 273;7;6;0;3;13;1
202100029374;149 269;7;0;2;2;1;1
202100029374;149 270;7;0;2;2;1;1
202100029375;149 268;7;0;0;0;13;1
202100029376;149 266;33;0;2;1;1;1
202100029376;149 267;7;0;2;2;15;1
202100029377;149 264;7;0;2;3;1;1
202100029377;149 265;2;0;2;1;13;1
202100029378;149 263;0;0;0;0;0;3
202100029379;149 262;7;13;0;1;1;1
202100029380;149 260;33;0;2;2;17;1
202100029380;149 261;3;0;0;6;15;1
202100029381;149 258;15;0;0;2;15;1
202100029381;149 259;30;0;2;7;9;1
202100029382;149 257;33;15;0;1;1;1
202100029383;149 255;14;0;2;3;1;1
202100029383;149 256;10;0;2;1;13;1
202100029384;149 254;15;3;0;1;1;1
202100029385;149 251;2;0;2;1;1;1
202100029385;149 252;2;0;2;3;1;1
202100029385;149 253;2;0;2;1;19;1
202100029386;149 250;7;13;0;9;14;1
202100029387;149 249;7;0;0;7;14;1
202100029388;149 247;7;0;2;2;1;1
202100029388;149 248;15;0;0;6;1;1
202100029389;149 246;10;0;1;2;1;1
202100029390;149 244;7;0;2;3;1;1
202100029390;149 245;7;13;0;7;19;1
202100029391;149 243;2;0;0;0;1;1
202100029392;149 242;7;2;0;9;1;1
202100029393;149 240;7;0;2;1;19;1
202100029393;149 241;33;0;2;7;1;1
202100029394;149 237;7;10;0;1;16;1
202100029395;149 235;33;0;2;1;1;1
202100029395;149 236;7;0;2;1;1;1
202100029396;149 234;7;13;0;6;1;1
202100029397;149 232;2;16;0;1;1;1
202100029398;149 231;7;0;1;4;4;1
202100029399;149 229;7;0;2;3;15;1
202100029399;149 230;33;0;2;1;17;1
202100029400;149 227;13;0;9;3;1;1
202100029400;149 228;13;0;0;0;1;1
202100029401;149 224;7;0;2;1;2;1
202100029401;149 225;7;0;0;4;15;1
202100029402;149 223;33;16;0;7;1;1
202100029403;149 221;7;0;2;4;1;1
202100029403;149 222;7;0;2;1;1;1
202100029404;149 220;33;0;0;0;21;1
202100029405;149 219;7;4;0;3;13;1
202100029406;149 217;14;0;2;1;1;1
202100029406;149 218;7;0;2;4;1;1
202100029407;149 216;7;4;0;1;1;1
202100029408;149 212;10;0;2;1;2;1
202100029408;149 213;7;0;2;1;2;1
202100029408;149 214;10;0;2;1;2;1
202100029408;149 215;10;0;2;4;2;1
202100029409;149 211;7;4;0;8;13;1
202100029410;149 209;32;0;2;7;1;1
202100029410;149 210;10;0;2;8;11;1
202100029411;149 206;7;0;2;5;23;1
202100029411;149 207;7;1;0;1;1;1
202100029411;149 208;7;1;0;3;1;1
202100029412;149 205;7;0;1;2;1;1
202100029413;149 203;30;0;2;1;17;1
202100029413;149 204;10;0;2;3;15;1
202100029414;149 202;30;0;0;8;1;1
202100029415;149 201;7;10;0;1;16;1
202100029416;149 200;7;0;1;3;15;1
202100029417;149 199;7;0;0;3;1;1
202100029418;149 197;7;0;2;1;15;1
202100029418;149 198;7;0;2;3;1;1
202100029419;149 195;32;0;2;1;26;1
202100029419;149 196;7;0;2;5;26;1
202100029420;149 194;31;6;0;1;1;1
202100029421;149 193;30;0;1;1;17;1
202100029422;149 185;33;0;2;0;17;1
202100029422;149 186;10;0;2;0;15;1
202100029423;149 183;7;0;2;3;13;1
202100029423;149 184;31;0;2;3;1;1
202100029424;149 182;7;0;9;3;1;1
202100029425;149 180;7;0;2;8;1;1
202100029425;149 181;7;0;2;1;15;1
202100029426;149 177;7;0;2;2;1;1
202100029426;149 178;7;0;2;1;15;1
202100029427;149 176;7;0;1;1;9;1
202100029428;149 174;7;0;2;1;1;1
202100029428;149 175;7;0;2;2;1;1
202100029429;149 172;7;0;2;1;1;1
202100029429;149 173;7;0;2;4;1;1
202100029430;149 170;1;0;2;4;1;6
202100029430;149 171;7;0;2;1;2;
202100029431;149 169;7;2;0;1;14;1
202100029432;149 168;10;0;1;0;1;0
202100029433;149 167;32;0;0;1;19;1
202100029434;149 165;7;0;2;2;15;2
202100029434;149 166;33;0;2;1;1;1
202100029435;149 164;33;0;2;2;1;1
202100029436;149 163;34;0;1;1;2;1
202100029437;149 162;33;3;0;1;2;1
202100029438;149 161;32;0;0;8;1;1
202100029439;149 159;43;0;2;2;3;1
202100029439;149 160;7;0;2;8;1;1
202100029440;149 158;1;0;1;1;1;5
202100029441;149 156;7;0;2;3;16;1
202100029441;149 157;7;0;2;2;1;1
202100029442;149 154;7;0;2;4;2;1
202100029442;149 155;30;0;2;1;1;3
202100029443;149 152;32;0;2;4;2;1
202100029443;149 153;7;0;2;2;2;1
202100029444;149 150;7;0;2;3;1;1
202100029444;149 151;7;0;2;1;1;0
202100029445;149 148;7;0;2;2;1;1
202100029445;149 149;7;0;2;1;15;3
202100029446;149 146;1;0;2;0;1;5
202100029446;149 147;7;0;2;2;1;1
202100029447;149 144;7;0;2;3;18;0
202100029447;149 145;33;0;2;3;23;1
202100029448;149 142;34;0;2;8;1;1
202100029448;149 143;7;0;2;1;10;1
202100029449;149 141;7;10;0;1;1;1
202100029450;149 139;7;0;2;4;23;1
202100029450;149 140;7;0;2;0;0;1
202100029451;149 138;7;14;0;0;9;1
202100029452;149 136;7;8;0;1;21;1
202100029452;149 137;7;0;0;0;0;2
202100029453;149 135;30;0;1;1;1;3
202100029454;149 133;7;0;2;2;15;1
202100029454;149 134;50;0;2;1;1;3
202100029455;149 131;2;0;2;0;1;6
202100029455;149 132;2;0;2;1;1;6
202100029456;149 130;0;0;1;3;9;0
202100029457;149 129;7;13;1;2;1;1
202100029458;149 128;7;16;0;9;1;1
202100029459;149 127;7;0;1;1;15;1
202100029460;149 124;7;0;2;1;2;1
202100029460;149 125;7;0;2;1;1;1
202100029460;149 126;7;0;2;1;5;1
202100029461;149 123;7;13;0;1;1;1
202100029462;149 121;7;0;2;2;12;2
202100029462;149 122;7;3;2;8;1;1
202100029463;149 120;7;0;5;2;1;1
202100029464;149 119;7;0;0;3;1;1
202100029465;149 117;7;0;2;1;13;1
202100029465;149 118;7;0;2;1;26;1
202100029466;149 116;7;2;0;1;14;1
202100029467;149 115;7;0;0;0;1;6
202100029468;149 112;33;0;2;2;2;1
202100029468;149 113;33;0;2;4;2;1
202100029468;149 114;33;0;2;1;2;1
202100029469;149 110;2;0;2;2;13;1
202100029469;149 111;7;0;2;2;21;1
202100029470;149 108;10;0;2;1;1;1
202100029470;149 109;7;0;2;7;13;1
202100029471;149 107;10;1;1;1;2;1
202100029472;149 105;7;0;2;3;13;1
202100029472;149 106;7;0;2;8;1;1
202100029473;149 103;7;7;2;1;9;1
202100029473;149 104;7;0;2;8;0;1
202100029474;149 101;33;0;2;8;1;1
202100029474;149 102;33;0;2;8;5;1
202100029475;149 100;7;6;0;1;1;1
202100029476;149 099;7;2;0;2;14;1
202100029477;149 098;7;2;0;1;1;1
202100029478;149 097;33;0;0;8;1;1
202100029479;149 096;7;4;0;3;1;1
202100029480;149 094;7;0;2;1;11;1
202100029480;149 095;7;0;2;1;1;1
202100029481;149 092;1;0;2;4;19;5
202100029481;149 093;33;0;0;7;0;1
202100029482;149 091;7;6;0;1;14;1
202100029483;149 090;33;4;0;1;14;1
202100029484;149 089;7;2;0;1;1;1
202100029485;149 087;7;0;0;7;1;1
202100029485;149 088;7;0;2;1;19;2
202100029486;149 085;7;0;2;1;9;1
202100029486;149 086;2;0;2;1;1;1
202100029487;149 084;50;0;0;0;1;3
202100029488;149 083;33;16;0;0;1;1
202100029489;149 081;33;0;2;1;1;1
202100029489;149 082;33;0;2;3;15;1
202100029490;149 079;33;13;2;1;17;1
202100029490;149 080;33;0;2;1;1;1
202100029491;149 077;7;0;2;1;13;1
202100029491;149 078;10;0;2;1;1;1
202100029492;149 076;2;0;0;0;0;1
202100029493;149 074;2;0;2;1;1;1
202100029493;149 075;7;0;2;3;15;1
202100029494;149 073;99;0;9;2;1;6
202100029495;149 072;10;2;0;3;13;1
202100029496;149 070;7;0;2;1;13;1
202100029496;149 071;7;0;2;3;1;1
202100029497;149 069;1;0;0;0;0;5
202100029498;149 067;33;0;2;1;1;1
202100029498;149 068;7;0;2;3;19;1
202100029499;149 064;15;5;2;3;1;1
202100029499;149 065;7;0;2;3;13;1
202100029500;149 062;2;0;2;1;1;1
202100029500;149 063;21;0;2;3;1;1
202100029501;149 061;33;0;0;1;16;1
202100029502;149 059;33;0;2;3;13;1
202100029502;149 060;7;0;2;3;1;1
202100029503;149 058;31;0;0;7;0;1
202100029504;149 057;33;13;0;2;1;1
202100029505;149 055;7;0;2;1;19;1
202100029505;149 056;7;0;2;8;1;1
202100029506;149 054;36;0;0;7;1;1
202100029507;149 052;31;0;2;3;1;1
202100029507;149 053;1;0;2;2;15;5
202100029508;149 051;7;1;0;1;1;1
202100029509;149 047;7;0;2;1;1;1
202100029509;149 048;7;0;2;1;1;1
202100029509;149 049;7;0;2;3;1;1
202100029509;149 050;7;13;2;3;13;1
202100029510;149 046;7;13;0;9;1;1
202100029511;149 045;33;0;0;8;21;1
202100029512;149 044;7;6;0;2;17;1
202100029513;149 043;7;0;0;3;0;1
202100029514;149 041;7;0;2;1;13;1
202100029514;149 042;10;0;2;3;1;1
202100029515;149 040;7;3;0;3;17;1
202100029516;149 036;7;0;0;4;23;1
202100029516;149 037;7;0;2;1;26;1
202100029516;149 038;7;0;2;1;1;1
202100029516;149 039;7;0;2;4;21;1
202100029517;149 032;14;0;2;3;13;1
202100029517;149 033;10;0;2;3;0;1
202100029517;149 034;10;0;2;1;0;1
202100029517;149 035;7;13;2;3;0;1
202100029518;149 030;7;3;2;1;1;1
202100029518;149 031;7;0;0;4;1;1
202100029519;149 028;7;0;2;0;0;1
202100029519;149 029;7;4;2;3;1;1
202100029520;149 027;10;8;0;3;1;1
202100029521;149 025;33;0;2;3;17;1
202100029521;149 026;10;0;0;4;15;1
202100029522;149 023;7;0;2;3;13;1
202100029522;149 024;7;0;0;3;1;1
202100029523;149 021;30;0;2;1;5;0
202100029523;149 022;7;0;2;2;1;1
202100029524;149 020;32;0;1;1;1;1
202100029525;149 019;7;14;0;1;13;1
202100029526;149 017;7;0;2;1;13;1
202100029526;149 018;10;0;2;1;1;1
202100029527;149 016;36;0;0;0;26;0
202100029528;149 012;7;0;2;1;2;1
202100029528;149 013;7;0;2;2;1;1
202100029528;149 014;7;14;0;3;1;1
202100029528;149 015;7;4;0;1;1;1
202100029529;149 010;33;0;2;2;16;1
202100029529;149 011;7;0;0;6;2;1
202100029530;149 009;7;13;0;7;0;1
202100029531;149 008;7;5;0;1;0;1
202100029532;149 007;10;0;1;5;26;3
202100029533;149 001;7;6;0;1;0;1
202100029534;149 000;7;0;1;1;0;1
202100029535;148 998;7;0;9;7;1;1
202100029535;148 999;1;0;2;8;2;5
202100029536;148 996;7;0;2;8;1;1
202100029536;148 997;7;0;2;1;15;1
202100029537;148 995;7;2;0;1;0;1
202100029538;148 993;7;0;9;0;2;0
202100029538;148 994;1;6;2;4;0;6
202100029539;148 992;7;2;0;1;13;1
202100029540;148 991;7;0;1;1;1;1
202100029541;148 989;7;0;2;6;15;1
202100029541;148 990;31;0;2;2;1;1
202100029542;148 988;7;2;0;1;13;1
202100029543;148 986;7;4;2;2;12;1
202100029543;148 987;7;0;2;3;18;1
202100029544;148 984;7;0;2;4;1;1
202100029544;148 985;7;0;2;1;2;1
202100029545;148 982;7;0;2;3;15;1
202100029545;148 983;30;0;2;1;26;1
202100029546;148 979;7;0;0;6;2;1
202100029546;148 980;10;0;2;2;2;1
202100029546;148 981;10;0;2;1;2;1
202100029547;148 978;7;4;0;0;26;1
202100029548;148 976;7;0;2;1;1;0
202100029548;148 977;7;0;2;4;1;1
202100029549;148 974;7;0;2;4;2;1
202100029549;148 975;7;0;2;1;2;1
202100029550;148 970;7;6;0;2;1;1
202100029551;148 969;7;0;0;3;9;1
202100029552;148 967;7;0;0;4;2;1
202100029552;148 968;7;0;2;1;2;1
202100029553;148 966;7;4;0;1;1;1
202100029554;148 964;7;0;2;4;2;1
202100029554;148 965;7;0;2;1;1;1
202100029555;148 961;7;0;2;1;1;1
202100029555;148 962;7;0;2;1;21;1
202100029555;148 963;7;0;2;4;23;1
202100029556;148 959;7;0;2;2;2;1
202100029556;148 960;10;0;2;4;2;1
202100029557;148 957;33;0;2;3;3;1
202100029557;148 958;7;0;2;5;1;1
202100029558;148 955;15;0;2;4;2;1
202100029558;148 956;13;0;2;1;2;1
202100029559;148 953;33;1;0;9;18;1
202100029559;148 954;7;0;0;6;23;1
202100029560;148 951;7;0;2;4;2;1
202100029560;148 952;33;0;2;1;2;1
202100029561;148 950;7;0;1;1;1;1
202100029562;148 948;33;1;2;8;1;1
202100029562;148 949;7;1;2;1;15;1
202100029563;148 947;7;0;1;3;1;1
202100029564;148 945;7;0;2;7;1;1
202100029564;148 946;7;0;2;1;1;1
202100029565;148 943;7;0;2;4;1;1
202100029565;148 944;32;0;2;1;2;1
202100029566;148 941;0;0;2;8;15;0
202100029566;148 942;7;0;9;1;1;1
202100029567;148 939;7;0;2;1;15;1
202100029567;148 940;7;0;2;8;1;1
202100029568;148 938;10;0;1;1;1;1
202100029569;148 937;7;4;2;3;0;1
202100029570;148 935;33;0;2;1;1;1
202100029570;148 936;37;0;2;3;15;1
202100029571;148 933;7;0;2;6;1;1
202100029571;148 934;33;0;2;1;1;1
202100029572;148 932;7;1;0;3;13;1
202100029573;148 930;7;0;2;4;23;1
202100029573;148 931;7;0;2;1;2;1
202100029574;148 928;7;0;2;3;13;1
202100029574;148 929;7;0;2;3;1;1
202100029575;148 927;37;0;0;0;26;1
202100029576;148 925;33;0;2;1;2;0
202100029576;148 926;7;0;2;4;2;1
202100029577;148 924;7;9;1;1;14;1
202100029578;148 922;1;0;2;8;1;5
202100029578;148 923;7;0;2;2;17;1
202100029579;148 919;7;14;2;3;13;1
202100029579;148 920;7;0;2;6;1;1
202100029579;148 921;7;0;2;1;1;1
202100029580;148 918;7;1;1;2;1;1
202100029581;148 914;7;0;2;1;1;1
202100029581;148 915;50;0;2;0;0;3
202100029582;148 913;50;0;0;1;1;3
202100029583;148 910;7;0;2;6;1;1
202100029583;148 911;7;0;2;4;1;3
202100029583;148 912;34;0;2;1;17;0
202100029584;148 908;7;0;2;1;1;1
202100029584;148 909;7;0;2;3;26;1
202100029585;148 906;3;0;2;7;2;1
202100029585;148 907;7;0;2;1;9;1
202100029586;148 904;7;0;2;3;2;1
202100029586;148 905;7;0;2;1;15;1
202100029587;148 902;7;0;2;1;1;1
202100029587;148 903;7;0;2;4;1;1
202100029588;148 900;10;0;2;4;1;1
202100029588;148 901;10;0;2;1;1;1
202100029589;148 898;30;1;2;1;17;1
202100029589;148 899;7;0;2;6;15;1
202100029590;148 896;1;0;0;1;26;5
202100029590;148 897;7;0;2;7;1;1
202100029591;148 893;7;0;2;9;1;1
202100029591;148 894;14;0;2;7;14;1
202100029592;148 891;33;0;2;2;17;1
202100029592;148 892;7;0;9;2;5;1
202100029593;148 890;7;0;0;4;0;1
202100029594;148 888;10;0;2;7;22;1
202100029594;148 889;50;0;2;1;25;3
202100029595;148 886;7;0;2;1;2;1
202100029595;148 887;7;0;2;4;2;1
202100029596;148 884;7;0;2;4;2;1
202100029596;148 885;7;0;2;1;26;1
202100029597;148 883;10;0;1;1;2;4
202100029598;148 881;7;0;2;1;1;3
202100029598;148 882;7;0;2;6;1;1
202100029599;148 880;7;1;0;1;5;1
202100029600;148 878;7;0;2;2;1;1
202100029600;148 879;2;0;2;1;1;1
202100029601;148 874;7;0;2;1;1;1
202100029601;148 875;13;0;2;3;15;1
202100029602;148 873;7;0;1;4;26;1
202100029603;148 871;7;2;2;1;5;1
202100029603;148 872;7;0;2;1;1;1
202100029604;148 870;30;12;0;1;9;1
202100029605;148 866;7;0;2;5;15;1
202100029605;148 867;33;0;2;1;1;0
202100029606;148 864;7;0;2;2;0;1
202100029606;148 865;7;0;2;1;26;1
202100029607;148 862;7;0;2;3;26;1
202100029607;148 863;33;0;2;2;2;1
202100029608;148 860;7;0;2;1;0;1
202100029608;148 861;7;0;2;1;13;1
202100029609;148 859;30;5;0;1;1;1
202100029610;148 858;33;1;0;1;14;1
202100029611;148 856;7;0;2;1;1;1
202100029611;148 857;7;0;2;7;1;1
202100029612;148 854;7;0;2;3;1;1
202100029612;148 855;7;0;2;8;13;1
202100029613;148 852;10;0;2;3;4;1
202100029613;148 853;2;0;2;3;26;1
202100029614;148 851;7;8;1;1;14;1
202100029615;148 849;10;0;2;2;16;0
202100029615;148 850;1;0;2;8;1;5
202100029616;148 847;32;0;2;2;17;1
202100029616;148 848;30;0;2;3;13;1
202100029617;148 845;32;0;2;1;7;1
202100029617;148 846;7;0;2;1;15;1
202100029618;148 843;7;0;2;3;1;1
202100029618;148 844;7;0;2;3;13;1
202100029619;148 842;30;0;0;1;1;3
202100029620;148 841;50;8;0;1;25;3
202100029621;148 839;7;0;2;5;2;1
202100029621;148 840;30;0;2;1;2;1
202100029622;148 837;30;0;2;8;1;1
202100029622;148 838;30;0;2;1;15;1
202100029623;148 835;30;0;2;3;18;1
202100029623;148 836;7;0;2;7;22;1
202100029624;148 833;7;0;2;8;1;1
202100029624;148 834;7;0;2;1;1;1
202100029625;148 832;1;14;0;0;16;5
202100029626;148 830;33;0;2;1;7;1
202100029626;148 831;33;0;2;5;10;1
202100029627;148 828;7;0;2;1;1;1
202100029627;148 829;7;0;0;7;2;0
202100029628;148 827;7;2;0;1;26;1
202100029629;148 825;1;0;2;8;13;5
202100029629;148 826;7;0;2;2;1;1
202100029630;148 823;7;0;2;7;11;1
202100029630;148 824;7;0;2;1;0;1
202100029631;148 822;7;12;0;9;15;1
202100029632;148 819;10;0;2;1;17;1
202100029632;148 820;7;0;2;6;23;1
202100029632;148 821;7;0;2;1;1;1
202100029633;148 818;7;9;1;3;15;1
202100029634;148 816;7;0;2;3;1;1
202100029634;148 817;10;1;2;3;17;1
202100029635;148 814;7;0;9;2;18;1
202100029635;148 815;1;0;2;8;0;0
202100029636;148 813;7;0;1;1;16;1
202100029637;148 811;30;0;2;1;1;1
202100029637;148 812;7;0;2;6;15;1
202100029638;148 810;7;1;0;1;1;1
202100029639;148 808;7;0;2;5;23;1
202100029639;148 809;10;0;2;3;13;1
202100029640;148 807;31;0;1;1;26;1
202100029641;148 806;2;0;0;8;13;1
202100029642;148 804;7;0;2;1;9;1
202100029642;148 805;7;0;2;1;1;1
202100029643;148 803;7;13;0;3;1;1
202100029644;148 800;7;0;2;3;21;1
202100029644;148 801;7;0;2;3;21;1
202100029644;148 802;7;0;2;3;13;1
202100029645;148 798;33;0;0;4;0;1
202100029645;148 799;7;0;2;1;1;1
202100029646;148 795;1;0;0;8;1;5
202100029646;148 796;1;0;0;8;1;5
202100029646;148 797;33;6;2;7;1;1
202100029647;148 794;7;3;0;1;1;1
202100029648;148 792;7;3;2;4;2;1
202100029648;148 793;7;0;2;1;2;1
202100029649;148 791;33;0;0;8;21;1
202100029650;148 789;7;0;0;6;1;1
202100029650;148 790;7;0;2;2;2;1
202100029651;148 788;7;12;0;1;0;1
202100029652;148 787;7;4;0;3;11;1
202100029653;148 786;2;12;0;2;1;1
202100029654;148 785;7;6;0;1;5;1
202100029655;148 783;7;0;2;7;13;1
202100029655;148 784;7;0;2;1;1;1
202100029656;148 781;7;0;9;2;17;1
202100029656;148 782;60;0;2;8;19;5
202100029657;148 778;31;0;2;1;17;1
202100029657;148 779;7;0;2;8;5;1
202100029657;148 780;7;0;2;6;2;1
202100029658;148 777;7;15;0;1;13;1
202100029659;148 776;7;2;0;8;13;1
202100029660;148 775;33;0;0;0;17;1
202100029661;148 773;7;0;2;1;1;1
202100029661;148 774;7;0;2;1;13;1
202100029662;148 771;7;0;2;3;9;1
202100029662;148 772;7;0;2;2;1;1
202100029663;148 770;33;0;0;8;2;1
202100029664;148 769;33;0;0;7;1;1
202100029665;148 768;7;0;0;0;17;1
202100029666;148 766;7;0;2;1;1;1
202100029666;148 767;7;0;0;5;1;1
202100029667;148 764;31;0;2;1;1;1
202100029667;148 765;7;0;2;3;9;1
202100029668;148 763;33;6;0;2;1;1
202100029669;148 762;7;13;0;2;1;6
202100029670;148 761;7;2;0;0;14;1
202100029671;148 759;33;0;2;6;3;1
202100029671;148 760;7;0;2;2;12;1
202100029672;148 758;1;0;1;1;1;5
202100029673;148 756;7;0;2;0;1;1
202100029673;148 757;7;0;9;1;1;1
202100029674;148 754;7;0;2;1;13;1
202100029674;148 755;32;0;2;1;1;1
202100029675;148 752;2;0;2;3;19;1
202100029675;148 753;7;0;2;2;13;1
202100029676;148 749;7;3;0;2;1;1
202100029677;148 747;7;0;2;3;1;1
202100029677;148 748;7;0;2;8;1;1
202100029678;148 745;7;0;0;1;1;1
202100029679;148 743;33;0;2;1;1;1
202100029679;148 744;7;0;2;1;5;1
202100029680;148 742;7;2;0;2;1;1
202100029681;148 740;7;0;0;0;11;1
202100029681;148 741;1;0;0;7;21;5
202100029682;148 739;36;2;0;1;13;1
202100029683;148 738;7;2;0;2;1;1
202100029684;148 736;7;3;2;2;1;1
202100029684;148 737;7;13;2;3;1;1
202100029685;148 735;31;0;0;1;1;1
202100029686;148 734;2;15;6;1;1;1
202100029687;148 733;7;2;0;7;1;1
202100029688;148 731;7;0;2;7;11;1
202100029688;148 732;14;0;2;8;13;6
202100029689;148 730;7;2;0;8;1;1
202100029690;148 728;7;3;0;4;0;1
202100029690;148 729;10;0;2;1;0;1
202100029691;148 726;1;0;2;3;2;5
202100029691;148 727;7;0;2;2;2;1
202100029692;148 724;7;0;2;2;1;1
202100029692;148 725;7;0;2;3;15;1
202100029693;148 722;7;3;2;4;0;1
202100029693;148 723;10;0;2;1;0;1
202100029694;148 720;1;0;9;0;13;5
202100029694;148 721;33;0;9;5;21;1
202100029695;148 718;7;0;2;1;1;1
202100029695;148 719;31;0;2;1;5;0
202100029696;148 717;7;13;0;1;14;1
202100029697;148 715;7;0;2;1;2;1
202100029697;148 716;7;3;0;1;2;1
202100029698;148 714;7;13;0;1;1;1
202100029699;148 713;7;0;1;2;0;1
202100029700;148 711;7;0;2;1;1;1
202100029700;148 712;43;0;2;2;19;1
202100029701;148 710;7;2;0;1;1;1
202100029702;148 707;33;0;2;8;26;1
202100029702;148 708;33;0;2;7;2;1
202100029702;148 709;7;0;2;8;5;1
202100029703;148 704;7;3;0;6;1;1
202100029703;148 705;7;0;2;1;17;1
202100029703;148 706;7;0;2;4;1;1
202100029704;148 702;7;0;2;3;15;1
202100029704;148 703;33;0;2;3;2;1
202100029705;148 700;7;0;2;3;1;1
202100029705;148 701;33;0;2;1;13;1
202100029706;148 698;50;0;2;1;1;3
202100029706;148 699;10;0;0;7;20;1
202100029707;148 696;80;0;2;4;15;3
202100029707;148 697;7;0;2;2;17;1
202100029708;148 695;7;2;0;0;17;1
202100029709;148 693;7;0;2;3;15;1
202100029709;148 694;34;0;2;2;1;1
202100029710;148 689;33;0;2;1;17;1
202100029710;148 690;7;0;2;8;15;1
202100029711;148 687;7;0;2;3;13;1
202100029711;148 688;33;0;2;1;1;1
202100029712;148 686;7;0;9;6;1;0
202100029713;148 685;7;13;0;1;5;1
202100029714;148 683;7;0;0;6;1;1
202100029714;148 684;33;0;2;2;1;1
202100029715;148 681;7;0;2;7;19;1
202100029715;148 682;7;0;2;1;1;1
202100029716;148 677;7;0;0;5;1;1
202100029716;148 678;7;0;2;3;11;1
202100029717;148 676;43;0;0;0;1;1
202100029718;148 673;33;0;2;0;1;1
202100029718;148 674;14;0;2;1;1;1
202100029718;148 675;7;0;2;0;0;1
202100029719;148 671;7;0;2;4;2;1
202100029719;148 672;33;0;2;1;2;1
202100029720;148 669;7;0;2;4;2;1
202100029720;148 670;31;0;2;1;2;1
202100029721;148 667;14;0;2;8;1;1
202100029721;148 668;33;0;2;7;3;1
202100029722;148 666;7;3;0;3;1;1
202100029723;148 664;31;0;2;1;1;1
202100029723;148 665;7;0;2;4;0;1
202100029724;148 662;7;0;2;1;2;1
202100029724;148 663;14;0;2;4;2;1
202100029725;148 660;10;0;2;4;1;1
202100029725;148 661;7;0;2;1;14;1
202100029726;148 658;7;0;2;8;12;1
202100029726;148 659;33;0;2;8;0;0
202100029727;148 656;7;0;2;7;12;1
202100029727;148 657;33;0;2;0;1;1
202100029728;148 654;7;0;2;1;1;1
202100029728;148 655;7;0;2;4;1;1
202100029729;148 650;7;0;2;4;0;1
202100029729;148 651;7;0;2;4;0;1
202100029729;148 652;7;0;2;4;0;1
202100029729;148 653;7;0;2;1;2;1
202100029730;148 648;7;0;2;4;9;1
202100029730;148 649;7;0;2;4;1;1
202100029731;148 646;7;0;2;7;12;1
202100029731;148 647;31;0;2;8;1;1
202100029732;148 645;7;0;2;8;13;1
202100029733;148 642;43;0;2;1;1;1
202100029733;148 643;2;0;2;1;1;1
202100029734;148 641;34;0;1;1;1;1
202100029735;148 640;7;0;1;1;1;1
202100029736;148 638;7;0;2;2;16;1
202100029736;148 639;32;0;2;8;1;1
202100029737;148 636;33;0;9;1;3;1
202100029737;148 637;2;0;9;8;15;1
202100029738;148 634;1;0;2;7;19;0
202100029738;148 635;7;0;2;3;1;1
202100029739;148 632;7;4;2;4;2;1
202100029739;148 633;7;4;2;1;2;1
202100029740;148 631;7;0;1;4;26;1
202100029741;148 629;33;0;2;1;17;1
202100029741;148 630;7;0;2;8;15;1
202100029742;148 627;7;4;2;9;1;1
202100029742;148 628;7;0;2;2;0;1
202100029743;148 625;7;0;2;8;13;1
202100029743;148 626;14;0;2;7;1;1
202100029744;148 623;10;0;2;4;2;1
202100029744;148 624;33;0;2;1;2;1
202100029745;148 622;10;0;1;3;1;1
202100029746;148 621;31;15;0;1;1;1
202100029747;148 619;1;0;2;3;1;5
202100029747;148 620;10;0;2;2;1;1
202100029748;148 618;7;0;2;1;26;1
202100029749;148 616;7;0;2;3;15;1
202100029749;148 617;31;0;2;7;2;1
202100029750;148 615;7;0;1;1;1;1
202100029751;148 613;30;16;9;3;9;1
202100029751;148 614;1;0;2;7;1;0
202100029752;148 611;1;0;2;1;1;5
202100029752;148 612;7;0;2;5;20;3
202100029753;148 608;33;2;0;1;1;1
202100029754;148 604;31;6;0;1;0;0
202100029755;148 602;7;0;2;1;1;1
202100029755;148 603;33;0;2;1;1;1
202100029756;148 600;7;0;2;3;20;1
202100029756;148 601;7;1;0;1;14;1
202100029757;148 598;7;0;2;2;15;1
202100029757;148 599;2;0;2;8;0;1
202100029758;148 594;33;0;2;1;1;1
202100029758;148 595;7;0;2;8;15;0
202100029759;148 593;7;7;0;1;1;1
202100029760;148 591;7;0;2;1;1;1
202100029760;148 592;7;0;2;7;15;1
202100029761;148 590;7;0;1;2;1;1
202100029762;148 588;7;0;2;6;1;1
202100029762;148 589;7;0;2;0;17;1
202100029763;148 586;7;0;2;1;19;1
202100029763;148 587;10;0;2;7;1;0
202100029764;148 585;40;0;1;2;1;0
202100029765;148 583;7;0;2;4;2;1
202100029765;148 584;33;0;2;1;2;1
202100029766;148 580;7;0;2;7;12;1
202100029766;148 581;7;0;2;8;1;1
202100029766;148 582;33;0;2;8;3;1
202100029767;148 578;7;0;2;3;1;1
202100029767;148 579;7;0;2;2;19;1
202100029768;148 577;30;12;0;0;1;1
202100029769;148 575;2;0;2;1;18;1
202100029769;148 576;7;0;2;5;1;1
202100029770;148 573;7;0;2;8;19;1
202100029770;148 574;10;0;2;1;1;1
202100029771;148 571;2;0;2;1;17;1
202100029771;148 572;7;0;2;1;1;1
202100029772;148 569;30;0;2;0;0;0