Num_Acc;id_vehicule;categorie_vehicule;obstacle_fixe;obstacle_mobile;point_choc_initial;manoeuvre_principale;motorisation
202100029772;148 570;7;0;2;0;0;1
202100029773;148 568;30;0;0;0;1;1
202100029774;148 567;7;0;1;1;1;1
202100029775;148 564;7;0;2;1;1;1
202100029775;148 565;1;0;2;0;1;5
202100029776;148 562;7;0;2;1;9;1
202100029776;148 563;37;0;2;3;1;1
202100029777;148 561;7;0;1;0;1;1
202100029778;148 559;7;0;2;6;1;1
202100029778;148 560;2;0;2;1;7;1
202100029779;148 558;37;0;1;2;26;1
202100029780;148 556;33;0;2;1;2;1
202100029780;148 557;7;0;2;8;1;1
202100029781;148 553;7;0;1;3;15;1
202100029782;148 551;2;0;2;3;16;1
202100029782;148 552;7;0;2;2;12;0
202100029783;148 550;7;0;2;1;9;1
202100029784;148 548;30;0;2;1;26;1
202100029784;148 549;0;0;2;0;1;
202100029785;148 547;7;0;1;1;1;1
202100029786;148 546;7;0;1;1;5;1
202100029787;148 544;1;0;2;7;5;5
202100029787;148 545;14;0;2;1;15;1
202100029788;148 543;50;0;2;1;1;3
202100029789;148 541;7;0;2;1;2;1
202100029789;148 542;7;0;2;4;2;0
202100029790;148 540;10;0;1;6;4;1
202100029791;148 538;7;0;2;5;20;2
202100029791;148 539;1;0;2;3;2;5
202100029792;148 537;7;0;1;2;1;1
202100029793;148 535;33;6;2;7;25;1
202100029793;148 536;7;0;2;2;9;1
202100029794;148 534;33;6;0;0;1;1
202100029795;148 532;10;0;2;3;15;1
202100029795;148 533;30;0;2;1;17;1
202100029796;148 530;33;0;2;3;1;1
202100029796;148 531;7;0;2;2;12;0
202100029797;148 528;7;0;2;4;1;1
202100029797;148 529;7;0;2;1;1;1
202100029798;148 527;7;8;0;1;14;1
202100029799;148 525;31;0;2;4;1;1
202100029799;148 526;2;0;2;1;15;1
202100029800;148 523;7;0;2;1;19;1
202100029800;148 524;37;0;2;7;1;1
202100029801;148 519;33;0;2;2;26;1
202100029801;148 520;7;0;2;1;15;1
202100029802;148 517;30;0;2;2;17;1
202100029802;148 518;7;0;2;3;13;1
202100029803;148 514;33;0;2;1;1;1
202100029803;148 515;7;0;2;7;15;1
202100029803;148 516;7;0;2;3;1;1
202100029804;148 513;7;13;0;1;14;1
202100029805;148 511;33;0;2;1;17;1
202100029805;148 512;7;0;2;3;15;1
202100029806;148 510;32;1;0;7;1;1
202100029807;148 508;7;0;2;2;15;1
202100029807;148 509;7;0;2;1;15;1
202100029808;148 506;7;0;2;3;1;1
202100029808;148 507;7;0;2;0;0;1
202100029809;148 504;13;0;2;3;2;1
202100029809;148 505;7;0;2;3;15;1
202100029810;148 503;7;0;1;2;2;0
202100029811;148 501;2;0;2;1;1;1
202100029811;148 502;7;0;2;3;19;1
202100029812;148 499;7;0;2;6;1;1
202100029812;148 500;10;0;2;3;15;1
202100029813;148 498;33;8;0;1;1;1
202100029814;148 497;7;0;0;1;14;1
202100029815;148 495;7;0;2;5;15;1
202100029815;148 496;32;0;2;1;1;1
202100029816;148 493;7;0;2;5;23;1
202100029816;148 494;43;0;2;1;3;1
202100029817;148 490;43;0;2;2;3;1
202100029817;148 491;7;0;2;8;23;1
202100029817;148 492;10;0;2;6;23;1
202100029818;148 488;1;0;2;1;2;5
202100029818;148 489;1;0;2;4;2;5
202100029819;148 487;7;0;1;1;1;1
202100029820;148 485;32;0;2;3;13;1
202100029820;148 486;14;0;2;2;1;1
202100029821;148 483;33;0;2;3;21;1
202100029821;148 484;7;0;2;5;16;1
202100029822;148 481;10;0;2;3;2;1
202100029822;148 482;7;0;2;5;20;1
202100029823;148 479;1;0;2;1;1;5
202100029823;148 480;7;0;2;8;1;1
202100029824;148 478;30;0;1;1;1;1
202100029825;148 476;1;0;2;1;1;5
202100029825;148 477;33;0;2;1;1;1
202100029826;148 474;7;0;2;2;15;1
202100029826;148 475;7;0;2;3;1;1
202100029827;148 472;30;0;2;1;18;1
202100029827;148 473;43;0;2;2;1;1
202100029828;148 471;33;0;1;3;1;1
202100029829;148 470;30;0;0;0;1;1
202100029830;148 468;50;0;2;3;19;3
202100029830;148 469;7;0;2;3;16;2
202100029831;148 467;14;9;1;2;1;1
202100029832;148 465;1;0;2;1;5;5
202100029832;148 466;7;0;2;1;1;2
202100029833;148 464;1;0;1;1;1;5
202100029834;148 462;1;0;2;1;1;5
202100029834;148 463;7;0;2;8;22;1
202100029835;148 461;1;14;0;2;14;5
202100029836;148 460;32;13;0;4;2;1
202100029837;148 458;7;0;2;1;15;1
202100029837;148 459;34;0;2;1;15;1
202100029838;148 456;7;0;2;1;2;1
202100029838;148 457;7;0;2;2;2;1
202100029839;148 454;7;0;2;4;1;1
202100029839;148 455;30;0;2;1;2;1
202100029840;148 453;33;0;0;7;26;1
202100029841;148 451;7;0;2;3;1;1
202100029841;148 452;7;0;2;3;13;1
202100029842;148 447;7;0;2;5;23;1
202100029842;148 448;7;0;2;4;2;1
202100029842;148 449;30;0;2;0;0;1
202100029842;148 450;7;0;2;0;0;1
202100029843;148 445;7;0;2;2;19;1
202100029843;148 446;37;0;2;3;1;1
202100029844;148 444;7;0;2;1;2;1
202100029845;148 442;30;0;2;1;19;1
202100029845;148 443;7;0;2;1;19;1
202100029846;148 441;10;0;1;2;1;1
202100029847;148 440;34;0;1;1;9;1
202100029848;148 439;99;0;1;1;19;0
202100029849;148 438;7;0;1;1;9;1
202100029850;148 436;7;0;2;2;1;1
202100029850;148 437;7;8;0;3;9;1
202100029851;148 435;10;0;1;4;20;1
202100029852;148 433;7;12;2;1;1;0
202100029852;148 434;7;5;2;4;1;0
202100029853;148 432;10;0;1;4;20;1
202100029854;148 430;80;0;2;8;1;3
202100029854;148 431;7;0;2;7;16;1
202100029855;148 428;33;0;2;1;1;1
202100029855;148 429;10;0;2;6;10;1
202100029856;148 426;1;0;2;0;0;5
202100029856;148 427;1;0;2;0;0;5
202100029857;148 424;7;0;2;2;15;1
202100029857;148 425;2;0;2;1;1;1
202100029858;148 422;32;0;2;7;1;3
202100029858;148 423;3;0;2;1;9;6
202100029859;148 420;30;0;2;4;2;1
202100029859;148 421;30;0;2;0;0;0
202100029860;148 418;7;0;2;4;26;2
202100029860;148 419;7;0;2;1;26;1
202100029861;148 416;30;0;2;1;1;1
202100029861;148 417;7;0;2;6;15;1
202100029862;148 414;30;0;2;6;5;1
202100029862;148 415;7;0;2;3;15;1
202100029863;148 412;7;0;2;8;24;1
202100029863;148 413;1;1;0;0;0;0
202100029864;148 410;7;0;2;1;1;1
202100029864;148 411;33;0;0;4;2;1
202100029865;148 408;33;0;2;7;1;1
202100029865;148 409;7;0;2;3;9;1
202100029866;148 405;7;2;0;1;1;1
202100029867;148 404;33;0;0;0;0;1
202100029868;148 402;7;0;2;3;9;1
202100029868;148 403;80;0;2;7;26;3
202100029869;148 401;33;6;0;2;15;1
202100029870;148 400;7;0;1;2;1;1
202100029871;148 398;32;0;2;9;17;1
202100029871;148 399;10;0;0;3;15;1
202100029872;148 396;7;0;2;6;24;1
202100029872;148 397;7;0;2;2;14;1
202100029873;148 395;33;13;9;0;1;1
202100029874;148 393;7;0;2;3;15;1
202100029874;148 394;31;0;2;2;17;1
202100029875;148 392;33;16;0;8;1;1
202100029876;148 390;7;0;2;3;13;1
202100029876;148 391;7;2;2;3;1;1
202100029877;148 388;2;0;2;1;18;1
202100029877;148 389;7;0;2;2;16;1
202100029878;148 387;7;0;1;4;4;1
202100029879;148 386;7;0;1;2;1;1
202100029880;148 384;7;0;2;1;1;1
202100029880;148 385;7;0;2;8;19;1
202100029881;148 383;7;2;0;9;1;1
202100029882;148 382;10;2;0;1;0;1
202100029883;148 380;14;0;2;3;1;1
202100029883;148 381;7;0;2;7;19;1
202100029884;148 379;7;2;0;1;1;1
202100029885;148 377;32;0;2;7;1;1
202100029885;148 378;7;0;2;3;1;1
202100029886;148 376;34;15;0;1;1;1
202100029887;148 374;7;0;0;5;15;1
202100029887;148 375;2;0;0;1;1;1
202100029888;148 372;7;0;0;5;1;1
202100029888;148 373;2;0;2;1;9;1
202100029889;148 371;7;5;0;2;1;1
202100029890;148 370;2;0;0;3;1;1
202100029891;148 368;7;0;2;3;1;1
202100029891;148 369;7;0;2;3;13;1
202100029892;148 367;17;0;0;7;2;1
202100029893;148 365;10;0;2;2;19;0
202100029893;148 366;7;13;2;8;1;1
202100029894;148 364;7;2;0;1;1;1
202100029895;148 363;7;4;0;3;9;1
202100029896;148 362;7;3;0;3;14;1
202100029897;148 360;31;0;2;1;1;1
202100029897;148 361;7;0;2;3;9;1
202100029898;148 359;2;12;0;1;1;6
202100029899;148 357;14;6;2;3;1;1
202100029899;148 358;7;0;2;1;1;1
202100029900;148 355;10;0;0;1;2;1
202100029900;148 356;15;0;0;4;2;1
202100029901;148 354;7;7;0;3;13;1
202100029902;148 352;7;0;0;8;1;1
202100029902;148 353;34;0;2;1;2;1
202100029903;148 351;7;0;1;2;1;1
202100029904;148 349;10;0;2;3;15;1
202100029904;148 350;31;0;2;1;1;1
202100029905;148 347;7;0;2;3;1;1
202100029905;148 348;7;0;2;1;13;1
202100029906;148 346;33;7;0;1;13;1
202100029907;148 345;7;12;0;1;1;1
202100029908;148 343;80;0;2;8;15;3
202100029908;148 344;7;0;2;1;1;2
202100029909;148 342;7;2;0;7;0;1
202100029910;148 341;31;3;0;7;17;1
202100029911;148 340;33;6;0;2;1;1
202100029912;148 338;33;0;2;2;17;1
202100029912;148 339;7;0;2;2;1;1
202100029913;148 336;15;0;2;3;1;1
202100029913;148 337;7;0;2;1;13;1
202100029914;148 334;7;0;2;2;1;1
202100029914;148 335;1;0;2;4;1;5
202100029915;148 333;31;3;0;1;1;1
202100029916;148 331;7;0;2;3;13;1
202100029916;148 332;33;0;2;3;0;1
202100029917;148 330;7;13;0;2;1;1
202100029918;148 328;7;0;0;6;1;1
202100029918;148 329;7;0;2;2;17;1
202100029919;148 327;7;6;0;2;15;1
202100029920;148 325;1;0;2;2;1;5
202100029920;148 326;7;0;9;3;9;1
202100029921;148 324;7;13;0;3;1;1
202100029922;148 319;7;0;2;8;23;1
202100029922;148 320;17;1;2;1;1;1
202100029923;148 317;7;0;2;4;1;1
202100029923;148 318;7;0;2;1;1;1
202100029924;148 313;7;4;2;3;2;1
202100029924;148 314;7;4;2;4;2;1
202100029924;148 315;7;4;2;0;2;1
202100029924;148 316;7;4;2;5;2;1
202100029925;148 311;7;0;2;8;11;1
202100029925;148 312;34;0;2;7;1;1
202100029926;148 310;7;0;2;1;14;1
202100029927;148 306;15;0;2;1;2;1
202100029927;148 307;7;0;2;4;2;1
202100029928;148 304;7;0;2;1;2;1
202100029928;148 305;14;0;2;2;12;1
202100029929;148 303;14;0;1;1;2;0
202100029930;148 301;7;0;2;4;2;1
202100029930;148 302;7;0;2;1;2;1
202100029931;148 298;7;0;2;4;2;0
202100029931;148 299;7;0;2;1;2;3
202100029931;148 300;7;0;2;0;0;1
202100029932;148 296;7;0;2;7;12;1
202100029932;148 297;33;0;2;3;3;1
202100029933;148 294;7;1;0;2;21;1
202100029933;148 295;7;0;2;2;1;1
202100029934;148 292;33;0;2;1;21;1
202100029934;148 293;7;0;2;5;2;1
202100029935;148 290;31;0;2;1;2;1
202100029935;148 291;33;0;0;4;2;1
202100029936;148 289;7;0;2;2;9;1
202100029937;148 288;30;0;1;1;1;1
202100029938;148 286;7;0;2;7;2;0
202100029938;148 287;30;0;2;8;2;1
202100029939;148 284;10;0;2;1;1;1
202100029939;148 285;14;1;2;7;1;1
202100029940;148 283;7;0;1;2;1;1
202100029941;148 281;7;1;2;4;24;1
202100029941;148 282;7;0;2;1;20;1
202100029942;148 279;1;0;2;8;13;5
202100029942;148 280;33;0;2;1;1;1
202100029943;148 278;99;0;1;1;0;0
202100029944;148 276;7;0;2;2;15;1
202100029944;148 277;33;0;2;1;17;1
202100029945;148 275;1;0;1;1;1;5
202100029946;148 274;7;8;0;1;1;1
202100029947;148 272;7;12;0;4;0;1
202100029947;148 273;99;0;2;1;26;6
202100029948;148 271;21;0;0;7;26;1
202100029949;148 268;7;0;0;3;13;1
202100029949;148 269;33;0;2;9;1;1
202100029949;148 270;33;0;2;1;1;1
202100029950;148 266;7;0;2;8;15;1
202100029950;148 267;34;0;2;2;2;1
202100029951;148 265;7;4;0;9;1;1
202100029952;148 263;30;0;2;7;17;1
202100029952;148 264;7;0;2;3;15;1
202100029953;148 261;7;0;2;2;15;1
202100029953;148 262;33;0;2;1;1;1
202100029954;148 259;7;0;2;1;1;1
202100029954;148 260;30;0;2;1;13;1
202100029955;148 257;7;0;2;5;23;1
202100029955;148 258;7;0;2;1;16;1
202100029956;148 255;7;0;2;1;1;1
202100029956;148 256;7;0;2;8;1;1
202100029957;148 253;7;0;2;6;15;0
202100029957;148 254;30;0;2;1;2;1
202100029958;148 248;7;0;2;3;9;1
202100029958;148 249;1;0;2;1;1;5
202100029959;148 245;7;0;2;1;1;1
202100029959;148 246;7;0;2;4;1;1
202100029959;148 247;7;0;2;4;1;1
202100029960;148 244;7;0;1;1;1;1
202100029961;148 242;10;0;2;1;2;1
202100029961;148 243;7;0;2;4;2;1
202100029962;148 240;33;0;2;2;1;1
202100029962;148 241;7;0;2;6;11;1
202100029963;148 239;7;1;0;2;1;1
202100029964;148 237;13;0;2;0;0;0
202100029964;148 238;7;0;2;1;0;1
202100029965;148 234;7;0;2;1;12;1
202100029965;148 235;7;0;2;4;23;1
202100029965;148 236;10;0;2;5;23;1
202100029966;148 233;1;0;1;1;0;5
202100029967;148 232;7;0;1;1;1;1
202100029968;148 230;7;0;2;3;15;1
202100029968;148 231;1;0;2;8;1;5
202100029969;148 229;7;9;0;3;26;1
202100029970;148 227;1;0;2;7;1;5
202100029970;148 228;7;0;2;1;26;0
202100029971;148 225;7;0;2;8;23;1
202100029971;148 226;7;0;2;2;2;1
202100029972;148 223;1;0;2;8;9;6
202100029972;148 224;33;0;9;1;1;1
202100029973;148 221;7;8;2;1;1;1
202100029973;148 222;7;0;2;2;1;2
202100029974;148 219;7;0;2;3;1;1
202100029974;148 220;7;0;2;1;1;
202100029975;148 217;50;0;9;3;5;3
202100029975;148 218;7;0;9;3;15;1
202100029976;148 214;7;0;2;1;0;1
202100029976;148 215;7;0;2;1;0;1
202100029977;148 212;7;0;2;1;1;1
202100029977;148 213;7;0;2;1;13;1
202100029978;148 210;50;0;2;8;1;3
202100029978;148 211;7;0;9;8;1;1
202100029979;148 207;30;0;0;1;14;3
202100029980;148 206;7;0;1;1;1;1
202100029981;148 205;7;2;0;9;1;1
202100029982;148 203;34;0;2;1;1;1
202100029982;148 204;33;0;2;1;1;1
202100029983;148 201;30;0;2;1;1;1
202100029983;148 202;7;0;2;4;1;3
202100029984;148 200;7;6;0;1;1;1
202100029985;148 198;7;0;2;6;1;1
202100029985;148 199;7;3;2;2;21;1
202100029986;148 196;30;0;2;1;2;1
202100029986;148 197;7;0;2;4;23;1
202100029987;148 194;1;0;2;4;1;5
202100029987;148 195;7;0;2;1;1;1
202100029988;148 192;7;0;2;2;10;1
202100029988;148 193;31;1;2;1;1;1
202100029989;148 189;7;0;2;1;15;1
202100029989;148 190;7;0;2;1;1;1
202100029989;148 191;7;0;2;4;24;1
202100029990;148 188;33;4;0;8;0;1
202100029991;148 186;7;0;2;1;2;1
202100029991;148 187;7;0;2;4;2;1
202100029992;148 184;7;0;2;2;15;1
202100029992;148 185;7;0;2;3;1;1
202100029993;148 182;33;0;2;1;2;1
202100029993;148 183;7;0;2;4;1;1
202100029994;148 180;7;0;2;3;1;1
202100029994;148 181;30;0;2;3;17;1
202100029995;148 178;7;0;2;3;11;1
202100029995;148 179;33;0;2;1;1;1
202100029996;148 176;7;0;2;3;15;1
202100029996;148 177;32;0;2;1;1;1
202100029997;148 175;7;12;0;1;0;1
202100029998;148 173;7;0;2;3;1;1
202100029998;148 174;33;0;2;1;1;1
202100029999;148 171;31;0;2;1;2;1
202100029999;148 172;7;0;2;6;15;1
202100030000;148 169;7;0;2;4;0;1
202100030000;148 170;7;0;2;1;23;1
202100030001;148 167;7;0;2;2;1;1
202100030001;148 168;1;0;2;1;19;5
202100030002;148 166;33;3;0;9;17;1
202100030003;148 164;32;0;2;1;11;1
202100030003;148 165;7;0;2;3;1;1
202100030004;148 163;7;0;1;1;1;1
202100030005;148 160;7;0;2;4;23;1
202100030005;148 161;7;0;2;4;23;1
202100030005;148 162;7;0;2;1;2;1
202100030006;148 158;7;0;2;5;1;1
202100030006;148 159;43;0;2;3;3;1
202100030007;148 156;7;0;2;6;22;1
202100030007;148 157;1;0;2;1;18;5
202100030008;148 154;1;0;2;1;13;5
202100030008;148 155;50;0;2;1;1;3
202100030009;148 152;1;0;2;2;1;5
202100030009;148 153;7;0;2;3;22;1
202100030010;148 150;33;0;2;3;18;1
202100030010;148 151;7;0;2;2;16;2
202100030011;148 148;2;0;2;1;1;1
202100030011;148 149;7;0;2;7;15;1
202100030012;148 146;15;0;2;6;9;1
202100030012;148 147;33;0;2;7;9;1
202100030013;148 144;43;0;2;8;1;1
202100030013;148 145;7;0;2;8;1;0
202100030014;148 142;7;0;2;3;17;1
202100030014;148 143;2;0;2;1;5;1
202100030015;148 140;1;0;2;3;1;5
202100030015;148 141;10;0;2;2;12;1
202100030016;148 138;1;0;2;2;1;5
202100030016;148 139;10;0;2;3;22;1
202100030017;148 136;7;0;2;2;16;1
202100030017;148 137;1;0;2;1;1;5
202100030018;148 134;10;0;2;7;16;1
202100030018;148 135;1;0;2;8;1;5
202100030019;148 132;1;0;2;1;1;5
202100030019;148 133;10;0;2;8;22;1
202100030020;148 130;1;0;2;8;19;5
202100030020;148 131;7;0;2;1;1;3
202100030021;148 128;7;0;2;2;16;1
202100030021;148 129;1;0;2;1;1;5
202100030022;148 126;7;0;2;4;23;1
202100030022;148 127;30;0;2;1;18;1
202100030023;148 123;10;0;2;2;1;1
202100030023;148 124;7;0;2;2;2;2
202100030023;148 125;7;0;2;3;1;1
202100030024;148 121;7;0;2;2;15;1
202100030024;148 122;1;0;2;3;1;5
202100030025;148 120;32;0;1;1;17;1
202100030026;148 119;30;0;2;8;1;1
202100030027;148 117;80;0;2;3;1;3
202100030027;148 118;32;0;2;1;15;1
202100030028;148 115;32;0;2;1;15;1
202100030028;148 116;30;0;2;3;1;1
202100030029;148 113;1;0;2;7;15;5
202100030029;148 114;50;0;2;1;1;3
202100030030;148 111;33;0;2;3;1;1
202100030030;148 112;50;0;2;3;15;3
202100030031;148 110;13;0;1;0;1;1
202100030032;148 108;50;1;0;1;17;3
202100030032;148 109;7;1;0;3;22;1
202100030033;148 107;7;0;1;1;1;1
202100030034;148 105;7;0;2;1;22;1
202100030034;148 106;1;1;0;0;0;5
202100030035;148 100;7;0;2;0;0;1
202100030035;148 101;7;0;2;1;1;1
202100030035;148 102;7;0;2;1;1;1
202100030035;148 103;7;0;2;4;1;1
202100030035;148 104;7;0;2;1;2;1
202100030036;148 098;7;0;2;1;9;1
202100030036;148 099;7;0;2;7;9;2
202100030037;148 096;7;1;0;6;9;1
202100030037;148 097;7;1;0;6;24;1
202100030038;148 094;10;0;2;2;1;1
202100030038;148 095;7;0;2;2;9;1
202100030039;148 092;7;0;2;4;26;1
202100030039;148 093;7;0;2;1;26;1
202100030040;148 090;7;0;2;4;2;1
202100030040;148 091;14;0;2;1;2;1
202100030041;148 088;7;0;2;7;19;2
202100030041;148 089;7;0;2;1;1;2
202100030042;148 086;32;0;2;3;1;1
202100030042;148 087;7;0;2;7;14;1
202100030043;148 084;0;0;2;0;0;0
202100030043;148 085;7;0;2;3;19;1
202100030044;148 081;7;0;2;1;2;1
202100030044;148 082;7;0;2;4;0;1
202100030044;148 083;7;0;2;4;0;1
202100030045;148 079;7;0;2;3;11;1
202100030045;148 080;34;0;2;1;2;1
202100030046;148 077;30;0;2;2;17;1
202100030046;148 078;7;0;2;3;1;1
202100030047;148 075;32;0;2;1;1;1
202100030047;148 076;7;0;2;2;16;1
202100030048;148 073;7;0;2;2;15;1
202100030048;148 074;43;0;2;0;1;1
202100030049;148 071;33;0;2;1;2;1
202100030049;148 072;7;0;2;2;15;1
202100030050;148 069;7;0;2;4;1;1
202100030050;148 070;10;0;2;1;2;1
202100030051;148 067;2;0;2;2;1;1
202100030051;148 068;7;0;2;3;1;1
202100030052;148 065;7;0;2;2;16;1
202100030052;148 066;32;0;2;1;18;1
202100030053;148 064;32;14;0;2;1;1
202100030054;148 063;10;8;0;2;1;1
202100030055;148 061;7;0;2;1;0;1
202100030055;148 062;7;0;2;1;13;1
202100030056;148 058;1;0;2;8;1;5
202100030056;148 059;1;0;2;8;1;5
202100030056;148 060;7;0;9;1;13;1
202100030057;148 056;7;0;2;3;1;1
202100030057;148 057;2;0;2;1;1;1
202100030058;148 055;10;4;0;3;2;1
202100030059;148 054;34;4;0;7;16;1
202100030060;148 052;33;0;2;1;17;1
202100030060;148 053;10;0;2;3;1;1
202100030061;148 051;7;3;9;0;1;1
202100030062;148 049;1;0;5;1;0;5
202100030063;148 047;7;0;0;4;1;1
202100030063;148 048;7;0;2;1;2;1
202100030064;148 045;7;0;0;4;1;1
202100030064;148 046;33;0;2;1;1;1
202100030065;148 043;10;0;2;7;17;1
202100030065;148 044;1;0;2;8;1;5
202100030066;148 042;2;0;0;0;14;1
202100030067;148 040;13;0;0;0;15;1
202100030067;148 041;7;8;0;1;26;6
202100030068;148 038;7;0;2;1;15;1
202100030068;148 039;33;0;2;3;1;1
202100030069;148 037;1;0;0;0;1;0
202100030070;148 035;7;0;2;3;15;1
202100030070;148 036;7;0;2;3;1;2
202100030071;148 033;17;0;2;1;2;1
202100030071;148 034;7;0;0;4;2;1
202100030072;148 032;7;7;0;9;1;0
202100030073;148 030;7;0;2;1;1;1
202100030073;148 031;15;0;2;3;15;1
202100030074;148 029;33;0;1;1;1;1
202100030075;148 027;7;0;2;3;1;1
202100030075;148 028;30;0;2;1;1;1
202100030076;148 025;2;0;2;2;17;1
202100030076;148 026;7;0;2;6;13;1
202100030077;148 023;7;0;2;8;9;1
202100030077;148 024;33;0;2;7;1;1
202100030078;148 021;1;0;2;4;1;5
202100030078;148 022;7;0;2;1;17;0
202100030079;148 018;7;0;9;3;1;0
202100030079;148 019;1;0;2;3;1;5
202100030079;148 020;1;0;9;1;1;5
202100030080;148 016;2;0;2;1;1;1
202100030080;148 017;10;0;2;2;15;1
202100030081;148 014;33;0;2;1;13;1
202100030081;148 015;7;0;2;3;1;1
202100030082;148 012;7;0;2;3;1;1
202100030082;148 013;7;6;2;8;19;1
202100030083;148 011;7;8;0;1;1;1
202100030084;148 008;7;0;2;1;1;1
202100030084;148 009;7;13;2;1;1;1
202100030084;148 010;7;4;2;1;1;1
202100030085;148 003;33;6;0;2;0;1
202100030086;148 001;33;0;2;7;1;1
202100030086;148 002;10;0;2;3;19;1
202100030087;147 999;1;0;2;1;0;5
202100030087;148 000;7;0;9;1;15;1
202100030088;147 998;7;6;9;1;2;1
202100030089;147 996;10;16;2;6;1;1
202100030089;147 997;7;13;2;2;17;1
202100030090;147 994;1;0;0;8;1;5
202100030090;147 995;10;0;9;1;15;1
202100030091;147 992;33;0;2;2;1;1
202100030091;147 993;10;4;2;2;1;1
202100030092;147 991;7;2;0;1;1;1
202100030093;147 988;14;0;2;6;1;1
202100030093;147 989;7;0;2;5;1;1
202100030093;147 990;7;4;2;8;11;1
202100030094;147 986;33;0;0;0;2;1
202100030094;147 987;7;0;2;0;0;0
202100030095;147 985;7;13;0;3;26;1
202100030096;147 983;7;0;2;1;1;1
202100030096;147 984;2;0;0;7;1;1
202100030097;147 980;7;0;2;1;0;1
202100030097;147 981;7;0;2;3;0;1
202100030097;147 982;7;0;2;3;5;1
202100030098;147 979;33;4;0;8;1;1
202100030099;147 977;7;0;0;6;1;1
202100030099;147 978;7;4;2;2;17;1
202100030100;147 976;31;16;0;9;21;1
202100030101;147 972;7;0;2;3;17;1
202100030101;147 973;7;0;2;3;1;1
202100030101;147 974;10;0;2;8;1;1
202100030101;147 975;7;0;2;1;23;1
202100030102;147 971;7;0;1;2;1;1
202100030103;147 969;1;0;2;7;12;5
202100030103;147 970;7;0;2;3;0;1
202100030104;147 968;7;13;0;2;0;1
202100030105;147 967;2;0;0;0;0;1
202100030106;147 966;7;13;0;3;0;1
202100030107;147 964;33;0;2;2;17;1
202100030107;147 965;7;0;9;3;26;1
202100030108;147 962;7;0;2;1;2;1
202100030108;147 963;7;0;2;4;1;1
202100030109;147 958;7;0;2;1;2;1
202100030109;147 959;7;0;2;4;2;1
202100030109;147 960;7;0;2;4;2;1
202100030109;147 961;7;0;2;3;1;2
202100030110;147 956;7;0;2;1;13;1
202100030110;147 957;7;0;2;8;1;1
202100030111;147 954;15;0;2;1;13;1
202100030111;147 955;7;0;2;1;1;1
202100030112;147 953;7;0;1;2;1;1
202100030113;147 951;80;0;2;7;0;3
202100030113;147 952;10;0;9;1;0;1
202100030114;147 950;33;7;0;1;1;1
202100030115;147 948;3;0;2;1;13;1
202100030115;147 949;7;0;2;1;1;1
202100030116;147 946;7;0;0;4;1;1
202100030116;147 947;7;0;2;1;1;1
202100030117;147 944;7;0;2;2;15;1
202100030117;147 945;7;0;2;3;9;1
202100030118;147 942;32;0;2;7;1;1
202100030118;147 943;33;0;2;8;19;1
202100030119;147 940;10;0;2;1;2;1
202100030119;147 941;7;0;2;4;2;1
202100030120;147 938;7;0;2;4;1;1
202100030120;147 939;7;0;2;1;1;1
202100030121;147 937;7;4;0;9;1;1
202100030122;147 935;7;0;2;5;1;1
202100030122;147 936;7;0;2;3;21;1
202100030123;147 933;17;0;2;2;12;1
202100030123;147 934;7;4;2;6;2;1
202100030124;147 931;7;0;2;1;1;1
202100030124;147 932;7;0;2;4;2;1
202100030125;147 929;33;0;2;1;2;1
202100030125;147 930;7;0;2;4;2;1
202100030126;147 927;7;0;2;7;12;1
202100030126;147 928;33;0;2;8;2;1
202100030127;147 926;7;12;0;1;14;1
202100030128;147 924;31;0;2;2;3;1
202100030128;147 925;7;0;2;3;11;1
202100030129;147 922;7;0;2;6;1;1
202100030129;147 923;17;0;2;2;12;1
202100030130;147 920;7;0;2;1;2;1
202100030130;147 921;33;0;2;8;18;1
202100030131;147 918;10;0;2;1;1;1
202100030131;147 919;7;5;2;1;13;1
202100030132;147 916;99;0;2;2;0;0
202100030132;147 917;10;0;2;5;26;1
202100030133;147 914;10;0;2;7;12;1
202100030133;147 915;34;0;2;8;3;1
202100030134;147 912;7;0;2;5;12;1
202100030134;147 913;33;0;2;1;0;1
202100030135;147 908;33;0;2;1;1;1
202100030135;147 909;33;0;2;4;2;1
202100030135;147 910;33;0;2;4;2;1
202100030135;147 911;7;0;2;6;2;1
202100030136;147 906;7;0;2;2;1;1
202100030136;147 907;15;0;2;8;11;1
202100030137;147 904;10;0;2;1;21;1
202100030137;147 905;7;0;2;4;23;1
202100030138;147 902;7;0;2;1;1;1
202100030138;147 903;7;0;2;4;2;1
202100030139;147 900;14;0;2;1;1;1
202100030139;147 901;17;0;2;4;1;1
202100030140;147 898;7;0;1;3;1;1
202100030141;147 897;3;15;1;4;25;1
202100030142;147 896;7;0;1;3;15;1
202100030143;147 895;7;0;1;3;1;1
202100030144;147 890;34;0;2;1;1;1
202100030144;147 891;7;0;2;3;15;1
202100030145;147 888;7;0;2;4;2;1
202100030145;147 889;7;0;2;1;2;1
202100030146;147 886;1;0;2;1;19;5
202100030146;147 887;7;0;9;0;1;1
202100030147;147 884;2;0;2;8;1;1
202100030147;147 885;7;0;2;7;16;1
202100030148;147 883;7;6;0;1;26;1
202100030149;147 881;3;0;9;1;1;1
202100030149;147 882;1;0;2;8;1;0
202100030150;147 880;33;0;0;7;21;1
202100030151;147 878;2;0;2;2;17;1
202100030151;147 879;7;0;2;3;10;1
202100030152;147 875;7;0;2;1;15;1
202100030152;147 876;7;0;2;2;1;1
202100030153;147 873;7;0;2;5;10;1
202100030153;147 874;33;0;2;0;1;1
202100030154;147 868;7;0;1;1;15;1
202100030155;147 866;7;0;2;7;1;1
202100030155;147 867;1;0;2;1;1;5