Num_Acc;id_vehicule;categorie_vehicule;obstacle_fixe;obstacle_mobile;point_choc_initial;manoeuvre_principale;motorisation
202100030156;147 864;2;0;2;7;1;1
202100030156;147 865;7;0;2;3;1;1
202100030157;147 862;7;0;2;7;16;1
202100030157;147 863;1;0;2;1;1;5
202100030158;147 860;7;0;2;8;15;1
202100030158;147 861;50;0;2;1;5;3
202100030159;147 859;7;3;0;1;1;1
202100030160;147 857;7;0;1;4;5;1
202100030161;147 855;7;4;2;6;11;1
202100030161;147 856;14;0;2;7;1;1
202100030162;147 854;7;0;1;1;9;1
202100030163;147 851;7;0;2;4;2;1
202100030163;147 852;7;0;2;4;2;1
202100030163;147 853;7;0;2;1;2;1
202100030164;147 849;7;1;2;1;1;1
202100030164;147 850;1;0;2;0;19;0
202100030165;147 848;37;16;0;1;26;1
202100030166;147 846;50;0;2;1;1;3
202100030166;147 847;7;0;2;1;15;1
202100030167;147 844;30;0;2;1;1;3
202100030167;147 845;1;0;2;2;19;5
202100030168;147 842;7;0;2;1;2;1
202100030168;147 843;10;0;2;5;2;1
202100030169;147 841;7;0;1;1;1;3
202100030170;147 840;33;16;0;8;1;1
202100030171;147 838;10;0;2;3;17;1
202100030171;147 839;2;0;2;3;1;1
202100030172;147 836;30;0;2;1;1;1
202100030172;147 837;7;0;2;3;15;1
202100030173;147 834;7;0;2;1;26;1
202100030173;147 835;7;0;2;2;1;1
202100030174;147 832;7;0;2;1;2;1
202100030174;147 833;7;0;2;4;2;1
202100030175;147 830;7;0;2;1;26;1
202100030175;147 831;50;0;2;1;26;3
202100030176;147 828;10;0;2;6;1;1
202100030176;147 829;7;0;2;3;13;1
202100030177;147 826;7;0;2;7;15;1
202100030177;147 827;7;0;2;1;1;1
202100030178;147 825;7;14;0;0;20;1
202100030179;147 824;33;0;0;4;9;1
202100030180;147 822;7;0;2;4;2;2
202100030180;147 823;7;0;2;0;9;1
202100030181;147 821;1;0;2;0;9;5
202100030182;147 819;1;0;2;1;2;5
202100030182;147 820;7;0;2;6;9;1
202100030183;147 818;30;0;0;0;1;1
202100030184;147 816;10;0;2;1;1;1
202100030184;147 817;7;0;2;4;1;3
202100030185;147 814;7;0;2;3;16;1
202100030185;147 815;1;0;2;3;1;5
202100030186;147 812;7;0;2;1;2;1
202100030186;147 813;7;0;2;4;1;1
202100030187;147 810;10;0;2;2;15;1
202100030187;147 811;37;0;2;1;1;1
202100030188;147 808;7;0;2;3;15;1
202100030188;147 809;33;0;2;1;7;1
202100030189;147 806;13;0;2;8;1;1
202100030189;147 807;2;0;2;7;0;1
202100030190;147 804;33;0;2;1;17;1
202100030190;147 805;7;0;2;3;1;1
202100030191;147 803;7;0;1;2;1;1
202100030192;147 802;7;13;0;1;26;1
202100030193;147 800;7;0;2;9;19;1
202100030193;147 801;7;0;2;1;19;1
202100030194;147 799;7;0;1;2;1;1
202100030195;147 797;7;0;2;1;1;1
202100030195;147 798;7;0;2;3;1;1
202100030196;147 795;7;0;2;1;2;1
202100030196;147 796;7;0;2;2;1;1
202100030197;147 792;7;0;2;3;17;1
202100030197;147 793;7;0;2;3;2;1
202100030197;147 794;7;0;2;6;1;1
202100030198;147 791;10;0;1;2;21;1
202100030199;147 789;30;0;2;5;11;1
202100030199;147 790;7;0;2;7;1;1
202100030200;147 786;10;0;2;4;2;0
202100030200;147 787;10;0;2;4;2;0
202100030200;147 788;10;0;2;1;2;1
202100030201;147 784;30;0;0;1;3;1
202100030201;147 785;7;0;2;2;19;1
202100030202;147 782;7;0;2;1;9;3
202100030202;147 783;1;0;2;7;1;5
202100030203;147 780;34;1;0;2;26;0
202100030203;147 781;7;0;2;6;23;1
202100030204;147 778;7;0;2;3;1;1
202100030204;147 779;50;0;2;1;5;3
202100030205;147 777;17;0;1;8;9;1
202100030206;147 775;7;0;2;1;5;1
202100030206;147 776;7;0;2;1;1;1
202100030207;147 773;33;0;2;8;1;1
202100030207;147 774;7;0;2;2;10;1
202100030208;147 771;7;0;2;0;15;6
202100030208;147 772;32;0;2;7;26;1
202100030209;147 769;33;0;2;1;1;1
202100030209;147 770;7;0;2;1;1;1
202100030210;147 767;7;0;2;2;16;0
202100030210;147 768;7;0;2;3;1;0
202100030211;147 765;1;0;2;6;2;5
202100030211;147 766;7;0;2;2;16;0
202100030212;147 763;30;0;2;1;18;1
202100030212;147 764;2;0;2;7;1;1
202100030213;147 761;7;0;2;1;1;1
202100030213;147 762;7;0;2;1;13;1
202100030214;147 759;7;16;0;1;1;1
202100030214;147 760;7;16;0;2;19;1
202100030215;147 757;31;0;2;3;3;1
202100030215;147 758;7;0;2;2;12;1
202100030216;147 755;7;0;2;8;13;1
202100030216;147 756;33;0;2;7;1;3
202100030217;147 753;32;0;2;2;2;1
202100030217;147 754;7;0;2;6;2;1
202100030218;147 750;7;0;2;4;2;2
202100030218;147 751;7;0;2;4;2;1
202100030218;147 752;13;0;2;2;2;1
202100030219;147 747;7;0;2;1;12;1
202100030219;147 748;33;0;2;4;1;1
202100030219;147 749;50;0;2;8;19;3
202100030220;147 745;7;0;2;2;12;1
202100030220;147 746;33;0;2;8;1;1
202100030221;147 743;7;0;2;3;15;1
202100030221;147 744;33;4;2;2;17;1
202100030222;147 742;30;0;1;1;1;1
202100030223;147 741;31;0;2;8;1;1
202100030224;147 739;10;0;2;2;15;1
202100030224;147 740;30;0;2;8;1;1
202100030225;147 737;7;0;2;3;1;1
202100030225;147 738;10;0;2;6;15;1
202100030226;147 735;7;0;2;1;2;1
202100030226;147 736;7;0;2;4;23;1
202100030227;147 733;32;0;2;1;1;1
202100030227;147 734;10;0;2;2;15;0
202100030228;147 731;10;0;2;3;15;1
202100030228;147 732;33;0;2;2;17;1
202100030229;147 729;50;0;2;3;17;3
202100030229;147 730;7;0;2;3;1;1
202100030230;147 728;1;0;1;1;5;5
202100030231;147 727;7;0;1;3;1;2
202100030232;147 724;50;0;2;8;25;3
202100030232;147 725;10;0;2;2;22;1
202100030232;147 726;10;0;2;0;24;1
202100030233;147 722;7;0;2;7;9;1
202100030233;147 723;1;0;2;1;1;5
202100030234;147 720;1;0;2;1;13;5
202100030234;147 721;10;0;2;5;22;1
202100030235;147 718;7;0;2;2;2;1
202100030235;147 719;1;0;2;4;23;5
202100030236;147 716;7;0;2;3;15;1
202100030236;147 717;50;0;2;7;5;3
202100030237;147 714;30;0;2;0;17;1
202100030237;147 715;7;0;2;0;10;1
202100030238;147 712;32;0;2;1;2;1
202100030238;147 713;7;0;2;4;23;1
202100030239;147 711;1;0;0;7;7;5
202100030240;147 709;1;0;2;2;7;5
202100030240;147 710;10;0;2;3;22;1
202100030241;147 708;7;0;1;7;1;1
202100030242;147 707;33;0;1;1;1;3
202100030243;147 706;17;0;1;1;1;1
202100030244;147 704;7;0;2;6;15;1
202100030244;147 705;2;0;2;1;17;1
202100030245;147 702;7;0;2;3;15;1
202100030245;147 703;30;0;2;2;17;3
202100030246;147 701;7;0;1;0;1;1
202100030247;147 699;7;0;2;3;15;1
202100030247;147 700;33;0;2;1;1;1
202100030248;147 697;7;15;2;1;19;1
202100030248;147 698;7;0;2;8;1;1
202100030249;147 696;7;0;1;1;15;1
202100030250;147 694;32;0;2;3;1;1
202100030250;147 695;7;0;2;3;15;1
202100030251;147 692;30;0;2;1;2;1
202100030251;147 693;1;0;2;4;1;5
202100030252;147 690;13;0;2;3;11;1
202100030252;147 691;30;0;2;1;1;1
202100030253;147 688;43;0;2;8;1;1
202100030253;147 689;7;0;2;3;1;0
202100030254;147 686;43;0;2;3;2;1
202100030254;147 687;7;0;2;2;16;1
202100030255;147 684;7;0;2;6;1;2
202100030255;147 685;30;0;2;1;1;1
202100030256;147 683;7;0;1;2;1;2
202100030257;147 681;10;0;2;1;2;0
202100030257;147 682;7;0;2;4;23;1
202100030258;147 679;7;4;0;1;1;1
202100030259;147 677;7;0;9;3;13;1
202100030259;147 678;1;0;2;1;1;5
202100030260;147 675;7;0;2;5;13;1
202100030260;147 676;7;0;2;1;1;1
202100030261;147 673;7;0;2;1;1;1
202100030261;147 674;7;0;2;1;5;1
202100030262;147 672;10;2;0;3;1;1
202100030263;147 668;7;0;2;1;2;1
202100030263;147 669;7;0;2;2;2;1
202100030263;147 670;7;0;2;6;2;1
202100030263;147 671;7;0;0;5;1;0
202100030264;147 666;17;0;0;6;24;1
202100030264;147 667;7;1;0;2;1;1
202100030265;147 665;7;2;0;1;1;1
202100030266;147 664;33;0;2;1;1;1
202100030267;147 662;15;0;2;1;1;1
202100030267;147 663;7;0;2;1;13;1
202100030268;147 661;7;0;1;2;2;1
202100030269;147 658;7;4;2;1;1;1
202100030269;147 659;7;0;2;3;1;1
202100030269;147 660;7;0;2;7;1;1
202100030270;147 656;33;0;2;3;1;1
202100030270;147 657;0;0;2;0;0;0
202100030271;147 654;7;0;2;6;11;1
202100030271;147 655;33;13;2;7;17;1
202100030272;147 652;7;0;2;3;13;1
202100030272;147 653;33;3;2;8;1;1
202100030273;147 651;33;15;0;0;2;1
202100030274;147 649;7;0;0;3;1;1
202100030274;147 650;7;2;2;2;1;1
202100030275;147 648;7;1;1;7;1;1
202100030276;147 646;7;0;2;1;1;2
202100030276;147 647;7;0;2;8;13;1
202100030277;147 645;7;0;0;9;1;1
202100030278;147 644;7;13;0;2;1;1
202100030279;147 642;10;0;2;3;26;1
202100030279;147 643;7;0;2;3;26;1
202100030280;147 640;7;0;2;1;2;1
202100030280;147 641;13;0;0;4;2;0
202100030281;147 638;33;0;2;1;1;1
202100030281;147 639;7;0;2;5;15;1
202100030282;147 637;7;2;0;8;2;0
202100030283;147 636;7;0;1;2;1;3
202100030284;147 635;33;13;0;7;1;1
202100030285;147 634;80;12;0;0;0;3
202100030286;147 632;33;0;2;3;1;1
202100030286;147 633;7;0;2;1;15;1
202100030287;147 630;7;0;2;1;21;1
202100030287;147 631;7;0;2;1;5;1
202100030288;147 628;7;3;2;8;13;1
202100030288;147 629;7;3;2;8;2;1
202100030289;147 626;7;0;2;3;1;1
202100030289;147 627;10;0;2;1;13;1
202100030290;147 625;7;0;0;7;1;1
202100030291;147 623;10;0;2;1;2;1
202100030291;147 624;7;0;0;4;2;1
202100030292;147 621;10;0;2;3;1;1
202100030292;147 622;2;0;2;1;1;1
202100030293;147 619;7;0;2;2;2;1
202100030293;147 620;17;0;0;6;2;1
202100030294;147 618;7;0;0;9;1;1
202100030295;147 614;15;0;0;3;1;1
202100030295;147 615;10;0;2;3;13;1
202100030296;147 613;7;13;0;1;2;1
202100030297;147 611;7;0;2;1;1;1
202100030297;147 612;7;0;2;1;13;1
202100030298;147 609;7;0;2;1;26;1
202100030298;147 610;10;0;2;1;1;1
202100030299;147 607;14;0;2;3;1;1
202100030299;147 608;10;0;2;1;13;1
202100030300;147 605;1;0;2;1;19;5
202100030300;147 606;10;0;2;2;1;1
202100030301;147 603;7;0;0;3;15;1
202100030301;147 604;7;6;2;2;17;1
202100030302;147 601;32;0;2;5;1;1
202100030302;147 602;7;0;2;1;9;1
202100030303;147 599;7;0;2;3;11;1
202100030303;147 600;7;0;0;8;1;1
202100030304;147 597;7;0;2;2;17;1
202100030304;147 598;1;0;2;4;1;5
202100030305;147 596;7;6;1;2;1;1
202100030306;147 594;7;0;2;3;19;1
202100030306;147 595;2;0;0;2;2;1
202100030307;147 592;7;0;2;3;1;1
202100030307;147 593;7;0;2;2;10;1
202100030308;147 590;14;0;1;1;13;1
202100030308;147 591;7;0;2;3;14;1
202100030309;147 586;7;0;2;4;23;1
202100030309;147 587;7;14;2;1;21;1
202100030309;147 588;7;0;2;4;2;1
202100030309;147 589;7;0;2;4;23;0
202100030310;147 584;33;0;2;3;3;1
202100030310;147 585;7;0;2;2;12;1
202100030311;147 582;7;0;0;0;11;1
202100030311;147 583;43;0;0;0;3;1
202100030312;147 581;7;4;0;3;1;0
202100030313;147 579;7;0;2;1;21;1
202100030313;147 580;10;0;2;4;1;1
202100030314;147 577;33;1;0;1;2;1
202100030314;147 578;7;0;2;6;23;1
202100030315;147 574;7;0;2;6;1;1
202100030315;147 575;33;0;2;2;3;1
202100030315;147 576;10;0;2;8;1;1
202100030316;147 572;31;0;2;0;0;1
202100030316;147 573;7;0;2;3;11;0
202100030317;147 571;50;0;1;2;1;3
202100030318;147 570;7;0;1;7;0;1
202100030319;147 568;30;0;2;2;17;1
202100030319;147 569;7;0;2;3;15;1
202100030320;147 567;2;6;0;1;1;1
202100030321;147 565;7;0;2;2;1;1
202100030321;147 566;33;0;2;1;1;1
202100030322;147 563;1;0;2;4;2;0
202100030322;147 564;7;0;2;3;1;1
202100030323;147 562;7;0;1;7;16;2
202100030324;147 559;7;0;2;4;1;1
202100030324;147 560;7;0;2;4;1;1
202100030324;147 561;7;1;2;1;1;1
202100030325;147 557;7;0;2;7;15;1
202100030325;147 558;50;0;2;1;19;3
202100030326;147 555;7;0;2;1;1;1
202100030326;147 556;50;0;2;7;1;3
202100030327;147 553;32;0;2;8;18;1
202100030327;147 554;7;0;2;3;2;1
202100030328;147 551;31;0;2;1;15;1
202100030328;147 552;7;0;2;2;21;1
202100030329;147 550;10;0;1;1;11;1
202100030330;147 548;7;0;2;1;2;1
202100030330;147 549;7;0;2;4;1;1
202100030331;147 546;7;14;0;5;20;1
202100030331;147 547;7;0;2;2;1;1
202100030332;147 543;7;0;2;1;1;1
202100030332;147 544;7;0;2;3;1;1
202100030332;147 545;7;0;2;3;19;1
202100030333;147 542;10;0;0;1;26;1
202100030334;147 541;7;0;1;1;1;1
202100030335;147 540;33;1;0;1;1;1
202100030336;147 538;7;0;9;0;26;1
202100030336;147 539;1;0;2;0;26;6
202100030337;147 536;7;0;2;8;1;1
202100030337;147 537;7;0;2;1;15;1
202100030338;147 534;7;0;0;0;23;1
202100030338;147 535;31;8;0;0;21;1
202100030339;147 532;7;0;2;5;17;1
202100030339;147 533;35;0;2;3;15;1
202100030340;147 530;7;0;2;3;1;1
202100030340;147 531;7;0;2;5;1;1
202100030341;147 528;7;0;2;1;1;1
202100030341;147 529;99;0;2;7;1;1
202100030342;147 524;7;0;2;1;0;1
202100030342;147 525;7;0;2;1;26;1
202100030342;147 526;7;0;2;3;1;1
202100030342;147 527;7;0;2;2;15;0
202100030343;147 523;33;15;0;0;0;1
202100030344;147 521;7;0;2;4;23;1
202100030344;147 522;7;0;2;1;1;1
202100030345;147 519;10;0;9;1;21;6
202100030345;147 520;1;0;2;1;1;0
202100030346;147 516;7;0;2;1;2;0
202100030346;147 517;7;0;2;4;2;1
202100030346;147 518;7;0;2;9;2;1
202100030347;147 514;7;0;2;1;1;1
202100030347;147 515;33;0;2;1;21;1
202100030348;147 511;7;4;0;1;1;1
202100030349;147 510;40;0;1;1;1;3
202100030350;147 508;2;0;2;1;19;1
202100030350;147 509;7;14;2;3;19;1
202100030351;147 507;7;16;0;1;1;1
202100030352;147 506;33;10;0;7;9;1
202100030353;147 505;7;0;1;2;9;1
202100030354;147 504;7;12;0;9;16;1
202100030355;147 502;2;0;2;1;2;1
202100030355;147 503;7;0;2;2;15;1
202100030356;147 500;7;0;2;3;10;1
202100030356;147 501;33;0;2;1;2;1
202100030357;147 499;7;1;1;2;14;2
202100030358;147 497;10;0;2;7;9;1
202100030358;147 498;10;0;2;1;1;1
202100030359;147 495;7;0;2;1;0;1
202100030359;147 496;7;0;0;8;26;1
202100030360;147 494;3;0;1;1;1;1
202100030361;147 492;80;0;2;7;1;3
202100030361;147 493;7;0;2;3;9;1
202100030362;147 491;7;8;0;8;13;1
202100030363;147 489;7;0;2;0;17;1
202100030363;147 490;30;0;2;8;0;1
202100030364;147 488;7;0;1;1;1;1
202100030365;147 486;37;14;0;3;1;1
202100030365;147 487;7;0;2;2;15;1
202100030366;147 484;7;0;2;3;15;1
202100030366;147 485;7;0;2;3;1;1
202100030367;147 482;7;0;2;3;1;1
202100030367;147 483;7;0;2;2;1;2
202100030368;147 480;1;0;0;0;1;5
202100030368;147 481;7;0;2;7;14;1
202100030369;147 478;7;0;2;1;1;1
202100030369;147 479;7;0;2;7;1;1
202100030370;147 477;7;0;1;2;1;1
202100030371;147 476;80;0;0;8;16;3
202100030372;147 475;7;4;0;9;1;1
202100030373;147 474;10;0;1;3;15;2
202100030374;147 472;7;0;2;3;15;3
202100030374;147 473;30;0;2;7;13;1
202100030375;147 470;7;0;2;2;19;1
202100030375;147 471;30;0;2;7;1;0
202100030376;147 468;7;0;2;7;19;1
202100030376;147 469;37;0;0;1;1;1
202100030377;147 465;7;0;2;8;1;1
202100030377;147 466;32;0;2;7;9;1
202100030378;147 463;7;0;2;3;15;1
202100030378;147 464;80;0;2;1;1;3
202100030379;147 462;7;12;0;1;1;1
202100030380;147 459;7;0;2;8;1;1
202100030380;147 460;7;0;2;7;12;1
202100030380;147 461;10;0;2;3;1;1
202100030381;147 457;7;0;2;3;1;1
202100030381;147 458;7;14;2;0;2;1
202100030382;147 456;7;2;0;0;0;1
202100030383;147 455;7;0;1;4;26;0
202100030384;147 454;7;0;1;1;1;1
202100030385;147 453;7;14;0;7;1;1
202100030386;147 451;1;0;2;7;1;5
202100030386;147 452;7;0;2;1;1;1
202100030387;147 450;7;0;0;0;1;1
202100030388;147 448;10;0;2;4;2;0
202100030388;147 449;50;0;2;4;1;3
202100030389;147 446;7;0;2;4;1;1
202100030389;147 447;7;0;2;1;2;1
202100030390;147 444;7;0;2;4;2;1
202100030390;147 445;7;0;2;4;2;1
202100030391;147 443;7;0;1;1;9;1
202100030392;147 441;33;0;2;1;1;1
202100030392;147 442;30;0;0;0;0;1
202100030393;147 439;33;0;2;1;19;0
202100030393;147 440;32;0;2;7;26;1
202100030394;147 437;7;0;9;1;1;0
202100030394;147 438;60;0;2;7;19;5
202100030395;147 436;1;0;0;8;1;5
202100030396;147 434;7;0;2;3;0;1
202100030396;147 435;7;0;2;3;13;1
202100030397;147 432;7;0;2;1;1;1
202100030397;147 433;30;0;2;7;1;1
202100030398;147 431;31;15;0;1;0;0
202100030399;147 428;30;0;2;1;1;1
202100030399;147 429;7;0;2;6;1;1
202100030399;147 430;7;0;2;2;1;1
202100030400;147 425;7;0;2;4;23;1
202100030400;147 426;7;0;2;4;23;1
202100030400;147 427;7;0;2;1;1;0
202100030401;147 424;7;0;1;1;15;1
202100030402;147 423;7;0;1;1;9;1
202100030403;147 421;10;0;2;3;15;1
202100030403;147 422;2;0;2;2;13;1
202100030404;147 420;7;13;0;2;1;1
202100030405;147 418;7;0;2;3;15;2
202100030405;147 419;7;0;2;1;5;1
202100030406;147 416;1;0;2;4;15;5
202100030406;147 417;7;0;2;1;1;0
202100030407;147 415;7;0;1;1;1;0
202100030408;147 413;34;0;2;1;9;1
202100030408;147 414;7;0;2;3;1;1
202100030409;147 411;15;0;2;3;15;1
202100030409;147 412;33;0;2;7;17;1
202100030410;147 410;10;0;1;3;1;1
202100030411;147 409;1;12;0;0;12;5
202100030412;147 407;1;0;2;8;1;5
202100030412;147 408;14;0;2;2;14;1
202100030413;147 405;7;0;2;5;15;1
202100030413;147 406;1;0;2;5;1;5
202100030414;147 403;7;0;2;8;16;1
202100030414;147 404;14;0;2;7;16;1
202100030415;147 401;10;0;0;0;15;1
202100030415;147 402;1;0;2;0;1;5
202100030416;147 400;32;0;0;9;16;1
202100030417;147 398;7;0;2;4;2;1
202100030417;147 399;50;0;2;1;2;3
202100030418;147 397;50;0;1;1;1;3
202100030419;147 396;30;0;1;1;1;1
202100030420;147 395;30;12;0;7;14;1
202100030421;147 393;32;0;2;3;16;1
202100030421;147 394;34;0;2;2;1;1
202100030422;147 391;80;0;2;7;15;3
202100030422;147 392;43;0;2;1;7;1
202100030423;147 389;7;0;2;2;1;1
202100030423;147 390;7;0;2;3;1;3
202100030424;147 388;50;0;1;1;1;3
202100030425;147 386;7;0;2;3;15;1
202100030425;147 387;7;9;2;1;1;1
202100030426;147 385;30;0;9;7;19;1
202100030427;147 383;30;0;2;1;1;1
202100030427;147 384;7;0;2;5;0;1
202100030428;147 382;1;0;0;1;1;5
202100030429;147 381;37;1;0;0;21;1
202100030430;147 379;7;0;2;1;9;1
202100030430;147 380;60;0;2;8;26;5
202100030431;147 377;10;0;2;2;16;0
202100030431;147 378;37;0;2;3;1;1
202100030432;147 375;7;0;2;3;23;1
202100030432;147 376;33;0;2;3;1;1
202100030433;147 373;7;0;9;2;20;1
202100030433;147 374;30;1;2;2;1;1
202100030434;147 372;50;0;1;8;1;3
202100030435;147 370;34;1;0;8;0;1
202100030435;147 371;7;1;2;1;0;1
202100030436;147 368;7;0;2;1;1;2
202100030436;147 369;7;0;2;6;20;1
202100030437;147 366;7;0;2;1;2;1
202100030437;147 367;7;0;2;4;2;1
202100030438;147 364;20;0;2;1;9;1
202100030438;147 365;1;0;2;1;9;6
202100030439;147 363;32;0;1;1;9;0
202100030440;147 362;7;0;1;1;1;1
202100030441;147 360;7;0;2;3;1;1
202100030441;147 361;7;0;2;3;1;1
202100030442;147 359;7;0;1;5;1;1
202100030443;147 357;32;0;2;1;1;1
202100030443;147 358;7;0;2;2;15;1
202100030444;147 355;33;0;2;5;12;1
202100030444;147 356;10;0;2;5;23;1
202100030445;147 353;60;0;2;7;13;5
202100030445;147 354;7;0;2;2;23;1
202100030446;147 352;7;0;1;0;1;1
202100030447;147 350;7;0;2;3;15;1
202100030447;147 351;32;0;2;1;17;1
202100030448;147 348;31;0;2;2;3;1
202100030448;147 349;7;0;2;1;15;1
202100030449;147 347;7;13;0;1;1;1
202100030450;147 346;7;14;0;0;1;1
202100030451;147 345;2;1;0;1;14;1
202100030452;147 342;10;0;2;1;1;1
202100030452;147 343;7;0;2;1;1;1
202100030452;147 344;7;0;2;2;17;1
202100030453;147 340;7;0;2;1;5;1
202100030453;147 341;7;0;2;1;1;1
202100030454;147 339;7;1;0;2;1;1
202100030455;147 336;7;0;2;3;2;1
202100030455;147 337;7;0;2;4;15;1
202100030455;147 338;7;0;2;1;1;1
202100030456;147 334;7;0;2;1;1;1
202100030456;147 335;7;0;2;7;15;1
202100030457;147 331;7;0;2;1;23;1
202100030457;147 332;7;0;2;2;19;1
202100030457;147 333;7;0;2;1;1;1
202100030458;147 329;7;0;2;3;2;1
202100030458;147 330;2;0;2;1;5;1
202100030459;147 327;7;0;2;1;13;1
202100030459;147 328;7;0;2;1;1;1
202100030460;147 325;1;0;9;0;0;5
202100030460;147 326;1;0;9;0;0;5
202100030461;147 323;33;0;2;1;1;1
202100030461;147 324;21;0;2;3;15;1
202100030462;147 321;7;12;0;3;2;1
202100030462;147 322;7;12;0;3;2;1
202100030463;147 319;7;0;2;3;9;1
202100030463;147 320;30;0;2;1;1;1
202100030464;147 317;50;0;2;1;1;3
202100030464;147 318;7;0;9;7;1;1
202100030465;147 315;7;0;0;1;1;1
202100030465;147 316;7;0;2;1;1;1
202100030466;147 313;31;0;2;3;13;1
202100030466;147 314;10;0;2;3;1;1
202100030467;147 310;7;0;2;8;19;1
202100030467;147 311;7;0;2;1;23;1
202100030467;147 312;7;0;2;1;1;1
202100030468;147 308;7;0;9;1;2;1
202100030468;147 309;1;0;0;4;2;0
202100030469;147 307;33;0;0;0;1;1
202100030470;147 306;7;13;0;0;13;1
202100030471;147 303;15;0;2;1;1;1
202100030471;147 304;7;0;2;1;1;1
202100030471;147 305;7;0;2;2;9;1
202100030472;147 301;7;0;0;6;15;1
202100030472;147 302;33;0;2;1;1;1
202100030473;147 300;36;6;0;3;13;1
202100030474;147 299;7;1;0;7;12;1
202100030475;147 298;2;8;0;0;1;1
202100030476;147 296;7;8;2;2;1;2
202100030476;147 297;7;0;0;8;1;1
202100030477;147 293;33;0;2;1;0;1
202100030477;147 294;33;0;0;0;21;1
202100030477;147 295;33;0;0;8;0;1
202100030478;147 291;7;0;2;7;5;1
202100030478;147 292;7;0;2;2;1;1
202100030479;147 290;7;7;0;2;1;1
202100030480;147 288;80;0;2;1;25;3
202100030480;147 289;7;0;0;7;1;1
202100030481;147 287;7;13;0;1;17;1
202100030482;147 286;10;7;0;2;14;1
202100030483;147 285;13;12;9;7;26;1
202100030484;147 278;10;0;2;1;1;1
202100030484;147 279;15;0;2;1;1;1
202100030484;147 280;7;0;2;1;1;1
202100030484;147 281;7;0;2;1;1;1
202100030484;147 282;15;0;2;1;1;1
202100030484;147 283;7;0;2;7;1;1
202100030484;147 284;7;0;2;4;1;1
202100030485;147 276;33;0;2;1;17;1
202100030485;147 277;17;0;2;8;15;1
202100030486;147 275;2;12;0;0;1;1
202100030487;147 273;2;0;2;1;1;1
202100030487;147 274;10;0;2;5;20;1
202100030488;147 271;2;0;2;3;13;1
202100030488;147 272;33;0;2;3;2;1
202100030489;147 270;34;16;0;0;16;1
202100030490;147 269;1;0;0;9;15;5
202100030491;147 267;7;0;9;1;1;1
202100030491;147 268;1;0;0;0;1;0
202100030492;147 266;7;7;0;1;13;1
202100030493;147 264;7;0;2;8;1;1
202100030493;147 265;1;0;2;1;1;5
202100030494;147 263;7;8;0;1;1;1
202100030495;147 261;7;0;2;5;2;1
202100030495;147 262;1;0;2;3;2;5
202100030496;147 259;7;0;2;2;17;1
202100030496;147 260;50;0;2;8;15;3
202100030497;147 257;1;0;2;8;10;5
202100030497;147 258;7;0;2;1;17;1
202100030498;147 254;7;0;2;4;2;1
202100030498;147 255;7;0;2;6;2;1
202100030498;147 256;7;0;2;1;2;1
202100030499;147 251;10;0;2;1;1;1
202100030499;147 252;7;0;2;4;1;1
202100030499;147 253;7;0;2;4;1;1
202100030500;147 250;7;3;0;1;1;1
202100030501;147 248;7;0;2;1;2;1
202100030501;147 249;7;0;2;4;2;1
202100030502;147 246;7;0;2;4;0;1
202100030502;147 247;7;0;2;1;0;1
202100030503;147 244;33;4;2;3;18;1
202100030503;147 245;7;0;2;7;1;1
202100030504;147 241;7;0;2;1;2;1
202100030504;147 242;7;0;2;4;2;1
202100030504;147 243;7;0;2;4;2;1
202100030505;147 238;7;0;2;1;2;1
202100030505;147 239;7;0;2;4;2;1
202100030505;147 240;10;0;2;4;2;1
202100030506;147 236;7;0;2;7;12;1
202100030506;147 237;7;0;2;8;2;1
202100030507;147 232;10;0;0;0;2;1
202100030507;147 233;7;0;2;4;2;1
202100030507;147 234;7;0;2;4;2;1
202100030507;147 235;17;0;0;8;1;1
202100030508;147 230;7;0;2;1;2;1
202100030508;147 231;7;0;2;4;23;1
202100030509;147 228;34;0;2;1;3;1
202100030509;147 229;7;0;2;7;1;1
202100030510;147 226;7;0;2;6;1;1
202100030510;147 227;7;0;2;2;9;1
202100030511;147 224;43;4;2;1;2;1
202100030511;147 225;7;4;2;5;2;1
202100030512;147 222;7;0;2;1;2;1
202100030512;147 223;10;0;2;4;2;1
202100030513;147 220;7;0;2;6;11;1
202100030513;147 221;33;0;2;7;3;1
202100030514;147 218;33;0;2;1;26;1
202100030514;147 219;10;0;2;8;1;1
202100030515;147 216;7;0;2;7;12;1
202100030515;147 217;33;0;2;1;1;1
202100030516;147 212;10;0;2;1;1;1
202100030516;147 213;7;0;2;9;2;1
202100030516;147 214;7;0;2;9;2;1
202100030516;147 215;7;0;2;4;2;1
202100030517;147 210;7;0;0;0;14;1
202100030517;147 211;7;0;2;0;1;1
202100030518;147 208;2;0;1;1;1;1
202100030519;147 207;7;0;1;1;9;0
202100030520;147 206;20;0;1;8;26;1
202100030521;147 205;7;0;1;1;1;1
202100030522;147 204;0;0;1;0;0;0
202100030523;147 203;7;0;1;1;26;1
202100030524;147 201;32;0;2;1;1;1
202100030524;147 202;7;0;9;4;1;1
202100030525;147 199;7;0;2;7;19;1
202100030525;147 200;7;0;2;1;19;1
202100030526;147 197;7;0;2;8;15;1
202100030526;147 198;7;0;2;8;23;1
202100030527;147 195;32;0;;1;26;1
202100030527;147 196;7;0;0;4;1;0
202100030528;147 194;7;0;1;4;26;1
202100030529;147 192;33;0;2;7;7;1
202100030529;147 193;7;0;0;7;16;1
202100030530;147 190;7;0;2;4;1;1
202100030530;147 191;33;0;2;1;1;1
202100030531;147 188;7;0;2;6;1;1
202100030531;147 189;33;0;2;3;5;1
202100030532;147 183;7;0;2;1;1;1