Num_Acc;id_vehicule;categorie_vehicule;obstacle_fixe;obstacle_mobile;point_choc_initial;manoeuvre_principale;motorisation
202100030532;147 184;7;0;2;4;1;1
202100030532;147 185;7;0;2;4;23;1
202100030532;147 186;7;0;2;4;1;1
202100030532;147 187;7;0;2;4;1;1
202100030533;147 181;2;0;2;8;1;1
202100030533;147 182;7;0;9;3;9;1
202100030534;147 180;7;4;0;2;13;1
202100030535;147 179;33;0;2;7;21;1
202100030536;147 177;7;0;0;4;26;1
202100030536;147 178;15;0;0;0;1;1
202100030537;147 174;10;0;2;3;1;1
202100030537;147 175;7;0;2;0;1;1
202100030538;147 172;7;0;2;3;13;1
202100030538;147 173;7;0;2;3;1;1
202100030539;147 169;7;0;2;1;1;1
202100030539;147 170;7;0;2;4;1;1
202100030539;147 171;7;0;2;4;1;1
202100030540;147 167;10;0;2;7;15;1
202100030540;147 168;31;0;2;1;1;1
202100030541;147 166;17;0;0;0;1;1
202100030542;147 164;7;0;2;3;1;1
202100030542;147 165;7;0;2;3;13;1
202100030543;147 162;7;0;2;4;23;1
202100030543;147 163;3;0;2;1;2;1
202100030544;147 160;7;0;2;7;16;1
202100030544;147 161;33;0;2;8;18;1
202100030545;147 159;33;0;1;1;1;1
202100030546;147 157;60;0;2;1;26;5
202100030546;147 158;7;0;2;1;1;1
202100030547;147 155;3;0;2;4;23;1
202100030547;147 156;10;0;2;1;2;1
202100030548;147 153;2;0;2;1;2;1
202100030548;147 154;7;0;2;6;1;1
202100030549;147 151;7;0;2;1;17;1
202100030549;147 152;7;0;2;2;13;1
202100030550;147 150;7;0;2;3;1;1
202100030551;147 148;7;0;2;1;1;1
202100030551;147 149;7;0;2;8;26;1
202100030552;147 147;0;1;0;0;0;0
202100030553;147 145;1;0;2;1;19;5
202100030553;147 146;14;0;2;5;19;1
202100030554;147 144;7;1;0;1;2;1
202100030555;147 143;7;0;1;0;26;0
202100030556;147 141;7;0;2;6;19;1
202100030556;147 142;33;0;2;1;1;1
202100030557;147 140;7;0;1;6;20;1
202100030558;147 137;7;0;2;1;23;1
202100030558;147 138;7;0;2;1;1;1
202100030558;147 139;7;0;2;2;15;1
202100030559;147 135;7;0;9;3;15;1
202100030559;147 136;1;0;2;2;1;5
202100030560;147 130;7;0;1;1;16;1
202100030561;147 126;7;0;2;1;9;1
202100030561;147 127;7;0;2;9;2;1
202100030561;147 128;7;0;2;9;2;1
202100030561;147 129;7;0;2;4;2;1
202100030562;147 124;1;0;2;5;1;5
202100030562;147 125;7;0;2;3;9;1
202100030563;147 123;30;0;1;1;1;3
202100030564;147 122;31;0;0;5;1;1
202100030565;147 120;33;4;2;1;9;1
202100030565;147 121;10;0;2;3;1;1
202100030566;147 119;7;0;1;3;9;1
202100030567;147 117;7;0;2;0;7;1
202100030567;147 118;1;0;2;6;7;5
202100030568;147 115;7;0;2;2;1;1
202100030568;147 116;1;0;2;0;10;5
202100030569;147 113;60;0;2;7;2;5
202100030569;147 114;10;0;9;3;9;1
202100030570;147 111;7;0;2;3;9;2
202100030570;147 112;1;0;2;1;0;0
202100030571;147 107;7;12;2;1;13;3
202100030571;147 108;33;0;2;0;1;1
202100030571;147 109;7;0;2;7;1;1
202100030571;147 110;7;0;2;1;1;1
202100030572;147 105;50;0;2;1;19;3
202100030572;147 106;7;0;2;8;1;1
202100030573;147 102;7;6;0;1;26;1
202100030574;147 101;7;0;1;2;9;1
202100030575;147 100;7;15;1;1;14;1
202100030576;147 099;7;1;0;3;14;1
202100030577;147 097;7;0;2;1;15;1
202100030577;147 098;1;0;2;1;1;5
202100030578;147 096;7;9;9;1;9;1
202100030579;147 095;7;0;1;2;15;2
202100030580;147 094;7;0;1;3;15;1
202100030581;147 092;7;0;2;1;1;1
202100030581;147 093;7;0;2;3;1;1
202100030582;147 091;33;0;1;1;21;0
202100030583;147 089;7;0;2;0;0;0
202100030583;147 090;7;0;2;2;26;1
202100030584;147 087;33;0;2;1;1;1
202100030584;147 088;7;0;2;2;16;1
202100030585;147 085;7;0;2;1;1;1
202100030585;147 086;7;0;2;2;15;1
202100030586;147 084;30;1;0;1;21;1
202100030587;147 083;7;13;0;9;13;1
202100030588;147 080;7;0;2;2;3;1
202100030588;147 081;7;0;2;3;2;1
202100030589;147 075;7;0;2;8;13;1
202100030589;147 076;7;0;2;7;1;1
202100030589;147 077;7;0;9;0;1;1
202100030589;147 078;7;0;9;0;1;1
202100030589;147 079;10;0;9;0;0;1
202100030590;147 073;7;0;2;3;20;1
202100030590;147 074;33;0;2;7;1;1
202100030591;147 072;33;8;0;1;1;1
202100030592;147 070;33;0;2;1;17;1
202100030592;147 071;10;0;2;8;9;1
202100030593;147 068;7;0;2;1;1;1
202100030593;147 069;7;8;2;7;15;1
202100030594;147 066;50;0;2;4;2;3
202100030594;147 067;30;0;2;1;2;0
202100030595;147 064;1;0;2;4;2;5
202100030595;147 065;10;0;2;1;2;1
202100030596;147 063;7;1;0;3;15;1
202100030597;147 061;7;0;2;8;7;1
202100030597;147 062;7;0;2;0;16;1
202100030598;147 059;1;0;2;1;1;5
202100030598;147 060;10;0;2;7;16;1
202100030599;147 057;1;0;2;3;1;5
202100030599;147 058;30;0;2;0;15;0
202100030600;147 055;1;0;2;1;1;5
202100030600;147 056;7;0;2;1;9;1
202100030601;147 053;7;0;2;3;18;1
202100030601;147 054;7;0;2;5;1;1
202100030602;147 052;2;15;0;0;25;1
202100030603;147 051;33;0;1;1;0;1
202100030604;147 049;10;0;2;2;19;1
202100030604;147 050;37;0;2;3;1;1
202100030605;147 047;7;0;2;4;20;1
202100030605;147 048;37;0;2;1;1;1
202100030606;147 045;7;0;2;0;0;1
202100030606;147 046;7;0;2;1;2;1
202100030607;147 044;7;15;0;1;1;1
202100030608;147 042;7;0;2;2;1;1
202100030608;147 043;50;0;2;0;1;3
202100030609;147 040;7;0;2;2;19;1
202100030609;147 041;7;0;2;1;19;1
202100030610;147 038;7;0;2;4;23;1
202100030610;147 039;7;0;2;1;2;1
202100030611;147 037;7;0;1;6;26;1
202100030612;147 035;7;0;2;1;1;1
202100030612;147 036;2;0;2;1;13;1
202100030613;147 033;7;0;2;2;21;1
202100030613;147 034;2;0;2;4;25;1
202100030614;147 032;7;0;1;1;1;1
202100030615;147 030;7;0;1;1;1;1
202100030616;147 028;14;0;0;3;2;1
202100030616;147 029;7;0;2;0;2;1
202100030617;147 026;7;0;2;1;5;1
202100030617;147 027;7;0;2;1;1;1
202100030618;147 025;7;13;0;2;1;1
202100030619;147 022;7;0;9;1;1;1
202100030619;147 023;1;0;2;1;0;5
202100030619;147 024;1;0;2;7;0;5
202100030620;147 021;2;11;0;1;1;1
202100030621;147 020;7;0;1;1;15;1
202100030622;147 018;10;0;2;8;26;1
202100030622;147 019;1;1;0;7;14;0
202100030623;147 017;17;3;0;2;1;1
202100030624;147 016;7;4;0;1;1;1
202100030625;147 014;2;0;2;1;13;1
202100030625;147 015;7;0;2;3;1;1
202100030626;147 013;2;2;0;3;26;1
202100030627;147 012;21;2;0;1;1;1
202100030628;147 010;7;0;2;2;1;1
202100030628;147 011;7;0;2;1;13;1
202100030629;147 009;7;0;0;9;1;1
202100030630;147 007;7;0;2;1;0;1
202100030630;147 008;10;0;2;3;13;1
202100030631;147 005;31;0;2;7;1;1
202100030631;147 006;7;0;2;1;15;1
202100030632;147 004;7;16;0;0;1;1
202100030633;147 002;33;3;2;1;17;1
202100030633;147 003;7;0;2;3;15;1
202100030634;147 001;7;13;0;9;14;1
202100030635;147 000;7;0;1;3;26;1
202100030636;146 998;7;0;2;1;1;1
202100030636;146 999;7;0;2;5;15;1
202100030637;146 996;32;3;2;4;2;1
202100030637;146 997;7;0;2;3;2;1
202100030638;146 994;7;0;0;4;1;1
202100030638;146 995;33;0;2;1;2;1
202100030639;146 992;7;0;2;1;5;1
202100030639;146 993;7;0;2;1;1;1
202100030640;146 990;7;0;2;2;1;1
202100030640;146 991;33;0;2;1;5;1
202100030641;146 987;7;13;0;2;0;1
202100030642;146 986;1;0;0;0;0;5
202100030643;146 983;7;0;0;4;23;1
202100030643;146 984;7;0;2;1;2;1
202100030643;146 985;7;0;2;4;23;1
202100030644;146 981;7;0;2;7;1;1
202100030644;146 982;7;0;2;1;1;0
202100030645;146 979;7;0;2;9;2;1
202100030645;146 980;7;0;2;3;13;1
202100030646;146 978;7;9;1;1;0;1
202100030647;146 977;7;6;0;3;0;1
202100030648;146 975;13;0;2;3;2;1
202100030648;146 976;32;0;2;2;5;1
202100030649;146 973;10;0;2;1;17;1
202100030649;146 974;7;0;2;1;1;2
202100030650;146 972;7;0;1;1;1;1
202100030651;146 969;7;3;2;2;1;1
202100030651;146 970;7;0;2;5;11;1
202100030651;146 971;3;3;2;6;9;1
202100030652;146 966;33;3;0;4;23;1
202100030652;146 967;7;0;0;4;23;1
202100030652;146 968;37;1;0;1;2;1
202100030653;146 964;7;0;0;4;1;1
202100030653;146 965;30;0;0;1;1;6
202100030654;146 962;7;3;2;3;1;1
202100030654;146 963;7;3;2;2;0;1
202100030655;146 960;7;3;0;6;1;1
202100030655;146 961;7;0;2;2;2;1
202100030656;146 957;7;0;2;1;5;1
202100030656;146 958;7;0;2;2;1;2
202100030656;146 959;7;0;2;1;1;1
202100030657;146 955;10;0;2;2;12;1
202100030657;146 956;7;0;2;8;1;1
202100030658;146 953;13;0;2;5;17;0
202100030658;146 954;2;0;2;3;2;1
202100030659;146 951;2;0;2;0;0;1
202100030659;146 952;37;0;0;8;0;1
202100030660;146 950;2;15;0;2;1;1
202100030661;146 949;7;0;0;8;1;1
202100030662;146 947;32;0;2;1;2;1
202100030662;146 948;7;0;2;4;23;1
202100030663;146 945;17;0;2;5;17;1
202100030663;146 946;1;0;2;8;2;5
202100030664;146 943;7;0;2;3;1;1
202100030664;146 944;7;0;2;3;1;1
202100030665;146 941;33;0;2;1;1;1
202100030665;146 942;7;0;2;8;15;1
202100030666;146 940;33;0;0;9;0;1
202100030667;146 937;7;0;1;2;1;1
202100030668;146 935;7;0;2;7;17;1
202100030668;146 936;1;0;2;4;2;5
202100030669;146 933;7;0;2;4;2;1
202100030669;146 934;7;0;2;1;2;1
202100030670;146 932;7;13;0;1;13;1
202100030671;146 931;31;0;0;3;1;1
202100030672;146 930;32;0;0;0;1;1
202100030673;146 928;7;0;2;1;0;1
202100030673;146 929;10;0;2;6;1;1
202100030674;146 926;7;0;2;1;2;1
202100030674;146 927;7;0;2;4;2;1
202100030675;146 923;10;0;2;4;23;1
202100030675;146 924;7;0;2;4;23;1
202100030675;146 925;7;0;2;1;1;1
202100030676;146 921;7;0;2;4;2;1
202100030676;146 922;33;0;2;1;2;1
202100030677;146 920;7;4;0;1;26;1
202100030678;146 918;10;0;2;1;2;1
202100030678;146 919;7;0;2;4;2;1
202100030679;146 917;7;4;0;1;17;1
202100030680;146 915;7;0;2;9;1;1
202100030680;146 916;7;0;2;2;17;1
202100030681;146 913;7;3;2;7;13;1
202100030681;146 914;7;0;2;2;1;1
202100030682;146 911;7;4;2;1;1;1
202100030682;146 912;7;4;2;4;9;1
202100030683;146 908;15;0;2;1;1;1
202100030683;146 909;10;14;2;4;23;1
202100030683;146 910;10;0;2;4;23;1
202100030684;146 907;7;14;0;1;14;1
202100030685;146 906;7;14;0;9;26;1
202100030686;146 904;10;0;2;6;15;1
202100030686;146 905;2;0;2;1;17;1
202100030687;146 903;7;2;0;3;0;1
202100030688;146 902;2;0;0;8;1;1
202100030689;146 901;7;0;2;1;1;1
202100030690;146 900;7;0;1;3;15;1
202100030691;146 899;10;0;1;5;1;1
202100030692;146 898;7;0;1;2;1;1
202100030693;146 897;7;0;1;7;1;1
202100030694;146 895;2;0;2;8;1;1
202100030694;146 896;2;0;2;5;19;1
202100030695;146 893;33;0;2;8;17;1
202100030695;146 894;7;0;2;1;9;1
202100030696;146 891;7;0;2;2;10;1
202100030696;146 892;31;0;2;1;2;1
202100030697;146 889;50;0;2;1;19;3
202100030697;146 890;7;0;2;2;1;0
202100030698;146 887;7;0;2;2;1;1
202100030698;146 888;1;0;2;8;1;5
202100030699;146 886;7;0;1;1;1;1
202100030700;146 884;1;0;2;1;13;5
202100030700;146 885;10;0;9;3;18;1
202100030701;146 882;2;0;9;1;1;1
202100030701;146 883;21;0;2;8;1;1
202100030702;146 880;7;0;2;3;15;1
202100030702;146 881;7;0;2;2;17;1
202100030703;146 878;7;0;4;0;19;1
202100030703;146 879;39;0;2;1;1;0
202100030704;146 874;7;0;2;2;1;1
202100030704;146 875;7;0;2;6;1;1
202100030705;146 872;10;0;2;1;15;1
202100030705;146 873;10;0;2;1;1;1
202100030706;146 870;10;0;2;2;19;1
202100030706;146 871;33;0;2;1;19;1
202100030707;146 867;7;0;2;3;1;1
202100030707;146 868;7;0;2;3;1;1
202100030707;146 869;7;0;2;1;13;1
202100030708;146 866;33;8;0;1;13;1
202100030709;146 865;34;0;9;0;14;1
202100030710;146 863;30;0;2;1;1;1
202100030710;146 864;7;0;2;3;1;1
202100030711;146 861;30;0;2;8;10;1
202100030711;146 862;33;0;2;1;17;1
202100030712;146 859;7;0;2;1;1;1
202100030712;146 860;30;0;2;1;17;1
202100030713;146 858;31;0;0;2;21;1
202100030714;146 857;99;0;1;1;26;1
202100030715;146 854;7;0;2;4;1;1
202100030715;146 855;7;0;2;1;1;1
202100030716;146 853;7;0;1;3;1;1
202100030717;146 852;7;9;0;1;1;1
202100030718;146 850;7;0;2;3;1;1
202100030718;146 851;7;0;2;2;1;1
202100030719;146 849;1;0;1;1;26;5
202100030720;146 848;7;15;0;3;1;1
202100030721;146 846;33;0;2;8;15;1
202100030721;146 847;33;0;2;1;1;1
202100030722;146 844;31;0;2;8;1;1
202100030722;146 845;7;0;0;1;9;1
202100030723;146 842;7;0;2;1;1;2
202100030723;146 843;13;0;2;3;1;1
202100030724;146 840;7;0;2;0;15;1
202100030724;146 841;33;15;2;1;17;1
202100030725;146 839;7;0;1;3;1;1
202100030726;146 837;1;0;2;7;19;5
202100030726;146 838;10;0;9;7;19;1
202100030727;146 836;7;0;1;8;1;1
202100030728;146 834;7;0;2;4;15;1
202100030728;146 835;33;0;2;1;1;1
202100030729;146 832;7;0;2;7;16;1
202100030729;146 833;2;0;2;2;1;6
202100030730;146 830;7;0;2;1;1;1
202100030730;146 831;2;0;2;0;13;1
202100030731;146 828;10;0;2;5;9;1
202100030731;146 829;33;0;2;1;1;1
202100030732;146 827;30;0;0;0;0;1
202100030733;146 826;31;0;0;0;0;1
202100030734;146 824;2;0;2;1;1;1
202100030734;146 825;7;0;2;8;15;1
202100030735;146 822;7;0;2;3;15;2
202100030735;146 823;1;0;2;1;1;5
202100030736;146 820;7;0;2;2;1;1
202100030736;146 821;7;0;2;3;1;1
202100030737;146 818;33;0;2;1;1;1
202100030737;146 819;7;0;2;4;13;0
202100030738;146 816;7;0;2;5;2;1
202100030738;146 817;7;0;2;1;2;1
202100030739;146 814;7;0;2;1;2;1
202100030739;146 815;50;0;2;3;19;3
202100030740;146 812;7;0;2;1;1;1
202100030740;146 813;1;0;2;8;1;5
202100030741;146 810;0;0;2;1;13;0
202100030741;146 811;30;0;2;7;1;1
202100030742;146 808;7;0;2;3;15;1
202100030742;146 809;34;0;2;1;5;1
202100030743;146 806;7;0;2;4;23;1
202100030743;146 807;7;0;2;1;1;1
202100030744;146 805;7;0;1;1;1;1
202100030745;146 803;7;0;1;2;2;1
202100030745;146 804;7;0;1;8;23;1
202100030746;146 800;7;0;2;1;26;1
202100030746;146 801;7;0;2;4;0;1
202100030746;146 802;7;0;2;4;9;1
202100030747;146 799;32;9;0;1;25;1
202100030748;146 796;10;0;2;3;0;1
202100030748;146 797;7;0;2;1;26;1
202100030748;146 798;7;0;2;4;1;1
202100030749;146 793;7;0;2;0;1;1
202100030749;146 794;50;0;2;0;0;3
202100030749;146 795;7;0;2;0;0;1
202100030750;146 791;1;0;2;1;1;5
202100030750;146 792;7;0;2;2;15;1
202100030751;146 789;7;0;2;4;0;1
202100030751;146 790;10;0;2;1;21;1
202100030752;146 787;7;0;2;7;15;2
202100030752;146 788;1;0;2;1;1;5
202100030753;146 785;10;0;2;6;1;1
202100030753;146 786;33;0;2;1;17;1
202100030754;146 783;33;0;2;1;1;1
202100030754;146 784;7;0;2;5;14;1
202100030755;146 782;7;4;0;1;1;1
202100030756;146 781;7;4;0;1;1;1
202100030757;146 780;33;0;1;1;1;1
202100030758;146 779;7;4;0;2;1;1
202100030759;146 777;7;0;2;1;2;1
202100030759;146 778;7;0;2;4;2;1
202100030760;146 776;7;0;1;2;16;1
202100030761;146 775;60;0;0;0;16;5
202100030762;146 773;7;12;0;5;1;1
202100030762;146 774;7;4;0;1;0;1
202100030763;146 771;7;0;2;7;9;0
202100030763;146 772;7;0;2;1;1;0
202100030764;146 770;10;0;1;1;1;1
202100030765;146 769;7;0;1;1;15;1
202100030766;146 767;1;0;2;1;1;5
202100030766;146 768;7;0;2;2;16;1
202100030767;146 764;7;0;2;1;15;1
202100030767;146 765;7;0;2;4;1;1
202100030767;146 766;7;0;2;3;23;1
202100030768;146 763;7;0;1;2;1;1
202100030769;146 762;7;14;0;1;1;0
202100030770;146 761;30;0;1;3;26;1
202100030771;146 758;7;0;9;3;1;1
202100030771;146 759;36;1;2;1;14;1
202100030771;146 760;7;1;0;6;0;1
202100030772;146 756;7;0;2;2;1;1
202100030772;146 757;7;0;2;3;15;1
202100030773;146 754;7;0;2;8;1;1
202100030773;146 755;30;1;2;8;1;1
202100030774;146 752;30;0;2;7;17;1
202100030774;146 753;7;0;2;1;9;1
202100030775;146 751;30;0;1;1;13;1
202100030776;146 750;43;0;2;8;3;1
202100030777;146 749;7;6;0;3;14;1
202100030778;146 747;30;0;2;1;15;6
202100030778;146 748;7;0;2;2;15;1
202100030779;146 745;10;0;2;7;15;1
202100030779;146 746;7;0;2;1;1;1
202100030780;146 744;7;0;1;1;1;1
202100030781;146 742;31;0;2;1;1;1
202100030781;146 743;7;0;2;7;15;1
202100030782;146 741;7;0;1;1;9;1
202100030783;146 739;50;0;2;1;1;3
202100030783;146 740;10;0;9;3;26;1
202100030784;146 735;13;0;2;4;23;6
202100030784;146 736;7;0;2;4;23;2
202100030784;146 737;7;0;2;1;1;1
202100030784;146 738;7;1;2;4;23;1
202100030785;146 734;7;12;0;2;14;1
202100030786;146 733;7;0;0;9;1;1
202100030787;146 732;7;0;1;1;9;1
202100030788;146 730;7;0;2;1;26;1
202100030788;146 731;7;0;2;7;26;1
202100030789;146 728;34;0;2;7;1;1
202100030789;146 729;7;0;2;3;16;1
202100030790;146 726;7;0;1;1;1;1
202100030791;146 725;30;0;1;1;26;1
202100030792;146 723;7;0;2;1;16;1
202100030792;146 724;33;0;2;7;1;1
202100030793;146 721;30;0;2;1;1;3
202100030793;146 722;7;0;2;3;15;0
202100030794;146 719;7;0;2;2;1;1
202100030794;146 720;1;0;2;1;0;5
202100030795;146 717;7;0;2;1;9;1
202100030795;146 718;10;2;2;7;1;1
202100030796;146 715;1;0;2;1;1;5
202100030796;146 716;7;0;2;6;1;1
202100030797;146 714;10;0;1;2;15;1
202100030798;146 712;7;0;2;8;1;1
202100030798;146 713;10;0;2;1;15;1
202100030799;146 710;50;0;9;1;25;3
202100030799;146 711;50;0;9;1;25;3
202100030800;146 708;30;0;2;3;1;1
202100030800;146 709;15;0;2;5;12;1
202100030801;146 707;7;0;1;2;15;0
202100030802;146 706;50;0;0;0;1;3
202100030803;146 705;7;3;0;1;1;1
202100030804;146 702;7;0;2;4;1;1
202100030804;146 703;10;0;2;4;2;1
202100030804;146 704;10;0;2;1;2;1
202100030805;146 700;7;0;2;1;1;1
202100030805;146 701;7;0;2;8;19;1
202100030806;146 698;7;0;2;1;1;1
202100030806;146 699;7;0;2;8;10;1
202100030807;146 696;7;0;2;4;1;1
202100030807;146 697;7;0;2;1;2;1
202100030808;146 695;7;0;1;3;15;1
202100030809;146 694;30;0;1;1;1;1
202100030810;146 692;7;0;2;3;9;1
202100030810;146 693;1;0;2;1;9;5
202100030811;146 690;3;8;2;1;1;1
202100030811;146 691;2;8;2;1;16;1
202100030812;146 689;7;14;1;2;23;1
202100030813;146 687;32;0;2;4;2;1
202100030813;146 688;7;0;2;2;2;1
202100030814;146 685;10;0;2;1;19;1
202100030814;146 686;30;0;2;7;14;1
202100030815;146 684;7;0;1;2;2;1
202100030816;146 683;7;0;1;1;1;1
202100030817;146 680;32;0;2;4;15;1
202100030817;146 681;7;0;2;3;1;1
202100030817;146 682;7;0;2;1;1;1
202100030818;146 679;7;0;1;1;1;1
202100030819;146 678;36;0;0;1;1;1
202100030820;146 676;10;0;2;0;15;1
202100030820;146 677;7;0;2;2;17;1
202100030821;146 673;7;0;2;4;2;1
202100030821;146 674;7;0;2;4;2;1
202100030821;146 675;10;0;2;1;2;1
202100030822;146 672;10;0;1;2;1;1
202100030823;146 670;1;0;2;8;1;5
202100030823;146 671;7;0;2;1;9;1
202100030824;146 667;7;0;2;2;1;1
202100030824;146 668;7;0;2;1;9;1
202100030825;146 664;7;0;2;1;13;1
202100030826;146 663;32;15;0;1;1;1
202100030827;146 661;50;0;2;1;5;3
202100030827;146 662;7;0;2;3;15;1
202100030828;146 659;7;0;2;1;15;1
202100030828;146 660;33;0;2;1;17;1
202100030829;146 657;7;0;2;2;2;1
202100030829;146 658;7;0;2;6;2;1
202100030830;146 654;7;0;2;1;2;1
202100030830;146 655;7;0;2;4;23;1
202100030830;146 656;7;0;2;4;2;1
202100030831;146 651;7;0;2;1;2;1
202100030831;146 652;10;0;2;1;2;1
202100030831;146 653;7;0;2;1;2;1
202100030832;146 650;7;0;1;7;1;1
202100030833;146 649;7;6;0;3;1;1
202100030834;146 648;7;0;1;3;26;1
202100030835;146 647;7;6;0;1;14;1
202100030836;146 645;7;0;2;5;15;1
202100030836;146 646;33;0;2;1;1;1
202100030837;146 643;7;0;2;2;1;1
202100030837;146 644;33;0;2;3;18;1
202100030838;146 641;7;0;2;1;1;1
202100030838;146 642;30;0;2;1;1;1
202100030839;146 638;7;0;2;1;17;1
202100030839;146 639;7;0;2;4;23;1
202100030839;146 640;7;0;2;1;15;1
202100030840;146 637;30;1;0;1;14;1
202100030841;146 635;7;0;2;1;1;1
202100030841;146 636;7;0;2;3;19;1
202100030842;146 634;7;1;0;1;6;1
202100030843;146 632;7;0;2;1;1;1
202100030843;146 633;7;0;2;8;1;1
202100030844;146 630;7;0;2;3;15;1
202100030844;146 631;50;0;2;1;16;3
202100030845;146 628;7;0;2;1;1;1
202100030845;146 629;7;0;2;2;15;1
202100030846;146 627;7;0;1;4;26;1
202100030847;146 626;7;13;5;3;21;1
202100030848;146 623;7;0;;2;1;1
202100030848;146 624;30;0;2;1;1;1
202100030849;146 620;7;0;2;3;13;2
202100030849;146 621;7;0;2;6;0;1
202100030849;146 622;7;0;2;1;23;2
202100030850;146 618;2;0;2;0;0;0
202100030850;146 619;7;0;2;3;15;1
202100030851;146 616;7;0;2;1;17;0
202100030851;146 617;7;15;2;3;15;1
202100030852;146 614;7;0;2;3;15;1
202100030852;146 615;7;0;2;2;1;2
202100030853;146 611;10;0;2;3;11;1
202100030853;146 612;10;0;2;5;1;1
202100030853;146 613;33;0;2;2;3;1
202100030854;146 609;7;0;2;3;1;1
202100030854;146 610;1;0;2;2;19;5
202100030855;146 607;7;0;2;2;1;1
202100030855;146 608;10;0;2;2;1;1
202100030856;146 605;30;0;2;1;17;1
202100030856;146 606;1;0;2;6;10;5
202100030857;146 604;7;0;2;2;17;2
202100030858;146 603;80;0;1;1;1;3
202100030859;146 601;7;0;2;4;20;1
202100030859;146 602;1;0;2;1;2;5
202100030860;146 600;7;1;1;2;16;1
202100030861;146 598;32;0;2;1;1;3
202100030861;146 599;7;0;2;5;1;1
202100030862;146 595;30;0;2;1;2;1
202100030862;146 596;7;0;2;1;2;1
202100030862;146 597;7;0;2;4;23;1
202100030863;146 593;32;0;2;1;1;1
202100030863;146 594;7;0;2;7;1;1
202100030864;146 592;50;12;0;0;14;3
202100030865;146 590;2;0;2;0;0;1
202100030865;146 591;7;8;2;2;16;1
202100030866;146 586;7;0;2;3;15;1
202100030866;146 587;50;0;2;3;19;3
202100030867;146 585;7;0;1;7;1;1
202100030868;146 583;99;0;2;1;23;0
202100030868;146 584;1;0;0;0;0;0
202100030869;146 581;7;0;2;1;1;1
202100030869;146 582;7;7;0;4;23;0
202100030870;146 580;7;1;0;1;1;1
202100030871;146 578;30;0;2;1;1;1
202100030871;146 579;7;0;2;2;15;1
202100030872;146 576;37;0;2;2;16;1
202100030872;146 577;1;0;2;0;0;5
202100030873;146 574;1;0;2;3;9;0
202100030873;146 575;7;0;2;2;1;1
202100030874;146 572;7;0;2;2;1;1
202100030874;146 573;1;0;2;5;1;5
202100030875;146 570;2;0;2;0;5;1
202100030875;146 571;7;0;9;3;1;1
202100030876;146 568;10;8;2;3;1;1
202100030876;146 569;33;0;2;1;1;1
202100030877;146 567;7;15;0;9;17;1
202100030878;146 565;7;0;0;3;15;1
202100030878;146 566;33;0;2;1;1;1
202100030879;146 564;33;5;0;2;1;1
202100030880;146 563;1;0;0;0;1;5
202100030881;146 562;7;0;0;0;1;1
202100030882;146 560;33;0;2;1;1;1
202100030882;146 561;33;0;2;1;17;1
202100030883;146 558;7;0;2;4;1;1
202100030883;146 559;7;0;2;1;17;1
202100030884;146 556;1;0;2;7;15;5
202100030884;146 557;7;0;9;3;1;1
202100030885;146 555;36;0;0;9;16;1
202100030886;146 554;50;0;0;0;1;3
202100030887;146 551;7;0;2;0;1;1
202100030887;146 552;10;0;2;0;1;1
202100030887;146 553;7;0;2;0;1;1
202100030888;146 547;7;6;0;1;13;1
202100030889;146 545;7;0;2;2;17;1
202100030889;146 546;7;0;2;3;15;1
202100030890;146 543;7;0;2;3;1;1
202100030890;146 544;10;0;2;3;13;1
202100030891;146 541;7;0;2;3;1;1
202100030891;146 542;7;0;2;3;13;1
202100030892;146 540;7;8;0;1;1;1
202100030893;146 538;7;0;2;1;1;1
202100030893;146 539;31;0;2;1;1;1
202100030894;146 536;30;0;2;1;17;1
202100030894;146 537;7;0;0;8;15;1
202100030895;146 534;7;0;2;1;1;1
202100030895;146 535;7;0;2;1;1;1
202100030896;146 533;7;13;0;1;13;1
202100030897;146 532;33;0;0;7;1;1
202100030898;146 531;1;0;1;3;1;5
202100030899;146 529;7;0;2;1;2;1
202100030899;146 530;7;0;2;4;2;1
202100030900;146 528;7;7;0;1;1;1
202100030901;146 526;7;0;0;3;1;1
202100030901;146 527;7;0;2;3;13;1
202100030902;146 525;7;13;0;2;1;1
202100030903;146 522;33;0;2;1;13;1
202100030903;146 523;7;0;2;3;1;1
202100030903;146 524;7;0;2;3;1;1
202100030904;146 520;7;0;2;2;1;1
202100030904;146 521;1;0;2;3;19;6
202100030905;146 518;7;0;2;1;13;1
202100030905;146 519;7;0;2;1;1;1
202100030906;146 517;7;2;0;1;16;1
202100030907;146 515;10;0;0;1;0;1
202100030908;146 513;7;0;2;2;0;1
202100030908;146 514;1;0;0;4;0;5
202100030909;146 511;7;0;2;3;1;2
202100030909;146 512;7;0;2;3;13;1
202100030910;146 507;7;0;2;3;1;1
202100030910;146 508;17;0;2;8;1;1
202100030910;146 509;7;0;2;1;5;1
202100030910;146 510;7;0;2;1;1;1
202100030911;146 506;7;3;0;1;14;1
202100030912;146 505;7;0;1;2;0;1
202100030913;146 504;30;0;0;7;1;1
202100030914;146 502;7;0;0;2;13;1
202100030915;146 501;36;0;1;1;1;1
202100030916;146 498;7;0;2;3;9;1
202100030916;146 499;7;0;2;3;0;1
202100030916;146 500;7;0;2;3;1;1
202100030917;146 496;7;0;2;1;21;1
202100030917;146 497;7;0;2;6;15;1
202100030918;146 494;7;7;2;1;21;1
202100030918;146 495;7;0;2;1;1;1
202100030919;146 493;2;12;0;8;13;1
202100030920;146 491;33;0;2;1;1;1
202100030920;146 492;7;0;2;5;15;1
202100030921;146 489;7;0;2;3;0;1
202100030921;146 490;2;0;0;3;1;1
202100030922;146 487;33;0;2;1;1;1
202100030922;146 488;33;0;2;3;13;1
202100030923;146 486;7;0;1;2;1;1