Num_Acc;id_vehicule;categorie_vehicule;obstacle_fixe;obstacle_mobile;point_choc_initial;manoeuvre_principale;motorisation
202100030924;146 485;7;13;0;8;14;1
202100030925;146 483;2;0;2;1;5;1
202100030925;146 484;7;0;2;1;1;1
202100030926;146 481;7;0;2;1;2;1
202100030926;146 482;7;13;2;2;2;1
202100030927;146 480;7;4;0;3;0;1
202100030928;146 478;7;0;2;3;5;1
202100030928;146 479;32;0;2;1;1;1
202100030929;146 476;7;0;2;1;0;1
202100030929;146 477;7;0;2;1;0;0
202100030930;146 474;7;0;2;3;15;1
202100030930;146 475;31;0;2;1;1;1
202100030931;146 471;10;0;0;5;23;1
202100030931;146 472;7;1;2;1;21;1
202100030931;146 473;7;0;2;1;1;1
202100030932;146 469;7;8;2;2;17;1
202100030932;146 470;1;0;2;8;15;5
202100030933;146 467;7;3;2;3;0;1
202100030933;146 468;7;0;0;3;0;1
202100030934;146 464;7;0;2;3;17;1
202100030934;146 465;17;0;2;2;17;1
202100030934;146 466;7;4;2;9;1;1
202100030935;146 463;7;8;0;1;1;1
202100030936;146 461;7;0;2;3;13;1
202100030936;146 462;7;0;2;6;1;1
202100030937;146 455;7;0;2;3;17;1
202100030937;146 456;7;0;0;6;11;1
202100030937;146 457;7;0;0;3;1;1
202100030937;146 458;7;0;0;1;0;1
202100030937;146 459;13;0;0;6;2;6
202100030937;146 460;7;0;9;1;0;1
202100030938;146 454;7;0;1;2;1;1
202100030939;146 450;1;0;2;0;1;5
202100030939;146 451;1;0;0;0;2;5
202100030939;146 452;1;0;0;0;2;5
202100030939;146 453;1;0;2;3;1;5
202100030940;146 448;1;0;2;8;2;5
202100030940;146 449;7;0;9;2;2;1
202100030941;146 447;7;8;0;1;1;1
202100030942;146 446;2;0;1;1;1;1
202100030943;146 445;7;0;1;1;1;1
202100030944;146 443;1;0;2;2;15;5
202100030944;146 444;7;0;2;6;9;1
202100030945;146 441;7;9;2;2;15;1
202100030945;146 442;7;7;2;3;1;1
202100030946;146 439;7;0;2;3;19;1
202100030946;146 440;7;0;2;1;1;1
202100030947;146 438;7;2;0;3;16;1
202100030948;146 437;7;6;0;1;1;1
202100030949;146 435;50;0;0;1;2;3
202100030949;146 436;7;0;2;2;2;1
202100030950;146 433;2;0;2;1;5;1
202100030950;146 434;7;0;2;1;1;1
202100030951;146 431;7;0;2;3;13;1
202100030951;146 432;7;0;2;3;1;1
202100030952;146 430;7;4;0;9;2;1
202100030953;146 428;14;0;2;2;9;1
202100030953;146 429;7;0;2;6;1;1
202100030954;146 426;10;0;2;1;2;1
202100030954;146 427;7;0;2;4;2;1
202100030955;146 422;7;0;0;5;2;1
202100030955;146 423;7;0;0;7;2;1
202100030955;146 424;7;0;0;4;1;2
202100030955;146 425;7;0;2;3;14;1
202100030956;146 419;33;0;2;1;3;1
202100030956;146 420;7;0;2;4;12;1
202100030956;146 421;7;0;2;4;1;1
202100030957;146 417;7;0;2;4;1;1
202100030957;146 418;7;0;2;1;12;1
202100030958;146 416;7;4;0;1;1;1
202100030959;146 414;7;0;2;1;1;1
202100030959;146 415;7;0;0;4;2;1
202100030960;146 413;33;0;2;1;2;1
202100030961;146 412;7;4;0;9;0;1
202100030962;146 411;7;4;0;8;2;1
202100030963;146 408;7;0;2;6;1;1
202100030963;146 409;7;0;2;4;1;1
202100030963;146 410;33;0;2;1;3;1
202100030964;146 406;7;0;2;4;1;1
202100030964;146 407;7;0;2;4;1;1
202100030965;146 402;7;0;2;3;9;1
202100030965;146 403;7;0;2;4;1;1
202100030965;146 404;7;0;2;1;1;1
202100030965;146 405;15;0;2;8;1;1
202100030966;146 399;10;0;2;4;2;1
202100030966;146 400;7;0;2;3;2;1
202100030966;146 401;7;0;2;3;2;1
202100030967;146 395;7;0;2;4;2;1
202100030967;146 396;7;0;2;4;2;1
202100030967;146 397;10;0;2;1;2;0
202100030967;146 398;7;0;2;4;2;1
202100030968;146 393;7;0;2;4;2;1
202100030968;146 394;7;0;2;1;2;1
202100030969;146 392;7;4;0;3;1;1
202100030970;146 390;7;0;2;1;2;1
202100030970;146 391;7;0;2;4;2;1
202100030971;146 388;10;0;2;1;1;1
202100030971;146 389;7;0;2;4;2;1
202100030972;146 385;7;3;2;7;26;1
202100030972;146 386;10;0;2;3;0;1
202100030972;146 387;10;0;2;0;0;0
202100030973;146 384;7;3;0;4;14;1
202100030974;146 382;7;0;2;1;1;1
202100030974;146 383;7;0;0;4;2;1
202100030975;146 379;7;0;2;1;2;1
202100030975;146 380;7;0;2;4;0;1
202100030975;146 381;7;0;2;4;2;1
202100030976;146 377;7;0;2;1;2;1
202100030976;146 378;7;0;2;0;2;1
202100030977;146 375;7;0;2;7;12;1
202100030977;146 376;33;0;2;3;0;1
202100030978;146 374;;0;0;0;1;0
202100030979;146 368;7;0;2;6;24;1
202100030979;146 369;7;0;2;8;24;1
202100030979;146 370;7;0;2;1;17;1
202100030979;146 371;7;0;2;1;20;1
202100030980;146 366;7;0;2;6;1;1
202100030980;146 367;7;0;2;2;15;1
202100030981;146 364;7;0;2;5;15;1
202100030981;146 365;33;0;2;1;1;1
202100030982;146 362;30;0;2;1;2;1
202100030982;146 363;7;0;2;4;2;1
202100030983;146 361;7;0;1;1;15;1
202100030984;146 360;7;9;0;1;15;1
202100030985;146 357;33;0;1;1;17;1
202100030986;146 345;7;0;2;3;0;1
202100030986;146 346;7;0;2;1;13;1
202100030987;146 343;7;0;2;1;1;1
202100030987;146 344;7;0;2;7;15;1
202100030988;146 341;7;0;2;3;0;1
202100030988;146 342;10;0;2;3;13;0
202100030989;146 340;2;0;0;0;26;1
202100030990;146 338;99;0;2;8;1;1
202100030990;146 339;7;0;2;1;9;1
202100030991;146 337;34;8;0;1;1;1
202100030992;146 335;7;0;0;0;0;1
202100030992;146 336;1;0;0;0;0;5
202100030993;146 333;7;0;2;8;9;1
202100030993;146 334;30;0;2;9;1;1
202100030994;146 331;33;0;2;1;26;1
202100030994;146 332;7;0;2;4;21;
202100030995;146 330;7;1;0;1;1;1
202100030996;146 328;7;0;2;2;13;1
202100030996;146 329;7;0;2;2;21;1
202100030997;146 326;7;0;2;1;1;1
202100030997;146 327;10;0;2;2;1;1
202100030998;146 324;7;0;2;4;23;1
202100030998;146 325;7;0;2;1;2;1
202100030999;146 322;7;0;2;2;1;1
202100030999;146 323;7;0;2;3;11;1
202100031000;146 321;7;0;1;3;1;1
202100031001;146 320;10;0;1;3;15;1
202100031002;146 319;7;6;0;2;15;1
202100031003;146 318;7;0;1;3;1;1
202100031004;146 316;33;0;2;1;2;1
202100031004;146 317;7;0;2;3;15;1
202100031005;146 314;10;0;2;1;2;1
202100031005;146 315;7;0;2;4;2;1
202100031006;146 312;1;0;2;0;19;5
202100031006;146 313;33;0;2;1;1;1
202100031007;146 310;1;0;2;7;1;5
202100031007;146 311;7;0;2;1;9;1
202100031008;146 308;7;0;2;3;15;1
202100031008;146 309;7;0;2;8;0;1
202100031009;146 305;7;0;2;2;17;2
202100031009;146 306;7;0;2;6;2;0
202100031009;146 307;7;0;2;1;0;0
202100031010;146 304;7;0;1;4;20;1
202100031011;146 302;1;12;2;4;19;5
202100031011;146 303;10;12;9;2;16;1
202100031012;146 301;7;1;0;2;1;1
202100031013;146 299;7;0;2;6;20;1
202100031013;146 300;1;0;2;1;1;5
202100031014;146 297;30;0;2;2;1;1
202100031014;146 298;7;0;2;1;13;0
202100031015;146 296;10;2;0;3;1;1
202100031016;146 295;7;1;0;2;14;1
202100031017;146 293;7;0;2;1;1;1
202100031017;146 294;7;0;2;3;15;1
202100031018;146 291;50;0;0;0;0;3
202100031018;146 292;7;0;2;3;9;1
202100031019;146 290;7;0;1;1;1;1
202100031020;146 289;7;0;1;1;1;1
202100031021;146 288;34;8;0;1;2;1
202100031022;146 286;7;0;2;1;1;1
202100031022;146 287;7;0;2;1;0;1
202100031023;146 285;7;13;0;1;14;1
202100031024;146 284;1;0;0;7;1;5
202100031025;146 282;7;0;2;7;1;1
202100031025;146 283;7;0;2;1;15;1
202100031026;146 280;7;0;2;3;1;2
202100031026;146 281;7;0;2;4;2;0
202100031027;146 278;1;0;2;1;1;5
202100031027;146 279;7;0;2;8;16;1
202100031028;146 276;1;1;0;1;1;5
202100031028;146 277;7;0;2;8;20;1
202100031029;146 275;32;12;0;1;26;1
202100031030;146 273;32;0;2;2;2;1
202100031030;146 274;7;0;2;4;2;1
202100031031;146 271;30;0;2;1;1;1
202100031031;146 272;7;0;2;4;1;1
202100031032;146 269;30;0;2;4;1;1
202100031032;146 270;30;0;2;1;1;1
202100031033;146 268;2;0;0;8;17;1
202100031034;146 266;7;0;2;6;15;1
202100031034;146 267;30;0;2;7;17;1
202100031035;146 264;30;0;2;1;19;1
202100031035;146 265;7;0;2;3;1;1
202100031036;146 263;30;0;1;1;1;1
202100031037;146 261;30;0;2;1;1;1
202100031037;146 262;7;0;2;8;1;1
202100031038;146 260;7;0;1;2;1;1
202100031039;146 259;10;0;1;4;20;1
202100031040;146 257;30;0;2;1;1;1
202100031040;146 258;33;0;9;7;1;1
202100031041;146 255;33;0;2;1;2;1
202100031041;146 256;7;0;2;4;2;1
202100031042;146 253;7;0;2;1;19;1
202100031042;146 254;7;0;2;7;19;1
202100031043;146 251;7;0;2;1;26;1
202100031043;146 252;7;0;2;4;2;1
202100031044;146 249;33;0;2;8;19;1
202100031044;146 250;7;0;2;8;19;1
202100031045;146 248;33;2;0;1;16;1
202100031046;146 246;31;0;2;0;0;1
202100031046;146 247;31;0;2;0;0;1
202100031047;146 245;7;0;1;1;9;1
202100031048;146 243;7;0;2;0;0;1
202100031048;146 244;7;0;2;1;16;1
202100031049;146 241;10;0;2;2;5;0
202100031049;146 242;33;0;2;1;1;1
202100031050;146 239;7;0;2;7;15;1
202100031050;146 240;7;0;2;1;26;1
202100031051;146 236;30;0;2;8;1;1
202100031051;146 237;7;0;2;1;26;1
202100031051;146 238;7;0;0;0;0;0
202100031052;146 234;7;0;2;1;17;1
202100031052;146 235;7;0;2;8;15;1
202100031053;146 233;7;0;1;1;15;1
202100031054;146 232;7;6;0;1;1;1
202100031055;146 230;13;0;2;4;26;0
202100031055;146 231;1;0;0;0;0;5
202100031056;146 228;30;0;2;1;1;1
202100031056;146 229;7;0;2;7;1;1
202100031057;146 226;50;0;2;0;15;3
202100031057;146 227;7;0;2;0;15;1
202100031058;146 224;1;0;2;7;1;5
202100031058;146 225;1;0;2;1;1;5
202100031059;146 223;7;0;1;3;1;1
202100031060;146 221;7;0;2;1;2;1
202100031060;146 222;7;0;2;4;1;1
202100031061;146 219;7;0;2;3;1;1
202100031061;146 220;7;0;2;1;1;1
202100031062;146 218;7;0;1;3;9;1
202100031063;146 216;7;0;2;3;1;1
202100031063;146 217;7;0;2;3;13;1
202100031064;146 215;7;0;1;2;17;1
202100031065;146 214;7;6;0;1;26;1
202100031066;146 212;10;0;9;4;0;1
202100031066;146 213;30;0;2;2;17;1
202100031067;146 211;7;0;1;1;0;1
202100031068;146 208;7;0;2;3;1;1
202100031068;146 209;1;0;2;7;1;5
202100031069;146 207;10;0;1;2;25;1
202100031070;146 205;10;0;2;2;15;1
202100031070;146 206;7;0;2;7;2;1
202100031071;146 203;7;0;2;6;9;1
202100031071;146 204;1;0;2;1;1;5
202100031072;146 201;1;0;2;0;0;0
202100031072;146 202;7;0;2;1;2;1
202100031073;146 199;7;0;2;5;23;1
202100031073;146 200;2;0;2;5;1;1
202100031074;146 197;7;0;2;5;4;1
202100031074;146 198;2;0;2;2;1;1
202100031075;146 195;31;0;2;1;1;1
202100031075;146 196;7;0;2;2;9;1
202100031076;146 193;2;0;2;7;1;1
202100031076;146 194;7;0;2;1;15;1
202100031077;146 192;30;0;0;8;1;1
202100031078;146 190;7;0;2;2;9;1
202100031078;146 191;1;0;2;0;2;5
202100031079;146 189;1;0;0;0;2;5
202100031080;146 188;7;12;0;1;19;1
202100031081;146 186;7;0;2;3;26;2
202100031081;146 187;7;0;2;2;26;1
202100031082;146 184;33;0;2;1;26;1
202100031082;146 185;7;0;2;4;26;1
202100031083;146 183;7;0;1;1;1;1
202100031084;146 182;7;1;0;1;26;1
202100031085;146 180;7;0;2;3;26;1
202100031085;146 181;7;0;2;3;26;1
202100031086;146 177;7;0;2;3;26;1
202100031086;146 178;1;0;2;0;0;5
202100031086;146 179;7;0;2;0;26;1
202100031087;146 176;7;3;0;0;21;1
202100031088;146 174;10;0;2;3;19;1
202100031088;146 175;2;0;2;9;1;1
202100031089;146 172;7;0;2;2;12;1
202100031089;146 173;7;0;2;3;15;1
202100031090;146 170;7;0;2;1;1;1
202100031090;146 171;7;0;2;1;6;1
202100031091;146 168;17;0;2;4;2;1
202100031091;146 169;7;0;2;1;2;1
202100031092;146 166;7;0;0;0;10;1
202100031092;146 167;33;0;2;3;17;1
202100031093;146 165;30;12;0;7;1;1
202100031094;146 163;7;0;2;3;1;1
202100031094;146 164;7;0;2;3;13;1
202100031095;146 162;33;0;0;0;1;1
202100031096;146 158;7;0;2;1;2;1
202100031096;146 159;7;0;2;4;23;1
202100031097;146 154;7;1;0;2;14;1
202100031098;146 152;50;0;2;7;16;3
202100031098;146 153;7;0;2;1;1;1
202100031099;146 151;7;0;1;2;1;1
202100031100;146 150;7;0;1;3;1;1
202100031101;146 149;1;12;0;7;16;5
202100031102;146 147;7;0;2;3;9;1
202100031102;146 148;7;0;2;2;1;1
202100031103;146 146;10;0;0;0;1;1
202100031104;146 144;7;0;2;8;15;1
202100031104;146 145;7;0;2;1;17;1
202100031105;146 140;7;0;2;1;1;1
202100031105;146 141;7;0;2;4;1;1
202100031105;146 142;7;0;2;4;1;1
202100031105;146 143;7;0;2;3;1;1
202100031106;146 138;7;0;2;4;1;1
202100031106;146 139;7;0;2;1;1;1
202100031107;146 137;7;0;1;1;1;1
202100031108;146 135;50;0;2;0;1;3
202100031108;146 136;7;0;2;0;1;0
202100031109;146 134;7;1;0;1;1;1
202100031110;146 133;7;0;1;3;1;1
202100031111;146 131;7;14;0;1;2;1
202100031111;146 132;7;0;2;4;23;1
202100031112;146 129;7;0;2;2;15;1
202100031112;146 130;31;0;2;1;1;1
202100031113;146 127;30;0;2;8;18;1
202100031113;146 128;7;0;2;2;16;1
202100031114;146 125;30;0;2;1;1;1
202100031114;146 126;7;0;2;3;1;1
202100031115;146 123;2;0;2;1;1;1
202100031115;146 124;7;0;2;3;17;1
202100031116;146 122;1;0;1;1;1;5
202100031117;146 121;7;2;0;1;1;1
202100031118;146 119;1;0;2;3;1;5
202100031118;146 120;7;0;2;2;19;1
202100031119;146 118;10;0;1;5;4;1
202100031120;146 116;14;0;2;7;1;1
202100031120;146 117;80;0;2;8;13;3
202100031121;146 114;10;0;2;3;15;1
202100031121;146 115;30;0;2;1;1;1
202100031122;146 112;7;0;2;2;1;1
202100031122;146 113;7;0;2;3;10;1
202100031123;146 110;33;0;2;1;1;1
202100031123;146 111;7;0;2;5;15;1
202100031124;146 108;7;0;2;3;9;1
202100031124;146 109;1;0;2;2;1;5
202100031125;146 106;7;0;2;4;1;1
202100031125;146 107;7;0;2;1;1;1
202100031126;146 105;7;0;1;1;1;1
202100031127;146 103;7;0;2;8;1;1
202100031127;146 104;7;9;2;7;17;1
202100031128;146 101;7;0;2;1;19;1
202100031128;146 102;7;0;2;2;1;1
202100031129;146 099;7;6;2;3;21;0
202100031129;146 100;7;0;2;1;19;0
202100031130;146 097;7;0;2;3;15;1
202100031130;146 098;33;0;2;1;1;1
202100031131;146 095;7;0;2;2;1;1
202100031131;146 096;7;0;2;8;1;1
202100031132;146 094;7;0;1;2;1;1
202100031133;146 092;50;0;9;7;19;3
202100031133;146 093;7;0;2;2;1;1
202100031134;146 088;7;0;2;0;0;1
202100031134;146 089;7;0;2;0;0;1
202100031134;146 090;7;0;2;0;0;2
202100031134;146 091;7;0;2;0;0;1
202100031135;146 087;7;0;1;2;26;1
202100031136;146 084;7;0;2;1;1;1
202100031136;146 085;7;0;2;4;1;1
202100031136;146 086;7;0;2;4;1;1
202100031137;146 083;7;1;0;2;14;1
202100031138;146 081;80;0;2;7;1;3
202100031138;146 082;7;0;2;3;1;1
202100031139;146 079;7;0;2;3;1;1
202100031139;146 080;7;0;2;3;13;1
202100031140;146 077;7;0;0;1;1;0
202100031140;146 078;7;0;0;0;1;0
202100031141;146 075;7;0;2;1;1;1
202100031141;146 076;50;0;2;1;19;3
202100031142;146 073;37;0;2;1;19;1
202100031142;146 074;10;0;2;6;19;1
202100031143;146 067;7;0;2;8;19;1
202100031143;146 068;1;0;2;0;0;5
202100031144;146 065;7;0;2;3;1;1
202100031144;146 066;7;0;2;2;11;1
202100031145;146 063;7;0;2;1;2;1
202100031145;146 064;7;0;2;4;2;1
202100031146;146 061;2;0;2;1;1;1
202100031146;146 062;7;0;2;3;1;1
202100031147;146 059;7;0;2;1;1;1
202100031147;146 060;7;0;2;3;1;1
202100031148;146 058;7;0;1;2;25;1
202100031149;146 056;2;0;2;7;16;1
202100031149;146 057;7;0;2;3;9;1
202100031150;146 053;2;0;2;4;23;1
202100031150;146 054;7;0;0;1;1;1
202100031150;146 055;10;0;2;4;23;1
202100031151;146 051;50;0;2;1;2;3
202100031151;146 052;10;0;2;8;9;1
202100031152;146 049;1;0;2;4;9;0
202100031152;146 050;7;0;2;0;0;0
202100031153;146 046;7;0;2;2;2;1
202100031153;146 047;7;0;2;4;2;1
202100031153;146 048;7;0;2;4;2;1
202100031154;146 045;7;3;0;1;0;1
202100031155;146 043;10;0;2;3;15;1
202100031155;146 044;7;0;2;3;1;1
202100031156;146 041;15;0;2;2;2;1
202100031156;146 042;7;4;2;3;9;1
202100031157;146 039;99;0;0;1;26;1
202100031157;146 040;7;0;2;4;26;1
202100031158;146 038;7;8;0;1;26;1
202100031159;146 037;7;0;1;0;0;0
202100031160;146 036;34;8;0;1;1;1
202100031161;146 034;7;0;2;2;16;1
202100031161;146 035;7;0;2;3;1;1
202100031162;146 033;31;12;0;0;1;1
202100031163;146 031;33;0;2;8;3;1
202100031163;146 032;7;0;2;7;12;2
202100031164;146 029;33;0;2;6;1;1
202100031164;146 030;32;0;2;7;0;1
202100031165;146 027;7;0;2;1;19;1
202100031165;146 028;7;9;2;3;1;1
202100031166;146 025;7;0;2;2;15;1
202100031166;146 026;32;0;2;0;1;1
202100031167;146 023;7;0;2;3;1;1
202100031167;146 024;30;0;2;1;14;1
202100031168;146 021;7;0;2;7;20;1
202100031168;146 022;7;0;2;5;1;1
202100031169;146 019;33;0;2;2;11;1
202100031169;146 020;7;0;2;6;11;1
202100031170;146 017;1;0;2;4;9;0
202100031170;146 018;7;0;2;2;1;1
202100031171;146 015;7;6;0;3;21;1
202100031171;146 016;7;0;0;0;19;1
202100031172;146 013;7;0;2;1;19;1
202100031172;146 014;7;0;2;2;1;1
202100031173;146 011;7;0;2;4;0;1
202100031173;146 012;7;0;2;1;26;1
202100031174;146 009;7;0;2;1;19;1
202100031174;146 010;7;0;2;6;1;1
202100031175;146 008;32;8;0;1;18;1
202100031176;146 006;30;0;2;1;26;6
202100031176;146 007;7;0;2;8;15;0
202100031177;146 005;7;0;0;1;14;1
202100031178;146 003;7;0;2;8;11;1
202100031178;146 004;33;0;2;1;17;1
202100031179;146 002;7;0;1;1;1;1
202100031180;146 001;7;1;0;2;26;3
202100031181;146 000;7;0;1;1;16;1
202100031182;145 998;2;0;2;1;17;1
202100031182;145 999;7;0;2;3;15;1
202100031183;145 996;7;0;2;2;15;1
202100031183;145 997;7;0;2;1;1;1
202100031184;145 994;7;0;2;7;1;1
202100031184;145 995;7;0;2;1;9;1
202100031185;145 992;7;0;2;2;15;0
202100031185;145 993;1;0;2;3;9;0
202100031186;145 990;2;0;2;1;17;1
202100031186;145 991;7;0;2;3;15;1
202100031187;145 988;3;0;2;1;9;1
202100031187;145 989;7;8;2;3;1;1
202100031188;145 986;10;0;2;8;11;0
202100031188;145 987;33;0;2;8;1;1
202100031189;145 985;33;0;0;8;1;1
202100031190;145 983;7;0;2;8;13;1
202100031190;145 984;33;0;2;1;17;1
202100031191;145 982;7;0;1;0;1;0
202100031192;145 981;1;0;1;7;1;5
202100031193;145 980;1;1;0;0;21;5
202100031194;145 978;50;0;2;0;16;3
202100031194;145 979;31;0;2;0;1;0
202100031195;145 976;30;0;2;8;13;3
202100031195;145 977;7;0;2;7;17;1
202100031196;145 974;7;0;2;1;2;1
202100031196;145 975;32;0;2;4;23;1
202100031197;145 973;7;0;1;5;4;1
202100031198;145 971;7;0;2;1;1;1
202100031198;145 972;1;0;2;1;9;5
202100031199;145 970;30;14;0;0;21;1
202100031200;145 969;50;0;1;1;1;3
202100031201;145 968;7;0;1;0;1;0
202100031202;145 966;7;0;2;1;15;1
202100031202;145 967;2;0;2;1;3;1
202100031203;145 964;32;0;2;0;17;0
202100031203;145 965;14;0;2;7;12;1
202100031204;145 962;7;0;2;6;15;1
202100031204;145 963;33;0;2;2;17;1
202100031205;145 960;37;0;2;1;1;1
202100031205;145 961;7;0;2;6;10;1
202100031206;145 958;7;0;2;1;2;1
202100031206;145 959;7;0;2;6;10;1
202100031207;145 956;7;0;2;1;23;1
202100031207;145 957;43;14;0;1;1;1
202100031208;145 955;7;;0;8;1;1
202100031209;145 953;7;0;2;8;1;1
202100031209;145 954;7;0;2;3;15;1
202100031210;145 951;32;0;2;2;26;1
202100031210;145 952;7;0;2;3;26;1
202100031211;145 949;2;0;2;1;2;1
202100031211;145 950;7;0;2;4;2;1
202100031212;145 948;7;8;0;1;2;1
202100031213;145 947;7;0;1;3;26;6
202100031214;145 945;1;0;2;3;0;0
202100031214;145 946;7;0;2;3;23;0
202100031215;145 944;7;1;1;2;0;0
202100031216;145 942;50;0;2;1;5;3
202100031216;145 943;7;0;2;1;9;2
202100031217;145 940;33;0;2;1;26;1
202100031217;145 941;34;0;2;1;0;1
202100031218;145 939;33;0;0;0;0;1
202100031219;145 937;32;0;2;6;1;1
202100031219;145 938;10;0;2;3;15;1
202100031220;145 936;7;1;0;2;14;1
202100031221;145 934;10;0;2;2;12;1
202100031221;145 935;32;0;2;3;1;1
202100031222;145 932;31;0;0;5;15;1
202100031222;145 933;33;0;2;1;2;1
202100031223;145 931;33;0;0;2;1;1
202100031224;145 929;7;0;2;1;1;1
202100031224;145 930;7;0;2;1;13;1
202100031225;145 926;7;0;0;0;26;1
202100031226;145 924;7;0;0;1;1;1
202100031226;145 925;7;0;2;1;13;1
202100031227;145 922;7;0;2;7;17;1
202100031227;145 923;33;0;2;8;17;1
202100031228;145 920;7;0;2;1;17;1
202100031228;145 921;33;0;2;1;1;1
202100031229;145 919;7;6;0;1;1;1
202100031230;145 918;33;0;0;7;1;1
202100031231;145 916;7;0;2;7;12;1
202100031231;145 917;33;0;2;3;1;1
202100031232;145 914;7;0;2;2;1;1
202100031232;145 915;7;0;2;2;13;1
202100031233;145 913;7;8;0;1;1;1
202100031234;145 912;33;13;0;1;1;1
202100031235;145 909;3;15;0;1;0;1
202100031236;145 907;7;0;2;7;13;1
202100031236;145 908;7;0;2;1;1;1
202100031237;145 906;7;0;1;3;1;1
202100031238;145 903;7;0;2;2;1;1
202100031238;145 904;7;0;2;1;19;1
202100031238;145 905;7;0;2;1;1;2
202100031239;145 902;7;2;0;8;1;1
202100031240;145 900;7;3;9;1;26;1
202100031240;145 901;1;0;2;1;1;5
202100031241;145 898;7;0;2;3;11;1
202100031241;145 899;7;0;2;3;1;1
202100031242;145 897;2;0;0;7;1;1
202100031243;145 896;30;1;0;0;1;1
202100031244;145 894;33;0;2;1;17;1
202100031244;145 895;7;0;2;1;1;1
202100031245;145 893;33;7;0;1;1;1
202100031246;145 892;33;6;0;7;1;1
202100031247;145 890;7;0;2;2;15;1
202100031247;145 891;2;0;2;8;16;1
202100031248;145 887;7;0;2;4;15;1
202100031248;145 888;31;0;2;1;2;1
202100031249;145 886;33;13;0;0;14;1
202100031250;145 885;33;0;0;0;1;1
202100031251;145 883;7;0;2;3;17;1
202100031251;145 884;33;0;2;2;1;1
202100031252;145 882;2;0;0;8;9;1
202100031253;145 881;33;15;0;1;1;1
202100031254;145 879;1;0;2;4;0;5
202100031254;145 880;7;0;2;2;2;1
202100031255;145 877;7;0;2;1;2;1
202100031255;145 878;10;0;2;1;13;1
202100031256;145 875;7;0;2;2;2;1
202100031256;145 876;17;0;0;6;2;1
202100031257;145 872;7;3;2;3;2;1
202100031257;145 873;7;0;2;4;1;1
202100031257;145 874;7;16;2;2;1;1
202100031258;145 870;7;0;2;1;1;1
202100031258;145 871;10;0;2;1;5;1
202100031259;145 868;17;0;2;4;2;1
202100031259;145 869;7;0;2;1;1;1
202100031260;145 867;7;17;0;1;1;1
202100031261;145 865;3;0;2;1;1;1
202100031261;145 866;7;0;2;1;1;1
202100031262;145 863;10;0;0;6;2;1
202100031262;145 864;2;0;2;1;26;1
202100031263;145 861;7;0;2;1;1;1
202100031263;145 862;7;0;2;3;1;1
202100031264;145 858;7;0;2;6;15;1
202100031264;145 859;7;0;2;3;16;1
202100031264;145 860;7;0;2;1;1;1
202100031265;145 855;7;0;2;1;1;1
202100031265;145 856;7;0;2;1;1;1
202100031265;145 857;7;0;2;1;13;1
202100031266;145 853;33;0;2;8;1;1
202100031266;145 854;7;0;2;8;1;2
202100031267;145 852;7;0;1;3;19;1
202100031268;145 850;7;0;2;1;1;1
202100031268;145 851;7;0;2;1;1;1
202100031269;145 848;7;0;2;3;10;1
202100031269;145 849;32;0;2;1;1;1
202100031270;145 846;7;0;2;2;19;1
202100031270;145 847;33;0;2;1;1;1
202100031271;145 845;7;13;0;8;1;1
202100031272;145 844;1;0;0;9;1;5
202100031273;145 842;7;0;2;7;13;1
202100031273;145 843;7;0;2;1;1;1
202100031274;145 840;7;0;2;5;15;1
202100031274;145 841;33;0;2;1;1;1
202100031275;145 838;2;0;2;1;1;1
202100031275;145 839;2;0;0;4;15;1
202100031276;145 837;2;0;6;0;0;1
202100031277;145 836;7;0;1;3;1;1
202100031278;145 834;33;0;0;8;26;1
202100031278;145 835;1;0;0;1;0;5
202100031279;145 833;7;13;0;0;2;1
202100031280;145 830;7;4;0;8;21;1
202100031280;145 831;7;0;0;4;2;1
202100031280;145 832;7;0;0;1;2;1
202100031281;145 826;10;0;2;1;2;1
202100031281;145 827;7;0;2;4;2;1
202100031281;145 828;7;0;2;4;2;1
202100031281;145 829;7;0;2;4;2;1
202100031282;145 822;7;0;2;1;2;1
202100031282;145 823;7;0;2;4;2;1
202100031282;145 824;7;0;2;4;2;0
202100031282;145 825;7;0;2;4;2;0
202100031283;145 820;32;0;2;2;3;1
202100031283;145 821;7;0;2;6;11;0
202100031284;145 818;7;0;2;1;17;1
202100031284;145 819;7;0;2;4;2;1
202100031285;145 816;32;0;2;2;2;1
202100031285;145 817;7;0;2;3;2;1
202100031286;145 815;7;3;0;1;1;1
202100031287;145 814;31;0;0;9;1;1
202100031288;145 812;7;0;2;4;2;1
202100031288;145 813;33;0;2;1;1;1
202100031289;145 809;7;0;2;7;2;1
202100031289;145 810;7;0;2;6;2;1
202100031289;145 811;33;0;2;8;3;1
202100031290;145 807;7;0;2;2;14;1
202100031290;145 808;32;0;2;1;18;1
202100031291;145 805;32;0;2;4;2;1
202100031291;145 806;32;0;2;1;2;0
202100031292;145 803;1;0;2;7;1;5
202100031292;145 804;1;0;2;1;16;5
202100031293;145 801;50;0;2;1;1;3
202100031293;145 802;7;0;2;3;15;1
202100031294;145 800;7;0;1;1;1;1
202100031295;145 799;7;0;1;1;1;1
202100031296;145 797;30;0;2;1;1;1
202100031296;145 798;10;0;2;7;1;1
202100031297;145 796;50;14;0;0;1;3
202100031298;145 794;43;0;2;5;17;1
202100031298;145 795;14;0;2;3;1;1
202100031299;145 792;1;0;2;1;1;5
202100031299;145 793;7;0;2;3;15;1
202100031300;145 791;34;14;0;1;14;1
202100031301;145 790;30;8;0;1;16;3
202100031302;145 788;30;0;2;0;14;1
202100031302;145 789;32;0;2;8;1;1
202100031303;145 787;1;0;1;1;1;5
202100031304;145 785;7;0;2;1;16;1
202100031304;145 786;43;0;2;1;1;1
202100031305;145 783;7;0;2;1;2;1