Num_Acc;id_vehicule;categorie_vehicule;obstacle_fixe;obstacle_mobile;point_choc_initial;manoeuvre_principale;motorisation
202100031305;145 784;32;0;2;4;23;1
202100031306;145 781;7;0;2;1;16;1
202100031306;145 782;50;0;2;7;19;3
202100031307;145 779;1;0;2;2;13;5
202100031307;145 780;50;0;2;3;1;3
202100031308;145 777;32;0;2;2;1;1
202100031308;145 778;7;0;2;3;15;1
202100031309;145 775;7;0;2;5;26;1
202100031309;145 776;7;0;2;1;0;1
202100031310;145 773;10;0;2;1;1;1
202100031310;145 774;7;0;2;7;15;1
202100031311;145 771;33;0;2;1;18;1
202100031311;145 772;7;0;2;2;16;1
202100031312;145 769;31;0;2;1;2;1
202100031312;145 770;7;0;2;3;10;1
202100031313;145 767;7;0;2;3;1;1
202100031313;145 768;7;0;2;2;1;1
202100031314;145 766;30;0;1;1;2;1
202100031315;145 763;7;0;2;6;9;1
202100031315;145 764;7;0;2;7;1;1
202100031315;145 765;43;0;2;1;1;1
202100031316;145 761;7;0;2;1;26;1
202100031316;145 762;13;0;2;0;0;1
202100031317;145 759;7;0;2;1;10;1
202100031317;145 760;43;3;2;3;1;1
202100031318;145 758;7;0;1;1;17;1
202100031319;145 757;30;0;1;3;26;1
202100031320;145 756;33;0;2;1;25;1
202100031321;145 754;30;0;2;8;11;1
202100031321;145 755;37;0;2;2;1;1
202100031322;145 753;10;3;0;1;1;1
202100031323;145 751;33;0;2;1;16;1
202100031323;145 752;10;0;2;5;15;1
202100031324;145 749;2;0;2;1;9;1
202100031324;145 750;7;0;2;3;1;1
202100031325;145 747;33;0;2;4;23;1
202100031325;145 748;7;0;2;1;1;1
202100031326;145 745;7;0;2;8;11;1
202100031326;145 746;33;0;2;7;2;1
202100031327;145 744;10;0;1;3;15;1
202100031328;145 742;2;0;2;4;1;3
202100031328;145 743;7;0;2;1;2;1
202100031329;145 740;30;0;2;2;3;1
202100031329;145 741;7;0;2;6;1;1
202100031330;145 738;15;0;2;2;12;1
202100031330;145 739;1;0;2;1;1;0
202100031331;145 736;37;0;2;6;23;1
202100031331;145 737;33;1;1;3;17;1
202100031332;145 734;30;0;2;8;1;1
202100031332;145 735;32;0;2;7;16;1
202100031333;145 732;10;0;2;3;22;1
202100031333;145 733;1;1;0;2;1;5
202100031334;145 731;31;0;0;8;21;1
202100031335;145 729;31;0;2;8;1;1
202100031335;145 730;7;0;2;0;15;1
202100031336;145 728;7;13;0;0;1;1
202100031337;145 726;7;0;2;3;13;1
202100031337;145 727;7;0;2;3;1;1
202100031338;145 724;7;0;2;2;15;1
202100031338;145 725;33;0;2;1;1;1
202100031339;145 723;7;8;0;7;0;1
202100031340;145 722;33;0;0;8;15;1
202100031341;145 721;7;4;0;0;17;1
202100031342;145 719;7;0;2;2;13;1
202100031342;145 720;10;0;2;1;1;1
202100031343;145 717;15;0;2;1;1;6
202100031343;145 718;17;3;0;3;0;6
202100031344;145 715;2;0;2;1;13;1
202100031344;145 716;7;0;2;3;1;1
202100031345;145 714;10;2;0;1;13;4
202100031346;145 713;7;13;0;3;13;1
202100031347;145 710;7;0;2;1;1;1
202100031347;145 711;7;0;2;4;23;1
202100031347;145 712;7;0;2;3;1;1
202100031348;145 709;33;15;0;1;1;1
202100031349;145 707;7;0;0;6;2;1
202100031349;145 708;33;0;2;1;2;1
202100031350;145 705;7;0;2;1;17;1
202100031350;145 706;33;0;2;1;1;1
202100031351;145 704;7;8;0;3;13;1
202100031352;145 702;7;0;2;1;1;1
202100031352;145 703;7;0;2;7;13;1
202100031353;145 699;7;0;2;1;0;1
202100031353;145 700;7;0;2;6;0;
202100031353;145 701;33;0;2;1;17;1
202100031354;145 698;7;15;0;1;13;1
202100031355;145 697;1;0;0;0;1;5
202100031356;145 696;7;13;0;1;16;1
202100031357;145 695;1;0;0;0;0;5
202100031358;145 693;7;0;2;8;1;1
202100031358;145 694;10;0;2;3;16;1
202100031359;145 692;7;2;0;2;1;1
202100031360;145 690;7;0;2;2;17;1
202100031360;145 691;21;0;2;3;15;1
202100031361;145 689;7;13;0;1;1;1
202100031362;145 688;2;0;0;0;1;1
202100031363;145 687;7;15;0;8;1;1
202100031364;145 685;7;0;2;1;15;1
202100031364;145 686;7;0;2;1;1;1
202100031365;145 684;7;13;0;9;13;1
202100031366;145 682;7;0;2;3;10;1
202100031366;145 683;33;0;2;1;1;1
202100031367;145 680;1;0;2;3;2;5
202100031367;145 681;7;0;2;2;2;0
202100031368;145 676;7;0;2;3;1;1
202100031368;145 677;7;0;2;3;13;1
202100031369;145 675;7;0;1;7;1;1
202100031370;145 673;17;0;2;6;1;1
202100031370;145 674;33;0;2;2;17;1
202100031371;145 672;33;0;1;2;21;1
202100031372;145 670;7;0;2;7;19;1
202100031372;145 671;21;0;2;2;1;1
202100031373;145 668;7;0;2;1;0;0
202100031373;145 669;2;0;0;4;1;1
202100031374;145 666;7;0;2;6;1;1
202100031374;145 667;7;0;2;2;17;1
202100031375;145 665;7;8;0;7;1;0
202100031376;145 664;33;0;0;0;1;1
202100031377;145 663;10;0;0;9;13;1
202100031378;145 661;7;0;2;2;17;1
202100031378;145 662;2;0;2;3;15;1
202100031379;145 659;2;0;2;5;15;1
202100031379;145 660;7;0;2;2;1;1
202100031380;145 658;7;13;0;0;1;1
202100031381;145 656;7;0;2;5;17;3
202100031381;145 657;33;13;2;8;17;1
202100031382;145 655;7;2;0;1;1;1
202100031383;145 654;7;0;1;5;19;1
202100031384;145 653;7;0;1;2;1;2
202100031385;145 651;7;0;0;2;20;1
202100031385;145 652;30;0;2;1;18;1
202100031386;145 649;7;0;2;1;19;1
202100031386;145 650;7;0;0;7;1;1
202100031387;145 648;33;0;0;1;1;1
202100031388;145 646;1;0;2;4;2;5
202100031388;145 647;7;0;9;1;2;1
202100031389;145 644;33;0;2;2;1;1
202100031389;145 645;7;0;2;3;9;1
202100031390;145 643;7;17;0;1;1;1
202100031391;145 641;7;0;9;5;1;1
202100031391;145 642;1;0;2;1;1;5
202100031392;145 640;7;2;0;0;2;1
202100031393;145 638;2;0;2;1;3;1
202100031393;145 639;7;0;2;3;15;1
202100031394;145 637;2;12;0;1;16;1
202100031395;145 636;2;1;0;1;2;1
202100031396;145 634;7;0;2;3;19;1
202100031396;145 635;30;0;2;3;19;1
202100031397;145 633;7;0;0;8;1;1
202100031398;145 631;7;0;2;2;1;1
202100031398;145 632;33;0;2;4;5;1
202100031399;145 630;43;3;0;7;14;1
202100031400;145 629;7;3;0;1;14;1
202100031401;145 627;7;0;2;1;13;1
202100031401;145 628;7;0;2;4;2;1
202100031402;145 624;7;0;2;8;11;1
202100031402;145 625;7;0;2;6;1;1
202100031402;145 626;34;0;2;1;1;1
202100031403;145 622;7;0;2;4;11;1
202100031403;145 623;33;0;2;1;3;1
202100031404;145 618;7;0;2;4;2;1
202100031404;145 619;7;4;2;4;2;1
202100031404;145 620;7;0;2;1;2;1
202100031404;145 621;7;0;2;1;2;1
202100031405;145 616;32;0;2;6;3;1
202100031405;145 617;7;0;2;6;11;1
202100031406;145 613;7;0;2;1;1;1
202100031406;145 614;7;0;2;4;1;1
202100031406;145 615;7;0;2;3;9;1
202100031407;145 611;7;4;2;9;0;1
202100031407;145 612;17;0;2;3;0;1
202100031408;145 609;33;0;2;3;9;1
202100031408;145 610;7;0;2;2;1;1
202100031409;145 607;33;0;2;1;3;1
202100031409;145 608;7;0;2;4;11;1
202100031410;145 604;7;0;2;3;2;1
202100031410;145 605;7;0;2;3;0;1
202100031410;145 606;15;0;2;1;2;1
202100031411;145 602;7;0;2;4;1;1
202100031411;145 603;7;0;2;1;1;1
202100031412;145 600;7;0;2;1;1;1
202100031412;145 601;2;0;2;1;5;1
202100031413;145 598;7;0;2;1;2;1
202100031413;145 599;7;0;2;5;15;1
202100031414;145 596;7;0;2;8;1;1
202100031414;145 597;17;0;2;7;12;0
202100031415;145 593;10;0;2;5;2;1
202100031415;145 594;32;0;2;7;1;1
202100031415;145 595;7;0;2;8;9;1
202100031416;145 591;31;0;2;2;3;1
202100031416;145 592;7;0;2;8;11;1
202100031417;145 588;43;0;2;2;18;1
202100031417;145 589;10;0;2;6;1;1
202100031417;145 590;7;0;2;2;1;1
202100031418;145 585;7;0;2;1;1;1
202100031418;145 586;7;0;2;1;17;1
202100031418;145 587;10;0;2;8;1;1
202100031419;145 583;31;0;2;4;1;1
202100031419;145 584;7;0;2;1;12;1
202100031420;145 581;37;0;2;7;17;2
202100031420;145 582;1;0;2;8;13;5
202100031421;145 579;7;0;2;4;13;1
202100031421;145 580;1;0;2;1;7;5
202100031422;145 577;7;0;2;1;1;1
202100031422;145 578;1;0;2;0;19;5
202100031423;145 575;7;0;2;1;1;0
202100031423;145 576;1;0;2;8;1;5
202100031424;145 573;32;0;2;4;15;1
202100031424;145 574;7;0;2;1;15;1
202100031425;145 571;1;0;2;1;1;5
202100031425;145 572;1;0;2;8;1;5
202100031426;145 569;30;0;2;1;17;1
202100031426;145 570;7;0;2;3;10;1
202100031427;145 566;7;0;2;8;1;2
202100031427;145 567;7;0;2;6;2;1
202100031427;145 568;7;0;2;1;2;1
202100031428;145 564;60;0;2;8;19;5
202100031428;145 565;10;0;2;1;15;1
202100031429;145 562;30;0;2;3;2;1
202100031429;145 563;7;0;2;2;19;0
202100031430;145 561;32;1;0;1;2;1
202100031431;145 560;34;0;2;3;2;1
202100031432;145 558;7;1;0;6;24;1
202100031432;145 559;7;14;2;1;2;1
202100031433;145 556;33;0;2;7;21;1
202100031433;145 557;1;0;2;4;13;5
202100031434;145 555;7;0;1;2;26;0
202100031435;145 554;33;0;9;7;26;1
202100031436;145 553;7;0;1;3;16;1
202100031437;145 551;34;0;2;8;1;1
202100031437;145 552;43;0;2;1;1;1
202100031438;145 549;7;0;2;3;1;2
202100031438;145 550;7;0;2;3;9;1
202100031439;145 547;1;1;0;0;0;5
202100031439;145 548;7;0;0;0;24;1
202100031440;145 546;7;0;1;3;26;1
202100031441;145 545;50;0;0;0;1;3
202100031442;145 544;32;0;0;0;1;1
202100031443;145 542;7;0;2;2;16;1
202100031443;145 543;1;0;2;8;11;5
202100031444;145 540;1;0;2;2;1;5
202100031444;145 541;7;0;2;1;15;5
202100031445;145 538;1;0;2;1;1;5
202100031445;145 539;21;0;2;3;15;1
202100031446;145 536;33;0;2;1;1;1
202100031446;145 537;7;0;2;3;19;1
202100031447;145 534;21;0;2;3;1;1
202100031447;145 535;7;0;2;1;13;1
202100031448;145 533;7;6;0;1;1;1
202100031449;145 531;33;0;2;7;17;1
202100031449;145 532;7;0;2;8;15;1
202100031450;145 529;1;0;0;9;1;5
202100031450;145 530;10;0;2;8;1;1
202100031451;145 528;7;4;0;1;1;1
202100031452;145 526;2;0;2;1;5;1
202100031452;145 527;1;0;2;1;1;0
202100031453;145 525;2;0;0;0;0;1
202100031454;145 523;7;0;2;3;13;1
202100031454;145 524;7;0;2;3;1;1
202100031455;145 521;33;0;2;1;1;1
202100031455;145 522;7;0;2;8;15;1
202100031456;145 519;7;0;2;1;1;1
202100031456;145 520;7;0;2;1;1;1
202100031457;145 517;7;0;2;3;9;1
202100031457;145 518;7;0;2;7;14;0
202100031458;145 515;7;0;9;2;1;1
202100031458;145 516;1;0;2;1;9;5
202100031459;145 513;2;0;2;1;19;1
202100031459;145 514;7;0;2;5;19;1
202100031460;145 512;31;0;0;7;1;0
202100031461;145 511;14;0;0;7;1;1
202100031462;145 510;33;2;0;1;13;1
202100031463;145 509;31;0;1;0;0;1
202100031464;145 507;1;0;2;8;1;5
202100031464;145 508;7;0;2;2;1;1
202100031465;145 505;1;0;2;1;1;5
202100031465;145 506;7;0;2;3;15;1
202100031466;145 504;1;0;0;0;1;5
202100031467;145 502;1;0;2;1;1;5
202100031467;145 503;7;0;2;2;15;1
202100031468;145 501;10;0;1;2;0;1
202100031469;145 499;33;13;0;0;17;1
202100031469;145 500;21;0;0;0;15;1
202100031470;145 497;31;0;2;1;1;1
202100031470;145 498;7;0;2;3;1;1
202100031471;145 495;1;0;2;1;25;5
202100031471;145 496;37;0;2;5;1;0
202100031472;145 494;33;3;0;5;1;1
202100031473;145 493;7;0;1;1;1;1
202100031474;145 491;7;0;2;2;1;1
202100031474;145 492;1;0;2;1;5;5
202100031475;145 490;7;0;1;2;20;1
202100031476;145 489;2;0;0;1;1;0
202100031477;145 488;15;2;0;8;1;1
202100031478;145 486;7;0;2;1;0;0
202100031478;145 487;7;0;2;1;0;1
202100031479;145 484;7;0;0;1;1;1
202100031479;145 485;7;0;0;1;0;1
202100031480;145 483;7;0;1;7;1;1
202100031481;145 482;7;0;0;1;0;1
202100031482;145 480;2;0;2;1;1;1
202100031482;145 481;7;0;2;6;15;1
202100031483;145 478;33;0;2;1;1;1
202100031483;145 479;7;0;2;3;15;1
202100031484;145 476;21;0;2;3;15;1
202100031484;145 477;1;5;2;1;1;5
202100031485;145 474;7;0;9;7;2;1
202100031485;145 475;1;0;2;8;2;5
202100031486;145 472;14;0;2;3;13;1
202100031486;145 473;17;0;2;3;0;1
202100031487;145 471;33;8;0;1;1;1
202100031488;145 470;14;0;9;3;1;1
202100031489;145 469;2;8;0;2;1;1
202100031490;145 468;10;0;1;3;1;1
202100031491;145 466;2;0;2;0;1;1
202100031491;145 467;2;0;2;2;1;1
202100031492;145 465;7;6;0;9;0;6
202100031493;145 463;7;0;2;3;17;1
202100031493;145 464;10;0;2;6;17;1
202100031494;145 461;7;0;2;8;23;1
202100031494;145 462;7;4;2;9;17;1
202100031495;145 459;7;15;2;3;1;1
202100031495;145 460;7;0;2;3;13;1
202100031496;145 457;33;15;0;1;17;1
202100031496;145 458;7;0;0;6;15;1
202100031497;145 456;2;0;0;8;1;1
202100031498;145 454;1;0;2;7;1;5
202100031498;145 455;7;0;2;1;9;1
202100031499;145 452;15;0;2;5;2;1
202100031499;145 453;3;0;2;3;2;1
202100031500;145 451;7;0;0;3;15;1
202100031501;145 450;31;12;0;1;0;1
202100031502;145 448;7;0;2;7;15;1
202100031502;145 449;33;0;2;1;1;1
202100031503;145 447;7;6;0;2;14;1
202100031504;145 446;33;14;0;9;1;1
202100031505;145 444;7;0;2;4;1;1
202100031505;145 445;7;0;2;1;2;1
202100031506;145 442;15;0;2;3;1;1
202100031506;145 443;7;0;2;3;17;1
202100031507;145 440;33;2;2;3;5;1
202100031507;145 441;7;0;2;3;1;1
202100031508;145 438;10;0;0;1;1;1
202100031508;145 439;33;0;2;1;13;1
202100031509;145 437;33;8;0;1;1;1
202100031510;145 436;10;0;1;2;1;1
202100031511;145 434;7;15;2;1;0;1
202100031511;145 435;7;0;2;1;9;1
202100031512;145 432;1;0;2;8;19;5
202100031512;145 433;7;0;2;2;16;1
202100031513;145 431;7;13;0;1;15;1
202100031514;145 429;7;3;2;1;26;1
202100031514;145 430;10;0;2;2;21;1
202100031515;145 428;33;6;0;1;1;1
202100031516;145 426;2;0;2;7;15;1
202100031516;145 427;7;0;2;2;1;1
202100031517;145 425;7;2;1;0;1;1
202100031518;145 424;7;;0;8;1;1
202100031519;145 422;7;0;2;1;11;1
202100031519;145 423;7;0;2;1;1;1
202100031520;145 421;7;0;1;3;1;1
202100031521;145 420;7;6;0;2;2;1
202100031522;145 417;1;0;2;1;1;5
202100031522;145 418;1;0;2;1;1;5
202100031522;145 419;7;0;9;2;15;0
202100031523;145 415;7;0;2;1;21;1
202100031523;145 416;1;0;2;1;13;5
202100031524;145 413;7;1;0;1;0;1
202100031525;145 412;30;0;0;0;2;1
202100031526;145 410;34;0;2;1;1;1
202100031526;145 411;33;0;2;3;13;1
202100031527;145 409;33;0;0;1;21;1
202100031528;145 407;7;0;2;4;12;1
202100031528;145 408;33;0;2;1;26;1
202100031529;145 405;7;0;2;4;2;1
202100031529;145 406;7;0;2;1;2;1
202100031530;145 403;7;0;2;4;2;1
202100031530;145 404;7;0;2;1;2;1
202100031531;145 401;7;0;2;4;2;1
202100031531;145 402;7;0;2;1;2;1
202100031532;145 399;17;0;2;1;1;1
202100031532;145 400;7;0;2;8;9;1
202100031533;145 397;7;0;2;4;1;2
202100031533;145 398;7;0;2;1;1;1
202100031534;145 393;7;4;0;0;26;1
202100031534;145 394;7;0;2;0;0;1
202100031534;145 395;7;0;2;0;0;1
202100031534;145 396;7;0;2;0;0;1
202100031535;145 391;7;0;2;4;23;1
202100031535;145 392;7;0;2;1;1;1
202100031536;145 389;33;0;2;2;1;1
202100031536;145 390;7;0;2;8;11;1
202100031537;145 385;15;0;2;4;23;1
202100031537;145 386;10;0;2;4;23;1
202100031537;145 387;15;0;2;4;23;1
202100031537;145 388;13;0;2;1;1;1
202100031538;145 383;13;0;2;0;0;1
202100031538;145 384;7;1;0;2;14;1
202100031539;145 381;17;0;2;3;12;1
202100031539;145 382;7;0;2;1;2;1
202100031540;145 379;33;0;2;8;3;1
202100031540;145 380;7;0;2;7;12;1
202100031541;145 377;7;0;2;8;11;1
202100031541;145 378;33;0;2;7;1;1
202100031542;145 375;10;0;2;1;1;1
202100031542;145 376;7;0;2;4;2;1
202100031543;145 374;7;0;0;0;21;1
202100031544;145 372;43;0;2;1;18;1
202100031544;145 373;7;0;2;8;11;1
202100031545;145 370;7;0;0;5;1;1
202100031545;145 371;7;0;2;3;1;1
202100031546;145 369;7;4;0;2;14;1
202100031547;145 368;34;4;0;2;14;1
202100031548;145 367;7;0;0;0;1;1
202100031549;145 365;7;0;2;1;2;1
202100031549;145 366;7;4;2;4;2;1
202100031550;145 364;7;4;0;1;14;1
202100031551;145 362;10;0;2;1;1;1
202100031551;145 363;7;5;2;4;23;1
202100031552;145 361;7;4;0;1;1;1
202100031553;145 358;7;0;2;8;13;1
202100031553;145 359;15;0;2;3;1;1
202100031553;145 360;10;0;2;7;0;1
202100031554;145 356;7;0;2;6;1;1
202100031554;145 357;7;0;2;2;26;1
202100031555;145 354;31;0;2;9;3;1
202100031555;145 355;7;0;0;2;1;1
202100031556;145 351;33;0;2;1;3;1
202100031556;145 352;10;0;2;5;1;1
202100031556;145 353;7;0;2;6;1;1
202100031557;145 348;10;1;0;4;23;1
202100031557;145 349;7;0;2;4;1;1
202100031557;145 350;10;1;0;1;1;1
202100031558;145 345;7;0;9;1;1;1
202100031558;145 346;1;0;2;1;1;5
202100031559;145 343;7;1;1;1;1;1
202100031559;145 344;7;0;0;1;24;1
202100031560;145 341;7;12;2;2;1;1
202100031560;145 342;1;0;2;1;15;5
202100031561;145 339;7;0;2;2;15;1
202100031561;145 340;7;0;2;0;1;1
202100031562;145 337;7;0;2;2;1;1
202100031562;145 338;7;0;2;8;16;1
202100031563;145 336;7;0;1;3;1;1
202100031564;145 334;33;0;2;1;1;1
202100031564;145 335;7;0;2;7;15;1
202100031565;145 333;7;0;1;1;1;1
202100031566;145 331;7;0;2;4;1;1
202100031566;145 332;7;0;2;1;0;1
202100031567;145 329;50;0;2;8;15;3
202100031567;145 330;7;0;2;5;17;
202100031568;145 327;7;0;2;5;26;1
202100031568;145 328;31;0;2;1;1;1
202100031569;145 324;7;0;2;1;2;1
202100031569;145 325;7;0;2;4;23;1
202100031569;145 326;7;0;2;4;23;1
202100031570;145 323;7;0;1;0;4;1
202100031571;145 322;10;0;1;1;1;1
202100031572;145 320;30;0;1;1;1;1
202100031572;145 321;37;0;1;3;1;0
202100031573;145 318;7;0;2;1;9;1
202100031573;145 319;30;0;2;0;1;3
202100031574;145 314;7;4;2;4;2;1
202100031574;145 315;10;0;2;4;2;1
202100031574;145 316;7;0;2;1;2;1
202100031574;145 317;7;0;2;0;23;1
202100031575;145 313;7;0;1;1;1;1
202100031576;145 312;3;9;0;1;1;3
202100031577;145 310;7;0;2;1;0;1
202100031577;145 311;7;0;2;7;15;1
202100031578;145 308;1;0;2;0;1;5
202100031578;145 309;7;0;2;1;9;1
202100031579;145 307;7;0;1;2;1;3
202100031580;145 305;7;0;2;1;1;1
202100031580;145 306;30;0;2;1;13;1
202100031581;145 302;7;0;2;1;0;0
202100031581;145 303;7;0;2;4;1;1
202100031581;145 304;7;0;2;1;1;1
202100031582;145 300;7;0;2;1;1;1
202100031582;145 301;30;0;2;7;15;1
202100031583;145 299;7;0;1;1;1;1
202100031584;145 297;43;0;2;1;1;1
202100031584;145 298;7;0;2;5;15;1
202100031585;145 296;7;0;1;2;26;1
202100031586;145 294;7;0;2;2;12;1
202100031586;145 295;32;0;2;3;3;1
202100031587;145 291;32;0;2;8;16;1
202100031587;145 292;7;0;2;7;23;1
202100031587;145 293;7;0;2;2;18;1
202100031588;145 290;31;0;1;6;1;1
202100031589;145 288;7;0;2;1;1;1
202100031589;145 289;10;0;2;5;9;1
202100031590;145 287;43;0;1;1;1;1
202100031591;145 285;7;0;2;5;16;1
202100031591;145 286;32;0;2;1;1;1
202100031592;145 283;7;0;2;7;1;1
202100031592;145 284;7;0;2;1;1;1
202100031593;145 282;30;0;1;1;1;3
202100031594;145 280;50;0;2;2;17;3
202100031594;145 281;7;0;2;3;23;1
202100031595;145 279;7;1;0;1;13;1
202100031596;145 278;31;0;0;0;1;1
202100031597;145 276;30;0;2;4;23;1
202100031597;145 277;7;0;2;1;2;1
202100031598;145 275;2;0;1;1;1;0
202100031599;145 274;33;0;1;2;5;1
202100031600;145 272;7;0;2;3;13;1
202100031600;145 273;33;0;2;2;1;1
202100031601;145 270;10;0;2;0;1;1
202100031601;145 271;30;0;2;8;1;1
202100031602;145 268;7;0;2;1;2;1
202100031602;145 269;7;0;2;4;23;1
202100031603;145 266;7;0;2;3;15;2
202100031603;145 267;32;0;2;2;3;1
202100031604;145 264;7;0;2;3;15;1
202100031604;145 265;33;0;2;2;17;1
202100031605;145 262;7;0;2;1;1;1
202100031605;145 263;7;0;2;8;15;1
202100031606;145 261;7;0;1;2;1;1
202100031607;145 260;31;0;0;0;0;0
202100031608;145 258;37;0;2;6;1;1
202100031608;145 259;7;0;2;0;2;1
202100031609;145 256;7;0;2;1;2;1
202100031609;145 257;2;0;2;4;11;1
202100031610;145 254;7;0;2;8;11;1
202100031610;145 255;7;0;2;2;1;1
202100031611;145 252;32;0;2;8;11;1
202100031611;145 253;7;0;2;2;1;1
202100031612;145 248;99;0;0;0;0;6
202100031612;145 249;15;0;2;6;13;1
202100031612;145 250;10;0;2;6;0;1
202100031612;145 251;7;0;2;7;15;1
202100031613;145 245;7;0;2;1;1;1
202100031613;145 246;7;0;2;4;1;1
202100031613;145 247;7;0;0;0;10;1
202100031614;145 243;1;0;2;1;2;5
202100031614;145 244;7;0;2;6;23;1
202100031615;145 241;2;0;2;8;1;1
202100031615;145 242;7;0;2;1;15;1
202100031616;145 240;7;4;0;9;14;1
202100031617;145 239;32;0;1;0;21;1
202100031618;145 238;7;0;1;7;1;1
202100031619;145 237;7;0;1;1;1;1
202100031620;145 233;32;0;2;1;2;1
202100031620;145 234;7;0;2;4;15;1
202100031621;145 232;7;0;1;1;1;1
202100031622;145 230;2;0;2;1;1;1
202100031622;145 231;7;0;2;3;1;1
202100031623;145 228;50;0;2;8;1;3
202100031623;145 229;7;0;2;1;9;1
202100031624;145 226;30;0;2;1;15;1
202100031624;145 227;33;0;2;8;1;0
202100031625;145 224;7;0;2;4;1;1
202100031625;145 225;7;0;2;1;2;1
202100031626;145 222;30;0;2;2;2;1
202100031626;145 223;7;0;2;3;15;1
202100031627;145 220;7;0;2;7;15;1
202100031627;145 221;31;0;2;1;1;3
202100031628;145 218;7;0;2;4;23;1
202100031628;145 219;7;8;2;1;2;1
202100031629;145 216;33;0;2;8;3;1
202100031629;145 217;7;0;2;2;12;1
202100031630;145 214;7;0;2;1;1;1
202100031630;145 215;7;0;2;7;1;1
202100031631;145 213;7;13;0;3;1;1
202100031632;145 212;7;6;0;2;1;1
202100031633;145 211;3;1;0;2;1;1
202100031634;145 209;7;0;2;2;1;1
202100031634;145 210;7;9;2;3;1;3
202100031635;145 207;7;0;2;1;13;1
202100031635;145 208;13;0;2;3;1;1
202100031636;145 205;7;0;2;3;26;1
202100031636;145 206;7;0;2;2;1;1
202100031637;145 203;7;0;2;1;1;1
202100031637;145 204;7;0;2;1;13;1
202100031638;145 201;7;0;9;2;13;1
202100031638;145 202;1;0;2;6;1;6
202100031639;145 199;10;0;2;2;1;1
202100031639;145 200;1;0;2;1;19;5
202100031640;145 197;21;0;0;8;15;1
202100031640;145 198;31;0;2;1;17;1
202100031641;145 196;7;3;0;1;1;0
202100031642;145 195;7;0;1;2;1;1
202100031643;145 193;7;0;2;1;1;1
202100031643;145 194;1;0;2;6;15;5
202100031644;145 191;1;0;2;1;1;5
202100031644;145 192;7;0;9;1;1;1
202100031645;145 190;7;13;0;3;13;1
202100031646;145 188;21;0;2;8;1;1
202100031646;145 189;33;0;2;8;1;1
202100031647;145 185;21;15;2;3;14;1
202100031647;145 186;10;0;2;1;1;1
202100031647;145 187;15;0;2;7;17;1
202100031648;145 183;30;0;2;8;15;1
202100031648;145 184;7;0;2;2;1;1
202100031649;145 182;2;13;0;9;16;1
202100031650;145 181;7;0;1;0;15;1
202100031651;145 180;33;0;0;0;15;1
202100031652;145 178;7;3;2;3;13;1
202100031652;145 179;7;3;2;3;1;1
202100031653;145 176;7;15;2;1;5;1
202100031653;145 177;7;0;2;1;1;1
202100031654;145 174;7;0;2;8;2;1
202100031654;145 175;7;0;2;8;5;1
202100031655;145 171;7;0;9;3;15;0
202100031655;145 172;1;0;2;1;17;5
202100031656;145 169;17;0;2;3;1;1
202100031656;145 170;7;0;2;1;11;1
202100031657;145 167;10;0;2;2;15;1
202100031657;145 168;33;0;2;3;1;1
202100031658;145 166;33;16;0;1;0;1
202100031659;145 165;33;12;0;0;1;1
202100031660;145 163;7;0;2;1;1;1
202100031660;145 164;7;0;2;1;13;1
202100031661;145 161;7;0;2;1;1;1
202100031661;145 162;1;0;2;7;19;5
202100031662;145 159;15;0;2;2;1;1
202100031662;145 160;7;0;0;8;9;1
202100031663;145 158;7;15;0;1;11;1
202100031664;145 156;31;0;2;1;1;1
202100031664;145 157;7;0;2;2;0;1
202100031665;145 154;10;0;2;8;1;1
202100031665;145 155;1;0;2;1;1;5
202100031666;145 153;33;0;0;8;1;1
202100031667;145 152;7;13;0;0;1;1
202100031668;145 148;7;0;2;1;1;2
202100031668;145 149;7;15;2;8;1;1
202100031669;145 146;14;0;2;3;15;1
202100031669;145 147;33;0;2;1;1;1
202100031670;145 145;7;0;0;2;1;1
202100031671;145 143;7;0;2;1;13;1
202100031671;145 144;7;0;2;1;1;1
202100031672;145 141;7;0;2;1;5;2
202100031672;145 142;7;0;2;1;1;1
202100031673;145 140;7;1;0;1;17;2
202100031674;145 139;7;13;0;1;14;1
202100031675;145 138;7;0;1;2;19;1
202100031676;145 135;7;0;2;1;1;1
202100031676;145 136;2;0;2;7;15;1
202100031677;145 134;43;11;9;8;6;1
202100031678;145 132;7;0;2;1;0;1
202100031678;145 133;7;0;2;1;0;1
202100031679;145 131;2;0;6;1;1;1
202100031680;145 130;33;0;1;1;26;1
202100031681;145 129;33;0;0;7;1;1
202100031682;145 127;7;0;2;3;15;1
202100031682;145 128;31;0;2;7;17;1
202100031683;145 125;7;3;2;1;0;1
202100031683;145 126;7;8;2;9;0;1
202100031684;145 123;1;0;2;1;19;5
202100031684;145 124;7;0;9;2;1;1
202100031685;145 122;7;0;0;9;16;1
202100031686;145 121;32;3;0;2;1;1
202100031687;145 119;7;0;2;1;26;1
202100031687;145 120;2;0;0;4;2;1
202100031688;145 117;7;0;2;3;11;1
202100031688;145 118;33;0;2;1;17;1
202100031689;145 114;7;0;2;1;15;1
202100031689;145 115;2;0;2;2;1;1
202100031689;145 116;7;0;2;3;9;1
202100031690;145 113;7;6;0;3;1;1
202100031691;145 112;7;0;0;2;26;2
202100031692;145 110;7;0;2;1;2;1
202100031692;145 111;14;0;0;6;2;0
202100031693;145 109;7;8;0;9;1;1
202100031694;145 107;33;6;2;1;17;1
202100031694;145 108;10;0;2;8;15;1
202100031695;145 105;7;0;2;7;2;1
202100031695;145 106;7;0;2;8;11;1
202100031696;145 104;7;0;1;1;2;1
202100031697;145 101;7;0;2;1;11;1