Num_Acc;id_vehicule;categorie_vehicule;obstacle_fixe;obstacle_mobile;point_choc_initial;manoeuvre_principale;motorisation
202100031697;145 102;7;0;2;4;2;1
202100031697;145 103;7;0;2;1;2;1
202100031698;145 099;10;0;2;2;12;1
202100031698;145 100;7;0;2;6;2;1
202100031699;145 098;7;3;0;0;9;1
202100031700;145 095;7;0;2;5;1;1
202100031700;145 096;7;4;2;7;26;0
202100031700;145 097;7;4;2;6;1;1
202100031701;145 093;1;0;2;7;19;6
202100031701;145 094;31;0;9;1;1;1
202100031702;145 091;7;0;9;2;1;1
202100031702;145 092;1;0;2;1;19;5
202100031703;145 088;7;0;2;2;1;1
202100031703;145 089;7;3;2;4;0;1
202100031703;145 090;14;0;2;0;26;1
202100031704;145 086;7;0;2;1;2;1
202100031704;145 087;7;0;2;4;1;1
202100031705;145 085;7;8;0;1;2;0
202100031706;145 083;7;0;2;3;26;1
202100031706;145 084;30;0;2;3;9;1
202100031707;145 081;7;0;2;3;15;1
202100031707;145 082;2;0;2;1;17;1
202100031708;145 080;10;6;0;1;9;1
202100031709;145 078;7;0;2;0;26;1
202100031709;145 079;2;0;2;0;26;1
202100031710;145 076;7;0;2;1;1;1
202100031710;145 077;7;0;2;1;1;1
202100031711;145 074;10;0;2;2;1;1
202100031711;145 075;7;0;2;6;1;1
202100031712;145 072;10;0;2;4;4;0
202100031712;145 073;32;0;2;1;2;1
202100031713;145 071;32;0;1;3;9;1
202100031714;145 069;7;0;2;1;2;1
202100031714;145 070;7;0;2;4;2;1
202100031715;145 068;7;0;1;1;15;1
202100031716;145 066;7;0;2;1;26;1
202100031716;145 067;7;0;2;4;0;1
202100031717;145 065;30;0;0;7;1;1
202100031718;145 064;7;0;1;2;1;1
202100031719;145 063;7;0;1;3;1;1
202100031720;145 061;7;0;2;3;1;1
202100031720;145 062;37;0;2;3;0;1
202100031721;145 059;33;0;2;1;17;1
202100031721;145 060;7;0;2;5;15;1
202100031722;145 057;7;0;2;1;1;1
202100031722;145 058;7;0;2;1;19;1
202100031723;145 055;7;0;2;7;15;1
202100031723;145 056;7;0;2;2;1;1
202100031724;145 053;7;0;2;7;19;1
202100031724;145 054;7;14;2;1;0;1
202100031725;145 051;34;0;2;4;3;0
202100031725;145 052;34;0;2;1;3;1
202100031726;145 050;7;0;1;1;1;1
202100031727;145 048;33;0;2;1;2;1
202100031727;145 049;10;0;2;5;23;6
202100031728;145 046;32;0;2;3;13;1
202100031728;145 047;7;0;2;3;1;1
202100031729;145 044;33;8;2;3;17;1
202100031729;145 045;7;0;2;3;15;1
202100031730;145 043;10;0;1;8;1;1
202100031731;145 039;7;0;2;4;2;2
202100031731;145 040;7;0;2;4;2;1
202100031731;145 041;7;0;2;4;2;1
202100031731;145 042;10;0;2;1;2;1
202100031732;145 037;7;0;2;2;1;1
202100031732;145 038;43;0;2;3;1;1
202100031733;145 035;32;0;2;1;17;1
202100031733;145 036;1;0;2;4;13;5
202100031734;145 033;7;0;2;5;22;2
202100031734;145 034;1;0;2;7;18;5
202100031735;145 031;7;0;2;3;2;1
202100031735;145 032;32;0;2;7;2;1
202100031736;145 029;7;0;2;0;17;1
202100031736;145 030;50;0;2;8;1;3
202100031737;145 027;1;0;2;3;10;5
202100031737;145 028;1;0;2;1;17;5
202100031738;145 025;7;0;2;1;16;1
202100031738;145 026;1;0;2;7;19;5
202100031739;145 024;30;1;0;4;16;1
202100031740;145 022;7;0;2;1;2;1
202100031740;145 023;31;0;2;4;23;1
202100031741;145 020;1;0;2;8;1;5
202100031741;145 021;7;0;2;5;14;2
202100031742;145 019;31;0;1;1;3;1
202100031743;145 017;7;0;2;5;15;1
202100031743;145 018;13;0;2;1;1;1
202100031744;145 016;7;0;1;2;15;1
202100031745;145 014;7;0;2;3;9;1
202100031745;145 015;30;0;2;1;17;1
202100031746;145 012;7;0;2;1;20;1
202100031746;145 013;32;0;2;7;1;1
202100031747;145 010;1;1;0;8;2;0
202100031747;145 011;10;0;2;3;23;1
202100031748;145 009;7;0;1;5;26;1
202100031749;145 008;43;12;0;1;1;1
202100031750;145 007;7;6;0;1;14;1
202100031751;145 006;7;0;9;1;1;1
202100031752;145 003;7;0;2;1;5;1
202100031752;145 004;7;0;2;2;1;1
202100031752;145 005;7;1;2;1;24;1
202100031753;145 002;7;0;1;1;1;1
202100031754;145 001;15;0;1;0;0;1
202100031755;144 999;7;0;9;3;9;1
202100031755;145 000;1;0;2;1;1;0
202100031756;144 995;7;0;2;3;9;1
202100031756;144 996;32;0;2;1;21;1
202100031757;144 993;10;16;2;7;7;0
202100031757;144 994;1;0;2;8;7;5
202100031758;144 991;7;0;2;2;15;1
202100031758;144 992;2;0;2;8;1;1
202100031759;144 990;30;1;0;4;9;1
202100031760;144 989;7;0;1;1;1;1
202100031761;144 988;1;0;0;0;25;5
202100031762;144 986;7;0;2;4;1;1
202100031762;144 987;30;1;2;1;2;1
202100031763;144 984;7;0;2;2;2;1
202100031763;144 985;7;0;2;4;1;1
202100031764;144 983;33;0;1;1;1;1
202100031765;144 982;37;9;0;5;16;2
202100031766;144 980;7;0;1;1;1;1
202100031766;144 981;1;0;2;8;1;5
202100031767;144 978;31;0;2;2;17;1
202100031767;144 979;7;0;2;6;15;2
202100031768;144 977;7;0;1;1;1;1
202100031769;144 975;7;0;2;1;16;1
202100031769;144 976;7;0;2;1;1;1
202100031770;144 973;7;0;2;1;15;1
202100031770;144 974;33;0;2;8;1;1
202100031771;144 971;1;0;2;6;2;5
202100031771;144 972;1;0;2;2;2;5
202100031772;144 969;15;0;2;2;26;1
202100031772;144 970;33;0;2;1;0;1
202100031773;144 968;7;15;0;2;14;1
202100031774;144 966;7;0;2;2;1;1
202100031774;144 967;1;0;2;3;1;5
202100031775;144 963;7;0;0;0;17;1
202100031775;144 964;7;0;0;9;17;1
202100031776;144 961;33;0;2;3;1;1
202100031776;144 962;17;0;2;8;17;1
202100031777;144 959;31;0;2;7;15;1
202100031777;144 960;15;0;0;5;1;1
202100031778;144 957;2;0;2;3;13;1
202100031778;144 958;7;0;2;6;1;1
202100031779;144 955;2;0;2;1;1;1
202100031779;144 956;7;0;2;8;15;1
202100031780;144 954;7;0;1;2;1;1
202100031781;144 952;7;0;2;3;9;1
202100031781;144 953;2;0;2;1;1;1
202100031782;144 950;2;0;2;1;1;1
202100031782;144 951;7;0;2;1;15;1
202100031783;144 949;2;10;0;7;0;1
202100031784;144 947;7;0;2;2;17;1
202100031784;144 948;14;0;0;6;2;1
202100031785;144 945;7;0;2;3;26;1
202100031785;144 946;7;0;2;1;1;1
202100031786;144 940;7;0;0;4;1;1
202100031786;144 941;7;0;0;4;2;1
202100031786;144 942;15;0;0;4;2;1
202100031786;144 943;15;0;2;4;21;1
202100031786;144 944;15;0;2;1;2;1
202100031787;144 938;7;0;2;1;1;1
202100031787;144 939;7;0;2;3;1;1
202100031788;144 937;7;8;0;3;13;1
202100031789;144 935;7;0;2;1;1;1
202100031789;144 936;7;14;2;1;16;1
202100031790;144 934;33;15;0;1;1;1
202100031791;144 932;7;12;2;2;17;2
202100031791;144 933;7;9;0;8;15;1
202100031792;144 930;7;0;0;6;9;1
202100031792;144 931;7;0;2;2;16;1
202100031793;144 929;33;0;0;7;1;1
202100031794;144 928;33;13;0;1;1;1
202100031795;144 927;7;0;0;9;1;1
202100031796;144 925;7;0;0;3;2;1
202100031796;144 926;7;0;2;3;15;1
202100031797;144 924;14;0;1;1;1;0
202100031798;144 922;10;0;2;6;2;1
202100031798;144 923;33;0;2;1;2;1
202100031799;144 921;7;0;2;4;1;1
202100031800;144 919;7;0;2;1;2;1
202100031800;144 920;7;0;2;4;2;1
202100031801;144 917;7;0;2;4;1;1
202100031801;144 918;7;0;2;1;2;1
202100031802;144 915;7;4;0;3;1;1
202100031802;144 916;10;0;0;0;13;1
202100031803;144 914;7;4;0;3;13;1
202100031804;144 912;7;0;2;1;1;1
202100031804;144 913;7;0;2;4;2;1
202100031805;144 911;43;0;0;0;2;1
202100031806;144 909;7;0;2;4;1;1
202100031806;144 910;7;0;2;1;1;1
202100031807;144 908;3;4;0;9;13;1
202100031808;144 907;33;0;0;9;2;1
202100031809;144 905;7;0;2;6;1;1
202100031809;144 906;32;0;2;1;3;1
202100031810;144 900;7;0;2;7;2;1
202100031810;144 901;0;0;2;0;0;0
202100031810;144 902;13;0;2;4;2;1
202100031810;144 903;7;0;2;4;2;1
202100031810;144 904;7;0;2;2;2;1
202100031811;144 897;7;0;2;4;2;2
202100031811;144 898;7;0;2;1;1;1
202100031811;144 899;7;0;2;4;2;1
202100031812;144 895;33;0;2;7;3;1
202100031812;144 896;10;0;2;7;2;1
202100031813;144 892;7;0;2;1;26;1
202100031813;144 893;7;0;2;5;0;1
202100031813;144 894;7;0;2;3;0;1
202100031814;144 890;7;0;2;3;5;1
202100031814;144 891;7;0;2;2;1;1
202100031815;144 888;7;0;2;5;1;1
202100031815;144 889;7;14;2;1;1;1
202100031816;144 884;7;0;2;5;16;1
202100031816;144 885;30;0;2;1;1;1
202100031817;144 882;1;0;2;8;9;6
202100031817;144 883;32;0;2;1;1;1
202100031818;144 881;30;0;0;0;1;1
202100031819;144 879;7;2;0;1;0;1
202100031819;144 880;7;2;0;1;0;2
202100031820;144 877;7;0;2;6;1;1
202100031820;144 878;50;0;2;6;1;3
202100031821;144 875;10;0;2;1;2;1
202100031821;144 876;7;0;2;4;2;1
202100031822;144 873;7;0;2;6;15;1
202100031822;144 874;33;0;2;1;1;1
202100031823;144 871;7;0;2;1;1;1
202100031823;144 872;7;0;2;4;1;1
202100031824;144 869;60;0;2;8;19;5
202100031824;144 870;7;0;2;8;1;1
202100031825;144 867;7;0;1;5;15;1
202100031825;144 868;1;0;2;8;26;5
202100031826;144 866;7;0;1;3;1;1
202100031827;144 864;32;0;2;8;2;1
202100031827;144 865;7;0;2;3;9;1
202100031828;144 862;33;0;2;1;1;1
202100031828;144 863;7;0;2;2;9;1
202100031829;144 860;99;0;9;3;26;1
202100031829;144 861;1;0;2;1;25;0
202100031830;144 858;7;0;2;3;1;1
202100031830;144 859;1;0;2;7;1;5
202100031831;144 856;7;0;2;3;1;1
202100031831;144 857;34;0;2;1;19;1
202100031832;144 854;33;0;0;7;1;1
202100031833;144 852;7;0;2;1;1;1
202100031833;144 853;7;0;2;3;1;1
202100031834;144 850;7;0;2;1;1;
202100031834;144 851;7;0;2;0;19;
202100031835;144 849;7;17;0;1;1;1
202100031836;144 847;33;0;2;1;2;1
202100031836;144 848;7;0;2;4;2;1
202100031837;144 845;2;0;2;1;1;1
202100031837;144 846;7;0;2;3;1;1
202100031838;144 844;7;0;0;9;1;1
202100031839;144 842;7;0;2;1;15;2
202100031839;144 843;33;0;2;1;0;1
202100031840;144 840;34;0;2;1;26;0
202100031840;144 841;7;0;2;0;1;1
202100031841;144 836;7;0;1;1;1;1
202100031842;144 835;7;1;0;1;1;1
202100031843;144 834;7;1;0;3;0;1
202100031844;144 832;7;0;2;8;0;1
202100031844;144 833;2;0;2;1;9;1
202100031845;144 830;99;0;2;6;26;6
202100031845;144 831;2;1;0;1;1;1
202100031846;144 829;7;0;1;1;15;1
202100031847;144 828;7;0;1;7;1;1
202100031848;144 826;7;0;2;8;14;1
202100031848;144 827;7;0;2;1;1;1
202100031849;144 824;7;0;2;5;9;1
202100031849;144 825;1;0;2;5;0;5
202100031850;144 822;7;0;2;1;9;1
202100031850;144 823;1;0;2;7;1;0
202100031851;144 820;7;0;2;1;1;1
202100031851;144 821;50;0;2;0;13;3
202100031852;144 819;7;4;0;9;1;1
202100031853;144 817;7;0;2;2;1;1
202100031853;144 818;7;0;2;1;9;1
202100031854;144 816;30;1;0;8;13;1
202100031855;144 815;30;0;0;3;16;1
202100031856;144 814;7;0;0;0;26;1
202100031857;144 813;7;13;0;9;1;1
202100031858;144 812;2;0;0;7;26;1
202100031859;144 810;30;0;2;1;19;1
202100031859;144 811;7;0;2;1;19;1
202100031860;144 809;7;0;1;1;26;1
202100031861;144 807;99;0;2;3;9;3
202100031861;144 808;7;0;2;2;1;1
202100031862;144 805;31;0;2;0;0;0
202100031862;144 806;7;1;0;0;0;0
202100031863;144 803;7;0;2;0;0;1
202100031863;144 804;50;0;2;7;19;3
202100031864;144 801;20;0;2;1;1;1
202100031864;144 802;32;0;2;2;9;3
202100031865;144 800;7;1;0;1;1;1
202100031866;144 795;10;0;2;1;2;1
202100031866;144 796;7;0;2;4;23;1
202100031866;144 797;7;0;2;4;23;1
202100031866;144 798;10;0;2;4;23;1
202100031866;144 799;7;0;2;4;23;1
202100031867;144 794;7;0;1;1;2;1
202100031868;144 790;10;0;2;2;16;1
202100031868;144 791;50;0;0;0;1;3
202100031869;144 788;1;0;2;7;1;0
202100031869;144 789;7;0;2;7;9;1
202100031870;144 787;7;0;1;3;1;1
202100031871;144 785;7;0;2;3;1;1
202100031871;144 786;7;0;2;3;1;1
202100031872;144 783;7;0;2;1;1;1
202100031872;144 784;1;0;2;1;1;5
202100031873;144 782;1;1;1;1;21;5
202100031874;144 780;7;0;2;1;9;1
202100031874;144 781;7;0;2;8;1;1
202100031875;144 778;7;0;2;3;15;1
202100031875;144 779;99;0;2;1;1;0
202100031876;144 777;30;0;0;9;1;1
202100031877;144 775;30;0;2;1;1;1
202100031877;144 776;7;0;2;7;15;1
202100031878;144 771;10;0;2;4;9;1
202100031878;144 772;7;0;2;1;9;1
202100031879;144 770;7;0;1;1;1;1
202100031880;144 768;1;0;2;2;0;0
202100031880;144 769;7;0;2;1;9;1
202100031881;144 767;31;3;9;1;1;1
202100031882;144 765;7;0;2;1;15;1
202100031882;144 766;7;0;2;1;1;1
202100031883;144 763;7;0;2;5;1;1
202100031883;144 764;7;0;2;1;1;1
202100031884;144 762;32;10;0;0;1;1
202100031885;144 761;7;9;0;1;14;1
202100031886;144 759;32;14;2;1;15;0
202100031886;144 760;7;0;2;3;1;1
202100031887;144 757;34;0;9;7;15;1
202100031887;144 758;7;0;2;3;1;1
202100031888;144 755;31;0;2;8;15;1
202100031888;144 756;31;0;2;7;1;1
202100031889;144 753;7;0;2;3;19;1
202100031889;144 754;2;0;2;1;1;1
202100031890;144 752;10;0;1;7;1;1
202100031891;144 750;7;0;2;5;15;1
202100031891;144 751;33;0;2;1;2;1
202100031892;144 748;7;0;2;5;13;1
202100031892;144 749;33;0;2;3;18;1
202100031893;144 747;1;0;0;7;1;5
202100031894;144 745;7;0;2;3;1;1
202100031894;144 746;7;0;2;3;1;1
202100031895;144 744;7;0;0;9;1;1
202100031896;144 742;7;0;2;7;12;0
202100031896;144 743;31;0;2;8;2;1
202100031897;144 738;10;0;2;5;2;1
202100031897;144 739;7;0;2;6;2;1
202100031897;144 740;33;0;2;1;3;1
202100031897;144 741;7;0;2;7;12;1
202100031898;144 736;7;0;2;1;10;1
202100031898;144 737;30;0;2;1;1;1
202100031899;144 734;7;0;2;2;1;1
202100031899;144 735;30;0;2;1;1;1
202100031900;144 733;7;15;0;1;14;1
202100031901;144 732;37;9;1;5;1;1
202100031902;144 730;7;0;2;8;1;1
202100031902;144 731;30;0;2;1;1;1
202100031903;144 727;7;0;2;1;1;1
202100031903;144 728;7;0;2;4;23;1
202100031903;144 729;7;0;2;4;23;1
202100031904;144 725;7;0;2;2;1;1
202100031904;144 726;80;0;2;7;1;3
202100031905;144 722;33;0;2;1;1;1
202100031905;144 723;10;0;2;2;9;1
202100031906;144 720;32;0;2;1;1;1
202100031906;144 721;7;0;2;3;1;1
202100031907;144 718;7;0;2;5;1;1
202100031907;144 719;1;0;2;8;1;5
202100031908;144 716;7;0;2;1;1;0
202100031908;144 717;32;0;2;4;1;1
202100031909;144 715;7;15;0;1;24;1
202100031910;144 713;7;0;2;2;16;1
202100031910;144 714;43;0;2;3;18;1
202100031911;144 711;7;0;2;1;2;1
202100031911;144 712;7;0;2;4;0;1
202100031912;144 709;7;0;2;2;10;1
202100031912;144 710;2;0;2;1;1;1
202100031913;144 707;7;0;2;2;1;1
202100031913;144 708;7;0;2;2;19;1
202100031914;144 705;7;0;2;2;26;0
202100031914;144 706;7;0;2;6;15;1
202100031915;144 703;2;0;2;1;2;1
202100031915;144 704;7;0;2;4;1;1
202100031916;144 701;7;0;2;4;1;1
202100031916;144 702;34;0;2;2;1;0
202100031917;144 697;7;0;2;4;1;1
202100031917;144 698;10;0;2;1;1;1
202100031917;144 699;7;0;2;4;1;1
202100031917;144 700;7;0;2;4;1;1
202100031918;144 695;1;0;2;7;9;6
202100031918;144 696;99;0;2;1;9;0
202100031919;144 693;37;0;2;1;1;1
202100031919;144 694;7;8;2;8;19;1
202100031920;144 691;15;0;2;1;2;1
202100031920;144 692;10;0;2;4;1;1
202100031921;144 689;7;0;2;5;15;1
202100031921;144 690;32;0;2;1;1;1
202100031922;144 687;7;0;2;2;15;1
202100031922;144 688;32;0;2;0;0;1
202100031923;144 685;1;0;2;1;2;0
202100031923;144 686;3;0;2;4;23;0
202100031924;144 683;7;0;2;8;1;1
202100031924;144 684;7;0;2;1;1;1
202100031925;144 681;32;0;2;0;1;1
202100031925;144 682;7;0;2;2;16;1
202100031926;144 680;2;9;0;2;1;1
202100031927;144 678;7;0;2;3;1;1
202100031927;144 679;7;0;2;3;1;1
202100031928;144 676;10;0;2;3;15;1
202100031928;144 677;33;0;2;3;17;1
202100031929;144 674;31;0;2;5;17;1
202100031929;144 675;7;0;2;3;15;1
202100031930;144 672;80;0;2;8;9;3
202100031930;144 673;7;0;9;2;16;1
202100031931;144 670;7;0;0;6;9;1
202100031931;144 671;33;0;0;8;1;1
202100031932;144 666;10;0;2;1;1;1
202100031932;144 667;7;0;0;4;15;1
202100031933;144 664;33;0;2;7;17;1
202100031933;144 665;7;0;2;6;1;1
202100031934;144 662;15;0;2;8;1;1
202100031934;144 663;33;13;2;8;13;1
202100031935;144 661;7;13;0;8;1;1
202100031936;144 660;7;8;0;2;14;1
202100031937;144 659;7;6;0;2;1;1
202100031938;144 657;7;0;2;3;15;1
202100031938;144 658;2;0;2;2;1;1
202100031939;144 656;43;0;2;7;2;1
202100031940;144 654;7;0;2;5;12;1
202100031940;144 655;33;0;2;1;3;1
202100031941;144 652;7;0;2;8;11;1
202100031941;144 653;33;0;2;1;3;1
202100031942;144 648;7;0;2;1;2;1
202100031942;144 649;7;0;2;4;2;1
202100031942;144 650;7;0;2;1;2;1
202100031942;144 651;7;0;2;4;2;1
202100031943;144 645;10;0;2;2;2;1
202100031943;144 646;7;0;2;4;2;1
202100031943;144 647;7;0;2;1;2;1
202100031944;144 643;43;0;2;1;3;1
202100031944;144 644;7;0;2;7;12;1
202100031945;144 641;99;0;2;4;23;1
202100031945;144 642;7;1;0;1;2;0
202100031946;144 639;33;0;2;7;3;1
202100031946;144 640;7;0;2;6;11;1
202100031947;144 637;7;0;2;1;2;1
202100031947;144 638;7;0;2;4;2;1
202100031948;144 635;7;0;2;4;1;1
202100031948;144 636;7;0;2;1;1;3
202100031949;144 633;7;0;2;4;1;1
202100031949;144 634;7;0;2;3;11;0
202100031950;144 631;7;0;1;1;23;1
202100031950;144 632;7;0;2;0;23;1
202100031951;144 630;7;0;1;4;4;1
202100031952;144 628;31;0;2;5;2;1
202100031952;144 629;1;0;2;5;2;5
202100031953;144 627;7;2;0;1;1;1
202100031954;144 624;31;0;2;1;1;1
202100031954;144 625;7;0;2;3;9;1
202100031954;144 626;7;0;2;3;23;1
202100031955;144 623;10;0;1;4;20;1
202100031956;144 622;30;15;0;1;1;1
202100031957;144 621;7;15;0;1;25;1
202100031958;144 619;30;0;2;7;1;1
202100031958;144 620;7;0;2;1;1;1
202100031959;144 618;30;15;0;1;0;1
202100031960;144 616;7;0;2;8;9;1
202100031960;144 617;7;0;2;1;9;1
202100031961;144 615;7;0;1;5;20;1
202100031962;144 613;7;0;2;6;14;1
202100031962;144 614;7;0;2;2;17;1
202100031963;144 612;7;0;1;2;1;1
202100031964;144 609;7;4;2;2;17;1
202100031964;144 610;7;12;2;6;1;2
202100031964;144 611;7;4;2;2;1;1
202100031965;144 607;7;0;2;8;15;1
202100031965;144 608;43;0;2;3;17;1
202100031966;144 606;2;0;0;1;26;1
202100031967;144 605;33;3;0;0;0;
202100031968;144 603;10;0;2;1;1;1
202100031968;144 604;2;0;2;8;19;1
202100031969;144 601;33;0;2;0;0;0
202100031969;144 602;7;0;2;0;0;0
202100031970;144 600;32;12;0;1;1;1
202100031971;144 599;7;0;2;3;20;1
202100031972;144 596;7;0;1;3;1;1
202100031973;144 594;7;0;2;1;1;1
202100031973;144 595;7;0;2;1;26;1
202100031974;144 592;10;0;2;3;1;1
202100031974;144 593;7;0;2;7;15;1
202100031975;144 590;7;0;2;1;26;0
202100031975;144 591;7;0;2;1;11;1
202100031976;144 588;1;0;2;1;5;5
202100031976;144 589;7;0;2;1;15;1
202100031977;144 586;7;0;2;1;15;0
202100031977;144 587;1;0;2;1;1;5
202100031978;144 584;80;0;2;4;2;3
202100031978;144 585;7;0;2;2;2;1
202100031979;144 582;7;0;2;5;20;1
202100031979;144 583;1;0;2;2;0;5
202100031980;144 580;7;2;2;8;21;1
202100031980;144 581;7;0;2;1;13;1
202100031981;144 579;7;2;0;0;16;1
202100031982;144 578;1;0;1;1;1;5
202100031983;144 576;7;0;2;4;1;1
202100031983;144 577;30;0;2;1;1;1
202100031984;144 575;7;8;1;1;1;1
202100031985;144 574;0;0;1;2;0;0
202100031986;144 573;7;9;0;1;1;1
202100031987;144 570;7;14;2;4;26;1
202100031987;144 571;7;0;2;4;23;1
202100031987;144 572;7;14;2;4;26;1
202100031988;144 569;7;0;1;2;2;1
202100031989;144 566;7;0;2;4;23;1
202100031989;144 567;7;0;2;4;1;2
202100031989;144 568;7;0;2;1;1;1
202100031990;144 562;7;0;2;4;23;1
202100031990;144 563;7;0;2;4;23;1
202100031990;144 564;7;0;2;4;23;1
202100031990;144 565;7;0;2;1;1;2
202100031991;144 561;10;0;1;3;15;1
202100031992;144 560;7;0;1;7;15;1
202100031993;144 558;7;0;2;0;16;2
202100031993;144 559;50;0;2;8;1;3
202100031994;144 557;2;0;0;7;1;1
202100031995;144 554;7;0;2;3;1;1
202100031995;144 555;32;0;2;3;9;1
202100031995;144 556;2;0;2;3;1;1
202100031996;144 552;7;0;2;5;15;1
202100031996;144 553;7;0;2;1;2;1
202100031997;144 550;10;0;2;1;17;1
202100031997;144 551;10;1;0;7;0;1
202100031998;144 548;7;0;2;2;21;1
202100031998;144 549;7;0;2;6;23;1
202100031999;144 545;7;0;2;6;0;1
202100031999;144 546;7;0;2;6;26;1
202100031999;144 547;7;0;9;0;0;1
202100032000;144 543;33;0;2;5;1;1
202100032000;144 544;7;0;2;2;1;0
202100032001;144 541;7;0;2;3;1;1
202100032001;144 542;7;0;2;1;2;1
202100032002;144 540;7;2;0;1;15;1
202100032003;144 538;7;0;2;1;1;1
202100032003;144 539;7;0;2;7;26;1
202100032004;144 537;33;16;0;7;15;1
202100032005;144 535;10;0;2;4;0;1
202100032005;144 536;50;0;2;1;2;3
202100032006;144 533;7;1;2;3;1;1
202100032006;144 534;7;0;2;1;15;1
202100032007;144 531;3;0;2;3;9;2
202100032007;144 532;2;0;2;2;1;1
202100032008;144 530;33;0;0;3;1;1
202100032009;144 529;33;7;0;1;1;1
202100032010;144 528;33;0;0;8;1;1
202100032011;144 526;7;0;2;4;12;1
202100032011;144 527;10;0;2;1;1;1
202100032012;144 524;7;0;2;1;1;1
202100032012;144 525;7;0;2;1;1;1
202100032013;144 523;33;0;0;8;0;0
202100032014;144 521;14;0;2;7;17;1
202100032014;144 522;32;0;2;8;2;1
202100032015;144 519;7;0;0;1;13;1
202100032015;144 520;10;6;0;3;1;1
202100032016;144 518;2;0;0;0;0;1
202100032017;144 517;7;6;0;1;13;2
202100032018;144 515;7;7;2;1;1;1
202100032018;144 516;7;13;2;7;19;1
202100032019;144 512;7;0;2;1;1;1
202100032019;144 513;7;0;2;4;1;1
202100032019;144 514;7;0;2;4;1;1
202100032020;144 511;7;13;0;1;1;1
202100032021;144 509;7;0;2;3;5;1
202100032021;144 510;7;0;2;3;1;1
202100032022;144 507;7;0;2;3;9;1
202100032022;144 508;31;0;0;5;15;1
202100032023;144 506;33;0;0;1;14;1
202100032024;144 505;33;0;0;9;21;1
202100032025;144 503;7;0;2;1;15;1
202100032025;144 504;7;0;2;2;1;1
202100032026;144 501;7;0;2;8;9;1
202100032026;144 502;7;0;2;1;1;1
202100032027;144 499;7;2;2;3;1;1
202100032027;144 500;7;0;2;2;15;1
202100032028;144 497;32;0;2;1;1;1
202100032028;144 498;7;0;2;8;10;1
202100032029;144 496;1;0;0;0;1;5
202100032030;144 494;7;0;2;1;19;1
202100032030;144 495;7;0;2;2;1;1
202100032031;144 492;7;0;0;3;26;1
202100032031;144 493;2;0;0;1;1;1
202100032032;144 491;7;0;1;8;1;0
202100032033;144 489;1;0;2;1;1;5
202100032033;144 490;7;0;2;8;1;1
202100032034;144 487;33;0;2;2;17;1
202100032034;144 488;16;0;2;3;15;1
202100032035;144 486;7;0;0;0;26;1
202100032036;144 485;7;2;0;2;0;1
202100032037;144 483;7;0;2;3;13;1
202100032037;144 484;7;0;2;3;1;1
202100032038;144 482;7;0;1;3;15;1
202100032039;144 480;33;0;2;8;17;1
202100032039;144 481;7;0;2;8;1;1
202100032040;144 478;7;0;2;3;2;1
202100032040;144 479;10;0;0;5;2;1
202100032041;144 477;33;13;0;3;0;1
202100032042;144 476;7;4;0;8;1;1
202100032043;144 475;33;0;0;4;1;1
202100032044;144 474;7;2;0;9;21;1
202100032045;144 472;10;7;2;1;9;1
202100032045;144 473;7;0;2;8;1;2
202100032046;144 471;7;0;0;0;0;1
202100032047;144 469;7;0;9;1;1;1
202100032047;144 470;1;0;2;3;19;5
202100032048;144 468;2;0;0;9;1;1
202100032049;144 466;33;0;2;1;1;1
202100032049;144 467;7;0;2;2;15;1
202100032050;144 463;7;13;0;2;0;1
202100032051;144 461;7;3;0;1;1;1
202100032052;144 460;7;4;0;2;0;1
202100032053;144 458;7;0;2;1;14;1
202100032053;144 459;7;4;2;4;14;1
202100032054;144 456;7;4;2;4;2;2
202100032054;144 457;7;4;2;1;2;1
202100032055;144 454;7;0;2;4;0;1
202100032055;144 455;17;0;2;1;1;1
202100032056;144 448;7;0;2;4;1;0
202100032056;144 449;7;0;2;4;1;0
202100032056;144 450;7;0;2;4;0;1
202100032056;144 451;7;0;2;1;2;1
202100032056;144 452;7;0;2;4;1;1
202100032056;144 453;7;0;2;1;1;1
202100032057;144 447;7;0;0;1;1;1
202100032058;144 446;7;4;0;1;9;1
202100032059;144 442;7;0;2;3;2;1
202100032059;144 443;7;0;2;2;1;1
202100032059;144 444;7;0;2;4;2;1
202100032059;144 445;7;0;2;9;2;1
202100032060;144 440;33;0;2;3;3;1
202100032060;144 441;7;3;2;2;1;1
202100032061;144 439;7;4;0;1;1;1
202100032062;144 438;7;4;0;1;1;1
202100032063;144 436;33;0;2;1;2;1
202100032063;144 437;7;0;2;4;2;1
202100032064;144 435;7;4;0;8;12;1
202100032065;144 434;7;4;0;1;26;1
202100032066;144 432;7;0;2;1;5;1
202100032066;144 433;7;0;2;1;1;1
202100032067;144 430;7;0;2;7;12;1
202100032067;144 431;32;0;2;3;3;1
202100032068;144 427;33;0;2;8;1;1
202100032068;144 428;7;0;2;5;12;1
202100032069;144 425;7;0;2;4;26;1
202100032069;144 426;7;0;2;1;2;1
202100032070;144 424;33;4;0;2;17;1
202100032071;144 421;7;0;1;4;4;1
202100032072;144 420;10;0;1;1;1;1
202100032073;144 419;7;0;1;2;18;1
202100032074;144 417;30;0;2;0;17;0
202100032074;144 418;7;0;2;3;15;1
202100032075;144 416;33;8;0;8;17;1
202100032076;144 414;7;0;2;8;15;6
202100032076;144 415;2;0;2;8;1;6
202100032077;144 412;7;0;2;8;15;1
202100032077;144 413;99;0;2;1;1;6
202100032078;144 411;0;0;0;0;0;0
202100032079;144 409;7;0;2;7;1;1
202100032079;144 410;7;0;2;1;16;1
202100032080;144 407;7;0;2;4;2;1
202100032080;144 408;10;0;2;1;2;1
202100032081;144 405;1;8;2;1;15;5
202100032081;144 406;7;8;2;3;1;1