Num_Acc;id_vehicule;categorie_vehicule;obstacle_fixe;obstacle_mobile;point_choc_initial;manoeuvre_principale;motorisation
202100032082;144 403;7;0;2;6;19;1
202100032082;144 404;7;0;2;1;1;1
202100032083;144 401;1;0;2;5;1;5
202100032083;144 402;7;0;2;3;9;1
202100032084;144 399;7;0;2;6;1;1
202100032084;144 400;7;0;2;1;2;1
202100032085;144 397;33;0;0;0;0;1
202100032085;144 398;7;0;2;1;1;1
202100032086;144 395;30;0;2;2;15;1
202100032086;144 396;7;0;2;8;15;1
202100032087;144 392;7;0;2;1;1;1
202100032087;144 393;7;0;2;3;15;1
202100032087;144 394;7;0;2;1;9;1
202100032088;144 391;7;0;1;1;26;1
202100032089;144 390;32;5;0;1;13;1
202100032090;144 389;7;0;1;5;19;1
202100032091;144 387;17;0;2;3;9;1
202100032091;144 388;7;1;2;2;21;1
202100032092;144 385;7;0;0;1;2;1
202100032092;144 386;33;0;0;4;1;1
202100032093;144 383;7;0;2;1;13;1
202100032093;144 384;7;0;2;1;1;1
202100032094;144 381;7;0;2;8;1;1
202100032094;144 382;30;0;2;1;15;1
202100032095;144 379;7;0;2;3;15;1
202100032095;144 380;31;0;2;1;5;1
202100032096;144 378;10;0;1;2;16;1
202100032097;144 376;7;0;2;3;1;1
202100032097;144 377;7;14;2;1;13;1
202100032098;144 374;7;0;2;3;15;1
202100032098;144 375;7;0;2;1;1;0
202100032099;144 372;7;0;2;3;15;1
202100032099;144 373;7;0;2;3;1;2
202100032100;144 370;30;0;2;2;17;1
202100032100;144 371;7;0;2;3;15;2
202100032101;144 369;31;0;0;8;2;1
202100032102;144 368;7;0;1;1;15;1
202100032103;144 367;7;2;0;8;14;1
202100032104;144 365;7;0;2;6;0;1
202100032104;144 366;33;0;2;8;0;1
202100032105;144 363;3;0;2;1;2;1
202100032105;144 364;3;0;2;4;2;1
202100032106;144 361;7;0;2;1;1;1
202100032106;144 362;10;0;2;4;1;0
202100032107;144 359;7;0;2;4;1;1
202100032107;144 360;7;0;2;1;2;1
202100032108;144 358;32;1;0;0;1;1
202100032109;144 356;33;0;2;1;1;1
202100032109;144 357;7;0;2;3;15;1
202100032110;144 355;7;9;0;1;15;1
202100032111;144 354;10;11;0;1;6;1
202100032112;144 352;7;0;2;1;1;1
202100032112;144 353;7;0;2;7;1;1
202100032113;144 351;7;1;0;1;13;1
202100032114;144 349;7;3;2;6;1;1
202100032114;144 350;15;0;2;7;12;1
202100032115;144 347;2;0;2;1;1;1
202100032115;144 348;7;0;2;1;15;1
202100032116;144 345;7;0;2;1;1;1
202100032116;144 346;7;0;2;3;1;1
202100032117;144 343;7;0;2;6;2;1
202100032117;144 344;7;0;2;1;9;1
202100032118;144 340;7;0;2;1;2;3
202100032118;144 341;7;0;2;4;2;1
202100032118;144 342;7;0;2;4;2;1
202100032119;144 338;7;0;2;0;0;2
202100032119;144 339;31;0;2;1;21;1
202100032120;144 336;7;0;2;1;1;1
202100032120;144 337;7;0;2;2;15;1
202100032121;144 335;7;0;1;0;1;0
202100032122;144 333;7;0;2;1;0;1
202100032122;144 334;7;1;0;1;14;1
202100032123;144 330;7;0;2;6;1;1
202100032123;144 331;7;0;2;1;2;1
202100032123;144 332;7;0;2;2;17;1
202100032124;144 327;7;0;2;1;2;1
202100032124;144 328;7;0;2;4;2;1
202100032124;144 329;7;0;2;4;2;1
202100032125;144 325;7;0;2;1;11;1
202100032125;144 326;33;0;2;6;1;1
202100032126;144 323;34;0;2;8;1;1
202100032126;144 324;10;0;2;2;1;1
202100032127;144 321;7;0;2;2;1;3
202100032127;144 322;7;0;2;5;15;1
202100032128;144 319;7;0;2;2;15;1
202100032128;144 320;33;0;2;3;1;1
202100032129;144 318;7;1;1;2;14;1
202100032130;144 315;7;0;2;1;13;1
202100032130;144 316;30;0;2;1;1;1
202100032130;144 317;30;0;2;8;1;1
202100032131;144 314;30;14;0;1;13;1
202100032132;144 312;7;0;2;1;13;0
202100032132;144 313;7;0;2;3;1;1
202100032133;144 310;1;0;2;1;1;5
202100032133;144 311;7;0;2;3;15;1
202100032134;144 309;30;1;0;1;21;1
202100032135;144 307;7;0;2;3;1;2
202100032135;144 308;30;0;2;2;1;1
202100032136;144 306;1;0;1;8;1;5
202100032137;144 305;7;7;0;3;13;1
202100032138;144 303;7;0;2;1;2;1
202100032138;144 304;7;0;2;4;2;2
202100032139;144 301;30;0;2;1;1;1
202100032139;144 302;10;0;2;5;15;1
202100032140;144 298;1;0;2;3;23;5
202100032140;144 299;33;0;2;1;1;0
202100032140;144 300;7;0;2;2;15;1
202100032141;144 297;10;0;1;5;4;1
202100032142;144 295;7;0;2;7;16;1
202100032142;144 296;43;0;2;8;18;1
202100032143;144 293;30;0;2;7;1;1
202100032143;144 294;7;0;2;1;1;1
202100032144;144 291;7;0;2;3;23;1
202100032144;144 292;50;0;2;1;2;3
202100032145;144 290;50;0;0;0;1;3
202100032146;144 289;7;4;0;1;0;1
202100032147;144 287;7;7;2;7;1;1
202100032147;144 288;7;7;2;2;1;1
202100032148;144 285;7;0;2;2;15;1
202100032148;144 286;7;0;2;3;1;1
202100032149;144 283;7;0;2;3;1;1
202100032149;144 284;3;0;2;4;0;1
202100032150;144 281;7;0;2;2;15;1
202100032150;144 282;33;0;2;1;1;1
202100032151;144 280;0;0;1;8;1;1
202100032152;144 279;7;0;1;1;1;1
202100032153;144 278;30;0;2;0;26;6
202100032154;144 276;7;0;2;2;26;1
202100032154;144 277;7;0;0;6;23;0
202100032155;144 274;32;0;2;2;1;1
202100032155;144 275;7;9;2;8;16;1
202100032156;144 272;7;0;0;0;9;1
202100032156;144 273;33;0;0;0;15;1
202100032157;144 271;60;0;1;1;25;5
202100032158;144 269;7;0;2;1;9;1
202100032158;144 270;7;0;2;3;9;1
202100032159;144 268;7;0;1;2;1;1
202100032160;144 267;33;1;0;0;16;1
202100032161;144 266;2;0;0;7;26;1
202100032162;144 265;2;0;0;0;2;1
202100032163;144 263;7;0;2;2;19;1
202100032163;144 264;7;0;2;8;1;1
202100032164;144 261;7;13;2;3;13;1
202100032164;144 262;7;13;2;3;1;1
202100032165;144 259;33;0;0;0;1;1
202100032166;144 255;33;0;2;1;5;1
202100032166;144 256;7;0;2;3;1;1
202100032167;144 253;7;0;2;1;1;1
202100032167;144 254;7;0;2;6;19;1
202100032168;144 252;7;13;0;9;1;1
202100032169;144 250;7;0;2;8;19;0
202100032169;144 251;7;0;2;7;1;1
202100032170;144 249;36;14;0;1;15;6
202100032171;144 247;7;0;2;8;1;1
202100032171;144 248;7;0;2;1;1;1
202100032172;144 245;10;0;2;3;15;1
202100032172;144 246;2;0;2;1;1;1
202100032173;144 243;33;0;2;4;2;1
202100032173;144 244;33;0;2;1;2;1
202100032174;144 242;7;13;0;2;14;1
202100032175;144 240;7;0;2;1;5;1
202100032175;144 241;7;0;2;1;1;1
202100032176;144 238;7;0;2;1;0;1
202100032176;144 239;7;0;2;1;0;1
202100032177;144 237;2;13;0;1;0;1
202100032178;144 236;7;2;0;3;1;1
202100032179;144 235;33;6;0;1;1;1
202100032180;144 234;7;8;0;1;16;1
202100032181;144 233;7;5;0;0;1;1
202100032182;144 232;33;12;0;2;1;1
202100032183;144 231;34;3;0;8;0;1
202100032184;144 230;33;0;0;7;1;1
202100032185;144 228;7;0;2;2;15;0
202100032185;144 229;31;0;2;8;1;1
202100032186;144 227;2;0;0;0;1;1
202100032187;144 226;33;0;0;0;1;1
202100032188;144 224;7;0;2;3;1;1
202100032188;144 225;1;0;2;1;1;5
202100032189;144 223;17;0;1;7;19;1
202100032190;144 222;7;0;1;1;1;1
202100032191;144 221;7;0;1;1;1;1
202100032192;144 220;7;2;0;7;26;1
202100032193;144 218;7;0;2;1;1;1
202100032193;144 219;7;0;2;8;19;1
202100032194;144 216;99;0;2;1;1;1
202100032194;144 217;7;0;2;1;26;1
202100032195;144 215;7;7;0;1;13;1
202100032196;144 214;31;0;0;1;1;1
202100032197;144 213;7;4;0;2;0;1
202100032198;144 211;7;0;0;4;24;1
202100032198;144 212;7;0;2;1;1;1
202100032199;144 209;7;0;2;8;19;1
202100032199;144 210;43;0;2;2;1;1
202100032200;144 207;7;0;0;6;1;1
202100032200;144 208;33;4;2;1;1;1
202100032201;144 201;2;0;1;2;14;1
202100032202;144 199;33;0;2;1;1;1
202100032202;144 200;7;0;2;3;15;1
202100032203;144 198;7;0;1;2;1;1
202100032204;144 197;33;15;0;0;0;0
202100032205;144 195;1;0;0;8;2;5
202100032205;144 196;7;6;0;7;17;1
202100032206;144 194;7;6;0;2;14;1
202100032207;144 192;36;0;2;1;1;1
202100032207;144 193;7;0;2;1;1;1
202100032208;144 190;7;0;2;1;13;1
202100032208;144 191;10;0;2;1;1;1
202100032209;144 188;33;0;2;1;1;1
202100032209;144 189;7;0;2;2;10;1
202100032210;144 186;33;0;2;1;1;1
202100032210;144 187;7;0;2;6;26;1
202100032211;144 185;2;0;0;0;26;1
202100032212;144 183;10;0;2;1;1;1
202100032212;144 184;30;0;2;4;9;1
202100032213;144 182;33;2;0;9;13;1
202100032214;144 180;7;6;0;1;1;1
202100032215;144 178;7;0;2;3;2;2
202100032215;144 179;1;0;2;4;2;5
202100032216;144 175;7;6;2;1;13;1
202100032216;144 176;7;0;2;3;19;0
202100032216;144 177;7;0;0;8;1;1
202100032217;144 172;7;0;2;1;1;1
202100032217;144 173;7;0;2;3;1;1
202100032217;144 174;7;0;2;1;13;1
202100032218;144 171;7;0;0;9;1;1
202100032219;144 169;33;0;2;2;1;1
202100032219;144 170;10;0;2;3;1;1
202100032220;144 166;10;0;2;4;1;1
202100032220;144 167;7;0;2;4;2;1
202100032220;144 168;7;0;2;1;2;1
202100032221;144 164;7;0;2;4;1;1
202100032221;144 165;7;0;2;1;2;1
202100032222;144 162;7;0;2;1;2;1
202100032222;144 163;7;0;2;4;2;1
202100032223;144 160;7;0;2;4;1;0
202100032223;144 161;7;0;2;1;2;1
202100032224;144 159;33;0;0;0;1;1
202100032225;144 158;7;4;0;1;13;1
202100032226;144 156;10;0;2;1;2;1
202100032226;144 157;7;0;2;4;2;1
202100032227;144 154;33;0;2;7;1;1
202100032227;144 155;50;0;2;7;9;3
202100032228;144 151;7;0;2;2;12;1
202100032228;144 152;7;0;2;6;1;1
202100032228;144 153;7;0;2;3;1;1
202100032229;144 150;7;0;0;9;1;1
202100032230;144 149;7;0;0;9;16;1
202100032231;144 148;7;4;0;4;0;1
202100032232;144 147;7;3;0;8;1;1
202100032233;144 146;14;0;1;2;1;1
202100032234;144 145;7;0;1;1;1;3
202100032235;144 144;7;0;1;1;1;1
202100032236;144 142;38;0;1;2;15;1
202100032237;144 140;2;0;2;1;1;1
202100032237;144 141;10;0;2;7;15;1
202100032238;144 138;7;0;2;3;10;1
202100032238;144 139;30;0;2;1;13;1
202100032239;144 136;7;0;2;2;10;1
202100032239;144 137;2;0;2;1;1;1
202100032240;144 135;10;0;1;4;4;1
202100032241;144 133;10;0;2;1;2;1
202100032241;144 134;7;0;2;1;7;1
202100032242;144 132;0;0;0;0;26;0
202100032243;144 130;7;0;2;2;2;1
202100032243;144 131;10;0;2;6;2;1
202100032244;144 128;7;0;2;2;1;1
202100032244;144 129;7;0;2;4;20;1
202100032245;144 127;7;4;0;1;21;1
202100032246;144 124;7;0;2;1;11;1
202100032246;144 125;7;0;0;4;0;1
202100032246;144 126;7;0;0;0;0;1
202100032247;144 122;32;0;2;7;17;1
202100032247;144 123;7;0;2;8;13;0
202100032248;144 121;7;1;0;1;1;1
202100032249;144 117;7;6;0;3;2;0
202100032249;144 118;7;8;2;1;2;0
202100032250;144 115;1;0;0;0;1;0
202100032250;144 116;7;0;2;0;17;0
202100032251;144 113;7;0;1;1;1;1
202100032252;144 112;1;0;1;7;0;5
202100032253;144 110;1;0;2;2;1;6
202100032253;144 111;7;0;2;1;1;0
202100032254;144 109;33;4;0;1;16;1
202100032255;144 108;7;0;1;8;16;1
202100032256;144 107;10;0;1;3;1;1
202100032257;144 105;1;0;2;2;0;0
202100032257;144 106;7;0;2;3;9;1
202100032258;144 103;10;0;2;2;0;1
202100032258;144 104;7;15;2;1;11;1
202100032259;144 102;7;0;1;3;15;1
202100032260;144 100;80;0;2;0;0;3
202100032260;144 101;10;0;2;1;1;1
202100032261;144 098;1;0;2;1;1;5
202100032261;144 099;7;0;2;3;9;2
202100032262;144 096;7;0;2;1;15;1
202100032262;144 097;2;0;2;1;13;1
202100032263;144 094;3;0;2;7;1;0
202100032263;144 095;3;0;2;1;1;0
202100032264;144 092;7;0;2;8;1;1
202100032264;144 093;7;0;2;2;21;1
202100032265;144 089;1;0;0;0;1;5
202100032265;144 090;1;0;2;4;1;5
202100032265;144 091;7;0;2;1;17;1
202100032266;144 086;7;0;2;1;13;1
202100032266;144 087;7;0;2;1;1;1
202100032266;144 088;7;0;2;1;23;1
202100032267;144 084;1;0;2;1;1;5
202100032267;144 085;7;0;2;5;16;1
202100032268;144 082;10;0;1;3;20;1
202100032269;144 080;1;0;2;4;1;5
202100032269;144 081;7;0;2;1;2;1
202100032270;144 078;7;0;2;1;2;1
202100032270;144 079;7;0;2;4;1;1
202100032271;144 076;7;0;2;4;2;1
202100032271;144 077;7;0;2;1;2;1
202100032272;144 074;7;0;2;3;26;1
202100032272;144 075;7;0;2;8;26;1
202100032273;144 072;10;0;2;7;26;1
202100032273;144 073;30;0;2;8;26;1
202100032274;144 070;7;0;2;1;26;1
202100032274;144 071;30;0;2;1;26;1
202100032275;144 068;33;0;2;2;26;1
202100032275;144 069;7;0;2;6;26;1
202100032276;144 067;7;0;1;1;1;1
202100032277;144 066;30;0;1;1;1;1
202100032278;144 065;7;0;1;4;26;1
202100032279;144 063;10;0;2;3;9;1
202100032279;144 064;7;0;2;7;1;1
202100032280;144 061;60;0;2;1;25;5
202100032280;144 062;10;0;2;5;1;1
202100032281;144 058;7;0;2;1;15;1
202100032281;144 059;10;0;2;0;0;1
202100032281;144 060;7;0;2;1;1;1
202100032282;144 056;7;0;2;0;1;1
202100032282;144 057;2;0;2;6;1;1
202100032283;144 054;7;0;2;3;15;1
202100032283;144 055;1;0;2;1;1;5
202100032284;144 052;2;0;2;1;1;1
202100032284;144 053;7;0;2;2;1;1
202100032285;144 050;7;0;2;4;1;1
202100032285;144 051;31;0;2;1;1;1
202100032286;144 049;7;1;0;1;1;1
202100032287;144 047;7;0;2;1;2;1
202100032287;144 048;7;0;2;4;1;1
202100032288;144 045;7;0;2;2;16;1
202100032288;144 046;50;0;2;2;5;3
202100032289;144 043;7;0;2;6;1;1
202100032289;144 044;1;0;2;1;25;5
202100032290;144 042;7;0;1;1;1;0
202100032291;144 040;7;0;9;2;17;1
202100032291;144 041;1;0;0;0;0;0
202100032292;144 038;7;7;2;1;1;1
202100032292;144 039;7;0;2;1;1;1
202100032293;144 037;7;1;0;1;13;1
202100032294;144 035;7;0;2;1;13;1
202100032294;144 036;7;0;2;1;1;1
202100032295;144 031;31;0;2;3;26;1
202100032295;144 032;31;0;2;3;26;1
202100032295;144 033;7;0;2;3;26;1
202100032295;144 034;7;0;2;2;26;1
202100032296;144 029;7;0;2;3;10;0
202100032296;144 030;33;0;2;1;0;0
202100032297;144 027;7;0;2;7;15;1
202100032297;144 028;2;0;2;1;26;0
202100032298;144 025;2;0;2;4;23;1
202100032298;144 026;3;0;2;1;2;1
202100032299;144 023;7;0;2;4;2;1
202100032299;144 024;7;0;2;1;2;1
202100032300;144 021;1;0;2;0;0;5
202100032300;144 022;7;0;2;1;15;1
202100032301;144 019;7;0;2;7;15;1
202100032301;144 020;33;0;2;1;21;1
202100032302;144 017;7;0;2;2;2;2
202100032302;144 018;1;0;2;4;2;0
202100032303;144 016;10;9;0;3;1;1
202100032304;144 014;14;0;2;1;24;1
202100032304;144 015;7;1;0;0;13;1
202100032305;144 013;13;0;1;1;1;1
202100032306;144 012;33;0;6;1;26;1
202100032307;144 009;7;0;2;4;23;2
202100032307;144 010;7;0;2;4;23;1
202100032307;144 011;7;0;2;1;2;1
202100032308;144 007;7;0;2;6;11;1
202100032308;144 008;31;0;2;7;1;1
202100032309;144 005;43;0;2;2;1;1
202100032309;144 006;7;0;2;6;11;1
202100032310;144 003;33;0;2;1;2;1
202100032310;144 004;7;0;2;5;2;1
202100032311;144 002;1;1;0;1;14;5
202100032312;144 000;32;0;2;1;1;0
202100032312;144 001;32;12;2;2;9;1
202100032313;143 999;33;0;0;0;1;1
202100032314;143 997;7;0;2;3;15;1
202100032314;143 998;30;0;2;2;1;1
202100032315;143 995;7;0;2;2;15;1
202100032315;143 996;30;0;2;1;7;1
202100032316;143 994;32;0;1;3;7;1
202100032317;143 992;37;0;2;2;7;1
202100032317;143 993;1;0;2;3;13;5
202100032318;143 990;30;0;2;2;17;1
202100032318;143 991;7;0;2;3;15;1
202100032319;143 988;2;0;2;1;1;1
202100032319;143 989;7;0;2;8;10;1
202100032320;143 986;7;0;2;1;15;0
202100032320;143 987;30;0;2;7;1;1
202100032321;143 984;7;0;2;1;1;2
202100032321;143 985;7;0;2;7;1;2
202100032322;143 983;1;0;1;1;1;5
202100032323;143 982;50;0;0;1;25;3
202100032324;143 980;31;0;2;3;3;1
202100032324;143 981;10;0;2;5;1;1
202100032325;143 978;33;0;2;2;1;1
202100032325;143 979;50;0;2;8;15;3
202100032326;143 976;7;0;2;6;22;1
202100032326;143 977;1;0;2;2;1;5
202100032327;143 973;7;0;2;8;1;2
202100032327;143 974;7;0;2;2;1;2
202100032327;143 975;43;0;2;9;1;1
202100032328;143 970;34;0;2;0;2;1
202100032328;143 971;31;0;2;0;2;1
202100032328;143 972;43;0;2;0;2;1
202100032329;143 969;7;0;1;2;1;0
202100032330;143 968;30;0;0;0;1;1
202100032331;143 967;10;0;1;6;1;1
202100032332;143 965;33;0;2;7;17;1
202100032332;143 966;7;0;2;0;10;1
202100032333;143 963;32;0;2;1;1;1
202100032333;143 964;50;0;2;5;19;3
202100032334;143 961;31;0;2;5;18;1
202100032334;143 962;10;0;2;8;18;1
202100032335;143 959;7;0;2;5;1;1
202100032335;143 960;7;0;2;2;1;1
202100032336;143 957;37;0;2;2;2;1
202100032336;143 958;7;0;2;8;15;1
202100032337;143 956;7;1;0;3;5;1
202100032338;143 954;7;0;2;2;2;1
202100032338;143 955;7;0;2;4;16;0
202100032339;143 952;32;0;2;1;1;3
202100032339;143 953;7;0;2;8;1;1
202100032340;143 951;7;0;1;2;1;1
202100032341;143 950;7;0;1;2;1;1
202100032342;143 948;7;0;0;0;0;1
202100032342;143 949;7;0;2;3;1;1
202100032343;143 947;7;0;1;2;19;1
202100032344;143 945;32;0;2;1;1;1
202100032344;143 946;10;0;2;6;11;1
202100032345;143 944;34;14;0;0;5;1
202100032346;143 942;7;1;0;3;0;1
202100032346;143 943;30;1;2;7;17;1
202100032347;143 941;33;0;1;1;1;1
202100032348;143 939;10;0;2;1;1;1
202100032348;143 940;7;1;0;7;1;1
202100032349;143 938;0;0;1;1;1;0
202100032350;143 936;33;0;2;7;9;6
202100032350;143 937;7;0;2;1;9;1
202100032351;143 935;7;0;1;3;1;1
202100032352;143 933;34;0;9;7;16;1
202100032352;143 934;50;0;2;8;7;3
202100032353;143 931;33;0;2;1;2;1
202100032353;143 932;7;0;2;2;9;1
202100032354;143 929;50;0;2;8;1;3
202100032354;143 930;7;0;2;2;16;1
202100032355;143 928;7;0;1;3;19;1
202100032356;143 926;30;0;2;2;1;3
202100032356;143 927;30;0;2;3;15;1
202100032357;143 924;7;0;2;6;2;1
202100032357;143 925;7;0;2;1;1;1
202100032358;143 922;7;0;2;5;12;1
202100032358;143 923;37;0;2;3;1;1
202100032359;143 921;10;0;1;2;1;1
202100032360;143 919;30;0;2;7;17;1
202100032360;143 920;37;1;2;8;15;1
202100032361;143 918;7;2;0;3;1;1
202100032362;143 916;34;0;2;1;2;1
202100032362;143 917;7;0;0;6;10;1
202100032363;143 915;7;16;0;0;17;1
202100032364;143 914;10;0;1;0;0;1
202100032365;143 912;7;0;9;3;9;1
202100032365;143 913;2;0;0;7;1;0
202100032366;143 911;80;0;0;0;15;3
202100032367;143 909;1;0;2;8;16;5
202100032367;143 910;10;0;9;1;1;1
202100032368;143 908;7;13;0;3;12;1
202100032369;143 905;7;13;0;2;17;1
202100032370;143 902;33;0;2;1;21;1
202100032370;143 903;33;0;2;1;13;1
202100032370;143 904;7;0;2;1;1;1
202100032371;143 900;7;0;2;3;15;0
202100032371;143 901;7;0;2;9;1;0
202100032372;143 899;21;0;1;8;23;6
202100032373;143 898;7;12;0;0;1;1
202100032374;143 897;7;6;0;1;1;1
202100032375;143 896;7;8;0;2;1;1
202100032376;143 895;7;0;0;0;14;1
202100032377;143 892;7;0;2;6;1;1
202100032377;143 893;31;0;2;1;1;1
202100032378;143 891;10;0;6;1;1;1
202100032379;143 890;7;2;0;1;13;1
202100032380;143 888;34;0;2;1;5;1
202100032380;143 889;7;0;2;1;1;1
202100032381;143 887;7;7;0;1;16;1
202100032382;143 886;1;0;5;0;21;5
202100032383;143 885;7;16;0;1;0;1
202100032384;143 883;7;0;2;3;1;1
202100032384;143 884;7;0;2;3;1;1
202100032385;143 881;7;0;2;1;17;1
202100032385;143 882;1;0;0;4;1;5
202100032386;143 880;33;0;6;1;1;1
202100032387;143 879;1;0;0;7;1;5
202100032388;143 877;7;0;2;3;1;1
202100032388;143 878;7;0;2;3;1;1
202100032389;143 876;2;0;0;0;1;1
202100032390;143 874;7;0;2;1;1;1
202100032390;143 875;33;0;2;1;13;1
202100032391;143 873;33;0;0;9;1;1
202100032392;143 872;34;15;0;3;1;1
202100032393;143 871;1;0;0;0;1;5
202100032394;143 870;7;6;0;2;1;0
202100032395;143 868;31;0;0;3;14;1
202100032395;143 869;7;0;0;1;13;1
202100032396;143 865;7;7;2;7;19;1
202100032396;143 866;7;0;2;1;1;1
202100032397;143 864;32;0;0;0;1;1
202100032398;143 862;7;0;2;3;10;1
202100032398;143 863;33;0;2;1;1;1
202100032399;143 860;7;0;2;1;17;1
202100032399;143 861;1;0;2;4;15;5
202100032400;143 858;7;0;2;7;17;1
202100032400;143 859;7;4;2;3;1;1
202100032401;143 857;33;0;0;0;10;1
202100032402;143 855;7;0;2;7;19;1
202100032402;143 856;7;0;2;1;1;1
202100032403;143 853;7;0;2;1;16;1
202100032403;143 854;50;0;0;8;1;3
202100032404;143 851;30;0;2;1;17;1
202100032404;143 852;7;0;0;8;15;1
202100032405;143 849;17;0;2;4;2;1
202100032405;143 850;7;0;2;1;2;1
202100032406;143 848;10;4;0;9;1;1
202100032407;143 846;1;0;2;1;16;5
202100032407;143 847;7;0;9;3;1;1
202100032408;143 844;10;0;0;1;1;1
202100032408;143 845;7;0;2;1;5;1
202100032409;143 842;7;0;2;3;21;1
202100032409;143 843;1;0;2;4;26;5
202100032410;143 840;33;0;2;1;1;1
202100032410;143 841;7;0;2;2;15;1
202100032411;143 838;7;0;2;1;1;1
202100032411;143 839;7;0;2;3;15;1
202100032412;143 837;2;0;0;0;1;1
202100032413;143 836;2;12;0;1;1;1
202100032414;143 835;33;4;0;0;17;1
202100032415;143 833;1;0;2;8;15;5
202100032415;143 834;7;0;9;3;17;0
202100032416;143 830;7;0;2;1;1;1
202100032416;143 831;7;0;0;4;23;1
202100032416;143 832;1;0;2;2;1;5
202100032417;143 828;7;0;2;1;19;1
202100032417;143 829;7;0;2;2;1;1
202100032418;143 827;7;0;1;2;1;1
202100032419;143 825;7;0;2;2;1;1
202100032419;143 826;7;0;2;1;19;1
202100032420;143 824;7;0;0;9;0;1
202100032421;143 823;43;0;0;0;2;1
202100032422;143 821;7;0;2;1;2;1
202100032422;143 822;10;0;2;4;2;1
202100032423;143 819;7;1;0;2;14;1
202100032423;143 820;7;0;2;6;24;1
202100032424;143 816;7;0;2;4;2;1
202100032424;143 817;7;0;2;4;2;1
202100032424;143 818;7;0;2;1;2;1
202100032425;143 815;33;14;0;1;21;1
202100032426;143 813;17;0;2;6;11;1
202100032426;143 814;7;0;2;2;1;1
202100032427;143 811;7;0;2;1;2;1
202100032427;143 812;7;0;2;4;2;1
202100032428;143 808;17;0;2;4;0;1
202100032428;143 809;7;0;2;4;2;1
202100032428;143 810;17;0;2;1;2;1
202100032429;143 806;7;0;2;2;1;1
202100032429;143 807;7;0;2;6;1;1
202100032430;143 804;7;0;2;4;1;1
202100032430;143 805;15;0;0;0;0;0
202100032431;143 802;7;0;2;6;11;1
202100032431;143 803;33;0;2;2;3;1
202100032432;143 800;7;0;2;6;1;0
202100032432;143 801;33;0;2;2;12;1
202100032433;143 799;33;0;0;9;1;1
202100032434;143 798;7;1;0;9;1;1
202100032435;143 796;33;0;2;1;1;1
202100032435;143 797;10;0;2;3;15;1
202100032436;143 795;10;0;1;2;2;1
202100032437;143 793;7;0;2;2;1;1
202100032437;143 794;10;0;2;3;1;1
202100032438;143 792;7;0;1;1;1;1
202100032439;143 791;7;0;1;3;1;1
202100032440;143 789;50;0;2;1;19;3
202100032440;143 790;7;0;2;3;1;1
202100032441;143 787;1;0;2;1;1;5
202100032441;143 788;10;0;9;0;1;1
202100032442;143 785;2;0;2;8;1;1
202100032442;143 786;7;0;2;7;16;1
202100032443;143 784;7;0;1;1;26;1
202100032444;143 783;7;4;0;1;13;1
202100032445;143 782;7;0;1;3;19;1
202100032446;143 780;7;0;2;6;15;1
202100032446;143 781;80;0;2;1;1;3
202100032447;143 779;7;0;1;1;1;1
202100032448;143 777;7;0;2;6;1;1
202100032448;143 778;33;0;2;2;0;1
202100032449;143 776;20;0;1;1;1;0
202100032450;143 775;7;0;1;3;1;1
202100032451;143 774;14;12;0;3;13;1
202100032452;143 772;7;0;2;4;2;1
202100032452;143 773;7;0;2;1;2;1
202100032453;143 768;7;0;2;4;1;1
202100032453;143 769;7;0;2;3;1;2
202100032453;143 770;7;0;2;1;2;1
202100032453;143 771;7;0;2;2;1;1
202100032454;143 766;7;0;2;4;1;1
202100032454;143 767;7;0;2;1;9;1
202100032455;143 764;33;0;2;1;1;1
202100032455;143 765;7;0;2;4;4;1
202100032456;143 762;1;0;2;8;1;5
202100032456;143 763;7;0;2;1;16;1
202100032457;143 761;7;0;1;2;2;1
202100032458;143 760;7;0;1;2;19;1
202100032459;143 759;1;0;1;1;2;5
202100032460;143 758;37;0;1;1;26;2
202100032461;143 756;7;0;2;1;2;1
202100032461;143 757;7;0;2;4;2;1
202100032462;143 754;7;6;0;1;16;1
202100032463;143 752;7;0;2;2;15;1
202100032463;143 753;7;0;2;3;1;1
202100032464;143 750;7;0;2;3;10;1
202100032464;143 751;7;0;2;3;1;0
202100032465;143 749;7;0;1;4;4;1
202100032466;143 746;1;0;2;7;25;5
202100032466;143 747;7;0;2;7;9;1
202100032467;143 741;33;0;2;2;17;1
202100032467;143 742;7;0;2;6;2;1
202100032468;143 737;1;1;0;1;1;5
202100032468;143 738;7;0;2;3;22;1
202100032469;143 735;7;0;2;1;15;1
202100032469;143 736;7;0;2;1;1;1
202100032470;143 733;7;0;2;3;1;1
202100032470;143 734;32;0;2;1;1;1
202100032471;143 731;1;2;4;1;19;5
202100032471;143 732;40;0;2;2;1;3
202100032472;143 730;10;0;1;1;26;1
202100032473;143 728;31;0;2;0;1;1
202100032473;143 729;7;0;2;2;15;1
202100032474;143 725;7;0;2;4;2;1
202100032474;143 726;7;0;2;1;2;1
202100032474;143 727;10;0;2;4;2;1
202100032475;143 724;3;15;0;1;14;0
202100032476;143 722;7;0;0;1;1;1
202100032476;143 723;1;0;2;4;1;5
202100032477;143 720;99;0;2;3;0;3
202100032477;143 721;20;0;0;0;0;0
202100032478;143 719;7;0;2;3;1;1
202100032479;143 717;33;0;2;1;2;1
202100032479;143 718;7;0;2;4;1;1
202100032480;143 716;1;0;1;2;25;5
202100032481;143 711;7;0;9;1;1;1
202100032481;143 712;1;0;2;8;9;6
202100032482;143 709;7;0;2;3;10;1
202100032482;143 710;31;0;2;9;1;1
202100032483;143 705;7;0;2;8;1;1
202100032483;143 706;2;0;2;1;1;1
202100032484;143 704;7;0;1;2;1;1
202100032485;143 702;7;0;2;1;15;1