Num_Acc;id_vehicule;categorie_vehicule;obstacle_fixe;obstacle_mobile;point_choc_initial;manoeuvre_principale;motorisation
202100032485;143 703;7;0;2;1;1;1
202100032486;143 701;7;0;1;3;15;1
202100032487;143 700;7;14;0;1;13;1
202100032488;143 698;10;0;2;2;15;1
202100032488;143 699;34;0;2;1;1;1
202100032489;143 696;30;0;2;7;19;1
202100032489;143 697;7;0;2;1;1;1
202100032490;143 693;32;0;1;1;1;1
202100032491;143 691;10;0;2;3;9;1
202100032491;143 692;7;0;2;1;1;1
202100032492;143 689;33;0;2;1;18;1
202100032492;143 690;17;0;2;2;16;1
202100032493;143 688;7;0;1;4;4;1
202100032494;143 686;30;0;2;3;1;1
202100032494;143 687;7;0;2;3;13;1
202100032495;143 684;1;0;2;1;1;5
202100032495;143 685;7;0;2;7;26;1
202100032496;143 682;33;0;2;1;0;1
202100032496;143 683;7;0;2;3;1;1
202100032497;143 680;1;0;2;6;19;5
202100032497;143 681;7;0;2;1;1;1
202100032498;143 678;1;0;2;8;0;5
202100032498;143 679;7;0;2;1;19;1
202100032499;143 676;7;0;2;3;9;1
202100032499;143 677;1;0;2;7;2;5
202100032500;143 671;7;0;2;3;9;1
202100032500;143 672;7;0;0;3;19;1
202100032501;143 670;7;0;1;3;1;1
202100032502;143 668;7;0;2;4;1;1
202100032502;143 669;7;0;2;1;2;1
202100032503;143 667;7;0;9;3;17;1
202100032504;143 664;31;0;2;1;1;1
202100032504;143 665;7;0;2;8;19;1
202100032505;143 663;10;0;1;5;16;1
202100032506;143 662;30;0;1;1;17;1
202100032507;143 660;30;0;2;2;3;3
202100032507;143 661;7;0;2;3;15;1
202100032508;143 659;1;0;0;0;21;5
202100032509;143 657;10;0;2;2;15;1
202100032509;143 658;43;0;2;3;1;1
202100032510;143 656;30;0;1;1;16;1
202100032511;143 654;7;0;2;5;16;1
202100032511;143 655;1;0;2;6;7;5
202100032512;143 652;33;0;2;2;15;1
202100032512;143 653;7;0;2;6;15;1
202100032513;143 650;7;0;2;4;1;2
202100032513;143 651;33;0;2;1;1;1
202100032514;143 647;14;0;2;4;23;1
202100032514;143 648;30;0;2;4;23;1
202100032514;143 649;10;0;2;1;1;1
202100032515;143 645;33;0;2;1;2;1
202100032515;143 646;7;0;2;4;2;1
202100032516;143 643;32;0;2;1;1;1
202100032516;143 644;50;0;2;2;19;3
202100032517;143 641;1;0;2;2;17;5
202100032517;143 642;1;0;2;3;13;5
202100032518;143 640;34;14;0;1;14;1
202100032519;143 638;1;0;2;1;1;5
202100032519;143 639;1;0;2;0;10;5
202100032520;143 636;43;0;2;1;1;1
202100032520;143 637;1;0;2;4;1;5
202100032521;143 634;31;0;2;1;1;1
202100032521;143 635;7;0;2;4;18;1
202100032522;143 633;7;0;1;3;1;2
202100032523;143 631;7;0;2;5;16;1
202100032523;143 632;33;0;2;3;18;1
202100032524;143 630;50;8;0;1;1;3
202100032525;143 629;7;0;1;5;4;1
202100032526;143 627;7;0;2;3;19;1
202100032526;143 628;1;0;0;0;0;5
202100032527;143 626;7;0;2;2;1;1
202100032528;143 625;7;0;1;3;1;1
202100032529;143 624;50;0;1;1;3;3
202100032530;143 622;7;1;0;1;14;2
202100032530;143 623;7;0;0;4;23;1
202100032531;143 621;32;0;1;0;26;0
202100032532;143 620;7;1;1;1;26;1
202100032533;143 618;30;0;0;0;0;1
202100032533;143 619;7;0;0;0;0;1
202100032534;143 616;7;0;2;3;2;1
202100032534;143 617;50;0;2;0;0;3
202100032535;143 614;50;0;2;1;1;3
202100032535;143 615;7;0;2;7;20;1
202100032536;143 612;30;0;1;1;1;0
202100032536;143 613;50;0;2;8;19;3
202100032537;143 611;7;0;1;3;21;1
202100032538;143 609;32;0;2;3;26;1
202100032538;143 610;50;0;2;1;25;3
202100032539;143 606;10;0;2;1;26;1
202100032539;143 607;13;0;2;0;0;0
202100032539;143 608;7;0;2;4;26;1
202100032540;143 604;7;0;2;1;17;1
202100032540;143 605;1;0;2;8;19;0
202100032541;143 602;32;0;2;8;1;1
202100032541;143 603;15;0;2;5;1;1
202100032542;143 600;2;0;2;3;1;1
202100032542;143 601;7;0;2;2;15;1
202100032543;143 598;7;0;2;3;1;1
202100032543;143 599;7;0;2;3;1;1
202100032544;143 596;33;0;2;7;1;1
202100032544;143 597;7;0;2;1;19;1
202100032545;143 595;2;0;0;0;1;1
202100032546;143 593;1;3;0;0;1;5
202100032546;143 594;15;0;0;0;1;1
202100032547;143 590;7;1;0;2;2;1
202100032547;143 591;7;1;0;0;2;1
202100032548;143 588;15;0;0;6;0;1
202100032548;143 589;10;0;2;2;1;1
202100032549;143 587;2;0;0;0;2;1
202100032550;143 586;10;0;1;2;1;1
202100032551;143 585;10;13;0;2;1;1
202100032552;143 583;33;0;2;7;2;1
202100032552;143 584;7;0;2;6;26;1
202100032553;143 580;7;11;0;1;1;1
202100032554;143 579;33;7;0;1;1;1
202100032555;143 578;2;2;0;0;0;1
202100032556;143 577;32;0;0;0;0;1
202100032557;143 575;7;0;2;2;17;3
202100032557;143 576;7;0;2;3;15;1
202100032558;143 571;7;0;2;1;1;1
202100032558;143 572;7;8;2;7;19;1
202100032559;143 570;33;0;0;3;1;1
202100032560;143 569;7;8;0;2;1;1
202100032561;143 567;13;0;2;2;15;1
202100032561;143 568;7;0;2;3;1;1
202100032562;143 565;7;0;2;3;22;1
202100032562;143 566;80;1;0;1;22;3
202100032563;143 564;33;0;6;1;2;1
202100032564;143 562;7;0;2;3;1;1
202100032564;143 563;7;0;2;3;13;1
202100032565;143 560;10;0;2;5;19;1
202100032565;143 561;33;0;2;8;1;1
202100032566;143 558;7;0;2;1;5;1
202100032566;143 559;10;0;2;1;1;1
202100032567;143 556;7;0;0;2;1;1
202100032567;143 557;1;0;2;2;9;5
202100032568;143 555;7;0;1;0;0;1
202100032569;143 553;31;0;2;1;13;1
202100032569;143 554;7;0;2;1;1;1
202100032570;143 551;7;0;9;8;9;1
202100032570;143 552;1;0;2;1;26;5
202100032571;143 549;7;0;2;2;2;1
202100032571;143 550;33;0;2;4;2;1
202100032572;143 547;10;0;2;3;5;1
202100032572;143 548;7;0;2;3;1;1
202100032573;143 545;7;0;2;2;1;1
202100032573;143 546;10;3;0;5;0;1
202100032574;143 544;17;0;0;0;0;1
202100032575;143 543;7;6;0;3;13;1
202100032576;143 542;7;13;0;1;1;1
202100032577;143 541;7;13;0;7;1;1
202100032578;143 539;7;0;0;0;15;1
202100032578;143 540;33;0;0;0;17;1
202100032579;143 538;7;8;0;1;13;1
202100032580;143 537;7;0;1;3;1;1
202100032581;143 535;7;0;2;1;1;1
202100032581;143 536;2;0;2;3;1;1
202100032582;143 533;2;0;2;3;1;1
202100032582;143 534;7;0;2;3;1;1
202100032583;143 531;7;0;9;1;1;0
202100032583;143 532;2;0;2;8;19;1
202100032584;143 529;7;0;2;8;15;1
202100032584;143 530;33;0;2;0;15;1
202100032585;143 527;33;0;2;1;1;1
202100032585;143 528;10;0;2;3;19;1
202100032586;143 525;33;0;2;1;21;1
202100032586;143 526;15;0;0;6;26;1
202100032587;143 524;2;6;0;1;1;1
202100032588;143 523;7;0;1;3;26;1
202100032589;143 521;7;0;0;4;1;1
202100032589;143 522;7;0;2;1;1;1
202100032590;143 519;7;0;2;2;9;1
202100032590;143 520;7;7;2;1;2;1
202100032591;143 518;20;0;1;8;26;0
202100032592;143 516;7;0;2;2;15;1
202100032592;143 517;33;0;2;1;1;0
202100032593;143 515;7;0;0;0;14;1
202100032594;143 514;17;0;1;0;0;1
202100032595;143 512;10;3;2;8;1;1
202100032595;143 513;7;17;0;3;1;1
202100032596;143 509;7;0;2;0;0;1
202100032596;143 510;7;0;2;7;1;1
202100032596;143 511;15;0;0;8;1;1
202100032597;143 507;7;0;0;4;2;1
202100032597;143 508;7;0;2;1;2;1
202100032598;143 504;10;0;2;1;2;1
202100032598;143 505;10;0;2;4;23;1
202100032598;143 506;17;0;0;4;23;1
202100032599;143 502;7;0;2;1;1;1
202100032599;143 503;1;0;2;8;19;5
202100032600;143 500;7;0;2;1;1;1
202100032600;143 501;7;0;2;3;1;1
202100032601;143 498;7;6;2;2;26;1
202100032601;143 499;7;0;2;1;1;1
202100032602;143 497;2;0;0;0;0;0
202100032603;143 496;7;13;9;9;1;1
202100032604;143 495;33;7;0;1;1;1
202100032605;143 494;33;10;0;1;1;1
202100032606;143 493;33;6;0;1;0;1
202100032607;143 491;7;0;2;1;15;1
202100032607;143 492;2;0;2;2;17;1
202100032608;143 490;7;15;0;2;1;1
202100032609;143 488;2;0;0;8;1;1
202100032609;143 489;7;0;0;0;17;2
202100032610;143 486;7;0;2;7;1;1
202100032610;143 487;7;0;2;1;1;1
202100032611;143 484;7;0;2;1;2;1
202100032611;143 485;1;0;0;4;1;5
202100032612;143 482;17;7;2;1;1;1
202100032612;143 483;7;0;2;1;13;1
202100032613;143 477;7;0;2;4;1;1
202100032613;143 478;7;0;2;6;1;1
202100032613;143 479;7;0;2;2;2;1
202100032614;143 473;7;0;2;4;1;1
202100032614;143 474;7;0;2;4;1;1
202100032614;143 475;7;0;2;4;1;1
202100032614;143 476;10;0;2;1;1;1
202100032615;143 472;7;3;0;3;1;1
202100032616;143 470;7;0;2;6;1;1
202100032616;143 471;7;0;2;2;12;1
202100032617;143 469;7;0;0;0;2;1
202100032618;143 465;7;0;2;7;14;1
202100032618;143 466;33;0;2;7;1;1
202100032618;143 467;7;0;2;6;2;1
202100032618;143 468;7;0;2;7;2;1
202100032619;143 463;7;0;2;8;11;1
202100032619;143 464;43;0;2;7;1;1
202100032620;143 457;7;0;2;1;2;0
202100032620;143 458;10;0;2;1;2;1
202100032620;143 459;10;0;2;1;2;1
202100032620;143 460;7;0;2;1;2;1
202100032620;143 461;7;0;2;1;2;1
202100032620;143 462;10;0;2;1;2;1
202100032621;143 454;0;0;1;0;26;0
202100032621;143 455;7;14;0;1;9;2
202100032621;143 456;7;14;0;1;9;1
202100032622;143 452;34;0;2;0;0;1
202100032622;143 453;7;0;2;0;2;1
202100032623;143 449;7;0;2;4;0;3
202100032623;143 450;15;0;2;1;0;1
202100032623;143 451;7;0;2;4;26;1
202100032624;143 447;7;0;2;3;2;1
202100032624;143 448;33;0;2;7;2;1
202100032625;143 446;7;9;0;1;12;1
202100032626;143 444;14;0;2;1;2;1
202100032626;143 445;7;0;2;4;2;1
202100032627;143 441;7;0;2;2;16;1
202100032627;143 442;31;0;2;8;3;1
202100032627;143 443;7;0;2;3;1;1
202100032628;143 440;33;0;0;8;26;1
202100032629;143 438;7;0;2;3;1;1
202100032629;143 439;7;0;2;8;5;1
202100032630;143 437;30;0;1;1;1;1
202100032631;143 436;10;0;1;1;1;1
202100032632;143 435;7;0;1;4;20;0
202100032633;143 434;7;0;1;1;1;1
202100032634;143 432;10;0;2;1;13;1
202100032634;143 433;7;0;2;1;1;1
202100032635;143 430;7;0;2;4;2;1
202100032635;143 431;7;0;2;1;2;1
202100032636;143 428;33;0;2;1;21;0
202100032636;143 429;7;0;2;1;15;1
202100032637;143 426;1;0;2;4;2;0
202100032637;143 427;7;0;2;1;16;1
202100032638;143 424;7;0;0;1;1;1
202100032638;143 425;1;0;2;7;5;5
202100032639;143 423;7;14;0;1;26;1
202100032640;143 422;99;0;0;8;25;5
202100032641;143 421;50;0;1;3;1;3
202100032642;143 419;7;0;2;2;1;1
202100032642;143 420;30;0;2;2;9;1
202100032643;143 418;7;0;1;1;16;1
202100032644;143 417;17;4;0;9;13;1
202100032645;143 415;7;0;2;8;1;1
202100032645;143 416;7;8;2;1;1;1
202100032646;143 413;7;0;2;6;19;1
202100032646;143 414;7;0;2;1;1;1
202100032647;143 412;7;0;0;9;1;1
202100032648;143 410;50;0;2;1;1;3
202100032648;143 411;7;0;2;4;1;1
202100032649;143 408;7;0;2;7;15;1
202100032649;143 409;7;0;2;3;1;1
202100032650;143 407;7;0;0;1;15;1
202100032651;143 405;7;0;2;4;1;1
202100032651;143 406;7;0;2;1;1;1
202100032652;143 404;7;0;1;3;1;1
202100032653;143 400;33;0;2;4;2;1
202100032653;143 401;7;0;2;2;1;1
202100032654;143 398;7;0;2;0;0;0
202100032654;143 399;33;0;2;4;2;1
202100032655;143 396;1;0;2;8;2;5
202100032655;143 397;10;0;2;7;2;1
202100032656;143 394;7;0;2;1;19;1
202100032656;143 395;7;0;2;1;1;1
202100032657;143 392;10;0;2;3;1;1
202100032657;143 393;7;0;2;3;15;1
202100032658;143 391;7;0;1;7;21;1
202100032659;143 389;7;8;4;3;13;1
202100032659;143 390;40;0;2;8;1;3
202100032660;143 388;32;0;9;8;15;1
202100032661;143 386;7;0;2;3;15;1
202100032661;143 387;7;0;2;3;1;1
202100032662;143 385;7;0;1;2;1;1
202100032663;143 383;7;0;2;3;15;1
202100032663;143 384;2;0;2;1;1;1
202100032664;143 380;7;0;2;6;16;1
202100032664;143 381;7;0;2;2;1;1
202100032665;143 378;7;0;2;8;1;1
202100032665;143 379;2;0;2;1;1;1
202100032666;143 377;15;0;1;5;16;0
202100032667;143 371;7;3;0;1;13;1
202100032668;143 370;32;0;0;8;26;1
202100032669;143 369;10;9;1;1;14;1
202100032670;143 367;7;0;2;2;15;1
202100032670;143 368;7;0;2;3;1;1
202100032671;143 365;7;0;2;3;15;1
202100032671;143 366;32;0;2;1;17;1
202100032672;143 364;10;0;1;4;20;1
202100032673;143 363;7;13;0;1;1;1
202100032674;143 361;7;0;2;2;1;1
202100032674;143 362;7;0;2;1;9;1
202100032675;143 360;7;0;1;1;2;1
202100032676;143 358;7;0;2;0;1;1
202100032676;143 359;1;0;2;0;1;5
202100032677;143 356;7;0;2;8;10;1
202100032677;143 357;33;0;2;1;1;1
202100032678;143 355;7;0;1;1;1;1
202100032679;143 354;7;2;0;3;13;1
202100032680;143 352;7;0;2;8;9;1
202100032680;143 353;30;0;0;0;0;1
202100032681;143 351;7;0;1;0;0;2
202100032682;143 349;7;0;2;5;17;1
202100032682;143 350;31;0;2;1;1;1
202100032683;143 347;10;9;0;1;26;0
202100032683;143 348;7;0;2;0;23;1
202100032684;143 345;7;0;2;1;17;1
202100032684;143 346;10;0;2;3;15;1
202100032685;143 343;30;0;2;2;15;1
202100032685;143 344;33;0;2;1;1;1
202100032686;143 342;32;4;0;1;0;1
202100032687;143 340;7;0;2;1;1;1
202100032687;143 341;34;0;2;4;9;1
202100032688;143 338;7;0;2;4;26;1
202100032688;143 339;7;0;2;1;16;1
202100032689;143 337;50;0;0;9;1;3
202100032690;143 336;7;0;1;1;1;1
202100032691;143 334;32;0;2;2;3;1
202100032691;143 335;7;0;2;3;11;1
202100032692;143 332;32;0;2;2;1;1
202100032692;143 333;7;0;2;6;11;2
202100032693;143 330;7;0;2;8;13;1
202100032693;143 331;43;0;2;2;3;1
202100032694;143 327;7;0;2;1;2;1
202100032694;143 328;7;0;2;4;2;1
202100032694;143 329;7;0;2;4;2;1
202100032695;143 325;43;0;2;5;2;1
202100032695;143 326;30;0;2;2;2;1
202100032696;143 324;32;0;1;1;25;1
202100032697;143 322;7;0;2;3;22;1
202100032697;143 323;50;0;2;1;1;3
202100032698;143 320;1;0;2;1;2;5
202100032698;143 321;10;0;2;4;23;1
202100032699;143 318;7;0;2;1;1;1
202100032699;143 319;43;0;2;4;23;1
202100032700;143 316;7;0;2;7;1;1
202100032700;143 317;80;0;2;1;1;3
202100032701;143 314;1;0;2;1;1;5
202100032701;143 315;14;0;2;7;16;1
202100032702;143 312;30;0;2;1;1;1
202100032702;143 313;7;0;2;2;1;1
202100032703;143 310;1;0;2;1;1;5
202100032703;143 311;7;0;2;4;23;1
202100032704;143 308;7;0;2;3;15;1
202100032704;143 309;31;0;2;2;1;1
202100032705;143 307;50;0;0;0;21;3
202100032706;143 305;1;0;2;2;15;5
202100032706;143 306;33;0;2;3;1;1
202100032707;143 304;80;12;0;7;14;3
202100032708;143 302;10;0;2;2;17;3
202100032708;143 303;50;0;2;8;2;3
202100032709;143 300;99;0;2;3;10;3
202100032709;143 301;7;0;2;1;26;1
202100032710;143 298;7;0;2;1;1;1
202100032710;143 299;7;0;2;2;9;1
202100032711;143 297;7;1;0;3;1;1
202100032712;143 296;7;0;1;2;26;0
202100032713;143 294;7;0;2;4;7;1
202100032713;143 295;37;0;2;1;2;1
202100032714;143 292;7;0;2;1;2;1
202100032714;143 293;7;0;2;4;2;1
202100032715;143 291;7;9;0;1;1;1
202100032716;143 289;1;0;2;8;1;5
202100032716;143 290;7;0;9;2;1;1
202100032717;143 287;7;0;2;3;15;1
202100032717;143 288;34;0;2;2;17;1
202100032718;143 285;7;0;0;3;15;1
202100032718;143 286;30;0;2;1;17;1
202100032719;143 283;7;0;0;2;1;1
202100032719;143 284;7;0;0;2;1;1
202100032720;143 282;10;9;0;3;1;1
202100032721;143 281;32;1;0;8;13;1
202100032722;143 279;7;0;2;2;14;1
202100032722;143 280;30;0;2;6;0;1
202100032723;143 277;16;0;2;3;1;1
202100032723;143 278;37;0;2;5;15;1
202100032724;143 276;1;0;1;1;1;5
202100032725;143 275;7;9;0;1;0;1
202100032726;143 273;31;0;2;7;17;1
202100032726;143 274;7;0;2;3;15;1
202100032727;143 271;7;0;2;5;16;1
202100032727;143 272;2;0;2;3;18;3
202100032728;143 269;32;0;2;9;21;1
202100032728;143 270;14;0;2;1;13;1
202100032729;143 267;7;0;2;0;13;0
202100032729;143 268;33;13;0;0;1;1
202100032730;143 266;7;8;0;3;13;1
202100032731;143 264;7;15;0;0;0;1
202100032732;143 263;7;8;0;7;1;1
202100032733;143 261;7;0;2;3;1;1
202100032733;143 262;14;0;2;3;1;1
202100032734;143 260;31;4;0;0;2;1
202100032735;143 258;7;0;2;1;13;1
202100032735;143 259;15;5;2;3;1;1
202100032736;143 256;33;0;2;1;2;1
202100032736;143 257;7;0;2;4;2;1
202100032737;143 254;30;0;2;6;0;1
202100032737;143 255;7;13;2;3;0;1
202100032738;143 253;7;0;0;0;1;1
202100032739;143 251;10;0;2;1;1;1
202100032739;143 252;33;0;2;1;13;1
202100032740;143 248;17;0;2;1;1;1
202100032740;143 249;7;16;2;4;15;1
202100032740;143 250;7;0;2;1;1;1
202100032741;143 247;33;15;0;1;1;1
202100032742;143 244;7;0;2;3;1;1
202100032742;143 245;7;0;2;8;1;1
202100032742;143 246;7;0;2;3;13;1
202100032743;143 243;33;6;0;1;1;1
202100032744;143 242;7;6;0;1;1;1
202100032745;143 241;7;6;0;1;13;1
202100032746;143 239;14;0;2;1;1;1
202100032746;143 240;33;1;0;6;1;1
202100032747;143 237;3;0;2;3;13;1
202100032747;143 238;7;0;2;3;1;1
202100032748;143 234;10;0;2;8;23;1
202100032748;143 235;7;0;2;1;1;1
202100032748;143 236;2;0;2;1;6;1
202100032749;143 232;1;0;2;1;0;5
202100032749;143 233;7;0;9;2;15;1
202100032750;143 231;1;0;0;0;2;5
202100032751;143 230;7;0;0;9;15;1
202100032752;143 228;15;0;2;8;1;1
202100032752;143 229;7;0;2;3;13;1
202100032753;143 227;7;1;0;1;1;1
202100032754;143 226;7;13;0;3;13;1
202100032755;143 224;7;0;0;3;1;1
202100032755;143 225;2;0;2;1;1;1
202100032756;143 222;10;0;9;1;17;1
202100032756;143 223;1;0;2;4;1;5
202100032757;143 221;7;0;1;2;1;1
202100032758;143 218;7;6;0;1;1;1
202100032759;143 217;7;8;0;1;1;1
202100032760;143 215;14;0;2;3;21;1
202100032760;143 216;33;0;2;8;21;1
202100032761;143 213;80;0;2;0;13;3
202100032761;143 214;10;0;2;7;17;1
202100032762;143 211;30;0;2;7;1;1
202100032762;143 212;15;0;2;7;17;1
202100032763;143 210;33;13;0;1;1;1
202100032764;143 209;7;13;0;7;0;1
202100032765;143 207;7;0;2;3;1;1
202100032765;143 208;7;0;2;3;13;1
202100032766;143 205;3;0;2;1;17;1
202100032766;143 206;10;0;2;3;10;1
202100032767;143 203;7;0;2;7;19;1
202100032767;143 204;3;0;2;1;1;1
202100032768;143 202;2;0;0;8;15;1
202100032769;143 201;7;0;0;0;14;1
202100032770;143 199;17;0;2;2;14;1
202100032770;143 200;14;3;0;6;23;1
202100032771;143 197;7;0;2;1;17;1
202100032771;143 198;2;0;2;4;15;1
202100032772;143 196;7;13;9;1;21;1
202100032773;143 194;7;0;0;3;15;1
202100032773;143 195;2;0;0;2;1;1
202100032774;143 192;10;0;0;5;11;1
202100032774;143 193;33;0;2;1;3;1
202100032775;143 190;33;4;0;3;6;1
202100032775;143 191;7;0;0;0;12;1
202100032776;143 187;10;0;2;4;1;1
202100032776;143 188;7;1;2;1;3;1
202100032776;143 189;10;0;2;6;23;1
202100032777;143 185;31;0;2;7;1;1
202100032777;143 186;7;0;2;3;15;1
202100032778;143 184;7;0;1;1;1;1
202100032779;143 183;60;0;0;0;5;5
202100032780;143 181;7;0;2;3;1;1
202100032780;143 182;7;0;2;3;17;1
202100032781;143 180;7;0;1;7;1;1
202100032782;143 179;33;5;0;7;15;1
202100032783;143 177;7;0;2;1;1;1
202100032783;143 178;7;0;2;1;13;1
202100032784;143 175;33;0;2;1;17;1
202100032784;143 176;21;0;0;8;15;1
202100032785;143 173;7;0;2;3;9;1
202100032785;143 174;2;0;2;1;1;1
202100032786;143 171;7;0;2;7;1;1
202100032786;143 172;7;0;2;2;1;1
202100032787;143 169;33;10;0;0;0;1
202100032787;143 170;33;0;0;0;0;1
202100032788;143 167;7;0;2;7;15;1
202100032788;143 168;1;0;2;1;1;5
202100032789;143 165;7;0;2;3;1;1
202100032789;143 166;7;0;2;3;13;1
202100032790;143 164;1;0;0;0;0;5
202100032791;143 162;7;0;9;0;2;1
202100032791;143 163;1;0;2;8;2;5
202100032792;143 161;7;1;0;1;1;1
202100032793;143 159;7;0;2;2;5;1
202100032793;143 160;15;0;2;2;21;1
202100032794;143 158;32;3;0;2;1;1
202100032795;143 157;33;13;0;1;1;1
202100032796;143 155;7;0;2;4;2;1
202100032796;143 156;15;0;2;1;2;1
202100032797;143 154;7;4;0;7;14;1
202100032798;143 149;7;0;2;4;2;3
202100032798;143 150;7;0;2;7;0;1
202100032798;143 151;7;0;2;7;2;1
202100032798;143 152;7;0;2;4;2;1
202100032798;143 153;10;0;2;1;2;1
202100032799;143 147;7;0;2;2;1;1
202100032799;143 148;7;0;2;6;11;1
202100032800;143 145;17;0;2;6;1;1
202100032800;143 146;7;0;2;2;14;1
202100032801;143 144;7;3;0;2;21;1
202100032802;143 142;43;0;2;4;11;1
202100032802;143 143;7;0;2;1;12;1
202100032803;143 140;7;0;2;2;1;1
202100032803;143 141;2;0;2;3;15;1
202100032804;143 138;20;0;2;4;23;1
202100032804;143 139;20;0;2;1;0;1
202100032805;143 137;30;0;1;1;17;1
202100032806;143 136;3;0;1;1;1;1
202100032807;143 134;7;1;0;0;2;0
202100032807;143 135;7;0;2;0;1;0
202100032808;143 133;10;0;1;3;1;1
202100032809;143 131;10;0;2;3;1;1
202100032809;143 132;7;0;2;6;15;1
202100032810;143 129;7;0;2;3;9;1
202100032810;143 130;30;0;2;1;1;1
202100032811;143 128;31;0;1;1;1;1
202100032812;143 125;10;0;0;3;1;1
202100032812;143 126;30;0;2;6;17;1
202100032812;143 127;10;0;2;6;0;1
202100032813;143 124;33;0;0;0;26;1
202100032814;143 122;30;0;2;7;9;1
202100032814;143 123;33;0;2;1;1;1
202100032815;143 120;2;0;2;4;26;1
202100032815;143 121;7;0;2;0;0;0
202100032816;143 119;10;4;0;2;16;1
202100032817;143 117;30;0;2;1;9;1
202100032817;143 118;7;0;2;2;1;1
202100032818;143 115;7;0;2;1;15;2
202100032818;143 116;60;0;2;1;1;5
202100032819;143 114;7;0;1;1;1;3
202100032820;143 112;7;0;2;1;1;1
202100032820;143 113;7;0;2;4;23;1
202100032821;143 111;7;0;1;3;1;1
202100032822;143 110;7;0;1;1;12;1
202100032823;143 107;10;0;9;3;16;1
202100032823;143 108;1;0;2;1;1;0
202100032824;143 105;7;0;2;1;19;1
202100032824;143 106;50;0;2;8;1;3
202100032825;143 103;7;0;2;2;1;2
202100032825;143 104;7;0;2;1;9;1
202100032826;143 101;7;0;2;4;2;1
202100032826;143 102;7;0;2;1;2;1
202100032827;143 100;30;13;0;7;14;1
202100032828;143 099;7;13;0;3;13;1
202100032829;143 097;7;1;2;8;9;1
202100032829;143 098;7;0;2;1;1;1
202100032830;143 095;33;0;2;1;17;1
202100032830;143 096;7;0;2;3;21;2
202100032831;143 093;34;0;2;4;2;1
202100032831;143 094;7;0;2;1;2;1
202100032832;143 090;7;0;2;1;1;1
202100032832;143 091;7;0;2;6;1;1
202100032832;143 092;7;0;2;1;1;1
202100032833;143 088;7;0;2;3;11;1
202100032833;143 089;7;0;2;1;1;1
202100032834;143 086;37;0;2;2;1;3
202100032834;143 087;7;0;2;8;15;1
202100032835;143 084;7;0;2;2;1;1
202100032835;143 085;7;0;2;3;15;2
202100032836;143 082;33;0;2;1;2;1
202100032836;143 083;7;0;2;6;2;1
202100032837;143 081;7;0;1;1;1;1
202100032838;143 079;7;1;2;8;1;1
202100032838;143 080;37;0;2;1;1;1
202100032839;143 077;38;0;2;7;1;1
202100032839;143 078;30;0;2;1;9;1
202100032840;143 076;7;0;1;2;1;1
202100032841;143 073;7;0;2;2;0;1
202100032841;143 074;7;0;2;8;0;1
202100032841;143 075;7;0;2;3;13;1
202100032842;143 068;7;0;2;8;23;1
202100032842;143 069;7;0;2;3;15;2
202100032842;143 070;7;0;2;1;1;1
202100032843;143 063;10;0;2;1;2;1
202100032843;143 064;7;0;2;4;23;1
202100032843;143 065;7;0;2;5;23;1
202100032843;143 066;7;0;2;4;23;1
202100032843;143 067;7;0;2;6;23;1
202100032844;143 061;7;0;2;2;16;1
202100032844;143 062;1;0;2;1;1;5
202100032845;143 059;7;0;2;1;9;1
202100032845;143 060;1;0;2;2;1;5
202100032846;143 057;7;0;2;0;16;1
202100032846;143 058;1;0;2;7;1;5
202100032847;143 055;7;0;2;5;1;1
202100032847;143 056;31;0;2;1;13;1
202100032848;143 052;7;0;2;1;2;1
202100032848;143 053;7;0;2;4;2;1
202100032848;143 054;7;0;2;4;2;1
202100032849;143 050;7;0;2;4;2;1
202100032849;143 051;34;0;2;1;1;1
202100032850;143 049;7;0;1;1;1;1
202100032851;143 048;7;0;1;3;1;1
202100032852;143 046;7;0;2;7;1;1
202100032852;143 047;33;0;2;1;18;1
202100032853;143 044;1;0;2;7;1;5
202100032853;143 045;7;0;2;3;1;1
202100032854;143 042;7;0;2;5;2;1
202100032854;143 043;2;0;2;1;1;1
202100032855;143 040;7;0;2;2;15;1
202100032855;143 041;1;0;2;8;1;0
202100032856;143 038;7;0;2;3;15;1
202100032856;143 039;33;0;2;1;13;1
202100032857;143 037;30;0;0;1;2;1
202100032858;143 035;7;0;2;1;1;1
202100032858;143 036;7;0;2;1;9;1
202100032859;143 032;7;0;2;4;2;1
202100032859;143 033;10;0;2;1;2;1
202100032859;143 034;7;0;2;1;2;1
202100032860;143 030;7;0;2;2;15;1
202100032860;143 031;7;0;2;1;1;1
202100032861;143 028;7;0;2;1;16;1
202100032861;143 029;1;0;2;8;9;5
202100032862;143 026;30;0;2;1;17;1
202100032862;143 027;7;0;2;3;1;1
202100032863;143 024;7;0;2;2;1;1
202100032863;143 025;1;0;2;1;25;5
202100032864;143 023;7;11;0;3;13;1
202100032865;143 022;7;0;1;1;1;1
202100032866;143 021;7;0;1;5;1;1
202100032867;143 018;3;0;2;4;2;1
202100032867;143 019;37;0;2;3;2;1
202100032867;143 020;7;0;2;1;2;1
202100032868;143 016;1;0;2;8;1;5
202100032868;143 017;10;0;9;1;1;1
202100032869;143 014;7;0;9;1;2;1
202100032869;143 015;2;0;2;4;2;1
202100032870;143 012;7;0;9;3;22;1
202100032870;143 013;1;0;2;2;1;5
202100032871;143 011;7;0;1;2;26;0
202100032872;143 007;30;0;0;2;16;1
202100032873;143 006;7;2;0;3;1;1
202100032874;143 004;7;0;2;3;15;1
202100032874;143 005;7;0;2;5;2;1
202100032875;143 002;31;0;2;3;26;1
202100032875;143 003;7;0;2;1;1;3