Num_Acc;id_vehicule;categorie_vehicule;obstacle_fixe;obstacle_mobile;point_choc_initial;manoeuvre_principale;motorisation
202100032876;143 000;7;0;2;1;1;1
202100032876;143 001;7;0;2;8;19;1
202100032877;142 998;7;0;2;1;1;1
202100032877;142 999;7;0;2;4;0;1
202100032878;142 995;10;0;2;1;1;1
202100032878;142 996;10;0;2;9;1;1
202100032878;142 997;7;0;2;3;18;1
202100032879;142 993;7;0;2;1;2;1
202100032879;142 994;7;0;2;4;23;1
202100032880;142 992;7;0;1;1;21;1
202100032881;142 991;7;9;0;1;15;1
202100032882;142 989;7;0;2;4;26;1
202100032882;142 990;2;0;2;1;1;1
202100032883;142 986;7;0;2;1;17;1
202100032883;142 987;7;0;2;3;1;1
202100032883;142 988;7;0;2;6;1;1
202100032884;142 984;33;0;2;2;17;1
202100032884;142 985;10;0;2;3;15;1
202100032885;142 983;33;0;1;7;21;1
202100032886;142 981;7;0;2;1;1;0
202100032886;142 982;50;0;2;8;1;3
202100032887;142 979;7;0;2;1;15;1
202100032887;142 980;1;0;2;1;1;5
202100032888;142 975;7;0;2;1;1;1
202100032888;142 976;2;0;2;7;1;1
202100032889;142 971;7;0;2;2;1;1
202100032889;142 972;1;0;2;5;1;5
202100032890;142 970;32;0;1;1;1;1
202100032891;142 968;7;0;2;6;10;1
202100032891;142 969;7;0;2;1;2;1
202100032892;142 965;7;1;0;7;14;1
202100032892;142 966;7;0;2;0;0;1
202100032892;142 967;7;0;2;0;0;1
202100032893;142 963;10;0;2;1;1;1
202100032893;142 964;7;0;2;5;23;1
202100032894;142 961;30;1;2;1;14;1
202100032894;142 962;7;1;0;4;23;1
202100032895;142 960;7;0;1;1;15;1
202100032896;142 959;7;6;0;1;15;1
202100032897;142 957;7;0;2;3;11;1
202100032897;142 958;32;0;2;2;3;1
202100032898;142 956;7;4;0;9;13;1
202100032899;142 955;7;0;1;3;16;1
202100032900;142 954;34;0;1;1;1;0
202100032901;142 952;30;0;2;1;2;1
202100032901;142 953;7;0;2;4;2;1
202100032902;142 950;7;0;2;7;9;1
202100032902;142 951;33;0;2;3;1;1
202100032903;142 948;30;0;2;2;1;1
202100032903;142 949;7;0;2;2;1;1
202100032904;142 946;31;0;2;8;2;1
202100032904;142 947;7;1;2;1;12;1
202100032905;142 944;80;0;2;1;1;3
202100032905;142 945;1;0;2;3;13;0
202100032906;142 942;30;0;2;1;18;1
202100032906;142 943;38;0;2;7;16;1
202100032907;142 940;7;0;2;3;9;1
202100032907;142 941;32;0;2;2;1;1
202100032908;142 938;33;1;2;3;1;1
202100032908;142 939;7;1;2;2;9;1
202100032909;142 936;99;0;2;1;15;0
202100032909;142 937;50;0;2;1;1;3
202100032910;142 934;30;0;2;7;17;0
202100032910;142 935;80;0;2;8;1;3
202100032911;142 933;10;0;1;4;4;1
202100032912;142 931;1;0;2;2;1;5
202100032912;142 932;33;0;2;3;1;1
202100032913;142 929;7;0;2;7;15;1
202100032913;142 930;7;0;2;2;1;1
202100032914;142 927;7;0;4;3;15;1
202100032914;142 928;40;0;2;1;1;3
202100032915;142 925;7;0;2;2;16;1
202100032915;142 926;1;0;2;1;1;5
202100032916;142 923;1;0;2;1;25;5
202100032916;142 924;50;0;2;1;26;3
202100032917;142 921;31;0;2;1;16;1
202100032917;142 922;7;0;2;5;10;1
202100032918;142 919;7;0;2;1;1;1
202100032918;142 920;7;0;2;4;1;1
202100032919;142 917;7;0;2;8;9;1
202100032919;142 918;33;0;2;2;1;1
202100032920;142 915;7;0;0;8;15;3
202100032920;142 916;7;0;2;2;17;1
202100032921;142 913;7;3;0;7;10;1
202100032921;142 914;7;3;2;1;1;1
202100032922;142 910;7;0;0;4;2;1
202100032922;142 911;7;0;2;1;0;1
202100032922;142 912;7;0;2;1;2;1
202100032923;142 908;31;0;2;3;0;1
202100032923;142 909;3;0;2;2;18;1
202100032924;142 907;7;7;0;1;0;1
202100032925;142 906;10;0;1;1;16;1
202100032926;142 905;15;0;1;1;1;1
202100032927;142 903;7;0;2;2;2;1
202100032927;142 904;99;0;2;3;15;1
202100032928;142 901;7;0;2;1;1;1
202100032928;142 902;32;0;2;4;1;1
202100032929;142 900;33;0;1;5;16;1
202100032930;142 899;32;0;1;2;17;1
202100032931;142 898;7;0;1;1;1;1
202100032932;142 897;7;4;0;2;11;0
202100032933;142 895;7;0;2;1;1;1
202100032933;142 896;7;0;2;4;4;1
202100032934;142 892;7;0;2;1;1;1
202100032934;142 893;7;0;2;4;23;1
202100032934;142 894;7;0;2;4;23;1
202100032935;142 890;7;0;2;4;1;1
202100032935;142 891;32;0;2;1;1;1
202100032936;142 887;7;0;2;0;0;0
202100032936;142 888;7;0;2;0;0;0
202100032936;142 889;32;0;2;0;9;0
202100032937;142 886;10;0;1;4;20;3
202100032938;142 883;3;0;2;0;0;0
202100032938;142 884;7;0;2;0;0;1
202100032938;142 885;30;0;2;1;1;1
202100032939;142 881;7;0;2;3;1;1
202100032939;142 882;1;0;2;3;13;5
202100032940;142 876;13;0;2;6;0;1
202100032940;142 877;7;0;2;4;0;1
202100032940;142 878;7;1;2;3;9;1
202100032940;142 879;7;0;2;6;1;1
202100032940;142 880;7;1;2;5;12;1
202100032941;142 874;50;0;2;8;1;3
202100032941;142 875;7;0;9;2;1;1
202100032942;142 872;50;0;2;1;1;3
202100032942;142 873;7;0;2;3;15;1
202100032943;142 870;7;0;2;8;13;0
202100032943;142 871;30;0;2;5;1;1
202100032944;142 868;30;0;2;3;1;0
202100032944;142 869;7;0;2;2;15;1
202100032945;142 866;7;0;2;3;1;1
202100032945;142 867;31;0;2;2;17;1
202100032946;142 865;33;9;1;1;1;1
202100032947;142 863;7;8;2;2;17;1
202100032947;142 864;3;13;2;3;15;1
202100032948;142 862;7;0;1;2;15;1
202100032949;142 860;2;0;0;4;0;1
202100032949;142 861;7;0;2;1;2;1
202100032950;142 859;33;8;0;0;13;1
202100032951;142 857;33;0;2;1;1;1
202100032951;142 858;7;0;2;8;15;1
202100032952;142 855;2;0;2;4;1;1
202100032952;142 856;10;0;2;3;1;1
202100032953;142 853;7;0;2;3;1;1
202100032953;142 854;2;0;2;1;1;1
202100032954;142 851;33;0;2;2;17;1
202100032954;142 852;7;0;2;3;20;1
202100032955;142 850;7;17;0;2;1;1
202100032956;142 849;7;0;1;2;13;1
202100032957;142 848;7;0;1;3;15;1
202100032958;142 846;30;0;2;1;1;1
202100032958;142 847;7;0;2;1;1;1
202100032959;142 844;2;0;2;1;1;1
202100032959;142 845;7;0;2;2;16;1
202100032960;142 841;7;0;2;3;1;1
202100032960;142 842;7;0;2;5;15;1
202100032960;142 843;7;0;2;3;1;1
202100032961;142 840;7;13;0;1;1;1
202100032962;142 838;33;0;2;3;1;1
202100032962;142 839;10;0;2;1;19;1
202100032963;142 837;7;13;0;9;1;1
202100032964;142 834;7;0;2;7;15;1
202100032964;142 835;7;0;2;1;5;1
202100032964;142 836;7;0;2;9;2;1
202100032965;142 833;7;13;0;1;0;1
202100032966;142 831;7;0;2;3;1;1
202100032966;142 832;7;0;2;1;1;1
202100032967;142 829;7;0;2;2;1;1
202100032967;142 830;7;0;2;2;13;1
202100032968;142 828;7;2;0;7;1;1
202100032969;142 825;7;0;2;1;17;1
202100032969;142 826;33;0;2;1;1;1
202100032969;142 827;10;0;9;0;1;1
202100032970;142 824;2;0;0;0;1;1
202100032971;142 822;7;0;2;8;15;1
202100032971;142 823;34;0;2;7;13;1
202100032972;142 820;7;0;2;1;1;1
202100032972;142 821;1;0;2;8;11;0
202100032973;142 818;33;0;2;1;17;1
202100032973;142 819;7;0;2;3;15;1
202100032974;142 817;31;16;0;0;1;1
202100032975;142 816;33;0;0;8;1;1
202100032976;142 814;2;0;2;0;1;1
202100032976;142 815;7;0;2;8;9;1
202100032977;142 810;7;0;2;4;2;1
202100032977;142 811;10;0;2;4;2;1
202100032977;142 812;7;0;2;4;2;1
202100032977;142 813;10;0;2;1;2;1
202100032978;142 807;7;0;2;4;2;1
202100032978;142 808;7;0;0;0;0;1
202100032978;142 809;7;0;2;1;2;1
202100032979;142 805;7;0;0;0;0;0
202100032979;142 806;7;0;2;4;0;1
202100032980;142 804;32;0;9;8;1;1
202100032981;142 799;7;3;2;1;21;1
202100032981;142 800;7;3;0;2;21;1
202100032981;142 801;3;3;2;1;21;1
202100032981;142 802;7;3;0;1;21;1
202100032981;142 803;7;3;0;1;6;1
202100032982;142 797;7;0;2;1;0;1
202100032982;142 798;7;0;2;4;0;1
202100032983;142 793;10;0;2;4;1;1
202100032983;142 794;7;0;2;4;1;1
202100032983;142 795;7;0;2;4;0;1
202100032983;142 796;7;0;2;1;1;1
202100032984;142 791;7;0;2;6;1;1
202100032984;142 792;17;0;2;2;12;1
202100032985;142 787;7;0;2;1;21;1
202100032985;142 788;7;0;2;1;21;1
202100032985;142 789;7;0;2;3;1;1
202100032985;142 790;0;0;0;0;0;0
202100032986;142 786;7;7;0;3;14;1
202100032987;142 784;7;0;2;3;12;1
202100032987;142 785;7;0;2;5;23;1
202100032988;142 782;7;0;2;3;11;1
202100032988;142 783;33;0;2;6;3;1
202100032989;142 781;7;3;0;9;2;1
202100032990;142 780;7;0;0;0;26;1
202100032991;142 778;3;0;2;4;12;1
202100032991;142 779;33;0;2;1;3;1
202100032992;142 775;7;0;2;6;18;1
202100032992;142 776;7;0;2;2;1;1
202100032992;142 777;7;0;2;8;1;1
202100032993;142 774;7;3;0;9;1;1
202100032994;142 771;33;0;2;9;3;1
202100032994;142 772;7;0;2;7;12;1
202100032994;142 773;7;0;2;8;1;2
202100032995;142 769;7;0;2;4;24;1
202100032995;142 770;37;0;2;1;1;1
202100032996;142 767;43;0;2;5;1;1
202100032996;142 768;7;0;2;3;11;1
202100032997;142 764;7;0;2;4;2;1
202100032997;142 765;7;0;2;1;1;1
202100032997;142 766;7;0;2;1;2;1
202100032998;142 761;7;0;2;1;2;1
202100032998;142 762;7;0;2;4;2;1
202100032998;142 763;7;0;2;4;2;1
202100032999;142 760;7;3;0;1;1;1
202100033000;142 759;7;4;0;1;1;1
202100033001;142 758;7;3;0;2;0;1
202100033002;142 756;7;0;2;4;12;1
202100033002;142 757;33;0;2;1;3;1
202100033003;142 751;10;0;2;4;2;1
202100033003;142 752;7;0;2;1;2;1
202100033003;142 753;7;0;2;1;1;1
202100033003;142 754;7;0;2;4;2;1
202100033003;142 755;7;0;2;4;2;1
202100033004;142 750;7;0;1;2;1;1
202100033005;142 749;30;0;1;0;26;1
202100033006;142 748;7;0;1;2;1;1
202100033007;142 746;10;0;9;3;15;1
202100033007;142 747;1;0;2;0;0;0
202100033008;142 744;2;0;2;1;1;1
202100033008;142 745;7;0;2;7;15;1
202100033009;142 742;33;0;2;1;1;1
202100033009;142 743;7;0;2;3;15;2
202100033010;142 739;7;1;0;8;21;1
202100033010;142 740;7;0;2;7;23;1
202100033010;142 741;13;0;2;5;23;1
202100033011;142 737;1;0;2;8;1;5
202100033011;142 738;50;0;2;3;13;3
202100033012;142 734;7;0;2;4;2;1
202100033012;142 735;7;0;2;4;2;1
202100033012;142 736;7;0;2;1;2;1
202100033013;142 732;2;0;2;4;14;1
202100033013;142 733;7;0;2;1;1;1
202100033014;142 729;7;0;2;2;1;1
202100033014;142 730;7;0;2;6;23;1
202100033014;142 731;7;0;2;0;0;1
202100033015;142 728;7;0;1;2;25;1
202100033016;142 725;7;0;2;1;1;1
202100033016;142 726;7;0;2;4;1;1
202100033016;142 727;7;1;2;4;1;1
202100033017;142 723;10;0;0;4;2;1
202100033017;142 724;10;0;2;1;2;1
202100033018;142 722;7;3;0;1;14;1
202100033019;142 721;31;0;0;7;14;1
202100033020;142 718;7;0;2;6;1;1
202100033020;142 719;7;0;2;3;1;1
202100033020;142 720;33;0;2;1;16;1
202100033021;142 717;1;0;1;1;1;5
202100033022;142 715;7;0;2;4;1;1
202100033022;142 716;33;0;2;1;2;1
202100033023;142 712;7;0;2;4;1;0
202100033023;142 713;7;0;2;1;1;1
202100033023;142 714;7;0;2;1;1;1
202100033024;142 710;1;0;2;8;1;5
202100033024;142 711;10;0;9;5;17;1
202100033025;142 708;7;0;2;1;1;1
202100033025;142 709;2;0;2;1;20;1
202100033026;142 707;7;0;1;5;1;1
202100033027;142 705;33;8;0;4;23;1
202100033027;142 706;14;0;2;2;1;0
202100033028;142 703;7;0;2;5;15;1
202100033028;142 704;7;0;0;1;0;1
202100033029;142 702;7;0;1;1;1;1
202100033030;142 701;43;12;0;2;1;1
202100033031;142 700;7;0;1;7;1;1
202100033032;142 699;7;0;1;1;0;1
202100033033;142 697;7;8;2;3;18;1
202100033033;142 698;7;0;2;3;15;1
202100033034;142 695;1;0;2;3;1;5
202100033034;142 696;7;0;9;2;16;0
202100033035;142 694;3;0;1;3;9;1
202100033036;142 691;7;0;2;1;1;1
202100033036;142 692;7;0;2;1;17;1
202100033036;142 693;7;0;0;0;1;1
202100033037;142 690;7;0;1;1;1;2
202100033038;142 688;50;0;2;1;2;3
202100033038;142 689;7;0;2;2;15;1
202100033039;142 686;7;0;2;4;1;1
202100033039;142 687;7;0;2;3;0;1
202100033040;142 683;7;0;2;4;23;1
202100033040;142 684;7;0;2;1;1;1
202100033040;142 685;7;0;2;8;1;1
202100033041;142 681;7;0;2;1;0;1
202100033041;142 682;7;0;2;1;0;1
202100033042;142 680;7;5;0;1;1;1
202100033043;142 677;7;0;2;1;9;1
202100033043;142 678;7;0;2;1;1;1
202100033043;142 679;7;0;2;2;0;1
202100033044;142 676;7;0;1;1;26;1
202100033045;142 674;7;0;2;1;1;1
202100033045;142 675;30;0;2;7;1;1
202100033046;142 672;7;0;2;4;23;2
202100033046;142 673;7;0;2;1;2;1
202100033047;142 670;7;0;2;8;1;1
202100033047;142 671;7;0;2;1;16;1
202100033048;142 668;3;0;2;4;1;1
202100033048;142 669;7;0;2;1;21;1
202100033049;142 666;1;0;2;1;25;5
202100033049;142 667;7;0;2;2;16;1
202100033050;142 665;7;3;0;1;14;1
202100033051;142 664;20;0;0;0;21;1
202100033052;142 662;80;0;2;7;1;3
202100033052;142 663;7;0;2;1;19;1
202100033053;142 660;7;0;2;3;11;1
202100033053;142 661;7;0;2;1;17;1
202100033054;142 658;7;0;2;1;13;1
202100033054;142 659;31;0;2;1;1;1
202100033055;142 657;7;0;1;1;1;1
202100033056;142 655;7;0;2;3;15;1
202100033056;142 656;30;0;2;3;1;1
202100033057;142 653;31;0;2;1;1;1
202100033057;142 654;7;0;2;1;1;1
202100033058;142 652;7;0;1;0;0;1
202100033059;142 650;7;0;2;1;2;1
202100033059;142 651;7;0;2;4;2;1
202100033060;142 649;7;0;1;3;26;1
202100033061;142 647;7;0;2;7;17;1
202100033061;142 648;31;0;2;8;0;1
202100033062;142 643;7;0;2;1;15;0
202100033062;142 644;7;0;2;3;1;1
202100033062;142 645;10;0;2;3;23;1
202100033062;142 646;7;0;2;1;23;0
202100033063;142 639;7;0;2;7;23;1
202100033063;142 640;7;0;2;1;18;0
202100033063;142 641;32;0;2;0;1;1
202100033063;142 642;33;0;2;4;1;1
202100033064;142 637;7;0;2;1;1;1
202100033064;142 638;7;0;2;3;19;1
202100033065;142 636;7;2;0;1;26;1
202100033066;142 635;7;0;2;1;5;1
202100033067;142 634;7;0;1;1;1;1
202100033068;142 632;7;0;2;1;13;1
202100033068;142 633;7;0;2;1;1;1
202100033069;142 631;33;0;0;7;1;1
202100033070;142 629;43;0;2;7;1;1
202100033070;142 630;7;0;2;8;11;1
202100033071;142 627;7;0;2;1;1;1
202100033071;142 628;31;0;2;8;1;1
202100033072;142 626;33;0;1;1;1;1
202100033073;142 624;1;0;2;4;10;5
202100033073;142 625;33;0;2;1;17;1
202100033074;142 623;60;0;1;6;25;5
202100033075;142 621;7;0;2;7;17;0
202100033075;142 622;1;0;2;8;1;5
202100033076;142 619;7;0;2;3;9;1
202100033076;142 620;30;0;2;1;7;3
202100033077;142 618;34;0;1;1;1;1
202100033078;142 616;10;0;2;7;16;1
202100033078;142 617;33;0;2;8;18;1
202100033079;142 614;1;0;2;1;5;5
202100033079;142 615;10;0;2;3;1;1
202100033080;142 613;30;14;0;1;13;1
202100033081;142 611;7;0;2;3;2;1
202100033081;142 612;30;0;2;4;23;1
202100033082;142 609;10;0;2;3;22;1
202100033082;142 610;80;0;2;7;1;3
202100033083;142 607;32;0;2;2;15;1
202100033083;142 608;80;0;2;1;1;3
202100033084;142 606;10;0;1;2;1;1
202100033085;142 605;30;0;1;1;7;3
202100033086;142 604;30;0;0;0;16;3
202100033087;142 601;7;0;0;6;2;1
202100033087;142 602;2;0;2;1;15;1
202100033087;142 603;7;0;0;8;5;1
202100033088;142 600;7;0;0;7;1;2
202100033089;142 598;33;0;2;8;1;1
202100033089;142 599;10;0;2;7;21;1
202100033090;142 596;33;0;2;1;1;1
202100033090;142 597;7;0;2;5;15;0
202100033091;142 595;7;0;1;3;1;1
202100033092;142 594;7;9;0;2;2;1
202100033093;142 592;7;0;2;3;1;1
202100033093;142 593;10;0;2;1;15;2
202100033094;142 591;7;6;0;3;1;1
202100033095;142 588;7;0;2;1;2;1
202100033095;142 589;7;0;2;4;16;1
202100033095;142 590;7;0;2;1;26;1
202100033096;142 587;7;0;1;0;20;1
202100033097;142 586;34;0;0;0;17;0
202100033098;142 584;7;0;2;1;0;1
202100033098;142 585;38;0;2;1;0;1
202100033099;142 583;7;0;1;7;1;1
202100033100;142 581;10;0;2;4;23;1
202100033100;142 582;50;0;2;1;2;3
202100033101;142 580;7;8;0;1;6;1
202100033102;142 579;7;0;1;3;1;1
202100033103;142 577;7;0;2;5;1;0
202100033103;142 578;1;0;2;5;1;5
202100033104;142 575;7;0;2;7;16;1
202100033104;142 576;1;0;2;1;16;5
202100033105;142 574;2;0;0;7;1;1
202100033106;142 572;33;0;0;1;1;1
202100033106;142 573;7;0;0;2;15;1
202100033107;142 571;33;3;9;2;26;1
202100033108;142 570;7;0;0;9;0;1
202100033109;142 568;7;0;2;3;5;1
202100033109;142 569;7;0;2;3;1;1
202100033110;142 567;7;2;0;3;13;1
202100033111;142 566;10;2;0;2;1;1
202100033112;142 564;7;0;0;4;1;1
202100033112;142 565;10;0;2;1;2;1
202100033113;142 563;7;16;0;9;17;1
202100033114;142 562;7;6;0;1;1;1
202100033115;142 561;31;6;0;1;1;1
202100033116;142 560;2;0;0;9;1;1
202100033117;142 559;7;2;0;3;0;1
202100033118;142 557;2;0;2;3;15;1
202100033118;142 558;7;0;2;3;16;1
202100033119;142 555;10;0;9;7;2;1
202100033119;142 556;1;0;2;4;2;5
202100033120;142 554;33;0;6;1;1;1
202100033121;142 553;2;1;0;1;1;1
202100033122;142 552;7;0;1;3;1;1
202100033123;142 549;7;0;2;3;1;1
202100033123;142 550;7;0;2;2;0;1
202100033124;142 547;7;12;2;1;1;1
202100033124;142 548;7;0;2;1;1;1
202100033125;142 545;7;0;2;1;1;1
202100033125;142 546;7;0;2;1;1;0
202100033126;142 542;7;0;2;1;1;1
202100033126;142 543;36;0;0;4;1;1
202100033127;142 540;7;6;0;3;1;1
202100033127;142 541;7;6;0;3;1;2
202100033128;142 539;31;0;0;7;13;1
202100033129;142 538;7;0;0;1;1;1
202100033130;142 537;33;16;0;0;1;1
202100033131;142 536;31;0;0;0;0;1
202100033132;142 534;7;0;2;3;1;1
202100033132;142 535;7;0;2;3;13;1
202100033133;142 531;7;0;0;4;1;1
202100033133;142 532;7;0;0;4;1;1
202100033133;142 533;13;0;0;1;1;1
202100033134;142 529;2;0;2;3;9;1
202100033134;142 530;7;0;2;1;1;1
202100033135;142 528;7;8;0;1;1;1
202100033136;142 526;31;0;2;1;1;1
202100033136;142 527;10;0;0;6;23;1
202100033137;142 524;7;3;2;1;1;1
202100033137;142 525;15;0;0;4;1;1
202100033138;142 522;7;0;0;4;0;1
202100033138;142 523;13;0;2;1;2;1
202100033139;142 520;15;0;2;6;1;1
202100033139;142 521;10;4;2;2;17;1
202100033140;142 519;33;0;0;7;21;1
202100033141;142 518;32;4;0;8;1;1
202100033142;142 516;7;0;2;3;1;1
202100033142;142 517;7;0;0;4;12;0
202100033143;142 515;7;4;0;7;21;1
202100033144;142 513;7;13;2;1;17;1
202100033144;142 514;7;13;2;4;1;1
202100033145;142 512;43;4;0;0;0;1
202100033146;142 511;7;0;1;1;26;0
202100033147;142 510;31;7;0;0;1;1
202100033148;142 509;7;13;0;1;1;1
202100033149;142 508;33;4;0;7;1;1
202100033150;142 507;7;0;1;1;15;1
202100033151;142 505;7;3;2;8;1;1
202100033151;142 506;7;0;2;2;1;1
202100033152;142 504;7;0;1;1;1;1
202100033153;142 502;7;0;2;3;1;1
202100033153;142 503;7;0;2;3;13;1
202100033154;142 501;43;3;0;2;1;1
202100033155;142 499;33;0;2;1;13;1
202100033155;142 500;7;0;2;3;19;1
202100033156;142 498;7;0;0;3;1;1
202100033157;142 495;7;0;2;1;2;1
202100033157;142 496;7;0;2;4;2;1
202100033157;142 497;7;0;2;5;2;1
202100033158;142 493;17;0;2;0;1;1
202100033158;142 494;7;0;2;1;1;1
202100033159;142 491;33;0;2;1;2;1
202100033159;142 492;7;0;2;4;2;1
202100033160;142 490;7;4;0;1;11;1
202100033161;142 488;10;4;2;7;12;1
202100033161;142 489;10;4;2;8;1;1
202100033162;142 486;34;0;2;8;3;1
202100033162;142 487;7;0;2;2;12;1
202100033163;142 485;7;3;0;1;21;1
202100033164;142 483;10;0;2;4;23;1
202100033164;142 484;7;1;0;1;2;1
202100033165;142 481;7;0;2;7;1;1
202100033165;142 482;31;0;2;8;3;1
202100033166;142 480;7;3;0;3;26;1
202100033167;142 479;7;0;1;1;1;1
202100033168;142 476;7;0;1;1;1;1
202100033169;142 474;7;0;2;3;1;1
202100033169;142 475;30;0;2;1;2;1
202100033170;142 471;7;0;2;1;1;0
202100033170;142 472;7;0;2;1;2;1
202100033170;142 473;7;0;2;3;17;1
202100033171;142 470;32;0;2;9;26;1
202100033172;142 468;7;0;2;2;0;1
202100033172;142 469;7;0;2;3;1;1
202100033173;142 467;7;1;0;0;0;1
202100033174;142 465;10;0;2;1;1;1
202100033174;142 466;7;0;2;4;23;1
202100033175;142 464;30;0;2;0;21;1
202100033176;142 462;7;0;2;2;19;1
202100033176;142 463;7;0;2;3;1;1
202100033177;142 461;7;10;0;8;15;1
202100033178;142 459;50;0;2;1;19;3
202100033178;142 460;7;0;2;8;1;1
202100033179;142 458;32;0;1;1;9;1
202100033180;142 456;7;0;2;2;1;1
202100033180;142 457;1;0;2;4;2;5
202100033181;142 454;1;0;0;0;0;0
202100033181;142 455;7;0;9;0;26;1
202100033182;142 452;30;0;2;1;15;1
202100033182;142 453;7;0;2;3;2;1
202100033183;142 450;7;0;2;3;10;1
202100033183;142 451;32;0;2;1;1;1
202100033184;142 448;7;0;2;4;1;1
202100033184;142 449;31;0;2;1;1;1
202100033185;142 446;7;0;2;3;19;1
202100033185;142 447;2;0;2;1;1;1
202100033186;142 444;7;0;2;7;1;1
202100033186;142 445;50;0;2;1;1;3
202100033187;142 442;7;0;2;8;15;1
202100033187;142 443;80;0;2;1;1;3
202100033188;142 440;60;0;2;8;19;5
202100033188;142 441;7;0;2;1;26;1
202100033189;142 438;7;0;2;1;16;1
202100033189;142 439;10;0;2;2;1;1
202100033190;142 436;33;0;2;1;1;1
202100033190;142 437;7;0;2;8;16;1
202100033191;142 434;50;0;2;1;9;3
202100033191;142 435;7;0;2;2;26;1
202100033192;142 433;1;9;0;1;26;5
202100033193;142 431;1;0;2;0;0;5
202100033193;142 432;7;0;2;5;14;1
202100033194;142 430;7;6;0;1;1;1
202100033195;142 428;1;0;2;7;1;5
202100033195;142 429;7;0;2;7;17;1
202100033196;142 427;7;6;0;1;1;1
202100033197;142 423;7;8;2;2;0;1
202100033197;142 424;7;0;2;6;2;1
202100033197;142 425;7;1;0;4;26;1
202100033197;142 426;7;2;0;4;0;1
202100033198;142 421;7;0;2;1;1;1
202100033198;142 422;3;0;2;1;15;1
202100033199;142 420;7;9;0;1;19;1
202100033200;142 419;7;0;0;9;1;1
202100033201;142 417;33;0;2;4;12;1
202100033201;142 418;7;0;0;0;0;1
202100033202;142 416;30;0;1;1;26;1
202100033203;142 415;32;0;0;1;26;1
202100033204;142 411;7;0;2;6;1;1
202100033204;142 412;7;0;2;3;14;1
202100033205;142 409;7;0;2;1;2;1
202100033205;142 410;7;0;2;4;2;1
202100033206;142 407;7;0;2;1;15;1
202100033206;142 408;31;0;2;8;1;1
202100033207;142 406;50;0;1;0;1;3
202100033208;142 404;32;0;2;3;18;1
202100033208;142 405;7;0;2;2;1;1
202100033209;142 402;1;0;2;1;1;5
202100033209;142 403;1;0;2;1;13;0
202100033210;142 400;10;0;2;3;22;1
202100033210;142 401;2;0;2;1;1;1
202100033211;142 397;1;0;2;1;1;5
202100033211;142 398;7;0;2;8;5;1
202100033212;142 396;1;0;1;1;5;5
202100033213;142 394;1;0;2;2;1;5
202100033213;142 395;32;0;2;3;1;1
202100033214;142 393;32;0;1;1;17;1
202100033215;142 391;2;0;2;1;2;3
202100033215;142 392;7;0;0;5;23;1
202100033216;142 389;1;0;2;7;1;5
202100033216;142 390;7;0;2;8;22;1
202100033217;142 388;1;12;0;2;14;5
202100033218;142 386;1;0;2;2;1;5
202100033218;142 387;50;0;2;0;19;3
202100033219;142 385;80;0;5;8;1;3
202100033220;142 383;7;0;2;1;1;1
202100033220;142 384;7;15;2;3;1;1
202100033221;142 381;31;0;2;7;1;1
202100033221;142 382;7;0;2;3;15;1
202100033222;142 380;7;1;2;8;13;1
202100033223;142 378;7;0;2;1;16;1
202100033223;142 379;7;0;9;4;16;1
202100033224;142 377;7;1;0;2;1;1
202100033225;142 374;7;0;2;2;0;1
202100033225;142 375;7;0;2;6;23;1
202100033225;142 376;7;0;2;4;23;1
202100033226;142 372;7;0;2;2;15;0
202100033226;142 373;7;0;2;1;1;0
202100033227;142 371;7;9;0;1;15;2
202100033228;142 370;7;0;1;1;1;2
202100033229;142 368;7;0;2;7;15;1
202100033229;142 369;2;0;2;1;1;1
202100033230;142 367;33;8;0;1;1;1
202100033231;142 366;33;13;0;1;1;1
202100033232;142 365;7;13;0;1;1;1
202100033233;142 364;7;0;1;2;1;1
202100033234;142 362;7;0;2;2;19;1
202100033234;142 363;7;0;2;2;1;1
202100033235;142 361;7;2;0;1;1;1
202100033236;142 360;1;0;0;9;13;5
202100033237;142 358;7;0;2;3;3;1
202100033237;142 359;7;0;2;3;1;1
202100033238;142 357;7;13;0;1;1;1
202100033239;142 353;10;0;2;8;19;1
202100033239;142 354;2;0;2;1;19;1
202100033240;142 351;2;0;9;1;1;1
202100033241;142 350;7;2;0;1;1;1
202100033242;142 348;14;0;2;7;16;1
202100033242;142 349;31;0;2;8;23;1
202100033243;142 346;7;0;2;3;19;1
202100033243;142 347;31;0;2;1;21;1
202100033244;142 345;7;1;1;2;1;1
202100033245;142 344;7;0;0;3;0;0
202100033246;142 343;7;2;0;1;14;1
202100033247;142 342;33;0;0;6;1;1
202100033248;142 341;7;0;0;9;14;1
202100033249;142 339;33;0;2;2;17;1
202100033249;142 340;7;0;2;6;17;1
202100033250;142 337;7;0;2;1;1;1
202100033250;142 338;21;0;2;3;1;1
202100033251;142 336;33;0;0;7;1;1
202100033252;142 335;7;4;0;2;1;1
202100033253;142 333;7;0;2;1;15;1
202100033253;142 334;1;0;2;8;1;5
202100033254;142 331;7;0;2;1;1;1
202100033254;142 332;10;0;2;7;1;1
202100033255;142 330;7;2;0;1;1;1
202100033256;142 329;2;8;0;1;0;1
202100033257;142 325;32;0;0;0;15;1
202100033257;142 326;33;0;2;1;17;1
202100033258;142 323;7;0;2;1;13;1
202100033258;142 324;7;3;2;3;1;1
202100033259;142 321;7;0;2;8;19;1
202100033259;142 322;7;0;2;1;1;1
202100033260;142 318;33;16;0;3;1;1
202100033261;142 316;7;0;2;7;17;1
202100033261;142 317;30;0;2;8;15;1
202100033262;142 315;7;13;0;1;1;1
202100033263;142 314;7;13;0;1;1;1
202100033264;142 313;33;0;0;1;1;1
202100033265;142 312;7;15;0;3;0;1