Num_Acc;id_vehicule;categorie_vehicule;obstacle_fixe;obstacle_mobile;point_choc_initial;manoeuvre_principale;motorisation
202100033266;142 310;7;0;2;3;1;1
202100033266;142 311;7;0;2;2;1;1
202100033267;142 308;17;1;0;2;14;1
202100033267;142 309;7;0;0;6;24;1
202100033268;142 305;17;0;0;7;1;1
202100033268;142 306;7;13;2;1;13;1
202100033269;142 304;2;12;0;8;15;0
202100033270;142 302;7;0;2;1;5;3
202100033270;142 303;30;0;2;1;5;1
202100033271;142 299;7;0;2;3;21;1
202100033271;142 300;10;0;0;6;2;1
202100033271;142 301;33;0;2;1;2;1
202100033272;142 297;7;0;2;1;13;1
202100033272;142 298;7;0;2;1;1;1
202100033273;142 296;7;13;0;3;13;1
202100033274;142 294;36;1;0;1;1;1
202100033274;142 295;7;0;0;3;24;1
202100033275;142 292;7;0;2;1;13;1
202100033275;142 293;7;0;2;1;1;1
202100033276;142 291;7;0;9;1;14;1
202100033277;142 289;10;0;2;2;19;1
202100033277;142 290;1;0;2;3;19;5
202100033278;142 288;7;2;0;3;1;1
202100033279;142 287;7;12;0;1;0;1
202100033280;142 286;7;3;0;3;0;1
202100033281;142 282;7;0;2;6;11;1
202100033281;142 283;7;0;2;2;1;1
202100033282;142 280;7;0;2;7;12;1
202100033282;142 281;31;0;2;1;3;1
202100033283;142 278;7;0;2;2;1;1
202100033283;142 279;32;0;2;1;10;1
202100033284;142 276;7;0;2;4;2;1
202100033284;142 277;7;0;2;1;2;1
202100033285;142 271;7;0;2;4;23;1
202100033285;142 272;7;0;2;4;23;1
202100033285;142 273;7;0;2;1;1;1
202100033285;142 274;7;0;2;4;23;1
202100033285;142 275;7;0;2;4;23;1
202100033286;142 268;7;0;2;4;1;1
202100033286;142 269;10;0;2;1;1;1
202100033286;142 270;7;0;2;4;1;1
202100033287;142 266;7;0;2;1;2;1
202100033287;142 267;7;0;2;4;1;1
202100033288;142 262;7;0;2;4;2;1
202100033288;142 263;7;0;2;1;1;1
202100033288;142 264;7;0;2;4;2;1
202100033288;142 265;7;0;2;4;2;1
202100033289;142 261;7;4;0;1;1;1
202100033290;142 260;7;4;0;1;13;1
202100033291;142 258;7;0;2;4;1;1
202100033291;142 259;7;0;2;1;1;1
202100033292;142 257;7;0;0;9;1;1
202100033293;142 255;7;3;2;1;1;1
202100033293;142 256;7;0;2;6;1;1
202100033294;142 253;43;0;2;1;1;1
202100033294;142 254;7;0;2;4;1;3
202100033295;142 252;43;0;0;0;2;1
202100033296;142 251;7;0;1;1;1;1
202100033297;142 250;1;0;1;1;1;5
202100033298;142 249;7;0;1;6;4;1
202100033299;142 248;33;0;1;1;1;1
202100033300;142 246;7;0;2;3;13;1
202100033300;142 247;2;0;2;1;1;1
202100033301;142 244;1;0;2;1;5;5
202100033301;142 245;10;0;2;2;15;1
202100033302;142 243;7;0;1;8;0;1
202100033303;142 241;7;0;2;3;1;1
202100033303;142 242;10;0;2;2;9;1
202100033304;142 239;1;0;2;1;1;5
202100033304;142 240;7;0;2;2;19;1
202100033305;142 238;50;0;0;0;1;3
202100033306;142 236;7;8;2;1;19;1
202100033306;142 237;7;8;2;2;1;1
202100033307;142 232;7;0;2;0;2;1
202100033307;142 233;7;1;0;4;2;2
202100033307;142 234;33;0;2;1;2;1
202100033307;142 235;0;0;0;0;0;0
202100033308;142 231;7;0;1;1;1;1
202100033309;142 229;3;0;2;1;13;1
202100033309;142 230;7;0;2;6;1;1
202100033310;142 227;7;6;2;4;16;1
202100033310;142 228;7;0;2;1;1;1
202100033311;142 225;7;0;2;1;1;1
202100033311;142 226;7;0;2;1;15;1
202100033312;142 224;7;0;1;1;26;1
202100033313;142 222;1;12;2;1;1;5
202100033313;142 223;10;0;2;3;17;1
202100033314;142 220;7;0;2;1;15;1
202100033314;142 221;7;0;2;1;9;1
202100033315;142 219;33;0;0;7;1;1
202100033316;142 218;7;11;0;1;1;1
202100033317;142 215;50;0;0;8;1;3
202100033317;142 216;7;0;2;2;14;1
202100033317;142 217;50;0;2;4;1;3
202100033318;142 213;34;0;2;2;2;1
202100033318;142 214;7;0;2;3;20;1
202100033319;142 211;2;0;2;1;1;1
202100033319;142 212;7;0;2;4;23;1
202100033320;142 209;99;0;2;1;19;1
202100033320;142 210;7;0;0;0;1;0
202100033321;142 202;7;0;2;0;1;1
202100033321;142 203;33;0;2;1;1;1
202100033321;142 204;7;0;2;1;19;1
202100033322;142 201;1;4;0;0;13;5
202100033323;142 197;17;0;2;1;13;1
202100033323;142 198;17;0;2;8;21;1
202100033324;142 195;10;0;2;8;15;1
202100033324;142 196;32;0;2;2;2;1
202100033325;142 193;34;0;2;1;17;1
202100033325;142 194;7;0;2;3;23;1
202100033326;142 191;10;0;2;0;20;1
202100033326;142 192;50;0;2;0;1;3
202100033327;142 189;50;0;2;1;1;3
202100033327;142 190;7;0;2;2;1;1
202100033328;142 187;7;0;2;2;1;1
202100033328;142 188;32;0;2;4;1;1
202100033329;142 186;7;0;0;9;9;1
202100033330;142 184;7;0;2;4;1;1
202100033330;142 185;7;0;2;1;1;1
202100033331;142 183;34;17;0;9;1;1
202100033332;142 182;7;13;0;3;0;1
202100033333;142 181;33;11;0;1;1;1
202100033334;142 180;7;0;1;2;16;1
202100033335;142 178;7;0;2;3;15;1
202100033335;142 179;1;0;2;8;1;5
202100033336;142 177;7;2;0;1;14;1
202100033337;142 176;10;0;1;5;15;0
202100033338;142 175;30;12;0;2;14;1
202100033339;142 174;1;2;0;1;14;5
202100033340;142 173;7;0;1;4;4;1
202100033341;142 169;7;0;2;4;23;1
202100033341;142 170;7;0;2;1;2;1
202100033342;142 167;1;0;2;8;15;5
202100033342;142 168;33;0;2;1;1;1
202100033343;142 166;7;0;1;1;2;1
202100033344;142 165;7;0;1;3;1;1
202100033345;142 164;10;0;1;2;16;1
202100033346;142 162;15;0;2;2;17;0
202100033346;142 163;7;3;2;3;18;0
202100033347;142 159;7;0;2;1;1;0
202100033347;142 160;7;0;2;1;1;1
202100033347;142 161;7;0;2;4;1;1
202100033348;142 157;7;0;2;6;1;1
202100033348;142 158;7;0;2;3;5;1
202100033349;142 155;10;0;2;1;21;1
202100033349;142 156;7;0;2;5;2;1
202100033350;142 153;1;0;2;1;1;5
202100033350;142 154;7;0;2;6;15;1
202100033351;142 152;7;14;0;1;1;1
202100033352;142 150;7;0;2;7;1;1
202100033352;142 151;7;0;2;1;9;1
202100033353;142 149;7;1;0;2;1;1
202100033354;142 147;2;0;2;8;26;0
202100033354;142 148;7;0;2;2;15;1
202100033355;142 146;7;2;0;1;13;1
202100033356;142 144;34;0;2;1;15;1
202100033356;142 145;7;0;2;1;15;1
202100033357;142 143;7;0;1;3;26;1
202100033358;142 141;7;0;2;1;2;0
202100033358;142 142;7;0;2;4;2;1
202100033359;142 139;50;0;2;1;1;3
202100033359;142 140;7;0;2;3;1;1
202100033360;142 137;2;0;2;1;9;1
202100033360;142 138;7;0;2;2;1;1
202100033361;142 135;33;2;0;1;13;1
202100033361;142 136;33;0;0;0;14;1
202100033362;142 134;50;0;1;1;1;3
202100033363;142 133;33;0;1;1;17;1
202100033364;142 131;32;0;2;1;21;1
202100033364;142 132;7;0;2;3;15;1
202100033365;142 129;1;0;2;1;2;5
202100033365;142 130;7;0;9;3;24;1
202100033366;142 126;7;0;0;4;1;1
202100033366;142 127;7;0;2;9;2;1
202100033366;142 128;7;0;2;1;2;1
202100033367;142 124;2;0;2;4;0;1
202100033367;142 125;7;0;2;1;2;1
202100033368;142 123;7;4;0;1;13;1
202100033369;142 122;31;0;2;7;1;1
202100033370;142 120;10;0;2;3;1;1
202100033370;142 121;7;0;2;1;13;1
202100033371;142 116;7;0;1;1;26;1
202100033372;142 115;7;0;1;7;1;1
202100033373;142 113;1;0;2;4;1;5
202100033373;142 114;10;0;2;2;1;1
202100033374;142 112;30;0;0;0;26;1
202100033375;142 110;7;0;2;1;1;1
202100033375;142 111;7;0;2;4;1;1
202100033376;142 108;7;0;2;3;1;0
202100033376;142 109;1;0;2;2;19;5
202100033377;142 106;7;0;2;2;1;1
202100033377;142 107;50;0;2;8;11;3
202100033378;142 104;7;0;2;1;1;1
202100033378;142 105;1;0;2;8;1;5
202100033379;142 102;7;0;2;1;2;1
202100033379;142 103;7;0;2;1;5;1
202100033380;142 100;7;0;2;1;15;1
202100033380;142 101;7;0;2;1;1;1
202100033381;142 099;7;0;1;1;1;1
202100033382;142 097;7;0;2;1;1;1
202100033382;142 098;7;0;2;4;23;1
202100033383;142 095;1;0;2;8;1;5
202100033383;142 096;7;0;2;1;19;1
202100033384;142 093;7;0;2;2;9;1
202100033384;142 094;80;0;2;3;15;3
202100033385;142 091;7;0;2;2;1;1
202100033385;142 092;7;0;2;6;1;1
202100033386;142 088;50;0;2;8;0;3
202100033386;142 089;7;0;2;1;0;1
202100033387;142 086;31;0;2;1;1;1
202100033387;142 087;7;0;2;6;1;1
202100033388;142 085;7;0;1;2;1;1
202100033389;142 083;7;0;2;1;2;1
202100033389;142 084;7;0;2;4;2;1
202100033390;142 082;7;1;0;1;13;1
202100033391;142 080;30;0;2;2;21;1
202100033391;142 081;7;0;2;3;26;1
202100033392;142 078;50;0;2;1;1;3
202100033392;142 079;7;0;2;8;15;1
202100033393;142 077;7;0;1;3;15;1
202100033394;142 076;30;12;0;3;13;1
202100033395;142 073;7;0;2;4;2;1
202100033395;142 074;7;0;2;1;2;1
202100033395;142 075;7;0;2;4;2;1
202100033396;142 071;7;0;2;1;15;1
202100033396;142 072;2;0;2;1;17;1
202100033397;142 070;7;0;1;1;1;2
202100033398;142 068;33;0;2;8;21;1
202100033398;142 069;7;0;2;6;10;1
202100033399;142 066;31;0;0;0;0;1
202100033399;142 067;7;0;0;3;15;1
202100033400;142 064;7;0;2;4;2;1
202100033400;142 065;7;0;2;1;2;1
202100033401;142 061;7;0;2;1;9;1
202100033401;142 062;7;0;2;4;9;1
202100033401;142 063;7;0;0;4;0;1
202100033402;142 060;7;2;0;1;26;1
202100033403;142 058;7;0;2;1;13;1
202100033403;142 059;7;0;2;1;21;1
202100033404;142 057;7;1;0;1;15;1
202100033405;142 056;30;0;1;1;25;0
202100033406;142 054;33;0;2;1;16;1
202100033406;142 055;7;0;2;0;0;0
202100033407;142 053;33;3;0;1;13;1
202100033408;142 051;7;0;2;2;17;1
202100033408;142 052;50;0;2;8;13;3
202100033409;142 049;7;0;2;3;13;1
202100033409;142 050;33;0;2;1;1;1
202100033410;142 048;80;0;1;1;1;3
202100033411;142 047;7;0;1;3;1;1
202100033412;142 045;7;14;2;2;15;0
202100033412;142 046;7;8;2;3;26;1
202100033413;142 043;32;0;2;1;2;1
202100033413;142 044;7;0;2;7;16;0
202100033414;142 042;33;15;0;1;26;1
202100033415;142 041;7;0;1;1;1;1
202100033416;142 039;7;0;2;4;2;1
202100033416;142 040;7;0;2;3;2;1
202100033417;142 037;2;0;2;0;2;1
202100033417;142 038;7;0;2;6;15;1
202100033418;142 035;7;0;2;2;14;0
202100033418;142 036;33;0;2;6;1;1
202100033419;142 033;10;0;2;5;1;1
202100033419;142 034;33;0;2;1;3;1
202100033420;142 032;7;14;0;2;13;1
202100033421;142 030;32;0;2;2;3;1
202100033421;142 031;7;0;2;8;11;3
202100033422;142 028;7;0;2;1;2;0
202100033422;142 029;30;0;2;6;2;1
202100033423;142 026;34;0;2;1;1;1
202100033423;142 027;1;0;2;8;8;5
202100033424;142 025;7;0;1;1;16;0
202100033425;142 023;1;0;2;3;7;5
202100033425;142 024;7;0;2;2;17;1
202100033426;142 021;31;0;2;2;1;1
202100033426;142 022;7;0;2;3;16;1
202100033427;142 020;33;0;1;2;1;1
202100033428;142 019;7;0;1;1;1;1
202100033429;142 017;7;0;2;4;2;2
202100033429;142 018;1;0;2;1;2;5
202100033430;142 016;7;0;1;1;1;0
202100033431;142 015;7;1;0;3;1;1
202100033432;142 013;30;0;2;2;17;3
202100033432;142 014;7;0;2;3;15;2
202100033433;142 012;32;14;0;0;14;1
202100033434;142 010;7;0;2;1;19;1
202100033434;142 011;7;0;2;8;19;1
202100033435;142 009;7;0;1;1;1;1
202100033436;142 007;7;0;9;3;15;1
202100033436;142 008;1;0;2;1;1;5
202100033437;142 006;7;0;2;1;26;0
202100033438;142 003;7;0;2;1;2;1
202100033438;142 004;7;0;2;4;23;1
202100033438;142 005;10;0;2;4;23;1
202100033439;142 001;7;0;2;3;15;0
202100033439;142 002;32;0;2;2;3;1
202100033440;141 999;10;0;2;8;24;1
202100033440;142 000;1;1;0;0;1;5
202100033441;141 997;7;0;2;7;1;1
202100033441;141 998;7;0;2;1;1;1
202100033442;141 993;7;0;2;4;1;1
202100033442;141 994;7;0;2;4;1;1
202100033442;141 995;7;0;2;4;1;1
202100033442;141 996;7;0;2;1;2;1
202100033443;141 991;7;0;2;7;1;0
202100033443;141 992;2;0;2;8;9;1
202100033444;141 990;32;1;0;1;1;1
202100033445;141 989;7;0;1;1;1;1
202100033446;141 987;1;0;2;8;1;5
202100033446;141 988;7;0;2;1;1;1
202100033447;141 985;7;0;2;1;1;1
202100033447;141 986;7;0;2;5;9;1
202100033448;141 982;7;0;2;1;1;1
202100033448;141 983;7;3;2;6;1;1
202100033448;141 984;7;0;2;3;13;1
202100033449;141 980;33;0;2;1;2;1
202100033449;141 981;33;0;0;4;2;1
202100033450;141 978;33;0;2;1;1;1
202100033450;141 979;7;0;2;2;19;1
202100033451;141 976;10;0;2;3;1;1
202100033451;141 977;33;0;2;1;1;1
202100033452;141 974;7;0;2;3;1;1
202100033452;141 975;7;0;2;1;13;1
202100033453;141 972;33;0;2;1;1;1
202100033453;141 973;7;0;2;5;15;1
202100033454;141 971;7;8;0;1;1;1
202100033455;141 969;2;0;2;3;1;1
202100033455;141 970;7;0;2;8;5;1
202100033456;141 967;7;0;2;7;17;0
202100033456;141 968;2;12;0;0;1;1
202100033457;141 966;7;2;0;1;1;1
202100033458;141 963;7;0;2;1;5;1
202100033458;141 964;7;8;2;1;21;1
202100033458;141 965;10;0;2;2;21;1
202100033459;141 962;2;7;0;7;1;1
202100033460;141 959;3;0;2;1;21;1
202100033460;141 960;7;0;2;8;23;1
202100033460;141 961;2;1;1;1;17;1
202100033461;141 958;7;15;0;2;1;1
202100033462;141 957;7;6;0;1;0;1
202100033463;141 955;7;0;2;1;1;1
202100033463;141 956;7;0;2;1;1;1
202100033464;141 954;33;2;0;1;1;1
202100033465;141 952;7;0;0;3;1;1
202100033465;141 953;7;0;0;3;13;1
202100033466;141 951;7;13;0;8;16;1
202100033467;141 949;7;0;9;1;9;1
202100033467;141 950;1;0;2;7;1;5
202100033468;141 947;7;0;2;1;1;1
202100033468;141 948;7;0;2;1;13;1
202100033469;141 945;1;0;2;3;15;5
202100033469;141 946;7;0;2;1;1;1
202100033470;141 944;7;2;0;8;1;1
202100033471;141 943;7;6;1;1;20;2
202100033472;141 942;7;8;9;1;2;1
202100033473;141 940;33;0;2;1;17;1
202100033473;141 941;7;0;2;1;1;1
202100033474;141 938;7;0;0;3;1;1
202100033474;141 939;7;0;2;3;1;1
202100033475;141 937;33;14;0;1;1;1
202100033476;141 936;31;0;0;8;1;1
202100033477;141 933;36;0;2;9;1;1
202100033477;141 934;7;0;2;3;1;1
202100033477;141 935;7;0;2;1;23;1
202100033478;141 931;7;16;0;2;2;1
202100033479;141 930;33;0;6;1;1;1
202100033480;141 929;7;2;0;7;1;1
202100033481;141 928;7;2;0;2;1;1
202100033482;141 926;7;0;2;3;1;1
202100033482;141 927;2;0;2;8;15;1
202100033483;141 925;7;2;0;1;1;1
202100033484;141 923;2;0;2;3;1;1
202100033484;141 924;3;0;2;6;20;1
202100033485;141 921;7;0;2;2;15;1
202100033485;141 922;7;0;2;3;1;1
202100033486;141 920;2;1;0;2;0;1
202100033487;141 918;7;9;0;5;6;1
202100033487;141 919;7;0;2;1;5;1
202100033488;141 917;7;4;0;3;1;1
202100033489;141 914;38;1;0;2;1;1
202100033489;141 915;14;0;0;6;24;1
202100033490;141 913;7;3;0;2;17;1
202100033491;141 912;7;4;0;2;1;1
202100033492;141 911;7;16;0;1;1;1
202100033493;141 909;1;0;2;1;19;5
202100033493;141 910;7;0;0;8;1;1
202100033494;141 908;33;13;0;1;0;1
202100033495;141 906;7;0;2;1;11;1
202100033495;141 907;7;0;2;1;1;1
202100033496;141 904;2;0;2;1;16;1
202100033496;141 905;7;0;2;3;1;1
202100033497;141 903;7;13;0;7;14;1
202100033498;141 901;7;0;2;2;1;1
202100033498;141 902;7;3;2;7;17;1
202100033499;141 899;7;0;2;7;1;1
202100033499;141 900;7;0;2;1;9;1
202100033500;141 898;7;2;0;1;0;1
202100033501;141 897;7;2;0;0;0;1
202100033502;141 896;13;0;1;5;4;1
202100033503;141 895;1;0;1;1;1;5
202100033504;141 893;7;0;2;3;1;1
202100033504;141 894;7;8;2;1;13;1
202100033505;141 891;7;0;2;5;19;1
202100033505;141 892;33;0;2;1;1;1
202100033506;141 889;17;0;2;8;15;1
202100033506;141 890;33;0;2;8;17;1
202100033507;141 887;7;0;2;3;2;1
202100033507;141 888;2;0;0;4;2;1
202100033508;141 885;7;0;2;4;1;1
202100033508;141 886;7;0;2;1;1;1
202100033509;141 884;7;4;5;1;26;1
202100033510;141 880;7;0;2;1;1;1
202100033510;141 881;7;0;2;4;2;1
202100033510;141 882;7;0;2;0;2;1
202100033510;141 883;7;0;2;4;2;1
202100033511;141 877;33;0;2;1;2;1
202100033511;141 878;7;0;2;1;1;1
202100033511;141 879;7;0;2;4;1;1
202100033512;141 874;7;0;2;4;2;1
202100033512;141 875;7;0;2;4;2;1
202100033512;141 876;10;0;2;1;2;3
202100033513;141 873;7;4;2;0;26;1
202100033514;141 871;33;0;2;3;3;1
202100033514;141 872;7;0;2;3;12;1
202100033515;141 868;7;3;2;4;2;1
202100033515;141 869;33;0;2;8;18;1
202100033515;141 870;14;0;2;0;0;0
202100033516;141 865;7;0;2;2;2;1
202100033516;141 866;7;0;2;3;2;1
202100033516;141 867;33;0;2;1;2;1
202100033517;141 863;10;0;2;0;0;0
202100033517;141 864;32;0;2;3;2;1
202100033518;141 861;10;0;2;1;21;1
202100033518;141 862;7;0;2;1;26;1
202100033519;141 858;7;0;2;1;2;1
202100033519;141 859;7;0;2;4;12;1
202100033519;141 860;7;0;2;4;13;1
202100033520;141 856;7;0;2;2;12;1
202100033520;141 857;7;0;2;6;1;1
202100033521;141 854;33;0;2;8;3;1
202100033521;141 855;7;0;2;2;14;1
202100033522;141 853;31;2;0;1;2;1
202100033523;141 849;7;0;2;4;1;1
202100033523;141 850;7;0;2;1;1;1
202100033523;141 851;10;0;2;4;1;1
202100033523;141 852;7;0;2;4;1;2
202100033524;141 847;7;0;2;4;1;1
202100033524;141 848;7;0;2;1;1;1
202100033525;141 845;34;0;2;1;3;1
202100033525;141 846;7;0;2;2;12;1
202100033526;141 844;7;16;1;4;19;1
202100033527;141 842;0;0;1;1;1;0
202100033528;141 840;7;0;2;3;1;1
202100033528;141 841;7;0;2;3;13;1
202100033529;141 838;7;0;2;3;15;1
202100033529;141 839;30;0;2;1;1;1
202100033530;141 836;33;0;2;7;15;1
202100033530;141 837;7;0;2;3;15;1
202100033531;141 835;7;1;1;2;1;1
202100033532;141 834;7;0;1;8;15;1
202100033533;141 833;40;0;1;2;1;3
202100033534;141 830;7;0;2;2;15;1
202100033534;141 831;7;0;2;3;1;1
202100033534;141 832;7;0;2;3;1;1
202100033535;141 829;7;4;0;3;1;1
202100033536;141 827;30;0;2;1;2;1
202100033536;141 828;50;0;2;4;2;3
202100033537;141 825;7;0;2;2;16;2
202100033537;141 826;34;0;2;3;1;1
202100033538;141 823;32;0;2;1;1;1
202100033538;141 824;31;0;2;1;1;1
202100033539;141 822;10;0;1;1;0;0
202100033540;141 820;0;0;2;8;19;0
202100033540;141 821;1;0;2;1;1;5
202100033541;141 818;10;0;2;3;23;1
202100033541;141 819;30;0;2;1;26;1
202100033542;141 815;33;1;0;0;21;1
202100033542;141 816;7;0;0;0;0;1
202100033542;141 817;7;0;1;4;0;1
202100033543;141 814;7;0;1;1;16;1
202100033544;141 813;50;12;0;1;26;3
202100033545;141 811;7;0;2;8;1;1
202100033545;141 812;3;0;2;1;19;1
202100033546;141 808;10;0;2;1;13;1
202100033546;141 809;17;0;2;8;1;1
202100033547;141 806;7;0;2;4;2;1
202100033547;141 807;7;15;0;1;2;1
202100033548;141 804;7;0;2;2;1;1
202100033548;141 805;50;0;0;0;0;3
202100033549;141 796;17;0;2;1;26;1
202100033549;141 797;17;0;2;6;2;1
202100033549;141 798;10;0;2;7;2;1
202100033549;141 799;17;0;2;1;1;1
202100033549;141 800;7;0;2;9;2;1
202100033549;141 801;7;0;2;4;2;1
202100033550;141 793;7;0;2;1;0;1
202100033550;141 794;7;0;2;1;0;1
202100033550;141 795;7;0;2;1;0;1
202100033551;141 792;7;1;0;2;14;1
202100033552;141 790;7;0;2;3;0;1
202100033552;141 791;7;0;2;1;0;1
202100033553;141 789;7;0;1;3;1;1
202100033554;141 787;7;0;2;4;23;1
202100033554;141 788;7;0;2;1;2;1
202100033555;141 785;33;0;2;3;1;1
202100033555;141 786;7;0;2;3;1;1
202100033556;141 783;7;0;2;1;2;1
202100033556;141 784;7;0;2;3;0;1
202100033557;141 781;7;0;2;1;15;1
202100033557;141 782;7;0;2;8;1;1
202100033558;141 779;60;0;2;0;0;5
202100033558;141 780;7;0;2;1;0;0
202100033559;141 778;7;0;1;3;19;1
202100033560;141 776;7;0;2;1;15;1
202100033560;141 777;7;0;2;1;1;1
202100033561;141 774;10;0;2;3;1;1
202100033561;141 775;1;0;2;3;15;5
202100033562;141 773;7;0;1;4;20;1
202100033563;141 772;30;12;0;3;0;1
202100033564;141 770;1;0;2;1;1;5
202100033564;141 771;7;0;2;8;15;1
202100033565;141 768;7;0;2;3;15;1
202100033565;141 769;32;0;2;2;1;1
202100033566;141 767;7;0;1;1;26;1
202100033567;141 765;7;0;2;3;19;1
202100033567;141 766;33;0;2;4;16;1
202100033568;141 763;7;0;2;1;26;0
202100033568;141 764;7;0;2;2;26;0
202100033569;141 761;7;0;2;1;19;1
202100033569;141 762;1;0;2;8;1;5
202100033570;141 759;3;0;2;1;17;0
202100033570;141 760;7;0;2;1;1;1
202100033571;141 757;1;0;2;6;1;5
202100033571;141 758;7;0;2;2;2;0
202100033572;141 755;50;0;2;1;5;3
202100033572;141 756;7;0;2;1;1;1
202100033573;141 753;7;0;2;1;9;2
202100033573;141 754;2;0;2;7;1;1
202100033574;141 752;7;0;1;2;1;1
202100033575;141 750;7;0;2;2;1;1
202100033575;141 751;1;0;2;8;19;0
202100033576;141 749;1;0;0;0;1;5
202100033577;141 748;30;0;1;5;1;1
202100033578;141 746;2;0;2;1;1;1
202100033578;141 747;7;0;9;3;15;1
202100033579;141 745;37;0;1;2;26;1
202100033580;141 743;0;0;2;1;9;1
202100033580;141 744;1;0;2;1;19;1
202100033581;141 741;7;0;2;0;1;1
202100033581;141 742;2;0;2;0;15;1
202100033582;141 739;30;0;2;1;2;1
202100033582;141 740;7;0;0;4;16;1
202100033583;141 737;2;0;2;1;9;1
202100033583;141 738;37;0;2;3;1;1
202100033584;141 736;1;0;4;1;1;5
202100033585;141 734;7;0;2;3;15;1
202100033585;141 735;2;0;2;3;1;1
202100033586;141 732;7;0;2;5;15;1
202100033586;141 733;33;0;2;2;21;1
202100033587;141 730;31;0;2;1;17;1
202100033587;141 731;7;0;2;8;15;1
202100033588;141 728;7;6;1;1;1;1
202100033589;141 726;1;0;2;8;1;5
202100033589;141 727;7;0;2;1;16;1
202100033590;141 725;7;0;1;3;1;1
202100033591;141 723;33;0;2;5;1;1
202100033591;141 724;7;0;2;3;9;1
202100033592;141 721;1;0;2;7;1;5
202100033592;141 722;7;0;2;0;15;1
202100033593;141 719;7;0;2;5;23;1
202100033593;141 720;33;0;2;1;18;1
202100033594;141 717;7;0;2;7;1;1
202100033594;141 718;50;0;2;1;19;3
202100033595;141 715;7;6;2;1;13;1
202100033595;141 716;7;0;2;2;1;1
202100033596;141 714;7;4;0;9;14;1
202100033597;141 713;30;0;0;0;0;1
202100033598;141 709;10;14;0;1;2;1
202100033598;141 710;7;14;0;4;23;1
202100033598;141 711;7;14;0;4;23;1
202100033598;141 712;7;14;0;4;23;1
202100033599;141 707;7;0;2;1;9;1
202100033599;141 708;1;0;2;2;1;5
202100033600;141 706;33;1;0;1;17;1
202100033601;141 704;2;0;2;1;1;1
202100033601;141 705;7;0;2;3;15;1
202100033602;141 702;10;0;2;4;23;1
202100033602;141 703;80;0;2;1;1;3
202100033603;141 701;7;0;1;2;1;1
202100033604;141 700;1;0;0;0;23;5
202100033605;141 699;10;0;1;3;1;1
202100033606;141 697;7;0;2;3;13;1
202100033606;141 698;7;0;2;3;1;1
202100033607;141 696;14;8;0;1;1;1
202100033608;141 694;7;0;2;8;9;0
202100033608;141 695;32;0;2;0;0;0
202100033609;141 693;7;9;0;1;26;1
202100033610;141 688;7;0;2;4;1;1
202100033610;141 689;7;0;2;4;1;1
202100033610;141 690;10;0;2;1;1;1
202100033611;141 686;33;0;2;1;1;1
202100033611;141 687;7;0;2;2;15;1
202100033612;141 684;40;0;2;1;1;
202100033612;141 685;7;0;4;8;15;
202100033613;141 682;32;0;2;1;1;1
202100033613;141 683;1;0;2;8;15;5
202100033614;141 680;7;0;2;1;1;1
202100033614;141 681;7;0;2;1;1;1
202100033615;141 679;7;0;1;1;26;0
202100033616;141 678;33;0;0;8;1;1
202100033617;141 673;37;0;2;3;2;1
202100033617;141 674;7;0;0;7;0;1
202100033617;141 675;7;0;0;7;0;1
202100033617;141 676;7;0;2;8;1;1
202100033617;141 677;7;0;2;3;13;1
202100033618;141 672;32;0;1;1;3;1
202100033619;141 670;31;0;2;1;1;1
202100033619;141 671;7;0;2;4;1;1
202100033620;141 668;33;0;2;7;1;1
202100033620;141 669;7;0;2;1;10;1
202100033621;141 666;7;0;0;1;0;0
202100033621;141 667;7;0;0;5;0;0
202100033622;141 664;7;0;2;8;13;1
202100033622;141 665;7;0;2;2;1;1
202100033623;141 663;7;0;1;2;1;3
202100033624;141 662;7;0;0;1;1;1
202100033625;141 659;7;0;2;8;11;1
202100033625;141 660;7;0;2;8;1;1
202100033625;141 661;33;0;2;7;3;1
202100033626;141 657;7;0;2;2;1;2
202100033626;141 658;80;0;2;4;19;3
202100033627;141 656;32;0;1;1;5;1
202100033628;141 655;7;0;1;2;1;1
202100033629;141 653;1;0;2;8;9;5
202100033629;141 654;1;0;2;1;5;5
202100033630;141 651;7;0;2;3;15;2
202100033630;141 652;30;0;2;7;17;1
202100033631;141 650;50;0;1;1;1;3
202100033632;141 648;30;0;2;6;1;1
202100033632;141 649;7;0;2;1;1;2
202100033633;141 647;80;0;0;0;21;3
202100033634;141 645;10;0;2;3;15;1
202100033634;141 646;30;0;2;3;17;1
202100033635;141 644;1;0;0;0;1;5
202100033636;141 643;33;0;0;8;1;1
202100033637;141 641;7;0;2;2;2;1
202100033637;141 642;80;0;2;4;23;3
202100033638;141 639;30;0;2;6;9;3
202100033638;141 640;1;0;2;1;1;5
202100033639;141 637;33;0;2;6;15;1
202100033639;141 638;7;0;2;2;15;1
202100033640;141 636;40;0;1;7;1;3
202100033641;141 633;7;0;2;2;16;1
202100033641;141 634;32;0;2;7;1;1
202100033641;141 635;7;0;2;4;24;1
202100033642;141 632;1;0;1;8;15;5
202100033643;141 631;10;0;1;5;4;1
202100033644;141 629;7;0;2;3;15;1
202100033644;141 630;1;0;2;1;1;5
202100033645;141 627;7;0;2;3;10;1
202100033645;141 628;33;0;2;0;1;1
202100033646;141 625;33;0;2;1;2;1
202100033646;141 626;43;0;2;4;2;1
202100033647;141 623;80;0;2;0;1;3
202100033647;141 624;32;0;2;0;1;1
202100033648;141 622;1;0;0;0;1;5
202100033649;141 621;1;0;1;2;7;5
202100033650;141 619;33;0;2;0;17;1
202100033650;141 620;7;0;2;8;15;3
202100033651;141 617;1;0;2;1;1;5
202100033651;141 618;1;0;2;1;13;5
202100033652;141 615;30;14;2;1;2;3
202100033652;141 616;7;0;2;3;26;2