Num_Acc;id_vehicule;categorie_vehicule;obstacle_fixe;obstacle_mobile;point_choc_initial;manoeuvre_principale;motorisation
202100033653;141 613;33;0;2;7;17;1
202100033653;141 614;7;0;2;1;16;1
202100033654;141 611;7;0;9;5;17;1
202100033654;141 612;1;0;2;1;15;5
202100033655;141 609;7;0;2;1;2;1
202100033655;141 610;7;0;2;4;2;1
202100033656;141 607;7;0;2;3;15;1
202100033656;141 608;32;0;2;1;1;1
202100033657;141 605;7;0;2;1;2;1
202100033657;141 606;7;0;2;4;2;1
202100033658;141 599;7;0;2;3;0;1
202100033658;141 600;7;0;2;7;1;1
202100033658;141 601;7;0;2;8;23;1
202100033658;141 602;7;0;2;1;23;1
202100033658;141 603;7;0;2;1;23;1
202100033658;141 604;7;0;2;4;2;1
202100033659;141 597;99;0;2;3;15;0
202100033659;141 598;30;0;2;2;2;0
202100033660;141 595;10;0;2;3;1;1
202100033660;141 596;7;0;2;2;1;1
202100033661;141 594;7;0;1;0;0;1
202100033662;141 593;10;6;0;1;26;1
202100033663;141 592;7;11;0;3;13;1
202100033664;141 589;33;0;2;1;26;1
202100033664;141 590;7;0;2;4;2;1
202100033664;141 591;7;0;2;4;2;1
202100033665;141 587;7;0;2;1;2;1
202100033665;141 588;7;0;2;4;16;1
202100033666;141 584;7;0;0;0;0;1
202100033666;141 585;7;0;0;0;0;1
202100033666;141 586;7;0;2;4;20;1
202100033667;141 582;37;0;2;1;1;1
202100033667;141 583;7;0;0;4;2;1
202100033668;141 580;1;0;2;7;12;0
202100033668;141 581;43;0;2;1;1;1
202100033669;141 579;2;0;2;0;0;1
202100033670;141 578;7;0;9;3;15;1
202100033671;141 576;7;0;2;1;21;1
202100033671;141 577;7;0;2;1;2;1
202100033672;141 574;50;0;2;2;1;3
202100033672;141 575;10;0;9;3;20;1
202100033673;141 572;15;0;2;3;15;1
202100033673;141 573;7;0;2;3;1;1
202100033674;141 571;1;0;0;0;0;5
202100033675;141 569;7;0;2;6;15;1
202100033675;141 570;32;0;2;0;17;1
202100033676;141 567;7;0;2;4;23;1
202100033676;141 568;15;0;2;2;1;1
202100033677;141 565;37;0;2;2;16;1
202100033677;141 566;32;0;2;8;18;1
202100033678;141 563;2;0;2;1;1;1
202100033678;141 564;3;0;2;5;9;1
202100033679;141 561;7;0;2;4;23;1
202100033679;141 562;60;1;0;1;1;5
202100033680;141 559;1;0;2;0;0;6
202100033680;141 560;30;0;2;0;15;1
202100033681;141 558;50;0;0;1;1;3
202100033682;141 557;80;8;0;1;0;3
202100033683;141 556;60;0;0;0;15;5
202100033684;141 554;7;0;2;4;1;1
202100033684;141 555;30;0;2;1;2;1
202100033685;141 551;7;0;2;1;2;1
202100033685;141 552;7;0;2;4;1;1
202100033685;141 553;7;0;2;1;2;1
202100033686;141 549;7;0;2;5;10;2
202100033686;141 550;33;0;2;1;1;1
202100033687;141 548;30;0;1;8;2;3
202100033688;141 546;7;0;2;3;9;1
202100033688;141 547;80;0;2;7;1;3
202100033689;141 544;30;0;2;7;1;1
202100033689;141 545;7;0;2;1;26;1
202100033690;141 542;43;0;1;1;13;1
202100033690;141 543;7;0;2;3;9;1
202100033691;141 540;33;0;2;1;17;1
202100033691;141 541;21;0;2;3;15;1
202100033692;141 538;2;0;9;0;2;0
202100033692;141 539;1;0;2;4;1;5
202100033693;141 537;33;13;0;7;1;1
202100033694;141 535;33;0;2;6;2;1
202100033694;141 536;3;0;2;6;2;1
202100033695;141 534;17;0;1;5;4;1
202100033696;141 532;1;0;2;1;1;5
202100033696;141 533;7;0;2;2;15;1
202100033697;141 530;2;0;2;1;1;1
202100033697;141 531;7;0;2;6;15;1
202100033698;141 529;7;8;0;3;1;1
202100033699;141 528;7;0;0;0;1;1
202100033700;141 526;7;0;2;2;1;1
202100033700;141 527;14;0;0;6;2;1
202100033701;141 523;7;0;2;3;17;1
202100033701;141 524;7;13;2;8;1;1
202100033701;141 525;7;0;2;3;1;1
202100033702;141 522;7;13;0;0;1;1
202100033703;141 520;7;0;2;1;1;1
202100033703;141 521;7;0;2;1;1;1
202100033704;141 518;7;0;2;7;13;1
202100033704;141 519;10;0;2;1;1;1
202100033705;141 517;33;15;0;0;1;1
202100033706;141 515;7;0;2;1;19;1
202100033706;141 516;2;0;2;8;1;1
202100033707;141 513;7;0;2;2;17;1
202100033707;141 514;1;0;2;3;11;5
202100033708;141 511;10;0;2;8;1;1
202100033708;141 512;2;0;2;8;1;1
202100033709;141 509;7;0;2;5;11;1
202100033709;141 510;33;0;2;1;17;1
202100033710;141 507;7;0;2;3;1;1
202100033710;141 508;7;0;2;3;1;1
202100033711;141 505;2;0;2;1;19;1
202100033711;141 506;7;0;2;3;1;1
202100033712;141 504;7;6;0;1;1;1
202100033713;141 503;2;9;0;1;6;1
202100033714;141 498;33;13;0;3;17;1
202100033715;141 497;7;6;0;1;0;1
202100033716;141 496;7;17;0;2;1;1
202100033717;141 495;33;2;0;2;1;1
202100033718;141 493;7;0;2;3;1;1
202100033718;141 494;7;0;2;8;13;1
202100033719;141 492;2;0;0;0;14;1
202100033720;141 487;7;0;2;1;2;1
202100033720;141 488;7;0;2;4;23;1
202100033720;141 489;7;0;2;4;23;1
202100033721;141 486;1;0;0;9;1;5
202100033722;141 485;10;3;0;2;2;1
202100033723;141 484;33;0;0;0;23;1
202100033724;141 482;7;13;2;3;1;1
202100033724;141 483;1;0;2;1;13;5
202100033725;141 480;7;0;2;5;15;1
202100033725;141 481;31;0;2;1;1;1
202100033726;141 478;7;0;2;3;1;2
202100033726;141 479;7;0;2;3;13;1
202100033727;141 477;7;13;0;2;26;1
202100033728;141 476;7;6;0;1;5;1
202100033729;141 474;7;0;2;1;1;1
202100033729;141 475;7;0;2;1;13;1
202100033730;141 472;7;0;2;7;26;1
202100033730;141 473;7;0;2;3;26;1
202100033731;141 471;7;0;0;0;1;1
202100033732;141 469;7;0;0;0;15;1
202100033732;141 470;2;0;0;0;13;1
202100033733;141 468;1;12;0;1;1;0
202100033734;141 467;7;14;0;3;1;1
202100033735;141 466;7;13;0;1;1;1
202100033736;141 464;7;0;2;7;1;1
202100033736;141 465;50;0;2;1;26;3
202100033737;141 463;7;2;0;1;0;1
202100033738;141 462;33;0;0;2;1;1
202100033739;141 461;7;8;0;8;1;1
202100033740;141 459;1;0;2;1;1;5
202100033740;141 460;7;0;2;3;15;1
202100033741;141 458;1;0;1;2;1;5
202100033742;141 456;7;0;2;3;11;1
202100033742;141 457;7;0;2;1;1;1
202100033743;141 455;2;0;0;0;5;1
202100033744;141 453;7;0;2;2;15;1
202100033744;141 454;2;0;2;1;1;1
202100033745;141 451;2;0;2;2;1;1
202100033745;141 452;7;0;0;6;9;1
202100033746;141 449;33;0;2;1;5;1
202100033746;141 450;7;0;2;3;5;1
202100033747;141 447;7;0;2;8;1;1
202100033747;141 448;10;0;2;3;13;1
202100033748;141 446;33;8;0;0;0;1
202100033749;141 444;2;0;2;1;5;1
202100033749;141 445;7;0;2;2;1;1
202100033750;141 443;33;7;0;9;1;1
202100033751;141 442;7;16;0;0;26;1
202100033752;141 440;43;0;2;3;1;1
202100033752;141 441;7;0;2;3;13;1
202100033753;141 437;17;0;2;4;2;1
202100033753;141 438;10;0;2;1;2;1
202100033753;141 439;7;0;2;1;2;1
202100033754;141 435;7;0;0;0;0;1
202100033754;141 436;7;4;0;1;2;1
202100033755;141 433;7;0;0;2;11;1
202100033755;141 434;15;0;0;6;0;1
202100033756;141 432;7;4;0;1;14;1
202100033757;141 431;43;8;0;2;9;1
202100033758;141 429;32;0;2;7;3;1
202100033758;141 430;7;0;2;0;0;0
202100033759;141 428;7;3;0;2;1;1
202100033760;141 427;15;0;2;0;26;1
202100033761;141 425;7;0;2;4;2;1
202100033761;141 426;7;0;2;1;2;1
202100033762;141 422;7;0;2;2;12;1
202100033762;141 423;17;0;2;3;1;1
202100033762;141 424;7;0;2;1;1;1
202100033763;141 419;10;0;2;4;2;1
202100033763;141 420;7;0;2;1;2;1
202100033763;141 421;10;0;2;4;2;1
202100033764;141 418;7;3;0;1;26;1
202100033765;141 416;7;3;0;5;26;1
202100033765;141 417;7;0;2;1;0;0
202100033766;141 415;33;3;0;7;1;1
202100033767;141 414;30;0;1;1;1;1
202100033768;141 413;10;0;1;1;2;1
202100033769;141 411;7;0;2;3;1;1
202100033769;141 412;50;0;2;1;15;3
202100033770;141 409;30;6;0;0;0;1
202100033770;141 410;30;0;2;0;9;1
202100033771;141 406;30;0;2;9;17;1
202100033771;141 407;7;0;2;8;15;1
202100033771;141 408;7;0;2;1;0;1
202100033772;141 404;50;0;2;8;15;3
202100033772;141 405;7;0;2;1;1;1
202100033773;141 402;2;0;2;7;16;1
202100033773;141 403;7;0;2;3;9;1
202100033774;141 400;7;0;9;6;13;1
202100033774;141 401;2;0;2;2;1;1
202100033775;141 398;7;0;4;2;2;1
202100033775;141 399;40;0;2;8;19;0
202100033776;141 395;10;0;2;1;1;1
202100033776;141 396;7;0;2;2;0;1
202100033776;141 397;7;0;2;1;23;1
202100033777;141 393;7;0;2;4;15;1
202100033777;141 394;37;0;2;1;1;1
202100033778;141 391;40;1;0;7;1;3
202100033778;141 392;10;0;4;7;24;1
202100033779;141 389;13;0;2;3;15;1
202100033779;141 390;32;0;2;0;1;1
202100033780;141 387;7;0;2;1;2;1
202100033780;141 388;14;0;2;7;2;1
202100033781;141 385;1;0;2;1;9;5
202100033781;141 386;7;0;2;2;2;1
202100033782;141 383;32;0;2;7;1;1
202100033782;141 384;7;0;2;7;15;1
202100033783;141 382;14;4;1;7;14;1
202100033784;141 381;7;0;1;1;9;1
202100033785;141 380;7;0;1;3;2;1
202100033786;141 379;7;0;2;2;1;1
202100033787;141 377;7;0;2;2;17;1
202100033787;141 378;50;0;2;6;0;3
202100033788;141 376;7;1;0;4;14;1
202100033789;141 374;32;0;2;9;12;1
202100033789;141 375;17;0;2;1;1;1
202100033790;141 372;7;0;2;7;9;1
202100033790;141 373;7;15;2;9;15;1
202100033791;141 370;32;0;2;1;2;1
202100033791;141 371;7;0;2;3;5;1
202100033792;141 367;15;0;2;3;1;1
202100033792;141 368;7;0;2;8;9;1
202100033792;141 369;7;0;2;3;1;1
202100033793;141 365;7;0;2;4;26;1
202100033793;141 366;34;0;0;4;23;1
202100033794;141 361;33;0;2;1;1;1
202100033794;141 362;7;0;2;3;19;1
202100033795;141 359;33;0;2;1;0;1
202100033795;141 360;7;0;2;6;15;1
202100033796;141 357;10;15;2;0;9;1
202100033796;141 358;7;2;2;0;0;1
202100033797;141 353;7;0;2;1;1;1
202100033797;141 354;7;0;2;4;0;1
202100033797;141 355;7;0;2;4;0;1
202100033797;141 356;7;0;2;4;0;1
202100033798;141 350;7;0;2;1;1;1
202100033798;141 351;10;0;2;1;1;1
202100033798;141 352;10;0;2;4;1;1
202100033799;141 348;7;0;2;2;1;1
202100033799;141 349;7;0;2;6;11;1
202100033800;141 345;7;0;1;7;1;1
202100033801;141 343;7;0;2;3;0;1
202100033801;141 344;2;0;2;1;1;1
202100033802;141 342;7;0;0;1;14;1
202100033803;141 340;7;0;9;1;26;1
202100033803;141 341;1;0;2;1;25;0
202100033804;141 338;32;0;2;0;26;0
202100033804;141 339;32;0;2;0;0;0
202100033805;141 336;1;0;2;8;1;5
202100033805;141 337;7;0;2;2;1;1
202100033806;141 334;7;0;2;2;15;1
202100033806;141 335;2;0;2;3;1;1
202100033807;141 332;1;0;2;8;1;5
202100033807;141 333;7;0;2;2;1;1
202100033808;141 330;43;0;2;7;17;1
202100033808;141 331;7;0;2;8;15;1
202100033809;141 328;50;0;2;7;19;3
202100033809;141 329;7;0;2;1;1;1
202100033810;141 326;7;0;2;8;19;1
202100033810;141 327;30;0;2;1;1;1
202100033811;141 324;7;0;2;1;1;1
202100033811;141 325;10;0;2;2;15;1
202100033812;141 322;7;0;0;0;15;1
202100033812;141 323;31;0;2;0;1;1
202100033813;141 319;34;0;2;7;1;1
202100033813;141 320;7;0;2;1;9;2
202100033813;141 321;7;0;2;1;23;1
202100033814;141 317;7;0;2;1;1;1
202100033814;141 318;7;0;2;1;13;1
202100033815;141 315;7;0;2;3;15;1
202100033815;141 316;2;0;2;1;13;1
202100033816;141 314;1;0;0;0;16;5
202100033817;141 312;7;1;2;1;1;1
202100033817;141 313;7;1;0;1;20;1
202100033818;141 310;99;0;2;3;26;0
202100033818;141 311;7;0;2;2;26;0
202100033819;141 309;7;0;1;1;1;1
202100033820;141 307;7;0;2;1;1;1
202100033820;141 308;2;0;0;4;23;1
202100033821;141 305;33;0;2;1;1;1
202100033821;141 306;7;0;2;1;15;1
202100033822;141 303;7;0;2;3;9;2
202100033822;141 304;33;0;2;1;21;1
202100033823;141 301;7;0;2;3;26;1
202100033823;141 302;7;0;2;7;1;1
202100033824;141 300;7;0;1;2;15;1
202100033825;141 295;60;0;2;7;19;5
202100033825;141 296;30;0;2;1;19;1
202100033826;141 294;10;0;1;4;26;1
202100033827;141 292;14;0;2;3;1;1
202100033827;141 293;7;0;2;5;17;1
202100033828;141 290;7;0;2;3;9;1
202100033828;141 291;1;0;2;3;19;5
202100033829;141 288;33;0;2;1;18;1
202100033829;141 289;7;0;2;2;16;1
202100033830;141 286;7;0;2;2;1;1
202100033830;141 287;50;0;2;8;15;3
202100033831;141 284;7;0;2;1;1;2
202100033831;141 285;7;0;2;4;1;1
202100033832;141 283;10;0;1;5;4;1
202100033833;141 282;7;15;0;2;1;1
202100033834;141 280;2;0;2;8;16;1
202100033834;141 281;7;0;2;2;1;1
202100033835;141 278;32;0;2;1;1;1
202100033835;141 279;7;0;2;2;15;1
202100033836;141 276;40;0;2;2;19;3
202100033836;141 277;50;0;4;1;1;3
202100033837;141 274;7;0;2;3;13;1
202100033837;141 275;7;0;2;3;1;1
202100033838;141 273;7;13;0;1;13;1
202100033839;141 271;7;0;2;1;16;1
202100033839;141 272;80;0;2;9;1;3
202100033840;141 269;7;0;2;1;1;1
202100033840;141 270;7;0;2;1;5;1
202100033841;141 267;7;0;2;7;13;1
202100033841;141 268;34;0;2;7;17;1
202100033842;141 265;7;0;2;7;15;1
202100033842;141 266;30;0;2;1;1;1
202100033843;141 264;7;2;0;0;1;1
202100033844;141 263;10;0;1;1;1;1
202100033845;141 261;7;0;2;3;26;1
202100033845;141 262;7;0;2;7;2;1
202100033846;141 259;60;0;2;1;16;5
202100033846;141 260;7;0;2;8;1;1
202100033847;141 258;7;13;0;1;1;1
202100033848;141 257;7;13;0;9;1;1
202100033849;141 256;7;4;0;1;26;1
202100033850;141 255;7;0;1;2;1;1
202100033851;141 253;80;0;2;1;26;3
202100033851;141 254;7;0;2;8;9;1
202100033852;141 252;10;15;0;1;1;1
202100033853;141 251;7;2;0;1;0;1
202100033854;141 250;7;0;1;1;1;1
202100033855;141 248;7;0;2;4;16;1
202100033855;141 249;30;0;2;1;0;1
202100033856;141 246;7;0;2;1;2;1
202100033856;141 247;7;0;2;7;10;1
202100033857;141 244;7;0;2;3;1;1
202100033857;141 245;7;0;2;1;13;1
202100033858;141 242;7;0;2;1;24;1
202100033858;141 243;7;1;0;1;1;1
202100033859;141 240;7;0;2;4;2;1
202100033859;141 241;7;0;2;4;2;1
202100033860;141 238;7;0;2;7;15;0
202100033860;141 239;7;0;2;1;1;1
202100033861;141 236;31;0;2;2;0;1
202100033861;141 237;7;0;2;2;9;1
202100033862;141 234;43;0;2;1;26;1
202100033862;141 235;7;0;2;4;21;5
202100033863;141 232;7;0;2;2;15;1
202100033863;141 233;31;0;2;1;2;1
202100033864;141 230;33;0;2;6;16;1
202100033864;141 231;1;0;2;1;1;5
202100033865;141 228;2;0;2;1;1;1
202100033865;141 229;7;0;2;3;19;1
202100033866;141 226;7;0;2;1;2;1
202100033866;141 227;2;0;2;4;1;1
202100033867;141 224;7;0;2;9;15;1
202100033867;141 225;15;0;2;8;13;0
202100033868;141 222;7;0;2;3;15;1
202100033868;141 223;33;0;2;7;17;1
202100033869;141 220;7;15;0;8;1;1
202100033869;141 221;7;15;0;8;1;1
202100033870;141 218;10;0;2;5;1;1
202100033870;141 219;33;0;2;1;3;1
202100033871;141 215;33;0;2;3;3;1
202100033871;141 216;7;0;2;5;23;1
202100033871;141 217;7;0;2;6;1;1
202100033872;141 213;7;0;2;6;1;1
202100033872;141 214;33;0;2;2;13;1
202100033873;141 211;7;0;2;3;15;1
202100033873;141 212;33;0;2;1;5;1
202100033874;141 210;50;0;1;1;1;3
202100033875;141 208;7;0;2;3;9;1
202100033875;141 209;1;0;2;1;5;5
202100033876;141 206;1;0;2;1;1;5
202100033876;141 207;7;0;2;3;15;2
202100033877;141 205;10;0;1;2;1;1
202100033878;141 204;7;0;1;4;4;1
202100033879;141 203;37;0;1;2;20;1
202100033880;141 202;10;0;1;2;20;1
202100033881;141 200;1;0;2;1;1;5
202100033881;141 201;10;0;2;7;16;1
202100033882;141 198;7;0;2;6;2;2
202100033882;141 199;50;0;2;1;2;3
202100033883;141 196;30;0;2;1;15;1
202100033883;141 197;10;0;2;3;1;1
202100033884;141 194;10;0;2;0;16;1
202100033884;141 195;32;0;2;5;14;1
202100033885;141 192;7;0;2;4;1;1
202100033885;141 193;1;0;2;4;1;5
202100033886;141 190;30;0;2;8;13;1
202100033886;141 191;7;0;2;8;26;1
202100033887;141 188;7;0;2;2;15;1
202100033887;141 189;31;0;2;1;16;1
202100033888;141 186;10;0;2;1;16;1
202100033888;141 187;7;0;2;7;1;0
202100033889;141 185;7;15;0;1;15;1
202100033890;141 183;10;0;2;3;1;1
202100033890;141 184;10;0;2;3;13;1
202100033891;141 181;7;0;2;7;23;2
202100033891;141 182;7;0;2;4;20;1
202100033892;141 179;34;12;2;1;19;1
202100033892;141 180;10;0;2;7;1;1
202100033893;141 177;37;0;9;7;15;4
202100033893;141 178;50;0;2;8;2;3
202100033894;141 175;7;0;2;1;2;1
202100033894;141 176;7;0;2;4;20;1
202100033895;141 173;7;0;2;7;15;1
202100033895;141 174;37;0;2;0;0;1
202100033896;141 171;7;0;2;8;15;1
202100033896;141 172;33;0;2;1;1;1
202100033897;141 169;7;0;2;1;15;1
202100033897;141 170;99;0;0;0;0;0
202100033898;141 167;7;0;2;1;5;1
202100033898;141 168;7;0;2;3;1;1
202100033899;141 166;30;1;0;1;18;1
202100033900;141 164;2;0;2;1;16;1
202100033900;141 165;7;0;2;0;0;0
202100033901;141 162;7;0;2;5;15;2
202100033901;141 163;33;0;2;1;1;1
202100033902;141 160;60;1;1;1;19;5
202100033902;141 161;60;1;1;1;5;5
202100033903;141 159;34;2;0;1;18;1
202100033904;141 158;7;0;1;3;15;1
202100033905;141 156;43;0;2;4;23;1
202100033905;141 157;38;0;2;1;15;1
202100033906;141 154;7;0;2;1;9;1
202100033906;141 155;7;0;2;2;1;1
202100033907;141 153;60;0;0;0;19;5
202100033908;141 151;80;0;2;1;1;3
202100033908;141 152;7;0;2;3;20;1
202100033909;141 149;1;0;0;0;1;0
202100033909;141 150;10;0;0;0;15;1
202100033910;141 148;30;0;2;0;15;1
202100033911;141 146;7;0;2;3;17;1
202100033911;141 147;7;0;2;3;1;1
202100033912;141 144;15;0;2;1;1;1
202100033912;141 145;10;0;2;2;13;1
202100033913;141 143;10;0;1;1;1;1
202100033914;141 142;7;2;0;1;1;1
202100033915;141 141;31;0;0;1;1;1
202100033916;141 139;7;0;2;7;10;1
202100033916;141 140;10;0;2;1;1;1
202100033917;141 138;33;0;0;0;1;1
202100033918;141 135;7;0;2;4;1;1
202100033918;141 136;7;0;2;4;1;1
202100033918;141 137;7;0;2;1;1;1
202100033919;141 133;7;0;0;7;15;1
202100033919;141 134;33;0;2;1;4;1
202100033920;141 130;7;8;2;0;26;1
202100033920;141 131;7;0;2;0;26;1
202100033921;141 128;7;0;2;1;19;1
202100033921;141 129;2;0;2;8;1;1
202100033922;141 126;2;0;2;4;1;1
202100033922;141 127;7;0;2;1;12;1
202100033923;141 125;7;2;0;9;1;1
202100033924;141 123;1;0;2;3;2;5
202100033924;141 124;7;0;2;5;16;1
202100033925;141 120;33;0;0;8;1;1
202100033926;141 118;7;0;2;7;19;2
202100033926;141 119;7;0;2;8;1;1
202100033927;141 116;21;0;0;6;15;1
202100033927;141 117;7;0;2;2;17;1
202100033928;141 115;7;0;0;0;0;1
202100033929;141 113;7;0;0;8;19;1
202100033929;141 114;7;0;2;1;1;1
202100033930;141 112;80;0;0;0;1;3
202100033931;141 110;2;0;2;1;5;1
202100033931;141 111;7;0;2;3;1;1
202100033932;141 109;33;16;0;0;1;1
202100033933;141 107;7;0;2;1;13;1
202100033933;141 108;7;0;2;1;0;1
202100033934;141 105;10;0;2;7;2;1
202100033934;141 106;1;0;2;3;2;5
202100033935;141 103;7;0;2;3;26;1
202100033935;141 104;7;0;2;3;13;1
202100033936;141 101;15;0;2;2;16;1
202100033936;141 102;1;0;2;8;1;5
202100033937;141 099;7;0;2;3;1;1
202100033937;141 100;1;0;2;1;19;5
202100033938;141 097;10;0;2;1;0;1
202100033938;141 098;7;0;2;3;0;1
202100033939;141 095;7;5;2;7;13;1
202100033939;141 096;7;0;2;1;1;1
202100033940;141 094;7;6;0;1;14;1
202100033941;141 092;17;0;2;6;1;1
202100033941;141 093;7;0;2;3;1;1
202100033942;141 090;7;0;2;1;2;1
202100033942;141 091;14;0;2;4;1;1
202100033943;141 089;33;10;0;1;14;1
202100033944;141 087;7;0;0;4;1;1
202100033944;141 088;7;0;2;1;1;1
202100033945;141 085;3;0;2;1;1;3
202100033945;141 086;3;0;2;1;1;3
202100033946;141 083;7;0;2;7;19;1
202100033946;141 084;7;0;2;1;1;1
202100033947;141 082;7;0;1;8;1;2
202100033948;141 081;17;0;0;6;1;1
202100033949;141 080;80;0;0;8;13;3
202100033950;141 078;10;0;2;3;13;1
202100033950;141 079;43;0;2;1;1;1
202100033951;141 075;99;0;2;8;13;1
202100033951;141 076;7;0;2;8;1;1
202100033951;141 077;17;0;2;8;1;1
202100033952;141 074;7;2;0;2;0;1
202100033953;141 073;37;0;1;5;26;1
202100033954;141 072;2;0;0;0;0;0
202100033955;141 071;7;2;0;6;1;1
202100033956;141 069;30;0;2;1;1;1
202100033956;141 070;13;0;2;2;1;1
202100033957;141 067;33;6;2;3;21;1
202100033957;141 068;7;0;0;5;23;1
202100033958;141 066;7;2;0;7;1;1
202100033959;141 064;33;0;2;1;1;1
202100033959;141 065;14;0;2;2;15;1
202100033960;141 062;7;16;2;1;13;1
202100033960;141 063;33;0;0;1;1;1
202100033961;141 060;7;0;2;3;9;1
202100033961;141 061;1;0;2;1;1;5
202100033962;141 058;7;0;9;3;15;1
202100033962;141 059;1;0;2;1;15;5
202100033963;141 055;7;0;2;3;1;1
202100033963;141 056;30;0;2;3;1;1
202100033963;141 057;7;1;2;1;1;1
202100033964;141 052;7;0;2;1;26;1
202100033964;141 053;31;0;2;7;1;1
202100033965;141 050;7;0;2;5;1;1
202100033965;141 051;7;0;2;1;1;1
202100033966;141 049;7;0;1;3;1;0
202100033967;141 048;7;0;0;0;1;1
202100033968;141 047;7;12;0;1;0;1
202100033969;141 045;7;0;2;2;15;1
202100033969;141 046;33;0;2;1;1;1
202100033970;141 044;7;6;0;1;1;1
202100033971;141 042;7;0;0;8;1;1
202100033971;141 043;7;0;2;1;2;1
202100033972;141 041;7;10;0;3;13;1
202100033973;141 036;7;0;2;4;26;1
202100033973;141 037;7;0;2;1;0;1
202100033974;141 034;7;0;2;1;1;1
202100033974;141 035;7;0;2;4;1;1
202100033975;141 031;33;0;2;1;0;1
202100033975;141 032;7;0;2;6;1;1
202100033975;141 033;7;0;2;6;1;1
202100033976;141 028;7;0;2;8;1;1
202100033976;141 029;33;0;2;2;12;1
202100033976;141 030;10;0;2;2;3;1
202100033977;141 026;37;0;2;4;2;1
202100033977;141 027;7;0;2;1;2;1
202100033978;141 024;10;0;2;4;2;1
202100033978;141 025;33;0;2;1;2;1
202100033979;141 022;7;0;0;4;23;2
202100033979;141 023;33;0;2;1;21;1
202100033980;141 019;7;0;2;1;26;1
202100033980;141 020;7;0;2;0;26;1
202100033980;141 021;7;0;2;0;26;1
202100033981;141 013;7;0;2;4;1;1
202100033981;141 014;7;0;2;4;1;1
202100033981;141 015;7;0;2;4;1;1
202100033981;141 016;7;0;2;4;1;1
202100033981;141 017;7;0;2;4;1;1
202100033981;141 018;15;0;2;1;1;1
202100033982;141 011;7;0;2;1;2;0
202100033982;141 012;10;0;2;4;2;1
202100033983;141 009;33;0;2;2;3;1
202100033983;141 010;7;0;2;6;9;1
202100033984;141 008;31;0;0;8;3;1
202100033985;141 007;7;4;0;3;13;1
202100033986;141 005;10;0;2;4;1;1
202100033986;141 006;7;0;2;1;1;1
202100033987;141 003;7;0;2;5;12;1
202100033987;141 004;33;0;2;3;1;1
202100033988;141 001;7;0;2;6;1;1
202100033988;141 002;7;0;2;2;12;1
202100033989;141 000;34;6;0;3;13;1
202100033990;140 998;33;0;2;4;1;1
202100033990;140 999;33;0;2;1;1;1
202100033991;140 997;7;0;1;1;1;1
202100033992;140 995;7;0;2;1;26;1
202100033992;140 996;33;0;2;3;17;1
202100033993;140 994;80;0;1;1;25;3
202100033994;140 992;7;0;2;7;15;2
202100033994;140 993;7;0;1;1;25;1
202100033995;140 990;7;0;2;3;26;1
202100033995;140 991;7;0;2;3;26;1
202100033996;140 989;7;1;0;4;20;1
202100033997;140 987;1;0;2;1;1;5
202100033997;140 988;10;0;2;6;24;1
202100033998;140 986;1;0;1;1;1;5
202100033999;140 985;7;0;1;1;1;1
202100034000;140 984;50;0;1;1;1;3
202100034001;140 982;7;0;2;3;11;1
202100034001;140 983;32;0;2;1;7;1
202100034002;140 981;1;0;1;8;1;5
202100034003;140 977;7;1;0;0;0;1
202100034003;140 978;10;1;0;1;23;1
202100034004;140 976;33;0;0;0;26;1
202100034005;140 974;50;0;2;3;15;3
202100034005;140 975;7;0;2;3;1;1
202100034006;140 973;14;0;1;1;1;1
202100034007;140 971;7;0;2;3;19;1
202100034007;140 972;7;0;2;1;19;1
202100034008;140 969;7;0;2;3;1;1
202100034008;140 970;32;0;2;1;13;1
202100034009;140 967;7;0;2;1;15;1
202100034009;140 968;7;0;2;3;1;1
202100034010;140 966;7;0;1;1;1;1
202100034011;140 964;7;0;2;1;19;1
202100034011;140 965;7;0;2;3;1;1
202100034012;140 963;7;0;1;2;1;1
202100034013;140 962;1;0;1;1;1;5
202100034014;140 960;7;0;2;1;1;1
202100034014;140 961;1;0;2;4;1;5
202100034015;140 958;7;0;2;1;1;1
202100034015;140 959;7;1;2;8;15;1
202100034016;140 956;7;0;2;5;1;1
202100034016;140 957;31;0;2;1;26;1
202100034017;140 954;7;0;2;1;26;1
202100034017;140 955;7;0;2;3;26;1
202100034018;140 953;7;0;1;3;26;1
202100034019;140 951;10;0;2;1;0;1
202100034019;140 952;7;9;2;2;9;1
202100034020;140 949;33;0;2;7;2;1
202100034020;140 950;14;0;2;8;1;1
202100034021;140 947;7;6;2;6;4;1
202100034021;140 948;7;0;2;2;1;1
202100034022;140 946;7;0;1;1;1;1
202100034023;140 945;17;0;2;2;1;1
202100034024;140 944;7;0;5;3;1;1
202100034025;140 942;7;0;2;1;19;1
202100034025;140 943;7;0;2;7;1;1
202100034026;140 941;7;0;0;8;1;1
202100034027;140 939;10;0;2;4;4;1
202100034027;140 940;30;0;2;1;23;1
202100034028;140 937;7;0;2;1;15;1
202100034028;140 938;7;0;2;7;1;1
202100034029;140 935;1;0;0;0;0;5
202100034029;140 936;7;0;2;2;2;1
202100034030;140 934;7;8;0;1;15;1
202100034031;140 933;20;0;1;1;1;1
202100034032;140 932;10;0;1;8;15;1
202100034033;140 928;7;0;2;4;23;1
202100034033;140 929;2;0;2;1;1;1
202100034034;140 926;1;0;2;0;1;5
202100034034;140 927;7;0;2;0;1;1
202100034035;140 924;1;0;2;8;2;5
202100034035;140 925;7;0;2;7;2;1
202100034036;140 922;30;0;2;1;15;1
202100034036;140 923;7;0;2;1;1;1
202100034037;140 920;7;0;2;2;15;1
202100034037;140 921;7;0;2;3;1;1