Num_Acc;id_vehicule;categorie_vehicule;obstacle_fixe;obstacle_mobile;point_choc_initial;manoeuvre_principale;motorisation
202100034038;140 919;37;0;1;1;9;0
202100034039;140 918;33;0;1;1;1;1
202100034040;140 916;50;0;2;5;1;3
202100034040;140 917;7;0;2;2;15;1
202100034041;140 914;10;0;2;3;1;1
202100034041;140 915;7;0;2;3;1;1
202100034042;140 912;7;0;2;2;19;1
202100034042;140 913;7;0;2;1;0;1
202100034043;140 908;2;0;2;3;13;1
202100034043;140 909;7;0;2;8;1;1
202100034043;140 910;7;0;2;8;1;1
202100034043;140 911;7;0;2;8;1;1
202100034044;140 906;2;0;2;2;7;1
202100034044;140 907;7;0;2;3;9;1
202100034045;140 904;2;0;2;1;1;1
202100034045;140 905;3;0;2;7;15;1
202100034046;140 901;7;0;2;1;26;1
202100034046;140 902;7;0;2;4;2;2
202100034046;140 903;7;0;2;4;19;1
202100034047;140 900;7;4;0;2;1;1
202100034048;140 899;30;14;0;1;1;1
202100034049;140 898;7;0;1;2;1;1
202100034050;140 896;1;0;0;6;2;5
202100034050;140 897;10;0;0;2;9;0
202100034051;140 894;7;0;9;1;1;0
202100034051;140 895;1;0;2;4;19;5
202100034052;140 893;50;0;1;1;1;3
202100034053;140 890;7;0;2;6;2;2
202100034053;140 891;7;0;2;5;2;1
202100034053;140 892;7;0;2;3;2;1
202100034054;140 889;31;0;0;0;26;1
202100034055;140 888;7;0;1;1;26;1
202100034056;140 886;7;0;9;3;9;1
202100034056;140 887;2;0;2;5;16;1
202100034057;140 884;31;0;2;7;1;1
202100034057;140 885;7;0;2;1;15;1
202100034058;140 882;7;0;2;3;1;1
202100034058;140 883;7;0;2;1;15;1
202100034059;140 881;7;1;0;2;1;1
202100034060;140 879;7;0;2;5;19;1
202100034060;140 880;50;0;2;1;1;3
202100034061;140 876;7;0;2;1;1;1
202100034061;140 877;7;0;2;4;0;1
202100034061;140 878;7;0;2;4;0;1
202100034062;140 875;7;0;1;4;26;0
202100034063;140 873;7;0;2;3;1;1
202100034063;140 874;32;0;2;1;1;1
202100034064;140 872;7;9;0;1;1;1
202100034065;140 870;7;0;2;1;26;1
202100034065;140 871;7;0;2;1;0;2
202100034066;140 869;33;8;0;1;13;1
202100034067;140 868;7;15;0;1;14;1
202100034068;140 867;7;13;0;1;13;1
202100034069;140 866;7;6;0;2;13;1
202100034070;140 864;7;0;0;8;15;1
202100034070;140 865;31;0;2;1;17;1
202100034071;140 862;7;0;2;3;15;1
202100034071;140 863;34;0;2;2;17;1
202100034072;140 860;50;1;0;0;0;3
202100034072;140 861;7;0;9;0;24;1
202100034073;140 856;7;0;2;1;19;1
202100034073;140 857;7;0;0;8;19;1
202100034074;140 855;7;9;1;2;1;2
202100034075;140 853;32;0;2;7;2;1
202100034075;140 854;7;0;2;8;2;1
202100034076;140 851;7;0;2;1;1;1
202100034076;140 852;1;0;2;1;19;0
202100034077;140 849;7;0;2;8;1;1
202100034077;140 850;1;0;2;1;1;5
202100034078;140 848;7;0;1;2;1;1
202100034079;140 846;7;0;2;1;26;1
202100034079;140 847;7;0;2;2;15;1
202100034080;140 844;32;0;2;3;0;1
202100034080;140 845;30;0;2;2;16;1
202100034081;140 843;30;0;1;8;1;1
202100034082;140 841;7;0;2;2;19;1
202100034082;140 842;7;0;0;3;1;1
202100034083;140 840;2;1;0;2;5;1
202100034084;140 838;7;0;2;6;1;0
202100034084;140 839;33;0;2;3;1;0
202100034085;140 836;7;0;2;5;9;1
202100034085;140 837;10;0;2;1;1;1
202100034086;140 834;33;0;2;3;0;1
202100034086;140 835;7;0;2;2;15;1
202100034087;140 832;1;0;2;4;16;5
202100034087;140 833;14;0;9;1;16;1
202100034088;140 831;10;0;1;4;4;1
202100034089;140 829;7;0;2;1;2;1
202100034089;140 830;7;0;2;4;2;2
202100034090;140 827;31;0;2;3;1;1
202100034090;140 828;14;0;2;2;15;1
202100034091;140 826;1;0;1;1;1;5
202100034092;140 824;10;0;2;2;20;1
202100034092;140 825;1;0;2;1;18;5
202100034093;140 822;7;0;2;7;17;1
202100034093;140 823;1;0;2;8;1;5
202100034094;140 821;7;0;1;1;15;1
202100034095;140 819;7;0;2;1;2;1
202100034095;140 820;1;0;2;4;2;5
202100034096;140 817;34;0;2;3;1;1
202100034096;140 818;50;0;2;1;15;3
202100034097;140 815;7;0;2;5;15;1
202100034097;140 816;1;0;2;1;1;5
202100034098;140 813;31;0;2;3;23;1
202100034098;140 814;7;0;2;2;14;1
202100034099;140 812;30;0;1;1;1;0
202100034100;140 811;1;0;0;0;21;5
202100034101;140 809;1;0;2;7;1;5
202100034101;140 810;7;0;2;2;1;1
202100034102;140 807;7;0;2;8;11;1
202100034102;140 808;33;0;2;1;1;1
202100034103;140 805;1;0;2;8;1;5
202100034103;140 806;1;0;2;0;17;5
202100034104;140 803;14;0;2;0;1;1
202100034104;140 804;10;0;2;3;1;1
202100034105;140 798;7;0;2;3;13;2
202100034105;140 799;7;0;2;3;23;1
202100034105;140 800;7;0;2;7;23;1
202100034105;140 801;32;0;2;8;1;1
202100034105;140 802;30;0;2;9;1;1
202100034106;140 796;7;0;2;3;15;2
202100034106;140 797;34;0;2;3;7;1
202100034107;140 794;30;0;2;1;1;1
202100034107;140 795;7;0;2;0;15;1
202100034108;140 792;1;0;2;7;1;5
202100034108;140 793;30;0;2;8;9;1
202100034109;140 790;7;1;2;2;1;1
202100034109;140 791;7;1;0;2;23;1
202100034110;140 789;7;6;2;1;1;1
202100034111;140 787;7;0;2;2;22;1
202100034111;140 788;50;0;2;6;18;3
202100034112;140 786;10;0;1;1;13;1
202100034113;140 785;7;6;0;1;2;1
202100034114;140 783;2;0;2;1;9;1
202100034114;140 784;80;0;2;7;9;3
202100034115;140 781;1;0;2;4;0;5
202100034115;140 782;10;0;2;2;26;1
202100034116;140 779;30;0;2;1;17;1
202100034116;140 780;7;0;2;3;15;1
202100034117;140 777;7;0;2;1;26;0
202100034117;140 778;7;0;2;3;26;0
202100034118;140 775;32;0;0;0;;
202100034118;140 776;10;0;2;3;2;1
202100034119;140 774;14;0;1;2;1;1
202100034120;140 772;20;0;2;8;1;1
202100034120;140 773;2;0;2;1;1;1
202100034121;140 771;7;0;1;3;17;1
202100034122;140 770;13;0;1;0;1;0
202100034123;140 768;13;0;2;2;1;1
202100034123;140 769;99;0;0;6;16;1
202100034124;140 766;34;0;2;1;1;1
202100034124;140 767;7;0;2;2;15;1
202100034125;140 765;7;0;1;3;9;1
202100034126;140 764;7;0;1;1;1;1
202100034127;140 763;32;0;1;1;26;1
202100034128;140 762;7;0;1;1;16;1
202100034129;140 760;32;0;2;7;17;1
202100034129;140 761;7;0;2;3;15;1
202100034130;140 758;1;0;2;1;1;5
202100034130;140 759;7;0;2;1;15;0
202100034131;140 757;7;0;2;1;1;1
202100034132;140 754;7;0;2;8;23;1
202100034132;140 755;33;1;2;5;17;1
202100034132;140 756;7;0;2;3;15;1
202100034133;140 752;2;2;2;1;1;1
202100034133;140 753;14;0;2;8;22;1
202100034134;140 749;30;0;2;8;18;1
202100034134;140 750;7;0;2;2;1;2
202100034134;140 751;7;0;2;0;24;1
202100034135;140 747;7;0;2;1;1;1
202100034135;140 748;7;0;2;7;10;1
202100034136;140 745;32;0;2;1;1;1
202100034136;140 746;7;0;2;3;15;1
202100034137;140 743;33;0;2;1;17;1
202100034137;140 744;7;0;2;3;15;1
202100034138;140 742;7;13;0;1;1;1
202100034139;140 740;7;0;2;3;13;1
202100034139;140 741;7;0;2;8;1;1
202100034140;140 738;33;0;2;1;21;1
202100034140;140 739;10;0;2;2;19;1
202100034141;140 735;3;0;2;1;11;1
202100034141;140 736;7;0;0;3;1;1
202100034141;140 737;7;0;2;1;0;1
202100034142;140 733;7;0;2;1;1;1
202100034142;140 734;7;0;2;1;13;1
202100034143;140 731;7;0;2;3;1;1
202100034143;140 732;1;0;2;1;1;5
202100034144;140 729;1;0;2;1;1;5
202100034144;140 730;7;0;2;8;19;1
202100034145;140 727;33;0;2;3;13;1
202100034145;140 728;7;0;2;3;0;6
202100034146;140 726;7;13;0;1;1;1
202100034147;140 725;7;17;0;2;1;1
202100034148;140 724;7;1;0;2;14;1
202100034149;140 720;15;0;2;1;1;1
202100034149;140 721;15;0;2;2;1;1
202100034149;140 722;7;0;2;4;1;1
202100034149;140 723;7;0;2;1;1;1
202100034150;140 719;1;16;0;9;1;5
202100034151;140 717;7;0;2;3;14;1
202100034151;140 718;7;0;2;3;0;1
202100034152;140 714;7;0;2;1;11;1
202100034152;140 715;7;0;2;1;1;1
202100034152;140 716;7;0;2;6;1;1
202100034153;140 712;31;0;2;1;2;1
202100034153;140 713;32;0;0;4;2;1
202100034154;140 711;33;0;0;0;16;1
202100034155;140 708;7;0;2;1;2;1
202100034155;140 709;7;0;0;4;1;1
202100034155;140 710;7;0;0;4;2;1
202100034156;140 706;10;0;2;3;2;1
202100034156;140 707;33;0;2;4;2;1
202100034157;140 704;43;0;2;5;1;1
202100034157;140 705;7;0;2;1;1;1
202100034158;140 703;36;13;0;3;1;1
202100034159;140 701;7;6;0;1;1;1
202100034160;140 700;7;0;1;8;1;1
202100034161;140 698;7;0;2;5;2;1
202100034161;140 699;34;0;2;1;2;1
202100034162;140 696;34;0;2;1;1;0
202100034162;140 697;7;0;2;2;19;1
202100034163;140 695;7;6;0;1;14;1
202100034164;140 692;2;0;2;1;17;1
202100034164;140 693;7;0;2;6;15;1
202100034165;140 691;7;0;0;0;1;1
202100034166;140 690;2;0;0;9;1;1
202100034167;140 688;7;14;2;8;13;1
202100034167;140 689;7;0;2;8;1;1
202100034168;140 686;7;0;0;4;1;1
202100034168;140 687;7;0;2;1;2;1
202100034169;140 685;7;4;0;1;1;1
202100034170;140 683;7;0;2;6;1;1
202100034170;140 684;15;0;2;2;12;1
202100034171;140 678;10;0;2;1;2;1
202100034171;140 679;7;0;2;4;2;1
202100034171;140 680;7;0;0;4;2;1
202100034171;140 681;7;0;2;4;2;1
202100034172;140 673;10;0;2;1;1;1
202100034172;140 674;7;0;0;4;1;1
202100034172;140 675;7;0;2;1;1;1
202100034172;140 676;7;0;0;4;1;1
202100034172;140 677;7;0;2;1;1;1
202100034173;140 667;10;0;0;1;26;1
202100034173;140 668;7;3;2;5;13;1
202100034173;140 669;7;0;2;4;17;1
202100034173;140 670;10;0;2;3;17;1
202100034173;140 671;10;0;2;4;17;1
202100034173;140 672;7;0;2;4;17;1
202100034174;140 665;7;0;2;3;1;1
202100034174;140 666;7;0;2;1;5;1
202100034175;140 663;33;0;2;7;17;1
202100034175;140 664;7;0;2;3;15;1
202100034176;140 661;7;0;2;1;9;1
202100034176;140 662;7;0;2;1;1;1
202100034177;140 659;1;0;2;3;1;5
202100034177;140 660;7;0;2;1;26;1
202100034178;140 657;14;0;0;5;2;1
202100034178;140 658;7;0;2;3;2;1
202100034179;140 656;7;0;0;2;14;1
202100034180;140 654;20;0;0;5;2;1
202100034180;140 655;10;0;0;1;2;1
202100034181;140 652;7;0;2;3;15;1
202100034181;140 653;7;0;0;5;15;1
202100034182;140 650;7;0;0;1;1;1
202100034182;140 651;33;0;0;0;1;1
202100034183;140 649;33;0;0;9;26;1
202100034184;140 647;10;0;2;3;15;1
202100034184;140 648;33;8;2;8;0;1
202100034185;140 645;7;0;2;1;11;1
202100034185;140 646;7;0;2;1;1;1
202100034186;140 643;1;0;2;1;0;5
202100034186;140 644;10;0;2;2;9;1
202100034187;140 642;33;6;0;1;26;1
202100034188;140 641;7;0;1;1;26;1
202100034189;140 639;10;1;0;2;1;1
202100034189;140 640;10;0;0;6;24;1
202100034190;140 638;7;0;1;7;12;1
202100034191;140 636;7;0;2;5;2;2
202100034191;140 637;7;0;2;1;2;1
202100034192;140 633;7;0;2;3;2;1
202100034192;140 634;7;1;0;2;1;1
202100034192;140 635;33;0;2;4;1;1
202100034193;140 631;7;0;2;4;2;1
202100034193;140 632;7;0;2;1;2;1
202100034194;140 630;34;0;0;1;1;1
202100034195;140 627;7;0;9;8;1;1
202100034195;140 628;7;3;0;2;21;1
202100034195;140 629;7;0;9;0;1;2
202100034196;140 625;31;0;2;1;3;1
202100034196;140 626;10;0;2;4;11;1
202100034197;140 623;33;0;2;8;3;1
202100034197;140 624;7;0;2;5;1;1
202100034198;140 620;7;0;2;4;1;1
202100034198;140 621;10;0;2;4;1;1
202100034198;140 622;10;0;2;1;1;1
202100034199;140 616;7;0;2;4;0;1
202100034199;140 617;7;0;2;9;0;1
202100034199;140 618;7;0;2;9;0;1
202100034199;140 619;7;0;2;1;0;1
202100034200;140 615;7;3;0;0;26;1
202100034201;140 613;7;0;2;4;1;1
202100034201;140 614;43;0;2;1;1;1
202100034202;140 610;7;0;2;6;0;1
202100034202;140 611;7;0;2;0;0;1
202100034202;140 612;7;0;2;1;26;1
202100034203;140 609;34;0;6;1;1;1
202100034204;140 608;32;0;1;1;17;1
202100034205;140 607;7;0;1;1;1;1
202100034206;140 605;7;0;2;1;9;1
202100034206;140 606;1;0;2;7;1;5
202100034207;140 604;30;1;0;3;13;6
202100034208;140 602;7;0;2;3;26;1
202100034208;140 603;30;0;2;1;26;1
202100034209;140 600;7;0;2;1;1;1
202100034209;140 601;7;0;2;4;1;1
202100034210;140 598;7;0;2;1;13;1
202100034210;140 599;7;0;2;0;0;1
202100034211;140 596;10;0;2;4;1;1
202100034211;140 597;30;0;2;1;2;1
202100034212;140 594;7;0;2;2;15;1
202100034212;140 595;30;0;2;1;1;1
202100034213;140 591;2;0;2;1;1;1
202100034213;140 592;7;1;0;0;0;1
202100034213;140 593;7;0;9;7;15;1
202100034214;140 589;7;0;2;0;17;0
202100034214;140 590;30;0;2;3;9;1
202100034215;140 587;7;9;2;5;19;1
202100034215;140 588;7;9;2;1;19;1
202100034216;140 585;7;0;2;3;2;1
202100034216;140 586;7;0;2;2;1;1
202100034217;140 581;33;4;2;8;0;1
202100034217;140 582;7;4;2;0;0;1
202100034217;140 583;7;4;2;0;0;1
202100034217;140 584;7;4;2;1;0;1
202100034218;140 580;7;0;1;1;0;0
202100034219;140 579;2;0;1;1;17;1
202100034220;140 577;1;0;2;0;0;5
202100034220;140 578;7;0;2;1;15;1
202100034221;140 575;7;0;2;1;9;1
202100034221;140 576;1;0;2;7;1;5
202100034222;140 573;31;0;2;4;2;1
202100034222;140 574;7;0;2;4;26;1
202100034223;140 571;33;0;2;8;26;1
202100034223;140 572;7;0;2;7;15;1
202100034224;140 570;7;1;0;1;13;1
202100034225;140 569;1;13;0;0;1;5
202100034226;140 566;10;0;1;4;26;1
202100034227;140 564;7;0;2;1;15;1
202100034227;140 565;32;0;2;1;1;1
202100034228;140 563;10;0;1;3;15;3
202100034229;140 562;30;0;0;0;1;1
202100034230;140 560;7;0;2;1;23;1
202100034230;140 561;7;0;2;1;15;1
202100034231;140 558;50;0;2;3;1;3
202100034231;140 559;7;0;9;2;1;1
202100034232;140 557;7;1;0;1;26;1
202100034233;140 555;7;0;2;1;23;0
202100034233;140 556;31;0;2;4;26;0
202100034234;140 554;7;1;0;0;26;0
202100034235;140 553;7;9;0;1;26;1
202100034236;140 552;2;0;1;1;15;1
202100034237;140 551;1;0;2;1;1;5
202100034238;140 546;10;0;9;3;1;0
202100034238;140 547;50;0;2;8;1;3
202100034239;140 543;7;0;2;4;23;1
202100034239;140 544;7;0;2;4;23;1
202100034239;140 545;7;0;2;1;1;1
202100034240;140 541;7;0;2;1;1;1
202100034240;140 542;1;0;2;2;19;2
202100034241;140 540;7;0;1;2;1;1
202100034242;140 538;7;0;2;2;15;1
202100034242;140 539;31;0;2;3;1;1
202100034243;140 537;7;2;0;2;13;1
202100034244;140 535;7;0;2;7;1;1
202100034244;140 536;14;0;2;3;15;1
202100034245;140 533;10;0;2;1;13;1
202100034245;140 534;30;0;2;1;17;1
202100034246;140 531;7;0;2;1;9;1
202100034246;140 532;33;0;2;1;1;1
202100034247;140 529;7;0;2;1;2;1
202100034247;140 530;10;0;2;4;2;1
202100034248;140 527;50;0;2;8;25;3
202100034248;140 528;14;0;2;0;15;1
202100034249;140 525;31;0;2;1;1;1
202100034249;140 526;7;0;2;7;15;1
202100034250;140 523;33;0;2;1;1;1
202100034250;140 524;7;0;2;3;15;1
202100034251;140 521;7;0;2;1;19;1
202100034251;140 522;7;0;2;1;19;1
202100034252;140 519;32;0;2;7;19;1
202100034252;140 520;7;0;2;1;19;1
202100034253;140 517;7;0;2;2;19;1
202100034253;140 518;7;0;2;1;19;1
202100034254;140 515;7;0;2;4;23;1
202100034254;140 516;1;0;2;1;2;6
202100034255;140 513;7;0;2;5;15;1
202100034255;140 514;1;0;2;1;1;5
202100034256;140 512;7;9;0;1;1;1
202100034257;140 510;7;8;2;1;15;1
202100034257;140 511;7;0;2;5;15;1
202100034258;140 508;33;0;2;1;17;1
202100034258;140 509;30;0;2;8;1;1
202100034259;140 506;2;0;2;1;1;1
202100034259;140 507;7;0;2;2;15;1
202100034260;140 501;7;14;2;1;2;1
202100034260;140 502;7;14;2;4;2;1
202100034260;140 503;7;0;2;4;2;1
202100034261;140 499;7;0;2;3;9;1
202100034261;140 500;7;0;2;1;10;1
202100034262;140 497;7;0;2;5;1;1
202100034262;140 498;2;0;2;1;26;1
202100034263;140 496;33;13;0;1;21;1
202100034264;140 495;7;0;1;5;2;1
202100034265;140 493;7;0;2;4;23;1
202100034265;140 494;33;0;2;1;2;1
202100034266;140 489;7;0;2;1;2;1
202100034266;140 490;7;0;2;4;2;1
202100034267;140 488;7;13;0;9;9;1
202100034268;140 486;1;0;2;8;1;5
202100034268;140 487;7;0;2;0;0;1
202100034269;140 484;7;0;2;1;1;1
202100034269;140 485;7;0;2;1;1;1
202100034270;140 483;7;0;1;1;1;0
202100034271;140 481;7;0;2;3;1;1
202100034271;140 482;50;0;2;1;1;3
202100034272;140 479;7;0;2;5;15;1
202100034272;140 480;1;0;2;1;1;5
202100034273;140 478;7;0;1;1;1;0
202100034274;140 476;7;0;2;3;15;1
202100034274;140 477;30;0;2;2;17;0
202100034275;140 474;7;0;2;4;1;1
202100034275;140 475;7;0;2;1;2;1
202100034276;140 472;7;0;2;1;19;1
202100034276;140 473;7;0;2;4;0;1
202100034277;140 470;1;0;2;8;9;2
202100034277;140 471;7;0;9;3;1;1
202100034278;140 467;7;0;2;9;2;1
202100034278;140 468;7;0;2;1;2;1
202100034278;140 469;7;0;2;4;2;1
202100034279;140 466;7;0;1;2;1;1
202100034280;140 464;7;0;2;4;1;1
202100034280;140 465;7;0;2;1;1;1
202100034281;140 462;99;0;2;1;1;6
202100034281;140 463;7;0;2;3;1;1
202100034282;140 460;7;0;2;3;15;1
202100034282;140 461;30;0;2;1;17;1
202100034283;140 458;1;15;2;4;1;5
202100034283;140 459;7;0;2;1;1;1
202100034284;140 456;34;0;2;7;1;1
202100034284;140 457;7;0;2;0;9;1
202100034285;140 454;7;0;2;5;26;1
202100034285;140 455;7;0;2;1;1;1
202100034286;140 452;10;0;2;2;15;1
202100034286;140 453;3;0;2;3;1;1
202100034287;140 451;7;0;1;1;1;1
202100034288;140 450;7;0;1;1;1;1
202100034289;140 448;7;0;2;1;1;1
202100034289;140 449;7;0;2;1;16;1
202100034290;140 446;7;0;2;1;1;1
202100034290;140 447;7;0;2;4;1;1
202100034291;140 444;7;0;2;2;9;1
202100034291;140 445;10;0;2;6;24;1
202100034292;140 443;14;15;0;1;1;1
202100034293;140 441;33;0;2;1;1;1
202100034293;140 442;7;0;2;8;15;1
202100034294;140 439;43;0;2;1;2;1
202100034294;140 440;7;0;2;2;15;1
202100034295;140 437;7;0;2;1;10;0
202100034295;140 438;33;0;2;8;26;0
202100034296;140 436;7;0;1;7;26;1
202100034297;140 434;7;0;2;8;15;1
202100034297;140 435;34;0;2;1;17;1
202100034298;140 430;3;0;2;3;13;1
202100034298;140 431;10;0;2;6;1;1
202100034299;140 428;10;0;2;8;13;1
202100034299;140 429;33;0;2;1;2;1
202100034300;140 426;7;0;2;3;15;1
202100034300;140 427;7;0;2;2;1;1
202100034301;140 424;7;0;2;1;2;1
202100034301;140 425;7;0;2;4;15;1
202100034302;140 422;7;0;2;1;1;1
202100034302;140 423;7;0;2;3;9;1
202100034303;140 420;50;0;2;8;1;3
202100034303;140 421;7;0;9;2;26;1
202100034304;140 419;7;0;1;3;1;1
202100034305;140 417;32;0;2;1;0;1
202100034305;140 418;7;0;2;3;15;1
202100034306;140 415;7;0;2;4;4;0
202100034306;140 416;2;0;2;1;2;1
202100034307;140 412;33;0;2;1;2;1
202100034307;140 413;7;0;2;5;2;1
202100034308;140 410;33;0;2;7;17;1
202100034308;140 411;10;0;2;8;15;1
202100034309;140 408;1;0;2;0;7;5
202100034309;140 409;1;0;2;7;19;5
202100034310;140 406;7;0;2;2;16;1
202100034310;140 407;30;0;2;1;2;1
202100034311;140 404;10;0;2;7;16;1
202100034311;140 405;32;0;2;3;1;1
202100034312;140 402;1;0;2;2;1;5
202100034312;140 403;7;0;2;2;15;1
202100034313;140 400;1;0;2;1;15;5
202100034313;140 401;1;0;2;1;1;5
202100034314;140 398;7;0;2;1;2;1
202100034314;140 399;34;0;2;4;2;1
202100034315;140 396;1;0;2;4;1;0
202100034315;140 397;1;0;2;4;1;0
202100034316;140 394;7;0;2;3;1;1
202100034316;140 395;30;0;2;7;19;1
202100034317;140 393;50;15;1;2;8;3
202100034318;140 391;10;0;2;3;15;1
202100034318;140 392;33;0;2;4;18;1
202100034319;140 389;7;1;2;1;1;1
202100034319;140 390;7;0;2;2;1;1
202100034320;140 387;7;0;9;1;1;1
202100034320;140 388;60;0;2;0;0;5
202100034321;140 385;60;0;2;8;2;5
202100034321;140 386;33;0;2;3;13;1
202100034322;140 383;7;9;2;2;1;1
202100034322;140 384;7;0;2;3;1;1
202100034323;140 381;7;0;0;2;15;1
202100034323;140 382;7;0;0;0;0;1
202100034324;140 379;7;0;2;5;15;1
202100034324;140 380;2;0;2;1;1;1
202100034325;140 377;7;0;2;2;1;1
202100034325;140 378;7;0;2;3;10;1
202100034326;140 375;7;0;2;1;26;1
202100034326;140 376;7;0;2;6;23;1
202100034327;140 374;10;0;1;4;4;1
202100034328;140 372;50;0;2;7;1;3
202100034328;140 373;7;0;9;1;26;1
202100034329;140 371;7;1;0;2;14;1
202100034330;140 369;7;0;0;6;23;1
202100034330;140 370;7;0;2;2;16;1
202100034331;140 367;7;0;2;1;2;1
202100034331;140 368;2;0;2;4;23;1
202100034332;140 366;7;0;0;0;0;1
202100034333;140 364;32;0;2;2;0;0
202100034333;140 365;7;0;2;7;1;6
202100034334;140 362;2;0;2;3;5;1
202100034334;140 363;1;0;2;1;1;5
202100034335;140 360;31;0;2;3;15;1
202100034335;140 361;15;0;2;2;15;0
202100034336;140 358;7;1;2;2;1;1
202100034336;140 359;10;0;2;2;15;1
202100034337;140 356;7;0;2;7;19;1
202100034337;140 357;15;0;2;1;1;1
202100034338;140 354;7;0;0;3;15;1
202100034338;140 355;7;0;2;1;17;1
202100034339;140 352;1;0;2;1;2;5
202100034339;140 353;1;0;0;0;2;5
202100034340;140 350;10;0;0;6;14;1
202100034340;140 351;33;0;2;1;17;1
202100034341;140 348;38;0;2;3;13;1
202100034341;140 349;17;0;2;3;1;1
202100034342;140 346;38;0;2;4;26;1
202100034342;140 347;2;0;2;1;1;1
202100034343;140 345;2;1;0;3;1;1
202100034344;140 344;7;4;0;3;11;1
202100034345;140 342;7;0;2;2;15;1
202100034345;140 343;32;0;2;3;1;1
202100034346;140 340;1;0;0;4;23;6
202100034346;140 341;7;0;0;1;2;1
202100034347;140 339;7;14;0;3;2;1
202100034348;140 337;7;0;2;3;1;1
202100034348;140 338;7;0;2;3;1;1
202100034349;140 336;34;2;0;0;15;1
202100034350;140 334;7;0;2;3;15;1
202100034350;140 335;33;0;2;1;1;1
202100034351;140 333;33;0;0;2;1;1
202100034352;140 331;7;0;2;1;1;1
202100034352;140 332;13;0;2;8;15;1
202100034353;140 329;7;0;2;7;1;1
202100034353;140 330;7;0;2;1;1;1
202100034354;140 328;33;0;0;1;1;1
202100034355;140 327;7;2;0;3;1;1
202100034356;140 325;80;0;2;7;1;3
202100034356;140 326;7;0;9;3;1;1
202100034357;140 324;33;13;0;0;14;1
202100034358;140 323;33;13;0;0;1;1
202100034359;140 321;7;0;2;3;13;1
202100034359;140 322;7;0;2;3;1;1
202100034360;140 319;1;0;2;4;2;5
202100034360;140 320;7;0;2;1;2;1
202100034361;140 317;33;0;2;2;17;1
202100034361;140 318;7;0;2;8;15;1
202100034362;140 315;10;0;2;2;1;1
202100034362;140 316;50;0;2;1;1;3
202100034363;140 314;50;12;0;0;1;3
202100034364;140 312;7;0;2;8;0;1
202100034364;140 313;2;0;2;1;0;1
202100034365;140 310;7;0;2;1;1;1
202100034365;140 311;2;0;2;1;13;0
202100034366;140 308;7;0;2;2;17;1
202100034366;140 309;21;0;2;3;15;1
202100034367;140 307;7;15;0;1;0;1
202100034368;140 306;7;2;0;8;1;1
202100034369;140 305;33;6;0;7;1;1
202100034370;140 303;7;0;2;1;1;1
202100034370;140 304;10;0;2;1;13;1
202100034371;140 301;2;0;2;3;1;1
202100034371;140 302;7;0;2;3;13;1
202100034372;140 300;7;0;0;0;1;1
202100034373;140 298;14;0;2;2;19;1
202100034373;140 299;7;0;2;8;1;1
202100034374;140 297;33;0;0;0;21;1
202100034375;140 296;33;0;0;7;1;1
202100034376;140 295;33;16;0;0;1;1
202100034377;140 293;15;0;4;5;23;1
202100034377;140 294;39;1;2;1;26;1
202100034378;140 292;2;13;0;0;1;1
202100034379;140 290;7;0;2;1;13;1
202100034379;140 291;7;0;2;1;1;1
202100034380;140 285;7;0;2;6;15;1
202100034380;140 286;33;0;2;1;1;1
202100034381;140 283;15;0;9;2;1;1
202100034381;140 284;1;0;2;8;2;6
202100034382;140 281;15;0;0;0;1;1
202100034382;140 282;33;0;0;8;1;1
202100034383;140 279;17;0;2;5;20;1
202100034383;140 280;17;1;0;2;1;1
202100034384;140 277;7;0;2;1;13;1
202100034384;140 278;7;0;2;6;1;1
202100034385;140 275;2;0;2;1;9;0
202100034385;140 276;7;0;9;3;1;1
202100034386;140 273;7;0;2;8;2;1
202100034386;140 274;33;0;2;2;17;1
202100034387;140 272;7;2;0;1;11;1
202100034388;140 271;33;0;0;0;1;1
202100034389;140 269;7;0;2;1;5;1
202100034389;140 270;7;0;2;1;17;1
202100034390;140 267;30;0;2;4;9;1
202100034390;140 268;7;0;2;0;9;1
202100034391;140 266;10;2;0;3;1;1
202100034392;140 264;7;0;2;2;15;3
202100034392;140 265;34;0;2;1;1;1
202100034393;140 263;33;0;6;1;1;1
202100034394;140 259;33;0;2;2;17;1
202100034394;140 260;7;0;2;3;15;1
202100034395;140 258;3;6;0;1;1;3
202100034396;140 256;33;0;2;3;13;1
202100034396;140 257;7;0;2;6;1;1
202100034397;140 254;7;0;2;3;26;1
202100034397;140 255;33;0;2;2;1;1
202100034398;140 252;7;0;2;6;15;1
202100034398;140 253;31;0;2;1;17;1
202100034399;140 250;7;0;0;4;23;1
202100034399;140 251;10;1;0;1;1;1
202100034400;140 247;7;0;2;1;1;1
202100034400;140 248;7;0;2;4;23;1
202100034400;140 249;10;0;2;4;2;1
202100034401;140 246;7;14;0;1;26;1
202100034402;140 243;7;4;2;5;1;1
202100034402;140 244;33;4;2;1;1;1
202100034402;140 245;7;4;2;0;19;1
202100034403;140 240;7;0;2;6;1;1
202100034403;140 241;7;0;2;1;1;1
202100034403;140 242;7;0;2;4;1;1
202100034404;140 238;7;0;2;5;1;1
202100034404;140 239;7;0;0;0;0;1
202100034405;140 236;14;0;2;2;12;1
202100034405;140 237;7;0;2;6;1;1
202100034406;140 234;33;0;2;8;26;1
202100034406;140 235;7;0;2;7;12;1
202100034407;140 232;7;0;2;4;2;1
202100034407;140 233;7;0;2;1;1;1
202100034408;140 230;33;0;2;3;1;1
202100034408;140 231;7;0;2;5;2;1
202100034409;140 227;10;0;2;1;2;1
202100034409;140 228;7;0;2;4;2;1
202100034409;140 229;7;0;2;4;2;1