Num_Acc;id_vehicule;categorie_vehicule;obstacle_fixe;obstacle_mobile;point_choc_initial;manoeuvre_principale;motorisation
202100034410;140 224;10;0;2;4;2;1
202100034410;140 225;10;0;2;1;1;1
202100034410;140 226;10;0;2;4;2;1
202100034411;140 222;7;0;2;4;1;1
202100034411;140 223;7;0;2;1;1;
202100034412;140 221;33;0;2;8;9;1
202100034413;140 220;7;4;0;1;0;1
202100034414;140 218;7;0;2;1;2;1
202100034414;140 219;7;0;2;4;2;1
202100034415;140 217;7;14;0;1;1;1
202100034416;140 215;7;0;2;8;11;1
202100034416;140 216;32;0;2;2;3;1
202100034417;140 213;10;0;2;1;2;1
202100034417;140 214;7;0;2;4;2;1
202100034418;140 211;33;0;2;7;3;1
202100034418;140 212;10;0;2;8;0;1
202100034419;140 209;17;0;2;0;2;1
202100034419;140 210;7;0;2;0;0;1
202100034420;140 206;7;0;2;8;1;1
202100034420;140 207;33;0;2;4;3;1
202100034420;140 208;33;0;2;1;3;1
202100034421;140 204;10;0;2;6;1;1
202100034421;140 205;32;0;2;1;2;1
202100034422;140 202;33;0;2;2;3;1
202100034422;140 203;7;0;2;6;11;1
202100034423;140 198;10;0;2;1;0;0
202100034423;140 199;10;0;2;4;0;1
202100034423;140 200;10;0;2;4;0;0
202100034423;140 201;7;0;2;4;0;1
202100034424;140 197;7;0;1;1;1;1
202100034425;140 196;7;0;1;1;16;1
202100034426;140 194;10;0;2;2;2;1
202100034426;140 195;7;0;2;6;2;1
202100034427;140 192;1;0;2;1;1;5
202100034427;140 193;7;0;2;3;9;1
202100034428;140 191;7;0;1;1;16;1
202100034429;140 190;10;0;1;1;15;1
202100034430;140 189;1;1;0;1;14;5
202100034431;140 187;32;0;2;1;1;1
202100034431;140 188;10;0;2;2;15;1
202100034432;140 185;10;0;2;3;1;0
202100034432;140 186;30;0;2;2;1;1
202100034433;140 184;1;12;0;1;21;5
202100034434;140 183;30;1;0;8;14;1
202100034435;140 181;30;0;2;3;5;1
202100034435;140 182;7;0;2;3;1;1
202100034436;140 179;2;0;2;8;1;3
202100034436;140 180;7;0;2;7;17;0
202100034437;140 177;30;0;2;1;2;1
202100034437;140 178;7;0;2;4;23;1
202100034438;140 175;34;0;2;1;1;1
202100034438;140 176;1;0;2;6;15;5
202100034439;140 173;7;3;2;3;9;1
202100034439;140 174;32;0;2;2;1;1
202100034440;140 171;37;0;2;1;7;1
202100034440;140 172;7;0;2;7;15;3
202100034441;140 169;1;0;2;1;1;5
202100034441;140 170;7;0;2;2;15;1
202100034442;140 167;7;0;2;2;9;1
202100034442;140 168;37;0;2;3;1;0
202100034443;140 166;32;4;0;1;1;1
202100034444;140 164;7;0;2;3;20;1
202100034444;140 165;10;0;2;2;21;1
202100034445;140 163;7;1;1;2;1;2
202100034446;140 161;33;0;0;8;1;1
202100034446;140 162;10;0;0;0;14;1
202100034447;140 158;10;3;0;0;2;1
202100034447;140 159;7;0;2;2;17;1
202100034447;140 160;7;0;2;1;2;1
202100034448;140 155;33;0;2;1;26;1
202100034448;140 156;7;0;2;3;23;1
202100034448;140 157;7;0;2;0;26;2
202100034449;140 153;32;0;2;8;9;1
202100034449;140 154;7;0;2;7;9;1
202100034450;140 152;7;0;1;1;1;0
202100034451;140 150;7;0;2;3;10;1
202100034451;140 151;1;0;2;1;1;5
202100034452;140 147;33;0;2;1;1;1
202100034452;140 148;34;0;2;1;1;1
202100034452;140 149;7;0;2;8;10;1
202100034453;140 146;7;0;1;1;1;1
202100034454;140 144;32;0;2;1;1;1
202100034454;140 145;7;0;2;3;1;1
202100034455;140 142;2;0;2;1;1;1
202100034455;140 143;7;0;2;4;4;1
202100034456;140 138;7;0;2;1;2;1
202100034456;140 139;7;0;0;4;1;1
202100034457;140 137;1;0;5;1;1;5
202100034458;140 135;7;0;2;2;17;1
202100034458;140 136;1;0;0;8;1;5
202100034459;140 134;7;0;1;3;26;1
202100034460;140 132;33;0;2;1;1;1
202100034460;140 133;10;0;2;3;1;1
202100034461;140 130;33;0;2;7;1;1
202100034461;140 131;10;0;2;1;15;1
202100034462;140 129;7;2;0;5;0;1
202100034463;140 127;7;0;0;5;1;1
202100034463;140 128;7;0;0;1;9;1
202100034464;140 125;7;0;2;1;13;1
202100034464;140 126;7;0;2;1;1;1
202100034465;140 123;1;0;2;4;15;5
202100034465;140 124;7;0;2;3;2;1
202100034466;140 121;7;0;2;2;12;1
202100034466;140 122;7;0;0;3;1;1
202100034467;140 120;7;3;0;1;1;1
202100034468;140 114;10;0;2;1;2;1
202100034468;140 115;10;0;2;1;2;1
202100034468;140 116;7;0;2;1;2;1
202100034468;140 117;7;0;2;1;2;0
202100034469;140 112;33;0;2;7;17;1
202100034469;140 113;7;0;2;8;13;1
202100034470;140 110;21;0;2;3;1;1
202100034470;140 111;7;0;2;3;5;1
202100034471;140 107;10;13;2;8;1;1
202100034471;140 108;7;0;2;3;13;0
202100034471;140 109;7;0;2;3;1;1
202100034472;140 105;7;0;2;2;15;1
202100034472;140 106;1;0;2;1;1;5
202100034473;140 103;7;0;0;0;23;1
202100034473;140 104;1;0;0;0;21;5
202100034474;140 101;1;0;2;1;26;5
202100034474;140 102;7;0;9;1;26;1
202100034475;140 099;7;0;2;7;15;1
202100034475;140 100;1;0;2;1;1;5
202100034476;140 098;33;0;0;0;1;1
202100034477;140 096;1;0;2;6;1;5
202100034477;140 097;7;0;2;2;1;1
202100034478;140 095;33;0;0;0;1;1
202100034479;140 094;36;13;0;0;1;1
202100034480;140 093;15;0;0;7;2;1
202100034481;140 092;31;12;0;0;1;1
202100034482;140 090;7;0;2;1;17;1
202100034482;140 091;7;0;2;1;1;1
202100034483;140 089;50;10;0;0;0;3
202100034484;140 087;33;0;2;1;2;1
202100034484;140 088;7;0;2;8;15;1
202100034485;140 085;7;0;2;7;15;1
202100034485;140 086;7;0;2;1;1;1
202100034486;140 083;7;1;0;2;1;1
202100034486;140 084;7;1;0;6;24;1
202100034487;140 081;7;0;2;5;2;1
202100034487;140 082;2;0;2;1;2;1
202100034488;140 079;33;0;2;1;1;1
202100034488;140 080;7;0;2;5;15;1
202100034489;140 078;2;12;0;1;1;1
202100034490;140 077;32;11;0;1;6;1
202100034491;140 075;2;0;2;1;2;1
202100034491;140 076;10;0;2;2;2;1
202100034492;140 074;2;8;0;1;1;0
202100034493;140 072;7;0;2;3;15;1
202100034493;140 073;32;0;2;2;1;1
202100034494;140 071;2;8;0;1;1;1
202100034495;140 068;10;0;2;3;19;1
202100034495;140 069;7;0;2;2;1;1
202100034496;140 065;7;0;2;1;1;1
202100034496;140 066;7;0;0;4;1;1
202100034496;140 067;7;0;0;4;1;1
202100034497;140 064;33;6;0;1;1;1
202100034498;140 060;1;0;9;4;2;5
202100034498;140 061;1;0;9;1;2;5
202100034498;140 062;1;0;9;1;2;5
202100034498;140 063;1;0;9;1;2;5
202100034499;140 059;31;0;0;0;1;1
202100034500;140 057;7;0;2;7;1;1
202100034500;140 058;7;0;2;1;1;1
202100034501;140 055;1;0;2;1;1;5
202100034501;140 056;7;0;2;3;15;1
202100034502;140 053;7;0;2;3;1;1
202100034502;140 054;34;0;2;3;1;1
202100034503;140 052;7;0;0;9;1;1
202100034504;140 051;33;8;0;1;1;1
202100034505;140 049;1;0;2;1;1;5
202100034505;140 050;7;0;9;8;9;1
202100034506;140 048;2;0;0;0;1;1
202100034507;140 046;7;8;2;7;19;1
202100034507;140 047;7;0;2;1;1;1
202100034508;140 044;10;0;2;3;1;1
202100034508;140 045;7;0;2;3;1;1
202100034509;140 042;7;0;2;2;15;1
202100034509;140 043;2;0;2;1;1;1
202100034510;140 040;7;0;2;8;1;1
202100034510;140 041;7;0;2;3;1;1
202100034511;140 039;10;3;0;2;0;1
202100034512;140 037;43;0;2;1;1;1
202100034512;140 038;7;0;0;3;15;1
202100034513;140 036;7;4;0;9;2;1
202100034514;140 033;1;0;2;4;2;5
202100034514;140 034;1;0;2;4;2;5
202100034514;140 035;7;0;2;1;2;1
202100034515;140 032;33;0;0;0;1;1
202100034516;140 030;7;0;2;5;19;1
202100034516;140 031;32;0;2;1;1;1
202100034517;140 028;7;0;2;1;5;1
202100034517;140 029;2;0;2;1;5;1
202100034518;140 027;33;2;0;8;1;1
202100034519;140 026;33;0;0;2;0;1
202100034520;140 025;1;0;0;0;0;5
202100034521;140 024;1;0;0;0;1;5
202100034522;140 022;7;0;2;7;19;1
202100034522;140 023;7;0;2;2;1;1
202100034523;140 020;33;0;2;1;14;1
202100034523;140 021;33;0;2;1;1;0
202100034524;140 018;7;0;9;1;1;1
202100034524;140 019;1;0;2;8;19;5
202100034525;140 016;7;0;2;2;2;1
202100034525;140 017;1;0;2;4;2;5
202100034526;140 015;7;0;1;8;1;0
202100034527;140 013;33;0;2;1;16;1
202100034527;140 014;10;0;2;3;13;0
202100034528;140 011;21;0;2;3;1;1
202100034528;140 012;7;0;2;3;15;1
202100034529;140 009;33;0;2;1;3;1
202100034529;140 010;7;0;2;8;10;1
202100034530;140 007;7;0;2;1;5;1
202100034530;140 008;15;0;2;1;1;1
202100034531;140 006;7;2;0;3;17;1
202100034532;140 005;7;1;0;2;1;1
202100034533;140 003;7;1;0;1;1;1
202100034534;140 002;33;9;0;3;1;1
202100034535;140 001;33;4;0;3;0;1
202100034536;139 998;10;3;2;2;14;1
202100034536;139 999;7;0;2;6;1;1
202100034536;140 000;10;0;2;5;1;1
202100034537;139 995;15;0;2;2;0;1
202100034537;139 996;7;0;2;5;0;1
202100034537;139 997;7;0;2;1;0;1
202100034538;139 993;7;0;2;8;1;1
202100034538;139 994;17;0;2;2;12;1
202100034539;139 992;7;3;0;9;2;1
202100034540;139 990;7;0;2;1;2;1
202100034540;139 991;10;0;2;4;2;1
202100034541;139 987;7;0;2;1;2;1
202100034541;139 988;10;0;2;4;2;1
202100034541;139 989;10;0;2;4;2;1
202100034542;139 984;7;0;2;4;2;1
202100034542;139 985;7;0;2;1;2;1
202100034542;139 986;10;0;2;0;0;1
202100034543;139 982;7;0;2;4;2;1
202100034543;139 983;17;0;2;1;2;1
202100034544;139 979;7;0;2;1;2;1
202100034544;139 980;10;0;2;4;2;1
202100034544;139 981;14;0;2;4;2;1
202100034545;139 977;7;0;2;1;2;1
202100034545;139 978;7;0;2;4;1;1
202100034546;139 975;7;0;2;1;1;1
202100034546;139 976;7;0;2;5;11;1
202100034547;139 973;7;0;2;8;2;1
202100034547;139 974;33;0;2;7;14;1
202100034548;139 967;7;0;1;2;1;1
202100034549;139 966;7;0;1;2;1;2
202100034550;139 965;50;0;1;1;1;3
202100034551;139 964;7;0;1;1;1;1
202100034552;139 962;31;0;2;8;17;1
202100034552;139 963;7;0;2;8;15;1
202100034553;139 960;7;0;2;1;1;1
202100034553;139 961;1;0;2;8;1;5
202100034554;139 958;30;8;2;3;1;1
202100034554;139 959;7;0;2;1;1;1
202100034555;139 956;34;0;2;1;1;1
202100034555;139 957;7;0;2;2;15;1
202100034556;139 954;33;8;2;1;1;1
202100034556;139 955;7;0;2;5;15;1
202100034557;139 951;7;0;2;0;0;1
202100034557;139 952;33;0;2;0;0;1
202100034557;139 953;43;0;2;3;18;1
202100034558;139 950;7;0;1;4;4;1
202100034559;139 948;7;0;2;4;23;1
202100034559;139 949;2;0;2;1;2;1
202100034560;139 945;7;0;2;4;2;1
202100034560;139 946;7;0;2;4;2;1
202100034560;139 947;7;0;2;2;2;1
202100034561;139 941;7;0;2;3;1;1
202100034561;139 942;43;0;2;1;17;1
202100034562;139 938;10;0;2;3;1;1
202100034562;139 939;7;0;2;7;1;1
202100034562;139 940;7;0;2;1;16;1
202100034563;139 936;50;0;2;1;1;3
202100034563;139 937;33;0;9;7;1;1
202100034564;139 934;7;0;2;7;16;1
202100034564;139 935;1;0;2;8;1;5
202100034565;139 933;50;0;0;0;0;3
202100034566;139 932;7;8;0;0;1;1
202100034567;139 930;1;0;2;4;1;5
202100034567;139 931;32;0;2;1;1;1
202100034568;139 928;7;0;2;1;1;1
202100034568;139 929;7;0;2;7;15;1
202100034569;139 926;7;0;2;6;15;1
202100034569;139 927;7;0;2;1;1;1
202100034570;139 924;7;0;2;1;1;1
202100034570;139 925;7;0;2;2;19;1
202100034571;139 923;10;6;0;0;2;1
202100034572;139 921;1;0;2;1;1;2
202100034572;139 922;7;0;2;8;9;1
202100034573;139 920;30;0;0;0;1;1
202100034574;139 918;7;0;2;1;16;1
202100034574;139 919;7;0;2;7;1;1
202100034575;139 914;7;0;2;4;2;1
202100034575;139 915;7;0;0;4;2;1
202100034575;139 916;7;0;2;1;12;1
202100034575;139 917;7;0;0;4;23;1
202100034576;139 913;7;0;1;3;1;1
202100034577;139 911;7;0;0;5;0;1
202100034577;139 912;1;0;0;1;0;5
202100034578;139 909;50;0;2;1;19;3
202100034578;139 910;7;0;2;1;2;1
202100034579;139 906;0;0;2;1;26;0
202100034579;139 907;1;0;2;4;1;0
202100034579;139 908;1;0;2;4;1;0
202100034580;139 904;80;1;0;1;1;3
202100034580;139 905;7;0;2;8;23;1
202100034581;139 902;2;8;0;6;1;1
202100034581;139 903;7;0;2;3;15;1
202100034582;139 901;7;0;1;3;26;1
202100034583;139 899;32;0;2;1;1;1
202100034583;139 900;7;0;2;7;15;1
202100034584;139 897;7;0;2;6;10;1
202100034584;139 898;33;0;2;1;15;1
202100034585;139 896;20;8;0;1;1;1
202100034586;139 894;7;0;2;1;13;1
202100034586;139 895;7;0;2;2;13;1
202100034587;139 891;7;0;2;8;9;1
202100034587;139 892;30;0;2;1;18;1
202100034587;139 893;7;0;2;0;1;1
202100034588;139 889;1;0;2;1;1;5
202100034588;139 890;7;0;2;3;15;1
202100034589;139 887;7;0;2;7;15;1
202100034589;139 888;7;0;2;2;1;1
202100034590;139 884;33;0;0;7;26;1
202100034591;139 882;1;0;2;7;1;5
202100034591;139 883;7;0;2;1;9;1
202100034592;139 879;7;0;2;1;1;1
202100034592;139 880;7;0;2;4;1;1
202100034592;139 881;7;0;2;1;2;3
202100034593;139 878;34;8;1;1;1;1
202100034594;139 876;32;14;2;2;17;1
202100034594;139 877;3;0;0;3;15;0
202100034595;139 874;7;0;2;1;2;1
202100034595;139 875;2;0;2;7;15;1
202100034596;139 872;7;0;2;3;3;1
202100034596;139 873;10;0;2;3;1;1
202100034597;139 871;1;0;1;8;1;5
202100034598;139 869;33;0;2;1;13;1
202100034598;139 870;7;0;2;8;10;1
202100034599;139 867;7;0;2;5;12;1
202100034599;139 868;1;0;2;1;1;0
202100034600;139 866;7;0;1;1;1;1
202100034601;139 864;33;0;0;4;0;1
202100034601;139 865;7;0;2;1;1;1
202100034602;139 862;7;0;0;0;11;1
202100034602;139 863;33;12;0;3;21;1
202100034603;139 861;30;16;0;0;1;1
202100034604;139 858;7;0;2;1;2;1
202100034604;139 859;10;0;2;4;2;1
202100034604;139 860;7;0;2;4;2;1
202100034605;139 856;32;0;2;7;3;1
202100034605;139 857;7;0;2;8;11;1
202100034606;139 855;33;1;1;1;1;1
202100034607;139 853;7;0;2;0;1;0
202100034607;139 854;30;0;2;0;1;1
202100034608;139 851;7;0;2;1;16;1
202100034608;139 852;50;0;2;0;19;3
202100034609;139 850;1;0;2;1;1;5
202100034610;139 848;30;0;2;7;14;1
202100034610;139 849;30;0;2;8;1;1
202100034611;139 846;7;0;2;6;9;1
202100034611;139 847;30;0;2;1;1;1
202100034612;139 845;34;12;0;1;14;1
202100034613;139 844;32;0;0;0;21;1
202100034614;139 842;30;0;2;1;1;0
202100034614;139 843;1;0;2;2;1;5
202100034615;139 840;30;0;2;1;2;1
202100034615;139 841;7;0;2;4;23;1
202100034616;139 837;7;0;2;4;2;3
202100034616;139 838;7;0;2;1;2;1
202100034616;139 839;7;0;2;4;23;1
202100034617;139 835;33;0;2;8;7;1
202100034617;139 836;7;0;2;2;16;2
202100034618;139 834;30;0;0;1;7;3
202100034619;139 832;50;0;2;8;5;3
202100034619;139 833;7;0;2;3;1;1
202100034620;139 831;7;0;1;1;1;1
202100034621;139 830;33;0;1;3;0;1
202100034622;139 828;7;0;2;1;1;1
202100034622;139 829;7;0;2;3;1;6
202100034623;139 826;7;0;2;2;1;1
202100034623;139 827;60;0;2;7;19;5
202100034624;139 824;7;0;2;1;9;1
202100034624;139 825;31;0;2;1;0;1
202100034625;139 822;50;0;0;8;0;3
202100034625;139 823;7;0;2;1;1;1
202100034626;139 820;7;0;0;0;0;0
202100034626;139 821;1;0;2;1;1;0
202100034627;139 818;1;0;2;1;1;0
202100034627;139 819;7;0;9;7;15;1
202100034628;139 815;7;0;2;6;1;1
202100034628;139 816;7;0;2;2;1;1
202100034628;139 817;33;0;2;3;3;1
202100034629;139 814;7;0;1;3;1;1
202100034630;139 812;32;0;2;3;15;1
202100034630;139 813;3;0;0;0;0;0
202100034631;139 811;7;0;1;1;1;2
202100034632;139 810;33;0;1;3;1;1
202100034633;139 809;7;2;0;1;14;1
202100034634;139 808;33;15;9;1;14;1
202100034635;139 807;7;2;0;2;0;1
202100034636;139 805;7;0;9;1;2;1
202100034636;139 806;1;0;0;4;2;5
202100034637;139 803;7;0;2;3;1;1
202100034637;139 804;7;0;2;1;13;1
202100034638;139 801;1;0;2;1;1;5
202100034638;139 802;7;0;2;2;15;1
202100034639;139 799;1;0;2;4;2;5
202100034639;139 800;7;0;2;2;17;1
202100034640;139 798;7;2;0;1;0;1
202100034641;139 797;7;0;0;9;0;1
202100034642;139 796;7;8;0;2;1;1
202100034643;139 794;2;0;0;4;2;1
202100034643;139 795;7;0;2;1;2;2
202100034644;139 792;7;0;2;3;1;1
202100034644;139 793;7;0;2;3;13;1
202100034645;139 790;10;0;2;2;12;1
202100034645;139 791;7;0;2;4;1;1
202100034646;139 789;2;3;0;1;1;1
202100034647;139 788;7;0;1;7;1;1
202100034648;139 786;7;0;9;2;1;1
202100034648;139 787;50;0;2;2;15;3
202100034649;139 784;1;0;2;0;1;5
202100034649;139 785;7;0;2;1;1;1
202100034650;139 783;7;8;0;1;14;1
202100034651;139 782;33;0;0;0;0;0
202100034652;139 781;2;0;0;8;1;1
202100034653;139 780;50;0;0;0;1;3
202100034654;139 776;7;0;0;0;1;1
202100034654;139 777;1;0;2;0;1;6
202100034655;139 775;7;13;0;1;1;1
202100034656;139 772;1;0;2;1;9;5
202100034656;139 773;7;0;2;7;1;1
202100034657;139 771;33;0;0;1;1;1
202100034658;139 769;7;13;2;1;15;1
202100034658;139 770;7;0;2;1;1;1
202100034659;139 767;33;0;2;1;1;1
202100034659;139 768;7;0;2;8;19;1
202100034660;139 765;13;0;2;3;1;1
202100034660;139 766;7;0;2;3;13;1
202100034661;139 764;33;8;0;1;1;1
202100034662;139 763;7;2;0;0;13;1
202100034663;139 761;7;0;2;3;1;1
202100034663;139 762;1;0;2;1;13;5
202100034664;139 760;60;0;0;0;1;5
202100034665;139 759;1;0;0;1;1;5
202100034666;139 757;7;0;2;3;13;1
202100034666;139 758;7;0;2;3;1;1
202100034667;139 755;7;0;2;1;5;1
202100034667;139 756;1;0;2;1;1;5
202100034668;139 754;7;8;0;9;1;1
202100034669;139 753;1;0;5;1;1;5
202100034670;139 751;7;0;2;1;1;1
202100034670;139 752;7;0;2;1;5;1
202100034671;139 750;7;0;1;4;26;0
202100034672;139 749;2;2;0;1;0;1
202100034673;139 748;7;2;0;1;1;1
202100034674;139 745;7;0;9;6;23;1
202100034674;139 746;10;0;2;2;1;1
202100034674;139 747;50;0;0;8;19;3
202100034675;139 744;2;9;0;1;1;1
202100034676;139 743;33;0;0;2;1;1
202100034677;139 741;10;0;2;2;17;1
202100034677;139 742;1;0;2;8;0;5
202100034678;139 739;7;0;2;5;17;1
202100034678;139 740;1;0;2;3;1;6
202100034679;139 737;7;12;2;1;5;1
202100034679;139 738;7;12;2;1;1;1
202100034680;139 736;31;0;0;8;1;1
202100034681;139 734;36;0;2;2;1;1
202100034681;139 735;31;0;2;1;1;1
202100034682;139 732;7;0;2;9;0;1
202100034682;139 733;7;7;2;2;9;1
202100034683;139 730;7;0;2;1;26;1
202100034683;139 731;7;0;2;2;1;1
202100034684;139 728;30;0;2;4;2;1
202100034684;139 729;7;0;2;1;2;0
202100034685;139 726;2;0;2;4;15;1
202100034685;139 727;10;0;2;2;17;1
202100034686;139 724;10;0;2;3;1;1
202100034686;139 725;30;0;2;1;1;1
202100034687;139 723;17;13;0;3;1;1
202100034688;139 721;10;1;0;2;1;1
202100034688;139 722;7;0;2;8;24;1
202100034689;139 719;7;0;2;1;2;1
202100034689;139 720;7;0;0;4;23;1
202100034690;139 718;15;0;1;2;1;1
202100034691;139 716;7;0;9;3;9;1
202100034691;139 717;1;0;2;1;1;5
202100034692;139 714;10;0;0;4;2;1
202100034692;139 715;7;4;2;1;2;1
202100034693;139 713;10;0;0;3;1;1
202100034694;139 711;2;0;2;8;15;1
202100034694;139 712;7;0;2;2;1;1
202100034695;139 708;15;1;0;2;1;1
202100034695;139 709;7;0;2;1;1;1
202100034695;139 710;10;0;0;4;23;1
202100034696;139 706;7;0;2;6;1;1
202100034696;139 707;7;0;2;3;16;1
202100034697;139 704;33;0;2;1;1;1
202100034697;139 705;7;0;2;1;1;1
202100034698;139 702;7;0;0;2;15;1
202100034698;139 703;33;0;0;3;1;1
202100034699;139 700;38;0;2;3;1;1
202100034699;139 701;14;0;2;3;1;1
202100034700;139 699;7;10;0;2;14;1
202100034701;139 697;33;0;2;2;5;1
202100034701;139 698;15;0;2;1;1;1
202100034702;139 695;1;0;0;7;1;5
202100034702;139 696;7;0;2;1;9;1
202100034703;139 693;7;0;2;7;1;1
202100034703;139 694;1;0;2;8;1;5
202100034704;139 692;7;13;0;9;1;1
202100034705;139 690;10;0;2;3;15;1
202100034705;139 691;33;0;2;1;17;1
202100034706;139 688;2;0;2;1;13;1
202100034706;139 689;10;0;2;1;1;1
202100034707;139 686;7;0;2;1;1;1
202100034707;139 687;7;0;2;1;1;1
202100034708;139 684;7;0;2;7;1;1
202100034708;139 685;7;0;2;1;19;1
202100034709;139 683;33;14;0;1;0;1
202100034710;139 680;7;0;2;4;2;1
202100034710;139 681;7;0;2;1;2;1
202100034710;139 682;7;0;2;1;2;1
202100034711;139 678;43;0;2;1;1;1
202100034711;139 679;7;0;2;5;2;1
202100034712;139 676;7;0;2;4;2;1
202100034712;139 677;7;0;2;1;2;1
202100034713;139 674;34;0;2;4;1;1
202100034713;139 675;7;0;2;1;1;1
202100034714;139 672;7;0;2;5;1;1
202100034714;139 673;43;0;2;3;3;1
202100034715;139 668;7;0;0;0;2;1
202100034715;139 669;7;0;9;1;1;1
202100034715;139 670;7;0;2;1;18;1
202100034715;139 671;7;0;2;5;12;1
202100034716;139 666;7;4;2;2;14;1
202100034716;139 667;7;0;9;1;1;1
202100034717;139 662;7;0;2;1;2;1
202100034717;139 663;7;0;2;4;2;1
202100034717;139 664;7;0;2;4;2;1
202100034717;139 665;7;0;2;4;2;1
202100034718;139 660;7;0;2;3;11;1
202100034718;139 661;43;0;2;1;3;1
202100034719;139 658;7;0;2;2;1;1
202100034719;139 659;7;0;2;6;1;1
202100034720;139 655;33;0;2;1;3;1
202100034720;139 656;7;0;2;6;1;1
202100034720;139 657;7;0;2;5;1;1
202100034721;139 652;7;0;2;1;11;1
202100034721;139 653;7;0;2;1;2;1
202100034721;139 654;7;0;2;4;2;1
202100034722;139 650;7;0;2;0;26;1
202100034722;139 651;7;0;2;0;26;1
202100034723;139 647;7;0;2;0;0;1
202100034723;139 648;7;0;2;1;26;1
202100034723;139 649;7;0;2;4;26;1
202100034724;139 646;7;4;0;9;0;1
202100034725;139 643;7;0;2;1;1;1
202100034725;139 644;7;0;2;4;2;1
202100034725;139 645;7;0;2;4;2;1
202100034726;139 640;7;0;2;1;1;1
202100034726;139 641;7;0;2;4;2;1
202100034726;139 642;7;0;2;4;2;1
202100034727;139 639;7;4;0;9;14;1
202100034728;139 637;7;0;2;1;2;2
202100034728;139 638;33;0;2;4;2;1
202100034729;139 634;34;0;2;1;1;1
202100034729;139 635;7;0;2;6;1;2
202100034729;139 636;15;0;2;5;12;1
202100034730;139 633;7;4;0;3;13;1
202100034731;139 632;33;0;2;2;1;1
202100034732;139 630;10;0;2;4;11;1
202100034732;139 631;33;0;2;1;9;1
202100034733;139 628;7;0;9;7;1;1
202100034733;139 629;2;0;9;1;1;1
202100034734;139 626;7;0;2;0;16;1
202100034734;139 627;1;0;2;0;0;5
202100034735;139 623;7;9;2;1;1;1
202100034735;139 624;1;0;2;8;1;0
202100034735;139 625;32;0;2;8;1;1
202100034736;139 621;7;0;2;1;1;1
202100034736;139 622;80;0;2;8;1;3
202100034737;139 620;30;0;0;0;1;1
202100034738;139 618;30;0;2;1;17;1
202100034738;139 619;7;0;2;8;15;1
202100034739;139 616;1;0;2;0;0;5
202100034739;139 617;10;0;2;7;16;1
202100034740;139 615;33;0;0;7;14;1
202100034741;139 613;7;0;1;1;1;1
202100034742;139 611;7;0;2;3;2;1
202100034742;139 612;7;1;2;4;2;1
202100034743;139 609;30;0;2;1;15;1
202100034743;139 610;7;0;2;0;0;0
202100034744;139 607;32;0;2;2;1;1
202100034744;139 608;7;0;2;3;9;0
202100034745;139 605;33;0;2;4;1;1
202100034745;139 606;7;0;2;3;9;1
202100034746;139 601;30;0;1;1;1;1
202100034747;139 600;7;0;1;2;0;1
202100034748;139 598;1;0;2;1;1;0
202100034748;139 599;10;0;2;8;15;1
202100034749;139 597;2;12;0;0;1;1
202100034750;139 593;7;0;2;1;2;1
202100034750;139 594;7;0;2;4;2;1
202100034750;139 595;7;0;2;4;2;1
202100034750;139 596;7;14;0;4;2;1
202100034751;139 592;7;0;1;1;2;1
202100034752;139 591;7;0;1;1;26;2
202100034753;139 590;10;0;1;3;1;1
202100034754;139 588;7;0;2;8;10;
202100034754;139 589;7;0;2;1;1;
202100034755;139 587;33;0;0;0;1;1
202100034756;139 585;30;0;2;7;19;1
202100034756;139 586;7;0;2;8;1;1
202100034757;139 583;32;0;2;6;21;1
202100034757;139 584;7;0;2;2;12;1
202100034758;139 582;7;1;0;2;2;1
202100034759;139 580;7;0;2;3;10;1
202100034759;139 581;33;0;2;2;2;1
202100034760;139 578;7;15;2;4;26;1
202100034760;139 579;7;0;2;2;26;1
202100034761;139 577;7;16;0;1;14;1
202100034762;139 575;7;0;0;0;0;1
202100034762;139 576;34;0;2;3;17;1
202100034763;139 573;31;0;2;8;1;1
202100034763;139 574;7;0;2;1;15;0
202100034764;139 571;7;0;2;8;0;1
202100034764;139 572;7;0;2;1;13;1
202100034765;139 570;31;1;0;1;1;1
202100034766;139 568;7;0;2;1;1;1
202100034766;139 569;1;0;2;5;1;5
202100034767;139 567;7;0;1;3;1;1
202100034768;139 566;33;8;0;1;14;1
202100034769;139 564;33;0;2;1;1;0
202100034769;139 565;7;0;2;8;15;1
202100034770;139 563;7;0;1;3;9;1
202100034771;139 561;7;0;2;3;2;1
202100034771;139 562;32;0;2;2;17;1
202100034772;139 560;7;1;0;3;13;1
202100034773;139 558;7;0;2;4;2;1
202100034773;139 559;7;0;2;1;2;1
202100034774;139 554;7;0;2;2;13;2
202100034774;139 555;7;0;2;1;9;1
202100034774;139 556;7;1;0;6;0;1
202100034774;139 557;7;1;0;0;0;1
202100034775;139 552;7;0;2;1;9;1
202100034775;139 553;33;0;2;2;26;1
202100034776;139 550;33;0;2;3;2;1
202100034776;139 551;7;0;2;5;2;1
202100034777;139 548;7;0;2;3;11;1
202100034777;139 549;33;0;2;2;3;1
202100034778;139 547;7;0;1;3;1;2
202100034779;139 544;7;0;2;8;7;1
202100034779;139 545;7;0;2;5;1;2
202100034779;139 546;33;0;2;3;18;1
202100034780;139 543;30;0;1;1;5;1
202100034781;139 541;7;0;2;2;9;1
202100034781;139 542;80;0;2;1;1;3
202100034782;139 539;34;0;2;2;17;1
202100034782;139 540;7;0;2;3;15;1
202100034783;139 537;7;0;2;3;1;1
202100034783;139 538;1;0;2;7;15;5
202100034784;139 536;50;1;0;0;14;3
202100034785;139 534;32;0;2;4;2;1
202100034785;139 535;7;0;2;1;2;0
202100034786;139 532;1;0;2;1;1;5
202100034786;139 533;34;0;2;3;1;1
202100034787;139 531;50;0;1;1;1;3