Num_Acc;id_vehicule;categorie_vehicule;obstacle_fixe;obstacle_mobile;point_choc_initial;manoeuvre_principale;motorisation
202100034788;139 530;32;0;1;4;25;1
202100034789;139 528;1;0;2;1;1;5
202100034789;139 529;50;0;2;1;5;3
202100034790;139 526;50;0;2;2;5;3
202100034790;139 527;33;0;2;2;1;1
202100034791;139 524;1;0;2;1;1;5
202100034791;139 525;10;0;2;7;1;1
202100034792;139 522;1;0;2;1;1;5
202100034792;139 523;7;0;2;6;15;1
202100034793;139 521;10;0;1;1;15;1
202100034794;139 520;7;0;1;8;15;1
202100034795;139 516;7;0;0;3;0;1
202100034795;139 517;7;1;2;2;0;1
202100034795;139 518;7;0;0;3;0;1
202100034795;139 519;7;0;0;0;0;1
202100034796;139 515;10;0;2;3;15;1
202100034797;139 513;7;0;9;3;19;1
202100034797;139 514;50;0;2;1;1;3
202100034798;139 511;50;0;2;3;1;3
202100034798;139 512;7;0;2;6;1;1
202100034799;139 509;7;0;2;3;1;0
202100034799;139 510;33;0;2;1;2;0
202100034800;139 507;60;0;2;1;1;5
202100034800;139 508;10;0;2;1;16;1
202100034801;139 506;30;0;2;1;17;1
202100034802;139 503;10;0;2;4;1;1
202100034802;139 504;7;0;2;4;1;1
202100034802;139 505;7;0;2;1;1;1
202100034803;139 501;7;0;0;0;0;1
202100034803;139 502;7;0;0;0;0;1
202100034804;139 498;1;0;2;2;5;5
202100034804;139 499;2;0;9;1;18;1
202100034805;139 496;7;0;2;2;9;0
202100034805;139 497;99;0;2;1;3;0
202100034806;139 494;7;0;2;3;15;1
202100034806;139 495;7;0;2;1;0;1
202100034807;139 492;1;0;2;1;1;5
202100034807;139 493;7;0;2;4;23;1
202100034808;139 490;2;0;2;1;1;1
202100034808;139 491;7;0;2;8;10;1
202100034809;139 489;34;0;1;1;5;1
202100034810;139 488;43;8;0;9;26;1
202100034811;139 486;7;0;2;3;15;2
202100034811;139 487;37;0;2;2;1;1
202100034812;139 484;7;0;2;3;15;1
202100034812;139 485;2;0;2;1;1;1
202100034813;139 482;43;0;2;1;1;1
202100034813;139 483;3;0;2;4;0;1
202100034814;139 481;32;0;0;1;13;1
202100034815;139 480;60;0;1;1;1;5
202100034816;139 478;7;0;2;2;11;1
202100034816;139 479;7;0;2;2;1;1
202100034817;139 477;7;13;0;1;1;1
202100034818;139 475;2;0;2;1;19;1
202100034818;139 476;7;0;2;8;19;1
202100034819;139 473;7;0;2;3;1;1
202100034819;139 474;7;0;2;6;26;1
202100034820;139 472;33;0;0;0;9;1
202100034821;139 471;36;0;0;0;0;1
202100034822;139 469;7;0;2;6;2;1
202100034822;139 470;33;0;2;1;2;1
202100034823;139 467;7;0;2;3;15;1
202100034823;139 468;7;0;2;1;1;1
202100034824;139 466;7;13;0;2;14;1
202100034825;139 463;33;0;2;1;1;1
202100034825;139 464;33;0;2;1;1;1
202100034825;139 465;7;0;2;1;17;1
202100034826;139 461;10;0;2;7;17;1
202100034826;139 462;21;0;2;3;15;1
202100034827;139 457;7;0;2;3;1;1
202100034827;139 458;33;0;2;0;17;1
202100034828;139 456;33;0;0;0;1;1
202100034829;139 455;7;2;0;8;1;1
202100034830;139 454;7;2;0;1;13;1
202100034831;139 450;7;0;0;0;1;1
202100034831;139 451;33;0;2;3;1;1
202100034831;139 452;7;0;2;1;1;1
202100034831;139 453;7;0;2;3;1;2
202100034832;139 448;33;0;2;5;2;1
202100034832;139 449;33;0;2;1;2;1
202100034833;139 446;33;0;2;1;1;1
202100034833;139 447;7;0;2;1;1;1
202100034834;139 444;7;0;2;2;15;1
202100034834;139 445;33;0;2;1;1;1
202100034835;139 443;2;0;0;0;1;1
202100034836;139 441;10;0;2;2;1;1
202100034836;139 442;30;0;2;4;1;1
202100034837;139 440;7;7;0;9;1;1
202100034838;139 438;31;0;2;1;1;1
202100034838;139 439;50;0;2;8;15;3
202100034839;139 435;33;0;0;4;0;1
202100034839;139 436;33;0;0;4;0;1
202100034839;139 437;33;0;2;1;0;1
202100034840;139 433;33;0;2;1;1;1
202100034840;139 434;7;0;2;8;1;1
202100034841;139 432;33;5;0;1;1;1
202100034842;139 430;2;13;0;4;15;1
202100034842;139 431;7;0;2;1;17;1
202100034843;139 428;7;0;2;5;2;1
202100034843;139 429;33;0;2;1;2;1
202100034844;139 427;33;5;0;1;13;1
202100034845;139 423;33;0;2;1;17;1
202100034845;139 424;7;0;2;6;15;1
202100034846;139 422;33;3;0;7;1;1
202100034847;139 421;7;13;0;1;1;1
202100034848;139 419;33;0;2;1;1;6
202100034848;139 420;7;0;2;7;15;6
202100034849;139 418;7;2;0;3;1;1
202100034850;139 416;33;0;2;1;1;1
202100034850;139 417;7;0;2;4;15;1
202100034851;139 414;33;0;0;8;0;1
202100034852;139 412;7;0;0;1;1;1
202100034853;139 411;3;16;0;1;1;1
202100034854;139 409;7;0;2;1;0;1
202100034854;139 410;7;0;2;1;0;1
202100034855;139 407;7;0;2;3;1;1
202100034855;139 408;7;0;2;3;13;1
202100034856;139 402;7;0;9;8;15;1
202100034856;139 403;1;0;2;1;17;5
202100034856;139 404;1;0;2;1;17;5
202100034856;139 405;1;0;2;1;17;5
202100034856;139 406;1;0;2;1;17;5
202100034857;139 401;7;2;0;7;1;1
202100034858;139 399;2;0;2;8;13;1
202100034858;139 400;7;0;2;3;1;1
202100034859;139 398;7;0;0;1;13;1
202100034860;139 397;33;0;0;0;1;1
202100034861;139 395;1;0;2;8;1;5
202100034861;139 396;7;0;2;3;15;1
202100034862;139 393;7;0;2;1;1;1
202100034862;139 394;7;0;2;8;19;1
202100034863;139 392;7;13;0;1;0;1
202100034864;139 391;7;6;0;1;13;1
202100034865;139 389;60;0;2;3;0;5
202100034865;139 390;7;0;9;2;1;1
202100034866;139 387;10;0;2;1;13;1
202100034866;139 388;7;0;2;1;0;1
202100034867;139 386;33;13;0;1;1;1
202100034868;139 385;33;0;0;1;2;1
202100034869;139 384;7;16;0;2;26;1
202100034870;139 383;33;2;0;1;14;1
202100034871;139 381;33;0;2;1;2;1
202100034871;139 382;7;0;0;4;23;1
202100034872;139 380;7;4;0;8;19;1
202100034873;139 379;7;13;0;2;0;1
202100034874;139 378;7;13;0;9;14;1
202100034875;139 376;33;0;2;1;13;1
202100034875;139 377;7;0;2;7;9;1
202100034876;139 374;10;0;1;2;1;1
202100034877;139 372;7;0;2;1;2;1
202100034877;139 373;7;0;2;1;13;0
202100034878;139 371;7;8;0;2;1;1
202100034879;139 369;7;0;2;1;1;1
202100034879;139 370;30;0;2;1;1;1
202100034880;139 368;10;0;1;1;1;1
202100034881;139 366;7;0;2;3;20;1
202100034881;139 367;2;0;2;0;26;0
202100034882;139 365;7;0;1;3;1;1
202100034883;139 364;33;6;0;1;26;1
202100034884;139 363;33;5;0;1;14;1
202100034885;139 358;2;0;2;7;1;1
202100034885;139 359;7;0;2;8;15;1
202100034886;139 356;7;0;2;3;1;1
202100034886;139 357;7;0;0;8;1;1
202100034887;139 355;2;3;0;0;1;1
202100034888;139 353;7;0;2;3;15;1
202100034888;139 354;33;0;2;2;17;1
202100034889;139 352;33;0;0;8;1;1
202100034890;139 351;1;0;0;1;1;5
202100034891;139 349;33;0;2;1;13;1
202100034891;139 350;33;0;0;1;1;1
202100034892;139 348;7;0;1;3;1;1
202100034893;139 344;2;0;2;3;1;1
202100034893;139 345;21;0;2;3;1;1
202100034894;139 342;7;0;2;3;1;1
202100034894;139 343;7;0;2;3;1;1
202100034895;139 339;33;0;2;3;1;1
202100034895;139 340;7;0;0;4;23;1
202100034895;139 341;33;0;2;1;5;1
202100034896;139 337;33;0;2;1;1;1
202100034896;139 338;7;0;2;3;26;1
202100034897;139 336;31;8;0;8;17;1
202100034898;139 334;7;0;2;1;1;1
202100034898;139 335;7;0;2;1;13;1
202100034899;139 332;7;0;2;4;2;1
202100034899;139 333;7;0;2;1;2;1
202100034900;139 329;33;0;2;1;1;1
202100034900;139 330;7;0;2;1;13;1
202100034900;139 331;7;0;2;8;1;1
202100034901;139 328;7;13;0;0;0;1
202100034902;139 326;0;0;2;5;15;1
202100034902;139 327;2;1;2;3;1;1
202100034903;139 325;2;0;0;0;0;1
202100034904;139 322;7;4;2;4;11;1
202100034904;139 323;7;0;2;1;2;1
202100034904;139 324;7;4;2;4;2;1
202100034905;139 319;7;0;2;4;2;1
202100034905;139 320;7;0;2;4;2;1
202100034905;139 321;7;0;2;1;2;1
202100034906;139 317;7;0;2;1;1;1
202100034906;139 318;7;0;2;1;11;1
202100034907;139 314;33;0;2;1;3;1
202100034907;139 315;7;0;2;3;2;1
202100034907;139 316;7;0;2;5;1;1
202100034908;139 311;10;0;2;3;9;1
202100034908;139 312;7;0;2;1;1;1
202100034908;139 313;10;0;2;2;1;1
202100034909;139 310;7;4;0;1;14;1
202100034910;139 307;10;0;2;1;9;1
202100034910;139 308;7;0;2;4;1;1
202100034910;139 309;7;0;2;4;1;1
202100034911;139 305;33;0;2;0;26;1
202100034911;139 306;10;0;2;0;0;0
202100034912;139 303;7;1;0;1;1;1
202100034912;139 304;10;0;2;4;23;1
202100034913;139 301;15;0;2;7;14;1
202100034913;139 302;7;0;2;8;1;1
202100034914;139 298;7;0;2;1;2;1
202100034914;139 299;7;0;2;4;1;1
202100034914;139 300;7;0;2;1;2;1
202100034915;139 296;33;0;2;8;3;1
202100034915;139 297;7;0;2;5;1;1
202100034916;139 294;17;0;2;4;2;1
202100034916;139 295;7;0;2;1;2;1
202100034917;139 292;10;8;2;3;1;0
202100034917;139 293;7;0;2;1;19;0
202100034918;139 291;7;0;1;3;1;1
202100034919;139 290;7;1;0;5;24;1
202100034920;139 287;7;0;2;2;1;1
202100034920;139 288;10;0;2;2;15;1
202100034920;139 289;33;0;2;1;1;1
202100034921;139 285;7;0;2;1;1;1
202100034921;139 286;30;0;2;1;13;1
202100034922;139 283;7;0;2;5;15;1
202100034922;139 284;50;0;2;1;1;3
202100034923;139 282;7;0;1;1;16;1
202100034924;139 280;32;0;2;3;1;1
202100034924;139 281;50;0;2;2;15;3
202100034925;139 279;2;0;1;1;17;1
202100034926;139 278;33;0;1;1;19;1
202100034927;139 276;43;0;2;1;2;1
202100034927;139 277;10;0;0;4;2;1
202100034928;139 275;33;0;2;5;1;1
202100034929;139 273;7;0;2;1;11;1
202100034929;139 274;7;14;2;4;1;1
202100034930;139 271;33;0;9;1;13;1
202100034930;139 272;21;0;0;3;1;1
202100034931;139 270;7;0;1;1;1;1
202100034932;139 269;7;0;1;5;26;1
202100034933;139 266;7;14;2;4;2;2
202100034933;139 267;7;0;2;1;2;1
202100034933;139 268;7;0;2;4;2;1
202100034934;139 264;1;14;2;1;1;5
202100034934;139 265;7;0;2;7;16;1
202100034935;139 261;7;0;2;1;2;1
202100034935;139 262;7;0;2;4;2;1
202100034935;139 263;7;0;2;4;2;1
202100034936;139 259;1;0;2;8;1;0
202100034936;139 260;7;0;2;1;9;1
202100034937;139 257;33;0;2;2;2;1
202100034937;139 258;7;0;2;3;15;1
202100034938;139 255;43;0;2;3;1;1
202100034938;139 256;7;1;0;3;13;1
202100034939;139 253;7;0;2;3;13;1
202100034939;139 254;31;0;2;1;17;1
202100034940;139 252;7;0;1;2;1;1
202100034941;139 250;7;0;2;1;2;1
202100034941;139 251;10;0;2;4;2;1
202100034942;139 248;1;0;2;1;1;5
202100034942;139 249;7;0;2;1;17;1
202100034943;139 246;1;0;2;1;1;5
202100034943;139 247;7;0;2;1;15;1
202100034944;139 244;7;0;2;4;2;1
202100034944;139 245;30;0;2;1;2;1
202100034945;139 242;10;0;2;1;9;0
202100034945;139 243;33;0;2;7;1;1
202100034946;139 241;10;0;1;4;4;1
202100034947;139 237;7;0;2;1;2;1
202100034947;139 238;7;0;2;4;2;2
202100034947;139 239;7;0;2;4;2;1
202100034947;139 240;7;0;2;4;2;2
202100034948;139 236;33;8;0;1;0;1
202100034949;139 234;33;0;2;1;21;1
202100034949;139 235;7;0;2;4;23;1
202100034950;139 233;7;8;0;0;13;1
202100034951;139 232;33;8;0;1;1;1
202100034952;139 230;33;0;2;1;1;1
202100034952;139 231;7;0;2;2;15;2
202100034953;139 227;7;0;2;4;2;1
202100034953;139 228;33;0;2;4;2;1
202100034953;139 229;7;0;2;1;2;1
202100034954;139 225;60;0;2;3;9;5
202100034954;139 226;0;0;2;1;17;0
202100034955;139 223;7;0;2;3;9;1
202100034955;139 224;7;0;2;2;1;1
202100034956;139 221;30;0;2;1;1;1
202100034956;139 222;37;0;2;6;1;1
202100034957;139 219;2;0;2;1;1;1
202100034957;139 220;7;0;2;2;15;1
202100034958;139 216;7;0;2;1;1;1
202100034958;139 217;7;0;2;5;1;1
202100034958;139 218;7;0;2;1;1;1
202100034959;139 214;7;0;2;2;1;1
202100034959;139 215;30;0;2;2;26;1
202100034960;139 212;34;0;2;1;9;1
202100034960;139 213;7;0;2;1;1;1
202100034961;139 209;7;0;2;1;1;1
202100034961;139 210;7;0;2;1;1;0
202100034961;139 211;7;0;2;4;0;1
202100034962;139 207;30;0;2;1;19;1
202100034962;139 208;7;0;2;2;1;1
202100034963;139 205;7;0;2;5;15;1
202100034963;139 206;7;0;2;2;1;1
202100034964;139 203;7;0;2;7;1;1
202100034964;139 204;1;0;2;1;19;5
202100034965;139 201;7;0;2;3;9;1
202100034965;139 202;2;0;2;1;1;1
202100034966;139 198;50;0;2;0;0;3
202100034966;139 199;7;0;9;2;15;1
202100034967;139 196;7;0;2;1;2;1
202100034967;139 197;30;0;2;4;23;1
202100034968;139 194;33;0;2;1;26;1
202100034968;139 195;7;0;2;1;15;1
202100034969;139 192;7;0;2;2;14;1
202100034969;139 193;1;0;2;3;15;5
202100034970;139 190;7;0;2;1;14;1
202100034970;139 191;50;0;2;0;1;3
202100034971;139 188;1;0;2;0;1;5
202100034971;139 189;7;0;0;0;1;1
202100034972;139 187;2;6;0;1;14;1
202100034973;139 185;30;0;2;1;9;1
202100034973;139 186;7;0;2;6;9;1
202100034974;139 182;7;0;2;0;0;0
202100034974;139 183;7;0;2;4;1;1
202100034974;139 184;7;0;2;1;1;1
202100034975;139 180;1;0;2;1;26;5
202100034975;139 181;7;0;2;2;2;1
202100034976;139 178;7;0;2;2;1;1
202100034976;139 179;7;0;2;3;19;1
202100034977;139 176;32;0;2;1;2;1
202100034977;139 177;7;0;2;8;15;1
202100034978;139 174;7;0;2;1;9;1
202100034978;139 175;30;0;2;1;1;1
202100034979;139 172;7;0;2;1;1;
202100034979;139 173;33;0;0;7;1;1
202100034980;139 170;32;0;2;3;21;1
202100034980;139 171;7;0;2;3;9;1
202100034981;139 169;30;14;2;8;17;1
202100034982;139 168;7;0;1;3;1;1
202100034983;139 166;7;0;2;4;2;1
202100034983;139 167;7;0;2;1;2;1
202100034984;139 163;7;0;2;0;0;0
202100034984;139 164;33;0;2;3;0;1
202100034984;139 165;7;0;2;6;1;1
202100034985;139 161;33;0;2;8;13;1
202100034985;139 162;7;0;2;2;1;1
202100034986;139 160;7;0;1;2;1;1
202100034987;139 158;7;0;2;1;1;1
202100034987;139 159;7;0;2;1;11;1
202100034988;139 156;7;0;2;0;26;1
202100034988;139 157;33;0;0;0;0;1
202100034989;139 154;7;0;2;5;15;1
202100034989;139 155;7;0;2;1;1;1
202100034990;139 152;14;0;2;3;0;0
202100034990;139 153;7;0;2;1;17;1
202100034991;139 150;1;0;2;1;19;5
202100034991;139 151;7;0;2;2;1;1
202100034992;139 148;20;0;2;6;13;1
202100034992;139 149;1;0;2;1;17;1
202100034993;139 146;7;0;2;4;2;1
202100034993;139 147;7;0;2;1;2;1
202100034994;139 144;7;0;2;2;1;1
202100034994;139 145;30;0;2;1;26;1
202100034995;139 142;1;0;2;1;2;5
202100034995;139 143;7;0;2;5;20;1
202100034996;139 140;7;0;2;4;2;1
202100034996;139 141;2;0;2;1;2;1
202100034997;139 138;7;0;2;2;19;1
202100034997;139 139;31;0;2;1;1;1
202100034998;139 136;1;0;2;8;1;0
202100034998;139 137;7;0;2;7;2;1
202100034999;139 134;33;0;2;1;17;1
202100034999;139 135;7;0;2;3;1;1
202100035000;139 133;7;0;1;4;4;1
202100035001;139 131;50;12;2;1;15;3
202100035001;139 132;30;0;2;1;26;1
202100035002;139 130;7;0;0;2;14;1
202100035003;139 128;1;0;2;3;26;5
202100035003;139 129;7;0;2;2;16;1
202100035004;139 127;7;0;1;1;1;1
202100035005;139 125;1;0;2;0;1;5
202100035005;139 126;7;0;0;0;1;0
202100035006;139 123;7;0;2;3;9;0
202100035006;139 124;2;0;2;1;1;1
202100035007;139 122;2;0;0;2;9;1
202100035008;139 121;33;0;0;1;1;1
202100035009;139 120;1;15;0;1;1;5
202100035010;139 119;30;0;0;8;0;1
202100035011;139 118;7;0;1;3;16;1
202100035012;139 116;33;0;2;1;2;1
202100035012;139 117;10;0;2;4;1;1
202100035013;139 114;17;0;2;7;14;1
202100035013;139 115;33;0;2;4;3;1
202100035014;139 110;7;0;2;3;18;1
202100035014;139 111;7;0;0;7;1;1
202100035014;139 112;7;0;2;5;1;1
202100035014;139 113;7;0;2;6;23;1
202100035015;139 109;31;0;0;1;1;1
202100035016;139 107;7;0;2;0;26;0
202100035016;139 108;31;0;2;7;0;1
202100035017;139 105;7;0;2;8;10;1
202100035017;139 106;33;0;2;1;2;1
202100035018;139 104;7;0;1;2;1;1
202100035019;139 102;37;0;2;3;14;1
202100035019;139 103;1;0;2;9;26;5
202100035020;139 101;7;0;1;1;26;1
202100035021;139 099;7;0;2;1;19;1
202100035021;139 100;7;0;2;6;1;1
202100035022;139 097;1;0;2;0;1;5
202100035022;139 098;7;0;2;1;9;1
202100035023;139 095;7;0;2;1;9;1
202100035023;139 096;50;0;2;5;1;3
202100035024;139 091;7;0;1;1;1;0
202100035025;139 089;7;0;2;2;9;0
202100035025;139 090;1;0;0;4;16;5
202100035026;139 087;7;0;2;4;1;1
202100035026;139 088;32;0;2;1;26;1
202100035027;139 084;7;0;2;3;1;1
202100035027;139 085;33;0;2;1;13;1
202100035028;139 082;7;0;2;8;1;1
202100035028;139 083;7;0;2;1;13;1
202100035029;139 080;33;0;2;1;1;1
202100035029;139 081;33;0;2;1;1;1
202100035030;139 078;7;0;2;2;1;1
202100035030;139 079;7;0;2;3;20;1
202100035031;139 077;7;0;2;1;1;2
202100035032;139 076;7;0;1;5;26;0
202100035033;139 074;33;0;2;3;10;1
202100035033;139 075;7;0;2;2;2;1
202100035034;139 073;31;0;1;1;25;1
202100035035;139 072;99;0;1;0;1;0
202100035036;139 070;7;0;2;5;15;1
202100035036;139 071;2;0;2;1;17;1
202100035037;139 069;7;1;0;2;2;1
202100035038;139 065;7;1;0;6;9;1
202100035038;139 066;7;1;0;1;26;0
202100035038;139 067;7;0;0;0;0;0
202100035038;139 068;31;0;0;0;0;0
202100035039;139 063;33;0;2;1;1;1
202100035039;139 064;7;0;2;1;15;1
202100035040;139 061;33;0;2;1;1;1
202100035040;139 062;7;0;2;2;1;1
202100035041;139 059;33;1;0;1;1;1
202100035041;139 060;37;0;2;6;24;1
202100035042;139 057;7;0;2;3;13;2
202100035042;139 058;7;0;2;1;1;1
202100035043;139 056;32;2;0;1;14;1
202100035044;139 055;33;0;0;8;1;1
202100035045;139 053;1;0;2;4;16;5
202100035045;139 054;7;0;2;1;16;1
202100035046;139 052;7;0;1;1;1;1
202100035047;139 050;7;0;2;3;19;1
202100035047;139 051;7;0;2;2;1;1
202100035048;139 048;32;0;2;3;3;1
202100035048;139 049;7;0;2;7;12;1
202100035049;139 046;32;0;2;3;3;1
202100035049;139 047;10;0;2;2;12;1
202100035050;139 044;31;0;2;1;3;1
202100035050;139 045;43;0;2;2;3;1
202100035051;139 041;33;0;2;3;3;1
202100035051;139 042;7;0;2;5;1;1
202100035051;139 043;7;0;2;6;1;1
202100035052;139 039;1;0;2;8;18;5
202100035052;139 040;14;0;2;2;16;1
202100035053;139 038;30;0;1;3;1;1
202100035054;139 036;1;0;2;8;7;5
202100035054;139 037;32;0;2;2;15;1
202100035055;139 034;30;0;2;2;17;3
202100035055;139 035;7;0;2;6;13;3
202100035056;139 032;33;0;2;1;1;1
202100035056;139 033;10;0;0;1;1;1
202100035057;139 030;1;0;2;1;9;5
202100035057;139 031;1;0;2;1;1;5
202100035058;139 028;34;0;1;1;3;1
202100035058;139 029;7;0;2;8;1;2
202100035059;139 027;33;0;1;1;1;1
202100035060;139 026;30;0;0;0;21;3
202100035061;139 024;7;0;2;3;13;1
202100035061;139 025;2;0;2;0;1;3
202100035062;139 022;7;0;2;5;14;1
202100035062;139 023;1;0;2;1;1;5
202100035063;139 021;1;0;1;1;1;5
202100035064;139 019;43;0;2;3;13;1
202100035064;139 020;50;0;2;1;16;3
202100035065;139 017;10;0;2;8;13;1
202100035065;139 018;30;0;2;7;17;1
202100035066;139 015;7;0;2;3;11;1
202100035066;139 016;34;0;2;5;1;1
202100035067;139 014;1;0;1;1;1;5
202100035068;139 012;7;0;2;1;1;1
202100035068;139 013;32;0;2;3;1;1
202100035069;139 010;10;0;2;2;1;1
202100035069;139 011;50;14;2;1;1;3
202100035070;139 009;1;0;0;1;1;5
202100035071;139 007;13;0;2;8;22;6
202100035071;139 008;50;0;2;0;1;3
202100035072;139 005;7;0;2;1;2;1
202100035072;139 006;7;0;2;4;2;1
202100035073;139 004;7;5;2;1;0;1
202100035074;139 002;7;0;2;1;10;0
202100035074;139 003;7;0;2;8;9;1
202100035075;139 000;1;0;2;1;1;5
202100035075;139 001;7;0;2;7;16;1
202100035076;138 998;7;0;2;8;15;2
202100035076;138 999;31;0;2;7;1;1
202100035077;138 996;7;0;2;2;15;1
202100035077;138 997;33;0;2;1;1;1
202100035078;138 994;10;0;2;0;15;1
202100035078;138 995;7;11;2;2;2;1
202100035079;138 992;7;0;2;1;16;1
202100035079;138 993;1;0;2;8;19;5
202100035080;138 990;14;1;2;1;13;1
202100035080;138 991;10;0;2;7;1;1
202100035081;138 989;60;1;0;0;0;5
202100035082;138 988;34;0;1;1;1;1
202100035083;138 986;7;0;2;1;26;1
202100035083;138 987;1;0;2;8;2;5
202100035084;138 985;40;0;1;2;26;6
202100035085;138 984;7;0;1;0;1;1
202100035086;138 982;7;0;2;7;0;1
202100035086;138 983;30;0;2;1;7;1
202100035087;138 980;10;0;9;5;16;1
202100035087;138 981;1;0;2;8;1;5
202100035088;138 978;7;0;2;4;2;1
202100035088;138 979;50;0;2;1;2;3
202100035089;138 977;7;0;1;0;0;1
202100035090;138 975;7;0;2;3;1;1
202100035090;138 976;7;0;2;3;1;1
202100035091;138 972;7;0;2;1;2;1
202100035091;138 973;7;0;2;4;23;1
202100035091;138 974;7;0;2;1;2;1
202100035092;138 970;33;0;2;1;17;1
202100035092;138 971;7;0;2;8;15;1
202100035093;138 968;33;0;2;1;17;1
202100035093;138 969;7;0;2;8;15;1
202100035094;138 967;7;0;1;2;16;1
202100035095;138 966;30;0;0;0;13;1
202100035096;138 964;10;0;1;6;1;1
202100035096;138 965;7;0;1;2;1;1
202100035097;138 963;34;0;1;1;1;1
202100035098;138 962;30;4;0;1;13;1
202100035099;138 960;7;0;2;1;1;1
202100035099;138 961;7;1;2;7;26;1
202100035100;138 959;7;13;0;3;13;1
202100035101;138 957;7;0;2;2;21;1
202100035101;138 958;1;0;2;1;13;5
202100035102;138 956;10;0;1;1;15;1
202100035103;138 953;7;0;2;8;1;1
202100035103;138 954;7;0;2;2;17;1
202100035103;138 955;2;0;2;9;21;1
202100035104;138 952;7;2;0;1;1;1
202100035105;138 951;7;0;0;9;1;1
202100035106;138 950;2;8;0;1;1;1
202100035107;138 948;7;0;2;3;9;1
202100035107;138 949;7;0;2;1;1;1
202100035108;138 947;33;8;0;1;1;1
202100035109;138 946;7;2;0;1;1;1
202100035110;138 944;7;0;2;3;13;1
202100035110;138 945;7;0;2;3;1;1
202100035111;138 942;33;0;2;1;2;1
202100035111;138 943;7;0;0;4;2;1
202100035112;138 940;7;0;2;3;13;1
202100035112;138 941;7;0;2;2;1;1
202100035113;138 939;33;6;0;3;26;0
202100035114;138 938;7;8;0;1;1;1
202100035115;138 936;10;0;2;6;2;1
202100035115;138 937;32;0;2;1;17;1
202100035116;138 935;7;0;1;2;1;1
202100035117;138 934;7;2;0;1;1;1
202100035118;138 932;7;0;2;8;15;1
202100035118;138 933;31;0;2;1;1;1
202100035119;138 930;2;0;2;1;11;1
202100035119;138 931;7;0;2;3;1;1
202100035120;138 928;33;0;2;1;17;1
202100035120;138 929;7;0;2;8;15;1
202100035121;138 926;7;0;2;8;1;1
202100035121;138 927;7;0;2;1;1;1
202100035122;138 924;7;0;2;3;1;1
202100035122;138 925;7;0;2;2;1;1
202100035123;138 923;33;0;5;1;1;1
202100035124;138 921;33;0;2;1;13;1
202100035124;138 922;21;0;2;2;1;1
202100035125;138 918;30;0;0;2;18;1
202100035125;138 919;7;0;2;7;1;1
202100035125;138 920;32;0;2;2;18;0
202100035126;138 916;33;0;2;1;1;1
202100035126;138 917;7;0;2;3;15;1
202100035127;138 914;7;0;2;1;2;1
202100035127;138 915;33;0;0;4;2;1
202100035128;138 912;7;0;9;8;1;1
202100035128;138 913;33;13;2;0;13;1
202100035129;138 911;33;14;0;1;17;1
202100035130;138 910;32;12;0;1;1;1
202100035131;138 908;7;0;2;1;23;1
202100035131;138 909;33;0;0;7;23;1
202100035132;138 907;7;0;0;8;13;1
202100035133;138 906;2;0;0;7;0;1
202100035134;138 904;30;0;2;1;1;1
202100035134;138 905;7;0;2;2;1;1
202100035135;138 901;7;0;2;1;0;1
202100035135;138 902;7;0;2;1;0;1
202100035136;138 899;20;0;2;4;2;1
202100035136;138 900;7;0;2;1;2;1
202100035137;138 898;7;1;2;5;4;1
202100035138;138 897;7;13;0;9;1;1
202100035139;138 896;7;6;0;1;1;1
202100035140;138 894;7;0;2;8;1;1
202100035140;138 895;33;0;2;8;13;1
202100035141;138 893;7;0;0;2;14;1
202100035142;138 891;7;0;2;2;15;1
202100035142;138 892;2;0;2;1;1;1
202100035143;138 890;7;2;0;5;1;1
202100035144;138 888;7;0;2;3;15;1
202100035144;138 889;2;0;2;1;1;1
202100035145;138 887;7;8;0;2;1;1
202100035146;138 885;7;0;2;2;1;1
202100035146;138 886;7;0;2;7;15;1
202100035147;138 884;7;6;0;1;13;1
202100035148;138 882;7;13;0;1;1;1
202100035149;138 881;7;0;0;0;1;1
202100035150;138 880;7;2;0;1;0;1
202100035151;138 879;7;0;1;8;2;1
202100035152;138 877;17;0;0;6;2;6
202100035152;138 878;7;0;2;1;2;1
202100035153;138 875;7;0;2;1;1;1
202100035153;138 876;7;0;2;1;13;1
202100035154;138 873;7;0;2;3;1;1
202100035154;138 874;1;0;2;1;13;5
202100035155;138 869;2;0;2;1;17;1
202100035155;138 870;10;0;2;3;17;1
202100035155;138 871;7;0;2;9;1;1
202100035155;138 872;7;0;2;1;1;1
202100035156;138 867;7;16;0;1;1;1
202100035157;138 866;33;3;0;1;1;1
202100035158;138 864;10;1;0;2;2;1
202100035158;138 865;15;0;0;6;24;1
202100035159;138 862;7;0;2;3;1;1
202100035159;138 863;7;0;2;3;15;1
202100035160;138 860;7;0;2;1;15;1
202100035160;138 861;7;0;2;1;1;1
202100035161;138 858;7;0;2;2;15;1
202100035161;138 859;33;0;2;1;1;1
202100035162;138 856;7;0;0;0;0;1
202100035162;138 857;2;0;2;6;1;1
202100035163;138 855;7;0;1;1;1;1
202100035164;138 853;7;0;2;3;1;1
202100035164;138 854;7;0;2;3;5;1
202100035165;138 851;33;0;2;1;17;1
202100035165;138 852;7;0;2;6;15;1
202100035166;138 849;7;0;2;3;1;1
202100035166;138 850;2;0;2;1;1;1
202100035167;138 847;21;0;2;3;1;1
202100035167;138 848;33;0;2;1;13;1
202100035168;138 846;33;15;0;1;0;1
202100035169;138 845;7;0;1;1;1;1
202100035170;138 843;7;0;2;3;13;1
202100035170;138 844;7;0;2;3;1;1
202100035171;138 841;7;0;2;3;1;1
202100035171;138 842;31;0;2;1;5;1
202100035172;138 837;10;0;2;2;23;1
202100035172;138 838;7;0;2;7;15;1