Num_Acc;id_vehicule;categorie_vehicule;obstacle_fixe;obstacle_mobile;point_choc_initial;manoeuvre_principale;motorisation
202100035172;138 839;7;0;2;2;1;1
202100035172;138 840;7;0;2;1;1;1
202100035173;138 835;1;0;2;0;1;5
202100035173;138 836;15;0;2;3;16;1
202100035174;138 833;7;0;2;5;13;1
202100035174;138 834;7;0;2;2;1;1
202100035175;138 832;2;0;0;1;1;1
202100035176;138 831;7;2;0;1;1;1
202100035177;138 829;2;0;2;1;2;1
202100035177;138 830;2;0;0;4;2;0
202100035178;138 827;7;0;2;3;1;1
202100035178;138 828;33;0;2;1;17;1
202100035179;138 826;33;0;0;0;1;1
202100035180;138 825;7;0;1;1;16;1
202100035181;138 824;7;11;0;1;13;1
202100035182;138 821;33;0;2;8;1;1
202100035182;138 822;10;0;2;4;1;1
202100035182;138 823;33;0;2;1;2;1
202100035183;138 819;7;0;2;4;2;2
202100035183;138 820;7;0;2;1;2;1
202100035184;138 816;10;0;2;6;2;1
202100035184;138 817;7;0;2;4;12;1
202100035184;138 818;7;0;2;1;1;1
202100035185;138 814;33;0;2;7;3;1
202100035185;138 815;7;0;2;3;11;1
202100035186;138 811;7;0;2;4;1;1
202100035186;138 812;7;0;2;4;2;1
202100035186;138 813;7;0;2;1;1;1
202100035187;138 809;15;0;2;6;1;1
202100035187;138 810;7;0;2;3;14;1
202100035188;138 806;7;0;2;1;2;1
202100035188;138 807;7;0;2;4;2;1
202100035188;138 808;7;0;2;4;2;1
202100035189;138 803;14;0;2;4;2;1
202100035189;138 804;7;0;2;4;2;1
202100035189;138 805;14;0;2;1;2;1
202100035190;138 800;7;0;2;0;2;1
202100035190;138 801;7;0;2;0;2;1
202100035190;138 802;7;0;2;0;2;1
202100035191;138 797;7;0;2;4;12;1
202100035191;138 798;31;0;2;1;26;1
202100035191;138 799;7;0;2;0;0;3
202100035192;138 793;7;0;2;4;1;1
202100035192;138 794;7;0;2;4;1;1
202100035192;138 795;7;1;2;4;1;1
202100035192;138 796;10;0;2;1;1;1
202100035193;138 791;7;0;2;5;12;1
202100035193;138 792;34;0;2;1;3;1
202100035194;138 790;33;0;0;8;13;1
202100035195;138 789;33;0;2;0;1;1
202100035196;138 787;10;0;2;4;2;0
202100035196;138 788;33;0;2;1;2;1
202100035197;138 782;7;0;2;3;1;1
202100035197;138 783;7;0;2;2;2;1
202100035197;138 784;7;0;2;3;1;1
202100035197;138 785;7;0;2;3;1;1
202100035197;138 786;7;0;2;1;5;1
202100035198;138 780;7;0;2;8;10;1
202100035198;138 781;33;0;2;7;1;1
202100035199;138 778;33;0;2;2;1;1
202100035199;138 779;7;0;2;3;11;1
202100035200;138 777;7;0;1;3;1;1
202100035201;138 776;7;0;1;2;1;
202100035202;138 775;7;0;1;1;1;1
202100035203;138 774;7;1;1;0;20;1
202100035204;138 773;7;0;1;2;1;1
202100035205;138 772;10;0;1;3;1;0
202100035206;138 770;7;0;2;4;2;1
202100035206;138 771;14;0;2;2;9;1
202100035207;138 769;99;0;1;0;14;0
202100035208;138 766;33;0;2;1;1;1
202100035208;138 767;7;0;2;5;12;1
202100035209;138 764;1;0;2;1;1;5
202100035209;138 765;1;0;2;4;1;5
202100035210;138 762;7;0;2;3;15;1
202100035210;138 763;32;0;2;7;3;1
202100035211;138 761;32;0;1;1;3;1
202100035212;138 760;2;9;0;1;21;1
202100035213;138 758;1;0;2;7;0;5
202100035213;138 759;7;0;2;2;15;1
202100035214;138 756;33;0;2;1;1;1
202100035214;138 757;80;0;2;8;15;3
202100035215;138 754;7;0;2;6;15;0
202100035215;138 755;7;0;2;1;1;1
202100035216;138 752;7;0;2;1;15;1
202100035216;138 753;32;0;2;8;1;1
202100035217;138 750;32;0;2;2;1;1
202100035217;138 751;7;0;2;8;16;1
202100035218;138 748;7;0;2;1;15;1
202100035218;138 749;80;0;2;1;1;3
202100035219;138 746;33;0;2;1;1;1
202100035219;138 747;7;0;2;3;1;1
202100035220;138 745;7;8;0;3;14;1
202100035221;138 744;7;0;1;1;1;1
202100035222;138 742;7;0;2;1;1;1
202100035222;138 743;1;0;2;1;5;5
202100035223;138 740;30;0;2;1;1;1
202100035223;138 741;7;0;2;2;15;1
202100035224;138 739;7;0;1;1;17;1
202100035225;138 738;7;0;1;1;1;1
202100035226;138 736;33;0;2;2;2;1
202100035226;138 737;7;0;2;3;10;2
202100035227;138 734;7;0;2;5;15;2
202100035227;138 735;33;0;2;1;0;1
202100035228;138 733;7;0;1;2;1;1
202100035229;138 732;7;0;1;1;1;1
202100035230;138 730;33;0;2;1;1;1
202100035230;138 731;7;0;2;8;19;1
202100035231;138 728;7;0;2;1;2;1
202100035231;138 729;7;0;2;4;2;1
202100035232;138 727;31;3;0;7;1;1
202100035233;138 725;10;0;2;2;1;0
202100035233;138 726;33;0;2;0;13;1
202100035234;138 724;30;0;2;0;1;1
202100035235;138 723;7;0;1;2;1;1
202100035236;138 721;7;0;2;1;13;1
202100035236;138 722;7;0;2;3;1;1
202100035237;138 719;7;1;0;2;14;1
202100035237;138 720;7;0;2;6;24;0
202100035238;138 717;7;0;9;8;2;1
202100035238;138 718;1;0;2;1;2;5
202100035239;138 716;7;2;0;1;2;1
202100035240;138 715;7;0;1;1;1;1
202100035241;138 705;7;0;2;6;10;1
202100035241;138 706;14;0;2;2;12;1
202100035242;138 703;2;0;9;1;1;1
202100035242;138 704;1;0;9;1;19;5
202100035243;138 701;33;0;2;1;17;1
202100035243;138 702;10;0;2;4;13;1
202100035244;138 700;1;1;0;1;1;5
202100035245;138 699;30;1;0;1;14;1
202100035246;138 697;1;0;2;8;1;5
202100035246;138 698;7;0;2;1;15;0
202100035247;138 696;10;15;0;3;2;1
202100035248;138 694;30;0;2;2;9;1
202100035248;138 695;7;0;2;7;0;1
202100035249;138 692;7;0;2;8;26;1
202100035249;138 693;33;0;2;1;26;1
202100035250;138 690;37;0;2;1;2;1
202100035250;138 691;33;0;2;4;2;1
202100035251;138 688;30;0;2;1;1;1
202100035251;138 689;7;0;2;3;15;1
202100035252;138 687;7;2;0;3;13;1
202100035253;138 686;3;0;1;1;1;0
202100035254;138 684;7;0;2;3;9;1
202100035254;138 685;1;0;2;7;1;5
202100035255;138 683;7;4;0;1;14;1
202100035256;138 681;7;0;2;7;1;1
202100035256;138 682;7;0;2;8;1;1
202100035257;138 680;14;0;1;4;4;1
202100035258;138 678;33;0;2;1;26;1
202100035258;138 679;7;0;2;2;10;1
202100035259;138 676;7;0;2;4;26;1
202100035259;138 677;30;0;2;1;26;1
202100035260;138 674;1;0;2;8;1;5
202100035260;138 675;7;0;2;1;1;1
202100035261;138 673;30;6;0;1;2;1
202100035262;138 671;2;0;2;1;1;1
202100035262;138 672;7;0;2;3;15;1
202100035263;138 669;30;0;2;1;1;1
202100035263;138 670;7;0;2;6;1;1
202100035264;138 667;30;0;2;1;1;1
202100035264;138 668;7;0;2;7;1;2
202100035265;138 665;7;0;2;8;1;1
202100035265;138 666;7;0;2;1;19;1
202100035266;138 662;32;0;2;2;3;1
202100035266;138 663;7;0;2;6;0;1
202100035266;138 664;7;0;2;2;0;1
202100035267;138 661;7;0;1;1;1;1
202100035268;138 659;7;0;2;1;2;1
202100035268;138 660;1;0;2;8;9;5
202100035269;138 658;34;0;1;1;1;1
202100035270;138 656;31;0;2;3;1;1
202100035270;138 657;7;0;2;2;15;1
202100035271;138 655;33;0;1;2;17;1
202100035272;138 654;7;1;0;1;1;1
202100035273;138 652;7;0;2;7;15;1
202100035273;138 653;33;0;2;2;1;1
202100035274;138 650;10;0;2;1;1;1
202100035274;138 651;33;0;2;4;16;1
202100035275;138 648;7;0;2;2;15;1
202100035275;138 649;1;0;2;1;1;5
202100035276;138 646;10;0;2;2;16;1
202100035276;138 647;80;0;2;3;1;3
202100035277;138 644;15;0;2;2;15;0
202100035277;138 645;7;0;2;8;12;0
202100035278;138 643;33;0;2;3;1;1
202100035279;138 641;7;0;2;3;15;1
202100035279;138 642;32;0;2;1;17;1
202100035280;138 640;2;1;0;2;14;1
202100035281;138 638;7;0;2;1;15;1
202100035281;138 639;1;0;2;1;16;5
202100035282;138 637;7;0;9;1;1;1
202100035283;138 635;7;0;2;3;10;1
202100035283;138 636;33;0;2;1;17;1
202100035284;138 633;7;0;2;4;2;1
202100035284;138 634;7;0;2;1;1;1
202100035285;138 631;7;0;2;1;15;1
202100035285;138 632;33;0;2;1;1;1
202100035286;138 629;7;0;2;4;2;1
202100035286;138 630;7;0;2;1;2;1
202100035287;138 627;7;0;1;3;1;1
202100035287;138 628;50;0;1;1;3;3
202100035288;138 626;7;0;1;0;1;0
202100035289;138 624;7;0;2;1;0;2
202100035289;138 625;1;0;2;5;0;6
202100035290;138 622;2;0;2;9;2;1
202100035290;138 623;7;0;2;1;9;2
202100035291;138 620;7;;2;1;1;1
202100035291;138 621;7;;2;1;15;1
202100035292;138 618;7;7;2;5;15;1
202100035292;138 619;7;0;2;2;1;1
202100035293;138 617;30;12;0;1;1;1
202100035294;138 616;32;0;1;1;5;1
202100035295;138 614;7;0;2;2;21;1
202100035295;138 615;7;0;2;3;9;1
202100035296;138 613;7;0;1;2;1;1
202100035297;138 611;7;0;2;2;26;1
202100035297;138 612;7;0;0;0;0;0
202100035298;138 610;10;0;1;2;16;1
202100035299;138 608;10;0;2;3;9;1
202100035299;138 609;33;0;2;1;1;1
202100035300;138 606;7;0;2;2;15;1
202100035300;138 607;1;0;2;1;1;5
202100035301;138 605;7;0;1;2;1;1
202100035302;138 603;32;0;2;3;1;1
202100035302;138 604;7;0;2;1;15;1
202100035303;138 601;30;0;2;1;17;1
202100035303;138 602;7;0;2;8;15;1
202100035304;138 599;10;0;2;7;1;1
202100035304;138 600;1;0;2;7;1;5
202100035305;138 597;30;0;2;1;1;1
202100035305;138 598;7;0;2;1;15;3
202100035306;138 596;10;1;0;8;13;3
202100035307;138 595;7;0;1;8;1;1
202100035308;138 593;34;0;2;8;7;1
202100035308;138 594;7;0;2;2;16;2
202100035309;138 591;30;0;2;3;13;1
202100035309;138 592;7;0;2;3;1;1
202100035310;138 589;14;0;2;6;23;6
202100035310;138 590;1;0;2;1;2;5
202100035311;138 588;80;0;0;7;21;3
202100035312;138 587;7;0;1;1;1;1
202100035313;138 586;33;0;1;1;17;1
202100035314;138 585;1;0;1;1;1;5
202100035315;138 583;7;0;2;1;2;1
202100035315;138 584;7;0;2;4;23;1
202100035316;138 582;30;0;1;1;25;0
202100035317;138 581;7;1;0;1;14;1
202100035318;138 579;32;1;2;1;1;1
202100035318;138 580;7;0;2;0;9;0
202100035319;138 577;7;0;2;7;14;1
202100035319;138 578;30;0;2;8;1;1
202100035320;138 575;1;0;2;7;1;5
202100035320;138 576;7;0;2;1;1;1
202100035321;138 574;30;0;1;1;1;1
202100035322;138 572;30;0;2;8;15;1
202100035322;138 573;30;0;2;1;17;1
202100035323;138 570;7;0;2;7;1;1
202100035323;138 571;30;0;2;1;1;3
202100035324;138 567;7;0;2;1;2;1
202100035324;138 568;7;0;2;5;23;1
202100035324;138 569;10;0;2;1;23;1
202100035325;138 565;7;0;2;2;2;1
202100035325;138 566;1;0;2;5;12;5
202100035326;138 563;7;0;2;5;23;1
202100035326;138 564;43;0;2;1;2;1
202100035327;138 561;1;0;2;1;1;5
202100035327;138 562;10;0;2;3;1;1
202100035328;138 559;33;0;2;1;1;1
202100035328;138 560;1;0;2;0;19;5
202100035329;138 558;50;0;0;0;1;3
202100035330;138 556;7;0;2;1;1;0
202100035330;138 557;1;0;2;1;1;5
202100035331;138 554;1;0;2;8;13;5
202100035331;138 555;1;0;2;7;1;5
202100035332;138 552;7;0;2;2;2;1
202100035332;138 553;1;0;0;0;0;0
202100035333;138 550;1;1;0;0;2;5
202100035333;138 551;7;0;2;2;24;1
202100035334;138 548;1;0;2;7;19;5
202100035334;138 549;37;0;2;2;1;0
202100035335;138 547;7;0;1;1;16;1
202100035336;138 545;7;0;2;1;15;1
202100035336;138 546;2;0;2;1;1;1
202100035337;138 543;10;0;2;3;1;6
202100035337;138 544;43;0;2;2;3;1
202100035338;138 541;7;0;2;2;20;1
202100035338;138 542;7;0;2;2;1;1
202100035339;138 540;32;0;1;1;26;0
202100035340;138 538;10;0;2;2;1;1
202100035340;138 539;7;0;2;3;1;1
202100035341;138 537;7;0;1;6;10;1
202100035342;138 535;7;0;2;4;1;1
202100035342;138 536;7;0;2;2;1;1
202100035343;138 533;31;0;2;1;17;1
202100035343;138 534;7;0;2;3;9;1
202100035344;138 531;33;0;2;1;19;1
202100035344;138 532;99;0;0;8;19;0
202100035345;138 529;7;0;2;2;15;1
202100035345;138 530;33;0;2;1;1;1
202100035346;138 527;2;0;2;1;1;1
202100035346;138 528;10;0;2;2;14;0
202100035347;138 525;7;0;2;1;1;0
202100035347;138 526;7;1;2;1;17;0
202100035348;138 524;7;1;2;2;1;1
202100035349;138 522;30;0;2;8;17;1
202100035349;138 523;7;0;2;1;10;1
202100035350;138 520;1;0;2;1;15;0
202100035350;138 521;10;0;2;2;1;1
202100035351;138 518;7;0;2;5;1;1
202100035351;138 519;1;0;2;1;1;5
202100035352;138 517;7;0;2;1;1;1
202100035353;138 515;34;0;0;8;1;1
202100035353;138 516;7;0;2;2;26;1
202100035354;138 513;7;0;2;3;15;1
202100035354;138 514;34;0;2;1;0;1
202100035355;138 511;7;0;2;3;5;1
202100035355;138 512;7;0;2;3;1;1
202100035356;138 509;10;0;2;1;2;1
202100035356;138 510;7;0;0;4;2;1
202100035357;138 508;7;6;0;2;14;1
202100035358;138 506;7;16;2;6;9;1
202100035358;138 507;7;0;2;1;1;1
202100035359;138 505;7;0;1;7;1;1
202100035360;138 503;7;0;2;1;2;1
202100035360;138 504;7;0;2;1;13;1
202100035361;138 502;7;0;1;3;1;1
202100035362;138 501;7;0;1;2;21;2
202100035363;138 500;7;13;0;3;13;1
202100035364;138 499;1;0;0;0;2;5
202100035365;138 497;33;0;2;1;1;1
202100035365;138 498;7;0;2;2;11;1
202100035366;138 495;7;0;2;2;1;1
202100035366;138 496;2;0;2;8;1;1
202100035367;138 494;7;0;1;3;1;1
202100035368;138 486;1;0;0;0;26;5
202100035368;138 487;1;0;0;0;26;5
202100035368;138 488;1;0;0;0;26;5
202100035368;138 489;1;0;0;0;26;5
202100035368;138 490;1;0;0;0;14;5
202100035368;138 491;7;0;0;0;17;1
202100035368;138 492;7;0;2;3;21;1
202100035368;138 493;1;0;2;1;13;5
202100035369;138 485;7;8;0;1;1;1
202100035370;138 484;37;0;0;8;13;1
202100035371;138 483;33;3;0;2;1;1
202100035372;138 482;7;13;0;9;1;1
202100035373;138 481;7;0;1;2;1;1
202100035374;138 480;7;13;0;2;1;1
202100035375;138 478;7;0;2;2;17;1
202100035375;138 479;1;0;2;8;2;5
202100035376;138 477;7;13;0;1;26;1
202100035377;138 475;34;0;2;1;1;1
202100035377;138 476;7;0;2;6;15;1
202100035378;138 473;33;0;2;1;2;1
202100035378;138 474;10;0;0;4;2;1
202100035379;138 471;7;0;2;3;15;1
202100035379;138 472;33;0;2;1;1;1
202100035380;138 470;2;6;0;1;0;1
202100035381;138 469;33;0;0;0;1;1
202100035382;138 467;1;0;2;4;15;5
202100035382;138 468;2;0;2;1;17;1
202100035383;138 466;7;0;0;0;1;0
202100035384;138 464;33;0;2;1;1;1
202100035384;138 465;99;0;2;5;15;1
202100035385;138 463;33;0;0;8;16;1
202100035386;138 461;33;0;2;1;11;1
202100035386;138 462;7;0;2;6;15;1
202100035387;138 459;7;0;2;4;1;1
202100035387;138 460;2;0;2;1;1;1
202100035388;138 457;7;0;0;0;2;1
202100035388;138 458;2;0;2;1;2;1
202100035389;138 456;1;0;0;7;1;5
202100035390;138 455;7;0;1;1;1;1
202100035391;138 454;21;0;0;3;1;1
202100035392;138 452;7;0;2;1;1;1
202100035392;138 453;7;0;2;1;13;1
202100035393;138 451;33;13;0;2;1;1
202100035394;138 450;33;0;6;1;1;1
202100035395;138 448;7;0;2;4;2;2
202100035395;138 449;15;0;2;1;2;1
202100035396;138 446;7;0;2;2;1;1
202100035396;138 447;7;0;2;7;13;1
202100035397;138 444;15;0;2;6;1;1
202100035397;138 445;7;0;2;3;13;1
202100035398;138 443;7;17;0;1;1;1
202100035399;138 442;7;3;0;2;0;1
202100035400;138 441;10;5;0;1;1;1
202100035401;138 440;33;0;0;0;0;1
202100035402;138 439;7;0;1;3;0;1
202100035403;138 437;2;0;2;1;1;1
202100035403;138 438;10;0;2;8;9;1
202100035404;138 435;7;0;0;4;13;0
202100035404;138 436;33;0;0;1;13;1
202100035405;138 434;7;16;0;2;1;1
202100035406;138 433;7;3;0;1;1;1
202100035407;138 431;1;0;2;4;1;5
202100035407;138 432;7;0;9;1;18;1
202100035408;138 428;7;0;0;4;2;1
202100035408;138 429;7;0;0;4;2;1
202100035408;138 430;33;0;2;1;2;1
202100035409;138 427;7;15;0;3;0;1
202100035410;138 425;2;0;2;1;1;1
202100035410;138 426;2;0;2;8;1;1
202100035411;138 422;3;1;0;9;26;1
202100035412;138 421;10;0;1;0;1;1
202100035413;138 420;7;9;0;1;1;1
202100035414;138 418;7;0;0;8;2;2
202100035414;138 419;31;0;2;2;1;1
202100035415;138 416;33;0;2;7;17;1
202100035415;138 417;7;0;2;8;1;1
202100035416;138 412;7;0;0;0;22;1
202100035416;138 413;7;0;2;0;26;1
202100035416;138 414;33;0;2;1;1;0
202100035416;138 415;7;0;2;3;13;1
202100035417;138 410;7;0;2;8;1;1
202100035417;138 411;2;0;2;1;19;1
202100035418;138 409;33;15;0;9;1;1
202100035419;138 407;7;0;0;4;11;1
202100035419;138 408;7;0;2;0;0;1
202100035420;138 405;33;0;2;1;19;1
202100035420;138 406;7;0;2;2;1;1
202100035421;138 403;7;0;2;1;1;1
202100035421;138 404;33;3;0;0;17;1
202100035422;138 399;10;0;2;1;2;1
202100035422;138 400;7;0;2;8;1;1
202100035422;138 401;15;0;2;2;14;1
202100035422;138 402;7;0;2;6;1;1
202100035423;138 397;15;0;2;2;12;1
202100035423;138 398;10;0;2;6;1;1
202100035424;138 396;33;3;0;9;2;1
202100035425;138 395;7;4;0;3;26;1
202100035426;138 393;7;0;2;8;11;1
202100035426;138 394;33;0;2;1;3;1
202100035427;138 391;33;0;2;8;3;1
202100035427;138 392;7;0;2;2;12;1
202100035428;138 389;7;0;2;3;11;1
202100035428;138 390;32;0;2;2;1;1
202100035429;138 387;7;0;2;1;2;1
202100035429;138 388;7;0;2;4;2;1
202100035430;138 385;33;0;2;1;3;1
202100035430;138 386;7;0;2;6;11;1
202100035431;138 383;7;0;2;2;12;1
202100035431;138 384;33;0;2;1;3;0
202100035432;138 381;7;0;2;4;2;1
202100035432;138 382;33;0;2;1;2;1
202100035433;138 379;33;1;0;1;18;1
202100035433;138 380;10;0;2;6;23;1
202100035434;138 377;7;0;0;5;12;1
202100035434;138 378;33;0;2;1;3;1
202100035435;138 375;33;0;2;0;3;1
202100035435;138 376;7;0;2;6;1;1
202100035436;138 373;7;4;2;0;1;1
202100035436;138 374;13;0;2;3;11;1
202100035437;138 372;7;6;0;1;1;1
202100035438;138 369;7;0;2;0;0;1
202100035438;138 370;7;0;2;6;2;1
202100035438;138 371;7;0;2;4;2;1
202100035439;138 367;30;0;2;4;2;1
202100035439;138 368;7;0;2;2;1;1
202100035440;138 364;33;0;2;1;3;1
202100035440;138 365;7;0;2;2;12;1
202100035440;138 366;7;0;2;3;1;1
202100035441;138 362;33;0;2;1;3;1
202100035441;138 363;7;0;2;5;0;1
202100035442;138 360;2;0;2;1;1;1
202100035442;138 361;7;0;2;3;11;1
202100035443;138 357;7;0;2;7;12;1
202100035443;138 358;33;0;2;8;3;1
202100035443;138 359;10;0;2;8;1;1
202100035444;138 356;7;0;1;7;20;1
202100035445;138 355;10;0;1;8;15;1
202100035446;138 353;10;0;2;1;15;1
202100035446;138 354;7;0;2;2;1;1
202100035447;138 351;1;0;2;1;1;5
202100035447;138 352;3;0;2;2;16;1
202100035448;138 349;31;0;2;8;1;1
202100035448;138 350;7;0;2;2;16;1
202100035449;138 346;7;12;0;3;1;1
202100035449;138 347;7;12;0;1;1;1
202100035449;138 348;7;12;0;1;1;1
202100035450;138 345;7;0;0;2;23;1
202100035451;138 343;37;0;2;3;1;1
202100035451;138 344;7;0;2;5;12;1
202100035452;138 341;7;0;2;1;19;1
202100035452;138 342;7;0;2;8;1;2
202100035453;138 339;1;0;2;1;1;5
202100035453;138 340;33;0;2;6;1;1
202100035454;138 338;2;0;1;1;1;1
202100035455;138 337;0;0;1;0;0;0
202100035456;138 335;7;0;2;1;16;1
202100035456;138 336;32;0;2;4;1;1
202100035457;138 333;7;0;2;6;15;1
202100035457;138 334;30;0;2;1;1;1
202100035458;138 328;34;0;2;1;21;1
202100035458;138 329;7;1;2;3;23;1
202100035458;138 330;7;0;2;3;15;1
202100035459;138 327;7;0;1;5;20;1
202100035460;138 326;3;1;0;3;1;1
202100035461;138 325;7;0;1;1;1;1
202100035462;138 323;7;0;2;1;2;1
202100035462;138 324;30;0;2;4;23;1
202100035463;138 322;10;0;1;1;16;1
202100035464;138 321;32;0;1;2;17;1
202100035465;138 318;7;0;2;1;1;1
202100035465;138 319;10;0;2;6;2;1
202100035465;138 320;33;0;2;2;13;1
202100035466;138 314;34;0;2;1;1;1
202100035466;138 315;7;0;2;1;1;1
202100035466;138 316;7;0;2;2;15;1
202100035467;138 313;37;9;1;7;16;0
202100035468;138 311;7;0;2;7;17;1
202100035468;138 312;33;0;2;8;3;1
202100035469;138 310;7;1;0;9;14;1
202100035470;138 308;7;0;4;2;1;1
202100035470;138 309;40;0;2;3;1;3
202100035471;138 307;31;0;1;3;1;1
202100035472;138 305;7;0;2;2;16;1
202100035472;138 306;1;0;2;1;1;5
202100035473;138 303;7;1;2;1;13;1
202100035473;138 304;7;0;2;7;23;1
202100035474;138 301;7;0;2;3;1;1
202100035474;138 302;1;0;2;1;5;5
202100035475;138 299;2;0;2;1;1;1
202100035475;138 300;7;0;2;7;9;1
202100035476;138 298;7;0;1;7;9;1
202100035477;138 297;7;0;1;1;1;1
202100035478;138 295;7;0;2;3;1;1
202100035478;138 296;1;0;2;7;15;5
202100035479;138 293;50;0;2;3;1;3
202100035479;138 294;7;0;2;1;1;1
202100035480;138 292;50;0;0;0;0;3
202100035481;138 290;33;0;2;1;1;1
202100035481;138 291;7;0;2;1;15;1
202100035482;138 288;7;0;2;4;2;1
202100035482;138 289;30;0;2;1;1;1
202100035483;138 286;7;0;2;4;1;1
202100035483;138 287;7;0;2;1;1;1
202100035484;138 284;14;0;2;7;14;1
202100035484;138 285;7;0;2;8;1;1
202100035485;138 282;7;0;2;1;15;1
202100035485;138 283;1;0;2;1;1;5
202100035486;138 280;33;0;2;2;21;1
202100035486;138 281;7;0;2;1;15;1
202100035487;138 279;7;0;1;3;1;1
202100035488;138 278;7;0;1;3;1;1
202100035489;138 276;33;0;2;1;13;1
202100035489;138 277;7;0;2;3;10;1
202100035490;138 274;7;0;2;1;17;1
202100035490;138 275;7;6;2;8;15;1
202100035491;138 271;7;0;2;2;1;1
202100035491;138 272;1;0;2;1;1;5
202100035492;138 269;1;0;2;1;9;5
202100035492;138 270;7;0;2;2;1;1
202100035493;138 267;80;0;2;8;19;3
202100035493;138 268;7;0;2;5;1;1
202100035494;138 265;7;0;2;4;1;1
202100035494;138 266;2;0;2;1;1;1
202100035495;138 264;3;0;0;9;26;3
202100035496;138 262;1;0;2;4;26;5
202100035496;138 263;7;0;2;2;26;1
202100035497;138 261;2;0;0;0;26;1
202100035498;138 259;7;0;1;3;5;1
202100035498;138 260;7;0;2;1;23;1
202100035499;138 258;3;15;0;0;14;1
202100035500;138 256;33;9;2;1;7;1
202100035500;138 257;7;0;0;0;0;1
202100035501;138 254;33;0;2;7;1;1
202100035501;138 255;1;0;2;8;9;5
202100035502;138 252;7;0;2;3;9;1
202100035502;138 253;7;0;2;7;9;1
202100035503;138 250;7;0;2;8;1;1
202100035503;138 251;7;0;2;1;1;1
202100035504;138 249;7;0;1;2;1;1
202100035505;138 247;10;0;2;2;1;1
202100035505;138 248;7;0;2;7;19;1
202100035506;138 245;1;0;2;8;19;6
202100035506;138 246;10;0;2;2;1;1
202100035507;138 243;2;0;2;5;12;1
202100035507;138 244;7;0;2;1;9;1
202100035508;138 241;32;0;2;1;26;1
202100035508;138 242;7;0;2;4;26;1
202100035509;138 239;7;0;2;1;1;1
202100035509;138 240;7;0;2;1;5;1
202100035510;138 238;7;0;1;2;21;1
202100035511;138 236;1;0;2;0;1;5
202100035511;138 237;7;0;2;2;16;1
202100035512;138 234;7;0;2;2;15;1
202100035512;138 235;80;0;2;0;1;3
202100035513;138 232;10;0;2;5;1;0
202100035513;138 233;33;0;2;1;1;1
202100035514;138 231;15;0;9;7;26;1
202100035515;138 229;7;0;2;6;2;1
202100035515;138 230;7;0;2;1;2;1
202100035516;138 227;7;0;2;4;1;0
202100035516;138 228;3;0;2;1;1;1
202100035517;138 225;33;0;2;1;17;1
202100035517;138 226;7;0;2;8;15;1
202100035518;138 223;1;0;2;7;26;0
202100035518;138 224;7;0;2;0;26;1
202100035519;138 221;7;0;2;2;9;1
202100035519;138 222;2;0;2;3;17;1
202100035520;138 220;7;0;1;2;1;1
202100035521;138 218;32;0;2;0;21;1
202100035521;138 219;7;0;0;0;1;1
202100035522;138 216;7;9;2;1;1;1
202100035522;138 217;7;0;2;2;1;1
202100035523;138 214;7;0;2;3;16;1
202100035523;138 215;7;0;2;5;12;1
202100035524;138 212;7;0;9;3;9;1
202100035524;138 213;31;0;2;3;9;1
202100035525;138 210;7;0;2;3;9;1
202100035525;138 211;1;0;2;2;1;5
202100035526;138 208;31;0;2;3;3;1
202100035526;138 209;10;0;2;5;1;1
202100035527;138 206;7;0;2;5;12;1
202100035527;138 207;31;0;2;3;3;1
202100035528;138 204;7;0;2;7;12;1
202100035528;138 205;33;0;2;3;3;1
202100035529;138 202;7;0;2;1;2;1
202100035529;138 203;33;0;2;4;2;1
202100035530;138 200;33;0;2;1;1;1
202100035530;138 201;10;0;0;4;11;0
202100035531;138 197;33;0;2;1;3;1
202100035531;138 198;7;0;2;7;12;1
202100035531;138 199;7;0;2;6;1;1
202100035532;138 196;14;0;1;7;1;1
202100035533;138 194;7;0;2;8;1;1
202100035533;138 195;32;0;2;2;1;1
202100035534;138 192;10;0;2;1;1;3
202100035534;138 193;33;0;2;1;8;1
202100035535;138 190;30;0;2;2;14;1
202100035535;138 191;7;0;2;2;7;1
202100035536;138 188;10;0;2;8;22;1
202100035536;138 189;80;0;2;1;2;3
202100035537;138 187;32;14;0;2;14;1
202100035538;138 185;7;0;2;1;1;2
202100035538;138 186;1;0;2;4;23;5
202100035539;138 183;7;0;2;1;1;1
202100035539;138 184;30;0;2;2;1;1
202100035540;138 182;7;0;1;2;1;1
202100035541;138 180;7;0;2;1;2;1
202100035541;138 181;7;0;2;5;23;1
202100035542;138 178;13;0;2;4;4;1
202100035542;138 179;30;0;2;1;2;1
202100035543;138 176;32;0;2;1;1;1
202100035543;138 177;1;0;2;1;1;5
202100035544;138 174;7;0;2;2;2;1
202100035544;138 175;31;0;2;8;23;1
202100035545;138 172;7;0;2;1;2;1
202100035545;138 173;30;0;2;4;23;1
202100035546;138 170;30;0;2;1;2;3
202100035546;138 171;7;0;2;6;23;2
202100035547;138 169;7;0;1;1;1;2
202100035548;138 167;32;0;2;4;23;1
202100035548;138 168;7;0;2;1;1;1
202100035549;138 165;1;0;2;0;14;5
202100035549;138 166;1;0;2;0;1;5
202100035550;138 164;1;0;0;0;1;5
202100035551;138 163;50;14;0;1;14;3
202100035552;138 162;1;14;0;1;14;5
202100035553;138 161;1;14;0;1;14;5
202100035554;138 159;1;0;2;7;1;5
202100035554;138 160;10;0;2;3;15;1
202100035555;138 157;1;0;9;1;1;0
202100035555;138 158;1;0;9;1;16;5
202100035556;138 156;15;0;1;2;1;1
202100035557;138 154;7;0;2;3;1;1
202100035557;138 155;30;0;2;3;5;1
202100035558;138 153;33;15;0;1;1;1
202100035559;138 152;7;0;1;3;10;1