Num_Acc;id_vehicule;categorie_vehicule;obstacle_fixe;obstacle_mobile;point_choc_initial;manoeuvre_principale;motorisation
202100035560;138 150;10;0;2;4;9;1
202100035560;138 151;33;0;2;1;2;1
202100035561;138 149;7;0;1;0;26;1
202100035562;138 147;7;0;2;2;15;1
202100035562;138 148;31;0;2;1;1;1
202100035563;138 146;7;0;1;3;1;1
202100035564;138 145;7;0;1;2;26;1
202100035565;138 143;30;0;2;4;2;1
202100035565;138 144;7;0;2;1;2;1
202100035566;138 142;7;0;1;2;15;1
202100035567;138 140;7;0;2;1;15;1
202100035567;138 141;7;0;2;2;19;1
202100035568;138 138;60;0;2;7;9;5
202100035568;138 139;7;0;2;6;4;1
202100035569;138 136;7;0;9;1;16;1
202100035569;138 137;50;0;2;0;0;3
202100035570;138 134;2;0;2;0;2;1
202100035570;138 135;7;0;2;3;15;1
202100035571;138 133;43;11;0;1;15;1
202100035572;138 132;7;0;1;7;1;1
202100035573;138 130;32;0;2;1;2;1
202100035573;138 131;33;0;2;4;1;1
202100035574;138 128;1;0;2;1;1;5
202100035574;138 129;7;0;2;0;15;1
202100035575;138 126;10;0;2;2;1;1
202100035575;138 127;34;0;2;3;15;1
202100035576;138 125;33;0;0;8;16;1
202100035577;138 123;7;0;2;1;15;1
202100035577;138 124;1;0;2;1;15;0
202100035578;138 121;10;0;2;2;16;1
202100035578;138 122;34;0;2;1;16;1
202100035579;138 120;1;0;1;1;15;5
202100035580;138 119;7;0;1;1;15;1
202100035581;138 117;7;0;2;1;2;1
202100035581;138 118;7;1;2;4;1;1
202100035582;138 114;7;0;2;6;26;1
202100035582;138 115;7;0;2;6;23;1
202100035582;138 116;7;0;2;2;17;1
202100035583;138 112;7;0;2;6;15;1
202100035583;138 113;99;0;2;1;1;3
202100035584;138 111;7;0;1;0;1;1
202100035585;138 109;7;0;2;8;1;1
202100035585;138 110;10;0;2;3;1;1
202100035586;138 107;33;0;2;7;12;1
202100035586;138 108;7;0;2;3;1;1
202100035587;138 105;7;0;2;1;5;2
202100035587;138 106;7;0;2;1;1;1
202100035588;138 103;2;0;2;1;1;1
202100035588;138 104;7;0;2;3;19;1
202100035589;138 101;43;0;9;1;1;1
202100035590;138 100;31;0;0;0;15;1
202100035591;138 099;14;13;0;7;14;1
202100035592;138 098;7;0;1;4;9;2
202100035593;138 097;10;2;0;5;13;0
202100035594;138 095;7;0;2;3;1;1
202100035594;138 096;7;0;2;3;1;1
202100035595;138 093;33;0;2;1;1;1
202100035595;138 094;7;0;2;2;15;1
202100035596;138 091;7;0;2;3;17;0
202100035596;138 092;14;0;2;3;0;1
202100035597;138 090;1;0;5;0;1;5
202100035598;138 087;7;0;2;6;1;3
202100035598;138 088;7;0;2;1;1;1
202100035598;138 089;7;0;2;3;5;1
202100035599;138 085;2;0;2;6;1;1
202100035599;138 086;7;0;2;2;1;1
202100035600;138 083;1;0;2;1;1;0
202100035600;138 084;7;0;9;3;26;1
202100035601;138 082;7;0;0;0;1;1
202100035602;138 081;80;0;0;1;1;3
202100035603;138 080;7;13;0;3;13;1
202100035604;138 078;7;0;2;8;15;1
202100035604;138 079;10;0;2;1;1;1
202100035605;138 076;7;0;2;3;13;1
202100035605;138 077;7;0;2;3;1;1
202100035606;138 075;7;0;1;1;15;1
202100035607;138 073;10;0;2;1;2;1
202100035607;138 074;7;0;2;4;1;1
202100035608;138 071;7;9;2;1;1;1
202100035608;138 072;7;0;2;1;15;1
202100035609;138 069;1;0;2;1;1;5
202100035609;138 070;37;0;9;8;1;1
202100035610;138 067;7;0;2;2;2;1
202100035610;138 068;33;0;2;4;1;1
202100035611;138 066;7;2;0;5;1;1
202100035612;138 064;7;0;2;3;1;1
202100035612;138 065;7;0;2;3;17;1
202100035613;138 062;7;0;2;3;1;1
202100035613;138 063;2;0;2;1;13;1
202100035614;138 060;7;0;2;1;1;1
202100035614;138 061;7;0;2;1;1;1
202100035615;138 058;10;0;2;7;17;1
202100035615;138 059;1;0;2;8;1;5
202100035616;138 056;7;0;2;1;13;1
202100035616;138 057;7;0;2;1;1;1
202100035617;138 055;33;2;0;0;1;1
202100035618;138 053;7;0;2;3;1;1
202100035618;138 054;7;0;2;3;13;1
202100035619;138 051;7;0;2;2;1;1
202100035619;138 052;1;0;2;1;15;5
202100035620;138 050;1;0;0;0;1;5
202100035621;138 048;1;0;2;1;2;5
202100035621;138 049;7;0;2;8;16;1
202100035622;138 046;7;0;2;3;1;1
202100035622;138 047;2;0;2;3;13;1
202100035623;138 045;7;0;0;9;17;1
202100035624;138 044;33;13;0;1;0;1
202100035625;138 042;2;0;2;1;1;1
202100035625;138 043;7;0;2;2;1;1
202100035626;138 041;10;0;0;8;1;1
202100035627;138 038;7;0;2;8;13;1
202100035627;138 039;7;2;2;8;1;1
202100035627;138 040;7;0;2;1;1;1
202100035628;138 034;7;0;2;3;1;1
202100035628;138 035;7;0;2;8;1;1
202100035628;138 036;7;0;2;1;2;1
202100035628;138 037;7;0;2;4;2;1
202100035629;138 032;7;0;2;2;1;1
202100035629;138 033;7;0;2;1;26;1
202100035630;138 029;7;0;2;3;16;1
202100035630;138 030;33;0;2;2;16;1
202100035631;138 027;7;2;0;6;9;1
202100035631;138 028;7;0;2;1;1;1
202100035632;138 026;33;0;0;0;1;1
202100035633;138 024;7;0;0;1;1;1
202100035633;138 025;7;1;0;4;1;1
202100035634;138 021;10;0;2;3;1;1
202100035634;138 022;7;14;2;3;5;1
202100035634;138 023;7;0;2;6;23;1
202100035635;138 020;33;0;9;0;0;1
202100035636;138 018;31;16;0;0;0;1
202100035637;138 016;2;0;2;3;2;1
202100035637;138 017;7;0;0;5;2;1
202100035638;138 015;1;0;1;2;0;6
202100035639;138 014;7;6;0;1;17;1
202100035640;138 013;2;2;0;0;0;1
202100035641;138 011;7;0;0;4;1;1
202100035641;138 012;10;0;2;1;2;1
202100035642;138 008;7;0;2;4;2;1
202100035642;138 009;7;0;2;1;2;1
202100035642;138 010;7;0;2;4;2;1
202100035643;138 006;34;0;2;3;3;1
202100035643;138 007;7;0;2;5;1;1
202100035644;138 004;7;0;2;4;2;1
202100035644;138 005;7;0;2;1;2;1
202100035645;137 999;7;4;2;1;5;1
202100035645;138 000;7;0;2;1;1;1
202100035645;138 001;17;0;2;2;21;1
202100035645;138 002;7;0;2;2;21;1
202100035645;138 003;7;0;9;1;1;1
202100035646;137 996;7;0;2;1;2;1
202100035646;137 997;7;0;2;4;2;1
202100035646;137 998;10;0;0;4;1;1
202100035647;137 994;7;4;2;4;1;1
202100035647;137 995;7;0;2;1;1;1
202100035648;137 992;17;0;2;2;12;1
202100035648;137 993;7;0;2;4;1;1
202100035649;137 990;7;0;2;1;2;1
202100035649;137 991;7;0;2;4;2;1
202100035650;137 989;33;0;0;0;1;1
202100035651;137 988;33;0;0;0;1;1
202100035652;137 986;7;0;2;4;2;1
202100035652;137 987;7;0;2;2;2;1
202100035653;137 984;33;0;2;1;2;1
202100035653;137 985;7;0;2;4;12;1
202100035654;137 982;34;0;2;1;2;1
202100035654;137 983;7;0;2;4;2;2
202100035655;137 980;7;0;2;6;12;1
202100035655;137 981;33;0;2;1;3;0
202100035656;137 978;7;0;0;0;9;1
202100035656;137 979;32;0;0;0;0;1
202100035657;137 976;7;0;2;2;1;1
202100035657;137 977;7;0;2;3;11;1
202100035658;137 973;31;0;2;8;3;1
202100035658;137 974;7;0;2;7;17;1
202100035658;137 975;7;0;2;6;1;1
202100035659;137 970;17;0;2;6;1;1
202100035659;137 971;33;0;2;3;3;1
202100035659;137 972;7;0;2;7;0;1
202100035660;137 967;7;0;2;4;12;1
202100035660;137 968;7;0;2;7;1;1
202100035660;137 969;33;0;2;9;3;1
202100035661;137 966;7;0;1;0;0;0
202100035662;137 965;43;4;0;8;13;1
202100035663;137 963;10;0;2;4;1;0
202100035663;137 964;7;0;2;1;26;0
202100035664;137 961;32;0;2;2;17;1
202100035664;137 962;7;0;2;3;10;1
202100035665;137 960;7;0;1;2;9;1
202100035666;137 959;7;0;1;0;9;0
202100035667;137 958;0;0;0;0;1;0
202100035668;137 956;2;0;2;1;7;1
202100035668;137 957;7;0;2;3;1;1
202100035669;137 955;7;0;1;1;1;0
202100035670;137 953;37;0;2;8;22;1
202100035670;137 954;7;0;2;1;17;1
202100035671;137 952;7;0;9;2;21;1
202100035672;137 950;31;0;2;1;1;1
202100035672;137 951;10;0;2;7;15;1
202100035673;137 949;7;8;0;1;1;1
202100035674;137 947;10;0;0;1;1;1
202100035674;137 948;1;0;2;4;2;5
202100035675;137 942;7;1;0;6;0;1
202100035675;137 943;7;1;0;2;0;1
202100035675;137 944;7;1;0;8;0;1
202100035675;137 945;7;0;2;8;20;1
202100035675;137 946;7;0;2;1;1;1
202100035676;137 941;33;0;1;0;1;
202100035677;137 940;32;12;1;1;1;1
202100035678;137 939;7;0;1;2;9;0
202100035679;137 937;33;0;2;1;1;1
202100035679;137 938;7;0;2;5;12;1
202100035680;137 935;7;0;2;4;2;1
202100035680;137 936;7;0;2;1;2;1
202100035681;137 933;1;0;2;1;1;5
202100035681;137 934;7;0;2;3;22;1
202100035682;137 931;7;0;2;1;2;1
202100035682;137 932;33;0;2;4;2;1
202100035683;137 929;7;0;2;2;9;1
202100035683;137 930;7;0;2;3;9;1
202100035684;137 927;7;13;2;3;1;1
202100035684;137 928;7;6;2;3;13;1
202100035685;137 926;7;0;1;1;1;1
202100035686;137 924;7;0;2;7;16;1
202100035686;137 925;1;0;2;1;1;5
202100035687;137 923;33;15;0;8;25;1
202100035688;137 921;10;0;2;4;2;1
202100035688;137 922;7;0;2;1;2;1
202100035689;137 919;7;0;2;1;0;1
202100035689;137 920;10;0;2;1;13;1
202100035690;137 917;7;0;2;3;15;1
202100035690;137 918;60;0;2;1;1;5
202100035691;137 916;30;0;1;8;1;1
202100035692;137 914;1;0;2;1;0;5
202100035692;137 915;7;0;2;3;23;1
202100035693;137 912;7;0;2;8;26;1
202100035693;137 913;30;0;2;1;1;1
202100035694;137 909;13;0;2;0;17;1
202100035694;137 910;31;0;2;0;2;1
202100035695;137 907;34;0;2;1;7;1
202100035695;137 908;3;0;0;8;9;1
202100035696;137 905;7;0;2;4;26;1
202100035696;137 906;10;0;2;2;1;1
202100035697;137 904;1;0;1;1;1;5
202100035698;137 903;7;0;1;1;15;1
202100035699;137 901;7;0;2;2;16;1
202100035699;137 902;50;0;2;8;18;3
202100035700;137 899;50;0;2;1;26;3
202100035700;137 900;7;0;2;5;16;1
202100035701;137 896;7;0;2;4;2;1
202100035701;137 897;7;0;2;4;2;1
202100035701;137 898;10;0;2;1;2;1
202100035702;137 895;7;1;0;2;9;1
202100035703;137 893;30;0;2;1;1;1
202100035703;137 894;7;0;2;2;15;1
202100035704;137 892;30;1;0;1;26;1
202100035705;137 890;10;0;2;2;16;1
202100035705;137 891;30;0;2;1;21;1
202100035706;137 888;7;0;2;1;26;6
202100035706;137 889;33;0;2;4;9;6
202100035707;137 886;7;0;2;2;21;1
202100035707;137 887;7;0;2;6;1;1
202100035708;137 883;10;0;2;4;1;1
202100035708;137 884;7;0;2;1;2;1
202100035708;137 885;7;0;2;1;2;1
202100035709;137 881;32;0;2;1;1;1
202100035709;137 882;7;0;2;3;1;1
202100035710;137 879;50;0;2;1;1;3
202100035710;137 880;33;0;9;8;1;1
202100035711;137 878;7;0;1;1;1;1
202100035712;137 876;7;0;2;4;0;1
202100035712;137 877;2;0;2;1;2;1
202100035713;137 875;7;6;0;1;26;1
202100035714;137 873;7;0;2;4;2;1
202100035714;137 874;7;0;2;1;2;1
202100035715;137 872;7;0;1;1;26;1
202100035716;137 870;1;0;2;0;1;5
202100035716;137 871;7;0;2;5;16;1
202100035717;137 868;10;0;2;8;22;1
202100035717;137 869;1;1;0;7;1;5
202100035718;137 867;10;0;1;3;11;1
202100035719;137 865;7;1;0;8;22;2
202100035719;137 866;1;1;0;1;2;6
202100035720;137 863;7;0;2;3;0;1
202100035720;137 864;7;0;2;3;0;1
202100035721;137 861;7;0;2;2;15;1
202100035721;137 862;7;0;2;8;1;1
202100035722;137 860;7;0;0;2;1;1
202100035723;137 858;7;0;2;4;15;1
202100035723;137 859;14;0;2;1;1;1
202100035724;137 856;7;0;2;0;0;1
202100035724;137 857;7;0;2;2;1;1
202100035725;137 855;30;12;0;1;26;1
202100035726;137 854;7;0;1;7;1;1
202100035727;137 852;33;0;2;2;1;1
202100035727;137 853;30;0;2;3;15;1
202100035728;137 850;34;0;2;1;26;1
202100035728;137 851;7;0;2;1;9;1
202100035729;137 848;7;0;2;0;16;0
202100035729;137 849;50;0;2;0;0;0
202100035730;137 846;7;0;2;1;1;1
202100035730;137 847;15;0;2;4;1;1
202100035731;137 844;7;0;0;0;0;1
202100035731;137 845;7;0;2;7;26;1
202100035732;137 842;32;0;2;1;17;0
202100035732;137 843;1;0;2;4;1;5
202100035733;137 840;7;0;2;1;5;1
202100035733;137 841;7;0;2;1;1;1
202100035734;137 838;32;0;2;2;3;1
202100035734;137 839;7;0;2;2;15;1
202100035735;137 837;7;0;1;1;1;1
202100035736;137 835;7;0;2;1;21;1
202100035736;137 836;99;0;2;1;17;1
202100035737;137 833;7;0;2;7;0;1
202100035737;137 834;1;0;2;1;19;5
202100035738;137 831;7;0;2;3;20;1
202100035738;137 832;31;0;2;1;1;1
202100035739;137 828;7;0;2;3;1;1
202100035739;137 829;10;0;2;4;1;1
202100035739;137 830;7;0;2;1;1;1
202100035740;137 824;7;0;2;0;1;
202100035740;137 825;2;0;2;0;0;0
202100035740;137 826;2;0;2;0;0;1
202100035740;137 827;7;0;2;2;2;1
202100035741;137 822;2;0;2;2;15;1
202100035741;137 823;7;0;2;3;1;1
202100035742;137 820;7;0;2;1;1;1
202100035742;137 821;7;0;2;2;1;1
202100035743;137 817;7;0;2;1;2;2
202100035743;137 818;7;0;2;4;2;1
202100035743;137 819;7;0;2;4;23;1
202100035744;137 814;7;0;2;6;1;1
202100035744;137 815;32;0;2;3;17;1
202100035744;137 816;7;0;2;8;1;1
202100035745;137 812;2;0;2;3;15;1
202100035745;137 813;7;0;2;2;17;1
202100035746;137 810;1;0;2;8;1;5
202100035746;137 811;7;0;2;2;17;0
202100035747;137 809;7;0;1;1;15;1
202100035748;137 808;40;0;1;3;1;3
202100035749;137 806;1;0;2;1;1;5
202100035749;137 807;7;0;9;1;15;2
202100035750;137 804;33;0;2;2;15;1
202100035750;137 805;7;0;2;2;1;1
202100035751;137 803;1;0;1;1;1;5
202100035752;137 802;7;0;1;1;16;1
202100035753;137 800;31;0;2;2;1;1
202100035753;137 801;30;0;2;3;9;1
202100035754;137 798;32;0;2;1;2;1
202100035754;137 799;7;0;2;5;2;1
202100035755;137 796;14;0;2;2;14;6
202100035755;137 797;33;4;2;3;3;1
202100035756;137 794;50;0;2;1;1;3
202100035756;137 795;7;0;2;3;1;1
202100035757;137 792;10;0;2;5;14;1
202100035757;137 793;30;0;2;3;1;1
202100035758;137 790;7;0;2;2;16;1
202100035758;137 791;1;0;2;1;1;5
202100035759;137 788;1;0;2;3;18;5
202100035759;137 789;7;0;2;5;22;1
202100035760;137 786;1;0;2;1;1;5
202100035760;137 787;10;0;2;3;15;1
202100035761;137 784;7;0;2;1;2;1
202100035761;137 785;32;0;2;4;23;1
202100035762;137 783;80;0;0;1;1;3
202100035763;137 781;32;0;2;1;13;1
202100035763;137 782;1;0;2;1;1;5
202100035764;137 780;7;0;0;5;22;0
202100035765;137 778;32;0;0;1;1;1
202100035765;137 779;2;0;0;8;1;1
202100035766;137 776;10;0;9;3;2;1
202100035766;137 777;99;0;2;1;7;0
202100035767;137 774;7;1;0;1;1;1
202100035767;137 775;7;1;0;4;24;1
202100035768;137 773;10;0;1;1;15;1
202100035769;137 772;7;0;1;1;16;1
202100035770;137 770;7;1;2;7;1;1
202100035770;137 771;7;0;2;3;24;1
202100035771;137 769;7;0;1;2;26;1
202100035772;137 767;7;0;2;2;1;1
202100035772;137 768;1;0;2;1;19;0
202100035773;137 765;7;0;2;8;1;1
202100035773;137 766;30;0;2;7;17;1
202100035774;137 763;7;0;2;2;16;1
202100035774;137 764;31;0;2;7;1;1
202100035775;137 760;7;0;2;4;4;2
202100035775;137 761;33;0;2;1;2;1
202100035775;137 762;7;0;2;4;20;1
202100035776;137 759;7;0;1;0;26;1
202100035777;137 757;7;0;2;3;16;1
202100035777;137 758;33;0;2;3;16;1
202100035778;137 754;7;0;2;1;26;1
202100035778;137 755;7;0;2;4;1;1
202100035778;137 756;7;0;2;4;1;1
202100035779;137 752;32;0;2;1;2;1
202100035779;137 753;7;0;2;2;15;1
202100035780;137 750;30;0;2;8;16;1
202100035780;137 751;30;0;2;7;16;1
202100035781;137 748;7;0;2;2;16;1
202100035781;137 749;1;0;2;8;1;5
202100035782;137 746;7;0;2;3;9;1
202100035782;137 747;30;0;2;0;0;1
202100035783;137 744;7;0;2;4;23;0
202100035783;137 745;1;0;2;4;26;6
202100035784;137 742;32;0;2;3;0;1
202100035784;137 743;7;0;2;1;15;1
202100035785;137 738;7;0;2;2;1;1
202100035785;137 739;7;0;2;1;5;1
202100035785;137 740;7;0;2;1;1;1
202100035785;137 741;7;0;2;1;1;1
202100035786;137 737;32;0;0;0;21;1
202100035787;137 735;33;0;2;1;17;1
202100035787;137 736;7;0;2;8;15;1
202100035788;137 733;31;0;2;2;1;1
202100035788;137 734;7;0;2;3;9;1
202100035789;137 732;33;8;0;0;1;1
202100035790;137 731;33;14;0;1;1;1
202100035791;137 729;7;3;2;3;1;1
202100035791;137 730;10;3;0;3;1;1
202100035792;137 728;33;0;0;0;21;1
202100035793;137 727;7;0;0;0;1;1
202100035794;137 725;33;0;2;1;1;0
202100035794;137 726;7;0;2;3;9;1
202100035795;137 723;43;0;2;0;11;1
202100035795;137 724;7;0;0;8;2;1
202100035796;137 722;3;0;0;9;0;1
202100035797;137 721;33;3;0;2;1;1
202100035798;137 719;33;0;2;3;2;1
202100035798;137 720;7;0;0;5;15;1
202100035799;137 718;7;0;0;9;0;1
202100035800;137 717;33;15;0;1;1;1
202100035801;137 715;7;0;2;1;13;1
202100035801;137 716;7;0;2;1;1;1
202100035802;137 713;7;0;2;1;5;1
202100035802;137 714;7;0;2;1;1;1
202100035803;137 711;7;0;2;3;1;1
202100035803;137 712;7;0;2;3;1;1
202100035804;137 709;31;0;2;7;3;1
202100035804;137 710;10;0;2;8;11;1
202100035805;137 707;7;0;2;2;0;0
202100035805;137 708;1;0;2;1;0;5
202100035806;137 705;15;0;2;6;2;1
202100035806;137 706;1;0;2;0;9;5
202100035807;137 701;7;0;2;7;15;1
202100035807;137 702;7;0;2;1;1;1
202100035808;137 700;33;0;0;0;0;1
202100035809;137 699;2;0;0;8;15;1
202100035810;137 697;7;0;2;3;1;1
202100035810;137 698;7;0;2;3;13;1
202100035811;137 695;1;0;0;4;9;5
202100035811;137 696;10;0;2;3;1;1
202100035812;137 693;7;0;2;1;1;1
202100035812;137 694;7;0;2;1;1;1
202100035813;137 691;1;0;2;3;1;5
202100035813;137 692;20;0;9;0;26;1
202100035814;137 689;10;0;2;2;1;1
202100035814;137 690;10;0;2;1;1;1
202100035815;137 688;7;8;0;1;1;1
202100035816;137 686;7;0;2;2;1;1
202100035816;137 687;2;0;2;3;15;1
202100035817;137 684;33;0;2;1;1;1
202100035817;137 685;7;0;2;3;1;1
202100035818;137 683;7;6;0;1;1;1
202100035819;137 682;7;0;1;2;1;1
202100035820;137 677;7;0;2;4;1;1
202100035820;137 678;7;0;2;4;1;1
202100035820;137 679;7;0;2;1;1;1
202100035821;137 676;7;6;0;2;15;1
202100035822;137 675;33;0;6;1;1;1
202100035823;137 672;33;13;0;1;1;1
202100035823;137 673;33;13;0;1;1;1
202100035824;137 670;2;0;2;8;13;1
202100035824;137 671;7;0;2;8;1;1
202100035825;137 669;7;15;0;1;0;1
202100035826;137 668;7;15;0;7;1;1
202100035827;137 666;2;0;2;8;9;1
202100035827;137 667;33;0;2;7;1;1
202100035828;137 665;33;0;0;9;1;1
202100035829;137 661;7;0;9;2;2;1
202100035829;137 662;10;0;2;3;2;1
202100035829;137 663;7;0;0;4;2;1
202100035829;137 664;10;0;2;1;2;1
202100035830;137 659;7;0;0;3;1;1
202100035830;137 660;7;0;0;3;1;1
202100035831;137 655;10;0;2;3;1;1
202100035831;137 656;7;14;0;2;21;1
202100035831;137 657;7;8;2;3;1;1
202100035831;137 658;7;0;2;3;21;1
202100035832;137 654;2;13;0;1;1;1
202100035833;137 652;33;0;2;7;16;1
202100035833;137 653;7;0;2;3;9;1
202100035834;137 650;1;0;2;1;1;5
202100035834;137 651;37;0;9;2;15;1
202100035835;137 648;7;0;9;2;1;1
202100035835;137 649;1;0;0;4;9;5
202100035836;137 647;2;0;2;3;0;1
202100035837;137 645;1;0;2;1;19;5
202100035837;137 646;7;0;2;2;16;1
202100035838;137 644;1;0;9;0;1;5
202100035839;137 641;1;0;0;8;19;5
202100035839;137 642;7;0;9;1;15;1
202100035840;137 639;7;0;0;6;9;1
202100035840;137 640;1;0;0;1;9;6
202100035841;137 638;7;0;0;0;1;1
202100035842;137 635;33;0;2;1;2;1
202100035842;137 636;7;0;2;4;2;0
202100035843;137 633;2;0;2;7;1;1
202100035843;137 634;7;0;2;3;9;1
202100035844;137 631;7;4;2;1;1;1
202100035844;137 632;7;0;0;4;1;1
202100035845;137 629;33;0;2;2;2;1
202100035845;137 630;21;0;0;3;2;1
202100035846;137 625;7;0;2;1;23;1
202100035846;137 626;7;0;2;4;23;1
202100035846;137 627;7;0;2;1;2;1
202100035846;137 628;7;0;2;4;23;1
202100035847;137 623;7;0;2;4;1;1
202100035847;137 624;7;0;2;1;1;1
202100035848;137 620;14;0;2;1;2;1
202100035848;137 621;14;0;2;1;2;1
202100035848;137 622;7;0;2;4;2;1
202100035849;137 618;10;0;2;4;2;1
202100035849;137 619;7;0;2;1;2;1
202100035850;137 614;7;0;2;4;2;1
202100035850;137 615;7;0;2;4;2;1
202100035850;137 616;7;0;2;1;2;1
202100035850;137 617;10;0;2;4;2;1
202100035851;137 612;10;0;2;6;1;1
202100035851;137 613;10;0;2;1;12;1
202100035852;137 610;7;0;2;3;11;1
202100035852;137 611;33;0;2;1;3;1
202100035853;137 608;10;0;2;4;1;1
202100035853;137 609;7;0;2;1;2;1
202100035854;137 605;7;0;2;1;2;3
202100035854;137 606;7;0;2;4;2;1
202100035854;137 607;7;0;2;4;2;1
202100035855;137 603;10;0;0;1;2;1
202100035855;137 604;7;0;2;4;2;1
202100035856;137 599;10;0;2;4;2;1
202100035856;137 600;7;0;2;4;2;1
202100035856;137 601;7;0;2;4;2;1
202100035856;137 602;10;0;2;1;2;1
202100035857;137 597;14;0;2;2;12;1
202100035857;137 598;10;0;2;6;1;1
202100035858;137 594;7;0;2;6;2;1
202100035858;137 595;7;0;2;4;2;1
202100035858;137 596;7;0;2;1;2;1
202100035859;137 590;10;0;2;4;2;1
202100035859;137 591;7;0;2;4;2;1
202100035859;137 592;7;0;2;4;2;1
202100035859;137 593;10;0;2;1;2;1
202100035860;137 585;7;0;2;7;12;1
202100035860;137 586;34;0;2;8;3;1
202100035861;137 583;10;0;2;6;11;1
202100035861;137 584;33;0;2;1;3;1
202100035862;137 582;33;0;1;1;1;1
202100035863;137 581;1;0;1;1;19;5
202100035864;137 580;7;0;1;1;1;1
202100035865;137 578;10;16;0;9;14;1
202100035866;137 576;50;0;2;1;5;3
202100035866;137 577;2;0;9;1;1;1
202100035867;137 574;10;0;2;2;1;1
202100035867;137 575;2;0;2;4;1;1
202100035868;137 572;32;0;2;7;1;1
202100035868;137 573;7;0;2;1;1;1
202100035869;137 570;1;0;2;0;26;5
202100035869;137 571;7;0;2;0;15;1
202100035870;137 566;1;0;2;0;2;5
202100035870;137 567;1;0;2;4;2;5
202100035870;137 568;1;0;2;4;2;5
202100035870;137 569;7;0;9;1;18;1
202100035871;137 565;7;4;0;1;26;1
202100035872;137 563;2;14;9;1;1;1
202100035872;137 564;7;0;2;4;9;1
202100035873;137 561;7;0;2;1;17;1
202100035873;137 562;7;0;2;3;15;1
202100035874;137 560;7;0;1;1;19;1
202100035875;137 559;7;14;0;1;13;1
202100035876;137 558;7;1;1;6;20;1
202100035877;137 557;7;0;1;2;1;1
202100035878;137 555;7;0;2;7;1;1
202100035878;137 556;31;0;2;1;9;1
202100035879;137 553;34;0;2;1;3;1
202100035879;137 554;7;0;2;8;15;1
202100035880;137 552;10;0;1;2;15;1
202100035881;137 551;33;0;2;0;1;1
202100035882;137 549;7;0;2;1;17;1
202100035882;137 550;7;0;2;3;1;1
202100035883;137 546;7;0;2;1;1;1
202100035883;137 547;7;0;2;1;1;1
202100035884;137 543;7;0;2;6;19;1
202100035884;137 544;7;0;2;1;1;1
202100035884;137 545;15;0;2;1;1;1
202100035885;137 542;1;0;1;4;1;5
202100035886;137 541;7;0;1;2;1;0
202100035887;137 540;7;8;0;1;14;1
202100035888;137 539;10;0;2;4;20;1
202100035889;137 537;0;0;2;1;0;0
202100035889;137 538;1;0;2;4;0;5
202100035890;137 535;50;0;2;1;5;3
202100035890;137 536;7;0;2;3;1;1
202100035891;137 533;7;0;2;6;15;1
202100035891;137 534;7;0;2;1;1;1
202100035892;137 531;1;0;2;1;1;5
202100035892;137 532;7;0;2;3;9;1
202100035893;137 529;7;0;2;8;15;1
202100035893;137 530;30;0;2;1;17;1
202100035894;137 528;30;0;0;0;21;1
202100035895;137 526;1;0;2;4;2;5
202100035895;137 527;7;0;2;1;26;1
202100035896;137 524;30;0;2;1;19;1
202100035896;137 525;7;0;2;1;19;1
202100035897;137 523;7;0;1;4;4;1
202100035898;137 521;10;0;2;1;1;1
202100035898;137 522;33;0;2;1;1;1
202100035899;137 520;7;0;1;1;1;1
202100035900;137 518;7;0;2;3;1;1
202100035900;137 519;7;1;2;3;1;1
202100035901;137 516;1;0;2;8;19;5
202100035901;137 517;7;0;2;1;9;1
202100035902;137 514;40;0;2;1;1;3
202100035902;137 515;7;0;4;8;15;1
202100035903;137 513;2;12;0;1;14;1
202100035904;137 511;33;0;2;7;1;1
202100035904;137 512;7;0;2;3;1;1
202100035905;137 510;7;15;0;1;14;1
202100035906;137 508;7;1;0;3;1;1
202100035906;137 509;2;0;2;0;2;1
202100035907;137 507;7;1;0;9;20;1
202100035908;137 505;7;0;2;4;2;1
202100035908;137 506;7;0;2;1;2;1
202100035909;137 503;7;0;2;2;2;1
202100035909;137 504;2;0;2;1;16;1
202100035910;137 501;2;0;2;1;2;1
202100035910;137 502;7;0;2;4;2;1
202100035911;137 499;50;0;2;1;1;3
202100035911;137 500;21;0;2;6;24;1
202100035912;137 497;7;0;2;8;16;1
202100035912;137 498;7;0;2;2;1;1
202100035913;137 495;7;0;2;3;1;1
202100035913;137 496;1;0;2;1;9;5
202100035914;137 490;7;0;2;1;15;1
202100035914;137 491;33;0;2;8;1;1
202100035915;137 488;7;0;2;2;16;1
202100035915;137 489;1;0;2;1;1;5
202100035916;137 487;7;1;0;3;13;1
202100035917;137 485;50;0;2;0;1;3
202100035917;137 486;7;0;2;3;9;1
202100035918;137 483;7;0;2;3;15;1
202100035918;137 484;2;0;2;1;1;1
202100035919;137 481;7;0;2;2;9;1
202100035919;137 482;7;0;2;3;1;1
202100035920;137 480;33;16;0;9;26;1
202100035921;137 478;7;0;0;4;1;1
202100035921;137 479;7;0;2;1;2;1
202100035922;137 477;7;15;0;8;13;1
202100035923;137 476;30;0;0;0;26;1
202100035924;137 474;7;0;2;1;13;1
202100035924;137 475;7;0;2;1;1;1
202100035925;137 472;7;0;2;4;2;1
202100035925;137 473;7;0;2;1;2;1
202100035926;137 470;7;0;2;1;13;1
202100035926;137 471;7;0;2;1;1;1
202100035927;137 469;7;10;0;1;1;1
202100035928;137 467;7;0;2;3;15;1
202100035928;137 468;2;0;2;1;5;1
202100035929;137 466;32;0;1;1;1;1
202100035930;137 464;7;0;2;3;5;1
202100035930;137 465;2;0;2;1;2;1
202100035931;137 463;33;3;0;9;17;1
202100035932;137 461;7;0;2;3;9;1
202100035932;137 462;1;0;2;0;0;5
202100035933;137 459;32;0;2;3;15;6