Num_Acc;id_vehicule;categorie_vehicule;obstacle_fixe;obstacle_mobile;point_choc_initial;manoeuvre_principale;motorisation
202100035933;137 460;7;0;2;2;15;0
202100035934;137 458;7;7;0;1;14;1
202100035935;137 456;7;0;2;3;15;1
202100035935;137 457;31;0;2;7;17;1
202100035936;137 452;7;0;2;0;1;1
202100035936;137 453;7;0;2;0;9;1
202100035936;137 454;7;0;0;0;0;1
202100035936;137 455;7;0;0;0;0;0
202100035937;137 449;7;0;2;0;2;0
202100035937;137 450;10;0;2;4;2;1
202100035937;137 451;7;0;2;4;2;1
202100035938;137 447;7;0;2;8;11;1
202100035938;137 448;33;0;2;7;3;1
202100035939;137 445;33;0;2;8;18;1
202100035939;137 446;7;0;2;2;16;1
202100035940;137 443;30;0;2;2;5;1
202100035940;137 444;1;0;2;2;1;5
202100035941;137 442;1;0;1;2;1;5
202100035942;137 440;80;0;2;1;1;3
202100035942;137 441;7;0;2;7;22;1
202100035943;137 438;30;0;2;5;17;1
202100035943;137 439;1;0;2;4;1;5
202100035944;137 436;30;0;2;7;17;3
202100035944;137 437;10;0;2;8;15;6
202100035945;137 434;33;0;2;1;13;1
202100035945;137 435;10;0;2;3;23;1
202100035946;137 431;7;0;2;7;22;1
202100035946;137 432;30;0;2;1;18;1
202100035946;137 433;7;0;2;3;1;1
202100035947;137 429;7;0;2;2;13;1
202100035947;137 430;1;0;2;8;17;5
202100035948;137 428;50;0;0;0;1;3
202100035949;137 426;1;0;2;1;17;5
202100035949;137 427;7;0;2;8;22;2
202100035950;137 424;43;0;2;6;23;1
202100035950;137 425;30;0;2;1;2;1
202100035951;137 422;2;0;2;1;0;1
202100035951;137 423;7;0;2;2;0;1
202100035952;137 420;1;1;0;7;18;5
202100035952;137 421;7;0;2;2;23;1
202100035953;137 418;33;0;2;9;1;1
202100035953;137 419;10;0;2;2;15;1
202100035954;137 416;10;0;2;7;16;1
202100035954;137 417;1;0;0;0;0;5
202100035955;137 414;7;0;2;1;9;1
202100035955;137 415;1;0;2;3;9;5
202100035956;137 412;7;0;2;1;1;1
202100035956;137 413;50;0;2;1;1;3
202100035957;137 410;34;0;2;8;9;1
202100035957;137 411;7;0;2;2;1;1
202100035958;137 409;34;0;1;2;1;1
202100035959;137 407;34;1;0;8;1;1
202100035959;137 408;3;0;2;2;14;1
202100035960;137 405;0;0;2;4;1;3
202100035960;137 406;7;0;9;2;0;1
202100035961;137 403;50;0;2;0;0;3
202100035961;137 404;7;0;9;1;16;1
202100035962;137 401;7;0;2;2;16;0
202100035962;137 402;7;0;2;3;1;0
202100035963;137 399;7;0;2;2;1;1
202100035963;137 400;1;0;2;3;19;5
202100035964;137 397;30;0;2;7;19;1
202100035964;137 398;7;0;2;1;15;1
202100035965;137 396;7;0;1;1;1;1
202100035966;137 394;33;0;2;1;1;1
202100035966;137 395;7;0;2;8;15;1
202100035967;137 392;10;1;2;5;13;1
202100035967;137 393;30;1;2;5;26;1
202100035968;137 390;2;0;2;8;1;1
202100035968;137 391;7;0;2;7;14;1
202100035969;137 389;1;0;1;1;7;5
202100035970;137 387;7;0;2;3;1;1
202100035970;137 388;30;0;2;1;1;1
202100035971;137 385;7;0;2;2;16;1
202100035971;137 386;2;0;2;1;7;1
202100035972;137 383;34;0;2;1;12;1
202100035972;137 384;7;0;2;4;23;1
202100035973;137 382;32;0;1;0;0;0
202100035974;137 380;7;0;2;1;2;1
202100035974;137 381;7;0;2;4;1;1
202100035975;137 379;1;0;0;0;1;5
202100035976;137 378;7;13;0;1;14;1
202100035977;137 376;10;0;2;8;1;1
202100035977;137 377;2;0;2;1;1;1
202100035978;137 374;10;0;2;2;1;1
202100035978;137 375;1;0;2;8;9;5
202100035979;137 372;7;0;2;1;13;1
202100035979;137 373;7;0;2;1;1;1
202100035980;137 370;7;0;2;6;1;1
202100035980;137 371;7;0;2;2;9;1
202100035981;137 368;7;0;2;3;13;1
202100035981;137 369;31;0;0;3;1;1
202100035982;137 366;33;0;2;1;1;1
202100035982;137 367;14;0;2;6;9;1
202100035983;137 365;7;8;0;1;14;1
202100035984;137 363;7;0;2;1;1;1
202100035984;137 364;10;0;2;1;5;1
202100035985;137 361;1;0;2;5;1;5
202100035985;137 362;7;0;9;1;1;1
202100035986;137 360;10;0;1;2;1;1
202100035987;137 359;1;0;0;0;1;5
202100035988;137 357;33;0;2;1;1;1
202100035988;137 358;7;0;2;6;1;1
202100035989;137 356;7;16;0;1;1;1
202100035990;137 355;7;13;0;1;16;1
202100035991;137 353;7;0;2;2;15;1
202100035991;137 354;7;0;2;1;21;2
202100035992;137 352;36;0;0;1;1;1
202100035993;137 350;33;0;2;3;13;1
202100035993;137 351;7;0;2;3;21;1
202100035994;137 349;7;12;9;7;26;1
202100035995;137 347;10;0;2;8;1;1
202100035995;137 348;50;0;2;1;19;3
202100035996;137 346;7;8;0;1;1;1
202100035997;137 344;7;0;2;1;19;1
202100035997;137 345;7;0;2;8;1;1
202100035998;137 342;7;0;2;3;1;1
202100035998;137 343;15;0;0;3;1;1
202100035999;137 340;7;0;2;1;1;1
202100035999;137 341;7;0;2;1;1;1
202100036000;137 338;7;1;0;1;14;1
202100036000;137 339;7;3;2;7;14;1
202100036001;137 336;7;0;2;1;1;1
202100036001;137 337;10;0;2;1;5;1
202100036002;137 332;7;0;2;1;1;1
202100036002;137 333;7;0;2;3;1;1
202100036002;137 334;7;0;2;6;15;1
202100036002;137 335;33;0;2;1;1;1
202100036003;137 331;7;6;0;8;1;1
202100036004;137 328;7;0;2;3;1;1
202100036004;137 329;10;0;2;3;1;1
202100036005;137 326;37;0;2;3;1;1
202100036005;137 327;7;0;2;3;5;0
202100036006;137 325;33;13;0;2;1;1
202100036007;137 324;7;0;1;3;1;2
202100036008;137 323;7;16;0;1;2;1
202100036009;137 321;1;0;2;1;2;5
202100036009;137 322;1;0;2;4;1;5
202100036010;137 320;2;17;0;0;1;1
202100036011;137 318;7;0;0;1;1;1
202100036011;137 319;10;0;2;2;10;1
202100036012;137 317;2;0;0;8;0;1
202100036013;137 315;33;0;2;2;1;1
202100036013;137 316;7;0;2;3;15;1
202100036014;137 314;7;0;1;2;2;1
202100036015;137 312;10;0;2;1;17;1
202100036015;137 313;15;0;2;1;1;1
202100036016;137 310;14;0;2;7;17;1
202100036016;137 311;2;0;2;1;15;1
202100036017;137 309;7;13;0;2;21;1
202100036018;137 307;7;0;0;8;2;1
202100036018;137 308;7;0;0;3;2;1
202100036019;137 306;7;0;1;1;1;1
202100036020;137 304;7;0;2;6;15;1
202100036020;137 305;34;0;2;2;17;0
202100036021;137 301;10;0;2;1;21;1
202100036021;137 302;10;0;2;1;0;1
202100036021;137 303;10;0;2;1;13;1
202100036022;137 299;7;0;2;3;13;1
202100036022;137 300;7;0;2;3;1;1
202100036023;137 297;7;0;2;1;1;1
202100036023;137 298;10;0;2;1;17;1
202100036024;137 296;7;4;0;9;1;1
202100036025;137 293;7;0;2;3;2;1
202100036025;137 294;33;4;2;2;2;1
202100036026;137 291;3;0;2;7;19;1
202100036026;137 292;7;0;2;3;1;1
202100036027;137 289;1;0;2;7;1;5
202100036027;137 290;7;0;2;3;26;1
202100036028;137 287;7;0;2;3;15;1
202100036028;137 288;34;0;0;1;17;1
202100036029;137 285;7;0;2;7;17;1
202100036029;137 286;1;0;2;8;1;5
202100036030;137 283;7;0;2;2;15;1
202100036030;137 284;7;0;2;3;1;1
202100036031;137 281;10;0;0;6;23;1
202100036031;137 282;33;0;2;1;1;1
202100036032;137 280;32;0;0;0;1;1
202100036033;137 279;7;0;1;1;26;1
202100036034;137 277;7;0;2;5;2;1
202100036034;137 278;1;0;2;8;2;5
202100036035;137 275;33;0;2;2;17;1
202100036035;137 276;7;0;2;3;1;1
202100036036;137 274;7;0;0;1;0;1
202100036037;137 272;1;0;2;8;15;5
202100036037;137 273;7;0;0;1;1;1
202100036038;137 270;7;0;2;4;0;3
202100036038;137 271;7;0;2;1;0;1
202100036039;137 269;7;3;0;8;1;1
202100036040;137 267;7;0;2;1;1;2
202100036040;137 268;33;0;2;4;1;1
202100036041;137 264;7;0;2;4;0;1
202100036041;137 265;7;0;2;4;26;1
202100036041;137 266;7;0;2;1;26;1
202100036042;137 262;7;0;2;8;1;1
202100036042;137 263;13;0;2;2;12;1
202100036043;137 259;33;0;2;3;2;1
202100036043;137 260;7;0;9;6;1;1
202100036044;137 257;7;0;2;1;17;1
202100036044;137 258;7;0;2;1;1;1
202100036045;137 255;7;0;2;1;0;0
202100036045;137 256;30;0;2;4;1;1
202100036046;137 253;7;0;2;5;2;1
202100036046;137 254;34;0;2;1;2;1
202100036047;137 251;30;0;2;3;1;1
202100036047;137 252;50;0;2;1;25;3
202100036048;137 250;30;15;0;1;15;1
202100036049;137 249;7;6;0;1;1;1
202100036050;137 247;7;0;2;6;2;1
202100036050;137 248;2;0;0;0;0;1
202100036051;137 245;33;0;2;1;1;1
202100036051;137 246;7;0;2;3;15;1
202100036052;137 244;7;1;0;7;21;1
202100036053;137 241;7;0;2;4;1;1
202100036053;137 242;7;0;2;1;2;1
202100036053;137 243;7;0;2;4;2;1
202100036054;137 239;7;0;2;8;15;1
202100036054;137 240;33;0;2;7;1;1
202100036055;137 234;33;0;2;4;23;1
202100036055;137 235;2;0;2;1;1;1
202100036056;137 233;7;2;0;2;1;1
202100036057;137 229;7;0;2;3;16;1
202100036057;137 230;7;0;2;1;15;1
202100036058;137 228;7;5;1;1;1;1
202100036059;137 226;50;0;2;1;26;3
202100036059;137 227;7;0;9;2;26;1
202100036060;137 224;7;0;2;3;1;1
202100036060;137 225;7;0;2;7;0;1
202100036061;137 223;7;0;1;1;20;1
202100036062;137 221;3;0;2;1;15;0
202100036062;137 222;3;0;2;3;1;0
202100036063;137 219;7;0;9;8;26;1
202100036063;137 220;50;0;2;8;15;3
202100036064;137 217;7;0;9;1;1;1
202100036064;137 218;1;0;2;1;25;5
202100036065;137 216;7;7;0;1;26;1
202100036066;137 214;2;0;2;7;17;1
202100036066;137 215;1;0;2;8;1;5
202100036067;137 213;7;6;0;1;13;1
202100036068;137 211;33;0;2;1;1;1
202100036068;137 212;7;0;2;7;1;1
202100036069;137 210;7;13;0;1;14;1
202100036070;137 209;1;0;0;0;1;5
202100036071;137 207;7;0;2;1;0;0
202100036071;137 208;7;14;2;1;26;0
202100036072;137 206;7;0;1;4;4;1
202100036073;137 204;7;0;2;3;15;1
202100036073;137 205;1;0;2;8;1;5
202100036074;137 201;32;0;2;1;18;1
202100036074;137 202;7;0;2;2;1;1
202100036074;137 203;7;0;2;5;1;1
202100036075;137 199;7;0;2;3;15;1
202100036075;137 200;32;0;2;1;2;1
202100036076;137 197;1;0;2;8;1;5
202100036076;137 198;7;0;2;7;17;0
202100036077;137 195;1;0;2;1;12;5
202100036077;137 196;7;0;2;2;1;1
202100036078;137 193;34;0;2;1;3;0
202100036078;137 194;7;0;2;4;1;1
202100036079;137 192;7;0;1;1;15;1
202100036080;137 190;7;0;0;0;0;1
202100036080;137 191;7;0;0;0;0;1
202100036081;137 188;7;0;2;4;1;1
202100036081;137 189;33;0;2;1;2;1
202100036082;137 187;7;0;1;3;1;1
202100036083;137 185;33;0;2;7;1;1
202100036083;137 186;7;0;2;1;1;1
202100036084;137 184;7;9;0;2;16;1
202100036085;137 182;31;0;2;7;1;1
202100036085;137 183;33;0;0;0;0;0
202100036086;137 180;7;0;9;3;2;1
202100036086;137 181;32;0;2;3;17;1
202100036087;137 178;7;0;2;6;20;1
202100036087;137 179;7;0;2;2;21;1
202100036088;137 174;7;0;2;4;1;1
202100036088;137 175;7;0;2;1;1;1
202100036088;137 176;7;0;2;4;1;1
202100036088;137 177;7;0;2;4;1;1
202100036089;137 172;7;0;2;1;2;2
202100036089;137 173;7;0;2;4;23;1
202100036090;137 170;7;0;2;7;14;1
202100036090;137 171;33;0;2;3;3;1
202100036091;137 168;33;0;2;1;3;1
202100036091;137 169;7;0;2;8;11;1
202100036092;137 166;7;0;2;5;12;1
202100036092;137 167;33;0;2;1;3;1
202100036093;137 163;1;0;2;4;2;5
202100036093;137 164;1;0;2;4;2;5
202100036093;137 165;1;0;2;1;2;5
202100036094;137 162;30;0;1;1;5;1
202100036095;137 160;7;0;2;4;1;1
202100036095;137 161;30;0;2;1;1;3
202100036096;137 158;7;0;2;7;1;3
202100036096;137 159;80;0;2;8;11;3
202100036097;137 156;7;0;2;1;1;1
202100036097;137 157;1;1;2;8;19;5
202100036098;137 154;1;0;2;1;1;5
202100036098;137 155;7;0;2;5;16;2
202100036099;137 153;31;14;0;2;18;1
202100036100;137 151;34;0;2;3;7;1
202100036100;137 152;7;0;2;7;12;1
202100036101;137 149;7;0;2;7;16;1
202100036101;137 150;30;0;2;1;16;1
202100036102;137 148;43;12;0;1;13;1
202100036103;137 146;7;0;2;3;22;1
202100036103;137 147;1;0;2;2;1;5
202100036104;137 145;50;0;1;3;1;3
202100036105;137 143;7;1;0;1;26;1
202100036105;137 144;32;1;0;1;17;1
202100036106;137 141;7;0;2;1;1;1
202100036106;137 142;30;0;2;1;26;1
202100036107;137 139;7;0;2;2;1;1
202100036107;137 140;30;0;2;7;1;1
202100036108;137 138;33;4;0;3;13;1
202100036109;137 137;32;0;1;8;25;0
202100036110;137 134;7;0;2;0;0;1
202100036110;137 135;7;0;2;6;1;1
202100036110;137 136;7;0;2;0;0;0
202100036111;137 133;7;0;1;3;20;1
202100036112;137 131;13;0;2;1;26;1
202100036112;137 132;7;0;2;4;26;1
202100036113;137 129;7;0;2;3;15;1
202100036113;137 130;34;0;2;2;1;1
202100036114;137 126;32;1;2;1;18;1
202100036114;137 127;7;0;2;2;1;3
202100036114;137 128;7;0;2;3;24;1
202100036115;137 125;7;6;0;2;15;1
202100036116;137 124;33;0;0;8;1;1
202100036117;137 122;7;8;2;2;15;1
202100036117;137 123;7;0;2;3;1;1
202100036118;137 121;33;13;0;1;1;1
202100036119;137 119;7;0;2;3;9;1
202100036119;137 120;1;0;2;2;1;5
202100036120;137 118;33;0;0;0;1;1
202100036121;137 116;7;0;2;1;15;1
202100036121;137 117;34;0;2;1;2;1
202100036122;137 114;17;0;2;3;21;1
202100036122;137 115;7;0;2;3;13;1
202100036123;137 112;7;0;2;2;1;0
202100036123;137 113;2;0;2;1;13;1
202100036124;137 111;2;6;0;7;0;1
202100036125;137 110;7;13;0;3;1;1
202100036126;137 108;2;0;2;1;13;1
202100036126;137 109;7;0;2;1;1;1
202100036127;137 107;1;0;5;4;0;0
202100036128;137 105;7;0;0;7;15;1
202100036128;137 106;38;0;2;2;1;1
202100036129;137 104;7;13;0;2;1;1
202100036130;137 099;15;0;0;0;1;1
202100036130;137 100;7;0;9;6;5;1
202100036130;137 101;7;0;2;1;5;1
202100036130;137 102;7;0;9;0;5;1
202100036130;137 103;7;0;9;1;5;1
202100036131;137 098;7;2;0;7;13;1
202100036132;137 096;7;14;2;8;6;1
202100036132;137 097;13;0;0;8;1;1
202100036133;137 095;36;15;0;1;0;1
202100036134;137 093;1;0;2;2;19;5
202100036134;137 094;7;0;0;8;1;1
202100036135;137 092;7;8;0;8;13;1
202100036136;137 091;1;0;0;0;1;5
202100036137;137 090;33;7;0;2;1;1
202100036138;137 088;33;8;0;7;21;1
202100036138;137 089;7;0;0;0;9;0
202100036139;137 086;7;0;2;7;15;1
202100036139;137 087;1;0;2;1;18;5
202100036140;137 084;7;0;0;8;15;1
202100036140;137 085;2;0;2;1;1;1
202100036141;137 083;17;0;1;0;1;1
202100036142;137 080;1;0;2;0;2;5
202100036142;137 081;1;0;2;0;1;5
202100036142;137 082;1;0;2;4;17;5
202100036143;137 078;7;0;2;8;15;1
202100036143;137 079;2;0;2;1;1;1
202100036144;137 077;33;4;0;7;1;1
202100036145;137 076;1;0;0;0;26;5
202100036146;137 074;7;0;2;1;13;1
202100036146;137 075;7;0;2;1;0;1
202100036147;137 072;7;0;2;1;1;1
202100036147;137 073;7;0;2;3;16;1
202100036148;137 070;13;0;2;3;1;1
202100036148;137 071;7;0;2;3;1;1
202100036149;137 069;33;0;0;8;1;1
202100036150;137 068;15;0;0;0;1;1
202100036151;137 067;31;2;0;1;0;1
202100036152;137 065;7;0;2;1;2;1
202100036152;137 066;7;0;0;4;15;1
202100036153;137 064;7;8;0;2;21;1
202100036154;137 063;2;13;0;1;14;1
202100036155;137 062;7;2;0;3;1;1
202100036156;137 060;7;0;0;6;15;1
202100036156;137 061;7;0;0;2;1;1
202100036157;137 059;7;1;0;0;2;1
202100036158;137 058;33;0;0;9;2;1
202100036159;137 057;7;4;0;1;9;1
202100036160;137 055;10;0;2;1;15;1
202100036160;137 056;7;0;2;1;1;1
202100036161;137 054;7;0;0;0;1;1
202100036162;137 053;7;17;0;3;1;1
202100036163;137 051;1;0;2;0;1;5
202100036163;137 052;7;0;9;3;1;1
202100036164;137 049;7;0;0;3;15;1
202100036164;137 050;15;0;2;2;1;1
202100036165;137 048;7;9;9;7;26;1
202100036166;137 045;7;13;0;9;17;1
202100036167;137 043;10;0;2;2;2;1
202100036167;137 044;15;0;0;0;1;1
202100036168;137 041;33;0;2;1;17;1
202100036168;137 042;7;0;2;6;15;1
202100036169;137 039;2;0;2;1;1;1
202100036169;137 040;7;0;0;3;1;1
202100036170;137 037;7;0;2;6;15;2
202100036170;137 038;33;0;2;1;2;1
202100036171;137 036;33;0;5;1;1;1
202100036172;137 035;10;13;0;2;2;1
202100036173;137 033;2;0;2;1;2;1
202100036173;137 034;7;0;0;4;1;1
202100036174;137 032;10;0;1;1;1;1
202100036175;137 031;7;17;0;3;13;1
202100036176;137 030;7;2;0;7;14;1
202100036177;137 028;1;0;2;1;0;5
202100036177;137 029;7;0;9;2;0;1
202100036178;137 026;7;0;0;8;1;1
202100036178;137 027;33;0;2;8;17;1
202100036179;137 024;7;0;2;1;13;1
202100036179;137 025;7;0;2;1;1;1
202100036180;137 022;2;0;2;1;1;1
202100036180;137 023;7;0;2;2;15;1
202100036181;137 020;7;6;0;1;24;1
202100036181;137 021;7;1;0;1;1;1
202100036182;137 018;7;0;2;1;1;1
202100036182;137 019;7;0;2;1;13;1
202100036183;137 016;7;0;2;7;19;1
202100036183;137 017;7;0;2;1;1;1
202100036184;137 015;38;0;1;7;20;1
202100036185;137 013;7;0;2;2;20;1
202100036185;137 014;2;0;2;1;1;1
202100036186;137 012;33;0;0;7;6;1
202100036187;137 010;7;0;2;2;9;1
202100036187;137 011;31;0;2;7;17;1
202100036188;137 009;7;13;0;1;0;1
202100036189;137 008;32;14;0;8;26;1
202100036190;137 006;7;0;2;4;1;1
202100036190;137 007;7;0;2;1;1;1
202100036191;137 004;10;0;2;6;1;1
202100036191;137 005;33;3;2;3;17;1
202100036192;136 999;7;0;2;4;2;1
202100036192;137 000;7;0;2;4;1;1
202100036192;137 001;14;0;2;1;1;1
202100036192;137 002;7;0;2;4;1;1
202100036192;137 003;7;0;2;4;1;1
202100036193;136 997;33;0;2;1;1;1
202100036193;136 998;7;0;2;4;26;1
202100036194;136 994;7;0;2;1;2;1
202100036194;136 995;7;0;2;1;2;1
202100036194;136 996;7;0;2;4;2;1
202100036195;136 990;7;0;2;4;2;1
202100036195;136 991;32;0;2;1;2;1
202100036196;136 989;7;4;0;1;26;1
202100036197;136 987;7;0;2;1;2;1
202100036197;136 988;7;0;0;0;0;1
202100036198;136 985;7;0;0;4;2;1
202100036198;136 986;10;0;2;1;1;1
202100036199;136 983;33;0;2;1;3;1
202100036199;136 984;7;0;2;4;2;1
202100036200;136 981;7;0;2;5;2;1
202100036200;136 982;33;0;2;3;12;1
202100036201;136 980;7;4;0;1;1;1
202100036202;136 978;7;0;2;2;0;1
202100036202;136 979;7;0;0;6;0;1
202100036203;136 977;31;4;0;0;26;1
202100036204;136 975;7;0;2;2;2;1
202100036204;136 976;33;0;2;4;1;1
202100036205;136 973;7;0;2;4;2;1
202100036205;136 974;7;0;2;1;2;1
202100036206;136 970;7;0;2;1;2;1
202100036206;136 971;7;0;2;4;2;1
202100036206;136 972;7;0;2;4;2;1
202100036207;136 968;7;0;2;1;2;1
202100036207;136 969;7;0;2;4;2;1
202100036208;136 967;7;4;0;3;9;1
202100036209;136 965;7;0;2;5;1;1
202100036209;136 966;33;0;2;1;3;1
202100036210;136 962;7;0;2;1;1;1
202100036210;136 963;7;0;2;4;9;1
202100036210;136 964;7;0;2;4;1;1
202100036211;136 960;14;0;2;3;1;1
202100036211;136 961;7;4;2;9;1;1
202100036212;136 959;7;0;1;0;1;1
202100036213;136 958;7;0;1;1;1;1
202100036214;136 956;32;0;2;6;26;1
202100036214;136 957;7;0;2;1;0;1
202100036215;136 955;7;0;1;3;15;1
202100036216;136 954;7;12;0;1;1;1
202100036217;136 952;2;0;2;1;1;1
202100036217;136 953;10;0;9;2;16;1
202100036218;136 950;7;0;2;1;1;1
202100036218;136 951;7;0;2;8;1;1
202100036219;136 949;50;0;1;1;25;3
202100036220;136 947;7;0;2;1;15;1
202100036220;136 948;1;0;2;1;1;5
202100036221;136 945;7;0;2;1;1;1
202100036221;136 946;7;0;2;1;1;1
202100036222;136 943;33;0;2;1;7;1
202100036222;136 944;7;0;2;2;16;2
202100036223;136 941;1;0;2;1;1;5
202100036223;136 942;7;0;2;3;15;1
202100036224;136 939;32;0;2;5;1;1
202100036224;136 940;10;0;2;1;16;1
202100036225;136 935;7;0;2;8;1;1
202100036225;136 936;7;0;2;3;13;1
202100036225;136 937;7;0;2;1;1;1
202100036226;136 933;7;0;2;1;13;1
202100036226;136 934;7;0;2;1;0;1
202100036227;136 932;7;0;1;1;1;1
202100036228;136 930;7;0;2;3;1;1
202100036228;136 931;7;0;2;3;1;1
202100036229;136 926;60;0;2;0;0;5
202100036229;136 927;7;0;9;3;9;1
202100036230;136 924;33;0;2;2;17;1
202100036230;136 925;7;0;2;3;10;1
202100036231;136 923;7;0;1;5;1;1
202100036232;136 919;33;0;2;1;2;1
202100036232;136 920;7;0;2;6;23;1
202100036233;136 917;10;0;2;3;15;1
202100036233;136 918;7;0;2;7;1;1
202100036234;136 915;30;0;2;3;26;1
202100036234;136 916;7;0;2;3;9;1
202100036235;136 913;10;0;2;2;26;1
202100036235;136 914;2;0;2;1;0;1
202100036236;136 912;7;0;1;2;1;1
202100036237;136 911;33;0;1;2;26;1
202100036238;136 909;2;0;2;1;1;1
202100036238;136 910;7;0;2;8;1;1
202100036239;136 907;7;0;2;2;2;1
202100036239;136 908;1;0;2;4;1;5
202100036240;136 905;1;0;2;1;1;5
202100036240;136 906;7;0;2;6;9;1
202100036241;136 903;7;0;2;7;1;1
202100036241;136 904;30;0;2;8;11;0
202100036242;136 902;7;1;0;0;0;1
202100036243;136 899;10;0;2;3;1;1
202100036243;136 900;30;0;2;1;1;1
202100036243;136 901;7;0;2;1;13;1
202100036244;136 895;33;0;2;1;1;1
202100036244;136 896;7;0;2;8;15;1
202100036245;136 892;7;0;2;2;0;1
202100036245;136 893;7;0;2;8;1;1
202100036245;136 894;7;0;2;1;5;1
202100036246;136 890;10;0;2;5;15;1
202100036246;136 891;33;0;2;1;1;1
202100036247;136 888;7;0;2;3;15;0
202100036247;136 889;30;0;2;7;17;1
202100036248;136 887;34;0;0;0;1;1
202100036249;136 886;7;15;0;0;14;1
202100036250;136 884;7;0;2;2;1;1
202100036250;136 885;30;0;2;3;26;1
202100036251;136 883;30;3;0;1;1;1
202100036252;136 879;7;0;2;3;9;1
202100036252;136 880;7;0;2;7;1;1
202100036253;136 877;2;0;2;1;19;1
202100036253;136 878;10;0;2;1;1;1
202100036254;136 875;7;0;2;1;15;1
202100036254;136 876;7;0;2;1;1;1
202100036255;136 874;7;0;1;3;0;0
202100036256;136 872;7;0;2;8;1;1
202100036256;136 873;7;0;2;1;15;1
202100036257;136 871;7;13;0;9;6;1
202100036258;136 870;10;0;1;2;16;1
202100036259;136 867;7;0;2;6;11;1
202100036259;136 868;33;0;2;2;3;1
202100036260;136 865;7;0;2;8;1;1
202100036260;136 866;10;0;2;2;12;1
202100036261;136 863;7;0;2;1;2;1
202100036261;136 864;7;0;2;4;2;1
202100036262;136 861;7;0;2;3;1;1
202100036262;136 862;7;0;2;5;12;1
202100036263;136 858;7;0;2;8;2;2
202100036263;136 859;7;0;2;8;2;1
202100036263;136 860;7;0;2;2;13;0
202100036264;136 856;1;0;2;2;9;5
202100036264;136 857;7;0;2;3;1;0
202100036265;136 854;80;0;2;2;1;3
202100036265;136 855;7;0;2;3;22;1
202100036266;136 852;50;0;2;1;1;3
202100036266;136 853;1;0;2;2;5;5
202100036267;136 850;43;0;2;1;2;1
202100036267;136 851;43;0;2;4;23;1
202100036268;136 848;10;0;2;3;22;1
202100036268;136 849;1;0;2;1;1;5
202100036269;136 847;50;0;0;7;1;3
202100036270;136 846;60;0;0;0;14;5
202100036271;136 845;7;9;0;0;1;1
202100036272;136 844;10;0;1;1;0;0
202100036273;136 842;7;0;2;6;9;0
202100036273;136 843;7;0;2;2;1;1
202100036274;136 840;7;0;2;1;1;1
202100036274;136 841;7;0;2;2;15;1
202100036275;136 838;32;0;2;4;2;1
202100036275;136 839;7;0;2;1;2;1
202100036276;136 836;7;0;2;3;13;1
202100036276;136 837;7;0;2;3;1;1
202100036277;136 833;7;0;2;1;2;1
202100036277;136 834;7;0;2;4;1;1
202100036277;136 835;7;0;2;4;2;1
202100036278;136 832;31;0;1;1;17;0
202100036279;136 830;33;0;2;0;0;1
202100036279;136 831;10;0;2;1;26;1
202100036280;136 828;10;0;2;2;15;1
202100036280;136 829;7;0;2;3;1;1
202100036281;136 827;30;2;0;1;25;1
202100036282;136 825;7;0;2;3;16;1
202100036282;136 826;2;0;2;1;2;1
202100036283;136 823;7;0;2;1;2;1
202100036283;136 824;7;9;0;4;23;1
202100036284;136 822;7;0;1;3;26;2
202100036285;136 820;7;0;2;3;10;1
202100036285;136 821;1;0;2;1;1;5
202100036286;136 819;7;0;1;1;11;1
202100036287;136 818;7;8;1;5;20;1
202100036288;136 817;36;4;0;6;15;1
202100036289;136 815;30;0;2;1;1;1
202100036289;136 816;7;0;2;8;1;1
202100036290;136 813;7;0;0;6;1;1
202100036290;136 814;7;0;2;2;1;2
202100036291;136 812;21;13;0;0;0;1
202100036292;136 811;7;8;0;5;26;1
202100036293;136 810;7;13;0;1;1;1
202100036294;136 809;7;13;0;7;1;1
202100036295;136 808;7;0;1;1;1;1
202100036296;136 807;7;2;0;1;0;1
202100036297;136 806;7;15;0;3;13;1
202100036298;136 804;10;13;2;7;1;1
202100036298;136 805;7;3;2;1;9;1
202100036299;136 802;10;6;2;1;13;1
202100036299;136 803;7;6;2;1;1;1
202100036300;136 800;2;14;0;0;21;1
202100036300;136 801;1;0;0;0;16;5
202100036301;136 799;33;3;0;1;1;1
202100036302;136 797;7;0;2;1;1;1
202100036302;136 798;7;0;2;1;5;1
202100036303;136 796;7;0;0;9;1;1
202100036304;136 794;7;0;2;8;13;1
202100036304;136 795;33;0;2;7;17;1
202100036305;136 793;33;12;0;1;1;1
202100036306;136 790;1;0;0;8;1;5
202100036306;136 791;1;0;2;3;1;5
202100036306;136 792;7;0;2;2;19;1
202100036307;136 788;7;0;2;2;1;1
202100036307;136 789;2;0;2;1;5;1
202100036308;136 785;7;3;0;4;1;1
202100036308;136 786;10;0;2;2;11;1
202100036309;136 784;32;13;0;8;1;1
202100036310;136 783;7;6;0;1;1;1
202100036311;136 782;7;13;0;2;1;1
202100036312;136 780;7;0;2;1;1;1
202100036312;136 781;7;0;2;1;1;1
202100036313;136 779;7;2;0;1;1;1
202100036314;136 778;2;0;0;8;1;1
202100036315;136 777;7;13;0;1;1;1
202100036316;136 775;33;0;2;3;18;1
202100036316;136 776;33;0;2;7;1;1
202100036317;136 774;7;13;0;0;1;1
202100036318;136 773;10;2;0;1;1;1
202100036319;136 770;7;8;0;1;1;1
202100036320;136 769;7;13;0;0;1;1
202100036321;136 767;2;0;0;8;1;1
202100036321;136 768;7;0;2;1;1;1
202100036322;136 766;33;13;0;1;1;1
202100036323;136 764;7;0;2;3;1;1
202100036323;136 765;7;0;2;3;1;1
202100036324;136 762;7;0;2;1;17;1