Num_Acc;id_vehicule;categorie_vehicule;obstacle_fixe;obstacle_mobile;point_choc_initial;manoeuvre_principale;motorisation
202100036324;136 763;7;0;2;3;1;1
202100036325;136 761;1;13;0;2;1;5
202100036326;136 759;33;0;2;1;14;1
202100036326;136 760;7;0;2;5;15;1
202100036327;136 757;33;0;2;1;17;1
202100036327;136 758;7;0;2;4;2;1
202100036328;136 756;33;6;0;1;21;1
202100036329;136 753;7;0;2;6;2;1
202100036329;136 754;7;0;2;1;2;1
202100036329;136 755;7;0;2;1;1;1
202100036330;136 752;31;15;0;1;1;1
202100036331;136 751;7;13;0;2;0;1
202100036332;136 750;34;0;6;1;1;1
202100036333;136 749;33;16;0;1;1;1
202100036334;136 747;99;0;0;6;1;1
202100036334;136 748;7;0;2;1;17;1
202100036335;136 745;10;0;0;1;2;1
202100036335;136 746;7;0;2;4;2;1
202100036336;136 744;7;4;0;1;11;1
202100036337;136 743;2;13;0;0;1;1
202100036338;136 742;7;0;1;7;1;1
202100036339;136 741;7;1;0;8;1;1
202100036340;136 740;7;0;0;1;26;1
202100036341;136 739;31;0;0;0;16;1
202100036342;136 737;33;0;2;8;1;1
202100036342;136 738;7;0;2;7;17;1
202100036343;136 735;7;0;2;3;15;1
202100036343;136 736;7;0;2;1;1;1
202100036344;136 734;33;6;0;7;1;1
202100036345;136 732;7;0;2;3;13;1
202100036345;136 733;33;0;2;1;1;1
202100036346;136 730;33;0;2;8;1;1
202100036346;136 731;7;0;2;2;15;1
202100036347;136 728;7;0;2;3;13;1
202100036347;136 729;33;0;2;1;1;1
202100036348;136 726;7;0;2;1;21;1
202100036348;136 727;7;0;2;1;21;1
202100036349;136 725;33;0;0;7;1;1
202100036350;136 723;7;0;0;6;23;1
202100036350;136 724;7;0;2;1;1;1
202100036351;136 720;37;0;2;1;2;1
202100036351;136 721;7;0;2;4;2;1
202100036351;136 722;7;0;2;4;1;1
202100036352;136 718;7;0;2;1;2;1
202100036352;136 719;7;0;2;4;9;1
202100036353;136 715;7;14;0;1;2;1
202100036353;136 716;7;14;0;1;2;1
202100036353;136 717;7;3;0;1;2;1
202100036354;136 714;33;16;0;0;9;1
202100036355;136 712;7;0;2;6;1;1
202100036355;136 713;7;0;2;2;1;1
202100036356;136 710;7;0;2;8;21;1
202100036356;136 711;33;0;2;7;1;1
202100036357;136 708;33;0;2;1;2;1
202100036357;136 709;7;0;2;5;1;1
202100036358;136 706;7;3;0;4;1;1
202100036358;136 707;7;0;2;1;2;1
202100036359;136 705;7;0;1;1;1;1
202100036360;136 704;7;0;1;5;1;1
202100036361;136 703;7;0;1;3;1;1
202100036362;136 701;7;0;2;3;1;1
202100036362;136 702;7;0;2;3;1;1
202100036363;136 700;7;0;1;1;2;1
202100036364;136 699;10;0;1;1;1;1
202100036365;136 698;7;0;1;1;1;1
202100036366;136 697;7;9;0;1;0;1
202100036367;136 695;7;0;2;4;1;1
202100036367;136 696;31;0;2;1;1;1
202100036368;136 693;1;0;4;4;19;5
202100036368;136 694;40;0;2;1;1;3
202100036369;136 692;0;0;1;0;0;0
202100036370;136 690;7;0;2;7;16;1
202100036370;136 691;1;0;2;1;2;0
202100036371;136 689;7;0;1;1;16;1
202100036372;136 687;7;0;2;5;1;0
202100036372;136 688;7;0;2;2;18;0
202100036373;136 686;7;0;1;1;1;1
202100036374;136 684;7;0;2;6;9;1
202100036374;136 685;7;0;2;5;1;1
202100036375;136 682;7;0;2;2;15;1
202100036375;136 683;7;0;2;1;0;1
202100036376;136 680;43;0;2;4;13;1
202100036376;136 681;10;0;2;1;1;1
202100036377;136 679;7;1;2;1;1;1
202100036378;136 678;99;6;0;1;26;0
202100036379;136 676;7;0;2;3;19;1
202100036379;136 677;7;0;2;2;1;1
202100036380;136 674;33;0;2;7;1;1
202100036380;136 675;7;0;2;1;9;1
202100036381;136 672;21;0;2;8;15;1
202100036381;136 673;13;0;2;1;17;1
202100036382;136 670;7;0;2;1;1;1
202100036382;136 671;7;12;2;4;13;1
202100036383;136 669;35;0;0;0;1;1
202100036384;136 667;32;0;2;9;1;1
202100036384;136 668;7;0;2;4;1;3
202100036385;136 665;31;0;2;1;1;1
202100036385;136 666;7;0;2;3;15;1
202100036386;136 664;7;1;1;3;17;1
202100036387;136 662;33;0;2;1;17;1
202100036387;136 663;7;0;2;1;15;1
202100036388;136 661;7;0;1;1;15;1
202100036389;136 659;10;0;2;1;12;1
202100036389;136 660;7;0;2;4;1;2
202100036390;136 658;7;15;0;1;26;1
202100036391;136 656;7;0;2;1;13;1
202100036391;136 657;7;0;2;1;1;1
202100036392;136 655;7;0;1;3;0;1
202100036393;136 653;7;0;2;1;2;1
202100036393;136 654;7;0;2;4;2;1
202100036394;136 650;7;0;2;1;2;1
202100036394;136 651;7;0;2;4;2;1
202100036394;136 652;7;0;2;4;2;1
202100036395;136 646;7;10;2;1;13;1
202100036395;136 647;7;0;2;5;21;1
202100036395;136 648;7;10;2;7;21;1
202100036395;136 649;7;0;2;6;21;1
202100036396;136 644;31;0;2;6;1;1
202100036396;136 645;7;0;2;3;15;1
202100036397;136 642;1;0;2;0;19;5
202100036397;136 643;7;0;2;0;1;1
202100036398;136 640;7;0;2;1;13;1
202100036398;136 641;7;0;2;1;0;1
202100036399;136 638;7;0;2;1;1;1
202100036399;136 639;7;0;2;1;9;1
202100036400;136 637;7;0;1;3;1;1
202100036401;136 636;30;0;0;0;1;3
202100036402;136 633;7;0;2;3;13;1
202100036402;136 634;7;0;2;3;1;2
202100036402;136 635;7;0;2;3;1;1
202100036403;136 631;7;0;2;1;2;1
202100036403;136 632;33;0;2;4;1;1
202100036404;136 629;10;0;2;1;19;0
202100036404;136 630;10;0;2;7;1;1
202100036405;136 628;10;0;1;1;1;
202100036406;136 627;7;0;1;4;20;1
202100036407;136 625;1;0;2;1;25;5
202100036407;136 626;7;0;2;6;16;1
202100036408;136 623;1;0;2;1;25;5
202100036408;136 624;7;0;2;7;23;1
202100036409;136 620;7;0;2;1;1;2
202100036409;136 621;7;0;2;1;23;1
202100036409;136 622;7;0;2;8;1;1
202100036410;136 618;10;0;2;4;1;1
202100036410;136 619;15;0;2;1;2;1
202100036411;136 616;7;0;9;3;10;1
202100036411;136 617;33;0;2;1;1;1
202100036412;136 614;7;0;2;8;16;1
202100036412;136 615;7;0;2;7;1;1
202100036413;136 613;7;0;1;1;1;0
202100036414;136 612;10;0;1;1;26;1
202100036415;136 611;7;0;1;1;1;1
202100036416;136 609;7;0;2;1;1;1
202100036416;136 610;33;0;2;4;1;1
202100036417;136 608;10;0;1;1;1;1
202100036418;136 606;2;0;0;0;0;1
202100036418;136 607;7;0;2;2;26;1
202100036419;136 605;7;14;0;3;1;1
202100036420;136 604;30;0;0;3;26;1
202100036421;136 602;7;0;2;1;26;1
202100036421;136 603;10;0;2;4;26;1
202100036422;136 601;80;0;0;2;26;3
202100036423;136 600;2;0;0;3;26;1
202100036424;136 599;1;0;1;1;19;5
202100036425;136 598;10;0;1;1;15;0
202100036426;136 596;7;0;2;1;15;1
202100036426;136 597;1;0;2;3;19;5
202100036427;136 594;1;0;2;5;9;5
202100036427;136 595;7;0;2;3;1;1
202100036428;136 593;7;12;0;1;16;1
202100036429;136 591;7;0;2;4;23;1
202100036429;136 592;1;0;2;1;1;5
202100036430;136 590;10;6;0;1;0;1
202100036431;136 588;1;0;2;4;1;5
202100036431;136 589;7;0;2;2;16;1
202100036432;136 584;7;0;2;1;2;1
202100036432;136 585;7;0;2;4;2;1
202100036432;136 586;7;0;2;4;2;1
202100036432;136 587;7;0;2;4;2;1
202100036433;136 582;7;0;2;3;1;1
202100036433;136 583;31;0;2;1;15;3
202100036434;136 581;7;0;1;1;26;1
202100036435;136 580;7;0;1;2;15;1
202100036436;136 578;1;0;2;2;17;5
202100036436;136 579;10;0;2;3;15;1
202100036437;136 576;7;0;0;7;1;1
202100036437;136 577;7;0;2;1;9;1
202100036438;136 574;7;0;2;3;1;1
202100036438;136 575;7;0;2;3;13;1
202100036439;136 571;7;0;2;7;1;1
202100036439;136 572;7;0;2;6;2;1
202100036439;136 573;7;0;2;2;9;0
202100036440;136 570;7;0;1;3;1;1
202100036441;136 568;33;5;2;7;17;1
202100036441;136 569;7;5;2;8;1;1
202100036442;136 566;7;0;2;4;1;1
202100036442;136 567;33;0;2;1;1;1
202100036443;136 564;2;0;2;1;1;1
202100036443;136 565;7;0;2;1;15;1
202100036444;136 562;33;0;2;7;1;1
202100036444;136 563;10;0;2;3;1;1
202100036445;136 559;34;0;2;2;17;1
202100036445;136 560;7;0;2;3;2;1
202100036445;136 561;7;0;2;3;21;1
202100036446;136 557;7;8;2;2;15;1
202100036446;136 558;7;0;2;0;0;1
202100036447;136 555;34;0;2;3;1;1
202100036447;136 556;7;0;2;2;26;1
202100036448;136 552;30;0;2;9;17;1
202100036448;136 553;30;0;2;8;1;1
202100036448;136 554;7;0;2;1;1;1
202100036449;136 550;30;0;2;6;19;0
202100036449;136 551;30;0;2;1;5;0
202100036450;136 548;50;0;2;7;1;3
202100036450;136 549;10;0;2;0;0;1
202100036451;136 546;7;0;2;3;13;1
202100036451;136 547;7;0;2;2;1;1
202100036452;136 543;7;0;2;1;26;1
202100036452;136 544;2;14;0;4;26;1
202100036452;136 545;15;0;2;4;26;1
202100036453;136 540;7;0;2;3;9;1
202100036453;136 541;17;0;2;2;1;1
202100036453;136 542;7;0;2;7;17;1
202100036454;136 539;7;0;1;2;16;1
202100036455;136 537;7;0;2;2;1;1
202100036455;136 538;7;12;1;1;6;1
202100036456;136 534;7;0;2;3;9;1
202100036456;136 535;34;0;2;2;1;1
202100036456;136 536;10;0;2;3;1;1
202100036457;136 532;10;0;2;1;1;1
202100036457;136 533;7;15;2;7;15;1
202100036458;136 530;7;0;2;3;15;1
202100036458;136 531;34;0;2;7;17;1
202100036459;136 528;7;0;2;1;5;1
202100036459;136 529;7;0;2;1;1;1
202100036460;136 526;7;0;2;1;2;1
202100036460;136 527;7;0;2;4;2;1
202100036461;136 525;7;0;1;8;1;1
202100036462;136 524;7;8;0;1;1;2
202100036463;136 522;33;0;2;1;1;1
202100036463;136 523;7;0;2;8;10;2
202100036464;136 520;10;0;2;5;1;1
202100036464;136 521;30;0;0;8;3;1
202100036465;136 518;7;0;2;1;1;2
202100036465;136 519;50;0;2;7;19;3
202100036466;136 517;7;0;1;1;1;2
202100036467;136 515;7;0;2;4;2;1
202100036467;136 516;7;0;2;1;2;1
202100036468;136 514;3;0;1;5;4;3
202100036469;136 512;32;0;2;8;1;1
202100036469;136 513;1;0;2;3;15;5
202100036470;136 510;30;0;2;3;18;3
202100036470;136 511;7;0;2;7;1;1
202100036471;136 509;33;0;2;1;17;1
202100036472;136 507;30;0;2;2;16;1
202100036472;136 508;7;0;2;0;15;1
202100036473;136 505;7;0;2;4;23;1
202100036473;136 506;32;0;2;1;2;1
202100036474;136 504;32;0;1;3;1;1
202100036475;136 502;34;0;2;1;2;1
202100036475;136 503;10;0;2;6;23;1
202100036476;136 500;10;0;2;5;4;1
202100036476;136 501;2;0;2;1;1;1
202100036477;136 499;99;0;0;0;1;3
202100036478;136 498;32;12;1;1;0;1
202100036479;136 497;7;0;1;1;26;0
202100036480;136 495;2;0;2;3;1;1
202100036480;136 496;7;0;2;0;10;1
202100036481;136 494;10;0;1;1;15;1
202100036482;136 492;34;9;2;1;1;1
202100036482;136 493;37;9;2;8;15;1
202100036483;136 490;7;1;0;1;17;1
202100036483;136 491;33;0;2;1;0;1
202100036484;136 488;99;0;2;7;22;0
202100036484;136 489;1;0;2;1;18;6
202100036485;136 486;33;0;2;1;19;1
202100036485;136 487;60;0;2;1;0;5
202100036486;136 484;31;0;2;3;15;1
202100036486;136 485;30;0;2;3;1;1
202100036487;136 482;1;0;2;1;2;0
202100036487;136 483;30;0;9;1;12;1
202100036488;136 480;7;0;2;8;9;1
202100036488;136 481;10;0;2;1;1;1
202100036489;136 478;30;0;2;1;1;1
202100036489;136 479;10;0;2;2;1;0
202100036490;136 477;30;0;1;1;1;1
202100036491;136 475;1;0;2;1;19;5
202100036491;136 476;30;0;2;1;1;1
202100036492;136 473;10;0;2;4;1;1
202100036492;136 474;2;0;2;1;2;1
202100036493;136 472;30;0;2;1;25;1
202100036494;136 470;80;0;2;7;2;3
202100036494;136 471;7;0;2;3;2;1
202100036495;136 469;80;0;1;8;1;3
202100036496;136 468;33;0;1;1;16;1
202100036497;136 466;1;1;2;6;19;5
202100036497;136 467;7;0;2;3;1;1
202100036498;136 464;80;0;0;7;26;3
202100036498;136 465;7;0;2;3;1;1
202100036499;136 462;7;0;2;1;16;1
202100036499;136 463;7;0;2;7;1;1
202100036500;136 461;7;4;0;1;1;1
202100036501;136 459;7;0;2;2;15;1
202100036501;136 460;33;0;2;1;0;1
202100036502;136 458;7;13;0;8;1;1
202100036503;136 456;7;0;2;2;2;1
202100036503;136 457;7;0;2;5;2;1
202100036504;136 454;7;0;2;3;1;1
202100036504;136 455;7;0;2;2;1;1
202100036505;136 452;7;0;2;3;1;1
202100036505;136 453;1;0;2;1;1;5
202100036506;136 450;1;0;2;0;13;0
202100036506;136 451;7;12;2;2;1;1
202100036507;136 448;30;0;2;1;13;1
202100036507;136 449;7;0;2;2;1;1
202100036508;136 447;7;2;0;3;13;1
202100036509;136 445;7;0;0;3;1;1
202100036509;136 446;10;0;0;3;13;1
202100036510;136 444;7;2;0;3;5;1
202100036511;136 443;7;0;1;7;1;1
202100036512;136 442;7;16;0;1;1;1
202100036513;136 440;1;0;2;1;0;5
202100036513;136 441;7;0;9;2;15;1
202100036514;136 439;36;0;0;0;1;1
202100036515;136 438;7;0;0;1;1;1
202100036516;136 436;2;0;2;1;2;1
202100036516;136 437;7;0;2;7;16;1
202100036517;136 434;31;0;0;0;2;1
202100036517;136 435;7;0;0;0;9;1
202100036518;136 433;10;6;0;8;1;1
202100036519;136 432;7;0;0;5;20;1
202100036520;136 431;33;0;0;7;1;1
202100036521;136 429;7;0;0;4;2;1
202100036521;136 430;7;0;0;1;2;1
202100036522;136 428;7;2;0;0;19;1
202100036523;136 427;7;0;1;2;1;1
202100036524;136 426;7;2;0;2;1;1
202100036525;136 425;7;2;0;9;14;1
202100036526;136 424;7;2;0;9;1;1
202100036527;136 423;33;2;0;7;0;1
202100036528;136 422;7;7;0;2;1;1
202100036529;136 421;7;6;0;3;13;1
202100036530;136 419;33;0;2;1;0;1
202100036530;136 420;7;0;2;5;15;1
202100036531;136 417;7;0;0;3;9;1
202100036531;136 418;38;0;0;2;1;1
202100036532;136 412;14;0;2;6;13;1
202100036532;136 413;10;0;2;8;1;1
202100036532;136 414;7;0;2;2;1;1
202100036532;136 415;15;0;2;6;1;1
202100036532;136 416;7;0;2;2;1;1
202100036533;136 410;15;0;0;4;24;1
202100036533;136 411;7;1;2;1;1;1
202100036534;136 409;7;0;1;1;1;1
202100036535;136 408;7;0;0;2;1;1
202100036536;136 406;7;1;1;1;13;1
202100036536;136 407;10;0;2;2;23;0
202100036537;136 405;7;13;0;3;16;1
202100036538;136 404;7;13;0;3;16;1
202100036539;136 402;1;0;0;8;1;5
202100036539;136 403;7;0;2;1;15;1
202100036540;136 401;33;2;0;1;1;1
202100036541;136 399;7;0;2;1;1;1
202100036541;136 400;7;0;2;2;15;1
202100036542;136 397;7;0;2;2;1;1
202100036542;136 398;1;0;2;7;15;5
202100036543;136 395;32;0;2;1;2;1
202100036543;136 396;7;0;0;4;23;1
202100036544;136 394;7;0;1;2;1;1
202100036545;136 393;7;0;0;3;15;1
202100036546;136 391;33;13;0;1;10;1
202100036547;136 389;7;0;2;3;13;1
202100036547;136 390;7;0;2;3;1;1
202100036548;136 387;7;0;2;3;19;1
202100036548;136 388;2;0;2;1;1;1
202100036549;136 386;14;0;1;7;17;1
202100036550;136 384;2;0;2;1;1;1
202100036550;136 385;7;0;0;2;20;1
202100036551;136 383;7;0;9;1;1;1
202100036552;136 381;7;0;2;8;15;1
202100036552;136 382;2;0;2;1;3;1
202100036553;136 380;7;0;0;0;1;1
202100036554;136 378;7;0;2;1;15;1
202100036554;136 379;33;0;2;8;1;1
202100036555;136 376;7;0;0;3;15;1
202100036555;136 377;7;0;0;2;1;1
202100036556;136 374;7;0;2;1;5;1
202100036556;136 375;7;0;2;1;1;1
202100036557;136 372;7;0;2;3;19;1
202100036557;136 373;7;0;2;1;1;1
202100036558;136 370;7;0;2;1;1;1
202100036558;136 371;7;0;2;1;13;1
202100036559;136 367;7;0;2;1;2;1
202100036559;136 368;10;0;2;4;1;1
202100036560;136 362;10;0;2;4;1;1
202100036560;136 363;7;0;2;4;1;1
202100036560;136 364;7;0;2;4;1;1
202100036560;136 365;10;0;2;1;1;0
202100036560;136 366;10;0;2;1;1;1
202100036561;136 360;7;0;2;1;2;1
202100036561;136 361;7;0;2;4;2;1
202100036562;136 358;7;0;2;2;17;1
202100036562;136 359;33;0;2;8;1;1
202100036563;136 356;17;0;0;5;23;1
202100036563;136 357;7;0;2;3;2;1
202100036564;136 353;7;0;2;6;2;1
202100036564;136 354;7;0;2;1;1;1
202100036564;136 355;7;0;2;0;2;1
202100036565;136 351;33;0;2;1;3;1
202100036565;136 352;7;0;2;4;12;1
202100036566;136 349;33;0;2;2;3;1
202100036566;136 350;7;0;2;6;11;1
202100036567;136 348;34;4;0;4;0;1
202100036568;136 346;7;0;2;4;1;1
202100036568;136 347;33;0;2;1;1;1
202100036569;136 345;7;4;0;1;26;1
202100036570;136 344;7;0;1;1;1;1
202100036571;136 343;7;0;1;2;1;1
202100036572;136 342;32;0;0;1;17;0
202100036573;136 341;31;0;0;0;17;1
202100036574;136 340;31;0;0;0;16;1
202100036575;136 339;7;0;1;1;15;1
202100036576;136 335;7;0;2;6;1;1
202100036576;136 336;7;0;2;8;1;1
202100036576;136 337;7;0;2;2;16;1
202100036576;136 338;33;0;2;8;1;1
202100036577;136 334;30;9;0;1;1;1
202100036578;136 332;30;0;2;8;1;1
202100036578;136 333;30;0;2;1;15;1
202100036579;136 329;7;0;2;4;2;1
202100036579;136 330;10;0;2;6;2;1
202100036579;136 331;7;1;2;1;2;1
202100036580;136 328;7;0;2;9;14;1
202100036581;136 327;7;0;1;1;1;1
202100036582;136 325;7;0;0;0;0;0
202100036582;136 326;7;0;2;1;15;0
202100036583;136 323;10;0;2;3;15;1
202100036583;136 324;7;0;2;2;1;1
202100036584;136 319;7;0;2;3;1;1
202100036584;136 320;7;0;1;1;1;1
202100036585;136 317;7;0;2;1;1;1
202100036585;136 318;33;0;2;1;9;1
202100036586;136 315;10;0;2;3;15;1
202100036586;136 316;7;0;2;2;1;1
202100036587;136 313;50;0;2;1;1;3
202100036587;136 314;7;0;2;5;16;1
202100036588;136 311;7;0;2;3;1;1
202100036588;136 312;7;0;0;2;1;1
202100036589;136 309;7;0;2;2;15;1
202100036589;136 310;31;0;2;1;1;1
202100036590;136 307;50;0;2;7;19;3
202100036590;136 308;10;0;2;1;1;1
202100036591;136 304;7;0;1;1;15;1
202100036592;136 297;7;0;2;1;9;1
202100036592;136 298;2;0;0;2;1;1
202100036593;136 295;15;0;2;1;1;1
202100036593;136 296;7;0;2;4;1;1
202100036594;136 293;1;0;9;1;25;5
202100036594;136 294;50;0;2;1;25;3
202100036595;136 291;2;0;2;7;15;1
202100036595;136 292;7;0;2;3;1;1
202100036596;136 289;7;0;2;7;1;1
202100036596;136 290;7;0;2;1;19;1
202100036597;136 286;50;0;0;0;1;3
202100036597;136 287;50;0;2;1;1;3
202100036597;136 288;7;0;2;4;20;1
202100036598;136 285;7;0;1;3;1;1
202100036599;136 283;7;0;2;1;15;1
202100036599;136 284;1;0;2;8;19;5
202100036600;136 281;1;0;2;1;13;5
202100036600;136 282;1;0;2;1;13;5
202100036601;136 279;32;0;2;2;21;1
202100036601;136 280;7;0;2;8;15;1
202100036602;136 278;7;1;0;2;1;1
202100036603;136 277;10;0;1;4;26;1
202100036604;136 275;33;0;2;1;1;1
202100036604;136 276;7;0;2;2;15;1
202100036605;136 274;7;15;0;1;13;1
202100036606;136 272;7;0;2;1;1;1
202100036606;136 273;7;0;2;7;19;5
202100036607;136 270;31;0;2;2;1;1
202100036607;136 271;7;0;2;3;9;1
202100036608;136 269;7;0;9;1;26;1
202100036609;136 267;7;0;2;1;26;1
202100036609;136 268;1;0;2;1;26;5
202100036610;136 266;7;0;1;7;26;1
202100036611;136 265;2;0;0;8;26;1
202100036612;136 263;10;0;2;0;9;1
202100036612;136 264;80;0;2;0;1;3
202100036613;136 261;7;0;2;3;15;1
202100036613;136 262;33;0;2;2;17;1
202100036614;136 260;7;0;1;1;15;1
202100036615;136 258;1;0;2;1;1;5
202100036615;136 259;7;0;2;8;9;1
202100036616;136 257;1;0;0;8;1;2
202100036617;136 255;33;0;2;1;1;1
202100036617;136 256;10;0;2;2;15;1
202100036618;136 254;7;11;0;9;26;1
202100036619;136 252;7;0;2;8;15;2
202100036619;136 253;33;0;2;1;17;1
202100036620;136 251;32;0;0;1;12;1
202100036621;136 250;7;0;1;2;1;1
202100036622;136 248;13;0;2;7;12;1
202100036622;136 249;7;0;2;8;1;1
202100036623;136 246;7;0;2;3;1;1
202100036623;136 247;7;0;2;3;9;1
202100036624;136 244;7;0;2;1;1;1
202100036624;136 245;31;0;2;2;1;1
202100036625;136 243;7;1;0;2;14;1
202100036626;136 239;7;0;2;1;2;1
202100036626;136 240;7;0;2;1;0;1
202100036626;136 241;7;0;2;1;2;1
202100036626;136 242;7;0;2;1;1;1
202100036627;136 237;7;0;2;5;15;1
202100036627;136 238;7;0;2;1;1;1
202100036628;136 236;7;1;0;1;14;1
202100036629;136 234;7;0;2;4;20;1
202100036629;136 235;2;0;2;7;1;1
202100036630;136 232;7;0;2;3;16;1
202100036630;136 233;7;0;2;1;1;1
202100036631;136 230;7;0;2;2;2;1
202100036631;136 231;30;0;2;8;19;1
202100036632;136 228;32;0;2;1;3;1
202100036632;136 229;7;0;2;8;15;1
202100036633;136 227;7;9;0;3;14;1
202100036634;136 225;7;0;2;8;19;1
202100036634;136 226;7;0;2;1;1;1
202100036635;136 224;7;1;0;1;1;1
202100036636;136 222;7;0;9;2;1;1
202100036636;136 223;1;0;2;3;1;5
202100036637;136 221;2;0;0;7;16;1
202100036638;136 219;7;0;2;1;2;1
202100036638;136 220;43;0;2;4;2;1
202100036639;136 218;30;1;0;1;5;3
202100036640;136 216;34;0;2;1;1;1
202100036640;136 217;7;0;2;3;19;1
202100036641;136 213;7;0;2;4;2;1
202100036641;136 214;10;0;2;4;1;0
202100036641;136 215;7;0;2;1;2;1
202100036642;136 211;7;0;2;3;1;1
202100036642;136 212;17;0;2;2;12;1
202100036643;136 209;32;0;2;2;17;1
202100036643;136 210;7;0;2;3;10;1
202100036644;136 207;7;0;2;2;5;1
202100036644;136 208;50;0;2;1;1;3
202100036645;136 206;80;0;1;1;1;3
202100036646;136 204;30;0;2;7;1;1
202100036646;136 205;7;0;2;6;10;1
202100036647;136 202;7;0;2;1;1;1
202100036647;136 203;32;0;2;4;11;1
202100036648;136 200;31;0;2;7;17;1
202100036648;136 201;50;0;2;1;1;3
202100036649;136 199;50;0;1;1;1;3
202100036650;136 198;7;0;1;1;16;1
202100036651;136 196;34;0;2;1;17;1
202100036651;136 197;7;0;2;3;10;2
202100036652;136 195;34;12;0;8;17;1
202100036653;136 193;1;0;2;0;9;5
202100036653;136 194;7;0;2;0;9;1
202100036654;136 192;80;9;0;7;14;3
202100036655;136 191;50;0;0;1;26;3
202100036656;136 189;30;0;2;2;1;1
202100036656;136 190;7;0;2;3;20;1
202100036657;136 188;99;0;1;1;5;0
202100036658;136 186;99;0;2;1;2;3
202100036658;136 187;7;1;0;4;23;1
202100036659;136 184;7;0;1;8;2;0
202100036659;136 185;33;0;1;2;2;1
202100036660;136 183;10;0;1;1;9;1
202100036661;136 181;7;0;2;2;1;1
202100036661;136 182;7;14;2;1;26;1
202100036662;136 179;7;0;2;3;15;1
202100036662;136 180;1;0;2;1;5;5
202100036663;136 177;37;0;2;3;1;1
202100036663;136 178;15;0;2;5;4;1
202100036664;136 176;7;0;1;5;26;1
202100036665;136 174;37;0;0;0;0;2
202100036665;136 175;30;0;0;6;3;1
202100036666;136 172;30;0;2;1;0;0
202100036666;136 173;7;0;2;1;0;0
202100036667;136 170;34;0;2;2;1;1
202100036667;136 171;7;0;2;3;9;1
202100036668;136 168;7;0;2;8;9;1
202100036668;136 169;30;0;2;1;5;1
202100036669;136 166;32;0;2;8;3;1
202100036669;136 167;7;0;2;5;2;1
202100036670;136 165;7;0;1;2;15;1
202100036671;136 163;10;0;2;8;9;1
202100036671;136 164;1;0;2;1;1;6
202100036672;136 161;30;0;2;1;1;1
202100036672;136 162;31;0;2;3;1;1
202100036673;136 159;7;0;2;5;17;0
202100036673;136 160;33;0;2;1;1;1
202100036674;136 158;33;0;0;0;14;1
202100036675;136 156;7;0;2;1;1;1
202100036675;136 157;7;0;2;3;19;1
202100036676;136 155;7;0;1;2;0;1
202100036677;136 153;7;0;0;5;15;1
202100036677;136 154;33;0;2;1;1;1
202100036678;136 151;43;0;2;1;13;1
202100036678;136 152;10;0;2;1;1;1
202100036679;136 150;1;0;6;8;1;5
202100036680;136 149;2;15;0;2;25;3
202100036681;136 147;31;0;2;1;1;1
202100036681;136 148;10;0;2;1;15;1
202100036682;136 144;7;0;2;1;23;1
202100036682;136 145;7;0;2;1;1;0
202100036682;136 146;7;0;2;1;15;1
202100036683;136 141;7;0;0;0;21;1
202100036683;136 142;33;0;0;0;21;1
202100036683;136 143;7;0;0;0;23;0
202100036684;136 140;31;12;0;0;1;1
202100036685;136 139;1;0;5;8;1;5
202100036686;136 138;1;0;0;0;26;5
202100036687;136 137;7;6;0;1;1;1
202100036688;136 135;7;0;2;1;9;1
202100036688;136 136;1;0;2;1;1;5
202100036689;136 133;15;0;2;1;1;1
202100036689;136 134;7;0;2;7;19;1
202100036690;136 130;7;2;0;8;2;1
202100036691;136 129;7;2;0;1;1;1
202100036692;136 128;7;13;0;2;1;1
202100036693;136 127;36;0;0;0;0;1
202100036694;136 126;7;2;0;2;1;1
202100036695;136 124;2;0;2;1;13;1
202100036695;136 125;10;0;2;3;1;1
202100036696;136 120;7;11;2;3;15;1
202100036696;136 121;7;11;2;8;1;1
202100036697;136 118;7;0;9;2;1;1
202100036697;136 119;1;0;2;1;1;0
202100036698;136 115;15;3;0;2;1;1
202100036699;136 113;10;0;2;6;1;1
202100036699;136 114;13;0;2;3;1;0
202100036700;136 111;7;0;2;3;1;1
202100036700;136 112;7;0;2;3;5;1
202100036701;136 110;7;2;0;1;1;1
202100036702;136 104;7;0;2;3;1;1
202100036702;136 105;7;13;2;8;1;1
202100036702;136 106;7;13;2;3;13;1
202100036703;136 103;2;6;0;2;1;1
202100036704;136 101;31;0;2;1;19;1
202100036704;136 102;7;0;2;2;1;1
202100036705;136 100;33;16;0;0;1;1
202100036706;136 099;33;12;0;1;16;1
202100036707;136 097;33;0;2;1;23;1
202100036707;136 098;15;0;2;4;4;1
202100036708;136 096;2;0;0;1;1;1
202100036709;136 094;10;0;2;4;1;1
202100036709;136 095;7;0;2;1;12;1
202100036710;136 092;80;0;2;7;1;3
202100036710;136 093;7;0;2;8;9;1
202100036711;136 090;1;0;2;1;0;5
202100036711;136 091;7;0;1;3;26;1
202100036712;136 088;33;0;2;1;1;1
202100036712;136 089;7;0;2;2;15;1
202100036713;136 087;10;0;1;2;1;1
202100036714;136 086;7;0;1;4;4;1
202100036715;136 084;33;0;2;1;17;1
202100036715;136 085;17;0;2;3;1;1
202100036716;136 082;7;0;0;4;2;1
202100036716;136 083;7;0;2;1;2;1
202100036717;136 080;33;0;0;2;1;1
202100036717;136 081;7;0;0;3;15;0
202100036718;136 076;1;0;0;8;19;5
202100036718;136 077;7;0;2;1;1;1
202100036719;136 075;33;0;6;2;1;1
202100036720;136 073;50;0;2;4;1;3
202100036720;136 074;7;0;2;1;2;1
202100036721;136 072;7;1;0;1;14;1
202100036722;136 071;7;6;0;1;15;1
202100036723;136 069;7;0;2;1;1;1