Num_Acc;id_vehicule;categorie_vehicule;obstacle_fixe;obstacle_mobile;point_choc_initial;manoeuvre_principale;motorisation
202100036723;136 070;7;0;2;1;1;1
202100036724;136 068;33;2;6;1;15;1
202100036725;136 066;43;0;2;1;1;1
202100036725;136 067;7;0;2;2;15;1
202100036726;136 063;33;0;2;1;17;1
202100036726;136 064;7;0;2;3;21;1
202100036726;136 065;17;0;2;6;1;1
202100036727;136 061;7;0;2;2;15;1
202100036727;136 062;7;0;2;1;1;1
202100036728;136 059;7;0;2;1;1;1
202100036728;136 060;7;0;2;1;13;1
202100036729;136 058;7;13;0;2;15;1
202100036730;136 056;7;0;2;1;1;1
202100036730;136 057;7;0;2;1;5;1
202100036731;136 054;7;0;2;3;9;1
202100036731;136 055;33;0;2;7;1;1
202100036732;136 053;10;6;0;1;1;1
202100036733;136 051;7;0;2;7;1;1
202100036733;136 052;10;0;2;2;9;1
202100036734;136 048;7;0;2;1;1;1
202100036734;136 049;7;0;2;1;1;1
202100036734;136 050;7;0;2;3;1;1
202100036735;136 043;10;0;2;4;2;1
202100036735;136 044;10;0;2;1;2;1
202100036735;136 045;10;0;2;1;1;1
202100036735;136 046;10;0;2;1;1;1
202100036735;136 047;10;0;2;1;1;1
202100036736;136 041;33;0;2;1;1;1
202100036736;136 042;10;0;9;5;1;1
202100036737;136 038;17;0;2;2;14;1
202100036737;136 039;7;0;2;3;11;1
202100036737;136 040;7;0;2;4;1;1
202100036738;136 036;7;0;2;5;2;1
202100036738;136 037;7;0;2;1;2;1
202100036739;136 034;33;0;2;1;12;1
202100036739;136 035;10;0;2;4;1;1
202100036740;136 033;7;3;0;1;1;0
202100036741;136 031;7;0;2;1;1;1
202100036741;136 032;10;0;2;6;2;1
202100036742;136 029;7;0;2;8;11;1
202100036742;136 030;15;0;2;2;1;1
202100036743;136 027;7;0;2;4;2;1
202100036743;136 028;33;0;2;1;3;1
202100036744;136 024;7;0;2;6;1;1
202100036744;136 025;7;0;2;5;12;1
202100036744;136 026;33;0;2;1;3;1
202100036745;136 022;7;0;2;6;1;1
202100036745;136 023;34;0;2;1;2;1
202100036746;136 021;37;0;1;2;1;1
202100036747;136 020;7;0;1;0;26;1
202100036748;136 016;7;0;2;8;19;1
202100036748;136 017;30;0;2;1;19;1
202100036749;136 015;7;0;1;1;17;1
202100036750;136 014;7;0;1;1;1;1
202100036751;136 012;14;0;2;7;1;1
202100036751;136 013;7;8;2;1;1;1
202100036752;136 010;7;0;2;1;1;1
202100036752;136 011;7;0;2;4;23;1
202100036753;136 008;7;0;2;6;11;1
202100036753;136 009;7;0;2;2;1;1
202100036754;136 006;7;0;2;3;15;1
202100036754;136 007;32;0;2;1;1;1
202100036755;136 004;50;0;2;8;1;3
202100036755;136 005;10;0;9;2;14;0
202100036756;136 002;7;0;2;2;13;1
202100036756;136 003;7;0;2;2;23;1
202100036757;136 000;7;0;2;2;16;1
202100036757;136 001;33;0;2;1;7;1
202100036758;135 999;32;9;0;7;12;1
202100036759;135 997;7;0;2;7;2;0
202100036759;135 998;34;0;2;8;2;1
202100036760;135 996;7;0;1;0;20;1
202100036761;135 994;33;0;2;8;1;1
202100036761;135 995;7;0;2;2;15;1
202100036762;135 992;37;0;0;4;23;0
202100036762;135 993;10;0;2;1;1;0
202100036763;135 991;1;0;0;1;1;5
202100036764;135 989;7;0;2;6;2;1
202100036764;135 990;7;0;2;3;13;1
202100036765;135 988;10;0;1;6;20;1
202100036766;135 987;7;0;1;3;26;1
202100036767;135 986;7;0;2;2;1;1
202100036768;135 984;7;0;9;0;0;1
202100036768;135 985;1;0;2;0;0;0
202100036769;135 983;33;0;0;8;1;1
202100036770;135 981;1;0;2;0;19;5
202100036770;135 982;7;0;9;1;1;1
202100036771;135 979;7;0;2;2;0;0
202100036771;135 980;30;0;2;2;11;0
202100036772;135 975;7;0;2;2;1;1
202100036772;135 976;7;0;2;3;5;2
202100036773;135 974;7;0;2;1;1;1
202100036774;135 973;7;0;1;1;19;1
202100036775;135 972;7;0;1;8;15;1
202100036776;135 971;40;0;1;3;1;3
202100036777;135 970;7;0;1;3;1;1
202100036778;135 969;7;0;1;2;1;1
202100036779;135 967;10;0;2;6;2;1
202100036779;135 968;30;0;2;1;2;1
202100036780;135 964;10;0;2;4;1;1
202100036780;135 965;7;0;2;9;1;1
202100036780;135 966;7;0;2;1;1;1
202100036781;135 962;7;0;2;5;2;1
202100036781;135 963;30;0;2;1;2;1
202100036782;135 960;33;0;2;7;9;1
202100036782;135 961;7;0;2;2;1;1
202100036783;135 958;1;0;2;4;1;5
202100036783;135 959;7;0;2;3;9;1
202100036784;135 957;2;12;0;2;21;1
202100036785;135 956;7;0;1;1;26;1
202100036786;135 954;33;0;2;2;17;1
202100036786;135 955;7;0;2;1;26;1
202100036787;135 952;7;0;2;1;1;1
202100036787;135 953;7;0;2;4;1;1
202100036788;135 950;10;0;2;1;20;1
202100036788;135 951;33;1;2;1;0;1
202100036789;135 948;1;0;2;1;1;5
202100036789;135 949;7;0;2;1;15;1
202100036790;135 946;7;0;2;3;15;1
202100036790;135 947;33;0;2;1;1;1
202100036791;135 944;30;0;2;7;1;1
202100036791;135 945;7;0;2;1;1;1
202100036792;135 942;2;0;2;1;17;1
202100036792;135 943;7;0;2;8;15;1
202100036793;135 940;1;0;2;7;1;5
202100036793;135 941;7;0;9;1;26;1
202100036794;135 938;50;0;2;1;1;3
202100036794;135 939;7;0;2;3;9;1
202100036795;135 937;2;0;0;2;26;1
202100036796;135 935;7;0;2;3;11;1
202100036796;135 936;33;0;2;7;0;1
202100036797;135 934;7;0;1;2;1;2
202100036798;135 932;33;0;2;1;1;1
202100036798;135 933;7;0;2;6;1;1
202100036799;135 930;33;0;2;1;1;1
202100036799;135 931;7;0;2;1;15;1
202100036800;135 927;30;0;1;0;0;1
202100036801;135 925;50;14;0;1;1;3
202100036802;135 923;30;0;2;1;1;1
202100036802;135 924;30;0;2;1;13;1
202100036803;135 921;33;0;2;1;1;1
202100036803;135 922;10;0;2;7;15;1
202100036804;135 920;7;0;1;2;26;1
202100036805;135 918;32;0;2;2;17;1
202100036805;135 919;7;0;2;8;15;1
202100036806;135 916;33;0;2;4;23;1
202100036806;135 917;10;0;2;1;2;1
202100036807;135 914;1;0;2;1;1;5
202100036807;135 915;7;0;9;1;9;1
202100036808;135 912;7;0;2;4;4;1
202100036808;135 913;7;0;2;1;1;1
202100036809;135 910;31;0;0;5;12;1
202100036809;135 911;7;0;2;2;9;1
202100036810;135 907;7;0;2;1;1;1
202100036810;135 908;7;0;2;6;23;1
202100036810;135 909;7;0;2;1;17;1
202100036811;135 905;1;0;2;4;1;5
202100036811;135 906;7;0;9;3;1;1
202100036812;135 903;50;0;2;1;1;3
202100036812;135 904;7;0;2;3;15;1
202100036813;135 901;7;0;2;2;1;3
202100036813;135 902;1;0;2;1;19;5
202100036814;135 900;7;0;1;1;1;1
202100036815;135 896;7;0;2;1;1;1
202100036815;135 897;7;0;2;3;15;1
202100036816;135 894;7;0;2;8;1;1
202100036816;135 895;7;0;2;6;1;1
202100036817;135 891;7;0;2;1;21;1
202100036817;135 892;7;0;2;0;19;1
202100036817;135 893;7;0;2;4;15;0
202100036818;135 889;7;0;2;3;17;1
202100036818;135 890;33;0;2;8;15;1
202100036819;135 887;7;0;2;0;1;0
202100036819;135 888;32;0;2;0;1;1
202100036820;135 885;7;0;2;1;2;1
202100036820;135 886;7;0;2;4;2;1
202100036821;135 883;7;0;0;2;9;1
202100036821;135 884;31;0;0;6;9;1
202100036822;135 881;7;0;2;1;9;1
202100036822;135 882;1;0;2;7;26;5
202100036823;135 879;7;0;2;8;24;1
202100036823;135 880;1;1;2;1;1;5
202100036824;135 878;1;0;0;1;1;5
202100036825;135 877;7;0;1;1;1;1
202100036826;135 875;34;0;2;8;0;1
202100036826;135 876;7;0;2;5;16;1
202100036827;135 873;7;0;2;6;2;2
202100036827;135 874;7;0;2;2;2;1
202100036828;135 872;7;0;2;2;21;1
202100036829;135 869;31;0;2;8;3;1
202100036829;135 870;7;0;2;7;1;1
202100036829;135 871;31;0;2;1;3;1
202100036830;135 866;7;0;2;5;2;1
202100036830;135 867;10;0;2;6;2;1
202100036830;135 868;33;0;2;1;3;1
202100036831;135 864;10;0;2;4;20;1
202100036831;135 865;1;0;2;1;1;5
202100036832;135 862;33;0;2;1;18;1
202100036832;135 863;7;0;2;5;16;1
202100036833;135 860;43;0;2;2;3;1
202100036833;135 861;7;0;2;3;9;1
202100036834;135 858;32;0;2;1;1;1
202100036834;135 859;7;0;2;2;9;1
202100036835;135 856;1;0;2;3;1;5
202100036835;135 857;7;0;2;2;14;1
202100036836;135 854;7;0;2;2;12;1
202100036836;135 855;1;0;2;3;1;5
202100036837;135 852;1;0;2;8;19;5
202100036837;135 853;2;0;2;1;1;1
202100036838;135 850;10;0;2;8;22;1
202100036838;135 851;1;0;2;7;17;5
202100036839;135 848;32;0;2;1;1;1
202100036839;135 849;7;0;2;2;1;1
202100036840;135 847;30;0;1;1;1;1
202100036841;135 846;50;0;1;1;1;3
202100036842;135 844;80;0;2;2;1;3
202100036842;135 845;10;0;2;3;22;1
202100036843;135 842;1;0;2;3;2;5
202100036843;135 843;1;0;2;4;1;5
202100036844;135 840;33;0;2;8;1;1
202100036844;135 841;10;0;2;1;15;1
202100036845;135 838;50;0;2;1;17;3
202100036845;135 839;10;0;0;8;22;6
202100036846;135 836;32;0;2;0;1;0
202100036846;135 837;7;0;0;0;11;1
202100036847;135 834;7;0;2;1;1;1
202100036847;135 835;7;0;2;1;1;1
202100036848;135 830;7;0;2;9;26;1
202100036848;135 831;2;0;2;9;0;1
202100036848;135 832;7;0;2;4;26;1
202100036848;135 833;7;0;2;1;0;1
202100036849;135 828;43;0;2;2;17;1
202100036849;135 829;7;0;2;8;13;1
202100036850;135 826;7;0;2;2;19;1
202100036850;135 827;31;0;2;1;1;1
202100036851;135 824;32;0;2;1;3;1
202100036851;135 825;7;0;2;3;15;1
202100036852;135 823;7;12;0;3;1;1
202100036853;135 822;10;0;1;8;22;1
202100036854;135 821;7;0;1;2;26;1
202100036855;135 820;7;0;1;0;1;1
202100036856;135 817;7;0;9;8;1;1
202100036856;135 818;50;0;2;1;19;3
202100036856;135 819;50;0;2;1;19;3
202100036857;135 815;7;0;2;1;26;1
202100036857;135 816;50;0;2;1;9;3
202100036858;135 814;7;0;1;4;4;0
202100036859;135 812;7;0;2;2;1;1
202100036859;135 813;7;0;2;3;9;1
202100036860;135 809;7;0;0;0;0;1
202100036860;135 810;20;0;0;8;22;0
202100036860;135 811;30;1;0;2;2;1
202100036861;135 808;7;0;1;2;21;1
202100036862;135 806;32;0;2;2;1;1
202100036862;135 807;10;0;2;5;10;1
202100036863;135 804;7;0;2;3;23;1
202100036863;135 805;1;0;2;2;20;5
202100036864;135 802;7;0;2;4;1;1
202100036864;135 803;3;0;2;1;1;0
202100036865;135 801;7;0;1;1;12;1
202100036866;135 800;7;0;1;4;20;0
202100036867;135 799;1;0;1;1;1;5
202100036868;135 798;1;0;1;1;26;5
202100036869;135 797;34;0;1;2;0;1
202100036870;135 795;7;0;2;2;15;0
202100036870;135 796;1;0;2;6;1;5
202100036871;135 793;10;0;2;1;1;1
202100036871;135 794;50;0;2;7;19;3
202100036872;135 791;7;0;2;5;15;1
202100036872;135 792;7;0;2;3;1;1
202100036873;135 789;30;0;2;3;9;1
202100036873;135 790;1;0;2;5;1;5
202100036874;135 785;7;0;2;7;14;0
202100036874;135 786;32;0;2;1;3;1
202100036874;135 787;7;0;2;4;1;1
202100036874;135 788;7;0;2;5;1;1
202100036875;135 783;7;0;2;8;13;0
202100036875;135 784;2;0;2;3;14;1
202100036876;135 780;7;0;2;1;13;1
202100036876;135 781;7;6;0;3;1;1
202100036876;135 782;7;13;0;6;1;1
202100036877;135 779;7;7;0;9;0;1
202100036878;135 778;7;2;0;3;13;1
202100036879;135 777;7;3;0;3;1;1
202100036880;135 775;7;0;9;3;1;0
202100036880;135 776;1;0;2;8;1;0
202100036881;135 773;7;0;2;1;1;1
202100036881;135 774;7;0;2;3;0;1
202100036882;135 772;7;13;0;4;1;1
202100036883;135 771;10;13;0;2;14;1
202100036884;135 769;7;0;2;1;5;1
202100036884;135 770;7;0;2;1;1;1
202100036885;135 767;21;0;2;8;19;6
202100036885;135 768;10;0;2;1;1;1
202100036886;135 766;33;2;0;7;1;1
202100036887;135 764;7;0;2;1;19;1
202100036887;135 765;1;0;2;8;1;5
202100036888;135 763;33;0;0;0;1;1
202100036889;135 760;7;0;0;6;1;1
202100036889;135 761;33;0;0;4;1;1
202100036889;135 762;7;0;2;1;2;1
202100036890;135 758;10;0;2;1;1;1
202100036890;135 759;7;0;0;7;1;1
202100036891;135 756;10;0;2;3;1;1
202100036891;135 757;2;0;2;7;1;1
202100036892;135 754;7;0;0;3;1;1
202100036892;135 755;7;0;2;1;15;1
202100036893;135 753;33;14;0;9;1;1
202100036894;135 752;7;6;0;1;1;1
202100036895;135 750;7;0;2;3;15;1
202100036895;135 751;33;0;2;1;1;1
202100036896;135 749;2;6;0;1;0;0
202100036897;135 747;7;0;2;3;1;1
202100036897;135 748;2;0;2;8;19;1
202100036898;135 745;7;0;9;2;17;1
202100036898;135 746;60;0;2;0;15;5
202100036899;135 744;1;14;0;0;1;5
202100036900;135 743;7;0;1;2;1;1
202100036901;135 741;30;0;2;1;5;1
202100036901;135 742;7;0;2;1;1;1
202100036902;135 740;7;6;0;1;0;1
202100036903;135 738;7;0;2;3;15;1
202100036903;135 739;33;0;2;2;17;1
202100036904;135 736;7;0;0;0;26;1
202100036904;135 737;7;15;0;1;21;1
202100036905;135 734;33;0;2;1;1;1
202100036905;135 735;14;0;2;3;20;1
202100036906;135 731;30;0;0;8;15;1
202100036907;135 729;33;3;2;1;17;1
202100036907;135 730;7;0;2;6;1;1
202100036908;135 727;7;0;2;3;1;1
202100036908;135 728;7;0;2;3;15;1
202100036909;135 725;7;0;0;3;1;1
202100036909;135 726;7;0;2;3;1;1
202100036910;135 724;7;0;1;1;1;1
202100036911;135 723;33;6;0;1;16;1
202100036912;135 722;7;8;0;2;1;1
202100036913;135 721;33;12;0;2;1;1
202100036914;135 717;7;8;0;8;1;1
202100036914;135 718;7;7;2;1;1;1
202100036915;135 715;39;0;2;1;1;1
202100036915;135 716;7;0;4;2;9;1
202100036916;135 714;33;0;0;0;1;1
202100036917;135 713;34;0;1;3;1;1
202100036918;135 712;7;0;1;2;1;1
202100036919;135 710;14;0;2;3;1;1
202100036919;135 711;7;0;0;4;15;1
202100036920;135 708;10;0;2;1;2;1
202100036920;135 709;17;0;0;4;1;1
202100036921;135 706;7;3;0;4;2;1
202100036921;135 707;7;0;2;1;2;1
202100036922;135 705;7;2;0;1;1;1
202100036923;135 703;7;0;2;1;1;1
202100036923;135 704;7;0;2;1;1;1
202100036924;135 700;1;0;1;1;17;0
202100036925;135 699;7;13;0;2;1;1
202100036926;135 698;33;0;0;0;2;1
202100036927;135 697;33;16;0;1;1;1
202100036928;135 696;7;16;0;9;1;1
202100036929;135 695;7;1;0;1;1;1
202100036930;135 693;7;0;2;1;1;1
202100036930;135 694;10;0;2;4;1;1
202100036931;135 691;7;0;2;4;1;1
202100036931;135 692;7;0;2;1;2;1
202100036932;135 689;33;0;2;1;2;1
202100036932;135 690;10;0;2;4;2;1
202100036933;135 688;14;0;1;1;1;1
202100036934;135 684;7;0;2;4;2;1
202100036934;135 685;10;0;2;4;2;1
202100036934;135 686;7;0;2;4;2;1
202100036934;135 687;10;0;2;1;1;1
202100036935;135 681;7;0;2;4;2;1
202100036935;135 682;7;0;2;1;2;1
202100036935;135 683;33;0;2;4;2;1
202100036936;135 678;7;0;2;2;2;1
202100036936;135 679;7;0;2;6;1;1
202100036936;135 680;7;0;2;4;2;1
202100036937;135 677;7;1;1;2;14;1
202100036938;135 674;10;4;2;4;2;1
202100036938;135 675;10;4;2;4;2;1
202100036938;135 676;10;4;2;1;2;1
202100036939;135 671;7;0;2;4;1;1
202100036939;135 672;7;0;2;1;1;1
202100036939;135 673;7;0;2;4;1;1
202100036940;135 667;43;0;2;1;3;1
202100036940;135 668;7;0;2;4;23;1
202100036940;135 669;7;0;2;7;1;1
202100036940;135 670;10;0;2;8;1;1
202100036941;135 665;7;0;2;1;1;1
202100036941;135 666;7;0;2;4;21;1
202100036942;135 664;7;4;0;1;21;1
202100036943;135 662;7;0;2;4;15;1
202100036943;135 663;7;0;2;1;1;1
202100036944;135 661;7;0;1;1;26;1
202100036945;135 660;32;0;1;1;1;1
202100036946;135 659;7;1;0;1;14;1
202100036947;135 657;10;0;2;8;1;1
202100036947;135 658;7;0;2;1;1;1
202100036948;135 655;10;0;2;4;1;1
202100036948;135 656;30;0;2;1;1;1
202100036949;135 653;7;0;9;3;1;1
202100036949;135 654;7;0;9;3;15;1
202100036950;135 651;10;0;0;4;0;1
202100036950;135 652;10;0;2;1;26;1
202100036951;135 650;7;4;1;3;1;1
202100036952;135 648;7;0;2;7;1;1
202100036952;135 649;7;0;2;1;1;1
202100036953;135 646;1;0;2;1;19;5
202100036953;135 647;7;0;2;3;1;1
202100036954;135 644;7;0;2;3;22;1
202100036954;135 645;1;1;0;1;1;5
202100036955;135 642;33;0;2;8;1;1
202100036955;135 643;10;0;2;3;15;1
202100036956;135 641;10;0;1;1;1;1
202100036957;135 639;99;0;2;8;19;3
202100036957;135 640;7;0;2;1;1;1
202100036958;135 637;37;0;2;2;7;1
202100036958;135 638;7;0;2;3;15;1
202100036959;135 635;17;0;2;2;13;1
202100036959;135 636;7;0;2;6;20;1
202100036960;135 634;10;1;1;1;0;1
202100036961;135 633;7;0;1;4;20;1
202100036962;135 631;33;0;2;1;17;1
202100036962;135 632;7;0;2;2;9;2
202100036963;135 629;31;12;2;7;2;1
202100036963;135 630;7;0;2;8;13;1
202100036964;135 627;7;0;2;1;15;1
202100036964;135 628;7;0;2;3;0;1
202100036965;135 625;7;0;2;1;1;1
202100036965;135 626;7;0;2;4;1;1
202100036966;135 623;7;0;2;1;1;1
202100036966;135 624;7;0;2;4;1;1
202100036967;135 622;10;0;0;0;1;0
202100036968;135 621;7;0;1;1;1;1
202100036969;135 619;38;0;1;7;16;1
202100036970;135 616;7;0;2;4;23;1
202100036970;135 617;7;0;2;4;2;1
202100036970;135 618;14;0;2;1;2;1
202100036971;135 614;7;0;2;1;1;1
202100036971;135 615;7;0;2;3;0;3
202100036972;135 612;7;0;9;3;9;1
202100036972;135 613;1;0;2;1;1;5
202100036973;135 610;50;0;0;0;1;3
202100036974;135 608;30;0;0;7;0;1
202100036975;135 606;7;0;2;7;1;1
202100036975;135 607;7;0;2;1;1;1
202100036976;135 604;7;0;0;5;23;1
202100036976;135 605;7;0;2;3;1;1
202100036977;135 602;33;0;2;3;1;1
202100036977;135 603;7;0;2;1;15;1
202100036978;135 601;7;0;1;5;1;6
202100036979;135 599;35;0;2;0;13;1
202100036979;135 600;7;0;2;3;1;1
202100036980;135 597;1;0;2;0;19;5
202100036980;135 598;10;0;2;1;10;1
202100036981;135 595;7;0;2;2;1;1
202100036981;135 596;1;0;2;1;13;5
202100036982;135 594;7;0;1;1;1;1
202100036983;135 592;7;0;2;1;1;1
202100036983;135 593;7;0;2;8;1;1
202100036984;135 590;60;0;2;2;15;5
202100036984;135 591;7;0;2;3;16;1
202100036985;135 589;33;0;0;0;11;1
202100036986;135 588;30;0;2;4;26;1
202100036987;135 586;13;0;2;5;21;1
202100036987;135 587;30;0;2;1;21;1
202100036988;135 584;7;0;2;2;10;1
202100036988;135 585;33;0;2;1;1;1
202100036989;135 580;7;0;9;8;15;1
202100036989;135 581;33;0;2;1;1;1
202100036990;135 577;30;0;2;1;26;1
202100036990;135 578;10;0;2;2;19;1
202100036991;135 575;37;0;2;1;1;1
202100036991;135 576;7;0;2;7;16;1
202100036992;135 573;7;0;2;6;1;1
202100036992;135 574;33;0;2;1;2;1
202100036993;135 572;7;0;1;4;4;3
202100036994;135 571;30;14;0;1;1;1
202100036995;135 569;7;0;2;3;16;1
202100036995;135 570;33;0;2;2;1;1
202100036996;135 566;7;0;2;1;2;1
202100036996;135 567;7;0;2;4;2;1
202100036996;135 568;7;0;2;4;23;2
202100036997;135 564;7;0;2;2;2;1
202100036997;135 565;7;0;2;6;16;1
202100036998;135 562;7;0;2;4;2;1
202100036998;135 563;2;0;2;1;2;3
202100036999;135 560;1;0;2;1;26;5
202100036999;135 561;7;0;2;1;26;1
202100037000;135 559;7;0;1;3;26;1
202100037001;135 558;7;0;1;0;15;1
202100037002;135 557;7;0;1;1;15;2
202100037003;135 556;7;0;0;9;14;1
202100037004;135 555;7;0;1;2;1;1
202100037005;135 554;33;0;0;1;1;1
202100037006;135 553;1;14;0;1;1;5
202100037007;135 551;7;0;2;7;15;1
202100037007;135 552;7;0;2;1;1;1
202100037008;135 549;80;0;2;1;1;3
202100037008;135 550;7;0;2;1;9;1
202100037009;135 547;7;0;2;3;15;1
202100037009;135 548;7;0;2;2;13;1
202100037010;135 546;7;0;1;8;2;1
202100037011;135 544;1;0;2;1;15;5
202100037011;135 545;0;0;2;0;0;0
202100037012;135 542;7;0;2;4;15;1
202100037012;135 543;31;0;2;1;2;1
202100037013;135 541;7;0;1;2;26;1
202100037014;135 540;99;0;1;7;1;3
202100037015;135 538;7;0;2;0;26;1
202100037015;135 539;7;2;2;3;1;1
202100037016;135 536;7;14;2;1;19;1
202100037016;135 537;7;0;2;1;1;1
202100037017;135 534;2;1;0;1;1;1
202100037017;135 535;7;0;2;6;15;1
202100037018;135 533;10;6;1;7;1;1
202100037019;135 531;1;0;2;6;15;5
202100037019;135 532;33;0;2;1;17;1
202100037020;135 529;1;1;0;1;2;5
202100037020;135 530;14;0;2;6;24;1
202100037021;135 527;37;0;2;5;1;1
202100037021;135 528;80;0;2;1;9;5
202100037022;135 526;7;3;0;9;13;1
202100037023;135 524;7;0;2;3;2;1
202100037023;135 525;7;0;2;3;13;1
202100037024;135 521;10;0;1;1;15;1
202100037025;135 519;1;0;2;6;1;5
202100037025;135 520;2;0;2;1;1;1
202100037026;135 517;7;0;2;3;13;0
202100037026;135 518;33;0;2;1;1;1
202100037027;135 515;30;0;2;0;0;1
202100037027;135 516;7;0;2;6;15;1
202100037028;135 513;7;0;2;4;2;1
202100037028;135 514;7;0;2;1;2;1
202100037029;135 511;7;0;2;4;2;1
202100037029;135 512;7;0;2;1;2;1
202100037030;135 509;7;0;2;4;2;1
202100037030;135 510;7;0;2;1;2;1
202100037031;135 507;33;0;2;1;1;1
202100037031;135 508;7;0;2;2;1;1
202100037032;135 506;10;0;1;4;4;1
202100037033;135 505;7;8;0;1;26;1
202100037034;135 503;7;0;2;0;0;1
202100037034;135 504;33;0;2;2;15;1
202100037035;135 501;7;0;2;8;1;1
202100037035;135 502;17;0;2;2;12;1
202100037036;135 499;33;0;2;3;3;1
202100037036;135 500;7;0;2;5;1;1
202100037037;135 496;7;0;2;6;1;1
202100037037;135 497;7;0;2;5;1;1
202100037037;135 498;33;0;2;3;3;1
202100037038;135 494;7;0;2;1;12;1
202100037038;135 495;7;0;2;6;11;1
202100037039;135 492;7;0;2;1;2;1
202100037039;135 493;14;0;2;4;2;0
202100037040;135 490;7;0;2;3;1;1
202100037040;135 491;33;1;2;1;17;1
202100037041;135 488;60;0;2;8;1;5
202100037041;135 489;10;0;2;2;14;1
202100037042;135 486;7;0;2;3;2;1
202100037042;135 487;33;0;2;4;17;1
202100037043;135 485;30;0;1;1;1;3
202100037044;135 483;7;0;2;7;22;1
202100037044;135 484;1;0;2;1;18;5
202100037045;135 481;10;0;2;2;1;1
202100037045;135 482;43;0;2;1;16;1
202100037046;135 479;7;0;2;4;2;1
202100037046;135 480;30;0;2;1;2;1
202100037047;135 478;30;1;0;1;13;3
202100037048;135 476;7;0;2;2;15;2
202100037048;135 477;30;0;2;1;1;1
202100037049;135 474;7;0;2;8;22;1
202100037049;135 475;30;0;2;1;3;1
202100037050;135 473;30;0;1;7;26;3
202100037051;135 472;7;0;1;5;1;1
202100037052;135 470;32;0;2;6;20;1
202100037052;135 471;10;0;2;8;1;1
202100037053;135 468;32;0;2;1;18;1
202100037053;135 469;7;0;2;5;2;1
202100037054;135 467;1;12;0;7;14;5
202100037055;135 465;7;0;2;3;16;1
202100037055;135 466;33;0;2;3;18;1
202100037056;135 463;1;0;2;7;19;5
202100037056;135 464;32;0;2;1;17;1
202100037057;135 462;7;14;0;1;1;1
202100037058;135 460;7;0;2;7;17;1
202100037058;135 461;1;0;2;8;2;5
202100037059;135 458;14;0;2;3;1;1
202100037059;135 459;30;0;2;1;13;1
202100037060;135 456;37;0;2;7;1;1
202100037060;135 457;37;0;2;3;9;1
202100037061;135 454;1;0;2;6;1;5
202100037061;135 455;7;0;2;2;1;1
202100037062;135 453;30;0;0;7;1;1
202100037063;135 451;1;0;2;3;13;5
202100037063;135 452;7;0;2;2;14;1
202100037064;135 449;30;0;2;0;1;1
202100037064;135 450;7;0;2;3;1;1
202100037065;135 447;7;0;2;5;9;1
202100037065;135 448;7;0;2;1;26;1
202100037066;135 445;7;0;2;1;2;1
202100037066;135 446;7;0;2;4;0;1
202100037067;135 443;3;0;2;1;26;1
202100037067;135 444;7;0;2;1;1;1
202100037068;135 442;99;0;1;0;25;0
202100037069;135 440;7;0;2;8;1;1
202100037069;135 441;7;0;2;1;1;1
202100037070;135 438;7;0;2;1;19;1
202100037070;135 439;30;0;2;8;21;1
202100037071;135 437;7;0;1;2;15;0
202100037072;135 435;7;0;2;1;2;1
202100037072;135 436;10;0;2;4;0;1
202100037073;135 433;7;0;2;7;16;1
202100037073;135 434;2;0;2;1;18;1
202100037074;135 431;14;0;2;2;2;1
202100037074;135 432;7;0;2;6;1;1
202100037075;135 430;30;0;0;1;13;1
202100037076;135 428;10;0;2;2;9;1
202100037076;135 429;33;1;2;1;19;1
202100037077;135 426;50;0;2;8;1;3
202100037077;135 427;7;0;2;2;16;1
202100037078;135 424;34;0;2;6;1;1
202100037078;135 425;7;0;2;2;16;1
202100037079;135 422;7;0;0;2;0;0
202100037079;135 423;2;0;2;2;3;1
202100037080;135 420;30;0;1;1;5;0
202100037081;135 419;7;13;0;2;14;1
202100037082;135 417;7;0;0;1;1;1
202100037082;135 418;10;0;0;2;1;1
202100037083;135 416;2;0;0;0;1;1
202100037084;135 415;14;2;0;1;1;1
202100037085;135 414;2;12;0;3;13;1
202100037086;135 413;7;0;1;2;1;1
202100037087;135 411;7;0;2;3;1;1
202100037087;135 412;7;0;2;3;1;1
202100037088;135 409;10;0;2;3;1;1
202100037088;135 410;7;0;2;3;13;1
202100037089;135 406;36;13;0;1;13;1
202100037090;135 405;33;9;0;7;1;1
202100037091;135 404;7;0;0;0;17;1
202100037092;135 401;7;6;0;3;13;1
202100037093;135 399;7;0;2;3;1;1
202100037093;135 400;7;0;2;3;1;1
202100037094;135 398;33;4;0;2;15;1
202100037095;135 397;31;0;0;0;1;1
202100037096;135 396;7;9;0;3;1;1
202100037097;135 394;7;0;2;3;17;1
202100037097;135 395;7;0;2;3;13;1
202100037098;135 392;7;0;2;6;26;1
202100037098;135 393;7;0;2;1;19;1
202100037099;135 391;80;12;0;0;1;3
202100037100;135 390;7;13;0;2;1;1
202100037101;135 388;10;0;0;3;15;1
202100037101;135 389;33;0;2;1;2;1
202100037102;135 383;33;0;2;1;13;1
202100037102;135 384;7;0;2;1;1;1
202100037103;135 381;7;0;2;3;9;1
202100037103;135 382;38;0;2;2;1;1
202100037104;135 379;7;0;2;3;1;1
202100037104;135 380;1;0;2;1;9;5
202100037105;135 377;7;0;2;3;1;1
202100037105;135 378;7;0;2;3;1;1
202100037106;135 375;17;0;0;0;1;1
202100037106;135 376;10;1;0;1;1;1
202100037107;135 374;36;13;0;1;0;1
202100037108;135 372;33;0;2;1;17;1
202100037108;135 373;21;0;0;3;15;1
202100037109;135 370;10;1;2;3;5;1
202100037109;135 371;7;0;0;3;23;1
202100037110;135 368;16;1;0;1;1;1
202100037110;135 369;17;0;0;4;23;1