Num_Acc;id_vehicule;categorie_vehicule;obstacle_fixe;obstacle_mobile;point_choc_initial;manoeuvre_principale;motorisation
202100037111;135 366;1;0;2;1;1;5
202100037111;135 367;10;0;2;7;19;1
202100037112;135 364;38;0;2;6;16;1
202100037112;135 365;33;0;2;1;3;1
202100037113;135 360;7;0;2;2;17;1
202100037113;135 361;15;0;2;1;2;1
202100037113;135 362;15;0;2;1;2;1
202100037113;135 363;15;0;2;4;2;1
202100037114;135 359;7;13;0;1;0;1
202100037115;135 358;33;13;0;3;2;1
202100037116;135 357;7;16;0;1;1;1
202100037117;135 355;10;0;2;6;24;1
202100037117;135 356;7;1;0;3;1;1
202100037118;135 354;7;15;0;2;1;1
202100037119;135 353;7;2;0;1;1;1
202100037120;135 351;7;0;2;1;13;1
202100037120;135 352;7;0;2;3;1;1
202100037121;135 349;7;0;2;2;15;1
202100037121;135 350;33;0;2;8;1;1
202100037122;135 347;1;0;2;1;1;5
202100037122;135 348;10;0;2;7;16;1
202100037123;135 346;7;0;1;1;1;1
202100037124;135 345;33;0;0;9;1;1
202100037125;135 343;33;0;2;2;2;1
202100037125;135 344;7;0;2;3;15;1
202100037126;135 338;7;13;0;0;21;1
202100037126;135 339;7;0;2;3;1;1
202100037126;135 340;7;0;2;3;1;1
202100037126;135 341;7;0;2;3;1;1
202100037126;135 342;7;0;2;1;17;1
202100037127;135 337;2;12;0;2;20;1
202100037128;135 333;7;0;9;8;1;1
202100037128;135 334;1;0;2;1;1;5
202100037129;135 332;33;0;0;0;17;1
202100037130;135 329;7;0;2;4;1;1
202100037130;135 330;7;0;2;4;2;1
202100037130;135 331;7;0;2;1;2;1
202100037131;135 328;7;3;0;1;21;1
202100037132;135 324;7;1;0;1;2;1
202100037132;135 325;33;1;0;4;0;1
202100037132;135 326;7;0;0;4;2;1
202100037132;135 327;7;1;0;1;2;1
202100037133;135 323;7;4;0;1;1;1
202100037134;135 319;7;0;2;4;2;1
202100037134;135 320;7;0;2;4;2;1
202100037134;135 321;10;0;2;4;2;1
202100037134;135 322;31;0;2;1;2;1
202100037135;135 317;7;0;2;4;1;1
202100037135;135 318;10;0;2;1;14;1
202100037136;135 314;7;0;2;2;9;1
202100037136;135 315;7;0;2;4;1;1
202100037136;135 316;7;0;2;6;0;1
202100037137;135 311;7;0;2;2;1;1
202100037137;135 312;10;0;2;1;2;1
202100037137;135 313;17;0;2;4;2;1
202100037138;135 309;33;0;2;4;2;1
202100037138;135 310;7;0;2;1;2;1
202100037139;135 307;33;0;2;4;2;1
202100037139;135 308;7;0;2;1;2;1
202100037140;135 306;7;3;0;1;1;1
202100037141;135 304;7;0;0;4;0;1
202100037141;135 305;14;0;0;0;0;1
202100037142;135 300;7;0;2;6;23;1
202100037142;135 301;7;0;2;0;1;1
202100037142;135 302;7;0;2;5;12;1
202100037142;135 303;7;0;2;0;0;1
202100037143;135 298;10;0;2;1;2;1
202100037143;135 299;15;0;2;4;23;1
202100037144;135 295;7;0;2;3;1;1
202100037144;135 296;7;0;2;5;1;1
202100037144;135 297;7;0;2;3;14;1
202100037145;135 291;7;0;2;4;23;1
202100037145;135 292;10;0;2;9;1;1
202100037145;135 293;10;0;2;9;1;1
202100037145;135 294;7;0;2;1;1;1
202100037146;135 289;31;0;2;1;3;1
202100037146;135 290;7;0;2;4;2;1
202100037147;135 288;34;14;0;1;21;1
202100037148;135 286;7;0;2;4;2;1
202100037148;135 287;7;0;2;1;2;1
202100037149;135 283;10;0;2;4;2;1
202100037149;135 284;7;0;2;4;2;1
202100037149;135 285;10;0;2;1;2;1
202100037150;135 282;7;4;0;1;0;0
202100037151;135 277;7;0;2;1;1;1
202100037151;135 278;7;0;2;4;2;1
202100037151;135 279;7;0;2;4;2;1
202100037151;135 280;7;0;2;8;2;1
202100037151;135 281;7;0;2;2;12;1
202100037152;135 275;13;0;2;1;1;1
202100037152;135 276;7;0;2;4;2;1
202100037153;135 273;32;0;2;1;21;1
202100037153;135 274;7;0;2;4;1;1
202100037154;135 269;7;0;2;4;0;1
202100037154;135 270;7;0;2;4;0;1
202100037154;135 271;7;0;2;1;2;1
202100037154;135 272;7;0;2;4;2;1
202100037155;135 267;15;0;2;2;12;1
202100037155;135 268;7;0;2;8;1;1
202100037156;135 266;7;8;1;6;23;1
202100037157;135 263;7;0;1;2;1;1
202100037158;135 262;7;0;1;2;0;1
202100037159;135 261;7;0;1;8;1;1
202100037160;135 260;7;0;1;3;1;1
202100037161;135 259;7;0;1;1;9;1
202100037162;135 258;7;0;1;3;1;1
202100037163;135 257;7;1;0;0;20;1
202100037164;135 256;7;0;1;2;1;1
202100037165;135 254;7;0;2;4;1;1
202100037165;135 255;10;0;2;1;1;1
202100037166;135 252;7;0;2;6;15;1
202100037166;135 253;30;0;2;1;17;1
202100037167;135 250;7;0;2;3;0;0
202100037167;135 251;30;0;2;0;0;1
202100037168;135 248;33;0;2;8;1;1
202100037168;135 249;7;0;2;3;1;1
202100037169;135 247;7;0;1;6;20;1
202100037170;135 246;7;0;1;6;13;0
202100037171;135 243;30;0;2;8;23;1
202100037171;135 244;37;0;2;3;23;1
202100037171;135 245;7;0;2;2;2;1
202100037172;135 240;7;0;2;4;2;1
202100037172;135 241;7;0;2;4;2;1
202100037172;135 242;7;0;2;1;2;1
202100037173;135 238;43;0;2;8;1;1
202100037173;135 239;7;0;2;1;15;1
202100037174;135 237;30;0;2;0;21;1
202100037175;135 235;7;0;2;6;15;1
202100037175;135 236;33;0;0;7;1;1
202100037176;135 233;7;0;2;6;9;1
202100037176;135 234;50;0;0;1;1;3
202100037177;135 231;7;0;2;2;1;1
202100037177;135 232;7;0;2;3;10;1
202100037178;135 230;7;0;1;3;1;1
202100037179;135 228;7;0;0;0;0;1
202100037179;135 229;32;0;0;0;0;0
202100037180;135 227;7;0;1;2;15;1
202100037181;135 225;7;0;2;7;15;1
202100037181;135 226;7;0;2;1;1;1
202100037182;135 223;30;0;0;0;0;1
202100037182;135 224;7;0;0;0;0;1
202100037183;135 221;1;0;2;1;1;5
202100037183;135 222;7;0;2;1;13;1
202100037184;135 219;7;0;2;1;15;1
202100037184;135 220;7;0;2;8;1;1
202100037185;135 217;10;0;2;4;23;1
202100037185;135 218;2;0;2;1;1;1
202100037186;135 216;50;0;0;1;1;3
202100037187;135 214;7;0;2;6;2;1
202100037187;135 215;33;0;2;1;2;1
202100037188;135 212;1;0;2;1;9;5
202100037188;135 213;7;0;2;2;0;1
202100037189;135 210;7;0;2;1;15;1
202100037189;135 211;7;0;2;3;1;1
202100037190;135 206;32;0;1;1;1;1
202100037191;135 204;7;0;2;8;9;1
202100037191;135 205;99;0;2;1;1;6
202100037192;135 202;14;0;2;7;15;1
202100037192;135 203;33;0;2;1;1;1
202100037193;135 200;7;1;1;2;17;1
202100037193;135 201;7;0;2;6;24;1
202100037194;135 198;43;4;2;1;1;1
202100037194;135 199;7;0;2;1;0;1
202100037195;135 196;7;0;2;1;1;1
202100037195;135 197;7;0;2;1;17;1
202100037196;135 194;7;0;2;1;26;1
202100037196;135 195;1;0;2;7;1;0
202100037197;135 192;7;0;2;1;5;1
202100037197;135 193;7;0;2;1;1;1
202100037198;135 191;10;2;0;6;13;1
202100037199;135 190;7;0;1;1;1;2
202100037200;135 188;32;0;2;1;0;1
202100037200;135 189;7;0;2;1;0;1
202100037201;135 186;30;0;2;2;1;3
202100037201;135 187;32;0;2;3;1;1
202100037202;135 184;7;0;2;2;2;1
202100037202;135 185;7;0;2;3;0;6
202100037203;135 182;7;0;2;8;9;1
202100037203;135 183;1;0;2;7;2;0
202100037204;135 180;33;0;2;1;1;1
202100037204;135 181;7;0;2;2;15;1
202100037205;135 178;7;0;2;2;15;1
202100037205;135 179;33;0;2;1;1;1
202100037206;135 176;33;0;2;2;2;1
202100037206;135 177;7;0;2;6;9;0
202100037207;135 174;7;0;2;5;15;1
202100037207;135 175;80;0;2;2;1;3
202100037208;135 173;7;0;1;2;15;1
202100037209;135 171;7;0;2;2;1;1
202100037209;135 172;7;0;2;3;10;1
202100037210;135 169;7;0;2;4;2;1
202100037210;135 170;7;0;2;1;2;1
202100037211;135 167;32;0;2;1;1;1
202100037211;135 168;7;0;2;1;15;2
202100037212;135 165;7;0;2;8;13;1
202100037212;135 166;31;0;0;7;17;1
202100037213;135 163;7;0;2;1;1;1
202100037213;135 164;7;0;2;1;5;1
202100037214;135 161;7;0;2;3;15;1
202100037214;135 162;1;0;2;3;1;5
202100037215;135 159;31;0;2;1;2;1
202100037215;135 160;10;0;2;4;2;1
202100037216;135 158;7;8;0;7;14;1
202100037217;135 156;7;0;2;2;1;1
202100037217;135 157;7;0;2;1;19;1
202100037218;135 155;32;0;1;1;26;1
202100037219;135 152;7;0;2;4;1;1
202100037219;135 153;7;0;2;1;1;3
202100037219;135 154;7;0;2;4;23;1
202100037220;135 150;7;0;2;1;15;1
202100037220;135 151;7;0;2;6;1;1
202100037221;135 148;7;0;2;1;19;1
202100037221;135 149;7;0;2;7;19;1
202100037222;135 147;10;6;0;2;1;1
202100037223;135 146;7;1;0;2;2;1
202100037224;135 144;7;0;2;2;15;1
202100037224;135 145;2;0;2;1;2;1
202100037225;135 143;33;0;1;3;21;1
202100037226;135 141;1;1;0;1;1;0
202100037226;135 142;7;0;2;3;24;1
202100037227;135 139;2;0;2;1;1;3
202100037227;135 140;7;0;2;8;15;1
202100037228;135 138;7;0;1;2;26;1
202100037229;135 136;7;0;2;3;19;1
202100037229;135 137;1;0;2;1;1;5
202100037230;135 134;7;0;2;7;17;1
202100037230;135 135;1;0;2;8;1;5
202100037231;135 133;7;13;0;9;21;1
202100037232;135 131;7;0;2;3;1;1
202100037232;135 132;7;9;2;3;11;1
202100037233;135 129;2;0;2;7;1;1
202100037233;135 130;7;0;2;8;11;1
202100037234;135 128;7;0;1;8;1;1
202100037235;135 126;7;0;2;4;1;1
202100037235;135 127;2;0;2;4;1;1
202100037236;135 124;10;0;2;4;2;1
202100037236;135 125;7;0;2;1;2;1
202100037237;135 122;33;0;2;6;26;1
202100037237;135 123;7;0;2;5;26;1
202100037238;135 120;7;0;2;7;9;1
202100037238;135 121;33;0;2;8;1;1
202100037239;135 118;7;0;2;3;13;1
202100037239;135 119;7;0;2;3;1;1
202100037240;135 115;7;0;2;4;23;1
202100037240;135 116;7;0;2;1;1;1
202100037240;135 117;7;0;2;1;1;1
202100037241;135 113;7;0;0;4;23;1
202100037241;135 114;10;0;2;1;1;1
202100037242;135 111;37;0;2;3;1;4
202100037242;135 112;7;0;2;3;1;1
202100037243;135 109;30;0;2;0;0;1
202100037243;135 110;7;0;2;5;1;0
202100037244;135 107;7;8;2;1;26;1
202100037244;135 108;7;0;2;3;26;1
202100037245;135 105;7;0;2;8;16;1
202100037245;135 106;2;0;2;1;1;1
202100037246;135 103;7;0;2;2;15;1
202100037246;135 104;7;0;2;3;1;1
202100037247;135 101;7;0;2;5;15;1
202100037247;135 102;7;0;2;1;1;1
202100037248;135 099;7;0;2;5;16;1
202100037248;135 100;1;0;2;1;2;6
202100037249;135 097;7;0;2;2;1;1
202100037249;135 098;7;0;2;3;1;1
202100037250;135 095;7;0;2;3;15;1
202100037250;135 096;1;0;2;6;1;5
202100037251;135 093;7;0;2;7;1;1
202100037251;135 094;7;0;2;1;1;1
202100037252;135 091;7;0;2;1;1;1
202100037252;135 092;43;0;2;1;15;1
202100037253;135 089;7;0;2;3;19;1
202100037253;135 090;33;0;2;1;1;1
202100037254;135 088;3;6;0;1;21;1
202100037255;135 086;7;0;2;8;0;1
202100037255;135 087;7;0;2;1;0;1
202100037256;135 084;7;0;2;1;1;1
202100037256;135 085;7;0;2;1;1;1
202100037257;135 083;7;0;0;2;1;0
202100037258;135 081;7;0;2;1;15;1
202100037258;135 082;2;0;2;0;1;1
202100037259;135 079;7;0;2;3;1;1
202100037259;135 080;30;0;2;2;16;1
202100037260;135 077;7;0;2;3;15;6
202100037260;135 078;31;0;2;1;1;6
202100037261;135 075;7;0;2;2;16;1
202100037261;135 076;1;0;2;2;13;5
202100037262;135 070;30;0;2;1;5;1
202100037262;135 071;30;0;2;1;1;1
202100037263;135 068;7;0;2;1;21;1
202100037263;135 069;7;0;2;4;16;1
202100037264;135 066;10;0;2;3;15;1
202100037264;135 067;7;0;2;3;1;1
202100037265;135 064;7;0;2;1;1;1
202100037265;135 065;33;0;2;4;1;1
202100037266;135 063;33;0;0;1;1;1
202100037267;135 061;7;0;2;7;1;1
202100037267;135 062;32;0;2;1;26;1
202100037268;135 059;7;0;2;1;9;1
202100037268;135 060;33;0;2;1;17;1
202100037269;135 058;7;0;1;0;11;1
202100037270;135 055;7;0;2;6;1;1
202100037270;135 056;7;0;2;4;1;1
202100037270;135 057;7;0;2;1;1;1
202100037271;135 053;32;0;2;0;0;1
202100037271;135 054;7;0;2;1;9;0
202100037272;135 051;7;0;2;6;15;1
202100037272;135 052;33;0;2;7;17;1
202100037273;135 048;7;0;2;1;2;1
202100037273;135 049;7;0;2;4;2;1
202100037273;135 050;7;0;2;4;2;1
202100037274;135 046;1;0;2;1;1;0
202100037274;135 047;7;0;2;3;15;1
202100037275;135 043;10;0;2;4;1;1
202100037275;135 044;7;0;2;4;1;1
202100037275;135 045;7;1;0;1;2;1
202100037276;135 042;7;0;1;8;2;1
202100037277;135 041;7;8;0;1;1;1
202100037278;135 039;7;0;2;3;9;1
202100037278;135 040;33;0;2;2;1;1
202100037279;135 038;2;0;0;0;9;0
202100037280;135 035;33;0;2;2;3;1
202100037280;135 036;7;0;2;5;1;0
202100037280;135 037;32;0;2;0;11;0
202100037281;135 032;33;0;2;2;3;1
202100037281;135 033;10;0;2;5;1;0
202100037281;135 034;14;0;2;6;1;1
202100037282;135 031;32;0;1;1;17;1
202100037283;135 029;30;0;2;2;5;3
202100037283;135 030;1;0;2;3;1;5
202100037284;135 028;2;0;1;1;17;3
202100037285;135 026;1;0;2;1;1;5
202100037285;135 027;7;0;2;1;15;1
202100037286;135 024;50;0;2;4;11;3
202100037286;135 025;50;0;2;1;17;3
202100037287;135 022;43;0;2;7;15;1
202100037287;135 023;7;0;2;0;16;0
202100037288;135 021;34;0;1;1;5;1
202100037289;135 019;33;0;2;7;1;1
202100037289;135 020;7;0;2;8;13;1
202100037290;135 017;7;0;2;4;2;1
202100037290;135 018;1;0;2;1;2;5
202100037291;135 016;7;0;1;1;15;1
202100037292;135 013;1;0;2;7;19;5
202100037292;135 014;7;0;2;3;1;3
202100037292;135 015;15;0;2;2;1;1
202100037293;135 009;7;1;0;2;14;1
202100037293;135 010;7;1;2;4;24;1
202100037293;135 011;7;1;2;4;24;1
202100037293;135 012;37;12;2;6;1;6
202100037294;135 006;7;0;2;1;11;0
202100037294;135 007;7;0;2;4;23;1
202100037294;135 008;7;0;2;4;1;1
202100037295;135 005;1;0;0;0;21;5
202100037296;135 004;1;0;1;3;16;5
202100037297;135 002;80;0;2;1;1;3
202100037297;135 003;10;0;9;4;23;3
202100037298;135 000;7;0;2;8;15;2
202100037298;135 001;1;0;2;3;1;5
202100037299;134 998;31;0;0;7;1;1
202100037299;134 999;7;0;2;8;11;2
202100037300;134 996;7;0;2;2;15;1
202100037300;134 997;7;0;2;3;1;1
202100037301;134 995;2;15;2;4;19;1
202100037302;134 993;33;0;2;7;2;1
202100037302;134 994;7;0;2;6;2;1
202100037303;134 992;34;1;0;1;2;1
202100037304;134 990;33;0;2;8;0;1
202100037304;134 991;7;0;2;1;0;1
202100037305;134 988;1;0;2;8;2;5
202100037305;134 989;7;0;2;5;17;1
202100037306;134 987;2;0;1;1;1;0
202100037307;134 985;7;1;0;1;1;1
202100037307;134 986;7;0;2;1;0;1
202100037308;134 984;99;0;1;3;9;0
202100037309;134 983;7;1;0;2;1;1
202100037310;134 981;10;0;2;1;1;1
202100037310;134 982;7;0;2;8;0;1
202100037311;134 979;30;0;2;7;19;0
202100037311;134 980;7;0;2;0;0;0
202100037312;134 977;7;0;2;2;2;1
202100037312;134 978;60;0;2;4;26;5
202100037313;134 975;33;0;2;1;1;1
202100037313;134 976;7;0;0;0;0;0
202100037314;134 974;7;0;1;3;1;2
202100037315;134 972;99;0;0;8;23;6
202100037315;134 973;1;0;2;1;17;5
202100037316;134 970;7;0;2;2;10;1
202100037316;134 971;32;0;2;1;17;1
202100037317;134 968;43;0;2;8;15;1
202100037317;134 969;7;0;2;7;1;1
202100037318;134 966;32;0;2;1;1;1
202100037318;134 967;10;0;2;1;1;1
202100037319;134 964;7;0;1;2;16;2
202100037319;134 965;60;0;2;7;19;5
202100037320;134 963;31;0;0;0;1;1
202100037321;134 961;1;0;0;0;0;0
202100037321;134 962;7;0;0;0;0;1
202100037322;134 959;7;0;2;2;17;1
202100037322;134 960;1;0;2;0;0;5
202100037323;134 957;99;0;9;2;10;1
202100037323;134 958;1;0;2;0;1;5
202100037324;134 955;2;0;2;1;0;1
202100037324;134 956;7;0;2;3;15;1
202100037325;134 953;1;0;2;0;1;0
202100037325;134 954;7;0;2;2;16;1
202100037326;134 951;10;0;0;0;14;1
202100037326;134 952;50;0;0;0;5;3
202100037327;134 949;80;0;2;1;13;3
202100037327;134 950;10;0;2;2;0;1
202100037328;134 947;7;0;2;3;1;1
202100037328;134 948;7;0;2;3;1;1
202100037329;134 945;1;0;0;9;26;5
202100037329;134 946;7;0;0;;1;1
202100037330;134 942;7;0;1;4;20;1
202100037331;134 940;7;0;2;1;0;1
202100037331;134 941;17;0;2;4;0;1
202100037332;134 938;7;1;0;2;21;1
202100037332;134 939;7;0;2;5;23;1
202100037333;134 936;7;0;2;3;1;1
202100037333;134 937;7;0;2;6;1;1
202100037334;134 932;7;0;2;0;0;1
202100037334;134 933;7;0;2;4;1;1
202100037335;134 930;10;0;2;2;17;1
202100037335;134 931;33;0;2;2;1;1
202100037336;134 927;15;0;2;6;1;1
202100037336;134 928;14;0;2;8;1;1
202100037336;134 929;1;0;2;7;3;5
202100037337;134 925;7;0;2;2;15;1
202100037337;134 926;33;0;2;2;1;1
202100037338;134 924;33;0;0;8;21;1
202100037339;134 923;33;0;0;7;1;1
202100037340;134 921;31;0;2;8;11;1
202100037340;134 922;7;0;2;7;17;1
202100037341;134 920;7;2;0;1;14;1
202100037342;134 918;7;0;2;3;15;1
202100037342;134 919;33;0;2;2;17;1
202100037343;134 917;7;6;0;1;1;1
202100037344;134 915;7;0;2;8;1;1
202100037344;134 916;7;0;2;1;1;1
202100037345;134 913;7;0;2;3;13;1
202100037345;134 914;15;0;2;1;1;1
202100037346;134 911;10;0;2;1;1;1
202100037346;134 912;1;0;2;7;6;5
202100037347;134 910;2;0;0;0;1;1
202100037348;134 909;7;2;0;2;1;1
202100037349;134 908;7;1;0;1;1;1
202100037350;134 905;15;0;2;1;1;1
202100037350;134 906;7;0;2;8;15;1
202100037351;134 904;7;1;0;2;14;1
202100037352;134 902;3;0;2;3;1;1
202100037352;134 903;7;0;2;3;15;1
202100037353;134 900;33;0;5;1;1;1
202100037353;134 901;33;0;2;1;1;1
202100037354;134 898;7;0;9;3;9;1
202100037354;134 899;1;0;2;1;9;5
202100037355;134 896;10;0;2;3;1;1
202100037355;134 897;2;0;2;7;15;1
202100037356;134 894;33;0;2;1;13;1
202100037356;134 895;7;0;2;6;1;1
202100037357;134 893;2;13;0;1;0;1
202100037358;134 891;33;0;2;1;1;1
202100037358;134 892;7;0;2;1;19;1
202100037359;134 889;2;0;2;1;1;1
202100037359;134 890;7;0;2;5;15;1
202100037360;134 888;7;0;1;1;1;1
202100037361;134 887;7;0;0;3;1;1
202100037362;134 885;7;0;2;6;9;1
202100037362;134 886;17;0;2;2;1;1
202100037363;134 883;2;0;2;1;13;1
202100037363;134 884;33;0;2;1;1;1
202100037364;134 882;7;8;0;2;2;1
202100037365;134 880;33;0;2;1;2;1
202100037365;134 881;7;0;2;4;0;1
202100037366;134 878;7;0;1;0;0;1
202100037366;134 879;1;0;2;0;0;5
202100037367;134 876;1;0;2;8;2;5
202100037367;134 877;7;0;2;6;2;1
202100037368;134 874;10;0;2;1;13;1
202100037368;134 875;7;0;2;1;26;1
202100037369;134 873;7;1;0;1;1;1
202100037370;134 871;7;0;2;3;15;1
202100037370;134 872;33;0;2;3;1;1
202100037371;134 869;10;0;0;5;15;1
202100037371;134 870;33;0;2;1;2;1
202100037372;134 868;2;3;0;1;1;1
202100037373;134 867;1;0;0;9;1;5
202100037374;134 865;7;3;2;2;3;1
202100037374;134 866;15;0;0;6;1;1
202100037375;134 864;33;6;0;3;1;1
202100037376;134 862;17;0;2;3;1;1
202100037376;134 863;7;12;2;3;1;1
202100037377;134 860;7;0;2;3;15;0
202100037377;134 861;32;0;2;8;1;1
202100037378;134 858;33;0;2;0;1;1
202100037378;134 859;14;0;2;8;1;1
202100037379;134 854;33;0;2;1;1;1
202100037379;134 855;7;0;2;6;2;1
202100037380;134 853;31;13;0;2;1;1
202100037381;134 851;7;0;2;3;19;1
202100037381;134 852;7;0;2;0;1;1
202100037382;134 850;7;0;1;2;16;1
202100037383;134 848;7;0;1;3;1;1
202100037384;134 845;7;8;0;1;1;1
202100037385;134 842;7;0;2;4;1;1
202100037385;134 843;10;0;2;4;1;1
202100037385;134 844;10;0;2;1;2;1
202100037386;134 841;17;0;0;0;0;1
202100037387;134 837;7;0;2;4;1;1
202100037387;134 838;33;0;2;4;1;1
202100037387;134 839;7;0;2;4;2;1
202100037387;134 840;7;0;2;1;1;1
202100037388;134 836;34;3;0;1;0;1
202100037389;134 833;7;0;2;1;1;1
202100037389;134 834;7;0;2;4;2;1
202100037389;134 835;7;0;2;4;2;1
202100037390;134 831;10;0;2;1;2;1
202100037390;134 832;7;0;2;4;2;1
202100037391;134 829;7;0;2;0;0;1
202100037391;134 830;10;0;2;1;2;1
202100037392;134 827;10;0;2;6;1;1
202100037392;134 828;33;0;2;2;3;1
202100037393;134 823;7;0;2;2;17;2
202100037393;134 824;7;0;2;6;1;1
202100037393;134 825;7;0;2;5;1;1
202100037393;134 826;7;0;2;2;1;1
202100037394;134 821;7;0;2;1;1;1
202100037394;134 822;7;0;2;4;2;1
202100037395;134 819;7;0;2;6;9;1
202100037395;134 820;15;0;2;2;2;1
202100037396;134 817;10;1;0;1;2;1
202100037396;134 818;7;0;2;4;23;1
202100037397;134 815;7;0;2;8;0;1
202100037397;134 816;31;4;2;0;0;1
202100037398;134 814;33;0;2;6;1;1
202100037399;134 813;7;0;1;2;14;1
202100037400;134 811;7;0;2;3;1;1
202100037400;134 812;13;0;2;2;15;1
202100037401;134 810;7;0;1;4;4;1
202100037402;134 808;7;0;2;2;12;1
202100037402;134 809;7;0;2;3;1;1
202100037403;134 806;7;0;2;3;26;1
202100037403;134 807;7;0;2;3;13;1
202100037404;134 804;7;0;2;1;24;0
202100037404;134 805;7;0;2;1;26;0
202100037405;134 802;1;0;2;2;1;5
202100037405;134 803;10;0;2;3;9;1
202100037406;134 801;32;0;2;1;19;1
202100037407;134 800;7;0;1;1;15;1
202100037408;134 798;7;15;2;3;0;1
202100037408;134 799;7;0;2;5;1;1
202100037409;134 796;7;0;2;4;1;1
202100037409;134 797;7;0;2;1;1;1
202100037410;134 794;30;0;2;8;1;1
202100037410;134 795;7;0;2;2;12;1
202100037411;134 793;33;12;0;2;1;1
202100037412;134 791;7;0;2;2;19;1
202100037412;134 792;2;0;2;8;1;1
202100037413;134 789;33;0;2;2;17;1
202100037413;134 790;7;0;2;3;15;1
202100037414;134 788;7;0;1;1;1;1
202100037415;134 786;7;0;2;1;9;0
202100037415;134 787;7;0;2;7;26;0
202100037416;134 782;7;0;2;1;1;1
202100037416;134 783;7;0;2;1;1;1
202100037417;134 780;2;0;2;1;13;1
202100037417;134 781;1;0;2;3;1;5
202100037418;134 773;7;2;2;1;1;1
202100037418;134 774;7;0;2;2;15;1
202100037419;134 772;7;0;1;2;26;1
202100037420;134 770;7;0;2;3;9;1
202100037420;134 771;50;0;2;3;15;3
202100037421;134 768;7;0;2;1;21;1
202100037421;134 769;50;0;2;0;19;3
202100037422;134 766;7;0;2;1;1;1
202100037422;134 767;7;0;2;4;1;1
202100037423;134 764;7;0;1;1;1;1
202100037423;134 765;7;0;1;1;1;1
202100037424;134 762;7;0;2;2;1;1
202100037424;134 763;7;0;2;1;1;1
202100037425;134 761;33;0;0;7;1;1
202100037426;134 758;7;0;0;0;0;1
202100037426;134 759;2;1;2;9;1;1
202100037426;134 760;10;1;2;8;24;1
202100037427;134 756;7;0;2;1;16;1
202100037427;134 757;1;0;2;8;25;0
202100037428;134 754;7;0;2;5;19;1
202100037428;134 755;7;0;2;3;1;1
202100037429;134 752;7;0;2;1;15;1
202100037429;134 753;32;0;2;2;1;1
202100037430;134 751;33;0;5;1;1;1
202100037431;134 749;10;9;2;1;26;1
202100037431;134 750;7;0;0;4;1;1
202100037432;134 748;7;13;0;2;14;1
202100037433;134 746;33;0;2;1;2;1
202100037433;134 747;7;0;2;6;20;1
202100037434;134 744;7;0;2;3;15;1
202100037434;134 745;31;0;2;3;17;1
202100037435;134 743;7;0;1;0;1;0
202100037436;134 741;32;0;2;1;2;1
202100037436;134 742;7;0;2;5;23;1
202100037437;134 739;7;0;2;1;1;1
202100037437;134 740;7;0;2;1;1;1
202100037438;134 738;7;13;0;9;14;1
202100037439;134 736;7;1;0;1;13;1
202100037439;134 737;7;0;2;1;24;1
202100037440;134 735;30;6;0;1;1;1
202100037441;134 733;7;1;2;4;1;1
202100037441;134 734;10;0;2;1;1;1
202100037442;134 731;33;0;2;2;2;1
202100037442;134 732;32;0;2;1;9;1
202100037443;134 729;7;0;2;1;1;1
202100037443;134 730;1;0;2;1;13;5
202100037444;134 727;7;0;2;4;12;1
202100037444;134 728;33;0;2;1;3;1
202100037445;134 726;7;0;1;1;1;1
202100037446;134 724;1;0;2;1;2;5
202100037446;134 725;50;0;2;8;19;3
202100037447;134 723;7;1;0;1;14;1
202100037448;134 721;7;0;2;7;1;1
202100037448;134 722;7;0;2;1;1;1
202100037449;134 719;30;0;2;7;17;1
202100037449;134 720;7;0;2;3;15;1
202100037450;134 718;7;1;1;1;1;1
202100037451;134 716;7;0;2;2;16;1
202100037451;134 717;1;0;2;1;1;5
202100037452;134 715;32;12;0;1;1;1
202100037453;134 714;80;0;1;1;1;3
202100037454;134 713;1;0;0;1;13;5
202100037455;134 711;7;0;2;4;2;1
202100037455;134 712;2;0;2;1;2;1
202100037456;134 710;30;1;0;7;0;1
202100037457;134 709;7;0;1;1;15;1
202100037458;134 708;10;0;1;1;1;1
202100037459;134 707;7;0;1;4;20;1
202100037460;134 705;7;4;2;2;1;1
202100037460;134 706;7;4;2;3;16;1
202100037461;134 703;1;0;2;1;2;5
202100037461;134 704;7;0;2;7;2;1
202100037462;134 702;1;12;0;1;0;5
202100037463;134 700;1;0;2;1;15;0
202100037463;134 701;7;0;2;1;1;1
202100037464;134 698;7;0;2;2;16;1
202100037464;134 699;50;0;2;3;25;3
202100037465;134 696;7;0;2;8;19;1
202100037465;134 697;7;0;2;1;19;1
202100037466;134 695;10;0;0;0;1;1
202100037467;134 694;33;0;0;3;1;1
202100037468;134 693;33;2;0;1;1;1
202100037469;134 691;7;0;2;4;1;1
202100037469;134 692;10;0;2;1;1;1
202100037470;134 690;7;14;0;3;1;1
202100037471;134 689;33;0;0;0;1;1
202100037472;134 688;7;0;0;3;0;1
202100037473;134 686;7;0;2;3;1;1
202100037473;134 687;7;0;2;3;13;1
202100037474;134 684;33;0;2;3;1;1
202100037474;134 685;7;0;2;2;19;1
202100037475;134 683;33;15;0;1;1;1
202100037476;134 681;7;3;2;1;2;1
202100037476;134 682;17;0;2;8;2;1
202100037477;134 680;7;13;0;1;1;1
202100037478;134 678;7;8;2;1;1;1
202100037478;134 679;1;0;2;8;1;5
202100037479;134 676;7;1;2;2;5;1
202100037479;134 677;7;0;2;2;2;1
202100037480;134 674;7;0;9;3;3;1
202100037480;134 675;1;0;2;1;1;5
202100037481;134 672;7;0;0;1;1;1
202100037481;134 673;10;0;0;2;1;1
202100037482;134 670;33;0;2;1;2;1
202100037482;134 671;33;12;0;4;1;1
202100037483;134 668;7;0;2;1;15;1
202100037483;134 669;7;0;2;1;16;1