Num_Acc;id_vehicule;categorie_vehicule;obstacle_fixe;obstacle_mobile;point_choc_initial;manoeuvre_principale;motorisation
202100037484;134 667;7;13;0;3;13;1
202100037485;134 666;80;0;0;0;1;3
202100037486;134 665;31;0;0;0;16;1
202100037487;134 663;7;0;2;1;1;1
202100037487;134 664;7;0;2;0;13;1
202100037488;134 661;7;0;2;8;1;1
202100037488;134 662;33;0;2;1;13;1
202100037489;134 659;7;0;2;1;13;1
202100037489;134 660;7;0;2;1;1;1
202100037490;134 658;50;0;0;0;0;3
202100037491;134 656;33;0;2;1;13;1
202100037491;134 657;7;0;2;3;10;1
202100037492;134 655;2;0;0;0;1;1
202100037493;134 653;1;0;2;8;19;5
202100037493;134 654;7;0;2;3;1;1
202100037494;134 651;1;0;2;1;0;5
202100037494;134 652;10;0;9;8;15;1
202100037495;134 647;10;0;9;3;1;1
202100037495;134 648;7;0;9;1;1;1
202100037495;134 649;7;0;2;5;15;1
202100037495;134 650;33;0;2;1;1;1
202100037496;134 646;7;6;0;1;1;1
202100037497;134 645;33;16;0;7;15;1
202100037498;134 642;10;0;2;2;17;1
202100037498;134 643;7;0;2;3;13;1
202100037498;134 644;21;0;0;6;1;1
202100037499;134 640;7;0;2;8;15;1
202100037499;134 641;2;0;2;1;1;1
202100037500;134 638;7;13;2;1;17;1
202100037500;134 639;31;0;2;8;11;1
202100037501;134 636;33;0;2;1;13;1
202100037501;134 637;7;0;2;3;1;1
202100037502;134 634;7;0;2;3;13;1
202100037502;134 635;33;0;2;3;1;1
202100037503;134 632;7;0;0;2;13;1
202100037503;134 633;7;0;2;2;13;1
202100037504;134 630;33;0;2;7;17;1
202100037504;134 631;7;0;0;6;1;0
202100037505;134 628;33;0;2;1;1;1
202100037505;134 629;7;2;2;3;5;1
202100037506;134 626;13;3;2;2;13;1
202100037506;134 627;7;0;0;2;1;1
202100037507;134 625;2;13;0;1;1;1
202100037508;134 623;33;0;2;2;1;1
202100037508;134 624;7;0;2;8;9;1
202100037509;134 620;10;0;2;1;13;1
202100037509;134 621;7;0;2;1;1;1
202100037509;134 622;7;0;2;1;2;2
202100037510;134 618;31;0;2;1;13;1
202100037510;134 619;33;0;2;1;1;1
202100037511;134 616;7;0;2;3;14;2
202100037511;134 617;7;0;2;2;13;1
202100037512;134 615;34;0;0;7;1;1
202100037513;134 614;7;5;0;1;1;1
202100037514;134 611;7;0;2;1;2;1
202100037514;134 612;7;0;0;4;2;1
202100037514;134 613;7;14;0;1;1;1
202100037515;134 608;17;4;2;8;11;1
202100037515;134 609;7;4;2;7;1;1
202100037515;134 610;7;0;9;1;26;1
202100037516;134 607;7;0;0;0;1;1
202100037517;134 606;7;0;1;1;16;1
202100037518;134 603;7;0;2;3;0;1
202100037518;134 604;7;0;2;1;1;1
202100037519;134 601;7;0;0;1;0;1
202100037519;134 602;7;7;0;8;1;1
202100037520;134 597;7;0;2;8;15;1
202100037520;134 598;7;0;2;1;1;1
202100037521;134 595;7;0;2;1;1;1
202100037521;134 596;10;0;2;7;15;1
202100037522;134 594;7;2;0;5;13;1
202100037523;134 592;7;0;2;1;1;1
202100037523;134 593;7;0;2;8;15;1
202100037524;134 590;7;0;2;3;1;1
202100037524;134 591;33;0;2;3;13;1
202100037525;134 589;33;0;0;1;1;1
202100037526;134 588;33;12;0;1;16;1
202100037527;134 586;7;0;2;0;17;1
202100037527;134 587;33;0;2;1;2;1
202100037528;134 585;33;16;0;0;21;1
202100037529;134 584;7;3;0;2;0;1
202100037530;134 582;7;0;0;2;1;1
202100037530;134 583;7;0;2;1;1;1
202100037531;134 581;31;6;9;1;0;1
202100037532;134 579;1;0;9;1;1;5
202100037532;134 580;1;0;9;4;0;5
202100037533;134 577;7;0;2;3;9;1
202100037533;134 578;7;0;2;1;1;1
202100037534;134 575;7;0;2;3;1;1
202100037534;134 576;31;0;2;7;15;1
202100037535;134 573;7;0;2;1;1;1
202100037535;134 574;7;0;2;4;1;1
202100037536;134 570;7;0;0;0;1;1
202100037536;134 571;7;0;2;2;1;1
202100037536;134 572;7;0;2;8;1;1
202100037537;134 568;7;0;2;1;1;1
202100037537;134 569;7;0;2;4;1;1
202100037538;134 565;7;0;2;1;12;1
202100037538;134 566;7;0;2;5;1;1
202100037538;134 567;7;0;2;8;1;1
202100037539;134 563;14;0;2;1;2;1
202100037539;134 564;7;0;2;4;11;1
202100037540;134 561;10;14;2;1;3;1
202100037540;134 562;10;4;0;9;26;1
202100037541;134 559;10;13;2;6;1;1
202100037541;134 560;7;0;2;2;14;1
202100037542;134 556;7;0;2;8;1;1
202100037542;134 557;7;0;2;2;17;1
202100037542;134 558;7;0;2;3;1;1
202100037543;134 554;33;0;2;6;11;1
202100037543;134 555;7;0;2;1;0;0
202100037544;134 553;33;16;0;0;0;1
202100037545;134 551;7;0;2;4;1;1
202100037545;134 552;7;0;2;1;1;1
202100037546;134 550;31;0;2;7;14;1
202100037547;134 547;7;0;2;9;26;1
202100037547;134 548;7;0;2;4;26;1
202100037547;134 549;7;0;2;1;19;3
202100037548;134 545;33;0;2;4;1;1
202100037548;134 546;7;0;2;1;1;1
202100037549;134 543;7;0;2;0;0;1
202100037549;134 544;7;0;2;4;2;1
202100037550;134 541;7;0;2;4;1;1
202100037550;134 542;7;0;2;1;1;1
202100037551;134 539;7;0;2;4;1;1
202100037551;134 540;7;0;2;1;2;1
202100037552;134 538;7;0;1;1;1;1
202100037553;134 537;7;0;1;1;1;1
202100037554;134 536;7;0;1;3;1;0
202100037555;134 535;10;0;1;1;26;1
202100037556;134 534;7;0;1;3;26;2
202100037557;134 533;2;1;0;3;13;1
202100037558;134 531;7;1;2;8;22;1
202100037558;134 532;2;1;0;7;1;1
202100037559;134 529;31;0;9;1;1;1
202100037559;134 530;30;0;9;1;1;1
202100037560;134 527;7;0;2;3;1;1
202100037560;134 528;7;0;2;2;5;1
202100037561;134 525;7;0;2;1;1;1
202100037561;134 526;30;0;2;8;1;1
202100037562;134 523;34;0;2;1;1;1
202100037562;134 524;7;0;2;7;15;1
202100037563;134 522;10;0;1;2;1;1
202100037564;134 520;7;0;0;0;15;1
202100037564;134 521;33;0;0;0;1;1
202100037565;134 518;2;0;2;1;1;1
202100037565;134 519;7;0;2;3;11;1
202100037566;134 516;7;0;2;6;9;1
202100037566;134 517;33;0;2;1;21;1
202100037567;134 514;7;0;2;3;1;0
202100037567;134 515;7;0;2;6;19;1
202100037568;134 513;33;0;0;7;1;1
202100037569;134 512;7;0;1;1;1;1
202100037570;134 510;7;0;2;4;23;1
202100037570;134 511;7;0;2;1;17;1
202100037571;134 508;34;0;2;1;9;1
202100037571;134 509;7;0;2;5;16;1
202100037572;134 506;37;0;2;6;23;1
202100037572;134 507;7;0;2;2;11;0
202100037573;134 501;7;0;2;6;1;1
202100037573;134 502;7;0;2;1;1;1
202100037574;134 499;7;0;0;5;15;1
202100037574;134 500;7;0;2;3;21;1
202100037575;134 498;2;8;0;1;14;1
202100037576;134 495;7;0;2;3;10;1
202100037576;134 496;33;0;2;1;1;1
202100037577;134 493;7;0;2;3;0;1
202100037577;134 494;33;0;2;1;13;1
202100037578;134 490;7;9;0;5;23;1
202100037578;134 491;7;0;0;3;23;1
202100037578;134 492;7;0;2;1;26;1
202100037579;134 488;1;0;2;1;25;5
202100037579;134 489;7;0;2;2;26;1
202100037580;134 487;34;0;1;0;17;1
202100037581;134 485;7;0;2;1;2;1
202100037581;134 486;7;0;2;1;9;1
202100037582;134 483;7;0;2;1;1;1
202100037582;134 484;7;0;2;1;13;1
202100037583;134 481;33;0;2;1;21;1
202100037583;134 482;7;0;2;6;15;1
202100037584;134 479;40;0;2;1;1;3
202100037584;134 480;7;0;4;3;15;1
202100037585;134 477;33;0;2;1;1;1
202100037585;134 478;7;0;2;3;19;1
202100037586;134 476;7;0;1;1;1;1
202100037587;134 474;34;0;2;8;1;1
202100037587;134 475;7;0;9;7;17;1
202100037588;134 472;30;0;2;1;1;1
202100037588;134 473;7;0;9;3;13;1
202100037589;134 470;7;0;2;7;15;1
202100037589;134 471;33;0;2;1;0;1
202100037590;134 468;32;0;2;1;1;1
202100037590;134 469;7;0;2;2;1;1
202100037591;134 466;7;0;2;5;1;1
202100037591;134 467;2;0;2;6;1;1
202100037592;134 465;7;0;1;1;15;1
202100037593;134 463;7;0;2;3;10;1
202100037593;134 464;2;0;2;1;17;3
202100037594;134 461;7;0;2;1;15;1
202100037594;134 462;7;0;2;5;1;1
202100037595;134 460;7;13;0;1;1;1
202100037596;134 458;1;0;2;2;9;5
202100037596;134 459;7;0;2;3;1;1
202100037597;134 457;30;0;0;1;1;1
202100037598;134 455;33;0;2;4;23;1
202100037598;134 456;13;0;2;1;9;1
202100037599;134 453;7;0;2;3;9;2
202100037599;134 454;7;0;2;4;9;1
202100037600;134 452;7;6;0;2;14;1
202100037601;134 449;7;0;2;1;2;1
202100037601;134 450;7;0;2;4;2;1
202100037601;134 451;7;0;2;4;2;1
202100037602;134 447;7;0;2;3;10;1
202100037602;134 448;33;0;2;3;1;1
202100037603;134 445;30;0;2;0;18;0
202100037603;134 446;50;0;2;1;1;3
202100037604;134 443;2;0;2;7;1;1
202100037604;134 444;7;0;2;8;9;1
202100037605;134 441;2;0;2;2;17;1
202100037605;134 442;7;0;2;3;15;1
202100037606;134 440;30;0;2;0;7;1
202100037607;134 438;1;0;2;7;9;5
202100037607;134 439;31;0;2;1;1;1
202100037608;134 436;7;0;2;2;15;1
202100037608;134 437;43;0;2;8;1;1
202100037609;134 434;80;0;2;1;1;3
202100037609;134 435;7;0;2;3;22;3
202100037610;134 432;7;0;2;0;17;1
202100037610;134 433;43;0;0;3;1;1
202100037611;134 430;31;0;2;8;1;1
202100037611;134 431;7;12;2;2;15;1
202100037612;134 428;1;0;2;1;5;5
202100037612;134 429;10;0;2;1;15;1
202100037613;134 425;7;0;2;3;1;1
202100037613;134 426;7;0;2;3;21;1
202100037613;134 427;7;0;2;4;15;2
202100037614;134 424;30;3;0;1;14;1
202100037615;134 423;7;1;0;2;14;1
202100037616;134 421;7;0;2;0;1;1
202100037616;134 422;30;8;0;1;18;1
202100037617;134 417;1;0;2;0;23;5
202100037617;134 418;1;0;2;0;23;5
202100037617;134 419;33;12;2;2;21;1
202100037617;134 420;1;0;2;0;23;5
202100037618;134 415;7;0;2;1;1;1
202100037618;134 416;7;0;2;6;10;1
202100037619;134 413;7;0;2;1;1;1
202100037619;134 414;1;0;2;1;1;5
202100037620;134 412;10;0;1;4;4;1
202100037621;134 410;1;0;2;1;2;5
202100037621;134 411;1;0;2;4;2;5
202100037622;134 409;1;0;0;0;1;5
202100037623;134 408;1;0;0;0;21;5
202100037624;134 406;7;0;2;2;16;1
202100037624;134 407;1;0;2;1;19;5
202100037625;134 405;7;4;2;2;14;1
202100037626;134 403;33;0;2;1;17;1
202100037626;134 404;7;0;2;3;18;1
202100037627;134 401;2;0;2;1;2;1
202100037627;134 402;7;0;2;5;2;1
202100037628;134 400;7;0;1;3;15;1
202100037629;134 398;7;0;2;2;15;1
202100037629;134 399;34;0;2;1;1;1
202100037630;134 396;2;0;2;1;1;1
202100037630;134 397;7;0;2;3;9;1
202100037631;134 394;7;0;2;1;1;1
202100037631;134 395;7;0;2;8;1;1
202100037632;134 392;7;0;2;1;19;0
202100037632;134 393;7;0;2;1;2;0
202100037633;134 389;7;0;2;1;23;1
202100037633;134 390;7;0;2;3;1;1
202100037633;134 391;7;0;2;2;1;1
202100037634;134 387;7;0;2;3;1;0
202100037634;134 388;43;0;2;4;23;1
202100037635;134 386;7;0;1;1;1;1
202100037636;134 383;99;0;2;1;2;1
202100037636;134 384;7;1;2;1;1;1
202100037636;134 385;7;0;2;8;16;1
202100037637;134 382;7;0;1;1;0;1
202100037638;134 380;7;0;2;1;1;1
202100037638;134 381;7;0;2;3;16;1
202100037639;134 377;7;0;2;4;23;1
202100037639;134 378;7;0;2;4;1;1
202100037639;134 379;7;0;2;1;1;1
202100037640;134 376;33;8;0;1;1;1
202100037641;134 373;32;0;0;1;1;1
202100037642;134 371;7;0;2;2;15;1
202100037642;134 372;7;8;2;1;1;1
202100037643;134 369;7;0;2;2;15;1
202100037643;134 370;33;0;2;1;1;1
202100037644;134 368;7;0;1;3;1;1
202100037645;134 367;7;1;0;1;5;1
202100037646;134 365;7;0;2;1;15;1
202100037646;134 366;1;0;0;4;2;5
202100037647;134 363;33;0;2;1;1;1
202100037647;134 364;7;0;2;7;15;1
202100037648;134 362;7;7;0;1;1;1
202100037649;134 360;7;0;2;3;19;1
202100037649;134 361;7;0;2;1;19;1
202100037650;134 358;7;0;2;1;13;1
202100037650;134 359;33;0;2;1;1;1
202100037651;134 357;2;5;0;0;1;0
202100037652;134 356;33;0;0;0;14;0
202100037653;134 355;33;6;0;9;1;1
202100037654;134 354;7;13;0;9;1;1
202100037655;134 352;33;12;2;0;1;1
202100037655;134 353;7;0;0;1;1;1
202100037656;134 350;50;0;2;1;1;3
202100037656;134 351;7;0;2;2;1;1
202100037657;134 348;7;0;2;1;1;1
202100037657;134 349;7;0;2;3;1;1
202100037658;134 347;33;13;0;3;1;1
202100037659;134 345;7;0;2;7;17;1
202100037659;134 346;7;0;2;3;15;1
202100037660;134 341;10;0;0;3;21;1
202100037660;134 342;7;0;2;3;19;1
202100037660;134 343;7;0;2;1;1;1
202100037660;134 344;7;0;2;2;1;1
202100037661;134 339;7;0;2;1;5;1
202100037661;134 340;7;0;2;1;1;1
202100037662;134 337;33;0;2;1;1;1
202100037662;134 338;7;0;0;7;16;1
202100037663;134 335;7;0;2;3;15;1
202100037663;134 336;2;0;2;1;1;1
202100037664;134 333;7;0;2;8;9;1
202100037664;134 334;7;0;2;1;1;1
202100037665;134 332;10;2;0;1;14;1
202100037666;134 331;33;1;0;8;1;1
202100037667;134 330;31;13;0;0;2;1
202100037668;134 328;7;0;2;2;1;1
202100037668;134 329;2;0;2;1;5;1
202100037669;134 327;7;0;1;1;1;1
202100037670;134 323;7;0;0;1;1;1
202100037670;134 324;7;0;2;7;1;1
202100037671;134 319;7;0;2;6;13;1
202100037671;134 320;33;0;2;1;1;1
202100037671;134 321;33;0;2;1;17;1
202100037672;134 318;7;8;0;9;0;1
202100037673;134 316;7;0;2;3;9;1
202100037673;134 317;33;0;2;5;1;1
202100037674;134 314;99;0;2;4;16;1
202100037674;134 315;7;0;2;1;0;1
202100037675;134 312;7;0;2;8;26;1
202100037675;134 313;33;15;2;3;1;1
202100037676;134 310;99;0;2;8;1;1
202100037676;134 311;33;0;2;3;1;1
202100037677;134 309;32;0;0;3;0;1
202100037678;134 308;7;8;0;9;14;1
202100037679;134 307;7;2;0;1;1;1
202100037680;134 306;33;3;0;9;1;1
202100037681;134 305;33;0;0;1;1;1
202100037682;134 303;7;0;2;1;19;1
202100037682;134 304;33;0;2;7;1;1
202100037683;134 301;33;0;2;1;1;1
202100037683;134 302;7;0;2;3;15;1
202100037684;134 300;31;13;0;1;1;1
202100037685;134 299;31;15;0;1;1;1
202100037686;134 298;33;0;0;0;1;1
202100037687;134 296;7;0;2;8;1;1
202100037687;134 297;15;0;2;7;17;0
202100037688;134 295;2;15;0;1;26;1
202100037689;134 294;7;0;1;1;1;1
202100037690;134 292;7;0;2;1;13;1
202100037690;134 293;7;0;2;3;1;1
202100037691;134 290;21;0;2;4;1;1
202100037691;134 291;7;0;2;1;1;1
202100037692;134 289;7;13;0;3;0;1
202100037693;134 287;1;0;2;1;1;5
202100037693;134 288;7;0;2;3;16;1
202100037694;134 286;7;2;0;1;1;1
202100037695;134 283;33;0;0;9;15;1
202100037696;134 282;7;9;0;1;14;1
202100037697;134 281;33;0;0;3;1;0
202100037698;134 279;32;0;2;1;17;1
202100037698;134 280;7;0;2;8;15;6
202100037699;134 278;33;13;0;1;13;1
202100037700;134 277;33;15;0;1;1;1
202100037701;134 275;1;0;2;5;1;5
202100037701;134 276;1;0;2;3;1;5
202100037702;134 273;7;0;2;1;1;1
202100037702;134 274;7;0;2;1;15;1
202100037703;134 272;2;6;0;3;1;1
202100037704;134 270;33;0;2;1;1;1
202100037704;134 271;7;0;2;2;15;1
202100037705;134 269;7;15;0;2;14;1
202100037706;134 267;7;0;2;3;15;1
202100037706;134 268;33;0;2;1;1;1
202100037707;134 265;34;0;2;1;1;1
202100037707;134 266;7;0;2;2;15;1
202100037708;134 264;1;0;0;0;1;5
202100037709;134 262;7;0;2;8;1;1
202100037709;134 263;33;0;2;8;13;1
202100037710;134 260;7;0;2;1;19;1
202100037710;134 261;7;0;2;2;1;1
202100037711;134 258;30;0;2;8;15;1
202100037711;134 259;2;0;2;1;2;1
202100037712;134 257;7;6;0;3;1;1
202100037713;134 255;7;0;2;2;2;1
202100037713;134 256;7;0;2;6;23;1
202100037714;134 253;7;0;2;1;2;1
202100037714;134 254;7;0;2;4;10;1
202100037715;134 251;31;0;2;8;3;1
202100037715;134 252;7;0;2;7;12;1
202100037716;134 249;7;0;2;1;1;1
202100037716;134 250;7;0;2;4;23;3
202100037717;134 245;7;0;2;4;1;1
202100037717;134 246;7;0;2;2;21;1
202100037717;134 247;7;0;2;7;1;1
202100037717;134 248;17;0;2;6;1;1
202100037718;134 243;7;0;2;7;12;1
202100037718;134 244;31;0;2;7;3;1
202100037719;134 242;7;3;0;1;2;1
202100037720;134 240;7;0;2;4;0;1
202100037720;134 241;33;0;2;4;12;1
202100037721;134 239;7;3;0;0;21;1
202100037722;134 238;31;13;0;1;14;1
202100037723;134 235;7;0;2;1;2;1
202100037723;134 236;10;0;2;1;2;1
202100037723;134 237;10;0;2;4;2;1
202100037724;134 234;31;0;2;8;26;1
202100037725;134 232;7;0;2;6;12;1
202100037725;134 233;33;0;2;1;3;1
202100037726;134 230;31;0;2;7;1;1
202100037726;134 231;7;0;2;8;11;1
202100037727;134 229;32;0;1;1;1;1
202100037728;134 228;7;0;1;1;16;1
202100037729;134 227;7;0;1;2;1;1
202100037730;134 225;33;0;2;4;2;1
202100037730;134 226;33;0;2;1;2;1
202100037731;134 224;2;0;0;0;1;1
202100037732;134 222;33;0;2;1;1;1
202100037732;134 223;7;0;2;4;1;1
202100037733;134 220;1;0;2;8;1;5
202100037733;134 221;7;0;9;1;1;1
202100037734;134 219;2;0;0;0;0;0
202100037735;134 217;2;0;2;8;1;1
202100037735;134 218;7;0;9;1;15;1
202100037736;134 215;7;0;9;6;2;1
202100037736;134 216;1;0;2;8;1;0
202100037737;134 213;7;0;2;7;2;1
202100037737;134 214;2;0;2;8;2;3
202100037738;134 212;7;0;1;8;1;1
202100037739;134 209;7;0;2;3;1;1
202100037739;134 210;2;0;2;7;18;1
202100037739;134 211;7;0;2;5;15;1
202100037740;134 208;30;0;0;2;3;1
202100037741;134 207;7;6;0;1;13;1
202100037742;134 205;7;0;2;5;1;1
202100037742;134 206;50;0;2;1;19;3
202100037743;134 204;7;0;1;1;15;3
202100037744;134 202;30;0;2;9;21;1
202100037744;134 203;3;0;2;3;13;1
202100037745;134 200;34;0;2;3;1;1
202100037745;134 201;10;0;2;1;26;1
202100037746;134 199;33;8;0;1;26;1
202100037747;134 196;37;0;2;6;1;1
202100037747;134 197;7;0;2;4;17;1
202100037747;134 198;33;0;2;2;3;1
202100037748;134 194;31;0;2;1;1;1
202100037748;134 195;7;0;2;2;15;1
202100037749;134 193;7;16;0;9;1;1
202100037750;134 191;7;0;2;3;9;1
202100037750;134 192;33;0;2;1;1;1
202100037751;134 188;7;0;2;1;1;1
202100037751;134 189;7;0;2;1;15;1
202100037752;134 187;33;0;0;7;13;1
202100037753;134 183;10;0;2;1;2;1
202100037753;134 184;7;0;2;4;2;1
202100037753;134 185;10;0;2;4;2;0
202100037753;134 186;7;0;2;4;0;1
202100037754;134 180;7;0;2;4;1;1
202100037754;134 181;7;0;2;4;1;1
202100037754;134 182;7;0;2;1;1;1
202100037755;134 178;7;0;0;3;1;1
202100037755;134 179;7;0;2;1;26;1
202100037756;134 177;7;0;1;7;1;1
202100037757;134 176;7;1;1;4;4;1
202100037758;134 172;7;1;0;4;1;1
202100037758;134 173;33;1;2;1;13;1
202100037759;134 169;10;0;2;6;15;1
202100037759;134 170;33;0;2;1;0;1
202100037760;134 168;7;0;1;8;15;1
202100037761;134 164;2;0;2;3;15;1
202100037761;134 165;50;0;2;2;19;3
202100037762;134 162;7;0;2;1;1;1
202100037762;134 163;50;0;2;8;1;3
202100037763;134 160;7;0;2;1;1;1
202100037763;134 161;32;0;2;1;1;1
202100037764;134 159;36;0;0;7;15;1
202100037765;134 157;33;12;2;8;21;1
202100037765;134 158;7;0;2;0;16;1
202100037766;134 155;10;0;2;3;22;1
202100037766;134 156;1;1;0;1;1;5
202100037767;134 153;7;0;2;1;2;1
202100037767;134 154;7;0;2;4;15;1
202100037768;134 151;30;0;2;1;19;1
202100037768;134 152;10;0;2;7;1;1
202100037769;134 150;0;0;1;0;2;0
202100037770;134 148;7;0;2;3;1;1
202100037770;134 149;7;0;2;1;1;1
202100037771;134 146;1;0;2;9;19;0
202100037771;134 147;10;0;2;2;1;1
202100037772;134 145;7;1;0;9;1;1
202100037773;134 144;7;9;1;9;14;1
202100037774;134 142;7;0;4;8;9;1
202100037774;134 143;39;0;2;1;1;0
202100037775;134 140;7;0;2;3;13;1
202100037775;134 141;7;1;2;3;1;1
202100037776;134 138;32;0;2;1;1;1
202100037776;134 139;7;0;9;2;15;1
202100037777;134 136;33;0;2;1;1;1
202100037777;134 137;7;0;9;4;1;1
202100037778;134 134;1;1;0;1;1;5
202100037778;134 135;7;0;2;8;24;1
202100037779;134 132;7;0;2;7;17;1
202100037779;134 133;2;0;2;8;17;1
202100037780;134 129;7;0;0;4;2;1
202100037780;134 130;7;0;2;4;2;1
202100037780;134 131;7;0;2;1;2;1
202100037781;134 127;7;0;2;3;19;1
202100037781;134 128;7;0;2;3;19;1
202100037782;134 125;7;0;9;5;16;1
202100037782;134 126;50;0;2;1;19;3
202100037783;134 124;7;4;0;1;1;1
202100037784;134 122;2;0;2;8;7;1
202100037784;134 123;7;0;2;7;16;1
202100037785;134 120;7;0;2;2;26;1
202100037785;134 121;7;0;2;1;0;1
202100037786;134 119;7;0;1;3;26;1
202100037787;134 117;7;0;2;7;1;1
202100037787;134 118;7;0;2;1;26;1
202100037788;134 115;31;0;2;1;19;1
202100037788;134 116;7;0;2;2;0;1
202100037789;134 114;30;9;0;1;1;1
202100037790;134 113;7;0;1;3;1;1
202100037791;134 112;2;0;0;8;26;1
202100037792;134 110;10;0;2;6;1;0
202100037792;134 111;30;0;2;2;17;1
202100037793;134 108;7;0;2;5;12;1
202100037793;134 109;7;0;2;3;1;1
202100037794;134 106;1;0;2;2;2;5
202100037794;134 107;7;0;2;6;2;1
202100037795;134 104;7;8;2;7;23;1
202100037795;134 105;37;14;0;7;1;1
202100037796;134 102;1;1;0;1;21;6
202100037796;134 103;10;0;2;7;22;1
202100037797;134 101;33;0;1;1;1;1
202100037798;134 098;30;0;1;1;25;1
202100037799;134 096;7;0;2;2;19;1
202100037799;134 097;7;0;2;1;1;1
202100037800;134 094;33;0;2;1;0;1
202100037800;134 095;7;0;2;3;15;1
202100037801;134 092;7;0;2;4;20;1
202100037801;134 093;7;0;2;1;1;1
202100037802;134 088;32;0;2;1;17;1
202100037802;134 089;7;0;2;6;15;1
202100037803;134 086;7;0;1;1;1;1
202100037803;134 087;7;1;2;1;26;1
202100037804;134 084;7;0;2;2;1;1
202100037804;134 085;7;0;2;1;1;1
202100037805;134 080;7;0;2;6;24;1
202100037805;134 081;7;1;0;3;1;1
202100037806;134 078;7;0;2;1;1;1
202100037806;134 079;7;0;2;4;1;1
202100037807;134 076;7;0;2;1;1;1
202100037807;134 077;1;0;2;1;1;5
202100037808;134 074;7;0;2;1;1;1
202100037808;134 075;1;0;2;1;1;5
202100037809;134 073;7;0;1;1;1;1
202100037810;134 071;7;0;2;1;0;1
202100037810;134 072;33;0;2;4;1;1
202100037811;134 069;7;0;2;2;5;1
202100037811;134 070;2;0;2;1;9;1
202100037812;134 067;7;0;2;0;0;0
202100037812;134 068;7;0;2;0;26;1
202100037813;134 065;7;0;2;1;1;1
202100037813;134 066;7;0;2;4;23;1
202100037814;134 063;33;12;2;2;15;1
202100037814;134 064;30;12;2;1;1;0
202100037815;134 061;1;0;2;7;2;0
202100037815;134 062;7;0;2;3;9;1
202100037816;134 060;7;0;1;1;1;1
202100037817;134 058;7;0;2;3;9;2
202100037817;134 059;30;0;2;1;1;1
202100037818;134 057;7;1;0;2;0;1
202100037819;134 055;33;0;2;1;26;1
202100037819;134 056;43;0;2;1;0;1
202100037820;134 053;10;0;2;3;23;1
202100037820;134 054;32;0;2;1;21;1
202100037821;134 052;7;13;0;6;1;1
202100037822;134 049;10;0;2;1;1;1
202100037822;134 050;7;0;2;4;1;1
202100037822;134 051;7;0;2;4;1;1
202100037823;134 047;33;0;2;3;21;1
202100037823;134 048;7;0;2;0;0;0
202100037824;134 045;7;0;2;3;13;1
202100037824;134 046;33;0;2;1;1;1
202100037825;134 043;33;0;2;1;21;1
202100037825;134 044;7;0;0;2;19;1
202100037826;134 042;33;0;0;7;21;1
202100037827;134 040;50;0;2;7;5;3
202100037827;134 041;7;0;2;1;16;2
202100037828;134 038;31;0;2;1;1;1
202100037828;134 039;50;0;2;4;15;3
202100037829;134 036;80;0;2;4;1;3
202100037829;134 037;30;0;2;1;16;1
202100037830;134 034;1;0;2;1;2;5
202100037830;134 035;1;0;2;3;10;5
202100037831;134 033;40;0;1;7;1;3
202100037832;134 032;32;0;0;0;21;1
202100037833;134 031;43;0;1;1;1;1
202100037834;134 029;7;0;2;6;23;1
202100037834;134 030;43;0;2;1;1;1
202100037835;134 027;7;0;2;8;22;1
202100037835;134 028;43;0;2;7;17;1
202100037836;134 025;7;0;2;7;16;3
202100037836;134 026;33;8;2;2;18;1
202100037837;134 024;30;0;1;1;1;1
202100037838;134 023;30;1;0;2;14;1
202100037839;134 021;30;12;2;7;14;1
202100037839;134 022;30;0;2;0;1;1
202100037840;134 019;1;0;2;1;1;5
202100037840;134 020;7;0;2;8;22;1
202100037841;134 017;1;0;2;1;1;5
202100037841;134 018;10;0;2;5;4;1
202100037842;134 015;7;0;2;1;15;1
202100037842;134 016;50;0;2;7;19;3
202100037843;134 014;7;0;1;1;1;1
202100037844;134 013;7;1;0;1;1;1
202100037845;134 012;43;0;1;2;26;1
202100037846;134 010;7;8;2;1;16;1
202100037846;134 011;2;8;2;1;1;1
202100037847;134 009;7;0;1;3;1;1
202100037848;134 007;7;0;2;8;15;1
202100037848;134 008;34;0;2;7;17;1
202100037849;134 005;7;9;2;3;26;1
202100037849;134 006;7;0;2;2;0;1
202100037850;134 003;7;0;2;7;5;1
202100037850;134 004;7;0;2;8;23;1
202100037851;134 002;10;8;0;1;9;1
202100037852;134 000;7;0;2;0;16;1
202100037852;134 001;10;0;2;7;24;1
202100037853;133 999;7;3;0;9;1;1
202100037854;133 997;31;0;0;8;1;1
202100037854;133 998;7;0;2;0;15;0
202100037855;133 995;10;0;2;2;2;3
202100037855;133 996;7;0;2;1;26;1
202100037856;133 994;30;9;1;0;26;1
202100037857;133 992;1;0;0;0;0;0
202100037857;133 993;15;0;2;7;16;1
202100037858;133 991;7;6;0;1;19;1
202100037859;133 990;7;0;1;1;1;1
202100037860;133 988;7;0;2;5;2;1
202100037860;133 989;10;0;2;3;2;1
202100037861;133 986;7;0;2;2;15;1
202100037861;133 987;33;0;2;1;0;1
202100037862;133 984;2;0;2;0;15;1
202100037862;133 985;7;0;2;1;1;1
202100037863;133 982;7;14;9;4;0;0
202100037863;133 983;1;14;0;1;26;5
202100037864;133 980;7;0;0;0;13;1
202100037864;133 981;2;0;2;0;3;1
202100037865;133 978;33;0;2;8;1;1
202100037865;133 979;7;0;2;1;15;1
202100037866;133 976;7;0;2;1;15;1
202100037866;133 977;7;0;2;2;0;1
202100037867;133 975;7;14;0;1;1;1
202100037868;133 974;1;0;1;1;1;5
202100037869;133 972;33;0;2;1;11;1
202100037869;133 973;30;0;2;4;2;1
202100037870;133 970;2;0;2;7;17;1