Num_Acc;id_vehicule;categorie_vehicule;obstacle_fixe;obstacle_mobile;point_choc_initial;manoeuvre_principale;motorisation
202100037870;133 971;7;0;2;3;15;1
202100037871;133 968;32;0;2;6;18;1
202100037871;133 969;13;0;2;5;1;1
202100037872;133 966;7;0;2;4;15;1
202100037872;133 967;31;0;2;1;2;1
202100037873;133 964;43;0;2;4;1;1
202100037873;133 965;7;0;2;1;2;2
202100037874;133 963;7;0;1;1;16;1
202100037875;133 961;33;0;2;2;2;0
202100037875;133 962;32;0;2;6;1;1
202100037876;133 960;7;1;9;2;1;1
202100037877;133 957;7;0;2;4;23;1
202100037877;133 958;7;0;2;4;23;2
202100037877;133 959;10;14;0;1;1;1
202100037878;133 956;0;8;0;7;25;0
202100037879;133 954;33;0;2;7;1;1
202100037879;133 955;7;0;2;1;19;1
202100037880;133 952;7;8;0;3;1;1
202100037880;133 953;7;0;0;3;1;1
202100037881;133 950;10;0;2;6;15;1
202100037881;133 951;33;0;2;1;15;1
202100037882;133 949;7;0;1;5;4;1
202100037883;133 948;7;0;1;2;1;1
202100037884;133 946;33;14;2;2;2;1
202100037884;133 947;7;0;0;6;2;1
202100037885;133 944;33;0;2;8;1;1
202100037885;133 945;7;0;2;8;1;1
202100037886;133 942;33;0;2;2;17;1
202100037886;133 943;7;0;2;3;17;1
202100037887;133 941;33;7;0;0;1;1
202100037888;133 939;1;0;2;1;13;5
202100037888;133 940;7;0;2;1;1;1
202100037889;133 938;2;0;1;1;1;1
202100037890;133 936;1;0;2;4;1;5
202100037890;133 937;1;0;2;1;2;5
202100037891;133 933;7;0;0;0;26;1
202100037891;133 934;21;0;2;3;1;6
202100037891;133 935;2;0;2;1;21;1
202100037892;133 932;2;12;0;3;15;1
202100037893;133 930;7;0;0;5;1;1
202100037893;133 931;7;0;2;3;1;1
202100037894;133 929;1;1;0;1;14;5
202100037895;133 926;7;0;2;3;13;1
202100037895;133 927;7;0;2;3;1;1
202100037896;133 924;7;6;2;3;2;1
202100037896;133 925;7;6;2;3;2;1
202100037897;133 922;7;0;0;8;9;1
202100037897;133 923;1;0;2;1;9;0
202100037898;133 921;7;8;0;3;0;1
202100037899;133 920;7;0;0;3;14;1
202100037900;133 918;7;0;2;7;15;1
202100037900;133 919;31;0;2;1;1;1
202100037901;133 916;10;0;2;1;1;1
202100037901;133 917;7;0;2;3;16;1
202100037902;133 915;2;0;0;0;1;1
202100037903;133 913;1;0;9;1;2;5
202100037903;133 914;1;0;9;1;2;5
202100037904;133 912;33;0;6;0;1;1
202100037905;133 910;7;0;2;1;1;1
202100037905;133 911;7;0;2;7;9;1
202100037906;133 907;2;0;2;3;1;1
202100037906;133 908;7;0;2;8;1;1
202100037906;133 909;7;0;2;3;21;1
202100037907;133 905;7;8;2;7;15;1
202100037907;133 906;7;0;2;1;1;1
202100037908;133 904;33;3;0;0;1;1
202100037909;133 903;36;0;0;1;0;1
202100037910;133 901;7;0;2;1;15;1
202100037910;133 902;2;0;2;1;0;1
202100037911;133 899;33;0;2;3;1;1
202100037911;133 900;10;0;2;3;1;1
202100037912;133 897;33;0;2;3;1;1
202100037912;133 898;7;0;0;5;15;1
202100037913;133 896;7;13;0;1;0;1
202100037914;133 895;33;6;0;8;1;1
202100037915;133 894;33;0;0;8;26;1
202100037916;133 893;1;13;0;2;1;5
202100037917;133 891;7;0;2;3;9;1
202100037917;133 892;7;3;2;1;1;1
202100037918;133 890;7;1;0;3;1;1
202100037919;133 888;0;0;9;2;1;0
202100037919;133 889;1;0;0;4;1;5
202100037920;133 886;33;0;2;1;1;1
202100037920;133 887;7;0;9;1;1;1
202100037921;133 883;33;0;2;1;1;1
202100037921;133 884;33;0;2;1;1;1
202100037921;133 885;7;0;0;4;1;1
202100037922;133 882;7;9;1;1;1;1
202100037923;133 880;7;0;0;1;1;1
202100037923;133 881;10;0;2;1;13;1
202100037924;133 879;1;0;0;0;1;5
202100037925;133 876;14;0;0;0;15;1
202100037925;133 877;1;0;9;1;1;5
202100037925;133 878;1;0;9;1;1;5
202100037926;133 875;33;13;0;1;1;1
202100037927;133 873;33;0;2;1;1;1
202100037927;133 874;7;0;2;2;15;1
202100037928;133 871;7;0;0;0;15;1
202100037928;133 872;33;0;0;0;1;1
202100037929;133 869;7;0;2;3;15;1
202100037929;133 870;33;0;2;1;1;1
202100037930;133 867;7;0;2;1;1;1
202100037930;133 868;7;0;2;3;15;1
202100037931;133 865;1;0;2;4;2;5
202100037931;133 866;7;0;2;2;2;1
202100037932;133 864;10;0;1;2;1;0
202100037933;133 862;7;0;2;3;2;1
202100037933;133 863;10;6;0;6;2;1
202100037934;133 860;10;0;2;8;10;1
202100037934;133 861;31;0;2;1;1;1
202100037935;133 859;7;2;0;1;13;1
202100037936;133 857;2;13;0;1;1;1
202100037937;133 855;10;0;2;8;19;1
202100037937;133 856;10;0;2;3;1;1
202100037938;133 853;7;0;9;3;16;1
202100037938;133 854;1;0;2;2;1;5
202100037939;133 851;7;0;6;1;1;1
202100037939;133 852;7;0;6;1;1;1
202100037940;133 850;33;3;0;1;12;1
202100037941;133 847;7;0;2;4;2;1
202100037941;133 848;10;0;2;1;2;1
202100037941;133 849;7;0;2;4;1;1
202100037942;133 845;10;0;2;3;14;1
202100037942;133 846;7;0;2;6;1;1
202100037943;133 844;7;0;2;9;2;1
202100037944;133 842;33;0;2;1;2;1
202100037944;133 843;7;0;2;4;2;1
202100037945;133 840;7;0;2;5;2;1
202100037945;133 841;33;0;2;3;2;1
202100037946;133 838;7;0;2;2;12;1
202100037946;133 839;14;0;2;3;1;1
202100037947;133 836;7;0;2;0;13;1
202100037947;133 837;10;0;2;0;13;1
202100037948;133 834;13;0;2;1;1;1
202100037948;133 835;7;0;2;4;1;1
202100037949;133 831;7;0;2;3;21;1
202100037949;133 832;7;0;2;5;1;1
202100037949;133 833;13;0;2;8;1;1
202100037950;133 829;32;0;2;3;3;1
202100037950;133 830;7;0;2;5;12;2
202100037951;133 828;7;0;1;1;1;1
202100037952;133 826;7;0;2;1;2;1
202100037952;133 827;7;0;2;2;2;2
202100037953;133 824;7;8;2;1;21;1
202100037953;133 825;7;0;2;2;1;1
202100037954;133 822;7;0;2;4;1;1
202100037954;133 823;33;0;2;1;1;1
202100037955;133 820;7;0;2;5;23;1
202100037955;133 821;34;0;2;1;2;1
202100037956;133 819;30;0;0;1;19;1
202100037957;133 817;31;0;2;1;1;6
202100037957;133 818;7;0;2;4;1;6
202100037958;133 815;2;0;2;7;1;1
202100037958;133 816;7;0;2;2;26;2
202100037959;133 813;7;0;2;3;16;1
202100037959;133 814;32;0;2;5;16;6
202100037960;133 810;7;0;2;1;1;1
202100037960;133 811;7;0;2;1;1;1
202100037960;133 812;7;0;0;4;1;1
202100037961;133 809;10;1;1;4;26;1
202100037962;133 808;1;1;1;1;21;5
202100037963;133 807;7;0;1;7;1;1
202100037964;133 805;7;0;2;1;2;1
202100037964;133 806;7;0;2;4;2;1
202100037965;133 803;7;0;2;8;15;1
202100037965;133 804;31;0;2;1;17;1
202100037966;133 801;7;0;2;1;9;1
202100037966;133 802;33;0;2;1;17;1
202100037967;133 799;7;0;2;6;0;1
202100037967;133 800;34;0;2;7;17;1
202100037968;133 797;7;0;2;3;1;1
202100037968;133 798;2;0;2;1;15;1
202100037969;133 794;13;0;2;4;4;1
202100037969;133 795;30;0;2;8;0;1
202100037970;133 793;30;0;2;8;1;1
202100037971;133 789;1;0;2;9;15;0
202100037971;133 790;33;0;2;7;17;1
202100037972;133 787;7;0;2;0;15;0
202100037972;133 788;30;0;2;1;0;0
202100037973;133 785;7;0;2;3;15;1
202100037973;133 786;34;0;2;7;2;1
202100037974;133 783;7;0;9;1;1;1
202100037974;133 784;99;0;2;1;1;3
202100037975;133 781;7;0;2;1;2;1
202100037975;133 782;7;0;2;4;23;1
202100037976;133 778;7;1;2;7;1;1
202100037976;133 779;30;0;2;0;0;1
202100037977;133 776;7;0;2;2;17;0
202100037977;133 777;7;0;2;3;15;0
202100037978;133 774;7;0;2;1;1;1
202100037978;133 775;7;0;2;1;1;1
202100037979;133 773;3;0;1;1;1;1
202100037980;133 771;7;0;2;8;22;1
202100037980;133 772;1;1;0;2;1;5
202100037981;133 770;7;0;1;1;9;1
202100037982;133 768;10;0;2;1;15;1
202100037982;133 769;33;0;2;1;0;1
202100037983;133 767;7;0;1;7;21;1
202100037984;133 765;7;1;2;1;1;1
202100037984;133 766;7;1;2;3;1;1
202100037985;133 763;50;0;2;7;1;3
202100037985;133 764;10;0;9;7;1;1
202100037986;133 762;7;0;0;1;26;1
202100037987;133 761;37;0;1;0;26;3
202100037988;133 759;7;0;2;1;9;1
202100037988;133 760;7;0;2;2;1;1
202100037989;133 757;2;0;2;0;1;1
202100037989;133 758;7;0;2;8;9;0
202100037990;133 755;30;0;2;7;1;1
202100037990;133 756;7;0;2;1;9;1
202100037991;133 753;7;0;2;1;2;1
202100037991;133 754;7;0;2;4;2;1
202100037992;133 751;80;0;2;8;1;3
202100037992;133 752;7;0;2;5;17;1
202100037993;133 749;7;0;2;3;15;1
202100037993;133 750;33;0;2;1;1;1
202100037994;133 747;7;0;2;4;2;1
202100037994;133 748;33;0;2;1;17;1
202100037995;133 746;7;0;1;1;1;1
202100037996;133 745;7;0;0;0;14;1
202100037997;133 742;7;0;2;1;2;1
202100037997;133 743;7;0;2;4;1;1
202100037997;133 744;7;0;2;1;2;1
202100037998;133 741;7;13;0;9;0;1
202100037999;133 739;7;0;9;2;26;1
202100037999;133 740;50;0;2;3;26;3
202100038000;133 738;2;0;0;7;26;1
202100038001;133 735;7;0;2;8;23;1
202100038001;133 736;33;0;2;1;10;1
202100038001;133 737;33;0;2;3;1;1
202100038002;133 733;30;0;2;7;17;1
202100038002;133 734;10;0;2;3;15;1
202100038003;133 731;50;0;2;1;1;3
202100038003;133 732;7;0;2;8;15;1
202100038004;133 727;7;0;2;1;1;1
202100038004;133 728;7;0;2;7;19;1
202100038005;133 726;7;0;1;2;1;1
202100038006;133 725;7;0;1;2;1;0
202100038007;133 724;7;0;1;1;16;1
202100038008;133 723;37;0;1;2;1;1
202100038009;133 720;7;0;2;4;23;1
202100038009;133 721;7;14;0;1;1;1
202100038009;133 722;7;0;2;4;23;1
202100038010;133 718;1;0;2;7;1;5
202100038010;133 719;7;0;2;3;15;1
202100038011;133 716;7;0;2;3;9;1
202100038011;133 717;7;0;2;2;1;1
202100038012;133 714;7;0;2;1;9;1
202100038012;133 715;7;8;2;1;1;1
202100038013;133 712;7;0;2;1;1;1
202100038013;133 713;32;0;2;3;1;1
202100038014;133 711;32;0;0;0;0;1
202100038015;133 709;10;0;2;4;11;1
202100038015;133 710;33;0;2;4;1;1
202100038016;133 707;7;0;2;2;15;1
202100038016;133 708;43;0;2;1;18;1
202100038017;133 705;7;0;2;2;1;1
202100038017;133 706;1;0;2;3;19;5
202100038018;133 704;7;2;0;0;26;0
202100038019;133 702;7;0;2;7;15;1
202100038019;133 703;33;0;2;1;1;1
202100038020;133 701;33;5;0;8;13;1
202100038021;133 699;1;0;2;0;1;5
202100038021;133 700;7;0;2;0;0;1
202100038022;133 697;30;0;2;5;16;1
202100038022;133 698;7;0;2;1;15;1
202100038023;133 695;30;0;2;1;13;1
202100038023;133 696;7;0;2;1;1;1
202100038024;133 694;7;0;1;7;1;2
202100038025;133 692;34;0;2;2;0;1
202100038025;133 693;7;0;2;6;15;1
202100038026;133 690;7;0;2;8;20;1
202100038026;133 691;34;0;2;1;1;1
202100038027;133 688;30;0;2;0;1;1
202100038027;133 689;7;0;2;0;15;1
202100038028;133 687;7;0;1;1;15;1
202100038029;133 686;7;14;1;2;1;1
202100038030;133 684;7;0;2;1;1;1
202100038030;133 685;7;0;2;2;15;1
202100038031;133 682;10;0;2;8;15;0
202100038031;133 683;34;0;2;1;1;1
202100038032;133 679;10;14;2;3;13;1
202100038032;133 680;7;0;2;3;1;1
202100038032;133 681;7;0;2;2;1;1
202100038033;133 678;7;0;1;1;1;1
202100038034;133 675;7;0;2;6;1;3
202100038034;133 676;33;0;2;2;3;1
202100038034;133 677;7;0;2;8;11;1
202100038035;133 673;7;0;2;0;13;3
202100038035;133 674;32;0;2;8;23;1
202100038036;133 671;32;0;2;1;1;1
202100038036;133 672;7;0;2;3;15;1
202100038037;133 669;50;0;2;2;1;3
202100038037;133 670;7;0;2;3;9;1
202100038038;133 668;10;0;1;4;4;1
202100038039;133 666;34;0;9;7;1;3
202100038039;133 667;50;0;2;8;11;3
202100038040;133 664;7;0;2;7;9;1
202100038040;133 665;1;0;2;8;1;5
202100038041;133 663;7;0;1;2;1;1
202100038042;133 661;7;0;2;2;15;1
202100038042;133 662;30;0;2;1;1;1
202100038043;133 660;7;0;1;2;15;1
202100038044;133 659;1;0;0;0;21;5
202100038045;133 657;32;0;2;7;15;1
202100038045;133 658;7;0;2;7;15;1
202100038046;133 655;7;0;2;3;1;1
202100038046;133 656;1;0;2;7;19;5
202100038047;133 653;1;0;2;5;19;5
202100038047;133 654;7;0;2;2;1;1
202100038048;133 652;7;0;1;2;13;1
202100038049;133 650;1;0;2;4;26;5
202100038049;133 651;7;0;2;1;2;1
202100038050;133 648;1;0;2;8;1;5
202100038050;133 649;7;0;2;2;26;1
202100038051;133 646;7;0;2;5;15;1
202100038051;133 647;33;0;2;1;1;1
202100038052;133 644;7;0;2;7;15;1
202100038052;133 645;2;0;2;1;1;1
202100038053;133 642;7;0;9;1;26;1
202100038053;133 643;50;0;2;1;9;3
202100038054;133 640;30;0;2;0;1;1
202100038054;133 641;7;0;2;8;10;1
202100038055;133 638;2;0;2;7;1;1
202100038055;133 639;7;0;2;1;1;1
202100038056;133 637;7;0;1;8;2;1
202100038057;133 636;7;0;1;3;2;1
202100038058;133 634;7;0;2;2;9;1
202100038058;133 635;10;0;2;3;1;1
202100038059;133 628;7;1;0;0;0;0
202100038059;133 629;7;1;0;7;0;0
202100038059;133 630;7;0;2;8;0;0
202100038059;133 631;7;0;2;1;26;0
202100038059;133 632;10;1;0;0;0;0
202100038059;133 633;7;0;0;0;0;0
202100038060;133 626;7;0;2;8;10;1
202100038060;133 627;31;0;2;0;0;1
202100038061;133 624;7;0;2;2;1;1
202100038061;133 625;7;0;0;0;0;1
202100038062;133 622;1;0;2;8;15;5
202100038062;133 623;60;0;2;1;16;5
202100038063;133 621;7;0;1;3;15;0
202100038064;133 619;43;0;2;1;17;1
202100038064;133 620;7;0;2;3;15;1
202100038065;133 617;7;0;2;2;0;1
202100038065;133 618;33;0;2;1;26;1
202100038066;133 615;7;0;2;8;15;1
202100038066;133 616;34;0;2;2;17;1
202100038067;133 614;32;1;0;7;14;3
202100038068;133 613;7;13;0;1;1;1
202100038069;133 611;21;0;0;3;15;1
202100038069;133 612;33;0;0;1;0;1
202100038070;133 610;7;2;0;1;1;1
202100038071;133 608;7;0;2;5;12;1
202100038071;133 609;33;0;2;3;1;1
202100038072;133 606;33;0;2;1;2;1
202100038072;133 607;7;0;2;4;1;1
202100038073;133 604;10;0;2;2;2;1
202100038073;133 605;1;0;2;4;2;5
202100038074;133 603;33;0;6;1;1;1
202100038075;133 601;7;0;2;1;1;1
202100038075;133 602;17;0;2;3;9;1
202100038076;133 600;7;13;0;2;0;1
202100038077;133 598;1;1;0;1;1;5
202100038077;133 599;13;0;2;4;24;1
202100038078;133 597;7;13;0;1;1;1
202100038079;133 595;7;0;2;3;2;1
202100038079;133 596;33;0;2;4;2;1
202100038080;133 594;7;0;1;1;1;1
202100038081;133 592;7;0;2;4;1;1
202100038081;133 593;7;0;2;1;1;1
202100038082;133 591;2;5;0;1;1;1
202100038083;133 588;15;13;0;8;1;1
202100038084;133 587;7;13;0;1;1;1
202100038085;133 585;14;0;0;3;1;1
202100038085;133 586;7;0;2;3;13;1
202100038086;133 584;2;2;0;1;1;1
202100038087;133 583;7;0;1;1;15;2
202100038088;133 582;7;2;0;6;13;1
202100038089;133 580;31;0;2;1;3;1
202100038089;133 581;7;0;2;3;10;1
202100038090;133 578;1;0;2;1;15;5
202100038090;133 579;7;0;9;1;16;1
202100038091;133 577;33;6;0;0;13;1
202100038092;133 575;7;0;2;2;17;1
202100038092;133 576;7;0;2;8;15;1
202100038093;133 573;7;0;2;2;1;1
202100038093;133 574;7;15;2;7;19;1
202100038094;133 571;33;0;2;1;17;1
202100038094;133 572;7;0;0;3;15;1
202100038095;133 570;2;0;0;2;1;1
202100038096;133 568;1;0;2;4;13;5
202100038096;133 569;1;0;2;1;1;5
202100038097;133 566;7;0;2;3;15;1
202100038097;133 567;1;0;2;6;1;5
202100038098;133 565;33;13;0;1;1;1
202100038099;133 562;7;0;2;1;1;1
202100038099;133 563;10;8;0;1;1;1
202100038099;133 564;7;0;2;8;19;1
202100038100;133 559;7;0;2;4;23;1
202100038100;133 560;10;0;2;1;2;1
202100038100;133 561;10;0;2;4;23;1
202100038101;133 558;2;0;0;0;1;1
202100038102;133 557;7;14;0;1;1;1
202100038103;133 556;7;8;0;8;1;1
202100038104;133 554;7;0;2;8;1;1
202100038104;133 555;33;0;2;1;1;1
202100038105;133 552;7;0;2;4;9;1
202100038105;133 553;7;0;2;1;2;1
202100038106;133 550;2;0;2;4;1;1
202100038106;133 551;7;0;2;2;2;1
202100038107;133 549;7;13;0;2;14;1
202100038108;133 545;2;0;2;1;17;1
202100038108;133 546;7;0;0;8;15;1
202100038109;133 544;7;13;0;2;1;1
202100038110;133 542;7;0;0;4;2;1
202100038110;133 543;7;9;0;1;2;1
202100038111;133 540;10;0;2;1;1;1
202100038111;133 541;14;0;0;4;1;1
202100038112;133 539;7;0;1;1;1;1
202100038113;133 537;7;0;2;1;2;1
202100038113;133 538;7;0;2;4;23;1
202100038114;133 535;7;0;2;1;13;1
202100038114;133 536;7;0;2;1;1;1
202100038115;133 534;7;15;0;0;1;1
202100038116;133 532;99;0;2;5;15;1
202100038116;133 533;33;0;2;1;1;1
202100038117;133 531;7;0;2;1;1;1
202100038118;133 530;7;2;0;1;0;1
202100038119;133 529;7;0;1;2;1;1
202100038120;133 527;33;0;2;8;1;1
202100038120;133 528;7;0;2;3;13;1
202100038121;133 526;7;13;0;1;0;1
202100038122;133 521;33;0;2;1;1;1
202100038122;133 522;7;0;2;3;9;1
202100038123;133 519;7;0;2;1;1;1
202100038123;133 520;7;0;2;8;22;1
202100038124;133 517;7;4;2;3;9;1
202100038124;133 518;17;0;2;2;2;1
202100038125;133 515;7;0;2;1;2;2
202100038125;133 516;7;0;2;4;1;1
202100038126;133 513;7;0;2;1;2;1
202100038126;133 514;7;0;2;4;2;1
202100038127;133 511;43;0;2;1;3;1
202100038127;133 512;7;0;2;6;23;1
202100038128;133 508;7;0;2;3;26;1
202100038128;133 509;7;0;2;5;1;1
202100038128;133 510;7;0;2;4;1;1
202100038129;133 504;7;0;2;1;1;1
202100038129;133 505;7;0;2;4;2;1
202100038129;133 506;10;0;2;4;2;1
202100038129;133 507;7;0;2;4;2;1
202100038130;133 503;10;3;0;1;21;1
202100038131;133 501;10;0;2;1;2;1
202100038131;133 502;7;0;2;4;2;1
202100038132;133 499;10;0;2;5;23;1
202100038132;133 500;43;0;2;1;1;1
202100038133;133 495;10;0;2;4;2;1
202100038133;133 496;7;0;2;4;2;1
202100038133;133 497;10;0;2;4;2;1
202100038133;133 498;7;0;2;1;1;1
202100038134;133 491;7;0;2;4;2;1
202100038134;133 492;7;0;2;4;2;1
202100038134;133 493;7;0;2;4;2;1
202100038134;133 494;7;0;2;1;2;1
202100038135;133 488;33;0;2;2;3;1
202100038135;133 489;7;0;2;3;1;0
202100038135;133 490;7;0;2;6;2;1
202100038136;133 486;14;0;2;1;1;1
202100038136;133 487;7;0;2;4;2;1
202100038137;133 484;7;0;2;1;1;1
202100038137;133 485;7;0;2;4;2;1
202100038138;133 482;7;0;2;4;1;1
202100038138;133 483;7;0;2;1;11;1
202100038139;133 480;33;0;2;1;2;1
202100038139;133 481;10;0;2;6;2;1
202100038140;133 477;10;0;2;7;2;1
202100038140;133 478;7;0;2;6;2;1
202100038140;133 479;17;0;2;2;12;1
202100038141;133 475;7;0;2;8;11;1
202100038141;133 476;33;0;2;7;3;1
202100038142;133 471;7;0;2;1;1;1
202100038142;133 472;7;0;2;4;1;1
202100038142;133 473;7;0;2;4;2;1
202100038143;133 470;7;0;1;1;1;1
202100038144;133 468;7;0;2;2;19;1
202100038144;133 469;30;0;2;1;2;1
202100038145;133 465;7;0;2;8;23;1
202100038145;133 466;2;0;2;1;1;1
202100038145;133 467;7;0;2;1;19;1
202100038146;133 464;2;0;0;1;1;1
202100038147;133 463;50;12;0;1;1;3
202100038148;133 461;37;0;2;8;1;1
202100038148;133 462;7;0;2;2;1;1
202100038149;133 459;7;0;2;1;2;1
202100038149;133 460;7;0;2;4;2;1
202100038150;133 457;2;0;0;4;1;1
202100038150;133 458;7;0;2;1;1;1
202100038151;133 456;7;0;0;9;1;1
202100038152;133 454;31;0;2;1;26;1
202100038152;133 455;7;0;2;4;26;1
202100038153;133 452;7;0;2;3;9;1
202100038153;133 453;7;0;2;2;1;1
202100038154;133 451;13;14;1;5;14;1
202100038155;133 449;37;9;2;2;1;1
202100038155;133 450;7;0;2;1;16;1
202100038156;133 447;7;0;9;1;9;2
202100038156;133 448;1;0;2;7;1;5
202100038157;133 446;30;9;0;1;26;1
202100038158;133 444;7;0;2;2;15;1
202100038158;133 445;31;0;2;3;17;1
202100038159;133 442;7;0;2;1;15;1
202100038159;133 443;7;0;2;6;9;1
202100038160;133 439;7;0;2;1;19;1
202100038160;133 440;10;0;2;8;1;1
202100038160;133 441;7;0;2;8;19;3
202100038161;133 435;1;0;2;1;2;0
202100038161;133 436;7;0;2;4;23;1
202100038162;133 433;32;0;2;1;17;1
202100038162;133 434;7;0;2;3;15;1
202100038163;133 431;1;0;2;2;15;5
202100038163;133 432;7;0;2;1;16;1
202100038164;133 429;7;9;2;3;7;1
202100038164;133 430;10;0;2;2;16;1
202100038165;133 427;7;0;2;1;1;1
202100038165;133 428;7;0;2;2;15;1
202100038166;133 425;50;0;2;1;19;3
202100038166;133 426;7;0;2;5;1;1
202100038167;133 424;7;0;1;0;1;1
202100038168;133 422;1;0;2;3;19;5
202100038168;133 423;7;0;2;1;15;1
202100038169;133 420;33;0;2;2;1;1
202100038169;133 421;1;0;2;0;19;5
202100038170;133 419;30;1;0;1;26;1
202100038171;133 417;7;0;2;4;1;1
202100038171;133 418;10;0;2;1;1;1
202100038172;133 416;30;4;0;1;21;1
202100038173;133 415;2;0;1;1;16;1
202100038174;133 414;38;0;1;2;1;1
202100038175;133 412;7;8;0;3;11;1
202100038175;133 413;7;9;0;1;11;1
202100038176;133 410;2;0;2;1;0;1
202100038176;133 411;7;0;2;3;9;1
202100038177;133 408;1;0;2;1;1;5
202100038177;133 409;7;0;2;7;15;1
202100038178;133 406;2;0;0;7;1;1
202100038178;133 407;10;0;2;1;9;1
202100038179;133 403;30;0;2;1;1;1
202100038179;133 404;7;0;2;7;16;1
202100038180;133 401;7;0;2;1;17;1
202100038180;133 402;10;0;2;3;15;1
202100038181;133 399;1;1;0;1;1;0
202100038181;133 400;10;1;2;3;22;1
202100038182;133 397;7;0;2;2;15;1
202100038182;133 398;30;0;2;1;1;1
202100038183;133 395;7;0;2;4;1;1
202100038183;133 396;7;0;2;1;1;1
202100038184;133 393;7;0;2;1;9;1
202100038184;133 394;1;0;2;0;1;0
202100038185;133 391;13;0;0;0;0;1
202100038185;133 392;1;0;2;8;2;5
202100038186;133 389;7;0;2;6;2;1
202100038186;133 390;7;0;2;2;14;1
202100038187;133 387;7;0;2;2;15;1
202100038187;133 388;2;0;2;1;1;1
202100038188;133 386;30;0;1;1;1;3
202100038189;133 382;7;0;2;6;2;0
202100038189;133 383;33;0;2;1;0;1
202100038190;133 381;10;0;1;2;26;1
202100038191;133 379;7;3;2;1;21;1
202100038191;133 380;7;0;2;8;1;1
202100038192;133 375;33;0;2;1;5;1
202100038192;133 376;7;0;2;8;15;1
202100038193;133 373;33;0;2;1;1;1
202100038193;133 374;7;0;2;1;11;1
202100038194;133 372;34;0;0;0;26;1
202100038195;133 370;7;0;2;1;15;1
202100038195;133 371;7;0;2;2;1;1
202100038196;133 369;7;0;1;2;1;1
202100038197;133 367;7;0;2;8;15;1
202100038197;133 368;7;0;2;1;17;1
202100038198;133 366;7;0;1;3;26;1
202100038199;133 365;7;0;9;3;1;1
202100038200;133 363;7;0;2;1;19;2
202100038200;133 364;7;0;2;2;1;1
202100038201;133 361;7;0;2;4;2;1
202100038201;133 362;3;0;2;1;2;1
202100038202;133 360;7;8;0;1;16;1
202100038203;133 358;7;0;2;5;15;1
202100038203;133 359;7;0;2;3;1;1
202100038204;133 356;7;0;2;1;26;1
202100038204;133 357;7;0;2;4;26;1
202100038205;133 354;10;0;2;8;1;1
202100038205;133 355;7;0;2;3;13;1
202100038206;133 352;7;0;2;1;1;1
202100038206;133 353;7;0;2;4;1;1
202100038207;133 351;2;0;0;0;1;1
202100038208;133 349;33;0;9;4;23;0
202100038208;133 350;10;0;2;2;1;1
202100038209;133 345;7;4;2;2;14;1
202100038209;133 346;10;0;2;6;1;1
202100038209;133 347;7;0;2;4;1;1
202100038209;133 348;7;0;2;7;1;1
202100038210;133 343;33;0;2;2;3;1
202100038210;133 344;33;0;2;6;23;1
202100038211;133 342;14;0;1;2;16;1
202100038212;133 340;7;0;2;2;16;1
202100038212;133 341;30;0;2;3;18;3
202100038213;133 338;30;1;2;1;13;1
202100038213;133 339;13;0;2;3;1;1
202100038214;133 337;30;0;1;0;0;1
202100038215;133 336;43;0;1;2;5;1
202100038216;133 334;32;0;2;0;13;0
202100038216;133 335;7;0;2;3;1;1
202100038217;133 332;10;0;2;5;15;1
202100038217;133 333;33;0;2;1;1;1
202100038218;133 331;7;0;1;3;16;1
202100038219;133 330;7;0;1;4;4;3
202100038220;133 329;50;0;0;1;1;3
202100038221;133 327;50;0;2;1;13;3
202100038221;133 328;1;0;2;1;1;5
202100038222;133 326;50;0;0;3;14;3
202100038223;133 324;7;0;2;7;23;3
202100038223;133 325;30;0;2;3;18;1
202100038224;133 322;10;0;2;2;15;1
202100038224;133 323;7;0;2;6;1;1
202100038225;133 320;7;0;2;7;22;0
202100038225;133 321;50;0;2;1;18;3
202100038226;133 318;7;0;2;1;1;1
202100038226;133 319;7;0;2;2;15;1
202100038227;133 316;33;0;2;1;5;1
202100038227;133 317;10;0;2;3;10;1
202100038228;133 314;1;0;2;1;2;5
202100038228;133 315;7;0;2;6;15;1
202100038229;133 311;7;0;2;4;26;1
202100038229;133 312;7;0;2;2;10;1
202100038229;133 313;2;0;2;8;1;1
202100038230;133 309;7;0;0;6;0;1
202100038230;133 310;2;0;2;1;26;1
202100038231;133 307;40;0;2;1;1;0
202100038231;133 308;7;0;4;3;15;1
202100038232;133 304;7;0;2;4;1;1
202100038232;133 305;7;0;2;4;23;1
202100038232;133 306;7;0;2;1;2;1
202100038233;133 302;7;0;2;8;9;1
202100038233;133 303;43;0;2;1;2;1
202100038234;133 300;10;1;0;0;0;1
202100038234;133 301;7;1;0;3;26;1
202100038235;133 298;33;0;2;7;1;1
202100038235;133 299;7;0;2;1;1;1
202100038236;133 296;7;0;2;3;10;1
202100038236;133 297;2;0;2;1;17;1
202100038237;133 295;7;0;1;2;19;1
202100038238;133 293;37;0;2;3;2;0
202100038238;133 294;7;0;2;5;16;1
202100038239;133 291;7;0;2;3;15;1
202100038239;133 292;32;0;2;2;26;1
202100038240;133 289;32;0;2;1;17;1
202100038240;133 290;10;0;2;8;15;1
202100038241;133 288;1;0;1;1;26;5
202100038242;133 286;32;0;2;0;1;1
202100038242;133 287;33;0;2;0;0;1
202100038243;133 285;33;0;1;4;26;1
202100038244;133 284;7;6;0;1;14;1
202100038245;133 282;7;16;0;3;13;1
202100038245;133 283;7;13;0;3;21;1
202100038246;133 281;7;6;0;7;0;1
202100038247;133 280;7;4;0;3;11;1
202100038248;133 278;33;0;2;3;26;1
202100038248;133 279;7;0;2;2;19;1
202100038249;133 277;7;0;1;1;1;1