Num_Acc;id_vehicule;categorie_vehicule;obstacle_fixe;obstacle_mobile;point_choc_initial;manoeuvre_principale;motorisation
202100038638;132 571;7;0;1;4;26;0
202100038639;132 569;7;0;2;1;11;1
202100038639;132 570;13;0;2;4;0;1
202100038640;132 566;7;1;0;2;0;1
202100038640;132 567;7;0;2;2;0;0
202100038640;132 568;7;0;2;0;0;0
202100038641;132 564;7;0;2;7;19;1
202100038641;132 565;33;0;2;1;1;1
202100038642;132 563;33;0;0;7;16;1
202100038643;132 562;2;1;0;0;14;1
202100038644;132 560;7;0;0;4;26;1
202100038644;132 561;7;0;2;1;2;1
202100038645;132 558;7;0;2;2;1;1
202100038645;132 559;7;0;2;8;1;2
202100038646;132 556;7;0;2;6;23;1
202100038646;132 557;80;0;2;1;2;3
202100038647;132 554;33;1;2;1;20;1
202100038647;132 555;1;0;2;1;1;5
202100038648;132 552;7;0;2;2;12;1
202100038648;132 553;32;0;2;8;1;1
202100038649;132 550;32;0;2;2;16;1
202100038649;132 551;7;0;2;3;1;1
202100038650;132 548;7;0;2;8;11;1
202100038650;132 549;33;0;2;1;1;1
202100038651;132 546;7;0;2;8;1;3
202100038651;132 547;30;0;2;1;1;1
202100038652;132 544;7;8;2;0;21;1
202100038652;132 545;7;0;2;0;1;0
202100038653;132 542;2;0;2;1;17;1
202100038653;132 543;7;0;2;3;15;1
202100038654;132 540;7;0;2;2;15;1
202100038654;132 541;2;0;2;1;1;3
202100038655;132 538;7;0;2;8;1;1
202100038655;132 539;7;0;2;0;15;1
202100038656;132 536;32;0;2;1;2;1
202100038656;132 537;7;0;2;4;2;1
202100038657;132 534;7;0;2;2;2;1
202100038657;132 535;7;0;2;3;0;1
202100038658;132 533;7;9;0;3;13;1
202100038659;132 531;10;0;2;8;10;1
202100038659;132 532;32;0;2;1;13;1
202100038660;132 529;7;9;2;1;26;1
202100038660;132 530;7;0;2;3;15;1
202100038661;132 528;7;0;1;1;9;1
202100038662;132 526;33;0;2;1;26;1
202100038662;132 527;7;0;2;4;1;1
202100038663;132 525;30;14;0;1;2;1
202100038664;132 524;60;1;0;6;1;5
202100038665;132 523;33;0;0;7;1;1
202100038666;132 522;32;0;1;1;2;0
202100038667;132 521;99;13;0;7;26;1
202100038668;132 519;33;0;2;0;1;1
202100038668;132 520;7;0;2;0;1;1
202100038669;132 518;7;0;0;1;1;1
202100038670;132 516;7;8;2;1;14;1
202100038670;132 517;7;0;2;1;1;1
202100038671;132 514;7;0;2;3;13;1
202100038671;132 515;7;2;2;2;1;1
202100038672;132 513;2;2;0;0;21;1
202100038673;132 508;7;0;0;4;1;1
202100038673;132 509;7;0;2;9;2;1
202100038673;132 510;7;0;2;1;2;1
202100038673;132 511;7;0;2;9;2;1
202100038673;132 512;7;0;2;1;2;1
202100038674;132 506;7;0;2;2;1;1
202100038674;132 507;7;0;2;3;21;1
202100038675;132 505;33;13;0;1;1;1
202100038676;132 503;7;0;2;3;9;1
202100038676;132 504;2;0;2;7;1;1
202100038677;132 502;7;0;0;0;17;1
202100038678;132 501;7;13;0;9;1;1
202100038679;132 499;7;0;2;3;13;1
202100038679;132 500;7;0;2;3;1;1
202100038680;132 498;3;0;0;3;1;1
202100038681;132 497;7;2;0;2;14;1
202100038682;132 495;7;13;2;2;1;1
202100038682;132 496;7;7;0;1;1;0
202100038683;132 494;33;16;0;0;5;1
202100038684;132 492;7;0;2;1;15;2
202100038684;132 493;7;0;2;1;1;1
202100038685;132 487;7;0;2;2;23;1
202100038685;132 488;7;1;2;1;1;1
202100038685;132 489;7;0;2;1;15;1
202100038686;132 485;10;0;2;7;17;1
202100038686;132 486;2;0;2;8;15;1
202100038687;132 483;7;0;2;3;1;1
202100038687;132 484;31;0;2;3;5;1
202100038688;132 482;1;0;0;0;1;0
202100038689;132 479;7;0;2;3;13;1
202100038689;132 480;21;0;2;8;1;1
202100038689;132 481;7;0;2;3;1;1
202100038690;132 475;7;0;0;1;1;1
202100038690;132 476;7;0;0;4;1;1
202100038690;132 477;7;0;0;5;11;1
202100038690;132 478;7;0;2;2;0;1
202100038691;132 473;7;0;0;4;16;1
202100038691;132 474;7;0;2;1;2;1
202100038692;132 468;7;0;2;1;21;1
202100038692;132 469;33;0;2;3;1;1
202100038692;132 470;7;0;2;4;23;1
202100038692;132 471;7;0;0;4;23;1
202100038692;132 472;7;0;2;4;23;1
202100038693;132 466;7;0;2;3;16;1
202100038693;132 467;7;0;2;1;1;1
202100038694;132 464;36;0;2;7;0;0
202100038694;132 465;31;1;0;8;0;0
202100038695;132 463;7;2;0;2;1;1
202100038696;132 461;7;0;2;3;1;1
202100038696;132 462;7;0;2;2;19;1
202100038697;132 460;7;13;0;3;1;1
202100038698;132 458;60;0;2;2;19;5
202100038698;132 459;7;0;2;2;1;1
202100038699;132 457;10;2;0;1;6;1
202100038700;132 456;1;0;1;1;1;5
202100038701;132 455;7;3;0;3;0;1
202100038702;132 454;7;0;0;0;13;1
202100038703;132 453;7;6;0;1;0;1
202100038704;132 452;33;6;0;1;1;1
202100038705;132 451;33;7;0;1;0;0
202100038706;132 450;33;0;0;0;1;1
202100038707;132 448;7;0;9;1;1;1
202100038707;132 449;33;2;0;9;1;1
202100038708;132 446;7;0;2;2;1;1
202100038708;132 447;7;0;2;2;13;1
202100038709;132 443;7;0;2;3;1;1
202100038709;132 444;7;0;2;5;15;1
202100038709;132 445;7;13;2;3;18;1
202100038710;132 441;33;0;2;1;13;1
202100038710;132 442;7;0;2;3;21;1
202100038711;132 439;7;0;9;0;2;1
202100038711;132 440;1;0;0;4;2;0
202100038712;132 437;7;0;2;3;13;1
202100038712;132 438;7;3;2;3;21;1
202100038713;132 435;7;0;2;1;1;1
202100038713;132 436;1;0;2;5;1;5
202100038714;132 433;7;0;2;1;1;3
202100038714;132 434;7;0;2;1;15;1
202100038715;132 431;7;0;2;3;15;1
202100038715;132 432;1;0;2;1;16;5
202100038716;132 430;7;13;0;2;15;1
202100038717;132 427;7;8;0;3;14;1
202100038718;132 424;7;0;2;2;12;1
202100038718;132 425;32;0;0;7;1;1
202100038719;132 421;7;0;2;1;2;1
202100038719;132 422;7;0;2;1;2;0
202100038719;132 423;7;0;2;4;1;1
202100038720;132 419;7;0;2;8;1;1
202100038720;132 420;7;0;2;8;1;1
202100038721;132 417;7;0;2;4;2;1
202100038721;132 418;7;0;2;2;2;1
202100038722;132 416;7;0;0;9;2;1
202100038723;132 412;7;0;2;4;2;1
202100038723;132 413;7;0;2;8;2;1
202100038723;132 414;7;0;2;1;2;1
202100038723;132 415;7;0;2;2;2;0
202100038724;132 411;7;4;0;0;1;1
202100038725;132 409;33;0;2;1;1;1
202100038725;132 410;7;0;2;5;1;1
202100038726;132 408;7;4;0;3;13;1
202100038727;132 405;7;4;0;1;1;1
202100038727;132 406;10;0;2;1;1;1
202100038727;132 407;7;0;2;2;1;1
202100038728;132 400;7;0;2;1;1;1
202100038728;132 401;7;0;2;1;1;1
202100038728;132 402;7;0;2;4;1;1
202100038728;132 403;7;0;2;9;1;1
202100038728;132 404;7;0;2;9;1;1
202100038729;132 398;7;0;2;6;11;1
202100038729;132 399;33;0;2;7;1;1
202100038730;132 397;33;4;0;7;1;1
202100038731;132 395;7;0;2;4;2;1
202100038731;132 396;7;0;2;1;0;1
202100038732;132 392;7;0;2;1;1;1
202100038732;132 393;7;0;2;4;1;1
202100038732;132 394;7;0;2;4;1;1
202100038733;132 391;1;0;0;0;19;6
202100038734;132 390;7;1;0;7;2;1
202100038735;132 388;7;0;2;1;0;1
202100038735;132 389;7;0;2;1;13;1
202100038736;132 385;7;0;2;8;1;1
202100038736;132 386;7;0;2;1;2;1
202100038736;132 387;7;0;2;1;21;1
202100038737;132 383;32;0;2;1;17;1
202100038737;132 384;7;0;2;3;15;1
202100038738;132 380;7;0;2;3;16;1
202100038738;132 381;7;0;2;3;15;1
202100038739;132 378;7;0;2;4;1;1
202100038739;132 379;10;0;2;1;1;1
202100038740;132 376;7;0;2;3;9;1
202100038740;132 377;33;0;2;1;19;1
202100038741;132 375;7;0;1;1;9;1
202100038742;132 370;7;8;0;8;0;1
202100038743;132 364;7;0;2;2;2;1
202100038743;132 365;7;0;2;6;2;1
202100038743;132 366;7;0;2;4;2;1
202100038744;132 362;7;0;2;8;13;1
202100038744;132 363;33;0;2;3;1;1
202100038745;132 360;7;9;2;3;16;1
202100038745;132 361;33;0;2;1;1;1
202100038746;132 358;7;0;2;2;15;1
202100038746;132 359;7;0;2;1;1;1
202100038747;132 356;7;0;2;1;17;1
202100038747;132 357;7;0;2;1;2;1
202100038748;132 354;7;0;9;2;19;1
202100038748;132 355;50;0;2;1;1;3
202100038749;132 352;7;0;2;6;3;2
202100038749;132 353;7;0;2;2;2;1
202100038750;132 349;7;0;2;8;1;1
202100038750;132 350;7;0;2;2;1;1
202100038750;132 351;2;0;2;1;19;1
202100038751;132 347;3;1;2;1;2;1
202100038751;132 348;7;0;2;4;2;1
202100038752;132 345;7;0;2;3;1;1
202100038752;132 346;3;0;2;3;15;1
202100038753;132 342;7;0;2;1;2;1
202100038753;132 343;7;0;2;5;2;1
202100038753;132 344;7;0;2;1;23;1
202100038754;132 340;32;0;2;7;0;1
202100038754;132 341;7;0;2;3;0;1
202100038755;132 339;7;8;0;1;16;1
202100038756;132 337;30;0;2;2;17;1
202100038756;132 338;7;0;2;0;15;1
202100038757;132 335;7;0;2;1;2;1
202100038757;132 336;7;0;2;4;1;1
202100038758;132 333;7;6;2;1;1;1
202100038758;132 334;15;0;2;7;1;1
202100038759;132 331;7;0;2;3;15;1
202100038759;132 332;7;0;2;1;1;1
202100038760;132 329;7;0;9;1;1;1
202100038760;132 330;1;0;2;1;5;5
202100038761;132 328;7;0;1;1;1;1
202100038762;132 326;7;0;9;2;16;1
202100038762;132 327;1;0;2;1;16;5
202100038763;132 325;7;0;1;4;20;1
202100038764;132 323;15;0;2;5;1;1
202100038764;132 324;1;0;2;3;1;5
202100038765;132 322;7;0;1;1;2;1
202100038766;132 321;31;0;1;1;17;1
202100038767;132 319;33;0;2;1;17;1
202100038767;132 320;10;0;2;4;15;1
202100038768;132 318;30;2;0;1;1;1
202100038769;132 316;2;0;2;1;17;1
202100038769;132 317;7;0;2;3;15;0
202100038770;132 314;7;1;0;1;26;1
202100038770;132 315;7;0;2;4;23;1
202100038771;132 312;31;0;2;2;3;1
202100038771;132 313;7;4;2;6;1;1
202100038772;132 310;80;0;2;1;2;3
202100038772;132 311;7;0;2;4;23;1
202100038773;132 309;32;0;1;3;9;3
202100038774;132 307;2;0;2;7;17;1
202100038774;132 308;7;0;2;3;15;1
202100038775;132 305;7;0;2;8;15;1
202100038775;132 306;30;0;2;2;17;1
202100038776;132 304;7;12;0;9;13;1
202100038777;132 302;2;0;2;4;2;1
202100038777;132 303;7;0;2;1;2;3
202100038778;132 300;32;0;2;2;17;1
202100038778;132 301;7;0;2;3;15;1
202100038779;132 298;10;0;2;8;22;1
202100038779;132 299;1;0;2;1;1;5
202100038780;132 296;7;0;2;1;1;1
202100038780;132 297;7;1;2;8;1;2
202100038781;132 294;7;0;2;8;22;1
202100038781;132 295;2;0;2;1;1;1
202100038782;132 293;31;0;0;7;1;3
202100038783;132 291;7;3;0;1;1;1
202100038783;132 292;2;0;2;4;24;1
202100038784;132 289;1;0;2;5;14;5
202100038784;132 290;80;0;2;3;18;3
202100038785;132 287;10;0;2;1;2;1
202100038785;132 288;7;0;2;4;23;1
202100038786;132 285;1;0;2;1;25;5
202100038786;132 286;7;0;2;8;9;1
202100038787;132 284;33;12;0;1;0;1
202100038788;132 282;99;0;2;1;15;1
202100038788;132 283;99;0;2;1;1;1
202100038789;132 280;7;0;2;2;14;1
202100038789;132 281;31;0;2;8;1;1
202100038790;132 278;2;0;2;3;1;0
202100038790;132 279;10;0;2;2;10;0
202100038791;132 275;7;0;2;1;2;1
202100038791;132 276;7;0;2;4;2;0
202100038791;132 277;7;0;2;4;15;1
202100038792;132 274;7;0;1;3;2;1
202100038793;132 272;7;0;2;1;15;1
202100038793;132 273;32;0;2;6;21;1
202100038794;132 270;7;0;2;4;0;1
202100038794;132 271;7;0;2;1;1;1
202100038795;132 267;10;0;2;1;15;1
202100038795;132 268;7;0;2;1;16;1
202100038796;132 265;7;0;2;2;9;1
202100038796;132 266;3;1;0;0;11;0
202100038797;132 264;32;1;0;1;1;1
202100038798;132 263;33;8;0;1;0;1
202100038799;132 262;7;13;0;8;1;1
202100038800;132 261;33;0;0;6;1;1
202100038801;132 259;7;0;2;8;15;1
202100038801;132 260;32;0;2;1;17;1
202100038802;132 257;33;0;2;1;1;1
202100038802;132 258;7;0;2;1;9;1
202100038803;132 255;33;0;2;1;13;1
202100038803;132 256;7;0;2;3;1;3
202100038804;132 253;7;0;2;5;16;0
202100038804;132 254;33;0;2;3;1;1
202100038805;132 251;7;0;2;2;21;1
202100038805;132 252;7;0;2;6;11;3
202100038806;132 248;20;0;2;6;1;1
202100038806;132 249;31;0;2;8;1;1
202100038806;132 250;10;0;2;3;1;1
202100038807;132 246;2;0;2;2;19;1
202100038807;132 247;7;0;2;2;0;1
202100038808;132 245;33;0;0;9;1;1
202100038809;132 244;33;0;0;0;0;1
202100038810;132 243;2;0;0;1;1;1
202100038811;132 241;1;0;0;4;1;5
202100038811;132 242;7;0;2;2;1;1
202100038812;132 240;36;3;0;2;1;1
202100038813;132 239;7;13;0;1;5;1
202100038814;132 238;80;0;0;0;1;3
202100038815;132 236;7;0;2;3;13;1
202100038815;132 237;43;0;2;3;1;1
202100038816;132 235;33;2;0;1;1;1
202100038817;132 234;7;6;0;2;1;1
202100038818;132 233;2;0;1;1;1;1
202100038819;132 231;33;0;0;8;26;1
202100038820;132 230;2;14;0;1;1;1
202100038821;132 229;7;13;0;9;15;1
202100038822;132 228;7;3;0;8;1;1
202100038823;132 227;10;6;0;3;13;1
202100038824;132 226;34;0;0;7;1;1
202100038825;132 224;1;0;2;8;1;5
202100038825;132 225;7;0;2;7;17;0
202100038826;132 223;21;13;0;2;16;1
202100038827;132 222;7;2;0;7;13;1
202100038828;132 221;33;0;6;1;1;1
202100038829;132 220;10;0;1;2;21;1
202100038830;132 218;7;0;2;3;1;1
202100038830;132 219;33;0;2;1;17;1
202100038831;132 216;7;0;0;0;1;1
202100038831;132 217;1;6;0;0;1;5
202100038832;132 215;33;3;0;7;2;1
202100038833;132 213;7;0;2;7;15;1
202100038833;132 214;33;0;2;1;1;1
202100038834;132 210;7;0;2;2;5;1
202100038834;132 211;33;0;2;1;21;1
202100038835;132 209;33;11;0;1;6;1
202100038836;132 205;7;8;2;1;17;1
202100038836;132 206;7;0;2;3;15;1
202100038837;132 204;34;0;0;8;1;1
202100038838;132 203;7;3;0;1;14;1
202100038839;132 201;33;12;2;3;6;1
202100038839;132 202;7;0;2;1;1;1
202100038840;132 200;31;8;0;1;13;1
202100038841;132 199;7;0;0;1;0;1
202100038842;132 198;10;8;0;1;14;1
202100038843;132 196;7;0;2;3;1;1
202100038843;132 197;32;0;2;1;1;1
202100038844;132 194;7;0;2;1;1;1
202100038844;132 195;7;0;2;1;15;1
202100038845;132 193;7;0;0;9;17;1
202100038846;132 191;7;0;2;3;1;1
202100038846;132 192;7;0;2;3;15;1
202100038847;132 189;7;0;2;6;9;1
202100038847;132 190;33;0;2;1;1;1
202100038848;132 187;7;0;0;1;9;1
202100038848;132 188;30;0;0;8;9;1
202100038849;132 186;50;10;0;1;0;3
202100038850;132 185;7;0;0;0;1;1
202100038851;132 184;1;0;0;0;19;5
202100038852;132 182;2;0;2;1;1;1
202100038852;132 183;7;0;2;6;11;1
202100038853;132 180;7;0;2;1;13;1
202100038853;132 181;33;0;2;1;1;1
202100038854;132 179;7;13;0;3;15;1
202100038855;132 178;33;2;0;0;0;1
202100038856;132 176;1;0;2;1;1;5
202100038856;132 177;7;0;9;2;15;1
202100038857;132 174;2;0;2;1;1;1
202100038857;132 175;7;0;2;3;15;1
202100038858;132 173;7;0;1;1;1;1
202100038859;132 171;7;0;2;1;2;1
202100038859;132 172;33;0;2;4;1;2
202100038860;132 167;7;13;0;1;1;1
202100038861;132 165;7;0;2;2;1;1
202100038861;132 166;7;0;2;6;1;1
202100038862;132 163;7;0;2;4;1;1
202100038862;132 164;31;0;2;1;1;1
202100038863;132 161;33;0;2;8;1;1
202100038863;132 162;7;0;2;6;1;1
202100038864;132 158;7;0;2;1;1;1
202100038864;132 159;7;0;2;4;2;1
202100038864;132 160;7;0;2;4;2;1
202100038865;132 155;7;0;2;4;1;1
202100038865;132 156;7;0;2;4;0;1
202100038865;132 157;7;0;2;1;1;1
202100038866;132 153;7;0;2;1;1;1
202100038866;132 154;7;0;2;4;1;1
202100038867;132 150;7;0;2;1;1;1
202100038867;132 151;7;0;2;4;1;1
202100038867;132 152;7;0;2;4;1;1
202100038868;132 148;7;0;2;1;1;1
202100038868;132 149;7;0;2;4;1;1
202100038869;132 146;7;0;1;1;1;1
202100038870;132 144;7;2;2;3;7;6
202100038870;132 145;7;0;2;2;1;0
202100038871;132 143;33;0;1;2;17;1
202100038872;132 142;7;1;0;3;1;1
202100038873;132 141;7;0;1;4;20;1
202100038874;132 140;10;0;1;2;1;1
202100038875;132 138;33;1;0;1;14;0
202100038875;132 139;7;0;2;3;14;1
202100038876;132 136;10;0;2;3;9;1
202100038876;132 137;1;0;2;7;1;5
202100038877;132 134;2;0;2;1;17;1
202100038877;132 135;7;0;2;6;15;1
202100038878;132 132;7;0;2;8;15;1
202100038878;132 133;7;0;2;6;1;1
202100038879;132 131;7;0;1;1;18;1
202100038880;132 129;1;0;2;7;1;5
202100038880;132 130;7;0;2;7;9;1
202100038881;132 128;30;12;0;1;1;1
202100038882;132 127;30;16;0;0;13;1
202100038883;132 126;7;14;0;2;1;1
202100038884;132 125;30;0;0;7;1;1
202100038885;132 124;7;0;1;4;20;1
202100038886;132 122;7;0;0;6;16;1
202100038886;132 123;7;0;2;2;12;1
202100038887;132 121;7;6;0;3;26;1
202100038888;132 119;33;0;2;1;17;1
202100038888;132 120;7;0;2;8;15;1
202100038889;132 117;7;0;2;3;15;1
202100038889;132 118;33;0;2;1;1;1
202100038890;132 116;7;0;1;2;26;1
202100038891;132 114;7;0;2;1;0;1
202100038891;132 115;7;0;2;1;1;1
202100038892;132 112;10;13;2;1;14;1
202100038892;132 113;7;0;2;5;2;1
202100038893;132 109;7;0;2;4;2;2
202100038893;132 110;7;0;2;4;2;1
202100038893;132 111;7;0;2;1;2;1
202100038894;132 108;7;0;1;7;1;1
202100038895;132 107;7;8;0;1;14;1
202100038896;132 105;7;0;2;0;15;1
202100038896;132 106;32;0;2;0;1;1
202100038897;132 102;7;0;2;3;13;1
202100038897;132 103;7;0;2;1;1;1
202100038897;132 104;37;0;2;3;1;1
202100038898;132 101;7;0;0;2;1;1
202100038899;132 099;15;0;2;1;0;0
202100038899;132 100;34;0;2;1;26;0
202100038900;132 098;31;0;0;1;2;1
202100038901;132 096;7;0;2;7;1;1
202100038901;132 097;1;0;2;1;1;5
202100038902;132 094;33;0;2;8;9;1
202100038902;132 095;7;0;2;7;9;1
202100038903;132 091;7;0;1;1;16;1
202100038904;132 089;1;0;2;1;1;5
202100038904;132 090;7;0;2;5;16;1
202100038905;132 087;7;0;2;1;1;1
202100038905;132 088;7;0;2;4;23;1
202100038906;132 085;7;8;2;1;13;1
202100038906;132 086;7;0;2;2;1;1
202100038907;132 084;30;12;0;8;13;1
202100038908;132 082;33;0;2;1;26;1
202100038908;132 083;7;0;2;7;15;1
202100038909;132 080;1;0;2;1;1;1
202100038909;132 081;7;0;2;7;15;1
202100038910;132 078;7;9;2;1;1;1
202100038910;132 079;7;9;2;3;19;1
202100038911;132 076;3;0;0;0;0;1
202100038911;132 077;7;0;2;7;19;1
202100038912;132 075;7;0;1;1;1;1
202100038913;132 074;14;0;1;1;1;1
202100038914;132 072;99;0;2;1;1;6
202100038914;132 073;99;0;0;3;23;1
202100038915;132 070;7;15;0;1;13;1
202100038916;132 069;3;0;0;1;26;3
202100038917;132 068;7;13;0;1;14;1
202100038918;132 066;7;0;2;2;1;1
202100038918;132 067;1;0;2;1;1;5
202100038919;132 064;30;0;2;1;21;1
202100038919;132 065;7;0;2;3;11;1
202100038920;132 062;7;0;2;8;15;1
202100038920;132 063;32;0;2;1;1;1
202100038921;132 061;33;1;0;4;14;1
202100038922;132 060;1;0;1;1;1;5
202100038923;132 058;7;0;2;1;2;1
202100038923;132 059;7;0;2;4;1;1
202100038924;132 056;7;0;2;3;9;1
202100038924;132 057;32;0;2;2;1;1
202100038925;132 054;7;0;2;7;15;1
202100038925;132 055;7;0;2;1;1;1
202100038926;132 052;7;0;2;7;15;1
202100038926;132 053;32;0;2;1;0;1
202100038927;132 050;7;0;2;1;0;1
202100038927;132 051;7;0;2;1;11;1
202100038928;132 048;10;0;2;6;16;1
202100038928;132 049;2;0;2;1;19;1
202100038929;132 044;37;0;2;1;1;1
202100038929;132 045;7;0;2;2;16;1
202100038930;132 042;7;0;2;6;2;1
202100038930;132 043;33;14;0;1;2;1
202100038931;132 040;7;0;2;1;9;1
202100038931;132 041;30;0;2;4;0;1
202100038932;132 038;2;1;2;4;24;1
202100038932;132 039;7;1;0;1;24;1
202100038933;132 036;7;0;2;3;9;1
202100038933;132 037;7;0;2;1;1;1
202100038934;132 034;7;0;2;7;1;1
202100038934;132 035;7;0;2;8;10;1
202100038935;132 033;7;1;0;1;1;1
202100038936;132 032;7;0;1;1;1;1
202100038937;132 030;1;0;0;0;0;0
202100038937;132 031;33;12;2;2;14;1
202100038938;132 028;30;0;2;8;19;1
202100038938;132 029;32;0;2;1;3;1
202100038939;132 027;32;11;0;1;2;1
202100038940;132 024;31;0;2;1;5;1
202100038940;132 025;7;0;2;3;13;1
202100038940;132 026;7;0;0;3;16;1
202100038941;132 023;7;0;1;1;9;1
202100038942;132 022;7;0;1;1;1;1
202100038943;132 020;7;0;2;1;1;1
202100038943;132 021;7;0;2;4;1;1
202100038944;132 019;7;2;0;1;1;1
202100038945;132 018;7;6;0;1;9;1
202100038946;132 017;31;1;0;7;21;1
202100038947;132 016;30;0;0;3;1;1
202100038948;132 015;10;0;1;2;1;1
202100038949;132 014;34;0;0;8;26;1
202100038950;132 013;7;0;1;2;16;1
202100038951;132 011;7;0;2;4;23;1
202100038951;132 012;30;0;2;1;1;0
202100038952;132 010;7;0;1;1;0;1
202100038953;132 008;15;0;2;6;1;1
202100038953;132 009;7;0;2;2;11;1
202100038954;132 007;33;0;0;7;3;1
202100038955;132 005;50;0;2;7;25;3
202100038955;132 006;60;0;2;1;25;5
202100038956;132 004;30;0;1;7;1;3
202100038957;132 003;34;0;1;0;1;1
202100038958;132 001;1;0;2;5;1;5
202100038958;132 002;10;0;2;5;16;1
202100038959;131 999;32;0;2;7;17;1
202100038959;132 000;10;0;2;3;15;1
202100038960;131 998;32;0;1;8;15;1
202100038961;131 996;32;0;2;4;1;1
202100038961;131 997;7;0;2;3;13;0
202100038962;131 993;32;0;2;9;3;1
202100038962;131 994;13;0;2;5;23;1
202100038962;131 995;37;0;2;6;23;3
202100038963;131 992;7;0;1;1;1;2
202100038964;131 990;33;0;2;1;1;1
202100038964;131 991;7;0;2;1;15;2
202100038965;131 988;14;0;2;1;2;6
202100038965;131 989;7;0;2;4;2;1
202100038966;131 987;1;0;0;0;1;5
202100038967;131 985;7;0;2;7;1;3
202100038967;131 986;30;0;2;2;20;1
202100038968;131 984;30;0;1;1;1;1
202100038969;131 983;43;0;1;1;1;1
202100038970;131 981;1;0;2;7;5;5
202100038970;131 982;1;0;2;1;1;5
202100038971;131 979;50;0;2;1;1;3
202100038971;131 980;10;0;2;8;22;1
202100038972;131 977;7;0;2;2;1;1
202100038972;131 978;32;0;2;1;1;1
202100038973;131 976;1;0;0;1;26;5
202100038974;131 975;32;0;1;1;1;1
202100038975;131 973;10;0;9;2;12;1
202100038975;131 974;1;0;2;0;1;5
202100038976;131 972;7;0;1;7;1;1
202100038977;131 970;7;0;2;5;1;1
202100038977;131 971;2;0;2;3;11;1
202100038978;131 968;33;0;2;1;2;1
202100038978;131 969;7;0;9;7;20;1
202100038979;131 967;30;15;0;0;1;1
202100038980;131 966;7;0;1;1;1;1
202100038981;131 964;7;0;2;4;0;1
202100038981;131 965;7;0;2;1;2;1
202100038982;131 962;7;0;2;1;16;1
202100038982;131 963;7;0;2;7;1;1
202100038983;131 960;7;0;2;3;15;1
202100038983;131 961;7;0;2;2;5;1
202100038984;131 958;34;0;2;1;1;1
202100038984;131 959;7;0;2;3;15;0
202100038985;131 956;80;0;2;7;0;3
202100038985;131 957;7;0;2;3;26;1
202100038986;131 954;7;0;2;8;13;1
202100038986;131 955;33;0;2;7;17;1
202100038987;131 952;7;0;2;6;2;1
202100038987;131 953;7;0;2;2;2;1
202100038988;131 949;7;0;1;2;1;1
202100038989;131 946;10;1;2;2;0;0
202100038989;131 947;7;0;2;0;0;1
202100038989;131 948;33;0;2;2;13;1
202100038990;131 943;7;1;0;1;2;1
202100038991;131 942;7;0;1;1;19;1
202100038992;131 940;7;0;2;8;1;1
202100038992;131 941;7;0;2;8;1;2
202100038993;131 939;7;0;1;1;9;1
202100038994;131 937;1;0;0;0;0;0
202100038994;131 938;30;0;0;0;0;0
202100038995;131 935;1;0;2;1;17;0
202100038995;131 936;7;0;2;3;9;1
202100038996;131 934;7;0;1;4;26;1
202100038997;131 933;32;0;2;1;1;1
202100038998;131 931;43;0;2;2;17;1
202100038998;131 932;1;0;2;6;13;5
202100038999;131 930;1;0;0;8;1;5
202100039000;131 928;33;0;2;1;1;1
202100039000;131 929;7;0;2;5;1;1
202100039001;131 926;7;0;2;8;23;1
202100039001;131 927;50;0;2;3;17;3
202100039002;131 924;1;0;2;3;19;5
202100039002;131 925;7;0;2;2;1;1
202100039003;131 921;7;0;2;0;0;1
202100039003;131 922;7;0;2;1;1;1
202100039003;131 923;7;0;2;1;2;1
202100039004;131 919;33;0;2;1;1;1
202100039004;131 920;33;0;2;4;1;1
202100039005;131 918;7;8;0;3;0;1
202100039006;131 916;7;0;2;8;15;1
202100039006;131 917;31;0;2;1;17;1
202100039007;131 915;7;8;0;3;0;1
202100039008;131 914;7;15;0;1;20;1
202100039009;131 912;10;0;2;8;17;0
202100039009;131 913;33;0;2;7;17;1
202100039010;131 910;7;0;2;1;17;1
202100039010;131 911;7;0;0;4;15;1
202100039011;131 908;10;0;2;3;15;1
202100039011;131 909;33;0;2;1;1;1
202100039012;131 907;7;2;0;3;0;1
202100039013;131 905;7;0;2;1;17;1
202100039013;131 906;7;0;2;1;1;1
202100039014;131 904;34;0;0;1;1;0
202100039015;131 902;7;0;2;3;13;1
202100039015;131 903;37;0;2;3;1;1
202100039016;131 900;7;0;2;3;1;1
202100039016;131 901;7;0;2;3;5;1
202100039017;131 899;7;2;0;4;1;1
202100039018;131 898;7;15;0;2;1;1
202100039019;131 897;7;2;0;1;0;1
202100039020;131 896;36;2;0;1;1;1
202100039021;131 894;7;9;2;7;1;1
202100039021;131 895;7;0;2;1;1;1
202100039022;131 892;7;0;9;6;15;0
202100039022;131 893;1;0;2;4;16;6
202100039023;131 891;7;2;0;1;14;6
202100039024;131 890;7;6;0;1;1;1
202100039025;131 888;7;0;2;3;17;1
202100039025;131 889;7;0;2;3;21;1
202100039026;131 886;33;0;2;1;1;1
202100039026;131 887;7;0;2;8;15;1
202100039027;131 885;7;13;0;1;1;1
202100039028;131 883;7;0;9;3;1;1
202100039028;131 884;1;0;2;7;12;0
202100039029;131 882;33;0;0;0;1;1
202100039030;131 881;7;7;0;1;1;1
202100039031;131 879;7;0;0;2;0;1
202100039031;131 880;1;0;2;1;0;5
202100039032;131 877;7;6;2;3;13;1
202100039032;131 878;33;0;2;1;13;1
202100039033;131 876;7;1;0;3;1;1
202100039034;131 874;7;0;2;7;16;1
202100039034;131 875;33;0;2;1;18;1
202100039035;131 873;33;13;0;0;21;1
202100039036;131 871;7;0;2;2;19;1
202100039036;131 872;7;0;2;3;1;1
202100039037;131 869;7;0;2;6;19;1