Num_Acc;id_vehicule;categorie_vehicule;obstacle_fixe;obstacle_mobile;point_choc_initial;manoeuvre_principale;motorisation
202100039037;131 870;33;0;2;8;19;1
202100039038;131 865;7;0;0;0;1;1
202100039039;131 863;33;1;0;3;13;1
202100039040;131 859;7;0;2;4;1;1
202100039040;131 860;7;0;2;4;1;1
202100039040;131 861;7;0;2;1;1;1
202100039040;131 862;7;0;2;4;1;1
202100039041;131 857;10;0;2;1;2;1
202100039041;131 858;7;0;2;4;2;1
202100039042;131 850;7;0;2;2;0;1
202100039042;131 851;7;0;2;6;0;1
202100039042;131 852;7;0;2;4;1;1
202100039042;131 853;15;0;2;8;1;1
202100039043;131 848;7;0;2;8;11;1
202100039043;131 849;33;0;2;1;3;1
202100039044;131 845;7;0;2;0;12;1
202100039044;131 846;33;0;2;1;21;1
202100039044;131 847;15;0;2;4;1;1
202100039045;131 842;33;0;2;3;3;1
202100039045;131 843;7;0;2;2;12;1
202100039045;131 844;7;0;2;6;1;2
202100039046;131 840;7;0;2;1;1;1
202100039046;131 841;7;4;2;8;12;1
202100039047;131 838;7;0;2;5;12;1
202100039047;131 839;33;0;2;8;3;1
202100039048;131 836;10;0;2;4;1;1
202100039048;131 837;33;0;2;1;1;1
202100039049;131 834;7;0;2;1;26;1
202100039049;131 835;7;0;2;4;0;1
202100039050;131 832;33;4;2;1;3;1
202100039050;131 833;7;4;2;6;11;1
202100039051;131 830;14;0;2;1;2;1
202100039051;131 831;17;0;2;4;2;1
202100039052;131 829;7;4;0;1;9;1
202100039053;131 826;7;0;2;1;9;1
202100039053;131 827;7;0;2;3;15;1
202100039054;131 824;7;0;1;2;1;1
202100039055;131 822;7;0;2;2;16;1
202100039055;131 823;1;12;2;8;1;5
202100039056;131 821;7;0;1;2;9;1
202100039057;131 820;7;0;1;1;1;1
202100039058;131 819;37;0;0;0;26;1
202100039059;131 817;7;0;2;3;15;1
202100039059;131 818;7;8;2;2;17;1
202100039060;131 815;31;0;2;3;1;3
202100039060;131 816;7;0;2;1;19;1
202100039061;131 813;1;0;2;8;15;5
202100039061;131 814;7;0;9;4;4;3
202100039062;131 811;1;0;4;1;19;5
202100039062;131 812;40;0;2;2;1;0
202100039063;131 810;7;0;1;2;2;1
202100039064;131 808;7;1;0;1;2;1
202100039064;131 809;7;1;0;4;2;1
202100039065;131 807;7;1;0;2;1;1
202100039066;131 805;10;0;2;1;16;0
202100039066;131 806;1;0;2;8;19;5
202100039067;131 804;10;0;1;3;26;1
202100039068;131 803;7;8;0;1;14;1
202100039069;131 802;7;0;1;2;1;1
202100039070;131 800;7;0;2;1;0;1
202100039070;131 801;33;0;2;4;16;1
202100039071;131 798;1;0;2;1;1;5
202100039071;131 799;7;0;9;7;1;1
202100039072;131 796;10;0;2;5;1;1
202100039072;131 797;80;0;2;1;1;3
202100039073;131 794;10;0;2;2;12;1
202100039073;131 795;33;0;2;1;3;1
202100039074;131 792;7;0;2;3;1;1
202100039074;131 793;50;0;2;1;19;3
202100039075;131 791;32;12;0;1;14;1
202100039076;131 789;7;0;2;2;15;1
202100039076;131 790;7;0;2;2;1;1
202100039077;131 788;7;0;1;1;19;1
202100039078;131 785;7;0;2;4;2;1
202100039078;131 786;7;0;2;1;2;1
202100039078;131 787;10;0;2;4;2;1
202100039079;131 782;7;0;2;4;2;1
202100039079;131 783;7;0;2;4;1;1
202100039079;131 784;7;0;2;1;2;1
202100039080;131 779;7;0;1;0;1;1
202100039081;131 778;7;2;0;3;13;1
202100039082;131 776;30;0;2;1;5;1
202100039082;131 777;7;0;2;3;1;1
202100039083;131 774;30;0;2;2;1;1
202100039083;131 775;7;0;2;8;9;1
202100039084;131 773;7;0;1;1;1;1
202100039085;131 769;7;0;2;5;23;1
202100039085;131 770;30;0;2;1;1;0
202100039086;131 767;7;0;2;1;15;1
202100039086;131 768;1;0;2;7;19;5
202100039087;131 765;7;0;2;1;1;1
202100039087;131 766;7;0;2;4;1;1
202100039088;131 763;7;0;2;1;1;1
202100039088;131 764;7;0;2;1;13;1
202100039089;131 761;7;0;2;4;1;1
202100039089;131 762;32;0;2;1;1;1
202100039090;131 759;7;0;2;1;1;1
202100039090;131 760;1;0;2;6;19;5
202100039091;131 757;7;0;2;6;1;1
202100039091;131 758;7;0;2;1;10;1
202100039092;131 755;31;0;2;1;17;1
202100039092;131 756;7;0;2;3;15;1
202100039093;131 753;7;0;2;3;19;1
202100039093;131 754;31;0;2;1;17;1
202100039094;131 752;30;14;0;8;11;1
202100039095;131 750;7;0;2;3;1;1
202100039095;131 751;30;0;2;1;15;1
202100039096;131 748;7;0;2;2;15;1
202100039096;131 749;31;0;2;1;1;1
202100039097;131 746;7;0;2;4;23;1
202100039097;131 747;10;0;2;1;2;1
202100039098;131 745;7;0;1;1;1;1
202100039099;131 743;7;0;2;2;1;1
202100039099;131 744;50;0;2;1;16;3
202100039100;131 741;7;0;2;1;1;1
202100039100;131 742;7;0;2;7;1;1
202100039101;131 740;7;1;0;1;1;1
202100039102;131 739;7;0;1;3;0;1
202100039103;131 737;34;0;2;2;1;1
202100039103;131 738;7;0;2;3;15;1
202100039104;131 736;7;0;1;1;1;1
202100039105;131 734;7;0;2;8;10;1
202100039105;131 735;2;0;2;1;1;1
202100039106;131 731;7;0;2;3;5;1
202100039106;131 732;7;0;2;3;1;1
202100039106;131 733;7;0;2;3;1;1
202100039107;131 729;7;0;2;2;12;1
202100039107;131 730;7;0;2;3;16;1
202100039108;131 726;7;0;2;8;1;1
202100039108;131 727;7;0;2;8;1;1
202100039108;131 728;7;0;2;3;21;1
202100039109;131 723;7;0;1;1;1;1
202100039110;131 721;1;0;2;3;1;5
202100039110;131 722;7;0;2;3;23;1
202100039111;131 720;13;0;1;2;15;1
202100039112;131 718;30;0;4;7;19;1
202100039112;131 719;40;0;2;3;1;3
202100039113;131 716;0;0;1;0;2;0
202100039114;131 714;33;0;2;1;1;1
202100039114;131 715;7;0;2;2;15;1
202100039115;131 713;7;0;5;1;1;1
202100039116;131 712;7;8;0;3;13;1
202100039117;131 708;10;0;1;3;15;1
202100039118;131 704;1;0;2;1;0;5
202100039118;131 705;7;0;2;1;1;1
202100039119;131 702;7;0;2;3;1;1
202100039119;131 703;1;0;2;1;15;5
202100039120;131 701;33;0;0;2;26;1
202100039121;131 699;7;0;2;7;1;1
202100039121;131 700;7;0;2;1;9;1
202100039122;131 697;7;0;2;1;1;1
202100039122;131 698;2;0;2;1;13;1
202100039123;131 696;30;0;0;3;1;1
202100039124;131 694;7;0;0;0;0;0
202100039124;131 695;60;0;0;0;0;5
202100039125;131 692;7;0;9;3;15;1
202100039125;131 693;1;0;2;3;1;6
202100039126;131 690;7;0;2;1;2;1
202100039126;131 691;50;0;2;8;16;3
202100039127;131 688;7;0;2;0;0;1
202100039127;131 689;1;0;2;0;1;5
202100039128;131 687;7;0;1;2;2;1
202100039129;131 685;99;0;2;6;1;1
202100039129;131 686;7;0;2;1;19;1
202100039130;131 683;7;1;9;1;13;1
202100039130;131 684;7;0;9;0;26;1
202100039131;131 681;7;0;2;1;1;3
202100039131;131 682;43;0;2;7;1;1
202100039132;131 680;7;0;1;0;26;0
202100039133;131 677;33;0;2;3;3;1
202100039133;131 678;7;0;2;3;1;2
202100039133;131 679;10;0;2;5;1;1
202100039134;131 675;10;0;2;7;12;1
202100039134;131 676;33;0;2;3;3;1
202100039135;131 673;32;0;2;1;2;1
202100039135;131 674;7;0;2;4;2;1
202100039136;131 671;34;0;2;3;3;1
202100039136;131 672;7;0;2;5;14;1
202100039137;131 669;33;0;2;1;5;1
202100039137;131 670;32;0;2;8;15;1
202100039138;131 666;7;0;2;5;15;1
202100039138;131 667;7;0;2;1;21;1
202100039138;131 668;2;0;2;1;1;1
202100039139;131 664;30;0;2;1;2;1
202100039139;131 665;7;0;2;5;23;1
202100039140;131 662;2;0;2;2;17;1
202100039140;131 663;1;0;2;6;15;5
202100039141;131 660;1;0;2;5;15;5
202100039141;131 661;2;0;2;1;1;1
202100039142;131 659;7;1;1;1;1;2
202100039143;131 657;34;0;2;1;17;1
202100039143;131 658;32;0;2;3;15;1
202100039144;131 655;60;0;2;8;19;5
202100039144;131 656;7;0;2;1;16;1
202100039145;131 653;10;0;2;4;2;1
202100039145;131 654;1;0;2;1;2;5
202100039146;131 651;32;0;2;7;1;1
202100039146;131 652;10;0;2;3;22;1
202100039147;131 649;10;0;2;2;1;3
202100039147;131 650;1;0;2;0;13;5
202100039148;131 648;1;0;1;8;1;5
202100039149;131 646;7;0;2;1;1;1
202100039149;131 647;10;0;2;4;20;1
202100039150;131 644;33;0;2;1;17;1
202100039150;131 645;10;0;2;6;15;1
202100039151;131 642;7;0;2;0;0;1
202100039151;131 643;2;0;2;1;11;1
202100039152;131 641;7;0;2;4;16;1
202100039153;131 638;7;0;2;4;1;1
202100039153;131 639;7;0;2;4;1;1
202100039153;131 640;7;0;2;1;1;1
202100039154;131 636;7;0;2;3;0;1
202100039154;131 637;7;0;2;3;13;1
202100039155;131 634;32;0;2;1;2;1
202100039155;131 635;7;0;2;6;10;1
202100039156;131 633;7;0;1;1;1;0
202100039157;131 632;7;1;1;3;26;1
202100039158;131 631;10;0;1;2;26;1
202100039159;131 629;7;0;2;3;15;0
202100039159;131 630;30;0;2;7;17;1
202100039160;131 628;7;0;1;0;1;1
202100039161;131 625;7;0;2;1;1;1
202100039161;131 626;7;0;2;0;1;1
202100039161;131 627;37;0;2;1;1;1
202100039162;131 623;30;0;2;1;2;1
202100039162;131 624;10;0;2;6;23;1
202100039163;131 621;2;0;2;7;16;1
202100039163;131 622;10;0;2;1;16;1
202100039164;131 619;7;0;2;6;23;1
202100039164;131 620;2;0;2;1;1;1
202100039165;131 617;7;0;2;2;15;1
202100039165;131 618;1;0;2;8;1;6
202100039166;131 616;7;0;1;4;4;1
202100039167;131 613;7;0;2;4;1;2
202100039167;131 614;43;0;2;4;2;1
202100039167;131 615;7;0;2;1;2;1
202100039168;131 611;50;0;2;1;1;3
202100039168;131 612;7;0;2;3;20;1
202100039169;131 610;10;2;0;3;13;1
202100039170;131 609;7;7;0;3;0;1
202100039171;131 605;7;0;2;4;2;1
202100039171;131 606;7;0;2;4;2;1
202100039171;131 607;7;0;2;4;2;1
202100039171;131 608;7;0;2;1;2;1
202100039172;131 601;7;0;2;4;11;1
202100039172;131 602;7;0;2;1;1;1
202100039173;131 600;1;0;0;8;2;5
202100039174;131 599;33;13;0;8;1;1
202100039175;131 597;10;0;9;3;1;1
202100039175;131 598;1;0;2;8;19;5
202100039176;131 594;10;0;2;4;2;1
202100039176;131 595;10;0;2;4;2;1
202100039176;131 596;10;0;2;1;2;1
202100039177;131 593;10;0;1;2;1;1
202100039178;131 592;33;0;6;3;14;1
202100039179;131 591;7;13;0;9;1;1
202100039180;131 590;60;0;0;0;0;5
202100039181;131 589;7;2;0;1;1;1
202100039182;131 587;3;0;2;3;13;1
202100039182;131 588;17;0;2;3;1;1
202100039183;131 586;7;0;0;1;1;1
202100039184;131 585;7;6;0;3;2;1
202100039185;131 583;10;0;2;1;1;1
202100039185;131 584;7;0;2;3;19;1
202100039186;131 582;15;0;1;1;9;1
202100039187;131 581;7;13;0;3;2;1
202100039188;131 579;33;0;2;1;1;1
202100039188;131 580;7;0;2;3;1;1
202100039189;131 577;1;0;2;1;1;5
202100039189;131 578;7;0;2;2;15;1
202100039190;131 575;7;0;2;3;1;1
202100039190;131 576;7;0;2;3;13;1
202100039191;131 574;7;5;0;1;1;1
202100039192;131 572;2;0;2;2;17;1
202100039192;131 573;7;0;2;8;15;1
202100039193;131 567;14;15;2;1;13;1
202100039193;131 568;7;0;2;1;17;1
202100039193;131 569;10;0;0;8;1;6
202100039193;131 570;15;0;0;6;0;1
202100039194;131 565;7;0;2;1;1;1
202100039194;131 566;7;7;2;6;19;1
202100039195;131 563;7;0;2;1;15;1
202100039195;131 564;7;0;2;4;15;1
202100039196;131 562;7;0;1;7;1;1
202100039197;131 560;10;0;0;9;0;1
202100039197;131 561;7;4;0;9;0;1
202100039198;131 559;7;13;0;3;1;1
202100039199;131 557;7;0;2;1;1;1
202100039199;131 558;7;0;2;7;5;1
202100039200;131 555;7;0;2;2;1;1
202100039200;131 556;7;0;2;6;11;1
202100039201;131 552;7;0;2;3;1;1
202100039201;131 553;33;0;2;6;11;1
202100039201;131 554;7;3;0;2;1;1
202100039202;131 550;7;13;2;2;1;1
202100039202;131 551;15;0;2;8;1;0
202100039203;131 548;17;0;2;3;1;1
202100039203;131 549;33;0;2;3;13;1
202100039204;131 546;34;0;2;1;21;1
202100039204;131 547;7;0;2;1;15;1
202100039205;131 544;7;0;0;4;1;1
202100039205;131 545;33;0;0;1;1;1
202100039206;131 542;7;0;2;1;1;1
202100039206;131 543;7;0;2;5;19;1
202100039207;131 540;33;0;2;7;17;1
202100039207;131 541;20;0;0;8;15;1
202100039208;131 539;2;0;0;2;1;1
202100039209;131 537;7;0;2;8;13;1
202100039209;131 538;33;2;2;2;17;1
202100039210;131 535;7;0;2;1;13;1
202100039210;131 536;15;0;2;1;1;1
202100039211;131 533;7;0;2;1;1;1
202100039211;131 534;7;0;2;1;13;1
202100039212;131 531;7;0;2;1;1;1
202100039212;131 532;7;0;2;1;13;1
202100039213;131 529;17;0;2;3;1;1
202100039213;131 530;3;0;2;3;1;1
202100039214;131 528;7;0;1;2;1;1
202100039215;131 527;2;0;0;1;13;1
202100039216;131 525;7;0;2;3;13;1
202100039216;131 526;33;0;2;8;1;1
202100039217;131 523;7;0;2;3;13;1
202100039217;131 524;17;0;2;3;1;0
202100039218;131 520;33;0;5;1;1;1
202100039219;131 519;7;0;1;3;15;1
202100039220;131 518;2;8;0;1;14;1
202100039221;131 516;7;0;2;1;1;1
202100039221;131 517;7;0;2;1;21;1
202100039222;131 512;33;0;2;1;13;1
202100039222;131 513;7;0;2;2;1;1
202100039223;131 510;7;0;2;4;2;1
202100039223;131 511;7;0;2;1;2;1
202100039224;131 508;7;0;2;5;12;1
202100039224;131 509;33;0;2;1;1;1
202100039225;131 507;7;0;2;1;14;1
202100039226;131 505;10;0;2;4;1;1
202100039226;131 506;32;0;2;1;3;1
202100039227;131 503;7;0;2;3;9;1
202100039227;131 504;33;0;2;7;1;1
202100039228;131 500;7;0;2;5;2;1
202100039228;131 501;7;0;2;4;2;1
202100039228;131 502;7;0;2;1;2;1
202100039229;131 496;7;0;2;1;1;1
202100039229;131 497;10;0;2;1;1;1
202100039229;131 498;7;0;2;4;23;1
202100039229;131 499;7;0;2;4;23;1
202100039230;131 495;33;14;0;0;26;1
202100039231;131 493;10;0;2;0;0;1
202100039231;131 494;7;0;2;0;0;1
202100039232;131 489;7;0;2;0;26;1
202100039232;131 490;7;0;0;4;0;1
202100039232;131 491;7;0;2;9;0;1
202100039232;131 492;7;0;2;1;26;1
202100039233;131 486;7;0;2;4;26;1
202100039233;131 487;7;0;2;1;0;1
202100039233;131 488;13;0;2;1;26;1
202100039234;131 484;10;0;2;1;2;1
202100039234;131 485;7;0;2;4;2;1
202100039235;131 481;7;0;2;2;14;1
202100039235;131 482;17;0;2;2;0;1
202100039235;131 483;7;4;2;3;1;1
202100039236;131 479;7;0;2;5;26;2
202100039236;131 480;15;0;2;1;1;1
202100039237;131 478;7;3;0;3;13;1
202100039238;131 474;7;0;2;1;2;1
202100039238;131 475;7;0;2;4;2;1
202100039238;131 476;7;0;2;4;2;1
202100039238;131 477;7;0;2;4;2;1
202100039239;131 472;31;0;2;1;1;1
202100039239;131 473;10;0;2;6;13;1
202100039240;131 471;7;4;0;1;14;1
202100039241;131 469;7;0;2;4;2;1
202100039241;131 470;7;0;2;1;2;1
202100039242;131 466;7;0;2;7;1;1
202100039242;131 467;7;0;2;8;2;1
202100039242;131 468;17;0;2;2;12;1
202100039243;131 464;7;0;2;1;2;1
202100039243;131 465;7;0;2;1;2;1
202100039244;131 462;34;0;2;1;3;1
202100039244;131 463;7;0;2;7;12;1
202100039245;131 460;31;0;2;0;3;1
202100039245;131 461;13;0;2;6;1;1
202100039246;131 459;7;0;1;1;9;1
202100039247;131 457;7;0;1;1;1;1
202100039248;131 456;7;0;1;1;26;1
202100039249;131 454;30;0;2;1;1;1
202100039249;131 455;7;0;2;3;15;1
202100039250;131 452;31;0;2;7;0;1
202100039250;131 453;7;0;2;3;11;1
202100039251;131 450;7;0;2;7;16;1
202100039251;131 451;1;0;2;1;15;5
202100039252;131 448;32;0;2;2;17;1
202100039252;131 449;10;0;2;8;15;1
202100039253;131 446;2;0;2;1;17;1
202100039253;131 447;7;0;2;3;15;1
202100039254;131 444;2;0;2;4;26;1
202100039254;131 445;1;0;9;4;1;5
202100039255;131 442;7;0;2;1;16;1
202100039255;131 443;1;0;2;8;0;0
202100039256;131 440;50;0;2;1;1;3
202100039256;131 441;7;0;2;2;19;1
202100039257;131 437;7;0;2;0;0;1
202100039257;131 438;7;0;2;0;0;0
202100039257;131 439;3;0;2;0;26;0
202100039258;131 435;7;0;2;4;23;1
202100039258;131 436;30;1;0;1;18;1
202100039259;131 433;33;0;2;1;1;0
202100039259;131 434;7;0;2;7;15;1
202100039260;131 430;7;0;2;0;0;1
202100039260;131 431;99;0;0;0;0;0
202100039260;131 432;99;0;2;4;26;6
202100039261;131 428;7;0;2;0;1;1
202100039261;131 429;33;0;2;0;0;1
202100039262;131 426;7;1;2;1;1;1
202100039262;131 427;7;3;2;3;1;1
202100039263;131 424;10;1;0;2;1;1
202100039264;131 422;30;0;2;8;1;1
202100039264;131 423;7;0;2;8;12;2
202100039265;131 419;32;11;0;1;26;1
202100039266;131 417;7;0;2;1;15;1
202100039266;131 418;7;0;2;3;1;1
202100039267;131 415;7;0;2;4;23;1
202100039267;131 416;1;0;2;1;2;5
202100039268;131 413;7;0;2;5;1;1
202100039268;131 414;50;0;2;0;5;3
202100039269;131 409;33;12;0;2;1;1
202100039270;131 407;33;0;2;7;2;1
202100039270;131 408;7;0;2;8;11;1
202100039271;131 405;7;0;2;2;17;1
202100039271;131 406;50;0;2;4;13;3
202100039272;131 403;50;0;2;1;1;3
202100039272;131 404;1;0;2;3;19;5
202100039273;131 401;1;0;2;1;1;0
202100039273;131 402;7;0;2;8;1;1
202100039274;131 399;1;0;2;1;1;5
202100039274;131 400;7;0;2;5;16;1
202100039275;131 397;30;0;2;3;1;1
202100039275;131 398;7;0;2;1;15;1
202100039276;131 395;7;0;2;2;15;1
202100039276;131 396;32;0;2;1;18;1
202100039277;131 393;7;0;2;3;1;1
202100039277;131 394;50;0;2;9;1;3
202100039278;131 391;17;0;2;6;24;1
202100039278;131 392;7;1;0;1;1;1
202100039279;131 390;7;0;1;2;1;1
202100039280;131 388;7;0;2;4;23;1
202100039280;131 389;7;14;0;0;0;0
202100039281;131 386;7;0;9;1;0;1
202100039281;131 387;1;0;2;8;26;5
202100039282;131 384;7;0;2;4;1;1
202100039282;131 385;2;0;2;1;1;3
202100039283;131 383;7;0;1;2;1;1
202100039284;131 381;7;0;9;1;26;1
202100039284;131 382;50;0;2;1;26;3
202100039285;131 379;7;0;2;3;15;1
202100039285;131 380;7;0;2;2;21;1
202100039286;131 378;7;0;1;1;1;1
202100039287;131 375;7;0;2;4;1;1
202100039287;131 376;7;0;2;4;2;1
202100039287;131 377;7;0;2;1;2;1
202100039288;131 374;30;0;0;2;1;1
202100039289;131 372;7;0;2;1;1;1
202100039289;131 373;7;0;2;1;13;1
202100039290;131 371;7;0;1;1;9;1
202100039291;131 369;7;0;2;3;15;1
202100039291;131 370;7;0;2;2;1;1
202100039292;131 367;7;0;2;5;1;1
202100039292;131 368;2;0;2;2;15;1
202100039293;131 365;7;0;2;4;2;1
202100039293;131 366;30;0;2;1;1;1
202100039294;131 363;7;0;2;6;15;1
202100039294;131 364;33;0;2;2;1;1
202100039295;131 361;31;0;2;6;1;1
202100039295;131 362;7;0;2;3;15;1
202100039296;131 359;7;1;0;5;4;1
202100039296;131 360;7;15;0;8;24;1
202100039297;131 357;7;0;2;1;1;1
202100039297;131 358;7;0;2;1;1;1
202100039298;131 354;7;0;2;6;0;1
202100039298;131 355;7;0;2;8;1;1
202100039298;131 356;10;0;2;2;9;1
202100039299;131 352;7;0;2;5;1;0
202100039299;131 353;7;0;2;3;1;1
202100039300;131 350;7;0;2;4;1;1
202100039300;131 351;7;0;2;1;1;1
202100039301;131 348;37;0;2;3;0;1
202100039301;131 349;30;0;2;1;1;1
202100039302;131 346;33;11;2;3;2;1
202100039302;131 347;7;0;0;0;0;0
202100039303;131 345;7;6;1;2;14;1
202100039304;131 343;10;0;2;4;17;1
202100039304;131 344;30;0;2;1;2;1
202100039305;131 341;37;15;2;3;21;2
202100039305;131 342;7;0;2;1;13;1
202100039306;131 339;33;0;2;1;1;1
202100039306;131 340;7;0;2;6;20;1
202100039307;131 337;7;0;2;3;15;1
202100039307;131 338;32;0;2;2;17;1
202100039308;131 335;33;0;2;0;0;1
202100039308;131 336;7;0;2;0;10;1
202100039309;131 333;31;0;2;1;1;1
202100039309;131 334;7;0;2;1;15;1
202100039310;131 332;1;8;0;1;0;5
202100039311;131 331;7;0;1;2;19;3
202100039312;131 330;33;0;1;3;26;1
202100039313;131 329;2;1;1;1;17;1
202100039314;131 327;10;0;2;3;1;1
202100039314;131 328;30;0;2;1;17;1
202100039315;131 326;7;0;1;1;26;1
202100039316;131 324;7;0;2;3;1;2
202100039316;131 325;30;0;2;4;23;1
202100039317;131 322;50;0;0;0;14;3
202100039317;131 323;50;0;2;1;1;3
202100039318;131 320;43;0;2;2;2;1
202100039318;131 321;7;14;2;2;14;1
202100039319;131 319;43;0;1;1;1;1
202100039320;131 317;43;0;2;7;17;1
202100039320;131 318;7;0;2;6;15;1
202100039321;131 315;7;0;2;2;16;1
202100039321;131 316;30;0;2;8;18;1
202100039322;131 313;7;0;2;2;1;1
202100039322;131 314;60;0;2;0;19;5
202100039323;131 311;30;0;2;1;17;1
202100039323;131 312;7;0;2;3;1;1
202100039324;131 309;7;0;2;7;12;1
202100039324;131 310;33;0;2;8;1;1
202100039325;131 308;10;0;1;0;0;0
202100039326;131 306;2;0;2;7;1;1
202100039326;131 307;7;0;2;3;11;1
202100039327;131 304;7;1;2;3;1;1
202100039327;131 305;7;0;2;3;1;1
202100039328;131 302;7;0;2;1;5;1
202100039328;131 303;7;0;2;1;1;1
202100039329;131 300;7;0;2;3;15;1
202100039329;131 301;2;0;2;7;2;1
202100039330;131 297;10;0;2;1;26;0
202100039330;131 298;3;1;2;4;23;0
202100039330;131 299;3;1;0;4;24;0
202100039331;131 295;7;1;2;3;1;1
202100039331;131 296;7;0;2;3;13;1
202100039332;131 293;7;8;2;9;16;0
202100039332;131 294;7;0;2;2;1;0
202100039333;131 291;7;0;2;3;1;1
202100039333;131 292;7;0;2;2;1;1
202100039334;131 290;7;6;0;1;26;1
202100039335;131 289;7;15;0;1;9;1
202100039336;131 287;10;0;2;1;1;1
202100039336;131 288;14;0;2;1;5;1
202100039337;131 286;7;0;1;6;20;1
202100039338;131 285;31;15;0;8;13;1
202100039339;131 283;1;0;2;2;1;5
202100039339;131 284;7;0;9;3;1;1
202100039340;131 280;7;0;2;1;13;1
202100039340;131 281;7;0;2;3;1;1
202100039340;131 282;99;0;2;6;1;1
202100039341;131 279;7;6;0;1;14;1
202100039342;131 277;7;4;2;2;26;1
202100039342;131 278;7;4;2;3;26;1
202100039343;131 274;7;0;0;0;21;1
202100039343;131 275;33;0;2;1;13;1
202100039343;131 276;31;0;2;1;0;1
202100039344;131 273;7;8;0;1;1;1
202100039345;131 272;7;6;0;1;1;1
202100039346;131 270;7;0;2;1;15;1
202100039346;131 271;33;0;2;1;1;1
202100039347;131 268;7;0;2;1;1;1
202100039347;131 269;7;0;2;1;15;1
202100039348;131 266;7;0;2;4;1;1
202100039348;131 267;7;0;2;1;1;1
202100039349;131 264;2;0;2;7;1;1
202100039349;131 265;7;0;2;2;9;1
202100039350;131 262;7;0;2;3;1;1
202100039350;131 263;7;0;2;6;1;1
202100039351;131 260;33;0;2;8;1;1
202100039351;131 261;7;0;2;3;1;1
202100039352;131 258;2;0;2;8;15;1
202100039352;131 259;7;0;2;7;17;1
202100039353;131 256;7;0;2;1;1;1
202100039353;131 257;7;0;2;1;13;1
202100039354;131 255;33;0;0;7;1;1
202100039355;131 254;7;1;0;2;1;1
202100039356;131 253;7;0;1;1;1;1
202100039357;131 251;7;0;2;8;1;1
202100039357;131 252;7;0;2;2;9;1
202100039358;131 249;7;0;9;1;1;1
202100039358;131 250;10;0;0;0;1;6
202100039359;131 247;33;0;0;7;16;1
202100039360;131 245;7;0;2;3;14;1
202100039360;131 246;7;0;2;3;14;1
202100039361;131 243;2;0;2;2;1;1
202100039361;131 244;7;0;2;8;15;1
202100039362;131 241;10;0;2;2;14;1
202100039362;131 242;80;0;0;2;23;3
202100039363;131 239;2;0;2;1;13;1
202100039363;131 240;10;0;2;3;21;1
202100039364;131 237;2;0;2;3;1;1
202100039364;131 238;7;0;2;2;19;1
202100039365;131 236;7;0;1;6;4;1
202100039366;131 235;31;0;0;0;1;1
202100039367;131 233;15;0;2;8;1;1
202100039367;131 234;2;0;2;3;13;1
202100039368;131 231;17;0;0;4;2;1
202100039368;131 232;17;0;2;1;2;1
202100039369;131 230;33;0;0;8;26;1
202100039370;131 228;33;0;2;1;1;1
202100039370;131 229;7;0;2;3;15;1
202100039371;131 225;30;6;0;3;13;1
202100039372;131 224;2;12;0;0;15;1
202100039373;131 222;2;0;2;1;1;1
202100039373;131 223;7;0;2;7;15;1
202100039374;131 221;2;0;0;0;1;1
202100039375;131 219;1;0;2;1;0;5
202100039375;131 220;7;0;9;2;0;4
202100039376;131 218;33;0;1;1;1;1
202100039377;131 216;7;0;0;1;5;1
202100039377;131 217;33;0;2;1;1;1
202100039378;131 214;2;0;2;2;0;1
202100039378;131 215;7;0;2;2;11;1
202100039379;131 213;33;0;0;0;17;1
202100039380;131 212;7;16;0;1;1;1
202100039381;131 210;2;0;2;6;2;1
202100039381;131 211;7;0;2;6;2;2
202100039382;131 208;1;0;2;1;1;5
202100039382;131 209;7;0;0;1;15;1
202100039383;131 206;33;15;2;2;17;1
202100039383;131 207;7;0;2;8;15;1
202100039384;131 203;10;0;2;7;15;1
202100039384;131 204;33;0;2;1;1;1
202100039384;131 205;7;0;9;2;1;1
202100039385;131 202;7;0;1;7;13;1
202100039386;131 200;7;0;0;0;2;1
202100039387;131 197;17;0;2;1;2;1
202100039387;131 198;38;0;9;3;2;1
202100039387;131 199;15;0;0;4;2;1
202100039388;131 194;17;0;2;2;24;1
202100039388;131 195;7;1;0;2;1;1
202100039388;131 196;99;0;2;7;24;0
202100039389;131 190;17;0;2;4;2;1
202100039389;131 191;7;0;2;4;2;1
202100039389;131 192;17;0;2;1;1;1
202100039389;131 193;17;0;2;4;2;1
202100039390;131 187;10;0;2;1;2;1
202100039390;131 188;7;0;2;4;2;1
202100039390;131 189;10;0;2;3;21;1
202100039391;131 186;33;4;0;8;13;1
202100039392;131 185;17;4;0;2;21;1
202100039393;131 183;32;0;2;8;1;1
202100039393;131 184;14;0;2;7;1;0
202100039394;131 180;10;0;2;1;2;1
202100039394;131 181;7;0;2;4;2;1
202100039394;131 182;7;0;2;5;0;1
202100039395;131 178;7;0;2;4;1;3
202100039395;131 179;7;0;2;1;1;1
202100039396;131 176;7;0;2;6;2;1
202100039396;131 177;15;0;2;2;11;1
202100039397;131 174;17;0;2;2;12;1
202100039397;131 175;7;0;2;3;2;1
202100039398;131 172;7;0;2;1;1;1
202100039398;131 173;10;0;2;4;23;1
202100039399;131 169;7;0;2;1;1;1
202100039399;131 170;10;0;2;4;0;1
202100039399;131 171;7;0;2;4;1;1
202100039400;131 168;33;0;5;7;21;1
202100039401;131 166;15;0;2;2;1;1
202100039401;131 167;7;0;2;3;11;1
202100039402;131 165;7;4;0;3;1;1
202100039403;131 163;7;0;2;1;1;1
202100039403;131 164;50;0;2;8;19;3
202100039404;131 162;7;0;1;1;1;1
202100039405;131 161;30;0;1;0;17;1
202100039406;131 160;7;0;1;2;1;1