Num_Acc;id_vehicule;categorie_vehicule;obstacle_fixe;obstacle_mobile;point_choc_initial;manoeuvre_principale;motorisation
202100039407;131 159;7;0;1;7;19;1
202100039408;131 158;7;0;1;0;1;0
202100039409;131 157;7;0;1;1;1;1
202100039410;131 155;2;0;2;1;1;1
202100039410;131 156;7;0;2;3;19;1
202100039411;131 153;33;0;2;1;1;1
202100039411;131 154;33;0;2;4;1;1
202100039412;131 151;7;0;2;3;15;1
202100039412;131 152;34;0;2;8;1;1
202100039413;131 149;31;0;2;3;1;1
202100039413;131 150;7;0;2;2;1;1
202100039414;131 148;7;0;1;4;26;1
202100039415;131 146;7;0;2;1;2;1
202100039415;131 147;7;0;0;4;2;1
202100039416;131 144;7;0;2;1;15;1
202100039416;131 145;34;0;2;1;1;1
202100039417;131 142;34;0;2;8;0;1
202100039417;131 143;7;0;2;7;15;1
202100039418;131 141;7;8;0;1;26;1
202100039419;131 140;7;0;1;3;1;1
202100039420;131 138;7;0;2;1;1;1
202100039420;131 139;7;0;2;7;1;1
202100039421;131 136;7;0;2;1;1;1
202100039421;131 137;50;0;2;1;9;3
202100039422;131 134;7;0;2;1;2;1
202100039422;131 135;10;0;2;4;23;1
202100039423;131 132;7;0;2;2;9;1
202100039423;131 133;33;0;2;4;2;1
202100039424;131 131;10;0;2;2;1;1
202100039425;131 129;32;0;2;1;1;1
202100039425;131 130;7;0;2;8;19;0
202100039426;131 127;2;0;2;0;1;1
202100039426;131 128;7;0;2;3;19;2
202100039427;131 126;10;0;1;5;4;1
202100039428;131 123;99;6;0;1;14;1
202100039429;131 122;7;13;0;2;26;1
202100039430;131 120;7;0;9;1;9;1
202100039430;131 121;50;0;2;7;1;3
202100039431;131 119;7;0;1;4;26;1
202100039432;131 118;34;0;1;3;17;0
202100039433;131 117;7;0;1;1;1;0
202100039434;131 115;7;0;2;1;9;1
202100039434;131 116;7;0;2;7;1;1
202100039435;131 113;7;0;2;1;1;1
202100039435;131 114;7;0;2;2;15;1
202100039436;131 112;7;0;1;2;15;1
202100039437;131 110;33;0;2;2;17;1
202100039437;131 111;7;0;2;6;15;1
202100039438;131 108;7;0;2;3;10;1
202100039438;131 109;2;0;2;1;1;1
202100039439;131 107;7;13;0;1;1;1
202100039440;131 105;1;0;9;4;2;0
202100039440;131 106;7;0;9;1;2;1
202100039441;131 103;7;0;2;1;1;1
202100039441;131 104;10;0;2;8;1;1
202100039442;131 102;7;0;1;1;1;1
202100039443;131 101;10;0;1;2;1;1
202100039444;131 100;7;0;1;1;1;1
202100039445;131 098;30;0;2;1;1;1
202100039445;131 099;7;0;9;2;1;1
202100039446;131 096;7;0;2;3;1;1
202100039446;131 097;7;0;2;3;1;1
202100039447;131 095;33;0;2;5;9;1
202100039448;131 093;1;0;2;3;19;5
202100039448;131 094;7;0;2;2;1;1
202100039449;131 092;7;8;0;1;16;1
202100039450;131 091;1;0;9;1;26;6
202100039451;131 090;0;0;1;1;0;0
202100039452;131 089;37;0;0;0;1;1
202100039453;131 087;7;0;2;3;19;1
202100039453;131 088;7;0;2;2;1;1
202100039454;131 085;7;0;2;6;26;1
202100039454;131 086;34;0;2;1;2;1
202100039455;131 083;2;0;2;1;1;1
202100039455;131 084;13;0;2;1;26;1
202100039456;131 081;13;0;2;4;1;1
202100039456;131 082;1;0;2;1;1;5
202100039457;131 079;1;0;2;1;1;5
202100039457;131 080;7;0;2;3;22;1
202100039458;131 077;7;0;2;1;16;1
202100039458;131 078;1;0;2;8;5;5
202100039459;131 075;7;0;2;3;1;1
202100039459;131 076;1;0;2;1;19;5
202100039460;131 073;10;0;2;2;21;1
202100039460;131 074;7;0;2;4;1;1
202100039461;131 071;7;2;0;1;14;0
202100039462;131 069;1;0;2;8;0;5
202100039462;131 070;33;0;2;1;2;1
202100039463;131 067;7;0;2;4;0;1
202100039463;131 068;7;0;2;1;2;1
202100039464;131 065;33;14;2;1;1;1
202100039464;131 066;30;0;2;0;23;1
202100039465;131 064;7;0;1;2;1;1
202100039466;131 063;14;0;1;0;26;1
202100039467;131 061;7;0;2;6;20;1
202100039467;131 062;7;0;2;2;1;1
202100039468;131 060;7;0;1;1;1;1
202100039469;131 057;2;0;2;1;1;1
202100039469;131 058;7;0;2;3;1;1
202100039469;131 059;7;0;0;0;16;1
202100039470;131 054;7;0;2;4;23;2
202100039470;131 055;7;0;2;1;2;1
202100039470;131 056;7;0;2;4;23;1
202100039471;131 052;7;0;2;5;1;1
202100039471;131 053;7;4;2;9;13;1
202100039472;131 051;7;0;1;2;1;3
202100039473;131 049;7;0;2;2;9;1
202100039473;131 050;33;0;2;2;17;1
202100039474;131 047;7;0;2;2;16;1
202100039474;131 048;1;0;2;2;7;5
202100039475;131 045;7;0;2;3;15;2
202100039475;131 046;30;0;2;1;17;1
202100039476;131 043;14;0;2;7;16;1
202100039476;131 044;1;0;2;3;1;5
202100039477;131 041;31;0;2;1;1;1
202100039477;131 042;7;0;2;3;15;1
202100039478;131 040;80;0;0;0;1;3
202100039479;131 039;30;0;0;7;16;3
202100039480;131 037;34;0;2;1;1;1
202100039480;131 038;7;0;2;8;1;1
202100039481;131 035;60;0;2;1;1;5
202100039481;131 036;0;0;0;0;0;1
202100039482;131 033;10;0;2;6;13;1
202100039482;131 034;7;0;2;2;1;1
202100039483;131 032;7;0;1;4;4;0
202100039484;131 030;50;0;0;1;25;3
202100039484;131 031;7;0;0;2;1;1
202100039485;131 029;7;0;1;3;9;1
202100039486;131 027;7;0;2;4;23;1
202100039486;131 028;7;0;2;1;2;1
202100039487;131 025;7;0;2;6;15;1
202100039487;131 026;30;0;2;1;3;1
202100039488;131 024;7;1;0;1;13;1
202100039489;131 021;10;0;2;1;26;1
202100039489;131 022;7;0;2;0;1;3
202100039489;131 023;7;0;2;9;1;0
202100039490;131 019;30;0;2;0;7;1
202100039490;131 020;7;0;2;2;16;1
202100039491;131 018;7;0;1;2;1;1
202100039492;131 016;2;0;2;1;2;1
202100039492;131 017;7;0;0;6;23;1
202100039493;131 014;7;0;0;1;15;1
202100039493;131 015;7;0;2;1;17;1
202100039494;131 010;32;0;2;1;5;1
202100039494;131 011;7;0;2;1;1;1
202100039495;131 008;1;0;2;2;25;5
202100039495;131 009;7;0;2;3;26;2
202100039496;131 006;7;0;2;3;0;1
202100039496;131 007;38;0;2;3;1;1
202100039497;131 004;7;0;2;3;1;1
202100039497;131 005;7;0;2;2;15;1
202100039498;131 002;7;0;2;2;13;1
202100039498;131 003;7;0;2;1;1;1
202100039499;130 999;7;0;9;1;1;1
202100039499;131 000;1;0;2;8;19;5
202100039500;130 998;33;16;0;0;1;1
202100039501;130 996;7;0;2;3;13;1
202100039501;130 997;38;0;2;3;1;1
202100039502;130 994;1;0;2;3;13;5
202100039502;130 995;7;0;2;8;1;1
202100039503;130 992;7;13;2;1;13;1
202100039503;130 993;7;3;2;1;1;1
202100039504;130 991;7;7;0;1;14;1
202100039505;130 990;7;6;0;8;1;1
202100039506;130 987;7;0;2;1;13;1
202100039506;130 988;7;0;2;8;1;1
202100039506;130 989;10;0;2;8;1;1
202100039507;130 985;7;0;2;1;15;1
202100039507;130 986;7;0;2;1;1;2
202100039508;130 983;1;5;0;2;1;5
202100039509;130 981;7;0;2;2;1;1
202100039509;130 982;1;0;2;4;16;6
202100039510;130 979;14;0;2;1;1;1
202100039510;130 980;7;0;2;6;9;1
202100039511;130 978;7;5;0;1;1;1
202100039512;130 975;7;0;1;1;1;1
202100039513;130 973;32;0;2;1;1;1
202100039513;130 974;7;0;2;2;15;1
202100039514;130 972;7;13;0;0;1;1
202100039515;130 970;10;0;2;8;19;1
202100039515;130 971;10;0;2;1;21;1
202100039516;130 968;15;0;2;1;1;1
202100039516;130 969;7;0;2;1;13;1
202100039517;130 966;13;0;2;3;1;1
202100039517;130 967;7;0;2;1;13;1
202100039518;130 964;7;0;2;8;15;1
202100039518;130 965;38;0;2;3;1;1
202100039519;130 962;10;0;2;3;13;1
202100039519;130 963;33;0;2;7;17;1
202100039520;130 960;7;1;0;1;1;1
202100039520;130 961;10;0;0;4;24;1
202100039521;130 958;7;3;2;1;1;1
202100039521;130 959;7;3;0;1;1;1
202100039522;130 955;7;0;2;3;13;1
202100039522;130 956;7;0;2;8;1;1
202100039522;130 957;7;0;2;3;1;1
202100039523;130 954;7;2;0;1;19;1
202100039524;130 952;34;0;2;1;17;1
202100039524;130 953;10;0;2;1;1;1
202100039525;130 950;7;0;2;3;17;1
202100039525;130 951;7;0;2;3;17;1
202100039526;130 946;7;0;2;1;17;1
202100039526;130 947;7;0;2;1;2;1
202100039526;130 948;7;0;2;1;2;1
202100039526;130 949;7;0;2;2;2;1
202100039527;130 944;33;0;2;3;15;1
202100039527;130 945;7;0;2;2;17;1
202100039528;130 942;7;0;9;3;1;1
202100039528;130 943;1;0;2;7;19;5
202100039529;130 940;7;0;0;2;1;1
202100039529;130 941;7;0;0;0;10;1
202100039530;130 938;7;0;2;3;1;1
202100039530;130 939;10;0;2;2;1;1
202100039531;130 936;7;0;2;1;1;1
202100039531;130 937;7;0;2;1;13;1
202100039532;130 934;1;0;2;1;1;5
202100039532;130 935;7;0;2;5;15;6
202100039533;130 931;7;0;2;4;2;1
202100039533;130 932;7;0;2;4;0;1
202100039533;130 933;7;0;2;1;2;1
202100039534;130 928;7;0;2;8;11;1
202100039534;130 929;7;4;0;7;21;1
202100039534;130 930;14;0;2;2;1;1
202100039535;130 925;7;0;2;2;1;1
202100039535;130 926;15;0;2;8;1;1
202100039535;130 927;31;0;2;3;3;1
202100039536;130 921;7;4;2;1;2;1
202100039536;130 922;10;4;2;4;2;1
202100039536;130 923;10;4;2;4;2;1
202100039536;130 924;10;4;2;4;2;1
202100039537;130 919;7;3;2;4;2;6
202100039537;130 920;7;16;2;4;2;6
202100039538;130 917;7;0;2;1;2;1
202100039538;130 918;10;0;2;4;2;1
202100039539;130 916;14;0;2;1;1;1
202100039540;130 914;33;0;2;3;3;1
202100039540;130 915;7;0;2;7;12;1
202100039541;130 913;7;4;0;2;0;1
202100039542;130 910;3;0;2;4;2;1
202100039542;130 911;7;0;2;3;11;1
202100039542;130 912;7;0;2;3;1;1
202100039543;130 908;10;0;2;1;1;1
202100039543;130 909;7;0;9;4;2;1
202100039544;130 907;10;3;0;1;12;1
202100039545;130 904;7;0;2;8;13;1
202100039545;130 905;7;0;2;0;0;1
202100039545;130 906;7;0;2;0;0;1
202100039546;130 903;0;0;1;1;15;0
202100039547;130 902;7;0;1;1;15;1
202100039548;130 901;7;0;1;1;1;1
202100039549;130 899;34;0;2;8;1;0
202100039549;130 900;7;0;2;0;0;1
202100039550;130 898;7;0;1;3;1;1
202100039551;130 893;7;0;2;1;2;1
202100039551;130 894;7;0;2;4;2;1
202100039551;130 895;7;0;2;4;2;1
202100039551;130 896;7;0;2;4;1;1
202100039551;130 897;7;1;0;4;1;1
202100039552;130 891;7;0;1;1;1;6
202100039553;130 890;7;0;1;5;1;1
202100039554;130 888;7;0;2;3;9;1
202100039554;130 889;33;0;2;1;3;1
202100039555;130 887;7;0;1;3;16;1
202100039556;130 885;50;0;2;1;25;3
202100039556;130 886;7;0;2;3;26;1
202100039557;130 882;7;0;2;0;0;1
202100039557;130 883;33;0;2;0;0;1
202100039557;130 884;10;0;2;0;0;1
202100039558;130 880;30;1;2;1;13;1
202100039558;130 881;7;1;2;3;1;1
202100039559;130 878;7;0;2;6;11;1
202100039559;130 879;16;0;2;7;12;1
202100039560;130 877;7;13;0;9;1;1
202100039561;130 875;7;0;2;3;9;1
202100039561;130 876;1;0;2;4;1;5
202100039562;130 870;7;0;2;3;1;1
202100039562;130 871;33;0;2;1;5;1
202100039563;130 868;1;0;2;1;1;0
202100039563;130 869;7;0;9;5;16;1
202100039564;130 867;7;0;1;3;15;1
202100039565;130 865;33;0;2;1;1;1
202100039565;130 866;7;0;2;5;15;1
202100039566;130 864;7;0;1;2;1;1
202100039567;130 862;7;0;2;2;15;1
202100039567;130 863;33;0;2;1;1;1
202100039568;130 860;10;0;2;7;17;1
202100039568;130 861;7;0;2;8;17;1
202100039569;130 858;7;0;2;5;15;1
202100039569;130 859;33;0;2;1;17;1
202100039570;130 856;7;0;2;1;15;1
202100039570;130 857;31;0;2;1;1;1
202100039571;130 853;99;0;2;4;1;1
202100039571;130 854;7;0;2;1;9;1
202100039571;130 855;99;0;2;3;1;1
202100039572;130 851;7;0;2;1;2;1
202100039572;130 852;30;0;2;4;1;1
202100039573;130 850;7;0;1;2;1;0
202100039574;130 848;7;0;2;2;26;1
202100039574;130 849;7;0;2;1;0;1
202100039575;130 846;7;0;2;3;15;1
202100039575;130 847;7;0;2;1;1;1
202100039576;130 845;10;0;1;0;0;0
202100039577;130 844;50;0;0;0;1;3
202100039578;130 842;1;0;2;3;15;5
202100039578;130 843;33;0;2;1;1;1
202100039579;130 840;1;0;2;7;16;5
202100039579;130 841;7;0;2;0;0;
202100039580;130 836;7;0;2;4;1;1
202100039580;130 837;10;0;2;1;1;1
202100039580;130 838;10;0;2;0;9;1
202100039580;130 839;7;0;0;0;0;1
202100039581;130 834;7;0;2;3;26;1
202100039581;130 835;1;0;2;1;1;5
202100039582;130 832;33;0;2;1;1;1
202100039582;130 833;7;0;2;5;15;1
202100039583;130 830;7;0;2;1;15;1
202100039583;130 831;7;0;9;8;1;1
202100039584;130 828;7;0;2;7;1;1
202100039584;130 829;7;0;2;1;1;1
202100039585;130 827;50;0;1;1;25;3
202100039586;130 824;7;13;0;1;1;1
202100039587;130 823;7;0;1;3;0;1
202100039588;130 822;34;9;0;9;1;1
202100039589;130 820;33;0;2;1;1;1
202100039589;130 821;7;0;2;8;15;1
202100039590;130 818;7;0;2;3;16;1
202100039590;130 819;7;0;2;1;1;1
202100039591;130 816;34;0;2;1;0;1
202100039591;130 817;37;0;2;8;0;1
202100039592;130 814;7;0;2;1;16;1
202100039592;130 815;32;0;2;8;1;1
202100039593;130 813;0;0;1;1;25;3
202100039594;130 810;7;0;2;1;11;1
202100039594;130 811;7;0;2;8;2;1
202100039594;130 812;7;0;2;4;2;1
202100039595;130 809;7;6;0;3;1;1
202100039596;130 807;7;0;2;4;1;1
202100039596;130 808;7;0;2;1;1;1
202100039597;130 805;7;0;2;5;1;1
202100039597;130 806;7;0;2;3;13;1
202100039598;130 804;33;0;0;7;1;1
202100039599;130 803;30;12;0;1;14;1
202100039600;130 801;7;0;2;1;1;1
202100039600;130 802;7;9;2;7;1;1
202100039601;130 800;80;0;1;1;1;3
202100039602;130 799;10;0;1;4;4;0
202100039603;130 797;7;0;2;4;23;1
202100039603;130 798;31;0;2;1;2;1
202100039604;130 796;30;0;1;1;1;0
202100039605;130 795;30;0;1;1;25;3
202100039606;130 793;10;0;2;5;24;1
202100039606;130 794;7;0;2;3;13;1
202100039607;130 791;7;0;2;3;15;1
202100039607;130 792;1;0;2;7;1;5
202100039608;130 789;7;0;2;5;1;1
202100039608;130 790;30;0;2;1;1;1
202100039609;130 788;7;0;1;3;9;2
202100039610;130 787;1;0;1;1;1;5
202100039611;130 786;1;0;1;1;1;5
202100039612;130 784;32;0;2;2;1;1
202100039612;130 785;50;0;2;4;18;3
202100039613;130 783;30;0;0;3;1;1
202100039614;130 782;32;0;0;0;1;1
202100039615;130 780;7;0;2;1;2;1
202100039615;130 781;7;0;2;4;2;1
202100039616;130 777;7;0;2;1;2;1
202100039616;130 778;7;0;2;1;2;1
202100039616;130 779;10;0;2;4;2;1
202100039617;130 775;3;1;0;1;2;1
202100039617;130 776;3;1;0;3;19;1
202100039618;130 773;7;0;2;2;15;0
202100039618;130 774;2;0;2;2;1;1
202100039619;130 771;1;0;2;1;13;5
202100039619;130 772;7;0;2;1;1;1
202100039620;130 769;30;0;2;4;9;1
202100039620;130 770;7;0;1;1;1;1
202100039621;130 768;30;14;0;1;18;1
202100039622;130 766;7;0;2;2;15;1
202100039622;130 767;33;0;2;1;19;1
202100039623;130 764;7;0;2;5;15;1
202100039623;130 765;2;0;2;1;1;1
202100039624;130 762;33;0;2;3;1;1
202100039624;130 763;10;0;2;3;11;1
202100039625;130 761;7;0;1;1;0;2
202100039626;130 759;15;0;2;8;1;6
202100039626;130 760;7;0;2;8;13;1
202100039627;130 757;32;0;2;1;2;0
202100039627;130 758;37;0;0;4;2;0
202100039628;130 755;7;0;2;1;5;1
202100039628;130 756;14;0;2;1;1;1
202100039629;130 754;7;0;1;3;1;1
202100039630;130 753;2;0;0;0;1;1
202100039631;130 752;7;13;0;0;1;1
202100039632;130 751;7;4;0;7;1;1
202100039633;130 749;7;0;0;3;9;1
202100039633;130 750;33;0;2;1;1;1
202100039634;130 748;10;2;0;1;16;1
202100039635;130 744;7;0;2;6;15;1
202100039635;130 745;33;0;2;1;2;1
202100039636;130 742;7;0;0;4;2;1
202100039636;130 743;33;0;2;1;2;1
202100039637;130 740;33;0;2;1;1;1
202100039637;130 741;3;0;2;2;15;1
202100039638;130 738;7;0;2;1;2;0
202100039638;130 739;31;0;0;4;1;1
202100039639;130 736;17;0;2;5;2;1
202100039639;130 737;17;0;2;1;2;1
202100039640;130 735;2;2;0;1;0;1
202100039641;130 734;7;16;0;1;1;1
202100039642;130 732;7;8;2;7;19;1
202100039642;130 733;7;0;0;1;1;1
202100039643;130 730;20;0;2;0;1;0
202100039643;130 731;7;0;0;0;0;1
202100039644;130 726;33;0;2;1;1;1
202100039644;130 727;7;0;2;3;1;1
202100039645;130 725;7;16;0;2;1;1
202100039646;130 723;7;13;2;3;14;1
202100039646;130 724;13;0;2;3;1;1
202100039647;130 722;7;0;1;2;1;1
202100039648;130 721;10;0;1;1;1;1
202100039649;130 720;7;0;0;9;1;1
202100039650;130 718;7;6;0;1;1;1
202100039651;130 716;1;0;2;1;1;5
202100039651;130 717;7;0;2;4;4;1
202100039652;130 715;7;6;0;1;1;1
202100039653;130 714;7;0;5;3;1;1
202100039654;130 712;33;0;2;1;2;1
202100039654;130 713;17;0;2;4;1;1
202100039655;130 710;7;0;2;1;0;1
202100039655;130 711;15;0;2;4;1;1
202100039656;130 709;32;12;0;7;1;1
202100039657;130 708;10;0;1;2;14;1
202100039658;130 706;7;0;2;1;2;1
202100039658;130 707;7;0;6;1;1;1
202100039659;130 704;7;0;2;3;13;1
202100039659;130 705;7;0;2;1;1;1
202100039660;130 701;7;0;2;2;1;1
202100039660;130 702;7;13;2;3;1;1
202100039660;130 703;7;0;2;1;13;1
202100039661;130 699;2;0;2;1;1;1
202100039661;130 700;7;0;2;3;19;1
202100039662;130 698;7;6;0;5;1;1
202100039663;130 696;17;0;0;4;2;1
202100039663;130 697;17;0;2;1;2;1
202100039664;130 689;7;0;0;1;1;2
202100039664;130 690;7;0;0;1;1;1
202100039664;130 691;7;0;0;4;1;1
202100039664;130 692;7;0;0;1;1;1
202100039664;130 693;7;0;0;1;1;1
202100039664;130 694;7;0;0;1;1;1
202100039664;130 695;7;0;0;1;1;1
202100039665;130 686;7;0;2;4;2;2
202100039665;130 687;10;0;2;1;2;1
202100039665;130 688;7;0;2;1;2;1
202100039666;130 683;10;0;2;2;1;1
202100039666;130 684;7;0;2;1;1;1
202100039666;130 685;10;0;2;1;5;1
202100039667;130 679;10;0;2;1;2;1
202100039667;130 680;7;0;2;4;2;1
202100039667;130 681;7;0;2;4;2;1
202100039667;130 682;7;0;2;4;2;1
202100039668;130 678;7;4;0;2;0;1
202100039669;130 674;7;0;9;4;23;1
202100039669;130 675;7;1;0;0;23;1
202100039669;130 676;7;0;1;0;0;1
202100039669;130 677;7;0;2;0;0;1
202100039670;130 673;7;3;0;3;13;1
202100039671;130 672;7;4;0;7;1;1
202100039672;130 671;7;4;0;1;1;1
202100039673;130 669;33;0;2;6;2;1
202100039673;130 670;7;0;2;2;2;0
202100039674;130 668;7;4;0;2;1;1
202100039675;130 666;7;0;2;1;1;1
202100039675;130 667;7;0;2;8;1;1
202100039676;130 665;7;4;0;3;12;1
202100039677;130 664;7;4;0;1;0;1
202100039678;130 660;7;0;2;1;2;1
202100039678;130 661;7;1;0;4;2;2
202100039678;130 662;10;4;0;2;2;1
202100039678;130 663;7;4;0;1;2;1
202100039679;130 655;7;0;2;4;23;1
202100039679;130 656;7;0;2;4;23;2
202100039679;130 657;7;0;2;4;23;1
202100039679;130 658;7;0;2;4;23;1
202100039679;130 659;7;0;2;1;1;1
202100039680;130 652;7;12;2;1;1;1
202100039680;130 653;7;0;2;1;1;1
202100039680;130 654;7;0;2;8;1;1
202100039681;130 650;30;0;2;1;1;1
202100039681;130 651;7;0;2;7;1;1
202100039682;130 648;7;0;2;3;15;1
202100039682;130 649;7;0;2;2;5;1
202100039683;130 646;32;0;2;1;26;1
202100039683;130 647;7;0;2;5;15;1
202100039684;130 644;7;0;2;1;1;1
202100039684;130 645;7;0;2;7;19;1
202100039685;130 642;7;0;2;8;15;1
202100039685;130 643;30;0;2;1;19;1
202100039686;130 641;10;2;0;1;1;1
202100039687;130 640;7;0;1;8;1;1
202100039688;130 638;33;0;0;0;1;1
202100039688;130 639;7;0;0;0;9;0
202100039689;130 637;30;0;0;0;0;1
202100039690;130 636;7;0;1;1;1;1
202100039691;130 633;1;0;2;1;25;5
202100039691;130 634;7;0;2;1;1;1
202100039691;130 635;3;9;9;7;1;1
202100039692;130 631;7;0;9;2;16;1
202100039692;130 632;1;0;2;1;1;5
202100039693;130 630;7;0;1;3;1;1
202100039694;130 629;7;8;0;1;0;1
202100039695;130 626;7;13;0;7;1;1
202100039696;130 625;7;3;0;0;26;1
202100039697;130 623;7;0;9;1;15;0
202100039697;130 624;34;0;2;1;2;0
202100039698;130 622;7;0;1;3;9;1
202100039699;130 621;7;13;0;6;1;1
202100039700;130 620;7;0;1;3;15;1
202100039701;130 618;10;0;2;2;12;1
202100039701;130 619;31;0;2;8;0;1
202100039702;130 616;7;0;2;1;2;1
202100039702;130 617;7;0;2;4;2;1
202100039703;130 615;7;14;0;9;1;1
202100039704;130 613;7;0;2;4;2;1
202100039704;130 614;7;0;2;1;2;2
202100039705;130 611;7;9;2;1;13;2
202100039705;130 612;7;0;2;6;1;1
202100039706;130 609;1;0;2;3;7;5
202100039706;130 610;7;0;2;2;16;1
202100039707;130 606;7;0;2;6;23;1
202100039707;130 607;30;0;2;4;23;1
202100039707;130 608;7;0;2;1;2;1
202100039708;130 604;30;0;2;8;7;1
202100039708;130 605;7;0;2;2;16;1
202100039709;130 603;7;0;1;2;1;1
202100039710;130 601;30;0;2;1;10;1
202100039710;130 602;32;0;2;3;1;1
202100039711;130 599;30;0;2;1;2;1
202100039711;130 600;33;0;2;4;23;1
202100039712;130 597;30;0;2;3;1;1
202100039712;130 598;7;0;2;8;10;1
202100039713;130 596;1;14;0;7;12;5
202100039714;130 594;10;0;2;1;2;3
202100039714;130 595;7;0;2;4;23;1
202100039715;130 592;50;0;2;8;1;3
202100039715;130 593;7;8;2;2;15;1
202100039716;130 590;30;0;2;1;1;1
202100039716;130 591;7;0;2;7;1;1
202100039717;130 588;30;0;0;3;1;1
202100039717;130 589;7;0;0;0;1;1
202100039718;130 586;30;0;2;1;2;1
202100039718;130 587;7;0;2;4;23;1
202100039719;130 584;1;0;2;1;9;5
202100039719;130 585;7;0;2;1;1;1
202100039720;130 581;7;0;2;4;2;1
202100039720;130 582;7;0;2;4;2;1
202100039720;130 583;7;0;2;1;2;1
202100039721;130 580;50;0;0;1;1;3
202100039722;130 579;30;0;0;0;1;3
202100039723;130 577;2;0;2;1;16;1
202100039723;130 578;7;0;2;2;1;1
202100039724;130 576;7;1;2;4;20;1
202100039725;130 572;7;0;2;2;1;1
202100039725;130 573;7;0;2;3;1;1
202100039725;130 574;7;0;2;1;1;1
202100039725;130 575;7;11;2;9;6;1
202100039726;130 570;7;0;2;1;1;1
202100039726;130 571;7;0;2;3;16;1
202100039727;130 568;60;0;2;0;19;5
202100039727;130 569;7;0;9;0;1;0
202100039728;130 566;7;0;9;3;1;1
202100039728;130 567;1;0;2;1;1;5
202100039729;130 564;32;0;2;8;1;1
202100039729;130 565;7;0;0;0;0;1
202100039730;130 563;7;0;1;3;9;1
202100039731;130 561;33;0;2;7;1;1
202100039731;130 562;7;0;0;0;9;1
202100039732;130 559;1;0;2;1;5;5
202100039732;130 560;7;0;2;8;1;1
202100039733;130 558;30;0;0;0;1;1
202100039734;130 557;7;15;0;1;1;1
202100039735;130 555;7;8;2;2;17;1
202100039735;130 556;7;0;2;3;1;2
202100039736;130 554;7;0;1;2;1;1
202100039737;130 552;2;0;2;1;0;1
202100039737;130 553;7;0;0;8;0;1
202100039738;130 550;17;0;0;6;1;1
202100039738;130 551;7;0;2;2;12;1
202100039739;130 549;1;0;0;0;2;5
202100039740;130 548;10;6;0;3;1;1
202100039741;130 546;7;0;2;2;12;1
202100039741;130 547;7;0;0;3;1;1
202100039742;130 544;1;13;2;1;19;5
202100039742;130 545;7;0;9;2;26;1
202100039743;130 543;7;0;1;2;0;1
202100039744;130 542;7;16;6;0;21;1
202100039745;130 539;7;0;2;1;2;1
202100039745;130 540;7;0;2;4;1;1
202100039745;130 541;7;0;2;4;1;1
202100039746;130 537;7;0;2;3;0;1
202100039746;130 538;3;0;2;1;9;1
202100039747;130 536;7;13;0;1;1;1
202100039748;130 533;7;0;2;1;1;1
202100039748;130 534;7;0;2;8;13;1
202100039749;130 532;7;2;0;1;1;1
202100039750;130 529;7;0;2;3;11;1
202100039750;130 530;13;0;2;8;12;1
202100039750;130 531;7;0;2;1;0;1
202100039751;130 527;7;0;2;7;13;1
202100039751;130 528;7;0;2;1;1;1
202100039752;130 526;7;0;0;9;1;1
202100039753;130 524;7;0;2;3;13;1
202100039753;130 525;7;0;2;8;1;1
202100039754;130 523;36;0;0;1;26;1
202100039755;130 522;7;8;0;1;13;1
202100039756;130 521;36;0;0;0;1;1
202100039757;130 519;7;0;2;3;2;1
202100039757;130 520;1;0;2;2;17;5
202100039758;130 518;7;2;0;1;1;1
202100039759;130 514;14;0;2;1;2;1
202100039759;130 515;15;0;2;4;23;1
202100039759;130 516;7;0;2;4;23;1
202100039759;130 517;15;0;0;4;23;1
202100039760;130 513;7;0;1;2;1;1
202100039761;130 511;34;0;2;1;17;1
202100039761;130 512;7;0;2;3;9;1
202100039762;130 509;7;0;2;3;1;1
202100039762;130 510;1;0;2;9;5;5
202100039763;130 508;7;0;1;1;1;1
202100039764;130 507;34;6;0;1;1;1
202100039765;130 506;32;0;0;1;1;1
202100039766;130 504;1;0;2;3;13;5
202100039766;130 505;38;0;9;5;2;1
202100039767;130 502;7;0;0;1;1;1
202100039767;130 503;7;0;2;1;13;1
202100039768;130 500;7;0;0;6;23;2
202100039768;130 501;1;1;0;1;1;5
202100039769;130 499;7;0;1;2;1;1
202100039770;130 497;33;0;2;1;13;1
202100039770;130 498;33;0;2;1;1;1
202100039771;130 496;7;9;0;1;0;1
202100039772;130 495;7;2;0;1;16;1
202100039773;130 493;33;0;2;1;2;1
202100039773;130 494;7;0;0;4;2;1
202100039774;130 491;1;0;0;0;2;5
202100039774;130 492;37;0;0;0;2;1
202100039775;130 490;7;2;0;1;1;1
202100039776;130 488;7;13;2;3;1;1
202100039776;130 489;2;0;2;1;1;1
202100039777;130 487;33;12;0;0;26;1
202100039778;130 486;7;0;1;1;17;1
202100039779;130 485;7;13;0;3;1;1
202100039780;130 482;7;0;2;4;2;1
202100039780;130 483;7;0;2;4;2;3
202100039780;130 484;7;0;2;1;2;1
202100039781;130 480;7;0;2;2;2;1
202100039781;130 481;7;0;2;5;2;1
202100039782;130 478;33;0;2;7;1;1
202100039782;130 479;15;0;2;8;13;1
202100039783;130 473;7;0;2;0;2;1
202100039783;130 474;7;0;2;4;2;1
202100039783;130 475;7;0;2;4;2;1
202100039783;130 476;7;0;2;4;2;1
202100039783;130 477;7;0;2;1;1;1
202100039784;130 471;7;0;2;1;2;1
202100039784;130 472;7;0;2;4;2;1
202100039785;130 470;7;4;0;1;1;1
202100039786;130 467;10;0;2;3;1;1
202100039786;130 468;7;0;2;2;23;1
202100039786;130 469;7;0;2;4;23;1
202100039787;130 466;7;4;0;5;1;1
202100039788;130 464;10;3;2;8;12;1
202100039788;130 465;10;4;2;6;17;1
202100039789;130 463;7;3;0;2;26;1