Num_Acc;id_vehicule;categorie_vehicule;obstacle_fixe;obstacle_mobile;point_choc_initial;manoeuvre_principale;motorisation
202100039790;130 461;33;0;2;1;2;1
202100039790;130 462;7;0;2;4;2;1
202100039791;130 459;7;1;0;2;26;1
202100039791;130 460;7;0;2;6;24;1
202100039792;130 456;7;0;2;4;1;1
202100039792;130 457;7;0;2;4;1;1
202100039792;130 458;7;0;2;1;1;1
202100039793;130 454;7;0;0;4;6;1
202100039793;130 455;33;0;2;1;1;1
202100039794;130 451;7;0;2;1;2;1
202100039794;130 452;7;0;2;9;2;2
202100039794;130 453;7;0;2;4;2;1
202100039795;130 449;7;0;2;7;17;1
202100039795;130 450;7;0;2;1;1;1
202100039796;130 444;7;0;2;1;1;1
202100039796;130 445;7;0;2;4;1;1
202100039796;130 446;7;0;2;4;1;1
202100039796;130 447;7;0;2;4;0;1
202100039796;130 448;7;0;2;4;0;1
202100039797;130 443;7;13;0;1;14;1
202100039798;130 442;7;0;1;2;1;1
202100039799;130 441;7;0;0;0;1;1
202100039800;130 439;7;0;2;3;1;1
202100039800;130 440;7;0;2;1;1;1
202100039801;130 437;7;0;2;3;1;1
202100039801;130 438;7;0;2;2;1;1
202100039802;130 435;7;0;2;4;2;1
202100039802;130 436;7;0;2;1;2;1
202100039803;130 433;7;0;2;1;17;1
202100039803;130 434;7;0;2;3;2;1
202100039804;130 431;1;0;2;7;1;5
202100039804;130 432;7;0;2;3;1;1
202100039805;130 429;7;0;2;1;15;1
202100039805;130 430;2;0;2;1;1;1
202100039806;130 427;7;0;2;6;17;1
202100039806;130 428;7;0;2;2;1;3
202100039807;130 425;7;0;9;2;1;1
202100039807;130 426;1;0;2;1;1;0
202100039808;130 424;99;8;0;2;13;1
202100039809;130 422;32;0;2;1;17;1
202100039809;130 423;7;0;2;8;15;1
202100039810;130 421;7;17;0;0;1;
202100039811;130 419;2;0;2;4;23;1
202100039811;130 420;7;0;2;0;0;0
202100039812;130 415;10;0;9;7;16;1
202100039812;130 416;1;0;2;0;0;5
202100039813;130 413;7;0;2;1;1;1
202100039813;130 414;50;0;2;0;5;3
202100039814;130 411;7;0;2;6;2;1
202100039814;130 412;7;1;2;2;2;1
202100039815;130 409;7;0;2;1;1;1
202100039815;130 410;2;0;2;8;7;1
202100039816;130 407;2;0;9;1;1;1
202100039816;130 408;1;0;2;3;19;0
202100039817;130 406;7;2;0;2;1;1
202100039818;130 404;7;0;2;1;1;1
202100039818;130 405;7;0;2;5;1;1
202100039819;130 402;7;0;2;3;15;1
202100039819;130 403;1;0;0;0;0;5
202100039820;130 401;7;0;1;1;26;1
202100039821;130 400;7;8;0;7;1;1
202100039822;130 398;7;0;2;8;1;1
202100039822;130 399;50;0;2;0;13;3
202100039823;130 396;30;0;2;7;9;1
202100039823;130 397;30;0;0;0;1;1
202100039824;130 394;7;0;2;3;15;1
202100039824;130 395;7;0;2;3;15;1
202100039825;130 392;7;0;2;1;2;1
202100039825;130 393;7;0;2;7;13;1
202100039826;130 389;7;0;2;2;15;1
202100039826;130 390;7;0;2;1;1;1
202100039826;130 391;7;0;2;3;1;1
202100039827;130 388;7;13;0;1;26;1
202100039828;130 386;7;0;2;1;1;1
202100039828;130 387;7;0;2;1;15;1
202100039829;130 385;3;0;0;0;9;0
202100039830;130 383;7;0;2;5;1;1
202100039830;130 384;10;0;2;1;1;0
202100039831;130 382;7;0;0;1;0;1
202100039832;130 380;33;0;2;7;1;1
202100039832;130 381;7;0;2;8;20;1
202100039833;130 379;7;0;1;1;15;1
202100039834;130 378;7;3;0;3;26;1
202100039835;130 377;7;0;1;1;1;1
202100039836;130 375;10;0;2;1;1;1
202100039836;130 376;10;0;2;7;1;1
202100039837;130 372;7;0;2;9;1;1
202100039837;130 373;7;0;2;1;1;1
202100039837;130 374;7;0;2;4;23;1
202100039838;130 370;10;0;2;3;1;1
202100039838;130 371;43;0;2;3;1;1
202100039839;130 369;30;0;0;7;21;1
202100039840;130 367;7;0;2;2;1;1
202100039840;130 368;33;0;2;1;1;1
202100039841;130 366;7;1;0;2;14;1
202100039842;130 363;10;0;2;1;1;1
202100039842;130 364;7;0;2;4;1;1
202100039842;130 365;7;0;2;4;1;3
202100039843;130 361;30;0;2;1;17;1
202100039843;130 362;7;0;2;8;15;1
202100039844;130 359;7;0;2;3;1;1
202100039844;130 360;7;0;2;6;1;1
202100039845;130 358;50;0;0;0;19;3
202100039846;130 356;7;0;2;7;19;1
202100039846;130 357;37;0;2;1;1;1
202100039847;130 354;31;0;2;8;1;1
202100039847;130 355;7;0;2;4;10;1
202100039848;130 352;1;0;2;1;1;5
202100039848;130 353;7;0;2;3;1;1
202100039849;130 351;7;9;0;1;15;1
202100039850;130 349;1;0;2;1;26;0
202100039850;130 350;7;0;9;3;15;1
202100039851;130 347;7;0;2;1;1;1
202100039851;130 348;7;0;2;7;15;1
202100039852;130 345;7;0;2;3;2;1
202100039852;130 346;10;3;2;5;1;1
202100039853;130 344;7;1;1;1;18;1
202100039854;130 342;7;0;2;4;1;1
202100039854;130 343;7;0;2;1;11;1
202100039855;130 340;7;0;2;6;24;1
202100039855;130 341;1;1;0;6;1;5
202100039856;130 338;7;0;2;3;13;1
202100039856;130 339;38;0;2;3;1;1
202100039857;130 337;7;13;0;1;13;1
202100039858;130 336;50;0;0;0;1;3
202100039859;130 335;7;13;0;2;1;1
202100039860;130 334;33;0;0;0;1;1
202100039861;130 332;7;9;2;3;6;1
202100039861;130 333;7;12;2;3;1;1
202100039862;130 330;36;13;0;0;2;1
202100039862;130 331;36;0;0;0;2;1
202100039863;130 329;7;2;0;2;1;1
202100039864;130 328;10;6;0;1;1;1
202100039865;130 326;7;0;2;3;15;1
202100039865;130 327;33;0;2;1;1;1
202100039866;130 325;7;2;0;7;1;1
202100039867;130 322;7;0;2;4;1;1
202100039867;130 323;7;0;2;2;17;1
202100039867;130 324;33;0;2;1;11;1
202100039868;130 320;7;0;2;3;1;1
202100039868;130 321;7;0;2;8;1;1
202100039869;130 319;7;2;0;1;1;1
202100039870;130 318;7;2;0;2;1;1
202100039871;130 317;7;6;0;1;0;1
202100039872;130 316;33;0;0;7;1;1
202100039873;130 315;1;0;0;0;0;5
202100039874;130 314;2;1;0;1;26;1
202100039875;130 313;31;14;0;0;0;1
202100039876;130 311;2;0;2;7;14;1
202100039876;130 312;7;0;2;3;23;1
202100039877;130 310;7;2;0;1;1;0
202100039878;130 308;7;0;2;2;1;1
202100039878;130 309;33;0;2;1;19;1
202100039879;130 305;7;0;2;2;1;1
202100039879;130 306;7;0;0;3;1;1
202100039880;130 304;33;3;0;1;0;1
202100039881;130 302;7;0;2;3;1;1
202100039881;130 303;2;0;2;1;19;1
202100039882;130 299;7;0;2;2;12;1
202100039882;130 300;33;0;2;3;3;1
202100039883;130 297;7;0;0;2;0;1
202100039883;130 298;7;0;0;1;1;1
202100039884;130 296;33;8;0;7;1;1
202100039885;130 294;13;0;2;1;1;1
202100039885;130 295;7;0;2;1;1;1
202100039886;130 293;7;13;0;0;1;1
202100039887;130 292;7;15;0;4;19;1
202100039888;130 290;1;0;2;2;15;5
202100039888;130 291;7;0;9;2;1;1
202100039889;130 289;7;2;0;1;1;1
202100039890;130 287;7;0;2;1;5;1
202100039890;130 288;33;0;2;1;2;1
202100039891;130 286;7;13;0;3;14;1
202100039892;130 284;7;15;2;1;1;1
202100039892;130 285;10;15;2;2;1;1
202100039893;130 283;10;10;0;2;1;1
202100039894;130 280;7;15;0;2;1;1
202100039895;130 277;7;0;2;1;2;1
202100039895;130 278;7;0;2;4;1;1
202100039896;130 275;7;0;2;2;14;1
202100039896;130 276;7;4;0;0;0;1
202100039897;130 274;7;4;0;1;1;1
202100039898;130 272;7;0;2;1;2;1
202100039898;130 273;7;0;2;4;2;1
202100039899;130 271;7;4;0;2;1;1
202100039900;130 270;7;3;0;1;1;1
202100039901;130 269;7;4;0;1;9;1
202100039902;130 267;7;0;2;4;1;1
202100039902;130 268;7;0;2;1;1;1
202100039903;130 265;17;0;2;4;26;1
202100039903;130 266;10;0;2;1;26;1
202100039904;130 263;7;0;2;2;16;1
202100039904;130 264;32;0;2;1;7;1
202100039905;130 261;7;15;2;1;1;1
202100039905;130 262;7;9;2;1;15;1
202100039906;130 257;10;0;2;4;23;1
202100039906;130 258;10;0;2;1;1;1
202100039906;130 259;10;0;2;4;23;1
202100039906;130 260;7;0;2;4;23;1
202100039907;130 256;7;0;1;2;1;1
202100039908;130 254;7;0;2;4;1;1
202100039908;130 255;2;0;2;1;1;1
202100039909;130 252;7;0;2;1;2;1
202100039909;130 253;7;0;2;4;2;1
202100039910;130 250;33;0;2;2;0;1
202100039910;130 251;7;0;2;2;15;1
202100039911;130 248;7;0;2;3;2;1
202100039911;130 249;7;0;2;3;15;1
202100039912;130 246;7;0;9;1;1;0
202100039912;130 247;50;0;2;6;25;3
202100039913;130 245;7;0;1;1;1;1
202100039914;130 242;7;0;2;4;2;1
202100039914;130 243;7;0;2;4;2;1
202100039914;130 244;7;0;2;1;2;1
202100039915;130 240;7;0;2;6;1;1
202100039915;130 241;7;0;2;2;9;1
202100039916;130 238;7;1;0;4;23;1
202100039916;130 239;14;1;0;1;23;1
202100039917;130 237;7;0;1;5;23;1
202100039918;130 235;7;0;2;8;1;1
202100039918;130 236;7;0;2;1;1;1
202100039919;130 233;2;0;2;1;16;1
202100039919;130 234;7;0;2;0;5;1
202100039920;130 232;7;0;1;2;16;1
202100039921;130 230;7;0;2;2;1;1
202100039921;130 231;7;11;2;1;6;1
202100039922;130 227;7;0;1;0;19;0
202100039923;130 225;1;0;2;4;1;5
202100039923;130 226;7;0;2;1;9;1
202100039924;130 223;7;0;2;1;9;1
202100039924;130 224;7;0;2;5;1;1
202100039925;130 220;7;0;2;1;0;1
202100039925;130 221;7;0;2;4;23;1
202100039925;130 222;7;0;2;9;0;1
202100039926;130 218;7;0;2;2;1;1
202100039926;130 219;1;0;2;0;19;5
202100039927;130 216;7;0;2;1;15;1
202100039927;130 217;7;0;2;3;2;1
202100039928;130 214;7;0;2;1;1;1
202100039928;130 215;10;0;2;6;23;1
202100039929;130 213;30;0;0;3;1;1
202100039930;130 211;7;0;0;;1;1
202100039930;130 212;7;0;9;1;1;1
202100039931;130 209;40;0;0;7;24;3
202100039931;130 210;1;0;4;0;2;5
202100039932;130 207;33;0;2;9;2;1
202100039932;130 208;7;0;2;1;15;1
202100039933;130 205;7;0;2;1;9;1
202100039933;130 206;1;0;2;7;1;5
202100039934;130 204;7;0;1;2;15;1
202100039935;130 203;7;15;0;1;0;1
202100039936;130 201;10;0;2;8;19;1
202100039936;130 202;7;0;2;1;19;1
202100039937;130 200;7;6;0;1;16;1
202100039938;130 199;7;0;1;1;19;1
202100039939;130 197;7;0;2;1;9;1
202100039939;130 198;7;0;2;3;1;1
202100039940;130 195;1;1;0;1;17;5
202100039940;130 196;7;1;0;3;22;1
202100039941;130 194;7;0;1;2;26;1
202100039942;130 192;7;0;2;3;9;1
202100039942;130 193;2;0;2;7;1;1
202100039943;130 190;7;0;2;3;1;1
202100039943;130 191;1;0;2;1;1;5
202100039944;130 188;7;0;2;8;1;1
202100039944;130 189;7;0;2;3;1;1
202100039945;130 187;7;0;1;2;1;1
202100039946;130 184;7;0;2;3;1;1
202100039946;130 185;7;0;2;5;2;1
202100039946;130 186;7;0;2;3;2;2
202100039947;130 182;37;0;2;0;1;1
202100039947;130 183;30;0;2;0;0;1
202100039948;130 180;1;0;2;1;1;5
202100039948;130 181;7;0;2;6;9;1
202100039949;130 178;7;0;2;2;1;1
202100039949;130 179;31;0;2;3;1;1
202100039950;130 177;7;6;2;1;14;1
202100039951;130 175;7;0;2;1;1;1
202100039951;130 176;7;0;2;1;1;1
202100039952;130 173;7;0;2;1;2;1
202100039952;130 174;7;0;2;4;1;1
202100039953;130 172;33;0;1;1;0;1
202100039954;130 170;33;0;2;1;17;1
202100039954;130 171;7;0;2;6;13;1
202100039955;130 169;7;2;0;2;14;1
202100039956;130 168;30;6;0;1;15;1
202100039957;130 166;7;0;2;1;1;1
202100039957;130 167;7;0;2;1;15;1
202100039958;130 164;33;0;2;1;17;1
202100039958;130 165;7;0;2;8;10;1
202100039959;130 163;1;4;0;1;1;5
202100039960;130 161;43;0;2;2;1;1
202100039960;130 162;7;0;2;8;22;2
202100039961;130 159;7;0;2;5;12;1
202100039961;130 160;32;0;2;1;3;1
202100039962;130 158;32;14;0;1;15;1
202100039963;130 156;7;0;2;6;19;1
202100039963;130 157;2;0;2;1;1;1
202100039964;130 154;7;0;2;3;16;1
202100039964;130 155;7;0;2;2;1;1
202100039965;130 152;7;0;2;8;1;1
202100039965;130 153;14;0;2;3;1;1
202100039966;130 150;33;0;2;4;2;1
202100039966;130 151;7;0;2;1;1;1
202100039967;130 148;10;0;2;4;23;1
202100039967;130 149;7;0;2;1;2;1
202100039968;130 147;33;0;0;0;26;1
202100039969;130 145;32;0;2;2;5;1
202100039969;130 146;7;0;2;3;15;1
202100039970;130 143;30;0;2;0;0;1
202100039970;130 144;7;0;0;0;0;1
202100039971;130 142;7;0;1;2;1;1
202100039972;130 140;7;0;2;3;15;1
202100039972;130 141;33;0;2;2;1;1
202100039973;130 139;7;1;0;3;5;0
202100039974;130 137;37;0;2;6;1;1
202100039974;130 138;30;0;2;1;1;1
202100039975;130 136;10;0;1;1;7;1
202100039976;130 135;2;0;0;8;1;1
202100039977;130 134;30;14;0;1;19;1
202100039978;130 133;15;0;0;2;0;1
202100039979;130 131;7;3;2;5;5;1
202100039979;130 132;7;0;2;2;1;1
202100039980;130 129;7;0;0;4;2;1
202100039980;130 130;17;0;2;1;2;1
202100039981;130 127;33;0;2;1;2;1
202100039981;130 128;33;0;0;4;2;1
202100039982;130 125;7;2;0;3;13;1
202100039982;130 126;2;0;2;1;1;1
202100039983;130 124;7;15;9;1;16;1
202100039984;130 123;33;12;0;1;1;1
202100039985;130 121;3;0;2;3;15;1
202100039985;130 122;33;0;2;2;17;1
202100039986;130 120;36;0;0;0;14;1
202100039987;130 118;7;0;2;1;1;1
202100039987;130 119;7;0;2;2;1;1
202100039988;130 116;7;0;2;3;1;1
202100039988;130 117;7;0;2;3;1;1
202100039989;130 114;2;0;2;1;0;1
202100039989;130 115;7;0;2;2;16;1
202100039990;130 112;2;0;2;0;1;1
202100039990;130 113;7;0;2;3;9;1
202100039991;130 110;7;15;2;7;1;1
202100039991;130 111;7;15;2;1;1;1
202100039992;130 108;1;0;2;1;1;6
202100039992;130 109;7;0;9;6;15;1
202100039993;130 107;31;0;0;0;17;1
202100039994;130 105;7;0;0;1;1;1
202100039995;130 103;33;0;2;8;15;1
202100039995;130 104;33;0;2;7;1;1
202100039996;130 101;10;0;0;6;2;1
202100039996;130 102;1;0;2;1;2;5
202100039997;130 100;7;13;0;2;1;1
202100039998;130 096;7;0;2;2;1;1
202100039998;130 097;7;0;2;1;19;1
202100039999;130 095;36;0;0;0;0;1
202100040000;130 094;33;14;6;1;1;1
202100040001;130 092;7;0;2;3;10;1
202100040001;130 093;43;0;2;2;1;1
202100040002;130 090;1;0;2;8;2;0
202100040002;130 091;7;0;2;7;17;0
202100040003;130 089;33;0;0;7;1;1
202100040004;130 088;7;3;0;9;1;1
202100040005;130 086;7;0;2;3;1;1
202100040005;130 087;7;0;2;3;1;1
202100040006;130 083;7;0;2;1;1;0
202100040006;130 084;7;0;2;8;19;1
202100040007;130 082;33;2;0;1;2;1
202100040008;130 080;10;1;0;1;0;1
202100040008;130 081;7;0;0;4;23;1
202100040009;130 077;7;2;0;1;13;1
202100040010;130 076;7;0;1;2;16;1
202100040011;130 074;7;0;0;6;1;1
202100040011;130 075;7;0;2;3;13;1
202100040012;130 073;10;0;1;2;15;1
202100040013;130 070;2;0;0;1;0;1
202100040014;130 068;7;0;2;1;1;1
202100040014;130 069;7;0;0;7;1;1
202100040015;130 067;7;4;0;2;14;1
202100040016;130 066;7;3;0;2;1;1
202100040017;130 064;33;0;2;1;2;1
202100040017;130 065;7;0;2;4;2;1
202100040018;130 063;10;4;0;3;2;1
202100040019;130 062;7;4;0;3;13;1
202100040020;130 061;7;3;0;2;12;1
202100040021;130 060;31;0;0;0;21;1
202100040022;130 058;7;0;2;8;1;3
202100040022;130 059;7;0;2;1;12;1
202100040023;130 057;7;0;1;0;1;1
202100040024;130 056;7;0;1;5;20;2
202100040025;130 055;7;16;0;9;14;1
202100040026;130 053;30;0;2;1;13;1
202100040026;130 054;7;0;2;1;1;1
202100040027;130 051;10;0;2;3;10;1
202100040027;130 052;31;0;2;1;1;1
202100040028;130 049;30;0;2;1;1;1
202100040028;130 050;7;0;2;4;15;0
202100040029;130 047;7;8;2;1;1;1
202100040029;130 048;7;0;2;8;1;1
202100040030;130 045;7;0;2;8;15;1
202100040030;130 046;2;0;2;8;18;1
202100040031;130 043;2;0;2;1;10;1
202100040031;130 044;7;0;2;1;1;1
202100040032;130 041;7;0;2;0;0;0
202100040032;130 042;1;0;2;0;0;0
202100040033;130 039;7;0;2;1;9;1
202100040033;130 040;7;0;2;5;1;1
202100040034;130 038;10;0;1;8;15;1
202100040035;130 036;1;0;2;4;1;
202100040035;130 037;7;0;2;2;13;4
202100040036;130 035;32;0;0;0;0;0
202100040037;130 033;30;0;9;1;14;3
202100040037;130 034;1;0;2;8;0;0
202100040038;130 031;10;0;2;5;23;1
202100040038;130 032;30;0;2;1;3;0
202100040039;130 029;7;14;0;3;14;1
202100040039;130 030;7;0;2;3;23;2
202100040040;130 026;7;0;9;0;2;1
202100040040;130 027;7;0;9;1;2;1
202100040040;130 028;7;0;9;1;2;1
202100040041;130 024;7;0;2;2;1;1
202100040041;130 025;7;0;2;1;15;1
202100040042;130 023;7;0;9;2;14;1
202100040043;130 021;10;0;2;6;15;1
202100040043;130 022;7;0;2;1;17;1
202100040044;130 020;30;8;2;7;21;1
202100040045;130 018;30;0;2;1;1;1
202100040045;130 019;7;0;2;3;15;1
202100040046;130 016;7;0;2;1;1;1
202100040046;130 017;7;0;2;7;15;1
202100040047;130 015;7;0;9;1;26;1
202100040048;130 013;7;0;2;1;26;1
202100040048;130 014;10;10;2;1;13;1
202100040049;130 011;7;0;2;1;1;1
202100040049;130 012;30;0;2;3;16;1
202100040050;130 010;30;0;0;2;26;6
202100040051;130 006;7;0;2;1;1;1
202100040051;130 007;7;0;2;4;1;1
202100040051;130 008;7;0;2;4;1;1
202100040051;130 009;7;0;2;4;2;1
202100040052;130 005;30;0;0;8;2;1
202100040053;130 003;1;0;2;7;19;5
202100040053;130 004;7;0;2;1;1;1
202100040054;130 001;33;0;2;2;1;1
202100040054;130 002;7;0;2;3;20;1
202100040055;129 999;2;0;2;2;14;1
202100040055;130 000;7;0;2;3;1;1
202100040056;129 997;7;0;2;8;1;1
202100040056;129 998;1;0;2;8;26;5
202100040057;129 995;7;0;2;3;15;1
202100040057;129 996;2;0;2;1;17;1
202100040058;129 993;30;0;2;1;17;1
202100040058;129 994;7;0;2;3;15;1
202100040059;129 992;33;0;0;0;21;1
202100040060;129 990;7;0;2;9;1;1
202100040060;129 991;7;0;2;1;1;1
202100040061;129 989;99;0;1;1;1;3
202100040062;129 987;10;0;2;3;9;0
202100040062;129 988;10;0;2;1;0;0
202100040063;129 985;10;0;2;8;10;1
202100040063;129 986;7;0;2;1;1;1
202100040064;129 983;33;0;2;3;1;1
202100040064;129 984;7;0;2;3;15;0
202100040065;129 981;7;0;2;7;1;6
202100040065;129 982;15;0;2;2;19;6
202100040066;129 980;30;0;0;0;1;1
202100040067;129 978;7;1;0;6;20;2
202100040067;129 979;30;0;2;1;24;1
202100040068;129 976;32;0;2;1;1;1
202100040068;129 977;3;0;2;3;10;3
202100040069;129 974;7;0;2;6;15;1
202100040069;129 975;34;0;2;1;8;1
202100040070;129 973;99;0;1;3;16;3
202100040071;129 970;2;0;2;1;17;1
202100040071;129 971;7;0;2;4;23;1
202100040071;129 972;33;0;2;4;2;1
202100040072;129 968;7;0;2;4;23;2
202100040072;129 969;7;0;2;1;2;1
202100040073;129 966;7;0;2;2;12;1
202100040073;129 967;30;0;2;1;1;1
202100040074;129 964;1;0;2;1;1;5
202100040074;129 965;7;0;2;2;26;1
202100040075;129 962;7;0;2;1;0;1
202100040075;129 963;30;0;2;1;0;1
202100040076;129 961;7;12;0;3;21;1
202100040077;129 959;10;14;2;2;21;1
202100040077;129 960;7;0;0;6;23;1
202100040078;129 957;2;0;2;8;1;1
202100040078;129 958;7;0;2;2;16;1
202100040079;129 955;7;0;2;4;1;0
202100040079;129 956;1;0;2;1;1;5
202100040080;129 953;7;0;2;1;15;3
202100040080;129 954;30;0;2;8;1;1
202100040081;129 951;7;0;2;1;1;1
202100040081;129 952;32;0;2;3;1;1
202100040082;129 949;2;0;2;4;1;1
202100040082;129 950;34;0;2;1;2;1
202100040083;129 947;7;0;2;2;9;1
202100040083;129 948;2;0;2;1;1;1
202100040084;129 945;34;0;2;1;15;1
202100040084;129 946;7;0;2;3;1;1
202100040085;129 942;7;0;2;1;2;1
202100040085;129 943;7;0;2;4;2;1
202100040085;129 944;7;0;0;4;26;1
202100040086;129 941;7;2;0;2;0;2
202100040087;129 939;7;0;2;1;2;1
202100040087;129 940;7;0;2;4;1;1
202100040088;129 937;7;0;2;1;13;1
202100040088;129 938;1;0;2;1;1;6
202100040089;129 934;7;13;0;9;14;1
202100040090;129 932;7;0;2;3;5;1
202100040090;129 933;7;0;2;3;5;1
202100040091;129 930;7;0;2;1;13;1
202100040091;129 931;7;0;2;1;1;1
202100040092;129 929;21;16;0;2;1;1
202100040093;129 927;7;0;0;8;21;1
202100040093;129 928;7;0;0;8;13;1
202100040094;129 926;1;0;0;2;1;5
202100040095;129 925;7;2;0;0;0;1
202100040096;129 924;7;6;0;1;1;1
202100040097;129 923;7;12;0;6;1;1
202100040098;129 921;43;0;2;7;17;1
202100040098;129 922;7;0;2;8;20;1
202100040099;129 920;7;15;0;1;1;1
202100040100;129 918;7;0;2;1;19;1
202100040100;129 919;7;3;2;3;1;1
202100040101;129 917;7;0;1;1;1;1
202100040102;129 916;7;0;1;2;18;1
202100040103;129 913;7;0;2;3;2;1
202100040103;129 914;33;0;2;4;2;1
202100040103;129 915;7;0;0;4;2;1
202100040104;129 911;7;0;2;2;0;1
202100040104;129 912;1;0;2;1;1;5
202100040105;129 909;30;0;2;1;1;1
202100040105;129 910;10;0;2;3;13;1
202100040106;129 908;7;13;0;3;1;1
202100040107;129 907;21;13;0;1;1;1
202100040108;129 905;10;0;2;2;13;1
202100040108;129 906;7;0;2;2;21;1
202100040109;129 904;7;6;0;2;13;1
202100040110;129 903;7;9;0;1;1;1
202100040111;129 901;2;0;2;1;15;1
202100040111;129 902;7;0;2;3;1;1
202100040112;129 899;7;0;2;2;2;1
202100040112;129 900;17;0;2;6;2;0
202100040113;129 897;3;0;2;6;2;1
202100040113;129 898;10;0;2;2;2;1
202100040114;129 895;7;3;2;1;2;1
202100040114;129 896;15;0;0;6;2;1
202100040115;129 894;33;13;0;1;0;1
202100040116;129 892;7;0;2;1;13;1
202100040116;129 893;7;0;2;1;15;1
202100040117;129 891;32;12;0;8;1;1
202100040118;129 889;7;0;2;2;1;1
202100040118;129 890;1;0;2;4;1;5
202100040119;129 888;33;13;0;1;1;1
202100040120;129 886;7;0;0;5;15;1
202100040120;129 887;2;0;0;1;18;1
202100040121;129 884;2;0;2;2;17;1
202100040121;129 885;15;0;2;3;15;1
202100040122;129 883;1;14;0;0;1;5
202100040123;129 882;7;13;0;1;1;1
202100040124;129 881;7;0;1;3;9;1
202100040125;129 879;15;0;2;7;1;1
202100040125;129 880;2;0;2;8;20;1
202100040126;129 877;2;0;2;1;1;1
202100040126;129 878;10;0;2;3;19;1
202100040127;129 875;7;0;2;6;19;1
202100040127;129 876;33;0;2;1;1;1
202100040128;129 874;1;8;0;1;0;5
202100040129;129 870;7;0;2;4;1;1
202100040129;129 871;7;0;2;4;2;1
202100040129;129 872;7;0;2;1;2;1
202100040129;129 873;7;0;2;1;2;1
202100040130;129 865;7;0;2;1;13;1
202100040130;129 866;7;0;2;9;2;1
202100040130;129 867;10;0;2;6;1;1
202100040130;129 868;7;0;2;4;1;1
202100040130;129 869;17;0;2;4;1;1
202100040131;129 864;33;7;0;3;12;1
202100040132;129 861;7;0;2;1;2;1
202100040132;129 862;7;0;2;4;2;1
202100040132;129 863;7;0;2;4;2;1
202100040133;129 860;7;3;0;2;14;1
202100040134;129 859;33;0;0;9;1;1
202100040135;129 858;33;0;2;1;12;1
202100040136;129 854;1;0;2;2;1;5
202100040136;129 855;1;0;2;6;1;5
202100040137;129 852;10;0;2;1;2;1
202100040137;129 853;7;0;2;4;2;1
202100040138;129 850;33;0;2;8;17;1
202100040138;129 851;13;0;2;1;2;1
202100040139;129 849;2;0;0;1;1;1
202100040140;129 847;30;0;2;1;1;0
202100040140;129 848;50;0;2;0;0;3
202100040141;129 845;7;0;9;2;1;1
202100040141;129 846;80;0;2;1;0;3
202100040142;129 843;7;0;2;3;0;0
202100040142;129 844;7;0;2;2;0;1
202100040143;129 841;7;0;2;1;0;1
202100040143;129 842;10;0;2;4;4;1
202100040144;129 840;7;9;0;1;15;1
202100040145;129 838;10;0;2;0;9;1
202100040145;129 839;43;0;2;1;1;1
202100040146;129 837;30;8;0;3;15;1
202100040147;129 835;7;0;2;6;15;1
202100040147;129 836;32;0;2;1;1;0
202100040148;129 833;2;0;2;1;17;1
202100040148;129 834;7;0;2;3;10;1
202100040149;129 832;1;0;2;8;1;5
202100040150;129 830;7;0;2;1;1;1
202100040150;129 831;7;0;2;2;17;1
202100040151;129 829;7;0;1;1;1;1
202100040152;129 828;50;0;1;1;14;3
202100040153;129 827;7;0;0;1;1;1
202100040154;129 824;7;0;0;4;15;1
202100040154;129 825;7;0;2;1;1;1
202100040155;129 822;7;0;2;1;1;1
202100040155;129 823;10;0;2;1;1;1
202100040156;129 820;7;0;2;2;19;1
202100040156;129 821;7;0;2;8;1;1
202100040157;129 819;30;0;0;0;14;1
202100040158;129 817;33;0;2;1;1;1
202100040158;129 818;7;0;2;6;1;0
202100040159;129 815;7;0;2;3;10;1
202100040159;129 816;2;0;2;7;1;1
202100040160;129 813;2;0;2;1;2;0
202100040160;129 814;7;0;2;6;15;1
202100040161;129 811;30;0;2;2;1;1
202100040161;129 812;10;0;2;6;1;0
202100040162;129 809;7;0;2;2;16;1
202100040162;129 810;1;0;2;3;1;5
202100040163;129 808;7;0;1;5;20;3
202100040164;129 807;7;6;0;1;14;1
202100040165;129 806;7;7;0;2;16;
202100040166;129 804;7;0;2;2;1;1
202100040166;129 805;7;0;2;3;1;1
202100040167;129 803;37;0;1;1;1;
202100040168;129 802;30;15;0;1;14;1
202100040169;129 801;7;0;1;2;16;1
202100040170;129 799;7;0;2;3;9;1
202100040170;129 800;33;0;2;5;1;1
202100040171;129 797;2;0;2;1;1;1
202100040171;129 798;7;0;2;2;12;1
202100040172;129 794;7;6;0;2;14;1
202100040173;129 790;7;0;2;1;2;1
202100040173;129 791;7;0;2;4;1;1
202100040173;129 792;7;0;2;4;1;1
202100040173;129 793;7;0;2;4;1;1
202100040174;129 788;1;0;2;1;1;5
202100040174;129 789;7;0;2;2;15;1
202100040175;129 786;7;0;9;1;1;1
202100040175;129 787;2;0;2;1;1;1
202100040176;129 784;7;1;0;2;14;1
202100040176;129 785;14;0;2;6;23;1
202100040177;129 782;10;0;9;3;20;1
202100040177;129 783;1;1;0;1;0;5
202100040178;129 781;1;0;0;0;26;0
202100040179;129 780;7;0;4;1;26;1
202100040180;129 778;1;0;2;3;0;6
202100040180;129 779;7;0;9;2;26;1
202100040181;129 776;7;0;2;2;1;1
202100040181;129 777;7;0;2;8;14;1
202100040182;129 774;42;0;2;1;1;1
202100040182;129 775;7;0;2;4;1;1
202100040183;129 773;33;13;0;1;26;0
202100040184;129 771;7;0;2;8;15;1
202100040184;129 772;37;0;2;1;1;1
202100040185;129 769;7;0;2;4;1;1
202100040185;129 770;7;0;2;1;1;1
202100040186;129 768;30;0;0;7;26;1
202100040187;129 767;7;0;1;1;1;1
202100040188;129 765;7;0;2;4;26;1