Num_Acc;id_vehicule;categorie_vehicule;obstacle_fixe;obstacle_mobile;point_choc_initial;manoeuvre_principale;motorisation
202100040188;129 766;7;0;2;1;26;1
202100040189;129 763;1;1;2;7;17;5
202100040189;129 764;17;0;2;8;22;1
202100040190;129 762;7;0;1;1;16;1
202100040191;129 760;30;0;4;8;19;1
202100040191;129 761;40;0;2;1;1;3
202100040192;129 758;7;0;2;2;2;1
202100040192;129 759;7;0;2;6;1;1
202100040193;129 756;7;0;2;3;1;1
202100040193;129 757;1;0;2;7;25;5
202100040194;129 754;2;0;2;2;1;1
202100040194;129 755;7;0;2;5;16;1
202100040195;129 752;7;0;2;1;1;1
202100040195;129 753;7;0;2;2;15;1
202100040196;129 750;7;0;2;4;2;1
202100040196;129 751;7;0;2;1;2;1
202100040197;129 748;7;0;2;2;15;1
202100040197;129 749;2;0;2;8;21;1
202100040198;129 746;1;0;2;3;1;5
202100040198;129 747;37;0;2;2;1;1
202100040199;129 745;7;0;1;1;9;1
202100040200;129 743;7;0;2;4;2;1
202100040200;129 744;7;0;2;1;2;1
202100040201;129 740;2;0;2;9;17;1
202100040201;129 741;7;0;9;8;2;1
202100040201;129 742;10;0;9;8;0;1
202100040202;129 738;1;0;2;7;3;5
202100040202;129 739;7;0;2;1;1;1
202100040203;129 735;7;0;2;1;0;1
202100040203;129 736;7;0;2;7;1;1
202100040203;129 737;7;0;2;1;17;1
202100040204;129 732;7;0;2;3;23;1
202100040204;129 733;34;0;2;1;1;1
202100040204;129 734;32;0;2;1;2;1
202100040205;129 730;31;0;2;2;12;1
202100040205;129 731;7;0;2;3;1;1
202100040206;129 729;7;0;1;5;20;1
202100040207;129 728;7;0;1;2;1;1
202100040208;129 726;10;0;2;1;0;0
202100040208;129 727;10;0;2;4;0;6
202100040209;129 724;7;;2;8;1;1
202100040209;129 725;7;;2;6;10;1
202100040210;129 723;7;0;1;1;1;1
202100040211;129 722;7;6;0;1;14;1
202100040212;129 720;7;0;2;8;10;1
202100040212;129 721;10;0;2;2;17;1
202100040213;129 718;7;0;2;4;9;1
202100040213;129 719;7;0;2;1;9;1
202100040214;129 716;33;0;2;8;12;1
202100040214;129 717;10;0;2;5;1;1
202100040215;129 714;32;0;2;3;3;1
202100040215;129 715;7;0;2;7;12;1
202100040216;129 710;7;0;2;1;2;1
202100040216;129 711;7;0;2;4;2;1
202100040216;129 712;7;0;2;6;1;1
202100040216;129 713;7;0;2;5;2;1
202100040217;129 709;7;0;1;2;1;1
202100040218;129 707;30;0;2;1;3;1
202100040218;129 708;7;0;2;2;9;1
202100040219;129 705;2;0;2;7;2;1
202100040219;129 706;30;0;2;7;13;0
202100040220;129 704;50;0;1;1;5;3
202100040221;129 702;7;0;2;6;22;1
202100040221;129 703;30;0;2;0;18;1
202100040222;129 701;7;0;1;1;1;1
202100040223;129 699;34;0;2;4;2;1
202100040223;129 700;7;0;2;0;2;0
202100040224;129 697;7;0;2;4;2;1
202100040224;129 698;1;0;2;1;2;5
202100040225;129 696;50;0;0;0;15;3
202100040226;129 694;7;0;2;1;1;1
202100040226;129 695;1;0;2;7;7;5
202100040227;129 692;7;0;2;1;1;0
202100040227;129 693;7;0;2;4;1;2
202100040228;129 691;43;0;1;1;1;1
202100040229;129 689;30;0;2;0;0;0
202100040229;129 690;30;0;2;3;13;1
202100040230;129 687;2;0;2;1;2;1
202100040230;129 688;7;0;2;6;23;1
202100040231;129 686;7;15;0;1;16;1
202100040232;129 684;7;0;2;0;0;1
202100040232;129 685;31;0;2;0;0;1
202100040233;129 682;7;0;2;8;15;1
202100040233;129 683;32;0;2;1;1;1
202100040234;129 680;7;0;0;1;1;1
202100040234;129 681;3;0;0;4;1;1
202100040235;129 678;31;0;2;3;3;1
202100040235;129 679;7;0;2;2;12;1
202100040236;129 677;14;0;1;5;1;0
202100040237;129 675;1;1;0;1;1;5
202100040237;129 676;7;0;2;3;22;1
202100040238;129 673;1;0;2;3;0;0
202100040238;129 674;7;0;2;3;15;1
202100040239;129 672;30;0;0;0;0;1
202100040240;129 670;7;0;2;0;15;0
202100040240;129 671;1;0;2;0;1;5
202100040241;129 669;7;11;0;1;13;1
202100040242;129 667;7;0;2;3;15;1
202100040242;129 668;31;0;2;1;3;1
202100040243;129 665;7;0;0;4;1;1
202100040243;129 666;7;0;2;1;2;1
202100040244;129 663;7;0;2;1;16;1
202100040244;129 664;1;0;2;1;15;5
202100040245;129 662;7;0;0;0;0;1
202100040246;129 661;7;13;0;9;1;1
202100040247;129 660;33;4;0;8;1;1
202100040248;129 659;7;2;0;1;1;1
202100040249;129 657;33;0;0;7;1;1
202100040250;129 656;7;13;0;2;1;1
202100040251;129 655;7;0;1;2;1;1
202100040252;129 654;7;10;0;8;1;1
202100040253;129 649;7;0;9;1;17;1
202100040253;129 650;1;0;9;4;15;0
202100040254;129 648;33;16;0;1;1;1
202100040255;129 647;7;13;0;1;1;1
202100040256;129 645;7;0;0;3;1;1
202100040256;129 646;7;0;2;3;13;1
202100040257;129 644;32;14;0;0;0;1
202100040258;129 643;33;0;0;0;1;1
202100040259;129 641;7;0;2;2;21;1
202100040259;129 642;7;0;2;1;9;1
202100040260;129 639;30;0;2;1;1;1
202100040260;129 640;10;0;2;3;15;1
202100040261;129 638;7;6;0;3;1;1
202100040262;129 636;1;0;2;1;1;5
202100040262;129 637;2;0;9;1;1;1
202100040263;129 635;2;12;0;9;1;1
202100040264;129 633;2;0;2;1;1;1
202100040264;129 634;7;0;2;1;15;1
202100040265;129 631;10;0;2;1;0;1
202100040265;129 632;50;0;2;4;0;3
202100040266;129 630;33;0;6;1;1;1
202100040267;129 629;2;0;0;7;1;1
202100040268;129 627;7;0;0;8;15;1
202100040268;129 628;7;0;2;3;1;1
202100040269;129 625;7;8;0;1;13;1
202100040270;129 622;15;0;2;1;1;1
202100040270;129 623;7;0;2;1;1;1
202100040270;129 624;7;0;2;1;13;0
202100040271;129 620;7;0;0;3;2;1
202100040271;129 621;2;0;2;2;2;1
202100040272;129 618;33;0;2;1;17;1
202100040272;129 619;7;0;2;3;15;1
202100040273;129 616;33;0;2;1;2;1
202100040273;129 617;7;0;0;4;2;1
202100040274;129 615;33;0;0;7;1;1
202100040275;129 614;2;0;0;1;6;1
202100040276;129 613;10;0;1;3;0;1
202100040277;129 612;33;2;0;8;1;1
202100040278;129 611;7;8;0;1;1;1
202100040279;129 609;7;0;2;3;19;1
202100040279;129 610;33;0;2;2;1;1
202100040280;129 606;7;0;2;2;13;2
202100040280;129 607;2;0;2;1;1;1
202100040281;129 604;33;0;2;2;2;1
202100040281;129 605;7;0;0;6;2;1
202100040282;129 603;7;4;0;2;2;1
202100040283;129 602;33;0;0;0;0;1
202100040284;129 601;7;13;0;1;1;1
202100040285;129 599;7;0;2;3;1;1
202100040285;129 600;7;0;2;3;1;1
202100040286;129 594;15;0;2;3;1;1
202100040286;129 595;7;0;2;1;1;1
202100040286;129 596;7;0;2;1;1;1
202100040286;129 597;7;0;2;1;13;1
202100040287;129 593;7;4;0;2;13;1
202100040288;129 590;7;0;2;4;1;1
202100040288;129 591;10;0;2;1;2;1
202100040288;129 592;10;0;2;1;2;1
202100040289;129 588;7;0;2;5;14;1
202100040289;129 589;33;0;2;0;1;1
202100040290;129 584;14;0;0;2;1;0
202100040291;129 582;32;0;2;1;12;1
202100040291;129 583;7;0;0;4;1;1
202100040292;129 579;7;0;1;3;2;1
202100040292;129 580;7;0;2;5;2;1
202100040292;129 581;32;0;2;1;3;1
202100040293;129 576;15;0;2;4;2;1
202100040293;129 577;15;0;2;1;2;1
202100040293;129 578;7;0;2;4;2;1
202100040294;129 574;7;0;2;6;12;1
202100040294;129 575;33;0;2;1;3;1
202100040295;129 573;2;0;1;1;17;1
202100040296;129 571;32;0;2;2;21;1
202100040296;129 572;32;0;2;1;0;1
202100040297;129 570;7;0;1;0;26;0
202100040298;129 569;10;0;1;1;1;1
202100040299;129 568;7;1;1;7;1;1
202100040300;129 567;7;0;1;2;1;1
202100040301;129 565;33;0;2;1;1;1
202100040301;129 566;7;0;2;1;15;1
202100040302;129 563;33;0;2;7;17;1
202100040302;129 564;7;0;2;8;1;1
202100040303;129 561;7;0;2;1;1;1
202100040303;129 562;7;0;2;1;13;1
202100040304;129 560;33;0;2;0;21;1
202100040305;129 558;30;0;2;1;2;1
202100040305;129 559;7;0;2;4;0;1
202100040306;129 556;7;0;2;4;16;1
202100040306;129 557;7;0;2;1;1;1
202100040307;129 555;50;4;0;1;1;3
202100040308;129 553;2;0;2;1;0;1
202100040308;129 554;7;0;2;7;16;2
202100040309;129 551;7;0;2;2;1;1
202100040309;129 552;7;0;2;7;15;1
202100040310;129 549;31;0;2;1;1;1
202100040310;129 550;7;0;2;8;15;1
202100040311;129 547;1;0;2;7;1;5
202100040311;129 548;7;0;2;1;1;1
202100040312;129 545;33;0;2;9;3;1
202100040312;129 546;7;0;2;3;11;1
202100040313;129 544;1;15;0;1;16;5
202100040314;129 542;7;0;2;7;1;1
202100040314;129 543;7;0;2;1;1;1
202100040315;129 540;7;0;1;2;1;1
202100040316;129 538;7;0;2;1;1;1
202100040316;129 539;7;0;2;4;23;1
202100040317;129 537;7;6;0;9;1;1
202100040318;129 535;7;0;2;3;1;1
202100040318;129 536;2;0;2;1;26;1
202100040319;129 534;7;8;1;1;1;1
202100040320;129 533;7;0;1;2;5;1
202100040321;129 531;1;0;2;2;1;5
202100040321;129 532;7;0;2;1;1;1
202100040322;129 529;1;0;2;8;1;5
202100040322;129 530;7;0;2;3;9;1
202100040323;129 527;31;0;2;5;0;1
202100040323;129 528;7;0;2;3;9;1
202100040324;129 525;10;0;2;8;1;1
202100040324;129 526;50;0;2;1;1;3
202100040325;129 523;7;0;2;3;1;1
202100040325;129 524;30;0;2;6;15;1
202100040326;129 521;33;0;2;4;23;1
202100040326;129 522;7;0;2;1;2;1
202100040327;129 520;33;12;0;8;1;1
202100040328;129 518;7;0;2;3;11;1
202100040328;129 519;2;0;2;7;1;1
202100040329;129 517;7;0;1;3;26;1
202100040330;129 515;7;0;2;4;2;1
202100040330;129 516;7;0;2;1;2;1
202100040331;129 513;7;0;2;8;24;1
202100040331;129 514;1;0;2;7;1;5
202100040332;129 510;10;0;2;8;23;1
202100040332;129 511;33;0;2;1;26;1
202100040332;129 512;7;0;2;6;23;1
202100040333;129 508;7;0;2;7;17;1
202100040333;129 509;2;0;2;8;1;1
202100040334;129 507;7;0;1;1;1;1
202100040335;129 506;7;0;1;7;14;1
202100040336;129 505;7;0;1;4;20;1
202100040337;129 504;50;0;0;1;15;3
202100040338;129 501;37;0;2;3;0;1
202100040338;129 502;7;0;2;0;26;1
202100040339;129 499;7;0;2;3;26;1
202100040339;129 500;1;0;2;0;26;6
202100040340;129 497;7;0;2;5;16;1
202100040340;129 498;37;0;2;3;1;1
202100040341;129 496;33;0;0;0;21;1
202100040342;129 494;1;0;2;0;17;5
202100040342;129 495;2;0;2;0;15;1
202100040343;129 492;7;0;2;2;0;1
202100040343;129 493;7;0;2;6;1;1
202100040344;129 490;7;0;2;1;1;1
202100040344;129 491;7;0;2;8;1;1
202100040345;129 489;40;0;1;2;1;3
202100040346;129 487;7;0;2;6;1;1
202100040346;129 488;7;0;2;1;1;1
202100040347;129 485;30;0;2;7;21;1
202100040347;129 486;7;0;2;6;16;1
202100040348;129 482;7;0;2;7;1;1
202100040348;129 483;1;0;2;1;15;5
202100040349;129 480;1;0;2;1;1;5
202100040349;129 481;7;0;2;3;9;1
202100040350;129 479;7;0;1;2;1;1
202100040351;129 478;50;0;1;1;1;3
202100040352;129 477;36;13;0;1;1;1
202100040353;129 476;7;0;1;1;1;1
202100040354;129 472;7;0;2;6;23;1
202100040354;129 473;7;0;2;1;23;1
202100040354;129 474;7;0;2;0;13;1
202100040354;129 475;33;0;2;1;13;1
202100040355;129 471;30;0;1;1;26;0
202100040356;129 469;10;0;2;0;0;1
202100040356;129 470;7;0;2;1;2;1
202100040357;129 467;32;0;2;1;2;1
202100040357;129 468;7;0;2;6;13;1
202100040358;129 465;10;0;2;1;1;1
202100040358;129 466;7;0;2;4;23;1
202100040359;129 462;34;0;2;1;26;1
202100040359;129 463;7;0;9;4;2;1
202100040359;129 464;7;0;2;1;2;3
202100040360;129 460;7;0;2;6;1;1
202100040360;129 461;7;0;2;8;0;1
202100040361;129 458;7;0;2;5;4;1
202100040361;129 459;2;0;2;2;1;1
202100040362;129 457;7;0;1;1;26;1
202100040363;129 455;2;0;2;2;2;1
202100040363;129 456;7;0;2;8;15;1
202100040364;129 454;1;1;0;7;18;5
202100040365;129 452;7;0;2;3;15;1
202100040365;129 453;33;0;2;2;17;1
202100040366;129 450;1;0;2;8;17;5
202100040366;129 451;7;0;2;2;17;1
202100040367;129 448;7;0;2;1;2;1
202100040367;129 449;7;0;2;4;23;1
202100040368;129 447;50;0;1;1;25;3
202100040369;129 446;7;14;1;1;14;3
202100040370;129 445;10;0;1;2;16;1
202100040371;129 444;1;0;1;1;1;5
202100040372;129 443;7;0;1;2;17;1
202100040373;129 441;43;0;2;2;15;1
202100040373;129 442;1;0;2;1;1;5
202100040374;129 439;80;0;2;7;17;3
202100040374;129 440;80;0;2;8;13;3
202100040375;129 437;33;0;2;1;1;1
202100040375;129 438;7;0;2;2;15;1
202100040376;129 435;7;0;2;1;1;1
202100040376;129 436;7;1;2;8;1;1
202100040377;129 433;1;0;2;4;1;5
202100040377;129 434;10;0;2;1;1;0
202100040378;129 430;1;0;2;0;1;5
202100040378;129 431;1;0;0;0;17;5
202100040378;129 432;32;0;0;0;17;1
202100040379;129 428;10;0;2;2;14;1
202100040379;129 429;33;0;2;2;0;1
202100040380;129 426;7;0;2;3;9;1
202100040380;129 427;31;0;2;1;19;1
202100040381;129 425;7;1;1;0;1;0
202100040382;129 424;7;0;1;1;1;1
202100040383;129 423;7;0;1;1;26;0
202100040384;129 418;7;0;2;1;9;1
202100040384;129 419;7;0;2;4;23;1
202100040384;129 420;7;0;2;5;23;1
202100040385;129 417;7;1;1;4;26;1
202100040386;129 415;7;0;2;1;26;1
202100040386;129 416;7;0;2;6;1;1
202100040387;129 414;7;0;1;1;1;1
202100040388;129 412;7;0;2;2;10;1
202100040388;129 413;33;0;2;1;1;1
202100040389;129 411;7;11;0;1;13;1
202100040390;129 410;7;0;0;2;12;1
202100040391;129 409;7;0;1;3;1;1
202100040392;129 407;7;0;2;1;13;1
202100040392;129 408;7;0;2;1;1;1
202100040393;129 406;3;6;0;3;1;1
202100040394;129 404;38;0;2;3;1;1
202100040394;129 405;7;6;2;1;13;1
202100040395;129 402;7;0;2;3;1;1
202100040395;129 403;2;0;2;1;13;1
202100040396;129 401;1;0;0;0;16;5
202100040397;129 399;7;0;2;1;9;1
202100040397;129 400;7;0;2;2;1;1
202100040398;129 398;31;2;0;1;0;1
202100040399;129 397;7;16;0;2;1;1
202100040400;129 396;7;6;0;1;21;1
202100040401;129 394;7;0;2;1;1;1
202100040401;129 395;7;0;2;2;15;1
202100040402;129 393;33;13;0;1;1;1
202100040403;129 391;7;0;2;3;1;1
202100040403;129 392;2;0;2;3;1;1
202100040404;129 389;7;0;2;1;16;1
202100040404;129 390;7;0;0;7;15;1
202100040405;129 388;15;13;0;1;13;1
202100040406;129 386;7;0;2;7;1;1
202100040406;129 387;7;0;2;1;1;2
202100040407;129 384;10;0;2;3;13;1
202100040407;129 385;33;13;2;3;1;1
202100040408;129 382;2;0;0;4;2;1
202100040408;129 383;2;0;0;1;1;1
202100040409;129 380;7;0;2;3;1;1
202100040409;129 381;7;0;2;3;1;1
202100040410;129 378;7;0;2;1;1;1
202100040410;129 379;2;0;2;1;13;1
202100040411;129 376;7;0;2;1;21;1
202100040411;129 377;7;0;2;1;13;1
202100040412;129 375;7;2;6;1;1;1
202100040413;129 373;7;0;2;3;16;1
202100040413;129 374;7;6;2;7;1;1
202100040414;129 371;7;0;9;1;1;1
202100040414;129 372;1;0;2;4;1;5
202100040415;129 370;33;3;0;0;1;1
202100040416;129 368;7;3;0;4;2;1
202100040416;129 369;7;0;2;1;2;1
202100040417;129 367;33;3;0;1;0;1
202100040418;129 365;7;0;0;2;13;6
202100040418;129 366;7;0;0;3;19;6
202100040419;129 364;7;0;1;1;1;0
202100040420;129 362;7;0;2;1;1;1
202100040420;129 363;2;0;2;1;9;1
202100040421;129 361;7;2;0;1;13;1
202100040422;129 359;7;0;2;3;1;1
202100040422;129 360;1;0;2;1;17;5
202100040423;129 358;33;0;0;7;1;1
202100040424;129 357;2;14;0;1;1;1
202100040425;129 354;15;0;2;0;2;6
202100040425;129 355;7;0;2;1;2;1
202100040425;129 356;10;0;2;1;2;1
202100040426;129 352;10;0;2;1;1;1
202100040426;129 353;7;0;2;4;2;1
202100040427;129 351;7;0;2;8;2;1
202100040428;129 347;33;0;2;9;0;1
202100040428;129 348;7;0;2;4;0;1
202100040428;129 349;7;0;2;1;0;1
202100040428;129 350;7;0;2;4;0;1
202100040429;129 345;7;3;2;1;18;1
202100040429;129 346;15;0;2;4;1;1
202100040430;129 343;7;0;2;4;2;1
202100040430;129 344;7;0;2;1;1;1
202100040431;129 341;30;0;2;2;0;1
202100040431;129 342;7;0;2;3;1;1
202100040432;129 339;33;0;2;8;2;1
202100040432;129 340;7;0;2;2;14;1
202100040433;129 336;31;0;2;7;3;1
202100040433;129 337;10;0;2;8;1;1
202100040433;129 338;33;0;2;8;3;1
202100040434;129 335;33;3;0;2;1;1
202100040435;129 332;7;0;2;6;1;1
202100040435;129 333;43;0;2;1;3;1
202100040435;129 334;7;0;2;5;11;1
202100040436;129 330;33;0;2;3;3;1
202100040436;129 331;7;0;2;2;14;1
202100040437;129 328;33;0;2;1;1;1
202100040437;129 329;7;0;2;3;9;1
202100040438;129 326;31;0;2;1;17;1
202100040438;129 327;7;0;2;3;15;1
202100040439;129 324;30;0;2;1;1;1
202100040439;129 325;7;0;2;1;1;1
202100040440;129 322;32;0;2;1;17;1
202100040440;129 323;7;0;2;6;13;1
202100040441;129 320;7;0;2;3;2;1
202100040441;129 321;1;0;2;1;2;5
202100040442;129 318;7;0;2;4;23;1
202100040442;129 319;7;0;2;1;1;0
202100040443;129 316;7;0;2;8;15;1
202100040443;129 317;33;0;2;1;13;1
202100040444;129 314;10;0;0;4;1;1
202100040444;129 315;2;0;2;1;2;1
202100040445;129 312;2;0;2;4;1;1
202100040445;129 313;7;0;9;1;2;2
202100040446;129 310;2;0;2;8;1;1
202100040446;129 311;7;0;9;7;15;1
202100040447;129 308;7;0;9;2;16;1
202100040447;129 309;1;0;2;3;2;0
202100040448;129 307;7;9;0;9;14;1
202100040449;129 305;7;0;2;3;1;1
202100040449;129 306;7;0;2;1;13;1
202100040450;129 303;0;0;0;0;17;0
202100040450;129 304;1;0;0;0;1;5
202100040451;129 302;7;8;1;1;0;1
202100040452;129 300;43;0;2;7;2;1
202100040452;129 301;7;0;2;6;3;0
202100040453;129 298;7;0;2;8;15;1
202100040453;129 299;10;0;2;2;17;1
202100040454;129 297;33;9;0;1;26;1
202100040455;129 294;1;0;2;7;0;6
202100040455;129 295;1;0;2;7;0;5
202100040455;129 296;7;0;2;3;0;1
202100040456;129 293;7;0;1;3;1;1
202100040457;129 291;7;0;2;7;1;1
202100040457;129 292;1;0;2;1;9;5
202100040458;129 289;7;0;2;1;1;1
202100040458;129 290;7;0;2;7;15;1
202100040459;129 287;7;1;2;3;15;1
202100040459;129 288;10;1;2;2;17;1
202100040460;129 285;2;0;2;1;1;1
202100040460;129 286;7;0;2;3;15;1
202100040461;129 283;7;0;2;0;26;1
202100040461;129 284;7;0;2;0;19;1
202100040462;129 281;32;0;2;1;1;1
202100040462;129 282;7;0;2;2;1;1
202100040463;129 280;7;0;1;1;1;2
202100040464;129 277;7;0;2;5;2;1
202100040464;129 278;7;0;2;6;2;1
202100040464;129 279;33;0;2;1;17;1
202100040465;129 276;7;8;0;3;13;1
202100040466;129 275;30;1;0;7;14;1
202100040467;129 273;7;0;2;1;1;1
202100040467;129 274;50;0;2;8;19;3
202100040468;129 271;7;0;2;2;15;1
202100040468;129 272;7;0;2;1;1;1
202100040469;129 269;30;0;2;1;1;1
202100040469;129 270;10;0;2;4;1;1
202100040470;129 267;33;0;2;1;1;1
202100040470;129 268;7;0;2;4;1;1
202100040471;129 265;2;0;2;3;7;1
202100040471;129 266;7;0;2;2;14;1
202100040472;129 263;2;0;2;1;18;1
202100040472;129 264;7;0;2;7;16;1
202100040473;129 259;33;0;2;1;1;1
202100040473;129 260;2;0;2;7;10;1
202100040474;129 258;7;9;0;1;1;1
202100040475;129 257;7;0;1;2;1;1
202100040476;129 256;30;7;0;1;13;1
202100040477;129 254;7;0;2;1;1;1
202100040477;129 255;1;0;2;1;1;5
202100040478;129 250;1;0;2;1;1;5
202100040478;129 251;10;0;2;3;15;1
202100040479;129 249;30;0;0;7;1;1
202100040480;129 248;7;0;1;2;26;1
202100040481;129 247;7;0;1;3;1;1
202100040482;129 244;10;0;2;1;2;1
202100040482;129 245;7;0;2;4;2;1
202100040482;129 246;7;0;2;4;2;1
202100040483;129 242;7;0;9;2;1;2
202100040483;129 243;50;0;2;6;1;3
202100040484;129 240;1;0;2;1;1;5
202100040484;129 241;7;0;2;1;15;1
202100040485;129 238;7;0;2;1;1;1
202100040485;129 239;7;0;2;3;16;3
202100040486;129 236;7;0;2;1;1;2
202100040486;129 237;7;0;2;4;23;1
202100040487;129 235;7;0;1;1;9;1
202100040488;129 233;33;0;2;1;1;1
202100040488;129 234;7;0;2;3;15;1
202100040489;129 231;7;0;2;8;22;1
202100040489;129 232;1;1;2;7;1;5
202100040490;129 229;33;0;2;1;1;1
202100040490;129 230;7;0;2;5;15;1
202100040491;129 227;7;0;2;8;1;0
202100040491;129 228;7;0;2;1;1;1
202100040492;129 226;7;0;1;2;1;1
202100040493;129 225;7;0;1;1;1;0
202100040494;129 224;7;6;0;1;1;1
202100040495;129 222;7;0;2;7;20;1
202100040495;129 223;30;0;2;1;18;1
202100040496;129 221;17;2;0;1;1;1
202100040497;129 219;7;0;2;2;15;1
202100040497;129 220;1;0;2;1;1;5
202100040498;129 217;7;0;2;8;1;1
202100040498;129 218;31;0;2;7;3;1
202100040499;129 214;7;0;2;4;2;1
202100040499;129 215;7;0;2;4;23;1
202100040499;129 216;14;0;2;2;2;1
202100040500;129 212;17;0;2;2;12;1
202100040500;129 213;7;0;2;8;1;1
202100040501;129 210;7;0;2;1;1;0
202100040501;129 211;1;0;2;0;15;5
202100040502;129 208;7;0;2;7;15;1
202100040502;129 209;10;0;2;1;1;1
202100040503;129 206;30;0;2;1;13;3
202100040503;129 207;1;0;2;8;1;5
202100040504;129 204;10;0;2;1;1;1
202100040504;129 205;1;0;2;4;1;5
202100040505;129 202;30;0;2;2;10;1
202100040505;129 203;10;0;2;0;1;0
202100040506;129 200;7;0;2;3;22;1
202100040506;129 201;1;0;2;2;1;5
202100040507;129 198;10;0;2;3;15;1
202100040507;129 199;30;0;2;7;17;0
202100040508;129 197;10;0;1;1;1;1
202100040509;129 196;7;0;1;7;15;2
202100040510;129 194;10;0;2;0;1;1
202100040510;129 195;7;0;2;3;22;1
202100040511;129 192;10;1;2;1;1;1
202100040511;129 193;7;0;2;1;1;1
202100040512;129 191;7;0;1;4;4;1
202100040513;129 189;7;0;2;2;22;1
202100040513;129 190;1;0;2;2;1;5
202100040514;129 187;1;0;2;1;5;5
202100040514;129 188;1;0;2;1;1;5
202100040515;129 186;7;0;1;1;2;1
202100040516;129 185;7;0;2;3;26;1
202100040517;129 183;10;0;2;1;2;1
202100040517;129 184;31;0;2;4;23;1
202100040518;129 181;7;0;2;2;2;2
202100040518;129 182;7;0;2;3;1;1
202100040519;129 179;7;0;0;0;24;1
202100040519;129 180;7;0;0;0;1;1
202100040520;129 177;34;0;2;3;3;1
202100040520;129 178;7;0;2;5;23;1
202100040521;129 176;33;0;0;7;1;1
202100040522;129 175;7;0;1;1;1;0
202100040523;129 172;7;0;2;4;1;1
202100040523;129 173;7;0;2;4;1;1
202100040523;129 174;7;0;2;1;2;1
202100040524;129 170;3;0;2;2;14;1
202100040524;129 171;33;0;2;7;1;1
202100040525;129 168;7;0;2;3;11;1
202100040525;129 169;33;0;2;2;1;1
202100040526;129 166;7;0;2;3;1;1
202100040526;129 167;3;0;2;5;17;1
202100040527;129 165;7;0;1;4;4;1
202100040528;129 164;1;12;0;1;1;5
202100040529;129 162;10;0;2;1;1;1
202100040529;129 163;7;0;2;7;1;1
202100040530;129 161;7;0;1;1;15;1
202100040531;129 159;10;0;2;1;2;1
202100040531;129 160;7;0;2;4;23;1
202100040532;129 157;7;0;2;2;9;1
202100040532;129 158;7;0;2;3;1;1
202100040533;129 156;33;1;2;3;21;1
202100040534;129 155;7;0;1;1;1;1
202100040535;129 152;7;0;2;1;2;1
202100040535;129 153;7;0;2;4;2;1
202100040535;129 154;7;0;2;4;1;1
202100040536;129 150;7;0;2;1;16;0
202100040536;129 151;1;0;2;1;19;0
202100040537;129 149;7;13;0;1;14;1
202100040538;129 148;33;13;0;9;1;1
202100040539;129 147;1;0;0;9;2;5
202100040540;129 146;30;6;0;1;2;1
202100040541;129 145;7;17;0;2;0;1
202100040542;129 143;33;0;2;2;17;1
202100040542;129 144;7;0;2;3;15;1
202100040543;129 141;7;0;2;3;13;1
202100040543;129 142;7;0;2;2;1;1
202100040544;129 139;7;0;2;1;2;1
202100040544;129 140;7;0;2;4;2;1
202100040545;129 137;10;0;2;1;0;1
202100040545;129 138;7;0;2;1;0;1
202100040546;129 135;1;0;2;7;15;5
202100040546;129 136;7;0;9;3;1;1
202100040547;129 133;21;0;0;0;19;1
202100040547;129 134;7;0;2;1;1;1
202100040548;129 132;7;0;1;3;1;1
202100040549;129 131;7;6;0;3;1;1
202100040550;129 129;33;0;2;1;13;1
202100040550;129 130;7;0;2;1;1;1
202100040551;129 127;7;0;2;7;2;1
202100040551;129 128;80;0;2;8;15;3
202100040552;129 126;33;3;0;9;1;1
202100040553;129 124;14;0;2;2;23;1
202100040553;129 125;7;0;2;1;1;1
202100040554;129 123;7;0;1;9;1;1
202100040555;129 120;7;0;2;2;15;1
202100040555;129 121;7;0;2;3;1;1
202100040556;129 119;7;2;0;1;0;1
202100040557;129 118;2;17;0;1;0;1
202100040558;129 116;13;0;2;1;19;1
202100040558;129 117;7;0;0;8;1;1
202100040559;129 115;33;3;0;1;1;1
202100040560;129 114;7;2;0;1;0;1
202100040561;129 113;7;0;1;2;1;1
202100040562;129 111;7;0;2;1;13;1
202100040562;129 112;7;0;2;1;0;1
202100040563;129 110;7;0;1;2;1;1
202100040564;129 108;7;0;2;1;13;1
202100040564;129 109;7;0;0;6;1;1
202100040565;129 106;1;0;2;7;19;5
202100040565;129 107;7;0;2;1;1;1
202100040566;129 105;3;6;0;1;1;1
202100040567;129 103;10;0;2;2;1;1
202100040567;129 104;2;0;2;1;1;1
202100040568;129 102;7;6;0;9;1;1
202100040569;129 101;33;13;0;7;1;1
202100040570;129 099;7;0;2;2;1;1
202100040570;129 100;1;0;2;8;19;5
202100040571;129 097;7;0;2;1;26;2
202100040571;129 098;33;0;2;2;1;1
202100040572;129 096;7;2;0;1;1;1
202100040573;129 095;7;2;0;1;1;1
202100040574;129 094;33;15;0;8;17;1
202100040575;129 093;7;0;0;0;13;1
202100040576;129 091;17;0;2;6;13;1
202100040576;129 092;7;0;2;8;1;1
202100040577;129 090;33;0;0;0;1;1
202100040578;129 089;7;0;0;9;0;1
202100040579;129 086;15;0;2;4;1;1
202100040579;129 087;10;0;2;1;1;1
202100040579;129 088;10;0;2;1;1;1
202100040580;129 081;37;0;2;1;2;1
202100040580;129 082;10;0;2;4;2;1
202100040580;129 083;7;0;2;4;2;1
202100040580;129 084;10;0;2;4;2;1
202100040580;129 085;10;0;2;4;2;1
202100040581;129 079;14;0;2;2;1;1
202100040581;129 080;7;0;2;3;9;1
202100040582;129 077;15;0;2;3;0;1
202100040582;129 078;7;0;2;6;12;1
202100040583;129 076;7;4;0;1;26;0
202100040584;129 073;33;0;2;7;3;1
202100040584;129 074;7;0;2;5;1;1