Num_Acc;id_vehicule;categorie_vehicule;obstacle_fixe;obstacle_mobile;point_choc_initial;manoeuvre_principale;motorisation
202100040584;129 075;7;0;2;8;13;1
202100040585;129 072;7;0;0;9;1;1
202100040586;129 070;10;0;2;1;13;1
202100040586;129 071;7;0;2;1;1;1
202100040587;129 068;7;0;2;7;1;1
202100040587;129 069;37;0;2;3;16;1
202100040588;129 067;10;0;1;2;1;1
202100040589;129 065;10;0;2;3;15;1
202100040589;129 066;80;0;2;1;17;5
202100040590;129 063;7;0;2;8;15;1
202100040590;129 064;1;0;2;7;17;0
202100040591;129 061;2;0;2;7;15;1
202100040591;129 062;7;0;2;7;21;1
202100040592;129 059;7;0;2;1;19;6
202100040592;129 060;1;0;0;0;0;0
202100040593;129 057;7;0;2;8;1;1
202100040593;129 058;7;0;2;1;9;1
202100040594;129 055;7;0;2;2;26;1
202100040594;129 056;34;1;2;1;0;1
202100040595;129 053;33;0;2;0;15;1
202100040595;129 054;33;0;1;0;1;1
202100040596;129 052;33;0;0;0;1;1
202100040597;129 050;7;0;0;4;23;1
202100040597;129 051;31;0;2;1;1;1
202100040598;129 048;7;0;2;1;26;1
202100040598;129 049;7;0;1;4;26;1
202100040599;129 046;1;0;2;1;25;5
202100040599;129 047;7;0;2;2;26;1
202100040600;129 042;7;0;2;1;15;1
202100040600;129 043;7;0;2;2;1;1
202100040601;129 040;7;0;2;8;10;1
202100040601;129 041;32;0;2;1;1;1
202100040602;129 038;7;0;2;1;19;1
202100040602;129 039;60;0;2;0;1;5
202100040603;129 036;7;0;0;5;0;1
202100040603;129 037;33;0;2;5;26;1
202100040604;129 034;99;0;2;1;1;6
202100040604;129 035;7;0;2;1;5;1
202100040605;129 032;7;0;2;0;1;1
202100040605;129 033;32;0;2;0;2;1
202100040606;129 031;7;0;9;2;0;0
202100040607;129 029;7;0;2;2;1;1
202100040607;129 030;7;0;2;1;0;1
202100040608;129 027;2;0;2;1;0;1
202100040608;129 028;7;0;2;5;26;1
202100040609;129 026;36;0;0;0;14;1
202100040610;129 025;80;0;0;0;2;3
202100040611;129 024;50;0;0;0;1;3
202100040612;129 023;7;0;0;9;2;1
202100040613;129 022;7;13;0;7;14;1
202100040614;129 018;7;0;2;1;1;1
202100040614;129 019;7;0;2;8;1;2
202100040615;129 017;7;12;0;2;14;1
202100040616;129 014;7;0;2;1;13;1
202100040616;129 015;7;0;2;1;1;1
202100040616;129 016;7;0;2;3;1;1
202100040617;129 011;33;0;2;1;2;1
202100040617;129 012;7;0;2;9;2;1
202100040617;129 013;7;0;2;4;26;2
202100040618;129 009;2;0;2;1;26;1
202100040618;129 010;7;0;2;3;15;1
202100040619;129 007;10;0;2;2;19;1
202100040619;129 008;7;0;2;7;1;1
202100040620;129 005;10;0;2;1;15;1
202100040620;129 006;7;0;2;1;1;1
202100040621;129 004;7;0;1;3;1;1
202100040622;129 002;7;0;2;1;15;1
202100040622;129 003;31;0;2;6;15;1
202100040623;129 000;7;0;2;8;22;0
202100040623;129 001;31;0;2;5;3;1
202100040624;128 998;7;0;2;4;2;1
202100040624;128 999;32;0;2;1;2;1
202100040625;128 996;50;0;2;1;1;3
202100040625;128 997;7;0;2;1;15;1
202100040626;128 994;7;0;2;5;15;1
202100040626;128 995;1;0;2;1;1;5
202100040627;128 993;7;0;1;2;1;1
202100040628;128 991;30;0;2;3;9;1
202100040628;128 992;7;0;2;2;7;1
202100040629;128 989;7;0;2;3;15;2
202100040629;128 990;30;0;2;3;1;1
202100040630;128 987;7;0;2;3;10;1
202100040630;128 988;34;0;2;2;2;1
202100040631;128 985;7;0;2;2;1;1
202100040631;128 986;10;0;2;2;15;1
202100040632;128 983;32;0;2;1;1;1
202100040632;128 984;7;0;2;1;1;1
202100040633;128 981;1;0;2;8;1;5
202100040633;128 982;7;0;2;0;17;0
202100040634;128 978;7;0;2;1;1;1
202100040634;128 979;99;0;0;0;0;0
202100040634;128 980;99;0;0;0;0;0
202100040635;128 976;34;0;2;1;1;1
202100040635;128 977;7;0;2;7;1;1
202100040636;128 975;7;0;1;3;1;0
202100040637;128 973;34;0;2;1;19;1
202100040637;128 974;7;0;2;1;9;1
202100040638;128 972;10;0;1;3;1;1
202100040639;128 971;7;15;0;9;0;1
202100040640;128 970;7;2;0;1;14;1
202100040641;128 968;7;0;2;3;15;1
202100040641;128 969;30;0;2;1;1;0
202100040642;128 967;2;13;0;2;1;1
202100040643;128 965;33;0;2;3;1;1
202100040643;128 966;7;0;2;3;20;1
202100040644;128 964;7;6;0;1;7;1
202100040645;128 963;7;0;0;9;0;1
202100040646;128 962;10;0;1;2;1;1
202100040647;128 960;10;0;2;1;15;1
202100040647;128 961;31;0;2;3;1;1
202100040648;128 959;1;0;0;0;0;5
202100040649;128 958;31;0;0;7;1;1
202100040650;128 957;33;0;0;0;1;1
202100040651;128 955;10;0;9;8;15;1
202100040651;128 956;32;0;2;2;17;1
202100040652;128 954;7;8;0;1;14;1
202100040653;128 952;21;0;0;0;19;1
202100040653;128 953;33;0;0;2;1;1
202100040654;128 950;33;0;2;1;13;1
202100040654;128 951;7;0;2;3;11;1
202100040655;128 949;7;13;0;1;1;1
202100040656;128 948;7;13;0;1;13;1
202100040657;128 947;33;10;0;8;16;1
202100040658;128 946;33;0;0;0;1;1
202100040659;128 944;7;0;2;1;1;1
202100040659;128 945;7;0;2;6;16;2
202100040660;128 942;7;0;2;1;1;1
202100040660;128 943;7;2;2;1;1;0
202100040661;128 940;10;0;2;3;21;1
202100040661;128 941;7;0;2;1;13;1
202100040662;128 939;7;0;0;0;0;1
202100040663;128 938;1;0;0;8;1;5
202100040664;128 937;2;6;1;1;1;1
202100040665;128 935;7;0;2;1;15;1
202100040665;128 936;7;0;2;1;1;1
202100040666;128 933;7;0;2;1;19;1
202100040666;128 934;21;0;2;5;1;1
202100040667;128 932;10;2;0;3;1;1
202100040668;128 930;2;5;0;2;0;1
202100040669;128 927;7;0;2;8;1;1
202100040669;128 928;1;0;2;1;1;6
202100040669;128 929;1;0;2;1;1;6
202100040670;128 926;7;2;0;8;1;1
202100040671;128 925;33;0;0;5;0;0
202100040672;128 924;33;8;0;1;1;1
202100040673;128 922;1;0;2;9;1;5
202100040673;128 923;1;0;2;1;1;5
202100040674;128 920;33;0;2;1;1;1
202100040674;128 921;7;0;2;3;19;1
202100040675;128 919;31;0;0;1;13;1
202100040676;128 917;7;0;2;7;17;1
202100040676;128 918;7;0;2;3;10;1
202100040677;128 915;33;0;2;0;17;1
202100040677;128 916;21;0;0;0;15;1
202100040678;128 913;2;0;2;8;1;1
202100040678;128 914;10;0;2;2;15;1
202100040679;128 912;2;8;0;1;1;1
202100040680;128 910;7;0;2;4;2;1
202100040680;128 911;7;0;2;1;2;1
202100040681;128 908;7;0;2;1;2;1
202100040681;128 909;7;0;2;2;19;1
202100040682;128 906;7;0;2;1;13;1
202100040682;128 907;7;0;2;8;1;1
202100040683;128 903;1;0;2;8;1;5
202100040683;128 904;7;0;2;3;1;0
202100040684;128 902;32;13;0;0;26;1
202100040685;128 900;10;0;2;8;13;1
202100040685;128 901;33;0;2;7;1;1
202100040686;128 899;10;2;0;1;1;1
202100040687;128 897;7;0;0;4;0;1
202100040687;128 898;33;0;2;1;1;1
202100040688;128 896;32;0;0;0;0;1
202100040689;128 895;7;13;0;0;1;1
202100040690;128 893;7;0;2;2;19;1
202100040690;128 894;33;0;2;1;1;1
202100040691;128 891;7;0;2;3;1;1
202100040691;128 892;7;0;2;3;1;0
202100040692;128 889;33;0;0;1;1;1
202100040692;128 890;7;0;0;4;1;1
202100040693;128 887;43;0;2;3;1;1
202100040693;128 888;99;0;2;3;0;1
202100040694;128 885;7;0;2;3;1;1
202100040694;128 886;7;0;2;3;13;1
202100040695;128 883;1;0;0;2;1;5
202100040695;128 884;7;0;2;2;15;1
202100040696;128 882;2;0;6;1;1;0
202100040697;128 880;7;0;2;3;1;1
202100040697;128 881;33;0;2;1;5;1
202100040698;128 877;21;0;0;0;1;1
202100040699;128 873;10;3;2;1;0;1
202100040699;128 874;7;0;2;7;13;1
202100040700;128 871;7;1;2;1;1;0
202100040700;128 872;1;0;2;5;19;0
202100040701;128 867;7;6;2;1;1;1
202100040701;128 868;7;4;2;1;2;1
202100040701;128 869;7;0;2;0;2;1
202100040701;128 870;7;0;2;6;2;1
202100040702;128 865;7;0;2;4;24;1
202100040702;128 866;15;1;0;1;1;1
202100040703;128 863;10;0;2;6;2;1
202100040703;128 864;7;0;2;1;13;1
202100040704;128 861;33;0;2;3;2;1
202100040704;128 862;7;0;2;6;1;1
202100040705;128 859;7;4;2;4;23;1
202100040705;128 860;7;0;2;1;12;1
202100040706;128 855;7;0;2;4;2;1
202100040706;128 856;10;0;2;4;2;1
202100040706;128 857;7;0;2;4;2;1
202100040706;128 858;37;0;2;1;1;1
202100040707;128 852;7;0;2;6;2;1
202100040707;128 853;7;0;2;5;2;1
202100040707;128 854;7;4;2;1;21;1
202100040708;128 850;34;0;2;1;2;1
202100040708;128 851;7;0;2;6;2;1
202100040709;128 848;7;0;2;1;26;1
202100040709;128 849;7;0;2;6;1;1
202100040710;128 845;7;0;2;1;1;1
202100040710;128 846;7;0;2;5;1;1
202100040710;128 847;33;0;2;1;3;1
202100040711;128 843;7;0;2;4;2;1
202100040711;128 844;7;0;2;1;2;1
202100040712;128 842;33;0;0;7;1;1
202100040713;128 839;7;0;2;5;1;1
202100040713;128 840;43;0;2;2;3;1
202100040713;128 841;7;0;2;3;11;1
202100040714;128 837;7;0;2;4;2;1
202100040714;128 838;7;4;2;1;14;1
202100040715;128 834;7;0;2;1;2;1
202100040715;128 835;7;0;2;1;26;1
202100040715;128 836;7;0;2;4;23;1
202100040716;128 833;33;13;0;9;14;1
202100040717;128 830;7;0;2;8;17;1
202100040717;128 831;33;0;2;7;3;1
202100040717;128 832;7;0;2;4;1;1
202100040718;128 828;33;0;2;1;13;1
202100040718;128 829;7;0;2;6;1;1
202100040719;128 826;10;0;2;3;1;1
202100040719;128 827;7;0;2;2;19;1
202100040720;128 824;33;0;2;1;1;1
202100040720;128 825;7;0;2;7;15;1
202100040721;128 823;34;9;0;1;1;1
202100040722;128 821;7;0;2;1;15;1
202100040722;128 822;1;0;2;1;7;5
202100040723;128 820;30;12;0;3;16;1
202100040724;128 819;7;6;0;1;13;1
202100040725;128 817;37;0;2;3;26;1
202100040725;128 818;7;0;2;2;0;0
202100040726;128 816;7;0;1;2;19;1
202100040727;128 815;7;0;1;4;26;1
202100040728;128 811;33;0;2;5;5;0
202100040728;128 812;7;0;2;1;1;0
202100040729;128 804;7;0;2;2;17;1
202100040729;128 805;7;0;0;6;2;1
202100040729;128 806;7;0;2;8;5;1
202100040730;128 803;33;14;0;1;0;1
202100040731;128 802;7;6;0;1;13;1
202100040732;128 801;7;0;0;0;1;1
202100040733;128 799;7;0;2;1;1;1
202100040733;128 800;7;0;2;8;1;1
202100040734;128 798;30;0;1;1;25;0
202100040735;128 797;7;0;1;1;1;1
202100040736;128 796;7;0;1;2;16;1
202100040737;128 794;7;0;2;3;0;1
202100040737;128 795;7;0;2;3;16;1
202100040738;128 792;30;0;2;8;5;1
202100040738;128 793;30;0;2;7;5;1
202100040739;128 790;7;0;2;3;15;1
202100040739;128 791;31;0;2;1;17;1
202100040740;128 789;7;0;1;2;1;1
202100040741;128 788;7;0;1;2;19;1
202100040742;128 786;7;0;0;0;0;1
202100040742;128 787;2;0;0;0;0;1
202100040743;128 784;7;0;2;8;15;2
202100040743;128 785;30;0;2;1;1;1
202100040744;128 782;7;0;2;1;1;1
202100040744;128 783;7;0;2;2;15;1
202100040745;128 780;7;0;2;4;23;1
202100040745;128 781;2;0;2;7;2;1
202100040746;128 776;7;0;2;2;15;1
202100040746;128 777;1;0;2;1;1;5
202100040747;128 774;7;0;2;1;0;0
202100040747;128 775;1;0;2;1;26;5
202100040748;128 772;7;0;2;1;2;1
202100040748;128 773;7;0;2;4;23;1
202100040749;128 771;7;1;0;4;4;1
202100040750;128 769;33;0;2;1;1;1
202100040750;128 770;7;0;2;8;15;1
202100040751;128 767;7;0;2;1;1;1
202100040751;128 768;10;0;2;5;9;0
202100040752;128 766;33;1;0;1;5;1
202100040753;128 764;31;0;2;4;2;1
202100040753;128 765;7;0;2;1;2;1
202100040754;128 762;37;0;2;1;1;1
202100040754;128 763;14;0;2;7;19;1
202100040755;128 761;7;1;0;1;1;1
202100040756;128 759;7;14;0;1;1;1
202100040756;128 760;7;11;0;1;1;1
202100040757;128 757;7;0;2;3;2;1
202100040757;128 758;33;0;2;1;2;1
202100040758;128 756;7;2;0;0;26;1
202100040759;128 755;7;0;1;2;26;1
202100040760;128 754;7;4;0;3;26;1
202100040761;128 751;43;0;2;3;3;1
202100040761;128 752;7;0;2;4;2;3
202100040761;128 753;7;0;2;1;2;1
202100040762;128 749;7;0;2;4;23;1
202100040762;128 750;10;0;2;1;2;1
202100040763;128 747;7;0;1;2;2;1
202100040763;128 748;7;0;2;1;2;1
202100040764;128 746;7;0;1;2;1;1
202100040765;128 744;30;0;2;4;13;1
202100040765;128 745;32;0;2;8;21;1
202100040766;128 743;33;0;0;0;1;1
202100040767;128 741;10;0;2;1;1;1
202100040767;128 742;30;0;2;9;1;1
202100040768;128 739;1;0;2;7;1;5
202100040768;128 740;10;0;2;8;15;1
202100040769;128 738;10;15;0;1;13;1
202100040770;128 736;32;0;2;6;9;1
202100040770;128 737;7;0;2;1;1;1
202100040771;128 733;7;0;2;3;22;1
202100040771;128 734;7;0;2;2;1;2
202100040771;128 735;32;0;2;1;18;1
202100040772;128 732;1;0;0;0;21;5
202100040773;128 730;7;0;2;6;15;1
202100040773;128 731;1;0;2;1;1;5
202100040774;128 728;7;0;2;3;13;1
202100040774;128 729;33;0;2;2;1;1
202100040775;128 727;1;0;1;2;1;5
202100040776;128 726;33;0;1;1;26;1
202100040777;128 725;7;0;1;6;20;1
202100040778;128 723;30;0;2;1;15;1
202100040778;128 724;1;0;2;2;1;5
202100040779;128 721;10;0;2;1;1;1
202100040779;128 722;33;0;2;8;1;1
202100040780;128 719;7;0;2;5;22;1
202100040780;128 720;1;1;0;1;1;5
202100040781;128 717;36;0;2;8;26;1
202100040781;128 718;7;0;2;1;1;1
202100040782;128 715;33;0;2;8;17;1
202100040782;128 716;7;0;2;7;17;1
202100040783;128 714;33;0;0;0;14;1
202100040784;128 713;7;13;0;2;1;1
202100040785;128 712;7;0;0;1;13;1
202100040786;128 710;1;0;2;1;26;5
202100040786;128 711;2;15;9;1;26;1
202100040787;128 708;7;0;2;6;11;1
202100040787;128 709;7;0;2;2;1;1
202100040788;128 706;7;0;2;1;2;1
202100040788;128 707;7;0;0;4;1;1
202100040789;128 705;7;2;0;1;15;1
202100040790;128 704;33;13;0;2;2;1
202100040791;128 700;7;0;0;6;1;1
202100040791;128 701;7;0;0;0;21;1
202100040791;128 702;7;0;2;1;1;1
202100040791;128 703;7;0;2;3;17;1
202100040792;128 698;7;9;0;5;9;1
202100040792;128 699;7;0;0;1;1;1
202100040793;128 696;7;0;2;1;1;1
202100040793;128 697;1;0;2;1;5;5
202100040794;128 695;7;8;0;1;1;1
202100040795;128 694;33;0;0;0;1;1
202100040796;128 693;33;13;0;1;17;1
202100040797;128 692;33;15;0;1;15;1
202100040798;128 691;33;0;0;0;1;1
202100040799;128 689;43;13;0;1;13;1
202100040800;128 687;7;0;2;1;16;0
202100040800;128 688;33;0;2;8;1;0
202100040801;128 686;33;0;0;1;2;1
202100040802;128 684;2;0;2;6;15;1
202100040802;128 685;2;0;2;1;1;1
202100040803;128 683;7;13;0;9;2;1
202100040804;128 682;7;15;0;9;13;1
202100040805;128 681;7;0;0;1;1;1
202100040806;128 680;33;14;0;1;1;1
202100040807;128 679;33;3;0;2;2;1
202100040808;128 677;2;0;2;1;5;1
202100040808;128 678;7;0;2;5;1;1
202100040809;128 676;7;6;0;5;0;1
202100040810;128 674;7;3;2;0;0;1
202100040810;128 675;7;3;2;0;0;1
202100040811;128 672;43;0;2;1;16;1
202100040811;128 673;7;0;0;4;1;1
202100040812;128 670;31;13;0;0;1;1
202100040813;128 669;1;0;0;8;0;5
202100040814;128 668;7;13;0;3;13;1
202100040815;128 667;7;16;0;1;1;1
202100040816;128 665;2;0;2;1;13;1
202100040816;128 666;7;0;2;1;5;1
202100040817;128 664;1;0;0;0;1;5
202100040818;128 663;7;0;1;1;1;1
202100040819;128 661;33;0;2;1;2;1
202100040819;128 662;7;0;0;6;2;1
202100040820;128 660;7;13;0;7;1;1
202100040821;128 659;31;13;0;8;1;1
202100040822;128 657;7;0;2;3;16;1
202100040822;128 658;1;0;2;1;1;5
202100040823;128 656;33;13;0;0;1;1
202100040824;128 655;1;0;0;0;21;6
202100040825;128 654;7;2;0;1;1;1
202100040826;128 653;34;0;9;9;1;1
202100040827;128 652;7;13;0;1;1;1
202100040828;128 650;7;0;1;1;16;1
202100040829;128 648;7;4;2;3;1;0
202100040829;128 649;7;0;2;2;1;1
202100040830;128 647;10;13;0;2;14;1
202100040831;128 646;2;8;0;1;14;1
202100040832;128 645;7;16;1;2;1;1
202100040833;128 643;7;0;2;2;1;1
202100040833;128 644;33;0;2;1;13;1
202100040834;128 642;31;6;0;1;1;1
202100040835;128 641;1;1;0;1;26;5
202100040836;128 639;33;2;0;1;14;1
202100040836;128 640;33;13;0;0;14;1
202100040837;128 638;7;5;0;2;1;1
202100040838;128 637;33;8;0;1;1;1
202100040839;128 636;7;3;0;1;0;1
202100040840;128 634;7;0;2;2;15;1
202100040840;128 635;34;0;2;1;18;1
202100040841;128 632;33;0;2;2;1;1
202100040841;128 633;7;0;2;3;16;1
202100040842;128 631;32;13;0;1;0;1
202100040843;128 629;33;0;2;1;1;1
202100040843;128 630;33;0;2;8;15;1
202100040844;128 628;33;0;0;9;1;1
202100040845;128 626;33;0;2;1;26;1
202100040845;128 627;7;0;0;3;9;1
202100040846;128 623;7;0;2;6;1;1
202100040846;128 624;10;0;2;6;1;1
202100040846;128 625;33;0;2;0;13;1
202100040847;128 621;2;0;9;2;14;1
202100040847;128 622;1;0;2;8;1;5
202100040848;128 619;7;0;2;8;10;1
202100040848;128 620;7;0;2;2;17;1
202100040849;128 617;1;0;0;4;0;5
202100040849;128 618;33;0;2;1;0;1
202100040850;128 615;7;0;2;1;15;1
202100040850;128 616;31;0;2;1;1;1
202100040851;128 614;7;6;0;3;21;1
202100040852;128 611;7;0;2;4;1;1
202100040852;128 612;7;0;2;4;1;1
202100040852;128 613;10;0;2;1;12;1
202100040853;128 608;7;0;2;1;2;1
202100040853;128 609;7;0;2;1;1;1
202100040853;128 610;7;0;2;4;1;1
202100040854;128 606;7;0;2;7;12;1
202100040854;128 607;34;0;2;8;1;1
202100040855;128 604;7;4;2;3;1;1
202100040855;128 605;14;0;2;7;12;1
202100040856;128 602;7;0;2;1;1;1
202100040856;128 603;7;0;2;4;11;1
202100040857;128 600;7;0;2;8;11;1
202100040857;128 601;32;0;2;7;17;1
202100040858;128 598;7;0;2;4;2;1
202100040858;128 599;7;0;2;1;2;1
202100040859;128 595;31;0;2;7;3;1
202100040859;128 596;7;0;2;8;1;1
202100040859;128 597;7;0;2;7;1;1
202100040860;128 593;33;0;2;1;3;1
202100040860;128 594;31;0;2;6;3;1
202100040861;128 590;33;0;2;2;3;1
202100040861;128 591;7;0;2;6;1;1
202100040861;128 592;7;0;2;5;1;1
202100040862;128 588;7;0;2;1;2;1
202100040862;128 589;7;0;2;4;2;0
202100040863;128 586;33;0;2;1;1;1
202100040863;128 587;7;0;2;7;15;1
202100040864;128 583;7;0;1;3;1;1
202100040865;128 581;1;0;2;1;1;5
202100040865;128 582;1;0;2;1;13;5
202100040866;128 579;2;0;2;2;1;1
202100040866;128 580;7;0;2;3;15;1
202100040867;128 577;7;0;2;2;2;1
202100040867;128 578;30;0;2;5;2;1
202100040868;128 575;2;0;2;0;1;0
202100040868;128 576;7;0;2;7;16;1
202100040869;128 573;7;0;2;8;1;1
202100040869;128 574;2;0;2;1;5;1
202100040870;128 571;30;0;2;0;0;0
202100040870;128 572;50;0;2;3;1;3
202100040871;128 568;7;1;0;2;14;0
202100040871;128 569;7;1;0;6;0;0
202100040871;128 570;7;1;2;4;0;1
202100040872;128 567;7;8;0;1;16;1
202100040873;128 565;7;0;2;1;15;1
202100040873;128 566;7;0;2;2;1;1
202100040874;128 563;99;0;2;4;13;3
202100040874;128 564;30;0;2;4;17;1
202100040875;128 561;43;0;2;0;0;1
202100040875;128 562;32;0;2;0;26;1
202100040876;128 559;7;0;0;3;1;0
202100040876;128 560;7;15;0;1;1;0
202100040877;128 557;7;4;0;1;19;1
202100040878;128 555;1;0;2;1;0;0
202100040878;128 556;7;0;9;3;26;1
202100040879;128 554;7;0;1;1;1;2
202100040880;128 552;7;0;2;1;2;1
202100040880;128 553;7;0;2;4;2;1
202100040881;128 551;7;1;0;1;1;1
202100040882;128 550;3;0;1;3;1;1
202100040883;128 548;31;0;2;1;17;1
202100040883;128 549;7;0;2;3;9;1
202100040884;128 546;7;0;2;1;2;1
202100040884;128 547;7;0;2;4;2;1
202100040885;128 544;7;0;2;1;2;1
202100040885;128 545;7;0;2;4;2;1
202100040886;128 543;7;0;1;2;1;1
202100040887;128 541;7;0;2;3;15;1
202100040887;128 542;7;0;2;0;0;0
202100040888;128 539;7;0;9;3;2;1
202100040888;128 540;1;0;2;8;19;5
202100040889;128 538;31;0;2;8;1;1
202100040890;128 537;7;0;1;2;1;1
202100040891;128 535;60;0;2;7;1;5
202100040891;128 536;7;0;2;2;1;1
202100040892;128 534;7;0;1;1;1;1
202100040893;128 533;10;0;1;4;20;6
202100040894;128 531;7;0;2;2;10;1
202100040894;128 532;1;0;2;1;1;5
202100040895;128 529;7;0;2;5;16;1
202100040895;128 530;1;0;2;1;1;5
202100040896;128 527;10;0;2;1;9;1
202100040896;128 528;1;0;2;7;1;5
202100040897;128 526;7;0;1;1;1;1
202100040898;128 524;7;0;2;8;1;1
202100040898;128 525;33;0;2;0;0;0
202100040899;128 523;7;0;1;3;1;1
202100040900;128 519;33;0;2;7;1;1
202100040900;128 520;7;0;2;1;15;1
202100040901;128 517;80;0;2;7;1;3
202100040901;128 518;7;0;2;1;9;1
202100040902;128 515;7;0;9;7;17;1
202100040902;128 516;1;0;2;8;2;5
202100040903;128 513;7;0;9;8;10;1
202100040903;128 514;33;0;2;1;1;1
202100040904;128 511;7;0;2;8;1;1
202100040904;128 512;10;0;2;1;1;1
202100040905;128 509;7;0;2;8;1;1
202100040905;128 510;7;0;2;1;1;1
202100040906;128 506;10;0;1;1;1;1
202100040907;128 504;7;0;2;8;9;1
202100040907;128 505;1;0;2;7;1;5
202100040908;128 503;7;1;0;1;14;1
202100040909;128 501;7;0;2;1;1;1
202100040909;128 502;1;0;2;1;19;5
202100040910;128 499;7;0;2;1;15;1
202100040910;128 500;30;0;2;1;26;1
202100040911;128 497;7;0;2;8;15;1
202100040911;128 498;2;0;2;1;1;1
202100040912;128 495;1;0;2;9;18;5
202100040912;128 496;14;0;2;7;16;1
202100040913;128 492;30;0;2;1;2;1
202100040913;128 493;7;0;2;4;2;1
202100040914;128 490;7;0;2;1;1;1
202100040914;128 491;7;8;2;5;1;1
202100040915;128 488;7;0;2;8;15;1
202100040915;128 489;7;0;2;1;1;1
202100040916;128 487;37;0;1;2;16;1
202100040917;128 485;14;0;2;2;1;1
202100040917;128 486;7;0;2;5;15;1
202100040918;128 483;7;0;2;1;2;1
202100040918;128 484;7;0;2;4;1;1
202100040919;128 481;2;0;2;7;1;3
202100040919;128 482;7;0;2;8;9;1
202100040920;128 477;7;0;2;1;19;1
202100040920;128 478;7;0;2;4;1;1
202100040920;128 479;7;0;2;4;1;1
202100040920;128 480;7;0;2;0;0;0
202100040921;128 475;10;0;2;1;2;1
202100040921;128 476;7;0;2;6;23;1
202100040922;128 473;50;0;2;1;1;3
202100040922;128 474;10;0;2;3;1;1
202100040923;128 472;7;1;0;3;5;1
202100040924;128 470;2;0;2;1;17;1
202100040924;128 471;7;0;2;3;10;1
202100040925;128 468;2;0;2;1;1;1
202100040925;128 469;7;0;2;1;15;1
202100040926;128 466;7;0;2;0;15;0
202100040926;128 467;30;0;2;0;1;1
202100040927;128 464;10;0;2;5;15;1
202100040927;128 465;1;0;2;2;1;5
202100040928;128 463;7;0;1;4;20;1
202100040929;128 461;31;0;2;1;1;1
202100040929;128 462;7;0;2;8;15;1
202100040930;128 460;7;0;1;3;1;1
202100040931;128 458;30;0;2;1;26;1
202100040931;128 459;7;0;2;3;9;1
202100040932;128 456;7;0;2;8;15;1
202100040932;128 457;7;0;2;2;17;1
202100040933;128 454;0;0;2;9;26;
202100040933;128 455;31;0;2;1;1;1
202100040934;128 452;2;0;2;0;1;1
202100040934;128 453;7;0;2;0;0;0
202100040935;128 450;30;0;2;4;12;1
202100040935;128 451;7;0;2;1;0;1
202100040936;128 448;2;0;2;2;3;1
202100040936;128 449;7;0;2;3;15;2
202100040937;128 447;0;0;1;1;26;1
202100040938;128 445;7;0;2;3;1;1
202100040938;128 446;7;0;2;2;14;1
202100040939;128 443;33;0;2;1;2;1
202100040939;128 444;30;0;2;1;17;1
202100040940;128 441;10;0;2;2;1;1
202100040940;128 442;10;0;2;6;1;1
202100040941;128 439;1;0;2;7;1;5
202100040941;128 440;7;0;2;1;1;1
202100040942;128 437;7;0;2;2;21;1
202100040942;128 438;7;0;2;6;1;1
202100040943;128 434;7;0;2;6;13;1
202100040943;128 435;33;0;2;8;1;1
202100040943;128 436;33;4;0;3;13;1
202100040944;128 432;1;0;2;8;2;6
202100040944;128 433;7;0;2;2;2;2
202100040945;128 430;30;0;2;0;0;0
202100040945;128 431;7;0;9;0;0;0
202100040946;128 428;7;0;2;2;22;1
202100040946;128 429;80;0;2;8;18;3
202100040947;128 426;7;0;2;1;1;1
202100040947;128 427;33;0;2;3;1;1
202100040948;128 424;10;0;2;6;10;1
202100040948;128 425;80;0;2;1;1;3
202100040949;128 422;14;0;2;8;10;1
202100040949;128 423;32;0;2;2;1;1
202100040950;128 420;7;0;2;6;23;3
202100040950;128 421;34;0;2;2;9;1
202100040951;128 418;7;0;2;2;9;3
202100040951;128 419;30;0;2;1;1;1
202100040952;128 417;10;0;1;2;16;3
202100040953;128 415;33;0;2;6;1;1
202100040953;128 416;7;0;2;0;12;0
202100040954;128 413;1;0;2;8;13;5
202100040954;128 414;7;0;2;7;1;2
202100040955;128 411;80;0;2;5;1;3
202100040955;128 412;7;0;2;1;1;1
202100040956;128 410;1;0;0;1;1;5
202100040957;128 409;32;0;0;0;1;3
202100040958;128 407;30;8;0;1;16;1
202100040958;128 408;7;8;0;7;1;1
202100040959;128 405;7;0;2;3;15;1
202100040959;128 406;1;0;2;1;1;5
202100040960;128 403;7;0;2;2;1;1
202100040960;128 404;7;0;2;0;0;1
202100040961;128 401;32;8;2;3;18;1
202100040961;128 402;7;0;2;2;16;1
202100040962;128 399;30;0;2;1;1;1
202100040962;128 400;7;0;2;2;16;1
202100040963;128 397;7;0;2;3;15;1
202100040963;128 398;31;0;2;3;1;1
202100040964;128 394;7;0;2;7;12;1
202100040964;128 395;10;0;2;5;1;0
202100040964;128 396;32;0;2;8;1;1
202100040965;128 392;7;0;2;2;1;2
202100040965;128 393;15;0;0;6;1;1
202100040966;128 390;7;0;2;2;16;1
202100040966;128 391;33;0;2;3;16;1
202100040967;128 388;99;0;0;4;0;3
202100040967;128 389;7;0;2;1;17;1
202100040968;128 387;7;9;0;8;9;1
202100040969;128 385;30;0;2;2;15;1
202100040969;128 386;7;0;2;2;16;2
202100040970;128 383;7;1;2;1;13;1
202100040970;128 384;7;0;2;8;13;1
202100040971;128 382;7;0;1;2;2;1
202100040972;128 380;7;0;2;5;15;1
202100040972;128 381;7;0;2;3;1;1
202100040973;128 379;7;1;0;0;0;1
202100040974;128 377;7;0;1;0;0;0
202100040975;128 376;10;0;1;4;26;1
202100040976;128 374;43;0;2;1;2;1
202100040976;128 375;7;0;2;5;15;1
202100040977;128 373;7;8;0;1;26;1