Num_Acc;id_vehicule;categorie_vehicule;obstacle_fixe;obstacle_mobile;point_choc_initial;manoeuvre_principale;motorisation
202100041358;127 682;7;0;2;2;19;1
202100041358;127 683;1;0;2;1;1;5
202100041359;127 680;7;0;2;1;1;1
202100041359;127 681;7;0;2;1;26;1
202100041360;127 676;7;0;2;3;13;1
202100041360;127 677;7;0;2;8;1;1
202100041360;127 678;7;0;2;8;1;1
202100041360;127 679;13;0;9;1;1;1
202100041361;127 674;7;0;2;4;2;1
202100041361;127 675;33;0;2;1;2;1
202100041362;127 673;7;0;1;3;15;1
202100041363;127 671;7;0;2;8;1;1
202100041363;127 672;33;0;2;8;1;1
202100041364;127 669;7;0;2;2;17;1
202100041364;127 670;7;0;2;3;15;1
202100041365;127 668;7;0;0;9;1;1
202100041366;127 667;7;8;0;1;13;1
202100041367;127 665;33;0;2;1;1;1
202100041367;127 666;7;0;2;2;15;1
202100041368;127 663;38;0;2;2;1;1
202100041368;127 664;7;0;2;1;19;1
202100041369;127 661;10;0;2;6;9;1
202100041369;127 662;7;0;2;5;17;1
202100041370;127 658;7;0;2;1;1;1
202100041370;127 659;33;0;2;1;1;1
202100041370;127 660;7;0;2;1;5;1
202100041371;127 656;15;0;2;1;1;1
202100041371;127 657;7;13;2;8;19;1
202100041372;127 654;7;0;2;1;11;1
202100041372;127 655;7;0;2;1;1;1
202100041373;127 652;7;0;2;1;1;1
202100041373;127 653;10;0;2;1;13;1
202100041374;127 650;20;16;2;9;1;1
202100041374;127 651;7;0;9;8;1;1
202100041375;127 649;7;0;1;1;0;1
202100041376;127 647;15;0;2;8;9;1
202100041376;127 648;34;4;2;2;1;1
202100041377;127 645;7;0;2;1;13;1
202100041377;127 646;7;0;2;1;1;1
202100041378;127 644;7;2;0;8;17;1
202100041379;127 643;7;0;1;4;4;1
202100041380;127 642;7;13;0;2;1;1
202100041381;127 640;7;0;2;1;15;1
202100041381;127 641;7;0;2;8;1;1
202100041382;127 638;13;0;2;4;1;1
202100041382;127 639;7;6;2;3;0;1
202100041383;127 636;7;0;2;3;15;1
202100041383;127 637;2;0;2;1;17;1
202100041384;127 635;33;4;0;3;13;1
202100041385;127 634;7;0;0;0;26;1
202100041386;127 631;15;0;2;4;23;1
202100041386;127 632;15;0;2;4;23;1
202100041386;127 633;15;0;2;1;2;1
202100041387;127 629;10;0;2;2;11;1
202100041387;127 630;33;0;2;8;1;1
202100041388;127 625;7;0;2;4;2;1
202100041388;127 626;7;0;2;1;2;1
202100041388;127 627;7;0;2;4;2;1
202100041388;127 628;7;0;2;1;2;1
202100041389;127 624;33;0;0;0;1;1
202100041390;127 622;7;0;2;5;2;1
202100041390;127 623;7;0;2;3;2;1
202100041391;127 620;34;0;2;3;1;1
202100041391;127 621;7;0;2;5;12;1
202100041392;127 618;14;0;2;4;1;1
202100041392;127 619;7;0;2;1;1;1
202100041393;127 616;33;0;2;4;3;1
202100041393;127 617;7;0;2;2;14;1
202100041394;127 613;33;0;2;1;3;1
202100041394;127 614;7;0;2;4;1;1
202100041394;127 615;7;0;2;4;1;1
202100041395;127 611;7;0;2;1;26;1
202100041395;127 612;7;0;2;5;1;1
202100041396;127 610;7;4;0;8;1;1
202100041397;127 607;7;0;2;4;2;1
202100041397;127 608;7;0;2;4;2;1
202100041397;127 609;7;0;2;1;0;1
202100041398;127 605;7;0;0;0;0;1
202100041398;127 606;7;4;9;1;18;1
202100041399;127 601;14;0;2;1;1;6
202100041399;127 602;7;0;2;4;23;6
202100041399;127 603;7;0;2;4;23;1
202100041399;127 604;7;0;0;4;23;0
202100041400;127 599;14;0;2;2;16;1
202100041400;127 600;2;0;2;8;18;1
202100041401;127 597;33;0;2;4;17;1
202100041401;127 598;7;0;2;3;15;0
202100041402;127 595;30;0;2;3;9;1
202100041402;127 596;7;0;2;7;13;1
202100041403;127 594;37;0;1;5;1;1
202100041404;127 593;7;0;1;4;4;1
202100041405;127 592;7;0;1;0;1;0
202100041406;127 590;30;0;2;1;1;1
202100041406;127 591;7;0;2;5;15;3
202100041407;127 588;7;0;2;5;16;1
202100041407;127 589;2;0;2;8;1;1
202100041408;127 586;30;0;2;1;1;3
202100041408;127 587;7;0;2;8;15;1
202100041409;127 584;33;0;2;1;1;1
202100041409;127 585;7;0;2;5;12;1
202100041410;127 582;1;0;2;0;18;5
202100041410;127 583;7;0;2;2;14;1
202100041411;127 580;32;1;2;1;1;1
202100041411;127 581;10;0;2;8;22;1
202100041412;127 578;33;0;2;1;1;1
202100041412;127 579;10;0;2;5;14;1
202100041413;127 577;80;14;0;2;12;3
202100041414;127 576;33;0;0;0;1;1
202100041415;127 574;7;0;2;1;2;1
202100041415;127 575;7;0;2;4;2;1
202100041416;127 572;7;0;2;8;15;1
202100041416;127 573;33;0;2;1;17;1
202100041417;127 571;7;9;0;1;26;1
202100041418;127 569;7;0;2;3;1;1
202100041418;127 570;2;0;2;0;16;1
202100041419;127 567;7;0;2;2;1;1
202100041419;127 568;7;0;2;0;1;1
202100041420;127 565;10;0;2;6;4;1
202100041420;127 566;30;0;2;1;1;1
202100041421;127 564;31;0;1;5;26;0
202100041422;127 563;7;0;1;2;1;2
202100041423;127 561;33;0;2;2;21;1
202100041423;127 562;1;0;2;3;9;5
202100041424;127 560;7;0;1;4;20;1
202100041425;127 558;31;0;2;1;3;3
202100041425;127 559;7;0;2;3;0;1
202100041426;127 556;43;0;2;7;1;1
202100041426;127 557;7;0;2;1;9;1
202100041427;127 554;13;0;2;3;15;0
202100041427;127 555;2;0;2;2;17;1
202100041428;127 552;33;0;2;2;17;1
202100041428;127 553;7;0;2;3;15;1
202100041429;127 550;7;0;2;8;10;1
202100041429;127 551;34;0;2;2;3;1
202100041430;127 548;7;0;2;7;1;1
202100041430;127 549;2;0;2;1;1;1
202100041431;127 546;10;0;2;3;15;1
202100041431;127 547;33;0;2;6;15;1
202100041432;127 543;33;0;2;5;3;1
202100041432;127 544;10;0;2;5;1;1
202100041432;127 545;14;0;2;6;1;1
202100041433;127 541;32;0;0;4;1;1
202100041433;127 542;7;0;2;1;2;1
202100041434;127 539;7;0;2;2;19;1
202100041434;127 540;7;0;2;3;1;1
202100041435;127 537;7;0;2;3;1;1
202100041435;127 538;33;0;2;1;0;1
202100041436;127 536;17;1;1;2;2;1
202100041437;127 533;10;0;2;1;2;1
202100041437;127 534;10;0;0;4;2;1
202100041437;127 535;10;0;2;9;2;1
202100041438;127 532;7;13;0;9;1;2
202100041439;127 530;2;0;2;1;1;1
202100041439;127 531;7;0;2;2;15;1
202100041440;127 528;7;0;9;3;1;1
202100041440;127 529;2;0;2;1;13;1
202100041441;127 527;33;13;0;0;1;1
202100041442;127 525;33;0;2;8;9;1
202100041442;127 526;7;0;2;1;1;1
202100041443;127 523;7;0;2;1;5;1
202100041443;127 524;7;0;2;1;1;1
202100041444;127 522;33;15;0;1;1;1
202100041445;127 521;33;14;0;9;1;1
202100041446;127 519;7;0;2;1;13;1
202100041446;127 520;7;0;2;1;1;1
202100041447;127 517;15;0;2;3;1;1
202100041447;127 518;7;0;2;3;13;1
202100041448;127 516;33;8;0;3;14;1
202100041449;127 515;7;13;0;3;1;1
202100041450;127 514;7;10;0;1;1;1
202100041451;127 513;7;13;0;9;16;1
202100041452;127 512;10;11;0;1;1;1
202100041453;127 511;15;16;0;0;1;1
202100041454;127 509;33;0;2;3;1;1
202100041454;127 510;7;0;2;3;13;1
202100041455;127 507;10;0;2;2;17;1
202100041455;127 508;7;0;0;6;1;1
202100041456;127 505;1;0;2;4;15;5
202100041456;127 506;7;0;2;2;1;1
202100041457;127 503;7;0;2;1;15;1
202100041457;127 504;7;0;2;9;1;1
202100041458;127 501;7;0;2;3;11;1
202100041458;127 502;7;6;2;3;13;1
202100041459;127 499;1;0;2;7;19;5
202100041459;127 500;7;0;2;1;1;1
202100041460;127 498;31;7;0;1;17;1
202100041461;127 496;14;0;2;2;12;1
202100041461;127 497;7;4;2;6;2;1
202100041462;127 495;7;13;0;1;1;1
202100041463;127 492;7;0;2;2;17;1
202100041463;127 493;20;0;2;8;1;1
202100041463;127 494;17;0;2;6;17;1
202100041464;127 491;10;0;0;0;1;1
202100041465;127 489;2;0;2;1;2;1
202100041465;127 490;2;0;0;4;23;1
202100041466;127 487;33;0;0;1;2;1
202100041466;127 488;10;0;0;8;2;1
202100041467;127 485;33;0;2;1;1;1
202100041467;127 486;7;0;2;7;15;1
202100041468;127 484;7;0;1;8;1;1
202100041469;127 483;7;13;0;7;1;1
202100041470;127 480;7;0;2;4;1;1
202100041470;127 481;7;0;2;4;1;1
202100041470;127 482;7;0;2;1;1;1
202100041471;127 476;33;0;2;5;1;1
202100041471;127 477;33;0;2;1;2;1
202100041471;127 478;10;0;2;0;1;1
202100041471;127 479;7;0;2;1;1;1
202100041472;127 474;33;0;2;1;2;1
202100041472;127 475;7;0;2;4;1;1
202100041473;127 473;7;4;0;0;0;1
202100041474;127 472;7;0;2;8;2;1
202100041475;127 471;7;4;0;1;2;1
202100041476;127 470;33;4;0;8;1;1
202100041477;127 468;7;0;2;1;2;1
202100041477;127 469;7;0;2;4;2;1
202100041478;127 466;33;0;2;3;3;1
202100041478;127 467;7;0;2;7;0;1
202100041479;127 464;13;0;2;1;2;1
202100041479;127 465;13;0;2;4;2;1
202100041480;127 459;7;0;2;6;2;1
202100041480;127 460;7;0;2;4;2;1
202100041480;127 461;7;0;2;4;2;1
202100041480;127 462;7;0;2;4;2;1
202100041480;127 463;10;0;2;1;1;1
202100041481;127 458;7;3;0;1;1;1
202100041482;127 455;10;0;2;4;0;1
202100041482;127 456;10;0;2;0;0;1
202100041482;127 457;7;0;2;1;2;1
202100041483;127 454;30;0;1;1;1;1
202100041484;127 453;7;0;1;2;26;1
202100041485;127 452;7;0;0;2;14;1
202100041486;127 451;7;0;1;3;15;1
202100041487;127 449;34;0;2;1;3;1
202100041487;127 450;7;0;2;3;15;1
202100041488;127 447;7;0;1;1;15;0
202100041489;127 446;7;0;1;2;1;1
202100041490;127 444;33;16;2;2;1;1
202100041490;127 445;7;16;2;7;15;1
202100041491;127 442;30;0;2;1;1;1
202100041491;127 443;7;0;2;7;17;1
202100041492;127 440;99;1;2;1;15;1
202100041492;127 441;33;9;2;1;17;1
202100041493;127 439;30;0;0;0;0;1
202100041494;127 436;7;0;2;4;1;1
202100041494;127 437;7;0;2;4;1;1
202100041494;127 438;7;0;2;1;1;1
202100041495;127 434;7;0;2;6;0;1
202100041495;127 435;30;0;2;1;9;1
202100041496;127 433;7;1;1;1;1;1
202100041497;127 432;1;12;0;1;16;5
202100041498;127 430;7;0;9;1;16;1
202100041498;127 431;1;0;2;1;2;6
202100041499;127 429;30;0;2;4;26;1
202100041500;127 427;37;0;1;2;21;1
202100041501;127 426;7;0;1;3;7;1
202100041502;127 425;33;4;0;8;13;1
202100041503;127 424;7;0;9;1;6;1
202100041504;127 422;37;0;2;4;1;1
202100041504;127 423;37;0;2;1;1;1
202100041505;127 420;7;0;2;0;2;1
202100041505;127 421;2;0;2;6;17;1
202100041506;127 419;7;12;0;9;13;1
202100041507;127 418;80;0;1;1;1;3
202100041508;127 416;7;0;2;4;2;1
202100041508;127 417;7;0;2;1;2;1
202100041509;127 414;14;0;2;2;12;1
202100041509;127 415;7;0;2;6;1;1
202100041510;127 412;33;0;2;1;1;1
202100041510;127 413;33;0;2;2;15;1
202100041511;127 411;7;12;0;3;26;1
202100041512;127 409;7;0;9;8;0;1
202100041512;127 410;31;0;2;3;0;1
202100041513;127 408;15;0;0;7;1;1
202100041514;127 406;7;11;0;6;15;1
202100041514;127 407;7;0;2;3;9;1
202100041515;127 404;7;0;2;8;1;1
202100041515;127 405;32;0;2;7;17;1
202100041516;127 402;10;0;2;3;13;1
202100041516;127 403;1;0;2;1;1;5
202100041517;127 401;7;14;0;1;1;1
202100041518;127 399;7;0;2;2;15;1
202100041518;127 400;50;0;2;1;1;3
202100041519;127 397;7;0;2;2;1;1
202100041519;127 398;7;0;2;4;1;1
202100041520;127 395;7;0;2;1;2;1
202100041520;127 396;7;0;2;4;2;1
202100041521;127 393;7;0;2;2;1;1
202100041521;127 394;7;0;2;1;1;1
202100041522;127 392;31;5;0;2;13;1
202100041523;127 390;30;1;0;2;21;1
202100041523;127 391;7;0;2;6;1;2
202100041524;127 388;7;0;2;1;1;1
202100041524;127 389;33;0;2;7;16;1
202100041525;127 386;7;0;2;1;15;1
202100041525;127 387;2;0;2;1;1;3
202100041526;127 384;10;0;2;6;1;1
202100041526;127 385;33;0;2;1;15;1
202100041527;127 382;7;0;2;1;1;1
202100041527;127 383;30;0;2;2;1;1
202100041528;127 380;7;0;2;1;16;1
202100041528;127 381;7;0;2;2;1;1
202100041529;127 377;7;0;2;4;1;1
202100041529;127 378;7;0;2;4;1;1
202100041529;127 379;7;0;2;1;2;1
202100041530;127 376;33;1;0;0;26;1
202100041531;127 375;7;0;1;3;1;1
202100041532;127 373;7;0;2;7;1;1
202100041532;127 374;7;0;2;1;15;1
202100041533;127 369;7;0;2;4;1;1
202100041533;127 370;7;0;2;4;1;1
202100041533;127 371;10;0;2;1;1;1
202100041533;127 372;7;0;2;4;1;1
202100041534;127 367;7;0;2;1;1;1
202100041534;127 368;7;0;2;1;15;1
202100041535;127 365;43;0;2;1;1;1
202100041535;127 366;7;0;2;1;11;1
202100041536;127 361;7;0;2;8;13;1
202100041536;127 362;7;0;2;6;0;1
202100041536;127 363;7;0;2;1;1;0
202100041536;127 364;7;0;2;1;2;1
202100041537;127 359;37;0;2;3;15;1
202100041537;127 360;30;0;2;1;1;1
202100041538;127 358;7;0;1;3;1;1
202100041539;127 356;1;0;0;4;2;5
202100041539;127 357;7;0;9;2;2;1
202100041540;127 354;7;0;2;4;1;1
202100041540;127 355;7;0;2;1;1;1
202100041541;127 352;32;1;0;4;2;1
202100041541;127 353;15;0;2;4;23;1
202100041542;127 350;7;0;2;8;1;1
202100041542;127 351;7;0;2;1;26;1
202100041543;127 348;7;1;2;1;1;1
202100041543;127 349;7;6;2;7;1;1
202100041544;127 346;50;0;2;7;15;3
202100041544;127 347;7;0;2;3;1;1
202100041545;127 344;36;0;2;2;1;1
202100041545;127 345;7;0;2;2;15;1
202100041546;127 342;33;0;2;1;1;1
202100041546;127 343;7;0;2;2;1;1
202100041547;127 340;10;0;2;4;1;1
202100041547;127 341;10;0;2;1;1;1
202100041548;127 339;7;1;0;1;1;1
202100041549;127 337;32;0;2;1;2;1
202100041549;127 338;10;0;2;5;2;1
202100041550;127 335;10;0;2;6;1;3
202100041550;127 336;7;0;2;1;5;1
202100041551;127 333;10;0;2;5;16;1
202100041551;127 334;30;0;2;3;18;1
202100041552;127 331;43;0;1;1;16;1
202100041552;127 332;33;0;0;2;16;1
202100041553;127 330;30;0;1;1;1;1
202100041554;127 329;10;0;1;1;15;1
202100041555;127 327;10;0;2;1;10;1
202100041555;127 328;32;0;2;2;1;1
202100041556;127 324;3;0;2;9;14;3
202100041556;127 325;7;0;2;6;23;1
202100041556;127 326;7;0;2;2;1;1
202100041557;127 322;7;0;2;2;15;1
202100041557;127 323;31;0;2;1;1;1
202100041558;127 320;7;0;2;3;15;1
202100041558;127 321;32;0;2;2;2;1
202100041559;127 318;1;0;2;1;1;5
202100041559;127 319;1;0;2;1;17;5
202100041560;127 317;10;0;1;4;4;1
202100041561;127 316;1;14;0;7;13;5
202100041562;127 314;7;0;2;2;26;1
202100041562;127 315;7;0;2;3;1;1
202100041563;127 310;7;0;2;1;1;1
202100041563;127 311;7;0;2;4;1;0
202100041563;127 312;7;0;2;4;1;1
202100041563;127 313;7;0;2;4;1;0
202100041564;127 308;1;8;2;3;1;5
202100041564;127 309;7;0;2;4;20;1
202100041565;127 305;10;0;2;1;2;1
202100041565;127 306;10;0;2;4;2;1
202100041565;127 307;7;0;2;4;2;1
202100041566;127 303;34;0;0;5;0;1
202100041566;127 304;7;0;0;3;15;1
202100041567;127 301;7;0;2;8;22;1
202100041567;127 302;2;1;0;2;1;1
202100041568;127 298;10;0;2;0;0;1
202100041568;127 299;60;12;0;5;1;5
202100041568;127 300;33;0;2;2;0;1
202100041569;127 296;7;0;0;4;2;1
202100041569;127 297;2;0;2;1;2;1
202100041570;127 294;10;1;0;3;24;1
202100041570;127 295;2;1;0;2;3;1
202100041571;127 292;50;0;0;0;0;3
202100041571;127 293;7;0;2;2;1;1
202100041572;127 290;7;0;2;1;9;0
202100041572;127 291;7;0;2;2;5;1
202100041573;127 289;7;0;1;1;2;3
202100041574;127 288;7;0;1;1;17;1
202100041575;127 286;10;0;2;2;15;1
202100041575;127 287;30;0;2;1;3;1
202100041576;127 284;7;0;2;1;1;1
202100041576;127 285;7;0;2;1;26;1
202100041577;127 282;1;0;2;1;1;5
202100041577;127 283;7;0;2;1;1;0
202100041578;127 279;7;0;2;1;1;6
202100041578;127 280;99;0;2;4;23;6
202100041578;127 281;10;0;2;4;23;1
202100041579;127 278;34;0;0;3;21;1
202100041580;127 277;7;9;0;2;14;1
202100041581;127 276;14;6;0;1;1;1
202100041582;127 274;2;0;2;1;1;1
202100041582;127 275;7;0;2;3;1;1
202100041583;127 272;7;0;2;3;1;1
202100041583;127 273;2;0;2;1;17;1
202100041584;127 271;2;0;0;0;0;1
202100041585;127 270;1;0;0;0;1;5
202100041586;127 268;33;0;2;1;1;1
202100041586;127 269;7;0;2;8;15;1
202100041587;127 267;2;0;5;1;1;1
202100041588;127 265;7;0;2;8;9;1
202100041588;127 266;33;0;2;1;1;1
202100041589;127 263;10;0;9;1;1;0
202100041589;127 264;1;0;2;1;1;5
202100041590;127 262;1;8;0;1;1;5
202100041591;127 260;7;0;2;1;11;1
202100041591;127 261;1;0;2;1;1;5
202100041592;127 259;3;13;0;3;1;1
202100041593;127 256;7;0;2;3;13;1
202100041593;127 257;10;14;2;8;1;1
202100041593;127 258;7;0;2;3;23;1
202100041594;127 254;7;0;0;4;23;1
202100041594;127 255;21;0;2;1;2;1
202100041595;127 252;10;0;2;3;15;1
202100041595;127 253;34;0;2;1;17;1
202100041596;127 250;2;0;2;1;1;1
202100041596;127 251;10;0;0;2;1;1
202100041597;127 249;7;13;0;0;1;1
202100041598;127 248;33;0;0;0;0;0
202100041599;127 246;7;0;2;1;1;1
202100041599;127 247;7;7;2;1;6;1
202100041600;127 243;7;0;2;4;1;1
202100041600;127 244;7;0;2;4;1;1
202100041600;127 245;10;0;2;1;1;1
202100041601;127 242;7;2;0;2;1;1
202100041602;127 241;7;0;1;7;5;1
202100041603;127 240;33;0;0;7;1;1
202100041604;127 238;10;0;2;1;1;1
202100041604;127 239;7;0;0;4;1;1
202100041605;127 237;7;0;1;2;15;1
202100041606;127 232;7;0;0;0;11;1
202100041606;127 233;33;0;0;6;1;1
202100041606;127 234;33;0;2;1;1;1
202100041607;127 231;7;15;0;1;1;1
202100041608;127 230;7;2;0;1;14;1
202100041609;127 229;7;0;1;1;21;1
202100041610;127 227;7;0;2;6;0;3
202100041610;127 228;1;0;2;1;0;0
202100041611;127 225;32;0;2;8;1;1
202100041611;127 226;7;0;2;1;15;1
202100041612;127 223;7;0;2;3;11;1
202100041612;127 224;34;0;2;1;1;1
202100041613;127 221;7;0;2;1;13;1
202100041613;127 222;33;0;2;1;1;1
202100041614;127 219;7;1;2;1;13;1
202100041614;127 220;7;1;2;3;1;1
202100041615;127 217;7;0;2;3;9;1
202100041615;127 218;1;0;2;1;1;5
202100041616;127 216;7;13;0;2;1;2
202100041617;127 215;7;9;0;1;16;1
202100041618;127 213;33;0;2;1;1;1
202100041618;127 214;7;0;2;3;9;1
202100041619;127 211;2;0;2;1;0;1
202100041619;127 212;7;0;0;5;23;1
202100041620;127 210;7;0;1;2;16;1
202100041621;127 208;7;0;2;1;1;1
202100041621;127 209;7;0;2;1;5;1
202100041622;127 206;7;0;2;3;9;1
202100041622;127 207;7;0;2;2;1;1
202100041623;127 205;7;15;0;4;1;1
202100041624;127 201;7;0;2;0;0;1
202100041624;127 202;7;0;2;2;14;1
202100041624;127 203;7;0;2;9;0;1
202100041624;127 204;7;0;2;0;0;1
202100041625;127 200;7;3;0;9;2;1
202100041626;127 198;10;0;2;6;2;1
202100041626;127 199;14;0;2;2;0;1
202100041627;127 196;7;0;2;1;1;1
202100041627;127 197;7;0;2;4;1;1
202100041628;127 194;7;0;2;1;2;1
202100041628;127 195;7;0;2;4;2;1
202100041629;127 193;7;3;0;8;20;1
202100041630;127 191;7;0;2;1;2;1
202100041630;127 192;7;0;2;4;2;1
202100041631;127 188;7;0;2;1;2;2
202100041631;127 189;7;0;2;9;1;1
202100041631;127 190;7;0;2;4;1;1
202100041632;127 186;7;0;2;3;2;1
202100041632;127 187;7;0;2;5;2;1
202100041633;127 185;14;3;0;2;26;1
202100041634;127 182;7;0;2;8;1;1
202100041634;127 183;7;0;2;4;23;1
202100041634;127 184;7;0;2;4;23;1
202100041635;127 181;7;0;1;0;19;0
202100041636;127 178;7;0;2;2;1;1
202100041636;127 179;7;0;2;8;1;1
202100041637;127 177;7;0;1;1;18;1
202100041638;127 176;7;0;1;2;1;1
202100041639;127 175;7;1;0;3;9;6
202100041640;127 172;7;0;2;0;0;0
202100041640;127 173;7;0;2;0;0;0
202100041641;127 171;7;0;1;1;0;1
202100041642;127 168;7;0;2;3;1;2
202100041642;127 169;7;0;2;3;9;1
202100041642;127 170;33;0;2;1;1;1
202100041643;127 167;7;0;1;3;15;1
202100041644;127 166;7;0;1;1;1;1
202100041645;127 165;7;0;1;1;1;1
202100041646;127 164;30;0;1;1;1;1
202100041647;127 163;7;0;1;3;16;1
202100041648;127 161;30;0;2;8;2;1
202100041648;127 162;7;0;2;2;16;1
202100041649;127 160;10;0;1;3;0;1
202100041650;127 155;7;0;1;1;1;1
202100041651;127 153;7;0;2;7;16;1
202100041651;127 154;30;0;2;8;16;1
202100041652;127 151;7;0;2;3;15;1
202100041652;127 152;33;0;2;1;1;1
202100041653;127 149;7;0;2;3;1;2
202100041653;127 150;7;1;2;2;1;1
202100041654;127 147;7;8;2;1;1;1
202100041654;127 148;7;8;1;8;1;1
202100041655;127 145;31;0;2;3;1;1
202100041655;127 146;7;0;2;0;1;0
202100041656;127 142;7;0;2;7;12;1
202100041656;127 143;7;0;2;8;2;1
202100041656;127 144;7;4;2;4;2;1
202100041657;127 141;30;0;1;1;7;0
202100041658;127 139;34;0;2;1;1;1
202100041658;127 140;7;0;2;1;13;1
202100041659;127 138;30;0;0;3;15;1
202100041660;127 136;7;0;2;3;15;1
202100041660;127 137;7;0;2;2;1;1
202100041661;127 133;7;0;2;3;1;1
202100041661;127 134;7;0;2;4;2;1
202100041661;127 135;7;0;2;3;13;1
202100041662;127 131;7;0;0;8;19;1
202100041662;127 132;7;0;0;0;0;1
202100041663;127 129;33;8;2;2;17;1
202100041663;127 130;7;0;2;3;15;2
202100041664;127 128;7;4;0;2;21;1
202100041665;127 127;33;0;0;3;1;1
202100041666;127 125;7;0;2;1;2;1
202100041666;127 126;7;0;1;4;23;1
202100041667;127 123;7;0;2;1;15;1
202100041667;127 124;7;0;2;3;1;1
202100041668;127 121;7;0;2;1;9;1
202100041668;127 122;7;0;2;8;1;1
202100041669;127 120;30;0;1;1;1;1
202100041670;127 119;7;13;0;9;14;1
202100041671;127 118;7;0;1;2;1;1
202100041672;127 116;7;13;0;1;0;1
202100041673;127 114;7;1;0;2;14;1
202100041673;127 115;7;1;0;2;26;1
202100041674;127 113;7;2;0;1;1;1
202100041675;127 112;0;0;1;0;1;6
202100041676;127 110;33;0;2;4;23;1
202100041676;127 111;33;0;2;1;1;1
202100041677;127 109;7;0;0;1;1;1
202100041678;127 108;7;1;0;1;1;1
202100041679;127 107;7;13;0;1;14;1
202100041680;127 105;50;0;2;1;1;3
202100041680;127 106;80;0;2;8;1;3
202100041681;127 103;33;0;2;1;1;1
202100041681;127 104;7;0;2;2;15;1
202100041682;127 101;2;0;2;1;1;1
202100041682;127 102;7;0;2;8;22;1
202100041683;127 099;1;0;2;7;1;5
202100041683;127 100;7;0;2;8;9;1
202100041684;127 098;32;8;0;2;14;1
202100041685;127 096;37;0;2;2;16;1
202100041685;127 097;7;0;2;5;15;1
202100041686;127 094;7;0;2;7;15;1
202100041686;127 095;30;0;2;2;1;1
202100041687;127 092;7;0;2;3;1;2
202100041687;127 093;50;0;2;1;1;3
202100041688;127 090;32;0;2;4;2;1
202100041688;127 091;30;0;2;1;2;1
202100041689;127 088;7;0;2;6;15;1
202100041689;127 089;33;0;2;1;17;1
202100041690;127 087;30;0;1;1;1;1
202100041691;127 085;7;0;2;5;16;1
202100041691;127 086;34;0;2;3;18;1
202100041692;127 084;30;0;1;7;1;1
202100041693;127 083;50;0;1;1;25;3
202100041694;127 081;7;0;2;3;10;1
202100041694;127 082;7;0;2;2;17;1
202100041695;127 080;1;1;0;1;1;5
202100041696;127 078;30;0;2;1;1;1
202100041696;127 079;7;0;0;0;0;1
202100041697;127 077;7;6;0;1;1;1
202100041698;127 076;7;14;1;2;9;6
202100041699;127 074;7;0;2;1;9;1
202100041699;127 075;33;0;2;7;1;1
202100041700;127 073;10;0;1;3;16;1
202100041701;127 071;7;0;2;2;1;1
202100041701;127 072;7;0;2;3;19;1
202100041702;127 069;7;0;2;3;15;1
202100041702;127 070;33;0;2;2;3;1
202100041703;127 067;7;0;2;8;19;1
202100041703;127 068;7;0;2;1;19;1
202100041704;127 065;10;0;2;2;26;1
202100041704;127 066;15;0;2;6;1;1
202100041705;127 063;7;0;2;1;1;1
202100041705;127 064;36;0;2;2;15;1
202100041706;127 061;15;0;2;1;2;1
202100041706;127 062;15;0;0;4;2;1
202100041707;127 059;33;0;2;1;1;1
202100041707;127 060;21;0;2;3;9;1
202100041708;127 057;7;0;2;3;1;1
202100041708;127 058;7;0;2;3;1;1
202100041709;127 055;15;0;2;1;1;1
202100041709;127 056;7;0;2;3;16;1
202100041710;127 054;7;2;0;2;21;1
202100041711;127 052;7;0;2;3;23;1
202100041711;127 053;1;0;2;1;16;5
202100041712;127 051;33;13;0;1;14;1
202100041713;127 050;7;13;0;0;1;1
202100041714;127 046;1;0;0;8;19;5
202100041714;127 047;33;0;2;1;1;1
202100041715;127 045;7;6;0;1;1;1
202100041716;127 043;37;0;2;2;9;1
202100041716;127 044;1;0;2;3;25;5
202100041717;127 040;2;0;2;1;1;1
202100041717;127 041;7;0;2;8;20;1
202100041718;127 037;7;0;2;1;1;1
202100041718;127 038;7;0;2;2;1;1
202100041719;127 036;33;8;0;1;1;1
202100041720;127 034;2;0;2;8;19;1
202100041720;127 035;7;0;2;1;1;1
202100041721;127 033;7;4;0;1;11;1
202100041722;127 032;7;13;0;1;1;1
202100041723;127 031;7;6;0;2;1;1
202100041724;127 029;15;0;2;6;1;1
202100041724;127 030;10;0;9;2;2;1
202100041725;127 028;33;0;0;1;1;1
202100041726;127 026;15;0;2;6;26;1
202100041726;127 027;7;0;2;1;26;1
202100041727;127 024;7;0;2;2;2;1
202100041727;127 025;7;4;0;4;1;1
202100041728;127 023;7;4;0;7;1;1
202100041729;127 022;10;2;0;7;14;1
202100041730;127 020;7;0;2;3;15;1
202100041730;127 021;33;0;2;7;17;1
202100041731;127 018;7;0;2;7;19;1
202100041731;127 019;7;0;2;1;1;1
202100041732;127 016;7;0;2;2;9;1
202100041732;127 017;1;0;2;8;1;5
202100041733;127 014;15;0;2;3;0;0
202100041733;127 015;33;0;2;3;0;1
202100041734;127 012;2;0;2;8;15;1
202100041734;127 013;7;0;2;1;1;1
202100041735;127 011;7;13;0;2;0;1
202100041736;127 010;7;2;0;3;1;1
202100041737;127 009;31;1;0;1;26;1
202100041738;127 007;1;0;2;8;1;5
202100041738;127 008;7;0;2;7;1;0
202100041739;127 003;7;0;0;1;1;1
202100041740;127 001;7;0;2;2;2;1
202100041740;127 002;10;0;2;6;1;1
202100041741;126 999;7;0;2;4;2;1
202100041741;127 000;7;0;2;1;2;1
202100041742;126 997;7;0;2;1;2;1
202100041742;126 998;7;0;2;4;2;1
202100041743;126 995;7;0;2;1;0;1
202100041743;126 996;7;4;2;1;1;1
202100041744;126 994;7;0;0;0;2;1