Num_Acc;id_vehicule;categorie_vehicule;obstacle_fixe;obstacle_mobile;point_choc_initial;manoeuvre_principale;motorisation
202100041745;126 993;7;3;0;0;0;1
202100041746;126 989;7;0;2;3;1;1
202100041746;126 990;15;0;2;2;12;1
202100041746;126 991;7;0;2;7;1;1
202100041746;126 992;7;0;2;7;1;1
202100041747;126 987;2;0;2;8;14;1
202100041747;126 988;7;0;2;7;1;1
202100041748;126 986;33;3;0;3;1;1
202100041749;126 985;7;13;0;1;14;1
202100041750;126 983;7;3;2;1;14;1
202100041750;126 984;7;0;2;5;1;1
202100041751;126 981;7;0;2;3;5;1
202100041751;126 982;7;0;2;1;1;1
202100041752;126 976;7;0;2;1;2;1
202100041752;126 977;7;0;2;5;2;1
202100041752;126 978;7;0;2;4;2;1
202100041752;126 979;7;0;2;4;1;1
202100041752;126 980;7;0;2;4;1;1
202100041753;126 975;7;13;0;1;2;1
202100041754;126 974;7;6;0;2;1;1
202100041755;126 973;7;0;1;3;26;1
202100041756;126 972;10;0;1;2;1;1
202100041757;126 969;7;0;1;7;1;1
202100041758;126 966;30;0;1;1;0;1
202100041759;126 965;50;14;0;1;16;3
202100041760;126 963;31;0;2;1;13;1
202100041760;126 964;7;0;2;3;15;1
202100041761;126 962;10;0;1;3;1;1
202100041762;126 960;50;12;0;1;1;3
202100041762;126 961;7;0;0;1;14;1
202100041763;126 959;7;12;1;3;26;1
202100041764;126 957;7;0;2;3;1;1
202100041764;126 958;50;0;2;6;9;3
202100041765;126 956;7;0;1;2;15;0
202100041766;126 955;7;0;1;7;19;0
202100041767;126 953;1;0;2;0;19;5
202100041767;126 954;7;0;2;3;1;1
202100041768;126 952;7;0;1;2;26;0
202100041769;126 951;7;0;1;1;14;1
202100041770;126 948;32;0;1;1;1;1
202100041771;126 947;7;0;1;1;1;1
202100041772;126 945;2;0;2;7;1;1
202100041772;126 946;7;0;2;1;15;0
202100041773;126 944;7;0;1;2;1;1
202100041774;126 942;30;16;0;0;26;1
202100041775;126 941;30;14;0;1;1;1
202100041776;126 940;2;0;0;0;1;1
202100041777;126 938;7;0;2;1;1;1
202100041777;126 939;7;0;2;1;5;1
202100041778;126 936;1;0;2;3;1;5
202100041778;126 937;7;0;2;1;0;
202100041779;126 934;7;0;2;1;13;1
202100041779;126 935;7;0;2;1;1;1
202100041780;126 933;30;0;0;2;1;1
202100041781;126 930;7;1;2;1;26;1
202100041781;126 931;30;0;2;4;26;1
202100041781;126 932;7;0;9;4;1;1
202100041782;126 928;7;0;9;3;19;2
202100041782;126 929;34;0;2;1;1;1
202100041783;126 924;7;0;2;1;13;1
202100041783;126 925;2;0;2;1;1;1
202100041784;126 922;7;0;2;1;1;1
202100041784;126 923;31;0;2;1;13;1
202100041785;126 921;99;12;0;0;26;1
202100041786;126 918;7;0;2;0;0;1
202100041786;126 919;3;0;2;0;0;1
202100041786;126 920;7;0;2;0;0;1
202100041787;126 915;10;0;2;3;9;1
202100041787;126 916;30;0;2;5;1;1
202100041788;126 913;7;0;2;8;9;1
202100041788;126 914;33;0;2;1;17;1
202100041789;126 911;7;1;0;3;4;1
202100041789;126 912;7;0;2;5;24;1
202100041790;126 909;1;0;2;4;1;5
202100041790;126 910;7;0;2;1;1;1
202100041791;126 907;7;0;2;3;1;1
202100041791;126 908;7;0;2;3;23;1
202100041792;126 905;7;8;2;8;16;1
202100041792;126 906;7;0;2;2;12;0
202100041793;126 903;7;0;2;3;1;1
202100041793;126 904;7;0;2;1;5;1
202100041794;126 901;1;0;2;4;13;5
202100041794;126 902;7;8;2;1;2;1
202100041795;126 900;7;14;0;1;9;1
202100041796;126 898;33;0;2;8;1;1
202100041796;126 899;7;0;2;1;1;1
202100041797;126 897;30;0;0;0;15;1
202100041798;126 895;1;0;2;7;26;5
202100041798;126 896;7;0;2;3;9;1
202100041799;126 892;7;0;2;4;23;1
202100041799;126 893;7;0;2;4;23;1
202100041799;126 894;7;0;2;1;1;0
202100041800;126 890;33;0;2;1;1;1
202100041800;126 891;7;0;2;1;15;1
202100041801;126 889;33;0;5;1;21;1
202100041802;126 887;7;0;2;1;1;1
202100041802;126 888;7;0;2;4;1;1
202100041803;126 885;7;0;2;3;18;1
202100041803;126 886;7;0;2;2;1;2
202100041804;126 884;33;0;0;5;9;1
202100041805;126 882;7;0;2;0;0;1
202100041805;126 883;7;0;2;1;13;1
202100041806;126 880;31;0;2;3;3;1
202100041806;126 881;7;0;2;5;12;1
202100041807;126 879;33;0;0;0;1;1
202100041808;126 878;33;0;1;1;1;1
202100041809;126 876;33;0;2;1;16;1
202100041809;126 877;7;0;2;2;15;1
202100041810;126 874;1;0;2;2;1;5
202100041810;126 875;7;0;2;3;10;1
202100041811;126 872;10;0;2;3;1;1
202100041811;126 873;1;0;2;1;1;5
202100041812;126 870;34;0;2;2;15;1
202100041812;126 871;30;0;2;3;1;1
202100041813;126 868;7;0;2;2;15;1
202100041813;126 869;50;0;2;1;1;3
202100041814;126 867;7;0;1;1;1;1
202100041815;126 865;1;0;2;1;1;5
202100041815;126 866;1;0;2;1;5;5
202100041816;126 863;2;0;2;1;1;1
202100041816;126 864;7;0;2;3;9;1
202100041817;126 862;1;1;0;8;14;5
202100041818;126 861;1;0;0;0;1;5
202100041819;126 859;10;0;2;1;1;1
202100041819;126 860;33;0;2;7;1;1
202100041820;126 857;7;0;2;1;2;2
202100041820;126 858;7;0;2;4;2;1
202100041821;126 856;7;0;1;2;1;1
202100041822;126 854;50;0;2;1;19;3
202100041822;126 855;7;0;2;3;1;2
202100041823;126 852;7;0;2;2;15;1
202100041823;126 853;31;0;2;6;1;1
202100041824;126 850;7;0;2;5;12;1
202100041824;126 851;7;0;2;3;18;1
202100041825;126 847;7;0;2;3;21;1
202100041825;126 848;7;1;2;4;0;1
202100041825;126 849;10;0;2;3;10;1
202100041826;126 846;7;0;1;1;15;1
202100041827;126 844;7;0;2;7;1;0
202100041827;126 845;2;0;2;1;1;0
202100041828;126 842;7;0;2;1;26;1
202100041828;126 843;7;0;2;4;2;1
202100041829;126 841;7;0;1;4;26;0
202100041830;126 840;32;11;0;3;13;1
202100041831;126 838;7;0;2;4;23;1
202100041831;126 839;7;0;2;1;2;1
202100041832;126 837;7;13;0;2;1;1
202100041833;126 836;7;13;0;0;13;1
202100041834;126 835;31;16;0;1;1;1
202100041835;126 834;7;13;0;2;13;1
202100041836;126 833;7;0;1;1;16;0
202100041837;126 832;2;0;0;0;15;1
202100041838;126 831;7;0;0;1;1;1
202100041839;126 829;7;0;2;1;5;0
202100041839;126 830;7;1;2;1;1;1
202100041840;126 828;50;0;0;;1;3
202100041841;126 827;7;13;0;2;1;1
202100041842;126 826;33;0;0;1;13;1
202100041843;126 825;2;0;0;0;1;1
202100041844;126 824;33;13;0;1;1;1
202100041845;126 823;7;13;0;1;13;1
202100041846;126 821;31;0;2;1;5;1
202100041846;126 822;10;0;2;0;1;1
202100041847;126 819;7;0;2;7;13;1
202100041847;126 820;7;0;2;1;1;1
202100041848;126 818;7;0;1;1;1;1
202100041849;126 817;7;13;0;7;1;1
202100041850;126 816;33;7;0;1;1;1
202100041851;126 815;10;6;0;3;1;1
202100041852;126 814;7;3;0;0;1;1
202100041853;126 813;7;4;0;2;2;1
202100041854;126 812;7;4;0;3;1;1
202100041855;126 810;1;0;0;1;25;5
202100041855;126 811;7;0;0;2;26;1
202100041856;126 809;7;0;1;2;1;0
202100041857;126 808;2;0;0;0;17;1
202100041858;126 807;31;16;0;0;1;1
202100041859;126 804;7;0;2;3;1;1
202100041859;126 805;7;0;2;8;1;0
202100041859;126 806;7;0;2;3;1;1
202100041860;126 802;7;0;2;4;15;1
202100041860;126 803;31;0;2;1;1;1
202100041861;126 801;21;0;9;0;0;0
202100041862;126 798;7;0;2;1;2;1
202100041862;126 799;7;0;2;4;2;1
202100041862;126 800;7;0;2;4;2;1
202100041863;126 796;7;0;2;8;2;1
202100041863;126 797;7;4;2;9;2;1
202100041864;126 795;7;14;0;1;1;1
202100041865;126 794;7;6;0;1;26;1
202100041866;126 789;7;0;2;4;1;1
202100041866;126 790;7;0;2;4;1;1
202100041866;126 791;7;0;2;4;1;1
202100041866;126 792;7;0;2;4;1;1
202100041866;126 793;10;0;2;1;1;1
202100041867;126 788;10;0;1;1;15;1
202100041868;126 785;7;0;2;1;1;1
202100041868;126 786;7;0;2;1;1;1
202100041868;126 787;14;0;2;4;1;1
202100041869;126 782;7;0;2;1;2;1
202100041869;126 783;7;0;2;4;0;1
202100041869;126 784;7;0;2;4;23;1
202100041870;126 780;2;0;2;1;1;1
202100041870;126 781;7;0;2;3;15;1
202100041871;126 779;7;0;1;1;15;1
202100041872;126 777;7;0;2;4;1;1
202100041872;126 778;7;0;2;1;0;
202100041873;126 776;1;0;0;8;1;5
202100041874;126 774;7;0;2;8;1;1
202100041874;126 775;7;0;2;2;15;1
202100041875;126 772;10;0;2;1;1;1
202100041875;126 773;7;14;2;9;1;1
202100041876;126 771;7;0;1;0;0;0
202100041877;126 769;15;0;2;1;10;1
202100041877;126 770;7;0;2;3;1;1
202100041878;126 768;10;13;0;2;26;1
202100041879;126 766;7;0;2;1;9;1
202100041879;126 767;7;0;2;3;1;1
202100041880;126 764;1;0;2;1;25;5
202100041880;126 765;7;0;2;8;1;1
202100041881;126 762;7;0;2;2;15;1
202100041881;126 763;7;0;2;1;1;1
202100041882;126 760;33;0;2;1;1;1
202100041882;126 761;37;0;2;8;9;1
202100041883;126 755;7;8;0;1;1;1
202100041884;126 753;7;0;2;3;1;1
202100041884;126 754;7;0;2;2;1;1
202100041885;126 751;7;0;2;4;23;0
202100041885;126 752;7;0;2;1;26;0
202100041886;126 750;7;0;1;3;26;1
202100041887;126 747;31;0;2;1;21;1
202100041887;126 748;7;0;2;3;26;1
202100041888;126 745;7;0;2;7;13;1
202100041888;126 746;2;0;2;1;1;1
202100041889;126 743;7;0;2;3;15;1
202100041889;126 744;1;0;2;1;1;5
202100041890;126 741;33;0;2;1;1;1
202100041890;126 742;3;0;2;2;9;1
202100041891;126 739;7;0;2;2;9;1
202100041891;126 740;3;0;2;2;2;1
202100041892;126 737;7;0;2;8;1;1
202100041892;126 738;10;0;2;3;15;1
202100041893;126 735;7;0;9;8;1;1
202100041893;126 736;31;0;2;2;1;1
202100041894;126 734;1;0;0;0;1;5
202100041895;126 732;1;0;2;4;1;5
202100041895;126 733;7;0;2;2;1;1
202100041896;126 730;33;0;0;0;0;1
202100041896;126 731;7;0;2;5;9;1
202100041897;126 728;13;0;2;1;2;1
202100041897;126 729;7;0;2;4;23;1
202100041898;126 726;33;0;2;1;1;1
202100041898;126 727;7;0;2;6;17;1
202100041899;126 725;30;0;0;1;16;1
202100041900;126 723;7;0;2;4;1;1
202100041900;126 724;7;0;2;9;26;1
202100041901;126 721;1;0;2;0;0;5
202100041901;126 722;7;0;2;4;26;0
202100041902;126 719;1;0;2;1;9;5
202100041902;126 720;7;0;2;2;9;2
202100041903;126 717;7;0;2;0;13;1
202100041903;126 718;31;0;2;2;17;1
202100041904;126 715;14;0;2;3;1;1
202100041904;126 716;31;0;2;2;13;1
202100041905;126 713;80;0;2;3;0;3
202100041905;126 714;7;0;2;3;26;1
202100041906;126 711;7;0;2;5;16;1
202100041906;126 712;33;0;2;3;26;1
202100041907;126 709;33;0;2;3;17;1
202100041907;126 710;7;0;2;3;1;1
202100041908;126 707;7;8;2;0;1;1
202100041908;126 708;7;15;2;1;19;1
202100041909;126 706;7;8;0;1;14;1
202100041910;126 704;7;0;2;2;26;1
202100041910;126 705;80;0;2;1;25;3
202100041911;126 702;7;0;2;1;2;2
202100041911;126 703;7;0;2;4;15;1
202100041912;126 701;7;3;2;9;9;1
202100041913;126 699;7;1;0;1;14;1
202100041913;126 700;7;1;2;6;24;1
202100041914;126 698;30;5;0;7;14;1
202100041915;126 696;7;0;2;3;15;1
202100041915;126 697;2;0;2;1;1;1
202100041916;126 695;7;6;0;1;0;1
202100041917;126 693;32;0;2;1;2;1
202100041917;126 694;7;0;2;6;15;1
202100041918;126 691;7;0;2;8;0;1
202100041918;126 692;7;0;2;1;0;1
202100041919;126 690;30;0;0;8;26;1
202100041920;126 688;10;15;2;3;15;1
202100041920;126 689;7;0;2;2;11;1
202100041921;126 686;7;0;2;3;9;1
202100041921;126 687;7;0;2;2;1;1
202100041922;126 684;14;0;0;4;1;1
202100041922;126 685;7;0;2;1;1;1
202100041923;126 682;7;0;2;1;13;1
202100041923;126 683;7;0;2;3;23;1
202100041924;126 680;7;0;2;2;1;1
202100041924;126 681;14;0;2;1;1;1
202100041925;126 678;1;0;2;4;1;5
202100041925;126 679;10;0;2;3;16;1
202100041926;126 676;33;0;2;3;21;1
202100041926;126 677;10;0;2;2;15;1
202100041927;126 674;2;0;2;7;9;1
202100041927;126 675;1;0;2;1;1;5
202100041928;126 673;1;0;1;1;25;5
202100041929;126 671;1;0;2;8;1;5
202100041929;126 672;7;0;2;2;16;1
202100041930;126 669;7;0;2;1;1;1
202100041930;126 670;1;0;2;7;16;5
202100041931;126 667;7;0;2;2;16;1
202100041931;126 668;60;0;2;1;1;5
202100041932;126 666;7;0;1;3;1;2
202100041933;126 665;30;8;0;8;14;3
202100041934;126 663;50;0;2;3;8;3
202100041934;126 664;7;0;2;3;7;1
202100041935;126 662;2;0;1;1;3;1
202100041936;126 660;34;15;2;3;1;1
202100041936;126 661;7;0;2;5;1;1
202100041937;126 658;7;0;2;3;10;1
202100041937;126 659;7;0;2;1;1;1
202100041938;126 656;60;1;0;1;25;5
202100041938;126 657;7;0;2;8;22;1
202100041939;126 655;7;4;0;2;0;1
202100041940;126 654;1;0;1;1;1;0
202100041941;126 652;7;0;2;4;0;2
202100041941;126 653;7;0;2;1;0;1
202100041942;126 651;7;0;1;1;1;1
202100041943;126 649;7;0;0;4;0;0
202100041943;126 650;1;0;2;4;1;5
202100041944;126 647;13;0;2;3;19;1
202100041944;126 648;33;0;2;1;1;1
202100041945;126 645;99;0;2;3;2;1
202100041945;126 646;7;0;2;2;15;1
202100041946;126 643;13;0;2;3;15;1
202100041946;126 644;2;0;2;3;18;1
202100041947;126 641;7;0;2;3;1;1
202100041947;126 642;7;0;2;2;19;1
202100041948;126 639;1;0;2;1;1;0
202100041948;126 640;7;0;2;8;19;1
202100041949;126 638;30;0;1;1;1;3
202100041950;126 636;33;0;2;1;1;1
202100041950;126 637;7;0;2;1;0;1
202100041951;126 634;34;0;2;6;1;1
202100041951;126 635;7;0;2;3;15;1
202100041952;126 632;30;0;2;2;2;1
202100041952;126 633;7;0;2;3;2;1
202100041953;126 630;33;0;2;1;3;1
202100041953;126 631;7;0;2;6;15;2
202100041954;126 628;43;0;2;2;13;1
202100041954;126 629;7;0;2;3;9;1
202100041955;126 626;1;0;2;8;1;5
202100041955;126 627;10;0;2;2;2;1
202100041956;126 625;30;1;0;1;26;1
202100041957;126 623;7;0;2;3;15;1
202100041957;126 624;32;0;2;1;15;1
202100041958;126 621;33;0;2;2;3;1
202100041958;126 622;30;0;2;3;16;0
202100041959;126 619;10;0;2;2;12;1
202100041959;126 620;32;4;2;3;12;1
202100041960;126 617;10;0;2;6;2;1
202100041960;126 618;43;0;2;2;2;1
202100041961;126 614;7;17;0;1;0;1
202100041962;126 612;7;0;2;1;16;1
202100041962;126 613;2;0;2;1;1;1
202100041963;126 611;7;13;0;1;0;1
202100041964;126 609;7;0;2;3;5;1
202100041964;126 610;7;0;2;2;1;1
202100041965;126 608;7;14;0;9;1;0
202100041966;126 606;7;0;0;0;15;1
202100041966;126 607;33;0;0;2;1;1
202100041967;126 603;2;13;0;2;1;1
202100041968;126 601;10;0;2;2;17;1
202100041968;126 602;7;0;2;3;15;1
202100041969;126 600;33;3;0;3;1;1
202100041970;126 598;33;0;0;7;1;1
202100041970;126 599;7;0;2;1;9;1
202100041971;126 597;7;2;0;1;1;1
202100041972;126 595;7;0;2;8;15;1
202100041972;126 596;32;0;2;1;17;1
202100041973;126 593;2;8;0;1;26;1
202100041974;126 592;33;2;0;1;0;1
202100041975;126 591;7;14;2;1;1;1
202100041976;126 589;7;0;2;3;5;1
202100041976;126 590;7;0;2;3;1;1
202100041977;126 588;7;0;1;1;1;1
202100041978;126 587;36;0;0;0;10;0
202100041979;126 586;7;2;0;2;1;1
202100041980;126 584;7;0;0;4;1;1
202100041980;126 585;7;0;2;1;1;1
202100041981;126 582;1;0;2;1;1;5
202100041981;126 583;7;0;0;4;1;1
202100041982;126 580;1;0;2;6;13;5
202100041982;126 581;7;0;2;2;1;1
202100041983;126 579;32;3;0;0;9;1
202100041984;126 577;33;0;2;4;15;1
202100041984;126 578;14;0;2;3;1;1
202100041985;126 575;43;0;2;1;2;1
202100041985;126 576;7;0;2;6;16;1
202100041986;126 574;7;0;0;9;0;1
202100041987;126 572;7;0;2;1;1;1
202100041987;126 573;10;0;2;7;26;1
202100041988;126 570;7;3;2;3;2;1
202100041988;126 571;7;3;2;4;23;1
202100041989;126 568;15;0;2;1;12;
202100041989;126 569;7;4;2;9;1;1
202100041990;126 567;7;0;0;9;2;1
202100041991;126 565;7;0;2;1;2;1
202100041991;126 566;15;0;2;4;2;1
202100041992;126 564;7;3;0;1;2;1
202100041993;126 562;15;0;2;4;2;1
202100041993;126 563;7;0;2;1;2;1
202100041994;126 560;10;0;2;6;11;1
202100041994;126 561;33;0;2;1;11;1
202100041995;126 557;33;0;2;8;1;0
202100041995;126 558;7;0;2;1;1;1
202100041996;126 556;7;0;1;7;26;1
202100041997;126 554;10;0;2;2;15;0
202100041997;126 555;2;0;2;1;1;0
202100041998;126 552;7;0;2;7;1;6
202100041998;126 553;7;0;2;1;0;1
202100041999;126 549;7;0;0;4;1;1
202100041999;126 550;7;0;2;4;0;1
202100041999;126 551;7;0;2;1;23;1
202100042000;126 547;7;0;2;3;1;1
202100042000;126 548;7;0;2;1;1;1
202100042001;126 545;2;0;2;2;17;1
202100042001;126 546;10;0;2;8;15;1
202100042002;126 543;37;0;2;3;1;1
202100042002;126 544;7;0;2;2;5;1
202100042003;126 541;7;0;2;3;15;1
202100042003;126 542;33;0;2;1;1;1
202100042004;126 539;33;0;2;1;17;1
202100042004;126 540;10;0;2;8;15;1
202100042005;126 537;7;0;2;4;1;1
202100042005;126 538;7;14;9;4;1;1
202100042006;126 535;50;0;2;8;1;3
202100042006;126 536;7;0;2;1;19;1
202100042007;126 534;7;2;0;3;13;1
202100042008;126 532;2;0;2;1;1;1
202100042008;126 533;7;0;2;4;23;1
202100042009;126 531;33;0;2;1;21;1
202100042010;126 529;1;0;2;7;26;0
202100042010;126 530;7;0;2;1;26;1
202100042011;126 527;7;0;2;5;16;1
202100042011;126 528;33;0;2;3;1;1
202100042012;126 525;10;0;2;1;2;1
202100042012;126 526;7;0;2;4;23;1
202100042013;126 523;7;8;0;1;21;1
202100042013;126 524;7;8;0;3;1;1
202100042014;126 521;7;3;2;2;1;1
202100042014;126 522;7;0;2;4;11;0
202100042015;126 519;1;0;2;7;1;5
202100042015;126 520;10;0;2;2;1;1
202100042016;126 518;7;0;1;3;1;1
202100042017;126 516;7;0;2;4;15;1
202100042017;126 517;7;0;2;1;15;1
202100042018;126 515;2;1;0;4;1;1
202100042019;126 513;7;0;2;5;15;2
202100042019;126 514;2;0;2;1;1;1
202100042020;126 512;7;0;1;1;15;1
202100042021;126 509;7;0;2;4;1;1
202100042021;126 510;7;0;2;1;1;1
202100042021;126 511;7;0;2;1;1;1
202100042022;126 508;7;0;1;1;15;1
202100042023;126 507;33;0;0;0;1;1
202100042024;126 506;7;0;1;1;15;1
202100042025;126 505;7;0;1;2;1;1
202100042026;126 503;7;0;2;7;15;1
202100042026;126 504;33;0;2;1;1;1
202100042027;126 502;7;0;1;5;15;1
202100042028;126 500;7;0;2;7;0;1
202100042028;126 501;7;0;2;1;19;1
202100042029;126 498;7;0;2;2;1;1
202100042029;126 499;7;0;2;1;9;1
202100042030;126 496;1;0;2;1;1;0
202100042030;126 497;7;0;2;2;15;1
202100042031;126 494;7;0;2;1;1;1
202100042031;126 495;32;0;2;1;5;1
202100042032;126 492;7;0;2;3;1;1
202100042032;126 493;1;0;2;1;19;0
202100042033;126 491;7;0;1;2;26;1
202100042034;126 490;7;0;1;1;1;1
202100042035;126 489;7;6;0;5;0;1
202100042036;126 487;10;0;2;3;1;1
202100042036;126 488;7;0;2;3;13;1
202100042037;126 485;80;0;2;1;5;3
202100042037;126 486;7;0;2;2;16;1
202100042038;126 483;10;0;2;3;1;1
202100042038;126 484;7;0;2;1;13;1
202100042039;126 481;33;0;2;1;17;1
202100042039;126 482;10;0;2;3;13;1
202100042040;126 479;32;0;2;3;18;1
202100042040;126 480;7;0;2;7;16;1
202100042041;126 477;2;0;2;1;26;1
202100042041;126 478;10;0;2;6;0;1
202100042042;126 475;33;0;2;7;0;1
202100042042;126 476;7;0;2;3;9;1
202100042043;126 473;1;1;0;2;1;5
202100042043;126 474;7;0;2;3;22;1
202100042044;126 472;7;0;1;1;1;1
202100042045;126 470;7;3;2;1;18;1
202100042045;126 471;15;0;2;2;12;1
202100042046;126 469;30;12;0;7;1;1
202100042047;126 468;43;6;0;0;26;1
202100042048;126 466;31;0;2;1;12;1
202100042048;126 467;7;0;2;3;15;1
202100042049;126 464;7;0;2;1;1;1
202100042049;126 465;7;0;2;7;1;1
202100042050;126 462;7;0;2;7;15;1
202100042050;126 463;7;0;2;1;1;1
202100042051;126 460;33;1;2;9;17;1
202100042051;126 461;10;0;2;3;10;1
202100042052;126 458;1;0;2;1;19;5
202100042052;126 459;1;0;2;1;1;5
202100042053;126 457;30;12;0;1;13;1
202100042054;126 455;2;0;2;5;1;1
202100042054;126 456;7;0;2;3;13;2
202100042055;126 454;80;0;1;1;5;3
202100042056;126 452;2;0;2;3;1;1
202100042056;126 453;15;0;2;2;15;1
202100042057;126 450;1;0;2;2;1;5
202100042057;126 451;30;0;2;4;9;1
202100042058;126 449;30;0;0;1;1;1
202100042059;126 447;7;0;2;4;2;1
202100042059;126 448;10;0;2;1;2;1
202100042060;126 445;1;0;2;3;1;5
202100042060;126 446;7;0;2;7;17;1
202100042061;126 443;1;0;2;8;1;5
202100042061;126 444;80;0;2;7;18;3
202100042062;126 442;80;0;0;0;1;3
202100042063;126 440;1;0;2;1;1;5
202100042063;126 441;7;0;9;3;15;1
202100042064;126 438;7;0;2;3;2;1
202100042064;126 439;2;0;2;5;23;1
202100042065;126 436;40;0;2;1;1;3
202100042065;126 437;7;0;4;6;9;1
202100042066;126 434;33;0;2;3;1;1
202100042066;126 435;7;0;2;3;9;1
202100042067;126 432;7;0;2;3;15;1
202100042067;126 433;33;0;2;1;3;1
202100042068;126 430;7;0;2;1;1;1
202100042068;126 431;7;0;2;3;15;1
202100042069;126 429;10;0;1;4;16;1
202100042070;126 427;7;0;2;1;26;1
202100042070;126 428;31;0;2;8;15;1
202100042071;126 425;7;0;2;5;1;1
202100042071;126 426;7;0;2;2;1;1
202100042072;126 423;7;0;9;3;15;0
202100042072;126 424;1;0;2;1;23;5
202100042073;126 421;7;0;0;3;26;1
202100042073;126 422;2;0;2;1;17;0
202100042074;126 419;37;0;0;0;0;0
202100042074;126 420;2;1;0;1;1;1
202100042075;126 417;30;0;2;1;1;1
202100042075;126 418;7;0;2;3;10;1
202100042076;126 415;33;0;2;1;23;1
202100042076;126 416;7;0;2;4;4;1
202100042077;126 413;7;0;0;6;1;0
202100042077;126 414;13;0;2;2;2;0
202100042078;126 412;33;0;0;4;1;1
202100042079;126 410;7;0;2;2;19;1
202100042079;126 411;43;0;2;1;1;1
202100042080;126 408;7;0;2;3;9;2
202100042080;126 409;1;0;2;2;16;5
202100042081;126 406;2;0;2;1;1;1
202100042081;126 407;7;0;2;3;1;1
202100042082;126 405;7;2;0;3;1;1
202100042083;126 403;2;0;2;1;1;1
202100042083;126 404;7;0;2;6;15;1
202100042084;126 402;34;8;0;1;1;1
202100042085;126 400;17;0;2;8;2;1
202100042085;126 401;33;0;2;7;9;1
202100042086;126 399;32;0;0;0;16;1
202100042087;126 398;7;2;0;1;6;1
202100042088;126 397;7;9;1;3;4;1
202100042089;126 396;43;9;0;1;14;1
202100042090;126 395;21;0;1;5;17;1
202100042091;126 394;7;0;1;3;15;1
202100042092;126 392;3;0;2;3;1;1
202100042092;126 393;7;0;2;5;17;0
202100042093;126 391;2;13;0;0;1;1
202100042094;126 389;7;0;2;7;1;1
202100042094;126 390;33;0;2;3;9;1
202100042095;126 387;21;0;2;1;19;1
202100042095;126 388;7;0;2;8;1;0
202100042096;126 385;7;0;2;3;16;1
202100042096;126 386;7;0;1;3;1;1
202100042097;126 382;7;0;2;2;1;1
202100042097;126 383;7;0;0;6;1;1
202100042097;126 384;7;0;2;1;1;1
202100042098;126 380;7;0;2;2;1;1
202100042098;126 381;33;0;2;1;1;1
202100042099;126 378;1;0;2;1;1;5
202100042099;126 379;2;0;2;5;15;1
202100042100;126 377;7;2;0;2;0;1
202100042101;126 374;7;0;0;3;1;1
202100042101;126 375;7;0;0;3;1;1
202100042102;126 372;10;0;0;0;1;1
202100042102;126 373;2;0;2;0;1;1
202100042103;126 371;1;6;0;1;15;5
202100042104;126 370;7;3;0;9;1;1
202100042105;126 368;7;0;2;1;1;1
202100042105;126 369;2;0;2;2;1;1
202100042106;126 366;7;0;2;3;1;1
202100042106;126 367;2;0;2;1;1;1
202100042107;126 365;7;16;0;2;17;1
202100042108;126 363;1;0;2;1;19;0
202100042108;126 364;7;12;2;2;1;1
202100042109;126 361;1;0;2;8;2;5
202100042109;126 362;1;0;2;8;2;5
202100042110;126 359;7;0;2;7;14;1
202100042110;126 360;37;0;2;3;1;1
202100042111;126 357;17;0;2;6;12;1
202100042111;126 358;7;0;2;1;21;1
202100042112;126 354;7;0;2;4;2;1
202100042112;126 355;7;0;0;4;1;1
202100042112;126 356;7;0;2;1;1;1
202100042113;126 351;10;0;2;1;1;1
202100042113;126 352;7;0;2;4;2;1
202100042113;126 353;7;0;0;4;2;1
202100042114;126 349;7;0;2;1;15;1
202100042114;126 350;7;0;2;7;1;1
202100042115;126 347;7;0;9;6;2;3
202100042115;126 348;32;0;2;1;2;0
202100042116;126 346;32;0;0;0;15;1
202100042117;126 345;7;0;1;2;15;1
202100042118;126 344;17;0;0;0;15;1
202100042119;126 341;7;0;2;1;1;1
202100042119;126 342;10;0;2;3;1;1
202100042119;126 343;10;0;2;1;13;1
202100042120;126 340;30;0;1;1;19;1
202100042121;126 339;7;12;0;2;1;1
202100042122;126 337;10;0;2;3;1;1
202100042122;126 338;33;0;2;1;17;1
202100042123;126 335;33;0;2;1;1;1
202100042123;126 336;7;0;2;3;15;1
202100042124;126 333;2;0;2;1;17;1
202100042124;126 334;10;0;2;3;19;1
202100042125;126 331;2;0;2;1;10;0
202100042125;126 332;1;0;2;1;1;5
202100042126;126 328;7;0;2;7;1;1
202100042126;126 329;7;0;2;3;1;1
202100042126;126 330;7;0;2;1;1;1
202100042127;126 327;7;7;0;1;1;1
202100042128;126 325;7;0;2;1;1;1
202100042128;126 326;7;6;2;3;1;1
202100042129;126 323;10;0;2;1;0;1
202100042129;126 324;7;0;2;1;0;1
202100042130;126 319;33;0;2;1;1;1
202100042130;126 320;7;0;2;8;19;1
202100042131;126 318;10;0;1;6;4;1
202100042132;126 317;7;0;1;4;4;1
202100042133;126 315;1;0;0;4;9;5
202100042133;126 316;7;0;2;2;1;1
202100042134;126 313;7;0;2;1;2;1
202100042134;126 314;33;0;0;4;23;1
202100042135;126 312;2;12;0;1;1;1
202100042136;126 310;7;0;2;1;9;1
202100042136;126 311;2;0;2;1;1;1
202100042137;126 308;7;14;0;1;1;1
202100042138;126 307;7;0;2;7;1;1
202100042139;126 305;7;0;2;6;1;1
202100042139;126 306;17;0;2;5;14;1
202100042140;126 301;7;0;9;9;26;1
202100042140;126 302;7;0;2;2;0;1
202100042140;126 303;7;0;2;4;23;1
202100042140;126 304;7;0;2;4;23;1
202100042141;126 299;15;0;2;2;12;1
202100042141;126 300;7;0;2;6;1;1
202100042142;126 297;15;0;2;2;14;1
202100042142;126 298;7;0;2;6;13;1