Num_Acc;id_vehicule;categorie_vehicule;obstacle_fixe;obstacle_mobile;point_choc_initial;manoeuvre_principale;motorisation
202100042143;126 295;10;0;2;0;14;1
202100042143;126 296;7;0;2;0;1;1
202100042144;126 294;33;0;0;9;2;1
202100042145;126 292;32;1;0;1;12;1
202100042145;126 293;10;0;2;4;26;1
202100042146;126 290;33;0;2;1;1;1
202100042146;126 291;7;0;2;0;17;1
202100042147;126 288;10;0;2;1;1;1
202100042147;126 289;7;0;2;4;1;1
202100042148;126 286;30;0;2;1;1;1
202100042148;126 287;7;0;9;6;9;1
202100042149;126 284;7;0;2;8;1;1
202100042149;126 285;0;0;0;8;26;0
202100042150;126 282;7;0;2;4;9;1
202100042150;126 283;30;0;2;1;18;1
202100042151;126 280;60;0;2;1;0;5
202100042151;126 281;1;0;2;1;25;0
202100042152;126 278;2;0;2;1;2;1
202100042152;126 279;7;0;9;8;15;1
202100042153;126 276;1;0;2;0;1;5
202100042153;126 277;7;0;2;1;15;1
202100042154;126 274;31;1;2;2;17;1
202100042154;126 275;10;0;2;3;26;1
202100042155;126 272;7;14;2;1;1;1
202100042155;126 273;7;14;2;4;15;1
202100042156;126 270;7;0;2;1;2;1
202100042156;126 271;7;0;2;4;26;1
202100042157;126 268;7;0;2;5;17;1
202100042157;126 269;37;0;2;3;15;1
202100042158;126 266;7;0;2;1;19;1
202100042158;126 267;7;0;2;8;1;1
202100042159;126 264;36;0;2;1;19;1
202100042159;126 265;7;0;2;8;0;0
202100042160;126 263;33;15;0;2;26;1
202100042161;126 261;7;0;2;2;1;1
202100042161;126 262;7;0;2;8;9;1
202100042162;126 257;33;0;2;9;13;1
202100042162;126 258;7;0;2;7;1;1
202100042163;126 256;7;0;1;2;26;1
202100042164;126 255;7;0;1;1;1;1
202100042165;126 254;7;2;0;3;13;1
202100042166;126 251;7;0;1;1;15;1
202100042167;126 250;7;0;0;1;14;1
202100042168;126 248;2;0;0;0;0;1
202100042168;126 249;7;0;2;2;16;1
202100042169;126 246;37;8;1;7;16;1
202100042170;126 244;1;0;2;1;1;5
202100042170;126 245;7;0;2;1;16;1
202100042171;126 242;7;0;2;5;1;1
202100042171;126 243;7;0;2;1;1;1
202100042172;126 240;10;0;2;0;19;
202100042172;126 241;1;0;2;0;19;
202100042173;126 238;1;0;2;4;2;0
202100042173;126 239;7;0;2;1;2;1
202100042174;126 237;7;0;1;1;1;1
202100042175;126 234;7;0;2;3;19;1
202100042175;126 235;7;0;2;1;19;1
202100042176;126 231;15;13;0;7;14;1
202100042177;126 230;7;13;0;9;14;1
202100042178;126 229;30;1;0;2;1;1
202100042179;126 228;7;0;1;3;1;1
202100042180;126 227;7;12;0;1;9;1
202100042181;126 226;7;0;1;8;1;1
202100042182;126 224;60;0;0;0;21;5
202100042182;126 225;7;0;;;1;
202100042183;126 222;7;0;2;2;15;1
202100042183;126 223;1;0;2;8;1;5
202100042184;126 221;7;6;2;9;14;1
202100042185;126 220;7;0;0;2;1;1
202100042186;126 218;1;0;2;1;15;5
202100042186;126 219;7;0;2;3;15;1
202100042187;126 216;10;0;0;7;9;1
202100042187;126 217;1;0;2;8;12;5
202100042188;126 214;2;0;2;1;1;1
202100042188;126 215;7;0;2;8;15;1
202100042189;126 212;1;0;2;4;19;5
202100042189;126 213;7;0;2;0;1;0
202100042190;126 210;33;0;2;2;16;1
202100042190;126 211;7;0;2;3;1;1
202100042191;126 207;7;0;2;1;0;1
202100042191;126 208;7;0;2;6;9;1
202100042191;126 209;7;0;2;1;26;1
202100042192;126 205;7;1;2;3;1;1
202100042192;126 206;7;0;2;3;15;1
202100042193;126 202;7;2;0;2;14;1
202100042194;126 200;33;0;2;1;1;1
202100042194;126 201;2;0;2;8;15;1
202100042195;126 198;1;0;2;1;1;0
202100042195;126 199;10;0;2;7;16;1
202100042196;126 196;7;0;2;3;15;1
202100042196;126 197;7;0;2;1;1;1
202100042197;126 195;7;6;0;2;1;1
202100042198;126 193;7;0;2;1;1;1
202100042198;126 194;7;0;2;8;10;1
202100042199;126 191;32;5;2;0;18;1
202100042199;126 192;7;0;2;0;0;1
202100042200;126 189;38;0;2;3;1;1
202100042200;126 190;7;0;2;3;5;1
202100042201;126 188;7;9;0;1;26;1
202100042202;126 186;1;0;2;7;1;5
202100042202;126 187;7;0;2;1;9;1
202100042203;126 185;2;0;0;0;15;1
202100042204;126 184;7;0;0;3;13;1
202100042205;126 183;7;8;0;3;1;1
202100042206;126 181;7;0;2;5;23;1
202100042206;126 182;32;14;0;1;1;1
202100042207;126 179;32;0;2;2;12;1
202100042207;126 180;33;0;2;3;3;1
202100042208;126 177;32;0;2;1;2;1
202100042208;126 178;10;0;2;4;2;3
202100042209;126 176;2;0;1;8;1;1
202100042210;126 174;7;0;2;7;22;1
202100042210;126 175;1;0;2;2;1;5
202100042211;126 172;10;0;2;8;22;1
202100042211;126 173;80;0;2;1;17;3
202100042212;126 171;1;0;1;1;1;5
202100042213;126 169;33;0;2;2;1;1
202100042213;126 170;7;0;2;3;15;1
202100042214;126 167;7;0;2;2;1;1
202100042214;126 168;10;0;2;8;1;1
202100042215;126 165;1;0;2;1;5;5
202100042215;126 166;1;0;2;1;1;5
202100042216;126 163;1;0;2;7;19;5
202100042216;126 164;32;0;2;2;21;1
202100042217;126 162;7;0;1;5;2;1
202100042218;126 161;31;0;1;1;1;1
202100042219;126 160;7;0;1;1;2;1
202100042220;126 159;7;0;1;2;1;1
202100042221;126 157;1;0;2;4;15;6
202100042221;126 158;7;0;9;2;15;1
202100042222;126 155;7;0;2;3;15;1
202100042222;126 156;7;0;2;1;1;1
202100042223;126 153;7;0;2;2;15;2
202100042223;126 154;34;0;2;3;18;1
202100042224;126 151;37;0;2;3;9;1
202100042224;126 152;10;0;2;5;17;1
202100042225;126 150;7;0;1;2;1;1
202100042226;126 148;7;0;2;8;10;1
202100042226;126 149;33;0;2;1;1;1
202100042227;126 145;7;0;9;1;21;1
202100042227;126 146;10;0;2;3;26;0
202100042227;126 147;37;0;2;3;0;0
202100042228;126 144;7;0;1;1;10;1
202100042229;126 142;30;0;2;1;26;1
202100042229;126 143;7;0;2;5;2;1
202100042230;126 140;7;0;2;1;9;1
202100042230;126 141;1;0;2;3;1;5
202100042231;126 138;7;0;2;7;21;1
202100042231;126 139;1;0;2;8;1;5
202100042232;126 136;43;0;2;1;2;1
202100042232;126 137;7;0;2;4;1;1
202100042233;126 134;1;0;2;1;1;5
202100042233;126 135;10;0;2;2;14;1
202100042234;126 133;7;0;1;1;1;2
202100042235;126 132;32;12;0;1;13;0
202100042236;126 130;33;0;2;4;12;1
202100042236;126 131;10;0;2;2;1;1
202100042237;126 128;2;0;2;1;1;1
202100042237;126 129;7;0;2;1;17;1
202100042238;126 127;33;0;0;8;1;1
202100042239;126 126;2;0;0;2;1;1
202100042240;126 124;10;0;2;9;1;1
202100042240;126 125;10;0;2;3;13;1
202100042241;126 122;7;0;2;2;15;1
202100042241;126 123;7;0;2;3;1;1
202100042242;126 121;7;0;0;9;19;1
202100042243;126 120;31;13;0;0;17;1
202100042244;126 118;7;0;2;3;1;1
202100042244;126 119;33;3;2;8;1;1
202100042245;126 117;33;14;0;1;0;1
202100042246;126 115;7;0;0;2;1;1
202100042246;126 116;2;0;2;1;5;1
202100042247;126 114;33;13;0;1;1;1
202100042248;126 112;7;8;2;3;1;1
202100042248;126 113;7;0;2;2;19;1
202100042249;126 110;2;0;2;1;13;1
202100042249;126 111;7;0;2;6;11;1
202100042250;126 109;7;6;0;2;1;1
202100042251;126 107;7;0;9;2;1;1
202100042251;126 108;2;0;2;7;15;1
202100042252;126 105;33;0;2;1;17;1
202100042252;126 106;21;0;2;6;15;1
202100042253;126 104;37;0;1;7;1;1
202100042254;126 102;7;0;2;1;13;1
202100042254;126 103;7;0;2;1;1;1
202100042255;126 100;7;0;2;8;19;1
202100042255;126 101;31;0;2;1;1;1
202100042256;126 097;7;0;2;1;1;1
202100042256;126 098;10;0;2;1;1;1
202100042256;126 099;7;0;2;1;1;1
202100042257;126 095;7;0;2;1;1;1
202100042257;126 096;7;6;2;1;1;1
202100042258;126 093;7;0;0;4;16;1
202100042258;126 094;2;0;2;1;1;1
202100042259;126 091;10;0;2;1;11;1
202100042259;126 092;7;0;2;1;1;1
202100042260;126 090;7;2;0;1;15;1
202100042261;126 088;7;0;2;1;1;1
202100042261;126 089;60;0;2;0;19;5
202100042262;126 086;10;0;2;2;13;1
202100042262;126 087;7;0;2;2;1;1
202100042263;126 085;10;3;0;1;26;1
202100042264;126 083;1;0;2;2;26;5
202100042264;126 084;7;0;9;3;1;1
202100042265;126 082;7;6;0;1;13;1
202100042266;126 080;7;0;2;2;21;1
202100042266;126 081;10;0;2;3;1;1
202100042267;126 079;7;13;0;2;1;1
202100042268;126 077;50;0;2;1;9;3
202100042268;126 078;10;0;2;1;1;1
202100042269;126 076;2;0;0;0;1;1
202100042270;126 074;7;0;2;1;2;1
202100042270;126 075;7;9;0;4;1;1
202100042271;126 071;7;0;0;7;26;1
202100042271;126 072;7;0;2;3;26;1
202100042272;126 069;10;0;0;3;1;1
202100042272;126 070;33;0;0;0;0;1
202100042273;126 068;34;3;0;2;0;1
202100042274;126 067;7;4;0;1;0;1
202100042275;126 065;7;4;2;3;13;1
202100042275;126 066;15;0;2;6;1;1
202100042276;126 063;7;0;2;2;1;1
202100042276;126 064;7;0;2;3;11;1
202100042277;126 059;33;0;2;8;2;1
202100042277;126 060;7;0;2;4;2;1
202100042277;126 061;7;0;2;8;2;1
202100042277;126 062;7;0;2;7;1;1
202100042278;126 054;14;0;2;2;2;1
202100042278;126 055;10;0;2;4;2;1
202100042278;126 056;7;0;2;4;2;1
202100042278;126 057;37;0;2;2;1;1
202100042278;126 058;7;0;2;4;2;1
202100042279;126 052;7;0;2;1;1;1
202100042279;126 053;7;0;2;4;1;1
202100042280;126 051;7;0;1;1;1;1
202100042281;126 049;7;0;2;0;0;1
202100042281;126 050;15;0;2;3;0;1
202100042282;126 047;7;0;2;5;26;1
202100042282;126 048;7;1;0;2;26;1
202100042283;126 046;30;0;0;8;1;1
202100042284;126 045;0;0;2;1;1;6
202100042285;126 044;7;0;1;1;1;1
202100042286;126 042;7;0;2;1;13;0
202100042286;126 043;2;0;2;1;1;1
202100042287;126 040;7;0;2;6;15;1
202100042287;126 041;33;0;2;1;17;1
202100042288;126 036;7;0;2;1;2;1
202100042288;126 037;7;0;2;3;2;1
202100042288;126 038;7;0;2;6;2;1
202100042289;126 035;7;1;0;3;13;1
202100042290;126 033;7;0;2;1;2;1
202100042290;126 034;14;0;2;4;23;1
202100042291;126 031;32;0;2;1;1;1
202100042291;126 032;7;0;2;3;20;1
202100042292;126 030;10;12;0;1;13;1
202100042293;126 027;99;0;2;1;2;1
202100042293;126 028;10;0;9;4;23;1
202100042294;126 025;2;0;2;3;1;1
202100042294;126 026;7;0;2;3;1;1
202100042295;126 022;7;0;2;0;0;0
202100042295;126 023;7;0;2;4;23;1
202100042295;126 024;7;0;2;4;23;1
202100042296;126 021;7;0;1;5;1;1
202100042297;126 020;10;0;1;1;15;1
202100042298;126 018;2;0;2;8;1;1
202100042298;126 019;2;0;2;1;1;1
202100042299;126 016;7;0;2;1;1;1
202100042299;126 017;10;0;2;1;1;1
202100042300;126 015;7;0;1;0;21;1
202100042301;126 013;30;0;2;1;26;1
202100042301;126 014;7;0;2;4;2;1
202100042302;126 011;7;0;2;1;2;1
202100042302;126 012;10;0;2;4;23;1
202100042303;126 009;7;0;2;2;1;1
202100042303;126 010;7;0;2;3;1;1
202100042304;126 007;7;2;2;1;1;1
202100042304;126 008;7;0;2;3;15;1
202100042305;126 005;15;0;2;4;24;1
202100042305;126 006;7;1;0;1;1;1
202100042306;126 003;7;0;0;0;1;1
202100042306;126 004;33;0;0;1;1;1
202100042307;126 001;32;0;2;7;17;1
202100042307;126 002;7;0;2;3;15;2
202100042308;125 999;7;0;2;2;15;1
202100042308;126 000;10;0;2;1;9;1
202100042309;125 998;7;13;0;3;1;1
202100042310;125 997;7;0;1;4;4;1
202100042311;125 995;7;0;9;7;16;1
202100042311;125 996;50;0;2;1;1;3
202100042312;125 993;7;0;2;1;15;1
202100042312;125 994;7;0;2;3;1;1
202100042313;125 989;7;0;2;1;2;1
202100042313;125 990;7;0;2;4;2;1
202100042313;125 991;7;0;2;4;2;1
202100042313;125 992;7;0;2;4;2;1
202100042314;125 988;7;0;1;2;1;1
202100042315;125 986;1;0;2;1;15;5
202100042315;125 987;7;0;2;1;15;1
202100042316;125 984;32;0;2;1;17;1
202100042316;125 985;7;0;2;8;15;1
202100042317;125 982;13;0;2;8;1;1
202100042317;125 983;7;0;2;3;1;1
202100042318;125 980;7;0;2;2;15;1
202100042318;125 981;2;0;2;1;18;1
202100042319;125 978;7;0;2;2;15;1
202100042319;125 979;33;0;0;0;0;1
202100042320;125 977;7;0;1;3;15;1
202100042321;125 975;2;0;2;1;1;1
202100042321;125 976;7;0;2;3;9;1
202100042322;125 973;7;0;2;1;2;1
202100042322;125 974;7;0;2;1;0;1
202100042323;125 971;1;0;2;7;17;5
202100042323;125 972;7;0;2;3;15;1
202100042324;125 970;14;0;1;4;4;1
202100042325;125 969;31;3;0;7;21;1
202100042326;125 968;7;0;1;7;1;1
202100042327;125 965;7;0;1;2;1;1
202100042328;125 962;7;0;2;0;0;3
202100042328;125 963;7;0;2;4;2;1
202100042328;125 964;7;0;2;2;2;1
202100042329;125 960;7;0;2;1;1;1
202100042329;125 961;7;0;2;1;1;1
202100042330;125 959;34;0;1;1;1;1
202100042331;125 957;7;0;2;0;0;1
202100042331;125 958;50;0;2;1;26;3
202100042332;125 955;7;0;2;8;1;1
202100042332;125 956;30;0;2;8;13;1
202100042333;125 954;7;1;1;2;9;1
202100042334;125 952;7;0;2;7;1;1
202100042334;125 953;7;0;2;1;1;1
202100042335;125 951;3;0;1;3;15;1
202100042336;125 949;7;0;2;8;13;1
202100042336;125 950;10;0;2;0;0;1
202100042337;125 947;50;0;;1;15;3
202100042337;125 948;40;0;2;3;1;3
202100042338;125 945;7;0;2;1;2;1
202100042338;125 946;7;0;2;4;2;1
202100042339;125 941;7;0;2;7;14;1
202100042339;125 942;7;1;2;6;1;1
202100042339;125 943;7;0;2;3;24;1
202100042339;125 944;7;0;2;1;24;1
202100042340;125 940;7;4;0;1;1;1
202100042341;125 938;7;0;2;3;1;1
202100042341;125 939;7;0;2;3;9;1
202100042342;125 937;31;14;0;8;1;1
202100042343;125 935;32;0;2;1;15;1
202100042343;125 936;31;0;2;8;1;3
202100042344;125 933;1;0;2;4;17;5
202100042344;125 934;7;0;2;1;1;1
202100042345;125 932;50;0;0;0;21;3
202100042346;125 930;32;0;2;7;1;1
202100042346;125 931;7;0;2;7;11;0
202100042347;125 928;33;0;2;1;1;1
202100042347;125 929;1;0;2;8;1;5
202100042348;125 927;30;0;0;3;15;1
202100042349;125 925;33;0;2;7;14;1
202100042349;125 926;7;0;2;8;1;1
202100042350;125 923;7;0;2;5;1;1
202100042350;125 924;43;0;2;1;1;1
202100042351;125 921;7;0;2;3;16;1
202100042351;125 922;2;0;2;2;17;1
202100042352;125 919;1;0;2;7;1;5
202100042352;125 920;7;0;0;8;1;1
202100042353;125 918;50;0;1;1;21;3
202100042354;125 916;7;0;2;3;1;1
202100042354;125 917;32;0;2;1;1;1
202100042355;125 914;43;0;2;5;17;1
202100042355;125 915;1;0;2;1;15;5
202100042356;125 912;30;0;2;8;13;1
202100042356;125 913;7;0;2;5;2;1
202100042357;125 911;31;0;1;1;1;1
202100042358;125 910;50;0;0;0;7;3
202100042359;125 909;1;0;0;0;1;5
202100042360;125 908;31;0;1;1;1;0
202100042361;125 907;50;0;1;1;25;3
202100042362;125 906;14;0;1;4;4;1
202100042363;125 905;37;0;1;0;1;0
202100042364;125 903;32;0;2;1;1;1
202100042364;125 904;30;0;2;2;1;1
202100042365;125 901;50;14;0;7;2;3
202100042365;125 902;7;14;0;1;2;1
202100042366;125 899;34;0;2;7;0;1
202100042366;125 900;50;0;2;7;1;3
202100042367;125 897;7;0;2;7;9;1
202100042367;125 898;7;0;2;2;1;1
202100042368;125 895;2;14;0;1;17;1
202100042368;125 896;1;0;2;8;1;5
202100042369;125 893;0;0;2;0;0;0
202100042369;125 894;10;0;1;0;20;1
202100042370;125 891;10;0;9;8;23;1
202100042370;125 892;1;0;2;1;25;5
202100042371;125 889;7;0;2;3;15;1
202100042371;125 890;2;0;2;7;1;1
202100042372;125 887;7;12;2;3;14;0
202100042372;125 888;7;0;2;3;26;1
202100042373;125 886;7;0;1;2;15;1
202100042374;125 884;2;0;2;1;17;1
202100042374;125 885;7;0;2;3;13;1
202100042375;125 882;32;0;2;1;0;1
202100042375;125 883;7;0;2;4;1;1
202100042376;125 881;34;1;1;1;1;1
202100042377;125 880;7;0;1;6;19;1
202100042378;125 879;31;15;0;1;13;1
202100042379;125 878;1;0;1;1;1;5
202100042380;125 876;7;0;2;5;16;1
202100042380;125 877;1;0;2;1;1;5
202100042381;125 874;50;0;2;0;26;3
202100042381;125 875;7;0;2;2;1;2
202100042382;125 872;2;0;2;1;16;1
202100042382;125 873;7;0;2;1;1;1
202100042383;125 870;21;0;0;2;1;1
202100042383;125 871;33;0;2;1;1;1
202100042384;125 868;7;0;2;6;15;1
202100042384;125 869;33;8;2;1;1;1
202100042385;125 867;33;0;0;1;1;1
202100042386;125 866;10;2;0;1;1;1
202100042387;125 864;7;0;2;1;1;1
202100042387;125 865;7;0;2;3;15;1
202100042388;125 863;10;9;0;2;1;1
202100042389;125 861;10;0;2;3;15;1
202100042389;125 862;33;0;2;8;1;1
202100042390;125 860;7;2;0;1;0;1
202100042391;125 857;7;0;2;1;1;1
202100042391;125 858;13;0;2;2;1;1
202100042391;125 859;20;0;0;6;1;1
202100042392;125 855;7;7;2;1;1;1
202100042392;125 856;7;0;2;8;1;1
202100042393;125 853;2;0;2;1;1;1
202100042393;125 854;10;0;2;2;6;1
202100042394;125 852;2;0;0;8;1;1
202100042395;125 850;7;0;2;3;1;1
202100042395;125 851;7;0;2;8;9;1
202100042396;125 847;7;0;0;5;17;1
202100042396;125 848;7;0;2;3;2;1
202100042397;125 845;7;0;2;1;1;1
202100042397;125 846;7;0;2;3;15;1
202100042398;125 844;33;13;0;1;17;1
202100042399;125 843;7;2;0;2;1;1
202100042400;125 841;33;0;2;8;1;1
202100042400;125 842;7;0;2;1;19;1
202100042401;125 839;30;0;2;1;1;1
202100042401;125 840;7;0;2;4;26;1
202100042402;125 838;2;0;1;1;1;1
202100042403;125 837;7;0;0;2;1;1
202100042404;125 835;33;0;0;0;1;1
202100042404;125 836;33;0;0;0;1;1
202100042405;125 833;2;0;2;1;1;1
202100042405;125 834;7;0;2;3;1;1
202100042406;125 832;33;0;0;0;1;1
202100042407;125 830;15;0;2;3;1;1
202100042407;125 831;7;0;2;1;13;1
202100042408;125 828;50;0;2;1;17;3
202100042408;125 829;7;0;9;6;15;1
202100042409;125 827;7;0;1;3;1;1
202100042410;125 821;7;3;2;7;13;1
202100042410;125 822;17;0;2;3;1;1
202100042411;125 819;32;0;2;3;1;1
202100042411;125 820;7;0;2;1;15;1
202100042412;125 818;33;0;0;1;1;1
202100042413;125 815;7;6;2;9;0;1
202100042413;125 816;7;6;2;1;0;1
202100042414;125 811;7;0;2;1;2;1
202100042414;125 812;7;0;2;4;2;1
202100042414;125 813;7;0;2;4;2;1
202100042414;125 814;7;0;2;4;2;1
202100042415;125 808;7;0;0;0;0;0
202100042415;125 809;34;0;2;1;2;1
202100042415;125 810;33;4;2;2;3;1
202100042416;125 805;7;0;2;4;23;3
202100042416;125 806;7;0;2;1;1;1
202100042416;125 807;7;0;2;1;1;1
202100042417;125 804;7;4;0;8;1;1
202100042418;125 802;7;0;2;6;11;1
202100042418;125 803;14;0;2;2;1;1
202100042419;125 800;7;0;2;5;26;1
202100042419;125 801;15;0;2;3;21;1
202100042420;125 798;7;0;2;5;2;1
202100042420;125 799;15;0;2;3;2;1
202100042421;125 797;7;3;2;2;1;1
202100042422;125 795;7;0;2;6;23;1
202100042422;125 796;33;0;2;1;12;1
202100042423;125 790;7;9;2;1;2;1
202100042423;125 791;7;0;2;6;2;1
202100042424;125 788;7;0;2;4;23;1
202100042424;125 789;10;0;2;2;2;1
202100042425;125 786;7;0;2;2;0;1
202100042425;125 787;7;0;2;4;4;1
202100042426;125 784;7;0;2;1;9;1
202100042426;125 785;1;0;2;0;26;5
202100042427;125 782;30;0;2;4;26;1
202100042427;125 783;7;0;0;4;23;1
202100042428;125 780;1;0;2;8;1;5
202100042428;125 781;7;0;2;1;1;1
202100042429;125 779;7;3;0;1;1;1
202100042430;125 778;99;9;0;0;2;6
202100042431;125 775;7;0;0;4;1;1
202100042431;125 776;7;0;2;1;1;1
202100042431;125 777;7;0;2;1;21;1
202100042432;125 774;33;0;9;8;21;1
202100042433;125 772;1;0;2;1;2;5
202100042433;125 773;7;0;1;4;23;1
202100042434;125 770;7;1;2;5;1;1
202100042434;125 771;31;0;2;1;1;1
202100042435;125 769;7;0;1;2;1;1
202100042436;125 768;30;0;0;7;1;1
202100042437;125 766;43;0;2;1;1;1
202100042437;125 767;7;0;2;4;23;1
202100042438;125 765;2;0;0;8;21;1
202100042439;125 764;32;0;0;0;1;1
202100042440;125 762;7;0;2;6;1;1
202100042440;125 763;50;0;2;1;5;3
202100042441;125 760;32;0;2;0;1;0
202100042441;125 761;10;0;2;4;4;0
202100042442;125 756;7;3;2;2;1;1
202100042442;125 757;7;8;2;1;19;1
202100042443;125 753;7;0;2;1;1;1
202100042443;125 754;99;0;0;0;0;0
202100042444;125 748;7;0;2;2;12;1
202100042444;125 749;7;0;2;4;1;1
202100042444;125 750;7;0;2;4;1;1
202100042444;125 751;7;0;2;4;1;1
202100042444;125 752;7;0;2;1;1;1
202100042445;125 746;7;0;2;2;15;1
202100042445;125 747;7;0;2;1;1;1
202100042446;125 745;33;1;0;1;14;1
202100042447;125 744;2;12;0;2;1;1
202100042448;125 743;1;0;0;0;1;5
202100042449;125 742;33;0;1;0;1;0
202100042450;125 740;10;0;2;2;17;1
202100042450;125 741;7;0;2;3;9;1
202100042451;125 738;7;0;9;3;1;1
202100042451;125 739;1;0;2;1;1;5
202100042452;125 736;32;0;2;1;12;1
202100042452;125 737;7;0;2;1;0;1
202100042453;125 734;1;0;2;2;1;5
202100042453;125 735;7;0;2;4;20;1
202100042454;125 732;1;0;2;5;1;5
202100042454;125 733;30;0;2;1;1;3
202100042455;125 730;7;0;2;1;26;1
202100042455;125 731;31;0;2;2;15;1
202100042456;125 728;10;0;2;1;2;1
202100042456;125 729;7;0;2;7;15;1
202100042457;125 726;7;0;2;0;9;1
202100042457;125 727;1;0;2;0;1;5
202100042458;125 725;30;11;0;8;1;1
202100042459;125 723;30;0;2;0;0;
202100042459;125 724;7;0;2;0;0;
202100042460;125 722;2;6;0;1;0;1
202100042461;125 720;7;0;2;8;24;1
202100042461;125 721;1;1;0;1;1;5
202100042462;125 718;1;0;4;7;21;5
202100042462;125 719;39;0;2;3;1;3
202100042463;125 716;1;0;2;7;1;5
202100042463;125 717;7;0;0;1;15;0
202100042464;125 715;7;6;0;1;1;1
202100042465;125 713;50;0;0;0;0;3
202100042465;125 714;7;0;2;7;1;1
202100042466;125 712;2;0;0;7;1;1
202100042467;125 710;50;0;2;1;1;3
202100042467;125 711;7;0;2;2;16;1
202100042468;125 708;7;0;2;1;9;1
202100042468;125 709;1;0;2;1;1;5
202100042469;125 706;7;0;2;0;0;1
202100042469;125 707;7;0;2;7;26;1
202100042470;125 705;40;0;1;1;9;3
202100042471;125 703;7;0;2;1;1;1
202100042471;125 704;32;0;2;1;1;1
202100042472;125 701;80;0;2;3;0;3
202100042472;125 702;7;0;2;3;15;1
202100042473;125 699;7;0;2;7;16;1
202100042473;125 700;1;0;2;0;1;5
202100042474;125 698;7;0;1;1;1;1
202100042475;125 696;7;0;2;2;20;1
202100042475;125 697;33;0;2;8;1;1
202100042476;125 695;7;0;1;2;1;1
202100042477;125 694;30;14;0;1;1;1
202100042478;125 692;1;0;2;8;0;0
202100042478;125 693;7;0;9;1;1;1
202100042479;125 691;33;0;0;8;15;1
202100042480;125 689;10;0;2;2;2;1
202100042480;125 690;3;0;2;6;2;1
202100042481;125 687;7;0;2;1;1;0
202100042481;125 688;7;0;2;4;23;0
202100042482;125 685;7;0;2;3;16;1
202100042482;125 686;34;0;2;7;1;1
202100042483;125 684;7;0;1;3;1;1
202100042484;125 682;10;0;2;1;1;1
202100042484;125 683;30;0;2;1;1;1
202100042485;125 679;31;0;2;1;2;1
202100042485;125 680;7;0;2;6;23;1
202100042485;125 681;33;0;2;1;1;1
202100042486;125 677;7;0;2;0;20;0
202100042486;125 678;2;0;2;1;2;1
202100042487;125 675;37;0;2;5;1;1
202100042487;125 676;7;0;2;1;1;1
202100042488;125 674;7;0;1;1;16;0
202100042489;125 672;10;0;2;2;1;1
202100042489;125 673;10;0;2;3;0;1
202100042490;125 670;7;0;2;1;15;1
202100042490;125 671;7;8;2;2;1;2
202100042491;125 669;33;3;0;7;1;1
202100042492;125 666;7;0;2;2;10;1
202100042492;125 667;7;0;0;5;24;1
202100042492;125 668;33;1;0;3;1;1
202100042493;125 664;32;0;2;1;18;1
202100042493;125 665;33;0;2;7;16;1
202100042494;125 662;1;0;2;3;1;5
202100042494;125 663;10;0;2;4;4;1
202100042495;125 661;30;0;1;1;1;1
202100042496;125 660;14;0;1;1;1;1
202100042497;125 658;7;0;2;8;15;2
202100042497;125 659;34;1;2;9;17;1
202100042498;125 657;32;0;0;7;16;1
202100042499;125 654;34;1;2;4;2;1
202100042499;125 655;7;0;2;4;23;0
202100042499;125 656;10;0;2;5;24;1
202100042500;125 652;30;0;2;8;13;1
202100042500;125 653;7;0;2;7;1;0
202100042501;125 650;33;0;2;6;18;1
202100042501;125 651;10;0;2;2;1;1
202100042502;125 648;7;0;2;7;1;1
202100042502;125 649;30;0;2;8;13;1
202100042503;125 646;7;0;2;3;15;1
202100042503;125 647;33;0;2;8;1;1
202100042504;125 645;34;0;1;1;1;1
202100042505;125 643;32;0;2;3;1;1
202100042505;125 644;10;0;2;5;4;1
202100042506;125 640;7;0;2;1;2;1
202100042506;125 641;7;0;2;2;2;1
202100042506;125 642;30;0;2;4;23;1
202100042507;125 639;1;0;0;0;1;5
202100042508;125 637;1;0;2;1;1;5
202100042508;125 638;7;0;2;2;16;1
202100042509;125 635;7;0;2;8;1;1
202100042509;125 636;1;0;2;1;1;1
202100042510;125 634;7;14;0;1;14;1
202100042511;125 633;3;0;1;7;1;1
202100042512;125 631;7;0;2;7;1;1
202100042512;125 632;7;0;2;1;26;1
202100042513;125 629;3;14;9;3;13;1
202100042513;125 630;3;0;2;3;26;1
202100042514;125 627;34;0;2;2;1;1
202100042514;125 628;7;0;2;3;9;1
202100042515;125 626;37;0;1;7;9;2
202100042516;125 624;30;0;2;1;18;1
202100042516;125 625;7;0;2;2;16;1
202100042517;125 622;2;0;2;6;15;1
202100042517;125 623;7;0;2;6;15;1
202100042518;125 620;7;0;2;3;13;1
202100042518;125 621;38;0;2;3;21;1
202100042519;125 619;7;13;0;3;1;1
202100042520;125 618;7;15;0;1;13;1
202100042521;125 616;33;0;2;8;15;1
202100042521;125 617;7;0;0;2;2;0
202100042522;125 615;2;6;9;0;13;1
202100042523;125 613;1;0;0;1;1;5
202100042523;125 614;21;0;0;6;1;0
202100042524;125 611;14;0;0;5;15;1
202100042524;125 612;10;0;2;1;13;1
202100042525;125 610;7;2;0;3;0;1
202100042526;125 609;7;0;1;3;1;1
202100042527;125 608;1;13;0;1;19;5
202100042528;125 606;1;0;2;1;19;5
202100042528;125 607;7;0;2;7;1;1
202100042529;125 605;2;6;0;1;13;1
202100042530;125 604;3;0;1;1;1;0
202100042531;125 602;7;0;0;7;15;1
202100042531;125 603;1;0;2;1;1;5
202100042532;125 600;7;0;2;1;19;1
202100042532;125 601;7;0;2;2;1;1
202100042533;125 598;10;0;2;3;1;1