Num_Acc;id_vehicule;categorie_vehicule;obstacle_fixe;obstacle_mobile;point_choc_initial;manoeuvre_principale;motorisation
202100042533;125 599;2;0;2;1;1;1
202100042534;125 596;2;0;2;1;1;1
202100042534;125 597;7;0;2;2;19;1
202100042535;125 594;7;0;2;3;13;1
202100042535;125 595;7;0;2;3;1;1
202100042536;125 593;7;13;0;9;17;1
202100042537;125 592;1;0;0;7;2;5
202100042538;125 591;7;0;0;0;1;1
202100042539;125 589;7;0;2;3;1;1
202100042539;125 590;21;0;2;4;1;1
202100042540;125 588;7;0;1;5;15;1
202100042541;125 586;7;0;2;2;15;1
202100042541;125 587;33;0;2;1;1;1
202100042542;125 584;7;0;0;8;24;1
202100042542;125 585;7;1;0;5;4;1
202100042543;125 582;7;0;2;3;15;1
202100042543;125 583;2;0;2;1;17;1
202100042544;125 580;10;0;9;2;20;1
202100042544;125 581;1;0;2;1;0;5
202100042545;125 579;17;3;0;1;1;1
202100042546;125 578;33;0;0;9;26;1
202100042547;125 577;17;3;0;7;14;1
202100042548;125 575;10;0;2;3;11;1
202100042548;125 576;15;0;2;3;1;1
202100042549;125 573;7;0;0;1;17;1
202100042549;125 574;7;0;0;1;0;1
202100042550;125 571;7;0;0;3;15;1
202100042550;125 572;31;0;0;2;17;1
202100042551;125 569;7;0;2;8;9;1
202100042551;125 570;1;0;2;7;1;5
202100042552;125 568;7;2;0;3;1;3
202100042553;125 567;10;0;1;3;1;1
202100042554;125 565;2;0;2;3;2;1
202100042554;125 566;7;0;2;2;17;1
202100042555;125 564;1;0;0;1;18;5
202100042556;125 561;7;0;0;4;2;1
202100042556;125 562;7;0;2;4;2;1
202100042556;125 563;10;0;2;1;2;1
202100042557;125 557;7;0;2;1;1;2
202100042557;125 558;1;0;2;0;9;5
202100042558;125 555;21;0;2;3;15;1
202100042558;125 556;2;0;2;1;17;1
202100042559;125 553;33;0;2;2;1;1
202100042559;125 554;7;0;2;3;19;1
202100042560;125 551;7;0;9;7;17;1
202100042560;125 552;1;0;2;3;1;5
202100042561;125 550;99;0;1;4;4;1
202100042562;125 548;7;0;0;4;1;1
202100042562;125 549;7;0;2;1;1;1
202100042563;125 546;7;0;2;1;2;1
202100042563;125 547;10;13;2;4;1;1
202100042564;125 544;14;0;2;1;2;1
202100042564;125 545;15;0;2;4;1;1
202100042565;125 543;33;3;0;9;2;1
202100042566;125 541;7;0;2;4;2;1
202100042566;125 542;7;0;2;1;2;1
202100042567;125 539;10;0;2;5;14;1
202100042567;125 540;33;0;2;3;3;1
202100042568;125 536;7;0;2;1;2;1
202100042568;125 537;7;0;2;4;2;1
202100042568;125 538;7;0;2;1;2;1
202100042569;125 534;33;0;2;1;1;1
202100042569;125 535;7;0;2;2;12;1
202100042570;125 530;7;4;2;1;5;1
202100042570;125 531;10;0;2;8;1;1
202100042570;125 532;10;0;2;6;12;1
202100042570;125 533;7;4;2;2;17;1
202100042571;125 528;7;0;2;1;13;1
202100042571;125 529;7;0;2;8;1;1
202100042572;125 526;7;0;2;4;23;1
202100042572;125 527;7;0;2;1;23;1
202100042573;125 524;30;0;0;0;2;1
202100042573;125 525;10;0;0;0;18;1
202100042574;125 523;7;10;0;2;14;1
202100042575;125 521;7;0;2;1;1;1
202100042575;125 522;60;0;2;3;19;5
202100042576;125 519;33;0;2;3;13;1
202100042576;125 520;7;0;2;8;1;1
202100042577;125 518;7;0;1;0;26;1
202100042578;125 516;7;0;2;4;0;1
202100042578;125 517;7;0;2;1;0;1
202100042579;125 514;10;0;2;4;9;1
202100042579;125 515;7;0;2;2;14;1
202100042580;125 513;7;0;1;1;19;1
202100042581;125 511;7;0;2;1;15;1
202100042581;125 512;33;0;2;1;1;1
202100042582;125 509;60;0;2;8;7;5
202100042582;125 510;20;0;2;8;1;1
202100042583;125 507;7;0;2;1;1;1
202100042583;125 508;7;0;2;4;1;1
202100042584;125 504;50;12;1;8;13;3
202100042585;125 502;2;0;2;0;1;1
202100042585;125 503;2;0;2;1;1;1
202100042586;125 500;31;0;2;1;1;1
202100042586;125 501;7;0;2;8;15;1
202100042587;125 499;32;0;1;0;0;1
202100042588;125 497;7;0;2;1;15;1
202100042588;125 498;7;0;2;1;1;1
202100042589;125 495;7;0;2;3;15;1
202100042589;125 496;33;0;2;1;1;1
202100042590;125 493;7;0;2;3;15;1
202100042590;125 494;33;0;2;1;17;1
202100042591;125 492;7;3;0;1;13;1
202100042592;125 490;7;0;2;1;1;1
202100042592;125 491;7;0;2;3;1;1
202100042593;125 488;7;0;2;1;1;1
202100042593;125 489;7;0;2;3;15;1
202100042594;125 486;7;0;2;1;1;1
202100042594;125 487;2;0;2;3;1;1
202100042595;125 484;7;0;2;1;1;1
202100042595;125 485;1;0;2;1;13;5
202100042596;125 483;31;0;0;0;9;1
202100042597;125 481;31;0;2;1;2;1
202100042597;125 482;1;0;0;4;15;0
202100042598;125 480;32;0;0;0;0;1
202100042599;125 478;1;0;1;4;25;5
202100042600;125 476;7;0;9;5;16;1
202100042600;125 477;1;0;0;0;0;0
202100042601;125 474;7;0;2;3;1;2
202100042601;125 475;1;0;2;1;1;5
202100042602;125 472;7;0;2;8;15;1
202100042602;125 473;33;0;2;1;17;1
202100042603;125 470;7;0;2;5;16;1
202100042603;125 471;1;0;2;1;1;5
202100042604;125 469;7;4;0;2;14;1
202100042605;125 467;34;0;2;2;17;1
202100042605;125 468;7;0;2;3;10;1
202100042606;125 465;7;0;2;3;1;1
202100042606;125 466;1;0;2;1;1;5
202100042607;125 463;7;0;2;4;2;1
202100042607;125 464;7;0;2;1;2;1
202100042608;125 461;7;0;9;1;15;2
202100042608;125 462;60;0;2;8;1;5
202100042609;125 459;7;0;2;7;1;1
202100042609;125 460;7;0;2;1;1;1
202100042610;125 458;32;0;1;2;19;1
202100042611;125 457;7;0;1;3;1;1
202100042612;125 456;1;0;0;0;1;5
202100042613;125 455;1;0;0;1;1;5
202100042614;125 454;32;0;0;8;16;1
202100042615;125 452;7;0;2;1;2;1
202100042615;125 453;43;0;2;1;2;1
202100042616;125 450;7;0;2;2;15;1
202100042616;125 451;7;0;2;5;1;1
202100042617;125 446;7;0;2;9;13;1
202100042617;125 447;43;0;2;4;1;1
202100042617;125 448;7;0;2;4;1;1
202100042617;125 449;7;0;2;6;1;2
202100042618;125 444;7;0;2;3;1;1
202100042618;125 445;2;0;2;3;1;1
202100042619;125 443;33;0;0;0;1;1
202100042620;125 441;33;0;2;1;17;1
202100042620;125 442;7;0;2;3;15;1
202100042621;125 440;7;2;0;3;1;1
202100042622;125 439;7;3;6;1;21;1
202100042623;125 438;2;6;0;1;26;1
202100042624;125 435;33;0;2;1;11;1
202100042624;125 436;7;6;2;6;15;1
202100042624;125 437;33;0;2;1;1;1
202100042625;125 433;31;0;2;8;1;1
202100042625;125 434;7;0;2;9;1;1
202100042626;125 431;7;0;2;2;1;1
202100042626;125 432;1;0;0;3;1;0
202100042627;125 429;7;0;2;8;10;1
202100042627;125 430;33;0;2;0;0;1
202100042628;125 428;14;4;0;1;1;1
202100042629;125 427;36;0;0;0;26;1
202100042630;125 425;7;0;2;3;1;1
202100042630;125 426;1;0;2;1;15;
202100042631;125 424;33;7;0;1;1;1
202100042632;125 423;33;6;0;1;0;1
202100042633;125 422;15;0;1;1;1;1
202100042634;125 421;7;15;0;1;14;1
202100042635;125 420;7;8;0;9;1;1
202100042636;125 419;7;13;0;1;13;1
202100042637;125 418;36;0;0;3;1;1
202100042638;125 416;2;0;0;0;21;1
202100042638;125 417;7;0;0;0;5;0
202100042639;125 413;7;14;2;6;1;0
202100042639;125 414;7;0;2;4;15;0
202100042639;125 415;15;0;2;3;1;0
202100042640;125 409;1;0;2;3;1;5
202100042640;125 410;7;0;2;8;16;1
202100042641;125 407;7;0;2;1;15;1
202100042641;125 408;2;0;2;1;1;1
202100042642;125 406;36;0;0;0;16;1
202100042643;125 404;37;0;2;6;1;1
202100042643;125 405;1;11;2;8;17;5
202100042644;125 402;7;0;0;8;1;1
202100042644;125 403;2;0;0;8;1;1
202100042645;125 401;7;13;0;1;1;1
202100042646;125 400;7;4;0;3;2;1
202100042647;125 399;7;1;0;2;0;1
202100042648;125 398;7;5;0;1;1;1
202100042649;125 397;33;0;0;8;0;1
202100042650;125 395;7;0;2;1;13;1
202100042650;125 396;7;0;2;1;1;1
202100042651;125 393;7;0;2;3;1;1
202100042651;125 394;2;0;2;1;13;1
202100042652;125 392;7;8;0;1;1;1
202100042653;125 391;7;2;0;7;0;1
202100042654;125 389;7;0;2;6;1;3
202100042654;125 390;10;0;2;2;12;1
202100042655;125 385;7;1;0;1;1;1
202100042655;125 386;10;1;0;3;13;1
202100042655;125 387;7;0;2;0;1;1
202100042655;125 388;7;4;0;2;11;1
202100042656;125 383;7;0;2;1;26;1
202100042656;125 384;7;0;2;4;0;1
202100042657;125 380;7;0;2;4;26;1
202100042657;125 381;7;0;2;1;26;1
202100042657;125 382;7;0;2;4;17;1
202100042658;125 379;33;3;0;0;13;1
202100042659;125 378;33;0;2;1;2;1
202100042660;125 376;7;0;2;8;11;1
202100042660;125 377;33;0;2;7;2;1
202100042661;125 375;33;4;0;3;1;1
202100042662;125 374;33;3;0;3;1;1
202100042663;125 373;7;8;0;4;0;1
202100042664;125 371;7;0;2;1;2;1
202100042664;125 372;7;0;2;4;23;1
202100042665;125 369;10;0;2;3;1;1
202100042665;125 370;7;0;2;2;15;1
202100042666;125 367;33;0;2;1;2;1
202100042666;125 368;10;0;2;4;2;1
202100042667;125 365;7;0;2;2;1;0
202100042667;125 366;2;0;2;1;1;1
202100042668;125 363;7;0;2;1;1;1
202100042668;125 364;50;0;2;1;5;3
202100042669;125 361;31;0;2;1;26;1
202100042669;125 362;7;0;2;7;1;1
202100042670;125 359;7;0;2;1;5;1
202100042670;125 360;7;0;2;1;1;1
202100042671;125 358;7;0;1;1;26;0
202100042672;125 356;32;0;2;1;21;1
202100042672;125 357;7;0;2;3;15;1
202100042673;125 355;7;3;0;1;21;1
202100042674;125 353;7;0;2;2;2;1
202100042674;125 354;30;0;2;1;2;1
202100042675;125 351;33;0;2;3;21;1
202100042675;125 352;33;0;2;5;26;1
202100042676;125 349;33;0;2;1;1;1
202100042676;125 350;7;0;2;4;23;1
202100042677;125 347;7;0;1;2;1;1
202100042678;125 345;7;0;1;2;1;1
202100042679;125 344;7;8;0;1;21;1
202100042680;125 343;33;14;0;1;1;1
202100042681;125 342;7;2;0;6;13;1
202100042682;125 337;30;0;2;3;14;1
202100042682;125 338;7;0;2;2;0;1
202100042683;125 336;34;0;0;0;9;1
202100042684;125 334;7;0;9;8;1;1
202100042684;125 335;1;0;2;7;1;5
202100042685;125 332;7;0;2;1;1;1
202100042685;125 333;7;0;2;1;1;1
202100042686;125 331;7;0;1;2;21;1
202100042687;125 330;7;0;1;0;26;0
202100042688;125 328;7;0;2;6;15;1
202100042688;125 329;33;0;2;1;17;1
202100042689;125 327;32;0;0;3;0;1
202100042690;125 325;2;0;2;4;1;1
202100042690;125 326;7;0;2;1;2;1
202100042691;125 323;34;0;2;1;1;1
202100042691;125 324;7;0;2;7;19;1
202100042692;125 322;7;0;1;1;1;1
202100042693;125 321;7;13;0;2;14;1
202100042694;125 317;7;0;2;1;2;1
202100042694;125 318;7;0;2;4;2;1
202100042694;125 319;7;0;2;4;2;1
202100042694;125 320;7;0;2;1;2;1
202100042695;125 315;30;0;2;1;5;1
202100042695;125 316;7;0;2;1;1;1
202100042696;125 313;32;0;2;1;1;1
202100042696;125 314;7;0;2;1;15;1
202100042697;125 312;7;1;0;1;14;1
202100042698;125 310;32;0;2;2;1;1
202100042698;125 311;7;0;2;8;9;1
202100042699;125 307;1;0;2;5;2;5
202100042699;125 308;1;0;2;1;2;5
202100042699;125 309;1;0;2;1;2;5
202100042700;125 305;14;0;2;2;1;1
202100042700;125 306;1;0;2;8;18;5
202100042701;125 304;7;0;1;7;4;1
202100042702;125 302;33;0;2;1;1;1
202100042702;125 303;7;0;2;2;15;1
202100042703;125 300;1;0;2;2;1;5
202100042703;125 301;7;0;2;3;9;1
202100042704;125 298;1;0;2;8;19;5
202100042704;125 299;1;0;2;1;1;5
202100042705;125 296;7;0;2;7;15;1
202100042705;125 297;1;0;2;1;1;5
202100042706;125 294;10;0;2;3;15;1
202100042706;125 295;31;0;2;7;17;1
202100042707;125 292;32;0;2;1;1;1
202100042707;125 293;7;0;2;4;16;1
202100042708;125 290;7;0;2;4;1;3
202100042708;125 291;1;0;2;4;12;5
202100042709;125 289;7;1;0;2;1;3
202100042710;125 288;7;0;1;1;15;1
202100042711;125 287;7;4;0;2;0;1
202100042712;125 286;30;15;0;0;0;1
202100042713;125 285;7;0;1;3;16;1
202100042714;125 283;32;0;2;1;26;1
202100042714;125 284;7;0;2;4;26;1
202100042715;125 279;7;0;0;0;0;1
202100042715;125 280;7;0;0;0;0;1
202100042715;125 281;10;0;0;0;0;0
202100042715;125 282;7;0;0;0;0;1
202100042716;125 278;20;0;1;2;15;0
202100042717;125 277;7;1;0;2;17;1
202100042718;125 276;7;0;2;1;1;1
202100042719;125 274;7;0;2;1;2;1
202100042719;125 275;7;0;2;4;1;1
202100042720;125 272;7;0;2;3;20;1
202100042720;125 273;7;0;2;2;1;1
202100042721;125 271;30;7;0;1;1;1
202100042722;125 270;50;0;0;0;1;3
202100042723;125 268;33;0;2;2;1;1
202100042723;125 269;7;0;2;1;23;1
202100042724;125 266;7;0;2;4;1;1
202100042724;125 267;7;0;2;1;2;1
202100042725;125 265;7;0;1;5;4;1
202100042726;125 263;36;1;0;1;1;6
202100042726;125 264;7;0;2;7;23;0
202100042727;125 262;33;6;0;1;1;1
202100042728;125 261;7;0;0;9;21;1
202100042729;125 259;7;0;2;2;2;1
202100042729;125 260;1;0;0;4;2;5
202100042730;125 258;33;6;0;1;1;6
202100042731;125 257;33;13;0;1;1;1
202100042732;125 255;10;0;2;3;1;1
202100042732;125 256;7;15;2;7;1;1
202100042733;125 253;7;0;2;3;13;1
202100042733;125 254;7;0;2;3;1;1
202100042734;125 251;7;0;9;1;1;1
202100042734;125 252;1;0;2;1;0;5
202100042735;125 249;31;0;2;3;1;1
202100042735;125 250;7;0;2;3;17;0
202100042736;125 247;31;0;2;1;19;0
202100042736;125 248;7;0;2;2;1;0
202100042737;125 244;7;0;0;9;1;1
202100042738;125 243;7;2;0;1;1;1
202100042739;125 241;2;0;2;1;1;1
202100042739;125 242;7;0;2;3;15;1
202100042740;125 240;10;0;1;2;20;0
202100042741;125 239;7;2;0;3;1;1
202100042742;125 238;7;3;0;1;14;1
202100042743;125 236;33;0;2;1;5;1
202100042743;125 237;7;0;2;1;1;1
202100042744;125 234;2;0;2;4;1;1
202100042744;125 235;7;0;2;3;1;1
202100042745;125 233;7;0;1;2;1;1
202100042746;125 232;33;3;0;3;0;1
202100042747;125 231;34;6;0;1;1;1
202100042748;125 229;7;13;2;2;16;1
202100042748;125 230;7;0;2;1;1;1
202100042749;125 227;21;0;2;3;15;1
202100042749;125 228;33;0;2;3;1;1
202100042750;125 226;32;0;0;2;0;1
202100042751;125 225;7;8;0;1;14;1
202100042752;125 224;2;17;0;1;0;1
202100042753;125 223;31;0;0;0;0;1
202100042754;125 221;7;0;2;3;2;1
202100042754;125 222;2;0;0;8;0;1
202100042755;125 220;32;0;1;1;1;1
202100042756;125 219;33;0;0;0;1;1
202100042757;125 218;33;1;0;1;1;1
202100042758;125 216;7;0;2;3;1;1
202100042758;125 217;7;0;2;3;13;1
202100042759;125 215;7;8;0;3;13;1
202100042760;125 214;7;2;0;3;1;1
202100042761;125 212;33;15;0;3;17;1
202100042762;125 210;7;2;0;7;13;1
202100042763;125 208;33;0;2;1;2;1
202100042763;125 209;10;0;0;7;16;1
202100042764;125 206;7;3;0;9;1;1
202100042765;125 204;7;5;2;5;19;1
202100042765;125 205;7;5;2;1;1;1
202100042766;125 203;10;0;1;2;1;1
202100042767;125 202;7;13;0;2;14;1
202100042768;125 201;7;3;0;2;1;0
202100042769;125 199;7;0;2;8;1;1
202100042769;125 200;33;0;2;8;13;1
202100042770;125 197;7;8;0;6;23;1
202100042770;125 198;7;1;0;2;1;1
202100042771;125 195;7;0;2;2;1;1
202100042771;125 196;10;0;2;0;13;1
202100042772;125 193;10;0;2;8;1;1
202100042772;125 194;2;0;2;3;1;1
202100042773;125 192;7;0;0;0;12;1
202100042774;125 190;33;0;2;1;2;1
202100042774;125 191;7;0;2;2;15;1
202100042775;125 189;2;0;0;0;1;1
202100042776;125 188;2;12;0;1;1;1
202100042777;125 187;33;0;1;7;17;1
202100042778;125 185;7;0;2;3;1;1
202100042778;125 186;7;0;2;3;13;1
202100042779;125 183;33;0;2;8;10;1
202100042779;125 184;33;0;2;1;1;1
202100042780;125 182;33;12;0;7;1;1
202100042781;125 181;36;13;0;2;1;1
202100042782;125 180;33;15;0;9;1;1
202100042783;125 178;1;0;2;1;9;5
202100042783;125 179;7;0;9;3;1;1
202100042784;125 177;7;13;0;1;1;1
202100042785;125 176;33;6;0;1;14;1
202100042786;125 175;30;8;0;1;10;1
202100042787;125 174;33;13;0;1;1;1
202100042788;125 173;33;2;0;1;0;1
202100042789;125 172;31;0;0;0;17;1
202100042790;125 171;33;0;0;0;0;1
202100042791;125 169;7;0;2;2;17;1
202100042791;125 170;1;0;0;4;1;5
202100042792;125 168;7;9;0;1;12;1
202100042793;125 167;7;6;0;1;1;1
202100042794;125 165;7;0;2;1;19;1
202100042794;125 166;7;0;2;1;1;1
202100042795;125 164;7;0;0;1;1;1
202100042796;125 162;7;0;2;1;2;1
202100042796;125 163;7;0;2;4;2;1
202100042797;125 161;7;3;0;1;14;1
202100042798;125 159;7;0;2;1;1;1
202100042798;125 160;7;0;2;4;1;1
202100042799;125 155;7;0;2;1;1;1
202100042799;125 156;10;0;2;4;1;1
202100042799;125 157;10;0;2;4;1;1
202100042799;125 158;7;0;2;4;1;1
202100042800;125 153;2;0;2;4;1;1
202100042800;125 154;7;0;2;1;1;1
202100042801;125 152;33;0;0;7;9;1
202100042802;125 151;33;0;1;7;0;0
202100042803;125 149;7;0;2;3;13;1
202100042803;125 150;2;0;2;1;2;1
202100042804;125 148;32;0;0;8;1;1
202100042805;125 146;2;0;2;1;16;1
202100042805;125 147;7;0;9;8;1;1
202100042806;125 144;2;0;2;1;1;1
202100042806;125 145;7;0;2;7;15;1
202100042807;125 143;99;13;0;1;26;1
202100042808;125 141;1;0;2;1;1;5
202100042808;125 142;7;0;2;2;15;1
202100042809;125 139;7;0;2;3;15;1
202100042809;125 140;1;0;2;3;1;5
202100042810;125 137;10;0;2;5;2;1
202100042810;125 138;32;0;2;7;2;1
202100042811;125 135;7;1;2;1;26;1
202100042811;125 136;7;0;2;8;1;1
202100042812;125 133;2;0;2;1;5;1
202100042812;125 134;7;0;2;3;1;1
202100042813;125 131;30;0;2;1;1;1
202100042813;125 132;7;0;2;2;1;1
202100042814;125 129;7;0;2;4;2;1
202100042814;125 130;43;0;2;1;2;1
202100042815;125 128;33;16;2;0;21;1
202100042816;125 127;7;0;1;7;1;1
202100042817;125 126;1;0;1;7;0;5
202100042818;125 124;7;0;2;3;26;1
202100042818;125 125;2;0;2;7;12;1
202100042819;125 123;39;0;1;3;1;3
202100042820;125 122;1;0;0;0;1;6
202100042821;125 121;7;9;1;1;14;1
202100042822;125 119;7;0;2;8;15;1
202100042822;125 120;33;0;2;1;17;1
202100042823;125 117;34;0;2;7;1;1
202100042823;125 118;7;0;2;3;9;1
202100042824;125 115;7;0;2;1;1;1
202100042824;125 116;30;0;2;1;5;1
202100042825;125 114;7;0;1;3;1;1
202100042826;125 112;7;0;2;3;15;1
202100042826;125 113;1;0;2;1;1;5
202100042827;125 110;7;0;2;5;2;1
202100042827;125 111;33;0;2;1;2;1
202100042828;125 108;7;0;2;2;0;1
202100042828;125 109;33;0;2;1;0;1
202100042829;125 106;31;0;2;6;23;1
202100042829;125 107;15;0;2;1;0;1
202100042830;125 105;7;2;0;1;1;1
202100042831;125 104;32;8;0;2;13;1
202100042832;125 103;33;12;0;1;0;1
202100042833;125 102;7;0;0;2;0;0
202100042834;125 100;1;0;2;3;1;5
202100042834;125 101;32;0;2;2;9;1
202100042835;125 098;31;0;2;1;19;1
202100042835;125 099;7;0;2;3;19;1
202100042836;125 096;7;0;2;3;13;1
202100042836;125 097;7;0;2;3;1;1
202100042837;125 094;32;0;9;1;1;1
202100042837;125 095;1;0;2;8;15;5
202100042838;125 092;7;0;2;3;10;1
202100042838;125 093;1;0;2;3;2;0
202100042839;125 091;7;0;1;1;1;1
202100042840;125 090;30;0;1;1;1;1
202100042841;125 088;40;0;2;1;1;3
202100042841;125 089;7;0;4;5;1;1
202100042842;125 086;13;0;2;1;15;1
202100042842;125 087;7;0;2;3;15;1
202100042843;125 084;7;0;2;8;1;1
202100042843;125 085;7;11;2;3;13;1
202100042844;125 083;10;0;1;7;1;1
202100042845;125 082;7;0;1;3;15;1
202100042846;125 080;7;0;0;0;0;0
202100042846;125 081;50;0;2;1;1;3
202100042847;125 078;30;0;2;1;1;1
202100042847;125 079;7;0;2;3;15;1
202100042848;125 077;7;1;0;2;14;1
202100042849;125 075;7;0;2;2;15;1
202100042849;125 076;1;0;2;1;1;5
202100042850;125 073;1;0;2;7;1;5
202100042850;125 074;7;0;2;3;9;1
202100042851;125 071;1;0;2;8;1;5
202100042851;125 072;7;0;0;0;0;1
202100042852;125 069;7;0;2;1;1;1
202100042852;125 070;7;0;2;3;15;1
202100042853;125 067;7;0;9;1;0;1
202100042853;125 068;1;0;2;5;2;5
202100042854;125 065;7;0;2;6;15;1
202100042854;125 066;33;0;2;1;17;1
202100042855;125 063;1;0;2;1;5;5
202100042855;125 064;7;0;2;1;1;1
202100042856;125 061;7;0;2;8;9;1
202100042856;125 062;33;0;2;1;1;1
202100042857;125 059;7;0;0;5;2;1
202100042857;125 060;2;0;2;1;2;1
202100042858;125 058;31;8;0;0;26;0
202100042859;125 057;7;0;1;1;1;1
202100042860;125 055;7;0;2;8;10;0
202100042860;125 056;33;0;2;1;1;1
202100042861;125 053;7;0;2;3;17;1
202100042861;125 054;7;0;2;2;17;1
202100042862;125 052;30;0;0;0;15;0
202100042863;125 050;32;0;2;1;2;0
202100042863;125 051;7;0;2;3;11;0
202100042864;125 047;7;0;2;2;5;1
202100042864;125 048;7;0;2;0;0;1
202100042864;125 049;10;0;2;0;0;1
202100042865;125 045;7;0;2;4;1;1
202100042865;125 046;7;0;2;1;2;1
202100042866;125 044;7;1;0;9;26;1
202100042867;125 042;7;0;2;3;15;1
202100042867;125 043;2;0;2;7;17;1
202100042868;125 040;33;0;2;4;1;1
202100042868;125 041;7;0;9;2;1;1
202100042869;125 039;7;0;1;1;16;1
202100042870;125 037;2;0;2;3;1;1
202100042870;125 038;17;0;2;3;15;1
202100042871;125 036;30;0;0;1;26;1
202100042872;125 034;7;0;2;0;0;1
202100042872;125 035;2;0;2;0;0;1
202100042873;125 031;33;0;2;1;1;1
202100042873;125 032;7;0;2;3;23;0
202100042873;125 033;7;0;2;6;23;0
202100042874;125 030;32;0;1;1;2;0
202100042875;125 029;31;0;0;8;1;1
202100042876;125 027;33;0;2;7;1;1
202100042876;125 028;7;0;2;2;9;1
202100042877;125 026;7;0;1;0;1;1
202100042878;125 024;37;0;2;3;1;1
202100042878;125 025;7;0;2;0;1;1
202100042879;125 022;50;0;2;0;19;3
202100042879;125 023;7;0;2;3;1;1
202100042880;125 017;7;0;2;8;24;1
202100042880;125 018;10;0;2;1;1;1
202100042880;125 019;7;1;2;2;13;1
202100042880;125 020;10;0;2;1;24;1
202100042880;125 021;10;0;2;6;24;1
202100042881;125 016;7;1;0;1;24;1
202100042882;125 014;7;0;2;7;1;1
202100042882;125 015;30;0;2;1;5;1
202100042883;125 012;21;0;0;4;9;1
202100042883;125 013;7;0;2;0;9;1
202100042884;125 010;7;0;2;2;1;1
202100042884;125 011;7;0;2;3;16;1
202100042885;125 008;7;0;2;1;1;1
202100042885;125 009;7;0;2;1;1;1
202100042886;125 006;33;0;2;1;1;1
202100042886;125 007;7;0;2;3;15;1
202100042887;125 004;7;0;2;4;15;1
202100042887;125 005;7;0;2;1;2;1
202100042888;125 003;7;15;0;1;16;1
202100042889;125 001;7;0;2;0;1;0
202100042889;125 002;30;0;2;8;19;1
202100042890;124 999;7;0;2;8;0;1
202100042890;125 000;30;0;2;1;26;1
202100042891;124 998;30;0;9;1;1;1
202100042892;124 996;7;0;2;1;0;0
202100042892;124 997;31;0;2;3;1;1
202100042893;124 995;7;9;0;1;15;1
202100042894;124 994;2;0;0;0;1;1
202100042895;124 992;1;0;2;8;1;5
202100042895;124 993;7;0;2;2;1;1
202100042896;124 989;7;0;2;2;1;1
202100042896;124 990;33;4;2;7;1;1
202100042896;124 991;10;0;2;6;13;1
202100042897;124 987;7;0;2;8;22;1
202100042897;124 988;1;1;0;1;26;5
202100042898;124 986;7;0;1;3;26;1
202100042899;124 985;99;0;0;0;26;5
202100042900;124 983;7;0;0;0;0;0
202100042900;124 984;31;0;2;1;15;1
202100042901;124 982;33;17;0;1;1;1
202100042902;124 980;7;0;2;8;12;1
202100042902;124 981;43;0;2;3;3;1
202100042903;124 977;33;0;2;1;3;1
202100042903;124 978;7;0;2;7;12;1
202100042903;124 979;7;0;2;5;1;1
202100042904;124 975;14;0;2;6;11;1
202100042904;124 976;43;0;2;2;1;1
202100042905;124 974;2;0;1;1;1;1
202100042906;124 973;7;0;1;1;1;2
202100042907;124 971;10;0;2;8;22;1
202100042907;124 972;1;0;2;1;1;5
202100042908;124 970;7;0;1;1;1;0
202100042909;124 968;50;0;2;5;19;3
202100042909;124 969;31;0;2;1;1;1
202100042910;124 967;30;0;1;2;1;1
202100042911;124 965;7;0;2;3;1;1
202100042911;124 966;30;0;2;1;13;1
202100042912;124 963;30;0;2;4;24;3
202100042912;124 964;32;0;2;1;1;1
202100042913;124 962;33;0;1;1;1;1
202100042914;124 960;1;0;2;1;1;5
202100042914;124 961;7;0;2;3;22;1
202100042915;124 958;1;0;2;1;2;5
202100042915;124 959;7;0;2;6;23;2
202100042916;124 957;14;0;1;6;16;1
202100042917;124 955;7;0;2;6;16;1
202100042917;124 956;30;0;2;2;1;1
202100042918;124 954;30;7;0;1;13;3
202100042919;124 953;7;1;9;2;26;1
202100042920;124 951;1;0;2;8;0;5
202100042920;124 952;7;0;2;0;1;0
202100042921;124 949;1;0;9;1;1;5
202100042921;124 950;1;0;2;1;1;5
202100042922;124 947;7;0;2;3;23;1
202100042922;124 948;10;0;2;2;9;1
202100042923;124 944;33;0;2;1;1;1
202100042923;124 945;15;0;2;3;15;1
202100042923;124 946;80;0;2;1;23;3
202100042924;124 942;7;2;2;1;1;1
202100042924;124 943;7;0;2;2;15;1
202100042925;124 940;30;0;9;0;0;1
202100042925;124 941;50;0;2;7;1;3
202100042926;124 939;7;0;1;1;1;1
202100042927;124 937;7;0;2;3;1;2
202100042927;124 938;31;6;0;7;1;3
202100042928;124 935;30;0;2;7;26;1
202100042928;124 936;7;0;2;1;1;1
202100042929;124 934;10;14;0;3;15;1
202100042930;124 932;32;0;2;1;1;1
202100042930;124 933;7;0;2;3;26;1
202100042931;124 931;10;8;0;1;26;1
202100042932;124 930;10;0;1;1;15;1
202100042933;124 928;30;0;2;1;1;1
202100042933;124 929;7;0;2;5;12;1
202100042934;124 926;7;0;2;4;23;1
202100042934;124 927;30;0;2;1;2;1
202100042935;124 924;7;0;2;3;16;0
202100042935;124 925;2;0;2;3;1;1
202100042936;124 922;7;0;2;1;2;2
202100042936;124 923;7;0;2;4;1;1
202100042937;124 920;80;0;2;3;1;3
202100042937;124 921;1;0;2;3;1;5
202100042938;124 918;10;0;2;1;1;1
202100042938;124 919;7;0;2;2;1;1
202100042939;124 916;30;0;2;2;1;1
202100042939;124 917;7;0;2;3;20;1
202100042940;124 915;7;0;1;2;16;1
202100042941;124 914;33;14;0;8;1;1
202100042942;124 912;1;0;2;1;1;5
202100042942;124 913;7;0;9;3;15;1
202100042943;124 910;7;0;2;3;17;1
202100042943;124 911;1;0;0;1;1;5