Num_Acc;id_vehicule;categorie_vehicule;obstacle_fixe;obstacle_mobile;point_choc_initial;manoeuvre_principale;motorisation
202100043735;123 513;30;0;2;1;9;1
202100043736;123 511;31;0;0;0;9;1
202100043737;123 508;7;0;2;2;14;1
202100043737;123 509;7;0;2;1;1;1
202100043737;123 510;32;0;2;1;14;1
202100043738;123 505;7;0;2;9;17;1
202100043738;123 506;17;0;2;8;1;1
202100043738;123 507;10;0;2;8;1;1
202100043739;123 503;7;0;2;8;0;1
202100043739;123 504;30;0;2;8;0;1
202100043740;123 501;7;0;2;3;1;1
202100043740;123 502;7;0;2;6;15;1
202100043741;123 499;99;0;2;3;1;1
202100043741;123 500;7;2;2;1;9;1
202100043742;123 497;7;0;2;3;13;1
202100043742;123 498;7;0;2;3;1;1
202100043743;123 495;10;0;2;2;1;1
202100043743;123 496;1;0;2;1;5;5
202100043744;123 494;10;4;0;1;2;1
202100043745;123 492;7;0;2;2;1;1
202100043745;123 493;3;0;2;1;14;1
202100043746;123 491;7;15;0;2;14;1
202100043747;123 489;7;0;2;3;1;1
202100043747;123 490;30;0;2;8;19;1
202100043748;123 487;7;0;2;1;13;1
202100043748;123 488;7;0;2;1;1;1
202100043749;123 485;2;0;2;1;1;3
202100043749;123 486;7;0;2;3;20;1
202100043750;123 484;7;1;0;9;1;1
202100043751;123 481;32;12;0;1;16;1
202100043752;123 479;7;0;2;1;5;1
202100043752;123 480;7;0;2;1;1;1
202100043753;123 477;7;0;2;1;11;1
202100043753;123 478;7;0;2;8;15;1
202100043754;123 475;34;0;2;1;26;1
202100043754;123 476;7;0;2;5;2;1
202100043755;123 474;10;0;1;2;15;1
202100043756;123 472;7;0;2;2;1;1
202100043756;123 473;7;0;2;3;9;1
202100043757;123 471;7;13;0;0;1;1
202100043758;123 469;7;0;2;2;1;1
202100043758;123 470;7;0;2;3;16;1
202100043759;123 467;7;0;2;3;15;1
202100043759;123 468;7;0;2;8;1;1
202100043760;123 465;7;0;2;7;15;1
202100043760;123 466;2;0;2;1;1;1
202100043761;123 464;31;0;0;1;26;1
202100043762;123 463;10;0;1;4;4;1
202100043763;123 461;2;0;2;1;17;1
202100043763;123 462;7;0;2;6;15;1
202100043764;123 460;7;0;1;1;1;1
202100043765;123 458;7;0;2;1;1;1
202100043765;123 459;10;0;2;7;1;1
202100043766;123 457;37;0;1;8;15;1
202100043767;123 455;7;0;2;1;2;1
202100043767;123 456;7;0;2;4;1;1
202100043768;123 453;7;0;2;8;23;1
202100043768;123 454;7;0;2;3;13;1
202100043769;123 451;2;0;2;1;1;1
202100043769;123 452;7;0;2;4;1;1
202100043770;123 449;7;0;2;4;23;1
202100043770;123 450;10;0;2;1;1;1
202100043771;123 447;30;0;2;8;1;1
202100043771;123 448;7;0;2;1;15;0
202100043772;123 445;33;0;2;1;1;1
202100043772;123 446;7;0;2;6;1;1
202100043773;123 443;33;0;2;1;3;1
202100043773;123 444;7;0;2;6;15;1
202100043774;123 441;34;0;2;1;1;1
202100043774;123 442;7;0;2;7;15;1
202100043775;123 438;7;0;0;0;0;1
202100043775;123 439;10;0;0;1;2;1
202100043775;123 440;7;0;0;0;0;1
202100043776;123 436;7;0;2;4;2;1
202100043776;123 437;2;0;2;1;2;1
202100043777;123 434;7;0;2;1;1;1
202100043777;123 435;50;0;2;1;19;3
202100043778;123 430;33;0;2;7;12;1
202100043778;123 431;7;0;2;6;1;1
202100043779;123 429;10;0;1;7;1;1
202100043780;123 428;33;0;0;8;21;1
202100043781;123 427;7;16;0;9;1;1
202100043782;123 425;7;0;2;1;1;1
202100043782;123 426;7;0;2;4;24;1
202100043783;123 423;7;0;2;2;15;1
202100043783;123 424;2;0;2;7;1;1
202100043784;123 421;7;0;2;5;15;1
202100043784;123 422;2;0;2;1;0;1
202100043785;123 419;1;0;2;2;1;5
202100043785;123 420;7;0;2;3;15;1
202100043786;123 416;7;0;2;4;2;1
202100043786;123 417;32;0;2;4;2;1
202100043786;123 418;7;0;2;1;2;0
202100043787;123 414;7;0;2;1;2;1
202100043787;123 415;7;0;2;4;2;1
202100043788;123 412;31;0;2;1;2;1
202100043788;123 413;7;0;2;4;2;1
202100043789;123 410;33;0;2;3;3;1
202100043789;123 411;7;0;2;5;12;1
202100043790;123 409;7;0;1;1;1;2
202100043791;123 407;50;0;2;1;1;3
202100043791;123 408;7;0;2;1;16;1
202100043792;123 405;37;0;2;2;16;3
202100043792;123 406;1;0;2;3;1;5
202100043793;123 403;10;0;2;7;16;3
202100043793;123 404;80;0;2;1;1;3
202100043794;123 402;7;0;1;1;15;1
202100043795;123 400;31;0;2;1;1;1
202100043795;123 401;30;0;2;8;9;1
202100043796;123 398;80;0;2;8;1;3
202100043796;123 399;7;0;2;2;14;1
202100043797;123 396;7;0;2;3;1;1
202100043797;123 397;7;0;2;1;15;1
202100043798;123 394;50;0;2;8;1;3
202100043798;123 395;7;0;2;1;1;1
202100043799;123 393;7;0;1;2;9;1
202100043800;123 391;7;0;2;5;1;1
202100043800;123 392;7;0;2;2;9;1
202100043801;123 390;10;0;1;4;26;1
202100043802;123 388;32;0;2;1;3;1
202100043802;123 389;7;1;0;0;11;1
202100043803;123 385;7;0;2;2;10;1
202100043803;123 386;37;0;2;5;9;1
202100043803;123 387;7;0;2;1;2;1
202100043804;123 383;7;0;2;1;13;1
202100043804;123 384;7;0;2;1;23;2
202100043805;123 381;7;0;2;3;15;1
202100043805;123 382;7;0;2;1;1;1
202100043806;123 379;7;0;2;3;1;1
202100043806;123 380;30;0;2;0;0;1
202100043807;123 377;7;0;2;3;2;1
202100043807;123 378;32;16;0;4;23;1
202100043808;123 375;7;1;0;2;0;1
202100043808;123 376;7;0;2;2;1;1
202100043809;123 373;31;0;2;2;0;1
202100043809;123 374;7;0;2;3;15;1
202100043810;123 372;7;0;1;1;1;1
202100043811;123 371;30;0;0;3;26;1
202100043812;123 369;7;0;2;4;1;1
202100043812;123 370;7;0;2;1;2;1
202100043813;123 367;7;0;2;8;22;1
202100043813;123 368;1;1;0;7;2;0
202100043814;123 366;7;0;1;4;4;1
202100043815;123 365;30;0;1;3;17;1
202100043816;123 363;10;0;2;8;13;1
202100043816;123 364;30;0;2;8;17;0
202100043817;123 361;7;1;1;3;14;1
202100043817;123 362;7;0;0;6;24;1
202100043818;123 359;7;0;2;8;1;1
202100043818;123 360;7;0;2;8;13;1
202100043819;123 358;1;0;9;1;0;5
202100043820;123 354;7;1;0;3;21;1
202100043820;123 355;7;3;2;7;17;1
202100043820;123 356;17;0;2;8;17;1
202100043820;123 357;17;0;0;5;24;1
202100043821;123 352;7;0;2;1;0;1
202100043821;123 353;7;0;2;4;0;1
202100043822;123 350;31;0;2;1;17;1
202100043822;123 351;7;0;0;3;15;1
202100043823;123 349;7;0;0;1;1;1
202100043824;123 348;80;0;0;0;0;3
202100043825;123 347;7;2;0;8;1;3
202100043826;123 345;7;0;2;8;15;1
202100043826;123 346;30;0;2;1;1;1
202100043827;123 343;15;0;2;2;15;1
202100043827;123 344;33;0;2;1;1;1
202100043828;123 341;2;0;2;1;17;1
202100043828;123 342;7;0;2;3;15;1
202100043829;123 339;7;0;2;1;1;1
202100043829;123 340;7;0;2;1;13;1
202100043830;123 338;33;13;9;9;13;1
202100043831;123 337;32;13;0;8;1;1
202100043832;123 335;7;0;2;3;1;1
202100043832;123 336;7;0;2;3;1;1
202100043833;123 334;7;2;0;5;14;1
202100043834;123 333;2;0;1;3;1;1
202100043835;123 328;7;0;2;9;1;0
202100043835;123 329;7;0;2;9;23;1
202100043835;123 330;7;0;2;1;1;1
202100043835;123 331;7;0;2;9;23;1
202100043835;123 332;7;0;2;9;23;1
202100043836;123 325;17;0;6;1;1;1
202100043836;123 326;7;0;6;2;1;1
202100043836;123 327;7;3;6;1;1;1
202100043837;123 321;7;0;2;7;13;1
202100043837;123 322;7;0;2;1;1;1
202100043838;123 319;7;0;2;3;19;1
202100043838;123 320;32;0;2;1;1;1
202100043839;123 317;1;0;2;1;19;0
202100043839;123 318;7;0;9;2;1;1
202100043840;123 315;33;0;2;1;0;1
202100043840;123 316;7;0;2;3;10;1
202100043841;123 313;2;0;2;1;1;1
202100043841;123 314;2;0;2;3;19;1
202100043842;123 309;33;4;0;7;1;1
202100043843;123 307;33;0;2;0;1;1
202100043843;123 308;7;0;2;1;1;1
202100043844;123 305;31;0;2;8;1;1
202100043844;123 306;7;0;2;3;13;1
202100043845;123 300;10;0;1;1;1;1
202100043846;123 298;14;0;2;2;12;1
202100043846;123 299;7;0;2;3;1;1
202100043847;123 296;7;0;2;1;2;1
202100043847;123 297;7;0;2;4;1;1
202100043848;123 295;7;14;0;1;0;1
202100043849;123 293;7;0;2;6;2;2
202100043849;123 294;7;0;2;2;2;1
202100043850;123 292;34;1;0;1;2;1
202100043851;123 289;7;0;2;4;24;1
202100043851;123 290;10;1;0;1;26;1
202100043851;123 291;7;0;2;4;24;1
202100043852;123 284;7;0;2;1;0;1
202100043852;123 285;7;0;2;4;0;1
202100043852;123 286;7;0;2;1;0;1
202100043852;123 287;10;0;2;4;0;1
202100043852;123 288;10;0;2;8;0;1
202100043853;123 282;7;0;2;3;1;1
202100043853;123 283;34;0;2;1;5;1
202100043854;123 280;7;0;2;1;26;0
202100043854;123 281;7;0;2;8;23;1
202100043855;123 278;17;0;2;3;11;1
202100043855;123 279;7;0;2;5;1;1
202100043856;123 276;37;0;2;3;1;1
202100043856;123 277;7;0;2;8;17;1
202100043857;123 274;7;0;2;2;1;2
202100043857;123 275;7;0;2;2;1;2
202100043858;123 271;10;0;1;3;15;1
202100043859;123 269;99;0;2;1;1;3
202100043859;123 270;7;0;2;0;0;0
202100043860;123 267;7;0;2;3;1;1
202100043860;123 268;30;0;2;1;0;1
202100043861;123 266;7;9;0;1;26;1
202100043862;123 264;7;6;9;1;1;1
202100043862;123 265;1;6;2;8;19;0
202100043863;123 263;7;0;1;1;1;1
202100043864;123 261;14;0;9;5;17;1
202100043864;123 262;1;0;0;0;2;5
202100043865;123 260;7;15;0;8;;1
202100043866;123 258;7;0;2;2;0;1
202100043866;123 259;7;0;2;8;9;1
202100043867;123 257;7;0;1;1;1;0
202100043868;123 256;30;12;0;8;13;1
202100043869;123 254;1;0;2;4;1;5
202100043869;123 255;7;0;2;3;16;1
202100043870;123 252;2;0;2;1;1;1
202100043870;123 253;7;0;2;4;2;1
202100043871;123 250;7;0;2;2;16;1
202100043871;123 251;2;0;2;2;18;1
202100043872;123 249;99;0;1;1;15;1
202100043873;123 247;13;5;2;2;12;0
202100043873;123 248;7;3;2;6;1;1
202100043874;123 246;7;0;1;8;15;1
202100043875;123 245;7;0;1;1;1;1
202100043876;123 243;7;0;2;1;1;1
202100043876;123 244;7;0;2;1;1;1
202100043877;123 241;10;0;0;8;15;1
202100043877;123 242;31;0;2;1;17;1
202100043878;123 240;7;0;1;7;1;1
202100043879;123 239;7;0;1;2;1;1
202100043880;123 236;7;0;2;1;1;1
202100043880;123 237;7;0;2;1;26;1
202100043880;123 238;7;9;0;5;15;1
202100043881;123 234;7;0;2;2;16;1
202100043881;123 235;1;0;2;1;1;0
202100043882;123 233;15;13;0;2;26;1
202100043883;123 230;7;0;0;0;0;0
202100043883;123 231;3;0;0;0;0;0
202100043883;123 232;7;0;0;0;0;0
202100043884;123 228;7;0;2;2;1;1
202100043884;123 229;1;0;2;1;9;5
202100043885;123 226;50;0;2;1;1;3
202100043885;123 227;7;0;2;5;2;1
202100043886;123 224;37;0;2;0;0;1
202100043886;123 225;10;0;2;2;15;1
202100043887;123 222;7;0;2;2;15;1
202100043887;123 223;31;0;2;3;1;1
202100043888;123 221;30;0;1;1;11;0
202100043889;123 219;7;0;0;0;24;0
202100043889;123 220;2;0;2;2;21;0
202100043890;123 217;7;0;2;8;1;1
202100043890;123 218;7;0;2;1;1;1
202100043891;123 215;7;0;2;3;9;1
202100043891;123 216;7;0;2;1;1;1
202100043892;123 211;2;0;2;1;17;1
202100043892;123 212;1;0;2;4;15;5
202100043893;123 209;15;0;0;0;1;1
202100043893;123 210;7;4;0;0;1;1
202100043894;123 208;7;0;1;2;19;1
202100043895;123 207;7;3;2;3;19;1
202100043896;123 206;7;1;0;1;14;1
202100043897;123 204;34;0;2;4;23;1
202100043897;123 205;7;0;2;1;26;1
202100043898;123 202;33;0;2;1;1;1
202100043898;123 203;7;0;2;3;10;1
202100043899;123 200;30;0;2;1;0;1
202100043899;123 201;7;0;2;1;0;0
202100043900;123 198;31;0;2;1;1;1
202100043900;123 199;7;0;2;0;15;1
202100043901;123 197;7;1;0;2;1;1
202100043902;123 195;7;0;2;5;1;1
202100043902;123 196;13;0;2;1;0;1
202100043903;123 193;7;0;2;3;1;1
202100043903;123 194;32;0;2;4;23;1
202100043904;123 191;33;0;2;4;2;1
202100043904;123 192;7;0;2;1;2;1
202100043905;123 190;80;0;2;0;21;3
202100043906;123 188;7;0;2;2;1;1
202100043906;123 189;50;0;2;3;13;3
202100043907;123 186;32;0;2;1;1;1
202100043907;123 187;1;0;2;4;21;5
202100043908;123 184;1;0;2;4;17;5
202100043908;123 185;7;0;2;1;17;1
202100043909;123 181;10;0;2;5;2;1
202100043909;123 182;33;0;2;1;2;1
202100043909;123 183;7;0;2;6;1;1
202100043910;123 179;7;0;2;1;15;1
202100043910;123 180;34;0;2;3;7;1
202100043911;123 178;50;0;1;1;1;3
202100043912;123 177;32;9;0;5;13;1
202100043913;123 175;33;0;2;4;23;1
202100043913;123 176;32;0;2;1;2;1
202100043914;123 173;10;0;2;2;16;1
202100043914;123 174;1;0;2;1;1;5
202100043915;123 172;7;0;1;4;4;1
202100043916;123 171;7;0;1;7;4;2
202100043917;123 170;10;7;0;3;1;1
202100043918;123 169;7;0;1;1;15;1
202100043919;123 167;7;0;2;3;2;1
202100043919;123 168;1;0;2;0;0;5
202100043920;123 166;7;0;1;0;0;6
202100043921;123 164;7;0;2;1;1;0
202100043921;123 165;17;0;2;4;23;0
202100043922;123 162;30;0;2;4;11;1
202100043922;123 163;7;0;2;1;1;1
202100043923;123 161;0;0;1;0;0;0
202100043924;123 159;30;0;2;2;17;1
202100043924;123 160;10;0;2;3;15;1
202100043925;123 157;7;0;2;4;15;1
202100043925;123 158;7;0;2;1;23;1
202100043926;123 155;10;0;2;1;1;1
202100043926;123 156;7;0;0;4;1;1
202100043927;123 154;7;0;1;3;1;1
202100043928;123 153;10;0;1;1;1;1
202100043929;123 151;34;0;2;8;18;1
202100043929;123 152;37;0;2;2;16;0
202100043930;123 149;7;0;2;3;16;1
202100043930;123 150;1;0;2;1;1;0
202100043931;123 147;31;0;2;1;1;1
202100043931;123 148;7;0;9;2;10;1
202100043932;123 145;7;0;2;3;15;1
202100043932;123 146;2;0;2;1;17;1
202100043933;123 144;37;0;2;2;17;1
202100043934;123 143;7;0;1;2;1;2
202100043935;123 142;1;13;0;1;26;0
202100043936;123 140;7;0;2;3;13;1
202100043936;123 141;1;0;2;3;21;6
202100043937;123 139;30;0;1;1;7;1
202100043938;123 137;1;1;0;1;1;5
202100043938;123 138;7;0;9;6;22;1
202100043939;123 136;7;8;0;1;13;1
202100043940;123 135;14;0;1;5;4;1
202100043941;123 134;1;0;1;3;1;5
202100043942;123 132;32;0;2;1;1;1
202100043942;123 133;7;0;2;3;15;1
202100043943;123 130;7;0;2;3;1;1
202100043943;123 131;7;0;2;3;1;1
202100043944;123 128;10;0;2;8;19;1
202100043944;123 129;7;0;2;1;1;1
202100043945;123 127;7;0;0;0;0;1
202100043946;123 125;2;0;2;1;1;1
202100043946;123 126;2;0;2;1;1;1
202100043947;123 123;7;0;2;2;15;1
202100043947;123 124;7;13;2;3;1;1
202100043948;123 121;7;13;0;9;1;1
202100043949;123 119;7;0;2;8;15;1
202100043949;123 120;2;0;2;1;17;1
202100043950;123 117;7;0;2;2;1;1
202100043950;123 118;1;0;0;4;1;5
202100043951;123 115;17;0;2;4;1;1
202100043951;123 116;10;0;2;1;2;1
202100043952;123 113;2;0;2;1;1;1
202100043952;123 114;7;0;2;4;20;1
202100043953;123 112;2;13;0;1;0;1
202100043954;123 110;10;0;2;3;15;1
202100043954;123 111;7;0;2;1;17;1
202100043955;123 108;7;0;2;2;13;1
202100043955;123 109;10;0;2;2;11;1
202100043956;123 107;7;13;0;2;1;1
202100043957;123 106;7;0;0;0;0;3
202100043958;123 104;7;0;0;0;17;0
202100043958;123 105;17;13;0;3;21;1
202100043959;123 103;7;6;0;3;1;1
202100043960;123 101;31;0;2;2;13;1
202100043960;123 102;7;0;2;2;1;1
202100043961;123 100;7;15;0;1;2;1
202100043962;123 099;7;0;1;3;2;1
202100043963;123 098;7;0;1;3;1;1
202100043964;123 096;60;0;2;0;23;5
202100043964;123 097;41;0;2;0;2;0
202100043965;123 094;7;0;0;3;1;1
202100043965;123 095;7;0;0;3;1;1
202100043966;123 092;10;0;2;2;2;1
202100043966;123 093;7;0;2;3;19;1
202100043967;123 091;13;13;0;1;1;1
202100043968;123 089;7;0;0;4;0;1
202100043968;123 090;10;0;2;1;1;1
202100043969;123 086;7;6;0;2;1;1
202100043970;123 084;2;0;2;1;21;1
202100043970;123 085;10;0;2;8;9;0
202100043971;123 082;7;0;2;2;15;1
202100043971;123 083;7;13;2;1;1;1
202100043972;123 080;7;0;2;3;19;1
202100043972;123 081;37;0;2;2;1;2
202100043973;123 079;33;0;2;1;2;1
202100043974;123 077;15;0;2;1;1;1
202100043974;123 078;7;0;2;1;13;1
202100043975;123 075;10;0;2;1;2;1
202100043975;123 076;7;0;2;4;15;1
202100043976;123 074;7;11;0;1;2;1
202100043977;123 073;80;0;0;9;1;3
202100043978;123 072;15;0;0;9;1;1
202100043979;123 071;2;9;9;1;1;1
202100043980;123 069;7;0;0;3;1;1
202100043980;123 070;10;0;2;2;25;3
202100043981;123 068;7;0;0;9;1;1
202100043982;123 065;15;0;2;1;1;1
202100043982;123 066;10;0;2;1;5;1
202100043983;123 064;7;6;0;1;13;1
202100043984;123 062;1;0;2;1;1;5
202100043984;123 063;7;0;2;2;16;1
202100043985;123 061;7;13;0;2;1;1
202100043986;123 059;2;0;0;8;1;1
202100043986;123 060;7;0;2;3;15;1
202100043987;123 057;7;0;2;1;15;1
202100043987;123 058;7;0;2;1;1;1
202100043988;123 055;7;0;2;1;1;1
202100043988;123 056;7;0;2;7;19;1
202100043989;123 053;13;6;0;1;1;1
202100043990;123 050;7;0;2;1;2;1
202100043990;123 051;7;0;2;4;2;1
202100043990;123 052;7;0;2;4;1;1
202100043991;123 049;10;6;0;1;14;1
202100043992;123 044;10;0;2;4;2;1
202100043992;123 045;7;0;2;4;2;1
202100043992;123 046;7;0;2;1;0;1
202100043992;123 047;7;0;2;4;2;1
202100043992;123 048;7;0;2;1;2;1
202100043993;123 042;7;0;2;4;1;1
202100043993;123 043;7;0;2;1;1;1
202100043994;123 039;10;0;2;1;2;1
202100043994;123 040;7;0;2;4;2;1
202100043994;123 041;7;0;2;4;2;1
202100043995;123 037;7;0;2;3;9;1
202100043995;123 038;31;0;2;1;3;1
202100043996;123 035;7;0;2;6;9;0
202100043996;123 036;7;0;2;1;1;1
202100043997;123 033;7;0;2;4;2;1
202100043997;123 034;15;0;2;1;2;0
202100043998;123 030;7;0;2;4;1;1
202100043998;123 031;10;0;2;1;1;1
202100043998;123 032;7;0;2;4;1;1
202100043999;123 027;30;0;2;7;17;1
202100043999;123 028;7;0;2;8;1;1
202100043999;123 029;30;0;2;9;17;1
202100044000;123 026;7;0;1;3;1;1
202100044001;123 024;7;0;2;4;26;1
202100044001;123 025;1;0;2;5;0;0
202100044002;123 023;7;0;1;1;15;0
202100044003;123 021;7;2;2;1;2;1
202100044003;123 022;7;1;2;4;2;1
202100044004;123 019;10;8;2;1;19;1
202100044004;123 020;7;0;2;3;1;1
202100044005;123 017;7;0;2;3;15;1
202100044005;123 018;43;0;2;7;1;1
202100044006;123 016;7;0;1;1;9;1
202100044007;123 015;7;0;1;3;20;1
202100044008;123 013;33;0;2;2;17;1
202100044008;123 014;7;0;2;3;15;2
202100044009;123 011;7;0;2;3;1;1
202100044009;123 012;33;0;2;2;16;1
202100044010;123 010;7;0;1;3;1;1
202100044011;123 007;10;0;2;4;2;1
202100044011;123 008;7;0;2;4;2;1
202100044011;123 009;7;0;2;1;1;1
202100044012;123 005;1;0;2;1;1;5
202100044012;123 006;7;0;2;7;20;1
202100044013;123 003;7;0;2;1;2;1
202100044013;123 004;7;0;2;4;23;1
202100044014;123 002;7;0;1;1;13;1
202100044015;123 001;30;0;1;7;26;1
202100044016;122 999;7;0;2;4;23;1
202100044016;123 000;7;0;2;1;2;1
202100044017;122 997;2;0;2;1;1;1
202100044017;122 998;7;0;2;3;9;1
202100044018;122 996;7;8;0;2;1;1
202100044019;122 994;7;0;2;2;15;1
202100044019;122 995;32;0;2;1;21;1
202100044020;122 992;7;0;2;3;15;1
202100044020;122 993;7;0;2;4;9;1
202100044021;122 990;10;1;2;7;19;1
202100044021;122 991;7;0;2;1;1;1
202100044022;122 989;33;0;0;0;14;1
202100044023;122 988;1;16;0;0;21;5
202100044024;122 985;7;0;2;4;26;1
202100044024;122 986;7;0;2;4;0;1
202100044024;122 987;7;0;2;1;1;1
202100044025;122 984;10;2;0;3;26;1
202100044026;122 982;7;0;2;1;20;1
202100044026;122 983;31;0;2;1;1;1
202100044027;122 980;7;0;2;5;16;1
202100044027;122 981;33;0;2;1;1;1
202100044028;122 978;10;0;2;4;1;1
202100044028;122 979;30;0;2;1;1;1
202100044029;122 976;80;0;2;8;19;3
202100044029;122 977;7;0;2;1;1;1
202100044030;122 974;17;0;2;4;2;1
202100044030;122 975;37;0;2;1;2;6
202100044031;122 972;7;0;2;1;1;1
202100044031;122 973;7;0;2;7;1;1
202100044032;122 970;33;0;2;8;18;1
202100044032;122 971;7;0;2;2;2;1
202100044033;122 968;7;0;2;3;15;1
202100044033;122 969;32;0;2;2;17;1
202100044034;122 965;7;0;2;4;24;1
202100044034;122 966;7;0;2;2;0;1
202100044034;122 967;31;0;2;0;0;1
202100044035;122 963;7;0;2;2;1;1
202100044035;122 964;32;0;2;1;13;1
202100044036;122 961;30;0;2;5;2;1
202100044036;122 962;7;0;2;5;2;1
202100044037;122 959;31;0;2;1;2;1
202100044037;122 960;7;0;2;2;12;1
202100044038;122 958;7;0;1;1;1;1
202100044039;122 957;7;4;0;1;14;1
202100044040;122 955;32;0;2;4;1;1
202100044040;122 956;7;0;2;1;1;1
202100044041;122 954;33;0;0;3;1;1
202100044042;122 952;7;0;2;6;15;1
202100044042;122 953;33;0;2;2;1;1
202100044043;122 950;7;0;2;3;1;1
202100044043;122 951;30;0;2;1;17;1
202100044044;122 948;2;0;2;6;19;1
202100044044;122 949;1;0;2;1;5;5
202100044045;122 946;30;0;2;1;18;1
202100044045;122 947;14;0;2;7;22;1
202100044046;122 944;33;0;2;1;1;1
202100044046;122 945;33;0;2;8;10;1
202100044047;122 943;1;0;2;1;21;5
202100044048;122 941;50;0;2;3;15;3
202100044048;122 942;7;0;2;2;2;1
202100044049;122 939;1;0;2;1;1;5
202100044049;122 940;50;0;2;1;5;3
202100044050;122 938;1;0;1;8;5;5
202100044051;122 936;32;0;2;1;2;1
202100044051;122 937;32;0;2;0;2;1
202100044052;122 935;1;12;0;1;14;5
202100044053;122 933;1;0;2;8;7;5
202100044053;122 934;10;0;2;2;16;1
202100044054;122 931;7;0;2;1;1;1
202100044054;122 932;33;0;2;3;1;1
202100044055;122 930;43;0;1;1;1;0
202100044056;122 928;15;0;0;3;0;1
202100044056;122 929;7;0;2;3;2;1
202100044057;122 926;7;0;2;2;26;1
202100044057;122 927;33;0;2;3;1;1
202100044058;122 925;10;0;1;1;16;1
202100044059;122 923;10;0;0;1;1;6
202100044059;122 924;2;15;2;1;16;1
202100044060;122 921;10;0;2;6;20;1
202100044060;122 922;2;2;2;3;24;0
202100044061;122 919;10;0;2;8;2;1
202100044061;122 920;2;0;2;1;1;1
202100044062;122 917;7;0;1;1;15;1
202100044063;122 915;32;0;2;4;1;1
202100044063;122 916;7;0;2;3;2;1
202100044064;122 914;10;0;1;1;1;1
202100044065;122 912;7;0;2;1;1;1
202100044065;122 913;7;0;2;3;10;1
202100044066;122 910;7;0;2;3;9;1
202100044066;122 911;1;0;2;1;1;6
202100044067;122 908;7;0;2;6;1;1
202100044067;122 909;36;0;2;2;9;1
202100044068;122 906;10;0;2;1;3;1
202100044068;122 907;2;0;2;1;1;1
202100044069;122 904;33;0;2;3;13;1
202100044069;122 905;7;0;2;3;1;1
202100044070;122 903;2;3;0;7;1;1
202100044071;122 902;33;3;0;3;1;1
202100044072;122 900;10;0;2;1;1;1
202100044072;122 901;1;0;0;8;15;5
202100044073;122 899;7;0;1;1;1;1
202100044074;122 894;7;0;2;3;17;1
202100044074;122 895;7;5;2;3;1;1
202100044074;122 896;7;0;2;3;1;1
202100044075;122 893;7;0;1;2;1;1
202100044076;122 891;10;0;2;2;1;1
202100044076;122 892;7;0;2;3;13;1
202100044077;122 888;7;0;2;1;13;1
202100044077;122 889;7;0;2;3;1;1
202100044077;122 890;7;0;2;1;1;1
202100044078;122 886;7;0;2;3;1;1
202100044078;122 887;7;0;2;2;1;1
202100044079;122 885;33;13;0;1;1;1
202100044080;122 884;7;13;0;2;1;1
202100044081;122 882;17;0;2;6;13;1
202100044081;122 883;17;0;2;3;1;1
202100044082;122 881;7;13;0;1;3;1
202100044083;122 879;7;0;2;3;1;1
202100044083;122 880;7;0;2;3;1;1
202100044084;122 877;10;0;2;2;1;1
202100044084;122 878;32;0;2;8;19;1
202100044085;122 876;7;0;1;3;1;1
202100044086;122 874;7;0;2;6;9;1
202100044086;122 875;33;0;2;1;1;1
202100044087;122 871;7;0;2;1;13;1
202100044087;122 872;7;0;2;1;1;0
202100044088;122 870;7;2;0;3;1;1
202100044089;122 869;7;6;0;0;1;1
202100044090;122 866;10;0;2;3;17;1
202100044090;122 867;7;0;2;3;1;1
202100044090;122 868;17;0;2;3;1;1
202100044091;122 863;15;0;2;2;1;1
202100044091;122 864;7;0;2;6;1;1
202100044091;122 865;7;0;2;1;13;1
202100044092;122 862;33;0;0;1;2;1
202100044093;122 860;33;0;2;8;1;1
202100044093;122 861;7;8;2;1;15;1
202100044094;122 858;7;4;2;3;11;1
202100044094;122 859;7;0;0;4;1;1
202100044095;122 856;80;0;2;3;1;3
202100044095;122 857;33;2;2;1;11;1
202100044096;122 855;33;13;0;1;1;1
202100044097;122 854;7;0;1;3;1;1
202100044098;122 850;50;0;0;2;1;3
202100044098;122 851;7;0;2;3;16;1
202100044099;122 849;7;0;0;1;1;2
202100044100;122 847;1;0;2;1;5;5
202100044100;122 848;7;0;2;1;1;1
202100044101;122 845;7;1;0;1;14;1
202100044101;122 846;15;0;2;4;24;1
202100044102;122 843;7;0;2;1;2;1
202100044102;122 844;15;0;0;4;2;1
202100044103;122 841;13;0;9;7;1;1
202100044103;122 842;1;0;2;8;9;5
202100044104;122 840;7;0;0;9;1;1
202100044105;122 838;7;0;2;2;1;1
202100044105;122 839;7;0;2;3;11;1
202100044106;122 836;7;0;2;1;26;1
202100044106;122 837;7;0;2;4;26;1
202100044107;122 834;10;1;0;2;1;1
202100044107;122 835;7;0;2;6;24;1
202100044108;122 832;2;0;2;2;15;1
202100044108;122 833;10;0;2;3;1;1
202100044109;122 830;33;0;2;8;1;1
202100044109;122 831;7;0;2;2;9;1
202100044110;122 828;10;0;9;2;14;1
202100044110;122 829;80;0;2;2;1;3
202100044111;122 825;7;0;2;6;26;1
202100044111;122 826;7;0;2;4;26;1
202100044111;122 827;7;0;2;1;26;1
202100044112;122 824;80;0;0;0;2;3
202100044113;122 822;7;0;2;5;15;1
202100044113;122 823;30;0;2;1;0;1
202100044114;122 820;30;0;2;8;16;1
202100044114;122 821;7;0;2;7;17;1
202100044115;122 818;2;0;2;1;1;1
202100044115;122 819;7;0;2;1;15;1
202100044116;122 817;30;0;2;4;2;1
202100044117;122 815;7;0;2;7;22;1
202100044117;122 816;2;0;2;3;1;1
202100044118;122 813;2;0;2;1;1;0