Num_Acc;id_vehicule;categorie_vehicule;obstacle_fixe;obstacle_mobile;point_choc_initial;manoeuvre_principale;motorisation
202100044118;122 814;1;0;2;8;1;5
202100044119;122 811;32;0;2;1;17;1
202100044119;122 812;7;0;2;8;15;1
202100044120;122 809;1;14;2;1;2;5
202100044120;122 810;7;0;2;4;26;1
202100044121;122 808;7;0;1;5;4;1
202100044122;122 806;34;0;2;7;17;1
202100044122;122 807;7;0;2;1;15;1
202100044123;122 805;37;0;1;3;21;0
202100044124;122 803;32;0;2;1;17;1
202100044124;122 804;10;0;2;3;15;1
202100044125;122 802;7;0;1;1;19;1
202100044126;122 800;31;0;2;1;1;1
202100044126;122 801;7;0;0;5;23;1
202100044127;122 799;33;3;0;9;0;1
202100044128;122 797;1;0;2;0;1;0
202100044128;122 798;7;0;2;0;15;0
202100044129;122 795;39;0;1;3;1;0
202100044130;122 793;1;0;2;1;1;5
202100044130;122 794;10;0;2;3;9;1
202100044131;122 791;7;8;2;2;15;1
202100044131;122 792;33;0;2;7;17;6
202100044132;122 789;7;0;2;3;1;1
202100044132;122 790;7;0;2;7;15;1
202100044133;122 787;7;0;2;3;15;1
202100044133;122 788;7;0;2;3;1;1
202100044134;122 785;7;0;2;1;15;1
202100044134;122 786;7;0;2;4;15;1
202100044135;122 783;7;0;2;4;2;2
202100044135;122 784;7;0;2;1;2;1
202100044136;122 782;30;8;0;1;13;1
202100044137;122 780;7;0;2;4;1;2
202100044137;122 781;7;0;2;1;1;1
202100044138;122 779;7;0;0;2;1;1
202100044139;122 778;30;0;0;8;9;1
202100044140;122 775;7;0;2;1;1;1
202100044140;122 776;99;0;2;7;1;0
202100044140;122 777;7;0;2;8;23;1
202100044141;122 773;7;0;2;7;15;1
202100044141;122 774;7;0;2;1;1;1
202100044142;122 772;7;15;0;1;14;1
202100044143;122 771;1;0;1;2;1;5
202100044144;122 770;7;13;0;2;15;1
202100044145;122 769;7;2;0;1;13;1
202100044146;122 768;7;13;0;2;14;1
202100044147;122 767;7;0;1;3;1;1
202100044148;122 765;30;0;2;0;15;1
202100044148;122 766;7;0;2;3;1;1
202100044149;122 763;50;0;2;8;19;3
202100044149;122 764;7;0;2;1;1;1
202100044150;122 761;10;0;2;1;15;1
202100044150;122 762;7;0;2;4;15;1
202100044151;122 757;33;0;2;1;17;1
202100044151;122 758;7;0;2;3;15;1
202100044152;122 755;7;0;2;8;15;2
202100044152;122 756;31;0;2;7;3;1
202100044153;122 749;7;0;2;1;2;1
202100044153;122 750;7;0;2;4;2;1
202100044153;122 751;32;0;2;4;2;1
202100044153;122 752;7;0;2;4;2;0
202100044154;122 747;7;0;2;1;9;1
202100044154;122 748;32;0;2;2;3;1
202100044155;122 746;43;6;0;0;2;1
202100044156;122 744;80;0;2;3;25;5
202100044156;122 745;7;0;2;2;25;1
202100044157;122 742;7;0;2;1;9;1
202100044157;122 743;7;6;0;0;0;1
202100044158;122 740;7;0;2;1;2;3
202100044158;122 741;10;0;2;4;2;1
202100044159;122 738;33;0;2;2;17;1
202100044159;122 739;7;0;2;3;15;1
202100044160;122 737;1;0;1;1;1;5
202100044161;122 735;30;0;2;2;1;1
202100044161;122 736;7;0;2;0;14;0
202100044162;122 733;2;0;2;2;1;1
202100044162;122 734;7;0;2;4;20;1
202100044163;122 732;30;0;2;0;21;1
202100044164;122 730;7;0;2;2;15;1
202100044164;122 731;43;0;2;1;7;1
202100044165;122 728;32;0;2;3;1;1
202100044165;122 729;30;0;2;5;12;1
202100044166;122 726;7;0;2;1;1;1
202100044166;122 727;7;0;2;4;23;1
202100044167;122 725;80;0;0;0;1;3
202100044168;122 724;30;0;1;7;1;3
202100044169;122 722;32;0;2;1;1;1
202100044169;122 723;1;0;2;8;9;5
202100044170;122 720;7;0;2;2;16;1
202100044170;122 721;32;0;2;3;18;1
202100044171;122 718;7;0;2;7;1;1
202100044171;122 719;1;0;2;1;15;5
202100044172;122 716;7;0;2;4;2;1
202100044172;122 717;14;0;2;1;2;1
202100044173;122 714;7;0;2;4;2;1
202100044173;122 715;10;1;9;4;2;1
202100044174;122 712;7;0;2;4;2;1
202100044174;122 713;30;0;2;1;2;1
202100044175;122 710;7;0;2;8;1;3
202100044175;122 711;7;0;2;1;19;1
202100044176;122 709;50;0;1;1;25;3
202100044177;122 707;32;0;2;1;1;1
202100044177;122 708;7;0;2;3;15;1
202100044178;122 706;7;1;0;2;14;1
202100044179;122 704;7;0;2;2;2;1
202100044179;122 705;7;0;2;0;0;1
202100044180;122 702;32;0;2;1;21;1
202100044180;122 703;7;0;2;3;21;1
202100044181;122 700;7;12;2;3;15;1
202100044181;122 701;30;0;2;1;1;1
202100044182;122 698;33;0;2;6;1;1
202100044182;122 699;7;0;2;3;2;0
202100044183;122 696;50;1;0;1;1;3
202100044183;122 697;7;0;2;8;22;1
202100044184;122 694;7;0;2;3;16;1
202100044184;122 695;1;0;2;3;5;0
202100044185;122 693;7;0;0;5;23;1
202100044186;122 691;10;0;2;3;16;1
202100044186;122 692;1;0;2;1;19;5
202100044187;122 690;50;0;1;0;19;3
202100044188;122 689;30;0;0;9;1;1
202100044189;122 688;7;0;1;1;9;1
202100044190;122 686;33;0;2;7;1;1
202100044190;122 687;7;0;2;1;1;1
202100044191;122 684;7;0;2;1;1;1
202100044191;122 685;7;3;2;1;13;1
202100044192;122 682;1;0;2;3;1;5
202100044192;122 683;7;13;2;3;1;1
202100044193;122 680;7;0;0;6;10;1
202100044193;122 681;33;0;2;1;1;1
202100044194;122 678;33;0;0;1;2;1
202100044194;122 679;21;0;2;5;15;1
202100044195;122 677;7;3;0;2;2;0
202100044196;122 675;7;0;2;1;17;1
202100044196;122 676;33;0;2;1;1;1
202100044197;122 674;2;0;0;0;1;1
202100044198;122 672;7;0;2;3;1;1
202100044198;122 673;7;0;2;3;1;1
202100044199;122 670;13;0;2;2;1;1
202100044199;122 671;10;0;2;2;13;1
202100044200;122 669;10;13;0;7;1;1
202100044201;122 667;7;0;2;3;14;1
202100044201;122 668;7;0;2;3;13;1
202100044202;122 666;7;0;0;9;1;1
202100044203;122 664;7;0;2;1;1;1
202100044203;122 665;7;0;2;3;9;1
202100044204;122 663;32;0;0;9;14;1
202100044205;122 661;7;0;2;3;13;2
202100044205;122 662;15;0;2;3;1;1
202100044206;122 659;10;0;0;4;1;1
202100044206;122 660;10;0;2;1;2;1
202100044207;122 655;7;5;0;1;0;1
202100044207;122 656;10;0;2;1;0;1
202100044207;122 657;10;1;0;1;0;1
202100044207;122 658;7;3;0;0;0;1
202100044208;122 652;7;0;2;2;5;1
202100044208;122 653;7;0;2;1;2;1
202100044208;122 654;7;0;2;1;5;1
202100044209;122 648;10;0;2;1;15;1
202100044209;122 649;1;0;2;1;1;5
202100044210;122 646;2;0;2;2;2;1
202100044210;122 647;7;0;2;3;9;1
202100044211;122 644;33;0;2;8;21;1
202100044211;122 645;15;0;2;2;16;1
202100044212;122 642;2;0;2;1;1;1
202100044212;122 643;7;0;2;2;15;1
202100044213;122 640;7;0;2;3;1;1
202100044213;122 641;10;0;2;6;13;1
202100044214;122 639;7;0;1;2;1;1
202100044215;122 638;7;0;1;5;4;1
202100044216;122 637;7;13;0;1;1;1
202100044217;122 636;7;13;0;9;1;1
202100044218;122 634;7;0;2;4;1;1
202100044218;122 635;33;0;2;1;1;1
202100044219;122 632;10;0;2;1;1;1
202100044219;122 633;7;0;2;4;1;1
202100044220;122 630;7;0;2;1;2;1
202100044220;122 631;7;0;2;4;1;1
202100044221;122 628;15;0;2;3;11;1
202100044221;122 629;7;0;2;2;1;1
202100044222;122 627;7;4;0;2;26;1
202100044223;122 625;7;0;2;1;1;1
202100044223;122 626;7;0;2;4;2;1
202100044224;122 623;33;0;2;0;26;1
202100044224;122 624;7;0;2;2;0;1
202100044225;122 621;7;0;2;1;2;1
202100044225;122 622;7;0;2;4;2;1
202100044226;122 614;10;0;2;4;2;1
202100044226;122 615;13;0;2;1;2;1
202100044226;122 616;7;0;2;4;0;1
202100044226;122 617;10;0;2;1;1;1
202100044226;122 618;7;0;2;4;2;1
202100044226;122 619;7;0;2;8;2;1
202100044226;122 620;7;0;2;0;2;1
202100044227;122 612;7;0;2;0;21;1
202100044227;122 613;7;0;2;6;26;1
202100044228;122 611;33;3;0;9;1;1
202100044229;122 608;7;0;2;6;1;1
202100044229;122 609;7;0;2;3;11;1
202100044229;122 610;7;0;2;2;1;1
202100044230;122 606;10;0;2;3;12;1
202100044230;122 607;15;0;2;5;11;1
202100044231;122 603;10;0;2;4;2;1
202100044231;122 604;10;0;2;1;2;1
202100044231;122 605;7;0;2;4;2;1
202100044232;122 601;14;0;2;3;2;1
202100044232;122 602;7;3;2;5;12;1
202100044233;122 599;7;0;2;1;26;1
202100044233;122 600;7;0;2;4;26;1
202100044234;122 596;2;0;2;1;1;1
202100044234;122 597;7;0;2;7;15;1
202100044235;122 595;30;0;1;1;1;1
202100044236;122 594;7;0;1;2;1;1
202100044237;122 593;2;0;0;9;1;1
202100044238;122 591;7;0;2;1;0;1
202100044238;122 592;7;0;2;4;0;1
202100044239;122 590;50;0;2;8;26;3
202100044240;122 589;7;4;0;2;1;1
202100044241;122 587;33;0;2;1;2;1
202100044241;122 588;7;0;2;4;2;1
202100044242;122 585;7;0;2;4;1;0
202100044242;122 586;36;1;2;1;1;1
202100044243;122 584;7;0;1;1;19;1
202100044244;122 583;10;14;0;3;1;1
202100044245;122 581;1;0;2;1;1;5
202100044245;122 582;7;0;2;5;15;1
202100044246;122 579;2;0;2;7;1;1
202100044246;122 580;7;0;2;8;11;1
202100044247;122 577;10;0;9;2;26;1
202100044247;122 578;1;0;2;7;26;5
202100044248;122 576;7;0;1;1;16;1
202100044249;122 574;7;0;2;7;0;1
202100044249;122 575;7;0;2;7;1;1
202100044250;122 572;7;0;2;6;22;1
202100044250;122 573;50;0;2;1;1;3
202100044251;122 570;7;0;2;8;1;1
202100044251;122 571;50;0;2;1;19;3
202100044252;122 568;10;0;2;1;9;1
202100044252;122 569;33;0;2;2;1;1
202100044253;122 566;7;0;2;8;19;1
202100044253;122 567;7;0;2;1;19;1
202100044254;122 563;7;0;2;1;2;1
202100044254;122 564;7;0;2;4;23;1
202100044254;122 565;7;0;2;4;23;1
202100044255;122 562;7;15;0;2;14;1
202100044256;122 560;7;0;2;3;1;1
202100044256;122 561;7;0;2;2;1;1
202100044257;122 558;7;0;2;7;1;1
202100044257;122 559;2;0;2;1;19;1
202100044258;122 555;7;0;2;1;2;1
202100044258;122 556;7;0;2;4;2;1
202100044258;122 557;7;0;2;4;15;1
202100044259;122 553;1;0;2;1;19;5
202100044259;122 554;7;0;2;1;1;1
202100044260;122 551;1;1;0;1;1;5
202100044260;122 552;10;0;2;8;22;1
202100044261;122 549;7;1;2;1;2;1
202100044261;122 550;7;0;2;4;2;1
202100044262;122 548;2;0;0;7;26;3
202100044263;122 546;80;0;2;1;1;3
202100044263;122 547;7;0;2;2;15;1
202100044264;122 545;7;8;0;3;5;1
202100044265;122 544;33;1;0;1;26;0
202100044266;122 542;50;0;2;1;1;3
202100044266;122 543;7;0;2;3;1;1
202100044267;122 540;7;0;9;1;1;1
202100044267;122 541;1;0;2;8;1;5
202100044268;122 538;10;0;2;1;1;1
202100044268;122 539;7;0;2;5;1;1
202100044269;122 536;7;0;2;1;1;1
202100044269;122 537;7;0;2;1;13;0
202100044270;122 534;2;0;2;0;0;1
202100044270;122 535;7;0;2;1;15;1
202100044271;122 532;7;0;2;2;15;1
202100044271;122 533;33;0;2;1;1;1
202100044272;122 530;7;0;2;4;23;1
202100044272;122 531;7;0;2;1;2;1
202100044273;122 529;10;3;0;7;14;1
202100044274;122 527;31;0;2;1;1;1
202100044274;122 528;7;0;2;7;1;1
202100044275;122 525;7;0;2;1;2;1
202100044275;122 526;7;0;2;4;23;1
202100044276;122 524;7;8;0;1;1;1
202100044277;122 522;7;0;2;5;16;1
202100044277;122 523;31;0;2;1;7;1
202100044278;122 520;7;0;2;2;15;1
202100044278;122 521;32;0;2;1;1;1
202100044279;122 518;33;0;0;0;0;1
202100044279;122 519;7;0;0;0;0;1
202100044280;122 517;7;0;1;4;4;1
202100044281;122 515;1;0;2;1;19;5
202100044281;122 516;7;0;2;7;1;1
202100044282;122 512;7;0;2;2;12;1
202100044282;122 513;7;0;2;7;1;1
202100044282;122 514;38;0;2;3;1;1
202100044283;122 511;7;0;1;6;4;1
202100044284;122 509;7;0;2;1;2;1
202100044284;122 510;7;0;2;4;23;1
202100044285;122 507;30;0;2;9;0;1
202100044285;122 508;7;0;2;1;1;1
202100044286;122 504;7;0;2;1;26;1
202100044286;122 505;7;0;2;2;24;1
202100044286;122 506;7;0;2;7;1;1
202100044287;122 502;7;0;2;3;15;1
202100044287;122 503;30;0;2;7;17;1
202100044288;122 501;10;0;1;1;1;1
202100044289;122 499;2;0;2;1;1;1
202100044289;122 500;7;0;2;5;15;1
202100044290;122 497;60;0;2;1;19;5
202100044290;122 498;7;0;2;2;1;1
202100044291;122 494;43;0;2;4;3;1
202100044291;122 495;7;0;2;8;1;1
202100044291;122 496;33;0;2;1;3;1
202100044292;122 492;7;0;2;1;2;2
202100044292;122 493;7;0;2;4;2;1
202100044293;122 490;33;0;2;0;1;1
202100044293;122 491;1;0;2;3;1;5
202100044294;122 488;1;0;2;8;19;5
202100044294;122 489;7;0;2;3;15;1
202100044295;122 486;2;0;2;5;1;1
202100044295;122 487;7;0;2;3;10;1
202100044296;122 484;7;0;2;8;22;1
202100044296;122 485;1;0;2;1;1;5
202100044297;122 482;30;0;2;1;17;1
202100044297;122 483;80;0;2;8;19;3
202100044298;122 480;7;0;2;3;2;1
202100044298;122 481;32;0;2;5;2;1
202100044299;122 479;50;0;1;1;5;3
202100044300;122 477;7;0;2;2;16;1
202100044300;122 478;32;0;2;3;18;1
202100044301;122 475;33;0;2;8;1;1
202100044301;122 476;7;0;2;3;15;1
202100044302;122 474;50;0;1;1;25;3
202100044303;122 473;1;0;1;1;1;5
202100044304;122 471;30;0;2;4;23;1
202100044304;122 472;7;0;2;1;2;1
202100044305;122 470;7;0;1;4;4;1
202100044306;122 469;7;0;1;3;1;1
202100044307;122 467;7;0;2;0;0;1
202100044307;122 468;7;0;2;0;19;1
202100044308;122 466;7;0;1;3;1;1
202100044309;122 463;7;0;2;0;0;1
202100044309;122 464;7;0;2;8;1;1
202100044309;122 465;32;0;2;1;1;3
202100044310;122 462;10;0;1;3;11;0
202100044311;122 461;7;0;1;0;11;0
202100044312;122 459;7;0;2;3;15;1
202100044312;122 460;43;0;2;1;17;1
202100044313;122 458;7;0;1;2;1;1
202100044314;122 457;1;0;1;1;1;5
202100044315;122 456;7;1;0;2;26;1
202100044316;122 454;30;0;2;1;1;1
202100044316;122 455;10;0;2;3;19;1
202100044317;122 453;33;0;1;1;1;1
202100044318;122 451;7;0;2;3;9;1
202100044318;122 452;1;0;2;7;1;5
202100044319;122 449;7;0;2;7;15;1
202100044319;122 450;37;0;2;2;1;1
202100044320;122 447;3;0;2;1;1;1
202100044320;122 448;1;0;2;4;15;5
202100044321;122 445;7;0;2;3;19;1
202100044321;122 446;2;0;0;8;1;1
202100044322;122 443;7;0;2;2;1;1
202100044322;122 444;2;0;2;3;1;1
202100044323;122 442;2;0;0;8;15;1
202100044324;122 440;21;0;2;2;16;1
202100044324;122 441;2;0;2;1;18;1
202100044325;122 436;10;0;2;1;2;1
202100044325;122 437;7;0;2;3;1;1
202100044325;122 438;7;0;2;1;2;1
202100044325;122 439;7;0;2;3;13;1
202100044326;122 434;7;0;2;7;1;1
202100044326;122 435;7;0;2;1;19;1
202100044327;122 433;7;2;0;1;1;1
202100044328;122 431;0;0;2;0;0;0
202100044328;122 432;1;0;0;4;1;5
202100044329;122 429;7;1;2;7;13;1
202100044329;122 430;7;0;2;1;1;1
202100044330;122 428;7;13;0;1;14;1
202100044331;122 426;17;0;2;1;17;1
202100044331;122 427;7;0;2;8;26;1
202100044332;122 425;2;2;0;2;1;1
202100044333;122 423;7;0;2;1;1;1
202100044333;122 424;7;0;2;8;14;1
202100044334;122 422;7;2;0;3;13;1
202100044335;122 420;7;0;9;4;2;1
202100044335;122 421;1;0;0;4;1;5
202100044336;122 418;7;0;0;8;19;1
202100044336;122 419;31;0;2;3;21;1
202100044337;122 416;10;0;2;2;0;1
202100044337;122 417;10;0;2;6;0;0
202100044338;122 414;10;0;9;1;17;1
202100044338;122 415;17;0;2;0;1;1
202100044339;122 413;7;16;0;9;26;1
202100044340;122 412;21;0;1;5;17;1
202100044341;122 411;7;13;0;1;5;1
202100044342;122 410;7;13;0;1;1;1
202100044343;122 409;7;5;0;0;2;1
202100044344;122 407;7;0;2;1;1;1
202100044344;122 408;7;0;2;1;13;1
202100044345;122 406;7;0;0;1;1;1
202100044346;122 405;14;3;0;7;14;1
202100044347;122 403;10;0;2;8;21;1
202100044347;122 404;7;0;2;3;13;1
202100044348;122 400;7;0;2;7;2;1
202100044349;122 398;10;0;2;6;2;1
202100044349;122 399;33;0;2;1;2;1
202100044350;122 396;10;0;2;1;1;1
202100044350;122 397;15;0;2;4;2;1
202100044351;122 394;7;4;2;1;5;1
202100044351;122 395;7;4;2;1;1;1
202100044352;122 393;7;12;0;2;0;1
202100044353;122 392;2;9;0;0;1;3
202100044354;122 390;7;0;2;1;15;1
202100044354;122 391;7;8;2;3;1;2
202100044355;122 388;7;12;2;7;21;1
202100044355;122 389;7;0;1;1;9;1
202100044356;122 386;7;0;2;4;1;1
202100044356;122 387;2;0;2;2;1;1
202100044357;122 385;30;16;0;1;1;1
202100044358;122 382;7;0;2;1;16;1
202100044358;122 383;7;1;2;2;1;1
202100044359;122 381;7;3;0;1;16;0
202100044360;122 379;7;9;2;2;1;1
202100044360;122 380;7;0;2;2;15;1
202100044361;122 378;7;0;1;2;16;1
202100044362;122 377;10;2;0;3;1;1
202100044363;122 373;7;0;2;1;1;1
202100044363;122 374;33;3;2;1;1;1
202100044363;122 375;7;3;0;1;1;1
202100044363;122 376;7;0;2;3;1;1
202100044364;122 371;7;0;2;3;15;0
202100044364;122 372;7;0;2;3;1;0
202100044365;122 369;7;0;2;1;1;1
202100044365;122 370;1;0;2;8;15;1
202100044366;122 367;7;0;2;2;15;1
202100044366;122 368;7;0;2;3;1;2
202100044367;122 363;10;0;1;7;23;1
202100044367;122 364;10;0;2;1;2;1
202100044368;122 362;30;0;0;0;1;1
202100044369;122 360;30;0;2;1;1;1
202100044369;122 361;30;0;2;2;15;1
202100044370;122 358;7;0;2;2;1;1
202100044370;122 359;37;0;2;1;1;1
202100044371;122 356;30;0;2;1;2;1
202100044371;122 357;31;0;2;4;23;1
202100044372;122 355;0;0;1;6;20;0
202100044373;122 354;7;1;0;2;14;1
202100044374;122 352;7;0;2;2;26;1
202100044374;122 353;30;0;2;2;26;0
202100044375;122 350;10;0;2;1;9;1
202100044375;122 351;10;0;2;8;1;1
202100044376;122 349;7;1;0;1;1;1
202100044377;122 347;1;0;2;1;1;5
202100044377;122 348;3;0;2;3;9;1
202100044378;122 346;7;8;0;3;13;1
202100044379;122 344;7;0;2;1;1;1
202100044379;122 345;7;0;2;6;13;1
202100044380;122 343;7;2;0;3;13;1
202100044381;122 342;7;4;0;6;1;1
202100044382;122 341;7;13;0;1;14;1
202100044383;122 339;2;0;2;8;13;1
202100044383;122 340;10;0;2;8;14;1
202100044384;122 338;2;0;0;0;1;1
202100044385;122 337;7;8;0;2;1;1
202100044386;122 336;2;6;0;2;1;1
202100044387;122 335;7;3;0;1;0;1
202100044388;122 333;7;0;2;3;15;1
202100044388;122 334;33;0;2;1;17;1
202100044389;122 332;7;0;1;1;16;1
202100044390;122 330;7;0;2;1;15;1
202100044390;122 331;7;0;2;1;1;1
202100044391;122 329;7;13;0;9;13;1
202100044392;122 328;7;12;0;1;2;1
202100044393;122 327;1;0;0;9;1;5
202100044394;122 326;7;13;0;2;0;1
202100044395;122 325;7;8;0;2;1;1
202100044396;122 321;7;13;0;7;1;1
202100044396;122 322;7;13;0;1;1;1
202100044396;122 323;10;0;2;3;1;1
202100044396;122 324;10;0;2;3;5;1
202100044397;122 319;7;0;2;1;1;1
202100044397;122 320;7;0;2;2;15;1
202100044398;122 318;33;0;0;0;1;1
202100044399;122 316;33;0;2;8;1;1
202100044399;122 317;7;0;2;8;0;1
202100044400;122 315;33;0;0;9;14;1
202100044401;122 313;7;13;2;1;1;1
202100044401;122 314;7;0;2;1;1;1
202100044402;122 311;7;0;2;3;13;1
202100044402;122 312;7;13;2;3;1;1
202100044403;122 309;7;2;0;2;1;1
202100044404;122 308;7;0;1;2;16;1
202100044405;122 306;37;0;0;3;1;1
202100044405;122 307;7;0;0;1;15;1
202100044406;122 305;7;0;1;1;2;1
202100044407;122 304;7;2;0;1;14;1
202100044408;122 303;7;0;1;1;16;1
202100044409;122 301;10;0;2;3;0;1
202100044409;122 302;10;0;2;3;0;1
202100044410;122 300;17;13;0;8;1;0
202100044411;122 299;7;2;0;4;4;1
202100044412;122 297;7;13;2;7;13;1
202100044412;122 298;7;0;2;1;1;1
202100044413;122 295;10;0;2;5;23;1
202100044413;122 296;30;0;2;1;2;1
202100044414;122 294;15;3;0;3;2;1
202100044415;122 292;7;0;2;3;15;1
202100044415;122 293;7;13;2;2;17;1
202100044416;122 290;7;0;2;1;1;1
202100044416;122 291;2;0;2;4;2;1
202100044417;122 289;7;17;0;1;1;1
202100044418;122 287;10;0;2;3;1;1
202100044418;122 288;7;0;2;3;13;1
202100044419;122 286;33;0;0;9;1;1
202100044420;122 284;7;0;0;6;15;1
202100044420;122 285;2;0;2;3;1;1
202100044421;122 283;2;1;0;3;1;1
202100044422;122 281;17;0;0;3;1;1
202100044423;122 279;7;0;2;3;1;1
202100044423;122 280;7;0;2;7;4;1
202100044424;122 278;7;5;0;0;1;1
202100044425;122 276;7;0;2;1;0;0
202100044425;122 277;7;0;2;4;1;1
202100044426;122 273;7;0;2;3;1;1
202100044426;122 274;7;0;2;1;17;1
202100044426;122 275;7;0;2;4;1;1
202100044427;122 271;7;0;2;2;1;1
202100044427;122 272;33;0;2;9;26;1
202100044428;122 270;7;0;0;3;13;1
202100044429;122 269;7;4;0;2;1;1
202100044430;122 266;7;0;2;6;2;1
202100044430;122 267;7;0;2;1;1;1
202100044430;122 268;7;0;2;1;1;1
202100044431;122 265;7;4;0;1;1;1
202100044432;122 264;7;0;0;9;1;1
202100044433;122 262;7;0;2;1;1;1
202100044433;122 263;7;0;2;4;2;1
202100044434;122 261;7;4;0;1;1;1
202100044435;122 260;7;4;0;1;1;1
202100044436;122 258;7;3;0;9;11;1
202100044436;122 259;7;0;9;0;0;1
202100044437;122 255;7;0;2;4;1;1
202100044437;122 256;7;0;2;4;1;1
202100044437;122 257;7;1;2;1;1;1
202100044438;122 254;7;3;0;9;1;1
202100044439;122 253;7;0;1;2;15;1
202100044440;122 250;7;0;2;3;15;1
202100044440;122 251;2;0;2;1;1;1
202100044441;122 249;30;1;0;2;26;1
202100044442;122 247;7;0;0;0;0;1
202100044442;122 248;32;0;0;0;0;1
202100044443;122 246;10;16;0;1;1;1
202100044444;122 244;2;0;2;8;1;1
202100044444;122 245;7;0;2;0;0;1
202100044445;122 243;7;4;0;1;1;1
202100044446;122 242;7;0;1;2;1;0
202100044447;122 240;7;0;2;7;2;1
202100044447;122 241;7;0;2;9;16;1
202100044448;122 239;50;12;0;8;26;3
202100044449;122 238;7;1;0;2;1;1
202100044450;122 237;7;0;1;0;1;1
202100044451;122 235;7;0;2;3;15;1
202100044451;122 236;33;0;2;1;1;1
202100044452;122 233;7;0;2;0;23;1
202100044452;122 234;1;1;0;7;1;5
202100044453;122 232;7;6;0;1;15;1
202100044454;122 231;3;8;0;3;14;1
202100044455;122 229;2;0;2;7;23;1
202100044455;122 230;7;0;2;5;20;6
202100044456;122 227;7;0;2;3;13;1
202100044456;122 228;17;0;2;3;21;0
202100044457;122 225;1;0;2;1;16;5
202100044457;122 226;7;0;9;8;1;1
202100044458;122 224;2;0;0;0;1;1
202100044459;122 223;7;3;0;6;15;1
202100044460;122 221;7;0;2;1;9;1
202100044460;122 222;33;0;2;7;1;1
202100044461;122 219;33;12;0;4;1;1
202100044461;122 220;7;0;2;2;2;1
202100044462;122 217;7;0;2;2;26;1
202100044462;122 218;34;0;2;1;1;1
202100044463;122 215;7;0;2;1;15;1
202100044463;122 216;7;0;2;3;0;1
202100044464;122 213;1;0;2;1;25;5
202100044464;122 214;37;0;2;2;1;2
202100044465;122 211;7;0;2;4;1;1
202100044465;122 212;10;0;2;1;1;1
202100044466;122 210;7;7;0;3;1;1
202100044467;122 208;7;0;2;1;2;1
202100044467;122 209;7;0;2;4;2;1
202100044468;122 207;7;0;1;1;1;1
202100044469;122 205;7;0;2;3;15;1
202100044469;122 206;32;0;2;1;14;1
202100044470;122 203;7;0;2;3;15;1
202100044470;122 204;30;0;2;1;17;1
202100044471;122 202;31;12;0;3;14;1
202100044472;122 201;33;6;0;7;1;1
202100044473;122 199;33;0;2;3;3;1
202100044473;122 200;10;0;2;5;14;0
202100044474;122 198;32;0;2;8;21;1
202100044475;122 195;7;0;2;4;23;1
202100044475;122 196;7;0;2;4;2;1
202100044475;122 197;10;0;2;1;2;1
202100044476;122 193;33;0;2;4;2;1
202100044476;122 194;33;0;2;1;2;1
202100044477;122 192;7;0;1;1;1;1
202100044478;122 191;7;0;1;1;1;2
202100044479;122 189;50;0;2;1;18;3
202100044479;122 190;7;0;2;2;22;0
202100044480;122 187;7;0;2;0;10;0
202100044480;122 188;30;0;2;1;1;1
202100044481;122 186;80;0;1;7;1;3
202100044482;122 184;1;0;2;1;1;5
202100044482;122 185;7;0;2;3;9;2
202100044483;122 182;7;0;2;7;16;1
202100044483;122 183;1;0;2;1;1;5
202100044484;122 180;7;0;2;2;15;1
202100044484;122 181;32;0;2;1;1;1
202100044485;122 178;7;0;2;3;15;1
202100044485;122 179;30;0;2;2;17;1
202100044486;122 177;7;7;0;1;1;1
202100044487;122 176;1;0;0;0;1;5
202100044488;122 174;7;0;2;1;1;2
202100044488;122 175;2;0;2;2;7;1
202100044489;122 172;7;0;9;7;16;1
202100044489;122 173;1;0;2;8;1;0
202100044490;122 171;30;4;0;3;17;1
202100044491;122 169;7;0;2;8;22;1
202100044491;122 170;2;14;2;1;17;1
202100044492;122 168;31;0;0;7;1;3
202100044493;122 166;1;14;2;3;1;5
202100044493;122 167;7;0;2;5;4;1
202100044494;122 164;10;0;2;5;23;1
202100044494;122 165;30;0;2;1;1;1
202100044495;122 163;36;0;0;2;0;1
202100044496;122 162;7;8;0;1;1;1
202100044497;122 161;33;0;0;0;1;1
202100044498;122 160;7;4;0;2;1;1
202100044499;122 158;7;0;2;1;1;1
202100044499;122 159;7;0;2;1;5;1
202100044500;122 157;7;2;0;1;1;1
202100044501;122 156;7;13;0;0;1;1
202100044502;122 155;7;0;0;9;0;1
202100044503;122 154;7;0;0;0;0;1
202100044504;122 153;7;17;0;1;1;1
202100044505;122 152;7;13;0;1;1;1
202100044506;122 150;1;0;2;7;2;5
202100044506;122 151;1;0;2;1;2;5
202100044507;122 149;7;0;5;1;1;1
202100044508;122 148;2;12;0;7;1;1
202100044509;122 147;7;2;0;1;1;1
202100044510;122 146;7;0;0;0;1;1
202100044511;122 145;7;2;0;2;13;1
202100044512;122 143;10;0;2;5;1;1
202100044512;122 144;30;0;2;8;9;1
202100044513;122 142;7;3;0;0;1;1
202100044514;122 141;10;13;0;1;0;1
202100044515;122 139;30;0;2;1;1;1
202100044515;122 140;31;0;2;1;5;1
202100044516;122 138;7;0;1;2;20;1
202100044517;122 136;7;0;2;3;13;1
202100044517;122 137;7;0;2;1;1;1
202100044518;122 135;7;0;1;4;4;1
202100044519;122 134;7;2;0;3;0;1
202100044520;122 133;33;12;0;8;1;1
202100044521;122 132;7;15;0;0;1;1
202100044522;122 131;7;0;1;3;11;1
202100044523;122 130;7;16;0;1;1;1
202100044524;122 129;7;13;0;9;1;1
202100044525;122 128;2;9;0;0;0;1
202100044526;122 126;7;14;0;1;1;1
202100044527;122 125;7;4;0;1;1;1