Num_Acc;id_vehicule;categorie_vehicule;obstacle_fixe;obstacle_mobile;point_choc_initial;manoeuvre_principale;motorisation
202100044528;122 124;7;4;2;9;1;2
202100044529;122 123;7;4;0;8;13;1
202100044530;122 122;7;4;0;0;0;1
202100044531;122 120;7;0;2;0;1;3
202100044531;122 121;7;0;2;3;1;1
202100044532;122 119;33;0;0;9;16;1
202100044533;122 117;7;0;2;2;1;1
202100044533;122 118;7;0;2;4;2;1
202100044534;122 116;7;13;0;9;26;1
202100044535;122 115;30;0;1;1;25;1
202100044536;122 113;7;0;2;2;1;1
202100044536;122 114;7;0;2;3;1;1
202100044537;122 112;1;0;1;1;1;5
202100044538;122 110;33;0;2;1;17;1
202100044538;122 111;7;0;2;3;10;1
202100044539;122 108;32;0;2;8;1;1
202100044539;122 109;7;0;2;2;15;1
202100044540;122 105;33;0;2;1;2;1
202100044540;122 106;7;0;2;9;2;1
202100044540;122 107;13;0;2;4;2;1
202100044541;122 103;7;0;2;1;2;1
202100044541;122 104;7;0;2;4;23;1
202100044542;122 101;43;0;2;1;2;1
202100044542;122 102;7;0;9;4;26;1
202100044543;122 099;7;0;2;2;1;1
202100044543;122 100;7;0;2;4;24;1
202100044544;122 097;7;0;2;1;1;1
202100044544;122 098;7;0;2;1;17;1
202100044545;122 095;60;0;2;3;13;5
202100044545;122 096;7;0;2;2;2;1
202100044546;122 094;31;14;0;7;1;1
202100044547;122 088;7;0;2;4;2;1
202100044547;122 089;7;0;2;4;2;1
202100044547;122 090;7;0;2;4;2;1
202100044547;122 091;7;0;2;1;2;1
202100044548;122 087;7;0;1;2;1;1
202100044549;122 085;33;0;2;1;1;1
202100044549;122 086;2;0;2;5;9;1
202100044550;122 083;14;0;2;3;1;1
202100044550;122 084;7;0;2;3;1;1
202100044551;122 081;33;0;2;1;25;1
202100044551;122 082;7;0;2;2;15;1
202100044552;122 079;7;0;1;1;1;1
202100044553;122 078;7;12;0;1;12;1
202100044554;122 076;7;0;2;1;1;1
202100044554;122 077;10;0;2;3;0;1
202100044555;122 074;7;0;2;8;22;1
202100044555;122 075;1;0;2;1;1;0
202100044556;122 073;10;0;1;1;0;1
202100044557;122 071;7;0;2;3;15;1
202100044557;122 072;31;0;2;8;1;1
202100044558;122 070;10;0;1;1;13;0
202100044559;122 068;7;0;2;6;1;1
202100044559;122 069;1;0;2;1;19;5
202100044560;122 066;7;0;2;1;2;1
202100044560;122 067;7;0;2;4;2;1
202100044561;122 064;7;0;2;9;1;1
202100044561;122 065;7;0;2;1;1;1
202100044562;122 062;7;0;2;1;1;1
202100044562;122 063;7;0;2;7;1;1
202100044563;122 060;7;0;2;3;16;1
202100044563;122 061;7;0;2;1;1;1
202100044564;122 059;7;0;1;1;1;1
202100044565;122 057;7;0;1;4;1;1
202100044565;122 058;7;0;2;1;1;1
202100044566;122 055;1;0;2;3;19;5
202100044566;122 056;0;0;2;0;18;0
202100044567;122 053;7;0;2;4;2;1
202100044567;122 054;7;0;2;1;2;1
202100044568;122 052;2;0;0;0;1;1
202100044569;122 050;1;0;2;1;2;6
202100044569;122 051;7;0;9;4;23;1
202100044570;122 048;7;0;2;1;1;1
202100044570;122 049;13;0;0;5;1;1
202100044571;122 047;31;8;0;1;26;1
202100044572;122 046;7;2;0;1;1;1
202100044573;122 044;7;0;2;3;1;1
202100044573;122 045;7;0;2;1;15;1
202100044574;122 043;7;13;0;2;15;1
202100044575;122 041;7;0;2;4;2;1
202100044575;122 042;7;0;2;1;2;1
202100044576;122 039;50;0;2;1;15;3
202100044576;122 040;7;0;2;2;1;1
202100044577;122 037;7;0;2;1;2;0
202100044577;122 038;2;0;2;4;0;1
202100044578;122 035;33;1;2;1;1;
202100044578;122 036;7;0;2;3;13;1
202100044579;122 033;7;0;2;3;2;0
202100044579;122 034;15;0;2;1;14;1
202100044580;122 031;7;0;2;1;26;1
202100044580;122 032;7;0;2;2;16;0
202100044581;122 029;7;0;2;1;15;1
202100044581;122 030;10;0;2;8;1;1
202100044582;122 027;7;0;2;6;19;1
202100044582;122 028;50;0;2;1;1;3
202100044583;122 026;1;5;0;1;1;5
202100044584;122 024;7;0;2;8;1;1
202100044584;122 025;7;0;2;1;1;1
202100044585;122 022;10;0;2;1;1;1
202100044585;122 023;30;0;2;1;17;0
202100044586;122 020;7;15;2;8;19;1
202100044586;122 021;7;0;2;1;21;1
202100044587;122 019;7;8;0;1;25;1
202100044588;122 017;7;0;2;2;9;1
202100044588;122 018;30;0;2;1;2;1
202100044589;122 016;2;0;1;1;1;0
202100044590;122 015;50;0;1;1;1;3
202100044591;122 014;43;0;1;1;3;1
202100044592;122 011;60;0;2;8;16;5
202100044592;122 012;1;0;2;8;16;5
202100044592;122 013;14;0;2;2;16;1
202100044593;122 009;10;0;2;1;1;1
202100044593;122 010;7;0;2;4;23;1
202100044594;122 007;2;0;2;6;9;1
202100044594;122 008;1;0;2;1;1;5
202100044595;122 006;7;0;1;1;1;1
202100044596;122 005;31;0;0;3;15;3
202100044597;122 003;10;0;2;0;9;1
202100044597;122 004;33;0;2;0;21;1
202100044598;122 001;7;0;2;2;15;1
202100044598;122 002;2;0;2;1;1;1
202100044599;121 999;31;0;2;3;1;1
202100044599;122 000;7;0;2;1;15;1
202100044600;121 997;7;0;2;3;15;1
202100044600;121 998;37;0;2;2;1;1
202100044601;121 995;7;0;2;3;15;1
202100044601;121 996;31;1;2;1;1;1
202100044602;121 993;30;0;2;1;2;1
202100044602;121 994;7;0;2;6;2;1
202100044603;121 991;43;0;2;1;1;1
202100044603;121 992;7;0;2;4;26;1
202100044604;121 989;7;0;2;1;2;1
202100044604;121 990;7;0;2;4;23;1
202100044605;121 987;7;0;1;1;1;1
202100044605;121 988;7;0;2;2;1;1
202100044606;121 986;50;0;1;1;0;3
202100044607;121 984;33;0;2;5;15;1
202100044607;121 985;7;0;2;4;26;1
202100044608;121 983;7;0;1;4;20;1
202100044609;121 981;32;0;2;1;1;1
202100044609;121 982;10;0;0;0;0;0
202100044610;121 979;7;0;9;1;1;1
202100044610;121 980;99;0;2;8;0;3
202100044611;121 977;7;1;2;1;26;1
202100044611;121 978;30;0;2;2;1;1
202100044612;121 975;10;0;2;3;15;1
202100044612;121 976;32;0;2;1;17;1
202100044613;121 974;1;0;1;8;1;0
202100044614;121 973;1;8;0;1;1;0
202100044615;121 971;7;0;2;1;9;0
202100044615;121 972;50;0;2;7;1;3
202100044616;121 969;32;0;2;3;1;1
202100044616;121 970;1;0;2;2;12;5
202100044617;121 967;7;0;2;1;1;1
202100044617;121 968;34;0;2;1;1;1
202100044618;121 966;7;6;0;1;1;1
202100044619;121 965;7;15;0;2;14;1
202100044620;121 964;7;0;1;2;1;1
202100044621;121 963;1;0;0;0;0;5
202100044622;121 961;7;0;2;1;1;1
202100044622;121 962;2;0;2;1;13;1
202100044623;121 959;7;0;2;5;19;1
202100044623;121 960;1;0;2;3;1;5
202100044624;121 958;2;2;0;3;15;1
202100044625;121 956;7;0;0;0;19;0
202100044625;121 957;33;0;0;0;1;0
202100044626;121 954;7;0;2;1;1;1
202100044626;121 955;7;0;2;1;1;1
202100044627;121 952;1;0;0;8;15;5
202100044627;121 953;2;0;2;1;15;1
202100044628;121 950;7;8;2;3;13;1
202100044628;121 951;7;0;2;3;15;1
202100044629;121 949;7;2;0;1;1;1
202100044630;121 948;7;0;1;4;4;1
202100044631;121 946;10;0;0;1;1;1
202100044631;121 947;7;0;2;7;13;1
202100044632;121 944;33;0;2;3;17;1
202100044632;121 945;7;0;2;8;1;1
202100044633;121 943;10;0;1;2;1;1
202100044634;121 941;7;0;2;3;15;1
202100044634;121 942;33;0;2;1;17;1
202100044635;121 938;7;2;2;8;13;1
202100044635;121 939;7;2;2;8;1;1
202100044636;121 937;33;2;0;1;1;1
202100044637;121 935;33;0;2;2;17;1
202100044637;121 936;21;0;2;3;15;1
202100044638;121 933;7;2;0;1;2;1
202100044638;121 934;7;2;2;4;2;1
202100044639;121 931;31;2;2;1;0;0
202100044639;121 932;33;2;2;4;2;0
202100044640;121 929;7;0;9;8;1;1
202100044640;121 930;1;0;2;3;1;5
202100044641;121 927;7;0;0;3;13;1
202100044641;121 928;7;0;2;3;1;1
202100044642;121 925;17;0;2;2;1;1
202100044642;121 926;13;0;2;6;1;1
202100044643;121 923;7;0;2;6;1;1
202100044643;121 924;7;0;2;2;26;1
202100044644;121 920;7;0;2;8;2;1
202100044644;121 921;7;0;2;4;2;1
202100044644;121 922;34;0;2;1;2;1
202100044645;121 918;7;0;2;1;26;1
202100044645;121 919;17;0;2;4;0;1
202100044646;121 914;7;0;2;3;2;2
202100044646;121 915;33;0;2;0;3;1
202100044646;121 916;7;0;2;4;2;1
202100044646;121 917;7;0;2;2;2;1
202100044647;121 912;7;0;2;4;0;1
202100044647;121 913;15;0;2;2;0;1
202100044648;121 908;10;0;2;1;1;1
202100044648;121 909;7;0;2;4;1;1
202100044648;121 910;7;0;2;4;1;1
202100044648;121 911;7;0;2;4;1;1
202100044649;121 906;14;0;2;1;1;1
202100044649;121 907;7;0;2;4;1;1
202100044650;121 903;7;0;2;1;1;1
202100044650;121 904;7;0;2;0;0;1
202100044651;121 901;7;0;2;3;1;1
202100044651;121 902;7;0;2;7;16;1
202100044652;121 899;7;0;2;0;19;1
202100044652;121 900;33;0;2;7;1;1
202100044653;121 897;7;0;2;1;26;1
202100044653;121 898;7;0;2;1;0;1
202100044654;121 895;2;0;2;1;1;1
202100044654;121 896;2;0;2;1;1;1
202100044655;121 893;2;0;2;0;1;1
202100044655;121 894;7;0;2;0;1;1
202100044656;121 891;1;0;2;1;19;5
202100044656;121 892;7;0;2;2;1;1
202100044657;121 889;7;0;2;2;15;1
202100044657;121 890;32;0;2;1;1;1
202100044658;121 888;10;0;0;6;15;1
202100044659;121 886;7;0;1;4;26;1
202100044659;121 887;7;0;2;1;26;2
202100044660;121 884;7;0;2;3;1;1
202100044660;121 885;7;15;2;1;1;1
202100044661;121 883;1;0;0;0;1;5
202100044662;121 882;10;0;1;2;15;1
202100044663;121 880;7;0;2;2;15;2
202100044663;121 881;33;0;2;1;0;1
202100044664;121 877;33;0;2;8;1;1
202100044664;121 878;7;0;2;8;13;1
202100044665;121 875;7;0;2;1;19;1
202100044665;121 876;7;0;2;2;1;1
202100044666;121 874;37;0;1;1;1;1
202100044667;121 871;7;0;2;1;1;1
202100044667;121 872;7;8;2;3;1;1
202100044667;121 873;7;0;2;2;1;1
202100044668;121 869;7;0;2;3;1;1
202100044668;121 870;30;0;2;1;1;1
202100044669;121 867;7;0;2;1;1;1
202100044669;121 868;7;0;2;1;15;1
202100044670;121 865;2;0;2;1;1;1
202100044670;121 866;7;0;2;3;9;1
202100044671;121 863;7;0;2;2;16;2
202100044671;121 864;30;0;2;3;18;3
202100044672;121 861;7;0;2;8;15;1
202100044672;121 862;30;0;2;1;17;1
202100044673;121 859;33;0;2;1;13;1
202100044673;121 860;7;0;2;3;23;1
202100044674;121 857;7;0;2;8;9;1
202100044674;121 858;7;0;2;1;1;1
202100044675;121 855;7;0;2;1;1;1
202100044675;121 856;30;0;2;7;1;3
202100044676;121 853;7;0;2;1;9;1
202100044676;121 854;7;0;2;3;1;1
202100044677;121 851;1;0;2;7;19;5
202100044677;121 852;7;0;2;1;1;1
202100044678;121 850;31;0;1;1;1;1
202100044679;121 849;7;0;1;7;1;1
202100044680;121 847;10;0;2;6;16;1
202100044680;121 848;33;0;2;1;16;1
202100044681;121 845;3;0;2;0;15;1
202100044681;121 846;32;0;2;1;1;1
202100044682;121 843;0;0;2;1;2;0
202100044682;121 844;30;0;2;4;1;1
202100044683;121 841;7;0;2;6;15;1
202100044683;121 842;33;0;2;1;17;1
202100044684;121 839;7;0;2;3;1;1
202100044684;121 840;31;0;2;6;1;1
202100044685;121 837;2;0;2;7;0;1
202100044685;121 838;7;0;2;1;1;1
202100044686;121 835;1;0;2;8;0;5
202100044686;121 836;7;0;2;1;1;1
202100044687;121 834;30;14;0;9;1;1
202100044688;121 832;1;0;2;4;1;5
202100044688;121 833;7;0;2;1;1;1
202100044689;121 831;7;0;1;2;1;1
202100044690;121 829;10;0;0;0;9;1
202100044690;121 830;80;8;0;1;0;3
202100044691;121 828;7;0;1;1;1;1
202100044692;121 827;0;0;1;0;0;0
202100044693;121 825;33;0;2;2;1;1
202100044693;121 826;7;0;2;3;9;1
202100044694;121 823;7;0;2;1;1;1
202100044694;121 824;7;0;2;2;1;1
202100044695;121 821;7;3;0;3;13;1
202100044695;121 822;7;0;2;7;1;1
202100044696;121 820;7;0;1;2;1;1
202100044697;121 818;7;0;2;1;1;1
202100044697;121 819;7;0;2;1;13;1
202100044698;121 816;1;0;2;8;1;5
202100044698;121 817;7;0;2;2;21;1
202100044699;121 814;7;0;2;3;9;1
202100044699;121 815;7;0;2;1;17;1
202100044700;121 812;7;0;2;3;1;1
202100044700;121 813;7;0;2;2;1;1
202100044701;121 810;10;0;2;3;9;1
202100044701;121 811;7;0;2;2;1;1
202100044702;121 809;7;0;1;2;9;1
202100044703;121 807;7;0;2;3;23;1
202100044703;121 808;1;0;2;1;1;5
202100044704;121 805;7;0;2;1;1;1
202100044704;121 806;7;0;2;4;23;1
202100044705;121 804;7;0;1;1;1;1
202100044706;121 803;32;0;0;2;1;1
202100044707;121 801;10;0;2;7;1;1
202100044707;121 802;43;0;2;1;1;1
202100044708;121 800;33;0;9;1;1;1
202100044709;121 798;32;9;2;8;1;1
202100044709;121 799;7;9;2;1;15;1
202100044710;121 796;33;0;2;4;1;1
202100044710;121 797;10;9;2;1;1;1
202100044711;121 794;34;0;2;5;1;1
202100044711;121 795;7;0;2;3;1;1
202100044712;121 793;50;0;1;1;14;3
202100044713;121 792;80;0;0;1;15;3
202100044714;121 791;1;0;1;7;1;5
202100044715;121 789;31;0;2;1;1;1
202100044715;121 790;10;0;2;4;16;1
202100044716;121 787;10;0;2;2;17;1
202100044716;121 788;7;0;2;3;15;1
202100044717;121 785;1;0;2;5;19;5
202100044717;121 786;43;0;2;2;1;1
202100044718;121 783;7;0;2;3;1;1
202100044718;121 784;50;0;2;4;1;3
202100044719;121 780;7;0;2;1;16;1
202100044719;121 781;33;0;2;7;1;1
202100044719;121 782;7;0;2;3;1;2
202100044720;121 778;7;0;2;3;13;1
202100044720;121 779;30;0;2;7;1;3
202100044721;121 776;33;0;2;1;1;1
202100044721;121 777;7;0;2;2;1;1
202100044722;121 774;7;0;2;7;16;1
202100044722;121 775;1;0;2;4;1;5
202100044723;121 773;50;1;0;1;1;3
202100044724;121 772;7;0;1;1;1;1
202100044725;121 770;2;0;2;8;1;1
202100044725;121 771;7;0;2;7;9;1
202100044726;121 768;7;11;2;2;1;1
202100044726;121 769;10;0;2;7;1;1
202100044727;121 766;7;0;2;3;15;2
202100044727;121 767;2;0;2;7;17;1
202100044728;121 765;7;0;1;1;15;1
202100044729;121 763;7;0;9;8;22;2
202100044729;121 764;1;1;0;1;1;5
202100044730;121 761;1;0;2;1;19;5
202100044730;121 762;10;0;2;7;1;1
202100044731;121 759;10;15;0;7;9;1
202100044731;121 760;7;0;2;1;1;1
202100044732;121 757;1;0;2;8;1;5
202100044732;121 758;7;0;2;2;1;1
202100044733;121 754;7;13;0;1;13;1
202100044734;121 753;7;0;1;4;4;1
202100044735;121 751;10;0;0;0;15;1
202100044735;121 752;2;0;0;0;5;1
202100044736;121 750;7;0;0;9;1;1
202100044737;121 749;7;2;0;2;1;1
202100044738;121 748;7;0;1;1;15;1
202100044739;121 746;7;0;0;3;13;1
202100044739;121 747;31;0;2;1;14;1
202100044740;121 745;7;13;0;1;0;1
202100044741;121 743;50;0;2;1;15;3
202100044741;121 744;7;0;2;1;0;1
202100044742;121 741;10;0;0;8;1;1
202100044742;121 742;7;0;2;3;1;1
202100044743;121 740;34;12;0;1;1;1
202100044744;121 737;7;0;2;4;2;1
202100044744;121 738;7;0;2;3;2;1
202100044744;121 739;7;0;2;4;2;1
202100044745;121 735;7;0;2;1;17;1
202100044745;121 736;7;0;2;1;1;1
202100044746;121 734;7;0;1;1;15;1
202100044747;121 733;1;0;0;1;0;5
202100044748;121 731;7;0;2;1;1;2
202100044748;121 732;7;0;2;2;15;1
202100044749;121 728;7;0;2;1;1;1
202100044749;121 729;3;0;2;3;11;1
202100044749;121 730;7;0;2;3;23;1
202100044750;121 726;7;0;2;5;1;1
202100044750;121 727;33;0;2;1;1;1
202100044751;121 724;7;0;0;1;1;1
202100044751;121 725;7;0;0;1;13;1
202100044752;121 722;7;0;2;1;13;1
202100044752;121 723;7;0;2;1;0;1
202100044753;121 720;1;0;2;8;1;5
202100044753;121 721;7;0;9;1;1;1
202100044754;121 718;10;0;2;1;1;1
202100044754;121 719;31;0;2;3;1;1
202100044755;121 716;7;13;0;1;1;1
202100044756;121 715;33;14;0;9;1;1
202100044757;121 714;10;15;0;3;1;1
202100044758;121 712;7;0;2;8;1;1
202100044758;121 713;2;0;2;1;1;1
202100044759;121 710;15;0;0;6;1;1
202100044759;121 711;10;0;2;2;1;1
202100044760;121 705;15;0;0;4;23;1
202100044760;121 706;7;14;2;1;1;1
202100044760;121 707;7;0;0;4;1;1
202100044760;121 708;7;14;2;1;1;1
202100044760;121 709;10;0;0;6;1;1
202100044761;121 702;10;3;2;3;1;1
202100044761;121 703;7;0;2;3;13;1
202100044761;121 704;10;0;2;3;1;1
202100044762;121 700;7;0;0;8;9;3
202100044762;121 701;33;0;2;1;1;1
202100044763;121 699;7;0;1;2;1;1
202100044764;121 697;2;0;2;1;13;1
202100044764;121 698;7;0;2;2;1;1
202100044765;121 695;7;0;0;3;1;1
202100044765;121 696;7;1;0;4;23;1
202100044766;121 693;1;0;2;1;19;0
202100044766;121 694;38;0;2;1;1;1
202100044767;121 690;7;0;2;3;1;1
202100044767;121 691;7;0;2;3;1;1
202100044767;121 692;7;10;2;1;1;1
202100044768;121 689;31;13;9;2;1;1
202100044769;121 688;17;6;0;3;1;1
202100044770;121 687;2;0;0;3;0;1
202100044771;121 685;7;0;2;1;0;1
202100044771;121 686;7;0;2;1;13;1
202100044772;121 684;2;12;0;3;1;1
202100044773;121 682;10;0;2;1;1;1
202100044773;121 683;36;0;2;7;19;1
202100044774;121 680;31;0;2;8;1;1
202100044774;121 681;0;0;2;5;1;
202100044775;121 678;7;0;2;8;1;1
202100044775;121 679;15;0;2;7;12;1
202100044776;121 676;0;0;2;1;2;1
202100044776;121 677;10;0;2;4;1;1
202100044777;121 675;7;3;0;1;9;1
202100044778;121 673;7;0;2;6;1;1
202100044778;121 674;33;4;2;3;11;1
202100044779;121 671;7;0;2;5;1;1
202100044779;121 672;7;0;2;3;12;1
202100044780;121 669;7;0;2;5;12;1
202100044780;121 670;10;0;2;3;2;1
202100044781;121 667;7;0;2;4;1;1
202100044781;121 668;10;0;2;1;1;1
202100044782;121 665;10;0;2;5;12;1
202100044782;121 666;33;0;2;1;2;1
202100044783;121 663;33;5;2;1;1;1
202100044783;121 664;7;0;2;7;1;1
202100044784;121 661;7;0;2;6;1;1
202100044784;121 662;10;0;2;1;0;1
202100044785;121 660;15;0;1;1;9;1
202100044786;121 656;7;0;2;2;19;1
202100044786;121 657;32;0;2;7;1;1
202100044787;121 655;7;0;1;1;15;1
202100044788;121 654;7;0;1;1;9;1
202100044789;121 653;7;0;1;3;15;1
202100044790;121 651;7;0;2;1;2;1
202100044790;121 652;7;0;2;4;2;1
202100044791;121 649;10;0;2;1;2;1
202100044791;121 650;7;0;2;4;2;1
202100044792;121 645;7;0;2;4;1;1
202100044792;121 646;10;0;2;2;2;1
202100044792;121 647;7;0;2;4;1;1
202100044792;121 648;7;0;2;6;1;1
202100044793;121 642;7;0;2;2;19;1
202100044793;121 643;7;0;2;2;16;0
202100044793;121 644;7;0;2;6;2;0
202100044794;121 641;32;0;0;8;1;1
202100044795;121 640;7;0;1;2;26;1
202100044796;121 639;7;0;1;2;15;1
202100044797;121 637;1;0;2;1;26;2
202100044797;121 638;7;0;2;1;26;1
202100044798;121 636;1;0;0;7;1;5
202100044799;121 635;1;0;0;0;1;5
202100044800;121 633;32;0;2;1;1;1
202100044800;121 634;7;0;2;6;1;1
202100044801;121 632;7;0;1;2;1;1
202100044802;121 630;7;0;0;0;20;1
202100044802;121 631;33;6;0;3;21;1
202100044803;121 628;7;0;2;1;16;1
202100044803;121 629;7;0;2;1;1;1
202100044804;121 627;33;0;2;8;1;1
202100044805;121 625;2;0;2;1;2;1
202100044805;121 626;7;0;2;6;2;1
202100044806;121 624;7;0;1;1;15;1
202100044807;121 623;7;0;1;1;1;1
202100044808;121 621;37;0;2;5;1;4
202100044808;121 622;1;0;2;1;19;5
202100044809;121 619;1;0;2;2;1;5
202100044809;121 620;7;0;2;3;15;1
202100044810;121 618;7;0;1;3;1;1
202100044811;121 617;30;0;0;0;1;1
202100044812;121 615;10;0;2;1;15;1
202100044812;121 616;33;0;2;1;1;1
202100044813;121 613;7;0;2;1;9;1
202100044813;121 614;1;0;2;7;0;5
202100044814;121 611;7;0;2;1;1;1
202100044814;121 612;7;0;2;7;19;1
202100044815;121 610;7;0;1;2;15;1
202100044816;121 608;43;0;2;1;2;1
202100044816;121 609;7;0;2;4;2;1
202100044817;121 606;7;0;2;2;9;1
202100044817;121 607;7;0;2;3;1;1
202100044818;121 604;50;0;2;8;19;3
202100044818;121 605;7;0;2;2;1;1
202100044819;121 603;3;0;1;4;4;3
202100044820;121 601;7;0;2;6;1;3
202100044820;121 602;1;0;2;1;19;5
202100044821;121 599;7;0;2;6;15;0
202100044821;121 600;7;0;2;1;2;1
202100044822;121 597;1;0;2;8;15;5
202100044822;121 598;7;0;2;3;15;1
202100044823;121 595;7;0;2;3;15;1
202100044823;121 596;1;0;2;8;1;5
202100044824;121 594;1;0;0;1;2;5
202100044825;121 592;2;0;2;4;1;1
202100044825;121 593;7;0;2;3;1;1
202100044826;121 591;30;0;1;1;18;1
202100044827;121 589;7;0;2;2;2;0
202100044827;121 590;2;0;2;1;9;1
202100044828;121 587;1;0;2;4;15;0
202100044828;121 588;7;0;2;0;0;6
202100044829;121 584;7;0;2;4;2;1
202100044829;121 585;10;0;2;4;2;1
202100044829;121 586;10;0;2;1;2;1
202100044830;121 582;43;0;2;6;2;1
202100044830;121 583;7;0;2;1;2;1
202100044831;121 580;10;0;2;1;2;1
202100044831;121 581;10;0;2;4;2;1
202100044832;121 578;10;0;2;8;10;1
202100044832;121 579;32;0;2;2;1;1
202100044833;121 576;7;0;2;3;10;1
202100044833;121 577;32;0;2;3;1;1
202100044834;121 574;32;0;2;3;18;1
202100044834;121 575;38;0;2;2;12;1
202100044835;121 573;50;0;1;1;1;3
202100044836;121 572;30;8;0;3;16;1
202100044837;121 571;7;0;1;4;4;1
202100044838;121 569;7;0;2;1;1;3
202100044838;121 570;1;0;2;0;9;5
202100044839;121 567;1;0;2;8;18;5
202100044839;121 568;13;0;2;8;15;1
202100044840;121 565;30;1;0;1;17;1
202100044840;121 566;7;0;0;6;23;1
202100044841;121 564;14;0;0;0;0;1
202100044842;121 562;30;0;2;7;9;0
202100044842;121 563;7;0;2;1;1;1
202100044843;121 560;7;0;2;1;1;1
202100044843;121 561;7;0;2;6;1;1
202100044844;121 559;30;15;0;8;13;1
202100044845;121 557;20;0;2;7;24;3
202100044845;121 558;7;1;0;1;1;1
202100044846;121 556;30;0;1;1;17;1
202100044847;121 554;2;0;2;8;1;1
202100044847;121 555;37;0;2;7;14;0
202100044848;121 552;7;0;2;1;26;1
202100044848;121 553;7;0;2;1;26;1
202100044849;121 551;7;0;1;3;26;1
202100044850;121 549;32;0;2;5;17;1
202100044850;121 550;7;0;2;2;9;1
202100044851;121 548;7;0;1;2;1;1
202100044852;121 545;10;0;2;4;1;1
202100044852;121 546;7;0;2;4;1;1
202100044852;121 547;10;0;2;4;1;1
202100044853;121 544;7;0;1;1;16;1
202100044854;121 542;7;0;2;3;15;1
202100044854;121 543;32;0;2;1;1;1
202100044855;121 540;30;0;2;2;1;1
202100044855;121 541;7;0;2;5;16;1
202100044856;121 538;2;0;2;4;15;1
202100044856;121 539;10;0;2;1;15;1
202100044857;121 537;2;0;0;1;1;1
202100044858;121 535;7;0;2;2;1;1
202100044858;121 536;7;0;2;1;1;1
202100044859;121 533;7;0;2;3;1;1
202100044859;121 534;2;0;2;1;0;1
202100044860;121 532;10;0;1;3;15;1
202100044861;121 530;3;0;2;3;19;1
202100044861;121 531;31;0;2;1;1;1
202100044862;121 528;7;0;2;8;1;1
202100044862;121 529;33;0;2;8;13;1
202100044863;121 526;1;0;2;1;19;5
202100044863;121 527;7;0;2;2;1;1
202100044864;121 524;7;0;2;2;24;1
202100044864;121 525;7;1;0;2;21;1
202100044865;121 522;33;0;2;1;21;1
202100044865;121 523;10;0;2;2;19;1
202100044866;121 520;1;0;2;8;15;5
202100044866;121 521;7;0;2;2;17;1
202100044867;121 519;7;0;1;2;1;1
202100044868;121 517;7;0;2;2;1;1
202100044868;121 518;1;0;2;1;19;5
202100044869;121 516;7;13;0;9;1;1
202100044870;121 515;7;13;0;1;13;1
202100044871;121 511;1;0;2;3;9;5
202100044871;121 512;10;0;9;7;1;1
202100044872;121 510;7;16;0;2;1;1
202100044873;121 508;15;0;2;2;1;1
202100044873;121 509;7;0;2;8;10;0
202100044874;121 506;7;0;0;3;23;1
202100044874;121 507;7;0;2;1;6;1
202100044875;121 505;7;0;1;2;0;1
202100044876;121 503;7;0;2;0;1;1
202100044876;121 504;7;0;9;3;1;1
202100044877;121 501;80;0;2;8;13;3
202100044877;121 502;7;0;9;2;17;1
202100044878;121 500;33;16;0;0;1;1
202100044879;121 499;7;0;0;0;1;1
202100044880;121 497;7;0;2;3;1;1
202100044880;121 498;7;0;2;3;13;1
202100044881;121 495;7;0;2;3;1;1
202100044881;121 496;1;0;2;1;19;5
202100044882;121 493;7;0;0;8;9;1
202100044882;121 494;33;1;2;1;1;1
202100044883;121 490;7;13;0;0;0;1
202100044884;121 489;7;0;1;0;1;1
202100044885;121 487;31;0;2;5;26;1
202100044885;121 488;31;0;2;5;26;1
202100044886;121 486;7;2;0;0;1;1
202100044887;121 484;7;0;2;8;23;1
202100044887;121 485;7;6;2;2;13;1
202100044888;121 482;7;0;2;3;1;1
202100044888;121 483;7;0;2;3;1;1
202100044889;121 480;7;0;2;2;17;1
202100044889;121 481;21;0;0;8;15;0
202100044890;121 478;33;0;2;7;17;1
202100044890;121 479;10;0;2;3;15;1
202100044891;121 477;7;4;0;1;1;1
202100044892;121 475;17;0;0;6;2;1
202100044892;121 476;10;0;2;2;1;1
202100044893;121 474;7;0;1;3;11;1
202100044894;121 473;7;0;5;1;1;1
202100044895;121 472;7;0;1;2;2;1
202100044896;121 470;2;0;2;1;1;1
202100044896;121 471;1;0;2;1;2;5
202100044897;121 469;36;6;0;3;1;0
202100044898;121 467;2;0;2;2;26;1
202100044898;121 468;7;0;0;6;9;1
202100044899;121 465;1;0;0;4;2;5
202100044899;121 466;10;0;2;2;1;1
202100044900;121 463;7;0;2;1;1;1
202100044900;121 464;7;0;2;4;9;1
202100044901;121 461;15;0;2;6;1;1
202100044901;121 462;33;0;2;1;3;1
202100044902;121 460;43;0;0;1;21;1
202100044903;121 459;7;0;1;1;1;1
202100044904;121 458;7;0;1;3;15;1
202100044905;121 456;1;0;2;8;26;5
202100044905;121 457;7;0;2;2;15;0
202100044906;121 454;33;0;2;1;1;1
202100044906;121 455;7;0;2;8;10;1
202100044907;121 453;7;0;1;3;1;1
202100044908;121 452;7;0;1;2;15;1
202100044909;121 450;7;0;2;3;1;2
202100044909;121 451;1;0;2;7;1;5
202100044910;121 448;7;0;2;5;16;1
202100044910;121 449;37;0;2;3;1;1
202100044911;121 447;7;4;0;1;26;1
202100044912;121 445;1;0;2;0;0;5
202100044912;121 446;7;0;2;3;9;1
202100044913;121 444;7;0;1;2;1;1
202100044914;121 441;30;1;0;1;14;3
202100044915;121 439;33;0;2;1;17;1
202100044915;121 440;7;0;2;2;19;1
202100044916;121 437;31;0;0;1;1;1
202100044916;121 438;7;0;2;4;1;1
202100044917;121 435;43;0;2;2;17;1