Num_Acc;id_vehicule;categorie_vehicule;obstacle_fixe;obstacle_mobile;point_choc_initial;manoeuvre_principale;motorisation
202100044917;121 436;7;0;2;3;15;1
202100044918;121 434;3;0;0;1;13;1
202100044919;121 433;7;0;1;1;1;1
202100044920;121 431;37;1;2;1;1;1
202100044920;121 432;1;0;2;1;1;5
202100044921;121 429;7;0;2;3;1;1
202100044921;121 430;60;8;2;2;19;5
202100044922;121 428;7;6;0;1;14;1
202100044923;121 426;7;0;2;3;16;1
202100044923;121 427;7;0;2;2;1;1
202100044924;121 424;7;0;2;1;0;1
202100044924;121 425;7;0;2;4;0;1
202100044925;121 423;7;0;1;1;1;1
202100044926;121 421;7;0;2;7;26;1
202100044926;121 422;7;0;2;1;1;1
202100044927;121 420;7;0;1;3;1;1
202100044928;121 419;7;0;1;3;17;1
202100044929;121 417;32;0;2;7;2;1
202100044929;121 418;7;0;2;0;2;1
202100044930;121 415;7;0;9;1;1;1
202100044930;121 416;50;0;2;1;19;3
202100044931;121 413;7;0;2;3;1;1
202100044931;121 414;7;0;2;5;16;1
202100044932;121 411;7;0;2;2;15;1
202100044932;121 412;2;0;2;1;1;1
202100044933;121 410;7;0;1;4;4;1
202100044934;121 408;2;0;2;8;1;1
202100044934;121 409;7;0;2;2;15;1
202100044935;121 407;34;0;0;7;1;1
202100044936;121 406;7;0;1;3;1;1
202100044937;121 405;32;0;0;0;1;1
202100044938;121 404;7;1;0;2;13;1
202100044939;121 403;30;0;0;1;1;3
202100044940;121 402;7;13;0;3;13;1
202100044941;121 401;33;0;0;0;1;1
202100044942;121 399;1;0;2;8;1;5
202100044942;121 400;10;0;2;5;17;1
202100044943;121 397;7;0;2;4;1;1
202100044943;121 398;30;0;2;1;2;1
202100044944;121 395;50;0;2;4;0;3
202100044944;121 396;7;0;2;0;0;1
202100044945;121 393;7;0;2;1;1;1
202100044945;121 394;7;0;2;6;20;1
202100044946;121 391;7;0;2;1;2;1
202100044946;121 392;7;0;2;4;2;1
202100044947;121 389;7;0;2;5;15;1
202100044947;121 390;7;0;2;3;1;1
202100044948;121 388;33;13;0;0;26;1
202100044949;121 386;1;0;2;1;1;5
202100044949;121 387;7;0;2;2;9;2
202100044950;121 384;7;0;2;7;1;1
202100044950;121 385;7;0;2;1;1;1
202100044951;121 383;7;0;0;1;1;
202100044952;121 382;2;0;0;1;1;
202100044953;121 380;7;0;2;4;2;1
202100044953;121 381;7;0;2;1;2;1
202100044954;121 378;7;0;9;3;0;1
202100044954;121 379;1;0;2;1;1;5
202100044955;121 377;33;0;0;1;26;1
202100044956;121 376;33;0;5;5;9;1
202100044957;121 372;7;0;2;4;1;1
202100044957;121 373;7;0;2;4;1;1
202100044957;121 374;10;0;2;1;1;1
202100044957;121 375;7;0;2;4;1;2
202100044958;121 371;30;8;0;1;21;1
202100044959;121 370;33;8;0;0;1;1
202100044960;121 368;7;0;2;2;19;1
202100044960;121 369;7;0;2;2;1;1
202100044961;121 366;7;0;2;3;1;1
202100044961;121 367;33;0;2;2;12;1
202100044962;121 364;7;0;2;1;1;1
202100044962;121 365;7;0;2;3;15;1
202100044963;121 362;10;0;2;5;15;1
202100044963;121 363;32;0;2;1;1;1
202100044964;121 360;7;0;2;8;0;1
202100044964;121 361;7;0;2;1;0;1
202100044965;121 358;1;0;2;1;1;5
202100044965;121 359;38;0;9;1;26;1
202100044966;121 356;7;0;2;2;20;1
202100044966;121 357;30;0;2;3;18;1
202100044967;121 354;7;0;2;1;13;1
202100044967;121 355;7;0;2;1;1;1
202100044968;121 352;7;0;2;3;15;1
202100044968;121 353;32;0;2;1;17;1
202100044969;121 350;33;0;2;3;17;1
202100044969;121 351;7;0;2;8;10;1
202100044970;121 346;7;0;2;1;1;1
202100044970;121 347;7;0;2;4;1;1
202100044970;121 348;7;0;2;4;1;1
202100044970;121 349;7;0;2;4;1;1
202100044971;121 345;1;12;0;0;15;5
202100044972;121 343;50;0;2;1;19;3
202100044972;121 344;7;0;2;5;16;2
202100044973;121 342;7;11;0;1;13;1
202100044974;121 340;31;0;1;2;1;1
202100044974;121 341;7;0;2;3;1;1
202100044975;121 338;1;0;2;3;19;5
202100044975;121 339;34;0;2;1;1;1
202100044976;121 336;1;0;2;4;2;5
202100044976;121 337;7;0;2;1;2;1
202100044977;121 334;10;0;2;3;15;1
202100044977;121 335;1;0;2;1;1;5
202100044978;121 333;7;0;1;1;1;1
202100044979;121 330;7;0;2;1;1;1
202100044979;121 331;10;0;2;4;1;1
202100044980;121 328;2;0;2;1;1;1
202100044980;121 329;10;0;2;2;10;1
202100044981;121 327;33;0;1;1;1;1
202100044982;121 325;7;0;2;1;1;1
202100044982;121 326;7;0;2;8;1;1
202100044983;121 323;7;0;2;1;0;0
202100044983;121 324;60;0;2;7;19;5
202100044984;121 321;14;1;0;4;23;1
202100044984;121 322;34;14;0;1;14;1
202100044985;121 319;7;0;2;5;15;1
202100044985;121 320;2;0;2;1;1;1
202100044986;121 318;7;2;0;1;0;1
202100044987;121 316;7;0;2;1;1;1
202100044987;121 317;7;0;2;7;15;1
202100044988;121 314;2;0;2;3;0;1
202100044988;121 315;7;0;2;2;16;1
202100044989;121 312;7;0;2;8;1;1
202100044989;121 313;30;0;2;1;15;1
202100044990;121 310;7;0;2;3;19;1
202100044990;121 311;7;0;2;2;19;1
202100044991;121 308;10;0;2;5;26;1
202100044991;121 309;30;0;2;1;0;1
202100044992;121 306;50;0;2;1;1;3
202100044992;121 307;7;0;2;8;10;1
202100044993;121 304;43;0;2;1;1;1
202100044993;121 305;2;0;2;6;9;1
202100044994;121 302;15;0;2;8;1;1
202100044994;121 303;2;0;2;8;13;1
202100044995;121 300;2;0;2;2;1;1
202100044995;121 301;7;0;2;3;10;1
202100044996;121 298;1;0;2;1;1;5
202100044996;121 299;7;0;9;2;15;1
202100044997;121 297;7;0;0;9;0;1
202100044998;121 295;80;0;2;8;1;3
202100044998;121 296;7;0;2;2;1;1
202100044999;121 292;7;0;2;3;1;1
202100044999;121 293;2;0;2;1;1;1
202100044999;121 294;2;0;2;1;13;1
202100045000;121 291;2;0;0;1;0;1
202100045001;121 290;14;2;0;1;1;1
202100045002;121 288;16;0;2;3;1;1
202100045002;121 289;16;3;2;1;13;1
202100045003;121 286;13;0;2;3;1;1
202100045003;121 287;10;0;2;8;10;1
202100045004;121 283;7;0;2;1;13;1
202100045004;121 284;14;0;2;1;1;1
202100045004;121 285;7;0;2;1;1;1
202100045005;121 281;33;0;2;1;1;1
202100045005;121 282;7;0;2;3;15;1
202100045006;121 279;7;0;9;1;1;1
202100045006;121 280;7;0;2;1;15;1
202100045007;121 278;7;13;0;2;1;1
202100045008;121 277;7;3;0;3;1;1
202100045009;121 275;7;0;2;7;2;1
202100045009;121 276;10;0;2;8;2;1
202100045010;121 273;7;0;2;5;2;1
202100045010;121 274;10;0;2;1;2;1
202100045011;121 271;7;0;2;5;1;1
202100045011;121 272;7;0;2;0;1;1
202100045012;121 268;7;0;2;8;11;1
202100045012;121 269;10;0;2;3;1;1
202100045012;121 270;34;0;2;2;3;1
202100045013;121 265;33;0;2;1;3;1
202100045013;121 266;7;0;2;4;2;1
202100045013;121 267;10;0;2;8;2;1
202100045014;121 264;7;0;1;2;1;1
202100045015;121 263;10;0;1;5;1;1
202100045016;121 261;1;0;2;8;1;5
202100045016;121 262;7;0;2;1;15;1
202100045017;121 259;7;0;2;1;1;1
202100045017;121 260;50;0;2;7;1;3
202100045018;121 257;7;0;2;3;15;1
202100045018;121 258;7;0;2;3;1;1
202100045019;121 255;33;0;2;1;13;1
202100045019;121 256;7;0;2;3;1;1
202100045020;121 254;7;0;1;2;2;1
202100045021;121 252;7;0;2;8;2;1
202100045021;121 253;33;0;2;2;1;1
202100045022;121 250;7;0;2;8;0;0
202100045022;121 251;7;0;2;1;1;1
202100045023;121 248;34;0;2;1;1;1
202100045023;121 249;7;0;2;7;9;1
202100045024;121 246;10;0;2;4;1;1
202100045024;121 247;7;0;2;1;1;1
202100045025;121 244;30;0;2;3;1;1
202100045025;121 245;7;0;2;2;1;1
202100045026;121 243;7;0;1;3;1;1
202100045027;121 241;1;0;2;0;1;5
202100045027;121 242;7;0;2;3;9;1
202100045028;121 238;7;0;2;4;26;1
202100045028;121 239;7;0;2;2;1;1
202100045028;121 240;10;0;2;0;23;1
202100045029;121 236;32;0;2;2;1;1
202100045029;121 237;7;0;2;3;11;1
202100045030;121 235;30;1;0;1;14;1
202100045031;121 232;7;0;2;2;16;0
202100045031;121 233;32;0;2;0;0;1
202100045031;121 234;10;0;2;0;0;6
202100045032;121 230;7;0;2;8;15;1
202100045032;121 231;33;0;2;1;1;1
202100045033;121 229;7;6;0;1;16;1
202100045034;121 228;32;12;0;1;12;1
202100045035;121 226;7;0;2;3;9;1
202100045035;121 227;2;0;2;7;1;1
202100045036;121 225;30;0;1;1;1;1
202100045037;121 223;33;0;2;3;1;1
202100045037;121 224;7;0;2;2;12;1
202100045038;121 221;2;0;2;1;17;1
202100045038;121 222;7;0;2;1;24;2
202100045039;121 220;1;0;2;2;1;5
202100045040;121 219;7;1;0;3;26;1
202100045041;121 217;7;0;2;1;2;1
202100045041;121 218;7;0;2;4;1;1
202100045042;121 215;7;0;2;6;1;1
202100045042;121 216;7;0;2;1;10;1
202100045043;121 214;7;0;1;0;0;1
202100045044;121 213;7;9;0;1;9;1
202100045045;121 211;30;0;0;1;21;1
202100045045;121 212;2;0;0;0;26;0
202100045046;121 209;30;0;2;1;1;1
202100045046;121 210;7;0;2;8;1;1
202100045047;121 207;32;0;2;1;2;1
202100045047;121 208;7;0;2;4;1;1
202100045048;121 205;2;0;2;1;17;1
202100045048;121 206;7;0;2;6;15;1
202100045049;121 204;2;6;0;8;13;1
202100045050;121 203;31;0;0;0;14;1
202100045051;121 201;7;0;2;4;15;1
202100045051;121 202;32;0;2;1;2;1
202100045052;121 199;7;0;2;1;1;1
202100045052;121 200;7;0;2;1;5;1
202100045053;121 198;33;0;0;7;0;1
202100045054;121 197;7;8;0;3;1;1
202100045055;121 195;7;0;2;1;1;1
202100045055;121 196;7;0;2;1;17;1
202100045056;121 193;7;0;0;6;15;1
202100045056;121 194;33;0;2;1;17;1
202100045057;121 190;33;0;2;1;2;1
202100045057;121 191;7;0;0;5;1;1
202100045058;121 188;7;0;2;1;1;1
202100045058;121 189;7;0;2;1;5;1
202100045059;121 187;7;0;1;1;1;1
202100045060;121 185;10;0;0;1;15;1
202100045060;121 186;7;0;0;2;1;1
202100045061;121 184;2;12;0;1;1;1
202100045062;121 181;7;1;2;3;1;1
202100045062;121 182;7;0;0;3;1;1
202100045062;121 183;7;0;0;3;1;2
202100045063;121 179;7;0;2;3;15;2
202100045063;121 180;33;0;2;1;17;1
202100045064;121 178;7;13;0;3;1;1
202100045065;121 177;1;0;0;0;0;5
202100045066;121 176;7;10;0;1;13;1
202100045067;121 173;1;0;2;1;2;5
202100045067;121 174;1;0;0;4;2;5
202100045067;121 175;1;0;2;1;2;5
202100045068;121 171;7;0;2;1;1;1
202100045068;121 172;10;0;2;1;1;1
202100045069;121 170;2;0;0;0;1;1
202100045070;121 169;10;15;0;9;2;1
202100045071;121 167;80;0;2;2;1;3
202100045071;121 168;7;0;2;3;9;1
202100045072;121 166;7;0;1;7;1;1
202100045073;121 165;7;0;1;2;0;1
202100045074;121 164;15;16;0;2;1;1
202100045075;121 162;7;0;2;2;1;1
202100045075;121 163;1;0;2;1;16;5
202100045076;121 161;17;3;0;8;19;1
202100045077;121 159;10;0;2;1;1;1
202100045077;121 160;7;1;2;2;12;1
202100045078;121 157;31;0;2;1;2;1
202100045078;121 158;7;0;2;1;5;1
202100045079;121 156;10;13;0;1;14;1
202100045080;121 155;10;0;0;9;15;1
202100045081;121 152;33;0;0;8;1;1
202100045081;121 153;36;0;2;1;10;1
202100045082;121 150;10;0;2;1;1;1
202100045082;121 151;7;5;2;2;5;1
202100045083;121 147;10;0;2;8;23;1
202100045083;121 148;7;0;2;1;15;1
202100045083;121 149;10;0;2;1;1;1
202100045084;121 146;33;10;0;9;1;1
202100045085;121 145;1;0;0;0;1;5
202100045086;121 144;7;0;1;2;0;1
202100045087;121 142;33;0;2;1;1;1
202100045087;121 143;7;0;0;3;1;1
202100045088;121 140;7;5;0;2;0;1
202100045089;121 138;1;0;0;1;1;5
202100045089;121 139;1;0;9;4;1;5
202100045090;121 136;1;0;2;3;15;5
202100045090;121 137;2;0;9;2;1;1
202100045091;121 135;2;2;0;1;1;1
202100045092;121 129;7;0;2;1;2;1
202100045092;121 130;7;0;2;0;2;1
202100045092;121 131;7;0;2;0;2;1
202100045092;121 132;7;0;2;0;1;3
202100045092;121 133;7;0;2;0;2;1
202100045092;121 134;7;0;2;0;2;1
202100045093;121 128;7;3;0;1;16;1
202100045094;121 127;7;4;0;2;2;1
202100045095;121 125;17;0;2;7;12;1
202100045095;121 126;7;0;2;8;2;1
202100045096;121 124;7;4;0;3;1;1
202100045097;121 123;7;0;1;1;1;1
202100045098;121 122;7;0;0;1;13;1
202100045099;121 121;7;0;1;4;26;1
202100045100;121 120;7;0;1;8;1;1
202100045101;121 119;7;12;1;1;26;2
202100045102;121 118;10;0;1;1;1;1
202100045103;121 117;32;0;1;1;0;1
202100045104;121 112;7;14;0;1;1;1
202100045104;121 113;7;1;0;1;1;1
202100045104;121 114;7;0;2;1;2;1
202100045104;121 115;7;0;0;4;2;1
202100045104;121 116;7;0;2;1;21;1
202100045105;121 111;37;0;1;5;26;1
202100045106;121 109;7;0;2;1;1;1
202100045106;121 110;7;0;2;8;1;1
202100045107;121 108;10;0;1;1;1;1
202100045108;121 106;30;0;2;1;17;1
202100045108;121 107;7;0;2;8;15;1
202100045109;121 105;7;8;0;1;14;1
202100045110;121 103;33;0;2;1;1;1
202100045110;121 104;50;0;2;4;12;3
202100045111;121 102;33;0;0;7;26;1
202100045112;121 100;7;0;0;4;1;1
202100045112;121 101;0;0;2;1;1;0
202100045113;121 099;30;0;0;7;1;1
202100045114;121 098;7;0;1;1;1;1
202100045115;121 097;2;0;1;1;17;3
202100045116;121 095;33;0;2;2;17;1
202100045116;121 096;7;0;2;3;2;1
202100045117;121 093;30;0;2;1;1;1
202100045117;121 094;30;0;2;1;17;1
202100045118;121 091;7;0;2;5;15;1
202100045118;121 092;33;0;2;1;2;1
202100045119;121 089;7;0;9;1;16;1
202100045119;121 090;1;0;2;7;1;5
202100045120;121 084;7;2;0;1;13;1
202100045121;121 082;31;11;0;1;1;1
202100045121;121 083;31;11;0;1;1;1
202100045122;121 080;7;0;2;1;1;1
202100045122;121 081;7;0;2;7;1;1
202100045123;121 077;7;0;2;3;23;1
202100045123;121 078;7;0;2;7;19;1
202100045123;121 079;7;0;2;1;1;1
202100045124;121 075;7;0;2;1;13;1
202100045124;121 076;7;0;2;3;1;1
202100045125;121 073;7;0;2;1;1;1
202100045125;121 074;7;0;2;7;15;1
202100045126;121 072;33;7;0;6;13;1
202100045127;121 070;1;0;2;8;15;5
202100045127;121 071;7;0;2;1;1;1
202100045128;121 068;80;0;2;8;1;3
202100045128;121 069;7;0;9;3;9;1
202100045129;121 066;7;0;2;2;19;1
202100045129;121 067;7;0;2;1;0;1
202100045130;121 064;7;0;2;4;1;1
202100045130;121 065;7;0;2;1;2;1
202100045131;121 061;7;0;2;2;1;1
202100045131;121 062;1;0;2;1;1;5
202100045132;121 059;7;0;2;3;10;1
202100045132;121 060;7;0;2;1;1;1
202100045133;121 058;32;12;0;1;1;1
202100045134;121 056;33;0;2;0;0;1
202100045134;121 057;7;0;2;0;26;1
202100045135;121 054;33;0;2;1;1;1
202100045135;121 055;7;0;2;7;15;1
202100045136;121 052;7;0;2;3;15;1
202100045136;121 053;30;0;2;1;17;1
202100045137;121 050;7;0;2;2;15;1
202100045137;121 051;33;1;2;1;1;1
202100045138;121 048;7;0;2;3;15;1
202100045138;121 049;2;0;2;2;1;1
202100045139;121 046;7;0;2;2;12;1
202100045139;121 047;31;0;2;8;3;1
202100045140;121 045;33;0;0;0;3;1
202100045141;121 043;30;0;2;1;1;1
202100045141;121 044;7;0;2;3;9;1
202100045142;121 042;1;0;1;1;21;5
202100045143;121 039;7;0;2;8;1;1
202100045143;121 040;7;0;2;6;1;1
202100045143;121 041;7;0;2;1;1;1
202100045144;121 038;1;8;0;1;21;5
202100045145;121 037;30;9;0;1;15;1
202100045146;121 035;7;0;0;6;23;1
202100045146;121 036;7;0;2;2;2;1
202100045147;121 033;1;0;2;1;1;5
202100045147;121 034;7;0;9;2;2;1
202100045148;121 031;0;0;2;7;14;1
202100045148;121 032;31;0;2;2;1;1
202100045149;121 029;7;0;0;4;23;1
202100045149;121 030;30;0;2;1;1;1
202100045150;121 027;7;0;2;2;9;1
202100045150;121 028;7;1;2;2;1;1
202100045151;121 025;7;0;2;1;1;1
202100045151;121 026;7;0;2;4;23;1
202100045152;121 023;60;0;2;0;26;5
202100045152;121 024;7;0;2;1;19;1
202100045153;121 021;30;0;2;8;15;1
202100045153;121 022;7;0;0;8;15;1
202100045154;121 019;7;0;2;4;9;0
202100045154;121 020;7;0;2;1;9;0
202100045155;121 017;33;0;2;4;15;1
202100045155;121 018;30;0;2;1;17;1
202100045156;121 015;7;0;9;2;1;1
202100045156;121 016;1;0;2;1;1;0
202100045157;121 013;7;0;2;1;1;1
202100045157;121 014;10;9;2;3;15;1
202100045158;121 012;7;4;0;1;19;1
202100045159;121 010;7;0;2;3;15;1
202100045159;121 011;7;0;2;3;1;1
202100045160;121 008;7;0;2;1;0;1
202100045160;121 009;7;0;2;4;0;1
202100045161;121 006;7;0;2;1;1;1
202100045161;121 007;31;0;2;3;15;1
202100045162;121 004;32;0;2;1;1;1
202100045162;121 005;7;0;2;2;15;0
202100045163;121 003;7;6;0;1;1;1
202100045164;121 002;7;5;0;0;1;1
202100045165;121 001;33;0;0;0;1;1
202100045166;120 999;33;0;2;1;1;1
202100045166;121 000;7;0;2;3;15;1
202100045167;120 998;7;15;0;2;2;1
202100045168;120 996;10;8;0;6;16;1
202100045168;120 997;7;0;2;1;19;1
202100045169;120 995;7;0;0;9;1;1
202100045170;120 994;7;13;0;1;1;1
202100045171;120 989;7;0;2;3;11;1
202100045171;120 990;7;0;2;3;1;1
202100045172;120 988;33;0;0;0;1;1
202100045173;120 986;7;0;2;3;1;1
202100045173;120 987;2;0;2;3;13;1
202100045174;120 985;33;3;0;7;1;1
202100045175;120 984;7;0;1;2;1;1
202100045176;120 983;33;0;0;9;17;1
202100045177;120 981;10;0;2;1;17;1
202100045177;120 982;7;6;2;6;15;1
202100045178;120 980;7;1;0;1;13;1
202100045179;120 979;33;13;0;2;1;1
202100045180;120 977;7;0;2;1;15;1
202100045180;120 978;33;0;2;7;1;1
202100045181;120 976;33;0;0;1;1;1
202100045182;120 975;36;6;0;2;1;1
202100045183;120 974;7;13;0;3;1;1
202100045184;120 972;1;0;2;1;1;5
202100045184;120 973;7;0;2;1;1;1
202100045185;120 970;2;0;2;1;17;1
202100045185;120 971;7;0;2;3;15;1
202100045186;120 969;7;3;0;2;14;1
202100045187;120 968;2;0;0;0;1;1
202100045188;120 966;7;0;2;3;1;1
202100045188;120 967;1;0;2;1;13;5
202100045189;120 965;7;0;1;5;1;1
202100045190;120 963;7;0;2;1;19;1
202100045190;120 964;33;0;2;8;1;1
202100045191;120 961;7;0;2;2;1;1
202100045191;120 962;1;0;2;1;5;5
202100045192;120 959;7;0;9;2;17;1
202100045192;120 960;1;0;2;3;2;0
202100045193;120 957;7;0;2;1;0;1
202100045193;120 958;33;0;2;4;0;1
202100045194;120 954;7;0;2;1;1;1
202100045194;120 955;7;0;2;8;1;1
202100045194;120 956;7;0;2;7;17;1
202100045195;120 952;31;0;2;3;1;1
202100045195;120 953;31;0;2;3;0;1
202100045196;120 951;7;13;0;1;1;1
202100045197;120 950;7;15;0;2;14;1
202100045198;120 949;7;0;0;9;1;1
202100045199;120 944;7;0;2;4;2;1
202100045199;120 945;7;0;2;4;2;1
202100045199;120 946;7;0;2;4;2;1
202100045199;120 947;7;0;2;4;2;1
202100045199;120 948;7;0;2;1;2;1
202100045200;120 943;7;13;0;1;1;1
202100045201;120 938;7;0;2;0;0;0
202100045201;120 939;7;0;2;1;1;1
202100045201;120 940;7;0;2;1;1;1
202100045201;120 941;7;0;2;4;1;1
202100045201;120 942;7;0;2;4;1;1
202100045202;120 937;7;0;5;2;21;1
202100045203;120 936;33;4;0;2;14;1
202100045204;120 935;7;0;1;7;1;1
202100045205;120 928;7;0;2;6;16;1
202100045205;120 929;7;0;2;6;16;1
202100045205;120 930;7;0;2;3;1;1
202100045205;120 931;7;0;2;1;1;1
202100045205;120 932;7;0;2;3;15;1
202100045206;120 926;7;0;4;8;26;1
202100045206;120 927;40;0;2;1;1;3
202100045207;120 925;7;0;1;2;26;1
202100045208;120 924;7;8;0;2;26;1
202100045209;120 922;7;0;2;1;2;1
202100045209;120 923;10;0;2;4;2;1
202100045210;120 920;7;0;2;2;15;1
202100045210;120 921;2;0;2;1;1;1
202100045211;120 918;38;0;2;0;1;0
202100045211;120 919;50;0;2;7;19;3
202100045212;120 914;7;0;2;4;23;1
202100045212;120 915;7;0;2;4;23;0
202100045212;120 916;7;0;2;4;23;1
202100045212;120 917;7;0;2;1;1;1
202100045213;120 912;7;0;2;3;15;2
202100045213;120 913;31;0;2;6;18;1
202100045214;120 910;10;0;2;7;1;1
202100045214;120 911;33;0;2;3;13;1
202100045215;120 907;7;0;2;5;16;1
202100045215;120 908;37;0;2;3;9;1
202100045216;120 905;7;0;2;3;15;1
202100045216;120 906;30;0;2;0;1;1
202100045217;120 903;7;0;2;7;1;1
202100045217;120 904;7;0;2;1;1;1
202100045218;120 901;30;0;0;2;9;1
202100045218;120 902;7;0;2;1;1;1
202100045219;120 899;7;0;2;8;10;1
202100045219;120 900;7;0;2;1;1;1
202100045220;120 894;2;0;2;1;1;1
202100045220;120 895;7;0;2;7;15;1
202100045221;120 892;7;0;2;4;1;1
202100045221;120 893;2;0;2;1;1;1
202100045222;120 891;1;0;0;0;26;5
202100045223;120 889;2;0;2;2;0;6
202100045223;120 890;7;0;2;0;0;0
202100045224;120 887;7;1;2;2;11;1
202100045224;120 888;7;0;2;2;21;1
202100045225;120 885;37;0;0;0;0;2
202100045225;120 886;31;0;2;1;1;1
202100045226;120 883;31;0;2;7;15;1
202100045226;120 884;7;0;2;1;1;1
202100045227;120 882;7;0;0;0;2;0
202100045228;120 880;7;0;2;1;1;1
202100045228;120 881;7;0;2;4;1;1
202100045229;120 878;50;0;2;8;1;3
202100045229;120 879;7;0;2;1;17;1
202100045230;120 877;10;0;1;1;1;1
202100045231;120 875;7;0;2;3;15;1
202100045231;120 876;30;0;2;1;17;1
202100045232;120 871;10;0;2;4;23;1
202100045232;120 872;7;0;2;1;1;1
202100045233;120 869;7;0;2;1;9;1
202100045233;120 870;99;0;2;4;4;0
202100045234;120 868;7;0;1;1;1;1
202100045235;120 867;3;0;1;4;4;3
202100045236;120 865;30;0;2;1;2;1
202100045236;120 866;7;0;2;5;1;1
202100045237;120 864;30;0;1;1;1;1
202100045238;120 862;7;0;2;2;1;1
202100045238;120 863;43;0;2;2;1;1
202100045239;120 860;7;0;2;2;1;1
202100045239;120 861;1;0;2;1;9;5
202100045240;120 858;7;0;2;2;1;1
202100045240;120 859;50;0;2;1;9;3
202100045241;120 857;32;1;0;2;13;1
202100045242;120 854;7;0;2;2;1;2
202100045242;120 855;2;0;2;8;1;1
202100045242;120 856;7;0;2;8;1;2
202100045243;120 852;7;0;2;1;1;1
202100045243;120 853;2;0;2;8;15;1
202100045244;120 850;10;0;2;0;16;1
202100045244;120 851;1;8;2;8;21;5
202100045245;120 848;7;0;2;1;5;0
202100045245;120 849;34;0;2;1;23;1
202100045246;120 846;30;0;2;7;5;1
202100045246;120 847;30;0;2;2;1;1
202100045247;120 844;7;0;2;1;2;1
202100045247;120 845;7;0;0;5;15;1
202100045248;120 842;2;0;1;3;17;3
202100045249;120 840;7;0;2;5;22;2
202100045249;120 841;1;0;2;0;16;5
202100045250;120 838;7;0;2;3;2;1
202100045250;120 839;50;0;2;1;19;3
202100045251;120 836;7;0;2;5;23;1
202100045251;120 837;2;0;2;1;2;1
202100045252;120 834;7;0;2;3;15;1
202100045252;120 835;2;0;2;6;1;1
202100045253;120 832;7;0;2;3;1;1
202100045253;120 833;33;0;2;1;1;1
202100045254;120 831;30;0;1;2;1;1
202100045255;120 829;10;0;1;1;26;1
202100045255;120 830;7;0;1;6;26;1
202100045256;120 827;10;0;2;8;1;1
202100045256;120 828;7;0;2;1;1;1
202100045257;120 825;30;0;2;1;26;1
202100045257;120 826;7;0;2;3;19;1
202100045258;120 823;7;0;2;1;19;1
202100045258;120 824;7;0;2;1;1;1
202100045259;120 822;7;1;0;1;14;1
202100045260;120 820;7;0;2;7;17;1
202100045260;120 821;7;0;2;3;15;1
202100045261;120 818;1;0;2;8;1;5
202100045261;120 819;7;0;2;2;16;0
202100045262;120 816;10;0;2;2;1;3
202100045262;120 817;10;0;2;3;1;0
202100045263;120 814;34;0;2;1;1;1
202100045263;120 815;7;0;2;2;15;0
202100045264;120 812;30;0;2;1;1;3
202100045264;120 813;1;0;2;8;10;5
202100045265;120 810;43;0;2;8;9;1
202100045265;120 811;30;0;2;1;1;1
202100045266;120 807;1;0;2;1;5;5
202100045266;120 808;1;0;2;1;5;5
202100045266;120 809;33;0;2;1;13;1
202100045267;120 806;7;13;0;4;1;1
202100045268;120 804;7;0;2;4;19;1
202100045268;120 805;33;0;2;1;1;1
202100045269;120 802;7;0;2;3;1;2
202100045269;120 803;10;0;2;2;1;1
202100045270;120 801;33;15;0;3;1;1
202100045271;120 799;7;0;0;3;1;1
202100045271;120 800;7;0;2;3;1;1
202100045272;120 797;30;0;2;1;17;1
202100045272;120 798;3;0;2;2;1;1
202100045273;120 795;7;0;2;6;15;1
202100045273;120 796;33;0;2;1;17;1
202100045274;120 794;7;6;0;3;16;1
202100045275;120 792;1;0;2;3;15;5
202100045275;120 793;7;0;9;2;2;1
202100045276;120 790;7;0;2;1;2;1
202100045276;120 791;7;0;2;5;1;1
202100045277;120 789;7;13;0;1;1;1
202100045278;120 787;7;0;2;3;1;1
202100045278;120 788;1;0;2;1;1;6
202100045279;120 785;7;0;0;4;15;1
202100045279;120 786;7;0;2;1;2;1
202100045280;120 783;7;0;2;4;17;1
202100045280;120 784;1;0;2;1;1;5
202100045281;120 782;2;2;0;1;1;1
202100045282;120 781;7;2;0;1;1;1
202100045283;120 780;33;0;1;2;1;1
202100045284;120 778;33;0;2;1;1;1
202100045284;120 779;7;0;2;3;15;1
202100045285;120 777;7;0;1;1;1;1
202100045286;120 774;10;0;2;1;1;1
202100045286;120 775;7;0;0;4;23;1
202100045286;120 776;7;0;2;4;1;1
202100045287;120 772;7;0;2;8;15;1
202100045287;120 773;33;0;2;1;17;1
202100045288;120 769;7;0;9;1;1;1
202100045288;120 770;7;0;2;6;2;1
202100045288;120 771;2;0;2;1;2;1
202100045289;120 767;2;0;2;7;15;3
202100045289;120 768;7;0;2;2;1;1
202100045290;120 765;33;0;2;1;1;1
202100045290;120 766;7;0;2;2;15;1
202100045291;120 764;21;0;0;0;1;1
202100045292;120 762;7;0;2;1;19;1
202100045292;120 763;7;0;2;3;1;1
202100045293;120 760;7;0;0;8;1;1
202100045293;120 761;10;8;0;1;19;1
202100045294;120 759;7;2;0;1;1;1
202100045295;120 757;36;0;2;1;1;1
202100045295;120 758;35;0;2;1;1;1
202100045296;120 756;7;0;0;0;21;1
202100045297;120 754;7;0;2;3;21;1
202100045297;120 755;7;0;2;2;21;1
202100045298;120 753;32;12;0;1;1;1
202100045299;120 751;33;0;2;1;1;1
202100045299;120 752;35;0;0;4;2;1
202100045300;120 750;1;0;0;0;1;5
202100045301;120 749;33;13;0;1;1;1
202100045302;120 748;31;6;0;2;2;1
202100045303;120 747;7;2;0;1;13;1
202100045304;120 746;7;16;0;0;1;1
202100045305;120 745;7;0;1;1;1;1
202100045306;120 744;7;13;0;9;1;1
202100045307;120 742;7;0;2;3;1;1
202100045307;120 743;7;0;2;3;17;1