Num_Acc;id_vehicule;categorie_vehicule;obstacle_fixe;obstacle_mobile;point_choc_initial;manoeuvre_principale;motorisation
202100045308;120 741;31;0;0;0;1;1
202100045309;120 740;33;0;0;0;16;1
202100045310;120 739;2;0;1;1;1;1
202100045311;120 736;7;0;2;3;21;1
202100045311;120 737;1;0;2;4;13;5
202100045311;120 738;1;0;2;1;13;5
202100045312;120 735;14;0;0;8;1;1
202100045313;120 734;33;13;0;2;0;1
202100045314;120 733;7;0;0;2;1;1
202100045315;120 732;7;0;1;2;1;1
202100045316;120 730;7;0;2;3;15;1
202100045316;120 731;31;0;2;1;17;1
202100045317;120 729;7;0;1;3;1;1
202100045318;120 727;7;1;0;8;1;1
202100045318;120 728;7;0;0;5;23;1
202100045319;120 725;50;0;2;3;5;3
202100045319;120 726;7;0;2;8;1;1
202100045320;120 723;7;0;2;1;15;1
202100045320;120 724;33;0;2;7;1;1
202100045321;120 722;7;0;1;2;1;1
202100045322;120 721;33;0;0;0;1;1
202100045323;120 718;1;0;0;0;13;5
202100045323;120 719;33;0;2;1;1;1
202100045323;120 720;7;0;0;4;1;1
202100045324;120 715;7;0;2;0;1;1
202100045324;120 716;7;0;0;4;1;1
202100045324;120 717;7;0;2;4;1;1
202100045325;120 714;36;0;0;2;15;1
202100045326;120 713;33;0;0;8;1;1
202100045327;120 712;7;8;0;0;1;1
202100045328;120 711;7;13;0;1;1;1
202100045329;120 710;7;4;0;1;1;1
202100045330;120 709;7;7;0;1;1;1
202100045331;120 708;7;4;0;3;21;1
202100045332;120 707;7;4;0;9;1;1
202100045333;120 706;7;3;0;1;14;1
202100045334;120 705;7;0;0;9;0;1
202100045335;120 703;15;0;2;2;12;1
202100045335;120 704;7;0;2;6;1;1
202100045336;120 702;33;14;0;9;12;1
202100045337;120 700;7;0;2;4;2;1
202100045337;120 701;10;0;2;1;2;1
202100045338;120 698;7;0;2;1;1;1
202100045338;120 699;7;0;1;4;1;1
202100045339;120 697;7;0;0;1;1;1
202100045340;120 696;37;0;1;2;1;1
202100045341;120 693;7;0;0;0;0;1
202100045341;120 694;7;0;2;4;0;1
202100045341;120 695;7;0;2;1;2;1
202100045342;120 691;7;0;2;3;5;1
202100045342;120 692;7;0;2;3;1;1
202100045343;120 689;43;0;2;1;1;1
202100045343;120 690;7;0;2;3;15;1
202100045344;120 687;7;1;0;3;13;1
202100045344;120 688;7;1;1;5;0;1
202100045345;120 685;7;0;2;3;15;1
202100045345;120 686;31;0;2;1;1;1
202100045346;120 683;7;0;2;1;21;1
202100045346;120 684;7;0;2;3;9;1
202100045347;120 682;40;0;1;2;1;3
202100045348;120 680;50;0;2;7;1;3
202100045348;120 681;7;0;2;1;1;1
202100045349;120 679;7;0;1;2;1;1
202100045350;120 678;30;14;0;1;13;1
202100045351;120 676;7;0;2;1;2;0
202100045351;120 677;7;0;2;3;16;0
202100045352;120 675;10;0;1;2;16;0
202100045353;120 673;7;0;2;3;9;2
202100045353;120 674;33;0;0;8;1;0
202100045354;120 672;7;0;1;4;26;1
202100045355;120 669;10;4;2;7;1;1
202100045355;120 670;17;0;2;7;1;1
202100045355;120 671;7;3;2;7;9;2
202100045356;120 668;7;0;0;9;13;1
202100045357;120 667;7;0;1;1;1;1
202100045358;120 665;7;0;2;1;15;1
202100045358;120 666;7;0;2;1;1;1
202100045359;120 664;7;0;1;2;1;1
202100045360;120 662;34;0;2;1;26;1
202100045360;120 663;80;0;2;3;19;3
202100045361;120 657;7;0;2;1;1;1
202100045361;120 658;7;0;2;4;1;1
202100045361;120 659;7;0;2;4;1;1
202100045361;120 660;7;0;2;4;1;1
202100045362;120 652;7;0;2;4;1;1
202100045362;120 653;7;0;2;4;1;1
202100045362;120 654;10;0;2;1;1;1
202100045362;120 655;7;0;2;4;1;1
202100045362;120 656;7;0;2;4;1;1
202100045363;120 648;1;0;2;8;1;5
202100045363;120 649;7;0;2;1;1;1
202100045364;120 647;33;1;0;1;26;1
202100045365;120 641;30;0;2;1;1;1
202100045365;120 642;;0;2;8;15;0
202100045366;120 639;7;1;0;4;15;1
202100045366;120 640;33;0;2;4;26;1
202100045367;120 637;1;0;;1;19;5
202100045367;120 638;40;0;1;1;1;3
202100045368;120 635;7;0;2;7;1;1
202100045368;120 636;1;0;2;1;19;5
202100045369;120 634;7;0;1;2;9;1
202100045370;120 632;33;0;2;1;1;1
202100045370;120 633;7;0;2;5;15;1
202100045371;120 630;43;0;2;1;2;1
202100045371;120 631;7;0;2;4;2;1
202100045372;120 628;7;0;2;3;1;1
202100045372;120 629;1;0;2;3;1;5
202100045373;120 627;33;12;0;8;21;1
202100045374;120 625;7;0;2;4;23;1
202100045374;120 626;37;0;2;1;26;1
202100045375;120 624;7;0;1;1;26;1
202100045376;120 623;7;0;1;3;1;1
202100045377;120 621;7;0;2;1;13;1
202100045377;120 622;7;0;2;1;1;1
202100045378;120 620;7;12;1;1;1;1
202100045379;120 618;7;0;2;1;17;1
202100045379;120 619;1;0;2;8;15;5
202100045380;120 616;7;0;2;1;18;1
202100045380;120 617;7;0;2;4;1;1
202100045381;120 614;7;0;2;3;1;1
202100045381;120 615;7;0;2;3;16;1
202100045382;120 612;7;0;0;7;2;1
202100045382;120 613;1;0;2;7;15;5
202100045383;120 610;7;0;2;7;19;1
202100045383;120 611;7;0;2;1;1;1
202100045384;120 608;7;1;2;5;1;1
202100045384;120 609;2;0;2;1;2;1
202100045385;120 607;7;0;1;1;1;1
202100045386;120 605;50;0;2;0;1;3
202100045386;120 606;7;0;2;0;0;1
202100045387;120 604;1;0;2;0;1;5
202100045388;120 602;2;0;2;7;14;3
202100045388;120 603;30;1;2;1;18;1
202100045389;120 600;7;1;2;3;16;1
202100045389;120 601;7;0;2;2;1;1
202100045390;120 599;7;0;1;2;1;1
202100045391;120 597;7;0;2;2;15;1
202100045391;120 598;33;0;2;7;1;1
202100045392;120 596;30;0;1;0;1;
202100045393;120 593;50;0;2;1;5;3
202100045393;120 594;7;0;9;3;1;1
202100045394;120 590;50;0;0;0;1;3
202100045395;120 589;33;0;0;8;1;1
202100045396;120 587;2;0;2;7;12;1
202100045396;120 588;7;0;2;3;21;1
202100045397;120 586;7;1;0;2;1;1
202100045398;120 584;50;0;2;1;19;3
202100045398;120 585;7;0;2;3;1;1
202100045399;120 582;33;0;2;6;15;1
202100045399;120 583;1;0;2;2;15;0
202100045400;120 580;1;0;4;1;19;5
202100045400;120 581;40;0;2;1;1;3
202100045401;120 578;7;0;2;2;15;1
202100045401;120 579;7;0;2;5;1;1
202100045402;120 577;7;0;1;2;1;3
202100045403;120 575;7;0;2;1;1;1
202100045403;120 576;7;0;2;7;1;1
202100045404;120 571;7;0;2;4;2;1
202100045404;120 572;7;0;2;4;2;1
202100045404;120 573;7;0;2;4;2;1
202100045404;120 574;7;0;2;1;2;1
202100045405;120 569;21;0;2;4;1;1
202100045405;120 570;7;0;2;1;17;1
202100045406;120 567;30;0;2;5;15;1
202100045406;120 568;33;0;2;1;1;1
202100045407;120 565;7;0;2;8;1;1
202100045407;120 566;50;0;2;7;17;3
202100045408;120 564;30;12;0;0;1;1
202100045409;120 562;7;0;2;6;2;1
202100045409;120 563;30;0;2;1;5;1
202100045410;120 560;43;0;2;8;15;1
202100045410;120 561;7;0;2;3;1;1
202100045411;120 558;7;0;2;1;2;1
202100045411;120 559;50;0;2;1;19;3
202100045412;120 557;10;0;1;7;1;1
202100045413;120 555;7;0;0;6;0;1
202100045413;120 556;10;0;2;1;1;1
202100045414;120 554;7;0;1;2;17;1
202100045415;120 553;2;0;1;1;1;1
202100045416;120 551;7;0;2;2;9;1
202100045416;120 552;33;0;2;1;1;1
202100045417;120 550;10;0;1;1;15;1
202100045418;120 547;7;0;2;6;23;1
202100045418;120 548;7;0;2;2;23;1
202100045418;120 549;32;0;2;3;3;1
202100045419;120 545;7;0;2;2;12;1
202100045419;120 546;31;0;2;3;2;1
202100045420;120 543;10;0;2;1;1;1
202100045420;120 544;7;0;2;2;1;1
202100045421;120 541;7;0;2;0;1;1
202100045421;120 542;33;0;2;6;1;1
202100045422;120 540;10;0;2;3;1;1
202100045423;120 538;30;0;2;7;17;1
202100045423;120 539;10;0;2;3;15;1
202100045424;120 535;7;0;2;8;23;1
202100045424;120 536;31;0;2;3;15;1
202100045424;120 537;43;0;2;3;23;1
202100045425;120 533;43;0;2;2;1;1
202100045425;120 534;2;0;2;0;9;0
202100045426;120 532;33;0;1;1;21;1
202100045427;120 530;2;0;2;3;1;1
202100045427;120 531;7;0;2;2;15;1
202100045428;120 529;1;0;1;4;25;5
202100045429;120 527;50;0;2;8;19;3
202100045429;120 528;31;0;2;2;1;1
202100045430;120 526;50;0;1;7;1;3
202100045431;120 525;34;0;0;1;1;1
202100045432;120 524;30;0;1;0;1;0
202100045433;120 523;33;0;1;3;1;1
202100045434;120 522;1;0;0;0;21;5
202100045435;120 520;7;0;2;1;1;1
202100045435;120 521;7;0;2;2;1;1
202100045436;120 518;7;0;0;6;1;0
202100045436;120 519;33;0;2;3;15;0
202100045437;120 516;7;0;2;7;23;1
202100045437;120 517;50;0;2;1;18;3
202100045438;120 515;7;12;2;2;1;1
202100045439;120 514;7;0;1;2;1;1
202100045440;120 512;60;0;2;1;1;5
202100045440;120 513;10;0;2;2;16;1
202100045441;120 510;7;0;2;3;1;1
202100045441;120 511;7;0;2;1;1;1
202100045442;120 509;3;0;1;3;1;1
202100045443;120 508;7;1;0;1;21;1
202100045444;120 506;32;0;2;2;1;1
202100045444;120 507;7;0;2;5;15;1
202100045445;120 504;7;0;9;1;1;1
202100045445;120 505;50;0;2;7;19;3
202100045446;120 503;7;0;1;0;1;1
202100045447;120 501;1;0;2;1;2;5
202100045447;120 502;7;0;9;3;2;1
202100045448;120 499;7;0;2;3;1;2
202100045448;120 500;1;0;2;7;0;5
202100045449;120 497;7;0;2;1;19;1
202100045449;120 498;32;0;2;8;1;1
202100045450;120 495;7;12;0;5;1;1
202100045450;120 496;7;0;2;3;1;2
202100045451;120 494;7;12;0;3;14;1
202100045452;120 492;34;0;2;1;1;1
202100045452;120 493;7;0;2;7;10;1
202100045453;120 489;33;0;2;9;17;1
202100045453;120 490;7;0;2;8;1;1
202100045453;120 491;10;0;2;3;1;1
202100045454;120 487;7;0;2;1;1;1
202100045454;120 488;32;0;2;8;1;1
202100045455;120 485;80;0;2;1;2;3
202100045455;120 486;7;0;2;4;23;1
202100045456;120 483;1;0;2;1;25;5
202100045456;120 484;7;0;2;7;1;1
202100045457;120 482;34;0;1;1;1;1
202100045458;120 480;7;0;2;4;1;3
202100045458;120 481;33;0;2;1;2;1
202100045459;120 478;34;0;2;3;15;1
202100045459;120 479;30;0;2;1;2;1
202100045460;120 477;34;0;1;0;19;1
202100045461;120 475;1;0;2;1;1;5
202100045461;120 476;7;0;2;1;16;1
202100045462;120 473;10;0;2;3;15;1
202100045462;120 474;31;0;2;2;1;1
202100045463;120 471;1;0;2;1;13;5
202100045463;120 472;7;0;2;3;1;1
202100045464;120 469;21;0;2;6;1;1
202100045464;120 470;30;0;2;3;13;1
202100045465;120 467;7;0;2;3;1;1
202100045465;120 468;31;0;2;1;13;1
202100045466;120 466;7;3;0;1;0;1
202100045467;120 464;2;0;2;3;1;1
202100045467;120 465;7;0;2;3;1;1
202100045468;120 463;7;2;0;1;1;1
202100045469;120 461;7;0;2;1;2;1
202100045469;120 462;33;3;0;4;2;1
202100045470;120 459;7;0;2;1;1;1
202100045470;120 460;7;0;2;1;17;1
202100045471;120 458;7;16;0;1;0;1
202100045472;120 456;33;0;2;1;1;1
202100045472;120 457;7;0;2;7;15;3
202100045473;120 454;31;0;2;8;9;1
202100045473;120 455;7;0;2;7;1;1
202100045474;120 452;2;0;2;1;13;1
202100045474;120 453;7;0;2;1;1;1
202100045475;120 450;33;0;0;7;1;1
202100045475;120 451;7;0;2;1;9;1
202100045476;120 449;7;0;1;3;1;1
202100045477;120 447;2;0;2;7;2;1
202100045477;120 448;7;0;2;6;2;1
202100045478;120 445;7;0;2;3;1;1
202100045478;120 446;7;0;2;2;19;1
202100045479;120 444;7;15;0;1;1;1
202100045480;120 442;7;0;2;5;15;1
202100045480;120 443;31;0;2;1;1;1
202100045481;120 440;7;0;2;1;1;1
202100045481;120 441;7;0;2;7;1;1
202100045482;120 439;7;15;0;3;1;1
202100045483;120 438;7;13;0;1;1;1
202100045484;120 437;7;0;1;2;1;1
202100045485;120 434;7;0;2;3;1;1
202100045485;120 435;33;0;2;1;15;1
202100045486;120 433;7;1;1;1;17;1
202100045487;120 432;7;13;0;1;1;1
202100045488;120 429;33;13;0;1;26;1
202100045489;120 427;7;0;2;3;1;1
202100045489;120 428;10;0;0;0;1;1
202100045490;120 424;33;0;2;8;1;1
202100045490;120 425;7;0;2;3;1;1
202100045490;120 426;33;16;0;;1;1
202100045491;120 422;33;0;2;8;17;1
202100045491;120 423;7;0;2;2;16;1
202100045492;120 420;7;0;0;2;14;1
202100045492;120 421;7;0;2;8;20;1
202100045493;120 419;10;2;0;1;1;1
202100045494;120 418;7;17;0;1;1;1
202100045495;120 417;7;13;0;0;1;1
202100045496;120 415;7;2;2;8;1;1
202100045496;120 416;7;0;2;1;1;1
202100045497;120 412;7;0;2;1;5;1
202100045497;120 413;7;4;2;1;1;1
202100045498;120 411;7;2;0;0;0;0
202100045499;120 409;10;0;2;2;22;1
202100045499;120 410;2;0;2;6;18;1
202100045500;120 408;7;0;1;3;21;1
202100045501;120 407;7;2;0;9;17;1
202100045502;120 405;1;0;2;1;1;5
202100045502;120 406;7;0;2;1;15;1
202100045503;120 403;7;0;2;1;2;1
202100045503;120 404;7;0;0;4;2;1
202100045504;120 401;7;0;2;3;1;1
202100045504;120 402;7;0;2;3;1;1
202100045505;120 400;7;2;0;3;13;1
202100045506;120 399;2;0;0;8;1;1
202100045507;120 397;31;0;9;9;2;0
202100045507;120 398;31;0;9;9;2;0
202100045508;120 396;7;0;1;3;1;1
202100045509;120 394;7;0;2;3;13;1
202100045509;120 395;7;0;2;3;1;1
202100045510;120 393;2;0;0;8;20;1
202100045511;120 392;33;0;6;1;1;1
202100045512;120 390;7;8;2;8;1;1
202100045512;120 391;7;0;2;1;1;1
202100045513;120 389;7;0;1;5;1;1
202100045514;120 387;33;0;2;1;0;1
202100045514;120 388;7;0;2;3;13;1
202100045515;120 386;7;6;0;1;0;1
202100045516;120 384;7;0;2;8;2;2
202100045516;120 385;7;0;2;2;12;1
202100045517;120 382;7;0;2;4;2;1
202100045517;120 383;7;0;2;1;2;1
202100045518;120 380;7;0;2;6;1;2
202100045518;120 381;7;0;2;2;0;1
202100045519;120 378;33;0;2;1;2;1
202100045519;120 379;7;0;2;4;23;1
202100045520;120 376;7;0;2;2;1;1
202100045520;120 377;7;0;2;8;1;1
202100045521;120 374;0;0;2;0;12;
202100045521;120 375;7;0;2;4;1;1
202100045522;120 372;7;0;2;6;1;1
202100045522;120 373;7;0;2;3;16;1
202100045523;120 368;7;0;2;4;2;1
202100045523;120 369;7;0;2;4;2;0
202100045523;120 370;10;0;2;4;2;1
202100045523;120 371;7;0;2;1;2;1
202100045524;120 366;31;0;2;0;26;1
202100045524;120 367;10;0;2;0;26;1
202100045525;120 365;7;0;1;3;0;1
202100045526;120 363;34;0;2;5;1;1
202100045526;120 364;7;0;2;3;11;2
202100045527;120 362;32;6;0;7;1;1
202100045528;120 361;7;0;1;1;1;0
202100045529;120 360;37;0;1;2;1;1
202100045530;120 359;7;1;2;2;14;1
202100045531;120 357;30;0;2;2;2;1
202100045531;120 358;7;0;2;4;2;1
202100045532;120 355;31;0;2;2;2;1
202100045532;120 356;7;0;2;6;1;1
202100045533;120 353;7;0;2;7;1;1
202100045533;120 354;1;0;0;0;0;1
202100045534;120 351;7;0;2;7;19;1
202100045534;120 352;2;0;2;1;1;1
202100045535;120 349;1;0;2;1;1;5
202100045535;120 350;7;0;2;4;1;1
202100045536;120 347;7;0;2;2;15;1
202100045536;120 348;7;0;2;1;1;1
202100045537;120 345;7;0;2;8;15;1
202100045537;120 346;50;0;2;1;1;3
202100045538;120 343;1;0;2;1;1;5
202100045538;120 344;7;0;2;2;1;1
202100045539;120 340;7;0;2;1;26;1
202100045539;120 341;7;0;2;4;2;1
202100045539;120 342;7;0;2;4;26;1
202100045540;120 338;7;0;2;1;2;1
202100045540;120 339;7;0;0;0;0;1
202100045541;120 337;7;0;1;2;9;1
202100045542;120 335;7;0;2;3;19;1
202100045542;120 336;7;0;2;1;1;1
202100045543;120 333;31;0;2;1;2;1
202100045543;120 334;7;0;2;8;19;1
202100045544;120 332;33;11;0;1;3;1
202100045545;120 329;7;0;2;4;1;1
202100045545;120 330;7;0;2;4;1;1
202100045545;120 331;7;0;2;4;1;1
202100045546;120 327;7;9;2;3;13;1
202100045546;120 328;7;0;2;8;0;1
202100045547;120 326;7;0;1;2;17;1
202100045548;120 323;7;12;2;7;26;1
202100045548;120 324;7;0;2;1;26;1
202100045548;120 325;37;0;2;1;26;1
202100045549;120 321;32;0;2;8;3;1
202100045549;120 322;7;0;2;8;22;0
202100045550;120 319;7;0;2;3;15;1
202100045550;120 320;7;0;2;7;17;1
202100045551;120 317;50;0;2;7;1;3
202100045551;120 318;7;0;2;1;1;1
202100045552;120 315;33;0;2;8;2;1
202100045552;120 316;7;0;0;5;1;1
202100045553;120 314;10;0;1;2;1;1
202100045554;120 312;7;0;2;6;15;1
202100045554;120 313;2;0;2;2;15;3
202100045555;120 310;7;0;2;7;24;1
202100045555;120 311;50;1;0;0;1;3
202100045556;120 309;33;0;0;7;9;1
202100045557;120 308;1;0;1;1;1;5
202100045558;120 306;30;1;0;0;1;1
202100045558;120 307;7;1;0;0;1;1
202100045559;120 295;33;0;2;1;17;1
202100045559;120 296;7;0;2;3;15;1
202100045560;120 293;7;0;2;7;15;1
202100045560;120 294;32;0;2;3;1;1
202100045561;120 292;10;0;1;0;26;1
202100045562;120 291;3;6;0;3;1;1
202100045563;120 289;7;0;2;1;9;1
202100045563;120 290;1;0;2;7;1;5
202100045564;120 287;1;1;0;1;1;5
202100045564;120 288;7;0;2;8;22;1
202100045565;120 285;7;0;2;3;1;1
202100045565;120 286;7;0;2;3;20;1
202100045566;120 283;1;0;2;1;16;5
202100045566;120 284;7;0;2;3;1;1
202100045567;120 281;2;0;2;1;1;1
202100045567;120 282;7;0;2;2;15;1
202100045568;120 278;31;0;2;1;17;3
202100045568;120 279;7;0;2;3;13;1
202100045569;120 277;7;0;1;2;17;1
202100045570;120 276;31;12;0;2;14;1
202100045571;120 273;7;0;2;7;15;1
202100045571;120 274;7;8;0;8;23;1
202100045571;120 275;7;0;2;1;1;1
202100045572;120 272;7;0;1;1;1;1
202100045573;120 271;10;0;1;4;20;1
202100045574;120 269;7;0;2;1;19;1
202100045574;120 270;33;0;2;8;1;1
202100045575;120 267;7;0;2;2;15;1
202100045575;120 268;32;0;2;1;5;1
202100045576;120 265;60;0;2;0;2;5
202100045576;120 266;7;0;0;0;0;0
202100045577;120 264;7;12;0;8;26;1
202100045578;120 262;34;0;2;1;1;0
202100045578;120 263;7;0;2;5;15;0
202100045579;120 260;7;0;2;1;16;1
202100045579;120 261;1;0;2;1;19;5
202100045580;120 257;7;0;9;0;1;1
202100045580;120 258;31;0;2;1;1;1
202100045580;120 259;7;0;2;1;17;1
202100045581;120 255;7;0;9;2;1;1
202100045581;120 256;33;0;2;1;0;1
202100045582;120 253;43;0;2;1;1;1
202100045582;120 254;7;0;9;8;15;1
202100045583;120 250;7;0;2;4;1;1
202100045583;120 251;7;0;2;4;1;1
202100045583;120 252;7;0;2;1;1;1
202100045584;120 248;10;0;2;2;1;1
202100045584;120 249;7;0;2;8;22;1
202100045585;120 247;7;0;0;2;14;1
202100045586;120 246;33;0;1;1;1;1
202100045587;120 244;7;0;2;1;1;1
202100045587;120 245;1;0;2;1;1;5
202100045588;120 243;7;0;1;3;1;1
202100045589;120 239;33;0;2;1;17;1
202100045589;120 240;7;0;2;6;15;1
202100045590;120 237;33;0;2;1;1;1
202100045590;120 238;7;0;2;4;1;1
202100045591;120 236;31;12;0;1;14;1
202100045592;120 234;60;0;2;1;1;5
202100045592;120 235;7;0;2;8;22;1
202100045593;120 232;50;0;2;1;25;3
202100045593;120 233;7;0;2;2;9;1
202100045594;120 230;30;0;2;1;13;1
202100045594;120 231;7;0;2;2;1;1
202100045595;120 228;1;0;2;1;1;5
202100045595;120 229;7;0;2;7;16;1
202100045596;120 226;33;0;2;3;1;1
202100045596;120 227;7;0;2;3;15;1
202100045597;120 224;7;0;2;2;17;1
202100045597;120 225;1;0;2;8;1;5
202100045598;120 223;7;0;1;2;15;1
202100045599;120 222;7;9;0;1;1;1
202100045600;120 220;10;0;2;8;10;1
202100045600;120 221;32;0;2;1;1;1
202100045601;120 219;30;0;0;1;1;1
202100045602;120 218;99;0;0;0;26;3
202100045603;120 217;7;0;1;4;20;1
202100045604;120 215;31;0;2;1;1;1
202100045604;120 216;7;0;2;6;15;1
202100045605;120 213;31;0;2;1;13;1
202100045605;120 214;7;0;2;3;1;1
202100045606;120 212;30;0;1;1;1;1
202100045607;120 210;2;0;2;1;1;1
202100045607;120 211;7;0;2;0;13;1
202100045608;120 208;7;0;9;7;15;1
202100045608;120 209;50;0;2;1;0;3
202100045609;120 207;7;0;1;3;16;1
202100045610;120 205;7;0;2;2;12;1
202100045610;120 206;2;0;2;3;1;1
202100045611;120 203;7;0;2;3;1;1
202100045611;120 204;7;0;2;3;1;1
202100045612;120 202;30;0;1;1;14;1
202100045613;120 201;7;14;1;4;26;1
202100045614;120 199;1;0;2;8;16;5
202100045614;120 200;15;0;2;5;16;1
202100045615;120 198;7;0;1;2;1;1
202100045616;120 196;7;0;2;8;1;1
202100045616;120 197;7;0;2;1;15;1
202100045617;120 194;30;0;2;1;1;1
202100045617;120 195;10;0;2;7;12;1
202100045618;120 192;2;0;2;1;1;1
202100045618;120 193;7;0;2;4;1;1
202100045619;120 190;33;1;2;1;1;1
202100045619;120 191;7;0;2;3;15;1
202100045620;120 189;10;0;1;1;1;2
202100045621;120 187;30;0;2;1;15;1
202100045621;120 188;30;0;2;3;1;1
202100045622;120 186;7;1;0;3;13;1
202100045623;120 185;10;0;1;7;16;1
202100045624;120 183;7;0;2;3;9;1
202100045624;120 184;33;0;2;2;1;1
202100045625;120 181;10;0;2;8;10;1
202100045625;120 182;43;0;2;1;1;1
202100045626;120 179;7;0;2;2;2;3
202100045626;120 180;7;0;2;6;23;1
202100045627;120 177;7;0;2;2;15;1
202100045627;120 178;32;0;2;1;1;1
202100045628;120 176;37;0;0;0;21;2
202100045629;120 175;1;12;0;1;1;5
202100045630;120 174;80;0;1;1;1;3
202100045631;120 172;7;0;2;8;7;2
202100045631;120 173;1;0;2;8;13;5
202100045632;120 170;32;0;2;7;15;1
202100045632;120 171;10;0;2;8;15;1
202100045633;120 168;30;0;2;0;11;1
202100045633;120 169;7;0;2;2;17;1
202100045634;120 167;1;0;1;2;5;5
202100045635;120 165;50;0;2;1;1;3
202100045635;120 166;10;0;2;2;16;1
202100045636;120 164;1;0;0;1;16;5
202100045637;120 162;7;0;2;2;17;1
202100045637;120 163;1;0;2;0;13;5
202100045638;120 160;1;0;2;8;23;5
202100045638;120 161;7;0;2;7;1;1
202100045639;120 158;33;0;2;2;1;1
202100045639;120 159;10;0;2;1;1;1
202100045640;120 156;1;0;2;0;2;5
202100045640;120 157;1;0;2;4;2;5
202100045641;120 154;33;0;2;8;1;1
202100045641;120 155;7;0;2;2;14;1
202100045642;120 152;7;0;2;3;15;1
202100045642;120 153;32;0;2;2;13;1
202100045643;120 150;7;0;2;5;1;2
202100045643;120 151;32;0;2;1;2;1
202100045644;120 149;2;0;1;3;1;0
202100045645;120 147;10;0;2;2;1;1
202100045645;120 148;60;0;2;3;26;5
202100045646;120 145;34;0;2;3;18;1
202100045646;120 146;7;0;2;2;16;1
202100045647;120 143;7;0;2;1;5;1
202100045647;120 144;7;0;0;8;1;1
202100045648;120 141;7;0;2;5;1;1
202100045648;120 142;7;0;2;3;15;1
202100045649;120 140;7;1;0;3;1;1
202100045650;120 138;7;0;2;4;23;1
202100045650;120 139;7;1;2;1;2;2
202100045651;120 137;33;1;0;1;0;1
202100045652;120 136;2;9;2;0;25;0
202100045653;120 135;7;0;1;3;16;1
202100045654;120 133;7;0;2;7;0;1
202100045654;120 134;30;0;2;7;19;3
202100045655;120 132;43;0;1;1;1;1
202100045656;120 130;7;0;2;3;0;1
202100045656;120 131;7;0;2;3;0;1
202100045657;120 128;50;1;0;1;18;3
202100045657;120 129;10;0;2;2;23;1
202100045658;120 126;99;0;2;1;0;0
202100045658;120 127;7;0;0;3;20;1
202100045659;120 125;7;0;1;1;25;1
202100045660;120 123;7;0;2;0;26;1
202100045660;120 124;7;0;2;0;0;1
202100045661;120 121;7;0;2;2;16;1
202100045661;120 122;1;0;2;1;1;5
202100045662;120 119;7;0;2;4;16;1
202100045662;120 120;37;0;2;2;16;2
202100045663;120 118;60;0;9;0;1;5
202100045664;120 117;50;0;0;0;0;3
202100045665;120 115;1;0;2;1;5;5
202100045665;120 116;7;0;2;3;1;1
202100045666;120 113;7;0;2;2;15;1
202100045666;120 114;30;0;2;3;1;1
202100045667;120 109;7;12;2;0;1;1
202100045667;120 110;7;6;2;0;1;1
202100045667;120 111;10;0;2;1;1;1
202100045667;120 112;30;0;0;0;5;1
202100045668;120 106;10;0;0;8;1;1
202100045668;120 107;33;8;2;0;17;0
202100045668;120 108;1;0;0;0;1;6
202100045669;120 105;7;0;1;1;1;1
202100045670;120 104;33;5;0;1;1;1
202100045671;120 103;1;0;0;0;13;5
202100045672;120 099;7;0;2;8;1;1
202100045672;120 100;15;0;2;3;1;1
202100045672;120 101;7;0;2;1;13;1
202100045673;120 098;33;12;0;1;17;1
202100045674;120 096;80;0;2;2;1;3
202100045674;120 097;80;0;2;6;13;3
202100045675;120 095;7;13;0;1;1;0
202100045676;120 093;7;0;2;4;15;1
202100045676;120 094;7;0;2;1;17;1
202100045677;120 092;2;0;0;0;1;1
202100045678;120 090;3;0;0;2;15;1
202100045678;120 091;7;0;2;2;1;1
202100045679;120 089;33;13;0;1;1;1
202100045680;120 088;21;0;0;0;1;0
202100045681;120 087;33;0;6;1;1;1
202100045682;120 085;7;7;2;3;1;1
202100045682;120 086;7;0;2;2;11;1
202100045683;120 084;33;13;0;1;0;1
202100045684;120 080;7;0;2;6;21;1
202100045684;120 081;15;0;2;3;1;1
202100045684;120 082;7;0;2;1;1;1
202100045684;120 083;7;0;2;1;17;1
202100045685;120 079;34;0;0;2;1;1
202100045686;120 076;33;0;2;8;11;1
202100045686;120 077;33;8;0;4;1;1
202100045686;120 078;7;0;2;8;1;1
202100045687;120 075;1;0;1;1;2;5
202100045688;120 072;7;0;2;1;1;1
202100045688;120 073;7;0;2;1;1;1
202100045688;120 074;7;0;2;1;13;1
202100045689;120 071;7;13;6;1;21;1
202100045690;120 070;7;13;0;1;1;1
202100045691;120 069;7;13;0;1;0;1
202100045692;120 068;7;3;0;2;1;1
202100045693;120 066;7;0;0;2;15;1
202100045693;120 067;1;0;2;1;25;5
202100045694;120 065;7;13;0;1;26;1
202100045695;120 063;7;0;9;1;2;1
202100045695;120 064;1;0;0;4;2;5
202100045696;120 061;33;0;2;1;17;1
202100045696;120 062;7;0;2;8;15;1
202100045697;120 059;43;0;2;2;21;1
202100045697;120 060;7;0;2;3;16;1
202100045698;120 057;7;0;2;3;17;1
202100045698;120 058;33;0;2;1;26;1
202100045699;120 055;1;0;2;5;1;5
202100045699;120 056;7;0;2;1;9;1
202100045700;120 053;14;0;2;1;1;1
202100045700;120 054;7;0;2;4;15;1
202100045701;120 052;7;16;0;9;1;1
202100045702;120 051;7;0;1;1;15;1
202100045703;120 050;36;0;0;0;1;1
202100045704;120 049;7;0;1;3;15;1
202100045705;120 047;7;8;2;3;15;1
202100045705;120 048;33;8;2;1;17;1
202100045706;120 045;30;0;2;3;2;1
202100045706;120 046;10;0;2;5;2;1
202100045707;120 044;7;13;0;9;1;1