Num_Acc;id_vehicule;categorie_vehicule;obstacle_fixe;obstacle_mobile;point_choc_initial;manoeuvre_principale;motorisation
202100046105;119 348;7;0;1;5;1;1
202100046106;119 346;33;0;2;1;1;1
202100046106;119 347;7;0;2;2;15;1
202100046107;119 344;1;0;2;1;1;5
202100046107;119 345;7;0;2;5;15;1
202100046108;119 343;7;0;1;3;1;1
202100046109;119 342;99;0;1;1;26;0
202100046110;119 340;7;0;2;3;16;1
202100046110;119 341;33;0;2;2;1;1
202100046111;119 339;7;0;1;4;4;1
202100046112;119 337;7;0;2;7;15;1
202100046112;119 338;34;0;2;1;1;1
202100046113;119 336;7;2;0;1;1;1
202100046114;119 334;7;0;2;1;15;1
202100046114;119 335;7;0;2;3;1;1
202100046115;119 332;7;0;2;1;1;1
202100046115;119 333;7;0;2;7;9;1
202100046116;119 331;7;0;1;2;15;1
202100046117;119 330;7;15;0;1;14;1
202100046118;119 329;7;0;1;2;1;0
202100046119;119 327;33;0;2;1;1;1
202100046119;119 328;7;0;2;3;5;0
202100046120;119 325;7;0;0;5;2;1
202100046120;119 326;7;1;2;1;2;1
202100046121;119 323;7;0;2;1;16;1
202100046121;119 324;2;0;2;1;1;1
202100046122;119 321;34;0;2;1;1;1
202100046122;119 322;7;0;2;7;15;1
202100046123;119 319;32;0;2;1;13;1
202100046123;119 320;7;0;0;3;0;1
202100046124;119 318;34;0;1;1;1;1
202100046125;119 316;7;0;2;1;0;0
202100046125;119 317;7;0;2;4;1;0
202100046126;119 315;7;1;0;1;13;1
202100046127;119 312;30;0;2;4;1;1
202100046127;119 313;7;0;2;4;0;1
202100046127;119 314;7;0;2;1;2;0
202100046128;119 310;7;0;2;3;9;2
202100046128;119 311;1;0;2;5;15;0
202100046129;119 308;7;0;2;1;1;1
202100046129;119 309;1;0;2;4;19;6
202100046130;119 306;7;0;2;7;15;1
202100046130;119 307;33;0;2;1;1;1
202100046131;119 305;3;9;0;1;14;1
202100046132;119 302;7;0;2;2;15;1
202100046132;119 303;7;0;2;6;26;0
202100046132;119 304;7;0;2;3;1;1
202100046133;119 300;7;0;2;6;1;1
202100046133;119 301;7;0;2;8;13;1
202100046134;119 298;33;0;2;7;1;1
202100046134;119 299;7;0;2;6;11;1
202100046135;119 296;7;0;2;4;23;1
202100046135;119 297;7;0;2;1;2;1
202100046136;119 294;1;0;2;7;9;5
202100046136;119 295;1;0;2;1;1;5
202100046137;119 292;33;1;2;2;17;1
202100046137;119 293;7;0;2;3;13;1
202100046138;119 290;7;0;2;2;1;1
202100046138;119 291;1;0;2;1;19;5
202100046139;119 288;7;0;2;4;2;1
202100046139;119 289;7;0;2;1;2;1
202100046140;119 286;34;0;2;1;2;1
202100046140;119 287;43;0;2;4;2;1
202100046141;119 285;7;1;0;1;13;1
202100046142;119 283;7;0;2;8;22;1
202100046142;119 284;1;0;2;1;1;5
202100046143;119 281;7;0;2;1;1;1
202100046143;119 282;1;0;2;8;19;5
202100046144;119 279;10;0;2;2;5;1
202100046144;119 280;1;0;2;8;26;5
202100046145;119 278;7;0;1;7;1;1
202100046146;119 276;7;0;2;7;1;1
202100046146;119 277;10;0;2;3;1;1
202100046147;119 274;10;0;2;2;9;1
202100046147;119 275;2;0;2;8;1;1
202100046148;119 273;36;0;0;0;26;0
202100046149;119 272;7;0;1;0;26;0
202100046150;119 271;10;1;0;1;17;1
202100046151;119 269;7;0;2;1;1;1
202100046151;119 270;7;0;2;1;20;1
202100046152;119 268;7;0;1;0;0;
202100046153;119 266;34;0;2;7;1;1
202100046153;119 267;30;0;2;1;10;1
202100046154;119 265;32;0;0;0;26;1
202100046155;119 264;7;1;0;2;16;2
202100046156;119 263;30;0;0;0;0;1
202100046157;119 261;30;0;2;1;5;1
202100046157;119 262;7;0;2;3;19;1
202100046158;119 260;1;0;0;0;5;6
202100046159;119 258;60;0;2;8;19;5
202100046159;119 259;33;0;1;1;1;1
202100046160;119 257;7;0;1;2;1;1
202100046161;119 254;10;0;2;3;1;1
202100046161;119 255;1;0;2;8;19;5
202100046162;119 253;7;8;0;1;5;1
202100046163;119 251;31;0;2;3;11;0
202100046163;119 252;7;0;2;5;1;1
202100046164;119 249;33;0;2;1;17;1
202100046164;119 250;7;0;2;3;1;1
202100046165;119 248;7;13;0;2;14;1
202100046166;119 246;7;0;0;5;23;1
202100046166;119 247;7;0;2;3;1;1
202100046167;119 244;2;13;0;1;1;1
202100046168;119 243;7;0;1;2;1;1
202100046169;119 241;7;0;2;1;1;1
202100046169;119 242;7;0;0;4;1;1
202100046170;119 239;7;0;2;2;15;1
202100046170;119 240;7;0;2;1;1;1
202100046171;119 237;7;0;0;8;15;1
202100046171;119 238;33;0;2;1;17;1
202100046172;119 235;2;0;2;1;17;1
202100046172;119 236;7;0;2;6;15;1
202100046173;119 234;7;6;0;7;1;1
202100046174;119 232;7;0;0;4;23;1
202100046174;119 233;2;0;2;1;1;1
202100046175;119 231;7;2;0;8;1;1
202100046176;119 230;7;13;0;2;0;1
202100046177;119 228;7;0;2;3;19;1
202100046177;119 229;10;6;2;8;1;1
202100046178;119 227;7;0;1;3;1;1
202100046179;119 225;15;0;2;3;1;1
202100046179;119 226;7;0;2;3;13;6
202100046180;119 223;14;0;2;0;17;1
202100046180;119 224;1;0;2;0;2;5
202100046181;119 221;2;0;2;1;1;1
202100046181;119 222;7;0;2;3;15;1
202100046182;119 220;7;0;1;7;1;1
202100046183;119 219;33;0;6;1;1;1
202100046184;119 218;7;1;0;1;12;1
202100046185;119 217;2;0;0;0;0;1
202100046186;119 216;33;0;0;0;0;1
202100046187;119 214;7;0;2;3;21;1
202100046187;119 215;7;0;2;3;17;1
202100046188;119 213;7;2;0;2;13;1
202100046189;119 209;7;0;1;3;2;1
202100046190;119 207;15;0;0;4;1;1
202100046190;119 208;14;0;2;1;2;1
202100046191;119 205;7;0;0;1;19;1
202100046191;119 206;1;0;0;7;1;5
202100046192;119 202;99;0;0;0;1;6
202100046193;119 201;31;11;0;2;1;1
202100046194;119 199;10;15;0;5;15;1
202100046194;119 200;7;0;0;2;1;1
202100046195;119 197;33;0;2;1;17;1
202100046195;119 198;2;0;0;4;15;1
202100046196;119 194;10;0;2;2;11;1
202100046196;119 195;33;0;2;1;1;1
202100046197;119 193;7;0;0;3;0;1
202100046198;119 192;36;8;0;2;26;1
202100046199;119 190;1;0;0;0;14;5
202100046199;119 191;7;0;0;0;21;1
202100046200;119 188;7;0;2;1;2;1
202100046200;119 189;7;0;2;4;2;1
202100046201;119 184;10;3;2;6;0;1
202100046201;119 185;7;0;2;1;2;1
202100046202;119 182;7;0;2;3;13;1
202100046202;119 183;10;0;2;5;1;1
202100046203;119 180;7;0;2;2;21;1
202100046203;119 181;7;0;2;1;13;1
202100046204;119 178;15;0;2;6;2;1
202100046204;119 179;7;0;2;1;2;1
202100046205;119 177;33;0;0;0;15;1
202100046206;119 175;7;0;2;1;1;1
202100046206;119 176;7;3;2;3;19;1
202100046207;119 174;7;0;2;1;26;1
202100046208;119 171;7;0;2;8;17;1
202100046208;119 172;7;0;2;8;17;1
202100046209;119 169;7;0;2;2;14;1
202100046209;119 170;7;0;2;3;16;1
202100046210;119 167;7;0;2;1;13;1
202100046210;119 168;7;0;2;3;1;1
202100046211;119 165;7;14;0;6;1;1
202100046211;119 166;32;14;0;1;11;1
202100046212;119 163;7;0;2;1;15;1
202100046212;119 164;7;0;2;2;1;1
202100046213;119 162;7;6;0;2;1;1
202100046214;119 160;13;0;2;1;2;1
202100046214;119 161;7;0;9;4;2;1
202100046215;119 158;7;0;2;7;9;1
202100046215;119 159;31;0;2;6;1;1
202100046216;119 157;30;0;1;1;1;1
202100046217;119 155;99;0;2;4;9;2
202100046217;119 156;10;0;9;0;2;1
202100046218;119 154;7;0;1;1;9;1
202100046219;119 153;33;1;0;3;13;1
202100046220;119 152;7;0;1;3;9;1
202100046221;119 151;99;0;0;0;16;0
202100046222;119 149;7;0;2;1;2;1
202100046222;119 150;34;0;2;8;2;1
202100046223;119 147;7;0;2;1;15;1
202100046223;119 148;33;0;2;1;1;1
202100046224;119 146;7;0;1;2;1;1
202100046225;119 145;7;0;1;4;20;1
202100046226;119 143;7;0;2;3;26;1
202100046226;119 144;7;0;2;1;26;1
202100046227;119 141;7;0;2;4;9;1
202100046227;119 142;7;0;2;1;1;1
202100046228;119 140;7;12;0;3;13;1
202100046229;119 139;33;0;0;7;17;1
202100046230;119 137;7;0;2;4;15;0
202100046230;119 138;2;0;2;1;18;0
202100046231;119 135;7;0;2;3;23;1
202100046231;119 136;30;0;2;1;5;1
202100046232;119 133;7;0;2;1;14;1
202100046232;119 134;34;0;2;4;13;1
202100046233;119 131;32;0;2;1;1;1
202100046233;119 132;7;0;2;5;15;1
202100046234;119 129;33;0;2;1;2;1
202100046234;119 130;2;0;2;6;15;1
202100046235;119 127;10;0;2;1;2;1
202100046235;119 128;7;0;2;4;2;1
202100046236;119 125;7;0;2;1;10;1
202100046236;119 126;2;0;2;1;1;0
202100046237;119 124;7;5;0;0;0;1
202100046238;119 122;30;0;2;0;0;1
202100046238;119 123;7;0;2;3;9;1
202100046239;119 119;43;0;9;4;0;1
202100046239;119 120;7;0;2;3;26;1
202100046239;119 121;7;0;2;1;26;0
202100046240;119 118;33;6;0;1;1;1
202100046241;119 116;7;0;2;4;2;1
202100046241;119 117;7;0;2;1;2;1
202100046242;119 115;33;0;0;0;1;1
202100046243;119 114;7;1;0;1;13;1
202100046244;119 113;1;12;0;1;14;5
202100046245;119 111;2;0;2;1;1;1
202100046245;119 112;7;0;2;1;15;1
202100046246;119 109;7;0;2;6;1;1
202100046246;119 110;30;0;2;1;1;1
202100046247;119 107;37;0;2;4;23;1
202100046247;119 108;7;14;0;1;2;1
202100046248;119 105;7;0;2;3;1;1
202100046248;119 106;31;0;2;2;15;1
202100046249;119 103;50;0;2;7;0;3
202100046249;119 104;7;0;2;6;20;1
202100046250;119 102;7;1;0;1;1;1
202100046251;119 100;7;0;0;1;9;1
202100046251;119 101;7;0;0;8;1;1
202100046252;119 099;1;12;0;1;1;5
202100046253;119 098;32;0;1;1;1;0
202100046254;119 097;7;0;1;1;1;1
202100046255;119 095;50;0;2;1;1;3
202100046255;119 096;7;0;0;4;9;1
202100046256;119 093;33;0;2;1;1;1
202100046256;119 094;37;0;2;8;1;2
202100046257;119 091;7;0;2;8;1;1
202100046257;119 092;33;0;2;7;17;1
202100046258;119 090;33;3;0;2;1;1
202100046259;119 088;10;0;0;7;15;1
202100046259;119 089;33;0;2;1;1;1
202100046260;119 087;7;0;1;2;1;1
202100046261;119 086;36;2;0;1;0;0
202100046262;119 082;7;0;2;4;1;1
202100046262;119 083;7;0;2;1;2;1
202100046263;119 080;7;0;2;3;1;1
202100046263;119 081;7;0;2;3;13;1
202100046264;119 079;33;0;0;1;1;1
202100046265;119 077;7;0;2;1;13;1
202100046265;119 078;7;0;2;1;1;1
202100046266;119 075;7;3;2;2;13;1
202100046266;119 076;7;0;2;1;1;1
202100046267;119 072;2;0;0;5;0;1
202100046267;119 073;2;0;2;2;2;1
202100046268;119 070;7;0;2;1;15;1
202100046268;119 071;7;12;2;3;1;1
202100046269;119 069;7;13;0;1;1;2
202100046270;119 067;7;0;0;0;0;
202100046270;119 068;30;16;0;4;1;1
202100046271;119 066;31;0;0;0;1;1
202100046272;119 064;31;0;2;7;17;3
202100046272;119 065;7;0;2;8;17;1
202100046273;119 062;7;0;2;1;13;1
202100046273;119 063;7;0;2;1;1;1
202100046274;119 061;31;13;0;3;1;1
202100046275;119 060;2;0;0;0;1;1
202100046276;119 059;7;17;0;9;1;1
202100046277;119 057;33;0;2;1;17;1
202100046277;119 058;1;0;2;4;15;5
202100046278;119 054;7;13;2;1;1;1
202100046278;119 055;7;13;2;2;19;1
202100046279;119 052;7;0;9;2;2;1
202100046279;119 053;1;0;0;4;1;5
202100046280;119 051;7;2;0;1;14;1
202100046281;119 050;7;13;0;1;0;0
202100046282;119 049;7;0;1;3;1;1
202100046283;119 048;7;2;0;1;13;1
202100046284;119 046;7;0;2;1;1;1
202100046284;119 047;7;0;2;3;15;1
202100046285;119 045;7;13;0;2;21;1
202100046286;119 040;7;0;2;1;13;1
202100046286;119 041;33;0;2;1;1;1
202100046286;119 042;33;0;2;1;1;1
202100046286;119 043;33;0;2;1;1;1
202100046286;119 044;33;0;9;1;1;1
202100046287;119 039;2;13;0;0;1;1
202100046288;119 038;7;13;0;3;1;1
202100046289;119 037;33;0;0;0;1;1
202100046290;119 035;33;0;2;1;1;1
202100046290;119 036;17;0;2;3;15;1
202100046291;119 034;7;0;1;1;1;1
202100046292;119 033;33;0;0;7;1;1
202100046293;119 031;7;0;2;1;1;1
202100046293;119 032;7;0;2;3;15;1
202100046294;119 030;10;4;0;0;0;1
202100046295;119 028;33;0;2;7;17;1
202100046295;119 029;7;0;2;8;11;1
202100046296;119 027;7;4;0;1;1;1
202100046297;119 025;10;0;0;4;15;1
202100046297;119 026;31;0;2;1;17;1
202100046298;119 023;7;0;0;8;15;1
202100046298;119 024;2;0;2;2;17;1
202100046299;119 022;7;7;9;1;1;1
202100046300;119 020;7;0;2;3;1;1
202100046300;119 021;7;0;2;1;17;1
202100046301;119 018;33;0;2;1;1;1
202100046301;119 019;7;0;2;3;15;1
202100046302;119 015;31;0;2;2;17;1
202100046302;119 016;7;0;0;8;15;1
202100046303;119 013;7;0;2;3;1;1
202100046303;119 014;7;0;2;3;1;1
202100046304;119 011;10;0;2;1;1;1
202100046304;119 012;33;0;2;1;13;1
202100046305;119 008;33;0;2;3;0;1
202100046305;119 009;33;0;2;1;0;1
202100046305;119 010;33;0;2;1;17;1
202100046306;119 006;33;0;2;7;1;1
202100046306;119 007;10;0;2;2;19;1
202100046307;119 005;10;0;0;1;26;1
202100046308;119 003;2;0;2;1;17;1
202100046308;119 004;21;0;2;3;15;1
202100046309;119 001;7;0;2;3;1;1
202100046309;119 002;1;0;2;1;19;5
202100046310;118 999;10;0;2;3;0;1
202100046310;119 000;7;0;2;2;19;1
202100046311;118 997;32;0;2;7;3;1
202100046311;118 998;7;0;2;8;13;1
202100046312;118 995;1;0;2;1;15;5
202100046312;118 996;7;0;2;3;1;1
202100046313;118 994;2;13;0;1;14;1
202100046314;118 992;43;3;2;1;1;1
202100046314;118 993;10;0;2;3;1;1
202100046315;118 990;2;0;2;1;1;1
202100046315;118 991;7;0;0;5;20;1
202100046316;118 988;33;0;2;1;2;1
202100046316;118 989;7;0;2;4;1;1
202100046317;118 986;7;0;1;1;26;1
202100046317;118 987;7;15;0;0;1;1
202100046318;118 984;7;0;2;1;2;1
202100046318;118 985;7;0;2;4;9;1
202100046319;118 983;33;3;0;1;18;1
202100046320;118 981;7;0;2;2;12;1
202100046320;118 982;7;0;2;8;1;1
202100046321;118 979;7;4;2;3;1;1
202100046321;118 980;7;0;2;4;1;1
202100046322;118 974;10;0;2;4;23;1
202100046322;118 975;7;0;2;1;2;1
202100046322;118 976;10;0;2;4;23;1
202100046322;118 977;7;0;2;4;23;1
202100046322;118 978;13;0;2;4;23;1
202100046323;118 970;7;0;2;1;2;1
202100046323;118 971;7;0;2;4;23;1
202100046323;118 972;7;0;2;4;23;1
202100046323;118 973;7;0;2;4;23;1
202100046324;118 969;7;5;0;2;14;1
202100046325;118 968;7;0;0;0;1;1
202100046326;118 964;7;0;2;1;0;1
202100046326;118 965;10;0;2;2;0;1
202100046326;118 966;10;0;2;8;0;1
202100046326;118 967;7;0;2;2;3;1
202100046327;118 962;7;0;2;4;2;1
202100046327;118 963;7;0;2;1;1;1
202100046328;118 960;7;0;2;3;1;1
202100046328;118 961;7;0;2;5;2;1
202100046329;118 957;7;15;0;7;1;1
202100046330;118 955;7;0;2;2;15;1
202100046330;118 956;7;0;2;1;1;1
202100046331;118 954;30;0;2;7;1;1
202100046332;118 952;7;14;0;1;1;1
202100046332;118 953;7;0;2;1;26;1
202100046333;118 951;7;4;0;1;1;1
202100046334;118 949;7;0;2;8;10;1
202100046334;118 950;33;0;2;1;1;1
202100046335;118 948;13;0;1;1;15;1
202100046336;118 947;10;12;0;1;14;1
202100046337;118 945;7;0;2;2;16;1
202100046337;118 946;30;0;2;1;1;1
202100046338;118 944;30;9;0;1;1;1
202100046339;118 942;7;6;2;1;13;1
202100046339;118 943;7;6;2;3;1;1
202100046340;118 940;7;0;2;8;15;1
202100046340;118 941;7;0;2;1;17;1
202100046341;118 939;34;0;0;8;9;1
202100046342;118 938;50;0;0;0;25;3
202100046343;118 936;7;0;2;1;1;1
202100046343;118 937;7;0;2;4;0;1
202100046344;118 934;7;0;2;4;4;1
202100046344;118 935;7;0;2;1;1;1
202100046345;118 931;7;0;2;0;0;1
202100046345;118 932;7;0;2;8;0;1
202100046345;118 933;7;0;2;2;21;1
202100046346;118 929;7;0;2;8;1;1
202100046346;118 930;7;0;2;2;1;1
202100046347;118 927;30;0;2;1;1;1
202100046347;118 928;7;0;2;4;1;1
202100046348;118 925;7;0;2;2;1;1
202100046348;118 926;7;9;2;3;1;1
202100046349;118 923;7;0;2;3;1;1
202100046349;118 924;30;0;2;3;17;1
202100046350;118 921;7;16;2;3;10;1
202100046350;118 922;7;0;2;1;1;1
202100046351;118 919;33;0;2;4;1;1
202100046351;118 920;7;0;2;3;2;1
202100046352;118 917;7;0;2;3;2;1
202100046352;118 918;7;0;2;6;15;1
202100046353;118 915;7;0;2;5;15;1
202100046353;118 916;30;0;2;8;1;1
202100046354;118 913;7;0;2;4;2;1
202100046354;118 914;7;0;2;1;2;0
202100046355;118 909;33;0;0;0;2;1
202100046356;118 908;7;1;0;2;15;1
202100046357;118 906;32;1;2;1;6;1
202100046357;118 907;7;0;2;3;9;1
202100046358;118 904;31;0;2;2;1;1
202100046358;118 905;7;0;2;3;11;1
202100046359;118 902;30;0;2;1;1;1
202100046359;118 903;30;0;2;8;19;1
202100046360;118 900;33;0;2;7;17;1
202100046360;118 901;7;0;2;2;15;1
202100046361;118 899;32;0;1;1;1;1
202100046362;118 897;7;1;0;4;23;1
202100046362;118 898;7;14;2;1;1;1
202100046363;118 895;34;0;2;7;17;1
202100046363;118 896;10;0;2;8;9;1
202100046364;118 893;7;0;2;1;1;1
202100046364;118 894;32;0;2;8;1;1
202100046365;118 891;30;0;2;1;2;1
202100046365;118 892;1;0;2;4;2;5
202100046366;118 890;34;0;0;8;1;1
202100046367;118 887;80;0;2;1;1;3
202100046367;118 888;80;0;2;1;1;3
202100046367;118 889;80;0;2;1;5;3
202100046368;118 886;30;0;0;0;1;1
202100046369;118 885;43;0;0;8;1;1
202100046370;118 883;30;0;2;1;9;1
202100046370;118 884;32;0;2;3;7;1
202100046371;118 881;7;0;2;2;22;1
202100046371;118 882;1;0;2;8;1;5
202100046372;118 879;2;0;2;8;11;1
202100046372;118 880;7;0;2;2;1;1
202100046373;118 878;7;1;0;7;14;1
202100046374;118 877;7;11;0;9;1;1
202100046375;118 875;1;0;2;1;1;5
202100046375;118 876;1;0;2;1;14;5
202100046376;118 874;50;0;0;0;26;3
202100046377;118 872;32;0;2;1;1;1
202100046377;118 873;1;0;2;5;1;5
202100046378;118 869;32;0;2;1;7;1
202100046378;118 870;31;0;2;5;7;3
202100046378;118 871;32;0;2;5;23;1
202100046379;118 867;1;0;2;7;1;5
202100046379;118 868;10;0;2;3;22;1
202100046380;118 865;50;0;2;0;21;3
202100046380;118 866;10;0;2;0;22;1
202100046381;118 864;33;1;0;1;14;1
202100046382;118 863;34;0;1;1;1;1
202100046383;118 861;1;0;2;1;1;5
202100046383;118 862;7;0;2;3;22;1
202100046384;118 859;7;0;2;2;1;2
202100046384;118 860;33;0;2;1;16;1
202100046385;118 857;50;0;2;8;7;3
202100046385;118 858;37;0;2;7;14;2
202100046386;118 855;33;0;2;3;15;1
202100046386;118 856;50;0;2;2;1;3
202100046387;118 854;1;0;1;1;1;5
202100046388;118 853;7;1;0;2;14;1
202100046389;118 851;3;0;2;3;1;1
202100046389;118 852;1;0;2;1;2;5
202100046390;118 849;7;0;2;2;15;1
202100046390;118 850;31;0;2;0;0;1
202100046391;118 848;32;0;2;8;1;1
202100046392;118 847;7;0;1;3;1;1
202100046393;118 845;1;0;2;7;15;5
202100046393;118 846;7;0;2;3;1;1
202100046394;118 843;33;0;2;1;1;1
202100046394;118 844;7;0;2;3;0;1
202100046395;118 841;7;8;2;3;26;1
202100046395;118 842;30;8;2;7;17;0
202100046396;118 840;7;0;1;8;1;1
202100046397;118 838;7;0;2;3;15;1
202100046397;118 839;34;0;2;7;17;1
202100046398;118 836;7;0;2;3;15;0
202100046398;118 837;7;8;2;3;1;1
202100046399;118 834;7;0;2;1;0;0
202100046399;118 835;30;0;2;4;1;1
202100046400;118 833;7;8;0;2;15;0
202100046401;118 831;7;0;0;4;1;0
202100046401;118 832;0;0;2;1;1;0
202100046402;118 829;2;0;2;2;1;1
202100046402;118 830;7;0;2;3;19;1
202100046403;118 828;32;1;0;1;26;1
202100046404;118 826;7;0;2;8;15;1
202100046404;118 827;2;0;2;1;1;1
202100046405;118 824;31;0;2;1;1;1
202100046405;118 825;7;0;2;3;1;1
202100046406;118 822;7;0;2;3;14;1
202100046406;118 823;33;0;2;1;17;1
202100046407;118 820;7;0;2;3;0;1
202100046407;118 821;7;0;2;1;0;1
202100046408;118 819;7;0;1;1;1;1
202100046409;118 818;7;6;0;0;0;3
202100046410;118 817;33;3;6;1;1;1
202100046411;118 816;7;13;0;1;1;1
202100046412;118 815;7;2;0;0;1;1
202100046413;118 813;10;0;2;5;15;1
202100046413;118 814;33;0;2;1;1;0
202100046414;118 811;7;0;0;3;2;1
202100046414;118 812;7;4;2;3;11;1
202100046415;118 809;33;0;2;1;1;1
202100046415;118 810;10;0;0;8;11;1
202100046416;118 808;7;2;0;3;1;1
202100046417;118 806;7;0;2;3;1;1
202100046417;118 807;33;0;2;4;1;1
202100046418;118 805;7;2;0;4;13;1
202100046419;118 803;7;0;2;1;13;1
202100046419;118 804;37;0;2;3;21;1
202100046420;118 802;2;0;0;0;0;0
202100046421;118 800;2;0;2;1;1;1
202100046421;118 801;7;0;0;8;1;1
202100046422;118 799;7;13;0;0;1;1
202100046423;118 797;36;0;2;1;1;1
202100046423;118 798;33;0;2;1;1;1
202100046424;118 795;1;0;2;4;2;5
202100046424;118 796;7;0;2;1;2;1
202100046425;118 792;7;0;2;3;2;1
202100046425;118 793;7;0;0;8;1;1
202100046425;118 794;7;0;2;1;1;1
202100046426;118 791;7;2;0;2;1;1
202100046427;118 790;33;3;0;1;1;1
202100046428;118 789;33;0;0;1;1;1
202100046429;118 788;32;0;0;7;16;1
202100046430;118 787;7;0;0;2;1;1
202100046431;118 785;7;0;2;1;13;1
202100046431;118 786;7;0;2;1;1;1
202100046432;118 783;7;0;2;7;2;1
202100046432;118 784;1;0;2;8;2;0
202100046433;118 781;7;0;2;3;0;1
202100046433;118 782;2;0;2;2;0;1
202100046434;118 779;7;0;9;3;1;1
202100046434;118 780;31;0;2;0;13;1
202100046435;118 778;33;10;0;7;14;1
202100046436;118 776;10;0;0;7;19;0
202100046436;118 777;33;0;2;1;1;1
202100046437;118 775;7;2;0;2;14;1
202100046438;118 774;1;0;2;1;1;5
202100046439;118 772;7;0;2;3;1;1
202100046439;118 773;7;0;2;1;17;1
202100046440;118 771;33;13;0;1;1;1
202100046441;118 769;31;0;2;1;1;1
202100046441;118 770;7;0;2;3;15;1
202100046442;118 768;7;13;0;1;1;1
202100046443;118 767;7;6;0;0;1;1
202100046444;118 765;7;0;2;3;26;1
202100046444;118 766;2;0;2;3;16;1
202100046445;118 764;36;5;0;3;1;1
202100046446;118 763;33;0;1;1;13;1
202100046447;118 760;2;13;0;1;0;1
202100046448;118 756;1;0;2;7;1;5
202100046448;118 757;1;0;2;2;1;5
202100046448;118 758;10;0;2;6;4;1
202100046449;118 754;1;0;2;1;1;5
202100046449;118 755;7;0;0;7;15;1
202100046450;118 753;2;0;0;0;1;1
202100046451;118 752;7;0;1;3;1;1
202100046452;118 750;7;0;2;3;15;1
202100046452;118 751;2;0;2;1;1;1
202100046453;118 749;7;0;0;9;13;1
202100046454;118 747;7;0;2;3;9;1
202100046454;118 748;31;0;2;1;2;1
202100046455;118 746;2;0;6;1;1;1
202100046456;118 745;7;16;0;9;1;1
202100046457;118 743;7;0;2;1;2;1
202100046457;118 744;7;0;0;4;1;1
202100046458;118 741;7;0;2;1;1;1
202100046458;118 742;7;0;2;3;19;1
202100046459;118 739;15;0;0;3;1;1
202100046459;118 740;7;0;2;1;13;1
202100046460;118 737;7;0;0;4;15;1
202100046460;118 738;2;0;2;1;2;1
202100046461;118 735;34;0;2;1;17;1
202100046461;118 736;7;0;2;2;1;1
202100046462;118 733;1;0;2;1;17;5
202100046462;118 734;33;0;9;1;0;1
202100046463;118 730;7;0;2;1;1;1
202100046463;118 731;7;0;2;3;1;1
202100046463;118 732;7;0;0;1;1;1
202100046464;118 729;7;13;0;1;0;1
202100046465;118 727;7;15;0;1;0;0
202100046466;118 726;1;0;0;0;1;5
202100046467;118 725;31;11;0;8;1;0
202100046468;118 724;7;6;0;3;13;1
202100046469;118 723;7;2;0;0;0;1
202100046470;118 721;7;0;0;4;23;1
202100046470;118 722;7;0;2;1;23;1
202100046471;118 719;33;0;2;1;1;1
202100046471;118 720;30;0;2;4;15;1
202100046472;118 718;1;13;0;1;1;5
202100046473;118 717;2;6;0;8;19;1
202100046474;118 716;7;2;0;2;1;1
202100046475;118 714;7;5;2;8;1;1
202100046475;118 715;17;0;2;2;12;1
202100046476;118 711;7;3;0;1;13;1
202100046476;118 712;10;3;0;1;2;1
202100046476;118 713;7;14;0;3;21;1
202100046477;118 708;7;0;2;0;0;1
202100046477;118 709;7;0;2;0;0;1
202100046477;118 710;7;0;2;0;0;1
202100046478;118 706;7;0;2;1;1;1
202100046478;118 707;10;0;2;4;1;1
202100046479;118 704;7;0;2;2;2;1
202100046479;118 705;10;4;2;6;11;1
202100046480;118 701;7;0;2;4;2;1
202100046480;118 702;7;0;2;1;1;1
202100046480;118 703;7;0;2;4;2;1
202100046481;118 698;33;0;2;1;1;1
202100046481;118 699;7;0;2;4;2;1
202100046481;118 700;7;4;2;1;2;1
202100046482;118 697;7;3;0;1;11;1
202100046483;118 696;33;0;2;3;14;1
202100046484;118 695;7;4;0;1;21;1
202100046485;118 694;7;0;1;4;26;1
202100046486;118 693;7;0;1;2;1;1
202100046487;118 692;32;0;1;1;26;0
202100046488;118 691;33;0;0;1;1;1
202100046489;118 690;7;0;1;2;1;1
202100046490;118 688;7;0;2;1;2;1
202100046490;118 689;10;0;2;4;1;1
202100046491;118 686;50;0;2;1;19;3
202100046491;118 687;7;0;2;3;15;1
202100046492;118 684;7;0;2;1;23;1
202100046492;118 685;3;0;2;1;13;1
202100046493;118 682;7;0;2;2;15;1
202100046493;118 683;30;0;2;1;1;1
202100046494;118 679;7;0;2;1;1;1
202100046494;118 680;7;0;2;4;1;1
202100046494;118 681;7;0;2;4;1;1
202100046495;118 678;1;0;0;0;1;5
202100046496;118 677;7;10;0;1;1;1
202100046497;118 675;50;0;2;4;15;3
202100046497;118 676;7;0;9;3;15;1
202100046498;118 674;7;0;1;1;26;1
202100046499;118 672;7;0;2;7;15;1
202100046499;118 673;33;0;2;1;1;1
202100046500;118 668;7;0;2;8;1;0
202100046500;118 669;7;0;2;1;17;0
202100046501;118 666;7;0;2;5;1;1
202100046501;118 667;1;0;2;1;1;5
202100046502;118 665;7;0;1;0;1;1
202100046503;118 663;7;0;2;1;26;1
202100046503;118 664;7;0;2;7;15;1
202100046504;118 662;7;0;1;2;1;1
202100046505;118 659;7;0;2;8;1;1
202100046505;118 660;10;0;2;6;23;1
202100046505;118 661;30;0;2;1;1;1
202100046506;118 656;7;0;2;1;1;1
202100046506;118 657;33;0;2;7;17;1
202100046506;118 658;7;0;2;3;15;1
202100046507;118 654;32;0;2;6;1;1
202100046507;118 655;7;0;2;2;12;1
202100046508;118 653;30;0;0;7;26;1
202100046509;118 651;33;0;2;1;21;1
202100046509;118 652;1;0;2;6;2;5