Num_Acc;id_vehicule;categorie_vehicule;obstacle_fixe;obstacle_mobile;point_choc_initial;manoeuvre_principale;motorisation
202100046510;118 649;7;0;2;6;1;1
202100046510;118 650;2;0;2;1;1;1
202100046511;118 647;7;0;2;7;15;1
202100046511;118 648;32;0;2;7;1;1
202100046512;118 645;7;0;2;2;0;1
202100046512;118 646;1;0;2;7;26;5
202100046513;118 643;1;0;2;7;1;5
202100046513;118 644;7;0;2;1;26;1
202100046514;118 641;32;0;2;1;21;1
202100046514;118 642;7;0;2;1;1;1
202100046515;118 640;7;0;1;1;1;1
202100046516;118 638;1;0;2;1;13;6
202100046516;118 639;7;0;2;3;0;1
202100046517;118 637;7;14;0;1;1;1
202100046518;118 634;17;0;9;1;1;1
202100046518;118 635;10;0;9;6;1;1
202100046518;118 636;33;0;2;1;1;1
202100046519;118 633;10;0;1;4;20;1
202100046520;118 631;37;0;2;4;1;1
202100046520;118 632;7;0;2;1;1;1
202100046521;118 629;7;0;2;1;1;1
202100046521;118 630;7;0;2;7;15;1
202100046522;118 627;50;0;2;2;15;3
202100046522;118 628;7;0;2;8;0;1
202100046523;118 625;30;0;2;1;0;1
202100046523;118 626;7;0;2;8;1;1
202100046524;118 623;7;0;2;1;1;1
202100046524;118 624;2;0;2;1;1;1
202100046525;118 621;7;0;2;1;1;1
202100046525;118 622;10;0;2;1;1;1
202100046526;118 619;33;0;2;1;1;1
202100046526;118 620;10;0;2;4;1;1
202100046527;118 618;50;0;0;0;1;3
202100046528;118 616;7;0;2;3;1;1
202100046528;118 617;7;6;2;2;1;1
202100046529;118 615;7;0;1;2;16;1
202100046530;118 614;7;0;1;4;4;1
202100046531;118 612;60;0;2;8;19;5
202100046531;118 613;43;0;2;1;1;1
202100046532;118 609;10;0;2;1;1;1
202100046532;118 610;7;0;2;4;23;1
202100046532;118 611;7;0;2;4;23;1
202100046533;118 607;32;0;2;2;15;1
202100046533;118 608;2;0;2;1;7;1
202100046534;118 605;7;0;2;2;1;1
202100046534;118 606;7;0;2;1;16;1
202100046535;118 603;7;0;2;3;15;1
202100046535;118 604;2;0;2;0;2;1
202100046536;118 601;31;0;2;1;2;1
202100046536;118 602;17;6;0;4;2;1
202100046537;118 599;7;0;2;2;15;1
202100046537;118 600;2;0;2;1;1;1
202100046538;118 597;7;0;2;4;15;1
202100046538;118 598;7;0;2;1;1;1
202100046539;118 594;10;0;2;3;1;1
202100046539;118 595;33;0;2;2;1;1
202100046539;118 596;10;0;2;7;15;1
202100046540;118 592;60;0;2;4;1;5
202100046540;118 593;7;0;9;1;2;0
202100046541;118 590;7;0;2;1;9;1
202100046541;118 591;1;0;2;3;25;5
202100046542;118 586;34;0;2;1;1;1
202100046542;118 587;10;0;2;6;0;1
202100046543;118 583;33;0;2;6;23;1
202100046543;118 584;32;0;2;1;1;1
202100046543;118 585;7;0;2;2;15;0
202100046544;118 581;7;0;2;8;1;1
202100046544;118 582;7;0;2;1;19;1
202100046545;118 580;14;0;1;1;26;1
202100046546;118 578;7;0;0;4;2;1
202100046546;118 579;7;0;2;1;1;1
202100046547;118 577;10;0;1;3;15;1
202100046548;118 575;7;0;2;2;15;1
202100046548;118 576;33;0;2;1;26;1
202100046549;118 571;7;0;2;4;1;1
202100046549;118 572;10;0;2;0;0;1
202100046549;118 573;7;0;2;0;0;1
202100046549;118 574;7;0;2;0;0;1
202100046550;118 568;7;0;2;1;2;1
202100046550;118 569;7;0;2;4;2;1
202100046550;118 570;7;0;2;4;2;1
202100046551;118 561;7;0;2;4;1;1
202100046551;118 562;7;0;2;9;1;1
202100046551;118 563;7;0;2;9;1;1
202100046551;118 564;10;0;2;1;1;1
202100046551;118 565;7;0;2;9;1;1
202100046551;118 566;7;0;2;5;1;2
202100046551;118 567;15;0;2;6;1;1
202100046552;118 558;7;0;2;4;23;1
202100046552;118 559;7;0;2;2;2;1
202100046552;118 560;10;0;2;1;2;1
202100046553;118 555;10;0;2;7;12;1
202100046553;118 556;15;0;2;4;24;1
202100046553;118 557;7;0;2;8;1;1
202100046554;118 554;17;3;0;1;13;1
202100046555;118 552;33;0;2;1;0;1
202100046555;118 553;7;0;2;5;0;1
202100046556;118 551;7;4;0;2;1;1
202100046557;118 550;7;0;9;1;9;1
202100046558;118 547;7;0;2;1;2;1
202100046558;118 548;7;0;2;1;1;0
202100046558;118 549;7;0;2;0;1;0
202100046559;118 546;7;0;1;1;25;1
202100046560;118 544;30;0;2;7;1;1
202100046560;118 545;7;0;2;1;1;1
202100046561;118 542;14;0;2;2;1;1
202100046561;118 543;50;13;2;8;1;3
202100046562;118 540;7;0;0;0;16;1
202100046562;118 541;2;0;2;0;1;1
202100046563;118 538;2;0;2;8;1;1
202100046563;118 539;7;0;9;8;1;1
202100046564;118 536;7;0;2;1;21;0
202100046564;118 537;30;0;2;4;1;1
202100046565;118 535;33;0;2;0;1;0
202100046566;118 534;7;0;1;1;2;1
202100046567;118 531;7;0;2;1;1;1
202100046567;118 532;7;0;2;4;23;1
202100046567;118 533;7;0;2;6;15;1
202100046568;118 529;1;0;2;1;0;0
202100046568;118 530;7;0;2;3;26;1
202100046569;118 528;30;0;0;0;9;1
202100046570;118 526;7;0;9;8;1;1
202100046570;118 527;50;0;2;7;0;3
202100046571;118 525;10;0;1;1;1;1
202100046572;118 523;7;0;2;1;2;1
202100046572;118 524;7;0;2;6;2;1
202100046573;118 521;33;0;2;0;14;1
202100046573;118 522;33;0;2;0;0;1
202100046574;118 519;7;0;2;2;9;1
202100046574;118 520;7;0;2;1;1;1
202100046575;118 517;2;0;2;8;18;1
202100046575;118 518;2;0;2;5;23;1
202100046576;118 516;7;2;0;1;26;6
202100046577;118 515;7;0;1;1;16;1
202100046578;118 514;7;0;1;1;1;1
202100046579;118 512;10;0;2;4;20;1
202100046579;118 513;30;0;2;1;21;1
202100046580;118 510;1;0;0;0;0;5
202100046580;118 511;7;0;2;7;22;1
202100046581;118 508;7;0;0;0;0;1
202100046581;118 509;7;0;2;3;1;1
202100046582;118 507;7;0;1;1;1;1
202100046583;118 506;7;0;1;1;21;1
202100046584;118 503;33;6;0;0;26;1
202100046585;118 501;7;0;2;4;2;1
202100046585;118 502;7;0;2;4;1;1
202100046586;118 499;1;0;2;1;15;5
202100046586;118 500;7;0;2;3;16;1
202100046587;118 495;7;0;2;4;1;1
202100046587;118 496;7;0;2;1;1;1
202100046587;118 497;7;0;2;1;2;1
202100046587;118 498;7;0;2;1;1;1
202100046588;118 493;7;0;2;3;9;1
202100046588;118 494;2;0;2;1;16;1
202100046589;118 491;10;0;2;1;15;1
202100046589;118 492;7;0;2;2;1;1
202100046590;118 489;7;0;2;2;9;1
202100046590;118 490;1;0;2;1;1;6
202100046591;118 487;50;0;2;1;15;3
202100046591;118 488;7;0;2;1;1;1
202100046592;118 485;7;0;2;8;1;1
202100046592;118 486;7;0;2;2;1;1
202100046593;118 483;7;0;2;4;2;1
202100046593;118 484;7;0;2;1;2;1
202100046594;118 481;7;0;2;3;19;1
202100046594;118 482;32;0;2;7;19;1
202100046595;118 479;10;0;2;3;26;1
202100046595;118 480;33;0;2;5;16;1
202100046596;118 477;7;0;2;2;1;1
202100046596;118 478;1;0;0;0;0;5
202100046597;118 475;7;0;2;1;9;1
202100046597;118 476;7;0;2;2;1;1
202100046598;118 473;60;0;2;8;19;5
202100046598;118 474;7;0;2;1;1;1
202100046599;118 472;7;0;1;1;1;1
202100046600;118 471;3;0;1;1;16;1
202100046601;118 470;7;1;0;1;1;1
202100046602;118 469;1;0;1;1;1;5
202100046603;118 468;7;0;1;3;13;1
202100046604;118 464;7;0;2;1;1;1
202100046604;118 465;10;0;2;1;0;1
202100046604;118 466;10;0;2;0;0;1
202100046604;118 467;10;0;2;0;0;1
202100046605;118 463;7;0;1;1;15;1
202100046606;118 461;40;0;2;1;1;3
202100046606;118 462;34;0;4;7;19;1
202100046607;118 459;1;0;2;8;0;5
202100046607;118 460;14;0;2;7;16;1
202100046608;118 458;7;6;0;1;1;1
202100046609;118 455;7;0;2;4;23;1
202100046609;118 456;10;0;2;4;23;1
202100046609;118 457;7;0;2;1;1;1
202100046610;118 453;15;0;2;4;9;1
202100046610;118 454;7;0;2;7;1;1
202100046611;118 451;31;0;2;1;1;1
202100046611;118 452;7;0;2;3;20;1
202100046612;118 449;7;0;2;6;2;3
202100046612;118 450;32;0;2;7;17;6
202100046613;118 447;30;0;2;1;19;1
202100046613;118 448;7;0;2;2;1;1
202100046614;118 446;7;0;1;1;16;1
202100046615;118 443;7;0;1;1;1;1
202100046616;118 441;10;0;2;3;15;1
202100046616;118 442;1;0;2;2;1;5
202100046617;118 439;7;0;2;5;16;1
202100046617;118 440;1;0;2;0;0;5
202100046618;118 438;7;3;0;7;1;1
202100046619;118 436;32;0;2;1;1;1
202100046619;118 437;7;0;2;7;15;1
202100046620;118 434;7;0;2;3;6;1
202100046620;118 435;7;0;2;2;1;1
202100046621;118 432;7;0;2;7;15;1
202100046621;118 433;33;0;2;1;1;1
202100046622;118 430;7;0;9;1;1;1
202100046622;118 431;31;0;2;1;13;1
202100046623;118 428;10;0;2;3;1;1
202100046623;118 429;33;0;2;1;1;1
202100046624;118 427;7;0;1;3;1;6
202100046625;118 425;7;0;9;4;23;1
202100046625;118 426;7;0;2;1;2;1
202100046626;118 423;1;0;9;4;21;5
202100046626;118 424;1;0;9;1;1;5
202100046627;118 422;7;0;1;2;1;1
202100046628;118 420;31;0;2;4;23;1
202100046628;118 421;7;0;2;3;1;1
202100046629;118 417;7;0;2;6;1;1
202100046629;118 418;7;0;2;1;1;2
202100046629;118 419;15;0;2;2;12;1
202100046630;118 415;7;0;2;5;12;1
202100046630;118 416;43;0;2;1;1;1
202100046631;118 413;43;0;2;1;3;1
202100046631;118 414;7;0;2;5;1;1
202100046632;118 411;50;0;2;1;1;3
202100046632;118 412;31;0;2;2;15;1
202100046633;118 409;7;0;2;2;1;1
202100046633;118 410;30;0;2;7;18;1
202100046634;118 406;30;0;2;7;13;0
202100046634;118 407;80;0;2;1;1;3
202100046634;118 408;80;0;2;1;1;3
202100046635;118 405;30;14;0;8;1;1
202100046636;118 403;7;0;2;3;15;1
202100046636;118 404;30;0;2;7;7;1
202100046637;118 401;7;0;2;0;17;0
202100046637;118 402;30;0;2;1;1;3
202100046638;118 400;50;0;0;0;1;3
202100046639;118 398;10;0;2;2;2;1
202100046639;118 399;7;0;2;6;23;1
202100046640;118 397;7;0;1;2;1;1
202100046641;118 395;33;0;2;1;18;1
202100046641;118 396;7;0;2;2;15;1
202100046642;118 394;80;0;1;1;1;3
202100046643;118 392;7;0;2;4;23;1
202100046643;118 393;2;0;2;1;2;1
202100046644;118 391;1;0;1;2;1;5
202100046645;118 389;1;0;2;0;1;5
202100046645;118 390;10;0;2;0;22;1
202100046646;118 387;1;0;2;8;18;5
202100046646;118 388;15;0;2;7;1;1
202100046647;118 385;34;0;2;4;17;3
202100046647;118 386;1;0;2;1;15;5
202100046648;118 383;7;0;2;2;16;1
202100046648;118 384;1;0;2;4;1;5
202100046649;118 381;1;0;2;8;1;5
202100046649;118 382;7;0;2;7;17;1
202100046650;118 380;30;0;1;1;1;1
202100046651;118 378;7;0;2;3;21;1
202100046651;118 379;7;0;2;5;2;1
202100046652;118 377;7;1;1;2;13;1
202100046653;118 376;31;0;1;1;26;0
202100046654;118 374;7;0;2;7;20;1
202100046654;118 375;2;0;2;1;1;1
202100046655;118 373;1;0;1;1;1;5
202100046656;118 372;7;0;2;2;17;1
202100046657;118 369;7;0;2;8;1;1
202100046657;118 370;7;0;2;3;15;2
202100046657;118 371;33;0;2;1;1;1
202100046658;118 366;7;0;2;4;0;0
202100046658;118 367;7;0;2;1;2;0
202100046659;118 365;15;0;1;0;19;1
202100046660;118 364;60;0;1;1;1;5
202100046661;118 363;0;0;1;0;1;0
202100046662;118 362;7;3;0;9;1;1
202100046663;118 361;7;0;1;2;1;1
202100046664;118 359;34;0;2;1;1;0
202100046664;118 360;3;0;2;5;9;0
202100046665;118 355;30;0;2;1;3;1
202100046665;118 356;7;0;2;0;26;1
202100046665;118 357;37;0;2;3;1;1
202100046665;118 358;7;0;2;4;1;1
202100046666;118 353;7;0;2;2;16;1
202100046666;118 354;50;0;2;1;1;3
202100046667;118 351;33;0;2;1;1;1
202100046667;118 352;15;0;2;3;15;1
202100046668;118 350;7;1;0;2;1;1
202100046669;118 349;7;1;0;7;1;1
202100046670;118 348;7;13;0;3;26;1
202100046671;118 347;7;3;0;1;9;1
202100046672;118 345;60;0;0;7;15;5
202100046672;118 346;7;0;2;7;1;1
202100046673;118 343;15;0;2;7;17;1
202100046673;118 344;1;0;0;8;23;5
202100046674;118 342;7;0;1;8;2;1
202100046675;118 341;15;0;1;3;1;1
202100046676;118 339;7;0;2;1;1;1
202100046676;118 340;7;0;2;3;15;1
202100046677;118 337;7;0;2;1;1;1
202100046677;118 338;7;0;2;1;5;1
202100046678;118 335;7;1;0;2;1;1
202100046678;118 336;10;0;0;4;24;1
202100046679;118 334;7;0;0;8;23;1
202100046680;118 333;7;0;1;4;4;2
202100046681;118 332;33;0;6;1;1;1
202100046682;118 331;7;4;0;1;1;1
202100046683;118 330;33;10;0;1;1;1
202100046684;118 329;1;0;0;8;1;5
202100046685;118 327;7;0;2;2;15;1
202100046685;118 328;33;0;2;1;1;1
202100046686;118 324;2;0;2;7;19;1
202100046686;118 325;15;0;2;1;1;1
202100046686;118 326;10;0;2;3;1;1
202100046687;118 322;1;0;2;8;1;5
202100046687;118 323;7;0;2;7;17;1
202100046688;118 320;7;0;2;7;1;1
202100046688;118 321;7;0;2;3;15;1
202100046689;118 319;7;2;0;3;13;1
202100046690;118 318;7;13;0;2;1;1
202100046691;118 316;7;0;1;4;20;1
202100046692;118 314;10;0;2;0;1;1
202100046692;118 315;7;0;9;3;1;1
202100046693;118 313;7;0;1;2;1;1
202100046694;118 312;32;13;0;1;1;1
202100046695;118 311;7;2;0;3;1;1
202100046696;118 309;10;0;2;2;1;1
202100046696;118 310;33;0;2;0;18;1
202100046697;118 307;7;0;0;2;1;0
202100046697;118 308;1;0;2;3;13;0
202100046698;118 305;7;0;2;8;1;2
202100046698;118 306;7;0;2;3;26;1
202100046699;118 304;1;8;0;0;1;5
202100046700;118 300;7;0;0;4;2;1
202100046700;118 301;7;0;2;4;2;1
202100046700;118 302;7;0;2;1;2;1
202100046701;118 299;7;2;0;2;1;1
202100046702;118 297;31;0;2;1;1;1
202100046702;118 298;7;0;2;2;15;1
202100046703;118 296;7;13;0;2;1;1
202100046704;118 295;33;9;0;0;0;1
202100046705;118 293;33;0;0;0;1;1
202100046706;118 290;7;0;2;4;2;1
202100046706;118 291;7;0;2;1;2;0
202100046706;118 292;7;0;2;4;2;1
202100046707;118 287;10;0;2;4;2;1
202100046707;118 288;7;0;2;1;2;1
202100046707;118 289;10;0;2;1;2;1
202100046708;118 286;7;14;0;9;0;1
202100046709;118 284;10;0;2;3;21;1
202100046709;118 285;7;0;2;5;23;1
202100046710;118 281;7;0;2;1;2;1
202100046710;118 282;7;0;2;4;2;1
202100046710;118 283;7;0;2;4;2;1
202100046711;118 279;7;0;2;1;2;1
202100046711;118 280;10;0;2;4;1;1
202100046712;118 277;7;0;2;3;23;1
202100046712;118 278;7;0;2;1;2;1
202100046713;118 272;7;0;2;4;1;1
202100046713;118 273;13;0;2;1;2;1
202100046713;118 274;7;0;2;4;1;1
202100046713;118 275;7;0;2;4;2;1
202100046713;118 276;7;0;2;4;0;1
202100046714;118 270;7;0;2;0;0;1
202100046714;118 271;7;0;2;0;0;1
202100046715;118 267;43;0;2;7;3;1
202100046715;118 268;7;0;2;8;2;1
202100046715;118 269;10;0;2;5;2;1
202100046716;118 265;7;0;2;1;17;1
202100046716;118 266;3;3;2;4;1;1
202100046717;118 263;33;0;2;7;3;1
202100046717;118 264;7;0;2;8;11;1
202100046718;118 262;33;0;2;2;1;1
202100046719;118 260;10;0;2;1;1;1
202100046719;118 261;7;0;2;4;1;1
202100046720;118 259;7;0;1;6;4;1
202100046721;118 258;7;0;1;1;1;1
202100046722;118 256;30;0;2;4;1;1
202100046722;118 257;7;0;2;1;1;1
202100046723;118 255;30;12;0;0;0;0
202100046724;118 253;0;0;0;0;0;0
202100046724;118 254;2;0;2;0;16;1
202100046725;118 252;37;0;1;1;26;1
202100046726;118 250;60;0;2;1;1;5
202100046726;118 251;7;0;2;5;16;1
202100046727;118 248;1;0;2;1;1;5
202100046727;118 249;7;0;2;3;15;1
202100046728;118 247;99;0;0;0;26;0
202100046729;118 245;7;0;2;7;19;1
202100046729;118 246;33;0;2;1;19;1
202100046730;118 243;30;0;2;1;1;1
202100046730;118 244;7;0;2;3;15;1
202100046731;118 241;31;0;2;1;1;1
202100046731;118 242;7;0;2;5;21;1
202100046732;118 239;10;0;2;0;1;1
202100046732;118 240;1;0;2;0;0;5
202100046733;118 236;7;0;2;3;13;1
202100046733;118 237;7;0;2;4;1;1
202100046733;118 238;7;0;2;1;14;1
202100046734;118 234;7;0;2;2;15;1
202100046734;118 235;33;0;0;0;0;1
202100046735;118 233;7;0;1;3;16;1
202100046736;118 231;80;0;2;2;15;3
202100046736;118 232;7;0;1;3;2;1
202100046737;118 229;10;0;2;4;2;1
202100046737;118 230;33;0;2;1;2;1
202100046738;118 227;80;0;2;1;1;3
202100046738;118 228;37;0;2;8;1;1
202100046739;118 225;7;0;2;2;15;1
202100046739;118 226;2;0;2;7;21;1
202100046740;118 222;7;0;2;4;2;1
202100046740;118 223;7;0;2;4;2;1
202100046740;118 224;7;0;2;1;2;1
202100046741;118 221;7;0;1;0;0;1
202100046742;118 220;7;0;1;1;16;1
202100046743;118 218;7;0;2;1;13;1
202100046743;118 219;7;0;2;3;1;1
202100046744;118 216;7;1;0;1;14;1
202100046744;118 217;7;0;2;2;24;1
202100046745;118 215;7;0;1;1;15;1
202100046746;118 213;7;0;2;3;10;1
202100046746;118 214;2;0;2;1;1;1
202100046747;118 212;10;8;0;1;1;1
202100046748;118 210;7;0;2;1;15;1
202100046748;118 211;60;0;2;0;1;5
202100046749;118 208;30;0;2;3;1;3
202100046749;118 209;30;0;2;2;1;1
202100046750;118 207;33;0;0;1;1;0
202100046751;118 206;7;16;0;1;15;1
202100046752;118 205;99;0;1;2;19;1
202100046753;118 203;7;0;2;3;1;1
202100046753;118 204;32;0;2;8;15;1
202100046754;118 201;7;0;2;4;1;1
202100046754;118 202;7;0;2;1;1;1
202100046755;118 199;7;0;2;6;1;1
202100046755;118 200;2;0;2;1;1;1
202100046756;118 197;7;0;2;3;1;1
202100046756;118 198;7;0;2;2;1;1
202100046757;118 195;1;0;0;0;1;5
202100046757;118 196;1;0;0;0;1;5
202100046758;118 193;7;0;2;1;2;0
202100046758;118 194;30;0;2;4;23;1
202100046759;118 191;7;0;2;1;1;1
202100046759;118 192;33;14;2;1;13;1
202100046760;118 189;37;0;2;2;1;1
202100046760;118 190;7;0;2;1;26;1
202100046761;118 187;1;0;2;0;26;0
202100046761;118 188;7;0;2;3;16;1
202100046762;118 185;10;0;2;2;1;1
202100046762;118 186;7;0;2;1;1;1
202100046763;118 184;7;0;1;2;1;1
202100046764;118 182;7;5;2;8;9;1
202100046764;118 183;17;5;2;7;1;1
202100046765;118 180;10;0;2;1;1;1
202100046765;118 181;1;0;2;4;23;5
202100046766;118 178;1;0;2;8;15;5
202100046766;118 179;7;0;2;0;1;1
202100046767;118 176;7;0;2;4;1;1
202100046767;118 177;32;0;2;1;2;1
202100046768;118 174;10;0;2;7;16;1
202100046768;118 175;2;0;2;3;0;1
202100046769;118 171;7;0;2;1;15;1
202100046769;118 172;2;1;2;1;1;1
202100046769;118 173;7;0;2;4;24;1
202100046770;118 169;43;0;2;1;0;1
202100046770;118 170;7;0;2;5;15;1
202100046771;118 168;7;0;1;2;14;1
202100046772;118 166;99;0;2;3;1;0
202100046772;118 167;99;0;2;3;1;0
202100046773;118 164;33;0;2;1;1;1
202100046773;118 165;32;0;2;1;1;1
202100046774;118 163;30;0;1;1;17;1
202100046775;118 160;17;0;2;2;12;1
202100046775;118 161;7;0;2;6;1;2
202100046775;118 162;7;0;2;6;1;1
202100046776;118 158;33;0;2;2;1;1
202100046776;118 159;10;0;2;3;11;1
202100046777;118 156;32;0;2;1;5;1
202100046777;118 157;1;0;2;1;9;5
202100046778;118 154;7;0;2;1;1;0
202100046778;118 155;30;0;2;7;1;1
202100046779;118 153;10;0;1;1;1;1
202100046780;118 152;10;0;1;7;1;1
202100046781;118 150;10;0;2;7;15;1
202100046781;118 151;33;0;2;1;1;1
202100046782;118 148;10;0;2;7;1;1
202100046782;118 149;7;0;2;8;24;1
202100046783;118 147;1;12;0;0;1;5
202100046784;118 145;2;0;2;3;9;1
202100046784;118 146;7;0;2;2;1;1
202100046785;118 144;50;0;1;3;18;3
202100046786;118 142;37;0;2;7;1;1
202100046786;118 143;50;0;2;1;16;3
202100046787;118 141;50;0;0;0;1;3
202100046788;118 139;2;0;2;1;15;1
202100046788;118 140;1;0;2;1;1;5
202100046789;118 137;37;0;2;1;2;1
202100046789;118 138;7;0;2;4;2;1
202100046790;118 136;33;0;1;1;1;1
202100046791;118 134;1;0;2;1;17;5
202100046791;118 135;1;0;2;1;1;5
202100046792;118 132;1;0;2;1;16;5
202100046792;118 133;1;0;2;1;1;5
202100046793;118 131;1;0;1;1;1;5
202100046794;118 129;1;0;2;3;1;5
202100046794;118 130;2;0;9;0;19;1
202100046795;118 127;1;0;2;8;10;5
202100046795;118 128;7;0;9;1;9;1
202100046796;118 126;10;0;1;4;4;1
202100046797;118 124;30;0;2;1;13;1
202100046797;118 125;31;0;2;8;15;1
202100046798;118 122;7;0;0;6;1;1
202100046798;118 123;7;0;2;0;1;1
202100046799;118 121;31;8;0;1;13;1
202100046800;118 118;7;0;2;0;15;1
202100046800;118 119;1;1;2;2;9;5
202100046800;118 120;7;0;2;5;26;1
202100046801;118 117;7;0;1;1;2;1
202100046802;118 115;7;0;2;8;1;1
202100046802;118 116;7;0;2;1;1;1
202100046803;118 114;7;0;1;3;1;1
202100046804;118 112;7;0;2;6;1;1
202100046804;118 113;10;0;2;1;9;1
202100046805;118 110;7;0;9;3;1;0
202100046805;118 111;1;0;2;0;0;0
202100046806;118 109;7;0;1;2;19;2
202100046807;118 108;30;0;1;0;26;1
202100046808;118 106;34;0;2;1;1;0
202100046808;118 107;37;0;2;3;1;1
202100046809;118 105;7;0;0;2;16;1
202100046810;118 103;7;0;2;4;1;1
202100046810;118 104;1;0;2;1;2;5
202100046811;118 102;7;0;1;2;16;1
202100046812;118 101;7;0;1;1;1;1
202100046813;118 099;10;0;2;1;15;1
202100046813;118 100;33;0;2;1;1;1
202100046814;118 097;33;0;2;1;17;1
202100046814;118 098;7;0;2;6;17;1
202100046815;118 096;33;13;0;9;17;1
202100046816;118 095;7;2;0;1;0;1
202100046817;118 093;7;0;2;1;2;1
202100046817;118 094;7;0;2;4;1;1
202100046818;118 092;30;0;1;1;1;1
202100046819;118 090;2;0;2;1;1;1
202100046819;118 091;7;0;2;7;1;1
202100046820;118 088;33;0;2;1;1;1
202100046820;118 089;10;0;2;3;6;1
202100046821;118 086;33;0;2;1;3;1
202100046821;118 087;7;0;2;2;9;1
202100046822;118 083;80;0;2;8;15;3
202100046822;118 084;80;0;2;1;15;3
202100046822;118 085;7;0;2;2;17;1
202100046823;118 081;17;0;2;1;1;1
202100046823;118 082;7;14;2;1;6;1
202100046824;118 080;33;0;1;3;1;1
202100046825;118 078;7;0;2;1;5;1
202100046825;118 079;7;0;0;1;1;1
202100046826;118 077;31;0;6;1;1;1
202100046827;118 076;33;0;0;8;1;1
202100046828;118 074;7;0;2;1;15;1
202100046828;118 075;7;0;2;3;1;1
202100046829;118 073;99;12;0;3;13;1
202100046830;118 071;7;0;2;1;21;1
202100046830;118 072;10;0;2;1;13;1
202100046831;118 069;7;0;2;8;9;1
202100046831;118 070;10;0;0;2;1;1
202100046832;118 068;7;8;0;3;1;1
202100046833;118 066;7;0;2;2;13;1
202100046833;118 067;7;0;2;2;1;1
202100046834;118 064;7;0;0;2;1;0
202100046834;118 065;1;0;0;3;1;5
202100046835;118 063;33;0;0;0;14;1
202100046836;118 061;7;0;2;1;1;1
202100046836;118 062;7;0;2;8;9;1
202100046837;118 060;7;8;0;3;14;1
202100046838;118 059;7;0;1;1;15;1
202100046839;118 058;33;0;6;1;1;1
202100046840;118 056;2;0;2;4;11;1
202100046840;118 057;7;0;2;2;1;1
202100046841;118 054;7;0;2;1;1;1
202100046841;118 055;1;0;2;8;19;5
202100046842;118 052;1;0;2;4;2;5
202100046842;118 053;7;0;0;2;2;1
202100046843;118 050;14;0;2;3;26;1
202100046843;118 051;33;0;2;7;1;1
202100046844;118 044;1;0;2;8;1;5
202100046844;118 045;7;0;9;7;2;1
202100046845;118 042;7;0;2;8;19;1
202100046845;118 043;7;0;2;1;1;1
202100046846;118 040;7;0;2;5;13;1
202100046846;118 041;7;0;2;1;1;1
202100046847;118 038;7;0;2;3;19;1
202100046847;118 039;33;0;2;1;13;1
202100046848;118 037;7;10;0;3;2;1
202100046849;118 036;7;0;1;1;1;2
202100046850;118 034;7;0;2;3;9;1
202100046850;118 035;1;0;2;2;15;5
202100046851;118 032;7;0;2;2;21;1
202100046851;118 033;14;0;2;7;1;1
202100046852;118 030;7;0;9;7;17;1
202100046852;118 031;1;0;2;3;21;5
202100046853;118 029;7;13;0;1;0;1
202100046854;118 028;2;8;0;1;1;1
202100046855;118 026;32;0;2;1;1;1
202100046855;118 027;7;0;2;1;9;1
202100046856;118 024;10;0;2;5;14;1
202100046856;118 025;33;0;2;3;1;1
202100046857;118 021;7;0;2;4;2;1
202100046857;118 022;7;0;2;1;1;1
202100046857;118 023;10;0;2;4;2;1
202100046858;118 018;7;0;2;4;2;1
202100046858;118 019;7;0;2;1;2;1
202100046858;118 020;10;0;2;4;2;1
202100046859;118 017;10;0;1;2;2;1
202100046860;118 016;7;0;1;3;1;1
202100046861;118 014;7;0;2;1;1;1
202100046861;118 015;7;0;2;4;1;1
202100046862;118 012;7;0;2;3;15;1
202100046862;118 013;32;14;2;3;17;1
202100046863;118 010;33;0;2;1;2;1
202100046863;118 011;7;0;2;3;2;1
202100046864;118 008;7;0;2;7;15;1
202100046864;118 009;2;0;2;8;15;1
202100046865;118 006;7;0;2;1;1;1
202100046865;118 007;7;1;2;1;13;1
202100046866;118 004;50;0;2;1;1;3
202100046866;118 005;7;0;2;8;15;1
202100046867;118 002;7;0;2;2;2;1
202100046867;118 003;32;0;2;4;23;6
202100046868;118 001;7;1;0;1;1;1
202100046869;117 999;80;0;2;1;21;3
202100046869;118 000;7;0;2;3;1;1
202100046870;117 998;50;2;0;1;26;3
202100046871;117 996;7;0;2;2;1;1
202100046871;117 997;7;0;2;1;1;1
202100046872;117 994;7;0;2;3;9;1
202100046872;117 995;10;0;0;2;15;0
202100046873;117 992;10;0;2;1;9;1
202100046873;117 993;1;0;2;7;1;5
202100046874;117 990;7;0;2;3;15;1
202100046874;117 991;2;0;2;1;6;1
202100046875;117 989;7;0;1;6;4;1
202100046876;117 987;33;0;2;1;1;1
202100046876;117 988;7;0;2;7;9;1
202100046877;117 985;33;0;2;1;2;1
202100046877;117 986;7;0;2;3;26;1
202100046878;117 983;10;1;0;0;0;1
202100046878;117 984;7;1;0;1;13;0
202100046879;117 979;7;0;2;1;1;0
202100046879;117 980;37;0;2;4;2;1
202100046879;117 981;7;0;2;4;2;1
202100046879;117 982;7;0;2;4;2;1
202100046880;117 977;7;0;2;3;15;1
202100046880;117 978;1;0;2;1;1;6
202100046881;117 974;33;0;2;2;11;1
202100046881;117 975;7;0;0;6;1;1
202100046882;117 973;7;0;1;1;1;1
202100046883;117 972;7;0;1;3;1;1
202100046884;117 970;1;0;0;0;1;0
202100046884;117 971;7;1;0;0;22;0
202100046885;117 966;7;0;2;1;1;1
202100046885;117 967;7;0;2;1;5;1
202100046886;117 963;7;0;2;1;21;1
202100046886;117 964;7;0;2;6;23;1
202100046886;117 965;7;0;2;1;9;1
202100046887;117 962;10;0;1;4;26;1