Num_Acc;id_vehicule;categorie_vehicule;obstacle_fixe;obstacle_mobile;point_choc_initial;manoeuvre_principale;motorisation
202100047269;117 269;1;0;2;1;1;5
202100047269;117 270;7;0;2;3;15;2
202100047270;117 267;32;0;2;7;25;1
202100047270;117 268;7;0;2;2;9;1
202100047271;117 265;7;9;2;1;1;1
202100047271;117 266;7;0;2;1;1;1
202100047272;117 264;33;0;0;8;1;1
202100047273;117 262;2;0;0;8;15;1
202100047273;117 263;7;15;2;5;17;1
202100047274;117 261;7;8;0;9;14;1
202100047275;117 259;2;0;2;1;1;1
202100047275;117 260;10;0;2;7;15;1
202100047276;117 257;7;0;2;3;15;1
202100047276;117 258;33;0;2;1;1;1
202100047277;117 254;7;0;2;3;9;1
202100047277;117 255;33;0;2;1;17;1
202100047278;117 252;7;0;2;5;2;1
202100047278;117 253;2;0;2;1;2;1
202100047279;117 250;7;0;2;3;1;1
202100047279;117 251;10;0;2;3;1;1
202100047280;117 248;7;0;2;8;1;1
202100047280;117 249;33;0;2;8;1;1
202100047281;117 247;7;0;0;0;1;1
202100047282;117 246;7;0;1;1;0;1
202100047283;117 245;7;1;0;1;13;1
202100047284;117 243;2;0;0;6;20;1
202100047284;117 244;2;0;2;1;1;1
202100047285;117 242;1;0;0;9;1;2
202100047286;117 240;2;0;2;1;2;1
202100047286;117 241;7;0;0;4;2;1
202100047287;117 238;7;0;2;3;13;1
202100047287;117 239;7;0;2;2;21;1
202100047288;117 236;7;0;2;1;0;1
202100047288;117 237;7;0;2;1;0;1
202100047289;117 234;7;0;2;2;1;1
202100047289;117 235;33;0;2;1;13;1
202100047290;117 232;7;0;9;3;1;1
202100047290;117 233;1;0;2;8;16;5
202100047291;117 231;7;13;0;2;1;1
202100047292;117 230;7;13;0;3;1;1
202100047293;117 229;2;0;0;0;1;1
202100047294;117 227;7;0;2;8;1;1
202100047294;117 228;7;0;2;1;1;1
202100047295;117 226;7;5;0;2;15;1
202100047296;117 225;7;2;0;2;1;1
202100047297;117 223;2;6;2;7;1;1
202100047297;117 224;7;0;2;2;15;1
202100047298;117 221;17;8;2;2;21;1
202100047298;117 222;7;6;0;8;15;1
202100047299;117 220;7;0;0;9;1;1
202100047300;117 219;7;0;1;3;21;1
202100047301;117 217;32;0;2;8;10;1
202100047301;117 218;31;0;2;1;21;1
202100047302;117 216;31;12;0;1;15;1
202100047303;117 214;33;0;2;1;1;1
202100047303;117 215;7;0;2;4;1;1
202100047304;117 212;33;0;2;1;1;1
202100047304;117 213;7;0;2;5;15;1
202100047305;117 211;7;9;0;1;0;1
202100047306;117 210;7;0;1;1;1;1
202100047307;117 206;7;0;2;2;1;1
202100047307;117 207;31;0;2;1;1;1
202100047307;117 208;2;0;2;1;1;1
202100047307;117 209;7;0;0;6;24;1
202100047308;117 205;7;8;0;0;1;1
202100047309;117 203;7;0;0;8;15;1
202100047309;117 204;33;13;2;9;17;1
202100047310;117 202;7;9;0;1;1;1
202100047311;117 200;33;0;2;6;1;1
202100047311;117 201;7;0;2;7;12;1
202100047312;117 198;7;0;2;1;1;1
202100047312;117 199;7;0;2;4;1;1
202100047313;117 197;7;0;9;9;1;1
202100047314;117 194;7;0;2;4;1;1
202100047314;117 195;7;0;2;4;2;1
202100047314;117 196;14;0;2;3;2;1
202100047315;117 192;14;0;2;4;1;1
202100047315;117 193;7;0;2;1;13;1
202100047316;117 190;10;0;2;2;14;1
202100047316;117 191;7;0;2;6;1;1
202100047317;117 188;7;3;2;4;26;1
202100047317;117 189;7;0;2;1;1;1
202100047318;117 186;7;0;2;0;0;0
202100047318;117 187;33;0;2;7;26;1
202100047319;117 184;7;0;2;4;0;1
202100047319;117 185;7;0;2;1;0;1
202100047320;117 183;31;0;0;9;26;1
202100047321;117 181;2;0;2;8;1;1
202100047321;117 182;7;0;2;3;1;1
202100047322;117 179;7;2;0;0;14;1
202100047322;117 180;30;14;0;0;13;1
202100047323;117 178;7;0;1;1;19;1
202100047324;117 176;7;8;2;4;4;1
202100047324;117 177;10;0;2;1;1;1
202100047325;117 174;14;0;2;2;1;1
202100047325;117 175;7;0;2;3;1;1
202100047326;117 173;37;0;1;3;1;1
202100047327;117 172;32;8;0;1;2;1
202100047328;117 171;30;1;0;7;16;3
202100047329;117 166;7;0;2;1;1;1
202100047329;117 167;7;0;2;2;1;1
202100047330;117 164;7;0;2;1;19;1
202100047330;117 165;7;0;2;8;15;1
202100047331;117 162;7;0;2;4;23;1
202100047331;117 163;7;0;2;1;2;1
202100047332;117 161;7;0;1;1;1;1
202100047333;117 159;32;0;2;1;2;1
202100047333;117 160;7;0;2;4;2;1
202100047334;117 156;7;0;2;4;1;1
202100047334;117 157;17;0;2;4;1;1
202100047334;117 158;10;0;2;1;2;1
202100047335;117 155;7;0;1;1;15;1
202100047336;117 153;30;0;2;1;2;1
202100047336;117 154;7;0;2;4;0;1
202100047337;117 151;33;0;2;1;2;1
202100047337;117 152;7;0;2;4;2;1
202100047338;117 149;7;0;2;1;9;1
202100047338;117 150;2;0;2;8;0;1
202100047339;117 148;7;0;1;1;26;1
202100047340;117 147;7;1;1;1;20;1
202100047341;117 146;1;12;0;1;16;5
202100047342;117 144;7;0;2;7;1;1
202100047342;117 145;7;0;2;8;1;1
202100047343;117 142;7;0;9;1;1;1
202100047343;117 143;1;0;2;8;19;5
202100047344;117 141;7;0;2;7;1;1
202100047345;117 140;1;0;1;1;25;5
202100047346;117 138;7;0;0;0;14;0
202100047346;117 139;2;12;0;1;1;1
202100047347;117 137;7;0;1;4;26;1
202100047348;117 135;7;0;2;1;1;1
202100047348;117 136;1;0;2;4;2;5
202100047349;117 134;7;14;0;0;1;
202100047350;117 133;7;0;1;1;1;1
202100047351;117 131;10;0;2;4;23;0
202100047351;117 132;10;0;2;1;1;0
202100047352;117 130;7;6;0;1;22;1
202100047353;117 129;33;0;0;0;21;1
202100047354;117 127;14;0;2;1;26;1
202100047354;117 128;7;0;2;4;26;1
202100047355;117 125;7;0;2;3;9;1
202100047355;117 126;30;0;2;7;9;1
202100047356;117 123;7;0;2;2;9;1
202100047356;117 124;2;0;2;8;17;1
202100047357;117 121;7;0;2;7;1;1
202100047357;117 122;2;0;2;8;9;1
202100047358;117 120;10;14;1;5;16;1
202100047359;117 119;7;0;1;2;17;1
202100047360;117 117;7;0;2;2;16;1
202100047360;117 118;2;0;2;3;1;1
202100047361;117 116;7;0;1;2;1;3
202100047362;117 114;15;0;2;2;16;1
202100047362;117 115;80;0;2;3;1;3
202100047363;117 112;1;0;2;1;1;5
202100047363;117 113;7;0;9;5;16;1
202100047364;117 110;1;0;0;0;0;5
202100047364;117 111;7;0;2;5;2;1
202100047365;117 108;1;0;2;4;16;5
202100047365;117 109;7;0;2;2;16;1
202100047366;117 107;2;0;0;0;16;1
202100047367;117 106;7;1;0;1;1;1
202100047368;117 104;7;0;2;1;1;2
202100047368;117 105;33;0;2;7;15;1
202100047369;117 102;7;0;2;1;13;1
202100047369;117 103;7;0;2;1;1;1
202100047370;117 100;7;0;2;6;26;0
202100047370;117 101;7;8;2;3;2;0
202100047371;117 099;0;0;1;1;26;0
202100047372;117 097;7;0;2;7;15;1
202100047372;117 098;32;0;2;1;1;1
202100047373;117 095;33;1;2;6;1;1
202100047373;117 096;7;0;2;1;19;1
202100047374;117 093;34;0;2;0;0;1
202100047374;117 094;7;0;2;3;20;1
202100047375;117 091;10;0;2;1;1;1
202100047375;117 092;7;0;2;8;19;1
202100047376;117 089;32;0;2;2;2;1
202100047376;117 090;7;0;2;3;9;1
202100047377;117 087;32;0;2;2;17;3
202100047377;117 088;7;0;2;3;10;1
202100047378;117 085;50;1;0;1;26;3
202100047378;117 086;38;0;2;7;24;1
202100047379;117 082;7;0;2;1;2;1
202100047379;117 083;7;0;2;4;2;1
202100047379;117 084;7;0;2;6;2;1
202100047380;117 080;7;0;2;1;16;1
202100047380;117 081;7;0;2;5;1;1
202100047381;117 078;7;0;2;1;0;2
202100047381;117 079;7;0;2;5;0;1
202100047382;117 076;7;0;2;4;23;1
202100047382;117 077;30;0;2;1;2;1
202100047383;117 073;10;0;2;6;23;1
202100047383;117 074;7;0;2;7;1;1
202100047383;117 075;33;0;2;3;3;1
202100047384;117 071;7;0;2;1;1;1
202100047384;117 072;17;0;2;5;1;1
202100047385;117 069;7;0;2;3;1;1
202100047385;117 070;10;0;2;2;1;1
202100047386;117 067;80;0;2;7;1;3
202100047386;117 068;10;0;2;8;22;1
202100047387;117 065;7;1;2;2;9;1
202100047387;117 066;43;0;2;3;3;1
202100047388;117 064;7;0;1;3;1;1
202100047389;117 063;10;0;1;3;15;1
202100047390;117 061;7;0;2;5;15;2
202100047390;117 062;33;0;2;3;1;1
202100047391;117 059;7;0;2;5;2;1
202100047391;117 060;34;0;2;3;2;1
202100047392;117 058;1;0;1;1;1;0
202100047393;117 056;50;0;2;7;1;3
202100047393;117 057;10;0;2;1;1;1
202100047394;117 054;10;0;2;8;2;1
202100047394;117 055;33;0;2;7;3;1
202100047395;117 052;43;0;2;7;5;1
202100047395;117 053;7;0;2;3;10;1
202100047396;117 051;1;0;0;0;21;5
202100047397;117 049;7;0;2;3;10;1
202100047397;117 050;30;0;2;1;1;1
202100047398;117 047;32;0;2;1;1;1
202100047398;117 048;7;0;2;3;15;1
202100047399;117 045;34;0;2;5;1;1
202100047399;117 046;7;0;0;1;0;1
202100047400;117 043;7;0;2;7;1;1
202100047400;117 044;1;0;2;8;1;5
202100047401;117 041;33;0;2;4;2;1
202100047401;117 042;7;0;2;1;2;1
202100047402;117 039;30;0;2;4;0;1
202100047402;117 040;7;0;2;1;0;1
202100047403;117 037;7;0;2;3;15;1
202100047403;117 038;33;0;2;1;11;1
202100047404;117 036;7;0;1;6;20;1
202100047405;117 034;7;1;2;0;13;1
202100047405;117 035;7;0;2;1;23;1
202100047406;117 032;34;0;2;1;1;1
202100047406;117 033;7;0;2;5;9;1
202100047407;117 030;33;0;2;1;2;1
202100047407;117 031;10;0;2;1;11;0
202100047408;117 028;32;0;2;1;2;1
202100047408;117 029;7;0;2;6;26;2
202100047409;117 027;32;12;0;7;1;1
202100047410;117 025;30;0;2;1;17;1
202100047410;117 026;10;0;2;8;15;1
202100047411;117 024;10;0;1;4;20;1
202100047412;117 022;32;0;2;2;21;1
202100047412;117 023;7;0;2;4;4;1
202100047413;117 021;7;0;1;1;20;1
202100047414;117 020;1;0;1;1;25;5
202100047415;117 017;31;0;2;1;1;1
202100047415;117 018;7;0;2;0;1;1
202100047415;117 019;7;0;2;0;1;1
202100047416;117 015;31;0;2;8;19;1
202100047416;117 016;31;0;2;1;1;1
202100047417;117 014;33;2;0;1;6;1
202100047418;117 012;33;8;2;1;17;1
202100047418;117 013;7;0;2;3;15;1
202100047419;117 010;7;0;2;1;2;1
202100047419;117 011;17;0;0;4;2;1
202100047420;117 008;7;0;2;1;1;1
202100047420;117 009;7;0;0;8;9;1
202100047421;117 006;31;0;2;8;1;1
202100047421;117 007;33;0;2;1;19;1
202100047422;117 004;7;0;2;3;1;1
202100047422;117 005;2;0;2;1;15;1
202100047423;117 003;7;0;0;9;1;1
202100047424;117 002;2;2;0;1;1;1
202100047425;117 000;7;0;2;3;13;1
202100047425;117 001;7;0;2;8;1;1
202100047426;116 995;21;0;2;3;1;1
202100047426;116 996;7;0;9;9;17;1
202100047427;116 994;7;2;0;1;14;1
202100047428;116 992;1;0;0;0;0;5
202100047428;116 993;7;0;9;1;1;0
202100047429;116 990;7;0;2;1;1;1
202100047429;116 991;7;0;2;8;15;1
202100047430;116 988;99;6;2;4;17;1
202100047430;116 989;99;0;2;0;2;1
202100047431;116 987;7;0;0;9;1;1
202100047432;116 982;7;0;9;1;23;1
202100047432;116 983;33;0;2;1;1;1
202100047433;116 981;7;0;0;9;5;1
202100047434;116 978;7;0;2;1;16;1
202100047434;116 979;1;0;2;6;9;5
202100047435;116 977;7;3;0;3;6;1
202100047436;116 976;7;13;0;1;1;1
202100047437;116 974;7;0;9;8;26;1
202100047437;116 975;50;0;2;1;1;3
202100047438;116 973;7;14;0;5;1;1
202100047439;116 970;7;0;2;4;2;1
202100047439;116 971;7;0;0;4;2;1
202100047439;116 972;7;0;2;1;2;1
202100047440;116 968;10;0;2;1;1;1
202100047440;116 969;7;0;2;1;5;1
202100047441;116 966;7;0;2;2;2;1
202100047441;116 967;7;0;0;4;2;1
202100047442;116 965;7;13;0;3;14;1
202100047443;116 963;36;15;0;3;17;1
202100047443;116 964;2;0;0;8;13;1
202100047444;116 961;7;0;2;2;2;1
202100047444;116 962;7;0;1;3;11;1
202100047445;116 959;7;0;2;2;1;1
202100047445;116 960;50;0;2;8;15;3
202100047446;116 957;7;0;2;1;1;1
202100047446;116 958;7;0;2;7;13;1
202100047447;116 956;7;9;0;1;0;1
202100047448;116 954;31;0;2;3;2;1
202100047448;116 955;7;0;0;5;15;0
202100047449;116 952;7;0;2;4;2;1
202100047449;116 953;2;0;2;1;2;1
202100047450;116 950;7;0;2;2;13;1
202100047450;116 951;7;0;2;3;1;1
202100047451;116 948;10;0;2;8;1;1
202100047451;116 949;14;0;2;1;1;1
202100047452;116 945;2;0;0;8;1;1
202100047453;116 943;7;0;2;1;19;1
202100047453;116 944;33;0;2;8;1;1
202100047454;116 942;7;6;0;1;1;1
202100047455;116 941;33;13;0;0;0;1
202100047456;116 939;7;0;2;4;0;1
202100047456;116 940;7;0;2;1;26;1
202100047457;116 937;15;0;2;2;12;1
202100047457;116 938;7;0;2;6;1;1
202100047458;116 935;7;0;2;2;3;1
202100047458;116 936;7;0;2;6;1;1
202100047459;116 932;7;0;2;4;1;1
202100047459;116 933;7;0;2;4;2;1
202100047459;116 934;7;0;2;1;2;1
202100047460;116 931;33;16;0;8;0;1
202100047461;116 929;43;0;2;1;2;1
202100047461;116 930;7;0;2;4;2;1
202100047462;116 927;7;0;2;4;11;1
202100047462;116 928;33;0;2;1;3;1
202100047463;116 925;7;0;2;4;2;1
202100047463;116 926;7;0;2;1;1;1
202100047464;116 924;7;3;0;3;1;1
202100047465;116 922;43;0;2;1;2;1
202100047465;116 923;7;0;2;6;1;2
202100047466;116 919;43;0;2;1;3;1
202100047466;116 920;10;0;2;7;23;1
202100047466;116 921;7;0;2;7;12;1
202100047467;116 917;2;0;2;1;1;1
202100047467;116 918;7;0;2;4;1;1
202100047468;116 915;2;0;2;1;1;1
202100047468;116 916;7;0;9;2;17;1
202100047469;116 913;7;0;2;1;13;1
202100047469;116 914;7;0;2;1;1;1
202100047470;116 911;7;0;9;8;16;1
202100047470;116 912;2;0;2;8;18;1
202100047471;116 909;7;0;2;2;15;1
202100047471;116 910;50;0;2;1;1;3
202100047472;116 908;7;0;1;4;4;1
202100047473;116 906;7;0;2;7;16;1
202100047473;116 907;2;0;2;1;18;1
202100047474;116 905;33;12;0;8;15;1
202100047475;116 903;30;0;2;1;17;1
202100047475;116 904;7;0;2;8;15;1
202100047476;116 902;7;0;1;3;1;1
202100047477;116 900;7;0;2;3;17;1
202100047477;116 901;7;0;2;3;1;1
202100047478;116 897;7;0;2;2;1;1
202100047478;116 898;7;0;2;1;13;1
202100047478;116 899;7;0;2;3;0;1
202100047479;116 895;10;0;4;2;16;1
202100047479;116 896;39;0;2;3;19;3
202100047480;116 893;7;0;2;2;10;1
202100047480;116 894;33;0;2;1;1;1
202100047481;116 892;10;0;1;7;1;1
202100047482;116 890;7;0;2;1;0;1
202100047482;116 891;7;0;2;2;1;1
202100047483;116 889;7;0;1;4;20;1
202100047484;116 887;1;0;2;1;19;5
202100047484;116 888;7;0;2;2;16;1
202100047485;116 885;7;0;2;1;1;1
202100047485;116 886;7;0;2;4;2;1
202100047486;116 883;7;0;2;3;1;1
202100047486;116 884;7;0;2;1;13;1
202100047487;116 881;7;0;2;1;5;1
202100047487;116 882;7;0;2;5;1;1
202100047488;116 879;7;0;2;4;23;2
202100047488;116 880;2;0;2;1;1;1
202100047489;116 877;34;0;2;1;1;1
202100047489;116 878;7;0;2;5;19;1
202100047490;116 876;30;0;0;3;17;1
202100047491;116 874;7;0;2;2;15;1
202100047491;116 875;7;0;2;1;1;1
202100047492;116 872;32;0;2;6;15;1
202100047492;116 873;7;0;2;1;2;1
202100047493;116 870;7;0;2;2;15;1
202100047493;116 871;1;0;2;2;1;5
202100047494;116 868;10;0;2;1;26;1
202100047494;116 869;2;0;2;1;26;1
202100047495;116 864;7;0;2;3;1;1
202100047495;116 865;7;0;2;6;1;1
202100047495;116 866;7;0;2;8;1;1
202100047495;116 867;7;0;2;1;17;1
202100047496;116 863;33;16;0;8;15;1
202100047497;116 860;7;0;2;1;1;1
202100047497;116 861;7;0;2;1;1;1
202100047497;116 862;7;0;2;9;1;1
202100047498;116 859;7;0;0;0;14;1
202100047499;116 857;7;0;2;2;19;1
202100047499;116 858;1;1;2;1;1;0
202100047500;116 856;7;0;1;1;1;1
202100047501;116 854;33;0;2;1;1;1
202100047501;116 855;7;0;2;1;15;1
202100047502;116 852;7;0;2;5;15;1
202100047502;116 853;43;0;2;1;18;1
202100047503;116 850;7;0;2;2;1;1
202100047503;116 851;99;0;2;4;26;1
202100047504;116 848;34;0;2;1;17;1
202100047504;116 849;10;0;2;4;15;1
202100047505;116 847;7;0;1;2;20;1
202100047506;116 845;10;0;2;4;26;1
202100047506;116 846;21;0;2;7;0;0
202100047507;116 843;30;0;2;7;15;1
202100047507;116 844;7;0;2;2;1;0
202100047508;116 841;7;0;2;7;19;1
202100047508;116 842;7;0;2;3;1;1
202100047509;116 839;7;0;2;7;14;1
202100047509;116 840;30;0;2;8;1;1
202100047510;116 837;7;0;2;1;1;1
202100047510;116 838;7;0;2;4;23;0
202100047511;116 836;10;0;1;3;1;1
202100047512;116 834;1;0;2;8;19;5
202100047512;116 835;34;0;2;1;1;1
202100047513;116 832;7;0;2;4;1;1
202100047513;116 833;1;0;2;1;2;5
202100047514;116 831;10;0;1;2;26;1
202100047515;116 830;7;0;1;5;1;1
202100047516;116 828;7;0;2;8;9;1
202100047516;116 829;32;0;2;8;1;1
202100047517;116 827;10;0;1;2;1;1
202100047518;116 825;7;0;2;4;2;1
202100047518;116 826;7;8;2;1;2;1
202100047519;116 824;33;0;0;8;3;1
202100047520;116 823;7;0;1;2;1;1
202100047521;116 821;2;0;2;0;17;3
202100047521;116 822;7;0;2;3;15;1
202100047522;116 820;7;0;1;5;1;1
202100047523;116 818;7;0;2;5;12;1
202100047523;116 819;33;0;2;1;1;1
202100047524;116 817;7;0;1;3;15;1
202100047525;116 815;1;0;2;1;1;5
202100047525;116 816;7;0;2;3;22;1
202100047526;116 813;2;0;2;1;1;1
202100047526;116 814;7;0;2;3;22;2
202100047527;116 811;10;0;2;3;10;1
202100047527;116 812;33;0;2;2;1;1
202100047528;116 809;7;0;2;1;15;1
202100047528;116 810;33;0;2;8;1;1
202100047529;116 807;10;0;2;2;1;1
202100047529;116 808;7;0;2;3;11;1
202100047530;116 805;7;0;2;7;16;2
202100047530;116 806;1;0;2;1;1;5
202100047531;116 803;33;0;2;1;15;1
202100047531;116 804;1;0;2;3;1;5
202100047532;116 801;34;0;2;1;1;1
202100047532;116 802;7;0;2;2;16;1
202100047533;116 799;10;0;2;2;16;1
202100047533;116 800;30;0;2;8;18;1
202100047534;116 798;10;0;1;1;1;3
202100047535;116 797;33;0;1;1;1;1
202100047536;116 795;50;0;2;1;2;3
202100047536;116 796;1;0;2;1;5;5
202100047537;116 793;32;0;2;4;17;1
202100047537;116 794;10;0;2;3;15;1
202100047538;116 792;10;0;1;2;10;0
202100047539;116 791;14;0;1;7;16;1
202100047540;116 789;7;7;2;1;1;2
202100047540;116 790;7;0;2;2;15;1
202100047541;116 787;2;0;0;2;1;1
202100047541;116 788;3;0;2;0;15;0
202100047542;116 785;7;0;2;1;15;0
202100047542;116 786;30;0;2;3;1;1
202100047543;116 783;7;0;2;3;15;2
202100047543;116 784;7;1;2;5;1;0
202100047544;116 782;34;0;1;2;21;1
202100047545;116 781;1;0;0;0;1;5
202100047546;116 779;1;0;2;3;19;0
202100047546;116 780;60;0;2;1;1;5
202100047547;116 777;7;0;2;7;13;1
202100047547;116 778;17;0;2;1;1;1
202100047548;116 776;7;13;0;1;2;1
202100047549;116 775;7;2;0;9;21;1
202100047550;116 774;7;2;0;3;1;1
202100047551;116 773;7;2;0;1;1;1
202100047552;116 768;7;0;2;1;17;1
202100047552;116 769;7;0;2;3;1;1
202100047552;116 770;7;0;2;1;1;1
202100047553;116 767;33;6;0;0;1;1
202100047554;116 765;7;0;2;1;5;1
202100047554;116 766;33;0;2;3;1;1
202100047555;116 764;7;16;0;2;1;1
202100047556;116 762;7;13;0;3;13;1
202100047557;116 761;7;0;1;3;1;1
202100047558;116 758;7;0;0;4;23;1
202100047558;116 759;7;0;2;4;23;1
202100047558;116 760;7;0;2;1;1;1
202100047559;116 757;7;13;0;1;1;1
202100047560;116 754;7;0;2;1;2;1
202100047560;116 755;7;15;2;4;1;1
202100047560;116 756;7;0;2;1;1;1
202100047561;116 752;2;0;2;1;1;1
202100047561;116 753;7;0;2;3;1;1
202100047562;116 750;7;0;2;8;19;1
202100047562;116 751;33;0;2;1;1;1
202100047563;116 748;7;0;2;1;1;1
202100047563;116 749;14;0;2;1;1;1
202100047564;116 747;7;7;0;3;26;1
202100047565;116 746;7;0;5;1;1;1
202100047566;116 744;7;0;2;1;17;1
202100047566;116 745;7;0;2;1;1;1
202100047567;116 742;7;0;2;1;1;1
202100047567;116 743;2;0;1;1;17;1
202100047568;116 741;15;6;0;2;1;1
202100047569;116 739;7;0;2;6;11;1
202100047569;116 740;7;0;2;2;1;1
202100047570;116 737;10;0;2;2;24;1
202100047570;116 738;10;1;1;3;13;1
202100047571;116 734;7;0;0;4;1;1
202100047571;116 735;7;0;0;1;1;1
202100047571;116 736;7;0;0;4;1;1
202100047572;116 732;33;0;2;1;17;1
202100047572;116 733;7;0;2;3;13;1
202100047573;116 728;10;0;0;3;15;1
202100047573;116 729;2;0;0;1;0;1
202100047574;116 726;2;0;2;7;0;1
202100047574;116 727;7;0;2;0;0;1
202100047575;116 724;7;6;0;1;1;1
202100047576;116 722;7;0;2;3;1;1
202100047576;116 723;33;0;2;1;13;1
202100047577;116 720;13;0;2;1;1;1
202100047577;116 721;14;0;2;1;1;1
202100047578;116 718;7;0;2;3;1;1
202100047578;116 719;7;0;2;3;13;1
202100047579;116 717;7;13;0;2;1;1
202100047580;116 716;10;0;1;4;4;1
202100047581;116 713;7;0;2;3;17;1
202100047581;116 714;37;0;2;8;1;1
202100047581;116 715;7;0;2;3;1;1
202100047582;116 711;7;0;2;4;1;1
202100047582;116 712;7;0;2;1;11;1
202100047583;116 709;7;0;2;4;1;1
202100047583;116 710;7;0;2;1;2;1
202100047584;116 707;7;0;2;7;17;1
202100047584;116 708;37;0;2;8;1;1
202100047585;116 705;7;0;2;4;1;1
202100047585;116 706;7;0;2;3;12;1
202100047586;116 702;7;0;2;4;23;1
202100047586;116 703;7;0;2;4;23;1
202100047586;116 704;7;0;2;1;2;1
202100047587;116 700;7;0;2;2;1;3
202100047587;116 701;7;0;2;1;1;1
202100047588;116 697;33;0;2;9;3;1
202100047588;116 698;7;0;2;7;12;1
202100047588;116 699;10;0;2;6;1;1
202100047589;116 693;7;0;2;4;2;1
202100047589;116 694;7;0;2;4;2;1
202100047589;116 695;7;0;2;4;2;1
202100047589;116 696;10;0;2;1;2;1
202100047590;116 690;15;0;0;0;0;1
202100047590;116 691;7;0;2;0;1;1
202100047590;116 692;7;0;2;7;1;1
202100047591;116 689;7;0;0;1;2;1
202100047592;116 688;7;4;0;1;2;1
202100047593;116 686;7;0;2;1;2;1
202100047593;116 687;7;0;2;4;23;1
202100047594;116 682;7;0;2;1;12;1
202100047594;116 683;7;0;2;9;12;1
202100047594;116 684;15;0;2;4;1;1
202100047594;116 685;7;0;2;9;1;2
202100047595;116 680;7;0;2;1;1;1
202100047595;116 681;7;0;2;4;1;1
202100047596;116 676;7;0;2;6;15;1
202100047596;116 677;7;0;2;3;1;1
202100047597;116 674;7;0;2;2;1;1
202100047597;116 675;30;0;2;1;13;1
202100047598;116 672;50;0;2;8;1;3
202100047598;116 673;7;0;2;1;15;1
202100047599;116 671;7;0;1;3;1;1
202100047600;116 669;7;0;2;1;1;1
202100047600;116 670;7;0;2;7;10;1
202100047601;116 667;7;8;2;1;1;1
202100047601;116 668;7;0;2;6;1;1
202100047602;116 665;30;1;0;1;2;1
202100047602;116 666;7;1;0;4;20;1
202100047603;116 663;7;0;2;3;10;1
202100047603;116 664;2;0;2;2;17;1
202100047604;116 662;7;12;9;1;14;1
202100047605;116 660;7;0;2;1;17;1
202100047605;116 661;7;0;2;1;26;1
202100047606;116 658;7;0;2;3;1;1
202100047606;116 659;10;0;2;8;15;1
202100047607;116 656;7;0;2;1;1;1
202100047607;116 657;7;0;2;8;1;1
202100047608;116 654;7;0;2;7;15;1
202100047608;116 655;30;0;2;2;1;1
202100047609;116 653;80;0;0;0;0;3
202100047610;116 652;1;0;0;8;1;5
202100047611;116 650;7;0;2;1;1;1
202100047611;116 651;7;0;2;1;15;1
202100047612;116 649;7;0;1;1;16;1
202100047613;116 647;7;0;2;1;1;1
202100047613;116 648;7;0;2;1;15;1
202100047614;116 645;31;0;2;3;17;1
202100047614;116 646;7;0;2;8;15;1
202100047615;116 642;10;0;2;8;19;1
202100047615;116 643;7;0;2;1;13;1
202100047616;116 641;7;0;1;2;1;1
202100047617;116 639;7;0;2;7;1;1
202100047617;116 640;7;0;2;1;9;1
202100047618;116 637;7;0;2;1;1;1
202100047618;116 638;7;0;2;7;15;1
202100047619;116 636;30;0;1;1;17;1
202100047620;116 635;7;0;1;2;15;1
202100047621;116 633;7;0;2;8;15;1
202100047621;116 634;2;0;2;1;17;1
202100047622;116 631;33;0;2;7;15;1
202100047622;116 632;99;0;2;1;15;0
202100047623;116 629;50;0;2;8;1;3
202100047623;116 630;7;0;2;1;16;1
202100047624;116 627;7;0;2;1;1;1
202100047624;116 628;7;0;2;2;15;1
202100047625;116 626;7;0;1;2;1;1
202100047626;116 624;30;0;2;;;
202100047626;116 625;7;0;2;3;1;1
202100047627;116 623;7;0;1;8;1;1
202100047628;116 619;7;0;2;3;0;1
202100047628;116 620;7;0;2;2;12;0
202100047628;116 621;32;0;2;3;9;1
202100047628;116 622;7;0;2;4;0;1
202100047629;116 617;10;0;2;3;9;1
202100047629;116 618;1;0;2;1;1;5
202100047630;116 615;7;0;2;3;1;1
202100047630;116 616;1;0;2;1;1;5
202100047631;116 614;7;0;1;3;14;1
202100047632;116 612;7;0;2;3;1;1
202100047632;116 613;7;0;2;1;13;1
202100047633;116 611;7;0;1;1;1;1
202100047634;116 609;7;13;0;0;1;1
202100047635;116 607;7;0;2;1;1;1
202100047635;116 608;7;0;2;4;1;1
202100047636;116 606;0;0;0;0;26;0
202100047637;116 604;30;0;2;1;17;1
202100047637;116 605;7;0;2;8;15;1
202100047638;116 602;7;0;2;5;16;1
202100047638;116 603;3;0;2;3;1;1
202100047639;116 600;7;0;2;6;13;1
202100047639;116 601;7;0;2;3;26;1
202100047640;116 598;33;0;2;8;11;1
202100047640;116 599;7;0;2;7;1;1
202100047641;116 597;32;0;1;1;1;1
202100047642;116 596;1;0;0;0;0;5
202100047643;116 593;7;0;0;6;1;1
202100047643;116 594;7;0;2;9;1;1
202100047643;116 595;7;0;2;1;1;1
202100047644;116 591;7;0;2;2;10;1
202100047644;116 592;34;0;2;1;1;1
202100047645;116 589;7;0;2;2;15;1
202100047645;116 590;33;0;2;1;1;1
202100047646;116 587;43;0;2;1;3;1
202100047646;116 588;7;0;2;5;12;3
202100047647;116 585;7;0;2;4;1;1
202100047647;116 586;7;0;2;1;1;1
202100047648;116 583;17;0;2;6;13;1
202100047648;116 584;33;0;2;7;3;1
202100047649;116 581;10;0;2;5;15;1
202100047649;116 582;33;0;2;8;1;1
202100047650;116 580;7;0;1;1;15;1
202100047651;116 578;7;0;2;8;10;1
202100047651;116 579;33;0;2;2;17;1
202100047652;116 577;1;0;0;3;15;5
202100047653;116 575;1;0;2;5;1;5