Num_Acc;id_vehicule;categorie_vehicule;obstacle_fixe;obstacle_mobile;point_choc_initial;manoeuvre_principale;motorisation
202100047653;116 576;7;0;2;7;14;1
202100047654;116 573;33;0;2;0;23;1
202100047654;116 574;7;0;2;2;1;1
202100047655;116 571;7;1;2;2;1;1
202100047655;116 572;7;1;2;3;1;2
202100047656;116 569;7;0;2;5;1;1
202100047656;116 570;1;0;2;5;2;0
202100047657;116 567;10;0;2;1;15;1
202100047657;116 568;31;0;2;8;1;1
202100047658;116 564;7;0;2;0;0;1
202100047658;116 565;7;0;2;1;15;1
202100047658;116 566;7;0;2;1;2;1
202100047659;116 562;7;1;2;1;20;1
202100047659;116 563;34;1;2;1;1;1
202100047660;116 560;7;0;2;1;10;1
202100047660;116 561;1;0;2;1;13;5
202100047661;116 558;7;0;2;3;1;1
202100047661;116 559;7;0;2;3;15;1
202100047662;116 556;30;0;2;7;26;1
202100047662;116 557;13;0;2;1;16;1
202100047663;116 554;7;0;2;6;9;1
202100047663;116 555;34;0;2;8;1;1
202100047664;116 552;32;0;2;0;9;0
202100047664;116 553;31;0;2;0;9;1
202100047665;116 550;30;0;2;0;0;1
202100047665;116 551;10;0;2;3;10;1
202100047666;116 549;7;0;1;1;16;1
202100047667;116 547;33;0;2;2;1;1
202100047667;116 548;1;0;2;3;11;6
202100047668;116 546;7;0;1;1;9;1
202100047669;116 545;10;0;1;4;4;1
202100047670;116 544;33;0;0;0;1;1
202100047671;116 542;10;0;9;8;1;1
202100047671;116 543;15;0;1;0;1;1
202100047672;116 539;17;3;0;2;1;1
202100047673;116 537;7;0;2;3;15;1
202100047673;116 538;2;0;2;1;3;1
202100047674;116 536;7;13;0;0;13;1
202100047675;116 534;7;6;2;2;17;1
202100047675;116 535;32;0;2;1;1;1
202100047676;116 533;7;0;0;6;4;1
202100047677;116 531;33;0;0;1;23;1
202100047677;116 532;7;0;2;3;17;1
202100047678;116 530;7;17;0;1;1;2
202100047679;116 529;10;13;0;2;1;1
202100047680;116 527;2;0;0;1;1;1
202100047680;116 528;7;0;0;5;23;1
202100047681;116 525;10;0;2;3;1;1
202100047681;116 526;7;0;2;3;13;1
202100047682;116 524;7;2;0;2;21;1
202100047683;116 523;7;0;1;1;15;1
202100047684;116 520;7;0;2;3;2;1
202100047684;116 521;7;0;2;6;2;6
202100047684;116 522;7;0;2;1;13;1
202100047685;116 519;7;13;0;1;1;1
202100047686;116 517;7;0;2;3;1;1
202100047686;116 518;50;0;2;2;19;3
202100047687;116 515;10;0;2;6;4;1
202100047687;116 516;7;0;0;2;23;1
202100047688;116 514;7;16;0;1;26;1
202100047689;116 513;7;6;0;2;0;0
202100047690;116 511;1;0;2;0;26;5
202100047690;116 512;1;0;2;0;1;5
202100047691;116 510;32;14;0;1;14;1
202100047692;116 507;7;3;2;6;9;1
202100047692;116 508;14;0;2;2;1;1
202100047692;116 509;34;0;2;7;17;1
202100047693;116 506;7;0;0;1;13;1
202100047694;116 502;15;0;2;4;23;1
202100047694;116 503;10;0;2;1;1;1
202100047694;116 504;10;1;2;1;1;1
202100047694;116 505;7;0;2;1;1;1
202100047695;116 499;7;0;2;4;1;1
202100047695;116 500;10;0;2;4;1;1
202100047695;116 501;10;0;2;1;1;1
202100047696;116 496;7;0;2;4;1;1
202100047696;116 497;7;0;2;1;1;1
202100047696;116 498;7;0;2;4;1;1
202100047697;116 493;7;0;2;3;1;0
202100047697;116 494;7;0;2;4;1;0
202100047697;116 495;33;0;2;1;1;0
202100047698;116 491;7;0;2;4;0;1
202100047698;116 492;10;0;2;1;2;1
202100047699;116 487;17;0;2;1;11;1
202100047699;116 488;7;0;2;0;2;1
202100047699;116 489;7;0;2;1;2;1
202100047699;116 490;10;0;2;1;2;1
202100047700;116 485;7;0;2;7;2;1
202100047700;116 486;7;0;2;7;1;1
202100047701;116 483;7;0;2;5;2;2
202100047701;116 484;10;0;2;3;1;1
202100047702;116 480;7;0;2;4;2;1
202100047702;116 481;33;0;2;1;3;1
202100047702;116 482;10;0;2;2;12;1
202100047703;116 478;7;0;2;2;2;1
202100047703;116 479;32;0;2;8;0;1
202100047704;116 476;1;0;2;4;13;5
202100047704;116 477;10;0;2;1;2;1
202100047705;116 475;7;0;1;1;1;1
202100047706;116 473;7;0;9;7;2;6
202100047706;116 474;2;0;2;1;26;6
202100047707;116 471;2;0;2;7;1;1
202100047707;116 472;7;0;2;1;15;2
202100047708;116 469;10;0;2;8;15;1
202100047708;116 470;2;0;2;1;3;1
202100047709;116 467;1;0;2;3;1;5
202100047709;116 468;7;0;2;2;9;0
202100047710;116 465;7;0;2;2;15;1
202100047710;116 466;32;0;2;1;1;1
202100047711;116 463;7;0;2;0;1;1
202100047711;116 464;1;0;2;0;7;0
202100047712;116 461;10;0;2;3;15;1
202100047712;116 462;43;0;2;2;17;1
202100047713;116 459;7;2;2;9;17;1
202100047713;116 460;14;0;2;3;15;1
202100047714;116 457;7;0;2;7;15;1
202100047714;116 458;33;0;2;1;1;1
202100047715;116 456;7;1;0;2;1;1
202100047716;116 454;2;0;2;1;2;1
202100047716;116 455;7;0;2;4;2;1
202100047717;116 452;3;0;0;4;23;1
202100047717;116 453;7;0;2;1;16;1
202100047718;116 450;7;0;2;0;1;1
202100047718;116 451;7;0;2;0;0;1
202100047719;116 448;7;0;2;1;1;1
202100047719;116 449;1;0;2;1;15;5
202100047720;116 447;7;0;1;2;2;1
202100047721;116 446;7;0;1;2;16;1
202100047722;116 444;10;0;2;1;2;0
202100047722;116 445;7;0;2;6;2;1
202100047723;116 443;10;0;1;1;1;1
202100047724;116 441;1;0;2;1;1;5
202100047724;116 442;7;0;2;7;16;1
202100047725;116 439;30;0;2;1;2;1
202100047725;116 440;7;0;2;4;2;1
202100047726;116 437;1;0;2;4;2;5
202100047726;116 438;7;0;2;2;9;1
202100047727;116 435;7;0;2;2;15;1
202100047727;116 436;7;0;2;1;1;1
202100047728;116 434;7;0;1;1;1;1
202100047729;116 432;32;0;2;1;17;1
202100047729;116 433;10;0;2;8;23;1
202100047730;116 430;7;0;2;2;15;1
202100047730;116 431;7;0;2;1;1;1
202100047731;116 429;7;0;1;2;14;1
202100047732;116 428;30;0;0;3;26;1
202100047733;116 426;7;0;2;1;1;1
202100047733;116 427;10;0;2;8;13;1
202100047734;116 424;43;0;2;3;1;1
202100047734;116 425;10;0;2;1;19;1
202100047735;116 423;33;0;0;8;1;1
202100047736;116 422;7;6;0;1;19;1
202100047737;116 420;7;0;2;3;15;1
202100047737;116 421;80;0;2;1;0;3
202100047738;116 418;7;0;2;1;9;1
202100047738;116 419;1;0;0;0;0;5
202100047739;116 417;7;0;1;3;1;1
202100047740;116 415;7;0;2;1;1;1
202100047740;116 416;7;0;2;7;1;1
202100047741;116 413;7;0;1;2;1;1
202100047741;116 414;1;0;0;0;0;5
202100047742;116 411;7;0;2;4;1;1
202100047742;116 412;7;0;2;1;2;1
202100047743;116 409;1;0;2;1;1;5
202100047743;116 410;7;0;2;7;16;1
202100047744;116 408;7;4;0;1;1;1
202100047745;116 406;7;0;2;3;9;1
202100047745;116 407;33;0;2;7;1;1
202100047746;116 405;7;15;0;1;14;1
202100047747;116 404;7;0;1;1;1;1
202100047748;116 402;32;0;2;1;1;1
202100047748;116 403;7;0;2;5;15;1
202100047749;116 398;32;0;2;0;1;1
202100047749;116 399;30;0;2;0;0;1
202100047750;116 396;7;0;2;1;2;1
202100047750;116 397;7;0;2;4;2;1
202100047751;116 393;7;0;2;1;1;1
202100047751;116 394;7;0;2;4;1;1
202100047751;116 395;7;0;2;4;1;1
202100047752;116 392;7;0;1;3;1;0
202100047753;116 389;33;0;2;1;1;1
202100047753;116 390;10;0;2;7;10;1
202100047754;116 387;7;0;2;4;9;1
202100047754;116 388;7;0;2;1;2;1
202100047755;116 386;7;0;1;1;0;1
202100047756;116 384;7;3;2;2;2;1
202100047756;116 385;7;3;2;8;11;1
202100047757;116 382;7;0;2;6;15;1
202100047757;116 383;2;0;2;1;1;1
202100047758;116 380;30;0;2;1;17;1
202100047758;116 381;7;0;2;4;1;1
202100047759;116 379;1;0;1;0;0;5
202100047760;116 377;7;0;2;1;1;1
202100047760;116 378;7;0;2;7;1;1
202100047761;116 375;7;0;2;1;1;0
202100047761;116 376;7;1;2;7;1;1
202100047762;116 373;15;0;2;3;1;0
202100047762;116 374;7;0;2;4;19;1
202100047763;116 371;7;0;2;2;11;1
202100047763;116 372;10;0;2;6;11;1
202100047764;116 368;7;0;2;6;1;1
202100047764;116 369;33;0;2;1;1;1
202100047765;116 367;10;0;1;1;1;1
202100047766;116 365;10;0;2;1;2;1
202100047766;116 366;7;0;2;8;10;1
202100047767;116 364;7;0;1;2;16;1
202100047768;116 362;2;0;2;1;1;1
202100047768;116 363;7;0;2;3;16;1
202100047769;116 361;7;1;0;1;14;0
202100047770;116 360;1;0;0;0;0;5
202100047771;116 359;7;8;0;2;1;1
202100047772;116 358;7;0;1;3;1;1
202100047773;116 356;7;0;2;1;15;1
202100047773;116 357;7;0;2;1;1;1
202100047774;116 355;7;9;0;1;1;1
202100047775;116 353;30;0;2;1;1;1
202100047775;116 354;7;0;2;3;15;1
202100047776;116 352;32;0;2;1;1;1
202100047777;116 351;7;0;1;2;1;1
202100047778;116 348;14;0;2;2;1;1
202100047778;116 349;7;0;2;0;0;1
202100047778;116 350;3;0;2;3;15;1
202100047779;116 346;7;0;2;1;16;1
202100047779;116 347;1;0;2;2;1;5
202100047780;116 344;7;0;2;0;21;1
202100047780;116 345;2;0;2;0;25;1
202100047781;116 342;7;0;2;3;15;1
202100047781;116 343;2;0;2;1;1;1
202100047782;116 340;7;0;2;1;1;1
202100047782;116 341;7;0;2;4;1;1
202100047783;116 338;7;0;2;2;1;1
202100047783;116 339;7;0;2;1;1;1
202100047784;116 336;2;0;2;1;1;1
202100047784;116 337;7;0;2;3;9;1
202100047785;116 334;7;0;2;1;1;1
202100047785;116 335;7;0;2;4;2;1
202100047786;116 333;7;0;1;2;0;1
202100047787;116 331;7;0;2;1;15;1
202100047787;116 332;14;0;2;3;1;1
202100047788;116 330;30;14;0;1;13;3
202100047789;116 328;7;0;9;2;16;1
202100047789;116 329;50;0;2;1;26;3
202100047790;116 327;7;0;1;6;26;1
202100047791;116 325;7;0;2;1;1;1
202100047791;116 326;33;0;2;2;1;1
202100047792;116 324;33;0;0;0;14;1
202100047793;116 323;7;0;1;2;1;1
202100047794;116 322;17;0;1;4;20;1
202100047795;116 321;7;0;1;1;15;1
202100047796;116 319;7;0;2;7;15;1
202100047796;116 320;7;0;2;1;1;1
202100047797;116 318;1;12;0;0;0;5
202100047798;116 316;31;0;2;7;1;1
202100047798;116 317;10;0;2;2;19;1
202100047799;116 314;7;0;2;1;1;1
202100047799;116 315;7;0;2;1;15;1
202100047800;116 312;7;0;2;3;24;1
202100047800;116 313;7;1;0;2;1;1
202100047801;116 311;10;0;1;8;17;1
202100047802;116 309;7;0;2;0;2;1
202100047802;116 310;7;0;2;2;2;1
202100047803;116 308;30;0;1;1;1;1
202100047804;116 306;1;0;2;8;1;0
202100047804;116 307;7;0;2;2;15;1
202100047805;116 303;7;0;2;1;24;1
202100047805;116 304;7;0;2;1;1;1
202100047805;116 305;7;0;2;2;15;1
202100047806;116 301;7;0;2;2;9;1
202100047806;116 302;2;0;2;7;1;1
202100047807;116 300;7;0;1;7;1;1
202100047808;116 298;10;0;2;1;1;1
202100047808;116 299;7;0;2;4;1;1
202100047809;116 296;7;0;2;2;1;1
202100047809;116 297;30;0;2;0;5;1
202100047810;116 295;7;0;1;4;4;1
202100047811;116 293;7;1;2;6;9;1
202100047811;116 294;10;1;2;1;17;0
202100047812;116 291;32;0;2;1;1;1
202100047812;116 292;7;0;2;3;15;1
202100047813;116 289;43;0;2;1;1;1
202100047813;116 290;7;0;2;3;15;1
202100047814;116 287;7;0;2;3;1;1
202100047814;116 288;7;0;2;3;13;1
202100047815;116 286;7;2;0;1;14;1
202100047816;116 284;7;0;2;1;1;0
202100047816;116 285;7;0;2;1;1;1
202100047817;116 282;43;0;2;1;1;1
202100047817;116 283;7;0;2;2;15;1
202100047818;116 281;7;0;1;3;1;1
202100047819;116 279;7;0;2;3;15;1
202100047819;116 280;2;0;2;1;15;1
202100047820;116 277;7;0;2;3;15;1
202100047820;116 278;43;0;2;1;17;1
202100047821;116 276;7;0;1;2;2;1
202100047822;116 274;30;1;2;1;18;1
202100047822;116 275;7;0;2;1;20;0
202100047823;116 271;7;0;2;3;1;1
202100047823;116 272;7;0;2;6;16;1
202100047823;116 273;30;0;2;1;17;1
202100047824;116 269;10;0;2;1;2;1
202100047824;116 270;7;0;2;4;23;1
202100047825;116 267;33;0;2;1;1;1
202100047825;116 268;7;0;2;6;11;1
202100047826;116 266;7;0;1;3;15;1
202100047827;116 265;30;0;0;0;1;1
202100047828;116 263;7;0;2;1;1;1
202100047828;116 264;43;0;2;8;9;1
202100047829;116 262;10;0;1;1;15;1
202100047830;116 260;32;0;2;1;1;1
202100047830;116 261;7;0;2;5;10;1
202100047831;116 259;7;0;1;2;1;1
202100047832;116 258;33;0;1;1;1;1
202100047833;116 257;60;12;0;1;14;5
202100047834;116 255;7;14;2;6;17;1
202100047834;116 256;7;1;2;1;15;1
202100047835;116 253;7;0;2;4;2;1
202100047835;116 254;7;0;2;1;2;0
202100047836;116 252;32;0;1;1;13;0
202100047837;116 250;30;0;2;1;0;1
202100047837;116 251;10;0;2;4;26;1
202100047838;116 249;7;0;1;1;15;1
202100047839;116 248;0;0;1;7;0;1
202100047840;116 246;7;0;2;8;1;1
202100047840;116 247;30;0;2;2;3;1
202100047841;116 244;7;0;2;8;15;1
202100047841;116 245;10;0;2;2;1;1
202100047842;116 242;7;0;2;1;23;1
202100047842;116 243;7;0;2;3;1;1
202100047843;116 240;33;0;2;1;1;1
202100047843;116 241;7;0;2;2;15;1
202100047844;116 238;1;0;2;1;1;5
202100047844;116 239;7;0;9;7;1;1
202100047845;116 236;80;0;2;1;1;3
202100047845;116 237;7;0;2;3;15;1
202100047846;116 234;30;0;2;7;17;1
202100047846;116 235;7;0;2;8;15;1
202100047847;116 232;33;0;2;1;1;1
202100047847;116 233;7;0;2;5;10;1
202100047848;116 230;2;0;2;1;2;1
202100047848;116 231;33;0;2;4;1;1
202100047849;116 228;7;0;2;3;9;1
202100047849;116 229;50;0;2;2;9;3
202100047850;116 227;7;0;1;1;9;1
202100047851;116 225;99;0;2;1;19;0
202100047851;116 226;7;0;2;1;1;1
202100047852;116 224;7;10;0;2;6;1
202100047853;116 223;31;0;0;0;2;1
202100047854;116 220;7;0;2;3;1;1
202100047854;116 221;7;0;2;1;1;1
202100047854;116 222;7;0;2;1;5;1
202100047855;116 219;2;1;0;1;1;1
202100047856;116 218;31;0;0;0;21;1
202100047857;116 216;7;0;2;1;1;1
202100047857;116 217;7;0;2;7;19;1
202100047858;116 214;7;0;2;2;11;1
202100047858;116 215;7;0;2;2;1;1
202100047859;116 213;32;0;0;0;1;1
202100047860;116 211;7;15;0;8;1;1
202100047860;116 212;7;0;2;7;1;1
202100047861;116 210;7;0;0;9;1;1
202100047862;116 208;7;0;2;1;13;1
202100047862;116 209;10;0;2;1;1;1
202100047863;116 206;7;0;0;6;0;1
202100047863;116 207;33;0;2;1;0;1
202100047864;116 204;34;0;2;8;1;1
202100047864;116 205;10;0;2;6;9;1
202100047865;116 202;10;0;2;3;13;1
202100047865;116 203;37;0;2;3;26;1
202100047866;116 200;7;0;2;1;1;1
202100047866;116 201;7;0;2;3;5;1
202100047867;116 199;7;0;1;7;1;1
202100047868;116 197;14;0;2;1;1;1
202100047868;116 198;7;0;2;1;0;1
202100047869;116 195;1;0;2;1;1;5
202100047869;116 196;1;0;2;4;1;5
202100047870;116 193;1;0;2;1;1;5
202100047870;116 194;7;0;0;7;15;1
202100047871;116 190;15;0;0;0;1;0
202100047871;116 191;7;0;9;1;1;0
202100047871;116 192;7;0;9;6;1;1
202100047872;116 170;7;0;0;0;17;1
202100047872;116 171;7;3;9;3;13;1
202100047872;116 172;1;0;2;0;1;5
202100047872;116 173;1;0;9;0;1;5
202100047872;116 174;1;0;9;0;1;5
202100047872;116 175;1;0;9;0;1;5
202100047872;116 176;1;0;0;0;1;5
202100047872;116 177;1;0;9;0;1;5
202100047872;116 178;1;0;0;0;1;5
202100047872;116 179;1;0;0;0;1;5
202100047872;116 180;1;0;0;0;1;5
202100047872;116 181;1;0;0;0;1;5
202100047872;116 182;1;0;2;0;1;5
202100047872;116 183;1;0;2;0;1;5
202100047872;116 184;1;0;2;0;1;5
202100047872;116 185;1;0;2;0;1;5
202100047872;116 186;1;0;2;1;1;5
202100047872;116 187;1;0;2;1;0;5
202100047872;116 188;1;0;2;1;0;5
202100047872;116 189;1;0;9;0;1;5
202100047873;116 169;7;1;0;1;2;1
202100047874;116 167;7;0;2;2;0;1
202100047874;116 168;7;0;2;2;13;1
202100047875;116 166;33;0;0;8;1;1
202100047876;116 164;7;3;2;2;17;1
202100047876;116 165;7;0;2;2;1;1
202100047877;116 162;2;0;2;3;1;1
202100047877;116 163;7;0;2;2;15;1
202100047878;116 161;7;2;0;1;14;1
202100047879;116 160;33;8;0;1;1;1
202100047880;116 158;7;7;2;3;2;1
202100047880;116 159;7;7;2;2;2;1
202100047881;116 156;2;0;2;1;13;1
202100047881;116 157;7;0;2;3;1;1
202100047882;116 154;34;0;0;2;2;1
202100047882;116 155;7;0;2;1;9;1
202100047883;116 149;7;0;2;1;13;1
202100047883;116 150;7;0;2;1;1;1
202100047884;116 147;10;0;2;4;1;1
202100047884;116 148;7;0;2;1;2;1
202100047885;116 146;31;14;0;3;1;1
202100047886;116 143;43;0;0;0;26;1
202100047886;116 144;7;0;0;0;0;1
202100047886;116 145;7;0;0;0;0;1
202100047887;116 142;7;4;0;1;14;1
202100047888;116 140;7;0;2;8;11;1
202100047888;116 141;15;0;2;2;1;1
202100047889;116 137;10;0;2;1;2;1
202100047889;116 138;34;0;2;1;2;1
202100047889;116 139;7;0;2;4;2;1
202100047890;116 135;7;0;2;1;1;1
202100047890;116 136;7;0;2;4;2;1
202100047891;116 134;7;3;0;1;13;1
202100047892;116 132;7;0;2;2;17;1
202100047892;116 133;7;0;2;3;26;1
202100047893;116 128;7;0;2;3;2;1
202100047893;116 129;33;0;2;1;2;1
202100047893;116 130;7;0;2;6;13;2
202100047893;116 131;14;0;2;2;2;1
202100047894;116 125;31;0;1;7;1;1
202100047895;116 124;30;0;1;1;1;1
202100047896;116 122;7;0;2;5;1;1
202100047896;116 123;7;0;2;1;1;1
202100047897;116 120;2;0;2;1;2;1
202100047897;116 121;7;0;2;4;15;1
202100047898;116 118;7;0;2;7;16;1
202100047898;116 119;2;0;2;1;9;1
202100047899;116 115;7;1;0;1;1;1
202100047899;116 116;7;1;2;4;0;1
202100047899;116 117;7;0;2;0;0;1
202100047900;116 113;13;0;2;1;1;1
202100047900;116 114;7;0;2;3;16;1
202100047901;116 112;7;8;0;1;1;1
202100047902;116 111;7;8;0;3;17;1
202100047903;116 110;7;4;0;1;13;1
202100047904;116 108;7;0;2;3;1;1
202100047904;116 109;7;0;2;6;19;0
202100047905;116 106;7;0;2;3;9;1
202100047905;116 107;33;0;2;7;2;1
202100047906;116 105;2;0;0;0;0;1
202100047907;116 103;7;0;2;1;1;1
202100047907;116 104;7;0;2;4;9;1
202100047908;116 101;7;0;2;4;23;0
202100047908;116 102;7;0;2;1;1;1
202100047909;116 098;7;0;9;3;23;1
202100047909;116 099;7;0;2;3;15;1
202100047909;116 100;34;14;2;1;1;1
202100047910;116 097;7;0;1;2;1;1
202100047911;116 096;7;0;1;4;4;1
202100047912;116 095;7;0;1;1;15;1
202100047913;116 093;7;0;2;2;17;1
202100047913;116 094;15;0;2;3;1;1
202100047914;116 087;7;0;2;1;2;1
202100047914;116 088;7;0;2;4;2;1
202100047914;116 089;7;0;2;4;2;1
202100047914;116 090;7;0;2;4;2;1
202100047914;116 091;7;0;2;4;2;1
202100047915;116 085;17;0;2;7;0;1
202100047915;116 086;7;0;2;8;0;1
202100047916;116 083;7;0;2;1;9;1
202100047916;116 084;7;0;2;8;1;1
202100047917;116 081;7;0;2;1;19;1
202100047917;116 082;7;0;2;8;1;1
202100047918;116 080;7;0;1;1;1;1
202100047919;116 079;7;6;0;2;14;1
202100047920;116 078;7;8;0;1;13;2
202100047921;116 076;7;0;2;1;1;1
202100047921;116 077;30;0;0;4;23;1
202100047922;116 075;7;0;1;8;1;1
202100047923;116 073;7;0;2;1;26;1
202100047923;116 074;37;0;2;4;2;1
202100047924;116 072;33;13;0;1;1;1
202100047925;116 070;7;0;2;6;1;1
202100047925;116 071;33;0;2;1;2;1
202100047926;116 069;7;13;0;3;1;1
202100047927;116 067;7;0;2;4;2;1
202100047927;116 068;7;0;2;1;2;1
202100047928;116 065;7;0;2;6;10;1
202100047928;116 066;7;0;2;1;1;1
202100047929;116 063;7;0;2;3;1;1
202100047929;116 064;14;13;2;3;1;1
202100047930;116 061;1;0;2;1;1;5
202100047930;116 062;7;0;9;3;15;1
202100047931;116 060;7;0;1;2;1;1
202100047932;116 059;7;2;0;1;1;1
202100047933;116 058;7;3;0;8;1;1
202100047934;116 056;7;0;2;6;1;1
202100047934;116 057;7;0;2;1;2;1
202100047935;116 054;7;0;2;1;17;1
202100047935;116 055;7;0;2;1;1;1
202100047936;116 052;7;9;2;1;1;1
202100047936;116 053;7;9;2;1;1;1
202100047937;116 051;7;0;1;1;1;1
202100047938;116 049;7;0;2;8;0;2
202100047938;116 050;7;0;2;1;13;1
202100047939;116 047;31;0;2;1;2;1
202100047939;116 048;7;0;2;1;10;1
202100047940;116 046;33;4;0;1;1;1
202100047941;116 044;31;0;2;1;2;1
202100047941;116 045;7;0;2;4;2;1
202100047942;116 042;80;0;2;7;1;3
202100047942;116 043;7;0;2;6;9;1
202100047943;116 041;2;0;0;7;1;1
202100047944;116 038;10;0;2;2;2;3
202100047944;116 039;7;0;2;6;21;1
202100047945;116 036;7;0;2;1;26;1
202100047945;116 037;2;0;2;4;1;1
202100047946;116 034;7;0;2;3;15;1
202100047946;116 035;32;0;2;1;3;1
202100047947;116 032;32;0;2;2;3;1
202100047947;116 033;7;0;2;3;15;1
202100047948;116 030;10;0;2;1;26;1
202100047948;116 031;7;0;2;4;26;1
202100047949;116 029;7;8;0;2;1;1
202100047950;116 027;31;0;2;1;1;1
202100047950;116 028;7;0;0;8;15;1
202100047951;116 025;7;0;2;8;15;1
202100047951;116 026;2;0;2;1;1;1
202100047952;116 023;31;0;2;2;3;1
202100047952;116 024;7;0;2;6;11;1
202100047953;116 022;31;1;0;2;14;1
202100047954;116 021;7;0;1;2;1;1
202100047955;116 019;7;0;2;3;22;1
202100047955;116 020;50;0;2;1;1;3
202100047956;116 017;33;0;2;3;1;1
202100047956;116 018;7;0;2;2;1;1
202100047957;116 015;1;0;2;1;5;5
202100047957;116 016;7;0;2;3;1;1
202100047958;116 014;7;0;1;1;1;1
202100047959;116 012;1;0;2;5;1;5
202100047959;116 013;7;0;2;1;1;1
202100047960;116 010;37;0;2;2;1;1
202100047960;116 011;33;0;2;1;13;1
202100047961;116 008;37;0;2;6;16;2
202100047961;116 009;37;1;0;5;24;1
202100047962;116 007;7;0;1;2;1;1
202100047963;116 006;7;0;1;7;1;1
202100047964;116 005;7;0;1;3;1;1
202100047965;116 003;7;0;9;6;23;1
202100047965;116 004;33;14;0;2;17;0
202100047966;116 001;7;0;2;2;17;1
202100047966;116 002;7;0;2;4;15;1
202100047967;116 000;33;1;0;1;26;1
202100047968;115 998;7;0;2;2;15;1
202100047968;115 999;2;0;2;1;1;1
202100047969;115 996;30;0;2;7;16;1
202100047969;115 997;7;0;2;3;16;1
202100047970;115 993;7;0;2;4;23;1
202100047970;115 994;7;1;2;1;23;1
202100047970;115 995;10;0;2;1;2;1
202100047971;115 992;7;1;0;2;26;1
202100047972;115 990;37;0;2;4;1;1
202100047972;115 991;14;0;2;1;2;1
202100047973;115 988;7;0;2;3;2;1
202100047973;115 989;33;0;2;2;2;1
202100047974;115 987;7;1;0;3;1;1
202100047975;115 986;1;0;2;1;1;0
202100047976;115 985;43;0;0;0;1;1
202100047977;115 983;10;4;2;1;2;1
202100047977;115 984;7;4;0;5;2;1
202100047978;115 981;7;6;2;2;17;1
202100047978;115 982;7;0;2;3;1;1
202100047979;115 979;7;0;9;3;1;1
202100047979;115 980;1;0;2;7;1;5
202100047980;115 977;1;15;2;1;1;6
202100047980;115 978;7;0;9;1;1;1
202100047981;115 975;33;0;2;1;2;1
202100047981;115 976;10;0;2;6;10;1
202100047982;115 974;7;0;9;2;0;1
202100047983;115 973;33;0;0;1;13;1
202100047984;115 971;7;9;2;3;1;1
202100047984;115 972;7;0;2;2;15;1
202100047985;115 968;33;0;2;1;0;1
202100047985;115 969;7;6;2;3;1;1
202100047986;115 966;10;0;2;1;1;1
202100047986;115 967;7;0;2;1;13;1
202100047987;115 963;1;0;2;8;18;5
202100047987;115 964;7;0;2;3;1;1
202100047987;115 965;7;0;2;2;15;1
202100047988;115 962;7;6;0;0;13;1
202100047989;115 960;7;0;2;7;19;1
202100047989;115 961;7;0;2;1;1;1
202100047990;115 958;14;0;2;2;1;1
202100047990;115 959;1;0;2;8;19;5
202100047991;115 956;7;17;0;2;14;1
202100047992;115 955;33;4;0;8;13;1
202100047993;115 954;33;0;0;0;0;1
202100047994;115 952;1;0;2;8;16;0
202100047994;115 953;7;0;2;8;1;1
202100047995;115 950;7;0;2;3;13;1
202100047995;115 951;7;0;2;3;1;1
202100047996;115 948;2;1;0;2;2;1
202100047996;115 949;7;0;0;6;24;1
202100047997;115 946;7;0;2;1;1;1
202100047997;115 947;7;0;2;8;19;1
202100047998;115 939;7;2;0;0;1;1
202100047999;115 938;7;0;1;2;15;1
202100048000;115 937;7;3;0;1;13;1
202100048001;115 936;7;15;0;1;21;1
202100048002;115 935;7;6;0;6;1;1
202100048003;115 933;7;0;2;1;2;1
202100048003;115 934;7;0;2;4;2;1
202100048004;115 932;7;10;0;1;14;1
202100048005;115 931;33;0;0;7;1;1
202100048006;115 930;7;4;0;3;1;1
202100048007;115 928;33;0;2;3;1;1
202100048007;115 929;10;0;2;2;12;1
202100048008;115 927;7;3;0;1;1;1
202100048009;115 925;7;0;2;1;2;1
202100048009;115 926;43;3;2;4;2;1
202100048010;115 923;7;0;2;1;14;1
202100048010;115 924;7;0;2;4;1;1
202100048011;115 922;7;3;0;9;0;1
202100048012;115 921;7;17;0;1;13;1
202100048013;115 919;7;0;2;3;9;1
202100048013;115 920;33;0;2;2;1;1
202100048014;115 918;40;0;1;2;1;3
202100048015;115 917;32;0;1;1;2;1
202100048016;115 915;7;0;2;1;2;1
202100048016;115 916;7;0;2;4;2;1
202100048017;115 913;30;0;2;1;1;1
202100048017;115 914;7;0;2;7;15;1
202100048018;115 911;1;1;0;5;1;5
202100048018;115 912;7;1;2;5;24;1
202100048019;115 910;7;0;1;7;16;1
202100048020;115 909;7;0;1;1;1;1
202100048021;115 908;30;16;0;1;26;0
202100048022;115 907;31;0;1;1;1;1
202100048023;115 904;7;1;0;1;23;2
202100048023;115 905;7;0;0;4;24;1
202100048023;115 906;7;1;0;4;23;1
202100048024;115 900;1;0;2;8;1;5
202100048024;115 901;10;0;2;1;1;1
202100048025;115 898;33;0;2;3;1;1
202100048025;115 899;7;0;2;3;15;1
202100048026;115 896;7;0;2;3;20;1
202100048026;115 897;7;0;2;5;20;0
202100048027;115 895;7;0;1;0;9;1
202100048028;115 893;7;0;2;3;1;1
202100048028;115 894;7;0;2;6;15;1
202100048029;115 890;7;0;2;2;19;1
202100048029;115 891;1;0;2;1;1;5
202100048029;115 892;1;0;2;1;1;5
202100048030;115 889;7;4;0;1;14;1
202100048031;115 888;32;8;0;1;25;1
202100048032;115 886;30;0;2;3;11;1
202100048032;115 887;7;0;2;2;1;1
202100048033;115 884;7;0;2;2;1;1
202100048033;115 885;50;0;2;3;1;3
202100048034;115 882;32;0;2;3;1;1
202100048034;115 883;10;0;2;5;16;1
202100048035;115 880;30;0;2;2;1;1
202100048035;115 881;33;0;2;8;1;1