Num_Acc;id_vehicule;categorie_vehicule;obstacle_fixe;obstacle_mobile;point_choc_initial;manoeuvre_principale;motorisation
202100048036;115 878;7;0;2;2;16;1
202100048036;115 879;32;0;2;3;18;1
202100048037;115 876;30;0;2;8;17;3
202100048037;115 877;7;0;2;8;22;1
202100048038;115 874;1;0;2;0;13;5
202100048038;115 875;50;1;2;1;21;3
202100048039;115 873;30;1;0;7;14;1
202100048040;115 871;30;0;2;0;1;0
202100048040;115 872;30;0;2;7;1;1
202100048041;115 870;43;1;0;7;21;1
202100048042;115 868;7;0;2;5;23;1
202100048042;115 869;31;0;2;1;2;1
202100048043;115 867;30;0;0;0;1;1
202100048044;115 865;7;0;2;0;0;1
202100048044;115 866;7;11;0;4;26;1
202100048045;115 864;1;0;1;1;1;5
202100048046;115 863;10;8;0;1;26;0
202100048047;115 861;7;0;2;2;12;2
202100048047;115 862;99;0;2;3;26;1
202100048048;115 859;7;1;2;8;20;1
202100048048;115 860;7;1;2;1;1;1
202100048049;115 857;7;7;0;4;2;1
202100048049;115 858;7;7;2;1;2;1
202100048050;115 855;7;0;9;4;1;0
202100048050;115 856;32;0;2;1;2;1
202100048051;115 853;7;0;2;3;15;1
202100048051;115 854;7;6;1;1;1;1
202100048052;115 851;7;0;2;1;13;1
202100048052;115 852;37;0;2;1;1;1
202100048053;115 849;33;0;2;6;26;1
202100048053;115 850;7;0;2;2;12;1
202100048054;115 847;7;0;2;2;1;2
202100048054;115 848;7;13;2;1;1;1
202100048055;115 846;7;4;0;8;2;2
202100048056;115 843;7;0;2;2;15;1
202100048056;115 844;7;0;2;1;1;1
202100048056;115 845;7;0;2;3;1;1
202100048057;115 841;15;0;0;8;1;1
202100048057;115 842;7;4;2;8;1;1
202100048058;115 840;7;13;0;3;0;1
202100048059;115 839;10;13;0;9;1;1
202100048060;115 836;7;0;0;4;23;1
202100048060;115 837;7;0;2;4;23;1
202100048060;115 838;33;1;0;1;2;1
202100048061;115 835;7;13;0;1;0;1
202100048062;115 833;7;0;2;5;5;1
202100048062;115 834;14;0;2;1;1;1
202100048063;115 831;7;0;2;3;13;1
202100048063;115 832;10;0;2;3;1;1
202100048064;115 830;10;0;1;3;15;1
202100048065;115 829;36;0;0;0;1;1
202100048066;115 828;7;6;0;1;1;1
202100048067;115 827;7;13;0;2;19;1
202100048068;115 825;7;0;0;0;17;1
202100048068;115 826;33;0;0;0;17;1
202100048069;115 823;7;0;2;3;13;1
202100048069;115 824;7;0;2;3;1;1
202100048070;115 822;7;6;0;3;0;1
202100048071;115 821;33;2;0;2;2;1
202100048072;115 818;33;13;0;9;17;1
202100048073;115 817;7;6;0;2;1;1
202100048074;115 816;7;0;0;0;1;0
202100048075;115 813;7;0;2;7;15;1
202100048075;115 814;7;0;2;1;1;1
202100048075;115 815;2;0;2;1;1;1
202100048076;115 811;1;0;0;4;1;5
202100048076;115 812;7;0;2;1;1;1
202100048077;115 810;7;13;0;2;1;1
202100048078;115 808;32;0;2;1;13;1
202100048078;115 809;7;0;2;2;1;1
202100048079;115 807;7;16;0;1;2;1
202100048080;115 806;7;13;0;0;1;1
202100048081;115 804;7;0;0;4;2;1
202100048081;115 805;7;0;2;1;2;1
202100048082;115 802;7;0;2;3;1;1
202100048082;115 803;34;0;2;0;13;0
202100048083;115 801;7;0;1;2;1;1
202100048084;115 800;7;15;0;1;1;1
202100048085;115 798;32;0;2;1;1;1
202100048085;115 799;30;0;2;4;1;1
202100048086;115 796;7;0;2;4;26;1
202100048086;115 797;7;0;2;1;2;1
202100048087;115 795;33;0;0;0;13;1
202100048088;115 793;1;0;0;4;19;5
202100048088;115 794;7;0;2;2;1;1
202100048089;115 792;17;1;0;2;2;1
202100048090;115 791;20;0;1;2;16;1
202100048091;115 790;33;15;0;7;1;1
202100048092;115 789;7;13;0;1;1;1
202100048093;115 787;14;6;2;2;13;1
202100048093;115 788;7;0;2;7;13;1
202100048094;115 785;7;0;2;1;1;1
202100048094;115 786;7;0;0;8;15;1
202100048095;115 784;7;2;0;1;0;1
202100048096;115 782;7;0;2;2;1;1
202100048096;115 783;7;0;0;3;19;1
202100048097;115 781;10;0;1;3;1;1
202100048098;115 779;7;0;2;1;19;1
202100048098;115 780;17;0;2;1;2;1
202100048099;115 776;7;3;2;1;5;1
202100048099;115 777;7;3;2;2;3;1
202100048099;115 778;7;3;2;8;2;1
202100048100;115 773;7;0;2;5;1;1
202100048100;115 774;7;0;2;4;1;2
202100048100;115 775;7;0;2;3;21;2
202100048101;115 772;7;4;0;2;14;1
202100048102;115 770;10;0;2;1;2;1
202100048102;115 771;10;0;2;4;1;1
202100048103;115 767;7;0;2;4;9;1
202100048103;115 768;7;0;0;4;2;1
202100048103;115 769;7;1;0;1;1;1
202100048104;115 765;7;0;2;3;2;1
202100048104;115 766;10;0;2;5;2;1
202100048105;115 763;33;0;2;1;2;1
202100048105;115 764;7;0;2;5;23;1
202100048106;115 760;10;0;2;1;9;1
202100048106;115 761;10;0;2;4;9;1
202100048106;115 762;10;0;2;4;23;1
202100048107;115 759;10;0;0;2;1;1
202100048108;115 758;7;3;0;6;1;1
202100048109;115 756;33;0;2;1;1;1
202100048109;115 757;7;0;2;6;11;1
202100048110;115 755;10;4;0;3;13;1
202100048111;115 753;7;0;2;1;1;1
202100048111;115 754;7;0;2;4;1;1
202100048112;115 751;7;0;2;4;23;1
202100048112;115 752;10;1;0;1;1;1
202100048113;115 749;7;0;2;4;1;1
202100048113;115 750;7;0;2;1;1;1
202100048114;115 747;10;0;2;1;2;1
202100048114;115 748;7;0;2;4;0;1
202100048115;115 744;7;1;0;7;1;0
202100048115;115 745;7;0;2;6;23;1
202100048115;115 746;7;3;0;1;1;1
202100048116;115 741;7;0;2;1;23;1
202100048116;115 742;7;0;0;1;23;1
202100048116;115 743;7;0;2;4;4;1
202100048117;115 736;37;0;2;2;0;1
202100048117;115 737;10;0;2;8;2;1
202100048117;115 738;10;0;2;3;2;1
202100048117;115 739;10;0;2;3;2;1
202100048117;115 740;10;0;2;1;2;1
202100048118;115 735;7;0;1;7;0;1
202100048119;115 733;30;0;2;1;26;1
202100048119;115 734;7;0;2;3;0;1
202100048120;115 731;7;0;9;2;16;1
202100048120;115 732;1;0;2;1;19;5
202100048121;115 729;7;0;2;3;15;1
202100048121;115 730;7;0;2;3;19;1
202100048122;115 727;1;0;2;3;9;5
202100048122;115 728;7;0;2;2;26;1
202100048123;115 726;7;0;1;1;26;1
202100048124;115 725;7;0;1;2;1;1
202100048125;115 722;7;0;2;4;1;1
202100048125;115 723;7;0;2;9;1;1
202100048125;115 724;7;0;2;1;1;1
202100048126;115 721;7;0;1;1;15;1
202100048127;115 717;7;0;2;3;9;1
202100048127;115 718;33;0;2;7;16;1
202100048128;115 715;10;0;2;1;15;1
202100048128;115 716;7;0;2;7;1;1
202100048129;115 713;31;0;2;1;2;0
202100048129;115 714;7;0;2;4;1;0
202100048130;115 710;30;0;0;8;1;1
202100048131;115 709;7;11;0;1;1;1
202100048132;115 708;3;12;0;9;10;1
202100048133;115 707;7;2;0;7;1;1
202100048134;115 706;7;8;0;9;14;1
202100048135;115 705;30;0;0;0;1;1
202100048136;115 703;2;0;2;1;1;1
202100048136;115 704;10;0;2;2;15;1
202100048137;115 702;7;0;1;1;1;1
202100048138;115 700;7;13;0;1;18;1
202100048139;115 699;7;8;0;8;13;1
202100048140;115 698;7;2;0;1;1;1
202100048141;115 696;34;0;2;2;17;1
202100048141;115 697;7;0;2;3;15;1
202100048142;115 694;7;0;2;1;2;1
202100048142;115 695;7;0;2;4;2;1
202100048143;115 692;2;0;2;0;0;1
202100048143;115 693;7;0;2;3;9;1
202100048144;115 690;40;0;9;3;26;3
202100048144;115 691;99;0;2;7;0;3
202100048145;115 689;33;0;1;1;1;1
202100048146;115 687;7;0;2;2;9;1
202100048146;115 688;1;0;2;1;1;5
202100048147;115 685;30;0;2;2;1;3
202100048147;115 686;10;0;2;3;1;1
202100048148;115 683;7;0;2;1;15;1
202100048148;115 684;1;0;2;8;1;5
202100048149;115 681;2;0;2;1;1;1
202100048149;115 682;7;0;2;3;10;2
202100048150;115 679;1;0;2;1;1;5
202100048150;115 680;7;0;2;3;1;1
202100048151;115 678;30;0;0;0;21;1
202100048152;115 676;30;0;2;1;13;1
202100048152;115 677;30;0;2;1;23;1
202100048153;115 675;10;0;1;4;20;1
202100048154;115 673;10;0;2;6;10;1
202100048154;115 674;32;0;2;6;1;1
202100048155;115 671;1;0;2;8;10;5
202100048155;115 672;33;0;2;1;1;1
202100048156;115 669;2;0;2;1;1;1
202100048156;115 670;7;0;2;5;16;3
202100048157;115 667;10;0;2;1;26;0
202100048157;115 668;10;0;2;4;0;0
202100048158;115 666;30;15;0;0;1;3
202100048159;115 664;7;0;2;3;1;1
202100048159;115 665;7;0;2;1;1;2
202100048160;115 662;7;0;2;1;2;1
202100048160;115 663;10;3;0;4;2;1
202100048161;115 661;2;0;2;1;13;6
202100048162;115 659;10;0;2;8;15;1
202100048162;115 660;32;0;2;2;2;1
202100048163;115 657;7;0;2;1;1;1
202100048163;115 658;7;0;2;6;1;1
202100048164;115 656;7;0;1;1;1;1
202100048165;115 654;7;0;2;4;1;1
202100048165;115 655;30;0;2;1;2;1
202100048166;115 652;2;0;2;4;23;1
202100048166;115 653;7;0;2;1;9;1
202100048167;115 650;7;0;0;5;1;1
202100048167;115 651;10;0;2;1;2;1
202100048168;115 648;2;0;2;3;15;1
202100048168;115 649;7;0;2;2;1;1
202100048169;115 646;31;0;2;3;1;0
202100048169;115 647;10;0;2;3;15;1
202100048170;115 645;34;0;0;2;1;1
202100048171;115 644;50;0;0;1;26;3
202100048172;115 639;7;0;0;3;23;1
202100048172;115 640;7;0;2;1;1;1
202100048172;115 641;7;0;0;4;23;1
202100048172;115 642;7;0;2;1;1;1
202100048172;115 643;7;0;2;1;1;2
202100048173;115 637;7;0;2;3;1;1
202100048173;115 638;33;0;2;1;17;1
202100048174;115 635;7;0;0;2;23;1
202100048174;115 636;7;0;2;1;1;1
202100048175;115 634;7;9;0;1;0;1
202100048176;115 632;33;0;2;2;2;1
202100048176;115 633;33;0;0;4;2;1
202100048177;115 631;7;6;0;1;16;1
202100048178;115 630;7;3;0;1;0;1
202100048179;115 628;7;4;2;1;2;1
202100048179;115 629;7;3;0;4;2;1
202100048180;115 626;7;0;2;3;2;1
202100048180;115 627;10;0;2;7;2;1
202100048181;115 625;33;0;0;1;0;1
202100048182;115 624;33;13;0;1;14;1
202100048183;115 623;7;0;0;0;0;1
202100048184;115 622;7;0;0;1;1;1
202100048185;115 621;7;13;0;1;1;1
202100048186;115 620;7;0;1;1;21;0
202100048187;115 619;33;13;0;2;1;1
202100048188;115 618;7;2;0;8;17;1
202100048189;115 617;7;6;0;1;0;1
202100048190;115 615;2;0;2;7;1;1
202100048190;115 616;7;0;2;1;1;1
202100048191;115 614;33;2;0;1;13;1
202100048192;115 613;14;13;0;1;1;1
202100048193;115 612;33;0;0;1;1;1
202100048194;115 611;33;13;0;7;2;1
202100048195;115 609;7;0;2;2;1;1
202100048195;115 610;33;0;2;1;13;1
202100048196;115 607;7;0;2;2;1;1
202100048196;115 608;1;0;2;1;26;0
202100048197;115 605;10;0;2;1;1;1
202100048197;115 606;2;0;2;1;1;1
202100048198;115 604;7;3;0;7;1;1
202100048199;115 603;7;3;0;9;1;1
202100048200;115 598;7;0;2;1;2;1
202100048200;115 599;7;0;2;2;2;1
202100048200;115 600;7;0;2;4;2;1
202100048200;115 601;7;0;2;4;2;1
202100048200;115 602;7;0;0;4;0;1
202100048201;115 597;7;2;0;1;1;1
202100048202;115 595;33;0;2;1;1;1
202100048202;115 596;7;0;2;1;1;1
202100048203;115 593;2;0;2;2;15;1
202100048203;115 594;7;0;2;1;1;1
202100048204;115 592;7;0;1;8;15;1
202100048205;115 589;7;0;2;8;1;1
202100048205;115 590;0;0;2;0;14;0
202100048206;115 588;7;5;0;2;14;1
202100048207;115 586;33;0;2;8;18;1
202100048207;115 587;10;0;2;7;12;1
202100048208;115 585;7;4;0;1;13;1
202100048209;115 584;7;3;0;1;9;1
202100048210;115 583;33;16;0;8;0;1
202100048211;115 581;7;0;2;4;2;0
202100048211;115 582;7;0;2;1;2;0
202100048212;115 580;15;3;2;8;1;1
202100048213;115 578;7;0;2;1;1;1
202100048213;115 579;7;0;2;4;1;1
202100048214;115 572;7;0;2;5;1;1
202100048214;115 573;7;0;2;4;2;1
202100048214;115 574;7;0;2;4;2;1
202100048214;115 575;10;0;2;4;2;1
202100048214;115 576;7;0;2;4;2;1
202100048214;115 577;14;0;2;1;2;1
202100048215;115 570;7;0;2;1;9;1
202100048215;115 571;7;0;0;4;9;1
202100048216;115 568;7;0;2;1;1;1
202100048216;115 569;7;3;2;6;0;1
202100048217;115 566;7;3;2;1;1;1
202100048217;115 567;15;0;2;8;1;1
202100048218;115 564;15;4;2;4;1;1
202100048218;115 565;7;4;2;1;1;1
202100048219;115 563;7;3;0;1;16;1
202100048220;115 561;7;0;2;5;2;1
202100048220;115 562;1;0;2;1;2;5
202100048221;115 560;31;0;0;0;26;1
202100048222;115 558;7;0;2;2;1;1
202100048222;115 559;7;0;2;8;1;1
202100048223;115 557;20;0;0;1;26;1
202100048224;115 555;10;0;2;3;1;1
202100048224;115 556;7;0;2;2;1;1
202100048225;115 553;7;0;2;4;2;1
202100048225;115 554;7;0;2;1;2;1
202100048226;115 551;32;0;2;1;0;1
202100048226;115 552;32;0;2;1;0;0
202100048227;115 549;2;0;2;1;5;1
202100048227;115 550;7;0;2;3;1;1
202100048228;115 548;7;1;0;2;1;1
202100048229;115 546;7;0;2;1;5;1
202100048229;115 547;7;0;2;7;1;1
202100048230;115 544;7;0;2;1;1;1
202100048230;115 545;7;0;2;1;16;1
202100048231;115 543;10;14;9;1;26;1
202100048232;115 541;7;15;0;1;19;1
202100048232;115 542;7;0;2;1;1;1
202100048233;115 539;7;0;2;2;1;1
202100048233;115 540;38;0;2;3;1;1
202100048234;115 536;7;0;2;1;2;1
202100048234;115 537;7;0;2;4;2;1
202100048234;115 538;7;0;2;4;2;1
202100048235;115 534;10;0;2;8;15;1
202100048235;115 535;10;0;2;1;1;1
202100048236;115 532;7;9;2;1;9;1
202100048236;115 533;7;0;2;5;1;1
202100048237;115 531;7;0;1;3;1;1
202100048238;115 529;1;0;2;1;15;0
202100048238;115 530;7;0;2;1;15;1
202100048239;115 527;7;0;2;1;1;1
202100048239;115 528;32;0;2;2;15;1
202100048240;115 521;7;1;0;5;4;1
202100048240;115 522;7;1;2;6;24;1
202100048241;115 518;7;0;2;3;26;1
202100048241;115 519;33;0;2;0;0;1
202100048241;115 520;7;0;2;1;0;1
202100048242;115 517;7;0;1;3;1;1
202100048243;115 515;10;0;2;2;15;1
202100048243;115 516;99;0;2;1;1;5
202100048244;115 513;33;0;2;1;17;1
202100048244;115 514;10;0;2;5;15;1
202100048245;115 512;7;0;1;2;26;1
202100048246;115 509;7;8;2;4;23;1
202100048246;115 510;7;0;2;4;23;1
202100048246;115 511;10;0;2;1;2;1
202100048247;115 508;10;6;0;1;1;1
202100048248;115 506;7;0;2;3;15;1
202100048248;115 507;2;0;2;9;1;1
202100048249;115 505;7;0;1;1;1;1
202100048250;115 503;10;0;2;5;15;1
202100048250;115 504;2;0;2;1;1;1
202100048251;115 501;7;0;2;4;2;1
202100048251;115 502;7;0;2;1;2;1
202100048252;115 499;31;0;2;4;2;1
202100048252;115 500;7;0;2;2;2;1
202100048253;115 497;7;0;2;4;1;1
202100048253;115 498;7;0;2;1;1;1
202100048254;115 496;7;6;0;1;16;1
202100048255;115 494;7;0;2;3;15;1
202100048255;115 495;7;11;2;1;1;1
202100048256;115 492;7;0;2;1;9;1
202100048256;115 493;1;0;2;7;1;5
202100048257;115 490;7;0;2;4;23;1
202100048257;115 491;7;0;2;1;1;1
202100048258;115 489;33;2;0;1;13;1
202100048259;115 487;33;0;2;1;1;0
202100048259;115 488;7;0;2;2;15;1
202100048260;115 485;7;0;9;7;0;1
202100048260;115 486;1;0;2;1;1;5
202100048261;115 483;10;0;9;4;1;1
202100048261;115 484;1;0;2;1;1;5
202100048262;115 482;7;2;0;7;15;1
202100048263;115 480;7;0;2;4;1;1
202100048263;115 481;7;0;2;1;1;1
202100048264;115 479;30;12;0;0;1;1
202100048265;115 477;2;0;2;8;1;1
202100048265;115 478;7;0;2;1;15;1
202100048266;115 476;7;0;1;1;1;1
202100048267;115 474;7;0;2;3;15;1
202100048267;115 475;31;0;2;6;1;1
202100048268;115 472;33;0;2;1;3;1
202100048268;115 473;7;0;2;8;15;1
202100048269;115 470;7;0;2;3;1;1
202100048269;115 471;7;0;2;1;1;1
202100048270;115 468;7;0;2;0;15;
202100048270;115 469;7;0;2;8;1;1
202100048271;115 467;1;0;1;1;26;0
202100048272;115 464;7;0;2;1;1;1
202100048272;115 465;7;0;2;4;23;1
202100048272;115 466;7;0;2;4;23;1
202100048273;115 462;7;0;2;6;23;1
202100048273;115 463;7;0;2;2;26;1
202100048274;115 461;7;0;1;1;15;1
202100048275;115 459;31;0;2;0;17;1
202100048275;115 460;7;0;2;0;15;1
202100048276;115 458;7;0;0;2;14;1
202100048277;115 457;50;0;1;1;1;3
202100048278;115 454;7;0;2;4;2;1
202100048278;115 455;7;0;2;4;2;1
202100048278;115 456;10;0;2;1;2;1
202100048279;115 453;7;0;1;2;1;1
202100048280;115 452;40;0;1;3;1;3
202100048281;115 450;30;0;2;1;1;1
202100048281;115 451;7;0;2;2;15;1
202100048282;115 448;2;0;2;7;1;1
202100048282;115 449;7;0;2;1;19;1
202100048283;115 447;1;0;1;0;1;6
202100048284;115 446;1;0;1;1;8;5
202100048285;115 444;1;0;2;8;14;5
202100048285;115 445;7;0;2;5;16;1
202100048286;115 442;10;0;2;4;22;1
202100048286;115 443;50;0;2;1;1;3
202100048287;115 440;32;0;2;7;1;3
202100048287;115 441;10;0;2;8;10;1
202100048288;115 438;7;0;2;7;15;1
202100048288;115 439;30;0;2;1;1;1
202100048289;115 436;33;1;2;1;1;1
202100048289;115 437;7;0;2;5;9;1
202100048290;115 434;7;0;2;1;2;1
202100048290;115 435;10;0;2;4;2;1
202100048291;115 432;7;0;2;3;15;1
202100048291;115 433;31;0;2;1;17;1
202100048292;115 430;7;0;2;1;1;1
202100048292;115 431;60;0;2;8;19;5
202100048293;115 429;7;6;0;1;16;1
202100048294;115 428;1;0;0;0;1;5
202100048295;115 426;7;4;2;3;1;1
202100048295;115 427;7;0;2;1;15;1
202100048296;115 424;1;0;2;1;15;5
202100048296;115 425;7;0;2;2;7;2
202100048297;115 423;30;12;0;2;16;1
202100048298;115 422;7;14;0;2;15;1
202100048299;115 421;7;0;1;0;0;1
202100048300;115 419;32;0;0;3;1;1
202100048300;115 420;7;0;2;1;9;1
202100048301;115 418;7;0;1;0;2;1
202100048302;115 416;7;0;2;1;1;3
202100048302;115 417;7;0;2;7;1;1
202100048303;115 414;16;0;0;4;2;0
202100048303;115 415;17;0;2;0;26;1
202100048304;115 413;7;0;1;2;1;1
202100048305;115 411;7;0;2;1;1;1
202100048305;115 412;7;14;0;4;1;1
202100048306;115 410;7;0;1;1;16;1
202100048307;115 409;7;0;1;0;2;0
202100048308;115 407;10;0;2;6;15;1
202100048308;115 408;2;0;2;2;2;1
202100048309;115 405;10;0;2;1;9;1
202100048309;115 406;43;0;2;7;1;1
202100048310;115 404;7;0;1;4;4;1
202100048311;115 402;30;0;2;0;0;1
202100048311;115 403;7;0;2;0;0;0
202100048312;115 400;7;0;2;8;19;1
202100048312;115 401;7;0;2;8;1;1
202100048313;115 397;7;0;2;4;2;1
202100048313;115 398;7;0;0;4;1;1
202100048313;115 399;13;0;2;1;2;0
202100048314;115 395;99;0;0;4;1;6
202100048314;115 396;99;0;2;2;14;6
202100048315;115 393;30;0;2;1;5;1
202100048315;115 394;7;0;2;1;16;1
202100048316;115 390;7;0;2;4;16;1
202100048316;115 391;7;0;2;1;16;1
202100048316;115 392;7;0;2;4;23;1
202100048317;115 388;7;0;2;7;9;1
202100048317;115 389;30;0;2;1;1;3
202100048318;115 387;33;13;0;1;1;1
202100048319;115 385;7;0;2;3;13;1
202100048319;115 386;7;0;2;8;1;1
202100048320;115 384;7;0;1;2;1;1
202100048321;115 383;7;13;0;3;1;1
202100048322;115 379;7;0;0;6;23;1
202100048322;115 380;7;0;2;2;1;1
202100048323;115 377;7;0;2;1;1;1
202100048323;115 378;7;0;2;7;1;1
202100048324;115 375;7;0;2;7;10;1
202100048324;115 376;7;0;2;1;1;1
202100048325;115 374;33;0;0;8;1;1
202100048326;115 372;2;1;0;2;13;1
202100048326;115 373;1;0;0;8;23;5
202100048327;115 370;10;0;2;1;1;1
202100048327;115 371;10;0;0;8;19;1
202100048328;115 367;7;0;2;8;16;1
202100048328;115 368;2;0;2;1;15;1
202100048329;115 366;33;5;0;7;1;1
202100048330;115 365;2;0;0;0;0;1
202100048331;115 362;2;0;2;3;15;1
202100048331;115 363;7;0;2;2;17;1
202100048332;115 360;7;0;0;4;1;1
202100048332;115 361;2;0;2;2;1;1
202100048333;115 359;7;6;0;1;13;1
202100048334;115 358;7;13;0;0;0;1
202100048335;115 357;10;0;1;3;1;3
202100048336;115 355;7;0;2;1;1;1
202100048336;115 356;7;0;2;1;15;1
202100048337;115 354;7;0;1;3;1;1
202100048338;115 353;7;16;0;9;1;1
202100048339;115 352;7;0;0;9;1;1
202100048340;115 351;7;13;0;0;1;1
202100048341;115 348;7;0;2;2;21;1
202100048341;115 349;7;0;2;3;19;1
202100048342;115 346;1;0;0;4;13;6
202100048342;115 347;7;0;0;1;17;1
202100048343;115 344;31;0;0;1;1;1
202100048343;115 345;7;0;0;2;15;1
202100048344;115 343;7;0;0;9;1;1
202100048345;115 342;31;0;0;7;13;1
202100048346;115 341;7;0;0;0;0;1
202100048347;115 339;7;0;2;4;15;1
202100048347;115 340;7;0;2;1;2;1
202100048348;115 335;7;0;2;4;23;1
202100048348;115 336;7;0;2;4;23;1
202100048348;115 337;7;0;2;1;1;1
202100048349;115 333;14;0;2;7;1;1
202100048349;115 334;7;0;2;1;13;1
202100048350;115 330;7;0;2;4;2;1
202100048350;115 331;10;0;2;1;1;1
202100048350;115 332;7;0;2;6;1;1
202100048351;115 324;7;0;2;4;2;1
202100048351;115 325;7;0;2;1;2;1
202100048351;115 326;7;0;2;1;2;1
202100048351;115 327;7;0;2;4;2;1
202100048351;115 328;7;0;2;1;2;1
202100048351;115 329;7;0;2;1;2;2
202100048352;115 323;7;4;0;7;1;1
202100048353;115 321;7;0;2;1;26;1
202100048353;115 322;7;0;2;1;1;1
202100048354;115 320;43;0;0;7;1;1
202100048355;115 318;10;0;2;5;12;1
202100048355;115 319;7;0;2;3;1;1
202100048356;115 316;34;0;2;8;3;1
202100048356;115 317;7;1;2;2;12;1
202100048357;115 315;7;3;0;1;14;1
202100048358;115 314;33;9;0;1;13;1
202100048359;115 313;7;4;0;1;1;1
202100048360;115 311;17;1;0;2;1;1
202100048360;115 312;13;0;2;6;2;1
202100048361;115 308;10;0;2;2;1;1
202100048361;115 309;7;0;2;6;1;1
202100048361;115 310;33;0;2;1;18;1
202100048362;115 307;10;0;1;1;1;1
202100048363;115 305;10;0;2;1;1;1
202100048363;115 306;10;0;2;4;23;1
202100048364;115 303;7;0;2;2;15;1
202100048364;115 304;30;0;2;1;1;1
202100048365;115 302;7;0;1;1;2;1
202100048366;115 300;31;0;2;7;17;1
202100048366;115 301;7;0;2;3;15;1
202100048367;115 299;43;12;0;1;11;1
202100048368;115 296;7;0;2;4;23;1
202100048368;115 297;7;0;2;4;23;1
202100048368;115 298;7;0;2;1;2;1
202100048369;115 295;7;0;1;2;15;1
202100048370;115 294;7;0;1;1;13;1
202100048371;115 292;7;0;2;6;11;1
202100048371;115 293;32;0;2;3;1;1
202100048372;115 291;7;0;1;2;9;1
202100048373;115 289;7;0;2;2;1;1
202100048373;115 290;7;0;2;4;1;1
202100048374;115 288;7;1;0;2;1;1
202100048375;115 286;33;0;2;8;1;1
202100048375;115 287;7;0;2;7;12;1
202100048376;115 284;32;0;2;2;26;1
202100048376;115 285;10;0;2;3;0;0
202100048377;115 283;32;0;0;2;16;1
202100048378;115 282;10;0;1;3;26;1
202100048379;115 280;7;0;2;2;21;1
202100048379;115 281;7;2;2;1;9;1
202100048380;115 278;7;0;2;3;1;1
202100048380;115 279;2;0;2;1;13;1
202100048381;115 277;10;12;0;9;1;1
202100048382;115 275;1;0;2;1;1;5
202100048382;115 276;14;0;9;3;16;1
202100048383;115 273;7;0;2;2;15;1
202100048383;115 274;1;0;2;1;25;5
202100048384;115 272;7;0;1;1;1;1
202100048385;115 270;30;0;2;1;0;1
202100048385;115 271;7;0;2;5;20;1
202100048386;115 269;7;0;1;1;1;1
202100048387;115 267;7;0;0;0;16;1
202100048387;115 268;7;0;2;5;21;1
202100048388;115 265;33;0;2;6;26;1
202100048388;115 266;7;0;2;3;15;1
202100048389;115 264;10;0;1;1;1;1
202100048390;115 261;7;0;2;7;1;1
202100048390;115 262;7;0;2;1;23;1
202100048390;115 263;7;0;2;1;1;1
202100048391;115 259;7;1;0;1;1;1
202100048392;115 257;7;0;2;8;0;1
202100048392;115 258;7;0;2;2;9;1
202100048393;115 255;10;0;2;3;1;1
202100048393;115 256;7;0;2;2;1;1
202100048394;115 253;7;0;2;2;19;1
202100048394;115 254;7;8;2;1;1;1
202100048395;115 251;2;0;2;7;20;3
202100048395;115 252;7;0;2;1;14;1
202100048396;115 249;7;0;2;3;16;2
202100048396;115 250;7;0;2;1;1;1
202100048397;115 247;2;0;2;1;2;1
202100048397;115 248;7;0;2;4;2;1
202100048398;115 245;1;0;2;6;1;5
202100048398;115 246;7;0;2;2;17;0
202100048399;115 244;7;0;1;1;16;1
202100048400;115 243;7;0;1;8;26;1
202100048401;115 241;30;0;2;1;9;1
202100048401;115 242;99;0;2;5;9;3
202100048402;115 239;7;0;2;3;0;1
202100048402;115 240;17;0;2;3;13;1
202100048403;115 237;10;0;2;8;1;1
202100048403;115 238;30;0;2;1;13;3
202100048404;115 236;7;0;1;1;1;1
202100048405;115 235;7;0;1;2;1;1
202100048406;115 234;7;0;1;2;9;1
202100048407;115 233;10;0;1;1;16;1
202100048408;115 231;7;0;2;3;15;1
202100048408;115 232;33;0;2;1;1;1
202100048409;115 230;7;0;1;2;1;1
202100048410;115 228;30;0;2;1;2;1
202100048410;115 229;7;0;2;4;2;1
202100048411;115 226;7;0;2;1;1;1
202100048411;115 227;31;0;2;1;2;1
202100048412;115 224;7;0;2;1;1;6
202100048412;115 225;7;0;2;5;0;1
202100048413;115 221;7;0;2;1;1;1
202100048413;115 222;7;0;2;1;1;1
202100048413;115 223;7;0;2;4;1;1
202100048414;115 218;14;3;2;1;2;1
202100048414;115 219;7;3;2;9;2;2
202100048414;115 220;7;0;2;6;2;1
202100048415;115 216;10;0;2;3;9;1
202100048415;115 217;7;0;2;1;1;1
202100048416;115 214;7;0;2;1;15;1
202100048416;115 215;7;0;2;1;1;1
202100048417;115 213;7;0;9;7;21;1
202100048418;115 211;7;0;2;8;15;1
202100048418;115 212;33;0;2;1;1;1
202100048419;115 209;32;1;2;8;24;1
202100048419;115 210;7;1;2;0;2;1
202100048420;115 207;2;0;2;1;2;1
202100048420;115 208;7;0;2;2;15;1
202100048421;115 206;31;0;1;1;25;1
202100048422;115 204;34;0;2;4;1;0
202100048422;115 205;7;0;2;1;2;0
202100048423;115 202;1;0;2;1;26;5
202100048423;115 203;7;0;2;7;1;0
202100048424;115 201;34;12;0;1;1;1
202100048425;115 200;7;1;0;1;1;1
202100048426;115 198;7;0;0;4;23;1
202100048426;115 199;7;0;2;1;1;1
202100048427;115 196;10;0;2;8;15;1
202100048427;115 197;33;0;2;1;17;1
202100048428;115 195;7;0;1;1;1;1
202100048429;115 193;33;0;2;3;2;1
202100048429;115 194;10;0;2;5;2;1
202100048430;115 190;33;0;2;1;3;1
202100048430;115 191;33;0;2;4;11;1
202100048430;115 192;10;0;2;7;1;1
202100048431;115 189;7;0;1;2;1;1