Num_Acc;id_vehicule;categorie_vehicule;obstacle_fixe;obstacle_mobile;point_choc_initial;manoeuvre_principale;motorisation
202100048432;115 187;80;0;2;8;1;3
202100048432;115 188;7;0;2;7;22;1
202100048433;115 186;7;0;1;2;1;1
202100048434;115 184;7;0;2;5;2;1
202100048434;115 185;30;0;2;1;2;1
202100048435;115 182;1;0;2;0;1;5
202100048435;115 183;1;0;2;0;1;5
202100048436;115 180;30;0;2;1;1;1
202100048436;115 181;7;0;2;2;15;1
202100048437;115 178;50;0;2;0;1;3
202100048437;115 179;7;0;2;8;15;1
202100048438;115 176;10;0;2;8;22;1
202100048438;115 177;1;0;2;7;1;5
202100048439;115 174;1;0;2;2;2;5
202100048439;115 175;7;0;2;8;22;1
202100048440;115 171;43;0;2;0;1;1
202100048440;115 172;34;0;2;1;1;1
202100048440;115 173;7;0;2;0;15;1
202100048441;115 169;30;0;2;3;15;1
202100048441;115 170;7;0;2;1;1;1
202100048442;115 168;1;0;0;0;21;5
202100048443;115 166;1;0;2;1;1;5
202100048443;115 167;1;0;2;1;17;5
202100048444;115 165;7;0;1;4;20;1
202100048445;115 164;7;0;1;1;26;1
202100048446;115 162;30;0;2;9;1;0
202100048446;115 163;7;0;2;3;1;1
202100048447;115 161;10;7;0;1;1;1
202100048448;115 159;1;0;2;1;1;5
202100048448;115 160;10;0;2;3;13;1
202100048449;115 156;7;0;2;4;1;1
202100048449;115 157;7;0;2;4;1;1
202100048449;115 158;7;0;2;1;1;1
202100048450;115 155;7;0;1;1;15;1
202100048451;115 154;30;0;2;0;26;0
202100048452;115 152;14;0;2;8;2;1
202100048452;115 153;30;0;2;7;2;1
202100048453;115 150;10;8;0;7;26;1
202100048453;115 151;10;0;2;1;0;1
202100048454;115 149;99;0;1;0;26;0
202100048455;115 148;7;0;1;3;13;1
202100048456;115 146;32;0;2;1;2;1
202100048456;115 147;7;0;2;4;2;1
202100048457;115 144;7;0;2;2;26;1
202100048457;115 145;7;0;2;3;15;1
202100048458;115 142;7;0;2;1;2;1
202100048458;115 143;7;0;2;4;23;1
202100048459;115 140;7;12;1;9;23;2
202100048459;115 141;10;0;2;1;2;1
202100048460;115 138;10;0;2;6;20;1
202100048460;115 139;31;0;2;2;2;1
202100048461;115 137;7;0;0;9;1;1
202100048462;115 135;1;0;2;6;1;5
202100048462;115 136;10;0;2;2;2;1
202100048463;115 134;7;13;0;2;1;1
202100048464;115 132;7;0;2;4;2;1
202100048464;115 133;7;0;2;1;2;1
202100048465;115 131;7;0;0;0;1;1
202100048466;115 129;7;0;2;1;1;1
202100048466;115 130;7;0;2;1;13;1
202100048467;115 128;10;13;0;2;0;1
202100048468;115 126;7;0;2;3;15;1
202100048468;115 127;7;8;2;2;17;1
202100048469;115 125;7;1;0;8;26;1
202100048470;115 124;7;2;0;0;13;1
202100048471;115 122;15;0;2;6;1;1
202100048471;115 123;7;0;2;3;1;1
202100048472;115 121;7;0;1;1;16;0
202100048473;115 120;7;2;0;9;14;1
202100048474;115 118;10;0;2;2;1;1
202100048474;115 119;33;0;2;8;1;1
202100048475;115 117;33;13;0;1;1;1
202100048476;115 115;7;0;2;2;1;1
202100048476;115 116;7;0;2;3;9;1
202100048477;115 112;7;0;2;1;1;1
202100048477;115 113;7;0;2;1;1;1
202100048477;115 114;7;0;2;1;5;1
202100048478;115 109;1;0;2;3;21;5
202100048478;115 110;15;0;0;0;1;1
202100048478;115 111;15;0;2;3;1;1
202100048479;115 108;3;1;0;2;1;1
202100048480;115 106;7;0;0;3;1;1
202100048480;115 107;7;0;0;8;19;1
202100048481;115 104;7;0;2;8;1;1
202100048481;115 105;10;0;2;3;13;1
202100048482;115 103;7;6;0;9;14;1
202100048483;115 101;7;0;2;3;15;1
202100048483;115 102;2;0;2;1;1;1
202100048484;115 098;7;0;2;3;11;1
202100048484;115 099;15;0;0;5;1;1
202100048484;115 100;7;0;2;7;17;1
202100048485;115 097;7;4;0;3;1;1
202100048486;115 095;7;0;2;1;1;1
202100048486;115 096;7;0;2;7;13;1
202100048487;115 093;7;0;0;4;23;1
202100048487;115 094;7;0;0;1;26;1
202100048488;115 091;10;0;0;0;0;1
202100048489;115 089;2;0;2;1;17;1
202100048489;115 090;7;0;2;1;1;1
202100048490;115 087;7;0;0;3;1;1
202100048490;115 088;7;0;0;3;13;1
202100048491;115 084;7;0;2;1;2;1
202100048491;115 085;7;0;2;4;1;1
202100048492;115 082;7;0;2;4;1;1
202100048492;115 083;7;0;2;1;2;1
202100048493;115 080;14;0;2;5;12;1
202100048493;115 081;7;0;2;3;1;1
202100048494;115 078;17;0;2;6;1;1
202100048494;115 079;10;0;2;2;14;1
202100048495;115 076;33;0;2;3;1;1
202100048495;115 077;7;0;2;8;11;1
202100048496;115 074;7;0;0;0;26;1
202100048496;115 075;7;0;0;0;0;1
202100048497;115 072;14;0;2;0;1;1
202100048497;115 073;7;0;2;3;2;1
202100048498;115 069;7;0;2;1;2;1
202100048498;115 070;7;0;2;4;2;1
202100048498;115 071;7;0;2;4;2;2
202100048499;115 067;30;0;2;2;12;1
202100048499;115 068;15;0;2;6;1;1
202100048500;115 065;33;0;2;1;3;1
202100048500;115 066;10;0;2;8;11;1
202100048501;115 064;39;0;1;1;1;0
202100048502;115 063;7;0;1;1;1;1
202100048503;115 061;33;0;2;2;16;1
202100048503;115 062;7;0;2;3;1;1
202100048504;115 059;7;0;2;1;9;1
202100048504;115 060;7;0;2;4;23;1
202100048505;115 058;1;0;1;1;1;5
202100048506;115 056;1;0;0;4;15;0
202100048506;115 057;7;0;9;1;16;1
202100048507;115 054;7;0;2;6;21;1
202100048507;115 055;7;0;2;2;2;1
202100048508;115 052;7;0;2;3;9;1
202100048508;115 053;1;0;2;0;0;5
202100048509;115 051;7;0;1;1;16;0
202100048510;115 050;7;0;2;1;17;1
202100048511;115 047;7;1;2;8;0;1
202100048511;115 048;2;0;2;3;1;1
202100048511;115 049;7;0;2;1;13;1
202100048512;115 046;32;0;2;3;17;1
202100048513;115 045;37;0;1;2;1;1
202100048514;115 043;14;0;2;1;1;1
202100048514;115 044;7;0;0;4;1;1
202100048515;115 041;7;0;2;4;0;1
202100048515;115 042;2;0;2;1;1;1
202100048516;115 039;7;0;2;8;9;1
202100048516;115 040;30;0;2;1;1;1
202100048517;115 037;7;0;2;6;23;0
202100048517;115 038;7;0;2;3;1;0
202100048518;115 035;14;0;2;1;13;1
202100048518;115 036;17;0;2;3;1;1
202100048519;115 032;7;15;0;1;1;1
202100048520;115 030;7;1;2;3;23;1
202100048520;115 031;1;14;0;2;25;0
202100048521;115 027;10;0;2;1;2;1
202100048521;115 028;7;0;2;4;23;1
202100048521;115 029;7;0;2;4;23;1
202100048522;115 025;32;0;2;1;1;1
202100048522;115 026;7;0;2;1;15;1
202100048523;115 023;7;0;2;6;15;1
202100048523;115 024;7;0;2;3;1;1
202100048524;115 021;1;0;2;7;19;5
202100048524;115 022;7;0;2;1;1;1
202100048525;115 019;10;0;2;1;1;1
202100048525;115 020;1;0;2;0;0;5
202100048526;115 017;7;0;2;1;15;1
202100048526;115 018;7;0;2;8;1;1
202100048527;115 015;7;0;2;0;0;1
202100048527;115 016;2;0;2;1;13;1
202100048528;115 012;7;8;2;1;1;1
202100048528;115 013;7;0;2;3;1;1
202100048528;115 014;7;0;2;6;1;1
202100048529;115 010;80;0;2;3;15;3
202100048529;115 011;7;0;2;2;23;1
202100048530;115 008;10;0;2;1;1;1
202100048530;115 009;1;0;2;3;15;5
202100048531;115 006;7;0;2;1;1;1
202100048531;115 007;7;0;2;7;15;1
202100048532;115 004;2;0;2;7;15;1
202100048532;115 005;7;0;2;2;1;1
202100048533;115 002;7;0;2;4;1;1
202100048533;115 003;1;0;2;1;2;5
202100048534;115 000;30;0;2;2;12;1
202100048534;115 001;30;0;2;3;1;1
202100048535;114 998;7;0;2;7;12;1
202100048535;114 999;1;0;2;8;0;5
202100048536;114 995;7;0;2;4;23;1
202100048536;114 996;7;0;0;4;23;1
202100048536;114 997;37;0;2;1;2;6
202100048537;114 993;7;0;2;2;21;1
202100048537;114 994;7;0;2;3;9;1
202100048538;114 991;17;0;2;3;15;1
202100048538;114 992;7;0;2;0;1;1
202100048539;114 989;10;0;2;1;1;1
202100048539;114 990;7;0;2;8;16;1
202100048540;114 987;7;8;0;5;13;1
202100048541;114 985;7;0;2;2;1;1
202100048541;114 986;80;0;2;3;19;3
202100048542;114 984;7;0;1;8;1;1
202100048543;114 983;7;14;0;3;13;1
202100048544;114 980;7;0;2;1;2;1
202100048544;114 981;7;0;2;1;2;1
202100048544;114 982;7;0;9;4;2;2
202100048545;114 979;7;0;1;2;16;1
202100048546;114 977;14;0;2;0;0;1
202100048546;114 978;7;4;2;0;9;1
202100048547;114 975;14;0;2;2;1;1
202100048547;114 976;7;9;2;7;15;1
202100048548;114 973;7;0;2;1;1;1
202100048548;114 974;7;0;2;1;1;1
202100048549;114 971;7;0;2;3;15;1
202100048549;114 972;10;0;2;1;1;1
202100048550;114 969;7;0;2;1;0;1
202100048550;114 970;7;0;2;2;1;1
202100048551;114 968;7;0;1;2;1;1
202100048552;114 966;7;0;2;7;19;1
202100048552;114 967;7;0;2;1;26;1
202100048553;114 962;80;0;2;4;1;3
202100048553;114 963;13;0;2;4;4;1
202100048554;114 959;7;0;2;3;1;1
202100048554;114 960;7;0;2;4;0;1
202100048554;114 961;7;0;2;6;1;1
202100048555;114 958;7;0;1;2;1;1
202100048556;114 957;10;0;1;1;1;3
202100048557;114 955;32;0;1;8;1;1
202100048557;114 956;7;0;2;1;19;1
202100048558;114 953;7;0;2;1;19;0
202100048558;114 954;7;0;9;3;23;1
202100048559;114 952;37;0;1;5;14;1
202100048560;114 950;7;0;2;2;1;1
202100048560;114 951;32;0;2;1;1;1
202100048561;114 949;7;0;1;1;1;1
202100048562;114 948;2;0;0;0;7;1
202100048563;114 947;1;12;0;1;9;5
202100048564;114 945;10;0;2;8;13;1
202100048564;114 946;32;0;2;7;1;1
202100048565;114 943;31;0;2;3;1;1
202100048565;114 944;7;0;2;2;1;1
202100048566;114 941;7;0;2;3;1;1
202100048566;114 942;32;1;2;1;1;1
202100048567;114 939;30;0;2;7;1;1
202100048567;114 940;10;0;2;1;15;1
202100048568;114 938;1;0;0;0;1;5
202100048569;114 936;32;0;2;1;1;1
202100048569;114 937;7;0;2;6;10;1
202100048570;114 934;2;0;2;2;17;1
202100048570;114 935;7;0;2;3;1;1
202100048571;114 932;14;0;2;3;13;1
202100048571;114 933;34;0;2;2;17;1
202100048572;114 930;7;0;2;3;9;1
202100048572;114 931;30;0;2;2;1;1
202100048573;114 929;10;0;1;4;20;1
202100048574;114 927;7;0;2;1;1;1
202100048574;114 928;7;0;2;4;24;1
202100048575;114 926;10;0;1;2;16;1
202100048576;114 924;10;0;2;1;1;1
202100048576;114 925;14;0;2;0;1;1
202100048577;114 922;32;0;2;1;2;1
202100048577;114 923;32;0;2;4;23;1
202100048578;114 920;7;0;2;3;1;1
202100048578;114 921;7;0;2;1;15;1
202100048579;114 919;80;0;1;1;21;3
202100048580;114 917;10;0;2;8;1;1
202100048580;114 918;7;0;2;1;1;1
202100048581;114 915;10;0;2;0;19;1
202100048581;114 916;50;0;2;6;1;3
202100048582;114 914;7;0;1;3;21;1
202100048583;114 913;30;0;0;1;1;1
202100048584;114 912;2;0;0;8;0;1
202100048585;114 911;7;0;1;2;1;1
202100048586;114 910;43;0;1;7;2;1
202100048587;114 909;34;0;2;2;17;1
202100048588;114 908;10;0;1;4;4;3
202100048589;114 906;7;0;2;5;15;1
202100048589;114 907;33;0;2;3;21;1
202100048590;114 904;32;0;2;8;1;1
202100048590;114 905;7;0;2;1;15;1
202100048591;114 902;1;0;2;1;26;0
202100048591;114 903;7;0;0;3;9;2
202100048592;114 900;7;0;2;0;0;0
202100048592;114 901;7;0;2;3;9;1
202100048593;114 899;7;1;0;2;1;1
202100048594;114 897;7;0;2;3;15;1
202100048594;114 898;31;0;2;3;1;1
202100048595;114 895;7;0;2;1;0;0
202100048595;114 896;30;0;2;4;23;1
202100048596;114 893;7;0;2;2;15;1
202100048596;114 894;33;0;2;1;1;1
202100048597;114 892;15;0;1;3;13;1
202100048598;114 891;7;2;0;8;0;1
202100048599;114 890;10;0;1;1;1;1
202100048600;114 889;7;16;0;0;14;1
202100048601;114 887;31;0;2;1;1;1
202100048601;114 888;7;0;2;3;10;1
202100048602;114 885;7;0;2;2;16;1
202100048602;114 886;50;0;0;6;1;3
202100048603;114 881;7;0;2;2;1;1
202100048603;114 882;80;0;2;1;1;3
202100048604;114 879;7;0;2;1;1;1
202100048604;114 880;31;0;2;1;13;1
202100048605;114 878;7;10;0;1;19;1
202100048606;114 877;14;0;1;2;15;1
202100048607;114 873;1;1;0;1;2;5
202100048607;114 874;14;0;0;6;0;0
202100048608;114 872;7;0;1;3;15;1
202100048609;114 871;2;0;0;0;1;1
202100048610;114 870;7;10;0;2;1;1
202100048611;114 868;7;15;2;3;1;1
202100048611;114 869;7;7;2;7;1;1
202100048612;114 867;7;2;0;1;1;1
202100048613;114 866;7;2;0;1;19;1
202100048614;114 865;10;0;1;7;1;1
202100048615;114 864;2;0;0;0;1;1
202100048616;114 863;33;0;0;2;1;1
202100048617;114 860;2;0;0;6;2;1
202100048618;114 858;7;0;2;4;15;1
202100048618;114 859;7;0;2;1;1;1
202100048619;114 856;7;0;2;3;1;1
202100048619;114 857;7;0;2;3;0;1
202100048620;114 855;7;8;0;7;0;1
202100048621;114 854;7;0;1;3;17;2
202100048622;114 852;7;0;2;1;1;1
202100048622;114 853;1;0;2;4;14;5
202100048623;114 850;7;0;0;4;2;1
202100048623;114 851;7;0;0;1;2;1
202100048624;114 849;7;8;0;1;1;1
202100048625;114 844;17;0;0;4;1;1
202100048625;114 845;17;0;2;2;11;1
202100048625;114 846;7;0;2;4;1;1
202100048625;114 847;7;0;2;4;1;1
202100048625;114 848;7;0;2;4;1;1
202100048626;114 842;17;0;2;1;1;1
202100048626;114 843;7;0;2;2;1;1
202100048627;114 841;33;5;0;7;14;1
202100048628;114 838;2;0;2;1;18;1
202100048628;114 839;7;0;2;7;16;1
202100048629;114 836;7;0;2;2;2;1
202100048629;114 837;10;0;2;6;1;1
202100048630;114 834;7;0;2;3;19;1
202100048630;114 835;7;0;2;2;1;1
202100048631;114 832;31;0;2;1;1;1
202100048631;114 833;7;0;2;3;15;1
202100048632;114 830;10;0;2;3;1;1
202100048632;114 831;7;0;2;1;1;1
202100048633;114 829;7;2;0;8;13;1
202100048634;114 827;33;0;2;2;2;1
202100048634;114 828;7;0;2;3;1;1
202100048635;114 823;10;0;2;1;2;1
202100048635;114 824;7;0;2;4;2;3
202100048636;114 820;7;0;2;4;2;1
202100048636;114 821;7;0;2;4;2;1
202100048636;114 822;10;0;2;1;2;1
202100048637;114 817;7;0;2;5;1;0
202100048637;114 818;7;0;2;4;1;1
202100048637;114 819;7;0;2;1;11;1
202100048638;114 816;7;4;0;9;0;1
202100048639;114 813;7;0;2;4;2;1
202100048639;114 814;7;0;2;1;2;1
202100048639;114 815;7;0;2;4;2;1
202100048640;114 810;7;0;2;1;2;1
202100048640;114 811;7;0;2;4;2;1
202100048640;114 812;7;0;2;4;2;1
202100048641;114 809;7;4;0;2;0;1
202100048642;114 807;33;4;2;3;9;1
202100048642;114 808;17;0;2;7;1;1
202100048643;114 805;7;0;2;4;1;1
202100048643;114 806;32;0;2;1;0;1
202100048644;114 804;7;0;1;2;0;1
202100048645;114 802;7;0;2;5;15;1
202100048645;114 803;32;0;2;1;3;1
202100048646;114 801;7;0;1;1;1;1
202100048647;114 799;7;0;2;1;1;1
202100048647;114 800;7;0;2;2;1;1
202100048648;114 798;7;0;1;0;0;0
202100048649;114 797;32;0;1;1;0;1
202100048650;114 795;7;0;2;8;15;1
202100048650;114 796;1;0;2;1;17;5
202100048651;114 794;2;14;0;1;1;1
202100048652;114 791;7;0;2;1;2;1
202100048652;114 792;7;0;2;6;2;1
202100048652;114 793;7;0;2;4;21;1
202100048653;114 789;33;0;2;1;1;1
202100048653;114 790;14;0;2;2;15;1
202100048654;114 788;37;1;1;5;16;1
202100048655;114 784;7;0;2;3;15;1
202100048655;114 785;7;0;2;1;1;1
202100048655;114 786;7;0;2;9;1;1
202100048655;114 787;7;1;0;4;24;1
202100048656;114 783;7;0;0;1;9;1
202100048657;114 781;34;0;2;1;1;1
202100048657;114 782;7;0;2;3;15;1
202100048658;114 778;32;0;2;7;1;1
202100048658;114 779;7;0;2;1;9;1
202100048659;114 776;1;0;2;1;26;5
202100048659;114 777;7;0;2;3;26;1
202100048660;114 775;7;0;1;2;1;1
202100048661;114 773;33;0;2;1;1;0
202100048661;114 774;7;0;2;2;17;0
202100048662;114 771;7;0;2;1;2;1
202100048662;114 772;13;0;2;4;23;1
202100048663;114 770;32;0;0;0;0;1
202100048664;114 768;50;0;2;1;1;3
202100048664;114 769;10;0;2;0;10;3
202100048665;114 766;7;0;2;3;9;1
202100048665;114 767;7;0;2;1;9;1
202100048666;114 764;1;0;2;1;15;5
202100048666;114 765;7;0;2;1;1;1
202100048667;114 762;7;0;2;1;20;1
202100048667;114 763;7;0;2;3;1;1
202100048668;114 761;33;15;0;1;14;1
202100048669;114 759;7;0;2;1;19;1
202100048669;114 760;7;0;2;7;1;1
202100048670;114 758;2;0;2;0;1;3
202100048671;114 757;7;0;1;3;9;0
202100048672;114 755;2;0;2;8;9;1
202100048672;114 756;7;0;2;1;26;0
202100048673;114 754;31;0;0;0;23;1
202100048674;114 752;33;0;2;2;12;1
202100048674;114 753;7;0;2;3;13;1
202100048675;114 749;99;0;1;0;17;6
202100048676;114 747;7;0;2;8;1;1
202100048676;114 748;7;0;2;1;1;1
202100048677;114 745;7;0;2;1;2;1
202100048677;114 746;13;0;2;4;2;1
202100048678;114 743;15;0;2;5;14;1
202100048678;114 744;80;0;2;1;7;3
202100048679;114 741;33;0;2;2;1;1
202100048679;114 742;7;0;2;3;11;1
202100048680;114 739;33;14;0;3;12;1
202100048680;114 740;7;0;2;3;9;1
202100048681;114 737;15;0;2;7;17;1
202100048681;114 738;3;0;2;3;15;1
202100048682;114 735;7;0;2;2;1;0
202100048682;114 736;7;0;2;1;1;1
202100048683;114 733;7;0;2;2;1;1
202100048683;114 734;30;0;2;8;26;1
202100048684;114 732;32;0;1;2;17;1
202100048685;114 730;7;0;2;3;15;1
202100048685;114 731;1;0;2;1;1;5
202100048686;114 728;7;0;2;3;1;0
202100048686;114 729;7;0;2;0;0;0
202100048687;114 726;34;0;2;1;1;1
202100048687;114 727;7;0;2;6;0;1
202100048688;114 724;7;0;2;0;0;1
202100048688;114 725;3;0;2;0;24;3
202100048689;114 721;7;0;2;8;1;1
202100048689;114 722;30;0;2;1;1;1
202100048689;114 723;32;0;2;1;1;1
202100048690;114 720;34;0;1;2;2;1
202100048691;114 718;32;1;0;1;2;1
202100048691;114 719;15;0;2;6;24;1
202100048692;114 717;30;0;0;0;1;1
202100048693;114 716;10;0;1;2;1;1
202100048694;114 715;30;1;1;1;1;3
202100048695;114 713;7;0;2;6;15;1
202100048695;114 714;32;0;2;7;17;1
202100048696;114 711;50;0;2;1;1;3
202100048696;114 712;7;0;2;5;15;2
202100048697;114 709;34;0;2;1;17;1
202100048697;114 710;7;0;2;8;10;1
202100048698;114 707;7;1;1;0;23;1
202100048698;114 708;7;0;2;1;1;2
202100048699;114 706;7;0;1;2;1;1
202100048700;114 705;1;0;1;1;21;5
202100048701;114 703;1;0;2;1;19;5
202100048701;114 704;7;0;2;6;15;1
202100048702;114 701;7;0;2;8;22;1
202100048702;114 702;1;0;2;1;1;5
202100048703;114 699;7;0;2;1;1;1
202100048703;114 700;7;0;2;1;11;1
202100048704;114 698;7;0;1;3;1;1
202100048705;114 697;7;1;1;3;1;1
202100048706;114 695;33;0;2;1;5;1
202100048706;114 696;7;0;2;1;1;1
202100048707;114 693;10;1;0;1;0;1
202100048707;114 694;7;1;0;0;0;2
202100048708;114 692;7;1;2;7;2;1
202100048709;114 691;7;0;1;2;2;0
202100048710;114 689;30;0;2;3;19;6
202100048710;114 690;32;0;2;5;9;6
202100048711;114 687;10;0;2;2;1;1
202100048711;114 688;99;0;2;3;9;0
202100048712;114 686;34;0;1;0;17;0
202100048713;114 685;7;1;1;3;17;1
202100048714;114 683;30;0;0;0;0;1
202100048714;114 684;7;0;0;1;15;1
202100048715;114 682;7;0;1;2;9;1
202100048716;114 681;7;15;2;1;13;1
202100048717;114 679;60;0;2;7;19;5
202100048717;114 680;30;0;2;1;18;1
202100048718;114 677;7;0;2;1;15;1
202100048718;114 678;1;0;2;1;1;5
202100048719;114 675;17;0;2;8;16;1
202100048719;114 676;33;0;0;0;1;1
202100048720;114 674;7;0;1;0;1;0
202100048721;114 671;32;0;2;1;1;1
202100048721;114 672;7;0;2;7;14;1
202100048721;114 673;7;0;2;1;15;0
202100048722;114 669;7;0;2;1;15;1
202100048722;114 670;10;0;2;2;1;1
202100048723;114 667;7;0;2;5;1;1
202100048723;114 668;7;0;2;1;1;1
202100048724;114 666;2;13;0;1;1;1
202100048725;114 665;10;0;0;0;13;1
202100048726;114 663;1;0;2;8;2;5
202100048726;114 664;7;0;2;7;2;1
202100048727;114 661;7;0;2;1;1;1
202100048727;114 662;7;7;0;7;19;1
202100048728;114 659;7;0;0;2;1;1
202100048728;114 660;33;0;2;3;11;1
202100048729;114 657;1;0;2;8;1;5
202100048729;114 658;7;0;9;1;15;1
202100048730;114 655;7;0;2;4;2;1
202100048730;114 656;7;0;2;1;2;1
202100048731;114 654;33;0;0;1;1;1
202100048732;114 653;10;2;0;3;0;1
202100048733;114 651;10;0;2;3;15;1
202100048733;114 652;33;0;2;1;1;1
202100048734;114 649;7;0;2;4;1;1
202100048734;114 650;33;0;2;1;1;1
202100048735;114 648;7;6;0;8;1;1
202100048736;114 646;7;0;2;4;1;1
202100048736;114 647;7;0;2;2;1;1
202100048737;114 644;7;0;2;3;1;1
202100048737;114 645;7;0;2;1;19;1
202100048738;114 643;7;2;0;1;1;1
202100048739;114 642;2;13;0;0;1;1
202100048740;114 641;7;8;0;1;0;1
202100048741;114 639;7;0;2;3;1;1
202100048741;114 640;7;0;2;3;13;1
202100048742;114 637;7;0;2;7;1;1
202100048742;114 638;7;0;2;1;1;1
202100048743;114 635;7;0;2;8;19;1
202100048743;114 636;7;0;2;1;1;1
202100048744;114 633;10;3;2;4;11;1
202100048744;114 634;7;0;2;1;17;1
202100048745;114 631;33;0;2;1;1;1
202100048745;114 632;7;0;2;3;10;1
202100048746;114 630;50;14;0;1;1;3
202100048747;114 628;1;0;2;3;2;0
202100048747;114 629;7;0;9;2;0;1
202100048748;114 626;7;0;2;6;15;1
202100048748;114 627;7;0;2;1;1;1
202100048749;114 624;7;0;2;2;13;1
202100048749;114 625;31;0;2;1;0;1
202100048750;114 623;1;0;0;0;0;5
202100048751;114 621;7;0;2;2;19;1
202100048751;114 622;7;0;2;3;1;1
202100048752;114 619;2;0;2;1;1;1
202100048752;114 620;7;0;0;4;1;1
202100048753;114 618;2;17;0;1;1;1
202100048754;114 617;7;13;0;3;13;1
202100048755;114 616;7;0;1;2;2;1
202100048756;114 615;7;0;1;3;15;1
202100048757;114 614;33;0;0;0;0;1
202100048758;114 612;7;14;0;3;1;1
202100048758;114 613;15;0;2;5;23;1
202100048759;114 609;7;0;2;1;2;1
202100048759;114 610;7;0;2;4;21;1
202100048759;114 611;7;0;2;4;2;1
202100048760;114 607;15;0;2;2;12;1
202100048760;114 608;7;0;2;6;1;1
202100048761;114 606;33;0;0;0;0;1
202100048762;114 604;7;0;2;6;11;1
202100048762;114 605;7;0;2;2;1;1
202100048763;114 603;13;3;2;4;2;1
202100048764;114 602;33;0;0;2;1;1
202100048765;114 600;7;0;2;4;2;1
202100048765;114 601;10;0;2;1;2;1
202100048766;114 598;7;4;2;7;1;1
202100048766;114 599;17;0;2;8;11;1
202100048767;114 596;7;0;2;8;11;1
202100048767;114 597;34;0;2;7;1;1
202100048768;114 594;32;0;2;1;3;1
202100048768;114 595;7;0;2;2;12;1
202100048769;114 591;10;0;2;4;2;1
202100048769;114 592;10;0;2;1;2;1
202100048769;114 593;7;0;2;4;2;1
202100048770;114 589;7;0;2;1;1;1
202100048770;114 590;10;0;2;4;1;1
202100048771;114 588;7;5;0;1;14;1
202100048772;114 586;31;0;2;7;1;1
202100048772;114 587;7;0;2;1;9;1
202100048773;114 585;7;0;1;1;15;1
202100048774;114 584;40;0;1;7;1;3
202100048775;114 582;7;0;2;2;16;1
202100048775;114 583;33;0;2;0;1;1
202100048776;114 580;7;0;2;3;10;1
202100048776;114 581;32;0;2;7;17;1
202100048777;114 578;32;0;2;3;1;1
202100048777;114 579;10;0;2;2;12;1
202100048778;114 576;7;0;2;3;9;1
202100048778;114 577;7;0;2;2;1;1
202100048779;114 575;1;0;1;1;16;5
202100048780;114 573;1;0;2;4;23;5
202100048780;114 574;1;0;2;1;1;5
202100048781;114 571;1;0;2;6;1;5
202100048781;114 572;7;0;2;0;14;0
202100048782;114 570;2;0;0;7;1;1
202100048783;114 568;7;0;2;3;1;1
202100048783;114 569;33;0;2;1;1;1
202100048784;114 567;32;0;1;1;1;1
202100048785;114 566;30;0;0;3;1;1
202100048786;114 564;1;0;2;1;1;5
202100048786;114 565;50;0;2;1;13;3
202100048787;114 563;7;0;1;2;1;0
202100048788;114 562;7;8;0;4;20;1
202100048789;114 560;34;0;2;7;1;1
202100048789;114 561;7;0;2;2;15;1
202100048790;114 558;7;0;2;1;19;1
202100048790;114 559;7;0;2;1;0;1
202100048791;114 555;10;0;2;1;1;1
202100048791;114 556;7;0;2;8;10;1
202100048791;114 557;7;0;2;2;1;1
202100048792;114 554;7;15;1;1;1;1
202100048793;114 553;7;0;1;1;1;0
202100048794;114 551;7;0;2;2;17;1
202100048794;114 552;99;0;2;8;2;0
202100048795;114 549;31;0;2;2;16;1
202100048795;114 550;30;0;2;3;26;1
202100048796;114 548;10;0;1;1;0;1
202100048797;114 547;50;0;0;0;0;3
202100048798;114 545;1;0;2;8;26;0
202100048798;114 546;7;0;2;2;13;0
202100048799;114 544;2;0;0;8;26;1
202100048800;114 542;7;0;2;1;2;1
202100048800;114 543;7;0;2;4;23;1
202100048801;114 541;7;15;0;1;1;1
202100048802;114 539;7;0;0;0;0;1
202100048802;114 540;80;0;0;0;13;2
202100048803;114 537;7;3;2;1;1;1
202100048803;114 538;7;0;2;1;1;1
202100048804;114 532;7;0;9;3;26;1
202100048804;114 533;1;0;2;7;1;0
202100048805;114 531;7;8;0;1;0;1
202100048806;114 529;33;0;2;1;1;1
202100048806;114 530;3;0;2;3;15;1
202100048807;114 527;7;0;2;1;1;1
202100048807;114 528;7;0;2;8;1;1
202100048808;114 526;7;9;0;3;1;1
202100048809;114 524;7;0;2;8;1;1
202100048809;114 525;7;0;2;1;1;1
202100048810;114 522;7;0;2;1;19;1
202100048810;114 523;7;7;2;8;19;1
202100048811;114 518;14;0;2;8;17;1
202100048811;114 519;17;0;0;0;24;1
202100048811;114 520;31;0;2;1;2;1
202100048811;114 521;10;0;2;6;1;1
202100048812;114 517;1;3;9;1;16;5
202100048813;114 515;7;0;2;3;1;1
202100048813;114 516;10;0;2;3;15;1
202100048814;114 512;30;0;2;1;5;1
202100048814;114 513;2;0;2;1;1;1
202100048814;114 514;7;0;2;8;1;1
202100048815;114 509;7;0;2;3;1;1
202100048815;114 510;7;0;2;1;1;1
202100048815;114 511;7;0;2;1;18;1
202100048816;114 507;7;0;2;1;1;1
202100048816;114 508;7;0;2;1;13;1
202100048817;114 506;2;0;1;1;1;1
202100048818;114 504;80;0;2;8;15;3
202100048818;114 505;7;0;2;2;17;1
202100048819;114 502;10;0;2;2;2;1
202100048819;114 503;80;0;2;4;1;3
202100048820;114 500;13;0;2;5;2;1
202100048820;114 501;10;0;2;1;2;1
202100048821;114 499;7;7;0;2;2;1
202100048822;114 498;7;0;0;0;1;1
202100048823;114 495;7;0;2;3;13;1
202100048823;114 496;7;0;0;5;1;1