Num_Acc;id_vehicule;categorie_vehicule;obstacle_fixe;obstacle_mobile;point_choc_initial;manoeuvre_principale;motorisation
202100048824;114 493;7;0;2;7;10;1
202100048824;114 494;33;0;2;1;1;1
202100048825;114 491;7;0;2;2;12;1
202100048825;114 492;15;0;0;6;1;1
202100048826;114 490;7;2;0;0;1;1
202100048827;114 488;14;0;0;6;15;1
202100048827;114 489;7;0;2;2;17;1
202100048828;114 486;1;0;0;7;1;5
202100048828;114 487;7;0;2;1;15;1
202100048829;114 483;7;0;2;7;17;1
202100048829;114 484;1;0;2;8;1;5
202100048829;114 485;1;0;2;8;1;5
202100048830;114 477;7;0;2;3;1;1
202100048830;114 478;15;0;2;2;14;1
202100048831;114 475;14;0;2;8;11;1
202100048831;114 476;33;0;0;7;2;1
202100048832;114 473;7;0;2;4;2;1
202100048832;114 474;7;0;2;1;2;1
202100048833;114 471;7;0;2;4;2;2
202100048833;114 472;7;0;2;1;2;2
202100048834;114 470;33;0;0;7;11;1
202100048835;114 468;7;0;2;8;2;1
202100048835;114 469;13;0;2;2;14;1
202100048836;114 467;7;4;0;1;1;1
202100048837;114 465;7;0;2;7;26;1
202100048837;114 466;33;0;2;3;18;1
202100048838;114 463;7;0;2;4;2;1
202100048838;114 464;7;0;2;9;1;1
202100048839;114 461;7;0;2;0;0;1
202100048839;114 462;33;0;2;0;0;1
202100048840;114 459;7;0;2;2;1;1
202100048840;114 460;7;0;2;6;23;1
202100048841;114 458;7;0;1;1;19;1
202100048842;114 457;7;0;1;3;1;1
202100048843;114 455;32;0;2;1;26;1
202100048843;114 456;37;0;2;2;15;1
202100048844;114 453;7;0;2;3;9;1
202100048844;114 454;2;0;2;2;0;1
202100048845;114 452;30;1;0;2;13;1
202100048846;114 450;31;0;2;1;2;1
202100048846;114 451;7;0;2;4;23;1
202100048847;114 449;1;0;1;1;1;5
202100048848;114 448;7;8;0;2;26;1
202100048849;114 445;33;0;2;4;2;0
202100048849;114 446;7;0;2;1;1;1
202100048849;114 447;33;0;2;1;2;0
202100048850;114 443;7;0;2;4;23;1
202100048850;114 444;7;0;2;1;2;1
202100048851;114 441;7;0;2;8;15;1
202100048851;114 442;33;0;2;2;17;1
202100048852;114 438;7;1;0;1;1;1
202100048852;114 439;7;0;0;0;0;1
202100048852;114 440;7;0;0;0;0;1
202100048853;114 436;7;0;0;4;15;1
202100048853;114 437;2;0;2;1;15;1
202100048854;114 435;31;0;0;3;1;1
202100048855;114 433;7;0;2;1;1;1
202100048855;114 434;2;0;2;6;15;1
202100048856;114 431;40;0;2;3;1;3
202100048856;114 432;7;0;4;1;1;1
202100048857;114 429;1;1;0;1;1;5
202100048857;114 430;7;0;2;8;22;1
202100048858;114 427;7;0;2;1;7;1
202100048858;114 428;7;0;2;2;0;1
202100048859;114 426;7;1;0;2;1;1
202100048860;114 424;32;0;2;3;1;1
202100048860;114 425;30;0;2;1;1;1
202100048861;114 422;7;0;2;3;1;1
202100048861;114 423;32;0;2;1;1;1
202100048862;114 420;32;0;2;1;17;1
202100048862;114 421;7;0;2;3;15;1
202100048863;114 419;1;0;0;0;1;5
202100048864;114 418;7;0;1;5;20;1
202100048865;114 415;33;0;2;3;3;1
202100048865;114 416;7;0;2;7;12;1
202100048865;114 417;7;0;2;1;1;1
202100048866;114 413;7;0;2;5;2;2
202100048866;114 414;33;0;2;1;2;1
202100048867;114 411;10;0;2;5;1;1
202100048867;114 412;7;0;2;3;11;3
202100048868;114 406;33;0;2;7;3;1
202100048868;114 407;7;0;2;8;11;1
202100048868;114 408;10;0;2;3;1;1
202100048868;114 409;10;0;2;5;1;1
202100048868;114 410;10;0;2;5;1;1
202100048869;114 404;7;0;2;7;16;1
202100048869;114 405;30;0;2;8;18;1
202100048870;114 403;7;0;1;2;1;1
202100048871;114 401;3;0;2;3;26;1
202100048871;114 402;43;0;2;1;17;1
202100048872;114 399;10;0;9;2;15;1
202100048872;114 400;50;0;2;8;1;3
202100048873;114 397;30;0;2;1;16;1
202100048873;114 398;7;0;2;2;1;1
202100048874;114 395;7;0;2;3;15;1
202100048874;114 396;33;0;2;7;17;1
202100048875;114 393;2;0;2;8;5;1
202100048875;114 394;7;0;2;1;1;1
202100048876;114 391;7;0;2;1;1;1
202100048876;114 392;7;0;0;7;19;1
202100048877;114 389;7;0;2;1;21;1
202100048877;114 390;7;0;2;1;13;1
202100048878;114 387;7;13;0;0;21;1
202100048879;114 386;7;0;0;0;1;1
202100048880;114 385;14;0;0;7;15;1
202100048881;114 384;17;15;0;2;1;1
202100048882;114 383;7;2;0;3;1;1
202100048883;114 381;7;7;2;3;1;1
202100048883;114 382;7;0;2;1;15;1
202100048884;114 380;33;0;1;1;21;1
202100048885;114 378;10;0;0;0;0;1
202100048886;114 375;7;0;2;2;19;1
202100048886;114 376;7;0;2;8;23;1
202100048886;114 377;7;0;2;3;1;1
202100048887;114 373;7;0;2;3;1;1
202100048887;114 374;13;0;2;3;1;1
202100048888;114 372;7;0;0;9;0;1
202100048889;114 370;7;0;2;7;1;1
202100048889;114 371;7;0;2;3;15;1
202100048890;114 368;34;0;2;2;17;1
202100048890;114 369;7;0;2;8;15;1
202100048891;114 366;3;0;0;4;2;1
202100048891;114 367;38;0;2;1;2;1
202100048892;114 365;7;15;0;1;1;1
202100048893;114 364;7;6;0;1;0;1
202100048894;114 362;7;0;2;4;2;1
202100048894;114 363;33;0;2;1;2;1
202100048895;114 360;7;0;2;1;5;1
202100048895;114 361;7;0;0;1;23;1
202100048896;114 358;7;0;2;1;2;1
202100048896;114 359;99;0;2;3;9;1
202100048897;114 356;15;0;2;1;1;1
202100048897;114 357;7;0;2;1;11;1
202100048898;114 354;7;0;2;8;15;1
202100048898;114 355;37;0;2;2;7;1
202100048899;114 352;1;0;2;1;1;5
202100048899;114 353;7;0;2;1;15;1
202100048900;114 350;17;0;2;1;1;1
202100048900;114 351;7;0;2;3;15;1
202100048901;114 348;7;0;2;4;2;1
202100048901;114 349;7;0;2;1;2;1
202100048902;114 346;7;0;0;4;1;1
202100048902;114 347;33;0;2;1;2;1
202100048903;114 344;7;0;2;4;1;1
202100048903;114 345;7;0;2;1;1;1
202100048904;114 343;7;6;0;1;13;1
202100048905;114 341;10;0;2;3;1;1
202100048905;114 342;50;0;2;4;0;3
202100048906;114 339;99;0;2;8;11;1
202100048906;114 340;7;0;2;1;17;1
202100048907;114 337;7;0;2;3;15;1
202100048907;114 338;7;15;2;3;21;1
202100048908;114 336;7;6;0;1;1;1
202100048909;114 334;7;0;2;3;17;1
202100048909;114 335;7;0;2;3;1;1
202100048910;114 332;7;0;0;1;1;1
202100048910;114 333;7;0;0;3;0;1
202100048911;114 331;7;0;1;2;2;1
202100048912;114 329;7;0;2;2;1;1
202100048912;114 330;7;0;2;3;19;1
202100048913;114 328;7;2;0;1;14;1
202100048914;114 326;43;0;2;2;3;1
202100048914;114 327;7;0;2;3;1;1
202100048915;114 325;7;0;0;9;12;1
202100048916;114 323;7;0;2;1;1;1
202100048916;114 324;7;0;2;4;23;1
202100048917;114 320;7;0;0;4;2;1
202100048917;114 321;7;0;2;1;2;1
202100048917;114 322;7;0;2;3;2;1
202100048918;114 317;10;0;0;0;0;0
202100048918;114 318;33;0;2;0;12;1
202100048918;114 319;7;0;2;3;1;1
202100048919;114 314;33;0;2;6;2;1
202100048919;114 315;7;0;2;5;2;2
202100048919;114 316;32;0;2;3;3;1
202100048920;114 312;7;1;0;1;12;1
202100048920;114 313;7;0;2;4;23;2
202100048921;114 311;7;13;2;6;1;1
202100048922;114 308;7;0;2;6;0;1
202100048922;114 309;7;0;2;8;1;1
202100048922;114 310;7;0;2;1;26;1
202100048923;114 306;30;0;2;1;13;1
202100048923;114 307;7;0;2;3;1;1
202100048924;114 304;7;0;2;3;1;1
202100048924;114 305;1;0;2;7;1;5
202100048925;114 303;7;0;1;3;1;1
202100048926;114 301;7;0;2;3;13;1
202100048926;114 302;7;0;2;3;5;1
202100048927;114 298;10;0;2;3;23;1
202100048927;114 299;7;0;2;3;23;1
202100048927;114 300;7;0;2;1;19;1
202100048928;114 296;10;0;2;3;15;1
202100048928;114 297;33;0;2;7;17;1
202100048929;114 294;7;0;2;3;16;1
202100048929;114 295;33;0;2;1;1;1
202100048930;114 292;30;0;2;1;13;1
202100048930;114 293;7;0;2;2;1;1
202100048931;114 289;7;0;1;2;16;1
202100048932;114 284;30;0;2;1;26;1
202100048932;114 285;7;0;2;3;1;1
202100048933;114 282;7;0;2;6;15;1
202100048933;114 283;33;0;2;1;1;1
202100048934;114 280;7;0;2;2;21;1
202100048934;114 281;80;0;2;1;15;3
202100048935;114 279;33;0;0;0;17;1
202100048936;114 276;7;0;2;2;14;1
202100048936;114 277;7;0;0;4;23;1
202100048936;114 278;7;0;0;6;1;1
202100048937;114 274;7;0;2;3;19;1
202100048937;114 275;1;0;2;2;1;5
202100048938;114 272;31;0;2;1;19;0
202100048938;114 273;7;0;2;1;2;1
202100048939;114 271;33;12;0;1;1;1
202100048940;114 270;7;13;0;1;1;1
202100048941;114 267;7;0;2;2;15;1
202100048941;114 268;7;2;2;1;2;1
202100048942;114 266;7;2;0;8;1;1
202100048943;114 265;7;8;0;1;26;1
202100048944;114 263;50;0;2;1;19;3
202100048944;114 264;7;0;2;4;4;1
202100048945;114 261;15;0;2;0;1;1
202100048945;114 262;7;0;2;3;13;1
202100048946;114 260;7;12;0;2;15;1
202100048947;114 258;1;0;2;9;2;0
202100048947;114 259;7;0;2;2;2;1
202100048948;114 256;30;0;2;1;3;1
202100048948;114 257;7;0;2;6;1;1
202100048949;114 255;7;0;1;0;0;0
202100048950;114 253;7;0;2;7;15;1
202100048950;114 254;33;0;2;1;1;1
202100048951;114 251;7;0;2;2;17;1
202100048951;114 252;1;0;2;8;1;5
202100048952;114 249;33;0;2;1;17;1
202100048952;114 250;7;0;2;8;15;1
202100048953;114 247;30;0;2;2;3;1
202100048953;114 248;7;0;2;3;11;1
202100048954;114 244;32;0;2;0;1;1
202100048954;114 245;7;0;2;0;23;1
202100048954;114 246;7;0;2;0;23;1
202100048955;114 242;50;0;2;2;7;3
202100048955;114 243;7;0;2;2;15;1
202100048956;114 240;37;0;2;1;9;2
202100048956;114 241;1;0;2;1;1;5
202100048957;114 238;32;9;2;8;1;1
202100048957;114 239;7;0;2;1;1;1
202100048958;114 236;2;0;2;3;1;1
202100048958;114 237;7;0;2;3;15;1
202100048959;114 235;7;0;1;2;1;2
202100048960;114 233;50;0;2;0;5;3
202100048960;114 234;7;0;2;2;9;1
202100048961;114 232;7;11;0;1;1;1
202100048962;114 231;7;0;1;2;7;1
202100048963;114 229;7;0;2;1;15;1
202100048963;114 230;43;0;2;3;1;1
202100048964;114 227;7;0;2;2;15;1
202100048964;114 228;2;0;2;8;1;1
202100048965;114 225;7;0;2;7;16;1
202100048965;114 226;2;0;2;1;18;1
202100048966;114 223;7;0;2;7;15;1
202100048966;114 224;7;0;2;1;1;0
202100048967;114 222;10;1;2;4;4;1
202100048968;114 219;7;0;2;1;2;1
202100048968;114 220;7;0;2;4;1;1
202100048968;114 221;7;0;2;4;2;1
202100048969;114 217;32;8;0;8;17;1
202100048969;114 218;7;0;2;0;15;1
202100048970;114 215;7;0;2;5;2;1
202100048970;114 216;7;0;2;1;2;1
202100048971;114 213;33;0;9;7;1;1
202100048971;114 214;3;0;2;3;9;0
202100048972;114 211;7;0;2;1;15;1
202100048972;114 212;1;0;2;1;16;0
202100048973;114 209;7;0;2;4;1;1
202100048973;114 210;7;0;2;1;1;1
202100048974;114 208;13;0;1;4;4;0
202100048975;114 206;7;0;2;5;1;1
202100048975;114 207;7;0;2;2;1;1
202100048976;114 205;7;0;1;1;9;1
202100048977;114 203;34;0;2;1;1;1
202100048977;114 204;7;0;2;3;15;1
202100048978;114 201;1;0;2;4;19;5
202100048978;114 202;10;0;2;3;1;1
202100048979;114 198;34;1;0;3;1;1
202100048980;114 197;31;0;1;2;1;1
202100048981;114 195;32;0;2;1;5;1
202100048981;114 196;7;0;2;3;15;1
202100048982;114 193;7;0;2;3;15;1
202100048982;114 194;1;0;2;1;1;5
202100048983;114 191;7;0;2;8;15;1
202100048983;114 192;2;0;2;1;17;1
202100048984;114 190;31;0;0;8;1;1
202100048985;114 188;7;0;2;1;1;1
202100048985;114 189;7;0;2;1;13;1
202100048986;114 187;7;0;1;7;1;1
202100048987;114 186;2;0;0;0;2;1
202100048988;114 185;7;13;0;2;1;1
202100048989;114 184;7;3;0;1;14;1
202100048990;114 182;7;3;2;5;13;1
202100048990;114 183;7;0;2;1;1;1
202100048991;114 181;31;0;0;8;1;1
202100048992;114 180;7;6;0;1;19;1
202100048993;114 178;33;0;2;1;1;1
202100048993;114 179;7;0;2;5;15;2
202100048994;114 176;31;0;2;1;2;1
202100048994;114 177;33;0;2;4;2;1
202100048995;114 175;1;0;0;1;13;5
202100048996;114 173;7;6;2;1;1;1
202100048996;114 174;7;2;2;1;1;1
202100048997;114 172;7;1;0;1;1;1
202100048998;114 170;10;0;2;3;1;1
202100048998;114 171;1;0;2;4;11;5
202100048999;114 168;21;0;2;3;1;1
202100048999;114 169;7;0;2;3;13;1
202100049000;114 166;7;0;0;5;15;1
202100049000;114 167;1;0;2;1;1;5
202100049001;114 165;33;14;0;7;1;1
202100049002;114 164;7;8;0;3;13;1
202100049003;114 163;7;6;0;2;1;1
202100049004;114 161;7;0;0;5;9;1
202100049004;114 162;33;0;2;1;1;1
202100049005;114 160;7;7;0;0;1;1
202100049006;114 158;7;0;2;3;13;1
202100049006;114 159;7;8;2;3;1;1
202100049007;114 155;7;13;0;9;1;1
202100049008;114 154;7;15;0;0;26;1
202100049009;114 153;2;14;0;1;1;1
202100049010;114 152;7;8;0;1;1;1
202100049011;114 150;7;0;2;1;1;1
202100049011;114 151;30;0;2;1;1;1
202100049012;114 149;7;2;0;5;1;1
202100049013;114 148;1;0;0;1;1;5
202100049014;114 147;33;2;0;1;0;1
202100049015;114 146;10;13;0;1;26;1
202100049016;114 145;7;2;0;3;1;1
202100049017;114 143;7;0;2;4;23;1
202100049017;114 144;7;6;2;2;2;1
202100049018;114 142;7;8;0;1;0;1
202100049019;114 141;7;8;0;3;13;1
202100049020;114 138;7;0;2;3;1;1
202100049020;114 139;7;0;2;1;23;1
202100049020;114 140;7;0;2;2;10;1
202100049021;114 135;2;2;0;1;1;1
202100049022;114 134;7;17;0;1;1;1
202100049023;114 132;7;0;2;1;13;1
202100049023;114 133;7;0;2;1;2;1
202100049024;114 131;7;13;0;1;14;1
202100049025;114 130;33;0;0;0;2;1
202100049026;114 127;7;0;2;1;13;1
202100049026;114 128;7;0;2;5;21;1
202100049026;114 129;33;0;2;1;0;1
202100049027;114 125;7;0;2;3;1;1
202100049027;114 126;7;0;2;3;1;1
202100049028;114 124;7;10;0;3;1;1
202100049029;114 123;7;0;0;0;5;1
202100049030;114 121;33;0;2;1;2;1
202100049030;114 122;7;0;0;4;2;1
202100049031;114 116;7;0;2;8;1;1
202100049032;114 113;7;0;2;1;1;1
202100049032;114 114;7;0;2;4;1;1
202100049032;114 115;7;0;2;4;1;1
202100049033;114 111;7;0;2;4;2;1
202100049033;114 112;10;0;2;1;2;1
202100049034;114 108;7;0;2;4;2;1
202100049034;114 109;7;0;2;1;2;1
202100049034;114 110;7;0;2;4;2;1
202100049035;114 107;33;0;0;9;26;1
202100049036;114 106;33;0;0;9;14;1
202100049037;114 104;10;0;2;4;1;1
202100049037;114 105;7;0;2;1;2;1
202100049038;114 101;7;4;0;4;2;1
202100049038;114 102;7;4;0;4;2;1
202100049038;114 103;7;4;0;1;2;1
202100049039;114 099;15;0;2;3;1;0
202100049039;114 100;7;0;2;2;14;1
202100049040;114 097;7;0;2;4;1;1
202100049040;114 098;7;0;2;1;2;1
202100049041;114 095;33;0;2;8;3;1
202100049041;114 096;7;0;2;7;12;1
202100049042;114 092;7;0;2;4;2;1
202100049042;114 093;10;0;2;1;2;4
202100049042;114 094;13;0;2;4;2;4
202100049043;114 090;7;0;2;1;1;1
202100049043;114 091;7;0;2;7;19;1
202100049044;114 087;7;0;0;4;2;1
202100049044;114 088;7;0;2;4;2;1
202100049044;114 089;7;0;2;1;9;1
202100049045;114 086;7;0;1;1;15;1
202100049046;114 085;10;0;1;3;9;1
202100049047;114 083;7;0;2;8;24;1
202100049047;114 084;10;1;0;9;21;1
202100049048;114 082;3;0;1;4;20;1
202100049049;114 080;7;0;2;3;1;1
202100049049;114 081;7;0;2;3;13;1
202100049050;114 079;7;0;1;2;1;2
202100049051;114 077;7;0;2;6;1;1
202100049051;114 078;33;0;1;1;17;1
202100049052;114 076;7;0;1;2;1;1
202100049053;114 074;33;0;2;1;1;1
202100049053;114 075;7;0;2;2;19;1
202100049054;114 073;31;0;0;0;26;0
202100049055;114 072;34;10;0;7;26;1
202100049056;114 070;80;0;2;8;19;3
202100049056;114 071;7;0;2;2;1;1
202100049057;114 068;10;0;2;8;2;1
202100049057;114 069;33;0;2;7;2;1
202100049058;114 067;10;0;1;4;26;1
202100049059;114 065;7;0;2;3;15;1
202100049059;114 066;2;0;2;7;17;1
202100049060;114 063;7;0;2;1;1;2
202100049060;114 064;30;0;2;7;16;1
202100049061;114 061;34;0;2;5;2;0
202100049061;114 062;7;0;2;2;1;1
202100049062;114 060;7;6;0;1;15;1
202100049063;114 059;30;14;2;3;1;1
202100049064;114 058;7;0;1;3;16;1
202100049065;114 056;1;0;2;8;19;5
202100049065;114 057;7;0;2;1;1;1
202100049066;114 054;30;0;2;1;1;1
202100049066;114 055;7;0;2;4;1;1
202100049067;114 052;7;0;2;1;1;1
202100049067;114 053;7;0;2;3;15;1
202100049068;114 050;10;0;2;0;0;1
202100049068;114 051;3;0;2;1;0;1
202100049069;114 048;7;1;0;1;16;1
202100049069;114 049;37;0;2;3;24;1
202100049070;114 047;7;5;0;0;1;1
202100049071;114 045;7;0;2;2;15;1
202100049071;114 046;33;0;2;1;1;1
202100049072;114 044;33;15;0;1;1;1
202100049073;114 042;7;0;2;2;1;1
202100049073;114 043;7;0;2;1;15;1
202100049074;114 041;7;0;1;3;26;1
202100049075;114 038;7;0;2;1;2;1
202100049075;114 039;7;0;2;4;2;1
202100049075;114 040;7;0;2;4;2;1
202100049076;114 037;60;0;1;1;1;5
202100049077;114 035;7;1;2;1;16;1
202100049077;114 036;33;1;2;7;1;1
202100049078;114 034;7;13;0;0;14;1
202100049079;114 033;7;0;1;4;4;1
202100049080;114 030;10;0;2;1;2;1
202100049080;114 031;7;0;2;4;2;1
202100049080;114 032;7;0;2;4;2;1
202100049081;114 028;10;0;2;3;1;1
202100049081;114 029;7;0;2;7;12;1
202100049082;114 027;31;15;0;8;1;1
202100049083;114 023;7;0;2;4;15;1
202100049083;114 024;7;9;2;1;9;2
202100049083;114 025;7;0;2;7;10;1
202100049083;114 026;10;0;2;3;1;1
202100049084;114 021;7;0;2;2;16;1
202100049084;114 022;1;0;2;1;1;5
202100049085;114 017;7;0;2;3;26;1
202100049085;114 018;7;0;2;2;1;1
202100049086;114 015;1;0;2;7;1;5
202100049086;114 016;7;0;2;1;1;1
202100049087;114 013;10;0;0;7;0;1
202100049087;114 014;60;0;2;0;0;5
202100049088;114 011;7;1;2;9;16;1
202100049088;114 012;7;0;2;1;0;1
202100049089;114 009;7;0;2;1;15;1
202100049089;114 010;31;0;2;1;1;1
202100049090;114 008;7;0;1;1;15;1
202100049091;114 005;7;1;0;3;9;1
202100049091;114 006;10;1;0;0;0;1
202100049091;114 007;2;1;2;1;1;1
202100049092;114 003;7;0;2;4;23;2
202100049092;114 004;31;0;2;1;2;1
202100049093;114 001;7;0;2;1;13;2
202100049093;114 002;17;0;2;1;1;6
202100049094;113 999;7;0;2;3;1;1
202100049094;114 000;7;0;2;3;1;1
202100049095;113 997;7;0;2;2;1;1
202100049095;113 998;2;0;2;1;1;1
202100049096;113 996;2;0;0;1;1;1
202100049097;113 993;7;12;2;1;9;1
202100049097;113 994;7;0;2;1;1;1
202100049097;113 995;7;0;2;8;1;1
202100049098;113 991;30;0;2;1;18;1
202100049098;113 992;7;0;2;2;16;1
202100049099;113 990;7;0;1;1;1;1
202100049100;113 989;7;0;1;1;21;1
202100049101;113 987;3;0;2;7;15;1
202100049101;113 988;33;0;2;1;1;1
202100049102;113 985;33;0;2;1;2;1
202100049102;113 986;7;0;2;6;23;1
202100049103;113 984;7;6;0;2;14;1
202100049104;113 983;32;0;1;1;1;0
202100049105;113 981;7;0;9;3;15;1
202100049105;113 982;1;0;2;1;1;5
202100049106;113 979;7;0;2;4;2;1
202100049106;113 980;7;0;2;1;2;1
202100049107;113 977;1;0;2;7;26;5
202100049107;113 978;7;0;9;2;9;1
202100049108;113 975;7;0;2;4;4;1
202100049108;113 976;2;0;2;1;1;1
202100049109;113 974;7;0;1;7;1;1
202100049110;113 970;7;0;2;3;14;1
202100049110;113 971;7;0;2;3;11;1
202100049110;113 972;7;0;2;5;1;1
202100049110;113 973;7;0;0;4;1;1
202100049111;113 969;99;0;9;0;26;0
202100049112;113 967;80;0;2;8;19;3
202100049112;113 968;7;0;2;2;26;1
202100049113;113 965;1;0;2;1;1;0
202100049113;113 966;10;0;2;3;15;1
202100049114;113 963;2;1;2;1;18;1
202100049114;113 964;7;0;2;0;0;0
202100049115;113 961;7;0;2;2;15;1
202100049115;113 962;33;0;2;1;1;1
202100049116;113 959;7;0;2;2;1;1
202100049116;113 960;31;0;2;1;5;0
202100049117;113 957;7;0;2;3;15;1
202100049117;113 958;33;0;2;1;13;1
202100049118;113 955;36;0;2;1;2;1
202100049118;113 956;32;0;2;4;23;1
202100049119;113 953;32;14;2;0;0;1
202100049119;113 954;7;14;2;0;0;1
202100049120;113 952;7;1;0;1;26;1
202100049121;113 950;33;0;2;2;1;1
202100049121;113 951;7;0;2;3;15;1
202100049122;113 948;7;0;2;3;15;1
202100049122;113 949;7;1;0;7;1;1
202100049123;113 945;7;0;2;2;21;1
202100049123;113 946;7;0;2;3;13;1
202100049123;113 947;7;0;2;5;26;1
202100049124;113 943;7;0;2;1;2;1
202100049124;113 944;7;0;2;4;2;1
202100049125;113 941;32;0;2;8;11;1
202100049125;113 942;32;0;2;7;1;1
202100049126;113 939;33;0;2;7;3;1
202100049126;113 940;10;0;2;8;11;1
202100049127;113 938;32;0;1;1;1;1
202100049128;113 937;1;0;1;1;1;5
202100049129;113 935;7;0;2;7;16;1
202100049129;113 936;33;0;2;0;18;1
202100049130;113 934;1;0;0;0;21;5
202100049131;113 932;2;0;2;6;18;1
202100049131;113 933;7;0;2;0;1;1
202100049132;113 930;7;0;2;2;1;1
202100049132;113 931;37;0;2;3;9;1
202100049133;113 928;43;0;2;2;15;1
202100049133;113 929;30;0;2;3;13;3
202100049134;113 927;7;0;1;1;1;1
202100049135;113 926;1;1;0;1;14;5
202100049136;113 925;7;0;1;2;15;1
202100049137;113 923;7;12;2;1;1;1
202100049137;113 924;7;12;2;8;1;1
202100049138;113 921;7;0;2;3;1;2
202100049138;113 922;30;0;2;1;1;1
202100049139;113 919;10;0;2;8;22;1
202100049139;113 920;60;0;2;1;1;5
202100049140;113 917;7;0;2;1;2;1
202100049140;113 918;7;0;2;6;2;1
202100049141;113 916;1;0;0;0;1;5
202100049142;113 915;7;0;1;1;15;1
202100049143;113 914;10;0;1;3;2;1
202100049144;113 913;32;0;2;1;17;1
202100049145;113 912;10;0;1;1;1;0
202100049146;113 909;7;0;2;2;14;1
202100049146;113 910;7;0;2;4;0;1
202100049146;113 911;32;0;2;1;3;1
202100049147;113 907;30;0;2;3;3;1
202100049147;113 908;7;0;0;5;26;1
202100049148;113 903;10;1;2;4;23;1
202100049148;113 904;7;1;2;1;26;1
202100049148;113 905;7;0;2;4;23;1
202100049148;113 906;7;0;2;4;23;1
202100049149;113 901;7;0;2;0;0;0
202100049149;113 902;7;0;2;0;0;1
202100049150;113 899;7;1;0;2;1;1
202100049150;113 900;2;1;0;1;1;1
202100049151;113 898;10;0;1;1;17;0
202100049152;113 896;33;0;2;1;1;1
202100049152;113 897;7;0;2;2;10;0
202100049153;113 894;7;0;2;2;1;1
202100049153;113 895;34;0;2;1;1;1
202100049154;113 892;0;0;2;1;25;0
202100049154;113 893;32;0;2;7;25;1
202100049155;113 891;7;0;1;1;15;1
202100049156;113 889;32;0;2;1;1;1
202100049156;113 890;7;0;2;5;15;1
202100049157;113 888;7;0;1;2;1;1
202100049158;113 887;7;0;1;8;1;1
202100049159;113 885;10;0;2;7;16;1
202100049159;113 886;32;0;2;8;1;1
202100049160;113 883;50;0;2;8;1;3
202100049160;113 884;7;0;2;7;1;1
202100049161;113 881;7;2;2;4;0;1
202100049161;113 882;7;0;2;1;14;1
202100049162;113 879;15;0;2;1;2;1
202100049162;113 880;15;0;0;4;2;1
202100049163;113 878;7;13;0;3;1;1
202100049164;113 875;7;0;2;1;1;1
202100049164;113 876;7;0;2;1;1;1
202100049164;113 877;15;0;2;8;10;1
202100049165;113 873;7;0;2;2;2;1
202100049165;113 874;10;3;1;1;21;1
202100049166;113 871;2;1;0;1;2;1
202100049166;113 872;7;0;0;6;23;1
202100049167;113 869;7;0;2;1;1;1
202100049167;113 870;1;0;2;7;19;5
202100049168;113 865;33;0;2;1;13;1
202100049168;113 866;7;0;2;3;1;1
202100049168;113 867;7;0;2;3;0;1
202100049168;113 868;33;0;2;0;13;0
202100049169;113 864;7;2;0;3;13;1
202100049170;113 863;33;3;0;8;13;1
202100049171;113 861;7;0;0;8;9;1
202100049171;113 862;7;0;0;3;1;1
202100049172;113 859;7;8;2;3;1;1
202100049172;113 860;7;0;2;2;0;1
202100049173;113 857;7;0;2;3;5;1
202100049173;113 858;7;0;2;3;1;1
202100049174;113 855;33;0;2;1;1;1
202100049174;113 856;7;0;2;8;9;1
202100049175;113 853;7;8;2;3;1;1
202100049175;113 854;7;0;2;2;0;1
202100049176;113 851;7;0;2;5;15;1
202100049176;113 852;7;0;2;3;2;1
202100049177;113 849;7;0;2;3;15;1
202100049177;113 850;2;0;2;1;17;1
202100049178;113 848;33;0;0;0;1;1
202100049179;113 846;7;0;2;3;16;1
202100049179;113 847;33;0;2;1;1;0
202100049180;113 844;1;0;9;4;0;5
202100049180;113 845;1;0;2;1;0;5
202100049181;113 843;7;6;0;2;1;1
202100049182;113 841;30;0;2;1;1;1
202100049182;113 842;33;0;0;0;1;1
202100049183;113 839;7;0;2;1;23;1
202100049183;113 840;7;0;0;4;23;1
202100049184;113 838;7;0;1;2;1;1
202100049185;113 836;33;0;2;8;1;1
202100049185;113 837;3;0;2;1;26;1
202100049186;113 835;31;0;0;0;26;1
202100049187;113 834;10;13;0;9;1;1
202100049188;113 833;10;16;0;9;14;1
202100049189;113 832;7;0;1;1;1;1
202100049190;113 831;33;16;0;1;14;1
202100049191;113 829;7;0;2;3;1;1
202100049191;113 830;7;0;2;3;15;1
202100049192;113 828;7;0;1;1;1;1
202100049193;113 825;7;0;2;3;15;1
202100049193;113 826;34;0;2;1;1;1
202100049193;113 827;7;0;2;3;23;1
202100049194;113 824;7;0;1;1;1;1
202100049195;113 823;7;0;1;4;20;0
202100049196;113 822;2;0;0;1;1;1
202100049197;113 821;7;0;1;2;1;1
202100049198;113 819;2;0;2;1;9;1
202100049198;113 820;7;0;2;1;13;0
202100049199;113 817;21;0;2;1;1;1
202100049199;113 818;7;0;2;1;17;1
202100049200;113 815;7;13;2;1;14;1
202100049200;113 816;7;0;0;8;1;2
202100049201;113 813;7;0;2;5;1;1
202100049201;113 814;7;0;2;5;18;1
202100049202;113 811;10;0;2;1;1;1
202100049202;113 812;33;0;2;4;1;1
202100049203;113 810;7;3;0;1;0;1
202100049204;113 805;7;0;2;4;2;0
202100049204;113 806;7;0;2;4;2;0
202100049204;113 807;7;0;2;1;2;0
202100049204;113 808;7;0;2;4;2;0
202100049204;113 809;7;0;2;4;2;0
202100049205;113 803;7;0;2;4;12;1
202100049205;113 804;7;0;2;1;1;1
202100049206;113 801;7;0;2;5;2;3
202100049206;113 802;7;0;2;3;11;1
202100049207;113 798;7;0;2;4;1;1
202100049207;113 799;10;0;2;1;1;1