Num_Acc;id_vehicule;categorie_vehicule;obstacle_fixe;obstacle_mobile;point_choc_initial;manoeuvre_principale;motorisation
202100049207;113 800;10;0;2;5;17;1
202100049208;113 796;7;1;0;1;2;1
202100049208;113 797;7;0;2;4;23;1
202100049209;113 793;7;0;2;2;23;1
202100049209;113 794;43;0;2;3;12;1
202100049209;113 795;7;0;2;2;23;1
202100049210;113 792;7;4;0;3;13;1
202100049211;113 790;80;0;2;3;1;3
202100049211;113 791;7;0;2;7;19;1
202100049212;113 788;2;0;2;1;17;1
202100049212;113 789;7;0;2;3;15;1
202100049213;113 786;31;0;2;1;1;1
202100049213;113 787;7;0;2;5;9;1
202100049214;113 784;33;0;2;1;3;1
202100049214;113 785;7;0;2;5;0;1
202100049215;113 782;2;0;2;7;1;1
202100049215;113 783;7;0;9;3;9;1
202100049216;113 780;32;0;2;1;1;1
202100049216;113 781;7;0;2;8;15;1
202100049217;113 778;10;0;2;0;0;1
202100049217;113 779;7;8;0;1;21;1
202100049218;113 776;7;0;2;1;10;1
202100049218;113 777;7;0;2;8;1;1
202100049219;113 775;38;0;1;2;20;1
202100049220;113 773;10;0;2;2;16;1
202100049220;113 774;1;0;2;8;1;5
202100049221;113 771;10;0;2;0;0;1
202100049221;113 772;7;0;2;1;2;1
202100049222;113 769;33;0;2;1;1;1
202100049222;113 770;7;0;2;5;15;1
202100049223;113 768;7;8;0;2;14;1
202100049224;113 766;7;0;2;8;1;1
202100049224;113 767;33;0;2;1;19;1
202100049225;113 764;33;0;2;1;1;1
202100049225;113 765;7;11;2;1;21;0
202100049226;113 763;17;0;1;5;1;1
202100049227;113 761;33;0;0;0;0;0
202100049227;113 762;7;0;2;3;10;1
202100049228;113 760;7;0;1;2;1;1
202100049229;113 759;7;8;0;1;13;1
202100049230;113 757;7;0;2;1;2;1
202100049230;113 758;7;0;2;4;2;1
202100049231;113 755;2;0;2;1;1;1
202100049231;113 756;7;0;2;3;15;1
202100049232;113 754;2;0;1;1;1;0
202100049233;113 752;7;0;2;3;21;1
202100049233;113 753;30;0;2;1;17;1
202100049234;113 750;10;0;2;3;15;1
202100049234;113 751;34;8;2;1;17;1
202100049235;113 749;60;0;1;1;21;5
202100049236;113 747;7;3;2;1;1;1
202100049236;113 748;7;3;2;4;2;1
202100049237;113 745;32;0;2;7;17;1
202100049237;113 746;7;0;2;3;15;3
202100049238;113 744;7;0;1;1;1;1
202100049239;113 743;30;0;1;1;0;1
202100049240;113 741;7;0;2;2;1;1
202100049240;113 742;7;0;2;1;26;2
202100049241;113 739;7;11;2;2;2;1
202100049241;113 740;10;0;2;5;15;1
202100049242;113 737;7;0;2;4;1;1
202100049242;113 738;30;0;2;2;2;1
202100049243;113 735;2;0;2;1;7;1
202100049243;113 736;7;0;2;3;15;1
202100049244;113 733;33;0;2;1;17;1
202100049244;113 734;7;0;2;3;1;1
202100049245;113 731;7;0;2;2;15;1
202100049245;113 732;80;0;2;1;0;3
202100049246;113 729;7;0;2;5;15;1
202100049246;113 730;31;0;2;3;1;1
202100049247;113 728;7;15;0;1;1;1
202100049248;113 726;7;0;2;3;26;1
202100049248;113 727;7;0;2;6;26;1
202100049249;113 725;7;0;1;1;1;1
202100049250;113 724;7;8;0;1;1;1
202100049251;113 723;33;12;0;0;1;1
202100049252;113 722;31;0;9;0;20;1
202100049253;113 721;7;0;1;1;5;1
202100049254;113 719;7;0;2;1;1;1
202100049254;113 720;10;0;2;2;15;1
202100049255;113 717;2;0;2;8;1;1
202100049255;113 718;7;0;2;2;26;1
202100049256;113 715;7;0;2;6;1;1
202100049256;113 716;1;0;2;1;1;5
202100049257;113 713;7;0;2;2;17;1
202100049257;113 714;33;0;2;2;2;1
202100049258;113 711;1;0;2;1;15;5
202100049258;113 712;7;0;2;7;16;1
202100049259;113 710;7;0;1;1;1;1
202100049260;113 708;30;0;2;1;1;1
202100049260;113 709;7;0;2;2;15;1
202100049261;113 706;7;0;2;4;1;1
202100049261;113 707;7;0;2;1;26;1
202100049262;113 703;32;1;0;1;18;1
202100049263;113 701;7;0;2;1;2;1
202100049263;113 702;7;0;0;4;2;1
202100049264;113 700;7;12;1;2;2;1
202100049265;113 698;32;9;2;1;11;1
202100049265;113 699;7;9;2;4;0;1
202100049266;113 697;99;9;2;0;26;0
202100049267;113 695;33;0;2;1;17;1
202100049267;113 696;7;0;2;8;15;1
202100049268;113 693;33;11;2;1;1;1
202100049268;113 694;7;11;2;2;16;1
202100049269;113 691;33;0;2;6;11;1
202100049269;113 692;7;0;2;2;1;2
202100049270;113 689;7;0;2;3;11;1
202100049270;113 690;32;0;2;2;1;1
202100049271;113 687;7;0;2;4;15;1
202100049271;113 688;2;0;2;1;17;1
202100049272;113 685;32;0;2;1;23;1
202100049272;113 686;7;0;2;4;4;1
202100049273;113 683;7;0;2;2;1;1
202100049273;113 684;1;0;2;8;1;5
202100049274;113 682;1;2;0;1;1;5
202100049275;113 680;30;0;2;2;17;1
202100049275;113 681;7;0;2;3;15;1
202100049276;113 678;7;0;2;1;1;0
202100049276;113 679;1;0;2;4;1;5
202100049277;113 677;10;11;0;1;1;1
202100049278;113 675;10;0;2;8;22;1
202100049278;113 676;1;0;2;1;1;5
202100049279;113 673;50;0;2;1;1;3
202100049279;113 674;7;0;2;2;1;1
202100049280;113 672;7;0;1;3;1;1
202100049281;113 670;50;0;2;1;1;3
202100049281;113 671;7;0;2;5;15;1
202100049282;113 669;10;0;1;2;1;1
202100049283;113 668;1;0;1;4;1;5
202100049284;113 666;30;0;2;8;18;1
202100049284;113 667;10;0;2;2;16;1
202100049285;113 663;10;0;2;1;23;1
202100049285;113 664;10;0;2;4;23;1
202100049285;113 665;7;0;2;4;1;1
202100049286;113 662;1;0;0;0;1;5
202100049287;113 660;2;0;0;1;1;1
202100049287;113 661;1;0;2;1;5;5
202100049288;113 659;1;0;0;0;13;5
202100049289;113 657;33;0;2;1;1;1
202100049289;113 658;7;0;2;6;11;1
202100049290;113 655;7;8;0;5;2;1
202100049290;113 656;7;0;2;1;2;1
202100049291;113 652;3;0;2;1;26;1
202100049291;113 653;30;0;2;5;2;1
202100049291;113 654;30;0;2;0;0;1
202100049292;113 650;7;0;2;3;15;1
202100049292;113 651;1;0;2;1;1;5
202100049293;113 648;7;0;2;1;2;0
202100049293;113 649;7;0;0;4;2;0
202100049294;113 646;1;0;2;0;9;5
202100049294;113 647;7;0;9;0;0;0
202100049295;113 645;7;0;1;3;1;0
202100049296;113 644;32;14;0;1;1;1
202100049297;113 642;37;0;2;1;2;1
202100049297;113 643;7;0;2;4;1;1
202100049298;113 640;15;0;2;0;0;1
202100049298;113 641;2;0;2;8;19;1
202100049299;113 638;32;0;2;5;3;1
202100049299;113 639;7;0;2;3;15;1
202100049300;113 636;33;0;2;4;1;1
202100049300;113 637;33;0;2;1;2;1
202100049301;113 634;2;0;2;4;1;1
202100049301;113 635;7;0;2;0;0;1
202100049302;113 632;7;0;2;3;1;1
202100049302;113 633;7;0;2;1;16;1
202100049303;113 630;32;0;2;1;1;1
202100049303;113 631;33;0;2;1;5;1
202100049304;113 628;15;0;2;2;1;1
202100049304;113 629;7;0;2;7;15;1
202100049305;113 627;33;0;0;0;17;1
202100049306;113 625;7;0;2;8;15;1
202100049306;113 626;7;0;2;1;1;1
202100049307;113 624;7;2;0;1;1;1
202100049308;113 623;7;13;0;3;13;1
202100049309;113 621;7;0;2;3;15;1
202100049309;113 622;7;0;2;1;1;1
202100049310;113 619;1;0;2;1;0;5
202100049310;113 620;7;0;2;1;1;1
202100049311;113 617;1;0;0;1;1;5
202100049311;113 618;21;0;0;3;1;1
202100049312;113 615;7;0;2;3;0;0
202100049312;113 616;30;0;2;3;1;1
202100049313;113 614;10;13;0;1;1;1
202100049314;113 613;7;0;0;9;1;1
202100049315;113 612;7;0;1;2;14;1
202100049316;113 611;7;0;1;4;4;1
202100049317;113 609;7;0;2;3;1;1
202100049317;113 610;7;0;2;3;13;1
202100049318;113 608;1;0;1;1;1;5
202100049319;113 607;7;8;0;0;1;1
202100049320;113 605;31;0;2;1;17;1
202100049320;113 606;10;0;2;3;15;1
202100049321;113 603;7;0;2;6;12;1
202100049321;113 604;10;0;0;3;1;1
202100049322;113 601;7;0;2;1;17;1
202100049322;113 602;32;0;2;1;1;1
202100049323;113 599;33;0;0;1;1;1
202100049323;113 600;7;0;0;8;15;1
202100049324;113 598;7;2;0;7;21;1
202100049325;113 596;7;0;0;4;1;1
202100049325;113 597;7;0;2;1;0;0
202100049326;113 594;10;0;2;1;17;1
202100049326;113 595;7;0;2;1;1;1
202100049327;113 592;32;0;2;1;13;1
202100049327;113 593;7;0;2;3;1;1
202100049328;113 590;10;0;2;1;1;1
202100049328;113 591;10;0;2;3;5;1
202100049329;113 588;33;0;2;1;17;1
202100049329;113 589;33;0;2;1;1;1
202100049330;113 585;7;0;2;1;1;1
202100049330;113 586;31;0;2;1;1;1
202100049330;113 587;7;0;2;6;15;1
202100049331;113 583;7;0;2;3;13;1
202100049331;113 584;7;0;2;3;1;1
202100049332;113 581;2;0;2;1;1;1
202100049332;113 582;7;0;2;4;1;1
202100049333;113 579;7;0;2;3;1;1
202100049333;113 580;3;0;2;8;9;1
202100049334;113 578;7;0;1;3;15;1
202100049335;113 577;7;0;0;0;0;1
202100049336;113 573;15;0;2;2;12;1
202100049336;113 574;7;0;2;8;1;1
202100049337;113 571;7;0;2;1;1;1
202100049337;113 572;7;0;2;4;2;1
202100049338;113 569;7;0;2;4;2;1
202100049338;113 570;7;0;2;1;1;1
202100049339;113 567;7;3;0;3;1;1
202100049339;113 568;15;0;2;0;0;1
202100049340;113 565;32;0;2;8;1;1
202100049340;113 566;7;0;2;7;12;1
202100049341;113 563;7;0;2;1;2;1
202100049341;113 564;13;0;2;4;2;0
202100049342;113 562;17;4;2;0;26;1
202100049343;113 561;7;0;0;9;12;1
202100049344;113 558;7;0;2;3;1;1
202100049344;113 559;15;0;2;5;1;1
202100049344;113 560;10;4;2;7;1;1
202100049345;113 556;7;0;2;1;1;1
202100049345;113 557;7;0;2;4;1;1
202100049346;113 554;33;4;2;7;0;1
202100049346;113 555;10;0;2;8;11;1
202100049347;113 552;7;0;2;3;15;1
202100049347;113 553;31;0;2;1;17;1
202100049348;113 551;32;0;9;0;1;1
202100049349;113 550;7;1;2;2;1;1
202100049350;113 548;7;0;2;1;14;1
202100049350;113 549;7;1;2;4;26;1
202100049351;113 546;7;0;2;8;15;1
202100049351;113 547;31;0;2;1;1;1
202100049352;113 544;1;0;2;1;5;0
202100049352;113 545;7;0;2;1;9;0
202100049353;113 543;1;0;0;0;1;5
202100049354;113 540;31;0;2;7;1;1
202100049354;113 541;7;0;2;3;1;1
202100049354;113 542;7;0;2;2;15;1
202100049355;113 539;10;0;9;1;14;1
202100049356;113 537;33;0;2;2;17;1
202100049356;113 538;10;0;0;8;15;1
202100049357;113 536;30;0;0;0;0;1
202100049358;113 535;7;0;1;0;0;0
202100049359;113 534;7;0;1;2;14;1
202100049360;113 533;7;0;1;2;16;1
202100049361;113 531;2;0;2;1;1;1
202100049361;113 532;7;0;2;3;15;1
202100049362;113 530;7;0;1;2;1;1
202100049363;113 529;33;0;0;0;1;1
202100049364;113 527;2;0;2;1;1;1
202100049364;113 528;7;0;2;6;9;1
202100049365;113 526;2;0;0;8;1;1
202100049366;113 521;7;0;2;4;1;1
202100049366;113 522;7;0;2;4;1;1
202100049366;113 523;7;0;2;1;1;1
202100049366;113 524;7;0;2;4;1;1
202100049366;113 525;7;0;2;4;1;1
202100049367;113 519;7;0;2;1;9;3
202100049367;113 520;1;0;2;7;1;0
202100049368;113 515;1;0;2;7;9;5
202100049368;113 516;7;0;9;1;9;1
202100049369;113 513;7;0;2;2;1;1
202100049369;113 514;7;0;2;2;15;1
202100049370;113 511;7;0;2;1;15;1
202100049370;113 512;33;0;2;1;1;1
202100049371;113 509;7;0;2;4;23;0
202100049371;113 510;2;1;0;1;2;0
202100049372;113 507;15;0;2;8;1;1
202100049372;113 508;7;0;2;7;17;1
202100049373;113 506;7;0;1;1;1;1
202100049374;113 505;7;13;0;1;1;1
202100049375;113 504;10;0;1;4;4;1
202100049376;113 502;7;0;2;7;15;1
202100049376;113 503;33;0;2;1;1;1
202100049377;113 500;37;0;2;6;15;1
202100049377;113 501;7;0;2;1;1;1
202100049378;113 498;1;0;2;1;1;0
202100049378;113 499;7;0;2;0;1;1
202100049379;113 496;37;0;2;6;1;2
202100049379;113 497;7;0;2;3;16;1
202100049380;113 494;10;0;2;1;2;1
202100049380;113 495;7;0;2;4;0;1
202100049381;113 492;7;0;2;2;15;2
202100049381;113 493;1;0;2;1;1;0
202100049382;113 490;7;0;2;4;2;1
202100049382;113 491;10;0;2;1;2;1
202100049383;113 488;3;0;2;1;15;6
202100049383;113 489;31;0;2;1;1;6
202100049384;113 486;7;0;2;8;1;1
202100049384;113 487;7;0;2;2;1;1
202100049385;113 484;30;0;2;1;1;1
202100049385;113 485;7;0;9;7;1;1
202100049386;113 482;7;0;2;1;2;1
202100049386;113 483;7;0;2;7;1;1
202100049387;113 481;30;0;0;0;1;1
202100049388;113 479;37;0;2;4;23;1
202100049388;113 480;7;0;2;1;2;1
202100049389;113 478;1;0;1;1;26;5
202100049390;113 476;2;0;2;2;0;1
202100049390;113 477;7;0;2;3;15;1
202100049391;113 474;7;0;2;6;15;1
202100049391;113 475;33;0;2;1;1;1
202100049392;113 472;7;0;2;3;9;1
202100049392;113 473;7;0;2;1;1;1
202100049393;113 469;7;0;9;2;21;1
202100049393;113 470;7;0;2;6;23;1
202100049393;113 471;1;1;2;1;19;5
202100049394;113 468;7;0;1;1;20;1
202100049395;113 466;7;0;2;3;15;1
202100049395;113 467;7;0;2;2;1;1
202100049396;113 464;7;0;0;0;0;1
202100049396;113 465;1;0;2;1;19;5
202100049397;113 462;1;0;2;1;9;5
202100049397;113 463;7;0;2;3;9;1
202100049398;113 459;10;0;2;4;2;1
202100049398;113 460;7;0;2;4;2;2
202100049398;113 461;7;0;2;1;2;1
202100049399;113 456;7;0;2;3;15;1
202100049399;113 457;31;0;2;2;17;1
202100049399;113 458;36;1;2;2;0;0
202100049400;113 454;30;0;2;1;13;1
202100049400;113 455;7;0;2;1;2;1
202100049401;113 453;7;0;1;1;2;0
202100049402;113 451;33;0;2;1;0;0
202100049402;113 452;30;0;2;2;0;1
202100049403;113 449;30;0;2;1;1;1
202100049403;113 450;7;0;2;1;15;1
202100049404;113 447;7;0;2;3;13;1
202100049404;113 448;33;0;2;3;1;1
202100049405;113 445;31;0;2;1;17;1
202100049405;113 446;7;0;2;3;1;1
202100049406;113 443;30;0;2;9;1;1
202100049406;113 444;10;0;2;8;15;1
202100049407;113 441;7;0;2;2;14;1
202100049407;113 442;7;0;2;6;1;1
202100049408;113 438;17;0;2;8;1;1
202100049408;113 439;7;0;2;7;1;1
202100049408;113 440;32;0;2;2;18;1
202100049409;113 437;30;0;1;2;1;3
202100049410;113 436;7;1;0;1;20;3
202100049411;113 435;7;0;1;2;1;1
202100049412;113 433;1;0;2;4;13;5
202100049412;113 434;10;0;2;1;1;1
202100049413;113 432;1;0;1;0;1;5
202100049414;113 431;1;0;1;1;1;5
202100049415;113 430;80;0;0;0;21;3
202100049416;113 429;10;0;1;5;4;1
202100049417;113 428;7;0;2;3;1;1
202100049418;113 426;60;0;2;1;19;5
202100049418;113 427;33;0;9;2;1;1
202100049419;113 425;38;0;0;0;2;1
202100049420;113 424;7;12;0;2;14;1
202100049421;113 422;7;0;9;2;26;1
202100049421;113 423;1;0;2;8;1;5
202100049422;113 420;1;0;2;2;1;5
202100049422;113 421;7;0;2;2;26;0
202100049423;113 418;7;0;2;2;17;1
202100049423;113 419;37;0;2;3;1;1
202100049424;113 416;99;0;2;3;10;1
202100049424;113 417;31;0;2;2;12;1
202100049425;113 414;14;0;9;6;0;1
202100049425;113 415;3;0;9;3;9;1
202100049426;113 412;7;0;2;3;2;1
202100049426;113 413;7;0;2;2;9;1
202100049427;113 410;7;0;2;7;1;1
202100049427;113 411;1;0;2;1;1;5
202100049428;113 409;30;0;1;3;2;1
202100049429;113 408;10;0;1;2;9;1
202100049430;113 406;1;0;2;7;9;5
202100049430;113 407;7;0;2;3;19;1
202100049431;113 404;30;0;2;2;17;3
202100049431;113 405;10;0;2;3;15;1
202100049432;113 402;7;0;2;1;15;1
202100049432;113 403;33;0;2;1;1;1
202100049433;113 400;1;0;2;0;1;5
202100049433;113 401;2;0;9;0;0;0
202100049434;113 398;1;0;2;1;15;5
202100049434;113 399;7;0;9;6;1;1
202100049435;113 397;7;13;0;0;0;1
202100049436;113 395;7;0;2;7;17;1
202100049436;113 396;7;0;2;8;15;1
202100049437;113 393;7;0;9;2;1;1
202100049437;113 394;1;0;2;8;16;5
202100049438;113 391;33;0;2;1;1;1
202100049438;113 392;7;0;0;7;16;1
202100049439;113 389;2;0;2;1;2;1
202100049439;113 390;7;0;2;4;1;1
202100049440;113 388;7;0;0;0;1;1
202100049441;113 386;7;0;2;1;5;1
202100049441;113 387;14;0;2;1;1;1
202100049442;113 385;10;0;1;3;1;1
202100049443;113 382;33;0;2;1;17;1
202100049443;113 383;7;0;0;8;1;1
202100049443;113 384;13;0;0;3;1;1
202100049444;113 380;7;0;2;1;1;1
202100049444;113 381;7;0;2;2;19;1
202100049445;113 379;31;0;0;0;1;1
202100049446;113 378;7;2;0;1;2;1
202100049447;113 377;7;13;0;1;1;1
202100049448;113 376;7;8;0;1;1;1
202100049449;113 375;31;6;0;1;1;1
202100049450;113 372;10;0;2;1;2;1
202100049450;113 373;7;0;0;0;2;1
202100049450;113 374;7;4;0;4;2;1
202100049451;113 370;7;0;2;1;1;1
202100049451;113 371;10;0;2;1;1;1
202100049452;113 368;10;0;2;3;21;1
202100049452;113 369;7;7;0;5;15;1
202100049453;113 366;10;0;2;1;15;1
202100049453;113 367;1;0;2;1;1;5
202100049454;113 364;7;0;2;3;1;1
202100049454;113 365;7;15;2;1;13;1
202100049455;113 362;7;0;2;1;19;1
202100049455;113 363;7;0;0;2;19;1
202100049456;113 361;7;0;1;2;1;1
202100049457;113 359;10;0;2;1;15;1
202100049457;113 360;33;0;2;1;17;1
202100049458;113 358;7;7;0;1;2;1
202100049459;113 357;7;4;0;9;1;1
202100049460;113 354;7;5;0;3;12;1
202100049460;113 355;15;0;2;2;12;1
202100049460;113 356;15;0;2;0;0;1
202100049461;113 353;7;0;1;1;2;1
202100049462;113 350;7;0;2;4;1;1
202100049462;113 351;33;4;2;1;11;1
202100049462;113 352;33;0;2;1;21;1
202100049463;113 348;7;0;2;4;2;1
202100049463;113 349;32;0;2;1;2;1
202100049464;113 347;7;0;0;9;1;1
202100049465;113 343;33;0;2;1;3;1
202100049465;113 344;7;0;2;2;12;1
202100049465;113 345;7;0;2;5;1;1
202100049465;113 346;7;0;2;6;1;1
202100049466;113 340;7;3;2;1;9;1
202100049466;113 341;7;3;2;1;1;1
202100049466;113 342;7;3;2;1;1;1
202100049467;113 338;31;0;2;4;23;1
202100049467;113 339;7;0;2;1;9;1
202100049468;113 337;33;0;2;1;26;1
202100049469;113 336;7;0;1;6;20;1
202100049470;113 334;7;0;9;8;15;1
202100049470;113 335;2;0;2;1;2;1
202100049471;113 332;2;0;2;3;1;1
202100049471;113 333;7;0;2;3;15;1
202100049472;113 330;7;0;2;4;1;1
202100049472;113 331;1;0;2;1;1;0
202100049473;113 328;33;0;2;8;0;1
202100049473;113 329;7;0;2;3;9;1
202100049474;113 323;7;3;2;1;14;1
202100049474;113 324;7;3;2;2;12;1
202100049474;113 325;7;3;2;1;1;1
202100049474;113 326;10;3;2;6;1;1
202100049474;113 327;7;3;2;5;1;1
202100049475;113 321;7;0;1;2;1;1
202100049476;113 319;7;0;2;7;15;1
202100049476;113 320;7;0;2;1;1;1
202100049477;113 316;32;0;2;4;23;1
202100049477;113 317;7;0;2;4;23;1
202100049477;113 318;7;0;2;1;1;0
202100049478;113 314;7;0;0;6;2;1
202100049478;113 315;33;0;2;1;2;1
202100049479;113 312;7;0;2;1;6;1
202100049479;113 313;2;0;2;7;1;1
202100049480;113 311;10;0;1;1;15;1
202100049481;113 308;7;0;2;1;9;1
202100049481;113 309;7;0;2;1;9;1
202100049481;113 310;15;0;2;1;9;1
202100049482;113 306;7;0;2;3;1;1
202100049482;113 307;7;0;2;3;13;2
202100049483;113 304;30;0;2;1;5;1
202100049483;113 305;2;0;2;8;1;1
202100049484;113 303;2;1;0;1;14;1
202100049485;113 301;1;0;2;8;1;5
202100049485;113 302;10;0;2;1;9;1
202100049486;113 299;7;0;2;2;2;1
202100049486;113 300;7;0;2;1;15;1
202100049487;113 297;10;0;9;5;23;3
202100049487;113 298;1;0;2;1;2;5
202100049488;113 295;10;0;2;1;2;1
202100049488;113 296;7;0;2;4;2;1
202100049489;113 293;33;0;2;3;15;1
202100049489;113 294;7;0;2;3;1;1
202100049490;113 291;33;0;2;8;21;1
202100049490;113 292;10;0;2;8;1;0
202100049491;113 290;7;0;1;7;1;1
202100049492;113 287;7;0;2;3;19;1
202100049492;113 288;7;0;2;3;1;1
202100049492;113 289;7;0;9;3;1;1
202100049493;113 285;7;0;9;8;9;1
202100049493;113 286;50;0;2;1;1;3
202100049494;113 283;7;0;9;3;24;2
202100049494;113 284;1;0;2;1;1;5
202100049495;113 281;2;0;2;1;1;1
202100049495;113 282;7;0;2;2;19;1
202100049496;113 280;7;5;0;1;1;1
202100049497;113 278;40;0;9;3;1;3
202100049497;113 279;50;0;4;1;26;3
202100049498;113 276;30;0;2;1;13;1
202100049498;113 277;7;0;2;3;1;1
202100049499;113 275;30;0;1;0;1;1
202100049500;113 273;7;0;2;2;1;1
202100049500;113 274;7;0;2;5;1;1
202100049501;113 271;31;0;2;4;1;1
202100049501;113 272;1;0;2;1;1;5
202100049502;113 269;7;0;2;3;15;1
202100049502;113 270;50;0;2;1;15;3
202100049503;113 267;7;0;2;2;15;1
202100049503;113 268;7;0;2;1;1;1
202100049504;113 265;7;0;2;6;1;1
202100049504;113 266;7;0;2;1;19;1
202100049505;113 263;7;0;2;5;9;1
202100049505;113 264;2;0;2;2;1;1
202100049506;113 261;7;0;2;2;2;1
202100049506;113 262;1;0;2;6;1;5
202100049507;113 260;33;6;0;1;1;1
202100049508;113 256;7;0;0;4;23;1
202100049508;113 257;7;0;2;8;23;1
202100049508;113 258;7;0;2;5;23;1
202100049508;113 259;7;0;2;1;1;1
202100049509;113 255;14;4;0;7;16;1
202100049510;113 253;43;0;2;2;3;1
202100049510;113 254;7;0;2;3;15;1
202100049511;113 251;7;8;1;7;1;1
202100049511;113 252;7;0;2;1;1;0
202100049512;113 250;7;0;1;2;1;1
202100049513;113 248;1;0;2;6;19;0
202100049513;113 249;31;0;2;1;1;1
202100049514;113 246;7;0;2;6;2;1
202100049514;113 247;34;0;2;2;17;3
202100049515;113 245;7;0;1;2;0;1
202100049516;113 244;31;0;0;7;0;1
202100049517;113 242;7;0;2;1;1;1
202100049517;113 243;7;0;2;8;1;1
202100049518;113 240;1;0;2;1;26;0
202100049518;113 241;7;0;2;3;1;1
202100049519;113 239;1;1;0;1;1;5
202100049520;113 238;33;8;0;1;12;1
202100049521;113 236;13;0;2;7;16;1
202100049521;113 237;1;0;2;8;1;5
202100049522;113 235;7;0;1;2;1;3
202100049523;113 234;37;0;1;2;7;2
202100049524;113 233;30;14;0;1;1;1
202100049525;113 231;7;0;2;8;13;1
202100049525;113 232;33;0;2;1;17;1
202100049526;113 230;10;0;1;5;16;1
202100049527;113 228;7;0;2;8;9;1
202100049527;113 229;15;0;2;2;1;1
202100049528;113 227;37;0;1;7;7;1
202100049529;113 225;7;0;2;8;22;1
202100049529;113 226;1;0;2;1;1;5
202100049530;113 223;1;0;2;1;1;5
202100049530;113 224;1;0;2;2;15;5
202100049531;113 222;1;0;1;3;1;5
202100049532;113 220;7;0;2;1;1;1
202100049532;113 221;30;0;2;6;1;1
202100049533;113 218;1;0;2;1;19;5
202100049533;113 219;7;0;2;1;13;1
202100049534;113 216;30;1;2;1;18;1
202100049534;113 217;7;0;2;2;1;1
202100049535;113 214;33;0;2;1;2;1
202100049535;113 215;7;0;2;4;1;1
202100049536;113 213;7;0;1;2;1;1
202100049537;113 212;7;8;0;8;17;1
202100049538;113 210;33;0;2;1;17;0
202100049538;113 211;7;0;2;5;19;0
202100049539;113 208;7;0;2;1;1;1
202100049539;113 209;7;0;2;5;1;1
202100049540;113 206;10;0;2;6;13;0
202100049540;113 207;32;0;2;2;17;6
202100049541;113 204;2;0;2;1;2;1
202100049541;113 205;7;0;2;3;15;1
202100049542;113 202;7;0;2;5;1;1
202100049542;113 203;7;0;2;1;26;1
202100049543;113 199;7;9;1;1;1;1
202100049544;113 197;7;0;2;2;2;2
202100049544;113 198;2;0;2;8;18;1
202100049545;113 195;7;0;2;3;15;1
202100049545;113 196;30;0;2;1;17;0
202100049546;113 193;30;0;2;8;1;1
202100049546;113 194;7;0;2;1;1;2
202100049547;113 192;33;0;1;1;18;1
202100049548;113 190;7;0;2;1;16;1
202100049548;113 191;80;0;2;8;19;3
202100049549;113 189;10;8;0;1;2;1
202100049550;113 188;7;0;0;2;0;1
202100049551;113 186;7;3;2;1;9;1
202100049551;113 187;7;5;0;4;23;1
202100049552;113 185;15;0;0;0;14;6
202100049553;113 181;7;7;0;3;1;1
202100049553;113 182;7;0;2;8;1;1
202100049553;113 183;7;0;2;1;1;1
202100049553;113 184;7;0;2;3;1;1
202100049554;113 179;7;0;2;3;15;1
202100049554;113 180;1;0;2;1;17;5
202100049555;113 177;7;0;2;2;1;1
202100049555;113 178;1;0;2;8;1;5
202100049556;113 176;33;0;0;8;16;1
202100049557;113 174;7;0;2;1;1;1
202100049557;113 175;7;0;2;1;1;1
202100049558;113 172;13;0;2;3;1;1
202100049558;113 173;7;0;2;3;13;1
202100049559;113 170;2;0;2;8;1;1
202100049559;113 171;10;0;2;2;13;1
202100049560;113 168;7;0;0;1;1;1
202100049560;113 169;7;3;2;3;13;1
202100049561;113 166;32;3;2;1;2;1
202100049561;113 167;7;0;0;4;23;1
202100049562;113 165;33;0;0;8;0;1
202100049563;113 163;7;0;0;4;15;1
202100049563;113 164;15;0;0;1;1;1
202100049564;113 161;7;0;2;1;1;1
202100049564;113 162;2;0;0;8;15;1
202100049565;113 160;33;16;0;0;1;0
202100049566;113 159;7;0;1;3;15;1
202100049567;113 158;7;1;0;2;0;1
202100049568;113 155;33;0;2;1;2;1
202100049568;113 156;7;0;0;6;2;1
202100049568;113 157;7;0;2;3;1;1
202100049569;113 153;1;0;2;3;2;5
202100049569;113 154;33;0;2;0;17;1
202100049570;113 151;7;0;9;2;1;1
202100049570;113 152;1;0;2;2;9;5
202100049571;113 150;7;0;9;3;1;1
202100049572;113 148;7;0;2;1;21;1
202100049572;113 149;7;0;2;4;23;1
202100049573;113 146;15;0;2;2;0;1
202100049573;113 147;7;0;2;8;1;2
202100049574;113 143;7;0;2;0;23;1
202100049574;113 144;7;0;2;5;21;1
202100049574;113 145;10;0;2;3;21;1
202100049575;113 142;7;16;0;9;1;1
202100049576;113 139;7;0;2;3;1;1
202100049576;113 140;15;0;2;6;1;1
202100049576;113 141;7;0;2;2;11;1
202100049577;113 137;7;0;2;1;2;1
202100049577;113 138;7;0;2;5;2;1
202100049578;113 135;7;0;2;1;2;1
202100049578;113 136;10;0;2;4;2;1
202100049579;113 134;32;0;0;9;1;1
202100049580;113 133;7;4;0;3;26;1
202100049581;113 131;17;0;2;8;22;2
202100049581;113 132;33;0;2;1;3;1
202100049582;113 129;33;0;2;2;1;1
202100049582;113 130;10;0;2;4;13;1
202100049583;113 126;10;0;2;4;2;1
202100049583;113 127;7;0;2;4;2;1
202100049583;113 128;7;0;2;1;2;1
202100049584;113 121;10;0;2;1;1;1
202100049584;113 122;17;0;2;1;1;1
202100049584;113 123;17;0;2;3;11;1
202100049584;113 124;7;0;2;2;1;1
202100049584;113 125;7;0;2;7;1;1
202100049585;113 119;7;0;2;4;2;1
202100049585;113 120;33;0;2;1;2;1
202100049586;113 117;33;0;2;1;2;1