Num_Acc;id_vehicule;categorie_vehicule;obstacle_fixe;obstacle_mobile;point_choc_initial;manoeuvre_principale;motorisation
202100049586;113 118;7;0;2;4;2;1
202100049587;113 111;10;0;2;1;1;1
202100049587;113 112;7;0;2;4;23;1
202100049587;113 113;7;0;2;4;23;1
202100049587;113 114;7;0;2;1;1;1
202100049587;113 115;7;0;2;4;23;1
202100049587;113 116;7;0;2;4;23;1
202100049588;113 108;7;0;2;1;2;1
202100049588;113 109;7;0;2;2;12;1
202100049588;113 110;10;0;2;6;2;1
202100049589;113 105;7;0;2;4;2;1
202100049589;113 106;7;0;2;9;2;1
202100049589;113 107;10;0;2;1;2;1
202100049590;113 101;17;0;2;1;2;1
202100049590;113 102;17;0;2;4;2;1
202100049590;113 103;17;0;2;1;2;1
202100049590;113 104;14;0;2;1;2;1
202100049591;113 100;30;0;1;6;26;0
202100049592;113 098;7;15;0;1;1;1
202100049592;113 099;7;0;2;6;19;1
202100049593;113 096;7;0;2;5;1;1
202100049593;113 097;1;0;2;8;15;5
202100049594;113 095;10;0;1;7;20;1
202100049595;113 093;7;0;2;8;23;1
202100049595;113 094;7;0;2;1;26;1
202100049596;113 091;33;0;4;1;1;1
202100049596;113 092;0;0;;;26;
202100049597;113 090;7;15;0;2;12;1
202100049598;113 088;7;0;2;6;16;1
202100049598;113 089;7;0;2;2;1;1
202100049599;113 086;30;0;2;1;13;1
202100049599;113 087;7;0;2;2;26;1
202100049600;113 084;7;0;2;0;0;1
202100049600;113 085;33;0;2;1;2;1
202100049601;113 082;33;0;2;7;16;1
202100049601;113 083;10;0;2;2;1;1
202100049602;113 081;7;0;1;2;1;1
202100049603;113 079;1;0;2;3;1;5
202100049603;113 080;10;0;2;1;15;1
202100049604;113 078;7;8;2;7;2;1
202100049605;113 076;7;0;2;1;1;1
202100049605;113 077;7;0;2;7;1;1
202100049606;113 075;7;0;1;7;1;1
202100049607;113 073;30;0;0;7;2;1
202100049607;113 074;30;0;0;7;1;1
202100049608;113 071;7;0;2;1;2;1
202100049608;113 072;7;0;2;4;2;1
202100049609;113 067;7;0;2;1;1;1
202100049609;113 068;7;0;2;4;1;1
202100049609;113 069;7;0;2;1;1;1
202100049609;113 070;7;0;2;1;1;1
202100049610;113 065;33;0;2;8;1;1
202100049610;113 066;7;0;2;2;16;1
202100049611;113 063;7;0;2;1;15;1
202100049611;113 064;7;0;2;3;1;1
202100049612;113 061;7;0;2;2;15;1
202100049612;113 062;33;0;2;1;2;1
202100049613;113 059;1;0;2;5;19;5
202100049613;113 060;7;0;2;5;26;1
202100049614;113 057;33;0;2;1;1;1
202100049614;113 058;7;0;2;1;15;1
202100049615;113 056;7;1;0;1;21;1
202100049616;113 055;7;0;1;1;1;1
202100049617;113 052;1;0;0;0;1;5
202100049618;113 051;3;0;1;1;1;1
202100049619;113 049;7;0;2;1;1;1
202100049619;113 050;7;0;2;1;15;1
202100049620;113 048;7;0;1;0;9;1
202100049621;113 046;30;0;2;1;1;1
202100049621;113 047;7;0;2;5;15;1
202100049622;113 045;80;0;1;0;1;3
202100049623;113 044;7;0;1;1;1;1
202100049624;113 042;1;0;2;1;2;5
202100049624;113 043;7;0;2;4;2;1
202100049625;113 041;7;0;1;1;15;2
202100049626;113 038;7;0;2;4;2;1
202100049626;113 039;7;0;2;4;2;1
202100049626;113 040;7;0;2;1;2;1
202100049627;113 034;7;0;2;4;23;1
202100049627;113 035;7;0;2;1;1;1
202100049627;113 036;7;0;2;4;23;1
202100049627;113 037;7;0;2;4;23;1
202100049628;113 032;7;0;2;2;15;1
202100049628;113 033;10;0;2;1;1;1
202100049629;113 030;7;0;2;2;15;1
202100049629;113 031;7;0;2;3;1;1
202100049630;113 029;1;0;2;0;1;5
202100049631;113 026;7;0;2;0;0;1
202100049631;113 027;7;0;2;1;23;1
202100049631;113 028;7;0;2;1;9;1
202100049632;113 024;7;0;2;3;1;1
202100049632;113 025;30;0;2;1;13;1
202100049633;113 023;33;12;0;3;13;1
202100049634;113 021;7;0;2;2;15;1
202100049634;113 022;33;0;2;1;1;1
202100049635;113 020;2;15;0;1;1;1
202100049636;113 019;7;0;1;6;4;1
202100049637;113 017;7;0;2;2;1;1
202100049637;113 018;10;0;2;3;1;1
202100049638;113 015;50;0;2;0;1;3
202100049638;113 016;7;0;9;1;20;1
202100049639;113 013;1;0;2;1;5;5
202100049639;113 014;1;0;0;1;1;5
202100049640;113 011;7;0;2;1;15;1
202100049640;113 012;1;0;2;8;1;5
202100049641;113 010;7;0;1;1;1;1
202100049642;113 008;7;0;2;3;9;1
202100049642;113 009;33;0;2;5;1;1
202100049643;113 005;2;1;0;1;2;1
202100049643;113 006;7;0;2;6;23;1
202100049643;113 007;15;0;2;6;21;1
202100049644;113 003;33;0;2;1;1;1
202100049644;113 004;7;0;2;3;15;1
202100049645;113 001;7;0;2;7;1;1
202100049645;113 002;7;0;2;1;16;1
202100049646;112 999;7;0;2;8;1;1
202100049646;113 000;7;0;2;2;16;1
202100049647;112 997;7;0;2;3;15;1
202100049647;112 998;33;0;2;2;17;1
202100049648;112 995;7;0;2;3;21;1
202100049648;112 996;2;0;2;1;17;1
202100049649;112 993;7;0;2;3;1;1
202100049649;112 994;7;0;2;2;19;1
202100049650;112 991;7;1;2;8;16;1
202100049650;112 992;7;1;2;1;1;1
202100049651;112 990;7;0;1;2;1;1
202100049652;112 988;10;0;2;1;1;1
202100049652;112 989;15;0;2;6;19;1
202100049653;112 986;33;0;2;1;1;1
202100049653;112 987;7;0;2;2;15;1
202100049654;112 984;10;0;2;4;1;1
202100049654;112 985;7;0;2;1;1;1
202100049655;112 982;7;0;2;3;16;0
202100049655;112 983;7;0;2;3;19;1
202100049656;112 981;2;1;0;1;14;1
202100049657;112 979;10;0;2;2;12;1
202100049657;112 980;31;0;2;8;1;1
202100049658;112 978;7;0;0;9;13;1
202100049659;112 976;7;0;2;5;15;1
202100049659;112 977;30;0;2;1;18;1
202100049660;112 974;2;0;2;8;7;1
202100049660;112 975;7;0;2;7;16;1
202100049661;112 972;31;0;2;1;1;1
202100049661;112 973;7;0;2;5;23;3
202100049662;112 970;10;0;2;3;15;1
202100049662;112 971;33;0;2;7;17;1
202100049663;112 969;7;0;1;1;15;1
202100049664;112 967;50;0;2;8;1;3
202100049664;112 968;7;0;2;1;1;1
202100049665;112 966;1;0;2;1;21;5
202100049666;112 964;32;0;2;2;13;1
202100049666;112 965;10;0;2;6;23;1
202100049667;112 962;30;0;2;8;11;1
202100049667;112 963;7;0;2;0;1;1
202100049668;112 960;2;0;2;1;16;1
202100049668;112 961;10;0;2;4;26;1
202100049669;112 958;50;0;2;1;15;3
202100049669;112 959;7;0;2;3;1;1
202100049670;112 956;33;0;2;1;1;1
202100049670;112 957;7;0;2;3;15;1
202100049671;112 954;7;0;2;7;1;1
202100049671;112 955;7;1;2;2;1;1
202100049672;112 952;7;0;2;5;15;1
202100049672;112 953;31;0;2;2;1;1
202100049673;112 950;33;0;2;3;2;1
202100049673;112 951;10;0;2;7;2;1
202100049674;112 949;7;15;0;3;1;1
202100049675;112 947;7;0;2;8;11;1
202100049675;112 948;43;0;2;2;2;1
202100049676;112 946;7;0;1;1;1;1
202100049677;112 943;7;0;2;3;1;2
202100049677;112 944;7;0;2;2;13;2
202100049677;112 945;7;0;2;6;2;1
202100049678;112 941;7;0;2;4;23;2
202100049678;112 942;7;0;2;1;2;1
202100049679;112 939;7;14;0;4;2;1
202100049679;112 940;7;0;2;1;2;1
202100049680;112 937;32;0;2;3;1;1
202100049680;112 938;7;0;2;2;19;1
202100049681;112 935;7;0;2;2;2;1
202100049681;112 936;7;0;2;3;9;1
202100049682;112 933;7;0;2;6;15;3
202100049682;112 934;33;0;2;1;17;1
202100049683;112 931;33;0;2;1;19;1
202100049683;112 932;7;0;2;7;9;1
202100049684;112 929;7;0;2;1;1;0
202100049684;112 930;7;2;2;2;15;0
202100049685;112 928;10;0;1;3;15;1
202100049686;112 927;7;0;1;1;1;0
202100049687;112 926;7;0;1;1;1;1
202100049688;112 924;7;0;2;2;16;1
202100049688;112 925;50;0;2;1;1;3
202100049689;112 922;10;0;1;3;15;1
202100049689;112 923;1;0;2;4;23;5
202100049690;112 921;7;11;0;1;1;1
202100049691;112 920;7;0;1;1;1;1
202100049692;112 919;7;0;1;1;1;1
202100049693;112 918;7;2;0;9;0;1
202100049694;112 916;32;0;2;2;1;1
202100049694;112 917;10;0;2;3;9;1
202100049695;112 912;7;0;2;1;17;1
202100049695;112 913;7;0;2;6;15;1
202100049696;112 910;7;0;2;3;1;1
202100049696;112 911;7;0;0;1;13;1
202100049697;112 906;7;0;2;2;17;1
202100049697;112 907;2;0;2;8;15;1
202100049698;112 904;7;2;0;1;1;1
202100049698;112 905;7;0;9;8;1;1
202100049699;112 903;33;0;0;9;2;1
202100049700;112 901;7;0;0;4;15;1
202100049700;112 902;14;0;2;1;1;1
202100049701;112 900;31;9;0;1;1;1
202100049702;112 899;7;0;1;3;15;1
202100049703;112 897;7;3;2;1;14;1
202100049703;112 898;7;0;2;3;1;1
202100049704;112 896;14;8;0;1;1;1
202100049705;112 895;7;2;0;3;1;1
202100049706;112 894;7;16;0;0;13;1
202100049707;112 892;10;0;2;1;1;1
202100049707;112 893;7;0;2;8;15;1
202100049708;112 891;7;0;1;3;15;1
202100049709;112 890;33;16;0;0;1;1
202100049710;112 888;7;0;0;1;5;1
202100049710;112 889;7;0;2;1;1;1
202100049711;112 887;7;2;0;1;1;1
202100049712;112 885;7;0;2;2;1;1
202100049712;112 886;2;0;0;4;0;1
202100049713;112 883;10;0;2;5;15;1
202100049713;112 884;33;0;2;2;1;1
202100049714;112 881;32;0;2;1;1;1
202100049714;112 882;7;0;2;3;15;1
202100049715;112 880;7;0;1;5;4;1
202100049716;112 877;7;13;0;1;13;1
202100049717;112 875;7;0;2;6;13;1
202100049717;112 876;33;0;2;2;13;1
202100049718;112 874;7;13;6;1;1;1
202100049719;112 873;7;6;0;8;1;1
202100049720;112 872;0;0;1;2;0;0
202100049721;112 871;7;0;1;1;15;1
202100049722;112 869;1;0;2;1;1;5
202100049722;112 870;7;0;2;2;5;1
202100049723;112 868;2;0;1;1;1;1
202100049724;112 867;7;13;0;1;13;1
202100049725;112 865;1;0;2;1;1;5
202100049725;112 866;7;0;9;2;15;1
202100049726;112 863;7;15;2;3;1;1
202100049726;112 864;7;15;2;3;1;1
202100049727;112 861;7;7;2;7;19;1
202100049727;112 862;10;0;2;1;1;1
202100049728;112 860;7;0;1;3;15;1
202100049729;112 859;39;0;1;1;1;3
202100049730;112 856;7;0;2;1;2;1
202100049730;112 857;7;0;2;4;1;1
202100049730;112 858;7;0;2;4;1;1
202100049731;112 854;7;0;2;5;14;1
202100049731;112 855;33;0;2;3;3;1
202100049732;112 852;7;0;2;6;1;0
202100049732;112 853;7;0;2;2;14;1
202100049733;112 850;33;0;2;1;2;1
202100049733;112 851;7;0;2;6;1;1
202100049734;112 848;7;0;2;4;2;1
202100049734;112 849;34;0;2;1;3;1
202100049735;112 846;32;0;0;4;26;1
202100049735;112 847;10;0;2;1;26;1
202100049736;112 843;7;0;2;0;10;0
202100049736;112 844;7;0;2;1;1;1
202100049736;112 845;7;0;2;3;1;1
202100049737;112 841;32;0;2;1;1;1
202100049737;112 842;7;0;2;2;19;1
202100049738;112 839;30;0;2;2;1;1
202100049738;112 840;7;0;2;8;1;1
202100049739;112 837;7;0;2;3;1;1
202100049739;112 838;7;0;2;2;1;1
202100049740;112 835;7;0;2;3;15;1
202100049740;112 836;50;0;2;2;1;3
202100049741;112 833;7;0;2;8;1;1
202100049741;112 834;50;0;2;1;5;3
202100049742;112 832;7;0;1;1;16;1
202100049743;112 830;10;0;2;1;9;1
202100049743;112 831;7;0;2;0;0;1
202100049744;112 826;10;0;2;4;2;1
202100049744;112 827;7;0;2;8;1;1
202100049744;112 828;7;0;2;4;2;2
202100049744;112 829;7;0;2;1;2;1
202100049745;112 824;7;0;2;4;2;1
202100049745;112 825;30;14;0;1;2;1
202100049746;112 822;31;0;2;2;1;0
202100049746;112 823;1;0;2;0;0;5
202100049747;112 819;50;0;2;1;18;3
202100049747;112 820;7;0;2;7;22;1
202100049748;112 816;7;0;2;2;1;1
202100049748;112 817;7;0;2;3;1;1
202100049748;112 818;7;0;2;1;1;1
202100049749;112 814;7;0;2;5;2;1
202100049749;112 815;7;0;2;2;2;1
202100049750;112 813;33;8;0;8;13;1
202100049751;112 812;7;8;0;3;1;1
202100049752;112 811;33;0;0;8;1;1
202100049753;112 810;7;0;1;1;1;1
202100049754;112 808;7;0;2;2;26;1
202100049754;112 809;7;0;2;1;1;1
202100049755;112 806;1;16;9;3;2;5
202100049755;112 807;7;16;0;2;2;1
202100049756;112 804;99;0;2;6;2;1
202100049756;112 805;31;0;2;1;2;1
202100049757;112 802;7;0;2;1;1;1
202100049757;112 803;7;0;2;4;15;1
202100049758;112 800;7;0;2;3;9;1
202100049758;112 801;33;0;2;1;1;1
202100049759;112 799;1;1;0;2;0;0
202100049760;112 798;7;15;0;2;15;1
202100049761;112 794;7;0;1;3;1;1
202100049762;112 793;10;0;1;1;1;1
202100049763;112 791;7;0;2;6;1;1
202100049763;112 792;31;0;2;1;1;1
202100049764;112 787;50;0;2;1;1;3
202100049764;112 788;7;0;2;3;1;1
202100049765;112 785;7;0;2;4;1;1
202100049765;112 786;7;0;2;1;1;1
202100049766;112 783;30;0;2;8;1;1
202100049766;112 784;7;0;2;1;15;1
202100049767;112 781;7;0;2;2;1;1
202100049767;112 782;80;0;2;7;19;3
202100049768;112 780;7;0;1;2;16;1
202100049769;112 778;30;0;2;1;1;1
202100049769;112 779;30;0;2;8;10;1
202100049770;112 776;1;0;2;4;7;5
202100049770;112 777;37;0;2;2;7;2
202100049771;112 774;7;0;2;5;1;1
202100049771;112 775;32;0;2;1;1;1
202100049772;112 772;30;0;2;3;7;3
202100049772;112 773;3;0;2;7;16;1
202100049773;112 771;1;0;0;0;1;5
202100049774;112 769;30;0;2;0;17;1
202100049774;112 770;10;0;2;0;15;1
202100049775;112 768;33;7;0;1;21;1
202100049776;112 767;1;11;0;1;1;5
202100049777;112 766;1;0;1;5;1;5
202100049778;112 765;50;0;0;0;1;3
202100049779;112 762;7;0;2;2;2;1
202100049779;112 763;7;0;2;1;2;1
202100049779;112 764;7;0;2;3;16;1
202100049780;112 761;7;4;0;1;1;1
202100049781;112 760;7;0;1;1;1;0
202100049782;112 759;7;6;0;1;19;1
202100049783;112 757;30;0;2;0;0;1
202100049783;112 758;10;0;2;8;1;1
202100049784;112 755;7;0;2;3;16;1
202100049784;112 756;7;0;2;2;1;1
202100049785;112 754;7;0;1;1;1;1
202100049786;112 752;32;0;2;1;0;1
202100049786;112 753;7;0;2;1;15;1
202100049787;112 751;10;2;0;3;1;3
202100049788;112 750;7;5;0;1;1;1
202100049789;112 748;10;0;9;2;1;1
202100049789;112 749;1;0;2;1;15;6
202100049790;112 747;33;0;0;8;1;1
202100049791;112 745;7;0;2;1;9;1
202100049791;112 746;33;0;0;7;1;1
202100049792;112 743;15;0;2;4;1;1
202100049792;112 744;10;0;2;1;12;1
202100049793;112 742;7;4;0;1;13;1
202100049794;112 740;7;0;0;3;0;1
202100049794;112 741;7;8;2;1;13;1
202100049795;112 738;7;0;0;6;15;1
202100049795;112 739;33;0;2;1;1;0
202100049796;112 736;7;0;2;1;19;1
202100049796;112 737;33;0;2;7;1;1
202100049797;112 733;7;0;0;4;2;1
202100049797;112 734;7;0;0;4;2;1
202100049797;112 735;7;0;2;1;2;1
202100049798;112 732;7;2;0;1;0;1
202100049799;112 731;7;0;1;3;1;1
202100049800;112 730;7;2;0;3;19;1
202100049801;112 727;7;0;2;9;15;1
202100049801;112 728;7;2;2;3;1;1
202100049801;112 729;7;0;2;1;1;1
202100049802;112 726;32;9;0;1;1;1
202100049803;112 724;10;0;2;7;17;1
202100049803;112 725;1;0;0;8;1;5
202100049804;112 722;10;0;2;7;1;1
202100049804;112 723;7;0;0;1;1;1
202100049805;112 721;7;0;0;9;1;1
202100049806;112 719;1;0;2;1;2;5
202100049806;112 720;7;0;2;4;2;1
202100049807;112 718;33;7;0;8;1;1
202100049808;112 716;2;0;2;8;2;3
202100049808;112 717;10;0;2;7;17;0
202100049809;112 714;1;0;2;8;15;0
202100049809;112 715;7;0;9;7;17;1
202100049810;112 713;7;13;0;3;0;1
202100049811;112 712;7;0;1;1;1;1
202100049812;112 711;3;0;0;9;1;1
202100049813;112 710;7;13;0;1;1;1
202100049814;112 708;2;0;2;0;16;1
202100049814;112 709;7;0;2;1;0;1
202100049815;112 707;7;2;0;8;1;1
202100049816;112 706;10;8;0;1;13;1
202100049817;112 704;33;0;2;1;1;1
202100049817;112 705;7;0;0;4;1;1
202100049818;112 703;7;2;0;2;1;1
202100049819;112 701;33;0;2;8;3;0
202100049819;112 702;7;0;2;8;15;1
202100049820;112 699;7;0;2;2;26;1
202100049820;112 700;43;0;2;7;1;1
202100049821;112 697;17;0;0;0;2;1
202100049821;112 698;7;0;2;5;2;1
202100049822;112 690;7;0;2;1;2;1
202100049822;112 691;7;0;2;4;2;1
202100049822;112 692;10;0;2;1;2;1
202100049822;112 693;7;0;2;0;1;1
202100049822;112 694;7;0;2;4;1;1
202100049822;112 695;10;0;2;4;1;1
202100049822;112 696;7;0;2;4;1;1
202100049823;112 689;33;3;0;8;17;1
202100049824;112 687;7;0;2;3;9;1
202100049824;112 688;33;0;2;1;1;1
202100049825;112 685;33;0;0;7;16;1
202100049825;112 686;7;0;2;3;16;1
202100049826;112 683;7;0;2;2;1;1
202100049826;112 684;7;0;2;2;15;2
202100049827;112 682;31;2;0;1;0;1
202100049828;112 680;7;0;2;1;17;1
202100049828;112 681;7;0;2;1;1;1
202100049829;112 677;36;17;0;1;1;1
202100049830;112 676;21;0;0;8;1;1
202100049831;112 674;7;0;0;7;19;1
202100049831;112 675;33;0;0;0;1;1
202100049832;112 672;7;0;2;1;9;1
202100049832;112 673;2;0;2;7;21;1
202100049833;112 670;33;0;2;1;1;1
202100049833;112 671;7;0;2;2;19;1
202100049834;112 668;2;0;2;1;1;1
202100049834;112 669;7;0;0;3;9;1
202100049835;112 667;17;0;1;2;2;6
202100049836;112 664;7;0;2;1;1;1
202100049836;112 665;7;0;2;1;2;1
202100049836;112 666;7;0;2;4;23;1
202100049837;112 660;7;0;2;1;2;1
202100049837;112 661;7;0;2;4;2;1
202100049837;112 662;7;0;2;4;2;1
202100049837;112 663;7;0;2;4;1;1
202100049838;112 658;7;0;2;4;2;1
202100049838;112 659;7;0;2;1;2;1
202100049839;112 656;7;0;2;4;1;1
202100049839;112 657;7;0;2;1;2;1
202100049840;112 654;7;0;2;4;1;1
202100049840;112 655;10;0;2;3;2;1
202100049841;112 650;7;0;2;1;1;1
202100049841;112 651;10;0;2;4;2;1
202100049841;112 652;7;0;2;4;1;1
202100049841;112 653;7;0;2;4;1;1
202100049842;112 649;7;4;0;1;1;1
202100049843;112 645;7;0;2;4;23;1
202100049843;112 646;99;0;2;1;2;1
202100049843;112 647;7;0;2;4;23;1
202100049843;112 648;7;0;2;4;23;2
202100049844;112 643;7;0;2;4;2;1
202100049844;112 644;33;0;2;1;2;1
202100049845;112 642;10;4;0;3;2;1
202100049846;112 639;7;0;2;5;13;1
202100049846;112 640;7;0;2;3;18;1
202100049846;112 641;7;0;2;5;3;1
202100049847;112 637;7;0;2;2;1;1
202100049847;112 638;7;0;2;6;1;1
202100049848;112 636;7;3;0;1;9;1
202100049849;112 634;7;0;2;2;11;1
202100049849;112 635;7;0;2;3;1;1
202100049850;112 631;7;0;2;4;2;1
202100049850;112 632;7;0;2;1;2;1
202100049850;112 633;7;0;2;1;2;1
202100049851;112 629;33;0;2;9;3;1
202100049851;112 630;7;0;2;8;11;1
202100049852;112 626;7;0;2;1;1;1
202100049852;112 627;7;0;2;4;1;1
202100049852;112 628;7;0;2;4;1;1
202100049853;112 624;7;3;2;5;17;1
202100049853;112 625;33;0;2;1;17;1
202100049854;112 622;10;0;2;4;23;1
202100049854;112 623;7;0;2;1;2;1
202100049855;112 620;7;0;2;3;23;1
202100049855;112 621;10;0;2;6;20;1
202100049856;112 618;33;0;2;0;17;1
202100049856;112 619;7;0;2;0;11;1
202100049857;112 615;7;1;0;4;0;0
202100049857;112 616;7;16;0;6;0;1
202100049857;112 617;7;1;0;1;0;1
202100049858;112 613;7;0;2;5;13;1
202100049858;112 614;7;0;2;6;1;1
202100049859;112 612;32;0;1;8;26;1
202100049860;112 611;33;0;0;0;26;1
202100049861;112 610;33;0;0;0;1;1
202100049862;112 608;43;0;2;1;1;1
202100049862;112 609;7;0;2;2;15;1
202100049863;112 606;7;0;2;3;15;1
202100049863;112 607;2;0;2;1;17;0
202100049864;112 605;7;12;0;2;20;1
202100049865;112 604;10;15;0;1;1;1
202100049866;112 603;7;0;1;2;1;1
202100049867;112 601;60;0;2;7;1;5
202100049867;112 602;7;0;9;2;16;1
202100049868;112 600;7;0;1;1;1;1
202100049869;112 598;7;0;2;1;13;1
202100049869;112 599;21;0;0;0;0;1
202100049870;112 596;7;0;2;1;19;1
202100049870;112 597;7;0;2;4;1;1
202100049871;112 594;7;0;2;7;1;0
202100049871;112 595;7;0;2;1;16;1
202100049872;112 592;7;0;2;2;0;1
202100049872;112 593;1;0;2;1;1;5
202100049873;112 590;7;0;2;2;15;1
202100049873;112 591;33;0;2;1;1;1
202100049874;112 588;7;0;2;3;15;1
202100049874;112 589;2;0;2;8;17;1
202100049875;112 587;7;0;1;3;16;1
202100049876;112 584;7;0;2;6;15;1
202100049876;112 585;33;0;2;1;17;1
202100049877;112 582;7;0;2;7;15;1
202100049877;112 583;33;0;2;1;1;1
202100049878;112 580;1;0;2;1;2;5
202100049878;112 581;10;0;2;5;2;1
202100049879;112 578;7;0;2;2;20;1
202100049879;112 579;2;0;2;2;1;1
202100049880;112 576;2;0;2;2;1;1
202100049880;112 577;7;0;2;3;1;1
202100049881;112 575;33;0;0;0;1;1
202100049882;112 574;7;9;0;1;13;1
202100049883;112 573;7;0;0;9;14;1
202100049884;112 571;32;0;2;1;1;1
202100049884;112 572;10;0;2;2;15;1
202100049885;112 569;33;0;2;1;2;1
202100049885;112 570;7;0;2;6;2;1
202100049886;112 568;7;0;1;0;1;1
202100049887;112 566;7;0;2;3;1;1
202100049887;112 567;32;0;2;1;25;1
202100049888;112 565;33;13;0;1;13;1
202100049889;112 563;7;0;2;4;2;1
202100049889;112 564;7;0;2;1;2;1
202100049890;112 562;10;0;1;2;1;1
202100049891;112 560;7;0;2;8;16;0
202100049891;112 561;7;0;2;1;16;0
202100049892;112 558;7;0;2;8;15;1
202100049892;112 559;2;0;2;1;17;1
202100049893;112 555;7;0;0;8;0;1
202100049893;112 556;7;0;0;3;21;1
202100049893;112 557;33;0;0;1;17;1
202100049894;112 554;30;0;0;7;2;3
202100049895;112 550;7;0;0;0;0;1
202100049895;112 551;7;0;2;3;0;1
202100049896;112 548;7;0;2;4;1;0
202100049896;112 549;2;0;2;1;1;1
202100049897;112 546;31;0;2;1;1;1
202100049897;112 547;7;0;2;3;15;1
202100049898;112 544;33;0;2;3;3;1
202100049898;112 545;7;0;2;1;12;1
202100049899;112 542;7;0;2;4;23;1
202100049899;112 543;7;0;2;1;14;1
202100049900;112 541;10;7;0;1;1;1
202100049901;112 539;7;0;2;3;15;1
202100049901;112 540;30;0;2;7;1;1
202100049902;112 537;33;0;2;8;1;1
202100049902;112 538;7;0;2;0;23;1
202100049903;112 536;10;0;1;4;4;1
202100049904;112 535;7;0;1;1;20;1
202100049905;112 533;1;0;2;6;1;5
202100049905;112 534;7;0;2;1;1;1
202100049906;112 531;7;0;2;6;2;1
202100049906;112 532;7;0;2;4;23;1
202100049907;112 529;7;0;2;8;15;1
202100049907;112 530;1;0;2;8;19;0
202100049908;112 527;7;0;2;1;0;1
202100049908;112 528;7;0;2;1;26;1
202100049909;112 526;32;11;0;1;13;1
202100049910;112 524;32;0;2;5;1;1
202100049910;112 525;7;0;2;2;15;1
202100049911;112 521;7;0;2;4;1;1
202100049911;112 522;7;0;2;1;2;1
202100049911;112 523;10;0;2;1;2;1
202100049912;112 520;33;10;0;1;1;1
202100049913;112 519;7;0;1;2;1;1
202100049914;112 517;7;0;2;1;2;0
202100049914;112 518;7;0;2;4;2;0
202100049915;112 516;7;4;0;3;1;1
202100049916;112 514;2;0;2;2;9;1
202100049916;112 515;7;0;2;1;1;0
202100049917;112 512;7;0;2;1;0;1
202100049917;112 513;7;0;2;1;11;1
202100049918;112 511;7;6;0;2;1;1
202100049919;112 510;33;15;0;1;16;1
202100049920;112 509;7;0;1;2;1;1
202100049921;112 507;7;0;2;2;1;1
202100049921;112 508;1;0;0;4;1;5
202100049922;112 506;33;0;5;1;1;1
202100049923;112 503;33;0;2;8;13;1
202100049923;112 504;33;0;0;0;1;1
202100049923;112 505;7;0;2;3;1;1
202100049924;112 501;33;0;2;1;1;1
202100049924;112 502;7;0;2;5;15;1
202100049925;112 500;7;13;0;1;15;1
202100049926;112 499;33;16;0;1;1;1
202100049927;112 497;33;0;2;7;13;1
202100049927;112 498;7;0;2;3;15;1
202100049928;112 495;1;0;2;8;1;5
202100049928;112 496;2;0;9;1;15;1
202100049929;112 494;10;13;0;9;1;1
202100049930;112 493;10;13;0;1;1;1
202100049931;112 492;7;2;0;1;1;1
202100049932;112 490;7;0;2;2;15;1
202100049932;112 491;7;0;2;3;1;1
202100049933;112 488;7;0;2;1;1;1
202100049933;112 489;7;0;2;7;13;1
202100049934;112 486;10;0;0;2;1;1
202100049934;112 487;7;0;0;8;19;1
202100049935;112 484;7;0;2;8;1;1
202100049935;112 485;7;0;2;1;13;1
202100049936;112 483;31;8;0;2;1;1
202100049937;112 481;31;0;2;1;1;1
202100049937;112 482;31;0;0;4;1;1
202100049938;112 480;7;13;0;3;13;1
202100049939;112 479;7;5;0;2;2;1
202100049940;112 478;10;0;1;2;15;1
202100049941;112 476;7;0;2;3;15;1
202100049941;112 477;33;0;2;2;17;1
202100049942;112 475;33;0;0;1;1;1
202100049943;112 473;7;0;0;7;26;1
202100049943;112 474;7;13;2;1;2;1
202100049944;112 472;33;3;0;0;1;1
202100049945;112 470;7;0;0;1;1;1
202100049945;112 471;7;0;0;3;15;1
202100049946;112 469;7;6;0;1;0;1
202100049947;112 468;33;0;0;8;1;1
202100049948;112 466;7;0;2;1;1;1
202100049948;112 467;7;0;2;1;15;1
202100049949;112 465;2;15;0;2;1;1
202100049950;112 464;33;14;0;1;1;1
202100049951;112 463;7;0;1;1;1;1
202100049952;112 461;7;0;2;1;1;1
202100049952;112 462;13;0;0;4;1;1
202100049953;112 459;7;0;0;4;1;1
202100049953;112 460;7;0;2;1;1;1
202100049954;112 458;7;3;0;9;14;1
202100049955;112 456;7;0;2;2;21;1
202100049955;112 457;2;0;2;1;13;1
202100049956;112 454;35;0;2;8;19;1
202100049956;112 455;7;0;2;2;1;1
202100049957;112 453;32;6;0;1;1;1
202100049958;112 451;7;0;2;3;13;1
202100049958;112 452;33;0;2;1;1;1
202100049959;112 449;7;0;2;1;5;1
202100049959;112 450;7;0;2;1;1;1
202100049960;112 447;7;0;0;7;19;1
202100049960;112 448;33;0;2;8;1;1
202100049961;112 446;7;9;0;1;12;1
202100049962;112 444;7;0;2;3;2;1
202100049962;112 445;7;0;2;3;13;1
202100049963;112 443;7;13;0;2;1;1
202100049964;112 441;7;1;2;1;2;1
202100049964;112 442;7;0;0;5;2;1
202100049965;112 438;7;0;2;1;13;1
202100049965;112 439;7;0;2;1;1;1
202100049966;112 436;1;0;2;3;15;5
202100049966;112 437;1;0;2;1;1;5
202100049967;112 435;7;4;0;1;0;1
202100049968;112 433;7;0;2;3;1;1
202100049968;112 434;1;0;2;3;17;5
202100049969;112 432;7;2;0;1;13;1
202100049970;112 431;2;0;0;0;2;1
202100049971;112 430;7;6;0;1;1;1
202100049972;112 425;7;0;2;1;2;1
202100049972;112 426;7;0;2;1;1;1
202100049972;112 427;7;0;2;4;23;1
202100049972;112 428;7;0;2;2;21;1