Num_Acc;id_vehicule;categorie_vehicule;obstacle_fixe;obstacle_mobile;point_choc_initial;manoeuvre_principale;motorisation
202100049972;112 429;7;0;2;6;26;1
202100049973;112 423;33;0;2;1;2;1
202100049973;112 424;7;0;2;5;1;1
202100049974;112 419;7;0;2;4;2;1
202100049974;112 420;7;0;2;4;2;1
202100049974;112 421;7;0;2;4;2;1
202100049974;112 422;7;0;2;1;2;1
202100049975;112 417;7;0;2;7;12;1
202100049975;112 418;33;0;2;8;3;1
202100049976;112 411;7;0;2;4;2;1
202100049976;112 412;7;0;2;4;2;1
202100049976;112 413;7;0;2;4;2;1
202100049976;112 414;7;0;2;1;2;1
202100049976;112 415;7;0;2;4;2;1
202100049976;112 416;7;0;2;4;2;1
202100049977;112 409;7;0;2;1;1;1
202100049977;112 410;7;0;2;2;21;1
202100049978;112 407;7;0;2;4;2;1
202100049978;112 408;7;0;2;1;1;1
202100049979;112 405;10;0;2;4;1;1
202100049979;112 406;7;0;2;1;1;1
202100049980;112 403;7;0;2;4;2;1
202100049980;112 404;7;0;2;1;2;1
202100049981;112 401;10;0;2;3;13;1
202100049981;112 402;7;0;2;3;1;1
202100049982;112 400;30;12;0;1;14;1
202100049983;112 398;30;0;2;5;13;1
202100049983;112 399;10;0;2;5;1;1
202100049984;112 395;7;0;2;1;1;1
202100049984;112 396;7;0;2;3;15;1
202100049984;112 397;7;0;2;1;0;1
202100049985;112 393;7;0;2;1;1;1
202100049985;112 394;7;0;2;2;1;1
202100049986;112 391;7;0;2;2;17;1
202100049986;112 392;7;0;2;3;10;1
202100049987;112 390;10;1;0;1;1;1
202100049988;112 389;0;0;1;0;1;0
202100049989;112 388;7;15;0;7;9;1
202100049990;112 387;7;0;1;1;15;1
202100049991;112 386;7;0;1;3;15;1
202100049992;112 384;32;0;2;4;2;1
202100049992;112 385;7;0;2;1;2;1
202100049993;112 382;7;1;2;5;1;1
202100049993;112 383;10;0;1;2;1;1
202100049994;112 380;7;0;2;3;15;1
202100049994;112 381;99;0;2;0;0;0
202100049995;112 379;38;1;0;2;24;1
202100049996;112 376;10;0;0;0;0;0
202100049996;112 377;7;0;2;3;13;1
202100049996;112 378;7;0;2;0;0;2
202100049997;112 374;7;0;2;1;2;1
202100049997;112 375;7;0;2;4;2;1
202100049998;112 373;7;0;1;1;2;1
202100049999;112 371;30;0;2;2;17;1
202100049999;112 372;7;0;2;3;15;1
202100050000;112 369;7;0;2;1;2;1
202100050000;112 370;7;0;2;4;2;1
202100050001;112 368;7;0;1;2;0;1
202100050002;112 367;32;12;0;7;1;1
202100050003;112 365;7;0;2;1;15;1
202100050003;112 366;7;0;2;3;1;1
202100050004;112 363;7;0;2;7;15;0
202100050004;112 364;33;0;2;1;1;1
202100050005;112 360;7;0;2;3;9;1
202100050005;112 361;1;0;2;1;1;5
202100050006;112 359;7;0;1;1;1;1
202100050007;112 358;7;0;0;1;1;1
202100050008;112 356;10;0;2;3;9;1
202100050008;112 357;2;0;2;1;17;1
202100050009;112 354;30;0;2;0;0;0
202100050009;112 355;30;0;2;0;0;0
202100050010;112 352;32;0;2;3;1;1
202100050010;112 353;7;0;2;7;9;1
202100050011;112 350;7;0;2;1;9;1
202100050011;112 351;1;0;2;1;25;5
202100050012;112 348;7;0;2;3;16;1
202100050012;112 349;30;0;2;1;1;1
202100050013;112 345;2;1;2;1;17;1
202100050013;112 346;7;0;2;8;20;1
202100050013;112 347;7;0;2;7;24;1
202100050014;112 344;7;0;1;3;19;1
202100050015;112 342;50;0;2;0;0;3
202100050015;112 343;7;0;2;0;26;2
202100050016;112 340;10;0;2;2;16;1
202100050016;112 341;1;0;2;1;1;5
202100050017;112 338;7;0;2;4;2;0
202100050017;112 339;7;0;2;1;2;0
202100050018;112 336;7;0;2;3;9;1
202100050018;112 337;7;0;2;2;1;1
202100050019;112 335;7;0;1;7;1;1
202100050020;112 333;7;0;2;4;2;1
202100050020;112 334;7;0;2;1;2;1
202100050021;112 332;7;0;1;3;26;1
202100050022;112 330;7;0;2;3;9;1
202100050022;112 331;7;0;2;1;1;1
202100050023;112 328;7;0;2;5;1;1
202100050023;112 329;7;0;2;1;1;1
202100050024;112 326;10;0;2;2;15;1
202100050024;112 327;33;0;2;7;1;1
202100050025;112 324;7;0;2;1;15;1
202100050025;112 325;7;0;2;1;1;1
202100050026;112 322;7;0;2;7;12;1
202100050026;112 323;32;0;2;7;1;1
202100050027;112 319;33;0;2;1;3;1
202100050027;112 320;7;0;2;1;15;1
202100050027;112 321;7;0;2;8;1;1
202100050028;112 317;7;0;2;1;15;1
202100050028;112 318;10;0;2;2;1;1
202100050029;112 316;7;0;1;2;1;1
202100050030;112 315;31;0;2;9;26;1
202100050031;112 313;10;0;2;8;1;1
202100050031;112 314;33;0;2;3;1;1
202100050032;112 311;7;0;2;3;1;1
202100050032;112 312;2;0;2;1;1;1
202100050033;112 309;30;0;2;8;17;1
202100050033;112 310;7;0;2;8;1;1
202100050034;112 308;7;0;1;2;1;1
202100050035;112 306;33;0;2;7;17;1
202100050035;112 307;7;0;2;3;15;6
202100050036;112 303;7;0;2;1;1;1
202100050036;112 304;7;0;2;4;1;1
202100050036;112 305;7;0;2;4;1;1
202100050037;112 302;99;6;0;1;16;3
202100050038;112 299;10;0;2;2;15;1
202100050038;112 300;7;0;2;1;1;1
202100050038;112 301;7;0;2;1;0;1
202100050039;112 297;7;0;2;3;1;1
202100050039;112 298;30;0;2;1;1;1
202100050040;112 293;7;0;2;1;18;1
202100050040;112 294;7;0;2;5;2;1
202100050041;112 291;7;0;2;1;0;0
202100050041;112 292;31;0;2;1;17;1
202100050042;112 289;7;0;2;1;15;1
202100050042;112 290;33;0;2;1;2;1
202100050043;112 288;7;8;0;1;14;1
202100050044;112 286;7;0;2;8;9;1
202100050044;112 287;3;0;2;7;15;1
202100050045;112 285;7;0;1;1;26;1
202100050046;112 283;7;0;2;3;15;1
202100050046;112 284;7;0;2;0;0;0
202100050047;112 281;30;0;2;1;1;1
202100050047;112 282;7;0;0;0;0;1
202100050048;112 279;7;0;2;3;1;1
202100050048;112 280;7;0;2;1;1;1
202100050049;112 277;7;0;2;1;2;1
202100050049;112 278;7;0;2;4;2;1
202100050050;112 275;1;0;2;4;14;5
202100050050;112 276;7;0;2;3;26;1
202100050051;112 273;2;0;2;1;1;1
202100050051;112 274;7;0;2;2;19;1
202100050052;112 272;10;4;0;1;14;1
202100050053;112 270;7;0;2;3;11;1
202100050053;112 271;33;0;2;7;3;1
202100050054;112 269;33;0;1;1;1;1
202100050055;112 268;7;0;1;1;1;1
202100050056;112 266;33;0;2;2;17;1
202100050056;112 267;7;0;2;3;15;2
202100050057;112 264;50;8;2;7;17;3
202100050057;112 265;1;0;2;8;13;5
202100050058;112 262;1;0;2;1;1;5
202100050058;112 263;7;0;2;5;23;1
202100050059;112 261;31;0;1;1;1;1
202100050060;112 259;7;0;2;0;15;1
202100050060;112 260;1;0;0;0;1;5
202100050061;112 258;7;0;1;1;10;2
202100050062;112 256;7;0;2;2;17;0
202100050062;112 257;30;0;2;3;13;3
202100050063;112 255;50;12;0;1;9;3
202100050064;112 253;10;0;2;8;10;3
202100050064;112 254;2;0;2;1;1;1
202100050065;112 249;10;0;2;2;22;1
202100050065;112 250;1;0;2;7;1;5
202100050066;112 248;33;15;0;1;1;1
202100050067;112 246;1;0;2;8;1;0
202100050067;112 247;7;0;2;7;2;1
202100050068;112 245;7;0;1;2;15;1
202100050069;112 244;30;12;0;3;18;1
202100050070;112 242;33;0;2;3;1;1
202100050070;112 243;7;0;2;1;17;1
202100050071;112 238;7;0;2;3;16;3
202100050071;112 239;7;0;2;9;1;1
202100050071;112 240;7;0;2;9;1;1
202100050071;112 241;10;0;2;1;1;1
202100050072;112 236;33;0;2;1;1;1
202100050072;112 237;7;0;2;6;15;1
202100050073;112 234;30;0;2;1;1;0
202100050073;112 235;7;0;2;5;1;0
202100050074;112 232;2;4;0;0;7;1
202100050074;112 233;7;0;2;0;16;1
202100050075;112 227;10;0;2;0;0;1
202100050075;112 228;7;0;2;4;1;1
202100050075;112 229;10;0;2;4;1;1
202100050075;112 230;7;0;2;1;0;1
202100050075;112 231;10;0;2;4;1;1
202100050076;112 225;7;1;0;3;15;1
202100050076;112 226;2;0;2;1;0;1
202100050077;112 224;32;0;1;1;1;1
202100050078;112 222;10;0;2;3;0;1
202100050078;112 223;7;0;2;2;0;2
202100050079;112 221;7;0;1;2;20;1
202100050080;112 218;33;0;0;0;23;1
202100050080;112 219;7;0;2;1;1;1
202100050080;112 220;7;0;2;1;2;1
202100050081;112 217;37;0;1;2;16;0
202100050082;112 216;7;0;1;1;21;0
202100050083;112 215;30;12;0;3;21;1
202100050084;112 213;7;0;2;8;22;0
202100050084;112 214;1;1;0;1;1;5
202100050085;112 211;32;0;2;1;1;1
202100050085;112 212;7;0;2;3;9;1
202100050086;112 209;7;0;2;6;1;1
202100050086;112 210;30;0;2;1;2;1
202100050087;112 207;7;0;2;4;1;1
202100050087;112 208;10;0;2;1;2;1
202100050088;112 205;30;0;2;3;1;1
202100050088;112 206;30;0;2;1;1;1
202100050089;112 203;60;0;2;1;25;5
202100050089;112 204;7;0;2;3;23;1
202100050090;112 202;99;16;0;0;1;1
202100050091;112 200;33;0;2;1;1;1
202100050091;112 201;7;0;2;5;23;1
202100050092;112 198;33;12;0;1;17;1
202100050092;112 199;80;12;0;4;15;3
202100050093;112 196;7;0;2;8;2;2
202100050093;112 197;33;0;2;7;2;1
202100050094;112 195;7;0;1;2;1;1
202100050095;112 193;2;0;2;1;1;1
202100050095;112 194;7;0;2;7;1;1
202100050096;112 192;7;7;0;2;0;1
202100050097;112 191;36;15;0;3;1;1
202100050098;112 189;7;2;2;3;1;1
202100050098;112 190;7;0;2;3;1;1
202100050099;112 187;33;0;2;7;1;1
202100050099;112 188;7;0;2;2;15;1
202100050100;112 185;31;0;2;1;1;1
202100050100;112 186;2;0;2;4;15;1
202100050101;112 183;7;6;2;1;13;1
202100050101;112 184;10;3;2;1;1;1
202100050102;112 181;10;0;0;6;2;1
202100050102;112 182;32;0;2;1;2;1
202100050103;112 179;2;0;2;2;17;1
202100050103;112 180;7;0;2;3;15;1
202100050104;112 177;2;0;2;1;2;1
202100050104;112 178;7;0;0;6;2;1
202100050105;112 175;17;0;0;4;1;1
202100050105;112 176;33;0;0;1;1;1
202100050106;112 173;2;0;2;1;1;1
202100050106;112 174;7;0;2;7;15;1
202100050107;112 172;7;8;0;1;14;1
202100050108;112 170;1;0;2;2;19;5
202100050108;112 171;7;0;2;1;1;1
202100050109;112 169;7;0;1;3;15;1
202100050110;112 167;7;0;2;2;15;1
202100050110;112 168;33;0;2;1;1;1
202100050111;112 166;7;2;0;2;1;1
202100050112;112 164;7;0;9;3;15;1
202100050112;112 165;33;0;2;2;1;1
202100050113;112 162;7;0;2;2;1;1
202100050113;112 163;7;0;2;3;15;1
202100050114;112 160;7;0;0;1;1;1
202100050114;112 161;7;0;2;3;15;1
202100050115;112 159;7;3;0;2;1;1
202100050116;112 157;17;0;2;5;1;1
202100050116;112 158;7;4;2;3;12;1
202100050117;112 156;7;0;1;2;16;1
202100050118;112 151;7;0;2;2;1;1
202100050118;112 152;7;0;0;0;1;1
202100050118;112 153;7;0;2;1;1;1
202100050118;112 154;7;3;2;3;1;1
202100050118;112 155;7;0;0;0;11;1
202100050119;112 148;15;3;2;2;1;1
202100050119;112 149;7;0;2;1;9;3
202100050119;112 150;15;0;2;4;1;1
202100050120;112 146;7;0;2;1;14;1
202100050120;112 147;38;0;0;4;1;1
202100050121;112 142;7;0;2;3;1;1
202100050121;112 143;33;0;2;1;1;1
202100050122;112 141;7;0;1;2;0;1
202100050123;112 138;7;0;0;9;1;1
202100050124;112 136;7;0;2;1;1;1
202100050124;112 137;7;0;2;4;1;1
202100050125;112 134;1;0;2;9;15;
202100050125;112 135;10;0;2;2;1;1
202100050126;112 132;7;0;0;1;21;1
202100050126;112 133;7;0;0;1;17;1
202100050127;112 131;2;0;1;1;1;1
202100050128;112 128;7;0;2;1;2;1
202100050128;112 129;7;0;2;4;2;1
202100050128;112 130;10;0;2;4;2;1
202100050129;112 126;10;0;0;0;0;1
202100050129;112 127;7;6;2;8;1;1
202100050130;112 124;7;0;2;4;1;1
202100050130;112 125;7;0;2;1;1;1
202100050131;112 122;33;0;2;1;3;1
202100050131;112 123;7;0;2;3;11;1
202100050132;112 119;10;0;2;1;21;1
202100050132;112 120;33;0;2;1;21;1
202100050132;112 121;7;0;2;3;2;1
202100050133;112 117;7;0;2;1;2;1
202100050133;112 118;17;0;2;4;2;1
202100050134;112 115;31;0;2;3;3;1
202100050134;112 116;7;0;2;5;2;0
202100050135;112 113;7;0;2;4;1;1
202100050135;112 114;33;0;2;1;13;1
202100050136;112 108;10;0;2;1;2;1
202100050136;112 109;7;0;2;4;2;1
202100050136;112 110;7;0;2;4;2;1
202100050136;112 111;7;0;2;4;2;1
202100050136;112 112;7;0;2;4;2;1
202100050137;112 106;7;0;2;1;1;1
202100050137;112 107;7;0;2;4;1;1
202100050138;112 102;7;0;2;4;2;1
202100050138;112 103;7;0;2;1;2;1
202100050138;112 104;15;0;2;2;2;1
202100050138;112 105;7;0;2;4;1;1
202100050139;112 100;14;0;2;1;2;1
202100050139;112 101;7;0;2;4;2;1
202100050140;112 099;7;3;0;1;1;1
202100050141;112 097;7;0;2;3;1;1
202100050141;112 098;7;0;2;3;13;1
202100050142;112 094;10;0;2;1;1;0
202100050142;112 095;10;0;2;4;1;0
202100050142;112 096;10;0;2;4;0;1
202100050143;112 092;1;0;2;2;0;5
202100050143;112 093;7;0;9;3;9;3
202100050144;112 090;2;0;2;8;1;1
202100050144;112 091;99;0;2;2;16;6
202100050145;112 088;50;0;2;1;1;3
202100050145;112 089;1;0;2;1;15;5
202100050146;112 086;2;0;2;1;1;1
202100050146;112 087;7;0;2;1;15;1
202100050147;112 085;7;0;1;2;1;1
202100050148;112 083;7;1;2;7;15;1
202100050148;112 084;10;0;2;1;1;3
202100050149;112 082;15;9;0;7;16;1
202100050150;112 080;30;0;2;1;9;1
202100050150;112 081;7;0;2;6;1;1
202100050151;112 076;7;0;0;6;2;1
202100050151;112 077;7;0;2;9;1;1
202100050151;112 078;7;15;0;8;2;1
202100050151;112 079;7;0;2;3;2;1
202100050152;112 075;7;0;1;1;1;1
202100050153;112 073;7;0;2;8;26;1
202100050153;112 074;33;0;2;1;17;1
202100050154;112 071;7;0;2;3;1;1
202100050154;112 072;7;0;2;3;13;1
202100050155;112 069;7;0;2;2;15;1
202100050155;112 070;7;0;2;3;1;1
202100050156;112 067;33;0;2;5;1;1
202100050156;112 068;10;0;2;3;16;1
202100050157;112 065;33;0;2;4;2;1
202100050157;112 066;7;0;2;3;1;1
202100050158;112 064;37;0;1;3;26;1
202100050159;112 062;7;0;2;3;1;1
202100050159;112 063;7;0;2;3;13;1
202100050160;112 057;10;0;1;7;0;1
202100050161;112 055;15;0;2;3;2;1
202100050161;112 056;7;0;2;4;21;1
202100050162;112 053;7;0;2;3;13;1
202100050162;112 054;7;0;2;3;0;1
202100050163;112 051;7;0;2;3;0;1
202100050163;112 052;33;0;2;7;0;1
202100050164;112 049;7;0;2;1;15;1
202100050164;112 050;33;0;2;1;1;1
202100050165;112 047;7;0;2;8;15;1
202100050165;112 048;7;0;2;1;2;1
202100050166;112 046;50;0;1;0;0;3
202100050167;112 044;7;0;2;1;1;1
202100050167;112 045;7;0;2;1;9;1
202100050168;112 042;7;0;2;1;2;1
202100050168;112 043;7;0;2;6;2;1
202100050169;112 041;7;0;2;1;1;1
202100050170;112 039;7;0;2;3;1;1
202100050170;112 040;2;0;2;1;16;1
202100050171;112 037;30;0;2;1;2;1
202100050171;112 038;33;0;2;4;2;1
202100050172;112 036;10;0;1;1;16;1
202100050173;112 034;7;0;2;5;1;1
202100050173;112 035;31;0;2;1;1;1
202100050174;112 032;1;0;0;2;0;5
202100050174;112 033;3;0;2;2;26;1
202100050175;112 029;7;1;0;3;1;1
202100050175;112 030;7;0;2;5;24;1
202100050175;112 031;7;7;2;1;1;1
202100050176;112 028;7;6;2;1;15;1
202100050177;112 027;7;13;0;3;13;1
202100050178;112 025;2;0;2;7;15;1
202100050178;112 026;7;0;2;4;4;1
202100050179;112 024;36;12;0;4;4;1
202100050180;112 022;7;0;2;1;2;1
202100050180;112 023;7;0;1;4;2;1
202100050181;112 021;7;4;0;9;1;1
202100050182;112 019;7;0;2;1;1;1
202100050182;112 020;7;0;2;7;1;1
202100050183;112 017;15;0;2;3;2;1
202100050183;112 018;7;0;2;4;23;1
202100050184;112 015;37;0;2;7;26;1
202100050184;112 016;33;0;2;8;18;1
202100050185;112 011;10;0;2;4;1;1
202100050185;112 012;10;0;2;1;2;1
202100050185;112 013;7;0;2;4;1;1
202100050185;112 014;7;0;2;4;1;1
202100050186;112 009;7;0;2;1;2;1
202100050186;112 010;30;0;2;4;2;1
202100050187;112 008;10;2;0;1;26;1
202100050188;112 006;31;0;2;1;1;1
202100050188;112 007;7;0;2;7;12;1
202100050189;112 004;7;0;2;1;15;1
202100050189;112 005;1;0;2;1;15;0
202100050190;112 002;32;0;2;7;17;1
202100050190;112 003;7;0;2;3;15;1
202100050191;112 000;7;0;2;1;15;1
202100050191;112 001;2;0;2;1;1;1
202100050192;111 998;7;0;2;1;15;1
202100050192;111 999;33;0;2;1;1;1
202100050193;111 997;99;0;1;4;20;1
202100050194;111 996;7;8;0;1;13;1
202100050195;111 995;7;0;1;2;26;1
202100050196;111 993;7;0;2;1;26;1
202100050196;111 994;7;0;2;8;1;1
202100050197;111 991;7;0;2;7;1;1
202100050197;111 992;7;0;2;1;1;1
202100050198;111 988;7;0;2;4;20;1
202100050198;111 989;7;0;2;4;23;1
202100050198;111 990;7;0;2;4;2;1
202100050199;111 984;7;0;2;2;15;1
202100050199;111 985;7;0;2;3;1;1
202100050200;111 982;1;0;2;1;1;5
202100050200;111 983;7;0;2;8;15;1
202100050201;111 979;7;0;2;3;9;1
202100050201;111 980;7;1;2;2;1;1
202100050201;111 981;10;0;2;5;23;1
202100050202;111 977;1;0;2;4;2;5
202100050202;111 978;7;0;2;1;2;1
202100050203;111 976;7;0;1;2;1;1
202100050204;111 975;7;0;1;1;1;1
202100050205;111 973;7;0;2;4;2;1
202100050205;111 974;7;0;2;1;26;1
202100050206;111 971;7;0;2;1;26;1
202100050206;111 972;31;0;2;4;26;1
202100050207;111 970;33;0;2;8;1;1
202100050208;111 968;7;0;2;3;11;1
202100050208;111 969;43;0;2;2;1;1
202100050209;111 966;43;0;2;2;1;1
202100050209;111 967;7;0;2;3;9;1
202100050210;111 965;30;0;0;0;1;1
202100050211;111 961;7;0;2;2;1;1
202100050211;111 962;7;0;2;4;23;1
202100050211;111 963;10;0;2;4;23;1
202100050211;111 964;7;0;2;4;23;1
202100050212;111 960;13;0;1;2;1;1
202100050213;111 958;7;0;2;0;1;1
202100050213;111 959;30;0;2;8;1;1
202100050214;111 956;7;0;2;2;16;1
202100050214;111 957;32;0;2;3;18;1
202100050215;111 954;7;0;2;8;1;1
202100050215;111 955;2;0;2;2;17;1
202100050216;111 952;10;0;2;3;1;1
202100050216;111 953;1;0;2;8;1;5
202100050217;111 951;1;0;0;0;1;5
202100050218;111 950;10;0;1;4;4;1
202100050219;111 948;7;0;2;2;15;1
202100050219;111 949;2;0;2;1;1;1
202100050220;111 946;34;0;2;5;23;1
202100050220;111 947;10;0;2;3;15;1
202100050221;111 944;2;0;2;2;17;1
202100050221;111 945;7;0;2;3;13;1
202100050222;111 942;7;0;2;3;1;2
202100050222;111 943;1;0;2;2;1;5
202100050223;111 940;7;0;2;7;1;1
202100050223;111 941;33;0;2;3;3;1
202100050224;111 937;7;0;2;2;15;1
202100050224;111 938;2;0;2;2;17;1
202100050224;111 939;7;0;2;1;0;1
202100050225;111 935;7;0;2;8;10;1
202100050225;111 936;33;0;2;3;1;0
202100050226;111 933;37;0;1;6;24;1
202100050226;111 934;7;0;1;2;1;1
202100050227;111 932;1;0;0;0;0;6
202100050228;111 930;7;0;2;4;23;1
202100050228;111 931;7;0;2;1;1;0
202100050229;111 928;10;0;0;4;2;0
202100050229;111 929;30;0;2;1;2;3
202100050230;111 926;7;0;2;3;1;1
202100050230;111 927;30;0;2;1;16;0
202100050231;111 925;99;0;1;1;1;1
202100050232;111 924;7;0;1;2;1;1
202100050233;111 923;99;0;1;8;21;0
202100050234;111 921;32;0;2;0;2;1
202100050234;111 922;33;0;2;7;23;1
202100050235;111 919;7;0;2;2;0;0
202100050235;111 920;7;0;2;6;9;0
202100050236;111 917;7;0;2;1;19;1
202100050236;111 918;7;0;2;1;1;1
202100050237;111 916;7;0;0;9;1;1
202100050238;111 914;7;0;2;7;12;1
202100050238;111 915;33;0;2;8;12;1
202100050239;111 912;7;0;2;3;9;1
202100050239;111 913;33;0;2;1;1;1
202100050240;111 910;33;0;2;1;2;1
202100050240;111 911;7;0;2;5;1;1
202100050241;111 908;10;0;2;3;15;1
202100050241;111 909;30;0;2;2;17;1
202100050242;111 907;7;0;1;2;9;1
202100050243;111 906;10;0;1;2;16;1
202100050244;111 905;36;0;0;0;0;1
202100050245;111 904;7;3;0;7;1;1
202100050246;111 902;7;0;2;2;2;1
202100050246;111 903;33;0;0;4;2;1
202100050247;111 901;7;2;0;1;0;1
202100050248;111 900;1;0;0;0;1;5
202100050249;111 898;7;0;0;6;1;1
202100050249;111 899;33;0;2;1;19;1
202100050250;111 897;1;9;0;1;1;5
202100050251;111 895;7;0;2;3;13;1
202100050251;111 896;33;0;2;1;1;1
202100050252;111 894;7;0;1;3;1;1
202100050253;111 891;7;0;2;5;1;1
202100050253;111 892;33;0;2;1;1;1
202100050253;111 893;2;0;2;4;13;1
202100050254;111 890;1;6;0;8;16;5
202100050255;111 888;7;0;2;1;19;1
202100050255;111 889;7;0;2;8;1;1
202100050256;111 887;7;0;1;0;1;1
202100050257;111 885;31;0;2;2;1;1
202100050257;111 886;7;0;2;3;15;1
202100050258;111 883;33;0;2;1;1;1
202100050258;111 884;10;0;2;7;19;1
202100050259;111 881;7;0;2;3;1;1
202100050259;111 882;7;0;2;1;13;0
202100050260;111 880;7;13;0;0;1;1
202100050261;111 878;7;6;2;1;1;1
202100050261;111 879;7;12;2;8;0;1
202100050262;111 877;33;0;0;0;14;0
202100050263;111 876;7;13;0;9;1;1
202100050264;111 874;2;0;2;3;1;1
202100050264;111 875;7;0;2;8;1;1
202100050265;111 873;7;2;0;1;1;1
202100050266;111 871;7;0;2;3;15;1
202100050266;111 872;33;0;2;1;1;1
202100050267;111 868;10;0;1;1;1;1
202100050268;111 866;7;15;2;7;21;1
202100050268;111 867;7;0;2;1;19;1
202100050269;111 865;7;3;0;0;1;1
202100050270;111 864;7;2;6;1;0;1
202100050271;111 859;17;3;0;3;1;1
202100050271;111 860;10;0;9;1;2;1
202100050272;111 858;33;3;0;1;9;1
202100050273;111 856;33;0;0;1;17;1
202100050273;111 857;7;0;0;6;15;1
202100050274;111 854;33;0;2;1;1;1
202100050274;111 855;7;0;0;6;1;1
202100050275;111 852;17;0;0;6;1;1
202100050275;111 853;7;0;2;1;1;1
202100050276;111 850;99;0;2;0;17;0
202100050276;111 851;7;0;0;6;2;1
202100050277;111 848;7;0;2;3;13;1
202100050277;111 849;7;0;2;8;1;1
202100050278;111 846;1;0;2;1;1;5
202100050278;111 847;7;0;9;3;1;1
202100050279;111 844;7;0;0;3;1;1
202100050279;111 845;7;0;0;3;13;1
202100050280;111 839;7;0;2;1;0;1
202100050280;111 840;7;0;2;1;1;1
202100050280;111 841;7;0;2;3;2;1
202100050281;111 838;33;0;6;1;21;1
202100050282;111 835;2;0;2;6;1;1
202100050282;111 836;2;0;0;4;1;1
202100050282;111 837;15;0;9;6;1;1
202100050283;111 833;7;0;2;8;9;1
202100050283;111 834;7;0;2;1;1;1
202100050284;111 831;7;0;2;1;2;1
202100050284;111 832;7;0;2;4;2;1
202100050285;111 828;33;0;2;1;1;1
202100050285;111 829;7;0;2;4;1;1
202100050285;111 830;7;0;2;6;1;1
202100050286;111 826;7;0;2;4;2;1
202100050286;111 827;33;0;2;1;2;1
202100050287;111 821;7;0;2;4;1;1
202100050287;111 822;7;0;2;4;1;1
202100050287;111 823;7;0;2;4;1;1
202100050287;111 824;7;0;2;4;1;1
202100050287;111 825;10;0;2;3;14;6
202100050288;111 817;7;0;2;1;26;1
202100050288;111 818;10;0;2;5;1;1
202100050288;111 819;7;0;2;6;1;1
202100050288;111 820;10;0;2;8;1;1
202100050289;111 815;7;0;2;2;12;1
202100050289;111 816;34;0;2;3;3;1
202100050290;111 813;10;1;0;1;14;1
202100050290;111 814;17;1;0;4;24;1
202100050291;111 811;15;0;2;2;0;1
202100050291;111 812;7;0;2;8;1;1
202100050292;111 809;10;0;2;2;12;1
202100050292;111 810;7;0;2;6;1;1
202100050293;111 807;7;0;0;0;0;1
202100050293;111 808;32;0;0;0;26;1
202100050294;111 804;10;0;2;4;2;1
202100050294;111 805;10;0;2;1;2;1
202100050294;111 806;7;0;2;1;2;1
202100050295;111 803;7;4;0;1;13;1
202100050296;111 800;7;0;2;1;2;1
202100050296;111 801;7;0;2;1;2;1
202100050296;111 802;7;0;2;4;2;1
202100050297;111 795;7;0;2;6;11;1
202100050297;111 796;17;0;2;2;1;1
202100050297;111 797;10;0;2;8;1;1
202100050297;111 798;7;0;2;7;1;1
202100050297;111 799;33;0;2;1;1;1
202100050298;111 793;99;0;9;3;26;1
202100050298;111 794;1;0;2;1;13;6
202100050299;111 791;7;0;2;3;15;1
202100050299;111 792;33;0;2;2;17;1
202100050300;111 789;10;0;2;7;1;1
202100050300;111 790;7;0;2;1;1;1
202100050301;111 787;7;0;2;1;15;1
202100050301;111 788;7;0;2;2;2;1
202100050302;111 785;7;0;2;1;26;1
202100050302;111 786;50;0;2;1;26;3
202100050303;111 783;1;0;2;1;15;5
202100050303;111 784;7;0;2;6;15;1
202100050304;111 781;7;0;2;6;9;1
202100050304;111 782;7;0;2;1;9;1
202100050305;111 780;1;0;0;7;15;5
202100050306;111 779;7;4;0;3;1;1
202100050307;111 777;7;0;2;1;15;1
202100050307;111 778;34;0;0;8;1;1
202100050308;111 776;7;1;0;1;1;1
202100050309;111 775;7;0;1;1;1;1
202100050310;111 774;7;0;1;3;26;1
202100050311;111 772;7;0;2;3;1;1
202100050311;111 773;7;0;2;2;15;1
202100050312;111 771;7;0;1;1;1;1
202100050313;111 770;7;3;0;1;13;1
202100050314;111 767;7;0;2;4;1;1
202100050314;111 768;7;0;2;1;1;1
202100050314;111 769;1;0;2;8;0;0
202100050315;111 765;38;0;2;3;2;1
202100050315;111 766;1;0;2;7;19;6
202100050316;111 761;7;0;2;1;2;1
202100050316;111 762;7;0;2;4;2;1
202100050316;111 763;7;0;2;4;2;1
202100050316;111 764;7;0;2;7;1;1
202100050317;111 758;31;8;0;3;5;1
202100050317;111 759;7;0;2;3;23;1
202100050318;111 757;7;6;0;1;13;1
202100050319;111 756;7;0;1;1;1;1
202100050320;111 754;7;1;0;3;13;1
202100050320;111 755;7;0;2;8;24;1
202100050321;111 752;7;0;2;6;9;1
202100050321;111 753;17;0;2;2;15;1
202100050322;111 750;7;0;2;5;15;1
202100050322;111 751;1;0;2;1;1;5
202100050323;111 749;30;0;0;8;1;1
202100050324;111 748;7;0;1;1;26;1
202100050325;111 747;10;0;1;1;15;1
202100050326;111 745;7;0;2;5;15;1
202100050326;111 746;34;0;2;1;1;0
202100050327;111 743;7;5;2;3;13;1
202100050327;111 744;7;0;2;3;13;1
202100050328;111 741;1;0;2;1;26;5
202100050328;111 742;7;0;9;2;26;1
202100050329;111 739;7;0;2;8;10;1
202100050329;111 740;33;0;2;8;1;1
202100050330;111 738;7;0;1;2;2;1
202100050331;111 736;10;0;2;3;15;1
202100050331;111 737;1;0;2;1;1;5
202100050332;111 733;7;0;2;1;1;1
202100050332;111 734;7;0;2;9;1;1
202100050332;111 735;7;0;2;4;1;1
202100050333;111 731;7;0;2;3;1;1
202100050333;111 732;50;0;2;2;19;3
202100050334;111 730;33;4;0;5;0;1