Num_Acc;id_vehicule;categorie_vehicule;obstacle_fixe;obstacle_mobile;point_choc_initial;manoeuvre_principale;motorisation
202100050335;111 729;33;12;0;1;1;1
202100050336;111 726;10;0;2;1;18;1
202100050336;111 727;7;0;2;4;18;1
202100050336;111 728;1;0;2;4;1;5
202100050337;111 724;7;0;2;4;23;1
202100050337;111 725;30;0;2;1;2;1
202100050338;111 722;2;0;2;1;1;1
202100050338;111 723;7;0;2;4;1;1
202100050339;111 721;7;0;1;3;15;1
202100050340;111 719;7;8;0;1;13;1
202100050340;111 720;7;8;0;1;1;1
202100050341;111 718;7;0;1;6;26;1
202100050342;111 717;99;0;0;0;1;3
202100050343;111 715;7;0;2;3;15;1
202100050343;111 716;7;0;2;2;1;1
202100050344;111 713;37;0;2;6;2;1
202100050344;111 714;1;0;2;1;2;0
202100050345;111 710;7;0;2;4;1;1
202100050345;111 711;7;0;2;1;1;1
202100050345;111 712;7;0;2;1;1;1
202100050346;111 709;7;0;0;8;1;1
202100050347;111 707;7;0;2;7;1;1
202100050347;111 708;7;0;2;1;1;1
202100050348;111 705;30;0;2;4;11;1
202100050348;111 706;7;0;2;1;1;1
202100050349;111 703;7;0;2;3;19;1
202100050349;111 704;33;0;;2;1;1
202100050350;111 701;7;0;2;2;15;1
202100050350;111 702;7;0;2;1;9;1
202100050351;111 699;7;0;2;2;15;1
202100050351;111 700;33;1;2;1;1;1
202100050352;111 697;7;0;2;3;15;1
202100050352;111 698;1;0;2;1;1;5
202100050353;111 696;7;0;1;1;16;1
202100050354;111 693;10;0;2;6;23;1
202100050354;111 694;7;0;2;5;23;1
202100050354;111 695;10;0;2;1;1;1
202100050355;111 691;2;0;2;0;26;0
202100050355;111 692;7;0;2;0;1;1
202100050356;111 688;7;0;2;4;2;1
202100050356;111 689;7;0;2;1;2;1
202100050356;111 690;10;0;2;4;2;1
202100050357;111 686;7;0;2;3;15;1
202100050357;111 687;33;0;2;2;3;1
202100050358;111 684;50;0;2;1;1;3
202100050358;111 685;7;0;2;8;22;1
202100050359;111 682;7;0;2;1;1;1
202100050359;111 683;1;0;2;4;23;5
202100050360;111 680;1;0;2;2;1;5
202100050360;111 681;7;0;2;3;22;1
202100050361;111 678;1;0;2;1;1;5
202100050361;111 679;7;0;2;6;15;2
202100050362;111 676;33;0;2;1;17;1
202100050362;111 677;7;0;2;6;15;1
202100050363;111 674;7;0;2;2;22;1
202100050363;111 675;1;0;2;1;1;5
202100050364;111 672;32;0;2;1;1;1
202100050364;111 673;7;0;2;2;15;1
202100050365;111 670;7;0;2;5;15;1
202100050365;111 671;32;0;2;1;1;1
202100050366;111 668;33;0;2;1;2;1
202100050366;111 669;7;0;0;6;2;1
202100050367;111 666;10;9;2;3;1;1
202100050367;111 667;7;0;2;1;1;1
202100050368;111 665;7;1;1;2;1;1
202100050369;111 663;31;0;2;3;0;1
202100050369;111 664;7;0;0;2;9;1
202100050370;111 661;33;0;2;8;3;1
202100050370;111 662;7;0;2;7;2;1
202100050371;111 660;7;0;0;9;2;1
202100050372;111 657;7;0;2;4;23;1
202100050372;111 658;7;0;2;1;2;2
202100050372;111 659;7;0;2;1;2;1
202100050373;111 655;15;0;0;4;1;1
202100050373;111 656;7;0;2;1;1;1
202100050374;111 654;7;0;1;1;15;1
202100050375;111 653;7;0;2;1;19;1
202100050376;111 652;7;0;1;3;16;1
202100050377;111 650;10;0;2;1;1;1
202100050377;111 651;7;0;2;2;1;1
202100050378;111 648;7;0;2;2;16;1
202100050378;111 649;33;0;0;4;23;1
202100050379;111 646;10;8;2;1;19;1
202100050379;111 647;7;0;2;8;2;1
202100050380;111 645;7;0;1;2;1;1
202100050381;111 643;17;0;2;2;9;1
202100050381;111 644;1;0;2;8;18;0
202100050382;111 641;7;9;2;2;16;1
202100050382;111 642;37;0;2;2;1;1
202100050383;111 639;30;0;2;1;1;1
202100050383;111 640;10;0;2;7;1;1
202100050384;111 637;10;0;2;1;2;1
202100050384;111 638;7;0;2;4;23;1
202100050385;111 635;7;0;2;0;23;1
202100050385;111 636;1;0;2;0;1;5
202100050386;111 632;7;0;2;3;17;1
202100050386;111 633;14;0;2;3;1;1
202100050386;111 634;10;0;2;1;2;1
202100050387;111 630;33;0;2;1;17;1
202100050387;111 631;10;0;0;6;15;1
202100050388;111 629;33;16;0;2;1;1
202100050389;111 626;7;0;2;3;1;1
202100050389;111 627;33;0;2;1;17;1
202100050390;111 625;2;6;0;1;1;1
202100050391;111 622;10;0;2;3;2;1
202100050391;111 623;7;0;2;3;5;1
202100050391;111 624;10;0;9;1;2;1
202100050392;111 619;10;0;2;1;1;1
202100050392;111 620;10;0;2;8;1;1
202100050392;111 621;7;0;2;1;13;1
202100050393;111 618;31;0;0;9;1;1
202100050394;111 616;1;0;2;3;1;5
202100050394;111 617;10;0;2;2;1;1
202100050395;111 614;7;0;2;1;1;1
202100050395;111 615;7;0;2;2;19;1
202100050396;111 612;7;0;2;3;16;1
202100050396;111 613;1;0;2;0;26;5
202100050397;111 610;32;0;2;1;1;1
202100050397;111 611;1;0;0;4;11;5
202100050398;111 608;7;6;2;7;17;1
202100050398;111 609;7;0;2;8;17;1
202100050399;111 607;7;8;0;1;1;1
202100050400;111 606;33;12;0;1;0;1
202100050401;111 604;1;0;2;8;1;5
202100050401;111 605;3;0;9;1;1;1
202100050402;111 602;21;0;0;4;1;1
202100050402;111 603;10;0;2;1;2;1
202100050403;111 601;7;2;0;1;13;1
202100050404;111 600;33;0;0;0;1;1
202100050405;111 598;2;0;2;1;1;1
202100050405;111 599;7;0;2;6;19;1
202100050406;111 596;7;0;2;8;2;1
202100050406;111 597;2;0;2;7;2;1
202100050407;111 595;10;0;1;3;9;1
202100050408;111 593;7;0;2;3;10;1
202100050408;111 594;33;0;2;1;17;1
202100050409;111 592;33;16;0;0;1;1
202100050410;111 590;14;0;2;2;1;1
202100050410;111 591;33;0;0;6;23;1
202100050411;111 589;7;13;0;8;1;1
202100050412;111 588;7;0;1;2;1;1
202100050413;111 587;10;6;1;1;1;1
202100050414;111 585;1;0;2;7;1;5
202100050414;111 586;1;0;2;8;13;5
202100050415;111 583;1;0;2;3;15;5
202100050415;111 584;7;0;2;2;1;1
202100050416;111 581;2;0;2;1;1;1
202100050416;111 582;7;0;2;1;15;1
202100050417;111 579;7;0;2;3;1;1
202100050417;111 580;7;13;2;3;1;1
202100050418;111 578;33;15;9;7;1;1
202100050419;111 576;7;0;2;1;1;1
202100050419;111 577;7;0;2;3;13;1
202100050420;111 574;7;0;2;2;0;0
202100050420;111 575;50;0;2;8;0;3
202100050421;111 571;10;0;2;8;1;1
202100050421;111 572;7;0;2;1;1;1
202100050421;111 573;7;0;2;4;12;1
202100050422;111 568;7;0;9;2;1;0
202100050422;111 569;7;0;2;5;1;0
202100050422;111 570;7;0;2;3;0;0
202100050423;111 567;7;4;0;2;16;1
202100050424;111 566;7;4;0;3;11;1
202100050425;111 562;7;0;2;1;2;1
202100050425;111 563;7;1;2;4;2;1
202100050425;111 564;7;0;2;4;2;1
202100050425;111 565;7;0;2;4;24;1
202100050426;111 561;7;0;1;1;15;1
202100050427;111 559;1;0;2;1;19;5
202100050427;111 560;7;0;2;1;1;1
202100050428;111 557;7;0;2;1;1;1
202100050428;111 558;7;0;2;3;1;1
202100050429;111 556;30;0;0;7;1;1
202100050430;111 554;7;0;2;3;15;1
202100050430;111 555;2;0;2;1;1;1
202100050431;111 552;10;0;2;7;16;6
202100050431;111 553;1;0;2;1;1;0
202100050432;111 550;1;0;2;0;1;5
202100050432;111 551;7;0;2;3;9;1
202100050433;111 548;7;0;9;2;1;1
202100050433;111 549;50;0;2;5;19;3
202100050434;111 546;7;0;2;3;0;1
202100050434;111 547;33;0;2;4;2;1
202100050435;111 545;7;0;0;9;26;1
202100050436;111 543;7;0;2;1;13;6
202100050436;111 544;7;0;2;3;1;1
202100050437;111 542;7;13;0;1;13;1
202100050438;111 540;7;0;2;3;15;1
202100050438;111 541;34;0;2;7;2;1
202100050439;111 539;7;0;1;8;1;1
202100050440;111 538;30;0;0;0;21;1
202100050441;111 537;7;4;0;6;13;1
202100050442;111 536;7;0;1;8;1;1
202100050443;111 535;7;0;1;1;1;1
202100050444;111 533;2;0;2;1;2;1
202100050444;111 534;7;0;2;4;2;1
202100050445;111 531;2;0;2;7;15;0
202100050445;111 532;7;0;2;3;26;0
202100050446;111 528;7;0;2;8;26;1
202100050446;111 529;33;0;2;9;0;1
202100050446;111 530;33;0;2;9;0;1
202100050447;111 527;7;0;1;1;15;0
202100050448;111 526;1;14;0;1;1;5
202100050449;111 524;1;0;2;1;1;5
202100050449;111 525;7;0;2;2;9;1
202100050450;111 523;7;0;1;1;1;1
202100050451;111 520;7;0;2;4;16;1
202100050451;111 521;10;0;2;4;23;1
202100050451;111 522;7;0;2;1;2;1
202100050452;111 519;1;0;0;0;26;6
202100050453;111 517;2;0;2;0;9;1
202100050453;111 518;7;0;2;3;26;1
202100050454;111 515;33;0;2;5;1;1
202100050454;111 516;7;0;2;1;15;1
202100050455;111 513;7;0;2;2;16;1
202100050455;111 514;1;0;2;8;1;5
202100050456;111 510;7;0;2;4;2;1
202100050456;111 511;7;0;2;4;2;1
202100050456;111 512;7;0;2;1;2;1
202100050457;111 508;10;0;2;2;1;1
202100050457;111 509;7;0;2;3;9;1
202100050458;111 506;7;0;2;3;26;1
202100050458;111 507;7;0;2;3;13;1
202100050459;111 503;7;0;2;1;2;1
202100050459;111 504;7;0;2;4;2;1
202100050459;111 505;7;0;0;4;0;1
202100050460;111 501;1;0;2;7;1;0
202100050460;111 502;7;0;2;1;9;1
202100050461;111 499;30;0;2;1;1;6
202100050461;111 500;30;0;2;2;1;0
202100050462;111 497;7;1;2;2;2;1
202100050462;111 498;7;1;2;3;2;1
202100050463;111 494;7;0;2;2;15;1
202100050463;111 495;7;0;2;1;1;1
202100050463;111 496;10;0;2;8;1;1
202100050464;111 492;1;0;2;0;2;5
202100050464;111 493;38;0;2;5;2;1
202100050465;111 490;7;0;2;1;1;1
202100050465;111 491;7;0;2;2;16;1
202100050466;111 488;1;0;2;2;1;5
202100050466;111 489;7;0;2;1;9;1
202100050467;111 487;7;0;1;7;1;1
202100050468;111 486;7;0;1;2;1;2
202100050469;111 484;1;0;2;5;1;5
202100050469;111 485;7;0;9;3;9;1
202100050470;111 482;14;0;2;2;16;0
202100050470;111 483;1;0;2;3;0;5
202100050471;111 477;7;0;2;1;2;1
202100050471;111 478;7;0;2;6;2;1
202100050471;111 479;7;0;2;1;13;1
202100050472;111 475;7;0;2;1;1;0
202100050472;111 476;50;0;2;7;1;3
202100050473;111 473;2;0;2;8;1;1
202100050473;111 474;10;0;2;2;1;
202100050474;111 472;7;0;1;1;1;1
202100050475;111 470;7;0;2;3;15;1
202100050475;111 471;7;0;2;2;1;1
202100050476;111 469;43;0;1;1;1;1
202100050477;111 467;7;0;2;2;26;1
202100050477;111 468;7;0;2;1;9;1
202100050478;111 466;7;6;0;1;1;1
202100050479;111 464;7;0;2;1;1;1
202100050479;111 465;7;0;2;5;1;1
202100050480;111 463;30;0;0;0;16;1
202100050481;111 461;1;0;2;8;7;5
202100050481;111 462;7;0;2;2;15;1
202100050482;111 459;33;0;2;1;1;1
202100050482;111 460;32;0;2;3;1;1
202100050483;111 458;1;0;1;3;1;5
202100050484;111 456;30;0;2;3;15;3
202100050484;111 457;30;0;2;1;17;1
202100050485;111 454;10;0;2;8;20;1
202100050485;111 455;33;1;2;2;1;1
202100050486;111 452;10;0;2;4;23;1
202100050486;111 453;7;0;2;1;2;1
202100050487;111 450;50;0;2;1;1;3
202100050487;111 451;10;0;2;7;22;1
202100050488;111 449;37;0;1;2;26;1
202100050489;111 448;7;0;1;1;19;1
202100050490;111 447;7;0;1;3;26;1
202100050491;111 445;7;0;2;2;1;1
202100050491;111 446;7;9;2;8;1;1
202100050492;111 443;7;6;2;2;1;1
202100050492;111 444;7;0;2;3;15;1
202100050493;111 441;43;0;2;1;26;1
202100050493;111 442;7;0;0;5;11;1
202100050494;111 440;7;0;1;1;1;3
202100050495;111 438;7;0;0;1;10;1
202100050495;111 439;2;0;0;1;1;1
202100050496;111 437;7;0;1;1;1;0
202100050497;111 435;7;0;2;1;9;1
202100050497;111 436;1;0;2;8;1;5
202100050498;111 433;50;0;2;4;19;3
202100050498;111 434;10;0;1;1;19;1
202100050499;111 432;30;9;1;1;25;1
202100050500;111 430;7;0;2;1;1;1
202100050500;111 431;30;0;2;7;5;1
202100050501;111 429;30;12;0;8;14;3
202100050502;111 428;30;0;1;1;18;1
202100050503;111 426;10;0;2;1;0;1
202100050503;111 427;7;6;2;1;0;1
202100050504;111 425;7;8;0;1;1;1
202100050505;111 423;17;0;2;2;1;1
202100050505;111 424;7;0;0;4;23;1
202100050506;111 421;10;0;2;1;1;1
202100050506;111 422;7;0;0;4;1;1
202100050507;111 420;17;3;0;3;6;1
202100050508;111 418;1;0;2;1;5;5
202100050508;111 419;7;0;9;1;1;1
202100050509;111 417;7;0;1;2;16;1
202100050510;111 413;7;0;2;3;1;1
202100050510;111 414;10;0;2;2;15;1
202100050511;111 412;33;13;0;9;14;1
202100050512;111 410;7;0;2;1;1;1
202100050512;111 411;7;0;2;1;15;0
202100050513;111 408;1;0;2;1;1;5
202100050513;111 409;7;0;0;1;15;1
202100050514;111 405;7;0;2;1;19;1
202100050514;111 406;7;0;2;6;1;1
202100050515;111 404;33;0;0;0;1;1
202100050516;111 402;1;0;2;1;1;0
202100050516;111 403;7;0;9;7;1;1
202100050517;111 400;33;0;0;1;1;1
202100050517;111 401;10;0;0;5;15;1
202100050518;111 397;1;0;0;0;16;5
202100050519;111 395;33;0;2;1;1;1
202100050519;111 396;14;0;2;7;15;1
202100050520;111 393;7;0;2;8;3;1
202100050520;111 394;33;0;2;8;1;1
202100050521;111 391;7;0;9;6;0;1
202100050521;111 392;31;0;2;3;0;1
202100050522;111 389;7;0;2;5;19;1
202100050522;111 390;10;0;2;1;2;1
202100050523;111 387;7;0;2;1;1;1
202100050523;111 388;21;0;2;6;1;1
202100050524;111 386;1;0;0;0;1;5
202100050525;111 384;2;0;2;8;15;1
202100050525;111 385;7;0;2;1;1;1
202100050526;111 383;43;6;0;2;1;1
202100050527;111 382;31;12;0;1;1;1
202100050528;111 379;33;9;0;1;1;1
202100050529;111 377;17;0;2;8;9;1
202100050529;111 378;10;0;2;2;2;1
202100050530;111 376;7;0;0;9;1;1
202100050531;111 374;1;0;2;7;26;6
202100050531;111 375;7;0;9;3;9;1
202100050532;111 373;7;0;1;2;1;1
202100050533;111 371;33;0;2;1;2;1
202100050533;111 372;7;0;2;5;2;1
202100050534;111 369;7;0;2;2;21;1
202100050534;111 370;7;8;2;8;15;1
202100050535;111 367;2;0;2;2;21;1
202100050535;111 368;7;0;2;6;16;1
202100050536;111 364;10;0;2;1;2;1
202100050536;111 365;7;0;0;4;23;1
202100050536;111 366;7;0;2;4;23;1
202100050537;111 363;7;0;1;2;1;1
202100050538;111 360;7;0;2;4;1;1
202100050538;111 361;7;0;2;1;2;1
202100050539;111 357;13;0;2;4;23;1
202100050539;111 358;7;0;2;1;2;2
202100050539;111 359;7;0;2;4;2;1
202100050540;111 355;7;0;2;1;2;1
202100050540;111 356;7;0;2;4;2;1
202100050541;111 352;10;0;2;7;2;1
202100050541;111 353;43;0;2;7;1;1
202100050541;111 354;7;0;2;8;2;1
202100050542;111 351;7;3;5;1;1;1
202100050543;111 350;7;0;5;1;12;1
202100050544;111 348;15;0;2;6;1;1
202100050544;111 349;32;0;2;1;3;1
202100050545;111 346;7;0;2;4;2;1
202100050545;111 347;33;0;2;1;2;1
202100050546;111 344;7;4;2;7;1;1
202100050546;111 345;14;0;2;3;11;1
202100050547;111 342;7;1;0;5;12;1
202100050547;111 343;7;0;2;3;23;1
202100050548;111 338;7;0;2;4;2;1
202100050548;111 339;10;0;2;1;0;1
202100050548;111 340;10;0;2;4;2;1
202100050548;111 341;7;0;2;4;2;1
202100050549;111 335;10;0;2;1;2;1
202100050549;111 336;7;0;2;6;2;1
202100050549;111 337;7;0;2;1;2;1
202100050550;111 330;7;0;0;0;0;1
202100050550;111 331;10;0;2;3;1;1
202100050550;111 332;7;0;2;4;1;1
202100050550;111 333;7;0;2;1;1;1
202100050550;111 334;7;0;2;4;2;0
202100050551;111 328;7;0;2;6;1;1
202100050551;111 329;7;0;2;1;3;0
202100050552;111 327;7;6;0;1;13;1
202100050553;111 326;33;0;6;1;1;1
202100050554;111 324;2;0;2;7;1;1
202100050554;111 325;7;0;2;3;9;1
202100050555;111 323;7;0;1;2;1;1
202100050556;111 321;2;0;2;1;17;1
202100050556;111 322;7;0;2;3;15;1
202100050557;111 320;2;0;0;0;9;1
202100050558;111 319;7;0;1;3;15;1
202100050559;111 317;50;0;2;3;26;3
202100050559;111 318;7;0;9;1;26;0
202100050560;111 316;7;6;1;6;14;1
202100050561;111 315;33;14;0;1;26;1
202100050562;111 313;30;0;2;3;1;1
202100050562;111 314;10;0;2;0;26;0
202100050563;111 312;7;0;1;3;20;1
202100050564;111 310;80;0;2;8;19;3
202100050564;111 311;30;0;2;1;0;1
202100050565;111 308;14;0;2;1;2;1
202100050565;111 309;13;0;1;4;1;1
202100050566;111 307;7;13;0;2;15;1
202100050567;111 301;7;0;2;5;2;1
202100050567;111 302;33;0;2;1;2;1
202100050568;111 299;34;0;2;1;1;1
202100050568;111 300;7;0;2;7;15;1
202100050569;111 297;7;0;2;1;2;1
202100050569;111 298;1;0;2;4;2;5
202100050570;111 293;7;0;2;3;20;2
202100050570;111 294;50;0;2;1;5;3
202100050571;111 291;1;0;2;1;1;5
202100050571;111 292;7;0;2;2;15;1
202100050572;111 289;1;0;2;7;1;5
202100050572;111 290;37;0;2;6;1;1
202100050573;111 287;7;0;2;3;1;1
202100050573;111 288;2;0;2;1;1;1
202100050574;111 285;7;0;2;3;16;1
202100050574;111 286;1;0;2;7;16;5
202100050575;111 284;7;0;1;2;16;1
202100050576;111 282;33;0;2;1;1;1
202100050576;111 283;7;0;2;6;12;1
202100050577;111 281;7;2;0;1;1;1
202100050578;111 279;1;0;2;1;19;5
202100050578;111 280;7;0;2;5;15;0
202100050579;111 277;31;15;2;1;17;1
202100050579;111 278;10;0;2;8;15;1
202100050580;111 276;7;9;1;2;9;1
202100050581;111 273;7;0;2;1;1;1
202100050581;111 274;7;2;0;9;13;1
202100050581;111 275;7;0;2;1;13;1
202100050582;111 272;7;0;1;1;9;2
202100050583;111 270;7;0;2;2;17;1
202100050583;111 271;1;0;2;4;15;5
202100050584;111 268;7;3;2;1;5;1
202100050584;111 269;7;0;2;1;1;1
202100050585;111 266;7;0;2;8;0;0
202100050585;111 267;7;6;2;8;17;0
202100050586;111 264;7;0;2;3;15;1
202100050586;111 265;31;0;2;1;1;1
202100050587;111 262;33;0;2;9;26;1
202100050587;111 263;7;0;2;7;15;1
202100050588;111 260;7;0;2;1;15;1
202100050588;111 261;2;0;2;1;1;1
202100050589;111 259;7;0;1;1;1;1
202100050590;111 256;7;0;2;1;17;1
202100050590;111 257;7;0;2;4;1;1
202100050590;111 258;7;0;2;1;1;2
202100050591;111 254;7;0;2;0;0;1
202100050591;111 255;7;0;0;0;0;1
202100050592;111 253;7;0;1;1;1;1
202100050593;111 251;10;0;2;3;15;1
202100050593;111 252;30;0;2;0;17;1
202100050594;111 250;0;0;1;0;0;0
202100050595;111 249;7;0;1;6;20;0
202100050596;111 247;10;0;2;2;2;1
202100050596;111 248;7;0;2;3;1;1
202100050597;111 246;37;0;1;3;15;0
202100050598;111 245;33;8;0;3;13;1
202100050599;111 243;7;0;0;0;0;1
202100050599;111 244;10;12;0;0;0;1
202100050600;111 241;7;0;2;1;2;1
202100050600;111 242;7;0;2;4;26;1
202100050601;111 239;7;0;0;4;1;1
202100050601;111 240;7;0;2;1;2;1
202100050602;111 238;3;0;1;1;1;0
202100050603;111 236;50;0;2;1;0;3
202100050603;111 237;7;0;2;6;15;1
202100050604;111 235;7;0;1;2;1;1
202100050605;111 234;7;0;1;1;1;1
202100050606;111 231;7;0;2;6;23;2
202100050606;111 232;7;0;2;4;23;0
202100050606;111 233;7;0;2;2;2;0
202100050607;111 229;30;0;2;7;1;1
202100050607;111 230;7;0;2;1;9;1
202100050608;111 228;30;0;1;7;1;1
202100050609;111 226;7;0;2;2;16;1
202100050609;111 227;2;0;2;3;18;1
202100050610;111 224;7;0;2;2;1;1
202100050610;111 225;7;0;2;1;13;1
202100050611;111 223;7;8;0;1;1;1
202100050612;111 221;7;0;2;3;1;1
202100050612;111 222;33;0;2;3;11;1
202100050613;111 219;10;0;2;1;14;1
202100050613;111 220;10;0;0;4;1;1
202100050614;111 218;7;0;1;1;0;1
202100050615;111 217;33;13;0;9;1;1
202100050616;111 216;1;0;0;0;16;5
202100050617;111 214;2;1;0;1;1;1
202100050617;111 215;7;0;0;4;0;1
202100050618;111 213;7;0;1;1;19;1
202100050619;111 211;2;0;2;1;1;1
202100050619;111 212;15;0;0;4;15;1
202100050620;111 209;7;8;2;3;1;1
202100050620;111 210;7;0;2;2;1;1
202100050621;111 207;7;0;2;2;1;1
202100050621;111 208;1;0;0;4;1;5
202100050622;111 205;7;0;0;7;19;1
202100050622;111 206;33;0;2;3;0;1
202100050623;111 203;33;0;2;1;1;1
202100050623;111 204;10;0;2;7;15;1
202100050624;111 199;7;0;2;3;0;1
202100050624;111 200;7;0;2;2;15;1
202100050625;111 198;7;0;1;1;1;1
202100050626;111 196;33;0;2;1;17;1
202100050626;111 197;7;0;2;6;15;1
202100050627;111 194;10;0;2;8;13;1
202100050627;111 195;7;0;2;7;17;1
202100050628;111 192;7;0;2;5;15;1
202100050628;111 193;33;0;2;1;1;1
202100050629;111 190;7;0;0;5;11;1
202100050629;111 191;33;0;2;1;1;1
202100050630;111 189;33;0;0;0;0;1
202100050631;111 187;7;0;9;1;16;1
202100050631;111 188;1;0;2;0;19;5
202100050632;111 185;1;0;2;8;1;5
202100050632;111 186;7;0;2;7;17;0
202100050633;111 183;33;0;2;1;1;1
202100050633;111 184;7;0;2;1;15;1
202100050634;111 181;33;0;0;1;0;1
202100050634;111 182;7;0;9;3;1;1
202100050635;111 180;7;8;0;6;1;1
202100050636;111 177;17;3;0;5;1;1
202100050636;111 178;7;0;2;1;1;1
202100050636;111 179;10;0;2;1;2;1
202100050637;111 176;7;0;1;1;16;1
202100050638;111 172;7;0;2;5;1;1
202100050638;111 173;7;0;2;3;1;1
202100050638;111 174;7;0;2;6;1;1
202100050638;111 175;33;0;2;1;1;1
202100050639;111 170;15;0;2;3;15;1
202100050639;111 171;33;0;2;8;1;1
202100050640;111 168;1;0;2;1;1;6
202100050640;111 169;7;0;0;2;1;1
202100050641;111 166;7;0;0;5;16;1
202100050641;111 167;7;0;2;1;26;1
202100050642;111 164;33;15;9;1;1;1
202100050642;111 165;7;0;0;2;26;1
202100050643;111 162;7;0;2;1;1;1
202100050643;111 163;1;0;2;7;26;5
202100050644;111 161;7;2;0;2;1;1
202100050645;111 159;7;0;2;2;1;1
202100050645;111 160;1;0;2;3;9;5
202100050646;111 157;7;0;2;3;13;1
202100050646;111 158;7;0;2;3;1;1
202100050647;111 156;10;0;1;3;1;1
202100050648;111 154;7;3;2;1;2;1
202100050648;111 155;7;4;0;4;1;1
202100050649;111 151;7;0;2;1;1;1
202100050649;111 152;7;0;2;9;2;1
202100050649;111 153;7;0;2;4;2;1
202100050650;111 150;7;4;0;2;2;1
202100050651;111 148;7;0;2;4;2;1
202100050651;111 149;7;0;2;1;2;1
202100050652;111 146;17;0;2;1;2;1
202100050652;111 147;7;0;2;4;2;1
202100050653;111 143;7;0;2;4;0;1
202100050653;111 144;7;0;2;3;13;1
202100050653;111 145;10;0;2;1;2;1
202100050654;111 142;7;4;0;1;1;1
202100050655;111 141;7;6;0;1;0;1
202100050656;111 138;37;0;2;7;1;1
202100050656;111 139;30;0;2;1;16;1
202100050657;111 136;7;0;2;2;1;1
202100050657;111 137;10;8;2;3;1;1
202100050658;111 134;7;0;2;2;16;2
202100050658;111 135;1;0;2;3;1;5
202100050659;111 133;3;8;0;1;1;1
202100050660;111 131;7;0;2;1;1;1
202100050660;111 132;7;0;2;3;15;1
202100050661;111 129;30;0;2;1;1;1
202100050661;111 130;7;0;2;2;1;1
202100050662;111 127;33;0;0;0;1;1
202100050663;111 126;7;0;1;1;1;1
202100050664;111 124;2;0;2;1;1;1
202100050664;111 125;7;0;0;4;16;1
202100050665;111 123;7;17;0;2;1;1
202100050666;111 122;7;0;0;1;0;1
202100050667;111 120;1;0;2;4;2;5
202100050667;111 121;7;0;9;2;2;1
202100050668;111 118;33;0;2;1;1;1
202100050668;111 119;7;0;2;2;15;1
202100050669;111 117;7;3;0;3;17;1
202100050670;111 115;7;0;2;1;5;1
202100050670;111 116;10;0;2;2;1;1
202100050671;111 113;7;0;2;3;1;1
202100050671;111 114;2;0;2;1;1;1
202100050672;111 112;33;0;0;8;15;1
202100050673;111 111;7;13;0;2;1;1
202100050674;111 109;7;0;2;2;1;1
202100050674;111 110;1;0;0;1;2;5
202100050675;111 107;7;0;0;8;15;1
202100050675;111 108;33;0;2;1;17;1
202100050676;111 106;7;13;0;8;1;0
202100050677;111 103;7;0;2;3;13;1
202100050677;111 104;17;0;2;3;1;1
202100050677;111 105;7;13;2;8;1;1
202100050678;111 102;7;2;0;3;13;1
202100050679;111 101;33;14;0;1;1;1
202100050680;111 100;1;15;0;0;21;5
202100050681;111 099;7;13;0;3;1;1
202100050682;111 098;7;0;9;1;0;1
202100050683;111 096;7;0;2;1;1;1
202100050683;111 097;7;0;2;4;1;1
202100050684;111 094;2;0;2;0;21;1
202100050684;111 095;21;0;2;0;21;1
202100050685;111 092;10;0;2;1;1;1
202100050685;111 093;7;0;0;4;23;1
202100050686;111 090;30;0;2;7;1;1
202100050686;111 091;7;0;2;3;9;1
202100050687;111 089;7;0;1;3;1;1
202100050688;111 087;7;0;2;2;9;1
202100050688;111 088;33;0;2;1;1;1
202100050689;111 085;7;0;0;1;1;1
202100050689;111 086;7;0;0;1;1;1
202100050690;111 083;20;0;2;3;1;1
202100050690;111 084;10;0;2;3;13;1
202100050691;111 081;7;0;2;3;1;1
202100050691;111 082;7;0;2;3;13;1
202100050692;111 079;7;0;0;1;1;1
202100050692;111 080;7;0;2;1;1;1
202100050693;111 077;33;0;2;1;2;1
202100050693;111 078;33;0;2;4;2;1
202100050694;111 075;10;0;2;8;1;1
202100050694;111 076;33;0;2;8;13;1
202100050695;111 073;33;0;2;1;1;1
202100050695;111 074;7;0;2;6;10;1
202100050696;111 071;10;0;2;1;1;1
202100050696;111 072;7;0;2;1;1;1
202100050697;111 069;33;0;2;1;1;1
202100050697;111 070;7;0;2;8;19;1
202100050698;111 068;32;13;0;7;1;1
202100050699;111 066;7;0;0;4;2;1
202100050699;111 067;7;0;2;1;2;1
202100050700;111 065;10;9;0;1;14;1
202100050701;111 063;33;0;2;3;1;1
202100050701;111 064;7;0;2;2;15;2
202100050702;111 062;7;13;0;1;1;1
202100050703;111 060;33;0;2;1;1;1
202100050703;111 061;7;0;2;2;15;1
202100050704;111 058;7;0;2;3;15;1
202100050704;111 059;32;0;2;1;17;1
202100050705;111 056;33;0;2;1;1;1
202100050705;111 057;7;0;2;3;9;1
202100050706;111 055;2;0;0;9;1;1
202100050707;111 053;7;0;0;6;9;1
202100050707;111 054;33;0;2;1;2;1
202100050708;111 051;38;0;2;3;1;1
202100050708;111 052;7;0;2;3;5;1
202100050709;111 049;7;0;0;5;1;1
202100050709;111 050;2;0;2;1;2;1
202100050710;111 048;36;0;0;6;1;1
202100050711;111 047;36;0;0;1;26;1
202100050712;111 045;33;0;2;1;17;1
202100050712;111 046;7;0;9;6;17;1
202100050713;111 040;10;0;2;0;2;1
202100050713;111 041;7;0;2;1;2;1
202100050713;111 042;7;0;2;4;2;1
202100050713;111 043;7;0;2;4;2;1
202100050713;111 044;7;0;2;4;2;1
202100050714;111 038;10;0;2;9;14;1
202100050714;111 039;13;0;2;6;1;1
202100050715;111 035;7;0;2;7;17;1