Num_Acc;id_vehicule;categorie_vehicule;obstacle_fixe;obstacle_mobile;point_choc_initial;manoeuvre_principale;motorisation
202100051096;110 343;7;0;2;8;15;1
202100051096;110 344;7;0;2;1;1;1
202100051097;110 341;2;0;2;1;1;1
202100051097;110 342;7;0;2;1;9;1
202100051098;110 339;7;0;2;1;1;1
202100051098;110 340;7;15;2;2;1;1
202100051099;110 337;30;0;2;2;26;1
202100051099;110 338;7;0;2;1;19;1
202100051100;110 335;2;0;2;1;1;1
202100051100;110 336;7;0;2;2;1;1
202100051101;110 333;7;0;2;5;1;1
202100051101;110 334;30;0;2;1;2;1
202100051102;110 332;7;0;1;0;24;1
202100051103;110 330;10;0;2;3;15;1
202100051103;110 331;33;0;2;1;17;1
202100051104;110 328;3;0;2;2;1;3
202100051104;110 329;7;0;2;3;15;1
202100051105;110 325;10;0;2;1;2;1
202100051105;110 326;10;0;2;4;2;1
202100051105;110 327;7;0;2;4;1;1
202100051106;110 323;7;0;2;1;1;1
202100051106;110 324;7;0;0;7;19;1
202100051107;110 321;15;0;2;3;1;1
202100051107;110 322;7;0;2;1;5;1
202100051108;110 319;21;0;9;6;1;1
202100051108;110 320;33;0;0;0;0;1
202100051109;110 317;0;0;9;2;21;1
202100051109;110 318;1;0;2;4;2;5
202100051110;110 315;7;0;2;3;1;1
202100051110;110 316;7;0;2;3;17;1
202100051111;110 312;7;0;2;8;1;1
202100051111;110 313;33;0;2;8;17;6
202100051111;110 314;38;0;2;3;1;1
202100051112;110 311;7;0;9;2;1;1
202100051113;110 309;17;0;2;1;1;1
202100051113;110 310;7;0;2;8;16;1
202100051114;110 307;7;0;2;3;26;1
202100051114;110 308;30;0;2;1;1;1
202100051115;110 306;38;0;1;7;1;1
202100051116;110 304;7;0;2;3;15;1
202100051116;110 305;35;7;2;1;17;1
202100051117;110 302;33;0;2;1;1;1
202100051117;110 303;7;0;2;1;11;1
202100051118;110 301;33;0;0;0;14;1
202100051119;110 300;7;13;0;8;1;1
202100051120;110 298;7;0;2;3;1;1
202100051120;110 299;7;0;2;2;15;1
202100051121;110 296;7;0;2;3;1;1
202100051121;110 297;7;0;2;3;13;1
202100051122;110 295;7;0;1;3;1;1
202100051123;110 294;33;13;0;1;14;1
202100051124;110 293;7;0;1;2;1;1
202100051125;110 291;33;0;2;8;1;1
202100051125;110 292;14;0;2;8;1;0
202100051126;110 290;15;0;1;3;19;1
202100051127;110 289;7;3;0;8;1;1
202100051128;110 287;10;0;2;7;1;1
202100051128;110 288;7;3;2;2;14;1
202100051129;110 285;7;0;2;3;17;1
202100051129;110 286;2;0;2;3;1;1
202100051130;110 283;7;0;2;1;1;1
202100051130;110 284;10;0;2;1;17;1
202100051131;110 282;33;0;0;9;1;1
202100051132;110 279;7;0;2;1;17;2
202100051132;110 280;10;6;2;3;1;1
202100051132;110 281;7;6;2;1;16;1
202100051133;110 277;33;0;2;1;1;1
202100051133;110 278;7;0;2;5;15;1
202100051134;110 275;7;0;0;1;1;1
202100051134;110 276;7;0;0;1;15;1
202100051135;110 273;10;0;0;7;9;1
202100051135;110 274;33;0;2;1;1;1
202100051136;110 271;80;0;0;2;16;3
202100051137;110 268;7;0;2;1;1;1
202100051137;110 269;7;0;2;1;1;1
202100051138;110 265;0;0;2;1;1;6
202100051138;110 266;10;0;2;4;1;1
202100051138;110 267;7;0;2;4;1;1
202100051139;110 263;7;0;0;0;1;1
202100051139;110 264;15;3;0;3;6;1
202100051140;110 261;15;0;2;2;12;1
202100051140;110 262;7;0;2;3;1;1
202100051141;110 260;33;0;0;0;1;1
202100051142;110 259;7;4;0;0;0;1
202100051143;110 257;10;0;2;4;2;1
202100051143;110 258;7;0;2;1;2;1
202100051144;110 253;7;0;2;1;2;3
202100051144;110 254;7;0;2;1;2;1
202100051144;110 255;7;0;2;1;2;1
202100051144;110 256;7;0;2;1;2;1
202100051145;110 250;7;0;2;1;1;1
202100051145;110 251;7;0;2;4;2;1
202100051145;110 252;7;0;2;1;2;1
202100051146;110 248;33;0;2;8;1;1
202100051146;110 249;7;0;2;7;17;1
202100051147;110 246;7;0;2;8;15;1
202100051147;110 247;30;0;2;1;17;1
202100051148;110 245;30;0;0;0;1;1
202100051149;110 243;50;0;2;0;0;3
202100051149;110 244;7;0;2;2;16;1
202100051150;110 242;7;0;1;2;2;1
202100051151;110 241;33;9;0;1;0;1
202100051152;110 240;33;0;0;7;1;1
202100051153;110 239;7;0;0;7;1;1
202100051154;110 238;99;0;0;1;26;1
202100051155;110 236;7;0;2;1;2;1
202100051155;110 237;7;0;2;4;23;1
202100051156;110 235;7;0;1;1;15;1
202100051157;110 234;15;0;0;0;26;1
202100051158;110 232;7;0;2;4;1;1
202100051158;110 233;7;0;2;1;2;1
202100051159;110 228;7;0;2;0;0;1
202100051159;110 229;7;0;2;2;1;1
202100051159;110 230;7;0;2;8;0;1
202100051159;110 231;7;0;2;3;1;1
202100051160;110 226;30;0;2;4;1;1
202100051160;110 227;7;0;2;1;9;1
202100051161;110 224;30;0;2;7;1;1
202100051161;110 225;7;0;2;1;1;1
202100051162;110 222;7;0;0;0;24;1
202100051162;110 223;1;1;0;8;21;0
202100051163;110 221;33;0;2;7;21;1
202100051164;110 220;7;0;1;1;1;1
202100051165;110 218;7;0;2;2;16;1
202100051165;110 219;1;0;2;4;1;5
202100051166;110 216;2;0;2;8;1;1
202100051166;110 217;7;0;2;0;9;0
202100051167;110 214;7;0;2;0;9;1
202100051167;110 215;1;0;2;0;0;0
202100051168;110 213;31;6;0;1;26;1
202100051169;110 211;7;0;2;7;1;1
202100051169;110 212;7;0;2;2;13;1
202100051170;110 210;30;0;0;0;0;1
202100051171;110 208;30;0;2;1;1;3
202100051171;110 209;7;0;2;3;1;1
202100051172;110 206;7;0;2;3;15;1
202100051172;110 207;43;0;2;1;17;1
202100051173;110 204;15;0;2;6;24;1
202100051173;110 205;7;1;0;2;2;1
202100051174;110 200;7;0;2;1;1;1
202100051174;110 201;10;0;2;8;15;1
202100051175;110 198;7;0;2;8;19;1
202100051175;110 199;34;0;2;1;17;1
202100051176;110 196;10;0;2;6;2;1
202100051176;110 197;33;0;2;1;2;1
202100051177;110 193;7;0;2;1;13;1
202100051177;110 194;7;0;2;8;1;1
202100051177;110 195;7;0;2;1;1;1
202100051178;110 190;7;0;2;1;1;1
202100051178;110 191;33;0;2;4;1;1
202100051178;110 192;7;0;2;3;1;1
202100051179;110 188;7;0;2;2;15;1
202100051179;110 189;2;0;2;1;1;1
202100051180;110 185;7;0;2;4;2;1
202100051180;110 186;7;0;2;4;2;1
202100051180;110 187;10;0;2;1;2;1
202100051181;110 184;1;0;1;7;1;5
202100051182;110 183;7;0;1;8;1;2
202100051183;110 181;7;0;2;3;10;1
202100051183;110 182;33;0;2;2;17;1
202100051184;110 180;7;0;1;1;17;1
202100051185;110 179;50;0;1;8;1;3
202100051186;110 177;10;0;2;1;15;1
202100051186;110 178;33;0;2;1;1;1
202100051187;110 175;1;0;2;3;19;5
202100051187;110 176;1;0;2;1;1;5
202100051188;110 174;30;0;1;1;1;1
202100051189;110 172;7;0;2;3;15;2
202100051189;110 173;33;0;2;2;17;1
202100051190;110 171;32;0;1;1;1;1
202100051191;110 169;1;0;2;7;15;5
202100051191;110 170;32;0;2;1;1;1
202100051192;110 167;50;0;2;1;16;3
202100051192;110 168;10;0;2;0;1;1
202100051193;110 166;30;12;0;2;14;3
202100051194;110 165;33;0;0;0;15;1
202100051195;110 163;7;1;0;4;23;1
202100051195;110 164;7;0;2;1;1;1
202100051196;110 162;13;0;1;1;9;0
202100051197;110 161;7;0;1;4;4;1
202100051198;110 159;7;0;2;3;15;1
202100051198;110 160;30;0;2;1;1;1
202100051199;110 157;7;0;2;8;15;1
202100051199;110 158;2;0;2;7;17;1
202100051200;110 155;2;0;2;1;2;1
202100051200;110 156;7;14;0;5;23;2
202100051201;110 152;33;1;2;2;17;1
202100051201;110 153;7;0;2;2;9;1
202100051201;110 154;7;0;0;3;0;1
202100051202;110 151;7;0;1;2;1;1
202100051203;110 150;50;0;0;1;19;3
202100051204;110 148;7;0;2;1;19;1
202100051204;110 149;10;0;2;1;19;1
202100051205;110 147;30;0;1;1;1;1
202100051206;110 146;7;13;0;7;14;1
202100051207;110 144;7;3;2;1;14;1
202100051207;110 145;7;0;2;4;23;1
202100051208;110 143;7;0;0;7;2;1
202100051209;110 142;7;2;0;1;1;1
202100051210;110 141;7;0;1;1;1;1
202100051211;110 139;31;0;2;1;13;1
202100051211;110 140;13;0;2;1;1;1
202100051212;110 137;7;0;0;4;1;1
202100051212;110 138;7;0;2;1;0;1
202100051213;110 135;33;0;2;7;1;1
202100051213;110 136;7;0;2;8;11;1
202100051214;110 134;7;13;0;1;1;1
202100051215;110 132;7;0;0;1;13;1
202100051215;110 133;7;0;2;1;1;0
202100051216;110 129;7;0;2;3;1;1
202100051216;110 130;10;0;2;1;21;1
202100051216;110 131;10;0;2;6;1;1
202100051217;110 127;7;0;2;1;1;1
202100051217;110 128;7;0;2;8;17;1
202100051218;110 124;7;0;2;1;1;1
202100051218;110 125;7;0;2;1;13;1
202100051218;110 126;7;0;0;0;17;0
202100051219;110 122;32;0;2;1;1;1
202100051219;110 123;7;0;2;2;15;1
202100051220;110 121;10;0;0;9;1;1
202100051221;110 120;36;0;0;0;0;1
202100051222;110 118;7;0;2;3;2;1
202100051222;110 119;7;0;2;5;15;1
202100051223;110 116;7;0;2;2;2;1
202100051223;110 117;7;0;2;4;2;1
202100051224;110 115;2;12;0;1;1;1
202100051225;110 114;20;2;0;0;21;1
202100051226;110 113;7;2;0;2;1;1
202100051227;110 111;10;0;2;2;15;1
202100051227;110 112;33;0;2;8;2;1
202100051228;110 109;1;0;2;4;1;5
202100051228;110 110;7;0;9;1;16;1
202100051229;110 108;14;0;0;5;0;0
202100051230;110 107;2;0;0;0;0;1
202100051231;110 106;7;13;0;3;13;1
202100051232;110 105;33;12;0;1;9;0
202100051233;110 104;7;15;0;9;1;1
202100051234;110 103;2;0;0;8;26;1
202100051235;110 102;7;0;1;2;16;1
202100051236;110 100;80;12;2;0;2;3
202100051236;110 101;37;0;9;0;2;1
202100051237;110 098;80;0;0;4;2;3
202100051237;110 099;10;6;2;1;1;1
202100051238;110 096;7;0;2;1;1;1
202100051238;110 097;7;0;2;2;15;1
202100051239;110 094;7;0;2;1;17;2
202100051239;110 095;7;0;2;1;1;1
202100051240;110 092;2;0;2;1;1;1
202100051240;110 093;7;0;2;3;15;1
202100051241;110 091;10;0;1;4;4;1
202100051242;110 089;7;0;2;0;26;1
202100051242;110 090;1;0;2;0;1;5
202100051243;110 088;33;15;0;1;1;1
202100051244;110 086;7;0;2;2;1;1
202100051244;110 087;7;0;2;3;15;1
202100051245;110 084;3;0;2;7;19;1
202100051245;110 085;33;0;2;1;1;1
202100051246;110 083;7;16;0;2;21;1
202100051247;110 081;50;0;2;4;2;3
202100051247;110 082;7;0;9;2;2;1
202100051248;110 079;1;0;2;5;1;5
202100051248;110 080;10;0;2;1;9;1
202100051249;110 077;7;0;2;8;19;1
202100051249;110 078;33;0;2;1;1;1
202100051250;110 075;7;0;2;3;9;1
202100051250;110 076;7;0;2;2;1;1
202100051251;110 072;33;0;2;1;2;1
202100051251;110 073;7;0;2;5;2;1
202100051252;110 068;7;0;2;4;1;1
202100051252;110 069;7;0;2;1;2;1
202100051252;110 070;10;0;2;4;1;1
202100051252;110 071;7;0;2;4;1;1
202100051253;110 066;7;0;2;5;1;1
202100051253;110 067;32;0;2;3;3;1
202100051254;110 065;7;1;0;2;15;1
202100051255;110 063;2;0;2;1;1;1
202100051255;110 064;7;0;2;7;1;1
202100051256;110 061;2;0;2;2;1;1
202100051256;110 062;7;0;2;1;3;1
202100051257;110 059;7;0;2;7;1;1
202100051257;110 060;7;0;2;1;1;1
202100051258;110 057;50;0;2;3;1;3
202100051258;110 058;7;0;2;2;1;1
202100051259;110 056;17;0;1;1;1;1
202100051260;110 055;7;4;0;3;13;1
202100051261;110 053;2;0;2;1;1;1
202100051261;110 054;7;0;2;3;15;1
202100051262;110 052;7;0;1;3;1;1
202100051263;110 050;7;0;2;4;23;1
202100051263;110 051;7;0;2;1;1;1
202100051264;110 048;7;0;2;2;1;1
202100051264;110 049;50;0;2;1;1;3
202100051265;110 043;32;0;2;7;1;1
202100051265;110 044;7;0;2;3;9;1
202100051266;110 042;7;0;1;1;16;1
202100051267;110 040;34;0;2;1;17;1
202100051267;110 041;7;0;2;3;15;1
202100051268;110 039;1;1;0;1;9;5
202100051269;110 037;7;0;2;3;1;1
202100051269;110 038;30;0;2;1;1;1
202100051270;110 034;7;0;2;4;23;1
202100051270;110 035;7;0;2;1;2;1
202100051270;110 036;7;0;2;4;23;1
202100051271;110 032;33;0;2;1;17;0
202100051271;110 033;10;0;2;6;15;0
202100051272;110 025;30;0;2;1;1;1
202100051272;110 026;7;0;2;7;15;1
202100051272;110 027;7;0;2;1;21;1
202100051273;110 023;7;4;2;3;26;1
202100051273;110 024;7;0;2;8;1;1
202100051274;110 022;7;0;1;1;15;1
202100051275;110 021;3;9;0;2;1;1
202100051276;110 020;7;0;1;3;15;1
202100051277;110 019;30;0;5;0;21;1
202100051278;110 017;7;0;2;2;1;1
202100051278;110 018;7;0;2;3;19;1
202100051279;110 015;7;0;2;6;23;1
202100051279;110 016;1;0;2;0;19;5
202100051280;110 013;7;0;2;1;1;1
202100051280;110 014;10;0;2;4;23;1
202100051281;110 012;7;0;1;1;1;1
202100051282;110 010;7;0;2;8;1;1
202100051282;110 011;7;0;2;1;15;1
202100051283;110 009;30;0;0;3;1;1
202100051284;110 007;7;0;2;8;1;1
202100051284;110 008;30;0;2;1;1;1
202100051285;110 005;33;0;2;2;1;1
202100051285;110 006;7;0;2;3;15;2
202100051286;110 003;10;0;2;2;2;1
202100051286;110 004;7;0;2;6;23;1
202100051287;110 002;7;0;1;1;1;1
202100051288;109 999;7;0;2;2;23;1
202100051288;110 000;7;0;2;3;1;1
202100051288;110 001;7;1;2;3;19;1
202100051289;109 998;7;0;1;3;1;1
202100051290;109 995;7;0;2;4;1;1
202100051290;109 996;7;0;2;1;2;1
202100051290;109 997;7;0;2;6;2;1
202100051291;109 994;30;0;0;7;1;1
202100051292;109 993;7;0;1;3;15;1
202100051293;109 991;1;0;2;7;1;6
202100051293;109 992;7;0;2;3;9;1
202100051294;109 989;33;0;2;2;1;1
202100051294;109 990;10;0;2;8;11;1
202100051295;109 987;7;0;2;2;1;1
202100051295;109 988;60;0;2;3;19;5
202100051296;109 986;7;0;1;1;1;1
202100051297;109 985;7;0;1;3;13;1
202100051298;109 981;7;0;2;3;1;1
202100051298;109 982;7;0;2;3;13;1
202100051299;109 979;33;0;2;1;2;1
202100051299;109 980;7;0;2;1;13;1
202100051300;109 977;7;0;2;3;0;1
202100051300;109 978;7;0;2;3;1;1
202100051301;109 975;31;0;2;2;17;1
202100051301;109 976;60;0;2;8;1;5
202100051302;109 972;33;3;2;3;1;1
202100051302;109 973;7;0;2;2;26;1
202100051302;109 974;7;0;0;0;1;1
202100051303;109 970;10;0;2;7;1;1
202100051303;109 971;7;0;2;1;1;1
202100051304;109 968;31;0;2;1;1;1
202100051304;109 969;7;0;2;6;23;1
202100051305;109 966;7;0;2;4;2;1
202100051305;109 967;30;0;2;1;2;1
202100051306;109 964;1;0;2;1;1;6
202100051306;109 965;7;0;2;4;1;1
202100051307;109 962;7;0;2;3;13;1
202100051307;109 963;7;0;2;8;1;2
202100051308;109 960;2;0;2;1;26;1
202100051308;109 961;7;0;9;2;15;1
202100051309;109 957;7;0;2;2;1;1
202100051309;109 958;14;0;2;2;12;0
202100051309;109 959;7;0;2;6;1;1
202100051310;109 955;14;0;2;2;12;1
202100051310;109 956;7;0;2;3;1;1
202100051311;109 953;10;0;2;1;2;1
202100051311;109 954;7;0;2;4;23;1
202100051312;109 951;10;0;2;2;1;1
202100051312;109 952;43;0;2;5;1;1
202100051313;109 950;7;1;0;1;13;1
202100051314;109 949;7;0;1;1;1;1
202100051315;109 945;7;0;2;1;2;1
202100051315;109 946;7;0;2;4;2;1
202100051315;109 947;7;0;2;4;23;1
202100051315;109 948;7;0;2;5;23;1
202100051316;109 943;7;0;2;2;15;1
202100051316;109 944;31;0;2;3;1;1
202100051317;109 941;1;0;2;7;1;5
202100051317;109 942;32;0;2;1;1;1
202100051318;109 940;7;0;1;2;1;1
202100051319;109 938;30;0;2;1;1;1
202100051319;109 939;30;0;2;8;16;1
202100051320;109 936;7;0;2;2;1;1
202100051320;109 937;30;0;2;3;18;1
202100051321;109 935;10;1;0;1;7;1
202100051322;109 933;2;0;2;8;1;1
202100051322;109 934;0;0;2;3;15;0
202100051323;109 932;7;12;0;2;1;1
202100051324;109 930;2;0;2;8;2;1
202100051324;109 931;10;0;2;3;11;1
202100051325;109 928;7;0;2;3;9;1
202100051325;109 929;7;0;2;2;1;1
202100051326;109 927;7;6;0;1;14;1
202100051327;109 925;10;0;2;7;16;1
202100051327;109 926;30;0;2;7;1;1
202100051328;109 924;33;0;1;2;2;1
202100051329;109 922;7;0;1;1;1;1
202100051330;109 920;7;0;2;4;1;1
202100051330;109 921;3;0;2;1;1;1
202100051331;109 917;7;0;2;1;23;1
202100051331;109 918;10;11;2;1;6;1
202100051331;109 919;7;0;2;1;23;1
202100051332;109 916;10;0;1;4;4;1
202100051333;109 914;30;0;2;2;1;1
202100051333;109 915;7;0;2;3;1;1
202100051334;109 913;7;0;1;3;15;1
202100051335;109 912;7;7;0;1;1;1
202100051336;109 910;3;0;2;2;1;1
202100051336;109 911;7;0;2;1;13;1
202100051337;109 909;7;0;0;2;1;1
202100051338;109 906;17;0;2;4;2;1
202100051338;109 907;7;0;2;1;2;1
202100051339;109 904;7;0;2;1;1;1
202100051339;109 905;7;0;2;7;1;2
202100051340;109 903;7;2;0;7;14;1
202100051341;109 901;7;9;0;7;15;1
202100051341;109 902;13;0;0;3;1;1
202100051342;109 899;7;0;0;5;10;3
202100051342;109 900;33;0;2;1;1;1
202100051343;109 897;7;0;0;4;23;1
202100051343;109 898;2;0;2;1;2;1
202100051344;109 896;2;7;0;2;1;1
202100051345;109 894;21;0;2;6;15;1
202100051345;109 895;33;0;2;1;17;1
202100051346;109 892;2;0;0;4;1;1
202100051346;109 893;7;0;2;1;1;1
202100051347;109 890;7;0;0;1;0;2
202100051347;109 891;7;0;0;1;0;1
202100051348;109 889;7;0;1;2;1;1
202100051349;109 888;7;16;0;0;13;1
202100051350;109 887;36;11;0;0;1;1
202100051351;109 885;7;0;2;3;1;1
202100051351;109 886;2;0;2;0;1;1
202100051352;109 884;1;0;1;1;1;5
202100051353;109 883;14;10;0;2;14;1
202100051354;109 882;33;0;0;8;1;1
202100051355;109 881;33;13;0;1;1;1
202100051356;109 879;7;0;2;1;1;1
202100051356;109 880;7;0;2;1;1;1
202100051357;109 878;7;16;0;2;14;1
202100051358;109 877;7;6;0;3;1;1
202100051359;109 876;10;12;0;2;21;1
202100051360;109 874;7;0;2;3;1;1
202100051360;109 875;7;0;2;3;1;1
202100051361;109 870;10;0;2;3;2;1
202100051361;109 871;7;0;2;4;2;1
202100051361;109 872;7;0;0;4;1;1
202100051361;109 873;31;0;2;4;2;1
202100051362;109 868;7;0;2;1;17;1
202100051362;109 869;7;0;2;1;1;1
202100051363;109 867;33;0;0;0;2;1
202100051364;109 865;14;0;2;3;1;1
202100051364;109 866;7;0;2;1;1;1
202100051365;109 864;7;2;0;1;1;1
202100051366;109 862;14;0;2;0;15;1
202100051366;109 863;33;0;2;1;1;1
202100051367;109 861;7;13;0;4;2;1
202100051368;109 860;31;0;0;0;1;1
202100051369;109 858;7;0;2;6;11;1
202100051369;109 859;32;0;2;1;3;1
202100051370;109 857;33;0;0;7;1;1
202100051371;109 855;7;0;2;4;23;1
202100051371;109 856;10;0;2;1;1;1
202100051372;109 853;7;14;0;4;2;1
202100051372;109 854;7;14;2;1;9;1
202100051373;109 851;15;0;2;6;26;1
202100051373;109 852;7;0;2;2;2;1
202100051374;109 850;7;0;1;1;2;1
202100051375;109 847;7;0;2;4;2;1
202100051375;109 848;7;0;2;4;2;1
202100051375;109 849;10;0;2;1;2;1
202100051376;109 846;33;0;0;7;9;1
202100051377;109 844;33;0;2;1;3;1
202100051377;109 845;7;0;2;5;1;1
202100051378;109 842;17;0;2;6;2;1
202100051378;109 843;10;0;2;2;2;1
202100051379;109 841;7;4;0;5;1;1
202100051380;109 839;14;0;2;4;1;1
202100051380;109 840;14;0;2;2;12;1
202100051381;109 838;33;4;0;0;11;1
202100051382;109 836;7;0;2;1;26;1
202100051382;109 837;17;0;2;4;2;1
202100051383;109 835;7;0;1;8;16;2
202100051384;109 833;30;0;2;1;1;1
202100051384;109 834;7;0;2;4;1;1
202100051385;109 831;31;0;2;1;13;1
202100051385;109 832;7;0;2;1;1;1
202100051386;109 830;30;0;0;0;2;1
202100051387;109 829;33;14;0;0;1;1
202100051388;109 827;33;0;2;7;13;1
202100051388;109 828;7;0;2;8;5;1
202100051389;109 826;7;4;0;3;13;1
202100051390;109 824;7;0;2;2;2;1
202100051390;109 825;7;0;2;6;2;1
202100051391;109 822;7;0;2;4;20;1
202100051391;109 823;7;0;2;2;1;1
202100051392;109 820;7;0;2;7;1;1
202100051392;109 821;7;0;2;2;15;1
202100051393;109 819;7;0;1;1;1;1
202100051394;109 818;7;0;1;2;1;1
202100051395;109 816;7;0;2;2;9;1
202100051395;109 817;7;0;2;5;1;1
202100051396;109 814;10;0;2;1;5;1
202100051396;109 815;7;0;2;1;1;1
202100051397;109 812;7;0;2;7;15;1
202100051397;109 813;33;0;2;1;1;1
202100051398;109 811;7;11;0;1;13;1
202100051399;109 810;80;12;0;7;1;3
202100051400;109 809;7;0;1;2;9;1
202100051401;109 807;1;0;9;1;26;5
202100051401;109 808;30;0;9;1;26;1
202100051402;109 806;7;13;0;0;1;1
202100051403;109 805;7;0;1;2;16;1
202100051404;109 803;31;0;2;1;1;1
202100051404;109 804;7;0;2;8;15;1
202100051405;109 801;7;0;2;6;1;1
202100051405;109 802;2;0;2;1;1;1
202100051406;109 799;7;0;2;4;1;1
202100051406;109 800;10;0;2;1;1;1
202100051407;109 797;7;0;2;5;15;1
202100051407;109 798;10;0;2;2;1;1
202100051408;109 795;7;0;2;8;19;1
202100051408;109 796;7;0;2;1;1;1
202100051409;109 794;7;0;0;0;26;1
202100051410;109 793;1;0;1;1;1;5
202100051411;109 791;7;0;2;1;1;1
202100051411;109 792;7;0;2;3;20;1
202100051412;109 790;7;9;0;3;1;1
202100051413;109 789;7;2;0;3;25;1
202100051414;109 787;7;0;2;7;1;1
202100051414;109 788;7;0;2;1;1;1
202100051415;109 785;7;0;2;4;1;1
202100051415;109 786;7;0;2;4;23;1
202100051416;109 784;7;13;0;3;13;1
202100051417;109 783;7;0;1;1;1;1
202100051418;109 782;2;12;0;7;1;1
202100051419;109 780;7;0;2;8;15;1
202100051419;109 781;7;8;2;1;0;1
202100051420;109 778;33;0;2;1;1;1
202100051420;109 779;7;0;2;8;26;1
202100051421;109 776;1;0;2;1;1;5
202100051421;109 777;7;0;2;3;15;0
202100051422;109 774;80;0;2;7;1;3
202100051422;109 775;7;0;2;1;16;1
202100051423;109 773;32;0;0;8;2;1
202100051424;109 772;7;0;1;5;23;1
202100051425;109 771;7;1;0;1;13;1
202100051426;109 770;7;0;1;3;1;1
202100051427;109 769;30;16;0;8;1;1
202100051428;109 767;1;0;2;7;1;5
202100051428;109 768;7;0;9;8;1;1
202100051429;109 766;7;0;1;2;1;1
202100051430;109 765;7;1;0;1;1;1
202100051431;109 764;7;0;1;3;1;3
202100051432;109 762;7;0;2;1;1;1
202100051432;109 763;33;0;2;7;5;1
202100051433;109 761;17;13;0;7;1;1
202100051434;109 760;10;0;1;1;1;1
202100051435;109 758;7;0;2;4;23;1
202100051435;109 759;3;0;2;1;1;1
202100051436;109 756;7;0;2;1;1;1
202100051436;109 757;7;0;2;1;9;1
202100051437;109 754;7;0;2;3;15;1
202100051437;109 755;2;0;2;3;1;1
202100051438;109 753;7;0;1;1;1;1
202100051439;109 752;33;0;0;6;1;1
202100051440;109 751;7;13;0;0;0;1
202100051441;109 749;33;0;2;7;12;1
202100051441;109 750;7;0;2;6;23;1
202100051442;109 747;7;0;2;7;15;1
202100051442;109 748;32;0;2;1;19;1
202100051443;109 743;7;0;9;1;1;1
202100051443;109 744;1;0;2;1;0;0
202100051444;109 741;7;0;2;8;1;1
202100051444;109 742;15;0;2;2;9;1
202100051445;109 740;20;0;1;3;26;1
202100051446;109 738;10;0;2;1;2;1
202100051446;109 739;7;0;2;4;2;1
202100051447;109 736;34;0;2;1;3;1
202100051447;109 737;7;0;2;4;12;1
202100051448;109 732;7;0;2;4;2;1
202100051448;109 733;7;0;2;4;0;1
202100051448;109 734;7;0;2;4;2;1
202100051448;109 735;7;0;2;1;2;1
202100051449;109 731;10;0;1;1;14;3
202100051450;109 730;50;0;1;1;1;3
202100051451;109 728;1;0;2;0;21;5
202100051451;109 729;7;0;2;0;15;1
202100051452;109 726;7;0;2;0;16;1
202100051452;109 727;30;0;2;0;1;1
202100051453;109 725;43;0;0;0;21;1
202100051454;109 724;7;8;1;1;13;3
202100051455;109 722;7;0;2;2;1;1
202100051455;109 723;33;0;2;1;1;1
202100051456;109 721;34;0;0;7;23;1
202100051457;109 720;7;1;0;1;1;1
202100051458;109 718;7;0;2;1;1;2
202100051458;109 719;33;0;2;7;0;1
202100051459;109 717;7;1;1;2;17;1
202100051460;109 716;7;0;1;3;15;1
202100051461;109 714;7;1;2;1;1;1
202100051461;109 715;14;0;2;5;1;1
202100051462;109 712;10;0;2;3;1;1
202100051462;109 713;2;0;2;1;15;1
202100051463;109 711;32;7;0;2;2;1
202100051464;109 710;7;6;0;3;13;1
202100051465;109 708;7;0;9;7;1;1
202100051465;109 709;50;0;2;3;0;3
202100051466;109 706;2;0;0;6;1;1
202100051466;109 707;0;0;2;2;2;0
202100051467;109 704;7;0;0;8;1;1
202100051467;109 705;30;0;2;1;6;1
202100051468;109 702;7;0;2;3;1;1
202100051468;109 703;7;0;2;3;1;1
202100051469;109 700;7;6;2;3;1;1
202100051469;109 701;7;0;0;7;15;1
202100051470;109 698;7;0;0;1;1;1
202100051470;109 699;7;0;2;1;1;1
202100051471;109 697;36;13;0;1;14;1
202100051472;109 696;2;0;0;1;0;1
202100051473;109 695;1;0;0;0;0;5
202100051474;109 694;7;1;0;1;1;1
202100051475;109 693;7;13;0;3;1;1
202100051476;109 691;7;16;0;1;1;1
202100051477;109 690;17;16;0;2;1;1
202100051478;109 689;33;7;0;0;1;1
202100051479;109 688;7;3;0;3;17;1
202100051480;109 686;1;0;2;4;2;0
202100051480;109 687;7;4;2;1;1;1
202100051481;109 685;10;0;1;3;1;1
202100051482;109 683;17;1;0;2;0;1
202100051482;109 684;7;0;0;6;23;1
202100051483;109 681;30;0;2;1;3;1
202100051483;109 682;7;0;2;3;15;1
202100051484;109 680;7;2;0;9;21;1
202100051485;109 675;7;0;2;3;1;1
202100051485;109 676;7;0;2;2;1;1
202100051485;109 677;7;0;2;6;1;1
202100051485;109 678;7;4;0;3;13;1
202100051485;109 679;7;0;2;2;14;0
202100051486;109 673;32;0;2;4;1;1
202100051486;109 674;7;0;0;1;1;1
202100051487;109 671;7;0;2;1;13;1
202100051487;109 672;10;0;2;1;1;1
202100051488;109 670;7;0;1;2;1;1
202100051489;109 668;10;0;2;7;1;6
202100051489;109 669;38;0;2;3;1;1
202100051490;109 667;2;0;0;9;26;1
202100051491;109 666;7;15;0;1;13;1
202100051492;109 665;7;0;1;3;1;1
202100051493;109 664;7;0;1;3;1;1
202100051494;109 663;1;2;0;1;11;5
202100051495;109 661;33;0;2;1;1;1
202100051495;109 662;7;0;2;5;15;1
202100051496;109 659;7;0;0;4;23;1
202100051496;109 660;7;0;0;1;2;1
202100051497;109 655;7;6;0;2;1;1
202100051498;109 654;7;3;0;3;0;1
202100051499;109 645;7;0;2;0;0;1
202100051499;109 646;10;0;0;0;0;1
202100051499;109 647;7;0;0;0;0;1