Num_Acc;id_vehicule;categorie_vehicule;obstacle_fixe;obstacle_mobile;point_choc_initial;manoeuvre_principale;motorisation
202100051499;109 648;7;0;2;4;0;1
202100051499;109 649;7;3;0;0;0;1
202100051499;109 650;10;0;2;1;1;1
202100051500;109 643;7;1;0;1;2;1
202100051500;109 644;7;0;2;4;2;1
202100051501;109 641;32;4;2;2;1;1
202100051501;109 642;10;0;2;3;13;1
202100051502;109 639;20;0;9;4;23;1
202100051502;109 640;50;0;2;1;2;3
202100051503;109 636;7;14;0;4;0;1
202100051503;109 637;7;0;2;1;1;1
202100051503;109 638;7;14;0;1;1;1
202100051504;109 634;7;0;2;3;13;1
202100051504;109 635;33;0;2;1;1;1
202100051505;109 632;10;0;2;8;13;1
202100051505;109 633;10;0;2;3;23;2
202100051506;109 629;30;0;2;7;2;1
202100051506;109 630;37;0;2;3;15;1
202100051507;109 627;7;0;2;2;1;2
202100051507;109 628;7;0;2;3;19;1
202100051508;109 626;7;0;1;1;1;1
202100051509;109 624;7;0;2;1;2;1
202100051509;109 625;7;0;2;4;2;1
202100051510;109 622;7;0;2;2;1;1
202100051510;109 623;7;8;2;3;13;1
202100051511;109 621;30;0;1;1;17;1
202100051512;109 620;7;8;0;8;0;1
202100051513;109 618;7;0;2;5;15;1
202100051513;109 619;33;0;2;1;1;1
202100051514;109 616;2;0;2;1;1;1
202100051514;109 617;1;0;2;1;1;0
202100051515;109 614;7;0;2;2;1;1
202100051515;109 615;3;0;2;8;9;1
202100051516;109 612;31;0;2;1;2;1
202100051516;109 613;7;0;2;3;19;1
202100051517;109 609;1;0;2;1;1;5
202100051517;109 610;7;0;2;1;15;1
202100051517;109 611;7;0;2;3;1;1
202100051518;109 607;7;0;2;1;1;1
202100051518;109 608;7;0;2;1;1;1
202100051519;109 605;1;0;2;1;15;5
202100051519;109 606;30;0;2;1;1;1
202100051520;109 603;10;0;2;5;15;1
202100051520;109 604;2;0;2;1;1;1
202100051521;109 601;7;0;2;3;1;2
202100051521;109 602;1;0;2;1;5;5
202100051522;109 600;10;2;0;1;1;1
202100051523;109 598;31;0;2;1;1;0
202100051523;109 599;33;6;0;8;1;1
202100051524;109 596;33;0;2;3;21;0
202100051524;109 597;99;0;2;2;14;0
202100051525;109 594;7;0;0;4;23;1
202100051525;109 595;0;0;0;0;0;0
202100051526;109 592;7;0;2;7;1;1
202100051526;109 593;37;0;2;1;1;2
202100051527;109 590;32;0;2;1;15;1
202100051527;109 591;7;0;2;5;1;1
202100051528;109 589;7;6;0;1;14;1
202100051529;109 588;33;0;9;0;1;1
202100051530;109 587;7;13;0;9;1;1
202100051531;109 586;7;0;6;2;21;1
202100051532;109 583;7;0;0;4;1;1
202100051532;109 584;7;0;2;1;2;1
202100051532;109 585;7;0;2;1;2;1
202100051533;109 581;10;0;2;6;4;1
202100051533;109 582;33;0;2;8;21;1
202100051534;109 580;33;0;0;8;1;1
202100051535;109 579;7;15;0;0;1;1
202100051536;109 577;33;0;2;8;5;1
202100051536;109 578;31;0;2;3;3;1
202100051537;109 575;7;0;2;1;1;1
202100051537;109 576;7;0;2;1;13;1
202100051538;109 573;17;0;2;6;1;1
202100051538;109 574;7;0;2;3;1;1
202100051539;109 571;7;0;2;1;1;1
202100051539;109 572;7;0;2;1;13;1
202100051540;109 568;7;0;2;6;15;1
202100051540;109 569;10;0;2;1;17;1
202100051540;109 570;7;0;2;3;1;1
202100051541;109 566;7;0;2;8;6;0
202100051541;109 567;33;0;2;1;1;1
202100051542;109 565;7;12;0;1;1;1
202100051543;109 564;7;13;0;2;1;1
202100051544;109 563;7;2;0;1;1;1
202100051545;109 562;7;8;0;3;13;1
202100051546;109 561;7;6;0;8;0;0
202100051547;109 559;10;0;2;1;1;1
202100051547;109 560;7;13;0;2;1;1
202100051548;109 556;7;0;2;1;1;1
202100051548;109 557;7;0;2;3;1;1
202100051548;109 558;10;0;2;1;13;1
202100051549;109 555;7;10;0;3;1;1
202100051550;109 553;14;0;0;6;2;1
202100051550;109 554;7;0;2;1;2;1
202100051551;109 551;7;0;2;1;2;1
202100051551;109 552;7;0;2;4;2;1
202100051552;109 548;7;4;0;1;1;1
202100051552;109 549;7;0;0;4;23;1
202100051552;109 550;7;1;0;1;2;1
202100051553;109 546;10;0;2;2;1;1
202100051553;109 547;33;0;2;0;1;1
202100051554;109 543;7;0;2;3;1;1
202100051554;109 544;21;0;2;6;1;0
202100051554;109 545;7;0;2;1;13;1
202100051555;109 542;33;2;0;1;13;1
202100051556;109 540;1;0;2;6;1;5
202100051556;109 541;7;0;2;7;1;0
202100051557;109 539;2;0;0;7;1;1
202100051558;109 536;7;0;2;3;0;1
202100051558;109 537;7;0;2;3;17;1
202100051558;109 538;15;0;0;8;1;1
202100051559;109 534;33;0;9;0;2;1
202100051559;109 535;0;0;2;;1;
202100051560;109 533;7;13;0;1;11;1
202100051561;109 532;7;3;0;1;11;1
202100051562;109 529;7;0;2;1;1;1
202100051562;109 530;7;0;2;4;2;1
202100051562;109 531;7;0;2;4;2;1
202100051563;109 526;10;0;2;5;12;1
202100051563;109 527;7;0;2;8;1;1
202100051563;109 528;43;0;2;1;3;1
202100051564;109 525;7;13;0;1;14;1
202100051565;109 524;7;0;1;3;9;1
202100051566;109 523;7;0;1;1;1;1
202100051567;109 521;2;0;2;1;1;3
202100051567;109 522;7;0;2;0;1;0
202100051568;109 520;7;6;0;2;1;1
202100051569;109 519;7;0;1;7;19;1
202100051570;109 517;7;0;2;1;2;0
202100051570;109 518;7;0;2;1;11;0
202100051571;109 516;7;0;1;3;1;1
202100051572;109 515;7;6;0;1;26;1
202100051573;109 511;7;0;2;1;9;1
202100051573;109 512;7;0;2;1;1;1
202100051574;109 509;7;0;2;1;10;1
202100051574;109 510;7;0;2;7;21;1
202100051575;109 507;7;0;2;1;2;1
202100051575;109 508;7;0;2;4;2;1
202100051576;109 504;7;0;0;6;1;1
202100051576;109 505;30;0;2;1;1;1
202100051576;109 506;30;0;2;1;1;1
202100051577;109 502;7;0;2;1;1;1
202100051577;109 503;7;0;2;8;1;1
202100051578;109 500;7;0;2;2;15;2
202100051578;109 501;7;0;2;3;1;1
202100051579;109 497;7;0;2;1;1;1
202100051579;109 498;7;0;2;4;1;1
202100051579;109 499;7;0;2;4;1;1
202100051580;109 495;7;0;2;6;19;1
202100051580;109 496;10;0;2;1;1;1
202100051581;109 494;30;0;1;7;2;0
202100051582;109 493;2;6;0;1;14;1
202100051583;109 491;7;0;2;3;15;1
202100051583;109 492;33;0;2;1;2;1
202100051584;109 490;37;4;0;1;1;1
202100051585;109 486;2;0;2;8;26;1
202100051585;109 487;7;0;2;1;16;0
202100051586;109 485;7;3;0;3;1;1
202100051587;109 483;7;0;2;3;9;1
202100051587;109 484;31;0;2;1;3;1
202100051588;109 481;7;0;2;2;1;1
202100051588;109 482;30;0;2;1;9;1
202100051589;109 479;30;0;2;2;1;1
202100051589;109 480;7;0;2;0;0;0
202100051590;109 477;7;0;2;1;26;1
202100051590;109 478;32;0;2;1;26;1
202100051591;109 475;7;0;2;0;1;1
202100051591;109 476;30;1;2;2;17;1
202100051592;109 473;2;0;2;2;17;3
202100051592;109 474;7;0;2;3;15;1
202100051593;109 472;7;0;1;1;1;1
202100051594;109 470;7;0;2;3;22;1
202100051594;109 471;1;0;2;1;1;5
202100051595;109 468;10;0;2;5;15;1
202100051595;109 469;50;0;2;5;7;3
202100051596;109 466;7;0;2;7;16;1
202100051596;109 467;33;0;2;1;18;1
202100051597;109 465;31;0;0;0;26;1
202100051598;109 463;1;0;2;2;1;5
202100051598;109 464;7;0;2;3;1;2
202100051599;109 461;7;0;2;2;2;1
202100051599;109 462;50;0;2;1;25;3
202100051600;109 459;7;0;2;3;1;1
202100051600;109 460;7;0;2;8;1;1
202100051601;109 458;34;0;0;8;1;0
202100051602;109 454;10;0;2;1;2;1
202100051602;109 455;7;0;2;4;2;1
202100051602;109 456;7;0;2;4;2;1
202100051602;109 457;7;0;2;4;2;1
202100051603;109 451;3;0;2;5;1;1
202100051603;109 452;7;0;2;4;0;1
202100051603;109 453;7;0;2;1;1;1
202100051604;109 450;7;0;1;1;21;1
202100051605;109 448;7;0;2;8;19;1
202100051605;109 449;30;0;2;7;21;1
202100051606;109 446;7;0;2;2;2;1
202100051606;109 447;10;0;2;6;15;1
202100051607;109 443;7;0;2;4;2;1
202100051607;109 444;7;0;2;4;2;1
202100051607;109 445;7;0;2;1;2;1
202100051608;109 440;10;0;2;4;2;1
202100051608;109 441;7;0;2;1;2;1
202100051608;109 442;7;0;2;1;2;1
202100051609;109 439;30;9;0;3;13;1
202100051610;109 437;7;9;2;2;1;1
202100051610;109 438;7;0;2;3;1;1
202100051611;109 435;1;0;2;4;1;5
202100051611;109 436;3;0;9;2;17;1
202100051612;109 434;7;6;0;3;1;1
202100051613;109 433;32;0;1;1;1;1
202100051614;109 432;7;8;0;2;1;1
202100051615;109 431;7;9;0;1;1;1
202100051616;109 430;7;0;0;9;13;1
202100051617;109 427;7;2;0;1;1;0
202100051618;109 426;7;8;0;1;1;1
202100051619;109 425;7;6;0;1;1;1
202100051620;109 423;7;0;2;2;1;1
202100051620;109 424;10;0;2;3;9;1
202100051621;109 422;7;8;0;1;1;1
202100051622;109 420;7;0;2;6;15;1
202100051622;109 421;33;0;2;2;2;1
202100051623;109 418;7;1;1;8;20;1
202100051624;109 417;33;0;0;0;13;1
202100051625;109 415;33;0;2;1;18;1
202100051625;109 416;7;0;2;7;16;1
202100051626;109 411;7;13;0;1;1;1
202100051627;109 409;7;13;0;3;1;1
202100051627;109 410;7;0;0;1;19;1
202100051628;109 408;33;7;0;0;1;1
202100051629;109 406;7;0;2;1;1;1
202100051629;109 407;7;0;2;4;15;1
202100051630;109 405;7;2;0;1;1;1
202100051631;109 404;99;0;0;0;1;1
202100051632;109 402;10;0;2;3;1;1
202100051632;109 403;7;0;2;3;1;1
202100051633;109 401;33;0;0;0;1;1
202100051634;109 400;7;4;0;1;1;1
202100051635;109 398;7;0;2;1;2;1
202100051635;109 399;7;0;2;4;2;1
202100051636;109 394;7;0;2;4;1;1
202100051636;109 395;7;0;2;1;1;1
202100051636;109 396;7;0;2;4;1;1
202100051636;109 397;7;0;2;4;1;1
202100051637;109 392;7;0;2;1;2;1
202100051637;109 393;10;0;2;4;2;1
202100051638;109 388;10;0;2;4;2;1
202100051638;109 389;7;0;2;4;1;1
202100051638;109 390;7;0;2;4;2;1
202100051638;109 391;7;0;2;1;2;1
202100051639;109 386;7;0;2;2;1;1
202100051639;109 387;7;0;2;3;1;1
202100051640;109 382;7;0;2;1;2;1
202100051640;109 383;10;0;2;1;2;1
202100051640;109 384;7;0;2;4;2;1
202100051640;109 385;7;0;2;4;2;1
202100051641;109 381;30;0;1;1;1;1
202100051642;109 380;33;8;0;2;26;1
202100051643;109 378;10;0;2;3;15;1
202100051643;109 379;7;14;2;6;19;1
202100051644;109 376;10;0;2;1;1;1
202100051644;109 377;10;0;2;7;1;1
202100051645;109 374;7;0;2;8;11;1
202100051645;109 375;30;0;2;7;1;1
202100051646;109 373;7;0;1;1;1;1
202100051647;109 372;7;0;1;1;15;0
202100051648;109 370;7;0;2;3;13;1
202100051648;109 371;7;0;2;3;1;1
202100051649;109 368;7;1;2;3;13;1
202100051649;109 369;7;0;2;6;1;1
202100051650;109 366;2;0;2;1;17;1
202100051650;109 367;7;0;2;8;15;1
202100051651;109 364;37;0;2;7;14;1
202100051651;109 365;50;0;2;8;1;3
202100051652;109 363;10;0;1;4;4;1
202100051653;109 362;37;0;1;1;1;1
202100051654;109 361;7;0;1;1;26;1
202100051655;109 359;7;0;2;6;1;1
202100051655;109 360;7;0;2;5;1;1
202100051656;109 357;1;0;2;4;0;5
202100051656;109 358;7;0;2;0;26;1
202100051657;109 356;7;2;0;3;13;1
202100051658;109 354;10;0;2;4;1;0
202100051658;109 355;7;0;2;1;2;1
202100051659;109 352;7;0;2;3;9;1
202100051659;109 353;2;0;2;1;1;1
202100051660;109 350;7;0;2;3;4;1
202100051660;109 351;33;0;0;3;21;1
202100051661;109 349;33;0;1;7;1;1
202100051662;109 347;7;0;2;0;1;1
202100051662;109 348;50;0;2;4;11;3
202100051663;109 345;1;0;2;8;18;5
202100051663;109 346;14;0;9;7;1;1
202100051664;109 344;7;0;1;1;1;1
202100051665;109 342;33;0;2;3;2;1
202100051665;109 343;10;0;2;5;2;1
202100051666;109 340;32;0;2;5;1;1
202100051666;109 341;7;0;2;3;26;1
202100051667;109 338;30;0;2;2;17;1
202100051667;109 339;7;0;2;3;15;1
202100051668;109 337;7;0;1;2;1;1
202100051669;109 336;7;0;1;1;26;1
202100051670;109 334;7;0;2;1;2;1
202100051670;109 335;7;5;0;4;2;1
202100051671;109 333;10;0;1;1;1;1
202100051672;109 331;50;0;2;1;25;3
202100051672;109 332;7;0;2;3;26;1
202100051673;109 330;1;0;0;0;1;5
202100051674;109 328;7;0;2;4;0;2
202100051674;109 329;7;0;2;1;1;1
202100051675;109 326;10;0;2;1;1;1
202100051675;109 327;7;0;2;4;2;1
202100051676;109 325;7;0;1;1;1;1
202100051677;109 324;7;0;1;1;15;1
202100051678;109 322;7;0;2;1;15;1
202100051678;109 323;33;0;2;1;17;1
202100051679;109 320;10;0;2;8;17;1
202100051679;109 321;1;0;2;1;1;0
202100051680;109 318;7;0;2;8;1;2
202100051680;109 319;7;0;2;1;1;1
202100051681;109 316;7;0;2;1;1;1
202100051681;109 317;7;0;2;1;19;1
202100051682;109 315;7;0;1;1;16;1
202100051683;109 313;7;0;2;1;1;1
202100051683;109 314;7;0;2;4;1;1
202100051684;109 311;10;0;2;4;1;1
202100051684;109 312;30;0;2;1;17;1
202100051685;109 309;7;0;2;6;2;1
202100051685;109 310;0;0;2;0;0;0
202100051686;109 306;7;0;2;5;15;1
202100051686;109 307;7;0;2;3;1;1
202100051686;109 308;33;0;2;1;1;1
202100051687;109 304;7;0;2;1;19;1
202100051687;109 305;7;0;2;2;1;1
202100051688;109 303;40;0;1;2;1;3
202100051689;109 300;30;0;0;8;15;1
202100051690;109 299;0;0;1;1;1;0
202100051691;109 297;7;0;2;1;19;0
202100051691;109 298;7;0;2;0;0;0
202100051692;109 294;7;0;2;4;2;1
202100051692;109 295;7;0;2;4;2;1
202100051692;109 296;7;0;2;1;2;1
202100051693;109 292;7;0;2;7;10;1
202100051693;109 293;7;0;2;1;2;1
202100051694;109 290;7;0;2;1;1;1
202100051694;109 291;7;0;2;4;1;1
202100051695;109 288;7;0;2;3;13;1
202100051695;109 289;17;0;0;0;0;1
202100051696;109 286;7;0;2;2;17;1
202100051696;109 287;1;0;2;8;15;5
202100051697;109 284;7;0;2;6;9;1
202100051697;109 285;30;0;2;7;1;1
202100051698;109 282;7;0;2;6;2;1
202100051698;109 283;7;0;2;2;2;1
202100051699;109 281;32;0;1;1;1;1
202100051700;109 279;32;0;2;2;13;1
202100051700;109 280;7;0;2;8;15;1
202100051701;109 277;33;0;2;2;11;1
202100051701;109 278;7;0;2;8;11;1
202100051702;109 275;7;0;2;1;15;1
202100051702;109 276;31;0;2;1;1;1
202100051703;109 273;7;0;2;8;19;1
202100051703;109 274;33;0;2;1;1;1
202100051704;109 272;32;0;1;1;26;1
202100051705;109 270;33;0;2;4;23;1
202100051705;109 271;10;0;2;1;2;1
202100051706;109 268;7;0;2;5;14;1
202100051706;109 269;1;0;2;1;1;5
202100051707;109 267;7;0;1;6;15;2
202100051708;109 265;7;0;2;8;11;1
202100051708;109 266;33;0;2;7;1;1
202100051709;109 263;10;0;2;8;22;0
202100051709;109 264;80;0;2;1;1;3
202100051710;109 261;7;0;2;4;23;2
202100051710;109 262;2;0;2;1;2;1
202100051711;109 259;1;0;2;1;1;5
202100051711;109 260;7;0;2;3;1;1
202100051712;109 257;7;0;2;7;16;1
202100051712;109 258;33;0;2;3;1;1
202100051713;109 256;7;0;2;3;1;1
202100051714;109 254;33;0;2;1;1;1
202100051714;109 255;7;0;2;3;10;1
202100051715;109 252;7;0;2;1;1;1
202100051715;109 253;7;0;2;8;0;1
202100051716;109 250;7;0;2;1;1;1
202100051716;109 251;7;0;2;4;1;1
202100051717;109 248;1;0;2;8;1;5
202100051717;109 249;7;0;2;2;15;3
202100051718;109 247;7;0;1;2;1;1
202100051719;109 245;10;0;2;2;15;1
202100051719;109 246;7;0;2;3;2;1
202100051720;109 243;7;0;2;1;16;1
202100051720;109 244;37;0;2;3;15;1
202100051721;109 241;7;0;2;3;17;1
202100051721;109 242;7;0;2;3;0;1
202100051722;109 239;7;0;2;1;1;0
202100051722;109 240;7;0;2;4;1;1
202100051723;109 237;7;0;2;2;2;1
202100051723;109 238;2;0;2;3;18;1
202100051724;109 236;10;0;1;3;15;1
202100051725;109 234;15;0;2;0;16;1
202100051725;109 235;1;0;2;2;1;6
202100051726;109 232;10;0;2;1;1;0
202100051726;109 233;7;0;2;4;23;1
202100051727;109 231;7;0;1;3;1;1
202100051728;109 229;7;1;0;5;4;1
202100051728;109 230;32;0;2;1;1;1
202100051729;109 227;7;0;2;2;15;1
202100051729;109 228;7;0;2;2;1;1
202100051730;109 226;7;1;0;4;2;1
202100051731;109 225;7;0;1;2;1;1
202100051732;109 224;1;0;0;0;1;5
202100051733;109 222;7;0;2;1;1;1
202100051733;109 223;7;0;2;3;1;1
202100051734;109 221;7;13;0;0;17;1
202100051735;109 217;7;0;2;1;13;1
202100051735;109 218;7;0;2;1;1;1
202100051735;109 219;7;0;2;2;13;1
202100051735;109 220;7;0;2;6;1;1
202100051736;109 215;7;0;9;3;5;1
202100051736;109 216;80;0;2;1;1;3
202100051737;109 214;7;4;0;1;26;1
202100051738;109 212;10;0;2;1;17;1
202100051738;109 213;17;0;2;6;1;1
202100051739;109 211;7;6;0;7;0;1
202100051740;109 210;7;6;0;1;1;1
202100051741;109 209;7;6;0;1;15;1
202100051742;109 208;7;2;0;3;1;1
202100051743;109 207;7;2;0;1;14;1
202100051744;109 203;7;0;2;7;11;1
202100051744;109 204;2;0;2;1;1;1
202100051745;109 202;7;8;1;2;13;1
202100051746;109 201;7;2;0;1;1;1
202100051747;109 200;7;3;0;3;1;1
202100051748;109 199;10;0;1;2;1;1
202100051749;109 198;10;2;0;2;1;1
202100051750;109 197;7;2;0;1;14;1
202100051751;109 195;7;0;2;2;15;1
202100051751;109 196;2;0;2;1;1;1
202100051752;109 194;2;2;0;1;0;1
202100051753;109 193;7;2;0;1;1;1
202100051754;109 191;15;0;2;1;2;1
202100051754;109 192;10;0;2;4;2;1
202100051755;109 190;7;8;0;7;13;1
202100051756;109 189;7;13;0;2;1;1
202100051757;109 187;7;0;2;1;1;1
202100051757;109 188;33;0;2;1;17;1
202100051758;109 186;30;17;0;4;14;1
202100051759;109 184;10;0;2;1;13;1
202100051759;109 185;7;0;2;1;21;1
202100051760;109 182;14;0;0;4;2;1
202100051760;109 183;7;0;2;1;2;1
202100051761;109 180;7;1;1;2;1;1
202100051761;109 181;7;0;0;6;24;1
202100051762;109 179;31;14;0;1;6;1
202100051763;109 177;7;0;9;3;20;1
202100051763;109 178;80;0;2;2;1;3
202100051764;109 175;7;0;2;1;13;1
202100051764;109 176;7;0;2;1;1;1
202100051765;109 171;17;0;2;3;13;1
202100051765;109 172;7;0;2;3;13;1
202100051766;109 169;7;0;2;0;0;1
202100051766;109 170;7;0;2;1;2;1
202100051767;109 167;7;0;2;5;1;1
202100051767;109 168;7;0;2;1;1;1
202100051768;109 165;10;0;2;8;13;0
202100051768;109 166;7;0;2;7;1;1
202100051769;109 163;15;0;2;2;12;1
202100051769;109 164;7;0;2;8;18;1
202100051770;109 161;10;0;2;4;2;1
202100051770;109 162;7;0;2;1;2;1
202100051771;109 159;31;0;2;8;15;1
202100051771;109 160;7;0;2;2;1;1
202100051772;109 158;7;0;1;1;26;1
202100051773;109 155;99;0;2;1;1;1
202100051773;109 156;7;0;2;4;23;1
202100051773;109 157;15;0;2;6;23;1
202100051774;109 153;30;0;2;3;1;1
202100051774;109 154;7;0;2;3;11;1
202100051775;109 150;7;0;2;3;26;1
202100051775;109 151;7;0;2;1;15;1
202100051775;109 152;7;0;2;3;0;1
202100051776;109 148;7;0;2;7;1;1
202100051776;109 149;7;0;2;1;16;1
202100051777;109 146;7;0;2;3;1;1
202100051777;109 147;7;0;2;2;15;1
202100051778;109 145;7;0;1;3;1;1
202100051779;109 144;7;0;1;3;1;1
202100051780;109 142;7;0;2;6;19;1
202100051780;109 143;7;0;2;1;1;1
202100051781;109 140;43;0;2;4;2;1
202100051781;109 141;7;0;2;3;1;1
202100051782;109 138;7;0;2;9;1;1
202100051782;109 139;7;0;2;2;14;1
202100051783;109 136;10;0;2;1;2;1
202100051783;109 137;7;0;2;4;1;1
202100051784;109 135;7;0;9;1;15;1
202100051785;109 134;30;14;0;1;26;1
202100051786;109 132;7;0;2;1;1;1
202100051786;109 133;7;0;2;4;1;1
202100051787;109 130;7;0;2;1;9;1
202100051787;109 131;7;0;2;2;15;1
202100051788;109 128;7;0;2;1;1;1
202100051788;109 129;80;0;2;8;19;3
202100051789;109 126;7;0;1;1;1;1
202100051790;109 125;7;2;0;1;1;1
202100051791;109 123;7;0;2;5;1;1
202100051791;109 124;30;0;2;8;13;1
202100051792;109 121;7;0;1;1;16;1
202100051793;109 119;7;0;2;1;13;1
202100051793;109 120;7;0;2;1;1;1
202100051794;109 118;7;0;0;9;1;1
202100051795;109 117;17;0;1;0;1;1
202100051796;109 115;7;0;2;3;15;1
202100051796;109 116;7;0;2;3;0;1
202100051797;109 113;7;0;2;8;15;1
202100051797;109 114;7;0;2;1;1;1
202100051798;109 111;7;0;2;4;23;1
202100051798;109 112;7;0;2;1;2;1
202100051799;109 109;7;1;2;1;1;1
202100051799;109 110;7;0;2;1;26;1
202100051800;109 108;33;0;1;1;17;1
202100051801;109 106;7;0;2;6;15;1
202100051801;109 107;7;0;2;1;2;1
202100051802;109 103;17;16;0;3;1;1
202100051802;109 104;7;16;0;1;17;1
202100051803;109 102;7;4;0;2;26;1
202100051804;109 100;7;0;2;1;2;0
202100051804;109 101;80;0;2;4;2;3
202100051805;109 098;7;0;2;1;2;1
202100051805;109 099;7;0;2;4;2;1
202100051806;109 097;7;0;1;1;1;1
202100051807;109 095;32;0;2;5;1;1
202100051807;109 096;7;0;2;1;19;1
202100051808;109 094;7;0;1;0;0;1
202100051809;109 093;1;1;0;1;1;6
202100051810;109 091;32;0;2;2;3;1
202100051810;109 092;33;0;2;4;23;1
202100051811;109 089;7;0;2;1;2;1
202100051811;109 090;7;0;2;4;23;1
202100051812;109 088;99;0;1;6;19;0
202100051813;109 086;7;0;2;1;1;1
202100051813;109 087;7;0;2;3;15;1
202100051814;109 085;7;0;1;1;0;1
202100051815;109 083;14;0;2;6;23;1
202100051815;109 084;10;1;2;2;1;1
202100051816;109 081;30;0;2;1;1;1
202100051816;109 082;10;0;2;4;1;1
202100051817;109 079;7;0;2;2;21;1
202100051817;109 080;7;0;2;1;0;1
202100051818;109 077;33;0;2;2;9;1
202100051818;109 078;15;0;2;6;1;1
202100051819;109 076;43;0;0;0;21;1
202100051820;109 075;2;0;0;0;1;3
202100051821;109 073;7;0;2;7;2;3
202100051821;109 074;32;0;2;8;2;1
202100051822;109 072;7;1;1;1;1;1
202100051823;109 071;7;0;1;8;1;1
202100051824;109 069;14;0;2;1;2;1
202100051824;109 070;7;0;2;4;23;1
202100051825;109 068;7;0;1;1;1;1
202100051826;109 067;32;0;0;7;14;1
202100051827;109 065;30;0;2;4;23;1
202100051827;109 066;33;1;0;2;1;1
202100051828;109 063;7;1;9;1;17;1
202100051828;109 064;7;1;2;1;1;1
202100051829;109 061;2;0;2;3;26;1
202100051829;109 062;7;0;2;3;26;1
202100051830;109 060;7;0;1;2;1;1
202100051831;109 059;7;0;1;1;19;1
202100051832;109 057;10;0;2;7;22;1
202100051832;109 058;31;0;2;7;18;1
202100051833;109 054;7;0;2;4;1;1
202100051833;109 055;7;0;2;3;1;1
202100051833;109 056;7;0;2;1;1;1
202100051834;109 051;3;0;2;0;0;1
202100051834;109 052;3;0;2;1;0;0
202100051834;109 053;7;0;2;1;2;1
202100051835;109 050;7;0;1;1;15;1
202100051836;109 048;10;0;2;2;9;1
202100051836;109 049;7;0;2;6;9;1
202100051837;109 046;50;0;2;4;1;3
202100051837;109 047;7;0;2;1;2;1
202100051838;109 045;7;3;0;1;13;1
202100051839;109 043;7;0;2;7;11;1
202100051839;109 044;7;0;2;8;2;1
202100051840;109 041;30;0;2;1;13;1
202100051840;109 042;7;0;2;1;1;1
202100051841;109 039;7;0;2;1;15;1
202100051841;109 040;7;0;2;2;1;1
202100051842;109 037;17;0;0;4;1;1
202100051842;109 038;7;0;2;1;1;1
202100051843;109 035;7;0;2;1;1;1
202100051843;109 036;1;0;2;1;1;5
202100051844;109 034;7;0;1;2;16;1
202100051845;109 032;7;0;2;1;1;1
202100051845;109 033;7;0;2;6;16;1
202100051846;109 029;7;0;2;1;1;1
202100051846;109 030;7;0;2;1;1;1
202100051846;109 031;7;0;2;3;26;1
202100051847;109 027;7;8;2;3;1;1
202100051847;109 028;15;6;2;6;1;1
202100051848;109 025;10;0;2;7;15;1
202100051848;109 026;2;0;2;1;1;1
202100051849;109 023;7;0;2;1;1;1
202100051849;109 024;7;0;2;1;13;1
202100051850;109 021;7;0;2;1;1;1
202100051850;109 022;7;5;2;8;1;1
202100051851;109 019;3;0;2;8;1;1
202100051851;109 020;7;0;2;1;19;1
202100051852;109 018;10;0;1;7;1;0
202100051853;109 017;7;3;0;7;1;1
202100051854;109 014;14;0;0;0;19;1
202100051854;109 015;7;0;2;1;21;1
202100051854;109 016;7;0;0;6;23;1
202100051855;109 013;15;0;1;3;1;1
202100051856;109 012;7;0;0;1;1;1
202100051857;109 010;10;0;2;3;1;1
202100051857;109 011;7;0;2;3;1;1
202100051858;109 008;7;0;2;8;14;1
202100051858;109 009;33;0;2;8;17;1
202100051859;109 006;1;0;2;7;19;5
202100051859;109 007;7;0;9;3;1;1
202100051860;109 004;10;0;2;2;15;1
202100051860;109 005;1;0;2;2;14;5
202100051861;109 003;10;2;0;1;2;1
202100051862;109 001;7;13;2;9;5;1
202100051862;109 002;7;0;2;8;1;1
202100051863;108 998;7;0;2;1;1;1
202100051863;108 999;7;0;2;1;1;1
202100051863;109 000;7;0;2;3;1;1
202100051864;108 995;7;0;2;3;13;1
202100051864;108 996;10;0;2;3;1;1
202100051865;108 993;7;0;9;1;15;1
202100051865;108 994;1;0;2;8;1;5
202100051866;108 992;7;6;0;9;1;1
202100051867;108 991;7;5;0;3;9;1
202100051868;108 989;7;0;2;5;2;1
202100051868;108 990;10;0;2;3;2;1
202100051869;108 986;7;0;2;1;2;1
202100051869;108 987;7;0;2;4;2;1
202100051869;108 988;7;0;2;4;2;0
202100051870;108 984;7;0;2;2;2;1
202100051870;108 985;7;0;2;0;1;1
202100051871;108 982;17;0;2;2;12;1
202100051871;108 983;7;0;2;2;1;1
202100051872;108 980;3;0;2;6;11;1
202100051872;108 981;31;0;2;1;1;1
202100051873;108 978;33;0;2;1;1;1
202100051873;108 979;7;0;2;6;15;1
202100051874;108 976;7;0;2;3;1;1
202100051874;108 977;32;0;2;1;15;1
202100051875;108 974;2;0;2;1;1;1
202100051875;108 975;99;0;2;3;15;6
202100051876;108 972;10;0;2;8;15;1
202100051876;108 973;2;0;2;1;1;1
202100051877;108 970;33;0;2;1;2;1
202100051877;108 971;7;0;2;8;15;1
202100051878;108 968;32;0;2;1;1;1
202100051878;108 969;1;0;2;1;15;5
202100051879;108 967;31;0;1;1;5;1
202100051880;108 964;1;0;2;4;26;5
202100051880;108 965;32;1;2;1;1;1
202100051880;108 966;7;1;2;3;0;1
202100051881;108 962;7;0;2;7;1;1
202100051881;108 963;2;0;2;1;26;1
202100051882;108 960;7;0;2;2;1;1
202100051882;108 961;7;4;2;2;1;1
202100051883;108 958;7;0;2;2;1;1
202100051883;108 959;7;0;2;6;11;1
202100051884;108 956;7;0;2;2;15;1
202100051884;108 957;33;0;2;1;1;1
202100051885;108 955;7;0;1;1;15;1
202100051886;108 954;7;0;1;2;1;1