Num_Acc;id_vehicule;categorie_vehicule;obstacle_fixe;obstacle_mobile;point_choc_initial;manoeuvre_principale;motorisation
202100051887;108 953;7;6;0;3;16;1
202100051888;108 952;7;15;0;1;1;1
202100051889;108 951;31;1;0;1;13;1
202100051890;108 949;2;0;2;1;17;1
202100051890;108 950;7;0;2;2;9;1
202100051891;108 948;7;0;1;2;16;0
202100051892;108 946;7;6;2;2;15;1
202100051892;108 947;7;0;2;1;1;1
202100051893;108 944;7;0;2;1;1;1
202100051893;108 945;30;0;2;9;5;1
202100051894;108 942;7;0;2;3;1;1
202100051894;108 943;7;0;2;2;19;1
202100051895;108 941;1;0;0;7;1;5
202100051896;108 939;1;0;2;1;13;5
202100051896;108 940;7;0;2;2;1;1
202100051897;108 937;7;0;2;3;13;1
202100051897;108 938;2;0;2;1;17;1
202100051898;108 936;7;0;1;3;15;1
202100051899;108 935;7;0;1;3;26;1
202100051900;108 933;7;0;2;2;1;1
202100051900;108 934;1;0;2;8;1;0
202100051901;108 931;7;0;1;1;1;1
202100051901;108 932;1;0;2;1;9;5
202100051902;108 929;7;0;9;1;26;1
202100051902;108 930;60;0;0;0;0;5
202100051903;108 925;7;0;2;6;1;1
202100051903;108 926;10;0;0;0;0;1
202100051903;108 927;7;0;2;1;1;1
202100051903;108 928;7;0;2;5;1;1
202100051904;108 923;7;0;2;8;16;1
202100051904;108 924;7;0;2;8;1;1
202100051905;108 921;7;0;2;2;15;1
202100051905;108 922;33;0;2;1;1;1
202100051906;108 919;31;0;2;1;1;1
202100051906;108 920;7;0;2;3;15;1
202100051907;108 917;7;0;2;8;1;1
202100051907;108 918;15;0;2;4;1;1
202100051908;108 915;30;0;2;7;15;1
202100051908;108 916;7;0;2;3;9;1
202100051909;108 914;7;7;0;1;2;1
202100051910;108 912;14;0;2;1;1;1
202100051910;108 913;14;0;2;4;9;1
202100051911;108 910;7;0;2;1;15;1
202100051911;108 911;32;0;2;1;0;1
202100051912;108 909;32;0;1;1;26;1
202100051913;108 907;10;0;2;1;26;1
202100051913;108 908;7;0;2;7;6;1
202100051914;108 906;7;0;1;2;1;1
202100051915;108 905;7;0;1;1;1;1
202100051916;108 904;7;8;0;1;1;1
202100051917;108 902;7;0;2;1;0;1
202100051917;108 903;7;0;2;4;23;1
202100051918;108 901;7;0;1;2;17;1
202100051919;108 899;7;0;9;8;9;1
202100051919;108 900;1;0;2;1;9;5
202100051920;108 898;10;0;1;1;1;1
202100051921;108 896;10;0;2;4;23;1
202100051921;108 897;14;0;2;3;2;6
202100051922;108 894;10;0;2;5;1;1
202100051922;108 895;32;0;2;1;3;1
202100051923;108 893;32;0;0;8;1;1
202100051924;108 891;1;0;2;1;1;5
202100051924;108 892;7;0;2;0;13;1
202100051925;108 890;33;0;0;7;1;1
202100051926;108 889;33;1;0;1;14;1
202100051927;108 887;10;1;2;1;24;1
202100051927;108 888;10;0;2;2;14;1
202100051928;108 885;2;0;2;4;23;1
202100051928;108 886;7;0;2;3;2;1
202100051929;108 884;1;0;1;7;1;5
202100051930;108 882;7;0;2;1;2;1
202100051930;108 883;32;0;2;4;23;1
202100051931;108 881;7;0;1;2;1;1
202100051932;108 880;33;0;0;7;1;1
202100051933;108 878;7;0;2;5;16;1
202100051933;108 879;30;9;2;1;0;1
202100051934;108 876;7;0;2;3;15;3
202100051934;108 877;7;0;2;3;1;1
202100051935;108 873;7;1;2;1;24;1
202100051935;108 874;7;1;2;1;1;1
202100051935;108 875;7;1;2;1;15;1
202100051936;108 871;34;0;2;1;9;1
202100051936;108 872;7;0;2;4;1;1
202100051937;108 870;7;0;1;2;1;1
202100051938;108 867;7;1;1;4;4;0
202100051938;108 868;7;0;2;3;23;0
202100051938;108 869;10;0;2;7;23;0
202100051939;108 865;7;0;2;3;1;1
202100051939;108 866;30;0;2;1;19;0
202100051940;108 864;10;0;1;1;1;1
202100051941;108 862;34;0;2;1;1;1
202100051941;108 863;7;0;2;2;15;1
202100051942;108 860;2;0;2;4;1;1
202100051942;108 861;14;0;2;4;26;0
202100051943;108 858;30;0;0;7;1;1
202100051944;108 856;7;0;2;1;1;1
202100051944;108 857;7;0;0;4;0;1
202100051945;108 854;7;0;2;1;1;1
202100051945;108 855;10;9;2;7;1;1
202100051946;108 853;30;0;0;0;1;1
202100051947;108 851;7;0;2;3;19;1
202100051947;108 852;7;0;2;2;1;1
202100051948;108 850;34;8;0;0;1;1
202100051949;108 848;7;0;0;8;15;1
202100051949;108 849;7;0;2;2;15;1
202100051950;108 846;15;0;2;4;2;1
202100051950;108 847;7;0;2;1;2;1
202100051951;108 845;7;2;0;1;14;1
202100051952;108 843;38;0;2;1;2;0
202100051952;108 844;38;0;0;4;23;0
202100051953;108 841;7;0;2;3;1;1
202100051953;108 842;7;0;2;3;1;1
202100051954;108 839;7;0;2;1;1;1
202100051954;108 840;21;0;2;1;1;1
202100051955;108 838;7;13;0;1;1;1
202100051956;108 836;7;0;2;3;1;1
202100051956;108 837;7;0;2;3;13;1
202100051957;108 834;7;0;0;8;17;0
202100051957;108 835;33;13;0;8;0;1
202100051958;108 833;7;13;0;1;1;1
202100051959;108 831;7;0;2;1;1;1
202100051959;108 832;7;0;2;3;15;1
202100051960;108 829;2;0;2;7;23;1
202100051960;108 830;7;0;2;3;1;1
202100051961;108 827;7;0;2;2;5;3
202100051961;108 828;7;0;2;2;1;1
202100051962;108 825;7;0;2;1;1;1
202100051962;108 826;7;0;2;7;17;1
202100051963;108 823;2;0;2;8;1;0
202100051963;108 824;7;0;2;3;1;1
202100051964;108 822;10;17;0;2;14;1
202100051965;108 820;2;0;2;0;1;1
202100051965;108 821;7;0;2;3;9;1
202100051966;108 819;7;0;1;1;1;1
202100051967;108 817;2;0;2;3;18;1
202100051967;108 818;7;0;2;7;16;1
202100051968;108 816;2;8;0;1;13;1
202100051969;108 814;7;0;2;1;0;1
202100051969;108 815;7;0;2;1;0;1
202100051970;108 813;7;13;0;9;2;1
202100051971;108 811;7;0;2;1;15;1
202100051971;108 812;7;0;2;1;1;1
202100051972;108 807;7;0;2;1;2;1
202100051972;108 808;7;0;2;4;1;1
202100051973;108 804;10;0;2;1;2;1
202100051973;108 805;7;0;2;4;23;1
202100051973;108 806;7;0;2;1;2;1
202100051974;108 802;14;0;2;2;2;1
202100051974;108 803;7;4;2;3;14;1
202100051975;108 800;7;0;2;7;17;1
202100051975;108 801;7;0;2;8;1;1
202100051976;108 798;7;0;2;5;0;1
202100051976;108 799;7;0;2;0;26;1
202100051977;108 797;7;4;0;3;0;1
202100051978;108 795;7;0;2;1;1;1
202100051978;108 796;13;0;2;4;2;1
202100051979;108 794;7;4;0;1;1;1
202100051980;108 792;7;4;0;4;0;1
202100051980;108 793;10;0;2;1;1;1
202100051981;108 791;7;4;0;1;1;1
202100051982;108 790;7;0;1;1;9;1
202100051983;108 788;7;0;2;3;26;1
202100051983;108 789;2;0;2;7;12;1
202100051984;108 787;7;1;0;1;14;1
202100051985;108 785;10;0;2;8;15;1
202100051985;108 786;2;0;2;1;9;1
202100051986;108 784;7;0;1;1;26;1
202100051987;108 782;3;0;2;2;1;1
202100051987;108 783;7;0;2;1;9;1
202100051988;108 780;1;0;2;8;15;5
202100051988;108 781;7;0;2;1;2;1
202100051989;108 778;7;1;0;2;1;3
202100051989;108 779;7;0;2;6;24;3
202100051990;108 776;7;0;2;8;2;1
202100051990;108 777;15;0;2;7;2;1
202100051991;108 774;7;0;2;7;15;1
202100051991;108 775;2;0;2;1;1;1
202100051992;108 772;2;0;2;2;17;1
202100051992;108 773;7;0;2;3;15;1
202100051993;108 771;7;0;0;4;2;0
202100051994;108 769;7;0;2;3;15;1
202100051994;108 770;30;0;2;3;1;1
202100051995;108 767;7;0;2;1;2;1
202100051995;108 768;7;0;2;4;1;1
202100051996;108 766;7;0;1;0;1;1
202100051997;108 765;7;1;0;2;1;1
202100051998;108 763;31;0;2;1;2;1
202100051998;108 764;7;0;2;4;1;1
202100051999;108 762;30;1;0;8;1;1
202100052000;108 761;7;1;0;1;1;1
202100052001;108 758;7;0;2;1;0;1
202100052001;108 759;7;0;2;1;0;1
202100052002;108 757;7;9;0;3;13;1
202100052003;108 755;1;0;2;1;1;5
202100052003;108 756;1;0;1;1;1;5
202100052004;108 753;2;0;2;1;1;1
202100052004;108 754;7;0;2;3;10;1
202100052005;108 751;50;0;2;7;19;3
202100052005;108 752;7;0;2;3;1;1
202100052006;108 749;7;0;2;1;2;1
202100052006;108 750;7;0;1;4;2;1
202100052007;108 747;7;0;2;2;1;1
202100052007;108 748;33;0;2;4;23;1
202100052008;108 743;7;0;2;1;2;1
202100052008;108 744;7;0;2;4;2;1
202100052008;108 745;7;0;2;1;2;1
202100052008;108 746;7;0;2;4;2;1
202100052009;108 742;7;0;0;0;14;1
202100052010;108 740;1;0;2;1;2;5
202100052010;108 741;7;0;2;5;22;1
202100052011;108 738;1;0;2;4;2;0
202100052011;108 739;7;0;2;1;2;1
202100052012;108 737;7;0;1;7;16;6
202100052013;108 735;10;0;2;2;15;1
202100052013;108 736;7;0;2;1;1;1
202100052014;108 734;7;0;1;1;15;1
202100052015;108 732;1;0;2;1;1;0
202100052015;108 733;7;0;2;1;15;1
202100052016;108 730;7;0;2;7;1;1
202100052016;108 731;31;0;2;1;1;1
202100052017;108 729;31;0;0;7;1;1
202100052018;108 728;2;0;2;7;1;1
202100052019;108 726;7;0;2;1;0;1
202100052019;108 727;1;0;2;4;1;5
202100052020;108 724;7;0;2;3;15;1
202100052020;108 725;2;0;2;1;17;1
202100052021;108 723;7;0;1;1;1;1
202100052022;108 721;7;0;2;3;19;1
202100052022;108 722;7;0;2;1;19;1
202100052023;108 720;30;0;0;0;1;1
202100052024;108 718;7;0;2;4;1;1
202100052024;108 719;2;0;2;1;2;1
202100052025;108 717;7;6;0;1;1;0
202100052026;108 715;10;0;2;1;2;1
202100052026;108 716;50;0;2;7;2;3
202100052027;108 713;33;0;2;7;1;1
202100052027;108 714;10;0;2;1;10;1
202100052028;108 711;7;0;2;3;15;1
202100052028;108 712;1;0;2;0;0;0
202100052029;108 710;7;0;1;3;1;1
202100052030;108 709;37;0;1;0;0;1
202100052031;108 707;7;0;2;4;1;1
202100052031;108 708;7;0;2;1;1;1
202100052032;108 706;30;0;1;1;1;1
202100052033;108 704;10;0;2;5;11;1
202100052033;108 705;43;0;2;3;1;1
202100052034;108 703;31;14;0;1;1;1
202100052035;108 701;7;0;2;3;1;1
202100052035;108 702;7;0;2;2;1;2
202100052036;108 699;7;0;2;1;1;1
202100052036;108 700;32;0;2;4;23;1
202100052037;108 698;7;0;1;8;1;1
202100052038;108 696;7;0;2;8;15;1
202100052038;108 697;34;0;2;7;17;1
202100052039;108 694;30;0;2;1;5;1
202100052039;108 695;30;0;2;1;1;1
202100052040;108 693;2;0;1;0;1;0
202100052041;108 691;7;0;2;0;9;1
202100052041;108 692;30;0;2;7;5;1
202100052042;108 690;33;0;0;0;1;1
202100052043;108 689;43;2;0;1;1;1
202100052044;108 687;7;0;0;0;15;1
202100052044;108 688;33;0;2;0;1;1
202100052045;108 685;7;0;2;1;1;1
202100052045;108 686;7;0;2;1;1;1
202100052046;108 684;7;0;1;4;20;1
202100052047;108 682;1;0;2;1;1;5
202100052047;108 683;7;0;9;8;15;1
202100052048;108 680;34;0;2;7;2;1
202100052048;108 681;7;0;2;1;16;1
202100052049;108 678;32;0;2;8;13;1
202100052049;108 679;7;0;2;1;9;0
202100052050;108 677;7;0;1;5;4;2
202100052051;108 676;10;0;1;3;1;1
202100052052;108 675;7;0;1;1;26;1
202100052053;108 673;7;0;2;5;15;1
202100052053;108 674;7;0;2;3;2;1
202100052054;108 671;7;0;2;3;19;1
202100052054;108 672;32;0;2;5;26;1
202100052055;108 669;7;0;2;8;1;1
202100052055;108 670;7;0;2;1;1;1
202100052056;108 667;32;12;2;2;17;1
202100052056;108 668;7;0;2;0;20;1
202100052057;108 666;7;0;1;2;1;1
202100052058;108 663;7;0;1;2;1;1
202100052059;108 662;7;0;1;1;0;1
202100052060;108 660;7;0;2;1;12;1
202100052060;108 661;7;0;0;6;1;1
202100052061;108 659;7;0;1;1;1;1
202100052062;108 657;7;0;2;2;19;1
202100052062;108 658;7;0;2;3;1;1
202100052063;108 655;10;0;2;1;2;1
202100052063;108 656;7;0;0;4;2;1
202100052064;108 653;39;0;2;1;19;3
202100052064;108 654;7;0;4;3;26;1
202100052065;108 652;7;13;0;1;2;1
202100052066;108 649;14;0;2;1;1;1
202100052066;108 650;7;0;2;2;13;1
202100052066;108 651;7;0;2;1;1;1
202100052067;108 648;1;0;0;0;25;5
202100052068;108 647;7;0;0;0;1;1
202100052069;108 646;7;6;0;1;1;2
202100052070;108 645;7;2;0;7;1;1
202100052071;108 641;7;0;9;1;2;1
202100052071;108 642;1;0;0;4;2;5
202100052072;108 640;7;0;0;3;13;1
202100052073;108 639;7;0;1;4;4;1
202100052074;108 636;10;0;2;1;13;1
202100052074;108 637;7;0;2;3;1;1
202100052074;108 638;7;0;2;1;1;1
202100052075;108 635;7;10;0;1;14;1
202100052076;108 633;7;0;2;2;13;1
202100052076;108 634;10;0;2;6;1;1
202100052077;108 630;7;3;2;1;17;1
202100052077;108 631;7;0;2;2;17;1
202100052077;108 632;17;0;2;3;1;1
202100052078;108 629;7;0;0;0;26;1
202100052079;108 628;10;0;0;9;1;1
202100052080;108 626;7;4;2;1;1;1
202100052080;108 627;15;0;0;8;1;1
202100052081;108 625;7;2;0;1;1;1
202100052082;108 623;7;0;2;1;1;1
202100052082;108 624;10;0;2;1;13;1
202100052083;108 621;7;0;2;1;26;1
202100052083;108 622;15;0;2;2;1;1
202100052084;108 620;2;6;0;1;1;1
202100052085;108 619;7;0;0;3;2;1
202100052086;108 617;7;0;2;8;1;1
202100052086;108 618;10;0;2;3;1;1
202100052087;108 613;7;0;2;1;17;1
202100052087;108 614;7;0;2;1;1;1
202100052087;108 615;7;0;2;0;1;1
202100052087;108 616;7;0;2;0;0;1
202100052088;108 610;7;0;0;4;1;1
202100052088;108 611;7;0;2;4;2;1
202100052088;108 612;7;0;2;1;2;1
202100052089;108 608;1;0;2;4;1;5
202100052089;108 609;7;0;2;1;1;1
202100052090;108 603;7;0;2;0;1;1
202100052090;108 604;7;0;2;0;0;1
202100052090;108 605;7;0;2;1;1;1
202100052090;108 606;7;0;2;4;1;1
202100052090;108 607;7;0;2;0;1;1
202100052091;108 600;10;0;2;1;2;1
202100052091;108 601;7;0;2;4;2;1
202100052091;108 602;7;0;2;4;2;1
202100052092;108 597;7;0;2;1;1;1
202100052092;108 598;10;0;2;4;1;1
202100052092;108 599;7;0;2;4;1;1
202100052093;108 594;7;0;2;1;2;1
202100052093;108 595;7;0;2;4;2;1
202100052093;108 596;7;0;2;4;2;1
202100052094;108 591;10;4;9;4;1;1
202100052094;108 592;15;4;2;1;2;1
202100052094;108 593;10;4;0;4;1;1
202100052095;108 590;7;0;5;1;1;1
202100052096;108 587;7;0;2;3;1;1
202100052096;108 588;7;0;2;4;2;1
202100052096;108 589;10;0;2;1;2;1
202100052097;108 585;7;0;2;6;1;1
202100052097;108 586;17;0;2;3;11;1
202100052098;108 584;33;0;0;7;1;1
202100052099;108 582;2;0;2;3;13;1
202100052099;108 583;7;0;2;3;26;1
202100052100;108 580;7;0;2;3;20;2
202100052100;108 581;33;0;2;1;17;1
202100052101;108 578;7;0;9;7;16;1
202100052101;108 579;2;0;2;8;2;1
202100052102;108 576;1;0;2;6;1;5
202100052102;108 577;7;0;2;3;1;1
202100052103;108 575;33;0;0;1;2;1
202100052104;108 573;7;8;2;0;1;1
202100052104;108 574;7;0;2;0;15;1
202100052105;108 572;7;0;1;2;1;1
202100052106;108 571;33;0;1;7;21;1
202100052107;108 569;7;0;2;1;1;1
202100052107;108 570;7;0;2;2;15;1
202100052108;108 567;7;0;2;3;10;1
202100052108;108 568;7;0;2;7;1;1
202100052109;108 565;7;0;2;1;24;1
202100052109;108 566;30;1;0;7;14;1
202100052110;108 563;37;0;2;1;23;1
202100052110;108 564;30;14;0;1;26;1
202100052111;108 561;7;0;2;1;1;1
202100052111;108 562;7;0;2;5;9;1
202100052112;108 560;32;0;1;1;1;1
202100052113;108 559;7;0;1;1;26;1
202100052114;108 555;7;0;2;1;1;1
202100052114;108 556;7;0;2;6;1;1
202100052115;108 553;7;0;2;4;23;1
202100052115;108 554;7;0;2;1;1;1
202100052116;108 551;7;0;2;1;15;1
202100052116;108 552;1;0;2;7;1;5
202100052117;108 549;7;0;2;1;9;1
202100052117;108 550;31;0;2;7;1;1
202100052118;108 548;7;0;1;1;26;0
202100052119;108 546;7;0;2;2;1;1
202100052119;108 547;7;0;2;5;1;1
202100052120;108 544;2;0;2;3;18;1
202100052120;108 545;7;0;2;5;16;1
202100052121;108 542;80;0;2;8;0;3
202100052121;108 543;7;0;2;7;15;1
202100052122;108 541;50;0;0;0;0;3
202100052123;108 540;1;0;0;1;0;5
202100052124;108 539;0;0;0;0;0;0
202100052125;108 535;10;0;2;1;1;1
202100052125;108 536;7;0;2;4;1;1
202100052125;108 537;7;0;2;4;1;1
202100052125;108 538;7;0;2;4;1;1
202100052126;108 534;7;4;0;3;1;1
202100052127;108 532;7;0;2;1;1;3
202100052127;108 533;7;0;2;1;13;1
202100052128;108 531;30;0;2;7;2;1
202100052129;108 529;7;0;1;2;1;0
202100052129;108 530;7;0;2;1;2;1
202100052130;108 528;7;0;1;3;1;1
202100052131;108 527;7;0;1;1;1;1
202100052132;108 525;7;0;2;1;1;1
202100052132;108 526;7;0;2;4;0;1
202100052133;108 524;7;0;1;1;1;1
202100052134;108 521;30;0;0;0;1;1
202100052135;108 520;33;0;0;7;1;1
202100052136;108 519;7;4;0;1;13;1
202100052137;108 516;7;0;2;4;23;1
202100052137;108 517;7;0;2;4;23;1
202100052137;108 518;7;0;2;1;1;1
202100052138;108 514;7;0;2;3;16;2
202100052138;108 515;31;0;2;1;1;1
202100052139;108 512;1;0;2;8;19;5
202100052139;108 513;1;0;2;1;1;5
202100052140;108 510;7;0;2;3;15;1
202100052140;108 511;30;0;2;1;17;1
202100052141;108 509;34;0;0;3;21;1
202100052142;108 507;7;0;2;3;15;1
202100052142;108 508;32;0;2;3;1;1
202100052143;108 505;30;0;2;1;1;1
202100052143;108 506;1;0;2;3;1;5
202100052144;108 504;1;0;1;1;1;5
202100052145;108 503;32;0;1;7;1;1
202100052146;108 501;50;0;2;0;1;3
202100052146;108 502;7;0;2;0;15;1
202100052147;108 500;7;0;1;1;1;1
202100052148;108 499;7;0;1;5;26;1
202100052149;108 497;33;1;2;1;1;1
202100052149;108 498;7;0;2;3;9;1
202100052150;108 495;7;0;2;1;11;1
202100052150;108 496;32;0;2;1;1;1
202100052151;108 493;7;0;2;3;1;1
202100052151;108 494;33;0;2;1;1;1
202100052152;108 491;60;0;2;7;19;5
202100052152;108 492;7;0;1;3;9;1
202100052153;108 490;7;1;1;0;0;0
202100052154;108 488;33;0;2;2;17;1
202100052154;108 489;7;0;2;3;15;1
202100052155;108 487;7;0;1;4;26;1
202100052156;108 485;10;0;2;0;15;0
202100052156;108 486;7;9;1;1;1;1
202100052157;108 483;7;0;2;1;1;1
202100052157;108 484;7;0;2;1;13;1
202100052158;108 481;50;0;2;1;25;3
202100052158;108 482;7;0;0;2;2;1
202100052159;108 479;7;0;9;6;1;1
202100052159;108 480;7;0;2;0;1;1
202100052160;108 477;7;0;2;2;1;1
202100052160;108 478;2;0;2;3;15;1
202100052161;108 475;7;0;2;1;13;1
202100052161;108 476;14;0;2;3;1;1
202100052162;108 473;38;0;2;2;1;1
202100052162;108 474;7;0;2;3;15;1
202100052163;108 471;7;0;2;3;1;1
202100052163;108 472;7;0;2;3;1;1
202100052164;108 469;7;0;2;3;16;1
202100052164;108 470;1;0;2;7;1;5
202100052165;108 468;7;0;1;2;26;1
202100052166;108 466;7;0;2;7;15;1
202100052166;108 467;33;0;2;1;1;1
202100052167;108 465;33;6;0;3;1;1
202100052168;108 462;7;0;9;1;2;1
202100052168;108 463;7;0;2;3;1;1
202100052168;108 464;7;0;2;1;1;1
202100052169;108 460;7;0;2;6;15;1
202100052169;108 461;7;0;2;2;17;1
202100052170;108 457;7;0;2;3;1;1
202100052170;108 458;7;0;2;3;1;1
202100052171;108 455;7;0;2;1;13;1
202100052171;108 456;14;0;2;1;1;1
202100052172;108 453;7;0;2;1;1;1
202100052172;108 454;7;0;0;1;1;1
202100052173;108 450;7;0;2;1;2;1
202100052173;108 451;7;0;2;4;23;1
202100052173;108 452;7;0;2;4;23;1
202100052174;108 448;7;8;0;3;1;1
202100052174;108 449;7;0;2;1;2;1
202100052175;108 447;7;2;0;1;1;1
202100052176;108 445;7;0;2;1;2;1
202100052176;108 446;2;0;2;6;1;1
202100052177;108 444;7;2;0;1;1;1
202100052178;108 443;7;10;0;3;1;1
202100052179;108 441;13;0;9;2;16;0
202100052179;108 442;1;0;2;1;26;5
202100052180;108 439;7;0;2;1;1;1
202100052180;108 440;7;0;2;7;15;1
202100052181;108 436;2;0;2;3;2;1
202100052181;108 437;10;0;2;5;1;1
202100052182;108 434;7;0;0;3;1;1
202100052182;108 435;7;0;2;3;1;1
202100052183;108 433;7;4;0;3;1;1
202100052184;108 432;17;0;0;7;1;1
202100052185;108 431;7;0;1;1;1;1
202100052186;108 429;33;0;2;1;5;1
202100052186;108 430;7;0;2;3;26;1
202100052187;108 428;7;2;1;2;14;1
202100052188;108 426;2;0;2;1;1;1
202100052188;108 427;7;0;0;5;26;1
202100052189;108 425;99;1;0;0;14;0
202100052190;108 422;7;0;2;3;17;1
202100052190;108 423;7;3;2;3;1;1
202100052190;108 424;15;0;2;6;1;1
202100052191;108 421;7;0;1;3;1;0
202100052192;108 419;7;0;2;3;9;1
202100052192;108 420;30;0;2;7;1;1
202100052193;108 417;7;0;2;2;5;1
202100052193;108 418;7;0;2;3;1;1
202100052194;108 415;10;0;0;5;1;1
202100052194;108 416;7;2;2;1;2;1
202100052195;108 413;7;0;2;6;15;1
202100052195;108 414;7;0;2;1;1;1
202100052196;108 411;7;0;0;4;1;1
202100052196;108 412;7;0;2;1;1;1
202100052197;108 408;15;0;2;3;1;1
202100052197;108 409;15;0;2;0;1;1
202100052198;108 407;7;12;0;3;26;1
202100052199;108 405;7;0;2;4;2;1
202100052199;108 406;33;0;2;1;2;1
202100052200;108 402;7;0;2;1;2;1
202100052200;108 403;15;0;2;1;2;1
202100052200;108 404;7;0;2;4;2;1
202100052201;108 400;7;0;2;8;9;1
202100052201;108 401;33;0;2;7;1;1
202100052202;108 399;7;4;0;1;1;1
202100052203;108 397;7;0;9;8;19;1
202100052203;108 398;2;0;2;1;1;1
202100052204;108 394;2;0;2;1;1;1
202100052204;108 395;2;0;2;1;26;1
202100052204;108 396;7;0;2;3;1;1
202100052205;108 393;7;8;0;1;16;1
202100052206;108 391;7;0;2;1;1;1
202100052206;108 392;7;0;2;4;1;1
202100052207;108 390;7;7;0;1;13;1
202100052208;108 388;7;0;2;8;19;1
202100052208;108 389;33;0;2;1;1;1
202100052209;108 387;7;0;1;1;1;1
202100052210;108 384;7;12;2;1;1;1
202100052210;108 385;10;12;2;1;1;1
202100052211;108 382;7;0;2;7;20;1
202100052211;108 383;2;0;2;3;7;1
202100052212;108 380;7;0;2;1;1;1
202100052212;108 381;10;0;2;4;23;1
202100052213;108 379;7;8;0;1;1;1
202100052214;108 377;7;4;0;1;1;1
202100052214;108 378;7;0;2;2;1;1
202100052215;108 375;7;0;2;2;20;1
202100052215;108 376;1;0;2;1;1;5
202100052216;108 373;33;0;2;1;2;1
202100052216;108 374;7;0;9;4;1;1
202100052217;108 371;33;0;2;8;1;1
202100052217;108 372;7;0;2;1;19;1
202100052218;108 368;7;6;0;1;14;1
202100052219;108 365;7;0;2;2;15;1
202100052219;108 366;7;0;2;0;2;1
202100052219;108 367;7;0;2;8;2;1
202100052220;108 364;32;0;0;0;1;1
202100052221;108 362;7;0;2;3;1;1
202100052221;108 363;7;0;2;3;15;1
202100052222;108 361;7;6;0;1;2;1
202100052223;108 357;7;0;2;4;2;1
202100052223;108 358;7;0;2;1;2;1
202100052223;108 359;7;0;2;4;2;1
202100052223;108 360;7;0;2;4;2;1
202100052224;108 355;7;0;2;2;1;1
202100052224;108 356;30;0;2;1;1;1
202100052225;108 352;7;0;2;4;1;1
202100052225;108 353;7;0;2;4;1;1
202100052225;108 354;7;0;2;1;1;1
202100052226;108 350;7;0;9;6;13;1
202100052226;108 351;33;0;2;1;1;1
202100052227;108 348;10;0;2;1;2;0
202100052227;108 349;7;0;2;5;2;1
202100052228;108 347;32;0;1;1;1;1
202100052229;108 345;30;0;2;8;12;1
202100052229;108 346;7;0;2;5;12;1
202100052230;108 344;80;0;1;0;1;3
202100052231;108 342;7;0;2;2;15;1
202100052231;108 343;30;0;2;1;1;1
202100052232;108 341;1;0;0;0;1;5
202100052233;108 339;7;0;2;3;15;1
202100052233;108 340;2;0;2;1;1;1
202100052234;108 337;7;0;2;8;1;0
202100052234;108 338;30;0;2;1;1;1
202100052235;108 336;2;1;0;2;14;1
202100052236;108 333;7;0;2;4;2;1
202100052236;108 334;7;0;2;4;2;1
202100052236;108 335;7;0;2;2;2;1
202100052237;108 331;7;0;2;4;1;1
202100052237;108 332;33;0;2;1;14;1
202100052238;108 330;7;4;0;6;1;1
202100052239;108 327;7;0;2;4;2;1
202100052239;108 328;7;0;2;4;2;1
202100052239;108 329;7;0;2;1;2;1
202100052240;108 326;7;4;0;6;2;1
202100052241;108 324;7;0;2;3;13;1
202100052241;108 325;7;0;2;3;1;1
202100052242;108 323;7;0;9;3;1;1
202100052243;108 320;7;3;2;6;2;1
202100052243;108 321;7;0;2;4;2;1
202100052243;108 322;10;0;2;3;2;1
202100052244;108 318;31;0;2;1;2;1
202100052244;108 319;7;0;2;6;2;1
202100052245;108 316;7;0;2;1;26;1
202100052245;108 317;7;0;2;8;0;1
202100052246;108 315;7;4;0;6;1;1
202100052247;108 314;7;4;0;0;26;1
202100052248;108 312;7;0;2;4;2;1
202100052248;108 313;7;0;2;1;1;1
202100052249;108 311;10;4;0;1;1;1
202100052250;108 308;7;0;2;1;6;1
202100052250;108 309;7;0;2;1;1;1
202100052250;108 310;7;0;2;4;1;1
202100052251;108 307;7;3;0;1;14;1
202100052252;108 306;10;4;0;6;13;1
202100052253;108 304;7;4;2;4;12;1
202100052253;108 305;10;0;0;2;2;1
202100052254;108 303;7;2;0;2;1;1
202100052255;108 302;7;13;0;1;1;1
202100052256;108 300;7;0;2;1;13;1
202100052256;108 301;7;0;2;3;1;1
202100052257;108 296;7;0;2;5;17;1
202100052257;108 297;7;0;2;4;2;1
202100052257;108 298;7;0;0;4;1;1
202100052257;108 299;15;0;2;3;1;1
202100052258;108 295;7;2;0;6;0;1
202100052259;108 294;36;2;0;1;13;1
202100052260;108 292;10;0;2;1;1;1
202100052260;108 293;7;0;2;8;10;1
202100052261;108 291;7;6;0;2;0;1
202100052262;108 290;7;0;1;3;1;1
202100052263;108 288;10;0;2;6;23;1
202100052263;108 289;2;1;0;1;2;1
202100052264;108 286;7;0;2;7;1;1
202100052264;108 287;7;0;2;7;26;1
202100052265;108 284;10;0;9;1;1;1
202100052265;108 285;1;0;2;1;15;5
202100052266;108 283;2;0;0;0;14;1
202100052267;108 281;7;8;2;0;17;1
202100052267;108 282;21;0;2;3;15;1
202100052268;108 278;7;0;2;3;1;1
202100052268;108 279;7;0;2;1;13;1
202100052269;108 277;10;5;0;1;0;1
202100052270;108 276;7;2;0;1;1;1
202100052271;108 274;7;0;2;3;1;1
202100052271;108 275;10;0;2;3;17;1
202100052272;108 273;7;3;0;0;0;1
202100052273;108 272;2;12;0;0;1;1
202100052274;108 270;7;0;0;3;1;1
202100052274;108 271;7;0;2;3;13;1
202100052275;108 266;33;0;2;1;17;1
202100052275;108 267;7;0;2;3;23;1
202100052275;108 268;7;0;2;3;1;1
202100052276;108 265;7;0;1;1;14;1
202100052277;108 263;15;0;2;1;1;1
202100052277;108 264;10;0;0;8;15;1
202100052278;108 261;36;0;2;1;1;1
202100052278;108 262;7;0;2;3;23;1
202100052279;108 260;7;15;0;0;0;1