Num_Acc;id_vehicule;categorie_vehicule;obstacle_fixe;obstacle_mobile;point_choc_initial;manoeuvre_principale;motorisation
202100052280;108 259;7;0;1;2;1;1
202100052281;108 257;7;0;2;1;2;1
202100052281;108 258;7;3;0;4;2;1
202100052282;108 255;7;0;2;3;1;1
202100052282;108 256;15;0;2;3;13;1
202100052283;108 253;10;0;2;3;14;1
202100052283;108 254;15;0;2;2;1;1
202100052284;108 252;7;8;0;1;1;1
202100052285;108 250;7;0;0;5;1;1
202100052285;108 251;7;0;0;2;13;1
202100052286;108 249;30;0;0;0;1;1
202100052287;108 248;7;12;1;1;14;0
202100052288;108 246;7;0;2;1;1;1
202100052288;108 247;7;0;2;3;1;1
202100052289;108 245;7;12;0;3;0;1
202100052290;108 243;7;0;2;6;15;1
202100052290;108 244;7;0;2;6;1;1
202100052291;108 241;7;0;2;1;2;1
202100052291;108 242;7;0;2;1;9;1
202100052292;108 239;7;0;2;5;17;1
202100052292;108 240;1;0;2;8;2;5
202100052293;108 238;7;0;1;2;26;1
202100052294;108 236;7;0;9;6;9;1
202100052294;108 237;10;0;9;1;9;1
202100052295;108 234;7;0;2;4;1;1
202100052295;108 235;10;0;2;0;0;0
202100052296;108 233;7;0;1;3;1;1
202100052297;108 231;99;0;2;8;15;0
202100052297;108 232;31;0;2;1;1;0
202100052298;108 229;1;0;2;7;0;6
202100052298;108 230;7;0;2;1;1;1
202100052299;108 228;10;0;1;4;26;1
202100052300;108 227;7;0;1;1;26;1
202100052301;108 225;1;0;2;1;1;5
202100052301;108 226;7;0;2;2;15;1
202100052302;108 224;7;0;1;1;1;1
202100052303;108 222;2;0;2;1;26;1
202100052303;108 223;7;0;2;2;11;1
202100052304;108 221;7;0;1;1;1;1
202100052305;108 220;33;0;0;8;26;1
202100052306;108 219;7;0;1;1;1;1
202100052307;108 218;7;1;2;0;1;1
202100052308;108 217;7;0;1;7;1;1
202100052309;108 215;7;0;2;1;1;1
202100052309;108 216;7;0;2;1;13;1
202100052310;108 213;40;0;2;3;0;3
202100052310;108 214;1;0;4;1;13;5
202100052311;108 211;7;0;2;1;2;1
202100052311;108 212;7;0;0;4;1;1
202100052312;108 210;7;0;1;3;20;1
202100052313;108 208;7;0;2;1;1;1
202100052313;108 209;7;0;2;2;15;1
202100052314;108 206;2;0;2;1;15;1
202100052314;108 207;7;0;2;8;1;1
202100052315;108 204;7;0;2;1;15;1
202100052315;108 205;1;0;2;1;19;5
202100052316;108 202;30;0;2;1;1;1
202100052316;108 203;7;0;2;6;1;1
202100052317;108 201;7;0;1;2;26;1
202100052318;108 198;7;0;2;1;1;1
202100052318;108 199;7;0;2;7;19;1
202100052318;108 200;7;0;2;6;0;1
202100052319;108 196;34;0;2;2;1;1
202100052319;108 197;10;0;2;0;10;1
202100052320;108 194;7;0;2;3;1;1
202100052320;108 195;2;0;2;1;17;1
202100052321;108 192;7;0;2;8;10;1
202100052321;108 193;2;0;2;1;1;1
202100052322;108 190;1;0;2;7;1;5
202100052322;108 191;7;0;2;1;9;2
202100052323;108 188;2;0;2;1;2;1
202100052323;108 189;10;0;2;4;2;1
202100052324;108 187;7;0;1;7;1;1
202100052325;108 186;2;0;1;0;1;1
202100052326;108 184;7;0;2;8;1;1
202100052326;108 185;2;0;2;1;5;1
202100052327;108 183;10;1;0;1;17;1
202100052328;108 182;10;0;1;3;1;1
202100052329;108 181;40;0;1;2;1;3
202100052330;108 179;10;0;2;5;12;1
202100052330;108 180;7;0;2;3;1;1
202100052331;108 177;30;0;2;1;1;1
202100052331;108 178;7;0;2;4;23;1
202100052332;108 175;31;0;2;1;1;1
202100052332;108 176;7;0;2;3;9;1
202100052333;108 173;43;0;2;1;1;1
202100052333;108 174;7;0;2;5;15;1
202100052334;108 172;7;0;1;1;0;2
202100052335;108 170;0;0;2;1;19;0
202100052335;108 171;7;0;1;1;2;1
202100052336;108 168;7;0;2;2;1;1
202100052336;108 169;7;0;2;1;1;1
202100052337;108 167;10;1;0;2;1;0
202100052338;108 165;7;15;2;3;26;1
202100052338;108 166;7;0;2;3;1;0
202100052339;108 163;7;0;2;3;15;1
202100052339;108 164;7;0;2;2;1;1
202100052340;108 161;7;0;2;3;2;1
202100052340;108 162;7;0;0;4;15;1
202100052341;108 159;7;0;1;2;1;1
202100052341;108 160;7;0;2;2;17;1
202100052342;108 157;7;0;2;2;1;1
202100052342;108 158;10;0;2;2;1;1
202100052343;108 152;7;0;2;1;15;1
202100052343;108 153;7;0;2;2;1;1
202100052344;108 150;7;0;2;3;1;1
202100052344;108 151;31;0;2;1;13;1
202100052345;108 148;1;0;2;7;1;5
202100052345;108 149;7;0;2;8;9;1
202100052346;108 145;7;12;0;9;1;1
202100052347;108 144;7;2;0;8;1;1
202100052348;108 142;7;0;2;3;0;1
202100052348;108 143;7;0;2;1;5;1
202100052349;108 141;7;13;0;9;13;1
202100052350;108 140;2;13;0;8;2;1
202100052351;108 139;7;3;0;9;1;1
202100052352;108 138;10;0;1;7;1;1
202100052353;108 137;7;2;0;0;1;1
202100052354;108 136;7;7;0;1;1;1
202100052355;108 135;7;2;0;1;1;1
202100052356;108 134;33;8;0;0;1;1
202100052357;108 132;7;0;2;3;1;1
202100052357;108 133;7;0;2;3;1;1
202100052358;108 131;7;6;0;3;13;1
202100052359;108 129;7;0;2;1;15;1
202100052359;108 130;7;0;2;1;1;1
202100052360;108 121;7;0;2;2;2;1
202100052360;108 122;7;0;2;1;2;0
202100052360;108 123;7;8;0;4;2;1
202100052360;108 124;7;0;2;4;2;1
202100052360;108 125;7;0;2;1;2;1
202100052360;108 126;7;0;2;1;2;1
202100052360;108 127;7;0;2;1;2;1
202100052360;108 128;7;0;2;1;2;1
202100052361;108 119;7;0;2;3;1;1
202100052361;108 120;2;0;2;0;17;1
202100052362;108 117;7;0;0;4;2;1
202100052362;108 118;7;0;2;1;2;1
202100052363;108 115;10;0;2;1;1;1
202100052363;108 116;7;0;2;4;1;1
202100052364;108 113;7;0;2;6;1;1
202100052364;108 114;7;0;2;1;14;1
202100052365;108 110;7;0;2;3;18;1
202100052365;108 111;15;0;2;2;1;1
202100052365;108 112;7;0;2;4;1;1
202100052366;108 108;7;0;2;4;2;1
202100052366;108 109;7;0;2;1;2;1
202100052367;108 107;7;4;0;1;1;1
202100052368;108 106;7;4;0;8;1;1
202100052369;108 105;7;4;0;3;14;1
202100052370;108 103;7;0;2;1;0;
202100052370;108 104;32;0;2;0;0;
202100052371;108 101;33;0;2;5;23;1
202100052371;108 102;7;0;2;1;1;1
202100052372;108 099;7;0;2;1;15;1
202100052372;108 100;31;0;2;2;1;1
202100052373;108 097;7;8;2;2;1;1
202100052373;108 098;7;0;2;1;15;1
202100052374;108 095;1;0;2;1;1;5
202100052374;108 096;7;0;9;2;1;1
202100052375;108 094;7;0;5;1;13;1
202100052376;108 093;7;0;1;7;1;1
202100052377;108 091;2;0;0;0;0;0
202100052377;108 092;7;0;9;8;15;6
202100052378;108 089;7;0;2;2;15;1
202100052378;108 090;1;0;2;1;7;0
202100052379;108 087;7;8;2;1;1;1
202100052379;108 088;7;0;2;1;1;1
202100052380;108 085;7;0;2;3;1;0
202100052380;108 086;7;0;2;1;1;1
202100052381;108 083;7;0;2;2;9;1
202100052381;108 084;7;0;2;6;2;1
202100052382;108 081;7;0;2;3;9;1
202100052382;108 082;14;0;2;5;1;1
202100052383;108 078;7;0;2;4;2;0
202100052383;108 079;7;0;2;4;2;0
202100052383;108 080;7;0;2;2;2;0
202100052384;108 075;7;0;2;1;1;1
202100052384;108 076;7;0;2;4;1;1
202100052384;108 077;7;0;2;3;1;1
202100052385;108 074;7;0;1;2;15;1
202100052386;108 071;7;0;2;3;13;1
202100052386;108 072;7;0;2;8;1;1
202100052386;108 073;7;1;2;6;0;1
202100052387;108 070;30;1;1;0;21;0
202100052388;108 069;7;0;1;2;19;1
202100052389;108 067;7;0;2;1;2;1
202100052389;108 068;7;0;2;4;2;2
202100052390;108 065;50;0;2;8;26;3
202100052390;108 066;7;0;9;8;1;1
202100052391;108 063;7;0;2;1;2;1
202100052391;108 064;10;0;2;1;15;1
202100052392;108 060;7;0;2;1;1;1
202100052392;108 061;7;0;2;4;1;1
202100052392;108 062;7;0;2;4;1;1
202100052393;108 058;1;0;2;8;19;5
202100052393;108 059;7;0;2;1;1;2
202100052394;108 056;7;0;2;2;26;1
202100052394;108 057;1;0;2;1;5;0
202100052395;108 054;7;0;2;2;17;1
202100052395;108 055;7;0;2;8;15;1
202100052396;108 052;7;0;2;2;15;1
202100052396;108 053;34;0;2;1;18;1
202100052397;108 051;10;0;1;4;4;1
202100052398;108 050;7;0;1;1;1;1
202100052399;108 048;7;0;2;3;20;1
202100052399;108 049;50;0;2;5;1;3
202100052400;108 046;7;0;2;1;1;1
202100052400;108 047;7;0;2;4;1;1
202100052401;108 045;7;1;0;2;9;1
202100052402;108 044;7;0;1;1;1;1
202100052403;108 042;30;0;2;1;2;1
202100052403;108 043;7;0;2;4;23;1
202100052404;108 040;7;0;2;3;15;1
202100052404;108 041;7;0;2;2;1;1
202100052405;108 038;7;0;2;1;2;1
202100052405;108 039;10;0;2;4;23;1
202100052406;108 037;99;6;0;9;1;1
202100052407;108 035;7;0;2;3;19;1
202100052407;108 036;7;0;2;1;19;1
202100052408;108 033;30;0;2;1;1;1
202100052408;108 034;7;0;2;6;19;1
202100052409;108 031;1;0;2;1;15;5
202100052409;108 032;7;0;2;2;26;1
202100052410;108 030;7;0;1;1;26;1
202100052411;108 028;33;0;2;3;2;1
202100052411;108 029;10;0;2;6;2;1
202100052412;108 026;7;0;2;6;20;1
202100052412;108 027;1;0;2;1;1;5
202100052413;108 025;30;0;1;2;1;1
202100052414;108 023;7;0;2;7;1;1
202100052414;108 024;7;0;2;8;9;1
202100052415;108 020;7;0;2;4;2;1
202100052415;108 021;7;0;2;4;2;1
202100052415;108 022;7;0;2;1;2;1
202100052416;108 018;50;0;2;2;1;3
202100052416;108 019;7;0;2;3;1;1
202100052417;108 017;1;0;1;1;1;5
202100052418;108 016;7;0;1;2;1;1
202100052419;108 013;10;0;2;1;5;1
202100052419;108 014;7;0;2;6;2;1
202100052419;108 015;30;0;2;1;26;1
202100052420;108 011;7;0;2;1;1;1
202100052420;108 012;1;0;2;8;19;5
202100052421;108 010;7;13;0;2;14;1
202100052422;108 009;2;0;1;7;1;1
202100052423;108 007;7;0;9;8;16;1
202100052423;108 008;50;0;2;1;25;3
202100052424;108 005;7;0;9;0;1;0
202100052424;108 006;1;0;2;4;1;5
202100052425;108 004;7;0;1;8;1;1
202100052426;108 002;50;0;2;1;26;3
202100052426;108 003;7;0;9;1;15;1
202100052427;108 001;33;0;0;7;16;1
202100052428;107 999;2;0;2;1;17;1
202100052428;108 000;7;0;2;6;15;1
202100052429;107 997;7;0;2;2;23;1
202100052429;107 998;30;0;2;1;18;1
202100052430;107 995;2;0;2;1;15;1
202100052430;107 996;7;0;2;3;1;2
202100052431;107 993;33;0;2;1;1;1
202100052431;107 994;10;0;2;4;4;1
202100052432;107 992;7;0;1;1;1;1
202100052433;107 990;34;0;2;1;1;1
202100052433;107 991;7;0;2;2;15;1
202100052434;107 988;7;0;2;1;1;1
202100052434;107 989;7;0;2;7;26;1
202100052435;107 987;7;8;0;3;0;1
202100052436;107 986;99;0;1;5;1;1
202100052437;107 983;7;0;2;2;15;1
202100052437;107 984;7;0;2;8;1;1
202100052437;107 985;7;0;2;3;1;1
202100052438;107 981;33;0;2;1;1;1
202100052438;107 982;10;0;2;3;15;1
202100052439;107 979;33;0;2;1;17;1
202100052439;107 980;31;0;2;3;9;1
202100052440;107 977;7;0;1;1;1;1
202100052440;107 978;7;0;1;1;1;1
202100052441;107 974;7;0;2;4;0;1
202100052441;107 975;7;0;2;4;15;1
202100052441;107 976;7;0;0;1;0;1
202100052442;107 972;7;0;2;1;1;1
202100052442;107 973;7;0;2;6;1;1
202100052443;107 971;33;0;0;8;1;1
202100052444;107 970;7;0;1;2;1;1
202100052445;107 968;34;0;2;1;1;1
202100052445;107 969;10;0;2;2;15;1
202100052446;107 966;7;0;2;1;1;1
202100052446;107 967;7;0;2;1;17;1
202100052447;107 964;7;0;2;7;26;1
202100052447;107 965;7;0;2;1;26;1
202100052448;107 962;7;0;2;2;1;1
202100052448;107 963;7;0;2;1;15;1
202100052449;107 960;1;0;2;5;9;5
202100052449;107 961;7;0;9;5;9;0
202100052450;107 959;2;0;0;7;23;1
202100052451;107 958;7;10;0;3;1;1
202100052452;107 956;10;0;2;3;15;1
202100052452;107 957;33;0;2;1;17;1
202100052453;107 954;7;0;2;4;23;1
202100052453;107 955;10;0;2;1;1;1
202100052454;107 953;33;0;1;1;17;1
202100052455;107 951;7;0;2;7;16;1
202100052455;107 952;32;0;2;1;1;1
202100052456;107 950;7;8;0;1;21;1
202100052457;107 948;7;0;2;2;15;1
202100052457;107 949;31;0;2;1;1;1
202100052458;107 947;7;0;1;1;1;1
202100052459;107 945;30;0;2;1;1;1
202100052459;107 946;30;0;2;8;1;3
202100052460;107 944;7;0;1;1;1;1
202100052461;107 942;33;0;2;3;1;1
202100052461;107 943;7;0;2;7;15;1
202100052462;107 940;31;0;2;1;1;3
202100052462;107 941;1;0;2;7;15;5
202100052463;107 938;1;0;2;7;10;5
202100052463;107 939;30;0;2;0;0;0
202100052464;107 936;7;0;2;2;1;1
202100052464;107 937;7;0;2;1;1;1
202100052465;107 934;7;0;2;3;1;1
202100052465;107 935;50;0;2;0;19;3
202100052466;107 932;2;0;2;2;2;1
202100052466;107 933;10;0;2;6;18;1
202100052467;107 930;10;0;2;2;12;1
202100052467;107 931;1;0;2;4;1;0
202100052468;107 928;7;0;2;7;12;1
202100052468;107 929;1;0;2;8;26;5
202100052469;107 927;37;0;1;7;26;0
202100052470;107 926;7;0;1;3;15;2
202100052471;107 924;1;0;2;0;0;0
202100052471;107 925;7;0;9;5;12;0
202100052472;107 922;32;0;2;8;18;1
202100052472;107 923;7;0;2;7;19;1
202100052473;107 920;7;0;9;1;1;1
202100052473;107 921;1;0;2;1;1;0
202100052474;107 919;3;0;1;1;1;1
202100052475;107 918;7;0;1;2;1;1
202100052476;107 917;10;0;1;7;1;1
202100052477;107 915;7;0;2;4;1;2
202100052477;107 916;7;0;2;1;2;1
202100052478;107 914;7;0;1;1;16;1
202100052479;107 913;7;0;1;8;22;1
202100052480;107 912;7;15;0;1;14;1
202100052481;107 910;7;0;2;7;15;1
202100052481;107 911;7;0;2;2;1;1
202100052482;107 909;7;13;0;1;15;1
202100052483;107 907;7;0;2;3;1;1
202100052483;107 908;7;0;2;3;1;1
202100052484;107 906;7;15;0;1;1;1
202100052485;107 905;7;0;0;0;2;1
202100052486;107 903;7;0;2;1;1;1
202100052486;107 904;7;0;2;1;3;1
202100052487;107 902;7;0;1;2;1;1
202100052488;107 901;7;4;0;3;2;1
202100052489;107 900;7;2;0;8;12;0
202100052490;107 899;7;0;1;2;11;1
202100052491;107 897;7;0;2;2;1;1
202100052491;107 898;7;0;2;8;15;1
202100052492;107 895;10;0;2;3;13;1
202100052492;107 896;7;0;2;1;1;1
202100052493;107 893;7;0;2;3;15;0
202100052493;107 894;7;0;2;2;1;0
202100052494;107 891;7;0;2;2;17;1
202100052494;107 892;1;0;0;4;2;5
202100052495;107 889;7;0;2;1;5;1
202100052495;107 890;7;0;2;1;1;1
202100052496;107 887;7;0;2;1;9;1
202100052496;107 888;7;3;2;3;1;1
202100052497;107 886;7;0;0;2;1;1
202100052498;107 884;10;0;2;1;1;1
202100052498;107 885;7;0;2;1;13;1
202100052499;107 882;50;0;2;1;5;3
202100052499;107 883;7;0;2;1;1;1
202100052500;107 880;10;0;2;1;2;1
202100052500;107 881;7;0;0;4;2;1
202100052501;107 878;32;0;2;4;2;1
202100052501;107 879;7;0;9;1;2;1
202100052502;107 876;7;0;2;3;1;1
202100052502;107 877;7;0;2;3;1;1
202100052503;107 874;7;0;2;5;1;1
202100052503;107 875;7;2;2;3;1;1
202100052504;107 872;10;0;2;3;9;0
202100052504;107 873;33;0;2;1;1;1
202100052505;107 868;7;0;2;1;15;1
202100052505;107 869;7;0;2;3;1;1
202100052506;107 867;7;8;0;2;1;1
202100052507;107 865;33;0;2;1;17;1
202100052507;107 866;7;0;2;3;15;1
202100052508;107 864;7;6;0;1;16;1
202100052509;107 862;7;0;2;6;26;3
202100052509;107 863;7;0;2;2;2;1
202100052510;107 858;7;0;2;4;1;1
202100052510;107 859;7;0;2;4;1;1
202100052510;107 860;10;0;2;1;12;1
202100052510;107 861;7;3;2;4;1;1
202100052511;107 856;7;0;2;6;11;1
202100052511;107 857;32;0;2;2;3;1
202100052512;107 854;7;0;2;8;1;1
202100052512;107 855;7;0;2;8;15;1
202100052513;107 852;7;0;2;8;15;1
202100052513;107 853;2;0;2;3;1;1
202100052514;107 850;32;0;2;1;1;1
202100052514;107 851;1;0;2;1;1;5
202100052515;107 849;7;0;0;1;14;1
202100052516;107 848;31;0;1;0;1;1
202100052517;107 846;7;0;2;2;12;1
202100052517;107 847;33;0;2;3;3;1
202100052518;107 844;1;0;2;1;13;5
202100052518;107 845;7;0;2;2;15;1
202100052519;107 843;7;0;1;3;1;1
202100052520;107 842;1;0;1;1;18;5
202100052521;107 840;37;0;2;7;1;1
202100052521;107 841;7;0;2;1;9;1
202100052522;107 838;7;0;2;5;0;1
202100052522;107 839;2;0;2;8;13;1
202100052523;107 837;7;0;1;2;1;1
202100052524;107 835;50;0;2;1;15;3
202100052524;107 836;7;0;2;0;17;1
202100052525;107 833;7;0;2;3;15;1
202100052525;107 834;1;0;2;1;1;6
202100052526;107 830;10;0;1;2;1;1
202100052527;107 825;7;0;2;5;0;1
202100052527;107 826;7;0;2;3;0;1
202100052528;107 824;40;0;0;0;9;3
202100052529;107 822;30;0;2;1;1;1
202100052529;107 823;7;0;2;2;15;1
202100052530;107 821;7;13;0;1;14;1
202100052531;107 819;3;0;2;1;1;1
202100052531;107 820;7;0;2;3;1;1
202100052532;107 818;7;0;0;1;1;1
202100052533;107 816;7;8;2;8;1;1
202100052533;107 817;7;8;2;1;1;1
202100052534;107 814;33;0;2;1;1;1
202100052534;107 815;7;0;2;7;1;1
202100052535;107 813;10;0;1;1;26;1
202100052536;107 812;7;0;1;3;1;1
202100052537;107 810;7;0;2;1;13;1
202100052537;107 811;7;0;2;1;1;1
202100052538;107 808;7;0;2;1;15;2
202100052538;107 809;2;0;2;7;0;1
202100052539;107 806;1;0;2;1;26;5
202100052539;107 807;7;0;2;0;1;1
202100052540;107 804;7;0;9;1;16;1
202100052540;107 805;1;0;2;7;1;5
202100052541;107 803;7;15;0;1;1;1
202100052542;107 801;7;0;2;2;10;1
202100052542;107 802;33;0;2;1;1;1
202100052543;107 800;80;0;0;0;0;3
202100052544;107 798;7;0;2;3;9;1
202100052544;107 799;1;0;2;7;0;5
202100052545;107 797;7;0;1;2;1;1
202100052546;107 795;7;0;2;1;15;1
202100052546;107 796;80;0;2;8;1;3
202100052547;107 792;15;0;2;1;2;1
202100052547;107 793;7;0;2;4;1;1
202100052547;107 794;15;0;2;4;1;1
202100052548;107 790;7;0;0;4;2;1
202100052548;107 791;7;0;2;1;2;1
202100052549;107 788;7;0;0;0;0;1
202100052549;107 789;1;0;2;0;13;0
202100052550;107 787;7;0;1;3;9;1
202100052551;107 786;7;3;0;2;1;1
202100052552;107 784;7;0;2;2;16;1
202100052552;107 785;30;0;2;1;18;1
202100052553;107 783;15;0;1;0;26;1
202100052554;107 781;10;0;2;8;13;1
202100052554;107 782;33;0;2;7;1;1
202100052555;107 779;7;0;2;7;1;1
202100052555;107 780;7;0;2;1;9;1
202100052556;107 778;32;0;1;0;1;0
202100052557;107 776;7;0;2;6;15;1
202100052557;107 777;30;0;2;1;17;1
202100052558;107 774;32;0;2;1;1;1
202100052558;107 775;7;0;2;2;10;1
202100052559;107 773;7;0;1;1;2;1
202100052560;107 771;7;0;2;1;1;1
202100052560;107 772;30;0;2;7;1;1
202100052561;107 769;10;0;2;1;2;1
202100052561;107 770;7;0;2;4;23;1
202100052562;107 767;7;0;2;1;9;1
202100052562;107 768;33;0;2;1;8;1
202100052563;107 765;7;0;2;7;20;1
202100052563;107 766;30;1;2;1;1;1
202100052564;107 763;33;0;2;1;17;1
202100052564;107 764;10;0;2;3;15;1
202100052565;107 762;10;0;1;5;1;1
202100052566;107 760;37;0;2;5;21;2
202100052566;107 761;7;0;2;8;22;1
202100052567;107 759;33;0;1;1;1;1
202100052568;107 758;7;0;1;2;1;1
202100052569;107 757;1;0;1;1;1;5
202100052570;107 755;1;0;2;1;13;5
202100052570;107 756;2;0;2;1;1;1
202100052571;107 754;1;0;1;7;1;5
202100052572;107 752;30;0;2;1;3;1
202100052572;107 753;32;0;2;8;11;1
202100052573;107 750;7;0;2;6;23;1
202100052573;107 751;30;0;2;2;1;1
202100052574;107 748;33;0;2;6;1;1
202100052574;107 749;1;0;2;6;15;5
202100052575;107 746;30;0;2;3;13;1
202100052575;107 747;33;0;2;2;1;1
202100052576;107 745;1;0;1;2;1;5
202100052577;107 744;2;14;0;7;1;1
202100052578;107 743;30;0;0;7;1;1
202100052579;107 741;7;0;2;2;16;1
202100052579;107 742;1;0;2;1;1;5
202100052580;107 739;7;0;1;1;1;1
202100052580;107 740;2;0;1;0;0;0
202100052581;107 738;1;0;1;7;1;5
202100052582;107 736;7;0;2;8;15;1
202100052582;107 737;31;0;2;7;15;1
202100052583;107 735;7;1;2;2;1;1
202100052584;107 733;7;0;2;3;15;1
202100052584;107 734;2;0;2;1;17;1
202100052585;107 731;7;15;0;2;13;1
202100052585;107 732;1;0;0;0;0;5
202100052586;107 730;33;3;0;1;17;1
202100052587;107 728;7;15;0;4;2;1
202100052587;107 729;7;15;0;1;2;1
202100052588;107 725;50;0;2;9;16;3
202100052588;107 726;10;0;2;3;9;1
202100052588;107 727;7;0;2;6;2;1
202100052589;107 723;7;0;0;8;15;1
202100052589;107 724;7;0;2;1;1;1
202100052590;107 721;7;0;0;0;0;1
202100052590;107 722;20;0;0;0;0;0
202100052591;107 719;7;0;2;5;15;1
202100052591;107 720;7;0;2;7;1;2
202100052592;107 717;7;0;2;1;2;1
202100052592;107 718;7;0;2;4;2;1
202100052593;107 715;10;0;2;3;10;1
202100052593;107 716;7;0;2;2;1;1
202100052594;107 713;7;0;2;2;16;1
202100052594;107 714;7;0;2;3;0;0
202100052595;107 711;7;0;2;3;15;1
202100052595;107 712;32;0;2;1;1;1
202100052596;107 709;7;0;2;6;15;1
202100052596;107 710;2;0;2;2;0;1
202100052597;107 707;7;0;2;1;15;1
202100052597;107 708;32;0;2;1;1;1
202100052598;107 705;10;0;2;2;10;1
202100052598;107 706;31;0;2;1;1;1
202100052599;107 703;33;0;2;1;1;1
202100052599;107 704;21;0;2;4;19;1
202100052600;107 701;7;6;2;7;1;1
202100052600;107 702;7;6;2;1;19;1
202100052601;107 700;7;0;1;2;1;1
202100052602;107 698;17;0;0;6;24;1
202100052602;107 699;17;1;0;2;26;1
202100052603;107 696;7;0;0;1;1;1
202100052603;107 697;7;4;0;1;1;1
202100052604;107 694;33;0;2;1;1;1
202100052604;107 695;21;0;2;7;15;1
202100052605;107 692;1;0;2;1;1;5
202100052605;107 693;10;0;9;8;1;1
202100052606;107 686;7;0;2;1;2;1
202100052606;107 687;7;0;2;4;2;1
202100052606;107 688;7;0;2;4;2;1
202100052606;107 689;7;0;2;4;2;1
202100052606;107 690;7;0;2;4;2;1
202100052606;107 691;7;0;2;4;2;1
202100052607;107 685;31;8;0;1;1;1
202100052608;107 683;3;0;2;7;2;3
202100052608;107 684;1;0;2;8;2;5
202100052609;107 682;7;2;0;1;14;1
202100052610;107 680;2;0;2;4;1;1
202100052610;107 681;7;0;2;1;1;1
202100052611;107 678;10;0;2;8;15;1
202100052611;107 679;2;0;2;1;1;1
202100052612;107 677;7;2;6;1;1;1
202100052613;107 676;7;13;0;2;1;1
202100052614;107 675;7;0;1;3;1;1
202100052615;107 674;7;12;0;2;1;0
202100052616;107 673;7;0;1;7;2;0
202100052617;107 672;7;6;0;2;14;1
202100052618;107 670;7;0;2;8;15;1
202100052618;107 671;1;0;2;1;1;5
202100052619;107 668;7;0;2;1;1;1
202100052619;107 669;1;0;0;4;1;5
202100052620;107 666;10;0;0;3;17;1
202100052620;107 667;7;0;0;3;14;1
202100052621;107 665;33;13;0;7;13;1
202100052622;107 661;1;0;2;8;9;5
202100052622;107 662;7;0;2;2;1;1
202100052623;107 659;7;0;0;5;1;1
202100052623;107 660;7;9;2;1;12;1
202100052624;107 658;7;3;0;3;17;1
202100052625;107 657;20;0;0;0;0;6
202100052626;107 656;7;16;0;2;1;1
202100052627;107 655;7;0;1;1;1;1
202100052628;107 654;7;6;0;1;16;1
202100052629;107 653;7;0;1;1;1;1
202100052630;107 652;31;8;0;0;1;1
202100052631;107 649;32;0;2;8;2;1
202100052631;107 650;7;0;2;1;2;0
202100052631;107 651;7;0;0;8;2;2
202100052632;107 648;7;13;0;1;1;1
202100052633;107 646;10;0;2;2;1;1
202100052633;107 647;14;0;2;1;1;1
202100052634;107 644;1;0;2;1;1;5
202100052634;107 645;10;0;0;7;1;1
202100052635;107 642;7;0;2;4;2;1
202100052635;107 643;7;0;2;1;1;1
202100052636;107 640;7;0;2;1;9;1
202100052636;107 641;7;0;2;4;9;1
202100052637;107 638;7;0;2;1;26;1
202100052637;107 639;7;0;0;4;2;1
202100052638;107 636;17;0;2;1;12;1
202100052638;107 637;7;0;2;6;1;1
202100052639;107 634;7;0;2;4;23;1
202100052639;107 635;7;0;2;1;1;1
202100052640;107 633;33;1;0;9;1;1
202100052641;107 631;7;0;2;4;2;1
202100052641;107 632;7;0;2;1;2;1
202100052642;107 629;7;0;2;6;11;1
202100052642;107 630;33;0;2;2;3;1
202100052643;107 628;7;4;0;1;1;1
202100052644;107 625;10;0;2;4;1;1
202100052644;107 626;10;0;2;4;1;1
202100052644;107 627;7;0;2;1;21;1
202100052645;107 623;7;0;2;1;1;1
202100052645;107 624;32;0;2;1;1;1
202100052646;107 622;7;14;0;1;15;1
202100052647;107 620;7;0;0;4;2;1
202100052647;107 621;7;0;2;1;2;2
202100052648;107 618;7;0;2;1;1;1
202100052648;107 619;30;0;2;1;21;1
202100052649;107 616;7;0;2;3;1;1
202100052649;107 617;33;0;2;1;1;0
202100052650;107 614;50;0;2;1;25;3
202100052650;107 615;7;0;2;1;26;1
202100052651;107 612;32;0;2;7;1;1
202100052651;107 613;7;0;2;3;10;0
202100052652;107 610;3;0;2;1;13;1
202100052652;107 611;37;0;2;3;1;1
202100052653;107 608;1;0;2;4;1;5
202100052653;107 609;7;0;2;1;9;0
202100052654;107 606;31;0;2;1;15;0
202100052654;107 607;7;0;2;6;11;1
202100052655;107 605;7;0;1;3;1;1
202100052656;107 604;37;0;1;2;16;1
202100052657;107 601;7;0;2;1;1;1
202100052657;107 602;7;0;2;1;1;1
202100052657;107 603;7;0;2;1;1;1
202100052658;107 599;7;0;2;1;1;1
202100052658;107 600;7;0;2;6;23;1
202100052659;107 597;7;0;2;3;1;0
202100052659;107 598;30;0;2;1;1;0
202100052660;107 595;7;0;2;8;9;1
202100052660;107 596;43;0;2;1;1;1
202100052661;107 594;7;8;0;1;14;1
202100052662;107 593;7;0;1;1;1;1
202100052663;107 591;7;0;2;3;1;1
202100052663;107 592;10;0;2;1;1;1
202100052664;107 590;1;15;0;3;21;5
202100052665;107 588;31;0;2;7;1;1
202100052665;107 589;10;0;2;1;9;1
202100052666;107 586;7;0;2;8;19;1
202100052666;107 587;30;0;2;1;1;1
202100052667;107 584;30;0;2;1;26;1
202100052667;107 585;7;0;0;4;2;0
202100052668;107 583;1;0;0;0;26;5
202100052669;107 582;10;8;0;1;13;1
202100052670;107 580;7;0;2;3;23;1
202100052670;107 581;1;0;2;1;16;5
202100052671;107 579;10;0;1;4;4;1
202100052672;107 578;50;0;0;0;0;3
202100052673;107 577;10;0;1;7;16;1
202100052674;107 576;7;2;0;1;14;1
202100052675;107 574;7;0;0;1;1;
202100052675;107 575;1;0;2;1;1;5
202100052676;107 572;1;0;2;1;1;5
202100052676;107 573;7;0;2;8;1;1