Num_Acc;id_vehicule;categorie_vehicule;obstacle_fixe;obstacle_mobile;point_choc_initial;manoeuvre_principale;motorisation
202100052677;107 570;7;6;2;1;1;1
202100052677;107 571;7;0;2;5;1;2
202100052678;107 569;7;0;1;2;1;1
202100052679;107 567;7;0;2;3;17;1
202100052679;107 568;31;0;2;1;1;1
202100052680;107 565;7;0;1;1;1;1
202100052680;107 566;7;0;2;1;1;1
202100052681;107 564;1;6;0;1;17;5
202100052682;107 562;33;0;2;1;17;1
202100052682;107 563;7;0;2;8;15;1
202100052683;107 561;33;0;1;1;1;1
202100052684;107 559;10;0;2;2;15;1
202100052684;107 560;7;0;2;1;1;1
202100052685;107 557;7;0;2;2;12;1
202100052685;107 558;31;0;2;3;1;1
202100052686;107 555;7;0;2;4;2;1
202100052686;107 556;7;0;2;1;2;1
202100052687;107 553;32;0;2;2;3;1
202100052687;107 554;7;0;2;8;11;1
202100052688;107 551;10;0;2;1;1;1
202100052688;107 552;30;0;2;8;1;1
202100052689;107 549;7;0;2;5;10;1
202100052689;107 550;30;0;2;1;1;1
202100052690;107 545;50;0;2;1;5;3
202100052690;107 546;7;0;2;2;15;1
202100052691;107 543;33;0;2;7;5;1
202100052691;107 544;7;0;2;3;15;1
202100052692;107 541;7;0;2;1;1;1
202100052692;107 542;1;0;2;7;1;5
202100052693;107 539;7;0;2;5;23;1
202100052693;107 540;30;0;2;1;2;1
202100052694;107 538;10;0;1;2;15;1
202100052695;107 537;10;0;1;0;1;0
202100052696;107 535;1;0;2;1;1;5
202100052696;107 536;7;0;9;3;1;1
202100052697;107 534;7;0;1;0;1;2
202100052698;107 533;7;0;1;3;1;1
202100052699;107 531;7;0;2;4;9;1
202100052699;107 532;7;0;2;1;0;1
202100052700;107 529;7;0;2;3;23;1
202100052700;107 530;7;0;2;2;1;1
202100052701;107 527;10;0;2;3;13;1
202100052701;107 528;37;0;2;1;26;1
202100052702;107 526;7;0;1;1;0;1
202100052703;107 525;7;0;1;2;1;1
202100052704;107 523;7;0;2;2;10;1
202100052704;107 524;34;0;2;3;1;1
202100052705;107 521;7;0;2;3;2;1
202100052705;107 522;33;0;2;4;23;1
202100052706;107 520;7;0;1;3;15;1
202100052707;107 518;50;0;2;1;1;3
202100052707;107 519;7;0;2;2;15;2
202100052708;107 517;7;0;1;1;1;2
202100052709;107 516;7;0;1;5;1;1
202100052710;107 514;7;0;2;4;2;0
202100052710;107 515;30;0;2;4;1;1
202100052711;107 512;34;0;2;1;1;1
202100052711;107 513;7;0;2;1;1;1
202100052712;107 511;14;0;0;8;14;1
202100052713;107 509;10;0;2;2;1;1
202100052713;107 510;7;3;0;6;11;1
202100052714;107 507;7;13;2;3;13;1
202100052714;107 508;7;0;2;8;1;1
202100052715;107 506;7;0;1;2;1;1
202100052716;107 505;7;15;0;9;0;1
202100052717;107 504;7;0;0;1;2;1
202100052718;107 501;7;0;9;3;17;1
202100052718;107 502;1;0;2;1;1;5
202100052718;107 503;1;0;2;1;1;5
202100052719;107 499;10;0;2;2;15;1
202100052719;107 500;7;6;2;1;1;1
202100052720;107 498;7;2;0;9;1;1
202100052721;107 496;7;13;0;1;1;1
202100052722;107 494;2;0;2;1;1;1
202100052722;107 495;7;0;2;3;15;1
202100052723;107 492;33;7;2;4;2;1
202100052723;107 493;10;0;2;7;15;1
202100052724;107 491;7;0;1;2;1;1
202100052725;107 490;33;13;0;0;2;1
202100052726;107 488;38;0;2;3;1;1
202100052726;107 489;7;0;2;3;9;1
202100052727;107 486;7;0;2;3;0;1
202100052727;107 487;7;0;2;3;1;1
202100052728;107 484;7;0;2;1;1;1
202100052728;107 485;7;0;2;1;5;1
202100052729;107 483;15;16;0;1;1;1
202100052730;107 480;7;0;2;1;2;1
202100052730;107 481;7;0;0;4;1;1
202100052730;107 482;7;0;2;4;2;1
202100052731;107 478;7;0;2;1;13;1
202100052731;107 479;17;0;2;2;1;1
202100052732;107 477;7;2;9;1;14;0
202100052733;107 474;7;0;1;1;1;1
202100052733;107 475;7;0;2;1;2;1
202100052733;107 476;7;0;0;4;1;1
202100052734;107 471;7;0;2;1;5;1
202100052734;107 472;7;0;2;1;2;1
202100052734;107 473;7;0;2;2;21;1
202100052735;107 469;7;1;0;1;1;1
202100052735;107 470;7;0;0;7;24;1
202100052736;107 467;7;0;2;3;1;1
202100052736;107 468;7;8;2;3;1;1
202100052737;107 466;7;0;1;2;1;1
202100052738;107 465;10;15;1;4;26;1
202100052739;107 463;17;0;2;2;12;1
202100052739;107 464;10;0;2;3;1;0
202100052740;107 460;7;0;2;4;9;1
202100052740;107 461;17;0;2;3;1;1
202100052740;107 462;7;0;2;7;1;1
202100052741;107 455;7;4;0;1;13;1
202100052742;107 453;31;0;2;1;1;1
202100052742;107 454;7;0;2;3;15;1
202100052743;107 451;7;0;2;1;1;1
202100052743;107 452;7;0;2;1;1;1
202100052744;107 449;50;0;2;7;1;3
202100052744;107 450;7;0;2;1;1;1
202100052745;107 447;7;0;2;5;22;1
202100052745;107 448;80;1;0;1;18;3
202100052746;107 445;7;0;2;6;15;1
202100052746;107 446;7;0;2;1;2;1
202100052747;107 444;7;0;1;1;1;1
202100052748;107 441;7;0;2;3;1;1
202100052748;107 442;7;0;2;3;1;1
202100052748;107 443;7;0;2;3;0;1
202100052749;107 437;7;0;2;1;1;1
202100052749;107 438;7;0;2;1;1;1
202100052749;107 439;10;0;2;1;1;1
202100052749;107 440;7;0;2;1;13;1
202100052750;107 436;7;6;0;1;1;1
202100052751;107 435;7;0;0;1;14;1
202100052752;107 434;7;0;1;2;15;1
202100052753;107 432;30;0;2;3;15;1
202100052753;107 433;7;0;2;1;1;1
202100052754;107 430;7;0;2;1;13;1
202100052754;107 431;10;0;2;1;1;1
202100052755;107 428;7;0;2;0;0;1
202100052755;107 429;30;0;2;0;0;1
202100052756;107 426;7;0;2;3;9;1
202100052756;107 427;7;0;2;2;1;1
202100052757;107 424;7;0;2;1;1;1
202100052757;107 425;7;0;2;4;1;1
202100052758;107 423;10;0;1;1;1;1
202100052759;107 421;30;0;2;7;1;1
202100052759;107 422;7;0;2;1;15;1
202100052760;107 420;7;0;1;1;1;1
202100052761;107 417;7;0;2;3;11;0
202100052761;107 418;7;0;2;0;1;1
202100052761;107 419;99;0;2;5;1;0
202100052762;107 416;7;7;0;3;14;1
202100052763;107 414;7;0;2;3;19;1
202100052763;107 415;1;0;2;7;1;0
202100052764;107 412;7;0;2;1;2;1
202100052764;107 413;7;0;2;4;1;1
202100052765;107 411;7;0;1;1;1;1
202100052766;107 410;0;0;1;0;2;
202100052767;107 409;7;0;1;5;4;1
202100052768;107 406;7;1;0;1;14;1
202100052769;107 404;7;0;2;1;1;1
202100052769;107 405;7;0;2;5;19;1
202100052770;107 402;7;0;2;1;13;1
202100052770;107 403;7;0;2;1;1;1
202100052771;107 400;32;0;2;7;1;1
202100052771;107 401;80;0;2;6;1;3
202100052772;107 399;7;0;1;1;1;1
202100052773;107 398;7;13;0;1;14;1
202100052774;107 394;10;1;2;8;0;1
202100052774;107 395;7;0;2;3;13;1
202100052774;107 396;3;0;2;3;13;1
202100052774;107 397;7;1;2;8;0;1
202100052775;107 393;10;0;1;2;16;1
202100052776;107 392;7;0;1;3;1;1
202100052777;107 390;1;0;2;2;1;5
202100052777;107 391;7;0;2;1;1;1
202100052778;107 388;7;0;2;3;15;1
202100052778;107 389;33;0;2;8;1;1
202100052779;107 386;7;0;2;1;9;1
202100052779;107 387;1;0;2;2;9;6
202100052780;107 384;7;14;0;1;6;1
202100052780;107 385;7;0;2;1;1;1
202100052781;107 382;7;0;0;2;19;1
202100052781;107 383;32;0;9;1;19;1
202100052782;107 381;7;0;1;3;1;1
202100052783;107 379;10;0;0;0;1;1
202100052783;107 380;7;0;0;1;13;1
202100052784;107 377;7;0;2;4;2;1
202100052784;107 378;7;0;2;1;2;1
202100052785;107 374;7;0;2;4;2;1
202100052785;107 375;7;0;2;1;1;1
202100052785;107 376;7;0;2;4;2;1
202100052786;107 372;2;0;2;1;1;1
202100052786;107 373;7;0;2;2;1;1
202100052787;107 367;7;0;2;1;9;1
202100052787;107 368;7;0;2;3;1;1
202100052787;107 369;7;0;2;2;1;1
202100052788;107 365;10;0;0;0;0;1
202100052788;107 366;31;0;2;1;5;1
202100052789;107 363;7;0;2;2;15;1
202100052789;107 364;30;0;2;1;1;1
202100052790;107 362;32;0;1;1;1;1
202100052791;107 360;43;0;2;1;1;1
202100052791;107 361;10;0;2;4;1;1
202100052792;107 359;2;0;0;0;1;1
202100052793;107 358;7;16;0;1;19;1
202100052794;107 355;7;0;2;1;0;0
202100052794;107 356;7;0;2;1;0;0
202100052794;107 357;7;0;2;6;0;0
202100052795;107 353;7;0;2;3;16;1
202100052795;107 354;2;0;2;1;1;1
202100052796;107 352;7;0;1;1;1;1
202100052797;107 351;2;14;0;9;2;1
202100052798;107 349;30;0;2;1;19;1
202100052798;107 350;7;0;2;6;1;1
202100052799;107 347;7;0;9;8;1;1
202100052799;107 348;1;0;2;3;19;5
202100052800;107 343;7;0;2;1;11;1
202100052800;107 344;10;0;2;2;23;1
202100052800;107 345;7;0;2;4;23;1
202100052800;107 346;7;0;2;4;23;1
202100052801;107 341;33;0;2;8;1;1
202100052801;107 342;7;0;2;5;1;0
202100052802;107 339;32;0;2;1;1;1
202100052802;107 340;7;0;2;5;15;1
202100052803;107 338;7;0;1;8;1;1
202100052804;107 336;30;0;2;7;15;1
202100052804;107 337;7;0;2;2;1;1
202100052805;107 334;33;0;2;3;2;1
202100052805;107 335;1;0;2;3;15;5
202100052806;107 332;1;0;2;8;15;5
202100052806;107 333;1;0;2;7;17;5
202100052807;107 330;30;0;2;3;17;1
202100052807;107 331;7;0;2;2;16;1
202100052808;107 329;10;0;1;1;1;0
202100052809;107 328;7;1;2;2;1;1
202100052810;107 327;7;14;1;1;1;1
202100052811;107 323;1;0;2;2;1;5
202100052811;107 324;7;0;0;3;9;1
202100052812;107 321;7;0;2;2;9;1
202100052812;107 322;2;0;2;3;1;1
202100052813;107 319;32;0;2;1;1;1
202100052813;107 320;7;0;2;2;15;1
202100052814;107 317;99;0;2;1;3;3
202100052814;107 318;7;0;9;3;1;1
202100052815;107 315;7;0;2;4;23;1
202100052815;107 316;30;0;2;2;2;1
202100052816;107 314;30;14;0;1;14;1
202100052817;107 313;1;0;1;1;1;5
202100052818;107 311;2;0;2;8;1;1
202100052818;107 312;7;0;2;1;15;1
202100052819;107 310;7;0;1;1;1;1
202100052820;107 308;7;0;0;1;1;1
202100052820;107 309;7;0;0;7;13;1
202100052821;107 307;7;2;0;2;1;1
202100052822;107 306;10;4;0;7;1;1
202100052823;107 304;7;0;2;1;1;1
202100052823;107 305;14;0;2;3;1;1
202100052824;107 303;20;6;0;1;1;1
202100052825;107 301;15;0;2;1;1;1
202100052825;107 302;7;0;2;2;19;1
202100052826;107 299;10;0;2;1;1;1
202100052826;107 300;7;0;2;7;21;1
202100052827;107 298;7;13;0;1;1;1
202100052828;107 295;21;17;0;2;14;1
202100052829;107 291;2;0;2;1;13;1
202100052829;107 292;7;0;2;1;1;1
202100052830;107 290;7;2;0;7;1;1
202100052831;107 289;14;0;0;7;2;1
202100052832;107 287;37;0;2;3;23;1
202100052832;107 288;17;0;2;3;1;1
202100052833;107 285;7;0;2;5;15;1
202100052833;107 286;2;0;2;8;1;1
202100052834;107 281;7;0;2;7;1;1
202100052834;107 282;7;0;2;1;2;1
202100052834;107 283;7;0;2;1;2;1
202100052834;107 284;15;3;0;0;1;1
202100052835;107 279;7;0;2;1;1;1
202100052835;107 280;7;0;2;8;11;1
202100052836;107 277;21;14;1;5;4;1
202100052836;107 278;17;0;1;1;23;1
202100052837;107 275;15;3;2;1;6;1
202100052837;107 276;10;0;2;8;1;1
202100052838;107 274;10;3;2;1;14;1
202100052839;107 272;7;0;2;3;1;1
202100052839;107 273;7;0;2;1;13;1
202100052840;107 270;7;0;2;3;13;1
202100052840;107 271;7;0;2;3;0;1
202100052841;107 269;2;2;0;3;2;0
202100052842;107 267;1;0;2;8;1;5
202100052842;107 268;7;0;2;8;15;1
202100052843;107 263;7;0;0;4;2;1
202100052843;107 264;7;0;2;4;2;1
202100052843;107 265;7;0;2;1;2;1
202100052843;107 266;7;0;2;4;2;0
202100052844;107 262;7;13;0;1;1;1
202100052845;107 260;14;0;2;3;15;1
202100052845;107 261;7;2;2;7;17;1
202100052846;107 255;7;0;0;7;2;1
202100052846;107 256;7;0;0;7;2;1
202100052846;107 257;7;0;0;6;2;1
202100052846;107 258;15;0;2;6;1;1
202100052846;107 259;7;0;2;9;3;1
202100052847;107 254;34;0;0;8;1;1
202100052848;107 252;17;0;2;2;2;1
202100052848;107 253;7;0;2;4;23;1
202100052849;107 249;15;0;2;2;14;1
202100052849;107 250;7;0;2;1;2;1
202100052849;107 251;34;0;2;1;2;1
202100052850;107 247;10;0;2;5;1;1
202100052850;107 248;7;0;2;3;0;3
202100052851;107 245;7;0;2;0;0;1
202100052851;107 246;31;0;2;3;1;1
202100052852;107 243;43;0;2;1;3;1
202100052852;107 244;7;0;2;4;1;1
202100052853;107 242;33;12;0;1;1;1
202100052854;107 240;7;0;2;4;2;1
202100052854;107 241;7;3;2;1;1;1
202100052855;107 239;31;0;0;8;1;1
202100052856;107 237;13;0;2;6;2;1
202100052856;107 238;7;3;2;3;2;1
202100052857;107 236;2;0;0;0;26;1
202100052858;107 234;7;0;2;1;15;1
202100052858;107 235;2;0;2;1;1;1
202100052859;107 232;7;0;2;1;1;1
202100052859;107 233;7;0;2;4;1;1
202100052860;107 230;7;0;2;1;10;1
202100052860;107 231;33;0;2;8;1;1
202100052861;107 228;15;0;2;1;2;1
202100052861;107 229;7;0;9;4;2;1
202100052862;107 227;7;0;1;1;1;1
202100052863;107 225;2;0;2;1;1;1
202100052863;107 226;7;0;2;1;15;1
202100052864;107 223;7;0;2;3;16;1
202100052864;107 224;1;0;2;1;15;5
202100052865;107 221;7;0;2;4;23;1
202100052865;107 222;10;0;2;1;2;1
202100052866;107 217;7;4;2;2;19;1
202100052866;107 218;7;0;2;1;1;1
202100052867;107 216;7;8;0;2;0;1
202100052868;107 214;1;0;2;1;1;5
202100052868;107 215;10;0;2;1;15;1
202100052869;107 212;10;0;2;1;2;1
202100052869;107 213;7;0;2;5;1;1
202100052870;107 207;7;0;2;1;1;1
202100052870;107 208;7;0;2;4;23;1
202100052870;107 209;7;0;2;4;23;1
202100052871;107 205;7;0;2;1;1;1
202100052871;107 206;7;0;2;1;1;1
202100052872;107 203;30;0;0;0;0;1
202100052873;107 201;7;0;2;1;1;1
202100052873;107 202;7;0;2;6;1;1
202100052874;107 200;7;2;0;2;13;1
202100052875;107 199;7;0;0;0;14;1
202100052876;107 198;7;0;1;7;1;1
202100052877;107 196;7;0;2;1;19;1
202100052877;107 197;1;0;2;8;1;5
202100052878;107 195;7;0;1;1;1;1
202100052879;107 194;7;0;1;1;15;1
202100052880;107 193;10;0;1;7;1;1
202100052881;107 191;7;0;2;4;2;1
202100052881;107 192;7;0;2;1;2;1
202100052882;107 190;30;14;0;1;1;3
202100052883;107 189;1;0;2;7;1;0
202100052884;107 187;7;0;2;1;1;1
202100052884;107 188;7;0;2;4;23;1
202100052885;107 186;30;0;0;8;15;1
202100052886;107 185;7;15;0;1;1;1
202100052887;107 183;7;0;2;3;1;1
202100052887;107 184;7;0;2;1;15;1
202100052888;107 182;7;0;1;7;1;1
202100052889;107 179;10;0;2;1;2;1
202100052889;107 180;7;0;0;4;2;1
202100052889;107 181;7;0;2;1;2;1
202100052890;107 177;7;0;2;8;15;1
202100052890;107 178;33;0;2;1;17;1
202100052891;107 175;7;0;2;2;15;1
202100052891;107 176;31;0;2;2;17;1
202100052892;107 174;7;0;1;1;21;1
202100052893;107 172;1;0;2;4;1;5
202100052893;107 173;7;0;2;1;1;1
202100052894;107 171;7;0;0;2;14;1
202100052895;107 170;7;0;1;1;1;1
202100052896;107 168;30;0;2;4;1;1
202100052896;107 169;30;0;2;1;1;1
202100052897;107 166;7;0;2;1;1;1
202100052897;107 167;7;0;2;8;1;1
202100052898;107 164;7;0;2;2;15;1
202100052898;107 165;7;0;2;3;1;1
202100052899;107 162;33;0;2;7;1;1
202100052899;107 163;7;0;2;6;26;1
202100052900;107 159;10;0;2;3;1;1
202100052900;107 160;7;0;2;0;0;1
202100052900;107 161;10;0;2;3;0;1
202100052901;107 158;32;14;0;3;26;1
202100052902;107 157;43;0;1;1;1;1
202100052903;107 155;7;0;2;2;2;2
202100052903;107 156;7;0;2;6;15;1
202100052904;107 153;7;8;0;2;1;0
202100052905;107 151;7;0;2;1;2;1
202100052905;107 152;7;4;2;4;2;1
202100052906;107 148;30;0;2;2;11;3
202100052906;107 149;7;0;2;2;21;3
202100052906;107 150;33;9;2;3;7;1
202100052907;107 146;7;0;2;1;1;1
202100052907;107 147;7;0;2;3;1;1
202100052908;107 145;7;0;1;2;1;1
202100052909;107 143;7;0;2;2;15;2
202100052909;107 144;50;0;2;1;1;3
202100052910;107 142;7;11;0;1;13;2
202100052911;107 140;33;0;2;1;1;1
202100052911;107 141;7;0;2;1;15;1
202100052912;107 139;7;1;0;1;15;1
202100052913;107 138;32;0;2;0;1;1
202100052914;107 136;7;0;2;8;15;1
202100052914;107 137;33;0;2;7;17;1
202100052915;107 134;7;0;2;3;22;1
202100052915;107 135;1;0;2;1;1;5
202100052916;107 133;50;8;0;1;14;3
202100052917;107 132;34;0;1;1;1;3
202100052918;107 130;7;0;2;1;19;1
202100052918;107 131;33;0;2;0;0;0
202100052919;107 128;7;0;0;0;16;1
202100052919;107 129;2;0;0;0;21;1
202100052920;107 126;7;0;2;3;9;2
202100052920;107 127;2;0;2;1;9;1
202100052921;107 124;30;0;2;1;15;1
202100052921;107 125;30;0;2;8;1;1
202100052922;107 123;10;0;1;1;26;1
202100052923;107 121;20;0;2;3;26;1
202100052923;107 122;7;0;2;3;26;1
202100052924;107 120;7;0;1;0;;
202100052925;107 118;33;0;2;2;17;1
202100052925;107 119;13;0;2;3;2;1
202100052926;107 116;7;0;2;5;1;2
202100052926;107 117;2;0;2;3;11;1
202100052927;107 114;7;0;2;3;1;1
202100052927;107 115;7;0;2;1;1;1
202100052928;107 112;7;0;9;3;1;1
202100052928;107 113;1;0;2;1;15;5
202100052929;107 110;10;0;2;3;1;1
202100052929;107 111;10;0;2;3;13;1
202100052930;107 109;7;0;0;0;1;1
202100052931;107 107;10;0;1;7;1;1
202100052932;107 105;7;0;0;4;2;1
202100052932;107 106;7;0;2;1;2;1
202100052933;107 102;7;0;0;4;1;0
202100052933;107 103;7;0;2;1;1;0
202100052933;107 104;7;0;2;1;1;1
202100052934;107 100;34;0;2;1;17;1
202100052934;107 101;7;0;2;3;9;1
202100052935;107 098;33;0;2;7;0;1
202100052935;107 099;7;0;2;1;0;1
202100052936;107 097;7;15;0;3;0;1
202100052937;107 096;7;0;1;3;0;0
202100052938;107 095;33;3;0;2;1;1
202100052939;107 094;17;0;1;2;1;1
202100052940;107 091;7;0;2;3;1;1
202100052940;107 092;7;0;2;3;1;1
202100052940;107 093;99;0;2;1;1;1
202100052941;107 090;7;0;1;0;1;6
202100052942;107 089;15;3;0;7;14;1
202100052943;107 088;7;4;0;3;26;1
202100052944;107 086;15;0;2;4;2;1
202100052944;107 087;15;0;2;1;2;1
202100052945;107 084;38;0;2;2;19;1
202100052945;107 085;10;0;2;5;21;1
202100052946;107 082;7;0;2;2;0;1
202100052946;107 083;7;0;2;3;0;1
202100052947;107 078;7;0;2;1;2;1
202100052947;107 079;7;0;2;1;2;1
202100052947;107 080;7;0;0;4;1;1
202100052947;107 081;10;0;2;4;2;1
202100052948;107 076;17;0;2;2;2;1
202100052948;107 077;7;0;0;4;2;1
202100052949;107 074;7;0;2;2;1;1
202100052949;107 075;1;0;2;6;1;5
202100052950;107 072;2;0;2;1;13;1
202100052950;107 073;38;0;2;3;1;1
202100052951;107 071;7;13;0;7;1;1
202100052952;107 067;1;0;0;4;2;5
202100052952;107 068;1;0;9;1;2;5
202100052953;107 066;7;0;0;2;1;1
202100052954;107 064;7;0;2;2;1;1
202100052954;107 065;10;0;0;2;1;1
202100052955;107 063;7;6;0;1;1;1
202100052956;107 062;10;0;1;3;1;1
202100052957;107 060;7;0;2;9;1;1
202100052957;107 061;17;0;2;1;0;1
202100052958;107 059;7;2;0;1;1;1
202100052959;107 057;7;0;2;1;1;1
202100052959;107 058;7;7;2;6;15;1
202100052960;107 053;14;0;0;6;1;1
202100052960;107 054;10;0;2;2;17;1
202100052961;107 051;7;0;2;3;18;0
202100052961;107 052;7;0;2;5;1;1
202100052962;107 049;7;0;2;1;2;1
202100052962;107 050;7;0;2;4;2;1
202100052963;107 047;17;0;2;2;12;1
202100052963;107 048;7;0;2;4;1;1
202100052964;107 046;7;0;0;9;1;1
202100052965;107 044;30;0;2;8;1;1
202100052965;107 045;7;0;2;3;13;1
202100052966;107 041;1;0;2;8;19;5
202100052966;107 042;7;0;2;1;2;1
202100052966;107 043;7;0;0;0;0;1
202100052967;107 040;2;0;2;4;15;1
202100052968;107 038;7;0;2;6;2;1
202100052968;107 039;10;0;2;1;2;1
202100052969;107 034;7;0;2;5;15;1
202100052969;107 035;1;0;2;1;1;6
202100052970;107 032;3;0;2;0;0;1
202100052970;107 033;7;8;2;8;1;1
202100052971;107 030;7;6;1;1;26;1
202100052971;107 031;7;0;2;7;15;1
202100052972;107 028;7;0;2;4;23;1
202100052972;107 029;10;0;2;1;1;1
202100052973;107 027;37;0;1;1;1;1
202100052974;107 025;7;0;2;1;1;1
202100052974;107 026;7;0;2;8;1;1
202100052975;107 023;30;0;2;1;1;1
202100052975;107 024;7;0;2;1;15;1
202100052976;107 022;7;0;1;2;26;1
202100052977;107 021;7;0;1;1;1;1
202100052978;107 019;7;0;2;2;17;1
202100052978;107 020;7;0;2;3;15;1
202100052979;107 018;30;0;1;1;14;1
202100052980;107 017;7;0;1;1;1;1
202100052981;107 015;10;0;2;7;1;1
202100052981;107 016;7;0;2;3;15;1
202100052982;107 011;7;0;2;0;0;1
202100052982;107 012;7;0;2;0;1;1
202100052982;107 013;7;0;2;4;1;1
202100052982;107 014;7;0;2;9;26;1
202100052983;107 009;34;0;2;1;1;1
202100052983;107 010;7;0;2;6;26;1
202100052984;107 008;7;0;1;5;1;1
202100052985;107 007;7;0;1;1;1;1
202100052986;107 005;2;0;2;3;1;1
202100052986;107 006;7;0;2;5;23;1
202100052987;107 003;7;0;2;1;2;1
202100052987;107 004;99;0;2;4;23;1
202100052988;107 001;30;0;2;8;1;1
202100052988;107 002;30;0;2;1;1;3
202100052989;107 000;50;0;1;8;1;3
202100052990;106 999;1;0;2;4;1;5
202100052991;106 998;30;0;1;3;17;1
202100052992;106 997;10;0;1;2;16;1
202100052993;106 995;10;0;2;0;26;0
202100052993;106 996;2;0;2;6;0;1
202100052994;106 993;32;0;2;0;15;1
202100052994;106 994;37;0;2;8;15;1
202100052995;106 991;7;16;2;6;9;1
202100052995;106 992;7;0;2;1;1;1
202100052996;106 989;7;0;2;0;0;0
202100052996;106 990;7;0;2;1;26;0
202100052997;106 987;30;0;2;1;5;1
202100052997;106 988;7;0;2;3;10;1
202100052998;106 985;7;0;0;3;1;1
202100052998;106 986;7;0;0;3;1;1
202100052999;106 984;7;0;1;1;1;1
202100053000;106 983;7;13;0;2;14;1
202100053001;106 981;7;0;2;1;0;1
202100053001;106 982;7;0;2;8;0;1
202100053002;106 977;7;0;2;1;13;1
202100053002;106 978;7;0;0;8;1;1
202100053002;106 979;7;0;0;3;1;1
202100053002;106 980;7;14;0;1;1;1
202100053003;106 976;7;0;1;6;4;1
202100053004;106 975;7;13;0;9;1;1
202100053005;106 973;7;0;2;1;1;1
202100053005;106 974;7;0;2;2;26;1
202100053006;106 972;33;15;0;7;1;1
202100053007;106 970;7;0;2;1;2;1
202100053007;106 971;7;0;2;6;1;1
202100053008;106 968;7;0;2;1;13;1
202100053008;106 969;7;0;2;1;1;1
202100053009;106 967;7;6;0;0;1;0
202100053010;106 963;7;0;2;1;1;1
202100053010;106 964;7;0;2;8;19;1
202100053011;106 962;31;0;0;0;21;1
202100053012;106 961;7;4;0;8;9;1
202100053013;106 959;7;0;2;1;1;1
202100053013;106 960;7;0;2;1;17;1
202100053014;106 958;7;7;0;1;14;1
202100053015;106 957;7;6;0;3;1;1
202100053016;106 955;7;0;2;3;1;1
202100053016;106 956;7;0;2;3;1;1
202100053017;106 952;10;0;2;1;2;1
202100053017;106 953;7;0;2;4;2;1
202100053017;106 954;7;0;2;4;2;1
202100053018;106 950;7;0;2;2;1;2
202100053018;106 951;2;0;2;3;2;1
202100053019;106 949;7;6;0;4;0;1
202100053020;106 948;2;8;0;2;9;1
202100053021;106 947;7;13;0;2;0;1
202100053022;106 946;7;8;0;1;1;1
202100053023;106 945;7;13;0;1;15;1
202100053024;106 943;2;0;2;1;1;1
202100053024;106 944;7;0;2;7;19;1
202100053025;106 941;7;0;2;1;1;1
202100053025;106 942;7;0;2;3;26;1
202100053026;106 939;7;0;2;4;1;1
202100053026;106 940;7;0;2;1;2;1
202100053027;106 937;7;0;2;3;12;1
202100053027;106 938;7;0;2;4;1;1
202100053028;106 935;7;0;2;4;2;1
202100053028;106 936;7;0;2;1;2;1
202100053029;106 934;7;16;0;9;13;1
202100053030;106 932;7;0;2;2;2;0
202100053030;106 933;7;4;2;6;1;1
202100053031;106 931;7;4;0;1;18;1
202100053032;106 927;7;0;2;3;1;1
202100053032;106 928;7;0;2;9;21;1
202100053032;106 929;7;0;2;6;1;1
202100053032;106 930;7;0;2;3;5;1
202100053033;106 925;7;0;2;1;2;1
202100053033;106 926;7;0;2;4;2;1
202100053034;106 924;7;4;0;1;14;1
202100053035;106 922;7;0;2;4;2;1
202100053035;106 923;7;0;2;1;1;1
202100053036;106 921;7;3;0;1;1;1
202100053037;106 919;7;0;0;5;1;1
202100053037;106 920;33;0;0;0;0;1
202100053038;106 917;7;0;2;4;1;1
202100053038;106 918;7;0;2;9;1;1
202100053039;106 916;33;0;0;9;1;1
202100053040;106 914;7;0;2;3;13;1
202100053040;106 915;7;0;2;2;1;1
202100053041;106 912;1;0;2;4;1;5
202100053041;106 913;7;0;2;2;1;1
202100053042;106 910;33;0;2;1;3;1
202100053042;106 911;7;0;2;3;9;1
202100053043;106 908;7;0;2;5;23;1
202100053043;106 909;1;0;2;1;1;5
202100053044;106 906;7;0;2;5;1;1
202100053044;106 907;7;0;2;1;1;1
202100053045;106 904;10;0;2;3;1;1
202100053045;106 905;33;0;2;0;16;1
202100053046;106 902;7;0;2;1;15;1
202100053046;106 903;2;0;2;1;26;3
202100053047;106 900;7;0;2;1;2;1
202100053047;106 901;7;0;0;4;2;1
202100053048;106 899;33;12;0;3;1;1
202100053049;106 898;7;1;0;1;1;1
202100053050;106 897;7;8;0;1;15;1
202100053051;106 896;10;0;1;6;26;0
202100053052;106 894;50;0;2;1;25;3
202100053052;106 895;7;0;2;1;16;1
202100053053;106 892;2;0;2;1;1;1
202100053053;106 893;7;0;0;4;2;1
202100053054;106 890;80;0;2;1;1;3
202100053054;106 891;7;0;2;3;1;1
202100053055;106 888;1;0;2;4;1;5
202100053055;106 889;10;0;2;1;9;1
202100053056;106 886;7;0;2;6;15;2
202100053056;106 887;33;0;2;1;17;1
202100053057;106 884;30;0;2;4;1;1
202100053057;106 885;7;14;0;1;9;1
202100053058;106 883;7;13;0;1;13;1
202100053059;106 882;7;13;0;1;14;1
202100053060;106 881;2;14;0;1;1;1
202100053061;106 879;7;0;2;8;1;1
202100053061;106 880;7;0;2;3;1;1
202100053062;106 877;30;0;2;1;9;1
202100053062;106 878;7;0;2;2;1;1
202100053063;106 873;7;0;2;9;1;1
202100053063;106 874;7;0;2;3;15;1
202100053063;106 875;7;0;2;7;1;1
202100053063;106 876;7;0;2;1;1;1
202100053064;106 869;1;0;2;1;2;5
202100053064;106 870;14;0;2;0;1;1
202100053065;106 868;7;7;0;7;1;1
202100053066;106 867;7;0;1;2;1;1
202100053067;106 864;7;0;2;1;0;0
202100053067;106 865;7;0;2;3;0;0