Num_Acc;id_vehicule;categorie_vehicule;obstacle_fixe;obstacle_mobile;point_choc_initial;manoeuvre_principale;motorisation
202100053067;106 866;7;0;2;1;19;0
202100053068;106 863;7;0;1;3;1;1
202100053069;106 862;7;0;1;1;19;1
202100053070;106 860;7;9;2;7;2;1
202100053070;106 861;7;9;2;1;13;1
202100053071;106 859;7;8;0;1;1;1
202100053072;106 857;7;0;2;3;10;1
202100053072;106 858;2;0;2;1;2;1
202100053073;106 855;2;0;2;8;2;1
202100053073;106 856;7;0;2;7;12;1
202100053074;106 854;32;0;0;3;11;1
202100053075;106 853;32;0;2;1;1;1
202100053076;106 851;13;0;2;2;12;1
202100053076;106 852;7;0;2;3;1;1
202100053077;106 850;7;1;0;2;14;1
202100053078;106 848;7;0;2;1;1;1
202100053078;106 849;30;0;2;1;15;1
202100053079;106 847;7;0;1;7;16;1
202100053080;106 845;31;0;2;0;1;1
202100053080;106 846;7;0;2;0;9;0
202100053081;106 844;30;0;1;3;1;1
202100053082;106 843;1;0;1;0;1;5
202100053083;106 842;32;12;0;1;13;1
202100053084;106 840;7;0;2;7;13;1
202100053084;106 841;33;0;2;7;17;1
202100053085;106 838;30;0;2;3;1;1
202100053085;106 839;7;0;2;3;15;2
202100053086;106 837;7;0;1;1;1;1
202100053087;106 835;2;0;0;0;0;1
202100053087;106 836;7;0;2;1;2;0
202100053088;106 833;7;0;2;8;15;1
202100053088;106 834;7;0;2;1;1;1
202100053089;106 832;7;0;1;3;18;0
202100053090;106 831;1;12;0;1;1;5
202100053091;106 830;7;8;0;1;18;1
202100053092;106 829;7;3;0;1;1;1
202100053093;106 826;7;1;0;9;23;1
202100053093;106 827;7;1;0;1;16;1
202100053093;106 828;7;0;2;6;23;1
202100053094;106 825;7;1;1;4;4;1
202100053095;106 824;32;14;0;3;13;1
202100053096;106 823;32;0;0;1;26;1
202100053097;106 821;7;0;2;5;16;1
202100053097;106 822;7;0;2;0;9;0
202100053098;106 820;7;0;1;7;1;1
202100053099;106 818;30;0;2;1;14;1
202100053099;106 819;7;1;2;3;17;1
202100053100;106 816;7;0;2;6;15;1
202100053100;106 817;31;0;2;1;1;1
202100053101;106 814;2;0;2;8;15;1
202100053101;106 815;7;0;2;7;15;1
202100053102;106 813;7;0;1;1;1;1
202100053103;106 812;33;3;0;0;1;1
202100053104;106 810;7;0;2;1;1;1
202100053104;106 811;7;0;2;1;13;1
202100053105;106 808;7;0;2;3;1;1
202100053105;106 809;7;0;2;2;5;1
202100053106;106 806;7;0;1;2;1;1
202100053106;106 807;15;0;1;2;1;1
202100053107;106 805;31;8;0;1;1;1
202100053108;106 802;33;0;2;1;13;1
202100053108;106 803;7;0;2;6;1;1
202100053108;106 804;7;0;2;8;1;1
202100053109;106 801;7;13;0;2;13;1
202100053110;106 799;7;0;2;1;15;1
202100053110;106 800;7;0;2;6;19;1
202100053111;106 797;7;0;2;1;1;1
202100053111;106 798;10;0;2;1;1;1
202100053112;106 796;7;13;0;1;1;1
202100053113;106 795;10;8;0;0;0;1
202100053114;106 793;7;0;2;8;15;1
202100053114;106 794;7;0;2;1;17;6
202100053115;106 792;7;2;0;2;1;1
202100053116;106 789;7;0;2;3;13;1
202100053116;106 790;7;0;2;3;1;1
202100053116;106 791;7;0;2;7;1;1
202100053117;106 788;7;13;0;3;13;1
202100053118;106 787;2;14;9;1;1;1
202100053119;106 786;7;0;0;1;1;1
202100053120;106 784;2;0;2;1;5;1
202100053120;106 785;7;0;2;2;1;1
202100053121;106 782;7;0;0;8;1;1
202100053121;106 783;34;0;2;7;17;1
202100053122;106 781;7;3;0;8;1;1
202100053123;106 780;33;0;0;0;0;1
202100053124;106 778;32;0;2;7;17;1
202100053124;106 779;1;0;2;8;1;1
202100053125;106 777;7;2;0;1;0;1
202100053126;106 776;7;6;0;2;14;1
202100053127;106 774;7;0;9;1;19;1
202100053127;106 775;1;0;2;7;19;5
202100053128;106 773;10;0;1;4;4;1
202100053129;106 772;7;13;0;2;14;1
202100053130;106 770;10;1;0;6;1;1
202100053131;106 769;7;2;0;1;21;1
202100053132;106 768;33;0;0;8;16;1
202100053133;106 767;2;0;0;0;0;1
202100053134;106 765;7;16;2;8;1;1
202100053134;106 766;7;0;2;8;17;1
202100053135;106 763;7;0;0;1;1;1
202100053135;106 764;7;0;0;1;15;1
202100053136;106 762;7;6;0;1;6;1
202100053137;106 761;36;6;0;2;0;1
202100053138;106 760;7;6;0;1;0;1
202100053139;106 757;7;3;2;4;2;1
202100053139;106 758;7;3;2;4;2;1
202100053139;106 759;7;3;2;1;2;1
202100053140;106 755;7;0;2;2;1;1
202100053140;106 756;7;0;2;6;1;1
202100053141;106 752;7;0;2;4;2;1
202100053141;106 753;7;0;2;1;2;1
202100053141;106 754;7;0;2;4;0;2
202100053142;106 751;7;2;0;2;1;1
202100053143;106 750;33;0;0;8;26;1
202100053144;106 749;7;0;0;0;1;1
202100053145;106 747;33;0;2;2;3;1
202100053145;106 748;7;0;2;3;11;1
202100053146;106 744;7;0;2;1;21;1
202100053146;106 745;7;0;2;5;2;1
202100053146;106 746;7;0;2;4;0;1
202100053147;106 743;7;0;0;9;1;1
202100053148;106 740;7;0;2;1;1;1
202100053148;106 741;10;0;2;2;1;1
202100053148;106 742;10;0;2;4;1;1
202100053149;106 737;7;0;2;6;23;1
202100053149;106 738;10;0;2;2;21;1
202100053149;106 739;7;0;2;4;0;1
202100053150;106 735;10;0;2;6;23;1
202100053150;106 736;33;1;0;1;2;1
202100053151;106 732;7;0;2;1;2;1
202100053151;106 733;7;0;2;1;2;1
202100053151;106 734;7;0;2;4;23;1
202100053152;106 730;10;0;0;0;0;1
202100053152;106 731;33;2;2;1;17;1
202100053153;106 729;7;1;1;3;13;1
202100053154;106 726;7;0;2;4;1;1
202100053154;106 727;7;0;2;4;1;1
202100053154;106 728;14;0;2;1;1;1
202100053155;106 724;7;0;2;8;15;1
202100053155;106 725;33;0;2;7;17;1
202100053156;106 722;7;0;2;8;16;1
202100053156;106 723;7;0;2;2;1;1
202100053157;106 721;7;0;1;8;2;1
202100053158;106 718;7;0;2;6;2;1
202100053158;106 719;7;0;2;4;2;1
202100053158;106 720;10;0;2;1;2;1
202100053159;106 716;7;0;2;8;1;1
202100053159;106 717;32;0;2;1;1;1
202100053160;106 714;7;0;2;3;2;1
202100053160;106 715;7;0;2;5;1;1
202100053161;106 712;7;0;0;0;14;1
202100053161;106 713;1;0;0;0;21;5
202100053162;106 710;30;0;2;1;1;1
202100053162;106 711;7;0;2;8;15;1
202100053163;106 708;32;0;2;3;0;1
202100053163;106 709;7;1;2;3;15;1
202100053164;106 706;50;0;2;2;15;3
202100053164;106 707;32;0;2;1;1;1
202100053165;106 704;7;0;2;1;1;1
202100053165;106 705;7;0;2;7;19;1
202100053166;106 702;7;0;2;2;15;1
202100053166;106 703;7;0;2;1;1;1
202100053167;106 699;37;0;9;7;1;0
202100053167;106 700;2;0;2;8;26;1
202100053168;106 696;7;0;2;1;1;1
202100053168;106 697;7;0;2;1;24;2
202100053168;106 698;7;0;2;1;15;1
202100053169;106 695;30;0;0;7;9;1
202100053170;106 694;7;4;0;9;13;1
202100053171;106 692;7;0;2;3;1;1
202100053171;106 693;7;0;2;2;1;1
202100053172;106 690;32;0;2;1;1;1
202100053172;106 691;10;0;2;7;15;1
202100053173;106 688;7;0;2;5;1;1
202100053173;106 689;7;0;2;1;1;1
202100053174;106 687;7;0;1;2;16;1
202100053175;106 684;7;0;2;1;15;1
202100053175;106 685;1;0;2;1;1;5
202100053176;106 683;7;0;1;7;11;1
202100053177;106 681;2;0;2;3;12;1
202100053177;106 682;7;0;2;5;1;1
202100053178;106 679;7;0;2;0;1;0
202100053178;106 680;1;0;2;4;15;5
202100053179;106 678;32;0;0;0;16;1
202100053180;106 677;7;0;2;1;1;1
202100053181;106 674;7;0;2;1;13;1
202100053181;106 675;7;0;2;8;1;1
202100053181;106 676;7;0;2;1;1;1
202100053182;106 673;7;0;1;1;1;1
202100053183;106 671;7;0;2;3;7;1
202100053183;106 672;37;0;2;2;1;1
202100053184;106 667;7;0;2;4;2;1
202100053184;106 668;7;0;2;1;2;1
202100053185;106 665;7;0;2;2;15;1
202100053185;106 666;7;0;2;2;1;1
202100053186;106 663;7;0;9;1;1;0
202100053186;106 664;1;0;2;7;19;5
202100053187;106 662;7;13;0;1;14;1
202100053188;106 661;40;0;1;6;1;3
202100053189;106 659;7;1;2;5;1;1
202100053189;106 660;7;0;2;2;9;1
202100053190;106 658;7;0;1;1;1;1
202100053191;106 656;50;0;2;1;5;3
202100053191;106 657;7;0;9;3;16;1
202100053192;106 654;7;0;2;2;1;1
202100053192;106 655;7;0;2;3;15;1
202100053193;106 652;7;14;0;1;9;1
202100053193;106 653;2;0;2;0;9;1
202100053194;106 651;10;0;1;1;15;1
202100053195;106 649;10;0;2;2;17;0
202100053195;106 650;10;0;2;8;15;0
202100053196;106 647;7;0;9;3;0;3
202100053196;106 648;50;0;2;7;19;3
202100053197;106 645;7;0;2;6;11;1
202100053197;106 646;32;0;2;2;2;1
202100053198;106 643;7;0;2;1;2;1
202100053198;106 644;7;0;2;4;1;1
202100053199;106 642;3;0;1;3;0;1
202100053200;106 641;7;2;0;1;1;1
202100053201;106 640;7;0;1;3;15;1
202100053202;106 639;7;5;0;5;1;1
202100053203;106 637;2;15;0;1;1;1
202100053203;106 638;7;0;2;2;15;1
202100053204;106 635;1;0;2;7;1;5
202100053204;106 636;7;0;2;8;15;1
202100053205;106 633;7;0;2;2;16;1
202100053205;106 634;7;0;2;3;7;1
202100053206;106 631;7;0;2;1;15;1
202100053206;106 632;30;0;2;4;15;1
202100053207;106 629;7;0;2;3;15;1
202100053207;106 630;7;0;2;3;1;1
202100053208;106 627;33;0;2;2;1;1
202100053208;106 628;7;0;2;3;9;2
202100053209;106 626;7;4;0;3;1;1
202100053210;106 624;7;0;2;7;1;1
202100053210;106 625;7;0;2;0;12;1
202100053211;106 623;7;0;1;1;1;1
202100053212;106 621;10;0;2;3;15;1
202100053212;106 622;32;0;2;1;1;1
202100053213;106 620;50;0;0;0;1;3
202100053214;106 619;7;0;1;1;1;1
202100053215;106 617;31;0;2;7;1;1
202100053215;106 618;10;0;2;6;15;1
202100053216;106 615;33;12;2;2;17;1
202100053216;106 616;7;0;2;3;15;1
202100053217;106 613;2;0;1;0;16;1
202100053217;106 614;31;0;1;0;15;0
202100053218;106 610;1;0;2;0;1;5
202100053218;106 611;15;0;2;5;16;1
202100053219;106 608;7;0;2;1;1;1
202100053219;106 609;7;0;2;1;15;1
202100053220;106 606;1;0;2;7;1;5
202100053220;106 607;7;0;2;1;1;1
202100053221;106 604;7;0;2;1;15;1
202100053221;106 605;7;0;2;3;0;1
202100053222;106 603;7;0;1;1;1;1
202100053223;106 601;7;0;2;1;12;1
202100053223;106 602;37;0;2;1;16;1
202100053224;106 599;33;0;2;1;1;1
202100053224;106 600;7;0;2;3;20;1
202100053225;106 598;30;0;1;1;17;1
202100053226;106 596;7;0;2;5;19;1
202100053226;106 597;2;0;2;1;2;1
202100053227;106 595;13;0;1;5;26;1
202100053228;106 590;7;0;2;4;0;1
202100053228;106 591;7;0;2;1;26;1
202100053228;106 592;20;0;2;4;0;1
202100053228;106 593;20;0;2;4;0;1
202100053228;106 594;20;0;2;4;0;1
202100053229;106 588;7;0;2;8;15;1
202100053229;106 589;30;0;2;1;9;1
202100053230;106 584;7;0;2;1;1;1
202100053230;106 585;10;0;2;4;23;1
202100053231;106 582;10;0;2;1;1;1
202100053231;106 583;7;0;2;4;1;1
202100053232;106 579;10;0;2;1;1;1
202100053232;106 580;7;0;2;4;1;1
202100053232;106 581;15;0;2;6;1;1
202100053233;106 577;7;0;2;2;15;1
202100053233;106 578;30;0;2;7;26;1
202100053234;106 576;31;0;1;1;21;1
202100053235;106 573;7;0;2;4;1;1
202100053235;106 574;7;0;2;4;2;1
202100053235;106 575;14;0;2;1;2;1
202100053236;106 572;7;8;0;1;1;1
202100053237;106 568;7;0;2;4;2;1
202100053237;106 569;10;0;2;1;2;0
202100053237;106 570;7;0;2;4;2;1
202100053237;106 571;7;0;2;4;2;1
202100053238;106 566;7;0;2;4;23;1
202100053238;106 567;30;0;2;1;2;1
202100053239;106 564;1;0;2;1;1;5
202100053239;106 565;7;0;2;8;1;1
202100053240;106 562;7;0;2;7;1;1
202100053240;106 563;7;1;2;1;5;1
202100053241;106 560;7;0;2;7;14;1
202100053241;106 561;32;0;2;0;1;1
202100053242;106 559;7;14;0;1;13;1
202100053243;106 557;7;0;2;7;22;1
202100053243;106 558;1;1;2;7;18;5
202100053244;106 555;1;0;2;8;1;5
202100053244;106 556;32;0;2;8;1;1
202100053245;106 553;32;0;2;7;1;1
202100053245;106 554;7;0;2;8;15;2
202100053246;106 552;7;0;1;1;1;1
202100053247;106 550;10;0;2;0;13;1
202100053247;106 551;32;0;2;8;23;1
202100053248;106 549;30;0;0;0;1;1
202100053249;106 548;34;14;0;0;1;1
202100053250;106 547;33;0;1;1;0;1
202100053251;106 545;10;0;2;7;16;1
202100053251;106 546;1;0;2;1;1;5
202100053252;106 544;7;0;1;2;16;1
202100053253;106 541;7;0;2;2;23;1
202100053253;106 542;7;0;2;3;22;1
202100053253;106 543;34;0;2;2;3;3
202100053254;106 540;50;0;1;1;1;3
202100053255;106 539;30;0;1;0;0;1
202100053256;106 536;33;0;2;1;21;1
202100053256;106 537;37;0;2;1;1;1
202100053256;106 538;33;0;0;7;21;1
202100053257;106 534;1;0;2;1;19;0
202100053257;106 535;32;0;2;2;0;1
202100053258;106 533;3;8;0;1;1;1
202100053259;106 532;7;0;1;1;1;1
202100053260;106 531;7;12;0;3;14;1
202100053261;106 530;30;0;0;8;1;1
202100053262;106 528;1;0;2;1;25;5
202100053262;106 529;7;0;2;2;9;1
202100053263;106 526;7;0;1;3;17;1
202100053264;106 524;7;0;2;1;1;1
202100053264;106 525;7;0;2;4;1;1
202100053265;106 523;7;0;1;1;1;1
202100053266;106 521;7;0;2;2;15;1
202100053266;106 522;7;0;2;2;1;1
202100053267;106 520;7;0;1;3;16;1
202100053268;106 518;2;0;2;1;1;1
202100053268;106 519;7;0;2;3;15;1
202100053269;106 517;33;0;1;1;26;0
202100053270;106 516;7;0;1;2;15;1
202100053271;106 513;10;0;2;5;10;1
202100053271;106 514;32;0;2;1;1;1
202100053272;106 511;50;0;2;3;15;3
202100053272;106 512;30;0;2;2;1;1
202100053273;106 509;43;0;2;2;1;1
202100053273;106 510;7;0;2;3;9;1
202100053274;106 507;50;0;2;1;1;3
202100053274;106 508;7;0;2;2;10;1
202100053275;106 505;33;0;2;1;1;1
202100053275;106 506;1;0;2;4;15;5
202100053276;106 504;7;0;1;1;0;1
202100053277;106 502;1;0;2;2;1;5
202100053277;106 503;7;0;9;3;9;1
202100053278;106 500;7;0;0;1;13;1
202100053278;106 501;7;0;0;1;1;1
202100053279;106 497;7;0;2;3;2;1
202100053279;106 498;7;0;9;5;2;1
202100053279;106 499;7;3;0;2;1;1
202100053280;106 496;7;2;0;1;1;1
202100053281;106 495;7;17;0;2;1;1
202100053282;106 491;7;0;2;1;1;1
202100053282;106 492;7;0;2;3;5;1
202100053283;106 490;33;0;0;0;1;1
202100053284;106 488;7;13;2;3;13;3
202100053284;106 489;7;13;2;3;1;1
202100053285;106 487;7;13;0;3;0;1
202100053286;106 486;10;6;0;1;0;1
202100053287;106 484;7;0;2;5;15;1
202100053287;106 485;7;0;2;1;1;1
202100053288;106 481;10;0;2;3;19;1
202100053288;106 482;30;0;2;7;1;1
202100053289;106 480;7;3;0;9;1;1
202100053290;106 477;13;0;0;6;2;0
202100053290;106 478;7;0;2;2;1;2
202100053290;106 479;33;0;2;7;11;1
202100053291;106 476;7;4;0;3;17;1
202100053292;106 474;7;0;2;3;1;1
202100053292;106 475;30;0;2;1;13;1
202100053293;106 472;7;0;2;3;15;1
202100053293;106 473;33;0;2;0;21;1
202100053294;106 470;10;0;9;7;2;1
202100053294;106 471;1;0;0;4;2;5
202100053295;106 469;7;0;1;1;26;1
202100053296;106 468;7;15;0;2;1;1
202100053297;106 466;7;0;2;2;15;1
202100053297;106 467;1;0;2;1;0;5
202100053298;106 464;80;0;0;7;1;3
202100053298;106 465;7;0;2;1;9;0
202100053299;106 463;7;0;1;2;1;1
202100053300;106 462;10;0;1;2;1;1
202100053301;106 460;10;0;2;1;1;1
202100053301;106 461;2;0;2;8;1;1
202100053302;106 457;7;4;0;7;1;1
202100053303;106 455;10;0;2;2;2;1
202100053303;106 456;17;0;2;4;2;1
202100053304;106 452;10;0;2;4;2;1
202100053304;106 453;7;0;2;1;2;1
202100053304;106 454;7;0;2;1;2;1
202100053305;106 448;7;0;2;4;2;1
202100053305;106 449;7;0;2;1;2;1
202100053305;106 450;7;0;2;1;2;1
202100053305;106 451;7;0;2;1;2;1
202100053306;106 447;7;13;0;1;1;1
202100053307;106 444;7;0;2;4;2;1
202100053307;106 445;10;0;2;4;2;1
202100053307;106 446;10;0;2;1;2;1
202100053308;106 442;10;0;2;2;1;1
202100053308;106 443;33;0;2;3;3;1
202100053309;106 439;7;0;2;0;0;1
202100053309;106 440;7;0;2;4;2;1
202100053309;106 441;15;0;2;1;2;1
202100053310;106 437;14;0;2;1;1;1
202100053310;106 438;7;0;2;4;0;1
202100053311;106 434;7;0;2;3;11;1
202100053311;106 435;7;0;2;5;2;1
202100053311;106 436;7;0;2;2;2;1
202100053312;106 432;7;0;2;3;21;1
202100053312;106 433;7;0;2;5;2;1
202100053313;106 429;7;0;2;1;1;1
202100053313;106 430;10;0;2;2;26;1
202100053313;106 431;7;0;2;8;2;1
202100053314;106 428;7;4;0;4;11;1
202100053315;106 423;17;0;2;1;2;1
202100053315;106 424;7;0;2;4;2;1
202100053315;106 425;7;0;2;4;2;1
202100053315;106 426;7;0;2;4;2;1
202100053315;106 427;14;0;2;4;2;1
202100053316;106 422;7;0;0;9;1;1
202100053317;106 420;2;0;2;1;1;1
202100053317;106 421;7;0;9;1;15;1
202100053318;106 418;7;0;9;1;15;1
202100053318;106 419;2;0;2;1;1;1
202100053319;106 416;7;0;9;1;1;1
202100053319;106 417;1;0;2;1;19;0
202100053320;106 415;7;0;1;1;1;1
202100053321;106 413;7;0;2;1;19;1
202100053321;106 414;7;0;2;7;2;1
202100053322;106 411;50;0;0;0;0;3
202100053322;106 412;10;0;2;1;11;1
202100053323;106 409;7;0;2;1;17;0
202100053323;106 410;1;0;2;8;15;6
202100053324;106 407;7;0;2;2;15;1
202100053324;106 408;32;0;2;1;1;1
202100053325;106 405;13;0;2;7;14;1
202100053325;106 406;7;0;2;6;1;1
202100053326;106 404;14;0;1;8;1;1
202100053327;106 401;1;0;2;1;26;0
202100053327;106 402;7;0;9;3;9;1
202100053328;106 399;7;0;2;1;1;1
202100053328;106 400;7;0;2;9;1;1
202100053329;106 397;33;0;2;7;1;1
202100053329;106 398;7;0;2;2;15;1
202100053330;106 393;7;1;0;3;24;1
202100053330;106 394;7;0;2;2;1;1
202100053330;106 395;7;1;0;3;26;1
202100053330;106 396;7;1;0;8;24;1
202100053331;106 392;3;0;1;1;1;1
202100053332;106 390;1;0;2;7;1;5
202100053332;106 391;7;0;2;1;16;1
202100053333;106 388;30;0;2;3;1;1
202100053333;106 389;7;0;2;0;0;0
202100053334;106 387;7;0;1;1;1;1
202100053335;106 386;1;0;1;1;1;5
202100053336;106 384;7;0;2;3;2;1
202100053336;106 385;7;0;2;4;2;1
202100053337;106 382;40;0;2;1;1;3
202100053337;106 383;7;0;4;8;15;1
202100053338;106 379;7;0;1;5;16;1
202100053339;106 376;7;0;2;4;2;1
202100053339;106 377;7;0;2;1;2;1
202100053339;106 378;7;0;2;1;2;1
202100053340;106 375;7;13;0;2;14;1
202100053341;106 374;7;0;1;3;26;0
202100053342;106 372;30;0;2;1;26;1
202100053342;106 373;7;14;0;4;26;1
202100053343;106 370;32;0;2;8;19;1
202100053343;106 371;7;0;2;1;1;1
202100053344;106 368;7;0;2;6;1;1
202100053344;106 369;2;0;2;1;1;1
202100053345;106 367;7;0;1;1;1;1
202100053346;106 365;10;0;2;4;1;0
202100053346;106 366;33;0;2;1;13;1
202100053347;106 363;32;0;2;8;1;1
202100053347;106 364;7;0;2;1;15;1
202100053348;106 362;10;0;1;0;1;1
202100053349;106 361;32;0;1;1;1;1
202100053350;106 360;30;0;1;1;1;1
202100053351;106 358;7;0;2;3;1;1
202100053351;106 359;1;0;2;1;5;5
202100053352;106 356;30;0;2;1;1;1
202100053352;106 357;2;0;2;4;1;1
202100053353;106 355;43;0;1;1;1;1
202100053354;106 353;1;0;2;8;1;5
202100053354;106 354;7;0;2;3;15;1
202100053355;106 351;7;0;2;6;9;1
202100053355;106 352;30;0;2;1;1;1
202100053356;106 349;14;0;2;4;0;1
202100053356;106 350;7;0;2;1;0;1
202100053357;106 348;33;0;1;1;1;0
202100053358;106 346;7;0;2;4;2;1
202100053358;106 347;7;0;2;1;2;1
202100053359;106 343;7;0;2;4;2;0
202100053359;106 344;7;0;2;4;2;1
202100053359;106 345;10;0;2;1;1;1
202100053360;106 341;7;0;0;0;0;0
202100053360;106 342;33;0;2;1;1;1
202100053361;106 339;40;0;2;1;1;3
202100053361;106 340;7;0;;2;9;1
202100053362;106 337;7;0;2;1;13;1
202100053362;106 338;7;0;2;1;1;1
202100053363;106 334;7;0;2;1;2;1
202100053363;106 335;7;0;2;1;2;1
202100053363;106 336;7;0;2;4;2;1
202100053364;106 332;7;0;2;1;1;1
202100053364;106 333;34;0;2;4;0;1
202100053365;106 330;33;0;2;1;19;1
202100053365;106 331;7;0;2;3;21;2
202100053366;106 329;7;0;1;1;1;1
202100053367;106 328;7;0;1;4;20;1
202100053368;106 327;31;0;0;9;1;1
202100053369;106 325;10;0;2;3;15;1
202100053369;106 326;7;0;2;2;17;1
202100053370;106 323;13;1;2;3;1;1
202100053370;106 324;7;0;2;3;1;1
202100053371;106 322;2;0;0;8;1;1
202100053372;106 321;7;0;1;2;1;1
202100053373;106 319;10;0;2;2;0;1
202100053373;106 320;30;0;2;8;0;1
202100053374;106 318;7;15;0;3;14;1
202100053375;106 317;7;2;0;1;14;1
202100053376;106 316;7;2;0;1;1;1
202100053377;106 314;7;0;2;3;15;1
202100053377;106 315;15;0;2;1;1;1
202100053378;106 310;7;0;2;3;5;1
202100053378;106 311;15;0;2;3;1;1
202100053379;106 309;33;3;0;9;1;1
202100053380;106 307;7;15;2;1;19;1
202100053380;106 308;7;15;2;7;1;1
202100053381;106 305;7;0;2;7;15;1
202100053381;106 306;7;0;2;1;1;1
202100053382;106 303;7;6;0;3;9;1
202100053382;106 304;7;6;0;1;1;1
202100053383;106 300;7;0;2;2;9;1
202100053383;106 301;15;0;2;1;9;1
202100053383;106 302;15;0;9;8;1;1
202100053384;106 298;7;0;2;1;1;1
202100053384;106 299;7;0;2;1;13;1
202100053385;106 297;7;8;0;1;1;1
202100053386;106 296;7;8;0;2;1;1
202100053387;106 295;7;2;0;1;1;1
202100053388;106 294;7;0;1;3;2;1
202100053389;106 292;17;0;2;3;1;1
202100053389;106 293;7;2;0;4;13;1
202100053390;106 291;7;0;1;1;26;1
202100053391;106 289;7;13;0;3;1;1
202100053391;106 290;7;0;0;2;17;1
202100053392;106 287;7;4;2;1;14;1
202100053392;106 288;17;0;0;8;1;1
202100053393;106 285;7;0;2;4;2;1
202100053393;106 286;32;1;0;1;2;1
202100053394;106 283;7;12;2;6;1;1
202100053394;106 284;7;0;2;1;9;1
202100053395;106 281;7;0;2;5;13;1
202100053395;106 282;7;0;2;2;1;1
202100053396;106 279;7;0;0;4;23;1
202100053396;106 280;7;0;2;1;1;1
202100053397;106 278;7;0;0;2;1;1
202100053398;106 276;10;8;0;1;1;1
202100053398;106 277;7;8;0;2;1;1
202100053399;106 274;50;0;0;0;2;3
202100053399;106 275;15;0;2;2;2;1
202100053400;106 272;7;0;2;3;17;1
202100053400;106 273;2;0;2;3;1;1
202100053401;106 271;2;1;0;1;0;1
202100053402;106 269;7;0;2;2;5;1
202100053402;106 270;10;0;2;1;1;1
202100053403;106 268;7;9;0;2;0;1
202100053404;106 266;7;0;0;7;19;1
202100053404;106 267;7;0;2;1;1;1
202100053405;106 263;7;0;2;1;2;1
202100053405;106 264;7;0;2;4;2;1
202100053405;106 265;7;0;2;4;1;1
202100053406;106 260;10;0;2;1;0;1
202100053406;106 261;7;0;2;2;16;1
202100053406;106 262;15;0;2;3;1;1
202100053407;106 258;7;0;2;6;11;1
202100053407;106 259;43;0;2;2;1;1
202100053408;106 256;7;0;2;1;2;1
202100053408;106 257;7;0;2;4;2;1
202100053409;106 254;7;0;2;0;0;0
202100053409;106 255;7;4;2;5;1;1
202100053410;106 252;7;0;2;6;2;1
202100053410;106 253;7;0;2;2;2;1
202100053411;106 251;7;0;2;1;2;1
202100053412;106 248;15;0;2;1;1;1
202100053412;106 249;15;0;2;1;1;1
202100053412;106 250;7;0;2;4;1;1
202100053413;106 246;7;0;2;3;1;1
202100053413;106 247;33;0;2;1;1;1
202100053414;106 245;7;15;0;3;26;1
202100053415;106 242;7;4;2;1;1;1
202100053415;106 243;7;0;2;6;1;1
202100053415;106 244;10;0;1;8;1;1
202100053416;106 240;7;0;2;1;2;1
202100053416;106 241;10;0;2;4;2;1
202100053417;106 237;7;0;2;4;2;1
202100053417;106 238;7;0;2;4;2;1
202100053417;106 239;10;0;2;1;2;1
202100053418;106 234;7;0;2;4;2;1
202100053418;106 235;7;0;2;4;2;1
202100053418;106 236;7;0;2;1;2;1
202100053419;106 232;7;0;2;4;2;1
202100053419;106 233;13;0;2;1;1;1
202100053420;106 229;10;0;2;5;26;1
202100053420;106 230;7;0;2;8;13;1
202100053420;106 231;33;0;2;8;3;1
202100053421;106 226;10;0;2;5;1;1
202100053421;106 227;7;0;2;8;11;3
202100053421;106 228;43;0;2;1;3;1
202100053422;106 224;7;0;0;8;16;1
202100053422;106 225;1;0;2;3;19;5
202100053423;106 221;7;0;2;1;17;1
202100053423;106 222;7;0;2;3;1;1
202100053423;106 223;7;0;2;3;1;1
202100053424;106 220;7;15;0;1;13;1
202100053425;106 218;33;0;2;6;1;1
202100053425;106 219;7;0;2;3;11;1
202100053426;106 216;10;0;0;5;2;1
202100053426;106 217;33;0;0;8;2;1
202100053427;106 214;7;0;2;1;13;1
202100053427;106 215;7;0;2;3;15;1
202100053428;106 212;10;0;1;7;1;1
202100053429;106 211;7;0;1;2;1;1
202100053430;106 210;7;0;1;2;16;1
202100053431;106 208;3;0;9;2;17;1
202100053431;106 209;50;0;2;4;1;2
202100053432;106 206;7;0;2;2;15;1
202100053432;106 207;7;0;2;1;1;1
202100053433;106 205;7;0;1;3;1;1
202100053434;106 203;10;0;2;4;23;1
202100053434;106 204;17;0;2;1;2;1
202100053435;106 202;7;0;1;1;1;2
202100053436;106 201;7;0;1;1;1;1
202100053437;106 200;10;0;1;1;1;
202100053438;106 198;7;0;0;4;1;2
202100053438;106 199;7;0;2;1;2;1
202100053439;106 197;99;0;1;1;16;0
202100053440;106 194;7;0;2;1;2;1
202100053440;106 195;7;0;2;5;23;1
202100053440;106 196;7;0;2;5;23;1
202100053441;106 193;7;8;0;1;1;1
202100053442;106 192;7;0;1;3;15;1
202100053443;106 190;1;0;2;1;1;5
202100053443;106 191;7;0;2;3;9;1
202100053444;106 188;7;0;2;2;1;1
202100053444;106 189;2;0;2;0;16;1
202100053445;106 185;7;0;2;2;1;1
202100053445;106 186;7;0;2;3;1;1
202100053445;106 187;7;0;2;2;15;1
202100053446;106 183;7;0;2;6;26;1
202100053446;106 184;33;0;2;6;26;1
202100053447;106 181;99;0;2;1;26;0
202100053447;106 182;99;0;2;3;0;0
202100053448;106 179;7;0;2;1;9;1
202100053448;106 180;50;0;2;7;0;3
202100053449;106 177;7;0;2;3;9;1
202100053449;106 178;1;0;2;1;1;5
202100053450;106 175;33;0;2;1;1;1
202100053450;106 176;7;0;2;3;15;1
202100053451;106 174;7;0;1;1;14;1
202100053452;106 173;10;0;1;2;1;1
202100053453;106 172;7;0;1;3;1;1
202100053454;106 171;7;0;1;1;1;1