Num_Acc;id_vehicule;categorie_vehicule;obstacle_fixe;obstacle_mobile;point_choc_initial;manoeuvre_principale;motorisation
202100053455;106 169;10;0;2;1;1;1
202100053455;106 170;7;0;2;1;1;1
202100053456;106 167;10;0;2;1;1;1
202100053456;106 168;7;0;2;1;13;1
202100053457;106 166;7;0;1;2;1;1
202100053458;106 164;7;0;2;1;1;1
202100053458;106 165;1;0;2;7;15;5
202100053459;106 161;7;0;2;1;2;1
202100053459;106 162;7;0;2;4;2;1
202100053459;106 163;7;0;2;1;2;1
202100053460;106 159;14;0;2;8;22;0
202100053460;106 160;80;1;0;1;1;3
202100053461;106 158;7;0;1;1;1;1
202100053462;106 156;32;0;2;1;1;1
202100053462;106 157;30;0;2;7;1;1
202100053463;106 154;7;0;2;8;1;2
202100053463;106 155;30;0;2;1;16;1
202100053464;106 153;7;0;1;1;1;1
202100053465;106 151;10;0;2;8;1;1
202100053465;106 152;7;0;2;1;1;1
202100053466;106 146;10;0;9;1;16;1
202100053466;106 147;1;0;2;8;1;5
202100053467;106 145;7;0;1;6;20;1
202100053468;106 142;7;0;2;1;1;1
202100053468;106 143;7;0;2;4;1;1
202100053468;106 144;7;0;2;1;1;1
202100053469;106 141;50;0;1;1;1;3
202100053470;106 139;32;0;2;3;2;3
202100053470;106 140;7;0;2;3;10;1
202100053471;106 137;40;0;2;3;1;3
202100053471;106 138;7;0;4;3;1;1
202100053472;106 134;7;11;2;3;18;1
202100053472;106 135;14;0;2;2;1;1
202100053472;106 136;7;0;2;6;1;1
202100053473;106 132;7;0;2;1;1;1
202100053473;106 133;7;8;1;7;1;1
202100053474;106 130;37;0;2;1;26;1
202100053474;106 131;7;0;2;4;26;1
202100053475;106 127;7;1;2;4;1;1
202100053475;106 128;10;0;2;6;1;0
202100053475;106 129;10;1;0;5;26;1
202100053476;106 126;80;0;0;0;1;3
202100053477;106 124;10;0;2;7;18;1
202100053477;106 125;33;0;2;8;22;1
202100053478;106 122;30;0;2;2;17;1
202100053478;106 123;7;0;2;3;15;1
202100053479;106 121;10;0;1;1;1;1
202100053480;106 120;32;0;0;3;1;3
202100053481;106 118;2;0;2;1;1;1
202100053481;106 119;7;0;2;7;15;1
202100053482;106 116;7;0;2;1;15;1
202100053482;106 117;32;0;2;8;1;1
202100053483;106 114;7;0;2;1;1;1
202100053483;106 115;31;0;2;4;1;1
202100053484;106 113;10;0;1;4;4;1
202100053485;106 112;7;0;1;1;1;1
202100053486;106 111;43;0;1;6;2;1
202100053487;106 110;13;0;1;2;1;1
202100053488;106 109;33;0;0;7;1;1
202100053489;106 108;7;0;1;3;1;1
202100053490;106 106;7;0;2;2;1;1
202100053490;106 107;7;0;2;6;9;1
202100053491;106 103;7;0;2;1;2;1
202100053491;106 104;33;0;2;1;1;1
202100053491;106 105;7;0;2;4;2;1
202100053492;106 101;1;0;2;1;1;0
202100053492;106 102;30;0;9;1;25;0
202100053493;106 099;7;0;2;3;22;1
202100053493;106 100;1;0;2;1;1;5
202100053494;106 097;7;0;2;3;10;1
202100053494;106 098;33;0;2;8;1;1
202100053495;106 095;33;0;2;0;17;1
202100053495;106 096;7;0;2;3;13;1
202100053496;106 093;7;0;2;3;9;1
202100053496;106 094;50;0;2;7;2;3
202100053497;106 089;7;0;0;0;1;1
202100053497;106 090;7;14;2;6;13;3
202100053497;106 091;7;0;2;8;1;1
202100053497;106 092;31;14;2;1;1;1
202100053498;106 086;10;0;2;4;1;1
202100053498;106 087;7;0;2;1;2;1
202100053498;106 088;7;0;2;1;2;1
202100053499;106 084;2;0;2;1;1;1
202100053499;106 085;7;0;2;2;1;1
202100053500;106 082;7;0;2;1;1;1
202100053500;106 083;7;0;2;4;23;1
202100053501;106 081;7;0;1;1;15;1
202100053502;106 079;7;0;2;2;1;1
202100053502;106 080;1;0;2;0;1;5
202100053503;106 077;7;0;2;4;1;1
202100053503;106 078;7;0;2;1;2;0
202100053504;106 075;10;0;2;2;9;1
202100053504;106 076;7;0;2;3;1;1
202100053505;106 074;32;0;0;0;17;3
202100053506;106 072;80;0;1;7;1;3
202100053507;106 071;7;0;1;3;1;1
202100053508;106 068;7;0;2;3;9;1
202100053508;106 069;7;0;2;4;16;1
202100053508;106 070;7;14;0;2;1;1
202100053509;106 066;7;0;2;1;1;1
202100053509;106 067;7;0;2;3;19;1
202100053510;106 064;7;0;2;1;11;1
202100053510;106 065;14;0;2;1;1;1
202100053511;106 063;7;2;0;2;1;1
202100053512;106 061;7;0;2;2;1;1
202100053512;106 062;7;0;2;2;1;1
202100053513;106 060;7;2;0;3;0;1
202100053514;106 059;7;1;1;2;1;1
202100053515;106 058;10;0;1;7;1;1
202100053516;106 056;10;0;2;1;13;1
202100053516;106 057;7;0;2;3;1;1
202100053517;106 054;7;0;2;1;1;1
202100053517;106 055;7;13;2;7;15;1
202100053518;106 053;3;2;0;8;1;1
202100053519;106 052;31;0;0;8;1;1
202100053520;106 050;7;0;2;8;1;1
202100053520;106 051;7;0;2;3;13;1
202100053521;106 048;1;0;2;0;1;5
202100053521;106 049;1;0;2;0;1;5
202100053522;106 047;7;0;1;1;1;1
202100053523;106 042;7;0;0;3;13;1
202100053523;106 043;7;0;0;8;1;1
202100053523;106 044;7;0;0;3;1;1
202100053523;106 045;10;0;9;0;21;1
202100053524;106 041;7;0;1;4;26;1
202100053525;106 040;7;0;0;9;1;1
202100053526;106 039;10;0;1;0;1;0
202100053527;106 038;7;0;1;1;1;0
202100053528;106 036;7;0;2;8;13;1
202100053528;106 037;7;0;0;8;1;1
202100053529;106 035;7;9;0;1;0;1
202100053530;106 033;7;0;2;8;1;1
202100053530;106 034;7;0;2;1;16;1
202100053531;106 031;33;0;2;1;17;1
202100053531;106 032;15;0;2;3;1;1
202100053532;106 030;17;3;0;2;2;1
202100053533;106 028;10;0;9;3;0;1
202100053533;106 029;1;0;2;0;0;5
202100053534;106 026;33;0;2;1;17;1
202100053534;106 027;7;0;0;8;15;1
202100053535;106 024;7;1;0;1;0;1
202100053535;106 025;7;0;1;6;23;1
202100053536;106 023;7;0;1;2;1;1
202100053537;106 022;7;4;0;3;2;1
202100053538;106 021;7;0;1;2;1;1
202100053539;106 020;7;0;1;2;13;1
202100053540;106 018;7;13;2;4;1;1
202100053540;106 019;14;0;2;3;14;1
202100053541;106 015;7;0;9;3;15;1
202100053541;106 016;1;0;2;1;16;5
202100053542;106 013;7;0;2;5;26;1
202100053542;106 014;14;0;2;5;26;1
202100053543;106 011;7;0;2;3;26;1
202100053543;106 012;7;0;2;0;14;0
202100053544;106 009;7;0;2;9;18;1
202100053544;106 010;14;0;2;2;1;1
202100053545;106 007;7;4;0;7;1;1
202100053545;106 008;10;0;2;7;0;1
202100053546;106 006;7;4;0;2;14;1
202100053547;106 004;7;0;2;8;13;1
202100053547;106 005;15;0;2;2;1;1
202100053548;106 003;7;4;0;3;1;1
202100053549;106 001;15;0;2;2;14;1
202100053549;106 002;7;0;2;6;2;1
202100053550;106 000;7;2;0;1;21;1
202100053551;105 997;10;0;2;6;1;1
202100053551;105 998;33;0;2;1;26;1
202100053552;105 995;7;0;2;1;1;1
202100053552;105 996;7;0;2;4;1;1
202100053553;105 994;7;4;1;1;17;1
202100053554;105 992;1;0;2;2;11;5
202100053554;105 993;7;0;2;3;15;1
202100053555;105 990;7;0;2;3;15;1
202100053555;105 991;80;0;2;1;17;3
202100053556;105 988;7;0;2;4;24;1
202100053556;105 989;2;0;2;1;1;1
202100053557;105 986;2;0;2;8;9;1
202100053557;105 987;7;0;2;7;16;1
202100053558;105 984;1;0;2;1;2;5
202100053558;105 985;7;0;2;8;22;1
202100053559;105 983;7;0;0;2;14;1
202100053560;105 982;7;0;1;2;15;1
202100053561;105 979;7;11;2;1;2;1
202100053561;105 980;7;11;2;4;2;1
202100053561;105 981;7;11;2;4;2;1
202100053562;105 978;31;0;0;0;26;1
202100053563;105 976;50;0;2;1;25;3
202100053563;105 977;7;0;2;2;16;1
202100053564;105 975;7;0;1;3;15;1
202100053565;105 973;7;0;2;3;13;3
202100053565;105 974;7;0;2;3;13;1
202100053566;105 971;30;0;2;1;26;3
202100053566;105 972;7;0;2;3;15;1
202100053567;105 969;31;0;2;1;1;1
202100053567;105 970;13;0;2;1;15;1
202100053568;105 967;7;0;2;1;13;1
202100053568;105 968;37;0;2;1;1;1
202100053569;105 966;7;0;1;4;20;1
202100053570;105 964;7;0;2;8;9;1
202100053570;105 965;7;0;2;3;1;1
202100053571;105 962;7;0;2;1;15;1
202100053571;105 963;2;0;2;1;1;1
202100053572;105 960;7;0;2;1;1;1
202100053572;105 961;7;0;2;8;13;1
202100053573;105 958;7;0;2;8;19;1
202100053573;105 959;50;0;2;1;1;3
202100053574;105 956;2;1;2;1;1;1
202100053574;105 957;7;0;2;3;19;1
202100053575;105 954;50;0;2;8;19;3
202100053575;105 955;7;0;2;1;1;1
202100053576;105 953;7;0;1;1;1;1
202100053577;105 952;7;0;1;3;1;1
202100053578;105 950;30;0;2;2;9;1
202100053578;105 951;7;0;2;2;1;1
202100053579;105 948;7;0;2;2;26;1
202100053579;105 949;7;0;2;3;26;1
202100053580;105 946;7;0;2;7;15;1
202100053580;105 947;7;0;2;2;1;1
202100053581;105 945;7;0;1;3;1;1
202100053582;105 943;7;0;2;1;2;1
202100053582;105 944;10;0;2;4;2;1
202100053583;105 942;7;4;0;3;0;1
202100053584;105 939;1;0;2;0;19;0
202100053584;105 940;7;0;2;3;2;1
202100053584;105 941;7;0;2;3;1;1
202100053585;105 938;3;1;0;1;13;1
202100053586;105 937;30;0;0;0;1;1
202100053587;105 935;7;0;0;0;0;1
202100053587;105 936;1;0;2;3;26;5
202100053588;105 933;7;0;2;8;1;1
202100053588;105 934;33;0;2;1;19;1
202100053589;105 929;7;0;2;4;23;1
202100053589;105 930;7;0;0;0;23;1
202100053589;105 931;7;0;2;1;1;1
202100053589;105 932;7;0;2;4;23;1
202100053590;105 925;7;0;2;4;23;1
202100053590;105 926;7;0;2;1;1;1
202100053591;105 923;7;0;2;2;15;1
202100053591;105 924;7;0;2;3;1;1
202100053592;105 922;1;0;0;0;1;5
202100053593;105 920;7;0;0;0;0;0
202100053593;105 921;10;0;2;3;0;1
202100053594;105 918;7;0;2;7;2;1
202100053594;105 919;7;0;2;3;9;1
202100053595;105 917;50;0;0;7;0;3
202100053596;105 916;7;0;1;1;1;1
202100053597;105 915;7;7;0;2;9;1
202100053598;105 913;7;0;2;1;1;1
202100053598;105 914;1;0;2;8;1;5
202100053599;105 912;7;0;1;1;1;1
202100053600;105 909;99;0;2;4;1;1
202100053600;105 910;7;0;2;1;1;1
202100053600;105 911;7;0;2;1;1;1
202100053601;105 908;30;0;0;1;1;1
202100053602;105 907;30;0;0;8;1;1
202100053603;105 905;10;0;2;5;1;0
202100053603;105 906;7;0;2;1;9;1
202100053604;105 904;7;4;0;1;1;1
202100053605;105 902;7;0;1;1;26;1
202100053605;105 903;60;0;2;1;15;5
202100053606;105 899;7;0;2;1;2;1
202100053606;105 900;7;0;2;4;23;1
202100053606;105 901;10;0;2;4;1;1
202100053607;105 897;10;0;2;3;9;1
202100053607;105 898;2;0;2;2;1;1
202100053608;105 896;7;15;0;3;9;1
202100053609;105 894;7;0;2;1;9;1
202100053609;105 895;7;0;2;4;9;0
202100053610;105 892;7;0;2;1;15;1
202100053610;105 893;7;0;2;5;1;1
202100053611;105 890;7;0;2;4;26;0
202100053611;105 891;7;0;2;1;1;1
202100053612;105 888;7;0;9;1;1;1
202100053612;105 889;14;0;2;0;1;1
202100053613;105 887;7;0;1;1;15;1
202100053614;105 886;33;0;1;1;17;1
202100053615;105 885;33;0;0;0;9;1
202100053616;105 883;7;0;2;1;1;1
202100053616;105 884;7;0;2;3;16;1
202100053617;105 881;7;0;2;1;1;1
202100053617;105 882;7;0;2;3;26;1
202100053618;105 880;7;0;1;1;1;1
202100053619;105 879;7;0;1;0;0;1
202100053620;105 878;31;0;0;8;26;1
202100053621;105 876;7;9;2;2;15;1
202100053621;105 877;7;0;2;1;1;1
202100053622;105 875;30;0;0;9;1;1
202100053623;105 874;7;1;0;1;1;1
202100053624;105 872;13;0;2;2;12;1
202100053624;105 873;7;0;2;6;1;1
202100053625;105 870;31;0;2;1;2;1
202100053625;105 871;33;0;2;4;23;1
202100053626;105 869;30;0;0;1;1;1
202100053627;105 867;32;0;2;1;1;1
202100053627;105 868;10;0;2;2;9;1
202100053628;105 865;7;0;2;2;16;0
202100053628;105 866;1;0;2;8;1;5
202100053629;105 864;1;0;2;0;21;5
202100053630;105 863;1;12;0;8;12;5
202100053631;105 862;1;0;1;1;1;5
202100053632;105 861;30;0;1;1;1;1
202100053633;105 859;7;0;2;2;9;1
202100053633;105 860;33;0;2;8;1;1
202100053634;105 857;10;0;1;4;2;1
202100053634;105 858;7;0;2;1;2;1
202100053635;105 856;7;0;1;1;2;0
202100053636;105 855;33;0;0;0;26;1
202100053637;105 854;10;0;1;1;1;1
202100053638;105 852;99;0;0;0;15;0
202100053638;105 853;33;0;2;0;1;0
202100053639;105 850;13;0;2;1;23;1
202100053639;105 851;7;0;2;4;23;1
202100053640;105 848;7;0;2;2;14;1
202100053640;105 849;0;0;0;6;1;3
202100053641;105 847;3;0;1;3;26;0
202100053642;105 845;7;0;2;2;1;1
202100053642;105 846;2;0;2;1;15;1
202100053643;105 843;7;0;2;8;13;1
202100053643;105 844;7;0;2;3;13;1
202100053644;105 842;32;3;1;7;21;1
202100053645;105 840;32;0;2;1;1;0
202100053645;105 841;50;0;2;1;5;3
202100053646;105 839;7;13;0;0;9;1
202100053647;105 837;10;0;2;1;13;1
202100053647;105 838;7;0;2;1;1;1
202100053648;105 836;7;2;0;2;11;1
202100053649;105 835;7;0;0;8;1;1
202100053650;105 833;7;0;2;1;1;1
202100053650;105 834;50;0;2;2;19;3
202100053651;105 832;7;0;0;2;0;1
202100053652;105 830;7;0;2;5;15;1
202100053652;105 831;7;0;2;2;1;1
202100053653;105 829;7;8;0;1;1;1
202100053654;105 827;7;13;1;2;1;1
202100053654;105 828;7;13;0;7;1;1
202100053655;105 825;3;0;2;1;1;1
202100053655;105 826;7;0;2;1;5;1
202100053656;105 824;31;0;6;1;1;1
202100053657;105 822;7;0;2;1;1;1
202100053657;105 823;7;0;2;3;13;1
202100053658;105 821;7;6;0;9;13;1
202100053659;105 819;2;0;2;1;1;1
202100053659;105 820;7;0;2;3;15;1
202100053660;105 818;7;2;0;1;1;1
202100053661;105 816;15;0;2;1;1;1
202100053661;105 817;7;0;2;3;13;1
202100053662;105 813;7;0;2;6;13;1
202100053662;105 814;7;0;2;6;1;1
202100053662;105 815;33;0;2;3;1;1
202100053663;105 812;7;17;0;1;14;1
202100053664;105 811;7;0;1;1;1;1
202100053665;105 809;7;0;2;8;1;1
202100053665;105 810;7;0;2;1;1;1
202100053666;105 807;10;0;2;1;1;1
202100053666;105 808;10;0;2;2;0;1
202100053667;105 806;7;0;1;2;1;1
202100053668;105 804;7;0;2;1;13;1
202100053668;105 805;7;0;2;3;1;1
202100053669;105 803;17;3;0;3;1;1
202100053670;105 801;7;0;0;4;1;1
202100053670;105 802;10;0;2;1;2;1
202100053671;105 799;33;0;2;1;2;1
202100053671;105 800;7;0;0;4;2;1
202100053672;105 797;15;0;2;6;1;1
202100053672;105 798;7;0;2;2;1;1
202100053673;105 796;7;0;1;4;4;1
202100053674;105 793;7;0;9;3;1;1
202100053674;105 794;33;0;2;3;13;1
202100053674;105 795;7;0;2;3;1;1
202100053675;105 791;7;0;0;3;1;1
202100053675;105 792;7;0;0;2;13;1
202100053676;105 790;7;4;0;0;1;1
202100053677;105 789;7;15;0;1;1;1
202100053678;105 788;7;0;1;2;15;0
202100053679;105 783;7;0;2;6;1;2
202100053679;105 784;7;6;2;7;1;1
202100053679;105 785;7;0;2;5;2;1
202100053679;105 786;7;0;2;8;1;1
202100053679;105 787;7;0;0;7;2;1
202100053680;105 782;7;0;1;3;16;1
202100053681;105 781;7;0;1;3;1;1
202100053682;105 779;15;0;2;1;1;1
202100053682;105 780;10;0;2;3;9;1
202100053683;105 777;2;0;2;1;1;1
202100053683;105 778;7;0;2;3;9;1
202100053684;105 775;7;0;2;8;1;1
202100053684;105 776;15;0;2;6;13;1
202100053685;105 774;7;17;0;1;21;1
202100053686;105 772;7;0;2;3;12;0
202100053686;105 773;7;0;2;5;1;1
202100053687;105 770;33;0;2;1;3;1
202100053687;105 771;7;0;2;6;11;1
202100053688;105 767;7;0;2;6;2;1
202100053688;105 768;7;0;2;6;9;1
202100053688;105 769;7;0;2;2;1;1
202100053689;105 764;7;0;2;4;2;0
202100053689;105 765;7;0;2;4;2;1
202100053689;105 766;7;0;2;1;2;1
202100053690;105 763;7;9;0;1;21;1
202100053691;105 761;33;0;2;1;3;1
202100053691;105 762;7;0;2;4;11;1
202100053692;105 759;10;0;2;6;0;1
202100053692;105 760;33;0;2;1;3;1
202100053693;105 757;32;0;2;2;3;1
202100053693;105 758;7;0;2;6;11;1
202100053694;105 756;7;0;9;1;1;1
202100053695;105 753;7;0;2;0;2;1
202100053695;105 754;33;0;2;1;3;1
202100053695;105 755;10;0;2;6;1;1
202100053696;105 751;7;0;2;5;12;1
202100053696;105 752;33;0;2;1;3;1
202100053697;105 749;7;0;2;4;1;1
202100053697;105 750;7;0;2;1;2;1
202100053698;105 747;7;0;2;4;2;1
202100053698;105 748;37;0;2;1;9;1
202100053699;105 745;7;0;2;1;2;1
202100053699;105 746;7;0;2;4;2;1
202100053700;105 744;7;0;1;3;15;1
202100053701;105 742;7;0;2;4;2;1
202100053701;105 743;34;0;2;1;2;1
202100053702;105 740;7;1;2;8;1;1
202100053702;105 741;31;0;2;1;1;1
202100053703;105 739;7;0;1;1;19;1
202100053704;105 738;7;0;1;2;1;0
202100053705;105 737;10;9;1;2;2;1
202100053706;105 735;7;0;2;7;1;1
202100053706;105 736;7;0;2;1;1;1
202100053707;105 733;7;0;2;3;1;1
202100053707;105 734;1;0;2;1;1;5
202100053708;105 732;7;0;1;2;1;1
202100053709;105 731;7;0;1;7;26;1
202100053710;105 729;7;0;2;3;15;1
202100053710;105 730;7;2;0;8;1;1
202100053711;105 728;7;0;1;1;1;1
202100053712;105 725;10;0;2;0;17;1
202100053712;105 726;7;0;2;6;12;1
202100053713;105 723;10;0;2;3;15;1
202100053713;105 724;7;0;2;2;1;1
202100053714;105 721;7;0;2;1;1;1
202100053714;105 722;7;0;2;8;1;1
202100053715;105 719;7;0;2;8;15;1
202100053715;105 720;7;0;2;1;1;1
202100053716;105 717;7;0;2;1;1;1
202100053716;105 718;7;5;2;4;13;1
202100053717;105 715;7;0;2;0;1;0
202100053717;105 716;7;0;2;1;1;1
202100053718;105 714;7;0;1;1;16;1
202100053719;105 713;15;0;0;0;14;1
202100053720;105 711;7;0;2;1;1;1
202100053720;105 712;1;0;2;5;1;5
202100053721;105 709;33;0;2;1;1;1
202100053721;105 710;7;0;2;1;15;1
202100053722;105 708;7;8;0;1;1;1
202100053723;105 707;30;0;0;7;9;1
202100053724;105 706;7;0;1;1;26;1
202100053725;105 704;7;0;2;3;1;1
202100053725;105 705;32;0;2;3;1;1
202100053726;105 703;99;0;1;1;26;1
202100053727;105 702;7;0;1;7;19;1
202100053728;105 701;7;0;9;1;15;1
202100053729;105 700;30;2;0;1;1;1
202100053730;105 698;7;0;2;4;1;1
202100053730;105 699;7;0;2;1;2;0
202100053731;105 697;7;0;1;2;1;1
202100053732;105 695;7;0;2;6;15;1
202100053732;105 696;2;0;2;7;17;1
202100053733;105 694;7;8;0;2;1;1
202100053734;105 693;30;0;0;7;0;1
202100053735;105 692;7;0;1;8;16;1
202100053736;105 691;99;0;1;1;1;1
202100053737;105 689;1;0;2;7;26;5
202100053737;105 690;7;0;2;7;9;1
202100053738;105 687;7;0;2;2;15;1
202100053738;105 688;7;0;2;1;1;1
202100053739;105 686;7;0;0;9;26;1
202100053740;105 683;7;0;2;3;17;1
202100053740;105 684;33;0;2;1;1;1
202100053740;105 685;7;0;2;4;1;1
202100053741;105 676;7;0;2;1;13;1
202100053741;105 677;7;0;2;1;1;1
202100053742;105 674;7;0;2;0;26;1
202100053742;105 675;30;0;2;0;0;6
202100053743;105 672;7;0;2;2;10;1
202100053743;105 673;34;0;2;1;26;1
202100053744;105 671;37;0;0;0;7;1
202100053745;105 669;7;0;2;8;1;1
202100053745;105 670;10;0;2;1;1;1
202100053746;105 668;10;0;1;5;4;3
202100053747;105 666;30;0;2;7;15;1
202100053747;105 667;30;0;2;1;1;3
202100053748;105 665;7;0;1;1;16;1
202100053749;105 664;32;0;1;1;1;1
202100053750;105 662;7;0;2;1;16;1
202100053750;105 663;1;0;2;4;1;5
202100053751;105 660;1;0;2;7;1;5
202100053751;105 661;10;0;2;3;1;1
202100053752;105 658;33;0;2;1;1;1
202100053752;105 659;32;0;2;7;15;1
202100053753;105 657;2;0;1;1;1;1
202100053754;105 656;7;8;0;0;1;1
202100053755;105 654;7;0;2;7;15;1
202100053755;105 655;32;0;2;1;1;1
202100053756;105 653;37;0;1;7;26;1
202100053757;105 652;7;0;1;3;0;0
202100053758;105 650;7;0;2;1;1;1
202100053758;105 651;34;0;2;4;23;1
202100053759;105 648;7;0;2;2;16;2
202100053759;105 649;2;0;2;1;18;0
202100053760;105 646;7;0;2;1;17;0
202100053760;105 647;13;0;0;4;1;0
202100053761;105 645;7;0;1;2;1;1
202100053762;105 643;7;0;2;1;15;0
202100053762;105 644;30;0;2;8;1;0
202100053763;105 641;7;0;2;3;1;0
202100053763;105 642;7;0;2;1;15;0
202100053764;105 640;30;0;1;1;9;1
202100053765;105 638;33;0;2;2;1;1
202100053765;105 639;7;0;2;1;15;2
202100053766;105 637;15;0;1;7;1;1
202100053767;105 635;50;0;0;0;0;3
202100053767;105 636;7;0;1;1;17;1
202100053768;105 633;33;0;2;6;1;1
202100053768;105 634;7;0;2;1;2;1
202100053769;105 632;7;0;1;1;1;2
202100053770;105 631;1;0;0;0;26;5
202100053771;105 630;7;0;1;2;1;1
202100053772;105 628;7;0;1;2;15;1
202100053773;105 627;3;0;0;0;2;1
202100053774;105 625;7;0;9;2;15;1
202100053774;105 626;1;0;2;1;1;5
202100053775;105 624;7;2;0;0;1;1
202100053776;105 622;7;0;2;1;1;2
202100053776;105 623;7;0;2;1;17;1
202100053777;105 621;7;4;0;3;1;1
202100053778;105 619;7;0;2;1;1;1
202100053778;105 620;7;0;2;1;13;1
202100053779;105 618;7;8;0;1;1;1
202100053780;105 616;17;0;2;8;1;1
202100053780;105 617;10;6;2;3;13;1
202100053781;105 615;17;1;1;2;1;1
202100053782;105 613;7;1;0;7;2;1
202100053782;105 614;7;3;0;7;1;1
202100053783;105 612;7;15;9;1;21;1
202100053784;105 610;7;0;2;3;1;1
202100053784;105 611;7;0;2;3;1;1
202100053785;105 608;7;0;2;1;2;1
202100053785;105 609;7;0;2;8;2;1
202100053786;105 606;21;0;0;4;2;1
202100053786;105 607;10;0;2;1;2;1
202100053787;105 605;7;14;0;1;1;1
202100053788;105 604;7;0;1;3;1;1
202100053789;105 603;33;0;0;0;1;1
202100053790;105 599;10;0;2;1;1;1
202100053790;105 600;7;0;2;1;1;1
202100053790;105 601;31;0;2;1;17;1
202100053790;105 602;7;0;2;1;1;1
202100053791;105 598;7;2;0;1;14;1
202100053792;105 597;7;0;1;3;15;1
202100053793;105 596;7;0;1;2;20;1
202100053794;105 595;7;0;0;7;1;1
202100053795;105 594;7;0;0;2;2;1
202100053796;105 591;7;17;0;2;21;1
202100053797;105 590;15;3;0;9;6;1
202100053798;105 589;7;0;1;2;1;1
202100053799;105 588;7;0;1;1;1;1
202100053800;105 586;7;0;2;2;1;1
202100053800;105 587;7;0;2;1;1;1
202100053801;105 584;7;0;2;2;17;1
202100053801;105 585;15;0;2;6;13;1
202100053802;105 581;7;0;2;1;2;1
202100053802;105 582;10;0;2;4;2;1
202100053802;105 583;7;0;2;8;9;1
202100053803;105 579;7;0;0;5;15;1
202100053803;105 580;1;0;2;2;1;5
202100053804;105 577;7;0;2;2;15;1
202100053804;105 578;2;0;2;1;1;1
202100053805;105 575;7;0;0;2;13;1
202100053805;105 576;7;0;0;2;21;1
202100053806;105 574;7;2;0;3;13;1
202100053807;105 573;7;4;0;0;1;1
202100053808;105 572;7;0;1;1;1;1
202100053809;105 570;15;0;2;8;1;1
202100053809;105 571;7;0;2;1;5;1
202100053810;105 568;31;0;2;1;1;1
202100053810;105 569;7;0;2;2;19;1
202100053811;105 566;7;0;2;3;9;1
202100053811;105 567;2;0;2;1;1;1
202100053812;105 565;7;0;1;1;15;1
202100053813;105 563;7;0;2;3;1;1
202100053813;105 564;10;0;2;3;1;1
202100053814;105 560;7;0;2;1;1;1
202100053814;105 561;7;0;2;3;1;1
202100053814;105 562;7;0;2;1;13;1
202100053815;105 559;7;3;0;1;13;1
202100053816;105 556;7;0;2;4;2;1
202100053816;105 557;7;0;2;1;2;1
202100053817;105 553;7;0;2;1;2;1
202100053817;105 554;7;0;2;4;2;1
202100053817;105 555;7;0;2;4;2;1
202100053818;105 552;33;0;0;8;1;1
202100053819;105 550;7;4;0;4;2;1
202100053819;105 551;7;0;2;1;2;1
202100053820;105 546;7;0;2;4;12;1
202100053820;105 547;10;0;2;1;2;1
202100053820;105 548;7;0;2;5;1;1
202100053820;105 549;7;0;2;1;1;1
202100053821;105 545;7;3;0;0;1;1
202100053822;105 543;30;0;2;1;1;1
202100053822;105 544;10;0;2;4;1;1
202100053823;105 541;30;0;2;1;1;1
202100053823;105 542;7;0;2;1;1;1
202100053824;105 539;7;0;2;6;2;1
202100053824;105 540;7;0;2;2;2;1
202100053825;105 537;7;0;2;1;1;1
202100053825;105 538;7;0;2;4;1;1
202100053826;105 535;7;0;2;2;16;1
202100053826;105 536;36;0;2;8;18;1
202100053827;105 533;7;0;2;1;16;1
202100053827;105 534;7;0;2;7;1;1
202100053828;105 531;7;0;2;1;16;1
202100053828;105 532;7;0;2;1;5;1
202100053829;105 530;7;3;0;3;2;1
202100053830;105 528;1;0;2;6;1;0
202100053830;105 529;7;0;1;3;15;1
202100053831;105 526;30;0;2;1;2;1
202100053831;105 527;7;0;2;6;2;1
202100053832;105 524;7;9;0;2;1;1
202100053832;105 525;7;2;0;0;0;1
202100053833;105 523;7;2;0;7;1;1
202100053834;105 522;7;0;1;2;26;1
202100053835;105 520;3;0;2;1;1;1
202100053835;105 521;3;0;2;7;1;1
202100053836;105 518;7;0;9;3;15;1
202100053836;105 519;50;0;2;1;1;3
202100053837;105 516;7;0;2;1;1;1
202100053837;105 517;7;1;2;8;9;1
202100053838;105 515;2;11;0;1;1;1
202100053839;105 513;7;0;2;2;1;1
202100053839;105 514;7;0;2;3;1;2
202100053840;105 511;7;0;2;2;2;1
202100053840;105 512;7;0;2;6;1;1
202100053841;105 509;7;0;2;1;1;1
202100053841;105 510;7;0;2;2;15;1
202100053842;105 507;33;0;2;8;1;1
202100053842;105 508;7;0;2;1;19;1
202100053843;105 506;7;0;1;3;1;1
202100053844;105 504;7;8;2;7;1;1
202100053844;105 505;7;0;2;2;15;1
202100053845;105 503;7;0;0;2;14;1
202100053846;105 501;7;13;2;8;1;1
202100053846;105 502;7;0;2;1;19;1
202100053847;105 497;33;0;2;1;1;1
202100053847;105 498;7;0;2;1;15;1
202100053848;105 495;7;0;2;2;3;1
202100053848;105 496;7;0;2;6;1;1
202100053849;105 493;7;0;2;2;1;1
202100053849;105 494;7;0;2;8;2;1
202100053850;105 489;7;0;2;0;26;1
202100053850;105 490;7;0;2;3;26;1
202100053850;105 491;34;0;2;1;13;1
202100053851;105 487;7;0;9;4;26;1
202100053851;105 488;7;0;2;1;2;1
202100053852;105 486;7;0;1;3;16;1
202100053853;105 484;33;0;2;1;3;1
202100053853;105 485;7;0;2;5;12;1
202100053854;105 482;7;0;2;1;1;2
202100053854;105 483;30;0;2;5;1;1
202100053855;105 480;7;0;2;2;15;1
202100053855;105 481;34;0;2;1;1;1
202100053856;105 479;1;0;0;0;16;5
202100053857;105 478;0;0;1;0;0;0
202100053858;105 476;2;0;2;1;26;1
202100053858;105 477;7;0;2;8;9;1
202100053859;105 474;7;0;2;1;17;1