Num_Acc;id_vehicule;categorie_vehicule;obstacle_fixe;obstacle_mobile;point_choc_initial;manoeuvre_principale;motorisation
202100053859;105 475;7;0;2;1;1;1
202100053860;105 472;7;0;2;1;1;1
202100053860;105 473;7;0;2;8;1;1
202100053861;105 470;7;0;2;5;15;1
202100053861;105 471;7;0;2;3;1;1
202100053862;105 469;7;0;1;3;15;1
202100053863;105 467;7;0;2;2;1;1
202100053863;105 468;7;0;2;1;1;1
202100053864;105 465;2;0;0;0;0;0
202100053864;105 466;3;0;0;0;0;0
202100053865;105 464;32;1;0;1;1;1
202100053866;105 462;7;0;2;7;12;1
202100053866;105 463;33;0;2;8;3;1
202100053867;105 460;7;0;2;3;1;1
202100053867;105 461;7;0;2;3;1;1
202100053868;105 457;7;0;0;6;15;1
202100053868;105 458;7;0;2;4;23;1
202100053868;105 459;7;0;2;1;1;1
202100053869;105 455;7;0;2;1;1;1
202100053869;105 456;7;0;2;7;13;1
202100053870;105 454;7;0;1;1;1;1
202100053871;105 451;17;0;2;3;1;1
202100053871;105 452;10;0;2;8;13;1
202100053871;105 453;7;0;2;1;1;1
202100053872;105 449;7;0;2;3;13;1
202100053872;105 450;7;0;2;3;1;1
202100053873;105 447;13;0;2;6;2;1
202100053873;105 448;10;0;2;1;11;1
202100053874;105 446;7;0;1;1;1;1
202100053875;105 444;7;0;2;1;1;1
202100053875;105 445;7;0;2;1;11;1
202100053876;105 443;1;16;0;0;0;5
202100053877;105 442;2;0;0;8;1;1
202100053878;105 440;7;0;2;3;17;1
202100053878;105 441;7;0;2;1;15;1
202100053879;105 438;7;0;2;3;15;1
202100053879;105 439;10;0;2;2;1;1
202100053880;105 437;7;13;0;1;1;1
202100053881;105 435;7;0;0;7;1;1
202100053881;105 436;7;0;2;1;19;1
202100053882;105 433;7;0;2;3;15;1
202100053882;105 434;1;0;0;4;1;5
202100053883;105 431;7;0;2;6;17;1
202100053883;105 432;1;0;2;1;1;5
202100053884;105 430;7;0;0;2;1;1
202100053885;105 428;7;0;0;4;2;1
202100053885;105 429;7;0;2;1;2;1
202100053886;105 427;20;6;0;2;2;1
202100053887;105 425;7;0;2;1;1;1
202100053887;105 426;33;0;2;1;1;1
202100053888;105 422;33;0;2;1;1;1
202100053888;105 423;7;0;9;1;1;1
202100053888;105 424;7;0;2;3;1;1
202100053889;105 420;7;0;2;3;15;1
202100053889;105 421;7;0;2;1;1;1
202100053890;105 419;7;8;0;6;17;1
202100053891;105 418;7;3;0;0;0;1
202100053892;105 416;7;0;2;6;13;1
202100053892;105 417;7;0;2;2;1;1
202100053893;105 414;7;0;2;1;1;1
202100053893;105 415;33;0;0;4;1;1
202100053894;105 413;99;13;9;1;1;1
202100053895;105 412;7;13;9;1;1;1
202100053896;105 411;7;2;0;7;13;1
202100053897;105 409;7;2;2;3;1;1
202100053897;105 410;7;0;2;1;13;1
202100053898;105 407;7;0;2;1;1;1
202100053898;105 408;7;0;2;1;13;1
202100053899;105 406;7;0;1;2;1;1
202100053900;105 404;2;0;2;1;1;1
202100053900;105 405;7;0;2;1;17;1
202100053901;105 403;7;13;0;9;26;1
202100053902;105 402;7;16;0;1;1;1
202100053903;105 400;33;0;2;8;15;1
202100053903;105 401;33;0;2;1;1;1
202100053904;105 398;7;0;2;2;1;0
202100053904;105 399;7;0;2;1;9;1
202100053905;105 396;7;0;2;1;15;1
202100053905;105 397;2;0;2;1;1;1
202100053906;105 394;7;0;9;2;15;1
202100053906;105 395;1;0;2;1;1;6
202100053907;105 393;7;13;0;1;1;1
202100053908;105 389;7;0;2;3;1;1
202100053908;105 390;7;0;2;3;13;1
202100053909;105 386;7;0;2;4;1;1
202100053909;105 387;7;0;2;1;2;1
202100053909;105 388;7;0;2;2;23;1
202100053910;105 384;7;0;2;4;23;1
202100053910;105 385;7;1;0;1;1;1
202100053911;105 383;32;0;0;0;26;1
202100053912;105 381;7;0;2;4;2;1
202100053912;105 382;7;4;2;1;1;1
202100053913;105 380;7;4;0;2;26;1
202100053914;105 375;7;0;2;4;12;1
202100053914;105 376;7;0;2;2;2;1
202100053914;105 377;7;3;2;9;2;1
202100053914;105 378;7;0;2;0;0;1
202100053914;105 379;7;0;2;1;2;1
202100053915;105 373;7;0;2;5;2;1
202100053915;105 374;7;0;2;1;9;1
202100053916;105 372;7;4;0;1;1;1
202100053917;105 370;7;3;2;1;1;1
202100053917;105 371;10;3;2;1;21;1
202100053918;105 368;2;0;2;1;1;1
202100053918;105 369;32;0;2;4;1;1
202100053919;105 366;7;0;2;1;9;1
202100053919;105 367;7;16;0;4;2;1
202100053920;105 364;10;0;2;1;1;1
202100053920;105 365;7;0;2;7;1;1
202100053921;105 363;33;0;0;0;26;1
202100053922;105 361;7;0;2;3;15;1
202100053922;105 362;37;0;2;2;1;2
202100053923;105 358;7;0;2;1;12;1
202100053923;105 359;7;0;2;4;23;1
202100053923;105 360;7;0;2;4;23;1
202100053924;105 357;7;9;0;3;13;1
202100053925;105 356;7;4;0;0;14;1
202100053926;105 355;7;0;1;2;1;1
202100053927;105 353;7;0;2;2;1;1
202100053927;105 354;7;0;2;8;9;1
202100053928;105 351;7;0;2;2;15;1
202100053928;105 352;7;0;2;1;1;1
202100053929;105 349;7;0;2;1;0;1
202100053929;105 350;7;0;2;2;1;1
202100053930;105 347;7;0;2;3;1;1
202100053930;105 348;10;0;2;3;15;1
202100053931;105 346;7;0;1;1;1;1
202100053932;105 345;10;0;1;1;1;1
202100053933;105 343;7;0;2;1;1;1
202100053933;105 344;7;0;2;1;5;1
202100053934;105 342;7;0;1;1;1;1
202100053935;105 340;7;0;2;1;1;1
202100053935;105 341;7;0;2;8;1;1
202100053936;105 339;7;0;1;4;26;1
202100053937;105 338;2;0;1;1;2;1
202100053938;105 336;7;0;2;2;19;1
202100053938;105 337;7;0;2;3;1;1
202100053939;105 334;7;0;2;2;13;0
202100053939;105 335;31;0;2;8;15;1
202100053940;105 333;7;0;1;0;1;1
202100053941;105 331;7;0;2;1;1;1
202100053941;105 332;1;0;2;8;1;5
202100053942;105 329;7;0;2;1;1;1
202100053942;105 330;1;0;2;8;19;5
202100053943;105 328;7;0;1;4;4;1
202100053944;105 327;7;0;1;3;17;1
202100053945;105 325;7;0;0;4;26;1
202100053945;105 326;14;0;2;1;26;1
202100053946;105 323;7;0;2;2;1;1
202100053946;105 324;7;0;2;3;9;1
202100053947;105 321;30;0;2;1;1;1
202100053947;105 322;7;0;2;7;15;1
202100053948;105 320;3;0;1;0;26;0
202100053949;105 318;7;0;2;3;1;1
202100053949;105 319;7;0;2;1;9;1
202100053950;105 316;7;0;2;1;7;1
202100053950;105 317;10;0;2;7;15;1
202100053951;105 315;7;0;0;9;1;1
202100053952;105 313;7;0;2;1;9;1
202100053952;105 314;7;15;2;5;1;1
202100053953;105 312;7;0;1;2;15;1
202100053954;105 309;7;0;2;6;23;1
202100053954;105 310;7;0;2;5;23;1
202100053954;105 311;32;0;2;1;3;1
202100053955;105 308;10;0;1;1;15;1
202100053956;105 306;43;0;2;3;15;1
202100053956;105 307;43;0;2;1;17;1
202100053957;105 305;7;0;1;6;4;1
202100053958;105 303;30;0;2;5;1;3
202100053958;105 304;30;0;2;1;16;1
202100053959;105 301;33;0;2;1;1;1
202100053959;105 302;7;0;2;2;15;1
202100053960;105 299;1;0;2;1;17;5
202100053960;105 300;7;0;2;8;10;1
202100053961;105 298;32;0;0;0;0;1
202100053962;105 296;7;0;2;4;1;1
202100053962;105 297;7;0;2;1;1;1
202100053963;105 294;2;0;2;1;1;1
202100053963;105 295;7;0;2;2;15;1
202100053964;105 293;10;0;1;2;16;1
202100053965;105 292;30;0;1;0;1;0
202100053966;105 290;7;0;2;1;1;1
202100053966;105 291;7;0;2;3;1;1
202100053967;105 288;30;0;2;2;1;1
202100053967;105 289;7;0;2;3;11;1
202100053968;105 286;32;0;2;1;1;1
202100053968;105 287;7;0;2;3;1;1
202100053969;105 284;7;0;2;1;9;0
202100053969;105 285;7;0;2;1;1;1
202100053970;105 281;7;0;2;1;26;0
202100053970;105 282;7;0;2;3;23;0
202100053970;105 283;7;0;2;4;0;1
202100053971;105 279;7;1;0;6;23;1
202100053971;105 280;10;0;2;1;1;1
202100053972;105 277;7;12;0;2;0;1
202100053972;105 278;7;0;2;4;1;1
202100053973;105 274;7;0;2;1;26;1
202100053973;105 275;7;0;2;1;1;1
202100053973;105 276;7;0;2;7;1;1
202100053974;105 271;7;0;2;1;1;1
202100053974;105 272;7;0;2;4;23;1
202100053974;105 273;7;0;2;4;23;0
202100053975;105 269;32;0;2;9;1;1
202100053975;105 270;7;0;2;7;19;0
202100053976;105 268;7;0;1;1;26;1
202100053977;105 267;99;15;0;9;14;1
202100053978;105 265;7;8;2;1;1;0
202100053978;105 266;7;0;0;2;9;0
202100053979;105 263;7;0;2;2;1;1
202100053979;105 264;10;0;2;3;9;0
202100053980;105 262;30;0;0;0;1;1
202100053981;105 260;37;0;2;2;1;0
202100053981;105 261;1;0;2;1;16;0
202100053982;105 256;7;0;2;2;1;1
202100053982;105 257;7;3;0;3;1;1
202100053982;105 258;7;1;0;6;23;1
202100053983;105 255;10;4;0;3;2;1
202100053984;105 253;7;0;1;3;1;2
202100053985;105 252;2;0;0;7;1;1
202100053986;105 250;7;0;2;1;1;1
202100053986;105 251;10;0;2;2;13;1
202100053987;105 249;3;6;0;8;13;1
202100053988;105 247;1;0;2;1;15;5
202100053988;105 248;7;0;2;3;1;1
202100053989;105 246;10;0;0;2;0;1
202100053990;105 244;7;0;2;2;2;1
202100053990;105 245;1;0;2;4;2;5
202100053991;105 243;7;2;0;7;0;1
202100053992;105 242;33;13;0;1;1;1
202100053993;105 241;7;0;0;9;1;1
202100053994;105 238;7;0;2;3;15;1
202100053994;105 239;33;0;2;8;1;1
202100053995;105 235;7;0;0;0;0;1
202100053996;105 234;7;0;1;0;1;0
202100053997;105 232;33;0;2;7;13;1
202100053997;105 233;10;0;9;1;21;1
202100053998;105 228;7;0;2;3;15;1
202100053998;105 229;33;0;2;1;17;1
202100053999;105 226;7;0;2;3;13;1
202100053999;105 227;7;0;2;3;21;1
202100054000;105 225;7;2;0;9;1;1
202100054001;105 223;33;0;2;3;1;0
202100054001;105 224;7;0;2;3;1;0
202100054002;105 221;34;0;2;1;1;1
202100054002;105 222;7;0;2;3;17;1
202100054003;105 220;7;0;0;2;26;1
202100054004;105 219;2;9;0;1;1;1
202100054005;105 218;20;0;1;2;16;1
202100054006;105 216;7;0;1;2;1;2
202100054007;105 213;7;0;2;1;5;1
202100054007;105 214;7;0;2;3;23;1
202100054007;105 215;7;0;2;3;1;1
202100054008;105 212;7;13;0;1;1;1
202100054009;105 210;33;0;2;7;16;1
202100054009;105 211;7;0;2;3;2;1
202100054010;105 208;31;0;2;0;0;1
202100054010;105 209;7;0;2;2;0;1
202100054011;105 205;7;0;2;4;1;1
202100054011;105 206;7;0;2;6;1;1
202100054011;105 207;7;3;2;2;21;1
202100054012;105 204;7;3;0;2;26;1
202100054013;105 199;7;0;2;1;2;1
202100054013;105 200;7;0;2;1;2;1
202100054013;105 201;7;0;2;1;2;1
202100054013;105 202;7;0;2;4;2;1
202100054013;105 203;7;0;2;1;2;1
202100054014;105 198;7;4;0;3;26;1
202100054015;105 197;7;0;2;1;1;1
202100054016;105 194;7;0;2;1;14;1
202100054016;105 195;10;0;2;3;1;1
202100054016;105 196;7;0;2;1;1;1
202100054017;105 192;7;0;2;6;23;1
202100054017;105 193;14;1;0;2;1;1
202100054018;105 190;7;0;2;1;26;1
202100054018;105 191;7;0;2;4;0;1
202100054019;105 185;7;0;2;4;2;1
202100054019;105 186;7;0;2;4;2;1
202100054019;105 187;7;0;2;4;2;2
202100054019;105 188;10;0;2;4;2;1
202100054019;105 189;7;0;2;1;2;1
202100054020;105 183;7;0;2;4;2;1
202100054020;105 184;10;0;2;1;2;1
202100054021;105 181;7;0;2;4;2;1
202100054021;105 182;7;0;2;1;2;1
202100054022;105 180;32;0;0;9;1;1
202100054023;105 178;32;0;2;1;1;1
202100054023;105 179;33;0;2;1;13;1
202100054024;105 177;30;12;0;7;26;1
202100054025;105 175;30;0;2;8;3;1
202100054025;105 176;7;0;2;5;1;1
202100054026;105 173;7;0;2;1;15;1
202100054026;105 174;7;0;2;8;1;1
202100054027;105 172;10;6;0;1;1;1
202100054028;105 171;7;8;0;1;16;1
202100054029;105 169;7;0;2;8;1;1
202100054029;105 170;7;0;2;2;12;1
202100054030;105 167;7;0;2;1;16;1
202100054030;105 168;7;0;2;7;1;1
202100054031;105 164;10;0;2;4;23;1
202100054031;105 165;7;0;2;4;23;1
202100054031;105 166;10;0;2;1;2;1
202100054032;105 163;10;0;1;3;15;1
202100054033;105 161;10;0;9;3;1;
202100054033;105 162;39;0;2;0;0;0
202100054034;105 159;7;0;2;1;17;1
202100054034;105 160;7;0;2;1;1;1
202100054035;105 158;7;9;1;2;2;1
202100054036;105 157;7;0;1;1;0;
202100054037;105 156;37;0;1;0;1;1
202100054038;105 154;10;0;2;3;1;1
202100054038;105 155;7;0;2;1;1;1
202100054039;105 153;7;0;1;3;1;1
202100054040;105 151;2;0;2;7;0;1
202100054040;105 152;7;0;2;3;0;1
202100054041;105 150;7;0;1;1;1;0
202100054042;105 146;7;4;0;1;2;1
202100054042;105 147;13;4;0;0;0;1
202100054042;105 148;3;4;0;9;1;3
202100054042;105 149;7;4;0;5;11;2
202100054043;105 145;7;0;1;1;20;1
202100054044;105 143;7;0;2;7;1;1
202100054044;105 144;7;0;2;1;1;1
202100054045;105 141;7;0;1;1;1;3
202100054046;105 139;7;0;1;2;17;1
202100054047;105 137;7;0;2;4;1;1
202100054047;105 138;7;0;2;1;1;1
202100054048;105 136;7;0;1;1;9;1
202100054049;105 134;7;0;0;1;1;1
202100054049;105 135;2;0;2;7;1;1
202100054050;105 130;30;12;0;0;26;1
202100054051;105 128;7;0;2;1;1;1
202100054051;105 129;1;0;2;8;13;5
202100054052;105 127;7;0;1;1;1;1
202100054053;105 126;7;0;1;1;1;0
202100054054;105 124;7;0;2;2;15;1
202100054054;105 125;30;0;2;8;0;1
202100054055;105 123;10;0;1;2;26;1
202100054056;105 121;7;0;2;1;1;1
202100054056;105 122;7;0;2;6;1;1
202100054057;105 120;7;0;1;3;1;1
202100054058;105 118;7;0;2;1;9;1
202100054058;105 119;1;0;2;7;1;5
202100054059;105 116;7;0;2;1;1;1
202100054059;105 117;10;0;2;2;1;1
202100054060;105 115;7;0;1;1;1;1
202100054061;105 113;30;0;2;1;17;1
202100054061;105 114;7;0;2;6;15;1
202100054062;105 111;1;0;2;1;1;5
202100054062;105 112;7;0;9;1;15;1
202100054063;105 110;7;0;1;3;1;1
202100054064;105 108;7;0;2;1;1;1
202100054064;105 109;7;9;2;7;19;1
202100054065;105 106;7;0;4;1;1;1
202100054065;105 107;40;0;2;2;1;3
202100054066;105 104;7;0;2;4;1;1
202100054066;105 105;7;0;2;1;1;1
202100054067;105 102;31;0;2;1;0;1
202100054067;105 103;7;0;2;2;15;1
202100054068;105 100;1;0;2;8;19;5
202100054068;105 101;10;0;2;2;1;0
202100054069;105 098;7;9;2;4;2;1
202100054069;105 099;7;0;2;3;2;1
202100054070;105 097;7;0;1;2;1;1
202100054071;105 095;7;0;2;1;1;1
202100054071;105 096;7;0;2;3;16;1
202100054072;105 093;2;0;2;1;1;1
202100054072;105 094;7;0;2;3;15;1
202100054073;105 091;7;0;2;1;1;1
202100054073;105 092;30;0;2;1;1;1
202100054074;105 090;7;0;1;2;1;1
202100054075;105 089;7;0;1;1;1;1
202100054076;105 088;7;6;0;3;13;1
202100054077;105 085;7;0;2;1;24;1
202100054077;105 086;31;0;2;7;17;1
202100054077;105 087;7;0;2;3;15;1
202100054078;105 083;7;0;0;4;1;1
202100054078;105 084;7;1;2;1;1;1
202100054079;105 081;50;0;2;0;0;3
202100054079;105 082;7;0;2;3;26;1
202100054080;105 079;7;0;2;2;15;1
202100054080;105 080;7;0;2;3;1;1
202100054081;105 078;7;0;1;2;15;1
202100054082;105 077;2;0;1;7;1;1
202100054083;105 075;2;0;2;1;1;1
202100054083;105 076;7;0;2;2;19;1
202100054084;105 073;7;0;2;4;1;1
202100054084;105 074;7;14;2;1;2;1
202100054085;105 071;7;0;2;1;1;0
202100054085;105 072;30;0;2;1;1;1
202100054086;105 069;7;0;2;4;20;1
202100054086;105 070;7;0;2;1;23;1
202100054087;105 067;7;0;2;1;16;1
202100054087;105 068;7;0;2;2;1;1
202100054088;105 065;7;0;2;1;0;1
202100054088;105 066;7;0;2;1;0;1
202100054089;105 063;10;0;2;3;9;1
202100054089;105 064;7;0;2;7;13;1
202100054090;105 061;7;0;2;3;15;1
202100054090;105 062;31;0;2;1;1;1
202100054091;105 059;7;0;2;1;13;1
202100054091;105 060;7;0;2;3;1;1
202100054092;105 057;50;0;2;8;1;3
202100054092;105 058;7;0;2;2;16;1
202100054093;105 056;7;0;1;2;1;1
202100054094;105 055;10;0;1;2;26;1
202100054095;105 053;7;0;2;0;1;1
202100054095;105 054;30;0;2;8;15;1
202100054096;105 051;33;0;2;7;15;1
202100054096;105 052;30;0;2;1;1;1
202100054097;105 049;7;0;2;0;22;1
202100054097;105 050;1;0;2;0;1;5
202100054098;105 047;30;0;2;1;18;3
202100054098;105 048;7;0;2;2;15;1
202100054099;105 045;10;0;2;7;10;1
202100054099;105 046;43;1;2;1;17;1
202100054100;105 042;7;0;1;1;1;1
202100054101;105 040;7;0;2;7;15;1
202100054101;105 041;32;0;2;1;1;1
202100054102;105 039;33;0;0;1;1;1
202100054103;105 038;7;0;1;2;1;1
202100054104;105 037;50;0;0;2;1;3
202100054105;105 036;32;1;0;2;1;1
202100054106;105 034;10;0;2;3;2;1
202100054106;105 035;50;1;0;7;1;3
202100054107;105 032;31;0;2;3;1;1
202100054107;105 033;7;0;2;1;15;1
202100054108;105 031;10;0;1;3;26;1
202100054109;105 029;7;1;0;0;0;1
202100054109;105 030;1;1;0;0;0;5
202100054110;105 027;7;0;2;3;20;1
202100054110;105 028;31;0;2;1;1;1
202100054111;105 025;32;0;2;3;13;1
202100054111;105 026;15;0;2;3;1;1
202100054112;105 023;7;0;2;1;9;0
202100054112;105 024;7;0;2;7;1;1
202100054113;105 021;7;0;2;3;20;1
202100054113;105 022;32;0;2;4;1;1
202100054114;105 019;7;0;2;1;5;1
202100054114;105 020;32;0;2;1;1;1
202100054115;105 017;3;0;2;6;2;1
202100054115;105 018;30;0;2;1;2;1
202100054116;105 016;7;0;1;1;1;2
202100054117;105 015;7;1;0;1;5;1
202100054118;105 013;7;0;2;4;0;0
202100054118;105 014;31;0;2;4;26;0
202100054119;105 011;7;0;2;7;16;2
202100054119;105 012;34;0;2;8;18;1
202100054120;105 010;7;6;0;1;16;1
202100054121;105 008;30;0;2;8;1;1
202100054121;105 009;7;0;2;0;0;1
202100054122;105 007;10;0;1;2;1;1
202100054123;105 004;7;0;2;1;2;0
202100054123;105 005;7;0;2;4;2;1
202100054123;105 006;33;0;2;4;2;1
202100054124;105 003;7;0;1;1;14;1
202100054125;105 001;7;0;2;2;17;0
202100054125;105 002;30;0;2;3;1;1
202100054126;104 999;10;0;2;3;15;1
202100054126;105 000;2;0;2;1;1;1
202100054127;104 998;30;0;1;1;16;1
202100054128;104 996;31;0;0;0;1;3
202100054128;104 997;7;0;0;0;15;0
202100054129;104 994;10;3;0;6;9;1
202100054129;104 995;7;0;2;2;2;1
202100054130;104 992;7;0;2;6;15;1
202100054130;104 993;7;0;2;3;1;1
202100054131;104 990;7;0;2;3;9;1
202100054131;104 991;7;0;2;1;1;1
202100054132;104 986;3;0;0;6;0;1
202100054132;104 987;7;0;2;9;0;1
202100054133;104 985;7;5;0;1;16;1
202100054134;104 983;7;0;2;7;1;1
202100054134;104 984;2;0;2;2;15;1
202100054135;104 982;7;0;1;3;2;1
202100054136;104 981;7;0;1;1;1;1
202100054137;104 979;7;1;0;1;2;1
202100054137;104 980;10;1;0;4;0;1
202100054138;104 977;33;0;2;0;15;1
202100054138;104 978;7;0;0;6;23;1
202100054139;104 976;7;0;1;2;1;1
202100054140;104 974;7;0;9;1;1;1
202100054140;104 975;33;0;2;4;16;1
202100054141;104 973;7;2;0;1;2;1
202100054142;104 971;7;0;2;8;1;1
202100054142;104 972;7;0;2;1;1;1
202100054143;104 969;7;0;2;2;15;1
202100054143;104 970;2;0;2;2;2;1
202100054144;104 968;33;13;0;1;0;1
202100054145;104 967;2;0;0;8;1;1
202100054146;104 965;33;0;2;1;1;1
202100054146;104 966;7;0;2;1;5;1
202100054147;104 962;7;0;2;1;1;1
202100054147;104 963;7;0;2;1;19;1
202100054147;104 964;7;0;2;3;23;1
202100054148;104 960;10;0;2;2;1;1
202100054148;104 961;7;0;2;3;15;1
202100054149;104 958;21;0;2;3;1;1
202100054149;104 959;7;0;2;3;1;1
202100054150;104 956;33;0;0;1;2;1
202100054150;104 957;7;0;0;6;23;1
202100054151;104 954;7;0;0;1;13;1
202100054151;104 955;7;0;0;1;0;1
202100054152;104 952;7;0;2;8;1;1
202100054152;104 953;7;0;2;1;1;1
202100054153;104 950;1;0;2;1;1;5
202100054153;104 951;10;0;9;2;1;1
202100054154;104 949;10;4;0;3;1;1
202100054155;104 943;7;3;0;5;1;1
202100054155;104 944;7;3;0;1;1;1
202100054155;104 945;7;3;2;1;1;1
202100054155;104 946;7;3;2;1;1;1
202100054155;104 947;7;3;2;1;1;1
202100054155;104 948;7;3;2;4;1;1
202100054156;104 940;7;0;2;3;2;1
202100054156;104 941;31;0;2;2;2;1
202100054157;104 939;7;15;0;2;1;1
202100054158;104 938;7;13;0;1;1;1
202100054159;104 937;7;0;0;0;1;1
202100054160;104 936;7;0;1;3;1;1
202100054161;104 934;15;0;2;3;1;1
202100054161;104 935;7;0;2;3;1;1
202100054162;104 932;7;0;2;3;15;1
202100054162;104 933;2;0;2;7;1;1
202100054163;104 931;7;0;0;9;1;1
202100054164;104 929;31;0;0;8;1;1
202100054164;104 930;7;0;0;0;15;1
202100054165;104 928;33;0;0;2;1;1
202100054166;104 926;7;0;2;0;1;1
202100054166;104 927;7;0;2;3;1;1
202100054167;104 925;7;8;0;7;0;1
202100054168;104 923;10;0;2;1;2;1
202100054168;104 924;7;0;0;4;23;1
202100054169;104 921;7;0;2;2;2;1
202100054169;104 922;7;0;2;3;2;1
202100054170;104 918;7;0;2;4;1;1
202100054170;104 919;7;0;2;4;2;1
202100054170;104 920;7;0;2;1;1;1
202100054171;104 915;7;0;2;9;1;1
202100054171;104 916;7;0;2;7;1;1
202100054171;104 917;17;0;2;2;12;1
202100054172;104 914;7;0;2;1;14;1
202100054173;104 913;7;6;0;2;14;1
202100054174;104 911;33;0;0;7;1;1
202100054174;104 912;7;0;2;3;11;1
202100054175;104 909;10;4;0;1;0;1
202100054175;104 910;7;3;0;1;0;2
202100054176;104 904;10;0;2;5;1;1
202100054176;104 905;7;0;2;3;1;1
202100054176;104 906;7;0;2;4;1;1
202100054176;104 907;7;0;2;4;1;1
202100054176;104 908;7;0;2;4;1;1
202100054177;104 903;7;4;0;3;13;1
202100054178;104 901;7;0;9;3;1;1
202100054178;104 902;1;0;2;1;1;5
202100054179;104 900;1;0;1;4;25;5
202100054180;104 899;7;0;1;0;6;1
202100054181;104 898;1;14;0;1;1;5
202100054182;104 897;1;12;0;0;19;5
202100054183;104 895;7;0;2;2;1;1
202100054183;104 896;7;15;2;3;9;1
202100054184;104 893;7;14;0;2;2;1
202100054184;104 894;7;0;2;6;23;1
202100054185;104 892;7;6;0;9;17;1
202100054186;104 891;7;0;1;1;16;1
202100054187;104 890;10;0;1;2;21;1
202100054188;104 888;33;0;2;1;1;1
202100054188;104 889;10;0;2;2;9;1
202100054189;104 887;7;0;1;1;1;1
202100054190;104 886;7;0;0;7;1;1
202100054191;104 884;7;0;2;6;9;1
202100054191;104 885;33;0;2;7;9;1
202100054192;104 883;7;0;1;8;1;1
202100054193;104 881;7;0;0;0;1;1
202100054193;104 882;33;0;0;7;1;1
202100054194;104 877;33;0;2;1;18;1
202100054194;104 878;7;0;2;1;0;1
202100054195;104 875;14;0;2;2;16;1
202100054195;104 876;1;0;2;0;9;0
202100054196;104 874;7;0;1;2;1;1
202100054197;104 871;7;0;1;2;1;1
202100054198;104 869;7;0;2;1;15;1
202100054198;104 870;50;0;2;8;19;3
202100054199;104 868;14;0;1;2;1;1
202100054200;104 866;10;0;2;7;1;0
202100054200;104 867;30;0;2;7;13;1
202100054201;104 864;10;0;2;6;1;1
202100054201;104 865;2;0;2;1;1;1
202100054202;104 862;10;0;2;2;19;1
202100054202;104 863;37;0;2;3;1;1
202100054203;104 861;30;0;0;1;1;1
202100054204;104 859;7;0;2;1;1;1
202100054204;104 860;7;0;2;4;1;1
202100054205;104 858;7;0;1;1;15;1
202100054206;104 857;32;0;0;1;9;1
202100054207;104 855;10;0;2;2;15;1
202100054207;104 856;31;0;2;7;21;1
202100054208;104 853;7;0;2;2;2;1
202100054208;104 854;1;0;2;8;15;0
202100054209;104 851;7;0;2;1;1;1
202100054209;104 852;10;0;2;7;1;1
202100054210;104 849;30;0;2;7;26;1
202100054210;104 850;7;0;2;3;26;1
202100054211;104 847;30;0;2;1;1;1
202100054211;104 848;7;0;2;3;15;1
202100054212;104 845;7;0;0;4;1;1
202100054212;104 846;7;0;2;1;2;1
202100054213;104 843;7;0;2;1;1;1
202100054213;104 844;7;0;2;3;16;1
202100054214;104 842;32;0;1;1;1;1
202100054215;104 840;7;0;2;3;9;1
202100054215;104 841;2;0;2;1;1;1
202100054216;104 839;7;0;1;1;1;2
202100054217;104 838;7;0;1;2;0;1
202100054218;104 837;7;0;1;1;1;1
202100054219;104 835;7;0;2;3;15;1
202100054219;104 836;2;0;2;1;15;1
202100054220;104 832;7;0;2;5;1;1
202100054220;104 833;7;0;2;1;1;1
202100054221;104 830;10;0;2;7;1;1
202100054221;104 831;7;0;2;1;1;1
202100054222;104 829;10;0;1;7;16;1
202100054223;104 827;14;0;2;1;1;1
202100054223;104 828;50;0;2;3;19;3
202100054224;104 826;34;0;1;1;1;1
202100054225;104 824;30;0;0;0;0;0
202100054225;104 825;7;0;2;3;0;1
202100054226;104 822;7;0;2;1;2;1
202100054226;104 823;15;0;2;4;2;1
202100054227;104 821;30;0;2;8;2;1
202100054228;104 819;7;0;2;8;15;1
202100054228;104 820;30;0;2;2;17;1
202100054229;104 818;7;0;1;1;16;1
202100054230;104 817;10;0;1;2;1;1
202100054231;104 815;30;0;2;7;17;1
202100054231;104 816;7;0;2;3;9;1
202100054232;104 813;30;0;2;1;1;1
202100054232;104 814;7;0;2;2;1;1
202100054233;104 811;7;0;2;1;1;0
202100054233;104 812;7;0;2;4;1;1
202100054234;104 809;50;0;2;8;19;3
202100054234;104 810;7;0;2;5;1;1
202100054235;104 807;34;0;2;3;1;1
202100054235;104 808;7;0;2;2;1;1
202100054236;104 805;7;0;2;1;1;1
202100054236;104 806;34;0;2;4;15;1
202100054237;104 804;7;0;1;1;16;1
202100054238;104 803;37;0;1;3;7;1
202100054239;104 802;50;0;1;1;1;3
202100054240;104 800;7;0;2;8;15;1
202100054240;104 801;30;0;2;7;1;1
202100054241;104 798;37;0;2;7;23;3
202100054241;104 799;50;0;2;8;16;3
202100054242;104 796;7;0;2;1;15;1
202100054242;104 797;33;0;2;1;1;1
202100054243;104 794;34;0;2;1;3;1
202100054243;104 795;7;0;2;8;22;1
202100054244;104 793;32;0;0;1;1;1
202100054245;104 791;7;0;2;3;15;1
202100054245;104 792;1;0;2;1;17;5
202100054246;104 790;7;0;1;3;1;3
202100054247;104 789;30;0;0;3;1;1
202100054248;104 788;50;0;1;0;1;3
202100054249;104 787;7;11;0;2;1;1
202100054250;104 785;33;0;2;1;18;1
202100054250;104 786;10;0;2;3;15;1
202100054251;104 784;31;0;1;1;0;1
202100054252;104 782;13;1;0;6;11;1
202100054252;104 783;2;0;2;2;2;1
202100054253;104 780;10;0;2;4;4;1
202100054253;104 781;2;0;2;1;2;1
202100054254;104 778;7;0;2;1;1;2
202100054254;104 779;1;0;2;4;26;5
202100054255;104 775;10;0;2;3;1;1