Num_Acc;id_vehicule;categorie_vehicule;obstacle_fixe;obstacle_mobile;point_choc_initial;manoeuvre_principale;motorisation
202100054255;104 776;7;0;2;3;2;1
202100054255;104 777;7;0;2;9;1;1
202100054256;104 774;14;0;1;3;1;1
202100054257;104 773;7;0;1;1;1;1
202100054258;104 770;43;0;1;2;1;1
202100054259;104 769;2;0;1;1;1;1
202100054260;104 767;1;0;2;8;1;5
202100054260;104 768;7;0;2;1;15;1
202100054261;104 764;7;0;2;3;11;1
202100054261;104 765;32;0;2;1;3;1
202100054261;104 766;7;0;2;1;1;1
202100054262;104 763;7;0;1;2;1;1
202100054263;104 761;1;0;2;0;1;0
202100054263;104 762;7;0;2;5;16;0
202100054264;104 759;1;0;2;4;2;5
202100054264;104 760;10;0;2;2;2;1
202100054265;104 758;7;2;0;7;14;1
202100054266;104 755;14;0;2;3;1;1
202100054266;104 756;10;0;2;6;1;1
202100054266;104 757;7;0;2;2;1;1
202100054267;104 754;7;13;0;9;1;1
202100054268;104 753;7;4;0;0;1;1
202100054269;104 751;17;0;2;6;1;1
202100054269;104 752;10;0;2;3;1;1
202100054270;104 750;7;15;0;3;0;1
202100054271;104 748;7;0;2;1;13;1
202100054271;104 749;7;0;2;1;1;1
202100054272;104 747;7;0;1;1;1;1
202100054273;104 745;7;0;2;3;1;1
202100054273;104 746;7;0;2;3;1;1
202100054274;104 744;7;2;0;2;13;1
202100054275;104 743;7;0;1;1;1;1
202100054276;104 742;7;14;0;1;1;1
202100054277;104 740;1;0;2;2;1;5
202100054277;104 741;7;0;2;3;16;1
202100054278;104 736;7;0;2;8;19;1
202100054278;104 737;33;0;2;1;1;1
202100054279;104 735;7;0;1;3;1;1
202100054280;104 734;7;3;0;3;1;1
202100054281;104 733;7;0;1;3;1;1
202100054282;104 732;7;3;0;1;1;1
202100054283;104 730;2;0;2;1;1;1
202100054283;104 731;7;0;0;4;23;1
202100054284;104 726;15;0;2;3;1;1
202100054284;104 727;7;0;9;;2;1
202100054284;104 728;7;0;9;1;2;1
202100054284;104 729;7;0;2;3;5;1
202100054285;104 723;7;0;2;3;11;1
202100054285;104 724;10;0;2;2;1;1
202100054285;104 725;17;0;2;2;1;1
202100054286;104 722;38;16;0;7;1;1
202100054287;104 721;7;1;0;2;14;1
202100054288;104 719;10;0;2;6;1;1
202100054288;104 720;7;0;2;3;16;1
202100054289;104 717;7;0;0;3;9;1
202100054289;104 718;33;0;2;1;1;1
202100054290;104 716;7;13;0;1;1;1
202100054291;104 715;7;0;1;2;14;1
202100054292;104 714;7;0;1;1;1;1
202100054293;104 713;7;0;1;1;1;1
202100054294;104 711;7;0;2;1;15;1
202100054294;104 712;2;0;2;1;1;1
202100054295;104 709;7;0;2;6;15;1
202100054295;104 710;33;0;2;1;1;1
202100054296;104 706;7;3;0;6;1;1
202100054296;104 707;7;0;0;0;1;1
202100054297;104 704;7;0;2;2;2;0
202100054297;104 705;1;0;0;4;2;5
202100054298;104 703;7;0;1;2;1;1
202100054299;104 702;30;4;0;3;1;1
202100054300;104 701;7;0;1;1;1;1
202100054301;104 696;7;0;2;4;2;1
202100054301;104 697;7;0;2;4;2;2
202100054301;104 698;7;0;2;4;2;1
202100054301;104 699;10;0;2;4;2;1
202100054301;104 700;7;0;2;1;2;1
202100054302;104 695;32;0;2;0;3;1
202100054303;104 692;10;0;2;1;2;1
202100054303;104 693;7;0;2;4;2;1
202100054303;104 694;10;0;2;4;1;1
202100054304;104 690;7;0;2;3;1;1
202100054304;104 691;7;0;2;3;0;1
202100054305;104 688;1;0;2;1;1;0
202100054305;104 689;7;0;2;1;9;1
202100054306;104 686;7;0;2;7;15;1
202100054306;104 687;2;0;2;0;0;0
202100054307;104 685;7;0;0;0;1;1
202100054308;104 684;7;9;0;6;16;1
202100054309;104 683;7;0;1;1;1;1
202100054310;104 681;33;0;2;1;1;1
202100054310;104 682;7;0;2;3;15;1
202100054311;104 680;7;0;1;1;1;1
202100054312;104 679;7;0;1;2;26;1
202100054313;104 678;7;9;2;2;1;0
202100054314;104 677;0;0;1;7;16;0
202100054315;104 675;7;0;2;1;1;1
202100054315;104 676;2;0;2;5;1;1
202100054316;104 673;2;0;0;5;1;1
202100054316;104 674;1;0;2;8;7;0
202100054317;104 671;33;0;2;1;15;0
202100054317;104 672;15;0;2;8;26;0
202100054318;104 668;7;0;2;4;23;1
202100054318;104 669;7;0;2;1;2;1
202100054319;104 666;7;0;2;1;1;1
202100054319;104 667;7;0;2;2;13;1
202100054320;104 664;7;0;2;5;26;1
202100054320;104 665;1;0;2;0;1;5
202100054321;104 662;7;0;2;1;1;1
202100054321;104 663;7;0;2;3;16;1
202100054322;104 661;7;0;1;3;15;1
202100054323;104 659;7;0;2;1;1;1
202100054323;104 660;7;0;2;1;13;1
202100054324;104 657;32;0;0;8;15;2
202100054324;104 658;10;0;2;2;0;1
202100054325;104 656;30;0;1;1;1;1
202100054326;104 654;7;0;2;3;9;1
202100054326;104 655;1;0;2;1;1;5
202100054327;104 651;7;0;2;4;1;1
202100054327;104 652;7;0;2;4;1;1
202100054327;104 653;7;0;2;1;2;1
202100054328;104 650;2;0;1;1;26;1
202100054329;104 649;7;0;1;2;26;1
202100054330;104 647;7;0;2;6;10;1
202100054330;104 648;33;0;2;1;1;1
202100054331;104 646;7;0;1;3;1;1
202100054332;104 644;7;0;2;3;15;1
202100054332;104 645;7;0;2;3;1;1
202100054333;104 642;7;0;2;2;1;1
202100054333;104 643;7;0;2;3;15;1
202100054334;104 640;7;9;0;7;16;1
202100054334;104 641;7;0;2;1;1;1
202100054335;104 638;7;0;2;2;1;1
202100054335;104 639;10;0;2;5;4;1
202100054336;104 637;10;0;1;2;15;1
202100054337;104 635;7;0;2;1;15;1
202100054337;104 636;30;0;2;1;1;1
202100054338;104 633;10;0;2;2;1;1
202100054338;104 634;1;0;2;1;19;5
202100054339;104 631;80;0;2;2;1;3
202100054339;104 632;7;0;2;3;1;1
202100054340;104 630;10;0;1;3;1;1
202100054341;104 628;7;0;2;3;19;1
202100054341;104 629;7;0;2;1;1;1
202100054342;104 627;7;0;1;1;3;0
202100054343;104 626;30;0;0;0;1;1
202100054344;104 624;1;0;2;0;1;0
202100054344;104 625;7;0;2;1;26;1
202100054345;104 621;10;0;2;4;1;1
202100054345;104 622;7;0;2;4;1;1
202100054345;104 623;7;0;2;1;1;1
202100054346;104 619;7;0;2;1;0;1
202100054346;104 620;32;0;2;2;1;1
202100054347;104 616;7;0;2;4;2;0
202100054347;104 617;7;0;2;1;2;1
202100054347;104 618;7;0;2;1;2;1
202100054348;104 614;33;0;2;3;3;1
202100054348;104 615;7;0;2;2;12;1
202100054349;104 612;7;0;2;2;12;1
202100054349;104 613;33;0;2;8;1;1
202100054350;104 609;7;0;2;1;2;1
202100054350;104 610;7;0;2;4;2;1
202100054350;104 611;7;0;2;4;2;2
202100054351;104 607;43;0;2;7;1;1
202100054351;104 608;7;0;2;8;11;0
202100054352;104 605;7;0;2;4;1;1
202100054352;104 606;10;0;2;1;12;1
202100054353;104 603;10;0;2;2;3;1
202100054353;104 604;7;0;2;6;1;2
202100054354;104 602;7;4;0;2;1;1
202100054355;104 600;33;0;2;7;1;1
202100054355;104 601;7;0;2;7;15;1
202100054356;104 599;32;0;1;3;17;1
202100054357;104 598;31;0;0;0;1;1
202100054358;104 596;10;0;2;1;1;1
202100054358;104 597;7;1;2;3;1;1
202100054359;104 594;7;0;2;3;15;1
202100054359;104 595;32;0;2;7;1;1
202100054360;104 592;7;0;2;4;23;1
202100054360;104 593;30;0;2;1;2;1
202100054361;104 591;1;8;0;1;1;5
202100054362;104 590;7;6;0;1;1;1
202100054363;104 588;7;0;2;1;1;1
202100054363;104 589;10;0;2;2;1;1
202100054364;104 585;33;0;2;7;15;1
202100054364;104 586;10;0;2;3;1;1
202100054364;104 587;7;0;2;1;15;1
202100054365;104 584;0;0;1;0;15;1
202100054366;104 582;7;0;2;4;0;0
202100054366;104 583;7;0;2;4;2;1
202100054367;104 581;7;0;1;1;13;1
202100054368;104 579;33;0;2;1;2;1
202100054368;104 580;14;0;2;6;15;1
202100054369;104 577;7;0;2;3;26;0
202100054369;104 578;30;0;2;1;11;1
202100054370;104 575;7;0;2;2;1;1
202100054370;104 576;7;0;2;3;1;1
202100054371;104 573;7;0;9;2;1;1
202100054371;104 574;80;0;2;8;1;3
202100054372;104 571;7;0;0;4;16;1
202100054372;104 572;7;0;2;1;16;1
202100054373;104 570;7;0;1;1;1;1
202100054374;104 569;7;8;0;1;1;1
202100054375;104 568;7;8;0;2;1;1
202100054376;104 566;7;0;2;7;22;1
202100054376;104 567;1;1;0;0;1;5
202100054377;104 565;1;0;1;1;1;5
202100054378;104 562;7;0;2;1;2;1
202100054378;104 563;7;0;2;4;2;1
202100054378;104 564;7;0;2;4;1;1
202100054379;104 560;7;0;2;2;16;1
202100054379;104 561;1;0;2;8;1;0
202100054380;104 559;21;0;0;7;16;1
202100054381;104 557;7;0;2;8;19;1
202100054381;104 558;2;0;2;1;1;1
202100054382;104 556;7;0;1;1;9;1
202100054383;104 555;10;3;0;1;1;1
202100054384;104 554;7;13;0;1;1;1
202100054385;104 552;7;0;2;3;1;1
202100054385;104 553;7;8;2;2;15;1
202100054386;104 550;7;0;1;3;1;1
202100054387;104 548;2;0;2;1;1;1
202100054387;104 549;10;0;2;1;23;1
202100054388;104 546;7;0;2;3;15;1
202100054388;104 547;15;0;2;2;2;1
202100054389;104 545;7;10;0;1;1;1
202100054390;104 542;7;5;0;1;1;1
202100054391;104 540;10;7;2;3;17;1
202100054391;104 541;7;0;2;3;16;1
202100054392;104 539;7;15;0;2;1;1
202100054393;104 538;7;0;1;2;21;1
202100054394;104 534;7;0;0;4;2;1
202100054394;104 535;7;0;2;4;2;1
202100054394;104 536;7;0;2;4;2;1
202100054394;104 537;10;0;2;1;2;1
202100054395;104 532;14;0;2;8;15;1
202100054395;104 533;7;0;2;1;1;1
202100054396;104 530;1;0;2;0;13;0
202100054396;104 531;7;0;9;2;17;1
202100054397;104 528;13;0;0;6;1;1
202100054397;104 529;13;0;2;1;1;1
202100054398;104 526;7;0;0;3;16;1
202100054398;104 527;1;0;2;1;1;5
202100054399;104 525;7;0;1;2;1;1
202100054400;104 524;7;4;0;1;1;1
202100054401;104 521;7;0;1;1;1;1
202100054402;104 519;7;0;2;1;1;1
202100054402;104 520;7;0;2;1;5;1
202100054403;104 517;7;0;2;4;2;0
202100054403;104 518;7;0;2;1;2;1
202100054404;104 515;7;0;2;1;1;1
202100054404;104 516;10;0;0;4;1;1
202100054405;104 511;7;0;2;1;1;1
202100054405;104 512;7;0;2;4;1;1
202100054405;104 513;7;0;2;4;1;1
202100054405;104 514;7;0;2;4;1;1
202100054406;104 506;7;0;2;8;1;1
202100054406;104 507;7;0;2;4;2;1
202100054406;104 508;7;0;2;1;2;1
202100054406;104 509;7;0;2;1;1;1
202100054406;104 510;33;0;2;7;3;1
202100054407;104 504;34;0;2;1;1;1
202100054407;104 505;17;0;2;4;1;1
202100054408;104 502;7;0;2;5;0;1
202100054408;104 503;33;0;2;1;1;1
202100054409;104 499;10;0;2;1;1;1
202100054409;104 500;7;0;2;1;1;1
202100054409;104 501;7;0;2;4;23;1
202100054410;104 497;10;0;2;1;1;1
202100054410;104 498;7;1;2;4;26;1
202100054411;104 495;7;0;2;6;2;1
202100054411;104 496;10;0;2;1;2;1
202100054412;104 494;10;9;0;1;15;1
202100054413;104 492;2;0;2;1;0;1
202100054413;104 493;7;0;2;2;15;1
202100054414;104 490;7;0;2;1;1;1
202100054414;104 491;7;0;2;3;1;1
202100054415;104 489;7;0;1;1;26;0
202100054416;104 487;7;0;2;1;2;1
202100054416;104 488;7;0;2;4;2;1
202100054417;104 486;7;0;1;1;4;1
202100054418;104 482;7;0;2;0;1;1
202100054418;104 483;7;0;2;1;5;1
202100054418;104 484;7;0;2;8;1;1
202100054418;104 485;7;0;2;0;1;1
202100054419;104 480;30;0;2;1;19;1
202100054419;104 481;7;0;2;2;0;1
202100054420;104 478;7;0;2;1;13;1
202100054420;104 479;7;0;2;1;1;1
202100054421;104 476;7;0;2;1;1;1
202100054421;104 477;7;0;2;2;17;1
202100054422;104 474;7;0;2;1;1;1
202100054422;104 475;33;0;2;7;0;1
202100054423;104 473;7;0;1;1;1;1
202100054424;104 471;7;0;2;4;2;1
202100054424;104 472;7;0;2;1;2;1
202100054425;104 470;7;0;1;2;1;1
202100054426;104 468;7;0;2;8;15;1
202100054426;104 469;33;0;2;2;1;1
202100054427;104 466;30;0;2;1;13;1
202100054427;104 467;7;0;2;1;1;1
202100054428;104 465;7;0;1;2;26;1
202100054429;104 463;15;0;2;3;21;1
202100054429;104 464;7;0;2;3;13;1
202100054430;104 462;10;0;1;3;1;1
202100054431;104 461;1;0;1;1;16;5
202100054432;104 459;7;0;2;3;1;1
202100054432;104 460;7;0;2;2;15;1
202100054433;104 457;7;0;2;2;1;1
202100054433;104 458;7;0;2;1;1;1
202100054434;104 456;7;2;0;1;13;1
202100054435;104 455;10;0;1;0;1;1
202100054436;104 454;7;0;1;3;11;1
202100054437;104 453;40;0;1;1;1;5
202100054438;104 451;30;0;2;8;15;1
202100054438;104 452;7;0;2;1;1;1
202100054439;104 450;7;0;1;0;16;1
202100054440;104 449;7;0;1;2;1;1
202100054441;104 448;7;0;1;1;15;1
202100054442;104 446;7;0;2;3;1;1
202100054442;104 447;1;0;2;1;1;5
202100054443;104 445;7;0;1;3;1;1
202100054444;104 444;7;0;1;8;1;1
202100054445;104 443;30;0;1;1;0;0
202100054446;104 442;7;0;1;3;1;1
202100054447;104 440;7;0;2;1;13;1
202100054447;104 441;10;0;2;3;1;1
202100054448;104 438;10;0;2;1;15;1
202100054448;104 439;1;0;2;1;25;5
202100054449;104 436;2;0;2;2;3;1
202100054449;104 437;7;0;2;3;11;1
202100054450;104 433;33;0;2;9;1;1
202100054450;104 434;7;0;2;3;1;1
202100054450;104 435;7;0;2;2;1;1
202100054451;104 432;7;0;1;3;1;1
202100054452;104 430;7;0;0;1;1;1
202100054452;104 431;7;0;2;1;0;1
202100054453;104 427;7;0;2;1;1;1
202100054453;104 428;7;0;2;6;13;1
202100054453;104 429;7;0;2;1;1;1
202100054454;104 425;10;0;2;2;1;1
202100054454;104 426;1;0;2;4;15;5
202100054455;104 423;1;0;2;0;17;5
202100054455;104 424;7;0;2;3;15;1
202100054456;104 421;33;0;2;3;2;1
202100054456;104 422;7;0;2;2;15;1
202100054457;104 419;37;0;2;5;15;1
202100054457;104 420;33;0;2;1;17;1
202100054458;104 417;10;0;2;8;15;1
202100054458;104 418;34;0;2;1;1;1
202100054459;104 416;3;0;1;1;0;1
202100054460;104 415;2;12;0;1;2;1
202100054461;104 413;7;0;2;1;2;0
202100054461;104 414;2;0;2;4;1;1
202100054462;104 411;10;0;2;2;1;1
202100054462;104 412;7;0;2;6;1;1
202100054463;104 410;30;0;2;7;1;1
202100054464;104 408;31;0;0;0;0;1
202100054464;104 409;7;0;0;0;1;1
202100054465;104 406;10;0;2;3;15;1
202100054465;104 407;31;0;2;1;15;1
202100054466;104 404;7;12;2;3;13;1
202100054466;104 405;7;0;2;8;1;1
202100054467;104 403;32;0;1;1;1;1
202100054468;104 402;7;0;1;3;21;1
202100054469;104 401;34;0;1;3;3;1
202100054470;104 399;7;0;2;2;16;1
202100054470;104 400;1;0;2;2;1;5
202100054471;104 397;10;0;2;3;22;1
202100054471;104 398;80;0;2;7;17;3
202100054472;104 396;7;0;1;1;1;1
202100054473;104 394;7;0;2;2;9;1
202100054473;104 395;30;0;2;3;1;1
202100054474;104 392;7;0;2;1;1;1
202100054474;104 393;7;0;2;5;1;1
202100054475;104 391;7;1;0;1;14;1
202100054476;104 389;32;0;2;1;1;1
202100054476;104 390;7;0;2;7;16;1
202100054477;104 388;7;0;1;1;2;1
202100054478;104 386;31;0;2;7;17;1
202100054478;104 387;10;0;2;3;15;1
202100054479;104 384;7;0;2;7;1;1
202100054479;104 385;1;0;2;8;1;5
202100054480;104 383;30;0;0;0;1;1
202100054481;104 381;33;0;2;7;1;1
202100054481;104 382;7;0;2;1;9;1
202100054482;104 379;7;1;2;1;14;1
202100054482;104 380;7;0;2;3;2;1
202100054483;104 378;30;0;1;1;19;1
202100054484;104 376;7;0;2;8;15;1
202100054484;104 377;7;1;2;1;1;1
202100054485;104 375;32;0;1;1;19;1
202100054486;104 374;7;0;1;2;1;1
202100054487;104 372;10;0;2;2;16;1
202100054487;104 373;33;0;2;1;15;1
202100054488;104 370;7;0;2;3;15;1
202100054488;104 371;1;0;2;6;1;5
202100054489;104 369;10;0;1;1;1;0
202100054490;104 367;37;0;2;2;2;1
202100054490;104 368;7;0;2;4;1;1
202100054491;104 366;7;0;1;1;1;1
202100054492;104 364;30;0;2;0;1;3
202100054492;104 365;7;0;2;8;15;2
202100054493;104 363;7;0;1;5;4;1
202100054494;104 362;7;0;1;1;1;0
202100054495;104 361;1;0;1;1;1;5
202100054496;104 360;1;0;1;1;1;5
202100054497;104 359;7;0;1;6;15;1
202100054498;104 358;3;0;1;2;1;1
202100054499;104 356;33;0;2;8;1;1
202100054499;104 357;7;0;2;1;15;1
202100054500;104 354;7;0;2;3;1;1
202100054500;104 355;1;0;2;7;19;5
202100054501;104 352;32;0;2;1;2;1
202100054501;104 353;7;0;0;5;9;1
202100054502;104 350;7;0;2;3;1;1
202100054502;104 351;33;0;2;1;1;1
202100054503;104 349;17;13;0;2;1;1
202100054504;104 348;7;2;0;1;1;1
202100054505;104 346;7;0;2;2;1;1
202100054505;104 347;7;0;2;3;13;1
202100054506;104 345;7;7;0;0;13;1
202100054507;104 343;7;0;1;1;1;0
202100054507;104 344;7;0;1;3;1;0
202100054508;104 341;7;0;2;3;13;1
202100054508;104 342;7;0;2;3;1;1
202100054509;104 340;7;13;0;2;14;1
202100054510;104 338;7;0;2;3;13;1
202100054510;104 339;7;0;2;3;1;1
202100054511;104 337;7;0;1;5;1;1
202100054512;104 336;7;6;0;2;1;1
202100054513;104 334;10;0;2;2;17;1
202100054513;104 335;80;0;2;4;11;2
202100054514;104 332;7;0;2;3;1;1
202100054514;104 333;7;0;2;2;19;1
202100054515;104 330;7;0;2;2;19;1
202100054515;104 331;32;0;2;6;1;1
202100054516;104 326;7;4;2;6;1;1
202100054516;104 327;15;0;2;7;12;1
202100054517;104 324;7;0;2;1;1;1
202100054517;104 325;7;0;2;3;15;1
202100054518;104 322;7;0;2;1;2;1
202100054518;104 323;7;0;2;4;1;1
202100054519;104 321;7;0;1;2;1;1
202100054520;104 320;10;13;0;1;13;1
202100054521;104 318;20;0;2;4;1;1
202100054521;104 319;17;0;2;1;2;1
202100054522;104 317;99;0;0;3;1;1
202100054523;104 316;2;0;1;1;1;1
202100054524;104 314;7;0;2;8;1;1
202100054524;104 315;7;0;2;1;1;1
202100054525;104 312;33;0;2;2;8;1
202100054525;104 313;7;0;2;7;15;1
202100054526;104 311;7;0;1;1;1;1
202100054527;104 310;7;0;1;2;1;1
202100054528;104 306;2;0;2;1;17;1
202100054528;104 307;7;0;2;3;15;1
202100054529;104 305;13;0;1;1;1;1
202100054530;104 303;2;0;2;1;23;1
202100054530;104 304;7;0;0;5;15;1
202100054531;104 301;15;0;2;2;14;1
202100054531;104 302;7;0;2;8;1;1
202100054532;104 299;7;0;2;7;14;1
202100054532;104 300;34;0;2;3;13;1
202100054533;104 298;7;14;0;9;1;1
202100054534;104 295;10;0;2;4;2;1
202100054534;104 296;7;0;2;4;2;1
202100054534;104 297;7;0;2;1;1;1
202100054535;104 293;14;0;2;4;23;1
202100054535;104 294;14;1;0;1;1;1
202100054536;104 289;7;0;2;1;0;1
202100054536;104 290;7;0;2;4;1;1
202100054536;104 291;7;0;2;8;1;1
202100054536;104 292;15;0;2;6;1;1
202100054537;104 287;7;4;2;6;1;1
202100054537;104 288;14;0;2;2;12;1
202100054538;104 286;7;2;0;1;14;1
202100054539;104 285;10;4;0;1;15;1
202100054540;104 283;13;0;2;1;2;1
202100054540;104 284;7;0;2;4;0;1
202100054541;104 282;7;3;0;3;9;1
202100054542;104 280;7;0;2;6;12;1
202100054542;104 281;33;0;2;2;2;1
202100054543;104 278;33;0;0;0;0;1
202100054543;104 279;7;0;0;0;13;1
202100054544;104 277;32;0;2;8;1;1
202100054545;104 275;10;1;0;1;2;1
202100054545;104 276;7;0;2;4;23;1
202100054546;104 273;10;0;2;5;1;1
202100054546;104 274;43;0;2;1;3;1
202100054547;104 271;7;0;2;5;0;1
202100054547;104 272;33;0;2;3;0;1
202100054548;104 270;43;0;1;1;1;1
202100054549;104 268;7;0;9;2;14;1
202100054549;104 269;37;0;2;8;1;1
202100054550;104 266;7;0;2;4;2;1
202100054550;104 267;7;0;2;1;2;1
202100054551;104 264;32;1;0;1;2;1
202100054551;104 265;10;0;2;4;23;1
202100054552;104 262;30;0;2;1;1;1
202100054552;104 263;7;14;2;4;1;1
202100054553;104 261;10;0;1;1;19;1
202100054554;104 260;10;0;0;3;1;0
202100054555;104 257;7;0;2;1;15;1
202100054555;104 258;7;0;2;2;1;1
202100054556;104 256;7;0;1;3;1;1
202100054557;104 254;7;0;2;6;1;1
202100054557;104 255;17;0;2;2;12;1
202100054558;104 253;1;0;0;0;1;5
202100054559;104 251;7;0;2;3;1;1
202100054559;104 252;7;0;2;2;9;1
202100054560;104 250;33;0;0;7;1;1
202100054561;104 248;7;0;2;2;1;1
202100054561;104 249;7;0;2;1;11;1
202100054562;104 247;10;0;1;1;19;1
202100054563;104 245;7;0;2;3;1;1
202100054563;104 246;7;0;2;1;13;1
202100054564;104 244;7;0;1;1;1;1
202100054565;104 242;1;0;2;1;5;5
202100054565;104 243;7;0;2;3;1;1
202100054566;104 241;7;0;1;1;1;1
202100054567;104 238;10;0;2;2;2;1
202100054568;104 233;7;0;2;4;1;1
202100054568;104 234;7;0;2;4;1;1
202100054568;104 235;7;0;2;1;1;1
202100054569;104 232;7;0;1;2;1;1
202100054570;104 231;7;16;0;8;14;1
202100054571;104 230;7;0;1;4;4;1
202100054572;104 229;10;1;0;2;14;1
202100054573;104 227;31;0;2;1;1;1
202100054573;104 228;14;0;2;3;19;1
202100054574;104 225;7;0;0;2;2;1
202100054574;104 226;7;0;0;1;10;1
202100054575;104 223;7;0;2;1;1;1
202100054575;104 224;7;0;2;7;9;1
202100054576;104 221;7;0;2;2;26;1
202100054576;104 222;3;0;2;4;2;2
202100054577;104 219;7;1;2;3;1;1
202100054577;104 220;7;1;2;3;20;1
202100054578;104 218;7;0;1;1;1;1
202100054579;104 217;7;6;0;1;26;1
202100054580;104 216;7;1;0;3;0;1
202100054581;104 214;7;0;2;1;1;1
202100054581;104 215;7;12;0;8;9;1
202100054582;104 213;33;12;0;1;13;1
202100054583;104 212;7;14;0;1;13;1
202100054584;104 211;7;0;1;1;1;1
202100054585;104 210;7;0;1;2;1;1
202100054586;104 208;7;0;2;3;9;1
202100054586;104 209;1;0;2;7;1;5
202100054587;104 206;2;0;2;1;1;1
202100054587;104 207;7;0;2;3;1;1
202100054588;104 205;34;0;2;0;0;1
202100054589;104 204;7;2;0;1;21;1
202100054590;104 202;33;0;2;1;26;1
202100054590;104 203;7;0;2;4;23;
202100054591;104 200;10;0;2;4;1;1
202100054591;104 201;7;0;2;1;1;1
202100054592;104 198;7;0;2;8;22;1
202100054592;104 199;1;1;0;1;1;0
202100054593;104 196;7;15;2;1;13;1
202100054593;104 197;7;0;2;8;1;1
202100054594;104 194;32;0;2;3;1;1
202100054594;104 195;7;0;2;3;5;1
202100054595;104 193;7;0;1;2;16;1
202100054596;104 191;7;0;2;7;1;1
202100054596;104 192;1;0;2;8;13;0
202100054597;104 190;7;0;1;3;15;1
202100054598;104 188;7;0;2;3;15;1
202100054598;104 189;7;0;2;3;1;1
202100054599;104 187;7;0;1;0;0;0
202100054600;104 185;7;1;2;3;1;1
202100054600;104 186;7;0;2;1;13;1
202100054601;104 183;32;0;2;7;3;1
202100054601;104 184;7;0;2;6;13;1
202100054602;104 182;1;0;1;1;1;5
202100054603;104 181;7;0;1;4;4;1
202100054604;104 179;2;0;2;3;17;1
202100054604;104 180;10;0;2;8;15;1
202100054605;104 177;60;0;2;1;19;5
202100054605;104 178;7;0;2;2;15;1
202100054606;104 175;1;0;2;2;19;5
202100054606;104 176;34;0;2;3;1;1
202100054607;104 174;30;0;9;2;1;1
202100054608;104 173;7;0;1;2;1;1
202100054609;104 171;7;0;2;8;15;1
202100054609;104 172;30;0;2;2;17;1
202100054610;104 170;7;0;1;2;26;1
202100054611;104 168;7;0;0;0;15;1
202100054611;104 169;30;0;2;0;17;1
202100054612;104 167;7;0;1;1;26;0
202100054613;104 164;7;14;0;1;2;1
202100054613;104 165;7;14;0;1;23;1
202100054613;104 166;7;14;0;4;23;1
202100054614;104 162;7;0;2;7;1;1
202100054614;104 163;30;0;2;0;1;1
202100054615;104 161;1;0;0;0;1;5
202100054616;104 160;10;0;1;1;0;1
202100054617;104 158;30;0;2;1;1;1
202100054617;104 159;7;0;2;8;1;1
202100054618;104 156;7;0;2;6;1;1
202100054618;104 157;33;0;2;2;18;1
202100054619;104 155;14;0;1;5;16;1
202100054620;104 153;7;0;2;4;0;1
202100054620;104 154;7;0;2;1;26;1
202100054621;104 151;33;0;2;3;17;1
202100054621;104 152;7;0;2;8;15;1
202100054622;104 150;7;13;6;1;1;1
202100054623;104 149;7;15;9;1;1;1
202100054624;104 147;7;1;0;1;2;1
202100054624;104 148;7;0;0;4;23;1
202100054625;104 145;7;0;2;1;1;1
202100054625;104 146;7;0;2;1;1;1
202100054626;104 144;7;8;0;5;1;1
202100054627;104 142;10;0;2;3;19;1
202100054627;104 143;15;0;2;2;1;1
202100054628;104 141;36;13;0;0;1;1
202100054629;104 140;2;0;0;9;1;1
202100054630;104 138;7;0;2;6;19;1
202100054630;104 139;2;0;2;1;1;1
202100054631;104 136;33;0;2;1;1;1
202100054631;104 137;7;0;2;3;15;1
202100054632;104 135;33;0;0;7;1;1
202100054633;104 133;15;0;2;3;13;1
202100054633;104 134;7;0;2;3;1;1
202100054634;104 131;7;0;2;4;23;1
202100054634;104 132;31;0;2;1;2;1
202100054635;104 128;7;0;2;1;2;1
202100054635;104 129;10;0;2;1;1;1
202100054635;104 130;7;0;2;1;1;1
202100054636;104 127;7;0;1;1;0;0
202100054637;104 126;7;7;0;3;1;1
202100054638;104 124;7;0;2;1;15;1
202100054638;104 125;7;0;2;1;1;1
202100054639;104 123;7;1;1;2;1;1
202100054640;104 122;7;0;1;1;1;1
202100054641;104 120;7;0;2;2;2;1
202100054641;104 121;7;0;0;6;2;1
202100054642;104 119;7;16;0;2;1;1
202100054643;104 118;7;13;0;1;1;1
202100054644;104 117;31;12;0;6;1;1
202100054645;104 115;2;0;2;3;13;1
202100054645;104 116;14;0;2;3;1;1
202100054646;104 113;10;0;2;1;9;1
202100054646;104 114;50;0;2;7;1;3
202100054647;104 111;7;0;2;4;2;1
202100054647;104 112;7;3;2;2;1;1
202100054648;104 109;7;0;2;1;13;1
202100054648;104 110;7;0;2;1;1;1
202100054649;104 107;7;0;2;7;13;1
202100054649;104 108;7;0;2;1;1;1
202100054650;104 106;2;12;0;1;1;1
202100054651;104 104;7;0;2;1;17;1
202100054651;104 105;1;0;2;8;15;5
202100054652;104 102;7;0;0;4;16;1
202100054652;104 103;7;0;2;1;2;1
202100054653;104 101;10;3;0;0;14;1
202100054654;104 099;7;0;2;3;9;1
202100054654;104 100;2;0;0;7;16;1
202100054655;104 098;7;13;0;1;19;0
202100054656;104 094;7;0;2;4;2;1
202100054656;104 095;7;0;2;1;2;1
202100054656;104 096;33;0;2;1;2;1
202100054656;104 097;7;0;2;1;2;1
202100054657;104 092;7;0;2;5;11;1
202100054657;104 093;33;0;2;1;3;1
202100054658;104 091;7;3;0;1;26;1
202100054659;104 079;7;0;2;1;2;1
202100054659;104 080;7;0;2;4;2;1
202100054659;104 081;10;0;2;1;2;1
202100054659;104 082;7;0;2;1;2;1
202100054659;104 083;7;0;2;0;1;1
202100054659;104 084;7;0;2;1;1;1
202100054659;104 085;7;0;2;1;1;1
202100054659;104 086;7;0;2;1;1;1