Num_Acc;id_vehicule;categorie_vehicule;obstacle_fixe;obstacle_mobile;point_choc_initial;manoeuvre_principale;motorisation
202100054659;104 087;7;0;2;4;2;1
202100054659;104 088;7;0;2;4;2;1
202100054659;104 089;7;0;2;1;1;1
202100054659;104 090;7;0;2;1;1;1
202100054660;104 077;7;0;2;2;12;1
202100054660;104 078;7;0;2;6;12;1
202100054661;104 075;7;0;2;5;1;1
202100054661;104 076;7;0;2;3;13;1
202100054662;104 073;7;0;2;4;2;1
202100054662;104 074;33;0;2;1;2;1
202100054663;104 071;7;0;2;1;13;1
202100054663;104 072;2;0;2;1;1;1
202100054664;104 070;7;0;0;0;26;1
202100054665;104 069;7;12;0;2;14;1
202100054666;104 067;7;0;2;4;2;1
202100054666;104 068;7;0;2;1;2;1
202100054667;104 065;7;0;2;2;1;1
202100054667;104 066;1;0;2;4;2;5
202100054668;104 064;10;9;0;1;16;1
202100054669;104 062;10;0;2;1;13;1
202100054669;104 063;7;0;2;1;26;1
202100054670;104 061;7;0;1;7;1;0
202100054671;104 060;7;1;1;3;5;1
202100054672;104 058;7;0;1;3;1;1
202100054672;104 059;7;0;1;3;1;1
202100054673;104 057;10;0;1;2;1;1
202100054674;104 055;7;0;2;6;23;1
202100054674;104 056;7;0;2;1;11;1
202100054675;104 054;10;0;1;3;1;1
202100054676;104 052;7;0;2;1;1;1
202100054676;104 053;7;0;2;8;15;1
202100054677;104 049;7;0;2;6;1;1
202100054677;104 050;7;0;2;1;1;1
202100054677;104 051;7;0;2;1;16;1
202100054678;104 048;7;2;0;1;14;1
202100054679;104 046;30;0;2;1;18;1
202100054679;104 047;7;0;2;2;15;1
202100054680;104 044;7;0;2;3;15;1
202100054680;104 045;7;0;2;2;1;1
202100054681;104 042;7;0;2;2;1;1
202100054681;104 043;7;0;2;6;9;1
202100054682;104 041;7;0;1;1;1;1
202100054683;104 040;7;2;0;0;0;1
202100054684;104 039;7;0;1;2;17;1
202100054685;104 038;7;0;1;0;10;1
202100054686;104 036;2;0;2;8;1;1
202100054686;104 037;7;0;2;0;22;2
202100054687;104 034;7;0;2;1;1;1
202100054687;104 035;7;0;2;2;15;1
202100054688;104 032;2;0;2;3;1;1
202100054688;104 033;7;0;2;2;1;1
202100054689;104 031;7;0;1;1;1;1
202100054690;104 029;7;0;0;3;1;0
202100054690;104 030;30;0;2;2;17;1
202100054691;104 027;2;0;2;7;17;1
202100054691;104 028;7;0;2;3;15;2
202100054692;104 026;32;0;0;2;21;1
202100054693;104 024;7;0;2;3;5;1
202100054693;104 025;7;0;2;3;1;1
202100054694;104 023;7;0;1;1;16;1
202100054695;104 021;7;0;2;1;23;1
202100054695;104 022;7;0;2;4;23;1
202100054696;104 019;7;0;2;2;1;1
202100054696;104 020;7;0;2;1;9;1
202100054697;104 017;7;0;2;4;23;1
202100054697;104 018;7;0;2;1;1;1
202100054698;104 015;7;0;2;4;1;1
202100054698;104 016;7;0;2;1;15;1
202100054699;104 013;10;0;2;1;2;1
202100054699;104 014;10;0;2;1;2;1
202100054700;104 011;30;0;2;4;0;1
202100054700;104 012;7;0;2;1;1;1
202100054701;104 009;7;0;2;1;1;1
202100054701;104 010;50;0;2;1;1;3
202100054702;104 007;7;0;2;3;26;1
202100054702;104 008;30;0;2;2;1;1
202100054703;104 006;7;2;0;1;2;1
202100054704;104 005;33;6;0;1;14;1
202100054705;104 004;10;0;1;6;4;1
202100054706;104 003;7;3;6;1;0;1
202100054707;104 001;7;0;2;2;2;1
202100054707;104 002;1;0;2;4;2;5
202100054708;104 000;36;6;0;3;1;1
202100054709;103 998;7;3;9;3;2;1
202100054709;103 999;7;0;0;0;12;1
202100054710;103 996;7;8;0;1;1;1
202100054710;103 997;7;15;1;1;2;1
202100054711;103 995;7;15;1;1;1;1
202100054712;103 994;10;0;1;6;4;1
202100054713;103 992;7;0;2;3;1;1
202100054713;103 993;7;0;2;3;1;1
202100054714;103 990;7;0;2;3;1;1
202100054714;103 991;7;0;2;3;1;1
202100054715;103 988;7;0;2;1;1;1
202100054715;103 989;33;0;0;4;0;1
202100054716;103 987;1;0;0;0;1;2
202100054717;103 985;10;0;2;2;19;1
202100054717;103 986;7;0;2;3;2;1
202100054718;103 983;7;0;2;3;2;1
202100054718;103 984;7;0;0;5;23;1
202100054719;103 981;7;0;2;3;1;1
202100054719;103 982;7;0;2;3;13;1
202100054720;103 980;10;0;5;2;1;1
202100054721;103 978;10;0;2;1;1;1
202100054721;103 979;7;0;2;1;15;1
202100054722;103 976;2;0;0;1;26;1
202100054723;103 975;15;0;0;6;9;1
202100054724;103 973;14;0;2;3;1;1
202100054724;103 974;7;0;2;3;13;1
202100054725;103 971;7;9;0;1;1;1
202100054725;103 972;7;0;9;1;2;1
202100054726;103 969;33;0;9;1;3;1
202100054727;103 967;32;12;0;8;17;1
202100054727;103 968;7;0;0;0;1;1
202100054728;103 965;7;0;2;3;6;1
202100054728;103 966;31;0;2;1;1;1
202100054729;103 964;7;15;0;1;16;1
202100054730;103 963;7;2;0;2;13;1
202100054731;103 961;33;0;2;4;1;1
202100054731;103 962;33;0;2;1;1;1
202100054732;103 959;7;0;2;5;2;1
202100054732;103 960;33;0;2;1;2;1
202100054733;103 957;7;0;2;1;1;1
202100054733;103 958;7;0;0;4;1;1
202100054734;103 956;31;0;0;0;1;1
202100054735;103 955;7;0;1;3;1;1
202100054736;103 953;7;0;2;1;1;1
202100054736;103 954;7;0;2;1;1;1
202100054737;103 952;7;0;1;1;1;1
202100054738;103 951;7;0;1;1;2;1
202100054739;103 950;7;15;0;1;1;0
202100054740;103 949;7;3;0;1;1;1
202100054741;103 947;7;0;2;7;21;1
202100054741;103 948;10;4;0;1;1;1
202100054742;103 945;7;0;2;1;1;1
202100054742;103 946;7;0;2;7;1;1
202100054743;103 943;7;0;2;4;2;3
202100054743;103 944;7;0;2;1;2;1
202100054744;103 942;7;4;0;1;21;1
202100054745;103 941;7;4;0;1;1;1
202100054746;103 940;7;4;0;1;26;1
202100054747;103 939;7;4;0;2;21;1
202100054748;103 938;7;1;1;2;26;1
202100054749;103 936;7;0;2;1;2;1
202100054749;103 937;7;0;2;4;2;2
202100054750;103 935;7;0;1;1;2;1
202100054751;103 933;33;0;2;1;5;1
202100054751;103 934;7;0;2;2;15;1
202100054752;103 931;7;0;2;2;0;1
202100054752;103 932;7;0;2;3;1;1
202100054753;103 930;33;1;0;2;14;1
202100054754;103 928;33;0;1;1;1;1
202100054755;103 926;32;0;2;7;17;1
202100054755;103 927;30;0;2;8;1;1
202100054756;103 924;7;0;2;1;2;1
202100054756;103 925;7;0;2;4;2;1
202100054757;103 919;14;0;2;2;12;1
202100054757;103 920;1;0;2;8;1;5
202100054758;103 917;7;0;2;6;15;1
202100054758;103 918;7;6;2;1;26;1
202100054759;103 916;33;12;0;7;1;1
202100054760;103 915;33;0;0;0;26;1
202100054761;103 914;7;0;1;1;25;1
202100054762;103 912;7;0;2;4;1;1
202100054762;103 913;30;0;2;1;1;1
202100054763;103 911;7;1;0;3;13;1
202100054764;103 909;30;0;0;0;0;1
202100054764;103 910;7;0;2;1;15;1
202100054765;103 908;40;0;1;7;1;6
202100054766;103 907;7;9;0;1;1;1
202100054767;103 905;37;0;0;6;1;1
202100054767;103 906;1;0;2;1;1;5
202100054768;103 904;7;0;1;2;1;1
202100054769;103 902;7;0;2;1;9;1
202100054769;103 903;7;0;0;4;2;1
202100054770;103 899;7;0;2;4;23;1
202100054770;103 900;7;0;2;1;2;1
202100054770;103 901;7;0;2;4;23;1
202100054771;103 898;33;0;0;2;16;1
202100054772;103 896;7;0;2;4;1;1
202100054772;103 897;7;0;2;1;1;1
202100054773;103 889;1;0;2;1;1;5
202100054773;103 890;7;0;2;3;9;1
202100054774;103 886;31;0;0;0;1;1
202100054775;103 883;10;0;2;1;1;1
202100054775;103 884;7;0;2;4;1;1
202100054775;103 885;7;0;2;4;1;2
202100054776;103 880;7;0;2;5;1;1
202100054776;103 881;7;0;2;8;1;1
202100054776;103 882;17;0;2;2;12;1
202100054777;103 879;7;11;0;3;13;1
202100054778;103 878;2;12;0;1;13;1
202100054779;103 877;37;0;1;2;21;1
202100054780;103 876;7;0;1;7;1;2
202100054781;103 875;7;0;1;2;1;1
202100054782;103 874;1;0;1;1;1;5
202100054783;103 872;7;0;2;6;13;1
202100054783;103 873;43;0;2;2;1;1
202100054784;103 871;1;12;0;1;1;5
202100054785;103 869;30;0;2;1;1;1
202100054785;103 870;7;0;2;2;1;1
202100054786;103 868;10;11;0;3;13;1
202100054787;103 866;7;0;2;3;22;1
202100054787;103 867;1;0;2;3;1;5
202100054788;103 864;7;0;2;1;1;0
202100054788;103 865;7;0;2;4;23;1
202100054789;103 862;32;0;2;8;1;1
202100054789;103 863;7;0;2;2;9;1
202100054790;103 860;7;1;2;8;22;1
202100054790;103 861;1;1;0;0;1;5
202100054791;103 858;7;0;2;1;13;1
202100054791;103 859;7;12;2;3;21;1
202100054792;103 856;7;0;2;3;16;1
202100054792;103 857;7;0;2;3;15;1
202100054793;103 854;7;0;2;3;24;0
202100054793;103 855;31;0;2;0;0;0
202100054794;103 852;37;0;2;1;2;1
202100054794;103 853;7;0;0;4;2;1
202100054795;103 850;7;0;2;2;26;0
202100054795;103 851;7;0;2;3;15;1
202100054796;103 848;32;0;2;2;1;1
202100054796;103 849;10;0;0;1;2;0
202100054797;103 846;7;0;2;1;2;1
202100054797;103 847;7;0;2;4;1;1
202100054798;103 844;7;0;2;8;15;1
202100054798;103 845;7;0;2;1;1;1
202100054799;103 842;7;0;2;1;2;1
202100054799;103 843;7;0;2;4;23;1
202100054800;103 841;7;0;1;8;1;1
202100054801;103 838;7;0;2;1;0;1
202100054801;103 839;7;0;2;8;0;0
202100054801;103 840;7;0;2;3;13;1
202100054802;103 836;10;0;2;3;1;1
202100054802;103 837;7;13;2;3;26;1
202100054803;103 835;32;13;0;1;0;1
202100054804;103 834;7;2;0;1;13;1
202100054805;103 832;7;0;2;3;1;1
202100054805;103 833;10;0;2;1;1;1
202100054806;103 830;1;0;2;1;1;5
202100054806;103 831;7;0;9;2;15;1
202100054807;103 829;7;13;9;9;1;1
202100054808;103 827;7;0;2;1;1;1
202100054808;103 828;7;0;2;1;15;1
202100054809;103 826;7;2;0;8;14;1
202100054810;103 825;7;15;0;2;1;1
202100054811;103 824;32;0;1;0;21;1
202100054812;103 823;7;0;0;9;1;1
202100054813;103 820;10;0;0;6;1;1
202100054813;103 821;7;0;2;1;13;1
202100054813;103 822;2;0;0;1;1;1
202100054814;103 819;7;2;0;1;1;1
202100054815;103 816;7;0;2;1;2;1
202100054815;103 817;7;0;2;6;2;1
202100054815;103 818;7;0;2;1;2;1
202100054816;103 815;7;2;0;8;2;1
202100054817;103 813;7;0;2;7;1;1
202100054817;103 814;2;0;2;1;19;1
202100054818;103 811;33;0;2;1;1;1
202100054818;103 812;7;0;2;3;15;1
202100054819;103 810;10;0;1;3;1;1
202100054820;103 808;7;0;2;7;2;1
202100054820;103 809;50;0;2;8;2;3
202100054821;103 807;10;3;0;1;14;1
202100054822;103 805;7;0;2;5;13;1
202100054822;103 806;7;0;2;1;1;1
202100054823;103 804;7;0;0;2;1;1
202100054824;103 803;7;0;1;2;1;1
202100054825;103 800;7;0;2;1;1;1
202100054825;103 801;7;0;2;7;1;1
202100054825;103 802;7;0;2;1;1;1
202100054826;103 799;31;3;0;0;21;1
202100054827;103 798;7;0;1;2;1;1
202100054828;103 795;33;0;2;1;2;1
202100054828;103 796;33;0;2;1;2;1
202100054828;103 797;7;0;2;4;1;1
202100054829;103 793;7;0;2;7;1;1
202100054829;103 794;7;0;2;1;1;1
202100054830;103 792;33;0;0;0;0;1
202100054831;103 790;7;6;2;2;19;1
202100054831;103 791;7;6;2;1;1;1
202100054832;103 789;7;2;0;3;0;1
202100054833;103 788;7;15;0;9;13;1
202100054834;103 786;7;2;0;3;13;1
202100054835;103 784;7;0;2;4;1;1
202100054835;103 785;7;0;2;1;14;2
202100054836;103 783;7;3;0;3;2;1
202100054837;103 782;7;3;0;2;26;2
202100054838;103 780;15;0;2;2;12;1
202100054838;103 781;7;0;0;8;1;1
202100054839;103 778;7;0;0;0;11;1
202100054839;103 779;33;0;0;0;3;1
202100054840;103 776;7;0;2;1;2;1
202100054840;103 777;7;0;2;4;2;0
202100054841;103 774;30;0;2;1;26;1
202100054841;103 775;7;0;2;2;1;1
202100054842;103 773;7;0;1;1;1;1
202100054843;103 772;7;0;1;1;1;1
202100054844;103 770;31;0;2;1;1;1
202100054844;103 771;7;0;2;2;15;1
202100054845;103 768;10;0;2;2;1;1
202100054845;103 769;7;0;2;8;10;1
202100054846;103 766;30;0;2;8;17;1
202100054846;103 767;7;0;2;1;15;1
202100054847;103 764;7;0;2;0;0;1
202100054847;103 765;50;0;2;8;1;3
202100054848;103 763;7;0;1;1;1;1
202100054849;103 762;7;1;0;6;14;1
202100054850;103 760;7;0;0;4;23;1
202100054850;103 761;33;0;2;1;1;1
202100054851;103 757;10;0;2;2;1;1
202100054851;103 758;7;0;2;4;1;1
202100054851;103 759;7;0;2;4;1;1
202100054852;103 755;40;0;2;1;1;3
202100054852;103 756;7;0;4;7;1;1
202100054853;103 753;32;0;2;7;1;1
202100054853;103 754;7;0;2;1;1;1
202100054854;103 752;7;0;0;9;1;1
202100054855;103 750;7;0;2;8;26;1
202100054855;103 751;2;0;2;1;1;1
202100054856;103 749;7;0;1;2;16;1
202100054857;103 748;7;8;0;2;1;1
202100054858;103 746;7;0;2;2;15;1
202100054858;103 747;7;0;2;2;15;1
202100054859;103 744;32;0;2;1;1;1
202100054859;103 745;7;0;2;3;15;1
202100054860;103 743;37;0;0;6;9;1
202100054861;103 741;7;0;2;3;15;1
202100054861;103 742;30;0;2;1;1;1
202100054862;103 739;33;0;2;1;1;1
202100054862;103 740;7;0;2;3;23;1
202100054863;103 737;30;0;2;1;1;1
202100054863;103 738;7;0;2;6;20;1
202100054864;103 736;7;13;0;8;16;1
202100054865;103 734;7;0;2;7;1;1
202100054865;103 735;30;0;2;1;1;1
202100054866;103 733;7;0;1;1;26;1
202100054867;103 731;33;1;2;8;1;1
202100054867;103 732;7;0;2;1;15;1
202100054868;103 729;7;0;2;8;17;1
202100054868;103 730;15;0;2;7;1;1
202100054869;103 728;7;0;0;9;1;1
202100054870;103 726;7;0;2;7;0;1
202100054870;103 727;7;0;2;1;6;1
202100054871;103 724;7;0;2;4;23;1
202100054871;103 725;7;0;0;0;0;0
202100054872;103 723;7;0;1;1;1;1
202100054873;103 722;7;0;1;2;15;1
202100054874;103 721;7;13;0;3;13;1
202100054875;103 719;1;0;2;1;1;5
202100054875;103 720;7;0;2;3;15;1
202100054876;103 718;7;0;1;3;1;1
202100054877;103 716;7;0;2;8;1;1
202100054877;103 717;7;0;2;1;1;1
202100054878;103 714;1;0;2;1;21;5
202100054878;103 715;7;0;2;2;16;1
202100054879;103 712;7;0;2;4;1;1
202100054879;103 713;7;0;2;1;2;1
202100054880;103 710;7;0;2;1;1;1
202100054880;103 711;50;0;2;7;19;3
202100054881;103 709;99;0;1;0;1;0
202100054882;103 707;7;0;2;1;9;0
202100054882;103 708;1;0;2;8;1;5
202100054883;103 704;7;0;2;1;2;1
202100054883;103 705;7;0;2;4;2;1
202100054883;103 706;7;0;2;4;2;1
202100054884;103 703;30;0;0;0;1;1
202100054885;103 702;7;6;0;1;20;1
202100054886;103 700;7;0;2;2;19;1
202100054886;103 701;7;0;2;3;1;1
202100054887;103 699;10;0;1;2;21;1
202100054888;103 698;7;0;1;3;15;1
202100054889;103 696;7;0;2;2;2;1
202100054889;103 697;7;0;2;6;2;1
202100054890;103 694;33;0;2;1;1;1
202100054890;103 695;7;0;2;2;15;1
202100054891;103 692;1;0;2;1;1;5
202100054891;103 693;7;0;2;3;9;1
202100054892;103 691;7;0;1;1;16;1
202100054893;103 689;7;0;2;8;11;1
202100054893;103 690;7;0;2;2;1;1
202100054894;103 688;7;0;1;2;15;1
202100054895;103 687;7;0;1;2;1;1
202100054896;103 685;30;0;2;1;1;1
202100054896;103 686;7;0;2;3;26;1
202100054897;103 683;7;0;2;1;1;1
202100054897;103 684;7;0;2;1;15;1
202100054898;103 679;10;0;2;1;1;1
202100054898;103 680;10;0;2;4;1;1
202100054898;103 681;7;0;2;4;1;1
202100054898;103 682;7;0;2;5;1;1
202100054899;103 677;7;0;2;2;1;1
202100054899;103 678;50;0;2;1;19;3
202100054900;103 676;7;0;1;1;1;0
202100054901;103 674;7;0;2;2;1;1
202100054901;103 675;7;0;2;3;11;1
202100054902;103 672;31;0;2;8;1;1
202100054902;103 673;7;0;2;1;15;1
202100054903;103 670;10;0;2;3;1;1
202100054903;103 671;7;0;2;7;1;1
202100054904;103 668;7;0;2;1;1;1
202100054904;103 669;7;0;2;4;1;1
202100054905;103 667;7;0;1;1;1;1
202100054906;103 665;7;0;2;1;13;1
202100054906;103 666;30;0;2;1;1;1
202100054907;103 664;7;0;1;1;1;1
202100054908;103 662;10;0;2;0;15;0
202100054908;103 663;2;0;2;1;1;1
202100054909;103 660;10;0;0;4;1;1
202100054909;103 661;7;0;2;1;16;1
202100054910;103 659;10;0;1;1;1;1
202100054911;103 657;7;0;2;3;15;1
202100054911;103 658;1;0;2;3;1;5
202100054912;103 655;2;0;2;8;1;1
202100054912;103 656;7;0;2;3;15;1
202100054913;103 654;7;0;1;1;9;1
202100054914;103 652;7;0;2;4;1;1
202100054914;103 653;7;0;2;1;2;1
202100054915;103 650;39;0;2;1;26;1
202100054915;103 651;7;6;4;3;19;1
202100054916;103 648;32;0;2;1;2;1
202100054916;103 649;10;0;2;4;2;1
202100054917;103 646;14;0;2;1;1;1
202100054917;103 647;10;0;2;4;1;1
202100054918;103 644;1;0;2;8;13;5
202100054918;103 645;1;0;2;7;17;5
202100054919;103 642;7;0;2;3;22;1
202100054919;103 643;1;0;2;1;1;5
202100054920;103 641;30;0;0;0;1;1
202100054921;103 639;30;0;2;8;15;1
202100054921;103 640;37;0;2;1;1;1
202100054922;103 637;7;0;2;3;1;1
202100054922;103 638;7;0;2;1;1;1
202100054923;103 636;10;0;1;6;4;1
202100054924;103 634;1;0;2;3;18;5
202100054924;103 635;7;0;2;2;16;1
202100054925;103 633;1;0;1;1;1;5
202100054926;103 631;31;0;2;3;1;0
202100054926;103 632;1;0;2;3;15;5
202100054927;103 630;1;0;0;1;7;5
202100054928;103 628;1;0;2;1;17;5
202100054928;103 629;10;0;2;8;22;1
202100054929;103 626;7;0;2;1;2;1
202100054929;103 627;7;0;2;4;2;1
202100054930;103 625;1;0;1;8;1;0
202100054931;103 623;7;0;2;4;4;1
202100054931;103 624;1;0;2;8;19;0
202100054932;103 622;7;0;1;3;1;1
202100054933;103 621;7;0;1;1;15;1
202100054934;103 618;7;0;2;2;9;1
202100054934;103 619;7;0;2;3;1;1
202100054934;103 620;10;0;2;8;0;0
202100054935;103 616;7;0;2;3;15;1
202100054935;103 617;33;0;2;1;1;1
202100054936;103 614;30;0;2;1;1;0
202100054936;103 615;7;0;2;1;15;0
202100054937;103 613;32;0;1;0;17;0
202100054938;103 611;10;0;2;0;15;0
202100054938;103 612;50;0;2;3;1;3
202100054939;103 608;7;0;0;0;1;1
202100054939;103 609;7;0;2;2;10;1
202100054939;103 610;32;0;2;1;1;1
202100054940;103 606;7;0;2;1;1;1
202100054940;103 607;7;0;2;4;15;3
202100054941;103 604;7;0;2;3;1;1
202100054941;103 605;30;0;2;2;1;1
202100054942;103 602;30;1;2;1;1;1
202100054942;103 603;30;0;0;4;20;1
202100054943;103 600;99;8;2;5;19;1
202100054943;103 601;7;0;2;1;19;1
202100054944;103 599;30;0;2;0;1;1
202100054945;103 596;7;1;0;3;0;1
202100054945;103 597;7;0;2;1;17;0
202100054945;103 598;7;0;2;3;15;1
202100054946;103 595;7;0;0;3;26;1
202100054947;103 594;7;0;1;1;1;1
202100054948;103 592;34;0;2;1;26;1
202100054948;103 593;1;0;2;7;19;5
202100054949;103 590;7;0;2;3;1;1
202100054949;103 591;30;0;2;1;19;1
202100054950;103 589;2;0;0;0;0;1
202100054951;103 587;2;0;0;4;1;1
202100054951;103 588;2;0;0;1;2;1
202100054952;103 584;7;0;2;1;15;1
202100054952;103 585;7;0;2;1;1;1
202100054952;103 586;7;0;2;2;1;1
202100054953;103 583;7;0;1;3;1;0
202100054954;103 581;36;2;0;0;0;1
202100054955;103 580;7;0;0;0;0;1
202100054956;103 578;7;0;2;3;1;1
202100054956;103 579;7;0;2;3;13;1
202100054957;103 577;7;8;0;1;6;1
202100054958;103 576;7;16;0;0;19;1
202100054959;103 574;2;0;0;4;2;1
202100054959;103 575;7;0;2;2;2;1
202100054960;103 572;7;0;2;9;21;1
202100054960;103 573;7;0;2;6;9;1
202100054961;103 570;7;0;2;1;1;1
202100054961;103 571;7;0;2;2;1;1
202100054962;103 568;7;6;2;3;17;1
202100054962;103 569;7;0;2;3;1;1
202100054963;103 567;7;0;0;9;1;1
202100054964;103 566;7;6;0;1;0;1
202100054965;103 565;7;16;0;0;14;1
202100054966;103 563;2;0;2;1;1;1
202100054966;103 564;7;0;2;1;15;1
202100054967;103 560;7;0;1;3;0;1
202100054968;103 558;10;0;2;1;1;1
202100054968;103 559;7;0;2;2;26;1
202100054969;103 556;7;0;0;4;2;1
202100054969;103 557;7;0;2;1;2;1
202100054970;103 554;7;0;2;2;1;1
202100054970;103 555;7;0;2;3;26;1
202100054971;103 553;7;2;0;7;14;1
202100054972;103 551;17;0;0;4;2;1
202100054972;103 552;7;0;2;1;2;1
202100054973;103 550;7;0;1;0;17;1
202100054974;103 548;7;0;2;2;15;1
202100054974;103 549;32;0;2;1;1;1
202100054975;103 547;7;0;1;3;1;1
202100054976;103 545;7;0;2;1;1;1
202100054976;103 546;10;0;2;1;13;1
202100054977;103 544;7;0;1;3;1;1
202100054978;103 542;7;0;2;3;17;1
202100054978;103 543;2;0;2;8;15;3
202100054979;103 540;2;0;2;2;17;1
202100054979;103 541;2;0;0;8;15;1
202100054980;103 538;7;0;2;1;1;3
202100054980;103 539;2;0;2;1;11;1
202100054981;103 537;7;4;0;1;26;1
202100054982;103 536;7;4;9;1;16;1
202100054983;103 534;7;0;0;6;20;1
202100054984;103 532;7;0;2;1;2;1
202100054984;103 533;7;0;2;4;2;1
202100054985;103 530;33;7;2;8;1;1
202100054985;103 531;7;0;2;7;14;1
202100054986;103 529;7;13;0;2;14;1
202100054987;103 527;7;0;2;6;9;1
202100054987;103 528;15;0;2;2;1;1
202100054988;103 523;7;0;2;0;23;1
202100054988;103 524;7;0;2;0;23;1
202100054988;103 525;7;0;2;5;23;1
202100054988;103 526;7;0;2;1;11;1
202100054989;103 520;7;0;2;4;2;1
202100054989;103 521;7;0;2;1;2;1
202100054989;103 522;7;0;2;4;2;1
202100054990;103 518;7;0;2;0;26;1
202100054990;103 519;10;0;2;4;26;1
202100054991;103 516;14;0;2;1;2;1
202100054991;103 517;7;12;0;4;1;1
202100054992;103 514;7;0;2;4;1;1
202100054992;103 515;7;0;2;1;2;1
202100054993;103 513;7;1;0;2;2;1
202100054994;103 511;7;0;2;4;2;1
202100054994;103 512;10;0;2;1;2;1
202100054995;103 509;10;0;2;5;12;1
202100054995;103 510;33;0;2;5;3;1
202100054996;103 508;7;0;0;0;2;1
202100054997;103 505;10;0;2;4;2;1
202100054997;103 506;7;0;2;4;2;1
202100054997;103 507;10;0;2;1;2;1
202100054998;103 502;17;0;2;1;1;1
202100054998;103 503;7;0;2;3;1;1
202100054998;103 504;17;0;2;7;12;1
202100054999;103 499;7;0;2;7;12;1
202100054999;103 500;7;4;2;4;2;1
202100054999;103 501;7;0;2;1;2;1
202100055000;103 498;7;4;0;2;1;1
202100055001;103 496;7;0;2;2;1;1
202100055001;103 497;7;0;2;3;9;1
202100055002;103 494;7;0;2;4;2;1
202100055002;103 495;7;0;2;1;26;1
202100055003;103 493;17;16;0;1;26;1
202100055004;103 492;7;3;0;1;21;1
202100055005;103 489;7;0;2;3;2;1
202100055005;103 490;10;0;2;6;2;1
202100055005;103 491;32;0;2;1;3;1
202100055006;103 488;7;0;1;3;1;1
202100055007;103 486;32;0;2;1;1;1
202100055007;103 487;7;0;2;3;26;1
202100055008;103 484;37;0;9;5;1;1
202100055008;103 485;1;0;2;1;15;5
202100055009;103 482;7;0;2;2;2;1
202100055009;103 483;7;0;2;4;12;2
202100055010;103 480;10;0;2;3;1;1
202100055010;103 481;32;0;2;1;1;1
202100055011;103 476;7;0;2;0;0;1
202100055011;103 477;7;0;2;0;0;1
202100055011;103 478;33;3;0;1;3;1
202100055011;103 479;7;0;2;0;0;1
202100055012;103 475;1;0;0;0;26;5
202100055013;103 474;7;0;1;2;1;1
202100055014;103 473;30;0;0;9;1;1
202100055015;103 471;7;0;9;2;9;1
202100055015;103 472;1;0;2;4;18;5
202100055016;103 469;17;0;2;1;2;1
202100055016;103 470;1;0;2;4;1;5
202100055017;103 468;7;0;1;1;2;2
202100055018;103 466;17;0;2;1;1;1
202100055018;103 467;7;0;2;9;5;1
202100055019;103 465;30;0;0;8;1;1
202100055020;103 463;10;0;2;0;0;0
202100055020;103 464;1;0;2;4;2;0
202100055021;103 461;7;0;2;1;15;1
202100055021;103 462;7;0;2;1;2;1
202100055022;103 459;30;0;2;1;17;1
202100055022;103 460;7;0;2;3;15;1
202100055023;103 458;7;0;1;0;1;0
202100055024;103 456;7;0;2;7;15;2
202100055024;103 457;14;0;2;1;1;1
202100055025;103 454;7;0;2;3;9;1
202100055025;103 455;7;0;2;1;17;1
202100055026;103 452;7;0;9;1;26;1
202100055026;103 453;99;12;2;1;26;1
202100055027;103 451;7;0;1;1;1;1
202100055028;103 450;7;0;1;3;15;1
202100055029;103 448;50;0;1;3;26;3
202100055030;103 447;7;0;1;1;1;1
202100055031;103 445;40;0;2;2;1;3
202100055031;103 446;7;0;4;1;18;1
202100055032;103 443;7;0;2;1;2;1
202100055032;103 444;7;0;2;4;2;1
202100055033;103 442;7;0;1;3;15;1
202100055034;103 440;7;0;2;3;9;1
202100055034;103 441;7;0;2;2;1;1
202100055035;103 438;1;0;2;1;0;5
202100055035;103 439;7;0;9;2;15;1
202100055036;103 436;10;0;2;1;1;1
202100055036;103 437;7;0;2;4;23;1
202100055037;103 435;7;0;1;1;1;1
202100055038;103 434;7;0;1;2;1;1
202100055039;103 433;10;0;1;3;15;1
202100055040;103 431;30;0;2;1;1;1
202100055040;103 432;7;0;2;8;1;1
202100055041;103 429;10;0;2;2;15;1
202100055041;103 430;7;0;2;1;1;1
202100055042;103 427;31;0;2;1;1;1
202100055042;103 428;30;0;2;4;1;1
202100055043;103 426;33;0;1;9;1;1
202100055044;103 424;7;0;2;1;26;1
202100055044;103 425;37;0;2;7;2;1
202100055045;103 422;30;0;2;1;17;1
202100055045;103 423;7;0;2;3;15;1
202100055046;103 419;7;0;2;6;1;1
202100055046;103 420;7;0;2;4;1;1
202100055046;103 421;7;0;2;1;1;1
202100055047;103 417;7;0;2;4;23;1
202100055047;103 418;10;0;2;1;1;1
202100055048;103 414;7;0;1;2;15;1
202100055049;103 413;7;0;1;8;1;1
202100055050;103 411;7;0;2;1;15;1
202100055050;103 412;7;0;2;1;1;1
202100055051;103 410;30;0;0;0;26;1
202100055052;103 407;7;0;2;1;1;1
202100055052;103 408;10;0;2;1;1;1
202100055052;103 409;7;0;2;3;13;1
202100055053;103 405;2;0;2;1;1;1
202100055053;103 406;7;0;2;1;1;1
202100055054;103 404;7;0;1;1;1;1
202100055055;103 402;32;10;2;1;1;1
202100055055;103 403;7;0;0;0;0;0
202100055056;103 399;7;0;2;1;0;1
202100055056;103 400;7;0;2;6;0;1
202100055056;103 401;7;0;2;1;9;1
202100055057;103 398;7;0;1;3;26;1
202100055058;103 396;2;0;2;7;1;1
202100055058;103 397;7;0;2;0;0;1
202100055059;103 394;30;0;2;1;1;1
202100055059;103 395;1;0;2;1;19;5
202100055060;103 392;7;0;2;1;26;1
202100055060;103 393;7;0;2;0;0;1
202100055061;103 390;7;0;9;8;1;1
202100055061;103 391;80;0;2;3;17;3
202100055062;103 388;14;0;2;8;1;1