Num_Acc;id_vehicule;categorie_vehicule;obstacle_fixe;obstacle_mobile;point_choc_initial;manoeuvre_principale;motorisation
202100055062;103 389;7;0;2;3;1;1
202100055063;103 386;13;0;2;5;1;1
202100055063;103 387;1;0;2;1;2;6
202100055064;103 385;7;0;1;1;26;1
202100055065;103 383;10;0;2;5;1;1
202100055065;103 384;32;0;2;1;1;1
202100055066;103 380;60;0;2;8;19;5
202100055066;103 381;1;0;2;8;19;5
202100055066;103 382;7;0;2;3;1;2
202100055067;103 379;7;0;1;6;1;1
202100055068;103 377;7;8;2;1;1;1
202100055068;103 378;7;8;2;1;1;1
202100055069;103 375;7;0;2;2;16;1
202100055069;103 376;60;0;2;8;19;5
202100055070;103 373;1;0;2;1;1;5
202100055070;103 374;10;0;2;8;22;1
202100055071;103 372;7;0;1;3;1;1
202100055072;103 370;30;0;2;7;10;1
202100055072;103 371;7;0;2;1;1;1
202100055073;103 369;10;0;1;2;1;1
202100055074;103 367;7;0;2;1;1;1
202100055074;103 368;7;0;2;4;1;1
202100055075;103 366;7;0;1;1;2;1
202100055076;103 365;7;0;1;1;16;1
202100055077;103 364;37;0;1;2;1;1
202100055078;103 362;2;0;2;0;1;1
202100055078;103 363;7;0;0;0;15;2
202100055079;103 360;7;0;2;2;26;2
202100055079;103 361;7;0;2;3;26;2
202100055080;103 358;7;0;2;3;20;1
202100055080;103 359;2;0;2;1;1;1
202100055081;103 356;7;0;9;8;15;1
202100055081;103 357;50;0;2;2;18;3
202100055082;103 355;20;0;1;1;1;1
202100055083;103 354;7;0;1;2;1;1
202100055084;103 352;7;0;0;1;1;1
202100055084;103 353;7;14;1;1;1;1
202100055085;103 350;30;0;2;3;9;1
202100055085;103 351;33;0;2;1;1;1
202100055086;103 349;7;12;0;1;9;1
202100055087;103 347;30;0;2;1;2;0
202100055087;103 348;7;0;0;6;2;0
202100055088;103 345;7;0;2;1;2;1
202100055088;103 346;7;8;0;4;2;1
202100055089;103 344;7;0;1;2;1;1
202100055090;103 342;37;0;2;4;4;1
202100055090;103 343;7;0;2;1;2;1
202100055091;103 340;7;0;2;2;15;2
202100055091;103 341;60;0;2;1;19;5
202100055092;103 338;1;0;2;1;2;5
202100055092;103 339;10;0;2;1;9;1
202100055093;103 337;20;0;1;6;26;1
202100055094;103 334;7;4;9;9;2;1
202100055094;103 335;7;0;2;1;2;1
202100055094;103 336;17;0;0;0;2;1
202100055095;103 333;7;8;0;1;14;1
202100055096;103 331;7;0;2;1;19;1
202100055096;103 332;7;0;2;1;2;1
202100055097;103 329;10;0;2;2;2;1
202100055097;103 330;1;0;2;4;2;5
202100055098;103 327;7;0;2;1;1;1
202100055098;103 328;38;0;2;7;19;1
202100055099;103 326;7;0;1;6;26;3
202100055100;103 324;7;0;2;3;19;1
202100055100;103 325;7;0;2;1;1;1
202100055101;103 322;7;0;2;2;15;1
202100055101;103 323;2;0;2;7;1;1
202100055102;103 320;17;0;2;3;13;1
202100055102;103 321;7;0;2;3;1;1
202100055103;103 319;7;0;1;2;1;1
202100055104;103 316;7;3;2;2;1;1
202100055104;103 317;7;0;2;6;1;2
202100055104;103 318;15;0;2;2;1;1
202100055105;103 314;7;0;2;1;1;1
202100055105;103 315;7;0;2;8;5;1
202100055106;103 312;7;0;2;1;13;1
202100055106;103 313;7;0;2;6;1;1
202100055107;103 310;31;0;2;8;1;1
202100055107;103 311;10;0;2;3;1;1
202100055108;103 309;1;0;0;0;0;5
202100055109;103 307;7;0;2;3;15;1
202100055109;103 308;7;0;2;1;16;1
202100055110;103 305;7;0;2;2;1;1
202100055110;103 306;1;0;2;5;1;5
202100055111;103 303;7;0;2;1;1;1
202100055111;103 304;7;0;2;7;19;1
202100055112;103 301;7;0;2;2;1;1
202100055112;103 302;15;0;2;3;13;1
202100055113;103 299;10;0;2;1;2;1
202100055113;103 300;16;0;0;4;2;1
202100055114;103 298;2;1;0;8;1;1
202100055115;103 297;10;13;0;3;13;1
202100055116;103 293;17;0;2;6;1;1
202100055116;103 294;7;0;2;2;2;1
202100055117;103 290;14;0;2;1;1;1
202100055117;103 291;7;0;0;6;1;1
202100055117;103 292;10;0;2;1;17;1
202100055118;103 289;7;0;1;3;15;1
202100055119;103 287;7;0;2;0;1;1
202100055119;103 288;7;0;2;3;1;1
202100055120;103 285;10;0;2;2;1;1
202100055120;103 286;50;0;2;3;1;3
202100055121;103 283;7;0;0;8;19;1
202100055121;103 284;2;0;2;1;19;3
202100055122;103 282;10;0;1;1;1;1
202100055123;103 280;31;0;2;1;5;1
202100055123;103 281;7;0;2;3;1;1
202100055124;103 278;7;0;2;3;1;1
202100055124;103 279;7;0;2;1;1;1
202100055125;103 277;7;14;0;1;1;1
202100055126;103 276;7;0;1;3;16;1
202100055127;103 274;7;0;2;3;1;1
202100055127;103 275;10;0;2;8;17;1
202100055128;103 273;7;6;0;7;1;1
202100055129;103 271;7;0;2;1;1;1
202100055129;103 272;10;0;2;8;23;1
202100055130;103 270;7;0;1;2;1;1
202100055131;103 268;7;0;2;1;1;1
202100055131;103 269;7;0;2;8;19;1
202100055132;103 267;7;6;0;2;1;1
202100055133;103 266;7;6;0;3;1;1
202100055134;103 264;7;0;2;1;1;1
202100055134;103 265;7;6;2;7;1;1
202100055135;103 262;7;0;2;1;9;1
202100055135;103 263;7;0;2;4;1;1
202100055136;103 258;7;0;2;4;2;1
202100055136;103 259;15;0;2;4;2;1
202100055136;103 260;15;0;2;1;2;1
202100055136;103 261;10;0;2;4;2;1
202100055137;103 257;33;4;0;8;1;1
202100055138;103 255;7;0;2;5;1;1
202100055138;103 256;7;0;2;3;1;1
202100055139;103 253;32;1;2;3;3;1
202100055139;103 254;7;0;2;7;12;1
202100055140;103 251;7;0;2;1;1;1
202100055140;103 252;7;0;2;4;23;1
202100055141;103 250;7;4;0;2;14;1
202100055142;103 248;7;0;2;1;0;1
202100055142;103 249;7;0;2;1;1;1
202100055143;103 247;7;0;0;9;16;1
202100055144;103 245;34;0;2;3;3;1
202100055144;103 246;14;0;0;0;0;1
202100055145;103 242;10;0;2;1;2;1
202100055145;103 243;33;0;2;1;2;1
202100055145;103 244;7;0;2;4;2;1
202100055146;103 241;7;0;1;7;2;1
202100055147;103 239;7;0;2;3;15;1
202100055147;103 240;2;0;2;1;1;1
202100055148;103 238;7;0;1;3;1;1
202100055149;103 236;7;0;2;4;5;0
202100055149;103 237;7;0;2;3;1;0
202100055150;103 234;7;0;2;6;1;1
202100055150;103 235;7;0;2;2;9;1
202100055151;103 233;7;14;0;1;14;1
202100055152;103 232;10;9;2;1;14;1
202100055153;103 231;32;0;0;3;15;1
202100055154;103 229;7;0;2;3;9;1
202100055154;103 230;7;0;2;7;1;1
202100055155;103 228;7;0;1;2;1;1
202100055156;103 226;7;0;2;1;1;1
202100055156;103 227;33;0;2;4;1;1
202100055157;103 224;7;0;2;1;1;1
202100055157;103 225;7;0;2;7;13;1
202100055158;103 223;7;0;1;1;1;1
202100055159;103 221;7;0;2;3;1;1
202100055159;103 222;7;1;2;1;19;1
202100055160;103 217;7;0;2;3;0;1
202100055160;103 218;7;0;2;5;2;1
202100055160;103 219;33;0;2;4;2;1
202100055160;103 220;33;0;9;1;2;1
202100055161;103 215;7;0;2;1;1;1
202100055161;103 216;7;0;2;7;15;1
202100055162;103 214;7;0;1;1;16;1
202100055163;103 211;7;0;2;4;1;1
202100055163;103 212;7;0;2;1;1;1
202100055163;103 213;7;0;2;1;1;1
202100055164;103 210;7;15;0;1;1;1
202100055165;103 208;1;0;2;7;1;0
202100055165;103 209;10;0;2;1;9;1
202100055166;103 207;7;2;0;1;13;1
202100055167;103 204;7;0;2;7;1;1
202100055167;103 205;7;0;2;1;1;1
202100055167;103 206;7;0;2;1;1;1
202100055168;103 203;7;0;1;2;15;1
202100055169;103 202;7;0;1;1;9;3
202100055170;103 200;7;0;2;2;1;1
202100055170;103 201;10;0;2;1;15;1
202100055171;103 198;30;0;2;1;1;1
202100055171;103 199;7;0;2;5;15;1
202100055172;103 196;1;0;2;1;1;0
202100055172;103 197;7;0;9;3;16;1
202100055173;103 194;7;0;2;2;15;1
202100055173;103 195;7;0;2;3;1;1
202100055174;103 192;2;0;2;1;1;1
202100055174;103 193;7;0;2;1;13;1
202100055175;103 190;7;0;2;2;19;1
202100055175;103 191;7;0;2;3;2;1
202100055176;103 189;50;0;0;0;1;3
202100055177;103 188;1;0;0;0;1;5
202100055178;103 187;7;0;1;1;1;1
202100055179;103 184;15;0;2;6;1;1
202100055179;103 185;7;0;2;2;1;1
202100055179;103 186;7;0;2;3;1;1
202100055180;103 183;7;0;1;1;1;1
202100055181;103 182;7;0;1;1;1;1
202100055182;103 181;7;14;0;1;1;1
202100055183;103 179;7;0;1;1;1;1
202100055183;103 180;7;0;1;3;2;1
202100055184;103 177;30;0;2;4;2;1
202100055184;103 178;10;0;2;1;2;1
202100055185;103 175;7;0;2;4;2;1
202100055185;103 176;7;0;2;1;2;1
202100055186;103 173;7;0;2;1;15;1
202100055186;103 174;80;0;2;8;1;3
202100055187;103 171;15;0;2;3;16;1
202100055187;103 172;32;0;2;1;16;1
202100055188;103 167;7;0;2;1;1;3
202100055188;103 168;7;0;2;9;14;1
202100055188;103 169;7;0;2;6;1;1
202100055188;103 170;7;0;2;0;0;0
202100055189;103 166;3;0;1;2;1;1
202100055190;103 164;30;0;2;1;17;1
202100055190;103 165;7;0;2;3;15;1
202100055191;103 163;10;0;1;0;1;1
202100055192;103 161;43;0;2;1;1;1
202100055192;103 162;7;0;2;1;9;1
202100055193;103 159;7;0;2;8;15;1
202100055193;103 160;2;0;2;1;17;1
202100055194;103 158;7;0;1;1;1;1
202100055195;103 156;7;0;2;3;16;1
202100055195;103 157;7;0;2;5;1;1
202100055196;103 154;10;0;2;1;1;1
202100055196;103 155;7;0;2;1;1;1
202100055197;103 152;7;0;2;4;2;1
202100055197;103 153;7;0;2;1;2;1
202100055198;103 150;7;0;2;1;2;1
202100055198;103 151;10;0;2;4;23;0
202100055199;103 149;7;4;0;1;13;1
202100055200;103 147;7;0;2;1;1;1
202100055200;103 148;7;0;2;7;26;1
202100055201;103 145;7;0;2;2;1;1
202100055201;103 146;7;0;2;1;1;1
202100055202;103 143;10;0;2;2;17;1
202100055202;103 144;7;0;2;8;15;1
202100055203;103 141;7;0;2;1;1;1
202100055203;103 142;1;0;2;1;11;5
202100055204;103 139;7;0;2;1;7;2
202100055204;103 140;2;0;2;8;15;1
202100055205;103 138;31;0;0;8;1;1
202100055206;103 136;1;0;2;1;1;5
202100055206;103 137;30;0;2;8;5;1
202100055207;103 134;7;0;2;3;9;2
202100055207;103 135;30;0;2;1;1;3
202100055208;103 132;10;0;2;1;1;1
202100055208;103 133;7;0;2;4;1;1
202100055209;103 130;10;0;2;7;12;1
202100055209;103 131;43;0;2;8;7;1
202100055210;103 128;7;0;2;2;15;1
202100055210;103 129;33;0;2;2;1;1
202100055211;103 127;37;0;0;0;1;1
202100055212;103 125;7;0;2;1;15;1
202100055212;103 126;1;0;2;8;1;5
202100055213;103 124;7;0;1;3;1;1
202100055214;103 123;32;0;1;3;1;1
202100055215;103 121;7;0;2;0;15;1
202100055215;103 122;1;0;2;0;1;5
202100055216;103 119;43;0;2;1;1;1
202100055216;103 120;30;0;2;8;9;1
202100055217;103 118;10;0;1;4;4;1
202100055218;103 117;37;0;1;1;15;3
202100055219;103 115;34;0;2;1;13;1
202100055219;103 116;7;0;2;6;15;1
202100055220;103 114;7;0;1;1;1;1
202100055221;103 112;1;0;0;0;15;5
202100055221;103 113;34;0;2;3;17;1
202100055222;103 111;7;12;0;2;1;1
202100055223;103 109;80;1;2;7;1;3
202100055223;103 110;7;0;2;8;24;3
202100055224;103 107;2;0;2;2;17;1
202100055224;103 108;7;0;2;6;17;1
202100055225;103 106;7;0;1;1;1;0
202100055226;103 105;7;8;0;1;13;1
202100055227;103 103;7;1;0;7;1;1
202100055227;103 104;7;1;0;1;9;1
202100055228;103 101;32;0;2;4;1;1
202100055228;103 102;7;0;2;1;1;1
202100055229;103 099;2;0;2;1;2;1
202100055229;103 100;7;1;0;3;26;1
202100055230;103 097;7;0;2;8;13;1
202100055230;103 098;37;0;2;2;1;1
202100055231;103 096;30;0;1;1;21;1
202100055232;103 093;10;0;2;1;1;1
202100055232;103 094;7;0;2;4;23;1
202100055232;103 095;7;0;2;4;23;1
202100055233;103 091;7;0;2;8;15;1
202100055233;103 092;32;0;2;2;17;1
202100055234;103 090;32;0;1;1;1;1
202100055235;103 089;10;0;1;8;1;1
202100055236;103 087;7;0;2;3;15;1
202100055236;103 088;7;0;2;1;1;1
202100055237;103 086;7;0;1;3;15;1
202100055238;103 085;7;13;0;1;1;1
202100055239;103 083;7;0;2;3;1;1
202100055239;103 084;1;0;2;1;19;5
202100055240;103 081;7;0;2;1;1;1
202100055240;103 082;1;0;0;1;1;5
202100055241;103 080;7;2;0;2;1;0
202100055242;103 078;2;0;2;1;1;1
202100055242;103 079;7;0;2;6;9;1
202100055243;103 077;15;0;0;0;1;1
202100055244;103 073;7;0;2;1;1;1
202100055244;103 074;10;0;2;4;1;1
202100055244;103 075;10;0;0;6;1;1
202100055245;103 072;7;2;0;0;1;1
202100055246;103 071;7;0;1;1;1;1
202100055247;103 070;7;13;0;2;1;1
202100055248;103 069;7;0;1;2;1;0
202100055249;103 065;10;0;2;1;2;1
202100055249;103 066;7;0;2;4;2;1
202100055249;103 067;7;0;2;4;0;1
202100055249;103 068;7;0;0;4;1;1
202100055250;103 064;15;3;0;3;13;1
202100055251;103 062;7;6;0;8;15;3
202100055251;103 063;7;0;2;2;13;1
202100055252;103 061;7;0;1;3;0;1
202100055253;103 059;7;0;2;3;1;1
202100055253;103 060;7;0;2;3;17;1
202100055254;103 057;2;0;2;1;15;1
202100055254;103 058;7;0;2;3;1;1
202100055255;103 056;32;0;0;0;1;1
202100055256;103 054;7;0;2;1;1;1
202100055256;103 055;7;0;2;1;1;1
202100055257;103 052;7;0;2;1;0;1
202100055257;103 053;7;0;2;1;1;1
202100055258;103 051;7;0;1;1;1;1
202100055259;103 049;99;0;0;4;0;1
202100055259;103 050;10;0;0;1;17;1
202100055260;103 047;7;0;6;1;1;1
202100055261;103 045;7;0;2;5;0;1
202100055261;103 046;7;0;2;1;0;1
202100055262;103 043;7;7;0;7;1;1
202100055262;103 044;7;0;2;1;1;1
202100055263;103 041;7;0;2;1;26;1
202100055263;103 042;7;0;2;4;26;1
202100055264;103 039;7;4;0;4;2;2
202100055264;103 040;15;0;2;1;2;1
202100055265;103 037;10;0;2;7;12;1
202100055265;103 038;33;0;2;1;3;1
202100055266;103 034;33;0;2;1;1;1
202100055266;103 035;7;0;2;1;1;1
202100055266;103 036;7;0;2;4;1;1
202100055267;103 029;10;0;2;4;2;1
202100055267;103 030;7;0;2;1;2;1
202100055267;103 031;7;0;2;1;2;1
202100055267;103 032;7;0;2;1;2;1
202100055267;103 033;7;0;2;1;2;1
202100055268;103 027;32;0;2;1;19;1
202100055268;103 028;10;0;2;7;19;1
202100055269;103 025;7;0;2;2;15;1
202100055269;103 026;2;0;2;1;2;1
202100055270;103 023;1;0;2;7;19;0
202100055270;103 024;7;0;2;1;1;1
202100055271;103 021;7;0;2;2;9;1
202100055271;103 022;32;0;2;2;26;1
202100055272;103 020;7;0;1;1;1;1
202100055273;103 019;7;0;1;7;1;1
202100055274;103 018;13;0;1;1;1;1
202100055275;103 017;32;1;0;1;13;1
202100055276;103 016;7;0;2;2;17;1
202100055277;103 013;7;0;2;3;15;1
202100055277;103 014;1;0;2;8;16;5
202100055278;103 012;7;0;1;1;1;1
202100055279;103 010;7;0;2;4;2;2
202100055279;103 011;7;0;2;1;2;1
202100055280;103 008;30;0;2;0;0;1
202100055280;103 009;37;0;2;1;15;1
202100055281;103 005;33;0;2;1;2;1
202100055281;103 006;7;0;2;4;2;1
202100055281;103 007;7;0;2;4;2;1
202100055282;103 003;7;0;2;5;15;0
202100055282;103 004;2;0;2;1;1;1
202100055283;103 001;2;0;2;6;1;1
202100055283;103 002;7;0;2;8;10;1
202100055284;103 000;7;0;1;2;26;1
202100055285;102 998;7;0;2;8;10;1
202100055285;102 999;7;0;2;1;2;1
202100055286;102 997;7;0;1;1;1;1
202100055287;102 996;7;0;1;1;1;1
202100055288;102 994;7;0;2;4;0;1
202100055288;102 995;37;0;2;1;1;1
202100055289;102 992;7;0;2;1;1;1
202100055289;102 993;7;0;2;7;1;1
202100055290;102 990;7;1;0;4;2;1
202100055290;102 991;7;0;2;1;26;1
202100055291;102 988;32;0;2;1;1;1
202100055291;102 989;10;0;2;2;19;1
202100055292;102 987;7;0;1;1;16;1
202100055293;102 985;7;0;2;2;17;1
202100055293;102 986;7;0;2;6;23;1
202100055294;102 983;2;0;2;1;1;1
202100055294;102 984;7;0;2;3;15;1
202100055295;102 981;32;0;2;5;23;1
202100055295;102 982;13;0;2;1;1;0
202100055296;102 980;20;0;1;3;10;1
202100055297;102 978;7;0;2;1;1;1
202100055297;102 979;7;0;2;1;0;1
202100055298;102 977;7;0;1;3;1;1
202100055299;102 976;7;0;1;2;1;1
202100055300;102 975;7;0;1;8;1;1
202100055301;102 974;7;0;1;1;16;1
202100055302;102 973;7;0;1;1;1;1
202100055303;102 972;7;0;1;1;1;1
202100055304;102 971;7;0;1;2;15;1
202100055305;102 968;7;0;2;4;23;1
202100055305;102 969;10;0;2;1;1;1
202100055305;102 970;7;0;0;4;23;1
202100055306;102 967;7;0;1;1;15;1
202100055307;102 966;3;0;1;1;1;1
202100055308;102 965;3;6;0;1;9;1
202100055309;102 964;7;13;0;6;1;1
202100055310;102 963;7;8;0;1;1;1
202100055311;102 961;7;0;2;1;1;1
202100055311;102 962;7;0;2;3;15;1
202100055312;102 959;1;0;2;0;1;5
202100055312;102 960;7;0;2;1;17;1
202100055313;102 957;7;0;2;2;19;1
202100055313;102 958;99;0;2;3;19;1
202100055314;102 955;7;0;2;7;1;1
202100055314;102 956;7;0;2;3;0;1
202100055315;102 954;60;0;2;1;1;5
202100055316;102 953;30;0;0;8;15;3
202100055317;102 952;7;0;1;1;1;1
202100055318;102 950;7;0;2;2;1;1
202100055318;102 951;30;0;2;1;18;1
202100055319;102 948;30;0;2;1;1;1
202100055319;102 949;7;0;2;3;15;1
202100055320;102 946;7;0;2;4;2;1
202100055320;102 947;7;0;2;1;2;1
202100055321;102 944;1;0;2;1;1;0
202100055321;102 945;7;0;2;5;16;2
202100055322;102 942;7;1;1;1;1;1
202100055322;102 943;13;0;0;7;24;0
202100055323;102 940;37;0;2;3;1;0
202100055323;102 941;7;0;2;7;16;1
202100055324;102 939;7;0;1;2;1;1
202100055325;102 937;7;0;2;2;15;1
202100055325;102 938;32;0;2;1;1;1
202100055326;102 935;33;0;2;7;17;1
202100055326;102 936;7;0;2;8;1;1
202100055327;102 933;7;0;2;1;1;1
202100055327;102 934;7;0;2;6;9;1
202100055328;102 932;7;0;1;2;16;6
202100055329;102 931;7;0;1;2;15;1
202100055330;102 929;1;0;2;3;1;5
202100055330;102 930;7;0;2;2;21;1
202100055331;102 928;7;0;1;1;1;1
202100055332;102 926;7;0;2;4;23;1
202100055332;102 927;7;0;2;2;26;1
202100055333;102 924;1;0;0;0;0;5
202100055333;102 925;7;0;2;4;4;1
202100055334;102 923;7;0;0;0;1;1
202100055335;102 922;7;0;1;1;1;1
202100055336;102 920;30;0;2;1;17;1
202100055336;102 921;7;0;2;3;15;1
202100055337;102 919;32;0;1;0;1;1
202100055338;102 916;7;0;2;1;1;1
202100055338;102 917;7;0;2;8;1;1
202100055338;102 918;10;0;2;1;15;1
202100055339;102 914;7;0;2;1;15;1
202100055339;102 915;2;1;2;1;1;1
202100055340;102 912;30;8;2;8;1;1
202100055340;102 913;7;0;2;2;1;1
202100055341;102 911;33;12;0;1;1;1
202100055342;102 910;7;0;1;1;15;1
202100055343;102 909;7;0;1;3;15;1
202100055344;102 908;7;0;1;1;1;0
202100055345;102 906;10;0;2;8;11;1
202100055345;102 907;31;0;2;2;3;1
202100055346;102 905;32;4;2;8;13;1
202100055347;102 904;7;0;1;2;1;1
202100055348;102 902;7;0;2;7;1;1
202100055348;102 903;34;0;2;8;17;1
202100055349;102 901;43;12;0;1;13;1
202100055350;102 900;33;0;1;1;17;1
202100055351;102 898;7;0;2;4;23;1
202100055351;102 899;14;0;2;1;1;1
202100055352;102 896;7;0;2;6;4;1
202100055352;102 897;2;0;2;1;17;1
202100055353;102 894;10;1;2;6;1;1
202100055353;102 895;7;0;2;1;1;1
202100055354;102 892;50;0;2;3;1;3
202100055354;102 893;7;0;2;8;15;1
202100055355;102 890;10;0;2;1;1;0
202100055355;102 891;30;0;2;0;1;1
202100055356;102 888;10;0;2;6;15;1
202100055356;102 889;30;0;2;2;17;1
202100055357;102 887;7;0;1;1;1;1
202100055358;102 885;10;0;2;2;15;1
202100055358;102 886;30;0;2;3;1;1
202100055359;102 884;7;0;1;2;1;1
202100055360;102 883;7;0;1;3;15;2
202100055361;102 882;10;0;1;1;9;1
202100055362;102 880;7;0;2;4;4;1
202100055362;102 881;10;0;2;7;21;1
202100055363;102 879;1;0;0;0;1;5
202100055364;102 875;10;0;2;1;9;3
202100055364;102 876;7;0;2;5;1;3
202100055364;102 877;7;0;2;5;2;1
202100055364;102 878;7;0;2;2;2;1
202100055365;102 874;10;1;1;2;1;1
202100055366;102 873;7;0;1;8;15;1
202100055367;102 871;7;0;2;1;2;1
202100055367;102 872;1;0;2;8;19;5
202100055368;102 870;33;0;1;1;1;1
202100055369;102 867;7;0;2;3;15;1
202100055369;102 868;7;0;2;1;1;1
202100055369;102 869;7;0;2;4;1;1
202100055370;102 866;7;0;1;3;15;1
202100055371;102 864;7;0;2;1;15;1
202100055371;102 865;7;0;2;8;1;1
202100055372;102 862;7;0;2;1;26;1
202100055372;102 863;99;0;0;0;25;0
202100055373;102 861;7;12;0;9;2;0
202100055374;102 860;7;0;1;3;15;1
202100055375;102 859;30;0;0;8;1;1
202100055376;102 858;7;0;1;1;15;1
202100055377;102 857;30;0;1;2;1;1
202100055378;102 856;10;0;1;4;4;1
202100055379;102 854;7;0;2;4;0;1
202100055379;102 855;7;0;2;1;0;1
202100055380;102 853;7;0;1;1;16;0
202100055381;102 851;7;0;2;6;1;2
202100055381;102 852;30;0;2;6;12;3
202100055382;102 849;7;0;2;1;1;1
202100055382;102 850;30;0;2;4;18;1
202100055383;102 848;32;0;0;0;0;1
202100055384;102 846;7;0;0;9;14;1
202100055385;102 845;7;0;1;2;1;1
202100055386;102 844;7;2;0;1;1;1
202100055387;102 843;7;6;0;3;1;1
202100055388;102 841;7;0;2;3;19;1
202100055388;102 842;7;0;2;2;1;1
202100055389;102 839;2;0;2;3;1;1
202100055389;102 840;2;0;2;3;13;1
202100055390;102 837;33;0;2;1;17;1
202100055390;102 838;10;0;2;3;19;1
202100055391;102 836;7;0;1;4;4;1
202100055392;102 834;7;0;2;1;1;1
202100055392;102 835;7;0;2;1;13;1
202100055393;102 832;2;0;2;8;1;1
202100055393;102 833;7;0;2;1;1;1
202100055394;102 831;7;0;1;2;1;1
202100055395;102 830;10;0;1;4;4;1
202100055396;102 827;15;0;0;4;1;1
202100055396;102 828;7;0;2;1;1;1
202100055396;102 829;7;0;2;1;1;1
202100055397;102 825;10;0;2;8;17;1
202100055397;102 826;30;0;2;3;1;1
202100055398;102 824;7;7;0;9;1;1
202100055399;102 822;7;0;2;1;11;1
202100055399;102 823;7;0;2;1;1;1
202100055400;102 821;7;6;0;1;1;1
202100055401;102 820;7;13;0;4;1;0
202100055402;102 816;7;0;2;6;1;1
202100055402;102 817;7;0;2;3;1;1
202100055402;102 818;7;0;2;8;1;1
202100055402;102 819;7;0;2;3;13;1
202100055403;102 814;7;0;2;1;17;1
202100055403;102 815;7;13;0;4;13;1
202100055404;102 810;17;0;2;1;1;1
202100055404;102 811;14;0;2;1;13;1
202100055405;102 809;7;0;1;1;1;1
202100055406;102 808;7;3;0;2;14;1
202100055407;102 807;10;3;0;2;0;1
202100055408;102 806;32;6;0;1;1;1
202100055409;102 805;7;9;0;1;1;1
202100055410;102 803;7;0;2;3;23;1
202100055410;102 804;7;0;2;3;16;1
202100055411;102 802;7;8;0;1;1;1
202100055412;102 800;7;0;2;3;1;1
202100055412;102 801;7;0;2;1;13;1
202100055413;102 798;7;0;2;3;13;1
202100055413;102 799;7;0;2;3;1;1
202100055414;102 797;7;0;1;3;1;1
202100055415;102 796;33;3;0;7;17;1
202100055416;102 795;7;0;9;0;1;1
202100055417;102 793;7;0;2;4;2;1
202100055417;102 794;7;0;2;1;2;1
202100055418;102 790;7;1;2;1;2;1
202100055418;102 791;7;3;0;1;2;1
202100055418;102 792;7;0;2;4;23;1
202100055419;102 789;7;4;0;3;1;1
202100055420;102 787;7;0;2;3;9;1
202100055420;102 788;14;0;2;2;26;1
202100055421;102 784;10;0;2;4;2;1
202100055421;102 785;99;0;2;1;2;1
202100055421;102 786;7;0;2;4;2;1
202100055422;102 782;7;0;2;3;12;1
202100055422;102 783;10;0;2;5;2;1
202100055423;102 781;7;4;0;8;2;1
202100055424;102 780;7;4;0;2;14;1
202100055425;102 779;7;3;0;3;2;1
202100055426;102 778;7;4;0;3;13;1
202100055427;102 774;33;0;2;8;3;1
202100055427;102 775;7;0;2;2;12;1
202100055427;102 776;7;0;2;7;1;1
202100055427;102 777;7;0;2;6;1;1
202100055428;102 773;33;0;0;0;2;1
202100055429;102 771;7;0;2;1;1;1
202100055429;102 772;10;0;2;4;1;1
202100055430;102 769;7;0;2;0;11;1
202100055430;102 770;7;0;2;0;2;1
202100055431;102 768;10;0;1;1;21;1
202100055432;102 767;30;14;0;0;26;1
202100055433;102 766;10;4;0;1;15;1
202100055434;102 765;7;0;1;1;1;1
202100055435;102 764;7;1;0;2;1;1
202100055436;102 763;7;1;0;2;14;1
202100055437;102 762;30;14;0;1;17;1
202100055438;102 760;7;0;9;0;1;1
202100055438;102 761;1;0;2;0;15;0
202100055439;102 758;10;0;2;2;13;1
202100055439;102 759;7;0;2;2;1;1
202100055440;102 757;7;0;1;3;1;1
202100055441;102 755;33;0;2;0;26;1
202100055441;102 756;10;0;2;2;0;1
202100055442;102 753;31;0;2;0;26;0
202100055442;102 754;7;5;2;3;1;6
202100055443;102 751;33;0;2;7;3;1
202100055443;102 752;7;0;2;8;11;1
202100055444;102 750;7;15;0;1;19;1
202100055445;102 748;7;0;2;8;1;1
202100055445;102 749;7;0;2;1;1;1
202100055446;102 746;33;0;2;3;1;1
202100055446;102 747;7;0;2;3;15;1
202100055447;102 744;2;0;2;1;1;1
202100055447;102 745;7;0;2;2;15;1
202100055448;102 742;7;0;2;1;5;1
202100055448;102 743;7;0;2;1;0;1
202100055449;102 741;7;0;1;1;1;1
202100055450;102 738;7;11;0;0;6;1
202100055450;102 739;7;0;2;1;1;1
202100055450;102 740;7;0;2;3;1;1
202100055451;102 736;30;0;2;1;1;3
202100055451;102 737;7;0;2;3;23;1
202100055452;102 734;2;0;2;1;1;1
202100055452;102 735;7;0;2;2;1;1
202100055453;102 733;33;0;0;8;1;1
202100055454;102 732;7;13;0;1;13;1
202100055455;102 726;10;0;2;1;1;1
202100055455;102 727;7;0;2;4;23;1
202100055455;102 728;7;0;2;4;23;1
202100055455;102 729;7;0;2;4;23;1
202100055455;102 730;7;0;2;4;23;1
202100055456;102 724;7;0;2;1;1;1
202100055456;102 725;2;0;2;1;1;1
202100055457;102 722;7;0;2;1;2;1
202100055457;102 723;80;0;2;4;1;3
202100055458;102 720;33;0;2;1;13;1
202100055458;102 721;7;0;2;3;1;1
202100055459;102 718;7;0;2;8;1;1
202100055459;102 719;80;0;2;1;1;3
202100055460;102 716;7;0;2;3;1;1
202100055460;102 717;7;0;2;0;9;0
202100055461;102 714;10;0;2;1;2;1
202100055461;102 715;43;0;2;4;23;1
202100055462;102 712;1;0;2;0;1;5
202100055462;102 713;15;0;2;0;16;1
202100055463;102 710;7;2;0;3;26;1
202100055464;102 705;37;0;2;1;1;1
202100055464;102 706;7;0;2;3;9;1
202100055464;102 707;34;0;2;1;1;1
202100055465;102 703;7;0;2;1;1;1