Num_Acc;id_vehicule;categorie_vehicule;obstacle_fixe;obstacle_mobile;point_choc_initial;manoeuvre_principale;motorisation
202100055465;102 704;10;0;2;1;15;1
202100055466;102 699;7;0;2;1;1;1
202100055466;102 700;7;0;2;8;26;1
202100055467;102 698;7;0;1;1;26;1
202100055468;102 697;7;0;1;2;21;1
202100055469;102 695;10;0;2;3;15;1
202100055469;102 696;50;0;2;1;1;3
202100055470;102 694;7;0;1;3;1;1
202100055471;102 692;7;6;0;2;1;1
202100055472;102 691;7;6;0;1;1;1
202100055473;102 689;7;0;2;7;1;1
202100055473;102 690;14;0;2;1;1;1
202100055474;102 688;7;0;1;3;11;1
202100055475;102 687;99;0;1;3;15;1
202100055476;102 686;7;8;0;1;13;1
202100055477;102 684;7;0;2;4;23;1
202100055477;102 685;7;0;2;1;1;1
202100055478;102 683;7;0;1;2;1;2
202100055479;102 682;7;0;1;3;1;1
202100055480;102 680;7;0;2;3;0;1
202100055480;102 681;50;0;2;0;0;3
202100055481;102 679;30;0;0;0;1;1
202100055482;102 678;30;0;0;0;1;1
202100055483;102 677;7;3;0;1;1;1
202100055484;102 675;7;0;2;7;1;1
202100055484;102 676;60;0;2;1;1;5
202100055485;102 672;7;0;2;4;1;1
202100055485;102 673;7;0;2;1;1;1
202100055485;102 674;7;0;2;9;1;1
202100055486;102 671;7;14;0;9;1;1
202100055487;102 669;40;0;2;1;1;3
202100055487;102 670;7;0;4;1;1;1
202100055488;102 667;7;0;2;4;1;1
202100055488;102 668;7;0;2;1;1;1
202100055489;102 665;7;0;2;3;1;1
202100055489;102 666;7;0;2;2;10;1
202100055490;102 663;1;0;2;1;5;5
202100055490;102 664;7;0;2;0;1;1
202100055491;102 661;7;0;2;4;1;1
202100055491;102 662;7;0;2;1;2;1
202100055492;102 658;7;0;2;4;2;1
202100055492;102 659;7;0;2;4;1;1
202100055492;102 660;10;0;2;1;2;1
202100055493;102 656;7;0;2;3;9;1
202100055493;102 657;1;0;2;7;1;5
202100055494;102 654;30;0;2;0;1;1
202100055494;102 655;7;0;2;2;1;1
202100055495;102 652;7;0;2;1;1;2
202100055495;102 653;10;0;2;8;9;1
202100055496;102 651;7;0;1;1;1;1
202100055497;102 649;7;0;2;4;1;1
202100055497;102 650;10;0;2;1;1;1
202100055498;102 648;7;0;1;3;1;1
202100055499;102 645;7;0;2;1;16;1
202100055499;102 646;10;0;2;4;16;1
202100055499;102 647;7;0;2;4;9;1
202100055500;102 643;2;0;2;2;1;1
202100055500;102 644;7;0;2;0;15;1
202100055501;102 638;7;0;2;4;15;1
202100055501;102 639;7;0;2;1;1;1
202100055501;102 640;7;0;0;1;1;1
202100055501;102 641;7;0;0;4;0;1
202100055501;102 642;7;0;2;0;0;1
202100055502;102 636;7;0;2;4;16;1
202100055502;102 637;2;0;2;1;26;1
202100055503;102 634;10;0;2;2;15;1
202100055503;102 635;32;0;2;1;1;1
202100055504;102 632;10;0;2;1;1;1
202100055504;102 633;7;0;2;1;9;1
202100055505;102 630;7;0;2;3;1;1
202100055505;102 631;7;0;2;3;19;1
202100055506;102 628;7;4;2;0;0;1
202100055506;102 629;7;4;2;3;23;1
202100055507;102 626;7;0;2;2;1;1
202100055507;102 627;7;0;2;3;9;1
202100055508;102 625;7;5;0;1;1;1
202100055509;102 623;33;0;2;1;13;1
202100055509;102 624;10;0;2;1;1;1
202100055510;102 621;7;1;2;1;1;1
202100055510;102 622;7;1;2;2;15;1
202100055511;102 619;7;0;2;4;0;1
202100055511;102 620;7;0;2;1;21;1
202100055512;102 618;7;0;1;1;1;1
202100055513;102 617;7;6;0;1;1;1
202100055514;102 615;7;0;2;1;1;1
202100055514;102 616;7;0;2;4;1;1
202100055515;102 614;7;2;0;8;1;1
202100055516;102 611;43;0;2;2;3;1
202100055516;102 612;7;0;2;8;1;1
202100055516;102 613;7;0;2;7;1;1
202100055517;102 609;7;0;2;7;12;1
202100055517;102 610;33;0;2;8;1;1
202100055518;102 608;37;0;1;2;1;1
202100055519;102 607;7;9;1;1;14;1
202100055520;102 605;32;0;2;1;7;1
202100055520;102 606;7;0;2;2;16;1
202100055521;102 603;37;0;2;3;9;2
202100055521;102 604;30;0;2;1;1;1
202100055522;102 601;7;0;2;1;2;1
202100055522;102 602;7;0;2;4;1;1
202100055523;102 600;7;0;1;7;1;1
202100055524;102 598;2;0;2;8;18;1
202100055524;102 599;7;0;2;7;16;0
202100055525;102 597;7;0;1;3;1;1
202100055526;102 596;2;8;0;1;25;1
202100055527;102 594;30;0;2;3;18;1
202100055527;102 595;10;0;2;7;14;1
202100055528;102 593;34;1;0;3;13;1
202100055529;102 592;1;0;1;1;1;5
202100055530;102 590;1;0;2;3;1;5
202100055530;102 591;7;0;2;2;16;1
202100055531;102 588;2;0;2;1;11;1
202100055531;102 589;7;0;2;4;1;2
202100055532;102 587;1;14;0;0;1;5
202100055533;102 585;1;0;2;8;1;5
202100055533;102 586;14;0;2;2;2;1
202100055534;102 584;1;9;0;1;19;5
202100055535;102 583;1;0;0;0;21;5
202100055536;102 582;1;0;1;1;1;5
202100055537;102 581;50;8;0;1;25;3
202100055538;102 580;7;0;1;2;9;0
202100055539;102 579;30;0;0;8;1;1
202100055540;102 578;34;0;0;0;1;1
202100055541;102 576;32;0;2;1;1;1
202100055541;102 577;7;0;2;5;19;1
202100055542;102 575;7;0;0;1;21;1
202100055543;102 573;32;0;2;1;1;1
202100055543;102 574;7;0;2;5;15;1
202100055544;102 572;7;0;1;2;20;1
202100055545;102 570;30;0;2;2;1;1
202100055545;102 571;7;0;2;2;1;1
202100055546;102 568;30;0;0;3;0;0
202100055546;102 569;7;0;0;0;2;2
202100055547;102 566;43;0;2;7;2;1
202100055547;102 567;7;0;2;8;13;1
202100055548;102 565;7;0;1;1;26;1
202100055549;102 563;30;0;2;8;17;1
202100055549;102 564;7;0;2;8;15;1
202100055550;102 561;7;0;2;2;15;1
202100055550;102 562;33;0;2;7;1;1
202100055551;102 559;10;2;0;7;26;1
202100055551;102 560;10;0;2;1;16;1
202100055552;102 555;30;0;2;3;26;1
202100055552;102 556;7;0;0;0;0;0
202100055553;102 554;7;7;0;3;1;1
202100055554;102 552;32;0;2;8;16;1
202100055554;102 553;7;0;2;2;1;1
202100055555;102 551;7;0;1;1;1;1
202100055556;102 550;33;12;0;3;18;1
202100055557;102 549;34;5;0;1;19;1
202100055558;102 546;7;0;2;3;15;1
202100055558;102 547;7;0;2;0;0;0
202100055559;102 544;7;0;2;2;20;1
202100055559;102 545;2;0;2;1;1;1
202100055560;102 542;7;0;2;1;1;1
202100055560;102 543;7;0;2;7;1;1
202100055561;102 540;14;0;2;1;1;1
202100055561;102 541;10;0;2;1;5;1
202100055562;102 538;7;0;2;3;15;1
202100055562;102 539;33;0;2;1;21;1
202100055563;102 536;2;5;2;1;1;1
202100055563;102 537;10;0;2;3;15;0
202100055564;102 533;7;0;2;1;17;1
202100055564;102 534;7;0;2;1;1;2
202100055565;102 532;17;13;0;2;1;1
202100055566;102 530;2;0;2;5;19;1
202100055566;102 531;7;0;2;1;1;1
202100055567;102 527;7;0;0;4;2;1
202100055567;102 528;7;0;0;6;2;1
202100055567;102 529;10;0;2;1;1;1
202100055568;102 525;7;0;2;5;17;1
202100055568;102 526;7;0;2;3;1;1
202100055569;102 523;3;0;2;3;1;1
202100055569;102 524;7;0;2;3;13;1
202100055570;102 522;7;0;0;9;1;1
202100055571;102 521;33;0;0;8;1;1
202100055572;102 519;2;0;2;1;1;1
202100055572;102 520;7;0;2;2;15;1
202100055573;102 518;7;0;0;1;1;1
202100055574;102 517;33;0;0;0;1;1
202100055575;102 516;7;13;0;2;1;1
202100055576;102 514;21;0;2;1;1;1
202100055576;102 515;7;0;2;7;26;1
202100055577;102 512;13;0;2;1;0;1
202100055577;102 513;7;0;2;7;13;1
202100055578;102 511;7;10;0;2;1;1
202100055579;102 510;7;3;0;1;16;1
202100055580;102 509;7;13;0;1;0;1
202100055581;102 507;7;0;2;3;1;1
202100055581;102 508;10;0;2;3;13;1
202100055582;102 505;7;13;0;1;1;1
202100055583;102 503;7;0;2;1;1;1
202100055583;102 504;10;0;2;1;1;1
202100055584;102 502;7;0;1;3;20;2
202100055585;102 500;7;2;2;3;17;1
202100055585;102 501;7;0;2;3;1;1
202100055586;102 499;7;13;0;3;1;1
202100055587;102 497;7;0;2;3;1;1
202100055587;102 498;7;0;2;3;1;1
202100055588;102 495;7;0;2;3;13;1
202100055588;102 496;10;0;2;3;1;1
202100055589;102 493;7;0;2;2;13;1
202100055589;102 494;7;0;2;2;1;1
202100055590;102 490;33;0;0;4;1;1
202100055590;102 491;14;0;0;3;9;1
202100055591;102 488;7;0;1;1;0;1
202100055592;102 486;7;0;2;3;1;1
202100055592;102 487;7;0;2;3;1;1
202100055593;102 484;7;0;2;1;1;1
202100055593;102 485;7;0;2;1;13;1
202100055594;102 482;7;0;2;1;0;1
202100055594;102 483;1;0;0;4;0;0
202100055595;102 480;7;0;2;2;1;1
202100055595;102 481;30;0;2;1;19;1
202100055596;102 478;7;0;2;3;19;1
202100055596;102 479;7;0;2;3;21;1
202100055597;102 477;33;0;0;7;1;1
202100055598;102 476;7;13;0;2;1;1
202100055599;102 475;7;15;1;7;2;0
202100055600;102 474;33;0;0;9;14;1
202100055601;102 473;7;6;0;3;15;1
202100055602;102 471;7;0;2;7;15;1
202100055602;102 472;33;0;2;1;1;1
202100055603;102 468;7;0;2;3;17;1
202100055603;102 469;7;0;2;3;1;1
202100055603;102 470;15;0;2;6;1;1
202100055604;102 466;7;6;1;2;1;1
202100055604;102 467;7;0;2;1;1;1
202100055605;102 464;10;0;2;2;13;1
202100055605;102 465;7;0;2;2;13;1
202100055606;102 462;7;0;1;3;1;0
202100055606;102 463;10;0;1;3;1;1
202100055607;102 460;21;0;2;1;1;1
202100055607;102 461;7;0;2;1;17;1
202100055608;102 458;20;0;2;1;9;1
202100055608;102 459;38;14;2;1;2;1
202100055609;102 452;10;0;2;4;2;1
202100055609;102 453;7;0;2;4;1;1
202100055609;102 454;7;0;2;4;1;1
202100055609;102 455;10;0;2;1;1;1
202100055609;102 456;10;0;2;4;2;1
202100055609;102 457;7;0;2;4;2;1
202100055610;102 450;14;0;2;7;1;1
202100055610;102 451;7;0;2;1;1;1
202100055611;102 447;7;0;2;6;1;2
202100055611;102 448;7;0;2;7;12;1
202100055611;102 449;33;0;2;1;3;1
202100055612;102 446;10;16;0;1;15;1
202100055613;102 443;10;0;2;1;1;1
202100055613;102 444;7;0;2;4;2;1
202100055613;102 445;7;0;2;0;0;1
202100055614;102 441;7;0;2;8;1;1
202100055614;102 442;7;0;2;2;1;1
202100055615;102 438;7;0;2;4;2;1
202100055615;102 439;7;0;2;1;2;1
202100055615;102 440;7;0;2;1;1;1
202100055616;102 437;7;4;0;1;21;1
202100055617;102 433;7;4;0;1;15;1
202100055617;102 434;7;0;2;7;1;1
202100055617;102 435;10;0;2;6;1;1
202100055617;102 436;7;0;2;2;21;1
202100055618;102 431;7;0;2;1;2;1
202100055618;102 432;7;0;2;4;2;1
202100055619;102 428;7;0;2;4;2;1
202100055619;102 429;10;0;2;1;2;1
202100055619;102 430;7;0;2;4;2;1
202100055620;102 426;7;0;2;3;26;1
202100055620;102 427;37;0;2;2;1;1
202100055621;102 425;7;0;0;7;1;1
202100055622;102 424;7;0;1;1;1;1
202100055623;102 422;7;0;2;3;13;1
202100055623;102 423;7;0;2;3;1;1
202100055624;102 421;2;0;0;0;1;1
202100055625;102 420;2;0;0;0;1;1
202100055626;102 419;7;13;0;9;1;1
202100055627;102 417;3;0;2;1;13;1
202100055627;102 418;7;0;2;2;21;1
202100055628;102 415;7;0;0;3;0;1
202100055628;102 416;7;0;0;3;0;1
202100055629;102 414;0;0;1;0;0;0
202100055630;102 413;7;0;0;2;0;1
202100055631;102 412;7;2;0;1;1;1
202100055632;102 410;7;0;2;3;1;1
202100055632;102 411;7;13;2;5;17;1
202100055633;102 408;7;0;2;1;13;1
202100055633;102 409;38;0;2;3;1;1
202100055634;102 407;33;13;0;9;14;1
202100055635;102 406;7;13;0;9;17;1
202100055636;102 405;7;13;0;9;15;1
202100055637;102 403;7;0;2;3;1;1
202100055637;102 404;1;0;2;1;5;5
202100055638;102 402;7;8;0;1;1;1
202100055639;102 399;7;0;1;3;1;1
202100055640;102 398;3;0;0;1;0;1
202100055641;102 396;7;0;2;3;26;1
202100055641;102 397;7;0;2;5;15;1
202100055642;102 393;7;16;0;9;1;1
202100055643;102 392;7;3;0;3;13;1
202100055644;102 391;7;10;0;9;12;1
202100055645;102 390;7;4;0;4;1;1
202100055646;102 388;10;0;2;4;1;1
202100055646;102 389;7;0;2;1;2;1
202100055647;102 385;7;0;2;3;11;1
202100055647;102 386;7;0;2;4;1;1
202100055647;102 387;15;0;2;1;1;1
202100055648;102 384;7;0;0;2;14;1
202100055649;102 383;7;4;0;1;14;1
202100055650;102 381;7;0;2;3;1;1
202100055650;102 382;7;0;2;3;5;1
202100055651;102 379;33;0;2;4;2;1
202100055651;102 380;7;0;2;1;2;1
202100055652;102 378;7;13;0;2;26;1
202100055653;102 376;30;0;2;3;16;1
202100055653;102 377;7;0;1;2;14;1
202100055654;102 374;7;0;2;8;18;1
202100055654;102 375;31;0;2;7;1;1
202100055655;102 373;7;0;0;1;16;1
202100055656;102 371;7;0;2;1;13;1
202100055656;102 372;10;0;2;1;1;1
202100055657;102 369;7;1;0;3;1;1
202100055657;102 370;7;0;2;5;24;1
202100055658;102 368;30;0;9;0;1;1
202100055659;102 366;7;0;2;2;21;1
202100055659;102 367;7;0;0;8;9;1
202100055660;102 361;7;8;2;1;1;1
202100055660;102 362;7;0;2;1;11;2
202100055660;102 363;7;0;2;0;0;1
202100055661;102 360;7;0;1;3;1;0
202100055662;102 359;7;0;1;3;15;1
202100055663;102 357;7;0;2;0;9;1
202100055663;102 358;2;0;2;1;1;1
202100055664;102 355;7;0;2;4;2;1
202100055664;102 356;7;0;2;1;2;1
202100055665;102 354;30;12;0;0;16;1
202100055666;102 353;31;0;0;0;1;1
202100055667;102 351;7;0;2;1;2;1
202100055667;102 352;7;0;2;4;2;1
202100055668;102 349;33;0;2;8;1;1
202100055668;102 350;7;0;2;7;16;1
202100055669;102 347;7;0;2;2;9;1
202100055669;102 348;1;0;2;1;5;5
202100055670;102 345;7;0;2;2;19;1
202100055670;102 346;7;0;2;7;19;1
202100055671;102 344;7;8;0;1;26;0
202100055672;102 342;7;0;2;3;2;3
202100055672;102 343;2;0;2;7;2;1
202100055673;102 341;7;0;9;1;26;1
202100055674;102 340;7;9;0;0;0;1
202100055675;102 339;33;0;0;0;3;1
202100055676;102 337;32;0;2;7;17;1
202100055676;102 338;7;0;2;8;15;1
202100055677;102 335;32;0;2;2;1;1
202100055677;102 336;7;0;2;3;10;3
202100055678;102 334;7;0;1;1;16;1
202100055679;102 331;33;0;2;1;1;1
202100055679;102 332;7;0;2;4;1;1
202100055680;102 330;37;0;1;2;1;1
202100055681;102 329;34;0;1;2;25;1
202100055682;102 328;34;11;0;8;21;1
202100055683;102 326;1;0;2;1;1;5
202100055683;102 327;7;0;2;6;14;1
202100055684;102 324;33;0;2;2;17;1
202100055684;102 325;1;0;2;4;13;5
202100055685;102 322;1;0;2;1;1;5
202100055685;102 323;7;0;2;0;15;1
202100055686;102 321;10;0;1;2;16;1
202100055687;102 319;10;0;2;4;2;1
202100055687;102 320;7;0;2;1;2;1
202100055688;102 318;33;0;1;1;19;1
202100055689;102 316;10;0;2;3;1;1
202100055689;102 317;7;0;2;1;13;1
202100055690;102 315;7;2;0;3;14;2
202100055691;102 313;7;0;2;1;13;1
202100055691;102 314;7;0;2;6;1;1
202100055692;102 312;31;1;4;1;1;1
202100055693;102 310;33;0;2;1;1;1
202100055693;102 311;7;0;2;1;15;1
202100055694;102 308;2;0;2;0;0;1
202100055694;102 309;7;0;2;1;15;1
202100055695;102 307;7;0;1;2;26;0
202100055696;102 305;7;0;2;4;23;1
202100055696;102 306;7;0;2;3;2;1
202100055697;102 303;7;0;2;1;19;1
202100055697;102 304;1;0;2;8;19;0
202100055698;102 301;7;0;2;2;15;1
202100055698;102 302;32;0;2;1;1;1
202100055699;102 299;7;0;2;5;12;1
202100055699;102 300;2;0;2;8;16;0
202100055700;102 297;30;0;2;0;21;1
202100055700;102 298;7;0;0;2;15;1
202100055701;102 296;7;8;0;3;1;1
202100055702;102 295;33;0;0;8;15;1
202100055703;102 293;1;0;2;7;1;5
202100055703;102 294;7;0;2;3;15;1
202100055704;102 292;7;13;0;1;15;1
202100055705;102 290;10;0;2;2;2;1
202100055705;102 291;7;0;2;6;23;1
202100055706;102 289;7;13;0;1;1;1
202100055707;102 288;36;0;0;1;0;1
202100055708;102 286;1;0;2;8;15;5
202100055708;102 287;10;0;2;7;17;1
202100055709;102 284;2;0;2;1;26;1
202100055709;102 285;7;0;0;2;26;1
202100055710;102 282;7;0;2;3;0;1
202100055710;102 283;7;0;2;3;0;1
202100055711;102 280;7;13;0;2;21;1
202100055712;102 278;7;0;0;0;15;1
202100055712;102 279;43;13;0;0;21;1
202100055713;102 276;7;0;2;1;13;1
202100055713;102 277;7;0;2;1;1;1
202100055714;102 274;7;0;2;3;1;1
202100055714;102 275;7;0;2;3;13;1
202100055715;102 272;7;0;2;7;13;1
202100055715;102 273;7;0;2;1;1;1
202100055716;102 271;7;4;0;3;21;1
202100055717;102 269;7;0;2;7;15;1
202100055717;102 270;33;0;2;1;1;1
202100055718;102 268;7;13;0;1;14;1
202100055719;102 266;7;0;2;1;13;1
202100055719;102 267;7;0;2;1;13;1
202100055720;102 265;7;2;0;1;0;1
202100055721;102 264;7;0;1;2;1;1
202100055722;102 261;7;0;0;4;23;1
202100055722;102 262;7;0;2;1;1;1
202100055722;102 263;7;0;2;1;1;1
202100055723;102 259;7;0;9;2;15;1
202100055723;102 260;1;0;2;1;1;5
202100055724;102 258;7;2;0;1;1;1
202100055725;102 256;14;0;0;4;1;1
202100055725;102 257;7;0;2;1;2;1
202100055726;102 255;7;2;0;1;1;1
202100055727;102 253;7;0;2;2;1;1
202100055727;102 254;7;0;2;3;19;1
202100055728;102 252;7;6;0;1;1;1
202100055729;102 250;7;0;0;1;1;1
202100055729;102 251;7;0;0;1;15;1
202100055730;102 248;2;0;2;7;1;1
202100055730;102 249;7;0;2;1;1;1
202100055731;102 246;7;0;9;1;1;1
202100055731;102 247;1;0;2;8;9;5
202100055732;102 245;7;8;0;7;1;1
202100055733;102 243;7;0;2;2;1;0
202100055733;102 244;7;0;2;3;26;1
202100055734;102 240;7;0;2;4;2;1
202100055734;102 241;7;0;2;4;2;1
202100055734;102 242;10;0;2;1;2;1
202100055735;102 238;7;0;0;5;14;2
202100055735;102 239;7;4;2;1;2;1
202100055736;102 236;7;0;2;4;2;1
202100055736;102 237;7;0;2;1;2;1
202100055737;102 234;7;3;0;2;13;1
202100055737;102 235;7;0;9;1;1;1
202100055738;102 231;10;0;2;3;1;1
202100055738;102 232;10;1;0;3;1;1
202100055738;102 233;7;0;2;2;14;1
202100055739;102 230;33;0;0;2;1;1
202100055740;102 228;7;0;2;1;26;1
202100055740;102 229;7;0;0;4;1;1
202100055741;102 227;30;0;1;1;13;1
202100055742;102 226;10;0;2;0;21;1
202100055743;102 224;7;6;2;8;1;1
202100055743;102 225;7;0;2;0;0;1
202100055744;102 222;7;0;2;7;1;1
202100055744;102 223;33;0;2;3;11;1
202100055745;102 219;7;0;2;4;2;0
202100055745;102 220;7;0;2;4;2;1
202100055745;102 221;7;0;2;1;2;1
202100055746;102 217;33;0;2;2;1;1
202100055746;102 218;7;0;2;2;20;1
202100055747;102 216;32;0;2;8;1;1
202100055748;102 214;7;0;2;5;2;1
202100055748;102 215;7;0;2;6;21;1
202100055749;102 212;7;0;2;8;13;1
202100055749;102 213;13;0;2;2;14;1
202100055750;102 210;7;0;2;0;26;0
202100055750;102 211;30;0;2;3;9;1
202100055751;102 208;33;0;2;1;17;1
202100055751;102 209;7;0;2;1;1;1
202100055752;102 206;33;0;2;1;1;1
202100055752;102 207;7;0;2;8;15;1
202100055753;102 205;7;0;1;2;16;1
202100055754;102 203;7;0;2;3;17;1
202100055754;102 204;32;0;2;7;17;1
202100055755;102 202;7;0;1;0;26;0
202100055756;102 201;7;6;0;8;16;1
202100055757;102 200;7;0;1;3;13;1
202100055758;102 198;33;0;2;1;2;1
202100055758;102 199;10;0;2;4;2;1
202100055759;102 196;33;0;2;1;1;1
202100055759;102 197;7;0;2;6;11;1
202100055760;102 195;10;0;1;1;9;1
202100055761;102 193;7;12;0;1;14;1
202100055762;102 191;1;0;2;7;1;5
202100055762;102 192;7;0;2;1;15;1
202100055763;102 190;7;0;1;3;1;2
202100055764;102 188;7;0;2;7;15;1
202100055764;102 189;2;0;2;1;1;1
202100055765;102 183;7;0;1;1;1;1
202100055766;102 182;37;0;1;7;16;1
202100055767;102 180;1;0;2;7;19;5
202100055767;102 181;7;0;2;2;1;1
202100055768;102 178;0;0;9;2;17;0
202100055768;102 179;1;0;0;6;2;5
202100055769;102 177;7;0;1;6;4;1
202100055770;102 175;1;0;2;5;19;5
202100055770;102 176;7;0;2;2;26;1
202100055771;102 174;31;1;1;1;17;1
202100055772;102 173;31;0;1;8;1;1
202100055773;102 171;10;0;2;2;2;1
202100055773;102 172;10;0;2;5;2;1
202100055774;102 170;7;0;2;1;9;1
202100055775;102 168;7;0;2;8;23;1
202100055775;102 169;10;0;2;7;14;1
202100055776;102 166;7;0;2;3;9;1
202100055776;102 167;1;0;2;1;1;5
202100055777;102 165;7;0;1;1;20;1
202100055778;102 163;7;0;2;1;1;1
202100055778;102 164;7;0;2;2;19;1
202100055779;102 161;7;0;2;3;15;1
202100055779;102 162;7;0;2;1;26;1
202100055780;102 159;7;0;2;2;15;1
202100055780;102 160;7;8;2;1;1;1
202100055781;102 158;2;0;0;8;1;1
202100055782;102 156;7;0;2;8;1;1
202100055782;102 157;7;0;2;2;15;1
202100055783;102 154;2;0;2;5;1;1
202100055783;102 155;10;0;2;2;9;0
202100055784;102 152;37;0;2;2;1;0
202100055784;102 153;7;0;2;1;15;1
202100055785;102 151;7;0;1;2;23;1
202100055786;102 148;10;0;2;2;1;1
202100055786;102 149;30;0;2;0;26;1
202100055786;102 150;7;0;2;5;1;1
202100055787;102 147;7;0;1;2;1;1
202100055788;102 145;7;0;2;1;2;1
202100055788;102 146;7;0;2;4;2;1
202100055789;102 144;7;0;1;3;1;1
202100055790;102 142;7;0;2;1;1;1
202100055790;102 143;7;0;2;1;1;1
202100055791;102 141;30;0;0;0;1;1
202100055792;102 139;30;0;2;1;1;1
202100055792;102 140;38;0;2;3;15;1
202100055793;102 136;14;0;2;3;1;1
202100055793;102 137;7;0;2;5;12;1
202100055794;102 134;7;0;2;3;16;1
202100055794;102 135;1;0;2;1;19;5
202100055795;102 133;7;0;0;0;1;1
202100055796;102 132;30;0;0;7;1;1
202100055797;102 130;7;0;2;7;16;0
202100055797;102 131;80;0;2;0;1;3
202100055798;102 128;7;0;2;2;15;1
202100055798;102 129;32;0;2;0;0;1
202100055799;102 126;7;0;0;0;0;1
202100055799;102 127;30;0;2;4;26;1
202100055800;102 123;7;14;9;2;2;1
202100055800;102 124;33;3;0;0;17;1
202100055800;102 125;17;0;9;2;1;1
202100055801;102 122;7;0;1;1;9;1
202100055802;102 121;7;2;0;1;1;1
202100055803;102 119;1;0;2;0;1;5
202100055803;102 120;7;0;2;6;9;1
202100055804;102 118;7;4;0;9;1;1
202100055805;102 116;1;0;2;7;12;5
202100055805;102 117;7;0;2;3;1;1
202100055806;102 115;10;0;1;1;1;1
202100055807;102 114;3;8;0;1;1;1
202100055808;102 112;7;0;2;2;2;1
202100055808;102 113;1;0;2;4;2;5
202100055809;102 110;7;0;2;1;26;1
202100055809;102 111;7;0;2;6;23;1
202100055810;102 108;7;0;2;3;1;1
202100055810;102 109;7;0;2;1;13;1
202100055811;102 107;7;0;1;2;1;1
202100055812;102 105;7;0;2;3;2;1
202100055812;102 106;7;0;2;3;1;1
202100055813;102 104;33;0;1;1;17;1
202100055814;102 103;7;0;1;1;15;1
202100055815;102 102;10;1;1;2;1;1
202100055816;102 100;14;0;2;1;1;1
202100055816;102 101;10;0;2;1;5;1
202100055817;102 099;7;0;1;3;1;1
202100055818;102 097;30;0;2;8;1;1
202100055818;102 098;7;0;2;1;15;1
202100055819;102 095;7;0;2;2;1;1
202100055819;102 096;1;0;2;3;19;5
202100055820;102 094;7;0;1;1;21;1
202100055821;102 092;7;0;2;4;2;1
202100055821;102 093;7;0;2;1;2;1
202100055822;102 090;10;0;2;4;23;1
202100055822;102 091;7;0;2;1;1;1
202100055823;102 088;37;0;2;3;15;3
202100055823;102 089;7;0;2;1;1;1
202100055824;102 086;7;0;2;1;1;1
202100055824;102 087;2;0;2;2;1;1
202100055825;102 085;7;0;1;3;1;1
202100055826;102 083;7;0;2;6;1;1
202100055826;102 084;32;0;2;1;1;1
202100055827;102 082;7;0;1;1;5;1
202100055828;102 081;10;0;1;3;1;0
202100055829;102 080;30;0;1;1;1;1
202100055830;102 079;1;0;0;1;1;5
202100055831;102 077;7;0;2;0;1;1
202100055831;102 078;33;0;2;0;0;1
202100055832;102 076;7;0;1;3;1;0
202100055833;102 074;10;0;2;2;1;1
202100055833;102 075;2;0;2;8;2;1
202100055834;102 072;7;0;2;2;1;1
202100055834;102 073;37;0;0;6;23;0
202100055835;102 071;7;0;1;1;1;1
202100055836;102 069;7;0;2;1;15;1
202100055836;102 070;33;0;2;8;1;1
202100055837;102 067;33;0;2;1;17;1
202100055837;102 068;7;0;2;3;9;1
202100055838;102 065;7;0;2;4;23;1
202100055838;102 066;7;0;2;1;2;1
202100055839;102 063;30;0;2;1;1;1
202100055839;102 064;7;0;2;4;0;1
202100055840;102 061;32;0;2;3;1;3
202100055840;102 062;7;0;2;5;15;1
202100055841;102 060;37;0;1;1;15;0
202100055842;102 059;7;1;1;1;17;1
202100055843;102 058;14;0;1;7;26;1
202100055844;102 057;7;0;1;2;19;1
202100055845;102 055;7;0;2;3;1;1
202100055845;102 056;7;0;2;3;13;1
202100055846;102 053;10;0;2;3;17;3
202100055846;102 054;32;0;2;7;2;1
202100055847;102 051;7;0;2;3;1;0
202100055847;102 052;7;0;2;2;1;0
202100055848;102 049;7;0;2;3;1;1
202100055848;102 050;7;0;2;1;1;1
202100055849;102 048;7;0;1;1;15;1
202100055850;102 046;15;0;9;3;20;1
202100055850;102 047;10;1;0;7;16;1
202100055851;102 045;7;0;1;1;26;0
202100055852;102 043;1;0;2;7;1;0
202100055852;102 044;7;0;2;2;1;1
202100055853;102 041;10;0;2;4;11;1
202100055853;102 042;30;0;2;1;1;1
202100055854;102 040;7;0;0;1;26;1
202100055855;102 039;30;0;0;8;16;3
202100055856;102 038;34;9;0;1;0;1
202100055857;102 037;30;14;0;7;19;1
202100055858;102 035;43;0;2;1;16;1
202100055858;102 036;7;0;2;4;1;1
202100055859;102 033;10;0;2;7;15;1
202100055859;102 034;32;0;2;1;1;1
202100055860;102 032;7;0;1;1;1;1
202100055861;102 031;7;4;0;1;0;1
202100055862;102 030;7;0;1;1;1;1
202100055863;102 029;7;0;1;2;0;1
202100055864;102 027;31;0;2;1;3;1
202100055864;102 028;7;0;2;4;11;1
202100055865;102 025;33;0;2;1;1;1
202100055865;102 026;7;0;2;6;9;1
202100055866;102 023;2;15;0;0;17;1
202100055866;102 024;7;0;0;0;23;1
202100055867;102 020;7;0;1;2;1;1
202100055868;102 018;7;0;2;3;1;1
202100055868;102 019;7;13;2;1;17;1
202100055869;102 017;36;8;0;1;1;1
202100055870;102 016;7;13;0;9;1;1
202100055871;102 013;2;0;2;1;2;1
202100055871;102 014;7;0;0;4;23;1
202100055871;102 015;7;0;2;0;1;1
202100055872;102 011;7;0;9;2;1;1
202100055872;102 012;1;0;2;2;11;5
202100055873;102 009;17;0;2;1;5;1
202100055873;102 010;7;0;2;1;1;1
202100055874;102 007;7;0;0;3;1;1
202100055874;102 008;15;0;2;3;1;1
202100055875;102 006;7;0;1;1;1;1