Num_Acc;id_vehicule;categorie_vehicule;obstacle_fixe;obstacle_mobile;point_choc_initial;manoeuvre_principale;motorisation
202100055876;102 003;7;0;2;2;19;1
202100055876;102 004;1;0;2;8;19;5
202100055877;102 000;7;0;2;1;2;1
202100055877;102 001;7;0;2;4;2;1
202100055877;102 002;7;0;0;4;15;1
202100055878;101 998;7;0;2;1;1;1
202100055878;101 999;7;0;2;2;15;1
202100055879;101 995;2;0;0;2;1;1
202100055880;101 992;7;0;2;1;1;1
202100055880;101 993;7;0;2;8;26;1
202100055880;101 994;15;0;2;2;1;1
202100055881;101 990;7;0;2;3;11;0
202100055881;101 991;15;0;2;2;1;1
202100055882;101 988;33;0;2;1;2;1
202100055882;101 989;7;0;2;5;2;1
202100055883;101 985;7;0;2;1;1;1
202100055883;101 986;14;0;2;6;1;1
202100055883;101 987;7;0;2;6;1;1
202100055884;101 983;7;0;2;4;2;1
202100055884;101 984;33;0;2;1;1;1
202100055885;101 982;7;4;0;2;1;1
202100055886;101 980;10;0;2;1;0;1
202100055886;101 981;7;0;2;4;0;1
202100055887;101 978;10;0;2;6;1;1
202100055887;101 979;33;0;2;1;3;1
202100055888;101 976;7;0;2;7;1;1
202100055888;101 977;10;0;2;3;1;1
202100055889;101 975;7;0;1;7;16;2
202100055890;101 974;7;9;0;1;9;1
202100055891;101 972;7;0;2;1;1;1
202100055891;101 973;10;0;2;3;15;1
202100055892;101 971;37;0;1;1;1;1
202100055893;101 969;7;0;2;1;15;1
202100055893;101 970;50;0;2;1;1;3
202100055894;101 966;7;0;2;4;2;1
202100055894;101 967;7;0;2;0;2;0
202100055894;101 968;7;0;2;3;2;1
202100055895;101 964;7;0;2;3;13;1
202100055895;101 965;10;0;2;8;1;1
202100055896;101 963;7;0;1;1;1;1
202100055897;101 962;7;1;0;1;1;1
202100055898;101 959;7;0;2;9;23;1
202100055898;101 960;7;0;2;3;1;1
202100055898;101 961;7;1;2;3;1;1
202100055899;101 957;50;0;2;1;1;3
202100055899;101 958;7;0;2;1;15;1
202100055900;101 955;7;0;2;1;1;1
202100055900;101 956;3;0;2;4;2;1
202100055901;101 953;7;0;2;3;1;1
202100055901;101 954;30;0;2;3;1;1
202100055902;101 952;7;0;1;2;1;1
202100055903;101 950;33;0;2;2;1;1
202100055903;101 951;0;0;2;0;1;1
202100055904;101 948;7;0;2;1;0;1
202100055904;101 949;7;0;2;1;0;1
202100055905;101 946;33;0;2;0;1;1
202100055905;101 947;7;0;2;3;9;1
202100055906;101 944;10;0;2;3;15;1
202100055906;101 945;2;0;2;1;17;1
202100055907;101 942;37;0;2;3;1;1
202100055907;101 943;7;0;2;5;16;1
202100055908;101 939;7;0;2;0;0;1
202100055908;101 940;7;0;2;1;1;1
202100055908;101 941;7;0;2;4;2;1
202100055909;101 938;7;1;0;3;13;1
202100055910;101 937;3;0;1;1;1;1
202100055911;101 935;7;0;2;3;15;1
202100055911;101 936;7;0;2;1;1;1
202100055912;101 934;7;0;1;3;15;1
202100055913;101 932;7;0;2;1;26;3
202100055913;101 933;7;0;2;8;1;1
202100055914;101 930;50;0;2;1;13;3
202100055914;101 931;7;0;9;1;1;1
202100055915;101 929;7;0;1;3;15;1
202100055916;101 928;7;0;1;1;1;1
202100055917;101 927;7;0;1;3;1;1
202100055918;101 925;2;0;2;7;15;1
202100055918;101 926;7;0;2;8;1;1
202100055919;101 923;31;0;2;7;17;1
202100055919;101 924;7;0;2;8;23;1
202100055920;101 922;7;0;1;2;1;1
202100055921;101 919;14;0;2;1;2;1
202100055921;101 920;17;0;2;4;2;1
202100055921;101 921;14;0;2;4;2;1
202100055922;101 917;7;0;2;2;15;1
202100055922;101 918;33;0;2;1;1;1
202100055923;101 915;14;0;2;1;1;1
202100055923;101 916;1;0;2;1;19;5
202100055924;101 913;7;0;2;1;15;1
202100055924;101 914;50;0;2;8;19;3
202100055925;101 911;7;0;2;1;1;1
202100055925;101 912;7;0;2;1;1;1
202100055926;101 909;2;0;2;4;1;1
202100055926;101 910;10;0;2;3;1;1
202100055927;101 908;7;0;1;2;26;1
202100055928;101 907;7;0;1;2;16;1
202100055929;101 906;30;0;0;0;26;1
202100055930;101 904;7;0;2;4;0;1
202100055930;101 905;7;0;2;1;2;1
202100055931;101 903;7;0;1;1;1;1
202100055932;101 901;7;0;2;2;15;1
202100055932;101 902;7;0;2;6;1;1
202100055933;101 900;7;0;1;6;15;1
202100055934;101 899;31;0;0;7;1;1
202100055935;101 897;7;0;2;6;23;1
202100055935;101 898;33;0;2;1;3;1
202100055936;101 896;7;0;1;1;1;1
202100055937;101 895;32;0;0;0;1;1
202100055938;101 894;7;0;1;6;15;3
202100055939;101 893;7;0;1;8;1;1
202100055940;101 892;30;0;0;0;21;1
202100055941;101 889;7;0;2;1;17;2
202100055941;101 890;32;0;2;3;1;1
202100055941;101 891;10;0;2;9;1;1
202100055942;101 888;30;0;1;2;1;
202100055943;101 886;1;0;2;1;1;5
202100055943;101 887;7;0;2;3;9;1
202100055944;101 884;1;0;2;1;1;5
202100055944;101 885;1;0;2;1;5;5
202100055945;101 883;7;0;1;1;15;1
202100055946;101 882;7;0;1;2;16;1
202100055947;101 881;50;0;0;0;7;3
202100055948;101 879;43;0;2;1;2;1
202100055948;101 880;7;0;2;4;2;1
202100055949;101 878;7;2;0;1;1;1
202100055950;101 875;33;0;1;1;3;1
202100055950;101 876;7;0;2;8;0;1
202100055950;101 877;7;0;2;6;2;3
202100055951;101 873;7;0;2;1;1;1
202100055951;101 874;7;0;2;4;1;1
202100055952;101 872;10;0;1;4;4;1
202100055953;101 870;10;0;2;1;0;0
202100055953;101 871;7;0;2;8;26;0
202100055954;101 868;7;0;2;1;2;1
202100055954;101 869;7;0;0;4;0;1
202100055955;101 866;7;0;2;3;15;1
202100055955;101 867;43;1;0;3;1;1
202100055956;101 864;10;0;2;2;26;1
202100055956;101 865;7;0;2;7;15;1
202100055957;101 862;7;0;2;3;1;1
202100055957;101 863;7;0;2;3;16;1
202100055958;101 861;10;0;1;1;15;1
202100055959;101 860;7;0;1;2;1;1
202100055960;101 858;10;0;2;2;1;1
202100055960;101 859;31;0;2;1;1;1
202100055961;101 856;7;1;1;2;0;1
202100055961;101 857;10;1;0;1;14;1
202100055962;101 855;10;14;0;1;0;0
202100055963;101 853;60;0;2;1;1;5
202100055963;101 854;7;0;2;1;16;0
202100055964;101 852;7;0;1;0;21;1
202100055965;101 851;60;0;0;0;0;5
202100055966;101 849;31;0;2;1;2;1
202100055966;101 850;99;0;2;4;20;1
202100055967;101 847;7;0;2;2;1;1
202100055967;101 848;7;0;2;3;1;1
202100055968;101 846;30;0;0;2;1;1
202100055969;101 844;7;0;2;1;9;1
202100055969;101 845;2;0;0;7;1;1
202100055970;101 842;7;0;2;1;15;1
202100055970;101 843;7;0;2;1;1;1
202100055971;101 841;7;0;1;1;1;1
202100055972;101 840;33;8;0;1;1;1
202100055973;101 839;3;13;0;8;13;1
202100055974;101 838;10;0;1;6;4;1
202100055975;101 836;7;0;2;1;1;1
202100055975;101 837;2;0;2;7;15;1
202100055976;101 835;7;17;0;2;14;1
202100055977;101 833;1;0;2;8;0;5
202100055977;101 834;7;0;2;1;1;1
202100055978;101 831;7;0;2;3;13;1
202100055978;101 832;1;0;2;1;1;5
202100055979;101 830;7;0;1;2;1;0
202100055980;101 828;10;0;2;2;15;1
202100055980;101 829;2;0;2;1;1;1
202100055981;101 827;7;7;0;8;1;1
202100055982;101 824;2;0;0;8;15;1
202100055982;101 825;10;0;2;1;1;1
202100055983;101 822;7;0;2;1;1;1
202100055983;101 823;3;0;2;1;15;1
202100055984;101 820;7;13;2;3;9;1
202100055984;101 821;7;0;2;1;1;1
202100055985;101 818;10;0;2;1;2;1
202100055985;101 819;7;0;0;4;2;1
202100055986;101 815;7;0;0;6;15;1
202100055986;101 816;2;0;2;1;21;1
202100055986;101 817;2;0;0;0;21;1
202100055987;101 813;7;0;2;1;1;1
202100055987;101 814;7;0;2;8;13;1
202100055988;101 811;7;0;2;1;1;1
202100055988;101 812;30;0;2;1;13;1
202100055989;101 809;13;0;0;3;1;1
202100055989;101 810;7;0;0;2;1;1
202100055990;101 806;7;0;1;5;1;1
202100055991;101 804;7;0;2;1;1;1
202100055991;101 805;7;0;2;6;1;1
202100055992;101 803;10;13;0;0;0;1
202100055993;101 802;7;8;0;1;14;1
202100055994;101 800;10;0;2;1;1;1
202100055994;101 801;7;0;2;2;1;1
202100055995;101 798;10;0;2;2;17;1
202100055995;101 799;7;13;2;3;15;1
202100055996;101 797;7;9;0;1;1;1
202100055997;101 793;7;0;2;2;1;1
202100055997;101 794;7;0;2;1;17;1
202100055997;101 795;7;0;2;4;1;1
202100055997;101 796;7;0;2;3;1;1
202100055998;101 791;1;0;0;4;16;5
202100055998;101 792;7;0;9;2;9;1
202100055999;101 790;7;6;0;1;1;1
202100056000;101 788;60;0;2;8;26;5
202100056000;101 789;7;0;2;2;1;0
202100056001;101 786;7;0;2;3;1;0
202100056001;101 787;7;0;2;3;1;1
202100056002;101 784;7;0;2;7;16;1
202100056002;101 785;31;0;2;8;23;1
202100056003;101 782;7;0;2;4;1;1
202100056003;101 783;7;0;2;1;1;1
202100056004;101 778;33;0;2;1;3;1
202100056004;101 779;7;0;2;1;1;1
202100056005;101 776;7;0;2;5;1;1
202100056005;101 777;2;0;2;1;1;1
202100056006;101 774;7;0;2;1;1;1
202100056006;101 775;7;0;2;8;2;1
202100056007;101 772;7;0;2;7;14;1
202100056007;101 773;7;0;2;8;1;1
202100056008;101 770;7;0;2;4;2;1
202100056008;101 771;7;0;2;1;1;1
202100056009;101 767;7;0;2;4;2;1
202100056009;101 768;7;0;2;1;2;1
202100056009;101 769;10;0;2;4;2;0
202100056010;101 766;7;3;0;7;14;1
202100056011;101 764;7;0;2;5;2;1
202100056011;101 765;7;0;2;3;2;1
202100056012;101 762;7;0;2;8;0;1
202100056012;101 763;33;0;2;8;3;1
202100056013;101 760;33;0;2;1;12;1
202100056013;101 761;7;0;2;5;1;1
202100056014;101 759;34;0;0;9;2;1
202100056015;101 757;7;0;2;1;1;1
202100056015;101 758;7;0;2;4;2;1
202100056016;101 755;7;0;2;7;1;1
202100056016;101 756;7;4;2;8;0;1
202100056017;101 754;30;0;9;0;1;1
202100056018;101 752;31;0;2;1;1;1
202100056018;101 753;13;0;9;3;13;1
202100056019;101 750;7;0;2;1;15;1
202100056019;101 751;43;0;2;3;1;1
202100056020;101 749;7;0;2;7;1;1
202100056021;101 746;7;0;2;1;1;1
202100056021;101 747;7;0;2;4;23;1
202100056021;101 748;7;0;2;4;23;1
202100056022;101 745;7;0;1;1;19;1
202100056023;101 743;33;0;2;1;2;1
202100056023;101 744;7;0;2;4;2;1
202100056024;101 741;2;0;2;8;16;1
202100056024;101 742;7;0;2;2;1;1
202100056025;101 740;7;4;0;3;14;1
202100056026;101 738;7;4;2;4;13;1
202100056026;101 739;7;0;2;3;15;1
202100056027;101 736;7;0;2;8;10;1
202100056027;101 737;7;0;2;1;1;1
202100056028;101 735;10;0;1;2;16;1
202100056029;101 733;7;0;2;6;0;1
202100056029;101 734;7;0;2;3;16;1
202100056030;101 732;60;0;0;1;1;5
202100056031;101 731;7;0;0;7;13;1
202100056032;101 730;33;0;0;0;1;1
202100056033;101 728;7;0;2;2;15;1
202100056033;101 729;32;0;2;1;1;1
202100056034;101 726;7;0;2;1;16;1
202100056034;101 727;7;0;2;2;1;1
202100056035;101 724;7;0;2;1;1;1
202100056035;101 725;7;1;2;4;23;1
202100056036;101 722;7;0;2;8;9;1
202100056036;101 723;7;0;2;1;9;2
202100056037;101 721;7;0;1;2;1;1
202100056038;101 720;10;0;1;2;1;1
202100056039;101 719;7;0;1;2;17;0
202100056040;101 717;7;7;2;1;2;1
202100056040;101 718;7;9;0;4;2;1
202100056041;101 715;7;0;2;2;15;1
202100056041;101 716;7;0;2;3;1;1
202100056042;101 713;7;0;2;1;1;1
202100056042;101 714;7;0;2;1;13;1
202100056043;101 711;7;0;2;1;1;1
202100056043;101 712;7;0;2;4;1;1
202100056044;101 707;7;0;2;1;1;1
202100056044;101 708;7;0;2;4;1;1
202100056044;101 709;7;0;2;4;1;1
202100056044;101 710;7;0;2;1;1;1
202100056045;101 705;7;0;2;1;1;1
202100056045;101 706;2;0;2;1;1;1
202100056046;101 703;7;0;2;4;1;1
202100056046;101 704;7;0;2;1;1;1
202100056047;101 702;7;0;1;2;1;1
202100056048;101 700;7;0;2;2;15;1
202100056048;101 701;7;0;2;1;1;0
202100056049;101 698;7;0;2;3;9;1
202100056049;101 699;1;0;2;1;1;5
202100056050;101 697;7;15;0;1;26;1
202100056051;101 695;7;0;2;3;15;1
202100056051;101 696;1;0;2;3;1;5
202100056052;101 694;7;0;1;3;1;1
202100056053;101 693;7;0;1;2;1;1
202100056054;101 690;10;0;2;0;19;0
202100056054;101 691;7;0;2;6;1;1
202100056054;101 692;7;0;2;8;1;1
202100056055;101 687;7;0;2;1;17;1
202100056055;101 688;7;0;2;1;1;1
202100056055;101 689;7;0;2;3;1;1
202100056056;101 685;34;0;2;1;1;1
202100056056;101 686;7;0;0;0;0;1
202100056057;101 684;7;0;1;1;1;1
202100056058;101 683;7;0;1;1;1;1
202100056059;101 682;30;0;0;1;0;1
202100056060;101 681;7;4;0;2;1;1
202100056061;101 678;10;0;2;0;2;1
202100056061;101 679;10;0;2;4;23;1
202100056061;101 680;7;0;2;4;23;1
202100056062;101 676;7;0;2;6;2;1
202100056062;101 677;32;0;2;1;2;1
202100056063;101 674;32;7;2;1;1;1
202100056063;101 675;32;0;2;8;1;1
202100056064;101 671;7;0;2;3;5;1
202100056064;101 672;7;0;2;2;12;1
202100056064;101 673;7;0;2;3;7;1
202100056065;101 670;30;0;0;0;1;1
202100056066;101 668;7;0;2;6;23;1
202100056066;101 669;1;0;2;1;1;5
202100056067;101 666;33;0;2;8;1;1
202100056067;101 667;10;0;2;2;16;1
202100056068;101 663;7;0;2;3;15;1
202100056068;101 664;33;0;2;3;1;1
202100056068;101 665;32;0;2;3;1;1
202100056069;101 661;1;0;2;8;1;5
202100056069;101 662;7;0;2;2;14;1
202100056070;101 659;32;0;2;2;7;1
202100056070;101 660;7;0;2;8;22;1
202100056071;101 658;32;0;1;1;1;1
202100056072;101 656;34;0;2;8;1;1
202100056072;101 657;7;0;2;8;1;1
202100056073;101 652;7;0;2;2;1;1
202100056073;101 653;30;0;2;1;1;3
202100056074;101 650;7;0;2;1;15;1
202100056074;101 651;1;0;2;1;1;5
202100056075;101 648;1;0;2;1;19;5
202100056075;101 649;7;0;2;2;16;1
202100056076;101 646;33;0;2;1;2;1
202100056076;101 647;7;15;0;5;23;1
202100056077;101 644;7;0;2;1;1;1
202100056077;101 645;7;0;2;8;15;1
202100056078;101 642;7;0;2;3;9;2
202100056078;101 643;50;0;2;7;2;3
202100056079;101 640;30;0;0;0;26;1
202100056080;101 638;7;0;2;8;15;1
202100056080;101 639;7;0;2;1;1;1
202100056081;101 636;30;0;2;2;1;1
202100056081;101 637;10;0;2;0;9;0
202100056082;101 635;30;0;0;0;16;1
202100056083;101 633;2;0;2;1;1;1
202100056083;101 634;7;0;2;6;9;1
202100056084;101 630;7;0;2;3;13;0
202100056084;101 631;7;0;2;7;1;0
202100056084;101 632;31;0;2;9;3;0
202100056085;101 629;7;0;1;2;26;1
202100056086;101 628;15;0;1;2;1;1
202100056087;101 625;2;0;2;1;0;1
202100056087;101 626;10;0;2;8;1;1
202100056088;101 623;7;0;0;0;15;1
202100056088;101 624;1;12;0;0;1;5
202100056089;101 621;7;0;2;8;15;1
202100056089;101 622;2;0;2;1;1;1
202100056090;101 619;2;0;2;1;1;1
202100056090;101 620;7;0;2;3;9;1
202100056091;101 618;10;0;1;2;1;1
202100056092;101 617;7;2;0;3;0;1
202100056093;101 615;7;0;2;1;13;1
202100056093;101 616;10;0;2;1;1;1
202100056094;101 614;7;0;1;1;1;1
202100056095;101 613;10;0;1;7;1;1
202100056096;101 611;7;0;2;3;1;1
202100056096;101 612;7;0;2;3;16;1
202100056097;101 609;7;0;2;3;1;1
202100056097;101 610;17;0;2;6;1;1
202100056098;101 608;7;0;1;3;16;1
202100056099;101 606;7;0;2;8;19;1
202100056099;101 607;7;0;2;1;2;1
202100056100;101 604;7;1;0;2;2;1
202100056100;101 605;21;0;0;6;23;1
202100056101;101 603;10;0;1;2;1;1
202100056102;101 602;7;0;1;1;1;1
202100056103;101 601;7;13;0;2;1;1
202100056104;101 599;7;3;0;4;26;1
202100056104;101 600;7;0;2;1;2;3
202100056105;101 597;10;0;2;1;12;1
202100056105;101 598;15;0;0;4;1;1
202100056106;101 595;15;0;2;3;1;1
202100056106;101 596;7;0;2;3;13;1
202100056107;101 591;7;0;2;3;2;1
202100056107;101 592;7;4;2;3;13;1
202100056108;101 590;7;8;0;0;1;1
202100056109;101 588;7;0;2;2;19;1
202100056109;101 589;7;0;2;7;15;1
202100056110;101 584;7;0;0;3;5;1
202100056110;101 585;14;0;0;3;0;0
202100056111;101 583;7;3;0;3;1;1
202100056112;101 582;7;1;1;7;1;0
202100056113;101 580;7;0;2;3;0;1
202100056113;101 581;7;0;2;3;1;1
202100056114;101 578;2;0;0;0;1;1
202100056114;101 579;13;0;0;0;16;1
202100056115;101 577;7;0;1;3;1;1
202100056116;101 576;7;2;0;1;1;1
202100056117;101 574;30;9;2;8;1;1
202100056117;101 575;7;0;2;3;1;1
202100056118;101 572;7;6;2;8;17;1
202100056118;101 573;7;0;2;1;1;1
202100056119;101 571;7;4;0;1;1;1
202100056120;101 570;7;4;0;0;17;1
202100056121;101 567;10;0;2;1;2;1
202100056121;101 568;7;0;2;4;2;1
202100056121;101 569;7;0;2;4;1;1
202100056122;101 565;7;0;0;0;21;1
202100056122;101 566;7;0;0;1;0;0
202100056123;101 563;7;1;0;1;2;1
202100056123;101 564;7;0;2;4;23;1
202100056124;101 561;7;0;2;5;1;1
202100056124;101 562;34;0;2;1;21;1
202100056125;101 559;15;0;2;1;2;1
202100056125;101 560;7;0;2;4;2;1
202100056126;101 557;7;0;2;2;12;1
202100056126;101 558;32;0;2;3;3;1
202100056127;101 556;7;4;0;3;13;1
202100056128;101 555;7;8;0;1;14;1
202100056129;101 551;43;0;2;2;3;1
202100056129;101 552;7;0;2;6;1;2
202100056129;101 553;99;0;2;8;11;1
202100056129;101 554;7;0;2;7;1;1
202100056130;101 550;7;4;2;6;14;1
202100056131;101 549;7;0;1;1;1;1
202100056132;101 547;7;0;2;1;0;1
202100056132;101 548;7;0;2;1;0;1
202100056133;101 545;7;0;2;7;1;2
202100056133;101 546;7;0;2;1;26;1
202100056134;101 543;2;0;2;8;1;1
202100056134;101 544;7;0;2;1;15;1
202100056135;101 542;1;0;1;0;1;5
202100056136;101 539;7;0;0;2;1;1
202100056136;101 540;7;0;2;3;1;1
202100056136;101 541;34;0;2;1;15;1
202100056137;101 537;7;0;2;1;1;1
202100056137;101 538;7;0;2;5;9;2
202100056138;101 535;7;0;2;1;17;1
202100056138;101 536;7;3;0;6;1;1
202100056139;101 533;7;0;2;3;1;1
202100056139;101 534;7;0;2;3;13;1
202100056140;101 531;33;0;2;1;2;1
202100056140;101 532;7;0;2;3;15;3
202100056141;101 530;7;1;0;5;1;1
202100056142;101 528;7;0;2;2;15;1
202100056142;101 529;2;0;2;3;1;1
202100056143;101 526;7;0;2;1;1;1
202100056143;101 527;7;0;2;2;9;1
202100056144;101 525;7;0;1;1;15;1
202100056145;101 524;40;0;1;3;1;3
202100056146;101 522;7;0;2;3;1;1
202100056146;101 523;7;0;2;2;1;1
202100056147;101 521;30;0;0;8;26;1
202100056148;101 519;2;0;2;0;0;1
202100056148;101 520;7;0;2;3;9;1
202100056149;101 518;7;0;1;1;17;1
202100056150;101 516;33;0;2;1;1;1
202100056150;101 517;7;0;2;8;15;1
202100056151;101 514;7;0;2;3;0;1
202100056151;101 515;1;0;2;1;1;5
202100056152;101 512;7;0;2;6;2;1
202100056152;101 513;7;0;2;3;2;1
202100056153;101 511;7;0;1;1;1;1
202100056154;101 509;7;0;2;3;15;1
202100056154;101 510;33;0;2;1;2;1
202100056155;101 508;7;0;1;3;15;1
202100056156;101 507;7;0;1;7;1;1
202100056157;101 506;7;0;1;1;1;1
202100056158;101 505;7;0;1;2;1;1
202100056159;101 504;7;12;0;1;1;1
202100056160;101 502;7;0;2;2;15;1
202100056160;101 503;7;0;2;8;2;1
202100056161;101 500;2;0;2;1;19;1
202100056161;101 501;7;0;2;1;15;1
202100056162;101 499;7;8;0;1;1;1
202100056163;101 497;7;0;2;7;15;1
202100056163;101 498;50;0;2;5;1;3
202100056164;101 496;30;0;0;0;1;1
202100056165;101 495;30;2;0;1;14;1
202100056166;101 494;7;0;1;3;1;1
202100056167;101 491;10;0;2;3;1;1
202100056167;101 492;7;0;2;5;9;1
202100056168;101 489;2;0;2;2;2;1
202100056168;101 490;7;0;2;3;15;1
202100056169;101 487;1;0;1;1;1;5
202100056170;101 485;7;0;2;1;1;1
202100056170;101 486;7;0;2;4;23;1
202100056171;101 484;7;6;0;1;9;1
202100056172;101 482;7;0;2;7;1;1
202100056172;101 483;7;0;2;1;19;1
202100056173;101 481;43;0;1;1;26;1
202100056174;101 479;7;0;2;4;2;1
202100056174;101 480;7;0;2;1;2;1
202100056175;101 476;7;0;2;4;2;1
202100056175;101 477;7;0;2;4;2;1
202100056175;101 478;7;0;2;1;2;1
202100056176;101 475;33;0;1;2;17;1
202100056177;101 474;30;0;0;7;21;1
202100056178;101 472;10;0;2;0;22;1
202100056178;101 473;32;0;2;0;1;1
202100056179;101 470;10;0;2;7;12;0
202100056179;101 471;30;0;2;8;7;3
202100056180;101 469;7;0;1;4;4;1
202100056181;101 468;33;0;1;1;21;1
202100056182;101 466;7;0;2;3;13;1
202100056182;101 467;2;1;2;2;17;3
202100056183;101 463;10;0;2;8;22;1
202100056183;101 464;80;0;2;1;1;3
202100056184;101 462;1;0;0;1;21;5
202100056185;101 460;7;0;2;1;1;1
202100056185;101 461;1;0;2;8;19;5
202100056186;101 459;14;0;1;5;24;1
202100056187;101 458;14;0;1;1;16;1
202100056188;101 456;7;0;2;5;1;1
202100056188;101 457;7;0;2;3;13;1
202100056189;101 454;1;0;4;8;19;5
202100056189;101 455;40;0;9;1;1;3
202100056190;101 452;7;0;2;3;26;1
202100056190;101 453;7;0;2;1;9;1
202100056191;101 450;7;0;0;0;0;0
202100056191;101 451;33;0;0;0;0;0
202100056192;101 449;7;0;1;1;1;1
202100056193;101 448;30;0;0;8;1;1
202100056194;101 446;10;0;2;3;15;1
202100056194;101 447;50;0;2;1;1;3
202100056195;101 444;7;0;2;5;16;1
202100056195;101 445;7;0;2;2;16;2
202100056196;101 443;7;0;1;1;1;1
202100056197;101 441;7;0;2;7;12;1
202100056197;101 442;32;0;2;1;1;1
202100056198;101 440;10;13;0;3;1;1
202100056199;101 438;15;0;0;4;2;1
202100056199;101 439;7;0;2;1;2;1
202100056200;101 437;14;13;0;3;1;1
202100056201;101 432;7;0;1;2;0;2
202100056202;101 431;7;13;0;1;13;1
202100056203;101 430;7;17;0;2;13;1
202100056204;101 429;7;0;1;2;1;1
202100056205;101 427;10;0;2;8;1;1
202100056205;101 428;7;0;2;1;1;1
202100056206;101 425;7;0;2;2;15;1
202100056206;101 426;33;0;2;7;21;1
202100056207;101 424;7;2;0;1;1;1
202100056208;101 423;7;1;0;1;5;1
202100056209;101 422;7;13;0;2;1;1
202100056210;101 420;7;0;2;1;1;1
202100056210;101 421;7;0;2;1;13;1
202100056211;101 418;2;0;2;7;1;1
202100056211;101 419;7;0;2;1;15;1
202100056212;101 416;33;0;2;1;1;1
202100056212;101 417;7;0;2;3;17;1
202100056213;101 413;7;0;2;4;1;1
202100056213;101 414;7;0;2;1;2;1
202100056214;101 411;2;0;2;1;1;1
202100056214;101 412;2;0;2;1;13;1
202100056215;101 410;1;0;0;3;1;5
202100056216;101 409;7;0;1;2;1;1
202100056217;101 408;7;2;0;3;13;1
202100056218;101 407;7;0;0;9;1;1
202100056219;101 405;10;0;2;5;15;1
202100056219;101 406;33;0;2;2;1;1
202100056220;101 403;7;0;0;3;1;1
202100056220;101 404;7;0;0;1;15;1
202100056221;101 402;7;0;1;7;1;1
202100056222;101 400;2;0;2;3;15;1
202100056222;101 401;7;0;2;3;15;1
202100056223;101 399;33;1;0;1;21;1
202100056224;101 397;7;0;2;4;1;1
202100056224;101 398;7;0;2;2;2;1
202100056225;101 396;34;0;9;1;1;1
202100056226;101 394;7;0;2;4;1;1
202100056226;101 395;7;0;2;1;1;1
202100056227;101 391;17;0;2;3;0;1
202100056227;101 392;7;0;2;0;0;0
202100056227;101 393;7;0;2;0;0;1
202100056228;101 389;7;0;2;3;1;1
202100056228;101 390;15;0;2;2;12;1
202100056229;101 388;7;0;0;1;1;1
202100056230;101 385;10;0;2;4;2;1
202100056230;101 386;33;0;2;1;2;1
202100056230;101 387;7;0;2;1;2;1
202100056231;101 380;7;0;2;2;15;1
202100056231;101 381;33;0;2;5;16;1
202100056232;101 379;33;0;0;0;9;1
202100056233;101 377;7;0;2;3;13;1
202100056233;101 378;33;0;2;1;7;1
202100056234;101 376;7;0;1;1;1;1
202100056235;101 375;50;0;0;8;1;3
202100056236;101 373;7;0;2;3;1;1
202100056236;101 374;7;0;2;6;1;1
202100056237;101 372;7;0;1;2;1;1
202100056238;101 370;7;0;2;3;2;1
202100056238;101 371;7;0;2;5;2;1
202100056239;101 368;7;0;2;5;26;1
202100056239;101 369;7;0;2;3;9;1
202100056240;101 367;7;0;1;1;1;0
202100056241;101 365;7;0;2;1;1;1
202100056241;101 366;7;0;2;2;15;1
202100056242;101 364;2;12;0;1;19;1
202100056243;101 362;7;0;2;7;1;1
202100056243;101 363;7;0;2;8;15;1
202100056244;101 361;7;2;0;1;1;1
202100056245;101 357;7;0;2;4;23;1
202100056245;101 358;7;0;2;4;23;1
202100056245;101 359;7;0;0;0;0;0
202100056245;101 360;7;0;2;1;1;1
202100056246;101 355;7;0;2;1;5;1
202100056246;101 356;2;0;2;1;15;1
202100056247;101 351;7;0;2;3;15;3
202100056247;101 352;34;0;2;1;1;1
202100056248;101 349;1;0;2;7;1;5
202100056248;101 350;7;0;2;3;9;1
202100056249;101 348;30;0;0;0;1;1
202100056250;101 347;7;1;0;8;1;1
202100056251;101 346;7;0;1;3;26;1
202100056252;101 345;7;0;1;2;1;1
202100056253;101 344;0;0;1;1;19;0
202100056254;101 343;7;7;0;2;14;1
202100056255;101 342;7;7;0;3;13;1
202100056256;101 340;7;0;2;1;15;1
202100056256;101 341;33;0;2;1;1;1
202100056257;101 339;7;0;1;2;1;1
202100056258;101 338;7;7;0;2;14;1
202100056259;101 335;10;0;1;3;15;1
202100056260;101 333;2;0;2;1;1;1
202100056260;101 334;7;0;2;6;23;1
202100056261;101 331;7;0;2;4;16;1
202100056261;101 332;7;0;2;1;16;1
202100056262;101 329;7;0;2;2;23;1
202100056262;101 330;2;14;0;1;18;1
202100056263;101 327;37;0;2;2;1;1
202100056263;101 328;7;3;2;5;1;1
202100056264;101 325;30;0;2;8;1;1
202100056264;101 326;7;0;2;1;15;1
202100056265;101 323;7;0;2;0;9;0
202100056265;101 324;2;0;2;1;1;1
202100056266;101 321;10;0;0;6;23;1
202100056266;101 322;7;0;2;2;21;1
202100056267;101 320;7;0;1;0;26;0
202100056268;101 319;7;0;1;1;13;1
202100056269;101 317;43;0;2;1;1;1
202100056269;101 318;7;0;2;5;16;0
202100056270;101 316;7;0;1;3;1;1
202100056271;101 315;7;0;1;1;21;2
202100056272;101 311;15;0;2;1;1;1
202100056272;101 312;10;0;2;4;15;1
202100056272;101 313;7;13;0;0;0;1
202100056272;101 314;7;0;2;3;1;1
202100056273;101 309;7;0;2;2;21;1
202100056273;101 310;7;0;2;2;9;1
202100056274;101 307;7;0;2;1;1;1
202100056274;101 308;7;0;2;2;1;1
202100056275;101 305;30;0;2;8;1;1
202100056275;101 306;7;0;2;3;15;1
202100056276;101 303;1;0;2;3;1;5
202100056276;101 304;7;0;2;2;17;2
202100056277;101 301;10;0;2;8;22;1
202100056277;101 302;30;0;2;7;1;1