Num_Acc;id_vehicule;categorie_vehicule;obstacle_fixe;obstacle_mobile;point_choc_initial;manoeuvre_principale;motorisation
202100056278;101 299;7;0;2;3;1;1
202100056278;101 300;7;0;2;1;1;1
202100056279;101 297;32;0;2;1;13;1
202100056279;101 298;7;0;2;4;1;1
202100056280;101 296;30;0;0;0;16;1
202100056281;101 294;80;0;0;0;1;3
202100056282;101 293;80;12;0;1;13;3
202100056283;101 292;1;0;1;1;1;5
202100056284;101 291;1;0;1;1;5;5
202100056285;101 289;1;0;9;8;19;5
202100056285;101 290;2;0;9;1;1;0
202100056286;101 286;7;0;2;6;24;1
202100056286;101 287;7;0;2;2;19;1
202100056286;101 288;7;1;2;8;1;1
202100056287;101 284;50;0;2;0;19;3
202100056287;101 285;7;0;2;0;0;0
202100056288;101 282;7;0;2;3;15;1
202100056288;101 283;7;0;2;1;1;1
202100056289;101 280;7;0;2;1;2;0
202100056289;101 281;7;0;2;4;2;1
202100056290;101 278;10;0;2;3;15;1
202100056290;101 279;1;0;2;1;1;5
202100056291;101 276;43;0;2;7;13;1
202100056291;101 277;7;1;0;3;13;1
202100056292;101 275;7;14;0;3;13;1
202100056293;101 273;10;0;2;3;1;3
202100056293;101 274;7;0;2;3;15;1
202100056294;101 272;10;0;1;1;1;1
202100056295;101 271;7;0;1;4;26;1
202100056296;101 269;7;0;2;1;1;1
202100056296;101 270;7;0;2;1;5;1
202100056297;101 267;7;0;2;8;1;1
202100056297;101 268;10;0;2;1;1;1
202100056298;101 265;50;1;0;1;1;3
202100056298;101 266;7;0;2;7;22;0
202100056299;101 261;10;0;2;2;1;1
202100056299;101 262;14;0;2;6;1;1
202100056299;101 263;7;0;2;3;13;1
202100056299;101 264;17;0;2;3;1;1
202100056300;101 259;1;0;2;1;25;5
202100056300;101 260;7;0;2;7;9;1
202100056301;101 258;33;0;1;1;1;1
202100056302;101 257;31;0;0;7;1;1
202100056303;101 255;10;0;2;3;1;1
202100056303;101 256;7;0;2;3;1;1
202100056304;101 254;7;0;0;7;0;1
202100056305;101 253;38;3;0;7;0;1
202100056306;101 252;7;0;1;1;11;1
202100056307;101 250;1;9;0;4;1;5
202100056307;101 251;7;0;9;2;1;1
202100056308;101 249;7;2;0;1;1;1
202100056309;101 248;10;0;1;1;1;1
202100056310;101 247;7;0;1;3;1;1
202100056311;101 245;7;0;2;2;1;1
202100056311;101 246;7;0;2;1;13;1
202100056312;101 243;17;0;2;5;1;1
202100056312;101 244;1;0;2;3;25;5
202100056313;101 241;7;0;2;2;1;1
202100056313;101 242;7;1;2;3;2;1
202100056314;101 240;7;3;0;1;1;2
202100056315;101 236;15;0;2;1;2;0
202100056315;101 237;7;0;2;4;2;1
202100056315;101 238;7;0;2;4;2;1
202100056315;101 239;15;0;0;4;2;1
202100056316;101 234;7;0;2;1;13;1
202100056316;101 235;10;0;2;4;17;1
202100056317;101 232;1;0;0;8;1;5
202100056317;101 233;7;0;2;7;14;0
202100056318;101 231;2;0;1;1;5;1
202100056319;101 229;7;0;2;2;13;1
202100056319;101 230;7;0;2;3;1;1
202100056320;101 228;7;4;0;3;11;1
202100056321;101 225;7;0;2;4;2;1
202100056321;101 226;7;0;2;1;2;0
202100056321;101 227;7;0;2;4;2;0
202100056322;101 222;7;4;0;1;1;1
202100056322;101 223;15;0;2;4;2;1
202100056322;101 224;7;0;2;1;2;1
202100056323;101 221;7;1;1;1;1;1
202100056324;101 219;31;0;2;1;1;1
202100056324;101 220;7;0;2;6;15;1
202100056325;101 217;33;1;2;8;1;1
202100056325;101 218;7;1;2;2;1;1
202100056326;101 215;2;0;2;0;0;1
202100056326;101 216;7;0;2;5;26;1
202100056327;101 214;30;0;1;1;21;0
202100056328;101 213;7;0;0;1;14;1
202100056329;101 212;43;0;9;1;1;1
202100056330;101 211;7;4;0;9;26;1
202100056331;101 209;7;0;2;1;1;1
202100056331;101 210;7;0;2;1;10;1
202100056332;101 207;7;0;2;4;2;1
202100056332;101 208;7;0;2;2;2;1
202100056333;101 205;7;0;2;3;26;1
202100056333;101 206;2;0;2;1;26;1
202100056334;101 203;7;2;2;2;24;1
202100056334;101 204;7;1;0;2;1;1
202100056335;101 201;7;0;2;1;1;1
202100056335;101 202;7;0;2;7;1;1
202100056336;101 199;7;0;2;1;19;1
202100056336;101 200;7;0;2;3;15;1
202100056337;101 198;7;1;0;0;0;1
202100056338;101 196;7;0;2;1;2;0
202100056338;101 197;33;0;2;1;17;1
202100056339;101 195;36;12;0;9;10;1
202100056340;101 191;7;0;2;3;19;1
202100056340;101 192;31;0;2;1;1;1
202100056341;101 189;7;0;2;2;2;1
202100056341;101 190;2;0;2;8;2;1
202100056342;101 187;30;0;2;1;15;1
202100056342;101 188;32;0;2;1;1;1
202100056343;101 185;7;8;2;5;1;1
202100056343;101 186;7;0;2;1;1;1
202100056344;101 183;31;0;2;0;0;1
202100056344;101 184;7;0;2;0;0;2
202100056345;101 182;32;0;0;0;1;1
202100056346;101 181;1;0;1;1;13;0
202100056347;101 180;7;8;0;1;0;1
202100056348;101 178;32;0;2;2;1;1
202100056348;101 179;7;0;2;3;10;1
202100056349;101 177;7;1;0;1;26;1
202100056350;101 176;7;1;0;2;13;1
202100056351;101 174;2;0;2;1;1;1
202100056351;101 175;7;0;2;6;1;1
202100056352;101 173;7;8;0;3;1;1
202100056353;101 171;7;0;2;1;1;1
202100056353;101 172;7;0;0;8;9;1
202100056354;101 168;10;0;2;7;1;1
202100056354;101 169;7;0;2;1;1;1
202100056354;101 170;7;0;2;1;13;1
202100056355;101 167;7;2;0;1;1;1
202100056356;101 166;7;2;0;1;1;1
202100056357;101 164;7;0;2;3;15;1
202100056357;101 165;7;0;2;3;1;1
202100056358;101 163;7;15;0;1;1;1
202100056359;101 161;7;0;2;3;1;1
202100056359;101 162;2;0;2;7;15;1
202100056360;101 160;7;2;0;1;1;1
202100056361;101 159;7;2;0;3;0;1
202100056362;101 157;1;0;2;0;1;5
202100056362;101 158;7;0;2;1;15;1
202100056363;101 156;7;2;0;2;1;1
202100056364;101 151;7;3;2;1;1;1
202100056364;101 152;7;3;2;2;1;1
202100056364;101 153;7;3;2;2;1;1
202100056364;101 154;7;3;2;3;1;1
202100056364;101 155;7;3;2;2;1;1
202100056365;101 149;7;0;0;4;23;1
202100056365;101 150;7;1;0;1;2;1
202100056366;101 147;7;0;0;4;17;1
202100056366;101 148;7;0;2;1;2;1
202100056367;101 145;7;0;0;4;1;1
202100056367;101 146;10;0;2;1;1;1
202100056368;101 143;7;0;2;2;2;1
202100056368;101 144;7;0;2;4;1;1
202100056369;101 142;7;8;0;1;1;1
202100056370;101 141;10;16;0;9;14;1
202100056371;101 140;7;16;0;0;13;1
202100056372;101 138;2;0;2;1;1;1
202100056372;101 139;7;0;2;1;1;1
202100056373;101 136;7;0;9;1;1;1
202100056373;101 137;2;0;2;7;19;3
202100056374;101 134;7;0;0;3;23;1
202100056374;101 135;7;1;0;3;13;1
202100056375;101 133;7;13;0;3;1;1
202100056376;101 132;36;0;0;0;1;1
202100056377;101 130;7;0;2;2;23;1
202100056377;101 131;7;0;2;0;0;1
202100056378;101 128;7;1;0;7;2;0
202100056378;101 129;7;4;0;2;1;0
202100056379;101 126;7;0;2;1;2;1
202100056379;101 127;7;0;2;4;1;1
202100056380;101 123;7;0;2;4;2;1
202100056380;101 124;7;0;2;4;2;1
202100056380;101 125;7;0;2;1;2;1
202100056381;101 121;7;0;0;0;0;0
202100056381;101 122;2;0;2;1;0;1
202100056382;101 119;7;0;2;1;2;1
202100056382;101 120;7;0;2;4;23;1
202100056383;101 118;7;4;0;2;0;1
202100056384;101 116;7;0;2;1;2;1
202100056384;101 117;7;0;2;4;2;1
202100056385;101 115;33;0;2;1;1;1
202100056386;101 113;7;0;2;3;1;1
202100056386;101 114;7;0;2;3;15;1
202100056387;101 111;32;0;2;4;23;1
202100056387;101 112;2;0;2;1;1;1
202100056388;101 109;7;0;2;1;15;1
202100056388;101 110;7;0;2;5;1;1
202100056389;101 107;31;0;2;4;2;1
202100056389;101 108;7;0;2;1;0;0
202100056390;101 104;7;0;2;1;15;1
202100056390;101 105;7;0;2;1;2;1
202100056390;101 106;7;0;2;1;1;1
202100056391;101 102;2;0;2;2;26;1
202100056391;101 103;7;0;2;3;1;1
202100056392;101 100;2;0;2;1;0;1
202100056392;101 101;7;0;2;2;1;1
202100056393;101 098;7;0;2;7;1;1
202100056393;101 099;7;0;2;1;15;1
202100056394;101 097;7;11;0;2;12;2
202100056395;101 096;7;6;0;1;13;1
202100056396;101 094;7;0;2;3;21;1
202100056396;101 095;7;0;2;2;21;0
202100056397;101 092;30;0;2;1;1;1
202100056397;101 093;7;0;2;3;1;1
202100056398;101 090;7;0;0;4;2;1
202100056398;101 091;7;0;2;1;2;1
202100056399;101 089;7;0;1;2;1;1
202100056400;101 086;7;0;2;4;1;1
202100056400;101 087;7;0;2;4;1;1
202100056400;101 088;7;0;2;1;1;1
202100056401;101 085;7;1;1;1;21;1
202100056402;101 083;7;15;2;3;19;1
202100056402;101 084;7;15;2;2;19;1
202100056403;101 081;7;0;2;1;1;1
202100056403;101 082;7;0;2;4;1;1
202100056404;101 079;1;0;2;1;25;5
202100056404;101 080;7;0;2;1;1;1
202100056405;101 078;7;14;0;1;26;1
202100056406;101 077;7;2;0;1;1;1
202100056407;101 074;7;0;2;3;1;1
202100056407;101 075;33;0;2;1;17;1
202100056407;101 076;7;0;2;3;1;1
202100056408;101 071;7;0;2;1;1;1
202100056408;101 072;7;0;2;1;9;1
202100056408;101 073;7;0;2;1;13;1
202100056409;101 070;7;16;0;1;14;1
202100056410;101 068;7;0;2;7;9;0
202100056410;101 069;30;0;2;1;1;0
202100056411;101 067;10;0;1;7;26;1
202100056412;101 065;7;0;2;1;0;1
202100056412;101 066;7;0;2;2;1;1
202100056413;101 063;7;0;2;3;15;1
202100056413;101 064;32;0;2;1;2;1
202100056414;101 061;2;0;2;7;1;1
202100056414;101 062;7;0;2;1;0;1
202100056415;101 059;32;0;2;2;0;1
202100056415;101 060;3;0;2;6;0;1
202100056416;101 058;7;6;0;1;1;1
202100056417;101 055;7;0;2;1;2;1
202100056417;101 056;7;0;2;4;2;1
202100056417;101 057;10;0;2;4;2;1
202100056418;101 053;7;0;2;0;1;0
202100056418;101 054;30;0;2;1;1;1
202100056419;101 048;7;0;2;4;23;1
202100056419;101 049;7;0;2;4;23;1
202100056419;101 050;7;0;2;4;23;1
202100056419;101 051;7;0;2;4;23;1
202100056419;101 052;7;0;2;1;1;1
202100056420;101 047;7;1;2;2;16;1
202100056421;101 046;10;0;1;2;1;1
202100056422;101 044;7;1;2;3;13;1
202100056422;101 045;2;0;2;7;17;3
202100056423;101 042;33;0;2;1;1;1
202100056423;101 043;7;0;2;8;10;1
202100056424;101 040;7;0;2;2;9;1
202100056424;101 041;1;0;2;1;1;5
202100056425;101 038;7;0;2;2;16;1
202100056425;101 039;30;0;2;1;18;1
202100056426;101 037;50;0;0;0;26;3
202100056427;101 035;7;0;2;0;0;1
202100056427;101 036;2;0;2;1;0;1
202100056428;101 034;7;0;1;2;1;1
202100056429;101 032;7;0;2;3;2;1
202100056429;101 033;7;0;2;5;0;1
202100056430;101 030;7;0;2;1;1;1
202100056430;101 031;10;0;2;1;5;1
202100056431;101 029;32;0;1;3;1;1
202100056432;101 027;7;0;2;1;1;1
202100056432;101 028;7;0;2;1;1;1
202100056433;101 026;7;0;1;2;26;0
202100056434;101 025;20;0;1;3;0;1
202100056435;101 024;7;1;0;2;0;1
202100056436;101 022;7;0;2;1;1;1
202100056436;101 023;7;0;2;2;15;1
202100056437;101 020;10;0;2;1;2;1
202100056437;101 021;7;0;2;4;1;1
202100056438;101 016;7;0;2;1;26;0
202100056438;101 017;7;0;2;4;0;0
202100056438;101 018;7;0;0;4;0;0
202100056438;101 019;7;0;2;4;0;0
202100056439;101 015;7;0;1;1;1;0
202100056440;101 013;7;0;2;2;1;1
202100056440;101 014;14;0;2;6;23;1
202100056441;101 012;7;0;1;2;15;1
202100056442;101 010;32;0;2;1;1;1
202100056442;101 011;7;0;2;2;15;1
202100056443;101 008;34;0;2;1;1;1
202100056443;101 009;7;0;2;5;15;1
202100056444;101 006;31;0;9;0;0;0
202100056444;101 007;30;0;9;0;0;0
202100056445;101 005;7;16;0;1;1;6
202100056446;101 004;7;8;0;1;21;1
202100056447;101 003;7;2;0;1;1;1
202100056448;101 002;7;0;1;2;1;1
202100056449;101 000;7;0;2;3;1;1
202100056449;101 001;33;0;2;8;15;1
202100056450;100 995;7;0;2;3;5;1
202100056450;100 996;7;0;2;1;1;1
202100056450;100 997;7;0;2;8;1;1
202100056450;100 998;7;0;2;7;1;1
202100056450;100 999;7;0;2;3;1;1
202100056451;100 994;7;13;0;2;0;1
202100056452;100 993;7;3;0;9;17;1
202100056453;100 991;7;0;2;3;15;1
202100056453;100 992;43;12;0;3;1;1
202100056454;100 990;2;8;0;7;1;1
202100056455;100 989;7;2;0;1;1;1
202100056456;100 987;2;0;2;1;1;1
202100056456;100 988;7;0;2;2;19;1
202100056457;100 985;7;0;2;1;1;1
202100056457;100 986;7;0;2;7;1;1
202100056458;100 984;7;2;0;1;19;1
202100056459;100 983;7;2;0;3;1;1
202100056460;100 982;7;0;1;1;15;1
202100056461;100 980;7;0;2;1;1;1
202100056461;100 981;7;0;2;3;15;1
202100056462;100 979;7;8;0;1;1;1
202100056463;100 976;7;0;0;3;1;1
202100056463;100 977;7;0;0;3;19;1
202100056463;100 978;7;0;2;1;1;1
202100056464;100 975;7;3;0;2;1;1
202100056465;100 971;33;0;0;0;1;1
202100056466;100 970;7;0;1;2;1;1
202100056467;100 968;7;4;2;3;1;1
202100056467;100 969;7;0;2;2;1;1
202100056468;100 966;7;0;2;3;5;1
202100056468;100 967;7;0;2;6;1;1
202100056469;100 964;7;0;2;1;6;1
202100056469;100 965;7;0;2;1;1;1
202100056470;100 962;7;0;0;1;1;1
202100056470;100 963;7;0;0;1;5;1
202100056471;100 960;7;0;2;7;16;1
202100056471;100 961;32;0;2;3;1;1
202100056472;100 957;7;0;2;1;5;1
202100056472;100 958;10;0;2;3;1;1
202100056472;100 959;7;0;2;1;1;1
202100056473;100 956;36;1;0;1;1;1
202100056474;100 954;2;0;2;1;13;1
202100056474;100 955;2;0;2;1;1;1
202100056475;100 952;31;0;2;1;13;1
202100056475;100 953;10;0;2;1;15;1
202100056476;100 951;7;0;1;3;1;1
202100056477;100 950;7;17;0;3;1;1
202100056478;100 948;7;2;2;5;19;1
202100056478;100 949;7;0;2;1;1;1
202100056479;100 947;7;16;0;8;1;1
202100056480;100 945;7;0;2;8;9;1
202100056480;100 946;7;0;2;1;1;1
202100056481;100 943;7;8;2;1;14;1
202100056481;100 944;7;8;0;3;23;1
202100056482;100 941;7;0;9;2;1;1
202100056482;100 942;99;0;2;1;15;5
202100056483;100 938;7;0;2;1;1;1
202100056483;100 939;7;0;2;5;1;1
202100056483;100 940;7;0;2;4;1;1
202100056484;100 936;7;0;2;5;2;1
202100056484;100 937;7;0;2;1;2;1
202100056485;100 934;7;0;0;4;1;1
202100056485;100 935;7;0;2;1;1;1
202100056486;100 931;7;0;0;4;1;1
202100056486;100 932;7;0;2;4;1;1
202100056486;100 933;7;0;2;1;1;1
202100056487;100 930;0;0;1;0;1;0
202100056488;100 929;33;0;0;9;3;1
202100056489;100 927;33;0;2;1;2;1
202100056489;100 928;7;0;2;6;2;1
202100056490;100 925;7;0;2;5;1;1
202100056490;100 926;43;0;2;1;2;1
202100056491;100 923;7;0;2;2;1;1
202100056491;100 924;7;0;2;4;2;1
202100056492;100 922;7;4;0;1;9;1
202100056493;100 921;7;4;0;9;1;1
202100056494;100 919;7;0;2;6;2;1
202100056494;100 920;7;0;2;1;1;1
202100056495;100 918;7;0;0;9;2;1
202100056496;100 917;7;4;0;1;1;1
202100056497;100 916;7;5;0;2;1;1
202100056498;100 913;7;0;2;1;2;1
202100056498;100 914;7;0;2;4;2;1
202100056498;100 915;7;0;2;4;2;1
202100056499;100 910;7;0;2;1;2;1
202100056499;100 911;7;0;2;1;1;1
202100056499;100 912;7;0;2;4;2;1
202100056500;100 907;7;0;2;4;1;1
202100056500;100 908;7;0;2;5;1;2
202100056500;100 909;7;0;2;1;3;1
202100056501;100 906;7;4;0;2;14;1
202100056502;100 904;7;4;2;8;17;1
202100056502;100 905;7;0;2;8;1;1
202100056503;100 903;33;6;0;2;0;1
202100056504;100 902;7;6;0;1;13;1
202100056505;100 901;33;6;0;1;0;1
202100056506;100 900;7;5;0;3;13;1
202100056507;100 899;7;13;0;1;1;1
202100056508;100 898;1;0;0;8;1;5
202100056509;100 897;7;13;0;8;1;1
202100056510;100 894;7;0;0;4;2;1
202100056510;100 895;7;0;2;4;2;1
202100056510;100 896;7;0;2;1;2;1
202100056511;100 892;7;0;0;6;17;1
202100056511;100 893;33;0;2;1;2;1
202100056512;100 891;10;4;0;0;1;1
202100056513;100 889;7;13;2;1;2;1
202100056513;100 890;7;0;2;4;2;1
202100056514;100 888;7;5;0;3;0;1
202100056515;100 887;7;6;0;1;1;1
202100056516;100 885;7;0;2;1;5;1
202100056516;100 886;7;0;2;3;1;1
202100056517;100 884;7;6;0;5;6;1
202100056518;100 882;7;0;2;1;6;1
202100056518;100 883;7;0;2;1;1;1
202200000001;813 952;2;0;2;1;9;1
202200000001;813 953;7;0;2;2;1;1
202200000002;813 950;7;0;2;8;15;1
202200000002;813 951;10;0;2;1;1;1
202200000003;813 948;7;0;2;1;2;1
202200000003;813 949;7;0;2;4;2;1
202200000004;813 947;7;0;1;3;16;1
202200000005;813 945;7;0;2;4;1;1
202200000005;813 946;7;0;2;1;2;1
202200000006;813 944;10;0;1;3;15;1
202200000007;813 940;7;0;2;1;0;1
202200000007;813 941;7;1;0;1;0;1
202200000008;813 938;10;0;2;6;16;1
202200000008;813 939;2;0;2;1;1;1
202200000009;813 937;7;0;1;1;1;1
202200000010;813 936;7;0;1;2;0;1
202200000011;813 935;7;8;0;7;0;1
202200000012;813 933;33;0;2;1;1;1
202200000012;813 934;10;0;0;6;10;1
202200000013;813 932;7;0;1;1;1;1
202200000014;813 930;7;0;2;1;21;1
202200000014;813 931;7;0;2;1;13;1
202200000015;813 928;7;0;2;4;23;2
202200000015;813 929;7;7;2;1;2;1
202200000016;813 926;7;0;2;3;22;1
202200000016;813 927;1;0;2;1;1;5
202200000017;813 924;10;0;2;2;16;1
202200000017;813 925;1;0;2;0;1;5
202200000018;813 923;10;0;1;4;1;3
202200000019;813 921;32;0;2;1;1;3
202200000019;813 922;14;0;2;7;10;1
202200000020;813 919;33;0;2;1;1;1
202200000020;813 920;10;0;2;3;10;1
202200000021;813 917;14;0;2;3;1;6
202200000021;813 918;7;0;2;1;21;1
202200000022;813 916;7;1;0;7;1;2
202200000023;813 915;43;1;0;3;14;1
202200000024;813 914;7;0;1;1;15;1
202200000025;813 913;1;9;0;0;1;5
202200000026;813 911;30;0;2;1;1;1
202200000026;813 912;7;0;2;2;15;1
202200000027;813 910;1;0;1;1;1;5
202200000028;813 909;7;0;1;7;1;3
202200000029;813 908;7;0;1;1;15;1
202200000030;813 907;7;4;0;1;26;1
202200000031;813 906;7;0;1;3;15;1
202200000032;813 904;7;0;2;4;24;1
202200000032;813 905;7;1;0;1;20;2
202200000033;813 903;7;0;1;4;4;1
202200000034;813 901;2;0;2;3;1;1
202200000034;813 902;60;0;2;3;19;5
202200000035;813 900;7;0;1;1;26;2
202200000036;813 899;10;4;0;3;1;1
202200000037;813 898;7;0;1;2;15;1
202200000038;813 897;10;0;1;3;1;1
202200000039;813 895;7;0;2;3;1;1
202200000039;813 896;7;0;2;1;15;1
202200000040;813 894;7;0;1;1;26;1
202200000041;813 892;13;0;1;1;0;1
202200000041;813 893;7;0;1;3;0;1
202200000042;813 890;10;0;2;3;1;1
202200000042;813 891;7;0;2;0;0;0
202200000043;813 889;10;9;1;2;1;1
202200000044;813 887;7;0;2;1;1;1
202200000044;813 888;7;8;2;5;15;1
202200000045;813 885;32;0;0;5;13;1
202200000045;813 886;7;0;2;3;1;1
202200000046;813 883;1;0;2;0;1;5
202200000046;813 884;7;0;2;2;1;1
202200000047;813 881;7;0;0;0;0;1
202200000047;813 882;43;0;2;0;0;1
202200000048;813 878;7;0;2;4;26;1
202200000048;813 879;7;0;2;1;1;1
202200000048;813 880;7;0;2;4;26;1
202200000049;813 877;7;14;0;9;1;1
202200000050;813 876;7;12;1;3;2;0
202200000051;813 875;60;0;0;0;26;5
202200000052;813 874;7;8;1;1;14;1
202200000053;813 873;7;0;1;3;1;1
202200000054;813 871;10;0;2;1;2;1
202200000054;813 872;10;0;2;4;1;1
202200000055;813 870;7;0;1;3;15;1
202200000056;813 869;30;0;0;0;1;1
202200000057;813 867;7;0;2;4;23;1
202200000057;813 868;7;0;2;1;1;1
202200000058;813 865;1;0;2;2;1;5
202200000058;813 866;7;0;2;5;23;2
202200000059;813 863;10;0;2;5;23;1
202200000059;813 864;50;0;2;1;19;3
202200000060;813 861;7;0;2;1;15;1
202200000060;813 862;1;0;2;7;1;5
202200000061;813 860;37;0;2;2;1;1
202200000062;813 858;10;0;2;7;17;1
202200000062;813 859;1;0;2;0;1;5
202200000063;813 856;32;0;2;3;9;0
202200000063;813 857;3;0;2;3;15;0
202200000064;813 854;32;0;2;2;17;1
202200000064;813 855;7;0;0;6;20;1
202200000065;813 853;7;3;0;7;2;1
202200000066;813 852;32;0;0;9;1;1
202200000067;813 851;31;0;;0;0;0
202200000068;813 850;7;0;1;2;1;1
202200000069;813 848;99;0;2;2;1;1
202200000069;813 849;7;0;2;4;26;1
202200000070;813 847;14;0;1;7;1;1
202200000071;813 846;2;0;0;9;1;1
202200000072;813 844;7;0;2;1;1;1
202200000072;813 845;7;0;2;1;5;1
202200000073;813 842;14;0;2;3;1;1
202200000073;813 843;7;0;2;3;1;1
202200000074;813 841;7;15;0;9;0;1
202200000075;813 839;14;0;2;8;3;1
202200000075;813 840;7;0;2;8;1;1
202200000076;813 837;7;0;2;2;17;1
202200000076;813 838;33;0;2;3;15;1
202200000077;813 835;7;0;2;1;1;1
202200000077;813 836;7;0;2;3;16;1
202200000078;813 834;7;16;0;9;14;1
202200000079;813 832;7;0;2;1;1;1
202200000079;813 833;7;0;2;1;13;1
202200000080;813 830;7;0;2;3;1;1
202200000080;813 831;7;13;2;2;1;1
202200000081;813 829;7;0;1;2;1;1
202200000082;813 827;7;0;2;1;1;1
202200000082;813 828;17;0;2;1;1;1
202200000083;813 825;7;0;9;3;15;1
202200000083;813 826;80;0;2;1;1;3
202200000084;813 824;7;13;0;1;1;1
202200000085;813 823;7;0;0;0;21;1
202200000086;813 822;7;2;0;1;1;1
202200000087;813 820;7;0;2;3;9;1
202200000087;813 821;1;0;2;1;1;5
202200000088;813 819;7;2;0;2;1;1
202200000089;813 818;33;0;0;0;14;1
202200000090;813 817;7;13;0;1;1;1
202200000091;813 815;7;0;2;3;1;1
202200000091;813 816;7;0;2;3;13;1
202200000092;813 811;10;0;2;2;17;1
202200000092;813 812;1;0;2;6;1;5
202200000093;813 809;33;0;2;1;17;1
202200000093;813 810;7;0;9;3;13;1
202200000094;813 808;2;0;0;2;1;1
202200000095;813 805;7;0;2;1;9;1
202200000095;813 806;33;15;2;7;1;1
202200000096;813 804;7;2;0;2;14;1
202200000097;813 801;7;0;2;1;26;1
202200000097;813 802;7;0;2;9;26;1
202200000097;813 803;7;0;2;1;1;1
202200000098;813 799;7;0;2;1;1;1
202200000098;813 800;7;0;0;4;23;1
202200000099;813 798;7;0;1;3;1;1
202200000100;813 796;2;0;2;7;16;1
202200000100;813 797;33;8;2;8;1;1
202200000101;813 795;7;13;0;9;1;1
202200000102;813 793;7;0;2;1;0;1
202200000102;813 794;7;0;0;4;23;1
202200000103;813 791;7;0;2;3;13;2
202200000103;813 792;37;0;2;1;1;1
202200000104;813 789;17;0;0;6;1;1
202200000104;813 790;10;0;2;2;17;1
202200000105;813 788;7;8;0;1;1;1
202200000106;813 786;7;1;0;1;1;1
202200000106;813 787;7;0;0;8;24;1
202200000107;813 785;7;13;0;2;13;1
202200000108;813 783;10;0;2;3;1;1
202200000108;813 784;2;0;0;4;2;1
202200000109;813 781;7;0;2;3;1;1
202200000109;813 782;7;0;2;3;17;1
202200000110;813 780;31;12;0;0;17;1
202200000111;813 779;33;4;0;7;1;1
202200000112;813 777;2;0;2;1;0;1
202200000112;813 778;7;13;2;1;5;1
202200000113;813 776;7;2;0;3;1;1
202200000114;813 775;33;14;0;1;16;1
202200000115;813 773;33;0;2;1;18;1
202200000115;813 774;7;0;2;2;15;1
202200000116;813 771;7;0;2;1;13;1
202200000116;813 772;2;0;2;1;1;1
202200000117;813 770;33;4;0;2;13;1
202200000118;813 769;10;0;1;2;21;1
202200000119;813 767;7;0;2;3;1;1
202200000119;813 768;7;0;2;2;14;1
202200000120;813 765;7;0;2;5;17;1
202200000120;813 766;1;0;2;3;1;5
202200000121;813 764;7;0;1;1;1;1
202200000122;813 762;36;0;2;2;2;1
202200000122;813 763;36;0;2;6;1;1
202200000123;813 755;7;0;2;0;0;1
202200000123;813 756;10;0;2;1;1;1
202200000123;813 757;14;0;2;2;1;1
202200000123;813 758;7;0;2;4;1;1
202200000123;813 759;17;0;2;1;1;1
202200000123;813 760;7;0;2;0;0;1
202200000123;813 761;7;0;2;0;0;1
202200000124;813 752;7;0;2;2;1;1
202200000124;813 753;33;0;2;7;1;1
202200000124;813 754;7;0;2;8;11;1
202200000125;813 750;7;0;2;1;2;1
202200000125;813 751;33;0;2;4;23;1
202200000126;813 746;7;0;2;4;23;1
202200000126;813 747;7;0;2;4;23;1
202200000126;813 748;10;0;2;4;23;1
202200000126;813 749;10;0;2;1;2;1
202200000127;813 745;33;16;0;1;14;1
202200000128;813 743;33;0;2;4;2;1
202200000128;813 744;7;0;2;1;2;1
202200000129;813 742;7;4;0;1;1;1
202200000130;813 738;10;0;2;4;2;1
202200000130;813 739;10;0;2;8;2;1
202200000130;813 740;33;0;2;1;3;1
202200000130;813 741;7;0;2;5;2;1
202200000131;813 735;10;0;2;4;1;1
202200000131;813 736;7;0;2;4;1;1
202200000131;813 737;10;0;2;1;1;1
202200000132;813 733;7;0;2;3;9;1
202200000132;813 734;7;0;2;5;9;1
202200000133;813 732;7;4;0;1;1;1
202200000134;813 731;7;4;0;0;21;1
202200000135;813 729;7;0;9;1;1;1
202200000135;813 730;7;4;0;1;1;3
202200000136;813 727;7;0;2;4;2;1
202200000136;813 728;7;0;2;1;2;1
202200000137;813 725;7;0;2;6;11;1
202200000137;813 726;33;0;2;1;3;1
202200000138;813 720;7;0;2;1;1;2
202200000138;813 721;7;0;2;4;23;2
202200000138;813 722;7;0;2;7;1;1
202200000138;813 723;7;1;0;1;1;1
202200000138;813 724;10;1;0;1;2;1
202200000139;813 719;7;4;0;2;2;1
202200000140;813 715;7;0;2;3;1;1
202200000140;813 716;7;0;2;1;5;1
202200000141;813 713;7;0;2;8;1;1
202200000141;813 714;7;0;2;2;14;1
202200000142;813 710;7;0;2;8;1;1
202200000142;813 711;32;0;2;4;3;1
202200000142;813 712;32;0;2;1;3;1
202200000143;813 708;7;0;2;4;2;2
202200000143;813 709;33;0;2;1;2;1
202200000144;813 705;7;0;2;8;11;1
202200000144;813 706;7;0;2;5;1;1
202200000144;813 707;43;0;2;7;3;1
202200000145;813 702;10;0;2;4;2;1
202200000145;813 703;7;4;2;4;2;1
202200000145;813 704;7;0;2;1;2;1
202200000146;813 700;7;0;2;3;15;1
202200000146;813 701;80;0;2;1;1;3
202200000147;813 698;1;0;2;1;1;5
202200000147;813 699;7;0;2;0;17;0
202200000148;813 697;10;0;1;1;1;1
202200000149;813 696;32;0;1;1;1;1
202200000150;813 694;10;0;0;0;1;1
202200000150;813 695;30;0;0;0;9;1
202200000151;813 691;7;0;2;4;23;2
202200000151;813 692;7;0;2;4;23;1
202200000151;813 693;7;0;2;1;2;1
202200000152;813 690;1;0;0;0;21;5
202200000153;813 689;7;0;1;1;15;2
202200000154;813 688;7;0;1;2;1;1
202200000155;813 687;50;0;1;2;25;3
202200000156;813 685;7;0;2;2;1;1
202200000156;813 686;7;0;2;3;9;1