Num_Acc;id_vehicule;categorie_vehicule;obstacle_fixe;obstacle_mobile;point_choc_initial;manoeuvre_principale;motorisation
202200000157;813 684;1;0;1;1;1;5
202200000158;813 682;7;0;2;4;4;1
202200000158;813 683;10;0;2;1;2;1
202200000159;813 680;31;0;2;1;18;1
202200000159;813 681;7;0;2;3;15;0
202200000160;813 678;7;0;2;1;1;1
202200000160;813 679;7;0;2;7;16;1
202200000161;813 676;7;0;2;3;1;1
202200000161;813 677;50;0;2;2;16;3
202200000162;813 674;10;0;2;1;1;1
202200000162;813 675;7;0;2;7;1;1
202200000163;813 670;3;0;2;1;1;0
202200000163;813 671;3;0;2;8;1;0
202200000164;813 669;1;0;0;0;1;5
202200000165;813 667;1;0;2;1;16;5
202200000165;813 668;7;0;2;3;15;1
202200000166;813 665;7;0;2;1;9;1
202200000166;813 666;1;0;2;7;1;5
202200000167;813 663;2;0;2;1;13;1
202200000167;813 664;7;0;2;1;1;1
202200000168;813 662;7;0;1;0;0;
202200000169;813 661;30;4;0;8;13;1
202200000170;813 660;32;0;1;2;17;1
202200000171;813 659;7;1;0;1;1;1
202200000172;813 657;7;0;2;2;10;1
202200000172;813 658;32;0;2;3;1;1
202200000173;813 655;7;0;2;4;2;1
202200000173;813 656;10;0;2;1;2;1
202200000174;813 653;7;0;2;6;1;1
202200000174;813 654;15;0;2;2;12;1
202200000175;813 651;7;0;2;1;1;1
202200000175;813 652;7;0;2;3;1;1
202200000176;813 649;7;0;9;7;22;1
202200000176;813 650;1;1;0;2;14;5
202200000177;813 647;7;0;2;2;9;1
202200000177;813 648;33;0;2;1;1;1
202200000178;813 645;7;0;2;3;15;1
202200000178;813 646;30;0;2;3;15;1
202200000179;813 643;99;0;2;7;1;3
202200000179;813 644;7;0;2;2;16;1
202200000180;813 641;13;0;2;2;0;1
202200000180;813 642;7;0;2;6;9;2
202200000181;813 639;7;0;2;4;1;2
202200000181;813 640;33;0;2;1;2;1
202200000182;813 638;7;8;0;2;13;1
202200000183;813 636;10;0;2;4;1;1
202200000183;813 637;31;0;2;1;1;1
202200000184;813 634;7;0;2;1;1;1
202200000184;813 635;1;0;2;7;1;5
202200000185;813 632;7;0;2;1;1;1
202200000185;813 633;33;0;2;7;10;1
202200000186;813 631;10;0;1;1;15;1
202200000187;813 629;33;0;2;1;1;1
202200000187;813 630;50;0;2;8;15;3
202200000188;813 628;7;0;1;2;1;2
202200000189;813 627;30;0;1;1;1;3
202200000190;813 626;10;0;1;1;1;1
202200000191;813 624;30;0;2;7;1;1
202200000191;813 625;7;0;2;2;16;1
202200000192;813 623;7;0;1;1;5;1
202200000193;813 621;32;0;2;1;1;1
202200000193;813 622;7;0;2;3;15;1
202200000194;813 618;7;0;2;1;15;2
202200000194;813 619;43;0;2;1;2;1
202200000194;813 620;2;0;2;1;1;1
202200000195;813 617;7;0;1;0;0;1
202200000196;813 615;7;0;2;1;1;1
202200000196;813 616;2;0;2;1;1;1
202200000197;813 613;34;0;2;2;17;1
202200000197;813 614;7;0;2;1;21;1
202200000198;813 611;3;0;2;1;19;0
202200000198;813 612;32;0;2;8;1;1
202200000199;813 609;7;0;2;2;2;2
202200000199;813 610;7;0;2;6;24;1
202200000200;813 607;50;0;2;1;1;3
202200000200;813 608;7;0;2;3;1;1
202200000201;813 605;10;0;2;1;15;1
202200000201;813 606;30;0;2;1;15;1
202200000202;813 603;31;0;2;8;1;1
202200000202;813 604;7;0;2;3;15;1
202200000203;813 602;1;0;0;1;15;5
202200000204;813 600;80;0;2;8;1;3
202200000204;813 601;7;0;2;1;1;1
202200000205;813 599;7;0;1;1;16;1
202200000206;813 598;7;7;0;1;1;1
202200000207;813 597;7;6;0;1;1;1
202200000208;813 596;7;13;0;3;1;1
202200000209;813 594;7;0;2;1;1;1
202200000209;813 595;7;0;2;7;1;1
202200000210;813 593;33;13;0;1;1;1
202200000211;813 591;31;0;2;8;0;1
202200000211;813 592;7;0;0;7;0;0
202200000212;813 590;10;13;0;2;1;1
202200000213;813 589;7;16;0;2;14;1
202200000214;813 588;7;0;1;7;1;1
202200000215;813 587;33;12;0;7;23;1
202200000216;813 585;33;0;0;8;1;1
202200000217;813 583;7;0;9;1;1;1
202200000217;813 584;1;12;2;6;14;5
202200000218;813 581;7;0;0;0;13;0
202200000218;813 582;7;2;0;1;14;1
202200000219;813 579;7;0;2;2;15;1
202200000219;813 580;33;0;2;1;1;1
202200000220;813 577;7;0;2;7;1;1
202200000220;813 578;2;0;2;1;1;1
202200000221;813 576;7;2;0;3;16;1
202200000222;813 575;2;0;0;0;16;1
202200000223;813 574;7;0;1;2;1;2
202200000224;813 572;10;0;2;2;2;1
202200000224;813 573;7;1;2;5;2;1
202200000225;813 571;7;17;0;0;1;1
202200000226;813 569;7;0;9;2;2;1
202200000226;813 570;1;0;0;4;2;5
202200000227;813 568;7;6;0;3;13;1
202200000228;813 565;7;13;0;3;1;1
202200000229;813 564;2;8;0;0;0;1
202200000230;813 562;33;0;2;2;17;1
202200000230;813 563;7;0;2;3;15;1
202200000231;813 560;7;0;2;1;13;1
202200000231;813 561;15;0;2;3;21;1
202200000232;813 559;31;15;0;1;1;1
202200000233;813 557;7;6;2;3;1;1
202200000233;813 558;7;0;2;2;19;1
202200000234;813 556;33;3;0;2;1;1
202200000235;813 555;7;2;0;2;19;1
202200000236;813 554;33;4;0;1;1;1
202200000237;813 553;7;0;1;2;1;1
202200000238;813 551;10;0;2;3;19;1
202200000238;813 552;31;0;2;1;1;1
202200000239;813 549;15;0;2;1;1;1
202200000239;813 550;7;0;2;1;13;1
202200000240;813 547;7;0;0;4;2;1
202200000240;813 548;33;0;2;1;0;1
202200000241;813 545;7;0;0;8;1;1
202200000241;813 546;7;0;2;1;16;1
202200000242;813 544;7;8;0;3;17;1
202200000243;813 542;7;0;2;3;13;1
202200000243;813 543;7;0;2;8;1;1
202200000244;813 540;7;0;0;1;13;1
202200000244;813 541;7;0;0;3;1;1
202200000245;813 538;31;0;2;7;2;1
202200000245;813 539;7;0;2;3;2;1
202200000246;813 536;10;0;2;1;1;1
202200000246;813 537;7;9;2;6;1;1
202200000247;813 535;33;13;0;2;17;1
202200000248;813 531;7;0;0;6;23;2
202200000248;813 532;7;0;2;8;1;1
202200000248;813 533;33;0;0;6;23;1
202200000248;813 534;33;0;2;9;1;1
202200000249;813 530;7;13;0;1;1;1
202200000250;813 529;7;0;1;3;0;1
202200000251;813 527;80;0;2;7;1;3
202200000251;813 528;21;0;9;3;16;1
202200000252;813 525;7;0;2;2;1;1
202200000252;813 526;31;0;0;4;1;1
202200000253;813 523;7;0;2;2;2;1
202200000253;813 524;1;0;2;8;13;5
202200000254;813 520;7;0;2;1;1;1
202200000254;813 521;7;0;2;4;1;1
202200000254;813 522;7;0;0;4;1;1
202200000255;813 518;7;0;2;3;1;1
202200000255;813 519;7;0;2;2;1;1
202200000256;813 517;0;0;1;0;0;0
202200000257;813 515;50;0;2;0;1;3
202200000257;813 516;15;0;9;1;9;1
202200000258;813 514;33;0;0;0;1;1
202200000259;813 511;7;4;2;4;2;1
202200000259;813 512;7;4;2;5;2;1
202200000259;813 513;7;4;2;1;2;1
202200000260;813 509;7;4;2;6;24;1
202200000260;813 510;7;4;2;1;14;1
202200000261;813 506;7;0;2;4;0;1
202200000261;813 507;7;0;2;4;2;1
202200000261;813 508;10;0;2;1;2;1
202200000262;813 504;31;0;2;2;1;3
202200000262;813 505;7;0;2;6;1;1
202200000263;813 502;7;3;2;1;2;1
202200000263;813 503;7;0;2;4;0;1
202200000264;813 500;10;0;2;4;0;0
202200000264;813 501;33;0;2;1;0;1
202200000265;813 498;7;0;2;2;2;1
202200000265;813 499;33;0;2;3;12;1
202200000266;813 496;7;0;2;4;2;1
202200000266;813 497;7;0;2;1;0;1
202200000267;813 495;3;0;1;1;1;1
202200000268;813 491;7;0;2;1;13;1
202200000268;813 492;7;0;2;3;23;1
202200000268;813 493;7;0;2;2;23;1
202200000269;813 489;7;0;2;6;9;1
202200000269;813 490;7;0;2;3;1;1
202200000270;813 488;7;0;1;1;1;1
202200000271;813 487;7;0;1;1;1;1
202200000272;813 485;7;0;2;1;1;1
202200000272;813 486;7;0;2;2;15;1
202200000273;813 483;7;0;2;1;9;1
202200000273;813 484;7;0;2;2;1;2
202200000274;813 481;7;0;2;7;1;1
202200000274;813 482;7;0;2;2;1;1
202200000275;813 478;7;0;2;1;2;1
202200000275;813 480;7;0;2;4;2;1
202200000276;813 477;7;0;2;3;1;0
202200000276;813 479;32;0;2;1;5;1
202200000277;813 474;10;0;2;1;1;1
202200000277;813 476;34;0;2;1;13;1
202200000278;813 473;10;0;2;8;17;1
202200000278;813 475;33;0;2;7;17;1
202200000279;813 470;7;0;2;5;2;1
202200000279;813 472;7;0;2;6;2;1
202200000280;813 469;7;0;2;3;1;1
202200000280;813 471;3;0;2;3;0;1
202200000281;813 466;7;10;0;1;1;1
202200000282;813 467;7;0;2;1;1;1
202200000282;813 468;7;0;2;6;15;1
202200000283;813 463;7;0;1;2;15;1
202200000284;813 464;7;0;2;6;15;1
202200000284;813 465;7;0;2;3;1;1
202200000285;813 460;33;0;0;4;1;1
202200000285;813 462;7;0;2;1;1;1
202200000286;813 459;32;0;2;1;1;1
202200000286;813 461;7;0;2;7;15;1
202200000287;813 456;2;0;2;2;21;1
202200000287;813 458;10;0;2;6;16;1
202200000288;813 455;7;0;2;3;1;1
202200000288;813 457;33;0;2;1;1;1
202200000289;813 454;2;0;0;0;0;1
202200000290;813 453;37;0;1;0;1;0
202200000291;813 450;7;0;2;3;5;1
202200000291;813 451;7;0;2;3;1;1
202200000292;813 449;33;0;0;7;1;1
202200000293;813 445;2;0;2;3;9;1
202200000293;813 446;7;0;2;2;1;1
202200000294;813 444;7;0;1;3;1;1
202200000295;813 440;7;0;2;8;1;1
202200000295;813 442;10;0;2;1;19;1
202200000296;813 441;10;0;2;2;0;0
202200000296;813 443;7;4;2;2;5;1
202200000297;813 438;15;0;1;1;1;1
202200000298;813 439;33;12;0;1;2;1
202200000299;813 435;7;0;2;0;0;1
202200000299;813 437;2;0;2;0;0;1
202200000300;813 433;34;3;2;7;3;1
202200000300;813 434;7;3;2;6;1;1
202200000300;813 436;7;0;2;8;1;1
202200000301;813 432;50;1;0;7;1;3
202200000302;813 429;10;0;2;4;1;1
202200000302;813 431;7;0;2;1;2;1
202200000303;813 428;80;0;2;1;1;3
202200000303;813 430;7;0;2;3;15;1
202200000304;813 427;7;3;0;1;14;1
202200000305;813 422;7;1;0;2;2;1
202200000305;813 426;7;1;0;3;2;0
202200000306;813 420;7;0;2;4;1;1
202200000306;813 421;7;0;2;4;2;1
202200000306;813 423;7;0;2;4;1;1
202200000306;813 424;7;0;2;4;0;1
202200000306;813 425;7;0;2;1;2;1
202200000307;813 418;7;0;2;2;15;1
202200000307;813 419;30;0;2;1;1;0
202200000308;813 416;10;0;2;6;2;1
202200000308;813 417;17;0;2;1;2;1
202200000309;813 414;2;0;2;1;19;1
202200000309;813 415;7;0;2;8;1;1
202200000310;813 412;33;0;2;1;2;1
202200000310;813 413;7;0;2;5;1;1
202200000311;813 411;33;0;0;0;1;1
202200000312;813 410;7;1;0;1;14;1
202200000313;813 406;7;0;2;1;1;1
202200000313;813 408;7;0;2;2;1;1
202200000314;813 405;7;0;2;4;1;1
202200000314;813 407;7;0;2;1;1;1
202200000314;813 409;7;0;2;4;1;1
202200000315;813 402;32;0;2;1;1;1
202200000315;813 404;7;0;2;3;21;2
202200000316;813 403;7;4;0;2;1;1
202200000317;813 401;7;0;1;2;1;1
202200000318;813 399;33;0;2;3;3;1
202200000318;813 400;10;0;2;2;12;1
202200000319;813 398;1;15;0;1;26;5
202200000320;813 395;10;0;2;7;15;1
202200000320;813 397;7;0;2;2;1;1
202200000321;813 394;33;0;2;8;3;1
202200000321;813 396;7;0;2;7;1;1
202200000322;813 390;80;0;2;8;25;3
202200000322;813 393;7;0;2;1;19;1
202200000323;813 388;10;9;0;1;1;1
202200000324;813 389;7;0;2;8;11;1
202200000324;813 391;15;0;2;2;1;1
202200000324;813 392;7;0;2;7;1;1
202200000325;813 387;7;0;1;3;7;1
202200000326;813 383;7;0;2;8;2;1
202200000326;813 384;7;0;2;4;2;1
202200000326;813 385;7;0;2;9;2;1
202200000326;813 386;10;0;2;1;2;1
202200000327;813 380;10;0;2;4;1;1
202200000327;813 381;31;0;2;1;21;1
202200000328;813 377;7;0;2;4;2;1
202200000328;813 378;32;0;2;1;2;1
202200000329;813 379;10;0;2;1;1;1
202200000329;813 382;7;8;0;3;2;1
202200000330;813 375;7;13;0;3;13;1
202200000331;813 374;7;0;2;1;1;1
202200000331;813 376;7;0;2;4;2;1
202200000332;813 371;37;0;2;5;17;1
202200000332;813 373;1;0;2;8;1;5
202200000333;813 370;7;0;2;2;9;1
202200000333;813 372;7;0;2;6;1;2
202200000334;813 365;7;0;0;4;2;1
202200000334;813 367;10;0;0;4;2;1
202200000334;813 369;7;0;2;1;2;1
202200000335;813 364;14;0;2;2;12;1
202200000335;813 366;7;1;2;6;1;1
202200000335;813 368;7;0;2;1;1;2
202200000336;813 363;7;3;0;1;14;1
202200000337;813 362;7;2;0;1;1;1
202200000338;813 361;7;0;1;1;1;1
202200000339;813 360;30;16;0;1;2;3
202200000340;813 358;7;0;2;0;11;1
202200000340;813 359;7;0;2;2;1;1
202200000341;813 355;7;0;2;7;15;1
202200000341;813 357;7;0;2;1;9;1
202200000342;813 354;7;0;2;1;15;1
202200000342;813 356;1;0;2;7;19;5
202200000343;813 351;15;0;2;2;12;1
202200000343;813 352;7;0;2;6;1;1
202200000344;813 350;7;0;2;5;15;1
202200000344;813 353;7;0;2;1;16;1
202200000345;813 346;7;0;2;3;1;1
202200000345;813 348;32;0;2;8;1;1
202200000345;813 349;33;0;2;0;0;0
202200000346;813 345;7;0;2;4;23;1
202200000346;813 347;7;0;2;1;1;1
202200000347;813 344;7;1;0;6;14;1
202200000348;813 341;7;8;0;2;13;1
202200000349;813 340;0;0;1;1;1;0
202200000350;813 338;33;0;2;1;26;1
202200000350;813 339;7;0;2;2;15;1
202200000351;813 336;10;0;2;8;15;1
202200000351;813 337;7;0;2;1;1;1
202200000352;813 334;7;0;2;7;9;1
202200000352;813 335;7;0;2;1;1;1
202200000353;813 333;7;6;0;1;15;1
202200000354;813 331;14;0;0;0;1;1
202200000354;813 332;10;0;0;0;0;0
202200000355;813 329;7;0;2;8;1;1
202200000355;813 330;7;0;2;3;13;1
202200000356;813 328;7;0;1;2;15;1
202200000357;813 325;10;0;2;1;2;1
202200000357;813 326;7;0;2;4;2;1
202200000357;813 327;7;0;2;4;2;1
202200000358;813 323;7;0;2;1;1;2
202200000358;813 324;7;0;2;2;1;1
202200000359;813 321;7;0;2;4;2;1
202200000359;813 322;7;0;2;2;2;1
202200000360;813 319;2;0;2;8;9;1
202200000360;813 320;7;0;2;7;1;1
202200000361;813 317;7;0;2;4;16;1
202200000361;813 318;33;0;2;1;1;1
202200000362;813 315;1;0;2;2;1;5
202200000362;813 316;7;0;2;1;15;1
202200000363;813 313;7;0;2;2;1;1
202200000363;813 314;80;0;2;3;15;3
202200000364;813 311;7;0;2;1;15;1
202200000364;813 312;31;0;2;8;1;1
202200000365;813 309;7;0;2;3;10;1
202200000365;813 310;33;0;2;1;2;1
202200000366;813 308;7;0;1;1;15;1
202200000367;813 306;32;0;2;8;1;1
202200000367;813 307;7;0;2;3;15;1
202200000368;813 303;30;0;2;1;1;1
202200000368;813 304;7;0;2;6;23;1
202200000368;813 305;7;0;2;3;1;1
202200000369;813 301;33;0;2;3;1;1
202200000369;813 302;7;0;2;1;15;1
202200000370;813 300;10;6;0;1;26;1
202200000371;813 296;7;0;2;1;1;1
202200000371;813 297;50;0;2;8;1;3
202200000372;813 293;7;0;2;4;2;1
202200000372;813 294;7;0;2;4;2;1
202200000372;813 295;7;0;2;1;2;1
202200000373;813 292;37;0;0;0;1;1
202200000374;813 290;7;0;2;2;15;1
202200000374;813 291;32;0;2;1;1;1
202200000375;813 288;7;4;2;1;1;1
202200000375;813 289;10;0;2;8;1;1
202200000376;813 287;7;0;1;8;1;1
202200000377;813 285;1;0;2;8;9;5
202200000377;813 286;7;0;2;2;1;1
202200000378;813 284;7;0;2;2;19;1
202200000379;813 283;7;9;0;1;1;1
202200000380;813 281;1;0;2;1;15;5
202200000380;813 282;7;0;9;5;16;1
202200000381;813 280;1;0;1;2;1;5
202200000382;813 278;7;0;2;3;0;1
202200000382;813 279;7;0;2;1;15;1
202200000383;813 276;1;0;2;1;1;5
202200000383;813 277;38;0;2;4;4;0
202200000384;813 274;7;0;2;8;9;1
202200000384;813 275;41;0;2;2;1;3
202200000385;813 273;33;0;1;2;1;1
202200000386;813 271;30;0;2;2;17;3
202200000386;813 272;10;0;2;3;2;1
202200000387;813 270;7;0;0;0;1;1
202200000388;813 268;7;0;2;4;1;1
202200000388;813 269;7;0;2;1;1;1
202200000389;813 267;10;14;0;1;14;1
202200000390;813 266;10;2;0;1;14;1
202200000391;813 264;43;0;2;3;2;1
202200000391;813 265;7;0;2;5;2;1
202200000392;813 262;1;0;2;4;2;5
202200000392;813 263;7;0;2;1;2;0
202200000393;813 260;10;10;2;5;1;1
202200000393;813 261;32;0;2;2;1;1
202200000394;813 258;1;0;2;0;13;5
202200000394;813 259;1;0;2;0;1;5
202200000395;813 255;7;0;2;4;2;1
202200000395;813 256;7;0;2;1;2;3
202200000395;813 257;7;0;2;1;2;1
202200000396;813 253;43;0;2;8;17;1
202200000396;813 254;37;0;2;8;15;1
202200000397;813 251;30;0;2;0;1;1
202200000397;813 252;7;0;2;0;1;0
202200000398;813 250;1;0;1;0;1;5
202200000399;813 249;7;14;2;2;12;1
202200000400;813 248;32;12;0;9;15;1
202200000401;813 246;32;0;2;3;1;1
202200000401;813 247;31;0;2;1;1;1
202200000402;813 244;7;0;2;3;15;1
202200000402;813 245;1;0;2;2;1;5
202200000403;813 243;1;0;0;1;1;5
202200000404;813 241;80;0;2;8;5;3
202200000404;813 242;7;0;2;3;1;2
202200000405;813 239;7;0;2;2;15;2
202200000405;813 240;1;0;2;1;1;5
202200000406;813 238;43;14;0;1;12;1
202200000407;813 237;1;0;0;5;1;5
202200000408;813 235;2;0;2;1;17;1
202200000408;813 236;7;0;2;3;26;1
202200000409;813 233;1;0;2;4;1;5
202200000409;813 234;32;0;2;1;2;1
202200000410;813 231;7;0;2;1;2;1
202200000410;813 232;7;0;2;4;2;2
202200000411;813 230;1;0;0;0;15;5
202200000412;813 228;7;0;2;2;1;1
202200000412;813 229;50;0;2;1;1;3
202200000413;813 227;37;0;1;5;1;6
202200000414;813 225;1;0;2;1;2;5
202200000414;813 226;7;0;2;2;16;1
202200000415;813 224;33;0;1;1;15;1
202200000416;813 222;7;0;2;1;2;1
202200000416;813 223;7;0;2;4;9;1
202200000417;813 220;7;0;2;1;1;1
202200000417;813 221;60;0;2;1;19;5
202200000418;813 219;7;0;1;3;1;1
202200000419;813 218;50;0;1;1;1;3
202200000420;813 217;7;0;1;3;1;1
202200000421;813 216;0;0;1;0;1;0
202200000422;813 214;30;0;2;1;5;0
202200000422;813 215;34;0;2;1;1;0
202200000423;813 212;7;0;2;8;10;1
202200000423;813 213;7;0;2;4;26;1
202200000424;813 210;10;0;2;3;0;0
202200000424;813 211;1;1;2;1;0;5
202200000425;813 208;7;0;2;3;2;1
202200000425;813 209;32;0;2;7;26;1
202200000426;813 206;50;1;0;3;1;3
202200000426;813 207;7;1;0;1;24;0
202200000427;813 204;1;0;2;1;1;5
202200000427;813 205;1;0;2;4;1;5
202200000428;813 202;7;0;2;1;1;1
202200000428;813 203;7;0;2;8;15;1
202200000429;813 200;7;0;2;3;16;3
202200000429;813 201;33;11;0;2;1;1
202200000430;813 198;33;0;2;3;1;1
202200000430;813 199;7;0;2;7;15;1
202200000431;813 194;7;0;2;1;13;1
202200000431;813 196;7;0;2;1;1;1
202200000432;813 195;7;4;2;1;21;1
202200000432;813 197;17;0;0;6;26;1
202200000433;813 191;34;0;2;1;13;1
202200000433;813 193;7;0;2;1;1;1
202200000434;813 189;7;0;2;4;2;1
202200000434;813 190;7;1;2;1;2;1
202200000435;813 188;31;0;2;2;2;1
202200000435;813 192;7;0;2;3;15;1
202200000436;813 187;7;0;0;9;17;1
202200000437;813 182;7;14;2;1;2;1
202200000437;813 184;7;0;1;0;23;1
202200000438;813 183;7;0;2;1;10;1
202200000438;813 185;2;0;2;3;1;1
202200000439;813 181;7;17;0;1;14;1
202200000440;813 178;7;0;2;1;13;1
202200000440;813 179;7;0;0;1;1;1
202200000441;813 177;7;0;2;3;15;1
202200000441;813 180;33;0;2;2;17;1
202200000442;813 176;33;16;0;1;0;1
202200000443;813 174;50;0;2;8;2;3
202200000443;813 175;7;0;2;5;13;1
202200000444;813 173;33;0;0;1;1;1
202200000445;813 171;7;0;2;3;1;1
202200000445;813 172;33;0;2;1;5;1
202200000446;813 170;1;0;0;0;1;5
202200000447;813 169;7;0;1;2;1;1
202200000448;813 167;7;2;2;1;1;1
202200000448;813 168;7;0;2;2;14;1
202200000449;813 166;7;13;0;9;0;1
202200000450;813 165;7;0;1;3;13;0
202200000451;813 163;3;2;0;1;13;1
202200000452;813 162;1;0;2;1;1;5
202200000452;813 164;60;0;2;7;19;5
202200000453;813 160;33;0;0;1;21;1
202200000454;813 159;7;0;2;1;1;1
202200000454;813 161;7;0;2;2;15;1
202200000455;813 157;33;15;0;1;1;1
202200000456;813 156;7;0;2;2;0;1
202200000456;813 158;33;0;2;7;0;1
202200000457;813 154;1;0;2;1;1;5
202200000457;813 155;7;0;0;7;15;1
202200000458;813 153;7;0;0;8;1;1
202200000459;813 149;10;0;2;1;1;1
202200000459;813 150;7;0;2;4;23;2
202200000459;813 152;7;0;2;4;23;1
202200000460;813 148;7;13;0;1;13;1
202200000461;813 147;7;0;2;2;15;1
202200000461;813 151;3;6;0;3;1;1
202200000462;813 145;7;0;0;3;1;1
202200000463;813 144;1;0;2;8;1;5
202200000463;813 146;10;0;2;8;1;1
202200000464;813 141;7;0;2;9;2;1
202200000464;813 142;7;0;2;1;1;1
202200000464;813 143;7;0;2;3;21;1
202200000465;813 138;7;0;2;1;1;1
202200000465;813 140;7;0;2;0;0;0
202200000466;813 136;7;0;0;7;1;1
202200000466;813 139;7;0;2;1;9;1
202200000467;813 135;7;0;2;8;15;1
202200000467;813 137;30;0;2;8;1;1
202200000468;813 131;7;0;2;3;1;1
202200000468;813 133;7;0;2;3;13;2
202200000469;813 132;7;0;2;2;15;1
202200000469;813 134;7;0;2;1;1;0
202200000470;813 129;7;0;2;1;1;1
202200000470;813 130;7;0;2;9;1;1
202200000471;813 127;7;0;2;1;2;1
202200000471;813 128;7;15;2;4;16;0
202200000472;813 126;10;13;0;3;1;1
202200000473;813 125;7;0;1;5;1;1
202200000474;813 121;99;0;2;1;2;0
202200000474;813 123;7;0;2;7;16;1
202200000475;813 119;7;0;2;1;1;1
202200000475;813 124;7;0;2;1;26;1
202200000476;813 120;7;0;2;1;13;1
202200000476;813 122;7;0;2;1;1;1
202200000477;813 117;7;8;0;9;21;1
202200000478;813 116;7;10;0;1;1;1
202200000479;813 113;7;15;2;1;17;1
202200000479;813 115;37;0;2;3;1;1
202200000479;813 118;7;0;2;4;1;1
202200000480;813 111;7;0;9;2;1;1
202200000480;813 114;1;0;2;8;13;5
202200000481;813 110;30;0;2;1;5;1
202200000481;813 112;38;0;2;1;1;1
202200000482;813 108;7;0;1;2;16;1
202200000483;813 107;7;0;0;1;0;1
202200000484;813 109;7;0;1;1;1;0
202200000485;813 105;10;0;0;0;1;1
202200000486;813 106;7;8;0;1;1;1
202200000487;813 103;7;0;2;2;1;2
202200000487;813 104;1;0;2;3;19;5
202200000488;813 100;10;0;2;2;19;1
202200000488;813 102;33;0;2;1;1;1
202200000489;813 098;7;0;2;2;16;1
202200000489;813 099;50;0;0;3;16;3
202200000490;813 096;33;0;2;1;13;1
202200000490;813 097;7;0;2;1;1;1
202200000491;813 095;10;0;1;0;1;1
202200000492;813 094;7;0;1;1;1;1
202200000493;813 092;30;0;2;1;1;1
202200000493;813 093;33;0;2;1;1;1
202200000494;813 091;7;0;1;7;2;2
202200000495;813 090;7;0;1;4;4;1
202200000496;813 086;7;0;2;4;2;1
202200000496;813 088;1;0;2;1;2;5
202200000497;813 087;1;0;2;5;1;5
202200000497;813 089;7;0;2;3;9;1
202200000498;813 084;2;0;0;0;1;1
202200000499;813 085;7;13;0;3;0;1
202200000500;813 083;7;0;1;1;1;1
202200000501;813 082;7;15;0;3;1;1
202200000502;813 080;7;13;0;1;26;1
202200000503;813 079;7;0;0;4;19;1
202200000503;813 081;33;0;2;7;21;1
202200000504;813 077;50;0;2;1;9;3
202200000504;813 078;7;0;2;2;1;1
202200000505;813 076;7;0;1;1;1;1
202200000506;813 075;7;2;0;3;13;1
202200000507;813 072;1;0;0;8;19;5
202200000507;813 073;7;0;9;2;1;1
202200000508;813 071;10;0;0;4;2;1
202200000508;813 074;7;0;2;4;2;1
202200000509;813 068;7;0;2;1;1;1
202200000509;813 070;15;0;2;6;1;1
202200000510;813 067;2;0;2;1;5;1
202200000510;813 069;7;0;2;3;0;1
202200000511;813 063;7;0;2;2;7;2
202200000511;813 066;7;0;2;3;9;1
202200000512;813 064;;0;1;0;0;0
202200000513;813 062;15;0;2;4;2;1
202200000513;813 065;10;0;2;1;2;1
202200000514;813 061;36;12;0;3;1;1
202200000515;813 060;7;0;1;2;15;1
202200000516;813 058;7;16;0;0;14;1
202200000517;813 057;7;0;1;2;1;1
202200000518;813 055;80;0;2;1;1;3
202200000518;813 059;7;0;2;3;16;1
202200000519;813 054;7;0;2;1;2;1
202200000519;813 056;2;0;0;4;2;0
202200000520;813 051;7;0;2;2;1;1
202200000520;813 053;7;0;2;2;1;1
202200000521;813 050;32;1;0;2;1;1
202200000522;813 049;2;0;2;1;1;1
202200000522;813 052;10;0;0;6;15;1
202200000523;813 048;7;0;0;1;1;1
202200000524;813 045;7;0;2;4;23;1
202200000524;813 046;10;0;2;1;1;1
202200000525;813 041;10;0;2;6;0;1
202200000525;813 044;33;0;2;1;0;1
202200000526;813 042;7;4;0;3;21;1
202200000527;813 039;7;0;2;1;1;1
202200000527;813 040;99;0;2;1;19;5
202200000528;813 038;7;0;0;9;1;1
202200000529;813 036;7;0;1;7;1;1
202200000530;813 033;2;;2;4;2;1
202200000530;813 034;7;0;2;1;1;1
202200000531;813 031;7;0;2;8;15;1
202200000531;813 035;14;0;2;1;1;1
202200000532;813 030;7;0;2;1;1;1
202200000532;813 043;7;0;2;1;5;1
202200000533;813 032;7;0;2;3;15;1
202200000533;813 037;7;0;2;1;1;1
202200000534;813 027;33;0;0;1;21;1
202200000535;813 024;7;0;2;4;2;1
202200000535;813 026;7;0;2;4;2;1
202200000535;813 028;7;0;2;4;2;1
202200000535;813 029;7;0;2;1;2;1
202200000536;813 022;7;0;2;2;15;1
202200000536;813 025;33;0;2;1;1;1
202200000537;813 020;7;0;2;1;5;1
202200000537;813 023;7;0;2;1;0;1
202200000538;813 019;7;0;2;1;1;1
202200000538;813 021;7;0;2;1;1;1
202200000539;813 018;7;3;0;3;0;1
202200000540;813 014;7;0;2;3;15;1
202200000540;813 016;34;0;2;8;0;1
202200000541;813 015;2;0;0;8;1;1
202200000542;813 012;7;0;1;1;0;1
202200000543;813 011;33;0;2;9;17;1
202200000543;813 013;7;0;2;1;1;1
202200000543;813 017;7;0;2;6;1;1
202200000544;813 006;33;10;0;8;1;1
202200000545;813 007;7;1;2;1;2;1
202200000545;813 010;7;0;0;4;23;1
202200000546;813 005;7;0;0;4;;
202200000546;813 009;43;;2;1;17;
202200000547;813 004;7;0;2;8;13;1
202200000547;813 008;7;0;2;8;1;1
202200000548;813 002;7;16;0;0;13;1
202200000549;813 000;7;14;2;1;1;1
202200000549;813 001;7;1;2;4;23;1
202200000550;812 999;10;0;0;3;1;1
202200000550;813 003;33;2;2;3;17;1
202200000551;812 994;7;13;0;1;1;1
202200000552;812 993;7;0;2;3;15;1
202200000552;812 997;32;0;2;2;17;1