Num_Acc;id_vehicule;categorie_vehicule;obstacle_fixe;obstacle_mobile;point_choc_initial;manoeuvre_principale;motorisation
202200000553;812 995;7;0;2;6;2;1
202200000553;812 998;7;0;2;1;2;1
202200000554;812 992;14;0;2;2;1;1
202200000554;812 996;33;4;2;1;5;1
202200000555;812 991;7;0;1;4;4;1
202200000556;812 990;7;7;1;1;1;1
202200000557;812 987;7;0;2;1;13;1
202200000557;812 989;7;0;2;1;1;1
202200000558;812 988;7;6;0;2;0;1
202200000559;812 985;36;13;0;3;1;1
202200000560;812 982;7;0;2;1;13;1
202200000560;812 986;7;0;0;1;1;1
202200000561;812 984;2;0;0;8;1;1
202200000562;812 981;43;0;2;1;1;1
202200000562;812 983;7;0;2;8;15;1
202200000563;812 980;10;0;1;2;2;1
202200000564;812 977;7;0;2;3;10;1
202200000564;812 979;32;0;2;3;21;1
202200000565;812 975;33;0;2;3;1;1
202200000565;812 978;10;0;2;8;17;1
202200000566;812 973;7;0;2;1;1;1
202200000566;812 976;7;0;2;3;9;1
202200000567;812 972;10;0;0;1;14;1
202200000568;812 971;7;0;2;3;15;1
202200000568;812 974;33;0;2;1;17;1
202200000569;812 968;50;0;0;0;0;3
202200000570;812 967;10;0;2;1;1;1
202200000570;812 970;7;0;2;1;1;1
202200000571;812 966;7;0;1;2;19;1
202200000572;812 965;7;13;0;2;1;1
202200000572;812 969;7;0;0;0;17;0
202200000573;812 964;10;0;1;1;1;3
202200000574;812 963;2;15;0;7;0;1
202200000575;812 960;2;0;2;0;5;1
202200000575;812 962;7;0;2;0;17;0
202200000576;812 961;7;2;0;1;1;1
202200000577;812 957;7;0;2;2;1;1
202200000577;812 959;33;0;2;1;1;1
202200000578;812 954;10;0;2;2;2;1
202200000578;812 956;1;0;2;6;1;5
202200000579;812 953;50;0;0;1;1;3
202200000580;812 949;7;16;0;2;14;1
202200000581;812 948;7;0;2;1;5;1
202200000581;812 951;7;0;2;1;2;1
202200000581;812 952;7;0;2;1;2;1
202200000582;812 944;2;0;2;1;2;1
202200000582;812 947;7;0;2;8;15;1
202200000583;812 941;7;0;2;4;23;1
202200000583;812 942;7;0;2;4;2;1
202200000583;812 945;7;0;2;1;2;1
202200000584;812 940;7;3;0;2;14;1
202200000585;812 939;7;0;0;4;2;1
202200000585;812 943;7;0;2;4;2;1
202200000585;812 946;7;13;2;5;2;1
202200000585;812 950;10;0;2;1;2;1
202200000586;812 937;34;0;0;0;1;1
202200000587;812 936;10;0;2;3;13;1
202200000587;812 938;10;0;2;7;1;1
202200000588;812 933;7;0;2;8;1;1
202200000588;812 934;32;0;2;7;13;1
202200000589;812 930;0;0;2;1;0;0
202200000589;812 931;10;0;2;4;1;1
202200000590;812 932;80;0;0;8;2;3
202200000590;812 935;7;0;2;7;17;1
202200000591;812 927;7;0;2;1;2;1
202200000591;812 929;7;0;2;4;2;1
202200000592;812 926;7;0;0;4;23;1
202200000592;812 928;1;0;2;1;1;5
202200000593;812 921;20;0;1;2;1;1
202200000594;812 920;7;0;2;5;2;1
202200000594;812 922;10;0;2;1;2;1
202200000594;812 924;7;0;2;1;2;1
202200000595;812 923;7;0;2;3;11;1
202200000595;812 925;33;0;2;2;3;1
202200000596;812 915;7;0;0;1;1;1
202200000596;812 918;33;0;2;1;1;1
202200000597;812 917;33;0;2;7;17;1
202200000597;812 919;7;0;2;8;3;2
202200000598;812 914;7;0;2;1;1;1
202200000598;812 916;13;0;2;4;1;1
202200000599;812 911;7;0;2;8;1;1
202200000599;812 913;15;0;2;7;12;1
202200000600;812 906;7;0;2;3;1;1
202200000600;812 910;7;0;2;3;1;1
202200000601;812 905;7;14;2;1;1;1
202200000601;812 907;7;0;2;4;11;1
202200000602;812 904;33;0;0;7;13;1
202200000603;812 903;7;9;1;7;1;1
202200000604;812 902;33;0;0;7;2;1
202200000605;812 896;7;;2;1;13;1
202200000605;812 898;7;;2;1;1;2
202200000605;812 900;7;;2;2;21;1
202200000606;812 895;7;0;2;8;1;1
202200000606;812 897;15;0;2;2;14;1
202200000607;812 899;10;0;0;6;1;1
202200000607;812 901;32;0;2;1;1;1
202200000608;812 891;33;14;0;1;2;1
202200000609;812 889;7;0;2;1;2;1
202200000609;812 890;7;0;2;4;2;1
202200000610;812 888;7;4;0;8;1;1
202200000611;812 884;7;0;2;1;12;1
202200000611;812 885;7;0;2;4;0;1
202200000612;812 883;7;4;2;5;1;1
202200000612;812 886;7;0;2;3;9;1
202200000613;812 882;7;0;1;4;23;1
202200000614;812 881;7;4;0;3;1;1
202200000615;812 877;7;0;2;0;26;1
202200000615;812 880;1;0;2;1;0;5
202200000616;812 879;10;0;1;4;4;1
202200000617;812 875;7;0;2;3;1;1
202200000617;812 876;7;0;2;5;1;2
202200000617;812 878;7;0;2;3;0;1
202200000618;812 872;7;0;2;1;13;1
202200000618;812 874;7;0;2;1;13;1
202200000619;812 870;7;0;2;1;12;1
202200000619;812 871;7;0;2;5;1;1
202200000620;812 869;17;0;0;4;1;1
202200000620;812 873;7;3;2;1;14;1
202200000621;812 868;14;6;0;1;13;1
202200000622;812 864;30;0;2;1;17;1
202200000622;812 866;7;0;2;6;15;1
202200000623;812 865;7;0;2;1;2;1
202200000623;812 867;7;0;2;4;2;1
202200000624;812 863;7;0;1;2;0;1
202200000625;812 858;7;0;2;6;1;1
202200000625;812 860;10;0;2;1;1;1
202200000625;812 862;7;0;2;1;9;1
202200000626;812 859;7;4;2;2;12;1
202200000626;812 861;33;4;2;1;3;1
202200000627;812 857;7;2;0;1;1;1
202200000628;812 854;33;0;2;1;1;1
202200000628;812 855;7;0;2;6;11;1
202200000629;812 852;7;0;2;3;1;1
202200000629;812 853;7;0;2;3;23;1
202200000630;812 848;7;0;2;4;2;0
202200000630;812 849;7;0;2;4;2;0
202200000630;812 850;7;0;2;1;2;0
202200000631;812 847;33;13;0;2;1;1
202200000632;812 846;34;0;0;8;1;1
202200000633;812 851;7;0;2;1;1;2
202200000633;812 856;33;0;2;1;2;1
202200000634;812 844;7;0;2;4;23;1
202200000634;812 845;1;0;2;1;1;5
202200000635;812 843;33;0;2;7;1;1
202200000636;812 839;7;0;0;8;1;1
202200000636;812 841;7;0;0;8;1;1
202200000637;812 837;7;0;2;1;2;1
202200000637;812 840;7;0;2;4;2;1
202200000638;812 835;7;0;2;1;0;1
202200000638;812 836;7;0;2;1;5;1
202200000639;812 834;17;0;1;4;1;1
202200000640;812 838;30;0;2;3;1;1
202200000640;812 842;7;0;2;1;15;1
202200000641;812 832;7;8;0;1;13;1
202200000642;812 831;7;0;1;3;1;1
202200000643;812 828;34;0;0;0;0;1
202200000643;812 829;14;0;2;8;2;1
202200000644;812 827;10;0;1;3;1;1
202200000645;812 826;7;0;1;2;26;1
202200000646;812 825;7;1;0;3;13;2
202200000647;812 824;7;0;1;2;26;1
202200000648;812 821;30;0;2;1;17;1
202200000648;812 822;32;0;2;8;17;1
202200000649;812 820;7;8;0;3;1;1
202200000650;812 817;7;0;2;3;13;1
202200000650;812 819;7;0;2;8;1;1
202200000650;812 823;7;0;2;6;1;1
202200000651;812 815;0;0;2;0;2;0
202200000651;812 818;30;0;2;4;2;1
202200000652;812 814;33;0;2;8;1;1
202200000652;812 816;7;0;2;3;15;2
202200000653;812 811;7;16;0;1;0;1
202200000654;812 812;33;0;2;1;17;1
202200000654;812 813;7;0;2;3;1;1
202200000655;812 809;7;0;2;1;2;1
202200000655;812 810;7;0;2;4;1;1
202200000656;812 807;7;3;0;3;13;1
202200000657;812 805;1;0;2;8;19;5
202200000657;812 808;7;0;2;1;19;1
202200000658;812 804;1;0;0;0;0;5
202200000658;812 806;7;0;9;0;26;0
202200000659;812 803;32;0;0;0;21;1
202200000660;812 799;7;0;2;4;2;1
202200000660;812 801;10;0;2;1;2;1
202200000661;812 800;7;0;2;3;1;1
202200000661;812 802;7;0;2;3;1;1
202200000662;812 797;7;0;0;6;1;1
202200000662;812 798;31;0;2;2;1;1
202200000663;812 796;7;0;1;3;1;1
202200000664;812 793;50;0;2;4;0;3
202200000664;812 795;7;0;2;7;9;1
202200000665;812 792;7;2;0;1;1;1
202200000666;812 791;7;0;2;1;1;
202200000666;812 794;7;0;2;1;1;
202200000667;812 788;7;0;2;1;1;1
202200000667;812 790;7;0;2;1;13;1
202200000668;812 787;1;12;2;8;19;5
202200000668;812 789;32;12;2;1;1;1
202200000669;812 786;99;13;0;1;1;1
202200000670;812 783;1;0;2;1;1;5
202200000670;812 785;7;0;2;4;1;1
202200000671;812 782;2;0;2;1;1;0
202200000671;812 784;7;0;2;3;13;1
202200000672;812 779;1;0;2;1;8;5
202200000672;812 781;7;0;2;2;15;0
202200000673;812 778;7;0;2;1;1;1
202200000673;812 780;7;0;2;1;1;1
202200000674;812 777;7;0;1;1;19;1
202200000675;812 775;7;0;1;2;15;1
202200000676;812 773;7;0;2;0;2;1
202200000676;812 774;7;0;2;3;15;1
202200000677;812 772;36;6;0;1;1;1
202200000678;812 771;1;0;2;1;19;5
202200000678;812 776;7;0;2;8;1;1
202200000679;812 770;7;15;0;1;1;1
202200000680;812 768;32;0;2;7;17;1
202200000680;812 769;7;0;2;6;1;1
202200000681;812 765;10;0;2;3;9;1
202200000681;812 767;7;0;2;1;1;1
202200000682;812 764;7;0;2;2;19;1
202200000682;812 766;7;0;2;2;21;1
202200000683;812 763;7;0;1;8;1;1
202200000684;812 761;1;0;0;1;1;5
202200000685;812 760;50;0;2;2;19;3
202200000685;812 762;7;0;2;3;1;2
202200000686;812 756;7;0;2;1;1;1
202200000686;812 759;7;0;2;1;1;1
202200000687;812 755;7;0;2;5;15;1
202200000687;812 758;37;0;0;2;1;0
202200000688;812 753;7;0;2;1;1;1
202200000689;812 752;7;0;2;5;0;1
202200000689;812 754;1;0;2;1;1;5
202200000690;812 751;0;0;1;8;1;0
202200000691;812 748;7;0;9;3;15;1
202200000691;812 750;1;0;2;1;0;5
202200000692;812 745;1;0;2;1;1;5
202200000692;812 746;7;0;2;2;16;1
202200000693;812 743;1;12;0;0;0;5
202200000693;812 744;7;0;9;1;26;1
202200000694;812 747;7;0;2;4;9;1
202200000694;812 749;32;0;2;2;1;1
202200000695;812 740;7;0;2;1;1;1
202200000695;812 741;10;0;2;1;9;1
202200000696;812 737;7;0;2;1;2;1
202200000696;812 739;7;0;2;4;1;1
202200000697;812 738;7;8;0;1;1;1
202200000698;812 736;7;0;1;3;4;1
202200000699;812 734;7;0;1;1;26;2
202200000700;812 730;7;1;2;6;24;
202200000700;812 731;10;1;2;6;1;
202200000701;812 727;30;0;2;1;1;1
202200000701;812 729;7;0;2;4;1;1
202200000702;812 724;7;0;2;4;2;1
202200000702;812 726;7;0;2;4;2;1
202200000702;812 728;7;0;2;4;2;1
202200000702;812 735;10;0;2;1;1;1
202200000703;812 722;7;0;2;4;26;1
202200000703;812 725;7;0;2;1;26;1
202200000704;812 721;7;0;2;2;15;1
202200000704;812 723;7;0;2;2;1;1
202200000705;812 720;33;0;0;1;13;1
202200000706;812 715;7;0;2;6;1;1
202200000706;812 717;7;0;2;1;1;1
202200000707;812 718;7;0;2;6;1;0
202200000707;812 719;13;0;2;2;12;0
202200000708;812 714;33;;;;1;
202200000708;812 716;13;;;;1;
202200000709;812 713;7;0;1;4;4;1
202200000710;812 711;10;0;1;1;1;0
202200000711;812 709;7;0;2;5;12;0
202200000711;812 712;34;0;2;3;3;1
202200000712;812 703;7;0;2;4;2;1
202200000712;812 705;7;0;2;4;2;1
202200000712;812 707;7;0;2;4;2;1
202200000712;812 708;7;0;2;4;2;1
202200000712;812 710;7;0;2;1;2;1
202200000713;812 700;17;0;2;1;2;1
202200000713;812 701;7;0;2;4;2;2
202200000713;812 702;7;0;2;4;2;1
202200000713;812 704;7;0;2;4;2;1
202200000713;812 706;7;0;0;4;2;0
202200000714;812 698;7;0;1;1;1;1
202200000715;812 699;32;0;0;0;21;1
202200000716;812 697;80;0;0;7;26;3
202200000717;812 691;7;0;1;1;1;1
202200000718;812 692;7;0;2;8;1;1
202200000718;812 694;7;0;2;1;15;1
202200000718;812 696;7;12;2;1;1;1
202200000719;812 690;7;0;2;6;0;1
202200000719;812 693;33;0;2;8;11;1
202200000719;812 695;10;0;2;2;12;0
202200000720;812 686;7;0;2;3;19;1
202200000720;812 688;33;0;2;1;1;1
202200000720;812 689;7;0;2;6;24;1
202200000721;812 684;7;0;2;2;1;1
202200000721;812 685;7;0;2;5;2;1
202200000721;812 687;10;0;0;0;0;0
202200000722;812 682;7;0;1;1;0;1
202200000723;812 679;10;0;2;1;2;1
202200000723;812 681;7;0;2;4;2;1
202200000723;812 683;10;0;2;4;2;1
202200000724;812 680;7;0;1;2;9;1
202200000725;812 678;7;0;1;1;1;1
202200000726;812 673;33;1;2;3;1;1
202200000726;812 676;7;0;2;3;23;1
202200000727;812 672;31;0;2;1;17;1
202200000727;812 675;7;0;2;1;15;1
202200000728;812 674;33;0;2;8;3;1
202200000728;812 677;10;0;2;5;11;1
202200000729;812 668;7;0;2;1;1;1
202200000729;812 670;7;0;2;8;1;1
202200000730;812 669;7;0;2;3;15;1
202200000730;812 671;1;0;2;7;17;5
202200000731;812 663;30;0;2;1;1;1
202200000731;812 664;7;0;0;5;15;1
202200000732;812 662;2;0;2;2;2;1
202200000732;812 665;7;0;2;1;2;1
202200000733;812 661;7;0;2;3;11;1
202200000733;812 666;7;0;2;2;1;1
202200000733;812 667;7;0;2;3;1;1
202200000734;812 658;7;0;0;6;2;1
202200000734;812 660;33;0;0;1;2;6
202200000735;812 657;7;0;2;1;1;1
202200000735;812 659;7;0;2;8;26;1
202200000736;812 652;7;0;2;4;2;3
202200000736;812 653;7;0;2;4;1;1
202200000736;812 655;10;0;2;1;1;1
202200000737;812 651;1;0;2;1;2;5
202200000737;812 654;7;0;2;7;2;1
202200000738;812 650;7;0;2;5;1;1
202200000738;812 656;7;0;2;1;9;1
202200000739;812 648;7;0;1;1;1;1
202200000740;812 647;33;0;2;8;3;1
202200000740;812 649;7;0;2;7;12;1
202200000741;812 641;2;0;2;1;1;1
202200000741;812 645;7;0;2;3;20;1
202200000742;812 643;7;0;0;8;19;1
202200000742;812 646;7;0;0;1;2;1
202200000743;812 638;10;0;2;4;2;1
202200000743;812 639;10;0;2;4;2;1
202200000743;812 640;10;0;2;4;2;1
202200000743;812 642;15;0;2;4;2;1
202200000743;812 644;13;0;2;1;1;1
202200000744;812 634;2;0;2;1;2;1
202200000744;812 635;7;0;2;6;2;1
202200000745;812 633;7;4;0;1;1;1
202200000746;812 631;1;0;2;1;19;5
202200000746;812 632;7;0;2;2;15;1
202200000747;812 629;7;1;1;0;17;1
202200000748;812 626;33;4;2;3;3;1
202200000748;812 628;7;4;2;6;1;1
202200000748;812 630;7;4;2;8;1;2
202200000749;812 625;7;0;2;1;15;1
202200000749;812 627;33;0;2;8;1;1
202200000750;812 622;7;0;2;3;2;1
202200000750;812 623;15;0;2;1;12;1
202200000751;812 620;1;0;2;1;25;5
202200000751;812 621;1;0;2;1;25;5
202200000752;812 618;7;0;2;3;19;1
202200000752;812 624;50;0;2;1;1;3
202200000753;812 617;33;0;2;7;3;1
202200000753;812 619;15;0;2;8;1;1
202200000754;812 615;33;0;2;1;1;1
202200000754;812 616;7;0;2;6;1;1
202200000755;812 612;15;0;2;2;12;1
202200000755;812 614;7;0;2;8;1;1
202200000756;812 613;7;0;1;2;16;1
202200000757;812 609;10;0;2;1;2;1
202200000757;812 611;14;0;2;4;1;1
202200000758;812 606;10;0;2;8;11;1
202200000758;812 607;33;0;2;7;3;1
202200000759;812 605;7;0;1;2;1;1
202200000760;812 608;7;0;2;1;26;1
202200000760;812 610;7;0;0;4;12;1
202200000761;812 602;7;0;2;7;1;1
202200000761;812 604;50;0;2;1;1;3
202200000762;812 601;7;0;2;8;9;1
202200000762;812 603;50;0;2;1;1;3
202200000763;812 599;7;0;0;9;2;1
202200000764;812 598;7;0;2;3;26;1
202200000764;812 600;7;0;2;1;9;0
202200000765;812 597;2;0;1;1;1;1
202200000766;812 596;7;9;0;2;21;1
202200000767;812 592;7;1;0;0;0;1
202200000767;812 594;7;1;0;0;0;0
202200000768;812 591;7;0;2;4;23;1
202200000768;812 593;30;0;2;1;1;1
202200000769;812 590;2;0;2;1;0;6
202200000769;812 595;7;0;2;2;15;1
202200000770;812 587;1;0;0;0;0;5
202200000770;812 589;10;1;2;3;2;1
202200000771;812 586;7;0;2;5;0;1
202200000771;812 588;30;1;0;0;13;1
202200000772;812 584;7;0;1;1;1;1
202200000773;812 583;7;0;2;6;1;1
202200000773;812 585;14;0;2;2;1;1
202200000774;812 581;7;0;2;7;1;1
202200000774;812 582;2;0;2;1;5;1
202200000775;812 578;7;0;2;7;15;1
202200000775;812 580;33;0;2;1;1;1
202200000776;812 574;10;0;2;7;19;1
202200000776;812 576;2;0;2;1;1;1
202200000777;812 573;7;0;2;8;1;1
202200000777;812 577;7;0;2;1;1;1
202200000778;812 572;33;0;2;1;1;1
202200000778;812 575;7;0;2;7;15;1
202200000779;812 569;7;0;2;3;15;1
202200000779;812 571;2;0;2;7;1;1
202200000780;812 565;7;0;2;4;1;1
202200000780;812 567;32;0;2;1;1;1
202200000780;812 570;7;0;2;4;1;6
202200000781;812 564;33;0;2;1;1;1
202200000781;812 566;7;0;2;8;15;1
202200000781;812 568;7;0;2;8;1;1
202200000782;812 562;10;0;2;3;26;0
202200000782;812 563;2;0;2;7;26;1
202200000783;812 559;7;0;2;0;0;1
202200000783;812 561;50;0;2;2;0;3
202200000784;812 557;1;0;2;1;1;5
202200000784;812 560;7;0;2;8;9;1
202200000785;812 556;10;0;2;4;1;1
202200000785;812 558;31;0;2;1;1;1
202200000786;812 554;10;0;2;1;15;3
202200000786;812 555;7;0;2;6;15;1
202200000787;812 550;1;0;2;8;13;5
202200000787;812 552;7;0;9;7;17;1
202200000788;812 551;1;0;2;3;1;5
202200000788;812 553;14;0;2;3;16;1
202200000789;812 549;7;0;1;1;1;1
202200000790;812 547;7;0;0;0;17;0
202200000791;812 546;7;12;1;2;2;3
202200000792;812 545;7;0;2;8;19;1
202200000792;812 548;7;0;2;1;19;1
202200000793;812 543;7;0;2;4;2;1
202200000793;812 544;31;0;2;1;2;1
202200000794;812 540;15;0;2;7;16;1
202200000794;812 542;7;0;2;8;18;1
202200000795;812 535;7;0;2;3;1;1
202200000795;812 541;7;0;2;3;15;1
202200000796;812 534;43;0;2;1;1;1
202200000796;812 536;7;0;2;7;15;1
202200000797;812 531;7;0;2;6;26;0
202200000797;812 533;7;1;0;2;14;1
202200000798;812 529;7;0;2;6;15;1
202200000798;812 532;30;0;2;1;1;3
202200000799;812 528;7;0;1;1;1;2
202200000800;812 527;7;0;2;7;1;1
202200000800;812 530;7;0;2;1;1;1
202200000801;812 523;30;0;2;8;0;1
202200000801;812 526;7;0;2;1;19;1
202200000802;812 522;7;0;2;1;0;1
202200000802;812 525;33;0;2;2;1;1
202200000803;812 521;7;0;2;2;1;2
202200000803;812 524;7;0;2;3;16;1
202200000804;812 518;33;14;0;1;19;1
202200000805;812 517;7;0;2;7;9;1
202200000805;812 520;7;0;2;7;1;1
202200000806;812 516;30;0;2;1;7;1
202200000806;812 519;7;0;2;2;9;1
202200000807;812 513;0;0;2;3;17;0
202200000807;812 515;7;0;2;3;26;1
202200000808;812 512;7;0;2;3;19;0
202200000808;812 514;2;0;2;8;1;0
202200000809;812 511;7;6;0;3;19;1
202200000810;812 510;7;0;0;1;14;1
202200000811;812 507;7;0;2;2;16;1
202200000811;812 509;1;0;2;8;16;5
202200000812;812 504;33;0;2;1;17;1
202200000812;812 506;10;0;2;3;15;1
202200000813;812 505;2;0;2;1;1;1
202200000813;812 508;2;0;2;8;21;1
202200000814;812 503;7;8;0;9;14;1
202200000815;812 502;7;8;0;1;15;1
202200000816;812 499;7;0;2;2;1;1
202200000816;812 501;50;0;2;8;1;3
202200000817;812 498;1;0;2;4;26;5
202200000817;812 500;7;0;2;4;26;1
202200000818;812 496;10;0;2;3;15;1
202200000818;812 497;30;0;2;1;1;1
202200000819;812 492;1;0;2;7;1;0
202200000819;812 495;7;0;2;1;9;1
202200000820;812 493;7;0;2;1;1;1
202200000820;812 494;2;0;2;8;9;1
202200000821;812 491;14;0;1;4;4;1
202200000822;812 489;31;0;2;0;0;1
202200000822;812 490;7;0;2;0;15;1
202200000823;812 487;14;0;2;2;12;1
202200000823;812 488;7;0;2;8;1;1
202200000824;812 484;7;0;4;3;1;1
202200000824;812 486;39;0;2;1;1;2
202200000825;812 482;7;0;2;1;1;1
202200000825;812 485;80;0;2;1;15;3
202200000826;812 481;32;0;2;5;3;1
202200000826;812 483;7;0;2;8;11;1
202200000827;812 479;1;0;2;8;0;5
202200000827;812 480;7;0;2;5;9;1
202200000828;812 475;7;0;2;1;2;1
202200000828;812 477;7;0;2;4;2;1
202200000828;812 478;7;0;2;4;2;1
202200000829;812 474;10;0;2;5;1;1
202200000829;812 476;33;0;2;3;3;1
202200000830;812 471;7;0;2;3;19;1
202200000830;812 473;32;0;2;2;19;0
202200000831;812 469;1;0;2;7;1;5
202200000831;812 472;10;0;2;1;9;1
202200000832;812 468;43;0;2;1;2;1
202200000832;812 470;33;0;2;4;23;1
202200000833;812 465;1;0;2;8;19;5
202200000833;812 466;7;0;2;1;1;1
202200000834;812 464;7;0;2;1;15;1
202200000834;812 467;2;0;2;8;2;1
202200000835;812 463;7;1;0;1;14;1
202200000836;812 461;14;0;2;1;2;1
202200000836;812 462;7;0;2;4;2;1
202200000837;812 458;34;0;2;1;1;1
202200000837;812 460;3;0;2;1;15;1
202200000838;812 459;1;0;0;1;1;5
202200000839;812 454;7;0;2;1;1;1
202200000839;812 457;7;0;2;8;9;1
202200000840;812 453;7;0;2;1;1;1
202200000840;812 456;7;0;2;1;5;1
202200000841;812 452;1;0;2;8;11;5
202200000841;812 455;7;0;2;2;1;1
202200000842;812 451;7;3;0;2;1;1
202200000843;812 448;7;0;2;3;15;1
202200000843;812 450;1;0;2;1;19;5
202200000844;812 447;7;0;2;6;10;1
202200000844;812 449;50;0;2;1;1;3
202200000845;812 446;7;13;0;3;1;1
202200000846;812 445;7;0;1;2;1;1
202200000847;812 443;33;0;2;2;17;1
202200000847;812 444;33;0;2;8;1;1
202200000848;812 442;7;0;1;1;1;1
202200000849;812 440;7;0;2;8;1;1
202200000849;812 441;2;0;2;7;1;1
202200000850;812 437;7;1;0;1;1;1
202200000851;812 436;43;0;2;1;1;1
202200000851;812 438;7;0;2;5;23;1
202200000852;812 435;7;0;2;1;1;1
202200000852;812 439;7;0;2;1;13;1
202200000853;812 434;7;0;1;2;17;1
202200000854;812 430;7;0;2;8;1;1
202200000854;812 432;10;0;2;3;1;1
202200000854;812 433;33;0;2;8;17;1
202200000855;812 429;7;0;1;1;1;1
202200000856;812 428;7;0;2;4;2;1
202200000856;812 431;7;0;2;1;2;1
202200000857;812 426;7;0;1;1;20;1
202200000858;812 424;1;0;2;8;26;5
202200000858;812 427;7;0;9;5;12;1
202200000859;812 423;7;0;2;1;1;1
202200000859;812 425;80;0;2;3;9;3
202200000860;812 422;50;9;0;1;1;3
202200000861;812 421;37;0;1;2;2;0
202200000862;812 419;50;12;0;1;9;3
202200000863;812 418;50;0;2;2;19;3
202200000863;812 420;7;0;2;1;9;2
202200000864;812 413;7;0;2;0;1;2
202200000864;812 415;30;0;2;1;15;1
202200000865;812 414;7;8;1;2;20;1
202200000866;812 409;10;0;2;1;2;1
202200000866;812 410;7;0;2;4;2;1
202200000867;812 406;10;0;1;1;1;1
202200000868;812 403;7;0;1;2;1;1
202200000869;812 405;34;0;1;1;1;1
202200000870;812 398;7;0;2;5;16;1
202200000870;812 400;30;0;2;3;0;1
202200000870;812 401;7;0;2;6;0;1
202200000871;812 399;7;13;0;9;1;1
202200000872;812 397;7;0;1;2;1;1
202200000873;812 395;30;0;9;1;21;1
202200000874;812 394;7;0;2;1;15;1
202200000874;812 396;33;12;2;1;1;1
202200000875;812 392;33;0;2;1;3;1
202200000875;812 393;7;0;0;6;13;1
202200000876;812 391;7;0;1;1;1;1
202200000877;812 389;7;0;1;2;1;1
202200000878;812 388;7;0;2;2;16;1
202200000878;812 390;50;0;2;1;1;3
202200000879;812 387;31;1;0;0;14;1
202200000880;812 386;7;0;1;2;1;1
202200000881;812 385;10;0;1;4;20;3
202200000882;812 384;10;4;0;2;1;0
202200000883;812 381;7;0;2;8;15;1
202200000883;812 383;34;0;2;1;17;1
202200000884;812 380;7;0;2;7;1;1
202200000884;812 382;7;0;2;1;19;1
202200000885;812 377;7;0;2;1;15;1
202200000885;812 379;50;0;2;8;1;3
202200000886;812 376;7;0;2;0;1;1
202200000886;812 378;1;0;2;8;19;5
202200000887;812 373;7;0;2;1;13;1
202200000887;812 375;7;0;2;1;1;1
202200000888;812 372;7;0;2;7;1;1
202200000888;812 374;33;0;2;1;1;1
202200000889;812 370;99;0;2;1;1;1
202200000889;812 371;10;0;2;3;6;1
202200000890;812 368;50;0;2;0;19;3
202200000890;812 369;7;0;9;1;1;1
202200000891;812 367;7;6;0;2;20;1
202200000892;812 365;10;0;2;1;15;1
202200000893;812 364;7;0;2;0;0;1
202200000893;812 366;33;0;2;0;0;1
202200000894;812 362;38;0;1;2;26;0
202200000895;812 361;1;0;2;7;1;5
202200000895;812 363;31;0;2;1;9;1
202200000896;812 360;2;0;5;7;21;1
202200000897;812 359;7;2;0;8;1;1
202200000898;812 356;7;0;2;2;19;1
202200000898;812 358;7;0;2;1;1;1
202200000899;812 355;7;0;0;6;2;1
202200000899;812 357;7;0;2;2;2;1
202200000900;812 352;7;0;2;4;1;1
202200000900;812 354;7;0;2;1;2;1
202200000901;812 351;7;0;2;1;9;1
202200000901;812 353;1;0;2;7;1;5
202200000902;812 348;33;0;2;1;1;1
202200000902;812 350;32;0;2;1;5;1
202200000903;812 347;33;0;2;1;1;1
202200000903;812 349;7;0;2;1;15;1
202200000904;812 346;7;13;0;9;13;1
202200000905;812 344;7;2;0;1;14;1
202200000906;812 343;7;0;2;7;15;1
202200000906;812 345;7;0;2;1;18;1
202200000907;812 342;7;0;1;1;1;1
202200000908;812 341;31;0;2;1;15;1
202200000909;812 339;7;0;2;4;0;1
202200000909;812 340;7;0;2;1;0;1
202200000910;812 335;7;0;2;1;1;1
202200000910;812 337;7;0;2;1;13;1
202200000911;812 336;7;0;2;3;1;1
202200000911;812 338;7;0;2;3;13;1
202200000912;812 333;7;0;1;4;20;1
202200000913;812 332;33;0;0;0;1;1
202200000913;812 334;33;14;0;1;1;1
202200000914;812 331;10;0;1;1;1;0
202200000915;812 329;31;0;2;3;1;1
202200000915;812 330;7;0;2;1;15;1
202200000916;812 328;7;2;0;9;17;1
202200000917;812 327;7;13;0;1;13;1
202200000918;812 324;7;0;2;3;15;2
202200000918;812 326;33;0;2;1;1;1
202200000919;812 323;7;0;2;1;5;1
202200000919;812 325;7;0;2;1;1;1
202200000920;812 319;10;0;9;3;0;1
202200000920;812 321;1;0;2;7;9;5
202200000921;812 320;7;0;2;8;1;1
202200000921;812 322;1;0;0;0;0;5
202200000922;812 316;33;0;2;1;3;1
202200000922;812 318;7;0;2;3;10;1
202200000923;812 315;7;0;2;1;2;1
202200000923;812 317;7;0;2;4;2;1
202200000924;812 314;7;0;1;1;15;1
202200000925;812 310;7;0;1;1;1;1
202200000926;812 307;7;0;1;8;1;1
202200000927;812 305;17;0;2;3;13;1
202200000927;812 306;10;0;2;3;1;1
202200000928;812 303;7;0;2;1;16;1
202200000928;812 304;1;0;2;4;1;5
202200000929;812 301;31;0;2;3;1;1
202200000929;812 302;7;0;2;2;15;1
202200000930;812 299;7;0;2;0;13;1
202200000930;812 300;7;0;2;2;17;1
202200000931;812 296;10;0;2;1;2;1
202200000931;812 298;14;0;2;4;2;1
202200000932;812 295;37;0;2;7;9;1
202200000932;812 297;50;0;2;6;9;3
202200000933;812 292;7;0;2;8;1;1
202200000933;812 293;17;0;2;2;12;1
202200000933;812 294;7;0;2;5;1;1
202200000934;812 291;7;2;0;3;14;1
202200000935;812 290;32;0;2;0;21;1
202200000936;812 288;7;0;9;1;1;1