Num_Acc;id_vehicule;categorie_vehicule;obstacle_fixe;obstacle_mobile;point_choc_initial;manoeuvre_principale;motorisation
202200000936;812 289;80;0;2;7;1;3
202200000937;812 287;30;0;1;1;1;1
202200000938;812 283;2;0;2;3;1;1
202200000938;812 285;7;0;2;7;2;1
202200000939;812 280;2;0;0;7;1;1
202200000940;812 281;7;14;0;1;1;1
202200000940;812 282;7;0;2;1;1;1
202200000940;812 284;7;0;2;4;1;1
202200000940;812 286;7;0;2;1;0;1
202200000941;812 279;10;0;0;8;1;1
202200000942;812 276;7;0;2;3;13;1
202200000942;812 278;7;0;2;3;1;1
202200000943;812 275;50;0;2;1;1;3
202200000943;812 277;10;0;2;2;1;1
202200000944;812 271;1;0;2;1;1;0
202200000944;812 273;7;0;2;2;16;1
202200000945;812 268;33;0;2;0;13;0
202200000945;812 269;7;0;2;3;1;1
202200000946;812 267;30;0;2;8;1;3
202200000946;812 270;7;0;2;2;12;1
202200000947;812 265;32;0;2;3;1;3
202200000947;812 266;7;0;2;1;15;1
202200000948;812 261;7;4;2;3;2;1
202200000948;812 262;7;4;2;9;2;1
202200000948;812 263;7;0;2;7;2;1
202200000948;812 264;7;4;2;4;2;1
202200000949;812 260;31;0;0;1;19;1
202200000950;812 253;7;0;2;3;1;3
202200000950;812 254;7;0;2;2;16;1
202200000950;812 255;7;1;2;4;24;1
202200000951;812 251;7;0;0;4;2;0
202200000951;812 252;7;0;2;1;0;0
202200000952;812 249;30;0;2;1;2;1
202200000952;812 250;7;0;2;4;23;1
202200000953;812 248;7;0;1;2;1;1
202200000954;812 246;7;0;2;3;1;1
202200000954;812 247;7;0;2;2;9;1
202200000955;812 239;80;0;2;1;2;3
202200000955;812 240;7;0;2;2;10;1
202200000956;812 237;7;0;2;1;1;1
202200000956;812 238;7;0;2;1;19;1
202200000957;812 236;7;0;1;7;2;1
202200000958;812 235;7;0;1;2;16;1
202200000959;812 233;7;0;2;1;1;1
202200000959;812 234;7;0;2;4;1;1
202200000960;812 231;7;0;2;2;0;1
202200000960;812 232;7;0;2;3;13;1
202200000961;812 226;7;0;1;3;15;1
202200000962;812 224;10;0;2;8;16;1
202200000962;812 225;50;0;2;1;1;3
202200000963;812 222;7;0;2;3;15;1
202200000963;812 223;33;0;2;8;1;1
202200000964;812 219;7;0;2;1;1;1
202200000964;812 220;7;0;2;4;1;1
202200000964;812 221;7;0;2;4;1;1
202200000965;812 216;7;0;1;4;23;1
202200000966;812 214;2;0;2;1;1;0
202200000966;812 215;7;0;2;8;1;1
202200000967;812 212;7;0;2;2;15;1
202200000967;812 213;2;0;2;3;1;1
202200000968;812 208;10;11;2;1;2;1
202200000968;812 209;7;0;2;4;23;1
202200000968;812 210;7;0;2;4;2;1
202200000968;812 211;7;0;2;4;2;1
202200000969;812 206;7;0;2;2;17;1
202200000969;812 207;31;0;2;2;21;1
202200000970;812 204;7;0;2;1;13;1
202200000970;812 205;7;0;2;8;1;1
202200000971;812 203;10;2;0;1;0;1
202200000972;812 202;7;3;0;1;1;1
202200000973;812 200;2;0;2;1;1;1
202200000973;812 201;7;0;2;7;15;1
202200000974;812 199;7;2;0;8;1;1
202200000975;812 197;2;0;2;1;1;1
202200000975;812 198;7;0;0;2;15;1
202200000976;812 195;7;0;2;1;1;1
202200000976;812 196;33;0;0;4;26;1
202200000977;812 194;7;7;0;1;14;1
202200000978;812 192;10;0;2;8;19;1
202200000978;812 193;7;0;2;1;1;1
202200000979;812 190;2;0;2;7;1;1
202200000979;812 191;33;0;2;8;1;1
202200000980;812 189;7;13;0;9;0;1
202200000981;812 186;7;0;9;3;13;1
202200000981;812 187;1;3;2;0;25;5
202200000981;812 188;1;3;2;0;25;5
202200000982;812 184;7;0;2;1;1;1
202200000982;812 185;7;0;2;1;1;1
202200000983;812 183;33;0;0;3;1;1
202200000984;812 181;20;0;2;6;15;1
202200000984;812 182;7;0;2;3;17;1
202200000985;812 180;33;4;0;8;2;1
202200000986;812 178;7;0;2;1;24;1
202200000986;812 179;7;0;2;1;13;1
202200000987;812 177;31;0;6;1;1;1
202200000988;812 176;7;2;0;1;1;1
202200000989;812 173;7;0;0;4;23;1
202200000989;812 174;15;0;2;4;23;1
202200000989;812 175;15;0;2;1;1;1
202200000990;812 170;7;0;2;8;16;1
202200000990;812 171;13;0;2;2;1;1
202200000991;812 169;7;13;0;1;21;1
202200000992;812 167;2;0;2;1;1;1
202200000992;812 168;7;0;2;3;1;1
202200000993;812 165;7;0;2;1;1;1
202200000993;812 166;7;0;2;1;1;1
202200000994;812 164;7;0;0;1;13;1
202200000995;812 162;10;0;2;3;21;1
202200000995;812 163;33;0;2;3;13;1
202200000996;812 160;33;3;0;0;2;1
202200000997;812 158;33;0;2;0;17;1
202200000997;812 159;34;0;0;0;13;1
202200000998;812 156;1;0;2;8;0;5
202200000998;812 157;7;0;2;2;2;1
202200000999;812 154;2;0;2;1;1;1
202200000999;812 155;7;0;2;2;1;1
202200001000;812 153;34;0;0;0;1;1
202200001001;812 152;7;1;0;2;1;1
202200001002;812 151;1;0;0;0;0;5
202200001003;812 149;7;0;2;1;1;2
202200001003;812 150;7;0;2;1;1;1
202200001004;812 148;31;8;0;7;14;1
202200001005;812 146;7;4;0;2;0;1
202200001006;812 145;7;0;1;1;1;1
202200001007;812 142;7;0;2;1;1;1
202200001007;812 143;2;0;2;9;15;1
202200001007;812 144;7;0;2;3;2;1
202200001008;812 141;33;12;0;1;2;1
202200001009;812 139;80;0;2;7;1;3
202200001009;812 140;7;0;2;3;9;1
202200001010;812 138;7;0;0;1;2;1
202200001011;812 136;7;0;2;1;1;1
202200001011;812 137;7;0;2;2;1;1
202200001012;812 134;7;0;2;2;15;1
202200001012;812 135;2;0;2;8;1;1
202200001013;812 131;7;0;2;3;1;1
202200001013;812 132;7;0;2;3;13;1
202200001014;812 129;7;0;2;3;1;1
202200001014;812 130;33;0;2;1;13;1
202200001015;812 128;7;3;0;2;1;1
202200001016;812 126;7;0;2;3;15;1
202200001016;812 127;30;0;0;8;1;1
202200001017;812 124;7;0;2;6;1;1
202200001017;812 125;7;0;2;2;1;1
202200001018;812 123;7;13;0;2;1;1
202200001019;812 122;33;0;0;0;0;1
202200001020;812 120;7;0;0;3;1;1
202200001020;812 121;7;0;0;3;13;1
202200001021;812 118;15;0;2;1;21;1
202200001021;812 119;7;0;2;8;9;1
202200001022;812 116;34;0;2;1;2;1
202200001022;812 117;7;0;2;8;2;0
202200001023;812 114;7;0;2;3;13;1
202200001023;812 115;32;0;2;1;1;1
202200001024;812 113;2;8;0;1;1;1
202200001025;812 112;7;0;0;0;15;1
202200001026;812 111;17;0;1;1;1;1
202200001027;812 110;7;2;0;1;14;0
202200001028;812 108;1;0;2;7;26;5
202200001028;812 109;7;0;9;1;9;1
202200001029;812 106;7;0;0;2;17;1
202200001029;812 107;7;0;0;3;15;1
202200001030;812 104;7;0;2;1;1;1
202200001030;812 105;33;0;2;1;17;1
202200001031;812 102;31;0;0;4;2;1
202200001031;812 103;13;0;2;2;14;1
202200001032;812 101;33;0;5;1;1;1
202200001033;812 100;7;12;0;1;1;1
202200001034;812 097;30;0;2;8;1;1
202200001034;812 098;7;0;2;2;19;1
202200001034;812 099;7;0;2;3;16;1
202200001035;812 096;7;16;0;2;1;1
202200001036;812 095;33;0;0;0;1;1
202200001037;812 093;7;0;2;2;12;1
202200001037;812 094;34;0;2;1;1;1
202200001038;812 092;33;4;0;3;13;1
202200001039;812 090;7;0;2;1;2;1
202200001039;812 091;33;0;2;4;1;1
202200001040;812 088;33;0;2;8;1;1
202200001040;812 089;7;0;0;0;0;0
202200001041;812 084;7;0;2;6;1;1
202200001041;812 085;7;0;2;4;1;1
202200001041;812 086;7;0;2;4;1;1
202200001041;812 087;7;0;2;1;1;1
202200001042;812 081;7;0;2;6;2;1
202200001042;812 082;7;0;2;3;2;1
202200001042;812 083;7;0;2;2;2;1
202200001043;812 080;7;7;0;3;14;0
202200001044;812 077;7;0;2;1;2;1
202200001044;812 078;7;0;2;1;2;1
202200001044;812 079;7;0;2;4;2;1
202200001045;812 074;7;0;2;1;1;1
202200001045;812 075;7;0;2;6;2;1
202200001045;812 076;7;0;2;4;2;1
202200001046;812 072;33;3;2;1;1;1
202200001046;812 073;7;3;2;4;1;1
202200001047;812 070;7;0;2;4;2;1
202200001047;812 071;10;0;2;1;1;1
202200001048;812 067;7;0;2;4;2;1
202200001048;812 068;7;0;2;4;1;1
202200001048;812 069;10;0;2;1;2;1
202200001049;812 065;7;0;2;4;23;1
202200001049;812 066;7;0;2;1;2;1
202200001050;812 064;7;3;0;9;26;1
202200001051;812 061;7;0;2;1;2;1
202200001051;812 062;7;0;2;1;2;1
202200001051;812 063;7;0;2;4;2;1
202200001052;812 059;10;0;2;4;2;1
202200001052;812 060;7;0;2;1;2;1
202200001053;812 057;7;0;2;1;1;1
202200001053;812 058;7;0;2;4;1;1
202200001054;812 056;33;0;0;8;0;1
202200001055;812 054;7;0;0;0;13;1
202200001055;812 055;33;0;2;0;2;1
202200001056;812 053;30;8;0;1;13;1
202200001057;812 052;7;8;0;1;14;1
202200001058;812 051;7;0;1;0;26;1
202200001059;812 048;7;0;2;1;26;1
202200001059;812 049;7;0;2;4;1;1
202200001059;812 050;7;0;2;4;2;1
202200001060;812 047;7;0;1;3;15;1
202200001061;812 045;7;0;2;2;15;1
202200001061;812 046;2;0;2;1;1;1
202200001062;812 044;7;6;0;2;13;1
202200001063;812 042;7;0;2;2;9;1
202200001063;812 043;50;0;2;4;1;3
202200001064;812 041;50;0;0;0;1;3
202200001065;812 036;7;4;2;3;1;1
202200001065;812 037;15;4;2;6;1;1
202200001065;812 038;7;0;2;1;1;1
202200001065;812 039;7;0;2;6;1;1
202200001065;812 040;7;4;2;1;15;1
202200001066;812 033;7;0;2;2;15;1
202200001066;812 034;31;0;2;1;1;1
202200001067;812 032;33;13;0;0;21;1
202200001068;812 031;7;0;1;3;1;1
202200001069;812 029;1;0;2;7;1;5
202200001069;812 030;7;0;2;1;9;1
202200001070;812 028;7;4;0;7;14;1
202200001071;812 027;7;0;1;3;2;1
202200001072;812 026;10;0;0;1;26;1
202200001073;812 024;80;0;2;5;13;3
202200001073;812 025;7;0;9;5;16;1
202200001074;812 022;33;0;0;1;1;1
202200001074;812 023;7;0;0;3;9;1
202200001075;812 020;7;0;2;2;15;1
202200001075;812 021;33;0;2;1;0;1
202200001076;812 018;33;0;2;1;17;1
202200001076;812 019;7;0;2;8;10;1
202200001077;812 016;7;0;2;8;15;1
202200001077;812 017;33;0;2;1;17;1
202200001078;812 015;33;14;0;1;1;1
202200001079;812 014;50;16;0;0;3;3
202200001080;812 013;7;2;0;1;13;0
202200001081;812 011;1;0;2;2;9;5
202200001081;812 012;7;0;0;0;1;0
202200001082;812 010;7;0;1;1;1;2
202200001083;812 008;7;0;2;8;1;1
202200001083;812 009;80;0;2;4;19;3
202200001084;812 006;30;0;2;1;21;1
202200001084;812 007;7;0;0;1;0;3
202200001085;812 005;7;0;1;4;10;1
202200001086;812 003;7;0;2;2;15;1
202200001086;812 004;33;0;2;1;17;1
202200001087;812 002;30;0;2;8;1;3
202200001088;812 000;7;9;2;0;1;1
202200001088;812 001;7;0;2;1;20;2
202200001089;811 999;37;0;1;2;1;1
202200001090;811 997;7;0;2;4;23;1
202200001090;811 998;30;0;2;1;1;1
202200001091;811 996;7;8;0;3;15;1
202200001092;811 994;7;0;9;1;1;1
202200001092;811 995;33;0;2;1;1;1
202200001093;811 991;7;0;2;3;1;3
202200001093;811 992;7;0;2;6;1;1
202200001093;811 993;7;0;2;1;1;1
202200001094;811 989;7;0;2;2;11;1
202200001094;811 990;7;0;2;6;1;1
202200001095;811 988;7;4;0;2;14;1
202200001096;811 986;10;0;2;1;2;1
202200001096;811 987;7;0;2;4;2;2
202200001097;811 984;7;0;2;1;9;3
202200001097;811 985;10;0;2;3;1;1
202200001098;811 982;1;0;2;1;19;5
202200001098;811 983;7;0;2;6;16;1
202200001099;811 981;34;0;0;3;21;1
202200001100;811 980;7;0;1;4;4;1
202200001101;811 978;34;0;2;1;1;1
202200001101;811 979;34;0;2;7;15;1
202200001102;811 977;30;12;0;7;14;3
202200001103;811 973;7;4;2;4;1;1
202200001103;811 975;7;4;2;1;1;1
202200001103;811 976;7;4;2;1;1;1
202200001104;811 972;33;0;2;4;23;1
202200001104;811 974;7;0;2;2;1;1
202200001105;811 971;7;0;1;3;15;2
202200001106;811 968;33;0;2;3;1;1
202200001106;811 970;7;0;2;0;13;0
202200001107;811 963;7;0;2;2;12;1
202200001107;811 965;43;0;2;3;18;1
202200001108;811 959;32;0;0;4;20;1
202200001108;811 961;10;0;2;1;2;1
202200001109;811 958;30;0;2;1;17;3
202200001109;811 960;13;0;2;3;15;1
202200001110;811 955;7;11;0;3;2;1
202200001110;811 957;33;11;0;7;2;1
202200001111;811 954;7;0;2;1;1;1
202200001111;811 956;7;0;2;4;23;1
202200001112;811 952;7;0;1;1;1;1
202200001113;811 951;2;0;2;1;1;1
202200001113;811 953;7;0;2;7;1;1
202200001114;811 949;50;0;2;1;1;3
202200001114;811 950;7;0;2;3;15;1
202200001115;811 946;31;0;2;3;11;1
202200001115;811 947;7;0;2;7;1;1
202200001116;811 945;7;0;2;3;1;1
202200001116;811 948;10;0;2;5;1;1
202200001117;811 944;30;12;0;0;1;1
202200001118;811 942;7;0;2;0;0;1
202200001118;811 943;43;0;2;2;3;1
202200001119;811 940;30;0;2;1;17;1
202200001119;811 941;7;0;2;3;15;1
202200001120;811 936;7;0;2;1;15;1
202200001120;811 938;34;15;2;2;1;1
202200001121;811 937;32;1;0;1;1;1
202200001121;811 939;0;0;2;3;23;0
202200001122;811 933;50;0;2;1;19;3
202200001122;811 935;33;0;2;2;1;1
202200001123;811 932;7;0;2;1;2;1
202200001123;811 934;7;0;2;4;2;1
202200001124;811 931;34;0;1;1;17;1
202200001125;811 927;7;0;2;4;23;1
202200001125;811 928;32;13;0;1;1;1
202200001126;811 926;7;0;2;3;16;0
202200001127;811 929;7;0;9;3;1;1
202200001127;811 930;50;0;2;1;1;3
202200001128;811 920;7;0;2;4;2;1
202200001128;811 922;7;0;2;1;2;1
202200001128;811 924;7;0;2;0;0;1
202200001128;811 925;7;0;2;1;0;1
202200001129;811 921;2;0;2;5;1;1
202200001129;811 923;7;0;2;2;17;1
202200001130;811 917;7;0;1;1;1;1
202200001131;811 915;7;0;1;2;21;1
202200001132;811 914;7;15;0;3;21;1
202200001133;811 911;33;0;2;4;0;1
202200001133;811 912;7;0;2;9;2;1
202200001133;811 913;99;0;2;1;2;1
202200001134;811 909;7;0;1;1;2;6
202200001135;811 906;7;0;1;1;1;1
202200001136;811 904;7;0;2;0;1;3
202200001136;811 905;7;0;2;0;9;1
202200001137;811 901;7;0;2;8;0;1
202200001137;811 903;33;0;2;2;2;1
202200001138;811 899;7;0;2;2;1;1
202200001138;811 900;7;0;2;4;23;1
202200001138;811 902;7;0;2;4;23;3
202200001139;811 897;7;0;2;3;0;1
202200001139;811 898;1;0;2;1;0;5
202200001140;811 896;7;0;1;0;16;1
202200001141;811 893;7;15;0;4;23;1
202200001141;811 895;30;0;2;1;2;3
202200001142;811 891;7;0;1;2;16;1
202200001143;811 888;7;0;2;2;9;1
202200001143;811 890;7;0;2;3;26;1
202200001144;811 887;7;0;2;7;1;1
202200001144;811 889;7;0;2;0;15;1
202200001145;811 885;7;0;2;3;16;0
202200001145;811 886;32;0;2;2;15;1
202200001146;811 882;33;14;0;0;0;1
202200001146;811 883;10;1;0;0;1;1
202200001146;811 884;7;0;0;0;24;1
202200001147;811 880;7;0;2;3;16;1
202200001147;811 881;2;0;2;2;2;1
202200001148;811 878;7;0;2;1;2;1
202200001148;811 879;13;0;2;4;2;1
202200001149;811 876;30;0;2;1;1;1
202200001149;811 877;7;0;2;3;9;1
202200001150;811 875;7;0;1;2;1;1
202200001151;811 873;7;3;2;8;0;1
202200001151;811 874;10;0;2;1;26;1
202200001152;811 871;31;0;2;6;1;1
202200001152;811 872;7;0;2;2;15;1
202200001153;811 869;7;0;2;9;19;1
202200001153;811 870;7;0;2;1;2;1
202200001154;811 867;7;0;2;4;23;1
202200001154;811 868;30;0;2;2;2;1
202200001155;811 864;7;0;1;0;26;0
202200001156;811 862;7;1;0;7;0;1
202200001156;811 863;7;0;2;1;16;1
202200001157;811 861;1;14;0;0;1;5
202200001158;811 859;7;0;2;4;1;1
202200001158;811 860;30;0;2;1;1;1
202200001159;811 857;33;0;2;1;1;1
202200001159;811 858;7;0;2;2;15;1
202200001160;811 856;10;0;2;1;26;1
202200001161;811 853;7;0;2;1;17;1
202200001161;811 854;10;0;2;2;1;1
202200001161;811 855;7;0;2;2;1;1
202200001162;811 851;7;0;2;4;23;1
202200001162;811 852;30;0;2;1;2;1
202200001163;811 850;7;0;1;2;1;1
202200001164;811 849;33;0;0;8;12;1
202200001165;811 847;1;0;2;1;16;5
202200001165;811 848;7;0;0;5;16;0
202200001166;811 846;2;11;0;1;1;1
202200001167;811 844;37;0;2;8;1;1
202200001167;811 845;32;0;2;2;1;1
202200001168;811 842;32;0;2;1;17;1
202200001168;811 843;7;0;2;8;15;3
202200001169;811 840;30;0;2;7;9;1
202200001169;811 841;7;0;2;3;1;1
202200001170;811 839;7;6;0;1;6;1
202200001171;811 838;7;0;1;2;1;1
202200001172;811 836;7;0;0;0;0;1
202200001172;811 837;34;0;2;1;8;1
202200001173;811 835;7;0;1;1;1;1
202200001174;811 834;7;1;0;1;21;2
202200001175;811 831;7;0;2;3;24;1
202200001175;811 832;30;0;2;1;1;1
202200001176;811 829;7;0;2;1;21;1
202200001176;811 830;7;13;2;1;26;1
202200001177;811 827;7;0;2;3;9;1
202200001177;811 828;33;0;2;2;1;1
202200001178;811 826;50;0;0;1;1;3
202200001179;811 825;7;8;0;1;26;1
202200001180;811 823;7;0;2;3;15;1
202200001180;811 824;80;0;2;6;1;3
202200001181;811 821;30;0;2;7;1;1
202200001181;811 822;32;0;2;8;1;1
202200001182;811 820;7;0;0;9;26;1
202200001183;811 819;7;15;0;1;1;1
202200001184;811 817;7;0;2;1;2;2
202200001184;811 818;7;0;2;4;1;1
202200001185;811 816;7;14;0;1;1;1
202200001186;811 815;30;0;0;0;0;1
202200001187;811 813;7;0;9;1;2;1
202200001187;811 814;33;0;2;1;2;0
202200001188;811 811;33;0;2;2;21;1
202200001188;811 812;10;0;2;1;9;1
202200001189;811 809;31;0;2;1;1;1
202200001189;811 810;7;0;2;1;15;1
202200001190;811 807;10;0;2;5;12;1
202200001190;811 808;43;0;2;1;3;1
202200001191;811 805;10;0;2;4;4;1
202200001191;811 806;30;0;2;1;1;1
202200001192;811 804;33;0;1;1;1;1
202200001193;811 802;50;0;2;7;1;3
202200001193;811 803;7;0;2;1;1;1
202200001194;811 800;7;0;2;5;23;1
202200001194;811 801;30;0;2;3;1;1
202200001195;811 799;2;0;1;1;1;0
202200001196;811 798;7;0;1;2;1;1
202200001197;811 797;50;0;1;1;1;3
202200001198;811 795;1;0;2;7;1;5
202200001198;811 796;7;0;2;7;23;1
202200001199;811 794;7;0;1;4;4;2
202200001200;811 792;30;0;2;1;2;1
202200001200;811 793;7;0;2;3;2;2
202200001201;811 791;1;12;0;1;12;5
202200001202;811 790;1;8;0;0;13;5
202200001203;811 788;1;0;2;7;17;5
202200001203;811 789;50;0;2;8;1;3
202200001204;811 786;1;0;2;4;1;5
202200001204;811 787;30;0;2;4;1;3
202200001205;811 785;50;0;1;1;1;3
202200001206;811 784;30;4;1;1;1;1
202200001207;811 782;7;0;2;6;1;1
202200001207;811 783;7;0;2;2;1;2
202200001208;811 781;50;0;1;1;1;3
202200001209;811 780;7;0;1;1;1;2
202200001210;811 779;1;0;1;1;1;5
202200001211;811 777;7;0;2;8;13;1
202200001211;811 778;33;0;2;7;1;1
202200001212;811 775;7;0;0;3;9;0
202200001212;811 776;30;0;2;1;1;1
202200001213;811 773;1;10;0;4;0;5
202200001213;811 774;32;1;0;1;0;1
202200001214;811 769;32;0;2;0;9;1
202200001214;811 770;7;0;2;1;1;1
202200001214;811 771;7;0;2;1;1;1
202200001214;811 772;7;0;2;4;1;1
202200001215;811 767;43;0;2;5;1;1
202200001215;811 768;37;0;2;1;1;1
202200001216;811 766;13;0;1;1;15;1
202200001217;811 765;7;1;0;6;14;1
202200001218;811 763;32;0;2;1;1;1
202200001218;811 764;7;0;2;5;15;1
202200001219;811 759;7;1;0;1;1;2
202200001219;811 760;1;1;2;8;19;5
202200001220;811 758;7;0;1;2;2;1
202200001221;811 756;7;0;2;2;1;2
202200001221;811 757;50;0;2;7;5;3
202200001222;811 754;33;0;2;2;1;1
202200001222;811 755;7;0;2;3;16;1
202200001223;811 753;7;0;1;1;9;1
202200001224;811 752;7;0;1;2;2;1
202200001225;811 751;7;0;1;1;20;1
202200001226;811 749;10;0;0;1;19;1
202200001226;811 750;34;0;2;2;1;1
202200001227;811 747;7;0;2;5;17;1
202200001227;811 748;7;0;2;2;15;1
202200001228;811 746;7;1;0;4;12;1
202200001229;811 745;50;6;0;1;1;3
202200001230;811 742;30;0;2;1;1;1
202200001230;811 743;7;0;2;4;16;1
202200001230;811 744;7;0;2;1;1;1
202200001231;811 740;1;0;0;4;1;5
202200001231;811 741;7;0;0;1;1;1
202200001232;811 738;7;0;2;3;15;1
202200001232;811 739;2;0;2;3;1;1
202200001233;811 736;7;0;2;2;12;1
202200001233;811 737;33;0;2;8;1;1
202200001234;811 734;7;0;2;6;1;1
202200001234;811 735;7;0;2;3;1;1
202200001235;811 732;3;0;2;7;2;1
202200001235;811 733;2;0;2;8;2;1
202200001236;811 730;15;0;2;6;1;1
202200001236;811 731;10;0;2;2;17;1
202200001237;811 728;7;0;2;1;1;1
202200001237;811 729;37;0;2;3;1;1
202200001238;811 725;10;0;2;7;2;1
202200001238;811 726;32;0;2;8;3;1
202200001238;811 727;32;0;2;1;3;1
202200001239;811 723;7;0;0;0;0;0
202200001239;811 724;34;0;0;0;0;1
202200001240;811 722;33;0;0;8;1;1
202200001241;811 720;7;0;2;3;1;1
202200001241;811 721;33;0;2;3;17;1
202200001242;811 718;31;8;2;2;5;1
202200001242;811 719;7;0;2;2;5;1
202200001243;811 717;33;8;0;1;0;1
202200001244;811 715;7;0;2;1;1;1
202200001244;811 716;34;0;0;4;1;1
202200001245;811 714;7;0;0;1;1;1
202200001246;811 712;7;0;2;1;15;1
202200001246;811 713;33;0;2;1;1;1
202200001247;811 710;7;0;2;2;14;1
202200001247;811 711;7;3;2;6;1;1
202200001248;811 709;32;16;0;0;1;1
202200001249;811 707;15;0;0;0;1;1
202200001249;811 708;7;3;2;1;2;1
202200001250;811 705;10;0;2;3;15;1
202200001250;811 706;33;0;2;3;17;1
202200001251;811 703;7;0;2;1;13;1
202200001251;811 704;15;0;2;1;1;1
202200001252;811 702;7;0;9;1;1;1
202200001253;811 700;7;12;2;3;1;1
202200001253;811 701;60;0;2;7;19;5
202200001254;811 698;7;0;2;1;13;1
202200001254;811 699;7;0;2;1;1;1
202200001255;811 697;7;15;0;1;0;1
202200001256;811 696;2;0;0;0;1;1
202200001257;811 695;7;17;0;1;1;1
202200001258;811 693;13;0;2;1;1;1
202200001258;811 694;2;0;2;8;15;1
202200001259;811 692;7;2;0;1;14;1
202200001260;811 690;7;0;2;4;2;1
202200001260;811 691;7;0;2;1;2;1
202200001261;811 689;33;0;6;1;1;1
202200001262;811 687;7;0;0;2;1;1
202200001262;811 688;7;0;2;1;9;1
202200001263;811 685;80;0;2;4;1;3
202200001263;811 686;7;0;2;2;1;1
202200001264;811 684;7;13;0;2;1;1
202200001265;811 683;33;13;0;1;1;1
202200001266;811 681;7;0;2;7;19;1
202200001266;811 682;33;0;2;1;1;1
202200001267;811 680;2;11;0;1;1;1
202200001268;811 676;7;0;2;1;13;1
202200001268;811 677;7;0;2;3;1;1
202200001269;811 675;33;0;0;3;1;1
202200001270;811 673;7;13;0;1;15;1
202200001270;811 674;7;0;0;1;1;1
202200001271;811 671;7;0;2;1;1;1
202200001271;811 672;7;0;2;1;1;1
202200001272;811 670;2;0;0;1;1;1
202200001273;811 669;7;0;1;2;1;1
202200001274;811 667;7;0;2;3;1;1
202200001274;811 668;7;0;2;3;1;1
202200001275;811 666;2;0;0;0;1;1
202200001276;811 664;7;0;2;3;5;1
202200001276;811 665;20;0;2;3;5;1
202200001277;811 662;34;0;2;1;13;1
202200001277;811 663;7;0;2;1;1;1
202200001278;811 661;7;0;1;1;0;0
202200001279;811 659;7;0;2;3;0;1
202200001279;811 660;7;0;2;3;0;1
202200001280;811 656;7;0;2;5;24;1
202200001280;811 657;7;0;2;7;12;1
202200001280;811 658;32;0;2;3;18;1
202200001281;811 654;33;0;2;1;1;1
202200001281;811 655;7;0;2;7;15;1
202200001282;811 651;7;0;2;1;5;1
202200001282;811 652;34;0;2;1;1;1
202200001282;811 653;32;0;2;3;1;1
202200001283;811 649;33;1;0;2;17;1
202200001283;811 650;10;1;2;6;23;0
202200001284;811 647;7;0;2;8;1;1
202200001284;811 648;50;0;2;7;19;3
202200001285;811 646;31;8;0;1;13;1
202200001286;811 644;33;0;2;8;1;1
202200001286;811 645;10;0;2;7;12;1
202200001287;811 642;7;0;2;1;1;3
202200001287;811 643;50;0;2;7;19;3
202200001288;811 640;7;0;2;1;1;0
202200001288;811 641;50;0;2;4;1;3
202200001289;811 638;37;0;2;2;1;3
202200001289;811 639;1;0;2;6;13;5
202200001290;811 636;34;0;2;2;1;1
202200001290;811 637;7;0;2;3;1;2
202200001291;811 634;7;0;2;2;1;1
202200001291;811 635;7;0;2;2;5;1
202200001292;811 633;50;12;0;3;1;3
202200001293;811 629;7;0;2;1;0;1
202200001293;811 630;7;1;2;2;9;1
202200001294;811 627;2;0;2;1;1;1
202200001294;811 628;10;0;2;3;10;1
202200001295;811 625;1;0;0;1;1;5
202200001295;811 626;50;0;0;1;5;3
202200001296;811 623;7;0;2;3;15;1
202200001296;811 624;7;0;2;3;1;1
202200001297;811 619;7;0;2;1;0;1
202200001297;811 620;7;0;2;0;0;1
202200001298;811 615;10;0;2;1;1;1
202200001298;811 616;7;0;2;6;1;2
202200001299;811 613;33;0;2;1;1;1
202200001299;811 614;7;0;2;3;9;1
202200001300;811 610;7;0;0;6;0;2
202200001300;811 611;7;0;2;2;9;1
202200001300;811 612;10;0;0;5;0;1
202200001301;811 608;7;0;2;3;13;1
202200001301;811 609;7;0;2;3;0;1
202200001302;811 605;7;0;2;4;19;1
202200001302;811 606;33;0;2;1;1;1
202200001302;811 607;7;13;0;1;1;1
202200001303;811 603;31;0;2;8;1;1
202200001303;811 604;17;0;0;0;15;1
202200001304;811 602;31;0;0;2;1;1
202200001305;811 601;13;13;0;7;14;1
202200001306;811 599;33;0;0;9;1;1
202200001306;811 600;7;0;0;0;1;1
202200001307;811 597;7;0;2;4;1;1
202200001307;811 598;7;0;2;5;21;1
202200001308;811 596;7;13;0;0;1;1
202200001309;811 595;32;0;0;0;1;1
202200001310;811 592;7;0;2;1;5;1
202200001310;811 593;10;0;2;8;1;1
202200001310;811 594;10;0;2;1;1;1
202200001311;811 591;2;8;0;1;1;1
202200001312;811 589;7;0;2;3;9;1
202200001312;811 590;80;0;2;2;1;3
202200001313;811 587;7;0;9;1;1;1
202200001313;811 588;1;0;2;7;19;5
202200001314;811 585;7;0;0;4;1;1
202200001314;811 586;31;0;2;1;1;1
202200001315;811 584;7;0;1;1;1;1
202200001316;811 582;7;0;2;2;1;1
202200001316;811 583;1;0;2;1;1;5
202200001317;811 580;1;0;2;4;2;5
202200001317;811 581;7;0;2;2;2;1
202200001318;811 579;35;0;0;0;1;1
202200001319;811 578;7;6;0;3;1;1
202200001320;811 577;7;17;0;1;14;1
202200001321;811 575;34;0;0;7;1;1
202200001322;811 574;7;2;0;1;13;1
202200001323;811 573;7;1;1;4;20;1
202200001324;811 572;2;13;0;1;14;1
202200001325;811 570;7;0;2;7;1;1
202200001325;811 571;10;0;2;1;1;1
202200001326;811 568;10;0;2;3;13;1
202200001326;811 569;7;0;2;3;1;1