Num_Acc;id_vehicule;categorie_vehicule;obstacle_fixe;obstacle_mobile;point_choc_initial;manoeuvre_principale;motorisation
202200001327;811 567;13;10;0;2;1;1
202200001328;811 566;7;2;0;8;0;1
202200001329;811 565;7;10;0;1;1;1
202200001330;811 564;7;2;0;0;1;1
202200001331;811 563;1;12;0;3;0;5
202200001332;811 562;7;0;0;9;0;1
202200001333;811 560;7;0;2;1;2;1
202200001333;811 561;7;0;2;4;2;1
202200001334;811 559;50;12;0;3;1;3
202200001335;811 556;7;0;0;4;1;1
202200001335;811 557;7;0;0;1;1;1
202200001335;811 558;7;0;0;1;1;1
202200001336;811 554;10;1;1;4;23;1
202200001336;811 555;7;0;0;4;26;1
202200001337;811 552;33;0;2;3;1;1
202200001337;811 553;7;0;2;2;1;1
202200001338;811 550;17;1;2;2;1;1
202200001338;811 551;7;0;2;8;22;1
202200001339;811 549;33;0;0;1;1;1
202200001340;811 548;7;2;0;2;1;1
202200001341;811 545;7;0;2;8;1;1
202200001341;811 546;10;0;2;3;1;1
202200001341;811 547;7;0;2;3;13;1
202200001342;811 544;7;3;0;3;1;1
202200001343;811 542;7;0;9;8;1;1
202200001343;811 543;1;0;2;3;1;5
202200001344;811 540;7;13;0;2;17;1
202200001344;811 541;14;0;0;0;15;0
202200001345;811 539;33;0;0;9;1;1
202200001346;811 538;33;3;0;7;15;1
202200001347;811 537;7;15;0;3;1;1
202200001348;811 536;7;6;0;1;1;1
202200001349;811 535;33;0;6;3;1;1
202200001350;811 533;1;0;2;8;1;5
202200001350;811 534;7;0;2;7;1;1
202200001351;811 532;7;8;0;2;1;1
202200001352;811 530;7;0;9;8;18;1
202200001352;811 531;1;0;2;7;12;5
202200001353;811 528;7;0;2;1;9;1
202200001353;811 529;7;0;0;7;1;1
202200001354;811 527;36;0;0;0;26;1
202200001355;811 525;7;0;2;5;1;1
202200001355;811 526;0;0;2;0;0;0
202200001356;811 523;7;0;2;1;2;1
202200001356;811 524;15;0;2;4;2;1
202200001357;811 520;7;0;2;4;2;1
202200001357;811 521;7;0;2;4;2;1
202200001357;811 522;7;0;2;1;2;1
202200001358;811 518;7;0;2;4;2;1
202200001358;811 519;17;0;2;7;12;1
202200001359;811 516;7;0;2;4;23;1
202200001359;811 517;10;0;2;1;14;1
202200001360;811 515;7;3;0;1;21;1
202200001361;811 513;7;0;2;5;1;1
202200001361;811 514;10;4;2;3;18;1
202200001362;811 510;7;0;2;7;1;2
202200001362;811 511;7;0;2;8;1;1
202200001362;811 512;33;0;2;2;3;1
202200001363;811 508;7;0;2;4;2;6
202200001363;811 509;7;0;2;1;2;6
202200001364;811 506;33;0;2;1;21;1
202200001364;811 507;33;0;2;5;12;1
202200001365;811 505;0;0;1;0;26;0
202200001366;811 504;10;8;0;1;1;1
202200001367;811 502;7;0;2;1;2;1
202200001367;811 503;7;0;2;6;2;1
202200001368;811 501;7;1;0;7;14;1
202200001369;811 500;7;0;1;4;26;1
202200001370;811 498;7;0;2;7;1;1
202200001370;811 499;7;0;2;1;1;1
202200001371;811 496;7;0;2;1;1;1
202200001371;811 497;7;0;2;1;0;1
202200001372;811 494;2;0;2;1;2;1
202200001372;811 495;3;0;2;4;23;1
202200001373;811 493;7;1;0;9;0;1
202200001374;811 492;30;0;1;1;0;1
202200001375;811 491;7;0;1;8;1;1
202200001376;811 489;7;0;2;3;15;1
202200001376;811 490;7;2;2;2;17;1
202200001377;811 488;7;0;1;2;1;1
202200001378;811 486;1;0;2;8;15;5
202200001378;811 487;7;0;2;3;16;1
202200001379;811 485;31;8;0;1;1;1
202200001380;811 483;33;0;2;4;1;1
202200001380;811 484;7;0;2;0;1;1
202200001381;811 480;31;0;0;0;1;1
202200001382;811 478;50;0;2;1;1;3
202200001382;811 479;7;0;2;3;15;1
202200001383;811 476;7;0;0;0;0;1
202200001383;811 477;30;0;0;0;0;1
202200001384;811 474;33;0;2;1;17;1
202200001384;811 475;7;0;2;8;15;1
202200001385;811 472;1;0;2;8;1;5
202200001385;811 473;7;0;2;1;9;1
202200001386;811 470;7;0;2;4;2;1
202200001386;811 471;2;0;2;1;2;1
202200001387;811 469;7;9;0;1;1;1
202200001388;811 467;7;0;9;2;1;1
202200001388;811 468;1;0;2;3;9;5
202200001389;811 465;7;0;2;0;26;1
202200001389;811 466;34;0;2;6;1;1
202200001390;811 464;7;2;0;1;6;1
202200001391;811 462;1;0;2;6;1;5
202200001391;811 463;7;0;9;2;1;0
202200001392;811 461;7;1;0;2;14;1
202200001393;811 459;50;0;2;1;19;3
202200001393;811 460;7;0;2;3;1;1
202200001394;811 458;30;0;0;2;26;1
202200001395;811 456;7;0;2;7;1;1
202200001395;811 457;3;0;2;1;26;3
202200001396;811 454;30;0;2;7;1;1
202200001396;811 455;7;0;2;3;16;3
202200001397;811 453;7;8;0;1;1;1
202200001398;811 451;7;0;2;8;15;1
202200001398;811 452;7;0;2;1;1;0
202200001399;811 449;7;0;2;3;9;1
202200001399;811 450;1;0;2;5;1;5
202200001400;811 448;7;12;0;1;1;1
202200001401;811 445;7;0;2;4;2;1
202200001401;811 446;33;0;2;4;2;1
202200001401;811 447;7;0;2;1;1;1
202200001402;811 443;32;0;2;8;18;1
202200001402;811 444;7;0;2;7;16;1
202200001403;811 442;7;0;0;9;1;1
202200001404;811 440;7;0;2;1;12;1
202200001404;811 441;7;0;2;4;1;1
202200001405;811 438;7;0;2;3;10;1
202200001405;811 439;2;0;2;1;1;1
202200001406;811 437;7;;;;;
202200001407;811 435;7;0;2;1;1;1
202200001407;811 436;7;0;2;4;1;1
202200001408;811 433;7;0;2;2;26;1
202200001408;811 434;2;0;2;1;17;3
202200001409;811 431;7;0;0;0;0;1
202200001409;811 432;1;0;0;0;0;5
202200001410;811 428;7;0;2;4;23;1
202200001410;811 429;7;0;2;6;23;1
202200001410;811 430;7;0;2;2;21;1
202200001411;811 426;7;0;2;3;15;1
202200001411;811 427;33;0;2;1;17;1
202200001412;811 425;7;0;1;1;1;1
202200001413;811 423;34;0;2;1;1;1
202200001413;811 424;7;0;2;0;10;0
202200001414;811 420;1;0;2;7;1;5
202200001414;811 421;7;0;2;7;1;1
202200001414;811 422;7;0;2;8;22;1
202200001415;811 418;7;0;2;8;15;2
202200001415;811 419;1;0;2;7;1;5
202200001416;811 417;37;0;1;2;7;2
202200001417;811 416;50;0;1;1;25;3
202200001418;811 414;7;0;2;5;16;1
202200001418;811 415;32;0;2;8;7;1
202200001419;811 412;7;0;2;1;1;1
202200001419;811 413;7;0;2;8;1;3
202200001420;811 410;7;0;0;4;2;1
202200001420;811 411;7;0;2;1;2;1
202200001421;811 408;10;0;2;4;9;1
202200001421;811 409;31;0;2;1;9;1
202200001422;811 407;1;0;1;4;1;5
202200001423;811 405;33;0;2;8;1;1
202200001423;811 406;7;0;2;1;15;1
202200001424;811 404;7;0;9;2;0;0
202200001425;811 402;7;0;2;1;2;1
202200001425;811 403;7;0;2;4;2;1
202200001426;811 398;30;0;2;3;3;1
202200001426;811 399;7;0;2;7;0;1
202200001426;811 400;7;0;2;8;0;1
202200001426;811 401;7;0;2;7;0;1
202200001427;811 397;7;0;1;2;1;1
202200001428;811 395;34;12;2;7;5;0
202200001428;811 396;7;0;2;1;5;1
202200001429;811 393;7;0;2;1;1;1
202200001429;811 394;7;0;2;8;1;1
202200001430;811 391;7;0;2;5;1;1
202200001430;811 392;7;0;2;1;1;1
202200001431;811 389;7;0;9;3;1;1
202200001431;811 390;2;0;2;5;1;1
202200001432;811 387;7;0;2;1;13;1
202200001432;811 388;7;0;2;1;1;1
202200001433;811 386;31;0;0;7;1;1
202200001434;811 384;7;3;2;3;13;1
202200001434;811 385;7;3;2;3;1;1
202200001435;811 382;7;0;2;8;1;1
202200001435;811 383;7;0;2;3;13;1
202200001436;811 381;7;0;1;2;1;1
202200001437;811 380;36;12;0;2;0;1
202200001438;811 379;33;13;0;3;1;1
202200001439;811 377;33;13;2;1;2;1
202200001439;811 378;80;13;0;4;2;3
202200001440;811 376;7;8;0;2;0;1
202200001441;811 375;1;13;0;8;13;5
202200001442;811 374;7;13;0;3;21;1
202200001443;811 372;7;0;2;3;1;1
202200001443;811 373;7;0;2;3;13;1
202200001444;811 370;7;0;2;6;1;1
202200001444;811 371;7;0;2;1;9;1
202200001445;811 369;10;6;0;1;1;1
202200001446;811 367;7;0;2;1;1;1
202200001446;811 368;7;0;2;1;1;1
202200001447;811 365;7;0;2;8;15;1
202200001447;811 366;33;0;0;1;17;1
202200001448;811 364;7;2;0;1;1;1
202200001449;811 362;7;0;2;4;13;1
202200001449;811 363;10;0;2;1;17;1
202200001450;811 360;14;0;0;0;1;1
202200001450;811 361;33;0;0;7;1;1
202200001451;811 358;7;0;2;1;1;1
202200001451;811 359;7;3;2;1;1;1
202200001452;811 357;7;0;5;2;0;1
202200001453;811 356;15;6;0;3;0;1
202200001454;811 355;7;7;2;1;0;1
202200001455;811 354;33;0;0;7;1;1
202200001456;811 352;7;0;2;3;1;1
202200001456;811 353;7;0;2;3;13;1
202200001457;811 351;7;13;0;3;1;1
202200001458;811 350;7;2;0;2;1;1
202200001459;811 349;7;0;0;2;1;1
202200001460;811 348;80;0;0;2;0;3
202200001461;811 346;7;0;2;3;1;1
202200001461;811 347;7;1;2;2;1;1
202200001462;811 344;33;0;2;1;19;1
202200001462;811 345;13;0;2;4;1;0
202200001463;811 341;7;0;0;4;1;1
202200001463;811 342;34;0;2;1;1;1
202200001464;811 340;7;0;0;4;1;1
202200001464;811 343;7;0;2;1;2;1
202200001465;811 339;1;0;0;0;1;5
202200001466;811 336;7;0;2;1;17;1
202200001466;811 337;7;0;2;3;15;1
202200001467;811 338;7;6;0;9;1;1
202200001468;811 333;7;0;2;3;9;1
202200001468;811 335;7;0;2;1;1;1
202200001469;811 334;10;6;0;8;13;1
202200001470;811 330;7;4;2;3;1;1
202200001470;811 331;7;0;2;1;1;1
202200001470;811 332;7;0;2;1;13;1
202200001471;811 328;7;0;2;1;19;0
202200001471;811 329;7;0;2;2;1;2
202200001472;811 326;7;0;0;4;1;1
202200001472;811 327;7;0;2;1;1;1
202200001473;811 325;7;3;0;3;1;1
202200001474;811 322;34;0;2;3;3;1
202200001474;811 323;7;0;2;7;1;1
202200001474;811 324;7;0;2;4;1;1
202200001475;811 320;7;0;2;4;2;1
202200001475;811 321;7;0;2;1;2;1
202200001476;811 319;7;0;1;3;13;1
202200001477;811 316;33;0;2;7;3;1
202200001477;811 317;7;0;2;8;11;1
202200001477;811 318;7;0;2;4;1;1
202200001478;811 314;15;0;2;2;14;1
202200001478;811 315;7;0;2;8;1;1
202200001479;811 312;10;0;2;4;2;1
202200001479;811 313;7;0;2;1;2;1
202200001480;811 311;7;3;0;9;1;1
202200001481;811 309;7;0;2;6;12;1
202200001481;811 310;7;0;2;3;1;1
202200001482;811 307;33;0;2;1;3;1
202200001482;811 308;7;0;2;4;11;1
202200001483;811 306;30;0;1;3;17;1
202200001484;811 303;33;0;2;1;17;1
202200001484;811 304;33;0;2;7;17;1
202200001485;811 302;7;0;0;9;1;1
202200001485;811 305;7;4;2;2;17;1
202200001486;811 299;7;0;2;0;0;1
202200001486;811 301;33;0;2;1;0;1
202200001487;811 298;7;3;2;1;0;2
202200001487;811 300;7;3;0;4;0;0
202200001488;811 297;7;0;1;4;4;1
202200001489;811 293;33;0;2;7;16;1
202200001489;811 295;7;0;2;8;1;2
202200001489;811 296;7;0;2;2;1;1
202200001490;811 292;1;0;2;7;0;5
202200001490;811 294;7;0;9;1;9;1
202200001491;811 290;30;0;0;1;1;1
202200001492;811 289;1;0;2;1;13;5
202200001492;811 291;10;0;2;1;1;1
202200001493;811 287;30;0;2;1;1;1
202200001493;811 288;7;0;2;8;10;1
202200001494;811 285;7;0;2;2;15;1
202200001494;811 286;32;0;2;1;1;1
202200001495;811 283;7;0;2;2;14;1
202200001495;811 284;2;0;2;1;1;1
202200001496;811 281;7;0;2;2;1;1
202200001496;811 282;33;0;2;3;1;1
202200001497;811 279;32;0;2;7;17;1
202200001497;811 280;7;0;2;3;15;1
202200001498;811 277;7;0;2;3;15;1
202200001498;811 278;33;0;2;3;1;1
202200001499;811 276;7;8;0;1;13;1
202200001500;811 274;7;0;2;1;1;1
202200001500;811 275;7;0;2;1;5;1
202200001501;811 271;10;0;2;1;2;1
202200001501;811 272;7;0;2;4;2;1
202200001501;811 273;7;0;2;4;2;1
202200001502;811 269;7;0;2;2;1;2
202200001502;811 270;31;0;2;1;1;1
202200001503;811 268;7;1;0;1;2;1
202200001504;811 266;7;0;0;0;0;1
202200001504;811 267;10;0;2;1;20;0
202200001505;811 264;2;0;2;8;1;1
202200001505;811 265;7;0;2;2;20;1
202200001506;811 263;7;0;1;4;4;1
202200001507;811 262;7;8;0;3;9;2
202200001508;811 257;7;1;0;2;0;1
202200001508;811 258;7;0;2;2;21;1
202200001509;811 256;7;14;0;9;6;1
202200001510;811 255;7;0;1;1;16;1
202200001511;811 253;7;0;2;3;23;1
202200001511;811 254;7;2;2;2;12;1
202200001512;811 252;33;2;0;1;13;1
202200001513;811 251;33;3;0;8;1;1
202200001514;811 249;7;0;2;1;0;1
202200001514;811 250;7;0;2;3;0;1
202200001515;811 247;7;0;2;0;1;1
202200001515;811 248;7;0;2;1;13;1
202200001516;811 245;1;0;2;4;1;5
202200001516;811 246;7;0;2;2;14;1
202200001517;811 244;40;0;1;2;1;3
202200001518;811 242;7;0;2;3;2;2
202200001518;811 243;1;0;2;2;0;5
202200001519;811 241;30;0;1;0;26;1
202200001520;811 240;1;0;0;0;23;5
202200001521;811 238;10;0;2;0;1;1
202200001521;811 239;7;0;2;2;19;1
202200001522;811 236;1;0;2;1;26;5
202200001522;811 237;7;0;9;1;15;1
202200001523;811 235;7;1;0;1;15;1
202200001524;811 233;2;0;2;7;26;1
202200001524;811 234;7;0;2;3;9;1
202200001525;811 231;7;0;2;8;11;1
202200001525;811 232;33;0;2;1;1;1
202200001526;811 229;7;0;2;1;15;1
202200001526;811 230;7;0;2;1;1;1
202200001527;811 227;33;0;2;1;1;1
202200001527;811 228;7;0;2;1;16;1
202200001528;811 225;7;0;2;0;1;1
202200001528;811 226;7;0;2;0;15;1
202200001529;811 223;7;2;0;8;15;1
202200001529;811 224;33;0;2;2;17;1
202200001530;811 221;33;12;2;7;11;1
202200001530;811 222;7;0;2;8;1;1
202200001531;811 219;7;0;2;3;9;1
202200001531;811 220;50;0;2;2;1;3
202200001532;811 218;50;0;1;1;1;3
202200001533;811 216;10;0;2;1;1;1
202200001533;811 217;7;0;2;8;15;1
202200001534;811 214;15;0;2;5;16;1
202200001534;811 215;50;0;2;8;1;3
202200001535;811 213;7;0;1;1;1;1
202200001536;811 212;7;0;1;1;15;1
202200001537;811 210;7;0;2;4;26;1
202200001537;811 211;33;0;2;1;1;1
202200001538;811 209;7;1;0;9;1;1
202200001539;811 207;10;0;2;7;19;1
202200001539;811 208;30;0;2;1;1;1
202200001540;811 205;7;0;2;6;23;1
202200001540;811 206;2;0;2;2;21;1
202200001541;811 204;10;0;1;5;4;1
202200001542;811 203;7;0;1;0;1;0
202200001543;811 201;7;0;2;5;23;2
202200001543;811 202;2;0;2;1;2;1
202200001544;811 200;7;0;1;3;16;1
202200001545;811 198;7;0;2;8;15;1
202200001545;811 199;30;0;2;7;17;0
202200001546;811 196;50;0;2;3;25;3
202200001546;811 197;99;0;9;2;16;1
202200001547;811 195;7;0;1;1;1;1
202200001548;811 193;1;1;0;1;1;5
202200001548;811 194;7;0;2;8;22;1
202200001549;811 191;7;0;2;1;15;1
202200001549;811 192;32;0;2;1;1;1
202200001550;811 190;1;0;1;1;1;5
202200001551;811 189;7;6;0;2;1;1
202200001552;811 187;7;0;2;3;13;1
202200001552;811 188;7;0;2;3;0;0
202200001553;811 186;7;0;1;8;26;0
202200001554;811 184;31;0;2;1;21;1
202200001554;811 185;7;0;2;6;21;1
202200001555;811 183;7;6;0;7;14;1
202200001556;811 181;7;0;1;1;0;1
202200001556;811 182;7;0;2;1;2;1
202200001557;811 178;7;0;2;3;15;1
202200001557;811 179;15;0;2;2;23;1
202200001557;811 180;10;0;2;6;1;1
202200001558;811 176;7;0;2;8;1;1
202200001558;811 177;7;0;2;3;13;1
202200001559;811 174;40;0;2;2;1;3
202200001559;811 175;7;8;4;3;15;1
202200001560;811 172;30;0;2;1;14;1
202200001560;811 173;32;0;2;6;0;1
202200001561;811 170;7;0;2;4;2;1
202200001561;811 171;30;0;2;1;2;1
202200001562;811 168;2;0;2;8;1;1
202200001562;811 169;7;0;2;1;15;1
202200001563;811 167;7;0;1;1;1;3
202200001564;811 166;7;0;1;1;1;0
202200001565;811 165;7;0;1;7;1;1
202200001566;811 163;10;0;2;5;1;1
202200001566;811 164;33;0;2;2;14;1
202200001567;811 161;33;1;2;1;1;1
202200001567;811 162;7;0;2;3;15;1
202200001568;811 160;10;0;1;2;1;1
202200001569;811 158;7;0;2;1;23;1
202200001569;811 159;33;0;2;1;2;1
202200001570;811 156;7;0;2;7;16;2
202200001570;811 157;30;0;2;1;18;1
202200001571;811 154;50;0;2;4;13;3
202200001571;811 155;1;0;2;1;17;5
202200001572;811 151;7;0;2;2;1;2
202200001572;811 152;13;0;2;2;1;1
202200001572;811 153;7;3;2;3;13;1
202200001573;811 149;37;0;2;8;15;1
202200001573;811 150;30;8;2;1;17;1
202200001574;811 147;1;0;2;1;1;5
202200001574;811 148;7;0;2;8;22;1
202200001575;811 145;7;0;2;1;2;1
202200001575;811 146;32;0;2;4;2;1
202200001576;811 141;32;0;2;1;1;1
202200001576;811 143;34;0;2;4;23;1
202200001577;811 142;7;0;2;8;20;0
202200001577;811 144;30;0;2;2;17;1
202200001578;811 140;7;0;1;0;15;2
202200001579;811 137;10;0;1;1;1;1
202200001580;811 138;30;0;2;1;2;1
202200001580;811 139;7;0;2;4;23;2
202200001581;811 135;32;0;2;1;1;1
202200001581;811 136;7;0;0;6;15;1
202200001582;811 133;0;14;2;0;26;0
202200001583;811 132;31;0;2;6;1;1
202200001583;811 134;7;0;2;3;1;1
202200001584;811 130;7;0;2;3;1;2
202200001584;811 131;30;0;2;7;15;1
202200001585;811 127;7;0;2;1;0;1
202200001585;811 129;7;1;0;6;4;1
202200001586;811 128;1;0;1;1;1;5
202200001587;811 125;32;0;2;2;17;1
202200001587;811 126;7;0;2;3;15;1
202200001588;811 123;13;0;2;4;2;1
202200001588;811 124;7;0;2;2;2;1
202200001589;811 121;7;0;2;4;2;1
202200001589;811 122;32;0;2;1;2;1
202200001590;811 118;7;0;2;3;1;1
202200001590;811 119;7;0;2;2;1;2
202200001590;811 120;1;0;2;4;24;5
202200001591;811 114;32;0;2;1;1;1
202200001591;811 116;7;0;2;6;1;1
202200001592;811 113;33;0;0;1;0;1
202200001593;811 112;7;13;0;7;1;1
202200001594;811 115;10;0;2;1;15;1
202200001594;811 117;33;0;2;1;1;1
202200001595;811 111;31;6;0;7;0;0
202200001596;811 109;2;0;2;1;1;1
202200001596;811 110;10;0;2;1;15;1
202200001597;811 107;7;13;0;1;14;1
202200001598;811 106;7;6;0;7;1;1
202200001599;811 105;7;0;2;1;2;1
202200001599;811 108;7;0;2;8;1;2
202200001600;811 103;32;0;1;1;1;1
202200001601;811 104;7;2;0;1;1;1
202200001602;811 102;1;0;0;0;1;5
202200001603;811 101;7;0;2;2;16;1
202200001604;811 100;33;13;0;1;1;1
202200001605;811 099;7;0;1;7;1;1
202200001606;811 097;1;0;2;1;9;5
202200001606;811 098;7;0;2;2;26;1
202200001607;811 096;2;0;0;0;1;1
202200001608;811 094;1;0;2;0;5;5
202200001608;811 095;7;0;2;0;1;1
202200001609;811 093;7;0;1;2;1;1
202200001610;811 090;10;0;2;3;1;1
202200001610;811 092;7;0;2;1;13;1
202200001611;811 089;33;0;2;0;0;1
202200001611;811 091;10;0;2;2;26;1
202200001612;811 086;7;0;2;8;13;1
202200001612;811 088;31;0;2;3;1;1
202200001613;811 085;50;0;2;1;1;3
202200001613;811 087;10;0;9;7;16;1
202200001614;811 083;33;0;2;1;1;1
202200001614;811 084;7;0;2;2;15;1
202200001615;811 082;7;0;1;1;17;1
202200001616;811 081;33;0;0;8;26;1
202200001617;811 080;7;4;0;9;2;1
202200001618;811 079;7;2;0;3;0;1
202200001619;811 078;10;0;1;1;15;1
202200001620;811 076;7;0;2;2;2;1
202200001620;811 077;1;0;2;4;2;5
202200001621;811 074;33;0;2;1;26;1
202200001621;811 075;7;0;2;2;15;1
202200001622;811 073;7;0;0;0;26;1
202200001623;811 071;30;13;0;1;1;1
202200001624;811 070;34;0;2;1;2;1
202200001624;811 072;7;0;2;5;1;1
202200001625;811 068;10;0;1;4;4;3
202200001626;811 067;7;0;2;8;15;1
202200001626;811 069;33;0;2;1;17;1
202200001627;811 064;7;0;2;8;10;1
202200001627;811 066;34;0;2;2;1;1
202200001628;811 060;32;1;0;1;13;1
202200001628;811 062;7;0;2;1;24;1
202200001629;811 059;33;16;0;3;14;1
202200001630;811 058;7;15;0;2;1;1
202200001631;811 054;1;0;2;4;1;5
202200001631;811 055;7;0;2;2;17;1
202200001632;811 052;7;0;2;2;1;2
202200001632;811 053;7;0;2;1;5;1
202200001633;811 051;7;13;0;2;1;1
202200001634;811 049;31;0;0;0;0;1
202200001635;811 048;7;0;2;2;15;1
202200001635;811 050;33;0;2;1;1;1
202200001636;811 045;17;0;0;6;1;1
202200001636;811 047;7;0;2;1;12;1
202200001637;811 044;7;0;2;3;16;1
202200001637;811 046;1;0;2;1;1;5
202200001638;811 043;7;0;1;3;1;1
202200001639;811 042;14;13;0;7;14;1
202200001640;811 040;1;0;2;3;16;5
202200001640;811 041;37;0;2;3;1;1
202200001641;811 035;15;0;0;6;2;1
202200001641;811 037;7;0;2;2;2;1
202200001642;811 033;7;0;9;0;0;1
202200001642;811 036;7;0;9;0;0;1
202200001642;811 038;17;0;0;0;0;1
202200001642;811 039;7;0;2;1;0;1
202200001643;811 032;14;0;2;2;17;1
202200001643;811 034;7;0;2;6;1;1
202200001644;811 029;7;0;2;3;0;1
202200001644;811 031;33;0;2;3;1;1
202200001645;811 028;10;0;2;1;1;1
202200001645;811 030;7;0;2;1;5;1
202200001646;811 025;7;0;2;8;15;1
202200001646;811 027;10;0;2;3;21;1
202200001647;811 023;33;9;0;1;26;1
202200001648;811 021;7;0;2;3;9;1
202200001648;811 022;33;0;2;5;1;1
202200001649;811 020;7;15;0;1;1;1
202200001650;811 019;7;0;1;1;1;1
202200001651;811 017;10;0;2;2;14;1
202200001651;811 018;1;0;2;3;1;5
202200001652;811 016;7;2;0;1;14;1
202200001653;811 013;10;0;2;3;1;1
202200001653;811 015;7;0;2;3;13;1
202200001654;811 014;7;6;0;2;1;1
202200001655;811 010;7;0;2;2;16;1
202200001655;811 012;33;0;2;1;2;1
202200001656;811 011;10;0;1;1;20;1
202200001657;811 008;7;0;0;3;1;1
202200001658;811 007;7;0;2;1;1;1
202200001658;811 009;7;0;2;1;13;1
202200001659;811 005;7;0;2;3;1;1
202200001659;811 006;7;0;2;3;1;1
202200001660;811 004;7;0;1;6;1;1
202200001661;811 003;31;13;0;0;0;1
202200001662;811 002;38;0;1;3;1;1
202200001663;811 000;1;0;0;4;2;5
202200001663;811 001;10;0;2;2;2;1
202200001664;810 998;32;0;0;7;1;3
202200001665;810 997;7;13;0;0;1;1
202200001666;810 994;7;3;0;9;1;1
202200001667;810 995;10;0;2;1;1;1
202200001667;810 996;99;0;2;1;13;1
202200001668;810 992;7;0;2;3;5;1
202200001668;810 993;7;0;2;3;1;1
202200001669;810 990;2;0;2;1;1;1
202200001669;810 991;7;0;2;2;15;1
202200001670;810 988;7;0;2;3;5;1
202200001670;810 989;7;0;2;3;1;1
202200001671;810 985;1;0;2;1;1;5
202200001671;810 987;7;0;9;2;15;1
202200001672;810 986;13;6;1;5;4;1
202200001673;810 984;7;1;0;0;1;1
202200001674;810 982;7;0;0;2;16;1
202200001674;810 983;2;0;2;1;18;1
202200001675;810 979;7;4;0;6;13;1
202200001675;810 981;7;0;2;2;17;1
202200001676;810 978;10;0;2;1;19;1
202200001676;810 980;36;0;0;7;1;1
202200001677;810 974;2;0;0;4;2;1
202200001677;810 976;2;0;2;4;2;1
202200001677;810 977;7;0;2;1;2;1
202200001678;810 973;7;0;2;1;19;1
202200001678;810 975;7;0;2;3;1;1
202200001679;810 970;10;13;2;1;17;1
202200001679;810 972;7;13;2;1;5;1
202200001680;810 968;7;0;2;1;2;1
202200001680;810 969;7;0;2;4;23;1
202200001680;810 971;7;0;2;4;23;1
202200001681;810 966;7;0;2;7;15;1
202200001681;810 967;2;0;2;7;1;1
202200001682;810 965;2;12;0;1;1;1
202200001683;810 963;80;0;0;9;1;3
202200001684;810 962;10;0;2;3;1;1
202200001684;810 964;30;0;2;3;13;1
202200001685;810 959;7;0;2;3;15;1
202200001685;810 961;31;0;2;1;1;1
202200001686;810 958;33;0;2;1;2;1
202200001686;810 960;7;0;0;8;15;1
202200001687;810 956;10;0;2;3;10;1
202200001687;810 957;15;0;2;2;1;1
202200001688;810 954;7;0;2;2;13;1
202200001688;810 955;7;0;2;1;1;2
202200001689;810 952;7;0;2;2;15;1
202200001689;810 953;33;0;2;1;17;1
202200001690;810 949;7;3;2;3;19;1
202200001690;810 951;7;0;2;1;1;1
202200001691;810 950;7;13;0;1;1;1
202200001692;810 948;33;0;0;0;2;1
202200001693;810 946;1;0;0;1;1;5
202200001694;810 945;7;0;2;7;13;1
202200001694;810 947;7;0;2;3;1;1
202200001695;810 943;2;0;0;0;0;1
202200001696;810 942;7;0;2;3;1;1
202200001696;810 944;7;11;2;3;5;1
202200001697;810 941;7;13;0;1;1;1
202200001698;810 939;33;0;2;1;1;1
202200001698;810 940;10;0;2;5;23;1
202200001699;810 936;33;0;2;7;0;1
202200001699;810 937;7;0;2;8;0;1
202200001700;810 935;7;0;2;2;15;1
202200001700;810 938;33;0;2;8;1;1
202200001701;810 933;7;0;2;2;0;1
202200001701;810 934;7;0;0;6;1;1
202200001702;810 932;7;4;0;1;1;1
202200001703;810 931;7;0;1;2;1;1
202200001704;810 928;15;0;2;6;1;1
202200001704;810 930;7;0;2;7;1;1
202200001705;810 927;7;0;0;3;0;1
202200001705;810 929;7;0;2;1;0;0
202200001706;810 926;1;13;0;2;14;5
202200001707;810 922;7;0;2;1;2;1
202200001707;810 924;7;0;2;4;2;1
202200001708;810 921;7;0;2;4;1;1
202200001708;810 925;33;0;2;1;3;1
202200001709;810 919;33;4;2;7;17;1
202200001710;810 913;10;0;2;1;2;1
202200001710;810 915;7;0;2;4;2;1
202200001710;810 917;7;0;2;4;2;1
202200001710;810 918;10;0;2;4;2;1
202200001711;810 912;7;0;2;4;2;1
202200001711;810 914;33;0;2;1;2;1
202200001712;810 911;7;0;2;4;23;1
202200001712;810 916;7;0;2;1;1;1
202200001713;810 910;33;0;0;0;1;1
202200001714;810 909;17;3;0;7;14;1
202200001715;810 908;7;8;0;1;1;1
202200001716;810 905;34;0;2;0;0;0
202200001716;810 907;7;0;2;0;0;0
202200001717;810 903;10;0;2;1;2;1
202200001717;810 904;7;0;2;4;2;1
202200001717;810 906;7;0;2;4;2;1
202200001718;810 902;1;12;0;1;14;5
202200001719;810 899;7;0;2;4;2;1
202200001719;810 901;7;0;2;1;2;1
202200001720;810 895;33;0;2;1;3;1
202200001720;810 896;10;0;2;7;12;1
202200001721;810 894;7;0;2;7;22;1
202200001721;810 898;34;0;2;1;1;1
202200001721;810 900;7;0;2;4;1;1
202200001722;810 893;10;0;0;0;0;0
202200001722;810 897;1;0;2;0;0;5
202200001723;810 889;34;0;2;5;0;1
202200001723;810 890;7;0;2;1;26;1
202200001723;810 892;34;0;2;1;0;1
202200001724;810 888;33;0;2;1;1;1
202200001724;810 891;7;0;2;5;13;1
202200001725;810 887;33;8;0;9;1;1
202200001726;810 884;7;0;2;6;11;1
202200001726;810 886;7;0;2;2;1;1
202200001727;810 883;10;0;2;1;12;1
202200001727;810 885;43;0;2;4;3;1
202200001728;810 882;33;0;2;1;3;1
202200001729;810 881;30;0;0;0;1;1