Num_Acc;id_vehicule;categorie_vehicule;obstacle_fixe;obstacle_mobile;point_choc_initial;manoeuvre_principale;motorisation
202200001730;810 877;33;0;2;3;3;1
202200001730;810 879;10;0;2;2;12;1
202200001731;810 875;7;0;2;1;2;1
202200001731;810 876;7;0;2;2;21;1
202200001731;810 878;7;0;2;9;2;1
202200001731;810 880;7;0;2;9;2;1
202200001732;810 874;7;11;0;1;26;1
202200001733;810 872;7;3;0;8;11;1
202200001733;810 873;15;0;2;2;1;1
202200001734;810 870;7;0;2;3;1;1
202200001734;810 871;32;0;2;2;3;1
202200001735;810 867;7;0;2;4;1;1
202200001735;810 869;7;0;2;1;2;1
202200001736;810 868;7;4;0;2;14;1
202200001737;810 864;32;0;2;1;14;1
202200001737;810 866;7;0;2;4;1;1
202200001738;810 862;7;0;2;1;1;1
202200001738;810 863;7;4;2;4;2;1
202200001738;810 865;10;0;2;4;2;1
202200001739;810 860;7;0;1;1;1;1
202200001740;810 858;1;0;2;8;19;5
202200001740;810 859;7;0;9;1;11;1
202200001741;810 856;30;6;0;1;1;1
202200001742;810 857;7;3;2;8;13;1
202200001742;810 861;15;0;2;1;1;0
202200001743;810 854;2;0;2;7;1;1
202200001743;810 855;7;0;2;8;1;1
202200001744;810 850;10;0;2;3;1;1
202200001744;810 853;33;0;1;1;1;1
202200001745;810 852;7;6;0;1;1;1
202200001746;810 849;7;0;5;4;1;0
202200001746;810 851;7;0;2;1;1;0
202200001747;810 844;7;0;2;1;1;1
202200001747;810 846;7;0;2;4;1;1
202200001748;810 845;7;0;2;8;10;1
202200001748;810 848;33;0;2;1;1;1
202200001749;810 841;7;0;2;1;9;1
202200001749;810 843;37;0;2;7;1;1
202200001750;810 840;10;0;1;3;2;1
202200001751;810 842;36;0;2;3;1;1
202200001751;810 847;7;0;2;3;15;1
202200001752;810 839;7;0;1;7;11;0
202200001753;810 836;7;0;2;8;1;1
202200001753;810 838;7;0;2;3;5;1
202200001754;810 835;50;0;2;7;1;3
202200001754;810 837;7;0;9;1;9;1
202200001755;810 832;7;0;2;2;20;1
202200001755;810 834;37;0;2;1;1;3
202200001756;810 830;7;0;2;3;13;1
202200001756;810 833;7;0;2;3;1;1
202200001757;810 828;2;0;0;2;16;1
202200001757;810 831;2;0;2;1;2;1
202200001758;810 827;1;0;2;1;15;5
202200001758;810 829;7;0;2;5;16;1
202200001759;810 825;50;0;2;3;2;3
202200001759;810 826;7;0;9;8;24;1
202200001760;810 824;7;1;0;2;14;1
202200001761;810 822;7;0;2;1;1;1
202200001761;810 823;50;;2;;5;3
202200001762;810 820;36;0;0;0;1;1
202200001763;810 821;7;0;1;1;15;1
202200001764;810 818;1;0;2;1;5;5
202200001764;810 819;7;0;2;2;15;1
202200001765;810 816;7;0;1;2;1;1
202200001766;810 815;7;4;0;0;0;1
202200001767;810 814;10;0;0;0;0;0
202200001767;810 817;10;0;0;0;0;0
202200001768;810 810;34;0;2;1;0;1
202200001768;810 812;7;0;2;7;15;1
202200001769;810 811;7;0;1;1;1;1
202200001770;810 809;10;0;2;3;1;1
202200001770;810 813;10;0;2;2;1;1
202200001771;810 805;13;0;1;3;26;4
202200001772;810 804;33;0;2;1;1;1
202200001772;810 807;7;0;2;3;9;1
202200001773;810 803;2;0;0;8;15;1
202200001774;810 800;7;0;2;1;15;1
202200001774;810 802;50;0;2;3;19;3
202200001775;810 795;7;0;2;3;23;1
202200001775;810 798;7;0;2;2;1;1
202200001776;810 794;7;0;2;3;15;1
202200001776;810 799;33;0;2;8;1;1
202200001777;810 793;0;0;0;0;26;0
202200001778;810 791;7;13;0;1;1;1
202200001779;810 788;33;0;1;1;1;0
202200001780;810 787;7;0;1;2;15;1
202200001781;810 786;7;8;0;1;1;1
202200001782;810 785;7;3;0;1;14;1
202200001783;810 780;7;0;2;1;15;1
202200001783;810 784;33;0;2;1;0;1
202200001784;810 778;7;0;2;1;16;1
202200001784;810 783;7;0;2;7;1;1
202200001785;810 777;7;0;2;3;1;1
202200001785;810 781;7;0;2;2;15;1
202200001786;810 776;7;0;2;1;1;2
202200001786;810 779;7;0;2;1;0;1
202200001786;810 782;15;0;2;4;2;1
202200001787;810 775;7;2;0;2;1;1
202200001788;810 774;7;0;0;9;6;1
202200001789;810 772;7;6;0;2;1;1
202200001790;810 769;30;1;0;1;11;1
202200001791;810 768;7;0;1;3;1;1
202200001792;810 766;7;0;2;2;1;1
202200001792;810 770;7;0;2;2;1;1
202200001793;810 764;7;0;1;3;1;0
202200001794;810 765;7;12;2;3;1;1
202200001794;810 767;7;0;2;2;2;1
202200001795;810 763;1;0;1;1;1;5
202200001796;810 762;7;0;1;1;1;1
202200001797;810 761;33;9;0;2;14;1
202200001798;810 760;34;2;0;2;14;1
202200001799;810 757;7;0;9;1;15;1
202200001799;810 759;1;0;2;1;1;5
202200001800;810 755;7;0;2;4;20;1
202200001800;810 758;7;0;2;1;1;3
202200001801;810 753;7;1;0;3;1;1
202200001802;810 752;7;13;0;2;1;1
202200001803;810 749;99;;;;;
202200001804;810 751;7;0;2;2;1;0
202200001804;810 754;7;0;2;3;16;1
202200001805;810 746;7;0;2;3;1;1
202200001805;810 748;33;6;2;6;17;1
202200001806;810 744;7;0;1;1;15;0
202200001807;810 741;7;0;1;1;9;1
202200001808;810 738;1;0;0;0;0;5
202200001808;810 740;7;0;0;0;0;0
202200001809;810 736;7;0;2;2;1;1
202200001809;810 739;1;0;2;3;19;5
202200001810;810 733;7;0;2;7;1;3
202200001810;810 735;7;0;2;8;13;1
202200001811;810 732;7;0;2;2;1;1
202200001811;810 734;7;0;2;1;9;1
202200001812;810 731;0;0;1;0;0;0
202200001813;810 729;7;0;2;8;1;1
202200001813;810 730;14;0;2;2;12;1
202200001814;810 725;7;2;0;1;1;1
202200001815;810 727;33;0;0;0;1;1
202200001816;810 719;7;0;2;1;2;1
202200001816;810 720;7;0;2;1;2;1
202200001816;810 722;7;0;2;1;2;1
202200001816;810 723;7;0;2;1;2;1
202200001816;810 724;7;0;2;4;2;2
202200001817;810 716;30;0;1;1;1;1
202200001818;810 717;7;0;2;1;1;1
202200001818;810 721;7;0;2;1;5;1
202200001819;810 713;7;0;2;0;0;1
202200001819;810 715;33;0;2;1;0;1
202200001820;810 710;32;0;0;8;0;1
202200001821;810 714;7;0;2;1;5;1
202200001821;810 718;10;0;2;1;0;1
202200001822;810 709;13;0;2;7;0;0
202200001822;810 711;99;0;2;4;2;3
202200001822;810 712;7;0;2;3;18;1
202200001823;810 708;32;6;0;1;14;1
202200001824;810 706;1;0;2;1;1;5
202200001824;810 707;7;9;0;1;1;1
202200001825;810 703;40;0;1;1;1;3
202200001826;810 704;7;0;0;3;13;1
202200001827;810 705;10;0;1;3;1;0
202200001828;810 701;0;;;;;
202200001828;810 702;7;0;2;1;15;2
202200001829;810 697;7;0;2;4;4;1
202200001829;810 699;80;0;2;1;1;5
202200001830;810 698;33;0;2;6;15;1
202200001830;810 700;7;1;0;3;1;1
202200001831;810 694;7;0;2;1;2;1
202200001831;810 695;7;0;2;4;2;1
202200001831;810 696;7;0;2;4;2;1
202200001832;810 692;1;0;2;8;1;5
202200001832;810 693;7;0;2;7;12;1
202200001833;810 691;99;7;0;3;1;1
202200001834;810 688;7;0;2;3;1;1
202200001834;810 690;1;0;2;1;1;5
202200001835;810 687;1;0;2;0;15;5
202200001835;810 689;7;0;9;8;1;3
202200001836;810 685;32;0;1;8;1;1
202200001837;810 684;3;0;2;3;1;1
202200001837;810 686;14;0;2;3;1;1
202200001838;810 682;7;8;0;1;1;1
202200001839;810 681;10;0;2;1;1;1
202200001839;810 683;50;0;2;7;1;3
202200001840;810 678;7;0;2;3;15;1
202200001840;810 679;32;0;2;1;1;1
202200001841;810 676;7;0;1;3;15;1
202200001842;810 677;7;2;0;3;1;1
202200001843;810 672;32;0;2;4;19;0
202200001843;810 674;3;0;2;1;19;0
202200001844;810 673;7;0;1;2;1;1
202200001845;810 671;10;0;2;1;16;1
202200001845;810 675;1;0;2;8;1;5
202200001846;810 670;7;0;1;1;9;1
202200001847;810 668;7;9;0;2;1;1
202200001848;810 667;7;0;2;1;1;1
202200001848;810 669;7;0;2;8;10;1
202200001849;810 665;7;0;0;2;2;1
202200001849;810 666;31;0;0;3;2;1
202200001850;810 664;7;7;0;1;1;1
202200001851;810 662;7;0;2;7;22;1
202200001851;810 663;1;1;0;1;2;5
202200001852;810 661;7;4;0;2;0;1
202200001853;810 657;10;0;2;1;5;1
202200001853;810 658;7;0;2;1;1;1
202200001854;810 656;7;0;2;3;9;1
202200001854;810 659;2;0;2;1;1;1
202200001855;810 655;7;0;1;1;1;1
202200001856;810 654;7;0;0;0;0;1
202200001857;810 653;33;0;0;0;17;1
202200001858;810 651;7;13;0;8;21;1
202200001859;810 650;7;0;1;3;21;1
202200001860;810 649;7;0;2;1;1;1
202200001860;810 652;7;0;2;1;13;1
202200001861;810 647;7;0;9;0;15;1
202200001862;810 645;7;0;2;1;19;1
202200001862;810 648;7;0;0;8;1;1
202200001863;810 644;2;0;2;1;1;1
202200001863;810 646;3;0;2;1;15;1
202200001864;810 642;7;0;1;2;15;1
202200001865;810 641;33;0;0;0;0;1
202200001865;810 643;3;0;2;8;2;1
202200001866;810 639;7;0;1;0;1;0
202200001867;810 636;7;0;2;1;2;1
202200001867;810 638;7;0;2;1;15;1
202200001868;810 634;39;7;1;1;1;3
202200001869;810 635;7;0;0;4;1;1
202200001869;810 637;7;1;0;1;2;1
202200001869;810 640;7;1;0;1;1;1
202200001870;810 633;7;0;1;1;1;1
202200001871;810 631;33;0;2;5;1;1
202200001871;810 632;7;0;2;3;11;1
202200001872;810 630;7;0;1;1;1;1
202200001873;810 628;7;0;0;1;12;1
202200001874;810 627;7;1;2;1;2;1
202200001874;810 629;7;0;2;4;23;1
202200001875;810 626;2;0;1;1;17;1
202200001876;810 623;7;0;2;1;2;1
202200001876;810 624;7;0;2;4;1;1
202200001877;810 621;7;4;2;2;14;1
202200001877;810 625;7;3;0;8;1;2
202200001878;810 622;43;6;0;8;2;1
202200001879;810 619;7;0;2;3;1;1
202200001879;810 620;10;0;2;3;13;1
202200001880;810 614;7;0;2;4;1;1
202200001880;810 617;7;0;2;1;0;1
202200001881;810 613;7;0;9;7;16;
202200001881;810 615;50;0;2;8;19;3
202200001882;810 611;7;0;2;3;5;1
202200001882;810 616;7;0;2;3;1;1
202200001882;810 618;38;0;2;5;1;1
202200001883;810 610;7;0;2;1;1;1
202200001883;810 612;7;0;2;4;1;1
202200001884;810 609;7;4;0;0;2;1
202200001885;810 605;37;0;2;5;12;
202200001885;810 608;50;0;2;3;1;3
202200001886;810 604;33;0;2;1;1;1
202200001886;810 606;7;0;2;7;1;1
202200001887;810 600;7;0;2;6;12;1
202200001887;810 601;33;0;2;1;3;1
202200001888;810 602;7;0;2;1;2;1
202200001888;810 603;7;0;2;9;2;1
202200001888;810 607;7;0;2;4;2;1
202200001889;810 598;7;2;2;2;1;1
202200001889;810 599;7;0;2;1;1;1
202200001890;810 596;7;0;1;1;1;1
202200001891;810 594;7;1;0;1;2;1
202200001891;810 597;10;0;2;6;23;1
202200001892;810 592;17;0;2;1;9;1
202200001892;810 595;2;0;2;7;1;1
202200001893;810 590;30;0;2;8;21;1
202200001893;810 593;1;0;2;0;0;
202200001894;810 589;7;0;2;3;1;1
202200001894;810 591;17;0;2;2;14;1
202200001895;810 587;7;0;2;4;2;1
202200001895;810 588;7;0;2;1;2;1
202200001896;810 586;31;12;0;1;14;1
202200001897;810 584;36;0;0;0;1;1
202200001898;810 583;1;0;2;1;1;5
202200001898;810 585;7;0;2;1;9;1
202200001899;810 581;33;0;0;0;13;1
202200001900;810 579;7;0;2;5;1;1
202200001900;810 582;32;0;2;1;1;1
202200001901;810 577;7;0;2;2;2;1
202200001901;810 580;2;0;2;6;2;1
202200001902;810 576;50;0;2;8;19;3
202200001902;810 578;7;0;2;1;1;1
202200001903;810 575;7;6;0;1;20;1
202200001904;810 573;7;0;0;1;0;1
202200001905;810 571;7;3;2;1;2;1
202200001905;810 574;7;0;2;4;1;1
202200001906;810 572;7;0;1;2;16;1
202200001907;810 570;7;0;1;2;1;1
202200001908;810 569;7;8;0;1;1;1
202200001909;810 567;7;0;1;3;15;1
202200001910;810 563;30;0;2;1;1;1
202200001910;810 565;7;0;2;3;15;2
202200001911;810 566;7;4;0;1;1;1
202200001912;810 564;7;0;2;1;1;0
202200001912;810 568;7;1;2;4;0;1
202200001913;810 560;7;0;2;6;15;1
202200001913;810 562;7;0;2;3;1;1
202200001914;810 555;7;0;2;1;23;1
202200001914;810 557;7;0;2;3;11;1
202200001914;810 561;33;0;2;7;17;1
202200001915;810 553;7;0;2;1;1;1
202200001915;810 556;7;0;2;1;1;1
202200001915;810 559;7;0;2;1;18;1
202200001916;810 552;7;0;9;2;17;1
202200001916;810 554;1;0;2;1;0;5
202200001917;810 550;1;0;2;3;1;5
202200001917;810 551;10;0;2;3;1;0
202200001918;810 549;7;8;2;1;1;0
202200001918;810 558;7;8;2;7;26;0
202200001919;810 547;31;0;0;8;1;1
202200001920;810 544;7;0;2;1;1;1
202200001920;810 546;7;0;2;4;1;1
202200001920;810 548;7;0;2;4;1;1
202200001921;810 538;34;0;2;4;3;1
202200001921;810 540;33;0;2;1;2;1
202200001922;810 535;7;0;2;4;0;1
202200001922;810 541;7;0;2;0;0;
202200001922;810 543;7;0;2;8;0;1
202200001923;810 536;7;0;2;7;15;1
202200001923;810 539;33;0;2;1;1;1
202200001924;810 534;7;0;2;4;12;1
202200001924;810 537;33;0;2;1;3;1
202200001925;810 532;30;0;2;2;1;1
202200001925;810 533;7;0;2;3;26;1
202200001926;810 528;7;0;2;3;1;1
202200001926;810 531;7;0;2;2;9;1
202200001927;810 530;7;0;1;1;1;0
202200001928;810 527;7;0;9;9;14;1
202200001929;810 521;7;2;0;1;13;1
202200001930;810 523;10;0;1;3;15;1
202200001931;810 519;7;0;2;6;1;1
202200001931;810 520;7;0;2;4;1;1
202200001931;810 524;7;0;2;0;0;1
202200001931;810 526;7;0;2;1;1;1
202200001932;810 518;0;0;1;0;19;0
202200001933;810 514;33;0;2;8;1;1
202200001933;810 516;10;0;2;1;10;1
202200001934;810 515;7;0;1;1;13;1
202200001935;810 510;7;0;1;2;1;1
202200001936;810 508;7;0;2;1;15;1
202200001936;810 511;33;0;2;6;1;1
202200001937;810 503;50;0;2;1;25;3
202200001937;810 506;7;0;2;2;9;1
202200001938;810 502;7;0;2;5;15;1
202200001938;810 504;30;0;2;1;19;1
202200001939;810 505;32;12;0;2;14;1
202200001940;810 500;7;1;2;1;1;1
202200001940;810 501;7;0;2;4;23;1
202200001941;810 495;33;0;2;1;3;1
202200001941;810 498;7;0;2;3;15;1
202200001942;810 496;7;0;0;5;15;0
202200001942;810 499;1;0;2;1;1;5
202200001943;810 494;1;0;2;1;1;5
202200001943;810 497;7;0;2;8;15;1
202200001944;810 490;7;0;2;3;1;1
202200001944;810 493;34;0;2;2;1;1
202200001945;810 491;7;0;2;2;15;1
202200001945;810 492;80;0;2;3;1;3
202200001946;810 489;7;0;1;2;14;1
202200001947;810 486;7;0;1;2;1;1
202200001948;810 487;33;12;0;3;13;1
202200001949;810 483;15;0;0;8;1;1
202200001950;810 482;7;0;2;3;2;1
202200001950;810 485;7;0;2;1;15;1
202200001950;810 488;7;0;2;3;2;1
202200001951;810 478;7;0;2;6;15;1
202200001951;810 480;1;0;2;3;1;0
202200001952;810 475;7;0;2;1;2;1
202200001952;810 479;7;0;2;4;2;0
202200001952;810 484;7;0;2;4;2;1
202200001953;810 477;7;2;2;3;1;2
202200001953;810 481;7;0;2;1;1;1
202200001954;810 473;7;0;2;1;15;1
202200001954;810 476;32;0;2;3;1;1
202200001955;810 471;7;0;2;1;9;1
202200001955;810 474;7;0;2;9;1;1
202200001956;810 468;37;0;1;7;16;0
202200001957;810 469;33;0;2;1;3;1
202200001957;810 472;10;0;9;6;1;1
202200001958;810 466;10;0;2;8;22;1
202200001958;810 470;31;0;2;1;3;1
202200001959;810 465;7;0;2;7;17;1
202200001959;810 467;7;0;2;3;14;2
202200001960;810 462;7;6;0;3;16;1
202200001961;810 461;7;0;9;2;22;1
202200001961;810 464;1;1;0;1;1;5
202200001962;810 459;7;0;2;3;9;1
202200001962;810 463;7;0;2;7;0;1
202200001963;810 455;7;0;2;1;1;1
202200001963;810 458;7;0;2;1;13;1
202200001964;810 451;33;8;0;1;0;1
202200001965;810 450;7;0;2;4;23;1
202200001965;810 453;7;0;2;7;23;1
202200001965;810 456;33;0;2;4;2;1
202200001965;810 457;7;0;2;9;2;2
202200001965;810 460;7;0;2;4;23;1
202200001966;810 449;7;0;2;3;9;1
202200001966;810 452;7;0;2;1;9;1
202200001967;810 448;7;0;2;1;1;1
202200001967;810 454;7;0;2;4;2;1
202200001968;810 447;33;0;0;0;2;1
202200001969;810 444;31;0;2;1;3;1
202200001969;810 446;7;0;2;2;12;1
202200001970;810 445;7;0;1;2;1;1
202200001971;810 443;7;0;1;;2;1
202200001972;810 442;7;0;1;5;1;1
202200001973;810 440;7;0;2;1;1;1
202200001973;810 441;7;0;0;1;1;1
202200001974;810 437;50;0;1;1;1;3
202200001975;810 432;37;0;2;2;1;1
202200001975;810 436;1;0;2;5;19;5
202200001976;810 433;10;0;2;1;2;1
202200001976;810 435;10;0;2;4;23;1
202200001976;810 439;7;0;2;4;23;1
202200001977;810 431;2;0;2;1;13;1
202200001977;810 434;7;0;2;1;0;1
202200001978;810 430;7;0;2;3;9;1
202200001978;810 438;1;0;2;7;1;5
202200001979;810 428;1;0;1;1;1;5
202200001980;810 427;33;0;0;0;14;1
202200001981;810 423;10;0;2;5;1;1
202200001981;810 426;31;0;2;8;11;1
202200001981;810 429;31;0;2;1;3;1
202200001982;810 422;1;12;2;0;0;0
202200001982;810 425;7;12;2;7;0;1
202200001983;810 421;7;0;2;1;13;1
202200001983;810 424;30;0;2;1;1;1
202200001984;810 420;33;0;0;2;1;1
202200001985;810 419;37;0;1;3;15;1
202200001986;810 418;7;0;1;2;16;1
202200001987;810 414;33;4;0;4;1;1
202200001988;810 415;7;0;2;1;2;1
202200001988;810 417;7;0;2;6;2;1
202200001989;810 411;1;0;2;8;1;5
202200001989;810 412;7;0;2;1;1;2
202200001990;810 410;7;0;2;1;2;1
202200001990;810 413;7;0;2;3;2;1
202200001990;810 416;7;0;2;4;23;1
202200001991;810 408;7;2;0;9;0;1
202200001992;810 407;2;0;2;2;15;3
202200001992;810 409;7;0;2;3;13;1
202200001993;810 406;7;0;1;1;1;1
202200001994;810 403;10;0;2;1;1;1
202200001994;810 405;7;0;2;4;23;1
202200001995;810 402;7;0;0;9;0;1
202200001996;810 400;30;0;1;1;17;1
202200001997;810 401;7;0;2;4;1;1
202200001997;810 404;7;0;2;1;1;1
202200001998;810 398;7;0;2;5;16;1
202200001998;810 399;33;0;2;1;7;1
202200001999;810 396;7;2;0;0;1;1
202200002000;810 394;1;0;2;1;18;5
202200002000;810 397;7;0;2;5;22;1
202200002001;810 393;7;0;1;2;21;1
202200002002;810 392;32;0;2;1;1;1
202200002002;810 395;7;0;2;3;11;1
202200002003;810 390;33;16;0;1;1;1
202200002004;810 388;1;0;0;0;1;5
202200002005;810 385;1;0;2;2;15;5
202200002005;810 387;2;0;2;1;1;0
202200002006;810 384;7;8;0;2;1;1
202200002007;810 382;7;0;2;1;1;2
202200002007;810 386;7;0;2;7;1;1
202200002008;810 381;80;0;0;0;15;3
202200002009;810 380;37;0;2;3;15;1
202200002009;810 383;2;0;2;1;26;1
202200002010;810 378;7;0;1;2;1;1
202200002011;810 377;2;0;2;8;0;1
202200002011;810 379;7;0;9;3;15;1
202200002012;810 373;1;0;2;1;1;5
202200002012;810 375;10;0;2;4;20;1
202200002013;810 371;7;0;2;2;5;1
202200002013;810 376;7;0;2;1;1;0
202200002014;810 370;7;0;2;3;9;1
202200002014;810 374;33;0;2;1;9;1
202200002015;810 367;7;0;9;1;1;1
202200002015;810 369;1;0;2;4;23;5
202200002016;810 368;2;0;2;1;1;1
202200002016;810 372;7;0;2;3;15;1
202200002017;810 366;32;12;0;1;14;1
202200002018;810 363;32;0;2;0;1;1
202200002018;810 365;7;0;2;0;0;1
202200002019;810 359;1;0;2;1;17;5
202200002019;810 361;1;0;2;1;18;5
202200002020;810 357;7;0;2;3;15;1
202200002020;810 360;33;0;2;2;17;1
202200002021;810 358;7;2;0;8;0;1
202200002022;810 356;31;4;0;8;1;1
202200002023;810 353;1;0;1;1;1;5
202200002024;810 354;7;0;2;2;19;1
202200002024;810 355;7;0;2;2;1;1
202200002025;810 350;39;0;1;3;1;0
202200002026;810 351;7;0;1;5;9;2
202200002027;810 347;1;0;1;1;1;5
202200002028;810 348;7;0;2;8;15;1
202200002028;810 352;33;0;2;7;17;1
202200002029;810 346;7;0;2;2;1;3
202200002029;810 349;7;0;2;3;9;1
202200002030;810 344;7;0;2;6;4;1
202200002030;810 345;33;0;2;1;1;1
202200002031;810 343;7;6;0;3;13;1
202200002032;810 342;50;0;1;3;1;3
202200002033;810 339;7;0;2;4;23;1
202200002033;810 341;10;0;2;1;0;0
202200002034;810 338;7;2;0;1;1;1
202200002035;810 337;1;1;0;6;14;5
202200002035;810 340;7;0;0;6;0;1
202200002036;810 335;32;1;2;2;17;1
202200002036;810 336;10;0;2;3;15;1
202200002037;810 330;7;13;0;3;13;1
202200002038;810 328;7;0;2;3;1;
202200002038;810 333;7;0;2;3;17;
202200002039;810 326;7;0;2;6;16;1
202200002039;810 329;32;0;2;7;17;1
202200002040;810 325;33;0;0;0;1;1
202200002041;810 320;10;0;2;7;16;1
202200002041;810 323;1;0;2;1;1;5
202200002042;810 319;33;0;2;1;1;1
202200002042;810 322;7;0;2;8;15;1
202200002043;810 332;30;0;0;0;1;3
202200002044;810 316;0;0;2;7;1;0
202200002044;810 318;37;0;9;8;15;6
202200002045;810 312;7;6;0;1;24;2
202200002046;810 311;7;0;2;1;1;2
202200002046;810 313;1;0;2;1;17;5
202200002047;810 310;7;0;1;2;15;1
202200002048;810 305;10;0;1;2;1;1
202200002049;810 304;50;0;2;0;1;3
202200002049;810 306;10;0;2;1;16;1
202200002050;810 302;7;0;2;2;2;2
202200002050;810 308;7;0;2;6;23;2
202200002051;810 301;7;0;2;8;9;1
202200002051;810 303;2;0;2;1;21;1
202200002052;810 300;7;0;1;1;1;1
202200002053;810 297;2;0;1;1;1;3
202200002054;810 299;80;0;1;2;1;3
202200002055;810 293;1;0;2;0;0;5
202200002055;810 296;7;0;9;3;1;1
202200002056;810 292;7;0;1;1;1;1
202200002057;810 290;7;0;2;5;1;1
202200002057;810 295;7;0;2;1;1;1
202200002057;810 298;7;0;2;1;1;1
202200002058;810 291;7;1;1;2;0;1
202200002059;810 289;30;0;2;4;1;1
202200002059;810 294;17;0;2;1;1;1
202200002060;810 286;50;0;0;0;1;3
202200002061;810 284;7;0;1;1;26;1
202200002062;810 283;7;1;0;2;1;1
202200002063;810 280;14;0;1;1;2;0
202200002064;810 278;10;0;2;3;1;1
202200002064;810 282;7;0;2;3;1;1
202200002065;810 277;1;0;2;8;1;5
202200002065;810 281;7;0;2;3;15;1
202200002066;810 275;7;1;0;1;14;1
202200002066;810 276;7;0;2;6;0;1
202200002066;810 279;7;0;2;4;0;1
202200002067;810 273;34;0;1;1;3;1
202200002068;810 271;21;0;2;1;23;1
202200002068;810 274;7;14;2;8;13;1
202200002069;810 269;7;0;2;2;1;1
202200002069;810 272;7;0;2;2;5;1
202200002070;810 263;7;0;2;3;2;1
202200002070;810 265;33;0;0;7;23;1
202200002071;810 261;7;0;2;1;15;1
202200002071;810 266;33;0;2;1;1;1
202200002072;810 259;7;0;2;1;1;1
202200002072;810 262;7;0;2;2;26;1
202200002073;810 258;7;0;1;2;19;1
202200002074;810 257;7;0;2;5;2;1
202200002074;810 260;1;0;2;1;2;5
202200002075;810 256;7;;;;;1
202200002076;810 250;80;0;2;8;19;3
202200002076;810 252;7;0;2;3;1;1
202200002077;810 249;30;0;2;1;1;1
202200002077;810 254;1;0;2;1;15;5
202200002078;810 251;7;0;2;1;13;1
202200002078;810 253;7;0;2;1;1;1
202200002079;810 246;7;0;2;4;2;1
202200002079;810 247;7;0;2;1;2;1
202200002080;810 243;7;0;2;1;26;1
202200002080;810 248;7;0;2;1;5;1
202200002081;810 242;2;0;2;3;18;1
202200002081;810 245;10;0;2;2;1;1
202200002082;810 241;50;0;1;1;25;3
202200002083;810 240;1;0;2;1;1;5
202200002083;810 244;30;0;2;1;5;1
202200002084;810 239;7;2;0;7;1;1
202200002085;810 238;7;8;1;3;9;0
202200002086;810 232;33;0;0;7;1;1
202200002087;810 234;7;0;0;2;1;2
202200002087;810 237;7;0;0;3;0;0
202200002088;810 233;33;0;2;1;1;1
202200002088;810 236;7;0;2;8;15;1
202200002089;810 230;50;0;2;2;9;3
202200002089;810 235;7;0;2;3;16;1
202200002090;810 227;7;0;2;1;14;1
202200002090;810 231;7;0;2;2;15;1
202200002091;810 224;10;0;1;2;19;1
202200002092;810 226;7;0;2;3;2;1
202200002092;810 229;33;0;2;2;3;1
202200002093;810 225;33;0;2;1;1;1
202200002093;810 228;10;0;2;3;1;1
202200002094;810 222;7;13;0;3;1;1
202200002095;810 223;7;0;1;1;1;1
202200002096;810 219;7;0;1;1;1;1
202200002097;810 218;7;0;2;3;15;1
202200002097;810 220;30;0;2;5;15;1
202200002098;810 217;7;0;2;1;1;1
202200002098;810 221;7;0;2;4;0;1
202200002099;810 216;7;0;1;1;1;1
202200002100;810 215;50;0;0;0;21;3
202200002101;810 213;7;0;1;1;9;1
202200002102;810 212;33;0;0;7;1;1
202200002103;810 211;7;0;2;2;15;1
202200002103;810 214;30;0;2;1;1;1
202200002104;810 207;99;0;2;3;1;0
202200002104;810 209;7;0;2;3;15;1
202200002105;810 208;33;0;2;8;19;1
202200002105;810 210;33;0;2;1;3;1
202200002106;810 205;33;0;0;7;14;1
202200002107;810 201;7;0;2;2;4;1
202200002107;810 204;2;0;2;2;2;1
202200002108;810 203;1;0;2;4;2;5
202200002108;810 206;7;0;2;1;2;0
202200002109;810 197;33;0;2;1;2;1
202200002109;810 200;7;0;0;4;2;1
202200002110;810 198;37;0;2;7;1;6
202200002110;810 202;10;0;2;6;10;1
202200002111;810 199;7;0;1;3;16;1
202200002112;810 193;33;0;2;1;1;1
202200002112;810 196;7;0;2;3;1;1
202200002113;810 189;34;0;2;4;2;1
202200002113;810 192;7;0;2;1;2;1
202200002114;810 190;7;0;2;1;17;1
202200002114;810 194;7;3;2;1;1;1
202200002115;810 188;10;0;0;6;2;1
202200002115;810 191;10;0;2;2;2;1
202200002116;810 187;10;0;2;2;2;1
202200002116;810 195;7;0;2;3;2;1
202200002117;810 186;7;0;6;8;1;1
202200002118;810 185;7;0;0;2;13;1
202200002119;810 184;7;0;1;3;16;2
202200002120;810 183;7;0;1;2;15;6
202200002121;810 181;7;2;0;8;1;1
202200002122;810 180;7;0;2;1;0;1
202200002122;810 182;7;0;2;3;1;1
202200002123;810 178;33;1;0;1;1;1
202200002124;810 179;7;0;0;1;0;1
202200002125;810 177;7;0;1;4;4;1
202200002126;810 176;7;2;0;1;1;1
202200002127;810 175;32;0;1;1;1;1
202200002128;810 174;14;0;0;0;26;1
202200002129;810 172;7;0;1;1;0;0
202200002130;810 171;7;0;2;2;12;6
202200002130;810 173;32;0;2;8;1;1
202200002131;810 170;33;0;0;2;1;1
202200002132;810 169;7;0;1;1;1;1
202200002133;810 167;7;2;0;1;26;1
202200002134;810 163;7;0;2;3;0;1
202200002134;810 166;1;0;2;1;0;5
202200002135;810 165;33;0;2;1;1;1
202200002135;810 168;7;0;2;2;15;1
202200002136;810 161;32;0;1;1;2;1
202200002137;810 162;7;0;2;1;13;0
202200002137;810 164;10;0;2;1;0;1
202200002138;810 160;7;0;1;1;15;1
202200002139;810 159;7;15;0;1;1;3
202200002140;810 157;7;2;0;1;1;1
202200002141;810 155;7;0;2;3;1;1
202200002141;810 156;33;0;0;4;23;1
202200002142;810 154;7;0;2;0;16;1
202200002142;810 158;32;0;2;1;1;1