Num_Acc;id_vehicule;categorie_vehicule;obstacle_fixe;obstacle_mobile;point_choc_initial;manoeuvre_principale;motorisation
202200002143;810 152;7;17;0;3;13;2
202200002144;810 151;7;4;0;1;1;1
202200002145;810 150;7;0;2;1;1;1
202200002145;810 153;1;0;2;3;1;5
202200002146;810 144;7;0;9;1;1;1
202200002146;810 148;1;0;2;7;1;5
202200002147;810 145;60;0;2;1;19;5
202200002147;810 147;7;0;2;2;1;1
202200002148;810 143;10;13;0;2;16;1
202200002149;810 141;7;0;1;2;1;1
202200002150;810 139;7;0;2;3;22;1
202200002150;810 140;1;1;0;1;1;5
202200002151;810 142;14;0;1;6;15;1
202200002152;810 138;7;17;0;5;1;1
202200002153;810 137;7;8;0;0;6;1
202200002154;810 136;7;0;1;1;1;2
202200002155;810 134;20;0;0;8;21;1
202200002156;810 133;7;0;0;3;1;1
202200002157;810 132;3;0;2;8;1;0
202200002157;810 135;7;0;2;2;15;1
202200002158;810 128;7;0;0;6;15;2
202200002158;810 131;33;0;2;1;17;1
202200002159;810 127;38;0;9;3;1;1
202200002159;810 130;1;0;2;8;16;5
202200002160;810 124;2;0;2;1;1;3
202200002160;810 126;7;0;2;7;20;1
202200002161;810 125;33;0;2;1;1;1
202200002161;810 129;7;0;2;2;15;1
202200002162;810 123;7;0;1;8;1;1
202200002163;810 117;31;0;2;3;18;1
202200002163;810 120;7;0;2;7;16;1
202200002164;810 114;7;0;2;3;1;1
202200002164;810 118;33;0;2;1;1;1
202200002165;810 115;7;0;2;2;1;1
202200002165;810 121;50;0;2;1;15;3
202200002166;810 116;7;0;2;5;0;1
202200002166;810 119;10;0;2;7;1;1
202200002166;810 122;7;0;0;1;0;0
202200002167;810 112;7;0;0;2;16;1
202200002168;810 113;7;0;1;3;26;1
202200002169;810 110;33;16;0;9;1;1
202200002169;810 111;10;0;0;0;17;1
202200002170;810 108;7;0;2;1;1;1
202200002170;810 109;7;0;2;1;1;0
202200002171;810 107;7;0;1;2;1;1
202200002172;810 104;7;2;0;1;1;1
202200002173;810 103;7;0;2;8;9;1
202200002173;810 105;32;0;2;1;1;1
202200002174;810 102;7;0;2;1;15;1
202200002174;810 106;7;0;2;1;1;1
202200002175;810 100;30;0;2;1;2;1
202200002175;810 101;10;0;0;4;23;0
202200002176;810 094;32;0;2;1;17;1
202200002176;810 097;7;0;2;2;1;1
202200002177;810 096;50;0;0;0;1;3
202200002178;810 095;7;0;2;4;2;2
202200002178;810 099;33;0;2;1;2;1
202200002179;810 091;1;0;2;1;5;5
202200002179;810 093;1;0;2;1;5;5
202200002179;810 098;7;0;9;1;26;1
202200002180;810 092;7;0;1;3;1;1
202200002181;810 090;7;0;1;1;1;1
202200002182;810 087;33;0;0;0;0;1
202200002183;810 088;7;3;0;1;2;1
202200002184;810 086;7;0;2;0;20;1
202200002184;810 089;50;0;2;1;1;3
202200002185;810 085;36;0;0;0;1;1
202200002186;810 084;7;0;1;3;15;1
202200002187;810 083;7;2;0;8;14;1
202200002188;810 078;10;0;2;1;1;1
202200002188;810 081;7;0;2;8;19;1
202200002189;810 077;7;0;2;3;1;1
202200002189;810 082;7;0;2;3;1;1
202200002190;810 074;7;0;0;4;2;0
202200002190;810 076;7;0;2;4;2;0
202200002190;810 079;10;0;2;1;2;0
202200002191;810 069;7;14;0;5;20;1
202200002192;810 068;7;0;2;2;17;1
202200002192;810 072;7;0;0;3;15;1
202200002193;810 066;15;0;0;6;23;1
202200002193;810 071;2;0;2;1;2;1
202200002194;810 064;7;0;2;8;21;2
202200002194;810 070;7;0;2;3;0;1
202200002194;810 073;7;0;2;3;13;1
202200002195;810 062;7;2;0;1;13;1
202200002196;810 061;17;0;2;1;1;1
202200002196;810 063;7;0;2;4;1;1
202200002197;810 057;32;0;2;1;1;1
202200002197;810 059;7;0;2;3;17;1
202200002198;810 056;7;0;2;1;5;1
202200002198;810 058;7;0;2;1;1;1
202200002199;810 055;7;0;2;3;1;1
202200002199;810 060;2;0;2;7;2;1
202200002200;810 054;36;15;0;2;1;1
202200002201;810 052;1;0;0;0;1;5
202200002202;810 048;7;0;2;3;1;1
202200002202;810 049;7;0;2;3;1;1
202200002203;810 047;21;0;2;3;15;1
202200002203;810 051;7;0;2;2;17;2
202200002204;810 045;7;2;0;2;13;1
202200002205;810 046;7;0;2;4;1;1
202200002205;810 050;7;0;2;1;1;1
202200002206;810 043;7;2;0;2;1;1
202200002207;810 042;7;6;0;2;14;1
202200002208;810 039;43;0;2;1;0;1
202200002208;810 041;34;0;2;1;0;1
202200002208;810 044;7;0;2;8;15;1
202200002209;810 038;7;0;2;3;15;1
202200002209;810 040;2;0;2;3;1;1
202200002210;810 037;7;6;0;3;1;1
202200002211;810 035;7;13;0;1;16;1
202200002212;810 033;36;8;0;1;1;1
202200002213;810 034;7;0;2;7;1;1
202200002213;810 036;7;0;2;2;19;1
202200002214;810 032;33;0;0;0;11;1
202200002215;810 030;7;0;2;3;5;1
202200002215;810 031;7;0;2;1;9;1
202200002216;810 029;33;0;0;9;1;1
202200002217;810 028;1;0;0;9;0;5
202200002218;810 026;7;17;0;1;0;
202200002219;810 024;7;13;0;9;1;1
202200002220;810 021;33;0;2;1;13;1
202200002220;810 023;13;0;2;6;1;1
202200002221;810 022;7;0;2;1;23;1
202200002221;810 025;7;0;2;1;9;1
202200002221;810 027;33;0;2;1;17;0
202200002222;810 020;7;;1;;;
202200002223;810 018;42;13;0;2;1;1
202200002224;810 019;7;0;1;2;1;1
202200002225;810 017;7;16;0;0;1;1
202200002226;810 014;7;0;1;1;19;1
202200002227;810 015;7;0;2;1;9;1
202200002227;810 016;1;0;2;2;1;5
202200002228;810 010;33;0;2;1;1;1
202200002228;810 012;10;0;2;2;19;1
202200002229;810 011;7;0;0;3;17;1
202200002229;810 013;33;0;2;1;1;1
202200002230;810 009;7;3;0;4;0;1
202200002231;810 007;2;13;0;1;2;1
202200002232;810 006;7;0;1;2;1;1
202200002233;810 005;10;0;2;2;21;1
202200002233;810 008;7;0;2;2;10;1
202200002234;810 004;7;0;1;1;16;2
202200002235;810 003;7;13;0;2;1;1
202200002236;809 999;14;0;2;3;15;1
202200002236;810 001;7;0;2;1;1;0
202200002237;809 998;33;0;2;1;1;1
202200002237;810 000;7;0;2;5;10;1
202200002238;809 997;1;0;2;5;1;5
202200002238;810 002;0;0;2;0;0;
202200002239;809 994;10;13;0;1;14;1
202200002240;809 992;31;0;2;3;1;1
202200002240;809 995;7;0;2;3;15;1
202200002241;809 990;7;0;2;2;15;1
202200002241;809 993;1;0;2;1;1;5
202200002242;809 989;33;0;0;5;1;1
202200002242;809 991;7;0;2;2;15;2
202200002243;809 987;2;12;0;0;14;1
202200002244;809 986;7;4;2;1;2;1
202200002244;809 988;17;0;0;5;2;1
202200002245;809 985;33;16;0;7;1;1
202200002246;809 983;7;0;1;2;1;1
202200002247;809 981;7;0;2;3;13;1
202200002247;809 984;7;0;2;8;13;1
202200002248;809 980;7;0;2;3;10;1
202200002248;809 982;33;0;2;1;1;1
202200002249;809 976;7;0;2;1;2;1
202200002249;809 978;7;0;2;4;2;1
202200002250;809 974;7;0;2;5;1;1
202200002250;809 979;10;0;2;1;1;1
202200002251;809 975;31;3;0;3;0;1
202200002252;809 977;7;15;0;1;14;0
202200002253;809 970;7;2;0;9;1;1
202200002254;809 969;7;0;2;2;1;1
202200002254;809 972;1;0;2;1;5;5
202200002255;809 968;7;3;2;9;21;1
202200002255;809 971;7;3;2;9;13;1
202200002256;809 967;7;0;1;2;1;1
202200002257;809 966;7;0;1;2;1;6
202200002258;809 964;7;13;0;2;1;2
202200002259;809 961;7;0;2;1;0;0
202200002259;809 963;7;0;2;4;1;1
202200002260;809 962;7;0;2;5;15;1
202200002260;809 965;30;0;2;1;1;1
202200002261;809 959;7;0;2;1;15;1
202200002261;809 960;31;0;2;8;1;1
202200002262;809 957;7;4;0;3;17;1
202200002263;809 954;7;1;0;2;1;0
202200002264;809 951;7;0;2;2;15;1
202200002264;809 955;2;0;2;1;1;1
202200002265;809 952;13;0;2;3;2;1
202200002265;809 956;7;0;2;4;2;1
202200002266;809 950;33;0;2;1;3;1
202200002266;809 953;10;0;2;2;12;1
202200002267;809 946;7;0;2;2;1;1
202200002267;809 949;31;0;2;3;1;1
202200002268;809 945;7;4;0;1;0;2
202200002269;809 943;33;0;2;7;17;1
202200002269;809 947;7;0;2;3;13;0
202200002270;809 940;7;0;2;5;23;1
202200002270;809 944;7;0;2;6;0;1
202200002270;809 948;7;0;2;5;0;1
202200002271;809 938;7;0;2;1;17;1
202200002271;809 941;60;0;2;1;1;5
202200002272;809 937;7;0;2;1;2;0
202200002272;809 942;33;0;0;4;2;0
202200002273;809 936;7;0;2;2;2;1
202200002273;809 939;7;0;0;6;2;1
202200002274;809 933;30;0;2;0;0;1
202200002274;809 935;7;0;0;0;0;1
202200002275;809 929;7;0;2;2;0;1
202200002275;809 931;7;4;0;6;1;1
202200002276;809 928;2;0;2;1;0;1
202200002276;809 934;7;0;2;3;0;1
202200002277;809 926;7;0;2;4;23;1
202200002277;809 930;7;0;0;4;23;1
202200002277;809 932;7;0;2;1;2;1
202200002278;809 922;33;6;0;8;1;1
202200002279;809 920;10;0;9;5;4;1
202200002279;809 923;1;0;2;1;1;5
202200002280;809 919;7;0;2;4;1;1
202200002281;809 917;32;0;1;1;1;1
202200002282;809 912;7;0;1;3;26;1
202200002283;809 910;7;6;0;1;1;1
202200002284;809 908;7;13;0;0;14;0
202200002285;809 906;7;0;2;1;1;1
202200002285;809 907;7;0;2;1;1;1
202200002286;809 905;10;16;0;0;21;1
202200002287;809 904;32;0;5;1;1;1
202200002288;809 903;7;0;1;2;1;1
202200002289;809 899;7;0;2;1;26;1
202200002289;809 902;7;0;2;4;1;1
202200002290;809 898;7;0;2;1;1;1
202200002290;809 901;7;0;2;1;1;1
202200002291;809 897;7;0;2;3;1;1
202200002291;809 900;7;0;2;3;13;1
202200002292;809 895;7;0;2;1;9;1
202200002292;809 896;7;0;2;1;26;1
202200002293;809 889;1;0;2;0;0;5
202200002293;809 893;7;0;9;0;13;1
202200002294;809 892;7;0;2;2;1;1
202200002294;809 894;7;0;2;2;15;1
202200002295;809 888;7;0;2;2;15;1
202200002295;809 890;2;0;2;1;1;1
202200002296;809 887;7;0;2;3;1;1
202200002296;809 891;7;0;2;3;13;1
202200002297;809 885;1;0;0;4;2;5
202200002297;809 886;7;0;2;2;2;1
202200002298;809 882;7;1;1;1;20;1
202200002299;809 881;7;0;2;8;17;1
202200002299;809 884;33;0;2;1;17;1
202200002300;809 880;7;0;9;1;9;1
202200002300;809 883;1;0;2;7;1;5
202200002301;809 878;7;0;0;5;1;1
202200002301;809 879;33;0;2;3;26;1
202200002302;809 875;37;0;1;5;1;3
202200002303;809 877;7;3;0;1;14;1
202200002304;809 876;7;0;1;1;1;1
202200002305;809 873;7;0;2;3;17;1
202200002305;809 874;7;0;2;3;1;1
202200002306;809 870;7;2;0;8;1;1
202200002307;809 871;7;0;1;3;16;1
202200002308;809 869;7;0;2;2;15;1
202200002308;809 872;7;0;2;1;1;1
202200002309;809 866;7;0;0;2;9;1
202200002309;809 868;2;0;2;1;9;1
202200002310;809 864;30;10;0;1;1;1
202200002311;809 865;7;0;2;2;17;1
202200002311;809 867;80;0;2;6;1;3
202200002312;809 863;10;0;1;1;26;0
202200002313;809 862;7;0;5;1;6;1
202200002314;809 859;7;0;9;8;1;1
202200002314;809 860;1;0;2;1;1;5
202200002315;809 857;99;0;2;2;13;0
202200002315;809 861;7;0;2;2;13;0
202200002316;809 858;0;0;1;0;0;0
202200002317;809 852;10;0;2;1;1;1
202200002317;809 856;7;0;2;9;6;1
202200002318;809 851;7;0;2;7;15;1
202200002318;809 854;32;0;2;1;1;1
202200002319;809 850;1;0;0;7;19;5
202200002319;809 853;10;0;2;1;1;1
202200002320;809 846;7;0;1;1;1;1
202200002321;809 844;33;0;2;1;21;1
202200002321;809 847;10;0;0;6;10;1
202200002322;809 840;1;0;2;3;1;5
202200002322;809 841;10;0;2;5;14;0
202200002323;809 837;3;0;2;2;15;1
202200002323;809 839;7;0;2;1;1;1
202200002324;809 845;7;0;2;4;2;1
202200002324;809 849;7;0;2;1;2;1
202200002325;809 838;32;0;2;1;17;1
202200002325;809 842;7;0;2;8;9;1
202200002326;809 833;7;0;2;1;23;1
202200002326;809 835;1;0;2;8;15;5
202200002326;809 836;7;0;2;1;1;1
202200002327;809 830;7;11;2;1;9;1
202200002327;809 834;33;0;0;2;21;1
202200002328;809 828;7;0;2;4;23;1
202200002328;809 829;7;0;2;4;23;1
202200002328;809 832;7;0;2;1;1;1
202200002329;809 826;7;0;2;1;1;1
202200002329;809 827;7;0;2;8;19;1
202200002330;809 825;7;2;0;1;1;1
202200002331;809 820;10;0;2;1;1;1
202200002331;809 824;7;0;2;4;2;1
202200002332;809 819;7;0;2;6;9;1
202200002332;809 822;7;0;2;3;1;1
202200002333;809 817;7;0;2;2;22;1
202200002333;809 818;1;0;2;3;0;5
202200002334;809 815;33;6;0;5;1;1
202200002335;809 814;15;0;2;0;12;0
202200002335;809 816;7;0;2;6;1;1
202200002336;809 812;2;0;2;1;1;1
202200002336;809 813;7;0;2;2;15;1
202200002337;809 810;7;0;2;4;1;1
202200002337;809 811;7;0;2;1;1;1
202200002338;809 808;99;1;;1;1;3
202200002339;809 807;7;0;2;4;2;1
202200002339;809 809;10;0;2;1;2;0
202200002340;809 804;10;0;0;0;0;0
202200002340;809 831;10;0;0;0;0;0
202200002341;809 803;7;0;2;3;1;2
202200002341;809 806;7;0;2;3;13;1
202200002342;809 801;7;0;0;0;22;1
202200002342;809 802;7;0;2;3;1;1
202200002342;809 805;30;0;2;2;1;1
202200002343;809 800;31;0;1;1;21;1
202200002344;809 797;7;0;9;7;16;1
202200002344;809 799;1;0;2;1;2;5
202200002345;809 795;7;0;1;1;1;1
202200002346;809 796;50;0;2;8;2;3
202200002346;809 798;7;0;2;1;15;1
202200002347;809 793;7;15;0;3;1;1
202200002348;809 792;10;0;2;1;1;1
202200002348;809 794;2;0;2;1;15;1
202200002349;809 789;30;0;2;1;13;1
202200002349;809 791;33;0;2;1;1;1
202200002350;809 788;7;0;2;2;23;1
202200002350;809 790;32;0;2;3;2;1
202200002351;809 786;7;0;2;3;16;1
202200002351;809 787;7;0;2;3;15;1
202200002352;809 785;7;0;1;1;1;1
202200002353;809 782;2;12;0;1;0;0
202200002354;809 781;43;0;2;3;2;1
202200002354;809 783;7;0;2;5;2;1
202200002355;809 780;3;0;4;3;1;1
202200002355;809 784;40;0;2;2;1;0
202200002356;809 778;33;13;0;8;1;1
202200002357;809 776;2;0;1;1;1;1
202200002358;809 777;99;0;2;7;26;0
202200002358;809 779;60;0;1;1;26;5
202200002359;809 774;80;0;2;8;15;3
202200002359;809 775;10;0;2;3;10;1
202200002360;809 770;7;0;1;1;9;1
202200002361;809 772;7;0;2;3;15;1
202200002361;809 773;33;0;2;1;1;1
202200002362;809 769;7;0;2;2;0;0
202200002362;809 771;1;0;2;8;0;5
202200002363;809 766;7;0;1;2;1;1
202200002364;809 767;43;0;2;1;16;1
202200002364;809 768;43;0;2;1;5;1
202200002365;809 765;7;0;0;3;1;1
202200002366;809 762;7;0;1;3;1;1
202200002367;809 760;10;2;0;3;1;1
202200002368;809 761;2;0;2;7;19;1
202200002368;809 764;7;0;2;1;1;1
202200002369;809 759;50;0;2;2;1;3
202200002369;809 763;7;0;2;6;1;2
202200002370;809 758;7;0;1;1;1;1
202200002371;809 754;7;13;0;1;1;1
202200002372;809 752;7;0;2;1;1;1
202200002372;809 757;7;0;2;7;16;1
202200002373;809 750;7;0;2;5;15;1
202200002373;809 753;33;0;2;1;1;1
202200002373;809 756;7;0;2;6;1;1
202200002374;809 751;7;0;2;1;15;1
202200002374;809 755;43;0;2;1;1;1
202200002375;809 748;10;0;2;3;9;1
202200002375;809 749;50;0;2;1;2;3
202200002376;809 747;7;2;0;1;1;1
202200002377;809 746;7;0;1;3;1;1
202200002378;809 744;7;2;0;1;13;1
202200002379;809 745;50;0;0;0;1;3
202200002380;809 742;7;3;0;9;1;1
202200002381;809 743;33;6;0;1;0;1
202200002382;809 741;7;2;0;0;0;1
202200002383;809 739;7;2;0;2;14;1
202200002384;809 737;7;0;2;1;1;1
202200002384;809 740;7;0;2;1;1;1
202200002385;809 736;33;0;2;1;1;1
202200002385;809 738;7;0;2;2;15;1
202200002386;809 733;7;0;1;1;1;1
202200002387;809 734;10;0;2;8;1;1
202200002387;809 735;34;0;2;8;1;1
202200002388;809 730;50;0;2;1;5;3
202200002388;809 732;7;0;2;2;1;1
202200002389;809 729;7;0;0;;23;1
202200002390;809 728;43;0;2;7;1;1
202200002390;809 731;7;0;2;8;13;1
202200002391;809 727;50;0;0;1;1;3
202200002392;809 726;34;1;2;8;15;1
202200002393;809 722;7;0;2;1;2;1
202200002393;809 724;7;0;2;5;2;1
202200002394;809 721;50;0;2;1;2;3
202200002394;809 725;7;0;2;6;2;1
202200002395;809 720;7;0;2;3;19;1
202200002395;809 723;33;0;2;1;1;1
202200002396;809 715;50;0;2;6;19;3
202200002396;809 718;7;0;1;1;1;1
202200002397;809 716;33;0;2;1;15;1
202200002397;809 719;34;0;0;0;0;1
202200002398;809 713;7;0;2;2;2;1
202200002398;809 714;43;0;2;4;1;1
202200002399;809 712;7;0;2;3;16;1
202200002399;809 717;15;0;2;3;1;1
202200002400;809 709;7;0;2;1;1;1
202200002400;809 711;33;0;2;5;1;1
202200002401;809 707;7;0;2;2;1;1
202200002401;809 710;7;0;2;1;5;1
202200002402;809 705;33;3;0;8;1;1
202200002402;809 708;7;0;0;3;1;1
202200002403;809 703;33;0;2;1;2;1
202200002403;809 706;7;0;2;3;10;1
202200002404;809 702;7;1;2;0;9;1
202200002404;809 704;31;0;2;3;13;6
202200002405;809 699;7;2;0;2;1;1
202200002406;809 700;14;0;2;3;13;1
202200002406;809 701;33;0;2;1;1;1
202200002407;809 696;7;6;0;6;1;1
202200002408;809 695;7;0;2;8;17;1
202200002408;809 697;1;0;0;0;0;5
202200002409;809 690;7;0;2;1;13;1
202200002409;809 693;7;0;2;1;1;1
202200002410;809 688;33;0;2;1;1;1
202200002410;809 694;7;0;0;3;15;1
202200002411;809 687;7;0;2;4;1;2
202200002411;809 691;7;0;2;1;2;1
202200002412;809 686;7;0;2;4;2;1
202200002412;809 689;7;2;2;4;2;1
202200002412;809 692;14;0;2;1;2;1
202200002413;809 685;7;8;0;1;13;1
202200002414;809 684;7;13;0;3;1;1
202200002415;809 680;33;0;2;8;15;1
202200002415;809 683;7;0;2;1;1;1
202200002416;809 681;7;0;1;1;16;1
202200002417;809 678;7;0;2;8;11;1
202200002417;809 682;33;0;2;7;1;1
202200002418;809 677;7;0;2;3;1;1
202200002418;809 679;7;0;2;3;13;1
202200002419;809 670;7;0;2;3;15;1
202200002419;809 676;7;0;2;2;1;1
202200002420;809 671;7;1;2;7;20;1
202200002420;809 675;7;1;2;7;24;1
202200002421;809 672;2;0;0;8;9;1
202200002421;809 674;10;0;0;0;0;0
202200002422;809 669;2;0;2;1;1;1
202200002422;809 673;7;0;2;2;15;1
202200002423;809 668;32;0;0;7;1;1
202200002424;809 664;33;0;2;2;1;1
202200002424;809 667;10;0;2;1;1;1
202200002425;809 662;7;0;2;2;1;1
202200002425;809 666;7;0;2;2;15;1
202200002426;809 660;33;13;0;7;14;1
202200002427;809 659;13;0;2;6;1;1
202200002427;809 661;7;0;2;2;14;1
202200002428;809 658;7;0;1;1;0;1
202200002429;809 657;7;0;1;1;2;1
202200002430;809 652;7;0;1;1;16;1
202200002431;809 650;7;0;0;4;2;1
202200002431;809 653;7;0;2;4;2;1
202200002431;809 655;7;0;2;1;2;1
202200002432;809 649;40;0;2;2;2;3
202200002432;809 654;7;0;4;8;2;1
202200002433;809 651;2;0;2;6;16;1
202200002433;809 656;7;0;2;1;1;1
202200002434;809 647;2;0;0;0;1;1
202200002435;809 645;7;0;2;3;1;1
202200002435;809 648;7;0;2;3;1;1
202200002436;809 644;7;0;1;7;1;1
202200002437;809 642;31;0;0;0;0;1
202200002438;809 641;7;10;0;1;1;1
202200002439;809 639;7;0;9;2;9;1
202200002439;809 640;1;0;2;1;25;5
202200002440;809 637;7;13;0;1;5;1
202200002441;809 636;7;0;2;3;2;3
202200002441;809 638;7;0;2;2;1;1
202200002442;809 634;7;0;2;1;13;1
202200002442;809 643;7;3;2;3;1;1
202200002442;809 646;7;0;2;1;1;1
202200002443;809 631;7;0;9;2;20;1
202200002443;809 635;1;0;2;1;1;5
202200002444;809 630;7;0;2;1;1;1
202200002444;809 633;7;0;2;1;5;1
202200002445;809 629;3;0;2;1;19;1
202200002445;809 632;7;0;2;3;26;2
202200002446;809 623;7;0;2;3;1;1
202200002446;809 625;7;0;2;3;1;1
202200002446;809 628;33;0;2;4;1;1
202200002447;809 621;7;0;2;1;1;1
202200002447;809 624;2;0;2;1;1;1
202200002448;809 620;1;0;0;8;1;5
202200002448;809 622;10;0;2;1;1;1
202200002449;809 617;7;0;1;2;1;1
202200002450;809 618;7;0;2;2;1;1
202200002450;809 619;7;0;2;3;1;1
202200002451;809 615;7;0;2;1;5;1
202200002451;809 616;7;0;2;1;1;1
202200002452;809 614;7;8;0;1;14;1
202200002453;809 613;33;0;0;8;16;1
202200002454;809 612;7;3;0;1;1;1
202200002455;809 610;7;17;0;2;2;1
202200002456;809 609;7;6;0;1;1;1
202200002457;809 608;7;0;2;1;18;1
202200002457;809 611;7;0;2;2;1;1
202200002458;809 605;7;0;0;3;15;1
202200002458;809 606;1;0;2;1;0;5
202200002459;809 603;2;0;2;1;1;1
202200002459;809 604;80;0;2;7;19;3
202200002460;809 602;2;0;2;8;1;1
202200002460;809 607;7;0;2;3;1;1
202200002461;809 600;7;0;0;4;2;1
202200002461;809 601;33;0;2;1;2;1
202200002462;809 598;7;0;2;3;0;1
202200002462;809 599;7;0;2;3;0;1
202200002463;809 597;7;13;0;0;0;1
202200002464;809 595;7;2;0;1;1;1
202200002465;809 594;32;0;2;1;1;1
202200002465;809 596;7;0;2;2;1;1
202200002466;809 590;1;0;2;1;2;5
202200002466;809 592;7;0;2;4;2;1
202200002467;809 591;2;0;2;1;5;1
202200002467;809 593;10;0;2;1;1;1
202200002468;809 588;7;2;0;1;1;1
202200002469;809 587;7;0;2;6;1;1
202200002469;809 589;1;0;2;7;19;5
202200002470;809 583;50;0;0;0;0;3
202200002470;809 585;37;0;0;0;0;0
202200002471;809 582;7;0;2;3;23;1
202200002471;809 584;7;0;2;3;1;2
202200002471;809 586;7;0;2;2;19;1
202200002472;809 580;2;2;0;1;1;1
202200002473;809 581;7;0;1;0;0;1
202200002474;809 577;10;0;2;7;14;0
202200002474;809 578;7;3;2;8;1;1
202200002475;809 576;10;0;2;3;1;1
202200002475;809 579;3;0;2;1;19;1
202200002476;809 575;10;0;1;0;2;1
202200002477;809 573;33;0;0;4;23;0
202200002477;809 574;7;0;2;1;26;1
202200002478;809 572;33;0;0;3;1;1
202200002479;809 571;33;0;6;1;1;1
202200002480;809 569;7;4;0;3;0;1
202200002481;809 568;1;0;2;0;15;5
202200002481;809 570;7;0;2;0;15;1
202200002482;809 567;10;13;0;3;13;1
202200002483;809 566;37;0;1;0;16;1
202200002484;809 564;30;0;2;3;0;1
202200002484;809 565;7;0;2;7;0;2
202200002485;809 563;2;5;0;0;0;1
202200002486;809 560;7;0;9;2;2;1
202200002486;809 562;80;0;0;4;2;3
202200002487;809 559;50;0;4;1;1;3
202200002487;809 561;40;0;9;1;1;0
202200002488;809 557;7;0;2;1;1;1
202200002488;809 558;7;0;2;2;13;1
202200002489;809 556;7;13;0;1;14;1
202200002490;809 554;7;8;0;3;13;1
202200002491;809 553;7;8;2;1;1;1
202200002491;809 555;7;0;2;1;1;1
202200002492;809 550;10;0;2;3;1;1
202200002492;809 552;80;0;2;1;1;3
202200002493;809 551;7;0;1;2;16;0
202200002494;809 546;1;0;2;1;16;5
202200002494;809 549;15;0;2;2;1;1
202200002495;809 547;10;0;2;1;1;1
202200002495;809 548;7;0;2;1;15;1
202200002496;809 545;7;8;0;1;1;1
202200002497;809 544;3;0;1;1;15;1
202200002498;809 543;2;0;0;8;1;1
202200002499;809 541;7;0;2;8;15;1
202200002499;809 542;33;0;2;1;17;1
202200002500;809 539;7;0;2;2;19;1
202200002500;809 540;33;0;2;1;19;1
202200002501;809 537;1;0;2;1;2;5
202200002501;809 538;7;0;0;5;16;1
202200002502;809 533;30;0;2;8;1;1
202200002502;809 535;7;0;2;1;15;1
202200002503;809 531;30;0;2;8;11;1
202200002503;809 532;7;0;2;7;1;1
202200002504;809 534;7;0;0;2;19;1
202200002504;809 536;7;0;0;3;1;2
202200002505;809 530;7;6;0;1;2;1
202200002506;809 528;33;0;2;8;1;1
202200002506;809 529;1;0;2;7;9;5
202200002507;809 526;33;0;2;2;17;1
202200002507;809 527;10;0;2;6;1;1
202200002508;809 524;7;0;0;6;0;1
202200002508;809 525;32;0;2;1;5;1
202200002509;809 522;7;0;2;3;9;1
202200002509;809 523;2;0;2;1;1;1
202200002510;809 520;7;0;2;3;9;1
202200002510;809 521;2;0;2;1;15;1
202200002511;809 518;7;0;2;0;0;1
202200002511;809 519;32;0;2;1;16;1
202200002512;809 516;31;0;2;7;1;1
202200002512;809 517;2;0;2;1;16;1
202200002513;809 514;7;0;2;3;15;1
202200002513;809 515;31;0;2;7;17;1
202200002514;809 512;7;0;2;1;1;1
202200002514;809 513;10;3;2;7;15;1
202200002515;809 510;7;0;2;1;1;1
202200002515;809 511;7;0;2;4;1;1
202200002516;809 506;7;0;2;1;1;1
202200002516;809 507;7;0;2;1;1;1
202200002516;809 508;15;0;2;1;1;1
202200002516;809 509;7;3;0;1;9;1
202200002517;809 504;7;0;2;1;16;1
202200002517;809 505;7;0;2;6;9;1
202200002518;809 503;7;0;0;3;1;1
202200002519;809 501;7;0;0;3;9;1
202200002519;809 502;1;0;2;8;9;5
202200002520;809 499;2;0;2;1;2;1
202200002520;809 500;7;0;2;3;15;1
202200002521;809 497;10;2;2;1;1;1
202200002521;809 498;7;2;2;7;15;1
202200002522;809 493;10;0;2;7;15;1
202200002522;809 494;1;0;2;1;26;5
202200002523;809 491;99;0;2;8;9;1
202200002523;809 492;7;0;2;2;1;1
202200002524;809 489;7;0;2;8;1;1
202200002524;809 490;15;0;2;2;12;1
202200002525;809 487;33;0;2;1;17;1
202200002525;809 488;7;0;2;6;15;2
202200002526;809 485;99;0;2;0;17;0
202200002526;809 486;7;0;2;3;13;1
202200002527;809 482;7;1;0;2;1;1
202200002528;809 480;2;0;2;1;1;1
202200002528;809 481;7;0;2;4;1;1
202200002529;809 479;7;0;0;2;26;2
202200002530;809 478;0;0;1;0;26;1
202200002531;809 476;7;0;2;2;15;1
202200002531;809 477;30;0;2;8;1;1
202200002532;809 475;10;0;2;1;1;1
202200002533;809 474;10;0;1;3;25;1
202200002534;809 473;7;0;1;1;1;1
202200002535;809 472;7;0;1;3;1;1
202200002536;809 471;1;0;0;0;0;5
202200002537;809 470;1;0;0;0;25;5
202200002538;809 468;33;0;0;8;19;1
202200002538;809 469;1;0;2;1;7;5
202200002539;809 466;33;0;2;1;17;1
202200002539;809 467;7;0;2;8;15;1
202200002540;809 465;2;0;0;8;1;1
202200002541;809 464;7;8;1;1;1;1
202200002542;809 462;7;0;2;1;19;1
202200002542;809 463;7;0;2;3;23;1
202200002543;809 461;7;2;0;2;1;1
202200002544;809 459;7;7;0;3;1;1
202200002544;809 460;7;0;2;2;15;1
202200002545;809 458;7;2;0;9;13;1
202200002546;809 457;33;0;0;0;1;1
202200002547;809 456;7;6;0;2;2;1
202200002548;809 454;33;0;2;1;0;1
202200002548;809 455;33;0;2;5;12;1
202200002549;809 453;33;4;0;9;1;1
202200002550;809 452;7;3;0;1;0;1
202200002551;809 450;7;0;2;3;1;1
202200002551;809 451;7;0;2;3;1;1
202200002552;809 448;7;0;2;3;9;1
202200002552;809 449;32;0;2;1;1;1
202200002553;809 446;0;0;2;3;1;0
202200002553;809 447;80;0;0;4;2;3