Num_Acc;id_vehicule;categorie_vehicule;obstacle_fixe;obstacle_mobile;point_choc_initial;manoeuvre_principale;motorisation
202200002554;809 445;7;13;0;3;1;1
202200002555;809 444;7;2;0;7;2;1
202200002556;809 443;33;13;0;1;16;1
202200002557;809 442;2;8;0;1;1;1
202200002558;809 440;33;0;2;1;13;1
202200002558;809 441;33;0;2;3;1;1
202200002559;809 438;7;0;2;6;19;1
202200002559;809 439;33;0;2;1;1;1
202200002560;809 437;7;2;0;7;1;1
202200002561;809 435;21;0;2;3;1;1
202200002561;809 436;2;0;2;1;13;1
202200002562;809 433;7;0;2;2;1;1
202200002562;809 434;1;0;2;1;1;5
202200002563;809 432;7;0;1;1;15;1
202200002564;809 431;2;0;0;0;0;4
202200002565;809 430;7;13;0;2;1;1
202200002566;809 429;7;2;0;3;13;1
202200002567;809 428;7;15;0;9;0;1
202200002568;809 427;2;7;0;1;0;1
202200002569;809 426;2;12;0;0;1;1
202200002570;809 425;7;0;1;2;1;1
202200002571;809 424;7;0;0;2;1;1
202200002572;809 423;33;3;0;2;1;1
202200002573;809 421;10;0;2;1;1;1
202200002573;809 422;7;0;2;1;13;1
202200002574;809 420;10;2;0;1;0;1
202200002575;809 418;7;0;2;1;1;1
202200002575;809 419;33;0;2;1;21;1
202200002576;809 416;30;0;2;3;10;1
202200002576;809 417;7;0;2;2;17;1
202200002577;809 415;7;2;0;1;1;1
202200002578;809 413;33;3;2;1;17;1
202200002578;809 414;7;13;2;3;1;1
202200002579;809 411;7;0;2;1;2;1
202200002579;809 412;7;0;0;4;2;0
202200002580;809 410;7;7;0;2;1;1
202200002581;809 409;7;0;0;1;1;0
202200002582;809 407;15;3;0;7;0;1
202200002582;809 408;33;0;0;0;1;1
202200002583;809 405;7;0;2;3;13;1
202200002583;809 406;7;4;2;3;1;1
202200002584;809 403;7;0;2;3;9;1
202200002584;809 404;2;0;2;5;16;1
202200002585;809 399;7;0;2;3;15;3
202200002585;809 400;33;0;2;1;2;1
202200002586;809 398;33;0;0;0;17;1
202200002587;809 397;7;8;0;0;1;1
202200002588;809 395;7;0;2;3;9;1
202200002588;809 396;33;0;2;1;1;1
202200002589;809 392;33;0;0;9;1;1
202200002590;809 390;2;0;2;1;13;1
202200002590;809 391;7;0;2;3;1;1
202200002591;809 389;34;8;0;9;1;3
202200002592;809 386;7;0;2;1;13;1
202200002592;809 387;7;0;2;0;26;1
202200002592;809 388;7;0;2;3;1;1
202200002593;809 384;7;0;2;1;1;1
202200002593;809 385;7;7;0;7;19;1
202200002594;809 382;31;0;2;2;1;1
202200002594;809 383;7;0;2;3;15;1
202200002595;809 380;31;0;2;8;1;1
202200002595;809 381;7;0;2;8;1;1
202200002596;809 378;7;0;2;8;26;1
202200002596;809 379;7;0;2;1;1;1
202200002597;809 377;7;0;1;3;1;1
202200002598;809 376;7;1;0;2;26;1
202200002599;809 375;21;0;0;8;12;1
202200002600;809 373;7;0;2;3;20;1
202200002600;809 374;2;0;2;1;1;1
202200002601;809 372;7;0;1;8;1;1
202200002602;809 369;10;0;2;3;2;1
202200002602;809 370;17;0;2;6;2;1
202200002603;809 367;7;0;2;5;2;1
202200002603;809 368;0;0;0;0;0;0
202200002604;809 366;7;13;2;1;0;1
202200002605;809 363;7;4;2;1;2;1
202200002605;809 364;7;4;2;4;2;3
202200002605;809 365;7;4;2;6;0;1
202200002606;809 360;10;0;2;1;2;1
202200002606;809 361;7;0;2;4;2;1
202200002606;809 362;7;0;2;4;2;1
202200002607;809 359;7;3;0;1;0;1
202200002608;809 356;33;0;2;1;2;1
202200002608;809 357;7;0;2;4;1;1
202200002608;809 358;7;0;2;4;1;3
202200002609;809 355;1;0;2;1;16;5
202200002610;809 353;50;0;2;7;21;3
202200002610;809 354;1;0;9;1;1;5
202200002611;809 351;31;0;2;1;11;1
202200002611;809 352;7;0;2;1;1;1
202200002612;809 350;30;0;0;0;16;1
202200002613;809 347;7;0;2;6;0;1
202200002613;809 348;7;0;2;0;0;0
202200002613;809 349;7;0;2;2;26;1
202200002614;809 343;7;0;2;1;2;1
202200002614;809 344;7;0;2;1;2;1
202200002614;809 345;7;0;2;4;2;1
202200002614;809 346;7;0;2;4;2;1
202200002615;809 341;7;0;2;4;23;1
202200002615;809 342;7;0;2;1;2;1
202200002616;809 339;7;0;2;3;1;1
202200002616;809 340;7;0;2;3;5;1
202200002617;809 338;7;0;1;2;1;1
202200002618;809 337;33;4;0;1;17;1
202200002619;809 334;10;0;2;1;1;1
202200002619;809 335;7;0;2;4;1;1
202200002619;809 336;7;0;2;6;16;1
202200002620;809 333;33;0;0;7;9;1
202200002621;809 331;7;0;2;3;13;1
202200002621;809 332;7;0;2;3;1;1
202200002622;809 330;32;15;0;3;0;1
202200002623;809 327;10;0;2;2;21;1
202200002623;809 328;7;0;2;6;14;1
202200002623;809 329;7;0;2;0;0;1
202200002624;809 325;7;0;1;1;1;1
202200002625;809 323;7;0;2;1;2;1
202200002625;809 324;7;0;2;4;2;1
202200002626;809 320;7;0;2;1;1;1
202200002626;809 321;7;0;2;4;1;1
202200002626;809 322;7;0;2;4;1;1
202200002627;809 319;50;0;0;0;1;3
202200002628;809 317;7;0;2;1;15;1
202200002628;809 318;1;0;2;1;0;5
202200002629;809 316;3;0;1;1;1;1
202200002630;809 314;7;0;2;3;1;1
202200002630;809 315;50;0;2;7;1;3
202200002631;809 312;33;0;2;1;13;1
202200002631;809 313;7;0;2;2;15;1
202200002632;809 310;10;0;2;2;1;1
202200002632;809 311;2;0;2;4;1;1
202200002633;809 309;7;0;1;1;9;1
202200002634;809 307;7;0;2;1;2;1
202200002634;809 308;7;0;2;4;2;1
202200002635;809 304;7;0;2;1;16;1
202200002635;809 305;7;0;2;8;23;1
202200002635;809 306;7;0;2;8;23;1
202200002636;809 302;13;0;2;4;23;1
202200002636;809 303;1;1;0;1;1;5
202200002637;809 300;2;0;2;1;17;1
202200002637;809 301;7;0;2;3;1;1
202200002638;809 298;1;0;2;3;9;5
202200002638;809 299;7;0;2;2;9;1
202200002639;809 297;7;0;1;7;26;0
202200002640;809 296;7;0;1;1;1;1
202200002641;809 293;10;0;0;1;0;0
202200002641;809 294;10;0;0;6;2;0
202200002641;809 295;10;0;2;4;23;0
202200002642;809 291;80;0;2;1;21;3
202200002642;809 292;15;0;2;5;1;1
202200002643;809 289;7;0;2;6;15;1
202200002643;809 290;33;0;2;6;1;1
202200002644;809 288;37;0;1;1;1;1
202200002645;809 286;1;0;2;7;1;5
202200002645;809 287;7;0;2;3;9;1
202200002646;809 284;33;0;2;7;1;1
202200002646;809 285;7;0;2;6;1;1
202200002647;809 283;10;1;0;3;21;1
202200002648;809 280;10;0;2;4;1;1
202200002648;809 281;7;0;2;4;1;1
202200002648;809 282;7;0;2;1;1;1
202200002649;809 278;7;0;2;1;1;1
202200002649;809 279;7;0;2;1;15;1
202200002650;809 276;50;0;2;8;7;3
202200002650;809 277;37;0;2;5;17;1
202200002651;809 274;30;0;2;0;2;1
202200002651;809 275;7;0;2;8;15;1
202200002652;809 272;7;0;2;4;26;1
202200002652;809 273;7;0;2;1;26;1
202200002653;809 271;2;0;1;1;26;1
202200002654;809 269;7;0;2;1;2;2
202200002654;809 270;50;0;2;0;19;3
202200002655;809 267;10;0;2;3;9;1
202200002655;809 268;2;0;2;1;1;1
202200002656;809 265;7;0;2;4;23;1
202200002656;809 266;1;0;2;1;1;5
202200002657;809 263;1;0;2;8;1;5
202200002657;809 264;7;0;2;1;1;1
202200002658;809 261;7;0;2;1;1;1
202200002658;809 262;7;0;2;4;23;1
202200002659;809 258;7;0;1;2;1;1
202200002660;809 257;33;0;0;8;1;1
202200002661;809 256;31;0;0;0;1;1
202200002662;809 254;7;0;2;1;2;1
202200002662;809 255;7;0;2;4;1;1
202200002663;809 252;1;0;2;5;16;5
202200002663;809 253;2;0;2;1;1;1
202200002664;809 250;34;0;2;1;1;1
202200002664;809 251;7;0;2;1;17;1
202200002665;809 249;7;0;1;1;1;1
202200002666;809 247;7;0;2;3;15;1
202200002666;809 248;30;0;2;2;17;1
202200002667;809 245;32;0;2;3;1;1
202200002667;809 246;7;0;2;6;9;1
202200002668;809 243;10;0;4;8;19;1
202200002668;809 244;39;0;2;1;0;0
202200002669;809 242;7;0;1;3;2;1
202200002670;809 240;7;0;2;0;0;1
202200002670;809 241;33;0;2;5;3;0
202200002671;809 239;30;0;0;6;14;1
202200002672;809 237;7;0;2;5;1;1
202200002672;809 238;7;0;2;2;9;1
202200002673;809 236;30;0;0;8;0;1
202200002674;809 235;7;4;0;2;14;1
202200002675;809 232;33;0;2;1;2;1
202200002675;809 233;7;0;2;4;2;1
202200002675;809 234;7;0;2;4;2;1
202200002676;809 230;10;0;2;8;13;1
202200002676;809 231;7;0;2;8;1;1
202200002677;809 229;7;1;0;2;1;1
202200002678;809 227;1;0;2;1;15;5
202200002678;809 228;30;0;2;1;1;3
202200002679;809 226;7;0;1;1;15;1
202200002680;809 224;7;8;2;1;26;1
202200002680;809 225;32;0;2;1;1;1
202200002681;809 222;32;0;2;3;1;1
202200002681;809 223;7;0;2;3;15;1
202200002682;809 221;3;0;1;1;1;0
202200002683;809 220;7;0;1;1;9;0
202200002684;809 218;7;0;2;2;1;1
202200002684;809 219;1;0;2;0;0;5
202200002685;809 214;7;0;2;2;0;1
202200002685;809 215;7;0;2;4;0;1
202200002685;809 216;7;0;2;4;2;2
202200002685;809 217;7;0;2;3;11;1
202200002686;809 212;7;0;2;1;21;1
202200002686;809 213;7;1;0;1;13;1
202200002687;809 210;7;0;2;3;19;1
202200002687;809 211;33;0;2;1;1;0
202200002688;809 208;7;0;2;2;12;0
202200002688;809 209;33;0;2;3;3;1
202200002689;809 206;30;0;2;8;17;3
202200002689;809 207;7;0;2;2;1;1
202200002690;809 204;7;0;2;6;11;1
202200002690;809 205;31;0;2;1;3;1
202200002691;809 202;30;0;2;2;17;1
202200002691;809 203;7;0;2;3;10;1
202200002692;809 200;7;0;2;4;2;1
202200002692;809 201;7;0;2;1;2;1
202200002693;809 199;30;6;1;1;13;3
202200002694;809 197;50;0;2;1;1;3
202200002694;809 198;7;0;2;2;16;2
202200002695;809 196;7;0;1;4;4;1
202200002696;809 195;80;0;1;2;1;3
202200002697;809 193;33;0;2;3;1;1
202200002697;809 194;7;0;2;2;1;1
202200002698;809 192;1;0;0;0;13;5
202200002699;809 190;7;0;2;1;1;1
202200002699;809 191;7;0;2;8;1;1
202200002700;809 189;1;0;1;1;1;5
202200002701;809 188;1;0;1;1;5;5
202200002702;809 187;7;0;1;1;16;1
202200002703;809 185;7;0;2;1;1;2
202200002703;809 186;1;0;2;8;19;5
202200002704;809 184;7;0;1;2;9;1
202200002705;809 182;10;0;2;0;0;1
202200002705;809 183;30;0;2;0;0;1
202200002706;809 181;32;0;1;1;1;1
202200002707;809 180;50;0;0;0;1;3
202200002708;809 179;7;8;0;1;1;1
202200002709;809 177;7;0;2;1;1;1
202200002709;809 178;7;0;2;3;1;1
202200002710;809 176;7;0;1;1;1;0
202200002711;809 174;50;0;2;1;1;3
202200002711;809 175;7;0;2;7;16;1
202200002712;809 172;7;0;2;4;10;2
202200002712;809 173;34;0;2;1;1;1
202200002713;809 169;34;0;2;1;13;1
202200002713;809 170;34;0;2;1;1;1
202200002713;809 171;7;0;2;6;1;1
202200002714;809 167;43;0;2;2;1;1
202200002714;809 168;32;0;2;8;13;1
202200002715;809 166;7;9;0;1;5;1
202200002716;809 163;33;3;0;1;1;1
202200002717;809 162;7;0;2;6;1;1
202200002717;809 164;7;0;2;1;1;1
202200002717;809 165;7;0;2;7;1;1
202200002718;809 161;7;4;0;9;1;1
202200002719;809 159;7;2;0;1;1;1
202200002720;809 160;10;0;0;7;1;1
202200002721;809 157;7;0;2;8;1;1
202200002721;809 158;1;0;2;3;13;5
202200002722;809 153;7;0;2;1;1;1
202200002722;809 155;7;0;2;6;2;1
202200002722;809 156;7;0;0;4;1;1
202200002723;809 154;7;13;0;1;1;1
202200002724;809 150;15;0;0;6;1;1
202200002724;809 152;7;0;2;2;14;1
202200002725;809 149;10;0;2;2;13;1
202200002725;809 151;7;0;2;2;21;1
202200002726;809 147;7;0;2;1;1;1
202200002726;809 148;33;0;2;1;13;1
202200002727;809 145;31;16;0;2;1;1
202200002728;809 144;7;0;0;7;15;2
202200002728;809 146;1;0;2;1;1;5
202200002729;809 143;50;0;0;0;1;3
202200002730;809 142;33;6;0;1;1;1
202200002731;809 141;7;13;0;9;21;1
202200002732;809 140;7;0;1;2;1;1
202200002733;809 137;1;0;2;4;19;5
202200002733;809 138;10;0;9;2;1;1
202200002734;809 135;7;0;1;7;1;1
202200002735;809 136;7;0;2;3;15;1
202200002735;809 139;2;0;2;3;1;1
202200002736;809 134;7;1;0;7;6;1
202200002737;809 133;7;0;1;1;1;1
202200002738;809 131;13;0;2;1;1;0
202200002738;809 132;7;16;2;2;6;1
202200002739;809 130;7;1;2;1;2;1
202200002740;809 128;7;0;0;4;1;1
202200002740;809 129;33;1;0;1;1;1
202200002741;809 126;7;0;2;4;1;1
202200002741;809 127;7;0;2;1;1;1
202200002742;809 125;7;8;0;2;1;1
202200002743;809 123;7;0;0;8;15;0
202200002743;809 124;7;0;2;2;17;1
202200002744;809 121;1;0;2;7;0;5
202200002744;809 122;2;0;9;1;0;1
202200002745;809 120;36;6;0;3;13;1
202200002746;809 119;7;2;0;2;1;1
202200002747;809 118;31;0;0;0;0;1
202200002748;809 115;7;0;2;1;5;1
202200002748;809 116;7;0;2;8;1;1
202200002748;809 117;7;0;2;1;1;1
202200002749;809 113;7;0;2;3;15;1
202200002749;809 114;34;0;2;6;1;1
202200002750;809 111;31;0;2;8;2;1
202200002750;809 112;10;0;2;7;16;1
202200002751;809 109;7;0;2;3;1;1
202200002751;809 110;1;0;2;8;19;5
202200002752;809 108;7;1;0;7;1;1
202200002753;809 107;7;0;0;0;0;1
202200002754;809 106;33;1;0;1;1;1
202200002755;809 105;2;0;0;7;13;1
202200002756;809 103;7;0;2;8;1;1
202200002756;809 104;7;0;2;7;17;1
202200002757;809 101;7;0;2;2;1;2
202200002757;809 102;31;0;2;1;13;1
202200002758;809 100;10;2;0;3;1;1
202200002759;809 098;33;0;2;7;1;1
202200002759;809 099;7;0;2;3;10;1
202200002760;809 096;31;0;2;1;1;1
202200002760;809 097;7;0;2;2;1;1
202200002761;809 094;2;0;2;1;15;1
202200002761;809 095;10;0;2;2;1;1
202200002762;809 092;1;0;2;3;15;5
202200002762;809 093;7;0;9;2;1;1
202200002763;809 090;7;0;2;1;1;1
202200002763;809 091;30;0;2;7;1;1
202200002764;809 088;21;0;2;2;19;1
202200002764;809 089;2;0;2;3;21;1
202200002765;809 087;10;0;1;2;16;1
202200002766;809 085;7;0;2;4;2;0
202200002766;809 086;7;0;2;1;2;1
202200002767;809 084;7;0;1;2;2;1
202200002768;809 082;10;0;2;1;26;1
202200002768;809 083;7;0;2;1;1;1
202200002769;809 081;33;16;0;0;1;1
202200002770;809 078;7;0;1;1;1;1
202200002771;809 077;36;8;0;1;0;1
202200002772;809 075;1;0;2;1;5;5
202200002772;809 076;7;0;9;3;15;1
202200002773;809 073;10;0;2;6;23;1
202200002773;809 074;31;0;2;1;2;1
202200002774;809 069;10;0;2;5;23;1
202200002774;809 070;10;0;2;3;1;1
202200002775;809 068;33;0;0;9;2;1
202200002776;809 065;7;0;2;6;1;1
202200002776;809 066;7;0;2;4;0;1
202200002776;809 067;7;4;2;1;2;1
202200002777;809 064;7;0;9;1;12;1
202200002778;809 062;7;0;2;2;14;1
202200002778;809 063;7;0;2;6;1;3
202200002779;809 058;7;0;2;1;2;1
202200002779;809 059;7;0;2;4;2;2
202200002779;809 060;7;0;2;4;2;1
202200002779;809 061;7;0;2;1;2;1
202200002780;809 054;15;0;2;4;2;1
202200002780;809 055;10;0;2;4;2;1
202200002780;809 056;7;0;2;4;1;1
202200002780;809 057;15;0;2;1;2;1
202200002781;809 052;10;0;2;5;1;1
202200002781;809 053;33;0;9;3;3;1
202200002782;809 049;43;0;2;1;3;1
202200002782;809 050;33;0;2;4;3;1
202200002782;809 051;7;0;2;5;1;1
202200002783;809 045;7;0;2;6;1;0
202200002783;809 046;7;0;2;2;1;1
202200002783;809 047;7;0;2;3;1;1
202200002783;809 048;14;0;2;1;1;1
202200002784;809 042;7;0;2;1;0;1
202200002784;809 043;7;0;2;0;0;1
202200002784;809 044;7;0;2;1;0;1
202200002785;809 040;33;0;2;2;3;1
202200002785;809 041;7;0;2;6;12;1
202200002786;809 036;7;0;2;1;1;1
202200002786;809 037;7;0;2;4;2;1
202200002786;809 038;7;0;2;4;2;1
202200002786;809 039;7;0;2;4;2;1
202200002787;809 034;7;4;2;8;11;1
202200002787;809 035;15;0;2;2;1;1
202200002788;809 032;7;0;2;3;1;1
202200002788;809 033;7;0;2;2;12;0
202200002789;809 030;33;0;2;3;3;0
202200002789;809 031;7;0;2;7;12;1
202200002790;809 025;14;0;2;8;1;1
202200002790;809 026;7;0;2;6;11;1
202200002790;809 027;7;0;2;7;1;1
202200002790;809 028;10;0;2;1;1;1
202200002790;809 029;7;0;2;1;1;1
202200002791;809 023;31;0;2;1;3;1
202200002791;809 024;7;0;2;4;11;1
202200002792;809 021;7;0;2;1;2;1
202200002792;809 022;7;0;2;4;2;1
202200002793;809 016;14;0;2;4;1;1
202200002793;809 017;7;0;2;4;1;1
202200002793;809 018;10;0;2;1;1;1
202200002793;809 019;7;0;2;4;1;1
202200002793;809 020;10;0;2;4;1;1
202200002794;809 014;7;0;2;8;15;1
202200002794;809 015;7;0;2;0;15;1
202200002795;809 013;7;0;1;8;1;1
202200002796;809 012;7;0;1;3;1;1
202200002797;809 011;37;0;1;0;0;0
202200002798;809 009;50;0;9;0;19;3
202200002798;809 010;33;0;9;8;1;1
202200002799;809 001;7;0;1;1;1;1
202200002800;808 999;7;0;1;1;16;1
202200002801;808 997;30;0;2;3;1;1
202200002801;808 998;10;0;2;1;15;1
202200002802;808 996;7;0;0;0;1;1
202200002803;808 995;7;0;1;5;20;1
202200002804;808 993;2;0;2;1;1;1
202200002804;808 994;7;0;2;4;1;1
202200002805;808 992;10;0;1;6;4;0
202200002806;808 991;33;12;0;1;1;1
202200002807;808 988;7;0;2;3;1;1
202200002807;808 989;33;0;2;1;1;1
202200002807;808 990;10;0;2;5;15;1
202200002808;808 987;7;0;1;2;1;1
202200002809;808 985;7;0;2;1;13;1
202200002809;808 986;10;0;2;1;1;1
202200002810;808 983;7;0;2;1;1;1
202200002810;808 984;7;0;2;9;1;1
202200002811;808 980;7;0;1;3;2;1
202200002812;808 979;7;0;1;3;1;1
202200002813;808 978;33;0;9;8;15;1
202200002814;808 976;1;0;2;1;25;5
202200002814;808 977;7;0;2;2;26;1
202200002815;808 974;7;0;2;3;9;1
202200002815;808 975;33;0;2;1;17;1
202200002816;808 972;7;0;2;1;1;1
202200002816;808 973;7;0;2;1;13;1
202200002817;808 970;99;0;2;1;19;6
202200002817;808 971;1;0;2;1;1;5
202200002818;808 968;33;0;2;1;7;1
202200002818;808 969;7;0;2;3;1;1
202200002819;808 966;7;0;1;2;16;1
202200002820;808 960;7;6;2;1;17;1
202200002820;808 961;7;0;2;1;15;1
202200002821;808 958;80;0;2;1;7;3
202200002821;808 959;10;0;2;6;20;1
202200002822;808 956;7;0;2;2;1;1
202200002822;808 957;30;0;2;8;1;1
202200002823;808 953;7;3;0;3;12;1
202200002824;808 951;32;0;2;7;1;1
202200002824;808 952;7;0;2;8;9;1
202200002825;808 950;7;12;2;2;9;1
202200002826;808 948;7;0;2;1;2;0
202200002826;808 949;7;0;2;4;2;1
202200002827;808 946;7;0;2;3;1;1
202200002827;808 947;30;0;2;1;1;3
202200002828;808 944;7;0;2;1;2;1
202200002828;808 945;2;0;2;4;18;1
202200002829;808 942;33;0;2;3;1;1
202200002829;808 943;7;0;2;1;15;1
202200002830;808 940;7;0;2;2;17;1
202200002830;808 941;1;0;2;0;1;5
202200002831;808 938;33;0;2;1;1;1
202200002831;808 939;7;0;2;2;15;1
202200002832;808 936;7;0;2;3;15;1
202200002832;808 937;32;0;2;1;1;1
202200002833;808 934;30;0;2;1;1;1
202200002833;808 935;30;0;2;7;1;1
202200002834;808 933;2;0;0;0;1;1
202200002835;808 931;7;0;2;4;2;1
202200002835;808 932;33;0;2;1;2;1
202200002836;808 929;33;0;2;8;19;1
202200002836;808 930;7;0;2;1;19;1
202200002837;808 928;7;0;1;1;26;1
202200002838;808 926;7;0;0;0;0;1
202200002838;808 927;33;0;0;6;9;1
202200002839;808 924;14;0;2;7;17;0
202200002839;808 925;80;0;2;8;26;3
202200002840;808 922;7;0;2;1;1;1
202200002840;808 923;7;0;2;1;13;1
202200002841;808 921;7;2;0;1;14;2
202200002842;808 919;7;0;2;1;2;1
202200002842;808 920;7;0;2;4;1;1
202200002843;808 918;7;0;1;3;26;1
202200002844;808 917;7;0;1;7;1;1
202200002845;808 915;30;0;2;1;0;1
202200002845;808 916;7;0;2;2;15;1
202200002846;808 913;1;0;2;1;2;5
202200002846;808 914;1;0;2;4;2;5
202200002847;808 911;7;0;2;1;1;1
202200002847;808 912;1;0;2;8;1;5
202200002848;808 909;1;0;2;1;1;5
202200002848;808 910;7;0;2;6;20;1
202200002849;808 907;7;0;2;4;2;1
202200002849;808 908;14;0;2;1;2;1
202200002850;808 906;32;13;0;1;1;1
202200002851;808 904;1;0;4;7;1;5
202200002851;808 905;40;0;2;1;1;3
202200002852;808 903;7;0;1;1;1;1
202200002853;808 902;32;0;1;1;7;1
202200002854;808 895;7;0;2;4;21;1
202200002854;808 896;7;0;2;1;2;1
202200002854;808 897;7;0;2;1;2;1
202200002854;808 898;10;0;2;1;2;1
202200002855;808 893;7;0;2;5;1;1
202200002855;808 894;32;0;2;1;1;1
202200002856;808 890;7;0;2;2;15;1
202200002856;808 891;7;0;2;2;9;1
202200002856;808 892;7;0;2;7;1;1
202200002857;808 888;33;0;2;4;16;1
202200002857;808 889;7;0;2;3;15;2
202200002858;808 886;7;0;2;1;1;1
202200002858;808 887;10;0;5;0;0;1
202200002859;808 885;7;0;1;1;17;1
202200002860;808 883;32;0;2;8;3;1
202200002860;808 884;10;0;2;2;12;1
202200002861;808 880;7;0;2;8;1;1
202200002861;808 881;7;0;2;7;1;1
202200002861;808 882;33;0;2;6;3;1
202200002862;808 878;7;0;2;1;15;2
202200002862;808 879;32;0;2;3;7;1
202200002863;808 877;31;0;1;2;1;1
202200002864;808 875;33;0;2;8;3;1
202200002864;808 876;10;0;2;8;11;1
202200002865;808 874;10;0;1;2;15;1
202200002866;808 872;33;0;2;7;17;1
202200002866;808 873;7;0;2;8;10;1
202200002867;808 870;7;0;2;3;22;2
202200002867;808 871;80;0;2;5;1;3
202200002868;808 868;7;0;2;2;16;1
202200002868;808 869;33;0;2;8;18;1
202200002869;808 867;10;0;1;4;4;1
202200002870;808 866;7;0;1;2;1;1
202200002871;808 864;7;0;2;5;15;2
202200002871;808 865;30;0;2;1;1;3
202200002872;808 862;7;0;2;3;15;1
202200002872;808 863;33;0;2;7;17;1
202200002873;808 860;7;0;2;2;15;2
202200002873;808 861;34;0;2;8;1;1
202200002874;808 858;1;0;2;3;1;5
202200002874;808 859;7;0;2;5;16;1
202200002875;808 857;50;1;0;0;14;3
202200002876;808 855;32;0;2;7;17;1
202200002876;808 856;7;0;2;3;15;1
202200002877;808 854;10;0;1;3;1;3
202200002878;808 852;43;0;2;1;1;1
202200002878;808 853;7;0;2;3;16;1
202200002879;808 850;1;0;2;8;15;5
202200002879;808 851;1;0;2;1;17;5
202200002880;808 848;7;0;2;5;19;1
202200002880;808 849;1;0;2;1;1;5
202200002881;808 846;3;0;2;8;1;3
202200002881;808 847;34;0;2;1;1;1
202200002882;808 845;10;0;1;0;26;3
202200002883;808 843;50;0;2;0;0;3
202200002883;808 844;7;0;2;1;0;1
202200002884;808 841;32;0;2;4;0;1
202200002884;808 842;43;0;2;0;0;1
202200002885;808 839;17;0;2;4;15;1
202200002885;808 840;31;0;2;8;18;1
202200002886;808 838;7;0;1;2;0;1
202200002887;808 836;13;0;2;2;14;1
202200002887;808 837;7;0;2;8;1;1
202200002888;808 834;7;1;0;1;1;1
202200002888;808 835;2;0;2;2;5;1
202200002889;808 833;7;0;1;1;1;1
202200002890;808 831;7;0;0;2;0;1
202200002890;808 832;7;0;0;6;11;1
202200002891;808 830;1;0;0;0;0;5
202200002892;808 828;1;0;2;8;1;5
202200002892;808 829;7;0;2;5;16;1
202200002893;808 826;7;0;2;3;1;1
202200002893;808 827;50;0;2;1;1;3
202200002894;808 824;10;0;2;6;4;1
202200002894;808 825;32;0;2;3;5;1
202200002895;808 823;31;0;1;2;1;1
202200002896;808 822;50;0;0;0;1;3
202200002897;808 820;7;0;2;1;1;1
202200002897;808 821;7;0;2;1;14;2
202200002898;808 818;10;0;2;4;15;0
202200002898;808 819;33;0;2;1;17;0
202200002899;808 817;50;14;0;1;1;3
202200002900;808 815;33;0;2;1;1;1
202200002900;808 816;7;0;2;2;15;1
202200002901;808 813;7;0;2;1;2;1
202200002901;808 814;31;0;2;4;23;1
202200002902;808 811;15;0;2;4;23;1
202200002902;808 812;30;1;0;1;14;1
202200002903;808 809;1;0;2;3;19;5
202200002903;808 810;10;0;2;2;16;1
202200002904;808 808;7;0;1;2;1;1
202200002905;808 805;7;0;2;4;1;1
202200002905;808 806;7;0;2;4;2;2
202200002905;808 807;7;0;2;1;2;1
202200002906;808 804;32;9;0;1;1;1
202200002907;808 803;2;13;9;1;14;1
202200002908;808 801;7;0;0;2;1;1
202200002908;808 802;7;0;2;1;16;1
202200002909;808 800;33;13;2;3;9;1
202200002910;808 799;36;12;0;8;1;1
202200002911;808 797;2;0;2;7;1;1
202200002911;808 798;7;0;2;1;14;1
202200002912;808 796;15;0;1;3;1;1
202200002913;808 794;7;0;2;3;1;1
202200002913;808 795;7;0;2;2;15;1
202200002914;808 792;1;0;2;6;26;5
202200002914;808 793;7;0;2;2;1;1
202200002915;808 790;15;0;0;0;19;0
202200002915;808 791;7;13;0;1;21;1
202200002916;808 789;10;2;0;1;1;1
202200002917;808 788;7;2;0;1;1;1
202200002918;808 787;7;13;0;8;13;1
202200002919;808 786;3;13;0;2;14;1
202200002920;808 785;33;0;0;7;0;1
202200002921;808 784;33;0;0;0;1;1
202200002922;808 782;1;0;2;4;1;5
202200002922;808 783;7;0;2;1;1;1
202200002923;808 780;7;0;2;1;13;1
202200002923;808 781;7;0;2;1;1;1
202200002924;808 779;80;0;0;9;1;3
202200002925;808 778;7;0;1;1;20;1
202200002926;808 775;7;14;0;2;1;1
202200002926;808 776;7;0;2;3;1;1
202200002926;808 777;7;0;2;3;1;1
202200002927;808 774;1;0;0;1;0;5
202200002928;808 773;2;8;0;1;2;1
202200002929;808 771;7;0;2;3;21;0
202200002929;808 772;7;0;0;5;23;1
202200002930;808 769;7;0;2;3;1;1
202200002930;808 770;1;0;2;1;13;5
202200002931;808 767;7;0;2;3;1;1
202200002931;808 768;80;0;2;8;19;3
202200002932;808 766;7;7;0;7;1;1
202200002933;808 765;2;9;0;1;0;6
202200002934;808 763;7;6;2;1;21;1
202200002934;808 764;7;0;2;1;13;1
202200002935;808 762;7;0;1;2;1;1
202200002936;808 761;2;1;0;1;1;1
202200002937;808 758;10;0;2;1;1;1
202200002937;808 759;7;0;2;6;1;1
202200002937;808 760;7;0;2;8;1;1
202200002938;808 756;7;0;2;2;14;1
202200002938;808 757;7;0;2;4;1;1
202200002939;808 753;7;0;2;1;2;1
202200002939;808 754;7;0;2;4;2;1
202200002939;808 755;7;0;2;4;2;1
202200002940;808 750;7;0;2;4;2;1
202200002940;808 751;7;0;2;4;2;1
202200002940;808 752;7;0;2;1;2;1
202200002941;808 749;7;2;0;1;1;1
202200002942;808 748;7;6;0;2;14;1
202200002943;808 746;7;0;2;4;2;1
202200002943;808 747;7;0;2;1;2;1
202200002944;808 745;7;4;0;7;1;1
202200002945;808 743;7;0;2;1;1;1
202200002945;808 744;7;0;2;4;1;1
202200002946;808 742;7;6;0;1;16;1
202200002947;808 741;99;0;1;0;0;3