Num_Acc;id_vehicule;categorie_vehicule;obstacle_fixe;obstacle_mobile;point_choc_initial;manoeuvre_principale;motorisation
202200002948;808 740;7;0;1;1;15;1
202200002949;808 739;7;0;1;1;1;1
202200002950;808 738;34;0;1;1;0;1
202200002951;808 736;7;0;2;1;2;1
202200002951;808 737;10;0;2;4;2;1
202200002952;808 733;7;0;2;3;7;1
202200002952;808 734;7;0;2;2;15;1
202200002952;808 735;7;0;2;4;1;1
202200002953;808 731;10;0;2;1;1;0
202200002953;808 732;99;0;2;1;5;0
202200002954;808 729;33;0;2;0;0;1
202200002954;808 730;7;0;2;0;26;1
202200002955;808 727;32;0;2;3;2;1
202200002955;808 728;7;0;2;3;15;1
202200002956;808 725;3;0;2;4;1;1
202200002956;808 726;32;0;2;1;2;1
202200002957;808 724;32;12;0;2;0;1
202200002958;808 723;7;0;1;1;1;1
202200002959;808 721;30;0;2;7;1;1
202200002959;808 722;7;0;2;3;15;1
202200002960;808 717;7;0;2;4;23;1
202200002960;808 718;7;0;2;4;23;1
202200002960;808 719;7;0;2;4;23;1
202200002960;808 720;10;0;2;1;2;1
202200002961;808 715;30;0;2;7;1;1
202200002961;808 716;7;0;2;3;0;1
202200002962;808 712;30;12;0;0;26;1
202200002963;808 710;7;1;1;2;14;1
202200002963;808 711;7;0;2;6;24;1
202200002964;808 708;33;0;2;1;1;1
202200002964;808 709;7;0;2;2;5;1
202200002965;808 706;7;0;2;7;10;1
202200002965;808 707;2;0;2;1;1;1
202200002966;808 704;7;0;2;3;15;1
202200002966;808 705;33;0;2;7;17;1
202200002967;808 701;7;0;1;1;16;1
202200002968;808 699;7;0;2;8;19;1
202200002968;808 700;7;0;2;1;1;1
202200002969;808 697;7;0;2;1;26;1
202200002969;808 698;30;0;2;1;13;1
202200002970;808 695;7;0;2;1;0;1
202200002970;808 696;7;0;2;7;0;1
202200002971;808 694;7;0;1;0;20;1
202200002972;808 692;50;0;2;1;1;3
202200002972;808 693;7;0;2;3;1;1
202200002973;808 689;37;0;2;8;23;1
202200002973;808 690;1;0;2;4;1;5
202200002973;808 691;7;0;2;1;17;1
202200002974;808 688;33;12;0;1;13;1
202200002975;808 687;1;0;0;0;1;5
202200002976;808 686;7;1;0;1;26;1
202200002977;808 685;7;0;1;2;1;1
202200002978;808 684;7;9;0;8;1;1
202200002979;808 683;7;3;0;2;14;1
202200002980;808 680;7;0;2;8;1;1
202200002980;808 681;7;0;2;1;1;1
202200002980;808 682;7;0;2;1;13;1
202200002981;808 679;30;16;1;2;21;1
202200002982;808 677;7;0;2;3;16;1
202200002982;808 678;1;0;2;1;1;5
202200002983;808 675;7;0;2;2;26;0
202200002983;808 676;7;0;2;5;9;1
202200002984;808 674;15;0;0;0;1;1
202200002985;808 672;7;0;2;3;1;3
202200002985;808 673;7;0;2;1;15;1
202200002986;808 670;1;0;2;2;17;5
202200002986;808 671;7;0;2;3;15;1
202200002987;808 667;7;0;2;1;2;1
202200002987;808 668;7;0;2;9;2;1
202200002987;808 669;7;0;2;4;26;1
202200002988;808 665;7;0;2;1;1;1
202200002988;808 666;7;0;2;1;1;1
202200002989;808 663;33;0;2;1;17;1
202200002989;808 664;10;0;2;3;15;1
202200002990;808 661;7;0;2;1;15;1
202200002990;808 662;7;0;2;1;1;3
202200002991;808 659;30;0;2;1;1;1
202200002991;808 660;33;0;2;1;1;0
202200002992;808 658;7;8;0;1;1;1
202200002993;808 656;10;0;2;3;1;1
202200002993;808 657;1;0;2;1;15;5
202200002994;808 655;7;0;1;1;15;1
202200002995;808 653;7;0;2;6;2;1
202200002995;808 654;32;0;2;1;2;1
202200002996;808 651;14;0;2;2;16;6
202200002996;808 652;80;0;2;8;18;3
202200002997;808 650;50;0;0;0;21;3
202200002998;808 649;7;0;1;3;15;1
202200002999;808 647;1;0;2;4;2;5
202200002999;808 648;33;0;2;1;2;1
202200003000;808 645;1;0;2;1;1;5
202200003000;808 646;7;0;2;2;16;2
202200003001;808 643;2;0;2;1;1;1
202200003001;808 644;7;0;2;1;15;1
202200003002;808 642;32;1;0;7;12;1
202200003003;808 641;7;0;1;0;15;2
202200003004;808 640;7;0;1;1;1;0
202200003005;808 638;7;0;2;3;15;1
202200003005;808 639;50;0;2;1;17;3
202200003006;808 635;34;1;2;7;3;1
202200003006;808 636;7;0;9;7;23;1
202200003006;808 637;7;0;2;7;23;1
202200003007;808 633;7;0;2;1;1;2
202200003007;808 634;1;0;2;1;15;5
202200003008;808 631;7;0;2;4;24;1
202200003008;808 632;10;0;2;1;1;1
202200003009;808 629;50;0;2;8;19;3
202200003009;808 630;7;0;2;2;1;1
202200003010;808 627;13;0;2;1;1;1
202200003010;808 628;37;0;2;7;1;6
202200003011;808 625;32;0;2;8;1;1
202200003011;808 626;7;0;2;1;1;1
202200003012;808 623;50;0;2;1;19;3
202200003012;808 624;43;0;2;2;1;1
202200003013;808 621;7;0;2;8;5;1
202200003013;808 622;37;0;2;1;1;1
202200003014;808 617;7;0;2;5;16;1
202200003014;808 618;32;0;2;3;15;1
202200003015;808 616;7;15;0;1;21;1
202200003016;808 614;34;0;2;1;1;1
202200003016;808 615;7;12;0;7;15;1
202200003017;808 613;34;9;0;7;1;1
202200003018;808 611;7;0;2;2;1;1
202200003018;808 612;7;0;2;7;15;1
202200003019;808 609;10;0;2;3;21;1
202200003019;808 610;7;0;2;3;13;1
202200003020;808 607;33;0;2;3;1;1
202200003020;808 608;33;0;2;3;1;1
202200003021;808 605;7;0;2;5;15;1
202200003021;808 606;31;0;2;1;1;1
202200003022;808 603;7;0;2;2;1;1
202200003022;808 604;7;0;0;1;15;1
202200003023;808 602;7;15;0;1;1;1
202200003024;808 600;7;0;2;1;19;1
202200003024;808 601;33;0;2;7;1;1
202200003025;808 599;7;12;0;0;1;0
202200003026;808 598;7;2;0;8;14;1
202200003027;808 596;7;0;2;1;1;1
202200003027;808 597;2;0;0;8;15;1
202200003028;808 595;7;2;0;7;1;1
202200003029;808 594;33;6;0;2;14;1
202200003030;808 592;7;13;0;1;13;1
202200003031;808 590;7;0;2;1;1;1
202200003031;808 591;7;0;2;5;19;1
202200003032;808 589;33;0;0;1;1;1
202200003033;808 587;33;0;2;4;10;1
202200003033;808 588;33;0;2;1;17;1
202200003034;808 585;2;0;2;3;1;1
202200003034;808 586;31;0;2;1;1;1
202200003035;808 584;7;2;0;1;14;2
202200003036;808 583;2;0;0;9;1;1
202200003037;808 581;13;0;9;7;17;1
202200003037;808 582;1;0;2;0;1;5
202200003038;808 579;7;0;2;3;13;1
202200003038;808 580;7;0;2;3;1;1
202200003039;808 577;7;0;2;8;15;1
202200003039;808 578;33;0;2;1;1;1
202200003040;808 575;7;0;0;3;1;1
202200003040;808 576;7;0;2;3;1;1
202200003041;808 573;1;0;2;3;1;5
202200003041;808 574;7;0;2;5;15;1
202200003042;808 571;7;0;2;0;15;1
202200003042;808 572;33;0;2;3;17;1
202200003043;808 570;7;0;1;3;1;1
202200003044;808 568;33;0;2;1;1;1
202200003044;808 569;7;0;2;4;26;2
202200003045;808 566;7;0;0;4;2;1
202200003045;808 567;7;0;2;1;2;1
202200003046;808 565;33;0;0;8;16;1
202200003047;808 563;33;0;2;1;1;1
202200003047;808 564;7;0;2;2;15;1
202200003048;808 562;10;13;0;7;1;1
202200003049;808 561;7;13;0;3;1;1
202200003050;808 560;7;0;1;1;1;1
202200003051;808 559;33;2;0;1;0;1
202200003052;808 558;2;6;0;1;14;1
202200003053;808 557;7;16;0;0;0;1
202200003054;808 556;33;13;0;3;1;1
202200003055;808 555;1;13;0;0;0;5
202200003056;808 554;7;6;0;1;1;1
202200003057;808 552;7;0;0;1;21;1
202200003057;808 553;7;0;2;1;13;0
202200003058;808 551;2;0;0;0;1;1
202200003059;808 549;1;0;2;4;2;5
202200003059;808 550;7;0;9;2;2;1
202200003060;808 548;33;15;0;1;14;1
202200003061;808 543;7;0;2;4;2;2
202200003061;808 544;7;0;2;1;2;1
202200003061;808 545;7;0;2;4;2;1
202200003061;808 546;7;0;2;4;2;1
202200003061;808 547;7;0;2;4;2;1
202200003062;808 541;7;17;0;2;1;1
202200003063;808 539;2;0;2;1;17;1
202200003063;808 540;7;0;2;6;15;1
202200003064;808 538;30;8;0;7;1;1
202200003065;808 537;15;0;0;2;0;1
202200003066;808 536;7;13;0;9;14;1
202200003067;808 535;7;2;0;3;19;1
202200003068;808 534;10;16;0;1;14;1
202200003069;808 532;7;0;2;3;1;1
202200003069;808 533;2;0;2;1;13;1
202200003070;808 530;7;0;2;1;13;1
202200003070;808 531;7;0;2;1;2;1
202200003071;808 528;7;0;0;4;26;1
202200003071;808 529;7;1;0;1;1;1
202200003072;808 527;7;8;0;5;13;1
202200003073;808 525;39;0;4;3;1;3
202200003073;808 526;7;5;4;6;15;1
202200003074;808 523;7;0;2;7;15;1
202200003074;808 524;31;0;2;1;13;1
202200003075;808 521;7;0;2;2;1;1
202200003075;808 522;7;0;2;1;13;1
202200003076;808 519;10;0;2;1;15;1
202200003076;808 520;1;0;2;8;1;5
202200003077;808 518;7;13;0;1;1;1
202200003078;808 516;2;0;0;8;19;1
202200003078;808 517;7;0;0;1;1;1
202200003079;808 514;7;0;1;3;2;1
202200003079;808 515;50;0;2;8;15;3
202200003080;808 512;7;0;2;3;5;1
202200003080;808 513;1;0;2;8;1;5
202200003081;808 511;2;0;0;0;1;0
202200003082;808 510;33;0;0;0;17;1
202200003083;808 508;1;0;9;4;21;5
202200003083;808 509;1;0;9;1;0;5
202200003084;808 507;7;8;0;2;1;1
202200003085;808 506;7;8;0;2;14;1
202200003086;808 505;31;0;0;7;2;1
202200003087;808 504;7;16;0;1;1;1
202200003088;808 503;14;2;0;1;17;1
202200003089;808 501;7;2;0;2;1;1
202200003090;808 500;17;4;0;1;0;1
202200003091;808 498;7;0;1;1;1;1
202200003092;808 499;7;0;2;2;13;1
202200003092;808 502;10;0;2;2;1;1
202200003093;808 497;7;0;0;9;1;1
202200003094;808 496;33;12;0;8;0;1
202200003095;808 495;7;2;0;9;1;1
202200003096;808 492;10;0;2;2;1;1
202200003096;808 494;7;0;2;3;16;1
202200003097;808 490;7;8;0;1;2;1
202200003098;808 488;99;0;2;2;21;1
202200003098;808 489;30;0;0;4;2;1
202200003099;808 486;50;0;2;3;2;3
202200003099;808 487;7;0;9;7;2;2
202200003100;808 484;7;4;0;0;0;1
202200003101;808 483;33;0;2;7;9;1
202200003101;808 485;10;0;2;3;9;1
202200003102;808 482;7;0;1;1;16;1
202200003103;808 480;7;0;1;2;21;2
202200003104;808 479;33;0;2;9;1;1
202200003104;808 481;7;0;2;3;15;1
202200003105;808 477;7;0;2;7;1;1
202200003105;808 478;7;0;2;1;1;1
202200003106;808 476;7;2;0;7;15;1
202200003107;808 473;7;0;2;1;13;1
202200003107;808 475;7;0;0;1;1;1
202200003108;808 469;33;0;2;1;2;1
202200003108;808 470;7;0;2;6;2;1
202200003109;808 468;7;16;0;0;1;1
202200003110;808 467;7;0;2;1;1;3
202200003110;808 472;7;0;2;2;13;1
202200003111;808 464;7;17;0;1;1;1
202200003112;808 463;7;0;2;0;11;0
202200003112;808 465;7;0;2;7;1;1
202200003112;808 466;7;0;2;4;1;1
202200003113;808 461;31;4;0;8;2;1
202200003114;808 462;7;0;1;3;15;1
202200003115;808 457;33;0;2;8;3;1
202200003115;808 459;7;0;2;5;14;1
202200003116;808 456;10;0;2;3;1;1
202200003116;808 460;7;16;2;3;1;1
202200003117;808 455;7;0;0;1;1;1
202200003118;808 448;7;0;2;7;15;1
202200003118;808 452;2;0;2;1;1;1
202200003119;808 449;7;0;2;1;2;1
202200003119;808 451;7;0;2;2;17;1
202200003119;808 453;7;0;2;6;2;1
202200003119;808 454;7;0;2;8;2;1
202200003120;808 447;7;0;2;1;1;1
202200003120;808 450;7;0;2;1;13;1
202200003121;808 446;7;8;0;1;1;3
202200003122;808 445;33;0;2;0;1;1
202200003123;808 441;7;0;2;2;1;1
202200003123;808 444;7;0;2;3;1;1
202200003124;808 440;7;0;9;6;23;1
202200003124;808 443;7;1;0;2;14;1
202200003125;808 439;7;0;2;7;26;1
202200003125;808 442;7;0;2;1;2;1
202200003126;808 438;7;0;1;4;4;1
202200003127;808 436;33;15;0;1;2;1
202200003128;808 433;7;4;2;4;1;1
202200003128;808 435;7;0;2;4;1;1
202200003128;808 437;10;0;2;1;1;1
202200003129;808 431;7;0;2;2;1;1
202200003129;808 434;7;0;2;1;15;1
202200003130;808 430;10;0;2;4;2;1
202200003130;808 432;32;0;2;1;2;1
202200003131;808 427;7;0;2;6;15;1
202200003131;808 429;7;0;2;1;1;2
202200003132;808 425;33;0;2;7;9;1
202200003132;808 428;7;0;2;8;1;1
202200003133;808 424;7;2;0;3;1;1
202200003134;808 421;0;0;1;0;1;0
202200003135;808 422;33;0;2;1;1;1
202200003135;808 423;7;0;2;4;0;1
202200003136;808 420;7;0;2;1;2;1
202200003136;808 426;7;0;2;6;2;1
202200003137;808 417;7;0;2;0;0;1
202200003137;808 419;33;0;2;1;1;1
202200003138;808 414;33;0;2;0;0;1
202200003138;808 415;7;0;2;3;20;1
202200003139;808 411;10;0;2;3;1;1
202200003139;808 412;2;0;2;1;1;1
202200003139;808 416;10;0;2;7;15;1
202200003140;808 406;21;0;2;6;15;1
202200003140;808 408;33;0;2;1;1;1
202200003141;808 405;10;0;0;1;0;1
202200003141;808 407;7;0;0;0;0;1
202200003141;808 409;7;0;2;1;9;6
202200003142;808 402;10;16;0;7;14;1
202200003143;808 399;33;0;2;1;1;1
202200003143;808 400;7;0;2;2;15;1
202200003144;808 398;7;0;2;1;1;1
202200003144;808 401;7;0;2;1;17;1
202200003145;808 395;7;0;2;0;0;0
202200003145;808 397;7;0;2;0;0;0
202200003146;808 394;10;0;2;1;17;1
202200003147;808 393;7;0;9;8;19;1
202200003147;808 396;1;0;2;8;1;5
202200003148;808 392;7;17;0;1;2;1
202200003149;808 387;7;0;2;7;1;1
202200003149;808 390;7;0;2;1;1;1
202200003150;808 386;7;0;2;1;2;1
202200003150;808 389;7;0;2;9;23;1
202200003150;808 391;7;0;2;4;23;1
202200003151;808 383;1;0;2;1;21;5
202200003151;808 385;7;0;9;1;21;1
202200003151;808 388;37;0;2;2;21;1
202200003152;808 384;7;6;0;8;26;1
202200003153;808 379;2;0;0;0;1;0
202200003154;808 380;2;0;2;1;0;1
202200003154;808 382;7;0;2;8;15;1
202200003155;808 378;7;0;2;4;1;1
202200003155;808 381;33;0;2;1;1;1
202200003156;808 377;2;8;0;1;1;1
202200003157;808 372;7;0;2;1;2;1
202200003157;808 374;7;0;2;4;2;1
202200003157;808 376;7;0;0;5;2;1
202200003158;808 373;32;0;2;1;3;1
202200003158;808 375;7;0;2;3;10;1
202200003159;808 368;31;0;2;8;1;1
202200003159;808 370;7;0;2;1;1;1
202200003160;808 369;7;0;2;3;9;1
202200003160;808 371;7;0;2;3;9;1
202200003161;808 364;30;0;1;1;17;1
202200003162;808 365;7;4;2;1;1;1
202200003162;808 367;7;4;0;4;1;1
202200003163;808 363;7;0;2;0;15;1
202200003163;808 366;1;0;2;0;1;5
202200003164;808 359;30;0;1;0;0;1
202200003165;808 360;99;0;2;0;0;0
202200003165;808 362;33;0;2;1;0;0
202200003166;808 361;7;8;0;1;0;1
202200003167;808 358;7;0;0;9;0;1
202200003168;808 355;7;12;2;1;18;1
202200003168;808 357;7;0;2;5;16;1
202200003169;808 356;10;0;1;1;1;1
202200003170;808 353;2;0;2;1;1;1
202200003170;808 354;7;0;2;3;16;1
202200003171;808 351;7;0;2;1;9;1
202200003171;808 352;50;0;2;8;1;3
202200003172;808 348;10;0;2;2;1;1
202200003172;808 350;7;0;2;6;26;1
202200003173;808 349;7;2;0;2;1;1
202200003174;808 346;7;0;2;1;26;1
202200003174;808 347;7;0;2;4;0;2
202200003175;808 344;7;0;2;4;1;1
202200003175;808 345;10;0;2;1;1;1
202200003176;808 341;50;1;2;1;2;3
202200003176;808 342;7;0;2;5;23;1
202200003177;808 340;7;0;2;3;1;1
202200003177;808 343;7;0;2;3;13;1
202200003178;808 338;7;9;2;6;2;1
202200003178;808 339;7;9;2;2;21;1
202200003179;808 333;7;0;2;4;2;1
202200003179;808 334;7;0;2;1;2;1
202200003179;808 336;7;0;2;1;2;1
202200003179;808 337;7;0;2;1;2;1
202200003180;808 332;33;0;2;1;1;1
202200003181;808 331;33;0;2;1;3;1
202200003181;808 335;7;0;2;5;12;1
202200003182;808 329;7;0;2;1;1;1
202200003182;808 330;14;0;2;1;26;1
202200003183;808 327;7;8;0;1;13;2
202200003184;808 326;31;0;2;2;1;1
202200003184;808 328;7;0;2;2;9;1
202200003185;808 325;7;0;1;3;1;1
202200003186;808 324;7;13;0;9;1;1
202200003187;808 323;7;0;0;9;1;1
202200003188;808 321;32;0;2;2;1;1
202200003188;808 322;7;0;2;7;13;1
202200003189;808 318;30;0;2;3;1;1
202200003189;808 319;7;0;2;4;1;1
202200003190;808 314;7;13;0;1;13;1
202200003190;808 317;7;0;2;1;1;2
202200003190;808 320;10;0;2;1;1;1
202200003191;808 315;7;0;2;8;1;0
202200003191;808 316;7;0;2;1;1;1
202200003192;808 311;7;0;2;1;2;1
202200003192;808 312;7;0;2;4;2;1
202200003192;808 313;7;0;2;4;2;1
202200003193;808 310;7;0;1;2;1;1
202200003194;808 309;7;2;0;3;13;1
202200003195;808 306;7;0;1;2;26;0
202200003196;808 303;7;0;2;4;26;1
202200003196;808 305;7;0;2;4;1;1
202200003196;808 307;7;0;2;1;1;1
202200003196;808 308;7;0;2;1;1;1
202200003197;808 302;10;0;2;3;1;1
202200003197;808 304;7;0;2;3;6;1
202200003198;808 299;7;0;2;2;1;1
202200003198;808 301;50;0;2;3;15;3
202200003199;808 298;7;1;0;3;9;1
202200003199;808 300;7;0;2;5;24;1
202200003200;808 295;7;0;2;7;15;1
202200003200;808 297;7;0;2;1;1;1
202200003201;808 292;7;0;2;7;15;1
202200003201;808 294;60;0;2;1;1;3
202200003202;808 288;7;0;2;7;1;1
202200003202;808 291;7;0;2;1;15;1
202200003203;808 287;7;0;2;5;15;1
202200003203;808 289;1;0;2;1;1;0
202200003204;808 285;80;0;2;8;0;3
202200003204;808 286;7;0;9;0;0;1
202200003205;808 290;7;1;0;1;1;1
202200003205;808 293;7;0;2;1;2;1
202200003205;808 296;7;0;2;7;21;1
202200003206;808 283;7;0;2;1;2;1
202200003206;808 284;7;0;2;6;2;1
202200003207;808 282;7;0;1;1;14;1
202200003208;808 281;32;0;1;3;1;1
202200003209;808 278;34;0;2;1;18;1
202200003209;808 280;7;0;2;7;16;1
202200003210;808 279;7;5;0;2;0;3
202200003211;808 275;7;0;2;1;2;1
202200003211;808 276;7;0;2;4;2;1
202200003211;808 277;7;0;2;1;2;1
202200003212;808 273;32;0;2;1;2;1
202200003212;808 274;7;0;9;4;2;1
202200003213;808 269;7;2;2;1;1;1
202200003213;808 272;10;0;2;5;19;1
202200003214;808 266;7;0;2;4;2;1
202200003214;808 268;7;0;2;4;2;1
202200003214;808 270;7;0;2;4;2;1
202200003214;808 271;7;0;2;1;2;1
202200003215;808 262;7;0;2;2;15;2
202200003215;808 264;1;0;2;9;19;5
202200003216;808 263;7;0;2;1;2;1
202200003216;808 265;7;0;2;4;2;1
202200003216;808 267;7;0;2;4;2;1
202200003217;808 261;32;12;0;1;2;1
202200003218;808 258;1;0;1;1;5;5
202200003219;808 260;7;0;1;1;19;1
202200003220;808 256;33;0;2;2;17;1
202200003220;808 257;7;0;2;3;15;1
202200003220;808 259;7;0;2;3;1;1
202200003221;808 252;33;0;2;3;3;1
202200003221;808 254;7;0;2;5;1;1
202200003222;808 250;3;0;2;1;9;1
202200003222;808 253;2;0;2;7;1;1
202200003223;808 251;30;0;2;7;1;1
202200003223;808 255;7;0;2;2;1;1
202200003224;808 248;31;0;2;1;2;1
202200003224;808 249;7;0;2;5;1;1
202200003225;808 246;32;10;0;1;1;1
202200003226;808 245;7;0;2;5;2;1
202200003226;808 247;7;0;2;3;2;1
202200003227;808 243;15;0;2;4;2;1
202200003227;808 244;7;0;2;1;2;1
202200003228;808 238;7;0;2;8;11;1
202200003228;808 240;32;0;2;7;1;1
202200003229;808 239;7;0;2;1;19;1
202200003229;808 242;7;0;2;5;1;2
202200003230;808 241;7;12;0;2;0;1
202200003231;808 236;7;0;2;4;2;1
202200003231;808 237;7;0;2;4;1;1
202200003232;808 232;7;0;2;3;1;1
202200003232;808 233;7;0;2;0;26;1
202200003233;808 231;33;0;2;1;1;1
202200003233;808 235;7;0;0;6;26;1
202200003234;808 228;33;0;2;3;3;1
202200003234;808 229;7;0;2;7;14;1
202200003235;808 227;7;0;2;1;1;1
202200003235;808 230;7;0;2;7;15;1
202200003235;808 234;7;0;2;1;23;1
202200003236;808 224;7;0;2;4;2;2
202200003236;808 226;7;0;2;1;1;1
202200003237;808 225;3;0;1;1;26;1
202200003238;808 223;3;0;1;1;1;2
202200003239;808 222;7;0;1;2;2;1
202200003240;808 221;7;0;1;3;15;1
202200003241;808 220;50;0;0;0;0;3
202200003242;808 218;7;0;2;5;23;6
202200003242;808 219;7;0;2;1;1;1
202200003243;808 217;33;0;2;3;26;1
202200003244;808 213;1;0;2;1;25;5
202200003244;808 215;7;0;2;3;20;1
202200003245;808 211;31;0;2;1;3;1
202200003245;808 212;10;0;2;2;12;1
202200003246;808 214;7;0;2;2;15;1
202200003246;808 216;1;0;2;1;1;5
202200003247;808 209;7;0;1;1;9;1
202200003248;808 206;33;0;2;1;3;1
202200003248;808 208;42;0;2;5;12;1
202200003248;808 210;7;0;2;4;1;3
202200003249;808 203;1;0;2;7;1;5
202200003249;808 205;7;0;2;1;9;1
202200003250;808 202;80;0;2;8;1;3
202200003250;808 207;80;0;2;1;1;3
202200003251;808 200;7;0;2;6;1;1
202200003251;808 201;31;0;2;6;13;1
202200003251;808 204;43;0;2;1;3;1
202200003252;808 197;1;1;0;1;1;5
202200003252;808 198;7;0;2;2;22;1
202200003253;808 196;0;8;2;1;1;3
202200003253;808 199;7;0;2;2;1;1
202200003254;808 192;34;0;2;2;1;1
202200003254;808 194;1;0;2;3;1;5
202200003255;808 193;7;0;2;1;1;1
202200003255;808 195;7;0;2;3;15;1
202200003256;808 190;31;0;2;0;0;1
202200003256;808 191;10;0;2;3;9;1
202200003257;808 188;30;0;2;1;18;1
202200003257;808 189;14;0;2;7;16;1
202200003258;808 187;7;8;0;1;13;1
202200003259;808 184;7;0;2;2;16;1
202200003259;808 186;1;0;2;0;0;5
202200003260;808 183;10;0;2;2;1;1
202200003260;808 185;7;0;2;3;16;1
202200003261;808 181;33;16;0;8;12;1
202200003261;808 182;10;0;2;8;2;1
202200003262;808 180;7;0;1;3;1;1
202200003263;808 178;1;1;0;1;1;5
202200003263;808 179;14;0;2;5;24;1
202200003264;808 177;7;0;1;2;1;1
202200003265;808 175;10;0;1;0;1;1
202200003266;808 176;33;4;0;0;1;1
202200003267;808 172;7;0;2;3;15;1
202200003267;808 174;33;0;2;7;17;1
202200003268;808 171;1;0;2;1;1;5
202200003268;808 173;7;0;2;2;15;1
202200003269;808 170;10;0;1;1;2;1
202200003270;808 164;7;0;2;3;26;1
202200003270;808 168;33;0;2;1;1;0
202200003271;808 165;30;0;2;4;1;1
202200003271;808 167;1;0;2;4;15;5
202200003272;808 163;37;0;1;2;16;1
202200003273;808 159;2;0;2;1;16;1
202200003273;808 162;7;0;2;3;1;1
202200003274;808 161;1;1;0;1;1;5
202200003275;808 157;7;6;0;1;15;1
202200003276;808 153;32;0;2;0;7;1
202200003276;808 156;7;0;2;2;16;2
202200003277;808 152;7;6;0;3;1;1
202200003278;808 151;1;0;2;1;26;5
202200003278;808 154;30;0;2;3;9;1
202200003279;808 150;37;0;0;0;19;6
202200003279;808 155;7;0;0;0;26;1
202200003280;808 149;50;0;0;0;1;3
202200003281;808 148;33;2;0;1;1;1
202200003282;808 145;1;12;0;1;1;5
202200003283;808 144;7;0;9;4;4;1
202200003284;808 142;80;0;2;1;1;3
202200003284;808 143;1;0;2;4;1;5
202200003285;808 141;7;0;2;5;15;1
202200003285;808 147;33;0;2;1;1;1
202200003286;808 139;10;0;2;0;1;1
202200003286;808 146;30;0;2;1;1;3
202200003287;808 136;7;0;2;4;2;1
202200003287;808 137;30;0;2;1;2;3
202200003288;808 132;7;0;9;3;19;1
202200003288;808 135;50;0;0;0;1;3
202200003289;808 133;14;0;1;4;4;1
202200003290;808 130;32;0;1;1;25;0
202200003291;808 131;43;0;2;1;2;1
202200003291;808 134;7;0;2;4;2;1
202200003292;808 128;7;13;0;1;1;1
202200003293;808 127;10;0;0;0;0;1
202200003294;808 124;1;0;0;2;20;5
202200003295;808 121;7;0;1;7;1;1
202200003296;808 123;50;0;2;1;19;3
202200003296;808 125;7;0;9;3;19;1
202200003297;808 122;7;0;2;1;1;2
202200003297;808 126;7;0;2;7;19;1
202200003298;808 120;43;13;0;0;1;1
202200003299;808 117;10;0;0;1;26;1
202200003300;808 116;7;0;2;1;15;1
202200003300;808 119;32;0;2;8;1;1
202200003301;808 114;7;0;1;2;1;1
202200003302;808 115;10;0;9;0;0;1
202200003302;808 118;50;0;2;7;9;3
202200003303;808 113;99;0;0;9;14;1
202200003304;808 112;7;0;1;0;16;2
202200003305;808 110;7;0;1;2;26;1
202200003306;808 107;32;0;2;1;1;1
202200003306;808 109;7;0;0;3;9;1
202200003307;808 106;7;0;2;8;10;1
202200003307;808 111;33;0;2;1;1;6
202200003308;808 105;7;1;2;1;1;1
202200003308;808 108;7;0;2;8;1;1
202200003309;808 102;7;0;2;1;9;1
202200003309;808 104;34;0;2;2;1;1
202200003310;808 100;7;0;9;4;0;1
202200003310;808 103;7;0;2;1;0;1
202200003311;808 099;7;0;2;5;17;1
202200003311;808 101;7;0;2;3;13;1
202200003312;808 097;10;12;0;2;16;1
202200003313;808 095;7;0;2;3;15;1
202200003313;808 096;32;0;2;1;1;1
202200003314;808 094;30;0;2;1;1;1
202200003314;808 098;7;0;2;7;1;1
202200003315;808 092;7;0;2;8;1;1
202200003315;808 093;10;0;2;1;1;1
202200003316;808 090;2;0;1;1;1;1
202200003317;808 088;7;0;2;1;2;1
202200003317;808 089;7;0;2;1;23;1
202200003317;808 091;10;0;0;4;23;1
202200003318;808 087;7;0;1;1;1;0
202200003319;808 084;33;0;2;1;1;1
202200003319;808 086;7;0;2;3;16;1
202200003320;808 083;32;0;1;8;0;0
202200003321;808 082;10;0;2;1;2;1
202200003321;808 085;33;0;0;4;1;1
202200003322;808 078;10;0;2;4;1;1
202200003322;808 080;7;0;2;1;1;1
202200003323;808 074;7;0;1;1;15;1
202200003324;808 075;2;0;2;2;17;1
202200003324;808 077;7;0;2;3;1;1
202200003324;808 079;7;0;2;6;1;1
202200003325;808 076;7;0;2;4;2;2
202200003325;808 081;10;0;2;1;2;1
202200003326;808 072;7;0;2;1;1;1
202200003326;808 073;14;0;2;5;15;0
202200003327;808 066;7;0;2;1;26;0
202200003327;808 068;7;0;0;7;0;0
202200003328;808 069;1;0;1;1;1;5
202200003329;808 064;7;0;2;3;17;1
202200003329;808 067;1;0;2;3;16;5
202200003330;808 065;7;2;0;1;0;1
202200003331;808 062;50;0;2;8;19;3
202200003331;808 063;7;0;2;1;1;0
202200003332;808 059;30;12;0;7;14;3
202200003333;808 058;7;0;2;1;15;1
202200003333;808 061;2;0;2;1;1;1
202200003334;808 057;7;8;2;5;1;1
202200003334;808 060;7;0;2;2;19;1
202200003335;808 056;30;8;0;1;5;1
202200003336;808 054;7;14;1;1;16;1
202200003337;808 055;7;0;1;2;1;1
202200003338;808 052;7;4;2;1;17;1
202200003338;808 053;1;4;0;4;26;5
202200003339;808 049;10;0;2;2;16;1
202200003339;808 050;50;0;2;7;1;3
202200003340;808 048;1;0;2;1;1;5
202200003340;808 051;34;0;2;7;15;1
202200003341;808 046;7;0;2;7;1;1
202200003341;808 047;10;6;2;1;16;1
202200003342;808 044;7;0;2;3;13;1
202200003342;808 045;7;0;2;8;1;0
202200003343;808 043;15;0;1;2;1;0