Num_Acc;id_vehicule;categorie_vehicule;obstacle_fixe;obstacle_mobile;point_choc_initial;manoeuvre_principale;motorisation
202200003344;808 041;32;0;0;1;17;1
202200003345;808 042;33;14;0;3;13;1
202200003346;808 038;7;0;0;8;23;1
202200003346;808 040;32;0;2;8;17;1
202200003347;808 035;7;1;0;2;1;1
202200003348;808 033;7;0;2;6;23;1
202200003348;808 036;33;1;0;2;17;1
202200003348;808 039;7;0;2;3;1;1
202200003349;808 034;7;8;0;1;17;1
202200003349;808 037;7;8;0;8;15;1
202200003350;808 028;32;0;2;4;1;1
202200003350;808 031;7;0;2;1;1;0
202200003351;808 026;7;0;2;3;15;1
202200003351;808 030;1;0;2;1;1;5
202200003352;808 027;10;0;1;6;2;1
202200003353;808 022;10;0;1;3;1;0
202200003354;808 020;33;1;0;8;13;1
202200003354;808 024;7;0;2;7;1;1
202200003355;808 019;33;0;2;7;17;1
202200003355;808 021;1;0;2;8;13;5
202200003356;808 018;32;0;0;0;16;1
202200003357;808 014;7;0;2;6;2;1
202200003357;808 016;10;0;2;6;2;1
202200003358;808 017;10;0;1;1;15;1
202200003359;808 013;2;0;2;1;1;1
202200003359;808 015;7;0;2;7;19;1
202200003360;808 011;10;0;2;2;15;1
202200003360;808 012;7;0;2;1;1;1
202200003361;808 008;7;0;1;5;19;1
202200003362;808 009;33;16;0;3;14;1
202200003363;808 006;7;0;1;0;0;1
202200003364;808 005;33;0;5;3;1;1
202200003365;807 997;10;4;2;6;2;1
202200003365;808 000;7;0;2;1;1;1
202200003366;808 001;7;0;2;1;1;1
202200003366;808 003;15;0;2;2;15;1
202200003367;807 995;10;0;2;8;1;1
202200003367;807 998;7;0;2;3;13;1
202200003368;807 992;17;0;0;6;23;1
202200003368;807 994;7;0;0;2;1;1
202200003369;807 993;50;0;0;1;15;3
202200003370;807 989;7;0;2;1;13;1
202200003370;807 991;10;0;2;1;1;1
202200003371;807 988;15;0;2;8;2;1
202200003371;807 990;7;3;2;7;17;1
202200003372;807 987;7;0;1;3;19;1
202200003373;807 985;7;0;1;2;1;1
202200003374;807 984;7;0;1;1;1;1
202200003375;807 983;7;7;0;1;1;1
202200003376;807 982;10;0;2;8;15;1
202200003376;807 986;32;0;2;7;2;1
202200003377;807 977;7;0;2;1;1;1
202200003377;807 980;7;0;2;4;1;1
202200003378;807 975;32;13;0;1;16;1
202200003379;807 970;60;0;2;8;19;5
202200003379;807 971;7;0;2;1;1;1
202200003380;807 972;34;0;2;8;18;1
202200003380;807 974;7;0;2;7;26;1
202200003381;807 967;10;0;0;4;23;1
202200003381;807 969;7;0;2;1;2;1
202200003382;807 966;33;15;0;4;25;1
202200003383;807 964;7;0;2;4;12;1
202200003383;807 968;7;0;2;1;12;1
202200003384;807 963;7;2;0;2;1;1
202200003385;807 965;7;8;0;3;13;1
202200003386;807 960;2;0;0;7;1;1
202200003387;807 961;7;8;0;1;14;1
202200003388;807 959;7;4;2;4;2;1
202200003388;807 962;34;4;2;1;2;1
202200003389;807 958;2;0;0;0;1;1
202200003390;807 957;7;13;0;1;1;1
202200003391;807 956;7;4;0;2;1;0
202200003392;807 951;17;0;2;4;2;1
202200003392;807 953;7;0;2;1;1;1
202200003393;807 949;7;0;1;1;1;1
202200003394;807 950;1;0;2;1;1;5
202200003394;807 954;7;0;2;2;19;1
202200003395;807 948;7;0;2;1;15;1
202200003395;807 952;7;0;2;1;1;1
202200003395;807 955;7;0;2;8;0;1
202200003396;807 947;15;13;0;2;14;1
202200003397;807 943;7;0;0;3;1;2
202200003397;807 946;10;0;2;7;1;1
202200003398;807 945;7;8;0;9;1;1
202200003399;807 944;7;0;1;1;1;2
202200003400;807 941;1;0;0;0;1;5
202200003401;807 940;14;0;4;5;26;1
202200003401;807 942;39;0;4;1;1;3
202200003402;807 938;7;0;1;2;2;1
202200003403;807 935;1;0;2;8;2;5
202200003403;807 937;7;0;2;7;2;1
202200003404;807 936;7;0;2;3;15;1
202200003404;807 939;10;0;2;1;1;1
202200003405;807 934;2;0;0;0;0;1
202200003406;807 933;15;5;0;1;1;1
202200003407;807 932;99;0;1;5;20;1
202200003408;807 927;7;0;2;0;10;1
202200003408;807 930;7;6;2;1;13;1
202200003409;807 925;7;0;2;2;13;1
202200003409;807 928;7;0;2;1;1;1
202200003410;807 929;7;0;2;3;15;1
202200003410;807 931;1;0;2;1;1;5
202200003411;807 924;10;0;2;3;15;1
202200003411;807 926;31;0;2;7;17;1
202200003412;807 922;33;8;0;0;0;1
202200003413;807 921;7;0;9;2;1;1
202200003413;807 923;1;0;0;1;1;5
202200003414;807 919;7;0;0;2;13;1
202200003414;807 920;7;0;0;3;1;1
202200003415;807 917;38;0;1;8;15;1
202200003416;807 918;30;0;1;3;26;1
202200003417;807 916;7;0;1;7;1;1
202200003418;807 913;15;0;2;1;1;1
202200003418;807 915;3;1;2;1;1;1
202200003419;807 914;33;13;0;1;14;1
202200003420;807 909;7;0;2;1;1;1
202200003420;807 911;7;0;2;3;9;1
202200003421;807 912;30;1;0;1;13;1
202200003422;807 908;7;0;1;7;17;1
202200003423;807 910;7;2;0;2;1;1
202200003424;807 907;7;0;1;1;16;1
202200003425;807 904;32;0;2;7;7;1
202200003425;807 906;37;0;2;1;1;1
202200003426;807 903;7;0;1;2;1;1
202200003427;807 901;1;0;2;1;25;5
202200003427;807 905;99;0;2;5;1;0
202200003428;807 900;7;0;2;1;1;1
202200003428;807 902;7;0;2;1;26;1
202200003429;807 898;7;0;2;1;1;1
202200003429;807 899;2;0;2;1;1;1
202200003430;807 896;7;0;1;2;21;1
202200003431;807 894;7;0;2;0;16;1
202200003431;807 897;37;0;2;0;1;1
202200003432;807 893;7;0;2;3;5;1
202200003432;807 895;7;0;2;3;5;1
202200003433;807 891;7;0;1;2;20;1
202200003434;807 888;7;0;1;4;4;1
202200003435;807 889;33;0;2;8;15;1
202200003435;807 892;7;0;2;1;1;2
202200003436;807 887;7;0;2;7;16;1
202200003436;807 890;1;0;2;1;1;5
202200003437;807 884;1;0;2;4;1;5
202200003437;807 886;7;0;2;1;2;1
202200003438;807 883;7;6;0;1;1;1
202200003439;807 882;2;0;2;1;1;1
202200003440;807 881;7;0;2;2;2;1
202200003440;807 885;41;0;2;4;1;1
202200003441;807 879;7;0;2;2;19;1
202200003441;807 880;1;0;2;1;1;5
202200003442;807 877;33;0;0;8;13;1
202200003443;807 875;7;0;0;4;26;1
202200003443;807 876;7;0;2;1;9;1
202200003444;807 873;7;0;2;1;2;1
202200003444;807 878;21;0;0;4;15;1
202200003445;807 871;7;0;2;6;26;1
202200003445;807 872;32;0;2;1;6;1
202200003446;807 868;7;0;2;1;13;1
202200003446;807 870;7;0;2;3;1;1
202200003447;807 866;30;0;2;3;1;1
202200003447;807 869;7;0;2;1;1;1
202200003448;807 865;2;0;2;3;13;3
202200003448;807 867;10;0;2;3;1;1
202200003449;807 861;1;0;2;6;15;5
202200003449;807 863;7;0;9;6;17;1
202200003450;807 860;7;0;2;8;1;1
202200003450;807 864;7;0;2;1;1;1
202200003451;807 859;32;0;2;8;1;1
202200003451;807 862;7;0;2;1;9;1
202200003452;807 856;10;0;2;1;1;1
202200003452;807 858;3;0;2;4;2;1
202200003453;807 853;7;0;2;3;16;1
202200003453;807 857;1;0;2;7;1;5
202200003454;807 852;80;0;2;1;1;3
202200003454;807 855;7;0;9;2;16;1
202200003455;807 851;7;0;2;7;1;1
202200003455;807 854;7;0;2;7;1;1
202200003456;807 849;33;0;2;1;1;1
202200003456;807 850;7;0;2;2;15;1
202200003457;807 845;7;0;2;5;20;1
202200003457;807 848;50;0;2;1;25;3
202200003458;807 844;7;0;2;3;1;1
202200003458;807 847;7;2;2;3;1;3
202200003459;807 843;50;0;2;7;1;3
202200003459;807 846;7;0;2;1;1;0
202200003460;807 840;7;0;2;3;13;1
202200003460;807 842;7;0;2;3;1;1
202200003461;807 839;7;6;0;2;1;1
202200003462;807 837;7;0;2;1;1;2
202200003462;807 841;7;0;2;7;1;1
202200003463;807 835;7;0;2;1;1;1
202200003463;807 838;99;0;2;0;26;1
202200003464;807 834;7;0;2;7;17;1
202200003464;807 836;2;13;2;8;1;1
202200003465;807 830;17;0;0;6;9;1
202200003465;807 833;10;0;2;1;1;1
202200003466;807 827;10;0;2;2;2;1
202200003466;807 831;1;0;2;4;1;5
202200003467;807 826;7;0;2;2;0;1
202200003467;807 828;7;0;2;3;15;1
202200003468;807 823;7;4;0;1;0;1
202200003469;807 821;7;0;0;5;1;1
202200003469;807 824;33;0;2;3;1;1
202200003470;807 819;7;0;2;1;1;1
202200003470;807 822;7;0;2;6;1;1
202200003470;807 825;7;0;2;2;2;1
202200003471;807 818;7;10;0;1;13;1
202200003472;807 816;7;0;2;3;23;2
202200003472;807 817;7;0;2;3;1;1
202200003472;807 820;7;0;2;3;1;1
202200003473;807 814;7;12;0;2;0;1
202200003474;807 815;7;13;0;1;1;1
202200003475;807 812;7;0;2;3;15;1
202200003475;807 813;32;0;2;1;1;1
202200003476;807 807;7;0;2;2;9;1
202200003476;807 810;2;0;2;1;9;1
202200003477;807 806;7;0;2;1;1;1
202200003477;807 808;7;0;2;4;23;1
202200003477;807 811;7;0;2;4;23;1
202200003478;807 805;34;0;2;2;17;1
202200003479;807 803;7;15;0;2;14;1
202200003480;807 799;7;0;2;2;15;1
202200003480;807 802;1;0;2;1;1;5
202200003481;807 800;7;8;1;1;16;1
202200003482;807 795;7;8;2;3;1;1
202200003482;807 797;7;0;2;1;1;1
202200003483;807 790;10;0;2;4;2;1
202200003483;807 793;7;0;2;4;2;1
202200003483;807 796;7;0;2;4;2;1
202200003483;807 798;7;0;2;4;2;1
202200003483;807 801;7;0;2;4;2;1
202200003483;807 804;15;0;2;1;2;1
202200003484;807 788;30;0;2;3;1;1
202200003484;807 792;7;0;2;3;15;1
202200003485;807 786;15;0;2;3;21;1
202200003485;807 789;7;0;2;2;5;1
202200003486;807 787;7;0;2;2;15;1
202200003486;807 791;10;0;2;0;1;1
202200003486;807 794;31;0;2;2;1;1
202200003487;807 783;80;0;9;7;19;3
202200003487;807 785;33;0;9;3;1;1
202200003488;807 782;7;0;1;1;1;1
202200003489;807 780;1;0;2;1;1;5
202200003489;807 784;10;0;2;2;16;1
202200003490;807 777;10;0;2;1;2;3
202200003490;807 779;7;0;2;1;1;1
202200003490;807 781;7;0;2;1;5;1
202200003491;807 778;7;0;0;0;1;0
202200003492;807 775;7;9;0;1;13;1
202200003493;807 773;7;0;1;1;1;1
202200003494;807 769;7;0;0;3;1;1
202200003494;807 770;7;0;2;3;0;1
202200003495;807 771;30;0;0;7;1;1
202200003496;807 774;1;0;2;8;1;5
202200003496;807 776;7;0;2;1;15;0
202200003497;807 765;7;0;2;1;2;1
202200003497;807 768;33;0;2;4;23;1
202200003498;807 764;1;0;2;6;15;5
202200003498;807 767;3;0;2;2;2;1
202200003499;807 772;7;13;0;3;1;1
202200003500;807 763;1;0;2;7;1;5
202200003500;807 766;7;0;2;2;15;1
202200003501;807 762;7;0;1;1;1;1
202200003502;807 760;7;14;0;9;26;1
202200003503;807 761;7;0;1;1;1;0
202200003504;807 759;7;2;0;3;13;1
202200003505;807 756;7;0;2;3;1;1
202200003506;807 754;7;0;2;4;16;1
202200003506;807 757;1;0;2;1;2;5
202200003507;807 758;7;13;0;1;14;1
202200003508;807 753;33;0;2;1;1;1
202200003508;807 755;7;0;0;5;26;1
202200003509;807 748;7;0;2;1;1;1
202200003509;807 752;7;0;2;8;1;1
202200003510;807 750;7;0;1;3;1;1
202200003511;807 745;50;12;0;1;1;3
202200003512;807 744;7;0;2;4;2;1
202200003512;807 749;7;0;2;1;2;1
202200003512;807 751;7;0;2;1;2;1
202200003513;807 741;7;3;2;1;2;1
202200003513;807 742;7;3;2;4;2;1
202200003514;807 740;7;9;1;2;16;1
202200003515;807 743;7;0;2;8;2;1
202200003515;807 746;10;0;2;8;1;1
202200003515;807 747;10;0;2;1;13;1
202200003516;807 739;7;0;1;2;16;1
202200003517;807 737;10;0;1;1;1;1
202200003518;807 736;7;0;2;2;9;1
202200003518;807 738;1;0;2;8;9;5
202200003519;807 733;7;0;2;4;2;1
202200003519;807 735;10;0;2;1;2;1
202200003520;807 727;33;0;2;2;18;1
202200003520;807 731;7;0;2;3;1;1
202200003521;807 732;7;0;2;1;1;1
202200003521;807 734;21;0;0;8;9;1
202200003522;807 726;7;0;2;1;2;1
202200003522;807 728;3;0;2;4;2;1
202200003522;807 730;7;0;1;4;2;1
202200003523;807 729;7;0;1;1;26;1
202200003524;807 724;2;1;0;1;1;1
202200003525;807 725;43;8;0;3;1;1
202200003526;807 722;2;0;2;2;17;1
202200003526;807 723;7;0;2;8;15;1
202200003527;807 720;7;0;2;1;2;1
202200003527;807 721;7;0;2;4;1;1
202200003528;807 716;1;0;2;5;1;5
202200003528;807 718;7;0;9;3;9;1
202200003529;807 714;2;0;2;2;26;1
202200003529;807 717;7;0;2;6;26;1
202200003530;807 711;33;13;0;1;13;1
202200003531;807 708;37;0;2;1;1;3
202200003531;807 713;7;0;2;3;5;1
202200003532;807 710;37;0;2;5;17;1
202200003532;807 712;1;0;2;3;14;5
202200003533;807 706;7;0;0;9;1;1
202200003534;807 703;7;0;1;1;1;1
202200003535;807 700;7;14;0;1;12;1
202200003535;807 702;15;0;0;5;23;1
202200003536;807 701;10;0;2;2;2;1
202200003536;807 704;7;0;2;9;2;1
202200003536;807 707;7;0;2;9;2;1
202200003536;807 709;14;0;0;4;2;1
202200003537;807 699;10;0;9;8;15;1
202200003537;807 705;50;0;2;8;1;3
202200003538;807 696;7;0;2;1;26;1
202200003538;807 698;7;0;2;4;1;1
202200003539;807 694;7;0;2;5;2;1
202200003539;807 697;31;0;2;1;2;1
202200003540;807 693;33;0;2;1;2;0
202200003540;807 695;7;0;2;4;23;1
202200003541;807 692;7;0;1;1;16;1
202200003542;807 690;7;8;0;1;14;1
202200003543;807 689;7;0;2;4;1;1
202200003544;807 688;7;0;2;1;13;1
202200003544;807 691;10;0;2;1;2;1
202200003545;807 687;7;0;1;3;1;1
202200003546;807 685;43;14;0;7;21;1
202200003547;807 682;33;0;2;1;26;1
202200003547;807 683;7;0;2;5;23;1
202200003548;807 679;7;0;2;7;1;1
202200003548;807 681;2;0;2;1;15;1
202200003549;807 678;7;0;2;5;2;1
202200003549;807 680;10;0;2;3;2;1
202200003550;807 677;50;0;1;1;1;3
202200003551;807 675;7;0;2;6;10;1
202200003551;807 676;33;0;2;1;1;1
202200003552;807 671;30;6;0;8;13;1
202200003553;807 670;7;0;2;1;13;1
202200003553;807 672;7;2;0;8;1;1
202200003553;807 674;10;0;2;3;1;1
202200003554;807 668;32;0;2;1;3;1
202200003554;807 673;7;0;2;6;12;1
202200003555;807 664;7;0;2;3;13;1
202200003555;807 666;7;0;2;3;1;1
202200003556;807 663;10;0;2;0;0;1
202200003556;807 667;10;0;0;0;0;1
202200003556;807 669;10;0;0;0;0;1
202200003557;807 659;33;0;0;1;2;1
202200003558;807 658;7;8;0;3;1;1
202200003559;807 657;10;0;2;1;19;1
202200003559;807 662;7;0;2;3;19;1
202200003560;807 656;7;0;2;7;12;1
202200003560;807 660;43;0;2;1;3;1
202200003560;807 661;7;0;2;5;23;1
202200003560;807 665;7;0;2;6;23;1
202200003561;807 655;7;2;0;1;0;1
202200003562;807 653;7;0;0;5;15;1
202200003562;807 654;33;0;2;7;21;1
202200003563;807 650;43;0;2;1;3;1
202200003563;807 651;7;0;2;7;12;1
202200003564;807 647;33;0;0;8;1;1
202200003565;807 648;7;0;2;1;2;1
202200003565;807 652;10;0;2;4;1;1
202200003566;807 646;7;0;2;3;15;1
202200003566;807 649;30;0;2;1;1;1
202200003567;807 643;1;0;0;0;0;5
202200003567;807 645;7;2;0;1;15;1
202200003568;807 640;7;0;2;4;1;2
202200003568;807 644;7;0;2;1;2;1
202200003569;807 638;7;0;2;3;1;1
202200003569;807 642;33;0;2;3;13;1
202200003570;807 635;7;0;2;2;1;1
202200003570;807 637;13;0;2;6;23;1
202200003571;807 632;7;0;2;4;11;1
202200003571;807 636;33;0;2;1;3;1
202200003572;807 630;33;0;2;1;1;1
202200003572;807 633;7;0;2;8;15;1
202200003573;807 629;7;0;2;8;0;3
202200003573;807 634;10;0;2;2;1;1
202200003574;807 628;7;0;2;3;1;1
202200003574;807 631;7;0;2;3;13;1
202200003575;807 624;3;0;9;2;2;1
202200003575;807 625;1;0;0;4;2;5
202200003576;807 623;10;0;2;4;2;1
202200003576;807 626;10;0;2;1;2;1
202200003577;807 622;7;0;2;7;1;1
202200003577;807 627;7;0;2;1;19;1
202200003578;807 621;7;0;1;4;20;1
202200003579;807 617;7;0;2;3;13;1
202200003579;807 619;2;0;2;3;1;1
202200003580;807 616;33;0;2;1;1;1
202200003580;807 620;7;0;2;3;16;1
202200003581;807 615;7;0;2;8;0;3
202200003581;807 618;33;0;2;8;1;1
202200003582;807 613;40;0;1;2;1;3
202200003583;807 612;7;13;0;8;1;1
202200003584;807 609;7;0;2;3;9;1
202200003584;807 614;33;0;2;5;1;1
202200003585;807 605;10;0;2;1;2;1
202200003585;807 610;7;0;0;5;2;1
202200003586;807 603;33;0;2;1;13;1
202200003586;807 607;30;0;2;1;1;3
202200003587;807 604;10;0;2;8;1;1
202200003587;807 608;33;0;2;2;3;1
202200003587;807 611;33;0;2;2;9;1
202200003588;807 602;1;0;2;1;25;5
202200003588;807 606;10;0;2;2;9;1
202200003589;807 599;34;0;0;0;1;1
202200003590;807 600;33;0;0;0;1;1
202200003591;807 598;7;0;2;3;15;1
202200003591;807 601;1;0;2;1;1;5
202200003592;807 595;32;4;2;3;2;1
202200003593;807 596;7;0;2;1;2;1
202200003593;807 597;7;0;2;0;2;1
202200003594;807 594;7;11;0;3;1;1
202200003595;807 590;7;0;9;8;20;1
202200003595;807 592;30;0;2;1;1;1
202200003596;807 588;7;0;2;1;1;1
202200003596;807 591;7;0;2;8;15;1
202200003597;807 589;1;0;1;1;1;5
202200003598;807 586;7;4;0;3;1;1
202200003599;807 584;31;0;2;1;1;1
202200003599;807 587;10;0;2;1;15;1
202200003600;807 582;7;0;2;3;13;1
202200003600;807 583;7;0;2;3;15;1
202200003601;807 581;7;8;0;1;1;2
202200003602;807 579;7;0;1;7;21;1
202200003603;807 574;10;0;2;3;1;1
202200003603;807 577;1;0;2;1;1;5
202200003604;807 575;7;0;1;1;26;1
202200003605;807 576;7;0;2;7;7;1
202200003605;807 580;7;0;2;3;11;1
202200003606;807 571;3;5;0;9;1;1
202200003607;807 570;2;0;2;4;0;1
202200003607;807 572;7;0;2;4;23;1
202200003608;807 568;99;0;1;0;0;0
202200003609;807 566;1;0;0;3;1;5
202200003610;807 565;7;3;0;3;9;1
202200003611;807 562;7;0;2;1;1;0
202200003611;807 564;1;0;2;4;1;5
202200003612;807 561;7;0;1;1;15;0
202200003613;807 559;50;1;0;1;17;3
202200003614;807 558;37;0;2;7;1;1
202200003614;807 563;7;0;2;1;26;1
202200003615;807 554;1;0;9;1;0;5
202200003616;807 553;7;0;2;4;4;1
202200003616;807 555;1;0;2;1;1;5
202200003617;807 550;7;0;2;4;2;1
202200003617;807 556;7;0;2;4;2;1
202200003617;807 557;7;0;2;4;2;1
202200003617;807 560;17;0;2;1;2;1
202200003618;807 549;7;0;2;8;22;1
202200003618;807 552;1;1;0;1;1;5
202200003619;807 547;13;0;2;1;1;1
202200003619;807 548;7;0;2;2;13;1
202200003620;807 546;30;0;2;3;1;1
202200003620;807 551;7;0;2;3;15;1
202200003621;807 544;33;0;0;8;1;1
202200003622;807 540;7;0;1;2;1;1
202200003623;807 542;7;0;1;3;26;1
202200003624;807 539;7;0;2;4;1;2
202200003624;807 541;7;0;2;1;1;1
202200003625;807 534;10;0;2;6;1;1
202200003625;807 537;33;0;2;1;21;1
202200003626;807 533;7;0;2;3;23;1
202200003626;807 536;7;0;2;3;21;1
202200003627;807 532;2;0;2;1;2;1
202200003627;807 538;7;0;2;4;2;1
202200003628;807 529;7;0;2;2;1;1
202200003628;807 531;7;0;2;1;1;1
202200003629;807 530;50;0;2;7;1;3
202200003629;807 535;7;0;2;1;9;1
202200003630;807 525;1;0;2;5;1;5
202200003630;807 528;7;0;2;1;9;1
202200003631;807 523;7;4;2;5;0;1
202200003631;807 526;7;4;2;3;17;1
202200003632;807 522;7;0;2;0;17;1
202200003632;807 527;1;0;2;0;2;5
202200003633;807 516;34;0;2;3;9;0
202200003633;807 519;1;0;2;1;9;5
202200003634;807 517;7;0;2;1;1;1
202200003634;807 520;33;0;2;2;17;1
202200003634;807 524;7;0;2;8;13;1
202200003635;807 518;50;0;2;1;2;3
202200003635;807 521;7;0;2;8;1;1
202200003636;807 514;10;1;0;2;0;1
202200003636;807 515;14;1;0;6;23;1
202200003637;807 513;7;13;0;8;15;1
202200003638;807 511;2;0;1;1;25;1
202200003639;807 510;30;0;0;7;14;1
202200003640;807 509;7;0;1;2;26;1
202200003641;807 504;7;0;2;1;2;2
202200003641;807 506;7;0;2;4;2;1
202200003641;807 512;7;0;2;4;2;1
202200003642;807 501;7;0;2;2;9;1
202200003642;807 508;7;0;2;1;1;1
202200003643;807 498;1;0;2;0;26;5
202200003643;807 502;32;0;9;0;26;1
202200003644;807 497;33;0;9;1;1;1
202200003645;807 500;7;0;2;2;15;1
202200003645;807 503;1;0;2;1;0;5
202200003646;807 495;1;0;2;8;19;5
202200003646;807 496;7;0;2;1;1;1
202200003647;807 492;32;0;0;1;1;1
202200003648;807 490;7;7;0;8;1;1
202200003648;807 493;16;0;2;0;0;0
202200003649;807 489;15;0;0;7;26;1
202200003650;807 488;10;0;2;3;1;1
202200003650;807 491;7;0;2;1;1;1
202200003651;807 484;7;3;0;1;0;1
202200003652;807 483;7;0;2;8;17;2
202200003652;807 486;7;0;2;2;9;1
202200003653;807 480;33;1;0;1;2;1
202200003653;807 485;7;;;;0;
202200003654;807 479;7;0;2;4;1;1
202200003654;807 482;2;0;2;1;1;1
202200003655;807 477;7;0;2;3;15;0
202200003655;807 481;60;0;2;1;2;5
202200003656;807 475;15;0;2;0;1;6
202200003656;807 476;7;0;2;1;1;1
202200003657;807 472;7;0;2;4;2;1
202200003657;807 478;7;0;2;1;2;1
202200003658;807 474;7;13;0;1;13;6
202200003659;807 469;7;0;2;7;15;1
202200003659;807 473;7;0;2;2;1;1
202200003660;807 466;7;0;2;1;2;1
202200003660;807 471;7;0;2;7;2;1
202200003661;807 463;7;0;2;1;1;1
202200003661;807 467;7;0;2;4;1;1
202200003662;807 462;2;0;2;1;17;1
202200003662;807 465;10;0;2;1;15;1
202200003663;807 458;7;0;2;0;26;1
202200003663;807 461;3;0;2;7;0;3
202200003664;807 453;50;0;2;7;1;3
202200003664;807 456;7;0;2;3;20;
202200003665;807 455;7;0;2;8;11;1
202200003665;807 459;80;0;2;1;1;3
202200003666;807 452;7;0;1;2;1;1
202200003667;807 447;7;0;1;2;1;2
202200003668;807 448;7;0;2;3;1;1
202200003668;807 450;50;0;2;0;26;3
202200003669;807 445;7;0;1;3;1;1
202200003670;807 442;7;0;2;3;16;1
202200003670;807 446;10;0;2;1;26;0
202200003671;807 437;7;0;2;1;1;1
202200003671;807 443;7;0;2;4;1;1
202200003671;807 444;7;0;2;4;0;1
202200003672;807 438;7;0;2;1;15;1
202200003672;807 441;7;0;2;8;1;1
202200003673;807 436;7;0;2;0;1;1
202200003673;807 439;7;0;2;0;1;1
202200003673;807 440;7;0;2;8;1;1
202200003673;807 449;7;0;2;2;1;1
202200003673;807 451;14;4;2;3;1;1
202200003673;807 454;7;0;2;0;0;1
202200003673;807 457;7;0;2;0;0;1
202200003674;807 434;7;1;0;9;13;1
202200003675;807 432;7;15;0;3;21;1
202200003676;807 433;2;0;2;7;15;1
202200003676;807 435;7;0;2;1;1;1
202200003677;807 430;30;16;0;3;15;1
202200003678;807 429;1;0;2;7;1;5
202200003678;807 431;7;0;2;8;19;1
202200003679;807 427;7;0;1;2;21;1
202200003680;807 425;7;0;2;5;20;1
202200003680;807 428;50;0;2;1;1;3
202200003681;807 422;7;0;2;4;1;1
202200003681;807 426;7;0;2;1;1;1
202200003682;807 421;7;0;2;3;11;1
202200003682;807 424;31;0;2;8;1;1
202200003683;807 420;32;0;2;1;1;1
202200003683;807 423;7;0;2;3;15;1
202200003684;807 417;10;0;1;1;1;1
202200003685;807 419;7;1;0;3;16;1
202200003686;807 414;7;0;2;1;1;0
202200003686;807 418;2;0;2;3;16;1
202200003687;807 413;30;0;2;8;18;1
202200003687;807 416;7;0;9;7;1;1
202200003688;807 411;7;0;2;1;1;1
202200003688;807 412;7;0;2;4;1;2
202200003689;807 407;2;0;2;1;1;1
202200003689;807 408;7;0;2;3;23;1
202200003690;807 404;30;0;2;1;9;1
202200003690;807 410;7;0;2;2;1;1
202200003691;807 405;32;0;2;8;18;1
202200003691;807 409;7;0;2;7;1;1
202200003692;807 401;10;0;0;8;10;1
202200003692;807 402;50;0;2;1;1;3
202200003693;807 398;7;1;0;4;20;1
202200003693;807 400;7;0;2;1;2;1
202200003694;807 396;7;0;2;3;1;1
202200003694;807 397;7;0;2;3;13;1
202200003695;807 406;34;0;2;1;17;1
202200003695;807 415;7;0;2;3;15;1
202200003696;807 394;7;0;2;1;1;1
202200003696;807 395;7;0;2;4;23;1
202200003696;807 399;7;0;2;4;23;1
202200003697;807 393;33;0;0;0;1;1
202200003698;807 392;80;0;0;0;0;3
202200003699;807 403;10;0;1;1;21;1
202200003700;807 388;1;0;2;3;1;5
202200003700;807 391;10;0;2;2;1;
202200003701;807 390;7;0;1;7;1;1
202200003702;807 389;7;0;1;1;1;1
202200003703;807 386;7;0;1;1;1;0
202200003704;807 382;7;4;0;2;1;
202200003705;807 383;33;0;2;1;15;1
202200003705;807 385;7;0;2;1;1;1
202200003706;807 381;99;0;2;2;1;1
202200003706;807 384;7;0;2;3;1;1
202200003707;807 377;7;0;2;1;1;1
202200003707;807 379;7;3;2;1;4;
202200003708;807 375;32;0;2;7;1;1
202200003708;807 378;38;0;2;8;1;1
202200003709;807 371;7;0;2;3;2;1
202200003709;807 373;7;0;2;1;2;1
202200003710;807 372;33;0;2;7;17;1
202200003710;807 374;7;0;2;8;15;1
202200003711;807 380;7;0;2;6;1;1
202200003711;807 387;43;0;2;1;3;1
202200003712;807 370;7;3;0;9;0;1
202200003713;807 365;7;0;9;2;17;1
202200003713;807 368;1;0;2;4;2;5
202200003714;807 366;7;0;2;1;15;1
202200003714;807 369;7;0;2;6;2;1
202200003715;807 367;7;0;2;1;1;1
202200003715;807 376;7;0;1;1;1;1
202200003716;807 362;1;0;0;3;0;5
202200003716;807 364;7;0;9;2;16;1
202200003717;807 359;7;4;0;8;13;1
202200003718;807 360;7;0;1;1;16;1
202200003719;807 357;7;8;0;1;7;0
202200003720;807 355;7;1;0;2;21;1
202200003721;807 354;1;0;2;4;15;5
202200003721;807 356;7;0;9;1;2;1
202200003722;807 361;33;0;2;1;12;1
202200003722;807 363;7;0;2;6;1;1
202200003723;807 350;7;8;0;7;13;1
202200003724;807 351;7;0;2;1;1;1
202200003724;807 353;32;0;2;7;1;1
202200003725;807 349;7;2;0;2;1;1
202200003726;807 347;37;0;2;3;1;4
202200003726;807 348;7;0;2;8;1;1
202200003727;807 352;7;0;2;1;2;1
202200003727;807 358;2;0;2;4;2;1
202200003728;807 344;7;0;2;2;18;1
202200003728;807 346;7;0;2;4;0;1
202200003729;807 345;7;0;1;1;1;1
202200003730;807 342;1;0;2;4;0;5
202200003730;807 343;7;0;2;4;0;1
202200003731;807 338;7;0;2;3;1;1
202200003731;807 339;7;0;2;1;15;1
202200003732;807 336;7;0;1;3;1;1
202200003733;807 335;7;1;0;2;1;1
202200003734;807 333;7;0;2;3;15;1
202200003734;807 340;33;0;2;1;1;1
202200003735;807 334;33;0;0;0;1;1
202200003736;807 330;33;0;2;4;2;1
202200003736;807 337;33;0;2;4;2;1
202200003736;807 341;7;14;0;4;2;1
202200003737;807 329;33;0;2;2;17;1
202200003737;807 332;7;0;2;3;10;1
202200003738;807 328;33;0;2;1;2;1
202200003738;807 331;33;0;2;4;2;1