Num_Acc;id_vehicule;categorie_vehicule;obstacle_fixe;obstacle_mobile;point_choc_initial;manoeuvre_principale;motorisation
202200003739;807 327;32;8;0;1;1;1
202200003740;807 325;7;0;1;2;16;1
202200003741;807 326;7;0;1;2;2;1
202200003742;807 324;80;0;1;8;1;3
202200003743;807 323;33;3;0;0;26;1
202200003744;807 321;32;13;0;7;14;3
202200003745;807 318;1;0;2;2;1;5
202200003745;807 319;50;0;2;2;1;3
202200003745;807 322;10;0;2;3;1;1
202200003746;807 313;7;0;1;2;16;1
202200003747;807 314;1;0;2;8;1;5
202200003747;807 317;14;0;2;2;16;1
202200003748;807 311;7;0;2;3;1;1
202200003748;807 316;30;0;2;1;1;1
202200003749;807 315;10;0;2;1;2;1
202200003749;807 320;7;0;2;4;2;1
202200003750;807 310;10;0;2;2;1;1
202200003750;807 312;30;0;2;8;15;1
202200003751;807 309;7;0;1;3;1;1
202200003752;807 308;7;0;1;0;1;0
202200003753;807 306;17;13;0;1;19;1
202200003754;807 304;1;0;2;7;19;5
202200003754;807 307;7;0;2;1;16;1
202200003755;807 303;7;0;1;3;1;1
202200003756;807 302;34;0;1;1;1;1
202200003757;807 299;7;0;1;2;14;1
202200003758;807 300;7;10;0;4;1;0
202200003758;807 301;10;0;2;4;1;1
202200003758;807 305;7;5;2;1;26;1
202200003759;807 298;7;9;0;1;13;0
202200003760;807 297;50;0;0;0;5;3
202200003761;807 295;7;0;1;3;15;1
202200003762;807 290;2;0;2;1;17;1
202200003762;807 292;7;0;2;3;1;1
202200003762;807 296;7;0;2;3;9;1
202200003763;807 288;7;0;2;3;9;1
202200003763;807 294;33;0;2;1;1;1
202200003764;807 289;30;0;1;1;1;1
202200003765;807 286;33;0;6;2;1;1
202200003766;807 284;1;0;0;0;0;5
202200003766;807 287;7;0;2;7;20;1
202200003767;807 283;7;0;2;2;15;1
202200003767;807 285;7;0;2;3;1;1
202200003768;807 280;10;0;1;1;1;1
202200003769;807 279;32;0;2;8;18;1
202200003769;807 281;7;0;2;7;16;1
202200003770;807 277;7;0;1;1;1;2
202200003771;807 274;10;0;2;1;13;1
202200003771;807 275;10;0;2;1;1;1
202200003772;807 272;99;0;2;1;6;3
202200003772;807 276;7;0;2;1;9;1
202200003773;807 269;7;0;1;2;1;1
202200003774;807 268;7;0;2;4;2;1
202200003774;807 271;7;0;2;1;2;1
202200003774;807 273;7;0;2;4;2;1
202200003774;807 278;7;0;2;1;2;1
202200003775;807 266;1;10;0;1;1;5
202200003776;807 265;7;0;0;4;1;1
202200003776;807 267;7;0;2;4;1;1
202200003776;807 270;7;0;2;1;2;1
202200003777;807 263;33;0;6;1;21;1
202200003778;807 262;7;1;0;9;9;1
202200003779;807 261;30;0;2;1;1;3
202200003779;807 264;1;0;1;8;1;5
202200003780;807 260;0;9;0;1;1;
202200003781;807 257;7;0;1;1;19;0
202200003782;807 258;7;3;0;7;14;1
202200003783;807 256;7;1;2;3;17;1
202200003783;807 259;60;0;2;0;0;5
202200003784;807 255;43;3;0;1;1;1
202200003785;807 253;37;0;1;3;15;2
202200003786;807 252;7;0;2;1;2;1
202200003786;807 254;7;0;2;4;1;1
202200003787;807 246;7;0;1;1;1;1
202200003788;807 245;7;0;2;1;1;1
202200003788;807 250;7;0;2;2;1;1
202200003789;807 248;7;0;1;2;1;1
202200003790;807 247;7;0;2;1;1;1
202200003790;807 249;99;0;2;7;1;3
202200003791;807 244;43;14;0;1;6;1
202200003792;807 241;33;0;2;2;17;1
202200003792;807 243;7;0;2;3;15;1
202200003793;807 239;7;13;0;1;0;1
202200003794;807 236;7;0;2;1;1;1
202200003794;807 240;32;0;2;7;1;1
202200003795;807 233;7;0;2;2;14;1
202200003795;807 238;7;0;2;6;1;1
202200003795;807 242;7;0;2;1;1;1
202200003796;807 234;2;0;2;1;17;1
202200003796;807 237;7;0;2;8;15;1
202200003797;807 232;7;0;2;1;1;1
202200003797;807 235;7;0;2;8;9;1
202200003798;807 227;10;0;2;4;1;1
202200003798;807 230;33;0;2;1;1;1
202200003799;807 229;1;0;2;4;15;5
202200003799;807 231;34;0;2;1;17;1
202200003800;807 226;32;0;2;3;1;1
202200003800;807 228;7;0;2;1;15;1
202200003801;807 224;10;0;2;3;9;1
202200003801;807 225;3;0;2;3;1;1
202200003802;807 222;32;8;0;0;0;1
202200003803;807 223;7;0;1;2;0;0
202200003804;807 221;10;0;1;3;15;1
202200003805;807 219;10;8;2;3;15;1
202200003805;807 220;32;0;2;1;11;1
202200003806;807 217;50;1;0;1;14;3
202200003807;807 213;7;0;2;1;0;1
202200003807;807 216;10;0;2;1;23;1
202200003808;807 214;33;0;2;1;1;1
202200003808;807 218;7;0;2;6;11;1
202200003809;807 212;7;0;2;2;2;1
202200003809;807 215;7;0;0;4;23;1
202200003810;807 210;7;15;0;1;1;1
202200003811;807 208;7;0;2;1;1;1
202200003811;807 211;7;0;2;7;1;1
202200003812;807 207;1;0;2;1;1;5
202200003812;807 209;10;0;2;7;23;1
202200003813;807 203;7;1;0;3;24;1
202200003813;807 206;33;0;2;1;21;1
202200003814;807 199;1;1;0;1;1;5
202200003814;807 201;7;0;2;8;22;1
202200003815;807 200;32;0;2;2;1;1
202200003815;807 202;10;0;2;8;15;1
202200003816;807 195;7;0;2;1;1;1
202200003816;807 197;7;0;2;3;9;1
202200003817;807 196;33;0;2;3;1;1
202200003817;807 198;38;0;2;2;12;1
202200003818;807 192;10;0;2;7;1;1
202200003818;807 194;50;0;2;8;15;3
202200003819;807 191;7;0;2;6;2;2
202200003819;807 193;1;0;2;6;2;5
202200003820;807 188;7;0;2;0;15;1
202200003820;807 190;1;0;2;0;1;5
202200003821;807 187;7;0;1;7;1;1
202200003822;807 186;30;0;2;1;1;1
202200003822;807 189;7;0;2;8;1;1
202200003823;807 180;7;0;2;0;0;1
202200003823;807 183;7;0;2;3;1;1
202200003824;807 179;30;0;2;8;2;3
202200003824;807 181;7;0;2;2;2;3
202200003825;807 176;7;0;2;3;15;1
202200003825;807 184;1;0;2;2;9;5
202200003826;807 182;7;0;2;2;16;1
202200003826;807 185;1;0;2;1;1;5
202200003827;807 175;7;9;2;5;1;1
202200003827;807 178;7;0;2;1;1;1
202200003828;807 173;7;0;2;7;1;1
202200003828;807 177;7;0;2;1;1;1
202200003829;807 172;7;0;2;3;19;1
202200003829;807 174;10;0;2;2;1;1
202200003830;807 169;30;0;2;1;2;3
202200003830;807 171;7;0;2;4;23;2
202200003831;807 166;50;0;2;4;1;3
202200003831;807 170;7;0;9;1;1;1
202200003832;807 165;7;0;2;1;1;1
202200003832;807 167;1;0;2;1;1;5
202200003833;807 164;7;0;1;3;1;1
202200003834;807 163;33;0;1;1;1;1
202200003835;807 159;32;15;0;1;1;1
202200003836;807 160;20;0;2;4;1;1
202200003836;807 161;33;0;2;1;1;1
202200003837;807 157;50;1;0;1;14;3
202200003838;807 158;1;0;2;3;25;5
202200003838;807 162;7;0;2;2;1;1
202200003839;807 155;7;0;1;2;16;1
202200003840;807 151;1;0;2;8;19;5
202200003840;807 154;7;0;2;1;1;1
202200003841;807 150;10;0;2;4;2;1
202200003841;807 152;33;0;2;1;2;1
202200003842;807 145;2;0;2;1;1;1
202200003842;807 147;7;0;2;1;15;1
202200003843;807 144;7;0;1;1;1;1
202200003844;807 141;14;0;2;2;2;1
202200003844;807 142;7;0;2;4;2;1
202200003845;807 143;7;0;4;7;16;1
202200003845;807 146;40;0;2;8;1;3
202200003846;807 138;7;13;0;1;13;1
202200003847;807 140;33;0;9;0;0;1
202200003848;807 137;1;16;0;1;1;5
202200003849;807 135;7;2;0;1;13;0
202200003850;807 136;99;9;0;0;0;3
202200003850;807 139;7;0;2;1;2;1
202200003851;807 134;7;0;1;0;1;0
202200003852;807 132;31;11;0;1;1;1
202200003853;807 131;7;0;2;3;9;1
202200003853;807 133;7;0;2;2;1;1
202200003854;807 130;7;0;1;7;16;1
202200003855;807 128;37;0;2;2;7;1
202200003855;807 129;7;0;2;8;8;1
202200003856;807 126;7;0;1;2;1;1
202200003857;807 124;7;0;9;2;2;1
202200003857;807 127;1;0;0;4;2;5
202200003858;807 123;7;0;2;3;9;2
202200003858;807 125;34;0;2;1;17;1
202200003859;807 121;33;0;0;2;1;1
202200003860;807 120;7;0;1;2;1;3
202200003861;807 119;43;0;2;8;2;1
202200003861;807 122;30;0;2;0;0;1
202200003862;807 118;7;5;0;2;14;1
202200003863;807 115;7;0;2;3;11;1
202200003863;807 117;7;0;2;1;1;1
202200003864;807 113;7;0;2;3;15;1
202200003864;807 116;30;0;2;1;25;1
202200003865;807 110;10;0;2;8;1;1
202200003865;807 111;7;0;2;6;23;1
202200003865;807 114;7;0;2;1;1;1
202200003866;807 108;10;0;1;3;1;1
202200003867;807 106;7;0;2;3;15;1
202200003867;807 109;7;6;2;4;17;1
202200003868;807 105;7;0;2;1;1;1
202200003868;807 107;7;0;2;5;15;1
202200003868;807 112;7;0;2;3;1;1
202200003869;807 103;7;0;1;1;26;0
202200003870;807 100;7;0;2;1;0;1
202200003870;807 102;30;0;2;1;1;1
202200003871;807 097;7;0;1;1;15;1
202200003872;807 098;7;0;2;4;2;1
202200003872;807 099;7;0;2;1;2;1
202200003873;807 096;7;6;0;2;26;1
202200003874;807 101;7;0;0;0;1;2
202200003874;807 104;50;0;2;1;25;3
202200003875;807 091;33;0;2;8;1;1
202200003875;807 092;7;0;2;1;13;1
202200003876;807 093;33;0;2;1;2;1
202200003876;807 095;7;0;2;2;10;1
202200003877;807 088;1;0;0;0;1;5
202200003878;807 085;33;0;2;2;17;1
202200003878;807 086;7;0;2;3;15;1
202200003879;807 084;7;6;0;1;19;1
202200003880;807 087;7;0;2;4;2;1
202200003880;807 090;7;0;2;4;2;1
202200003880;807 094;7;0;2;1;2;1
202200003881;807 082;50;0;0;0;1;3
202200003882;807 081;7;0;2;2;2;1
202200003882;807 089;2;0;2;7;2;1
202200003883;807 080;1;12;2;8;1;5
202200003883;807 083;14;0;2;7;20;1
202200003884;807 077;1;0;2;3;1;5
202200003884;807 078;7;0;9;2;9;1
202200003885;807 076;7;0;1;7;12;1
202200003886;807 075;33;0;2;1;14;1
202200003886;807 079;7;0;2;4;1;1
202200003887;807 073;7;0;1;1;1;1
202200003888;807 072;2;0;2;2;2;1
202200003888;807 074;7;0;2;3;15;1
202200003889;807 070;7;2;1;3;19;1
202200003890;807 069;32;0;2;3;1;1
202200003890;807 071;7;0;2;5;16;1
202200003891;807 067;7;1;0;2;1;1
202200003892;807 066;33;0;2;8;16;1
202200003892;807 068;7;0;2;2;2;1
202200003893;807 064;7;0;2;3;1;1
202200003893;807 065;7;0;2;1;15;1
202200003894;807 062;7;0;2;3;24;1
202200003894;807 063;1;1;0;1;15;5
202200003895;807 061;30;1;0;7;14;3
202200003896;807 058;50;0;2;1;1;3
202200003896;807 060;7;0;2;6;9;1
202200003897;807 053;7;0;2;0;1;0
202200003897;807 055;2;0;2;4;1;1
202200003898;807 052;7;0;2;4;2;1
202200003898;807 054;7;0;2;4;2;1
202200003898;807 057;7;0;2;4;2;1
202200003898;807 059;10;0;2;1;2;1
202200003899;807 051;33;0;2;2;1;1
202200003899;807 056;7;0;2;3;16;1
202200003900;807 049;7;0;2;3;15;1
202200003900;807 050;30;0;2;7;1;1
202200003901;807 044;7;0;2;5;1;1
202200003901;807 046;7;0;2;4;1;1
202200003902;807 043;30;0;2;5;17;3
202200003902;807 045;30;0;2;3;1;3
202200003903;807 042;7;0;1;4;26;1
202200003904;807 047;33;0;2;2;1;1
202200003904;807 048;60;0;2;3;0;5
202200003905;807 037;7;2;0;1;14;1
202200003906;807 038;7;0;2;3;13;1
202200003906;807 039;33;0;2;2;1;1
202200003907;807 034;30;0;2;2;1;1
202200003907;807 036;7;0;2;8;23;1
202200003908;807 029;7;0;2;1;1;1
202200003908;807 032;50;0;2;1;1;3
202200003909;807 031;7;0;2;4;23;1
202200003909;807 035;1;0;2;1;2;5
202200003910;807 030;30;0;2;1;17;1
202200003910;807 033;7;0;2;8;22;2
202200003911;807 026;2;13;0;0;14;1
202200003911;807 028;2;0;0;0;14;1
202200003912;807 025;7;8;0;3;9;1
202200003912;807 027;38;0;2;2;1;1
202200003913;807 020;7;0;2;9;1;1
202200003913;807 023;7;0;2;8;1;1
202200003914;807 022;1;0;2;6;1;5
202200003914;807 024;7;0;2;2;1;1
202200003915;807 019;1;0;2;1;1;5
202200003915;807 021;7;0;9;2;19;1
202200003916;807 016;15;0;2;6;13;1
202200003916;807 017;7;0;2;2;14;1
202200003917;807 013;7;2;0;3;14;1
202200003918;807 011;7;1;0;2;0;1
202200003918;807 014;7;0;0;4;23;1
202200003918;807 015;7;1;0;6;26;1
202200003919;807 012;1;0;2;8;1;5
202200003919;807 018;10;0;2;1;10;0
202200003920;807 009;7;13;0;8;1;1
202200003921;807 008;7;0;2;1;15;1
202200003921;807 010;80;0;2;8;1;3
202200003922;807 005;7;0;2;3;1;1
202200003922;807 007;7;0;2;3;1;1
202200003923;807 003;7;0;2;1;19;1
202200003923;807 006;7;0;2;2;1;1
202200003924;807 002;7;0;2;1;2;1
202200003924;807 004;33;0;0;4;2;1
202200003925;806 999;32;0;2;4;1;1
202200003925;807 001;7;0;2;2;2;1
202200003926;806 998;33;13;0;1;2;1
202200003927;806 997;7;0;2;1;1;1
202200003927;807 000;7;0;2;6;1;1
202200003928;806 992;7;0;2;1;5;1
202200003928;806 995;7;0;2;1;1;1
202200003929;806 990;7;0;2;4;2;1
202200003929;806 991;7;0;2;4;2;1
202200003929;806 993;7;0;2;4;2;1
202200003929;806 994;7;0;2;4;2;1
202200003929;806 996;10;0;2;1;2;1
202200003930;806 987;7;0;2;3;22;1
202200003930;806 989;30;0;2;1;1;1
202200003931;806 984;7;0;2;4;2;1
202200003931;806 986;7;0;2;1;2;1
202200003932;806 985;7;0;2;1;17;1
202200003932;806 988;7;0;2;8;15;1
202200003933;806 982;7;3;0;0;1;1
202200003934;806 981;32;0;2;8;26;1
202200003934;806 983;7;0;2;2;15;1
202200003935;806 979;7;6;0;2;14;1
202200003936;806 976;7;0;2;1;15;1
202200003936;806 977;33;0;2;8;1;1
202200003937;806 975;7;0;2;3;15;1
202200003937;806 978;30;0;2;2;17;1
202200003938;806 971;7;0;2;1;1;1
202200003938;806 974;7;0;2;4;13;1
202200003939;806 970;7;0;2;1;15;1
202200003939;806 972;33;0;2;7;1;1
202200003940;806 969;7;0;2;3;9;1
202200003940;806 973;50;0;2;4;26;3
202200003941;806 967;10;3;0;0;0;1
202200003942;806 965;7;0;2;3;9;1
202200003942;806 968;31;0;2;2;9;1
202200003943;806 964;7;0;2;1;17;1
202200003944;806 963;7;0;2;1;1;1
202200003944;806 966;7;0;2;1;15;1
202200003945;806 959;7;0;2;3;20;1
202200003945;806 960;32;0;2;2;21;1
202200003946;806 958;7;0;2;3;1;2
202200003946;806 962;7;0;2;3;13;1
202200003947;806 956;7;0;2;0;13;0
202200003947;806 957;33;0;2;2;17;1
202200003948;806 952;7;0;2;2;19;1
202200003948;806 954;7;0;2;3;1;1
202200003949;806 950;2;0;2;2;2;1
202200003949;806 955;7;0;2;6;15;1
202200003950;806 951;50;0;0;4;2;3
202200003950;806 953;7;0;2;1;2;1
202200003951;806 948;80;0;2;1;1;5
202200003951;806 949;7;0;2;3;15;1
202200003952;806 945;7;0;1;1;1;1
202200003953;806 946;7;0;1;2;1;1
202200003954;806 944;7;0;2;1;23;1
202200003954;806 947;33;0;2;9;26;1
202200003955;806 940;10;0;2;7;10;1
202200003955;806 941;33;0;2;1;1;1
202200003956;806 938;7;0;2;2;15;1
202200003956;806 943;33;0;2;1;1;1
202200003957;806 937;7;0;2;4;2;2
202200003957;806 939;7;0;2;1;2;1
202200003957;806 942;7;0;2;2;2;1
202200003958;806 933;7;0;2;2;1;2
202200003958;806 934;50;0;2;1;5;3
202200003959;806 935;33;0;0;8;9;1
202200003960;806 931;7;0;2;1;1;1
202200003960;806 932;7;0;2;1;1;1
202200003961;806 930;2;0;2;7;1;1
202200003961;806 936;7;0;2;1;1;1
202200003962;806 926;38;0;2;2;15;1
202200003962;806 929;31;0;2;4;1;1
202200003963;806 923;7;0;0;2;1;1
202200003963;806 925;7;5;0;1;1;1
202200003964;806 921;50;16;0;0;1;3
202200003965;806 919;3;13;0;1;1;0
202200003966;806 922;30;0;2;0;17;3
202200003966;806 924;7;0;2;3;17;0
202200003967;806 920;7;13;0;1;0;1
202200003968;806 917;7;0;2;8;15;1
202200003968;806 918;2;0;2;1;1;1
202200003969;806 914;7;2;0;9;2;1
202200003970;806 915;33;0;1;1;1;1
202200003971;806 913;2;0;2;3;1;3
202200003971;806 916;7;0;2;1;15;2
202200003972;806 911;7;0;2;1;1;1
202200003972;806 912;7;0;2;4;1;1
202200003973;806 910;7;17;0;2;1;1
202200003974;806 909;33;9;0;1;26;1
202200003975;806 907;7;0;0;9;26;1
202200003976;806 906;7;0;2;1;15;1
202200003976;806 908;1;0;2;1;1;5
202200003977;806 903;7;0;2;1;11;1
202200003977;806 904;7;0;2;1;1;1
202200003978;806 905;7;13;0;3;1;1
202200003979;806 899;80;0;2;7;1;3
202200003979;806 902;7;0;2;1;9;2
202200003980;806 897;33;0;0;0;1;1
202200003981;806 900;7;0;2;3;1;1
202200003981;806 901;7;0;2;3;1;1
202200003982;806 896;7;0;2;1;1;1
202200003982;806 898;7;8;2;2;9;1
202200003983;806 895;33;0;0;7;1;1
202200003984;806 893;7;13;0;1;16;1
202200003985;806 892;33;4;0;2;0;1
202200003986;806 890;14;0;1;1;1;0
202200003987;806 891;33;0;2;1;2;1
202200003987;806 894;13;0;0;6;15;1
202200003988;806 889;14;0;1;5;16;1
202200003989;806 888;7;0;9;3;15;1
202200003990;806 887;7;13;0;3;13;1
202200003991;806 886;30;14;0;9;1;1
202200003992;806 883;7;0;0;1;13;1
202200003992;806 884;7;0;2;1;1;1
202200003993;806 880;80;0;2;5;0;3
202200003993;806 881;7;0;9;3;14;1
202200003994;806 882;2;0;2;2;1;1
202200003994;806 885;7;0;0;6;1;1
202200003995;806 878;33;0;2;7;17;1
202200003995;806 879;10;0;2;8;15;1
202200003996;806 875;31;0;2;1;1;1
202200003996;806 877;7;0;2;5;1;1
202200003997;806 873;7;0;2;1;0;1
202200003997;806 874;7;0;2;1;0;1
202200003997;806 876;7;0;2;3;0;1
202200003998;806 870;33;0;2;1;1;1
202200003998;806 871;50;0;2;7;19;3
202200003999;806 872;15;0;0;2;14;1
202200004000;806 867;10;0;2;3;1;1
202200004000;806 869;33;0;2;1;1;1
202200004001;806 865;7;0;2;8;16;1
202200004001;806 868;7;0;2;1;1;1
202200004002;806 864;10;0;2;1;2;1
202200004002;806 866;15;0;0;4;2;1
202200004003;806 861;30;0;2;0;0;1
202200004003;806 863;7;0;2;1;1;1
202200004004;806 860;3;0;0;0;1;0
202200004005;806 858;31;0;0;0;2;1
202200004006;806 856;30;0;2;1;0;1
202200004006;806 857;7;0;2;1;0;1
202200004007;806 859;34;0;2;1;1;1
202200004007;806 862;7;0;2;3;10;1
202200004008;806 854;33;0;2;7;1;1
202200004008;806 855;7;0;2;1;19;1
202200004009;806 853;7;0;0;2;21;1
202200004010;806 851;7;7;0;1;14;1
202200004011;806 849;33;0;2;1;13;1
202200004011;806 850;14;0;2;8;15;1
202200004012;806 847;33;0;1;3;21;1
202200004013;806 846;7;0;1;1;26;1
202200004014;806 848;2;0;2;1;1;1
202200004014;806 852;7;0;2;3;1;1
202200004015;806 844;7;0;0;8;15;1
202200004015;806 845;7;0;2;1;17;0
202200004016;806 843;7;0;1;0;1;1
202200004017;806 841;7;0;1;2;1;1
202200004018;806 840;7;0;2;1;9;1
202200004018;806 842;43;0;2;7;1;1
202200004019;806 839;7;0;1;1;13;1
202200004020;806 838;2;0;1;1;1;1
202200004021;806 835;7;0;2;3;13;1
202200004021;806 837;7;0;2;3;1;1
202200004022;806 834;0;0;1;0;2;0
202200004023;806 836;10;0;1;1;15;1
202200004024;806 832;7;0;1;1;16;2
202200004025;806 831;33;0;2;1;2;1
202200004025;806 833;7;0;0;6;1;1
202200004026;806 830;7;0;1;3;1;1
202200004027;806 829;10;0;1;3;15;1
202200004028;806 826;37;5;2;3;1;1
202200004028;806 828;7;0;2;3;17;1
202200004029;806 824;10;0;2;3;1;1
202200004029;806 825;10;0;2;1;0;1
202200004030;806 822;7;0;2;1;1;1
202200004030;806 823;2;0;2;1;5;1
202200004031;806 819;7;0;2;9;26;1
202200004031;806 820;7;0;2;3;0;1
202200004031;806 821;7;0;2;0;0;0
202200004032;806 817;7;0;2;1;1;1
202200004032;806 818;33;0;2;1;21;1
202200004033;806 816;7;0;1;3;16;3
202200004034;806 812;7;0;2;4;2;2
202200004034;806 813;10;0;2;4;2;1
202200004034;806 814;7;0;2;4;2;1
202200004034;806 815;10;0;2;4;2;1
202200004035;806 810;33;0;2;1;1;1
202200004035;806 811;7;0;2;8;19;1
202200004036;806 807;33;0;2;1;17;1
202200004036;806 808;7;0;2;6;15;1
202200004037;806 806;7;0;2;1;1;2
202200004037;806 809;50;0;2;7;26;3
202200004038;806 801;7;0;2;0;13;1
202200004038;806 803;30;0;2;0;0;0
202200004038;806 804;7;0;2;4;23;1
202200004039;806 802;33;0;2;1;1;1
202200004039;806 805;7;0;0;2;15;1
202200004040;806 800;7;1;0;2;1;1
202200004041;806 796;7;4;0;3;26;1
202200004042;806 795;7;0;2;6;19;1
202200004042;806 798;2;0;2;1;1;1
202200004043;806 797;7;8;2;2;17;1
202200004043;806 799;43;0;2;1;1;1
202200004044;806 794;7;8;0;2;26;0
202200004045;806 791;30;0;2;1;1;1
202200004045;806 793;7;0;2;1;9;1
202200004046;806 789;7;0;2;1;1;1
202200004046;806 792;7;0;2;1;13;3
202200004047;806 787;7;15;0;7;14;1
202200004048;806 790;30;0;1;1;1;1
202200004049;806 785;7;0;2;3;1;1
202200004049;806 786;7;0;2;1;1;1
202200004049;806 788;7;0;2;9;13;1
202200004050;806 782;7;2;0;1;14;1
202200004051;806 781;10;0;1;1;26;0
202200004052;806 779;1;0;0;0;1;5
202200004053;806 780;7;0;1;3;17;1
202200004054;806 776;7;0;0;0;0;1
202200004054;806 777;7;0;2;1;2;1
202200004054;806 778;7;0;2;4;2;1
202200004055;806 771;99;0;9;7;1;3
202200004055;806 773;7;0;0;0;1;1
202200004056;806 770;2;0;0;0;0;1
202200004057;806 768;30;0;2;1;1;1
202200004057;806 769;7;0;2;5;1;1
202200004058;806 765;38;0;2;1;2;1
202200004058;806 766;7;0;2;4;2;1
202200004059;806 763;7;0;2;3;15;1
202200004059;806 764;7;0;2;1;26;1
202200004060;806 767;7;0;0;7;23;1
202200004060;806 772;32;9;2;1;18;1
202200004061;806 760;32;0;2;1;3;1
202200004061;806 762;7;0;2;5;12;1
202200004062;806 759;99;0;2;2;19;1
202200004062;806 761;7;0;2;5;19;1
202200004063;806 753;34;0;2;8;1;1
202200004063;806 754;7;0;2;3;14;1
202200004063;806 757;10;0;2;5;1;1
202200004064;806 755;33;0;2;1;2;1
202200004064;806 758;10;0;2;4;2;1
202200004065;806 749;7;0;2;4;1;1
202200004065;806 751;7;0;2;1;1;1
202200004066;806 746;7;0;2;1;1;1
202200004066;806 748;7;0;2;1;5;1
202200004067;806 742;7;0;2;1;2;1
202200004067;806 743;30;0;2;4;2;1
202200004067;806 744;7;0;2;4;1;1
202200004068;806 745;17;0;2;7;2;1
202200004068;806 747;80;0;2;8;2;3
202200004069;806 738;10;0;2;7;15;1
202200004069;806 739;7;0;2;1;1;1
202200004070;806 735;7;14;0;0;21;1
202200004071;806 736;7;0;2;6;1;1
202200004071;806 740;7;0;2;1;15;1
202200004072;806 734;7;12;0;3;1;1
202200004073;806 737;7;0;2;6;1;1
202200004073;806 741;34;0;2;1;2;1
202200004074;806 731;10;1;0;2;14;1
202200004075;806 732;7;0;2;2;2;1
202200004075;806 733;33;0;2;6;18;1
202200004076;806 727;7;0;2;1;0;1
202200004076;806 730;7;0;2;2;10;1
202200004077;806 728;32;0;2;8;1;1
202200004077;806 729;7;0;2;0;12;0
202200004078;806 725;50;0;2;4;2;3
202200004078;806 726;7;0;2;1;2;2
202200004079;806 723;30;0;2;1;15;3
202200004079;806 724;32;0;2;1;17;1
202200004080;806 721;30;0;2;1;1;3
202200004080;806 722;7;1;2;3;9;1
202200004081;806 719;80;0;2;7;1;3
202200004081;806 720;33;0;2;1;1;1
202200004082;806 718;7;0;1;1;1;1
202200004083;806 717;50;0;1;1;10;3
202200004084;806 716;1;0;1;1;1;5
202200004085;806 714;1;0;2;8;0;5
202200004085;806 715;3;0;2;7;1;0
202200004086;806 713;7;0;1;1;0;1
202200004087;806 711;7;0;2;3;1;1
202200004087;806 712;7;0;2;3;1;1
202200004088;806 710;7;0;1;1;1;1
202200004089;806 709;37;0;1;3;21;3
202200004090;806 707;7;0;2;2;15;1
202200004090;806 708;31;0;2;3;1;1
202200004091;806 705;50;1;2;1;18;3
202200004091;806 706;13;0;2;7;23;1
202200004092;806 703;1;0;2;3;0;5
202200004092;806 704;37;0;2;3;16;1
202200004093;806 701;7;0;2;3;2;3
202200004093;806 702;32;0;2;2;2;1
202200004094;806 700;7;0;2;8;24;1
202200004095;806 699;99;0;0;0;26;3
202200004096;806 698;43;14;0;3;1;1
202200004097;806 697;40;0;0;0;26;6
202200004098;806 696;2;0;0;7;1;1
202200004099;806 694;7;0;2;2;16;1
202200004099;806 695;50;0;2;1;2;3
202200004100;806 693;2;6;0;0;26;1
202200004101;806 691;7;0;2;1;9;1
202200004101;806 692;33;0;2;1;3;1
202200004102;806 690;7;0;1;2;1;1
202200004103;806 688;7;0;2;6;9;1
202200004103;806 689;2;0;2;1;1;1
202200004104;806 686;7;0;2;1;1;1
202200004104;806 687;2;0;2;7;1;1
202200004105;806 683;31;0;2;4;2;1
202200004105;806 684;10;0;0;1;1;1
202200004105;806 685;7;0;2;1;2;1
202200004106;806 681;7;0;2;3;1;1
202200004106;806 682;7;0;0;4;2;1
202200004107;806 679;1;0;0;7;1;6
202200004107;806 680;7;0;2;1;9;1
202200004108;806 677;10;0;2;1;1;1
202200004108;806 678;7;0;2;2;16;1
202200004109;806 675;7;0;2;3;23;1
202200004109;806 676;7;0;2;1;0;1
202200004110;806 673;7;0;2;2;1;1
202200004110;806 674;1;0;2;4;1;5
202200004111;806 671;33;0;0;1;17;1
202200004111;806 672;7;0;0;4;15;1
202200004112;806 669;2;0;0;7;1;1
202200004113;806 668;7;0;2;1;19;1
202200004113;806 670;7;0;2;2;1;1
202200004114;806 667;7;0;0;0;2;1
202200004115;806 665;33;0;2;8;1;1
202200004115;806 666;10;0;2;1;15;1
202200004116;806 663;7;0;2;3;13;1
202200004116;806 664;7;0;2;3;1;1
202200004117;806 661;7;2;0;1;1;1
202200004118;806 660;7;0;2;2;0;1
202200004118;806 662;2;0;0;4;0;1
202200004119;806 658;1;0;2;4;2;5
202200004119;806 659;14;0;2;1;2;1
202200004120;806 656;7;0;2;2;15;1
202200004120;806 657;33;0;2;8;1;1
202200004121;806 654;7;0;2;3;15;1
202200004121;806 655;7;0;2;1;26;1
202200004122;806 653;33;2;0;1;17;1
202200004123;806 651;2;12;0;2;1;1
202200004124;806 650;2;0;0;0;1;1
202200004124;806 652;31;0;0;0;1;1
202200004125;806 649;7;6;0;1;13;1
202200004126;806 648;1;0;0;7;0;5
202200004127;806 646;7;0;2;1;1;1
202200004127;806 647;7;3;2;9;13;1
202200004128;806 644;7;0;2;1;1;1
202200004128;806 645;7;0;2;1;13;1
202200004129;806 641;7;0;2;1;1;1
202200004129;806 643;1;0;2;7;19;5
202200004130;806 640;1;0;9;1;15;5
202200004130;806 642;1;0;9;1;1;5
202200004131;806 637;7;7;0;1;1;1
202200004132;806 636;7;0;2;1;1;1
202200004132;806 638;7;0;2;8;1;1
202200004132;806 639;7;0;2;1;13;1
202200004133;806 633;7;0;2;1;1;1
202200004133;806 635;31;0;2;1;5;1
202200004134;806 632;32;0;2;1;19;1
202200004134;806 634;7;0;0;5;1;0
202200004135;806 629;33;13;0;2;1;1