Num_Acc;id_vehicule;categorie_vehicule;obstacle_fixe;obstacle_mobile;point_choc_initial;manoeuvre_principale;motorisation
202200004135;806 631;21;0;0;0;1;1
202200004136;806 627;7;0;2;1;2;1
202200004136;806 628;7;0;2;4;2;1
202200004136;806 630;7;0;0;4;1;1
202200004137;806 625;50;0;2;1;1;3
202200004137;806 626;7;0;9;2;1;1
202200004138;806 623;7;0;2;1;2;1
202200004138;806 624;7;0;0;4;2;1
202200004139;806 621;1;0;0;4;2;5
202200004139;806 622;7;0;2;1;2;1
202200004140;806 619;7;15;0;1;1;1
202200004141;806 616;7;0;2;1;17;1
202200004141;806 618;7;0;2;1;1;1
202200004141;806 620;7;0;2;8;1;0
202200004142;806 615;7;0;2;3;1;1
202200004142;806 617;7;0;2;2;1;0
202200004143;806 611;7;0;2;5;17;1
202200004143;806 613;1;0;2;1;1;5
202200004144;806 610;7;0;2;3;5;1
202200004144;806 612;7;0;2;3;5;1
202200004144;806 614;99;0;2;3;5;0
202200004145;806 609;34;12;0;1;1;1
202200004146;806 608;33;4;0;1;1;1
202200004147;806 606;37;0;2;3;24;1
202200004147;806 607;7;1;2;3;13;1
202200004148;806 604;2;0;2;1;1;1
202200004148;806 605;10;0;2;3;15;1
202200004149;806 602;7;0;2;2;1;1
202200004149;806 603;1;0;2;1;5;5
202200004150;806 600;7;0;2;1;1;1
202200004150;806 601;7;4;2;1;5;1
202200004151;806 598;7;0;0;4;1;1
202200004151;806 599;7;0;2;1;1;1
202200004152;806 595;32;0;2;1;19;1
202200004152;806 597;10;0;2;2;1;1
202200004153;806 594;15;0;2;6;1;1
202200004153;806 596;7;0;2;2;14;1
202200004154;806 592;31;0;2;3;0;1
202200004154;806 593;34;0;2;3;0;1
202200004155;806 591;7;3;9;1;1;1
202200004156;806 590;30;11;0;1;1;1
202200004157;806 589;7;4;0;2;1;1
202200004158;806 587;7;7;0;2;2;1
202200004159;806 586;7;0;2;2;17;1
202200004159;806 588;1;0;2;8;2;5
202200004160;806 585;10;6;0;1;0;1
202200004161;806 582;33;0;2;3;21;1
202200004161;806 584;7;0;0;8;9;3
202200004162;806 581;7;0;2;2;13;1
202200004162;806 583;7;0;2;2;13;1
202200004163;806 577;7;0;0;1;0;1
202200004163;806 579;13;0;0;1;17;1
202200004164;806 576;10;8;0;1;1;1
202200004165;806 575;7;0;1;2;26;1
202200004166;806 573;7;2;0;1;1;2
202200004167;806 572;7;0;1;5;4;1
202200004168;806 570;2;0;0;7;1;1
202200004169;806 569;7;15;2;2;1;1
202200004169;806 571;7;0;2;3;1;1
202200004170;806 567;33;13;0;1;16;1
202200004171;806 565;7;0;2;1;15;1
202200004171;806 566;7;0;2;6;1;1
202200004171;806 568;10;0;2;1;1;1
202200004172;806 562;7;0;2;3;0;2
202200004172;806 563;7;0;2;3;0;1
202200004173;806 561;7;13;0;1;17;1
202200004173;806 564;7;0;0;0;13;1
202200004174;806 560;33;0;0;2;1;1
202200004175;806 557;7;0;2;7;15;1
202200004175;806 559;33;0;2;1;1;1
202200004176;806 556;21;0;2;3;9;0
202200004176;806 558;1;0;2;1;1;5
202200004177;806 553;10;0;2;6;4;1
202200004177;806 554;7;0;2;2;1;1
202200004178;806 552;7;0;2;1;19;1
202200004178;806 555;7;0;0;6;1;1
202200004179;806 548;50;0;2;1;1;3
202200004179;806 550;7;0;2;3;15;1
202200004180;806 546;10;0;2;4;2;1
202200004180;806 547;7;0;2;4;2;1
202200004180;806 549;7;0;2;4;2;1
202200004180;806 551;7;0;2;1;2;1
202200004181;806 543;33;1;2;1;17;1
202200004181;806 545;7;0;2;3;15;1
202200004182;806 542;7;0;2;1;2;1
202200004182;806 544;15;0;2;4;2;1
202200004183;806 541;33;14;9;1;1;1
202200004184;806 539;33;0;2;9;3;1
202200004184;806 540;7;0;2;7;12;1
202200004185;806 536;7;0;2;1;15;1
202200004185;806 538;7;0;0;8;1;1
202200004186;806 534;33;0;2;7;21;1
202200004186;806 535;7;0;2;7;1;1
202200004186;806 537;7;0;2;2;1;1
202200004187;806 532;7;0;2;7;12;1
202200004187;806 533;7;0;2;3;1;1
202200004188;806 530;7;0;2;8;1;1
202200004188;806 531;15;0;2;7;12;1
202200004189;806 527;43;0;2;1;1;1
202200004189;806 528;7;0;2;6;11;1
202200004190;806 525;7;0;1;1;0;1
202200004190;806 526;7;0;0;0;0;1
202200004190;806 529;7;0;0;0;0;1
202200004191;806 523;7;0;2;6;11;1
202200004191;806 524;33;0;2;1;1;1
202200004192;806 521;32;16;0;3;1;1
202200004193;806 520;33;0;2;4;2;1
202200004193;806 522;7;0;2;1;2;1
202200004194;806 517;7;0;2;7;12;1
202200004194;806 519;7;0;2;8;1;1
202200004195;806 513;7;0;2;9;18;1
202200004195;806 515;7;0;2;2;1;1
202200004195;806 516;7;0;2;0;0;1
202200004195;806 518;7;0;2;0;0;1
202200004196;806 512;7;0;2;3;1;1
202200004196;806 514;7;14;2;1;12;1
202200004197;806 510;33;4;0;1;14;1
202200004198;806 507;7;0;2;1;2;1
202200004198;806 509;7;0;2;4;2;1
202200004198;806 511;7;0;2;4;2;1
202200004199;806 506;33;0;2;1;2;1
202200004199;806 508;7;0;2;4;1;1
202200004200;806 503;7;0;2;1;2;1
202200004200;806 505;7;0;2;4;2;1
202200004201;806 501;43;0;2;1;1;1
202200004201;806 502;7;0;2;4;1;1
202200004201;806 504;10;0;2;4;1;1
202200004202;806 500;17;0;1;1;0;1
202200004203;806 498;34;0;2;2;3;1
202200004203;806 499;7;0;2;8;13;1
202200004204;806 495;7;0;1;2;1;1
202200004205;806 493;7;0;2;4;2;1
202200004205;806 494;7;0;2;4;2;1
202200004205;806 496;7;0;2;4;2;1
202200004205;806 497;7;0;2;1;1;1
202200004206;806 492;7;0;1;7;1;1
202200004207;806 490;43;0;2;9;26;1
202200004207;806 491;7;0;2;4;2;1
202200004208;806 487;33;0;2;7;1;1
202200004209;806 488;7;0;1;1;23;1
202200004209;806 489;7;0;2;1;1;1
202200004210;806 486;7;3;0;1;14;1
202200004211;806 484;7;0;2;1;15;1
202200004211;806 485;34;0;2;2;17;1
202200004212;806 483;7;0;0;1;1;1
202200004213;806 481;33;0;2;7;1;1
202200004213;806 482;7;0;2;3;11;2
202200004214;806 478;7;0;1;1;15;1
202200004215;806 477;10;0;0;8;19;1
202200004215;806 479;7;3;2;1;21;1
202200004215;806 480;7;0;2;1;1;1
202200004216;806 476;2;0;0;0;16;1
202200004217;806 475;33;4;0;0;1;1
202200004218;806 472;7;0;2;7;1;1
202200004218;806 474;7;8;2;1;1;1
202200004219;806 471;7;0;2;8;15;1
202200004219;806 473;33;0;2;1;2;1
202200004220;806 470;10;0;1;7;17;1
202200004221;806 469;33;0;1;2;1;1
202200004222;806 467;7;0;2;4;2;1
202200004222;806 468;10;0;2;1;2;1
202200004223;806 465;37;0;0;3;24;1
202200004223;806 466;1;1;0;1;13;5
202200004224;806 462;7;0;2;1;26;6
202200004224;806 464;99;0;2;7;26;0
202200004225;806 461;1;0;0;4;2;5
202200004225;806 463;7;0;2;2;2;1
202200004226;806 459;1;0;2;1;0;5
202200004226;806 460;7;0;2;1;1;1
202200004227;806 457;7;0;2;3;9;1
202200004227;806 458;32;0;2;1;1;1
202200004228;806 455;7;0;2;7;17;1
202200004228;806 456;33;0;2;1;1;1
202200004229;806 454;1;0;0;1;1;5
202200004230;806 453;7;13;0;1;13;1
202200004231;806 452;7;0;1;1;1;1
202200004232;806 450;7;0;2;3;15;1
202200004232;806 451;33;0;2;2;17;1
202200004233;806 449;0;0;1;1;0;0
202200004234;806 447;1;0;2;9;1;5
202200004234;806 448;10;0;2;3;16;1
202200004235;806 445;7;0;1;1;1;1
202200004236;806 443;37;0;2;4;1;1
202200004236;806 444;7;0;2;1;17;1
202200004236;806 446;7;14;2;1;1;1
202200004237;806 441;7;0;1;1;26;1
202200004238;806 440;7;4;0;3;13;1
202200004239;806 438;7;0;2;1;2;1
202200004239;806 439;7;0;2;4;23;1
202200004240;806 437;7;0;1;1;1;1
202200004241;806 436;7;0;1;3;16;1
202200004242;806 435;7;0;1;3;15;1
202200004243;806 433;15;8;2;7;14;1
202200004243;806 434;17;0;2;1;1;1
202200004244;806 432;7;0;1;1;1;1
202200004245;806 430;33;0;2;1;1;1
202200004245;806 431;36;0;2;3;9;0
202200004246;806 427;7;8;2;2;1;1
202200004246;806 429;7;6;2;3;1;1
202200004247;806 425;7;0;2;1;2;1
202200004247;806 426;7;0;2;4;1;1
202200004247;806 428;2;0;2;4;1;1
202200004248;806 423;7;0;2;2;1;1
202200004248;806 424;31;0;2;1;1;1
202200004249;806 421;33;0;2;4;1;1
202200004249;806 422;7;0;2;4;9;1
202200004250;806 417;7;0;9;1;0;3
202200004250;806 419;1;0;2;0;0;5
202200004251;806 418;33;1;9;1;21;0
202200004251;806 420;0;1;0;0;0;0
202200004252;806 415;7;9;0;2;9;1
202200004253;806 414;7;0;2;7;21;1
202200004253;806 416;2;0;2;1;19;3
202200004254;806 411;1;0;2;7;1;5
202200004254;806 413;34;0;2;1;1;1
202200004255;806 410;7;0;2;3;1;1
202200004255;806 412;7;0;2;3;13;1
202200004256;806 407;10;0;2;3;15;1
202200004256;806 409;30;0;2;1;17;1
202200004257;806 406;31;0;2;8;0;1
202200004257;806 408;7;0;2;3;9;1
202200004258;806 402;7;0;2;4;23;1
202200004258;806 403;7;0;2;1;0;1
202200004259;806 399;7;0;0;2;0;0
202200004259;806 401;7;0;2;2;15;1
202200004260;806 398;7;0;2;1;1;1
202200004260;806 400;7;16;2;1;5;1
202200004261;806 397;7;0;1;1;26;1
202200004262;806 395;50;0;2;1;19;3
202200004262;806 396;7;0;2;2;0;1
202200004263;806 394;7;0;1;3;19;1
202200004264;806 392;7;0;2;3;1;1
202200004264;806 393;10;0;2;2;1;1
202200004265;806 388;10;0;1;2;1;0
202200004266;806 387;7;0;2;0;0;1
202200004266;806 389;7;0;2;0;0;1
202200004267;806 383;7;0;2;3;15;1
202200004267;806 385;33;0;2;3;21;1
202200004268;806 384;7;1;2;1;15;1
202200004268;806 386;32;1;2;1;1;1
202200004269;806 380;50;0;2;1;1;3
202200004269;806 382;7;0;2;2;16;2
202200004270;806 379;7;8;0;2;14;1
202200004271;806 378;7;8;2;1;1;1
202200004271;806 381;7;0;2;3;15;1
202200004272;806 375;7;0;2;4;2;1
202200004272;806 377;10;0;2;1;2;1
202200004273;806 374;7;0;2;1;9;1
202200004273;806 376;33;0;2;4;9;1
202200004274;806 372;30;0;0;7;1;1
202200004275;806 370;10;0;2;0;0;1
202200004275;806 371;7;0;2;3;1;1
202200004275;806 373;7;0;2;3;15;3
202200004276;806 369;7;13;0;1;14;1
202200004277;806 367;7;0;2;2;1;1
202200004277;806 368;7;0;2;4;4;1
202200004278;806 365;7;9;0;0;0;1
202200004279;806 364;7;0;2;1;0;1
202200004279;806 366;7;0;2;2;15;1
202200004280;806 362;7;0;2;1;2;1
202200004280;806 363;10;0;2;4;2;1
202200004281;806 360;0;0;1;0;0;0
202200004282;806 359;7;0;2;8;21;1
202200004282;806 361;7;0;2;3;1;1
202200004283;806 355;10;0;2;4;2;1
202200004283;806 357;2;0;2;9;2;1
202200004283;806 358;7;0;2;1;2;1
202200004284;806 354;7;0;2;2;9;1
202200004284;806 356;50;0;2;0;1;3
202200004285;806 351;7;0;2;8;1;1
202200004285;806 353;7;0;2;2;19;1
202200004286;806 347;50;0;2;3;1;3
202200004286;806 349;10;0;9;7;10;1
202200004287;806 348;1;0;0;0;1;5
202200004288;806 345;1;0;2;8;19;5
202200004288;806 346;7;0;2;2;9;1
202200004289;806 343;7;0;2;3;0;1
202200004289;806 344;7;0;2;0;0;0
202200004290;806 341;33;0;2;1;1;1
202200004290;806 342;7;0;2;5;15;1
202200004291;806 340;80;0;1;1;17;3
202200004292;806 337;7;0;2;0;0;1
202200004292;806 338;30;0;2;1;1;1
202200004292;806 339;7;0;2;2;17;1
202200004293;806 334;80;12;0;1;14;3
202200004294;806 335;1;0;2;0;0;0
202200004294;806 336;7;0;2;3;15;1
202200004295;806 330;7;0;2;4;1;1
202200004295;806 331;7;0;2;4;1;1
202200004295;806 333;7;0;2;1;1;1
202200004296;806 329;7;14;4;8;10;1
202200004296;806 332;40;0;2;2;1;0
202200004297;806 327;7;0;2;4;1;2
202200004297;806 328;30;0;2;1;1;1
202200004298;806 325;1;0;2;7;1;5
202200004298;806 326;7;0;2;1;15;1
202200004299;806 323;7;0;2;1;1;1
202200004299;806 324;30;0;2;1;1;1
202200004300;806 321;7;1;1;4;20;1
202200004301;806 319;7;0;2;7;15;1
202200004301;806 320;7;0;2;1;1;1
202200004301;806 322;7;0;2;1;1;1
202200004302;806 314;7;0;2;2;1;1
202200004302;806 316;50;0;2;8;18;3
202200004303;806 315;7;0;2;4;2;1
202200004303;806 317;30;0;2;1;2;1
202200004304;806 311;31;0;2;1;1;1
202200004304;806 313;7;0;2;5;15;1
202200004305;806 310;31;0;2;1;1;1
202200004305;806 312;7;0;2;3;26;1
202200004306;806 306;7;0;2;1;26;1
202200004306;806 308;31;0;2;8;1;1
202200004307;806 303;7;0;2;8;1;1
202200004307;806 304;30;0;2;1;9;1
202200004308;806 302;7;3;0;1;19;1
202200004309;806 293;10;0;2;2;2;1
202200004309;806 295;7;0;2;4;2;1
202200004309;806 296;7;0;2;2;2;1
202200004309;806 297;10;0;2;1;2;1
202200004310;806 288;34;0;2;1;2;1
202200004310;806 290;7;0;2;1;2;1
202200004310;806 291;10;0;2;1;13;1
202200004311;806 286;50;0;2;1;1;3
202200004311;806 289;7;0;2;3;15;1
202200004312;806 285;33;0;2;7;1;1
202200004312;806 287;7;0;2;8;11;1
202200004313;806 284;7;2;0;1;14;1
202200004314;806 282;33;0;2;7;1;1
202200004314;806 283;7;0;2;1;16;1
202200004315;806 280;7;0;2;1;2;2
202200004315;806 281;7;0;2;4;1;1
202200004316;806 279;7;0;1;1;16;1
202200004317;806 276;1;0;2;7;1;0
202200004317;806 277;7;0;2;1;9;1
202200004318;806 275;1;0;2;1;1;5
202200004318;806 278;10;0;2;3;9;1
202200004319;806 274;7;0;1;0;16;1
202200004320;806 273;7;0;1;1;13;1
202200004321;806 271;7;14;2;5;1;1
202200004321;806 272;1;1;2;8;11;5
202200004322;806 267;31;0;2;1;13;1
202200004322;806 269;7;0;2;3;1;0
202200004323;806 268;1;0;2;0;1;5
202200004323;806 270;7;0;2;0;1;1
202200004324;806 264;10;0;2;1;15;1
202200004324;806 266;99;0;2;1;1;0
202200004325;806 265;7;0;1;5;17;1
202200004326;806 263;7;1;0;2;1;1
202200004327;806 260;7;9;2;4;23;1
202200004327;806 261;7;9;2;1;1;1
202200004328;806 259;1;0;0;0;0;5
202200004328;806 262;7;0;9;0;0;0
202200004329;806 257;7;0;1;1;1;1
202200004330;806 256;7;0;2;3;15;1
202200004330;806 258;2;0;2;3;13;1
202200004331;806 252;7;0;0;0;9;1
202200004332;806 248;10;0;1;2;1;1
202200004333;806 247;7;0;2;0;1;1
202200004333;806 249;7;14;2;0;1;1
202200004333;806 250;7;14;2;5;1;1
202200004333;806 251;7;0;2;0;0;1
202200004333;806 253;7;0;2;0;1;1
202200004333;806 254;10;0;2;0;1;1
202200004333;806 255;15;14;0;1;1;1
202200004334;806 244;7;0;2;6;1;1
202200004334;806 246;2;0;2;2;1;1
202200004335;806 243;7;0;2;3;1;1
202200004335;806 245;7;0;2;5;17;1
202200004336;806 242;7;0;1;1;1;1
202200004337;806 241;7;6;0;1;15;0
202200004338;806 240;7;1;1;1;1;1
202200004339;806 238;2;6;0;1;13;1
202200004340;806 235;10;0;2;3;26;1
202200004340;806 237;33;0;2;3;25;1
202200004341;806 236;10;0;2;1;1;1
202200004341;806 239;7;0;2;2;19;1
202200004342;806 232;32;0;2;7;17;1
202200004342;806 234;7;0;2;1;15;1
202200004343;806 233;7;0;1;3;2;1
202200004344;806 231;7;0;1;1;1;1
202200004345;806 230;7;8;1;2;14;1
202200004346;806 228;10;0;2;3;1;1
202200004346;806 229;7;0;2;3;1;1
202200004347;806 227;7;0;1;7;1;1
202200004348;806 223;7;0;2;4;4;1
202200004348;806 226;1;0;2;7;1;5
202200004349;806 224;14;0;0;2;14;1
202200004349;806 225;32;0;0;3;1;1
202200004350;806 221;13;0;1;1;1;1
202200004351;806 220;1;0;2;7;1;5
202200004351;806 222;7;0;2;1;9;1
202200004352;806 218;40;0;1;3;1;0
202200004353;806 217;33;16;2;1;12;1
202200004353;806 219;10;0;2;1;9;1
202200004354;806 216;7;0;1;2;1;1
202200004355;806 213;7;0;2;1;1;1
202200004355;806 215;50;0;2;7;1;3
202200004356;806 212;30;0;2;1;1;1
202200004356;806 214;7;0;2;1;15;3
202200004357;806 208;30;0;2;0;0;1
202200004357;806 210;7;0;2;7;22;1
202200004358;806 209;1;0;2;1;1;5
202200004358;806 211;7;0;2;1;15;1
202200004359;806 206;7;0;2;3;2;1
202200004359;806 207;7;0;2;1;2;1
202200004360;806 205;0;0;1;0;0;0
202200004361;806 203;33;0;0;8;21;1
202200004361;806 204;7;0;0;0;12;0
202200004362;806 201;31;0;2;1;1;1
202200004362;806 202;7;0;2;5;15;1
202200004363;806 200;50;0;0;1;21;3
202200004364;806 197;50;0;2;0;1;3
202200004364;806 198;1;12;2;7;17;5
202200004365;806 195;7;0;2;1;0;1
202200004365;806 196;7;0;2;4;2;1
202200004365;806 199;7;0;2;1;2;1
202200004366;806 194;50;0;1;1;1;3
202200004367;806 190;7;0;2;3;1;2
202200004367;806 192;1;0;2;0;1;5
202200004368;806 191;7;0;2;1;1;1
202200004368;806 193;7;0;2;2;15;1
202200004369;806 187;7;0;2;3;23;1
202200004369;806 188;1;0;2;1;1;5
202200004370;806 186;37;0;2;1;0;1
202200004370;806 189;7;0;9;8;1;1
202200004371;806 185;10;0;1;4;4;6
202200004372;806 184;7;8;0;1;13;1
202200004373;806 182;38;10;0;2;14;1
202200004374;806 181;1;0;2;1;22;5
202200004374;806 183;7;0;0;7;1;1
202200004375;806 177;7;0;2;1;2;1
202200004375;806 179;1;0;2;4;2;5
202200004376;806 176;7;1;0;0;0;1
202200004376;806 178;37;0;2;2;0;1
202200004376;806 180;30;0;2;3;9;1
202200004377;806 175;30;0;1;1;1;1
202200004378;806 171;1;0;2;2;1;5
202200004378;806 173;7;0;9;6;11;1
202200004379;806 170;1;0;2;8;12;5
202200004379;806 172;43;0;2;2;16;1
202200004380;806 169;1;0;0;0;9;5
202200004381;806 168;7;2;0;7;1;1
202200004382;806 165;30;0;2;1;17;3
202200004382;806 167;31;0;2;3;23;1
202200004383;806 166;7;13;0;0;16;1
202200004384;806 162;7;0;2;5;17;2
202200004384;806 164;50;0;2;3;13;3
202200004385;806 161;7;0;2;1;1;1
202200004385;806 163;7;0;2;1;5;1
202200004386;806 160;50;0;0;0;1;3
202200004387;806 158;7;0;2;1;1;1
202200004387;806 159;7;0;2;1;15;1
202200004388;806 157;34;0;0;1;1;1
202200004389;806 155;3;0;2;1;1;1
202200004389;806 156;7;0;2;1;1;1
202200004390;806 153;1;0;9;8;13;5
202200004390;806 154;80;0;9;7;2;3
202200004391;806 151;7;0;2;4;23;1
202200004391;806 152;7;0;2;1;2;1
202200004392;806 149;2;0;2;2;17;1
202200004392;806 150;7;0;2;6;10;1
202200004393;806 147;7;0;2;1;2;1
202200004393;806 148;7;0;2;4;23;1
202200004394;806 146;7;0;1;4;4;1
202200004395;806 144;7;0;2;6;15;1
202200004395;806 145;33;0;2;1;1;1
202200004396;806 142;10;0;9;4;2;1
202200004396;806 143;10;0;0;0;0;1
202200004397;806 141;7;2;0;8;1;1
202200004398;806 139;7;1;2;2;0;1
202200004398;806 140;10;6;2;3;2;1
202200004399;806 137;80;0;2;8;15;3
202200004399;806 138;7;0;2;3;9;1
202200004400;806 135;2;0;2;1;8;1
202200004400;806 136;7;0;2;1;1;1
202200004401;806 133;33;0;2;1;1;1
202200004401;806 134;10;0;2;2;9;1
202200004402;806 132;7;0;1;1;1;0
202200004403;806 130;7;0;2;3;1;1
202200004403;806 131;7;0;2;3;1;1
202200004404;806 128;33;0;2;4;23;1
202200004404;806 129;7;0;2;3;2;1
202200004405;806 126;17;0;2;2;16;1
202200004405;806 127;1;0;2;8;2;5
202200004406;806 124;0;0;0;0;0;0
202200004406;806 125;50;0;0;4;1;3
202200004407;806 122;7;0;2;4;2;1
202200004407;806 123;10;0;2;1;2;1
202200004408;806 120;32;0;2;7;1;1
202200004408;806 121;7;0;2;8;15;1
202200004409;806 119;7;0;1;7;1;1
202200004410;806 116;43;0;2;2;1;1
202200004410;806 118;7;0;2;3;9;1
202200004411;806 115;1;0;2;1;2;5
202200004411;806 117;7;0;2;5;23;1
202200004412;806 112;7;0;2;1;1;1
202200004412;806 113;7;0;2;1;13;1
202200004413;806 114;1;0;0;2;1;5
202200004414;806 110;7;0;1;3;2;1
202200004415;806 109;1;0;2;6;1;5
202200004415;806 111;7;0;2;2;2;1
202200004416;806 106;7;0;2;1;1;1
202200004416;806 107;7;0;2;1;1;1
202200004417;806 104;34;0;0;2;2;0
202200004417;806 108;3;0;2;3;15;1
202200004418;806 102;99;0;0;1;1;3
202200004419;806 100;7;0;2;5;2;1
202200004419;806 101;10;15;2;3;2;1
202200004420;806 103;7;0;2;3;1;1
202200004420;806 105;10;0;2;3;15;1
202200004421;806 099;7;0;0;0;1;0
202200004422;806 097;21;0;2;1;1;1
202200004422;806 098;30;0;2;1;1;1
202200004423;806 094;7;0;2;1;1;1
202200004423;806 095;10;0;2;6;15;1
202200004423;806 096;7;0;2;1;2;1
202200004424;806 092;16;0;2;3;19;1
202200004424;806 093;7;0;2;6;1;1
202200004425;806 091;1;1;0;2;1;5
202200004426;806 088;7;0;2;3;13;1
202200004426;806 089;7;15;2;1;1;1
202200004426;806 090;7;0;2;1;1;1
202200004427;806 085;17;0;2;3;13;1
202200004427;806 086;7;0;2;7;1;1
202200004427;806 087;7;4;2;2;1;1
202200004428;806 083;7;0;2;8;1;1
202200004428;806 084;7;0;2;3;13;1
202200004429;806 082;1;0;1;1;1;5
202200004430;806 081;7;3;0;2;14;1
202200004431;806 078;7;0;2;4;2;1
202200004431;806 079;7;0;2;1;2;1
202200004432;806 076;7;0;2;1;13;1
202200004432;806 077;7;0;2;1;1;1
202200004433;806 075;7;0;0;0;1;1
202200004434;806 074;7;13;0;1;13;1
202200004435;806 072;7;0;2;3;1;1
202200004435;806 073;33;0;2;3;0;0
202200004436;806 070;21;0;0;3;1;1
202200004436;806 071;7;0;0;3;1;1
202200004437;806 069;7;0;1;3;1;1
202200004438;806 068;7;13;0;1;1;1
202200004439;806 066;7;0;2;3;1;1
202200004439;806 067;3;0;2;1;13;1
202200004440;806 064;33;0;2;5;17;1
202200004440;806 065;7;0;2;3;15;2
202200004441;806 062;10;0;2;3;1;1
202200004441;806 063;7;0;2;3;13;1
202200004442;806 059;7;0;2;6;1;1
202200004442;806 060;10;0;2;1;1;1
202200004442;806 061;7;0;2;1;13;1
202200004443;806 058;33;0;0;8;0;1
202200004444;806 057;7;2;0;1;1;1
202200004445;806 055;10;0;2;1;1;1
202200004445;806 056;7;13;2;2;17;1
202200004446;806 051;7;0;2;0;0;1
202200004446;806 052;7;4;2;1;13;1
202200004446;806 053;7;0;2;4;0;1
202200004447;806 049;7;0;2;2;1;1
202200004447;806 050;2;0;2;3;11;1
202200004448;806 047;21;0;2;2;9;1
202200004448;806 048;33;13;2;1;1;1
202200004449;806 046;7;0;0;3;1;1
202200004450;806 043;31;0;2;2;1;1
202200004450;806 044;7;0;2;6;1;1
202200004450;806 045;7;0;0;4;1;1
202200004451;806 040;7;13;2;0;13;1
202200004451;806 041;33;0;0;1;1;1
202200004452;806 039;31;8;0;9;1;1
202200004453;806 037;7;0;2;3;13;1
202200004453;806 038;7;0;2;3;1;1
202200004454;806 036;7;0;1;2;1;1
202200004455;806 033;1;0;2;0;21;5
202200004455;806 034;1;0;2;1;21;5
202200004455;806 035;1;12;0;1;1;5
202200004456;806 031;7;0;1;5;20;1
202200004457;806 030;7;6;0;1;14;1
202200004458;806 029;7;13;0;1;13;1
202200004459;806 027;7;0;0;8;9;1
202200004459;806 028;80;0;2;1;9;3
202200004460;806 025;10;0;0;3;1;1
202200004460;806 026;10;9;0;1;1;1
202200004461;806 024;33;0;0;7;23;1
202200004462;806 022;7;12;2;1;9;1
202200004462;806 023;7;0;2;1;15;1
202200004463;806 021;2;1;1;1;13;1
202200004464;806 020;7;0;0;9;1;1
202200004465;806 019;7;13;0;3;2;1
202200004466;806 015;7;0;2;8;17;1
202200004466;806 016;1;0;2;8;1;5
202200004467;806 014;7;3;0;1;1;0
202200004468;806 012;99;0;2;7;19;1
202200004468;806 013;7;0;2;1;1;1
202200004469;806 011;10;0;1;2;0;0
202200004470;806 009;7;0;1;2;1;0
202200004471;806 007;33;0;2;1;17;1
202200004471;806 008;14;0;2;8;15;1
202200004472;806 006;7;2;0;1;1;1
202200004473;806 004;7;0;2;7;19;1
202200004473;806 005;7;0;2;1;19;1
202200004474;805 999;7;0;2;1;2;1
202200004474;806 000;7;0;0;4;2;1
202200004474;806 001;7;0;0;4;2;1
202200004475;805 998;10;4;0;3;13;1
202200004476;805 996;10;0;2;1;13;1
202200004476;805 997;7;0;2;1;1;1
202200004477;805 995;2;0;9;1;1;1
202200004478;805 993;7;0;2;2;1;1
202200004478;805 994;50;0;2;2;23;3
202200004479;805 991;7;0;2;2;13;1
202200004479;805 992;7;0;2;3;1;1
202200004480;805 989;2;0;0;6;15;1
202200004480;805 990;7;0;0;2;17;1
202200004481;805 988;33;8;0;2;0;1
202200004482;805 987;1;0;0;0;0;5
202200004483;805 985;2;0;2;3;1;1
202200004483;805 986;7;0;2;8;13;0
202200004484;805 983;7;0;9;3;26;1
202200004484;805 984;1;0;2;1;1;5
202200004485;805 981;7;0;2;2;15;1
202200004485;805 982;2;0;2;1;1;1
202200004486;805 978;7;0;2;1;2;1
202200004486;805 979;7;0;2;4;23;1
202200004486;805 980;7;0;0;4;23;1
202200004487;805 977;31;13;0;1;1;1
202200004488;805 975;7;0;2;1;1;1
202200004488;805 976;1;0;2;8;1;5
202200004489;805 974;7;13;0;1;1;1
202200004490;805 973;33;13;0;3;13;1
202200004491;805 971;2;0;2;7;9;1
202200004491;805 972;7;0;2;1;1;1
202200004492;805 969;33;0;2;2;2;1
202200004492;805 970;33;0;2;3;2;1
202200004493;805 968;7;1;0;1;1;1
202200004494;805 967;7;7;0;2;21;1
202200004495;805 966;7;15;0;1;13;1
202200004496;805 964;1;0;2;8;19;5
202200004496;805 965;10;0;9;2;19;1
202200004497;805 962;7;0;2;2;13;1
202200004497;805 963;17;0;2;2;1;1
202200004498;805 960;7;0;2;4;2;1
202200004498;805 961;7;0;2;1;2;1
202200004499;805 959;32;0;0;0;0;1
202200004500;805 958;33;0;0;0;1;1
202200004501;805 956;17;0;2;7;12;1
202200004501;805 957;10;0;2;3;2;1
202200004502;805 954;10;0;2;8;11;1
202200004502;805 955;33;0;2;7;3;1
202200004503;805 951;7;0;2;4;23;1
202200004503;805 952;7;0;2;4;23;1
202200004503;805 953;7;0;2;1;2;1
202200004504;805 950;15;3;0;2;1;1
202200004505;805 948;33;0;2;1;1;1
202200004505;805 949;7;0;2;5;12;1
202200004506;805 947;10;0;0;2;1;1
202200004507;805 945;7;0;2;7;17;1
202200004507;805 946;2;0;2;0;0;1
202200004508;805 943;7;0;2;1;1;0
202200004508;805 944;7;12;2;1;13;0
202200004509;805 941;30;0;2;1;1;1
202200004509;805 942;7;0;2;3;19;1
202200004510;805 939;7;13;2;3;1;1
202200004510;805 940;7;0;2;1;11;1
202200004511;805 937;7;0;2;6;1;1
202200004511;805 938;10;1;2;1;1;1
202200004512;805 935;33;0;2;1;2;1
202200004512;805 936;7;0;2;2;2;1
202200004513;805 933;2;0;2;1;1;1
202200004513;805 934;7;0;2;1;1;1
202200004514;805 932;2;0;0;3;1;1
202200004515;805 931;7;6;0;1;9;1
202200004516;805 929;3;0;2;2;1;
202200004516;805 930;10;0;2;3;9;1