Num_Acc;id_vehicule;categorie_vehicule;obstacle_fixe;obstacle_mobile;point_choc_initial;manoeuvre_principale;motorisation
202200004517;805 925;50;0;2;3;2;3
202200004517;805 926;7;0;2;7;26;1
202200004518;805 923;7;0;2;4;21;1
202200004518;805 924;7;0;2;1;2;1
202200004519;805 921;7;0;2;3;1;1
202200004519;805 922;33;0;2;1;6;1
202200004520;805 919;7;0;2;1;0;1
202200004520;805 920;33;0;2;1;13;1
202200004521;805 917;7;0;2;2;1;1
202200004521;805 918;1;0;2;1;9;5
202200004522;805 915;3;0;1;1;1;0
202200004522;805 916;3;0;2;4;1;0
202200004523;805 912;7;0;2;3;13;1
202200004523;805 913;17;0;2;3;1;1
202200004523;805 914;7;0;2;0;26;1
202200004524;805 910;7;0;0;5;0;1
202200004524;805 911;2;0;2;1;15;1
202200004525;805 909;7;1;0;2;14;1
202200004526;805 907;7;0;2;3;1;2
202200004526;805 908;7;0;2;2;15;2
202200004527;805 906;7;8;0;1;1;1
202200004528;805 903;7;0;2;3;23;1
202200004528;805 904;7;0;2;3;15;1
202200004528;805 905;33;0;2;1;1;1
202200004529;805 902;10;16;0;1;24;1
202200004530;805 900;1;0;2;8;1;5
202200004530;805 901;7;0;2;7;26;1
202200004531;805 898;7;0;2;8;1;0
202200004531;805 899;7;0;2;1;1;0
202200004532;805 895;7;0;2;3;1;1
202200004532;805 896;32;0;2;4;2;1
202200004532;805 897;7;0;2;3;2;1
202200004533;805 894;7;1;0;3;1;2
202200004534;805 893;50;0;1;1;1;3
202200004535;805 892;30;0;0;0;21;1
202200004536;805 890;33;0;2;2;17;1
202200004536;805 891;7;0;2;1;15;1
202200004537;805 889;7;1;0;1;14;1
202200004538;805 887;41;0;2;3;23;1
202200004538;805 888;7;0;2;6;23;1
202200004539;805 886;7;0;1;1;1;1
202200004540;805 884;30;0;2;1;17;1
202200004540;805 885;10;0;2;8;15;1
202200004541;805 882;7;0;0;0;26;1
202200004541;805 883;30;0;0;3;15;1
202200004542;805 881;7;0;1;1;26;1
202200004543;805 879;7;0;2;1;1;1
202200004543;805 880;32;0;2;1;1;1
202200004544;805 877;7;0;2;2;15;2
202200004544;805 878;10;0;2;1;1;1
202200004545;805 875;7;0;2;2;12;1
202200004545;805 876;43;0;2;1;1;1
202200004546;805 874;1;1;0;1;14;5
202200004547;805 872;7;0;2;3;9;1
202200004547;805 873;2;0;2;2;1;1
202200004548;805 870;15;0;2;6;24;1
202200004548;805 871;1;0;2;1;1;5
202200004549;805 868;7;0;2;3;10;1
202200004549;805 869;30;0;2;1;17;1
202200004550;805 866;80;0;2;1;1;3
202200004550;805 867;50;0;2;1;13;3
202200004551;805 864;1;0;0;0;1;5
202200004551;805 865;1;0;0;1;13;5
202200004552;805 862;7;0;2;1;1;1
202200004552;805 863;34;0;2;3;5;1
202200004553;805 860;1;0;2;6;19;5
202200004553;805 861;7;0;2;3;2;1
202200004554;805 859;10;0;1;2;1;0
202200004555;805 857;31;0;2;0;0;1
202200004555;805 858;7;0;2;0;0;1
202200004556;805 856;7;1;1;1;21;1
202200004557;805 855;7;12;2;9;14;1
202200004558;805 853;7;0;2;2;1;1
202200004558;805 854;1;0;2;7;19;5
202200004559;805 851;10;0;0;8;23;0
202200004559;805 852;50;0;2;0;2;3
202200004560;805 850;1;0;0;0;0;5
202200004561;805 848;7;0;2;3;13;1
202200004561;805 849;33;0;2;7;17;1
202200004562;805 847;7;0;1;2;2;1
202200004563;805 845;30;0;2;1;1;1
202200004563;805 846;34;0;2;4;1;1
202200004564;805 843;7;0;2;7;1;1
202200004564;805 844;32;16;2;3;11;1
202200004565;805 841;7;0;0;4;2;1
202200004565;805 842;14;0;2;2;1;1
202200004566;805 840;7;14;0;2;21;1
202200004567;805 837;7;13;0;1;1;1
202200004568;805 835;33;0;2;3;17;1
202200004568;805 836;1;0;2;8;0;5
202200004569;805 834;7;3;0;0;1;1
202200004570;805 830;7;0;9;5;1;0
202200004570;805 831;7;0;9;6;1;0
202200004570;805 832;7;0;9;6;1;0
202200004570;805 833;7;3;0;2;0;0
202200004571;805 829;33;8;0;1;1;1
202200004572;805 828;33;0;0;8;21;1
202200004573;805 824;7;0;2;2;2;1
202200004573;805 825;7;0;0;6;2;1
202200004573;805 826;7;0;0;5;17;1
202200004574;805 822;33;0;2;1;1;1
202200004574;805 823;7;0;2;1;17;1
202200004575;805 821;7;8;0;1;0;1
202200004576;805 819;7;0;2;1;1;1
202200004576;805 820;7;0;2;1;16;1
202200004577;805 817;7;0;0;1;1;1
202200004577;805 818;7;0;0;4;2;1
202200004578;805 816;7;13;0;9;1;1
202200004579;805 815;7;14;2;2;17;1
202200004580;805 812;7;13;0;1;1;1
202200004581;805 810;31;0;2;1;1;1
202200004581;805 811;7;0;2;7;15;1
202200004582;805 809;7;0;1;3;16;1
202200004583;805 808;33;16;0;2;1;0
202200004584;805 807;2;7;0;1;1;1
202200004585;805 806;33;0;0;8;1;1
202200004586;805 804;7;2;0;1;1;1
202200004587;805 803;7;0;1;1;1;1
202200004588;805 802;2;0;0;3;15;1
202200004589;805 800;7;0;2;7;1;1
202200004589;805 801;7;0;2;3;15;1
202200004590;805 798;10;0;2;8;9;1
202200004590;805 799;30;0;0;1;1;1
202200004591;805 797;7;2;0;8;1;1
202200004592;805 796;33;0;0;0;1;1
202200004593;805 794;7;0;2;1;23;1
202200004593;805 795;7;1;0;8;1;1
202200004594;805 793;7;13;0;2;1;1
202200004595;805 790;1;0;0;0;1;5
202200004596;805 789;31;0;0;9;1;1
202200004597;805 788;31;0;0;0;17;1
202200004598;805 787;7;2;0;2;1;1
202200004599;805 786;33;13;0;1;1;1
202200004600;805 784;33;0;2;8;1;1
202200004600;805 785;7;0;2;3;15;1
202200004601;805 783;7;0;1;2;1;1
202200004602;805 781;1;0;2;2;0;5
202200004602;805 782;7;0;2;3;1;1
202200004603;805 779;7;0;2;1;2;1
202200004603;805 780;33;0;0;4;1;1
202200004604;805 778;7;0;1;2;1;1
202200004605;805 776;7;0;9;2;2;1
202200004605;805 777;1;0;2;4;2;5
202200004606;805 774;7;0;2;3;9;1
202200004606;805 775;33;0;2;1;1;1
202200004607;805 773;7;13;0;0;12;1
202200004608;805 771;7;0;2;8;19;1
202200004608;805 772;2;0;2;7;1;1
202200004609;805 768;7;0;0;6;2;1
202200004609;805 769;7;0;2;1;2;1
202200004609;805 770;10;0;2;1;2;1
202200004610;805 767;17;2;0;7;1;1
202200004611;805 765;33;4;2;1;1;1
202200004611;805 766;7;0;2;1;1;1
202200004612;805 763;7;4;2;2;2;1
202200004612;805 764;7;4;2;6;2;1
202200004613;805 761;7;0;2;3;1;1
202200004613;805 762;10;0;2;3;1;1
202200004614;805 759;33;0;2;1;2;1
202200004614;805 760;7;0;0;5;2;1
202200004615;805 757;10;0;2;8;1;1
202200004615;805 758;2;0;2;8;13;1
202200004616;805 755;1;0;2;1;5;5
202200004616;805 756;7;0;2;3;1;1
202200004617;805 754;7;0;1;4;4;1
202200004618;805 752;10;0;2;3;2;1
202200004618;805 753;33;0;2;1;0;1
202200004619;805 750;33;0;2;1;17;1
202200004619;805 751;10;0;2;6;17;1
202200004620;805 748;7;0;2;2;21;1
202200004620;805 749;7;0;0;6;9;1
202200004621;805 746;7;0;0;0;17;0
202200004621;805 747;7;13;0;1;17;1
202200004622;805 744;1;0;2;7;1;5
202200004622;805 745;17;8;2;3;1;1
202200004623;805 743;31;0;0;3;1;1
202200004624;805 742;33;0;6;1;1;1
202200004625;805 740;1;0;0;1;1;5
202200004625;805 741;33;0;2;1;1;1
202200004626;805 738;7;0;2;1;5;1
202200004626;805 739;17;0;2;3;21;1
202200004627;805 736;7;0;0;4;23;1
202200004627;805 737;33;0;2;1;1;1
202200004628;805 734;7;0;2;2;1;1
202200004628;805 735;7;0;2;1;15;1
202200004629;805 732;2;0;2;3;15;1
202200004629;805 733;38;0;2;2;2;1
202200004630;805 730;33;0;2;1;1;1
202200004630;805 731;7;0;0;7;15;1
202200004631;805 729;7;15;0;0;0;1
202200004632;805 728;7;12;0;9;14;1
202200004633;805 726;1;0;2;1;26;5
202200004633;805 727;7;0;2;2;1;1
202200004634;805 724;10;0;2;2;19;1
202200004634;805 725;2;0;2;1;2;3
202200004635;805 722;7;0;2;1;15;1
202200004635;805 723;80;0;2;8;1;3
202200004636;805 720;7;0;2;3;1;1
202200004636;805 721;7;0;2;3;5;1
202200004637;805 719;32;0;0;1;1;1
202200004638;805 717;7;0;2;5;2;1
202200004638;805 718;7;0;2;1;9;1
202200004639;805 716;7;0;1;1;1;1
202200004640;805 714;10;0;2;3;15;1
202200004640;805 715;31;0;2;1;17;1
202200004641;805 713;32;14;2;1;17;1
202200004642;805 712;32;11;0;1;13;1
202200004643;805 711;7;0;1;1;16;0
202200004644;805 708;10;0;2;4;23;1
202200004644;805 709;7;0;2;4;0;1
202200004644;805 710;7;0;2;1;2;1
202200004645;805 705;7;0;0;0;0;1
202200004645;805 706;7;0;2;4;2;1
202200004645;805 707;7;0;2;1;2;1
202200004646;805 704;7;13;0;1;13;1
202200004647;805 702;7;8;2;1;1;1
202200004647;805 703;7;0;2;8;1;1
202200004648;805 700;7;0;2;3;1;1
202200004648;805 701;7;0;2;3;1;1
202200004649;805 698;7;0;2;1;2;0
202200004649;805 699;7;0;2;4;1;1
202200004650;805 696;7;0;2;6;15;1
202200004650;805 697;1;0;2;1;1;5
202200004651;805 694;7;0;2;0;24;1
202200004651;805 695;80;0;0;0;0;3
202200004652;805 693;7;8;0;3;26;1
202200004653;805 691;33;0;2;7;1;1
202200004653;805 692;7;0;2;2;16;1
202200004654;805 690;7;0;1;1;1;1
202200004655;805 688;10;0;2;7;10;1
202200004655;805 689;1;0;2;3;0;5
202200004656;805 687;7;9;0;1;14;1
202200004657;805 686;7;0;1;1;1;1
202200004658;805 685;33;0;0;1;26;1
202200004659;805 683;1;0;2;3;19;5
202200004659;805 684;7;0;2;1;1;1
202200004660;805 681;7;0;2;1;1;1
202200004660;805 682;7;0;2;8;1;1
202200004661;805 679;7;0;2;1;15;1
202200004661;805 680;7;0;2;5;1;1
202200004662;805 678;7;0;1;3;1;1
202200004663;805 676;10;0;2;7;1;1
202200004663;805 677;7;0;2;1;0;1
202200004664;805 675;7;0;1;1;1;1
202200004665;805 674;7;17;0;2;21;1
202200004666;805 673;7;0;1;1;15;1
202200004667;805 671;1;0;2;1;9;5
202200004667;805 672;7;0;2;1;9;1
202200004668;805 669;7;0;2;3;1;1
202200004668;805 670;33;0;2;3;13;1
202200004669;805 667;7;0;2;8;1;1
202200004669;805 668;31;0;2;8;17;1
202200004670;805 665;7;0;2;4;2;1
202200004670;805 666;7;0;2;1;1;1
202200004671;805 663;7;0;2;2;15;1
202200004671;805 664;7;0;2;1;1;1
202200004672;805 661;7;0;2;1;16;1
202200004672;805 662;14;0;2;1;5;1
202200004673;805 657;33;0;2;1;3;1
202200004673;805 658;7;0;2;6;23;1
202200004674;805 656;50;0;0;1;0;3
202200004675;805 654;7;0;2;2;16;1
202200004675;805 655;1;0;2;8;1;5
202200004676;805 653;37;0;1;0;1;6
202200004677;805 651;7;0;2;1;1;1
202200004677;805 652;7;0;2;8;15;1
202200004678;805 650;7;16;0;1;16;1
202200004679;805 646;7;0;2;1;1;0
202200004679;805 647;33;0;2;2;1;1
202200004680;805 645;7;0;1;2;15;2
202200004681;805 643;7;0;9;1;26;1
202200004681;805 644;1;0;2;1;19;5
202200004682;805 641;32;0;2;8;19;1
202200004682;805 642;7;0;2;1;19;1
202200004683;805 639;7;0;2;3;5;1
202200004683;805 640;14;0;2;3;1;1
202200004684;805 637;7;0;0;1;1;1
202200004684;805 638;7;0;0;7;15;1
202200004685;805 635;7;0;2;1;1;1
202200004685;805 636;33;0;2;9;1;1
202200004686;805 633;1;0;2;3;1;5
202200004686;805 634;7;0;2;3;1;1
202200004687;805 632;7;0;1;7;2;3
202200004688;805 630;7;0;2;1;15;2
202200004688;805 631;7;0;2;5;1;1
202200004689;805 627;33;0;2;2;3;1
202200004689;805 628;7;0;2;3;11;1
202200004689;805 629;10;0;2;8;1;1
202200004690;805 625;43;0;2;3;3;1
202200004690;805 626;7;0;2;7;1;1
202200004691;805 623;7;0;2;2;12;1
202200004691;805 624;33;0;2;1;18;1
202200004692;805 621;7;0;2;2;14;1
202200004692;805 622;32;0;2;8;1;1
202200004693;805 619;7;0;2;3;1;1
202200004693;805 620;7;0;2;5;23;1
202200004694;805 618;30;0;0;0;1;1
202200004695;805 616;1;0;2;8;9;5
202200004695;805 617;7;0;2;3;15;3
202200004696;805 614;7;0;2;1;1;1
202200004696;805 615;7;0;2;4;23;1
202200004697;805 613;80;0;1;1;5;3
202200004698;805 612;37;0;2;0;21;1
202200004699;805 610;32;0;2;2;17;1
202200004699;805 611;30;0;2;6;15;1
202200004700;805 608;7;0;2;1;23;1
202200004700;805 609;33;0;2;6;1;1
202200004701;805 606;7;0;2;2;2;1
202200004701;805 607;32;0;2;4;2;1
202200004702;805 605;43;0;0;1;1;1
202200004703;805 603;10;0;2;7;10;1
202200004703;805 604;10;0;;1;1;1
202200004704;805 601;30;0;2;1;1;1
202200004704;805 602;7;0;2;1;20;1
202200004705;805 599;32;0;2;1;1;1
202200004705;805 600;10;0;2;0;1;1
202200004706;805 597;7;0;2;3;9;1
202200004706;805 598;33;0;2;1;1;1
202200004707;805 596;33;8;2;1;7;1
202200004708;805 594;33;0;2;7;16;1
202200004708;805 595;7;0;2;3;2;2
202200004709;805 593;7;0;1;1;1;1
202200004710;805 592;7;8;1;0;0;1
202200004711;805 590;33;1;0;3;2;1
202200004711;805 591;7;0;2;5;23;1
202200004712;805 589;7;9;0;1;2;1
202200004713;805 587;7;0;2;3;15;1
202200004713;805 588;30;0;2;1;1;1
202200004714;805 586;13;0;1;0;9;0
202200004715;805 584;7;0;2;0;2;0
202200004715;805 585;30;0;2;0;2;1
202200004716;805 582;10;0;2;3;1;1
202200004716;805 583;7;0;2;2;1;1
202200004717;805 580;34;0;2;1;17;1
202200004717;805 581;10;0;2;8;15;1
202200004718;805 578;7;0;2;1;15;1
202200004718;805 579;7;0;0;8;1;1
202200004719;805 577;7;0;1;2;1;1
202200004720;805 575;43;8;0;5;17;1
202200004720;805 576;7;8;0;3;1;1
202200004721;805 573;33;0;2;1;1;1
202200004721;805 574;7;0;2;2;15;1
202200004722;805 571;10;0;2;3;15;1
202200004722;805 572;33;0;2;1;17;1
202200004723;805 569;15;0;2;6;2;1
202200004723;805 570;7;0;2;2;2;1
202200004724;805 568;1;12;0;1;14;5
202200004725;805 567;31;0;0;9;1;1
202200004726;805 564;7;0;0;9;0;1
202200004727;805 562;7;0;2;3;1;1
202200004727;805 563;7;13;0;8;14;1
202200004728;805 560;10;0;2;1;1;1
202200004728;805 561;7;3;0;8;19;1
202200004729;805 559;2;9;0;1;1;1
202200004730;805 558;7;2;0;8;1;1
202200004731;805 556;7;0;2;1;1;1
202200004731;805 557;7;4;2;4;1;1
202200004732;805 554;50;0;2;1;13;3
202200004732;805 555;7;0;2;8;1;1
202200004733;805 553;7;13;0;1;15;1
202200004734;805 551;7;0;2;2;17;1
202200004734;805 552;7;0;0;3;15;1
202200004735;805 549;7;0;1;1;1;1
202200004736;805 548;10;0;2;2;1;1
202200004736;805 550;10;0;2;1;1;1
202200004737;805 544;7;0;2;3;1;1
202200004737;805 547;7;0;2;1;1;1
202200004738;805 540;7;0;0;3;1;1
202200004738;805 542;33;0;2;1;1;1
202200004739;805 541;7;0;1;1;15;1
202200004740;805 538;7;0;2;3;1;1
202200004740;805 539;21;2;2;3;1;1
202200004741;805 536;7;13;0;7;1;1
202200004742;805 535;7;0;2;1;15;1
202200004742;805 537;31;0;2;1;1;1
202200004743;805 534;7;0;1;1;1;1
202200004744;805 531;7;0;1;1;1;1
202200004745;805 532;7;0;2;6;1;1
202200004745;805 533;7;0;2;7;15;1
202200004746;805 530;33;13;0;9;1;1
202200004747;805 527;10;0;2;6;26;1
202200004747;805 528;7;0;2;2;21;1
202200004748;805 526;7;0;4;9;19;1
202200004748;805 529;40;0;2;2;19;3
202200004749;805 525;33;3;0;7;1;1
202200004750;805 522;7;0;2;8;15;1
202200004750;805 524;33;0;2;1;1;1
202200004751;805 521;10;2;0;1;0;1
202200004752;805 518;7;0;2;7;16;1
202200004752;805 520;2;0;2;1;18;1
202200004753;805 517;7;0;1;3;13;1
202200004754;805 515;33;0;2;1;1;1
202200004754;805 516;7;0;0;5;15;1
202200004755;805 513;1;0;2;4;1;5
202200004755;805 514;7;0;2;1;2;1
202200004756;805 510;30;0;2;8;3;1
202200004756;805 512;7;0;2;1;15;1
202200004757;805 508;7;0;2;2;19;1
202200004757;805 511;33;0;2;1;1;1
202200004758;805 507;37;0;2;3;24;1
202200004758;805 509;7;1;0;3;9;1
202200004759;805 505;7;0;0;9;1;1
202200004760;805 504;7;3;2;2;9;1
202200004760;805 506;7;0;2;6;2;1
202200004761;805 502;36;8;0;3;1;1
202200004762;805 501;7;0;2;3;9;2
202200004762;805 503;31;0;2;1;1;1
202200004763;805 499;7;0;9;1;1;1
202200004763;805 500;50;0;2;2;1;3
202200004764;805 498;7;0;1;3;0;1
202200004765;805 495;7;0;2;1;19;1
202200004765;805 497;7;0;2;3;15;1
202200004766;805 494;2;0;6;1;1;1
202200004767;805 493;0;0;2;8;2;0
202200004767;805 496;33;4;2;7;2;0
202200004768;805 488;50;0;2;1;25;3
202200004768;805 491;7;0;2;7;16;1
202200004769;805 489;32;0;2;1;1;1
202200004769;805 492;7;0;2;4;0;0
202200004770;805 487;7;6;0;7;0;1
202200004771;805 485;7;0;1;3;1;1
202200004772;805 482;1;0;2;4;1;5
202200004772;805 484;7;0;2;7;1;1
202200004773;805 483;7;1;0;1;1;1
202200004774;805 481;7;2;0;1;1;1
202200004775;805 480;7;16;0;9;14;1
202200004776;805 477;7;0;2;3;2;1
202200004776;805 479;7;0;2;1;15;1
202200004777;805 476;7;0;9;2;16;1
202200004777;805 478;1;0;2;0;2;5
202200004778;805 475;33;7;0;1;1;1
202200004779;805 471;7;0;2;7;10;0
202200004779;805 474;34;0;2;1;1;1
202200004780;805 470;7;0;2;1;1;1
202200004780;805 472;7;0;2;8;0;1
202200004781;805 469;7;2;2;8;13;1
202200004781;805 473;7;0;2;5;1;1
202200004782;805 467;32;0;0;4;23;1
202200004782;805 468;30;0;2;1;1;1
202200004783;805 465;7;6;0;1;17;1
202200004784;805 458;99;16;2;1;2;1
202200004784;805 463;99;10;2;1;26;1
202200004785;805 460;1;0;2;1;1;5
202200004785;805 461;7;0;2;8;1;1
202200004786;805 457;7;0;2;1;1;1
202200004786;805 459;7;0;2;3;10;1
202200004787;805 455;7;0;0;0;1;1
202200004788;805 453;7;0;2;1;1;1
202200004788;805 456;1;0;2;8;19;5
202200004789;805 452;32;0;2;1;1;1
202200004789;805 454;7;0;2;3;15;1
202200004790;805 451;7;0;1;1;26;1
202200004791;805 450;2;1;0;1;1;1
202200004792;805 449;7;0;1;3;15;1
202200004793;805 447;7;0;1;3;1;1
202200004794;805 445;7;0;2;1;1;1
202200004794;805 448;14;0;0;4;1;1
202200004795;805 444;10;0;2;1;2;1
202200004795;805 446;7;0;2;4;2;1
202200004796;805 441;31;0;2;1;15;1
202200004796;805 442;7;0;2;1;1;1
202200004797;805 440;10;3;0;3;14;1
202200004798;805 439;2;0;2;1;14;1
202200004798;805 443;7;0;2;3;23;1
202200004799;805 438;15;3;0;2;2;1
202200004800;805 435;7;0;2;3;18;1
202200004800;805 436;7;0;2;7;16;1
202200004801;805 434;31;0;2;8;1;1
202200004801;805 437;10;0;2;8;15;1
202200004802;805 431;32;0;0;1;1;1
202200004803;805 432;7;0;0;2;21;1
202200004804;805 427;7;0;1;8;1;1
202200004805;805 426;7;0;2;3;15;1
202200004805;805 428;32;0;2;1;17;1
202200004806;805 425;7;16;0;9;1;1
202200004807;805 423;30;0;2;1;2;1
202200004807;805 424;7;0;2;6;23;2
202200004808;805 420;7;0;2;1;1;1
202200004808;805 422;7;0;2;2;15;1
202200004809;805 418;7;1;0;1;13;1
202200004810;805 417;7;0;2;2;10;1
202200004810;805 419;43;0;2;1;1;1
202200004811;805 414;1;0;2;3;1;5
202200004811;805 416;7;0;2;5;1;1
202200004812;805 413;7;0;2;3;0;1
202200004812;805 415;31;0;2;1;13;1
202200004813;805 412;7;0;1;1;1;1
202200004814;805 411;7;2;0;1;0;1
202200004815;805 409;7;0;1;4;4;2
202200004816;805 408;7;0;0;1;16;2
202200004816;805 410;7;0;0;1;15;1
202200004817;805 405;32;14;0;0;0;1
202200004818;805 404;32;0;2;1;13;1
202200004818;805 406;30;0;2;1;1;1
202200004819;805 402;7;0;2;4;21;1
202200004819;805 403;7;0;2;4;1;1
202200004819;805 407;7;0;2;1;2;1
202200004820;805 399;7;0;1;3;1;2
202200004821;805 398;33;0;2;3;17;1
202200004821;805 401;7;0;2;3;15;1
202200004822;805 397;7;0;2;4;1;1
202200004822;805 400;7;0;2;1;1;1
202200004823;805 394;2;0;1;1;1;0
202200004824;805 392;7;0;2;1;1;1
202200004824;805 396;7;0;2;2;1;1
202200004825;805 393;1;0;2;1;1;5
202200004825;805 395;7;0;2;6;23;1
202200004826;805 389;7;0;1;1;1;1
202200004827;805 390;37;0;1;1;7;1
202200004828;805 386;7;1;0;2;14;1
202200004828;805 388;7;0;2;1;1;1
202200004828;805 391;15;0;0;6;24;1
202200004829;805 385;32;0;1;3;21;1
202200004830;805 384;7;0;2;1;9;
202200004830;805 387;1;0;2;1;1;5
202200004831;805 382;7;1;2;1;1;1
202200004832;805 380;33;3;0;1;0;1
202200004833;805 379;40;0;2;1;1;2
202200004833;805 381;7;0;4;8;1;1
202200004834;805 377;7;0;2;7;16;0
202200004834;805 378;2;0;2;2;7;3
202200004835;805 373;33;15;0;1;1;1
202200004836;805 375;38;0;1;1;1;1
202200004837;805 372;7;0;2;5;22;1
202200004837;805 374;50;0;2;1;18;3
202200004838;805 371;50;0;0;0;0;3
202200004839;805 368;7;13;0;0;1;1
202200004840;805 366;7;0;2;1;9;1
202200004840;805 370;7;0;2;3;1;1
202200004841;805 367;30;0;2;1;1;1
202200004841;805 369;7;0;2;7;15;2
202200004842;805 364;7;0;0;8;15;1
202200004842;805 365;7;0;2;3;17;1
202200004843;805 363;7;0;1;6;1;2
202200004844;805 360;7;0;0;6;1;1
202200004844;805 361;33;0;2;1;1;1
202200004845;805 359;7;0;2;3;1;1
202200004845;805 362;7;0;2;1;1;1
202200004846;805 358;50;0;1;1;25;3
202200004847;805 355;14;0;2;8;1;1
202200004847;805 357;43;0;2;1;13;1
202200004848;805 354;7;0;1;3;1;1
202200004849;805 353;10;0;2;2;1;1
202200004849;805 356;7;0;2;3;0;1
202200004850;805 352;7;13;0;0;0;1
202200004851;805 350;7;1;0;2;1;1
202200004852;805 349;32;0;2;1;1;1
202200004852;805 351;7;2;2;1;13;1
202200004853;805 345;7;0;2;5;15;1
202200004853;805 348;33;0;2;1;1;1
202200004854;805 344;7;0;2;1;1;1
202200004854;805 347;7;0;2;8;19;1
202200004855;805 343;7;0;2;1;10;1
202200004855;805 346;7;1;2;1;1;1
202200004856;805 342;7;0;1;1;1;1
202200004857;805 341;33;6;0;0;0;0
202200004858;805 339;7;1;0;3;0;1
202200004859;805 338;7;0;2;4;10;1
202200004859;805 340;31;0;2;1;1;1
202200004860;805 337;7;0;1;1;1;1
202200004861;805 334;1;0;2;7;1;5
202200004861;805 336;7;0;2;3;0;0
202200004862;805 331;33;0;2;1;1;1
202200004862;805 333;7;0;2;8;15;0
202200004863;805 330;10;0;2;4;1;1
202200004863;805 332;7;0;2;1;12;1
202200004864;805 329;7;0;1;1;1;1
202200004865;805 325;10;0;2;1;1;1
202200004865;805 327;7;0;2;4;2;1
202200004866;805 324;7;0;2;4;23;1
202200004866;805 326;10;0;2;1;1;1
202200004867;805 323;7;0;2;3;15;1
202200004867;805 328;2;0;2;1;1;1
202200004868;805 320;7;0;2;1;2;1
202200004868;805 322;7;0;2;4;2;1
202200004869;805 319;7;0;1;3;1;1
202200004870;805 318;7;0;0;3;1;1
202200004870;805 321;1;0;0;0;19;5
202200004871;805 316;7;0;2;4;2;1
202200004871;805 317;10;0;2;1;2;1
202200004872;805 314;7;0;1;1;16;1
202200004873;805 313;7;0;2;1;15;1
202200004873;805 315;37;0;2;2;1;1
202200004874;805 311;7;0;2;7;1;1
202200004874;805 312;7;0;2;2;1;0
202200004875;805 309;7;0;1;1;1;1
202200004876;805 308;7;0;9;1;16;1
202200004876;805 310;1;0;2;8;1;5
202200004877;805 306;7;0;0;4;2;1
202200004877;805 307;7;0;2;1;2;1
202200004878;805 305;7;0;1;3;26;1
202200004879;805 304;7;4;0;1;12;1
202200004880;805 302;7;0;2;1;1;1
202200004881;805 300;10;0;2;1;1;1
202200004881;805 303;7;0;2;4;3;1
202200004882;805 299;33;0;2;1;2;1
202200004882;805 301;7;0;2;4;2;1
202200004883;805 297;15;0;2;0;0;0
202200004883;805 298;33;0;2;5;3;1
202200004884;805 295;7;0;2;8;10;1
202200004884;805 296;33;0;2;1;1;0
202200004885;805 292;33;15;9;1;1;1
202200004885;805 294;7;0;2;4;15;1
202200004886;805 288;7;0;0;2;15;1
202200004886;805 290;33;0;2;0;1;1
202200004887;805 289;7;0;2;0;0;0
202200004887;805 291;7;0;2;4;1;0
202200004887;805 293;10;0;2;2;11;0
202200004888;805 286;7;0;1;6;4;1
202200004889;805 285;15;3;0;1;1;1
202200004890;805 284;2;0;2;7;1;1
202200004890;805 287;15;0;2;1;15;1
202200004891;805 280;7;0;2;6;2;1
202200004891;805 282;17;0;2;1;12;1
202200004892;805 278;3;12;0;4;16;1
202200004892;805 283;3;1;2;1;2;1
202200004893;805 279;7;0;2;1;2;1
202200004893;805 281;7;0;2;4;2;1
202200004894;805 275;7;15;0;2;16;1
202200004895;805 274;7;5;0;1;0;1
202200004896;805 276;50;0;2;1;1;3
202200004896;805 277;50;0;2;1;1;3
202200004897;805 271;7;0;1;0;1;0
202200004898;805 270;7;0;2;8;1;1
202200004898;805 272;7;0;2;1;1;1
202200004899;805 269;33;0;2;1;2;1
202200004899;805 273;21;0;0;5;1;1
202200004900;805 266;7;0;2;3;1;1
202200004900;805 268;7;0;2;1;1;1
202200004901;805 265;80;0;2;1;9;3
202200004901;805 267;7;0;2;2;1;1
202200004902;805 263;7;0;1;1;15;1
202200004903;805 261;7;4;0;2;1;1
202200004904;805 260;7;0;2;4;2;1
202200004904;805 262;7;0;2;4;2;1
202200004904;805 264;7;0;2;1;2;1
202200004905;805 258;7;0;9;2;9;2
202200004905;805 259;1;0;2;8;5;5
202200004906;805 257;7;13;0;9;13;1
202200004907;805 255;7;0;2;7;1;1
202200004907;805 256;1;0;2;1;26;5
202200004908;805 253;7;0;1;1;1;1
202200004909;805 251;7;4;2;9;1;1
202200004909;805 254;7;0;2;8;1;2
202200004910;805 250;33;0;2;1;17;1
202200004910;805 252;7;0;2;3;15;1
202200004911;805 248;7;0;1;6;4;1
202200004912;805 249;7;0;1;0;1;1
202200004913;805 246;7;0;2;1;1;1
202200004913;805 247;1;0;2;7;1;5
202200004914;805 243;7;0;9;3;22;1
202200004914;805 245;1;1;0;7;1;5
202200004915;805 242;33;0;2;2;1;1
202200004915;805 244;7;0;2;3;9;2
202200004916;805 240;7;0;2;2;1;1
202200004916;805 241;33;0;2;0;16;0
202200004917;805 238;7;0;0;2;1;1
202200004918;805 239;7;8;0;1;26;0
202200004919;805 237;33;0;0;8;1;1
202200004920;805 235;7;0;1;0;0;1
202200004921;805 234;7;0;9;0;1;1
202200004921;805 236;30;0;2;0;1;1
202200004922;805 231;32;0;2;1;3;1
202200004922;805 233;7;0;2;6;11;1
202200004923;805 229;7;0;2;3;16;1
202200004923;805 232;31;0;2;1;1;1
202200004924;805 224;7;0;1;3;1;1
202200004925;805 225;7;0;2;1;2;1
202200004925;805 227;7;0;2;4;2;1
202200004926;805 223;7;0;2;4;23;1
202200004926;805 226;7;0;2;1;23;1
202200004926;805 228;7;0;2;1;23;1