Num_Acc;id_vehicule;categorie_vehicule;obstacle_fixe;obstacle_mobile;point_choc_initial;manoeuvre_principale;motorisation
202200004926;805 230;37;0;2;1;1;1
202200004927;805 219;7;12;0;1;15;1
202200004928;805 220;7;0;2;3;22;1
202200004928;805 222;1;0;2;1;1;5
202200004929;805 218;7;3;2;1;1;1
202200004929;805 221;7;2;2;1;13;1
202200004930;805 215;7;0;2;1;2;1
202200004930;805 217;7;0;2;4;23;1
202200004931;805 216;7;0;1;7;1;0
202200004932;805 214;33;11;0;1;1;1
202200004933;805 211;7;0;2;8;22;1
202200004933;805 213;80;0;2;1;1;3
202200004934;805 208;7;0;2;3;1;1
202200004934;805 210;7;0;2;1;1;1
202200004934;805 212;7;0;2;1;13;1
202200004935;805 207;1;0;0;8;1;5
202200004935;805 209;7;0;0;0;15;1
202200004936;805 205;7;14;0;1;13;1
202200004937;805 204;7;0;2;3;3;1
202200004937;805 206;7;0;2;3;0;1
202200004938;805 203;7;0;1;7;14;1
202200004939;805 202;2;15;0;1;0;1
202200004940;805 200;33;0;0;0;1;1
202200004941;805 199;32;1;2;2;17;1
202200004941;805 201;7;0;2;3;9;1
202200004942;805 198;7;0;1;1;2;1
202200004943;805 194;7;0;2;1;1;1
202200004943;805 197;7;0;2;4;11;1
202200004944;805 193;7;8;0;8;13;1
202200004945;805 195;10;0;2;7;14;1
202200004945;805 196;1;0;2;8;1;5
202200004946;805 191;33;0;0;3;1;1
202200004947;805 189;7;0;2;2;15;1
202200004947;805 192;32;0;2;1;1;1
202200004948;805 187;7;0;2;2;1;1
202200004948;805 190;50;0;2;7;19;3
202200004949;805 186;33;0;2;5;21;1
202200004949;805 188;10;0;2;3;15;1
202200004950;805 185;7;0;0;9;1;1
202200004951;805 184;7;0;1;2;1;1
202200004952;805 183;7;3;0;8;1;1
202200004953;805 182;7;0;1;3;1;1
202200004954;805 180;7;0;0;3;26;1
202200004955;805 178;7;0;2;8;15;2
202200004955;805 181;32;0;2;1;17;1
202200004956;805 174;7;0;1;1;1;1
202200004957;805 175;33;0;2;7;1;1
202200004957;805 177;7;0;2;3;15;1
202200004958;805 173;7;0;0;4;2;1
202200004958;805 176;2;14;0;1;2;1
202200004959;805 171;7;0;2;0;15;1
202200004959;805 172;31;0;2;7;17;1
202200004960;805 168;30;0;2;1;9;1
202200004960;805 170;7;0;2;3;9;1
202200004961;805 169;7;2;0;8;1;1
202200004962;805 166;7;0;2;3;17;1
202200004962;805 167;31;0;2;7;15;1
202200004963;805 162;7;0;0;6;2;1
202200004963;805 164;33;1;2;1;2;1
202200004964;805 163;7;0;2;3;13;1
202200004964;805 165;1;0;2;1;13;5
202200004965;805 160;10;0;2;1;2;1
202200004965;805 161;7;0;2;4;23;1
202200004966;805 159;7;17;0;3;13;1
202200004967;805 157;7;0;2;1;1;1
202200004967;805 158;7;0;2;4;1;1
202200004968;805 154;33;0;2;1;17;1
202200004968;805 155;7;0;2;3;15;1
202200004969;805 153;10;0;2;8;1;1
202200004969;805 156;32;0;2;1;1;1
202200004970;805 152;50;0;0;0;0;3
202200004971;805 150;14;0;1;6;15;1
202200004972;805 149;7;0;2;4;20;1
202200004972;805 151;7;0;2;1;1;1
202200004973;805 147;7;0;2;1;1;1
202200004973;805 148;7;0;2;7;13;1
202200004974;805 144;7;0;2;1;19;1
202200004974;805 145;7;0;2;8;19;1
202200004975;805 142;7;0;2;0;0;1
202200004975;805 143;7;0;2;2;1;1
202200004976;805 140;7;0;0;6;2;1
202200004976;805 141;7;0;2;2;2;1
202200004977;805 138;7;3;0;8;1;1
202200004978;805 137;33;0;2;1;2;1
202200004978;805 139;7;0;2;4;1;1
202200004979;805 135;7;0;0;9;13;1
202200004980;805 134;50;0;2;1;2;3
202200004980;805 136;7;0;2;3;16;1
202200004981;805 133;34;11;0;0;1;1
202200004982;805 131;7;0;2;1;16;1
202200004982;805 132;7;0;2;7;15;3
202200004983;805 130;33;0;0;0;23;1
202200004984;805 126;99;0;2;2;12;0
202200004984;805 128;1;0;2;3;1;5
202200004985;805 127;10;0;2;3;2;1
202200004985;805 129;32;0;2;2;1;1
202200004986;805 124;7;0;1;1;1;1
202200004987;805 122;33;0;2;8;1;1
202200004987;805 123;7;0;2;3;15;1
202200004987;805 125;7;0;0;8;23;1
202200004988;805 121;14;0;1;7;0;0
202200004989;805 119;21;0;2;4;1;1
202200004989;805 120;10;0;2;1;2;1
202200004990;805 116;7;0;0;0;0;0
202200004990;805 118;30;0;2;1;1;1
202200004991;805 115;10;0;2;3;13;1
202200004991;805 117;7;0;2;3;1;1
202200004992;805 113;2;6;0;1;0;1
202200004993;805 112;7;0;2;4;2;2
202200004993;805 114;10;0;2;1;2;1
202200004994;805 111;7;0;1;4;24;1
202200004995;805 110;7;0;1;7;1;2
202200004996;805 109;2;11;0;1;1;1
202200004997;805 107;33;3;0;0;1;1
202200004998;805 106;99;0;2;1;1;3
202200004998;805 108;7;0;2;5;1;2
202200004999;805 104;1;0;2;8;1;5
202200004999;805 105;7;0;2;2;17;1
202200005000;805 101;32;0;2;0;0;1
202200005000;805 103;7;0;2;3;1;1
202200005001;805 100;33;0;2;1;1;1
202200005001;805 102;33;0;2;1;17;1
202200005002;805 098;50;0;2;1;2;3
202200005002;805 099;34;0;2;8;15;1
202200005003;805 097;7;0;1;0;15;1
202200005004;805 096;7;0;1;1;1;1
202200005005;805 095;32;0;1;2;1;3
202200005006;805 094;2;0;6;1;1;1
202200005007;805 092;30;0;2;1;2;1
202200005007;805 093;7;0;0;4;2;1
202200005008;805 091;7;0;9;1;2;1
202200005009;805 088;7;15;0;7;14;1
202200005010;805 089;10;0;2;7;6;1
202200005010;805 090;30;0;2;1;3;1
202200005011;805 086;7;0;1;2;1;1
202200005012;805 085;7;0;2;4;1;1
202200005012;805 087;7;0;2;4;1;1
202200005013;805 081;7;0;0;1;1;1
202200005013;805 084;7;1;2;1;5;1
202200005014;805 078;7;0;2;0;0;1
202200005014;805 079;10;0;2;4;1;1
202200005014;805 080;7;0;2;4;2;1
202200005014;805 082;7;0;2;4;2;1
202200005014;805 083;7;0;2;1;1;1
202200005015;805 077;7;0;1;1;1;1
202200005016;805 075;33;0;1;0;17;1
202200005017;805 072;7;0;2;5;2;2
202200005017;805 073;33;0;2;1;2;1
202200005017;805 074;33;0;2;1;2;0
202200005017;805 076;10;0;2;7;2;1
202200005018;805 071;2;0;0;0;0;1
202200005019;805 069;7;2;0;1;1;1
202200005020;805 068;7;0;2;4;2;1
202200005020;805 070;7;0;2;1;2;1
202200005021;805 066;33;0;0;9;9;1
202200005022;805 065;7;0;2;3;14;1
202200005022;805 067;7;0;2;6;2;1
202200005023;805 064;7;13;0;2;14;1
202200005024;805 059;7;0;2;4;2;1
202200005024;805 061;7;0;2;4;2;1
202200005024;805 062;7;0;2;1;2;1
202200005024;805 063;7;0;2;1;2;1
202200005025;805 057;7;0;2;3;1;1
202200005025;805 058;7;0;2;3;21;2
202200005025;805 060;7;0;2;3;9;1
202200005026;805 056;33;16;0;7;1;1
202200005027;805 055;7;8;0;1;1;1
202200005028;805 053;7;0;2;0;0;1
202200005028;805 054;7;0;2;0;0;1
202200005029;805 050;7;0;2;3;1;1
202200005029;805 052;20;0;0;6;1;1
202200005030;805 049;7;0;2;6;1;1
202200005030;805 051;7;0;2;1;1;1
202200005031;805 047;7;4;0;1;1;1
202200005032;805 048;3;8;0;2;1;1
202200005033;805 042;7;0;2;4;1;1
202200005033;805 045;7;0;2;1;1;1
202200005034;805 043;7;0;2;5;9;1
202200005034;805 046;33;0;2;1;1;1
202200005035;805 041;7;1;0;1;2;1
202200005035;805 044;7;0;0;4;23;1
202200005036;805 040;7;3;0;3;1;2
202200005037;805 038;2;0;0;0;0;1
202200005038;805 034;33;0;2;1;7;1
202200005038;805 037;7;0;2;7;16;1
202200005039;805 036;10;0;2;6;1;1
202200005039;805 039;7;0;2;1;13;1
202200005040;805 033;33;0;2;1;1;1
202200005040;805 035;7;0;2;8;15;1
202200005041;805 028;7;0;2;3;1;1
202200005041;805 030;50;0;2;1;1;3
202200005042;805 025;10;0;2;1;1;1
202200005042;805 027;7;13;2;6;1;1
202200005042;805 029;7;0;2;1;1;1
202200005043;805 024;7;0;2;1;15;1
202200005043;805 026;31;0;2;7;1;1
202200005044;805 023;7;12;0;2;21;1
202200005045;805 019;2;0;2;1;3;1
202200005045;805 021;7;0;2;3;15;1
202200005046;805 018;7;3;2;3;1;1
202200005046;805 020;14;1;0;4;1;1
202200005046;805 022;7;14;0;1;1;1
202200005047;805 017;7;0;2;1;15;1
202200005048;805 015;7;0;2;1;19;1
202200005048;805 016;1;0;2;7;1;5
202200005049;805 013;15;0;2;1;1;1
202200005049;805 014;7;0;2;1;13;1
202200005050;805 010;0;0;2;0;0;0
202200005050;805 011;10;0;2;3;15;1
202200005051;805 005;7;8;0;2;1;1
202200005052;805 004;7;0;2;4;2;1
202200005052;805 006;7;0;2;4;2;1
202200005052;805 008;7;0;2;4;26;1
202200005052;805 012;7;1;0;1;26;1
202200005053;804 999;32;0;2;8;1;1
202200005053;805 002;7;0;2;3;15;1
202200005054;804 998;7;0;2;1;5;1
202200005054;805 001;7;0;2;1;1;1
202200005054;805 003;7;0;2;1;1;1
202200005055;804 997;30;0;2;1;9;1
202200005055;805 000;7;16;0;0;0;0
202200005056;804 996;7;0;1;3;1;1
202200005057;804 991;2;0;0;1;1;1
202200005057;804 994;7;0;2;1;15;1
202200005058;804 990;3;0;2;1;2;1
202200005058;804 993;3;0;2;5;16;1
202200005059;804 988;2;0;0;6;5;1
202200005059;804 989;7;0;2;3;1;1
202200005060;804 987;7;0;1;2;1;1
202200005061;804 985;1;0;2;4;16;5
202200005061;804 986;7;0;2;2;14;1
202200005062;804 983;7;0;1;1;1;1
202200005063;804 982;7;0;2;2;19;1
202200005063;804 984;31;0;2;1;1;1
202200005064;804 981;7;0;0;0;1;1
202200005065;804 979;7;2;9;1;1;1
202200005066;804 978;7;0;0;1;1;1
202200005067;804 977;7;0;2;1;1;1
202200005067;804 980;7;0;2;2;9;1
202200005068;804 975;1;0;2;7;1;5
202200005068;804 976;7;0;9;1;9;1
202200005069;804 974;7;15;0;1;14;1
202200005070;804 972;10;4;0;3;1;1
202200005071;804 967;7;0;2;1;2;1
202200005071;804 969;7;10;2;3;1;1
202200005071;804 970;7;0;2;3;13;1
202200005072;804 965;30;0;2;8;15;1
202200005072;804 968;7;0;2;1;1;1
202200005073;804 963;7;4;2;2;14;1
202200005073;804 966;10;0;2;9;1;1
202200005074;804 962;2;7;0;1;14;1
202200005075;804 958;50;0;2;1;1;3
202200005075;804 960;7;0;2;1;9;1
202200005076;804 957;7;0;2;1;2;1
202200005076;804 959;7;0;2;4;1;1
202200005077;804 955;7;0;1;2;1;1
202200005078;804 951;2;0;0;0;1;1
202200005079;804 949;7;13;0;1;0;1
202200005080;804 948;33;0;2;8;1;1
202200005080;804 952;7;0;2;1;12;1
202200005081;804 946;7;2;0;1;1;1
202200005082;804 945;7;0;2;1;1;1
202200005082;804 947;7;0;2;4;0;3
202200005083;804 942;31;0;2;1;21;1
202200005083;804 944;80;0;2;4;10;3
202200005084;804 940;7;0;2;1;2;2
202200005084;804 941;7;0;2;4;2;1
202200005084;804 943;7;0;2;4;1;2
202200005085;804 938;30;12;0;3;2;1
202200005086;804 937;7;0;2;4;1;1
202200005086;804 939;7;0;2;1;1;1
202200005087;804 933;33;0;2;1;2;1
202200005087;804 935;7;0;2;4;12;1
202200005088;804 934;1;0;2;3;1;5
202200005088;804 936;7;0;2;1;15;1
202200005089;804 930;1;0;2;1;1;5
202200005089;804 931;30;0;2;1;1;1
202200005090;804 929;7;0;2;3;10;2
202200005090;804 932;2;0;2;1;17;1
202200005091;804 926;7;8;0;1;14;1
202200005092;804 925;7;0;2;1;1;1
202200005092;804 928;7;0;2;7;19;1
202200005093;804 924;7;4;0;9;13;1
202200005094;804 920;7;3;0;9;1;1
202200005095;804 916;50;0;2;1;25;3
202200005095;804 921;7;0;2;1;9;0
202200005096;804 917;7;0;0;4;26;1
202200005096;804 919;7;0;2;1;2;1
202200005097;804 913;7;0;2;3;1;1
202200005097;804 915;7;0;0;5;15;1
202200005098;804 910;7;0;1;2;1;1
202200005099;804 907;7;0;1;2;1;3
202200005100;804 908;7;0;2;4;1;1
202200005100;804 912;7;0;2;1;1;1
202200005101;804 909;7;0;2;3;10;1
202200005101;804 911;33;0;2;1;1;1
202200005102;804 905;80;0;2;1;0;3
202200005102;804 906;7;0;2;3;9;1
202200005103;804 904;7;0;1;1;1;1
202200005104;804 897;7;0;2;4;1;1
202200005104;804 900;7;0;2;2;9;1
202200005105;804 899;7;0;2;4;1;2
202200005105;804 902;7;0;2;1;2;1
202200005105;804 903;7;0;2;1;1;1
202200005106;804 895;7;0;2;4;1;1
202200005106;804 898;7;0;2;4;1;1
202200005106;804 901;17;0;2;1;1;1
202200005107;804 894;7;0;0;0;26;1
202200005108;804 891;7;0;1;2;15;1
202200005109;804 889;10;0;2;0;26;1
202200005109;804 892;10;0;2;0;0;0
202200005110;804 896;33;0;0;0;14;1
202200005111;804 886;7;0;2;2;16;1
202200005111;804 888;32;0;2;1;1;1
202200005112;804 890;7;0;2;0;0;3
202200005112;804 893;15;0;2;2;12;1
202200005113;804 884;7;0;2;4;1;1
202200005113;804 885;7;0;2;4;1;0
202200005113;804 887;10;0;2;1;1;1
202200005114;804 881;7;0;2;4;2;1
202200005114;804 882;7;0;2;1;2;1
202200005115;804 878;7;0;2;2;19;1
202200005115;804 883;2;0;2;1;1;1
202200005116;804 880;33;0;2;4;3;1
202200005117;804 876;7;0;2;4;2;1
202200005117;804 877;7;0;2;1;2;1
202200005118;804 874;13;0;2;4;1;1
202200005118;804 875;2;0;2;1;1;1
202200005119;804 870;30;0;1;1;7;1
202200005120;804 873;7;0;2;1;1;1
202200005121;804 869;10;0;2;1;2;1
202200005121;804 871;7;0;2;4;2;1
202200005122;804 872;31;0;2;1;1;1
202200005122;804 879;7;0;2;4;1;2
202200005123;804 864;17;0;2;1;9;1
202200005123;804 865;7;0;2;1;1;1
202200005124;804 863;1;0;2;0;0;5
202200005124;804 866;7;0;9;0;6;1
202200005124;804 868;7;0;9;0;1;1
202200005125;804 862;7;0;2;1;2;1
202200005125;804 867;7;0;2;4;2;1
202200005126;804 860;7;0;1;3;1;1
202200005127;804 859;33;0;0;9;1;1
202200005127;804 861;7;0;2;4;12;1
202200005128;804 856;33;14;0;1;17;1
202200005128;804 858;7;14;0;1;23;1
202200005129;804 857;7;0;2;3;2;1
202200005130;804 851;1;0;2;4;1;5
202200005130;804 853;7;0;2;1;1;1
202200005131;804 850;7;0;2;4;26;1
202200005131;804 854;7;0;2;1;1;1
202200005131;804 855;34;0;2;1;1;1
202200005132;804 846;33;0;2;1;1;1
202200005132;804 849;31;0;2;4;1;1
202200005133;804 844;7;0;2;4;2;2
202200005133;804 847;7;0;2;1;2;1
202200005134;804 845;7;0;2;3;9;1
202200005134;804 852;30;0;2;1;1;1
202200005135;804 841;7;8;0;1;13;1
202200005136;804 840;7;0;2;2;2;1
202200005136;804 842;7;0;2;6;1;1
202200005137;804 833;7;0;0;8;1;1
202200005137;804 837;1;0;2;1;19;5
202200005138;804 836;1;0;2;0;0;5
202200005138;804 838;7;0;2;2;16;1
202200005139;804 835;7;0;2;7;2;0
202200005139;804 839;7;0;2;8;1;1
202200005140;804 832;10;0;2;4;11;1
202200005140;804 834;33;0;2;1;3;1
202200005141;804 829;10;0;1;3;16;1
202200005142;804 830;43;0;0;8;1;1
202200005143;804 828;17;3;0;1;1;1
202200005144;804 827;2;0;2;1;15;1
202200005144;804 831;33;0;2;1;1;1
202200005145;804 823;2;0;2;1;1;1
202200005145;804 826;7;0;2;2;15;1
202200005146;804 820;7;0;2;3;13;1
202200005146;804 825;10;0;2;3;1;1
202200005147;804 819;7;0;0;4;2;2
202200005147;804 822;7;0;2;4;2;1
202200005147;804 824;10;0;2;1;2;1
202200005148;804 817;1;0;0;0;1;5
202200005149;804 818;7;0;2;1;15;2
202200005149;804 821;50;0;2;1;1;3
202200005150;804 815;7;0;2;1;13;1
202200005150;804 816;10;0;2;1;1;1
202200005151;804 810;7;0;2;3;9;1
202200005151;804 813;30;0;2;1;1;1
202200005152;804 811;7;0;1;1;15;1
202200005153;804 809;2;0;2;0;1;1
202200005153;804 812;7;0;2;0;15;1
202200005154;804 808;7;0;2;7;16;1
202200005154;804 814;99;0;2;8;0;3
202200005155;804 803;80;1;2;4;1;3
202200005155;804 806;7;0;2;2;2;1
202200005156;804 805;7;0;1;1;1;1
202200005157;804 804;7;0;2;0;0;0
202200005157;804 807;33;0;9;0;0;1
202200005158;804 799;7;0;2;2;1;1
202200005158;804 802;50;0;2;0;19;3
202200005159;804 801;7;13;0;8;13;1
202200005160;804 797;7;0;2;3;1;1
202200005160;804 800;7;0;2;1;15;3
202200005161;804 795;7;0;1;3;15;1
202200005162;804 796;7;0;2;2;1;0
202200005162;804 798;43;0;2;8;20;1
202200005163;804 793;7;1;0;2;14;1
202200005164;804 792;7;0;0;3;15;1
202200005164;804 794;7;0;2;3;1;1
202200005165;804 788;7;0;2;1;13;1
202200005165;804 790;7;0;2;1;1;1
202200005166;804 787;7;0;2;1;2;1
202200005166;804 791;7;0;2;4;2;2
202200005167;804 785;7;2;0;1;14;1
202200005168;804 786;7;0;2;1;19;1
202200005168;804 789;7;0;2;8;1;1
202200005169;804 781;33;0;2;1;2;1
202200005169;804 783;7;0;2;4;2;1
202200005170;804 782;7;0;9;2;1;1
202200005170;804 784;1;0;2;4;2;5
202200005171;804 779;7;6;0;1;13;1
202200005172;804 778;7;0;2;1;2;1
202200005172;804 780;7;0;2;4;2;1
202200005173;804 776;1;0;2;4;2;5
202200005173;804 777;7;0;2;3;2;1
202200005174;804 772;7;0;2;8;13;1
202200005174;804 775;7;0;2;1;1;1
202200005175;804 770;7;0;1;1;2;1
202200005176;804 769;10;0;2;3;15;1
202200005176;804 773;7;0;2;8;1;1
202200005177;804 767;7;0;2;1;1;1
202200005177;804 771;7;0;2;1;1;1
202200005177;804 774;7;0;2;1;1;1
202200005178;804 766;7;0;2;2;1;1
202200005178;804 768;30;0;2;1;18;1
202200005179;804 763;7;0;2;3;9;1
202200005179;804 765;1;0;2;1;6;5
202200005180;804 764;30;0;0;8;1;1
202200005181;804 759;7;0;2;8;15;1
202200005181;804 761;33;0;2;1;18;1
202200005182;804 758;1;0;2;1;0;5
202200005182;804 760;2;0;2;0;0;1
202200005183;804 757;7;0;2;8;15;1
202200005183;804 762;32;0;2;1;17;1
202200005184;804 755;7;0;2;1;13;1
202200005184;804 756;7;0;2;3;1;1
202200005185;804 753;7;13;0;0;1;1
202200005186;804 751;7;0;2;3;9;1
202200005186;804 754;50;0;2;1;1;3
202200005187;804 752;7;0;1;2;1;1
202200005188;804 749;33;0;2;1;1;1
202200005188;804 750;7;0;2;5;15;1
202200005189;804 745;30;0;0;1;26;1
202200005190;804 744;30;5;0;7;0;1
202200005191;804 743;3;0;1;1;15;1
202200005192;804 741;7;1;1;1;26;1
202200005193;804 746;7;0;2;2;15;1
202200005193;804 747;2;0;2;1;1;1
202200005194;804 737;7;0;2;2;2;1
202200005194;804 740;7;0;2;4;2;1
202200005194;804 742;7;0;2;1;17;1
202200005195;804 733;7;0;2;3;1;1
202200005195;804 736;7;0;2;2;15;1
202200005196;804 735;7;0;2;2;1;1
202200005196;804 739;50;0;2;2;1;3
202200005197;804 732;1;0;0;0;1;5
202200005198;804 734;7;0;2;4;2;1
202200005198;804 738;7;0;2;1;2;1
202200005199;804 727;2;0;2;3;1;3
202200005199;804 730;7;0;2;2;1;1
202200005200;804 728;7;0;2;1;13;1
202200005200;804 731;7;0;2;1;0;1
202200005201;804 725;33;15;0;1;1;1
202200005202;804 726;7;0;2;2;1;1
202200005202;804 729;99;0;2;7;18;3
202200005203;804 722;7;0;2;1;15;1
202200005203;804 724;33;0;2;8;1;1
202200005204;804 723;7;0;1;1;1;1
202200005205;804 721;2;9;0;7;1;1
202200005206;804 717;33;0;2;1;2;1
202200005206;804 719;7;0;2;4;2;1
202200005207;804 715;30;1;0;1;14;1
202200005208;804 716;7;0;9;3;15;1
202200005208;804 720;32;0;2;2;17;1
202200005209;804 718;7;0;1;3;1;1
202200005210;804 712;7;0;2;0;2;1
202200005210;804 714;50;0;2;0;2;3
202200005211;804 709;33;0;2;1;17;1
202200005211;804 713;3;0;2;1;1;1
202200005212;804 708;7;0;2;3;0;
202200005212;804 710;7;0;2;7;1;1
202200005213;804 706;7;1;0;1;1;1
202200005214;804 702;33;0;2;1;1;1
202200005214;804 705;7;0;2;4;1;1
202200005215;804 701;7;0;2;6;15;1
202200005215;804 703;34;0;2;3;17;
202200005216;804 699;2;0;1;0;1;1
202200005217;804 696;7;0;1;1;26;1
202200005218;804 698;33;1;0;1;0;1
202200005219;804 694;30;0;2;1;16;1
202200005219;804 697;14;0;2;3;1;1
202200005220;804 692;7;0;9;1;15;1
202200005220;804 693;33;0;2;1;1;1
202200005221;804 688;14;0;2;6;1;1
202200005221;804 691;10;0;2;2;2;1
202200005222;804 687;0;0;1;1;17;0
202200005223;804 690;7;0;2;8;1;1
202200005223;804 695;7;0;2;1;1;2
202200005224;804 686;31;0;2;7;17;1
202200005224;804 689;7;0;2;2;15;1
202200005225;804 685;7;0;1;2;26;1
202200005226;804 684;10;0;1;3;13;1
202200005227;804 683;32;14;0;7;16;1
202200005228;804 682;7;0;1;7;1;1
202200005229;804 675;1;0;2;0;2;5
202200005229;804 678;30;0;2;0;2;1
202200005230;804 679;33;0;2;3;0;1
202200005230;804 681;7;0;2;1;0;1
202200005231;804 674;7;0;2;1;0;1
202200005231;804 676;10;14;2;2;5;1
202200005232;804 671;7;0;1;3;15;1
202200005233;804 670;50;0;2;3;1;3
202200005233;804 672;30;0;2;2;15;1
202200005234;804 673;7;2;0;1;0;1
202200005235;804 668;33;0;2;5;3;1
202200005235;804 669;7;0;2;0;0;1
202200005236;804 666;7;0;1;1;1;1
202200005237;804 667;32;0;0;0;14;1
202200005238;804 661;50;0;2;1;1;3
202200005238;804 663;10;0;2;3;20;1
202200005239;804 662;7;0;2;3;0;3
202200005239;804 665;50;0;2;7;0;3
202200005240;804 660;7;0;2;3;1;1
202200005240;804 664;99;0;2;1;13;1
202200005241;804 656;33;0;2;1;2;1
202200005241;804 659;7;0;2;6;2;1
202200005242;804 657;10;0;1;4;20;3
202200005243;804 654;31;0;2;0;0;1
202200005243;804 658;7;0;2;5;15;1
202200005244;804 652;32;0;2;3;1;1
202200005244;804 655;7;0;2;3;1;1
202200005245;804 650;50;0;2;7;1;3
202200005245;804 653;7;0;2;3;9;1
202200005246;804 648;7;0;2;3;1;1
202200005246;804 649;30;0;2;3;13;1
202200005247;804 646;34;1;0;3;1;1
202200005248;804 647;99;8;0;1;13;1
202200005249;804 645;1;0;2;8;19;5
202200005249;804 651;7;0;9;2;16;1
202200005250;804 643;31;0;0;0;15;1
202200005251;804 641;50;0;2;8;1;3
202200005251;804 644;7;0;2;1;1;1
202200005252;804 640;7;0;1;3;1;1
202200005253;804 642;7;0;1;1;15;1
202200005254;804 635;50;0;2;1;1;3
202200005254;804 638;31;0;2;3;1;6
202200005255;804 634;10;0;2;1;1;1
202200005255;804 637;7;0;2;4;1;1
202200005256;804 633;7;0;2;1;15;1
202200005256;804 639;7;0;2;1;1;1
202200005257;804 632;7;0;2;4;1;1
202200005257;804 636;7;;;;0;
202200005258;804 630;33;0;2;1;16;1
202200005258;804 631;33;0;2;1;15;0
202200005259;804 628;7;0;2;7;17;0
202200005259;804 629;1;0;2;8;1;6
202200005260;804 623;7;0;0;6;16;0
202200005260;804 626;7;0;2;8;14;0
202200005261;804 624;7;0;2;2;1;1
202200005261;804 625;99;0;2;3;13;1
202200005262;804 620;7;0;2;3;18;1
202200005262;804 621;7;0;2;2;17;1
202200005263;804 618;7;0;1;0;0;0
202200005264;804 616;7;0;2;0;16;1
202200005264;804 619;31;0;2;1;17;1
202200005265;804 615;7;4;0;1;1;1
202200005266;804 613;7;0;0;9;1;1
202200005267;804 612;7;0;2;4;2;1
202200005267;804 617;7;0;2;1;2;1
202200005268;804 611;7;0;2;4;1;1
202200005268;804 614;7;0;2;1;1;1
202200005269;804 609;7;0;2;8;10;1
202200005269;804 610;32;0;2;1;1;1
202200005270;804 604;7;0;1;3;15;1
202200005271;804 605;10;0;2;3;13;1
202200005271;804 608;7;0;2;3;0;1
202200005272;804 607;7;4;0;1;6;1
202200005273;804 602;7;0;0;0;13;1
202200005274;804 603;7;0;2;2;1;1
202200005274;804 606;7;0;2;1;15;1
202200005275;804 597;7;0;2;4;2;1
202200005275;804 600;7;0;2;1;2;1
202200005276;804 596;7;0;2;5;15;1
202200005276;804 601;33;0;2;8;1;1
202200005277;804 594;7;0;2;9;1;1
202200005277;804 598;7;0;2;3;1;1
202200005278;804 593;7;0;2;1;2;1
202200005278;804 595;7;0;2;4;2;1
202200005278;804 599;7;0;2;4;2;1
202200005279;804 590;7;0;2;1;2;1
202200005279;804 592;7;0;2;4;2;1
202200005280;804 587;7;0;1;1;1;1
202200005281;804 589;7;6;0;1;15;1
202200005282;804 588;7;0;1;0;16;1
202200005283;804 586;7;0;2;4;1;1
202200005283;804 591;7;0;2;1;1;1
202200005284;804 578;50;0;2;0;0;3
202200005284;804 583;7;0;2;0;0;1
202200005285;804 580;7;5;0;1;1;1
202200005286;804 579;7;1;0;2;1;1
202200005287;804 577;7;0;2;2;1;1
202200005287;804 582;7;0;2;4;1;1
202200005287;804 585;7;0;2;4;1;1
202200005288;804 572;7;0;0;3;1;1
202200005288;804 576;30;0;9;0;1;1
202200005289;804 574;7;0;1;1;1;1
202200005290;804 569;7;0;2;3;13;1
202200005290;804 573;7;0;2;3;1;1
202200005291;804 571;7;0;2;8;1;1
202200005291;804 575;7;0;2;3;15;1
202200005292;804 568;32;0;2;1;17;1
202200005292;804 570;7;0;2;3;15;1
202200005293;804 565;7;0;2;3;1;1
202200005293;804 567;7;0;2;3;15;1
202200005294;804 562;7;0;2;1;0;1
202200005294;804 566;10;0;2;6;1;1
202200005295;804 563;7;0;2;1;1;1
202200005295;804 564;7;0;2;1;1;1
202200005296;804 559;7;0;1;1;1;1
202200005297;804 558;2;0;2;7;12;1
202200005297;804 561;7;0;2;3;9;1
202200005298;804 557;7;0;2;1;1;1
202200005298;804 560;7;0;2;1;13;1
202200005299;804 554;50;1;0;2;2;3
202200005299;804 556;10;0;9;3;22;1
202200005300;804 553;7;0;2;3;13;0
202200005300;804 555;31;0;2;8;1;1
202200005301;804 552;7;14;0;3;13;2
202200005302;804 551;7;0;1;1;20;1
202200005303;804 550;7;0;1;2;1;2
202200005304;804 547;31;0;6;9;1;1
202200005305;804 545;7;0;2;2;19;1
202200005305;804 548;3;0;2;9;2;1
202200005305;804 549;7;0;2;2;2;1
202200005306;804 543;33;0;2;7;16;1
202200005306;804 546;7;0;2;1;19;1
202200005307;804 541;7;0;9;1;1;1
202200005307;804 544;3;0;2;4;1;1
202200005308;804 537;7;0;2;3;9;1
202200005308;804 540;34;0;2;5;16;1
202200005309;804 539;7;0;2;1;2;1
202200005309;804 542;7;0;2;5;1;1
202200005310;804 536;7;0;0;5;15;1
202200005310;804 538;7;0;2;2;1;1
202200005311;804 534;7;4;0;1;1;1
202200005312;804 533;50;0;0;4;1;3
202200005312;804 535;10;0;2;1;14;1
202200005313;804 529;10;0;2;3;1;1
202200005313;804 532;10;0;2;1;1;2
202200005314;804 523;7;0;2;3;1;1
202200005314;804 526;7;0;2;3;15;1
202200005315;804 521;7;9;0;0;1;1
202200005316;804 522;7;0;2;3;9;1
202200005316;804 524;33;0;2;1;1;1
202200005317;804 530;15;6;0;3;1;1
202200005318;804 525;10;0;2;1;1;1
202200005318;804 528;14;9;0;8;1;1
202200005319;804 519;33;3;0;8;2;1
202200005320;804 527;33;0;2;1;1;1
202200005320;804 531;20;0;2;3;15;1
202200005321;804 520;7;0;1;1;1;1
202200005322;804 517;7;14;0;1;2;1
202200005323;804 518;33;0;0;8;26;1
202200005324;804 513;50;0;2;8;10;3