Num_Acc;id_vehicule;categorie_vehicule;obstacle_fixe;obstacle_mobile;point_choc_initial;manoeuvre_principale;motorisation
202200005324;804 516;7;0;2;1;17;1
202200005325;804 509;50;0;2;1;1;3
202200005325;804 510;7;0;2;4;23;2
202200005326;804 511;10;0;2;6;15;1
202200005326;804 515;31;0;2;1;2;1
202200005327;804 505;33;0;2;8;1;1
202200005327;804 508;7;0;2;3;15;1
202200005328;804 504;2;0;1;7;8;1
202200005329;804 503;7;0;2;8;15;1
202200005329;804 506;7;0;2;1;1;1
202200005330;804 502;7;0;2;2;15;1
202200005330;804 507;7;0;2;1;1;1
202200005331;804 500;2;12;0;2;15;1
202200005332;804 496;1;0;2;1;1;5
202200005332;804 498;7;0;2;2;15;1
202200005333;804 497;14;0;2;3;1;1
202200005333;804 499;7;12;2;3;5;1
202200005334;804 495;7;0;1;1;1;1
202200005335;804 494;2;15;0;2;0;1
202200005336;804 491;7;0;1;1;9;1
202200005337;804 488;7;0;0;0;0;1
202200005337;804 492;2;0;0;6;15;1
202200005338;804 489;33;0;2;3;17;1
202200005338;804 490;10;0;2;8;1;1
202200005338;804 493;7;0;2;8;1;1
202200005339;804 487;7;0;1;1;9;1
202200005340;804 486;7;13;0;2;13;1
202200005341;804 483;7;0;1;2;16;1
202200005342;804 480;7;0;2;1;1;1
202200005342;804 485;7;0;2;3;19;1
202200005343;804 478;7;0;1;2;2;1
202200005344;804 481;1;0;2;8;2;5
202200005344;804 484;7;0;2;2;2;1
202200005345;804 476;50;0;2;7;9;3
202200005345;804 477;7;0;2;6;1;1
202200005346;804 479;7;0;0;0;16;
202200005346;804 482;31;0;2;0;21;1
202200005347;804 475;7;0;1;2;2;1
202200005348;804 473;7;0;1;1;15;1
202200005349;804 470;7;0;0;0;0;1
202200005349;804 472;10;0;2;8;1;1
202200005350;804 471;34;0;2;1;26;1
202200005350;804 474;32;0;1;1;17;1
202200005351;804 467;15;0;2;6;2;1
202200005351;804 469;10;0;2;2;17;1
202200005352;804 463;1;0;2;5;9;5
202200005352;804 466;7;0;2;2;9;1
202200005353;804 464;7;0;2;8;15;1
202200005353;804 468;2;0;2;1;17;3
202200005354;804 462;2;0;2;3;1;1
202200005354;804 465;10;0;2;1;19;1
202200005355;804 460;7;1;0;1;26;1
202200005356;804 457;7;6;0;1;1;1
202200005357;804 458;10;0;2;1;2;1
202200005357;804 461;7;0;0;4;2;1
202200005358;804 456;2;0;2;1;1;1
202200005358;804 459;7;0;2;3;16;2
202200005359;804 455;7;4;0;9;1;1
202200005360;804 453;7;0;1;2;1;1
202200005361;804 452;7;0;2;3;15;1
202200005361;804 454;33;0;2;1;2;1
202200005362;804 448;7;0;2;1;1;1
202200005362;804 450;7;0;2;0;0;1
202200005363;804 449;7;0;2;2;1;1
202200005363;804 451;50;0;2;1;1;3
202200005364;804 447;33;0;0;8;1;1
202200005365;804 445;7;14;2;6;15;2
202200005365;804 446;33;0;2;2;17;1
202200005366;804 442;7;0;2;2;1;1
202200005366;804 444;50;0;2;7;19;3
202200005367;804 440;3;0;2;3;19;1
202200005367;804 443;30;0;2;7;1;1
202200005368;804 439;7;0;1;7;1;1
202200005369;804 437;7;13;0;8;9;1
202200005370;804 438;7;0;2;8;11;1
202200005370;804 441;33;0;2;7;15;1
202200005371;804 433;7;0;1;2;26;1
202200005372;804 430;33;0;2;5;1;1
202200005372;804 434;7;0;2;2;19;1
202200005373;804 431;1;0;2;3;26;5
202200005373;804 436;7;0;9;1;9;1
202200005374;804 428;7;0;2;4;1;1
202200005374;804 429;7;0;2;4;1;1
202200005374;804 432;7;0;2;4;1;1
202200005374;804 435;7;0;2;1;2;1
202200005375;804 426;33;0;0;0;2;1
202200005376;804 424;17;0;2;1;0;1
202200005376;804 427;7;0;2;1;26;1
202200005377;804 422;37;0;2;1;0;1
202200005377;804 423;7;0;2;1;13;1
202200005378;804 421;7;0;9;1;9;1
202200005378;804 425;50;0;2;7;1;3
202200005379;804 419;7;0;0;4;0;0
202200005379;804 420;33;0;0;1;0;0
202200005380;804 416;7;0;2;3;15;1
202200005380;804 418;50;0;2;1;25;3
202200005381;804 413;30;0;2;1;19;1
202200005381;804 417;7;0;2;7;1;2
202200005382;804 412;10;0;2;1;16;1
202200005382;804 415;1;0;2;0;0;5
202200005383;804 411;7;0;2;3;15;1
202200005383;804 414;33;0;2;1;17;1
202200005384;804 409;7;13;0;9;1;1
202200005385;804 406;7;2;0;1;14;1
202200005386;804 405;2;0;2;1;26;1
202200005386;804 408;7;0;2;7;13;1
202200005387;804 402;37;0;2;6;23;1
202200005387;804 404;37;0;2;6;23;1
202200005387;804 407;7;0;2;2;23;1
202200005387;804 410;7;0;2;9;16;1
202200005388;804 401;50;0;2;1;1;3
202200005388;804 403;10;0;9;3;9;1
202200005389;804 398;7;0;2;1;1;1
202200005389;804 399;30;0;2;1;26;1
202200005390;804 394;7;0;0;1;26;1
202200005391;804 393;31;0;2;7;3;1
202200005391;804 396;7;0;2;7;2;1
202200005392;804 391;3;1;0;1;1;1
202200005393;804 390;7;2;0;8;21;1
202200005394;804 387;32;0;2;8;17;1
202200005394;804 389;7;0;2;7;21;1
202200005395;804 386;33;0;2;1;17;1
202200005395;804 388;7;0;2;3;1;1
202200005395;804 392;7;0;2;2;1;1
202200005396;804 385;30;0;0;0;0;1
202200005397;804 384;7;13;0;2;1;2
202200005398;804 382;7;0;2;2;12;1
202200005398;804 383;33;0;2;3;3;1
202200005399;804 381;10;0;1;3;26;1
202200005400;804 378;7;1;2;6;16;1
202200005400;804 380;7;1;2;2;1;1
202200005401;804 377;2;0;2;8;1;1
202200005401;804 379;7;0;2;2;16;1
202200005402;804 375;31;0;0;7;21;1
202200005403;804 374;7;0;2;1;15;2
202200005403;804 376;7;0;2;8;1;1
202200005404;804 370;50;11;0;1;1;3
202200005405;804 369;7;0;2;1;2;1
202200005405;804 373;33;1;2;4;15;1
202200005406;804 366;7;0;2;1;1;1
202200005406;804 367;7;0;2;6;2;2
202200005406;804 371;34;0;2;4;2;1
202200005407;804 363;7;0;2;3;1;1
202200005407;804 365;33;0;2;2;19;1
202200005408;804 359;30;0;2;1;18;1
202200005408;804 362;7;0;2;1;15;1
202200005409;804 358;7;0;2;5;1;1
202200005409;804 360;7;0;2;3;12;1
202200005410;804 356;7;0;2;3;1;1
202200005410;804 361;7;0;2;1;1;1
202200005410;804 364;7;0;2;3;13;1
202200005411;804 355;7;0;2;2;1;1
202200005411;804 357;30;0;2;1;1;1
202200005412;804 354;2;0;0;0;1;1
202200005413;804 351;31;0;2;7;1;1
202200005413;804 353;33;0;2;4;12;1
202200005414;804 350;34;0;1;6;21;1
202200005415;804 349;33;0;0;1;1;1
202200005415;804 352;7;0;2;2;15;1
202200005416;804 346;34;0;0;8;1;1
202200005417;804 344;7;0;2;2;9;1
202200005417;804 348;33;0;2;3;1;1
202200005418;804 343;14;0;2;1;2;1
202200005418;804 347;7;0;2;4;2;1
202200005419;804 341;7;0;2;4;26;2
202200005419;804 345;7;0;2;1;0;1
202200005420;804 335;7;0;2;3;14;1
202200005420;804 338;7;0;2;6;12;1
202200005421;804 336;43;0;2;1;2;1
202200005421;804 339;7;0;2;6;2;2
202200005422;804 333;7;0;2;4;1;1
202200005422;804 337;7;0;2;4;1;1
202200005422;804 340;7;0;2;1;1;1
202200005423;804 331;7;1;1;1;19;1
202200005424;804 332;7;0;2;1;0;1
202200005424;804 334;7;0;2;4;0;1
202200005425;804 330;32;11;0;1;13;1
202200005426;804 327;7;0;1;1;15;2
202200005427;804 326;32;0;2;1;3;3
202200005427;804 329;7;0;2;5;18;0
202200005428;804 325;7;0;2;1;2;1
202200005428;804 328;7;0;2;4;2;1
202200005429;804 324;1;0;0;1;15;5
202200005430;804 321;7;7;0;1;1;2
202200005431;804 320;7;0;2;5;12;1
202200005431;804 323;31;0;2;8;3;1
202200005432;804 319;10;0;2;1;2;1
202200005432;804 322;17;0;2;4;23;1
202200005433;804 316;1;0;2;1;2;5
202200005433;804 318;7;0;2;6;2;1
202200005434;804 313;14;0;1;1;1;1
202200005435;804 311;7;0;0;0;0;1
202200005435;804 314;7;0;0;6;0;1
202200005435;804 317;7;0;0;3;0;1
202200005436;804 309;1;0;2;1;13;5
202200005436;804 310;1;0;2;1;1;5
202200005437;804 306;33;0;1;7;1;1
202200005438;804 304;33;0;2;2;2;1
202200005438;804 307;7;0;2;6;2;1
202200005439;804 305;7;0;2;2;1;0
202200005439;804 308;7;0;2;3;1;0
202200005440;804 301;10;0;2;0;12;1
202200005440;804 303;32;0;2;0;1;1
202200005441;804 300;30;0;1;1;21;1
202200005442;804 298;33;0;2;2;11;1
202200005442;804 299;7;0;2;5;1;1
202200005442;804 302;7;0;2;8;1;1
202200005443;804 297;7;0;1;4;4;1
202200005444;804 295;1;0;1;1;1;5
202200005445;804 293;7;0;0;0;26;1
202200005446;804 292;10;0;1;2;1;1
202200005447;804 294;7;8;2;1;1;1
202200005447;804 296;10;1;2;5;1;1
202200005448;804 291;32;0;0;8;21;1
202200005449;804 287;10;11;2;2;1;1
202200005449;804 288;7;0;2;8;1;1
202200005450;804 286;15;0;2;4;4;0
202200005450;804 289;50;0;2;2;7;3
202200005451;804 285;7;0;2;7;2;1
202200005451;804 290;7;0;2;8;2;1
202200005452;804 283;32;0;2;7;1;1
202200005452;804 284;7;0;2;2;10;1
202200005453;804 282;30;0;0;0;21;1
202200005454;804 279;7;0;2;7;14;1
202200005454;804 281;15;0;2;8;1;1
202200005455;804 277;7;0;1;1;1;1
202200005456;804 278;80;0;2;3;18;3
202200005456;804 280;7;0;2;2;1;1
202200005457;804 274;43;12;0;1;1;1
202200005458;804 275;32;0;2;7;1;1
202200005458;804 276;7;0;2;0;13;0
202200005459;804 272;7;0;2;1;2;1
202200005459;804 273;7;0;2;4;1;1
202200005460;804 270;1;0;0;0;1;5
202200005461;804 268;10;0;1;3;5;0
202200005462;804 267;30;0;2;1;2;1
202200005462;804 271;7;0;2;6;2;1
202200005463;804 266;7;4;2;6;1;2
202200005463;804 269;14;0;2;2;1;1
202200005464;804 264;7;0;2;2;16;1
202200005464;804 265;30;0;2;1;1;1
202200005465;804 262;7;0;1;3;1;1
202200005466;804 260;7;0;2;7;1;1
202200005466;804 263;33;0;2;1;3;1
202200005467;804 261;10;0;1;1;16;3
202200005468;804 257;30;0;2;2;15;1
202200005468;804 259;7;0;2;2;1;1
202200005469;804 256;7;0;2;3;2;1
202200005469;804 258;33;0;2;2;15;1
202200005470;804 255;7;2;0;1;0;1
202200005471;804 253;31;0;2;8;1;3
202200005471;804 254;7;0;2;3;15;1
202200005472;804 249;50;0;2;0;0;3
202200005472;804 252;7;0;2;0;0;1
202200005473;804 248;7;0;2;3;15;1
202200005473;804 251;33;0;2;1;1;1
202200005474;804 247;7;0;2;6;1;2
202200005474;804 250;30;0;2;4;16;1
202200005475;804 245;7;0;2;7;1;1
202200005475;804 246;7;0;2;1;1;2
202200005476;804 243;7;13;0;1;1;1
202200005477;804 244;7;0;1;2;1;1
202200005478;804 242;50;0;1;7;1;3
202200005479;804 237;7;0;2;3;1;1
202200005479;804 240;7;0;2;3;13;1
202200005480;804 238;1;0;0;2;17;5
202200005480;804 241;10;0;0;3;22;1
202200005481;804 234;7;2;0;9;13;1
202200005482;804 233;7;0;2;4;23;1
202200005482;804 236;7;0;2;4;23;1
202200005482;804 239;7;0;2;1;1;1
202200005483;804 232;7;0;2;2;9;2
202200005483;804 235;50;0;2;3;5;3
202200005484;804 229;50;0;2;7;19;3
202200005484;804 231;7;0;2;1;1;1
202200005485;804 226;7;0;2;1;1;1
202200005485;804 230;7;0;2;2;1;1
202200005486;804 225;10;0;2;0;0;0
202200005486;804 227;7;0;2;1;26;1
202200005487;804 224;10;0;2;7;1;1
202200005487;804 228;30;0;2;1;1;1
202200005488;804 223;33;12;0;1;1;1
202200005489;804 221;7;0;1;1;2;1
202200005490;804 220;2;0;2;5;1;1
202200005490;804 222;7;0;2;3;15;1
202200005491;804 219;30;0;1;1;1;1
202200005492;804 218;31;0;0;7;0;1
202200005493;804 215;7;0;1;1;1;1
202200005494;804 213;1;0;2;0;26;5
202200005494;804 216;7;0;2;3;1;1
202200005495;804 210;7;0;2;1;1;1
202200005495;804 212;7;0;2;3;1;1
202200005495;804 214;7;0;2;4;2;1
202200005495;804 217;7;0;2;1;0;1
202200005496;804 211;7;0;1;1;1;1
202200005497;804 207;7;0;2;3;13;1
202200005497;804 209;1;0;2;0;1;5
202200005498;804 204;7;0;2;4;2;1
202200005498;804 208;7;0;2;1;2;1
202200005499;804 202;33;0;2;2;1;1
202200005499;804 205;10;0;0;0;11;1
202200005500;804 201;7;0;1;1;1;1
202200005500;804 206;7;0;2;4;1;1
202200005501;804 200;2;12;0;7;1;1
202200005502;804 197;7;15;0;2;26;1
202200005503;804 196;1;0;2;3;1;5
202200005503;804 199;7;0;2;3;15;0
202200005504;804 193;7;0;2;7;15;1
202200005504;804 195;32;0;2;1;15;1
202200005504;804 198;7;1;2;6;26;1
202200005505;804 192;33;0;2;1;2;1
202200005505;804 194;7;0;2;2;10;1
202200005506;804 189;7;14;0;1;1;2
202200005507;804 187;7;0;2;6;1;2
202200005507;804 188;33;0;2;1;3;1
202200005508;804 186;7;0;2;1;2;1
202200005508;804 190;7;0;2;4;1;1
202200005509;804 185;7;0;2;4;26;1
202200005509;804 191;10;0;2;1;2;1
202200005510;804 181;7;4;0;3;1;1
202200005511;804 179;1;0;2;1;1;5
202200005511;804 182;1;0;2;1;1;5
202200005511;804 183;1;0;2;1;1;5
202200005511;804 184;1;0;2;1;1;5
202200005512;804 178;7;0;1;3;1;0
202200005513;804 177;60;0;2;8;13;5
202200005513;804 180;7;0;2;7;17;6
202200005514;804 176;7;4;0;2;1;1
202200005515;804 168;7;0;2;2;14;1
202200005515;804 170;17;0;2;3;0;1
202200005516;804 171;7;0;9;8;0;1
202200005516;804 174;33;0;9;1;19;1
202200005517;804 169;10;0;2;0;0;0
202200005517;804 173;43;0;2;1;1;1
202200005517;804 175;7;0;2;2;1;1
202200005518;804 167;32;0;2;8;1;1
202200005518;804 172;7;0;2;1;15;1
202200005519;804 163;2;0;2;1;13;1
202200005519;804 165;7;0;2;3;1;1
202200005520;804 162;30;0;1;1;1;1
202200005521;804 160;7;0;1;1;1;1
202200005522;804 159;7;0;2;1;2;1
202200005522;804 161;7;0;2;1;2;1
202200005522;804 164;7;0;2;4;2;1
202200005522;804 166;7;0;2;4;2;1
202200005523;804 157;7;0;1;1;1;1
202200005524;804 156;15;0;2;1;12;1
202200005524;804 158;7;1;0;4;2;1
202200005525;804 153;7;0;2;0;0;0
202200005525;804 155;7;0;2;3;1;1
202200005526;804 152;30;0;2;1;6;0
202200005526;804 154;1;0;9;1;1;5
202200005527;804 150;1;0;2;5;12;5
202200005527;804 151;34;0;2;3;1;1
202200005528;804 143;7;0;2;3;1;1
202200005528;804 146;7;0;2;1;0;1
202200005529;804 147;7;0;2;2;16;1
202200005529;804 149;33;0;2;3;18;1
202200005530;804 141;7;0;2;2;9;1
202200005530;804 144;34;1;2;1;1;1
202200005531;804 140;7;0;2;1;1;1
202200005531;804 142;7;0;2;4;2;1
202200005531;804 145;7;0;2;4;2;1
202200005531;804 148;7;0;2;4;2;1
202200005532;804 138;33;0;2;1;1;1
202200005532;804 139;7;0;2;3;15;1
202200005533;804 137;7;0;1;1;2;1
202200005534;804 135;7;4;0;3;1;1
202200005535;804 134;7;0;2;1;2;1
202200005535;804 136;7;0;2;4;2;1
202200005536;804 132;7;0;2;0;0;1
202200005536;804 133;7;0;2;5;1;1
202200005537;804 131;7;5;0;1;1;1
202200005538;804 129;7;0;0;0;1;1
202200005539;804 130;1;0;0;0;1;5
202200005540;804 128;7;3;0;1;1;1
202200005541;804 125;10;0;2;8;15;1
202200005541;804 126;33;0;2;7;17;1
202200005542;804 124;7;0;2;1;1;1
202200005542;804 127;7;0;2;3;15;1
202200005543;804 123;7;4;0;2;14;1
202200005544;804 121;7;0;2;5;1;1
202200005544;804 122;30;0;2;4;18;3
202200005545;804 120;33;4;0;1;1;1
202200005546;804 118;7;0;0;0;1;1
202200005547;804 115;7;3;0;3;21;1
202200005548;804 117;7;0;2;3;9;1
202200005548;804 119;15;0;2;0;0;1
202200005549;804 113;50;0;2;1;1;3
202200005549;804 116;7;0;2;8;15;1
202200005550;804 112;7;0;2;6;23;1
202200005550;804 114;7;0;2;2;21;1
202200005551;804 109;7;0;2;4;1;1
202200005551;804 111;7;3;2;1;2;1
202200005552;804 107;7;0;2;1;1;1
202200005552;804 110;7;0;2;8;9;1
202200005553;804 105;33;0;0;0;26;1
202200005554;804 104;7;0;2;7;1;2
202200005554;804 108;10;0;2;1;1;1
202200005555;804 102;7;0;2;1;13;1
202200005555;804 106;7;0;2;1;1;1
202200005556;804 101;30;0;2;1;1;1
202200005556;804 103;7;0;2;8;1;2
202200005557;804 098;7;0;2;4;23;1
202200005557;804 100;7;0;2;1;1;1
202200005558;804 094;10;0;2;8;9;1
202200005558;804 097;7;0;2;2;1;1
202200005559;804 096;1;0;2;4;7;5
202200005559;804 099;1;0;2;1;7;5
202200005560;804 092;7;0;1;1;7;1
202200005561;804 093;10;0;2;3;1;1
202200005561;804 095;1;0;0;5;1;5
202200005562;804 089;7;0;2;1;1;1
202200005562;804 091;10;0;2;1;15;1
202200005563;804 087;7;0;1;0;15;1
202200005564;804 086;1;0;2;0;19;5
202200005564;804 088;2;0;2;1;1;1
202200005564;804 090;7;0;2;4;1;2
202200005565;804 084;7;4;0;7;1;1
202200005566;804 082;1;1;0;4;23;5
202200005566;804 083;7;0;2;1;1;1
202200005567;804 081;1;0;2;1;5;5
202200005567;804 085;7;0;2;8;16;1
202200005568;804 076;7;13;0;9;17;1
202200005569;804 077;33;0;2;1;21;1
202200005569;804 079;7;0;2;6;4;1
202200005570;804 078;30;0;2;2;1;1
202200005570;804 080;7;0;2;5;15;1
202200005571;804 071;7;0;0;0;9;1
202200005571;804 073;2;0;0;0;0;1
202200005572;804 070;7;0;2;8;26;0
202200005572;804 074;7;0;2;3;1;0
202200005572;804 075;7;0;2;1;2;0
202200005573;804 069;7;0;2;6;2;1
202200005573;804 072;7;0;2;2;17;1
202200005574;804 064;30;0;2;2;13;1
202200005574;804 066;7;0;2;3;15;1
202200005574;804 067;7;0;2;1;23;1
202200005575;804 062;7;0;2;6;15;1
202200005575;804 065;33;0;2;2;17;1
202200005576;804 063;7;0;2;1;1;1
202200005576;804 068;7;0;2;2;1;1
202200005577;804 059;33;0;2;1;17;1
202200005577;804 061;7;0;2;3;10;1
202200005578;804 058;7;0;1;3;15;1
202200005579;804 056;32;12;0;1;13;1
202200005580;804 057;1;0;0;4;2;5
202200005580;804 060;7;0;0;2;2;0
202200005581;804 053;7;0;2;0;9;1
202200005581;804 055;50;0;0;0;0;3
202200005582;804 051;7;0;2;3;11;1
202200005582;804 054;1;0;2;3;17;5
202200005583;804 050;60;0;2;0;1;5
202200005583;804 052;7;0;2;6;15;2
202200005584;804 048;7;6;0;1;1;1
202200005585;804 047;1;0;2;7;1;5
202200005585;804 049;7;0;2;3;9;1
202200005586;804 045;37;0;2;6;23;1
202200005586;804 046;1;0;2;1;1;5
202200005587;804 044;50;14;0;1;14;3
202200005588;804 042;30;0;2;1;1;0
202200005588;804 043;7;0;2;3;1;1
202200005589;804 041;33;0;6;1;1;1
202200005590;804 040;33;12;0;2;14;1
202200005591;804 037;32;0;2;1;1;0
202200005591;804 038;7;0;2;6;20;0
202200005592;804 033;7;0;1;3;2;1
202200005593;804 036;7;0;2;8;15;1
202200005593;804 039;2;0;2;7;1;1
202200005594;804 034;7;8;0;2;1;1
202200005595;804 032;30;0;2;3;19;1
202200005595;804 035;10;0;2;2;19;1
202200005596;804 031;7;1;0;1;2;1
202200005597;804 029;7;1;0;2;10;1
202200005598;804 028;7;0;2;4;1;1
202200005598;804 030;7;0;2;1;1;1
202200005599;804 025;10;0;2;5;17;1
202200005599;804 027;2;0;2;8;0;1
202200005600;804 024;1;0;2;8;15;5
202200005600;804 026;7;0;2;2;9;1
202200005601;804 022;2;8;0;1;1;1
202200005602;804 021;10;0;2;1;1;1
202200005602;804 023;2;0;2;7;1;1
202200005603;804 018;7;0;2;3;13;1
202200005603;804 020;7;0;2;3;1;1
202200005604;804 016;10;0;1;6;1;1
202200005605;804 014;10;0;2;1;2;1
202200005605;804 017;7;0;0;4;15;1
202200005605;804 019;7;15;0;8;1;1
202200005606;804 013;7;0;2;2;16;1
202200005606;804 015;50;0;2;1;1;3
202200005607;804 011;7;0;2;1;5;2
202200005607;804 012;7;0;2;1;1;1
202200005608;804 007;7;0;2;1;1;1
202200005608;804 010;7;0;2;3;17;1
202200005609;804 006;7;0;1;1;1;1
202200005610;804 004;10;0;2;1;13;1
202200005610;804 008;7;0;2;1;1;1
202200005610;804 009;7;0;2;3;1;1
202200005611;804 003;1;0;2;1;19;5
202200005611;804 005;10;0;2;1;9;1
202200005612;803 998;50;0;2;7;19;3
202200005612;804 002;7;0;9;1;1;1
202200005613;803 997;1;0;2;1;7;5
202200005613;803 999;7;0;2;4;7;1
202200005614;803 996;7;10;2;1;13;1
202200005614;804 000;10;0;2;1;1;1
202200005615;803 995;7;0;0;3;1;1
202200005615;804 001;7;8;0;1;1;0
202200005616;803 990;7;0;1;1;12;0
202200005617;803 992;7;0;2;2;15;1
202200005617;803 994;7;0;2;1;1;1
202200005618;803 989;30;0;2;2;16;1
202200005618;803 993;7;0;2;0;7;2
202200005619;803 988;7;0;2;7;15;1
202200005619;803 991;33;0;2;1;1;1
202200005620;803 983;7;0;9;1;1;1
202200005620;803 987;1;0;2;8;1;5
202200005621;803 981;2;0;2;1;1;1
202200005621;803 985;7;0;2;8;13;1
202200005622;803 984;7;0;2;3;1;1
202200005622;803 986;2;0;2;1;26;1
202200005623;803 980;1;0;2;7;1;5
202200005623;803 982;7;0;2;8;18;1
202200005624;803 978;1;0;2;7;19;5
202200005624;803 979;7;0;2;3;1;1
202200005625;803 977;7;0;1;2;1;1
202200005626;803 975;80;0;1;1;1;3
202200005627;803 974;2;0;2;1;1;1
202200005627;803 976;7;0;2;3;10;1
202200005628;803 972;10;0;1;3;16;1
202200005629;803 967;7;0;2;2;14;1
202200005629;803 970;1;0;2;3;1;5
202200005630;803 965;7;0;2;3;15;1
202200005630;803 966;1;0;2;5;1;5
202200005631;803 969;7;0;2;1;0;3
202200005631;803 973;7;0;2;7;1;1
202200005632;803 963;1;0;2;0;1;6
202200005632;803 964;1;0;2;0;1;6
202200005632;803 968;1;0;2;0;1;5
202200005632;803 971;7;0;9;1;26;1
202200005633;803 958;7;0;2;3;22;2
202200005633;803 962;50;0;2;0;1;3
202200005634;803 957;50;0;2;3;1;3
202200005634;803 960;10;0;2;3;15;1
202200005635;803 956;7;0;2;7;1;1
202200005635;803 959;7;0;2;4;1;1
202200005635;803 961;7;0;2;1;5;1
202200005636;803 955;32;0;0;7;1;1
202200005637;803 952;50;0;2;1;19;3
202200005637;803 954;7;0;2;3;1;1
202200005638;803 951;17;0;2;4;2;1
202200005638;803 953;7;0;2;1;2;1
202200005639;803 949;7;0;2;8;26;1
202200005639;803 950;7;0;2;1;26;1
202200005640;803 946;80;0;2;4;1;3
202200005640;803 948;7;0;2;1;18;1
202200005641;803 943;7;0;2;2;16;1
202200005641;803 947;30;0;2;1;7;3
202200005642;803 941;7;17;0;2;1;1
202200005643;803 937;34;0;2;7;17;1
202200005643;803 939;7;0;2;8;15;1
202200005644;803 938;33;6;0;7;14;1
202200005645;803 936;1;0;2;2;1;5
202200005645;803 940;30;0;2;0;1;0
202200005646;803 935;10;7;0;7;1;1
202200005647;803 931;34;0;1;1;1;1
202200005648;803 930;2;0;2;1;1;1
202200005648;803 934;7;0;2;7;15;1
202200005649;803 929;7;0;2;1;0;0
202200005649;803 932;7;0;2;1;0;1
202200005649;803 933;7;0;2;1;0;1
202200005650;803 922;10;0;2;3;15;1
202200005650;803 926;33;0;2;8;1;1
202200005651;803 921;1;0;2;3;2;5
202200005651;803 925;13;0;2;2;17;1
202200005652;803 920;7;0;2;4;2;1
202200005652;803 923;7;0;2;0;0;0
202200005652;803 927;7;0;2;1;2;1
202200005653;803 919;50;0;0;8;1;3
202200005654;803 924;7;0;2;3;19;1
202200005654;803 928;1;0;2;3;1;5
202200005655;803 917;7;13;2;3;13;1
202200005655;803 918;7;0;2;1;1;1
202200005656;803 916;7;0;2;2;1;1
202200005657;803 914;7;0;1;2;19;1
202200005658;803 911;7;2;0;3;15;1
202200005659;803 912;37;0;2;3;7;2
202200005659;803 915;7;0;2;5;16;1
202200005660;803 913;7;0;1;2;1;1
202200005661;803 909;7;0;1;1;1;1
202200005662;803 908;10;0;2;1;0;1
202200005662;803 910;7;0;2;1;13;1
202200005663;803 907;7;0;1;6;4;1
202200005664;803 905;30;0;0;0;21;0
202200005665;803 903;43;0;2;6;1;1
202200005665;803 906;10;0;2;2;12;1
202200005666;803 904;7;2;0;2;1;1
202200005667;803 901;50;0;0;7;1;3
202200005668;803 899;7;2;0;1;1;1
202200005669;803 897;7;0;2;3;15;0
202200005669;803 898;1;0;2;1;17;5
202200005670;803 896;1;0;0;0;21;5
202200005671;803 900;33;0;2;1;1;1
202200005671;803 902;7;0;2;2;15;1
202200005672;803 895;50;0;0;0;1;3
202200005673;803 890;1;0;2;1;1;5
202200005673;803 893;7;0;2;8;22;1
202200005674;803 891;1;12;0;7;12;5
202200005675;803 892;33;0;0;8;1;1
202200005676;803 887;10;8;0;3;13;1
202200005677;803 886;1;0;0;8;1;5
202200005678;803 885;34;0;2;0;17;1
202200005678;803 888;7;0;2;8;15;1
202200005679;803 889;30;0;2;7;1;1
202200005679;803 894;7;0;2;3;1;1
202200005680;803 884;7;0;0;2;1;1
202200005681;803 881;7;0;2;2;1;1
202200005681;803 883;7;0;2;3;1;1
202200005682;803 880;7;0;2;6;18;1
202200005682;803 882;15;0;2;5;15;6
202200005683;803 879;7;8;0;1;1;1
202200005684;803 877;32;0;1;1;1;1
202200005685;803 876;7;13;0;3;13;1
202200005686;803 875;7;0;2;3;1;1
202200005686;803 878;1;0;2;1;1;5
202200005687;803 870;10;0;2;1;1;0
202200005687;803 874;7;0;2;4;23;1
202200005688;803 869;7;0;2;3;15;1
202200005688;803 873;7;0;2;1;17;1
202200005689;803 868;1;0;2;1;1;5
202200005689;803 871;7;0;2;8;1;1
202200005690;803 867;7;0;1;2;1;1
202200005691;803 866;7;0;1;1;2;1
202200005692;803 865;7;0;1;1;1;1
202200005693;803 862;7;2;0;1;1;1
202200005694;803 864;7;8;0;2;14;1
202200005695;803 859;33;0;0;3;0;1
202200005695;803 861;10;0;0;3;0;1
202200005696;803 856;50;0;1;8;1;3
202200005697;803 853;7;0;2;2;14;1
202200005697;803 854;7;0;2;6;1;1
202200005697;803 857;7;0;2;4;1;1
202200005698;803 855;7;0;2;4;2;1
202200005698;803 858;7;0;2;4;2;1
202200005698;803 860;7;0;2;4;2;1
202200005698;803 863;7;0;2;1;2;1
202200005699;803 848;7;0;2;1;15;1
202200005699;803 851;32;0;2;1;1;1
202200005700;803 849;7;0;2;1;12;1
202200005701;803 846;7;0;2;6;13;1
202200005701;803 850;34;0;2;1;17;1
202200005702;803 842;31;0;1;0;1;1
202200005703;803 840;7;8;0;9;17;0
202200005704;803 834;7;8;2;1;14;1
202200005705;803 833;7;0;1;2;1;0
202200005706;803 831;10;0;2;4;1;1
202200005706;803 832;10;0;2;4;1;1
202200005706;803 836;13;0;2;4;1;1
202200005706;803 838;10;0;2;4;1;1
202200005706;803 841;15;0;2;1;1;1
202200005706;803 844;15;0;2;5;1;1
202200005707;803 835;10;0;2;2;10;1
202200005707;803 837;34;0;2;1;7;1
202200005708;803 827;50;0;0;0;1;3
202200005709;803 828;7;0;2;7;12;0
202200005709;803 829;1;0;2;6;1;5
202200005710;803 825;7;0;2;3;15;1
202200005710;803 830;7;0;2;1;13;1
202200005711;803 822;7;0;2;7;15;2
202200005711;803 824;33;0;2;0;1;1
202200005712;803 821;17;0;1;7;1;1