Num_Acc;id_vehicule;categorie_vehicule;obstacle_fixe;obstacle_mobile;point_choc_initial;manoeuvre_principale;motorisation
202200005713;803 820;7;0;2;3;15;1
202200005713;803 823;33;0;2;0;2;1
202200005714;803 818;7;0;2;1;26;1
202200005714;803 819;31;0;2;4;0;1
202200005715;803 815;7;0;1;1;1;2
202200005716;803 813;7;0;2;2;1;1
202200005716;803 816;7;0;2;3;1;1
202200005717;803 814;7;0;1;1;1;1
202200005718;803 812;30;0;1;2;1;0
202200005719;803 811;7;0;1;2;1;1
202200005720;803 809;7;0;2;5;15;1
202200005720;803 810;31;0;2;1;1;3
202200005721;803 806;33;0;2;0;0;1
202200005721;803 808;50;0;2;1;1;3
202200005722;803 802;7;0;2;1;2;1
202200005722;803 805;7;0;2;4;2;1
202200005723;803 800;1;0;2;1;1;5
202200005723;803 804;10;0;2;2;16;3
202200005724;803 798;7;0;2;1;0;1
202200005724;803 801;7;0;2;4;0;1
202200005725;803 797;1;0;0;0;26;5
202200005726;803 796;7;0;2;5;23;1
202200005726;803 799;7;0;2;6;23;3
202200005726;803 803;7;0;2;1;1;1
202200005727;803 793;30;9;0;1;15;1
202200005728;803 791;33;0;2;3;1;1
202200005728;803 794;7;0;2;5;4;1
202200005729;803 790;7;0;2;4;1;1
202200005729;803 795;13;1;2;1;2;1
202200005730;803 789;33;0;2;8;23;1
202200005730;803 792;7;0;2;7;2;1
202200005731;803 787;7;8;0;1;1;1
202200005732;803 784;14;0;1;2;16;1
202200005733;803 786;50;0;2;1;3;3
202200005733;803 788;7;0;2;8;15;1
202200005734;803 783;50;0;2;1;13;3
202200005734;803 785;1;0;2;1;1;5
202200005735;803 781;33;0;2;3;1;1
202200005735;803 782;10;0;2;5;14;1
202200005736;803 780;37;0;1;3;1;1
202200005737;803 777;7;0;2;4;23;1
202200005737;803 778;7;0;2;1;23;1
202200005737;803 779;7;0;2;1;1;1
202200005738;803 775;7;0;1;1;24;1
202200005739;803 773;33;0;2;7;16;1
202200005739;803 774;7;0;2;2;16;1
202200005740;803 769;7;0;2;2;9;1
202200005740;803 771;2;0;2;4;9;1
202200005741;803 770;32;0;2;1;1;0
202200005741;803 772;7;0;2;0;15;1
202200005742;803 776;2;12;0;2;16;3
202200005743;803 766;7;1;2;4;1;0
202200005743;803 767;30;14;2;1;1;1
202200005744;803 763;37;0;2;0;21;1
202200005745;803 765;7;0;2;3;1;0
202200005745;803 768;7;0;2;5;0;0
202200005746;803 761;10;0;1;1;1;1
202200005747;803 758;30;0;0;1;2;1
202200005747;803 759;7;0;2;4;1;1
202200005748;803 762;10;0;2;5;23;1
202200005748;803 764;1;1;0;1;1;5
202200005749;803 755;33;0;2;2;17;1
202200005749;803 756;7;0;2;0;13;1
202200005750;803 752;33;0;2;0;21;1
202200005750;803 757;33;0;0;0;16;
202200005751;803 751;7;0;2;3;13;1
202200005751;803 754;33;0;2;3;13;1
202200005752;803 753;7;0;2;1;12;1
202200005752;803 760;32;0;2;7;1;1
202200005753;803 746;7;0;1;0;1;0
202200005754;803 747;7;0;2;1;1;1
202200005754;803 749;7;0;2;4;1;1
202200005755;803 740;7;0;2;1;2;1
202200005755;803 743;7;0;2;4;23;1
202200005756;803 738;7;0;2;2;1;1
202200005756;803 742;10;0;2;5;4;0
202200005757;803 741;33;0;2;1;1;0
202200005757;803 744;7;0;2;1;1;0
202200005757;803 745;7;0;0;4;1;0
202200005758;803 737;7;0;1;1;15;1
202200005759;803 733;7;0;2;3;15;1
202200005759;803 734;33;0;2;4;15;1
202200005760;803 729;7;0;2;7;9;1
202200005760;803 732;37;0;2;3;1;1
202200005761;803 731;1;16;0;0;1;5
202200005762;803 727;33;1;0;1;13;1
202200005762;803 728;7;0;2;1;24;1
202200005763;803 723;7;0;1;1;16;1
202200005764;803 718;7;0;2;4;1;1
202200005764;803 721;7;0;2;4;1;1
202200005764;803 725;7;0;2;1;2;1
202200005765;803 719;7;1;2;6;2;2
202200005765;803 722;7;0;2;2;9;1
202200005766;803 714;30;0;1;1;9;0
202200005767;803 717;10;0;2;4;23;1
202200005767;803 720;7;0;2;1;1;1
202200005767;803 724;7;0;2;4;1;1
202200005767;803 726;7;0;2;4;1;1
202200005767;803 730;7;0;2;4;1;1
202200005767;803 735;7;0;2;4;0;1
202200005768;803 712;7;0;2;2;19;0
202200005768;803 715;34;15;0;1;19;6
202200005769;803 713;7;0;2;7;2;1
202200005769;803 716;7;0;2;1;2;1
202200005770;803 710;3;0;1;3;1;0
202200005771;803 709;7;1;1;1;1;1
202200005772;803 705;7;14;2;1;2;1
202200005772;803 706;7;0;2;3;0;1
202200005773;803 708;7;0;2;3;1;1
202200005773;803 711;7;0;2;1;15;1
202200005774;803 701;7;0;2;8;0;1
202200005774;803 703;2;0;2;1;1;1
202200005775;803 704;33;9;0;3;26;1
202200005776;803 698;7;0;2;5;15;1
202200005776;803 700;7;0;2;3;1;1
202200005777;803 699;7;0;2;3;18;1
202200005777;803 702;7;0;2;4;23;1
202200005777;803 707;7;0;2;2;16;1
202200005778;803 696;10;0;2;1;26;6
202200005779;803 697;7;4;0;1;2;1
202200005780;803 693;30;0;0;0;0;1
202200005781;803 694;7;0;1;1;1;1
202200005782;803 692;7;0;2;1;15;2
202200005782;803 695;7;0;2;2;1;1
202200005783;803 689;60;0;2;8;0;5
202200005783;803 691;7;0;9;1;26;1
202200005784;803 687;0;;;;;
202200005784;803 690;1;0;2;1;1;5
202200005785;803 688;7;6;0;1;1;1
202200005786;803 686;7;0;1;3;15;1
202200005787;803 685;50;14;0;1;1;3
202200005788;803 682;1;0;0;0;1;5
202200005789;803 681;7;0;2;1;2;1
202200005789;803 684;14;0;0;6;2;1
202200005790;803 679;7;0;2;8;1;1
202200005790;803 683;7;0;2;2;17;1
202200005791;803 680;7;0;1;2;17;1
202200005792;803 675;7;9;2;3;23;1
202200005792;803 677;7;0;2;2;1;1
202200005792;803 678;7;9;2;1;18;1
202200005793;803 674;7;0;2;2;17;1
202200005793;803 676;7;0;2;3;13;1
202200005794;803 673;7;1;1;1;1;1
202200005795;803 672;7;0;0;1;0;1
202200005796;803 670;10;0;2;1;1;1
202200005796;803 671;2;0;2;4;1;1
202200005797;803 669;7;0;0;9;0;1
202200005798;803 665;7;0;2;1;1;1
202200005798;803 668;7;0;2;3;1;1
202200005799;803 667;7;8;0;1;0;1
202200005800;803 664;33;0;2;1;1;1
202200005800;803 666;7;0;2;5;15;1
202200005801;803 662;7;15;2;4;13;1
202200005801;803 663;7;0;2;1;24;1
202200005802;803 661;7;0;1;2;16;1
202200005803;803 660;10;4;0;0;24;1
202200005804;803 655;10;0;2;6;15;1
202200005804;803 657;32;0;2;1;1;1
202200005805;803 654;7;0;2;2;1;1
202200005805;803 658;1;0;2;8;19;5
202200005806;803 652;7;0;2;1;1;1
202200005806;803 656;7;0;2;6;1;1
202200005807;803 653;7;0;2;3;2;1
202200005807;803 659;7;0;2;5;1;1
202200005808;803 648;10;0;2;1;13;1
202200005808;803 650;7;0;2;1;1;1
202200005809;803 646;17;1;0;5;23;1
202200005809;803 649;20;0;2;3;2;1
202200005810;803 645;7;0;9;3;0;1
202200005810;803 647;7;0;2;1;1;1
202200005810;803 651;7;0;2;1;5;1
202200005811;803 642;7;0;1;1;1;1
202200005812;803 644;7;0;1;4;16;1
202200005813;803 640;7;0;2;8;9;1
202200005813;803 643;7;0;2;2;1;1
202200005814;803 635;7;0;2;1;1;1
202200005814;803 637;7;0;2;6;23;1
202200005815;803 631;7;14;0;9;21;1
202200005816;803 630;7;9;2;3;1;1
202200005816;803 633;7;9;2;3;15;1
202200005817;803 629;37;0;2;0;0;1
202200005817;803 632;3;0;2;8;16;1
202200005818;803 628;31;6;0;1;1;1
202200005819;803 627;7;0;1;3;9;1
202200005820;803 625;33;0;2;7;0;1
202200005820;803 626;31;0;2;8;26;1
202200005821;803 621;7;0;2;1;1;0
202200005821;803 624;34;0;2;7;17;1
202200005822;803 619;7;3;2;3;1;1
202200005822;803 622;7;0;2;3;13;1
202200005823;803 618;7;0;1;8;1;1
202200005824;803 617;7;0;2;1;1;1
202200005824;803 623;7;0;2;7;19;1
202200005825;803 616;7;0;2;1;1;1
202200005825;803 620;7;0;2;1;1;1
202200005826;803 615;2;12;0;1;14;1
202200005827;803 613;31;0;2;1;17;1
202200005827;803 614;7;0;2;3;15;1
202200005828;803 612;7;4;0;2;26;1
202200005829;803 609;7;0;2;1;1;1
202200005829;803 610;99;3;0;4;1;1
202200005830;803 608;7;0;2;4;23;1
202200005830;803 611;7;0;2;1;2;1
202200005831;803 606;33;15;0;0;0;0
202200005832;803 605;7;1;2;9;2;1
202200005832;803 607;7;0;2;2;14;1
202200005833;803 604;7;11;0;9;1;1
202200005834;803 602;7;1;0;2;1;1
202200005835;803 601;10;0;2;3;1;1
202200005835;803 603;7;0;2;8;9;1
202200005836;803 599;7;0;1;3;9;1
202200005837;803 598;21;0;2;1;19;1
202200005837;803 600;7;13;2;7;21;1
202200005838;803 594;10;0;0;4;2;1
202200005838;803 596;33;0;2;1;2;1
202200005839;803 595;80;0;1;1;1;3
202200005840;803 593;7;0;2;4;2;1
202200005840;803 597;7;0;2;1;2;1
202200005841;803 591;7;0;2;6;1;1
202200005841;803 592;7;0;2;3;13;1
202200005842;803 590;33;0;0;8;1;1
202200005843;803 588;7;6;0;9;1;1
202200005844;803 584;14;13;0;0;1;1
202200005845;803 585;50;0;2;1;1;3
202200005845;803 586;10;0;2;3;5;1
202200005846;803 580;7;0;2;8;13;1
202200005846;803 582;7;0;2;2;5;1
202200005847;803 581;7;0;2;3;1;1
202200005847;803 583;33;0;2;8;1;1
202200005848;803 578;7;2;2;7;14;1
202200005848;803 579;7;0;2;1;1;1
202200005849;803 576;10;0;0;0;1;1
202200005850;803 574;7;0;2;1;2;1
202200005850;803 577;7;0;2;4;2;1
202200005851;803 571;7;0;2;1;1;1
202200005851;803 575;7;6;2;2;1;1
202200005852;803 569;7;0;2;1;15;1
202200005852;803 572;30;0;2;3;18;1
202200005853;803 570;7;0;0;0;24;2
202200005853;803 573;7;0;1;3;1;1
202200005854;803 567;2;0;2;1;1;1
202200005854;803 568;7;0;2;8;15;1
202200005855;803 565;1;8;0;1;1;5
202200005856;803 566;7;0;1;1;9;1
202200005857;803 564;7;0;1;2;1;1
202200005858;803 561;1;1;0;1;1;5
202200005858;803 563;7;0;0;1;24;1
202200005859;803 558;33;0;0;1;14;0
202200005860;803 560;7;0;2;8;15;1
202200005860;803 562;30;0;2;1;1;1
202200005861;803 559;7;2;0;8;1;1
202200005862;803 557;31;0;0;0;1;1
202200005863;803 555;33;3;0;1;1;1
202200005864;803 554;7;0;2;1;2;1
202200005864;803 556;7;0;2;4;2;1
202200005865;803 551;33;0;2;2;17;1
202200005865;803 553;7;0;0;6;20;1
202200005866;803 548;30;0;2;1;2;1
202200005866;803 550;7;0;2;6;2;1
202200005867;803 547;7;0;1;2;1;1
202200005868;803 545;1;0;1;1;1;5
202200005869;803 543;7;0;1;8;17;1
202200005870;803 542;1;0;2;3;1;5
202200005870;803 544;7;0;2;3;9;1
202200005871;803 541;1;0;0;0;0;5
202200005872;803 546;7;0;2;1;21;1
202200005872;803 549;7;0;2;3;21;1
202200005872;803 552;7;0;2;3;5;1
202200005873;803 539;7;6;0;2;1;1
202200005874;803 538;10;0;2;7;15;1
202200005874;803 540;33;0;2;1;1;1
202200005875;803 537;7;2;0;9;14;1
202200005876;803 535;33;0;2;1;17;1
202200005876;803 536;7;0;0;6;17;1
202200005877;803 533;31;0;2;1;1;1
202200005877;803 534;7;0;2;7;1;1
202200005878;803 529;7;0;2;3;5;1
202200005878;803 530;7;0;2;0;1;1
202200005878;803 532;15;0;2;3;1;1
202200005879;803 531;7;0;1;3;15;1
202200005880;803 528;7;0;1;1;1;2
202200005881;803 527;7;13;0;9;1;1
202200005882;803 524;7;0;9;0;0;1
202200005882;803 526;7;0;2;1;2;1
202200005883;803 523;35;0;0;0;0;0
202200005884;803 525;7;2;0;2;14;1
202200005885;803 522;7;16;0;9;1;1
202200005886;803 520;7;13;0;3;0;1
202200005887;803 519;7;0;2;2;1;1
202200005887;803 521;7;0;2;3;15;1
202200005888;803 518;31;6;0;3;0;1
202200005889;803 517;33;13;0;0;0;1
202200005890;803 515;7;0;1;8;0;1
202200005891;803 514;34;0;0;0;1;1
202200005892;803 513;10;0;1;1;1;1
202200005893;803 511;37;0;1;2;15;1
202200005894;803 510;10;0;2;3;1;1
202200005894;803 512;7;0;2;3;13;1
202200005895;803 509;2;14;0;1;0;1
202200005896;803 508;7;0;1;5;1;1
202200005897;803 506;7;15;0;3;0;1
202200005898;803 505;7;0;2;4;1;1
202200005898;803 507;7;0;2;1;1;1
202200005899;803 504;7;0;1;3;1;1
202200005900;803 502;7;0;2;1;2;1
202200005900;803 503;7;0;2;4;2;1
202200005901;803 500;7;15;1;1;1;1
202200005902;803 498;17;0;0;4;23;1
202200005902;803 499;10;1;0;1;1;1
202200005902;803 501;7;0;0;8;21;1
202200005903;803 495;7;0;2;1;1;1
202200005903;803 497;7;0;2;1;1;1
202200005904;803 494;33;0;2;5;2;1
202200005904;803 496;33;0;2;3;21;1
202200005905;803 493;7;16;0;1;14;1
202200005906;803 489;7;0;2;0;1;1
202200005906;803 491;7;0;2;3;1;1
202200005906;803 492;7;0;2;1;5;1
202200005907;803 487;50;0;0;4;23;3
202200005907;803 488;2;0;2;1;1;1
202200005908;803 486;7;0;1;1;26;1
202200005909;803 485;7;2;0;9;1;2
202200005910;803 481;7;8;0;8;15;1
202200005910;803 482;33;0;2;2;17;1
202200005911;803 483;1;2;2;1;13;5
202200005911;803 484;7;0;2;2;1;1
202200005912;803 478;10;3;2;3;0;1
202200005912;803 480;7;0;2;3;0;1
202200005913;803 477;7;1;0;8;26;1
202200005913;803 479;7;0;2;1;1;1
202200005914;803 474;32;0;2;1;1;1
202200005914;803 476;7;0;0;8;19;1
202200005915;803 473;33;0;2;1;1;1
202200005915;803 475;7;0;2;3;5;1
202200005916;803 472;2;13;0;0;1;1
202200005917;803 469;7;0;2;4;23;1
202200005917;803 470;7;0;2;1;1;1
202200005918;803 468;2;0;2;8;1;1
202200005918;803 471;7;0;2;1;15;1
202200005919;803 466;50;0;2;1;26;3
202200005919;803 467;15;0;2;7;26;1
202200005920;803 465;7;0;1;1;15;0
202200005921;803 463;7;0;2;7;15;1
202200005921;803 464;2;0;2;1;1;1
202200005922;803 460;7;13;0;4;16;0
202200005922;803 462;10;0;0;1;1;0
202200005923;803 459;31;0;2;1;13;1
202200005923;803 461;7;0;2;1;1;1
202200005924;803 456;7;0;2;3;1;1
202200005924;803 458;2;0;2;1;26;1
202200005925;803 455;7;0;2;1;1;1
202200005925;803 457;7;0;2;1;13;1
202200005926;803 452;33;0;0;1;2;1
202200005926;803 453;7;0;0;4;23;1
202200005927;803 454;7;0;1;5;20;1
202200005928;803 451;33;13;0;1;1;1
202200005929;803 450;31;0;0;3;1;1
202200005930;803 448;21;15;0;9;1;1
202200005931;803 445;16;0;2;7;12;1
202200005931;803 446;7;0;2;8;1;1
202200005932;803 443;7;0;2;1;2;1
202200005932;803 444;7;0;2;4;1;1
202200005933;803 439;30;0;2;1;1;0
202200005933;803 441;30;0;2;6;19;0
202200005934;803 436;7;0;2;7;1;1
202200005934;803 437;2;0;2;1;9;0
202200005935;803 435;7;0;2;1;2;1
202200005935;803 438;7;0;2;6;1;1
202200005935;803 440;7;0;2;7;1;1
202200005935;803 442;7;0;2;7;1;1
202200005936;803 432;10;0;2;5;1;1
202200005936;803 434;7;4;2;1;14;1
202200005937;803 431;7;0;2;6;15;1
202200005937;803 433;31;0;2;1;1;1
202200005938;803 428;31;0;2;0;0;1
202200005938;803 430;7;0;2;0;11;1
202200005939;803 427;30;0;2;1;1;1
202200005939;803 429;7;0;2;1;13;0
202200005940;803 425;7;0;2;1;2;1
202200005940;803 426;7;0;2;4;2;1
202200005941;803 424;7;2;0;2;1;1
202200005942;803 422;33;0;2;3;17;1
202200005942;803 423;7;0;2;3;17;1
202200005943;803 420;7;0;2;3;1;0
202200005943;803 421;7;0;2;6;9;1
202200005944;803 419;7;12;0;1;16;1
202200005945;803 417;7;0;2;6;2;1
202200005945;803 418;7;0;2;7;17;1
202200005946;803 416;7;17;0;1;13;1
202200005947;803 415;80;12;0;0;13;3
202200005948;803 414;32;0;0;7;1;3
202200005949;803 412;30;0;2;1;2;3
202200005949;803 413;10;0;2;6;4;1
202200005950;803 411;7;9;1;1;21;2
202200005951;803 409;7;0;2;3;1;3
202200005951;803 410;50;0;2;1;9;3
202200005952;803 407;7;0;2;3;15;1
202200005952;803 408;30;0;2;2;17;3
202200005953;803 405;14;0;2;4;1;1
202200005953;803 406;31;0;2;1;1;1
202200005954;803 404;30;0;1;1;1;3
202200005955;803 402;7;0;2;3;1;1
202200005955;803 403;10;0;2;8;1;1
202200005956;803 401;1;12;0;0;14;5
202200005957;803 399;30;0;2;1;1;1
202200005957;803 400;7;0;2;3;1;1
202200005958;803 397;7;0;2;3;13;2
202200005958;803 398;30;0;2;2;1;3
202200005959;803 396;1;0;2;0;1;5
202200005960;803 394;15;0;2;7;1;1
202200005960;803 395;7;0;2;6;23;1
202200005961;803 392;7;0;9;0;0;1
202200005961;803 393;33;0;2;2;0;1
202200005962;803 390;10;0;9;3;1;1
202200005962;803 391;99;0;2;2;1;3
202200005963;803 388;7;0;2;3;1;2
202200005963;803 389;30;0;2;1;15;1
202200005964;803 386;7;0;2;4;1;1
202200005964;803 387;0;0;2;0;0;
202200005965;803 384;1;0;2;1;1;5
202200005965;803 385;7;0;2;5;4;1
202200005966;803 382;10;0;2;7;16;1
202200005966;803 383;1;0;2;1;1;5
202200005967;803 380;33;0;2;6;26;1
202200005967;803 381;7;0;0;6;2;1
202200005968;803 379;50;0;1;1;1;3
202200005969;803 377;7;0;2;3;15;1
202200005969;803 378;34;0;2;3;1;1
202200005970;803 375;7;0;1;3;1;2
202200005971;803 373;1;0;2;1;2;5
202200005971;803 374;10;0;0;4;23;1
202200005972;803 372;33;13;0;2;1;1
202200005973;803 371;7;0;1;2;1;1
202200005974;803 370;7;13;0;1;1;1
202200005975;803 367;7;0;1;1;1;1
202200005976;803 368;1;0;2;1;1;5
202200005976;803 369;10;0;9;7;1;1
202200005977;803 364;43;0;2;1;2;1
202200005977;803 366;7;0;0;4;15;1
202200005978;803 363;7;0;2;3;5;1
202200005978;803 365;2;0;2;1;1;3
202200005979;803 361;7;0;2;6;1;1
202200005979;803 362;7;9;2;3;1;1
202200005980;803 357;7;0;2;7;17;1
202200005980;803 359;1;0;2;3;13;5
202200005981;803 358;1;0;2;0;2;5
202200005981;803 360;7;0;2;4;23;0
202200005982;803 354;15;0;2;3;13;1
202200005982;803 356;7;0;2;1;1;1
202200005983;803 353;32;0;2;1;18;1
202200005983;803 355;7;0;2;5;16;1
202200005984;803 351;7;0;0;6;15;1
202200005984;803 352;2;0;2;1;2;1
202200005985;803 349;7;0;0;2;21;6
202200005985;803 350;2;0;2;1;19;1
202200005986;803 345;7;2;0;3;14;1
202200005987;803 344;7;0;2;4;1;1
202200005987;803 346;7;0;2;1;2;1
202200005987;803 347;7;0;0;4;2;1
202200005987;803 348;15;0;2;3;1;1
202200005988;803 341;33;0;0;2;1;1
202200005988;803 343;14;0;9;0;1;1
202200005989;803 340;7;0;1;1;1;1
202200005990;803 338;7;0;1;1;1;1
202200005991;803 337;7;0;2;2;15;1
202200005991;803 339;2;0;2;1;1;1
202200005992;803 336;33;5;0;1;1;1
202200005993;803 333;31;0;2;1;5;1
202200005993;803 335;7;0;2;1;0;1
202200005994;803 331;31;0;0;0;1;1
202200005995;803 328;16;0;0;0;1;1
202200005995;803 330;7;1;2;2;14;1
202200005996;803 327;10;0;2;1;1;1
202200005996;803 329;10;0;2;7;1;1
202200005997;803 325;33;12;0;8;1;1
202200005998;803 324;7;0;2;1;1;1
202200005998;803 326;10;0;2;1;1;1
202200005999;803 322;2;0;0;9;14;1
202200006000;803 321;15;0;9;5;1;1
202200006000;803 323;1;0;2;1;9;5
202200006001;803 318;7;0;0;1;1;1
202200006001;803 320;7;0;0;6;13;1
202200006002;803 317;10;0;2;1;2;1
202200006002;803 319;7;0;2;4;2;1
202200006003;803 316;33;0;0;7;2;1
202200006004;803 314;7;0;2;1;2;1
202200006004;803 315;7;0;2;4;2;1
202200006005;803 312;33;0;1;1;18;1
202200006006;803 310;7;0;2;6;9;1
202200006006;803 311;7;0;2;1;1;1
202200006006;803 313;15;0;2;2;1;1
202200006007;803 309;3;0;1;1;1;1
202200006008;803 307;33;0;2;3;3;1
202200006008;803 308;10;0;2;0;0;0
202200006009;803 305;10;0;1;1;1;1
202200006010;803 303;7;0;2;1;1;1
202200006010;803 304;7;0;0;0;0;1
202200006010;803 306;7;0;0;0;0;1
202200006011;803 301;7;0;0;9;1;1
202200006012;803 300;7;0;2;3;1;1
202200006012;803 302;7;0;2;7;15;1
202200006013;803 299;7;0;9;1;1;1
202200006014;803 296;31;0;2;3;3;1
202200006014;803 297;7;0;2;5;12;1
202200006014;803 298;10;0;2;0;1;1
202200006015;803 294;7;0;0;2;17;1
202200006015;803 295;7;0;2;3;13;1
202200006016;803 290;7;0;0;6;1;1
202200006016;803 291;7;0;0;6;1;1
202200006016;803 292;7;0;0;1;1;1
202200006016;803 293;7;0;2;1;11;1
202200006017;803 289;7;2;0;1;1;0
202200006018;803 285;33;0;2;8;3;1
202200006018;803 287;17;0;2;7;2;1
202200006018;803 288;7;0;2;6;1;1
202200006019;803 286;7;13;0;1;1;1
202200006020;803 283;7;2;0;1;13;1
202200006021;803 281;7;0;2;1;1;1
202200006021;803 282;7;0;2;6;1;1
202200006021;803 284;7;0;2;2;1;1
202200006022;803 280;10;8;0;3;13;1
202200006023;803 279;7;3;0;2;14;1
202200006024;803 276;10;0;2;4;2;1
202200006024;803 278;10;0;2;1;2;1
202200006025;803 277;7;2;0;2;1;1
202200006026;803 273;15;0;2;2;1;1
202200006026;803 275;7;0;2;8;11;1
202200006027;803 272;7;0;2;1;1;1
202200006027;803 274;7;0;2;3;13;1
202200006028;803 270;7;0;2;8;11;1
202200006028;803 271;33;0;2;7;3;1
202200006029;803 268;7;0;2;1;5;1
202200006029;803 269;37;4;2;3;1;6
202200006030;803 267;1;0;0;0;1;5
202200006031;803 264;33;0;2;0;0;1
202200006031;803 266;7;0;2;8;20;1
202200006032;803 263;7;0;2;1;0;1
202200006032;803 265;7;0;2;1;13;1
202200006033;803 262;3;0;0;9;13;1
202200006034;803 257;34;0;2;3;1;1
202200006034;803 259;50;0;2;7;19;3
202200006035;803 258;7;0;2;1;2;1
202200006035;803 260;7;0;2;4;2;1
202200006035;803 261;7;0;2;4;2;1
202200006036;803 255;33;13;0;2;1;1
202200006037;803 254;7;0;2;6;1;1
202200006037;803 256;30;0;1;1;16;1
202200006038;803 252;7;0;2;3;13;1
202200006038;803 253;7;0;2;3;0;1
202200006039;803 250;7;1;1;1;1;1
202200006040;803 247;38;0;2;1;1;1
202200006040;803 249;7;0;2;1;13;1
202200006041;803 245;33;0;2;7;17;1
202200006041;803 246;7;0;2;3;10;1
202200006042;803 242;10;0;2;1;19;1
202200006042;803 244;7;3;2;1;1;1
202200006043;803 241;33;0;2;0;0;1
202200006043;803 243;7;0;2;0;0;1
202200006044;803 238;7;7;0;0;0;1
202200006045;803 239;7;13;2;1;2;1
202200006045;803 240;7;0;0;6;2;1
202200006046;803 236;2;0;2;2;1;1
202200006046;803 237;7;0;2;2;1;1
202200006047;803 234;10;0;2;1;2;1
202200006047;803 235;7;3;2;4;2;1
202200006048;803 232;7;0;2;0;15;1
202200006048;803 233;2;0;2;1;17;1
202200006049;803 231;7;2;0;5;17;1
202200006050;803 230;7;0;1;1;1;1
202200006051;803 229;10;0;1;1;19;1
202200006052;803 228;1;0;1;1;1;5
202200006053;803 225;33;0;2;1;1;1
202200006053;803 227;7;0;0;6;1;3
202200006054;803 224;7;0;2;8;0;1
202200006054;803 226;7;0;2;1;1;2
202200006055;803 221;7;0;2;1;1;1
202200006055;803 223;7;0;2;7;26;1
202200006056;803 219;7;0;2;1;1;1
202200006056;803 220;7;0;2;4;23;1
202200006056;803 222;7;0;0;4;23;1
202200006057;803 216;10;0;2;1;0;1
202200006057;803 217;10;0;2;4;0;1
202200006057;803 218;7;0;2;1;2;1
202200006058;803 212;7;0;9;1;1;1
202200006058;803 213;50;0;2;8;19;3
202200006059;803 214;33;0;0;1;1;1
202200006059;803 215;7;0;0;7;15;1
202200006060;803 209;7;0;2;1;1;1
202200006060;803 211;10;0;2;6;1;1
202200006061;803 210;7;16;0;0;21;1
202200006062;803 207;33;0;2;3;18;1
202200006062;803 208;15;0;2;2;16;1
202200006063;803 206;7;0;1;3;1;1
202200006064;803 204;7;2;0;2;1;1
202200006065;803 203;7;0;2;2;19;1
202200006065;803 205;7;0;2;8;1;1
202200006066;803 202;7;13;0;2;26;1
202200006067;803 199;7;0;2;1;9;1
202200006067;803 201;7;0;2;5;1;1
202200006068;803 197;7;0;1;1;15;1
202200006069;803 195;7;0;2;1;2;1
202200006069;803 196;99;0;9;4;1;0
202200006070;803 193;7;0;2;3;1;0
202200006070;803 194;7;0;2;3;5;1
202200006071;803 192;7;15;0;1;14;1
202200006072;803 191;7;0;1;3;1;1
202200006073;803 190;7;3;0;1;1;1
202200006074;803 189;7;0;1;3;15;1
202200006075;803 186;7;0;2;1;2;1
202200006075;803 187;7;0;2;4;2;1
202200006076;803 185;7;0;1;2;1;1
202200006077;803 181;7;0;2;1;1;1
202200006077;803 182;7;0;2;4;1;1
202200006078;803 180;7;1;2;2;1;2
202200006078;803 183;17;0;2;6;24;0
202200006078;803 184;10;0;2;1;1;1
202200006079;803 177;2;0;2;6;9;1
202200006079;803 179;2;0;2;6;1;1
202200006080;803 178;7;4;0;3;1;1
202200006081;803 173;7;0;2;1;1;1
202200006081;803 175;7;0;2;4;1;1
202200006082;803 174;50;0;2;1;1;3
202200006082;803 176;7;0;2;6;15;1
202200006083;803 171;7;0;1;2;1;1
202200006084;803 170;7;0;2;5;2;1
202200006084;803 172;43;0;2;1;3;1
202200006085;803 169;7;0;1;1;1;0
202200006086;803 165;39;0;1;1;1;3
202200006087;803 166;15;0;2;8;1;1
202200006087;803 167;7;0;2;5;1;1
202200006087;803 168;33;0;2;8;3;1
202200006088;803 162;7;0;2;8;15;1
202200006088;803 164;33;0;2;1;1;1
202200006089;803 161;7;0;2;1;1;1
202200006089;803 163;7;0;2;4;1;2
202200006090;803 159;7;0;1;6;1;1
202200006091;803 160;7;4;0;8;13;1
202200006092;803 158;7;0;1;1;1;1
202200006093;803 156;7;0;2;4;2;1
202200006093;803 157;7;0;2;1;2;1
202200006094;803 154;10;0;2;2;1;1
202200006094;803 155;31;0;2;2;1;1
202200006095;803 153;7;0;2;9;1;1
202200006096;803 148;7;0;2;1;1;1
202200006096;803 150;7;0;2;3;1;1
202200006096;803 152;7;0;2;1;13;1
202200006097;803 146;7;0;2;4;1;1
202200006097;803 147;7;0;2;4;1;1
202200006097;803 149;10;0;2;4;1;1
202200006097;803 151;14;0;2;1;1;1
202200006098;803 145;50;0;9;1;1;3
202200006099;803 144;7;0;9;3;2;1
202200006100;803 143;7;0;0;1;1;1
202200006101;803 141;7;0;2;2;2;1
202200006101;803 142;1;0;2;4;2;5
202200006102;803 140;32;1;0;5;1;1
202200006103;803 139;33;0;0;1;11;1
202200006104;803 137;7;0;2;9;16;1
202200006104;803 138;7;0;2;9;1;1
202200006105;803 135;7;0;2;0;23;0
202200006105;803 136;7;0;2;1;1;0
202200006106;803 133;7;0;2;8;19;1
202200006106;803 134;30;0;2;7;1;1
202200006107;803 131;10;0;9;1;15;1
202200006107;803 132;50;0;9;1;15;3
202200006108;803 129;7;0;2;3;15;1
202200006108;803 130;7;1;2;2;1;1
202200006109;803 127;7;0;1;2;0;1
202200006110;803 126;7;1;2;7;22;1
202200006110;803 128;60;1;2;1;26;5
202200006111;803 124;7;0;2;1;1;1
202200006111;803 125;7;8;2;1;1;1
202200006112;803 122;50;0;2;0;0;3