Num_Acc;id_vehicule;categorie_vehicule;obstacle_fixe;obstacle_mobile;point_choc_initial;manoeuvre_principale;motorisation
202200006112;803 123;7;0;2;1;15;1
202200006113;803 121;7;0;1;2;15;1
202200006114;803 119;1;0;2;4;17;5
202200006114;803 120;80;0;2;1;17;3
202200006115;803 117;31;0;2;7;1;3
202200006115;803 118;7;0;2;8;15;1
202200006116;803 114;7;0;2;1;2;1
202200006116;803 115;7;0;2;4;15;1
202200006117;803 112;7;6;0;3;1;1
202200006118;803 111;7;0;2;4;2;1
202200006118;803 113;7;0;2;1;2;1
202200006119;803 108;7;0;2;1;18;1
202200006119;803 110;1;0;2;4;1;5
202200006120;803 104;7;0;2;1;13;1
202200006120;803 106;10;0;2;1;1;1
202200006121;803 103;7;0;2;4;23;1
202200006121;803 105;7;0;2;4;23;1
202200006121;803 107;7;0;2;4;23;1
202200006121;803 109;7;0;2;1;2;1
202200006122;803 101;33;0;2;4;1;1
202200006122;803 102;7;0;2;1;1;1
202200006123;803 099;33;0;2;1;2;1
202200006123;803 100;33;0;2;4;2;1
202200006124;803 098;2;0;0;0;0;1
202200006125;803 094;80;0;2;1;1;3
202200006125;803 097;7;0;2;1;15;1
202200006126;803 093;7;0;2;5;15;1
202200006126;803 095;7;0;2;1;5;1
202200006126;803 096;33;0;2;1;21;1
202200006127;803 091;7;1;0;3;9;1
202200006128;803 092;30;0;1;1;1;1
202200006129;803 090;7;0;1;1;20;1
202200006130;803 088;32;0;2;8;1;1
202200006130;803 089;7;0;2;3;15;0
202200006131;803 086;33;0;2;1;15;1
202200006131;803 087;33;0;2;1;1;1
202200006132;803 084;30;0;2;2;1;3
202200006132;803 085;7;0;2;2;15;2
202200006133;803 082;2;0;2;1;2;1
202200006133;803 083;7;0;2;3;15;1
202200006134;803 080;1;0;2;8;1;5
202200006134;803 081;7;0;2;1;15;1
202200006135;803 079;30;0;0;7;15;1
202200006136;803 075;7;0;2;8;9;1
202200006136;803 077;50;0;2;1;1;3
202200006137;803 076;7;0;2;3;10;1
202200006137;803 078;33;0;2;1;17;1
202200006138;803 074;7;2;0;9;1;1
202200006139;803 072;43;0;2;1;1;1
202200006139;803 073;30;0;2;7;16;1
202200006140;803 069;7;0;2;8;1;1
202200006140;803 070;7;0;2;8;11;1
202200006140;803 071;33;0;2;7;17;1
202200006141;803 065;7;0;2;3;15;1
202200006141;803 067;33;0;2;1;1;1
202200006142;803 066;2;0;2;1;1;1
202200006142;803 068;7;0;2;6;15;1
202200006143;803 061;7;0;2;3;15;1
202200006143;803 064;1;0;2;1;1;5
202200006144;803 062;10;0;2;2;1;0
202200006144;803 063;1;0;2;3;1;5
202200006145;803 060;10;1;0;1;1;1
202200006146;803 058;10;0;2;2;1;3
202200006146;803 059;30;0;2;1;1;3
202200006147;803 057;10;;1;;;
202200006148;803 055;1;0;2;4;1;5
202200006148;803 056;33;0;2;1;1;1
202200006149;803 052;10;0;2;1;15;1
202200006149;803 054;7;0;2;8;1;1
202200006150;803 051;50;0;0;8;16;3
202200006151;803 049;37;0;2;8;1;1
202200006151;803 050;7;0;2;0;17;0
202200006152;803 048;7;0;1;2;1;1
202200006153;803 045;10;0;2;1;1;1
202200006153;803 047;7;0;2;7;1;1
202200006154;803 044;32;0;2;1;1;3
202200006154;803 046;2;0;2;4;23;3
202200006155;803 043;7;6;0;1;1;1
202200006156;803 041;50;0;2;2;15;3
202200006156;803 042;33;0;2;1;1;1
202200006157;803 038;31;0;2;1;1;1
202200006157;803 040;7;0;2;3;13;1
202200006158;803 037;50;0;2;8;1;3
202200006158;803 039;10;0;2;7;16;1
202200006159;803 036;32;0;0;8;1;1
202200006160;803 033;7;0;2;6;24;2
202200006160;803 035;30;0;2;1;18;3
202200006161;803 032;7;0;2;7;13;1
202200006161;803 034;32;0;2;1;1;1
202200006162;803 029;7;0;2;3;15;1
202200006162;803 030;32;0;2;1;17;1
202200006163;803 028;7;0;2;3;1;1
202200006163;803 031;7;0;2;3;1;1
202200006164;803 025;37;0;2;5;1;2
202200006164;803 027;50;14;2;8;16;3
202200006165;803 024;7;0;2;8;15;1
202200006165;803 026;7;0;2;1;1;1
202200006166;803 023;60;14;1;1;1;5
202200006167;803 022;36;8;0;2;1;1
202200006168;803 020;7;0;0;1;1;1
202200006169;803 019;7;0;2;1;21;1
202200006169;803 021;31;0;2;0;17;0
202200006170;803 018;50;0;0;0;26;3
202200006171;803 014;7;0;2;0;0;1
202200006171;803 015;10;0;2;0;0;1
202200006171;803 016;7;0;2;3;0;2
202200006171;803 017;7;0;2;1;0;2
202200006172;803 012;1;0;2;1;1;5
202200006172;803 013;7;0;2;2;15;1
202200006173;803 010;1;0;2;8;1;5
202200006173;803 011;7;0;9;0;0;0
202200006174;803 007;7;0;2;3;1;1
202200006174;803 009;7;0;2;3;13;1
202200006175;803 006;60;0;2;0;13;5
202200006175;803 008;7;0;2;7;1;1
202200006176;803 003;7;4;0;2;1;1
202200006177;803 001;7;1;0;3;1;1
202200006177;803 002;7;12;2;3;21;3
202200006178;802 999;17;0;2;8;0;1
202200006178;803 000;7;0;2;3;5;1
202200006179;802 997;7;0;2;2;16;1
202200006179;802 998;33;0;2;8;18;1
202200006180;802 995;7;1;1;7;0;0
202200006181;802 994;1;0;2;3;1;5
202200006181;802 996;7;0;2;1;15;1
202200006182;802 993;7;0;1;1;20;1
202200006183;802 990;7;0;2;8;1;1
202200006183;802 991;10;0;2;3;1;1
202200006183;802 992;10;0;2;2;1;1
202200006184;802 989;7;0;1;1;2;3
202200006185;802 987;7;14;;1;1;1
202200006186;802 986;50;0;2;1;15;3
202200006186;802 988;7;0;9;3;0;0
202200006187;802 984;17;0;2;3;26;1
202200006187;802 985;17;0;2;3;1;1
202200006188;802 983;7;5;0;1;1;0
202200006189;802 979;7;0;2;2;1;1
202200006189;802 981;33;0;2;1;16;1
202200006190;802 980;7;0;2;7;13;1
202200006190;802 982;10;0;2;1;1;1
202200006191;802 978;7;0;1;1;1;1
202200006192;802 976;7;0;1;2;1;1
202200006193;802 974;7;0;2;3;24;1
202200006193;802 975;1;0;0;0;0;5
202200006194;802 977;7;0;0;9;0;2
202200006195;802 973;33;0;0;7;1;1
202200006196;802 972;37;0;1;2;16;0
202200006197;802 971;1;8;0;1;13;5
202200006198;802 969;7;0;2;7;10;1
202200006198;802 970;2;0;2;8;1;1
202200006199;802 968;7;0;1;2;2;1
202200006200;802 964;10;0;2;1;2;1
202200006200;802 967;14;0;2;4;2;1
202200006201;802 963;30;0;0;7;0;1
202200006202;802 961;7;0;2;1;9;1
202200006202;802 962;1;0;2;1;19;5
202200006203;802 959;7;0;2;3;1;1
202200006203;802 960;7;0;2;1;1;1
202200006203;802 965;7;0;2;4;15;1
202200006203;802 966;15;0;2;8;1;0
202200006204;802 958;7;0;0;0;1;1
202200006205;802 956;7;0;9;3;16;1
202200006205;802 957;1;0;2;1;19;5
202200006206;802 955;33;3;5;1;0;1
202200006207;802 952;50;0;2;1;26;3
202200006207;802 953;34;0;9;2;0;1
202200006207;802 954;7;0;9;3;0;1
202200006208;802 950;15;0;2;7;1;1
202200006208;802 951;7;0;2;1;1;0
202200006209;802 949;7;0;1;0;0;1
202200006210;802 948;33;0;9;2;1;1
202200006211;802 946;7;13;2;6;15;1
202200006211;802 947;17;0;2;1;1;1
202200006212;802 945;7;15;0;7;1;1
202200006213;802 943;1;0;2;9;1;5
202200006213;802 944;7;0;0;3;15;0
202200006214;802 942;31;12;0;7;9;1
202200006215;802 940;15;0;0;4;2;1
202200006215;802 941;10;0;2;1;2;1
202200006216;802 939;7;2;0;0;13;1
202200006217;802 938;2;0;0;8;26;1
202200006218;802 937;7;6;0;1;13;1
202200006219;802 936;7;13;0;2;1;1
202200006220;802 934;7;0;1;3;1;1
202200006221;802 933;10;0;2;3;1;1
202200006221;802 935;7;13;2;3;1;1
202200006222;802 932;7;3;0;0;1;1
202200006223;802 931;7;14;0;3;2;1
202200006224;802 928;10;0;0;6;2;1
202200006224;802 930;33;3;2;2;17;1
202200006225;802 927;7;0;2;1;1;1
202200006225;802 929;7;0;2;7;1;1
202200006226;802 925;7;0;2;1;2;1
202200006226;802 926;7;0;0;4;1;1
202200006227;802 924;7;8;0;2;0;0
202200006228;802 923;7;0;6;8;1;1
202200006229;802 921;7;13;0;1;1;1
202200006230;802 920;7;4;0;1;0;1
202200006230;802 922;7;0;2;2;0;1
202200006231;802 919;2;6;0;1;1;1
202200006232;802 918;7;9;0;1;1;1
202200006233;802 916;7;0;2;2;1;1
202200006233;802 917;7;0;2;3;15;1
202200006234;802 913;7;0;2;2;15;1
202200006234;802 914;7;0;2;2;1;1
202200006234;802 915;2;0;2;1;17;1
202200006235;802 911;7;0;0;0;9;1
202200006235;802 912;33;0;0;0;1;1
202200006236;802 910;10;0;1;2;2;1
202200006237;802 909;7;2;0;1;13;1
202200006238;802 908;10;0;1;2;1;1
202200006239;802 905;1;0;0;0;26;5
202200006239;802 906;1;0;0;4;1;5
202200006239;802 907;7;0;9;3;26;1
202200006240;802 903;7;0;2;3;1;1
202200006240;802 904;80;0;2;1;1;3
202200006241;802 902;7;2;0;7;1;1
202200006242;802 901;2;13;0;7;1;1
202200006243;802 899;37;0;2;1;2;1
202200006243;802 900;7;0;2;4;26;1
202200006244;802 897;33;0;2;1;1;1
202200006244;802 898;7;0;2;2;15;1
202200006245;802 895;7;0;2;1;1;1
202200006245;802 896;2;0;2;8;15;1
202200006246;802 893;99;0;2;8;15;1
202200006246;802 894;33;0;2;2;17;1
202200006247;802 891;7;0;2;3;10;1
202200006247;802 892;32;0;2;1;17;1
202200006248;802 888;30;0;2;1;2;1
202200006248;802 889;7;0;0;6;4;1
202200006249;802 886;1;0;2;1;1;5
202200006249;802 887;7;0;9;2;1;1
202200006250;802 883;7;0;2;3;13;1
202200006250;802 884;7;7;2;3;1;1
202200006251;802 882;7;2;0;1;14;1
202200006252;802 881;7;13;0;9;1;1
202200006253;802 880;7;0;0;9;21;1
202200006254;802 879;7;13;0;2;1;1
202200006255;802 876;7;0;2;3;9;1
202200006255;802 877;50;0;2;2;1;3
202200006256;802 875;7;0;2;3;1;1
202200006256;802 878;7;0;2;1;1;1
202200006257;802 872;7;0;2;1;2;1
202200006257;802 873;7;0;0;4;1;1
202200006258;802 869;7;0;2;1;1;1
202200006258;802 871;14;15;2;1;1;1
202200006259;802 866;7;0;2;2;15;3
202200006259;802 870;7;0;2;1;1;1
202200006259;802 874;7;0;2;3;23;1
202200006260;802 865;7;0;2;3;1;1
202200006260;802 867;7;0;2;3;1;1
202200006260;802 868;7;0;2;3;17;1
202200006261;802 864;33;7;0;9;2;1
202200006262;802 863;7;8;9;2;1;1
202200006263;802 862;7;0;1;8;1;3
202200006264;802 860;7;0;2;2;2;1
202200006264;802 861;1;0;2;8;2;5
202200006265;802 854;7;0;2;1;2;1
202200006265;802 855;7;0;2;4;2;1
202200006265;802 857;7;0;0;4;1;1
202200006266;802 853;7;0;9;7;5;1
202200006266;802 856;33;0;2;1;1;1
202200006267;802 850;7;0;2;1;13;1
202200006267;802 851;38;0;2;3;1;1
202200006268;802 846;10;0;0;6;23;1
202200006268;802 848;13;0;2;2;13;1
202200006269;802 845;10;0;2;3;15;1
202200006269;802 847;1;0;2;8;1;5
202200006270;802 843;10;0;2;2;2;1
202200006270;802 844;7;0;2;4;1;1
202200006271;802 840;7;13;0;1;1;1
202200006272;802 838;7;2;0;1;0;1
202200006273;802 835;7;15;1;1;1;1
202200006274;802 834;33;0;2;4;2;1
202200006274;802 836;7;0;2;6;2;3
202200006274;802 837;7;0;2;1;2;1
202200006274;802 839;7;0;2;1;2;1
202200006274;802 841;7;0;2;1;2;1
202200006274;802 842;7;0;0;0;26;1
202200006275;802 833;7;2;0;1;14;1
202200006276;802 826;7;0;2;2;14;1
202200006276;802 828;33;0;2;8;23;1
202200006276;802 830;7;0;2;6;23;1
202200006276;802 832;33;0;2;4;23;1
202200006277;802 825;10;0;2;1;2;1
202200006277;802 827;15;0;2;6;2;1
202200006277;802 829;7;0;2;1;2;1
202200006277;802 831;14;0;2;6;2;1
202200006278;802 821;7;0;1;3;1;2
202200006278;802 823;7;0;2;1;23;1
202200006279;802 820;10;4;2;9;13;1
202200006279;802 822;7;0;2;1;1;2
202200006279;802 824;10;0;2;1;2;1
202200006280;802 818;7;0;2;1;13;1
202200006280;802 819;10;0;2;3;1;1
202200006281;802 816;7;0;2;1;2;1
202200006281;802 817;32;0;2;4;2;1
202200006282;802 814;7;0;2;1;15;1
202200006282;802 815;7;0;2;3;1;1
202200006283;802 811;7;0;2;1;1;1
202200006283;802 813;7;0;2;4;23;1
202200006284;802 810;7;0;2;4;23;1
202200006284;802 812;7;0;2;2;2;1
202200006285;802 807;1;0;2;3;1;5
202200006285;802 808;7;0;9;3;1;1
202200006286;802 806;7;0;2;1;21;1
202200006286;802 809;7;0;2;4;12;1
202200006287;802 804;7;16;0;0;14;1
202200006288;802 803;10;0;2;1;15;1
202200006288;802 805;2;0;2;1;1;1
202200006289;802 801;32;0;0;0;1;1
202200006290;802 800;7;0;2;6;23;1
202200006290;802 802;7;0;2;1;2;1
202200006291;802 798;34;0;0;7;1;1
202200006292;802 796;10;0;0;4;1;1
202200006292;802 797;10;0;2;4;1;1
202200006292;802 799;10;0;2;1;1;1
202200006293;802 794;7;0;2;4;23;1
202200006293;802 795;2;1;0;1;2;1
202200006294;802 792;7;1;1;1;21;1
202200006295;802 791;7;0;2;4;1;1
202200006295;802 793;7;0;2;1;1;1
202200006296;802 790;15;3;0;2;14;1
202200006297;802 789;7;4;0;1;1;1
202200006298;802 785;7;4;2;1;21;1
202200006298;802 787;7;0;2;8;2;1
202200006299;802 786;10;0;2;1;2;1
202200006299;802 788;15;0;2;4;2;1
202200006300;802 783;7;9;0;1;6;1
202200006301;802 778;7;0;2;4;2;1
202200006301;802 781;7;0;2;4;2;1
202200006301;802 784;15;0;2;1;2;0
202200006302;802 777;10;4;0;1;1;1
202200006303;802 775;7;0;2;1;2;1
202200006303;802 776;7;0;2;1;2;1
202200006303;802 779;7;0;2;4;2;1
202200006303;802 780;7;0;2;4;2;1
202200006303;802 782;7;0;2;4;2;1
202200006304;802 772;7;0;0;6;10;2
202200006304;802 774;33;0;2;3;1;1
202200006305;802 771;10;4;2;0;0;1
202200006305;802 773;34;0;2;1;3;1
202200006306;802 765;33;0;2;1;0;1
202200006306;802 768;21;0;2;3;1;1
202200006307;802 764;7;0;2;6;11;1
202200006307;802 767;43;0;2;1;3;1
202200006308;802 762;7;0;2;4;1;1
202200006308;802 763;10;0;2;4;0;1
202200006308;802 766;7;0;2;4;1;1
202200006308;802 769;10;0;2;1;1;1
202200006308;802 770;7;14;0;1;1;1
202200006309;802 759;7;0;2;8;0;1
202200006309;802 760;43;0;2;2;3;1
202200006310;802 757;7;0;2;6;1;1
202200006310;802 758;10;0;2;1;2;1
202200006310;802 761;7;0;2;4;1;1
202200006311;802 753;14;0;2;2;1;1
202200006311;802 755;7;0;2;6;9;1
202200006312;802 754;10;0;2;3;1;1
202200006312;802 756;1;0;2;1;1;5
202200006313;802 751;7;3;0;2;2;1
202200006314;802 750;7;13;0;2;1;1
202200006315;802 749;7;0;2;2;2;1
202200006315;802 752;30;0;2;4;2;1
202200006316;802 745;7;0;2;7;12;1
202200006316;802 748;33;0;2;8;3;1
202200006317;802 744;7;0;2;1;2;1
202200006317;802 746;7;0;2;4;2;1
202200006318;802 739;7;0;2;5;15;0
202200006318;802 743;30;0;2;1;1;3
202200006319;802 738;33;0;2;8;1;1
202200006319;802 741;7;0;2;6;1;1
202200006320;802 737;7;3;2;1;2;1
202200006320;802 740;7;0;2;4;2;1
202200006320;802 742;7;0;2;6;2;1
202200006321;802 731;7;4;2;1;1;1
202200006321;802 734;10;0;2;3;2;1
202200006322;802 732;7;0;2;1;1;0
202200006322;802 733;7;0;2;9;23;1
202200006322;802 736;7;0;2;4;23;1
202200006323;802 729;7;0;2;7;16;1
202200006323;802 730;30;0;2;0;1;1
202200006324;802 725;7;0;2;8;1;1
202200006324;802 727;14;0;2;2;14;1
202200006325;802 724;7;0;2;4;1;1
202200006325;802 728;33;0;2;1;3;1
202200006326;802 723;7;0;2;3;15;1
202200006326;802 726;1;0;2;8;1;5
202200006327;802 722;7;15;0;2;14;1
202200006328;802 720;30;0;2;1;17;3
202200006328;802 721;7;0;2;3;15;1
202200006329;802 719;30;16;0;8;1;3
202200006330;802 715;7;0;2;1;19;1
202200006330;802 717;7;0;2;1;1;1
202200006331;802 714;7;3;2;5;1;1
202200006331;802 716;7;3;2;6;11;1
202200006331;802 718;34;3;2;2;3;1
202200006332;802 713;33;0;2;1;2;1
202200006333;802 712;7;0;1;2;1;1
202200006334;802 708;7;0;2;1;1;1
202200006334;802 710;7;0;2;4;1;1
202200006334;802 711;7;0;2;4;1;1
202200006335;802 709;7;0;1;3;1;1
202200006336;802 707;37;0;1;3;1;1
202200006337;802 705;2;0;2;2;15;1
202200006337;802 706;7;0;2;2;1;1
202200006338;802 704;32;0;1;1;15;1
202200006339;802 703;7;0;1;2;16;1
202200006340;802 700;7;0;2;5;2;1
202200006340;802 701;7;0;2;5;21;1
202200006340;802 702;33;0;2;1;3;1
202200006341;802 699;7;1;0;1;13;1
202200006342;802 697;2;0;2;1;10;1
202200006342;802 698;7;0;2;1;1;1
202200006343;802 692;7;0;2;1;2;1
202200006343;802 693;10;0;2;4;2;1
202200006343;802 694;7;0;2;4;2;1
202200006343;802 695;7;0;2;4;2;1
202200006343;802 696;7;0;0;0;2;1
202200006344;802 691;30;0;2;7;15;1
202200006345;802 689;34;0;2;0;0;0
202200006345;802 690;30;0;2;4;14;1
202200006346;802 687;7;0;2;6;24;1
202200006346;802 688;50;1;2;1;2;3
202200006347;802 685;7;0;2;2;19;1
202200006347;802 686;80;0;2;7;0;3
202200006348;802 683;7;0;2;3;9;1
202200006348;802 684;33;0;2;1;1;1
202200006349;802 682;7;1;0;1;1;1
202200006350;802 681;7;0;1;1;1;1
202200006351;802 675;7;;;;0;
202200006351;802 676;1;;;;;5
202200006352;802 674;7;1;0;1;1;1
202200006353;802 672;7;0;2;2;1;1
202200006353;802 673;50;0;2;6;1;3
202200006354;802 670;7;0;2;5;1;1
202200006354;802 671;80;0;2;1;1;3
202200006355;802 668;33;0;2;1;1;1
202200006355;802 669;10;0;2;4;10;1
202200006356;802 667;7;8;0;2;26;1
202200006357;802 665;7;0;2;4;2;1
202200006357;802 666;7;0;2;1;2;4
202200006358;802 663;7;2;2;8;11;1
202200006358;802 664;7;2;2;1;17;1
202200006359;802 661;30;0;2;8;2;1
202200006359;802 662;7;0;2;3;9;1
202200006360;802 659;7;0;2;4;2;1
202200006360;802 660;1;0;2;1;2;5
202200006361;802 657;7;0;2;3;26;1
202200006361;802 658;33;0;2;1;17;1
202200006362;802 655;7;0;2;1;1;1
202200006362;802 656;1;0;2;8;19;5
202200006363;802 654;7;0;1;3;9;1
202200006364;802 652;7;0;2;8;10;1
202200006364;802 653;33;0;2;1;1;1
202200006365;802 650;7;0;2;3;15;1
202200006365;802 651;7;0;2;3;16;1
202200006366;802 648;7;0;2;8;24;1
202200006366;802 649;7;1;1;8;26;1
202200006367;802 647;7;0;1;8;0;2
202200006368;802 646;7;15;0;3;14;1
202200006369;802 644;7;0;2;7;1;1
202200006369;802 645;7;0;2;1;16;1
202200006370;802 642;7;0;2;1;2;1
202200006370;802 643;31;0;2;0;0;1
202200006371;802 641;10;0;1;1;16;1
202200006372;802 639;1;0;2;1;15;5
202200006372;802 640;7;0;9;4;15;1
202200006373;802 637;7;0;2;1;1;2
202200006373;802 638;80;0;2;4;1;3
202200006374;802 636;7;0;1;3;1;1
202200006375;802 633;7;0;2;4;23;1
202200006375;802 634;7;0;2;1;2;1
202200006375;802 635;7;0;2;4;23;1
202200006376;802 630;7;0;2;4;2;1
202200006376;802 631;7;0;2;1;2;1
202200006376;802 632;7;0;2;1;2;1
202200006377;802 629;30;6;0;1;16;1
202200006378;802 627;7;0;0;7;2;2
202200006378;802 628;1;0;2;7;26;5
202200006379;802 625;33;0;2;4;15;1
202200006379;802 626;31;0;2;1;13;1
202200006380;802 623;1;0;2;2;19;5
202200006380;802 624;7;0;2;3;1;1
202200006381;802 618;7;0;2;4;2;1
202200006381;802 619;7;0;2;4;2;1
202200006381;802 620;7;0;2;1;2;1
202200006382;802 617;7;0;1;1;1;1
202200006383;802 615;7;0;2;2;1;1
202200006383;802 616;80;0;2;8;0;3
202200006384;802 614;2;6;0;1;26;1
202200006385;802 612;7;0;2;1;1;1
202200006385;802 613;7;0;2;7;19;1
202200006386;802 609;7;0;2;3;12;1
202200006386;802 610;7;0;2;4;1;1
202200006386;802 611;15;0;2;3;1;1
202200006387;802 607;7;0;2;6;22;2
202200006387;802 608;1;0;2;1;1;5
202200006388;802 605;33;0;2;8;1;1
202200006388;802 606;7;0;2;1;15;1
202200006389;802 604;7;0;1;1;1;1
202200006390;802 602;7;0;2;6;13;1
202200006390;802 603;34;0;2;2;14;1
202200006391;802 600;1;0;2;1;5;5
202200006391;802 601;7;0;2;2;1;1
202200006392;802 598;7;0;2;3;1;1
202200006392;802 599;32;0;2;4;1;1
202200006393;802 597;10;0;1;6;15;1
202200006394;802 596;7;0;1;0;1;1
202200006395;802 595;50;12;0;7;14;3
202200006396;802 594;50;12;0;7;14;3
202200006397;802 592;2;0;2;4;1;1
202200006397;802 593;0;;2;8;13;0
202200006398;802 590;31;0;2;1;18;1
202200006398;802 591;7;0;2;3;17;1
202200006399;802 588;7;8;2;4;18;1
202200006399;802 589;1;8;2;4;2;5
202200006400;802 586;7;0;2;3;10;1
202200006400;802 587;32;0;2;2;2;1
202200006401;802 585;37;0;1;2;1;1
202200006402;802 583;2;0;0;0;5;1
202200006402;802 584;7;0;0;0;0;1
202200006403;802 581;50;0;2;4;11;3
202200006403;802 582;7;0;9;3;1;1
202200006404;802 579;7;0;2;1;15;1
202200006404;802 580;33;0;2;1;1;1
202200006405;802 577;7;0;2;2;21;1
202200006405;802 578;33;0;2;8;18;1
202200006406;802 573;30;0;2;1;13;1
202200006406;802 574;7;0;2;3;1;1
202200006407;802 571;7;0;2;5;23;2
202200006407;802 572;7;0;2;3;2;1
202200006408;802 570;7;0;1;1;1;1
202200006409;802 568;7;0;2;2;1;1
202200006409;802 569;37;0;2;3;1;1
202200006410;802 566;10;0;2;2;16;0
202200006410;802 567;2;0;2;6;2;1
202200006411;802 565;33;0;1;0;0;1
202200006412;802 563;10;0;2;1;1;1
202200006412;802 564;10;0;2;8;9;0
202200006413;802 562;7;15;0;1;15;1
202200006414;802 561;7;11;0;1;3;0
202200006415;802 560;7;2;0;1;13;1
202200006416;802 558;1;1;0;1;1;5
202200006416;802 559;7;0;2;8;22;0
202200006417;802 555;14;0;2;3;1;1
202200006417;802 556;7;0;2;1;24;0
202200006417;802 557;7;0;2;1;26;1
202200006418;802 553;7;0;9;3;22;1
202200006418;802 554;99;1;0;1;1;3
202200006419;802 551;7;0;2;4;2;1
202200006419;802 552;7;0;2;1;2;1
202200006420;802 550;7;13;0;1;1;1
202200006421;802 549;7;0;1;1;1;1
202200006422;802 547;7;0;2;1;15;1
202200006422;802 548;2;0;2;3;13;1
202200006423;802 546;7;0;0;1;1;1
202200006424;802 545;7;2;0;7;0;1
202200006425;802 544;7;2;0;1;1;1
202200006426;802 543;7;5;0;1;1;1
202200006427;802 541;7;0;2;1;13;1
202200006427;802 542;7;0;2;1;13;1
202200006428;802 539;7;0;2;3;1;1
202200006428;802 540;7;0;2;3;1;1
202200006429;802 537;10;0;2;7;17;1
202200006429;802 538;99;0;2;3;1;1
202200006430;802 535;7;3;0;4;2;1
202200006430;802 536;10;0;2;1;2;1
202200006431;802 533;7;0;0;4;2;1
202200006431;802 534;7;0;2;1;2;1
202200006432;802 531;33;0;2;1;1;1
202200006432;802 532;7;0;2;5;15;2
202200006433;802 530;7;6;0;1;19;1
202200006434;802 529;7;0;0;1;0;1
202200006435;802 527;7;0;0;5;15;1
202200006435;802 528;13;0;2;1;1;1
202200006436;802 525;33;0;0;4;16;1
202200006436;802 526;7;0;2;1;1;1
202200006437;802 524;7;7;0;1;1;1
202200006438;802 523;7;0;0;9;17;1
202200006439;802 521;7;0;2;1;1;1
202200006439;802 522;7;0;2;1;13;1
202200006440;802 520;33;0;0;3;1;1
202200006441;802 519;21;0;1;4;24;1
202200006442;802 518;80;0;0;0;0;3
202200006443;802 517;3;0;1;2;1;1
202200006444;802 516;7;0;0;0;1;1
202200006445;802 515;7;6;0;1;1;1
202200006446;802 514;34;13;0;7;1;1
202200006447;802 512;30;0;2;1;1;1
202200006447;802 513;7;0;2;7;15;1
202200006448;802 510;7;0;2;3;1;1
202200006448;802 511;7;0;2;1;1;1
202200006449;802 509;7;0;0;0;1;1
202200006450;802 507;7;7;2;7;9;1
202200006450;802 508;7;0;2;1;1;1
202200006451;802 505;2;0;2;1;1;1
202200006451;802 506;7;0;2;6;15;1
202200006452;802 501;7;0;2;2;13;1
202200006452;802 502;7;0;2;2;1;1
202200006453;802 500;33;13;0;2;1;1
202200006454;802 499;7;2;0;0;1;1
202200006455;802 498;2;2;0;2;1;1
202200006456;802 496;7;0;2;3;9;1
202200006456;802 497;7;0;2;3;17;1
202200006457;802 494;7;0;2;2;0;1
202200006457;802 495;7;0;2;1;0;1
202200006458;802 492;7;0;0;8;1;1
202200006458;802 493;7;4;0;3;5;1
202200006459;802 491;1;0;0;1;1;5
202200006460;802 490;7;13;0;2;14;1
202200006461;802 487;10;2;0;1;1;1
202200006462;802 486;7;13;0;3;1;1
202200006463;802 485;7;13;0;1;1;1
202200006464;802 484;32;8;0;8;14;1
202200006465;802 482;7;0;2;8;16;1
202200006465;802 483;7;0;2;1;1;1
202200006466;802 480;7;0;2;2;2;1
202200006466;802 481;2;0;0;4;2;1
202200006467;802 478;1;0;2;0;1;5
202200006467;802 479;7;0;9;3;9;1
202200006468;802 477;33;13;0;1;1;1
202200006469;802 476;33;4;0;2;1;1
202200006470;802 475;43;15;0;2;0;1
202200006471;802 474;2;8;0;1;1;1
202200006472;802 473;31;4;0;8;13;1
202200006473;802 472;7;7;0;1;1;0
202200006474;802 471;7;4;0;1;26;1
202200006475;802 469;7;0;2;1;1;1
202200006475;802 470;10;0;2;1;13;1
202200006476;802 468;33;0;0;0;1;1
202200006477;802 467;7;0;9;1;1;1
202200006478;802 465;33;0;2;1;1;1
202200006478;802 466;7;0;2;2;15;1
202200006479;802 464;36;3;0;1;0;1
202200006480;802 462;7;0;2;2;13;1
202200006480;802 463;7;0;2;2;21;1
202200006481;802 460;7;0;2;1;1;1
202200006481;802 461;7;0;0;4;1;1
202200006482;802 459;7;2;0;1;14;1
202200006483;802 458;33;0;0;3;17;1
202200006484;802 456;7;0;0;4;1;1
202200006484;802 457;7;0;2;1;2;1
202200006485;802 454;7;0;0;4;2;1
202200006485;802 455;33;0;2;1;2;1
202200006486;802 453;33;0;0;2;1;1
202200006487;802 452;7;6;0;2;1;1
202200006488;802 450;7;0;2;1;1;1
202200006488;802 451;7;0;2;1;1;1
202200006489;802 449;7;15;0;1;0;1
202200006490;802 448;33;12;0;1;26;1
202200006491;802 447;7;6;0;2;1;1
202200006492;802 446;7;0;1;1;15;1
202200006493;802 443;7;13;0;0;1;1
202200006494;802 442;7;3;0;2;1;1
202200006495;802 440;7;0;2;4;2;1
202200006495;802 441;7;0;2;1;1;2
202200006496;802 438;7;0;2;6;1;1
202200006496;802 439;7;0;2;2;0;1
202200006497;802 437;33;9;0;1;26;1
202200006498;802 432;7;0;2;4;1;1
202200006498;802 433;7;0;2;4;1;1
202200006498;802 434;7;0;2;4;1;2
202200006498;802 435;7;0;2;4;2;1
202200006498;802 436;7;0;2;1;2;1
202200006499;802 429;7;0;2;3;1;1
202200006499;802 430;38;0;2;1;1;1
202200006499;802 431;7;0;2;4;1;1
202200006500;802 426;7;0;2;1;2;1
202200006500;802 427;10;0;2;4;2;1
202200006500;802 428;7;0;2;7;2;1
202200006501;802 424;7;0;2;1;2;1
202200006501;802 425;7;0;2;4;2;1