Num_Acc;id_vehicule;categorie_vehicule;obstacle_fixe;obstacle_mobile;point_choc_initial;manoeuvre_principale;motorisation
202200006502;802 423;7;0;1;1;19;1
202200006503;802 422;7;0;1;3;15;1
202200006504;802 421;10;0;1;2;1;1
202200006505;802 417;1;0;2;8;19;5
202200006505;802 418;10;0;2;1;1;1
202200006506;802 415;7;0;2;2;9;0
202200006506;802 416;50;0;2;2;1;3
202200006507;802 411;10;0;2;2;1;1
202200006507;802 412;7;0;2;6;10;1
202200006508;802 409;80;0;2;2;19;3
202200006508;802 410;10;0;2;1;1;1
202200006509;802 408;7;0;1;1;1;1
202200006510;802 406;7;0;2;2;16;1
202200006510;802 407;2;0;2;1;1;1
202200006511;802 405;30;0;0;0;26;1
202200006512;802 403;7;0;2;1;9;1
202200006512;802 404;50;0;2;3;1;3
202200006513;802 402;32;9;0;1;26;1
202200006514;802 400;7;0;2;7;15;1
202200006514;802 401;32;0;2;1;1;1
202200006515;802 398;7;0;0;0;15;1
202200006515;802 399;33;0;0;0;1;1
202200006516;802 396;2;0;2;1;1;1
202200006516;802 397;7;0;2;1;15;1
202200006517;802 394;15;0;2;2;16;1
202200006517;802 395;7;0;2;3;1;1
202200006518;802 393;10;0;1;3;1;1
202200006519;802 392;3;12;0;9;13;1
202200006520;802 391;7;0;1;1;1;1
202200006521;802 389;7;0;2;1;2;1
202200006521;802 390;7;0;2;4;2;1
202200006522;802 386;7;0;2;1;1;1
202200006522;802 387;7;0;2;5;15;1
202200006522;802 388;7;0;2;1;1;1
202200006523;802 384;2;0;2;2;0;3
202200006523;802 385;7;0;2;3;15;0
202200006524;802 381;7;0;2;1;1;1
202200006524;802 382;7;0;2;1;19;1
202200006524;802 383;7;0;9;6;1;1
202200006525;802 379;30;0;2;1;15;1
202200006525;802 380;7;0;2;1;19;1
202200006526;802 377;32;0;2;1;1;1
202200006526;802 378;7;0;2;2;15;1
202200006527;802 375;33;0;2;3;1;1
202200006527;802 376;30;0;2;3;15;1
202200006528;802 373;34;0;9;1;1;1
202200006528;802 374;1;0;2;8;19;5
202200006529;802 370;7;12;2;1;5;1
202200006529;802 371;7;0;2;1;0;1
202200006529;802 372;7;0;2;2;17;1
202200006530;802 369;7;0;1;1;26;1
202200006531;802 363;7;0;2;1;2;1
202200006531;802 364;7;0;2;4;2;1
202200006531;802 365;7;0;2;4;2;1
202200006531;802 366;7;0;2;4;2;1
202200006532;802 361;7;0;2;3;1;1
202200006532;802 362;10;0;2;3;1;1
202200006533;802 360;7;0;1;8;15;1
202200006534;802 358;7;0;9;8;10;1
202200006534;802 359;60;0;2;1;2;5
202200006535;802 357;3;0;1;3;1;3
202200006536;802 356;7;0;1;1;9;0
202200006537;802 353;7;0;2;3;15;1
202200006537;802 354;33;0;2;1;1;1
202200006537;802 355;7;0;2;1;1;1
202200006538;802 352;33;0;1;5;17;1
202200006539;802 350;7;0;2;2;2;1
202200006539;802 351;7;0;2;3;12;1
202200006540;802 348;7;0;2;1;2;1
202200006540;802 349;7;0;2;5;1;1
202200006541;802 346;31;0;2;3;3;1
202200006541;802 347;7;0;2;4;12;1
202200006542;802 344;7;0;2;2;12;0
202200006542;802 345;33;0;2;8;1;1
202200006543;802 342;7;7;2;3;1;2
202200006543;802 343;13;0;2;7;1;1
202200006544;802 340;10;0;2;3;22;1
202200006544;802 341;1;0;2;3;1;5
202200006545;802 338;7;0;2;3;9;1
202200006545;802 339;1;0;2;2;1;5
202200006546;802 336;10;0;2;3;22;1
202200006546;802 337;32;0;2;1;1;1
202200006547;802 334;7;0;2;6;23;1
202200006547;802 335;30;0;2;7;17;1
202200006548;802 333;32;0;1;1;1;1
202200006549;802 331;32;0;2;7;18;1
202200006549;802 332;10;0;2;7;16;1
202200006550;802 329;1;0;2;8;5;5
202200006550;802 330;33;0;2;1;1;1
202200006551;802 328;31;0;1;1;1;1
202200006552;802 327;3;0;1;1;15;3
202200006553;802 325;50;0;2;3;1;3
202200006553;802 326;10;0;2;2;17;1
202200006554;802 323;33;0;2;1;1;1
202200006554;802 324;10;0;2;2;12;1
202200006555;802 321;30;0;2;2;17;1
202200006555;802 322;10;0;2;3;15;1
202200006556;802 319;7;0;2;3;9;1
202200006556;802 320;30;0;2;1;1;1
202200006557;802 317;15;0;2;2;1;1
202200006557;802 318;32;0;2;8;18;1
202200006558;802 316;1;0;1;1;1;5
202200006559;802 314;30;0;2;2;17;0
202200006559;802 315;7;0;2;3;9;1
202200006560;802 312;7;0;2;1;15;1
202200006560;802 313;2;0;2;1;1;1
202200006561;802 310;31;0;2;4;1;3
202200006561;802 311;7;0;2;3;15;1
202200006562;802 309;34;0;1;1;19;1
202200006563;802 308;7;0;1;2;9;0
202200006564;802 306;7;0;2;1;2;2
202200006564;802 307;7;0;9;4;1;1
202200006565;802 304;7;0;2;3;1;1
202200006565;802 305;7;0;2;2;13;1
202200006566;802 302;7;0;2;1;1;3
202200006566;802 303;7;0;2;8;0;1
202200006567;802 301;37;0;1;2;1;1
202200006568;802 299;7;0;2;8;13;1
202200006568;802 300;43;0;2;7;14;1
202200006569;802 298;2;0;2;7;26;3
202200006570;802 297;33;0;0;0;9;1
202200006571;802 296;7;0;1;1;19;1
202200006572;802 295;0;0;1;0;26;0
202200006573;802 293;2;0;2;3;18;1
202200006573;802 294;7;0;2;2;14;1
202200006574;802 291;7;0;2;3;11;0
202200006574;802 292;33;0;2;2;13;0
202200006575;802 289;7;0;0;0;0;1
202200006575;802 290;7;0;2;4;1;1
202200006576;802 287;99;0;2;8;2;0
202200006576;802 288;99;6;2;7;1;0
202200006577;802 285;7;0;2;1;26;1
202200006577;802 286;7;1;2;3;5;1
202200006578;802 284;40;0;1;2;1;3
202200006579;802 283;10;0;0;1;15;3
202200006580;802 281;99;0;2;3;1;1
202200006580;802 282;30;0;2;1;19;1
202200006581;802 280;10;0;1;1;16;1
202200006582;802 279;43;0;0;0;1;1
202200006583;802 278;31;9;0;1;16;1
202200006584;802 276;7;0;2;8;24;1
202200006584;802 277;30;0;2;1;1;1
202200006585;802 274;33;0;2;1;17;1
202200006585;802 275;7;0;2;3;9;1
202200006586;802 272;7;1;2;2;10;1
202200006586;802 273;31;0;2;1;1;1
202200006587;802 268;10;0;2;1;1;1
202200006587;802 269;10;0;2;1;1;1
202200006587;802 270;7;0;2;4;1;1
202200006587;802 271;7;0;2;4;1;1
202200006588;802 267;7;1;0;1;14;1
202200006589;802 265;1;0;2;4;1;5
202200006589;802 266;7;0;2;7;15;1
202200006590;802 263;7;9;2;2;15;1
202200006590;802 264;7;9;2;1;1;1
202200006591;802 262;33;14;0;8;1;1
202200006592;802 261;7;2;0;1;16;1
202200006593;802 260;7;8;0;1;14;1
202200006594;802 258;7;0;9;1;1;1
202200006594;802 259;33;0;2;1;5;1
202200006595;802 256;1;0;2;8;1;5
202200006595;802 257;7;0;9;2;16;1
202200006596;802 254;1;0;2;8;15;5
202200006596;802 255;7;0;2;1;16;1
202200006597;802 253;7;16;0;1;14;1
202200006598;802 251;7;0;0;4;1;1
202200006598;802 252;2;0;2;1;3;1
202200006599;802 248;33;0;2;3;24;1
202200006599;802 249;33;0;2;1;24;1
202200006599;802 250;7;1;0;2;12;1
202200006600;802 246;7;0;2;3;9;1
202200006600;802 247;33;0;2;7;14;1
202200006601;802 244;7;0;2;1;15;1
202200006601;802 245;1;0;2;8;1;5
202200006602;802 242;7;0;2;3;13;1
202200006602;802 243;33;0;2;1;1;1
202200006603;802 240;33;0;2;7;13;1
202200006603;802 241;7;0;2;1;1;1
202200006604;802 238;7;0;1;2;1;1
202200006605;802 237;2;11;0;0;0;1
202200006606;802 235;7;0;2;2;1;1
202200006606;802 236;10;0;2;1;0;1
202200006607;802 233;7;1;0;2;26;1
202200006607;802 234;7;0;0;2;24;1
202200006608;802 230;80;0;2;4;2;3
202200006608;802 231;7;0;9;2;2;1
202200006609;802 228;7;0;2;3;1;1
202200006609;802 229;7;0;2;3;17;1
202200006610;802 226;7;10;0;1;13;1
202200006611;802 227;10;0;2;1;19;1
202200006611;802 232;7;0;2;8;19;1
202200006612;802 225;10;0;1;2;2;1
202200006613;802 222;7;0;2;2;1;1
202200006613;802 223;7;0;2;3;15;1
202200006614;802 220;7;0;2;4;23;1
202200006614;802 224;7;0;2;1;2;1
202200006615;802 219;7;0;2;3;15;1
202200006615;802 221;2;0;2;1;1;1
202200006616;802 216;33;0;2;1;2;1
202200006616;802 217;7;0;0;4;9;0
202200006617;802 215;15;0;1;2;1;1
202200006618;802 213;1;0;0;1;1;5
202200006619;802 214;7;14;0;2;13;1
202200006619;802 218;15;0;2;3;1;1
202200006620;802 211;7;0;2;2;9;1
202200006620;802 212;80;0;2;8;1;3
202200006621;802 209;33;2;0;1;1;1
202200006622;802 206;10;0;2;1;9;1
202200006622;802 208;7;0;2;2;1;1
202200006623;802 204;7;0;2;1;13;1
202200006623;802 205;7;0;2;1;1;1
202200006624;802 207;30;0;2;4;1;3
202200006624;802 210;30;0;2;1;1;1
202200006625;802 200;15;0;0;4;2;1
202200006625;802 201;7;3;0;0;1;1
202200006625;802 202;7;3;2;0;1;1
202200006625;802 203;7;0;2;1;2;1
202200006626;802 199;17;4;0;2;1;1
202200006627;802 197;7;3;0;1;1;1
202200006628;802 195;7;2;0;1;14;1
202200006629;802 193;7;0;2;1;13;1
202200006629;802 194;13;0;2;3;21;1
202200006630;802 196;7;0;2;7;12;1
202200006630;802 198;7;0;2;1;1;1
202200006631;802 191;7;0;2;1;0;1
202200006631;802 192;7;0;2;1;0;1
202200006632;802 188;7;0;2;3;15;1
202200006632;802 190;2;0;2;1;1;1
202200006633;802 187;7;12;0;1;5;1
202200006633;802 189;7;0;2;8;1;1
202200006634;802 182;14;0;0;4;21;1
202200006634;802 183;7;0;2;4;23;1
202200006634;802 184;7;0;2;4;23;1
202200006634;802 186;15;0;2;1;1;1
202200006635;802 185;15;3;0;7;2;1
202200006636;802 181;7;0;1;2;1;1
202200006637;802 177;7;14;0;1;21;1
202200006637;802 180;7;0;2;4;23;1
202200006638;802 176;7;13;0;1;1;1
202200006639;802 173;7;0;9;3;17;1
202200006639;802 175;1;0;2;3;15;5
202200006640;802 174;7;0;1;1;1;1
202200006641;802 172;33;2;0;1;14;1
202200006642;802 171;31;12;0;2;14;1
202200006643;802 166;10;0;2;2;1;1
202200006643;802 168;33;0;2;1;13;1
202200006644;802 167;7;0;2;2;11;1
202200006644;802 169;31;0;2;1;1;1
202200006645;802 164;10;0;0;2;15;1
202200006645;802 165;33;0;0;1;1;1
202200006646;802 163;7;0;1;2;26;1
202200006647;802 160;7;0;2;3;19;1
202200006647;802 162;7;0;2;8;1;1
202200006648;802 159;7;0;2;1;1;1
202200006648;802 161;43;0;2;8;1;1
202200006649;802 157;31;0;0;4;1;1
202200006649;802 158;7;0;0;1;0;0
202200006650;802 155;7;0;0;9;1;1
202200006651;802 154;10;0;2;1;2;1
202200006651;802 156;7;0;2;0;0;1
202200006652;802 151;7;0;0;4;23;1
202200006652;802 152;7;0;2;1;1;1
202200006653;802 150;7;0;2;2;15;1
202200006653;802 153;7;0;2;1;1;2
202200006654;802 148;33;0;2;7;3;1
202200006654;802 149;7;0;2;3;11;1
202200006655;802 146;7;4;0;1;14;1
202200006656;802 144;37;0;2;1;2;1
202200006656;802 145;7;0;2;4;2;1
202200006657;802 143;7;0;2;1;1;1
202200006657;802 147;7;0;2;8;1;1
202200006658;802 142;7;4;0;1;0;1
202200006659;802 141;7;13;0;0;1;1
202200006660;802 140;7;3;0;0;26;1
202200006661;802 139;32;0;0;6;12;1
202200006662;802 135;7;13;2;2;26;1
202200006662;802 136;31;13;0;4;2;1
202200006663;802 131;7;0;1;0;15;1
202200006664;802 128;14;0;0;0;0;0
202200006664;802 129;7;0;0;0;0;0
202200006664;802 130;33;0;2;1;3;0
202200006664;802 132;10;0;2;2;22;0
202200006664;802 133;7;0;2;7;1;0
202200006665;802 125;7;0;2;4;2;1
202200006665;802 126;7;0;2;1;1;1
202200006666;802 124;7;0;2;4;2;1
202200006666;802 127;7;0;2;1;2;1
202200006667;802 122;31;0;2;8;3;3
202200006667;802 123;7;0;2;5;2;1
202200006668;802 120;13;0;2;0;0;1
202200006668;802 121;7;0;2;0;0;1
202200006669;802 118;7;0;2;1;13;1
202200006669;802 119;7;0;2;3;1;1
202200006670;802 116;32;0;2;7;1;1
202200006670;802 117;10;0;2;3;11;1
202200006671;802 113;30;0;2;0;0;1
202200006671;802 115;7;0;2;7;0;2
202200006672;802 112;7;0;9;3;0;1
202200006672;802 114;1;0;2;2;25;5
202200006673;802 109;37;0;0;6;24;1
202200006673;802 110;7;0;2;2;17;0
202200006673;802 111;7;0;0;0;0;0
202200006674;802 108;7;0;1;2;16;1
202200006675;802 105;7;0;1;2;16;1
202200006676;802 104;32;0;2;1;13;1
202200006676;802 106;7;0;2;1;1;1
202200006676;802 107;10;0;2;6;2;1
202200006677;802 103;7;8;0;2;21;2
202200006678;802 101;7;0;2;4;1;1
202200006678;802 102;2;0;2;1;2;1
202200006679;802 099;7;0;2;8;10;1
202200006679;802 100;33;0;2;0;8;1
202200006680;802 097;7;0;9;1;26;1
202200006680;802 098;50;0;2;8;1;3
202200006681;802 096;37;0;1;5;1;1
202200006682;802 093;50;0;2;7;0;3
202200006682;802 095;7;0;9;2;16;1
202200006683;802 091;7;0;2;1;2;1
202200006683;802 092;7;0;2;4;2;1
202200006683;802 094;10;0;2;1;2;1
202200006684;802 089;7;0;2;3;2;1
202200006684;802 090;32;0;2;1;5;1
202200006685;802 088;7;0;1;1;1;1
202200006686;802 086;33;14;0;1;13;1
202200006687;802 085;7;0;2;1;1;1
202200006687;802 087;33;12;2;5;17;1
202200006688;802 084;43;0;0;9;26;1
202200006689;802 082;7;0;2;3;1;3
202200006689;802 083;50;0;2;1;15;3
202200006690;802 081;7;0;1;2;16;1
202200006691;802 080;33;0;1;1;1;1
202200006692;802 078;7;0;2;2;16;1
202200006692;802 079;30;0;2;1;15;1
202200006693;802 076;7;0;2;4;2;1
202200006693;802 077;13;0;2;1;2;1
202200006694;802 074;7;0;2;6;2;1
202200006694;802 075;31;0;2;1;21;1
202200006695;802 072;34;0;1;1;1;1
202200006696;802 071;1;1;0;1;1;5
202200006696;802 073;7;0;2;8;22;2
202200006697;802 070;7;0;1;3;14;1
202200006698;802 068;7;0;2;7;16;2
202200006698;802 069;32;0;2;8;18;1
202200006699;802 066;7;0;2;3;9;1
202200006699;802 067;32;0;2;7;16;1
202200006700;802 065;32;0;0;7;21;1
202200006701;802 060;7;0;1;2;1;1
202200006702;802 061;43;0;2;1;17;1
202200006702;802 062;7;0;2;3;15;1
202200006703;802 057;34;0;2;1;1;1
202200006703;802 059;7;0;2;2;15;1
202200006704;802 056;50;0;2;1;1;3
202200006704;802 058;7;0;2;5;1;1
202200006705;802 054;33;0;2;1;1;1
202200006705;802 055;13;0;2;2;15;1
202200006706;802 052;1;0;2;3;11;5
202200006706;802 053;10;0;2;7;1;3
202200006707;802 050;7;0;2;2;2;1
202200006707;802 051;7;0;9;6;23;1
202200006708;802 048;7;6;0;1;1;1
202200006709;802 047;7;0;2;8;1;1
202200006709;802 049;50;0;2;1;1;3
202200006710;802 044;10;0;1;4;4;1
202200006711;802 043;7;0;1;2;1;1
202200006712;802 039;7;0;2;3;26;1
202200006712;802 040;33;0;2;1;26;1
202200006712;802 041;7;0;2;3;15;1
202200006713;802 038;7;0;2;2;0;1
202200006713;802 042;7;0;2;1;0;1
202200006714;802 037;7;0;1;1;15;1
202200006715;802 036;10;0;1;1;1;1
202200006716;802 034;7;0;2;3;16;1
202200006716;802 035;34;1;2;1;1;1
202200006717;802 031;7;0;0;9;1;1
202200006718;802 032;33;0;2;1;1;1
202200006718;802 033;7;0;2;2;0;1
202200006719;802 028;7;0;2;3;2;1
202200006719;802 030;1;0;2;2;15;5
202200006720;802 026;7;0;2;4;16;1
202200006720;802 027;34;0;2;0;1;1
202200006721;802 023;50;0;2;1;25;3
202200006721;802 025;1;15;2;1;25;5
202200006722;802 022;7;0;2;8;6;1
202200006722;802 024;7;0;2;1;1;2
202200006723;802 018;7;0;1;1;1;1
202200006724;802 017;7;0;2;2;15;1
202200006724;802 019;7;1;2;3;1;1
202200006724;802 020;7;1;2;6;24;1
202200006725;802 015;7;0;2;7;15;1
202200006725;802 016;7;0;2;3;1;1
202200006726;802 014;7;4;0;1;1;1
202200006727;802 011;7;0;2;7;14;1
202200006727;802 013;30;0;2;8;2;1
202200006728;802 010;14;0;2;8;1;0
202200006728;802 012;30;0;2;1;1;0
202200006729;802 006;7;0;2;3;1;1
202200006729;802 008;7;0;2;6;1;1
202200006729;802 009;7;0;2;3;13;1
202200006730;802 005;7;0;2;1;16;0
202200006730;802 007;7;0;2;1;15;1
202200006731;802 002;7;0;2;2;0;0
202200006731;802 003;50;0;2;4;0;3
202200006732;802 001;1;0;2;1;1;5
202200006732;802 004;7;0;9;5;15;1
202200006733;801 999;7;0;1;1;1;1
202200006734;801 998;33;0;2;1;18;1
202200006734;802 000;10;0;2;2;16;1
202200006735;801 995;7;8;2;3;23;1
202200006735;801 997;7;0;2;1;19;1
202200006736;801 994;32;0;2;0;0;1
202200006736;801 996;7;0;2;0;9;1
202200006737;801 991;30;0;2;1;2;1
202200006737;801 993;7;0;2;2;15;1
202200006738;801 990;10;0;2;1;1;1
202200006738;801 992;33;0;2;7;1;1
202200006739;801 987;3;0;2;1;15;1
202200006739;801 989;50;0;2;8;19;3
202200006740;801 985;10;13;0;1;15;1
202200006741;801 983;7;0;2;4;23;1
202200006741;801 984;7;0;2;1;1;1
202200006742;801 986;7;0;2;3;1;1
202200006742;801 988;7;0;2;2;0;1
202200006743;801 982;7;0;1;3;15;1
202200006744;801 980;7;2;0;1;2;1
202200006745;801 978;7;0;2;1;15;1
202200006745;801 979;2;0;2;1;1;1
202200006746;801 981;50;0;0;0;0;3
202200006747;801 977;7;0;1;7;1;1
202200006748;801 975;3;0;2;3;1;1
202200006748;801 976;7;0;2;7;1;1
202200006749;801 973;33;0;1;2;3;1
202200006750;801 974;7;0;1;1;1;1
202200006751;801 972;7;0;1;2;16;1
202200006752;801 971;30;0;0;0;15;1
202200006753;801 968;7;0;2;6;1;1
202200006753;801 970;7;0;2;1;1;1
202200006754;801 967;1;0;2;1;0;5
202200006754;801 969;17;0;9;3;0;1
202200006755;801 964;7;0;2;1;2;1
202200006755;801 965;7;0;2;4;2;1
202200006756;801 961;33;0;2;1;1;1
202200006756;801 962;7;0;2;8;9;1
202200006757;801 959;7;0;1;0;1;1
202200006758;801 957;7;0;2;1;16;1
202200006758;801 958;2;0;2;5;1;1
202200006759;801 960;33;0;2;1;1;1
202200006759;801 963;7;0;2;2;15;0
202200006760;801 955;2;0;1;1;1;1
202200006761;801 953;7;0;2;1;19;1
202200006761;801 954;7;0;2;2;1;1
202200006761;801 956;30;0;2;3;1;1
202200006762;801 951;7;0;2;1;1;1
202200006762;801 952;7;0;2;1;13;1
202200006763;801 947;10;0;2;1;1;1
202200006763;801 948;7;0;2;4;2;1
202200006764;801 946;7;2;0;1;1;1
202200006765;801 945;30;15;0;1;0;1
202200006766;801 944;7;3;0;8;17;1
202200006767;801 943;34;12;0;1;5;1
202200006768;801 942;2;0;0;0;1;1
202200006769;801 940;3;0;2;4;1;1
202200006769;801 941;7;0;2;1;2;1
202200006770;801 939;7;0;0;0;0;1
202200006771;801 938;20;0;1;8;16;1
202200006772;801 936;7;8;2;3;9;1
202200006772;801 937;2;0;2;1;1;1
202200006773;801 934;10;0;5;2;1;1
202200006774;801 935;7;0;1;1;15;1
202200006775;801 930;33;2;0;1;17;1
202200006776;801 929;7;0;2;3;1;1
202200006776;801 931;7;0;2;6;1;1
202200006776;801 932;7;0;2;3;15;1
202200006777;801 928;7;15;0;1;1;1
202200006778;801 927;7;0;1;1;1;1
202200006779;801 924;10;0;2;1;1;1
202200006779;801 926;10;0;0;4;1;1
202200006780;801 923;7;0;2;7;15;1
202200006780;801 925;7;0;2;1;1;1
202200006781;801 921;7;2;0;1;1;1
202200006782;801 920;7;6;2;6;1;1
202200006782;801 922;7;6;2;2;0;1
202200006783;801 919;7;0;1;8;1;1
202200006784;801 918;2;6;0;1;13;1
202200006785;801 917;7;0;1;1;0;1
202200006786;801 916;7;13;9;1;1;0
202200006787;801 914;33;0;0;7;1;1
202200006788;801 913;7;0;2;3;1;1
202200006788;801 915;3;0;2;3;19;1
202200006789;801 912;7;1;0;1;1;1
202200006790;801 910;99;0;2;6;16;1
202200006790;801 911;1;0;2;1;2;5
202200006791;801 908;7;0;2;1;15;1
202200006791;801 909;7;0;2;1;17;1
202200006792;801 907;32;0;0;8;1;1
202200006793;801 905;2;12;0;1;1;1
202200006794;801 901;7;0;2;1;1;1
202200006794;801 902;7;0;2;1;1;1
202200006795;801 900;7;0;1;2;20;1
202200006796;801 897;7;0;2;1;13;1
202200006796;801 899;7;0;2;1;1;1
202200006797;801 893;7;0;2;8;17;1
202200006797;801 895;33;13;0;7;17;1
202200006798;801 891;7;0;2;0;0;1
202200006798;801 892;10;0;;0;0;1
202200006798;801 894;31;0;2;0;0;1
202200006799;801 890;3;0;0;0;0;1
202200006800;801 885;33;0;2;1;1;1
202200006800;801 888;7;0;2;1;19;1
202200006801;801 883;33;0;2;0;2;1
202200006801;801 884;0;0;0;4;2;0
202200006802;801 879;2;0;0;0;1;1
202200006803;801 880;37;0;2;4;1;1
202200006803;801 881;7;0;2;4;1;1
202200006803;801 882;7;0;2;1;1;1
202200006804;801 875;7;0;2;2;10;1
202200006804;801 877;33;0;2;1;1;1
202200006805;801 874;7;0;2;1;1;1
202200006805;801 876;10;0;2;3;0;1
202200006805;801 878;7;0;2;1;2;1
202200006806;801 871;14;0;0;6;1;1
202200006806;801 872;33;0;2;3;1;1
202200006807;801 869;2;8;0;1;1;1
202200006808;801 865;7;0;2;3;1;1
202200006808;801 866;7;0;2;2;19;1
202200006809;801 862;32;0;0;0;9;1
202200006810;801 861;7;13;0;7;1;0
202200006811;801 858;7;0;2;1;1;1
202200006811;801 859;1;0;2;4;1;5
202200006812;801 857;7;0;2;8;9;1
202200006812;801 860;7;0;2;1;1;1
202200006813;801 855;7;0;1;1;1;1
202200006814;801 851;7;0;2;6;11;1
202200006814;801 853;33;0;2;2;1;1
202200006815;801 850;7;0;2;1;1;1
202200006815;801 852;7;13;2;8;19;1
202200006816;801 849;15;0;1;3;1;1
202200006817;801 848;7;3;0;1;1;1
202200006818;801 846;2;0;2;1;26;1
202200006818;801 847;7;0;2;1;26;2
202200006819;801 842;7;0;2;4;1;1
202200006819;801 844;7;0;2;1;0;1
202200006820;801 839;15;0;0;6;24;1
202200006820;801 840;33;0;2;1;2;1
202200006820;801 841;7;1;2;2;14;2
202200006821;801 838;7;0;1;2;1;1
202200006822;801 837;2;0;0;8;15;1
202200006823;801 836;7;0;0;9;13;1
202200006824;801 833;1;0;2;7;1;5
202200006824;801 834;7;0;9;3;9;1
202200006825;801 832;7;2;2;3;1;1
202200006825;801 835;7;0;2;3;15;1
202200006826;801 829;7;3;2;0;1;1
202200006826;801 831;7;3;2;9;1;1
202200006827;801 830;10;0;1;1;1;1
202200006828;801 826;7;14;2;3;13;1
202200006828;801 828;7;0;2;3;1;1
202200006829;801 825;34;0;2;0;0;1
202200006829;801 827;7;0;2;0;0;1
202200006830;801 823;31;15;0;0;26;1
202200006831;801 822;10;0;2;3;1;1
202200006831;801 824;32;0;2;1;1;1
202200006832;801 820;7;17;0;1;13;1
202200006833;801 819;7;0;2;1;2;1
202200006833;801 821;7;0;2;1;15;1
202200006834;801 818;7;8;0;1;1;1
202200006835;801 814;7;0;2;1;13;1
202200006835;801 816;7;0;2;1;1;1
202200006836;801 815;30;0;2;7;15;1
202200006836;801 817;7;0;2;8;1;1
202200006837;801 812;7;0;1;1;1;1
202200006838;801 811;10;0;9;6;10;1
202200006838;801 813;1;0;2;1;1;5
202200006839;801 809;10;0;0;9;1;1
202200006840;801 808;7;0;2;1;1;1
202200006840;801 810;7;0;2;1;15;1
202200006841;801 807;1;0;1;1;5;5
202200006842;801 806;7;0;1;1;1;1
202200006843;801 804;15;0;2;3;1;1
202200006843;801 805;7;0;2;3;1;1
202200006844;801 802;7;0;2;1;5;1
202200006844;801 803;7;0;2;1;1;1
202200006845;801 801;33;16;0;1;1;1
202200006846;801 799;2;0;0;0;0;1
202200006847;801 798;7;0;2;3;1;1
202200006847;801 800;7;0;2;2;1;1
202200006848;801 797;33;8;0;1;1;1
202200006849;801 795;7;0;1;2;1;1
202200006850;801 794;7;0;2;4;2;1
202200006850;801 796;7;0;2;1;2;1
202200006851;801 792;2;0;2;1;2;1
202200006851;801 793;7;0;2;4;2;1
202200006852;801 790;7;0;2;1;2;1
202200006852;801 791;7;0;2;4;1;1
202200006853;801 786;7;0;2;1;1;1
202200006853;801 788;7;0;2;4;1;1
202200006854;801 785;7;0;2;4;2;1
202200006854;801 787;7;0;2;4;2;1
202200006854;801 789;7;0;2;1;2;1
202200006855;801 783;7;0;1;1;1;1
202200006856;801 782;7;0;2;3;1;1
202200006856;801 784;7;0;2;3;5;1
202200006857;801 781;30;9;0;0;13;1
202200006858;801 779;7;0;2;4;23;1
202200006858;801 780;14;0;2;1;2;1
202200006859;801 778;30;0;0;0;1;1
202200006860;801 776;2;0;0;1;1;1
202200006861;801 775;7;0;2;6;1;1
202200006861;801 777;7;0;2;2;2;1
202200006862;801 773;7;0;2;5;1;1
202200006862;801 774;7;0;2;1;12;1
202200006863;801 772;7;2;0;1;1;1
202200006864;801 771;32;0;0;0;26;1
202200006865;801 770;30;0;2;7;5;1
202200006866;801 768;7;0;2;3;2;1
202200006866;801 769;10;0;0;0;0;0
202200006867;801 767;7;0;1;2;1;1
202200006868;801 765;14;0;2;1;1;1
202200006868;801 766;13;0;2;4;2;1
202200006869;801 762;1;0;2;0;0;5
202200006869;801 764;15;0;9;7;1;1
202200006870;801 761;7;0;2;4;1;1
202200006870;801 763;7;0;2;1;1;1
202200006871;801 758;1;0;2;1;25;5
202200006871;801 760;7;0;2;1;1;1
202200006872;801 756;15;0;2;1;1;1
202200006872;801 757;7;0;2;4;1;1
202200006872;801 759;7;0;0;4;1;1
202200006873;801 754;33;0;0;8;1;1
202200006874;801 755;7;0;1;1;1;1
202200006875;801 753;7;0;1;1;0;0
202200006876;801 752;7;0;1;2;1;1
202200006877;801 751;7;6;0;1;26;1
202200006878;801 750;7;0;1;3;1;1
202200006879;801 749;7;0;1;1;1;1
202200006880;801 748;7;0;1;2;16;1
202200006881;801 746;0;0;2;0;0;0
202200006881;801 747;1;0;2;0;1;5
202200006882;801 745;1;0;0;8;1;5
202200006883;801 743;7;0;2;7;15;1
202200006883;801 744;99;14;2;1;1;1
202200006884;801 741;7;0;2;4;1;1
202200006884;801 742;10;0;2;3;2;1
202200006885;801 739;0;0;0;1;26;3
202200006886;801 738;7;0;2;4;13;1
202200006886;801 740;7;0;2;1;1;1
202200006887;801 737;7;12;0;9;1;1
202200006888;801 734;7;0;2;8;1;1
202200006888;801 736;7;0;2;1;17;1
202200006889;801 731;7;8;2;1;1;1
202200006889;801 732;7;2;2;6;1;1
202200006889;801 733;7;0;2;2;18;1
202200006889;801 735;7;2;2;9;1;1
202200006890;801 730;7;0;1;1;1;1
202200006891;801 729;7;1;0;1;9;1
202200006892;801 728;10;0;1;1;1;1
202200006893;801 727;33;0;0;0;1;1
202200006894;801 726;10;0;1;1;1;1
202200006895;801 725;7;0;1;1;15;1
202200006896;801 723;7;0;1;1;1;0
202200006897;801 722;7;0;2;1;9;1
202200006897;801 724;1;0;2;2;1;5
202200006898;801 718;33;0;2;1;1;1
202200006898;801 721;7;0;2;3;15;1
202200006899;801 715;7;0;1;3;1;2
202200006900;801 714;7;0;2;1;1;1
202200006900;801 716;7;0;2;8;15;1
202200006901;801 711;2;0;2;1;1;1
202200006901;801 713;7;0;2;5;15;1
202200006902;801 710;33;0;2;4;9;1
202200006902;801 712;7;0;2;1;1;1
202200006903;801 708;7;0;1;1;2;1
202200006904;801 707;7;0;2;8;15;1