Num_Acc;id_vehicule;categorie_vehicule;obstacle_fixe;obstacle_mobile;point_choc_initial;manoeuvre_principale;motorisation
202200006904;801 709;2;0;2;1;1;1
202200006905;801 705;7;4;0;3;13;1
202200006906;801 704;2;0;2;1;1;1
202200006906;801 706;7;0;2;4;1;1
202200006907;801 702;10;0;2;2;1;1
202200006907;801 703;1;0;2;8;19;5
202200006908;801 698;7;0;2;1;1;1
202200006908;801 700;7;0;2;4;1;1
202200006908;801 701;7;0;2;4;1;1
202200006909;801 697;7;0;2;2;1;1
202200006909;801 699;7;0;2;1;9;1
202200006910;801 696;7;3;0;1;1;1
202200006911;801 694;7;0;2;1;5;1
202200006911;801 695;7;0;2;1;1;1
202200006912;801 690;10;0;2;1;1;1
202200006912;801 692;14;0;2;4;26;1
202200006912;801 693;10;0;2;1;1;1
202200006913;801 689;50;0;2;1;1;3
202200006913;801 691;7;0;2;1;9;1
202200006914;801 687;7;0;2;2;9;1
202200006914;801 688;50;0;2;1;25;3
202200006915;801 686;31;10;0;8;1;1
202200006916;801 683;10;0;2;1;2;1
202200006916;801 685;7;0;2;4;2;1
202200006917;801 681;7;0;0;2;1;1
202200006918;801 679;7;2;0;1;1;1
202200006919;801 675;1;0;2;1;19;5
202200006919;801 677;7;0;2;2;1;1
202200006920;801 674;7;0;2;2;15;1
202200006920;801 676;7;0;2;3;1;1
202200006921;801 673;7;12;2;3;1;1
202200006922;801 670;7;0;2;4;1;1
202200006922;801 672;7;0;2;1;1;1
202200006923;801 671;7;0;1;2;1;1
202200006924;801 666;7;0;2;7;16;1
202200006924;801 668;80;0;2;8;1;3
202200006925;801 667;2;0;2;1;1;1
202200006925;801 669;7;0;2;2;15;1
202200006926;801 663;7;0;2;0;1;1
202200006926;801 665;50;0;2;0;19;3
202200006927;801 662;30;0;2;3;9;1
202200006927;801 664;7;0;2;1;1;1
202200006928;801 660;7;0;9;1;26;1
202200006928;801 661;50;0;2;1;1;3
202200006929;801 658;32;0;2;7;1;1
202200006929;801 659;7;0;2;3;1;1
202200006930;801 657;7;1;0;1;26;1
202200006931;801 656;7;1;0;7;14;1
202200006932;801 653;32;16;2;8;1;1
202200006932;801 655;7;16;2;1;16;1
202200006933;801 652;10;0;2;3;9;1
202200006933;801 654;32;0;2;1;3;1
202200006934;801 650;7;8;0;1;1;1
202200006935;801 649;33;0;2;8;15;1
202200006935;801 651;7;0;2;2;1;1
202200006936;801 648;33;12;0;1;14;1
202200006937;801 644;30;0;0;0;0;0
202200006937;801 646;7;0;2;6;4;1
202200006938;801 645;7;0;2;1;1;1
202200006938;801 647;2;0;2;0;1;3
202200006939;801 642;7;0;2;3;15;1
202200006939;801 643;7;0;2;3;1;1
202200006940;801 640;7;0;2;1;16;1
202200006940;801 641;80;0;2;1;1;3
202200006941;801 638;7;0;2;1;15;1
202200006941;801 639;1;0;2;1;1;5
202200006942;801 636;37;0;2;7;15;1
202200006942;801 637;50;0;2;1;1;3
202200006943;801 634;7;0;2;5;16;1
202200006943;801 635;50;0;2;1;1;3
202200006944;801 629;2;0;2;1;1;1
202200006944;801 631;7;0;2;5;1;1
202200006945;801 628;7;0;2;1;1;1
202200006945;801 630;7;0;2;4;1;1
202200006945;801 632;7;0;2;4;1;1
202200006945;801 633;7;0;2;4;1;1
202200006946;801 626;31;1;0;3;1;1
202200006947;801 624;7;0;2;1;0;2
202200006947;801 625;30;0;2;2;0;1
202200006947;801 627;7;0;2;1;0;1
202200006948;801 620;30;0;2;4;1;1
202200006948;801 621;7;0;2;1;1;1
202200006949;801 622;7;0;2;1;19;1
202200006949;801 623;7;0;2;1;15;1
202200006950;801 618;7;0;2;3;11;1
202200006950;801 619;13;0;2;2;1;0
202200006951;801 616;7;0;2;5;15;1
202200006951;801 617;33;0;2;1;1;1
202200006952;801 614;7;0;2;3;9;1
202200006952;801 615;7;0;2;7;9;1
202200006953;801 613;10;0;1;1;1;1
202200006954;801 610;7;9;2;6;2;1
202200006954;801 611;7;0;2;0;0;1
202200006954;801 612;7;0;2;1;2;1
202200006955;801 608;1;0;2;1;1;5
202200006955;801 609;7;0;2;7;16;1
202200006956;801 607;7;0;1;3;15;1
202200006957;801 606;10;0;1;2;1;3
202200006958;801 604;7;0;2;1;1;1
202200006958;801 605;7;0;2;5;1;1
202200006959;801 601;7;0;2;8;1;1
202200006959;801 603;7;0;2;1;1;1
202200006960;801 600;7;0;2;1;1;1
202200006960;801 602;50;0;2;1;19;3
202200006961;801 597;1;0;2;8;26;5
202200006961;801 599;7;0;2;1;2;1
202200006962;801 596;7;0;2;7;15;1
202200006962;801 598;7;0;2;1;1;1
202200006963;801 595;7;0;1;1;1;1
202200006964;801 593;7;0;2;2;15;1
202200006964;801 594;50;0;2;1;0;3
202200006965;801 592;7;0;1;2;15;1
202200006966;801 591;31;0;1;4;1;1
202200006967;801 590;7;0;1;0;1;1
202200006968;801 588;10;0;2;4;2;1
202200006968;801 589;7;0;2;1;2;1
202200006969;801 586;7;0;9;8;1;1
202200006969;801 587;1;0;2;1;1;5
202200006970;801 583;10;0;2;8;9;1
202200006970;801 584;33;0;2;8;9;1
202200006971;801 582;33;0;0;0;0;1
202200006971;801 585;7;0;0;3;1;1
202200006972;801 579;1;0;2;6;19;5
202200006972;801 580;7;0;2;2;1;1
202200006972;801 581;7;0;2;1;1;1
202200006973;801 577;7;0;2;3;9;0
202200006973;801 578;7;0;2;1;1;0
202200006974;801 575;7;0;2;2;15;1
202200006974;801 576;50;0;2;1;1;3
202200006975;801 572;7;0;2;7;1;1
202200006975;801 574;1;0;2;3;26;5
202200006976;801 571;30;0;2;1;15;1
202200006976;801 573;7;0;2;3;1;1
202200006977;801 569;7;0;2;2;1;1
202200006977;801 570;99;0;2;1;1;1
202200006978;801 567;33;0;2;8;3;1
202200006978;801 568;10;0;2;2;17;1
202200006979;801 566;7;0;1;1;1;3
202200006980;801 565;7;13;0;2;1;1
202200006981;801 563;1;16;0;9;1;5
202200006982;801 562;13;0;2;4;15;1
202200006982;801 564;7;0;2;1;2;1
202200006983;801 560;7;0;2;6;9;1
202200006983;801 561;1;0;2;2;2;5
202200006984;801 559;7;0;1;1;1;1
202200006985;801 558;2;15;0;0;26;3
202200006986;801 554;33;0;2;1;17;1
202200006986;801 555;7;0;2;8;9;1
202200006987;801 556;7;0;2;1;15;1
202200006987;801 557;7;0;2;0;0;1
202200006988;801 552;33;0;2;2;1;1
202200006988;801 553;7;0;2;3;1;0
202200006989;801 548;1;0;0;4;1;5
202200006989;801 549;7;0;2;1;26;0
202200006990;801 550;7;0;9;0;0;1
202200006990;801 551;1;0;2;0;0;5
202200006991;801 546;33;0;2;4;17;1
202200006991;801 547;3;0;2;4;1;1
202200006992;801 544;7;0;2;1;1;1
202200006992;801 545;7;0;2;1;21;1
202200006993;801 541;7;11;1;1;14;1
202200006994;801 535;1;3;2;7;2;5
202200006994;801 539;7;3;2;1;13;1
202200006995;801 536;7;0;2;3;15;1
202200006995;801 538;32;0;2;2;17;1
202200006996;801 534;7;0;2;3;16;1
202200006996;801 537;1;0;2;1;1;5
202200006997;801 533;30;0;0;0;0;1
202200006998;801 531;32;0;2;1;17;1
202200006998;801 532;7;0;2;3;15;2
202200006999;801 528;7;2;0;1;1;1
202200007000;801 527;7;0;2;1;2;1
202200007000;801 529;10;0;2;4;23;1
202200007000;801 530;7;0;2;4;23;1
202200007001;801 524;2;0;2;1;1;1
202200007001;801 526;7;0;2;6;20;1
202200007002;801 521;10;0;2;6;1;0
202200007002;801 522;32;0;2;1;1;1
202200007003;801 517;7;14;0;4;2;1
202200007003;801 519;7;14;0;1;2;1
202200007003;801 520;7;14;0;1;2;1
202200007004;801 518;7;6;0;1;14;1
202200007005;801 515;7;2;0;1;1;1
202200007006;801 514;2;1;1;1;17;1
202200007007;801 510;43;0;2;3;3;1
202200007007;801 511;7;0;2;2;2;1
202200007007;801 513;7;0;2;4;2;1
202200007008;801 509;7;0;0;4;1;1
202200007008;801 512;7;0;2;4;23;1
202200007008;801 516;7;0;2;1;2;1
202200007009;801 505;30;0;2;1;1;1
202200007009;801 507;7;0;2;1;1;1
202200007010;801 504;7;0;2;3;1;1
202200007010;801 508;33;0;2;2;3;1
202200007011;801 503;1;0;2;1;1;5
202200007011;801 506;13;0;2;3;22;0
202200007012;801 501;7;0;1;1;1;1
202200007013;801 499;7;0;2;3;10;1
202200007013;801 502;2;0;2;2;1;1
202200007014;801 497;33;0;2;1;1;1
202200007014;801 498;7;0;2;4;14;2
202200007014;801 500;43;0;2;1;3;1
202200007015;801 495;10;0;1;1;10;1
202200007016;801 496;7;2;0;2;16;2
202200007017;801 494;7;4;0;2;1;1
202200007018;801 491;30;0;0;1;13;1
202200007019;801 492;33;0;2;8;1;1
202200007019;801 493;7;0;2;0;1;0
202200007020;801 487;10;0;2;3;15;1
202200007020;801 490;50;0;2;3;1;3
202200007021;801 488;7;0;2;3;15;1
202200007021;801 489;30;0;2;2;17;1
202200007022;801 483;7;0;2;2;15;1
202200007022;801 485;33;0;2;1;1;3
202200007023;801 482;7;0;2;1;1;1
202200007023;801 484;7;0;2;4;1;1
202200007023;801 486;30;0;2;0;1;1
202200007024;801 480;7;0;0;6;15;1
202200007024;801 481;50;0;2;1;17;3
202200007025;801 478;34;0;2;8;1;1
202200007025;801 479;7;0;2;7;12;2
202200007026;801 476;2;0;2;1;1;1
202200007026;801 477;31;0;2;1;13;1
202200007027;801 474;50;0;2;1;1;3
202200007027;801 475;7;0;2;2;16;1
202200007028;801 472;13;0;2;5;4;6
202200007028;801 473;2;0;2;8;23;6
202200007029;801 468;1;0;0;7;0;5
202200007029;801 469;10;2;0;3;15;0
202200007030;801 470;33;0;2;8;5;1
202200007030;801 471;80;0;2;1;1;3
202200007031;801 465;30;0;2;1;1;3
202200007031;801 467;7;0;2;7;1;1
202200007032;801 464;31;0;2;1;0;1
202200007032;801 466;10;9;2;1;26;1
202200007033;801 463;7;0;1;3;1;1
202200007034;801 462;7;0;1;2;1;1
202200007035;801 460;2;0;2;1;3;1
202200007035;801 461;7;0;2;3;9;1
202200007036;801 458;7;0;2;2;14;1
202200007036;801 459;1;0;2;2;1;5
202200007037;801 457;7;0;1;1;1;1
202200007038;801 456;50;0;0;1;1;3
202200007039;801 454;10;0;9;3;11;1
202200007039;801 455;1;0;9;4;11;5
202200007040;801 451;7;0;2;5;2;1
202200007040;801 453;1;0;2;8;2;5
202200007041;801 450;33;0;2;8;1;1
202200007041;801 452;7;0;2;3;15;1
202200007042;801 448;32;0;2;8;1;1
202200007042;801 449;7;0;2;7;16;2
202200007043;801 446;7;0;2;3;20;2
202200007043;801 447;43;0;2;2;2;1
202200007044;801 445;7;0;1;3;15;0
202200007045;801 442;7;0;2;2;1;1
202200007045;801 444;7;0;2;3;1;1
202200007046;801 439;7;0;2;5;1;1
202200007046;801 441;33;0;2;1;1;1
202200007047;801 440;10;0;2;5;1;1
202200007047;801 443;1;0;2;3;1;5
202200007048;801 437;7;0;2;8;15;1
202200007048;801 438;30;0;0;0;0;1
202200007049;801 434;43;0;2;1;17;1
202200007049;801 435;7;0;2;3;15;1
202200007050;801 433;33;0;2;1;1;1
202200007050;801 436;7;0;2;1;17;1
202200007051;801 431;7;0;2;5;2;1
202200007051;801 432;7;0;2;1;2;1
202200007052;801 430;7;0;1;1;15;1
202200007053;801 428;3;0;1;2;1;1
202200007054;801 429;7;0;1;1;15;1
202200007055;801 426;7;0;2;3;1;1
202200007055;801 427;10;0;2;3;5;1
202200007056;801 422;33;0;2;0;1;0
202200007056;801 424;7;0;2;0;9;1
202200007057;801 423;7;0;2;6;19;1
202200007057;801 425;34;0;2;1;1;1
202200007058;801 421;7;1;1;1;26;1
202200007059;801 419;1;0;9;7;1;5
202200007059;801 420;1;0;9;8;1;5
202200007060;801 418;7;0;1;1;1;0
202200007061;801 416;7;0;2;8;9;1
202200007061;801 417;32;0;2;1;1;1
202200007062;801 415;7;0;1;2;9;1
202200007063;801 412;32;0;2;3;1;1
202200007063;801 414;13;0;2;7;1;1
202200007064;801 410;10;0;1;1;1;1
202200007065;801 411;36;13;0;2;1;1
202200007066;801 408;7;0;0;7;16;1
202200007066;801 409;50;0;0;1;19;3
202200007067;801 407;7;0;2;0;1;1
202200007068;801 406;7;13;0;1;13;1
202200007069;801 403;1;0;2;3;19;5
202200007069;801 405;7;0;2;2;1;0
202200007070;801 399;7;0;2;1;1;1
202200007070;801 400;7;0;2;1;13;1
202200007071;801 397;7;0;2;1;1;1
202200007071;801 398;7;0;2;1;1;1
202200007071;801 401;3;0;2;1;1;0
202200007071;801 402;7;0;2;4;1;3
202200007071;801 404;7;0;2;4;1;1
202200007072;801 392;31;0;2;1;2;1
202200007072;801 393;7;0;0;6;2;1
202200007073;801 388;7;0;2;1;1;1
202200007073;801 390;7;0;2;1;13;1
202200007074;801 389;7;0;2;4;2;1
202200007074;801 391;7;0;2;4;2;1
202200007074;801 394;10;0;2;1;1;1
202200007075;801 387;14;0;1;3;15;1
202200007076;801 385;7;2;0;8;1;1
202200007077;801 383;10;0;2;4;1;1
202200007077;801 386;7;0;2;1;1;1
202200007078;801 382;7;2;0;3;13;1
202200007079;801 379;7;13;0;2;14;1
202200007080;801 378;7;0;0;4;1;1
202200007080;801 380;7;0;2;1;0;1
202200007081;801 376;2;14;0;1;1;1
202200007082;801 374;33;4;0;3;13;1
202200007083;801 370;2;0;2;1;5;1
202200007083;801 372;2;0;2;1;1;1
202200007084;801 371;7;0;2;8;10;1
202200007084;801 373;33;0;2;1;17;1
202200007085;801 367;7;4;0;9;1;1
202200007086;801 366;7;4;0;1;1;1
202200007087;801 364;7;0;2;1;1;1
202200007087;801 365;7;0;2;4;1;1
202200007087;801 368;7;0;2;4;1;1
202200007087;801 369;7;0;0;4;1;1
202200007088;801 362;7;4;0;2;1;1
202200007089;801 360;10;0;2;1;1;1
202200007089;801 361;10;0;2;4;1;1
202200007089;801 363;7;0;0;5;1;3
202200007090;801 357;7;0;2;1;1;1
202200007090;801 359;7;0;2;4;23;1
202200007091;801 355;1;0;0;7;1;5
202200007091;801 356;7;0;2;1;9;1
202200007092;801 354;7;0;2;1;1;3
202200007092;801 358;7;0;2;2;13;1
202200007093;801 353;7;2;0;9;14;1
202200007094;801 352;7;3;0;2;14;1
202200007095;801 350;1;0;2;1;1;5
202200007095;801 351;7;0;2;8;9;1
202200007096;801 348;7;4;0;9;26;1
202200007097;801 340;7;17;0;1;0;1
202200007098;801 341;7;0;2;4;1;1
202200007098;801 343;7;0;2;1;1;1
202200007099;801 339;7;0;2;6;1;1
202200007099;801 342;32;0;2;7;0;1
202200007100;801 337;7;4;0;2;14;1
202200007101;801 336;7;0;0;0;0;1
202200007102;801 335;7;0;2;2;1;1
202200007102;801 338;1;0;2;1;1;5
202200007103;801 333;7;0;1;2;1;1
202200007104;801 332;2;0;2;1;1;1
202200007104;801 334;1;0;2;3;19;5
202200007105;801 329;7;0;2;1;2;1
202200007105;801 331;7;0;2;4;2;1
202200007106;801 328;30;0;2;8;1;1
202200007106;801 330;7;0;2;3;13;1
202200007107;801 327;7;0;1;3;1;1
202200007108;801 322;7;0;2;3;0;1
202200007108;801 325;16;0;2;2;0;1
202200007109;801 320;7;0;2;0;1;1
202200007109;801 321;7;0;0;4;23;1
202200007109;801 324;7;0;2;4;23;1
202200007109;801 326;7;0;2;1;1;1
202200007110;801 323;1;0;0;0;1;5
202200007111;801 319;7;13;0;7;1;1
202200007112;801 317;33;0;0;0;1;1
202200007113;801 316;7;0;2;1;5;1
202200007113;801 318;2;0;2;1;1;1
202200007114;801 315;7;4;0;9;15;1
202200007115;801 313;43;0;0;5;1;1
202200007115;801 314;7;0;2;3;16;1
202200007116;801 308;7;0;2;2;1;1
202200007116;801 311;80;0;2;4;1;3
202200007117;801 306;7;0;;1;9;1
202200007117;801 309;7;0;2;1;21;1
202200007118;801 304;1;0;2;3;3;5
202200007118;801 307;1;0;2;3;1;5
202200007119;801 303;7;0;2;6;1;1
202200007119;801 305;7;0;2;9;1;1
202200007119;801 310;7;0;2;9;1;1
202200007119;801 312;99;0;2;1;1;0
202200007120;801 302;7;0;1;2;1;3
202200007121;801 301;7;4;0;3;13;1
202200007122;801 299;7;4;0;1;13;1
202200007123;801 297;7;0;2;1;1;1
202200007123;801 300;7;0;2;4;1;1
202200007124;801 296;1;0;2;1;13;5
202200007124;801 298;7;0;2;1;1;1
202200007125;801 292;43;0;2;3;3;1
202200007125;801 294;7;0;2;7;2;1
202200007126;801 293;7;0;2;3;17;1
202200007126;801 295;33;0;0;8;1;1
202200007127;801 288;7;0;2;0;0;1
202200007127;801 291;7;0;2;0;0;1
202200007128;801 289;7;0;0;6;0;1
202200007128;801 290;32;0;2;1;0;1
202200007129;801 285;1;0;0;7;1;5
202200007129;801 287;7;0;9;1;0;1
202200007130;801 282;10;0;2;4;2;1
202200007130;801 284;10;0;2;1;2;1
202200007130;801 286;7;0;2;1;2;1
202200007131;801 280;33;0;6;1;1;1
202200007132;801 278;10;0;2;1;2;1
202200007132;801 281;10;0;2;4;2;1
202200007132;801 283;7;0;2;1;2;1
202200007133;801 275;7;0;2;8;15;1
202200007133;801 279;33;0;2;8;1;1
202200007134;801 273;7;0;2;4;1;1
202200007134;801 276;7;0;2;1;1;1
202200007135;801 272;7;0;2;1;2;1
202200007135;801 274;10;0;2;1;2;1
202200007135;801 277;7;0;2;1;2;1
202200007136;801 265;7;4;2;8;1;1
202200007136;801 269;7;0;2;2;12;1
202200007137;801 268;7;0;0;6;2;1
202200007137;801 270;31;0;2;1;2;1
202200007138;801 264;33;0;2;3;1;1
202200007138;801 266;7;0;2;2;15;0
202200007139;801 263;7;13;0;9;14;1
202200007140;801 262;7;0;2;5;12;2
202200007140;801 267;33;0;2;1;3;1
202200007141;801 261;7;0;1;1;15;1
202200007142;801 257;7;0;2;1;2;1
202200007142;801 260;7;0;2;4;2;1
202200007143;801 255;10;0;9;1;9;1
202200007143;801 259;1;0;2;2;9;5
202200007144;801 254;7;0;2;1;2;1
202200007144;801 256;7;0;2;4;2;1
202200007144;801 258;7;0;2;4;2;1
202200007145;801 253;7;0;1;3;15;1
202200007146;801 250;7;0;1;1;1;1
202200007147;801 249;7;0;2;6;1;1
202200007147;801 252;33;0;2;7;12;1
202200007148;801 248;10;0;0;0;0;1
202200007148;801 251;10;0;2;1;2;1
202200007149;801 247;7;0;1;1;1;1
202200007150;801 244;33;4;0;7;14;1
202200007151;801 245;30;0;2;4;1;0
202200007152;801 243;7;4;2;2;17;1
202200007152;801 246;7;4;2;8;1;1
202200007153;801 238;7;0;1;2;9;1
202200007154;801 239;7;0;2;6;2;1
202200007154;801 240;7;0;2;1;2;1
202200007155;801 236;7;0;2;1;12;1
202200007155;801 241;7;0;2;6;1;1
202200007156;801 235;7;0;2;8;10;1
202200007156;801 237;2;0;2;1;3;1
202200007157;801 233;7;0;1;0;7;0
202200007158;801 232;10;3;0;9;14;1
202200007159;801 229;7;0;2;1;2;1
202200007159;801 231;7;0;2;1;2;1
202200007159;801 234;7;0;2;1;2;1
202200007160;801 228;31;0;2;7;17;1
202200007160;801 230;7;0;2;3;1;1
202200007161;801 224;33;0;2;1;3;1
202200007161;801 227;7;0;2;4;11;1
202200007162;801 222;7;0;2;8;15;1
202200007162;801 226;32;0;2;1;7;1
202200007163;801 223;33;3;2;4;1;0
202200007163;801 225;0;0;2;0;0;0
202200007164;801 221;7;0;1;3;1;1
202200007165;801 219;1;0;0;1;14;5
202200007166;801 216;7;0;2;4;12;1
202200007166;801 218;33;0;2;1;3;1
202200007167;801 217;7;0;2;2;1;1
202200007167;801 220;33;0;2;6;15;1
202200007168;801 214;7;0;2;8;19;1
202200007168;801 215;7;8;2;2;1;1
202200007169;801 210;7;12;0;3;1;1
202200007170;801 212;7;0;2;4;23;2
202200007170;801 213;3;1;2;1;2;1
202200007171;801 208;7;0;2;1;2;1
202200007171;801 209;7;0;2;4;23;1
202200007171;801 211;7;0;2;4;23;1
202200007172;801 203;32;0;2;0;21;1
202200007172;801 206;34;0;2;3;1;1
202200007173;801 202;7;0;2;1;1;1
202200007173;801 205;7;4;0;4;1;1
202200007173;801 207;7;4;0;3;1;1
202200007174;801 200;7;0;2;1;1;1
202200007174;801 204;50;0;2;7;15;3
202200007175;801 198;33;0;2;1;2;1
202200007175;801 201;7;0;2;4;1;2
202200007176;801 197;50;0;2;1;1;3
202200007176;801 199;10;0;2;3;16;1
202200007177;801 190;7;4;2;1;2;2
202200007177;801 194;7;0;2;4;2;1
202200007177;801 196;7;0;2;4;2;1
202200007178;801 188;7;0;2;2;15;1
202200007178;801 191;31;0;2;2;1;1
202200007179;801 187;7;0;2;1;2;1
202200007179;801 192;7;0;2;4;23;1
202200007180;801 186;7;0;2;1;2;1
202200007180;801 189;7;0;2;4;2;1
202200007180;801 193;7;0;2;4;2;1
202200007180;801 195;10;0;2;4;2;1
202200007181;801 184;10;0;2;1;1;1
202200007181;801 185;7;0;2;1;13;1
202200007182;801 183;32;12;0;0;14;1
202200007183;801 180;10;0;2;6;13;1
202200007183;801 181;7;0;2;2;1;1
202200007184;801 179;7;0;2;3;1;1
202200007184;801 182;7;12;2;6;15;1
202200007185;801 178;2;0;0;1;0;1
202200007186;801 177;1;0;1;1;1;5
202200007187;801 172;7;0;1;4;20;1
202200007188;801 171;33;0;2;1;1;1
202200007188;801 175;7;0;2;2;15;1
202200007189;801 169;33;0;2;1;2;1
202200007189;801 173;7;0;2;4;2;2
202200007189;801 176;7;0;2;4;23;1
202200007190;801 167;14;0;2;3;15;1
202200007190;801 168;33;0;2;2;13;1
202200007191;801 166;7;0;2;2;1;1
202200007191;801 170;7;0;2;5;1;1
202200007191;801 174;7;0;2;1;2;1
202200007192;801 163;7;0;2;2;1;1
202200007192;801 165;37;0;2;1;1;1
202200007193;801 159;2;0;2;1;1;0
202200007193;801 162;7;0;2;2;15;1
202200007194;801 157;33;0;2;1;2;1
202200007194;801 161;10;0;2;4;2;1
202200007194;801 164;7;0;2;4;1;1
202200007195;801 156;2;12;0;7;14;1
202200007196;801 155;7;0;2;1;2;1
202200007196;801 158;10;0;2;1;2;1
202200007196;801 160;7;0;2;4;2;1
202200007197;801 153;30;0;2;6;11;1
202200007197;801 154;7;0;2;2;14;1
202200007198;801 149;7;0;2;1;9;2
202200007198;801 150;7;0;2;7;1;1
202200007199;801 147;7;1;1;7;1;1
202200007200;801 145;7;0;2;5;2;1
202200007200;801 152;7;0;2;1;2;1
202200007201;801 144;33;0;9;0;0;1
202200007202;801 141;7;0;1;3;15;1
202200007203;801 136;7;0;2;1;1;1
202200007203;801 139;7;0;2;8;1;1
202200007204;801 134;7;0;1;1;3;1
202200007205;801 135;14;0;2;3;1;1
202200007205;801 138;7;0;2;5;12;1
202200007205;801 140;33;0;2;1;3;1
202200007206;801 133;7;14;0;0;0;1
202200007206;801 137;10;14;0;0;0;0
202200007206;801 142;7;14;0;0;0;1
202200007206;801 143;10;0;0;0;2;1
202200007206;801 146;7;14;0;0;2;1
202200007206;801 148;7;14;0;0;2;1
202200007206;801 151;10;0;0;0;1;1
202200007207;801 132;7;0;1;2;0;2
202200007208;801 128;7;0;2;5;12;1
202200007208;801 130;31;0;2;8;3;1
202200007209;801 126;7;2;0;1;1;1
202200007210;801 127;7;0;2;2;9;1
202200007210;801 131;7;0;2;8;16;1
202200007211;801 125;7;0;2;4;1;1
202200007211;801 129;0;0;2;0;0;0
202200007212;801 124;2;0;0;2;1;1
202200007213;801 121;10;3;0;2;14;1
202200007214;801 120;33;0;2;1;1;1
202200007214;801 122;7;0;2;3;15;1
202200007215;801 119;7;0;2;4;2;1
202200007215;801 123;7;0;2;1;2;1
202200007216;801 116;7;0;2;1;13;1
202200007216;801 118;7;0;2;1;1;1
202200007217;801 115;10;0;2;6;1;1
202200007217;801 117;7;0;2;1;14;1
202200007218;801 113;7;0;2;2;15;1
202200007218;801 114;7;12;2;1;2;1
202200007219;801 110;7;0;2;1;14;1
202200007219;801 111;7;3;0;4;1;1
202200007220;801 109;7;0;2;1;1;1
202200007220;801 112;7;0;2;4;1;1
202200007221;801 106;7;10;0;1;16;1
202200007222;801 103;10;0;2;1;2;1
202200007222;801 105;7;0;2;4;2;1
202200007222;801 107;15;0;2;6;2;1
202200007223;801 101;7;1;0;1;1;1
202200007223;801 104;10;0;0;4;24;
202200007224;801 100;2;0;2;1;1;1
202200007224;801 102;7;0;2;5;9;1
202200007225;801 099;7;6;0;3;1;1
202200007226;801 098;7;0;1;2;1;1
202200007227;801 094;7;0;2;1;2;1
202200007227;801 096;7;0;0;4;1;1
202200007228;801 095;1;0;2;1;1;5
202200007228;801 097;7;0;2;1;1;0
202200007229;801 092;7;0;1;3;15;2
202200007230;801 091;7;0;2;8;9;1
202200007230;801 093;7;0;2;2;1;1
202200007231;801 090;7;1;1;2;1;1
202200007232;801 089;10;0;1;1;1;1
202200007233;801 088;33;12;0;0;21;1
202200007234;801 085;7;0;1;1;9;1
202200007235;801 084;7;0;2;1;13;1
202200007235;801 087;7;0;2;2;1;1
202200007236;801 083;10;0;2;1;15;1
202200007236;801 086;30;0;2;1;1;1
202200007237;801 080;7;0;1;1;1;1
202200007238;801 079;33;0;2;1;1;1
202200007238;801 081;7;0;2;3;15;1
202200007239;801 077;7;0;2;3;21;1
202200007239;801 082;7;0;2;3;13;1
202200007240;801 075;7;0;2;6;1;1
202200007240;801 078;7;0;2;0;17;1
202200007241;801 074;7;16;0;0;1;1
202200007242;801 071;15;0;2;1;2;1
202200007242;801 073;7;0;2;4;2;1
202200007242;801 076;15;0;0;4;2;1
202200007243;801 070;7;0;2;3;1;1
202200007243;801 072;7;1;2;3;13;1
202200007244;801 067;7;0;2;3;10;1
202200007244;801 069;33;0;2;7;2;1
202200007245;801 068;7;2;0;3;14;1
202200007246;801 066;7;13;0;2;26;1
202200007247;801 065;40;0;1;2;1;3
202200007248;801 064;7;2;0;1;1;1
202200007249;801 062;7;13;0;3;26;1
202200007250;801 063;7;0;1;1;16;1
202200007251;801 060;33;0;5;1;1;1
202200007252;801 059;17;0;2;1;1;1
202200007252;801 061;7;0;2;1;13;1
202200007253;801 058;31;9;0;2;14;1
202200007254;801 056;17;0;2;8;1;1
202200007254;801 057;32;0;2;3;16;1
202200007255;801 054;14;13;0;3;13;1
202200007256;801 053;7;13;0;2;1;1
202200007257;801 052;1;0;2;4;15;5
202200007257;801 055;32;0;2;0;2;0
202200007258;801 051;7;2;0;1;1;1
202200007259;801 049;7;6;0;1;1;1
202200007260;801 048;7;4;0;3;1;1
202200007261;801 047;7;0;2;8;17;1
202200007261;801 050;7;0;2;6;15;1
202200007262;801 045;7;9;0;1;1;1
202200007263;801 044;7;0;2;5;1;1
202200007263;801 046;7;0;2;1;9;1
202200007264;801 042;7;0;1;3;15;1
202200007265;801 041;7;13;0;1;13;1
202200007266;801 039;7;0;2;1;1;1
202200007266;801 043;7;0;2;7;15;1
202200007267;801 038;2;0;2;1;1;1
202200007267;801 040;7;0;2;3;17;1
202200007268;801 036;7;2;0;9;14;1
202200007269;801 032;7;0;2;3;13;1
202200007269;801 035;7;0;2;2;1;1
202200007270;801 034;80;0;2;1;13;3
202200007270;801 037;1;0;2;1;1;5
202200007271;801 031;7;0;2;6;12;1
202200007271;801 033;33;0;2;1;12;1
202200007272;801 028;7;0;1;3;1;1
202200007273;801 029;2;0;2;7;21;1
202200007273;801 030;7;0;2;7;21;1
202200007274;801 027;7;0;1;4;4;1
202200007275;801 024;10;17;0;1;1;1
202200007276;801 025;7;2;0;8;1;1
202200007277;801 023;50;0;2;2;1;3
202200007277;801 026;7;0;2;2;1;1
202200007278;801 021;7;0;1;1;1;1
202200007279;801 015;7;0;2;3;23;1
202200007279;801 017;7;0;2;3;21;1
202200007279;801 020;7;0;2;8;1;0
202200007279;801 022;7;0;2;1;9;1
202200007280;801 016;31;0;2;8;1;1
202200007280;801 019;7;2;2;1;15;1
202200007281;801 013;7;0;1;1;1;1
202200007282;801 014;50;0;2;1;25;3
202200007282;801 018;7;0;0;2;16;1
202200007283;801 011;7;0;2;1;2;2
202200007283;801 012;7;0;2;4;2;1