Num_Acc;id_vehicule;categorie_vehicule;obstacle_fixe;obstacle_mobile;point_choc_initial;manoeuvre_principale;motorisation
202200007284;801 010;33;0;0;9;17;1
202200007285;801 008;7;0;1;2;19;1
202200007286;801 007;33;0;2;7;1;1
202200007286;801 009;7;0;2;3;13;1
202200007287;801 004;7;11;0;1;14;1
202200007288;801 003;7;0;2;1;17;1
202200007288;801 005;7;0;2;4;1;1
202200007289;801 002;33;0;2;2;1;1
202200007289;801 006;7;0;2;8;9;1
202200007290;800 999;33;0;2;2;17;1
202200007290;801 001;7;0;2;3;2;1
202200007291;800 996;10;0;2;2;15;1
202200007291;801 000;32;0;2;3;3;1
202200007292;800 994;7;0;2;3;13;1
202200007292;800 997;7;3;2;1;1;1
202200007293;800 995;7;0;2;3;1;1
202200007293;800 998;7;0;2;2;15;1
202200007294;800 992;33;13;0;8;0;1
202200007295;800 990;7;0;1;1;21;1
202200007296;800 987;7;2;2;7;3;1
202200007296;800 991;7;2;2;3;1;1
202200007297;800 988;7;0;2;3;1;1
202200007297;800 993;1;0;2;3;25;5
202200007298;800 985;30;0;0;0;26;0
202200007299;800 986;7;0;2;1;1;1
202200007299;800 989;7;0;2;3;1;1
202200007300;800 983;7;8;0;2;1;1
202200007301;800 981;7;0;2;1;15;0
202200007301;800 984;7;0;2;4;1;1
202200007302;800 979;10;0;1;1;1;1
202200007303;800 980;7;0;2;8;15;1
202200007303;800 982;30;14;2;7;17;1
202200007304;800 976;2;6;0;3;1;1
202200007305;800 975;7;0;2;3;1;1
202200007305;800 977;7;0;2;3;13;1
202200007306;800 974;7;0;2;1;1;1
202200007306;800 978;7;0;2;7;1;2
202200007307;800 973;7;6;0;0;15;1
202200007308;800 972;7;0;1;2;1;1
202200007309;800 970;7;8;0;1;1;1
202200007310;800 969;31;0;0;0;1;1
202200007311;800 967;7;0;2;1;2;1
202200007311;800 971;2;0;2;4;1;1
202200007312;800 966;21;0;2;4;2;1
202200007312;800 968;33;0;2;1;12;1
202200007313;800 963;10;0;2;1;15;1
202200007313;800 965;7;0;2;1;1;2
202200007314;800 962;33;13;0;1;13;1
202200007315;800 957;7;9;2;1;9;1
202200007315;800 960;7;0;2;1;15;1
202200007315;800 961;7;0;2;3;9;1
202200007316;800 958;7;8;0;1;1;1
202200007317;800 955;33;0;0;0;1;1
202200007318;800 954;7;0;2;1;1;1
202200007318;800 956;7;0;2;6;1;1
202200007318;800 964;7;0;2;4;1;1
202200007319;800 949;7;0;2;1;19;1
202200007319;800 953;7;0;2;7;1;1
202200007320;800 951;33;0;2;4;1;1
202200007320;800 952;17;0;2;2;1;1
202200007321;800 947;7;0;2;4;2;1
202200007321;800 950;7;0;2;1;2;1
202200007322;800 946;7;0;2;3;6;1
202200007322;800 948;7;0;2;3;1;1
202200007323;800 943;7;0;0;2;0;1
202200007324;800 942;7;8;0;7;0;1
202200007325;800 941;7;0;2;1;2;1
202200007325;800 944;7;0;2;4;2;1
202200007326;800 940;7;0;2;1;15;1
202200007326;800 945;1;0;2;7;1;5
202200007327;800 939;7;13;0;1;2;1
202200007328;800 935;43;0;2;8;1;1
202200007328;800 937;7;0;2;7;12;1
202200007329;800 936;33;0;2;1;15;1
202200007329;800 938;7;0;2;1;5;1
202200007330;800 933;7;1;0;1;14;1
202200007331;800 932;7;0;2;7;15;1
202200007331;800 934;7;0;2;1;1;1
202200007332;800 930;33;13;0;1;1;1
202200007333;800 929;7;8;0;2;0;1
202200007334;800 928;7;0;2;1;1;1
202200007334;800 931;7;0;2;4;1;1
202200007335;800 926;7;0;2;3;1;1
202200007335;800 927;33;0;2;1;9;1
202200007336;800 923;7;13;0;1;15;1
202200007337;800 922;7;2;0;8;1;1
202200007338;800 921;7;0;2;1;1;1
202200007338;800 925;7;0;2;3;9;1
202200007339;800 920;7;0;2;1;2;1
202200007339;800 924;7;0;2;4;1;1
202200007340;800 919;7;14;0;3;1;1
202200007341;800 917;7;1;0;2;1;1
202200007342;800 911;34;0;0;8;1;1
202200007343;800 910;15;0;2;8;11;1
202200007343;800 914;7;0;2;7;2;1
202200007344;800 909;10;0;2;6;2;1
202200007344;800 913;33;0;2;1;2;1
202200007344;800 915;14;0;0;0;0;1
202200007345;800 908;7;0;2;8;15;1
202200007345;800 912;30;0;2;1;17;1
202200007346;800 906;33;0;2;7;1;1
202200007346;800 907;7;0;2;2;1;1
202200007347;800 903;33;0;0;3;13;1
202200007348;800 904;7;4;0;3;26;1
202200007349;800 902;32;0;2;3;1;1
202200007349;800 905;30;0;2;7;9;1
202200007350;800 900;7;3;2;9;13;1
202200007350;800 901;7;0;2;2;21;1
202200007351;800 896;17;1;0;2;14;1
202200007351;800 898;10;3;0;6;0;1
202200007352;800 895;10;15;2;1;1;1
202200007352;800 899;7;0;2;6;15;3
202200007353;800 894;99;0;2;2;5;0
202200007353;800 897;33;0;2;0;13;1
202200007354;800 892;7;4;2;1;2;1
202200007354;800 893;7;4;2;4;2;1
202200007355;800 888;31;0;0;0;0;1
202200007356;800 887;7;4;0;2;14;1
202200007357;800 885;30;0;2;1;1;1
202200007357;800 889;7;0;2;3;26;1
202200007358;800 882;33;0;0;0;1;1
202200007359;800 879;7;9;0;1;9;1
202200007360;800 878;7;0;2;4;1;1
202200007360;800 881;7;0;2;1;2;1
202200007361;800 875;7;0;2;8;11;1
202200007361;800 876;31;0;2;7;3;1
202200007362;800 871;7;0;2;2;2;1
202200007362;800 874;7;0;2;1;9;1
202200007363;800 869;7;0;5;2;1;1
202200007364;800 870;1;0;2;2;26;5
202200007364;800 873;7;0;9;3;9;1
202200007365;800 868;7;0;2;1;2;1
202200007365;800 872;7;0;2;4;2;1
202200007366;800 864;7;8;0;1;15;1
202200007367;800 863;7;0;0;2;17;1
202200007367;800 866;7;4;2;6;2;1
202200007368;800 862;7;0;2;3;1;1
202200007368;800 867;60;0;2;7;26;5
202200007369;800 861;7;0;2;4;2;1
202200007369;800 865;7;0;2;1;2;1
202200007370;800 858;17;0;2;8;1;1
202200007370;800 860;31;0;2;1;11;1
202200007371;800 855;33;0;2;1;1;1
202200007371;800 857;10;0;2;7;15;1
202200007372;800 856;1;0;2;1;1;5
202200007372;800 859;7;0;9;3;15;1
202200007373;800 853;7;0;2;4;2;1
202200007373;800 854;7;0;2;1;2;1
202200007374;800 851;34;0;0;0;3;1
202200007375;800 847;7;0;2;1;1;1
202200007375;800 852;10;0;2;5;2;1
202200007376;800 846;33;0;2;2;1;1
202200007376;800 849;7;0;2;6;11;1
202200007377;800 840;1;0;9;3;1;5
202200007377;800 844;1;0;9;1;0;5
202200007378;800 842;15;0;2;5;1;1
202200007378;800 845;31;0;2;3;9;1
202200007379;800 838;10;0;2;1;1;1
202200007379;800 841;10;0;2;4;2;1
202200007379;800 843;10;0;2;4;2;1
202200007380;800 837;17;0;0;1;0;1
202200007380;800 839;7;0;0;9;9;1
202200007381;800 835;7;0;0;0;1;1
202200007382;800 834;10;3;0;3;1;1
202200007383;800 827;7;0;2;8;26;1
202200007383;800 830;7;0;2;1;1;1
202200007384;800 828;33;0;2;1;18;1
202200007384;800 832;7;0;2;4;12;2
202200007385;800 825;7;0;2;1;1;1
202200007385;800 829;7;0;2;4;1;1
202200007385;800 831;7;0;2;4;23;1
202200007385;800 833;7;0;2;4;23;1
202200007385;800 836;7;0;2;4;23;2
202200007386;800 823;10;0;2;8;23;1
202200007386;800 826;33;14;0;7;26;1
202200007387;800 820;7;2;0;1;0;1
202200007388;800 819;7;0;2;8;11;1
202200007388;800 822;33;0;2;1;3;1
202200007388;800 824;7;0;2;5;1;0
202200007389;800 817;14;3;0;1;13;1
202200007390;800 818;7;0;2;2;1;2
202200007390;800 821;30;0;2;1;5;3
202200007391;800 814;33;0;2;1;1;1
202200007391;800 816;10;0;0;5;10;1
202200007392;800 812;15;0;2;4;1;1
202200007392;800 815;15;0;2;1;1;1
202200007393;800 813;7;15;0;2;19;1
202200007394;800 810;7;0;1;1;15;1
202200007395;800 808;10;0;1;2;20;1
202200007396;800 807;38;0;2;3;15;1
202200007396;800 811;30;0;2;3;1;1
202200007397;800 806;31;0;2;1;3;1
202200007397;800 809;7;0;2;3;13;1
202200007398;800 800;30;0;2;1;1;1
202200007398;800 805;7;0;2;3;1;1
202200007399;800 802;33;0;2;0;17;1
202200007399;800 804;7;0;2;0;15;2
202200007400;800 797;7;0;2;2;26;1
202200007400;800 801;2;0;2;1;1;1
202200007401;800 796;7;0;2;8;1;1
202200007401;800 798;7;0;2;8;1;2
202200007401;800 799;10;0;2;7;12;1
202200007401;800 803;31;0;2;2;3;1
202200007402;800 794;7;0;2;8;13;1
202200007402;800 795;7;1;2;8;1;1
202200007403;800 793;1;0;0;0;0;5
202200007404;800 788;7;14;0;1;0;1
202200007405;800 790;33;0;2;3;7;1
202200007405;800 792;10;0;2;1;15;1
202200007406;800 787;7;0;2;4;2;1
202200007406;800 789;7;0;2;1;2;1
202200007406;800 791;7;0;2;1;1;1
202200007407;800 784;7;0;1;0;1;0
202200007408;800 785;7;0;2;1;2;1
202200007408;800 786;7;0;2;4;2;1
202200007409;800 783;7;0;1;1;15;1
202200007410;800 782;33;0;0;3;3;1
202200007411;800 780;7;3;0;2;2;1
202200007412;800 775;7;0;1;1;2;1
202200007412;800 779;7;0;2;4;23;1
202200007413;800 774;33;0;2;4;23;1
202200007413;800 777;30;0;2;1;2;1
202200007414;800 771;7;0;2;6;13;1
202200007414;800 772;33;0;2;7;1;1
202200007414;800 776;33;0;2;0;0;1
202200007414;800 778;33;0;2;0;0;1
202200007414;800 781;33;0;2;0;1;1
202200007415;800 769;10;0;2;1;11;1
202200007415;800 773;17;0;2;1;1;1
202200007416;800 768;30;0;2;0;0;1
202200007416;800 770;7;0;2;0;0;1
202200007417;800 766;7;0;2;3;15;1
202200007417;800 767;30;1;2;7;5;1
202200007418;800 761;7;0;2;4;1;1
202200007418;800 764;33;0;2;1;26;1
202200007419;800 760;33;0;2;1;1;1
202200007419;800 762;7;0;2;3;15;1
202200007420;800 759;7;0;2;1;2;2
202200007420;800 763;7;0;2;4;2;1
202200007420;800 765;10;0;2;4;2;1
202200007421;800 755;7;0;2;2;16;1
202200007421;800 758;32;0;2;8;18;1
202200007422;800 754;7;4;2;4;1;1
202200007422;800 757;34;4;2;1;3;1
202200007423;800 753;33;3;0;2;14;1
202200007424;800 752;7;0;2;1;1;3
202200007424;800 756;33;0;2;7;1;1
202200007425;800 748;10;0;2;4;1;0
202200007425;800 750;33;0;2;1;11;1
202200007426;800 747;7;0;0;0;14;1
202200007427;800 749;7;0;2;3;15;1
202200007427;800 751;31;0;2;2;17;1
202200007428;800 746;7;0;1;1;1;1
202200007429;800 744;7;5;2;1;21;1
202200007430;800 743;7;4;0;1;19;1
202200007431;800 742;7;0;2;5;11;1
202200007431;800 745;33;0;2;1;1;1
202200007432;800 740;14;0;2;4;23;1
202200007432;800 741;10;0;2;1;2;1
202200007433;800 737;7;0;2;2;1;1
202200007433;800 739;7;0;2;6;1;1
202200007434;800 735;7;13;0;1;1;1
202200007435;800 734;80;0;1;1;5;3
202200007436;800 731;7;0;2;4;1;2
202200007436;800 733;7;1;0;4;1;1
202200007436;800 736;7;1;0;4;23;1
202200007436;800 738;10;1;0;1;1;1
202200007437;800 730;7;0;2;3;0;1
202200007437;800 732;10;0;0;4;0;1
202200007438;800 726;7;0;2;1;1;2
202200007438;800 728;7;0;2;1;1;1
202200007438;800 729;7;0;2;4;1;0
202200007439;800 724;7;13;0;1;1;2
202200007440;800 725;7;0;2;8;15;1
202200007440;800 727;30;0;2;1;17;1
202200007441;800 722;33;0;2;7;21;1
202200007441;800 723;7;0;2;6;26;0
202200007442;800 721;7;0;2;1;1;1
202200007443;800 718;32;0;2;3;26;1
202200007443;800 720;2;0;2;1;1;1
202200007444;800 717;1;0;1;1;1;5
202200007445;800 716;7;0;2;3;1;1
202200007445;800 719;30;0;2;1;17;3
202200007446;800 709;7;0;1;4;26;1
202200007447;800 708;10;0;2;1;1;1
202200007447;800 712;7;0;2;4;1;0
202200007447;800 714;7;0;2;4;1;0
202200007447;800 715;7;0;2;4;1;0
202200007448;800 707;1;0;2;1;2;5
202200007448;800 710;7;0;2;4;23;1
202200007449;800 705;7;2;0;8;0;1
202200007450;800 701;7;0;2;8;14;1
202200007450;800 704;7;4;2;1;1;1
202200007451;800 700;7;0;2;0;10;0
202200007451;800 702;7;0;2;1;1;1
202200007451;800 703;7;0;2;1;1;1
202200007451;800 706;7;0;2;1;1;1
202200007452;800 698;7;0;1;1;1;1
202200007453;800 697;33;0;2;3;15;1
202200007453;800 699;32;0;2;7;17;1
202200007454;800 696;7;4;0;3;13;1
202200007455;800 691;7;0;2;6;1;1
202200007455;800 695;7;1;2;1;1;1
202200007456;800 694;7;0;1;2;15;1
202200007457;800 689;14;0;2;8;13;1
202200007457;800 692;33;0;2;7;23;1
202200007458;800 688;10;0;2;3;1;1
202200007458;800 690;7;0;2;6;1;1
202200007458;800 693;7;0;2;1;5;1
202200007459;800 686;7;0;1;1;1;1
202200007460;800 684;50;0;2;0;19;3
202200007460;800 687;99;0;2;0;1;1
202200007461;800 681;30;0;2;1;1;1
202200007461;800 685;7;0;2;2;15;1
202200007462;800 680;80;0;2;0;13;3
202200007462;800 683;1;0;2;0;1;5
202200007463;800 679;33;14;0;7;1;1
202200007464;800 678;7;0;2;3;1;0
202200007464;800 682;7;0;2;1;13;0
202200007465;800 676;7;0;1;1;26;1
202200007466;800 675;30;0;2;3;26;1
202200007466;800 677;30;0;2;5;1;1
202200007467;800 672;2;0;2;7;21;1
202200007467;800 674;7;0;0;5;15;1
202200007468;800 670;7;0;2;0;0;0
202200007468;800 673;33;0;2;6;1;1
202200007469;800 668;1;0;2;0;1;5
202200007469;800 671;7;0;2;3;15;1
202200007470;800 666;7;13;0;2;1;1
202200007471;800 667;7;0;2;4;23;1
202200007471;800 669;10;0;2;1;2;1
202200007472;800 665;7;0;1;2;26;1
202200007473;800 664;30;3;0;1;13;1
202200007474;800 662;7;0;1;6;26;1
202200007475;800 659;1;0;9;1;0;5
202200007475;800 663;7;0;9;1;5;0
202200007476;800 660;7;0;1;1;1;1
202200007477;800 657;7;0;1;1;1;2
202200007478;800 655;7;0;2;4;23;1
202200007478;800 658;10;0;2;4;23;1
202200007478;800 661;7;0;2;1;2;1
202200007479;800 653;7;0;2;7;15;1
202200007479;800 656;2;0;2;1;0;1
202200007480;800 651;7;0;2;3;9;1
202200007480;800 654;7;4;0;0;0;1
202200007481;800 650;10;0;1;4;20;1
202200007482;800 648;33;0;2;5;2;1
202200007483;800 646;1;9;0;0;26;5
202200007484;800 647;7;0;2;1;1;1
202200007484;800 649;7;0;2;1;17;1
202200007485;800 645;7;0;1;1;2;1
202200007486;800 641;31;0;2;1;6;0
202200007486;800 642;3;0;2;1;1;0
202200007487;800 640;7;0;2;1;26;1
202200007487;800 643;60;0;2;;19;5
202200007488;800 637;7;0;2;4;0;1
202200007488;800 644;10;0;2;1;9;1
202200007489;800 638;10;0;0;8;15;1
202200007489;800 639;34;0;2;2;3;1
202200007490;800 635;7;0;1;2;17;1
202200007491;800 633;7;0;2;2;16;3
202200007491;800 636;1;0;2;6;1;5
202200007492;800 631;15;0;0;8;2;1
202200007492;800 634;33;0;2;2;17;1
202200007493;800 630;33;0;2;2;1;1
202200007493;800 632;1;14;2;0;1;5
202200007494;800 629;7;0;1;1;1;1
202200007495;800 626;2;0;2;1;1;1
202200007495;800 628;7;0;2;1;9;1
202200007496;800 624;1;0;2;1;1;5
202200007496;800 627;7;0;2;1;11;1
202200007497;800 621;1;1;0;3;7;5
202200007497;800 625;7;0;2;3;22;1
202200007498;800 622;31;0;2;4;26;1
202200007498;800 623;7;0;2;1;26;1
202200007499;800 619;33;13;0;9;1;1
202200007500;800 618;7;0;2;3;2;1
202200007500;800 620;7;0;2;4;15;1
202200007501;800 615;1;0;0;0;1;5
202200007502;800 613;30;0;2;1;1;1
202200007502;800 616;7;0;2;3;15;1
202200007503;800 611;7;0;2;3;1;1
202200007503;800 612;7;0;2;1;1;1
202200007504;800 608;2;0;2;1;0;1
202200007504;800 610;7;0;2;3;1;1
202200007505;800 606;32;0;0;0;1;1
202200007506;800 605;7;0;0;4;23;1
202200007506;800 609;7;0;0;1;1;1
202200007507;800 604;7;0;2;1;26;1
202200007507;800 607;1;0;2;2;26;5
202200007508;800 601;7;0;2;1;13;1
202200007508;800 603;7;0;2;1;1;1
202200007509;800 599;7;0;2;0;9;1
202200007509;800 602;31;0;2;1;1;1
202200007510;800 598;7;0;1;3;1;1
202200007511;800 597;0;0;2;8;0;0
202200007511;800 600;7;0;2;3;1;1
202200007512;800 595;7;13;0;1;13;1
202200007513;800 596;7;15;0;1;0;1
202200007514;800 594;7;0;1;1;15;1
202200007515;800 591;31;13;0;1;1;1
202200007516;800 589;50;16;0;9;1;3
202200007517;800 588;30;0;2;1;2;1
202200007517;800 590;7;0;2;2;15;1
202200007518;800 587;3;15;0;0;15;1
202200007519;800 585;7;0;1;1;0;1
202200007520;800 583;32;0;2;1;1;1
202200007520;800 586;7;0;2;3;15;1
202200007521;800 581;7;0;2;7;1;1
202200007521;800 584;7;0;2;1;15;1
202200007522;800 580;10;0;2;1;2;1
202200007522;800 582;7;0;2;4;2;1
202200007523;800 578;7;0;2;7;15;1
202200007523;800 579;33;0;2;0;1;1
202200007524;800 577;7;13;0;2;1;1
202200007525;800 573;7;0;1;3;20;1
202200007526;800 574;7;0;2;5;15;1
202200007526;800 576;2;0;2;3;17;0
202200007527;800 571;34;8;0;1;0;1
202200007528;800 572;7;0;9;3;26;1
202200007528;800 575;1;0;2;1;1;5
202200007529;800 565;7;0;2;4;1;1
202200007529;800 569;7;0;2;1;1;1
202200007530;800 562;7;0;0;5;1;1
202200007530;800 564;7;0;2;3;21;1
202200007530;800 567;7;3;0;2;0;1
202200007531;800 563;7;0;2;2;19;3
202200007531;800 566;33;0;2;8;2;1
202200007532;800 558;7;0;2;3;2;1
202200007532;800 559;7;0;2;3;13;1
202200007532;800 561;7;0;2;3;1;1
202200007533;800 555;7;0;2;4;1;1
202200007533;800 560;7;0;2;1;1;1
202200007534;800 554;33;0;2;1;1;1
202200007534;800 557;7;0;2;5;15;1
202200007535;800 553;1;0;2;8;26;5
202200007535;800 556;7;0;2;1;15;1
202200007536;800 552;7;1;0;1;2;1
202200007537;800 549;7;0;2;2;16;1
202200007537;800 551;1;0;2;1;1;5
202200007538;800 548;7;0;1;3;1;1
202200007539;800 547;33;0;2;1;1;0
202200007539;800 550;7;0;2;3;15;1
202200007540;800 544;7;0;2;3;15;1
202200007540;800 545;32;0;2;7;17;1
202200007541;800 542;10;0;2;7;1;1
202200007541;800 546;7;0;2;1;1;1
202200007542;800 541;7;0;9;1;26;1
202200007542;800 543;1;0;2;4;0;5
202200007543;800 540;7;0;1;1;2;1
202200007544;800 538;7;0;2;4;2;1
202200007544;800 539;10;0;2;1;2;1
202200007545;800 537;7;2;0;1;19;1
202200007546;800 534;7;0;2;3;1;1
202200007546;800 535;7;0;2;3;1;1
202200007547;800 533;10;0;2;1;15;1
202200007547;800 536;33;0;2;2;1;1
202200007548;800 531;7;14;0;1;1;1
202200007549;800 530;33;0;0;8;15;1
202200007550;800 526;2;0;2;1;2;1
202200007550;800 529;10;9;2;3;10;1
202200007551;800 525;33;0;2;1;17;1
202200007551;800 527;7;0;2;8;1;1
202200007552;800 524;10;0;2;6;17;1
202200007552;800 528;7;0;2;1;26;1
202200007553;800 522;7;0;2;4;2;1
202200007553;800 523;33;0;2;1;12;1
202200007554;800 521;7;0;1;1;2;1
202200007555;800 518;30;0;2;1;1;1
202200007555;800 520;10;0;2;7;1;1
202200007556;800 516;14;0;0;6;1;1
202200007556;800 519;33;0;2;1;2;1
202200007557;800 515;7;0;2;6;1;1
202200007557;800 517;7;0;2;3;14;1
202200007558;800 513;43;0;2;1;2;1
202200007558;800 514;7;0;2;4;1;1
202200007559;800 510;10;0;9;1;2;1
202200007559;800 512;1;0;0;4;2;5
202200007560;800 509;7;0;2;3;13;1
202200007560;800 511;30;0;2;2;17;1
202200007561;800 508;7;0;1;2;1;1
202200007562;800 505;10;0;1;1;15;1
202200007563;800 504;33;0;2;7;17;1
202200007563;800 506;1;0;2;8;13;5
202200007564;800 503;7;0;0;2;2;1
202200007564;800 507;1;0;0;3;2;5
202200007565;800 502;7;0;1;2;0;1
202200007566;800 499;10;0;2;2;1;1
202200007566;800 501;30;0;2;8;1;1
202200007567;800 498;1;14;0;1;13;5
202200007568;800 497;7;0;2;1;1;1
202200007568;800 500;7;0;2;1;13;1
202200007569;800 494;31;0;2;6;5;0
202200007569;800 496;7;0;2;2;2;1
202200007570;800 495;7;4;0;3;14;1
202200007571;800 491;7;0;2;1;26;1
202200007571;800 493;7;0;2;1;1;1
202200007572;800 490;31;13;0;3;13;1
202200007572;800 492;10;0;0;0;14;1
202200007573;800 489;1;0;0;0;2;5
202200007574;800 488;7;0;1;3;19;2
202200007575;800 484;7;0;2;1;1;1
202200007575;800 487;7;0;2;1;13;1
202200007576;800 483;7;12;0;6;1;1
202200007576;800 485;7;0;2;2;14;1
202200007577;800 482;7;0;0;3;15;1
202200007577;800 486;33;0;0;1;1;1
202200007578;800 481;10;0;1;2;15;1
202200007579;800 480;7;3;0;7;1;1
202200007580;800 476;31;0;2;3;1;1
202200007580;800 479;7;0;2;3;15;1
202200007581;800 475;30;0;2;1;17;1
202200007581;800 477;50;0;2;8;5;3
202200007582;800 474;7;0;1;2;1;1
202200007583;800 473;7;0;1;2;1;1
202200007584;800 471;7;0;1;3;1;1
202200007585;800 469;7;14;2;3;26;1
202200007585;800 472;7;0;2;8;0;1
202200007586;800 465;7;0;2;2;15;3
202200007586;800 467;50;0;2;1;1;3
202200007587;800 462;80;0;2;8;19;3
202200007587;800 466;7;0;9;2;1;1
202200007588;800 460;7;0;0;8;1;1
202200007588;800 463;7;0;2;1;9;1
202200007589;800 458;7;0;2;1;1;1
202200007589;800 461;7;0;2;4;1;1
202200007589;800 464;7;0;0;4;1;1
202200007590;800 457;33;0;2;3;1;1
202200007590;800 459;50;0;2;2;12;3
202200007591;800 456;7;0;1;2;1;1
202200007592;800 452;32;0;2;7;17;1
202200007592;800 455;7;0;2;3;15;1
202200007593;800 454;10;6;0;1;15;1
202200007594;800 450;10;4;0;1;5;0
202200007594;800 453;7;0;0;1;1;0
202200007595;800 448;7;0;2;6;21;1
202200007595;800 451;7;0;2;2;15;1
202200007596;800 447;7;0;1;1;2;1
202200007597;800 445;33;0;2;2;1;1
202200007597;800 449;1;0;2;8;19;5
202200007598;800 444;2;0;6;1;1;1
202200007599;800 441;2;15;2;0;1;1
202200007600;800 443;7;0;2;2;1;1
202200007600;800 446;7;0;2;3;1;1
202200007601;800 438;7;2;0;1;1;1
202200007602;800 436;7;0;0;4;2;1
202200007602;800 439;7;0;2;1;2;1
202200007603;800 435;10;0;2;3;1;1
202200007603;800 437;33;0;2;1;1;1
202200007604;800 434;7;0;1;3;15;3
202200007605;800 433;35;1;0;5;1;1
202200007606;800 432;38;0;1;2;16;1
202200007607;800 431;30;0;0;0;1;1
202200007608;800 429;7;0;2;1;1;1
202200007608;800 430;32;0;2;8;10;1
202200007609;800 427;7;2;0;1;13;1
202200007610;800 426;7;0;2;3;1;1
202200007610;800 428;7;0;2;3;1;1
202200007611;800 425;7;0;1;1;2;1
202200007612;800 424;50;8;0;0;25;3
202200007613;800 422;21;6;0;8;1;1
202200007614;800 419;17;0;2;1;19;1
202200007614;800 423;7;0;2;3;19;1
202200007615;800 417;40;0;2;1;26;3
202200007615;800 421;10;0;4;6;10;1
202200007616;800 416;7;2;0;3;1;1
202200007617;800 412;7;2;0;1;14;1
202200007618;800 410;10;0;0;0;0;0
202200007618;800 413;10;0;2;3;2;1
202200007619;800 411;7;0;2;5;16;1
202200007619;800 414;1;0;2;1;1;5
202200007620;800 409;7;0;2;8;15;1
202200007620;800 415;15;0;2;3;1;1
202200007621;800 407;10;0;1;1;1;1
202200007622;800 406;10;0;2;5;11;1
202200007622;800 408;7;3;2;2;17;1
202200007623;800 404;7;8;1;1;1;1
202200007624;800 402;33;0;5;1;1;1
202200007625;800 400;43;11;0;1;1;1
202200007626;800 398;7;3;2;3;1;1
202200007626;800 403;7;0;2;2;9;1
202200007627;800 399;1;0;2;8;15;5
202200007627;800 401;10;0;2;2;17;3
202200007628;800 394;50;0;2;1;1;3
202200007628;800 397;7;0;2;2;1;2
202200007629;800 393;7;0;2;1;1;1
202200007629;800 396;7;0;2;1;13;1
202200007630;800 391;33;0;2;1;1;1
202200007630;800 392;7;0;2;4;1;2
202200007631;800 386;37;0;0;6;2;1
202200007631;800 389;50;0;2;2;3;3
202200007632;800 388;33;0;2;1;1;1
202200007632;800 390;7;0;2;7;15;1
202200007633;800 385;33;0;2;7;1;1
202200007633;800 387;7;0;2;1;15;1
202200007634;800 378;1;0;0;4;1;5
202200007634;800 380;7;0;2;1;17;1
202200007635;800 377;7;0;2;2;26;1
202200007635;800 379;7;0;2;5;23;1
202200007635;800 383;7;0;2;6;23;1
202200007636;800 375;33;13;2;1;17;1
202200007636;800 376;21;0;2;6;15;1
202200007637;800 372;1;0;0;1;13;5
202200007638;800 371;10;0;2;1;1;1
202200007638;800 373;7;0;2;3;13;1
202200007639;800 370;33;0;0;7;17;1
202200007639;800 374;7;0;0;3;2;1
202200007640;800 369;7;2;0;1;1;1
202200007641;800 366;7;0;2;1;1;1
202200007641;800 368;10;0;2;3;0;1
202200007642;800 365;7;0;0;3;9;1
202200007642;800 367;31;0;2;0;1;1
202200007643;800 364;7;0;1;0;0;0
202200007644;800 361;7;3;0;3;1;1
202200007645;800 358;7;0;2;1;1;1
202200007645;800 362;7;0;2;1;1;1
202200007646;800 355;2;0;2;1;9;1
202200007646;800 359;7;0;2;1;26;1
202200007647;800 356;7;3;2;1;1;1
202200007647;800 360;7;0;2;3;15;1
202200007648;800 354;7;0;2;2;0;2
202200007648;800 357;10;0;2;3;1;1
202200007649;800 350;7;0;1;1;15;1
202200007650;800 351;7;0;0;0;5;1
202200007650;800 352;7;13;0;3;1;1
202200007651;800 348;7;0;2;5;1;1
202200007651;800 353;33;0;2;1;2;1
202200007652;800 346;7;0;0;1;1;1
202200007653;800 342;33;0;0;8;0;1
202200007654;800 340;7;0;2;8;1;1
202200007654;800 345;33;0;2;1;1;1
202200007655;800 341;7;0;2;1;1;1
202200007655;800 344;7;2;0;3;1;1
202200007656;800 339;7;0;2;4;1;1
202200007656;800 343;33;0;2;1;1;1
202200007657;800 337;7;2;0;1;0;1
202200007658;800 336;80;0;2;4;2;3
202200007658;800 338;7;0;2;2;2;1
202200007659;800 335;17;0;1;3;1;1
202200007660;800 332;33;0;0;7;1;1
202200007661;800 331;33;0;2;1;1;1
202200007661;800 333;10;0;0;7;15;1
202200007662;800 330;1;0;1;1;1;0
202200007663;800 326;2;0;2;1;1;1
202200007663;800 328;10;0;2;3;13;1
202200007664;800 327;7;0;2;3;9;1
202200007664;800 329;33;0;2;7;2;1
202200007665;800 321;7;8;0;9;0;1
202200007666;800 320;10;1;2;3;19;1
202200007666;800 323;17;0;2;6;1;1
202200007666;800 325;17;0;2;2;1;1
202200007667;800 319;7;0;2;1;2;1
202200007667;800 324;10;0;2;4;16;1
202200007668;800 318;99;0;2;6;1;0
202200007668;800 322;99;0;2;3;13;0
202200007669;800 317;7;6;0;1;1;1
202200007670;800 311;33;0;0;8;10;1
202200007671;800 309;15;3;0;3;13;1
202200007671;800 313;15;0;2;1;1;1
202200007671;800 316;7;0;9;1;1;1
202200007672;800 310;37;0;2;1;1;1
202200007672;800 315;37;0;0;4;1;1
202200007673;800 312;0;;1;0;0;
202200007673;800 314;30;0;1;1;26;1
202200007674;800 308;7;0;1;1;15;1
202200007675;800 307;7;3;0;2;12;2
202200007676;800 305;7;0;0;0;1;1
202200007677;800 304;7;4;0;3;1;1
202200007678;800 303;7;0;2;1;2;0
202200007678;800 306;7;0;2;4;23;1
202200007679;800 302;33;0;0;0;2;1