Num_Acc;id_vehicule;categorie_vehicule;obstacle_fixe;obstacle_mobile;point_choc_initial;manoeuvre_principale;motorisation
202200007680;800 299;7;0;2;5;15;1
202200007680;800 301;7;0;2;2;1;1
202200007681;800 296;10;0;2;3;17;1
202200007681;800 300;10;0;2;3;1;1
202200007682;800 294;7;8;0;2;13;1
202200007683;800 293;7;0;2;7;17;1
202200007683;800 295;7;0;2;6;2;1
202200007683;800 297;33;0;2;1;2;1
202200007684;800 292;7;0;2;3;15;1
202200007684;800 298;32;0;2;1;2;1
202200007685;800 286;7;0;2;3;1;1
202200007685;800 290;7;0;2;6;9;1
202200007686;800 288;7;0;0;3;2;1
202200007686;800 291;2;0;0;2;2;1
202200007687;800 285;38;0;2;3;5;1
202200007687;800 289;33;0;2;1;1;1
202200007688;800 284;3;0;2;2;15;1
202200007688;800 287;31;0;2;1;1;1
202200007689;800 280;7;13;0;2;0;1
202200007690;800 279;10;0;9;1;1;1
202200007690;800 281;7;0;0;4;1;1
202200007690;800 283;2;0;2;1;1;1
202200007691;800 278;7;0;2;3;1;1
202200007691;800 282;7;0;2;2;13;1
202200007692;800 277;7;0;1;1;26;1
202200007693;800 275;32;2;0;2;1;1
202200007694;800 272;7;0;2;1;1;1
202200007694;800 274;7;0;2;4;23;1
202200007694;800 276;7;0;2;4;15;1
202200007695;800 271;10;0;2;3;1;1
202200007695;800 273;7;0;2;3;5;1
202200007696;800 268;7;0;2;1;1;1
202200007696;800 270;7;0;2;7;19;1
202200007697;800 267;7;2;0;1;0;1
202200007698;800 265;38;0;0;0;5;1
202200007698;800 269;7;6;0;1;1;1
202200007699;800 264;10;0;2;3;0;1
202200007699;800 266;10;0;2;3;0;1
202200007700;800 262;33;0;5;1;21;1
202200007701;800 260;7;0;2;1;9;1
202200007701;800 263;1;0;2;8;5;5
202200007702;800 259;14;0;0;2;17;1
202200007702;800 261;1;0;0;3;15;5
202200007703;800 257;7;2;0;1;21;1
202200007704;800 256;1;0;2;1;1;5
202200007704;800 258;7;0;9;7;15;1
202200007705;800 255;7;0;0;9;26;1
202200007706;800 252;7;0;9;1;17;1
202200007706;800 254;80;0;2;8;15;3
202200007707;800 248;7;0;2;1;1;1
202200007707;800 251;2;0;2;7;15;1
202200007708;800 249;7;0;2;3;13;1
202200007708;800 253;7;0;2;3;1;1
202200007709;800 247;7;0;9;3;15;1
202200007709;800 250;50;0;2;1;25;3
202200007710;800 245;32;17;0;1;14;1
202200007711;800 244;43;0;2;1;1;1
202200007711;800 246;50;0;0;8;19;3
202200007712;800 242;7;13;0;3;1;1
202200007713;800 241;7;0;2;7;1;1
202200007713;800 243;33;0;2;3;14;1
202200007714;800 237;33;2;0;7;1;1
202200007714;800 239;7;0;0;4;1;1
202200007714;800 240;33;0;2;1;1;1
202200007715;800 236;7;4;2;6;1;1
202200007715;800 238;15;0;2;2;12;1
202200007716;800 233;7;6;0;8;13;1
202200007717;800 232;33;0;1;1;1;1
202200007717;800 234;10;0;2;1;1;1
202200007718;800 230;33;13;0;1;17;1
202200007719;800 227;2;0;1;1;1;1
202200007720;800 225;7;0;2;2;26;1
202200007720;800 228;80;0;2;8;19;3
202200007721;800 226;43;0;2;1;1;1
202200007721;800 231;7;0;2;3;15;1
202200007722;800 224;7;0;0;3;1;1
202200007722;800 229;7;0;0;1;19;1
202200007723;800 222;7;0;2;6;24;1
202200007723;800 223;7;0;1;2;14;1
202200007724;800 220;7;0;2;6;21;1
202200007724;800 221;7;0;0;3;1;1
202200007725;800 217;7;0;1;2;1;1
202200007726;800 219;7;0;0;0;1;1
202200007727;800 218;37;0;1;2;1;1
202200007728;800 215;2;0;2;1;1;1
202200007728;800 216;7;0;2;8;13;1
202200007729;800 213;50;0;2;7;15;3
202200007729;800 214;7;0;2;7;17;1
202200007730;800 211;30;1;0;1;1;1
202200007731;800 212;7;0;1;1;1;1
202200007732;800 210;30;9;0;4;1;3
202200007733;800 209;30;0;0;0;0;0
202200007734;800 205;1;1;0;1;2;5
202200007734;800 207;7;0;2;3;24;1
202200007735;800 206;7;0;2;4;23;1
202200007735;800 208;7;0;2;1;2;1
202200007736;800 200;7;0;0;9;17;1
202200007737;800 201;30;0;1;0;25;0
202200007738;800 194;30;0;2;0;0;0
202200007738;800 197;7;0;2;0;0;1
202200007739;800 195;7;0;2;3;1;2
202200007739;800 199;7;0;2;3;5;1
202200007739;800 202;7;0;2;8;1;1
202200007739;800 203;7;0;2;8;1;1
202200007739;800 204;7;0;2;8;1;1
202200007740;800 193;7;0;2;1;17;1
202200007740;800 196;7;0;2;2;1;1
202200007740;800 198;7;0;2;1;1;2
202200007741;800 192;7;0;1;2;1;1
202200007742;800 190;30;0;2;2;0;1
202200007742;800 191;7;0;2;3;9;1
202200007743;800 189;7;0;0;1;1;1
202200007744;800 187;7;0;1;2;1;2
202200007745;800 186;7;0;2;2;2;1
202200007745;800 188;1;0;0;4;2;5
202200007746;800 182;33;0;0;1;0;1
202200007747;800 183;43;0;2;2;17;1
202200007747;800 185;7;0;2;6;16;1
202200007748;800 184;7;0;1;2;1;1
202200007749;800 181;7;1;0;2;1;1
202200007750;800 180;99;0;2;3;26;1
202200007751;800 176;10;0;1;1;1;1
202200007752;800 178;7;0;1;2;1;1
202200007753;800 175;33;0;2;1;2;1
202200007753;800 177;33;0;0;7;2;1
202200007753;800 179;10;0;0;6;15;1
202200007754;800 174;7;0;1;3;1;1
202200007755;800 173;7;4;0;9;1;1
202200007756;800 170;10;0;2;1;1;0
202200007756;800 172;10;0;2;0;15;0
202200007757;800 169;7;0;2;4;1;1
202200007757;800 171;7;0;2;1;1;1
202200007758;800 166;7;4;2;7;12;1
202200007758;800 168;7;12;2;8;1;1
202200007759;800 164;7;0;2;4;0;1
202200007759;800 165;7;0;2;4;0;1
202200007759;800 167;7;0;2;1;0;
202200007760;800 162;7;0;2;5;15;1
202200007760;800 163;33;0;2;1;1;1
202200007761;800 158;33;0;2;7;17;1
202200007761;800 160;7;0;2;8;17;1
202200007762;800 159;33;0;0;0;1;1
202200007762;800 161;33;0;2;1;1;1
202200007763;800 156;7;0;2;2;13;1
202200007763;800 157;7;0;2;5;13;1
202200007764;800 153;7;6;0;2;0;1
202200007765;800 152;7;0;2;4;1;1
202200007765;800 154;7;0;2;4;2;1
202200007765;800 155;10;0;0;0;0;1
202200007766;800 150;17;0;0;6;2;1
202200007766;800 151;7;0;2;2;1;1
202200007767;800 147;7;2;0;1;13;1
202200007768;800 148;7;0;2;4;1;1
202200007768;800 149;7;0;2;1;2;1
202200007769;800 145;2;0;2;4;1;1
202200007769;800 146;7;0;2;1;1;1
202200007770;800 142;7;0;0;5;16;1
202200007770;800 143;7;0;2;1;1;0
202200007771;800 141;7;0;2;4;2;1
202200007771;800 144;10;0;2;1;2;1
202200007772;800 139;0;0;0;8;18;0
202200007772;800 140;7;0;2;2;16;1
202200007773;800 136;7;0;2;8;11;1
202200007773;800 138;33;0;2;1;3;1
202200007774;800 134;1;0;2;1;1;5
202200007774;800 135;7;0;9;2;15;1
202200007775;800 131;7;0;0;4;2;1
202200007775;800 132;33;0;2;1;2;1
202200007776;800 130;14;0;2;4;2;1
202200007776;800 133;10;0;2;4;2;1
202200007777;800 129;7;15;0;1;1;1
202200007778;800 125;7;0;0;0;0;1
202200007778;800 126;32;0;0;8;0;1
202200007779;800 127;15;0;2;5;2;1
202200007779;800 128;7;0;2;3;2;1
202200007780;800 124;2;12;0;7;1;1
202200007781;800 122;7;0;2;7;1;1
202200007781;800 123;33;0;2;3;13;1
202200007782;800 120;33;0;2;1;1;1
202200007782;800 121;7;0;2;6;15;1
202200007783;800 118;7;2;0;1;1;1
202200007784;800 117;15;0;2;2;0;1
202200007784;800 119;7;0;2;6;0;1
202200007785;800 116;7;1;0;1;13;1
202200007786;800 113;33;0;2;2;17;1
202200007786;800 115;21;0;2;6;15;1
202200007787;800 112;7;0;5;1;1;1
202200007788;800 111;7;0;2;4;2;2
202200007788;800 114;10;0;2;1;2;1
202200007789;800 110;7;8;0;1;0;1
202200007790;800 107;33;0;2;1;13;1
202200007790;800 108;7;0;2;2;1;1
202200007791;800 103;7;0;2;1;2;1
202200007791;800 105;7;0;2;4;2;1
202200007791;800 106;7;0;2;4;2;1
202200007791;800 109;15;0;2;4;2;1
202200007792;800 101;7;0;2;7;15;1
202200007792;800 102;1;0;2;1;1;5
202200007793;800 097;33;0;2;2;1;1
202200007793;800 099;7;0;2;6;11;1
202200007794;800 094;0;0;2;0;0;0
202200007794;800 096;1;0;0;2;2;5
202200007795;800 095;33;0;2;1;3;1
202200007795;800 098;33;0;2;3;13;1
202200007795;800 100;7;0;2;4;1;1
202200007796;800 093;33;13;0;8;1;1
202200007797;800 091;7;2;0;1;1;1
202200007798;800 088;7;0;2;1;1;1
202200007798;800 089;7;0;2;1;15;1
202200007799;800 087;7;0;2;4;1;1
202200007799;800 090;32;0;2;1;3;1
202200007799;800 092;7;0;2;3;1;1
202200007800;800 086;33;0;0;0;1;1
202200007801;800 084;7;0;0;0;1;1
202200007802;800 083;33;13;0;9;1;1
202200007803;800 082;7;0;2;1;2;1
202200007803;800 085;7;0;2;4;1;1
202200007804;800 081;33;0;0;0;1;1
202200007805;800 077;7;0;0;4;1;1
202200007805;800 079;7;0;0;6;24;1
202200007805;800 080;7;1;2;1;1;1
202200007806;800 076;10;0;2;1;2;1
202200007806;800 078;7;0;2;4;1;1
202200007807;800 074;1;0;2;1;26;5
202200007807;800 075;7;0;9;2;1;1
202200007808;800 071;33;0;2;0;17;1
202200007808;800 073;7;0;2;6;1;1
202200007809;800 069;7;0;2;0;0;1
202200007809;800 070;31;0;2;1;1;1
202200007809;800 072;7;0;2;0;0;1
202200007810;800 067;30;0;2;1;1;1
202200007810;800 068;7;0;2;2;15;2
202200007811;800 064;7;0;0;7;1;1
202200007811;800 065;10;0;2;1;0;1
202200007812;800 063;10;1;0;1;1;1
202200007812;800 066;7;0;2;4;24;1
202200007813;800 061;7;13;0;0;1;1
202200007814;800 058;1;0;2;1;26;5
202200007814;800 060;7;0;2;3;15;1
202200007815;800 056;7;13;0;0;1;1
202200007816;800 054;2;13;0;0;1;1
202200007817;800 055;1;0;0;8;23;5
202200007817;800 057;1;0;0;0;23;5
202200007817;800 059;7;0;0;1;1;1
202200007818;800 053;7;6;0;7;1;1
202200007819;800 050;7;0;2;3;13;1
202200007819;800 052;7;0;2;3;1;1
202200007820;800 051;33;3;0;3;26;1
202200007821;800 049;7;2;0;2;1;1
202200007822;800 045;7;0;2;1;2;1
202200007822;800 046;7;0;2;1;2;1
202200007822;800 047;7;0;0;4;2;1
202200007823;800 042;7;0;2;3;1;1
202200007823;800 043;7;0;2;3;13;1
202200007824;800 044;1;0;2;7;18;5
202200007824;800 048;37;0;2;7;1;1
202200007825;800 039;2;0;2;8;15;1
202200007825;800 041;7;0;2;3;15;0
202200007826;800 038;7;0;2;1;1;1
202200007826;800 040;7;0;2;5;19;1
202200007827;800 036;7;0;2;7;1;1
202200007827;800 037;99;0;2;3;9;0
202200007828;800 034;33;0;2;1;1;0
202200007828;800 035;7;0;2;2;10;0
202200007829;800 031;7;0;0;4;23;1
202200007829;800 032;31;0;2;0;0;1
202200007829;800 033;7;0;2;1;2;1
202200007830;800 028;33;0;2;0;0;1
202200007830;800 030;7;0;2;0;26;1
202200007831;800 026;7;0;1;3;1;1
202200007832;800 024;7;0;1;1;1;1
202200007833;800 025;7;2;0;9;14;1
202200007834;800 022;2;0;2;1;1;1
202200007834;800 023;7;0;2;8;15;1
202200007835;800 021;0;0;1;1;1;0
202200007836;800 020;7;14;1;1;1;1
202200007837;800 019;99;2;0;2;1;3
202200007838;800 017;7;1;0;0;26;1
202200007838;800 018;30;1;0;8;1;1
202200007839;800 014;33;0;2;8;10;1
202200007839;800 016;33;0;2;1;2;1
202200007840;800 013;7;0;2;3;9;1
202200007840;800 015;1;0;2;1;1;5
202200007841;800 012;7;2;0;1;14;1
202200007842;800 010;99;0;2;1;1;3
202200007842;800 011;7;0;2;5;16;1
202200007843;800 009;7;8;0;1;13;1
202200007844;800 007;31;0;2;1;17;1
202200007844;800 008;10;0;2;3;15;1
202200007845;800 005;50;0;2;1;1;3
202200007845;800 006;7;0;2;1;19;1
202200007846;800 002;7;0;2;3;15;0
202200007846;800 003;7;0;2;3;15;1
202200007847;800 000;10;0;2;3;2;1
202200007847;800 001;7;0;2;4;15;1
202200007848;799 999;50;0;1;1;1;3
202200007849;799 997;7;3;2;3;2;1
202200007849;799 998;7;0;2;5;2;1
202200007850;799 995;31;0;2;8;21;1
202200007850;799 996;33;0;2;7;21;1
202200007851;799 994;30;0;1;4;21;1
202200007852;799 993;30;12;0;1;14;1
202200007853;799 992;7;0;1;0;0;0
202200007854;799 991;30;12;0;1;0;1
202200007855;799 989;33;0;2;1;17;1
202200007855;799 990;30;0;2;3;15;1
202200007856;799 987;10;0;2;3;1;1
202200007856;799 988;33;0;2;3;1;1
202200007857;799 985;1;0;9;1;17;5
202200007857;799 986;50;0;2;1;1;3
202200007858;799 983;7;0;2;5;4;1
202200007858;799 984;1;0;2;1;1;5
202200007859;799 981;7;0;2;1;16;1
202200007859;799 982;2;0;2;1;1;1
202200007860;799 979;50;0;2;7;19;3
202200007860;799 980;14;0;2;1;1;1
202200007861;799 977;10;0;2;6;1;1
202200007861;799 978;7;0;2;2;12;1
202200007862;799 976;32;0;1;1;18;1
202200007863;799 975;7;10;0;1;19;1
202200007864;799 973;7;0;2;3;9;1
202200007864;799 974;37;0;2;2;6;1
202200007865;799 971;31;0;2;8;18;1
202200007865;799 972;7;0;2;7;14;1
202200007866;799 969;31;0;2;1;3;1
202200007866;799 970;7;0;0;6;11;1
202200007867;799 967;7;0;2;1;1;1
202200007867;799 968;2;0;2;4;1;1
202200007868;799 965;2;0;2;1;1;1
202200007868;799 966;7;0;2;6;15;2
202200007869;799 963;7;0;2;7;15;1
202200007869;799 964;31;0;2;1;1;1
202200007870;799 961;7;0;2;4;1;2
202200007870;799 962;7;0;2;1;1;2
202200007871;799 959;7;0;9;3;9;1
202200007871;799 960;1;0;2;1;26;5
202200007872;799 957;7;0;2;4;2;1
202200007872;799 958;7;0;2;1;2;1
202200007873;799 954;10;0;2;4;2;1
202200007873;799 955;2;0;2;1;3;1
202200007873;799 956;15;0;2;4;1;1
202200007874;799 952;30;0;2;1;1;1
202200007874;799 953;7;0;2;3;19;0
202200007875;799 951;10;0;1;3;1;3
202200007876;799 950;7;0;1;1;0;1
202200007877;799 948;7;0;9;2;23;1
202200007877;799 949;1;0;2;1;25;5
202200007878;799 946;7;0;2;1;1;1
202200007878;799 947;10;0;2;1;19;1
202200007879;799 945;7;16;0;1;1;1
202200007880;799 943;1;0;2;7;2;5
202200007880;799 944;7;0;9;1;2;1
202200007881;799 942;7;0;1;2;1;1
202200007882;799 940;1;0;0;4;1;5
202200007882;799 941;10;0;2;2;2;1
202200007883;799 938;7;0;2;1;1;1
202200007883;799 939;1;0;2;0;0;5
202200007884;799 937;32;0;1;2;2;1
202200007885;799 936;7;0;1;1;1;1
202200007886;799 935;7;6;0;1;26;1
202200007887;799 933;7;0;1;3;1;1
202200007887;799 934;7;0;2;0;1;1
202200007888;799 931;7;0;2;8;15;1
202200007888;799 932;7;7;0;8;24;1
202200007889;799 929;31;0;2;3;1;1
202200007889;799 930;7;0;2;1;15;1
202200007890;799 928;50;0;0;0;1;3
202200007891;799 926;7;0;2;6;1;1
202200007891;799 927;33;0;2;6;1;1
202200007892;799 924;30;0;2;1;2;1
202200007892;799 925;7;0;2;4;2;1
202200007893;799 922;1;0;2;1;9;5
202200007893;799 923;7;0;2;2;1;1
202200007894;799 920;7;0;2;3;17;1
202200007894;799 921;38;0;2;3;1;0
202200007895;799 917;7;0;1;1;15;1
202200007896;799 915;80;0;2;7;15;3
202200007896;799 916;7;0;0;0;0;1
202200007897;799 913;7;0;2;6;2;1
202200007897;799 914;33;0;2;1;2;1
202200007898;799 911;30;0;2;7;1;1
202200007898;799 912;7;0;2;3;15;1
202200007899;799 909;1;0;2;4;1;5
202200007899;799 910;7;0;2;2;16;1
202200007900;799 908;10;2;0;1;1;1
202200007901;799 906;30;0;2;1;1;1
202200007901;799 907;7;0;2;4;23;1
202200007902;799 904;7;0;9;2;1;1
202200007902;799 905;50;0;2;1;19;3
202200007903;799 902;7;15;0;1;9;1
202200007904;799 899;7;0;2;2;9;1
202200007904;799 900;50;0;2;7;1;3
202200007905;799 896;7;0;1;1;16;1
202200007906;799 895;7;0;2;3;15;1
202200007906;799 897;33;15;2;1;1;1
202200007907;799 891;7;0;2;3;1;1
202200007907;799 894;7;8;2;2;9;1
202200007908;799 892;1;0;2;4;2;5
202200007908;799 893;7;0;2;1;2;0
202200007909;799 888;1;0;2;8;19;5
202200007909;799 890;7;0;9;2;1;1
202200007910;799 887;7;0;2;3;9;1
202200007910;799 889;2;0;2;2;17;1
202200007911;799 884;7;0;2;5;2;1
202200007911;799 886;30;0;2;1;9;1
202200007912;799 883;10;0;2;0;0;1
202200007912;799 885;7;0;2;8;1;1
202200007913;799 880;7;14;0;3;13;1
202200007914;799 875;7;0;2;1;1;2
202200007914;799 876;7;0;2;4;1;1
202200007914;799 877;7;0;2;1;1;1
202200007914;799 879;7;0;2;6;1;0
202200007915;799 874;10;0;2;1;0;0
202200007915;799 878;7;0;2;1;26;1
202200007916;799 871;1;0;2;1;5;5
202200007916;799 873;33;0;2;1;1;1
202200007917;799 872;50;0;0;1;1;3
202200007918;799 870;30;14;0;1;26;3
202200007919;799 868;1;0;2;8;15;5
202200007919;799 869;7;0;2;2;1;1
202200007920;799 866;7;0;2;3;15;1
202200007920;799 867;33;0;2;8;1;1
202200007921;799 865;7;0;1;1;1;1
202200007922;799 861;7;0;2;8;19;1
202200007922;799 863;2;0;2;1;17;1
202200007923;799 862;7;0;2;3;21;1
202200007923;799 864;10;0;2;3;17;1
202200007924;799 857;7;0;2;3;13;1
202200007924;799 858;10;3;2;3;1;1
202200007924;799 859;10;0;2;3;1;1
202200007925;799 856;7;0;2;4;1;0
202200007925;799 860;7;0;2;1;1;0
202200007926;799 853;31;0;2;1;1;1
202200007926;799 855;7;0;2;5;19;1
202200007927;799 852;3;0;0;3;0;1
202200007927;799 854;7;0;0;6;0;1
202200007928;799 850;7;0;9;0;15;1
202200007928;799 851;1;0;2;0;0;5
202200007929;799 847;7;0;2;8;1;2
202200007929;799 848;7;0;2;8;0;1
202200007929;799 849;1;0;2;1;0;5
202200007930;799 846;7;0;1;1;1;1
202200007931;799 842;30;0;2;8;1;1
202200007931;799 844;7;0;2;3;15;1
202200007932;799 841;7;0;2;1;1;1
202200007932;799 843;7;0;2;4;23;1
202200007932;799 845;7;0;2;4;23;1
202200007933;799 839;7;0;2;1;15;1
202200007933;799 840;34;0;2;1;1;1
202200007934;799 837;31;0;2;7;1;1
202200007934;799 838;7;0;2;3;9;1
202200007935;799 835;7;0;2;1;1;1
202200007935;799 836;7;0;2;2;15;1
202200007936;799 833;7;0;2;8;1;1
202200007936;799 834;21;0;2;1;19;1
202200007937;799 832;7;6;0;0;0;1
202200007938;799 831;1;0;1;1;1;5
202200007939;799 830;31;0;2;0;0;1
202200007940;799 827;30;0;2;1;1;1
202200007940;799 829;30;0;2;4;23;1
202200007941;799 826;33;0;2;1;17;1
202200007941;799 828;7;0;2;8;15;1
202200007942;799 822;10;0;2;1;15;1
202200007942;799 824;1;0;2;8;15;5
202200007943;799 823;7;0;2;8;15;1
202200007943;799 825;34;0;2;8;1;1
202200007944;799 819;7;0;1;1;1;1
202200007945;799 817;7;0;2;1;2;1
202200007945;799 818;7;0;2;4;2;1
202200007945;799 820;7;0;2;4;2;2
202200007945;799 821;7;0;2;4;2;1
202200007946;799 816;1;14;0;0;1;5
202200007947;799 813;34;0;2;4;2;1
202200007947;799 815;33;0;2;1;2;1
202200007948;799 812;10;0;2;7;15;1
202200007948;799 814;32;0;2;1;1;1
202200007949;799 810;33;0;2;1;3;1
202200007949;799 811;7;0;2;7;12;1
202200007950;799 808;7;0;2;5;23;1
202200007950;799 809;31;0;2;1;11;1
202200007951;799 807;32;0;0;7;16;1
202200007952;799 804;7;0;2;1;2;1
202200007952;799 806;7;0;2;4;2;1
202200007953;799 805;7;0;1;7;16;1
202200007954;799 802;7;0;2;3;9;1
202200007954;799 803;80;0;2;1;1;3
202200007955;799 801;50;0;0;7;1;3
202200007956;799 798;32;0;2;1;1;1
202200007956;799 800;7;0;2;2;1;2
202200007957;799 797;7;0;2;3;9;1
202200007957;799 799;7;0;2;2;1;1
202200007958;799 794;7;1;0;2;1;1
202200007959;799 795;7;0;2;1;13;1
202200007959;799 796;1;0;2;1;1;5
202200007960;799 793;7;6;0;3;13;1
202200007961;799 791;7;0;2;3;15;2
202200007961;799 792;2;0;2;2;17;1
202200007962;799 790;7;0;0;9;1;1
202200007963;799 788;1;0;2;2;15;5
202200007963;799 789;30;0;2;1;1;0
202200007964;799 786;7;0;2;1;0;1
202200007964;799 787;7;0;2;2;0;1
202200007965;799 784;10;0;2;1;2;1
202200007965;799 785;7;0;2;4;2;1
202200007966;799 783;7;8;0;8;0;1
202200007967;799 782;1;0;0;1;1;5
202200007968;799 779;33;0;2;0;26;1
202200007968;799 781;7;0;2;1;26;1
202200007969;799 778;31;0;2;1;11;1
202200007969;799 780;7;0;2;4;1;1
202200007970;799 776;30;0;2;1;15;1
202200007970;799 777;7;0;2;3;16;1
202200007971;799 773;50;0;2;8;1;3
202200007971;799 775;10;0;2;1;1;3
202200007972;799 774;7;8;0;1;1;1
202200007973;799 771;1;0;1;1;1;5
202200007974;799 770;7;0;2;1;16;1
202200007974;799 772;99;0;2;1;5;3
202200007975;799 769;7;14;0;3;1;1
202200007976;799 768;30;6;0;0;1;1
202200007977;799 766;50;0;0;0;1;3
202200007977;799 767;7;0;0;0;24;1
202200007978;799 765;30;0;1;0;1;1
202200007979;799 763;10;0;2;1;9;1
202200007979;799 764;50;0;2;8;19;3
202200007980;799 761;31;0;2;8;1;1
202200007980;799 762;31;0;2;7;16;1
202200007981;799 757;7;0;2;3;13;1
202200007981;799 758;34;0;2;1;1;1
202200007982;799 755;50;0;2;6;26;3
202200007982;799 756;30;0;2;6;17;3
202200007983;799 752;7;2;0;1;21;1
202200007984;799 753;7;0;2;4;2;1
202200007984;799 754;30;0;2;1;2;1
202200007985;799 748;7;0;2;4;1;2
202200007985;799 750;10;0;2;1;2;1
202200007986;799 749;1;0;2;4;23;5
202200007986;799 751;7;0;2;3;2;1
202200007987;799 745;1;0;0;0;0;5
202200007987;799 747;7;0;2;0;15;1
202200007988;799 744;7;0;2;8;16;0
202200007988;799 746;7;0;2;1;1;0
202200007989;799 742;10;0;1;2;1;0
202200007990;799 740;7;0;2;1;2;2
202200007990;799 741;31;0;2;1;3;1
202200007990;799 743;7;0;2;4;2;1
202200007991;799 736;7;0;2;6;23;1
202200007991;799 738;30;0;2;7;1;1
202200007992;799 737;32;0;2;7;3;1
202200007992;799 739;7;0;2;6;11;1
202200007993;799 734;7;1;0;2;14;1
202200007994;799 731;7;0;2;4;2;1
202200007994;799 732;7;0;2;4;2;1
202200007994;799 733;7;0;2;1;1;1
202200007994;799 735;7;0;2;1;1;1
202200007995;799 730;7;0;1;1;15;1
202200007996;799 729;1;0;1;1;1;5
202200007997;799 728;7;0;1;1;7;1
202200007998;799 726;37;0;2;3;1;1
202200007998;799 727;7;0;2;0;0;0
202200007999;799 724;32;0;2;1;2;1
202200007999;799 725;10;0;2;5;23;1
202200008000;799 723;7;0;1;1;1;1
202200008001;799 722;10;0;1;1;1;1
202200008002;799 720;7;0;1;3;1;2
202200008003;799 719;7;0;9;3;9;1
202200008003;799 721;50;0;2;7;1;3
202200008004;799 716;7;0;2;8;1;2
202200008004;799 718;30;0;2;1;1;1
202200008005;799 715;30;0;2;1;9;1
202200008005;799 717;1;0;2;8;19;5
202200008006;799 713;1;0;2;3;9;5
202200008006;799 714;33;0;2;2;1;1
202200008007;799 712;43;0;1;1;9;1
202200008008;799 710;80;0;2;1;1;3
202200008008;799 711;7;0;2;3;22;1
202200008009;799 708;17;0;2;0;16;1
202200008009;799 709;30;0;2;0;18;1
202200008010;799 706;10;0;1;2;16;3
202200008011;799 705;7;0;2;1;1;1
202200008011;799 707;1;0;2;8;19;5
202200008012;799 703;10;8;0;1;21;1
202200008013;799 702;50;0;2;1;1;3
202200008013;799 704;7;0;2;8;22;1
202200008014;799 699;7;0;2;3;9;1
202200008014;799 701;31;0;2;1;26;1
202200008015;799 698;7;0;2;3;15;1
202200008015;799 700;33;0;2;3;1;1
202200008016;799 695;7;0;2;3;15;1
202200008016;799 697;2;0;2;1;7;1
202200008017;799 694;7;0;2;4;2;2
202200008017;799 696;30;0;2;1;2;3
202200008018;799 692;7;8;0;2;13;1
202200008019;799 691;31;0;2;2;1;1
202200008019;799 693;10;0;2;3;15;1
202200008020;799 689;7;11;0;1;13;1
202200008021;799 686;7;0;2;1;1;1
202200008021;799 687;33;0;2;9;1;1
202200008021;799 688;7;0;2;1;9;0
202200008022;799 685;30;0;0;0;1;1
202200008023;799 681;33;0;2;3;1;1
202200008023;799 683;50;0;2;2;1;3
202200008024;799 678;10;0;2;1;2;1
202200008024;799 679;10;0;0;4;1;1
202200008024;799 680;7;0;2;1;1;1
202200008024;799 682;7;0;2;3;1;1
202200008024;799 684;10;2;2;3;13;1
202200008025;799 677;1;14;0;2;14;5
202200008026;799 674;33;0;2;1;1;1
202200008026;799 676;7;0;2;5;15;1
202200008027;799 673;7;0;2;1;1;1
202200008027;799 675;7;0;2;3;1;1
202200008028;799 669;34;0;2;1;17;1
202200008028;799 671;7;0;2;3;1;1
202200008029;799 668;7;0;2;1;1;1
202200008029;799 670;7;0;2;2;2;1
202200008029;799 672;7;14;0;6;1;1
202200008030;799 663;7;0;1;3;5;1
202200008030;799 666;7;0;2;8;5;1
202200008030;799 667;10;0;2;3;13;1
202200008031;799 664;7;0;2;1;1;1
202200008031;799 665;7;0;2;2;15;1
202200008032;799 662;7;0;0;0;1;1
202200008033;799 659;7;0;2;4;2;1
202200008033;799 660;43;0;2;9;2;1
202200008033;799 661;7;0;2;1;2;1
202200008034;799 657;3;0;2;2;15;1
202200008034;799 658;7;0;2;1;1;1
202200008035;799 656;7;1;1;3;1;1
202200008036;799 655;50;0;0;0;1;3
202200008037;799 653;7;0;1;3;26;2
202200008038;799 652;7;0;2;2;1;1
202200008038;799 654;7;0;2;1;1;1
202200008039;799 649;10;0;2;1;1;1
202200008039;799 651;7;0;2;1;1;1
202200008040;799 645;7;0;2;3;1;1
202200008040;799 646;7;0;0;3;5;1
202200008041;799 647;30;1;2;1;18;1
202200008041;799 648;7;0;2;2;15;1
202200008041;799 650;7;0;2;6;24;1
202200008042;799 644;20;15;0;1;1;1
202200008043;799 642;7;0;9;0;0;1
202200008043;799 643;50;0;2;2;16;3
202200008044;799 640;10;0;2;1;1;1
202200008044;799 641;17;0;0;4;15;1
202200008045;799 639;7;0;1;1;15;1
202200008046;799 638;7;0;1;2;22;1
202200008047;799 637;7;0;1;1;1;1
202200008048;799 636;7;2;0;1;1;1
202200008049;799 635;3;0;1;4;20;0
202200008050;799 634;2;0;0;1;0;1
202200008051;799 633;7;15;0;7;1;1
202200008052;799 630;2;0;2;1;1;1
202200008052;799 632;7;0;2;2;15;1
202200008053;799 629;7;0;2;1;0;1
202200008053;799 631;2;0;2;1;0;1
202200008054;799 627;10;0;2;4;2;1
202200008054;799 628;10;0;2;0;0;0
202200008055;799 625;7;0;2;1;1;1
202200008055;799 626;7;4;2;7;13;1
202200008056;799 623;7;0;0;2;2;1
202200008056;799 624;50;0;0;3;2;3
202200008057;799 621;7;0;2;1;1;1
202200008057;799 622;7;0;2;8;9;1
202200008058;799 620;33;0;6;1;1;1
202200008059;799 617;7;0;2;8;1;1
202200008059;799 618;7;0;2;1;16;1
202200008060;799 616;7;0;2;3;16;1
202200008060;799 619;17;0;2;6;16;1
202200008061;799 615;2;6;0;1;1;1
202200008062;799 614;7;2;0;3;1;2
202200008063;799 610;7;0;2;1;1;1