Num_Acc;id_vehicule;categorie_vehicule;obstacle_fixe;obstacle_mobile;point_choc_initial;manoeuvre_principale;motorisation
202200008063;799 612;7;0;2;6;1;1
202200008063;799 613;7;0;2;1;1;1
202200008064;799 608;7;14;0;1;1;1
202200008065;799 609;7;15;0;6;15;1
202200008065;799 611;7;0;2;1;17;1
202200008066;799 605;2;0;2;1;1;1
202200008066;799 607;10;0;2;3;1;1
202200008067;799 604;7;0;2;1;2;1
202200008067;799 606;7;0;2;4;2;1
202200008068;799 603;2;0;2;1;21;1
202200008069;799 602;10;0;1;6;0;1
202200008070;799 601;7;0;0;9;1;1
202200008071;799 599;33;3;0;1;1;1
202200008072;799 598;7;0;2;1;1;1
202200008072;799 600;3;0;2;4;1;1
202200008073;799 596;7;3;2;1;5;1
202200008073;799 597;15;0;2;1;23;1
202200008074;799 594;7;0;1;3;1;1
202200008075;799 592;2;16;0;1;1;1
202200008075;799 593;7;0;0;3;15;1
202200008076;799 589;7;0;9;3;1;1
202200008076;799 591;1;0;2;8;9;5
202200008077;799 588;7;8;2;1;1;1
202200008077;799 590;7;13;2;7;9;1
202200008078;799 586;7;0;2;1;13;1
202200008078;799 587;7;0;2;1;26;1
202200008079;799 584;7;0;2;1;13;1
202200008079;799 585;7;0;2;3;1;1
202200008080;799 582;7;0;2;1;1;1
202200008080;799 583;10;0;2;1;17;1
202200008081;799 580;1;0;0;4;1;5
202200008081;799 581;7;0;9;2;17;1
202200008082;799 579;33;0;0;8;1;1
202200008083;799 578;2;5;0;1;0;1
202200008084;799 576;7;0;2;2;26;1
202200008084;799 577;2;0;2;8;26;1
202200008085;799 574;10;6;1;6;23;1
202200008086;799 572;1;0;2;2;1;5
202200008086;799 573;7;0;9;2;16;1
202200008087;799 569;7;0;2;1;1;1
202200008087;799 571;10;13;2;3;19;1
202200008088;799 570;7;6;0;1;26;1
202200008089;799 567;7;0;9;2;17;1
202200008089;799 568;1;0;2;8;15;5
202200008090;799 566;7;2;0;0;1;1
202200008091;799 563;7;0;9;2;1;1
202200008091;799 565;1;0;2;1;1;5
202200008092;799 562;7;0;2;4;1;1
202200008092;799 564;7;0;0;1;1;1
202200008093;799 561;7;13;0;1;0;1
202200008094;799 560;33;0;6;1;1;1
202200008095;799 557;2;0;2;2;1;1
202200008095;799 559;7;0;2;8;9;1
202200008096;799 556;2;0;2;1;15;1
202200008096;799 558;7;0;2;2;17;1
202200008097;799 553;33;0;0;1;2;1
202200008097;799 555;7;0;0;4;2;3
202200008098;799 552;7;0;2;2;2;1
202200008098;799 554;7;3;0;4;2;1
202200008099;799 551;7;13;0;1;1;1
202200008100;799 548;7;3;2;7;17;1
202200008100;799 550;7;0;2;8;11;1
202200008101;799 547;7;0;2;1;1;1
202200008101;799 549;7;0;2;1;17;1
202200008102;799 546;7;13;0;3;14;1
202200008103;799 543;33;13;0;3;13;1
202200008104;799 544;31;0;2;7;19;1
202200008104;799 545;7;0;2;3;1;1
202200008105;799 541;7;0;0;2;1;1
202200008106;799 539;7;0;2;2;17;1
202200008106;799 540;10;1;0;1;1;1
202200008106;799 542;10;13;0;4;23;1
202200008107;799 538;33;6;0;1;1;1
202200008108;799 537;31;13;0;0;1;1
202200008109;799 536;7;3;0;9;1;1
202200008110;799 532;7;0;2;1;1;1
202200008110;799 534;7;0;2;1;1;1
202200008110;799 535;7;0;2;1;13;1
202200008111;799 531;34;0;2;1;1;1
202200008111;799 533;7;0;2;7;15;1
202200008112;799 530;7;0;1;2;1;0
202200008113;799 528;7;0;2;1;1;1
202200008113;799 529;2;0;2;1;5;1
202200008114;799 525;33;3;0;2;0;1
202200008115;799 526;7;2;0;7;0;0
202200008116;799 522;7;0;5;2;1;1
202200008117;799 523;7;0;2;2;19;1
202200008117;799 524;33;0;2;1;1;1
202200008118;799 521;7;2;0;3;1;1
202200008119;799 520;7;3;0;1;0;1
202200008120;799 517;7;0;2;1;13;1
202200008120;799 519;7;0;2;3;1;1
202200008121;799 515;7;15;0;9;14;1
202200008122;799 516;7;0;2;3;17;1
202200008122;799 518;7;0;0;8;1;1
202200008123;799 512;7;0;2;4;2;1
202200008123;799 514;7;0;2;1;2;1
202200008124;799 511;7;0;2;2;19;1
202200008124;799 513;33;0;2;1;1;1
202200008125;799 509;7;0;2;3;1;1
202200008125;799 510;2;0;2;1;13;1
202200008126;799 505;33;0;2;1;26;1
202200008126;799 507;15;0;2;4;23;1
202200008127;799 506;2;0;2;8;15;1
202200008127;799 508;7;0;2;3;1;1
202200008128;799 504;7;6;0;1;0;1
202200008129;799 501;7;0;2;1;15;1
202200008129;799 502;33;0;2;5;1;1
202200008130;799 500;7;0;0;0;0;0
202200008131;799 498;7;0;0;3;26;1
202200008131;799 499;2;0;0;5;1;1
202200008132;799 497;7;2;0;7;1;1
202200008133;799 496;33;16;0;0;1;1
202200008134;799 493;7;0;2;2;12;1
202200008134;799 494;34;0;2;1;1;1
202200008135;799 492;1;0;2;1;1;5
202200008135;799 495;7;0;2;3;19;1
202200008136;799 491;7;14;0;3;12;1
202200008137;799 490;7;0;1;2;1;1
202200008138;799 488;7;0;2;8;11;1
202200008138;799 489;7;0;2;3;11;1
202200008139;799 487;7;0;0;0;1;1
202200008140;799 484;7;0;2;1;2;1
202200008140;799 485;7;0;2;4;2;0
202200008140;799 486;10;0;2;4;2;1
202200008141;799 482;7;0;2;2;2;1
202200008141;799 483;1;0;0;4;2;5
202200008142;799 477;10;0;2;1;2;1
202200008142;799 479;10;0;2;4;2;1
202200008142;799 480;10;0;2;4;2;1
202200008142;799 481;15;0;2;4;2;1
202200008143;799 476;33;0;2;1;1;1
202200008143;799 478;7;0;2;2;15;1
202200008144;799 474;7;1;2;1;1;1
202200008144;799 475;10;0;2;0;1;1
202200008145;799 473;7;13;0;1;1;1
202200008146;799 469;7;0;2;6;11;1
202200008146;799 470;7;0;2;4;2;1
202200008146;799 471;7;0;2;1;2;1
202200008146;799 472;15;0;2;7;1;1
202200008147;799 467;7;0;0;3;1;1
202200008147;799 468;50;0;2;1;0;3
202200008148;799 465;10;0;2;7;1;1
202200008148;799 466;34;0;2;8;18;1
202200008149;799 463;32;0;2;4;2;1
202200008149;799 464;7;0;2;2;2;1
202200008150;799 461;7;0;2;4;1;1
202200008150;799 462;7;0;2;1;1;1
202200008151;799 459;7;3;2;5;2;1
202200008151;799 460;7;0;2;5;1;0
202200008152;799 457;7;0;2;1;1;1
202200008152;799 458;7;4;2;4;2;2
202200008153;799 453;7;0;2;4;1;2
202200008153;799 455;33;0;2;1;1;1
202200008154;799 452;7;0;2;1;1;1
202200008154;799 454;7;0;2;4;1;1
202200008154;799 456;7;0;2;4;2;1
202200008155;799 449;7;0;2;1;2;1
202200008155;799 451;7;0;2;4;2;1
202200008156;799 447;15;0;2;7;1;1
202200008156;799 448;10;0;2;4;1;1
202200008156;799 450;7;0;2;1;1;1
202200008157;799 446;7;4;0;1;26;1
202200008158;799 445;7;4;0;1;1;1
202200008159;799 443;7;0;2;5;1;1
202200008159;799 444;33;0;2;1;3;1
202200008160;799 439;7;0;2;7;12;1
202200008160;799 441;33;0;2;3;3;1
202200008161;799 437;7;0;2;1;12;1
202200008161;799 438;7;0;9;1;1;1
202200008161;799 440;7;0;2;8;0;1
202200008161;799 442;7;0;2;8;0;1
202200008162;799 434;10;1;2;1;2;1
202200008162;799 436;7;3;0;5;2;1
202200008163;799 433;32;0;2;3;1;1
202200008163;799 435;7;0;2;7;12;1
202200008164;799 432;43;0;0;3;1;1
202200008165;799 431;1;0;1;1;1;5
202200008166;799 430;10;4;0;1;13;1
202200008167;799 428;7;4;0;1;1;1
202200008168;799 426;7;0;2;1;1;1
202200008168;799 427;10;0;2;1;1;1
202200008168;799 429;10;0;0;4;26;1
202200008169;799 425;7;4;0;1;1;1
202200008170;799 423;7;0;2;5;1;1
202200008170;799 424;33;0;2;3;13;1
202200008171;799 421;7;0;2;2;1;1
202200008171;799 422;7;0;2;3;9;1
202200008172;799 417;10;0;2;1;1;1
202200008172;799 419;7;3;2;4;14;0
202200008173;799 418;7;0;2;4;2;1
202200008173;799 420;34;0;2;1;2;1
202200008174;799 416;7;4;0;1;1;1
202200008175;799 414;7;0;2;1;1;1
202200008175;799 415;7;3;2;8;12;1
202200008176;799 413;7;0;1;1;1;1
202200008177;799 412;7;0;1;2;1;1
202200008178;799 410;0;0;1;1;0;0
202200008179;799 407;10;0;2;1;15;1
202200008179;799 409;30;0;2;1;1;1
202200008180;799 408;10;0;2;7;22;1
202200008180;799 411;43;0;2;8;18;1
202200008181;799 405;7;0;2;4;1;1
202200008181;799 406;7;0;2;1;1;1
202200008182;799 404;34;0;1;1;21;1
202200008183;799 402;7;0;2;6;11;1
202200008183;799 403;7;0;2;3;1;1
202200008184;799 401;7;0;1;1;1;1
202200008185;799 398;2;0;2;1;15;1
202200008185;799 400;7;0;2;1;15;1
202200008186;799 397;7;0;2;1;1;1
202200008186;799 399;30;0;2;5;19;1
202200008187;799 395;7;0;2;2;15;1
202200008187;799 396;2;0;2;2;17;1
202200008188;799 393;10;0;2;7;16;1
202200008189;799 392;7;8;2;1;0;1
202200008189;799 394;7;0;2;1;15;1
202200008190;799 390;10;0;2;1;1;1
202200008190;799 391;1;0;2;8;1;5
202200008191;799 388;7;0;1;2;1;1
202200008192;799 386;7;1;2;2;17;1
202200008193;799 387;2;0;2;1;19;1
202200008193;799 389;10;0;2;8;1;1
202200008194;799 383;7;0;2;2;15;1
202200008194;799 385;30;0;2;1;2;0
202200008195;799 381;2;0;2;1;12;1
202200008195;799 384;7;0;2;6;15;1
202200008196;799 380;33;0;2;1;3;1
202200008196;799 382;7;0;2;3;9;1
202200008197;799 377;33;13;2;7;2;1
202200008197;799 379;10;0;2;8;13;1
202200008198;799 376;10;0;2;5;17;1
202200008198;799 378;30;0;2;3;1;1
202200008199;799 374;7;0;2;1;5;1
202200008199;799 375;32;12;2;1;1;1
202200008200;799 371;33;0;2;2;3;3
202200008200;799 373;7;0;2;4;1;1
202200008201;799 369;7;1;0;3;0;1
202200008202;799 370;1;0;2;0;26;0
202200008202;799 372;2;0;2;0;2;1
202200008203;799 365;7;0;2;4;23;1
202200008203;799 367;7;0;2;4;23;1
202200008203;799 368;7;0;2;1;1;1
202200008204;799 366;7;0;1;1;1;1
202200008205;799 364;7;0;1;1;9;1
202200008206;799 360;7;0;2;6;1;1
202200008206;799 362;31;0;2;3;9;1
202200008207;799 361;7;0;2;1;2;1
202200008207;799 363;7;0;2;4;2;1
202200008208;799 359;31;0;0;7;14;1
202200008209;799 357;80;0;2;4;0;3
202200008209;799 358;7;0;2;1;26;1
202200008210;799 356;7;0;1;1;1;1
202200008211;799 355;7;0;1;1;15;1
202200008212;799 352;7;0;0;5;24;1
202200008212;799 353;7;0;2;1;0;1
202200008212;799 354;7;0;0;0;0;0
202200008213;799 350;7;0;2;8;15;1
202200008213;799 351;7;0;2;1;1;1
202200008214;799 347;33;0;2;1;2;1
202200008214;799 349;7;0;2;3;15;1
202200008215;799 346;37;0;2;1;1;6
202200008215;799 348;7;0;2;1;5;1
202200008216;799 344;7;0;1;1;1;1
202200008217;799 341;33;0;1;1;26;1
202200008218;799 339;7;0;2;2;15;1
202200008218;799 340;33;0;2;1;1;1
202200008219;799 335;7;0;2;2;16;1
202200008219;799 338;50;0;2;1;25;3
202200008220;799 333;7;0;2;1;5;1
202200008220;799 334;7;0;2;8;1;1
202200008220;799 336;7;0;2;1;1;1
202200008220;799 337;17;0;2;3;1;1
202200008221;799 330;7;0;2;1;2;1
202200008221;799 332;1;0;2;4;2;5
202200008222;799 329;7;0;2;1;2;1
202200008222;799 331;7;0;2;4;23;1
202200008223;799 326;33;0;2;1;1;1
202200008223;799 327;7;0;2;3;15;1
202200008224;799 325;50;0;2;0;0;3
202200008224;799 328;7;0;2;0;1;0
202200008225;799 322;7;0;9;0;22;1
202200008225;799 324;1;0;2;1;1;5
202200008226;799 321;2;0;2;0;0;1
202200008226;799 323;7;0;2;3;0;1
202200008227;799 319;10;0;2;3;15;1
202200008227;799 320;2;0;2;1;1;3
202200008228;799 317;7;6;0;0;1;1
202200008229;799 316;30;0;0;0;1;1
202200008230;799 315;50;0;2;0;0;3
202200008230;799 318;7;0;2;3;19;1
202200008231;799 313;7;0;2;1;1;1
202200008231;799 314;7;0;2;4;1;1
202200008232;799 309;7;0;2;1;2;1
202200008232;799 310;7;0;2;9;2;1
202200008232;799 311;7;0;2;4;0;1
202200008233;799 306;7;0;2;1;1;1
202200008233;799 307;7;0;2;6;15;1
202200008234;799 305;3;1;0;1;1;6
202200008235;799 303;7;0;2;0;21;1
202200008235;799 304;10;0;2;8;10;1
202200008236;799 300;14;0;2;3;1;1
202200008236;799 301;33;0;2;1;12;1
202200008237;799 299;7;0;2;1;1;1
202200008237;799 302;1;0;2;8;15;5
202200008238;799 295;7;0;2;5;2;1
202200008238;799 297;7;0;2;4;2;1
202200008238;799 298;13;0;2;1;2;1
202200008239;799 294;7;0;2;4;2;1
202200008239;799 296;1;0;2;1;2;5
202200008240;799 292;7;0;2;6;1;1
202200008240;799 293;7;0;2;3;1;1
202200008241;799 290;7;0;1;1;1;1
202200008242;799 287;7;0;2;1;15;1
202200008242;799 288;30;0;2;1;1;1
202200008243;799 289;7;0;2;4;23;1
202200008243;799 291;7;0;2;1;2;1
202200008244;799 285;7;0;2;6;1;1
202200008244;799 286;7;0;2;1;2;1
202200008245;799 283;7;0;1;1;1;1
202200008246;799 282;10;0;2;2;15;1
202200008246;799 284;7;0;2;3;1;1
202200008247;799 280;1;0;2;1;17;5
202200008247;799 281;7;0;2;3;15;1
202200008248;799 279;7;0;0;1;1;1
202200008249;799 278;3;4;0;1;1;1
202200008250;799 276;7;0;1;1;9;1
202200008251;799 274;7;0;2;1;16;1
202200008251;799 275;1;0;2;7;1;5
202200008252;799 271;10;0;2;4;1;0
202200008252;799 273;2;0;2;1;1;1
202200008253;799 270;7;0;2;1;1;1
202200008253;799 272;3;0;2;7;1;1
202200008254;799 267;7;0;2;5;1;1
202200008254;799 269;31;0;2;3;1;1
202200008255;799 266;7;0;2;1;1;1
202200008255;799 268;7;0;2;8;1;1
202200008256;799 264;80;15;2;1;19;3
202200008256;799 265;7;8;2;3;23;1
202200008257;799 262;50;0;0;0;1;3
202200008258;799 261;1;0;2;0;9;5
202200008258;799 263;7;0;2;2;9;1
202200008259;799 259;7;0;2;1;26;1
202200008259;799 260;7;0;2;8;26;1
202200008260;799 256;50;0;2;1;19;3
202200008260;799 258;7;0;2;3;1;1
202200008261;799 255;7;0;2;1;0;1
202200008261;799 257;10;0;2;2;26;1
202200008262;799 251;7;0;2;2;1;1
202200008262;799 253;7;0;2;3;17;1
202200008262;799 254;7;0;2;3;2;1
202200008263;799 250;7;0;2;1;2;1
202200008263;799 252;7;0;2;4;2;1
202200008264;799 248;31;0;2;7;3;1
202200008264;799 249;7;0;2;6;26;1
202200008265;799 246;30;0;2;1;2;1
202200008265;799 247;7;0;2;4;2;1
202200008266;799 244;1;1;0;5;1;5
202200008266;799 245;10;0;0;5;24;1
202200008267;799 240;7;0;2;4;2;1
202200008267;799 242;7;0;2;1;2;1
202200008268;799 241;7;0;2;1;19;1
202200008268;799 243;7;0;2;7;1;1
202200008269;799 238;7;0;2;4;1;1
202200008269;799 239;7;0;2;1;1;1
202200008270;799 237;7;11;0;1;2;1
202200008271;799 235;99;0;2;2;15;3
202200008271;799 236;3;0;9;3;26;1
202200008272;799 232;10;0;2;6;26;1
202200008272;799 233;33;0;2;8;26;1
202200008273;799 231;10;0;2;2;21;1
202200008273;799 234;33;0;2;1;13;1
202200008274;799 228;1;0;2;7;1;5
202200008274;799 230;7;0;2;1;9;1
202200008275;799 226;7;0;2;1;15;1
202200008275;799 227;1;0;2;1;1;5
202200008276;799 224;30;0;2;8;1;1
202200008276;799 225;7;0;2;2;15;1
202200008277;799 223;7;0;2;4;1;2
202200008277;799 229;7;0;2;1;1;1
202200008278;799 221;60;0;2;9;19;5
202200008278;799 222;7;0;2;0;1;1
202200008279;799 218;7;0;2;1;1;3
202200008279;799 219;1;0;2;4;1;5
202200008280;799 216;2;0;2;1;1;1
202200008280;799 217;7;0;2;1;20;1
202200008281;799 215;37;0;2;1;1;3
202200008281;799 220;7;0;2;5;19;1
202200008282;799 213;7;0;2;1;9;1
202200008282;799 214;32;0;2;1;17;1
202200008283;799 211;7;16;0;1;1;1
202200008284;799 210;7;0;2;1;2;1
202200008284;799 212;7;0;2;4;2;2
202200008285;799 208;7;0;1;1;19;1
202200008286;799 207;7;0;9;6;0;1
202200008286;799 209;32;0;2;1;26;1
202200008287;799 204;7;0;2;3;9;1
202200008287;799 205;33;0;2;2;1;1
202200008288;799 203;10;0;2;7;15;1
202200008288;799 206;7;0;2;1;1;1
202200008289;799 202;7;0;1;7;1;1
202200008290;799 200;7;0;1;3;16;1
202200008291;799 201;7;0;1;3;1;1
202200008292;799 198;14;0;1;0;23;1
202200008292;799 199;7;0;2;1;1;1
202200008293;799 196;10;0;2;3;16;1
202200008293;799 197;1;0;2;1;1;0
202200008294;799 194;34;0;2;8;1;1
202200008294;799 195;2;0;2;7;14;1
202200008295;799 191;2;0;2;2;15;1
202200008295;799 193;7;0;2;6;9;1
202200008296;799 190;1;0;2;7;1;5
202200008296;799 192;7;0;2;2;9;1
202200008297;799 188;1;0;2;8;1;5
202200008297;799 189;31;0;2;1;1;1
202200008298;799 186;7;0;1;3;15;1
202200008299;799 182;7;0;2;1;2;1
202200008299;799 184;7;0;2;4;1;1
202200008299;799 185;7;0;2;4;2;0
202200008300;799 183;7;0;2;0;0;1
202200008300;799 187;7;0;2;2;1;1
202200008301;799 178;7;0;2;3;0;0
202200008301;799 181;1;0;2;1;1;5
202200008302;799 175;7;0;2;0;0;1
202200008302;799 177;80;0;2;1;1;3
202200008303;799 174;7;0;2;2;15;1
202200008303;799 176;2;0;2;1;1;1
202200008304;799 171;7;0;2;4;2;1
202200008304;799 172;7;0;2;4;2;1
202200008304;799 173;10;0;2;1;2;1
202200008305;799 169;7;0;2;8;9;1
202200008305;799 170;1;0;2;1;9;5
202200008306;799 168;37;0;1;7;1;3
202200008307;799 166;50;0;1;1;1;3
202200008308;799 167;7;0;1;2;16;1
202200008309;799 163;33;0;2;1;2;1
202200008309;799 165;7;0;0;4;2;1
202200008310;799 162;7;0;2;1;15;1
202200008310;799 164;7;0;2;2;1;1
202200008311;799 160;13;0;2;2;16;1
202200008311;799 161;31;0;2;3;18;1
202200008312;799 159;30;0;0;0;1;1
202200008313;799 158;7;14;0;1;14;1
202200008314;799 156;7;4;0;2;2;1
202200008315;799 155;7;0;2;8;11;1
202200008315;799 157;31;0;2;7;3;1
202200008316;799 152;7;0;2;1;16;1
202200008316;799 153;50;0;2;7;1;3
202200008317;799 150;7;0;2;6;1;1
202200008317;799 151;7;0;2;5;1;1
202200008317;799 154;14;0;2;3;11;6
202200008318;799 147;7;0;2;5;1;1
202200008318;799 149;30;0;2;1;1;1
202200008319;799 145;32;0;2;4;1;3
202200008319;799 146;33;0;2;1;3;1
202200008319;799 148;10;0;2;1;1;1
202200008320;799 144;33;0;0;7;1;1
202200008321;799 142;7;0;2;5;2;1
202200008321;799 143;32;0;2;1;2;1
202200008322;799 139;31;0;2;4;23;1
202200008322;799 140;7;0;2;1;1;2
202200008323;799 137;7;0;2;0;17;0
202200008323;799 138;31;0;2;3;15;1
202200008324;799 141;7;0;0;9;1;1
202200008325;799 136;10;0;1;3;1;1
202200008326;799 134;10;0;2;2;9;1
202200008326;799 135;2;0;2;8;1;1
202200008327;799 132;7;0;2;3;15;1
202200008327;799 133;32;0;2;7;17;1
202200008328;799 130;1;0;2;9;1;5
202200008328;799 131;7;0;2;2;1;0
202200008329;799 128;7;0;2;3;9;2
202200008329;799 129;32;0;2;2;1;1
202200008330;799 126;1;0;2;8;11;5
202200008330;799 127;33;0;2;7;1;1
202200008331;799 124;43;0;2;1;1;1
202200008331;799 125;7;0;2;5;15;1
202200008332;799 122;7;0;2;7;1;1
202200008332;799 123;34;0;2;3;1;1
202200008333;799 120;50;0;2;1;15;3
202200008333;799 121;10;0;2;1;15;1
202200008334;799 117;7;0;2;4;23;1
202200008334;799 118;7;0;2;1;23;1
202200008334;799 119;7;0;2;1;1;1
202200008335;799 116;7;0;1;5;16;2
202200008336;799 115;50;1;0;3;21;3
202200008337;799 114;1;0;0;1;1;5
202200008338;799 113;80;0;1;1;1;3
202200008339;799 111;1;0;2;3;1;5
202200008339;799 112;7;0;2;3;23;1
202200008340;799 109;30;0;2;1;1;1
202200008340;799 110;7;0;2;7;1;1
202200008341;799 108;7;0;1;1;1;1
202200008342;799 107;7;0;1;3;1;1
202200008343;799 106;7;0;1;2;1;1
202200008344;799 104;7;0;2;7;22;1
202200008344;799 105;30;0;2;3;18;1
202200008345;799 103;50;0;0;1;16;3
202200008346;799 101;7;0;2;8;13;1
202200008346;799 102;34;0;2;5;17;1
202200008347;799 099;10;0;2;3;9;3
202200008347;799 100;33;0;2;1;5;1
202200008348;799 096;7;0;2;3;1;1
202200008348;799 097;7;0;2;5;1;1
202200008348;799 098;7;0;2;7;1;1
202200008349;799 094;50;0;2;7;25;3
202200008349;799 095;7;0;2;1;16;1
202200008350;799 092;7;0;2;6;1;1
202200008350;799 093;33;0;2;1;2;1
202200008351;799 090;7;0;2;4;1;1
202200008351;799 091;10;0;2;1;1;1
202200008352;799 089;10;0;1;3;2;1
202200008353;799 087;7;0;2;0;0;1
202200008353;799 088;32;0;2;0;0;1
202200008354;799 086;7;1;0;0;0;1
202200008355;799 084;10;0;2;1;26;1
202200008355;799 085;1;0;2;0;1;5
202200008356;799 082;50;0;2;1;8;3
202200008356;799 083;34;0;2;2;7;1
202200008357;799 081;50;0;0;0;1;3
202200008358;799 079;10;0;2;1;15;3
202200008358;799 080;33;0;2;1;1;1
202200008359;799 077;33;0;2;3;1;1
202200008359;799 078;10;0;2;4;1;1
202200008360;799 075;33;0;2;3;7;1
202200008360;799 076;7;0;2;1;15;1
202200008361;799 073;34;0;2;1;18;1
202200008361;799 074;60;0;2;1;5;5
202200008362;799 071;50;0;2;8;2;3
202200008362;799 072;7;0;9;7;2;0
202200008363;799 070;32;0;1;8;1;1
202200008364;799 068;7;0;0;8;15;1
202200008364;799 069;32;0;0;7;2;1
202200008365;799 066;1;1;0;1;1;5
202200008365;799 067;7;0;2;5;24;1
202200008366;799 065;7;0;1;3;1;1
202200008367;799 063;1;0;2;1;2;5
202200008367;799 064;50;0;2;1;5;3
202200008368;799 062;7;0;1;1;1;1
202200008369;799 060;7;9;2;1;1;1
202200008369;799 061;30;9;2;7;1;1
202200008370;799 059;10;0;1;1;1;1
202200008371;799 057;30;0;2;1;2;1
202200008371;799 058;30;0;2;4;2;1
202200008372;799 056;7;4;0;3;11;1
202200008373;799 054;10;0;2;2;21;1
202200008373;799 055;7;0;2;1;1;1
202200008374;799 053;7;14;0;1;1;1
202200008375;799 051;7;0;1;1;1;1
202200008376;799 050;7;6;0;9;1;1
202200008377;799 048;33;0;2;1;1;1
202200008377;799 049;7;0;2;3;15;1
202200008378;799 047;7;0;1;2;1;1
202200008379;799 046;33;2;0;1;1;1
202200008380;799 044;33;0;2;7;1;1
202200008380;799 045;7;0;2;3;15;1
202200008381;799 043;33;12;0;1;18;1
202200008382;799 041;10;0;2;1;1;1
202200008382;799 042;7;0;2;1;17;1
202200008383;799 040;7;3;0;3;13;1
202200008384;799 039;2;0;0;0;0;1
202200008385;799 038;3;1;0;2;1;1
202200008386;799 036;10;0;2;7;15;1
202200008386;799 037;2;0;2;2;1;1
202200008387;799 034;7;0;2;1;2;1
202200008387;799 035;33;1;0;4;2;1
202200008388;799 033;33;8;0;3;15;1
202200008389;799 032;33;0;0;0;1;1
202200008390;799 029;7;15;0;1;13;1
202200008391;799 027;7;0;2;3;15;1
202200008391;799 028;7;0;2;2;1;1
202200008392;799 025;7;0;2;5;1;1
202200008392;799 026;1;0;2;1;2;5
202200008393;799 023;31;0;2;3;2;1
202200008393;799 024;17;0;0;2;1;6
202200008394;799 021;1;0;2;3;0;5
202200008394;799 022;14;0;2;8;1;1
202200008395;799 019;7;0;2;1;1;1
202200008395;799 020;7;0;2;6;10;1
202200008396;799 018;7;0;0;9;14;1
202200008397;799 016;7;0;2;3;1;1
202200008397;799 017;2;0;2;1;1;1
202200008398;799 015;33;3;0;8;1;1
202200008399;799 014;33;13;0;1;1;1
202200008400;799 013;7;2;0;2;14;1
202200008401;799 012;7;2;0;0;0;1
202200008402;799 010;33;0;2;1;2;1
202200008402;799 011;7;0;0;4;1;1
202200008403;799 008;7;0;2;8;15;1
202200008403;799 009;15;0;2;1;17;1
202200008404;799 005;7;0;2;4;2;1
202200008404;799 006;7;0;2;1;2;0
202200008404;799 007;7;0;2;4;2;1
202200008405;799 002;7;0;0;4;2;1
202200008405;799 003;7;0;2;4;2;1
202200008405;799 004;7;0;2;1;2;1
202200008406;799 001;7;0;0;1;1;1
202200008407;798 999;17;0;0;6;1;1
202200008407;799 000;7;3;2;2;1;1
202200008408;798 997;33;0;2;3;13;1
202200008408;798 998;7;0;2;3;13;1
202200008409;798 995;31;0;2;1;1;1
202200008409;798 996;2;0;2;1;15;1
202200008410;798 993;7;0;2;1;14;1
202200008410;798 994;7;0;2;2;17;1
202200008411;798 991;33;0;2;1;2;1
202200008411;798 992;33;0;0;6;15;1
202200008412;798 989;10;5;0;1;13;1
202200008412;798 990;7;5;2;1;1;1
202200008413;798 987;7;0;2;8;19;1
202200008413;798 988;33;0;2;1;19;1
202200008414;798 986;7;7;0;1;14;1
202200008415;798 984;32;0;2;1;1;1
202200008415;798 985;7;0;2;3;15;1
202200008416;798 982;31;0;2;7;0;1
202200008416;798 983;7;0;2;1;9;1
202200008417;798 981;33;13;0;1;1;1
202200008418;798 980;2;6;0;7;0;1
202200008419;798 978;7;0;2;1;9;1
202200008419;798 979;33;0;2;7;1;1
202200008420;798 977;7;0;1;1;2;1
202200008421;798 975;7;0;0;1;1;1
202200008421;798 976;33;0;2;7;1;1
202200008422;798 974;7;0;1;2;0;1
202200008423;798 972;1;0;2;2;1;5
202200008423;798 973;7;0;9;3;1;1
202200008424;798 970;7;0;2;1;1;1
202200008424;798 971;7;7;2;7;19;1
202200008425;798 968;7;0;2;3;5;1
202200008425;798 969;33;0;2;1;1;1
202200008426;798 966;37;0;2;1;1;1
202200008426;798 967;7;0;2;8;19;1
202200008427;798 961;7;0;2;5;1;1
202200008427;798 962;7;0;2;2;2;1
202200008427;798 963;33;0;2;1;3;1
202200008428;798 958;7;0;0;0;0;1
202200008428;798 959;7;0;2;7;12;1
202200008428;798 960;32;0;2;8;3;1
202200008429;798 956;7;0;2;5;1;1
202200008429;798 957;7;0;2;2;1;1
202200008430;798 954;7;0;2;0;0;1
202200008430;798 955;2;0;2;1;26;1
202200008431;798 953;31;0;1;0;0;1
202200008432;798 951;3;0;2;1;2;1
202200008432;798 952;7;0;2;4;23;1
202200008433;798 949;7;0;2;1;1;0
202200008433;798 950;7;1;2;4;1;0
202200008434;798 947;7;0;2;1;1;1
202200008434;798 948;50;0;2;1;5;3
202200008435;798 945;1;0;2;2;1;5
202200008435;798 946;7;0;9;1;15;1
202200008436;798 943;3;0;2;1;2;1
202200008436;798 944;7;0;2;4;0;0
202200008437;798 941;7;15;0;1;0;1
202200008437;798 942;7;0;2;0;0;1
202200008438;798 940;30;0;1;1;18;1
202200008439;798 938;2;0;2;7;1;1
202200008439;798 939;7;0;2;2;19;1
202200008440;798 937;32;0;0;0;1;1
202200008441;798 934;10;0;2;1;5;1
202200008441;798 935;14;12;2;8;1;1
202200008441;798 936;10;0;2;1;1;1
202200008442;798 932;7;0;2;0;12;0
202200008442;798 933;34;0;2;8;1;1
202200008443;798 930;10;0;2;2;12;1
202200008443;798 931;7;0;2;6;1;1
202200008444;798 929;30;0;1;8;1;0
202200008445;798 928;1;0;0;1;1;5
202200008446;798 927;7;0;1;1;1;1
202200008447;798 925;15;0;2;2;1;1
202200008447;798 926;7;0;2;3;11;1
202200008448;798 923;2;0;2;2;1;3
202200008448;798 924;7;0;2;3;24;2