Num_Acc;id_vehicule;categorie_vehicule;obstacle_fixe;obstacle_mobile;point_choc_initial;manoeuvre_principale;motorisation
202200008449;798 921;7;0;2;3;15;1
202200008449;798 922;1;0;2;2;1;5
202200008450;798 920;10;0;1;4;4;1
202200008451;798 919;30;0;1;1;1;3
202200008452;798 917;10;0;2;5;24;1
202200008452;798 918;32;0;1;1;1;1
202200008453;798 916;10;0;1;2;1;3
202200008454;798 914;32;0;2;1;1;1
202200008454;798 915;1;0;2;6;19;5
202200008455;798 912;50;0;2;2;18;3
202200008455;798 913;37;0;2;5;7;2
202200008456;798 911;1;0;0;1;1;5
202200008457;798 910;7;0;1;1;7;2
202200008458;798 908;33;0;2;1;17;1
202200008458;798 909;13;0;2;2;15;1
202200008459;798 906;30;14;0;8;18;3
202200008459;798 907;7;0;2;7;23;1
202200008460;798 904;7;0;2;2;1;1
202200008460;798 905;33;0;2;8;3;1
202200008461;798 902;7;0;0;6;23;3
202200008461;798 903;7;0;2;2;1;1
202200008462;798 899;10;0;2;1;2;1
202200008462;798 900;7;0;2;4;2;1
202200008462;798 901;7;0;2;4;2;1
202200008463;798 897;7;0;0;7;9;1
202200008463;798 898;99;0;2;7;0;0
202200008464;798 896;30;0;0;0;26;1
202200008465;798 893;7;0;2;3;1;1
202200008465;798 894;30;0;2;1;1;1
202200008465;798 895;7;0;2;1;16;1
202200008466;798 891;43;0;2;0;0;1
202200008466;798 892;7;0;2;2;10;1
202200008467;798 890;33;0;1;2;1;1
202200008468;798 889;10;0;1;7;1;1
202200008469;798 887;33;0;2;8;1;1
202200008469;798 888;7;0;2;1;1;0
202200008470;798 886;15;0;1;3;1;1
202200008471;798 885;7;16;0;1;1;1
202200008472;798 884;7;0;1;2;20;1
202200008473;798 882;33;0;2;1;1;1
202200008473;798 883;7;0;2;4;9;1
202200008474;798 880;7;0;2;3;9;1
202200008474;798 881;33;0;2;1;1;1
202200008475;798 878;7;0;0;7;15;1
202200008475;798 879;15;0;0;1;1;1
202200008476;798 876;7;0;2;4;15;1
202200008476;798 877;32;0;2;3;2;1
202200008477;798 874;10;0;2;1;0;1
202200008477;798 875;7;0;2;1;5;1
202200008478;798 872;33;0;2;3;1;1
202200008478;798 873;7;0;2;3;15;1
202200008479;798 871;7;0;1;1;1;1
202200008480;798 870;7;0;1;1;1;1
202200008481;798 868;80;0;2;8;13;3
202200008481;798 869;7;0;2;2;1;1
202200008482;798 867;7;0;1;7;1;1
202200008483;798 866;7;0;1;1;1;1
202200008484;798 864;7;0;1;2;1;1
202200008485;798 863;7;0;0;9;1;1
202200008486;798 861;7;0;2;1;1;1
202200008486;798 862;2;0;2;1;13;1
202200008487;798 860;17;1;0;1;1;1
202200008488;798 859;7;0;1;1;1;1
202200008489;798 855;7;0;2;3;1;1
202200008489;798 856;7;0;2;3;13;1
202200008490;798 854;33;0;0;1;2;1
202200008491;798 852;7;0;2;3;1;1
202200008491;798 853;10;0;2;3;13;1
202200008492;798 848;7;0;2;1;21;1
202200008492;798 849;7;0;2;8;11;1
202200008493;798 846;33;0;2;7;17;1
202200008493;798 847;7;0;2;3;15;1
202200008494;798 845;7;12;0;2;19;1
202200008495;798 844;7;0;0;0;1;1
202200008496;798 843;7;0;0;1;0;1
202200008497;798 842;33;0;0;8;1;1
202200008498;798 839;7;0;1;6;4;1
202200008499;798 838;7;13;0;1;17;1
202200008500;798 836;7;0;0;4;23;1
202200008500;798 837;15;1;0;2;2;1
202200008501;798 835;7;3;0;1;1;1
202200008502;798 832;7;0;2;1;2;1
202200008502;798 833;7;0;2;1;1;1
202200008502;798 834;7;0;2;7;0;1
202200008503;798 830;1;0;2;4;1;5
202200008503;798 831;7;0;2;1;1;1
202200008504;798 828;7;0;2;3;2;2
202200008504;798 829;7;0;2;2;15;1
202200008505;798 826;7;0;2;1;13;1
202200008505;798 827;17;0;2;1;1;1
202200008506;798 825;7;3;0;2;1;1
202200008507;798 824;7;2;0;1;1;1
202200008508;798 823;7;0;1;3;26;1
202200008509;798 821;7;0;2;9;1;1
202200008509;798 822;7;0;2;3;19;1
202200008510;798 819;10;0;2;5;15;1
202200008510;798 820;2;0;2;1;1;1
202200008511;798 817;33;0;2;1;1;1
202200008511;798 818;7;5;2;1;13;1
202200008512;798 816;7;0;1;2;26;1
202200008513;798 814;7;0;0;6;1;1
202200008513;798 815;14;0;2;7;12;1
202200008514;798 813;7;2;0;9;1;1
202200008515;798 811;2;0;0;3;16;1
202200008515;798 812;7;0;2;7;1;1
202200008516;798 809;7;0;2;4;0;1
202200008516;798 810;10;0;2;1;0;1
202200008517;798 808;7;3;0;1;0;1
202200008518;798 805;33;0;2;2;3;1
202200008518;798 806;7;0;2;6;1;1
202200008518;798 807;7;0;2;2;12;0
202200008519;798 803;7;0;2;1;1;1
202200008519;798 804;7;0;2;4;1;1
202200008520;798 802;7;6;0;9;13;1
202200008521;798 800;33;0;2;2;1;1
202200008521;798 801;7;0;2;3;11;1
202200008522;798 797;7;0;2;4;2;1
202200008522;798 798;7;0;2;4;2;1
202200008522;798 799;10;0;2;1;2;1
202200008523;798 794;15;0;2;8;2;0
202200008523;798 795;7;0;2;5;1;1
202200008523;798 796;31;0;2;1;3;1
202200008524;798 792;7;0;2;2;1;1
202200008524;798 793;33;0;2;3;3;1
202200008525;798 790;7;4;2;4;2;1
202200008525;798 791;7;4;2;1;1;1
202200008526;798 788;7;0;2;8;0;0
202200008526;798 789;7;0;2;2;1;0
202200008527;798 786;7;4;2;1;1;1
202200008527;798 787;0;0;0;0;0;0
202200008528;798 784;33;0;2;0;3;1
202200008528;798 785;7;0;2;3;11;1
202200008529;798 782;7;0;2;1;12;1
202200008529;798 783;32;0;2;4;1;1
202200008530;798 781;7;0;1;1;1;1
202200008531;798 779;7;0;2;2;15;1
202200008531;798 780;30;0;2;1;18;1
202200008532;798 777;7;0;2;2;2;1
202200008532;798 778;99;0;2;8;19;5
202200008533;798 774;7;0;2;2;17;1
202200008533;798 775;38;0;2;8;1;1
202200008533;798 776;33;0;2;1;1;1
202200008534;798 772;7;0;2;3;15;1
202200008534;798 773;33;0;2;1;0;1
202200008535;798 770;7;0;2;7;16;1
202200008535;798 771;30;0;2;8;18;1
202200008536;798 769;7;0;1;0;1;1
202200008537;798 767;7;0;2;1;15;1
202200008537;798 768;7;0;2;3;19;1
202200008538;798 765;7;0;2;1;1;1
202200008538;798 766;7;0;2;7;1;1
202200008539;798 764;7;0;1;8;26;1
202200008540;798 763;7;0;1;3;26;1
202200008541;798 761;30;1;0;1;26;1
202200008541;798 762;7;0;2;4;24;1
202200008542;798 760;7;0;1;2;1;1
202200008543;798 759;7;6;0;1;1;1
202200008544;798 758;2;0;0;0;1;1
202200008545;798 756;7;0;2;2;11;1
202200008545;798 757;7;0;2;3;1;1
202200008546;798 754;7;3;0;9;1;1
202200008546;798 755;17;0;2;2;1;1
202200008547;798 752;33;0;2;6;26;0
202200008547;798 753;13;0;2;3;15;0
202200008548;798 750;7;0;2;2;11;1
202200008548;798 751;31;0;2;1;1;0
202200008549;798 749;7;0;1;2;1;1
202200008550;798 747;7;0;2;7;16;1
202200008550;798 748;50;0;2;9;1;3
202200008551;798 745;7;0;2;2;16;1
202200008551;798 746;50;0;2;1;5;3
202200008552;798 743;34;0;2;1;1;1
202200008552;798 744;10;0;0;1;15;1
202200008553;798 741;10;0;2;2;1;1
202200008553;798 742;99;0;2;6;1;0
202200008554;798 739;7;0;2;2;1;1
202200008554;798 740;37;0;2;3;1;1
202200008555;798 738;7;0;1;1;16;1
202200008556;798 737;7;0;1;1;1;1
202200008557;798 735;7;0;2;3;1;1
202200008557;798 736;1;0;2;8;19;5
202200008558;798 733;7;0;2;6;1;1
202200008558;798 734;1;0;2;2;14;5
202200008559;798 731;7;0;2;1;26;3
202200008559;798 732;7;0;2;4;26;1
202200008560;798 730;10;0;1;2;1;1
202200008561;798 728;7;0;2;3;15;1
202200008561;798 729;33;0;2;1;17;1
202200008562;798 726;33;0;2;8;0;1
202200008562;798 727;7;0;2;1;0;1
202200008563;798 724;7;0;2;3;1;1
202200008563;798 725;7;0;2;6;23;1
202200008564;798 723;10;6;0;1;1;1
202200008565;798 721;37;0;0;3;0;1
202200008565;798 722;2;0;0;0;0;1
202200008566;798 720;10;0;1;3;1;0
202200008567;798 718;7;0;2;3;1;1
202200008567;798 719;7;0;2;1;1;1
202200008568;798 716;3;0;2;1;1;3
202200008568;798 717;2;0;2;1;9;1
202200008569;798 714;7;0;2;1;2;1
202200008569;798 715;7;0;2;4;2;1
202200008570;798 712;30;0;2;3;1;1
202200008570;798 713;7;0;2;2;16;1
202200008571;798 710;50;0;2;1;1;3
202200008571;798 711;1;0;2;0;1;5
202200008572;798 708;2;0;2;8;1;1
202200008572;798 709;2;1;2;2;0;1
202200008573;798 707;1;0;1;0;1;5
202200008574;798 705;10;0;2;1;2;0
202200008574;798 706;7;0;2;4;2;1
202200008575;798 704;7;9;0;1;1;1
202200008576;798 703;7;4;0;3;2;1
202200008577;798 702;7;2;0;1;17;1
202200008578;798 700;7;0;2;3;9;1
202200008578;798 701;1;0;2;1;1;5
202200008579;798 699;7;0;0;0;0;1
202200008580;798 697;7;0;2;7;2;1
202200008580;798 698;33;0;2;8;2;1
202200008581;798 696;7;13;0;2;15;1
202200008582;798 695;7;13;0;1;1;1
202200008583;798 693;2;0;2;4;9;1
202200008583;798 694;7;0;2;1;2;1
202200008584;798 692;7;0;1;3;2;1
202200008585;798 690;7;;2;1;26;
202200008585;798 691;34;0;2;4;1;1
202200008586;798 689;3;0;1;2;1;1
202200008587;798 687;7;0;2;3;1;1
202200008587;798 688;7;8;2;7;14;1
202200008588;798 685;7;0;2;3;9;1
202200008588;798 686;34;0;2;1;1;1
202200008589;798 683;7;0;9;6;23;1
202200008589;798 684;33;14;0;1;26;1
202200008590;798 681;7;0;2;2;26;1
202200008590;798 682;1;0;2;4;1;5
202200008591;798 679;14;0;2;5;2;1
202200008591;798 680;33;0;2;3;2;1
202200008592;798 678;80;0;0;3;1;3
202200008593;798 676;10;0;2;2;12;3
202200008593;798 677;33;0;2;3;1;1
202200008594;798 674;40;0;2;1;1;3
202200008594;798 675;7;0;4;8;1;1
202200008595;798 672;7;0;2;3;10;1
202200008595;798 673;30;0;2;7;1;1
202200008596;798 670;30;0;2;2;17;0
202200008596;798 671;50;0;2;3;1;3
202200008597;798 668;10;0;2;1;9;1
202200008597;798 669;50;0;2;1;1;3
202200008598;798 666;30;0;2;2;1;1
202200008598;798 667;32;0;2;6;15;1
202200008599;798 665;10;0;1;1;1;1
202200008600;798 663;7;0;2;1;2;1
202200008600;798 664;7;0;2;4;2;1
202200008601;798 661;30;0;2;3;1;1
202200008601;798 662;10;0;2;0;15;0
202200008602;798 660;33;0;2;0;21;1
202200008603;798 659;1;12;0;1;16;5
202200008604;798 658;7;0;1;2;16;1
202200008605;798 656;7;0;2;5;16;1
202200008605;798 657;32;8;2;0;7;1
202200008606;798 654;33;0;2;7;21;1
202200008606;798 655;7;0;2;8;1;1
202200008607;798 652;7;0;2;1;1;1
202200008607;798 653;37;0;2;7;1;1
202200008608;798 650;60;0;2;2;25;5
202200008608;798 651;7;0;2;3;26;1
202200008609;798 648;1;0;2;1;2;5
202200008609;798 649;7;0;2;3;2;1
202200008610;798 646;31;0;2;1;17;1
202200008610;798 647;7;0;2;8;15;1
202200008611;798 644;33;0;2;3;1;1
202200008611;798 645;10;0;2;2;15;1
202200008612;798 643;50;0;1;8;25;3
202200008613;798 641;30;0;2;1;1;0
202200008613;798 642;7;0;2;6;15;0
202200008614;798 640;7;0;1;2;1;1
202200008615;798 638;7;0;2;8;22;1
202200008615;798 639;50;1;0;1;1;3
202200008616;798 636;7;0;2;1;16;1
202200008616;798 637;37;0;2;1;1;1
202200008617;798 635;7;0;1;2;1;1
202200008618;798 633;33;9;2;8;1;1
202200008618;798 634;7;0;2;2;10;1
202200008619;798 632;7;0;1;5;1;1
202200008620;798 631;30;1;0;1;11;1
202200008621;798 630;1;0;0;0;18;5
202200008622;798 626;7;0;2;7;1;1
202200008622;798 627;7;0;2;1;1;1
202200008622;798 628;7;0;2;1;1;2
202200008622;798 629;7;0;2;1;1;1
202200008623;798 624;7;0;2;0;0;1
202200008623;798 625;34;0;2;2;0;1
202200008624;798 623;60;0;0;0;25;5
202200008625;798 620;33;0;2;1;2;1
202200008625;798 621;7;0;2;4;2;1
202200008625;798 622;30;0;2;4;2;1
202200008626;798 617;13;0;2;3;1;1
202200008626;798 618;10;0;2;5;1;1
202200008626;798 619;33;0;2;8;3;1
202200008627;798 616;50;12;0;1;1;3
202200008628;798 614;15;0;2;0;15;0
202200008628;798 615;10;0;2;7;10;1
202200008629;798 612;32;0;2;3;1;1
202200008629;798 613;7;0;2;3;10;1
202200008630;798 610;7;0;2;7;17;2
202200008630;798 611;1;1;2;8;13;5
202200008631;798 608;33;0;2;1;2;1
202200008631;798 609;1;0;2;4;15;5
202200008632;798 607;1;14;0;3;13;5
202200008633;798 605;1;0;2;1;1;5
202200008633;798 606;7;0;2;2;1;2
202200008634;798 602;10;0;2;5;26;1
202200008634;798 603;7;0;2;4;26;1
202200008634;798 604;7;0;2;1;26;1
202200008635;798 600;7;0;2;3;11;1
202200008635;798 601;33;1;2;1;17;1
202200008636;798 598;7;0;9;8;20;1
202200008636;798 599;60;5;0;0;0;5
202200008637;798 596;10;0;2;8;10;1
202200008637;798 597;33;0;2;7;17;3
202200008638;798 594;10;0;0;7;15;1
202200008638;798 595;33;0;2;1;1;1
202200008639;798 592;50;0;0;0;0;3
202200008639;798 593;7;0;2;1;15;0
202200008640;798 590;7;0;2;1;1;0
202200008640;798 591;7;0;2;5;1;0
202200008641;798 588;7;0;2;1;1;1
202200008641;798 589;7;0;2;2;15;1
202200008642;798 586;7;0;0;2;1;1
202200008642;798 587;30;0;2;1;26;1
202200008643;798 585;7;0;1;1;0;1
202200008644;798 583;7;0;2;0;0;1
202200008644;798 584;30;0;2;3;1;1
202200008645;798 581;99;0;2;3;1;1
202200008645;798 582;7;0;2;2;16;1
202200008646;798 579;3;0;2;1;15;0
202200008646;798 580;3;0;2;2;1;0
202200008647;798 577;33;0;2;1;1;1
202200008647;798 578;7;0;2;8;9;1
202200008648;798 575;17;0;2;3;15;1
202200008648;798 576;30;0;2;1;1;1
202200008649;798 574;10;12;0;2;1;1
202200008650;798 573;1;0;1;1;16;5
202200008651;798 571;7;0;2;1;1;1
202200008651;798 572;34;0;2;6;1;1
202200008652;798 569;7;0;2;3;2;1
202200008652;798 570;1;0;2;1;0;5
202200008653;798 566;80;0;2;2;5;3
202200008653;798 567;7;0;2;6;1;1
202200008654;798 564;1;0;0;4;1;5
202200008654;798 565;7;0;2;2;1;1
202200008655;798 562;1;0;2;0;2;5
202200008655;798 563;7;0;2;7;2;1
202200008656;798 561;7;3;0;3;13;1
202200008657;798 560;7;13;0;1;19;1
202200008658;798 559;14;1;0;2;2;1
202200008659;798 558;7;13;0;0;1;1
202200008660;798 556;7;0;2;1;15;1
202200008660;798 557;33;0;2;1;1;0
202200008661;798 555;7;13;0;2;0;1
202200008662;798 554;7;0;0;1;1;1
202200008663;798 552;17;0;2;3;21;1
202200008663;798 553;10;0;2;3;13;1
202200008664;798 551;7;0;1;1;0;1
202200008665;798 550;7;0;0;8;0;1
202200008666;798 549;33;13;0;2;1;1
202200008667;798 548;7;0;0;2;1;1
202200008668;798 546;33;0;2;1;26;1
202200008668;798 547;7;0;2;3;0;1
202200008669;798 545;2;0;0;7;1;1
202200008670;798 543;33;0;2;1;1;1
202200008670;798 544;7;0;2;8;9;1
202200008671;798 542;21;0;1;8;1;1
202200008672;798 540;1;0;0;4;1;5
202200008672;798 541;7;0;2;2;2;1
202200008673;798 539;7;0;0;0;1;1
202200008674;798 537;2;16;0;0;2;1
202200008675;798 536;2;0;0;1;1;1
202200008676;798 534;7;0;2;3;1;0
202200008676;798 535;2;0;2;8;1;1
202200008677;798 532;10;0;0;4;15;1
202200008677;798 533;7;0;2;1;2;1
202200008678;798 531;7;13;0;8;1;0
202200008679;798 528;7;0;2;3;1;1
202200008679;798 529;7;0;2;3;13;1
202200008679;798 530;7;0;2;8;1;1
202200008680;798 527;2;5;0;1;0;1
202200008681;798 526;7;13;0;2;14;1
202200008682;798 524;33;0;0;0;21;1
202200008682;798 525;7;0;0;0;15;1
202200008683;798 523;33;6;0;1;17;1
202200008684;798 522;1;0;0;0;1;5
202200008685;798 521;7;2;0;1;1;1
202200008686;798 520;31;0;0;0;1;1
202200008687;798 518;33;0;2;1;1;1
202200008687;798 519;7;0;2;8;1;1
202200008688;798 517;7;13;0;3;1;1
202200008689;798 516;7;13;0;2;1;1
202200008690;798 515;7;7;0;2;14;1
202200008691;798 514;14;0;0;7;1;1
202200008692;798 512;80;0;2;1;1;3
202200008692;798 513;7;0;9;6;20;1
202200008693;798 511;7;2;0;3;1;1
202200008694;798 509;7;0;9;1;15;2
202200008694;798 510;1;0;2;8;26;5
202200008695;798 507;2;0;2;1;1;1
202200008695;798 508;7;0;2;3;26;1
202200008696;798 505;7;0;2;2;9;1
202200008696;798 506;1;0;2;1;1;5
202200008697;798 504;33;0;6;1;0;1
202200008698;798 503;7;0;0;0;1;1
202200008699;798 502;34;5;0;1;18;1
202200008700;798 501;33;3;0;3;17;1
202200008701;798 499;7;0;2;1;13;1
202200008701;798 500;7;0;2;1;1;1
202200008702;798 497;10;0;2;1;13;1
202200008702;798 498;7;0;2;1;1;1
202200008703;798 495;15;3;0;3;1;1
202200008704;798 493;15;0;2;2;1;1
202200008704;798 494;7;0;2;3;11;1
202200008705;798 490;10;3;2;5;2;1
202200008705;798 491;33;3;2;4;2;1
202200008705;798 492;7;3;2;2;2;1
202200008706;798 486;7;0;2;1;1;1
202200008706;798 487;10;0;2;4;0;1
202200008706;798 488;7;0;2;3;1;1
202200008706;798 489;7;0;2;4;1;1
202200008707;798 484;7;0;2;8;1;1
202200008707;798 485;17;0;2;7;12;1
202200008708;798 481;1;0;9;1;1;5
202200008709;798 480;7;0;1;1;1;1
202200008710;798 478;99;0;2;6;23;1
202200008710;798 479;7;0;2;5;13;1
202200008711;798 476;33;0;2;1;2;1
202200008711;798 477;7;0;2;4;20;1
202200008712;798 474;2;0;2;1;21;1
202200008712;798 475;7;0;2;7;21;1
202200008713;798 472;30;0;2;3;13;1
202200008713;798 473;30;0;2;8;1;1
202200008714;798 471;80;0;1;1;1;3
202200008715;798 469;37;0;2;2;17;1
202200008715;798 470;1;0;2;6;2;5
202200008716;798 466;7;0;2;1;19;2
202200008716;798 467;10;0;2;1;23;1
202200008716;798 468;7;0;2;4;23;1
202200008717;798 465;7;0;1;3;15;1
202200008718;798 463;1;0;2;4;26;5
202200008718;798 464;30;0;2;1;26;1
202200008719;798 461;10;0;2;4;2;1
202200008719;798 462;43;0;2;1;2;1
202200008720;798 459;33;0;2;8;1;1
202200008720;798 460;7;0;2;3;15;1
202200008721;798 458;13;0;1;4;2;1
202200008722;798 456;50;0;2;0;0;3
202200008722;798 457;7;0;9;2;1;2
202200008723;798 454;31;0;2;1;0;1
202200008723;798 455;7;0;2;5;1;1
202200008724;798 452;7;0;0;0;9;1
202200008724;798 453;1;0;0;0;1;5
202200008725;798 450;50;0;2;2;7;3
202200008725;798 451;7;0;2;8;1;1
202200008726;798 448;10;0;2;4;26;1
202200008726;798 449;1;0;2;1;25;5
202200008727;798 446;7;0;2;7;19;1
202200008727;798 447;33;0;2;8;1;1
202200008728;798 444;7;0;2;1;9;1
202200008728;798 445;33;0;2;7;17;1
202200008729;798 442;7;0;2;7;26;1
202200008729;798 443;33;0;2;8;1;1
202200008730;798 440;2;0;0;0;0;0
202200008730;798 441;1;0;2;2;2;5
202200008731;798 437;7;0;2;4;2;1
202200008731;798 438;7;0;2;4;2;1
202200008731;798 439;7;0;2;1;2;1
202200008732;798 436;99;0;0;0;1;5
202200008733;798 434;7;0;0;4;23;1
202200008733;798 435;7;0;2;1;2;1
202200008734;798 433;7;0;0;2;15;1
202200008735;798 431;10;0;2;1;15;0
202200008735;798 432;50;0;2;7;1;3
202200008736;798 429;30;0;2;1;1;1
202200008736;798 430;7;0;2;7;15;1
202200008737;798 427;7;0;2;1;2;1
202200008737;798 428;7;0;2;4;2;1
202200008738;798 425;1;0;2;8;19;5
202200008738;798 426;7;0;2;3;17;1
202200008739;798 423;7;0;2;4;1;1
202200008739;798 424;7;0;2;1;1;1
202200008740;798 421;1;0;2;7;1;5
202200008740;798 422;7;0;2;1;9;1
202200008741;798 419;7;0;2;7;19;1
202200008741;798 420;33;0;2;1;1;1
202200008742;798 417;50;0;2;1;2;3
202200008742;798 418;7;0;2;7;2;1
202200008743;798 416;7;0;1;1;1;1
202200008744;798 414;30;0;2;3;19;1
202200008744;798 415;17;0;2;1;26;1
202200008745;798 412;31;0;2;1;1;1
202200008745;798 413;7;0;2;7;15;1
202200008746;798 410;7;0;0;6;23;1
202200008746;798 411;1;0;0;1;21;5
202200008747;798 409;34;12;0;1;0;1
202200008748;798 408;7;0;1;1;1;0
202200008749;798 406;7;0;2;1;9;1
202200008749;798 407;2;0;2;1;1;1
202200008750;798 405;7;13;0;1;14;1
202200008751;798 403;7;0;2;1;2;1
202200008751;798 404;7;0;0;4;2;1
202200008752;798 401;7;0;2;1;1;1
202200008752;798 402;50;0;2;7;15;3
202200008753;798 400;7;16;0;1;1;1
202200008754;798 398;7;0;2;3;1;1
202200008754;798 399;3;0;2;1;1;3
202200008755;798 397;7;0;1;1;1;1
202200008756;798 396;7;3;0;0;13;1
202200008757;798 394;1;0;2;1;1;5
202200008757;798 395;7;0;9;1;15;1
202200008758;798 393;1;12;0;3;21;5
202200008759;798 392;10;0;1;1;1;1
202200008760;798 389;7;0;2;1;2;1
202200008760;798 390;7;0;2;4;2;1
202200008760;798 391;7;0;2;4;2;1
202200008761;798 387;7;0;2;3;1;1
202200008761;798 388;7;0;2;1;1;1
202200008762;798 385;7;0;2;1;13;1
202200008762;798 386;7;0;2;1;1;1
202200008763;798 384;30;0;0;1;1;1
202200008764;798 382;7;0;1;1;1;1
202200008765;798 380;7;0;2;2;1;1
202200008765;798 381;50;0;2;1;19;3
202200008766;798 378;33;0;2;8;18;1
202200008766;798 379;7;0;2;1;26;1
202200008767;798 377;7;0;1;0;0;0
202200008768;798 374;7;0;2;4;2;1
202200008768;798 375;34;0;2;5;2;1
202200008768;798 376;7;0;2;3;2;1
202200008769;798 372;50;0;2;7;1;3
202200008769;798 373;30;0;2;1;15;1
202200008770;798 371;31;0;1;1;1;1
202200008771;798 369;7;0;2;6;15;1
202200008771;798 370;30;0;2;1;1;1
202200008772;798 367;33;0;2;1;1;1
202200008772;798 368;3;0;2;2;10;1
202200008773;798 365;2;0;2;3;9;3
202200008773;798 366;10;0;2;2;1;1
202200008774;798 363;7;0;2;1;1;3
202200008774;798 364;7;0;2;1;1;1
202200008775;798 361;7;0;2;1;1;1
202200008775;798 362;7;0;2;3;1;1
202200008776;798 360;2;0;0;0;17;1
202200008777;798 359;7;0;1;1;5;1
202200008778;798 358;10;0;1;1;15;1
202200008779;798 357;7;0;1;1;1;1
202200008780;798 355;34;0;2;2;1;1
202200008780;798 356;10;0;2;3;9;1
202200008781;798 353;7;0;2;4;1;1
202200008781;798 354;7;0;2;1;1;1
202200008782;798 351;2;0;2;2;16;3
202200008782;798 352;7;0;2;2;16;1
202200008783;798 349;7;0;2;1;1;0
202200008783;798 350;32;0;2;8;1;1
202200008784;798 348;7;0;1;1;1;1
202200008785;798 346;1;0;2;7;1;5
202200008785;798 347;7;0;2;3;1;1
202200008786;798 344;7;3;0;1;1;1
202200008786;798 345;15;0;2;2;1;1
202200008787;798 342;1;0;2;1;13;5
202200008787;798 343;50;0;2;1;1;3
202200008788;798 341;7;4;0;7;1;1
202200008789;798 339;7;0;2;3;15;1
202200008789;798 340;33;0;2;7;1;1
202200008790;798 336;33;0;2;7;1;1
202200008790;798 338;7;0;2;8;13;1
202200008791;798 337;50;0;0;0;1;3
202200008792;798 334;1;0;0;1;1;5
202200008793;798 331;14;0;2;4;2;1
202200008793;798 333;7;0;2;4;2;1
202200008793;798 335;7;0;2;1;1;1
202200008794;798 330;43;0;2;3;0;1
202200008794;798 332;1;0;2;0;0;5
202200008795;798 327;43;0;2;1;3;1
202200008795;798 329;7;0;2;5;1;2
202200008796;798 326;13;0;2;7;2;1
202200008796;798 328;33;0;2;1;15;1
202200008797;798 322;7;0;2;2;1;1
202200008797;798 323;1;2;2;1;16;5
202200008798;798 321;7;0;2;4;2;1
202200008798;798 324;7;0;2;4;2;1
202200008798;798 325;7;0;2;1;2;1
202200008799;798 319;7;15;0;1;16;1
202200008800;798 318;33;0;2;1;2;1
202200008800;798 320;10;0;2;5;1;1
202200008801;798 316;43;0;0;7;26;1
202200008802;798 315;7;0;2;3;0;1
202200008802;798 317;30;0;2;7;0;1
202200008803;798 314;31;0;0;7;1;3
202200008804;798 312;7;0;0;5;11;1
202200008804;798 313;34;0;0;3;3;1
202200008805;798 309;7;0;2;3;14;1
202200008805;798 310;7;0;2;5;14;1
202200008805;798 311;7;0;2;1;2;1
202200008806;798 307;7;0;2;8;1;1
202200008806;798 308;7;0;2;3;1;2
202200008807;798 306;7;3;0;1;21;1
202200008808;798 304;7;0;2;3;1;0
202200008808;798 305;50;0;2;1;15;3
202200008809;798 302;17;0;2;2;13;1
202200008809;798 303;7;0;2;0;0;1
202200008810;798 300;10;9;0;2;13;1
202200008810;798 301;7;9;0;1;1;1
202200008811;798 297;7;0;2;1;1;1
202200008811;798 299;7;0;2;4;2;1
202200008812;798 296;60;0;2;7;9;5
202200008812;798 298;7;0;2;1;1;1
202200008813;798 293;7;0;0;4;2;1
202200008813;798 295;7;0;2;1;2;1
202200008814;798 292;7;0;2;3;0;1
202200008814;798 294;7;0;2;2;16;1
202200008815;798 288;33;0;2;4;0;1
202200008815;798 290;7;0;2;1;0;0
202200008816;798 289;10;0;2;1;2;1
202200008816;798 291;7;0;2;4;2;2
202200008817;798 286;33;0;2;1;1;1
202200008817;798 287;7;0;2;5;1;1
202200008818;798 284;7;0;2;4;1;1
202200008818;798 285;32;0;2;1;1;1
202200008819;798 283;7;1;0;2;14;1
202200008820;798 281;7;0;0;4;24;1
202200008820;798 282;99;1;0;1;2;0
202200008821;798 280;50;0;1;1;1;3
202200008822;798 278;32;0;2;8;17;1
202200008822;798 279;7;0;2;0;15;2
202200008823;798 277;7;0;1;2;15;2
202200008824;798 276;0;0;0;0;16;0
202200008825;798 273;1;0;2;4;1;5
202200008825;798 275;50;12;2;1;18;3
202200008826;798 272;50;0;2;1;1;3
202200008826;798 274;30;0;9;8;1;1
202200008827;798 271;7;0;1;3;0;1
202200008828;798 270;10;0;1;4;20;1
202200008829;798 269;7;3;0;3;12;1
202200008830;798 267;7;13;2;3;1;1
202200008830;798 268;7;0;2;3;19;1
202200008831;798 266;1;0;1;1;1;5
202200008832;798 263;32;0;2;1;17;1
202200008832;798 265;7;0;2;8;15;1
202200008833;798 262;7;0;2;7;15;1
202200008833;798 264;32;0;2;1;1;1
202200008834;798 260;14;0;2;1;0;1
202200008834;798 261;7;0;2;1;5;1
202200008835;798 259;2;0;1;0;1;0
202200008836;798 257;7;0;1;6;20;1
202200008837;798 256;30;0;2;1;1;3
202200008837;798 258;80;0;2;3;1;3
202200008838;798 254;1;0;1;1;1;5
202200008839;798 252;7;0;2;1;1;1
202200008839;798 255;33;0;2;7;1;1
202200008840;798 250;1;0;2;0;11;5
202200008840;798 253;30;1;2;1;1;3
202200008841;798 249;7;0;2;2;0;1
202200008841;798 251;50;0;2;3;11;3
202200008842;798 248;17;3;0;7;14;1
202200008843;798 244;7;0;2;1;1;1
202200008843;798 246;7;0;2;1;1;1
202200008844;798 243;7;0;2;1;2;1
202200008844;798 247;7;0;2;4;4;1
202200008845;798 241;7;0;1;1;1;1
202200008846;798 242;50;0;1;0;25;3
202200008847;798 237;13;0;2;3;1;1
202200008847;798 238;10;0;2;3;13;1
202200008848;798 239;7;0;2;7;15;1
202200008848;798 240;30;0;2;3;1;1