Num_Acc;id_vehicule;categorie_vehicule;obstacle_fixe;obstacle_mobile;point_choc_initial;manoeuvre_principale;motorisation
202200008849;798 235;30;0;2;1;1;1
202200008849;798 236;50;0;2;7;1;3
202200008850;798 233;10;0;2;8;1;1
202200008850;798 234;31;0;2;2;15;1
202200008851;798 232;7;0;1;1;26;1
202200008852;798 231;33;2;0;7;13;1
202200008853;798 230;50;0;1;1;1;3
202200008854;798 228;31;0;2;3;26;1
202200008854;798 229;10;0;2;3;26;1
202200008855;798 225;32;0;0;8;1;1
202200008856;798 226;7;0;2;2;16;1
202200008856;798 227;34;0;2;3;18;1
202200008857;798 218;7;0;2;3;22;1
202200008857;798 219;1;0;2;1;1;5
202200008858;798 216;1;0;2;5;1;5
202200008858;798 217;7;0;2;3;9;1
202200008859;798 214;30;0;2;3;13;1
202200008860;798 212;7;0;2;4;26;1
202200008860;798 213;7;0;2;4;26;2
202200008860;798 215;14;0;2;1;26;1
202200008861;798 209;34;0;2;1;1;1
202200008861;798 210;10;0;2;2;1;1
202200008862;798 208;43;0;2;1;1;1
202200008862;798 211;7;0;2;2;15;2
202200008863;798 205;7;0;0;4;1;1
202200008863;798 206;7;0;2;4;1;1
202200008863;798 207;7;0;2;1;1;1
202200008864;798 203;30;9;2;3;1;0
202200008864;798 204;1;0;2;6;11;5
202200008865;798 201;7;0;2;2;15;1
202200008865;798 202;32;0;2;7;1;1
202200008866;798 198;34;0;2;1;1;1
202200008866;798 199;7;0;2;3;15;1
202200008867;798 195;0;0;2;0;26;0
202200008867;798 196;7;0;2;3;1;1
202200008868;798 193;30;0;2;2;1;1
202200008868;798 194;7;0;2;3;11;1
202200008869;798 190;37;0;1;1;1;1
202200008870;798 186;7;0;1;7;15;1
202200008871;798 185;7;0;1;1;1;1
202200008872;798 183;7;0;2;3;16;1
202200008872;798 184;7;0;2;1;1;1
202200008873;798 181;7;0;1;3;1;1
202200008874;798 180;1;0;2;2;1;5
202200008874;798 182;7;12;2;3;9;1
202200008875;798 177;7;0;2;0;0;1
202200008875;798 179;7;0;2;0;0;1
202200008876;798 176;7;0;2;3;15;6
202200008876;798 178;30;0;2;1;0;6
202200008877;798 172;2;0;2;1;1;1
202200008877;798 174;7;0;2;1;19;1
202200008878;798 171;7;0;2;1;2;1
202200008878;798 173;7;0;2;1;2;1
202200008878;798 175;7;0;2;4;2;1
202200008879;798 168;33;0;2;1;17;1
202200008879;798 169;7;0;2;8;10;1
202200008880;798 167;7;0;2;3;1;1
202200008880;798 170;7;0;2;8;2;1
202200008881;798 165;50;0;2;8;19;3
202200008881;798 166;10;0;2;1;16;0
202200008882;798 162;7;0;2;4;2;2
202200008882;798 164;7;0;2;1;2;1
202200008883;798 161;7;0;2;0;17;1
202200008883;798 163;3;0;0;3;1;1
202200008884;798 159;1;0;2;1;1;5
202200008884;798 160;7;0;2;6;9;1
202200008885;798 158;7;;;;;
202200008886;798 156;2;0;2;4;2;1
202200008886;798 157;7;0;2;1;9;1
202200008887;798 155;7;0;1;1;1;1
202200008888;798 152;1;0;2;2;1;5
202200008888;798 153;1;0;2;1;9;5
202200008888;798 154;7;0;2;1;1;1
202200008889;798 151;7;0;1;1;2;2
202200008890;798 149;7;0;2;2;1;1
202200008890;798 150;7;0;2;6;2;1
202200008891;798 148;7;1;0;1;14;1
202200008892;798 146;7;0;2;1;15;1
202200008892;798 147;7;0;2;3;1;1
202200008893;798 144;33;0;2;1;1;1
202200008893;798 145;10;0;2;6;19;1
202200008894;798 141;7;0;1;1;1;1
202200008895;798 140;7;0;2;1;1;2
202200008895;798 142;7;0;2;1;1;1
202200008895;798 143;7;0;2;6;1;1
202200008896;798 138;1;0;2;4;2;5
202200008896;798 139;14;0;2;1;2;1
202200008897;798 136;10;0;2;3;1;1
202200008897;798 137;1;0;2;3;14;5
202200008898;798 133;37;0;2;3;1;1
202200008898;798 134;7;0;2;8;1;1
202200008898;798 135;7;0;2;4;15;1
202200008899;798 129;1;0;2;9;2;5
202200008899;798 131;7;0;2;2;17;1
202200008900;798 130;7;0;2;1;1;1
202200008900;798 132;7;0;2;8;16;1
202200008901;798 127;7;0;9;4;15;1
202200008901;798 128;1;0;2;1;1;5
202200008902;798 125;1;0;2;8;15;5
202200008902;798 126;34;0;2;3;21;1
202200008903;798 123;80;0;2;2;26;3
202200008903;798 124;7;0;2;2;9;1
202200008904;798 121;2;0;2;1;0;1
202200008904;798 122;7;0;2;2;9;1
202200008905;798 118;30;0;2;1;2;3
202200008905;798 119;7;0;2;1;2;1
202200008906;798 117;7;0;2;1;9;1
202200008906;798 120;7;0;2;7;1;1
202200008907;798 116;7;0;1;8;9;1
202200008908;798 113;7;0;2;5;16;1
202200008908;798 115;1;0;2;1;1;5
202200008909;798 112;7;0;2;2;15;1
202200008909;798 114;43;0;2;3;16;1
202200008910;798 110;33;3;2;4;2;1
202200008910;798 111;7;3;2;2;2;1
202200008911;798 108;7;0;2;1;1;1
202200008911;798 109;7;0;2;0;1;1
202200008912;798 105;10;0;2;1;0;1
202200008912;798 107;7;0;2;1;11;1
202200008913;798 103;7;0;2;1;16;1
202200008913;798 104;7;0;2;2;1;1
202200008913;798 106;7;0;2;1;1;1
202200008914;798 102;7;0;0;1;1;1
202200008915;798 100;7;0;2;3;13;1
202200008915;798 101;2;0;2;1;1;1
202200008916;798 097;37;0;2;4;2;1
202200008916;798 099;30;0;2;1;2;1
202200008917;798 096;1;0;2;8;1;5
202200008917;798 098;7;0;2;1;15;1
202200008918;798 093;7;0;2;1;19;1
202200008918;798 095;50;0;2;1;1;3
202200008919;798 092;7;0;2;8;1;1
202200008919;798 094;2;0;2;1;1;1
202200008920;798 091;1;0;0;0;1;5
202200008921;798 086;7;0;2;4;2;1
202200008921;798 088;7;0;2;4;2;1
202200008921;798 089;7;0;2;1;2;1
202200008922;798 085;7;0;2;1;1;1
202200008922;798 090;7;0;2;0;0;1
202200008923;798 084;17;0;2;1;1;1
202200008923;798 087;33;0;2;1;5;1
202200008924;798 081;10;0;1;0;5;1
202200008925;798 082;14;0;1;0;23;0
202200008926;798 080;7;0;2;1;13;1
202200008926;798 083;10;0;2;1;1;1
202200008927;798 076;7;0;2;2;1;1
202200008927;798 079;7;0;0;6;9;1
202200008928;798 074;31;0;2;1;2;1
202200008928;798 077;7;0;2;4;2;1
202200008929;798 075;2;0;2;1;1;0
202200008929;798 078;7;0;2;3;9;1
202200008930;798 072;7;2;0;1;13;1
202200008931;798 071;10;8;0;1;21;1
202200008932;798 070;7;0;2;1;2;1
202200008932;798 073;7;0;2;3;16;1
202200008933;798 068;10;0;2;3;1;1
202200008933;798 069;30;0;2;1;13;1
202200008934;798 066;1;14;0;0;26;5
202200008935;798 065;7;0;0;0;19;1
202200008935;798 067;7;0;0;0;1;1
202200008936;798 063;7;0;1;1;1;1
202200008937;798 062;7;0;2;1;1;1
202200008937;798 064;7;0;2;3;15;1
202200008938;798 059;50;0;2;1;1;3
202200008938;798 060;7;0;0;6;16;1
202200008939;798 057;14;0;2;1;15;1
202200008939;798 061;33;0;2;1;1;1
202200008940;798 055;10;0;2;1;1;1
202200008940;798 056;7;0;2;1;13;2
202200008941;798 054;7;0;2;1;1;1
202200008941;798 058;30;8;2;8;19;1
202200008942;798 052;7;0;2;3;15;1
202200008942;798 053;33;0;2;1;1;1
202200008943;798 051;7;0;1;2;1;1
202200008944;798 050;7;0;1;1;1;1
202200008945;798 048;33;16;0;0;17;1
202200008946;798 046;7;0;2;4;2;1
202200008946;798 047;7;0;2;4;2;1
202200008946;798 049;7;0;2;1;2;1
202200008947;798 041;7;0;2;4;2;1
202200008947;798 043;7;0;2;4;2;1
202200008947;798 044;7;0;2;1;2;1
202200008948;798 040;7;0;1;1;15;1
202200008948;798 045;7;0;2;3;1;1
202200008949;798 038;38;0;1;7;1;1
202200008950;798 037;7;0;2;3;15;1
202200008950;798 039;33;0;2;1;1;1
202200008951;798 036;7;0;1;1;1;1
202200008952;798 035;33;0;0;0;1;1
202200008953;798 032;38;0;2;3;0;1
202200008953;798 034;33;0;2;1;1;1
202200008954;798 030;2;0;2;1;1;1
202200008954;798 033;7;0;2;1;9;1
202200008955;798 026;7;0;0;4;1;1
202200008955;798 027;7;0;2;4;1;3
202200008955;798 029;7;0;2;4;1;2
202200008955;798 031;13;0;2;1;1;1
202200008956;798 024;7;0;2;1;9;1
202200008956;798 025;1;0;2;4;1;5
202200008957;798 022;33;0;0;9;1;1
202200008958;798 023;7;13;0;8;2;1
202200008959;798 018;7;13;0;2;1;1
202200008960;798 016;7;0;2;1;1;1
202200008960;798 019;7;0;2;6;1;1
202200008960;798 020;7;0;2;1;1;1
202200008961;798 017;7;0;2;1;1;1
202200008961;798 021;7;0;2;3;15;1
202200008962;798 014;7;0;1;2;17;1
202200008963;798 015;10;13;0;3;1;1
202200008964;798 011;7;0;1;1;1;1
202200008965;798 009;7;0;9;3;9;1
202200008965;798 012;50;0;2;1;1;3
202200008966;798 005;1;0;2;1;19;5
202200008966;798 007;7;0;9;1;1;1
202200008967;798 006;7;0;0;0;1;1
202200008968;798 008;14;0;2;1;1;1
202200008968;798 010;37;0;2;4;1;1
202200008968;798 013;7;0;0;0;0;1
202200008969;797 999;32;0;2;1;1;1
202200008969;798 003;7;0;2;2;15;1
202200008970;797 998;7;0;2;7;1;1
202200008970;798 000;7;0;2;1;1;1
202200008970;798 002;7;0;2;4;1;1
202200008970;798 004;7;3;0;3;1;1
202200008971;797 997;0;0;2;1;14;0
202200008971;798 001;33;0;2;4;1;1
202200008972;797 992;10;0;2;1;2;1
202200008972;797 993;7;0;2;6;2;1
202200008972;797 996;17;0;0;0;2;1
202200008973;797 991;30;0;2;2;1;1
202200008973;797 995;32;0;2;1;1;1
202200008974;797 988;7;0;2;1;0;1
202200008974;797 990;7;3;0;0;0;1
202200008975;797 985;7;4;0;1;0;1
202200008976;797 986;33;0;0;7;0;1
202200008977;797 989;7;15;0;1;1;1
202200008978;797 984;7;4;0;9;0;1
202200008979;797 987;7;0;2;2;6;1
202200008979;797 994;7;0;2;3;21;1
202200008980;797 982;33;4;0;3;1;1
202200008981;797 981;3;0;2;1;2;1
202200008981;797 983;7;1;0;4;2;1
202200008982;797 980;7;0;1;1;1;1
202200008983;797 979;33;0;0;5;26;1
202200008984;797 977;37;0;1;2;7;1
202200008985;797 976;7;0;2;1;15;1
202200008985;797 978;1;0;2;1;1;5
202200008986;797 972;7;0;2;4;1;1
202200008986;797 975;7;0;2;1;1;1
202200008987;797 969;7;0;2;8;19;1
202200008987;797 973;10;0;2;1;1;1
202200008988;797 970;7;0;2;1;2;1
202200008988;797 974;7;0;0;4;1;1
202200008989;797 968;31;5;0;2;1;1
202200008990;797 971;7;0;0;9;1;1
202200008991;797 963;7;0;1;6;1;1
202200008991;797 966;7;0;2;2;13;1
202200008992;797 962;2;0;2;6;23;1
202200008992;797 965;7;0;2;1;1;1
202200008993;797 964;50;0;2;8;19;3
202200008993;797 967;7;0;2;1;1;1
202200008994;797 959;7;1;0;1;19;1
202200008995;797 957;7;8;2;7;15;1
202200008995;797 960;7;0;2;1;1;1
202200008996;797 954;7;0;1;1;1;1
202200008997;797 955;10;0;2;4;26;1
202200008997;797 961;1;0;0;0;0;5
202200008998;797 951;7;0;2;5;2;1
202200008998;797 956;7;0;2;4;2;1
202200008998;797 958;7;0;2;1;2;1
202200008999;797 950;7;0;2;1;0;1
202200008999;797 953;33;0;2;1;13;1
202200009000;797 942;7;0;2;1;15;1
202200009000;797 947;80;0;2;1;1;3
202200009001;797 941;7;0;2;1;1;1
202200009001;797 945;7;4;2;7;1;1
202200009002;797 943;7;0;2;7;15;1
202200009002;797 948;33;0;2;1;17;1
202200009003;797 940;7;4;2;2;1;1
202200009003;797 946;7;0;2;6;1;1
202200009004;797 939;33;0;2;1;0;1
202200009004;797 944;7;0;0;4;17;1
202200009005;797 935;7;0;1;7;1;1
202200009006;797 934;7;12;0;1;9;1
202200009007;797 932;7;0;2;1;1;1
202200009007;797 937;7;0;2;1;5;1
202200009008;797 931;7;0;2;2;2;1
202200009008;797 936;1;0;2;0;0;5
202200009009;797 930;7;0;2;1;13;1
202200009009;797 933;7;0;2;3;1;1
202200009009;797 938;7;0;2;1;1;1
202200009010;797 928;7;0;1;1;1;1
202200009011;797 929;7;6;0;9;0;1
202200009012;797 926;30;0;2;0;21;1
202200009013;797 925;31;0;2;1;2;1
202200009013;797 927;7;0;2;5;15;1
202200009014;797 923;7;1;0;1;1;1
202200009015;797 924;7;0;1;2;0;0
202200009016;797 922;7;15;0;1;21;1
202200009017;797 920;10;0;2;1;2;1
202200009017;797 921;3;0;2;4;20;1
202200009018;797 919;33;0;1;2;1;1
202200009019;797 918;7;6;0;1;13;1
202200009020;797 917;33;13;0;1;0;1
202200009021;797 912;7;8;0;2;1;1
202200009022;797 914;10;0;1;1;15;3
202200009023;797 910;7;0;2;1;2;1
202200009023;797 913;7;0;2;4;1;1
202200009023;797 916;7;0;2;4;2;1
202200009024;797 909;7;0;2;8;16;1
202200009024;797 915;1;0;2;7;19;5
202200009025;797 905;2;0;2;4;2;1
202200009025;797 907;10;0;2;2;2;1
202200009026;797 903;7;0;2;1;1;1
202200009026;797 908;7;0;2;1;26;1
202200009027;797 900;7;0;2;3;13;1
202200009027;797 904;7;0;2;1;1;1
202200009028;797 899;1;0;2;7;1;5
202200009028;797 901;7;0;2;1;16;1
202200009029;797 898;1;0;0;8;1;5
202200009030;797 895;7;0;1;1;1;1
202200009031;797 894;7;1;0;3;1;1
202200009031;797 897;10;1;0;3;1;0
202200009032;797 893;7;0;1;2;15;1
202200009033;797 888;7;3;0;3;13;1
202200009034;797 889;7;0;0;3;0;1
202200009034;797 892;7;0;2;5;15;1
202200009034;797 896;7;0;2;3;1;1
202200009035;797 884;7;0;2;3;23;1
202200009035;797 887;7;0;2;1;1;1
202200009035;797 890;7;0;2;1;15;1
202200009036;797 882;7;0;2;4;2;1
202200009036;797 886;7;0;2;1;0;1
202200009037;797 881;7;0;2;8;22;2
202200009037;797 885;32;0;2;7;1;1
202200009038;797 877;7;6;0;3;1;1
202200009039;797 878;7;0;2;2;16;1
202200009039;797 879;30;0;2;8;1;1
202200009040;797 876;7;2;0;5;1;1
202200009041;797 874;7;0;1;2;1;1
202200009042;797 875;80;0;0;0;1;3
202200009043;797 871;7;0;2;8;1;2
202200009044;797 868;14;0;2;8;1;1
202200009044;797 870;15;0;2;1;14;1
202200009044;797 873;7;0;2;1;13;1
202200009045;797 869;1;0;2;8;1;5
202200009045;797 872;7;0;2;7;17;1
202200009046;797 866;7;0;1;0;0;0
202200009047;797 863;10;0;2;3;13;1
202200009047;797 867;1;0;2;0;1;5
202200009048;797 861;15;0;2;5;9;0
202200009048;797 864;30;0;2;8;1;1
202200009049;797 860;31;0;1;1;1;1
202200009050;797 858;7;0;1;3;1;1
202200009051;797 857;7;0;2;1;2;1
202200009051;797 859;7;0;2;3;2;1
202200009051;797 862;10;0;2;5;2;1
202200009051;797 865;7;0;2;5;2;1
202200009052;797 855;7;8;0;1;1;1
202200009053;797 856;50;0;0;0;1;3
202200009054;797 852;7;0;2;1;2;0
202200009054;797 854;7;0;2;3;23;1
202200009055;797 851;7;6;0;1;1;1
202200009056;797 850;32;14;0;2;17;1
202200009056;797 853;7;0;2;4;23;1
202200009057;797 849;7;6;0;1;1;1
202200009058;797 847;7;0;2;3;10;2
202200009058;797 848;1;0;2;3;1;5
202200009059;797 845;7;0;1;1;1;1
202200009060;797 841;7;0;2;6;1;1
202200009060;797 844;15;0;2;2;12;1
202200009061;797 840;7;0;2;1;9;1
202200009061;797 843;7;0;2;9;1;1
202200009062;797 835;7;0;2;1;0;0
202200009062;797 838;7;0;2;4;2;1
202200009063;797 832;7;0;2;1;2;1
202200009063;797 836;7;0;2;4;2;2
202200009063;797 839;7;0;2;1;2;1
202200009063;797 842;7;0;2;1;2;1
202200009063;797 846;10;0;2;0;0;0
202200009064;797 834;34;0;2;1;1;1
202200009064;797 837;50;0;2;8;19;3
202200009065;797 829;7;0;2;4;2;1
202200009065;797 833;7;0;2;1;2;1
202200009066;797 830;7;0;2;0;0;1
202200009066;797 831;7;0;2;1;1;1
202200009067;797 828;7;0;1;2;2;1
202200009068;797 826;32;14;0;0;3;1
202200009069;797 825;7;3;0;1;1;1
202200009070;797 822;7;0;2;0;26;0
202200009071;797 823;50;0;2;1;17;3
202200009071;797 827;1;0;2;6;13;5
202200009072;797 816;7;0;2;1;2;1
202200009072;797 819;7;0;2;4;2;2
202200009073;797 813;14;0;2;1;1;1
202200009073;797 818;7;0;2;8;1;1
202200009073;797 820;17;0;2;8;12;1
202200009074;797 815;7;0;2;3;1;1
202200009074;797 817;7;0;2;6;19;1
202200009075;797 810;7;0;2;2;1;1
202200009075;797 812;99;0;2;0;0;0
202200009076;797 809;10;0;2;1;1;1
202200009077;797 806;7;0;2;1;0;1
202200009077;797 808;10;0;2;1;0;1
202200009078;797 811;10;0;2;8;22;1
202200009078;797 814;80;0;2;1;1;3
202200009079;797 805;7;0;2;3;0;3
202200009079;797 807;7;0;2;3;13;1
202200009080;797 802;30;0;2;4;2;1
202200009080;797 803;7;0;2;0;0;1
202200009081;797 800;7;0;2;1;2;2
202200009081;797 804;10;0;2;4;2;1
202200009082;797 799;7;0;2;4;23;2
202200009082;797 801;7;0;2;1;26;1
202200009083;797 798;7;1;0;2;1;1
202200009084;797 796;7;0;1;2;1;1
202200009085;797 792;7;0;2;4;1;1
202200009085;797 793;7;0;2;9;1;1
202200009085;797 797;10;0;2;1;1;1
202200009086;797 790;7;0;2;4;1;1
202200009086;797 795;7;0;2;1;12;1
202200009087;797 789;7;0;1;3;15;1
202200009088;797 788;7;0;1;1;1;1
202200009089;797 791;32;0;2;2;1;1
202200009089;797 794;1;0;2;6;11;5
202200009090;797 786;31;12;0;1;1;1
202200009091;797 785;33;0;2;8;1;1
202200009091;797 787;7;0;2;0;0;1
202200009092;797 780;2;0;2;1;1;1
202200009092;797 784;7;0;2;0;0;1
202200009093;797 781;34;0;2;7;2;1
202200009093;797 783;7;0;2;6;2;1
202200009094;797 779;0;0;1;0;0;6
202200009095;797 778;7;0;0;1;0;1
202200009096;797 777;80;0;2;7;1;3
202200009096;797 782;7;0;2;1;1;1
202200009097;797 776;3;8;9;1;0;3
202200009098;797 774;7;3;0;1;0;1
202200009099;797 772;7;8;0;3;9;1
202200009100;797 771;7;0;2;7;12;1
202200009100;797 775;33;0;2;3;26;1
202200009101;797 770;33;0;2;1;1;1
202200009101;797 773;50;0;2;3;1;3
202200009102;797 769;7;0;1;2;1;1
202200009103;797 766;17;0;2;5;23;1
202200009103;797 768;10;0;2;2;1;1
202200009104;797 765;7;0;2;3;11;1
202200009104;797 767;33;0;2;1;3;1
202200009105;797 764;7;0;1;2;1;2
202200009106;797 761;7;0;2;1;1;1
202200009106;797 763;50;0;2;1;1;3
202200009107;797 760;34;0;2;1;1;1
202200009107;797 762;7;0;2;2;10;1
202200009108;797 758;7;0;1;1;1;1
202200009109;797 756;33;0;2;7;3;1
202200009109;797 759;7;0;2;8;11;1
202200009110;797 757;7;0;1;1;1;1
202200009111;797 754;10;0;2;1;1;1
202200009111;797 755;7;0;2;1;1;1
202200009112;797 751;7;0;1;4;4;3
202200009113;797 749;10;0;2;4;2;1
202200009113;797 752;10;0;2;4;2;1
202200009114;797 753;1;0;1;8;1;5
202200009115;797 743;7;0;2;2;1;1
202200009115;797 748;7;0;2;3;16;1
202200009116;797 746;7;8;2;7;1;1
202200009116;797 750;7;0;2;3;9;1
202200009117;797 740;7;0;1;4;0;1
202200009117;797 747;7;0;2;1;0;1
202200009118;797 739;7;0;2;4;23;1
202200009118;797 742;7;14;0;1;1;1
202200009118;797 745;7;0;2;1;1;1
202200009119;797 741;7;0;2;4;2;0
202200009119;797 744;1;0;2;1;2;5
202200009120;797 735;7;0;2;2;1;1
202200009120;797 738;80;0;2;7;19;3
202200009121;797 733;7;0;2;3;13;1
202200009121;797 737;7;0;2;0;0;1
202200009122;797 731;33;0;2;2;17;1
202200009122;797 734;7;0;2;3;1;1
202200009123;797 728;80;0;2;5;1;3
202200009123;797 732;1;0;2;1;1;5
202200009124;797 729;7;1;1;2;20;1
202200009125;797 730;7;0;2;3;15;1
202200009125;797 736;7;0;2;1;1;1
202200009126;797 726;2;6;0;1;14;1
202200009127;797 724;7;0;2;1;1;1
202200009127;797 727;33;0;2;1;13;1
202200009128;797 725;30;0;0;7;21;1
202200009129;797 722;30;0;1;2;19;1
202200009130;797 721;1;0;0;0;26;5
202200009131;797 720;2;0;2;1;1;1
202200009131;797 723;7;0;2;2;15;1
202200009132;797 715;7;0;2;8;11;1
202200009132;797 719;33;0;2;2;3;1
202200009133;797 714;30;0;2;1;0;0
202200009133;797 718;1;0;2;0;0;5
202200009134;797 710;7;0;2;1;1;1
202200009134;797 713;7;0;2;4;11;1
202200009134;797 716;7;0;2;4;11;1
202200009135;797 709;7;0;2;7;17;1
202200009135;797 712;37;0;2;1;1;1
202200009136;797 711;7;0;2;4;0;1
202200009136;797 717;7;0;2;2;0;1
202200009137;797 708;2;0;0;0;1;1
202200009138;797 707;7;0;1;1;1;0
202200009139;797 706;37;0;1;2;1;6
202200009140;797 703;7;0;2;2;2;1
202200009140;797 705;1;0;2;4;1;5
202200009141;797 702;30;14;0;0;2;1
202200009142;797 699;30;0;1;3;1;1
202200009143;797 697;7;0;2;1;0;1
202200009143;797 701;7;0;2;4;26;1
202200009143;797 704;7;0;2;4;0;1
202200009144;797 698;10;0;2;2;2;1
202200009144;797 700;1;0;2;4;2;5
202200009145;797 695;7;0;2;4;1;1
202200009145;797 696;7;0;2;1;1;1
202200009146;797 694;7;0;1;0;15;1
202200009147;797 691;1;1;0;1;1;5
202200009147;797 693;7;0;2;8;24;1
202200009148;797 687;7;0;2;8;1;1
202200009148;797 688;50;0;2;1;1;3
202200009149;797 686;7;0;2;7;9;1
202200009149;797 689;50;0;2;0;1;3
202200009150;797 685;7;0;2;2;15;2
202200009150;797 690;1;0;2;3;1;5
202200009151;797 682;7;8;0;1;20;1
202200009152;797 683;80;0;1;1;25;3
202200009153;797 681;1;0;1;1;1;5
202200009154;797 680;33;0;2;1;1;1
202200009154;797 684;7;0;2;8;0;1
202200009155;797 676;7;0;2;7;1;1
202200009155;797 679;30;0;2;8;1;3
202200009156;797 673;7;0;2;6;2;1
202200009156;797 675;7;0;2;1;2;1
202200009157;797 672;7;0;2;3;9;1
202200009157;797 678;33;0;2;5;1;1
202200009158;797 671;7;0;2;5;23;1
202200009158;797 674;50;0;2;1;13;3
202200009159;797 670;1;0;0;5;1;5
202200009159;797 677;7;0;0;0;0;0
202200009160;797 664;7;12;0;9;1;1
202200009161;797 666;33;0;2;4;2;1
202200009161;797 669;32;0;2;1;2;1
202200009162;797 662;7;0;2;5;23;1
202200009162;797 667;30;1;2;3;2;1
202200009163;797 661;30;0;2;7;1;1
202200009163;797 665;7;1;2;1;1;1
202200009164;797 659;7;0;1;1;1;1
202200009165;797 656;30;0;2;1;2;1
202200009165;797 658;7;0;2;4;2;0
202200009166;797 653;7;8;2;2;0;1
202200009166;797 660;7;0;2;1;0;1
202200009167;797 652;7;0;2;8;15;1
202200009167;797 654;33;0;2;2;17;1
202200009168;797 655;33;0;2;4;2;1
202200009168;797 657;7;0;2;1;2;1
202200009169;797 649;2;0;2;1;1;1
202200009169;797 651;7;0;2;7;15;1
202200009170;797 650;7;0;2;3;1;1
202200009171;797 647;10;0;1;5;4;1
202200009172;797 648;7;8;0;2;11;1
202200009173;797 645;1;0;2;4;7;0
202200009173;797 646;7;0;2;2;7;1
202200009174;797 642;10;0;1;1;1;1
202200009175;797 640;7;0;2;2;9;1
202200009175;797 643;1;0;2;1;25;5
202200009176;797 639;7;9;0;4;23;1
202200009176;797 644;7;9;2;1;2;1
202200009177;797 638;50;0;2;1;1;3
202200009177;797 641;7;0;2;3;1;1
202200009178;797 636;7;0;1;1;1;1
202200009179;797 635;34;0;0;0;21;1
202200009180;797 637;10;0;1;2;15;1
202200009181;797 632;7;4;0;0;15;1
202200009182;797 629;0;;;;;
202200009182;797 630;0;;;;;
202200009182;797 633;0;;;;;
202200009182;797 634;7;0;2;9;1;1
202200009183;797 628;7;0;2;1;1;1
202200009183;797 631;7;0;2;8;15;1
202200009184;797 625;31;0;2;1;1;1
202200009184;797 627;7;0;2;1;15;1
202200009185;797 621;1;0;2;0;1;5
202200009185;797 623;7;0;2;3;2;0
202200009186;797 619;7;0;2;4;1;1
202200009186;797 622;7;0;2;4;1;1
202200009186;797 624;7;0;2;1;1;1
202200009187;797 620;7;0;1;1;9;1
202200009188;797 626;10;0;0;0;1;1
202200009189;797 618;7;0;0;0;14;1
202200009190;797 616;7;0;1;1;1;1
202200009191;797 613;7;0;0;0;0;0
202200009191;797 615;50;0;9;0;1;3
202200009192;797 612;1;0;2;1;1;5
202200009192;797 614;7;0;2;5;10;1
202200009193;797 611;7;0;2;1;1;1
202200009193;797 617;7;0;2;1;1;1
202200009194;797 606;33;1;1;1;26;1
202200009194;797 609;7;0;2;0;23;1
202200009194;797 610;7;0;2;6;23;1
202200009195;797 605;10;0;1;2;1;1
202200009196;797 602;7;0;1;8;18;3
202200009197;797 604;7;0;2;2;17;1
202200009197;797 608;13;0;2;6;16;6
202200009198;797 597;7;0;2;2;12;1
202200009198;797 600;7;0;2;6;23;1
202200009198;797 603;7;0;2;6;23;1
202200009198;797 607;7;0;2;2;26;1
202200009199;797 593;7;9;0;3;1;1
202200009200;797 590;7;0;9;7;1;1
202200009200;797 595;50;0;2;7;1;3
202200009201;797 592;50;0;2;1;1;3
202200009201;797 596;7;0;2;1;1;1
202200009202;797 591;7;0;2;3;15;1
202200009202;797 594;33;0;2;2;2;1
202200009203;797 587;30;0;2;1;1;1
202200009203;797 589;7;0;2;2;15;1
202200009204;797 584;30;0;1;1;1;1
202200009205;797 582;30;0;2;3;1;1
202200009205;797 586;1;0;2;5;15;5
202200009206;797 581;1;0;2;1;1;5
202200009206;797 585;7;0;2;3;15;1
202200009207;797 579;7;0;2;8;26;6
202200009207;797 583;7;14;2;2;17;1
202200009207;797 588;7;0;2;8;26;6
202200009208;797 578;33;0;2;7;1;1
202200009208;797 580;7;0;2;1;1;1
202200009209;797 576;7;11;0;3;1;1
202200009210;797 573;34;0;2;7;1;1
202200009210;797 577;7;1;2;1;26;2
202200009211;797 572;10;0;2;3;15;1
202200009211;797 575;7;0;2;2;1;1
202200009212;797 574;50;0;1;1;25;3
202200009213;797 568;7;0;2;1;15;1
202200009213;797 570;1;0;2;8;1;5
202200009214;797 563;7;0;2;1;1;1
202200009214;797 567;33;0;2;4;1;1
202200009214;797 569;7;0;2;4;1;1
202200009215;797 560;1;0;2;7;1;5
202200009215;797 566;7;0;2;1;1;1
202200009216;797 562;1;12;2;1;1;5
202200009216;797 565;50;0;2;1;13;3
202200009217;797 561;7;0;2;7;10;1
202200009217;797 564;2;0;2;1;1;1
202200009218;797 558;33;0;1;1;1;1
202200009219;797 557;7;12;0;2;1;1
202200009220;797 555;33;0;2;2;26;1
202200009220;797 559;10;1;0;0;0;1
202200009221;797 553;7;0;2;0;17;1
202200009221;797 556;1;0;2;8;7;5
202200009222;797 550;7;0;1;2;1;1
202200009223;797 552;14;0;2;2;15;1
202200009223;797 554;33;0;2;1;1;1
202200009224;797 549;10;9;0;1;1;1
202200009225;797 548;7;0;2;7;23;1
202200009225;797 551;1;0;2;3;1;5
202200009226;797 547;1;12;0;7;13;5
202200009227;797 546;7;0;1;2;1;1
202200009228;797 545;43;8;0;1;14;1
202200009229;797 543;14;0;2;7;16;1
202200009229;797 544;30;15;2;8;18;1
202200009230;797 542;50;0;1;1;5;3
202200009231;797 538;3;0;1;0;1;1
202200009232;797 537;14;0;2;3;20;1
202200009232;797 540;32;0;2;1;1;1
202200009233;797 539;34;0;2;1;1;0
202200009233;797 541;7;0;2;4;23;1
202200009234;797 531;7;0;2;7;15;0
202200009234;797 535;1;0;2;8;1;5
202200009235;797 532;10;0;1;0;1;1
202200009236;797 530;7;0;2;1;13;6
202200009236;797 534;7;0;2;1;21;1