Num_Acc;id_vehicule;categorie_vehicule;obstacle_fixe;obstacle_mobile;point_choc_initial;manoeuvre_principale;motorisation
202200009236;797 536;32;0;2;1;23;1
202200009237;797 528;10;0;2;1;2;1
202200009237;797 529;7;0;2;4;2;1
202200009238;797 527;7;0;2;2;1;1
202200009238;797 533;7;0;2;3;1;1
202200009239;797 526;7;14;0;3;26;3
202200009240;797 524;7;0;2;1;9;1
202200009241;797 523;7;0;2;2;15;1
202200009241;797 525;1;0;2;1;1;5
202200009242;797 517;7;0;2;2;1;1
202200009242;797 521;99;0;2;1;9;1
202200009243;797 516;15;0;2;1;1;1
202200009243;797 520;33;0;2;4;1;1
202200009244;797 514;7;0;2;1;9;1
202200009244;797 519;50;0;2;7;1;3
202200009245;797 513;7;0;2;1;1;1
202200009245;797 515;7;0;2;3;1;1
202200009246;797 508;31;0;2;2;0;1
202200009246;797 511;7;0;2;3;2;1
202200009247;797 506;10;0;2;4;1;1
202200009247;797 509;1;0;2;1;1;5
202200009248;797 504;7;13;0;2;14;1
202200009249;797 505;33;0;2;1;11;1
202200009249;797 507;10;0;2;4;11;1
202200009250;797 500;7;0;2;2;16;1
202200009250;797 502;1;0;2;2;19;5
202200009251;797 495;7;0;2;3;1;1
202200009251;797 499;33;0;2;0;13;1
202200009252;797 496;7;0;2;7;15;1
202200009252;797 501;33;0;2;1;1;1
202200009253;797 494;7;0;2;1;2;1
202200009253;797 497;7;0;2;4;2;1
202200009254;797 491;7;0;1;4;4;1
202200009255;797 492;2;0;2;0;3;1
202200009255;797 493;7;0;2;3;2;1
202200009256;797 490;7;0;1;1;1;2
202200009257;797 489;7;0;1;1;1;1
202200009258;797 487;10;4;0;7;16;1
202200009259;797 483;7;0;2;4;0;1
202200009259;797 486;7;0;2;1;0;1
202200009260;797 484;31;0;0;8;1;1
202200009260;797 488;7;0;0;0;19;1
202200009261;797 481;7;0;2;3;13;1
202200009261;797 485;7;0;2;1;16;1
202200009262;797 480;32;0;2;1;18;1
202200009262;797 482;7;0;2;5;16;1
202200009263;797 477;7;0;2;4;23;1
202200009263;797 479;7;0;2;2;2;1
202200009264;797 475;7;0;2;1;1;1
202200009264;797 478;7;0;2;1;15;1
202200009265;797 474;7;13;0;9;1;1
202200009266;797 473;33;0;2;1;2;1
202200009266;797 476;33;0;0;1;2;1
202200009267;797 471;7;0;2;1;1;1
202200009267;797 472;1;0;2;8;19;5
202200009268;797 467;10;0;1;8;26;1
202200009269;797 466;10;0;2;6;1;1
202200009269;797 469;32;0;2;7;17;1
202200009270;797 465;33;0;2;1;1;1
202200009270;797 468;10;0;2;4;1;1
202200009271;797 463;50;0;2;7;1;3
202200009271;797 470;7;0;2;0;0;1
202200009272;797 462;80;0;2;1;7;3
202200009272;797 464;7;0;2;2;19;1
202200009273;797 459;32;0;0;3;1;3
202200009274;797 455;7;0;2;3;1;1
202200009274;797 458;7;0;2;4;4;1
202200009275;797 454;33;0;2;7;17;1
202200009275;797 460;7;0;2;8;1;1
202200009276;797 453;7;0;2;8;1;1
202200009276;797 457;7;0;2;1;1;2
202200009276;797 461;7;0;2;1;17;1
202200009277;797 451;7;0;2;3;1;1
202200009277;797 456;10;0;2;5;15;1
202200009278;797 450;7;0;2;8;22;1
202200009278;797 452;50;1;0;1;1;3
202200009279;797 446;3;1;0;2;14;1
202200009280;797 442;7;0;2;4;1;1
202200009280;797 449;14;0;2;1;1;1
202200009281;797 445;32;0;2;3;1;1
202200009281;797 447;7;0;2;8;15;1
202200009282;797 441;7;0;2;6;15;1
202200009282;797 443;30;0;2;1;2;1
202200009283;797 444;7;0;2;1;1;1
202200009283;797 448;7;0;2;0;1;1
202200009284;797 439;2;0;1;1;1;3
202200009285;797 435;7;0;2;0;1;1
202200009285;797 440;1;0;2;0;1;5
202200009286;797 437;7;0;1;1;15;1
202200009287;797 434;50;0;0;4;2;3
202200009287;797 438;2;0;2;2;2;1
202200009288;797 432;7;0;2;4;4;1
202200009288;797 436;2;0;2;1;23;1
202200009289;797 427;7;1;2;8;0;1
202200009289;797 431;34;0;2;7;13;1
202200009289;797 433;7;0;2;1;9;1
202200009290;797 424;33;0;2;1;1;1
202200009290;797 430;7;0;2;0;0;1
202200009291;797 422;7;0;2;3;1;1
202200009291;797 426;1;0;0;4;1;5
202200009292;797 423;7;0;2;4;23;1
202200009292;797 429;7;0;2;1;2;1
202200009293;797 425;32;0;2;1;3;1
202200009293;797 428;7;0;2;5;1;1
202200009294;797 420;7;8;0;1;14;1
202200009295;797 419;30;0;0;0;14;3
202200009296;797 417;7;0;2;3;24;1
202200009296;797 421;50;1;0;1;1;3
202200009297;797 414;7;0;2;3;16;1
202200009297;797 418;2;0;2;8;1;1
202200009298;797 411;2;0;0;0;1;1
202200009299;797 412;7;4;2;8;1;1
202200009299;797 416;15;0;2;2;12;1
202200009300;797 410;10;0;2;2;1;1
202200009300;797 415;10;0;2;1;1;1
202200009301;797 409;7;0;2;1;16;3
202200009301;797 413;2;0;2;1;1;1
202200009302;797 404;10;0;2;7;14;1
202200009302;797 406;33;9;2;1;18;1
202200009303;797 403;10;0;2;1;2;1
202200009303;797 407;7;0;2;4;2;2
202200009304;797 401;7;0;2;9;5;1
202200009304;797 408;7;0;2;1;15;1
202200009305;797 402;2;1;2;3;1;1
202200009305;797 405;7;1;0;1;15;3
202200009306;797 400;7;0;1;4;4;1
202200009307;797 395;7;9;2;1;1;1
202200009307;797 399;7;9;2;4;1;1
202200009308;797 394;7;0;2;1;2;1
202200009308;797 398;7;0;2;4;2;1
202200009309;797 393;7;0;9;8;22;1
202200009309;797 397;1;1;0;1;1;5
202200009310;797 392;7;0;2;1;10;1
202200009310;797 396;30;0;2;0;0;1
202200009311;797 389;1;0;2;1;1;5
202200009311;797 391;15;0;2;3;22;1
202200009312;797 386;37;0;2;6;1;1
202200009312;797 390;50;9;2;1;1;3
202200009313;797 384;33;0;2;1;2;1
202200009313;797 388;7;0;2;4;11;1
202200009314;797 382;10;0;2;3;1;1
202200009314;797 387;50;0;2;7;1;3
202200009315;797 383;33;0;0;6;2;1
202200009315;797 385;30;0;0;6;2;1
202200009316;797 380;7;0;9;3;1;1
202200009316;797 381;1;0;2;1;5;5
202200009317;797 376;7;0;0;2;15;1
202200009317;797 379;31;0;2;1;1;1
202200009318;797 375;43;0;2;1;21;1
202200009318;797 377;7;0;9;3;15;1
202200009319;797 374;7;0;1;1;20;1
202200009320;797 373;7;0;2;1;1;1
202200009320;797 378;10;0;2;4;11;1
202200009321;797 371;7;0;2;8;1;1
202200009321;797 372;32;0;2;1;1;1
202200009322;797 367;7;0;1;2;1;1
202200009323;797 366;7;0;2;1;2;1
202200009323;797 369;7;0;0;4;2;1
202200009324;797 365;10;0;2;7;12;1
202200009324;797 368;34;0;2;1;3;1
202200009325;797 362;10;0;2;1;2;1
202200009325;797 364;7;0;0;4;15;1
202200009326;797 360;7;0;2;5;23;1
202200009326;797 363;50;0;2;1;1;3
202200009327;797 359;7;4;0;3;13;1
202200009328;797 358;33;0;2;8;3;1
202200009329;797 357;30;0;2;1;1;1
202200009329;797 361;10;0;2;8;19;1
202200009330;797 356;30;0;0;8;1;3
202200009331;797 353;7;0;2;3;9;1
202200009331;797 354;50;0;2;2;1;3
202200009332;797 350;1;0;0;7;1;5
202200009332;797 355;7;0;2;1;15;1
202200009333;797 348;33;0;2;1;21;1
202200009333;797 351;7;0;2;1;19;2
202200009334;797 349;32;0;2;1;3;1
202200009334;797 352;7;0;2;3;11;1
202200009335;797 345;7;0;2;3;22;1
202200009335;797 347;80;0;2;2;1;3
202200009336;797 346;7;0;9;1;26;2
202200009337;797 343;7;13;2;5;13;1
202200009337;797 344;7;13;0;2;21;0
202200009338;797 341;10;0;2;6;2;1
202200009338;797 342;33;0;2;1;2;1
202200009339;797 339;10;1;0;2;2;1
202200009340;797 337;3;7;0;3;13;1
202200009341;797 336;7;0;2;1;1;1
202200009341;797 340;2;0;2;5;1;1
202200009342;797 335;7;0;2;3;11;1
202200009342;797 338;2;0;2;2;17;1
202200009343;797 330;7;0;2;2;1;0
202200009343;797 333;33;0;2;1;2;1
202200009344;797 324;10;0;2;3;13;1
202200009344;797 326;7;0;2;1;2;1
202200009344;797 329;7;0;2;3;1;1
202200009345;797 327;7;0;2;4;2;2
202200009345;797 331;7;0;2;4;2;1
202200009345;797 334;10;0;2;1;2;1
202200009346;797 319;7;0;0;1;2;1
202200009347;797 317;7;15;0;3;1;1
202200009348;797 321;37;0;2;2;1;1
202200009348;797 328;7;0;2;3;1;1
202200009349;797 318;33;0;0;9;1;1
202200009350;797 320;7;0;2;2;17;1
202200009350;797 323;7;0;2;3;23;1
202200009350;797 325;7;0;2;6;23;0
202200009350;797 332;7;0;2;5;0;1
202200009351;797 316;7;0;2;2;1;1
202200009351;797 322;1;0;0;4;1;5
202200009352;797 315;7;0;0;0;1;1
202200009353;797 313;7;3;0;7;1;1
202200009354;797 308;7;0;2;8;15;1
202200009354;797 312;7;0;2;2;17;1
202200009355;797 310;1;0;2;7;0;5
202200009355;797 314;7;0;2;3;1;1
202200009356;797 307;7;2;0;1;1;1
202200009357;797 306;10;15;2;7;1;1
202200009357;797 311;10;0;2;1;1;1
202200009358;797 305;31;0;2;1;1;1
202200009358;797 309;10;0;2;5;15;1
202200009359;797 302;7;0;1;1;1;1
202200009360;797 299;7;1;0;2;1;1
202200009361;797 298;7;0;2;8;23;1
202200009361;797 300;33;11;2;5;0;1
202200009361;797 303;10;0;2;1;9;1
202200009362;797 296;7;3;0;2;1;1
202200009363;797 297;30;0;2;1;1;1
202200009363;797 304;7;0;2;2;1;1
202200009364;797 295;7;0;2;8;16;1
202200009364;797 301;7;0;2;1;1;1
202200009365;797 293;34;0;0;8;1;1
202200009366;797 292;10;0;2;0;3;0
202200009366;797 294;2;0;2;8;3;0
202200009367;797 291;7;0;1;2;1;1
202200009368;797 287;7;0;2;1;1;1
202200009368;797 289;7;0;2;1;1;1
202200009369;797 290;7;0;1;3;1;1
202200009370;797 286;50;0;0;0;26;3
202200009371;797 283;10;0;1;3;1;1
202200009372;797 282;1;1;0;1;1;5
202200009372;797 285;7;0;9;8;22;1
202200009373;797 281;1;1;0;5;21;5
202200009374;797 278;7;0;2;3;13;1
202200009374;797 280;30;0;2;1;1;1
202200009375;797 279;36;12;0;2;14;1
202200009376;797 276;7;9;0;9;0;1
202200009377;797 275;7;0;2;7;1;1
202200009377;797 277;14;0;2;2;1;1
202200009378;797 274;7;1;0;9;2;1
202200009379;797 270;7;0;1;3;1;1
202200009380;797 269;7;0;2;4;23;1
202200009380;797 272;7;1;0;1;2;1
202200009381;797 266;33;0;2;1;1;1
202200009381;797 273;80;0;2;2;1;3
202200009382;797 268;7;0;2;1;1;1
202200009382;797 271;7;0;2;2;15;1
202200009383;797 265;7;0;1;3;1;1
202200009383;797 267;7;0;1;3;1;1
202200009384;797 262;32;0;2;2;1;1
202200009384;797 264;7;0;2;3;15;1
202200009385;797 261;1;0;0;1;12;5
202200009386;797 258;7;0;2;3;1;1
202200009386;797 263;7;0;2;3;15;1
202200009387;797 256;2;1;1;1;0;1
202200009388;797 257;7;0;9;2;15;1
202200009388;797 259;1;0;0;4;15;5
202200009389;797 254;10;3;0;1;13;1
202200009389;797 260;7;3;0;1;1;1
202200009390;797 255;7;0;1;3;1;1
202200009391;797 250;7;8;2;1;1;1
202200009391;797 253;10;0;2;3;1;0
202200009392;797 248;7;6;0;2;15;1
202200009392;797 252;7;0;0;2;1;2
202200009393;797 246;7;0;2;1;13;1
202200009393;797 251;7;0;2;1;1;1
202200009394;797 247;33;0;0;2;17;1
202200009395;797 245;50;0;2;1;1;3
202200009395;797 249;10;0;2;3;9;1
202200009396;797 243;10;4;0;8;1;1
202200009397;797 242;7;0;0;3;1;1
202200009397;797 244;7;0;0;3;13;0
202200009398;797 241;7;8;0;1;1;1
202200009399;797 240;7;6;0;1;0;1
202200009400;797 238;7;2;0;7;1;1
202200009401;797 237;7;0;0;4;23;1
202200009401;797 239;7;0;2;1;1;1
202200009402;797 236;7;4;0;1;1;1
202200009403;797 232;2;0;2;1;0;1
202200009403;797 234;2;0;2;4;0;1
202200009404;797 228;7;0;2;3;26;1
202200009404;797 230;7;0;2;3;26;1
202200009405;797 227;33;0;2;1;1;1
202200009405;797 231;7;0;2;3;15;1
202200009406;797 224;7;0;2;2;15;1
202200009406;797 225;7;0;2;3;1;1
202200009407;797 221;33;0;2;1;17;1
202200009407;797 222;7;0;2;1;1;1
202200009408;797 219;7;0;2;4;1;1
202200009408;797 226;7;0;2;1;1;1
202200009408;797 229;7;0;2;1;11;1
202200009409;797 216;7;0;2;1;1;1
202200009409;797 220;7;0;2;1;1;1
202200009410;797 214;7;0;2;3;1;1
202200009410;797 217;7;0;2;3;1;1
202200009411;797 212;7;9;2;3;16;1
202200009411;797 215;7;9;2;1;26;1
202200009412;797 209;17;3;0;1;13;1
202200009413;797 210;1;0;2;1;1;5
202200009413;797 213;7;0;2;7;16;1
202200009414;797 207;7;0;2;3;1;1
202200009414;797 211;80;0;2;1;0;3
202200009415;797 203;17;0;0;4;1;1
202200009415;797 206;7;0;2;1;2;1
202200009416;797 205;2;0;2;1;9;1
202200009416;797 208;7;0;2;3;1;1
202200009417;797 200;7;1;0;8;17;1
202200009417;797 204;7;0;2;4;24;1
202200009418;797 201;7;1;0;1;21;1
202200009419;797 199;7;0;0;9;14;1
202200009420;797 197;36;8;0;2;1;1
202200009421;797 198;1;0;2;7;1;5
202200009421;797 202;7;0;9;2;1;1
202200009422;797 196;7;0;1;1;1;1
202200009423;797 194;50;0;2;4;1;3
202200009423;797 195;43;0;2;1;1;1
202200009424;797 193;7;0;1;3;1;0
202200009425;797 189;7;0;1;0;0;0
202200009426;797 190;7;0;2;3;13;1
202200009426;797 191;21;0;2;3;1;1
202200009427;797 187;7;0;1;3;1;1
202200009428;797 186;7;3;0;1;0;1
202200009429;797 185;7;2;1;2;1;1
202200009430;797 184;7;6;0;2;1;1
202200009431;797 183;7;8;0;1;0;1
202200009432;797 179;99;8;1;5;20;1
202200009433;797 180;21;0;2;1;13;1
202200009433;797 182;1;0;2;1;1;5
202200009434;797 177;2;0;2;8;1;1
202200009434;797 181;7;0;2;7;16;1
202200009435;797 173;30;16;0;9;1;1
202200009436;797 175;7;1;0;0;0;1
202200009436;797 178;34;0;2;8;2;1
202200009437;797 172;15;3;0;7;1;1
202200009437;797 174;15;0;2;4;1;1
202200009437;797 176;15;0;2;1;2;1
202200009438;797 171;7;0;0;9;1;1
202200009439;797 170;7;0;1;8;1;0
202200009440;797 168;7;0;1;1;0;1
202200009441;797 166;33;0;0;8;2;1
202200009441;797 167;7;0;2;2;2;1
202200009442;797 165;7;0;1;1;1;1
202200009443;797 162;33;0;2;1;17;1
202200009443;797 164;2;0;2;4;1;1
202200009444;797 161;30;0;1;1;13;1
202200009445;797 157;7;13;0;1;1;1
202200009446;797 155;7;0;2;1;1;1
202200009446;797 159;10;0;2;9;1;1
202200009446;797 163;7;0;0;4;1;1
202200009447;797 154;20;0;2;1;1;1
202200009447;797 158;7;0;2;1;0;1
202200009448;797 152;7;0;1;1;1;1
202200009449;797 149;7;3;2;3;1;1
202200009449;797 151;7;0;2;3;1;1
202200009450;797 147;7;0;2;2;1;1
202200009450;797 148;7;0;2;1;13;1
202200009451;797 146;7;0;0;0;0;1
202200009452;797 145;7;0;2;0;1;1
202200009452;797 150;7;0;2;1;2;1
202200009453;797 143;7;4;0;8;13;1
202200009454;797 140;7;3;0;3;13;1
202200009455;797 138;7;0;9;2;2;1
202200009455;797 141;1;0;0;4;2;5
202200009456;797 137;7;0;2;1;1;1
202200009456;797 142;7;0;2;1;1;1
202200009456;797 144;7;0;2;1;5;1
202200009457;797 136;7;0;1;3;1;1
202200009458;797 135;7;0;2;4;1;1
202200009458;797 139;7;0;2;1;1;1
202200009459;797 130;33;13;0;9;1;1
202200009460;797 132;7;14;0;3;2;1
202200009460;797 134;7;0;0;5;23;1
202200009461;797 129;7;0;2;1;1;1
202200009461;797 133;7;0;2;1;15;1
202200009462;797 127;31;0;0;0;1;1
202200009463;797 125;7;0;0;0;0;1
202200009464;797 119;7;0;2;1;1;2
202200009464;797 123;17;0;2;4;1;1
202200009465;797 122;7;0;0;4;23;1
202200009465;797 124;17;0;0;4;23;1
202200009465;797 126;10;0;0;4;23;1
202200009465;797 128;17;0;2;1;2;1
202200009465;797 131;7;0;2;1;2;1
202200009466;797 121;31;0;2;2;1;1
202200009467;797 118;7;2;0;1;1;1
202200009468;797 112;7;0;2;2;1;1
202200009468;797 116;7;0;2;2;1;1
202200009469;797 110;2;0;0;7;1;1
202200009469;797 113;7;0;0;3;2;1
202200009470;797 111;14;0;2;7;1;1
202200009470;797 114;1;0;2;8;25;5
202200009471;797 109;15;8;0;2;21;1
202200009472;797 108;7;0;2;3;11;1
202200009472;797 115;33;4;2;7;17;1
202200009473;797 106;7;13;0;2;1;1
202200009474;797 104;31;16;0;9;1;1
202200009475;797 102;7;13;0;1;6;1
202200009476;797 101;7;0;2;0;0;0
202200009476;797 105;32;0;2;1;1;1
202200009477;797 100;7;13;0;1;2;1
202200009478;797 095;7;0;2;8;1;1
202200009478;797 098;7;0;2;3;1;1
202200009479;797 099;7;13;0;2;2;1
202200009480;797 094;7;0;2;2;12;1
202200009480;797 096;33;0;2;3;3;1
202200009481;797 092;7;0;2;1;1;1
202200009481;797 093;7;0;2;1;1;1
202200009481;797 097;7;0;2;3;1;1
202200009482;797 088;7;0;2;3;15;1
202200009482;797 091;33;0;2;1;1;1
202200009483;797 087;7;0;9;1;1;1
202200009483;797 090;50;0;2;8;19;3
202200009484;797 085;10;0;0;4;24;0
202200009484;797 089;10;1;0;1;1;1
202200009485;797 084;7;0;2;7;12;1
202200009485;797 086;32;0;2;1;3;1
202200009486;797 083;7;13;0;1;1;0
202200009487;797 081;7;2;0;8;1;0
202200009488;797 077;33;0;2;1;13;1
202200009488;797 080;7;0;2;2;1;1
202200009489;797 075;7;0;2;4;2;1
202200009489;797 078;10;0;2;1;1;1
202200009490;797 074;1;12;0;8;1;5
202200009491;797 072;15;0;2;5;1;1
202200009491;797 076;7;0;2;3;1;1
202200009492;797 068;31;0;2;3;1;1
202200009492;797 071;7;0;2;6;11;1
202200009493;797 070;7;0;2;3;1;2
202200009493;797 073;7;0;2;3;13;1
202200009494;797 067;17;0;0;3;1;1
202200009494;797 069;7;0;0;1;13;1
202200009495;797 066;7;14;0;1;2;1
202200009496;797 063;33;0;2;1;0;1
202200009496;797 065;31;0;2;1;1;1
202200009497;797 062;7;0;0;0;1;1
202200009498;797 061;32;0;2;1;14;1
202200009498;797 064;10;0;2;6;1;6
202200009499;797 054;7;0;9;1;1;1
202200009499;797 058;7;0;2;6;2;1
202200009499;797 059;7;0;2;6;2;1
202200009499;797 060;7;3;2;2;2;1
202200009500;797 053;7;0;2;8;14;1
202200009500;797 057;10;0;2;3;13;1
202200009501;797 052;33;0;2;1;2;1
202200009501;797 056;7;0;0;5;16;1
202200009502;797 050;7;0;0;0;1;1
202200009503;797 049;7;2;0;8;1;1
202200009504;797 051;1;0;2;1;1;5
202200009504;797 055;7;0;2;6;22;0
202200009505;797 048;7;6;0;2;1;1
202200009506;797 046;10;0;2;1;2;1
202200009506;797 047;7;0;2;4;2;1
202200009507;797 044;30;0;1;1;25;0
202200009508;797 041;7;0;2;3;1;1
202200009508;797 043;7;0;2;2;1;1
202200009509;797 042;10;0;2;1;1;1
202200009509;797 045;7;0;2;1;13;1
202200009510;797 039;30;0;2;9;13;1
202200009510;797 040;7;0;2;2;1;1
202200009511;797 037;7;0;1;8;1;1
202200009512;797 036;7;0;2;4;23;1
202200009512;797 038;7;0;2;1;2;1
202200009513;797 034;7;9;1;2;14;1
202200009514;797 035;33;3;0;2;1;1
202200009515;797 031;7;3;0;3;1;1
202200009516;797 028;7;3;2;3;15;1
202200009516;797 033;7;3;2;2;1;1
202200009517;797 030;33;0;2;4;1;1
202200009517;797 032;7;0;2;1;2;1
202200009518;797 027;7;0;2;1;3;1
202200009518;797 029;7;0;2;4;23;1
202200009519;797 024;7;0;0;6;1;1
202200009519;797 025;33;0;2;1;1;1
202200009520;797 022;1;0;2;1;0;5
202200009521;797 021;1;0;9;1;13;5
202200009521;797 023;1;0;9;1;13;5
202200009522;797 019;7;2;0;1;2;1
202200009523;797 017;7;0;2;2;22;1
202200009523;797 020;30;0;2;1;7;1
202200009524;797 016;21;0;0;7;15;1
202200009524;797 018;2;0;2;1;1;1
202200009525;797 014;7;0;2;3;15;1
202200009525;797 015;1;0;2;8;1;5
202200009526;797 013;7;15;9;9;1;1
202200009527;797 011;7;2;9;6;1;1
202200009528;797 008;7;14;0;1;6;1
202200009529;797 009;0;0;1;1;0;0
202200009530;797 010;30;0;2;3;1;3
202200009530;797 012;14;0;2;2;16;1
202200009531;797 007;7;0;1;3;0;1
202200009532;797 004;7;0;9;3;19;1
202200009532;797 006;1;0;2;2;1;5
202200009533;797 002;7;6;0;0;1;1
202200009534;796 994;7;0;2;2;12;1
202200009534;796 998;31;0;2;2;1;1
202200009535;796 993;7;0;0;4;15;1
202200009535;796 996;7;0;0;6;14;1
202200009535;796 999;7;0;2;1;1;1
202200009535;797 000;7;0;2;2;14;1
202200009536;796 992;7;8;0;2;15;1
202200009537;796 988;30;0;2;1;1;1
202200009537;796 991;7;0;2;1;15;1
202200009538;796 987;30;0;2;1;1;1
202200009538;796 990;21;0;2;3;1;1
202200009539;796 985;10;0;2;1;2;1
202200009539;796 986;7;0;2;4;2;1
202200009539;796 989;7;0;2;4;1;1
202200009540;796 982;7;2;0;1;13;1
202200009541;796 981;1;0;2;1;10;5
202200009541;796 984;7;0;2;1;1;1
202200009542;796 980;7;0;2;8;22;3
202200009542;796 983;1;0;2;1;1;5
202200009543;796 977;7;0;2;4;23;1
202200009543;796 979;7;0;2;1;2;1
202200009544;796 975;99;0;2;1;16;1
202200009544;796 976;7;0;2;8;1;1
202200009545;796 978;7;6;0;1;1;1
202200009546;796 972;30;0;2;3;1;3
202200009546;796 974;7;0;2;2;15;1
202200009547;796 969;7;0;2;1;1;1
202200009547;796 970;7;0;2;1;1;1
202200009547;796 973;7;0;2;1;15;1
202200009548;796 966;17;0;2;1;2;1
202200009548;796 967;7;0;2;4;2;1
202200009549;796 965;7;0;2;1;26;1
202200009550;796 964;33;0;1;2;0;1
202200009551;796 963;30;0;1;1;1;1
202200009552;796 958;1;0;2;1;1;5
202200009552;796 961;7;0;2;3;1;1
202200009553;796 960;17;0;2;4;1;1
202200009553;796 962;7;0;2;1;1;1
202200009554;796 959;2;0;1;8;1;1
202200009555;796 956;7;0;2;8;22;1
202200009555;796 957;1;0;2;7;1;5
202200009556;796 952;7;0;2;1;13;1
202200009556;796 955;7;0;2;1;1;1
202200009557;796 951;10;0;2;7;1;1
202200009557;796 954;31;0;2;1;18;1
202200009558;796 950;7;0;2;2;19;1
202200009558;796 953;7;0;2;1;1;1
202200009559;796 947;7;0;2;7;15;1
202200009559;796 948;33;0;2;2;1;1
202200009560;796 946;50;0;2;1;1;3
202200009560;796 949;10;0;2;2;22;1
202200009561;796 945;7;0;2;1;2;1
202200009562;796 944;31;0;0;0;26;1
202200009563;796 942;10;8;0;9;1;1
202200009564;796 938;7;15;0;1;14;1
202200009565;796 940;33;0;2;1;1;1
202200009565;796 943;7;0;2;5;1;1
202200009566;796 939;10;0;2;1;1;1
202200009566;796 941;7;0;2;4;23;1
202200009567;796 935;7;0;2;1;0;1
202200009567;796 936;7;0;2;1;1;1
202200009568;796 932;7;0;2;7;17;1
202200009568;796 934;1;0;2;8;1;5
202200009569;796 931;7;0;1;2;1;2
202200009570;796 933;7;0;1;1;1;1
202200009571;796 929;7;15;2;4;5;1
202200009571;796 930;7;0;2;1;21;1
202200009572;796 928;7;6;0;2;13;1
202200009573;796 926;7;0;1;1;19;1
202200009574;796 922;30;0;2;1;13;1
202200009574;796 924;13;0;2;8;5;1
202200009575;796 920;7;0;2;7;15;1
202200009575;796 925;7;0;2;3;9;1
202200009576;796 919;7;0;2;3;1;1
202200009576;796 923;7;0;2;2;13;1
202200009577;796 918;7;0;2;2;15;1
202200009577;796 921;1;0;2;3;1;5
202200009578;796 915;7;2;0;1;13;1
202200009579;796 916;7;0;1;0;26;1
202200009580;796 914;7;9;2;3;2;1
202200009580;796 917;7;0;2;2;2;1
202200009581;796 911;10;13;0;9;14;1
202200009582;796 912;7;0;1;2;1;2
202200009583;796 909;33;0;2;2;17;1
202200009583;796 913;21;0;0;8;1;1
202200009584;796 907;7;4;0;8;1;1
202200009585;796 906;80;12;0;8;15;3
202200009586;796 901;33;0;2;1;17;1
202200009586;796 904;7;0;2;3;15;1
202200009587;796 900;7;0;2;1;1;1
202200009587;796 903;7;0;2;9;1;1
202200009587;796 905;7;0;2;9;1;1
202200009587;796 908;7;0;2;9;1;1
202200009587;796 910;7;0;2;4;1;1
202200009588;796 899;7;0;2;3;9;1
202200009588;796 902;7;0;2;5;1;1
202200009589;796 898;10;0;1;7;9;1
202200009590;796 895;7;0;2;8;15;1
202200009590;796 897;33;0;2;1;13;1
202200009591;796 892;7;0;2;6;13;1
202200009591;796 894;7;0;2;1;1;1
202200009592;796 893;31;0;2;2;18;1
202200009592;796 896;37;0;2;2;16;0
202200009593;796 891;1;0;0;0;1;5
202200009594;796 889;33;0;2;4;1;1
202200009594;796 890;33;0;2;1;1;1
202200009595;796 888;7;2;0;6;26;1
202200009596;796 884;32;0;1;1;1;1
202200009597;796 883;32;0;2;8;1;1
202200009597;796 886;7;0;2;3;15;1
202200009598;796 881;7;6;2;1;1;1
202200009598;796 885;7;0;2;3;1;1
202200009599;796 871;33;0;0;9;1;1
202200009600;796 873;7;0;2;3;9;0
202200009600;796 878;7;0;2;2;2;1
202200009601;796 872;7;0;2;4;23;1
202200009601;796 874;7;14;2;4;23;1
202200009601;796 876;7;14;2;0;0;1
202200009602;796 869;7;6;0;3;13;1
202200009602;796 870;14;13;0;3;1;1
202200009603;796 867;7;0;1;1;15;1
202200009604;796 866;7;0;1;3;26;1
202200009605;796 865;32;0;2;3;2;1
202200009605;796 868;7;0;2;2;16;1
202200009606;796 863;7;4;0;1;1;1
202200009607;796 860;7;0;1;1;0;0
202200009608;796 862;7;0;2;3;13;1
202200009608;796 864;15;0;2;3;1;1
202200009609;796 858;30;0;2;1;1;1
202200009609;796 861;7;12;2;4;1;1
202200009610;796 857;50;0;2;0;1;3
202200009610;796 859;0;0;0;0;0;0
202200009611;796 854;2;0;2;1;2;1
202200009611;796 856;1;0;2;7;2;5
202200009612;796 852;7;0;1;3;15;1
202200009613;796 851;7;0;2;3;1;1
202200009613;796 853;10;0;2;1;1;1
202200009614;796 850;7;8;0;2;14;1
202200009615;796 845;7;0;2;1;16;1
202200009615;796 848;7;6;2;2;1;1
202200009616;796 844;7;0;2;3;1;1
202200009616;796 847;10;0;2;5;15;1
202200009617;796 843;7;1;0;3;1;1
202200009618;796 838;32;0;2;1;1;1
202200009618;796 842;7;0;2;7;15;1
202200009619;796 836;32;0;2;0;3;1
202200009619;796 841;7;0;2;2;0;1
202200009620;796 835;7;0;2;7;19;1
202200009620;796 840;32;0;2;8;19;1
202200009621;796 833;10;0;2;3;0;1
202200009621;796 834;7;0;2;1;13;1
202200009621;796 837;7;0;2;8;0;1
202200009621;796 839;7;0;2;1;1;1
202200009622;796 830;7;0;1;6;4;1
202200009623;796 832;30;14;0;1;16;1
202200009624;796 829;32;0;2;2;26;1
202200009624;796 831;7;0;2;3;9;1
202200009625;796 826;7;0;2;6;15;1
202200009625;796 828;33;0;2;2;17;1
202200009626;796 827;10;0;1;3;15;1
202200009627;796 823;7;0;2;5;2;1
202200009627;796 825;2;0;2;1;2;1
202200009628;796 822;7;0;2;4;15;1
202200009628;796 824;7;0;2;1;1;1
202200009629;796 819;7;16;0;1;1;1
202200009630;796 820;33;0;1;1;21;1
202200009631;796 821;7;1;9;1;0;2
202200009632;796 817;7;0;2;3;1;1
202200009632;796 818;7;0;2;3;13;1
202200009633;796 815;7;4;0;1;9;1
202200009634;796 813;7;0;2;1;17;1