Num_Acc;id_vehicule;categorie_vehicule;obstacle_fixe;obstacle_mobile;point_choc_initial;manoeuvre_principale;motorisation
202200009634;796 814;3;0;2;1;1;3
202200009635;796 809;7;0;1;1;1;1
202200009636;796 811;32;1;2;0;1;1
202200009636;796 812;7;1;2;4;24;1
202200009636;796 816;7;1;2;3;0;1
202200009637;796 808;7;0;2;1;2;1
202200009637;796 810;7;0;2;4;2;0
202200009638;796 807;7;0;1;1;1;1
202200009639;796 805;7;9;0;0;1;1
202200009640;796 804;32;0;2;1;26;1
202200009640;796 806;7;0;2;1;1;1
202200009641;796 802;7;0;1;1;15;1
202200009642;796 797;33;0;2;1;1;1
202200009642;796 800;7;0;2;4;23;1
202200009643;796 798;80;0;1;1;1;3
202200009644;796 796;2;0;2;1;17;1
202200009644;796 799;7;0;2;8;26;1
202200009645;796 795;7;0;1;1;1;1
202200009646;796 792;1;0;2;3;1;5
202200009646;796 794;7;0;0;2;16;1
202200009647;796 791;7;0;1;1;1;1
202200009648;796 790;30;0;2;1;16;1
202200009648;796 793;7;0;2;1;15;1
202200009649;796 788;3;0;2;2;1;1
202200009649;796 789;7;0;2;3;1;1
202200009650;796 785;7;0;1;2;1;1
202200009651;796 784;7;0;2;1;1;0
202200009651;796 787;30;0;2;1;1;1
202200009652;796 783;7;0;2;3;13;1
202200009652;796 786;7;0;2;3;1;1
202200009653;796 781;10;0;2;4;2;1
202200009653;796 782;7;0;2;1;2;1
202200009654;796 779;30;0;0;0;0;1
202200009655;796 780;7;0;1;1;1;1
202200009656;796 776;7;0;1;3;15;1
202200009657;796 777;7;0;2;3;15;1
202200009657;796 778;7;0;2;2;1;1
202200009658;796 774;99;9;9;1;21;0
202200009658;796 775;60;0;2;1;1;5
202200009659;796 772;7;0;2;1;19;1
202200009659;796 773;33;0;2;1;0;1
202200009660;796 769;7;0;2;2;1;1
202200009660;796 770;7;0;2;4;1;1
202200009661;796 767;1;0;2;1;1;5
202200009661;796 771;7;0;2;7;26;1
202200009662;796 765;7;0;2;1;9;6
202200009662;796 768;1;0;2;7;0;5
202200009663;796 764;7;0;2;1;1;1
202200009663;796 766;7;0;2;3;1;1
202200009664;796 758;7;0;2;1;13;1
202200009664;796 759;7;0;2;1;1;1
202200009664;796 762;7;0;2;1;1;1
202200009665;796 761;7;0;2;0;1;1
202200009665;796 763;7;0;2;3;16;1
202200009666;796 757;7;0;2;2;16;1
202200009666;796 760;33;0;2;3;18;1
202200009667;796 749;7;0;2;6;1;1
202200009667;796 754;2;0;2;1;19;1
202200009668;796 748;7;0;1;2;14;1
202200009669;796 746;7;0;2;5;15;2
202200009669;796 747;7;0;2;2;1;1
202200009670;796 744;34;0;2;1;21;1
202200009670;796 745;7;0;2;6;10;1
202200009671;796 743;7;0;1;5;4;2
202200009672;796 741;7;3;0;1;0;1
202200009673;796 740;7;0;1;1;0;0
202200009674;796 738;7;0;0;9;1;1
202200009675;796 736;15;0;2;3;1;0
202200009675;796 739;10;0;2;3;0;1
202200009676;796 733;2;0;2;3;13;1
202200009676;796 734;7;0;2;8;14;1
202200009677;796 731;7;0;2;4;23;1
202200009677;796 735;7;0;2;1;1;1
202200009678;796 730;7;13;0;3;1;1
202200009679;796 732;7;0;2;1;1;1
202200009679;796 737;3;0;2;8;9;1
202200009680;796 727;7;8;0;1;1;1
202200009681;796 726;2;16;0;8;1;1
202200009682;796 728;7;0;2;2;1;1
202200009682;796 729;7;0;2;3;23;1
202200009683;796 723;33;8;0;1;17;1
202200009684;796 724;1;0;2;8;1;5
202200009684;796 725;7;0;2;2;12;1
202200009685;796 721;7;0;2;1;1;1
202200009685;796 722;33;0;2;4;1;0
202200009686;796 717;33;0;2;2;17;1
202200009686;796 719;7;0;2;8;15;1
202200009687;796 718;7;0;2;1;1;1
202200009687;796 720;2;0;2;8;26;1
202200009688;796 716;15;13;6;1;26;1
202200009689;796 714;10;0;2;3;1;1
202200009689;796 715;31;0;2;7;1;1
202200009690;796 707;30;1;0;1;26;1
202200009691;796 708;7;0;2;3;15;1
202200009691;796 712;7;0;2;3;1;1
202200009692;796 706;7;17;0;2;14;1
202200009693;796 704;2;0;0;0;26;1
202200009694;796 701;7;0;2;1;17;1
202200009694;796 702;7;0;2;8;10;1
202200009695;796 703;7;0;2;0;26;1
202200009695;796 705;7;0;2;0;26;1
202200009696;796 699;7;0;2;1;1;1
202200009696;796 700;7;0;2;3;13;1
202200009697;796 698;7;0;1;1;1;1
202200009698;796 697;31;0;0;0;1;1
202200009699;796 696;7;3;0;1;1;1
202200009700;796 693;7;0;0;1;1;1
202200009700;796 694;7;0;2;7;1;1
202200009701;796 692;33;5;0;7;1;1
202200009702;796 691;7;0;2;1;1;1
202200009702;796 695;7;0;2;7;1;1
202200009703;796 689;7;0;2;1;13;1
202200009703;796 690;7;0;2;3;1;1
202200009704;796 688;7;0;1;2;21;1
202200009705;796 685;7;13;0;2;1;1
202200009706;796 682;7;0;2;7;19;0
202200009706;796 683;33;0;2;0;1;1
202200009707;796 680;2;0;0;0;1;1
202200009708;796 681;7;0;2;3;16;1
202200009708;796 684;34;0;2;2;15;1
202200009709;796 679;7;0;0;0;0;1
202200009710;796 677;7;0;2;6;15;1
202200009710;796 678;33;0;2;2;17;1
202200009711;796 673;7;0;2;3;1;1
202200009711;796 674;7;0;2;3;5;3
202200009712;796 672;7;0;2;4;2;1
202200009712;796 675;7;0;2;4;2;1
202200009712;796 676;7;0;2;1;2;1
202200009713;796 671;7;2;0;0;1;1
202200009714;796 668;32;0;2;1;1;1
202200009714;796 669;7;0;2;3;19;1
202200009715;796 667;7;0;2;1;0;1
202200009715;796 670;7;0;2;5;1;2
202200009716;796 665;1;0;2;0;13;5
202200009716;796 666;10;0;2;3;1;1
202200009717;796 664;33;13;0;9;2;1
202200009718;796 663;7;0;1;1;1;1
202200009719;796 661;33;0;2;1;17;1
202200009719;796 662;7;0;2;6;17;1
202200009720;796 660;7;12;0;1;1;1
202200009721;796 659;2;12;0;1;1;1
202200009722;796 658;7;12;0;1;1;1
202200009723;796 657;7;2;0;1;1;1
202200009724;796 654;7;4;0;4;23;1
202200009724;796 656;7;0;2;1;2;1
202200009725;796 653;1;0;2;1;1;5
202200009725;796 655;7;0;9;2;16;1
202200009726;796 652;14;0;1;7;19;1
202200009727;796 651;7;0;1;2;1;1
202200009728;796 647;7;0;0;0;0;1
202200009728;796 648;7;0;2;2;17;1
202200009728;796 650;7;0;2;3;17;1
202200009729;796 646;7;0;2;2;1;1
202200009729;796 649;7;0;2;3;10;1
202200009730;796 645;7;0;1;1;25;0
202200009731;796 642;7;0;2;2;1;1
202200009731;796 643;30;0;2;0;0;1
202200009732;796 641;7;9;0;1;26;1
202200009732;796 644;7;0;2;0;0;1
202200009733;796 639;7;0;0;8;19;1
202200009733;796 640;7;0;2;1;19;1
202200009734;796 636;1;0;2;7;19;5
202200009734;796 637;7;0;2;1;1;1
202200009735;796 635;7;0;2;4;23;1
202200009735;796 638;7;0;2;1;2;2
202200009736;796 633;33;0;0;8;1;1
202200009736;796 634;7;0;2;3;15;1
202200009737;796 631;10;0;2;6;1;1
202200009737;796 632;7;0;2;0;0;0
202200009738;796 629;7;0;0;3;26;1
202200009738;796 630;31;0;2;1;1;1
202200009739;796 626;7;0;2;3;11;2
202200009739;796 627;33;0;0;1;1;1
202200009740;796 625;30;0;1;4;1;1
202200009740;796 628;7;0;2;1;1;1
202200009741;796 624;7;0;1;3;1;1
202200009742;796 622;7;9;0;2;0;1
202200009743;796 621;7;0;2;0;9;1
202200009743;796 623;80;0;2;0;1;3
202200009744;796 620;7;2;0;1;14;1
202200009745;796 618;7;0;1;2;1;1
202200009746;796 619;32;4;0;3;13;1
202200009747;796 615;7;0;2;1;1;1
202200009747;796 617;7;0;2;1;13;1
202200009748;796 614;7;0;2;3;1;1
202200009748;796 616;50;0;2;1;1;3
202200009749;796 611;10;0;2;1;2;1
202200009749;796 612;10;0;2;1;2;1
202200009749;796 613;10;0;2;4;2;1
202200009750;796 609;10;;2;;;
202200009750;796 610;7;0;2;0;1;1
202200009751;796 608;30;8;0;1;25;3
202200009752;796 606;14;0;2;4;2;1
202200009752;796 607;7;0;2;1;1;1
202200009753;796 605;7;0;1;0;14;0
202200009754;796 603;7;0;2;4;2;1
202200009754;796 604;7;0;2;1;2;1
202200009755;796 600;10;0;2;4;2;1
202200009755;796 602;33;0;2;1;1;1
202200009756;796 598;1;0;2;6;13;5
202200009756;796 601;37;0;2;2;17;2
202200009757;796 594;7;0;2;1;2;1
202200009757;796 595;7;0;2;1;2;1
202200009757;796 596;7;0;2;1;2;1
202200009757;796 597;7;0;2;4;1;1
202200009757;796 599;7;0;2;1;2;1
202200009758;796 590;43;0;2;1;13;1
202200009758;796 593;7;0;2;6;17;1
202200009759;796 591;34;0;2;2;1;1
202200009759;796 592;7;0;2;3;11;1
202200009760;796 589;1;0;0;0;1;5
202200009761;796 584;1;8;2;1;18;5
202200009761;796 586;7;0;2;0;22;2
202200009762;796 585;7;0;2;3;13;1
202200009762;796 587;43;0;2;4;1;1
202200009762;796 588;7;0;2;4;1;1
202200009763;796 582;1;0;2;1;1;5
202200009763;796 583;50;0;2;1;13;3
202200009764;796 580;50;0;2;1;1;3
202200009764;796 581;7;0;2;2;16;0
202200009765;796 579;33;0;1;1;1;1
202200009766;796 577;10;0;2;3;22;3
202200009766;796 578;50;0;2;1;1;3
202200009767;796 575;7;0;2;3;16;1
202200009767;796 576;50;0;2;2;1;3
202200009768;796 574;30;0;0;0;1;1
202200009769;796 573;7;0;1;1;1;1
202200009770;796 572;7;0;1;4;20;1
202200009771;796 571;33;0;0;0;1;1
202200009772;796 569;30;0;2;1;1;1
202200009772;796 570;7;0;2;3;15;1
202200009773;796 568;7;0;1;1;1;1
202200009774;796 566;31;0;2;6;1;1
202200009774;796 567;1;0;2;6;19;5
202200009775;796 564;7;0;2;2;7;2
202200009775;796 565;7;0;2;3;15;1
202200009776;796 563;7;12;0;3;13;1
202200009777;796 560;7;0;2;7;15;1
202200009777;796 561;7;8;1;6;1;1
202200009778;796 559;50;1;0;1;13;3
202200009779;796 558;7;0;1;7;1;1
202200009780;796 557;7;1;0;1;1;1
202200009781;796 555;7;0;2;3;13;1
202200009781;796 556;33;0;2;7;2;0
202200009782;796 554;7;8;0;1;2;1
202200009783;796 553;7;0;1;2;16;1
202200009784;796 552;7;8;0;8;26;1
202200009785;796 550;7;0;2;8;1;0
202200009785;796 551;33;0;2;7;3;1
202200009786;796 548;7;0;1;4;2;1
202200009786;796 549;7;0;2;1;2;1
202200009787;796 546;1;0;2;1;0;5
202200009787;796 547;7;0;2;1;1;1
202200009788;796 544;7;0;2;3;24;2
202200009788;796 545;7;0;2;2;9;1
202200009789;796 542;7;0;2;3;24;1
202200009789;796 543;7;1;0;2;2;1
202200009790;796 540;99;0;2;3;22;0
202200009790;796 541;1;0;2;1;0;5
202200009791;796 539;0;0;1;1;2;0
202200009792;796 537;7;0;2;2;11;1
202200009792;796 538;7;0;2;6;1;1
202200009793;796 536;7;0;1;3;6;2
202200009794;796 535;7;0;1;1;1;1
202200009795;796 533;14;0;2;1;1;0
202200009795;796 534;99;0;2;8;1;0
202200009796;796 531;32;0;2;1;5;3
202200009796;796 532;7;0;2;3;11;1
202200009797;796 530;15;0;1;3;0;1
202200009798;796 526;7;0;2;1;0;1
202200009798;796 527;7;0;2;4;23;1
202200009798;796 528;7;0;2;4;23;1
202200009798;796 529;7;0;2;4;23;1
202200009799;796 524;7;0;9;1;1;1
202200009799;796 525;50;0;2;8;1;3
202200009800;796 522;7;0;2;3;15;1
202200009800;796 523;34;0;2;1;2;1
202200009801;796 521;7;1;0;1;14;1
202200009802;796 520;40;0;1;7;1;0
202200009803;796 518;32;0;2;7;17;1
202200009803;796 519;7;0;2;8;13;0
202200009804;796 517;7;0;1;1;1;0
202200009805;796 516;14;0;1;1;1;1
202200009806;796 514;50;0;2;8;15;3
202200009806;796 515;7;0;0;8;16;1
202200009807;796 512;30;0;2;2;16;1
202200009807;796 513;7;0;2;2;2;1
202200009808;796 510;7;0;2;2;19;1
202200009808;796 511;7;0;2;1;1;1
202200009809;796 509;7;0;1;1;1;1
202200009810;796 507;37;0;2;7;17;1
202200009810;796 508;1;0;2;8;2;5
202200009811;796 505;1;0;2;1;1;5
202200009811;796 506;7;0;2;7;15;1
202200009812;796 504;7;0;0;1;1;1
202200009813;796 502;7;0;2;3;13;1
202200009813;796 503;33;0;2;7;17;1
202200009814;796 499;38;0;2;6;1;1
202200009814;796 500;10;4;2;2;1;1
202200009814;796 501;15;0;2;6;11;1
202200009815;796 497;1;0;0;4;2;5
202200009815;796 498;10;0;9;2;2;1
202200009816;796 495;33;0;2;1;1;1
202200009816;796 496;10;0;2;3;15;1
202200009817;796 494;33;13;0;9;1;1
202200009818;796 492;1;0;2;4;1;5
202200009818;796 493;7;0;2;0;15;1
202200009819;796 491;7;0;1;3;16;1
202200009820;796 490;7;6;0;1;17;1
202200009821;796 489;31;10;0;7;1;1
202200009822;796 488;7;13;0;1;1;1
202200009823;796 487;7;15;0;2;15;1
202200009824;796 485;33;0;2;1;17;1
202200009824;796 486;10;0;2;6;15;1
202200009825;796 483;21;0;0;4;23;1
202200009825;796 484;21;1;0;1;1;1
202200009826;796 482;7;17;0;2;14;1
202200009827;796 481;33;14;0;1;1;1
202200009828;796 479;7;0;2;3;1;1
202200009828;796 480;7;0;2;1;13;1
202200009829;796 477;33;0;2;1;1;1
202200009829;796 478;7;0;2;1;5;1
202200009830;796 476;2;0;0;1;2;1
202200009831;796 474;7;0;2;1;13;2
202200009831;796 475;7;0;2;1;1;1
202200009832;796 473;7;2;0;7;17;1
202200009833;796 471;7;0;2;1;1;1
202200009833;796 472;7;0;2;8;1;0
202200009834;796 470;33;3;0;8;1;1
202200009835;796 469;31;8;0;1;1;1
202200009836;796 466;10;0;2;3;5;1
202200009836;796 467;7;0;2;3;1;1
202200009836;796 468;14;0;2;3;1;1
202200009837;796 465;7;13;0;3;;1
202200009838;796 463;10;0;9;5;1;0
202200009838;796 464;1;0;2;1;1;5
202200009839;796 462;33;0;0;0;0;1
202200009840;796 461;33;0;0;2;14;1
202200009841;796 459;7;0;0;3;15;1
202200009841;796 460;7;0;2;1;11;1
202200009842;796 458;33;0;0;8;2;1
202200009843;796 455;7;0;2;3;13;1
202200009843;796 456;13;0;2;3;1;1
202200009843;796 457;7;0;2;1;2;1
202200009844;796 453;15;0;2;4;1;1
202200009844;796 454;7;0;2;1;1;1
202200009845;796 452;7;1;0;1;2;1
202200009846;796 449;38;0;1;2;16;1
202200009847;796 448;7;13;0;3;1;1
202200009848;796 447;2;15;0;1;1;1
202200009849;796 446;7;2;0;3;17;1
202200009850;796 444;80;0;2;1;1;3
202200009850;796 445;80;0;2;1;1;3
202200009851;796 442;31;0;2;2;17;1
202200009851;796 443;7;0;0;8;15;1
202200009852;796 440;7;0;2;0;16;1
202200009852;796 441;50;0;2;7;19;3
202200009853;796 439;1;0;0;0;0;5
202200009854;796 437;1;0;2;1;1;5
202200009854;796 438;7;0;9;0;15;1
202200009855;796 435;10;0;9;3;1;1
202200009855;796 436;1;0;2;1;1;5
202200009856;796 434;43;8;0;1;0;1
202200009857;796 432;14;0;2;1;1;1
202200009857;796 433;7;0;2;3;13;1
202200009858;796 428;31;0;2;1;1;1
202200009858;796 429;7;0;2;3;1;1
202200009859;796 427;7;16;0;9;0;1
202200009860;796 426;2;0;0;0;26;1
202200009861;796 424;7;0;2;3;13;1
202200009861;796 425;14;4;2;3;1;1
202200009862;796 423;7;12;0;1;1;1
202200009863;796 422;7;0;1;1;1;1
202200009864;796 421;7;13;0;2;0;1
202200009865;796 419;1;0;2;5;1;5
202200009865;796 420;7;0;9;2;1;1
202200009866;796 418;37;15;0;8;15;1
202200009867;796 417;7;5;0;1;1;1
202200009868;796 415;34;0;2;3;1;1
202200009868;796 416;7;0;2;0;0;0
202200009869;796 413;15;0;2;4;2;1
202200009869;796 414;7;0;2;1;2;1
202200009870;796 410;7;0;2;4;2;1
202200009870;796 411;7;0;2;4;2;1
202200009870;796 412;7;0;2;1;2;1
202200009871;796 407;10;0;2;4;2;1
202200009871;796 408;7;0;2;4;2;1
202200009871;796 409;14;0;2;1;2;1
202200009872;796 405;7;0;2;3;11;2
202200009872;796 406;34;0;2;2;3;1
202200009873;796 403;33;0;2;1;3;1
202200009873;796 404;10;0;2;5;1;1
202200009874;796 400;32;0;2;1;3;1
202200009874;796 401;7;0;2;8;1;1
202200009874;796 402;7;0;2;4;1;1
202200009875;796 399;10;3;0;1;1;1
202200009876;796 397;7;0;2;1;18;1
202200009876;796 398;7;0;2;4;0;2
202200009877;796 395;10;0;2;3;15;1
202200009877;796 396;32;0;2;8;1;1
202200009878;796 394;1;0;0;1;2;5
202200009879;796 393;7;0;1;1;1;
202200009880;796 392;7;8;0;1;26;1
202200009881;796 391;14;13;0;9;1;1
202200009882;796 389;7;0;2;8;15;1
202200009882;796 390;30;0;2;1;1;1
202200009883;796 387;33;0;2;1;1;1
202200009883;796 388;7;0;2;7;15;3
202200009884;796 385;1;1;0;1;13;5
202200009884;796 386;7;0;2;3;24;1
202200009885;796 384;7;8;0;5;1;1
202200009886;796 383;7;0;1;2;1;1
202200009887;796 381;2;0;2;2;17;1
202200009887;796 382;7;0;2;3;15;1
202200009888;796 379;7;0;2;3;15;1
202200009888;796 380;50;0;2;1;15;3
202200009889;796 377;7;0;2;4;1;1
202200009889;796 378;7;0;2;1;2;1
202200009890;796 374;32;0;2;0;1;0
202200009890;796 375;2;0;2;0;1;0
202200009890;796 376;7;0;2;8;15;1
202200009891;796 372;30;0;2;1;1;0
202200009891;796 373;7;0;2;3;15;1
202200009892;796 371;7;0;1;2;1;1
202200009893;796 369;7;1;0;2;0;1
202200009893;796 370;7;1;0;6;0;1
202200009894;796 367;7;0;2;3;13;1
202200009894;796 368;7;0;2;3;5;1
202200009895;796 365;32;0;2;1;17;1
202200009895;796 366;7;0;2;1;19;1
202200009896;796 364;7;0;1;1;1;1
202200009897;796 362;7;0;2;0;0;2
202200009897;796 363;1;0;0;1;0;5
202200009898;796 361;7;0;1;3;1;1
202200009899;796 358;33;0;9;1;1;1
202200009899;796 359;33;0;2;1;1;1
202200009899;796 360;7;0;2;6;15;1
202200009900;796 356;7;0;2;1;9;1
202200009900;796 357;7;0;2;7;1;1
202200009901;796 355;7;1;0;1;14;1
202200009902;796 353;31;0;2;1;26;1
202200009902;796 354;1;0;2;1;1;5
202200009903;796 351;10;0;1;2;1;1
202200009904;796 350;7;0;2;1;0;2
202200009904;796 352;7;0;2;2;1;1
202200009905;796 349;7;0;9;1;2;1
202200009906;796 348;7;0;1;2;1;1
202200009907;796 347;7;1;0;2;1;1
202200009908;796 345;7;0;1;4;20;1
202200009909;796 344;7;0;2;1;1;1
202200009909;796 346;7;0;2;1;5;1
202200009910;796 341;7;3;2;1;2;1
202200009910;796 343;15;4;2;6;2;1
202200009911;796 340;7;0;2;8;15;1
202200009911;796 342;31;0;2;2;17;1
202200009912;796 337;7;0;2;3;1;1
202200009912;796 339;7;0;2;1;15;1
202200009913;796 336;7;0;2;8;15;1
202200009913;796 338;7;0;2;1;1;1
202200009914;796 333;33;0;2;1;1;1
202200009914;796 334;7;0;2;6;10;1
202200009915;796 332;7;0;2;3;15;1
202200009915;796 335;1;0;2;1;1;5
202200009916;796 330;7;0;2;1;1;1
202200009916;796 331;7;0;2;4;1;1
202200009917;796 329;7;2;0;1;14;2
202200009918;796 328;7;0;1;1;16;0
202200009919;796 326;7;0;4;8;23;1
202200009919;796 327;39;0;2;2;26;3
202200009920;796 325;30;0;0;1;1;1
202200009921;796 324;7;15;1;1;16;1
202200009922;796 321;7;0;2;1;1;1
202200009922;796 323;50;0;2;0;0;3
202200009923;796 322;7;9;1;7;16;1
202200009924;796 319;7;0;1;0;1;1
202200009925;796 314;7;0;2;1;1;1
202200009925;796 317;2;0;2;7;1;1
202200009926;796 313;7;0;2;8;1;1
202200009926;796 315;7;0;2;2;1;1
202200009926;796 316;7;0;2;3;9;1
202200009927;796 310;31;0;2;1;19;1
202200009927;796 311;7;0;2;2;1;1
202200009928;796 309;34;0;2;1;5;1
202200009928;796 312;7;0;2;8;15;1
202200009929;796 308;10;0;1;2;1;1
202200009930;796 304;1;0;2;6;1;5
202200009930;796 306;7;0;9;2;16;1
202200009931;796 305;7;0;2;7;15;1
202200009931;796 307;1;0;2;1;1;5
202200009932;796 303;33;0;0;7;1;1
202200009933;796 301;1;0;2;1;1;5
202200009933;796 302;2;0;2;1;13;1
202200009934;796 300;7;0;1;2;0;1
202200009935;796 299;7;6;0;1;21;1
202200009936;796 297;7;0;0;1;1;1
202200009936;796 298;7;0;2;2;16;1
202200009937;796 296;0;0;1;1;1;0
202200009938;796 293;10;0;1;3;1;1
202200009939;796 292;13;0;2;8;1;1
202200009939;796 294;7;0;2;2;15;1
202200009939;796 295;7;0;2;1;1;1
202200009940;796 290;7;9;2;3;6;1
202200009940;796 291;7;0;0;6;1;1
202200009941;796 289;7;0;1;1;26;1
202200009942;796 288;7;1;0;2;14;1
202200009943;796 286;7;0;2;1;26;1
202200009943;796 287;1;0;2;1;1;5
202200009944;796 284;7;0;2;1;1;1
202200009944;796 285;32;0;2;2;1;1
202200009945;796 283;30;1;0;1;26;1
202200009946;796 281;1;0;2;1;1;5
202200009946;796 282;7;0;2;3;9;1
202200009947;796 280;7;0;1;1;1;1
202200009948;796 278;43;0;2;7;1;1
202200009948;796 279;7;0;2;8;11;1
202200009949;796 277;31;12;0;1;1;1
202200009950;796 276;7;4;0;9;14;1
202200009951;796 275;7;0;1;1;1;1
202200009952;796 274;30;0;0;1;1;1
202200009953;796 271;7;0;2;3;10;1
202200009953;796 273;50;0;2;7;1;3
202200009954;796 270;50;0;2;0;0;3
202200009954;796 272;15;0;9;1;2;0
202200009955;796 267;7;0;2;3;1;1
202200009955;796 269;7;0;2;8;1;1
202200009956;796 266;7;0;2;3;15;1
202200009956;796 268;7;0;2;7;17;1
202200009957;796 264;2;0;0;0;26;1
202200009958;796 262;7;0;2;5;2;1
202200009958;796 263;34;0;2;5;2;1
202200009958;796 265;7;0;2;4;4;1
202200009959;796 260;7;2;0;1;14;1
202200009959;796 261;7;0;0;0;15;0
202200009960;796 258;7;0;2;5;23;1
202200009960;796 259;34;0;2;1;2;3
202200009961;796 256;1;0;2;8;15;5
202200009961;796 257;7;0;2;2;1;1
202200009962;796 254;7;0;2;1;15;2
202200009962;796 255;1;0;2;8;1;5
202200009963;796 251;1;0;2;1;1;5
202200009963;796 253;7;0;2;8;22;1
202200009964;796 250;1;0;2;8;2;5
202200009964;796 252;7;0;2;7;1;1
202200009965;796 249;7;0;2;2;2;1
202200009966;796 247;7;0;2;8;19;1
202200009966;796 248;33;0;2;1;1;1
202200009967;796 246;7;0;1;8;15;2
202200009968;796 244;34;0;2;1;1;1
202200009968;796 245;7;0;2;1;15;1
202200009969;796 243;7;0;1;2;1;1
202200009970;796 240;7;0;1;1;26;1
202200009971;796 241;33;0;2;1;2;1
202200009971;796 242;7;0;2;6;15;1
202200009972;796 238;10;0;1;1;26;1
202200009973;796 237;7;0;2;4;1;0
202200009973;796 239;7;0;2;1;1;1
202200009974;796 234;7;0;2;1;2;1
202200009974;796 236;7;0;2;4;2;1
202200009975;796 233;7;0;2;3;26;1
202200009975;796 235;60;0;2;1;16;5
202200009976;796 231;7;1;2;1;14;1
202200009977;796 229;7;0;1;1;1;0
202200009978;796 226;10;0;2;1;2;1
202200009978;796 228;7;0;2;4;2;1
202200009978;796 230;7;0;2;4;2;1
202200009978;796 232;7;0;2;1;2;3
202200009979;796 225;7;0;2;1;1;1
202200009979;796 227;43;0;2;3;1;1
202200009980;796 224;7;4;0;3;13;1
202200009981;796 222;7;0;1;1;1;1
202200009982;796 218;7;0;2;5;2;2
202200009982;796 220;7;0;2;4;2;1
202200009982;796 221;7;0;2;4;2;1
202200009982;796 223;14;0;2;1;2;1
202200009983;796 217;2;8;0;1;0;1
202200009983;796 219;7;0;0;0;2;3
202200009984;796 215;80;0;2;1;1;3
202200009984;796 216;14;0;2;7;16;1
202200009985;796 214;7;0;1;2;1;1
202200009986;796 211;7;12;2;0;11;2
202200009986;796 212;30;0;2;8;1;3
202200009987;796 210;32;0;2;8;1;1
202200009987;796 213;7;0;2;7;20;1
202200009988;796 209;10;0;1;2;2;1
202200009989;796 208;32;0;1;3;1;3
202200009990;796 207;7;13;0;1;2;1
202200009991;796 206;34;0;1;1;1;1
202200009992;796 205;7;2;0;8;0;1
202200009993;796 204;7;0;1;0;1;1
202200009994;796 203;7;2;0;7;13;1
202200009995;796 200;30;0;2;7;1;1
202200009995;796 202;1;0;2;8;13;5
202200009996;796 199;7;0;2;2;1;1
202200009996;796 201;1;0;2;1;1;5
202200009997;796 197;7;0;1;2;1;1
202200009998;796 196;7;0;2;1;1;1
202200009998;796 198;7;0;2;1;15;1
202200009999;796 194;10;0;1;4;4;1
202200010000;796 193;17;0;2;3;0;1
202200010000;796 195;7;0;2;2;19;0
202200010001;796 191;33;0;0;0;1;1
202200010002;796 190;30;0;2;1;1;3
202200010002;796 192;33;0;2;7;16;1
202200010003;796 188;7;0;0;1;9;1
202200010003;796 189;10;0;0;7;26;1
202200010004;796 186;30;0;2;1;1;3
202200010004;796 187;50;0;2;7;16;3
202200010005;796 185;33;0;0;0;1;1
202200010006;796 183;7;0;2;2;19;1
202200010006;796 184;7;0;2;3;1;1
202200010007;796 181;33;0;0;1;17;1
202200010007;796 182;7;0;0;8;10;1
202200010008;796 179;7;0;2;1;2;1
202200010008;796 180;7;0;2;0;23;1
202200010009;796 178;7;0;1;2;1;1
202200010010;796 175;7;0;2;2;1;1
202200010010;796 177;7;0;2;7;1;1
202200010011;796 174;10;0;2;3;1;1
202200010011;796 176;7;0;0;8;15;1
202200010012;796 172;7;0;1;6;16;1
202200010013;796 171;32;0;2;2;17;1
202200010013;796 173;10;0;2;3;15;1
202200010014;796 170;7;16;0;2;1;1
202200010015;796 169;7;0;1;8;16;1
202200010016;796 168;7;0;1;2;15;1
202200010017;796 166;43;0;9;4;26;1
202200010017;796 167;7;0;2;1;1;1
202200010018;796 165;33;0;0;8;1;1
202200010019;796 163;32;0;2;1;1;1
202200010019;796 164;7;0;2;8;13;1
202200010020;796 161;7;0;2;8;15;1
202200010020;796 162;33;0;2;1;1;1
202200010021;796 160;1;6;0;0;16;5
202200010022;796 159;30;0;1;1;2;1
202200010023;796 157;7;0;2;7;10;1
202200010023;796 158;43;0;2;8;1;1
202200010024;796 155;30;0;2;7;0;1
202200010024;796 156;7;0;2;7;11;1
202200010025;796 153;7;0;1;1;1;1
202200010025;796 154;7;0;2;2;2;1
202200010026;796 151;43;0;2;1;2;1
202200010026;796 152;33;0;2;5;16;1
202200010027;796 150;7;2;0;1;21;1
202200010028;796 149;37;0;1;2;16;1
202200010029;796 148;10;1;1;1;1;0
202200010030;796 147;10;0;1;7;1;1
202200010031;796 145;7;0;0;4;23;1
202200010031;796 146;7;0;2;4;26;1
202200010032;796 143;7;0;2;1;13;1
202200010032;796 144;7;0;2;3;1;1
202200010033;796 141;7;0;2;3;19;1
202200010033;796 142;50;0;2;7;0;3
202200010034;796 140;30;0;1;0;0;1
202200010035;796 138;7;1;0;7;15;1
202200010035;796 139;7;0;2;3;1;1
202200010036;796 136;32;0;2;2;0;0
202200010036;796 137;7;0;2;0;0;0
202200010037;796 134;7;0;2;2;15;1
202200010037;796 135;1;0;2;1;15;5
202200010038;796 132;3;0;2;5;0;1
202200010038;796 133;7;0;2;4;0;1
202200010039;796 130;7;0;0;8;22;2
202200010039;796 131;1;1;0;1;17;5
202200010040;796 128;7;0;2;2;15;1
202200010040;796 129;33;0;2;1;1;1
202200010041;796 126;7;0;2;3;15;1
202200010041;796 127;32;0;2;1;1;1
202200010042;796 125;2;1;2;3;1;3
202200010043;796 123;7;0;2;7;16;1
202200010043;796 124;34;0;2;8;2;1
202200010044;796 122;10;0;1;1;15;1
202200010045;796 121;33;0;0;0;1;1