Num_Acc;id_vehicule;categorie_vehicule;obstacle_fixe;obstacle_mobile;point_choc_initial;manoeuvre_principale;motorisation
202200010046;796 120;7;0;1;1;1;1
202200010047;796 118;30;0;2;7;1;3
202200010047;796 119;33;0;2;6;13;1
202200010048;796 117;7;0;0;9;2;1
202200010049;796 115;7;0;2;1;15;1
202200010049;796 116;2;0;2;1;1;1
202200010050;796 113;7;0;9;1;1;1
202200010050;796 114;14;0;0;0;1;1
202200010051;796 110;7;0;2;1;0;1
202200010051;796 112;7;0;2;3;1;1
202200010052;796 109;50;0;2;1;0;3
202200010052;796 111;7;0;2;2;20;1
202200010053;796 108;1;0;0;0;1;5
202200010054;796 107;10;0;1;3;1;1
202200010055;796 106;7;0;1;1;2;1
202200010056;796 105;7;0;1;1;1;1
202200010057;796 103;7;0;2;3;17;1
202200010057;796 104;1;0;2;1;1;5
202200010058;796 101;7;1;0;1;1;1
202200010058;796 102;38;0;2;6;24;1
202200010059;796 098;21;0;2;4;1;1
202200010059;796 099;7;0;2;4;11;1
202200010059;796 100;17;1;2;1;17;1
202200010060;796 096;7;12;0;2;21;1
202200010060;796 097;7;0;0;0;1;1
202200010061;796 094;7;0;1;1;19;1
202200010062;796 095;7;0;0;1;1;1
202200010063;796 092;7;13;1;2;1;1
202200010063;796 093;7;3;0;8;1;1
202200010064;796 090;7;0;2;2;15;1
202200010064;796 091;34;0;2;1;1;1
202200010065;796 087;2;0;2;3;1;1
202200010065;796 088;7;0;2;2;15;1
202200010066;796 085;7;0;2;1;2;1
202200010066;796 086;21;16;0;4;2;1
202200010067;796 084;7;7;0;1;13;1
202200010068;796 082;7;0;1;1;1;1
202200010069;796 080;7;0;2;1;1;1
202200010069;796 081;7;0;2;1;1;1
202200010070;796 078;7;0;2;1;9;1
202200010070;796 079;33;0;2;8;1;1
202200010071;796 076;10;0;2;3;1;1
202200010071;796 077;3;0;2;3;13;1
202200010072;796 074;7;10;0;1;2;1
202200010073;796 072;7;0;2;2;17;1
202200010073;796 073;21;0;2;3;15;1
202200010074;796 069;7;0;2;2;1;1
202200010074;796 071;7;0;2;1;9;1
202200010075;796 070;99;0;0;4;1;0
202200010075;796 075;99;0;2;1;1;0
202200010076;796 067;7;0;2;3;1;0
202200010076;796 068;10;0;2;3;1;0
202200010077;796 065;7;12;0;1;1;1
202200010078;796 064;7;0;2;1;1;1
202200010078;796 066;7;0;2;1;11;1
202200010079;796 063;10;6;0;2;1;1
202200010080;796 062;7;2;0;1;1;1
202200010081;796 061;2;0;0;8;1;1
202200010082;796 060;7;2;0;7;1;1
202200010083;796 058;1;0;2;1;1;5
202200010083;796 059;7;0;9;1;1;1
202200010084;796 054;10;0;2;3;9;1
202200010084;796 056;1;0;2;1;2;5
202200010085;796 051;7;0;2;2;15;1
202200010085;796 052;33;0;2;1;1;1
202200010086;796 050;10;0;1;1;1;1
202200010087;796 048;33;0;2;1;2;1
202200010087;796 049;7;0;2;3;15;1
202200010088;796 053;7;0;2;1;1;1
202200010088;796 055;7;0;2;1;1;1
202200010088;796 057;7;0;2;1;13;1
202200010089;796 047;7;0;1;2;1;1
202200010090;796 045;15;0;2;1;1;1
202200010090;796 046;7;0;2;1;5;1
202200010091;796 042;14;0;0;6;0;1
202200010091;796 043;7;0;2;1;0;1
202200010092;796 041;38;6;0;8;13;1
202200010093;796 044;7;13;0;3;1;1
202200010094;796 039;7;0;2;1;17;1
202200010094;796 040;7;0;2;1;1;1
202200010095;796 037;33;0;2;1;1;1
202200010095;796 038;7;0;2;2;19;1
202200010096;796 036;2;12;0;2;2;1
202200010097;796 034;7;0;2;3;2;1
202200010097;796 035;7;0;2;1;13;1
202200010098;796 031;7;13;2;9;2;1
202200010098;796 032;7;0;2;4;2;1
202200010099;796 028;7;0;2;3;15;1
202200010099;796 029;2;0;2;1;17;1
202200010100;796 026;1;0;2;1;1;5
202200010100;796 027;7;0;9;1;15;1
202200010101;796 030;7;0;2;1;1;1
202200010101;796 033;7;0;2;1;13;1
202200010102;796 025;10;0;0;0;1;1
202200010103;796 023;7;0;2;6;26;1
202200010103;796 024;33;0;2;2;1;1
202200010104;796 018;33;3;0;1;2;1
202200010104;796 020;33;3;0;1;2;1
202200010105;796 017;10;0;2;6;11;1
202200010105;796 019;33;0;2;2;1;1
202200010106;796 016;7;15;0;1;1;1
202200010107;796 012;43;0;2;1;2;1
202200010107;796 015;7;0;2;4;2;1
202200010108;796 010;33;0;2;1;21;1
202200010108;796 014;7;0;2;6;1;1
202200010109;796 007;10;0;2;7;1;1
202200010109;796 008;0;0;0;0;0;0
202200010110;796 006;7;0;1;3;1;1
202200010111;796 001;7;0;2;3;0;1
202200010111;796 002;7;0;2;1;2;1
202200010111;796 004;7;0;2;6;2;1
202200010112;796 003;7;0;2;2;2;1
202200010112;796 005;10;0;2;3;19;1
202200010113;796 000;10;13;0;1;1;1
202200010114;795 998;33;13;0;9;1;1
202200010115;795 997;7;0;2;1;23;1
202200010115;795 999;7;0;2;1;1;1
202200010116;795 994;31;0;9;8;18;1
202200010117;795 993;7;0;6;1;1;1
202200010117;795 995;7;0;2;1;1;1
202200010117;795 996;7;0;2;1;1;1
202200010118;795 991;7;0;2;5;15;1
202200010118;795 992;7;0;2;1;1;1
202200010119;795 987;7;0;2;4;1;1
202200010119;795 989;7;0;2;1;2;1
202200010119;795 990;7;0;0;0;0;0
202200010120;795 988;31;13;0;0;15;1
202200010121;795 985;31;0;2;1;2;1
202200010121;795 986;7;0;2;5;1;1
202200010122;795 983;33;0;2;1;2;1
202200010122;795 984;0;0;0;4;1;
202200010123;795 982;7;0;1;3;1;1
202200010124;795 981;7;3;0;0;1;1
202200010125;795 977;10;0;2;1;1;1
202200010125;795 979;10;0;2;4;1;1
202200010126;795 975;7;0;2;1;1;1
202200010126;795 980;7;9;2;7;19;1
202200010127;795 974;7;0;2;4;2;1
202200010127;795 976;7;0;2;4;2;1
202200010127;795 978;7;0;2;1;2;1
202200010128;795 972;7;0;2;0;2;1
202200010128;795 973;33;0;2;6;2;1
202200010129;795 971;7;6;0;0;1;1
202200010130;795 968;33;0;2;7;3;1
202200010130;795 970;7;0;2;6;11;1
202200010131;795 967;7;0;2;4;2;1
202200010131;795 969;7;0;2;1;2;1
202200010132;795 965;7;0;2;5;1;1
202200010132;795 966;10;0;2;1;1;1
202200010133;795 962;7;0;2;0;0;2
202200010133;795 964;7;0;2;1;2;1
202200010134;795 961;33;0;2;7;1;1
202200010134;795 963;7;0;2;3;11;1
202200010135;795 957;10;8;2;1;1;1
202200010135;795 960;7;0;2;1;1;1
202200010136;795 956;33;0;2;1;1;1
202200010136;795 958;7;0;2;4;11;1
202200010137;795 955;7;0;2;3;1;3
202200010137;795 959;14;0;2;2;12;1
202200010138;795 954;7;15;0;1;17;1
202200010139;795 951;33;0;2;1;9;1
202200010139;795 953;10;16;0;5;9;0
202200010140;795 948;7;3;2;4;23;1
202200010140;795 952;15;0;2;1;1;1
202200010141;795 949;2;0;2;8;19;1
202200010141;795 950;10;0;2;3;26;1
202200010142;795 945;43;0;1;;0;
202200010143;795 944;10;0;2;2;5;1
202200010143;795 946;7;0;2;5;4;1
202200010144;795 943;7;4;2;4;1;1
202200010144;795 947;7;0;2;3;9;1
202200010145;795 940;7;0;1;2;2;1
202200010146;795 939;7;0;2;2;12;1
202200010146;795 941;33;0;2;8;3;1
202200010147;795 935;10;0;1;2;1;1
202200010148;795 933;40;0;1;2;1;1
202200010149;795 934;31;0;2;3;1;1
202200010149;795 936;7;0;2;3;13;1
202200010150;795 929;7;0;0;4;1;1
202200010150;795 931;33;0;2;1;1;1
202200010151;795 926;10;0;2;2;15;1
202200010151;795 928;33;0;2;2;21;1
202200010152;795 925;0;0;2;6;17;0
202200010152;795 927;7;0;2;6;1;1
202200010153;795 922;7;0;2;1;21;1
202200010153;795 924;7;6;2;5;19;1
202200010154;795 921;10;0;9;7;16;1
202200010154;795 923;1;0;2;7;19;5
202200010155;795 920;30;9;2;1;26;0
202200010156;795 919;30;0;0;0;0;0
202200010157;795 916;33;0;2;8;1;1
202200010157;795 918;7;0;2;3;15;1
202200010158;795 915;7;0;2;1;9;2
202200010158;795 917;7;0;2;7;1;0
202200010159;795 911;7;10;2;4;2;1
202200010159;795 913;7;0;2;1;1;1
202200010159;795 914;7;0;2;1;2;1
202200010160;795 910;7;0;2;7;1;1
202200010160;795 912;30;0;2;1;0;1
202200010161;795 906;7;0;2;4;2;1
202200010161;795 908;7;0;2;1;2;1
202200010162;795 904;1;1;2;0;0;5
202200010162;795 907;7;0;2;8;1;1
202200010163;795 902;7;3;0;1;0;1
202200010163;795 903;7;0;2;2;2;0
202200010163;795 905;7;0;2;1;2;1
202200010164;795 901;1;0;9;4;1;5
202200010165;795 899;7;0;2;8;1;1
202200010165;795 900;33;0;2;7;1;1
202200010166;795 897;7;0;1;2;1;1
202200010167;795 895;60;0;2;7;25;5
202200010167;795 896;7;0;2;2;1;1
202200010168;795 893;7;4;0;1;1;1
202200010168;795 894;7;14;0;1;2;1
202200010168;795 898;7;14;0;1;2;1
202200010169;795 890;7;0;2;6;1;1
202200010169;795 892;7;0;2;3;13;1
202200010170;795 888;1;0;2;3;1;6
202200010170;795 891;13;0;2;7;16;0
202200010171;795 887;7;4;2;1;9;1
202200010171;795 889;7;4;2;4;1;1
202200010172;795 886;30;4;0;8;0;1
202200010173;795 882;7;0;2;7;15;1
202200010173;795 885;50;0;2;1;2;3
202200010174;795 880;7;0;2;1;15;1
202200010174;795 881;2;0;2;7;17;1
202200010174;795 883;7;0;2;2;23;1
202200010175;795 884;7;2;0;1;14;1
202200010176;795 878;37;12;1;2;1;1
202200010177;795 879;7;0;1;0;0;0
202200010178;795 877;10;0;1;2;1;1
202200010179;795 875;7;0;2;4;2;1
202200010179;795 876;7;0;2;1;2;1
202200010180;795 873;7;0;2;2;26;2
202200010180;795 874;31;0;2;4;23;1
202200010181;795 869;7;0;2;1;21;1
202200010181;795 872;7;0;2;1;21;1
202200010182;795 868;7;0;2;3;23;1
202200010182;795 870;34;0;2;3;13;1
202200010183;795 867;7;0;2;1;1;1
202200010183;795 871;7;0;2;3;15;1
202200010184;795 866;7;7;0;1;1;1
202200010185;795 863;7;0;2;2;1;1
202200010185;795 865;7;0;2;3;1;1
202200010186;795 862;7;0;2;3;13;1
202200010186;795 864;7;0;2;1;1;1
202200010187;795 860;10;2;0;9;1;1
202200010188;795 859;7;0;2;3;5;1
202200010188;795 861;7;0;2;3;14;2
202200010189;795 855;7;0;2;2;1;1
202200010189;795 857;7;0;2;6;1;1
202200010189;795 858;14;0;2;2;12;1
202200010190;795 852;7;0;2;1;26;1
202200010190;795 854;7;0;2;1;1;1
202200010190;795 856;7;0;2;1;1;1
202200010191;795 851;10;0;1;5;26;1
202200010192;795 849;7;0;2;1;5;1
202200010192;795 850;7;0;2;2;1;1
202200010192;795 853;7;5;2;1;1;1
202200010193;795 848;34;0;1;1;1;1
202200010194;795 844;15;0;2;2;1;0
202200010194;795 847;7;0;2;1;1;1
202200010195;795 843;7;0;2;3;1;1
202200010195;795 846;7;0;2;3;1;1
202200010196;795 845;7;6;0;2;16;1
202200010197;795 842;7;2;0;9;14;1
202200010198;795 840;33;0;1;7;3;1
202200010199;795 839;33;0;0;1;2;1
202200010199;795 841;7;0;0;8;10;0
202200010200;795 836;32;0;2;1;1;0
202200010200;795 837;7;0;2;8;15;1
202200010201;795 834;7;0;2;2;2;1
202200010201;795 835;1;0;2;1;2;5
202200010202;795 833;7;0;2;3;1;1
202200010202;795 838;7;0;2;1;26;1
202200010203;795 830;7;0;2;7;16;1
202200010203;795 832;37;0;2;3;1;3
202200010204;795 829;7;0;2;3;1;1
202200010204;795 831;7;13;2;3;13;1
202200010205;795 828;7;0;1;3;1;1
202200010206;795 826;33;0;2;1;2;1
202200010206;795 827;10;0;2;4;1;1
202200010207;795 822;7;0;2;2;0;1
202200010207;795 825;7;0;2;3;1;1
202200010208;795 820;7;0;2;2;15;1
202200010208;795 823;7;0;2;2;1;1
202200010209;795 816;7;0;1;5;2;1
202200010209;795 819;13;0;2;3;2;1
202200010210;795 815;13;14;0;7;1;1
202200010210;795 818;7;0;1;1;1;1
202200010211;795 814;7;0;2;2;16;1
202200010211;795 817;1;0;2;1;2;5
202200010212;795 811;33;15;0;8;1;1
202200010213;795 812;2;0;2;3;15;1
202200010214;795 810;7;0;2;2;17;1
202200010214;795 813;7;0;2;3;1;1
202200010215;795 808;2;3;0;1;1;1
202200010216;795 807;7;0;2;3;13;1
202200010216;795 809;7;0;0;3;1;1
202200010217;795 806;7;9;0;1;6;1
202200010218;795 804;7;0;2;5;1;1
202200010218;795 805;7;16;2;8;17;1
202200010219;795 800;1;0;0;5;16;5
202200010219;795 802;7;0;9;1;9;1
202200010220;795 801;7;0;2;3;15;1
202200010220;795 803;33;0;2;1;1;1
202200010221;795 796;7;0;2;5;1;1
202200010221;795 797;7;0;2;3;1;1
202200010221;795 799;7;13;2;1;15;1
202200010222;795 794;7;0;0;3;15;1
202200010222;795 798;7;0;0;1;1;1
202200010223;795 793;7;0;2;1;15;0
202200010223;795 795;7;0;2;3;15;2
202200010224;795 790;7;0;9;2;1;2
202200010224;795 792;50;0;2;0;0;3
202200010225;795 789;31;0;2;1;2;1
202200010225;795 791;10;0;0;6;23;1
202200010226;795 787;1;0;2;8;1;5
202200010226;795 788;7;0;2;3;15;1
202200010227;795 784;7;0;2;2;15;1
202200010227;795 786;1;0;2;1;1;5
202200010228;795 783;7;0;2;4;1;1
202200010228;795 785;7;0;2;1;1;1
202200010229;795 779;50;0;2;1;1;3
202200010229;795 780;7;0;2;7;16;1
202200010230;795 778;7;3;2;2;26;1
202200010230;795 781;7;0;2;1;2;1
202200010231;795 777;7;0;1;1;16;1
202200010232;795 774;2;14;0;1;1;1
202200010233;795 773;7;0;2;7;1;1
202200010233;795 776;2;0;2;8;1;1
202200010234;795 772;7;0;2;4;1;1
202200010234;795 775;7;0;2;1;0;1
202200010235;795 769;33;0;2;1;1;1
202200010235;795 771;30;0;2;1;5;1
202200010236;795 767;1;0;2;8;1;5
202200010236;795 770;7;0;2;6;16;1
202200010237;795 766;17;0;2;4;2;1
202200010237;795 768;10;0;2;1;2;1
202200010238;795 765;7;0;1;1;9;1
202200010239;795 763;7;14;0;1;1;1
202200010240;795 762;7;0;2;3;0;1
202200010240;795 764;30;0;2;1;2;1
202200010241;795 760;1;0;2;7;26;5
202200010241;795 761;7;0;2;1;26;1
202200010242;795 758;1;0;1;3;16;5
202200010243;795 757;7;0;2;1;17;1
202200010243;795 759;7;0;2;4;1;2
202200010244;795 755;30;0;2;1;17;1
202200010244;795 756;7;0;2;8;10;1
202200010245;795 753;7;0;1;3;15;1
202200010246;795 752;43;0;2;3;3;1
202200010246;795 754;7;0;2;7;1;1
202200010247;795 750;7;8;0;2;1;1
202200010248;795 749;33;0;2;1;18;1
202200010248;795 751;7;0;2;5;16;1
202200010249;795 748;7;4;0;0;0;1
202200010250;795 747;7;0;1;1;0;1
202200010251;795 744;7;9;2;1;2;1
202200010251;795 746;7;9;0;4;1;1
202200010252;795 743;15;0;2;6;2;1
202200010252;795 745;32;3;0;9;1;1
202200010253;795 742;7;1;0;9;1;1
202200010254;795 739;10;0;2;3;15;1
202200010254;795 741;33;0;2;1;1;1
202200010255;795 736;10;0;2;3;14;1
202200010255;795 738;10;0;2;5;23;1
202200010255;795 740;7;1;2;4;1;2
202200010256;795 735;7;0;1;1;1;1
202200010257;795 734;7;0;2;3;15;1
202200010257;795 737;33;0;2;1;17;1
202200010258;795 730;30;1;0;1;1;1
202200010259;795 729;32;0;2;4;1;1
202200010259;795 732;7;0;2;1;1;1
202200010260;795 726;7;1;0;1;9;1
202200010260;795 727;7;0;2;4;23;1
202200010260;795 728;7;0;2;4;23;1
202200010260;795 731;7;0;2;4;23;1
202200010260;795 733;7;0;2;4;23;1
202200010261;795 723;50;0;2;0;2;3
202200010261;795 725;7;0;2;2;19;1
202200010262;795 722;7;0;2;1;1;1
202200010262;795 724;7;0;2;4;0;1
202200010263;795 718;10;0;1;1;1;1
202200010264;795 716;7;0;2;3;1;1
202200010264;795 719;7;0;2;1;1;1
202200010264;795 720;7;0;2;1;21;1
202200010264;795 721;7;0;0;4;14;1
202200010265;795 715;7;0;2;8;9;1
202200010265;795 717;2;0;2;2;1;1
202200010266;795 714;7;5;0;1;1;1
202200010267;795 713;7;0;0;0;26;1
202200010268;795 709;10;0;2;3;1;0
202200010268;795 712;2;0;2;4;1;1
202200010269;795 707;2;0;0;8;1;1
202200010270;795 706;7;0;1;2;1;1
202200010271;795 705;10;0;1;4;0;1
202200010272;795 704;7;0;1;4;26;1
202200010273;795 702;10;0;2;3;5;1
202200010273;795 703;33;0;2;1;0;1
202200010274;795 701;7;0;1;1;1;1
202200010275;795 700;7;0;1;1;9;1
202200010276;795 696;1;0;2;1;2;5
202200010276;795 699;7;0;2;4;1;1
202200010277;795 697;10;0;1;7;15;1
202200010278;795 695;1;0;2;1;1;5
202200010278;795 698;17;0;2;3;9;1
202200010279;795 693;7;0;1;1;15;1
202200010280;795 694;7;0;1;3;9;1
202200010281;795 692;10;0;1;1;15;1
202200010282;795 689;10;0;2;1;2;1
202200010282;795 691;7;0;2;4;2;1
202200010283;795 688;2;0;2;1;1;1
202200010283;795 690;7;0;2;3;15;1
202200010284;795 686;7;0;2;3;9;1
202200010284;795 687;33;0;2;1;15;1
202200010285;795 685;7;0;9;1;6;1
202200010286;795 684;1;0;1;1;1;5
202200010287;795 683;35;6;0;1;13;1
202200010288;795 680;1;0;2;4;2;5
202200010288;795 682;7;0;2;1;2;1
202200010289;795 678;1;2;0;0;0;5
202200010289;795 681;7;2;2;3;15;1
202200010290;795 679;7;0;1;2;1;1
202200010291;795 672;7;0;2;1;2;1
202200010291;795 677;7;0;2;4;2;1
202200010292;795 674;1;0;2;0;0;5
202200010292;795 675;1;0;2;0;0;5
202200010292;795 676;7;0;9;1;1;1
202200010293;795 670;7;0;9;1;9;1
202200010293;795 671;1;0;2;7;1;5
202200010294;795 669;7;0;2;3;13;1
202200010294;795 673;30;0;2;1;1;1
202200010295;795 666;7;0;2;5;0;1
202200010295;795 668;30;0;2;1;3;1
202200010296;795 663;33;0;2;1;1;1
202200010296;795 667;7;0;2;2;15;1
202200010297;795 664;7;0;2;1;16;1
202200010297;795 665;17;0;2;1;9;1
202200010298;795 662;7;0;1;2;20;1
202200010299;795 659;1;0;2;7;5;5
202200010299;795 661;7;0;2;1;1;1
202200010300;795 658;7;0;2;1;16;1
202200010300;795 660;50;0;2;1;1;3
202200010301;795 656;34;0;2;4;0;0
202200010301;795 657;34;0;2;1;2;1
202200010302;795 652;7;0;2;1;1;1
202200010302;795 654;7;0;0;4;1;1
202200010303;795 653;31;0;2;1;1;1
202200010303;795 655;7;0;2;1;5;1
202200010304;795 650;7;0;2;6;1;1
202200010304;795 651;7;13;2;3;13;1
202200010305;795 647;7;0;2;8;15;1
202200010305;795 648;32;0;2;1;17;1
202200010306;795 645;1;0;2;1;1;5
202200010306;795 649;7;0;2;2;16;1
202200010307;795 644;7;0;2;7;14;0
202200010307;795 646;43;0;2;5;1;1
202200010308;795 642;7;0;2;7;0;1
202200010308;795 643;7;1;0;1;15;1
202200010309;795 635;7;0;0;5;2;1
202200010309;795 637;7;0;2;4;2;1
202200010309;795 639;7;0;2;1;1;1
202200010309;795 641;7;0;2;1;1;1
202200010310;795 636;7;0;2;2;26;1
202200010310;795 638;7;0;2;1;16;1
202200010310;795 640;1;0;2;8;19;0
202200010311;795 633;15;3;2;3;1;1
202200010311;795 634;7;0;2;1;13;1
202200010312;795 632;7;0;1;1;1;1
202200010313;795 631;31;0;0;8;3;1
202200010314;795 628;10;0;1;2;21;1
202200010315;795 626;7;0;2;2;12;1
202200010315;795 629;43;0;2;3;3;1
202200010316;795 627;7;9;2;1;1;1
202200010316;795 630;7;9;2;4;1;1
202200010317;795 625;7;2;0;1;1;1
202200010318;795 623;7;0;1;2;9;1
202200010319;795 620;7;0;2;7;2;1
202200010319;795 621;7;0;2;7;2;1
202200010319;795 622;7;4;2;6;2;1
202200010319;795 624;10;4;2;2;11;1
202200010320;795 619;7;0;1;0;15;1
202200010321;795 618;7;0;1;1;0;1
202200010322;795 615;10;0;2;6;1;1
202200010322;795 617;32;0;2;1;3;1
202200010323;795 613;7;1;0;4;24;1
202200010323;795 614;7;1;0;3;1;1
202200010324;795 612;2;0;2;7;19;1
202200010324;795 616;7;0;2;1;19;1
202200010325;795 610;7;0;1;1;17;1
202200010326;795 608;80;0;2;4;1;3
202200010326;795 611;7;0;2;1;9;1
202200010327;795 607;33;0;2;1;13;1
202200010327;795 609;7;0;2;3;10;1
202200010328;795 604;7;0;2;6;26;1
202200010329;795 603;10;0;2;8;1;1
202200010329;795 605;30;0;2;8;9;1
202200010330;795 601;32;0;2;8;3;1
202200010330;795 602;7;0;2;2;12;1
202200010331;795 599;7;0;1;4;25;1
202200010332;795 598;7;0;2;8;19;1
202200010332;795 600;31;0;2;1;1;1
202200010333;795 597;30;0;0;0;1;1
202200010334;795 594;7;0;1;2;1;1
202200010335;795 593;2;0;2;1;18;1
202200010335;795 596;7;0;2;7;16;1
202200010336;795 592;7;0;2;3;1;1
202200010336;795 595;7;0;2;2;1;1
202200010337;795 589;7;0;2;8;21;1
202200010337;795 591;7;0;2;1;13;1
202200010338;795 588;7;0;2;1;1;1
202200010338;795 590;7;0;1;4;23;1
202200010339;795 587;7;0;1;1;16;1
202200010340;795 586;31;3;0;7;1;1
202200010341;795 585;10;0;1;1;16;1
202200010342;795 583;32;0;2;2;0;1
202200010342;795 584;7;0;2;8;1;1
202200010343;795 581;10;2;0;3;13;1
202200010344;795 580;10;0;2;2;1;1
202200010344;795 582;1;0;2;2;9;5
202200010345;795 579;7;0;1;5;20;1
202200010346;795 574;30;0;2;2;17;1
202200010346;795 577;7;0;2;8;15;1
202200010347;795 573;14;0;9;6;9;1
202200010347;795 575;1;0;2;1;2;5
202200010348;795 569;33;0;2;1;21;1
202200010348;795 571;7;0;2;4;23;1
202200010349;795 568;1;0;9;0;1;5
202200010350;795 566;7;2;0;3;21;1
202200010351;795 561;10;0;2;3;10;1
202200010351;795 564;33;0;2;1;1;1
202200010352;795 559;10;0;2;6;1;1
202200010352;795 560;33;0;2;3;3;1
202200010352;795 562;7;0;2;2;12;1
202200010353;795 558;10;3;0;2;14;1
202200010354;795 557;10;0;2;5;9;0
202200010355;795 551;34;1;2;1;17;1
202200010355;795 554;7;0;2;8;10;1
202200010356;795 550;7;0;2;1;2;1
202200010356;795 553;7;0;2;4;2;1
202200010356;795 555;7;0;2;7;1;1
202200010357;795 549;50;0;2;7;19;3
202200010357;795 552;7;0;2;1;1;3
202200010358;795 544;99;0;2;0;16;0
202200010358;795 546;10;0;9;8;1;0
202200010359;795 543;7;0;1;6;4;1
202200010360;795 542;34;0;0;0;0;0
202200010360;795 545;32;0;2;0;0;1
202200010360;795 547;7;0;2;0;0;1
202200010360;795 548;34;0;2;1;3;1
202200010361;795 538;10;0;2;4;20;3
202200010361;795 540;2;0;2;1;1;1
202200010362;795 539;37;0;2;6;9;1
202200010362;795 541;1;0;2;7;1;5
202200010363;795 536;7;9;2;2;1;1
202200010363;795 537;7;0;2;1;15;1
202200010364;795 535;10;0;1;4;4;1
202200010365;795 531;1;0;2;0;0;5
202200010365;795 533;7;0;2;2;14;0
202200010366;795 532;7;0;2;1;1;1
202200010366;795 534;1;0;2;3;1;5
202200010367;795 529;7;0;2;5;1;1
202200010367;795 530;30;0;2;1;1;3
202200010368;795 526;7;0;2;3;10;1
202200010368;795 528;32;0;2;2;3;1
202200010369;795 524;7;0;2;3;15;1
202200010369;795 527;1;0;2;2;1;5
202200010370;795 522;7;8;0;3;1;1
202200010371;795 523;2;0;2;2;1;1
202200010371;795 525;33;0;2;8;9;1
202200010372;795 521;1;0;1;1;1;5
202200010373;795 520;30;0;1;1;17;1
202200010374;795 519;10;8;1;1;19;1
202200010375;795 517;0;0;1;8;15;0
202200010376;795 515;30;0;2;1;1;3
202200010376;795 518;7;0;2;3;15;3
202200010377;795 514;7;0;2;1;14;1
202200010377;795 516;1;0;2;7;1;5
202200010378;795 513;7;0;1;2;16;1
202200010379;795 512;7;1;0;2;14;3
202200010380;795 509;14;0;2;2;1;1
202200010380;795 511;1;0;2;8;1;5
202200010381;795 506;7;0;2;4;0;1
202200010381;795 508;99;0;2;6;0;1
202200010381;795 510;7;0;2;1;2;1
202200010382;795 504;10;0;2;4;23;1
202200010382;795 505;7;0;2;4;23;1
202200010382;795 507;7;0;2;1;1;1
202200010383;795 500;32;0;2;2;12;1
202200010383;795 502;10;0;0;6;1;1
202200010384;795 501;7;0;2;3;2;1
202200010384;795 503;32;0;2;2;15;1
202200010385;795 497;37;0;0;7;1;1
202200010386;795 498;43;12;2;8;21;1
202200010386;795 499;7;0;2;0;18;0
202200010387;795 496;1;0;1;1;19;5
202200010388;795 493;30;0;2;5;14;1
202200010388;795 495;10;0;2;3;1;1
202200010389;795 492;32;0;2;0;1;1
202200010389;795 494;30;0;2;5;16;0
202200010390;795 488;10;0;2;7;16;1
202200010390;795 490;50;0;2;3;1;3
202200010391;795 487;7;4;2;4;1;1
202200010391;795 489;10;0;2;1;1;1
202200010391;795 491;7;0;2;9;1;1
202200010392;795 485;7;0;2;6;10;3
202200010392;795 486;50;0;2;1;17;3
202200010393;795 483;7;0;1;1;1;1
202200010394;795 481;30;0;0;0;1;0
202200010394;795 484;7;0;0;2;16;1
202200010395;795 480;10;0;2;3;1;1
202200010395;795 482;7;0;2;1;15;1
202200010396;795 479;37;0;1;2;7;1
202200010397;795 478;7;0;1;1;1;1
202200010398;795 476;2;0;2;0;1;3
202200010398;795 477;7;0;2;0;22;0
202200010399;795 472;7;0;2;1;2;1
202200010399;795 475;7;0;1;4;23;1
202200010400;795 470;7;0;2;3;1;1
202200010400;795 473;7;1;2;2;1;1
202200010401;795 471;32;0;2;5;1;1
202200010401;795 474;7;0;2;3;9;1
202200010402;795 469;1;0;0;0;21;5
202200010403;795 468;30;0;1;1;1;3
202200010404;795 467;15;0;1;1;1;1
202200010405;795 466;30;0;1;1;1;3
202200010406;795 465;7;0;1;1;1;1
202200010407;795 463;33;0;0;0;17;1
202200010408;795 461;10;0;2;3;1;1
202200010408;795 462;7;0;2;3;13;0
202200010409;795 458;7;0;2;3;1;1
202200010409;795 459;7;0;2;3;13;1
202200010410;795 457;7;0;2;8;1;1
202200010410;795 460;7;0;2;1;1;1
202200010411;795 464;7;0;1;3;15;1
202200010412;795 453;7;0;2;1;2;1
202200010412;795 455;7;0;2;4;2;1
202200010413;795 451;7;0;2;1;2;1
202200010413;795 452;7;0;2;1;2;1
202200010413;795 454;7;0;2;1;2;1
202200010413;795 456;7;0;0;4;1;1
202200010414;795 447;43;0;2;1;17;1
202200010414;795 449;7;0;2;3;10;1
202200010414;795 450;33;0;2;1;17;1
202200010415;795 446;7;0;0;1;15;1
202200010415;795 448;33;0;2;1;1;1
202200010416;795 445;32;0;0;0;2;1
202200010417;795 443;7;0;2;5;19;1
202200010417;795 444;7;0;2;1;1;1
202200010418;795 442;10;8;0;1;2;1
202200010419;795 439;7;0;0;4;1;1
202200010419;795 440;30;0;2;1;1;1
202200010420;795 437;7;0;2;4;15;1
202200010420;795 438;7;0;2;3;1;1
202200010420;795 441;10;0;2;3;1;1
202200010421;795 436;7;0;9;1;1;1
202200010422;795 435;7;0;1;2;1;1
202200010423;795 433;7;0;2;8;15;1
202200010423;795 434;34;0;2;1;1;1
202200010424;795 431;7;0;2;8;0;1
202200010424;795 432;7;0;2;8;0;1
202200010425;795 429;40;0;2;1;1;3
202200010425;795 430;7;0;4;3;1;2
202200010426;795 428;7;0;1;3;2;1
202200010427;795 426;7;0;1;2;1;1
202200010428;795 425;2;0;0;0;26;3
202200010428;795 427;7;0;2;7;13;1
202200010429;795 424;7;2;0;1;1;1
202200010430;795 423;7;0;1;2;2;1
202200010431;795 422;38;0;1;2;1;0
202200010432;795 421;2;0;0;3;1;1
202200010433;795 419;10;0;2;7;15;1