Num_Acc;id_vehicule;categorie_vehicule;obstacle_fixe;obstacle_mobile;point_choc_initial;manoeuvre_principale;motorisation
202200010433;795 420;43;0;2;1;1;1
202200010434;795 416;7;0;1;1;1;1
202200010435;795 414;7;0;2;1;15;1
202200010435;795 415;7;0;2;3;1;1
202200010436;795 412;7;0;2;2;15;1
202200010436;795 413;2;0;2;1;1;1
202200010437;795 410;7;0;0;8;17;1
202200010437;795 411;1;0;2;1;1;5
202200010438;795 409;1;0;0;0;0;5
202200010439;795 408;7;2;0;1;21;1
202200010440;795 407;32;0;1;1;1;1
202200010441;795 406;15;15;0;1;24;1
202200010442;795 404;7;2;0;3;1;1
202200010443;795 403;32;0;2;1;1;1
202200010443;795 405;7;0;2;2;3;1
202200010444;795 401;7;0;2;1;13;1
202200010444;795 402;7;0;2;1;1;1
202200010445;795 399;7;0;9;2;1;1
202200010445;795 400;50;0;2;2;5;3
202200010446;795 397;7;0;2;0;1;1
202200010446;795 398;7;0;2;2;14;1
202200010447;795 395;10;16;2;2;1;1
202200010447;795 396;7;13;2;3;9;1
202200010448;795 394;7;0;1;2;17;1
202200010449;795 390;7;0;0;1;1;1
202200010449;795 393;30;0;0;8;19;1
202200010450;795 391;10;0;2;2;14;1
202200010450;795 392;15;0;2;6;1;1
202200010451;795 388;33;12;0;8;1;0
202200010452;795 387;7;0;2;8;16;1
202200010452;795 389;7;0;2;1;1;1
202200010453;795 384;7;0;2;1;1;1
202200010453;795 386;33;0;2;8;1;1
202200010454;795 383;15;0;2;1;1;1
202200010454;795 385;7;0;2;1;17;1
202200010455;795 382;15;0;0;1;0;1
202200010456;795 380;7;0;2;3;15;1
202200010456;795 381;7;0;2;1;5;1
202200010457;795 378;7;0;9;8;5;0
202200010457;795 379;33;8;0;3;2;1
202200010458;795 376;33;0;2;1;1;1
202200010458;795 377;7;0;2;1;13;1
202200010459;795 374;33;0;2;1;17;1
202200010459;795 375;7;0;2;3;1;1
202200010460;795 373;13;0;9;2;1;1
202200010461;795 371;7;0;2;3;1;1
202200010461;795 372;33;0;2;1;13;1
202200010462;795 370;7;0;1;2;9;1
202200010463;795 367;33;0;2;1;1;1
202200010463;795 369;7;0;2;3;15;1
202200010464;795 366;7;0;2;1;1;1
202200010464;795 368;7;0;2;3;17;1
202200010465;795 362;7;6;2;2;1;0
202200010465;795 364;7;0;2;1;1;2
202200010466;795 363;17;0;0;3;22;1
202200010466;795 365;1;1;0;1;17;5
202200010467;795 359;15;0;0;8;1;1
202200010467;795 361;7;4;2;3;17;1
202200010468;795 358;36;6;0;1;1;1
202200010469;795 357;33;2;0;0;1;1
202200010470;795 355;7;0;1;2;1;1
202200010471;795 354;34;0;2;1;1;1
202200010471;795 356;7;0;0;3;15;1
202200010472;795 353;7;0;1;1;2;1
202200010473;795 350;10;0;2;3;1;1
202200010473;795 351;10;0;2;3;1;1
202200010473;795 352;7;0;2;3;5;3
202200010474;795 346;7;0;2;1;0;1
202200010474;795 349;7;0;2;5;26;1
202200010475;795 347;7;0;2;1;13;1
202200010475;795 348;7;0;2;1;1;1
202200010476;795 344;7;0;1;1;23;1
202200010477;795 343;7;0;2;3;13;1
202200010477;795 345;7;1;2;3;1;1
202200010478;795 341;7;0;2;4;1;1
202200010478;795 342;7;0;2;1;1;1
202200010479;795 339;1;0;2;1;2;5
202200010479;795 340;7;0;2;3;9;1
202200010480;795 337;7;0;2;1;2;1
202200010480;795 338;7;0;2;4;2;1
202200010481;795 335;7;2;0;1;1;1
202200010482;795 332;7;0;2;1;1;1
202200010482;795 333;7;0;0;4;23;1
202200010482;795 334;7;0;0;4;23;1
202200010482;795 336;7;0;0;4;23;1
202200010483;795 330;7;0;2;4;2;1
202200010483;795 331;33;0;2;1;2;1
202200010484;795 329;80;12;0;0;1;3
202200010485;795 327;7;0;2;2;1;1
202200010485;795 328;7;0;2;8;9;1
202200010486;795 326;7;2;0;3;26;1
202200010487;795 324;7;0;2;1;2;1
202200010487;795 325;7;0;2;4;2;1
202200010488;795 322;7;0;2;4;1;1
202200010488;795 323;7;0;2;1;26;1
202200010489;795 321;7;1;0;2;1;1
202200010490;795 319;7;0;2;1;0;1
202200010490;795 320;7;0;2;6;0;1
202200010491;795 316;33;0;2;1;2;1
202200010491;795 318;7;0;2;2;2;1
202200010492;795 317;7;2;0;3;1;0
202200010493;795 315;10;5;0;1;14;3
202200010494;795 312;1;0;2;1;5;5
202200010494;795 314;7;0;0;2;1;1
202200010495;795 311;33;0;2;1;3;1
202200010495;795 313;7;0;2;4;13;1
202200010496;795 310;7;6;0;1;1;1
202200010497;795 309;17;1;0;2;1;1
202200010498;795 307;7;0;2;1;1;1
202200010498;795 308;7;0;2;1;1;1
202200010499;795 303;10;0;2;4;23;1
202200010499;795 305;7;0;2;1;1;2
202200010499;795 306;7;0;2;1;1;2
202200010500;795 302;7;0;2;3;0;1
202200010500;795 304;7;0;2;3;0;1
202200010501;795 299;7;0;2;1;1;1
202200010501;795 301;7;0;2;4;2;1
202200010502;795 298;7;0;2;3;26;1
202200010502;795 300;33;0;2;1;1;1
202200010503;795 297;32;0;0;0;1;1
202200010504;795 296;36;13;0;2;15;1
202200010505;795 292;33;1;2;1;1;1
202200010505;795 293;7;0;2;5;2;1
202200010505;795 294;7;0;2;4;2;1
202200010506;795 291;7;0;2;3;2;1
202200010506;795 295;33;0;2;5;16;1
202200010507;795 288;33;0;2;1;2;1
202200010507;795 290;7;1;0;4;2;1
202200010508;795 286;7;2;0;3;1;1
202200010509;795 287;7;0;2;1;2;1
202200010509;795 289;7;0;2;4;2;1
202200010510;795 283;7;0;2;3;1;1
202200010510;795 284;7;0;2;3;1;1
202200010510;795 285;33;0;2;3;17;1
202200010511;795 281;7;0;2;2;9;1
202200010511;795 282;31;0;2;1;2;1
202200010512;795 279;7;0;2;8;10;1
202200010512;795 280;7;0;2;1;2;1
202200010513;795 276;7;0;2;1;13;1
202200010513;795 277;7;0;2;1;1;1
202200010514;795 275;7;2;0;1;1;1
202200010515;795 274;10;17;0;9;1;1
202200010516;795 272;15;0;0;2;1;1
202200010516;795 273;7;0;2;2;5;1
202200010517;795 270;31;0;2;1;1;1
202200010517;795 271;99;0;2;5;15;1
202200010518;795 268;1;0;2;8;15;5
202200010518;795 269;7;0;9;1;1;1
202200010519;795 266;31;15;2;1;1;1
202200010519;795 267;10;0;2;3;15;1
202200010520;795 264;21;0;2;8;1;1
202200010520;795 265;33;0;2;1;1;1
202200010521;795 262;7;0;0;3;16;1
202200010521;795 263;33;0;2;2;2;1
202200010522;795 261;10;11;0;3;5;1
202200010523;795 259;7;0;2;3;5;1
202200010523;795 260;10;0;2;3;1;1
202200010524;795 257;7;0;0;1;2;1
202200010524;795 258;7;0;2;4;2;1
202200010525;795 255;32;0;2;1;17;1
202200010525;795 256;2;0;2;1;1;1
202200010526;795 254;2;0;0;8;1;1
202200010527;795 253;32;14;0;8;2;1
202200010528;795 251;7;0;2;1;2;1
202200010528;795 252;17;0;2;4;23;1
202200010529;795 247;7;0;2;1;1;1
202200010529;795 248;7;0;2;1;0;1
202200010529;795 249;7;0;0;4;1;1
202200010529;795 250;7;0;0;8;1;1
202200010530;795 246;33;4;0;3;2;1
202200010531;795 244;7;0;2;8;15;1
202200010531;795 245;7;0;2;1;17;1
202200010532;795 241;7;0;2;2;15;1
202200010532;795 242;7;0;2;9;1;1
202200010532;795 243;15;0;2;2;23;1
202200010533;795 239;7;0;0;4;23;1
202200010533;795 240;7;0;2;1;1;1
202200010534;795 237;33;0;2;2;17;1
202200010534;795 238;7;13;2;8;15;1
202200010535;795 236;43;13;0;1;1;1
202200010536;795 234;7;0;9;1;1;1
202200010536;795 235;1;0;0;4;1;5
202200010537;795 232;7;0;2;1;19;1
202200010537;795 233;7;0;2;1;1;1
202200010538;795 231;7;8;0;0;14;1
202200010539;795 230;1;16;0;9;1;5
202200010540;795 229;10;2;0;1;0;1
202200010541;795 227;31;0;0;4;23;1
202200010541;795 228;7;0;2;1;26;1
202200010542;795 225;80;0;2;3;1;3
202200010542;795 226;7;0;2;7;2;1
202200010543;795 223;2;0;2;1;1;1
202200010543;795 224;15;0;2;1;15;1
202200010544;795 222;33;3;0;1;0;1
202200010545;795 221;7;0;1;2;1;1
202200010546;795 220;31;0;6;1;0;1
202200010547;795 219;7;4;0;8;13;1
202200010548;795 218;7;13;0;2;1;1
202200010549;795 217;2;0;0;1;13;1
202200010550;795 216;7;0;1;1;23;1
202200010551;795 214;1;0;2;1;1;5
202200010551;795 215;99;0;2;8;1;1
202200010552;795 212;14;0;2;4;4;1
202200010552;795 213;7;0;2;3;1;1
202200010553;795 209;7;0;2;1;1;1
202200010553;795 210;2;0;2;3;19;1
202200010554;795 208;7;13;0;1;13;1
202200010555;795 207;1;0;0;0;1;5
202200010556;795 206;7;14;0;3;1;1
202200010557;795 205;7;6;0;3;0;1
202200010558;795 203;15;0;0;7;15;1
202200010558;795 204;7;7;2;1;1;1
202200010559;795 201;33;0;2;8;26;1
202200010559;795 202;7;0;2;1;0;1
202200010560;795 199;10;0;2;3;2;1
202200010560;795 200;21;0;2;6;15;1
202200010561;795 197;7;0;2;5;23;1
202200010561;795 198;7;0;2;2;1;1
202200010562;795 195;33;0;2;1;1;1
202200010562;795 196;7;0;2;2;15;1
202200010563;795 194;2;8;0;1;0;1
202200010564;795 193;7;13;1;3;14;1
202200010565;795 192;7;13;0;2;1;1
202200010566;795 191;7;0;0;0;1;1
202200010567;795 190;2;16;0;0;0;1
202200010568;795 188;7;0;2;2;2;1
202200010568;795 189;30;0;2;4;2;1
202200010569;795 187;7;13;0;1;14;1
202200010570;795 185;10;0;2;3;17;1
202200010570;795 186;1;0;2;1;1;5
202200010571;795 184;7;3;0;1;14;1
202200010572;795 182;34;0;2;1;17;1
202200010572;795 183;7;0;2;3;1;1
202200010573;795 180;7;0;2;8;17;1
202200010573;795 181;33;0;2;7;17;1
202200010574;795 178;7;0;2;2;1;1
202200010574;795 179;7;0;2;8;19;1
202200010575;795 177;7;0;1;1;1;1
202200010576;795 176;7;0;1;1;9;1
202200010577;795 175;13;13;0;2;1;1
202200010578;795 173;33;15;0;1;0;1
202200010579;795 171;10;1;0;2;1;1
202200010579;795 172;10;0;0;6;23;1
202200010580;795 170;7;4;0;2;1;1
202200010581;795 168;10;0;2;3;1;1
202200010581;795 169;7;0;0;5;1;1
202200010582;795 166;7;0;0;5;1;1
202200010582;795 167;31;0;2;3;1;1
202200010583;795 165;36;0;0;0;26;1
202200010584;795 163;7;0;9;6;15;1
202200010584;795 164;2;0;2;1;1;1
202200010585;795 161;7;3;2;1;1;1
202200010585;795 162;7;0;0;6;1;1
202200010586;795 160;33;11;0;1;1;1
202200010587;795 158;10;6;2;3;1;1
202200010587;795 159;7;0;2;3;1;2
202200010588;795 155;7;3;2;3;5;1
202200010588;795 156;7;3;2;3;1;1
202200010588;795 157;7;3;2;1;1;1
202200010589;795 153;1;0;0;4;2;5
202200010589;795 154;13;0;2;2;2;0
202200010590;795 152;7;15;0;0;0;1
202200010591;795 150;1;0;2;8;15;5
202200010591;795 151;7;0;2;7;17;1
202200010592;795 148;1;0;2;7;21;5
202200010592;795 149;7;0;2;3;23;0
202200010593;795 147;7;0;1;1;1;1
202200010594;795 146;33;0;0;4;11;1
202200010595;795 144;7;9;2;6;16;1
202200010595;795 145;7;1;2;3;1;2
202200010596;795 142;31;0;2;1;1;0
202200010596;795 143;2;0;2;6;15;1
202200010597;795 140;7;0;2;1;10;1
202200010597;795 141;33;12;2;2;1;1
202200010598;795 138;7;0;2;1;17;1
202200010598;795 139;21;0;2;4;15;1
202200010599;795 137;7;0;1;1;15;1
202200010600;795 134;7;0;2;3;5;1
202200010600;795 135;7;0;2;3;2;1
202200010600;795 136;15;0;2;2;1;1
202200010601;795 132;2;0;2;1;2;1
202200010601;795 133;7;0;0;4;1;1
202200010602;795 131;33;13;0;1;1;1
202200010603;795 130;7;4;0;3;0;1
202200010604;795 129;10;0;1;3;1;1
202200010605;795 126;7;0;2;1;2;1
202200010605;795 127;7;0;2;4;2;1
202200010605;795 128;7;0;2;4;2;1
202200010606;795 124;7;0;2;1;1;1
202200010606;795 125;7;0;2;4;1;1
202200010607;795 122;7;0;2;1;2;1
202200010607;795 123;7;0;2;4;1;3
202200010608;795 121;33;11;0;1;14;0
202200010609;795 120;7;6;0;8;1;1
202200010610;795 118;7;0;2;1;1;1
202200010610;795 119;7;0;2;4;2;1
202200010611;795 117;7;4;0;3;1;1
202200010612;795 115;7;0;2;4;1;0
202200010612;795 116;33;0;2;1;2;1
202200010613;795 114;33;0;0;7;16;1
202200010614;795 110;7;0;2;5;23;1
202200010614;795 111;7;0;2;7;23;1
202200010614;795 112;33;0;2;1;3;1
202200010614;795 113;7;0;2;3;11;1
202200010615;795 098;33;16;2;7;0;1
202200010615;795 099;1;12;2;7;2;5
202200010616;795 097;30;0;1;1;1;0
202200010617;795 095;7;0;2;3;0;1
202200010617;795 096;30;0;2;5;0;1
202200010618;795 092;7;0;2;1;1;1
202200010618;795 093;7;0;2;4;1;1
202200010618;795 094;7;0;2;4;1;0
202200010619;795 091;34;0;0;0;0;1
202200010620;795 090;7;1;0;1;14;1
202200010621;795 089;33;14;0;8;15;1
202200010622;795 087;7;0;2;5;1;2
202200010622;795 088;7;0;2;1;1;1
202200010623;795 085;34;0;2;1;3;1
202200010623;795 086;7;0;2;3;15;1
202200010624;795 083;7;0;2;4;1;1
202200010624;795 084;13;0;2;1;1;1
202200010625;795 082;7;8;0;1;14;1
202200010626;795 080;7;0;2;1;2;1
202200010626;795 081;7;0;2;4;2;1
202200010627;795 078;7;0;1;4;20;1
202200010628;795 076;7;0;2;1;15;1
202200010628;795 077;33;0;2;4;2;1
202200010629;795 074;7;0;2;3;15;1
202200010629;795 075;30;0;2;1;1;1
202200010630;795 072;15;1;2;1;13;0
202200010630;795 073;10;0;2;3;1;0
202200010631;795 070;33;0;2;1;1;1
202200010631;795 071;7;0;2;7;15;1
202200010632;795 069;7;1;0;1;13;1
202200010633;795 067;1;12;0;4;2;5
202200010633;795 068;7;12;0;1;2;1
202200010634;795 065;10;0;1;3;15;1
202200010635;795 063;1;0;2;1;0;5
202200010635;795 064;7;0;2;1;15;1
202200010636;795 061;7;0;2;2;1;1
202200010636;795 062;2;8;2;8;9;3
202200010637;795 060;7;0;1;1;1;1
202200010638;795 059;7;1;0;1;13;1
202200010639;795 057;1;0;2;1;15;5
202200010639;795 058;7;0;2;7;16;1
202200010640;795 055;10;0;2;3;9;1
202200010640;795 056;30;0;2;1;1;1
202200010641;795 054;7;17;0;9;17;1
202200010642;795 052;33;0;2;8;18;1
202200010642;795 053;7;0;2;7;16;1
202200010643;795 050;1;0;2;1;1;5
202200010643;795 051;7;0;2;4;4;1
202200010644;795 048;7;0;2;4;23;0
202200010644;795 049;80;0;2;1;1;3
202200010645;795 046;1;0;2;1;1;5
202200010645;795 047;7;0;9;3;16;1
202200010646;795 043;7;0;2;6;9;1
202200010646;795 044;7;0;2;3;13;1
202200010647;795 042;7;13;0;0;2;1
202200010648;795 041;0;0;1;2;26;0
202200010649;795 040;3;14;0;3;15;0
202200010650;795 038;7;0;2;1;1;1
202200010650;795 039;7;0;2;1;17;1
202200010651;795 036;7;0;2;4;1;1
202200010651;795 037;10;0;2;1;1;1
202200010652;795 033;17;0;2;6;2;1
202200010652;795 034;7;0;2;4;2;1
202200010652;795 035;7;0;2;1;2;1
202200010653;795 031;32;0;2;3;1;1
202200010653;795 032;10;0;2;3;13;1
202200010654;795 029;7;0;2;1;15;1
202200010654;795 030;7;0;2;8;1;1
202200010655;795 027;15;0;2;1;16;1
202200010655;795 028;1;0;2;8;1;5
202200010656;795 025;7;0;1;6;2;2
202200010656;795 026;7;0;2;1;2;2
202200010657;795 022;34;0;2;4;2;1
202200010657;795 023;33;0;2;5;2;1
202200010657;795 024;33;0;2;3;13;1
202200010658;795 021;43;0;0;2;1;1
202200010659;795 020;33;4;0;3;14;1
202200010660;795 017;34;0;2;4;1;1
202200010660;795 018;7;0;2;2;1;1
202200010660;795 019;7;0;2;8;11;1
202200010661;795 016;32;1;2;7;21;1
202200010662;795 015;1;12;0;1;14;5
202200010663;795 014;7;9;0;1;1;1
202200010664;795 012;7;0;2;5;22;3
202200010664;795 013;1;1;0;0;1;5
202200010665;795 010;99;16;2;1;1;3
202200010665;795 011;10;16;0;5;15;3
202200010666;795 008;7;0;2;2;2;2
202200010666;795 009;2;0;0;0;0;0
202200010667;795 007;37;0;1;3;1;1
202200010668;795 005;7;0;2;3;1;1
202200010668;795 006;10;0;2;2;19;1
202200010669;795 003;7;0;2;0;0;0
202200010669;795 004;34;0;2;0;0;0
202200010670;795 001;99;0;2;3;1;0
202200010670;795 002;10;0;9;7;16;1
202200010671;795 000;7;0;1;2;16;2
202200010672;794 998;7;0;2;1;1;0
202200010672;794 999;30;0;2;1;1;1
202200010673;794 996;31;0;2;1;1;1
202200010673;794 997;10;0;2;5;19;1
202200010674;794 994;7;0;2;3;1;1
202200010674;794 995;33;0;2;3;17;1
202200010675;794 992;1;0;2;8;15;5
202200010675;794 993;7;0;9;2;0;1
202200010676;794 990;7;0;2;2;2;1
202200010676;794 991;7;3;0;6;2;1
202200010677;794 988;7;3;2;3;18;1
202200010677;794 989;7;0;2;2;12;1
202200010678;794 986;7;6;0;8;13;1
202200010679;794 983;15;0;0;1;1;1
202200010679;794 984;7;0;0;1;1;1
202200010680;794 985;7;0;2;3;15;1
202200010680;794 987;10;0;2;1;1;0
202200010681;794 981;10;0;2;3;0;1
202200010681;794 982;7;3;2;1;0;1
202200010682;794 979;31;0;2;7;1;1
202200010682;794 980;7;0;2;1;19;1
202200010683;794 978;10;0;1;3;1;1
202200010684;794 976;31;0;2;1;1;1
202200010684;794 977;7;0;2;3;15;1
202200010685;794 974;17;13;0;1;2;1
202200010686;794 971;7;2;0;2;1;1
202200010686;794 972;7;2;2;0;17;1
202200010687;794 967;7;0;2;4;15;1
202200010687;794 968;33;0;2;4;1;1
202200010687;794 969;33;0;2;1;1;1
202200010688;794 965;7;0;2;3;17;1
202200010688;794 966;7;0;2;3;1;2
202200010688;794 970;10;0;2;8;1;1
202200010688;794 973;7;0;2;3;1;1
202200010688;794 975;7;0;2;1;1;1
202200010689;794 962;7;0;2;4;2;1
202200010689;794 963;33;0;2;9;2;1
202200010689;794 964;7;0;2;1;2;1
202200010690;794 960;7;3;0;1;1;1
202200010691;794 959;2;0;2;1;1;1
202200010691;794 961;1;0;2;6;15;5
202200010692;794 957;14;0;0;8;1;1
202200010693;794 955;7;0;2;5;11;1
202200010693;794 956;33;0;2;1;1;1
202200010693;794 958;7;0;2;1;1;3
202200010694;794 953;10;0;1;7;14;1
202200010695;794 952;7;0;1;4;23;1
202200010695;794 954;7;1;2;1;2;1
202200010696;794 948;10;0;2;3;1;1
202200010696;794 950;7;0;2;3;13;1
202200010697;794 949;1;0;2;8;0;5
202200010697;794 951;37;0;2;7;1;1
202200010698;794 946;7;3;0;1;2;1
202200010699;794 945;7;0;2;1;1;1
202200010699;794 947;7;0;2;3;16;1
202200010700;794 943;2;0;0;0;1;1
202200010701;794 942;7;0;2;1;1;1
202200010701;794 944;2;0;2;5;1;1
202200010702;794 941;33;13;0;8;1;1
202200010703;794 938;15;0;2;1;2;1
202200010703;794 939;80;0;2;4;15;3
202200010704;794 937;7;0;2;2;16;1
202200010704;794 940;50;0;2;1;25;3
202200010705;794 934;7;0;2;1;1;1
202200010705;794 936;33;0;2;1;26;1
202200010706;794 932;43;0;2;1;0;1
202200010706;794 933;7;3;2;3;0;1
202200010706;794 935;10;4;2;1;0;1
202200010707;794 930;7;0;2;2;19;1
202200010707;794 931;31;0;2;1;1;1
202200010708;794 929;7;4;0;9;1;1
202200010709;794 927;7;0;2;3;15;1
202200010709;794 928;15;0;2;1;1;1
202200010710;794 926;15;1;0;2;14;1
202200010711;794 925;7;13;0;9;13;1
202200010712;794 924;7;13;0;1;1;1
202200010713;794 923;7;13;0;9;1;1
202200010714;794 921;7;0;2;1;17;1
202200010714;794 922;7;0;2;1;1;1
202200010715;794 919;7;0;2;4;1;2
202200010715;794 920;30;0;2;1;1;1
202200010716;794 917;7;0;2;3;9;1
202200010716;794 918;33;0;2;4;1;1
202200010717;794 912;7;0;2;1;13;1
202200010717;794 914;7;0;2;1;1;1
202200010718;794 911;7;0;2;4;1;1
202200010718;794 913;7;0;2;4;1;1
202200010718;794 915;7;0;2;4;1;1
202200010718;794 916;10;0;2;1;1;1
202200010719;794 910;7;0;0;1;14;1
202200010720;794 908;7;13;0;2;0;1
202200010721;794 907;7;8;2;8;1;1
202200010721;794 909;33;0;2;7;1;1
202200010722;794 906;7;0;0;9;1;1
202200010723;794 903;33;3;0;8;13;1
202200010724;794 904;7;0;2;3;1;1
202200010724;794 905;7;0;2;3;1;1
202200010725;794 902;10;17;0;2;14;1
202200010726;794 899;7;0;2;1;1;1
202200010726;794 900;7;0;2;1;13;1
202200010727;794 897;7;13;0;1;13;1
202200010728;794 893;33;0;2;1;1;1
202200010728;794 895;7;0;2;7;15;2
202200010729;794 890;7;0;1;1;1;1
202200010730;794 891;7;0;2;3;1;1
202200010730;794 892;7;0;2;2;1;1
202200010730;794 894;7;0;2;3;20;1
202200010731;794 889;2;0;0;1;0;1
202200010732;794 886;7;0;9;2;2;1
202200010732;794 887;1;0;9;4;1;5
202200010733;794 885;7;0;2;1;13;2
202200010733;794 888;7;0;2;1;1;1
202200010734;794 883;7;0;2;3;9;1
202200010734;794 884;1;0;2;1;2;5
202200010735;794 881;7;0;2;1;1;1
202200010735;794 882;7;0;2;1;13;1
202200010736;794 879;17;0;2;1;2;1
202200010736;794 880;7;4;0;2;1;1
202200010737;794 877;7;0;2;3;1;1
202200010737;794 878;7;0;2;3;13;1
202200010738;794 874;7;0;2;1;1;1
202200010738;794 876;7;3;2;8;1;1
202200010739;794 872;7;6;0;1;1;1
202200010740;794 869;33;0;2;3;13;1
202200010740;794 871;10;0;2;3;13;1
202200010741;794 870;7;13;0;1;26;1
202200010742;794 867;33;0;2;7;1;1
202200010742;794 868;7;0;2;1;9;1
202200010743;794 865;7;0;2;1;1;1
202200010743;794 866;7;1;2;4;23;1
202200010744;794 863;7;0;2;3;1;1
202200010744;794 864;33;0;2;2;1;1
202200010745;794 859;7;2;0;1;19;1
202200010746;794 860;33;0;2;1;1;1
202200010746;794 862;7;0;2;3;19;1
202200010747;794 858;7;0;2;1;1;0
202200010747;794 861;7;4;2;4;1;1
202200010748;794 856;7;0;2;1;17;1
202200010748;794 857;7;0;2;1;13;1
202200010749;794 855;7;0;1;1;1;1
202200010750;794 851;33;1;2;4;1;1
202200010750;794 852;7;0;2;3;9;1
202200010751;794 849;7;0;2;1;15;1
202200010751;794 850;32;0;0;8;1;1
202200010752;794 846;15;0;2;0;1;1
202200010752;794 848;1;0;2;0;23;5
202200010753;794 843;15;0;2;3;13;1
202200010753;794 845;32;0;2;1;13;3
202200010754;794 840;1;0;2;8;19;5
202200010754;794 841;7;0;9;3;1;1
202200010755;794 839;17;0;2;1;17;1
202200010755;794 842;17;0;2;4;2;1
202200010755;794 844;10;0;2;4;1;1
202200010755;794 847;7;0;2;4;1;1
202200010755;794 853;7;0;2;4;0;1
202200010755;794 854;99;0;2;4;1;1
202200010756;794 838;7;0;1;2;1;1
202200010757;794 836;7;6;0;2;1;1
202200010758;794 833;14;0;2;1;2;1
202200010758;794 834;7;0;2;4;2;1
202200010759;794 832;7;0;2;2;10;1
202200010759;794 835;31;0;2;1;1;1
202200010760;794 829;33;0;0;0;2;1
202200010761;794 831;7;6;0;1;1;1
202200010762;794 825;7;0;2;1;1;1
202200010762;794 827;7;0;2;6;12;1
202200010762;794 828;7;0;2;4;1;1
202200010762;794 830;10;0;2;6;1;1
202200010763;794 824;2;0;0;7;1;1
202200010763;794 826;7;0;2;3;9;1
202200010764;794 820;7;0;2;1;2;1
202200010764;794 823;7;0;2;4;2;1
202200010765;794 821;34;0;0;0;21;1
202200010766;794 818;7;0;2;1;2;1
202200010766;794 822;7;0;2;4;2;1
202200010767;794 817;7;0;2;3;11;1
202200010767;794 819;33;0;2;1;3;1
202200010768;794 813;7;0;2;1;19;1
202200010768;794 816;30;0;2;7;17;1
202200010769;794 809;33;0;2;8;11;1
202200010769;794 811;7;0;2;7;1;1
202200010769;794 814;7;0;2;0;0;1
202200010770;794 805;7;4;0;3;1;1
202200010771;794 804;7;0;2;3;13;1
202200010771;794 807;7;0;2;8;1;1
202200010771;794 810;10;0;2;3;1;1
202200010772;794 806;7;0;2;2;1;1
202200010772;794 808;31;0;2;3;17;1
202200010773;794 803;7;4;0;8;9;1
202200010774;794 802;7;4;0;1;1;1
202200010775;794 801;33;4;0;2;3;1
202200010776;794 799;1;0;2;8;0;5
202200010776;794 800;50;0;2;0;26;3
202200010777;794 798;7;4;0;9;1;1
202200010778;794 797;7;8;0;1;1;1
202200010779;794 794;7;0;2;4;12;2
202200010779;794 796;33;0;2;1;3;1
202200010780;794 793;80;0;2;6;1;3
202200010780;794 795;1;0;2;7;17;0
202200010781;794 791;80;1;1;1;1;3
202200010782;794 790;33;0;2;1;1;1
202200010782;794 792;10;0;2;4;21;1
202200010783;794 788;7;0;1;1;1;1
202200010784;794 787;7;0;2;8;1;1
202200010784;794 789;7;12;2;3;13;1
202200010785;794 786;7;0;1;1;1;1
202200010786;794 782;7;0;2;1;2;1
202200010786;794 784;7;0;2;4;2;1
202200010786;794 785;7;0;2;4;2;1
202200010787;794 781;99;0;2;4;1;3
202200010787;794 783;7;0;2;3;1;1
202200010788;794 778;7;0;2;3;15;1
202200010788;794 780;33;0;2;5;1;1
202200010789;794 777;7;0;2;1;1;1
202200010789;794 779;7;0;2;4;1;2
202200010790;794 776;7;0;1;1;26;1
202200010791;794 774;32;0;2;2;1;1
202200010791;794 775;7;0;2;1;10;1
202200010792;794 772;30;0;2;1;1;1
202200010792;794 773;7;0;2;3;1;1
202200010793;794 770;10;0;2;2;1;1
202200010793;794 771;7;0;2;7;15;1
202200010794;794 767;7;0;1;1;13;1
202200010795;794 766;10;0;2;2;1;1
202200010795;794 769;37;0;2;3;1;1
202200010796;794 765;7;0;0;0;0;1
202200010796;794 768;7;3;2;1;1;1
202200010797;794 763;33;0;2;7;17;1
202200010797;794 764;10;0;2;8;15;1
202200010798;794 760;7;0;2;2;15;1
202200010798;794 762;7;0;2;1;1;1
202200010799;794 759;30;0;0;2;1;1
202200010800;794 761;10;0;1;1;15;0
202200010801;794 757;1;0;0;0;0;5
202200010801;794 758;7;0;2;3;2;1
202200010802;794 756;7;0;1;1;20;1
202200010803;794 754;31;0;0;9;1;1
202200010804;794 755;7;0;1;1;9;1
202200010805;794 751;43;0;2;7;1;1
202200010805;794 753;7;0;2;6;11;1
202200010806;794 749;32;0;2;2;1;1
202200010806;794 750;7;0;2;2;9;1
202200010807;794 745;7;0;0;7;14;1
202200010808;794 747;1;0;2;1;1;5
202200010808;794 748;7;12;0;2;26;1
202200010809;794 744;2;0;2;1;1;1
202200010809;794 746;7;0;0;0;0;0
202200010810;794 741;32;0;1;0;0;1
202200010811;794 742;50;0;2;2;16;3
202200010811;794 743;7;0;2;3;13;1
202200010812;794 740;10;0;1;2;1;1
202200010813;794 738;1;0;0;8;13;5
202200010814;794 737;7;0;2;1;1;1
202200010814;794 739;7;0;2;1;13;1
202200010815;794 736;10;0;1;1;15;1
202200010816;794 735;7;0;1;3;19;0
202200010817;794 732;7;0;4;8;15;1
202200010817;794 734;40;0;2;1;1;0
202200010818;794 731;33;0;2;7;1;1
202200010818;794 733;7;0;2;3;9;0
202200010819;794 725;13;0;2;1;26;1
202200010819;794 727;13;0;2;5;26;1
202200010820;794 724;7;0;2;1;1;1
202200010820;794 726;7;0;2;9;1;1
202200010820;794 729;7;0;2;1;1;1
202200010821;794 723;7;0;1;1;19;1
202200010822;794 721;7;0;1;3;1;2
202200010823;794 719;7;0;2;4;23;1
202200010823;794 720;7;0;2;4;23;1
202200010823;794 722;37;0;2;1;2;1