Num_Acc;id_vehicule;categorie_vehicule;obstacle_fixe;obstacle_mobile;point_choc_initial;manoeuvre_principale;motorisation
202200010824;794 716;33;0;2;0;2;1
202200010824;794 717;7;0;0;0;1;0
202200010825;794 714;7;1;2;2;17;0
202200010825;794 718;7;1;2;3;1;1
202200010826;794 712;40;0;2;1;2;3
202200010826;794 715;7;0;4;8;19;0
202200010827;794 710;7;0;1;1;1;1
202200010828;794 711;7;0;2;3;15;1
202200010828;794 713;1;0;2;9;1;5
202200010829;794 704;7;0;1;3;1;1
202200010830;794 707;7;0;2;5;16;2
202200010830;794 709;33;0;2;1;7;1
202200010831;794 705;7;0;2;3;15;1
202200010831;794 708;50;0;2;1;17;3
202200010832;794 703;30;0;2;1;1;1
202200010832;794 706;1;0;2;8;1;5
202200010833;794 697;14;0;2;8;1;1
202200010833;794 701;7;0;2;1;1;1
202200010834;794 695;7;0;2;5;1;1
202200010834;794 699;7;0;2;2;1;1
202200010835;794 692;7;0;2;4;1;1
202200010835;794 696;7;0;2;4;1;1
202200010835;794 698;7;0;2;1;1;1
202200010836;794 691;7;0;2;4;26;1
202200010836;794 693;7;0;2;1;2;1
202200010837;794 682;7;4;2;3;21;1
202200010837;794 686;7;0;2;6;1;1
202200010838;794 685;2;0;2;5;2;1
202200010838;794 689;7;0;2;3;15;1
202200010839;794 683;10;0;2;2;2;1
202200010839;794 687;15;0;2;6;1;0
202200010840;794 680;7;0;2;4;1;1
202200010840;794 681;10;0;2;1;1;1
202200010841;794 678;7;0;1;3;15;1
202200010842;794 677;33;0;2;1;17;1
202200010842;794 679;7;0;2;8;15;1
202200010843;794 676;7;0;1;4;4;1
202200010844;794 674;7;0;2;1;1;1
202200010844;794 675;7;0;2;4;1;1
202200010845;794 672;7;0;1;3;15;1
202200010846;794 670;7;0;2;8;19;1
202200010846;794 673;7;0;2;3;19;1
202200010847;794 668;7;0;2;2;2;2
202200010847;794 671;1;0;2;8;1;0
202200010848;794 667;7;0;2;3;0;0
202200010848;794 669;37;0;2;3;0;1
202200010849;794 664;7;0;2;8;15;1
202200010849;794 665;30;0;2;2;17;1
202200010850;794 663;7;0;2;2;1;1
202200010850;794 666;7;0;2;7;9;1
202200010851;794 661;30;0;0;8;21;1
202200010852;794 660;7;0;2;1;2;1
202200010852;794 662;7;0;2;4;2;1
202200010853;794 655;10;0;2;1;2;1
202200010853;794 658;7;0;2;4;2;1
202200010854;794 654;7;0;2;1;2;1
202200010854;794 656;7;0;0;4;2;1
202200010855;794 653;7;0;2;0;0;1
202200010855;794 657;30;0;2;4;26;1
202200010856;794 651;7;0;1;6;4;1
202200010857;794 650;30;0;2;7;15;1
202200010857;794 652;1;0;2;8;1;0
202200010858;794 649;7;0;2;3;1;1
202200010858;794 659;7;0;2;1;1;2
202200010859;794 647;7;0;2;1;2;1
202200010859;794 648;30;0;2;4;23;3
202200010860;794 639;7;0;2;1;1;2
202200010860;794 645;7;0;2;8;1;1
202200010861;794 640;31;0;2;1;17;1
202200010861;794 641;10;0;2;8;15;1
202200010862;794 638;30;0;2;1;1;1
202200010862;794 643;7;0;2;3;1;1
202200010863;794 635;7;0;2;3;1;1
202200010863;794 637;7;0;2;2;15;2
202200010864;794 632;15;0;2;2;2;0
202200010864;794 636;10;0;2;2;15;1
202200010865;794 627;7;0;2;1;2;1
202200010865;794 630;7;0;2;4;2;1
202200010865;794 633;7;0;2;4;2;1
202200010866;794 629;7;0;2;7;1;1
202200010866;794 631;7;0;2;8;1;1
202200010866;794 634;7;8;2;2;17;1
202200010867;794 625;7;0;2;3;9;1
202200010867;794 628;31;0;2;7;0;1
202200010868;794 624;7;0;2;4;2;1
202200010868;794 626;17;0;2;1;1;1
202200010869;794 616;7;0;2;4;2;0
202200010869;794 619;33;0;2;1;2;1
202200010870;794 614;7;0;2;4;0;1
202200010870;794 620;7;0;2;1;26;1
202200010871;794 613;7;0;2;6;1;1
202200010871;794 617;7;0;9;3;2;1
202200010871;794 621;7;0;2;9;21;1
202200010872;794 612;7;0;2;6;23;2
202200010872;794 615;7;0;2;9;23;1
202200010872;794 618;7;0;2;4;23;1
202200010872;794 622;10;0;2;6;23;1
202200010872;794 623;10;0;2;1;2;1
202200010873;794 608;7;0;9;1;1;1
202200010873;794 611;50;0;2;1;1;3
202200010874;794 609;7;0;1;1;1;1
202200010875;794 607;7;0;2;3;1;1
202200010875;794 610;7;0;2;3;1;1
202200010876;794 605;7;0;2;2;2;1
202200010876;794 606;34;0;2;6;2;1
202200010877;794 601;7;0;2;1;1;1
202200010877;794 604;7;0;2;1;17;1
202200010878;794 599;7;0;2;8;21;1
202200010878;794 602;31;11;2;1;17;1
202200010879;794 598;7;0;2;5;26;1
202200010879;794 603;7;0;2;3;26;1
202200010880;794 597;7;0;2;5;1;2
202200010880;794 600;7;0;2;1;1;1
202200010881;794 596;50;0;0;0;25;3
202200010882;794 593;7;0;1;7;21;1
202200010883;794 591;30;0;2;4;2;3
202200010883;794 595;7;0;2;1;2;2
202200010884;794 594;7;0;1;1;1;1
202200010885;794 590;7;0;2;4;1;0
202200010885;794 592;1;0;2;1;1;5
202200010886;794 587;10;0;1;2;1;1
202200010887;794 585;7;0;2;7;15;1
202200010887;794 588;1;0;2;0;0;5
202200010887;794 589;7;0;2;0;24;1
202200010888;794 586;50;0;0;0;1;3
202200010889;794 584;7;0;1;5;4;1
202200010890;794 582;7;0;1;3;1;1
202200010891;794 581;7;0;1;7;16;1
202200010892;794 579;7;0;2;3;11;1
202200010892;794 583;33;12;2;7;2;1
202200010893;794 578;50;0;2;4;1;3
202200010893;794 580;7;0;2;0;17;0
202200010894;794 574;7;0;1;2;1;1
202200010895;794 575;7;0;9;1;15;1
202200010895;794 576;99;0;2;3;1;3
202200010896;794 571;33;0;2;1;15;1
202200010896;794 572;7;0;2;2;1;1
202200010897;794 570;30;0;2;1;2;1
202200010897;794 573;7;0;2;2;1;1
202200010898;794 568;7;15;0;3;13;1
202200010899;794 565;7;0;2;1;1;1
202200010899;794 569;7;0;2;8;9;1
202200010900;794 564;7;0;2;3;15;1
202200010900;794 567;7;0;2;1;1;1
202200010901;794 563;7;0;2;1;10;1
202200010901;794 566;7;0;2;3;9;1
202200010902;794 562;7;6;1;1;16;1
202200010903;794 559;7;0;2;8;16;1
202200010903;794 561;7;9;2;1;1;1
202200010904;794 560;7;0;1;3;2;1
202200010905;794 556;7;9;0;1;6;1
202200010906;794 553;7;0;2;8;15;1
202200010906;794 555;33;0;2;1;1;0
202200010907;794 554;7;1;0;7;1;1
202200010908;794 552;7;0;2;4;2;1
202200010908;794 557;10;1;2;9;2;1
202200010908;794 558;10;0;2;1;1;1
202200010909;794 550;7;0;1;2;16;1
202200010910;794 547;7;0;1;1;1;1
202200010911;794 549;10;0;2;4;1;1
202200010911;794 551;7;0;2;1;1;1
202200010912;794 546;2;0;2;7;17;3
202200010912;794 548;7;0;2;3;15;1
202200010913;794 543;7;0;1;6;1;1
202200010914;794 540;7;0;2;3;10;1
202200010914;794 544;33;0;2;7;1;1
202200010915;794 542;50;0;2;1;1;3
202200010915;794 545;10;0;2;3;1;1
202200010916;794 539;7;0;2;5;17;1
202200010916;794 541;7;0;2;1;1;1
202200010917;794 534;2;0;2;3;0;1
202200010917;794 537;7;0;2;2;0;0
202200010918;794 536;7;0;2;2;0;2
202200010918;794 538;30;0;2;7;15;1
202200010919;794 533;10;0;1;4;4;1
202200010920;794 532;7;0;2;1;2;2
202200010920;794 535;7;0;2;4;2;1
202200010921;794 528;17;0;2;1;2;1
202200010921;794 530;17;0;2;4;23;1
202200010922;794 524;7;0;2;1;9;1
202200010922;794 527;50;0;2;7;19;3
202200010923;794 526;7;5;0;1;2;1
202200010923;794 529;33;5;0;4;2;1
202200010924;794 525;7;0;2;1;1;1
202200010924;794 531;7;16;0;4;16;1
202200010925;794 523;10;15;0;1;21;3
202200010926;794 522;33;0;1;1;9;1
202200010927;794 518;7;0;2;2;1;2
202200010927;794 519;7;0;2;1;9;1
202200010928;794 517;7;0;2;1;2;1
202200010928;794 520;7;0;2;4;2;1
202200010929;794 516;7;0;1;2;9;3
202200010930;794 514;7;0;2;3;15;1
202200010930;794 515;7;0;2;3;1;1
202200010931;794 513;16;3;0;1;13;1
202200010932;794 510;7;0;2;2;2;1
202200010932;794 512;7;0;0;6;2;1
202200010933;794 508;10;0;2;6;1;1
202200010933;794 511;7;0;2;2;1;1
202200010934;794 506;50;0;2;1;25;3
202200010934;794 509;7;0;2;1;15;1
202200010935;794 507;7;0;0;9;1;1
202200010936;794 500;7;0;2;6;1;1
202200010936;794 504;7;0;2;2;1;2
202200010936;794 505;7;0;2;1;1;1
202200010937;794 499;7;0;2;3;26;1
202200010937;794 502;1;0;2;7;26;5
202200010938;794 501;7;0;1;3;2;1
202200010939;794 498;7;0;2;4;23;2
202200010939;794 503;7;0;2;1;1;1
202200010940;794 495;7;2;0;2;0;1
202200010941;794 494;13;0;1;4;20;1
202200010942;794 492;7;0;2;1;2;1
202200010942;794 497;7;0;2;4;2;1
202200010943;794 491;7;4;2;7;11;1
202200010943;794 493;7;1;2;2;1;1
202200010943;794 496;17;0;0;6;26;1
202200010944;794 489;7;1;0;1;13;2
202200010945;794 488;7;0;1;2;1;1
202200010946;794 487;7;0;2;2;15;1
202200010946;794 490;2;0;2;1;1;3
202200010947;794 486;7;2;0;5;26;1
202200010948;794 484;7;1;0;1;26;1
202200010949;794 483;7;0;2;4;2;1
202200010949;794 485;33;0;2;1;2;1
202200010950;794 481;7;5;0;3;13;1
202200010951;794 482;30;0;0;8;15;1
202200010952;794 476;7;0;2;1;2;1
202200010952;794 480;7;0;2;3;1;1
202200010953;794 475;7;0;2;1;15;1
202200010953;794 479;1;0;2;6;19;5
202200010954;794 478;10;2;0;1;0;1
202200010955;794 474;1;0;2;7;1;5
202200010955;794 477;7;0;2;3;1;1
202200010956;794 472;7;0;2;8;0;1
202200010956;794 473;33;0;2;1;26;1
202200010957;794 471;10;12;1;2;26;1
202200010958;794 469;7;0;2;8;1;1
202200010958;794 470;7;0;2;3;5;1
202200010959;794 465;14;0;2;1;15;1
202200010959;794 468;31;0;2;1;1;1
202200010960;794 463;10;0;2;4;1;1
202200010960;794 466;7;0;2;4;1;1
202200010960;794 467;7;0;2;1;1;1
202200010961;794 462;7;16;0;2;1;1
202200010962;794 461;1;0;2;0;0;5
202200010962;794 464;7;0;2;2;17;0
202200010963;794 460;7;0;1;4;4;0
202200010964;794 456;7;0;1;2;1;0
202200010965;794 455;7;0;2;1;1;1
202200010965;794 457;7;0;2;4;1;1
202200010965;794 459;7;0;2;4;1;1
202200010966;794 449;7;0;1;1;1;1
202200010967;794 450;10;0;2;3;19;1
202200010967;794 452;7;0;2;3;16;1
202200010968;794 448;80;0;2;1;19;3
202200010968;794 454;7;0;2;6;15;1
202200010969;794 447;1;0;;4;1;5
202200010970;794 443;7;8;1;1;14;1
202200010971;794 445;7;0;1;5;20;1
202200010972;794 444;7;0;2;2;1;1
202200010972;794 446;1;0;2;3;0;5
202200010973;794 441;7;2;0;8;14;1
202200010974;794 439;31;0;2;7;1;1
202200010974;794 442;7;0;2;3;9;1
202200010975;794 438;7;0;2;1;15;1
202200010975;794 440;7;0;2;8;1;1
202200010976;794 433;7;0;0;3;15;1
202200010976;794 437;7;0;0;2;26;1
202200010977;794 434;38;0;1;2;16;0
202200010978;794 432;2;0;2;8;1;1
202200010978;794 435;3;0;2;8;1;1
202200010979;794 430;7;0;2;5;17;1
202200010979;794 431;33;0;2;2;21;1
202200010979;794 436;7;0;2;8;0;1
202200010980;794 427;7;14;1;1;1;1
202200010981;794 425;7;0;2;1;1;1
202200010981;794 428;43;0;2;1;1;1
202200010982;794 424;33;0;0;9;26;1
202200010983;794 421;7;0;2;6;15;1
202200010983;794 423;33;0;2;1;1;1
202200010984;794 419;7;13;0;1;14;1
202200010985;794 418;7;0;2;3;13;1
202200010985;794 420;7;0;2;1;1;1
202200010986;794 415;32;13;0;7;1;1
202200010987;794 414;3;0;2;1;2;1
202200010987;794 416;7;0;0;4;23;1
202200010988;794 413;7;0;2;7;16;1
202200010988;794 417;16;0;2;3;1;1
202200010989;794 411;7;0;2;3;1;1
202200010989;794 412;7;0;2;3;13;1
202200010990;794 407;7;6;0;8;26;1
202200010991;794 408;10;8;1;1;16;3
202200010992;794 406;7;0;2;8;1;1
202200010992;794 410;7;0;2;7;19;1
202200010993;794 402;7;0;1;2;1;1
202200010994;794 400;50;0;2;7;1;3
202200010994;794 403;30;0;2;3;9;1
202200010995;794 398;7;0;2;4;1;1
202200010995;794 404;21;0;2;1;1;1
202200010996;794 397;7;0;1;3;1;1
202200010997;794 396;10;12;0;1;1;1
202200010998;794 393;7;0;2;2;1;0
202200010998;794 394;1;0;2;1;1;5
202200010999;794 390;10;0;1;1;1;1
202200011000;794 391;1;0;2;0;0;5
202200011000;794 395;7;0;9;8;19;2
202200011001;794 389;7;0;2;3;2;1
202200011001;794 392;17;0;0;4;2;1
202200011002;794 386;7;0;1;2;1;1
202200011003;794 385;7;0;2;4;1;2
202200011003;794 388;7;0;2;1;2;1
202200011004;794 383;7;0;1;3;1;1
202200011005;794 382;7;0;2;1;2;1
202200011005;794 384;7;0;2;4;2;1
202200011005;794 387;7;0;2;4;2;1
202200011006;794 379;7;0;2;3;13;1
202200011006;794 381;7;0;2;8;1;1
202200011007;794 375;7;0;2;2;1;1
202200011007;794 378;7;0;0;4;1;2
202200011008;794 374;7;0;2;3;0;0
202200011008;794 380;50;0;2;1;0;3
202200011009;794 372;50;0;2;0;1;3
202200011009;794 376;7;0;2;2;15;1
202200011010;794 373;1;0;2;1;2;5
202200011010;794 377;7;0;2;5;16;1
202200011011;794 370;7;0;1;1;1;1
202200011012;794 368;7;0;2;3;11;0
202200011012;794 371;7;3;2;5;1;1
202200011013;794 365;7;0;2;3;9;1
202200011013;794 369;7;0;2;1;1;1
202200011014;794 361;32;0;2;1;1;1
202200011014;794 363;1;0;2;1;13;5
202200011015;794 360;7;0;2;2;16;1
202200011015;794 362;50;0;2;0;1;3
202200011016;794 357;7;0;2;1;15;2
202200011016;794 359;32;0;2;1;3;1
202200011017;794 355;7;1;0;0;1;1
202200011018;794 356;2;0;1;8;2;1
202200011019;794 354;50;0;2;1;25;3
202200011019;794 358;7;0;2;1;9;2
202200011020;794 349;1;0;2;1;1;5
202200011020;794 352;10;0;2;3;9;1
202200011021;794 348;1;0;2;1;13;5
202200011021;794 351;7;0;2;3;1;1
202200011022;794 350;7;0;2;5;15;0
202200011022;794 353;34;0;2;0;0;0
202200011023;794 347;7;0;1;1;26;0
202200011024;794 344;1;0;0;0;0;5
202200011024;794 346;7;0;2;1;0;1
202200011025;794 341;7;0;2;2;2;1
202200011025;794 345;1;0;0;4;2;5
202200011026;794 338;14;0;1;3;1;1
202200011027;794 339;7;0;2;8;9;1
202200011027;794 342;33;0;2;1;1;1
202200011028;794 340;7;0;2;8;1;1
202200011028;794 343;7;0;2;1;19;1
202200011029;794 334;2;0;2;1;5;1
202200011029;794 337;7;0;2;3;1;1
202200011030;794 330;7;0;2;2;15;1
202200011030;794 333;2;0;2;1;1;1
202200011031;794 325;7;0;2;3;1;1
202200011031;794 328;7;0;2;3;13;1
202200011032;794 323;7;6;2;1;0;1
202200011032;794 327;7;0;2;7;0;1
202200011033;794 321;7;0;2;1;0;1
202200011033;794 324;7;0;2;1;26;1
202200011034;794 319;7;0;2;1;15;1
202200011034;794 322;80;0;2;1;1;3
202200011035;794 320;2;0;0;8;15;1
202200011036;794 317;7;0;2;1;1;1
202200011036;794 318;7;13;2;1;6;1
202200011037;794 314;7;0;1;2;1;1
202200011038;794 315;7;4;2;6;23;1
202200011038;794 316;7;0;2;2;0;1
202200011039;794 312;7;13;0;2;1;1
202200011040;794 311;33;0;0;8;1;1
202200011041;794 310;7;0;2;1;1;1
202200011041;794 313;7;0;2;1;1;1
202200011042;794 309;7;0;1;3;9;1
202200011043;794 300;7;0;2;7;15;1
202200011043;794 308;31;0;2;1;1;1
202200011044;794 301;7;0;2;3;0;1
202200011044;794 305;7;0;2;3;13;1
202200011045;794 299;7;0;2;4;2;1
202200011045;794 303;7;0;2;4;2;1
202200011045;794 304;7;0;2;4;2;1
202200011045;794 306;7;0;2;4;2;2
202200011045;794 307;13;0;2;1;2;1
202200011046;794 298;7;0;2;7;15;1
202200011046;794 302;33;0;2;1;18;1
202200011047;794 297;7;17;0;1;1;1
202200011048;794 295;33;6;0;8;13;1
202200011049;794 293;31;0;2;1;1;1
202200011049;794 296;7;0;2;3;15;1
202200011050;794 292;1;1;2;1;2;0
202200011050;794 294;7;1;0;3;24;1
202200011051;794 289;7;0;2;1;1;1
202200011051;794 291;7;0;2;1;13;1
202200011052;794 288;7;0;2;6;1;1
202200011052;794 290;7;0;2;2;12;0
202200011053;794 285;7;0;2;3;15;2
202200011053;794 287;43;0;2;2;1;1
202200011054;794 283;7;0;2;1;15;1
202200011054;794 286;50;0;2;1;1;3
202200011055;794 278;30;0;2;4;1;3
202200011055;794 280;7;0;2;1;1;1
202200011056;794 275;7;0;1;7;14;1
202200011057;794 281;7;8;2;8;15;1
202200011057;794 284;7;13;2;1;1;1
202200011058;794 277;7;0;2;0;12;0
202200011058;794 279;10;0;2;5;1;1
202200011058;794 282;32;0;2;8;3;1
202200011059;794 274;1;0;2;3;19;5
202200011059;794 276;7;0;2;1;16;1
202200011060;794 271;7;0;2;2;15;1
202200011060;794 273;2;0;2;1;1;1
202200011061;794 268;7;0;2;5;2;2
202200011061;794 270;31;5;2;3;2;1
202200011062;794 267;13;0;2;1;2;1
202200011062;794 269;7;0;2;4;2;1
202200011063;794 266;7;0;1;1;1;1
202200011064;794 262;7;0;2;1;1;1
202200011064;794 272;10;0;2;3;13;1
202200011065;794 263;7;9;0;2;1;1
202200011066;794 259;7;0;2;3;1;1
202200011066;794 261;32;0;2;1;21;1
202200011066;794 265;10;12;2;2;15;1
202200011067;794 258;7;0;2;4;1;1
202200011067;794 260;7;0;2;2;1;1
202200011067;794 264;7;1;1;1;2;1
202200011068;794 252;7;0;2;6;15;1
202200011068;794 254;32;0;2;8;17;1
202200011069;794 251;7;0;2;3;5;1
202200011069;794 255;7;0;2;8;1;1
202200011070;794 253;15;12;2;8;1;1
202200011070;794 256;7;0;2;3;1;1
202200011070;794 257;7;0;2;3;17;1
202200011071;794 247;1;0;2;1;1;5
202200011071;794 250;7;0;2;2;15;1
202200011072;794 246;7;0;2;3;1;1
202200011072;794 248;7;0;2;2;1;1
202200011073;794 245;10;0;2;1;2;1
202200011073;794 249;7;0;2;4;2;1
202200011074;794 243;7;0;2;1;1;1
202200011074;794 244;7;0;2;1;10;0
202200011075;794 242;7;4;0;3;1;1
202200011076;794 238;7;0;2;3;5;1
202200011076;794 239;7;0;2;3;1;1
202200011076;794 241;7;0;2;1;1;1
202200011077;794 237;7;0;2;8;13;0
202200011077;794 240;31;0;2;7;1;3
202200011078;794 235;37;0;2;1;19;1
202200011078;794 236;7;0;2;2;19;0
202200011079;794 234;7;0;2;8;0;1
202200011080;794 233;7;0;1;1;15;1
202200011081;794 227;7;0;2;1;23;1
202200011081;794 231;2;1;0;1;1;1
202200011082;794 226;7;0;2;8;9;1
202200011082;794 228;33;0;2;1;1;1
202200011083;794 225;1;0;2;8;1;5
202200011083;794 230;10;0;2;2;17;1
202200011084;794 221;7;4;0;3;1;1
202200011084;794 224;7;1;0;1;1;1
202200011084;794 229;7;1;0;1;1;1
202200011085;794 222;7;0;1;1;1;0
202200011086;794 220;33;0;2;1;18;1
202200011086;794 223;21;0;2;6;0;0
202200011087;794 217;7;4;0;9;26;1
202200011088;794 218;10;0;2;2;15;1
202200011088;794 219;30;0;2;3;1;1
202200011089;794 213;7;4;0;2;26;1
202200011090;794 212;7;0;2;1;1;1
202200011090;794 214;7;0;2;4;0;1
202200011090;794 216;7;0;2;1;1;1
202200011091;794 211;10;0;2;1;1;1
202200011091;794 215;7;0;2;8;1;1
202200011092;794 210;1;0;0;0;1;5
202200011093;794 207;7;0;2;3;26;1
202200011093;794 209;7;0;2;4;0;1
202200011094;794 202;7;4;0;1;1;1
202200011095;794 203;7;0;1;3;1;1
202200011096;794 200;7;0;2;3;11;1
202200011096;794 204;7;0;2;7;1;1
202200011096;794 206;10;0;2;8;1;1
202200011097;794 197;33;0;2;5;2;1
202200011097;794 198;7;0;2;8;11;1
202200011098;794 193;1;0;2;1;1;5
202200011098;794 195;7;0;9;8;16;1
202200011099;794 192;1;0;1;1;1;5
202200011100;794 190;2;6;0;8;1;1
202200011101;794 189;7;0;2;1;2;1
202200011101;794 191;7;0;2;4;2;1
202200011102;794 186;7;0;2;3;1;1
202200011102;794 188;7;0;2;3;1;1
202200011103;794 185;7;4;0;1;1;1
202200011104;794 183;7;0;2;1;2;1
202200011104;794 187;32;0;2;4;23;1
202200011105;794 182;7;3;0;1;0;0
202200011106;794 181;10;0;2;5;15;1
202200011106;794 184;31;0;2;1;1;1
202200011107;794 180;7;0;1;0;20;0
202200011108;794 177;43;0;2;3;17;1
202200011108;794 179;7;0;2;3;15;1
202200011109;794 173;7;0;2;4;2;1
202200011109;794 176;7;0;2;1;2;1
202200011110;794 171;7;0;2;1;2;1
202200011110;794 174;7;0;2;4;2;1
202200011110;794 178;7;0;2;0;0;1
202200011111;794 172;7;0;9;2;1;1
202200011111;794 175;50;0;2;1;1;3
202200011112;794 170;33;1;0;2;21;1
202200011113;794 168;7;0;1;1;1;1
202200011114;794 167;7;0;2;4;26;1
202200011114;794 169;7;0;2;1;2;1
202200011115;794 165;7;0;2;1;15;1
202200011115;794 166;33;0;2;3;1;1
202200011116;794 161;10;0;2;8;13;1
202200011116;794 164;33;0;2;7;17;1
202200011117;794 162;7;0;2;1;2;1
202200011117;794 163;7;0;0;0;0;1
202200011118;794 158;7;0;1;1;1;1
202200011119;794 156;1;0;1;1;1;5
202200011120;794 153;10;0;1;2;2;1
202200011121;794 151;7;0;2;1;1;1
202200011121;794 155;7;0;2;1;13;1
202200011122;794 149;7;0;2;1;1;1
202200011122;794 150;33;0;2;1;13;1
202200011123;794 148;1;0;2;7;1;5
202200011123;794 152;7;0;2;8;13;1
202200011124;794 146;15;0;1;2;1;6
202200011125;794 145;10;0;2;6;15;1
202200011125;794 147;7;0;2;1;1;1
202200011126;794 142;7;0;2;1;15;1
202200011126;794 144;33;0;2;1;1;1
202200011127;794 139;10;0;2;3;1;1
202200011127;794 143;33;0;2;7;1;1
202200011128;794 140;7;0;1;1;16;1
202200011129;794 138;7;0;2;4;1;1
202200011129;794 141;7;0;2;1;1;1
202200011130;794 136;7;1;2;1;1;1
202200011130;794 137;7;0;2;3;1;1
202200011131;794 132;30;0;9;0;1;1
202200011132;794 131;7;0;1;3;1;1
202200011133;794 130;30;0;2;6;2;1
202200011133;794 133;7;0;2;2;2;1
202200011134;794 125;7;0;2;3;15;1
202200011134;794 129;7;0;2;3;1;1
202200011135;794 128;30;0;2;0;17;1
202200011136;794 127;7;1;1;2;1;2
202200011137;794 126;1;1;0;1;18;5
202200011138;794 123;7;3;0;1;2;1
202200011139;794 122;7;1;0;2;1;1
202200011140;794 120;7;0;2;0;0;0
202200011140;794 124;7;0;2;4;1;1
202200011141;794 118;7;0;2;3;1;1
202200011141;794 121;7;0;2;1;19;1
202200011142;794 114;33;0;2;1;1;1
202200011142;794 119;1;0;2;3;15;5
202200011143;794 115;7;0;2;4;2;1
202200011143;794 117;7;0;2;1;2;1
202200011144;794 113;7;0;2;2;16;1
202200011144;794 116;1;0;2;3;1;5
202200011145;794 109;7;0;2;8;15;1
202200011145;794 112;30;0;2;1;17;1
202200011146;794 108;3;0;1;1;9;1
202200011147;794 106;32;0;2;1;1;1
202200011147;794 111;7;0;2;2;1;1
202200011148;794 102;7;0;2;3;15;1
202200011148;794 107;33;0;2;1;26;1
202200011148;794 110;33;0;2;1;26;1
202200011149;794 104;34;0;2;1;1;1
202200011149;794 105;7;0;2;5;19;1
202200011150;794 101;7;0;2;7;26;1
202200011150;794 103;1;0;2;6;2;5
202200011151;794 099;7;0;2;8;15;2
202200011151;794 100;7;0;2;3;16;1
202200011152;794 096;7;0;0;0;1;1
202200011153;794 095;7;0;2;1;1;1
202200011153;794 097;7;0;2;1;1;1
202200011154;794 091;50;1;2;1;14;3
202200011154;794 093;10;0;2;1;1;1
202200011155;794 090;7;0;2;1;19;1
202200011155;794 092;7;0;2;5;19;1
202200011155;794 094;7;0;2;1;19;1
202200011155;794 098;7;0;2;2;1;1
202200011156;794 089;43;0;0;0;15;1
202200011157;794 084;7;0;2;1;2;1
202200011157;794 088;7;10;2;3;21;1
202200011158;794 087;30;0;0;1;1;1
202200011159;794 083;7;0;2;6;2;1
202200011159;794 086;31;0;2;1;2;1
202200011160;794 082;7;0;2;3;1;1
202200011160;794 085;33;0;2;1;5;1
202200011161;794 081;7;8;0;1;0;1
202200011162;794 078;7;0;1;0;0;0
202200011163;794 077;1;0;2;8;26;5
202200011163;794 080;7;0;2;1;26;1
202200011164;794 076;10;0;2;6;15;1
202200011164;794 079;30;0;2;2;17;1
202200011165;794 074;7;0;2;7;13;1
202200011165;794 075;7;0;2;1;1;1
202200011166;794 072;31;0;2;1;1;1
202200011166;794 073;7;0;2;5;15;1
202200011167;794 070;7;0;1;3;1;1
202200011168;794 071;7;0;0;9;13;1
202200011169;794 065;2;0;2;7;26;1
202200011169;794 068;7;0;2;3;26;1
202200011170;794 062;7;0;1;1;1;1
202200011171;794 063;7;0;2;3;15;1
202200011171;794 066;2;0;2;1;1;1
202200011172;794 057;31;0;2;1;14;3
202200011172;794 059;10;0;2;6;1;1
202200011173;794 058;7;0;1;1;1;2
202200011174;794 055;7;0;1;3;1;1
202200011175;794 054;7;0;2;3;1;1
202200011175;794 056;7;0;2;3;1;3
202200011176;794 051;7;0;2;6;11;1
202200011176;794 053;33;0;2;7;1;1
202200011177;794 049;7;0;1;3;1;1
202200011178;794 050;7;1;0;2;1;1
202200011178;794 052;7;0;2;8;22;1
202200011179;794 048;7;6;0;0;14;1
202200011180;794 046;10;0;2;8;23;1
202200011180;794 047;33;0;2;1;13;1
202200011181;794 043;7;0;0;9;1;1
202200011182;794 041;7;0;2;1;13;1
202200011182;794 044;7;0;2;1;1;1
202200011183;794 040;7;0;2;1;1;1
202200011183;794 042;7;0;2;4;23;1
202200011183;794 045;7;0;2;4;23;1
202200011184;794 038;1;0;0;0;1;5
202200011185;794 037;32;0;2;2;11;1
202200011185;794 039;7;0;2;6;1;0
202200011186;794 034;7;5;0;2;14;1
202200011187;794 032;7;0;2;1;2;1
202200011187;794 035;7;0;2;0;1;1
202200011188;794 030;33;0;2;8;3;1
202200011188;794 033;7;0;2;0;11;0
202200011189;794 031;1;0;2;7;1;5
202200011189;794 036;7;0;2;1;9;1
202200011190;794 028;7;0;2;3;13;1
202200011190;794 029;7;0;2;3;1;1
202200011191;794 025;50;0;0;0;1;3
202200011192;794 024;7;0;1;7;4;1
202200011192;794 027;7;0;2;8;1;1
202200011193;794 022;7;0;2;1;15;1
202200011193;794 026;1;0;2;2;1;5
202200011194;794 020;7;0;2;1;13;1
202200011194;794 023;7;0;2;1;1;1
202200011195;794 017;32;0;2;2;1;1
202200011195;794 021;7;0;2;5;1;2
202200011196;794 016;7;0;2;2;15;0
202200011196;794 019;1;0;2;1;1;5
202200011197;794 013;10;0;2;3;13;1
202200011197;794 015;7;0;2;3;1;1
202200011198;794 014;33;0;2;2;1;1
202200011198;794 018;7;0;2;3;1;1
202200011199;794 012;50;2;0;1;25;3
202200011200;794 010;7;0;1;3;9;1
202200011201;794 007;7;0;2;1;1;1
202200011201;794 011;7;0;2;1;5;1
202200011202;794 006;30;0;2;1;1;1
202200011202;794 009;10;0;2;2;15;1
202200011203;794 003;7;0;2;1;1;1
202200011203;794 005;7;0;9;4;1;1
202200011203;794 008;1;0;2;4;1;5
202200011204;794 001;7;0;2;3;13;1
202200011204;794 002;7;0;2;3;1;1
202200011205;794 000;1;0;9;1;21;5
202200011206;793 999;7;0;2;8;15;1
202200011206;794 004;30;0;2;0;0;1
202200011207;793 997;7;2;0;1;1;1
202200011208;793 998;10;0;1;1;15;3