Num_Acc;id_vehicule;categorie_vehicule;obstacle_fixe;obstacle_mobile;point_choc_initial;manoeuvre_principale;motorisation
202200011209;793 994;80;1;0;1;1;3
202200011209;793 996;7;0;2;8;22;1
202200011210;793 992;7;15;0;1;1;1
202200011211;793 989;7;0;2;3;1;1
202200011211;793 991;7;2;2;3;1;1
202200011212;793 990;2;0;2;1;2;1
202200011212;793 993;7;0;2;5;15;1
202200011212;793 995;7;0;2;3;2;1
202200011213;793 986;2;0;0;7;1;1
202200011214;793 987;50;0;2;1;1;3
202200011214;793 988;1;0;2;7;15;5
202200011215;793 985;7;0;0;9;14;1
202200011216;793 983;10;0;2;3;15;1
202200011216;793 984;1;0;2;2;1;5
202200011217;793 981;50;0;0;0;15;3
202200011218;793 979;31;0;2;0;17;1
202200011218;793 980;7;0;2;0;15;1
202200011219;793 975;7;0;2;1;2;1
202200011219;793 978;33;0;0;4;2;1
202200011220;793 974;7;0;0;0;0;1
202200011220;793 977;32;0;0;0;0;1
202200011221;793 973;7;0;2;1;1;2
202200011221;793 976;7;0;2;1;13;1
202200011222;793 970;7;6;2;1;14;1
202200011222;793 972;7;0;2;1;2;1
202200011223;793 968;7;0;2;1;15;1
202200011223;793 971;31;0;2;1;1;1
202200011224;793 966;7;0;2;2;19;1
202200011224;793 969;7;0;2;3;1;1
202200011225;793 965;7;0;2;1;1;1
202200011225;793 967;7;0;2;7;19;1
202200011226;793 962;80;0;2;8;19;3
202200011226;793 964;7;0;2;1;16;1
202200011227;793 960;7;3;0;1;1;1
202200011228;793 961;10;0;9;5;22;1
202200011228;793 963;80;1;0;1;1;3
202200011229;793 955;10;0;2;2;1;1
202200011229;793 958;33;0;2;1;9;1
202200011230;793 953;7;0;2;1;1;1
202200011230;793 956;7;0;2;7;11;1
202200011231;793 952;10;0;2;4;1;1
202200011231;793 954;30;0;2;1;1;1
202200011232;793 950;7;0;2;3;13;1
202200011232;793 951;7;0;2;3;1;1
202200011233;793 946;7;0;2;2;20;1
202200011233;793 949;1;0;2;3;1;5
202200011234;793 945;0;0;2;0;0;
202200011234;793 948;2;0;2;0;2;1
202200011235;793 944;7;0;2;1;16;1
202200011235;793 947;31;0;2;1;1;1
202200011236;793 942;7;0;2;1;1;1
202200011236;793 943;7;0;2;2;1;1
202200011237;793 939;30;0;2;1;2;1
202200011237;793 941;7;0;2;6;15;3
202200011238;793 936;30;15;0;8;1;1
202200011239;793 938;7;0;2;3;15;2
202200011240;793 935;7;0;2;4;16;1
202200011240;793 940;7;0;2;1;2;1
202200011241;793 933;7;0;9;2;1;1
202200011241;793 934;1;0;0;4;1;5
202200011241;793 937;1;0;0;4;1;5
202200011242;793 930;33;0;2;8;1;1
202200011242;793 932;7;0;2;7;0;1
202200011243;793 928;7;5;0;4;2;1
202200011244;793 926;7;0;2;2;1;1
202200011244;793 929;32;0;2;1;1;1
202200011245;793 925;1;0;2;0;0;5
202200011245;793 927;15;0;9;3;9;1
202200011246;793 923;7;13;0;3;21;1
202200011247;793 921;7;0;1;3;15;3
202200011248;793 918;7;0;2;1;2;1
202200011248;793 920;7;0;2;4;1;2
202200011248;793 922;7;0;2;4;1;1
202200011248;793 924;7;0;2;4;1;1
202200011249;793 917;30;0;2;1;1;1
202200011249;793 919;7;0;2;1;15;1
202200011250;793 912;7;0;2;8;1;1
202200011250;793 916;7;0;2;1;1;1
202200011251;793 914;33;0;0;0;1;1
202200011252;793 910;7;0;2;1;1;1
202200011252;793 911;7;0;2;1;1;1
202200011253;793 909;7;0;2;6;1;1
202200011253;793 913;10;0;2;1;9;1
202200011253;793 915;7;0;2;1;1;1
202200011254;793 907;1;0;2;1;7;5
202200011254;793 908;7;0;2;2;16;1
202200011255;793 906;7;4;0;0;1;1
202200011256;793 903;30;0;2;1;15;1
202200011256;793 905;7;0;2;8;1;1
202200011257;793 901;7;0;2;2;24;1
202200011257;793 902;1;0;0;0;26;5
202200011258;793 899;1;0;2;1;1;5
202200011258;793 904;7;0;9;1;15;1
202200011259;793 898;7;0;2;6;11;1
202200011259;793 900;33;0;2;2;1;1
202200011260;793 895;43;0;2;3;1;1
202200011260;793 896;7;0;2;3;11;2
202200011261;793 894;7;0;2;1;1;1
202200011261;793 897;7;0;2;7;9;1
202200011262;793 890;7;0;2;6;2;2
202200011262;793 893;7;0;2;1;2;1
202200011263;793 888;7;0;1;3;1;2
202200011264;793 889;7;0;2;1;1;1
202200011264;793 891;10;0;2;2;1;1
202200011265;793 887;33;0;2;1;1;1
202200011265;793 892;10;0;2;7;19;1
202200011266;793 883;7;0;2;1;2;1
202200011266;793 886;17;0;2;4;2;1
202200011267;793 882;7;0;2;6;21;1
202200011267;793 885;33;0;2;2;17;1
202200011268;793 881;7;0;2;3;15;1
202200011268;793 884;2;0;2;1;17;1
202200011269;793 879;7;0;0;4;1;1
202200011269;793 880;7;0;2;1;1;1
202200011270;793 877;7;6;0;2;14;1
202200011271;793 876;7;0;2;5;1;1
202200011271;793 878;10;0;2;3;11;1
202200011272;793 874;7;0;2;6;1;1
202200011272;793 875;10;0;2;3;1;1
202200011273;793 871;7;2;2;1;1;1
202200011273;793 873;7;0;2;8;1;1
202200011274;793 872;2;12;0;0;19;1
202200011275;793 870;7;4;0;1;1;1
202200011276;793 869;7;2;0;9;26;1
202200011277;793 867;7;6;0;3;26;1
202200011278;793 864;7;0;0;1;1;1
202200011279;793 859;7;6;0;1;1;1
202200011280;793 865;7;13;0;2;13;1
202200011281;793 861;7;0;2;1;2;1
202200011281;793 863;10;0;2;4;0;1
202200011281;793 866;7;0;0;4;2;1
202200011281;793 868;15;0;2;1;2;1
202200011282;793 853;7;0;2;1;2;1
202200011282;793 856;7;0;0;4;2;1
202200011282;793 858;0;0;2;2;2;6
202200011283;793 852;7;0;2;1;9;1
202200011283;793 857;1;0;2;5;15;5
202200011284;793 851;7;2;0;1;0;1
202200011285;793 850;10;0;2;4;1;1
202200011285;793 854;10;0;2;4;1;1
202200011285;793 855;10;0;2;1;1;1
202200011286;793 847;7;0;2;2;5;1
202200011286;793 849;15;0;2;2;1;1
202200011287;793 848;7;8;0;6;0;1
202200011288;793 846;7;9;0;1;6;1
202200011289;793 844;14;0;2;5;1;1
202200011289;793 845;10;0;2;3;1;1
202200011290;793 841;1;0;2;1;1;5
202200011290;793 843;7;0;2;2;15;1
202200011291;793 840;7;6;0;1;1;1
202200011292;793 839;7;0;2;1;2;1
202200011292;793 842;7;0;2;4;0;1
202200011293;793 834;1;0;2;1;0;5
202200011293;793 836;7;0;9;6;0;1
202200011294;793 835;7;13;0;1;1;1
202200011295;793 828;7;0;2;3;1;1
202200011295;793 831;7;0;0;5;16;1
202200011296;793 826;7;0;2;1;1;1
202200011296;793 827;7;0;2;3;15;1
202200011296;793 830;33;0;2;1;17;1
202200011297;793 821;7;0;2;1;13;1
202200011297;793 823;10;0;2;1;1;1
202200011298;793 820;7;0;2;1;2;2
202200011298;793 822;7;0;2;4;2;1
202200011298;793 825;7;0;2;4;2;1
202200011298;793 829;7;0;2;4;2;1
202200011298;793 833;10;0;2;4;2;1
202200011298;793 837;7;0;2;4;2;1
202200011298;793 838;10;0;2;1;2;1
202200011299;793 824;30;0;2;1;17;1
202200011299;793 832;7;0;2;8;2;1
202200011300;793 818;7;0;2;3;1;1
202200011300;793 819;7;0;2;3;1;1
202200011301;793 815;33;0;2;1;1;1
202200011301;793 817;10;0;2;3;10;1
202200011302;793 814;7;0;1;1;1;1
202200011303;793 812;33;0;2;1;3;1
202200011303;793 816;7;0;2;6;12;1
202200011304;793 811;7;6;0;2;1;1
202200011305;793 813;1;0;0;1;26;5
202200011306;793 807;7;0;2;6;1;1
202200011306;793 810;7;2;2;1;1;1
202200011307;793 805;7;0;2;3;19;1
202200011307;793 808;7;0;2;2;1;1
202200011308;793 803;7;16;0;9;17;1
202200011309;793 800;7;13;0;1;1;1
202200011310;793 801;7;0;2;3;1;1
202200011310;793 804;7;0;2;3;15;1
202200011311;793 799;10;0;2;8;1;1
202200011311;793 802;33;0;2;1;1;1
202200011312;793 798;7;0;1;1;1;1
202200011313;793 795;7;3;2;0;1;1
202200011313;793 797;7;0;2;1;21;1
202200011314;793 793;33;0;2;1;17;1
202200011314;793 794;3;0;2;3;15;1
202200011315;793 792;7;0;2;1;2;0
202200011315;793 796;13;0;2;4;23;0
202200011316;793 791;7;6;0;2;0;1
202200011317;793 785;7;0;2;3;1;1
202200011317;793 788;7;0;2;1;1;1
202200011317;793 789;7;0;2;5;1;1
202200011317;793 790;7;0;2;0;1;1
202200011318;793 782;7;0;1;1;1;1
202200011319;793 783;7;0;2;1;21;1
202200011319;793 787;33;0;2;1;19;1
202200011320;793 784;7;15;2;1;15;0
202200011320;793 786;33;12;2;4;16;1
202200011321;793 780;10;0;2;1;2;1
202200011321;793 781;7;0;2;4;2;1
202200011322;793 779;7;0;1;1;1;1
202200011323;793 777;7;0;2;0;0;0
202200011323;793 778;30;0;2;4;1;1
202200011324;793 775;7;0;1;5;4;2
202200011325;793 774;7;0;2;5;12;1
202200011325;793 776;7;0;2;2;1;1
202200011326;793 769;7;0;2;1;2;1
202200011326;793 771;10;0;2;1;2;1
202200011326;793 773;7;0;2;4;2;1
202200011327;793 768;7;0;2;5;16;1
202200011327;793 772;33;0;2;8;15;1
202200011328;793 770;34;0;1;3;1;1
202200011329;793 764;33;0;2;3;2;1
202200011329;793 766;33;0;2;5;23;1
202200011330;793 763;7;0;2;3;2;1
202200011330;793 767;7;0;2;5;2;2
202200011331;793 765;10;9;0;1;0;1
202200011332;793 760;7;0;2;3;1;1
202200011332;793 762;7;0;2;3;13;1
202200011333;793 757;7;0;1;1;1;1
202200011334;793 755;7;0;2;6;17;1
202200011334;793 756;2;0;2;1;0;1
202200011335;793 754;7;0;2;4;1;3
202200011335;793 758;7;0;2;1;1;1
202200011335;793 759;7;0;2;4;1;1
202200011335;793 761;7;0;2;1;1;1
202200011336;793 751;7;4;0;2;14;1
202200011337;793 749;7;0;2;1;1;1
202200011337;793 752;7;0;2;3;1;1
202200011338;793 750;32;0;2;0;0;0
202200011338;793 753;7;0;2;0;0;6
202200011339;793 748;7;3;0;1;1;2
202200011340;793 747;7;8;0;3;19;1
202200011341;793 745;7;4;0;3;1;1
202200011342;793 744;2;0;2;1;1;1
202200011342;793 746;7;0;2;3;26;1
202200011343;793 743;7;8;0;8;1;1
202200011344;793 742;10;14;0;1;1;1
202200011345;793 741;33;12;0;0;0;1
202200011346;793 740;7;8;0;1;14;1
202200011347;793 739;7;3;0;1;14;1
202200011348;793 736;32;0;2;1;1;1
202200011348;793 737;7;0;2;2;15;1
202200011349;793 735;7;0;2;7;1;1
202200011349;793 738;2;0;2;1;1;1
202200011350;793 733;10;4;2;6;11;1
202200011350;793 734;7;4;2;2;1;1
202200011351;793 730;7;1;0;1;1;1
202200011352;793 729;7;8;2;9;16;1
202200011352;793 732;7;0;2;2;14;1
202200011353;793 728;7;0;0;0;26;1
202200011353;793 731;15;0;0;0;0;0
202200011354;793 727;7;0;1;1;0;0
202200011355;793 724;7;0;2;1;19;1
202200011355;793 726;7;0;2;1;1;1
202200011356;793 722;30;0;2;3;1;1
202200011356;793 723;7;0;2;1;9;1
202200011357;793 725;7;0;1;3;15;2
202200011358;793 719;7;2;0;1;1;1
202200011358;793 720;7;0;0;0;0;0
202200011359;793 717;7;0;2;1;1;1
202200011359;793 718;7;0;2;4;2;1
202200011359;793 721;17;0;2;4;1;1
202200011360;793 716;32;0;0;1;16;1
202200011361;793 715;7;6;0;1;1;1
202200011362;793 713;1;0;2;1;25;5
202200011362;793 714;7;0;9;2;16;0
202200011363;793 711;7;0;1;1;13;1
202200011364;793 710;7;0;2;1;2;1
202200011364;793 712;1;0;2;4;1;5
202200011365;793 708;7;0;2;1;1;2
202200011365;793 709;7;0;2;2;1;1
202200011366;793 707;7;0;1;2;1;1
202200011367;793 705;13;0;1;6;20;1
202200011368;793 703;33;0;2;3;1;1
202200011368;793 706;10;0;2;3;0;1
202200011369;793 701;10;0;2;1;2;1
202200011369;793 704;1;0;2;4;2;5
202200011370;793 697;10;0;2;2;17;1
202200011370;793 699;7;0;2;3;16;1
202200011371;793 695;1;0;2;1;1;5
202200011371;793 698;7;0;2;3;15;1
202200011372;793 694;7;13;0;9;0;1
202200011373;793 693;7;0;2;2;19;1
202200011373;793 696;7;0;2;3;1;1
202200011374;793 691;7;0;1;1;1;1
202200011375;793 690;14;0;2;5;23;1
202200011375;793 692;14;0;2;3;2;1
202200011376;793 688;32;0;2;1;1;1
202200011376;793 689;7;0;2;2;15;1
202200011377;793 685;7;1;2;4;23;1
202200011377;793 687;7;1;0;1;2;1
202200011378;793 683;7;0;1;4;20;1
202200011379;793 682;33;2;0;1;1;1
202200011380;793 680;7;2;0;1;1;1
202200011381;793 681;7;3;0;2;1;1
202200011382;793 678;33;0;1;1;26;1
202200011383;793 677;7;0;2;3;1;1
202200011383;793 679;1;0;2;8;19;5
202200011384;793 676;7;13;0;2;1;1
202200011385;793 675;;0;1;1;1;1
202200011386;793 672;10;0;1;1;2;1
202200011387;793 673;30;0;1;1;1;3
202200011388;793 671;7;0;1;1;15;1
202200011389;793 669;33;0;2;4;23;1
202200011389;793 670;7;0;2;1;2;1
202200011390;793 668;7;9;1;1;26;1
202200011391;793 666;34;0;2;1;1;1
202200011391;793 674;33;0;2;1;1;1
202200011392;793 665;30;0;1;3;1;3
202200011393;793 664;7;0;2;8;15;1
202200011393;793 667;31;0;2;1;1;1
202200011394;793 661;43;0;1;1;1;1
202200011395;793 660;33;0;1;1;1;1
202200011396;793 662;7;0;1;1;1;1
202200011397;793 659;1;0;2;1;1;5
202200011397;793 663;10;0;9;3;1;1
202200011398;793 658;7;0;1;2;0;1
202200011399;793 655;7;2;0;1;19;1
202200011400;793 654;33;0;2;7;15;1
202200011400;793 657;32;0;2;1;1;1
202200011401;793 651;7;0;2;1;1;1
202200011401;793 652;7;0;2;1;15;1
202200011402;793 648;33;0;1;1;1;1
202200011403;793 647;7;0;0;4;23;1
202200011403;793 650;7;1;0;1;17;1
202200011403;793 653;7;0;0;5;2;1
202200011403;793 656;7;0;2;1;11;1
202200011404;793 646;7;0;2;1;1;1
202200011404;793 649;30;0;2;7;1;1
202200011405;793 643;33;0;2;0;0;1
202200011405;793 645;7;0;2;0;0;1
202200011406;793 640;7;0;2;3;1;1
202200011406;793 644;30;0;2;2;9;1
202200011407;793 638;1;0;2;2;17;5
202200011407;793 641;1;0;2;8;13;5
202200011408;793 637;7;0;1;3;1;1
202200011409;793 639;7;0;2;2;17;1
202200011409;793 642;1;0;2;4;26;5
202200011410;793 633;3;0;1;1;15;0
202200011411;793 631;7;14;2;2;1;1
202200011411;793 636;7;0;2;1;9;1
202200011412;793 630;33;0;2;1;23;1
202200011412;793 635;7;0;2;8;16;0
202200011413;793 632;7;0;2;2;14;1
202200011413;793 634;1;0;0;4;1;5
202200011414;793 627;30;0;1;1;3;1
202200011415;793 626;7;0;2;1;1;1
202200011415;793 629;7;0;2;1;15;1
202200011416;793 625;1;0;0;0;1;5
202200011417;793 624;7;0;2;4;16;1
202200011417;793 628;32;0;2;1;2;1
202200011418;793 623;31;15;0;1;1;1
202200011419;793 621;33;0;2;7;17;1
202200011419;793 622;7;0;2;3;15;1
202200011420;793 619;7;3;0;1;0;1
202200011421;793 618;10;8;0;2;1;1
202200011422;793 617;31;0;2;1;1;1
202200011422;793 620;1;0;2;4;9;5
202200011423;793 615;37;0;1;2;1;1
202200011424;793 616;33;12;0;1;1;1
202200011425;793 613;7;0;2;2;1;1
202200011425;793 614;10;0;2;4;1;1
202200011426;793 612;32;2;0;7;14;1
202200011427;793 608;7;0;9;3;15;1
202200011427;793 610;1;0;2;3;1;5
202200011428;793 606;34;0;2;0;1;1
202200011428;793 607;7;0;2;6;15;1
202200011429;793 605;99;0;0;1;26;3
202200011430;793 609;7;0;2;2;15;2
202200011430;793 611;33;0;2;1;1;1
202200011431;793 603;7;13;0;0;0;1
202200011432;793 601;7;0;2;1;1;1
202200011432;793 604;7;0;2;1;13;1
202200011433;793 599;1;0;2;1;19;5
202200011433;793 602;7;0;2;2;1;1
202200011434;793 598;50;0;2;1;1;3
202200011434;793 600;30;0;2;1;17;1
202200011435;793 597;33;13;0;1;2;1
202200011436;793 596;10;0;1;1;0;0
202200011437;793 592;7;0;2;3;24;1
202200011437;793 595;1;1;0;3;15;5
202200011438;793 591;7;0;1;3;2;1
202200011439;793 590;1;0;2;4;2;5
202200011439;793 593;7;0;2;2;2;1
202200011440;793 589;7;1;0;7;6;1
202200011441;793 588;7;0;1;8;1;1
202200011442;793 586;7;0;2;2;15;1
202200011442;793 587;7;0;2;1;1;0
202200011443;793 583;50;0;2;7;5;3
202200011443;793 585;10;0;2;0;1;0
202200011444;793 579;7;0;2;1;2;1
202200011444;793 582;7;0;0;4;15;1
202200011445;793 576;7;2;0;1;13;1
202200011446;793 578;21;0;2;3;1;1
202200011446;793 580;33;0;2;1;1;1
202200011447;793 577;7;0;2;3;13;2
202200011447;793 581;50;0;2;4;1;3
202200011447;793 584;1;0;2;0;1;5
202200011448;793 574;7;0;1;1;15;3
202200011449;793 571;7;15;0;3;14;1
202200011450;793 570;7;0;2;4;2;1
202200011450;793 573;7;0;2;1;2;1
202200011450;793 575;10;0;2;4;2;0
202200011451;793 569;32;0;2;6;13;1
202200011451;793 572;10;0;2;2;1;6
202200011452;793 567;30;0;2;1;18;3
202200011452;793 568;7;0;2;2;16;1
202200011453;793 562;34;0;2;1;17;1
202200011453;793 565;7;0;2;3;15;2
202200011454;793 563;1;0;2;3;19;5
202200011454;793 566;7;0;0;1;1;1
202200011455;793 558;42;0;2;1;1;1
202200011455;793 559;7;0;2;3;1;1
202200011455;793 560;7;0;2;3;1;1
202200011455;793 564;7;0;2;6;1;1
202200011456;793 557;50;0;2;1;1;3
202200011456;793 561;7;0;2;3;15;0
202200011457;793 556;7;6;0;2;0;1
202200011458;793 553;30;0;1;0;1;0
202200011459;793 549;7;0;2;2;2;1
202200011459;793 551;7;0;2;4;4;1
202200011460;793 554;7;2;9;0;1;1
202200011460;793 555;50;0;2;0;0;3
202200011461;793 548;33;0;2;1;16;1
202200011461;793 550;7;0;2;3;15;1
202200011462;793 545;7;0;2;1;2;1
202200011462;793 546;7;0;2;4;2;1
202200011463;793 547;10;0;2;3;15;1
202200011463;793 552;7;0;2;3;1;1
202200011464;793 543;32;8;0;1;14;1
202200011465;793 540;33;6;0;2;14;1
202200011466;793 539;7;0;2;3;1;1
202200011466;793 541;7;0;2;3;0;1
202200011466;793 542;7;0;2;1;1;1
202200011467;793 537;1;0;1;1;1;5
202200011468;793 538;17;0;0;6;24;1
202200011468;793 544;17;1;0;2;1;1
202200011469;793 533;7;8;0;1;2;1
202200011470;793 534;7;0;2;5;16;1
202200011470;793 536;7;0;2;2;0;1
202200011471;793 532;33;0;2;3;1;1
202200011471;793 535;7;0;2;3;15;1
202200011472;793 531;7;0;0;1;1;1
202200011473;793 530;7;12;1;1;1;1
202200011474;793 528;7;0;2;1;17;2
202200011474;793 529;7;0;2;4;1;1
202200011475;793 527;33;3;0;1;1;1
202200011476;793 526;7;6;0;1;1;1
202200011477;793 524;7;0;2;3;1;1
202200011477;793 525;30;0;2;3;13;1
202200011478;793 522;7;8;0;2;14;1
202200011479;793 519;7;0;2;2;1;1
202200011479;793 523;7;1;2;5;1;1
202200011480;793 516;7;0;2;6;16;2
202200011480;793 518;33;0;2;2;16;0
202200011481;793 515;1;0;2;1;1;5
202200011481;793 517;7;0;9;3;15;1
202200011482;793 512;15;3;2;1;1;1
202200011482;793 513;7;0;2;1;5;1
202200011483;793 511;7;0;2;3;15;2
202200011483;793 514;30;0;2;1;1;1
202200011484;793 508;33;0;2;1;1;1
202200011484;793 510;7;0;2;5;15;1
202200011485;793 505;10;0;2;8;16;1
202200011485;793 509;1;0;2;8;1;5
202200011486;793 504;7;0;2;7;1;1
202200011486;793 506;32;0;2;7;24;1
202200011487;793 503;7;0;2;3;1;2
202200011487;793 507;1;0;2;2;12;5
202200011488;793 501;21;13;0;1;1;1
202200011489;793 496;7;0;2;4;23;1
202200011489;793 500;7;0;2;1;2;1
202200011490;793 497;7;0;2;2;15;1
202200011490;793 499;31;0;2;1;1;1
202200011491;793 494;7;0;2;4;1;1
202200011491;793 498;7;0;2;4;12;1
202200011491;793 502;7;0;2;1;1;1
202200011492;793 493;2;0;2;1;5;1
202200011492;793 495;7;0;2;1;1;1
202200011493;793 491;7;0;2;3;15;1
202200011493;793 492;32;0;2;0;15;1
202200011494;793 487;2;0;2;1;1;3
202200011494;793 490;7;0;2;4;1;1
202200011495;793 485;7;0;2;3;9;1
202200011495;793 489;33;0;2;5;16;1
202200011496;793 483;7;0;2;2;1;1
202200011496;793 486;32;0;2;0;0;1
202200011497;793 484;43;0;2;3;1;1
202200011497;793 488;10;0;0;6;1;1
202200011498;793 479;7;13;0;0;1;1
202200011499;793 477;30;0;2;2;2;1
202200011499;793 481;7;0;2;3;10;1
202200011500;793 476;7;0;2;8;1;1
202200011500;793 480;33;0;2;8;13;1
202200011501;793 478;33;0;2;1;17;1
202200011501;793 482;10;0;2;5;15;1
202200011502;793 473;7;2;0;1;1;1
202200011503;793 474;7;0;1;2;1;1
202200011504;793 472;33;0;0;0;21;1
202200011504;793 475;7;0;0;0;9;1
202200011505;793 471;7;0;1;3;15;1
202200011506;793 469;33;7;0;1;14;1
202200011507;793 467;7;0;1;2;2;1
202200011508;793 466;7;0;2;2;1;1
202200011508;793 470;60;0;2;1;6;5
202200011509;793 465;10;0;2;1;1;1
202200011509;793 468;7;0;2;1;1;1
202200011510;793 459;2;0;0;2;17;1
202200011510;793 463;7;0;0;0;0;1
202200011511;793 458;7;0;2;1;0;1
202200011511;793 462;7;0;2;1;0;1
202200011512;793 461;1;0;2;4;1;5
202200011512;793 464;7;0;2;1;1;1
202200011513;793 457;7;0;2;1;15;1
202200011513;793 460;2;0;2;2;1;1
202200011514;793 456;32;0;2;8;1;1
202200011515;793 455;7;0;1;3;26;1
202200011516;793 453;7;0;1;8;15;1
202200011517;793 450;30;0;2;0;1;1
202200011517;793 451;10;0;2;0;1;4
202200011518;793 452;7;0;2;1;1;1
202200011518;793 454;7;0;2;7;1;1
202200011519;793 448;7;0;2;3;9;1
202200011519;793 449;1;0;2;1;1;5
202200011520;793 446;7;0;0;0;1;1
202200011521;793 445;10;0;2;6;26;1
202200011521;793 447;34;0;2;1;1;1
202200011522;793 441;7;0;0;4;23;1
202200011522;793 442;7;0;2;4;23;1
202200011522;793 444;10;0;2;1;2;1
202200011523;793 438;31;0;9;0;0;1
202200011523;793 439;7;0;0;0;0;1
202200011524;793 440;7;0;2;3;1;2
202200011524;793 443;2;0;2;1;26;1
202200011525;793 437;2;3;0;2;1;1
202200011526;793 435;15;0;2;2;15;1
202200011526;793 436;7;0;0;1;1;1
202200011527;793 432;7;0;2;1;1;1
202200011527;793 434;7;0;2;1;13;1
202200011528;793 430;7;2;0;9;13;1
202200011529;793 431;80;0;2;8;0;3
202200011529;793 433;7;0;2;2;1;3
202200011530;793 427;7;7;0;9;1;1
202200011531;793 426;10;0;9;2;2;1
202200011531;793 428;7;0;2;1;21;1
202200011531;793 429;7;0;2;1;13;1
202200011532;793 425;7;3;6;1;2;1
202200011533;793 424;7;2;0;7;1;1
202200011534;793 422;7;13;0;1;1;1
202200011535;793 421;7;0;2;2;19;1
202200011535;793 423;33;0;2;1;1;1
202200011536;793 420;7;6;0;1;1;1
202200011537;793 419;33;2;0;0;1;1
202200011538;793 418;36;10;0;3;1;1
202200011539;793 417;7;0;0;9;1;1
202200011540;793 415;7;0;2;1;1;1
202200011540;793 416;7;0;2;1;1;1
202200011541;793 413;1;0;2;1;5;5
202200011541;793 414;7;0;2;7;1;1
202200011542;793 410;17;14;0;2;1;1
202200011542;793 411;7;0;0;6;1;1
202200011542;793 412;7;0;2;1;2;1
202200011543;793 408;7;0;2;1;5;1
202200011543;793 409;15;0;2;1;1;1
202200011544;793 406;7;0;2;1;1;1
202200011544;793 407;7;0;2;3;19;1
202200011545;793 405;10;6;0;8;13;1
202200011546;793 402;7;0;2;1;14;1
202200011546;793 404;7;0;2;1;13;1
202200011547;793 401;7;0;2;8;13;1
202200011547;793 403;14;13;2;8;1;1
202200011548;793 398;7;0;2;3;15;1
202200011548;793 400;7;17;2;2;17;1
202200011549;793 397;7;3;2;1;1;1
202200011549;793 399;7;0;2;3;1;1
202200011550;793 395;7;0;2;3;1;1
202200011550;793 396;7;0;2;3;13;3
202200011551;793 394;33;0;0;0;1;1
202200011552;793 393;7;8;0;3;21;1
202200011553;793 390;7;0;2;1;19;1
202200011553;793 392;7;0;2;1;1;2
202200011554;793 389;7;1;2;6;1;1
202200011554;793 391;7;0;2;3;13;1
202200011555;793 388;7;0;0;9;1;1
202200011556;793 387;33;0;0;1;1;1
202200011557;793 385;33;0;0;8;1;1
202200011558;793 386;7;2;0;1;6;1
202200011559;793 382;7;0;0;0;0;1
202200011560;793 381;7;0;2;2;2;1
202200011560;793 383;1;0;2;6;2;5
202200011560;793 384;1;0;2;6;2;5
202200011561;793 379;33;0;6;8;0;1
202200011562;793 378;15;0;2;2;21;1
202200011562;793 380;7;0;2;1;5;1
202200011563;793 377;32;15;0;1;0;1
202200011564;793 375;31;15;0;0;2;1
202200011565;793 374;10;0;9;7;1;6
202200011565;793 376;1;0;2;8;1;5
202200011566;793 371;10;0;0;4;1;1
202200011566;793 373;32;0;2;1;1;1
202200011567;793 366;10;0;2;1;1;1
202200011567;793 368;7;0;2;4;1;1
202200011567;793 369;7;0;2;9;1;1
202200011567;793 370;7;0;2;9;1;1
202200011567;793 372;7;0;2;9;1;1
202200011568;793 365;7;0;2;3;2;1
202200011568;793 367;7;0;2;1;17;1
202200011569;793 364;33;0;0;7;16;1
202200011570;793 362;17;0;2;3;1;1
202200011570;793 363;7;0;2;3;11;1
202200011571;793 360;7;0;2;3;13;1
202200011571;793 361;33;0;2;3;21;1
202200011572;793 356;7;0;0;3;1;2
202200011572;793 358;7;0;2;3;1;1
202200011573;793 357;3;0;2;7;15;0
202200011573;793 359;31;0;2;1;1;0
202200011574;793 354;7;0;2;1;9;1
202200011574;793 355;33;7;2;8;1;1
202200011575;793 351;33;2;0;0;0;1
202200011575;793 352;34;13;0;0;0;1
202200011576;793 350;33;13;0;1;13;1
202200011577;793 349;7;0;0;9;1;1
202200011578;793 348;7;2;0;2;1;1
202200011579;793 347;7;13;0;3;1;1
202200011580;793 343;7;0;2;3;16;1
202200011580;793 345;33;0;2;3;1;1
202200011581;793 344;43;0;2;1;26;1
202200011581;793 346;7;0;0;3;1;1
202200011582;793 342;7;0;1;8;13;1
202200011583;793 340;1;0;2;3;2;5
202200011583;793 341;7;0;2;2;2;1
202200011584;793 338;7;0;2;1;1;1
202200011584;793 339;50;0;2;1;19;3
202200011585;793 336;7;0;2;1;9;1
202200011585;793 337;33;0;2;2;1;1
202200011586;793 333;7;0;2;0;2;1
202200011586;793 334;7;0;2;0;23;1
202200011586;793 335;7;12;2;0;0;1
202200011587;793 331;33;0;6;1;1;1
202200011588;793 330;7;0;2;3;1;1
202200011588;793 332;7;0;2;1;15;2
202200011589;793 329;2;8;0;2;14;1
202200011590;793 326;7;13;0;2;11;1
202200011591;793 327;10;0;2;3;15;1
202200011591;793 328;34;0;0;1;1;1
202200011592;793 325;33;0;0;8;1;1
202200011593;793 322;7;6;0;1;26;1
202200011594;793 323;7;0;2;1;9;1
202200011594;793 324;2;8;0;2;1;1
202200011595;793 321;7;6;0;1;0;1
202200011596;793 319;33;0;2;1;1;1
202200011596;793 320;10;0;2;7;15;1
202200011597;793 316;7;0;2;6;23;1
202200011597;793 318;7;0;2;2;1;1
202200011598;793 312;7;0;2;7;12;1
202200011598;793 314;31;0;2;8;1;1
202200011599;793 307;7;0;2;1;0;1
202200011599;793 309;7;0;2;1;0;1
202200011599;793 310;31;3;2;4;1;1
202200011600;793 305;10;0;2;1;2;1
202200011600;793 306;10;0;0;4;2;1
202200011600;793 308;33;0;0;8;2;1
202200011600;793 311;7;0;0;5;2;1