Num_Acc;id_vehicule;categorie_vehicule;obstacle_fixe;obstacle_mobile;point_choc_initial;manoeuvre_principale;motorisation
202200011600;793 313;7;0;0;8;2;1
202200011600;793 315;7;0;0;8;2;1
202200011600;793 317;7;0;0;4;2;1
202200011601;793 304;7;4;0;6;1;1
202200011602;793 303;30;6;0;3;0;1
202200011603;793 301;33;0;2;8;17;1
202200011603;793 302;7;0;2;8;1;2
202200011604;793 299;7;4;0;1;0;1
202200011605;793 298;1;0;2;1;5;5
202200011605;793 300;7;0;9;3;1;1
202200011606;793 297;10;16;0;9;2;1
202200011607;793 292;7;0;2;4;1;1
202200011607;793 293;7;0;2;1;1;1
202200011607;793 295;7;0;2;1;1;1
202200011608;793 290;7;0;2;1;1;1
202200011608;793 291;7;0;2;4;24;1
202200011609;793 288;7;0;2;1;1;1
202200011609;793 289;7;0;2;4;1;1
202200011610;793 287;7;0;0;1;1;1
202200011611;793 285;7;0;2;0;0;1
202200011611;793 286;7;0;2;7;2;2
202200011612;793 282;7;0;2;1;5;1
202200011612;793 284;7;0;2;1;1;1
202200011613;793 283;7;4;0;2;14;1
202200011614;793 279;33;0;2;8;3;1
202200011614;793 281;7;0;2;2;12;2
202200011615;793 277;33;0;2;1;2;1
202200011615;793 278;7;0;2;6;2;1
202200011615;793 280;7;0;2;6;2;2
202200011616;793 274;7;0;2;4;2;1
202200011616;793 275;7;0;2;4;2;1
202200011616;793 276;7;0;2;1;2;2
202200011617;793 273;17;1;1;1;2;1
202200011618;793 271;7;0;2;4;1;1
202200011618;793 272;33;0;2;1;2;1
202200011619;793 268;7;0;2;1;1;1
202200011619;793 269;7;4;2;3;17;1
202200011620;793 267;7;0;2;1;1;1
202200011620;793 270;7;0;2;4;1;1
202200011621;793 266;7;4;0;9;12;1
202200011622;793 260;7;0;2;4;2;1
202200011622;793 263;7;0;2;4;2;1
202200011622;793 264;7;0;2;4;2;1
202200011622;793 265;7;0;2;1;2;1
202200011623;793 261;50;0;2;1;15;3
202200011623;793 262;7;0;2;1;16;1
202200011624;793 257;7;0;2;2;23;1
202200011624;793 259;7;0;2;4;0;0
202200011625;793 256;7;0;1;1;0;1
202200011626;793 253;33;0;1;1;1;1
202200011627;793 254;7;0;2;5;1;1
202200011627;793 255;33;0;2;1;3;1
202200011628;793 252;33;0;0;8;2;1
202200011629;793 251;10;0;1;2;16;1
202200011630;793 250;33;0;0;0;1;1
202200011631;793 249;7;0;1;6;4;1
202200011632;793 247;10;0;1;3;15;1
202200011633;793 245;10;0;2;1;21;1
202200011633;793 246;7;4;0;4;0;1
202200011633;793 248;10;4;0;2;13;1
202200011634;793 242;7;0;0;0;;1
202200011635;793 241;33;0;2;7;21;1
202200011635;793 243;7;0;2;8;1;1
202200011636;793 240;7;0;1;2;15;1
202200011637;793 237;33;0;2;1;3;1
202200011637;793 238;7;0;2;8;11;1
202200011637;793 239;7;0;2;4;1;1
202200011638;793 236;1;0;0;0;9;5
202200011639;793 234;7;0;1;1;1;1
202200011640;793 233;33;0;2;5;2;1
202200011640;793 235;31;0;2;1;3;1
202200011641;793 232;7;0;1;0;1;1
202200011642;793 231;10;0;1;1;16;1
202200011643;793 229;7;0;2;3;13;1
202200011643;793 230;7;0;2;3;1;1
202200011644;793 226;2;4;0;1;1;1
202200011645;793 227;10;0;2;7;15;1
202200011645;793 228;1;0;2;1;1;5
202200011646;793 225;7;0;2;7;1;1
202200011647;793 222;34;0;2;7;15;1
202200011647;793 223;7;0;2;1;1;1
202200011647;793 224;7;0;2;3;1;1
202200011648;793 220;7;0;2;4;23;1
202200011648;793 221;7;0;2;0;2;1
202200011649;793 219;7;13;0;2;26;1
202200011650;793 218;1;0;0;0;0;5
202200011651;793 217;7;8;1;1;14;1
202200011652;793 215;7;0;2;1;0;1
202200011652;793 216;7;0;2;4;0;1
202200011653;793 214;31;0;0;8;13;3
202200011654;793 212;50;0;2;1;18;3
202200011654;793 213;7;0;2;7;22;1
202200011655;793 209;33;0;2;1;2;1
202200011655;793 210;7;0;2;4;2;2
202200011656;793 208;33;0;2;1;1;1
202200011656;793 211;7;0;2;4;12;1
202200011657;793 206;7;0;1;1;1;1
202200011658;793 204;7;0;2;4;23;1
202200011658;793 205;7;0;2;1;2;1
202200011659;793 203;7;0;1;2;9;2
202200011660;793 199;50;0;2;8;26;3
202200011660;793 201;10;0;2;2;16;3
202200011661;793 196;7;1;0;2;1;1
202200011661;793 198;7;0;0;6;24;1
202200011662;793 197;7;0;2;8;1;1
202200011662;793 200;31;0;2;1;9;1
202200011663;793 194;2;0;2;0;1;1
202200011663;793 195;7;0;2;0;1;1
202200011664;793 192;10;0;2;7;1;1
202200011664;793 193;0;0;2;1;0;1
202200011665;793 190;7;0;2;1;2;1
202200011665;793 191;7;0;2;4;2;1
202200011666;793 186;30;0;2;1;2;1
202200011666;793 188;7;0;2;4;1;0
202200011667;793 187;7;0;2;1;1;1
202200011667;793 189;7;0;2;4;20;1
202200011668;793 183;7;0;2;1;1;1
202200011668;793 185;1;0;2;8;11;5
202200011669;793 182;7;0;2;1;1;1
202200011669;793 184;7;0;2;4;23;1
202200011670;793 180;1;0;2;8;1;5
202200011670;793 181;33;0;2;7;16;1
202200011671;793 179;7;0;1;1;1;1
202200011672;793 177;1;0;2;4;2;5
202200011672;793 178;7;0;2;2;18;1
202200011673;793 175;7;0;1;1;21;1
202200011674;793 174;7;0;2;1;15;1
202200011674;793 176;7;0;2;3;0;1
202200011675;793 173;33;3;0;1;14;1
202200011676;793 171;7;1;0;2;26;1
202200011677;793 170;10;0;2;4;4;1
202200011677;793 172;33;0;2;3;2;1
202200011678;793 169;7;0;0;2;26;1
202200011679;793 167;1;0;0;0;0;5
202200011680;793 166;33;0;2;2;10;1
202200011680;793 168;7;0;2;3;1;1
202200011681;793 164;50;0;2;1;1;3
202200011681;793 165;7;0;2;3;13;1
202200011682;793 162;7;0;2;1;2;1
202200011682;793 163;7;0;2;4;23;1
202200011683;793 161;7;13;0;1;15;1
202200011684;793 160;33;12;0;1;17;1
202200011685;793 158;50;0;2;1;1;3
202200011685;793 159;7;0;2;3;15;1
202200011686;793 155;7;6;1;1;1;1
202200011687;793 156;7;0;2;1;2;0
202200011687;793 157;33;0;2;4;2;1
202200011688;793 154;33;0;0;2;1;1
202200011689;793 153;30;0;1;1;1;1
202200011690;793 152;7;6;0;1;16;1
202200011691;793 151;3;2;0;4;4;1
202200011692;793 149;1;0;2;3;0;5
202200011692;793 150;10;0;2;0;0;1
202200011693;793 146;7;0;2;1;16;1
202200011693;793 148;7;15;2;4;1;1
202200011694;793 145;7;0;2;3;15;1
202200011694;793 147;43;0;2;2;1;1
202200011695;793 141;31;0;2;1;1;1
202200011695;793 143;7;0;2;7;15;1
202200011696;793 142;7;0;2;2;15;1
202200011696;793 144;30;0;2;1;1;1
202200011697;793 137;7;0;2;1;1;1
202200011697;793 140;10;0;0;3;1;1
202200011698;793 138;50;0;2;7;1;3
202200011698;793 139;7;0;2;1;1;1
202200011699;793 136;7;0;1;3;1;1
202200011700;793 133;7;6;0;8;1;1
202200011701;793 134;30;0;2;8;26;1
202200011701;793 135;7;0;2;7;18;0
202200011702;793 130;7;0;2;2;1;1
202200011702;793 132;1;0;2;1;0;5
202200011703;793 129;7;0;2;6;19;1
202200011703;793 131;7;0;2;1;1;1
202200011704;793 127;7;0;2;1;1;1
202200011704;793 128;7;0;2;2;26;1
202200011705;793 124;7;0;1;3;1;1
202200011706;793 125;7;0;2;1;9;1
202200011706;793 126;7;0;2;4;23;1
202200011707;793 121;7;0;2;4;1;1
202200011707;793 122;7;0;2;9;1;1
202200011707;793 123;7;0;2;1;1;1
202200011708;793 119;10;0;2;6;9;1
202200011708;793 120;7;0;2;1;12;1
202200011709;793 117;7;0;2;4;1;1
202200011709;793 118;7;0;2;1;0;1
202200011710;793 115;7;1;0;1;20;3
202200011711;793 114;7;0;2;3;9;1
202200011711;793 116;1;0;2;7;1;5
202200011712;793 112;33;1;0;7;1;1
202200011713;793 111;7;0;2;5;20;1
202200011713;793 113;1;0;2;1;25;5
202200011714;793 110;7;0;1;1;9;1
202200011715;793 108;7;0;1;5;13;2
202200011716;793 104;33;0;2;1;1;1
202200011716;793 106;7;0;2;3;19;1
202200011717;793 103;7;0;2;1;1;1
202200011717;793 105;7;0;2;8;0;1
202200011718;793 101;50;0;2;0;1;3
202200011718;793 102;7;0;2;2;1;1
202200011719;793 100;7;0;1;2;26;3
202200011720;793 099;7;0;1;1;1;1
202200011721;793 097;50;0;2;1;1;3
202200011721;793 098;7;0;2;3;16;1
202200011722;793 095;32;0;2;2;2;1
202200011722;793 096;7;16;0;8;15;0
202200011723;793 094;37;0;1;2;1;1
202200011724;793 093;33;0;0;8;1;1
202200011725;793 091;7;0;2;4;2;1
202200011725;793 092;10;0;2;1;2;1
202200011726;793 088;7;0;2;3;1;1
202200011726;793 090;32;0;2;1;1;1
202200011727;793 087;7;0;2;4;1;1
202200011727;793 089;7;0;2;2;1;1
202200011728;793 086;31;0;0;0;26;1
202200011729;793 085;7;8;0;9;1;0
202200011730;793 083;7;0;2;2;19;1
202200011730;793 084;1;0;2;8;1;5
202200011731;793 081;50;0;2;1;1;3
202200011731;793 082;7;0;2;1;17;0
202200011732;793 080;7;0;1;1;1;1
202200011733;793 078;10;0;2;1;13;1
202200011733;793 079;7;0;2;4;1;1
202200011734;793 076;31;0;0;7;1;1
202200011735;793 075;7;0;2;6;1;1
202200011735;793 077;2;0;2;1;1;1
202200011736;793 073;7;0;2;8;11;1
202200011736;793 074;33;0;2;3;3;1
202200011737;793 070;7;0;1;1;17;1
202200011738;793 071;7;0;2;0;0;1
202200011738;793 072;7;0;2;1;2;1
202200011739;793 068;7;0;2;1;1;2
202200011739;793 069;7;0;2;4;23;1
202200011740;793 066;33;0;2;1;1;1
202200011740;793 067;7;0;2;6;15;1
202200011741;793 065;80;0;0;0;1;3
202200011742;793 064;7;0;1;1;15;1
202200011743;793 063;50;0;1;1;1;3
202200011744;793 059;1;0;2;0;18;5
202200011744;793 061;7;0;2;7;22;2
202200011745;793 060;7;0;2;2;19;1
202200011745;793 062;2;0;2;1;1;1
202200011746;793 057;30;0;1;1;1;1
202200011747;793 056;10;0;2;8;9;1
202200011747;793 058;33;0;2;1;17;1
202200011748;793 054;7;0;2;6;1;2
202200011748;793 055;50;0;2;1;1;3
202200011749;793 050;30;0;2;3;5;3
202200011749;793 051;13;0;2;8;1;1
202200011750;793 049;33;0;2;1;3;1
202200011750;793 052;7;0;2;5;14;1
202200011750;793 053;7;0;2;0;23;1
202200011751;793 048;30;0;0;0;1;3
202200011752;793 046;1;14;0;0;13;5
202200011753;793 045;1;0;2;0;1;5
202200011753;793 047;37;0;2;3;1;2
202200011754;793 042;1;0;2;1;1;5
202200011754;793 044;7;0;2;4;23;2
202200011755;793 041;30;8;2;3;18;1
202200011755;793 043;7;0;2;7;22;1
202200011756;793 038;7;0;2;4;2;1
202200011756;793 039;7;0;2;4;2;1
202200011756;793 040;7;0;2;1;1;1
202200011757;793 037;50;12;0;1;13;3
202200011758;793 035;31;0;2;8;1;1
202200011758;793 036;7;0;2;1;15;1
202200011759;793 031;7;0;2;3;16;1
202200011759;793 033;31;0;2;1;1;1
202200011760;793 032;7;0;2;8;9;0
202200011760;793 034;1;0;2;7;17;5
202200011761;793 027;7;0;2;1;0;0
202200011761;793 029;7;0;2;4;23;1
202200011761;793 030;7;0;2;1;23;1
202200011762;793 028;1;0;1;1;1;5
202200011763;793 026;7;9;0;9;26;6
202200011764;793 023;7;0;2;3;15;1
202200011764;793 025;43;0;2;7;1;1
202200011765;793 022;7;0;2;6;2;1
202200011765;793 024;7;0;2;3;2;1
202200011766;793 019;7;0;2;0;5;0
202200011766;793 021;33;0;2;3;1;1
202200011767;793 020;1;0;1;1;1;5
202200011768;793 016;7;0;2;1;26;1
202200011768;793 018;7;0;2;5;23;0
202200011769;793 015;1;0;2;0;1;5
202200011769;793 017;7;0;2;3;15;1
202200011770;793 012;7;0;2;1;0;1
202200011770;793 013;2;0;2;3;15;1
202200011770;793 014;7;0;2;3;1;1
202200011771;793 010;30;1;1;0;26;0
202200011772;793 009;43;0;2;6;2;1
202200011772;793 011;7;0;2;6;2;3
202200011773;793 008;7;0;0;0;;
202200011774;793 005;7;0;2;4;23;1
202200011774;793 007;7;0;2;1;2;1
202200011775;793 004;7;0;2;6;1;1
202200011775;793 006;31;0;2;1;1;1
202200011776;793 002;7;0;1;1;15;1
202200011777;793 003;1;0;1;1;1;5
202200011778;792 999;7;0;2;3;9;1
202200011778;793 001;10;0;2;2;1;1
202200011779;792 998;7;0;2;7;15;1
202200011779;793 000;33;0;2;1;1;1
202200011780;792 996;3;0;2;1;2;0
202200011780;792 997;3;0;2;4;23;1
202200011781;792 994;33;0;9;2;1;1
202200011781;792 995;1;0;0;4;1;5
202200011782;792 992;10;0;2;3;22;1
202200011782;792 993;33;0;2;2;7;1
202200011783;792 990;7;3;0;1;1;1
202200011784;792 988;7;4;0;3;11;1
202200011785;792 989;32;0;0;7;21;1
202200011786;792 986;2;0;2;5;1;1
202200011786;792 987;31;0;0;3;23;1
202200011787;792 984;7;0;2;3;9;2
202200011787;792 985;32;0;2;1;17;1
202200011788;792 982;7;0;2;1;0;1
202200011788;792 983;21;0;2;8;0;1
202200011789;792 979;7;0;2;1;1;1
202200011789;792 980;50;0;2;1;0;3
202200011790;792 978;7;0;2;2;1;1
202200011790;792 981;50;0;2;1;1;3
202200011791;792 975;7;8;2;3;15;1
202200011791;792 977;33;8;2;2;17;1
202200011792;792 973;7;0;2;3;13;1
202200011792;792 974;7;0;2;3;1;1
202200011792;792 976;7;0;2;8;1;1
202200011793;792 970;1;0;2;1;1;5
202200011793;792 972;1;0;2;1;1;5
202200011794;792 969;7;0;2;4;21;0
202200011794;792 971;10;0;2;1;21;0
202200011795;792 964;7;0;2;5;0;1
202200011795;792 966;7;0;0;3;2;1
202200011795;792 968;10;0;2;2;1;1
202200011796;792 965;10;0;2;6;9;1
202200011796;792 967;31;0;2;2;1;1
202200011797;792 963;33;6;0;1;1;1
202200011798;792 961;34;0;2;1;2;1
202200011798;792 962;7;0;2;5;21;1
202200011799;792 960;33;2;0;1;1;1
202200011800;792 959;10;13;0;1;2;1
202200011801;792 958;38;0;1;1;1;0
202200011802;792 957;31;12;0;1;14;1
202200011803;792 955;30;3;0;8;13;1
202200011804;792 954;13;0;2;1;2;0
202200011804;792 956;7;0;2;4;2;1
202200011805;792 953;7;3;0;1;13;1
202200011806;792 949;2;0;2;4;2;1
202200011806;792 951;0;0;0;0;1;0
202200011807;792 950;7;0;2;1;1;1
202200011807;792 952;7;3;2;6;15;1
202200011808;792 948;33;0;0;9;1;1
202200011809;792 947;10;0;2;0;23;0
202200011810;792 946;7;2;0;1;26;1
202200011811;792 943;7;0;2;1;9;1
202200011811;792 944;50;0;2;7;1;3
202200011812;792 942;1;0;9;0;9;5
202200011812;792 945;99;0;9;2;26;0
202200011813;792 940;7;13;0;7;0;1
202200011814;792 939;7;0;2;3;9;1
202200011814;792 941;7;0;2;1;1;1
202200011815;792 935;34;0;2;5;1;1
202200011815;792 937;7;0;2;3;9;1
202200011816;792 934;10;0;2;1;2;1
202200011816;792 936;7;0;2;4;15;1
202200011816;792 938;7;0;2;6;1;1
202200011817;792 930;7;0;2;1;2;1
202200011817;792 932;80;0;0;4;0;3
202200011818;792 931;43;0;2;1;17;1
202200011818;792 933;7;0;2;8;15;1
202200011819;792 929;7;2;0;7;0;1
202200011820;792 925;33;0;2;1;1;1
202200011820;792 926;7;0;0;3;15;1
202200011821;792 924;7;2;0;1;1;1
202200011822;792 920;33;0;2;1;2;1
202200011822;792 921;7;0;2;1;15;1
202200011823;792 918;7;0;2;1;1;1
202200011823;792 919;33;0;2;8;13;1
202200011824;792 916;33;0;0;8;26;0
202200011825;792 915;3;0;2;2;16;1
202200011825;792 917;2;0;2;1;18;1
202200011826;792 914;33;0;0;1;1;0
202200011827;792 912;1;0;0;0;0;5
202200011828;792 913;7;0;1;2;16;1
202200011829;792 911;33;8;0;0;1;1
202200011830;792 907;7;0;2;3;1;1
202200011830;792 909;7;15;2;3;1;1
202200011831;792 908;7;0;0;5;19;1
202200011831;792 910;2;0;2;1;1;1
202200011832;792 906;33;8;0;1;1;1
202200011833;792 902;7;0;2;1;13;1
202200011833;792 904;7;0;2;1;1;1
202200011834;792 903;7;0;2;1;1;1
202200011834;792 905;2;0;2;1;5;1
202200011835;792 899;7;0;2;1;15;1
202200011835;792 901;33;0;2;1;1;0
202200011836;792 898;10;0;2;1;1;1
202200011836;792 900;20;3;0;6;1;1
202200011837;792 896;7;0;2;7;15;1
202200011837;792 897;7;0;2;1;1;1
202200011838;792 895;7;0;1;2;1;1
202200011839;792 893;7;0;2;1;1;1
202200011839;792 894;7;0;2;1;13;2
202200011840;792 891;7;0;2;2;1;1
202200011840;792 892;10;0;0;6;1;1
202200011841;792 890;7;2;0;0;0;1
202200011842;792 888;50;0;0;0;1;3
202200011843;792 887;33;0;2;8;1;1
202200011843;792 889;10;0;2;2;2;1
202200011844;792 886;33;7;9;1;1;1
202200011845;792 884;7;13;0;1;1;1
202200011846;792 879;7;0;2;2;2;1
202200011846;792 881;10;0;9;1;2;1
202200011846;792 882;15;0;9;1;1;1
202200011846;792 883;15;0;2;3;1;1
202200011846;792 885;15;0;2;6;1;1
202200011847;792 878;7;0;2;7;15;1
202200011847;792 880;33;0;2;1;1;1
202200011848;792 876;7;13;0;1;1;1
202200011849;792 875;15;0;9;6;23;1
202200011849;792 877;1;1;0;1;1;5
202200011850;792 873;33;0;2;7;1;1
202200011850;792 874;7;0;2;1;15;1
202200011851;792 871;7;3;2;3;11;1
202200011851;792 872;7;0;2;2;1;1
202200011852;792 870;7;2;0;2;14;1
202200011853;792 868;7;13;0;9;13;1
202200011854;792 867;7;0;0;4;2;1
202200011854;792 869;7;0;2;1;2;1
202200011855;792 865;7;0;0;4;15;1
202200011855;792 866;7;13;2;1;1;1
202200011856;792 864;2;9;0;7;1;1
202200011857;792 861;7;0;2;1;13;1
202200011857;792 863;99;0;0;6;14;1
202200011858;792 860;7;8;0;1;1;1
202200011858;792 862;7;8;0;9;1;1
202200011859;792 859;7;2;0;7;14;1
202200011860;792 858;33;0;0;0;1;1
202200011861;792 855;7;0;2;1;2;1
202200011861;792 857;7;0;2;3;2;1
202200011862;792 856;7;0;1;2;1;1
202200011863;792 853;7;0;2;1;5;2
202200011863;792 854;7;0;2;1;1;1
202200011864;792 850;7;4;0;2;14;1
202200011865;792 851;7;3;2;3;0;1
202200011865;792 852;7;16;2;3;1;1
202200011866;792 849;7;0;0;0;21;1
202200011867;792 845;7;0;2;1;1;1
202200011867;792 847;33;0;2;7;1;1
202200011868;792 844;15;0;2;1;1;1
202200011868;792 846;7;0;2;3;1;1
202200011868;792 848;2;0;2;1;17;1
202200011869;792 843;7;2;0;3;13;1
202200011870;792 842;33;5;0;1;1;1
202200011871;792 840;33;0;2;1;1;1
202200011871;792 841;7;0;2;2;19;1
202200011872;792 839;33;0;0;8;1;1
202200011873;792 836;10;0;0;2;15;1
202200011873;792 838;33;0;2;1;1;1
202200011874;792 835;10;0;2;6;21;1
202200011874;792 837;7;0;2;3;13;1
202200011875;792 833;7;1;0;3;1;1
202200011876;792 832;10;0;2;3;1;1
202200011876;792 834;10;3;2;2;12;1
202200011877;792 828;7;0;2;1;1;1
202200011877;792 830;10;0;0;9;15;1
202200011878;792 827;7;6;0;1;13;1
202200011879;792 826;2;2;0;0;1;1
202200011880;792 825;7;2;0;9;13;1
202200011881;792 823;7;0;2;3;9;1
202200011881;792 824;1;0;2;7;1;5
202200011882;792 822;7;13;0;1;1;1
202200011883;792 820;2;0;0;4;1;1
202200011883;792 821;7;0;2;2;2;1
202200011884;792 819;10;3;2;1;1;1
202200011885;792 817;7;0;2;4;0;1
202200011885;792 818;10;0;2;1;1;1
202200011886;792 815;14;0;2;1;2;1
202200011886;792 816;7;0;2;4;2;1
202200011887;792 813;10;0;2;4;2;1
202200011887;792 814;10;0;2;1;2;1
202200011888;792 810;10;0;2;1;1;1
202200011888;792 811;7;0;2;6;1;1
202200011888;792 812;7;0;2;2;17;1
202200011889;792 808;7;0;2;2;15;1
202200011889;792 809;33;0;0;1;1;6
202200011890;792 807;7;0;1;1;2;6
202200011891;792 806;7;0;1;1;1;1
202200011892;792 805;7;0;1;3;15;1
202200011893;792 803;7;0;2;3;7;0
202200011893;792 804;7;0;2;2;0;0
202200011894;792 802;50;0;0;0;0;3
202200011895;792 800;10;0;2;8;1;1
202200011895;792 801;50;0;2;7;1;3
202200011896;792 799;30;0;0;9;1;3
202200011897;792 797;7;0;0;0;0;0
202200011897;792 798;7;14;0;8;9;1
202200011898;792 795;33;0;2;2;3;0
202200011898;792 796;7;0;2;3;15;0
202200011899;792 793;14;0;2;2;2;1
202200011899;792 794;7;0;0;5;2;1
202200011900;792 792;7;12;0;1;1;1
202200011901;792 791;7;0;1;2;1;1
202200011902;792 790;0;0;1;3;1;0
202200011903;792 787;1;0;2;4;2;5
202200011903;792 788;7;0;2;1;1;1
202200011904;792 786;7;0;1;1;1;1
202200011905;792 785;7;10;0;0;1;1
202200011906;792 783;7;0;2;1;1;1
202200011906;792 784;7;0;2;1;13;0
202200011907;792 781;33;0;2;2;3;1
202200011907;792 782;7;0;9;8;15;1
202200011908;792 779;7;0;2;2;1;1
202200011908;792 780;7;0;2;3;1;1
202200011909;792 777;7;0;2;4;23;1
202200011909;792 778;7;0;2;1;1;1
202200011910;792 775;7;0;2;5;16;1
202200011910;792 776;7;0;2;2;2;1
202200011911;792 774;7;1;0;1;26;1
202200011912;792 771;7;0;2;1;13;1
202200011912;792 772;7;0;2;3;1;1
202200011912;792 773;7;0;2;2;1;1
202200011913;792 769;7;0;2;1;1;1
202200011913;792 770;1;0;2;6;15;5
202200011914;792 768;7;14;0;9;26;1
202200011915;792 766;7;0;2;2;15;1
202200011915;792 767;33;0;2;1;1;1
202200011916;792 765;7;8;0;1;1;1
202200011917;792 763;60;0;2;8;1;5
202200011917;792 764;7;0;2;3;9;1
202200011918;792 762;7;0;0;9;26;1
202200011919;792 759;50;0;2;1;19;3
202200011919;792 761;7;0;2;1;1;1
202200011920;792 757;33;0;2;1;1;1
202200011920;792 758;7;0;2;1;15;1
202200011921;792 756;7;0;2;1;26;1
202200011921;792 760;7;0;2;1;15;1
202200011922;792 755;30;0;9;1;9;1
202200011923;792 753;30;0;1;1;26;1
202200011924;792 750;7;0;2;6;17;1
202200011924;792 752;34;0;2;1;2;1
202200011925;792 751;7;0;2;3;16;1
202200011925;792 754;50;0;2;7;15;3
202200011926;792 748;7;0;2;3;1;1
202200011926;792 749;7;0;2;3;1;1
202200011927;792 745;37;9;1;3;2;4
202200011928;792 746;7;0;2;3;23;1
202200011928;792 747;30;0;2;1;9;1
202200011929;792 744;7;0;1;4;20;2
202200011930;792 741;1;0;2;5;1;5
202200011930;792 743;7;0;2;1;9;1
202200011931;792 740;7;13;0;1;14;1
202200011932;792 739;1;0;2;6;16;5
202200011932;792 742;7;0;2;5;16;1
202200011933;792 736;7;6;0;1;14;1
202200011934;792 737;7;0;1;8;1;1
202200011935;792 733;7;0;2;1;1;1
202200011935;792 735;7;0;2;4;1;1
202200011936;792 734;50;0;9;1;26;3
202200011937;792 731;7;0;2;1;2;1
202200011937;792 732;7;0;2;4;2;1
202200011938;792 729;7;0;1;1;1;1
202200011939;792 728;10;0;2;3;1;1
202200011939;792 730;15;0;2;2;15;1
202200011940;792 725;7;0;2;1;1;1
202200011940;792 726;7;0;2;2;6;1
202200011941;792 722;7;0;2;4;1;1
202200011941;792 723;7;0;2;1;1;1
202200011942;792 724;7;0;2;3;9;1
202200011942;792 727;1;0;2;1;1;5
202200011943;792 721;1;1;0;1;1;5
202200011944;792 720;7;0;1;3;16;0
202200011945;792 718;7;0;2;2;15;1
202200011945;792 719;34;0;2;1;1;1
202200011946;792 714;7;0;2;1;1;1
202200011946;792 716;7;0;2;1;15;1
202200011947;792 712;7;0;2;5;1;1
202200011947;792 713;31;0;2;1;1;1
202200011948;792 715;33;0;0;7;1;1
202200011948;792 717;7;0;2;8;23;1
202200011949;792 711;10;0;1;1;9;0
202200011950;792 710;32;1;0;0;26;1
202200011951;792 709;7;0;1;1;1;1
202200011952;792 708;7;0;1;1;1;1
202200011953;792 707;37;0;1;1;21;1
202200011954;792 706;30;0;0;8;1;1
202200011955;792 704;2;0;2;3;18;1
202200011955;792 705;7;0;2;1;16;1
202200011956;792 703;50;0;0;1;1;3
202200011957;792 701;7;0;2;1;15;1
202200011957;792 702;7;0;2;1;1;1
202200011958;792 700;2;0;0;7;16;1
202200011959;792 699;50;0;1;1;5;3
202200011960;792 697;7;0;2;3;19;1
202200011960;792 698;7;0;2;1;19;1
202200011961;792 694;7;0;2;1;19;1
202200011961;792 695;7;0;2;8;15;1
202200011962;792 692;7;13;0;1;26;1
202200011963;792 693;7;0;0;6;1;1
202200011963;792 696;1;0;2;1;1;5
202200011964;792 691;33;0;1;1;26;1
202200011965;792 686;10;0;2;3;1;1
202200011965;792 687;7;0;2;1;1;1
202200011965;792 689;7;0;2;4;0;1
202200011966;792 684;10;0;2;1;19;1
202200011966;792 685;43;0;2;8;1;1
202200011967;792 688;7;0;2;7;16;1
202200011967;792 690;1;0;2;1;9;5
202200011968;792 683;3;10;0;2;1;1
202200011969;792 681;7;14;0;1;13;1
202200011970;792 679;50;0;2;1;3;3
202200011970;792 680;7;0;9;1;9;1
202200011971;792 678;50;0;2;7;2;3
202200011971;792 682;10;0;9;1;9;1
202200011972;792 676;33;0;2;6;15;1
202200011972;792 677;32;0;2;1;17;1
202200011973;792 672;10;0;2;3;15;1
202200011973;792 673;33;0;2;1;17;1
202200011974;792 674;7;0;2;4;1;1
202200011974;792 675;33;0;2;1;1;1
202200011975;792 670;7;0;2;4;1;1
202200011975;792 671;7;0;2;1;1;1
202200011976;792 666;7;0;0;4;1;1
202200011976;792 667;30;0;2;1;1;1
202200011977;792 663;33;0;2;5;2;1
202200011977;792 664;7;0;2;1;2;1
202200011978;792 665;1;0;2;4;2;5
202200011978;792 668;1;0;2;4;2;5
202200011978;792 669;7;0;2;7;17;1
202200011979;792 661;2;0;0;7;1;1
202200011980;792 657;7;1;1;1;1;1
202200011980;792 658;7;0;2;0;23;1
202200011980;792 659;7;0;2;0;1;1
202200011980;792 660;7;0;2;4;23;1
202200011980;792 662;7;0;2;8;24;1
202200011981;792 655;7;0;2;1;1;1
202200011981;792 656;1;0;2;7;25;5
202200011982;792 653;30;0;2;8;1;1
202200011982;792 654;7;0;2;1;15;1
202200011983;792 652;7;0;1;3;15;1
202200011984;792 651;7;0;1;2;16;1
202200011985;792 650;7;8;1;2;1;1
202200011986;792 648;10;0;2;8;20;3
202200011986;792 649;32;0;2;5;1;1
202200011987;792 646;33;0;2;3;1;1
202200011987;792 647;10;0;2;2;1;1
202200011988;792 644;50;0;2;1;1;3
202200011988;792 645;80;0;0;1;1;3
202200011989;792 642;33;0;2;2;3;1
202200011989;792 643;7;0;2;6;11;1
202200011990;792 641;2;14;0;9;1;1
202200011991;792 640;1;0;0;7;1;5
202200011992;792 637;32;0;2;2;1;1
202200011992;792 638;30;0;2;6;13;1
202200011993;792 636;7;0;2;3;19;1
202200011993;792 639;33;9;0;7;1;1
202200011994;792 630;7;0;2;7;22;2
202200011994;792 633;32;0;2;3;18;1
202200011995;792 631;50;0;2;1;1;3
202200011995;792 632;7;0;2;3;15;1
202200011996;792 628;43;0;1;2;1;1
202200011997;792 627;10;0;2;3;13;1
202200011997;792 629;2;0;2;1;1;1
202200011998;792 626;7;0;1;4;20;1
202200011999;792 624;1;0;1;1;1;5
202200012000;792 623;7;0;2;3;1;1
202200012000;792 625;10;0;2;4;11;1
202200012001;792 621;7;0;2;4;23;1
202200012001;792 622;7;0;2;1;2;1
202200012002;792 619;7;0;2;2;15;0
202200012002;792 620;7;0;2;8;1;1
202200012003;792 617;80;0;2;1;1;3
202200012003;792 618;7;0;2;8;16;1