Num_Acc;id_vehicule;categorie_vehicule;obstacle_fixe;obstacle_mobile;point_choc_initial;manoeuvre_principale;motorisation
202200012004;792 616;50;0;0;0;1;3
202200012005;792 613;50;0;2;8;13;3
202200012005;792 615;7;0;2;7;1;1
202200012006;792 612;7;7;0;1;1;1
202200012007;792 611;7;4;6;1;1;1
202200012008;792 608;10;0;1;5;1;3
202200012009;792 607;2;9;0;1;14;1
202200012010;792 603;33;0;2;1;3;1
202200012010;792 605;7;0;2;6;11;3
202200012011;792 602;33;0;2;1;1;1
202200012011;792 604;7;0;2;2;15;1
202200012012;792 600;1;1;0;1;1;5
202200012012;792 601;10;0;2;7;22;1
202200012013;792 598;7;2;0;1;21;1
202200012014;792 596;7;0;2;1;2;1
202200012014;792 597;7;0;2;4;2;1
202200012014;792 599;7;0;2;4;2;1
202200012015;792 595;7;8;0;1;6;1
202200012016;792 593;7;9;9;9;1;1
202200012017;792 590;30;0;2;1;1;1
202200012017;792 592;10;0;2;5;1;1
202200012018;792 588;7;0;2;8;19;1
202200012018;792 594;7;0;2;2;19;1
202200012019;792 587;7;0;2;4;1;1
202200012019;792 589;7;0;2;4;1;1
202200012019;792 591;7;0;2;1;1;1
202200012020;792 584;33;0;2;8;14;1
202200012021;792 583;7;0;2;5;1;1
202200012021;792 586;7;1;2;0;1;1
202200012022;792 582;10;0;2;2;15;1
202200012022;792 585;7;0;2;3;15;1
202200012023;792 579;1;14;0;7;13;5
202200012024;792 578;7;0;2;4;2;1
202200012024;792 580;7;0;2;4;2;1
202200012024;792 581;7;0;2;1;2;1
202200012025;792 577;7;4;0;2;1;1
202200012026;792 573;17;3;0;0;0;1
202200012027;792 572;7;0;2;1;2;1
202200012027;792 574;7;0;2;1;2;1
202200012027;792 576;7;0;2;4;2;1
202200012028;792 571;7;0;0;0;0;2
202200012028;792 575;30;12;0;1;13;1
202200012029;792 570;31;0;0;3;1;1
202200012030;792 568;7;0;1;1;1;2
202200012031;792 566;10;0;2;2;0;1
202200012031;792 569;33;0;2;3;0;0
202200012032;792 567;7;0;1;3;15;1
202200012033;792 563;10;0;2;1;2;1
202200012033;792 564;10;0;2;4;2;1
202200012034;792 561;13;0;2;2;1;1
202200012034;792 565;14;0;2;3;15;1
202200012035;792 560;7;0;2;1;15;1
202200012035;792 562;7;15;0;2;21;1
202200012036;792 558;31;0;2;0;3;1
202200012036;792 559;7;0;2;0;1;1
202200012037;792 555;33;12;0;0;0;1
202200012038;792 556;10;4;0;8;1;1
202200012039;792 554;7;0;2;8;0;1
202200012039;792 557;37;0;2;3;26;2
202200012040;792 553;2;0;1;0;1;1
202200012041;792 552;7;0;1;1;1;0
202200012042;792 549;7;3;0;8;11;1
202200012042;792 551;31;3;2;7;3;1
202200012043;792 545;33;0;2;8;0;1
202200012043;792 547;7;0;2;3;1;1
202200012044;792 544;7;4;0;1;11;1
202200012045;792 543;7;0;2;1;18;1
202200012045;792 546;7;0;2;1;2;1
202200012045;792 548;7;0;2;1;2;1
202200012045;792 550;7;0;0;4;1;2
202200012046;792 541;7;4;0;1;1;1
202200012047;792 540;30;0;2;1;16;1
202200012047;792 542;7;0;2;3;15;1
202200012048;792 539;7;0;1;1;1;1
202200012049;792 537;43;0;2;2;2;1
202200012049;792 538;10;0;2;3;2;1
202200012050;792 536;7;0;2;1;1;0
202200012051;792 534;99;0;0;4;1;5
202200012051;792 535;14;0;9;2;1;1
202200012052;792 533;7;3;0;1;6;1
202200012053;792 532;33;0;0;0;26;6
202200012054;792 530;33;0;0;8;3;1
202200012055;792 529;7;0;1;1;19;0
202200012056;792 526;15;1;0;8;21;1
202200012056;792 528;7;3;2;1;1;1
202200012056;792 531;7;0;2;4;23;1
202200012057;792 525;7;0;0;1;0;1
202200012058;792 523;7;0;2;7;12;1
202200012058;792 524;33;0;2;3;3;1
202200012058;792 527;7;0;2;4;1;1
202200012059;792 522;7;13;0;0;1;1
202200012060;792 521;10;0;1;3;1;1
202200012061;792 519;7;0;2;4;1;1
202200012061;792 520;7;0;2;1;2;1
202200012062;792 516;50;0;2;2;0;3
202200012062;792 518;7;0;9;3;0;1
202200012063;792 517;7;0;1;1;15;1
202200012064;792 514;7;0;2;3;11;1
202200012064;792 515;33;0;2;7;3;1
202200012065;792 512;7;13;0;1;14;1
202200012066;792 513;10;0;1;1;1;1
202200012067;792 508;7;0;0;1;1;1
202200012068;792 506;7;1;;6;23;1
202200012068;792 509;7;0;2;4;23;1
202200012068;792 511;7;1;2;2;1;1
202200012069;792 507;2;0;2;1;1;1
202200012069;792 510;7;0;2;6;9;1
202200012070;792 505;7;13;0;2;1;1
202200012071;792 502;33;0;2;2;3;1
202200012071;792 504;33;0;2;8;26;1
202200012072;792 500;7;0;2;0;0;0
202200012072;792 503;36;0;2;0;1;1
202200012073;792 499;15;0;0;8;1;1
202200012073;792 501;10;0;0;7;17;1
202200012074;792 497;32;0;2;8;3;1
202200012074;792 498;7;0;2;7;12;1
202200012075;792 496;7;2;0;1;1;1
202200012076;792 490;7;0;2;8;24;1
202200012076;792 491;10;0;2;0;26;1
202200012076;792 493;7;0;2;2;1;1
202200012077;792 492;32;0;2;1;1;1
202200012077;792 494;7;0;2;8;9;1
202200012078;792 488;32;0;2;2;3;1
202200012079;792 489;7;0;2;9;15;1
202200012079;792 495;10;0;2;1;2;1
202200012080;792 487;33;0;0;0;1;1
202200012081;792 485;7;3;0;1;13;1
202200012082;792 483;33;0;2;1;1;1
202200012082;792 486;7;0;0;5;1;1
202200012083;792 482;7;0;2;1;26;1
202200012083;792 484;7;0;2;8;1;1
202200012084;792 481;2;0;0;8;1;1
202200012085;792 478;7;0;2;2;1;1
202200012085;792 480;2;0;2;1;1;1
202200012086;792 476;17;0;2;7;16;1
202200012086;792 479;10;13;2;3;9;1
202200012087;792 475;7;0;2;8;1;1
202200012087;792 477;7;6;2;3;5;1
202200012088;792 471;7;0;9;2;9;1
202200012088;792 474;1;0;2;1;1;5
202200012089;792 470;3;0;2;2;15;1
202200012089;792 473;7;0;0;2;21;1
202200012090;792 469;99;0;0;7;1;1
202200012090;792 472;7;7;2;1;13;1
202200012091;792 467;7;15;0;1;1;1
202200012092;792 466;7;0;2;1;2;1
202200012092;792 468;7;3;0;4;16;1
202200012093;792 465;7;0;1;2;2;1
202200012094;792 462;7;0;2;1;19;1
202200012094;792 464;7;0;2;2;1;1
202200012095;792 463;7;0;1;1;13;1
202200012096;792 460;30;0;2;1;1;1
202200012096;792 461;7;0;9;5;16;1
202200012097;792 458;7;0;0;2;1;1
202200012098;792 457;7;0;2;1;1;1
202200012098;792 459;2;0;2;1;26;1
202200012099;792 455;7;1;0;1;15;1
202200012100;792 453;7;0;0;7;15;1
202200012100;792 456;33;0;0;1;1;1
202200012101;792 452;7;0;2;1;21;1
202200012101;792 454;7;0;0;6;15;1
202200012102;792 451;33;14;0;1;0;1
202200012103;792 450;7;13;0;2;1;1
202200012104;792 449;10;0;0;0;1;1
202200012105;792 448;7;3;0;1;9;1
202200012106;792 445;33;15;0;1;26;1
202200012107;792 443;7;0;0;1;14;1
202200012107;792 446;7;0;0;1;1;2
202200012108;792 441;7;2;0;3;1;1
202200012109;792 440;21;0;2;3;15;1
202200012109;792 442;33;0;2;2;17;1
202200012110;792 439;7;0;1;1;9;1
202200012111;792 437;10;0;1;1;15;1
202200012112;792 436;17;0;0;4;24;1
202200012112;792 438;7;1;0;1;1;1
202200012113;792 435;30;0;0;1;14;1
202200012114;792 432;7;3;0;3;1;1
202200012114;792 434;10;0;2;3;13;1
202200012115;792 429;43;0;2;1;1;1
202200012115;792 431;7;0;2;5;2;1
202200012116;792 430;2;0;2;8;1;1
202200012116;792 433;7;0;2;8;1;1
202200012117;792 427;10;0;2;3;17;1
202200012117;792 428;2;0;2;1;1;1
202200012118;792 426;7;13;0;2;1;1
202200012119;792 424;33;0;2;2;17;1
202200012119;792 425;10;0;2;3;15;1
202200012120;792 423;13;2;0;7;0;1
202200012121;792 422;7;2;0;1;0;1
202200012122;792 418;7;0;2;7;15;1
202200012122;792 420;7;0;2;1;1;1
202200012123;792 417;10;0;2;4;16;0
202200012123;792 421;10;0;2;1;18;1
202200012124;792 416;7;13;0;1;1;1
202200012124;792 419;10;0;0;0;15;1
202200012125;792 415;7;0;1;2;1;1
202200012126;792 412;7;0;0;0;0;1
202200012127;792 409;10;0;2;3;23;1
202200012127;792 410;7;0;2;5;15;1
202200012127;792 413;10;1;0;3;1;1
202200012128;792 406;7;0;2;1;1;1
202200012128;792 408;7;0;2;1;13;1
202200012129;792 405;7;0;1;3;1;1
202200012130;792 404;7;0;2;6;2;1
202200012130;792 407;33;0;2;1;2;1
202200012131;792 403;33;0;0;0;9;1
202200012132;792 400;7;0;0;1;2;1
202200012132;792 402;15;0;0;5;9;1
202200012133;792 399;33;0;2;1;1;1
202200012133;792 401;7;0;0;2;9;1
202200012134;792 393;7;0;2;1;2;1
202200012134;792 396;14;0;2;6;2;1
202200012134;792 397;7;0;2;3;1;1
202200012135;792 395;2;0;2;1;1;1
202200012135;792 398;7;0;2;2;15;1
202200012136;792 392;7;0;2;2;2;0
202200012136;792 394;33;0;0;6;1;1
202200012137;792 391;7;16;0;1;1;1
202200012138;792 390;7;0;1;1;16;1
202200012139;792 389;7;2;0;3;13;1
202200012140;792 388;7;13;0;2;0;2
202200012141;792 385;10;0;2;3;1;1
202200012141;792 386;33;0;2;1;17;1
202200012142;792 383;7;0;2;1;17;1
202200012142;792 387;7;8;2;3;15;1
202200012143;792 382;7;0;9;0;1;1
202200012143;792 384;15;4;0;3;1;1
202200012144;792 378;10;0;2;1;15;1
202200012144;792 379;33;0;2;1;1;1
202200012145;792 376;10;0;2;4;2;1
202200012145;792 380;7;0;2;4;2;1
202200012145;792 381;7;0;2;1;2;1
202200012146;792 375;33;8;0;8;1;1
202200012146;792 377;7;0;0;2;19;1
202200012147;792 372;33;0;9;1;1;1
202200012148;792 373;7;0;2;7;1;1
202200012148;792 374;7;0;2;1;15;1
202200012149;792 370;7;0;2;1;13;1
202200012149;792 371;38;5;2;3;1;1
202200012150;792 366;7;0;2;1;23;1
202200012150;792 367;7;0;2;1;1;1
202200012151;792 365;33;16;9;3;26;1
202200012152;792 363;30;0;0;1;1;1
202200012153;792 362;10;3;2;1;2;1
202200012153;792 364;99;0;0;4;1;1
202200012154;792 361;7;0;1;8;1;1
202200012155;792 359;38;0;2;4;1;6
202200012155;792 360;7;0;2;1;26;6
202200012156;792 358;7;4;0;2;14;1
202200012157;792 356;7;0;0;6;2;1
202200012157;792 357;7;3;2;2;11;0
202200012158;792 355;7;4;0;3;2;1
202200012159;792 354;32;0;1;8;1;1
202200012160;792 353;7;2;0;1;0;1
202200012161;792 350;43;0;2;1;1;1
202200012161;792 352;7;0;2;3;10;1
202200012162;792 348;32;0;2;1;1;1
202200012162;792 351;7;0;2;0;0;1
202200012163;792 346;7;0;2;1;2;1
202200012163;792 347;7;0;2;1;2;1
202200012163;792 349;7;0;2;4;2;1
202200012164;792 343;33;0;2;1;17;1
202200012164;792 345;7;0;0;3;11;1
202200012165;792 341;7;0;2;3;9;1
202200012165;792 344;2;0;2;5;12;1
202200012166;792 339;7;0;0;0;1;1
202200012166;792 340;7;0;2;7;1;1
202200012166;792 342;17;0;2;8;11;1
202200012167;792 338;7;4;0;2;1;1
202200012168;792 337;3;13;0;1;21;1
202200012169;792 334;7;0;2;7;12;1
202200012169;792 336;33;0;2;0;0;1
202200012170;792 335;7;2;0;9;16;1
202200012171;792 332;10;6;0;2;18;1
202200012172;792 331;7;0;2;8;15;1
202200012172;792 333;34;0;2;1;17;1
202200012173;792 330;7;0;1;2;1;1
202200012174;792 327;10;0;2;1;2;1
202200012174;792 329;7;0;2;1;2;1
202200012175;792 326;7;0;2;8;0;1
202200012175;792 328;33;0;2;1;1;1
202200012176;792 322;7;0;1;1;1;2
202200012177;792 323;10;0;2;1;13;1
202200012177;792 325;10;0;2;8;13;1
202200012178;792 321;7;0;2;4;1;1
202200012178;792 324;7;0;2;1;1;1
202200012179;792 320;7;0;1;1;1;1
202200012180;792 319;38;0;1;4;4;1
202200012181;792 317;33;0;2;0;3;1
202200012181;792 318;7;0;2;7;11;1
202200012182;792 314;17;0;2;1;1;1
202200012182;792 316;7;4;2;1;13;1
202200012183;792 312;7;0;2;3;23;1
202200012183;792 315;2;0;2;1;5;1
202200012184;792 311;33;0;2;7;1;1
202200012184;792 313;7;0;2;3;11;1
202200012185;792 309;15;0;2;2;12;1
202200012185;792 310;7;0;2;8;1;1
202200012186;792 308;7;4;0;1;1;1
202200012187;792 306;7;2;2;2;13;1
202200012187;792 307;7;0;2;1;1;1
202200012188;792 304;7;4;0;3;16;1
202200012189;792 303;1;0;2;8;15;5
202200012189;792 305;7;0;2;7;17;1
202200012190;792 301;7;2;0;1;1;
202200012191;792 302;80;1;0;1;14;3
202200012192;792 296;7;0;2;8;9;1
202200012192;792 297;7;0;2;1;1;1
202200012193;792 294;7;0;1;2;1;1
202200012194;792 293;7;0;2;3;13;1
202200012194;792 295;7;0;2;8;1;1
202200012194;792 298;7;0;2;1;1;1
202200012195;792 290;7;0;2;3;26;1
202200012195;792 292;31;0;2;0;26;1
202200012196;792 289;7;0;2;4;1;1
202200012196;792 291;30;0;2;1;1;1
202200012197;792 285;80;0;2;3;26;3
202200012197;792 287;7;0;2;5;1;1
202200012198;792 284;7;0;1;1;15;1
202200012199;792 282;31;0;2;2;1;1
202200012199;792 283;7;0;2;3;15;3
202200012200;792 280;1;0;2;4;2;5
202200012200;792 281;7;0;2;1;2;1
202200012201;792 279;30;16;0;9;1;1
202200012202;792 276;7;0;2;3;1;1
202200012202;792 278;7;8;2;4;9;1
202200012203;792 286;7;0;0;0;9;1
202200012203;792 288;1;0;0;0;1;5
202200012204;792 275;7;0;2;3;9;1
202200012204;792 277;7;0;2;1;0;1
202200012205;792 272;7;14;0;0;0;1
202200012205;792 274;31;14;0;9;2;1
202200012206;792 270;7;0;2;1;1;1
202200012206;792 273;1;0;2;1;9;5
202200012207;792 269;10;0;2;2;15;1
202200012207;792 271;33;0;2;1;1;1
202200012208;792 266;30;0;2;3;21;1
202200012208;792 267;30;0;2;3;0;1
202200012209;792 265;7;0;2;3;1;1
202200012209;792 268;10;0;2;3;11;1
202200012210;792 260;30;0;2;1;17;1
202200012210;792 263;7;0;2;8;9;1
202200012211;792 258;7;0;2;4;1;1
202200012211;792 259;7;0;2;1;1;1
202200012212;792 255;10;0;2;4;0;1
202200012212;792 257;7;0;2;1;0;1
202200012213;792 254;7;0;1;1;9;1
202200012214;792 253;7;0;2;3;1;1
202200012214;792 256;7;0;2;3;1;1
202200012215;792 250;7;0;2;8;20;1
202200012215;792 252;7;0;2;1;2;1
202200012216;792 249;1;0;2;8;2;5
202200012216;792 251;7;0;2;2;9;1
202200012217;792 248;7;0;1;1;1;1
202200012218;792 246;10;0;1;2;1;1
202200012219;792 242;31;0;2;1;1;1
202200012219;792 244;7;0;2;1;15;1
202200012220;792 243;1;0;2;6;11;5
202200012220;792 245;7;0;2;2;1;1
202200012221;792 241;7;0;1;2;1;1
202200012222;792 237;7;0;2;3;9;1
202200012222;792 240;33;0;2;1;15;1
202200012223;792 238;21;0;0;4;4;1
202200012224;792 236;7;0;2;2;1;1
202200012224;792 239;33;0;2;1;13;1
202200012225;792 235;1;0;0;0;26;5
202200012226;792 229;7;0;2;4;23;1
202200012226;792 232;10;0;2;4;23;1
202200012226;792 233;7;0;2;1;2;1
202200012227;792 228;7;0;2;3;15;1
202200012227;792 231;41;0;2;1;17;1
202200012228;792 226;14;1;2;5;2;1
202200012228;792 227;7;1;2;9;23;1
202200012228;792 230;7;0;2;4;24;1
202200012228;792 234;7;0;2;7;11;1
202200012229;792 225;31;0;6;1;1;1
202200012230;792 223;32;0;2;7;17;1
202200012230;792 224;7;0;2;8;15;1
202200012231;792 220;7;8;0;1;13;1
202200012232;792 217;32;0;2;8;1;1
202200012232;792 219;7;0;2;2;15;1
202200012233;792 214;60;0;1;1;25;5
202200012234;792 212;7;0;2;8;13;1
202200012234;792 215;7;0;2;1;1;3
202200012235;792 207;10;1;2;5;1;1
202200012235;792 210;7;0;2;1;1;1
202200012236;792 206;7;0;2;4;1;1
202200012236;792 209;7;0;2;1;2;1
202200012237;792 204;37;0;1;5;20;2
202200012238;792 205;7;0;2;2;9;1
202200012238;792 208;2;0;2;8;16;1
202200012239;792 203;1;0;1;1;1;5
202200012240;792 201;7;2;0;1;14;1
202200012241;792 200;33;0;2;1;1;1
202200012241;792 202;7;0;2;2;15;1
202200012242;792 196;32;0;2;7;1;1
202200012242;792 198;1;0;2;0;19;5
202200012243;792 195;7;0;2;2;1;1
202200012243;792 197;7;0;2;6;1;1
202200012244;792 192;7;0;2;3;13;1
202200012244;792 194;10;0;2;3;1;1
202200012245;792 189;60;0;2;4;19;5
202200012245;792 191;30;0;2;0;9;0
202200012246;792 186;33;0;2;7;1;1
202200012246;792 188;7;0;2;1;1;1
202200012247;792 187;31;6;0;1;1;1
202200012248;792 185;14;0;1;2;1;1
202200012249;792 184;33;0;0;7;2;1
202200012250;792 183;50;0;0;0;13;3
202200012251;792 182;30;15;0;1;26;1
202200012252;792 179;1;0;2;9;15;5
202200012252;792 180;21;0;2;2;1;0
202200012253;792 177;80;0;2;1;1;3
202200012253;792 181;7;0;2;1;15;3
202200012254;792 178;10;0;1;1;9;0
202200012255;792 176;33;0;0;8;13;1
202200012256;792 173;1;0;2;8;1;5
202200012256;792 175;10;0;2;7;17;1
202200012257;792 171;7;0;2;1;0;1
202200012257;792 174;7;0;2;3;15;1
202200012258;792 170;10;0;2;3;11;1
202200012258;792 172;33;0;2;7;1;1
202200012259;792 168;2;0;2;0;23;3
202200012259;792 169;7;0;2;1;1;1
202200012260;792 167;7;0;1;2;1;1
202200012261;792 166;30;8;0;3;21;1
202200012262;792 163;30;1;0;8;19;1
202200012262;792 165;10;1;0;3;1;1
202200012263;792 162;32;0;2;1;15;1
202200012263;792 164;7;0;2;2;1;1
202200012264;792 160;7;0;2;2;1;1
202200012264;792 161;34;0;2;4;23;1
202200012265;792 158;33;0;2;1;1;1
202200012265;792 159;1;0;2;7;19;5
202200012266;792 157;7;7;0;2;16;1
202200012267;792 153;32;0;1;1;1;1
202200012268;792 152;7;0;2;1;1;1
202200012268;792 155;7;0;2;5;10;1
202200012269;792 154;14;0;2;5;16;1
202200012269;792 156;32;0;2;7;7;1
202200012270;792 148;7;0;2;3;1;1
202200012270;792 149;33;14;2;1;17;1
202200012271;792 150;80;0;0;0;21;3
202200012272;792 147;7;0;2;5;16;1
202200012272;792 151;1;0;2;0;1;5
202200012273;792 142;37;0;2;2;1;1
202200012273;792 146;7;0;2;3;9;1
202200012274;792 141;7;0;2;2;1;1
202200012274;792 144;32;0;2;1;1;1
202200012275;792 143;50;0;2;0;1;3
202200012275;792 145;7;0;2;1;1;1
202200012276;792 137;1;0;2;1;1;5
202200012276;792 139;7;0;2;4;16;2
202200012277;792 136;7;0;2;5;24;1
202200012277;792 138;33;1;2;2;1;1
202200012277;792 140;7;0;2;3;13;1
202200012278;792 130;7;0;2;1;2;0
202200012278;792 135;31;0;2;4;12;1
202200012279;792 132;32;0;2;1;1;1
202200012279;792 134;7;0;2;5;23;1
202200012280;792 131;10;0;2;3;9;1
202200012280;792 133;30;0;2;1;1;1
202200012281;792 126;7;0;2;2;1;1
202200012281;792 129;7;0;2;1;13;1
202200012282;792 127;30;9;0;1;21;3
202200012283;792 125;60;0;2;1;1;5
202200012283;792 128;7;0;2;3;15;1
202200012284;792 123;7;0;2;3;13;1
202200012284;792 124;7;0;2;3;1;1
202200012285;792 120;7;0;2;3;13;1
202200012285;792 122;2;0;2;1;1;1
202200012286;792 119;31;0;2;1;1;3
202200012286;792 121;10;0;2;2;15;1
202200012287;792 116;3;0;2;2;9;1
202200012287;792 118;33;0;2;5;1;1
202200012288;792 115;13;0;4;6;1;1
202200012288;792 117;39;0;2;1;1;3
202200012289;792 114;30;0;2;0;21;3
202200012290;792 111;7;0;1;2;1;1
202200012291;792 110;30;1;2;2;1;3
202200012291;792 112;10;0;2;1;15;1
202200012292;792 109;7;0;1;0;1;0
202200012293;792 108;2;0;1;1;1;1
202200012294;792 106;7;0;2;1;1;1
202200012294;792 113;7;4;2;4;12;1
202200012295;792 105;7;0;2;2;9;1
202200012295;792 107;7;4;2;6;9;1
202200012296;792 103;33;0;2;7;15;1
202200012296;792 104;1;0;2;1;1;5
202200012297;792 101;33;0;2;0;0;1
202200012297;792 102;7;0;2;0;0;0
202200012298;792 097;1;0;2;7;1;5
202200012298;792 099;1;0;2;7;1;5
202200012298;792 100;7;0;2;3;9;1
202200012299;792 096;7;0;2;1;19;1
202200012299;792 098;7;0;2;8;1;1
202200012300;792 095;7;0;1;8;1;1
202200012301;792 094;30;0;1;1;1;3
202200012302;792 093;15;0;1;8;20;1
202200012303;792 092;32;0;0;0;1;1
202200012304;792 089;1;0;2;1;1;5
202200012305;792 090;60;0;2;7;19;5
202200012305;792 091;7;0;2;1;1;1
202200012306;792 085;50;0;2;0;1;3
202200012306;792 087;1;0;2;7;1;5
202200012307;792 086;10;0;2;6;9;1
202200012307;792 088;30;0;2;8;21;1
202200012308;792 084;33;0;1;1;1;0
202200012309;792 083;7;0;1;4;4;1
202200012310;792 080;50;0;2;4;2;3
202200012310;792 081;7;0;2;1;2;1
202200012311;792 079;7;0;2;3;1;1
202200012311;792 082;10;0;2;2;1;1
202200012312;792 077;60;0;2;3;19;5
202200012312;792 078;7;0;2;2;1;1
202200012313;792 076;7;0;1;1;9;1
202200012314;792 074;2;0;2;7;17;3
202200012314;792 075;7;0;2;3;15;1
202200012315;792 073;31;0;1;2;1;1
202200012316;792 071;7;0;2;3;1;2
202200012316;792 072;10;0;2;1;1;1
202200012317;792 069;7;0;9;3;2;1
202200012317;792 070;1;0;2;6;1;5
202200012318;792 067;43;0;2;1;1;1
202200012318;792 068;7;0;2;4;1;1
202200012319;792 065;3;0;2;8;10;1
202200012319;792 066;37;0;2;2;1;0
202200012320;792 063;10;9;0;1;1;1
202200012321;792 061;37;0;2;3;1;1
202200012321;792 062;7;0;2;1;1;1
202200012321;792 064;7;0;2;5;1;1
202200012322;792 058;7;0;2;4;23;1
202200012322;792 060;7;0;2;1;1;1
202200012323;792 059;7;0;1;1;15;1
202200012324;792 056;7;0;1;1;1;1
202200012325;792 055;7;0;2;8;15;1
202200012325;792 057;32;0;2;1;17;1
202200012326;792 053;7;0;2;5;26;1
202200012326;792 054;32;0;2;1;1;1
202200012327;792 050;7;0;2;6;0;1
202200012327;792 052;37;0;2;2;12;1
202200012328;792 049;50;0;2;1;1;3
202200012328;792 051;7;0;2;3;1;3
202200012329;792 047;7;0;2;4;26;1
202200012329;792 048;7;0;2;1;1;1
202200012330;792 046;7;0;1;2;15;1
202200012331;792 045;40;0;1;7;1;3
202200012332;792 043;50;0;2;1;1;3
202200012332;792 044;7;0;2;2;0;1
202200012333;792 041;7;0;2;2;0;1
202200012333;792 042;33;0;2;3;0;1
202200012334;792 037;1;0;2;3;2;5
202200012334;792 039;7;0;2;5;2;1
202200012335;792 034;31;0;2;2;1;1
202200012335;792 035;7;0;2;3;9;1
202200012336;792 033;37;0;2;3;1;2
202200012336;792 036;7;0;2;2;16;1
202200012337;792 032;80;0;0;0;0;3
202200012338;792 030;7;0;2;1;2;1
202200012338;792 031;34;0;2;4;1;1
202200012339;792 029;1;0;0;0;1;5
202200012340;792 026;33;0;2;1;1;1
202200012340;792 028;10;0;2;7;15;1
202200012341;792 025;30;0;2;0;1;1
202200012341;792 027;7;0;2;6;9;2
202200012342;792 024;33;0;1;1;1;1
202200012343;792 023;30;0;1;1;1;0
202200012344;792 021;7;0;2;1;1;1
202200012344;792 022;10;0;0;6;9;1
202200012345;792 019;32;14;0;8;13;1
202200012346;792 017;7;0;2;4;2;2
202200012346;792 018;7;0;2;4;2;1
202200012346;792 020;10;0;2;1;2;1
202200012347;792 016;33;13;0;0;1;1
202200012348;792 013;7;0;2;8;0;1
202200012348;792 015;17;0;2;8;0;1
202200012349;792 012;7;0;2;3;1;1
202200012349;792 014;30;0;2;4;10;1
202200012350;792 011;7;4;0;3;1;1
202200012351;792 009;33;0;2;1;1;1
202200012351;792 010;7;0;2;1;15;1
202200012352;792 007;7;4;0;1;2;1
202200012353;792 005;7;0;9;1;2;1
202200012353;792 006;7;0;2;4;2;1
202200012353;792 008;7;0;2;1;2;1
202200012354;792 003;33;0;0;1;1;1
202200012354;792 004;7;0;0;7;15;1
202200012355;792 000;33;10;0;3;17;1
202200012356;791 999;7;0;2;4;2;1
202200012356;792 001;7;4;0;1;1;1
202200012356;792 002;10;0;2;4;1;1
202200012357;791 997;7;0;0;3;15;3
202200012357;791 998;32;0;0;7;17;1
202200012358;791 995;7;0;2;6;2;1
202200012358;791 996;7;9;2;1;2;1
202200012359;791 994;7;8;0;3;1;0
202200012360;791 992;7;13;0;1;1;1
202200012361;791 991;7;0;2;1;1;1
202200012361;791 993;10;0;2;4;2;1
202200012362;791 990;33;2;0;1;1;1
202200012363;791 989;7;4;0;1;1;1
202200012364;791 987;33;0;2;1;19;1
202200012364;791 988;7;0;2;3;1;1
202200012365;791 986;7;0;0;1;1;1
202200012366;791 984;7;5;0;1;12;1
202200012367;791 983;1;0;2;8;1;5
202200012367;791 985;10;0;9;2;15;1
202200012368;791 980;7;0;2;2;2;1
202200012368;791 982;7;0;2;6;13;1
202200012369;791 979;33;0;0;8;0;1
202200012369;791 981;38;0;2;3;0;1
202200012370;791 976;7;0;2;1;1;1
202200012370;791 978;7;0;2;4;23;1
202200012371;791 975;7;0;2;5;15;1
202200012371;791 977;33;0;2;1;1;1
202200012372;791 973;7;13;0;7;1;1
202200012372;791 974;7;0;0;0;17;1
202200012373;791 972;7;0;1;0;0;1
202200012374;791 970;7;0;2;5;15;1
202200012374;791 971;33;8;2;9;1;1
202200012375;791 969;7;2;0;1;0;1
202200012376;791 968;7;0;1;3;13;1
202200012377;791 967;7;13;0;3;13;1
202200012378;791 966;33;0;1;1;17;1
202200012379;791 964;1;0;2;4;1;5
202200012379;791 965;1;0;2;1;1;5
202200012380;791 963;7;0;1;5;1;1
202200012381;791 962;7;0;1;3;1;1
202200012382;791 960;7;0;2;1;17;1
202200012382;791 961;33;0;2;1;5;1
202200012383;791 958;7;0;2;6;17;1
202200012383;791 959;33;0;2;1;17;1
202200012384;791 956;7;0;1;1;1;1
202200012385;791 955;7;0;2;3;9;1
202200012385;791 957;1;0;2;2;26;5
202200012386;791 953;2;6;0;1;0;1
202200012387;791 952;7;0;2;3;26;1
202200012387;791 954;1;0;2;2;21;5
202200012388;791 950;7;0;2;2;1;1
202200012388;791 951;2;0;2;6;15;1
202200012389;791 948;7;0;2;8;1;1
202200012389;791 949;1;0;2;1;1;5
202200012390;791 946;7;0;2;2;5;1
202200012390;791 947;31;0;2;1;21;1
202200012391;791 943;7;0;2;5;1;1
202200012391;791 945;2;0;2;3;2;1
202200012392;791 942;7;0;2;3;1;1
202200012392;791 944;1;0;2;4;13;5
202200012393;791 939;7;3;2;1;13;1
202200012393;791 940;7;0;2;1;1;1
202200012394;791 938;7;0;2;3;9;1
202200012394;791 941;1;0;2;1;1;5
202200012395;791 936;7;0;2;5;15;1
202200012395;791 937;33;0;2;1;1;1
202200012396;791 935;7;0;0;2;26;1
202200012397;791 932;7;0;2;1;1;1
202200012397;791 934;7;13;2;7;1;1
202200012398;791 931;10;0;2;1;17;1
202200012398;791 933;33;0;2;1;26;1
202200012399;791 929;1;0;2;1;2;5
202200012399;791 930;21;0;2;5;2;0
202200012400;791 928;7;8;1;1;25;1
202200012401;791 926;7;0;2;2;9;1
202200012401;791 927;7;0;2;3;1;1
202200012402;791 924;36;1;0;2;14;1
202200012403;791 923;7;0;1;1;9;1
202200012404;791 922;1;0;0;0;0;5
202200012405;791 920;7;0;0;5;1;1
202200012406;791 919;7;0;2;3;9;1
202200012406;791 921;37;0;2;1;1;6
202200012407;791 916;7;0;2;6;17;1