Num_Acc;id_vehicule;categorie_vehicule;obstacle_fixe;obstacle_mobile;point_choc_initial;manoeuvre_principale;motorisation
202200012407;791 918;1;0;2;6;13;5
202200012408;791 917;1;0;0;7;14;5
202200012409;791 912;33;0;2;1;1;1
202200012409;791 914;7;0;2;3;13;1
202200012410;791 911;17;3;0;2;1;1
202200012411;791 910;30;0;0;0;21;1
202200012412;791 909;7;0;1;1;1;1
202200012413;791 907;32;16;0;1;1;1
202200012414;791 906;43;1;2;5;1;1
202200012414;791 908;99;0;2;3;10;2
202200012415;791 903;7;0;2;3;15;1
202200012415;791 905;33;0;2;7;15;1
202200012416;791 904;7;0;1;2;1;1
202200012417;791 901;7;2;0;1;26;1
202200012418;791 899;7;0;1;2;1;1
202200012419;791 896;7;0;2;3;1;1
202200012419;791 898;7;0;2;2;19;1
202200012420;791 895;10;0;2;6;13;1
202200012420;791 897;33;0;2;6;2;1
202200012421;791 892;30;0;2;1;17;1
202200012421;791 894;7;0;2;3;23;1
202200012422;791 891;7;0;2;1;19;1
202200012422;791 893;2;0;0;8;1;1
202200012423;791 887;7;0;2;1;13;1
202200012423;791 889;7;0;2;1;2;1
202200012423;791 890;7;0;2;1;2;1
202200012424;791 886;7;0;2;2;1;1
202200012424;791 888;7;0;2;1;1;1
202200012425;791 885;33;13;0;7;14;1
202200012426;791 884;7;0;2;3;17;1
202200012427;791 882;33;0;2;1;2;1
202200012427;791 883;7;0;2;6;10;1
202200012428;791 879;7;0;2;1;15;1
202200012428;791 880;33;0;2;1;1;1
202200012429;791 875;7;0;0;2;9;1
202200012429;791 877;31;0;0;1;1;1
202200012430;791 872;7;0;0;1;1;1
202200012430;791 873;7;0;2;1;13;1
202200012431;791 868;2;0;0;7;16;1
202200012432;791 867;33;0;0;0;1;1
202200012433;791 864;7;0;2;1;17;1
202200012433;791 866;7;3;2;1;1;1
202200012434;791 863;43;0;2;1;17;1
202200012434;791 865;80;0;2;8;15;3
202200012435;791 861;7;0;2;1;1;2
202200012435;791 862;7;0;2;1;1;1
202200012436;791 858;7;0;1;2;21;1
202200012437;791 856;7;0;2;5;11;1
202200012437;791 857;33;0;2;1;1;1
202200012438;791 855;15;2;0;1;1;1
202200012439;791 853;32;0;2;1;2;1
202200012439;791 854;7;0;0;4;23;1
202200012440;791 852;7;0;1;3;1;1
202200012441;791 850;7;0;2;1;9;3
202200012441;791 851;2;0;2;2;1;1
202200012442;791 847;10;0;2;3;9;1
202200012442;791 849;1;0;2;1;1;5
202200012443;791 844;17;0;9;0;9;1
202200012443;791 848;80;0;2;0;19;3
202200012444;791 841;10;0;2;0;0;1
202200012444;791 842;10;0;2;9;0;1
202200012444;791 843;10;0;2;9;0;1
202200012444;791 845;15;3;2;1;14;1
202200012444;791 846;14;1;0;0;0;1
202200012445;791 839;7;0;2;0;0;1
202200012445;791 840;7;0;2;3;1;1
202200012446;791 835;33;0;2;1;1;1
202200012446;791 836;7;0;2;4;1;3
202200012446;791 837;7;0;2;4;1;1
202200012447;791 834;10;12;9;2;15;1
202200012447;791 838;1;0;2;3;7;5
202200012448;791 832;7;0;2;8;1;1
202200012448;791 833;10;0;2;7;14;0
202200012449;791 831;7;0;1;2;15;1
202200012450;791 830;1;0;1;1;0;5
202200012451;791 829;7;1;1;1;21;1
202200012452;791 827;7;0;2;7;22;1
202200012452;791 828;50;1;2;0;0;3
202200012453;791 825;7;0;2;3;1;1
202200012453;791 826;1;0;2;6;15;5
202200012454;791 823;7;0;2;5;15;1
202200012454;791 824;80;0;2;1;1;3
202200012455;791 821;1;0;2;1;1;5
202200012455;791 822;7;0;2;8;15;1
202200012456;791 819;2;0;2;7;13;1
202200012456;791 820;7;0;2;3;15;1
202200012457;791 818;10;0;1;2;2;1
202200012458;791 816;7;0;9;3;0;1
202200012458;791 817;1;0;2;1;13;5
202200012459;791 814;7;0;2;3;11;1
202200012459;791 815;2;0;2;1;1;1
202200012460;791 812;7;0;2;1;1;1
202200012460;791 813;7;0;2;4;26;1
202200012461;791 811;7;0;0;0;6;1
202200012462;791 810;7;1;0;2;1;1
202200012463;791 808;7;0;2;1;1;1
202200012463;791 809;7;0;2;1;5;1
202200012464;791 806;30;0;2;1;2;3
202200012464;791 807;7;0;2;4;2;1
202200012465;791 805;33;0;1;1;1;1
202200012466;791 803;33;0;2;8;17;1
202200012466;791 804;7;0;2;2;17;0
202200012467;791 801;7;0;2;1;1;1
202200012467;791 802;7;0;2;1;11;1
202200012468;791 799;7;0;2;1;2;1
202200012468;791 800;7;7;2;4;15;1
202200012469;791 798;7;1;0;1;1;1
202200012470;791 796;10;0;2;1;2;1
202200012470;791 797;10;0;2;4;2;1
202200012471;791 794;31;0;2;1;1;1
202200012471;791 795;7;0;2;5;15;1
202200012472;791 792;31;0;2;1;13;1
202200012472;791 793;10;0;2;2;23;1
202200012473;791 790;7;0;2;3;9;1
202200012473;791 791;33;0;2;7;1;1
202200012474;791 789;7;6;0;4;26;1
202200012475;791 787;33;0;2;1;2;1
202200012475;791 788;7;0;2;4;13;1
202200012476;791 786;7;0;1;1;1;1
202200012477;791 785;7;6;0;3;1;1
202200012478;791 784;30;8;0;1;13;1
202200012479;791 782;7;0;2;1;16;1
202200012479;791 783;1;0;2;7;1;5
202200012480;791 781;7;14;0;9;1;1
202200012481;791 780;33;0;1;1;1;1
202200012482;791 779;7;8;0;1;14;1
202200012483;791 777;10;0;9;1;13;1
202200012483;791 778;1;0;2;1;1;5
202200012484;791 775;7;0;2;2;1;1
202200012484;791 776;2;0;2;1;16;1
202200012485;791 774;33;13;0;1;13;1
202200012486;791 773;7;8;0;1;16;1
202200012487;791 771;7;0;2;8;11;1
202200012487;791 772;33;0;2;1;1;1
202200012488;791 769;7;6;2;1;1;1
202200012488;791 770;7;6;2;8;1;1
202200012489;791 767;7;0;2;1;2;1
202200012489;791 768;10;0;2;4;2;0
202200012490;791 765;30;0;2;6;1;1
202200012490;791 766;7;0;2;2;1;1
202200012491;791 764;7;0;1;3;16;1
202200012492;791 763;7;12;0;1;19;1
202200012493;791 761;7;0;2;3;13;1
202200012493;791 762;32;0;2;2;15;1
202200012494;791 760;0;0;1;7;16;0
202200012495;791 758;32;0;2;5;1;1
202200012495;791 759;30;0;2;8;15;1
202200012496;791 756;1;0;2;6;13;5
202200012496;791 757;32;0;2;2;1;1
202200012497;791 755;30;0;1;1;1;3
202200012498;791 754;3;0;1;5;1;3
202200012499;791 752;7;0;2;8;17;1
202200012499;791 753;7;0;2;1;15;2
202200012500;791 751;50;0;1;1;1;3
202200012501;791 750;14;0;1;5;16;0
202200012502;791 748;3;0;2;0;0;0
202200012502;791 749;7;0;2;1;1;0
202200012503;791 746;7;0;2;3;13;1
202200012503;791 747;7;0;2;3;1;1
202200012504;791 745;33;0;0;1;0;1
202200012505;791 741;7;0;2;3;13;1
202200012505;791 742;32;0;2;2;17;1
202200012506;791 740;7;8;0;3;13;1
202200012507;791 738;30;0;2;1;1;1
202200012507;791 739;7;0;2;5;1;1
202200012508;791 735;33;0;2;2;2;1
202200012508;791 736;33;0;2;6;2;1
202200012508;791 737;33;16;0;0;2;1
202200012509;791 734;7;13;0;2;2;1
202200012510;791 732;34;0;2;8;15;1
202200012510;791 733;33;0;2;1;1;1
202200012511;791 731;2;8;0;1;14;1
202200012512;791 729;10;0;2;1;2;1
202200012512;791 730;7;3;0;4;2;1
202200012513;791 728;10;0;1;3;15;1
202200012514;791 727;7;7;0;9;1;1
202200012515;791 725;33;0;2;1;2;1
202200012515;791 726;7;0;0;5;23;1
202200012516;791 724;7;3;0;2;1;1
202200012517;791 722;7;11;0;3;19;1
202200012517;791 723;7;0;2;2;1;1
202200012518;791 721;7;15;0;1;11;1
202200012519;791 719;10;2;0;3;13;1
202200012520;791 714;2;0;2;7;19;1
202200012520;791 716;7;0;9;1;23;1
202200012520;791 720;7;0;2;1;1;1
202200012521;791 715;21;0;2;6;1;1
202200012521;791 717;7;0;2;3;1;1
202200012521;791 718;7;0;2;3;1;1
202200012522;791 713;36;13;0;2;17;1
202200012523;791 712;20;0;0;0;1;1
202200012524;791 711;7;0;0;0;0;0
202200012525;791 710;2;13;0;7;1;1
202200012526;791 709;7;0;0;0;1;1
202200012527;791 708;10;6;0;1;1;1
202200012528;791 707;33;2;0;1;0;1
202200012529;791 704;1;0;2;1;1;5
202200012529;791 705;7;0;9;3;15;2
202200012530;791 706;33;13;0;7;1;1
202200012531;791 702;7;2;0;1;14;1
202200012532;791 701;7;0;2;3;1;1
202200012532;791 703;7;0;2;1;1;1
202200012533;791 699;10;16;0;1;1;1
202200012534;791 700;33;0;0;1;1;1
202200012535;791 698;7;0;0;9;17;1
202200012536;791 696;7;0;2;3;15;1
202200012536;791 697;1;0;2;3;1;5
202200012537;791 695;7;13;0;9;21;1
202200012538;791 694;7;0;1;4;26;1
202200012539;791 692;7;0;2;3;1;1
202200012539;791 693;7;0;2;3;5;1
202200012540;791 690;31;0;2;8;26;1
202200012540;791 691;20;0;2;5;19;1
202200012541;791 688;7;0;2;2;15;1
202200012541;791 689;2;0;2;1;1;1
202200012542;791 687;7;13;0;0;0;1
202200012543;791 684;7;3;2;1;1;1
202200012543;791 686;7;0;2;1;13;1
202200012544;791 682;7;8;0;0;1;1
202200012545;791 680;10;0;2;1;1;1
202200012545;791 681;33;0;2;8;1;1
202200012546;791 683;2;0;9;4;2;1
202200012546;791 685;7;15;2;2;2;1
202200012547;791 678;33;14;0;1;1;1
202200012548;791 679;7;6;0;2;1;1
202200012549;791 677;31;0;0;7;1;1
202200012550;791 675;7;0;2;2;14;1
202200012550;791 676;7;0;0;3;1;1
202200012551;791 672;10;0;2;1;1;1
202200012551;791 674;7;0;2;3;15;1
202200012552;791 668;7;0;0;1;1;1
202200012553;791 666;7;0;1;1;9;1
202200012554;791 664;31;4;0;0;13;1
202200012555;791 660;31;12;0;0;0;1
202200012556;791 661;7;4;2;1;1;1
202200012556;791 662;7;0;0;1;1;1
202200012556;791 663;7;15;0;1;1;1
202200012556;791 665;7;0;2;1;1;1
202200012556;791 667;7;0;2;1;1;2
202200012556;791 669;7;0;2;1;1;1
202200012556;791 670;7;0;2;4;1;1
202200012556;791 671;7;0;2;1;1;1
202200012556;791 673;7;0;2;7;1;1
202200012557;791 659;33;0;0;1;1;1
202200012558;791 658;2;0;0;8;16;1
202200012559;791 657;33;0;6;1;1;1
202200012560;791 656;7;4;0;3;21;1
202200012561;791 655;33;0;0;0;1;1
202200012562;791 652;7;0;2;1;0;1
202200012562;791 653;2;0;0;4;1;1
202200012563;791 649;7;0;1;2;1;1
202200012564;791 646;15;0;2;1;1;1
202200012564;791 647;17;0;2;8;11;1
202200012564;791 648;7;0;2;1;2;1
202200012564;791 650;7;0;2;1;2;1
202200012564;791 651;7;0;2;7;17;1
202200012564;791 654;7;0;9;1;1;1
202200012565;791 645;7;13;0;9;1;1
202200012566;791 644;7;13;0;3;13;1
202200012567;791 643;31;13;0;0;0;1
202200012568;791 641;7;13;0;3;13;1
202200012569;791 640;7;0;9;3;15;1
202200012569;791 642;33;0;0;2;17;1
202200012570;791 637;7;6;0;1;1;1
202200012571;791 638;7;0;0;4;4;1
202200012571;791 639;7;0;0;1;2;3
202200012572;791 636;17;0;0;8;16;1
202200012573;791 634;2;0;2;1;1;1
202200012573;791 635;7;0;2;6;20;1
202200012574;791 632;7;0;2;1;1;2
202200012574;791 633;7;0;2;7;15;1
202200012575;791 630;2;0;2;3;19;1
202200012575;791 631;7;0;2;1;1;1
202200012576;791 628;7;0;2;1;1;1
202200012576;791 629;7;0;2;1;13;1
202200012577;791 627;7;3;0;1;0;1
202200012578;791 625;1;0;2;3;1;5
202200012578;791 626;7;0;9;3;13;1
202200012579;791 624;7;0;0;1;0;1
202200012580;791 622;7;2;0;0;1;1
202200012581;791 623;7;2;0;3;1;1
202200012582;791 621;7;6;0;1;13;1
202200012583;791 620;7;2;0;2;1;1
202200012584;791 617;7;0;2;3;13;1
202200012584;791 619;7;0;0;3;1;1
202200012585;791 618;7;0;0;9;1;1
202200012586;791 616;7;14;0;1;1;1
202200012587;791 615;33;13;0;8;1;1
202200012588;791 614;7;5;0;3;6;2
202200012589;791 612;10;0;2;3;15;1
202200012589;791 613;34;0;2;1;17;1
202200012590;791 611;7;0;1;3;1;1
202200012591;791 610;1;13;0;0;0;5
202200012592;791 609;32;3;0;2;14;1
202200012593;791 606;7;0;2;1;1;1
202200012593;791 608;7;0;2;7;13;1
202200012594;791 605;2;0;0;8;26;1
202200012595;791 603;7;0;2;0;15;0
202200012595;791 604;2;0;2;1;1;1
202200012596;791 601;2;0;2;1;1;1
202200012596;791 602;7;0;2;3;19;1
202200012597;791 599;7;0;2;3;26;1
202200012597;791 600;7;0;2;3;1;1
202200012598;791 597;7;0;2;2;9;1
202200012598;791 598;33;0;2;6;1;1
202200012599;791 595;7;0;2;3;1;1
202200012599;791 596;7;0;2;3;1;1
202200012600;791 592;7;0;2;2;15;1
202200012600;791 594;1;0;2;1;1;5
202200012601;791 591;7;0;2;4;23;1
202200012601;791 593;7;0;2;1;2;1
202200012602;791 588;31;0;2;1;1;1
202200012602;791 590;7;0;2;2;15;2
202200012603;791 586;7;0;9;0;0;0
202200012603;791 587;33;0;2;1;3;1
202200012603;791 589;7;0;2;4;0;1
202200012604;791 585;7;0;1;3;1;1
202200012605;791 583;7;0;2;5;2;1
202200012605;791 584;33;0;2;1;2;1
202200012606;791 581;7;3;2;7;1;1
202200012606;791 582;7;0;2;1;1;1
202200012607;791 579;7;0;2;4;1;1
202200012607;791 580;7;0;2;1;11;1
202200012608;791 578;7;15;0;9;1;1
202200012609;791 576;7;0;2;2;12;1
202200012609;791 577;10;0;2;6;1;1
202200012610;791 574;7;0;2;2;1;1
202200012610;791 575;7;0;2;3;9;1
202200012611;791 573;7;4;0;8;0;1
202200012612;791 572;34;0;2;0;1;1
202200012613;791 571;13;4;0;3;2;1
202200012614;791 567;7;0;2;4;1;1
202200012614;791 570;7;0;2;1;1;1
202200012615;791 566;7;0;2;1;1;1
202200012615;791 568;7;0;0;2;1;1
202200012615;791 569;7;0;2;1;1;1
202200012616;791 564;7;3;0;3;1;1
202200012617;791 563;7;0;2;6;2;1
202200012617;791 565;31;0;2;1;2;1
202200012618;791 560;10;14;1;2;1;1
202200012619;791 558;7;0;2;6;1;3
202200012619;791 559;10;0;2;4;2;1
202200012619;791 561;31;0;2;4;2;1
202200012619;791 562;7;0;2;2;2;1
202200012620;791 555;7;0;2;1;1;0
202200012620;791 556;60;0;2;1;26;5
202200012621;791 554;7;4;2;6;1;1
202200012621;791 557;7;0;2;2;1;1
202200012622;791 551;7;0;2;0;0;1
202200012622;791 553;50;0;2;0;0;3
202200012623;791 550;7;13;0;9;0;1
202200012624;791 548;7;4;0;3;1;1
202200012625;791 549;7;0;1;1;1;1
202200012626;791 545;7;0;2;7;0;1
202200012626;791 546;7;0;2;8;0;1
202200012626;791 547;7;0;2;0;0;2
202200012627;791 543;7;0;2;6;1;1
202200012627;791 544;2;0;2;7;18;1
202200012628;791 542;43;6;0;2;11;1
202200012629;791 541;7;0;1;1;1;1
202200012630;791 540;7;0;1;1;26;0
202200012631;791 537;7;0;2;7;15;1
202200012631;791 539;7;0;2;1;1;1
202200012632;791 535;7;0;2;4;2;1
202200012632;791 536;10;0;2;4;2;1
202200012632;791 538;33;0;2;1;2;1
202200012633;791 533;7;0;2;8;20;1
202200012633;791 534;32;0;2;1;1;1
202200012634;791 530;7;0;2;8;1;2
202200012634;791 532;7;0;2;3;1;1
202200012635;791 529;1;0;2;1;1;5
202200012635;791 531;7;0;2;5;1;1
202200012636;791 527;7;0;2;5;0;1
202200012636;791 528;30;0;2;5;26;1
202200012637;791 526;7;0;2;1;1;1
202200012638;791 524;7;0;2;0;0;1
202200012638;791 525;30;1;0;0;1;1
202200012639;791 522;7;0;2;4;1;1
202200012639;791 523;7;0;2;1;1;1
202200012640;791 520;7;0;2;7;15;1
202200012640;791 521;33;0;2;1;1;1
202200012641;791 516;33;0;2;8;1;1
202200012641;791 518;7;0;2;8;10;1
202200012642;791 514;99;14;2;1;26;1
202200012642;791 515;99;0;2;4;2;1
202200012642;791 517;99;0;2;1;2;1
202200012642;791 519;99;0;2;1;2;1
202200012643;791 512;0;0;2;7;15;0
202200012643;791 513;30;0;2;2;1;1
202200012644;791 510;7;0;2;0;0;1
202200012644;791 511;7;0;2;2;13;1
202200012645;791 508;10;0;2;4;1;1
202200012645;791 509;33;0;2;1;1;1
202200012646;791 505;33;0;0;8;9;1
202200012647;791 504;10;0;2;1;2;1
202200012647;791 506;7;0;2;1;2;3
202200012647;791 507;7;0;2;4;2;1
202200012648;791 501;2;0;2;8;1;1
202200012648;791 503;7;0;2;8;15;1
202200012649;791 499;7;1;0;6;16;3
202200012649;791 500;7;0;2;7;24;1
202200012649;791 502;7;0;2;7;24;1
202200012650;791 497;2;0;2;1;17;1
202200012650;791 498;7;0;2;3;20;1
202200012651;791 496;7;0;1;1;0;1
202200012652;791 494;31;0;2;1;1;1
202200012652;791 495;7;0;2;1;11;1
202200012653;791 492;2;0;2;8;19;1
202200012653;791 493;7;0;2;1;16;1
202200012654;791 491;7;0;0;0;13;1
202200012655;791 488;7;1;0;3;2;1
202200012656;791 489;7;0;2;6;1;1
202200012656;791 490;7;12;2;1;16;3
202200012657;791 486;60;0;1;1;1;5
202200012658;791 484;1;0;2;7;0;5
202200012658;791 487;7;0;9;1;9;1
202200012659;791 483;50;0;2;7;19;3
202200012659;791 485;7;0;2;1;1;1
202200012660;791 481;2;0;2;1;2;1
202200012660;791 482;7;0;2;4;0;1
202200012661;791 479;31;0;2;1;1;1
202200012661;791 480;7;0;2;1;1;1
202200012662;791 478;7;0;1;4;4;1
202200012663;791 476;7;0;1;0;26;1
202200012664;791 475;2;0;2;1;17;0
202200012664;791 477;7;0;2;8;11;0
202200012665;791 473;7;0;1;2;1;1
202200012666;791 472;7;0;2;1;1;1
202200012666;791 474;2;0;2;1;10;1
202200012667;791 471;7;0;0;0;0;0
202200012668;791 469;7;0;2;3;9;1
202200012668;791 470;2;0;2;7;1;1
202200012669;791 468;2;1;0;1;14;1
202200012670;791 466;7;0;2;6;20;1
202200012670;791 467;32;0;2;2;1;1
202200012671;791 465;7;15;0;2;1;1
202200012672;791 464;7;0;1;3;1;1
202200012673;791 462;31;0;2;8;1;1
202200012673;791 463;7;0;2;1;9;1
202200012674;791 460;32;12;0;2;14;1
202200012675;791 461;7;0;1;4;20;1
202200012676;791 459;7;2;0;1;1;1
202200012677;791 458;7;0;9;1;2;1
202200012678;791 457;30;0;0;1;2;1
202200012679;791 456;33;0;0;8;15;1
202200012680;791 453;15;0;9;2;16;1
202200012680;791 455;1;0;2;3;1;5
202200012681;791 454;30;0;0;1;1;1
202200012682;791 451;7;6;0;1;1;1
202200012683;791 450;7;14;0;1;6;1
202200012684;791 448;14;0;0;8;1;1
202200012684;791 449;31;0;0;2;17;1
202200012685;791 447;7;9;0;1;1;1
202200012686;791 446;7;8;0;7;15;1
202200012687;791 444;37;0;2;4;23;1
202200012687;791 445;7;0;2;1;1;1
202200012688;791 442;7;0;2;3;1;2
202200012688;791 443;33;8;2;1;13;1
202200012689;791 440;7;0;2;0;16;1
202200012689;791 441;32;0;2;8;7;1
202200012690;791 437;7;12;2;3;9;1
202200012690;791 438;7;2;2;5;0;1
202200012690;791 439;7;0;2;0;0;1
202200012691;791 436;30;0;0;0;1;1
202200012692;791 431;30;0;2;1;1;1
202200012692;791 433;7;0;2;3;15;1
202200012693;791 432;7;0;2;1;1;1
202200012693;791 435;7;0;2;8;15;1
202200012694;791 430;7;0;1;1;1;1
202200012695;791 428;31;0;2;8;18;1
202200012695;791 429;7;0;2;2;1;3
202200012696;791 427;7;8;0;2;26;1
202200012697;791 425;7;0;1;2;1;0
202200012698;791 424;7;6;2;1;2;1
202200012698;791 426;7;0;2;3;15;1
202200012699;791 423;7;0;1;3;19;1
202200012700;791 422;7;2;0;1;13;1
202200012701;791 421;7;0;2;1;1;1
202200012702;791 420;34;0;1;6;17;1
202200012703;791 418;7;0;2;4;2;1
202200012703;791 419;7;0;2;1;2;2
202200012704;791 416;10;1;2;5;0;1
202200012704;791 417;34;0;2;1;1;1
202200012705;791 415;7;0;1;2;15;3
202200012706;791 414;37;0;1;2;21;3
202200012707;791 412;7;0;2;1;1;1
202200012707;791 413;3;0;2;8;1;1
202200012708;791 411;7;0;1;3;1;1
202200012709;791 409;33;12;0;1;26;1
202200012710;791 408;38;0;2;6;0;1
202200012710;791 410;7;1;0;1;1;1
202200012711;791 405;7;1;0;2;13;1
202200012711;791 407;7;0;2;3;26;1
202200012712;791 404;7;0;9;2;16;1
202200012712;791 406;1;0;2;7;1;5
202200012713;791 401;30;0;2;8;16;1
202200012713;791 403;30;0;2;1;1;1
202200012714;791 400;33;0;2;1;1;1
202200012714;791 402;7;0;2;7;1;2
202200012715;791 398;7;0;1;2;2;1
202200012716;791 396;7;0;2;6;1;1
202200012716;791 397;30;0;2;1;1;1
202200012716;791 399;33;0;2;1;17;1
202200012717;791 394;1;0;0;0;1;5
202200012718;791 393;33;0;2;1;1;1
202200012718;791 395;7;0;2;2;15;1
202200012719;791 388;7;0;2;0;12;0
202200012719;791 390;7;0;2;6;1;2
202200012719;791 392;33;0;2;3;14;1
202200012720;791 387;7;12;1;1;1;1
202200012720;791 389;7;12;9;1;0;1
202200012720;791 391;7;12;2;1;1;1
202200012721;791 385;7;0;1;2;16;1
202200012722;791 384;1;0;2;8;17;5
202200012722;791 386;1;0;2;7;13;5
202200012723;791 383;7;0;1;1;1;1
202200012724;791 378;37;0;2;1;1;1
202200012724;791 379;7;0;2;4;1;2
202200012724;791 381;7;0;2;4;1;1
202200012725;791 380;50;0;2;1;1;3
202200012725;791 382;7;0;2;3;15;1
202200012726;791 375;7;0;2;1;15;1
202200012726;791 376;7;0;2;1;1;1
202200012727;791 374;7;0;2;2;15;2
202200012727;791 377;2;0;2;1;1;1
202200012728;791 373;7;4;0;2;1;1
202200012729;791 371;2;0;2;1;1;1
202200012729;791 372;7;0;2;7;1;1
202200012730;791 370;7;14;1;0;0;0
202200012731;791 368;7;0;2;3;22;1
202200012731;791 369;1;0;2;2;1;5
202200012732;791 366;10;0;2;1;1;1
202200012732;791 367;7;0;2;4;1;1
202200012733;791 364;50;0;0;0;0;3
202200012733;791 365;7;0;0;3;1;1
202200012734;791 359;1;0;2;6;1;5
202200012734;791 361;7;0;9;2;15;1
202200012735;791 360;7;0;2;4;23;1
202200012735;791 362;7;0;2;4;23;1
202200012735;791 363;7;0;2;1;1;0
202200012736;791 358;7;13;0;1;1;1
202200012737;791 357;50;9;2;1;1;3
202200012738;791 356;7;0;1;1;1;1
202200012739;791 354;2;0;0;1;1;3
202200012740;791 351;7;0;2;4;23;0
202200012740;791 352;7;0;2;4;23;1
202200012740;791 353;7;0;2;1;1;0
202200012741;791 349;7;0;2;4;2;2
202200012741;791 355;7;0;2;1;2;1
202200012742;791 348;7;0;2;1;1;1
202200012742;791 350;50;0;2;0;19;3
202200012743;791 346;0;0;2;1;1;
202200012743;791 347;7;0;0;4;23;1
202200012744;791 344;1;0;2;1;1;5
202200012744;791 345;7;0;2;7;15;1
202200012745;791 342;7;0;2;3;1;1
202200012745;791 343;33;0;2;2;1;1
202200012746;791 340;10;0;2;2;1;1
202200012746;791 341;34;0;2;1;1;1
202200012747;791 338;7;0;2;2;15;1
202200012747;791 339;7;7;2;1;1;2
202200012748;791 336;42;0;1;1;1;1
202200012749;791 335;7;0;2;1;13;0
202200012749;791 337;7;0;2;1;1;1
202200012750;791 334;7;0;1;1;1;6
202200012751;791 332;1;1;0;1;0;5
202200012751;791 333;7;0;2;2;0;1
202200012752;791 330;30;8;0;1;14;1
202200012753;791 331;10;0;1;1;1;1
202200012754;791 328;3;0;2;3;1;1
202200012754;791 329;2;0;2;7;1;1
202200012755;791 327;7;0;0;0;1;1
202200012756;791 326;7;0;0;9;0;1
202200012757;791 325;33;0;6;1;1;1
202200012758;791 323;10;0;9;7;17;1
202200012758;791 324;1;0;2;4;1;5
202200012759;791 321;33;0;2;2;2;1
202200012759;791 322;2;0;2;5;2;1
202200012760;791 319;7;0;2;3;1;2
202200012760;791 320;7;0;2;3;13;1
202200012761;791 316;7;2;0;2;2;1
202200012762;791 315;7;0;2;1;1;1
202200012762;791 317;7;2;0;8;19;1
202200012763;791 314;7;8;0;8;0;1
202200012764;791 313;7;0;1;1;1;1
202200012765;791 312;33;0;0;0;0;1
202200012766;791 318;7;0;1;3;16;1
202200012767;791 309;10;0;1;4;4;1
202200012768;791 307;33;0;2;1;1;1
202200012768;791 308;7;0;2;3;23;1
202200012768;791 310;38;0;2;5;10;1
202200012769;791 304;1;0;2;4;19;5
202200012769;791 306;7;0;9;1;1;1
202200012770;791 302;10;0;2;2;3;6
202200012770;791 305;7;13;0;8;15;1
202200012771;791 300;32;1;0;1;14;1
202200012772;791 301;7;8;0;0;1;1
202200012773;791 299;7;13;0;2;1;1
202200012774;791 303;7;0;1;0;1;1
202200012775;791 296;33;16;0;1;14;1
202200012776;791 297;7;0;2;8;15;1
202200012776;791 298;7;0;2;1;17;1
202200012777;791 295;33;11;0;1;17;1
202200012778;791 294;7;6;0;1;1;1
202200012779;791 292;7;0;2;2;1;1
202200012779;791 293;1;0;2;7;19;5
202200012780;791 290;31;0;2;4;1;6
202200012780;791 291;7;0;2;1;2;6
202200012781;791 287;7;0;2;1;1;1
202200012781;791 288;15;0;2;4;1;1
202200012782;791 285;31;8;0;1;0;1
202200012783;791 283;1;0;2;6;2;5
202200012783;791 284;2;0;2;1;2;3
202200012784;791 286;7;0;2;8;1;1
202200012784;791 289;7;0;2;1;15;1
202200012785;791 281;7;0;0;4;1;1
202200012785;791 282;7;0;2;1;1;1
202200012786;791 278;7;0;2;7;15;1
202200012786;791 280;33;0;2;1;1;1
202200012787;791 275;7;0;2;3;23;1
202200012787;791 276;7;0;2;1;1;1
202200012787;791 277;99;0;2;2;15;1
202200012788;791 271;7;0;2;1;0;1
202200012788;791 273;7;0;2;1;0;1
202200012789;791 272;7;0;2;1;15;1
202200012789;791 274;2;0;2;1;1;1
202200012790;791 268;7;0;2;4;23;1
202200012790;791 270;10;0;2;1;2;1
202200012791;791 267;7;0;2;1;9;1
202200012791;791 269;33;0;2;7;1;1
202200012792;791 266;7;15;1;1;25;1
202200012793;791 263;2;0;2;2;1;1
202200012793;791 264;7;0;2;3;15;1
202200012794;791 262;7;0;2;1;19;1
202200012794;791 265;7;0;2;3;19;1
202200012795;791 260;7;0;2;2;16;1
202200012795;791 261;1;0;2;5;1;0
202200012796;791 259;7;0;1;2;26;0
202200012797;791 258;30;0;1;3;25;1
202200012798;791 256;99;0;2;3;15;1
202200012798;791 257;32;0;2;1;1;1
202200012799;791 255;7;0;1;1;15;1
202200012800;791 251;7;8;0;3;2;1
202200012801;791 252;7;0;2;3;0;1
202200012801;791 253;7;0;2;1;0;1
202200012802;791 249;7;0;2;4;23;1
202200012802;791 250;7;0;2;1;2;1
202200012803;791 247;7;0;1;2;14;1
202200012804;791 246;10;0;2;3;15;1
202200012804;791 248;32;0;2;2;17;1
202200012805;791 244;7;0;2;8;19;1
202200012805;791 245;10;0;2;1;1;1
202200012806;791 242;30;12;2;1;1;1
202200012806;791 243;7;0;2;0;15;1
202200012807;791 241;7;0;1;1;16;1
202200012808;791 237;2;0;2;1;0;1
202200012808;791 239;7;0;2;2;0;1
202200012809;791 238;7;0;2;5;15;1
202200012809;791 240;2;0;2;1;1;1
202200012810;791 235;7;0;2;2;19;1
202200012810;791 236;7;0;2;7;1;1
202200012811;791 230;1;0;2;7;13;5
202200012811;791 234;7;0;2;2;0;1
202200012812;791 231;7;4;2;1;1;1
202200012812;791 232;7;0;2;3;1;0
202200012813;791 229;7;3;0;8;17;1
202200012814;791 224;7;0;2;4;23;1
202200012814;791 226;33;0;2;4;23;1
202200012814;791 228;7;0;2;1;2;1
202200012815;791 223;7;0;2;8;1;1
202200012815;791 227;7;0;2;1;19;1
202200012816;791 222;7;13;2;1;1;1