Num_Acc;id_vehicule;categorie_vehicule;obstacle_fixe;obstacle_mobile;point_choc_initial;manoeuvre_principale;motorisation
202200012816;791 225;7;0;2;1;15;1
202200012817;791 215;2;0;0;0;0;1
202200012818;791 214;7;0;2;4;2;1
202200012818;791 217;7;0;2;2;2;1
202200012818;791 219;7;0;2;6;2;1
202200012818;791 221;32;0;2;1;3;1
202200012819;791 212;7;13;0;1;1;1
202200012820;791 209;7;16;0;1;1;1
202200012821;791 207;7;13;0;3;1;1
202200012822;791 202;7;0;2;4;2;1
202200012822;791 204;7;0;2;4;2;1
202200012822;791 206;7;0;2;4;2;1
202200012822;791 208;7;0;2;4;2;2
202200012822;791 210;7;0;2;4;2;1
202200012822;791 211;10;0;2;1;2;1
202200012823;791 201;10;0;1;2;1;1
202200012824;791 199;7;13;0;1;1;1
202200012825;791 198;7;0;1;1;1;1
202200012826;791 197;10;0;2;3;15;1
202200012826;791 200;50;0;2;1;1;3
202200012827;791 195;7;0;1;1;1;1
202200012828;791 193;7;0;1;3;15;1
202200012829;791 194;50;0;2;1;19;3
202200012829;791 196;7;0;2;8;1;1
202200012830;791 190;30;0;2;4;1;1
202200012830;791 191;7;0;2;1;1;0
202200012831;791 188;33;0;1;2;13;1
202200012832;791 187;7;0;0;4;1;1
202200012832;791 189;7;0;2;1;1;1
202200012832;791 192;7;0;2;1;2;1
202200012833;791 184;7;0;2;7;15;1
202200012833;791 186;30;0;2;1;1;1
202200012834;791 183;7;0;2;1;1;0
202200012834;791 185;1;0;2;4;1;5
202200012835;791 182;7;0;1;1;0;1
202200012836;791 180;50;0;1;1;1;3
202200012837;791 179;10;0;2;5;15;1
202200012837;791 181;33;0;2;1;1;1
202200012838;791 178;7;2;0;1;1;1
202200012839;791 173;34;0;2;1;2;1
202200012839;791 176;7;0;0;6;15;1
202200012840;791 174;7;0;2;2;16;3
202200012840;791 177;32;0;2;3;18;1
202200012841;791 172;43;0;2;1;17;1
202200012841;791 175;7;0;2;6;2;1
202200012842;791 170;7;8;0;7;1;1
202200012843;791 169;10;0;2;8;13;1
202200012843;791 171;33;0;2;7;1;1
202200012844;791 167;10;4;0;1;1;1
202200012845;791 166;33;0;2;8;1;1
202200012845;791 168;7;0;2;7;12;1
202200012846;791 164;1;0;2;1;13;5
202200012846;791 165;1;0;2;1;1;5
202200012847;791 161;2;0;0;4;0;1
202200012848;791 160;80;0;2;1;1;3
202200012848;791 163;7;0;2;3;16;2
202200012849;791 159;30;0;2;1;26;1
202200012849;791 162;7;0;2;8;19;1
202200012850;791 157;30;0;0;1;13;1
202200012851;791 154;1;0;2;0;0;5
202200012851;791 156;7;0;2;3;15;1
202200012852;791 155;7;0;0;8;19;2
202200012852;791 158;7;0;2;1;1;3
202200012853;791 153;1;0;1;1;1;0
202200012854;791 151;7;0;2;1;0;1
202200012854;791 152;7;0;2;1;13;1
202200012855;791 150;7;2;0;1;15;1
202200012856;791 148;33;0;2;0;0;1
202200012856;791 149;7;0;2;0;0;1
202200012857;791 146;7;0;2;0;0;0
202200012857;791 147;33;0;2;1;16;0
202200012858;791 145;7;2;0;1;13;1
202200012859;791 143;31;0;0;3;0;1
202200012859;791 144;10;0;0;0;0;1
202200012860;791 142;7;0;1;2;21;1
202200012861;791 139;2;0;2;2;9;1
202200012861;791 140;7;0;2;2;9;1
202200012862;791 136;7;0;2;7;15;1
202200012862;791 138;33;0;2;1;1;1
202200012863;791 132;7;0;2;3;9;2
202200012863;791 134;33;0;2;7;16;1
202200012864;791 131;7;0;2;4;17;1
202200012864;791 133;33;0;2;1;17;1
202200012865;791 130;7;0;1;1;16;0
202200012866;791 129;7;0;1;6;23;1
202200012866;791 135;7;1;0;1;2;1
202200012866;791 137;7;1;0;1;2;1
202200012867;791 125;33;0;2;1;1;1
202200012867;791 128;7;0;2;4;1;1
202200012868;791 126;7;0;1;3;15;1
202200012869;791 124;30;0;2;4;1;3
202200012869;791 127;7;0;2;2;1;0
202200012870;791 120;7;0;0;3;23;1
202200012870;791 122;7;0;0;2;26;1
202200012871;791 117;7;0;1;1;0;2
202200012872;791 119;7;0;2;1;5;1
202200012872;791 121;7;0;2;1;1;1
202200012873;791 116;7;1;0;0;17;1
202200012873;791 118;7;0;2;9;1;1
202200012873;791 123;10;0;2;4;23;1
202200012874;791 112;7;0;2;1;1;1
202200012874;791 115;7;0;2;2;1;1
202200012875;791 110;50;1;2;8;5;3
202200012875;791 114;7;0;2;8;24;1
202200012876;791 113;33;0;1;1;1;1
202200012877;791 106;33;0;2;4;1;1
202200012877;791 109;10;0;2;1;1;1
202200012877;791 111;7;0;2;4;1;1
202200012878;791 104;1;0;2;7;1;5
202200012878;791 108;7;0;2;1;1;0
202200012879;791 103;60;0;2;1;1;5
202200012879;791 107;7;0;2;3;1;1
202200012880;791 102;7;0;2;1;0;1
202200012880;791 105;10;0;2;1;1;1
202200012881;791 096;1;0;2;1;15;5
202200012881;791 100;7;0;9;1;15;1
202200012882;791 093;2;0;2;1;1;1
202200012882;791 097;7;0;0;8;1;1
202200012883;791 094;7;0;2;4;0;1
202200012883;791 098;2;0;2;1;2;1
202200012884;791 092;7;0;2;4;2;1
202200012884;791 095;7;0;2;4;2;1
202200012884;791 099;7;0;2;1;0;1
202200012884;791 101;7;0;2;1;2;1
202200012885;791 091;7;0;1;4;4;1
202200012886;791 089;1;0;2;1;1;5
202200012886;791 090;7;0;9;8;19;1
202200012887;791 087;80;0;1;1;1;3
202200012888;791 086;7;0;2;4;2;1
202200012888;791 088;7;0;2;1;2;1
202200012889;791 083;7;0;0;0;1;1
202200012890;791 084;31;0;2;7;15;1
202200012890;791 085;7;0;2;1;10;1
202200012891;791 082;7;0;1;1;1;1
202200012892;791 078;7;12;0;1;13;1
202200012893;791 076;1;0;2;1;1;5
202200012893;791 079;1;0;2;3;1;5
202200012893;791 080;7;0;2;7;15;1
202200012894;791 074;1;0;2;3;3;5
202200012894;791 077;7;0;2;3;15;1
202200012895;791 069;10;0;2;5;1;1
202200012895;791 072;10;0;2;1;1;1
202200012895;791 073;7;0;2;4;1;1
202200012895;791 075;7;0;2;3;1;1
202200012895;791 081;7;0;2;6;1;1
202200012896;791 066;10;0;0;5;23;1
202200012896;791 070;1;1;0;1;1;5
202200012897;791 065;1;0;2;8;19;5
202200012897;791 068;33;0;2;1;0;1
202200012898;791 062;7;7;0;6;1;1
202200012898;791 064;7;0;0;2;15;1
202200012899;791 061;7;0;2;3;1;1
202200012899;791 063;7;0;2;2;12;1
202200012900;791 060;7;0;1;2;16;1
202200012901;791 059;7;15;0;1;10;1
202200012902;791 056;10;0;2;1;2;1
202200012902;791 058;17;0;0;4;1;1
202200012903;791 053;7;0;2;1;1;1
202200012903;791 055;7;0;2;4;1;1
202200012904;791 051;7;0;2;1;1;1
202200012904;791 054;7;0;2;1;2;1
202200012904;791 057;7;0;2;4;2;1
202200012905;791 052;7;0;1;1;15;1
202200012906;791 044;15;0;2;1;12;1
202200012906;791 047;7;0;2;3;2;1
202200012907;791 045;7;0;1;1;16;1
202200012908;791 046;10;0;9;0;16;0
202200012908;791 049;50;;;;;
202200012909;791 043;7;4;0;2;12;1
202200012910;791 041;10;3;0;2;14;1
202200012911;791 040;10;0;2;1;2;1
202200012911;791 042;7;0;2;4;15;2
202200012912;791 036;10;0;0;0;0;0
202200012913;791 032;7;0;2;6;1;2
202200012913;791 033;33;0;2;8;3;1
202200012913;791 035;0;0;9;0;0;0
202200012913;791 038;7;0;9;0;0;1
202200012914;791 031;30;0;2;7;1;1
202200012914;791 034;7;0;2;3;15;3
202200012915;791 027;10;0;2;2;1;1
202200012915;791 030;17;0;0;6;1;1
202200012916;791 025;50;0;1;1;1;3
202200012917;791 024;7;0;0;0;2;1
202200012918;791 028;7;0;2;1;1;1
202200012918;791 029;7;0;2;1;1;1
202200012919;791 026;10;8;0;2;9;1
202200012920;791 023;10;0;1;2;1;1
202200012921;791 022;7;0;1;3;15;1
202200012922;791 021;7;0;1;7;1;1
202200012923;791 017;30;0;0;0;1;1
202200012924;791 016;2;0;0;7;0;1
202200012925;791 014;7;0;2;6;1;1
202200012925;791 019;37;0;2;1;1;1
202200012926;791 011;10;0;2;0;0;0
202200012926;791 013;1;0;2;8;2;5
202200012927;791 010;7;0;1;1;1;2
202200012928;791 008;7;0;2;3;1;1
202200012928;791 009;10;0;2;1;13;1
202200012929;791 005;7;0;1;1;19;1
202200012930;791 004;10;0;1;1;15;1
202200012931;791 002;7;0;2;6;1;1
202200012931;791 006;7;0;2;8;1;1
202200012931;791 007;7;0;2;6;1;1
202200012931;791 012;7;0;2;3;1;1
202200012932;791 001;7;0;2;1;13;1
202200012932;791 003;7;0;2;1;1;1
202200012933;791 000;31;1;0;0;9;1
202200012934;790 998;7;0;1;1;1;1
202200012935;790 997;7;0;2;1;9;1
202200012935;790 999;50;0;2;7;1;3
202200012936;790 994;15;4;0;2;1;1
202200012937;790 993;7;0;2;1;1;1
202200012937;790 995;33;0;2;8;9;1
202200012938;790 990;80;6;0;7;26;3
202200012939;790 989;7;0;2;2;1;1
202200012939;790 992;10;0;2;1;1;1
202200012940;790 987;7;0;2;7;13;1
202200012940;790 991;7;0;2;1;1;1
202200012940;790 996;7;0;2;3;23;1
202200012941;790 986;7;0;2;2;1;1
202200012941;790 988;7;0;2;2;15;1
202200012942;790 982;7;0;2;3;1;1
202200012942;790 985;7;0;2;3;1;1
202200012943;790 984;33;0;1;2;1;1
202200012944;790 980;7;0;2;3;23;1
202200012944;790 983;99;0;2;0;2;3
202200012945;790 978;7;0;0;4;2;1
202200012945;790 979;7;0;2;1;2;1
202200012946;790 976;7;0;2;1;1;1
202200012946;790 981;30;0;2;3;15;1
202200012947;790 975;7;0;2;3;1;1
202200012947;790 977;50;0;2;2;19;3
202200012948;790 971;33;0;0;0;1;1
202200012949;790 972;7;0;2;1;15;1
202200012949;790 974;2;0;2;1;1;1
202200012950;790 970;7;0;2;3;2;1
202200012950;790 973;7;0;2;3;1;1
202200012951;790 969;7;0;1;2;1;1
202200012952;790 968;33;0;0;1;14;1
202200012953;790 967;7;8;0;1;0;1
202200012954;790 965;7;0;1;3;1;1
202200012955;790 964;7;0;2;5;9;1
202200012955;790 966;2;0;0;0;0;1
202200012956;790 963;7;15;0;1;1;2
202200012957;790 960;1;0;0;4;1;5
202200012957;790 961;7;0;0;6;1;1
202200012957;790 962;7;0;2;1;17;1
202200012958;790 959;33;1;0;2;1;1
202200012959;790 955;10;0;2;1;15;1
202200012959;790 958;33;0;2;1;0;1
202200012960;790 953;7;0;2;5;16;1
202200012960;790 957;34;0;2;3;1;1
202200012961;790 951;7;0;2;1;2;1
202200012961;790 952;7;0;2;4;2;1
202200012961;790 954;7;0;2;4;2;1
202200012961;790 956;7;0;2;4;2;1
202200012962;790 949;7;1;0;0;0;1
202200012963;790 948;7;0;2;2;2;1
202200012963;790 950;10;0;2;6;1;1
202200012964;790 946;7;0;0;3;1;1
202200012965;790 943;7;0;0;9;21;0
202200012966;790 941;7;0;2;4;23;1
202200012966;790 944;7;0;2;4;23;1
202200012966;790 945;7;0;2;4;23;1
202200012966;790 947;7;0;2;1;2;1
202200012967;790 940;7;0;1;1;15;1
202200012968;790 937;7;0;1;1;1;1
202200012969;790 935;33;0;2;1;2;1
202200012969;790 938;7;0;2;4;2;1
202200012969;790 939;7;0;2;4;2;1
202200012969;790 942;7;0;2;0;2;1
202200012970;790 933;7;2;0;7;15;1
202200012971;790 932;7;0;1;0;0;0
202200012972;790 934;7;0;2;3;15;1
202200012972;790 936;33;0;2;3;1;1
202200012973;790 928;7;4;0;1;1;1
202200012974;790 926;7;0;2;3;1;1
202200012974;790 929;7;0;2;3;1;1
202200012975;790 925;7;0;2;4;2;2
202200012975;790 927;7;0;2;4;2;1
202200012975;790 930;7;0;2;4;2;1
202200012975;790 931;7;0;2;1;2;1
202200012976;790 924;50;0;1;1;1;3
202200012977;790 923;7;6;0;1;0;1
202200012978;790 919;2;0;2;1;11;1
202200012978;790 922;7;0;2;3;1;0
202200012979;790 917;7;0;1;1;1;0
202200012980;790 916;10;0;2;7;1;1
202200012980;790 918;33;0;2;1;21;1
202200012980;790 920;7;0;2;6;1;1
202200012980;790 921;7;0;2;2;3;1
202200012981;790 909;1;0;2;1;0;5
202200012981;790 914;7;0;2;3;26;1
202200012982;790 908;7;0;0;4;2;1
202200012982;790 913;7;0;2;4;2;1
202200012982;790 915;7;0;2;1;2;1
202200012983;790 907;7;0;2;6;1;1
202200012983;790 910;43;0;2;2;12;0
202200012983;790 912;33;0;2;1;3;1
202200012984;790 906;10;0;2;7;1;1
202200012984;790 911;7;0;2;1;1;1
202200012985;790 903;13;0;1;1;1;1
202200012986;790 900;30;0;1;1;1;1
202200012987;790 901;7;0;2;3;1;1
202200012987;790 905;7;0;2;3;21;1
202200012988;790 895;50;0;2;1;17;3
202200012988;790 897;7;0;2;3;15;1
202200012989;790 893;7;0;2;1;1;1
202200012989;790 896;10;0;2;1;1;1
202200012989;790 898;10;0;2;1;1;1
202200012989;790 899;7;3;2;1;1;1
202200012989;790 902;7;0;2;1;1;1
202200012989;790 904;7;0;2;4;1;1
202200012990;790 890;43;0;2;1;1;1
202200012990;790 892;7;0;2;2;15;1
202200012991;790 889;7;4;0;3;0;1
202200012992;790 888;7;0;1;1;2;1
202200012993;790 887;7;15;0;1;14;1
202200012994;790 884;31;0;2;1;0;1
202200012994;790 885;7;0;2;6;2;2
202200012995;790 883;50;0;2;7;5;3
202200012995;790 886;32;0;2;8;1;1
202200012996;790 882;1;0;1;1;1;5
202200012997;790 880;7;0;2;1;1;1
202200012997;790 881;10;0;2;4;4;1
202200012998;790 879;7;0;1;0;0;1
202200012999;790 876;7;0;1;4;4;1
202200013000;790 878;10;0;1;1;15;1
202200013001;790 874;30;0;2;0;23;3
202200013001;790 875;10;0;2;4;4;1
202200013002;790 873;7;0;0;0;1;1
202200013003;790 868;7;0;2;3;9;1
202200013003;790 872;7;0;2;3;1;1
202200013004;790 870;43;0;2;3;1;1
202200013004;790 871;1;0;2;6;19;5
202200013005;790 865;7;0;2;0;17;0
202200013005;790 867;1;0;2;4;0;5
202200013005;790 869;7;0;2;3;1;1
202200013006;790 866;7;0;0;1;0;1
202200013007;790 860;1;0;2;4;2;5
202200013007;790 864;1;0;2;1;2;5
202200013008;790 858;13;0;0;0;0;0
202200013008;790 863;99;0;2;2;0;3
202200013009;790 857;7;0;2;3;1;1
202200013009;790 861;7;0;2;3;5;1
202200013010;790 859;2;0;2;8;15;1
202200013010;790 862;7;0;2;2;15;1
202200013011;790 852;7;0;2;0;0;1
202200013011;790 856;7;0;2;0;0;1
202200013012;790 851;7;0;2;2;15;1
202200013012;790 854;7;0;2;1;1;1
202200013013;790 849;50;0;0;1;1;3
202200013013;790 853;7;0;2;1;19;1
202200013014;790 850;30;0;2;1;1;1
202200013014;790 855;7;0;2;3;1;1
202200013015;790 847;7;0;1;1;1;1
202200013016;790 846;7;0;1;0;1;1
202200013017;790 845;7;2;9;2;0;1
202200013018;790 843;50;0;2;2;0;0
202200013018;790 844;7;0;0;0;0;0
202200013019;790 842;7;0;1;1;15;1
202200013020;790 840;33;3;0;2;1;1
202200013021;790 839;7;0;2;7;15;1
202200013021;790 841;33;0;2;1;1;1
202200013022;790 837;7;8;0;1;15;1
202200013023;790 836;7;0;2;1;1;1
202200013023;790 838;7;0;2;4;1;1
202200013024;790 835;33;13;0;1;1;1
202200013025;790 832;60;0;2;7;1;5
202200013025;790 834;7;0;2;3;1;1
202200013026;790 829;10;0;2;3;1;1
202200013026;790 831;7;0;1;1;1;1
202200013026;790 833;7;0;2;1;1;1
202200013027;790 827;10;0;2;7;17;1
202200013027;790 830;7;0;2;3;1;1
202200013028;790 826;7;0;2;7;13;1
202200013028;790 828;7;0;2;1;1;1
202200013029;790 824;7;0;2;1;1;1
202200013029;790 825;50;0;2;8;19;3
202200013030;790 822;2;12;0;7;26;1
202200013031;790 820;7;0;2;3;7;2
202200013031;790 823;7;0;2;2;16;1
202200013032;790 819;7;0;1;3;15;1
202200013032;790 821;1;0;2;0;0;5
202200013033;790 817;7;13;0;3;0;1
202200013034;790 814;7;0;2;4;2;1
202200013034;790 816;7;0;2;4;23;1
202200013034;790 818;7;0;2;1;2;1
202200013035;790 815;34;0;1;8;1;0
202200013036;790 812;33;0;5;1;2;1
202200013037;790 810;33;6;0;2;14;1
202200013038;790 811;7;0;2;1;2;1
202200013038;790 813;7;0;2;4;2;1
202200013039;790 805;50;0;2;1;1;3
202200013039;790 809;50;0;2;2;1;3
202200013040;790 806;1;0;2;7;1;5
202200013040;790 808;7;0;2;2;9;1
202200013041;790 804;33;0;2;7;21;0
202200013041;790 807;3;0;2;3;15;1
202200013042;790 800;1;0;2;8;1;5
202200013042;790 803;7;0;2;0;17;1
202200013043;790 801;7;0;2;4;23;1
202200013043;790 802;7;0;2;1;2;1
202200013044;790 799;40;0;1;8;1;3
202200013045;790 798;7;0;1;1;1;1
202200013046;790 796;7;0;1;1;0;1
202200013047;790 793;34;0;2;1;1;1
202200013047;790 794;7;0;2;5;15;1
202200013048;790 795;7;0;2;4;2;1
202200013048;790 797;7;0;2;1;2;1
202200013049;790 791;50;0;2;1;1;3
202200013049;790 792;7;0;9;3;1;1
202200013050;790 789;7;0;2;1;11;1
202200013050;790 790;7;0;2;4;1;1
202200013051;790 788;7;9;0;3;13;1
202200013052;790 786;32;12;0;7;16;1
202200013053;790 784;7;1;0;2;14;1
202200013054;790 782;10;14;0;0;16;1
202200013055;790 780;7;1;0;1;1;1
202200013055;790 781;7;0;2;1;23;1
202200013056;790 778;33;0;2;8;18;1
202200013056;790 779;7;0;2;7;1;1
202200013057;790 783;7;0;2;3;1;1
202200013057;790 785;7;0;2;4;26;1
202200013057;790 787;7;0;2;3;2;1
202200013058;790 777;33;1;0;1;1;1
202200013059;790 775;7;0;2;1;1;1
202200013059;790 776;30;0;2;7;15;1
202200013060;790 773;99;14;0;1;1;0
202200013061;790 771;7;0;1;1;1;1
202200013062;790 770;3;1;2;1;1;1
202200013063;790 768;7;0;2;3;26;1
202200013063;790 769;34;0;2;1;6;1
202200013064;790 767;7;0;1;2;1;1
202200013065;790 772;7;0;2;0;0;0
202200013065;790 774;7;0;2;0;0;1
202200013066;790 765;7;6;0;1;16;1
202200013067;790 764;7;0;2;3;26;1
202200013067;790 766;31;0;2;1;9;1
202200013068;790 763;10;13;0;1;1;1
202200013069;790 761;7;0;1;3;1;1
202200013070;790 758;7;0;2;4;2;1
202200013070;790 760;7;0;2;4;2;1
202200013070;790 762;7;0;2;1;2;1
202200013071;790 757;33;0;2;4;23;1
202200013071;790 759;7;0;2;1;2;3
202200013072;790 752;7;0;2;4;2;1
202200013072;790 755;7;0;2;1;2;1
202200013073;790 753;10;0;2;2;0;1
202200013073;790 756;7;0;2;6;23;1
202200013074;790 750;7;0;2;1;15;1
202200013074;790 754;1;0;2;8;1;5
202200013075;790 749;43;0;2;2;1;1
202200013075;790 751;10;0;2;6;11;1
202200013076;790 748;32;0;0;8;1;1
202200013077;790 745;1;0;2;1;1;5
202200013077;790 746;17;0;2;7;16;6
202200013078;790 743;50;0;2;5;21;3
202200013078;790 744;7;0;2;3;17;1
202200013079;790 741;7;0;2;8;1;1
202200013079;790 747;7;0;2;1;15;1
202200013080;790 742;7;0;1;2;1;1
202200013081;790 738;7;0;2;3;5;2
202200013081;790 740;32;0;2;1;1;1
202200013082;790 737;7;0;1;1;1;1
202200013083;790 736;99;0;2;3;9;0
202200013083;790 739;2;0;2;5;0;1
202200013084;790 734;1;0;1;8;1;5
202200013085;790 732;33;0;2;7;17;1
202200013085;790 735;7;0;2;8;13;1
202200013086;790 731;7;0;2;5;20;1
202200013086;790 733;2;0;2;1;1;3
202200013087;790 729;31;0;2;2;1;1
202200013087;790 730;7;0;2;1;9;1
202200013088;790 727;7;2;2;1;13;1
202200013088;790 728;17;0;2;3;1;1
202200013089;790 724;7;0;2;8;22;1
202200013089;790 726;1;0;2;1;1;5
202200013090;790 722;10;0;2;2;1;1
202200013090;790 723;10;0;2;8;17;1
202200013091;790 721;7;0;2;3;13;1
202200013091;790 725;38;0;2;6;1;1
202200013092;790 719;7;8;0;8;5;1
202200013093;790 718;7;0;2;8;13;1
202200013093;790 720;32;0;2;7;1;1
202200013094;790 717;7;0;1;1;26;1
202200013095;790 714;7;0;2;8;16;1
202200013095;790 716;33;0;2;2;1;1
202200013096;790 713;32;0;2;8;3;1
202200013096;790 715;7;0;2;7;12;1
202200013097;790 712;7;0;1;6;4;1
202200013098;790 709;7;0;2;4;1;1
202200013098;790 711;7;0;2;1;2;1
202200013099;790 707;7;0;2;6;13;2
202200013099;790 710;33;0;2;2;1;1
202200013100;790 705;7;0;2;1;9;1
202200013100;790 708;7;0;2;8;1;1
202200013101;790 702;33;0;2;4;2;1
202200013101;790 704;7;0;2;1;2;1
202200013102;790 703;7;0;2;1;1;1
202200013102;790 706;7;0;2;4;1;1
202200013103;790 698;7;0;2;3;15;2
202200013103;790 701;43;0;2;2;1;1
202200013104;790 695;33;0;2;8;3;1
202200013104;790 696;10;0;2;7;14;1
202200013104;790 699;10;0;2;6;1;1
202200013104;790 700;7;0;2;2;2;1
202200013105;790 693;7;0;2;8;1;1
202200013105;790 697;7;0;2;1;19;1
202200013106;790 692;30;0;2;8;1;1
202200013106;790 694;7;0;2;2;7;2
202200013107;790 690;7;1;1;4;20;1
202200013108;790 689;1;1;0;7;2;5
202200013108;790 691;7;0;2;8;24;1
202200013109;790 685;7;0;2;1;1;1
202200013109;790 688;7;0;0;4;1;1
202200013110;790 684;1;0;2;4;1;5
202200013110;790 686;7;0;2;2;0;1
202200013111;790 683;7;0;2;8;10;1
202200013111;790 687;7;0;2;1;5;1
202200013112;790 680;7;0;1;1;1;1
202200013113;790 681;7;1;0;1;14;1
202200013114;790 677;33;0;0;0;26;1
202200013115;790 676;7;0;2;3;11;1
202200013115;790 679;7;0;2;7;1;1
202200013116;790 678;15;0;2;7;1;1
202200013116;790 682;10;0;2;1;9;1
202200013117;790 675;7;11;0;0;26;1
202200013118;790 673;7;0;2;1;2;1
202200013118;790 674;7;0;0;4;2;1
202200013119;790 671;10;0;2;1;1;1
202200013119;790 672;7;0;2;4;2;1
202200013120;790 666;10;0;2;4;2;1
202200013120;790 668;7;0;2;1;2;1
202200013121;790 665;7;0;2;5;17;1
202200013121;790 667;7;0;2;3;1;1
202200013121;790 669;7;0;2;3;16;1
202200013122;790 663;43;0;0;7;1;1
202200013123;790 664;7;0;2;2;15;1
202200013123;790 670;7;0;2;8;15;1
202200013124;790 662;10;0;1;8;26;0
202200013125;790 657;7;0;2;4;1;1
202200013125;790 660;7;0;2;4;1;1
202200013125;790 661;7;0;2;1;1;1
202200013126;790 656;10;0;2;7;15;1
202200013126;790 659;15;0;2;3;26;1
202200013127;790 658;10;0;1;1;1;1
202200013128;790 655;7;0;1;2;1;1
202200013129;790 652;7;0;2;1;2;1
202200013129;790 653;10;0;2;3;15;1
202200013130;790 650;7;6;0;2;1;1
202200013131;790 651;7;0;2;3;1;1
202200013131;790 654;1;0;2;1;1;5
202200013132;790 647;10;0;2;2;15;1
202200013132;790 649;50;0;2;1;1;3
202200013133;790 645;10;0;2;6;24;1
202200013133;790 648;2;1;0;1;2;1
202200013134;790 646;7;0;1;2;1;1
202200013135;790 644;33;0;0;0;1;1
202200013136;790 642;3;0;2;0;0;0
202200013136;790 643;37;0;2;0;26;0
202200013137;790 641;7;0;1;1;1;1
202200013138;790 639;10;0;1;7;15;1
202200013139;790 638;2;0;0;0;1;1
202200013140;790 640;7;15;0;1;1;1
202200013141;790 636;2;13;0;1;15;1
202200013142;790 634;7;0;2;6;23;1
202200013142;790 637;7;0;2;2;1;1
202200013143;790 632;7;0;2;4;1;1
202200013143;790 635;7;0;2;1;9;1
202200013144;790 631;7;0;2;1;2;2
202200013144;790 633;17;0;0;0;15;1
202200013145;790 629;50;0;2;1;1;3
202200013145;790 630;3;0;2;5;15;0
202200013146;790 626;7;0;2;7;9;1
202200013146;790 628;31;0;2;8;1;1
202200013147;790 624;7;0;2;1;9;1
202200013147;790 627;30;0;2;0;1;1
202200013148;790 622;7;0;1;0;15;1
202200013149;790 621;7;0;1;1;1;1
202200013150;790 623;7;0;2;1;1;1
202200013150;790 625;7;0;2;3;1;1
202200013151;790 620;7;0;1;4;20;3
202200013152;790 618;30;0;1;2;18;1
202200013153;790 615;1;0;0;1;23;5
202200013154;790 614;7;0;2;1;2;1
202200013154;790 616;7;0;2;4;2;1
202200013154;790 619;7;0;2;4;2;1
202200013155;790 612;7;0;2;3;1;1
202200013155;790 613;10;0;2;3;15;1
202200013156;790 609;30;0;2;0;0;1
202200013156;790 611;7;0;2;3;1;1
202200013157;790 605;30;0;2;1;1;1
202200013157;790 608;7;0;0;6;1;1
202200013158;790 606;7;3;2;3;13;1
202200013158;790 610;10;0;2;3;1;1
202200013159;790 604;1;0;2;1;17;5
202200013159;790 607;7;0;2;6;1;1
202200013160;790 602;7;0;9;3;1;1
202200013160;790 603;50;0;2;1;9;3
202200013161;790 601;7;0;0;0;13;1
202200013162;790 599;30;0;0;3;1;3
202200013163;790 600;10;2;0;3;1;0
202200013164;790 597;7;4;0;1;0;1
202200013165;790 593;7;0;2;4;23;1
202200013165;790 595;7;0;2;4;23;1
202200013165;790 598;7;0;2;1;2;1
202200013166;790 591;2;0;0;0;1;1
202200013167;790 590;7;0;0;6;2;1
202200013167;790 594;7;5;2;1;17;1
202200013167;790 596;7;5;2;1;1;1
202200013168;790 588;7;0;2;3;13;1
202200013168;790 589;10;0;2;3;13;1
202200013169;790 587;7;0;2;1;26;1
202200013169;790 592;7;0;2;5;1;1
202200013170;790 586;30;0;1;0;1;1
202200013171;790 584;10;0;2;3;0;1
202200013171;790 585;7;0;2;3;13;1
202200013172;790 583;7;0;1;1;1;1
202200013173;790 581;7;0;1;0;1;1
202200013174;790 576;1;0;2;8;19;5
202200013174;790 580;7;0;2;3;15;1
202200013175;790 577;1;0;0;4;2;5
202200013175;790 579;33;0;2;2;2;1
202200013176;790 578;7;0;1;3;2;1
202200013177;790 570;1;0;2;8;9;5
202200013177;790 573;7;0;9;7;1;1
202200013178;790 571;30;0;2;0;2;1
202200013178;790 572;0;0;2;0;2;1
202200013179;790 569;7;0;2;2;1;1
202200013179;790 575;1;0;2;1;19;5
202200013180;790 568;7;0;1;0;1;1
202200013181;790 567;33;5;0;1;1;1
202200013182;790 564;7;0;9;8;19;1
202200013182;790 566;80;0;2;1;15;3
202200013183;790 565;7;0;1;1;20;1
202200013184;790 563;7;7;0;0;1;1
202200013185;790 562;34;0;0;0;1;0
202200013186;790 559;7;0;0;9;1;2
202200013187;790 558;7;6;0;3;1;1
202200013188;790 557;7;0;2;1;1;1
202200013188;790 561;1;0;2;1;1;5
202200013189;790 553;1;0;2;4;2;5
202200013189;790 556;7;0;2;2;2;1
202200013190;790 551;7;0;2;7;1;1
202200013190;790 555;7;0;2;2;1;1
202200013191;790 550;7;0;2;3;1;1
202200013191;790 552;7;0;2;3;1;1
202200013192;790 549;7;0;2;2;1;1
202200013192;790 554;1;0;2;1;1;5
202200013193;790 547;7;1;0;1;1;1
202200013194;790 545;7;3;2;1;13;1
202200013194;790 548;7;0;2;1;1;1
202200013195;790 539;15;0;2;2;15;1
202200013195;790 541;33;0;2;8;1;1
202200013196;790 540;7;0;2;3;0;1
202200013196;790 542;7;0;2;8;24;1
202200013196;790 544;10;0;2;3;1;1
202200013197;790 537;2;0;0;1;16;1
202200013197;790 538;7;0;2;2;15;1
202200013198;790 536;32;0;0;0;26;1
202200013199;790 535;7;2;0;3;13;1
202200013200;790 533;7;0;1;1;1;1
202200013201;790 530;7;0;2;6;11;1
202200013201;790 532;33;0;2;7;1;1
202200013202;790 529;1;0;0;2;17;5
202200013202;790 531;7;0;0;3;15;1
202200013203;790 527;37;0;2;2;1;1
202200013203;790 528;2;0;2;1;1;1
202200013204;790 525;7;0;1;2;1;1
202200013205;790 522;33;0;2;8;11;1
202200013205;790 524;7;0;2;7;2;1
202200013206;790 521;7;0;2;4;15;1
202200013206;790 523;7;0;2;4;1;1