Num_Acc;id_vehicule;categorie_vehicule;obstacle_fixe;obstacle_mobile;point_choc_initial;manoeuvre_principale;motorisation
202200013206;790 526;7;0;2;1;1;1
202200013207;790 519;7;0;2;1;0;1
202200013207;790 520;7;0;2;4;0;1
202200013208;790 518;33;3;0;8;13;1
202200013209;790 517;7;6;0;1;26;1
202200013210;790 515;1;0;0;0;1;5
202200013210;790 516;2;0;0;0;1;1
202200013211;790 514;7;4;0;9;1;1
202200013212;790 513;7;0;1;1;26;1
202200013213;790 512;7;13;0;9;1;1
202200013214;790 511;7;0;0;0;1;1
202200013215;790 509;33;0;0;9;1;1
202200013216;790 507;7;2;0;1;1;1
202200013217;790 506;7;0;2;5;1;1
202200013217;790 508;10;0;2;2;1;1
202200013217;790 510;14;0;2;0;16;0
202200013218;790 505;7;0;1;4;4;1
202200013219;790 502;33;0;2;1;1;1
202200013219;790 504;7;0;2;2;19;1
202200013220;790 501;2;0;0;8;0;1
202200013221;790 499;30;0;2;1;1;1
202200013221;790 503;7;0;2;5;15;1
202200013222;790 496;31;0;0;0;1;1
202200013223;790 494;50;15;0;1;0;3
202200013224;790 492;7;0;2;1;1;1
202200013224;790 497;7;13;2;8;9;1
202200013225;790 490;7;7;0;1;0;1
202200013226;790 489;7;0;2;9;12;1
202200013226;790 491;7;0;2;8;1;1
202200013226;790 493;7;0;2;7;1;1
202200013226;790 495;7;0;2;6;1;1
202200013226;790 498;7;0;2;5;1;1
202200013226;790 500;7;0;2;7;1;1
202200013227;790 487;33;16;0;0;1;1
202200013228;790 485;10;0;0;0;13;1
202200013229;790 486;14;0;2;1;1;1
202200013229;790 488;10;0;2;4;1;1
202200013230;790 484;7;6;0;1;1;0
202200013231;790 481;7;2;0;2;14;1
202200013232;790 483;7;4;0;1;9;1
202200013233;790 479;7;0;2;7;1;1
202200013233;790 482;7;0;2;1;19;1
202200013234;790 478;10;0;0;4;12;3
202200013234;790 480;43;0;2;1;2;1
202200013235;790 475;7;0;2;8;2;1
202200013235;790 477;1;0;2;7;2;5
202200013236;790 471;14;0;2;2;0;1
202200013236;790 474;7;0;2;8;1;2
202200013236;790 476;7;0;2;3;13;1
202200013237;790 470;7;0;2;3;1;1
202200013237;790 473;7;0;2;5;2;2
202200013238;790 468;33;0;2;1;1;1
202200013238;790 472;7;0;2;3;15;1
202200013239;790 467;1;0;2;3;1;5
202200013239;790 469;15;0;2;5;17;0
202200013240;790 464;7;2;0;6;26;1
202200013241;790 465;36;13;0;1;0;1
202200013242;790 461;7;0;2;1;2;1
202200013242;790 463;7;4;0;4;2;1
202200013243;790 462;7;1;0;4;2;1
202200013243;790 466;7;0;2;1;2;0
202200013244;790 460;31;0;0;0;2;0
202200013245;790 459;31;0;0;7;1;1
202200013246;790 457;7;5;0;1;1;1
202200013247;790 456;33;10;0;3;1;1
202200013248;790 453;7;0;0;3;15;1
202200013248;790 455;31;0;2;1;17;1
202200013249;790 454;7;0;2;1;9;1
202200013249;790 458;7;0;2;8;2;1
202200013250;790 450;33;14;6;1;1;1
202200013251;790 451;7;0;2;4;0;1
202200013251;790 452;7;0;2;1;1;1
202200013252;790 447;33;0;5;1;1;1
202200013253;790 448;14;0;1;1;1;1
202200013254;790 445;7;0;2;8;1;1
202200013254;790 449;7;3;2;3;13;1
202200013255;790 444;7;0;2;3;0;1
202200013255;790 446;7;0;2;1;13;1
202200013256;790 442;7;2;0;5;1;1
202200013257;790 441;7;0;9;7;0;0
202200013257;790 443;1;0;2;1;26;5
202200013258;790 439;7;0;1;2;15;1
202200013259;790 436;30;0;2;1;19;1
202200013259;790 440;7;0;2;7;1;1
202200013260;790 435;7;0;2;2;1;1
202200013260;790 437;50;0;2;8;19;3
202200013261;790 433;7;0;1;2;1;1
202200013262;790 432;33;0;2;1;1;1
202200013262;790 434;10;0;2;1;15;1
202200013263;790 429;2;0;2;8;10;1
202200013263;790 431;34;0;2;1;1;1
202200013264;790 425;7;0;2;3;13;1
202200013264;790 427;7;0;0;3;23;1
202200013265;790 423;33;0;1;1;17;1
202200013266;790 422;50;0;2;7;1;3
202200013266;790 426;7;0;9;1;9;1
202200013267;790 421;7;0;9;4;0;1
202200013267;790 424;30;0;2;1;3;1
202200013268;790 420;3;13;0;1;14;1
202200013269;790 418;7;0;2;2;17;1
202200013269;790 419;7;0;2;3;15;1
202200013270;790 414;7;6;0;1;1;1
202200013271;790 415;7;0;2;1;1;0
202200013271;790 417;33;0;2;4;1;0
202200013272;790 412;7;0;2;1;17;1
202200013272;790 416;7;0;2;1;0;1
202200013273;790 411;7;0;2;1;13;1
202200013273;790 413;10;0;2;1;1;1
202200013274;790 407;7;0;0;0;13;1
202200013275;790 408;7;0;2;2;15;1
202200013275;790 410;10;0;2;2;1;1
202200013276;790 406;1;0;2;0;0;5
202200013276;790 409;0;0;2;3;0;0
202200013277;790 405;7;0;1;4;26;1
202200013278;790 403;7;3;0;3;1;1
202200013279;790 402;30;0;2;1;2;1
202200013279;790 404;7;0;2;6;20;1
202200013280;790 400;31;0;0;7;0;1
202200013281;790 398;7;0;2;3;1;1
202200013281;790 401;1;0;2;1;1;0
202200013282;790 395;7;0;2;3;15;2
202200013282;790 397;1;0;2;1;1;5
202200013283;790 396;10;1;2;0;0;1
202200013283;790 399;34;0;2;8;1;1
202200013284;790 392;10;0;2;4;2;1
202200013284;790 393;10;0;2;4;2;1
202200013284;790 394;7;0;2;1;2;1
202200013285;790 390;7;9;0;1;11;0
202200013286;790 388;10;0;2;3;1;1
202200013286;790 391;7;0;2;3;13;1
202200013287;790 389;7;0;1;4;26;1
202200013288;790 386;7;0;2;1;1;1
202200013288;790 387;7;0;2;4;2;1
202200013289;790 384;43;13;0;0;0;1
202200013290;790 383;33;0;2;2;17;1
202200013290;790 385;10;0;0;8;15;1
202200013291;790 381;34;0;2;0;1;1
202200013291;790 382;7;0;2;3;9;1
202200013292;790 378;7;8;0;2;1;1
202200013293;790 377;7;0;2;1;2;1
202200013293;790 380;7;0;2;4;1;1
202200013294;790 376;10;0;2;1;1;1
202200013294;790 379;7;0;2;4;1;1
202200013295;790 373;34;0;2;1;3;1
202200013295;790 374;7;0;2;6;12;1
202200013296;790 371;7;13;0;3;1;1
202200013297;790 372;2;0;2;1;9;1
202200013297;790 375;7;0;2;3;1;1
202200013298;790 368;31;16;0;0;1;1
202200013299;790 367;7;0;2;1;9;1
202200013299;790 370;1;0;2;1;5;5
202200013300;790 366;33;0;0;0;0;1
202200013300;790 369;10;0;2;2;12;1
202200013301;790 365;7;0;1;1;1;1
202200013302;790 363;7;1;0;2;1;1
202200013303;790 361;14;0;2;1;1;1
202200013303;790 364;7;0;2;1;13;1
202200013304;790 360;7;0;0;0;0;0
202200013304;790 362;50;0;2;0;19;3
202200013305;790 357;7;0;2;3;11;1
202200013305;790 359;17;0;2;1;1;1
202200013306;790 354;7;0;1;1;1;1
202200013307;790 355;30;0;2;1;1;1
202200013307;790 358;7;0;2;2;15;1
202200013308;790 353;7;0;2;1;2;1
202200013308;790 356;33;0;0;4;1;1
202200013309;790 352;7;0;1;1;0;1
202200013310;790 350;7;0;1;1;16;1
202200013311;790 348;7;0;2;3;26;1
202200013311;790 351;30;0;2;5;1;0
202200013312;790 347;33;0;2;3;1;1
202200013312;790 349;7;0;0;5;15;1
202200013313;790 345;31;14;0;7;21;1
202200013314;790 346;7;0;1;1;15;1
202200013315;790 342;7;0;9;3;26;1
202200013315;790 344;1;0;9;1;19;5
202200013316;790 340;10;0;2;1;1;1
202200013316;790 343;2;0;2;1;1;1
202200013317;790 339;7;8;0;1;1;1
202200013318;790 338;7;0;2;1;1;1
202200013318;790 341;10;0;2;4;1;1
202200013319;790 336;7;0;2;4;2;1
202200013319;790 337;3;0;2;1;2;1
202200013320;790 335;1;1;0;1;2;5
202200013321;790 334;7;2;0;2;1;1
202200013322;790 331;7;0;2;2;16;1
202200013322;790 333;33;0;2;1;18;1
202200013323;790 330;7;0;2;1;1;1
202200013323;790 332;7;0;2;7;14;1
202200013324;790 328;10;2;0;9;1;1
202200013325;790 327;32;0;2;8;1;1
202200013325;790 329;10;0;2;1;15;1
202200013326;790 326;7;0;1;1;17;1
202200013327;790 325;7;0;1;7;1;1
202200013328;790 323;1;0;1;1;1;6
202200013329;790 322;33;0;0;4;2;1
202200013329;790 324;7;0;2;1;2;1
202200013330;790 321;2;12;0;0;16;1
202200013331;790 319;7;0;1;1;15;1
202200013332;790 316;7;0;2;4;1;3
202200013332;790 317;7;0;2;6;1;1
202200013332;790 320;37;0;2;2;11;1
202200013333;790 315;33;0;2;2;21;1
202200013333;790 318;7;0;2;3;15;1
202200013334;790 314;1;12;0;0;15;5
202200013335;790 313;7;0;1;2;21;1
202200013336;790 307;7;0;2;3;13;1
202200013336;790 308;15;0;2;3;1;1
202200013336;790 311;7;0;2;2;2;1
202200013337;790 309;50;0;2;0;0;3
202200013337;790 312;7;0;2;2;26;1
202200013338;790 303;7;1;2;6;23;1
202200013338;790 305;0;0;2;1;0;0
202200013339;790 300;7;0;2;0;23;1
202200013339;790 304;15;0;2;1;0;1
202200013340;790 299;10;0;2;5;9;1
202200013340;790 301;34;0;2;1;26;1
202200013341;790 298;50;0;2;1;1;3
202200013341;790 302;7;0;2;2;1;1
202200013342;790 295;7;0;2;1;1;1
202200013342;790 297;7;0;2;4;1;1
202200013343;790 292;7;0;0;9;11;1
202200013343;790 294;7;0;2;1;2;1
202200013343;790 296;13;0;2;7;2;1
202200013344;790 290;31;12;0;7;1;1
202200013345;790 291;2;0;2;1;1;1
202200013345;790 293;50;0;2;5;19;3
202200013346;790 288;10;0;1;1;1;1
202200013347;790 286;30;0;2;8;1;1
202200013347;790 289;7;0;2;3;15;1
202200013348;790 285;31;0;1;7;21;1
202200013349;790 284;33;0;2;1;1;1
202200013349;790 287;10;0;2;5;15;1
202200013350;790 283;7;0;1;1;1;1
202200013351;790 282;7;0;1;3;26;2
202200013352;790 281;7;0;1;1;1;1
202200013353;790 278;7;0;2;1;2;1
202200013353;790 279;7;5;0;4;2;2
202200013354;790 277;2;0;2;1;1;1
202200013354;790 280;7;0;2;2;1;1
202200013355;790 275;7;0;2;3;1;1
202200013355;790 276;7;0;2;3;21;1
202200013356;790 273;99;0;2;1;26;0
202200013357;790 274;7;0;1;3;15;1
202200013358;790 271;7;13;0;1;14;1
202200013359;790 270;7;0;1;3;1;1
202200013360;790 269;33;12;0;1;26;1
202200013361;790 268;2;0;0;3;26;1
202200013362;790 267;7;15;0;1;26;1
202200013363;790 265;7;9;0;1;9;1
202200013364;790 264;7;0;2;1;15;1
202200013364;790 266;30;0;2;3;17;1
202200013365;790 263;7;13;0;0;13;1
202200013366;790 260;33;15;0;1;1;1
202200013367;790 259;2;0;2;1;17;1
202200013367;790 261;10;0;2;3;15;1
202200013368;790 257;33;1;0;1;1;1
202200013369;790 256;7;0;2;2;15;1
202200013369;790 262;50;0;2;0;0;3
202200013370;790 254;7;15;2;3;1;1
202200013370;790 258;30;0;2;1;1;1
202200013371;790 255;7;0;1;7;15;1
202200013372;790 249;7;0;2;4;1;1
202200013372;790 252;7;0;2;5;1;1
202200013372;790 253;33;0;2;1;3;1
202200013373;790 247;7;0;2;1;1;1
202200013373;790 251;10;0;2;0;0;1
202200013374;790 250;50;1;0;1;1;3
202200013375;790 245;7;0;2;1;1;1
202200013375;790 248;7;0;2;4;1;1
202200013376;790 243;7;0;1;1;1;1
202200013377;790 244;1;0;2;4;1;5
202200013377;790 246;7;8;2;1;1;1
202200013378;790 241;7;0;2;0;9;6
202200013378;790 242;30;0;2;0;21;1
202200013379;790 238;30;0;2;3;1;1
202200013379;790 240;7;0;2;3;15;1
202200013380;790 237;7;8;0;1;14;1
202200013381;790 236;10;0;2;1;2;1
202200013381;790 239;7;0;2;7;19;1
202200013382;790 234;7;0;0;1;1;1
202200013383;790 235;7;8;0;9;26;1
202200013384;790 230;80;0;2;5;26;3
202200013384;790 233;7;0;2;3;26;1
202200013385;790 228;7;0;2;7;16;1
202200013385;790 232;50;0;2;7;19;3
202200013386;790 229;7;0;2;1;13;0
202200013386;790 231;7;0;2;1;13;0
202200013387;790 227;10;0;1;1;1;1
202200013388;790 222;50;0;0;0;0;3
202200013389;790 223;37;0;2;7;1;1
202200013389;790 225;2;0;2;8;13;1
202200013390;790 220;7;0;2;1;15;1
202200013390;790 221;7;11;2;5;1;1
202200013391;790 218;30;0;2;4;2;0
202200013391;790 219;7;0;2;8;17;1
202200013392;790 214;2;0;2;7;16;1
202200013392;790 217;7;0;2;3;15;1
202200013393;790 213;30;0;2;1;13;1
202200013393;790 216;7;0;2;1;1;0
202200013394;790 215;7;3;2;2;1;1
202200013394;790 226;7;0;2;3;26;1
202200013395;790 210;7;0;2;2;9;1
202200013395;790 212;1;0;2;0;0;5
202200013396;790 209;32;0;2;1;1;1
202200013396;790 211;30;0;2;1;1;1
202200013397;790 208;7;0;1;1;2;1
202200013398;790 205;7;0;2;7;1;1
202200013398;790 207;1;0;2;1;1;5
202200013399;790 203;1;0;2;7;1;5
202200013399;790 206;7;0;2;3;17;1
202200013400;790 202;7;1;0;2;1;1
202200013400;790 204;7;0;2;6;23;1
202200013401;790 201;7;4;0;0;1;1
202200013402;790 198;7;0;1;3;1;1
202200013403;790 197;7;0;2;1;0;1
202200013403;790 199;7;0;2;7;0;1
202200013404;790 196;7;0;2;2;1;1
202200013404;790 200;7;0;2;2;1;1
202200013405;790 195;0;0;1;1;17;0
202200013406;790 192;7;0;2;6;23;1
202200013406;790 194;1;0;2;6;17;5
202200013407;790 190;7;12;0;3;13;1
202200013408;790 191;10;0;2;7;2;1
202200013408;790 193;50;0;2;7;2;3
202200013409;790 189;14;0;1;2;16;1
202200013410;790 187;7;0;1;3;1;2
202200013411;790 186;7;0;2;1;1;1
202200013411;790 188;50;0;2;3;19;3
202200013412;790 182;7;1;2;1;9;1
202200013412;790 184;7;0;2;2;1;1
202200013413;790 183;7;0;2;2;16;1
202200013413;790 185;1;0;2;1;1;5
202200013414;790 181;7;0;1;1;1;3
202200013415;790 177;7;0;2;1;2;1
202200013415;790 179;30;0;2;4;1;1
202200013416;790 175;1;0;2;1;1;5
202200013416;790 180;7;0;2;2;1;1
202200013417;790 174;10;0;2;6;17;1
202200013417;790 176;7;9;2;6;23;1
202200013417;790 178;7;0;2;8;23;1
202200013418;790 172;7;0;1;0;14;0
202200013419;790 171;30;0;2;7;1;1
202200013419;790 173;7;0;2;3;11;1
202200013420;790 169;7;0;1;0;0;0
202200013421;790 168;50;0;0;0;26;3
202200013422;790 167;1;0;2;6;1;5
202200013422;790 170;14;0;2;7;16;1
202200013423;790 164;7;0;2;4;2;1
202200013423;790 166;7;0;2;1;2;1
202200013424;790 163;1;0;2;1;2;5
202200013424;790 165;7;0;2;4;2;2
202200013425;790 162;7;4;0;2;9;1
202200013426;790 159;1;0;2;1;1;5
202200013426;790 161;7;0;2;6;15;1
202200013427;790 157;7;0;2;4;26;1
202200013427;790 160;33;0;2;1;1;1
202200013428;790 156;7;0;2;1;15;1
202200013428;790 158;1;0;2;1;1;5
202200013429;790 155;7;3;0;1;16;1
202200013430;790 154;30;0;1;1;26;1
202200013431;790 153;7;2;0;8;13;1
202200013432;790 152;30;0;0;3;1;1
202200013433;790 147;2;0;0;1;1;1
202200013434;790 148;7;0;2;3;0;1
202200013434;790 150;7;0;2;3;0;1
202200013434;790 151;7;0;2;3;13;1
202200013435;790 146;7;0;2;6;19;1
202200013435;790 149;50;0;2;0;1;3
202200013436;790 142;7;2;0;7;13;1
202200013437;790 143;7;0;2;5;15;1
202200013437;790 144;33;0;2;1;1;1
202200013438;790 141;7;0;2;3;15;1
202200013438;790 145;1;0;2;1;1;5
202200013439;790 137;7;0;2;8;15;1
202200013439;790 139;30;0;2;1;17;1
202200013440;790 136;7;0;2;1;13;1
202200013440;790 138;7;0;2;1;1;1
202200013440;790 140;7;0;2;1;1;1
202200013441;790 133;7;0;2;5;15;1
202200013441;790 135;2;0;0;0;0;1
202200013442;790 132;7;0;9;1;1;1
202200013442;790 134;50;0;2;1;19;3
202200013443;790 129;7;0;2;2;9;1
202200013443;790 131;1;0;0;0;0;5
202200013444;790 130;7;0;1;3;1;1
202200013445;790 126;7;0;2;8;19;1
202200013445;790 128;7;0;2;1;1;1
202200013446;790 125;7;0;2;7;9;1
202200013446;790 127;1;0;2;3;1;5
202200013447;790 123;7;0;1;2;9;1
202200013448;790 122;7;0;2;4;2;1
202200013448;790 124;33;0;2;1;1;1
202200013449;790 119;7;0;2;3;15;1
202200013449;790 121;37;0;2;1;1;2
202200013450;790 118;32;0;1;0;17;1
202200013451;790 117;7;0;1;2;15;1
202200013452;790 116;7;0;2;4;1;1
202200013452;790 120;10;0;2;1;1;1
202200013453;790 115;33;16;0;9;1;1
202200013454;790 114;80;12;0;1;25;3
202200013455;790 108;10;0;2;1;19;1
202200013455;790 111;1;0;2;8;1;5
202200013456;790 107;7;0;2;4;2;0
202200013456;790 109;7;0;2;4;2;1
202200013456;790 112;7;0;2;4;2;1
202200013456;790 113;7;0;2;1;1;1
202200013457;790 106;60;0;2;8;0;5
202200013457;790 110;7;0;2;2;2;1
202200013458;790 104;7;0;2;4;2;1
202200013458;790 105;10;0;2;1;2;1
202200013459;790 101;7;0;2;1;15;1
202200013459;790 103;33;0;2;1;1;1
202200013460;790 098;7;0;2;3;26;1
202200013460;790 100;7;0;2;1;1;1
202200013461;790 099;1;0;2;7;16;5
202200013461;790 102;7;0;2;3;9;2
202200013462;790 097;7;0;0;9;1;1
202200013463;790 094;1;0;2;1;1;5
202200013463;790 096;37;0;2;1;15;1
202200013464;790 092;40;0;2;2;1;3
202200013464;790 095;7;0;4;5;1;1
202200013465;790 089;7;0;2;4;1;1
202200013465;790 090;7;0;2;1;1;1
202200013466;790 091;50;0;2;7;1;3
202200013466;790 093;7;0;2;1;1;1
202200013467;790 087;7;0;2;1;1;1
202200013467;790 088;7;0;2;4;1;1
202200013468;790 085;50;0;2;1;19;3
202200013468;790 086;7;0;2;0;1;1
202200013469;790 082;7;0;2;5;23;1
202200013469;790 083;33;0;2;1;1;1
202200013470;790 081;10;0;2;1;19;1
202200013470;790 084;10;0;2;3;0;1
202200013471;790 078;7;0;2;4;1;1
202200013471;790 079;7;0;2;4;2;1
202200013471;790 080;7;0;2;1;2;1
202200013472;790 077;7;0;1;1;1;1
202200013473;790 074;1;0;2;1;1;5
202200013473;790 076;7;0;2;3;9;1
202200013474;790 073;14;0;2;0;0;1
202200013474;790 075;14;0;2;0;0;1
202200013475;790 072;7;4;0;3;1;1
202200013476;790 071;3;0;1;3;1;0
202200013477;790 068;34;0;1;1;3;6
202200013478;790 069;7;0;2;3;15;1
202200013478;790 070;30;0;2;2;17;1
202200013479;790 065;13;0;2;1;1;1
202200013479;790 067;7;0;2;4;1;1
202200013480;790 064;7;0;2;1;1;1
202200013480;790 066;7;0;2;1;5;1
202200013481;790 061;7;0;2;1;1;1
202200013481;790 063;7;0;2;1;9;1
202200013482;790 060;7;0;2;4;1;1
202200013482;790 062;30;0;2;1;2;1
202200013483;790 057;7;0;2;1;1;1
202200013483;790 059;7;0;2;1;1;1
202200013484;790 056;7;0;2;1;2;1
202200013484;790 058;7;4;0;1;0;1
202200013485;790 054;1;0;2;1;1;5
202200013485;790 055;7;0;2;1;9;1
202200013486;790 053;40;0;1;2;19;3
202200013487;790 052;7;0;1;1;15;1
202200013488;790 049;7;14;0;1;1;1
202200013489;790 051;7;13;0;1;21;1
202200013490;790 048;7;0;1;1;26;1
202200013490;790 050;7;0;2;1;2;3
202200013491;790 046;7;17;0;3;0;1
202200013492;790 045;7;0;2;1;0;0
202200013492;790 047;30;0;2;7;26;1
202200013493;790 039;31;0;2;9;1;1
202200013493;790 042;7;0;2;3;1;1
202200013493;790 044;7;0;2;3;1;1
202200013494;790 040;32;0;2;6;11;1
202200013494;790 043;7;0;2;2;1;0
202200013495;790 038;50;0;2;8;15;3
202200013495;790 041;10;12;0;7;2;1
202200013496;790 034;7;0;2;1;15;1
202200013496;790 036;33;0;2;1;1;0
202200013497;790 033;7;0;2;8;11;0
202200013497;790 037;33;0;2;7;2;1
202200013498;790 032;7;0;2;7;19;1
202200013498;790 035;7;0;2;1;1;1
202200013499;790 027;7;0;2;1;2;1
202200013499;790 029;7;0;2;4;2;1
202200013500;790 026;1;0;2;1;1;5
202200013500;790 030;7;0;2;1;9;1
202200013501;790 025;7;0;2;4;23;1
202200013501;790 028;7;14;0;1;1;1
202200013501;790 031;7;0;2;3;1;1
202200013502;790 023;7;2;0;3;13;1
202200013503;790 020;3;0;2;1;15;1
202200013503;790 022;32;0;2;1;5;1
202200013504;790 021;32;0;2;2;1;1
202200013504;790 024;7;0;2;1;9;1
202200013505;790 018;1;0;2;8;2;5
202200013505;790 019;7;0;2;7;9;1
202200013506;790 017;7;0;0;9;1;1
202200013507;790 013;7;0;2;1;15;1
202200013507;790 016;34;0;2;8;1;1
202200013508;790 012;7;0;2;7;15;1
202200013508;790 015;33;0;2;1;1;1
202200013509;790 011;50;0;2;1;1;3
202200013509;790 014;7;0;2;1;1;1
202200013510;790 009;7;0;2;0;0;1
202200013510;790 010;33;0;2;0;2;1
202200013511;790 008;7;0;1;3;1;1
202200013512;790 005;50;0;2;7;1;3
202200013512;790 006;2;0;2;1;15;5
202200013513;790 002;1;0;2;7;1;5
202200013513;790 003;13;0;2;2;16;1
202200013514;789 999;7;0;2;3;15;1
202200013514;790 001;1;0;2;7;1;5
202200013515;789 998;7;0;2;2;1;1
202200013515;790 000;7;13;2;7;13;1
202200013516;789 993;7;2;0;9;21;1
202200013517;789 992;7;0;2;4;23;1
202200013517;789 995;10;0;2;4;23;1
202200013517;789 997;15;0;2;1;2;1
202200013518;789 994;30;0;2;1;1;1
202200013518;789 996;7;0;2;3;15;1
202200013519;789 990;7;16;2;2;15;1
202200013519;789 991;7;0;2;1;1;1
202200013520;789 988;31;0;2;1;1;1
202200013520;789 989;7;0;2;2;15;2
202200013521;789 987;7;8;0;2;13;1
202200013522;789 983;1;0;2;0;1;5
202200013522;789 986;1;0;2;8;1;5
202200013523;789 981;33;0;2;2;17;1
202200013523;789 985;7;0;2;6;17;1
202200013524;789 982;7;0;2;1;0;1
202200013524;789 984;7;0;2;2;15;1
202200013525;789 978;7;0;2;6;1;1
202200013525;789 980;33;0;2;2;3;1
202200013526;789 976;7;0;2;1;14;1
202200013526;789 977;7;0;2;4;2;1
202200013526;789 979;7;0;2;4;2;1
202200013527;789 975;15;0;1;2;1;1
202200013528;789 971;33;0;2;1;15;1
202200013528;789 972;1;0;2;6;1;5
202200013529;789 970;10;0;2;4;0;1
202200013529;789 973;7;0;2;1;0;1
202200013529;789 974;7;0;2;4;0;1
202200013530;789 968;7;12;0;1;1;2
202200013531;789 966;10;0;2;1;9;1
202200013531;789 969;7;0;2;2;1;1
202200013532;789 963;7;3;2;3;13;1
202200013532;789 965;7;3;2;7;2;1
202200013532;789 967;7;0;2;1;2;1
202200013533;789 964;1;0;0;0;16;5
202200013534;789 960;7;0;2;6;1;0
202200013534;789 962;7;0;2;2;12;1
202200013535;789 957;7;0;2;5;23;1
202200013535;789 959;7;0;2;0;0;0
202200013535;789 961;7;0;2;8;1;1
202200013536;789 956;1;0;1;1;14;5
202200013537;789 953;3;0;2;8;0;0
202200013537;789 955;7;0;0;0;0;1
202200013537;789 958;3;0;2;7;12;1
202200013538;789 952;32;0;2;8;3;1
202200013538;789 954;7;0;2;7;12;1
202200013539;789 951;10;0;1;1;4;1
202200013540;789 950;10;0;1;0;15;0
202200013541;789 948;32;12;0;1;14;1
202200013542;789 946;1;0;1;3;1;5
202200013543;789 947;7;0;2;1;2;1
202200013543;789 949;7;0;2;4;2;1
202200013544;789 943;7;0;1;7;1;1
202200013545;789 944;33;0;2;1;1;1
202200013545;789 945;7;0;2;5;15;1
202200013546;789 940;10;0;2;2;10;1
202200013546;789 942;32;0;2;3;1;1
202200013547;789 939;34;0;0;8;3;1
202200013547;789 941;7;0;0;7;12;1
202200013548;789 938;33;0;0;0;21;1
202200013549;789 936;7;4;0;0;14;1
202200013550;789 934;7;4;0;5;2;1
202200013551;789 935;13;0;2;1;0;0
202200013551;789 937;7;0;2;4;1;1
202200013552;789 932;50;1;0;1;14;3
202200013553;789 931;7;0;2;8;9;2
202200013553;789 933;30;0;2;5;1;1
202200013554;789 928;7;3;0;1;26;1
202200013555;789 929;30;0;0;8;1;3
202200013556;789 927;7;0;2;1;15;1
202200013556;789 930;7;0;2;1;1;1
202200013557;789 926;7;0;1;1;15;1
202200013558;789 924;1;0;0;7;1;5
202200013559;789 922;7;1;0;1;2;1
202200013559;789 925;10;0;2;4;23;1
202200013560;789 921;7;0;2;6;20;1
202200013560;789 923;2;0;2;7;1;1
202200013561;789 919;43;0;1;1;1;1
202200013562;789 918;33;0;0;0;1;1
202200013563;789 916;7;2;0;2;1;1
202200013564;789 917;31;0;2;2;1;1
202200013564;789 920;10;0;2;3;13;0
202200013565;789 915;1;0;0;0;1;5
202200013566;789 911;7;0;0;4;2;1
202200013566;789 914;7;0;2;1;0;1
202200013567;789 910;1;0;0;0;1;5
202200013568;789 909;50;0;2;7;1;3
202200013568;789 913;10;0;2;3;15;1
202200013569;789 908;7;0;2;1;15;1
202200013569;789 912;33;0;2;1;0;1
202200013570;789 905;7;1;0;7;14;1
202200013571;789 902;1;0;2;1;1;5
202200013571;789 906;7;0;2;3;15;1
202200013572;789 903;7;0;2;6;11;1
202200013572;789 907;33;0;2;1;3;1
202200013573;789 904;31;0;0;2;1;1
202200013574;789 899;7;0;1;1;1;1
202200013575;789 897;7;0;2;1;1;1
202200013575;789 900;7;0;2;1;1;1
202200013576;789 898;7;0;2;5;17;1
202200013576;789 901;37;0;2;3;7;0
202200013577;789 896;7;3;0;2;1;1
202200013578;789 895;7;9;0;1;1;1
202200013579;789 892;7;0;2;2;1;1
202200013579;789 894;7;0;0;4;0;1
202200013580;789 891;7;0;2;1;11;1
202200013580;789 893;7;0;2;5;23;1
202200013581;789 887;7;0;2;4;15;1
202200013581;789 889;33;0;2;1;1;1
202200013582;789 888;7;0;2;2;1;1
202200013582;789 890;7;3;2;6;2;1
202200013583;789 884;7;0;1;3;1;1
202200013584;789 882;7;9;2;2;16;1
202200013584;789 885;10;2;2;3;18;1
202200013585;789 883;10;3;0;1;14;1
202200013586;789 881;7;0;2;4;11;1
202200013586;789 886;10;0;2;3;2;1
202200013587;789 876;2;0;2;1;1;1
202200013587;789 879;10;0;2;4;20;1
202200013588;789 877;32;5;0;1;6;1
202200013589;789 874;10;0;2;5;1;1
202200013589;789 878;33;0;2;3;3;1
202200013590;789 871;7;0;1;3;1;1
202200013591;789 868;1;0;2;3;19;5
202200013591;789 872;7;0;9;3;19;1
202200013592;789 869;1;0;2;0;0;5
202200013592;789 873;10;0;2;0;0;1
202200013593;789 865;7;0;2;2;12;1
202200013593;789 866;33;0;2;1;1;1
202200013594;789 861;7;0;2;3;15;1
202200013594;789 863;30;0;2;1;1;1
202200013595;789 857;1;0;1;1;0;5
202200013596;789 855;7;0;0;5;2;1
202200013596;789 858;1;0;2;1;2;5
202200013597;789 856;7;0;2;1;2;1
202200013597;789 859;7;0;2;1;1;1
202200013597;789 862;7;0;0;4;2;1
202200013598;789 854;7;8;0;9;1;1
202200013599;789 853;7;0;0;1;1;1
202200013600;789 851;7;8;0;3;1;1
202200013600;789 852;7;0;2;2;16;1
202200013601;789 849;33;0;0;9;1;1
202200013602;789 850;7;0;1;7;1;1
202200013603;789 848;7;4;0;3;1;1
202200013604;789 847;30;0;1;1;15;1
202200013605;789 842;7;13;2;1;0;1
202200013605;789 843;7;0;2;5;2;1
202200013605;789 844;7;0;2;6;2;1
202200013605;789 846;7;0;2;1;2;1
202200013606;789 839;7;0;2;1;1;1
202200013606;789 845;7;0;0;4;1;1
202200013607;789 837;60;0;2;1;5;5
202200013607;789 841;7;0;2;0;1;1
202200013608;789 836;7;0;2;4;1;1
202200013608;789 838;7;0;2;3;1;3
202200013608;789 840;7;0;2;3;1;1
202200013609;789 832;10;0;2;8;10;1
202200013609;789 835;33;0;2;1;17;1