Num_Acc;id_vehicule;categorie_vehicule;obstacle_fixe;obstacle_mobile;point_choc_initial;manoeuvre_principale;motorisation
202200013610;789 830;34;0;2;2;3;1
202200013610;789 833;7;0;2;3;1;1
202200013611;789 831;33;0;0;0;0;1
202200013611;789 834;7;0;2;2;15;1
202200013612;789 827;43;0;2;1;1;1
202200013612;789 829;7;0;2;7;15;3
202200013613;789 826;7;0;9;3;15;1
202200013613;789 828;1;0;2;4;15;5
202200013614;789 825;33;0;0;7;2;1
202200013615;789 824;1;8;0;8;0;5
202200013616;789 821;7;0;1;1;9;1
202200013617;789 822;7;0;2;3;9;1
202200013617;789 823;1;0;2;1;1;5
202200013618;789 819;1;0;2;2;1;0
202200013618;789 820;7;0;2;3;1;1
202200013619;789 817;2;0;0;7;1;1
202200013620;789 816;10;0;2;6;15;1
202200013620;789 818;31;0;2;1;1;1
202200013621;789 812;7;10;0;4;2;1
202200013621;789 814;7;0;2;4;2;1
202200013621;789 815;10;0;2;1;2;1
202200013622;789 811;1;0;2;4;1;5
202200013622;789 813;7;0;2;1;1;1
202200013623;789 809;80;1;0;1;1;3
202200013623;789 810;10;0;0;3;22;1
202200013624;789 808;7;6;0;1;1;1
202200013625;789 807;7;0;1;1;1;1
202200013626;789 805;31;0;0;0;0;0
202200013626;789 806;7;0;0;0;0;0
202200013627;789 804;7;0;1;2;2;1
202200013628;789 801;32;0;1;1;3;0
202200013629;789 802;14;0;2;2;12;1
202200013629;789 803;7;0;2;8;1;1
202200013630;789 800;7;13;0;1;13;1
202200013631;789 797;7;0;2;6;15;0
202200013631;789 799;32;0;2;2;2;3
202200013632;789 796;7;0;2;1;2;1
202200013632;789 798;7;0;2;4;2;1
202200013633;789 792;7;0;2;1;18;1
202200013633;789 794;30;0;2;1;21;1
202200013634;789 793;7;0;0;8;9;1
202200013634;789 795;7;0;0;1;1;1
202200013635;789 788;34;0;2;1;0;1
202200013635;789 791;7;0;0;5;15;2
202200013636;789 790;7;0;1;1;1;1
202200013637;789 787;2;0;0;5;2;1
202200013637;789 789;7;0;2;1;2;1
202200013638;789 784;7;0;2;8;1;1
202200013638;789 786;50;0;2;0;0;3
202200013639;789 782;10;0;2;6;1;1
202200013639;789 785;7;0;2;1;1;1
202200013640;789 781;7;0;2;1;1;1
202200013640;789 783;7;0;2;3;15;1
202200013641;789 779;7;0;2;8;9;1
202200013641;789 780;33;0;2;8;1;1
202200013642;789 777;7;0;1;2;16;1
202200013643;789 776;2;0;2;8;1;1
202200013643;789 778;7;0;2;8;17;1
202200013644;789 775;2;0;0;0;1;1
202200013645;789 773;33;0;0;0;26;1
202200013646;789 771;33;0;2;7;1;1
202200013646;789 774;7;0;2;1;1;1
202200013647;789 770;7;0;2;1;1;1
202200013647;789 772;1;0;0;8;15;5
202200013648;789 769;31;6;0;2;1;1
202200013649;789 767;7;3;0;2;0;1
202200013650;789 768;7;8;0;1;0;1
202200013651;789 764;33;0;2;1;1;1
202200013651;789 766;7;0;2;2;15;2
202200013652;789 762;7;0;0;5;1;1
202200013652;789 765;10;0;2;1;1;1
202200013653;789 761;2;12;0;0;2;1
202200013653;789 763;7;0;0;0;17;1
202200013654;789 760;31;4;0;1;26;1
202200013655;789 757;7;8;0;1;1;1
202200013656;789 756;7;0;2;1;5;0
202200013656;789 758;7;0;2;1;5;1
202200013656;789 759;7;0;0;0;1;0
202200013657;789 754;7;16;0;2;1;1
202200013658;789 752;7;0;2;2;13;1
202200013658;789 755;7;0;2;1;1;1
202200013659;789 750;21;10;0;2;1;1
202200013660;789 751;43;0;2;1;2;1
202200013660;789 753;33;0;2;4;2;1
202200013661;789 748;7;0;2;2;1;1
202200013661;789 749;2;0;2;1;5;1
202200013662;789 747;7;0;1;1;1;1
202200013663;789 746;7;0;1;1;1;1
202200013664;789 742;30;0;2;4;15;1
202200013664;789 744;7;0;2;2;1;1
202200013665;789 738;10;0;0;3;13;1
202200013665;789 739;10;0;2;2;1;1
202200013666;789 737;7;0;2;1;26;1
202200013666;789 740;7;0;2;0;26;1
202200013667;789 732;7;0;2;1;23;1
202200013667;789 734;31;0;2;0;1;1
202200013668;789 730;2;0;2;2;5;1
202200013668;789 733;7;0;2;2;1;1
202200013669;789 731;7;0;1;7;1;1
202200013670;789 729;7;0;0;1;1;1
202200013671;789 726;1;0;2;1;1;5
202200013671;789 728;7;0;9;6;9;1
202200013672;789 725;7;0;2;3;0;1
202200013672;789 727;50;0;2;0;0;3
202200013673;789 722;7;0;2;1;5;1
202200013673;789 723;10;0;2;1;1;1
202200013674;789 721;7;0;2;3;15;1
202200013674;789 724;2;0;2;2;1;1
202200013675;789 717;33;4;0;2;1;1
202200013676;789 719;30;0;2;1;2;1
202200013676;789 720;10;0;2;4;1;1
202200013677;789 716;7;0;2;3;1;1
202200013677;789 718;33;11;2;2;1;1
202200013678;789 715;2;6;0;1;1;1
202200013679;789 711;33;10;0;3;1;1
202200013680;789 710;7;0;0;2;16;1
202200013680;789 712;7;0;2;1;1;1
202200013681;789 713;7;0;2;4;16;1
202200013681;789 714;1;0;2;1;1;5
202200013682;789 705;7;0;2;1;1;1
202200013682;789 707;7;0;0;7;1;1
202200013683;789 704;7;9;2;3;1;1
202200013683;789 708;7;0;2;3;9;1
202200013684;789 703;7;0;2;1;16;1
202200013684;789 706;10;7;2;2;1;1
202200013684;789 709;10;0;2;3;17;1
202200013685;789 700;7;0;9;2;2;1
202200013685;789 702;1;0;2;0;1;5
202200013686;789 701;7;14;0;1;13;1
202200013687;789 699;33;13;0;3;1;1
202200013688;789 698;7;2;0;1;1;1
202200013689;789 697;32;0;0;7;1;1
202200013690;789 695;7;13;0;9;13;1
202200013691;789 693;7;13;0;1;1;1
202200013692;789 694;32;14;0;1;1;1
202200013693;789 692;33;2;0;1;17;1
202200013694;789 691;7;7;0;1;6;1
202200013695;789 689;7;13;0;2;14;1
202200013696;789 688;7;0;2;1;13;1
202200013696;789 690;7;0;2;1;1;1
202200013697;789 684;1;0;2;1;19;5
202200013697;789 686;7;0;2;7;1;1
202200013698;789 685;7;0;2;7;15;1
202200013698;789 687;7;0;2;1;1;1
202200013699;789 682;7;1;0;7;17;1
202200013699;789 683;10;0;0;6;23;1
202200013700;789 681;7;13;0;8;1;1
202200013701;789 679;7;0;2;8;20;2
202200013701;789 680;2;0;2;1;1;1
202200013702;789 674;7;0;2;8;24;1
202200013702;789 676;7;0;2;3;1;1
202200013702;789 677;7;1;2;3;1;1
202200013703;789 675;7;0;2;4;2;1
202200013703;789 678;7;0;2;1;1;1
202200013704;789 673;7;0;1;2;15;1
202200013705;789 669;32;0;2;4;1;1
202200013705;789 671;7;0;2;1;13;1
202200013706;789 665;7;0;2;2;2;1
202200013706;789 666;1;0;2;4;2;5
202200013706;789 668;1;0;2;4;2;5
202200013706;789 670;1;0;2;4;2;5
202200013706;789 672;1;0;2;4;2;5
202200013707;789 664;33;1;2;1;26;1
202200013707;789 667;7;0;1;8;24;1
202200013708;789 661;7;0;0;3;1;1
202200013709;789 659;10;0;2;4;2;1
202200013709;789 660;7;0;2;4;1;1
202200013709;789 662;7;0;2;4;1;1
202200013709;789 663;10;0;2;1;1;1
202200013710;789 658;7;0;1;4;26;2
202200013711;789 656;7;0;0;3;1;1
202200013711;789 657;7;0;0;3;13;1
202200013712;789 653;1;0;2;4;1;5
202200013712;789 654;7;0;2;1;1;0
202200013713;789 651;7;3;2;3;0;1
202200013713;789 655;7;14;2;1;0;1
202200013714;789 647;99;0;2;2;2;1
202200013714;789 649;7;0;2;4;2;1
202200013714;789 650;7;0;2;4;2;1
202200013714;789 652;7;0;0;4;2;1
202200013715;789 646;33;0;2;8;17;1
202200013715;789 648;7;0;2;7;2;1
202200013716;789 644;3;12;0;1;21;3
202200013717;789 645;7;0;1;7;21;1
202200013718;789 643;7;13;0;9;0;1
202200013719;789 642;7;4;0;1;26;1
202200013720;789 637;7;0;2;1;1;1
202200013720;789 640;7;0;2;2;13;1
202200013721;789 639;30;0;2;1;1;1
202200013721;789 641;7;0;2;3;1;1
202200013722;789 638;7;4;0;3;1;1
202200013723;789 634;7;0;2;6;1;0
202200013723;789 636;2;0;2;1;13;1
202200013724;789 633;7;4;0;3;1;1
202200013725;789 632;7;0;2;1;9;1
202200013725;789 635;1;0;2;8;1;5
202200013726;789 631;33;0;0;8;1;1
202200013727;789 630;1;0;0;0;26;5
202200013728;789 628;10;13;0;2;14;1
202200013729;789 627;7;0;2;8;1;1
202200013729;789 629;7;0;2;3;13;1
202200013730;789 624;7;4;0;4;2;1
202200013730;789 626;7;0;2;1;2;1
202200013731;789 623;7;0;2;4;2;1
202200013731;789 625;7;0;2;1;2;1
202200013732;789 621;7;4;0;8;1;1
202200013733;789 622;7;0;1;1;2;1
202200013734;789 618;7;0;0;9;14;1
202200013735;789 617;7;0;2;1;1;1
202200013735;789 620;15;0;0;4;1;1
202200013736;789 619;30;12;2;7;14;1
202200013737;789 615;7;0;1;2;20;1
202200013738;789 613;7;0;2;4;26;1
202200013738;789 616;7;0;2;4;0;1
202200013739;789 612;33;0;2;8;17;1
202200013739;789 614;7;0;2;3;15;1
202200013740;789 611;7;2;0;1;0;1
202200013741;789 609;7;4;0;2;0;1
202200013742;789 610;7;0;1;2;1;1
202200013743;789 607;7;3;0;1;2;1
202200013744;789 603;7;0;2;4;1;1
202200013744;789 606;7;0;2;4;2;1
202200013744;789 608;10;0;2;1;2;1
202200013745;789 602;7;4;2;1;2;1
202200013745;789 604;7;0;2;3;1;2
202200013746;789 599;10;0;0;3;15;1
202200013746;789 600;31;0;2;2;17;3
202200013747;789 601;7;0;2;1;1;1
202200013747;789 605;7;0;2;4;4;1
202200013748;789 597;7;4;0;1;1;1
202200013749;789 593;32;0;2;1;21;1
202200013749;789 595;7;0;0;6;2;1
202200013749;789 598;7;0;9;1;0;1
202200013750;789 594;1;0;2;6;1;5
202200013750;789 596;7;0;2;2;16;1
202200013751;789 591;7;0;2;1;1;1
202200013751;789 592;7;0;2;4;11;1
202200013752;789 589;7;0;2;1;1;0
202200013752;789 590;33;0;2;1;13;0
202200013753;789 586;33;1;0;1;1;1
202200013754;789 584;7;0;2;4;0;1
202200013754;789 587;7;0;2;1;0;1
202200013755;789 585;10;0;2;3;1;1
202200013755;789 588;2;0;2;1;26;1
202200013756;789 581;7;0;2;3;1;1
202200013756;789 583;7;0;2;6;2;1
202200013757;789 582;7;0;1;4;4;1
202200013758;789 580;7;0;1;1;1;1
202200013759;789 578;7;2;0;1;2;1
202200013760;789 573;7;0;2;1;1;1
202200013760;789 576;7;0;2;5;2;1
202200013760;789 577;7;1;2;6;1;1
202200013760;789 579;7;1;2;2;1;1
202200013761;789 572;7;0;2;3;19;1
202200013761;789 575;7;0;2;2;15;1
202200013762;789 571;7;7;2;8;9;1
202200013762;789 574;7;0;2;3;1;1
202200013763;789 569;33;6;2;2;3;1
202200013763;789 570;7;0;2;3;17;1
202200013764;789 568;30;0;1;1;1;1
202200013765;789 566;7;0;2;3;15;1
202200013765;789 567;7;0;2;1;1;1
202200013766;789 561;33;0;2;1;0;1
202200013766;789 564;7;0;2;1;17;1
202200013767;789 560;99;0;0;0;0;0
202200013767;789 562;33;0;0;5;1;1
202200013768;789 559;10;0;2;1;2;1
202200013768;789 563;7;0;2;1;2;1
202200013768;789 565;7;0;0;4;1;1
202200013769;789 558;80;0;0;9;1;3
202200013770;789 555;7;0;2;3;15;1
202200013770;789 557;32;0;2;3;1;1
202200013771;789 554;7;0;2;6;1;1
202200013771;789 556;7;0;2;2;17;1
202200013772;789 552;7;0;2;3;1;1
202200013772;789 553;1;0;2;1;13;5
202200013773;789 548;10;0;0;0;17;1
202200013773;789 551;32;0;2;7;17;1
202200013774;789 547;7;0;2;8;11;1
202200013774;789 549;7;0;2;4;1;1
202200013774;789 550;33;0;2;1;3;1
202200013775;789 546;33;1;0;1;13;1
202200013776;789 543;2;8;0;1;1;1
202200013777;789 541;7;0;2;8;11;1
202200013777;789 544;31;0;2;7;3;1
202200013778;789 542;7;0;2;8;15;1
202200013778;789 545;31;0;2;7;17;1
202200013779;789 539;7;6;0;2;2;1
202200013780;789 536;10;0;2;2;0;1
202200013780;789 538;7;0;2;3;1;1
202200013781;789 535;7;0;2;6;11;1
202200013781;789 537;33;0;2;1;3;1
202200013781;789 540;7;0;2;6;1;1
202200013782;789 533;33;0;2;1;3;1
202200013782;789 534;7;0;2;4;1;1
202200013783;789 532;7;13;0;3;1;1
202200013784;789 530;7;0;2;7;12;1
202200013784;789 531;33;0;2;8;3;1
202200013785;789 528;7;0;1;1;16;1
202200013786;789 529;7;0;1;2;1;1
202200013787;789 525;7;0;1;2;0;1
202200013788;789 526;10;0;1;2;17;0
202200013789;789 522;7;0;2;1;1;1
202200013789;789 524;7;0;2;4;23;1
202200013790;789 521;31;0;2;3;13;1
202200013790;789 523;7;0;2;2;1;1
202200013791;789 520;7;0;1;1;1;1
202200013792;789 516;10;0;2;8;9;1
202200013792;789 518;34;0;2;8;1;1
202200013793;789 517;7;0;2;8;15;1
202200013793;789 519;31;0;2;1;17;1
202200013794;789 514;1;0;2;4;1;5
202200013794;789 515;7;0;2;1;1;1
202200013795;789 510;7;0;2;1;2;1
202200013795;789 512;3;0;2;4;2;1
202200013796;789 511;7;0;2;3;1;1
202200013796;789 513;7;0;2;2;14;1
202200013797;789 508;7;0;2;1;1;1
202200013797;789 509;7;0;2;4;1;2
202200013798;789 506;33;0;2;1;17;1
202200013798;789 507;7;0;2;3;10;1
202200013799;789 504;7;0;2;1;13;1
202200013799;789 505;7;0;2;1;1;1
202200013800;789 501;7;0;2;5;26;1
202200013800;789 503;7;0;2;3;21;1
202200013801;789 499;7;0;1;1;26;1
202200013802;789 500;37;0;2;1;7;2
202200013802;789 502;1;0;2;4;14;5
202200013803;789 496;7;0;1;1;17;1
202200013804;789 495;80;0;2;5;13;3
202200013804;789 497;30;1;2;2;17;3
202200013805;789 492;7;0;2;4;24;1
202200013805;789 494;30;0;2;1;13;3
202200013806;789 493;7;6;0;1;26;1
202200013807;789 490;7;8;0;7;0;1
202200013808;789 488;33;1;0;2;17;1
202200013809;789 489;7;0;2;3;15;1
202200013809;789 491;1;0;2;1;1;5
202200013810;789 483;7;0;2;3;1;2
202200013810;789 485;1;0;2;2;1;5
202200013811;789 482;10;0;0;5;2;1
202200013811;789 484;1;0;2;1;2;5
202200013812;789 481;30;0;1;7;1;1
202200013813;789 479;7;0;2;3;1;1
202200013813;789 480;31;0;2;3;16;1
202200013814;789 478;7;8;0;1;0;1
202200013815;789 475;7;0;2;3;1;1
202200013815;789 477;2;0;2;1;1;1
202200013816;789 472;7;0;2;6;15;1
202200013816;789 473;2;0;2;1;17;1
202200013817;789 474;7;0;2;1;15;1
202200013817;789 476;30;0;2;3;1;0
202200013818;789 471;32;13;0;2;15;1
202200013819;789 470;2;0;9;1;21;1
202200013820;789 468;33;3;2;2;18;1
202200013820;789 469;7;0;2;2;16;1
202200013821;789 467;7;0;1;3;16;1
202200013822;789 464;33;0;2;1;21;1
202200013822;789 466;7;0;2;4;1;1
202200013823;789 462;10;0;1;1;15;1
202200013824;789 463;7;0;2;4;24;1
202200013824;789 465;7;1;2;1;21;1
202200013825;789 460;1;0;2;7;1;5
202200013825;789 461;7;0;2;1;9;3
202200013826;789 455;7;0;2;1;2;1
202200013826;789 456;10;0;2;4;1;1
202200013826;789 457;7;0;2;4;1;1
202200013826;789 458;7;4;2;4;1;1
202200013827;789 452;37;0;2;7;1;1
202200013827;789 453;7;0;1;1;5;1
202200013828;789 454;7;6;2;2;0;1
202200013828;789 459;7;0;2;3;2;1
202200013829;789 451;3;0;1;1;16;1
202200013830;789 448;7;0;2;6;26;1
202200013830;789 449;1;0;2;1;26;5
202200013831;789 450;7;0;1;2;1;1
202200013832;789 445;7;0;2;1;1;1
202200013832;789 447;7;0;2;1;23;1
202200013833;789 442;30;0;2;2;1;1
202200013833;789 444;7;0;2;6;16;1
202200013834;789 443;10;0;2;2;17;0
202200013834;789 446;7;1;0;8;12;1
202200013835;789 440;1;0;2;4;1;5
202200013835;789 441;7;0;2;1;1;1
202200013836;789 437;7;0;2;1;1;1
202200013836;789 438;7;0;2;6;1;2
202200013837;789 435;7;0;2;3;1;1
202200013837;789 436;7;0;2;2;10;1
202200013838;789 439;2;0;1;1;2;0
202200013839;789 433;50;0;2;1;5;3
202200013839;789 434;7;0;2;3;15;1
202200013840;789 430;32;0;2;1;1;1
202200013840;789 432;10;0;2;8;1;1
202200013841;789 427;7;0;2;3;15;1
202200013841;789 429;33;0;2;1;1;1
202200013842;789 428;14;0;2;2;14;1
202200013842;789 431;7;0;2;6;1;1
202200013843;789 424;34;0;2;1;1;1
202200013843;789 426;7;0;2;7;1;1
202200013844;789 421;30;0;2;7;1;1
202200013844;789 423;7;0;2;1;19;1
202200013845;789 422;2;0;2;2;3;1
202200013845;789 425;7;0;2;6;0;0
202200013846;789 420;32;16;0;0;1;1
202200013847;789 416;2;0;2;1;0;1
202200013847;789 419;7;0;2;1;0;1
202200013848;789 414;7;0;2;3;0;1
202200013848;789 415;7;0;2;2;1;1
202200013848;789 417;7;0;2;2;2;1
202200013848;789 418;7;0;0;0;2;1
202200013849;789 411;7;15;2;3;16;1
202200013849;789 413;7;0;2;1;1;1
202200013850;789 410;7;0;2;8;15;1
202200013850;789 412;33;0;2;1;17;1
202200013851;789 406;7;0;2;0;17;0
202200013851;789 407;7;0;2;5;1;1
202200013851;789 409;7;0;2;2;1;1
202200013852;789 405;7;0;2;6;24;1
202200013852;789 408;2;1;0;1;26;3
202200013853;789 403;7;0;2;1;17;1
202200013853;789 404;33;0;2;1;1;1
202200013854;789 402;7;1;0;1;14;1
202200013855;789 400;10;0;2;1;9;1
202200013855;789 401;7;0;2;4;9;1
202200013856;789 398;7;0;1;2;1;1
202200013857;789 395;7;0;2;8;26;0
202200013857;789 396;30;0;2;7;0;0
202200013858;789 397;7;0;2;2;2;1
202200013858;789 399;7;0;2;1;19;1
202200013859;789 393;17;15;0;5;1;1
202200013860;789 392;30;0;2;1;1;1
202200013860;789 394;7;0;2;2;0;1
202200013861;789 390;7;;2;8;0;
202200013861;789 391;2;0;2;8;26;1
202200013862;789 388;7;0;2;4;1;1
202200013862;789 389;33;0;2;1;1;1
202200013863;789 386;10;0;1;2;1;1
202200013864;789 385;33;0;2;2;1;1
202200013864;789 387;7;0;2;2;15;1
202200013865;789 383;7;0;2;1;2;1
202200013865;789 384;7;0;2;4;2;1
202200013866;789 380;7;0;2;3;13;1
202200013866;789 381;37;0;2;6;23;2
202200013867;789 378;7;0;1;2;1;1
202200013868;789 377;7;0;1;1;1;0
202200013869;789 379;7;0;2;1;1;1
202200013869;789 382;15;0;2;4;2;1
202200013870;789 375;7;0;2;4;23;1
202200013870;789 376;7;0;2;2;2;1
202200013871;789 373;1;0;2;1;1;5
202200013871;789 374;10;0;2;6;24;1
202200013872;789 372;80;1;0;1;1;3
202200013873;789 368;33;0;2;1;1;1
202200013873;789 370;7;0;2;1;15;1
202200013874;789 369;7;0;2;3;19;1
202200013874;789 371;10;0;2;2;1;1
202200013875;789 366;7;0;2;6;23;2
202200013875;789 367;30;0;2;2;2;3
202200013876;789 364;80;0;1;1;1;3
202200013877;789 362;32;0;2;2;1;1
202200013877;789 363;7;0;2;0;0;1
202200013878;789 365;1;0;0;0;2;5
202200013879;789 360;32;1;2;1;1;1
202200013879;789 361;7;1;2;1;1;1
202200013880;789 357;33;4;2;1;2;1
202200013880;789 358;10;4;0;4;23;1
202200013881;789 359;80;14;0;0;1;3
202200013882;789 355;7;0;2;1;1;1
202200013882;789 356;30;0;2;8;1;1
202200013883;789 354;42;0;1;1;1;1
202200013884;789 352;33;0;2;7;2;1
202200013884;789 353;10;0;2;3;10;1
202200013885;789 350;37;0;2;1;1;1
202200013885;789 351;7;0;2;8;26;1
202200013886;789 349;7;1;0;1;1;1
202200013887;789 347;7;0;2;1;1;1
202200013887;789 348;7;0;2;7;15;1
202200013888;789 345;7;0;2;5;23;1
202200013888;789 346;30;0;2;3;2;1
202200013889;789 342;7;0;2;1;1;1
202200013889;789 344;7;0;2;1;16;1
202200013890;789 339;10;0;2;3;15;1
202200013890;789 340;32;0;2;1;17;1
202200013891;789 341;7;0;2;1;1;1
202200013891;789 343;13;0;2;2;1;1
202200013892;789 337;7;0;2;7;16;1
202200013892;789 338;33;0;2;1;26;1
202200013893;789 335;7;0;9;3;13;0
202200013893;789 336;1;0;2;7;17;5
202200013894;789 334;7;0;0;9;1;1
202200013895;789 332;7;0;0;4;2;1
202200013895;789 333;7;0;2;1;2;1
202200013896;789 331;7;0;1;4;26;1
202200013897;789 329;30;0;2;7;1;1
202200013897;789 330;10;0;0;0;0;6
202200013898;789 326;7;0;2;1;2;2
202200013898;789 327;33;0;2;4;23;1
202200013899;789 325;7;0;0;0;26;1
202200013899;789 328;7;4;0;9;21;1
202200013900;789 323;7;0;2;3;26;0
202200013900;789 324;33;0;2;5;0;1
202200013901;789 318;7;0;0;6;15;1
202200013901;789 320;33;0;2;1;17;1
202200013902;789 314;7;0;2;1;2;1
202200013902;789 315;7;0;0;4;2;1
202200013902;789 316;7;0;2;2;17;1
202200013902;789 317;7;3;2;6;13;1
202200013902;789 319;7;0;2;1;2;1
202200013902;789 321;7;0;0;4;23;1
202200013902;789 322;7;0;2;1;2;1
202200013903;789 311;2;0;2;1;15;1
202200013903;789 312;7;0;2;1;1;1
202200013904;789 310;7;0;1;2;2;1
202200013905;789 309;1;0;2;8;15;5
202200013905;789 313;7;0;2;2;15;1
202200013906;789 307;1;0;2;1;13;5
202200013906;789 308;7;0;9;3;1;1
202200013907;789 306;7;0;1;2;1;1
202200013908;789 305;7;0;1;1;1;1
202200013909;789 304;7;0;1;1;1;1
202200013910;789 302;7;13;0;1;1;1
202200013911;789 299;7;0;2;3;9;1
202200013911;789 300;1;0;2;1;21;5
202200013912;789 301;3;0;2;3;5;1
202200013912;789 303;7;0;2;3;1;1
202200013913;789 297;7;0;2;1;1;1
202200013913;789 298;7;0;0;4;15;1
202200013914;789 294;7;0;2;1;13;1
202200013914;789 295;7;0;2;3;1;1
202200013915;789 293;7;2;0;1;1;1
202200013916;789 292;7;0;0;1;0;1
202200013917;789 290;7;0;2;1;1;1
202200013917;789 296;3;0;2;3;16;1
202200013918;789 289;15;0;2;1;1;1
202200013918;789 291;7;0;2;8;1;1
202200013919;789 287;7;2;0;1;1;1
202200013920;789 288;7;13;0;1;13;1
202200013921;789 286;33;0;1;8;1;1
202200013922;789 285;7;0;1;1;0;1
202200013923;789 283;2;0;2;1;1;1
202200013923;789 284;7;0;2;5;26;1
202200013924;789 282;33;0;0;2;0;1
202200013925;789 280;7;13;0;3;1;1
202200013926;789 281;7;2;0;3;13;1
202200013927;789 278;7;0;2;1;2;1
202200013927;789 279;1;0;2;4;2;5
202200013928;789 276;1;0;2;1;1;5
202200013928;789 277;13;0;2;3;15;1
202200013929;789 274;2;0;2;7;1;1
202200013929;789 275;7;0;2;1;19;1
202200013930;789 273;7;13;0;1;13;1
202200013931;789 272;7;9;1;3;1;1
202200013932;789 271;7;1;0;1;13;2
202200013933;789 270;7;0;1;2;1;1
202200013934;789 269;7;2;0;1;16;1
202200013935;789 267;7;0;1;3;1;1
202200013936;789 266;7;0;2;3;15;3
202200013936;789 268;33;0;2;1;1;1
202200013937;789 265;7;3;0;1;1;1
202200013938;789 262;7;0;2;1;23;3
202200013938;789 264;15;1;0;5;26;1
202200013939;789 261;10;0;9;1;1;1
202200013939;789 263;1;0;2;1;1;5
202200013940;789 260;10;8;0;1;1;1
202200013941;789 258;2;0;2;1;1;1
202200013941;789 259;10;0;2;4;23;1
202200013942;789 256;7;0;2;1;1;1
202200013942;789 257;7;0;2;2;13;1
202200013943;789 255;7;2;0;1;1;1
202200013944;789 254;10;4;0;3;1;1
202200013945;789 252;1;0;2;8;2;5
202200013945;789 253;7;0;2;7;13;1
202200013946;789 250;80;0;2;1;1;3
202200013946;789 251;7;0;9;2;9;1
202200013947;789 249;36;6;0;1;1;0
202200013948;789 246;10;0;0;6;1;1
202200013948;789 247;33;0;2;1;1;1
202200013949;789 245;33;6;0;8;0;1
202200013950;789 244;17;0;2;5;24;1
202200013950;789 248;7;1;0;1;1;1
202200013951;789 242;7;0;2;1;1;1
202200013951;789 243;2;0;2;1;13;1
202200013952;789 239;7;14;9;1;1;6
202200013953;789 237;7;0;2;6;11;1
202200013953;789 241;33;0;2;2;1;1
202200013954;789 234;7;0;2;6;21;3
202200013954;789 235;7;4;2;4;1;1
202200013954;789 236;7;4;2;4;0;1
202200013954;789 238;10;0;2;4;2;1
202200013954;789 240;10;0;2;1;0;1
202200013955;789 232;7;13;0;3;13;1
202200013956;789 230;7;0;2;1;1;1
202200013956;789 233;7;15;0;3;1;1
202200013957;789 227;7;0;2;1;2;2
202200013957;789 228;7;0;2;4;2;1
202200013957;789 229;10;0;2;1;2;1
202200013957;789 231;7;0;2;1;2;1
202200013958;789 224;7;0;2;1;1;1
202200013958;789 226;7;0;2;4;2;1
202200013959;789 222;7;0;0;4;26;1
202200013960;789 219;32;0;2;7;3;1
202200013960;789 221;33;0;2;8;11;1
202200013961;789 220;33;0;6;1;1;1
202200013962;789 217;33;0;2;7;3;1
202200013962;789 218;7;0;2;8;17;1
202200013963;789 216;7;0;1;2;1;1
202200013964;789 215;80;0;1;5;2;3
202200013965;789 214;33;17;0;1;1;1
202200013966;789 211;33;0;2;1;19;1
202200013966;789 212;15;0;2;2;19;1
202200013967;789 209;7;0;2;3;1;1
202200013967;789 213;7;0;2;3;15;1
202200013968;789 210;10;3;0;7;14;1
202200013969;789 207;31;0;2;1;0;0
202200013969;789 208;50;0;2;1;0;3
202200013970;789 204;7;0;2;1;9;1
202200013970;789 206;37;0;2;7;1;1
202200013971;789 203;17;0;0;6;1;1
202200013971;789 205;7;0;2;2;3;1
202200013972;789 202;0;0;1;0;1;0
202200013973;789 199;14;0;0;6;1;1
202200013973;789 201;7;3;1;1;1;1
202200013974;789 198;7;0;2;3;1;1
202200013974;789 200;32;0;2;1;0;1
202200013975;789 197;7;0;0;0;0;1
202200013976;789 194;7;0;2;1;2;1
202200013976;789 195;7;0;2;4;2;1
202200013976;789 196;7;0;2;4;2;1
202200013977;789 191;7;0;2;8;9;1
202200013977;789 193;37;0;2;3;1;1
202200013978;789 192;37;0;1;2;14;1
202200013979;789 189;7;16;0;6;11;1
202200013979;789 190;7;0;2;2;17;1
202200013980;789 186;1;14;2;4;2;5
202200013980;789 188;7;0;9;1;2;1
202200013981;789 185;7;0;2;3;26;3
202200013981;789 187;50;0;2;0;6;3
202200013982;789 183;99;0;0;0;2;6
202200013983;789 180;31;5;0;1;13;1
202200013984;789 179;7;0;2;2;7;2
202200013984;789 182;7;0;2;3;9;1
202200013985;789 181;7;0;1;2;15;1
202200013986;789 174;30;0;2;7;17;1
202200013986;789 177;7;0;2;8;19;1
202200013987;789 175;33;0;2;1;1;1
202200013987;789 178;7;0;2;2;19;1
202200013988;789 173;10;0;2;1;1;1
202200013988;789 176;7;0;2;3;15;1
202200013989;789 171;7;0;1;1;1;0
202200013990;789 168;1;0;0;0;0;5
202200013991;789 167;10;0;2;4;23;1
202200013991;789 169;7;0;2;6;23;1
202200013991;789 172;7;0;2;2;17;1
202200013992;789 165;7;0;2;1;11;1
202200013992;789 166;3;0;2;3;1;1
202200013992;789 170;15;0;2;3;1;1
202200013993;789 161;7;0;1;2;16;1
202200013994;789 160;50;1;2;8;19;3
202200013994;789 163;7;1;2;1;1;1
202200013995;789 159;7;13;0;1;1;2
202200013996;789 158;7;0;1;1;26;1
202200013997;789 155;14;0;2;7;0;1
202200013997;789 157;7;0;2;8;0;1
202200013998;789 156;7;0;1;2;16;1
202200013999;789 153;7;0;1;3;1;1
202200014000;789 152;7;0;2;1;2;1
202200014000;789 154;7;0;2;4;1;1
202200014001;789 149;7;4;0;2;1;1
202200014002;789 150;7;0;1;1;1;1
202200014003;789 148;2;0;2;8;1;1
202200014003;789 151;2;0;2;7;14;0
202200014004;789 147;7;0;1;1;1;1
202200014005;789 144;7;0;2;2;1;1