Num_Acc;id_vehicule;categorie_vehicule;obstacle_fixe;obstacle_mobile;point_choc_initial;manoeuvre_principale;motorisation
202200014005;789 146;7;0;2;3;1;3
202200014006;789 143;7;0;2;3;15;1
202200014006;789 145;1;0;2;1;1;5
202200014007;789 141;33;0;2;2;15;1
202200014007;789 142;32;0;2;1;1;0
202200014008;789 139;7;0;2;4;2;1
202200014008;789 140;33;0;2;1;2;1
202200014009;789 136;50;0;2;1;25;3
202200014009;789 138;10;0;2;1;16;1
202200014010;789 133;7;0;2;1;2;1
202200014010;789 135;7;0;2;4;2;1
202200014010;789 137;7;0;2;4;2;1
202200014011;789 128;10;0;2;0;0;0
202200014011;789 131;7;0;2;6;11;1
202200014011;789 134;7;0;2;7;1;1
202200014012;789 129;7;0;0;1;1;1
202200014012;789 132;1;0;2;1;15;5
202200014013;789 127;7;0;2;3;26;1
202200014013;789 130;33;0;2;3;1;1
202200014014;789 126;7;0;0;1;13;1
202200014015;789 123;30;0;2;1;0;1
202200014015;789 125;7;0;2;3;15;1
202200014016;789 122;7;0;2;4;2;1
202200014016;789 124;31;0;2;4;2;1
202200014017;789 118;7;0;2;4;2;1
202200014017;789 119;7;0;2;1;2;1
202200014017;789 121;7;0;2;1;2;1
202200014018;789 117;32;0;2;2;2;1
202200014018;789 120;7;0;2;6;0;2
202200014019;789 111;43;0;2;1;1;1
202200014019;789 114;7;0;2;1;1;1
202200014020;789 112;7;0;2;1;2;1
202200014020;789 113;7;0;2;4;2;1
202200014020;789 116;7;0;2;4;2;1
202200014021;789 109;7;0;2;1;1;1
202200014021;789 110;7;0;2;4;0;1
202200014021;789 115;7;0;2;4;1;1
202200014022;789 107;7;0;2;4;23;1
202200014022;789 108;7;0;2;1;2;1
202200014023;789 104;7;0;2;4;2;1
202200014023;789 105;7;0;2;1;2;1
202200014024;789 103;7;0;2;8;1;1
202200014024;789 106;7;0;2;1;1;1
202200014025;789 101;7;3;0;2;14;1
202200014026;789 100;7;0;0;2;2;1
202200014026;789 102;1;1;0;4;2;5
202200014027;789 094;1;0;2;0;16;5
202200014027;789 098;7;0;2;0;9;1
202200014028;789 093;7;6;0;2;1;1
202200014029;789 089;7;13;0;2;1;1
202200014030;789 088;7;0;1;3;1;1
202200014031;789 085;33;13;0;1;1;1
202200014032;789 084;1;0;2;3;1;5
202200014032;789 086;7;0;2;1;15;1
202200014033;789 083;7;0;2;1;1;1
202200014033;789 087;7;0;2;7;15;2
202200014034;789 077;7;4;2;5;1;1
202200014034;789 080;7;0;2;8;1;1
202200014034;789 082;7;4;2;3;12;1
202200014035;789 076;7;0;2;1;1;1
202200014035;789 079;7;0;2;2;26;1
202200014036;789 075;7;0;2;1;2;1
202200014036;789 078;7;0;0;4;23;1
202200014036;789 081;7;0;2;4;23;1
202200014037;789 072;7;0;1;1;15;1
202200014038;789 071;7;0;0;3;15;1
202200014038;789 073;2;0;2;1;17;1
202200014039;789 069;7;13;0;1;1;1
202200014040;789 067;7;0;2;8;15;1
202200014040;789 070;33;0;2;1;1;0
202200014041;789 063;7;12;0;1;26;1
202200014042;789 062;7;16;0;3;23;1
202200014042;789 065;33;16;2;8;1;1
202200014043;789 061;1;0;2;1;16;5
202200014043;789 064;10;0;2;3;1;1
202200014044;789 059;7;14;0;1;2;1
202200014045;789 058;7;0;2;5;0;1
202200014045;789 060;30;1;2;1;1;1
202200014046;789 055;7;0;1;2;26;1
202200014046;789 057;7;0;2;1;1;0
202200014047;789 053;7;0;2;8;19;1
202200014047;789 056;33;0;2;1;1;1
202200014048;789 052;7;0;2;3;15;1
202200014048;789 054;7;0;2;2;1;1
202200014049;789 049;10;0;2;1;0;6
202200014049;789 051;7;0;2;1;26;0
202200014050;789 047;33;0;2;3;9;1
202200014050;789 050;7;1;0;3;0;0
202200014051;789 048;33;0;0;8;15;1
202200014052;789 046;7;9;0;1;1;1
202200014053;789 041;7;9;2;7;1;2
202200014053;789 044;7;9;2;1;1;1
202200014054;789 042;7;0;2;1;1;2
202200014054;789 043;10;0;2;8;9;1
202200014055;789 037;1;0;2;1;19;5
202200014055;789 038;7;0;2;7;1;1
202200014056;789 035;2;0;1;1;1;1
202200014057;789 034;2;12;0;2;14;1
202200014058;789 033;7;0;2;2;1;1
202200014058;789 036;2;0;2;1;26;1
202200014059;789 030;30;0;2;4;2;1
202200014059;789 032;30;0;2;1;2;1
202200014060;789 028;32;0;1;0;16;0
202200014061;789 029;1;0;2;0;19;5
202200014061;789 031;7;0;2;4;4;1
202200014062;789 023;30;0;2;8;18;1
202200014062;789 027;7;0;9;2;9;1
202200014063;789 022;7;0;2;1;1;1
202200014063;789 024;7;0;2;4;1;1
202200014063;789 026;7;0;2;4;1;1
202200014064;789 021;7;0;2;7;15;1
202200014064;789 025;33;0;2;1;1;1
202200014065;789 017;33;12;0;1;1;1
202200014066;789 019;30;0;2;7;1;1
202200014066;789 020;7;0;2;3;11;1
202200014067;789 016;10;0;2;8;9;1
202200014067;789 018;33;0;2;1;1;0
202200014068;789 015;30;0;0;0;0;1
202200014069;789 013;10;1;0;4;2;1
202200014069;789 014;33;1;0;4;9;1
202200014070;789 011;7;0;1;1;1;1
202200014071;789 009;7;0;2;7;2;1
202200014071;789 012;7;0;2;1;9;1
202200014072;789 007;7;0;2;6;9;3
202200014072;789 010;33;0;2;1;0;1
202200014073;789 006;10;0;2;3;0;1
202200014073;789 008;30;0;2;3;17;1
202200014074;789 003;7;0;2;2;15;1
202200014074;789 005;32;0;2;1;1;1
202200014075;789 000;7;0;2;3;1;1
202200014075;789 001;7;0;2;3;13;1
202200014076;789 002;7;0;2;6;1;1
202200014076;789 004;30;0;2;1;13;1
202200014077;788 998;3;0;2;3;1;0
202200014077;788 999;3;0;2;3;1;0
202200014078;788 996;33;12;2;1;1;1
202200014078;788 997;7;12;2;2;15;1
202200014079;788 995;37;0;1;2;16;0
202200014080;788 993;7;0;2;1;15;1
202200014080;788 994;7;0;2;1;1;1
202200014081;788 990;7;0;9;1;9;1
202200014081;788 992;1;0;2;7;1;5
202200014082;788 991;99;3;5;1;14;1
202200014083;788 988;7;0;2;6;19;1
202200014083;788 989;7;0;2;1;0;1
202200014084;788 986;30;5;0;3;13;1
202200014085;788 983;33;0;2;3;2;1
202200014085;788 985;7;0;2;3;1;1
202200014085;788 987;7;0;2;3;17;1
202200014086;788 982;7;0;2;7;1;1
202200014086;788 984;50;0;2;2;1;3
202200014087;788 981;1;0;1;9;21;5
202200014088;788 977;7;0;1;1;23;1
202200014088;788 979;7;0;2;1;2;1
202200014089;788 976;7;0;2;4;23;3
202200014089;788 978;7;0;2;1;2;1
202200014090;788 973;7;0;2;1;17;1
202200014090;788 975;7;0;2;1;1;1
202200014091;788 972;7;0;2;1;14;3
202200014091;788 974;1;0;2;4;1;5
202200014092;788 970;7;8;0;9;1;1
202200014093;788 969;33;0;2;1;1;1
202200014093;788 971;1;0;2;7;19;5
202200014094;788 967;30;0;2;1;2;3
202200014094;788 968;7;0;2;5;4;2
202200014095;788 965;7;0;1;1;9;1
202200014096;788 962;7;0;2;1;2;1
202200014096;788 964;7;0;2;4;2;1
202200014096;788 966;7;0;2;4;2;2
202200014097;788 960;50;0;2;8;1;3
202200014097;788 963;7;0;2;3;1;1
202200014098;788 956;7;8;0;1;13;1
202200014099;788 954;7;0;0;0;0;1
202200014099;788 957;1;0;2;0;21;5
202200014100;788 953;7;0;2;5;23;1
202200014100;788 955;7;0;2;3;21;1
202200014100;788 958;7;0;2;1;2;1
202200014101;788 949;50;0;2;0;1;3
202200014101;788 951;7;0;2;8;1;1
202200014102;788 952;80;0;0;1;1;3
202200014103;788 948;32;0;2;1;1;1
202200014103;788 950;10;0;2;3;15;1
202200014104;788 945;7;0;2;4;2;1
202200014104;788 947;7;0;2;1;2;1
202200014105;788 943;1;0;1;2;1;5
202200014106;788 944;1;0;2;4;2;5
202200014106;788 946;1;0;2;1;2;5
202200014107;788 941;7;0;2;3;15;1
202200014107;788 942;33;0;2;7;17;1
202200014108;788 939;34;0;2;1;1;1
202200014108;788 940;1;0;2;8;1;5
202200014109;788 937;7;0;2;8;9;1
202200014109;788 938;33;0;2;7;1;1
202200014110;788 936;7;0;1;2;1;1
202200014111;788 934;7;0;2;6;19;1
202200014111;788 935;2;0;2;1;1;1
202200014112;788 932;32;0;2;1;1;1
202200014112;788 933;10;0;2;8;1;1
202200014113;788 930;31;12;0;0;26;1
202200014113;788 931;7;0;0;2;26;1
202200014114;788 927;7;0;2;4;23;2
202200014114;788 929;7;0;2;4;2;1
202200014115;788 926;32;0;2;5;26;1
202200014115;788 928;7;0;2;3;15;1
202200014116;788 923;2;0;2;8;1;1
202200014116;788 925;7;0;2;3;15;1
202200014117;788 922;2;0;2;7;1;1
202200014117;788 924;7;0;2;1;15;1
202200014118;788 921;7;0;1;3;12;2
202200014119;788 919;7;0;2;1;2;1
202200014119;788 920;7;0;2;4;2;1
202200014120;788 918;7;0;1;1;1;3
202200014121;788 917;31;0;1;1;1;1
202200014122;788 915;7;0;2;1;9;1
202200014122;788 916;1;0;2;0;1;5
202200014123;788 913;7;0;2;1;16;1
202200014123;788 914;1;0;2;7;1;5
202200014124;788 911;7;0;2;1;13;1
202200014124;788 912;7;0;2;1;1;1
202200014125;788 910;1;8;0;7;25;5
202200014126;788 908;7;0;2;1;15;1
202200014126;788 909;33;0;2;0;0;1
202200014127;788 906;1;0;2;1;2;5
202200014127;788 907;1;0;2;4;2;5
202200014128;788 904;7;0;2;3;13;1
202200014128;788 905;7;0;2;3;1;1
202200014129;788 901;1;0;2;7;23;5
202200014129;788 903;1;0;2;8;14;5
202200014130;788 900;7;0;2;8;1;1
202200014130;788 902;7;0;2;1;15;1
202200014131;788 899;1;0;0;0;5;5
202200014132;788 898;7;0;1;4;26;1
202200014133;788 897;7;0;1;1;1;1
202200014134;788 895;7;0;2;1;1;1
202200014134;788 896;31;0;2;0;1;1
202200014135;788 894;7;0;1;2;19;1
202200014136;788 891;2;0;2;2;17;1
202200014136;788 892;7;0;2;0;0;1
202200014137;788 890;32;0;2;1;1;1
202200014137;788 893;7;0;2;5;15;1
202200014138;788 887;7;0;2;3;20;1
202200014138;788 889;50;0;2;1;1;3
202200014139;788 886;7;0;2;1;1;1
202200014139;788 888;33;0;2;3;1;1
202200014140;788 884;7;6;0;0;26;1
202200014141;788 883;7;0;2;2;2;1
202200014141;788 885;7;0;2;5;20;1
202200014142;788 881;31;0;0;3;18;1
202200014143;788 880;33;0;2;0;1;1
202200014143;788 882;7;0;0;0;15;1
202200014144;788 877;50;9;2;1;19;3
202200014144;788 879;7;0;2;1;0;1
202200014145;788 873;10;1;0;6;14;1
202200014145;788 875;7;1;0;2;14;1
202200014146;788 874;7;0;1;3;1;1
202200014147;788 872;31;8;0;9;1;1
202200014148;788 870;7;0;2;0;0;1
202200014148;788 871;33;0;2;0;0;1
202200014149;788 868;7;0;2;3;1;1
202200014149;788 869;7;;2;;0;
202200014150;788 867;43;0;1;1;1;1
202200014151;788 865;10;0;2;1;19;1
202200014151;788 866;1;0;2;8;19;5
202200014152;788 864;7;0;1;3;1;1
202200014153;788 863;7;0;1;8;1;1
202200014154;788 862;7;0;1;0;26;1
202200014155;788 860;7;0;2;3;15;1
202200014155;788 861;34;0;2;3;1;1
202200014156;788 859;31;0;0;7;1;1
202200014157;788 856;7;0;2;1;1;1
202200014157;788 858;7;0;2;4;1;1
202200014158;788 855;7;0;2;3;19;0
202200014158;788 857;7;0;2;1;26;1
202200014159;788 853;30;0;2;8;1;3
202200014159;788 854;7;0;2;1;1;2
202200014160;788 850;1;0;9;7;1;5
202200014160;788 852;50;0;9;1;9;3
202200014161;788 851;43;0;1;1;1;1
202200014162;788 847;7;0;2;2;1;1
202200014162;788 849;31;0;2;1;9;1
202200014163;788 848;7;0;1;4;4;2
202200014164;788 844;32;0;2;2;1;1
202200014164;788 846;7;0;2;3;10;1
202200014165;788 843;10;0;2;7;15;1
202200014165;788 845;80;0;2;1;1;3
202200014166;788 841;32;0;2;1;1;1
202200014166;788 842;10;0;2;4;1;1
202200014167;788 840;7;0;1;1;1;2
202200014168;788 838;33;0;0;7;16;1
202200014169;788 837;1;0;2;1;1;5
202200014169;788 839;7;0;2;4;1;1
202200014170;788 834;2;0;2;4;23;1
202200014170;788 836;7;0;2;1;1;1
202200014171;788 833;7;0;2;3;1;1
202200014171;788 835;2;0;2;1;1;1
202200014172;788 832;7;0;1;4;20;2
202200014173;788 830;50;0;2;1;1;3
202200014173;788 831;7;0;2;8;22;1
202200014174;788 828;7;0;2;1;1;1
202200014174;788 829;7;0;2;8;19;1
202200014175;788 826;2;0;2;8;1;1
202200014175;788 827;7;0;2;1;10;1
202200014176;788 825;13;0;1;5;26;1
202200014177;788 823;10;0;2;1;15;2
202200014177;788 824;33;0;2;1;1;1
202200014178;788 819;7;1;0;2;14;2
202200014179;788 820;7;0;2;3;1;1
202200014179;788 821;2;0;2;1;13;1
202200014179;788 822;15;0;2;8;1;1
202200014180;788 816;43;0;2;1;1;1
202200014180;788 818;1;0;2;8;15;5
202200014181;788 815;7;0;2;2;1;1
202200014181;788 817;21;0;2;4;1;1
202200014182;788 813;33;0;6;1;1;1
202200014183;788 812;1;0;2;1;1;5
202200014183;788 814;10;0;2;7;16;1
202200014184;788 811;33;0;0;9;13;1
202200014185;788 810;10;0;1;1;15;1
202200014186;788 809;2;0;0;8;1;1
202200014187;788 808;7;0;1;2;4;2
202200014188;788 805;7;0;2;2;13;1
202200014188;788 807;10;0;2;2;1;1
202200014189;788 804;2;0;2;5;17;3
202200014189;788 806;7;0;2;1;11;1
202200014190;788 800;7;0;2;3;1;1
202200014190;788 803;21;0;2;1;13;1
202200014191;788 801;30;0;2;0;17;0
202200014191;788 802;30;0;2;7;1;1
202200014192;788 796;7;0;1;4;4;1
202200014193;788 797;38;0;0;6;1;1
202200014193;788 798;10;0;0;3;1;1
202200014193;788 799;2;0;2;3;17;1
202200014194;788 794;7;0;0;0;1;1
202200014195;788 793;1;0;2;2;15;5
202200014195;788 795;1;0;2;1;1;5
202200014196;788 792;7;2;0;3;17;1
202200014197;788 789;7;3;0;3;13;1
202200014198;788 790;1;0;2;6;1;5
202200014198;788 791;7;0;9;2;9;1
202200014199;788 788;7;0;0;9;1;1
202200014200;788 786;1;0;2;1;1;5
202200014200;788 787;7;0;9;7;15;1
202200014201;788 783;7;0;2;3;13;1
202200014201;788 785;7;0;2;3;0;1
202200014202;788 781;7;0;0;9;1;1
202200014203;788 779;7;0;2;3;24;1
202200014203;788 780;7;0;2;3;11;1
202200014203;788 782;33;0;2;1;1;1
202200014204;788 777;2;14;0;1;1;1
202200014204;788 778;10;8;0;1;1;1
202200014205;788 776;7;0;1;3;2;1
202200014206;788 775;7;0;1;1;16;3
202200014207;788 774;7;3;0;8;1;1
202200014208;788 770;34;1;2;3;17;1
202200014208;788 772;7;0;2;5;15;1
202200014209;788 769;10;0;2;8;2;1
202200014209;788 771;15;0;2;3;2;1
202200014209;788 773;10;0;2;3;17;1
202200014210;788 768;7;0;0;2;1;1
202200014211;788 767;7;0;1;1;1;1
202200014212;788 762;43;0;2;1;3;1
202200014212;788 764;7;0;2;3;15;1
202200014213;788 761;7;0;0;0;19;1
202200014213;788 763;1;0;2;1;1;5
202200014213;788 765;1;0;9;1;1;5
202200014213;788 766;1;0;2;1;1;5
202200014214;788 758;7;0;2;4;2;1
202200014214;788 760;7;0;2;1;16;1
202200014215;788 757;7;0;2;3;1;1
202200014215;788 759;2;0;2;1;13;1
202200014216;788 754;50;0;2;7;1;3
202200014216;788 756;7;0;9;3;1;1
202200014217;788 753;1;0;2;4;1;5
202200014217;788 755;7;0;2;2;1;1
202200014218;788 752;2;1;1;8;1;3
202200014219;788 750;7;0;2;1;1;1
202200014219;788 751;7;0;2;7;13;1
202200014220;788 749;50;1;0;1;1;3
202200014221;788 748;7;6;1;2;14;1
202200014222;788 747;7;0;1;7;1;1
202200014223;788 745;7;0;1;2;1;1
202200014224;788 741;7;0;9;3;1;1
202200014224;788 743;50;0;2;0;16;3
202200014225;788 740;7;0;2;5;1;2
202200014225;788 742;33;0;2;1;3;1
202200014226;788 739;33;0;0;0;0;1
202200014227;788 738;17;16;0;0;1;1
202200014228;788 736;7;0;2;3;1;1
202200014228;788 737;7;0;2;3;1;1
202200014229;788 735;7;0;1;6;4;1
202200014230;788 734;7;6;0;8;1;1
202200014231;788 733;33;4;0;3;1;1
202200014232;788 731;7;0;0;1;1;1
202200014232;788 732;7;0;2;3;9;1
202200014233;788 730;33;0;0;0;1;1
202200014234;788 729;7;8;0;1;14;1
202200014235;788 727;33;0;0;8;1;1
202200014236;788 728;7;0;1;2;21;1
202200014237;788 726;7;0;1;4;4;1
202200014238;788 722;33;0;2;1;26;1
202200014238;788 724;7;0;2;2;15;1
202200014239;788 723;7;4;2;4;1;1
202200014239;788 725;7;4;2;1;0;1
202200014240;788 721;10;2;0;1;1;1
202200014241;788 715;7;0;0;8;1;1
202200014241;788 717;7;0;0;8;1;1
202200014241;788 719;7;0;0;4;1;1
202200014241;788 720;7;0;2;7;14;1
202200014242;788 716;7;0;1;3;1;1
202200014243;788 714;33;3;0;3;1;1
202200014244;788 713;7;0;1;4;20;1
202200014245;788 712;10;5;0;1;1;1
202200014246;788 711;7;0;0;9;1;3
202200014247;788 705;17;0;2;0;0;1
202200014247;788 706;10;0;2;0;0;1
202200014247;788 707;7;0;2;0;0;1
202200014247;788 709;14;0;2;0;0;1
202200014247;788 710;14;0;2;0;0;1
202200014248;788 704;33;0;0;8;1;1
202200014248;788 708;21;0;0;0;15;1
202200014249;788 701;7;0;1;1;9;1
202200014250;788 693;7;0;1;2;1;1
202200014251;788 691;7;0;2;2;3;1
202200014251;788 692;7;0;2;3;1;1
202200014251;788 694;10;0;2;8;1;1
202200014251;788 695;7;0;2;7;1;1
202200014251;788 696;7;0;2;8;1;1
202200014251;788 697;7;0;2;8;1;1
202200014251;788 699;7;0;2;5;1;1
202200014251;788 700;7;0;2;7;1;1
202200014251;788 702;10;0;2;7;1;1
202200014251;788 703;7;0;2;6;1;1
202200014252;788 689;30;0;0;7;16;1
202200014252;788 690;7;0;2;3;26;1
202200014253;788 688;7;0;1;3;1;1
202200014254;788 685;1;0;2;8;1;5
202200014254;788 687;7;0;2;1;15;1
202200014255;788 683;7;1;2;3;16;1
202200014255;788 684;3;0;2;4;26;1
202200014255;788 686;7;0;2;2;1;1
202200014256;788 682;7;16;0;9;1;1
202200014257;788 680;7;0;2;1;1;1
202200014257;788 681;7;0;2;1;1;1
202200014258;788 677;31;0;2;1;1;1
202200014258;788 678;7;0;0;8;9;1
202200014259;788 676;7;0;9;3;18;1
202200014259;788 679;1;0;2;4;17;5
202200014260;788 673;7;0;2;4;1;1
202200014260;788 674;7;0;2;9;1;1
202200014261;788 669;80;0;2;1;1;3
202200014261;788 671;7;0;2;8;15;1
202200014262;788 668;2;0;2;2;1;1
202200014262;788 670;13;0;2;1;1;1
202200014263;788 667;1;0;9;0;21;5
202200014264;788 665;7;0;1;3;19;1
202200014265;788 664;7;0;2;2;13;1
202200014265;788 666;7;0;2;1;1;1
202200014266;788 661;7;0;0;8;15;1
202200014266;788 662;80;0;2;1;1;3
202200014267;788 660;7;0;2;1;1;1
202200014267;788 663;7;1;2;1;1;1
202200014268;788 657;7;13;0;3;9;1
202200014268;788 659;15;0;2;1;2;1
202200014269;788 656;7;0;2;3;0;1
202200014269;788 658;7;0;2;3;0;1
202200014270;788 653;30;0;2;1;1;1
202200014270;788 655;7;0;2;3;1;1
202200014271;788 652;7;0;2;3;22;1
202200014271;788 654;1;1;0;1;1;5
202200014272;788 651;33;12;0;7;16;1
202200014273;788 649;32;0;2;1;1;1
202200014273;788 650;7;0;2;1;15;1
202200014274;788 648;7;0;0;1;1;3
202200014275;788 647;37;0;0;0;21;1
202200014276;788 644;7;0;2;1;1;1
202200014276;788 646;7;0;0;8;1;1
202200014277;788 643;7;0;2;1;15;1
202200014277;788 645;33;0;2;1;1;1
202200014278;788 641;21;0;2;6;1;1
202200014278;788 642;2;0;2;3;1;1
202200014279;788 639;30;0;2;8;2;1
202200014279;788 640;38;0;2;8;16;1
202200014280;788 636;7;0;2;2;15;1
202200014280;788 638;33;0;2;2;1;1
202200014281;788 631;2;0;0;1;26;1
202200014281;788 633;7;0;0;5;23;6
202200014282;788 632;14;0;2;3;1;0
202200014282;788 634;1;0;0;3;1;5
202200014283;788 629;7;0;0;1;2;1
202200014284;788 627;15;0;1;8;26;1
202200014285;788 625;50;0;2;1;2;3
202200014285;788 626;7;0;2;1;15;1
202200014286;788 624;7;3;0;1;1;1
202200014287;788 622;33;0;2;2;0;0
202200014287;788 623;7;0;2;0;0;1
202200014288;788 621;7;0;0;9;13;1
202200014289;788 620;7;0;1;2;15;1
202200014290;788 619;7;4;1;2;14;1
202200014291;788 617;7;0;2;2;14;1
202200014291;788 618;33;0;0;8;1;1
202200014292;788 616;7;0;1;1;19;3
202200014293;788 613;17;0;2;1;1;1
202200014293;788 614;7;0;2;1;13;1
202200014294;788 610;7;0;2;3;15;1
202200014294;788 612;1;0;2;1;1;5
202200014295;788 608;7;0;2;1;2;1
202200014295;788 609;7;0;2;4;1;1
202200014295;788 611;7;0;2;4;2;1
202200014296;788 605;1;0;2;1;1;5
202200014296;788 607;10;0;2;2;16;1
202200014297;788 603;7;0;2;4;23;1
202200014297;788 604;15;0;2;4;23;1
202200014297;788 606;15;0;2;1;1;1
202200014298;788 600;33;0;0;7;26;1
202200014299;788 601;1;0;2;4;1;5
202200014299;788 602;7;0;2;1;1;0
202200014300;788 599;33;0;0;0;13;1
202200014301;788 597;2;1;0;1;1;1
202200014301;788 598;7;0;2;6;24;1
202200014302;788 595;7;0;2;3;1;1
202200014302;788 596;7;0;2;3;1;2
202200014303;788 592;33;0;2;2;1;1
202200014303;788 594;10;0;2;3;15;1
202200014304;788 591;7;0;2;3;1;1
202200014304;788 593;33;0;2;8;17;1
202200014305;788 589;7;0;2;2;1;1
202200014305;788 590;50;0;2;1;19;3
202200014306;788 587;1;0;2;1;1;5
202200014306;788 588;7;0;2;1;13;1
202200014307;788 586;7;0;1;8;1;2
202200014308;788 585;7;0;1;1;1;1
202200014309;788 582;7;0;2;3;15;1
202200014309;788 584;33;0;2;1;1;1
202200014310;788 581;2;0;2;8;1;1
202200014310;788 583;7;0;2;3;15;1
202200014311;788 579;7;0;9;7;2;1
202200014311;788 580;1;0;2;8;2;5
202200014312;788 577;30;0;9;8;15;1
202200014312;788 578;2;0;9;1;1;1
202200014313;788 574;7;0;2;3;16;1
202200014313;788 576;7;0;2;3;1;1
202200014314;788 573;7;0;2;8;15;1
202200014314;788 575;33;0;2;7;17;1
202200014315;788 572;1;11;0;0;0;5
202200014316;788 570;2;0;2;1;1;1
202200014316;788 571;10;0;2;2;15;1
202200014317;788 568;10;0;2;3;1;1
202200014317;788 569;2;0;2;1;13;1
202200014318;788 566;32;0;2;7;1;1
202200014318;788 567;7;0;2;3;11;1
202200014319;788 565;33;13;0;1;0;1
202200014320;788 563;1;0;0;1;1;5
202200014321;788 562;7;0;2;1;26;0
202200014321;788 564;7;0;2;8;16;1
202200014322;788 561;7;4;0;0;2;1
202200014323;788 560;7;0;1;1;15;2
202200014324;788 558;10;0;1;4;20;1
202200014325;788 557;7;3;2;4;0;0
202200014325;788 559;7;0;2;1;2;6
202200014326;788 552;10;14;0;0;1;1
202200014326;788 554;10;0;2;3;2;1
202200014326;788 556;15;0;2;6;2;1
202200014327;788 553;7;0;2;1;2;1
202200014327;788 555;7;0;2;4;2;1
202200014328;788 550;17;0;2;1;2;1
202200014328;788 551;17;0;2;4;2;1
202200014329;788 548;7;0;2;2;15;1
202200014329;788 549;2;0;2;1;1;1
202200014330;788 547;38;4;0;8;0;1
202200014331;788 544;10;0;2;1;15;1
202200014331;788 546;1;0;2;1;1;5
202200014332;788 543;7;4;2;1;1;1
202200014332;788 545;7;4;2;4;1;1
202200014333;788 540;7;0;2;1;15;1
202200014333;788 542;1;0;2;8;8;5
202200014334;788 539;10;0;2;2;1;1
202200014334;788 541;34;0;2;1;3;1
202200014335;788 535;7;0;2;4;2;1
202200014335;788 537;10;0;2;1;2;1
202200014336;788 536;7;0;2;4;23;1
202200014336;788 538;7;0;2;1;1;1
202200014337;788 533;7;1;0;2;1;1
202200014338;788 529;10;0;2;1;2;0
202200014338;788 531;13;0;2;1;0;0
202200014338;788 532;7;0;2;4;2;0
202200014338;788 534;7;0;2;4;2;0
202200014339;788 528;7;0;2;7;1;1
202200014339;788 530;50;0;2;1;1;3
202200014340;788 525;43;0;2;2;26;1
202200014340;788 526;7;0;2;8;11;1
202200014341;788 524;7;0;2;3;19;1
202200014341;788 527;7;0;2;2;1;1
202200014342;788 520;33;0;2;0;0;1
202200014342;788 522;10;0;2;2;0;1
202200014342;788 523;7;0;2;4;1;1
202200014343;788 519;1;0;2;1;1;5
202200014343;788 521;7;0;2;4;1;1
202200014344;788 516;34;0;2;4;1;1
202200014344;788 517;7;0;2;2;0;1
202200014344;788 518;10;0;2;4;1;1
202200014345;788 513;7;3;0;1;21;1
202200014346;788 514;7;0;2;3;1;1
202200014346;788 515;7;0;2;1;1;1
202200014347;788 510;33;0;2;2;3;1
202200014347;788 512;7;0;2;8;11;1
202200014348;788 507;34;0;2;3;9;1
202200014348;788 509;7;0;2;5;12;1
202200014349;788 508;7;0;0;0;15;1
202200014349;788 511;2;0;0;0;1;1
202200014350;788 505;7;0;2;1;2;1
202200014350;788 506;7;0;2;5;2;1
202200014351;788 503;7;15;2;0;15;1
202200014351;788 504;2;0;2;0;1;1
202200014352;788 501;15;0;2;5;12;6
202200014352;788 502;7;0;2;0;0;1
202200014353;788 500;7;0;1;1;19;1
202200014354;788 499;60;0;2;0;0;5
202200014355;788 495;50;0;2;8;1;3
202200014355;788 497;10;0;2;0;0;0
202200014356;788 492;33;0;9;4;23;1
202200014356;788 493;7;0;2;1;16;1
202200014357;788 489;7;5;0;9;1;1
202200014358;788 487;7;0;2;1;9;1
202200014358;788 488;7;0;2;7;1;1
202200014359;788 486;7;0;1;4;26;1
202200014360;788 485;7;0;1;0;1;0
202200014361;788 483;1;0;2;7;0;5
202200014361;788 484;7;0;2;1;1;1
202200014362;788 479;7;0;2;3;15;1
202200014362;788 481;33;0;2;1;17;0
202200014363;788 480;7;0;2;1;2;1
202200014363;788 482;7;0;2;4;2;1
202200014364;788 477;7;0;0;0;0;0
202200014365;788 474;7;0;2;1;5;1
202200014365;788 478;2;0;2;4;5;1
202200014366;788 473;10;0;2;1;15;1
202200014366;788 475;7;0;2;1;2;1
202200014366;788 476;7;0;2;1;0;1
202200014367;788 471;7;0;2;1;5;1
202200014367;788 472;37;0;2;1;1;3
202200014368;788 470;7;0;1;2;9;1
202200014369;788 468;2;0;2;1;1;1
202200014369;788 469;7;0;2;6;23;1
202200014370;788 466;7;0;2;2;16;1
202200014370;788 467;1;0;2;3;15;5
202200014371;788 463;7;0;2;3;20;1
202200014371;788 464;2;0;2;7;1;1
202200014372;788 460;37;0;2;6;2;1
202200014372;788 461;7;1;0;2;14;1
202200014372;788 462;7;0;0;8;24;1
202200014373;788 458;10;0;2;1;1;1
202200014373;788 459;7;0;2;4;15;1
202200014374;788 456;7;0;2;3;5;1
202200014374;788 457;7;0;2;0;0;0
202200014375;788 454;7;0;2;4;1;1
202200014375;788 455;7;0;2;1;1;1
202200014376;788 451;7;0;2;1;2;1
202200014376;788 452;7;0;2;4;1;1
202200014376;788 453;7;0;2;4;1;1
202200014377;788 449;7;0;2;6;9;1
202200014377;788 450;31;0;2;1;1;1
202200014378;788 447;50;0;2;1;5;3
202200014378;788 448;7;0;9;3;2;1
202200014379;788 446;7;0;1;1;1;1
202200014380;788 444;7;0;2;3;0;1
202200014380;788 445;7;0;2;3;0;1
202200014381;788 443;7;5;1;1;26;1
202200014382;788 442;7;0;1;2;1;1
202200014383;788 440;33;0;2;1;2;1
202200014383;788 441;7;0;9;4;0;1
202200014384;788 438;7;0;9;3;1;1
202200014384;788 439;1;0;2;1;16;5
202200014385;788 437;7;2;0;0;0;1