Num_Acc;id_vehicule;categorie_vehicule;obstacle_fixe;obstacle_mobile;point_choc_initial;manoeuvre_principale;motorisation
202200014386;788 435;32;0;2;3;1;1
202200014386;788 436;33;0;2;2;12;1
202200014387;788 433;7;0;2;5;23;1
202200014387;788 434;30;0;2;1;1;1
202200014388;788 432;1;0;1;1;1;5
202200014389;788 430;7;0;2;1;15;3
202200014389;788 431;30;0;2;1;1;1
202200014390;788 428;10;0;2;2;1;1
202200014390;788 429;1;0;2;8;13;5
202200014391;788 426;7;0;2;0;13;2
202200014391;788 427;7;0;2;1;1;1
202200014392;788 425;33;6;0;0;1;1
202200014393;788 423;7;0;2;3;13;1
202200014393;788 424;2;0;2;3;1;1
202200014394;788 422;31;0;0;8;1;1
202200014395;788 421;2;6;0;2;0;1
202200014396;788 419;7;0;2;1;2;0
202200014396;788 420;2;0;2;4;2;1
202200014397;788 418;7;2;0;3;1;1
202200014398;788 417;2;0;1;1;1;1
202200014399;788 416;7;0;1;1;1;1
202200014400;788 415;7;2;0;8;13;1
202200014401;788 413;7;0;2;1;1;1
202200014401;788 414;7;0;2;1;13;1
202200014402;788 412;7;0;0;1;1;1
202200014403;788 411;7;7;0;0;2;1
202200014404;788 410;33;13;0;1;14;1
202200014405;788 408;1;0;2;3;5;5
202200014405;788 409;33;0;2;3;1;1
202200014406;788 406;7;0;2;1;5;1
202200014406;788 407;7;0;2;2;1;1
202200014407;788 405;7;13;0;7;1;1
202200014408;788 404;7;7;0;1;1;1
202200014409;788 403;33;7;0;1;1;1
202200014410;788 402;7;6;0;3;1;1
202200014411;788 400;7;0;2;1;13;1
202200014411;788 401;10;0;2;1;1;1
202200014412;788 399;10;0;1;3;1;1
202200014413;788 396;7;0;2;3;13;1
202200014413;788 397;7;0;2;3;1;1
202200014413;788 398;7;0;2;6;1;0
202200014414;788 394;7;0;2;3;13;1
202200014414;788 395;7;0;2;3;1;1
202200014415;788 392;7;0;0;9;1;1
202200014416;788 391;2;0;0;0;13;1
202200014417;788 390;33;2;0;9;1;1
202200014418;788 388;31;0;2;3;1;6
202200014418;788 389;7;0;2;2;9;6
202200014419;788 387;7;0;1;2;1;1
202200014420;788 385;33;0;2;1;19;1
202200014420;788 386;7;0;2;5;1;1
202200014421;788 384;31;0;0;7;1;1
202200014422;788 382;50;0;2;0;19;3
202200014422;788 383;7;0;2;3;1;1
202200014423;788 379;10;0;2;3;15;1
202200014423;788 380;33;0;2;1;17;1
202200014424;788 378;2;13;0;8;0;1
202200014425;788 377;34;0;0;0;2;1
202200014426;788 376;33;3;0;9;13;1
202200014427;788 375;7;2;0;1;13;1
202200014428;788 373;7;0;2;3;1;1
202200014428;788 374;1;0;2;5;17;5
202200014429;788 371;7;0;2;1;1;2
202200014429;788 372;7;0;2;1;5;1
202200014430;788 370;7;1;0;0;1;2
202200014431;788 369;34;0;1;2;1;1
202200014432;788 368;7;4;0;1;1;0
202200014433;788 364;7;0;2;1;2;1
202200014433;788 365;7;0;2;1;2;1
202200014433;788 366;7;0;2;1;2;1
202200014433;788 367;7;0;0;5;2;1
202200014434;788 363;7;8;0;0;1;1
202200014435;788 360;1;0;0;8;1;5
202200014435;788 361;1;0;0;8;1;5
202200014435;788 362;7;0;2;3;15;1
202200014436;788 358;10;0;9;1;1;1
202200014436;788 359;1;0;2;7;19;5
202200014437;788 357;7;0;0;0;1;0
202200014438;788 355;7;0;2;3;1;1
202200014438;788 356;7;0;2;3;13;1
202200014439;788 354;36;13;0;7;14;1
202200014440;788 352;10;0;2;2;2;1
202200014440;788 353;7;0;0;6;2;1
202200014441;788 351;33;8;0;1;1;1
202200014442;788 348;7;2;0;1;2;1
202200014443;788 346;7;0;1;2;1;1
202200014444;788 347;7;0;0;6;23;1
202200014444;788 349;7;1;0;1;1;1
202200014445;788 344;7;0;1;4;4;1
202200014446;788 345;7;2;0;9;0;1
202200014447;788 343;7;0;9;1;1;1
202200014448;788 339;7;5;0;3;0;1
202200014449;788 338;7;0;2;4;24;1
202200014449;788 340;10;1;0;1;2;1
202200014450;788 337;15;1;1;2;14;1
202200014451;788 336;37;0;0;0;1;1
202200014452;788 333;10;0;2;1;2;1
202200014452;788 334;15;0;2;4;2;6
202200014453;788 332;7;0;2;8;11;1
202200014453;788 335;33;0;2;2;2;1
202200014454;788 330;32;0;1;1;3;1
202200014455;788 329;33;0;2;1;1;1
202200014455;788 331;10;0;2;4;2;1
202200014456;788 326;7;0;2;1;13;1
202200014456;788 328;7;0;2;1;1;1
202200014457;788 324;7;0;2;1;2;1
202200014457;788 325;7;0;2;4;2;1
202200014457;788 327;7;0;2;4;2;1
202200014458;788 320;7;0;2;1;2;1
202200014458;788 322;7;0;2;1;1;1
202200014458;788 323;7;0;2;1;5;1
202200014459;788 319;33;0;2;1;2;1
202200014459;788 321;7;0;2;4;2;1
202200014460;788 318;7;13;0;9;13;1
202200014461;788 315;7;3;2;6;1;1
202200014461;788 317;7;4;2;1;14;1
202200014462;788 314;7;0;2;1;2;1
202200014462;788 316;2;0;2;4;2;1
202200014463;788 309;2;0;2;8;18;1
202200014463;788 311;7;0;2;2;12;1
202200014464;788 310;7;0;2;1;0;1
202200014464;788 312;7;0;2;4;0;1
202200014464;788 313;7;0;2;7;0;2
202200014465;788 306;7;0;2;3;5;1
202200014465;788 308;7;0;2;3;1;1
202200014466;788 304;7;0;2;1;0;1
202200014466;788 305;7;0;2;1;0;1
202200014466;788 307;7;0;2;4;0;0
202200014467;788 300;33;0;2;1;2;1
202200014467;788 301;7;0;2;1;1;1
202200014467;788 302;7;0;2;4;2;1
202200014468;788 298;7;0;9;1;15;1
202200014468;788 299;20;0;0;8;1;3
202200014469;788 295;33;0;2;1;3;1
202200014469;788 297;7;0;2;2;12;1
202200014470;788 293;7;0;2;4;1;1
202200014470;788 294;7;0;2;4;2;3
202200014470;788 296;10;0;2;1;2;1
202200014471;788 290;7;0;2;6;24;1
202200014471;788 292;43;1;0;1;3;1
202200014472;788 289;2;0;2;1;1;1
202200014472;788 291;7;0;2;3;9;1
202200014473;788 287;33;0;0;1;1;1
202200014474;788 286;7;0;2;1;5;1
202200014474;788 288;7;0;2;1;1;1
202200014475;788 285;7;13;0;3;1;1
202200014476;788 282;7;0;1;8;15;1
202200014477;788 280;7;0;2;6;15;1
202200014477;788 281;34;0;2;1;17;1
202200014478;788 278;50;0;2;6;19;3
202200014478;788 279;7;0;2;1;1;1
202200014479;788 276;7;0;2;8;1;1
202200014479;788 277;99;0;2;1;9;3
202200014480;788 274;7;0;2;3;16;1
202200014480;788 275;7;0;2;2;1;1
202200014481;788 273;7;4;0;3;1;0
202200014482;788 272;7;0;1;2;1;1
202200014483;788 269;10;0;2;3;1;0
202200014483;788 271;10;9;2;2;1;1
202200014484;788 268;31;0;2;8;7;1
202200014484;788 270;10;0;2;2;1;1
202200014485;788 265;0;0;2;0;11;6
202200014485;788 267;33;0;2;8;1;1
202200014486;788 264;7;0;2;1;2;1
202200014486;788 266;7;0;2;4;2;3
202200014487;788 263;7;3;0;1;13;1
202200014488;788 262;33;0;1;1;26;1
202200014489;788 259;34;0;2;7;1;1
202200014489;788 261;10;0;2;8;9;1
202200014490;788 258;7;0;2;1;2;1
202200014490;788 260;7;0;2;4;2;1
202200014491;788 256;33;0;2;6;1;1
202200014491;788 257;7;0;2;7;12;2
202200014492;788 255;1;0;1;2;0;6
202200014493;788 252;33;0;2;1;3;1
202200014493;788 254;7;0;2;8;11;0
202200014494;788 251;7;0;2;1;13;1
202200014494;788 253;17;0;2;3;1;1
202200014495;788 248;7;0;2;1;2;1
202200014495;788 250;7;0;2;4;1;1
202200014496;788 246;7;0;2;8;1;1
202200014496;788 247;7;0;2;1;1;1
202200014496;788 249;7;0;2;1;1;3
202200014497;788 244;10;0;2;1;12;1
202200014497;788 245;10;0;2;4;2;1
202200014498;788 242;99;0;2;1;1;0
202200014498;788 243;7;0;2;3;16;1
202200014499;788 240;7;0;2;4;0;2
202200014499;788 241;34;0;2;1;0;1
202200014500;788 238;7;15;2;3;5;1
202200014500;788 239;7;0;2;3;0;1
202200014501;788 236;7;0;2;6;2;2
202200014501;788 237;7;0;2;1;12;1
202200014502;788 234;2;0;0;8;1;1
202200014502;788 235;7;0;0;0;15;1
202200014503;788 232;7;0;2;1;2;1
202200014503;788 233;7;0;2;4;1;1
202200014504;788 231;7;0;1;5;4;1
202200014505;788 228;37;0;2;3;0;0
202200014505;788 230;7;0;2;0;0;0
202200014506;788 227;43;0;2;7;15;1
202200014506;788 229;33;0;2;1;1;1
202200014507;788 225;7;0;2;0;26;1
202200014508;788 223;31;0;2;8;21;1
202200014508;788 224;15;0;2;6;1;1
202200014508;788 226;7;0;2;0;22;1
202200014509;788 218;7;0;2;6;1;1
202200014509;788 219;32;0;2;2;3;1
202200014510;788 216;30;0;2;1;23;1
202200014510;788 217;14;0;2;4;4;1
202200014511;788 215;80;0;1;2;1;3
202200014512;788 214;30;0;0;3;1;1
202200014513;788 212;33;0;2;7;1;1
202200014513;788 213;7;0;2;1;1;1
202200014514;788 211;14;0;1;4;4;1
202200014515;788 210;7;8;0;1;1;0
202200014516;788 208;14;0;2;1;1;6
202200014516;788 209;7;0;2;4;23;1
202200014517;788 205;7;0;1;2;16;1
202200014518;788 204;10;0;2;1;2;1
202200014518;788 206;7;0;2;4;2;1
202200014518;788 207;7;0;2;4;2;1
202200014519;788 203;7;0;1;1;1;1
202200014520;788 201;7;0;2;1;1;0
202200014520;788 202;7;0;2;1;1;1
202200014521;788 198;7;0;1;3;1;1
202200014522;788 199;7;0;2;1;15;1
202200014522;788 200;7;7;2;8;1;1
202200014523;788 196;7;0;2;2;1;1
202200014523;788 197;1;0;2;1;9;5
202200014524;788 194;7;0;1;1;19;1
202200014525;788 195;1;0;0;0;1;5
202200014526;788 193;7;0;1;0;14;1
202200014527;788 192;32;9;1;1;21;1
202200014528;788 188;7;0;2;0;17;2
202200014528;788 190;80;0;2;6;1;3
202200014529;788 187;7;0;2;4;1;1
202200014529;788 189;7;0;2;4;1;1
202200014529;788 191;7;0;2;1;1;1
202200014530;788 184;30;0;2;1;1;1
202200014530;788 186;10;0;2;4;23;1
202200014531;788 183;33;0;2;1;1;1
202200014531;788 185;10;0;2;4;26;1
202200014532;788 181;1;0;2;4;1;5
202200014532;788 182;14;0;2;0;23;0
202200014533;788 176;30;0;2;0;1;1
202200014533;788 178;7;0;2;1;5;1
202200014534;788 173;33;0;2;7;1;1
202200014534;788 175;7;0;2;3;13;2
202200014535;788 172;1;0;0;4;1;5
202200014535;788 174;7;0;0;2;1;1
202200014536;788 168;7;0;2;8;1;1
202200014536;788 170;7;0;2;1;1;1
202200014536;788 171;33;0;2;4;23;1
202200014537;788 167;7;0;2;8;1;1
202200014537;788 169;1;0;2;1;1;5
202200014538;788 165;7;0;2;2;15;1
202200014538;788 166;50;0;2;1;1;3
202200014539;788 163;7;0;2;1;1;1
202200014539;788 164;10;0;2;7;26;1
202200014540;788 162;17;0;1;2;16;1
202200014541;788 160;0;14;1;1;19;1
202200014542;788 159;7;0;2;1;26;1
202200014542;788 161;30;0;2;8;1;1
202200014543;788 158;7;1;0;0;0;1
202200014544;788 156;7;8;0;1;16;1
202200014545;788 155;7;0;2;1;1;1
202200014545;788 157;7;0;2;7;1;1
202200014546;788 152;7;0;2;3;9;1
202200014546;788 154;80;0;2;8;1;3
202200014547;788 153;7;0;1;2;15;1
202200014548;788 151;2;1;0;1;2;1
202200014549;788 150;7;0;1;1;13;1
202200014550;788 146;33;0;2;1;1;1
202200014550;788 147;7;0;2;5;1;1
202200014551;788 145;15;0;2;6;9;1
202200014551;788 148;33;0;2;7;1;1
202200014551;788 149;7;0;2;1;9;1
202200014552;788 142;2;0;2;2;23;1
202200014552;788 144;10;0;2;4;4;1
202200014553;788 141;7;0;2;1;11;1
202200014553;788 143;7;0;2;1;1;1
202200014554;788 139;7;0;2;3;9;1
202200014554;788 140;2;0;2;1;1;1
202200014555;788 135;7;0;2;1;1;1
202200014555;788 136;7;0;2;4;1;1
202200014555;788 138;14;0;2;4;23;1
202200014556;788 134;7;0;2;1;1;1
202200014556;788 137;10;0;2;3;1;1
202200014557;788 133;10;0;1;1;15;1
202200014558;788 131;30;0;2;3;13;1
202200014558;788 132;7;0;2;3;1;1
202200014559;788 128;10;0;2;7;17;1
202200014559;788 130;33;0;2;8;17;1
202200014560;788 127;7;0;9;2;17;1
202200014560;788 129;1;0;2;3;1;5
202200014561;788 124;10;0;2;3;15;1
202200014561;788 126;33;1;2;3;13;1
202200014562;788 123;7;0;2;1;9;1
202200014562;788 125;33;0;2;5;1;1
202200014563;788 119;7;0;2;3;1;1
202200014563;788 122;32;0;2;2;9;1
202200014564;788 120;50;0;2;0;0;3
202200014564;788 121;7;0;2;0;0;1
202200014565;788 117;7;5;0;1;1;1
202200014566;788 116;30;0;2;2;2;1
202200014566;788 118;7;0;2;3;15;1
202200014567;788 114;1;0;2;1;13;5
202200014567;788 115;7;0;9;1;1;1
202200014568;788 112;32;0;2;1;1;1
202200014568;788 113;7;0;2;5;20;1
202200014569;788 104;33;0;0;1;2;1
202200014570;788 103;7;0;2;9;2;1
202200014570;788 105;10;0;2;4;1;1
202200014570;788 106;7;0;2;8;1;1
202200014570;788 108;7;0;2;6;1;1
202200014570;788 110;7;0;2;7;1;1
202200014571;788 101;32;7;0;1;13;1
202200014572;788 100;30;0;2;1;1;1
202200014572;788 102;7;0;2;3;9;1
202200014573;788 097;7;0;2;2;0;1
202200014573;788 099;7;0;2;1;1;1
202200014574;788 095;7;0;2;6;23;1
202200014574;788 096;7;0;2;3;23;1
202200014574;788 098;7;0;2;2;2;0
202200014575;788 093;7;0;2;3;13;1
202200014575;788 094;7;0;2;3;1;1
202200014576;788 091;1;0;2;1;1;5
202200014576;788 092;7;0;2;2;20;3
202200014577;788 088;3;3;0;1;26;1
202200014578;788 086;10;0;1;4;20;1
202200014579;788 085;7;0;2;2;1;1
202200014579;788 087;7;0;2;2;17;1
202200014580;788 082;13;0;2;3;15;1
202200014580;788 084;33;6;2;2;18;1
202200014581;788 083;7;0;1;2;15;1
202200014582;788 078;21;0;2;1;1;1
202200014582;788 080;7;0;2;7;13;1
202200014583;788 071;7;0;2;8;24;1
202200014583;788 072;7;0;2;7;1;1
202200014583;788 074;7;2;2;8;1;1
202200014583;788 075;7;1;2;8;13;1
202200014584;788 069;7;0;2;4;1;1
202200014584;788 070;2;0;2;1;2;1
202200014585;788 066;31;0;0;7;16;1
202200014586;788 067;7;0;2;2;15;1
202200014586;788 068;2;0;2;8;1;1
202200014587;788 064;7;0;0;2;1;1
202200014588;788 063;1;0;2;8;1;5
202200014588;788 065;7;0;9;7;16;1
202200014589;788 062;7;0;0;9;1;1
202200014590;788 060;7;6;0;1;13;1
202200014591;788 059;7;0;2;1;1;1
202200014591;788 061;0;0;2;8;19;3
202200014592;788 054;7;0;2;1;1;1
202200014592;788 056;10;0;2;1;1;1
202200014592;788 058;7;0;2;1;13;1
202200014593;788 055;31;0;2;7;2;1
202200014593;788 057;7;0;2;3;15;2
202200014594;788 052;33;1;0;1;1;1
202200014595;788 051;2;0;2;7;1;1
202200014595;788 053;7;0;2;1;19;1
202200014596;788 048;7;0;1;2;1;1
202200014597;788 047;7;0;9;0;1;1
202200014597;788 049;34;0;2;1;1;1
202200014597;788 050;30;0;2;4;1;1
202200014598;788 046;7;2;0;0;1;1
202200014599;788 045;33;0;0;8;2;1
202200014600;788 044;7;0;1;1;1;1
202200014601;788 043;7;13;0;2;1;1
202200014602;788 040;33;0;2;1;5;1
202200014602;788 042;7;0;2;2;1;1
202200014603;788 039;7;0;2;3;22;1
202200014603;788 041;1;0;2;0;1;5
202200014604;788 036;7;0;2;1;19;1
202200014604;788 038;7;0;2;2;1;1
202200014605;788 035;33;0;2;8;1;1
202200014605;788 037;10;0;2;1;1;1
202200014606;788 034;7;0;1;2;19;1
202200014607;788 032;7;0;2;2;10;1
202200014607;788 033;31;0;2;8;1;1
202200014608;788 030;50;8;0;1;14;3
202200014609;788 029;33;13;0;0;1;1
202200014609;788 031;14;0;0;0;17;1
202200014610;788 028;43;3;0;2;1;1
202200014611;788 026;32;0;2;6;15;1
202200014611;788 027;34;0;2;2;17;1
202200014612;788 025;2;6;0;1;26;1
202200014613;788 023;33;0;2;8;1;1
202200014613;788 024;7;0;2;2;1;1
202200014614;788 021;33;0;2;1;1;1
202200014614;788 022;7;1;2;3;9;1
202200014615;788 019;10;0;0;1;5;1
202200014615;788 020;7;0;0;1;1;0
202200014616;788 018;7;2;0;0;1;1
202200014617;788 016;2;0;1;1;13;1
202200014618;788 015;10;0;1;3;1;1
202200014619;788 017;7;0;1;1;1;1
202200014620;788 014;7;0;1;3;15;1
202200014621;788 011;7;0;2;3;1;1
202200014621;788 012;15;0;2;8;4;1
202200014622;788 013;32;0;0;0;21;1
202200014623;788 010;7;2;0;9;1;1
202200014624;788 008;7;0;1;1;0;1
202200014625;788 007;32;0;2;7;17;1
202200014625;788 009;7;0;2;3;9;1
202200014626;788 005;7;0;2;2;1;1
202200014626;788 006;2;0;2;1;20;1
202200014627;788 004;7;0;0;1;0;1
202200014628;788 002;7;0;2;4;2;1
202200014628;788 003;33;0;2;1;1;1
202200014629;787 996;7;3;0;1;1;1
202200014629;787 998;10;3;0;1;1;1
202200014629;787 999;10;3;0;1;1;1
202200014629;788 000;15;3;0;3;6;1
202200014630;787 993;1;0;2;1;1;5
202200014630;787 994;37;0;2;3;5;1
202200014631;787 995;33;0;2;1;15;1
202200014631;787 997;32;0;2;1;17;1
202200014631;788 001;7;0;2;8;15;1
202200014632;787 990;17;0;0;;13;1
202200014632;787 992;7;13;0;0;17;1
202200014633;787 988;7;0;1;1;1;1
202200014634;787 989;80;0;2;8;1;3
202200014634;787 991;10;0;2;7;15;1
202200014635;787 986;7;0;2;3;9;2
202200014635;787 987;33;0;2;1;1;1
202200014636;787 984;7;0;0;9;1;1
202200014637;787 983;10;0;2;3;15;1
202200014637;787 985;32;0;2;3;1;1
202200014638;787 982;7;8;0;1;0;1
202200014639;787 980;7;0;1;5;4;1
202200014640;787 979;30;0;2;1;1;3
202200014640;787 981;80;0;2;7;15;3
202200014641;787 976;7;0;2;4;1;1
202200014641;787 978;7;0;2;1;1;1
202200014642;787 975;7;0;0;3;1;1
202200014642;787 977;50;0;0;2;19;3
202200014643;787 973;7;0;2;6;15;1
202200014643;787 974;7;0;2;2;2;1
202200014644;787 972;30;12;0;7;16;3
202200014645;787 970;7;0;2;4;0;1
202200014645;787 971;7;0;2;1;1;1
202200014646;787 968;7;13;0;9;1;1
202200014647;787 967;1;0;2;7;5;5
202200014647;787 969;33;0;2;8;15;1
202200014648;787 963;7;0;2;4;1;1
202200014648;787 966;7;3;2;1;1;1
202200014649;787 964;10;0;1;6;16;1
202200014650;787 962;7;0;2;3;9;1
202200014650;787 965;33;0;2;1;1;1
202200014651;787 958;14;0;2;7;1;1
202200014651;787 960;2;0;2;8;18;1
202200014652;787 956;7;0;9;2;15;1
202200014652;787 957;1;0;2;1;1;5
202200014653;787 955;7;4;0;3;1;1
202200014654;787 953;33;0;2;1;2;1
202200014654;787 954;30;0;2;4;15;1
202200014655;787 951;33;0;0;8;26;1
202200014656;787 950;2;0;2;7;2;1
202200014656;787 952;7;0;2;1;2;1
202200014657;787 945;7;0;0;3;1;1
202200014657;787 948;7;0;2;3;5;1
202200014658;787 947;7;0;2;3;19;1
202200014658;787 949;1;0;2;1;17;5
202200014659;787 943;33;0;2;8;9;1
202200014660;787 944;10;0;2;1;1;1
202200014660;787 946;2;0;2;1;1;1
202200014661;787 941;7;0;2;6;1;1
202200014661;787 942;13;0;2;2;12;1
202200014662;787 939;33;11;0;1;17;1
202200014663;787 932;7;0;2;4;2;3
202200014663;787 934;7;0;2;1;1;1
202200014663;787 935;7;0;2;4;1;1
202200014663;787 936;7;0;2;1;1;1
202200014663;787 938;7;0;2;1;1;2
202200014663;787 940;7;0;2;1;0;1
202200014664;787 937;1;0;1;1;1;5
202200014665;787 931;7;0;2;3;15;1
202200014665;787 933;31;0;2;2;17;1
202200014666;787 929;10;0;2;4;23;1
202200014666;787 930;14;1;0;1;6;1
202200014667;787 928;2;0;0;0;1;1
202200014668;787 925;10;0;2;2;17;1
202200014668;787 926;7;0;2;6;0;1
202200014669;787 924;7;15;0;1;1;0
202200014670;787 920;7;0;1;2;1;1
202200014671;787 921;32;0;2;1;2;1
202200014671;787 923;7;0;2;4;2;1
202200014672;787 922;10;0;2;1;2;1
202200014672;787 927;7;0;2;4;2;1
202200014673;787 919;7;0;1;1;1;1
202200014674;787 918;7;4;0;1;1;1
202200014675;787 914;7;0;5;2;1;2
202200014675;787 915;7;0;5;1;1;1
202200014676;787 910;1;0;2;1;1;5
202200014676;787 911;7;0;9;2;1;1
202200014677;787 912;10;0;2;1;2;1
202200014677;787 916;7;0;2;4;2;1
202200014678;787 913;7;0;2;3;9;1
202200014678;787 917;33;0;2;6;1;1
202200014679;787 908;7;16;0;0;14;1
202200014680;787 906;7;0;2;1;1;1
202200014680;787 909;7;0;2;8;1;1
202200014681;787 905;10;8;2;7;15;1
202200014681;787 907;2;0;2;1;1;1
202200014682;787 904;7;4;0;1;2;1
202200014683;787 900;30;12;2;1;17;1
202200014683;787 903;7;0;2;6;23;1
202200014684;787 898;99;0;2;1;1;3
202200014684;787 902;7;0;2;8;1;1
202200014685;787 897;15;0;2;4;2;1
202200014685;787 899;15;0;2;1;2;1
202200014685;787 901;7;0;2;4;2;1
202200014686;787 895;10;0;2;1;2;1
202200014686;787 896;7;14;0;4;23;1
202200014687;787 893;7;6;0;6;1;1
202200014688;787 892;7;0;2;1;1;1
202200014688;787 894;7;0;2;7;1;1
202200014689;787 886;7;0;2;8;1;1
202200014689;787 889;33;0;2;7;1;1
202200014689;787 890;7;0;2;3;11;1
202200014690;787 887;37;0;2;1;19;1
202200014690;787 891;10;0;2;7;1;1
202200014691;787 885;30;0;2;2;1;1
202200014691;787 888;7;0;2;8;15;1
202200014692;787 879;7;0;2;3;1;1
202200014692;787 882;7;0;2;2;1;1
202200014693;787 881;31;0;0;8;1;1
202200014693;787 884;32;0;2;2;3;1
202200014694;787 880;7;0;2;8;13;1
202200014694;787 883;33;0;2;7;1;1
202200014695;787 877;33;0;2;1;1;1
202200014695;787 878;7;0;2;3;15;1
202200014696;787 875;43;0;1;1;1;1
202200014697;787 869;7;0;2;2;0;1
202200014697;787 873;3;0;2;3;1;1
202200014698;787 871;7;0;2;9;2;1
202200014698;787 872;10;0;2;6;2;1
202200014698;787 874;7;0;2;6;2;1
202200014698;787 876;7;0;2;8;2;1
202200014699;787 867;7;2;0;1;1;1
202200014700;787 868;10;16;0;4;23;1
202200014700;787 870;10;0;2;1;2;1
202200014701;787 866;7;0;0;4;1;1
202200014702;787 864;7;0;2;3;13;1
202200014702;787 865;7;0;2;1;1;1
202200014703;787 861;7;0;2;7;1;1
202200014703;787 862;7;0;2;3;2;1
202200014704;787 859;7;0;2;6;15;1
202200014704;787 863;33;0;2;1;2;1
202200014705;787 855;7;0;0;4;2;1
202200014705;787 857;10;0;2;3;2;1
202200014706;787 853;33;0;2;1;13;1
202200014706;787 856;7;0;2;2;15;1
202200014707;787 851;30;0;2;7;1;3
202200014707;787 854;7;0;2;2;11;1
202200014708;787 849;10;0;2;2;1;1
202200014708;787 850;15;0;2;8;1;1
202200014708;787 852;33;0;2;9;3;1
202200014709;787 845;7;0;2;1;0;1
202200014709;787 848;7;0;2;3;0;1
202200014710;787 842;7;0;2;6;2;1
202200014710;787 844;7;0;2;4;2;2
202200014710;787 846;7;0;2;1;12;1
202200014711;787 841;7;0;2;1;2;1
202200014711;787 843;7;0;2;4;2;1
202200014711;787 847;7;0;2;4;2;1
202200014712;787 839;1;1;0;1;1;5
202200014712;787 840;7;0;9;8;0;1
202200014713;787 837;7;0;1;7;1;
202200014714;787 835;15;0;0;0;0;0
202200014714;787 836;7;0;0;0;0;0
202200014714;787 838;20;1;2;0;1;0
202200014715;787 832;33;0;2;1;1;1
202200014715;787 833;7;0;2;2;5;1
202200014716;787 831;43;0;2;2;17;1
202200014716;787 834;7;0;2;3;15;0
202200014717;787 830;7;0;1;1;15;1
202200014718;787 828;32;0;1;1;1;1
202200014718;787 829;32;0;2;1;2;1
202200014719;787 824;7;0;2;3;1;1
202200014719;787 826;50;0;2;1;1;3
202200014720;787 825;3;0;0;0;0;0
202200014720;787 827;33;0;2;0;11;1
202200014721;787 823;7;0;1;1;1;1
202200014722;787 821;43;0;0;1;21;1
202200014723;787 819;7;0;2;6;1;0
202200014723;787 822;7;0;2;1;15;0
202200014724;787 820;10;8;0;2;2;1
202200014725;787 817;7;0;1;1;17;0
202200014726;787 814;7;0;2;4;2;0
202200014726;787 816;7;0;2;1;1;2
202200014726;787 818;7;0;2;1;1;1
202200014727;787 813;33;0;2;2;1;1
202200014727;787 815;7;0;2;8;0;1
202200014728;787 809;7;0;2;1;1;1
202200014728;787 812;14;0;2;8;9;1
202200014729;787 811;30;12;0;0;1;1
202200014730;787 808;10;0;2;4;2;1
202200014730;787 810;30;0;2;1;2;1
202200014731;787 806;7;0;2;3;1;3
202200014731;787 807;7;12;0;9;26;1
202200014732;787 803;50;0;2;1;13;3
202200014732;787 805;7;0;9;1;1;0
202200014733;787 804;7;0;1;3;15;1
202200014734;787 800;33;0;2;7;1;1
202200014734;787 801;7;0;2;8;13;1
202200014735;787 802;7;0;1;1;1;1
202200014736;787 798;30;0;2;1;1;1
202200014736;787 799;37;0;2;8;1;1
202200014737;787 796;7;0;2;4;1;1
202200014737;787 797;7;0;2;3;2;1
202200014738;787 795;1;5;0;1;1;5
202200014739;787 791;7;0;2;3;15;1
202200014739;787 793;7;0;2;7;1;1
202200014740;787 788;7;0;1;2;1;1
202200014741;787 789;7;0;2;1;2;1
202200014741;787 792;7;0;2;4;2;1
202200014741;787 794;7;0;2;4;2;1
202200014742;787 787;50;0;9;0;1;3
202200014742;787 790;10;0;0;0;1;1
202200014743;787 786;7;6;0;1;26;1
202200014744;787 785;7;13;0;9;1;1
202200014745;787 784;7;2;0;8;1;1
202200014746;787 781;7;0;2;1;2;1
202200014746;787 783;7;0;2;4;2;1
202200014747;787 779;7;13;0;2;1;1
202200014748;787 777;7;0;2;3;15;1
202200014748;787 778;7;0;0;0;0;1
202200014749;787 773;7;0;2;1;1;1
202200014749;787 776;7;0;2;4;20;1
202200014750;787 772;10;0;2;1;13;1
202200014750;787 775;10;0;2;1;1;1
202200014751;787 771;10;0;2;6;21;1
202200014751;787 774;10;0;2;2;21;1
202200014752;787 769;30;0;2;0;2;1
202200014752;787 770;1;0;2;4;2;5
202200014753;787 766;7;0;1;0;2;1
202200014754;787 767;33;3;0;8;0;1
202200014754;787 768;7;0;0;4;0;6
202200014755;787 765;7;0;1;4;4;1
202200014756;787 763;31;0;2;1;1;1
202200014756;787 764;7;0;2;4;1;1
202200014757;787 762;7;14;1;2;0;1
202200014758;787 760;10;0;2;1;1;1
202200014758;787 761;7;0;2;4;1;1
202200014759;787 757;7;0;2;4;26;1
202200014759;787 759;7;0;2;1;26;1
202200014760;787 756;7;0;2;1;2;1
202200014760;787 758;31;0;2;1;3;1
202200014761;787 754;33;0;2;1;3;1
202200014761;787 755;7;0;2;7;12;1
202200014762;787 753;7;0;1;2;1;1
202200014763;787 751;7;0;2;6;17;1
202200014763;787 752;31;0;2;1;1;1
202200014764;787 745;7;0;2;4;23;1
202200014764;787 749;10;0;2;1;2;1
202200014765;787 747;33;0;2;1;17;1
202200014765;787 750;7;0;2;1;15;1
202200014766;787 746;7;0;2;8;9;2
202200014766;787 748;30;0;2;1;1;1
202200014767;787 744;33;0;0;0;1;1
202200014768;787 739;50;0;2;1;1;3
202200014768;787 741;7;0;2;2;16;1
202200014769;787 738;33;2;0;7;1;1
202200014769;787 740;7;1;0;5;26;1
202200014769;787 743;7;2;0;1;9;6
202200014770;787 735;1;0;2;1;1;5
202200014770;787 736;7;0;2;2;16;1
202200014771;787 733;1;0;2;4;2;5
202200014771;787 734;7;0;2;2;2;1
202200014772;787 732;33;0;1;1;18;1