Num_Acc;id_vehicule;categorie_vehicule;obstacle_fixe;obstacle_mobile;point_choc_initial;manoeuvre_principale;motorisation
202200014773;787 727;7;0;2;4;2;1
202200014773;787 728;7;0;2;4;2;1
202200014773;787 730;7;0;2;1;2;1
202200014774;787 726;34;0;2;8;1;1
202200014774;787 729;7;0;2;1;1;2
202200014775;787 725;7;0;2;3;1;1
202200014775;787 731;7;0;2;3;13;2
202200014776;787 724;7;0;1;1;1;1
202200014777;787 721;1;0;2;1;13;5
202200014777;787 722;7;0;2;3;1;1
202200014778;787 720;7;0;2;6;15;1
202200014778;787 723;32;0;2;2;17;1
202200014779;787 718;33;0;2;8;13;1
202200014779;787 719;10;0;2;7;14;1
202200014780;787 717;7;0;1;3;1;1
202200014781;787 716;7;0;1;1;1;3
202200014782;787 714;7;3;0;3;13;1
202200014783;787 711;33;5;0;1;1;1
202200014784;787 710;7;0;2;4;26;1
202200014784;787 712;7;0;2;4;2;1
202200014784;787 713;7;0;2;1;26;1
202200014785;787 715;32;0;1;3;1;1
202200014786;787 709;7;0;1;2;1;1
202200014787;787 707;7;13;2;1;13;1
202200014787;787 708;2;0;2;1;1;1
202200014788;787 706;33;0;0;7;1;1
202200014789;787 705;1;0;1;1;1;5
202200014790;787 703;33;0;0;7;1;1
202200014791;787 702;7;0;2;1;13;1
202200014791;787 704;7;0;2;1;1;1
202200014792;787 700;7;0;2;3;15;1
202200014792;787 701;7;0;2;1;17;1
202200014793;787 696;7;8;0;1;1;1
202200014794;787 698;7;0;2;8;15;1
202200014794;787 699;33;0;2;1;1;1
202200014795;787 697;7;0;1;2;1;1
202200014796;787 695;7;0;0;9;13;1
202200014797;787 694;7;0;2;1;1;1
202200014798;787 692;1;0;0;9;1;5
202200014799;787 691;1;0;2;7;19;5
202200014799;787 693;7;0;2;1;16;1
202200014800;787 689;7;0;2;1;1;1
202200014800;787 690;7;0;2;1;17;1
202200014801;787 688;7;7;0;1;14;1
202200014802;787 686;7;2;0;1;21;1
202200014803;787 684;7;0;1;1;26;1
202200014804;787 685;7;0;2;3;1;1
202200014804;787 687;2;0;2;1;1;1
202200014805;787 683;33;0;9;0;0;1
202200014806;787 680;7;0;2;1;17;1
202200014806;787 682;7;0;2;3;15;1
202200014807;787 677;50;0;1;1;25;3
202200014808;787 679;10;0;2;3;1;1
202200014808;787 681;50;0;2;1;1;3
202200014809;787 674;1;0;2;1;1;5
202200014809;787 676;7;0;2;4;1;1
202200014810;787 672;33;0;2;7;1;1
202200014810;787 673;7;0;2;1;15;1
202200014811;787 675;7;0;2;1;1;1
202200014811;787 678;2;0;0;4;1;1
202200014812;787 670;30;0;2;4;0;1
202200014812;787 671;7;0;2;3;15;1
202200014813;787 667;33;0;0;8;0;1
202200014814;787 666;40;0;2;1;1;3
202200014814;787 669;10;9;4;5;1;1
202200014815;787 663;1;0;2;7;1;5
202200014815;787 665;7;0;2;3;11;1
202200014816;787 662;7;0;2;2;15;1
202200014816;787 664;31;0;2;2;3;1
202200014817;787 660;7;8;0;1;1;1
202200014818;787 661;33;8;0;1;1;1
202200014819;787 668;7;0;1;1;1;0
202200014820;787 657;50;0;2;1;1;3
202200014820;787 659;10;0;2;5;15;1
202200014821;787 654;10;0;2;8;15;1
202200014821;787 656;33;0;2;7;17;1
202200014821;787 658;7;0;2;3;5;1
202200014822;787 648;99;0;2;3;0;0
202200014822;787 650;7;0;2;3;13;0
202200014823;787 647;7;0;2;4;1;1
202200014823;787 649;10;0;2;6;1;1
202200014823;787 652;7;0;2;8;1;1
202200014823;787 653;7;1;1;2;1;1
202200014824;787 651;7;0;2;4;1;1
202200014824;787 655;31;0;2;1;1;1
202200014825;787 646;7;2;0;1;0;1
202200014826;787 644;7;0;2;8;1;1
202200014826;787 645;33;0;2;7;12;1
202200014827;787 642;7;9;0;1;15;3
202200014828;787 643;7;0;1;1;0;1
202200014829;787 639;7;0;2;1;2;1
202200014829;787 641;7;0;2;4;2;1
202200014830;787 637;7;0;2;8;13;1
202200014830;787 640;32;0;2;7;1;1
202200014831;787 635;7;0;1;2;1;1
202200014832;787 632;33;0;2;8;11;1
202200014832;787 634;7;0;2;7;1;1
202200014833;787 630;50;0;2;2;19;3
202200014833;787 633;10;0;2;3;15;1
202200014834;787 629;7;0;2;3;1;2
202200014834;787 631;7;0;2;3;13;1
202200014835;787 627;7;0;1;3;1;1
202200014836;787 625;10;0;2;2;0;1
202200014836;787 628;7;0;2;6;1;1
202200014837;787 623;7;0;2;1;1;1
202200014837;787 624;10;0;2;4;23;1
202200014837;787 626;7;0;2;4;2;1
202200014838;787 621;80;0;2;5;1;3
202200014838;787 622;7;0;2;3;9;2
202200014839;787 619;7;0;2;2;2;1
202200014839;787 620;7;0;2;4;2;1
202200014840;787 617;1;0;2;8;1;5
202200014840;787 618;10;0;2;2;16;1
202200014841;787 615;7;0;1;1;15;1
202200014842;787 614;7;0;2;1;1;1
202200014842;787 616;7;0;2;4;1;1
202200014843;787 611;33;4;2;7;1;1
202200014844;787 610;7;0;2;1;1;1
202200014844;787 613;7;15;2;1;1;1
202200014845;787 609;7;16;2;3;26;1
202200014845;787 612;7;1;2;2;14;1
202200014846;787 606;7;0;2;3;1;2
202200014846;787 607;7;0;2;3;13;1
202200014847;787 605;7;0;2;3;11;1
202200014847;787 608;10;0;0;0;11;1
202200014848;787 604;7;0;1;2;1;1
202200014849;787 603;7;1;0;3;13;1
202200014850;787 598;33;0;9;9;7;1
202200014850;787 600;1;0;0;0;0;5
202200014851;787 595;7;0;2;1;2;1
202200014851;787 596;7;0;2;4;2;1
202200014851;787 599;7;0;2;7;1;1
202200014851;787 601;7;0;2;6;1;1
202200014851;787 602;7;0;0;8;1;1
202200014852;787 594;7;0;2;7;2;1
202200014852;787 597;1;0;2;8;2;5
202200014853;787 593;30;0;0;7;1;1
202200014854;787 588;7;0;2;4;1;1
202200014854;787 591;30;0;2;1;1;1
202200014855;787 589;7;0;1;1;15;1
202200014856;787 587;7;0;2;0;26;1
202200014856;787 590;7;0;2;4;0;1
202200014856;787 592;7;0;2;4;0;1
202200014857;787 584;7;0;1;1;17;1
202200014858;787 582;33;0;2;3;3;1
202200014858;787 586;7;0;2;5;12;1
202200014859;787 583;33;0;2;2;17;1
202200014859;787 585;7;0;2;3;15;1
202200014860;787 581;7;0;2;1;1;1
202200014861;787 579;7;0;1;1;1;1
202200014862;787 577;7;0;2;1;10;1
202200014862;787 580;30;0;2;7;1;1
202200014863;787 576;7;4;2;1;11;1
202200014863;787 578;7;4;2;8;1;1
202200014864;787 574;7;0;2;4;23;1
202200014864;787 575;7;0;2;1;2;1
202200014865;787 573;7;0;2;1;1;1
202200014866;787 571;7;0;1;0;1;1
202200014867;787 570;10;0;2;3;13;1
202200014867;787 572;7;0;2;3;1;1
202200014868;787 567;7;0;2;1;1;1
202200014868;787 568;7;0;2;4;2;1
202200014868;787 569;7;0;2;4;2;1
202200014869;787 565;7;11;0;1;1;1
202200014870;787 562;7;0;2;5;12;3
202200014870;787 563;33;0;2;1;3;1
202200014871;787 564;7;0;2;1;0;1
202200014871;787 566;7;0;2;4;0;1
202200014872;787 561;7;8;0;1;13;1
202200014873;787 558;7;0;2;4;1;1
202200014873;787 560;32;0;2;1;1;1
202200014874;787 554;7;0;2;3;10;1
202200014874;787 557;50;0;2;0;0;3
202200014875;787 553;15;3;2;1;1;1
202200014875;787 556;7;3;2;4;1;1
202200014875;787 559;7;3;2;4;1;1
202200014876;787 552;7;0;2;0;0;1
202200014876;787 555;7;0;2;1;5;1
202200014877;787 550;50;0;2;1;1;3
202200014877;787 551;1;0;2;1;26;5
202200014878;787 549;7;11;0;2;1;1
202200014879;787 548;7;13;0;1;17;1
202200014880;787 547;7;13;0;1;13;1
202200014881;787 544;7;0;2;1;1;1
202200014881;787 546;10;0;2;7;1;1
202200014882;787 545;7;0;1;2;1;1
202200014883;787 543;7;6;0;3;11;1
202200014884;787 541;2;0;2;1;1;1
202200014884;787 542;7;0;2;1;1;1
202200014885;787 536;80;0;2;1;1;3
202200014885;787 537;10;0;2;5;4;1
202200014886;787 534;7;0;2;1;2;1
202200014886;787 538;7;0;2;4;2;1
202200014886;787 539;7;0;2;4;2;1
202200014887;787 533;15;0;2;5;15;0
202200014887;787 535;7;0;2;1;1;1
202200014888;787 532;10;8;0;5;0;1
202200014889;787 531;7;0;1;3;2;1
202200014890;787 529;7;0;2;3;15;1
202200014890;787 530;1;0;2;7;17;5
202200014891;787 528;7;0;0;0;2;1
202200014892;787 526;33;0;2;1;1;1
202200014892;787 527;7;0;2;5;15;1
202200014893;787 522;7;0;9;2;2;1
202200014893;787 525;50;0;2;8;1;3
202200014894;787 520;7;13;0;2;14;1
202200014895;787 519;31;0;2;1;2;1
202200014895;787 524;7;0;2;4;23;1
202200014896;787 516;7;0;2;4;2;2
202200014896;787 517;7;0;2;4;2;1
202200014896;787 518;7;0;2;1;2;1
202200014896;787 521;7;0;2;1;2;1
202200014896;787 523;7;0;2;4;2;1
202200014897;787 515;7;17;0;1;1;1
202200014898;787 512;7;0;1;1;1;1
202200014899;787 511;30;0;2;1;2;1
202200014899;787 514;7;0;2;5;23;1
202200014900;787 510;33;0;2;1;1;1
202200014900;787 513;7;0;2;7;1;1
202200014901;787 508;7;0;2;2;1;1
202200014901;787 509;30;0;2;3;9;1
202200014902;787 506;10;0;1;2;1;1
202200014903;787 504;33;13;0;2;0;1
202200014904;787 505;7;0;1;1;26;1
202200014905;787 503;2;0;0;7;15;1
202200014906;787 502;10;0;1;2;1;1
202200014907;787 500;7;2;0;7;21;1
202200014908;787 496;1;0;2;1;15;5
202200014908;787 497;7;0;9;5;16;1
202200014909;787 494;32;0;2;8;18;1
202200014909;787 499;15;0;2;7;16;1
202200014910;787 495;7;14;2;1;1;1
202200014910;787 498;7;0;2;4;23;1
202200014910;787 501;7;0;2;4;23;1
202200014911;787 490;7;0;0;0;1;1
202200014911;787 492;7;2;0;0;21;1
202200014912;787 491;80;0;2;8;1;3
202200014912;787 493;7;0;2;1;1;1
202200014913;787 485;7;0;2;1;1;1
202200014913;787 488;7;0;2;1;13;1
202200014914;787 486;32;12;0;1;5;0
202200014915;787 487;2;0;2;1;1;3
202200014915;787 489;7;0;2;3;9;1
202200014916;787 483;1;1;2;8;1;5
202200014916;787 484;7;0;2;3;15;1
202200014917;787 482;14;2;0;8;1;1
202200014918;787 480;7;0;2;4;2;1
202200014918;787 481;33;0;2;1;2;1
202200014919;787 478;7;13;0;0;1;1
202200014920;787 476;7;0;2;4;2;1
202200014920;787 479;32;0;2;1;2;1
202200014921;787 475;32;0;2;1;1;1
202200014921;787 477;7;0;2;3;15;1
202200014922;787 473;1;0;2;0;1;5
202200014922;787 474;10;0;2;0;0;0
202200014923;787 470;31;13;0;1;1;1
202200014924;787 471;1;0;1;1;2;5
202200014925;787 468;33;0;0;0;26;1
202200014926;787 469;7;0;2;2;19;1
202200014926;787 472;7;0;2;3;1;1
202200014927;787 466;7;6;0;3;13;1
202200014928;787 465;7;0;2;7;22;2
202200014928;787 467;80;0;2;8;1;3
202200014929;787 464;99;0;1;2;1;0
202200014930;787 462;7;0;2;1;19;1
202200014930;787 463;7;0;2;2;15;1
202200014931;787 461;2;0;0;8;15;3
202200014932;787 460;7;0;0;1;0;1
202200014933;787 456;10;0;2;7;1;1
202200014933;787 458;50;0;2;8;13;3
202200014934;787 459;10;0;1;3;1;1
202200014935;787 454;36;0;0;3;16;1
202200014936;787 455;32;0;2;6;21;1
202200014937;787 450;7;0;2;2;12;2
202200014937;787 452;32;0;2;3;1;1
202200014938;787 449;7;0;2;3;19;1
202200014938;787 453;7;0;2;2;1;1
202200014939;787 451;7;8;0;3;13;1
202200014940;787 447;80;0;2;3;23;3
202200014940;787 448;7;0;2;2;1;1
202200014941;787 445;15;0;2;6;1;1
202200014941;787 446;7;4;2;2;1;1
202200014942;787 442;7;0;2;2;1;1
202200014942;787 444;43;0;2;3;1;1
202200014943;787 441;7;13;0;2;1;1
202200014944;787 440;50;0;0;1;16;3
202200014945;787 443;7;2;0;3;15;1
202200014946;787 439;1;12;0;0;0;5
202200014947;787 436;31;0;2;1;1;1
202200014947;787 438;7;0;2;2;14;1
202200014948;787 433;7;0;2;3;1;1
202200014948;787 435;33;0;2;1;13;1
202200014949;787 431;7;0;2;2;1;0
202200014949;787 434;7;0;2;6;1;1
202200014950;787 432;2;0;2;2;17;1
202200014950;787 437;7;0;2;3;15;1
202200014951;787 429;7;0;1;2;1;1
202200014952;787 428;1;0;2;7;1;5
202200014952;787 430;7;0;9;3;15;1
202200014953;787 426;7;14;0;1;1;1
202200014954;787 424;10;8;0;9;13;1
202200014955;787 422;7;3;2;4;1;1
202200014955;787 425;7;3;2;1;1;1
202200014955;787 427;7;0;2;1;1;1
202200014956;787 421;2;0;0;0;0;0
202200014957;787 417;7;13;0;2;15;1
202200014958;787 414;50;0;2;1;19;3
202200014958;787 418;7;0;2;2;1;1
202200014959;787 415;7;15;0;2;14;1
202200014960;787 410;7;9;0;1;1;1
202200014961;787 411;7;0;2;2;1;1
202200014961;787 413;7;0;2;5;15;1
202200014961;787 416;7;0;2;0;1;0
202200014961;787 419;7;0;2;1;13;1
202200014962;787 409;1;0;2;1;11;5
202200014962;787 412;10;0;2;2;1;1
202200014963;787 408;7;0;2;1;1;1
202200014964;787 405;7;0;2;1;21;1
202200014964;787 407;7;0;2;8;26;1
202200014965;787 404;33;0;2;1;13;1
202200014965;787 406;33;0;2;1;13;1
202200014966;787 402;37;0;1;2;1;1
202200014967;787 401;7;9;0;1;1;1
202200014968;787 398;7;0;2;1;1;1
202200014968;787 399;34;0;2;8;15;1
202200014969;787 396;7;0;1;3;1;0
202200014970;787 394;7;0;2;7;1;1
202200014970;787 395;7;0;2;3;9;2
202200014971;787 397;7;0;2;1;1;1
202200014971;787 400;7;0;2;4;2;1
202200014971;787 403;10;0;2;1;26;1
202200014972;787 393;10;0;1;2;1;1
202200014973;787 391;50;0;2;0;25;3
202200014973;787 392;7;0;2;0;26;1
202200014974;787 388;7;0;2;2;19;1
202200014974;787 390;2;0;2;1;1;1
202200014975;787 387;2;1;0;2;1;1
202200014976;787 384;7;0;2;2;16;1
202200014976;787 386;30;0;2;3;18;1
202200014977;787 381;7;0;2;3;1;1
202200014977;787 383;2;0;2;1;0;1
202200014978;787 377;10;0;2;7;1;1
202200014978;787 380;7;0;2;1;1;1
202200014979;787 379;7;0;2;3;2;0
202200014979;787 382;7;0;0;4;23;0
202200014980;787 374;7;0;2;4;2;1
202200014980;787 376;30;0;2;1;2;1
202200014981;787 375;7;0;9;8;1;1
202200014981;787 378;1;0;2;3;1;5
202200014982;787 371;7;15;2;1;21;1
202200014982;787 373;1;0;2;1;19;5
202200014983;787 370;7;0;2;5;23;1
202200014983;787 372;33;0;2;3;3;1
202200014984;787 369;7;0;1;3;1;1
202200014985;787 365;30;0;2;1;1;1
202200014985;787 367;21;0;2;3;15;1
202200014986;787 363;7;13;0;1;1;1
202200014987;787 366;7;0;2;1;17;1
202200014987;787 368;21;0;0;8;15;1
202200014988;787 362;7;0;2;3;15;2
202200014988;787 364;32;0;2;2;17;1
202200014989;787 361;7;0;1;2;1;1
202200014990;787 360;33;0;0;7;1;1
202200014991;787 358;10;2;0;1;1;1
202200014992;787 355;7;13;0;1;1;1
202200014993;787 354;31;0;2;1;16;1
202200014993;787 357;10;0;2;2;1;1
202200014994;787 356;7;0;2;1;9;1
202200014994;787 359;10;0;0;4;1;1
202200014995;787 348;7;0;2;5;1;1
202200014995;787 351;7;0;2;1;1;1
202200014996;787 345;7;0;2;8;2;1
202200014996;787 347;7;0;2;2;2;1
202200014996;787 350;7;0;0;3;1;1
202200014996;787 353;7;0;2;1;2;0
202200014997;787 344;10;4;0;2;1;1
202200014998;787 346;7;0;2;8;1;1
202200014998;787 349;33;0;2;8;13;1
202200014999;787 342;7;0;2;2;12;1
202200014999;787 343;7;0;2;8;1;1
202200015000;787 340;7;0;2;2;13;1
202200015000;787 341;7;0;2;2;1;1
202200015001;787 339;7;3;0;3;1;1
202200015002;787 333;10;0;2;7;2;1
202200015002;787 336;1;0;2;8;2;5
202200015003;787 337;7;0;1;2;0;0
202200015004;787 335;7;1;0;2;1;1
202200015004;787 338;7;1;0;6;23;1
202200015005;787 332;7;13;0;1;0;2
202200015006;787 331;7;0;2;3;1;1
202200015006;787 334;7;0;2;6;1;1
202200015007;787 325;7;0;2;1;17;1
202200015007;787 329;7;0;2;1;1;1
202200015008;787 326;7;9;0;7;13;1
202200015009;787 324;7;0;2;1;2;1
202200015009;787 327;7;0;2;4;23;1
202200015009;787 330;7;0;2;4;23;1
202200015010;787 322;7;0;2;1;1;1
202200015010;787 328;33;0;2;1;1;1
202200015011;787 321;31;0;0;8;1;1
202200015012;787 320;7;0;2;3;13;1
202200015012;787 323;17;0;2;3;1;1
202200015013;787 319;7;0;1;1;10;1
202200015014;787 316;7;0;0;9;0;1
202200015015;787 314;7;0;0;6;1;1
202200015015;787 315;7;0;2;2;0;1
202200015016;787 310;10;0;2;4;23;1
202200015016;787 312;7;0;2;4;2;1
202200015016;787 317;7;0;2;1;2;1
202200015017;787 309;10;0;2;1;1;1
202200015017;787 311;7;0;0;4;1;1
202200015018;787 313;7;0;2;1;2;1
202200015018;787 318;15;0;0;4;1;1
202200015019;787 306;7;0;2;3;13;1
202200015019;787 308;7;0;2;6;1;1
202200015020;787 304;1;6;9;1;15;5
202200015021;787 303;7;0;2;1;2;1
202200015021;787 305;7;0;2;1;2;1
202200015021;787 307;7;0;2;4;2;1
202200015022;787 301;7;13;0;0;1;1
202200015023;787 297;10;0;2;3;1;1
202200015023;787 299;10;0;2;3;13;1
202200015024;787 296;10;0;2;2;1;1
202200015024;787 298;33;0;2;8;13;1
202200015025;787 300;33;0;2;1;1;1
202200015025;787 302;7;0;2;2;15;1
202200015026;787 294;7;2;0;3;1;1
202200015027;787 292;7;0;2;1;13;1
202200015027;787 295;7;0;2;1;1;1
202200015028;787 290;2;0;5;1;1;1
202200015029;787 287;7;16;0;1;2;1
202200015030;787 285;7;0;2;1;1;1
202200015030;787 286;7;0;2;1;1;1
202200015030;787 289;10;0;2;1;1;1
202200015030;787 291;10;0;2;4;0;1
202200015030;787 293;0;0;2;0;0;0
202200015031;787 284;7;0;2;1;1;1
202200015031;787 288;10;0;2;4;2;1
202200015032;787 281;13;0;0;6;15;1
202200015032;787 283;32;0;2;2;9;1
202200015033;787 280;7;17;0;0;1;1
202200015034;787 278;7;4;2;4;1;1
202200015034;787 282;7;4;2;1;17;1
202200015035;787 277;7;0;2;1;14;1
202200015035;787 279;7;0;2;0;0;1
202200015036;787 275;7;0;0;0;0;3
202200015037;787 274;2;0;2;1;2;1
202200015037;787 276;7;0;2;5;20;1
202200015038;787 270;7;0;2;1;1;1
202200015038;787 273;7;0;2;7;17;1
202200015039;787 269;7;13;0;7;1;1
202200015040;787 268;7;0;2;4;2;1
202200015040;787 271;7;0;2;4;2;1
202200015040;787 272;7;0;2;1;2;1
202200015041;787 267;7;15;0;3;17;1
202200015042;787 264;7;0;1;4;4;1
202200015043;787 262;7;0;2;1;2;1
202200015043;787 265;7;0;2;4;1;1
202200015044;787 261;7;0;2;6;9;3
202200015044;787 266;2;0;2;1;1;1
202200015045;787 260;7;0;2;1;15;1
202200015045;787 263;33;0;2;1;1;1
202200015046;787 259;31;0;2;2;17;1
202200015047;787 258;7;3;2;3;1;1
202200015048;787 257;7;17;0;1;1;1
202200015049;787 256;7;0;1;7;1;1
202200015050;787 255;7;13;0;1;14;1
202200015051;787 253;2;0;0;0;1;1
202200015052;787 251;33;0;2;2;1;1
202200015052;787 254;10;0;2;3;11;1
202200015053;787 250;7;0;2;3;1;1
202200015053;787 252;7;0;2;3;13;1
202200015054;787 247;7;0;2;3;26;1
202200015054;787 249;31;0;2;2;11;1
202200015055;787 246;7;8;0;1;1;1
202200015056;787 245;7;4;0;0;0;1
202200015057;787 244;7;0;2;1;13;1
202200015057;787 248;7;0;2;1;1;1
202200015058;787 241;7;2;0;1;1;1
202200015059;787 237;7;0;2;7;1;2
202200015059;787 239;30;0;2;1;19;1
202200015060;787 234;7;0;9;1;21;1
202200015060;787 236;7;4;0;0;21;1
202200015060;787 238;7;1;0;1;2;1
202200015060;787 242;7;1;0;1;2;1
202200015061;787 233;7;0;2;3;13;1
202200015061;787 235;7;0;2;8;26;1
202200015061;787 240;7;0;2;8;1;1
202200015062;787 230;7;0;2;1;1;1
202200015062;787 232;7;0;2;7;13;1
202200015063;787 231;7;0;1;2;1;1
202200015064;787 227;1;0;2;4;19;5
202200015064;787 229;7;0;2;1;1;1
202200015065;787 226;7;0;2;1;1;1
202200015065;787 228;7;12;0;6;20;1
202200015066;787 224;10;0;0;4;1;1
202200015066;787 225;7;0;2;1;0;1
202200015067;787 220;7;0;2;4;23;1
202200015067;787 222;33;1;0;1;1;1
202200015068;787 219;10;0;2;4;2;1
202200015068;787 223;10;0;2;1;2;1
202200015069;787 218;7;0;2;1;1;1
202200015069;787 221;7;0;2;7;1;1
202200015070;787 216;7;8;1;1;14;1
202200015070;787 217;7;8;0;1;17;1
202200015071;787 214;31;0;2;8;9;1
202200015071;787 215;7;0;2;1;1;1
202200015072;787 210;7;0;2;1;2;1
202200015072;787 213;7;0;2;5;2;1
202200015073;787 212;7;0;1;2;1;1
202200015074;787 209;7;0;2;1;2;1
202200015074;787 211;2;0;2;4;2;1
202200015075;787 206;7;0;2;4;1;1
202200015075;787 208;7;0;2;1;1;1
202200015076;787 204;7;0;2;4;1;1
202200015076;787 207;7;0;2;1;2;1
202200015077;787 202;7;0;2;7;13;1
202200015077;787 205;7;0;2;3;10;1
202200015078;787 203;33;0;0;0;1;1
202200015079;787 198;2;0;2;1;1;1
202200015079;787 201;7;0;2;1;15;1
202200015080;787 195;10;0;2;3;1;3
202200015080;787 197;7;0;2;3;16;1
202200015080;787 200;10;0;2;2;1;1
202200015081;787 194;10;0;2;1;2;1
202200015081;787 196;7;0;2;1;2;1
202200015081;787 199;7;0;2;4;2;1
202200015082;787 190;2;0;2;1;5;1
202200015082;787 192;7;0;2;1;1;1
202200015083;787 189;7;4;0;9;2;1
202200015084;787 188;7;0;2;3;6;1
202200015084;787 191;7;0;2;3;1;1
202200015085;787 193;7;13;0;1;1;1
202200015086;787 185;21;0;0;6;1;1
202200015086;787 187;7;0;2;3;17;1
202200015087;787 184;7;0;2;1;2;3
202200015087;787 186;7;0;2;2;2;1
202200015088;787 182;33;0;2;1;2;1
202200015088;787 183;7;0;2;2;26;1
202200015089;787 179;7;0;2;8;1;1
202200015089;787 180;31;0;2;8;17;1
202200015090;787 178;80;0;2;4;2;3
202200015090;787 181;7;0;2;2;2;1
202200015091;787 176;43;0;2;8;3;1
202200015091;787 177;7;0;2;2;12;1
202200015092;787 175;37;1;0;2;1;1
202200015093;787 174;7;0;1;1;1;1
202200015094;787 172;7;4;0;3;1;1
202200015095;787 170;7;0;1;2;16;1
202200015096;787 169;50;0;2;1;1;3
202200015096;787 171;7;0;2;1;16;1
202200015097;787 168;7;13;2;1;19;1
202200015098;787 167;7;0;0;1;1;1
202200015098;787 173;7;0;0;1;1;1
202200015099;787 164;3;3;0;4;1;1
202200015099;787 166;13;0;2;1;1;0
202200015100;787 163;7;3;0;1;9;1
202200015101;787 160;7;0;2;1;2;1
202200015101;787 162;7;0;2;1;2;1
202200015101;787 165;7;0;9;4;2;1
202200015102;787 156;7;0;2;3;1;1
202200015102;787 158;15;0;2;8;1;1
202200015102;787 159;31;0;2;7;17;1
202200015103;787 155;31;0;2;1;1;1
202200015103;787 157;7;0;2;2;15;1
202200015104;787 153;7;0;1;2;19;1
202200015105;787 154;7;0;0;2;1;1
202200015105;787 161;7;0;2;3;17;1
202200015106;787 152;43;13;0;7;14;1
202200015107;787 151;7;0;1;2;16;2
202200015108;787 150;7;0;1;1;1;1
202200015109;787 149;7;2;0;1;1;1
202200015110;787 148;7;2;0;1;14;1
202200015111;787 146;34;0;1;2;1;1
202200015112;787 145;2;2;0;1;1;1
202200015113;787 144;10;0;2;1;1;1
202200015113;787 147;1;0;2;3;1;5
202200015114;787 143;36;15;0;5;1;1
202200015115;787 142;7;1;0;1;1;1
202200015116;787 139;10;0;2;0;1;1
202200015116;787 140;7;0;2;0;16;1
202200015117;787 137;14;0;1;1;1;1
202200015118;787 135;7;0;2;2;2;1
202200015118;787 138;50;0;0;4;2;3
202200015119;787 134;50;0;0;0;1;3
202200015120;787 136;7;0;1;1;1;2
202200015121;787 132;33;0;0;7;1;1
202200015122;787 131;7;0;2;6;1;1
202200015122;787 133;43;0;2;1;14;1
202200015123;787 128;7;0;2;1;2;1
202200015123;787 130;7;0;2;4;2;1
202200015124;787 129;7;0;1;4;26;1
202200015125;787 125;7;0;0;6;1;1
202200015125;787 127;7;0;2;2;17;1
202200015126;787 122;37;0;2;7;1;2
202200015126;787 126;7;0;2;1;1;1
202200015127;787 121;1;0;2;1;1;5
202200015127;787 123;7;0;9;3;9;1
202200015128;787 119;7;0;2;0;0;1
202200015128;787 120;7;0;2;0;0;1
202200015128;787 124;7;0;2;0;0;2
202200015129;787 118;2;0;0;0;1;1
202200015130;787 116;7;0;1;3;13;1
202200015131;787 117;10;0;1;4;4;3
202200015132;787 113;10;0;2;4;1;1
202200015132;787 115;7;0;2;1;2;1
202200015133;787 111;7;0;1;2;1;2
202200015134;787 112;7;0;0;4;1;1
202200015134;787 114;1;0;2;1;2;5
202200015135;787 109;1;1;0;1;1;5
202200015135;787 110;7;0;2;5;23;1
202200015136;787 106;7;0;0;8;1;1
202200015137;787 105;1;0;2;1;1;5
202200015137;787 108;7;0;2;3;17;1
202200015138;787 104;2;0;2;1;17;1
202200015138;787 107;7;0;0;6;15;1
202200015139;787 103;10;0;1;2;1;6
202200015140;787 100;10;0;1;1;2;1
202200015141;787 098;7;0;2;4;2;1
202200015141;787 101;10;0;2;5;2;1
202200015141;787 102;10;0;2;1;2;1
202200015142;787 096;7;0;2;1;2;1
202200015142;787 099;7;0;1;1;23;1
202200015143;787 095;1;0;2;1;1;5
202200015143;787 097;7;0;2;3;16;4
202200015144;787 094;10;0;1;5;4;1
202200015145;787 090;7;0;0;4;1;1
202200015145;787 092;7;0;2;4;1;1
202200015145;787 093;7;0;0;0;0;0
202200015146;787 088;43;0;1;7;1;1
202200015147;787 087;2;0;2;1;5;1
202200015147;787 091;7;0;2;3;1;1
202200015148;787 086;31;0;2;1;9;1
202200015148;787 089;10;0;2;3;9;1
202200015149;787 084;7;0;2;7;12;1
202200015149;787 085;33;0;2;8;1;1
202200015150;787 081;7;0;1;7;16;1
202200015151;787 079;7;11;0;1;14;1
202200015152;787 080;30;0;2;8;11;1
202200015152;787 082;7;0;0;7;1;1
202200015153;787 076;7;0;2;4;2;1
202200015154;787 074;33;0;2;1;1;1
202200015154;787 078;10;0;2;1;15;1
202200015155;787 070;7;0;2;3;15;1
202200015155;787 077;33;0;2;1;1;1
202200015156;787 075;10;0;1;1;1;0
202200015157;787 069;7;0;2;4;2;1
202200015157;787 071;31;0;2;4;2;1
202200015157;787 073;10;0;2;1;2;1
202200015158;787 064;7;8;2;7;19;1
202200015158;787 068;7;8;2;1;1;1
202200015159;787 063;7;0;2;1;2;1
202200015159;787 067;33;0;2;4;1;1
202200015160;787 062;7;0;2;1;2;1
202200015160;787 066;15;0;2;6;1;1
202200015161;787 061;7;0;2;3;9;1
202200015161;787 065;1;0;2;4;1;5
202200015162;787 056;15;0;2;4;2;1
202200015162;787 060;7;0;2;1;2;1
202200015163;787 055;7;0;2;1;1;1
202200015163;787 058;7;0;0;8;15;1
202200015164;787 057;7;0;1;1;0;1
202200015165;787 049;7;0;2;4;0;1
202200015165;787 053;33;0;2;1;13;1
202200015166;787 047;7;0;2;3;1;1
202200015166;787 051;7;0;2;2;9;1
202200015167;787 048;33;0;2;1;17;1
202200015167;787 052;7;0;0;8;15;1
202200015168;787 044;7;0;2;6;0;1
202200015168;787 046;33;0;2;4;0;1
202200015169;787 045;7;0;2;3;15;1
202200015169;787 050;33;0;2;1;26;1
202200015170;787 042;7;0;1;2;1;1