Num_Acc;id_vehicule;categorie_vehicule;obstacle_fixe;obstacle_mobile;point_choc_initial;manoeuvre_principale;motorisation
202200015171;787 043;33;0;0;7;15;1
202200015172;787 039;34;0;2;1;2;1
202200015172;787 041;10;0;2;4;2;1
202200015173;787 038;7;0;2;1;26;1
202200015173;787 040;31;0;2;4;1;1
202200015174;787 037;7;0;1;1;1;1
202200015175;787 035;33;13;6;0;0;1
202200015176;787 033;7;0;1;1;1;1
202200015177;787 031;7;0;2;4;2;1
202200015177;787 034;10;0;2;4;0;1
202200015177;787 036;10;0;2;1;2;1
202200015178;787 030;7;0;2;4;23;1
202200015178;787 032;7;0;2;1;1;1
202200015179;787 026;30;0;0;0;9;1
202200015180;787 027;33;0;2;1;17;1
202200015180;787 029;7;0;0;4;15;1
202200015181;787 024;15;0;2;6;9;1
202200015181;787 028;7;0;2;1;1;1
202200015182;787 023;7;0;2;1;2;1
202200015182;787 025;10;0;2;6;2;1
202200015183;787 021;33;0;0;1;1;1
202200015184;787 022;33;13;0;1;1;1
202200015185;787 015;7;4;0;1;1;1
202200015186;787 016;3;0;2;7;15;1
202200015186;787 019;3;0;2;1;1;1
202200015187;787 013;7;0;2;1;1;1
202200015187;787 017;7;0;2;4;1;1
202200015187;787 018;3;0;2;4;1;1
202200015187;787 020;7;0;2;4;1;0
202200015188;787 014;7;2;0;3;13;1
202200015189;787 007;7;0;2;3;13;1
202200015189;787 010;7;0;2;1;1;1
202200015190;787 009;7;0;2;7;1;1
202200015190;787 012;33;0;2;8;3;1
202200015191;787 008;7;6;0;3;13;1
202200015192;787 006;10;0;2;1;1;1
202200015192;787 011;50;0;2;2;1;3
202200015193;787 002;33;0;0;8;21;1
202200015194;786 999;30;0;2;1;1;1
202200015194;787 001;7;0;2;1;1;0
202200015195;787 000;7;0;2;3;1;1
202200015195;787 004;34;0;2;4;3;1
202200015195;787 005;32;0;2;2;3;1
202200015196;786 998;7;0;2;3;15;1
202200015196;787 003;2;0;2;1;1;1
202200015197;786 992;7;0;2;8;11;1
202200015197;786 995;32;0;2;2;1;1
202200015198;786 993;33;0;2;1;0;1
202200015198;786 996;7;0;2;7;13;1
202200015199;786 989;7;0;2;1;2;1
202200015199;786 991;7;0;2;4;2;1
202200015199;786 994;7;0;2;4;1;1
202200015200;786 987;17;0;2;1;1;1
202200015200;786 988;7;0;2;5;1;1
202200015201;786 986;10;0;1;0;15;1
202200015202;786 985;7;1;0;2;1;1
202200015203;786 982;7;0;0;2;1;1
202200015203;786 984;7;0;0;2;1;1
202200015204;786 980;10;0;2;1;1;1
202200015204;786 983;7;0;2;4;1;2
202200015205;786 976;31;0;2;4;2;1
202200015205;786 979;7;0;2;2;2;1
202200015206;786 975;7;0;2;3;15;1
202200015206;786 977;30;0;2;2;1;1
202200015207;786 978;7;0;2;8;1;1
202200015207;786 981;7;0;2;3;16;1
202200015208;786 973;7;0;1;6;9;0
202200015209;786 972;35;8;0;2;0;1
202200015210;786 969;33;0;2;7;21;1
202200015211;786 970;7;0;2;2;15;1
202200015211;786 974;32;0;2;1;1;1
202200015212;786 968;7;0;2;3;24;1
202200015212;786 971;7;0;2;1;13;1
202200015213;786 965;7;0;1;0;1;0
202200015214;786 966;7;0;1;1;26;1
202200015215;786 964;2;0;2;8;9;1
202200015215;786 967;10;0;2;2;1;1
202200015216;786 962;50;0;2;1;1;3
202200015216;786 963;10;0;2;3;1;1
202200015217;786 958;7;0;9;3;16;1
202200015217;786 960;80;0;2;7;1;3
202200015218;786 959;7;0;2;5;1;3
202200015218;786 961;7;0;2;1;1;1
202200015219;786 957;7;0;1;1;1;1
202200015220;786 955;33;13;2;7;1;1
202200015220;786 956;33;0;9;1;1;1
202200015221;786 953;1;0;1;2;1;5
202200015222;786 954;7;0;1;3;1;1
202200015223;786 950;7;0;2;2;14;1
202200015223;786 952;33;0;2;8;3;1
202200015224;786 949;7;0;2;7;15;1
202200015224;786 951;10;0;2;0;0;0
202200015225;786 946;7;0;1;7;1;1
202200015226;786 942;7;0;2;2;1;1
202200015226;786 947;7;0;2;2;5;1
202200015227;786 944;33;1;2;8;1;1
202200015227;786 945;14;0;2;5;24;1
202200015227;786 948;7;0;2;7;13;0
202200015228;786 941;7;8;0;2;16;1
202200015229;786 939;14;0;2;2;1;1
202200015229;786 943;7;0;2;1;17;1
202200015230;786 938;7;0;9;3;1;1
202200015230;786 940;7;0;2;8;19;5
202200015231;786 937;33;0;0;7;13;1
202200015232;786 936;33;0;0;8;1;1
202200015233;786 928;7;0;2;3;13;1
202200015233;786 931;33;0;2;1;17;1
202200015234;786 930;2;0;2;1;1;1
202200015234;786 935;7;0;2;1;1;1
202200015235;786 926;7;0;2;1;9;1
202200015235;786 933;1;0;2;1;1;5
202200015236;786 924;7;0;2;2;12;1
202200015236;786 927;10;0;2;3;1;1
202200015236;786 932;7;0;2;3;1;0
202200015236;786 934;7;0;0;3;1;1
202200015237;786 923;7;0;2;2;1;1
202200015237;786 925;33;0;9;4;1;1
202200015237;786 929;7;0;0;5;1;2
202200015238;786 922;7;0;1;1;1;2
202200015239;786 920;7;3;0;1;1;1
202200015240;786 914;7;0;2;3;19;1
202200015240;786 917;33;0;2;1;1;1
202200015241;786 916;7;0;9;2;16;1
202200015241;786 918;2;0;2;3;18;1
202200015242;786 919;7;0;2;1;15;1
202200015242;786 921;33;0;2;1;1;1
202200015243;786 913;7;4;0;1;13;1
202200015244;786 912;37;0;2;2;1;1
202200015244;786 915;32;0;2;6;18;1
202200015245;786 907;7;0;2;3;15;1
202200015245;786 911;7;0;2;3;16;1
202200015246;786 905;32;0;2;3;1;1
202200015246;786 909;7;0;2;3;10;1
202200015247;786 903;43;0;2;1;1;1
202200015247;786 908;7;0;9;8;20;1
202200015248;786 902;7;0;2;4;2;1
202200015248;786 904;7;0;2;4;2;1
202200015248;786 910;7;0;2;1;2;1
202200015249;786 900;7;0;1;2;1;1
202200015250;786 901;32;0;2;1;17;1
202200015250;786 906;7;0;2;3;9;1
202200015251;786 899;33;8;0;1;17;1
202200015252;786 895;2;0;2;4;2;1
202200015252;786 898;7;0;9;1;2;1
202200015253;786 894;1;0;5;1;1;5
202200015254;786 893;7;0;1;1;1;1
202200015255;786 888;32;0;2;8;21;1
202200015255;786 891;32;0;2;8;21;1
202200015256;786 886;7;0;2;3;0;1
202200015256;786 889;30;0;2;1;15;0
202200015256;786 892;30;0;2;1;0;1
202200015257;786 887;21;0;2;3;15;1
202200015257;786 890;7;6;2;1;17;1
202200015258;786 884;7;1;0;2;14;1
202200015259;786 883;7;0;2;1;1;1
202200015259;786 885;7;0;2;2;15;1
202200015260;786 880;7;0;2;5;23;1
202200015260;786 882;7;0;2;3;1;1
202200015261;786 877;7;0;2;0;0;1
202200015261;786 879;7;0;2;3;0;1
202200015261;786 881;7;0;2;1;26;1
202200015262;786 878;7;0;1;2;1;1
202200015263;786 872;10;0;2;1;1;1
202200015263;786 876;7;0;2;5;14;1
202200015264;786 870;7;0;2;1;1;1
202200015264;786 874;7;0;2;3;15;1
202200015265;786 871;33;0;0;0;1;1
202200015266;786 873;10;0;2;1;9;1
202200015266;786 875;10;0;2;4;2;1
202200015267;786 866;1;0;1;1;5;5
202200015268;786 864;21;0;2;4;15;1
202200015268;786 868;7;0;2;3;17;1
202200015269;786 863;7;0;1;3;2;1
202200015270;786 862;10;0;2;1;1;1
202200015270;786 869;7;0;2;1;13;1
202200015271;786 865;32;0;2;8;1;1
202200015271;786 867;10;0;2;3;21;1
202200015272;786 861;30;0;1;1;1;3
202200015273;786 859;7;0;0;7;1;1
202200015274;786 857;7;0;2;1;2;1
202200015274;786 860;30;0;2;1;1;1
202200015275;786 856;36;14;0;2;12;1
202200015276;786 855;7;0;2;3;20;1
202200015276;786 858;31;0;2;1;8;1
202200015277;786 854;32;0;0;7;16;1
202200015278;786 853;2;0;0;1;26;3
202200015279;786 849;7;0;2;3;1;1
202200015279;786 852;7;7;2;2;5;1
202200015280;786 847;7;0;2;1;16;1
202200015280;786 851;50;0;2;2;1;3
202200015281;786 845;7;0;2;4;23;1
202200015281;786 848;7;0;2;1;1;1
202200015282;786 843;7;0;2;1;13;0
202200015282;786 846;7;0;2;3;1;1
202200015282;786 850;7;0;2;1;1;1
202200015283;786 844;7;0;1;1;1;1
202200015284;786 836;7;0;2;6;1;1
202200015284;786 839;7;0;2;4;1;1
202200015284;786 841;7;0;2;1;17;6
202200015285;786 837;7;0;2;4;1;3
202200015285;786 840;7;0;2;1;23;1
202200015286;786 838;7;0;2;3;13;1
202200015286;786 842;17;0;2;3;1;1
202200015287;786 835;2;0;0;1;0;1
202200015288;786 833;7;0;2;7;13;1
202200015288;786 834;7;0;2;1;1;1
202200015289;786 830;7;4;0;3;26;1
202200015290;786 831;7;0;1;1;9;1
202200015291;786 829;7;0;2;3;15;1
202200015291;786 832;7;0;2;3;1;1
202200015292;786 828;7;0;1;3;1;1
202200015293;786 827;2;6;0;1;1;1
202200015294;786 823;50;0;2;8;19;3
202200015294;786 824;7;0;2;1;1;1
202200015295;786 820;7;0;2;3;19;1
202200015295;786 826;33;0;2;1;26;1
202200015296;786 816;7;1;0;9;26;1
202200015297;786 817;1;0;2;2;0;5
202200015297;786 821;10;0;9;1;15;1
202200015298;786 815;7;0;2;1;13;3
202200015298;786 818;7;0;2;6;1;1
202200015298;786 822;7;0;2;6;1;1
202200015298;786 825;33;0;2;1;1;1
202200015299;786 814;2;0;2;1;17;1
202200015299;786 819;7;0;2;8;15;1
202200015300;786 813;7;8;0;1;1;1
202200015301;786 809;50;0;2;1;1;3
202200015301;786 811;7;0;2;3;15;1
202200015302;786 808;7;0;1;2;1;1
202200015303;786 810;2;0;2;1;1;1
202200015303;786 812;7;0;2;2;15;1
202200015304;786 807;3;12;0;2;1;1
202200015305;786 806;7;0;1;1;1;2
202200015306;786 803;7;0;1;2;1;2
202200015307;786 799;14;0;2;3;1;1
202200015307;786 801;7;0;1;9;15;1
202200015308;786 800;7;0;2;3;9;1
202200015308;786 805;33;0;2;1;17;1
202200015309;786 796;30;0;2;1;3;1
202200015309;786 798;7;0;2;3;2;1
202200015309;786 804;7;0;2;3;9;1
202200015310;786 797;33;0;2;1;1;1
202200015310;786 802;7;0;0;6;15;1
202200015311;786 790;1;2;2;1;2;5
202200015311;786 793;7;1;2;4;1;1
202200015312;786 786;2;0;2;1;13;1
202200015312;786 789;7;0;2;3;1;2
202200015312;786 794;10;0;2;4;19;1
202200015313;786 785;7;0;2;4;1;1
202200015313;786 788;7;0;2;9;1;1
202200015313;786 792;7;0;2;1;1;1
202200015314;786 787;7;0;2;1;15;1
202200015314;786 795;10;0;2;1;1;1
202200015315;786 782;7;0;1;1;19;1
202200015316;786 775;50;0;0;0;5;3
202200015316;786 779;7;0;0;8;1;1
202200015317;786 778;33;12;0;7;1;1
202200015318;786 777;10;0;2;5;16;1
202200015318;786 781;80;0;2;4;0;3
202200015319;786 774;7;0;2;2;1;1
202200015319;786 780;7;0;2;4;0;1
202200015320;786 773;33;0;2;7;17;1
202200015320;786 776;10;0;2;8;17;0
202200015321;786 771;7;0;0;1;1;1
202200015322;786 766;7;12;0;1;9;1
202200015323;786 768;10;0;2;1;2;1
202200015323;786 770;7;0;2;4;2;1
202200015323;786 772;7;0;2;4;2;1
202200015324;786 765;7;0;2;8;15;1
202200015324;786 767;32;0;2;1;17;1
202200015325;786 764;7;0;0;6;15;1
202200015325;786 769;33;0;2;1;1;1
202200015326;786 762;7;0;1;0;0;0
202200015327;786 759;7;0;2;7;1;1
202200015327;786 761;7;0;2;2;15;1
202200015328;786 763;7;2;0;1;1;1
202200015329;786 757;30;0;2;1;2;1
202200015329;786 760;7;0;2;5;2;1
202200015330;786 756;21;0;0;8;15;1
202200015330;786 758;7;0;0;2;17;1
202200015331;786 754;7;0;1;1;0;0
202200015332;786 753;33;4;0;7;1;1
202200015333;786 750;1;0;2;1;9;5
202200015333;786 752;7;0;9;3;1;1
202200015334;786 751;7;0;2;0;1;1
202200015334;786 755;7;0;2;3;15;1
202200015335;786 747;33;0;2;1;1;1
202200015335;786 749;31;0;2;1;17;1
202200015336;786 746;7;0;2;1;19;1
202200015336;786 748;7;0;2;5;19;1
202200015337;786 745;7;13;0;9;1;1
202200015338;786 744;7;15;0;2;1;1
202200015339;786 741;33;0;0;0;0;1
202200015340;786 740;7;0;2;3;9;1
202200015340;786 743;30;0;2;7;1;1
202200015341;786 737;7;0;1;3;1;1
202200015341;786 742;7;0;1;3;1;0
202200015342;786 739;7;6;0;1;13;1
202200015343;786 736;10;0;2;1;26;1
202200015343;786 738;1;0;2;4;0;5
202200015344;786 735;7;0;0;0;0;1
202200015345;786 733;7;0;2;2;16;1
202200015345;786 734;30;0;2;3;26;1
202200015346;786 726;10;0;2;7;0;1
202200015346;786 730;1;0;2;1;1;5
202200015347;786 727;7;0;2;0;26;0
202200015347;786 731;7;0;2;0;26;0
202200015348;786 723;7;0;2;1;1;1
202200015348;786 725;7;0;2;8;15;1
202200015349;786 724;7;0;2;1;1;2
202200015349;786 732;7;0;2;8;19;1
202200015350;786 721;7;0;1;1;23;1
202200015351;786 720;7;0;1;1;1;1
202200015352;786 719;33;0;2;1;13;1
202200015352;786 722;7;0;2;3;1;3
202200015353;786 716;7;0;2;2;1;1
202200015353;786 718;33;0;2;8;11;1
202200015354;786 715;7;0;1;2;1;6
202200015355;786 712;7;0;2;1;19;1
202200015355;786 717;7;0;2;2;1;1
202200015356;786 710;7;9;0;1;6;1
202200015357;786 709;7;0;2;1;1;1
202200015357;786 714;7;0;2;8;1;1
202200015358;786 711;7;0;2;3;1;1
202200015358;786 713;7;0;2;6;15;1
202200015359;786 708;7;15;0;2;1;1
202200015360;786 707;7;2;0;7;1;1
202200015361;786 703;10;0;1;1;15;1
202200015362;786 704;7;0;2;3;19;1
202200015362;786 706;7;0;2;8;19;1
202200015363;786 701;7;8;0;1;1;1
202200015364;786 698;7;0;1;1;26;1
202200015365;786 697;30;0;2;0;2;1
202200015365;786 700;7;0;2;0;19;1
202200015366;786 696;7;8;0;1;14;1
202200015367;786 695;10;0;2;1;9;1
202200015367;786 699;32;0;2;3;0;3
202200015368;786 694;7;0;1;3;1;1
202200015369;786 693;40;0;1;2;1;3
202200015370;786 691;7;0;1;7;1;1
202200015371;786 689;7;0;2;2;15;2
202200015371;786 692;7;0;2;1;1;1
202200015372;786 688;15;0;2;7;1;1
202200015372;786 690;7;0;2;1;13;1
202200015373;786 684;7;13;0;7;0;1
202200015374;786 686;7;0;2;2;15;2
202200015374;786 687;50;0;2;1;26;3
202200015375;786 683;7;0;6;1;1;1
202200015376;786 682;7;0;2;6;16;1
202200015376;786 685;7;0;2;0;26;1
202200015377;786 678;15;0;1;6;4;1
202200015378;786 679;7;0;2;4;0;1
202200015378;786 681;7;0;2;1;0;1
202200015379;786 674;33;0;0;0;1;1
202200015380;786 676;7;0;2;1;1;1
202200015380;786 677;7;0;2;3;1;1
202200015380;786 680;33;0;2;1;17;1
202200015381;786 672;7;0;2;1;0;1
202200015381;786 675;7;0;2;4;0;1
202200015382;786 667;15;0;0;1;1;0
202200015382;786 670;7;0;2;7;0;1
202200015383;786 665;7;0;2;4;2;1
202200015383;786 669;7;0;2;1;2;1
202200015384;786 666;7;0;2;3;15;1
202200015384;786 671;33;0;2;1;3;1
202200015385;786 663;7;0;2;1;1;1
202200015385;786 668;7;0;2;8;9;1
202200015386;786 662;7;0;2;3;13;1
202200015386;786 664;10;0;2;3;13;1
202200015387;786 661;37;0;1;7;19;1
202200015388;786 658;7;0;2;2;17;1
202200015388;786 660;10;0;2;3;15;1
202200015389;786 655;31;8;0;0;9;1
202200015390;786 656;10;0;2;3;15;1
202200015390;786 657;7;0;2;2;1;1
202200015391;786 653;7;2;0;1;1;1
202200015392;786 654;7;2;0;1;10;1
202200015393;786 649;1;0;2;8;26;5
202200015393;786 652;7;0;2;1;26;1
202200015394;786 650;7;0;1;1;1;1
202200015395;786 648;7;0;2;2;2;1
202200015395;786 651;2;0;0;4;2;1
202200015396;786 646;50;0;0;0;26;3
202200015397;786 642;10;0;2;3;1;1
202200015397;786 645;1;0;2;3;1;5
202200015398;786 643;7;0;2;8;13;1
202200015398;786 647;7;0;2;8;1;1
202200015399;786 641;7;16;2;3;13;1
202200015399;786 644;10;0;2;6;1;1
202200015400;786 637;13;0;2;3;21;1
202200015400;786 640;7;0;2;3;13;1
202200015401;786 636;7;0;0;2;21;1
202200015402;786 634;7;0;2;2;15;1
202200015402;786 639;33;0;2;1;1;1
202200015403;786 632;10;13;2;7;1;1
202200015403;786 633;7;0;2;1;1;1
202200015404;786 635;99;0;2;7;13;3
202200015404;786 638;7;0;9;7;1;1
202200015405;786 627;7;13;0;6;1;1
202200015406;786 629;30;0;2;3;17;1
202200015406;786 630;10;0;2;8;15;1
202200015407;786 626;30;0;1;1;1;1
202200015408;786 624;7;13;0;3;13;1
202200015409;786 622;7;0;1;4;20;1
202200015410;786 621;30;0;2;1;9;1
202200015410;786 623;7;0;2;2;1;1
202200015411;786 620;7;2;0;8;1;1
202200015412;786 614;14;3;0;0;13;1
202200015413;786 615;7;0;2;3;1;1
202200015413;786 618;7;0;2;2;1;1
202200015414;786 612;7;13;0;2;14;1
202200015415;786 613;10;0;2;1;1;1
202200015415;786 616;7;0;2;7;15;1
202200015416;786 617;7;0;2;3;1;1
202200015416;786 619;30;0;2;1;15;1
202200015417;786 610;7;2;0;1;1;1
202200015418;786 609;32;0;1;1;1;1
202200015419;786 608;7;0;2;1;1;1
202200015419;786 611;7;0;2;8;9;1
202200015420;786 606;7;6;0;1;14;1
202200015421;786 605;7;0;2;1;5;1
202200015421;786 607;7;0;2;7;26;1
202200015422;786 604;10;0;1;1;1;0
202200015423;786 601;7;0;2;8;1;1
202200015423;786 603;7;0;2;2;1;1
202200015424;786 602;7;16;0;0;1;1
202200015425;786 597;33;0;0;0;1;1
202200015426;786 595;7;0;2;4;23;1
202200015426;786 598;7;0;2;1;2;1
202200015426;786 600;7;0;2;4;23;1
202200015427;786 594;1;11;2;1;13;5
202200015427;786 596;37;0;2;6;1;4
202200015428;786 599;7;0;1;2;1;1
202200015429;786 591;10;0;2;3;13;1
202200015429;786 593;7;0;2;8;0;1
202200015430;786 590;7;0;2;8;19;1
202200015430;786 592;30;0;2;1;17;1
202200015431;786 588;7;3;0;3;0;0
202200015431;786 589;7;0;2;1;2;1
202200015432;786 587;7;0;1;3;1;1
202200015433;786 584;7;0;2;4;2;1
202200015433;786 586;33;0;2;1;2;1
202200015434;786 582;7;0;1;2;1;1
202200015435;786 583;7;0;2;1;15;1
202200015435;786 585;7;0;2;8;1;1
202200015436;786 579;7;0;0;5;1;1
202200015437;786 576;7;0;2;8;1;1
202200015437;786 580;7;0;2;3;1;1
202200015438;786 577;33;0;2;2;3;1
202200015438;786 581;7;0;2;3;11;1
202200015439;786 575;7;0;9;1;9;2
202200015439;786 578;33;0;2;1;1;1
202200015440;786 574;80;0;0;0;1;3
202200015441;786 573;7;6;0;1;14;1
202200015442;786 570;99;0;0;0;0;5
202200015443;786 569;7;0;2;7;12;3
202200015443;786 572;31;0;2;3;1;1
202200015444;786 568;7;0;2;1;0;2
202200015444;786 571;7;0;2;2;0;1
202200015445;786 567;33;7;0;1;1;1
202200015446;786 562;7;15;0;2;14;1
202200015447;786 560;7;0;2;3;17;1
202200015447;786 564;1;0;2;4;13;5
202200015448;786 561;7;0;2;6;11;1
202200015448;786 565;31;0;2;2;1;1
202200015449;786 559;38;0;1;2;9;1
202200015450;786 551;7;0;2;3;1;1
202200015450;786 554;7;0;2;2;13;1
202200015451;786 553;15;0;2;2;12;1
202200015451;786 556;7;4;2;6;1;1
202200015452;786 552;7;0;2;3;13;1
202200015452;786 555;7;0;2;3;1;1
202200015453;786 549;30;0;2;1;21;1
202200015453;786 550;7;0;0;0;0;1
202200015454;786 548;7;8;0;3;13;1
202200015455;786 547;7;10;0;3;1;1
202200015456;786 545;7;0;2;5;10;1
202200015456;786 546;33;0;2;3;1;1
202200015457;786 542;7;0;2;1;13;1
202200015457;786 543;7;0;2;1;1;1
202200015458;786 541;43;0;2;1;1;1
202200015458;786 544;7;0;2;7;15;1
202200015459;786 537;7;0;2;8;16;1
202200015459;786 540;1;0;2;2;16;5
202200015460;786 534;33;0;2;1;17;1
202200015460;786 536;7;0;2;2;15;1
202200015461;786 533;43;0;2;8;7;1
202200015461;786 538;7;0;2;2;16;1
202200015462;786 529;7;0;2;0;15;1
202200015462;786 531;33;0;2;1;1;1
202200015463;786 527;7;0;1;1;1;1
202200015464;786 525;7;0;2;1;1;1
202200015464;786 528;7;4;2;4;23;1
202200015464;786 532;7;0;2;6;23;1
202200015465;786 526;7;0;2;3;1;1
202200015465;786 530;2;0;2;8;15;1
202200015466;786 523;7;0;2;1;1;1
202200015466;786 524;31;0;2;2;1;1
202200015467;786 517;7;0;2;1;12;1
202200015467;786 520;7;0;2;5;1;1
202200015467;786 522;7;0;2;6;1;2
202200015468;786 518;7;1;1;1;21;1
202200015469;786 515;7;0;0;5;2;1
202200015469;786 516;7;0;2;6;2;1
202200015469;786 519;7;4;2;5;2;1
202200015469;786 521;7;0;2;3;2;1
202200015470;786 513;7;7;0;1;5;2
202200015471;786 512;7;0;9;7;15;1
202200015471;786 514;1;0;2;1;1;5
202200015472;786 509;34;0;2;3;17;1
202200015472;786 510;34;0;2;3;1;1
202200015473;786 508;10;0;1;2;1;1
202200015474;786 506;7;0;2;1;1;1
202200015474;786 511;7;0;2;1;13;1
202200015475;786 503;7;0;2;0;0;1
202200015475;786 505;7;4;2;6;23;1
202200015475;786 507;33;4;2;2;26;1
202200015476;786 502;50;0;2;1;1;3
202200015476;786 504;7;0;2;3;15;1
202200015477;786 499;30;0;2;1;17;1
202200015477;786 500;7;0;2;6;15;2
202200015478;786 497;7;0;2;3;1;1
202200015478;786 501;33;0;2;1;17;1
202200015479;786 496;80;0;2;1;2;3
202200015479;786 498;1;0;2;4;23;5
202200015480;786 495;7;0;1;1;1;1
202200015481;786 494;7;12;0;3;1;1
202200015482;786 492;7;0;1;1;1;1
202200015483;786 491;1;0;2;7;19;5
202200015483;786 493;33;0;2;1;1;1
202200015484;786 489;7;0;1;4;4;1
202200015485;786 488;7;0;0;4;0;1
202200015485;786 490;2;0;2;1;26;1
202200015486;786 485;7;13;0;1;1;1
202200015487;786 486;7;0;2;7;1;1
202200015487;786 487;7;0;2;2;1;1
202200015488;786 483;7;0;2;1;1;1
202200015488;786 484;3;0;2;2;15;1
202200015489;786 480;7;0;2;1;1;1
202200015489;786 482;7;3;2;1;13;1
202200015490;786 478;7;0;2;5;15;1
202200015490;786 481;30;0;2;1;1;1
202200015491;786 475;7;0;2;1;1;1
202200015491;786 477;7;0;2;6;1;1
202200015491;786 479;14;0;2;2;12;1
202200015492;786 473;14;0;2;1;2;1
202200015492;786 476;7;0;2;1;13;1
202200015493;786 472;10;0;2;7;16;1
202200015493;786 474;30;0;2;3;1;0
202200015494;786 470;50;0;2;6;1;3
202200015494;786 471;7;0;2;7;14;1
202200015495;786 469;34;0;0;0;17;1
202200015496;786 466;37;0;0;0;0;1
202200015496;786 468;10;0;0;0;26;1
202200015497;786 464;7;15;0;1;1;1
202200015498;786 465;34;0;2;1;1;1
202200015498;786 467;7;0;2;2;15;1
202200015499;786 461;7;0;1;1;1;1
202200015500;786 459;0;0;2;0;15;0
202200015500;786 463;50;0;2;7;19;3
202200015501;786 455;1;0;2;7;1;5
202200015501;786 457;7;0;2;1;15;1
202200015502;786 454;37;0;1;1;16;1
202200015503;786 452;7;4;0;1;14;2
202200015504;786 449;1;0;0;0;1;5
202200015504;786 451;10;0;9;2;2;0
202200015505;786 448;1;0;0;0;21;5
202200015506;786 447;7;0;2;3;9;1
202200015506;786 450;2;1;2;1;0;1
202200015507;786 445;2;0;0;7;1;1
202200015508;786 446;7;7;0;1;14;1
202200015509;786 444;3;16;0;0;0;0
202200015510;786 440;1;0;2;5;16;5
202200015510;786 443;7;0;2;3;1;1
202200015511;786 439;31;0;2;5;26;0
202200015511;786 442;7;0;2;3;9;1
202200015512;786 438;7;0;2;2;15;1
202200015512;786 441;30;0;2;1;1;1
202200015513;786 435;7;0;2;1;1;1
202200015513;786 437;10;13;2;2;13;1
202200015514;786 433;7;14;0;1;13;2
202200015515;786 434;10;0;2;1;15;6
202200015515;786 436;34;0;2;8;1;1
202200015516;786 432;10;0;1;1;26;1
202200015517;786 430;7;0;2;3;15;1
202200015517;786 431;2;0;2;1;1;1
202200015518;786 429;50;0;1;0;1;3
202200015519;786 426;7;0;2;6;2;1
202200015519;786 428;7;0;2;3;2;1
202200015520;786 425;7;0;0;2;16;1
202200015520;786 427;2;10;2;1;1;1
202200015521;786 423;7;0;2;3;15;1
202200015521;786 424;32;0;2;1;17;1
202200015522;786 420;80;0;2;0;2;3
202200015522;786 422;30;0;2;0;9;1
202200015523;786 419;2;0;2;1;1;1
202200015523;786 421;7;0;2;2;15;1
202200015524;786 417;10;0;2;0;1;3
202200015524;786 418;50;0;2;5;19;3
202200015525;786 415;7;0;1;3;1;0
202200015526;786 416;7;11;0;3;16;1
202200015527;786 414;7;0;1;6;20;2
202200015528;786 412;7;0;1;1;1;1
202200015529;786 411;34;0;2;1;2;1
202200015529;786 413;15;0;2;4;23;1
202200015530;786 408;31;0;2;1;1;1
202200015530;786 409;7;0;2;7;16;1
202200015531;786 407;7;0;2;3;1;1
202200015531;786 410;30;0;2;7;15;1
202200015532;786 405;7;0;2;0;0;1
202200015532;786 406;2;0;2;7;15;1
202200015533;786 402;38;0;2;0;0;1
202200015533;786 404;38;0;2;3;1;1
202200015534;786 401;2;0;2;4;15;1
202200015534;786 403;14;0;2;1;15;1
202200015535;786 399;7;0;2;1;2;1
202200015535;786 400;7;0;2;4;2;1
202200015536;786 395;7;0;2;7;15;1
202200015536;786 398;32;0;2;1;1;1
202200015537;786 394;7;0;1;2;16;1
202200015538;786 393;7;0;2;1;1;1
202200015538;786 396;7;0;2;4;2;1
202200015538;786 397;7;0;2;4;2;1
202200015539;786 390;7;0;2;1;1;1
202200015539;786 392;14;0;2;4;1;1
202200015540;786 389;7;9;2;2;17;1
202200015540;786 391;31;9;2;4;17;1
202200015541;786 387;33;0;2;1;2;1
202200015541;786 388;7;0;2;5;2;1
202200015542;786 384;60;0;2;0;0;5
202200015542;786 386;10;0;2;1;9;1
202200015543;786 380;7;0;2;4;2;1
202200015543;786 382;15;0;2;1;1;1
202200015544;786 378;10;0;2;3;13;1
202200015544;786 381;7;0;2;1;1;1
202200015544;786 383;7;0;2;8;1;1
202200015544;786 385;7;0;2;8;1;1
202200015545;786 377;38;0;2;1;15;2
202200015545;786 379;7;0;2;1;19;1
202200015546;786 373;7;0;2;0;14;1
202200015546;786 376;31;0;2;8;3;1
202200015547;786 371;7;0;2;2;1;1
202200015547;786 375;2;0;2;7;1;1
202200015548;786 372;7;0;2;1;1;1
202200015548;786 374;7;0;2;1;0;1
202200015549;786 369;7;13;0;2;1;1
202200015550;786 367;7;0;2;5;1;1
202200015550;786 370;7;4;2;3;21;1
202200015551;786 365;7;0;1;3;1;1
202200015552;786 366;50;0;2;1;1;3
202200015552;786 368;7;0;2;2;1;1
202200015553;786 363;32;1;0;2;14;1
202200015554;786 362;33;0;2;8;3;1
202200015554;786 364;7;0;2;5;12;1
202200015555;786 361;31;0;0;0;26;1
202200015556;786 359;7;1;0;9;1;1
202200015557;786 357;7;0;2;3;13;1
202200015557;786 360;7;0;2;2;1;1
202200015558;786 356;7;3;0;5;1;1
202200015558;786 358;15;0;2;1;21;1
202200015559;786 354;7;3;0;2;1;1
202200015560;786 353;7;0;0;9;19;1
202200015561;786 352;7;0;2;7;15;1
202200015561;786 355;2;0;2;1;1;1
202200015562;786 349;7;1;0;1;1;1
202200015563;786 348;7;0;2;1;1;1
202200015563;786 351;7;0;2;8;11;1
202200015564;786 347;7;0;2;6;1;1
202200015564;786 350;2;1;2;1;2;1
202200015565;786 346;2;8;0;0;14;1
202200015566;786 344;7;0;1;1;2;1
202200015567;786 343;32;8;0;2;1;1