Num_Acc;id_vehicule;categorie_vehicule;obstacle_fixe;obstacle_mobile;point_choc_initial;manoeuvre_principale;motorisation
202200015568;786 342;30;0;2;7;1;1
202200015568;786 345;7;0;2;2;1;1
202200015569;786 339;7;0;2;3;20;1
202200015569;786 341;1;0;2;7;1;5
202200015570;786 336;7;4;0;1;1;1
202200015571;786 337;7;0;2;0;0;1
202200015571;786 338;10;0;2;1;0;1
202200015572;786 335;13;0;1;3;1;1
202200015573;786 333;7;11;0;1;1;1
202200015574;786 331;7;0;2;1;0;1
202200015574;786 332;2;9;0;1;0;1
202200015575;786 330;7;0;0;0;26;0
202200015576;786 329;7;0;2;3;1;1
202200015576;786 334;1;0;2;8;1;5
202200015577;786 326;7;0;1;2;1;1
202200015578;786 325;10;0;9;2;1;1
202200015578;786 328;1;0;0;4;1;5
202200015579;786 324;7;1;2;8;15;2
202200015579;786 327;10;0;2;3;1;1
202200015580;786 321;7;0;1;3;1;1
202200015581;786 322;7;10;0;2;2;1
202200015582;786 317;7;0;1;2;15;1
202200015583;786 315;7;0;2;1;26;1
202200015583;786 316;7;0;2;7;11;1
202200015584;786 314;7;13;0;1;1;1
202200015585;786 312;7;0;1;3;16;1
202200015586;786 310;7;0;0;3;1;1
202200015586;786 313;33;0;2;1;1;1
202200015587;786 309;7;0;0;3;1;1
202200015587;786 311;7;0;2;2;2;1
202200015588;786 308;2;12;0;0;2;1
202200015589;786 307;33;0;0;0;1;0
202200015590;786 306;7;0;1;1;1;1
202200015591;786 305;30;0;0;7;1;1
202200015592;786 304;7;0;1;2;1;1
202200015593;786 302;2;0;2;1;13;1
202200015593;786 303;21;0;2;3;21;1
202200015594;786 300;7;8;0;3;1;1
202200015595;786 299;33;0;2;1;17;1
202200015595;786 301;7;0;0;6;10;0
202200015596;786 298;31;13;0;7;1;1
202200015597;786 294;21;0;2;3;1;1
202200015597;786 297;10;0;2;3;1;1
202200015598;786 292;14;0;0;3;0;1
202200015598;786 293;7;0;0;3;0;1
202200015598;786 296;7;0;2;2;17;1
202200015599;786 290;7;8;2;3;19;1
202200015599;786 295;7;8;2;1;1;1
202200015600;786 289;7;0;2;3;1;1
202200015600;786 291;10;0;2;3;1;1
202200015601;786 284;14;4;2;2;5;1
202200015601;786 287;10;0;2;1;1;1
202200015601;786 288;7;0;2;3;1;1
202200015602;786 282;7;0;0;7;1;1
202200015602;786 283;7;0;2;8;9;1
202200015603;786 279;7;0;2;6;18;1
202200015603;786 281;7;0;2;2;1;1
202200015604;786 278;7;0;2;5;13;1
202200015604;786 280;50;0;0;1;2;3
202200015605;786 277;7;13;0;1;0;6
202200015606;786 271;7;0;2;3;13;1
202200015606;786 274;7;0;2;3;1;1
202200015607;786 272;2;0;2;1;1;1
202200015607;786 275;7;0;2;7;9;1
202200015608;786 270;7;0;2;2;1;1
202200015608;786 273;7;0;2;2;19;1
202200015608;786 276;7;0;2;8;23;1
202200015609;786 265;7;0;2;1;21;1
202200015609;786 269;7;0;2;1;13;1
202200015610;786 266;7;0;1;3;1;2
202200015611;786 267;38;0;2;8;19;0
202200015611;786 268;7;0;2;3;1;1
202200015612;786 261;7;13;2;4;2;1
202200015612;786 264;7;0;2;1;2;0
202200015613;786 259;7;0;2;1;5;1
202200015613;786 262;7;0;2;1;1;1
202200015614;786 260;2;0;2;1;1;1
202200015614;786 263;7;0;0;2;15;1
202200015615;786 258;33;8;0;2;1;1
202200015616;786 256;7;0;2;1;1;1
202200015616;786 257;21;0;0;4;1;1
202200015617;786 255;7;0;1;2;17;1
202200015618;786 253;10;0;9;2;17;1
202200015618;786 254;1;0;2;3;15;5
202200015619;786 252;7;1;1;3;5;1
202200015620;786 250;7;0;0;3;15;1
202200015620;786 251;2;0;2;1;2;1
202200015621;786 249;33;0;0;9;1;1
202200015622;786 246;7;0;2;1;15;1
202200015622;786 248;33;0;2;2;1;1
202200015623;786 245;7;0;2;1;13;1
202200015623;786 247;7;0;2;1;1;1
202200015624;786 244;7;13;0;1;1;1
202200015625;786 242;7;0;1;1;2;1
202200015626;786 240;7;6;2;1;1;1
202200015626;786 243;7;1;2;8;1;1
202200015627;786 239;2;0;2;7;1;1
202200015627;786 241;1;0;2;7;1;5
202200015628;786 236;33;0;2;5;0;1
202200015628;786 237;30;0;2;3;1;1
202200015629;786 234;2;9;0;0;1;1
202200015630;786 233;7;0;2;3;19;1
202200015630;786 235;7;0;2;2;21;1
202200015631;786 231;7;12;0;3;13;1
202200015632;786 229;7;0;2;3;1;1
202200015632;786 232;7;4;2;9;17;2
202200015633;786 228;7;0;2;1;1;1
202200015633;786 230;7;0;2;1;13;1
202200015634;786 226;33;8;0;1;1;1
202200015635;786 224;7;0;2;1;1;1
202200015635;786 227;7;0;2;4;1;1
202200015636;786 225;7;2;0;3;1;1
202200015637;786 221;17;0;2;2;21;1
202200015637;786 222;7;3;2;7;21;1
202200015638;786 218;7;0;2;1;1;1
202200015638;786 219;7;0;2;4;1;1
202200015639;786 217;7;0;2;3;0;1
202200015639;786 220;7;0;2;2;5;1
202200015639;786 223;7;0;2;3;1;1
202200015640;786 215;7;1;0;1;1;1
202200015640;786 216;7;3;0;1;1;1
202200015641;786 214;31;1;0;7;1;1
202200015642;786 212;7;0;2;1;0;1
202200015642;786 213;7;0;2;4;2;1
202200015643;786 211;7;0;1;2;1;1
202200015644;786 210;7;13;0;9;17;1
202200015645;786 206;7;0;2;3;0;1
202200015645;786 208;32;0;2;2;17;1
202200015646;786 207;30;0;2;7;2;1
202200015646;786 209;7;0;2;8;15;1
202200015647;786 204;7;0;2;7;15;1
202200015647;786 205;7;0;2;1;1;1
202200015648;786 202;7;0;2;2;15;1
202200015648;786 203;99;0;2;1;1;1
202200015649;786 201;99;0;0;2;26;5
202200015650;786 198;33;0;2;1;17;1
202200015650;786 200;15;0;2;8;15;1
202200015651;786 197;2;0;2;1;1;1
202200015651;786 199;10;0;2;3;15;1
202200015652;786 196;7;0;1;1;1;1
202200015653;786 195;7;0;1;1;2;1
202200015654;786 192;7;3;2;1;1;1
202200015654;786 194;7;3;2;1;13;1
202200015655;786 191;7;0;2;3;11;1
202200015655;786 193;30;0;2;7;1;1
202200015656;786 189;7;0;0;4;9;1
202200015656;786 190;33;0;2;1;17;1
202200015657;786 188;33;6;0;7;0;1
202200015658;786 186;31;0;9;0;0;1
202200015659;786 185;7;0;2;2;18;1
202200015659;786 187;7;0;2;3;9;1
202200015660;786 180;43;0;2;1;1;1
202200015660;786 183;7;0;2;3;17;1
202200015661;786 181;7;0;0;1;23;1
202200015661;786 184;33;1;0;1;13;1
202200015662;786 179;30;0;2;2;15;1
202200015662;786 182;7;0;9;3;15;1
202200015663;786 178;7;0;1;3;15;1
202200015664;786 175;21;0;1;6;26;1
202200015665;786 173;7;0;2;6;0;1
202200015665;786 174;7;1;2;9;20;1
202200015665;786 176;33;0;2;2;26;1
202200015665;786 177;7;1;2;9;26;1
202200015666;786 171;7;0;2;3;15;1
202200015666;786 172;2;0;2;1;1;1
202200015667;786 168;7;0;2;1;1;1
202200015667;786 170;7;0;2;3;1;1
202200015668;786 167;33;0;2;3;0;0
202200015668;786 169;7;0;2;3;13;0
202200015669;786 165;1;1;0;2;1;5
202200015670;786 166;7;2;0;1;14;1
202200015671;786 162;33;0;2;2;2;1
202200015671;786 164;7;0;2;0;0;1
202200015672;786 160;10;0;2;6;15;1
202200015672;786 163;2;0;2;2;15;1
202200015673;786 156;1;0;0;4;2;5
202200015673;786 157;10;0;2;2;2;1
202200015674;786 158;7;0;2;4;1;1
202200015674;786 161;7;4;2;1;1;1
202200015675;786 159;7;0;1;3;15;1
202200015676;786 155;33;0;9;0;0;1
202200015677;786 152;7;0;2;3;1;1
202200015677;786 153;2;0;2;7;9;1
202200015678;786 151;1;0;2;1;8;0
202200015678;786 154;7;0;2;2;7;1
202200015679;786 149;14;0;0;0;2;1
202200015679;786 150;1;0;0;0;0;5
202200015680;786 147;2;0;2;1;1;1
202200015680;786 148;2;0;2;8;10;1
202200015681;786 145;34;0;2;1;17;1
202200015681;786 146;30;0;0;8;15;1
202200015682;786 143;7;0;2;1;1;1
202200015682;786 144;7;0;2;1;13;1
202200015683;786 141;15;0;2;1;1;1
202200015683;786 142;7;0;2;1;13;1
202200015684;786 140;7;0;1;1;17;1
202200015685;786 138;15;0;2;3;1;1
202200015685;786 139;13;0;2;3;1;1
202200015686;786 136;7;0;0;6;16;1
202200015686;786 137;7;0;2;1;2;1
202200015687;786 134;2;0;2;1;1;1
202200015687;786 135;10;0;2;2;15;1
202200015688;786 132;7;0;2;1;1;1
202200015688;786 133;7;0;2;3;13;1
202200015689;786 131;33;8;0;2;1;1
202200015690;786 129;21;0;2;2;1;1
202200015690;786 130;31;0;2;1;13;1
202200015691;786 128;1;0;1;1;17;5
202200015692;786 127;3;0;1;1;1;3
202200015693;786 125;33;0;2;1;2;1
202200015693;786 126;7;0;0;4;11;1
202200015694;786 120;7;0;2;1;1;2
202200015694;786 121;7;0;2;1;13;1
202200015695;786 118;7;0;2;1;17;1
202200015695;786 119;1;0;2;4;1;5
202200015696;786 117;50;0;1;1;1;3
202200015697;786 115;32;0;2;2;17;1
202200015697;786 116;7;0;2;3;15;1
202200015698;786 113;7;0;2;1;1;1
202200015698;786 114;2;0;2;2;13;1
202200015699;786 112;7;13;0;1;0;1
202200015700;786 111;7;8;0;8;1;1
202200015701;786 108;7;13;0;3;13;1
202200015702;786 106;7;0;2;3;3;1
202200015702;786 107;43;0;2;4;26;1
202200015703;786 104;10;0;2;1;2;1
202200015703;786 105;7;0;2;4;2;2
202200015704;786 103;31;0;0;8;26;1
202200015705;786 101;7;0;2;6;11;1
202200015705;786 102;15;0;2;2;1;1
202200015706;786 099;31;3;0;4;1;1
202200015706;786 100;33;3;2;1;2;1
202200015707;786 097;43;0;2;1;3;1
202200015707;786 098;7;0;2;2;18;1
202200015708;786 095;10;0;2;5;1;1
202200015708;786 096;43;0;2;1;18;1
202200015709;786 093;7;0;2;3;12;1
202200015709;786 094;7;0;2;5;1;1
202200015710;786 091;7;0;2;1;2;1
202200015710;786 092;7;0;2;4;2;1
202200015711;786 086;7;0;2;4;1;1
202200015711;786 087;7;0;2;4;1;1
202200015711;786 088;7;0;2;4;1;1
202200015711;786 089;10;0;2;4;1;1
202200015711;786 090;14;0;2;1;1;1
202200015712;786 085;34;16;0;2;1;1
202200015713;786 084;7;15;1;1;26;1
202200015714;786 082;1;0;2;1;19;5
202200015714;786 083;7;0;2;1;1;1
202200015715;786 080;32;0;2;1;1;6
202200015715;786 081;10;1;0;2;15;6
202200015716;786 077;7;14;2;1;1;1
202200015716;786 078;10;0;2;1;1;0
202200015716;786 079;7;0;2;4;2;1
202200015717;786 076;30;0;0;2;1;1
202200015718;786 075;7;0;1;2;21;1
202200015719;786 074;7;0;1;1;1;1
202200015720;786 071;7;0;2;4;1;1
202200015720;786 072;7;0;2;4;1;1
202200015720;786 073;7;0;2;1;12;1
202200015721;786 070;37;0;2;1;26;1
202200015722;786 069;7;7;0;1;1;1
202200015723;786 068;7;0;1;3;1;1
202200015724;786 066;7;0;2;4;15;1
202200015724;786 067;7;0;2;1;1;1
202200015725;786 064;7;0;2;2;1;1
202200015725;786 065;7;0;2;8;9;1
202200015726;786 063;7;0;1;2;26;1
202200015727;786 061;7;0;2;6;2;1
202200015727;786 062;33;0;2;1;2;1
202200015728;786 060;7;0;1;2;0;1
202200015729;786 058;7;0;2;2;1;1
202200015729;786 059;7;0;2;1;1;1
202200015730;786 057;10;0;1;1;1;0
202200015731;786 055;7;0;2;3;1;1
202200015731;786 056;7;0;2;2;9;1
202200015732;786 053;1;0;2;1;25;5
202200015732;786 054;10;0;2;8;1;1
202200015733;786 049;7;0;2;1;15;1
202200015733;786 050;1;0;2;1;1;5
202200015734;786 047;7;0;1;3;1;1
202200015735;786 045;7;0;1;2;1;1
202200015736;786 042;7;0;1;8;15;1
202200015737;786 043;7;0;2;1;1;1
202200015737;786 044;7;0;2;1;1;1
202200015738;786 040;34;0;2;2;13;1
202200015738;786 041;13;0;2;2;9;1
202200015739;786 036;7;0;2;4;2;1
202200015739;786 038;10;0;2;1;2;1
202200015740;786 037;7;0;2;2;17;1
202200015740;786 039;37;0;2;6;2;1
202200015741;786 034;1;0;2;1;1;5
202200015741;786 035;10;0;2;5;16;1
202200015742;786 031;7;0;2;1;1;1
202200015742;786 033;7;0;2;5;1;1
202200015743;786 029;7;0;2;1;2;1
202200015743;786 030;7;0;2;5;2;1
202200015743;786 032;10;0;2;9;12;1
202200015744;786 028;7;0;1;1;1;1
202200015745;786 027;7;1;0;2;1;1
202200015746;786 026;7;0;0;0;26;1
202200015747;786 023;37;0;0;7;1;2
202200015747;786 025;7;0;2;1;26;1
202200015748;786 022;10;0;2;6;1;1
202200015748;786 024;7;0;2;1;1;1
202200015749;786 020;7;0;2;1;2;1
202200015749;786 021;7;0;2;4;26;1
202200015750;786 019;50;0;0;0;1;3
202200015751;786 017;7;0;2;5;16;2
202200015751;786 018;1;0;2;1;1;5
202200015752;786 016;7;0;0;9;0;1
202200015753;786 014;33;0;2;3;1;1
202200015753;786 015;17;0;2;3;13;1
202200015754;786 013;17;3;0;2;14;1
202200015755;786 011;7;0;2;3;1;1
202200015755;786 012;2;0;2;1;15;1
202200015756;786 010;10;8;0;1;15;1
202200015757;786 009;7;13;0;9;14;1
202200015758;786 006;1;0;2;1;2;5
202200015758;786 007;1;0;2;1;2;5
202200015758;786 008;7;0;9;6;1;1
202200015759;786 005;21;2;0;1;1;0
202200015760;786 004;33;15;0;1;1;1
202200015761;786 001;7;0;0;4;15;1
202200015761;786 002;33;0;2;4;1;1
202200015761;786 003;7;0;2;1;2;1
202200015762;786 000;7;2;0;1;14;1
202200015763;785 998;1;0;2;7;21;5
202200015763;785 999;7;0;2;3;19;1
202200015764;785 996;7;0;0;3;10;1
202200015764;785 997;7;0;2;1;1;1
202200015765;785 994;7;0;2;8;15;1
202200015765;785 995;31;0;2;8;1;1
202200015766;785 991;7;0;2;3;1;1
202200015766;785 992;33;0;2;1;1;1
202200015766;785 993;7;0;2;8;9;1
202200015767;785 990;7;16;0;1;1;1
202200015768;785 989;7;0;1;2;1;1
202200015769;785 987;33;0;2;1;1;1
202200015769;785 988;7;0;2;3;16;1
202200015770;785 986;33;17;0;1;13;1
202200015771;785 984;7;0;2;3;1;1
202200015771;785 985;7;0;2;3;13;1
202200015772;785 982;21;0;2;8;15;1
202200015772;785 983;33;0;2;7;17;1
202200015773;785 978;7;2;0;1;1;1
202200015774;785 979;7;0;2;2;17;1
202200015774;785 980;2;0;0;4;15;1
202200015775;785 977;7;7;0;1;13;1
202200015776;785 975;7;0;0;4;15;0
202200015776;785 976;33;0;2;1;1;1
202200015777;785 974;7;0;1;1;15;1
202200015778;785 973;7;0;1;1;1;1
202200015779;785 970;32;0;2;2;5;1
202200015779;785 972;7;0;2;1;1;1
202200015780;785 969;31;0;2;3;17;1
202200015780;785 971;7;0;2;3;15;1
202200015781;785 966;2;0;2;2;15;1
202200015781;785 968;7;0;2;3;9;1
202200015782;785 965;7;0;2;2;1;1
202200015782;785 967;7;0;2;1;19;1
202200015783;785 963;7;0;2;1;1;1
202200015783;785 964;7;2;2;1;15;1
202200015784;785 962;31;0;6;2;1;1
202200015785;785 961;7;0;1;3;15;1
202200015786;785 960;33;13;0;3;0;1
202200015787;785 958;30;0;2;1;1;1
202200015787;785 959;10;0;2;3;15;1
202200015788;785 956;1;0;0;0;1;5
202200015788;785 957;50;0;0;0;17;3
202200015789;785 955;7;0;1;1;15;1
202200015790;785 953;7;0;2;8;15;1
202200015790;785 954;2;0;2;1;1;1
202200015791;785 952;7;0;1;1;15;1
202200015792;785 951;38;8;0;1;14;1
202200015793;785 949;7;0;2;7;15;1
202200015793;785 950;32;0;2;1;1;1
202200015794;785 948;7;4;0;5;2;1
202200015795;785 946;7;0;2;1;15;1
202200015795;785 947;32;0;2;3;1;1
202200015796;785 943;33;0;2;8;1;1
202200015796;785 945;7;0;2;6;14;1
202200015797;785 942;7;0;2;1;1;1
202200015797;785 944;7;0;2;6;1;1
202200015798;785 940;10;0;2;7;0;1
202200015798;785 941;31;0;2;3;9;1
202200015799;785 939;38;0;1;5;15;1
202200015800;785 936;7;0;0;0;0;1
202200015801;785 935;7;0;1;1;16;1
202200015802;785 933;7;0;2;1;13;1
202200015802;785 934;7;0;2;1;1;1
202200015803;785 931;7;0;2;2;1;3
202200015803;785 932;10;0;2;1;0;1
202200015804;785 929;7;0;2;1;1;1
202200015804;785 930;31;0;2;1;13;1
202200015805;785 928;33;11;0;0;0;1
202200015806;785 926;7;9;0;2;16;1
202200015807;785 925;7;0;2;2;1;1
202200015807;785 927;7;0;0;6;12;1
202200015808;785 922;2;0;0;0;1;1
202200015809;785 918;80;0;0;4;26;3
202200015809;785 919;7;0;9;3;26;1
202200015810;785 916;1;0;2;3;19;5
202200015810;785 917;1;0;2;1;1;5
202200015811;785 914;7;0;2;3;15;1
202200015811;785 915;7;0;2;1;1;1
202200015812;785 912;1;0;2;1;1;5
202200015812;785 913;7;0;2;5;15;1
202200015813;785 911;34;1;0;1;1;0
202200015814;785 907;7;0;2;6;1;1
202200015814;785 909;7;0;2;3;1;1
202200015814;785 910;7;0;2;2;1;1
202200015815;785 905;7;0;2;1;1;1
202200015815;785 906;7;0;2;1;1;1
202200015815;785 908;7;0;2;4;1;1
202200015816;785 904;7;4;0;1;1;1
202200015817;785 902;7;0;2;2;19;1
202200015817;785 903;99;0;2;1;1;3
202200015818;785 899;10;0;2;2;2;1
202200015818;785 901;7;0;2;6;1;1
202200015819;785 898;33;0;2;1;1;1
202200015819;785 900;7;0;2;2;1;1
202200015820;785 896;7;6;0;4;26;1
202200015821;785 895;7;1;0;0;24;1
202200015821;785 897;7;0;1;2;1;1
202200015822;785 893;7;14;2;4;2;1
202200015822;785 894;7;0;2;1;2;1
202200015823;785 891;7;0;2;4;2;2
202200015823;785 892;7;0;2;1;2;1
202200015824;785 888;7;0;2;3;1;1
202200015824;785 890;37;0;2;3;1;4
202200015825;785 887;33;0;2;1;2;1
202200015825;785 889;7;0;2;4;2;1
202200015826;785 884;7;0;2;1;1;1
202200015826;785 885;7;0;2;4;2;1
202200015827;785 882;32;0;2;1;1;1
202200015827;785 883;10;0;2;3;10;1
202200015828;785 880;10;0;2;7;1;1
202200015828;785 881;33;0;2;8;3;1
202200015829;785 878;31;0;2;7;1;1
202200015829;785 879;7;0;2;2;15;1
202200015830;785 876;7;0;2;3;9;1
202200015830;785 877;7;0;2;2;1;1
202200015831;785 874;30;0;0;7;1;1
202200015832;785 873;50;0;2;8;9;3
202200015832;785 875;7;0;2;1;9;1
202200015833;785 872;33;8;0;1;18;1
202200015834;785 869;1;0;0;8;26;5
202200015835;785 870;7;0;9;2;1;1
202200015835;785 871;1;0;2;8;1;5
202200015836;785 866;7;0;2;1;15;1
202200015836;785 867;33;0;2;8;16;1
202200015837;785 865;30;0;2;8;5;1
202200015837;785 868;7;0;2;2;1;1
202200015838;785 864;7;3;0;7;2;1
202200015839;785 863;7;0;1;1;0;0
202200015840;785 861;7;0;2;2;1;2
202200015840;785 862;7;0;2;6;0;1
202200015841;785 859;7;0;1;3;16;1
202200015842;785 857;7;0;2;8;1;1
202200015842;785 858;7;0;2;1;1;1
202200015842;785 860;7;0;2;1;23;1
202200015843;785 855;33;0;2;1;21;1
202200015843;785 856;7;0;2;4;2;1
202200015844;785 853;7;0;2;7;1;1
202200015844;785 854;7;0;2;8;20;1
202200015845;785 852;7;10;0;2;14;1
202200015846;785 850;33;0;2;7;17;1
202200015846;785 851;7;0;2;8;15;1
202200015847;785 849;7;13;2;1;17;1
202200015848;785 847;7;0;2;1;1;1
202200015848;785 848;7;0;2;8;9;1
202200015849;785 844;7;0;1;2;16;1
202200015850;785 845;7;0;9;7;1;1
202200015850;785 846;7;0;2;7;0;1
202200015851;785 841;7;0;0;0;0;1
202200015851;785 843;7;0;2;1;1;1
202200015852;785 840;7;0;2;3;20;1
202200015852;785 842;30;2;2;2;17;1
202200015853;785 839;7;6;0;1;1;1
202200015854;785 835;1;0;2;9;26;5
202200015854;785 837;7;0;2;3;15;2
202200015855;785 834;10;0;2;3;1;1
202200015855;785 836;7;0;2;1;1;1
202200015855;785 838;7;0;2;4;23;1
202200015856;785 830;7;0;2;8;15;1
202200015856;785 832;7;0;2;1;2;1
202200015857;785 831;30;0;2;1;1;1
202200015857;785 833;10;0;2;5;23;1
202200015858;785 827;7;0;2;3;2;1
202200015858;785 829;30;0;2;2;12;1
202200015859;785 826;7;0;2;3;1;1
202200015859;785 828;7;0;2;3;13;1
202200015860;785 824;1;0;2;1;1;5
202200015860;785 825;7;0;2;8;22;1
202200015861;785 820;31;0;2;1;1;1
202200015861;785 822;7;0;2;1;1;1
202200015862;785 821;99;0;2;1;1;0
202200015862;785 823;7;0;2;3;1;1
202200015863;785 818;50;0;2;8;15;3
202200015863;785 819;7;0;2;1;15;1
202200015864;785 817;38;10;0;0;0;1
202200015865;785 816;32;16;0;1;1;1
202200015866;785 815;33;8;0;1;1;1
202200015867;785 813;7;0;2;1;17;1
202200015867;785 814;7;3;0;4;1;1
202200015868;785 810;50;0;2;8;1;3
202200015868;785 812;7;0;2;2;16;1
202200015869;785 808;7;0;2;2;0;1
202200015869;785 809;30;0;2;2;17;1
202200015869;785 811;7;0;2;1;0;1
202200015870;785 806;7;;;;;
202200015871;785 805;7;0;2;5;16;1
202200015871;785 807;1;0;2;8;16;5
202200015872;785 803;7;0;1;1;1;1
202200015873;785 802;7;0;2;6;15;1
202200015873;785 804;31;0;2;1;17;1
202200015874;785 798;80;0;2;8;1;3
202200015874;785 800;80;0;2;1;1;3
202200015874;785 801;7;0;2;3;13;1
202200015875;785 797;31;0;2;1;1;1
202200015875;785 799;7;0;2;1;1;1
202200015876;785 796;7;2;0;1;26;1
202200015877;785 793;32;0;2;1;2;0
202200015877;785 795;7;0;2;4;20;0
202200015878;785 792;7;0;2;1;15;1
202200015878;785 794;1;0;2;8;1;5
202200015879;785 790;10;0;1;1;1;1
202200015880;785 789;1;0;2;1;1;5
202200015880;785 791;99;0;2;2;15;1
202200015881;785 786;31;0;2;0;0;1
202200015881;785 787;34;0;2;1;13;1
202200015882;785 784;32;1;0;2;1;1
202200015883;785 783;10;0;2;4;2;1
202200015883;785 785;7;0;2;4;2;1
202200015883;785 788;7;0;2;1;2;1
202200015884;785 781;7;0;0;3;0;1
202200015884;785 782;7;0;2;1;15;1
202200015885;785 780;7;12;0;1;1;1
202200015886;785 779;7;12;0;1;15;1
202200015887;785 777;10;2;0;1;1;1
202200015888;785 776;7;0;2;1;1;1
202200015888;785 778;10;0;2;1;1;1
202200015889;785 773;33;0;2;3;13;1
202200015889;785 774;7;0;2;6;1;3
202200015889;785 775;7;0;2;5;1;1
202200015890;785 771;1;0;2;4;15;5
202200015890;785 772;1;0;2;1;1;5
202200015891;785 769;7;0;2;1;2;1
202200015891;785 770;37;0;2;4;23;1
202200015892;785 767;7;0;2;3;9;1
202200015892;785 768;1;0;2;1;25;5
202200015893;785 766;38;6;0;1;13;1
202200015894;785 764;43;0;1;1;1;1
202200015895;785 763;1;0;2;1;2;5
202200015895;785 765;7;0;2;4;2;1
202200015896;785 762;7;0;1;1;1;2
202200015897;785 761;7;0;1;1;1;2
202200015898;785 759;1;0;1;1;7;5
202200015899;785 760;7;0;1;2;15;1
202200015900;785 757;1;0;2;1;1;5
202200015900;785 758;7;0;2;8;22;1
202200015901;785 755;1;0;2;3;1;5
202200015901;785 756;7;0;2;2;15;2
202200015902;785 753;43;0;2;1;1;1
202200015902;785 754;7;0;2;3;1;1
202200015903;785 751;10;0;1;8;1;3
202200015904;785 750;33;0;2;1;1;1
202200015904;785 752;7;0;2;5;15;1
202200015905;785 749;10;0;1;1;15;1
202200015906;785 748;33;0;1;1;1;1
202200015907;785 746;1;0;2;1;1;5
202200015907;785 747;7;0;2;3;15;1
202200015908;785 744;7;0;2;8;4;1
202200015908;785 745;7;0;2;2;1;1
202200015909;785 742;60;0;2;7;19;5
202200015909;785 743;7;0;2;1;16;2
202200015910;785 738;80;0;2;2;9;3
202200015910;785 740;7;0;2;1;1;0
202200015911;785 739;7;0;2;3;15;1
202200015911;785 741;30;0;2;5;1;3
202200015912;785 735;7;0;2;3;9;1
202200015912;785 736;7;0;2;2;1;1
202200015912;785 737;2;0;2;7;2;1
202200015913;785 734;50;0;2;0;1;3
202200015914;785 731;7;0;2;5;23;1
202200015914;785 733;50;0;2;1;1;3
202200015915;785 730;32;0;2;1;1;1
202200015915;785 732;7;0;2;4;1;1
202200015916;785 729;10;0;1;6;20;1
202200015917;785 725;33;0;2;1;17;1
202200015917;785 727;7;0;2;3;13;1
202200015918;785 726;7;0;0;0;0;0
202200015918;785 728;30;0;2;0;1;1
202200015919;785 722;1;0;2;2;1;5
202200015919;785 724;32;0;2;1;1;1
202200015920;785 721;7;0;0;6;2;2
202200015920;785 723;43;0;2;1;2;1
202200015921;785 720;1;1;0;1;16;5
202200015922;785 716;7;0;2;0;9;1
202200015922;785 717;30;0;2;2;1;1
202200015923;785 713;33;0;1;3;17;1
202200015924;785 712;7;0;2;3;19;1
202200015924;785 714;7;0;2;2;1;1
202200015925;785 710;7;0;2;3;15;1
202200015925;785 711;32;0;2;1;17;1
202200015926;785 709;7;6;0;1;15;1
202200015927;785 707;7;0;2;1;15;1
202200015927;785 708;33;0;2;8;1;1
202200015928;785 706;33;2;0;0;26;1
202200015929;785 704;99;0;1;2;1;0
202200015930;785 703;7;0;2;1;1;1
202200015930;785 705;7;0;2;3;1;1
202200015931;785 701;7;8;0;3;1;1
202200015931;785 702;7;0;2;1;15;0
202200015932;785 700;7;12;0;2;15;1
202200015933;785 698;7;0;1;2;21;1
202200015934;785 697;7;0;2;1;1;0
202200015934;785 699;37;0;2;3;0;0
202200015935;785 694;7;0;2;0;0;1
202200015935;785 695;7;0;2;0;0;1
202200015935;785 696;7;0;0;0;0;1
202200015936;785 691;7;0;0;4;1;1
202200015936;785 693;43;0;2;1;1;1
202200015937;785 690;7;0;2;3;15;2
202200015937;785 692;10;0;2;4;1;1
202200015938;785 687;42;1;2;1;17;1
202200015938;785 689;7;0;2;3;15;1
202200015939;785 686;7;0;2;3;15;1
202200015939;785 688;33;9;2;1;17;1
202200015940;785 683;10;0;0;4;1;1
202200015940;785 684;7;0;2;1;1;1
202200015941;785 682;1;0;2;1;1;5
202200015941;785 685;7;0;9;1;15;1
202200015942;785 680;7;0;2;1;13;1
202200015942;785 681;7;0;2;3;1;1
202200015943;785 679;7;0;1;3;1;2
202200015944;785 678;7;0;1;1;0;0
202200015945;785 676;7;0;1;2;1;1
202200015946;785 675;50;0;2;0;0;3
202200015946;785 677;7;0;2;6;2;1
202200015947;785 673;1;0;1;8;16;5
202200015948;785 672;10;0;2;7;15;1
202200015948;785 674;7;0;0;3;1;1
202200015949;785 671;50;1;1;1;0;3
202200015950;785 670;10;0;1;6;4;1
202200015951;785 669;7;9;1;1;15;1
202200015952;785 667;7;9;0;1;1;1
202200015953;785 668;7;13;0;1;14;2
202200015954;785 663;32;0;2;1;17;1
202200015954;785 665;7;0;2;8;1;1
202200015954;785 666;7;0;2;3;1;1
202200015955;785 662;7;0;2;3;1;1
202200015955;785 664;7;0;2;3;13;1
202200015956;785 660;7;6;0;8;1;0
202200015956;785 661;7;0;2;1;1;0
202200015957;785 657;7;0;2;3;9;1
202200015957;785 658;50;0;2;7;1;3
202200015958;785 656;7;4;0;0;0;1
202200015959;785 655;33;15;0;7;2;1
202200015960;785 654;7;2;0;3;1;3
202200015961;785 653;7;0;1;1;1;1
202200015962;785 651;10;0;2;1;0;1
202200015962;785 652;2;0;2;1;0;1
202200015963;785 649;2;0;0;0;1;1
202200015964;785 648;1;0;2;1;1;5
202200015964;785 650;7;0;2;2;19;1
202200015965;785 646;7;0;2;8;19;1
202200015965;785 647;7;0;2;1;1;1
202200015966;785 643;21;0;0;4;2;1
202200015966;785 644;7;0;2;1;2;1
202200015967;785 642;7;0;2;3;6;1