Num_Acc;id_vehicule;categorie_vehicule;obstacle_fixe;obstacle_mobile;point_choc_initial;manoeuvre_principale;motorisation
202200015967;785 645;33;0;2;1;1;1
202200015968;785 641;7;0;1;2;2;1
202200015969;785 640;7;2;0;3;0;1
202200015970;785 638;33;0;2;1;1;1
202200015970;785 639;7;0;2;3;10;1
202200015971;785 636;7;3;0;3;1;1
202200015972;785 634;2;0;0;0;1;1
202200015973;785 630;10;0;2;3;17;1
202200015973;785 632;1;0;2;1;1;5
202200015974;785 631;7;0;2;1;1;1
202200015974;785 633;7;0;2;1;23;1
202200015974;785 635;7;0;2;2;23;1
202200015974;785 637;7;0;2;3;19;1
202200015975;785 628;7;0;2;3;19;1
202200015975;785 629;10;0;2;1;1;1
202200015976;785 627;7;13;0;2;18;1
202200015977;785 623;7;0;2;1;13;1
202200015977;785 625;7;0;2;2;1;1
202200015977;785 626;7;0;2;8;1;1
202200015978;785 621;2;6;0;2;14;1
202200015979;785 619;7;13;0;0;1;1
202200015980;785 616;33;0;2;3;0;1
202200015980;785 618;7;0;2;3;13;1
202200015981;785 617;7;0;1;3;1;1
202200015982;785 614;7;0;2;3;15;1
202200015982;785 615;33;0;2;1;1;1
202200015983;785 612;7;0;2;3;1;1
202200015983;785 613;7;0;2;3;1;1
202200015984;785 611;2;0;0;0;0;1
202200015985;785 608;33;0;2;1;2;1
202200015985;785 610;7;0;2;4;2;1
202200015986;785 606;10;13;1;1;13;1
202200015987;785 605;7;13;0;3;0;1
202200015988;785 603;31;0;2;1;1;1
202200015988;785 604;2;0;2;1;13;1
202200015989;785 600;7;0;2;1;1;1
202200015989;785 602;33;0;2;1;1;1
202200015990;785 599;15;0;9;2;12;1
202200015990;785 601;80;0;2;6;18;3
202200015991;785 598;33;8;0;7;1;1
202200015992;785 597;7;7;0;1;1;1
202200015993;785 596;1;0;9;0;0;5
202200015994;785 595;7;8;0;2;14;1
202200015995;785 591;7;0;2;1;0;1
202200015995;785 593;7;0;2;1;1;1
202200015996;785 592;33;0;2;1;17;1
202200015996;785 594;7;0;2;3;15;1
202200015997;785 589;31;0;2;3;13;1
202200015997;785 590;21;0;2;3;1;1
202200015998;785 588;7;13;0;1;1;1
202200015999;785 586;33;0;0;0;1;1
202200016000;785 585;7;7;0;7;1;1
202200016000;785 587;7;0;0;1;1;1
202200016001;785 584;7;0;1;2;2;1
202200016002;785 581;7;0;2;2;1;1
202200016002;785 583;7;0;2;3;1;1
202200016003;785 580;7;0;0;7;1;1
202200016003;785 582;7;0;2;1;9;1
202200016004;785 578;7;10;0;1;19;1
202200016005;785 576;7;3;2;4;9;1
202200016005;785 577;15;0;2;1;1;1
202200016005;785 579;33;0;2;1;2;1
202200016006;785 573;7;0;2;1;2;1
202200016006;785 575;34;0;2;4;2;1
202200016007;785 572;7;3;2;0;0;1
202200016007;785 574;7;3;2;3;0;1
202200016008;785 570;7;6;0;1;1;1
202200016009;785 571;2;0;0;0;1;1
202200016010;785 567;15;1;0;1;2;1
202200016010;785 569;10;0;0;4;1;1
202200016011;785 568;1;0;1;1;1;5
202200016012;785 563;10;0;2;1;2;1
202200016012;785 564;14;3;0;9;2;1
202200016013;785 561;10;0;2;3;5;1
202200016013;785 565;7;0;2;3;1;1
202200016013;785 566;7;0;2;3;1;1
202200016014;785 560;7;13;0;1;1;1
202200016015;785 559;7;0;2;2;15;1
202200016015;785 562;32;0;2;1;1;3
202200016016;785 557;7;0;0;6;17;1
202200016016;785 558;34;0;2;2;17;1
202200016017;785 554;32;3;0;9;1;1
202200016018;785 553;7;0;2;7;15;1
202200016018;785 555;32;0;2;1;1;1
202200016019;785 548;10;0;2;1;1;1
202200016019;785 551;7;0;2;8;1;1
202200016020;785 550;7;0;2;3;0;1
202200016020;785 552;7;0;2;3;0;1
202200016021;785 547;1;0;2;1;14;5
202200016021;785 549;10;0;2;2;1;1
202200016022;785 543;7;0;2;1;1;1
202200016022;785 545;7;0;2;8;15;1
202200016023;785 540;7;0;2;1;11;1
202200016023;785 544;33;0;2;1;1;1
202200016023;785 546;10;0;0;1;23;1
202200016024;785 541;1;0;2;3;1;5
202200016024;785 542;10;0;2;3;15;1
202200016025;785 536;50;0;1;1;1;3
202200016026;785 537;7;0;2;5;15;1
202200016026;785 539;33;0;2;1;0;1
202200016027;785 534;50;0;1;1;1;3
202200016028;785 535;33;0;2;1;1;1
202200016028;785 538;7;0;2;2;15;1
202200016029;785 532;7;0;1;1;1;1
202200016030;785 531;37;0;2;2;11;2
202200016030;785 533;7;0;2;3;13;1
202200016031;785 530;7;13;0;2;14;1
202200016032;785 529;33;0;5;1;1;1
202200016033;785 526;33;0;2;1;1;1
202200016033;785 528;7;0;2;3;13;1
202200016034;785 523;7;0;2;4;23;1
202200016034;785 525;7;0;2;9;2;1
202200016034;785 527;10;0;2;1;2;1
202200016035;785 521;33;0;2;7;17;1
202200016035;785 522;20;0;2;8;15;0
202200016036;785 520;7;0;2;3;1;1
202200016036;785 524;7;0;2;3;13;1
202200016037;785 519;7;16;0;9;1;1
202200016038;785 517;33;3;0;7;1;1
202200016039;785 516;32;0;2;1;1;1
202200016039;785 518;7;0;2;3;15;1
202200016040;785 513;50;0;1;1;1;3
202200016041;785 512;7;0;2;1;13;1
202200016041;785 514;7;0;2;1;1;1
202200016042;785 511;7;0;2;2;19;1
202200016042;785 515;7;0;2;1;1;1
202200016043;785 507;7;0;2;3;15;1
202200016043;785 510;1;0;2;1;9;5
202200016044;785 505;7;0;0;4;26;1
202200016044;785 509;31;0;2;1;2;1
202200016045;785 506;50;0;2;7;1;3
202200016045;785 508;2;0;2;3;13;0
202200016046;785 503;7;0;2;1;2;0
202200016046;785 504;50;8;0;4;1;3
202200016047;785 502;33;0;0;7;1;1
202200016048;785 500;33;0;0;9;17;1
202200016049;785 501;1;0;0;0;1;5
202200016050;785 497;2;0;2;2;1;1
202200016050;785 498;10;0;0;8;20;1
202200016051;785 495;7;0;2;3;22;1
202200016051;785 496;1;0;2;0;1;5
202200016052;785 493;33;0;0;2;1;1
202200016053;785 492;7;0;2;3;1;1
202200016053;785 494;2;0;2;7;1;1
202200016054;785 489;15;0;2;3;15;1
202200016054;785 491;33;0;0;7;16;1
202200016055;785 490;10;0;1;2;1;0
202200016056;785 487;43;7;0;1;0;1
202200016057;785 483;7;0;2;2;12;1
202200016057;785 485;43;0;2;1;3;1
202200016058;785 479;10;0;2;8;9;1
202200016058;785 481;1;0;2;2;1;5
202200016059;785 478;10;0;2;4;2;1
202200016059;785 480;10;0;2;1;2;1
202200016060;785 477;10;0;1;6;26;1
202200016061;785 474;1;0;0;4;2;5
202200016061;785 476;10;0;9;0;0;0
202200016062;785 472;7;0;1;2;1;3
202200016063;785 473;7;0;2;2;1;1
202200016063;785 475;10;0;2;3;1;1
202200016064;785 469;7;0;2;4;2;1
202200016064;785 470;7;0;2;1;2;1
202200016065;785 466;7;0;2;2;2;1
202200016065;785 468;7;0;2;1;12;1
202200016066;785 465;32;4;9;3;1;1
202200016067;785 460;10;0;2;2;1;1
202200016067;785 463;10;4;2;6;11;1
202200016068;785 459;7;0;2;1;2;1
202200016068;785 461;7;0;2;4;1;2
202200016069;785 462;2;0;2;1;2;1
202200016069;785 464;7;0;2;4;15;1
202200016070;785 457;7;0;2;1;1;1
202200016071;785 455;7;3;2;2;14;1
202200016071;785 458;14;0;2;4;1;1
202200016072;785 451;33;0;2;8;3;1
202200016072;785 453;7;0;2;0;12;1
202200016073;785 449;43;0;2;7;17;1
202200016073;785 452;7;0;2;0;1;1
202200016074;785 450;10;0;2;1;1;1
202200016074;785 454;7;0;2;4;23;1
202200016074;785 456;7;0;2;4;23;1
202200016075;785 448;33;0;0;0;1;1
202200016076;785 445;7;0;2;5;12;1
202200016076;785 447;34;0;2;1;3;1
202200016077;785 441;7;0;2;1;2;1
202200016077;785 443;7;0;2;4;2;1
202200016078;785 442;7;0;2;1;23;1
202200016078;785 444;7;0;2;9;23;1
202200016078;785 446;7;10;2;9;1;1
202200016079;785 438;32;0;2;1;3;1
202200016079;785 440;7;0;2;3;11;1
202200016080;785 434;60;0;2;1;0;5
202200016080;785 436;7;0;2;1;19;1
202200016081;785 431;33;0;2;1;3;1
202200016081;785 433;10;0;2;5;14;1
202200016082;785 427;10;4;2;2;2;1
202200016082;785 429;7;4;2;4;2;1
202200016082;785 430;7;4;2;1;1;1
202200016082;785 432;7;4;2;1;1;1
202200016082;785 435;7;4;2;1;2;1
202200016082;785 437;7;4;2;0;21;1
202200016082;785 439;7;4;2;1;21;1
202200016083;785 426;34;0;1;7;1;1
202200016084;785 423;10;0;2;5;12;1
202200016084;785 425;10;0;2;1;1;1
202200016085;785 424;7;0;2;1;2;1
202200016085;785 428;1;0;2;7;19;5
202200016086;785 421;7;0;2;1;2;1
202200016086;785 422;10;0;2;4;2;1
202200016087;785 418;7;0;2;7;21;1
202200016087;785 420;7;4;2;0;0;1
202200016088;785 419;30;0;1;1;26;0
202200016089;785 416;1;0;2;2;1;5
202200016089;785 417;7;0;2;1;26;1
202200016090;785 413;10;0;2;1;2;1
202200016090;785 415;7;0;2;4;2;1
202200016091;785 411;32;0;2;8;17;1
202200016091;785 412;7;0;2;8;15;1
202200016092;785 410;7;0;2;2;19;0
202200016092;785 414;33;0;2;1;1;1
202200016093;785 406;7;0;2;4;2;1
202200016093;785 408;15;0;2;6;1;1
202200016093;785 409;7;0;2;2;2;1
202200016094;785 405;7;0;2;8;1;1
202200016094;785 407;50;0;2;1;1;3
202200016095;785 404;7;0;1;1;1;1
202200016096;785 402;99;0;0;0;26;0
202200016097;785 401;15;1;2;1;1;1
202200016097;785 403;7;0;2;4;1;1
202200016098;785 399;10;4;0;8;13;1
202200016099;785 398;2;0;2;8;1;1
202200016099;785 400;32;0;2;1;1;1
202200016100;785 395;17;0;2;6;24;1
202200016100;785 397;7;3;2;1;14;1
202200016101;785 394;7;0;2;6;23;1
202200016101;785 396;7;0;2;1;1;1
202200016102;785 393;7;0;1;1;16;0
202200016103;785 390;7;0;2;5;1;1
202200016103;785 392;7;0;0;6;23;1
202200016104;785 389;7;0;2;2;15;1
202200016104;785 391;1;0;2;1;1;5
202200016105;785 385;7;0;2;1;0;1
202200016105;785 387;50;0;2;4;19;3
202200016106;785 386;7;0;2;5;0;1
202200016106;785 388;30;0;2;1;2;3
202200016107;785 381;7;0;2;1;2;1
202200016107;785 382;7;0;2;4;2;1
202200016107;785 384;10;0;0;8;1;1
202200016108;785 380;7;0;2;3;1;2
202200016108;785 383;33;0;2;1;1;1
202200016109;785 378;10;0;2;3;0;3
202200016109;785 379;2;0;2;2;0;1
202200016110;785 377;7;1;0;2;14;1
202200016111;785 372;10;4;2;2;11;1
202200016111;785 376;7;3;0;6;1;1
202200016112;785 373;33;0;2;2;2;1
202200016112;785 375;7;0;2;2;15;1
202200016113;785 371;33;0;2;0;26;1
202200016113;785 374;10;0;2;6;15;1
202200016114;785 370;7;1;0;1;0;1
202200016115;785 367;1;0;2;8;1;5
202200016115;785 368;10;0;2;7;17;1
202200016116;785 365;7;13;0;7;1;1
202200016116;785 369;0;0;0;0;5;0
202200016117;785 364;7;0;2;5;1;1
202200016117;785 366;30;0;2;1;9;1
202200016118;785 363;7;0;1;3;26;1
202200016119;785 359;32;0;0;0;0;1
202200016120;785 360;7;0;2;7;1;1
202200016120;785 362;2;0;2;1;1;1
202200016121;785 357;38;0;2;3;0;1
202200016121;785 361;7;0;2;3;0;1
202200016122;785 356;7;0;2;1;1;1
202200016122;785 358;7;0;2;1;1;1
202200016123;785 354;13;0;2;6;24;1
202200016123;785 355;2;1;0;1;1;1
202200016124;785 351;7;0;2;5;9;1
202200016124;785 353;33;0;2;1;2;1
202200016125;785 350;7;0;2;8;16;1
202200016125;785 352;7;0;2;1;1;1
202200016126;785 348;7;0;1;1;9;1
202200016127;785 347;33;0;2;1;2;1
202200016127;785 349;7;0;2;4;2;1
202200016128;785 345;7;0;2;3;15;1
202200016128;785 346;33;1;2;1;17;1
202200016129;785 341;7;0;2;1;1;1
202200016129;785 344;33;0;2;0;1;1
202200016130;785 340;99;3;0;4;2;1
202200016130;785 343;15;0;2;2;2;1
202200016131;785 339;50;0;2;8;19;3
202200016131;785 342;7;0;2;1;1;1
202200016132;785 337;7;8;0;7;0;1
202200016133;785 335;10;0;2;1;2;0
202200016133;785 336;7;0;2;3;10;1
202200016134;785 334;7;0;2;3;15;1
202200016134;785 338;7;0;2;7;1;1
202200016135;785 332;10;0;0;6;23;1
202200016135;785 333;7;1;0;2;2;1
202200016136;785 331;7;0;1;5;4;1
202200016137;785 330;7;0;1;2;16;1
202200016138;785 328;7;0;2;8;9;1
202200016138;785 329;7;0;2;1;1;1
202200016139;785 327;10;0;1;1;1;1
202200016140;785 325;30;8;0;0;25;3
202200016141;785 322;7;0;2;3;14;1
202200016141;785 323;7;16;2;2;17;1
202200016142;785 321;7;3;0;5;9;1
202200016143;785 316;7;0;2;1;1;1
202200016143;785 319;7;0;2;1;13;1
202200016144;785 315;31;0;0;0;0;1
202200016144;785 318;10;0;2;0;11;1
202200016145;785 313;7;0;0;4;23;1
202200016145;785 314;7;0;2;4;23;1
202200016145;785 317;7;0;2;1;1;1
202200016145;785 320;7;0;2;0;1;1
202200016145;785 324;7;0;0;1;1;2
202200016145;785 326;7;0;0;4;1;1
202200016146;785 312;7;0;1;0;1;1
202200016147;785 310;7;0;2;1;10;1
202200016147;785 311;2;4;2;1;1;1
202200016148;785 309;7;4;0;1;1;1
202200016149;785 308;7;6;0;2;14;1
202200016150;785 306;7;13;0;1;1;1
202200016151;785 304;7;0;2;8;10;3
202200016151;785 305;33;0;2;1;1;1
202200016152;785 303;7;0;2;1;9;1
202200016152;785 307;33;12;0;4;15;1
202200016153;785 301;33;0;2;3;13;1
202200016153;785 302;7;0;2;8;1;1
202200016154;785 298;7;0;2;1;1;1
202200016154;785 300;7;9;2;3;1;1
202200016155;785 297;7;0;1;2;1;1
202200016156;785 299;7;0;2;1;1;1
202200016157;785 295;7;13;0;1;1;1
202200016158;785 293;7;0;2;2;15;1
202200016158;785 296;30;0;2;1;1;1
202200016159;785 294;7;2;0;1;14;1
202200016160;785 292;33;6;0;1;0;1
202200016161;785 291;7;0;1;1;16;1
202200016162;785 288;7;0;2;3;13;1
202200016162;785 290;10;0;2;3;1;1
202200016163;785 286;7;0;2;9;12;1
202200016163;785 289;7;0;2;3;2;1
202200016164;785 287;2;0;1;1;17;1
202200016165;785 283;2;1;0;1;13;1
202200016165;785 285;10;0;2;2;24;1
202200016166;785 282;7;0;2;2;15;1
202200016166;785 284;7;0;2;3;1;1
202200016167;785 278;7;0;2;1;2;1
202200016167;785 280;7;0;2;4;2;1
202200016168;785 277;2;0;2;1;15;1
202200016168;785 279;1;0;2;1;1;5
202200016168;785 281;1;0;2;1;1;5
202200016169;785 272;7;0;2;3;1;1
202200016169;785 274;7;0;2;3;13;1
202200016170;785 270;7;0;2;4;1;1
202200016170;785 271;7;0;2;1;1;1
202200016171;785 269;7;0;1;1;1;2
202200016172;785 268;10;0;1;1;1;1
202200016173;785 265;15;0;1;5;4;1
202200016174;785 264;7;0;2;0;9;1
202200016174;785 266;30;0;2;4;1;1
202200016175;785 262;99;0;2;7;1;3
202200016175;785 263;7;0;2;1;1;1
202200016176;785 260;7;6;0;3;1;1
202200016177;785 259;7;0;2;2;1;1
202200016177;785 261;7;0;2;3;20;1
202200016178;785 258;7;13;0;2;1;1
202200016179;785 256;7;0;2;3;1;1
202200016179;785 257;7;0;2;1;15;1
202200016180;785 254;7;0;2;1;15;1
202200016180;785 255;2;0;2;1;1;1
202200016181;785 252;10;0;2;1;1;1
202200016181;785 253;7;0;0;4;15;1
202200016182;785 250;33;0;2;1;1;1
202200016182;785 251;7;0;2;3;1;1
202200016183;785 248;7;0;2;8;1;1
202200016183;785 249;33;0;2;3;13;1
202200016184;785 246;7;0;2;2;19;1
202200016184;785 247;2;0;2;8;1;1
202200016185;785 244;7;0;2;3;1;1
202200016185;785 245;30;0;2;8;10;1
202200016186;785 242;7;0;2;1;1;1
202200016186;785 243;7;0;2;1;15;1
202200016187;785 240;7;0;2;3;9;0
202200016187;785 241;50;0;2;7;15;3
202200016188;785 239;33;13;0;3;1;1
202200016189;785 237;7;0;2;2;1;1
202200016189;785 238;7;0;2;3;19;1
202200016190;785 236;7;8;0;3;0;1
202200016191;785 233;21;0;2;8;23;1
202200016191;785 234;7;0;2;8;21;1
202200016191;785 235;7;0;2;1;19;1
202200016192;785 231;7;0;2;3;1;1
202200016192;785 232;7;0;2;3;1;1
202200016193;785 229;7;0;2;1;2;1
202200016193;785 230;17;0;0;4;1;1
202200016194;785 225;14;0;2;1;2;1
202200016194;785 226;15;0;2;4;2;1
202200016194;785 227;7;0;2;4;2;1
202200016194;785 228;15;0;0;4;2;1
202200016195;785 223;33;0;2;2;1;1
202200016195;785 224;10;0;2;3;9;1
202200016196;785 221;2;0;2;1;2;1
202200016196;785 222;7;0;0;4;2;1
202200016197;785 219;7;0;0;5;0;1
202200016197;785 220;7;0;0;3;0;1
202200016198;785 218;7;16;0;1;1;1
202200016199;785 216;7;0;2;2;9;1
202200016199;785 217;30;0;2;1;1;1
202200016200;785 215;10;0;1;1;21;1
202200016201;785 213;34;0;2;1;1;1
202200016201;785 214;1;0;2;4;19;5
202200016202;785 211;33;0;2;1;17;1
202200016202;785 212;7;13;2;3;1;1
202200016203;785 209;2;0;2;7;1;1
202200016203;785 210;7;0;2;3;9;1
202200016204;785 207;7;0;1;3;2;1
202200016204;785 208;7;0;1;3;2;1
202200016205;785 206;1;0;0;0;1;5
202200016206;785 204;7;0;2;2;9;1
202200016206;785 205;2;0;0;1;1;1
202200016207;785 202;7;0;9;2;1;3
202200016207;785 203;1;0;2;3;15;5
202200016208;785 200;10;0;2;1;1;1
202200016208;785 201;33;0;2;1;13;1
202200016209;785 199;1;0;1;1;1;5
202200016210;785 197;21;0;2;1;23;1
202200016210;785 198;7;0;2;7;1;1
202200016211;785 194;7;0;2;4;2;1
202200016211;785 195;7;0;2;4;2;1
202200016211;785 196;7;0;2;1;2;1
202200016212;785 192;33;0;2;8;3;1
202200016212;785 193;7;0;2;7;12;1
202200016213;785 190;32;0;2;2;3;1
202200016213;785 191;7;0;2;3;11;1
202200016214;785 187;7;0;2;7;12;0
202200016214;785 188;7;0;2;2;14;1
202200016214;785 189;33;3;2;3;1;1
202200016215;785 186;33;7;0;1;1;1
202200016216;785 183;7;0;2;1;0;1
202200016216;785 184;7;0;2;4;1;1
202200016216;785 185;14;0;2;1;1;1
202200016217;785 181;7;0;2;8;23;1
202200016217;785 182;7;1;0;2;1;1
202200016218;785 179;7;0;2;4;12;1
202200016218;785 180;33;0;2;1;3;1
202200016219;785 177;10;0;2;1;2;1
202200016219;785 178;17;0;2;4;2;1
202200016220;785 174;7;0;2;4;2;1
202200016220;785 175;7;0;2;4;2;1
202200016220;785 176;7;0;2;1;2;1
202200016221;785 172;33;0;2;0;0;1
202200016221;785 173;7;0;2;0;0;1
202200016222;785 170;7;0;2;1;17;1
202200016222;785 171;15;0;2;6;0;1
202200016223;785 168;7;0;2;6;2;1
202200016223;785 169;7;0;2;2;2;1
202200016224;785 166;15;0;2;2;12;1
202200016224;785 167;7;0;2;6;9;1
202200016225;785 164;7;0;2;4;23;1
202200016225;785 165;7;0;2;1;2;1
202200016226;785 162;10;0;2;8;11;1
202200016226;785 163;33;0;2;7;1;1
202200016227;785 159;7;1;2;1;12;1
202200016227;785 160;7;0;2;4;23;1
202200016227;785 161;7;0;2;9;23;1
202200016228;785 156;7;0;2;1;21;1
202200016228;785 157;7;0;2;4;2;1
202200016228;785 158;7;0;2;6;23;1
202200016229;785 154;7;0;2;1;1;1
202200016229;785 155;7;0;2;1;1;1
202200016230;785 150;10;0;0;4;1;
202200016230;785 151;10;0;;1;2;
202200016230;785 152;10;;;;2;
202200016230;785 153;15;;;;2;
202200016231;785 147;7;0;2;6;12;1
202200016231;785 148;7;0;2;2;11;1
202200016232;785 145;30;0;2;1;17;1
202200016232;785 146;1;0;2;4;15;5
202200016233;785 143;10;0;2;3;23;1
202200016233;785 144;32;0;2;5;17;1
202200016234;785 141;7;0;2;3;22;1
202200016234;785 142;1;0;2;1;1;5
202200016235;785 139;7;0;2;2;9;1
202200016235;785 140;32;0;2;8;1;1
202200016236;785 137;10;0;2;2;16;1
202200016236;785 138;1;0;2;1;1;5
202200016237;785 136;50;0;0;0;21;3
202200016238;785 135;30;8;0;2;14;3
202200016239;785 134;7;0;1;1;15;1
202200016240;785 133;7;0;1;1;1;2
202200016241;785 131;7;0;2;1;15;1
202200016241;785 132;31;0;2;8;1;1
202200016242;785 129;7;0;9;3;15;1
202200016242;785 130;50;0;2;2;5;3
202200016243;785 127;10;0;2;5;26;1
202200016243;785 128;37;0;2;2;1;1
202200016244;785 125;7;0;2;2;15;1
202200016244;785 126;2;0;2;1;1;1
202200016245;785 123;14;0;2;1;2;1
202200016245;785 124;2;0;2;4;17;1
202200016246;785 121;7;0;2;1;2;1
202200016246;785 122;7;0;0;4;2;1
202200016247;785 119;10;0;2;8;9;1
202200016247;785 120;99;0;2;7;1;3
202200016248;785 117;10;0;2;1;1;1
202200016248;785 118;7;0;2;4;1;2
202200016249;785 116;34;5;0;1;1;1
202200016250;785 115;7;0;1;1;9;1
202200016251;785 113;7;0;2;1;1;1
202200016251;785 114;2;0;2;9;1;1
202200016252;785 111;34;0;2;8;3;1
202200016252;785 112;14;0;2;2;1;1
202200016253;785 109;7;0;2;7;17;1
202200016253;785 110;32;0;2;1;1;1
202200016254;785 107;1;0;0;0;15;5
202200016254;785 108;0;0;0;0;0;0
202200016255;785 105;32;0;2;1;17;1
202200016255;785 106;10;0;2;3;15;1
202200016256;785 102;10;0;2;0;0;1
202200016256;785 103;7;0;2;4;2;1
202200016256;785 104;7;0;2;4;2;1
202200016257;785 100;33;0;2;1;13;1
202200016257;785 101;7;0;2;3;15;1
202200016258;785 098;7;7;2;2;1;1
202200016258;785 099;7;7;2;1;16;1
202200016259;785 096;1;0;2;8;1;5
202200016259;785 097;15;0;9;6;1;1
202200016260;785 095;7;13;0;2;0;1
202200016261;785 094;7;13;0;1;1;1
202200016262;785 091;10;0;2;1;1;1
202200016262;785 092;7;0;0;4;15;1
202200016263;785 090;7;8;0;2;1;1
202200016264;785 089;7;0;1;3;1;1
202200016265;785 088;30;6;0;1;26;1
202200016266;785 086;33;0;2;8;15;1
202200016266;785 087;10;0;2;2;1;1
202200016267;785 084;1;0;2;4;15;5
202200016267;785 085;33;0;2;1;17;1
202200016268;785 083;7;1;1;2;17;1
202200016269;785 081;7;9;2;1;17;2
202200016269;785 082;21;0;0;8;15;1
202200016270;785 079;7;0;2;7;17;1
202200016270;785 080;1;0;2;8;15;5
202200016271;785 073;7;1;0;1;1;1
202200016271;785 074;7;2;0;1;1;1
202200016272;785 071;7;0;2;1;13;1
202200016272;785 072;7;0;2;1;1;1
202200016273;785 070;7;13;0;3;13;1
202200016274;785 069;7;0;1;2;1;1
202200016275;785 066;7;0;2;1;1;1
202200016275;785 067;7;0;2;1;17;2
202200016276;785 064;15;0;2;2;1;1
202200016276;785 065;7;0;2;2;5;1
202200016277;785 062;39;0;2;2;1;1
202200016277;785 063;10;0;4;1;1;1
202200016278;785 061;7;13;0;1;0;1
202200016279;785 060;7;13;0;3;11;1
202200016280;785 059;7;2;0;8;13;1
202200016281;785 057;7;2;2;1;1;1
202200016281;785 058;7;6;2;7;1;1
202200016282;785 055;7;0;2;3;19;1
202200016282;785 056;33;0;2;1;1;1
202200016283;785 054;7;0;1;3;1;1
202200016284;785 052;7;0;2;2;2;2
202200016284;785 053;7;3;2;2;14;1
202200016285;785 050;80;0;2;1;1;3
202200016285;785 051;7;0;2;2;15;1
202200016286;785 048;7;0;2;2;5;1
202200016286;785 049;14;0;2;1;5;1
202200016287;785 046;7;0;2;1;2;1
202200016287;785 047;7;0;2;4;2;1
202200016288;785 043;7;0;9;9;21;1
202200016288;785 044;7;0;2;3;1;1
202200016288;785 045;7;0;2;3;5;1
202200016289;785 041;50;0;2;4;2;3
202200016289;785 042;7;0;9;1;2;1
202200016290;785 039;7;0;2;1;2;1
202200016290;785 040;7;0;2;1;19;1
202200016291;785 037;1;0;2;1;1;5
202200016291;785 038;7;0;9;1;9;1
202200016292;785 035;10;0;2;3;1;1
202200016292;785 036;1;0;2;3;1;5
202200016293;785 032;7;1;0;2;14;1
202200016293;785 033;33;0;2;1;2;1
202200016293;785 034;7;0;2;0;2;1
202200016294;785 030;33;0;2;1;26;1
202200016294;785 031;7;0;2;3;9;1
202200016295;785 028;7;0;2;2;1;1
202200016295;785 029;1;0;0;4;1;5
202200016296;785 025;1;0;2;8;13;5
202200016296;785 026;14;0;2;3;13;1
202200016297;785 024;7;2;0;2;1;1
202200016298;785 023;7;0;1;2;2;1
202200016299;785 021;7;0;2;3;10;1
202200016299;785 022;33;0;2;1;2;1
202200016300;785 019;7;0;2;1;1;1
202200016300;785 020;50;0;2;1;13;3
202200016301;785 018;80;0;5;1;1;3
202200016302;785 016;7;0;2;1;13;1
202200016302;785 017;7;0;2;3;14;1
202200016303;785 015;7;13;0;0;1;1
202200016304;785 013;21;0;0;4;2;1
202200016304;785 014;7;0;2;1;2;2
202200016305;785 012;7;8;0;1;0;1
202200016306;785 010;7;0;2;2;14;1
202200016306;785 011;7;0;2;6;1;1
202200016307;785 007;7;0;2;4;1;2
202200016307;785 008;7;0;2;4;1;1
202200016307;785 009;10;11;2;1;14;1
202200016308;785 005;7;0;2;6;2;1
202200016308;785 006;7;0;2;2;1;1
202200016309;785 004;7;5;0;1;26;1
202200016310;785 003;7;4;0;1;0;1
202200016311;785 000;7;0;2;7;1;2
202200016311;785 001;7;0;2;2;1;0
202200016311;785 002;15;0;2;1;1;0
202200016312;784 998;10;0;2;4;0;1
202200016312;784 999;7;0;2;0;2;1
202200016313;784 996;10;0;2;1;2;1
202200016313;784 997;10;0;2;4;2;1
202200016314;784 994;7;0;2;4;23;1
202200016314;784 995;10;1;0;1;1;1
202200016315;784 992;7;0;2;1;12;2
202200016315;784 993;7;0;0;4;1;1
202200016316;784 990;7;0;1;1;1;1
202200016316;784 991;7;0;1;1;1;1
202200016317;784 989;7;0;1;3;1;1
202200016318;784 988;7;0;1;2;15;1
202200016319;784 986;34;0;2;1;1;1
202200016319;784 987;7;0;2;6;23;1
202200016320;784 984;10;0;2;2;1;1
202200016320;784 985;30;0;2;1;18;1
202200016321;784 982;7;0;2;3;9;1
202200016321;784 983;32;0;2;7;1;1
202200016322;784 980;1;0;2;1;1;5
202200016322;784 981;7;0;2;2;15;1
202200016323;784 979;7;0;1;2;1;1
202200016324;784 977;2;0;2;1;17;1
202200016324;784 978;7;0;2;3;10;1
202200016325;784 975;7;0;2;1;15;1
202200016325;784 976;7;0;2;3;1;2
202200016326;784 973;1;0;2;1;19;5
202200016326;784 974;7;0;2;2;16;0
202200016327;784 972;7;2;0;1;13;1
202200016328;784 970;30;0;9;7;16;1
202200016328;784 971;0;0;2;0;18;
202200016329;784 969;2;0;1;1;1;1
202200016330;784 967;1;0;2;2;17;5
202200016330;784 968;7;0;2;3;2;1
202200016331;784 966;7;0;1;1;1;1
202200016332;784 964;7;0;2;1;9;1
202200016332;784 965;7;0;2;5;1;1
202200016333;784 963;7;0;1;1;15;1
202200016334;784 961;7;2;2;4;13;1
202200016334;784 962;7;0;2;1;16;1
202200016335;784 960;10;12;0;1;26;1
202200016336;784 958;7;0;2;1;15;1
202200016336;784 959;1;0;2;3;15;5
202200016337;784 957;7;0;1;1;16;1
202200016338;784 956;7;0;1;3;15;0
202200016339;784 954;7;0;2;1;1;1
202200016339;784 955;7;0;2;7;1;1
202200016340;784 952;33;0;2;1;1;1
202200016340;784 953;7;0;2;5;9;1
202200016341;784 951;10;0;1;1;1;1
202200016342;784 949;7;8;2;1;9;1
202200016342;784 950;7;8;2;2;1;3
202200016343;784 947;7;0;2;1;2;1
202200016343;784 948;7;0;2;7;19;1
202200016344;784 945;7;16;2;3;15;1