Num_Acc;id_vehicule;categorie_vehicule;obstacle_fixe;obstacle_mobile;point_choc_initial;manoeuvre_principale;motorisation
202200016344;784 946;7;0;2;0;1;0
202200016345;784 943;7;0;2;1;1;1
202200016345;784 944;7;0;2;8;1;1
202200016346;784 942;33;0;0;0;1;1
202200016347;784 940;7;0;2;2;12;1
202200016347;784 941;32;0;2;3;3;1
202200016348;784 939;37;0;1;2;1;2
202200016349;784 938;1;0;1;1;1;5
202200016350;784 937;32;0;1;1;1;1
202200016351;784 935;10;0;2;3;1;3
202200016351;784 936;80;0;2;1;1;3
202200016352;784 934;7;0;1;1;20;1
202200016353;784 932;31;0;2;4;23;1
202200016353;784 933;33;0;2;1;1;1
202200016354;784 931;7;0;1;2;1;1
202200016355;784 929;7;0;2;2;16;1
202200016355;784 930;50;0;2;8;1;3
202200016356;784 927;60;0;2;7;19;5
202200016356;784 928;33;0;2;1;1;1
202200016357;784 926;7;0;1;1;1;1
202200016358;784 924;14;0;2;1;2;1
202200016358;784 925;10;0;2;4;2;1
202200016359;784 922;1;0;2;7;19;5
202200016359;784 923;31;0;2;1;1;1
202200016360;784 920;1;0;2;0;1;5
202200016360;784 921;7;1;0;3;16;2
202200016361;784 919;7;0;1;2;16;1
202200016362;784 917;37;0;2;7;26;0
202200016362;784 918;7;0;2;7;0;1
202200016363;784 915;60;0;2;0;0;5
202200016363;784 916;7;0;2;2;1;1
202200016364;784 914;34;0;2;3;26;0
202200016365;784 912;14;0;2;7;1;1
202200016365;784 913;50;0;2;3;3;3
202200016366;784 910;7;9;0;3;1;1
202200016366;784 911;10;0;2;2;15;1
202200016367;784 908;10;0;2;1;1;1
202200016367;784 909;7;1;0;4;2;2
202200016368;784 907;7;0;1;1;1;1
202200016369;784 905;7;0;2;3;15;1
202200016369;784 906;31;0;2;1;1;1
202200016370;784 904;7;0;1;2;1;1
202200016371;784 902;7;0;9;7;15;1
202200016371;784 903;33;0;2;1;1;0
202200016372;784 901;33;0;0;8;1;1
202200016373;784 900;7;0;1;4;4;1
202200016374;784 899;7;0;1;2;1;1
202200016375;784 898;7;4;0;1;1;1
202200016376;784 897;7;0;0;0;1;1
202200016377;784 894;7;0;9;2;15;1
202200016377;784 896;1;0;2;6;26;5
202200016378;784 893;7;6;2;1;9;1
202200016378;784 895;7;0;2;7;1;1
202200016379;784 891;33;15;0;2;1;1
202200016380;784 890;0;14;2;1;21;0
202200016380;784 892;99;0;2;3;0;0
202200016381;784 888;7;0;2;2;19;1
202200016381;784 889;33;9;2;1;1;1
202200016382;784 887;7;1;1;2;1;1
202200016383;784 885;1;0;2;4;1;5
202200016383;784 886;7;0;2;2;1;1
202200016384;784 883;50;0;2;8;1;3
202200016384;784 884;7;0;2;3;15;1
202200016385;784 882;3;13;0;9;1;1
202200016386;784 879;7;0;0;2;19;1
202200016386;784 880;13;0;0;1;0;1
202200016387;784 878;7;0;2;1;1;1
202200016387;784 881;7;0;0;0;0;1
202200016388;784 877;33;16;0;1;1;1
202200016389;784 875;33;0;2;4;1;1
202200016389;784 876;7;0;2;1;2;1
202200016390;784 873;33;0;2;2;1;1
202200016390;784 874;7;0;2;8;11;1
202200016391;784 872;7;0;1;7;1;1
202200016392;784 870;7;0;2;4;23;1
202200016392;784 871;33;0;2;1;1;1
202200016393;784 868;32;0;2;1;1;1
202200016393;784 869;10;0;2;8;10;1
202200016394;784 867;36;13;0;1;0;0
202200016395;784 865;50;3;0;1;1;3
202200016396;784 864;43;0;2;3;17;1
202200016396;784 866;7;0;2;3;9;1
202200016397;784 862;1;0;2;1;1;5
202200016397;784 863;10;0;9;5;15;6
202200016398;784 860;7;0;9;8;1;1
202200016398;784 861;1;0;2;1;5;5
202200016399;784 857;7;0;2;4;2;1
202200016399;784 859;7;0;2;1;2;1
202200016400;784 856;7;0;2;1;6;1
202200016400;784 858;7;0;2;1;1;1
202200016401;784 854;33;0;1;2;1;1
202200016402;784 851;10;0;2;1;1;1
202200016402;784 852;7;0;2;6;0;1
202200016403;784 849;33;0;2;2;17;1
202200016403;784 850;10;0;2;8;15;1
202200016404;784 848;32;0;1;2;5;1
202200016405;784 845;7;0;2;8;16;1
202200016405;784 846;33;0;2;1;1;1
202200016406;784 843;7;0;2;3;24;1
202200016406;784 844;7;1;0;2;1;1
202200016406;784 847;1;1;2;1;1;5
202200016407;784 842;7;13;0;3;1;1
202200016408;784 841;15;0;1;5;16;1
202200016409;784 840;7;8;0;3;1;1
202200016410;784 839;7;2;0;3;13;1
202200016411;784 837;7;0;2;3;13;1
202200016411;784 838;7;0;2;3;1;1
202200016412;784 836;7;0;1;1;1;1
202200016413;784 834;31;0;2;1;1;1
202200016413;784 835;10;0;2;3;1;1
202200016414;784 832;2;0;2;1;1;1
202200016414;784 833;7;0;2;2;23;1
202200016415;784 830;7;0;2;1;1;1
202200016415;784 831;7;0;2;1;1;1
202200016416;784 828;2;0;2;1;1;1
202200016416;784 829;7;0;2;2;19;1
202200016417;784 827;33;16;0;9;1;1
202200016418;784 826;7;3;0;3;1;1
202200016419;784 824;33;0;2;3;2;1
202200016419;784 825;10;0;2;7;16;1
202200016420;784 823;7;6;0;7;0;1
202200016421;784 820;7;0;2;3;13;1
202200016421;784 822;7;0;2;3;1;1
202200016422;784 819;7;0;2;3;1;1
202200016422;784 821;99;0;2;3;1;1
202200016423;784 817;7;6;0;1;1;1
202200016424;784 816;10;3;2;3;1;1
202200016424;784 818;7;3;0;5;1;1
202200016425;784 812;7;0;0;6;2;1
202200016425;784 814;10;4;0;1;2;1
202200016426;784 811;7;0;1;1;1;1
202200016426;784 813;7;0;2;3;1;1
202200016427;784 809;36;2;0;2;1;1
202200016428;784 808;7;0;2;3;1;1
202200016428;784 810;2;0;2;1;19;1
202200016429;784 807;7;0;1;2;1;1
202200016430;784 805;10;0;2;0;2;1
202200016430;784 806;34;0;2;0;3;1
202200016431;784 804;7;13;0;1;14;1
202200016432;784 803;7;3;0;9;1;1
202200016433;784 801;7;11;2;2;17;1
202200016433;784 802;30;0;0;8;1;1
202200016434;784 800;80;13;0;0;0;3
202200016435;784 798;7;0;1;2;1;1
202200016436;784 797;15;0;2;8;1;1
202200016436;784 799;7;0;2;3;13;1
202200016437;784 794;33;0;2;8;13;1
202200016437;784 796;7;0;2;3;1;1
202200016438;784 793;31;0;2;9;1;1
202200016438;784 795;7;0;2;3;1;1
202200016439;784 790;31;0;2;1;1;1
202200016439;784 792;31;0;2;1;1;1
202200016440;784 789;2;0;2;1;1;1
202200016440;784 791;33;0;2;1;1;1
202200016441;784 786;7;0;2;1;1;1
202200016441;784 787;7;0;2;1;13;3
202200016442;784 785;32;0;0;0;1;1
202200016443;784 784;7;0;1;1;1;0
202200016444;784 782;7;0;2;1;1;1
202200016444;784 783;7;0;2;1;13;1
202200016445;784 781;0;0;1;0;26;0
202200016446;784 779;7;12;2;1;6;1
202200016446;784 780;10;0;2;3;1;1
202200016447;784 778;37;0;1;3;10;1
202200016448;784 777;7;16;0;9;1;1
202200016449;784 776;7;0;1;1;1;1
202200016450;784 774;7;0;0;9;1;1
202200016451;784 769;7;0;2;1;1;1
202200016451;784 771;7;0;2;4;1;1
202200016452;784 768;10;0;2;0;1;1
202200016452;784 770;15;0;2;8;1;1
202200016452;784 772;7;0;2;3;13;1
202200016453;784 767;33;0;0;7;1;1
202200016454;784 766;7;5;0;2;0;1
202200016455;784 765;36;0;0;0;1;1
202200016456;784 763;7;0;2;8;15;1
202200016456;784 764;17;0;2;2;21;1
202200016457;784 762;7;0;1;2;16;1
202200016458;784 761;7;3;0;9;26;1
202200016459;784 759;7;0;2;3;19;1
202200016459;784 760;2;0;2;1;1;1
202200016460;784 758;7;4;0;2;1;1
202200016461;784 757;7;0;1;3;16;1
202200016462;784 755;7;16;0;9;0;1
202200016463;784 754;17;0;0;6;1;1
202200016463;784 756;10;3;2;2;2;1
202200016464;784 751;1;0;2;8;1;5
202200016464;784 753;7;0;2;1;11;1
202200016465;784 749;7;0;2;4;1;1
202200016465;784 750;7;0;2;4;2;1
202200016465;784 752;7;0;2;4;2;1
202200016466;784 747;7;1;2;3;5;1
202200016466;784 748;7;8;2;8;1;1
202200016467;784 745;7;14;2;3;21;1
202200016467;784 746;7;0;2;3;21;1
202200016468;784 744;33;6;0;1;0;1
202200016469;784 742;33;0;6;1;1;1
202200016470;784 741;10;0;2;2;1;1
202200016470;784 743;17;0;2;6;1;1
202200016471;784 739;7;0;2;5;5;1
202200016471;784 740;1;0;2;1;1;5
202200016472;784 736;50;0;2;1;1;3
202200016472;784 738;7;0;2;1;15;1
202200016473;784 735;7;0;2;3;1;1
202200016473;784 737;50;0;2;1;1;3
202200016474;784 733;7;0;0;3;0;1
202200016475;784 732;2;0;2;1;1;1
202200016475;784 734;36;0;2;1;16;1
202200016476;784 730;7;13;0;3;1;1
202200016477;784 727;7;1;0;6;24;1
202200016477;784 728;10;1;0;2;26;1
202200016478;784 723;7;0;2;4;21;1
202200016478;784 726;33;14;2;1;3;1
202200016479;784 721;7;0;2;4;1;1
202200016479;784 722;10;0;2;4;1;1
202200016479;784 724;7;0;2;4;1;1
202200016479;784 725;7;0;2;1;1;1
202200016480;784 718;7;17;0;3;0;1
202200016481;784 717;7;0;2;4;1;2
202200016481;784 719;10;0;2;1;2;1
202200016482;784 715;15;0;1;2;1;1
202200016483;784 714;15;0;2;1;1;0
202200016483;784 716;7;0;2;1;1;1
202200016484;784 712;7;0;9;5;17;2
202200016484;784 713;1;0;2;8;13;5
202200016485;784 710;10;0;2;2;15;1
202200016485;784 711;30;0;2;1;1;1
202200016486;784 709;7;0;1;1;1;1
202200016487;784 708;7;13;0;1;0;1
202200016488;784 706;60;0;2;1;1;5
202200016488;784 707;30;0;9;8;1;3
202200016489;784 704;7;0;2;1;13;1
202200016489;784 705;7;0;2;1;1;1
202200016490;784 702;10;0;2;1;2;1
202200016490;784 703;50;0;0;4;2;3
202200016491;784 701;33;0;0;0;1;1
202200016492;784 699;15;0;2;4;2;1
202200016492;784 700;15;0;2;1;2;1
202200016493;784 696;7;0;2;3;15;1
202200016493;784 698;2;0;2;1;15;1
202200016494;784 694;7;0;2;4;1;1
202200016494;784 695;7;0;2;4;1;1
202200016494;784 697;7;0;2;1;1;1
202200016495;784 691;7;0;2;1;13;1
202200016495;784 693;7;0;2;1;1;1
202200016496;784 692;3;0;1;3;15;1
202200016497;784 689;7;0;1;3;1;1
202200016498;784 688;7;0;2;7;26;1
202200016498;784 690;33;0;2;3;1;0
202200016499;784 684;7;0;2;1;1;1
202200016499;784 686;7;1;2;5;1;1
202200016500;784 680;7;0;2;1;1;1
202200016500;784 681;7;3;2;1;1;1
202200016500;784 682;7;0;2;1;1;1
202200016501;784 679;7;4;0;1;0;1
202200016502;784 677;7;0;2;8;9;1
202200016502;784 678;7;0;2;2;1;1
202200016503;784 676;7;4;0;1;17;1
202200016504;784 675;7;12;0;1;1;1
202200016505;784 674;7;4;0;3;13;1
202200016506;784 671;33;16;0;8;26;1
202200016507;784 672;1;0;2;0;0;5
202200016507;784 673;7;0;2;2;16;1
202200016508;784 668;7;0;2;8;2;1
202200016508;784 670;7;0;0;1;26;1
202200016509;784 667;7;0;2;3;1;1
202200016509;784 669;7;0;2;2;1;0
202200016510;784 664;7;0;2;1;2;1
202200016510;784 666;13;0;2;4;1;1
202200016511;784 665;32;0;2;0;16;1
202200016512;784 663;10;0;2;1;1;1
202200016513;784 661;7;0;2;3;1;1
202200016513;784 662;32;0;2;7;0;1
202200016514;784 660;34;4;2;8;1;1
202200016515;784 657;2;0;2;0;0;1
202200016515;784 659;80;0;2;1;1;3
202200016516;784 656;7;0;2;8;26;1
202200016516;784 658;7;0;2;3;1;1
202200016517;784 655;7;0;2;3;1;1
202200016518;784 654;7;4;0;8;1;1
202200016519;784 652;10;0;2;1;1;1
202200016519;784 653;7;0;2;8;15;1
202200016520;784 651;36;15;0;1;26;1
202200016521;784 649;7;0;2;5;2;1
202200016521;784 650;7;0;2;3;2;1
202200016522;784 648;7;2;0;2;14;1
202200016523;784 647;7;0;1;1;1;1
202200016524;784 645;7;0;2;4;2;1
202200016524;784 646;7;0;2;1;2;1
202200016525;784 644;7;0;0;1;1;1
202200016526;784 643;7;0;1;2;1;3
202200016527;784 641;1;0;2;7;26;5
202200016527;784 642;7;0;9;3;9;1
202200016528;784 637;7;0;0;1;1;1
202200016529;784 638;33;0;2;1;26;1
202200016529;784 639;7;0;2;4;2;1
202200016529;784 640;7;0;2;3;5;1
202200016530;784 635;7;0;1;1;1;1
202200016531;784 634;7;0;2;8;26;1
202200016531;784 636;80;0;2;7;26;3
202200016532;784 633;50;0;0;1;26;3
202200016533;784 632;7;0;1;1;1;1
202200016534;784 629;7;0;1;3;16;1
202200016535;784 626;7;0;2;1;2;1
202200016535;784 628;10;0;2;4;2;1
202200016536;784 624;7;0;2;1;1;1
202200016536;784 625;7;0;2;4;23;1
202200016536;784 627;10;0;2;4;23;1
202200016537;784 622;3;8;2;7;12;3
202200016537;784 623;10;0;2;3;1;1
202200016538;784 619;7;0;2;2;1;1
202200016538;784 621;10;0;2;1;19;1
202200016539;784 618;7;0;2;8;19;1
202200016539;784 620;33;0;2;1;1;1
202200016540;784 616;31;12;0;1;2;1
202200016541;784 615;10;0;2;7;17;1
202200016541;784 617;80;0;2;8;1;3
202200016542;784 612;7;0;2;1;15;0
202200016542;784 613;33;0;2;3;1;1
202200016543;784 611;7;0;2;7;1;1
202200016543;784 614;10;0;2;1;1;1
202200016544;784 608;7;13;0;1;26;1
202200016545;784 609;7;0;2;1;2;1
202200016545;784 610;7;0;2;4;2;3
202200016546;784 605;32;0;2;1;1;1
202200016546;784 607;30;0;2;2;0;1
202200016547;784 603;7;0;2;1;1;1
202200016547;784 604;7;0;2;4;1;1
202200016547;784 606;7;0;2;4;1;1
202200016548;784 601;33;0;2;1;1;1
202200016548;784 602;10;0;2;8;15;1
202200016549;784 599;7;0;2;3;26;1
202200016549;784 600;30;0;2;1;1;0
202200016550;784 598;33;0;0;1;26;1
202200016551;784 594;7;0;2;7;15;1
202200016551;784 596;33;0;2;1;1;1
202200016552;784 593;7;0;2;0;15;1
202200016552;784 595;32;0;2;1;21;1
202200016552;784 597;7;0;2;3;1;1
202200016553;784 591;7;0;1;3;1;1
202200016554;784 592;7;0;1;1;1;1
202200016555;784 588;1;0;9;1;2;5
202200016555;784 589;99;0;9;4;4;0
202200016556;784 587;7;0;2;1;1;1
202200016556;784 590;50;0;2;1;1;3
202200016557;784 585;7;8;0;1;1;1
202200016558;784 586;43;0;1;8;1;1
202200016559;784 582;7;0;2;0;0;1
202200016559;784 584;33;0;2;0;26;1
202200016560;784 581;7;0;2;3;1;1
202200016560;784 583;30;0;2;1;9;1
202200016561;784 577;10;0;2;4;23;1
202200016561;784 580;7;0;2;1;2;1
202200016562;784 578;7;0;2;8;15;1
202200016562;784 579;7;0;2;1;26;1
202200016563;784 575;10;0;2;4;2;1
202200016563;784 576;7;0;2;1;2;1
202200016564;784 574;10;0;1;4;4;1
202200016565;784 569;1;0;2;8;19;5
202200016565;784 571;7;0;2;4;2;1
202200016565;784 573;7;0;2;2;2;1
202200016566;784 564;33;0;2;1;9;1
202200016566;784 567;7;0;2;5;1;1
202200016567;784 565;7;0;2;2;1;1
202200016567;784 566;32;0;2;1;18;1
202200016568;784 562;30;1;0;1;0;1
202200016569;784 561;7;1;0;1;1;1
202200016569;784 563;43;0;2;4;23;1
202200016570;784 560;10;6;0;1;15;1
202200016571;784 559;7;0;1;3;1;1
202200016572;784 557;2;0;2;1;1;3
202200016572;784 558;7;9;0;4;23;1
202200016573;784 553;7;0;2;8;10;1
202200016573;784 554;10;1;2;2;1;1
202200016574;784 552;7;0;1;2;1;1
202200016575;784 550;2;0;2;0;1;1
202200016575;784 551;7;0;0;0;1;1
202200016576;784 548;50;0;0;1;1;3
202200016577;784 544;7;0;2;5;15;1
202200016577;784 546;32;0;2;1;2;1
202200016578;784 542;7;1;2;1;13;1
202200016578;784 543;10;0;2;0;1;1
202200016579;784 540;7;0;1;2;0;1
202200016580;784 538;10;0;2;4;23;1
202200016580;784 539;32;0;2;1;2;1
202200016581;784 535;7;0;2;3;0;1
202200016581;784 536;7;0;2;3;1;1
202200016582;784 537;7;2;2;7;26;1
202200016582;784 541;7;0;2;1;9;1
202200016583;784 534;38;0;1;1;1;1
202200016584;784 531;34;0;2;0;0;1
202200016584;784 532;32;0;2;1;0;1
202200016585;784 530;15;0;2;1;1;1
202200016585;784 533;7;0;2;7;13;1
202200016586;784 527;2;8;0;1;1;1
202200016587;784 526;7;6;0;1;13;1
202200016588;784 523;7;0;2;1;13;1
202200016588;784 525;7;0;2;2;1;1
202200016589;784 524;33;0;2;1;1;1
202200016590;784 520;7;0;9;3;9;1
202200016590;784 522;99;0;9;1;17;3
202200016591;784 519;7;0;2;1;9;1
202200016591;784 521;1;0;2;3;9;0
202200016592;784 517;7;0;2;2;1;1
202200016592;784 518;7;0;2;1;16;1
202200016593;784 516;7;0;1;2;1;1
202200016594;784 513;7;0;2;3;15;1
202200016594;784 515;7;0;2;3;1;1
202200016595;784 512;7;0;2;7;15;1
202200016595;784 514;7;0;2;1;1;1
202200016596;784 509;7;0;2;8;1;0
202200016596;784 511;7;0;2;1;9;1
202200016597;784 508;1;0;2;1;1;5
202200016597;784 510;7;0;9;4;26;1
202200016598;784 503;7;0;2;1;2;1
202200016598;784 505;7;0;2;4;2;1
202200016598;784 506;7;0;2;4;2;1
202200016598;784 507;7;0;2;4;2;1
202200016599;784 504;7;0;1;1;1;1
202200016600;784 502;7;1;0;2;14;1
202200016601;784 500;10;0;0;0;26;1
202200016602;784 499;10;0;2;3;10;1
202200016602;784 501;34;0;2;3;2;1
202200016603;784 497;50;0;2;1;1;3
202200016603;784 498;7;0;2;3;15;1
202200016604;784 495;7;0;2;3;9;1
202200016604;784 496;1;0;2;1;1;5
202200016605;784 493;50;0;2;1;1;3
202200016605;784 494;7;0;2;2;15;1
202200016606;784 491;15;0;2;4;2;1
202200016606;784 492;7;0;2;1;2;1
202200016607;784 490;7;0;1;3;16;1
202200016608;784 488;7;0;1;1;1;0
202200016609;784 487;7;0;2;1;2;1
202200016609;784 489;7;0;2;4;2;2
202200016610;784 484;7;0;2;5;1;1
202200016610;784 486;31;0;2;1;1;1
202200016611;784 480;7;0;2;3;22;1
202200016611;784 483;33;0;2;7;3;1
202200016611;784 485;10;0;2;7;1;1
202200016612;784 479;7;2;0;0;26;0
202200016613;784 478;33;0;0;7;1;1
202200016614;784 475;10;0;1;2;23;1
202200016615;784 474;1;0;2;7;15;5
202200016615;784 477;50;0;2;7;17;3
202200016616;784 473;3;0;0;8;19;3
202200016616;784 476;33;0;2;1;1;1
202200016617;784 472;7;0;1;1;1;1
202200016618;784 466;7;0;2;1;1;1
202200016618;784 470;7;0;2;1;26;1
202200016619;784 465;10;0;0;8;15;1
202200016619;784 468;7;0;2;1;2;1
202200016620;784 469;7;0;2;3;15;1
202200016620;784 471;80;0;2;1;1;3
202200016621;784 464;10;0;2;3;11;1
202200016621;784 467;32;0;2;7;17;1
202200016622;784 462;7;0;0;1;1;1
202200016623;784 461;1;0;0;0;1;5
202200016624;784 458;7;0;2;1;19;1
202200016624;784 459;7;0;0;5;1;1
202200016625;784 460;33;0;2;3;1;1
202200016625;784 463;1;0;2;8;13;5
202200016626;784 455;7;0;2;1;13;1
202200016626;784 457;7;0;2;1;16;1
202200016627;784 456;7;0;1;1;15;1
202200016628;784 453;33;0;2;1;1;1
202200016628;784 454;7;0;0;6;15;1
202200016629;784 451;33;0;0;8;21;1
202200016630;784 449;7;4;2;2;0;1
202200016630;784 450;7;0;0;4;0;1
202200016631;784 444;7;0;2;1;2;1
202200016631;784 446;21;0;0;6;2;1
202200016632;784 443;7;0;2;3;1;1
202200016632;784 447;7;0;2;1;5;1
202200016633;784 448;10;0;2;8;15;0
202200016633;784 452;33;0;2;8;1;1
202200016634;784 442;7;0;2;7;19;1
202200016634;784 445;7;0;2;1;19;1
202200016635;784 440;7;0;0;1;1;1
202200016636;784 441;2;0;0;0;1;0
202200016637;784 436;10;0;1;2;1;1
202200016638;784 434;50;0;2;2;16;3
202200016638;784 439;7;0;2;3;9;2
202200016639;784 433;7;0;2;6;2;3
202200016639;784 437;7;0;2;3;2;1
202200016639;784 438;7;0;2;3;13;1
202200016640;784 432;7;0;0;9;26;1
202200016641;784 431;33;0;0;8;2;1
202200016642;784 429;7;12;2;3;9;1
202200016642;784 430;1;12;2;1;24;5
202200016643;784 425;7;0;9;1;9;1
202200016643;784 428;50;0;2;7;0;3
202200016644;784 426;7;1;0;2;14;2
202200016645;784 423;7;2;0;1;13;6
202200016646;784 421;7;16;0;1;13;1
202200016647;784 422;7;0;1;1;15;1
202200016648;784 420;7;0;1;1;1;1
202200016649;784 418;33;0;2;1;1;1
202200016649;784 419;7;4;2;8;23;1
202200016650;784 414;33;0;2;5;2;1
202200016650;784 417;7;0;2;3;2;1
202200016651;784 412;32;0;1;1;15;1
202200016652;784 413;50;0;2;0;0;3
202200016652;784 416;7;0;2;0;17;1
202200016653;784 410;7;0;2;4;1;1
202200016653;784 411;7;0;2;1;1;1
202200016653;784 415;10;0;2;1;1;1
202200016654;784 407;30;0;0;0;26;1
202200016655;784 404;10;0;2;1;2;1
202200016655;784 408;7;0;2;1;2;1
202200016656;784 403;7;0;0;5;2;1
202200016656;784 406;32;0;2;1;17;1
202200016657;784 405;32;0;2;7;17;1
202200016657;784 409;7;0;2;8;15;2
202200016658;784 402;1;0;0;1;1;5
202200016659;784 400;33;15;0;1;1;1
202200016660;784 399;7;1;0;1;1;1
202200016660;784 401;7;0;2;4;0;1
202200016661;784 395;33;0;2;4;23;1
202200016661;784 398;43;0;2;1;2;1
202200016662;784 397;7;3;0;1;1;1
202200016663;784 392;7;13;2;3;1;0
202200016663;784 396;10;0;2;1;13;1
202200016664;784 391;10;0;2;1;9;1
202200016664;784 393;10;0;2;4;0;1
202200016664;784 394;7;0;2;0;9;1
202200016665;784 388;7;6;2;4;23;1
202200016665;784 389;7;0;2;1;2;1
202200016666;784 384;33;0;2;8;11;1
202200016666;784 387;7;0;2;2;1;2
202200016667;784 381;33;0;2;1;3;1
202200016667;784 383;7;0;2;6;1;1
202200016667;784 386;7;0;2;7;1;1
202200016668;784 382;7;0;2;1;1;1
202200016668;784 385;7;0;2;4;1;1
202200016668;784 390;7;0;2;4;1;1
202200016669;784 378;50;0;2;1;19;3
202200016669;784 380;7;0;2;2;15;2
202200016670;784 373;7;0;2;3;1;1
202200016670;784 377;7;0;2;3;1;1
202200016670;784 379;33;0;2;1;17;1
202200016671;784 372;7;0;2;1;3;1
202200016671;784 374;7;0;2;7;1;1
202200016671;784 376;7;0;2;3;1;1
202200016672;784 371;7;0;2;1;12;1
202200016672;784 375;7;0;2;4;12;1
202200016673;784 369;7;0;1;1;15;2
202200016674;784 370;2;0;0;0;0;1
202200016675;784 365;15;0;2;1;2;1
202200016675;784 367;10;0;2;1;2;1
202200016675;784 368;15;0;2;4;2;1
202200016676;784 362;10;0;1;7;1;1
202200016677;784 364;7;0;0;6;23;1
202200016677;784 366;30;0;2;1;21;1
202200016678;784 360;7;0;2;3;2;0
202200016678;784 363;37;0;2;1;2;0
202200016679;784 359;33;7;0;3;1;1
202200016680;784 356;7;0;2;1;1;1
202200016680;784 358;7;0;0;6;1;1
202200016680;784 361;33;0;2;1;21;1
202200016681;784 355;7;0;2;1;1;1
202200016681;784 357;37;0;2;4;23;1
202200016682;784 353;33;3;0;0;0;1
202200016683;784 352;7;0;2;8;15;1
202200016683;784 354;1;0;2;1;1;5
202200016684;784 350;7;0;2;4;23;1
202200016684;784 351;7;0;2;3;2;1
202200016685;784 348;32;0;1;8;5;1
202200016686;784 347;7;0;2;1;15;1
202200016686;784 349;7;0;2;1;1;1
202200016687;784 344;17;0;2;8;17;0
202200016687;784 346;7;0;2;6;2;1
202200016688;784 342;10;0;2;3;15;1
202200016688;784 345;2;0;2;1;1;1
202200016689;784 341;2;0;2;1;0;1
202200016689;784 343;10;0;2;2;0;1
202200016690;784 337;31;0;2;1;1;1
202200016690;784 340;7;0;2;2;15;1
202200016691;784 335;7;0;2;2;16;1
202200016691;784 338;7;0;2;3;9;1
202200016692;784 336;7;0;0;5;2;1
202200016692;784 339;34;0;2;1;2;1
202200016693;784 334;33;2;0;3;1;1
202200016694;784 327;7;0;2;1;1;1
202200016694;784 331;7;0;2;1;13;1
202200016695;784 328;7;0;2;4;1;1
202200016695;784 332;7;0;2;1;26;1
202200016696;784 330;33;0;2;2;17;1
202200016696;784 333;7;0;2;6;2;1
202200016697;784 326;7;9;0;0;14;1
202200016698;784 325;32;0;2;1;1;1
202200016698;784 329;7;0;2;2;1;1
202200016699;784 323;7;13;0;3;1;1
202200016700;784 322;7;0;2;2;7;1
202200016700;784 324;7;0;2;8;11;1
202200016701;784 318;7;0;2;2;1;1
202200016701;784 321;33;0;2;3;1;1
202200016702;784 316;7;0;2;3;1;1
202200016702;784 317;2;0;2;1;1;1
202200016703;784 320;7;0;1;4;4;1
202200016704;784 313;7;0;2;8;1;3
202200016704;784 319;10;0;2;2;9;1
202200016705;784 311;7;0;2;1;2;3
202200016705;784 314;7;7;0;4;2;1
202200016705;784 315;7;0;0;5;2;1
202200016706;784 310;7;0;2;2;16;1
202200016706;784 312;30;0;2;1;18;1
202200016707;784 307;7;0;2;3;1;1
202200016707;784 309;7;0;2;3;13;1
202200016708;784 308;1;0;0;2;1;5
202200016709;784 306;7;0;1;1;1;1
202200016710;784 304;33;8;0;8;0;1
202200016711;784 301;7;6;0;1;15;1
202200016712;784 300;7;0;2;1;1;1
202200016712;784 302;7;0;2;4;23;1
202200016712;784 303;7;0;2;4;23;1
202200016712;784 305;7;0;2;4;23;1
202200016713;784 297;7;12;0;3;15;1
202200016714;784 295;33;12;2;9;21;1
202200016714;784 299;7;0;2;6;16;1
202200016715;784 296;1;0;2;8;2;5
202200016715;784 298;3;0;2;2;2;1
202200016716;784 292;7;0;2;6;15;1
202200016716;784 294;33;0;2;1;1;1
202200016717;784 289;7;0;2;1;2;1
202200016717;784 291;33;0;0;4;2;1
202200016717;784 293;33;0;0;4;2;1
202200016718;784 287;32;0;1;2;26;1
202200016719;784 286;7;13;0;1;1;1
202200016720;784 288;7;0;2;0;0;0
202200016720;784 290;32;5;2;7;1;1
202200016721;784 285;7;0;1;3;26;1
202200016722;784 282;7;0;0;0;0;0
202200016723;784 281;7;0;2;3;9;1
202200016723;784 283;7;0;2;3;9;1
202200016724;784 280;7;7;2;7;1;1
202200016724;784 284;7;0;2;1;1;1
202200016725;784 277;1;0;0;0;0;5
202200016725;784 279;15;0;2;0;1;6
202200016726;784 276;3;0;2;1;2;1
202200016726;784 278;7;0;2;4;0;1
202200016727;784 274;17;3;2;3;1;1
202200016727;784 275;33;0;2;1;13;1
202200016728;784 273;7;16;0;1;14;1
202200016729;784 268;7;0;2;8;20;1
202200016729;784 270;30;0;2;1;1;1
202200016730;784 267;7;0;2;1;1;1
202200016730;784 271;7;0;0;4;1;1
202200016731;784 269;50;0;2;2;1;3
202200016731;784 272;7;0;2;3;26;1
202200016732;784 266;7;0;1;1;1;1
202200016733;784 263;10;0;2;2;17;1
202200016733;784 265;7;13;0;6;1;1
202200016734;784 261;7;0;1;1;16;1
202200016735;784 262;10;0;2;4;2;6
202200016735;784 264;2;0;2;4;1;6
202200016736;784 255;2;0;2;1;1;3
202200016736;784 258;7;0;2;6;24;1
202200016737;784 254;33;0;2;1;1;1
202200016737;784 257;33;0;2;2;1;1
202200016737;784 260;7;0;2;6;1;1
202200016738;784 250;7;0;2;6;13;1
202200016738;784 252;7;0;2;8;1;1
202200016738;784 253;7;0;2;8;13;1
202200016739;784 248;33;0;2;1;1;1
202200016739;784 251;7;0;2;3;15;2
202200016740;784 246;7;0;2;1;2;1
202200016740;784 249;17;0;0;5;2;6
202200016741;784 244;50;0;2;0;0;1
202200016741;784 245;10;0;9;2;9;1
202200016741;784 247;7;0;2;3;2;1
202200016742;784 242;7;0;2;0;15;1