Num_Acc;id_vehicule;categorie_vehicule;obstacle_fixe;obstacle_mobile;point_choc_initial;manoeuvre_principale;motorisation
202200016742;784 243;30;0;2;0;1;1
202200016743;784 238;7;0;2;1;2;1
202200016743;784 240;7;0;2;4;2;1
202200016744;784 239;13;0;2;1;1;6
202200016744;784 241;7;0;2;1;13;6
202200016745;784 236;7;0;1;2;16;1
202200016746;784 235;3;2;0;2;1;0
202200016747;784 234;7;0;2;7;1;1
202200016747;784 237;31;0;2;8;3;1
202200016748;784 233;33;0;0;0;1;1
202200016749;784 232;7;7;0;1;1;1
202200016750;784 228;7;0;2;1;1;0
202200016750;784 231;2;0;2;7;1;1
202200016751;784 227;7;0;2;7;22;1
202200016751;784 230;1;1;2;1;0;5
202200016752;784 226;7;0;2;1;0;1
202200016752;784 229;7;0;0;4;1;1
202200016753;784 223;50;0;2;1;19;3
202200016753;784 225;7;0;2;1;1;1
202200016754;784 222;7;0;2;3;19;1
202200016754;784 224;7;0;2;2;1;1
202200016755;784 219;7;0;9;1;1;1
202200016755;784 221;1;0;2;1;15;5
202200016756;784 217;7;0;2;2;2;1
202200016756;784 220;10;0;2;8;2;1
202200016757;784 216;7;0;2;1;1;1
202200016757;784 218;2;0;2;1;5;1
202200016758;784 211;2;0;2;1;1;1
202200016758;784 213;7;0;2;6;10;1
202200016759;784 214;33;0;2;1;5;1
202200016759;784 215;7;0;2;1;1;1
202200016760;784 210;7;8;2;8;15;1
202200016760;784 212;7;0;2;1;1;1
202200016761;784 209;7;0;1;2;1;1
202200016762;784 208;30;0;0;2;1;1
202200016763;784 207;33;2;0;1;1;1
202200016764;784 205;7;0;2;1;26;1
202200016764;784 206;7;0;2;2;1;1
202200016765;784 202;7;13;0;0;21;1
202200016765;784 204;7;0;0;0;3;1
202200016766;784 199;1;0;2;8;1;5
202200016766;784 201;1;0;2;1;26;5
202200016767;784 200;7;0;2;1;13;1
202200016767;784 203;7;0;2;3;1;2
202200016768;784 195;7;1;0;7;14;1
202200016768;784 198;7;0;2;6;23;1
202200016769;784 194;50;0;2;1;1;3
202200016769;784 197;7;0;2;8;9;1
202200016770;784 196;7;13;0;2;1;1
202200016771;784 192;10;0;1;1;15;1
202200016772;784 190;7;3;0;2;0;1
202200016773;784 188;33;0;1;1;1;1
202200016774;784 189;7;0;0;6;16;1
202200016774;784 191;7;0;2;2;26;3
202200016774;784 193;34;0;2;7;1;1
202200016775;784 186;33;0;1;1;18;1
202200016776;784 183;7;15;0;2;14;1
202200016777;784 184;31;0;2;1;1;1
202200016777;784 187;2;0;2;8;15;1
202200016778;784 182;7;0;2;4;2;1
202200016778;784 185;7;0;2;1;0;1
202200016779;784 180;7;0;2;2;19;1
202200016779;784 181;7;0;2;8;0;1
202200016780;784 178;7;0;0;1;2;1
202200016781;784 176;7;7;0;1;21;1
202200016782;784 177;33;0;2;1;1;1
202200016782;784 179;7;0;0;6;11;1
202200016783;784 174;1;0;1;1;1;5
202200016784;784 173;10;4;2;4;1;1
202200016784;784 175;7;4;2;1;2;1
202200016785;784 172;7;3;0;1;13;1
202200016786;784 171;10;0;1;2;16;1
202200016787;784 170;21;0;0;0;23;1
202200016788;784 167;7;0;2;4;2;1
202200016788;784 168;7;0;2;4;2;1
202200016788;784 169;7;0;2;1;2;1
202200016789;784 166;7;3;0;2;1;1
202200016790;784 165;7;0;0;3;13;1
202200016791;784 163;7;0;2;8;1;1
202200016791;784 164;7;0;2;1;19;1
202200016792;784 162;10;12;1;4;24;1
202200016793;784 161;7;6;0;1;0;1
202200016794;784 159;7;0;2;1;1;1
202200016794;784 160;7;7;2;1;13;1
202200016795;784 158;7;0;1;8;15;1
202200016796;784 156;30;0;0;0;1;1
202200016797;784 154;7;0;1;2;18;1
202200016798;784 152;7;0;2;1;2;1
202200016798;784 153;10;0;0;0;0;0
202200016799;784 146;2;1;2;1;5;1
202200016799;784 149;7;0;2;1;15;1
202200016800;784 143;31;0;0;7;16;1
202200016800;784 145;33;0;2;1;1;1
202200016801;784 144;7;0;2;7;23;1
202200016801;784 148;7;0;2;6;21;1
202200016801;784 151;7;1;1;3;2;1
202200016801;784 155;7;0;2;2;24;0
202200016801;784 157;38;0;2;6;24;1
202200016802;784 140;7;0;2;1;1;1
202200016802;784 142;7;0;2;8;0;1
202200016803;784 141;7;0;2;6;1;1
202200016803;784 147;7;0;0;5;24;1
202200016803;784 150;7;0;2;1;1;1
202200016804;784 137;7;2;0;1;1;1
202200016805;784 136;7;0;2;3;1;1
202200016805;784 138;2;0;2;9;26;1
202200016806;784 135;7;4;0;3;13;1
202200016806;784 139;7;0;0;3;1;3
202200016807;784 132;7;0;1;1;1;1
202200016807;784 134;7;0;2;1;21;1
202200016808;784 131;7;0;2;2;2;1
202200016808;784 133;1;0;2;4;2;5
202200016809;784 130;1;0;0;8;1;5
202200016810;784 128;7;9;0;1;1;1
202200016811;784 126;7;0;2;3;1;1
202200016811;784 129;7;0;0;9;2;1
202200016812;784 124;7;0;2;9;2;1
202200016812;784 125;7;0;2;4;2;1
202200016812;784 127;7;0;2;1;2;1
202200016813;784 123;10;2;0;1;1;1
202200016814;784 122;7;8;0;1;0;1
202200016815;784 119;41;0;2;1;1;1
202200016815;784 121;7;0;2;7;19;1
202200016816;784 118;7;2;0;1;14;1
202200016817;784 115;7;1;2;1;1;1
202200016817;784 117;3;0;0;0;0;1
202200016818;784 116;7;0;2;6;15;1
202200016818;784 120;33;0;2;1;17;1
202200016819;784 113;7;0;1;1;1;1
202200016820;784 111;7;0;2;7;15;1
202200016820;784 114;33;0;2;1;1;1
202200016821;784 110;7;0;2;6;19;2
202200016821;784 112;33;0;2;1;0;1
202200016822;784 107;7;0;2;0;0;1
202200016822;784 108;7;0;2;5;1;1
202200016822;784 109;7;0;2;2;23;1
202200016823;784 105;2;13;0;1;1;1
202200016824;784 104;33;0;2;3;2;1
202200016824;784 106;33;6;2;3;17;1
202200016825;784 101;14;1;0;0;1;1
202200016825;784 103;7;0;2;1;1;1
202200016826;784 100;7;0;2;2;1;1
202200016826;784 102;2;0;2;1;13;1
202200016827;784 097;33;0;2;1;1;1
202200016827;784 099;7;0;2;1;9;1
202200016828;784 096;7;0;2;1;17;1
202200016828;784 098;7;0;2;6;1;1
202200016829;784 093;7;2;0;1;0;1
202200016830;784 090;32;0;2;1;9;3
202200016830;784 091;7;0;2;5;0;1
202200016831;784 089;7;0;2;1;2;1
202200016831;784 092;7;0;2;1;2;2
202200016831;784 094;7;0;2;4;2;1
202200016831;784 095;7;0;0;4;15;1
202200016832;784 086;15;0;1;2;1;1
202200016833;784 085;7;0;1;2;1;1
202200016834;784 087;7;0;2;1;17;1
202200016834;784 088;1;0;2;1;1;5
202200016835;784 083;33;12;0;1;2;1
202200016836;784 082;7;0;2;2;16;1
202200016836;784 084;50;0;2;0;19;3
202200016837;784 080;7;0;2;3;1;1
202200016837;784 081;7;0;2;2;1;1
202200016838;784 079;7;0;1;2;15;1
202200016839;784 078;7;0;1;0;1;1
202200016840;784 077;33;0;0;9;17;1
202200016841;784 073;33;0;2;2;17;1
202200016841;784 074;7;0;2;3;20;1
202200016842;784 075;33;8;0;7;1;1
202200016843;784 071;7;0;2;2;1;1
202200016843;784 076;7;6;2;3;1;1
202200016844;784 069;33;0;2;9;13;1
202200016844;784 072;7;0;0;1;1;1
202200016845;784 067;7;0;2;3;9;1
202200016845;784 070;32;0;0;7;1;1
202200016846;784 066;33;0;2;1;1;1
202200016846;784 068;7;0;2;1;26;1
202200016847;784 063;7;15;0;2;15;1
202200016848;784 064;2;0;0;1;1;1
202200016848;784 065;2;0;0;1;1;1
202200016849;784 061;7;0;2;1;1;1
202200016849;784 062;7;0;2;8;1;1
202200016850;784 059;31;0;2;3;2;1
202200016850;784 060;7;0;2;5;2;1
202200016851;784 054;7;0;2;8;11;1
202200016851;784 056;33;0;2;7;3;1
202200016852;784 057;7;0;0;5;1;1
202200016852;784 058;33;0;2;1;1;1
202200016853;784 055;33;0;0;0;1;1
202200016854;784 053;7;13;0;1;1;1
202200016855;784 052;33;0;1;1;1;1
202200016856;784 049;7;0;0;7;1;1
202200016856;784 050;7;0;2;3;15;1
202200016857;784 045;7;1;0;1;1;1
202200016858;784 044;7;0;9;5;15;1
202200016858;784 048;1;0;2;1;1;5
202200016859;784 046;15;0;2;2;14;0
202200016859;784 047;7;0;2;1;1;1
202200016859;784 051;7;0;2;8;1;1
202200016860;784 039;2;0;2;1;1;1
202200016860;784 042;7;0;2;7;15;1
202200016861;784 036;43;0;0;3;20;1
202200016862;784 034;10;0;2;2;1;1
202200016862;784 035;7;0;2;2;1;1
202200016862;784 037;1;5;2;4;1;5
202200016862;784 038;1;5;2;4;1;5
202200016862;784 040;1;5;2;4;1;5
202200016862;784 041;1;5;2;4;1;5
202200016862;784 043;7;5;2;1;1;1
202200016863;784 030;80;0;2;4;2;3
202200016863;784 032;32;0;2;1;2;1
202200016864;784 031;7;0;2;1;2;2
202200016864;784 033;7;0;2;8;20;1
202200016865;784 027;2;0;2;3;1;1
202200016865;784 029;10;0;2;2;15;1
202200016866;784 025;7;0;1;4;20;1
202200016867;784 026;7;0;2;3;16;2
202200016867;784 028;33;0;2;1;18;1
202200016868;784 023;33;0;2;7;3;1
202200016868;784 024;10;0;2;8;23;1
202200016869;784 022;33;12;0;1;1;1
202200016870;784 020;7;0;2;1;1;1
202200016870;784 021;33;0;2;1;14;1
202200016871;784 016;10;0;2;3;10;1
202200016871;784 017;33;0;2;1;17;1
202200016872;784 018;7;0;1;0;1;0
202200016873;784 015;33;0;0;3;1;1
202200016874;784 014;7;2;0;1;0;1
202200016875;784 011;7;13;0;1;1;1
202200016875;784 013;7;0;0;6;1;2
202200016876;784 012;50;0;1;1;1;3
202200016877;784 009;7;0;2;6;1;1
202200016877;784 010;7;0;2;2;17;1
202200016878;784 008;33;12;0;3;10;1
202200016879;784 005;7;4;2;2;14;1
202200016879;784 006;7;0;2;1;1;1
202200016879;784 007;7;0;2;1;1;1
202200016880;784 002;7;0;0;1;1;1
202200016880;784 004;7;0;2;1;6;1
202200016881;783 997;13;0;2;3;1;1
202200016881;784 001;7;0;2;3;1;1
202200016881;784 003;33;0;2;4;17;1
202200016882;783 998;7;0;2;1;2;1
202200016882;784 000;7;0;2;4;0;1
202200016883;783 996;7;0;2;1;0;2
202200016883;783 999;7;0;0;4;0;0
202200016884;783 994;7;0;2;2;12;1
202200016884;783 995;7;0;2;6;2;2
202200016885;783 993;7;2;0;2;14;1
202200016886;783 992;7;0;1;2;1;0
202200016887;783 988;33;0;2;1;17;0
202200016887;783 989;7;0;2;8;15;1
202200016888;783 987;7;0;1;3;2;1
202200016889;783 990;33;0;1;3;17;1
202200016890;783 986;1;15;0;1;1;5
202200016891;783 984;7;0;2;1;1;1
202200016891;783 985;15;0;2;6;20;1
202200016892;783 982;7;16;0;0;6;1
202200016893;783 980;7;0;1;1;1;1
202200016894;783 978;2;0;0;8;1;1
202200016894;783 979;7;0;2;3;15;1
202200016895;783 975;7;0;2;3;13;1
202200016895;783 977;15;0;2;3;1;1
202200016896;783 972;33;0;2;3;17;1
202200016896;783 974;7;0;2;8;1;1
202200016897;783 973;43;0;2;3;17;1
202200016897;783 976;7;0;2;3;1;3
202200016897;783 981;7;0;2;3;1;1
202200016897;783 983;43;0;2;1;17;1
202200016898;783 969;1;0;2;1;1;5
202200016898;783 971;7;0;2;8;1;1
202200016899;783 967;7;0;0;8;15;1
202200016899;783 968;33;0;2;2;17;1
202200016900;783 965;10;0;1;1;1;0
202200016901;783 964;7;0;2;4;2;1
202200016901;783 966;7;0;2;1;2;1
202200016902;783 963;33;16;0;0;1;1
202200016903;783 962;30;0;0;0;1;1
202200016904;783 960;7;1;0;1;1;1
202200016905;783 957;7;0;2;3;15;1
202200016905;783 959;31;0;2;1;1;1
202200016906;783 958;80;0;2;1;1;3
202200016906;783 961;7;0;2;8;22;1
202200016907;783 953;7;0;2;2;1;1
202200016907;783 955;50;0;2;8;13;3
202200016908;783 948;7;0;0;4;23;1
202200016908;783 950;7;0;2;4;23;1
202200016908;783 952;7;0;2;4;23;1
202200016908;783 954;7;0;2;4;23;1
202200016908;783 956;7;0;2;1;1;1
202200016909;783 947;7;0;2;8;9;1
202200016909;783 949;0;0;2;8;1;0
202200016910;783 951;34;8;0;3;21;1
202200016911;783 946;7;2;0;3;1;1
202200016912;783 944;7;0;2;1;1;6
202200016912;783 945;7;0;2;2;13;1
202200016913;783 940;7;0;2;3;1;1
202200016913;783 943;7;0;2;2;16;1
202200016914;783 939;30;8;2;1;1;1
202200016914;783 941;7;0;2;2;1;1
202200016915;783 937;7;0;2;3;0;1
202200016915;783 938;7;0;2;3;1;1
202200016916;783 932;7;0;2;4;0;1
202200016916;783 935;7;0;2;4;2;1
202200016916;783 936;7;0;2;1;2;1
202200016917;783 933;1;0;2;4;21;5
202200016917;783 942;33;0;2;1;2;1
202200016918;783 930;50;0;0;0;26;3
202200016919;783 929;7;0;2;2;1;1
202200016919;783 931;7;0;2;1;1;2
202200016919;783 934;32;0;2;1;16;1
202200016920;783 928;7;0;1;1;18;1
202200016921;783 925;2;3;0;7;1;1
202200016922;783 924;7;0;2;1;0;1
202200016922;783 927;7;0;1;2;0;1
202200016923;783 921;2;0;2;1;2;1
202200016923;783 922;7;0;2;4;20;1
202200016924;783 919;7;0;0;3;1;1
202200016924;783 923;7;0;0;3;1;1
202200016925;783 920;33;0;2;1;1;1
202200016925;783 926;10;0;2;3;15;1
202200016926;783 918;33;0;0;8;1;1
202200016927;783 915;7;0;2;1;1;1
202200016927;783 917;1;0;2;3;15;5
202200016928;783 914;7;6;0;2;1;1
202200016929;783 910;10;0;2;1;15;1
202200016929;783 913;10;0;2;3;2;1
202200016930;783 912;1;0;2;1;0;5
202200016930;783 916;7;0;2;4;1;1
202200016931;783 908;7;0;1;1;1;1
202200016932;783 907;33;0;0;4;2;1
202200016932;783 909;33;0;2;1;2;1
202200016933;783 904;7;2;0;1;1;1
202200016934;783 902;33;0;2;1;1;1
202200016934;783 903;7;0;2;6;10;1
202200016935;783 901;7;0;2;3;7;1
202200016935;783 905;33;0;2;2;1;1
202200016935;783 906;7;0;2;4;1;1
202200016936;783 899;32;0;2;7;1;1
202200016936;783 900;1;0;2;3;11;5
202200016937;783 897;1;0;2;1;19;5
202200016937;783 898;7;0;2;7;1;1
202200016938;783 894;10;0;2;4;2;1
202200016938;783 896;7;0;2;4;2;0
202200016939;783 891;7;0;2;3;13;1
202200016939;783 892;7;0;2;3;13;1
202200016940;783 888;80;0;2;2;2;3
202200016940;783 890;7;0;2;8;9;1
202200016941;783 886;7;0;2;5;12;1
202200016941;783 887;1;0;2;3;15;5
202200016942;783 885;3;0;2;4;19;0
202200016942;783 889;3;0;2;1;19;0
202200016943;783 884;7;15;0;1;6;1
202200016944;783 883;1;0;5;1;1;5
202200016945;783 882;7;2;0;8;19;1
202200016946;783 879;7;0;2;3;1;1
202200016946;783 881;7;0;2;3;1;1
202200016947;783 878;2;1;0;1;1;3
202200016948;783 875;7;0;2;1;1;1
202200016948;783 877;7;0;2;1;1;1
202200016949;783 874;33;8;0;1;14;1
202200016950;783 876;33;0;2;3;0;1
202200016950;783 880;7;0;2;7;16;1
202200016951;783 873;7;8;0;9;1;1
202200016952;783 872;3;0;1;1;15;1
202200016953;783 868;10;0;2;3;20;1
202200016953;783 870;32;0;2;2;2;1
202200016954;783 866;7;0;2;3;13;1
202200016954;783 867;2;0;2;2;0;1
202200016955;783 865;31;0;0;7;1;1
202200016955;783 869;7;0;0;0;9;1
202200016956;783 864;2;0;2;2;1;1
202200016956;783 871;7;0;2;3;1;1
202200016957;783 861;10;0;2;1;1;1
202200016957;783 863;34;0;0;4;0;1
202200016958;783 860;33;6;0;2;1;1
202200016959;783 859;7;0;2;1;11;1
202200016959;783 862;7;0;2;8;1;1
202200016960;783 857;7;13;0;3;1;1
202200016961;783 855;7;0;2;3;15;1
202200016961;783 858;33;0;2;3;0;1
202200016962;783 852;7;0;2;3;1;1
202200016962;783 856;7;0;2;1;1;1
202200016963;783 853;2;1;0;1;15;1
202200016964;783 851;7;0;2;1;19;1
202200016964;783 854;7;0;2;8;1;1
202200016965;783 850;7;0;1;2;1;1
202200016966;783 847;7;0;1;0;0;1
202200016967;783 844;99;0;2;1;1;0
202200016967;783 849;7;0;2;1;15;2
202200016968;783 845;1;1;0;2;21;5
202200016968;783 848;7;0;2;3;22;1
202200016969;783 843;7;0;2;1;26;1
202200016969;783 846;7;0;0;0;0;1
202200016970;783 841;7;0;2;2;12;1
202200016970;783 842;32;0;0;6;1;1
202200016971;783 840;10;0;1;2;15;1
202200016972;783 838;31;4;0;3;26;1
202200016973;783 837;7;0;0;9;1;1
202200016974;783 839;7;0;9;3;1;1
202200016975;783 835;34;0;2;7;17;1
202200016975;783 836;37;0;2;3;1;0
202200016976;783 834;7;8;0;4;20;1
202200016977;783 831;7;0;2;1;1;1
202200016977;783 833;7;0;2;3;9;1
202200016978;783 830;7;2;0;1;14;1
202200016979;783 829;7;0;9;1;1;1
202200016979;783 832;30;0;0;8;1;1
202200016980;783 828;7;3;0;9;17;1
202200016981;783 826;33;0;1;2;16;1
202200016982;783 821;7;0;2;0;13;0
202200016982;783 824;1;0;2;1;1;5
202200016983;783 822;10;10;0;1;1;1
202200016984;783 819;1;0;2;4;1;5
202200016984;783 820;7;1;2;1;9;1
202200016984;783 823;7;0;2;4;1;1
202200016984;783 825;7;0;2;4;1;1
202200016984;783 827;1;0;2;4;1;5
202200016985;783 813;7;0;2;3;1;1
202200016985;783 817;30;0;2;8;1;1
202200016986;783 816;32;0;2;8;26;1
202200016986;783 818;7;0;2;0;0;0
202200016987;783 812;7;0;2;1;1;1
202200016987;783 814;7;0;2;3;9;1
202200016988;783 811;7;0;2;5;1;1
202200016988;783 815;30;0;2;3;15;1
202200016989;783 807;34;0;2;1;1;1
202200016989;783 809;7;0;2;3;15;1
202200016990;783 805;7;0;2;1;17;0
202200016990;783 806;7;0;2;8;15;1
202200016991;783 801;7;0;2;1;26;1
202200016991;783 804;7;0;2;0;0;1
202200016992;783 800;1;0;2;1;1;5
202200016992;783 803;7;0;2;2;15;1
202200016993;783 795;7;0;1;1;1;1
202200016994;783 796;7;0;9;3;1;1
202200016994;783 799;50;0;2;1;1;3
202200016995;783 798;2;0;2;1;19;1
202200016995;783 802;32;0;2;7;1;1
202200016996;783 794;7;0;2;1;13;1
202200016996;783 797;7;0;2;3;1;1
202200016997;783 793;30;0;0;0;0;1
202200016998;783 792;7;0;1;1;1;1
202200016999;783 789;7;3;0;4;23;1
202200016999;783 791;17;0;2;1;2;1
202200017000;783 788;7;0;1;1;15;3
202200017001;783 783;7;13;0;1;1;1
202200017002;783 782;7;0;2;1;2;1
202200017002;783 785;7;4;0;4;2;1
202200017002;783 786;7;3;0;4;2;1
202200017002;783 790;7;0;0;6;0;1
202200017003;783 784;7;0;0;5;15;1
202200017003;783 787;10;0;2;2;1;1
202200017004;783 781;33;0;0;0;1;1
202200017005;783 778;7;0;2;1;13;1
202200017005;783 779;7;0;2;1;1;1
202200017006;783 776;3;0;1;2;26;1
202200017007;783 777;7;0;2;8;20;1
202200017007;783 780;32;0;2;7;1;1
202200017008;783 775;17;1;1;2;1;1
202200017009;783 773;7;0;2;3;1;1
202200017009;783 774;7;0;2;2;19;1
202200017010;783 771;7;8;0;3;11;1
202200017011;783 770;31;0;2;3;1;1
202200017011;783 772;7;0;2;3;15;1
202200017012;783 768;7;0;2;2;1;1
202200017012;783 769;1;0;2;4;19;5
202200017013;783 767;30;1;0;1;20;1
202200017014;783 765;10;8;0;1;14;1
202200017015;783 764;7;0;1;1;1;1
202200017016;783 761;7;0;0;4;2;1
202200017016;783 763;7;0;0;2;1;1
202200017017;783 760;13;0;2;6;16;1
202200017017;783 762;33;0;2;1;1;1
202200017018;783 757;7;1;0;2;2;1
202200017018;783 758;7;0;0;6;24;1
202200017019;783 754;7;13;0;1;16;1
202200017020;783 753;10;0;2;9;19;1
202200017020;783 759;7;0;2;1;1;1
202200017021;783 748;7;0;2;3;1;1
202200017021;783 751;7;0;2;3;1;1
202200017022;783 747;7;0;2;2;10;1
202200017022;783 750;7;0;2;1;1;1
202200017023;783 742;7;0;2;1;0;1
202200017023;783 745;7;0;2;1;0;1
202200017024;783 744;7;0;2;4;15;1
202200017024;783 746;7;0;2;1;14;0
202200017025;783 740;7;0;1;1;1;1
202200017026;783 739;7;3;0;1;14;1
202200017027;783 737;10;0;2;3;2;1
202200017027;783 738;1;0;2;1;26;5
202200017028;783 735;10;3;0;9;14;1
202200017029;783 732;7;0;2;1;13;1
202200017029;783 734;7;0;2;1;1;1
202200017029;783 736;7;0;2;1;1;1
202200017030;783 730;7;0;9;2;1;0
202200017030;783 733;1;0;2;8;1;5
202200017031;783 729;30;0;2;2;17;1
202200017031;783 731;7;0;2;3;1;1
202200017032;783 727;7;0;1;5;2;1
202200017033;783 728;7;2;0;9;1;1
202200017034;783 726;7;14;0;1;17;1
202200017035;783 725;7;4;9;1;16;1
202200017036;783 724;7;13;0;1;14;1
202200017037;783 723;7;3;0;1;1;1
202200017038;783 722;7;1;0;2;1;1
202200017039;783 720;7;0;2;4;23;1
202200017039;783 721;7;0;2;1;1;1
202200017040;783 717;7;0;1;1;1;1
202200017041;783 716;7;0;2;2;1;1
202200017041;783 718;7;0;2;7;1;1
202200017042;783 715;7;0;1;1;5;1
202200017042;783 719;7;0;2;1;1;1
202200017043;783 712;7;0;2;1;1;1
202200017043;783 714;7;0;1;1;17;1
202200017044;783 708;7;0;2;1;1;1
202200017044;783 711;7;0;2;4;1;1
202200017045;783 706;7;0;2;3;1;1
202200017045;783 710;7;0;0;3;5;1
202200017046;783 705;7;0;2;1;16;2
202200017046;783 709;1;0;2;0;1;5
202200017047;783 704;7;0;2;1;1;2
202200017047;783 707;99;0;2;7;1;1
202200017048;783 703;7;8;0;9;1;1
202200017049;783 701;10;13;0;1;1;1
202200017050;783 700;7;0;2;1;9;1
202200017050;783 702;50;0;2;2;0;3
202200017051;783 697;17;0;2;3;2;1
202200017051;783 699;10;0;2;6;23;1
202200017052;783 696;7;0;1;2;1;2
202200017053;783 695;30;0;2;6;10;1
202200017053;783 698;32;0;2;1;1;1
202200017054;783 692;7;0;2;4;1;1
202200017054;783 693;7;0;2;2;2;1
202200017055;783 691;30;0;2;1;1;1
202200017055;783 694;7;0;2;8;1;1
202200017056;783 688;7;0;2;1;2;1
202200017056;783 690;7;0;2;4;2;1
202200017057;783 685;7;0;2;3;1;1
202200017057;783 689;50;0;2;2;15;3
202200017058;783 683;7;0;2;1;0;1
202200017058;783 687;7;0;2;2;1;1
202200017059;783 684;7;0;1;1;16;1
202200017060;783 682;34;0;2;1;2;0
202200017060;783 686;7;0;2;4;2;1
202200017061;783 681;7;1;0;1;1;1
202200017062;783 679;7;0;1;7;1;1
202200017063;783 678;7;0;0;0;0;0
202200017063;783 680;7;8;2;5;17;1
202200017064;783 675;10;0;2;5;12;1
202200017064;783 677;33;0;2;3;1;1
202200017065;783 673;7;0;2;1;1;1
202200017065;783 676;7;0;2;4;23;1
202200017066;783 671;33;0;1;1;19;1
202200017067;783 669;36;13;0;2;17;1
202200017068;783 668;7;1;0;1;12;1
202200017068;783 670;7;4;2;4;24;1
202200017069;783 666;7;0;1;2;1;1
202200017070;783 664;21;8;0;2;1;1
202200017071;783 665;7;0;2;1;15;0
202200017071;783 667;30;0;2;1;0;1
202200017072;783 659;7;0;2;3;15;1
202200017072;783 662;30;0;2;6;1;1
202200017073;783 658;7;0;2;4;2;1
202200017073;783 661;10;0;2;1;2;1
202200017074;783 657;7;0;2;3;17;1
202200017074;783 663;7;0;2;3;0;1
202200017075;783 655;7;0;2;7;1;1
202200017075;783 660;7;0;2;1;1;1
202200017076;783 652;7;0;2;1;5;1
202200017076;783 654;7;0;2;1;1;1
202200017077;783 651;10;0;2;3;17;1
202200017077;783 653;7;0;2;5;17;1
202200017077;783 656;10;0;2;8;1;1
202200017078;783 647;34;0;2;3;1;1
202200017078;783 650;7;0;2;2;16;1
202200017079;783 649;7;15;0;3;13;1
202200017080;783 645;7;15;9;1;0;1
202200017081;783 641;7;0;1;2;1;1
202200017082;783 639;1;0;2;1;17;5
202200017082;783 642;7;0;2;1;1;1
202200017083;783 638;10;12;2;2;26;1
202200017083;783 644;30;12;2;3;18;1
202200017084;783 636;2;0;2;1;17;1
202200017084;783 637;7;0;2;6;15;1
202200017085;783 634;32;0;0;2;15;1
202200017086;783 633;1;0;2;4;15;5
202200017086;783 635;7;0;9;1;1;1
202200017087;783 630;2;0;0;7;26;1
202200017087;783 632;7;0;2;1;1;1
202200017088;783 625;10;0;2;2;1;1
202200017088;783 631;7;0;2;8;1;1
202200017089;783 624;3;0;2;8;26;1
202200017089;783 628;7;0;2;1;1;1
202200017090;783 627;7;0;2;3;15;1
202200017090;783 629;32;0;2;1;1;1
202200017091;783 622;7;0;2;1;21;1
202200017091;783 623;10;0;2;6;12;1
202200017092;783 616;7;1;0;0;14;0
202200017092;783 620;7;0;2;9;24;1
202200017092;783 621;7;0;2;8;24;1
202200017093;783 618;7;0;1;1;16;1
202200017094;783 619;7;1;0;1;0;2
202200017095;783 610;7;0;2;2;13;1
202200017095;783 614;2;0;2;1;1;1
202200017096;783 609;7;0;2;1;15;1
202200017096;783 612;30;0;2;8;1;1
202200017097;783 605;7;0;2;7;9;2
202200017097;783 608;99;0;2;1;2;5
202200017098;783 607;7;0;1;1;1;1
202200017099;783 602;2;0;2;1;1;1
202200017099;783 603;13;0;2;1;15;1
202200017100;783 601;33;0;5;2;21;1
202200017101;783 596;33;0;2;7;1;1
202200017101;783 599;7;0;2;1;15;3
202200017102;783 597;7;0;2;1;2;1
202200017102;783 598;7;0;2;1;17;1
202200017103;783 595;7;15;0;1;1;1
202200017104;783 594;7;0;1;3;15;1
202200017105;783 591;7;0;2;2;1;1
202200017105;783 592;7;8;2;2;15;1
202200017106;783 586;7;0;9;7;15;1
202200017106;783 588;1;0;2;1;1;5
202200017107;783 584;7;0;2;1;0;2
202200017107;783 587;7;0;2;4;1;1
202200017108;783 585;7;0;2;8;9;1
202200017108;783 590;1;0;2;3;2;5
202200017109;783 582;7;6;0;1;1;1
202200017110;783 581;7;11;0;7;13;1
202200017111;783 580;10;0;1;1;1;1
202200017112;783 577;1;0;2;2;1;5
202200017112;783 579;7;0;2;5;15;1
202200017113;783 576;7;7;2;6;19;1
202200017113;783 578;7;13;2;1;1;2
202200017114;783 572;7;0;2;3;13;1
202200017114;783 574;13;0;2;3;1;1
202200017115;783 571;31;0;2;2;1;1
202200017115;783 575;7;0;2;8;19;1
202200017116;783 567;7;13;0;1;1;1
202200017117;783 566;7;0;2;3;1;1
202200017117;783 569;7;0;2;2;1;1
202200017117;783 573;7;0;2;2;13;1
202200017118;783 565;7;0;2;1;1;1
202200017118;783 568;7;0;0;1;1;1
202200017118;783 570;7;0;2;3;19;1
202200017119;783 563;31;0;2;6;17;1
202200017119;783 564;7;0;0;6;15;1
202200017120;783 562;7;0;9;9;1;1
202200017121;783 560;37;0;1;1;15;1
202200017122;783 557;2;0;2;1;1;1
202200017122;783 561;7;0;2;2;15;1
202200017123;783 555;7;0;2;3;9;1
202200017123;783 558;80;0;2;2;1;3
202200017124;783 556;30;0;2;1;15;1
202200017124;783 559;10;0;2;7;1;1
202200017125;783 554;10;0;1;1;1;1
202200017126;783 552;3;0;1;3;0;1
202200017127;783 551;10;0;9;2;19;1
202200017127;783 553;1;0;2;1;1;5
202200017128;783 546;7;0;2;1;9;1
202200017128;783 548;1;0;2;8;19;5
202200017129;783 545;7;0;1;2;17;1
202200017130;783 544;7;0;2;8;10;1
202200017130;783 549;7;0;2;1;1;1
202200017131;783 540;7;0;2;1;1;1
202200017131;783 543;7;0;2;1;1;1
202200017132;783 542;10;0;1;0;1;1
202200017133;783 541;10;6;0;1;2;1
202200017134;783 538;32;0;2;3;26;1
202200017134;783 539;7;0;0;6;0;0
202200017135;783 535;1;0;2;7;2;5
202200017135;783 537;7;0;2;8;2;1
202200017136;783 534;30;11;0;0;0;1