Num_Acc;id_vehicule;categorie_vehicule;obstacle_fixe;obstacle_mobile;point_choc_initial;manoeuvre_principale;motorisation
202200017137;783 533;33;0;2;8;3;1
202200017137;783 536;7;0;2;7;14;1
202200017138;783 529;15;0;2;1;1;1
202200017138;783 531;7;13;0;4;1;1
202200017139;783 528;7;0;1;2;15;1
202200017140;783 524;7;0;2;5;2;1
202200017140;783 525;10;0;2;2;2;1
202200017140;783 527;7;0;2;4;2;1
202200017140;783 530;7;0;2;1;2;1
202200017141;783 526;7;0;2;1;11;1
202200017141;783 532;1;0;2;4;1;5
202200017142;783 521;7;0;2;3;15;1
202200017142;783 523;31;0;2;1;1;1
202200017143;783 519;7;0;2;1;16;3
202200017143;783 522;1;0;2;4;19;5
202200017144;783 517;7;0;2;8;0;1
202200017144;783 520;14;0;2;2;0;1
202200017145;783 515;7;2;0;1;14;1
202200017146;783 516;15;0;2;4;26;1
202200017146;783 518;30;0;2;1;1;3
202200017147;783 513;33;0;0;7;1;1
202200017148;783 511;10;1;0;1;2;1
202200017148;783 514;7;0;2;4;23;1
202200017149;783 510;33;0;2;1;3;1
202200017149;783 512;7;0;2;4;23;1
202200017150;783 509;30;6;0;3;13;1
202200017151;783 507;7;0;0;4;2;1
202200017151;783 508;10;0;2;1;2;1
202200017152;783 505;7;0;2;4;2;1
202200017152;783 506;10;0;2;2;2;1
202200017153;783 503;7;6;0;1;0;1
202200017154;783 501;7;0;2;5;1;1
202200017154;783 504;33;0;2;1;26;1
202200017155;783 497;13;0;2;1;2;1
202200017155;783 500;7;0;2;4;1;1
202200017156;783 495;1;0;2;8;19;5
202200017156;783 498;7;0;2;2;1;1
202200017157;783 490;7;8;0;2;1;1
202200017158;783 491;7;0;2;7;15;1
202200017158;783 502;7;0;2;2;1;1
202200017159;783 488;10;0;2;4;1;1
202200017159;783 492;7;0;2;5;2;1
202200017159;783 493;7;0;2;1;2;1
202200017160;783 487;7;0;2;1;1;1
202200017160;783 494;7;1;2;2;13;1
202200017161;783 486;1;0;2;1;1;5
202200017161;783 489;7;0;2;3;1;1
202200017162;783 483;7;0;1;1;1;1
202200017163;783 482;7;0;2;3;1;1
202200017163;783 485;7;0;2;3;13;1
202200017164;783 480;7;0;2;1;1;1
202200017164;783 484;7;0;2;4;21;1
202200017165;783 477;7;0;2;6;1;1
202200017165;783 481;7;0;2;3;1;1
202200017166;783 476;7;0;2;1;2;1
202200017166;783 478;7;0;2;4;2;1
202200017166;783 479;7;0;2;4;2;1
202200017167;783 475;7;0;1;1;1;1
202200017168;783 474;7;3;0;9;1;1
202200017169;783 472;60;0;2;5;0;5
202200017169;783 473;7;0;9;3;0;1
202200017170;783 470;7;8;0;1;14;1
202200017171;783 469;7;0;2;3;1;1
202200017171;783 471;50;0;2;1;19;3
202200017172;783 468;2;0;1;8;17;1
202200017173;783 467;10;0;0;7;26;1
202200017174;783 464;10;0;9;2;1;1
202200017174;783 466;50;0;2;1;1;3
202200017175;783 463;7;4;0;9;1;1
202200017176;783 462;7;2;0;7;13;1
202200017177;783 461;2;0;0;0;26;1
202200017178;783 460;1;0;2;1;1;5
202200017178;783 465;7;0;2;8;9;1
202200017179;783 456;37;0;2;2;1;0
202200017179;783 459;7;0;2;3;16;0
202200017180;783 455;30;0;2;3;9;1
202200017180;783 457;10;0;2;2;9;1
202200017181;783 453;10;0;2;3;11;1
202200017181;783 458;33;0;2;7;17;1
202200017182;783 450;31;0;0;0;26;1
202200017183;783 448;7;0;2;1;9;0
202200017183;783 452;31;0;2;1;1;0
202200017184;783 449;30;12;0;0;0;1
202200017185;783 447;7;0;2;3;1;1
202200017185;783 451;7;0;2;1;1;1
202200017186;783 446;7;0;2;6;19;1
202200017186;783 454;7;0;2;1;1;0
202200017187;783 443;7;0;2;3;15;1
202200017187;783 445;31;0;2;1;17;1
202200017188;783 442;1;0;2;1;1;5
202200017188;783 444;7;0;2;3;9;1
202200017189;783 440;7;0;1;2;1;1
202200017190;783 438;3;0;2;3;23;1
202200017190;783 441;0;0;2;3;16;0
202200017191;783 434;10;0;2;1;1;1
202200017191;783 437;7;0;2;9;1;1
202200017191;783 439;7;0;0;4;1;1
202200017192;783 436;7;6;0;1;1;1
202200017193;783 433;7;0;2;3;16;1
202200017193;783 435;50;0;2;7;1;3
202200017194;783 431;1;0;0;0;0;5
202200017195;783 430;17;1;2;2;1;1
202200017196;783 427;7;0;2;3;15;1
202200017196;783 432;7;0;2;2;1;1
202200017197;783 426;7;0;2;1;19;1
202200017197;783 429;33;0;2;3;1;1
202200017198;783 425;2;0;2;7;17;1
202200017198;783 428;7;0;2;6;15;1
202200017199;783 424;7;8;0;7;1;1
202200017200;783 422;1;0;0;0;0;5
202200017201;783 421;10;0;1;1;15;1
202200017202;783 420;7;0;2;5;15;1
202200017202;783 423;32;0;2;1;1;1
202200017203;783 416;33;0;2;3;18;1
202200017203;783 419;7;0;2;2;16;1
202200017204;783 417;31;0;2;3;17;1
202200017204;783 418;7;0;2;7;15;1
202200017205;783 412;1;0;2;4;1;5
202200017205;783 414;7;0;2;3;0;1
202200017206;783 411;7;0;2;2;1;1
202200017206;783 415;1;0;2;7;19;5
202200017207;783 409;7;0;2;1;1;1
202200017207;783 413;7;0;2;4;23;1
202200017208;783 407;32;0;2;7;1;1
202200017208;783 410;7;0;2;8;9;1
202200017209;783 406;2;13;2;7;2;1
202200017209;783 408;7;0;0;8;15;1
202200017210;783 401;7;0;2;6;12;1
202200017210;783 404;7;0;2;3;1;1
202200017211;783 402;10;0;2;3;1;1
202200017211;783 405;7;0;2;2;15;1
202200017212;783 400;15;0;2;6;13;1
202200017212;783 403;7;0;2;2;1;1
202200017213;783 397;7;0;2;1;13;1
202200017213;783 399;14;0;2;1;1;1
202200017214;783 394;7;0;2;2;26;1
202200017214;783 398;30;0;2;1;9;1
202200017215;783 396;7;0;1;1;15;1
202200017216;783 391;1;0;2;1;25;5
202200017216;783 395;37;0;2;7;23;1
202200017217;783 390;80;0;2;6;1;3
202200017217;783 393;7;0;2;1;23;1
202200017218;783 392;7;0;1;3;1;1
202200017219;783 386;1;0;9;1;1;5
202200017219;783 389;7;0;2;1;1;1
202200017220;783 385;7;13;0;7;1;1
202200017221;783 387;7;0;1;2;21;1
202200017222;783 382;33;0;0;0;1;1
202200017223;783 383;7;0;2;2;1;0
202200017223;783 388;7;0;2;8;16;0
202200017224;783 380;7;0;0;4;26;1
202200017225;783 379;7;0;2;2;19;1
202200017225;783 381;7;0;0;0;0;1
202200017226;783 378;36;0;0;0;1;1
202200017227;783 377;7;12;0;1;19;1
202200017228;783 371;33;0;2;1;1;1
202200017228;783 374;7;0;2;3;15;1
202200017229;783 370;7;0;9;1;2;1
202200017229;783 375;50;0;2;7;19;3
202200017230;783 372;7;0;2;5;1;1
202200017230;783 376;14;0;2;2;9;1
202200017231;783 368;32;0;2;1;9;1
202200017231;783 373;7;1;2;2;9;1
202200017232;783 367;7;0;2;4;2;1
202200017232;783 369;7;0;2;1;2;1
202200017233;783 366;7;0;1;1;1;1
202200017234;783 362;33;0;2;7;1;1
202200017234;783 365;7;0;2;1;19;1
202200017235;783 361;7;0;2;1;12;1
202200017235;783 363;7;0;2;9;1;2
202200017236;783 359;7;0;2;1;0;0
202200017236;783 364;7;0;2;1;26;0
202200017237;783 360;2;0;0;8;21;1
202200017238;783 355;7;0;2;6;15;1
202200017238;783 358;50;0;2;1;1;3
202200017239;783 354;50;8;0;0;2;3
202200017239;783 357;1;8;0;0;2;5
202200017240;783 352;7;0;2;4;23;1
202200017240;783 356;7;0;2;1;2;1
202200017241;783 349;10;0;2;1;1;1
202200017241;783 353;10;0;2;1;1;1
202200017242;783 348;7;0;0;0;1;2
202200017242;783 350;50;0;2;0;21;3
202200017243;783 344;7;16;0;9;1;1
202200017244;783 339;7;0;2;4;2;1
202200017244;783 342;10;0;2;4;2;1
202200017244;783 345;7;0;2;4;2;1
202200017244;783 347;7;0;2;1;2;1
202200017245;783 341;7;0;2;1;15;1
202200017245;783 346;7;0;2;1;1;1
202200017246;783 338;1;0;2;2;16;5
202200017246;783 343;7;0;2;3;1;1
202200017247;783 337;7;0;2;1;15;1
202200017247;783 340;2;0;2;1;1;1
202200017248;783 331;7;0;2;6;11;1
202200017248;783 335;7;0;2;2;1;1
202200017249;783 333;7;0;2;4;2;1
202200017249;783 336;7;0;2;1;2;1
202200017250;783 332;1;0;2;1;13;5
202200017250;783 334;2;9;2;1;13;1
202200017251;783 330;30;0;1;1;1;1
202200017252;783 328;7;3;0;1;9;0
202200017253;783 326;33;0;2;1;1;1
202200017253;783 329;38;0;2;1;15;1
202200017254;783 324;7;0;1;2;1;1
202200017255;783 321;7;0;2;4;2;1
202200017255;783 325;7;0;2;1;21;1
202200017255;783 327;7;0;2;1;21;1
202200017256;783 319;2;0;2;1;15;1
202200017256;783 323;2;0;2;1;1;1
202200017257;783 318;7;0;2;4;2;1
202200017257;783 320;7;0;2;1;2;1
202200017257;783 322;7;0;2;1;2;1
202200017258;783 314;10;4;0;3;1;0
202200017259;783 315;7;0;2;2;16;1
202200017259;783 317;32;0;2;1;7;1
202200017260;783 312;7;4;0;1;2;1
202200017261;783 313;7;1;0;1;26;1
202200017262;783 311;33;0;2;1;1;1
202200017262;783 316;7;0;2;1;15;1
202200017263;783 306;7;0;2;2;3;0
202200017263;783 310;1;0;2;4;1;5
202200017264;783 305;7;3;2;4;1;1
202200017264;783 309;7;3;2;1;1;1
202200017265;783 303;1;0;2;2;6;5
202200017265;783 307;7;0;2;1;1;1
202200017266;783 304;10;0;2;2;16;1
202200017266;783 308;2;0;2;1;1;1
202200017267;783 302;7;4;0;3;0;1
202200017268;783 301;7;0;1;1;1;1
202200017269;783 298;7;0;2;5;23;1
202200017269;783 300;30;0;2;1;2;1
202200017270;783 299;33;14;0;8;17;1
202200017271;783 295;7;4;2;9;1;1
202200017271;783 297;7;0;2;1;1;0
202200017272;783 293;7;6;2;1;1;1
202200017272;783 296;7;0;2;3;15;1
202200017273;783 292;7;0;0;0;16;1
202200017274;783 291;7;3;0;7;14;1
202200017275;783 290;33;0;2;8;19;1
202200017275;783 294;7;0;2;2;19;1
202200017276;783 289;10;0;1;1;1;3
202200017277;783 288;7;0;0;9;1;1
202200017278;783 285;7;0;2;7;1;1
202200017278;783 287;7;0;2;1;19;1
202200017279;783 284;7;8;0;1;1;1
202200017280;783 283;7;0;9;2;15;1
202200017280;783 286;1;0;2;1;1;5
202200017281;783 277;7;0;2;3;19;1
202200017281;783 281;7;0;2;2;1;1
202200017282;783 274;30;0;2;1;9;1
202200017282;783 279;7;0;2;3;1;1
202200017283;783 267;10;0;2;1;15;1
202200017283;783 271;1;0;2;1;1;5
202200017284;783 269;7;0;1;1;2;1
202200017285;783 270;7;8;0;1;13;1
202200017286;783 266;31;0;2;1;1;1
202200017286;783 268;7;0;2;7;15;1
202200017287;783 262;32;0;2;2;1;1
202200017287;783 264;7;0;2;1;2;1
202200017288;783 259;7;0;2;6;15;1
202200017288;783 265;7;0;2;1;2;1
202200017289;783 261;32;0;2;4;0;0
202200017289;783 263;33;0;2;1;0;1
202200017290;783 258;30;0;2;1;15;1
202200017290;783 260;30;0;2;1;1;1
202200017291;783 257;2;6;0;1;14;1
202200017292;783 254;7;0;2;1;1;1
202200017292;783 255;2;0;2;1;15;0
202200017293;783 253;7;0;2;3;1;1
202200017293;783 256;7;0;2;3;13;1
202200017294;783 247;7;0;2;1;1;2
202200017294;783 250;7;0;2;1;5;1
202200017295;783 246;1;0;2;1;0;5
202200017295;783 248;7;0;2;3;13;3
202200017296;783 245;1;0;2;8;2;5
202200017296;783 249;14;0;2;2;9;1
202200017297;783 244;7;0;2;1;1;1
202200017297;783 251;7;0;2;5;15;1
202200017298;783 240;0;0;1;1;26;1
202200017299;783 242;1;0;2;1;2;5
202200017299;783 243;7;0;9;4;23;1
202200017300;783 238;7;0;2;8;15;1
202200017300;783 241;32;0;2;1;1;1
202200017301;783 237;7;0;2;9;23;1
202200017301;783 239;7;0;2;6;26;1
202200017302;783 232;7;0;2;3;1;1
202200017302;783 234;30;0;2;1;16;1
202200017303;783 231;7;2;0;1;6;1
202200017304;783 229;7;0;2;3;23;1
202200017304;783 230;7;0;2;9;1;1
202200017304;783 235;7;0;2;7;15;2
202200017305;783 228;7;0;2;8;13;1
202200017305;783 233;7;0;2;8;1;1
202200017305;783 236;7;0;2;1;1;1
202200017306;783 226;7;0;2;8;13;1
202200017306;783 227;7;0;2;3;1;2
202200017307;783 223;31;0;2;1;1;1
202200017307;783 224;7;0;2;1;5;0
202200017308;783 221;30;0;2;1;1;1
202200017308;783 222;7;0;2;3;15;1
202200017309;783 220;7;1;0;2;1;1
202200017310;783 217;7;0;2;7;1;1
202200017310;783 225;7;0;2;3;1;1
202200017311;783 218;7;0;2;1;2;1
202200017311;783 219;1;0;2;0;0;5
202200017312;783 216;7;0;1;3;15;1
202200017313;783 212;32;0;2;3;1;1
202200017313;783 214;7;0;2;2;15;1
202200017314;783 211;7;0;2;4;23;1
202200017314;783 213;7;0;2;1;1;0
202200017315;783 210;7;0;9;2;1;1
202200017315;783 215;2;0;2;8;1;1
202200017316;783 208;7;0;2;1;13;1
202200017316;783 209;7;0;2;0;0;1
202200017317;783 206;2;0;2;1;1;1
202200017317;783 207;10;0;2;4;1;1
202200017318;783 204;7;0;2;2;9;1
202200017318;783 205;7;15;2;1;1;1
202200017319;783 201;10;0;1;1;19;1
202200017320;783 199;33;6;0;1;2;1
202200017321;783 203;7;1;1;2;15;1
202200017322;783 200;7;6;2;3;21;1
202200017322;783 202;7;0;2;3;2;1
202200017323;783 198;37;0;1;1;1;2
202200017324;783 197;7;6;0;4;4;1
202200017325;783 196;7;13;0;1;1;1
202200017326;783 192;33;0;2;8;3;1
202200017326;783 194;7;0;2;7;12;1
202200017327;783 193;33;0;2;1;0;1
202200017327;783 195;7;0;2;3;0;1
202200017328;783 190;7;8;0;1;26;1
202200017329;783 189;7;0;2;1;1;1
202200017329;783 191;7;0;2;7;1;1
202200017330;783 185;50;0;0;0;0;3
202200017331;783 187;33;0;1;1;5;1
202200017332;783 186;7;0;2;1;13;1
202200017332;783 188;7;0;2;3;1;1
202200017333;783 184;7;0;0;9;0;1
202200017334;783 182;2;0;0;0;0;1
202200017335;783 179;7;0;2;2;1;1
202200017335;783 183;7;0;2;1;1;1
202200017336;783 178;30;1;2;1;1;1
202200017336;783 180;7;0;2;1;14;1
202200017337;783 176;7;0;1;2;1;1
202200017338;783 177;7;0;2;8;1;1
202200017338;783 181;10;0;2;1;19;1
202200017339;783 174;50;0;1;7;1;3
202200017340;783 172;7;0;2;1;2;1
202200017340;783 175;7;3;2;4;23;1
202200017341;783 168;7;0;2;1;1;1
202200017341;783 173;7;0;2;1;17;1
202200017342;783 169;30;0;2;1;2;1
202200017342;783 170;7;0;2;4;2;1
202200017343;783 166;33;0;2;0;17;1
202200017343;783 167;7;0;2;3;2;1
202200017344;783 163;7;0;2;1;2;1
202200017344;783 164;7;0;2;4;2;1
202200017345;783 162;7;0;1;2;1;1
202200017346;783 165;7;0;2;3;9;1
202200017346;783 171;7;0;2;1;9;1
202200017347;783 160;7;0;0;1;2;1
202200017347;783 161;7;0;0;4;2;1
202200017348;783 158;7;0;1;2;16;1
202200017349;783 157;7;0;2;7;0;1
202200017349;783 159;7;0;2;1;1;1
202200017350;783 155;1;0;2;1;5;5
202200017350;783 156;7;0;2;3;0;0
202200017351;783 153;7;2;0;1;26;1
202200017352;783 152;7;0;2;2;16;2
202200017352;783 154;1;0;2;1;1;5
202200017353;783 151;7;0;1;1;17;1
202200017354;783 149;7;0;1;0;1;1
202200017355;783 148;7;0;2;2;1;1
202200017355;783 150;7;0;2;1;1;1
202200017356;783 146;1;0;0;0;21;5
202200017357;783 145;7;0;2;1;1;1
202200017357;783 147;7;0;2;8;1;1
202200017358;783 138;7;0;2;1;0;1
202200017358;783 140;7;0;2;4;23;1
202200017358;783 143;7;0;2;4;23;1
202200017359;783 137;7;0;2;4;2;1
202200017359;783 141;7;0;2;4;1;1
202200017359;783 144;7;0;2;1;26;1
202200017360;783 134;7;0;2;4;1;6
202200017360;783 135;7;0;2;4;1;0
202200017360;783 136;7;0;2;4;1;0
202200017360;783 139;7;0;2;4;1;1
202200017360;783 142;7;0;2;1;2;1
202200017361;783 131;7;1;2;3;20;1
202200017361;783 133;7;0;2;2;1;1
202200017362;783 127;7;0;1;1;16;1
202200017363;783 125;33;0;2;7;17;1
202200017363;783 128;7;0;2;3;15;1
202200017364;783 126;1;0;2;8;0;5
202200017364;783 129;7;0;2;1;26;1
202200017365;783 124;7;0;1;2;1;1
202200017366;783 121;7;0;2;8;1;1
202200017366;783 123;15;0;2;3;14;1
202200017367;783 120;33;0;2;7;2;1
202200017367;783 122;13;0;0;0;0;1
202200017368;783 116;7;0;2;1;26;1
202200017368;783 117;7;0;2;4;1;1
202200017368;783 118;7;0;2;4;1;1
202200017368;783 119;7;0;2;4;1;1
202200017369;783 114;33;0;2;0;0;1
202200017369;783 115;10;0;2;3;15;1
202200017370;783 111;7;0;2;1;2;1
202200017370;783 112;30;0;2;4;1;3
202200017371;783 110;7;0;2;3;13;1
202200017371;783 113;7;0;0;0;0;1
202200017372;783 109;7;0;1;8;17;3
202200017373;783 107;7;0;2;5;2;1
202200017373;783 108;1;0;1;3;1;5
202200017374;783 106;7;9;0;1;1;1
202200017375;783 104;7;1;2;3;15;1
202200017375;783 105;33;1;2;7;17;1
202200017376;783 100;7;0;2;3;15;1
202200017376;783 103;30;0;2;3;26;1
202200017377;783 099;7;0;2;1;1;1
202200017377;783 102;10;1;0;4;23;1
202200017378;783 098;2;0;2;3;9;1
202200017378;783 101;31;0;2;1;0;1
202200017379;783 097;10;0;1;1;1;0
202200017380;783 096;7;0;1;1;1;1
202200017381;783 095;80;9;0;2;1;3
202200017382;783 094;33;13;0;1;1;1
202200017383;783 090;7;4;0;1;21;1
202200017384;783 087;7;0;2;1;1;2
202200017384;783 089;7;0;2;4;1;1
202200017384;783 092;7;0;2;1;1;1
202200017384;783 093;7;0;2;1;1;1
202200017385;783 088;7;0;2;4;0;2
202200017385;783 091;10;0;2;1;0;3
202200017386;783 085;7;0;2;6;9;1
202200017386;783 086;7;0;2;1;1;1
202200017387;783 079;7;0;2;3;1;1
202200017387;783 082;7;0;2;1;9;1
202200017388;783 078;33;0;2;1;2;1
202200017388;783 080;7;0;2;4;1;1
202200017389;783 074;33;0;2;4;1;1
202200017389;783 077;33;0;2;1;1;1
202200017390;783 073;7;0;2;0;1;1
202200017390;783 075;7;0;2;0;1;1
202200017390;783 076;7;6;2;1;15;1
202200017391;783 069;10;0;0;2;20;1
202200017391;783 072;30;0;2;7;18;1
202200017392;783 071;7;0;1;1;15;1
202200017393;783 067;7;0;0;0;1;1
202200017393;783 070;1;0;0;1;1;5
202200017394;783 065;7;0;2;1;1;1
202200017394;783 068;10;0;2;1;1;1
202200017395;783 062;7;0;2;3;15;1
202200017395;783 063;33;0;2;1;1;1
202200017396;783 057;7;0;2;1;1;1
202200017396;783 059;7;0;2;4;15;1
202200017396;783 060;16;0;2;1;1;1
202200017397;783 056;10;0;2;8;1;1
202200017397;783 058;7;0;2;3;13;1
202200017398;783 061;30;0;0;0;1;3
202200017399;783 055;10;0;1;4;4;1
202200017400;783 051;7;0;2;1;9;1
202200017400;783 054;7;0;2;7;1;1
202200017401;783 053;1;0;0;0;16;5
202200017402;783 050;7;0;9;6;24;1
202200017402;783 052;50;0;0;0;0;3
202200017403;783 047;7;0;2;2;11;1
202200017403;783 049;7;0;2;1;1;1
202200017404;783 046;30;0;0;7;16;1
202200017405;783 042;30;0;2;2;17;1
202200017405;783 043;7;0;2;6;15;1
202200017406;783 041;7;0;2;1;1;1
202200017406;783 045;7;0;2;4;1;1
202200017406;783 048;7;0;0;4;1;1
202200017407;783 040;7;0;2;2;1;1
202200017407;783 044;1;0;2;4;13;5
202200017408;783 039;30;0;0;5;12;3
202200017409;783 034;14;0;1;3;26;1
202200017410;783 032;7;0;2;3;15;1
202200017410;783 037;50;0;2;2;15;3
202200017411;783 030;7;1;0;1;1;2
202200017411;783 031;7;0;2;4;23;2
202200017412;783 028;30;0;2;1;0;1
202200017412;783 029;7;0;2;6;0;1
202200017413;783 026;34;14;0;1;0;1
202200017414;783 027;7;0;1;1;2;1
202200017415;783 022;7;0;2;1;15;1
202200017415;783 023;7;13;2;3;1;1
202200017416;783 021;7;0;2;2;17;1
202200017416;783 025;7;0;2;3;15;1
202200017417;783 019;7;0;2;4;1;1
202200017417;783 020;7;0;2;1;1;1
202200017418;783 017;43;0;2;1;2;1
202200017418;783 018;7;0;2;3;15;1
202200017419;783 016;7;0;1;1;16;1
202200017420;783 014;7;0;2;3;15;1
202200017420;783 015;1;0;2;1;1;5
202200017421;783 013;2;2;0;3;1;1
202200017422;783 011;30;0;2;1;1;1
202200017422;783 012;10;0;2;3;16;1
202200017423;783 010;2;0;0;3;15;3
202200017424;783 009;7;3;0;2;1;0
202200017425;783 008;7;1;0;2;14;1
202200017426;783 007;10;0;0;1;1;1
202200017427;783 006;33;12;0;2;15;1
202200017428;783 004;7;3;0;2;1;1
202200017429;783 003;32;0;2;1;0;1
202200017429;783 005;30;0;2;0;0;1
202200017430;783 002;33;13;0;1;0;1
202200017431;782 996;7;0;2;4;10;2
202200017431;782 998;33;0;2;1;1;1
202200017432;782 995;7;0;2;1;1;1
202200017432;782 999;34;0;2;4;1;1
202200017433;782 997;7;0;0;4;2;1
202200017433;783 000;7;0;2;4;2;1
202200017433;783 001;7;0;2;1;2;1
202200017434;782 994;20;13;0;4;15;1
202200017435;782 991;7;0;2;3;11;1
202200017435;782 992;33;0;2;2;1;1
202200017436;782 990;14;0;1;0;1;1
202200017437;782 989;7;2;9;2;13;1
202200017438;782 987;7;2;0;1;14;1
202200017439;782 985;1;1;0;1;2;5
202200017440;782 988;7;0;2;1;1;1
202200017440;782 993;7;0;2;3;15;1
202200017441;782 983;7;0;2;1;2;1
202200017441;782 984;7;0;2;4;23;1
202200017441;782 986;7;0;2;4;23;1
202200017442;782 981;14;0;0;6;1;1
202200017442;782 982;7;0;2;1;1;1
202200017443;782 980;7;0;2;1;1;1
202200017444;782 977;7;0;2;2;15;1
202200017444;782 979;33;0;2;1;1;1
202200017445;782 976;7;0;1;1;1;1
202200017446;782 974;7;2;0;1;13;1
202200017447;782 973;7;13;0;3;13;1
202200017448;782 975;32;0;2;1;3;1
202200017448;782 978;7;0;2;5;12;1
202200017449;782 970;7;13;0;1;1;1
202200017450;782 969;7;1;0;2;14;1
202200017451;782 967;32;0;2;2;1;1
202200017451;782 968;13;0;2;6;11;0
202200017452;782 966;7;6;0;1;1;1
202200017453;782 964;7;6;0;1;15;1
202200017454;782 962;7;0;2;5;23;1
202200017454;782 965;30;0;2;1;2;3
202200017455;782 961;10;0;2;2;16;1
202200017455;782 963;30;0;2;1;1;1
202200017456;782 957;7;0;9;1;1;1
202200017456;782 959;1;0;2;1;21;5
202200017457;782 958;30;0;2;2;16;1
202200017457;782 960;30;0;2;1;18;1
202200017458;782 956;30;0;0;7;26;1
202200017459;782 955;30;0;1;8;1;1
202200017460;782 954;7;13;0;2;14;1
202200017461;782 951;30;0;0;8;1;3
202200017462;782 949;7;0;2;3;1;1
202200017462;782 950;7;0;2;3;15;1
202200017462;782 952;10;0;2;3;1;1
202200017463;782 945;7;13;2;3;9;1
202200017463;782 947;15;0;2;7;1;1
202200017464;782 946;7;0;1;2;1;1
202200017465;782 944;2;0;5;1;1;1
202200017466;782 942;50;0;2;0;9;3
202200017466;782 943;30;0;2;0;1;3
202200017467;782 948;10;0;2;2;1;1
202200017467;782 953;1;0;2;7;0;5
202200017468;782 940;2;0;2;0;0;1
202200017468;782 941;2;0;2;0;0;1
202200017469;782 939;34;0;1;1;1;0
202200017470;782 937;7;0;2;2;1;1
202200017470;782 938;10;0;2;3;1;1
202200017471;782 934;7;1;0;4;24;1
202200017471;782 936;7;1;0;6;24;1
202200017472;782 933;33;13;0;2;1;1
202200017473;782 932;33;0;2;8;1;1
202200017473;782 935;7;0;2;3;15;1
202200017474;782 931;7;2;0;2;1;1
202200017475;782 930;7;0;1;2;1;1
202200017476;782 929;37;0;1;7;7;1
202200017477;782 928;10;13;0;3;1;1
202200017478;782 927;7;0;1;1;26;0
202200017479;782 925;7;0;2;7;16;1
202200017479;782 926;1;0;2;1;1;5
202200017480;782 923;50;0;1;7;1;3
202200017481;782 921;7;0;2;1;2;1
202200017481;782 924;7;0;2;4;2;2
202200017482;782 922;10;13;0;3;1;1
202200017483;782 918;7;14;0;1;6;1
202200017484;782 917;7;0;2;1;1;1
202200017484;782 920;7;0;2;0;2;0
202200017485;782 916;14;3;0;2;14;1
202200017486;782 913;50;0;2;1;1;3
202200017486;782 915;7;0;2;3;9;1
202200017487;782 911;7;0;2;2;1;1
202200017487;782 914;80;0;2;7;1;3
202200017488;782 909;33;0;2;1;1;1
202200017488;782 912;10;0;2;3;15;1
202200017489;782 908;1;0;2;7;1;5
202200017489;782 910;7;0;2;3;9;1
202200017490;782 906;14;0;1;3;15;1
202200017491;782 905;2;0;2;1;1;1
202200017491;782 907;7;0;2;3;15;1
202200017492;782 901;7;0;2;1;1;1
202200017492;782 903;7;0;2;1;1;1
202200017492;782 904;7;0;2;4;1;1
202200017493;782 900;30;0;9;2;12;1
202200017494;782 897;7;0;2;4;2;0
202200017494;782 899;7;0;2;4;2;1
202200017494;782 902;7;0;2;1;2;1
202200017495;782 896;7;0;2;6;1;1
202200017495;782 898;14;0;2;2;14;1
202200017496;782 895;31;0;1;0;0;1
202200017497;782 893;10;0;1;3;1;1
202200017498;782 891;7;0;2;1;0;1
202200017498;782 894;7;0;2;0;1;1
202200017499;782 889;7;13;0;1;15;1
202200017500;782 890;30;0;2;5;1;1
202200017500;782 892;7;0;2;5;1;1
202200017501;782 886;7;0;2;1;1;1
202200017501;782 888;7;0;2;8;9;1
202200017502;782 884;7;0;2;3;9;1
202200017502;782 885;2;0;2;3;9;1
202200017503;782 882;7;0;0;0;1;1
202200017504;782 880;1;9;2;1;1;5
202200017504;782 881;10;9;2;4;4;1
202200017505;782 878;7;0;1;2;1;1
202200017506;782 877;7;0;2;2;1;1
202200017506;782 879;33;0;2;9;1;1
202200017507;782 876;7;6;0;1;1;1
202200017508;782 873;7;0;2;8;21;1
202200017508;782 875;33;0;2;1;0;1
202200017509;782 872;1;0;2;1;1;5
202200017509;782 874;7;0;9;3;1;1
202200017510;782 871;7;0;1;2;1;1
202200017511;782 870;7;3;0;9;1;1
202200017512;782 868;7;0;2;3;1;1
202200017512;782 869;50;0;2;2;1;3
202200017513;782 865;7;0;2;7;15;1
202200017513;782 867;31;0;2;1;1;1
202200017514;782 864;2;0;0;0;1;1
202200017515;782 863;10;0;2;2;15;1
202200017515;782 866;7;0;2;7;1;1
202200017516;782 859;7;0;2;1;2;1
202200017516;782 862;7;0;2;4;1;2
202200017517;782 858;7;0;2;1;1;1
202200017517;782 860;7;0;2;1;5;1
202200017518;782 857;7;0;2;1;1;1
202200017518;782 861;7;0;2;7;26;1
202200017519;782 855;7;0;2;1;13;1
202200017519;782 856;7;0;2;1;1;1
202200017520;782 854;10;13;0;0;1;1
202200017521;782 849;7;0;2;8;1;1
202200017521;782 852;1;0;2;1;1;5
202200017522;782 848;7;0;2;3;1;1
202200017522;782 850;2;0;2;1;5;1
202200017523;782 846;43;0;2;2;11;1
202200017523;782 847;7;0;2;3;1;1
202200017524;782 845;33;7;0;0;1;1
202200017525;782 843;7;0;2;2;15;1
202200017525;782 844;30;0;2;1;1;1
202200017526;782 841;7;0;2;1;1;1
202200017526;782 842;7;0;2;4;2;1
202200017527;782 839;7;15;0;1;1;1
202200017528;782 838;7;0;2;7;16;1
202200017528;782 840;33;0;2;1;18;1
202200017529;782 832;7;13;0;1;1;1
202200017530;782 833;7;0;2;1;2;1
202200017530;782 835;7;0;2;4;2;1
202200017530;782 836;7;0;2;4;2;1
202200017530;782 837;7;0;2;4;2;1
202200017531;782 831;7;0;2;3;1;1
202200017531;782 834;33;0;2;1;17;1