Num_Acc;id_vehicule;categorie_vehicule;obstacle_fixe;obstacle_mobile;point_choc_initial;manoeuvre_principale;motorisation
202200017532;782 827;1;0;2;1;1;5
202200017532;782 830;7;0;2;1;13;1
202200017533;782 824;15;0;2;9;2;1
202200017533;782 826;15;0;2;4;2;1
202200017533;782 829;7;0;2;1;1;2
202200017534;782 825;33;0;2;2;17;1
202200017534;782 828;7;0;2;3;15;1
202200017535;782 820;50;0;2;7;3;3
202200017535;782 823;7;0;2;8;1;1
202200017536;782 819;7;0;2;3;11;1
202200017536;782 822;33;0;2;2;3;1
202200017537;782 818;7;2;0;1;13;1
202200017538;782 817;1;0;1;1;1;5
202200017539;782 816;32;0;0;0;0;1
202200017540;782 815;7;2;0;7;13;0
202200017541;782 811;7;0;2;4;23;1
202200017541;782 814;10;0;2;1;1;1
202200017542;782 810;10;0;2;3;12;1
202200017542;782 812;33;0;2;1;3;1
202200017542;782 813;10;0;2;0;0;0
202200017543;782 807;7;0;2;8;11;1
202200017543;782 808;10;0;2;2;1;1
202200017544;782 806;7;0;2;3;1;1
202200017544;782 809;7;0;0;3;26;1
202200017545;782 803;33;0;2;1;1;1
202200017545;782 805;7;0;2;2;15;1
202200017546;782 804;7;0;1;3;9;1
202200017547;782 802;7;0;1;1;1;1
202200017548;782 800;50;0;2;2;1;3
202200017548;782 801;7;0;2;3;9;1
202200017549;782 796;7;0;2;1;1;1
202200017549;782 798;1;0;2;4;2;5
202200017549;782 799;1;0;2;4;2;5
202200017550;782 795;1;0;2;1;1;5
202200017550;782 797;7;0;2;3;15;1
202200017551;782 794;7;0;1;1;26;1
202200017552;782 793;7;0;1;3;15;1
202200017553;782 792;7;0;1;1;1;1
202200017554;782 790;31;0;0;1;21;1
202200017555;782 789;7;0;2;3;26;1
202200017555;782 791;30;0;2;1;0;1
202200017556;782 787;7;0;1;1;1;1
202200017557;782 786;35;0;2;3;1;1
202200017557;782 788;7;0;2;3;9;1
202200017558;782 785;7;0;1;1;1;1
202200017559;782 783;30;0;1;7;26;1
202200017560;782 781;7;0;2;7;2;1
202200017560;782 782;50;0;2;1;1;3
202200017561;782 778;7;0;2;2;15;1
202200017561;782 780;10;0;2;1;1;1
202200017562;782 777;7;0;2;1;26;1
202200017562;782 779;7;0;2;1;1;1
202200017563;782 776;2;0;0;0;1;1
202200017564;782 775;7;0;1;1;26;1
202200017565;782 774;1;0;0;0;15;5
202200017566;782 773;30;14;0;0;15;1
202200017567;782 771;31;0;2;7;1;1
202200017567;782 772;7;0;2;2;15;1
202200017568;782 770;2;0;0;0;1;1
202200017569;782 767;1;0;2;4;1;5
202200017569;782 769;30;0;2;4;2;1
202200017570;782 763;7;0;2;3;13;1
202200017570;782 765;7;0;2;3;1;1
202200017571;782 764;32;0;1;1;1;1
202200017572;782 761;7;9;0;1;1;1
202200017573;782 759;10;0;2;1;9;1
202200017573;782 760;7;0;2;4;1;1
202200017573;782 762;7;0;2;3;21;1
202200017574;782 756;7;0;2;1;26;0
202200017574;782 758;7;0;2;3;1;0
202200017575;782 755;7;15;2;1;1;1
202200017575;782 757;7;0;2;1;9;1
202200017576;782 754;33;15;0;1;1;1
202200017577;782 750;7;0;2;1;23;1
202200017577;782 752;7;0;2;1;1;1
202200017577;782 753;7;0;2;1;9;1
202200017578;782 751;1;0;0;0;1;5
202200017579;782 748;7;15;0;9;14;1
202200017580;782 747;7;0;2;1;1;1
202200017580;782 749;7;0;2;1;15;1
202200017581;782 745;7;0;2;1;23;1
202200017581;782 746;50;0;2;0;0;3
202200017582;782 743;50;0;2;1;1;3
202200017582;782 744;7;0;2;3;9;1
202200017583;782 741;7;0;1;4;2;1
202200017583;782 742;7;0;2;1;2;1
202200017584;782 740;7;14;0;1;0;1
202200017585;782 737;3;0;2;5;10;1
202200017585;782 739;34;1;2;1;26;1
202200017586;782 736;7;0;2;0;0;1
202200017586;782 738;7;0;2;3;26;1
202200017587;782 731;7;0;2;1;0;3
202200017587;782 732;1;0;2;1;19;5
202200017588;782 729;1;0;2;8;19;5
202200017588;782 730;7;0;2;2;1;1
202200017589;782 727;7;0;2;2;1;1
202200017589;782 728;7;0;2;2;15;1
202200017590;782 724;7;0;1;3;0;0
202200017591;782 722;7;0;1;3;26;1
202200017592;782 721;30;0;2;1;2;1
202200017592;782 723;7;0;0;4;2;1
202200017593;782 719;7;0;2;4;1;1
202200017593;782 720;10;0;2;1;9;1
202200017594;782 718;7;6;0;3;19;1
202200017595;782 717;10;0;1;2;2;1
202200017596;782 709;7;0;2;4;2;2
202200017596;782 711;7;0;0;2;2;1
202200017596;782 712;15;0;0;4;1;1
202200017596;782 714;10;0;2;1;1;1
202200017597;782 708;7;0;2;4;1;1
202200017597;782 710;7;0;2;4;1;1
202200017597;782 713;7;0;2;1;1;1
202200017598;782 707;7;0;1;2;9;6
202200017599;782 704;7;0;2;3;15;1
202200017599;782 706;33;0;2;7;26;1
202200017600;782 703;7;0;2;1;1;1
202200017600;782 705;7;0;2;1;26;1
202200017601;782 700;7;0;2;3;15;1
202200017601;782 702;80;0;2;1;1;3
202200017602;782 699;7;0;2;1;15;1
202200017602;782 701;7;0;2;3;1;1
202200017603;782 698;7;0;1;2;1;1
202200017604;782 697;7;0;1;1;1;1
202200017605;782 695;7;0;1;1;26;1
202200017606;782 696;80;0;0;0;15;3
202200017607;782 691;7;0;2;4;23;1
202200017607;782 692;7;0;2;4;23;1
202200017607;782 694;7;0;2;0;0;1
202200017608;782 690;7;0;2;3;15;1
202200017608;782 693;7;0;2;2;2;1
202200017609;782 689;7;0;1;3;1;1
202200017610;782 687;2;0;2;1;17;1
202200017610;782 688;7;0;2;8;15;1
202200017611;782 685;7;0;2;7;1;1
202200017611;782 686;7;0;2;1;15;1
202200017612;782 684;7;1;1;1;1;1
202200017613;782 682;7;0;2;1;13;1
202200017613;782 683;7;0;2;1;1;1
202200017614;782 681;7;3;0;1;14;1
202200017615;782 679;33;0;2;3;7;1
202200017615;782 680;7;0;2;3;1;1
202200017616;782 677;7;0;2;1;9;1
202200017616;782 678;1;0;2;4;1;5
202200017617;782 675;7;0;2;5;22;1
202200017617;782 676;1;14;2;1;1;5
202200017618;782 673;7;0;2;6;15;1
202200017618;782 674;2;0;2;1;2;1
202200017619;782 671;7;0;2;7;1;1
202200017619;782 672;7;0;2;1;26;1
202200017620;782 670;7;0;1;3;1;1
202200017621;782 669;1;9;0;8;1;5
202200017622;782 666;7;0;2;0;1;0
202200017622;782 668;7;0;2;0;1;1
202200017623;782 659;7;0;9;1;1;0
202200017623;782 663;60;0;0;0;0;5
202200017624;782 660;7;0;2;4;1;1
202200017624;782 662;7;0;2;9;1;1
202200017624;782 665;7;0;2;6;2;0
202200017624;782 667;7;0;2;1;1;1
202200017625;782 661;7;0;2;0;9;2
202200017625;782 664;2;0;2;0;9;1
202200017626;782 658;33;0;0;0;1;1
202200017627;782 657;7;15;0;9;14;1
202200017628;782 655;10;0;2;0;0;0
202200017628;782 656;60;0;2;0;0;3
202200017629;782 653;7;0;2;3;1;1
202200017629;782 654;50;0;2;4;1;3
202200017630;782 650;99;0;2;8;19;0
202200017630;782 652;7;0;2;1;2;1
202200017631;782 648;7;0;2;3;1;1
202200017631;782 649;7;0;2;1;15;1
202200017632;782 645;10;0;2;3;19;6
202200017632;782 651;2;0;2;2;1;6
202200017633;782 644;30;0;9;7;1;1
202200017633;782 647;1;0;2;8;1;5
202200017634;782 643;7;0;2;2;2;1
202200017634;782 646;30;0;0;4;2;1
202200017635;782 638;1;0;2;1;1;5
202200017635;782 640;7;0;2;6;9;1
202200017636;782 637;7;0;2;4;2;1
202200017636;782 639;7;0;2;4;2;1
202200017636;782 641;7;0;2;1;2;1
202200017637;782 636;7;1;2;8;1;1
202200017637;782 642;7;0;2;3;13;1
202200017638;782 633;7;0;2;4;1;1
202200017638;782 634;7;0;2;1;2;1
202200017639;782 632;7;0;2;3;1;1
202200017639;782 635;7;0;2;3;1;0
202200017640;782 631;7;13;0;9;1;1
202200017641;782 628;7;0;2;4;1;1
202200017641;782 630;34;0;2;1;2;1
202200017642;782 627;10;0;2;1;9;1
202200017642;782 629;1;0;2;3;5;5
202200017643;782 624;7;0;9;1;1;1
202200017643;782 626;1;0;2;7;19;5
202200017644;782 623;7;0;2;8;15;1
202200017644;782 625;34;0;2;2;17;1
202200017645;782 622;10;0;0;2;1;1
202200017646;782 621;7;0;1;1;1;1
202200017647;782 618;32;12;0;1;25;1
202200017648;782 617;0;0;2;0;0;0
202200017648;782 620;33;0;2;0;0;1
202200017649;782 616;7;0;2;3;1;1
202200017649;782 619;7;0;2;2;1;1
202200017650;782 615;30;0;0;7;1;1
202200017651;782 613;7;0;2;1;10;1
202200017651;782 614;32;0;2;8;1;1
202200017652;782 612;7;0;1;2;1;3
202200017653;782 611;7;1;0;7;14;1
202200017654;782 607;7;0;2;1;1;1
202200017654;782 609;7;0;2;4;15;1
202200017655;782 606;7;0;2;2;1;1
202200017655;782 610;30;0;2;3;19;1
202200017656;782 605;7;0;2;4;1;1
202200017656;782 608;7;0;2;1;1;1
202200017657;782 604;7;0;1;1;1;1
202200017658;782 602;7;2;0;1;1;1
202200017659;782 600;10;0;2;6;11;1
202200017659;782 603;33;0;2;2;1;1
202200017660;782 599;1;0;2;1;1;5
202200017660;782 601;30;0;2;1;1;1
202200017661;782 593;1;0;2;4;1;5
202200017661;782 596;7;0;2;1;1;1
202200017662;782 595;1;0;2;1;5;5
202200017662;782 597;7;0;2;1;1;1
202200017663;782 592;7;0;2;1;1;1
202200017663;782 594;7;0;2;4;26;1
202200017663;782 598;7;0;2;2;15;1
202200017664;782 590;7;0;2;2;15;0
202200017664;782 591;33;0;2;1;0;1
202200017665;782 587;7;0;2;1;2;1
202200017665;782 589;33;0;2;4;23;1
202200017666;782 588;34;0;1;1;1;1
202200017667;782 586;33;0;1;4;1;1
202200017668;782 583;7;0;2;4;23;1
202200017668;782 585;10;1;0;1;26;1
202200017669;782 582;33;1;2;1;1;1
202200017669;782 584;7;0;2;0;13;1
202200017670;782 580;50;0;1;1;1;3
202200017671;782 579;7;0;2;1;1;1
202200017671;782 581;7;0;2;3;26;1
202200017672;782 578;43;0;1;2;17;1
202200017673;782 576;10;0;1;4;26;1
202200017674;782 574;7;0;2;1;9;1
202200017674;782 577;7;0;2;7;1;0
202200017675;782 573;7;0;2;3;10;1
202200017675;782 575;32;0;2;1;17;1
202200017676;782 571;7;0;2;1;15;1
202200017676;782 572;32;0;2;3;1;1
202200017677;782 570;7;0;1;1;1;1
202200017678;782 568;33;0;2;1;2;1
202200017678;782 569;7;0;2;5;2;1
202200017679;782 565;7;0;2;1;1;1
202200017679;782 567;7;2;2;7;1;1
202200017680;782 566;7;0;1;4;4;2
202200017681;782 563;10;0;2;2;16;1
202200017681;782 564;1;0;2;3;1;5
202200017682;782 560;31;0;2;2;17;1
202200017682;782 562;7;0;2;3;15;1
202200017683;782 559;7;14;2;1;2;1
202200017683;782 561;7;0;0;4;2;1
202200017684;782 558;50;0;0;1;21;3
202200017685;782 555;50;0;2;1;1;3
202200017685;782 557;7;0;2;8;9;1
202200017686;782 553;7;0;2;4;2;1
202200017686;782 556;7;0;2;1;2;1
202200017687;782 551;7;0;2;2;15;1
202200017687;782 554;7;0;2;3;1;1
202200017688;782 550;7;0;9;2;15;3
202200017688;782 552;32;0;2;1;1;1
202200017689;782 549;7;0;1;1;9;1
202200017690;782 546;7;0;2;3;15;1
202200017690;782 548;33;0;2;1;1;1
202200017691;782 544;7;0;2;5;2;1
202200017691;782 547;32;0;2;1;2;1
202200017692;782 543;34;0;2;1;2;1
202200017692;782 545;7;0;2;3;2;1
202200017693;782 541;7;0;2;1;2;1
202200017693;782 542;7;0;2;4;2;1
202200017694;782 540;50;0;1;7;1;3
202200017695;782 537;7;0;2;5;2;1
202200017695;782 539;33;0;2;1;11;1
202200017696;782 534;1;0;2;3;16;5
202200017696;782 535;37;0;2;5;16;1
202200017697;782 530;33;0;2;1;3;1
202200017697;782 531;7;0;2;6;12;1
202200017697;782 532;10;0;2;5;23;1
202200017698;782 528;7;0;2;4;2;1
202200017698;782 533;7;0;2;1;2;2
202200017699;782 527;34;1;2;0;17;1
202200017699;782 529;7;0;2;3;13;1
202200017700;782 525;30;0;2;7;17;1
202200017700;782 526;7;0;2;3;15;0
202200017701;782 523;7;0;2;3;2;2
202200017701;782 524;33;0;2;5;23;1
202200017702;782 521;7;0;2;1;16;2
202200017702;782 522;1;0;2;8;1;5
202200017703;782 520;1;0;1;1;1;5
202200017704;782 518;7;0;2;5;12;1
202200017704;782 519;1;0;2;1;7;5
202200017705;782 517;1;0;0;0;21;5
202200017706;782 515;80;0;2;1;1;3
202200017706;782 516;7;0;2;3;15;2
202200017707;782 512;7;0;2;2;10;1
202200017707;782 513;43;0;2;1;1;1
202200017708;782 511;7;0;2;0;1;0
202200017708;782 514;33;0;2;3;9;1
202200017709;782 508;50;0;2;4;1;3
202200017709;782 510;10;0;2;1;1;1
202200017710;782 507;1;0;2;0;1;5
202200017710;782 509;7;0;2;7;16;1
202200017711;782 506;7;0;1;1;1;1
202200017712;782 504;33;0;2;1;1;1
202200017712;782 505;1;0;2;8;15;5
202200017713;782 500;1;0;1;1;1;5
202200017714;782 501;7;16;0;4;23;1
202200017714;782 502;7;16;0;3;1;3
202200017714;782 503;32;0;2;1;3;1
202200017715;782 497;7;0;2;3;17;1
202200017715;782 499;7;0;2;2;1;1
202200017716;782 496;7;0;2;4;2;1
202200017716;782 498;7;0;2;1;2;1
202200017717;782 495;7;0;1;1;2;1
202200017718;782 493;33;0;2;2;17;1
202200017718;782 494;3;0;2;3;2;1
202200017719;782 490;7;0;2;6;9;1
202200017719;782 492;33;0;2;1;1;1
202200017720;782 487;7;8;0;1;26;1
202200017721;782 486;7;0;2;1;16;1
202200017721;782 488;30;0;2;1;5;1
202200017722;782 485;7;12;0;3;1;1
202200017723;782 484;7;0;1;8;15;1
202200017724;782 482;33;0;2;1;1;1
202200017724;782 483;2;0;0;2;1;1
202200017725;782 481;7;4;0;1;1;1
202200017726;782 480;32;0;1;1;0;1
202200017727;782 478;31;0;0;3;1;1
202200017727;782 479;7;0;2;2;12;1
202200017728;782 477;32;12;0;3;15;1
202200017729;782 475;7;0;2;5;15;1
202200017729;782 476;32;0;2;1;18;1
202200017730;782 473;7;0;2;3;1;0
202200017730;782 474;60;0;2;2;1;5
202200017731;782 470;7;1;2;1;1;0
202200017731;782 472;50;0;2;8;0;3
202200017732;782 471;7;0;1;1;15;1
202200017733;782 467;33;0;2;7;0;1
202200017733;782 469;7;0;2;3;19;1
202200017734;782 465;7;0;0;4;2;2
202200017734;782 466;10;0;2;0;0;6
202200017734;782 468;10;0;2;4;23;1
202200017735;782 464;7;0;1;1;1;2
202200017736;782 461;7;0;0;5;0;1
202200017736;782 463;30;0;2;5;18;1
202200017737;782 462;7;0;1;1;9;1
202200017738;782 454;7;0;2;3;10;1
202200017738;782 455;7;0;2;2;1;1
202200017739;782 452;7;0;2;3;13;0
202200017739;782 453;7;0;2;6;1;0
202200017740;782 449;2;0;0;7;0;1
202200017741;782 450;34;0;2;1;17;1
202200017741;782 451;7;0;2;3;15;1
202200017742;782 448;7;0;1;2;1;2
202200017743;782 446;7;0;2;1;1;1
202200017743;782 447;7;0;2;1;13;1
202200017744;782 444;10;0;2;3;15;1
202200017744;782 445;33;0;2;3;3;1
202200017745;782 442;7;2;0;9;0;1
202200017746;782 443;7;0;1;1;1;1
202200017747;782 440;10;0;2;8;13;1
202200017747;782 441;32;0;2;7;17;1
202200017748;782 439;50;0;1;1;25;3
202200017749;782 437;10;0;1;4;4;1
202200017750;782 436;10;0;2;3;1;1
202200017750;782 438;1;0;2;1;13;5
202200017751;782 434;7;0;2;6;1;1
202200017751;782 435;10;0;2;1;15;1
202200017752;782 433;7;2;0;1;13;1
202200017753;782 432;7;9;0;4;26;1
202200017754;782 428;7;0;2;1;9;1
202200017754;782 431;7;0;2;1;1;1
202200017755;782 429;7;0;0;1;13;1
202200017755;782 430;7;0;0;1;1;1
202200017756;782 425;7;0;9;2;1;1
202200017756;782 427;1;0;2;1;0;5
202200017757;782 424;7;0;2;6;1;1
202200017757;782 426;15;0;2;2;14;1
202200017758;782 422;1;0;2;3;2;5
202200017758;782 423;2;0;9;5;2;1
202200017759;782 421;7;4;0;2;14;1
202200017760;782 419;7;4;0;3;21;1
202200017761;782 418;33;8;2;3;21;1
202200017761;782 420;7;0;2;3;13;1
202200017762;782 417;13;13;0;2;1;1
202200017763;782 413;15;0;2;3;1;1
202200017763;782 415;13;0;2;3;13;1
202200017764;782 412;7;1;0;1;1;1
202200017764;782 414;10;0;2;2;24;1
202200017765;782 411;33;0;0;0;2;1
202200017766;782 409;7;0;0;0;1;1
202200017767;782 406;7;0;2;2;13;0
202200017767;782 407;7;0;0;6;1;1
202200017768;782 405;7;0;2;1;15;1
202200017768;782 408;7;0;2;2;1;1
202200017768;782 410;7;0;2;6;19;1
202200017769;782 404;7;13;0;0;0;1
202200017770;782 401;7;0;2;7;2;1
202200017770;782 402;13;0;0;6;2;1
202200017770;782 403;1;0;2;3;2;5
202200017771;782 393;7;14;0;1;1;1
202200017771;782 395;15;0;0;0;1;1
202200017772;782 392;2;0;2;1;1;0
202200017772;782 394;7;0;2;2;15;1
202200017773;782 391;10;2;0;8;13;1
202200017774;782 390;2;7;0;1;1;1
202200017775;782 388;7;2;0;1;1;1
202200017776;782 387;7;0;2;1;1;1
202200017776;782 389;7;5;2;1;13;1
202200017777;782 386;7;8;0;1;0;1
202200017778;782 384;7;0;2;2;1;1
202200017778;782 385;7;0;2;3;1;1
202200017779;782 382;7;0;2;3;14;1
202200017779;782 383;33;0;2;3;13;1
202200017780;782 381;7;0;1;2;1;1
202200017781;782 380;2;9;0;1;1;1
202200017782;782 376;7;0;2;3;0;1
202200017782;782 377;2;0;2;3;13;1
202200017783;782 373;7;0;2;7;17;1
202200017783;782 375;1;0;2;8;2;5
202200017784;782 372;7;0;0;4;2;1
202200017784;782 374;60;0;2;1;2;5
202200017785;782 371;21;13;0;9;1;1
202200017786;782 370;7;13;0;3;13;1
202200017787;782 369;33;12;0;7;1;1
202200017788;782 367;7;0;0;9;1;1
202200017789;782 366;7;0;2;1;19;1
202200017789;782 368;33;0;2;7;1;1
202200017790;782 364;31;0;2;1;1;1
202200017790;782 365;7;0;2;8;16;1
202200017791;782 362;7;0;2;3;15;1
202200017791;782 363;2;0;2;1;1;1
202200017792;782 360;7;0;2;1;13;1
202200017792;782 361;7;0;2;1;1;1
202200017793;782 357;35;0;2;5;1;1
202200017793;782 359;10;0;2;1;9;1
202200017794;782 356;7;0;2;8;1;1
202200017794;782 358;7;0;2;8;1;1
202200017795;782 354;7;0;2;2;19;1
202200017795;782 355;2;0;2;1;1;1
202200017796;782 350;7;0;2;8;1;1
202200017796;782 351;7;0;2;3;17;1
202200017796;782 352;7;0;2;3;1;1
202200017797;782 347;7;0;2;3;15;1
202200017797;782 348;7;0;2;2;1;1
202200017798;782 346;7;13;0;2;14;1
202200017799;782 343;33;2;2;1;17;1
202200017799;782 345;7;0;2;3;15;1
202200017800;782 342;7;0;2;1;13;1
202200017800;782 344;7;0;2;1;1;1
202200017801;782 340;2;0;0;8;15;1
202200017802;782 339;7;3;2;1;17;1
202200017802;782 341;7;3;2;4;17;1
202200017803;782 335;7;0;2;1;13;0
202200017803;782 336;7;0;2;1;1;1
202200017804;782 334;7;6;0;1;13;1
202200017805;782 333;7;13;0;1;1;1
202200017806;782 332;33;13;0;0;0;1
202200017807;782 331;7;2;0;8;1;1
202200017808;782 329;7;13;0;2;1;1
202200017809;782 328;7;0;0;8;13;1
202200017810;782 324;7;7;2;7;1;1
202200017810;782 327;10;0;2;1;1;1
202200017811;782 325;2;0;2;1;1;1
202200017811;782 326;10;0;0;4;1;1
202200017812;782 320;33;0;2;7;17;1
202200017812;782 322;7;0;2;8;1;1
202200017813;782 319;7;0;0;1;1;1
202200017814;782 318;33;0;5;0;1;1
202200017815;782 314;7;16;2;1;1;1
202200017815;782 316;7;0;2;1;5;1
202200017816;782 313;17;0;2;6;13;1
202200017816;782 315;7;0;2;3;1;1
202200017816;782 317;7;3;2;3;1;1
202200017817;782 312;7;2;0;1;17;1
202200017818;782 311;7;0;1;0;26;1
202200017819;782 308;7;0;2;1;2;1
202200017819;782 309;7;0;0;4;2;1
202200017820;782 307;7;3;2;2;17;1
202200017820;782 310;7;0;0;6;1;1
202200017821;782 305;7;0;0;4;2;1
202200017821;782 306;7;0;2;1;2;3
202200017822;782 304;7;0;1;1;1;1
202200017823;782 303;7;3;0;9;1;1
202200017824;782 299;10;0;2;1;2;1
202200017824;782 301;15;0;0;4;1;1
202200017825;782 298;7;0;2;4;1;1
202200017825;782 300;7;0;2;1;2;1
202200017826;782 297;7;8;0;2;1;1
202200017827;782 295;7;0;2;1;2;1
202200017827;782 296;7;0;0;4;2;2
202200017828;782 292;7;0;2;4;24;1
202200017828;782 294;7;1;0;1;1;1
202200017829;782 290;7;0;2;8;1;2
202200017829;782 291;17;0;2;2;12;1
202200017829;782 293;33;0;2;1;1;0
202200017830;782 288;7;3;0;1;1;1
202200017831;782 287;7;0;2;1;15;1
202200017831;782 289;7;0;2;3;1;1
202200017832;782 284;7;15;0;3;1;1
202200017833;782 283;7;0;2;4;2;1
202200017833;782 285;33;0;2;4;2;1
202200017833;782 286;33;0;2;1;2;1
202200017834;782 281;7;4;0;3;13;1
202200017835;782 280;33;0;2;1;1;1
202200017835;782 282;7;0;2;8;19;1
202200017836;782 278;33;0;0;8;26;1
202200017837;782 277;7;0;2;1;26;1
202200017837;782 279;7;0;2;1;0;1
202200017838;782 275;7;2;0;9;1;1
202200017839;782 274;2;0;2;1;1;1
202200017839;782 276;10;0;2;2;15;1
202200017840;782 271;2;0;2;3;1;1
202200017840;782 273;7;0;2;2;9;1
202200017841;782 270;33;1;2;1;17;1
202200017841;782 272;7;1;2;3;19;1
202200017842;782 267;33;0;2;2;17;1
202200017842;782 269;7;0;2;3;15;1
202200017843;782 266;33;0;2;6;1;1
202200017843;782 268;33;0;2;0;13;1
202200017844;782 264;7;0;0;9;17;1
202200017845;782 263;7;0;2;8;10;3
202200017845;782 265;10;0;2;1;1;1
202200017846;782 262;33;0;0;0;19;1
202200017847;782 260;2;0;0;0;0;0
202200017847;782 261;7;0;2;2;1;1
202200017848;782 259;7;0;0;0;1;1
202200017849;782 256;34;0;9;0;18;1
202200017849;782 258;80;0;2;0;16;3
202200017850;782 257;50;0;2;0;0;3
202200017851;782 253;1;0;1;1;1;5
202200017852;782 252;7;0;2;1;1;1
202200017852;782 254;7;0;2;5;1;1
202200017853;782 250;7;13;2;3;15;1
202200017853;782 251;7;13;2;2;1;1
202200017854;782 249;7;0;1;1;15;1
202200017855;782 247;7;0;9;1;15;1
202200017855;782 248;1;0;2;3;1;5
202200017856;782 246;7;0;1;7;15;1
202200017857;782 244;33;0;2;1;1;1
202200017857;782 245;10;0;2;7;15;1
202200017858;782 242;7;0;2;3;1;1
202200017858;782 243;37;0;2;8;1;0
202200017859;782 241;7;0;0;9;0;1
202200017860;782 238;10;0;2;3;15;1
202200017860;782 240;33;0;2;2;17;1
202200017861;782 237;7;0;2;1;19;1
202200017861;782 239;7;0;0;8;1;1
202200017862;782 234;15;0;2;1;1;1
202200017862;782 236;7;0;2;1;13;1
202200017863;782 232;7;0;2;3;0;1
202200017863;782 233;7;0;2;3;1;1
202200017863;782 235;7;0;2;2;14;1
202200017864;782 231;10;0;1;3;1;1
202200017865;782 228;43;0;0;9;1;1
202200017866;782 226;7;0;2;4;2;1
202200017866;782 227;7;0;2;4;2;1
202200017866;782 229;7;0;2;4;2;2
202200017866;782 230;7;0;2;1;2;1
202200017867;782 223;7;1;0;2;5;1
202200017868;782 219;7;0;2;2;15;1
202200017868;782 220;33;0;2;1;1;1
202200017869;782 221;7;0;2;4;2;1
202200017869;782 222;7;0;0;0;0;0
202200017869;782 224;7;0;0;0;0;0
202200017869;782 225;34;0;0;0;0;0
202200017870;782 217;33;1;2;8;13;1
202200017870;782 218;7;0;2;3;1;1
202200017871;782 216;32;15;0;8;1;1
202200017872;782 213;33;0;2;7;1;1
202200017872;782 214;10;0;2;8;11;1
202200017873;782 210;7;0;2;2;2;1
202200017873;782 212;7;0;2;6;2;1
202200017874;782 209;7;0;2;3;1;1
202200017874;782 211;7;0;2;1;15;1
202200017875;782 208;7;16;0;0;1;1
202200017876;782 205;32;0;2;3;1;1
202200017876;782 207;7;0;2;2;12;1
202200017877;782 206;0;0;2;0;0;0
202200017878;782 202;7;0;2;3;1;1
202200017878;782 204;7;0;2;2;12;1
202200017879;782 201;7;0;2;7;15;1
202200017879;782 203;32;0;2;1;1;1
202200017880;782 198;7;0;2;4;2;1
202200017880;782 200;7;0;2;1;2;1
202200017881;782 197;7;4;0;1;1;1
202200017882;782 196;7;0;2;2;15;1
202200017882;782 199;33;0;2;1;1;1
202200017883;782 193;7;0;2;3;15;1
202200017883;782 195;7;0;2;1;17;1
202200017884;782 192;2;0;2;2;1;1
202200017884;782 194;7;0;2;1;1;1
202200017885;782 190;7;0;2;6;24;1
202200017885;782 191;7;1;0;1;9;1
202200017886;782 188;31;0;2;1;1;1
202200017886;782 189;7;0;2;8;10;1
202200017887;782 186;1;0;2;7;1;5
202200017887;782 187;7;0;2;8;5;0
202200017888;782 184;7;0;2;7;16;1
202200017888;782 185;50;0;2;7;1;3
202200017889;782 183;10;0;1;1;9;1
202200017890;782 179;31;0;2;7;1;1
202200017890;782 182;10;0;2;1;15;1
202200017891;782 178;1;0;2;1;1;5
202200017891;782 180;7;0;9;2;16;1
202200017891;782 181;1;0;2;1;1;5
202200017892;782 176;7;0;2;2;2;1
202200017892;782 177;2;0;2;6;2;1
202200017893;782 175;7;0;1;1;15;1
202200017894;782 173;7;0;2;3;0;1
202200017894;782 174;50;0;2;3;5;3
202200017895;782 172;7;16;0;0;20;1
202200017896;782 171;7;10;0;1;15;1
202200017897;782 169;7;0;2;2;17;1
202200017897;782 170;7;0;2;0;0;1
202200017898;782 166;3;0;2;8;15;1
202200017898;782 168;7;0;2;1;1;1
202200017899;782 165;2;13;0;9;1;1
202200017899;782 167;7;0;2;2;0;1
202200017900;782 164;7;0;1;1;16;1
202200017901;782 162;7;0;2;2;1;1
202200017901;782 163;2;0;2;8;1;1
202200017902;782 159;7;0;2;1;9;1
202200017902;782 161;1;0;2;5;1;5
202200017903;782 158;7;0;2;8;15;2
202200017903;782 160;32;0;2;7;1;1
202200017904;782 155;50;0;2;7;26;3
202200017904;782 156;7;0;2;1;1;1
202200017905;782 154;7;0;2;3;1;1
202200017905;782 157;50;0;2;1;26;3
202200017906;782 152;37;0;2;1;19;2
202200017906;782 153;7;0;2;8;8;1
202200017907;782 151;7;16;0;4;26;1
202200017908;782 147;31;0;2;1;2;1
202200017908;782 149;10;0;2;5;1;1
202200017909;782 146;33;0;2;9;18;1
202200017909;782 148;7;0;2;2;12;1
202200017909;782 150;7;0;2;5;2;1
202200017910;782 143;33;0;2;8;1;1
202200017910;782 145;50;0;0;1;15;3
202200017911;782 142;10;1;2;3;15;1
202200017911;782 144;7;1;2;2;1;1
202200017912;782 140;10;0;2;1;13;1
202200017912;782 141;7;0;2;2;0;1
202200017913;782 139;7;2;0;1;1;1
202200017914;782 135;1;0;2;7;0;5
202200017914;782 138;7;0;2;0;1;1
202200017915;782 136;7;0;2;4;23;1
202200017915;782 137;7;0;2;1;2;1
202200017916;782 134;7;0;1;3;20;1
202200017917;782 133;10;0;1;0;26;1
202200017918;782 132;7;9;0;2;1;1
202200017919;782 131;7;1;0;4;20;2
202200017920;782 130;7;13;0;1;13;1
202200017921;782 129;7;0;1;2;1;1
202200017922;782 127;7;0;2;1;1;1
202200017922;782 128;7;0;2;4;1;1
202200017923;782 126;7;0;0;9;26;1
202200017924;782 124;13;0;2;5;1;1
202200017924;782 125;7;0;2;3;13;5
202200017925;782 119;7;0;2;3;1;1
202200017925;782 121;31;0;2;1;13;1
202200017926;782 118;7;0;2;1;1;1
202200017926;782 120;7;0;2;4;23;1