Num_Acc;id_vehicule;categorie_vehicule;obstacle_fixe;obstacle_mobile;point_choc_initial;manoeuvre_principale;motorisation
202200017926;782 122;7;0;2;4;23;1
202200017926;782 123;7;0;2;4;23;3
202200017927;782 115;37;0;2;0;0;1
202200017927;782 116;2;0;0;0;0;1
202200017928;782 110;31;0;2;7;17;1
202200017928;782 112;10;0;2;3;15;1
202200017929;782 108;7;0;2;6;23;1
202200017929;782 109;14;0;2;2;1;1
202200017930;782 106;7;0;2;3;26;0
202200017930;782 107;7;0;2;3;26;0
202200017931;782 103;7;0;2;3;1;1
202200017931;782 104;7;0;2;3;15;1
202200017931;782 105;7;0;2;1;17;1
202200017932;782 102;7;13;0;1;1;1
202200017933;782 100;30;4;0;1;2;1
202200017934;782 099;7;0;2;2;15;1
202200017934;782 101;33;0;2;1;1;1
202200017935;782 096;10;0;2;7;1;1
202200017935;782 098;50;0;2;1;9;3
202200017936;782 093;10;0;2;1;1;1
202200017936;782 094;7;0;2;1;1;1
202200017936;782 095;7;0;2;4;1;1
202200017936;782 097;7;0;2;4;23;1
202200017937;782 092;7;2;0;1;9;1
202200017938;782 089;2;0;2;3;2;1
202200017938;782 091;7;0;2;1;15;1
202200017939;782 088;7;0;2;3;1;1
202200017939;782 090;7;0;2;2;14;1
202200017940;782 086;7;0;2;1;1;1
202200017940;782 087;7;0;2;4;1;1
202200017941;782 082;32;0;1;1;19;1
202200017942;782 081;7;2;0;0;1;1
202200017943;782 080;3;0;1;0;26;1
202200017944;782 077;7;0;2;8;1;1
202200017944;782 079;7;0;2;1;1;1
202200017945;782 075;7;0;2;4;15;1
202200017945;782 076;7;0;2;1;2;1
202200017945;782 078;10;0;2;1;2;1
202200017946;782 074;7;6;0;8;0;1
202200017947;782 072;7;14;0;2;18;1
202200017947;782 073;7;14;0;2;16;1
202200017948;782 071;2;0;0;0;0;1
202200017949;782 070;30;16;0;0;1;1
202200017950;782 068;7;0;2;2;16;1
202200017950;782 069;2;0;2;1;12;2
202200017951;782 067;2;0;0;9;1;1
202200017952;782 062;7;0;2;1;1;1
202200017952;782 064;7;0;2;1;9;1
202200017952;782 066;31;9;2;0;9;1
202200017953;782 063;7;2;2;1;13;1
202200017953;782 065;7;0;2;1;1;3
202200017954;782 059;10;0;2;1;2;1
202200017954;782 060;7;0;2;4;2;1
202200017954;782 061;33;0;2;8;3;1
202200017955;782 056;10;0;2;6;11;1
202200017955;782 058;33;0;2;2;3;1
202200017956;782 055;7;0;2;2;1;1
202200017956;782 057;7;0;2;3;16;2
202200017957;782 054;33;4;0;1;13;1
202200017958;782 052;7;0;2;1;1;1
202200017958;782 053;7;0;2;6;26;1
202200017959;782 049;7;0;2;7;1;1
202200017959;782 050;7;0;2;2;1;1
202200017959;782 051;7;0;2;3;13;1
202200017960;782 048;7;3;0;1;1;1
202200017961;782 044;7;0;2;8;15;1
202200017961;782 047;7;0;2;1;1;1
202200017962;782 043;7;0;2;1;1;1
202200017962;782 045;33;0;2;8;1;1
202200017962;782 046;7;0;2;2;14;1
202200017963;782 042;35;0;1;0;0;
202200017964;782 040;7;0;2;1;9;2
202200017964;782 041;31;0;2;7;1;1
202200017965;782 038;7;0;2;4;0;1
202200017965;782 039;33;0;2;7;1;1
202200017966;782 037;7;0;1;3;1;1
202200017967;782 034;7;0;2;8;9;1
202200017967;782 036;7;0;2;1;1;1
202200017968;782 033;32;0;2;1;2;1
202200017968;782 035;10;0;2;4;4;1
202200017969;782 030;33;0;2;1;17;1
202200017969;782 031;7;0;2;6;15;1
202200017970;782 029;7;0;2;1;9;1
202200017970;782 032;30;0;2;7;1;1
202200017971;782 026;32;0;2;4;23;1
202200017971;782 028;7;0;2;1;2;2
202200017972;782 025;7;0;2;2;19;0
202200017972;782 027;30;0;2;3;1;1
202200017973;782 022;33;0;2;1;1;1
202200017973;782 024;7;0;2;2;15;1
202200017974;782 021;50;0;2;0;0;3
202200017974;782 023;7;0;2;1;0;1
202200017975;782 019;10;0;2;6;10;3
202200017975;782 020;30;0;2;3;1;1
202200017976;782 015;7;0;2;1;1;1
202200017976;782 017;30;0;2;3;1;1
202200017977;782 016;7;0;2;2;15;0
202200017977;782 018;7;0;2;1;1;1
202200017978;782 013;33;11;0;1;2;1
202200017979;782 014;50;0;1;1;1;3
202200017980;782 012;7;2;0;1;2;1
202200017981;782 011;7;0;1;1;1;2
202200017982;782 010;32;14;0;1;13;1
202200017983;782 008;50;0;2;1;1;3
202200017983;782 009;10;0;2;2;16;1
202200017984;782 004;7;0;2;3;2;1
202200017984;782 006;30;0;2;4;23;3
202200017985;782 003;3;4;0;0;0;1
202200017985;782 005;3;4;0;4;0;1
202200017985;782 007;7;4;2;1;9;1
202200017986;782 001;1;0;2;3;13;5
202200017986;782 002;43;0;2;1;1;1
202200017987;782 000;7;0;1;1;1;1
202200017988;781 998;1;0;2;1;15;5
202200017988;781 999;30;0;2;8;1;3
202200017989;781 997;7;0;1;1;1;1
202200017990;781 995;10;0;2;1;1;3
202200017990;781 996;10;8;2;2;1;1
202200017991;781 993;10;0;2;3;1;1
202200017991;781 994;7;0;2;2;1;1
202200017992;781 991;7;1;2;2;1;1
202200017993;781 988;33;0;2;1;17;1
202200017993;781 990;7;0;2;8;15;1
202200017994;781 984;7;0;2;5;4;1
202200017994;781 985;7;0;2;2;1;1
202200017995;781 986;7;0;2;5;14;1
202200017995;781 987;33;0;2;8;3;1
202200017995;781 989;7;0;2;3;1;1
202200017996;781 982;7;0;2;2;12;1
202200017996;781 983;32;0;2;0;2;1
202200017997;781 981;1;0;1;1;7;5
202200017998;781 979;1;0;2;5;15;5
202200017998;781 980;99;0;2;5;2;0
202200017999;781 977;7;0;2;3;10;1
202200017999;781 978;31;0;2;1;1;3
202200018000;781 976;7;0;1;1;1;1
202200018001;781 975;31;0;1;1;1;1
202200018002;781 973;10;0;9;2;16;1
202200018002;781 974;1;0;2;6;1;5
202200018003;781 972;37;12;0;2;20;1
202200018004;781 969;7;0;2;2;15;1
202200018004;781 970;30;0;2;8;24;1
202200018004;781 971;7;1;0;8;1;1
202200018005;781 968;7;9;0;1;1;1
202200018006;781 966;43;0;2;1;1;1
202200018006;781 967;7;0;2;2;15;1
202200018007;781 964;30;0;2;1;17;1
202200018007;781 965;7;0;2;3;9;1
202200018008;781 963;7;0;1;4;14;2
202200018009;781 962;2;0;0;7;1;3
202200018010;781 960;33;0;2;4;16;3
202200018010;781 961;7;0;2;1;2;1
202200018011;781 959;50;14;0;1;14;3
202200018012;781 956;10;14;2;1;26;1
202200018012;781 958;7;0;9;4;26;0
202200018013;781 955;33;0;2;7;1;1
202200018013;781 957;7;0;2;0;18;0
202200018014;781 952;32;0;2;1;1;1
202200018014;781 954;7;0;2;2;15;2
202200018015;781 951;7;0;2;3;1;2
202200018015;781 953;1;0;2;1;7;5
202200018016;781 950;7;0;1;2;1;1
202200018017;781 948;30;0;2;0;13;3
202200018017;781 949;7;0;2;2;17;0
202200018018;781 947;7;0;1;2;15;0
202200018019;781 946;50;0;0;1;21;3
202200018020;781 944;2;0;2;8;2;1
202200018020;781 945;7;0;2;7;12;1
202200018021;781 942;34;0;1;1;1;1
202200018022;781 943;33;0;1;1;17;1
202200018023;781 939;7;0;2;0;2;1
202200018023;781 941;7;0;2;0;1;1
202200018024;781 938;7;0;2;1;1;1
202200018024;781 940;7;0;2;1;1;1
202200018025;781 936;7;0;2;1;1;1
202200018025;781 937;7;0;2;1;1;1
202200018026;781 933;10;0;2;7;1;1
202200018026;781 935;7;0;2;1;0;1
202200018027;781 932;7;0;2;1;1;1
202200018027;781 934;7;0;2;1;13;1
202200018028;781 928;7;0;2;1;1;1
202200018028;781 930;7;0;2;1;13;1
202200018029;781 929;7;0;0;2;2;1
202200018029;781 931;99;0;2;1;15;0
202200018030;781 925;21;0;0;6;2;1
202200018030;781 927;31;0;2;2;2;0
202200018031;781 923;7;13;0;7;1;1
202200018032;781 924;7;0;2;4;2;1
202200018032;781 926;7;0;2;1;2;1
202200018033;781 922;7;2;9;1;1;1
202200018034;781 920;7;0;2;3;1;1
202200018034;781 921;33;0;2;1;13;1
202200018035;781 918;30;0;2;1;17;1
202200018035;781 919;30;0;2;1;17;0
202200018036;781 916;2;0;2;0;0;1
202200018036;781 917;7;0;2;3;1;1
202200018037;781 915;7;0;1;2;17;1
202200018038;781 913;30;0;2;1;2;1
202200018038;781 914;7;0;2;8;15;2
202200018039;781 912;10;0;0;9;1;1
202200018040;781 910;7;0;2;1;1;1
202200018040;781 911;7;0;2;1;13;1
202200018041;781 908;32;0;2;1;17;1
202200018041;781 909;7;0;2;1;15;1
202200018042;781 906;33;0;2;1;1;1
202200018042;781 907;7;0;2;2;10;1
202200018043;781 904;30;0;2;1;1;1
202200018043;781 905;10;0;2;3;1;1
202200018044;781 902;7;0;2;6;23;1
202200018044;781 903;7;0;2;2;23;1
202200018045;781 900;7;0;2;8;23;1
202200018045;781 901;7;0;2;1;16;1
202200018046;781 899;7;0;1;8;4;0
202200018047;781 896;7;0;2;4;23;1
202200018047;781 897;7;0;2;4;23;1
202200018047;781 898;7;0;2;1;2;1
202200018048;781 894;7;0;2;3;15;1
202200018048;781 895;2;0;2;1;1;1
202200018049;781 887;7;0;2;6;23;1
202200018049;781 888;7;0;2;3;1;1
202200018049;781 889;7;0;2;3;2;1
202200018050;781 886;10;0;1;6;4;1
202200018051;781 884;7;0;2;1;17;1
202200018051;781 885;7;0;2;6;15;1
202200018052;781 882;30;0;2;1;1;1
202200018052;781 883;7;0;2;8;15;1
202200018053;781 881;7;0;1;7;1;1
202200018054;781 879;2;0;2;8;2;1
202200018054;781 880;30;0;2;7;2;1
202200018055;781 877;7;0;2;8;1;1
202200018055;781 878;7;0;2;1;1;1
202200018056;781 876;2;0;2;6;12;1
202200018057;781 875;7;0;1;2;1;1
202200018058;781 873;7;0;2;3;15;1
202200018058;781 874;43;0;2;3;17;1
202200018059;781 869;7;1;0;1;9;1
202200018060;781 867;7;0;2;5;16;1
202200018060;781 868;80;0;2;1;26;3
202200018061;781 865;7;0;2;2;1;1
202200018061;781 866;1;0;2;8;15;5
202200018062;781 864;7;0;1;1;9;1
202200018063;781 862;2;0;2;8;1;1
202200018063;781 863;7;0;2;1;15;1
202200018064;781 861;30;8;0;1;14;1
202200018065;781 860;10;0;1;4;4;1
202200018066;781 858;7;0;2;2;1;1
202200018066;781 859;7;0;2;3;1;1
202200018067;781 856;3;1;0;0;2;1
202200018067;781 857;3;0;2;3;20;1
202200018068;781 854;7;1;0;3;1;0
202200018069;781 852;33;0;2;1;1;0
202200018069;781 853;7;0;2;1;11;1
202200018070;781 851;7;1;0;3;1;1
202200018071;781 850;7;0;1;3;1;1
202200018072;781 848;33;0;2;3;2;1
202200018072;781 849;7;0;2;3;15;1
202200018073;781 844;7;0;9;0;2;1
202200018073;781 845;2;0;0;0;0;1
202200018073;781 846;7;0;2;1;2;6
202200018073;781 847;10;0;2;1;2;6
202200018074;781 842;7;0;2;5;2;2
202200018074;781 843;34;0;2;1;2;1
202200018075;781 840;7;0;2;4;2;1
202200018075;781 841;7;0;2;1;2;1
202200018076;781 838;7;0;2;4;2;1
202200018076;781 839;31;0;2;1;2;1
202200018077;781 837;14;0;1;6;20;1
202200018078;781 835;7;0;2;0;2;2
202200018078;781 836;30;0;2;4;2;3
202200018079;781 834;7;0;1;4;4;1
202200018080;781 832;1;0;2;2;1;5
202200018080;781 833;7;0;2;3;1;1
202200018081;781 830;7;0;2;8;22;0
202200018081;781 831;2;0;2;1;1;1
202200018082;781 828;7;0;0;0;2;1
202200018082;781 829;33;0;0;0;2;1
202200018083;781 827;7;0;1;1;5;1
202200018084;781 825;1;0;2;1;1;5
202200018084;781 826;7;0;2;7;15;0
202200018085;781 823;7;0;2;4;1;2
202200018085;781 824;33;0;2;1;11;1
202200018086;781 821;1;0;2;3;21;5
202200018086;781 822;80;0;2;1;1;3
202200018087;781 817;7;0;2;1;1;1
202200018087;781 818;1;0;2;7;1;5
202200018088;781 816;33;0;1;1;17;1
202200018089;781 815;7;0;1;7;16;1
202200018090;781 813;7;0;2;4;2;1
202200018090;781 814;1;0;2;1;2;5
202200018091;781 811;7;0;2;3;0;1
202200018091;781 812;34;0;2;6;0;1
202200018092;781 809;1;0;2;8;1;5
202200018092;781 810;7;0;2;1;26;0
202200018093;781 807;7;0;2;2;15;1
202200018093;781 808;7;0;2;3;1;1
202200018094;781 805;7;0;2;1;16;0
202200018094;781 806;33;0;2;1;1;0
202200018095;781 803;7;0;2;3;24;1
202200018095;781 804;1;1;0;1;1;5
202200018096;781 801;7;0;2;2;15;1
202200018096;781 802;30;0;2;8;26;1
202200018097;781 799;1;0;2;0;0;5
202200018097;781 800;7;0;2;1;0;0
202200018098;781 797;7;0;2;1;17;1
202200018098;781 798;1;0;2;8;15;5
202200018099;781 796;33;13;0;1;1;1
202200018100;781 795;31;12;0;1;1;1
202200018101;781 794;10;8;0;2;1;1
202200018102;781 792;7;0;2;3;1;1
202200018102;781 793;7;0;2;3;1;1
202200018103;781 791;10;4;0;0;17;1
202200018104;781 788;7;0;2;1;1;1
202200018104;781 789;7;0;2;6;0;0
202200018104;781 790;7;0;2;1;13;1
202200018105;781 787;33;0;6;1;21;1
202200018106;781 786;15;3;0;7;1;1
202200018107;781 784;7;0;2;3;0;1
202200018107;781 785;80;0;2;4;0;3
202200018108;781 782;7;0;2;1;1;1
202200018108;781 783;7;0;2;3;9;1
202200018109;781 780;43;0;2;1;17;1
202200018109;781 781;7;0;9;1;2;1
202200018110;781 779;2;0;0;0;1;0
202200018111;781 778;2;12;0;0;1;1
202200018112;781 776;7;0;2;1;1;1
202200018112;781 777;7;0;2;6;1;1
202200018113;781 774;33;12;9;3;6;1
202200018113;781 775;7;0;9;3;26;1
202200018114;781 773;7;0;1;0;1;1
202200018115;781 771;7;0;2;3;1;1
202200018115;781 772;33;0;2;2;1;1
202200018116;781 769;7;0;2;1;1;1
202200018116;781 770;7;3;2;1;1;1
202200018117;781 766;7;3;2;4;2;1
202200018117;781 767;7;0;2;4;2;1
202200018117;781 768;7;0;2;1;2;1
202200018118;781 764;13;0;2;1;1;1
202200018118;781 765;7;0;2;8;9;1
202200018119;781 761;2;0;2;1;1;1
202200018119;781 762;7;0;2;3;19;1
202200018120;781 760;7;15;0;2;1;1
202200018121;781 758;7;0;2;3;1;1
202200018121;781 759;30;0;2;1;1;1
202200018122;781 757;7;0;1;1;1;1
202200018123;781 755;7;0;2;1;1;1
202200018123;781 756;7;0;2;1;13;1
202200018124;781 754;7;9;1;3;1;1
202200018125;781 753;7;0;1;1;1;1
202200018126;781 751;7;0;2;1;1;1
202200018126;781 752;7;0;2;2;15;1
202200018127;781 750;7;15;0;1;13;1
202200018128;781 748;34;0;2;1;1;1
202200018128;781 749;7;0;2;1;15;1
202200018129;781 746;7;0;0;4;2;1
202200018129;781 747;7;0;2;1;2;1
202200018130;781 745;2;0;0;0;26;1
202200018131;781 744;7;0;1;2;1;1
202200018132;781 740;10;0;2;5;26;1
202200018132;781 741;43;16;2;1;1;1
202200018133;781 739;7;0;0;7;0;0
202200018134;781 738;7;8;0;1;1;1
202200018135;781 736;7;0;2;1;13;1
202200018135;781 737;7;0;2;1;1;1
202200018136;781 734;7;0;0;3;9;1
202200018136;781 735;33;0;0;1;1;1
202200018137;781 732;15;0;2;3;1;1
202200018137;781 733;7;0;2;3;13;1
202200018138;781 731;2;0;0;0;1;1
202200018139;781 729;7;0;2;6;1;1
202200018139;781 730;7;0;2;2;14;1
202200018140;781 721;7;0;2;1;1;2
202200018140;781 722;7;0;2;4;1;1
202200018140;781 723;7;0;2;4;1;1
202200018140;781 724;7;0;0;0;1;1
202200018140;781 725;7;0;2;4;1;1
202200018140;781 726;7;0;2;4;1;1
202200018140;781 727;7;0;2;3;21;1
202200018141;781 719;7;0;2;6;1;1
202200018141;781 720;10;0;2;2;14;1
202200018142;781 716;7;4;2;2;2;1
202200018142;781 717;7;4;2;2;2;1
202200018142;781 718;7;4;2;6;2;1
202200018143;781 715;7;4;0;2;1;1
202200018144;781 713;7;0;2;1;11;1
202200018144;781 714;7;0;2;4;2;1
202200018145;781 711;7;0;2;2;1;1
202200018145;781 712;7;0;2;6;11;1
202200018146;781 709;33;0;2;1;12;1
202200018146;781 710;7;0;2;4;23;1
202200018147;781 707;7;0;2;1;1;1
202200018147;781 708;7;0;2;4;2;1
202200018148;781 706;3;4;0;1;13;1
202200018149;781 703;7;0;2;5;2;1
202200018149;781 704;7;0;2;8;2;1
202200018149;781 705;7;0;2;0;0;0
202200018150;781 700;10;0;2;4;2;1
202200018150;781 701;7;0;2;4;2;1
202200018150;781 702;7;0;2;1;0;1
202200018151;781 699;10;6;0;3;13;1
202200018152;781 697;33;0;2;6;17;1
202200018152;781 698;7;0;2;8;15;1
202200018153;781 696;7;0;1;3;16;1
202200018154;781 695;33;0;2;7;21;1
202200018155;781 694;7;0;1;8;15;1
202200018156;781 692;2;0;2;1;1;3
202200018156;781 693;7;0;2;3;1;1
202200018157;781 691;2;0;1;1;1;1
202200018158;781 689;7;0;2;5;14;1
202200018158;781 690;2;0;2;1;1;1
202200018159;781 688;30;0;0;0;1;0
202200018160;781 686;7;0;2;4;9;1
202200018160;781 687;7;0;2;1;11;1
202200018161;781 684;33;0;2;0;0;1
202200018161;781 685;7;0;2;1;5;1
202200018162;781 683;7;0;1;1;17;2
202200018163;781 681;7;0;2;1;2;1
202200018163;781 682;7;0;2;4;2;3
202200018164;781 678;7;0;2;4;1;1
202200018164;781 679;7;0;2;6;2;1
202200018164;781 680;33;0;2;1;17;1
202200018165;781 676;10;0;2;3;9;1
202200018165;781 677;33;0;2;5;1;1
202200018166;781 675;14;0;1;1;1;1
202200018167;781 672;7;0;2;8;15;1
202200018167;781 673;33;0;2;1;17;1
202200018168;781 670;7;0;2;1;1;1
202200018168;781 671;7;0;2;8;19;1
202200018169;781 669;7;0;1;8;1;1
202200018170;781 667;50;0;9;1;0;3
202200018170;781 668;1;0;2;1;0;5
202200018171;781 664;7;0;2;4;1;1
202200018171;781 665;7;0;2;1;1;1
202200018171;781 666;7;0;2;4;1;1
202200018172;781 663;30;12;0;1;1;1
202200018173;781 661;7;0;2;4;2;1
202200018173;781 662;7;0;2;1;2;1
202200018174;781 659;31;0;2;1;1;1
202200018174;781 660;10;0;2;8;16;1
202200018175;781 656;7;0;2;1;2;1
202200018175;781 657;7;1;2;1;2;1
202200018175;781 658;7;0;2;0;0;1
202200018176;781 654;32;4;2;1;11;1
202200018176;781 655;7;4;2;6;1;1
202200018177;781 652;1;0;2;5;1;5
202200018177;781 653;7;0;2;5;9;1
202200018178;781 650;7;0;2;5;15;1
202200018178;781 651;50;0;2;1;1;3
202200018179;781 649;32;0;0;7;1;1
202200018180;781 647;7;0;2;3;26;1
202200018180;781 648;7;0;2;2;26;1
202200018181;781 645;7;0;2;1;5;1
202200018181;781 646;7;0;2;1;5;1
202200018182;781 643;7;1;0;1;13;1
202200018182;781 644;2;0;2;1;1;3
202200018183;781 642;33;12;0;1;1;1
202200018184;781 640;2;0;2;1;1;1
202200018184;781 641;7;0;2;3;0;1
202200018185;781 638;7;0;2;1;26;1
202200018185;781 639;33;0;2;3;21;1
202200018186;781 636;2;0;2;1;1;1
202200018186;781 637;7;0;2;7;15;1
202200018187;781 634;7;0;2;1;5;1
202200018187;781 635;7;0;2;1;1;1
202200018188;781 633;30;12;0;2;1;1
202200018189;781 631;99;0;2;8;26;0
202200018189;781 632;7;0;2;8;9;1
202200018190;781 629;7;0;2;5;23;1
202200018190;781 630;7;1;0;3;9;1
202200018191;781 627;7;0;2;5;1;1
202200018191;781 628;1;0;2;1;1;5
202200018192;781 625;7;0;2;9;26;1
202200018192;781 626;7;0;2;3;0;1
202200018193;781 623;7;0;2;3;9;1
202200018193;781 624;50;0;2;1;1;3
202200018194;781 620;7;0;2;1;9;1
202200018194;781 621;31;0;2;4;2;1
202200018194;781 622;7;0;2;1;1;1
202200018195;781 619;7;0;0;2;13;1
202200018196;781 617;33;0;2;3;3;1
202200018196;781 618;7;0;2;5;2;1
202200018197;781 615;7;0;1;1;16;2
202200018198;781 613;50;0;2;1;1;3
202200018198;781 614;7;0;2;2;15;1
202200018199;781 611;1;0;2;1;2;5
202200018199;781 612;7;0;2;4;2;1
202200018200;781 609;10;0;2;6;15;1
202200018200;781 610;32;0;2;2;17;1
202200018201;781 607;33;0;2;1;1;1
202200018201;781 608;7;0;2;2;15;1
202200018202;781 605;30;0;2;2;1;1
202200018202;781 606;7;0;2;0;9;0
202200018203;781 604;43;0;0;0;21;1
202200018204;781 602;7;4;2;6;21;2
202200018204;781 603;33;0;2;2;1;1
202200018205;781 600;1;0;2;1;1;5
202200018205;781 601;7;0;2;6;15;1
202200018206;781 599;33;0;1;1;1;1
202200018207;781 598;7;0;1;4;4;1
202200018208;781 596;1;0;2;1;1;5
202200018208;781 597;7;0;2;3;1;1
202200018209;781 594;30;0;2;1;1;1
202200018209;781 595;7;15;0;1;15;1
202200018210;781 593;32;1;1;1;1;1
202200018211;781 591;7;0;0;2;2;3
202200018211;781 592;7;9;2;2;14;1
202200018212;781 589;7;0;2;3;1;1
202200018212;781 590;33;0;2;1;1;1
202200018213;781 588;10;0;2;1;13;1
202200018214;781 587;7;0;1;3;1;1
202200018215;781 585;43;0;2;1;0;1
202200018215;781 586;7;0;2;4;0;1
202200018216;781 583;7;0;2;8;1;1
202200018216;781 584;7;0;2;1;15;1
202200018217;781 581;1;0;0;0;21;5
202200018217;781 582;1;0;0;0;21;5
202200018218;781 579;7;14;2;3;23;1
202200018218;781 580;30;1;0;4;1;1
202200018219;781 578;7;0;1;0;5;1
202200018220;781 577;32;8;0;2;14;1
202200018221;781 575;1;0;2;7;15;5
202200018221;781 576;7;0;2;3;15;1
202200018222;781 573;7;0;2;1;0;1
202200018222;781 574;7;0;2;4;0;1
202200018223;781 570;10;0;9;2;2;1
202200018223;781 571;80;0;0;4;2;3
202200018223;781 572;80;0;2;4;2;3
202200018224;781 569;7;0;1;1;1;1
202200018225;781 567;7;0;2;2;1;1
202200018225;781 568;7;0;2;1;9;1
202200018226;781 566;7;0;1;2;1;1
202200018227;781 564;7;0;2;4;23;1
202200018227;781 565;7;0;2;1;2;1
202200018228;781 562;7;0;2;1;1;1
202200018228;781 563;1;0;2;1;1;5
202200018229;781 560;32;0;2;9;1;1
202200018229;781 561;7;0;2;1;15;1
202200018230;781 558;30;0;2;1;1;1
202200018230;781 559;7;0;2;3;9;1
202200018231;781 557;1;16;0;0;1;5
202200018232;781 555;7;0;2;1;1;1
202200018232;781 556;7;0;2;3;16;1
202200018233;781 553;7;0;2;3;9;0
202200018233;781 554;1;0;0;1;1;5
202200018234;781 550;7;0;2;4;1;1
202200018234;781 551;7;0;2;4;0;1
202200018234;781 552;7;0;2;1;1;1
202200018235;781 548;7;0;2;6;19;1
202200018235;781 549;7;0;2;2;0;1
202200018236;781 547;3;1;0;1;1;1
202200018237;781 545;7;;2;0;1;1
202200018237;781 546;50;11;2;0;0;3
202200018238;781 543;7;0;2;1;1;1
202200018238;781 544;7;0;2;7;1;1
202200018239;781 541;7;0;2;7;9;1
202200018239;781 542;7;0;2;3;0;1
202200018240;781 540;33;6;0;1;15;1
202200018241;781 538;7;0;2;1;15;1
202200018241;781 539;33;0;2;8;1;1
202200018242;781 536;32;0;2;1;17;1
202200018242;781 537;7;0;2;3;19;1
202200018243;781 534;2;0;2;1;1;1
202200018243;781 535;7;0;2;3;23;1
202200018244;781 533;7;9;0;1;15;1
202200018245;781 531;7;0;2;3;16;1
202200018245;781 532;7;0;2;5;0;1
202200018246;781 529;1;0;0;0;0;0
202200018246;781 530;10;0;2;7;15;1
202200018247;781 528;7;0;1;3;15;0
202200018248;781 527;7;0;1;1;15;
202200018249;781 524;7;0;9;4;1;1
202200018249;781 525;7;0;2;1;1;1
202200018249;781 526;10;0;2;1;1;1
202200018250;781 523;34;0;1;1;17;1
202200018251;781 522;7;0;1;1;1;1
202200018252;781 521;10;0;1;1;14;1
202200018253;781 520;7;0;1;1;15;1
202200018254;781 519;7;0;1;4;20;1
202200018255;781 517;7;3;2;1;1;1
202200018255;781 518;7;0;2;2;15;1
202200018256;781 515;7;0;2;4;16;1
202200018256;781 516;32;0;2;0;2;1
202200018257;781 513;31;0;2;1;1;1
202200018257;781 514;7;0;0;0;0;1
202200018258;781 510;7;0;0;4;2;1
202200018258;781 511;7;0;2;4;2;1
202200018258;781 512;7;0;2;1;21;1
202200018259;781 508;7;0;2;3;1;1
202200018259;781 509;1;0;2;2;7;5
202200018260;781 506;7;0;9;1;17;0
202200018260;781 507;50;0;9;4;0;3
202200018261;781 504;2;0;2;2;15;1
202200018261;781 505;7;0;2;3;1;0
202200018262;781 503;7;0;1;3;1;1
202200018263;781 501;7;0;2;3;15;1
202200018263;781 502;2;0;2;2;17;1
202200018264;781 499;10;0;2;3;1;1
202200018264;781 500;50;0;2;7;0;3
202200018265;781 497;1;0;2;4;1;5
202200018265;781 498;7;0;2;3;2;1
202200018266;781 495;30;0;1;0;0;0
202200018266;781 496;7;0;2;6;23;1
202200018267;781 493;31;0;2;6;1;1
202200018267;781 494;33;0;2;1;1;1
202200018268;781 491;7;0;2;4;2;1
202200018268;781 492;7;0;2;1;2;1
202200018269;781 490;33;0;0;7;9;1
202200018270;781 489;7;0;1;2;0;1
202200018271;781 487;2;0;2;1;1;1
202200018271;781 488;7;0;2;2;15;1
202200018272;781 485;33;14;2;1;1;1
202200018272;781 486;7;0;2;4;1;0
202200018273;781 483;7;0;2;1;1;1
202200018273;781 484;7;0;2;2;15;1
202200018274;781 481;7;0;2;5;15;1
202200018274;781 482;2;0;2;5;1;1
202200018275;781 480;7;0;1;4;26;0
202200018276;781 479;33;0;1;2;14;1
202200018277;781 475;0;0;0;0;0;0
202200018277;781 476;31;0;2;8;0;1
202200018278;781 472;7;0;0;0;0;1
202200018278;781 473;7;0;2;9;1;1
202200018278;781 474;7;0;2;9;1;1
202200018279;781 471;7;0;2;6;0;1
202200018280;781 470;7;1;0;2;1;1
202200018281;781 466;7;0;2;4;2;1
202200018281;781 467;7;0;2;4;2;1
202200018281;781 468;7;0;2;4;2;1
202200018281;781 469;7;0;2;1;2;1
202200018282;781 465;7;0;1;1;1;1
202200018283;781 463;7;0;2;2;1;1
202200018283;781 464;7;0;2;7;1;1
202200018284;781 462;7;0;1;1;1;1
202200018285;781 453;7;0;2;3;1;1
202200018285;781 454;7;0;2;5;15;1
202200018286;781 452;10;0;1;2;1;1
202200018287;781 451;7;0;2;1;1;1
202200018288;781 445;7;0;2;8;16;1
202200018288;781 446;7;15;0;1;1;1
202200018288;781 447;7;0;2;2;1;1
202200018289;781 444;7;0;1;1;2;2
202200018290;781 442;2;0;2;1;1;1
202200018290;781 443;7;0;2;4;1;1
202200018291;781 440;7;0;2;1;0;1
202200018291;781 441;10;0;2;1;13;1
202200018292;781 438;31;0;2;1;17;1
202200018292;781 439;7;0;2;6;15;1
202200018293;781 436;7;0;2;4;1;1
202200018293;781 437;33;0;2;1;1;1
202200018294;781 435;50;1;0;1;1;3
202200018295;781 434;7;0;1;1;16;1
202200018296;781 432;1;0;2;7;1;5
202200018296;781 433;7;0;2;2;14;1
202200018297;781 429;7;1;0;2;14;1
202200018298;781 428;50;0;1;1;25;3
202200018299;781 426;7;0;2;1;1;0
202200018299;781 427;7;0;2;4;1;0
202200018300;781 424;33;0;2;3;1;0
202200018300;781 425;7;0;2;3;20;0
202200018301;781 423;7;0;0;0;0;1
202200018302;781 421;7;0;2;1;2;1
202200018302;781 422;7;0;2;4;2;1
202200018303;781 418;1;0;2;0;0;0
202200018303;781 420;7;0;2;0;15;0
202200018304;781 415;7;0;2;7;15;1
202200018304;781 417;7;0;2;1;1;1
202200018305;781 413;50;0;2;1;9;3
202200018305;781 414;7;0;2;6;9;1
202200018306;781 411;31;0;0;0;1;1
202200018307;781 410;7;0;1;1;1;1
202200018308;781 408;2;0;2;2;9;1
202200018308;781 409;7;0;2;2;0;2
202200018309;781 407;7;0;2;1;0;1
202200018309;781 412;10;0;2;3;0;1