Num_Acc;id_vehicule;categorie_vehicule;obstacle_fixe;obstacle_mobile;point_choc_initial;manoeuvre_principale;motorisation
202200018310;781 405;2;0;2;4;1;1
202200018310;781 406;7;0;2;1;2;1
202200018311;781 402;31;0;2;7;15;1
202200018311;781 404;7;0;2;2;19;1
202200018312;781 399;2;0;2;1;1;1
202200018312;781 401;7;0;2;4;23;1
202200018313;781 398;80;0;2;3;1;3
202200018313;781 400;7;0;2;0;0;1
202200018314;781 397;7;2;0;1;1;1
202200018315;781 395;7;1;0;1;14;1
202200018316;781 396;10;0;1;1;1;0
202200018317;781 394;33;6;0;1;1;1
202200018318;781 392;2;0;2;1;2;1
202200018318;781 393;7;0;2;5;16;1
202200018319;781 391;7;0;1;3;1;1
202200018320;781 389;1;0;1;1;1;5
202200018321;781 390;7;0;1;3;1;1
202200018322;781 386;7;0;2;1;1;1
202200018322;781 388;7;0;2;8;1;1
202200018323;781 385;30;0;2;1;17;1
202200018323;781 387;7;0;2;3;15;1
202200018324;781 384;33;12;0;1;6;1
202200018325;781 383;30;14;0;1;17;1
202200018326;781 381;7;0;2;3;15;1
202200018326;781 382;1;0;2;3;1;5
202200018327;781 380;7;0;1;2;1;3
202200018328;781 379;7;0;1;1;1;1
202200018329;781 377;7;0;1;2;1;1
202200018330;781 376;7;3;0;9;0;1
202200018331;781 375;7;0;2;2;16;1
202200018331;781 378;50;0;2;1;1;3
202200018332;781 373;10;0;1;2;1;1
202200018333;781 372;7;4;0;1;1;1
202200018334;781 370;7;0;2;7;1;1
202200018334;781 371;7;0;2;4;2;1
202200018334;781 374;7;0;2;1;2;1
202200018335;781 369;30;0;0;7;9;1
202200018336;781 367;33;0;1;1;0;1
202200018337;781 366;7;0;2;8;1;2
202200018337;781 368;7;0;2;1;13;1
202200018338;781 365;10;0;1;1;1;1
202200018339;781 360;7;0;2;2;14;1
202200018339;781 363;1;0;2;6;1;5
202200018340;781 361;33;0;2;1;1;1
202200018340;781 364;7;0;2;8;15;1
202200018341;781 358;7;0;2;1;2;1
202200018341;781 359;7;0;2;4;2;1
202200018341;781 362;7;0;2;4;2;1
202200018342;781 355;2;0;2;3;8;1
202200018342;781 357;7;0;2;1;15;1
202200018343;781 353;7;16;2;1;1;1
202200018344;781 354;80;0;2;0;21;3
202200018344;781 356;7;0;2;2;15;1
202200018345;781 352;7;0;1;1;16;1
202200018346;781 347;7;0;2;1;1;1
202200018346;781 350;7;0;2;7;15;1
202200018347;781 348;7;0;2;2;15;1
202200018347;781 351;33;0;2;1;1;1
202200018348;781 346;15;0;2;6;1;1
202200018348;781 349;10;0;2;7;2;1
202200018349;781 344;7;6;0;1;20;1
202200018350;781 343;1;0;2;1;17;5
202200018350;781 345;20;0;2;8;15;1
202200018351;781 340;7;0;2;3;1;3
202200018351;781 342;7;0;2;3;13;1
202200018352;781 338;32;0;2;3;2;1
202200018352;781 341;7;0;2;3;2;1
202200018353;781 337;7;0;2;1;1;1
202200018353;781 339;7;0;2;8;1;1
202200018354;781 336;14;0;0;0;1;1
202200018355;781 332;7;0;2;3;15;1
202200018355;781 334;1;0;2;1;1;5
202200018356;781 333;14;0;9;2;12;1
202200018356;781 335;1;0;2;1;1;5
202200018357;781 327;7;0;2;3;1;0
202200018357;781 330;33;0;2;1;0;0
202200018358;781 329;1;0;2;8;19;5
202200018358;781 331;7;0;9;3;15;3
202200018359;781 326;7;11;2;7;1;1
202200018359;781 328;7;0;2;1;15;2
202200018360;781 323;7;0;2;4;2;1
202200018360;781 325;2;0;2;1;2;1
202200018361;781 324;33;0;0;1;2;1
202200018362;781 321;32;0;2;2;1;1
202200018362;781 322;7;0;2;0;0;1
202200018363;781 320;33;12;0;8;13;1
202200018364;781 317;7;0;2;8;15;1
202200018364;781 319;33;0;2;1;17;1
202200018365;781 315;7;0;2;6;10;2
202200018365;781 316;30;0;2;1;1;1
202200018366;781 314;10;0;2;3;9;1
202200018366;781 318;32;0;2;5;9;1
202200018367;781 311;7;13;0;1;13;1
202200018368;781 312;7;0;1;3;1;1
202200018369;781 309;7;0;2;1;2;1
202200018369;781 310;7;0;2;4;2;1
202200018369;781 313;7;1;2;5;26;1
202200018370;781 306;2;0;0;7;1;1
202200018371;781 308;31;0;1;1;21;1
202200018372;781 303;10;0;0;3;15;3
202200018373;781 305;1;0;2;8;1;5
202200018373;781 307;7;0;9;2;15;1
202200018374;781 301;10;15;0;2;1;1
202200018375;781 300;7;0;2;8;19;1
202200018375;781 302;2;0;2;1;1;1
202200018376;781 299;7;13;0;1;0;0
202200018377;781 298;33;0;0;1;1;1
202200018378;781 295;80;0;2;1;1;3
202200018378;781 297;7;0;2;4;9;1
202200018379;781 293;7;0;2;2;15;1
202200018379;781 296;7;0;2;1;1;1
202200018380;781 292;7;0;2;1;9;1
202200018380;781 294;7;0;2;8;1;1
202200018381;781 291;31;15;0;1;1;1
202200018382;781 289;7;0;1;3;1;1
202200018383;781 287;10;0;2;3;1;0
202200018383;781 290;7;0;2;3;17;1
202200018384;781 286;33;0;2;1;1;1
202200018384;781 288;7;0;2;2;9;1
202200018385;781 285;7;0;1;1;1;1
202200018386;781 282;7;0;1;1;15;0
202200018387;781 279;7;0;2;2;1;1
202200018387;781 281;7;0;2;2;15;1
202200018388;781 278;7;0;2;7;1;1
202200018388;781 280;1;0;2;1;19;5
202200018389;781 276;7;0;2;1;0;1
202200018389;781 277;7;8;2;3;2;1
202200018390;781 273;7;0;2;1;9;1
202200018390;781 274;30;0;2;1;1;1
202200018391;781 270;7;0;2;1;9;1
202200018391;781 271;7;0;2;8;0;1
202200018392;781 272;7;0;2;3;19;1
202200018392;781 275;33;0;2;1;1;1
202200018393;781 268;7;0;9;8;24;1
202200018393;781 269;1;1;0;1;1;5
202200018394;781 267;7;1;0;1;14;1
202200018395;781 264;7;0;2;2;19;1
202200018395;781 266;7;0;2;3;1;3
202200018396;781 263;7;0;2;1;1;1
202200018396;781 265;7;0;2;1;13;1
202200018397;781 262;7;8;0;1;1;1
202200018398;781 261;7;0;1;0;15;1
202200018399;781 258;7;0;2;1;15;1
202200018399;781 260;7;0;2;7;1;1
202200018400;781 255;10;0;2;4;2;1
202200018400;781 257;1;0;2;1;2;5
202200018401;781 256;10;0;2;2;1;1
202200018401;781 259;7;0;2;1;1;1
202200018402;781 253;7;0;2;4;10;1
202200018402;781 254;33;0;2;1;1;1
202200018403;781 250;32;0;2;2;11;1
202200018403;781 252;7;1;0;6;20;1
202200018404;781 249;7;0;2;1;1;1
202200018404;781 251;7;0;2;4;2;1
202200018405;781 248;0;0;0;1;26;0
202200018406;781 245;7;0;1;3;1;1
202200018407;781 246;10;0;2;4;2;3
202200018407;781 247;7;0;2;1;2;1
202200018408;781 242;7;0;1;1;1;1
202200018409;781 243;33;0;2;3;17;1
202200018409;781 244;7;0;2;3;1;1
202200018410;781 240;33;0;2;7;15;1
202200018410;781 241;7;0;2;1;9;1
202200018411;781 235;33;0;2;1;1;1
202200018411;781 237;7;0;2;1;15;1
202200018412;781 236;15;0;2;3;17;1
202200018412;781 238;10;0;2;1;1;1
202200018413;781 233;10;0;1;1;1;1
202200018414;781 234;7;8;0;1;13;1
202200018415;781 230;50;0;2;1;1;3
202200018415;781 231;1;0;2;1;1;5
202200018416;781 232;50;0;2;8;5;3
202200018416;781 239;7;0;2;1;1;1
202200018417;781 225;7;0;2;2;1;1
202200018417;781 227;2;0;2;4;23;1
202200018418;781 221;7;0;2;1;2;1
202200018418;781 223;7;0;2;4;2;2
202200018419;781 220;7;0;2;1;13;1
202200018419;781 222;17;0;2;1;1;1
202200018420;781 224;7;0;2;1;13;1
202200018420;781 229;7;0;2;1;1;1
202200018421;781 218;34;0;2;8;1;1
202200018421;781 219;33;0;2;7;12;1
202200018422;781 216;33;0;2;3;3;1
202200018422;781 217;7;0;2;2;12;1
202200018423;781 212;7;0;2;1;2;1
202200018423;781 213;10;0;2;4;2;1
202200018424;781 208;33;3;2;8;2;1
202200018424;781 209;7;0;2;2;12;1
202200018425;781 211;60;0;2;8;0;5
202200018425;781 215;7;0;0;0;0;1
202200018426;781 210;10;0;2;1;1;1
202200018426;781 214;3;0;2;4;1;1
202200018427;781 206;7;0;2;6;2;1
202200018427;781 207;7;0;2;1;2;2
202200018428;781 201;33;0;2;1;3;1
202200018428;781 202;7;0;2;5;2;1
202200018428;781 203;32;0;2;3;2;1
202200018429;781 199;1;0;2;5;26;5
202200018429;781 205;7;0;9;3;26;1
202200018430;781 198;30;0;0;0;1;1
202200018431;781 200;7;0;2;3;1;1
202200018431;781 204;0;0;2;2;12;0
202200018432;781 195;7;0;1;3;1;1
202200018433;781 197;7;0;1;1;1;1
202200018434;781 193;32;0;2;1;1;1
202200018434;781 196;7;0;2;1;9;1
202200018435;781 192;7;0;2;5;1;1
202200018435;781 194;7;0;2;3;14;1
202200018436;781 188;7;0;2;3;15;1
202200018436;781 191;34;0;2;1;17;1
202200018437;781 189;50;12;0;1;14;3
202200018438;781 187;7;0;2;7;15;1
202200018438;781 190;33;0;2;1;1;1
202200018439;781 185;7;1;0;2;14;1
202200018440;781 182;7;0;2;4;2;1
202200018440;781 186;7;0;2;1;2;1
202200018441;781 180;7;0;2;2;1;1
202200018441;781 183;1;0;2;4;21;5
202200018442;781 181;10;0;2;5;15;1
202200018442;781 184;34;0;2;2;1;1
202200018443;781 179;38;0;1;1;1;1
202200018444;781 177;1;0;0;1;1;5
202200018445;781 176;7;0;1;3;1;1
202200018446;781 175;7;4;0;1;1;1
202200018447;781 174;7;0;2;3;1;1
202200018447;781 178;50;0;2;7;1;3
202200018448;781 171;30;0;2;1;1;1
202200018448;781 173;7;0;2;7;15;1
202200018449;781 170;7;1;2;8;1;1
202200018449;781 172;7;1;2;3;15;1
202200018450;781 166;1;0;2;1;1;5
202200018450;781 168;7;0;2;3;9;1
202200018451;781 167;33;0;2;1;1;1
202200018451;781 169;7;0;2;5;2;1
202200018452;781 164;7;0;2;1;1;3
202200018452;781 165;2;0;2;8;1;1
202200018453;781 163;30;9;0;0;14;1
202200018454;781 162;7;13;0;1;1;1
202200018455;781 161;7;0;1;0;1;0
202200018456;781 157;32;0;1;1;1;1
202200018457;781 158;33;0;2;3;1;1
202200018457;781 160;7;0;2;1;1;1
202200018458;781 152;32;0;0;0;1;1
202200018459;781 149;7;0;2;3;1;1
202200018459;781 153;7;0;2;5;9;1
202200018460;781 150;7;0;2;1;1;1
202200018460;781 154;7;0;2;4;2;1
202200018460;781 156;7;0;2;4;2;1
202200018460;781 159;7;0;2;4;2;1
202200018461;781 148;7;0;2;4;1;2
202200018461;781 151;7;0;2;1;1;1
202200018462;781 146;7;0;1;7;1;1
202200018463;781 147;7;0;1;2;1;1
202200018464;781 143;50;12;0;1;0;3
202200018465;781 141;7;0;2;2;1;1
202200018465;781 144;10;0;2;1;15;1
202200018466;781 140;10;0;1;1;1;1
202200018467;781 137;33;4;2;8;3;1
202200018467;781 139;7;4;2;2;12;2
202200018467;781 142;7;4;2;4;1;1
202200018467;781 145;10;4;2;8;1;1
202200018468;781 134;7;2;2;5;1;1
202200018468;781 138;7;0;2;1;1;2
202200018469;781 130;50;0;2;1;5;3
202200018469;781 132;7;0;9;1;15;1
202200018470;781 131;33;0;2;2;3;1
202200018470;781 133;7;0;2;3;12;1
202200018471;781 129;7;0;1;2;2;1
202200018472;781 126;32;0;2;1;1;1
202200018472;781 128;7;0;2;1;16;1
202200018473;781 125;15;0;0;1;1;1
202200018474;781 123;7;0;9;1;15;1
202200018474;781 127;1;0;2;7;1;5
202200018475;781 122;33;0;2;1;1;1
202200018475;781 124;10;0;2;3;15;1
202200018476;781 118;7;0;2;8;10;1
202200018476;781 120;31;0;2;1;1;1
202200018477;781 115;7;0;2;1;2;1
202200018477;781 121;14;0;2;4;2;1
202200018478;781 114;7;0;2;2;1;1
202200018478;781 117;7;0;2;7;15;1
202200018479;781 111;34;0;2;7;1;1
202200018479;781 113;7;12;2;1;17;1
202200018480;781 108;37;0;0;7;1;1
202200018480;781 112;10;0;2;1;9;1
202200018481;781 106;32;0;4;1;1;1
202200018481;781 109;40;0;2;2;1;2
202200018482;781 107;7;0;2;7;12;1
202200018482;781 110;33;0;2;8;3;1
202200018483;781 105;31;0;0;7;9;0
202200018484;781 103;33;0;1;8;26;1
202200018485;781 104;7;8;0;3;1;1
202200018486;781 100;7;0;2;1;2;1
202200018486;781 102;7;0;2;4;2;1
202200018487;781 099;7;0;2;2;26;1
202200018487;781 101;7;0;2;7;15;1
202200018488;781 096;7;0;2;4;1;1
202200018488;781 098;7;0;2;1;1;1
202200018489;781 094;30;12;0;8;17;1
202200018490;781 095;33;0;2;8;1;1
202200018490;781 097;7;0;2;3;15;1
202200018491;781 087;7;0;2;1;15;1
202200018491;781 090;32;0;2;1;1;1
202200018492;781 088;33;0;2;1;1;1
202200018492;781 091;7;0;2;5;15;1
202200018493;781 085;7;0;2;4;2;1
202200018493;781 089;7;0;2;4;2;1
202200018493;781 092;7;0;2;4;2;1
202200018493;781 093;10;0;2;1;2;1
202200018494;781 081;32;0;2;1;1;1
202200018494;781 083;7;0;2;3;9;1
202200018495;781 082;1;0;2;7;1;5
202200018495;781 084;10;0;2;1;1;1
202200018496;781 080;30;0;2;2;16;1
202200018496;781 086;7;0;2;1;1;1
202200018497;781 079;10;0;1;4;4;1
202200018498;781 077;7;0;2;3;1;1
202200018498;781 078;10;0;2;0;0;1
202200018499;781 073;1;0;2;4;1;5
202200018499;781 075;7;0;2;2;15;1
202200018500;781 072;1;0;2;1;1;5
202200018500;781 076;7;0;2;2;9;2
202200018501;781 070;7;0;2;3;1;1
202200018501;781 071;7;0;2;1;9;1
202200018502;781 066;50;0;2;8;1;3
202200018502;781 069;7;0;2;1;1;1
202200018503;781 065;33;0;2;3;0;1
202200018503;781 068;7;0;2;1;15;1
202200018504;781 062;30;6;0;1;0;1
202200018505;781 063;7;0;1;6;20;1
202200018506;781 064;7;0;2;2;10;1
202200018506;781 067;80;0;2;1;16;3
202200018507;781 060;7;0;1;2;1;1
202200018508;781 057;32;0;1;2;9;1
202200018509;781 056;80;0;2;6;1;3
202200018509;781 059;2;0;2;7;1;3
202200018510;781 058;7;0;2;3;15;1
202200018510;781 061;31;0;2;1;1;1
202200018511;781 055;7;0;1;1;1;1
202200018512;781 053;7;0;1;2;1;1
202200018513;781 052;10;0;2;3;9;1
202200018513;781 054;50;0;2;1;1;3
202200018514;781 049;7;0;1;2;1;2
202200018515;781 048;7;0;2;1;13;1
202200018515;781 050;7;0;2;1;1;1
202200018515;781 051;7;0;2;2;1;1
202200018516;781 046;3;0;2;0;0;0
202200018516;781 047;32;0;2;4;3;1
202200018517;781 041;7;0;2;4;23;0
202200018517;781 043;7;0;2;2;1;0
202200018517;781 045;30;0;2;8;11;0
202200018518;781 040;10;0;2;0;15;1
202200018518;781 044;7;8;2;1;17;1
202200018519;781 037;7;0;2;3;9;1
202200018519;781 039;31;0;2;0;0;1
202200018520;781 035;7;0;1;3;15;1
202200018521;781 033;10;1;9;2;1;1
202200018521;781 036;17;0;0;5;24;1
202200018522;781 030;7;6;0;7;14;1
202200018523;781 032;7;0;2;2;9;1
202200018523;781 034;2;0;2;3;1;1
202200018524;781 027;2;0;2;4;2;1
202200018524;781 029;7;0;2;1;2;1
202200018525;781 025;7;0;2;4;2;1
202200018525;781 028;7;0;2;4;2;3
202200018525;781 031;7;0;2;1;2;1
202200018526;781 024;33;0;2;1;1;1
202200018526;781 026;7;0;2;7;15;1
202200018527;781 020;7;0;2;3;19;1
202200018527;781 022;2;0;2;1;1;1
202200018528;781 018;7;0;1;1;1;0
202200018529;781 016;7;0;0;2;15;0
202200018529;781 017;33;0;2;3;1;0
202200018530;781 015;80;0;2;8;19;3
202200018530;781 019;7;0;2;2;1;1
202200018531;781 012;7;0;2;1;1;1
202200018531;781 014;7;0;2;1;1;1
202200018532;781 011;10;0;2;7;1;1
202200018532;781 013;1;0;2;8;2;5
202200018533;781 009;7;0;2;6;10;1
202200018533;781 010;33;0;2;1;1;1
202200018534;781 006;10;0;1;0;1;1
202200018535;781 004;33;0;2;1;18;1
202200018535;781 007;7;0;2;2;19;2
202200018536;781 002;7;0;2;1;5;1
202200018536;781 005;7;0;2;1;1;1
202200018537;781 003;7;0;2;1;19;1
202200018537;781 008;7;0;2;1;1;1
202200018538;780 998;7;0;0;9;26;1
202200018539;780 995;7;0;2;2;6;1
202200018539;780 999;10;0;2;1;1;1
202200018540;780 994;10;0;2;1;2;1
202200018540;780 996;7;0;2;5;2;1
202200018540;781 000;7;0;2;4;2;1
202200018540;781 001;7;0;2;3;2;1
202200018541;780 993;10;0;2;1;1;1
202200018541;780 997;7;0;2;3;0;1
202200018542;780 991;1;0;0;0;1;5
202200018543;780 990;7;6;0;2;1;1
202200018544;780 989;1;0;2;1;1;5
202200018544;780 992;7;0;2;5;15;1
202200018545;780 985;7;0;2;1;26;1
202200018546;780 986;10;1;0;1;14;1
202200018546;780 988;10;0;2;1;24;1
202200018547;780 987;33;8;0;1;1;1
202200018548;780 984;7;6;0;1;13;1
202200018549;780 981;3;0;1;2;1;1
202200018550;780 980;15;13;2;1;13;1
202200018550;780 983;7;0;2;3;1;1
202200018551;780 979;7;0;2;7;1;1
202200018551;780 982;7;0;2;3;9;1
202200018552;780 978;7;13;0;1;14;1
202200018553;780 977;30;6;0;0;0;1
202200018554;780 975;33;0;0;3;1;1
202200018555;780 974;7;1;0;8;15;1
202200018556;780 973;32;0;2;1;1;1
202200018556;780 976;10;0;2;3;5;1
202200018557;780 971;7;0;2;3;15;1
202200018557;780 972;7;0;2;2;1;1
202200018558;780 968;7;0;2;1;9;1
202200018558;780 970;10;0;2;2;1;1
202200018559;780 967;33;0;0;0;1;1
202200018560;780 966;7;0;2;1;2;1
202200018560;780 969;7;0;2;8;2;1
202200018561;780 964;7;0;1;3;1;1
202200018562;780 965;7;13;0;0;1;1
202200018563;780 962;7;0;1;1;1;1
202200018564;780 958;7;8;2;3;1;1
202200018564;780 960;7;0;2;3;13;1
202200018565;780 953;7;0;2;4;23;1
202200018565;780 955;7;0;2;1;23;1
202200018565;780 957;7;0;2;1;1;1
202200018565;780 959;7;0;2;4;23;1
202200018565;780 961;10;0;2;1;1;1
202200018566;780 951;7;0;1;3;15;3
202200018567;780 950;1;0;2;1;1;5
202200018567;780 952;7;0;2;3;9;1
202200018568;780 949;15;0;0;4;2;1
202200018568;780 954;7;0;0;6;2;1
202200018568;780 956;7;0;2;9;26;1
202200018569;780 944;7;0;2;4;23;1
202200018569;780 945;31;0;2;1;1;1
202200018570;780 943;33;12;0;1;1;1
202200018571;780 941;2;0;2;7;1;1
202200018571;780 947;7;0;2;1;15;1
202200018572;780 940;1;0;2;8;19;5
202200018572;780 942;7;0;9;2;1;1
202200018573;780 935;7;0;2;1;17;1
202200018573;780 936;21;0;2;3;15;1
202200018574;780 934;7;0;2;1;2;1
202200018574;780 938;7;0;2;4;2;1
202200018575;780 930;2;1;2;3;1;1
202200018575;780 932;7;1;2;2;15;1
202200018576;780 931;7;0;2;3;1;1
202200018576;780 933;7;0;2;1;15;1
202200018577;780 928;2;15;0;1;1;1
202200018578;780 926;1;0;2;1;9;5
202200018578;780 927;7;0;2;1;1;1
202200018579;780 924;7;0;2;2;16;1
202200018579;780 929;1;0;2;8;1;5
202200018580;780 922;7;0;2;1;0;1
202200018580;780 923;7;0;2;1;13;1
202200018581;780 920;7;0;2;2;16;1
202200018581;780 925;1;0;2;1;2;5
202200018582;780 918;7;9;0;1;26;1
202200018583;780 915;7;0;2;3;9;1
202200018583;780 919;1;0;2;1;1;5
202200018584;780 917;7;0;2;3;1;1
202200018584;780 921;7;8;2;1;1;1
202200018585;780 916;34;1;0;1;0;1
202200018586;780 913;2;0;1;1;15;1
202200018587;780 912;10;0;1;1;1;1
202200018588;780 906;10;0;2;1;1;1
202200018588;780 909;7;0;2;1;13;1
202200018589;780 905;2;0;2;2;1;1
202200018589;780 908;10;0;2;3;15;1
202200018590;780 903;33;0;2;5;23;1
202200018590;780 907;33;14;0;9;18;1
202200018590;780 911;7;0;2;2;1;1
202200018591;780 899;7;0;2;3;0;1
202200018591;780 901;7;0;2;3;15;2
202200018592;780 896;7;0;2;4;1;1
202200018593;780 895;7;0;1;0;0;1
202200018594;780 892;33;0;2;2;1;1
202200018594;780 894;7;0;2;3;9;1
202200018595;780 891;7;0;2;1;2;1
202200018595;780 893;7;0;2;4;1;1
202200018596;780 889;1;0;2;0;0;5
202200018597;780 887;7;13;0;3;1;1
202200018598;780 886;7;0;2;4;2;1
202200018598;780 888;7;0;2;4;2;1
202200018598;780 890;7;0;2;1;2;1
202200018599;780 878;10;0;2;1;26;1
202200018599;780 882;7;1;0;1;14;1
202200018600;780 877;7;0;0;8;1;1
202200018600;780 881;7;0;2;9;0;1
202200018600;780 884;7;0;2;1;0;1
202200018601;780 879;7;0;2;1;16;1
202200018601;780 883;1;0;2;1;5;5
202200018602;780 880;7;0;2;1;1;1
202200018602;780 885;34;0;2;1;26;1
202200018603;780 872;7;0;9;1;9;1
202200018603;780 876;50;0;2;1;1;3
202200018604;780 870;2;0;2;4;1;1
202200018604;780 875;7;0;2;3;9;1
202200018605;780 871;1;1;2;1;2;0
202200018605;780 873;7;14;2;4;23;1
202200018606;780 869;7;0;1;3;15;1
202200018607;780 867;40;0;2;8;1;3
202200018607;780 874;14;0;4;6;4;1
202200018608;780 866;7;0;2;1;1;1
202200018608;780 868;37;0;2;1;1;1
202200018609;780 865;7;2;0;1;13;1
202200018610;780 864;7;0;1;1;26;1
202200018611;780 863;15;0;0;1;1;1
202200018612;780 860;30;1;0;1;2;1
202200018613;780 858;7;0;2;2;1;1
202200018613;780 861;7;0;2;1;1;1
202200018614;780 856;7;0;2;2;1;1
202200018614;780 862;7;0;2;7;1;1
202200018615;780 851;7;0;2;3;15;1
202200018615;780 854;32;0;2;1;17;1
202200018616;780 850;2;0;2;2;1;1
202200018616;780 855;10;0;2;1;9;1
202200018617;780 849;7;;2;;15;
202200018617;780 852;2;0;2;1;2;1
202200018618;780 847;2;0;0;8;2;1
202200018618;780 848;7;0;2;2;2;1
202200018619;780 844;7;0;2;4;23;1
202200018619;780 846;30;0;2;1;1;1
202200018620;780 843;10;0;2;1;1;1
202200018620;780 845;7;0;2;8;10;1
202200018621;780 839;7;0;2;3;1;1
202200018621;780 842;2;0;2;2;15;1
202200018622;780 841;7;0;0;9;1;1
202200018623;780 838;31;0;2;1;17;1
202200018623;780 840;2;0;2;3;19;1
202200018624;780 837;7;8;0;0;0;1
202200018625;780 834;7;9;0;1;0;1
202200018626;780 835;10;0;2;1;1;0
202200018626;780 836;31;0;2;7;15;1
202200018627;780 830;7;2;0;1;1;1
202200018628;780 831;7;0;2;8;15;1
202200018628;780 832;33;0;2;2;1;1
202200018628;780 833;10;0;2;3;23;1
202200018629;780 828;2;0;0;9;1;1
202200018630;780 827;33;0;2;7;13;1
202200018630;780 829;7;0;2;3;1;1
202200018631;780 825;7;13;0;3;1;1
202200018632;780 824;7;0;2;8;9;1
202200018632;780 826;33;0;2;1;17;1
202200018633;780 823;7;0;1;1;1;1
202200018634;780 821;7;0;0;4;23;1
202200018634;780 822;7;0;2;1;2;1
202200018635;780 819;33;0;2;2;17;1
202200018635;780 820;2;0;2;8;15;1
202200018636;780 816;7;0;2;3;13;1
202200018636;780 817;7;0;2;3;1;1
202200018637;780 813;7;0;2;4;26;2
202200018637;780 815;10;0;2;1;26;1
202200018638;780 811;50;0;2;1;1;3
202200018638;780 814;10;0;9;3;15;1
202200018639;780 810;7;0;2;3;1;1
202200018639;780 812;7;0;2;3;1;1
202200018640;780 809;34;9;0;1;1;0
202200018641;780 806;7;0;2;1;1;1
202200018641;780 808;7;0;2;3;1;1
202200018642;780 803;7;0;2;1;2;1
202200018642;780 804;7;0;2;4;2;1
202200018643;780 802;7;0;2;0;15;2
202200018643;780 805;31;0;2;0;0;1
202200018644;780 800;33;0;5;1;1;1
202200018645;780 797;7;0;2;8;1;1
202200018645;780 799;7;0;2;1;1;1
202200018645;780 801;15;0;2;7;12;1
202200018646;780 795;50;0;0;0;26;3
202200018647;780 793;7;0;2;4;2;1
202200018647;780 796;7;0;2;1;2;1
202200018648;780 794;7;0;2;1;15;1
202200018648;780 798;33;0;2;7;1;1
202200018649;780 790;7;0;2;1;2;1
202200018649;780 792;7;0;2;0;0;1
202200018650;780 787;7;4;0;3;1;1
202200018651;780 786;7;0;2;3;1;1
202200018651;780 789;7;0;2;2;13;1
202200018652;780 785;7;0;2;4;2;1
202200018652;780 788;7;0;2;4;2;1
202200018652;780 791;7;0;2;1;2;1
202200018653;780 782;37;0;0;0;0;1
202200018654;780 781;10;0;2;1;2;1
202200018654;780 783;7;0;2;4;23;1
202200018654;780 784;7;0;2;4;23;1
202200018655;780 779;10;0;2;3;6;1
202200018655;780 780;7;0;2;3;1;0
202200018656;780 778;7;0;1;2;1;1
202200018657;780 776;34;0;2;4;0;1
202200018657;780 777;7;0;2;1;0;0
202200018658;780 774;7;0;1;1;1;1
202200018659;780 775;7;13;0;0;26;1
202200018660;780 772;7;0;1;1;14;1
202200018661;780 770;7;0;2;5;20;1
202200018661;780 773;33;0;2;1;1;1
202200018662;780 769;60;0;2;8;13;5
202200018662;780 771;80;0;2;2;17;3
202200018663;780 768;7;0;1;3;1;1
202200018664;780 767;7;0;1;7;1;1
202200018665;780 764;7;0;2;4;1;1
202200018665;780 766;31;0;2;1;1;1
202200018666;780 763;7;0;2;1;13;1
202200018666;780 765;7;0;2;4;1;1
202200018667;780 757;2;0;2;1;17;1
202200018667;780 760;10;0;2;3;15;1
202200018668;780 755;32;0;2;1;17;1
202200018669;780 754;7;0;2;1;2;0
202200018669;780 756;7;0;2;4;23;1
202200018669;780 759;7;0;2;4;23;1
202200018669;780 762;7;0;2;4;2;1
202200018670;780 758;10;0;2;5;12;1
202200018670;780 761;33;0;2;1;1;1
202200018671;780 751;50;0;2;0;5;3
202200018671;780 753;7;0;2;3;1;1
202200018672;780 747;7;0;1;2;9;1
202200018673;780 748;7;0;2;1;2;3
202200018673;780 750;7;0;2;1;2;2
202200018673;780 752;7;0;2;4;2;2
202200018674;780 746;7;0;1;1;1;1
202200018675;780 743;7;0;2;4;23;2
202200018675;780 745;33;0;2;1;11;1
202200018676;780 742;10;0;2;1;16;1
202200018676;780 749;7;8;2;1;1;1
202200018677;780 741;7;0;2;7;7;1
202200018677;780 744;7;0;2;1;1;1
202200018678;780 740;32;0;0;0;3;1
202200018679;780 739;7;1;0;9;2;1
202200018680;780 738;7;12;0;3;1;1
202200018681;780 737;33;0;0;8;1;1
202200018682;780 733;37;0;2;3;1;1
202200018682;780 735;7;0;2;2;26;1
202200018683;780 734;7;0;2;2;1;1
202200018683;780 736;32;0;2;0;0;1
202200018684;780 730;33;0;2;3;1;1
202200018684;780 732;7;0;2;8;11;1
202200018685;780 729;7;0;2;3;1;3
202200018685;780 731;1;0;2;4;26;5
202200018686;780 727;32;0;2;8;1;1
202200018686;780 728;7;0;2;2;15;1
202200018687;780 725;7;13;1;1;1;1
202200018688;780 724;7;15;0;1;6;1
202200018689;780 723;7;0;2;4;2;1
202200018689;780 726;7;0;2;4;2;1
202200018690;780 720;7;0;2;1;9;1
202200018690;780 722;7;0;2;2;1;1
202200018691;780 719;30;0;2;1;1;1
202200018691;780 721;7;0;2;3;1;1
202200018692;780 715;7;0;2;6;1;1
202200018692;780 717;7;0;2;2;12;1
202200018693;780 713;32;0;2;8;18;1
202200018693;780 718;7;0;2;3;1;1
202200018694;780 712;7;1;0;3;19;1
202200018695;780 710;7;0;1;1;1;1
202200018696;780 711;34;0;0;7;1;1
202200018697;780 705;7;0;2;3;23;0
202200018697;780 708;10;0;2;3;15;0
202200018697;780 709;33;0;2;8;1;0
202200018698;780 703;7;0;2;8;11;1
202200018698;780 707;33;0;2;2;3;1
202200018699;780 704;15;0;2;3;9;1
202200018699;780 706;10;0;2;7;2;1
202200018700;780 700;50;0;2;1;9;3
202200018700;780 702;7;0;2;5;1;1
202200018701;780 698;32;0;2;1;3;1
202200018701;780 701;10;0;2;5;1;1