Num_Acc;id_vehicule;categorie_vehicule;obstacle_fixe;obstacle_mobile;point_choc_initial;manoeuvre_principale;motorisation
202200018702;780 697;7;0;2;6;15;1
202200018702;780 699;33;0;2;1;1;1
202200018703;780 696;7;0;0;0;14;1
202200018704;780 691;10;0;2;1;9;1
202200018704;780 694;7;0;2;8;1;1
202200018705;780 692;32;0;2;2;3;1
202200018705;780 693;10;0;2;8;22;1
202200018705;780 695;7;0;2;1;23;1
202200018706;780 687;32;0;2;5;2;1
202200018706;780 689;7;0;2;5;2;1
202200018707;780 688;0;;;;0;
202200018708;780 686;7;0;2;1;1;1
202200018708;780 690;7;0;2;8;1;1
202200018709;780 680;7;0;2;6;1;1
202200018709;780 684;7;0;2;2;1;1
202200018710;780 679;7;0;2;4;1;1
202200018710;780 681;7;0;2;4;1;1
202200018710;780 682;7;0;2;4;1;1
202200018710;780 685;7;0;2;1;1;1
202200018711;780 677;7;0;2;1;1;0
202200018711;780 678;33;0;2;4;26;1
202200018712;780 675;31;0;2;1;17;1
202200018712;780 676;33;0;2;1;1;1
202200018713;780 673;7;0;2;2;1;1
202200018713;780 674;7;4;2;6;1;1
202200018714;780 671;7;8;0;1;15;1
202200018715;780 672;32;0;2;3;1;1
202200018715;780 683;7;0;2;3;17;1
202200018716;780 669;1;0;2;1;1;5
202200018716;780 670;7;0;2;5;15;1
202200018717;780 665;7;0;2;1;1;1
202200018717;780 668;7;0;2;1;1;1
202200018718;780 664;10;0;2;4;2;1
202200018718;780 666;10;0;2;1;2;1
202200018719;780 660;32;0;2;0;3;1
202200018719;780 662;10;0;2;0;11;1
202200018720;780 659;7;0;2;3;2;1
202200018720;780 663;7;0;2;2;15;1
202200018721;780 661;50;0;2;1;1;3
202200018721;780 667;31;0;2;3;1;1
202200018722;780 657;33;0;2;1;16;1
202200018722;780 658;1;0;2;4;16;5
202200018723;780 655;1;1;0;1;13;5
202200018724;780 654;7;1;2;1;21;1
202200018724;780 656;7;0;0;0;10;1
202200018725;780 652;32;0;2;1;16;1
202200018725;780 653;7;0;2;3;23;3
202200018726;780 649;7;0;2;2;9;1
202200018726;780 650;3;0;2;6;1;1
202200018727;780 646;43;0;2;1;1;1
202200018727;780 647;7;0;2;2;10;1
202200018728;780 648;7;0;2;2;15;1
202200018728;780 651;32;0;2;3;7;1
202200018729;780 645;7;0;1;2;1;1
202200018730;780 644;7;0;1;1;1;1
202200018731;780 643;7;12;1;3;1;1
202200018732;780 638;7;9;0;2;16;1
202200018732;780 640;1;9;2;1;1;5
202200018733;780 637;1;0;2;7;13;5
202200018733;780 639;1;0;2;7;1;5
202200018733;780 641;1;0;2;6;1;5
202200018734;780 642;1;0;1;1;1;5
202200018735;780 634;10;0;2;0;0;1
202200018735;780 636;10;0;2;0;0;1
202200018736;780 632;33;0;2;2;3;1
202200018736;780 633;30;0;2;8;13;1
202200018736;780 635;7;0;2;4;17;1
202200018737;780 630;7;0;2;4;1;1
202200018737;780 631;7;1;2;1;1;1
202200018738;780 628;7;0;2;0;1;1
202200018738;780 629;7;0;2;0;23;1
202200018739;780 625;7;0;2;1;15;1
202200018739;780 627;30;0;2;6;18;1
202200018740;780 623;7;0;2;5;1;2
202200018740;780 624;34;0;2;8;1;1
202200018741;780 622;10;0;1;1;1;0
202200018742;780 621;30;0;2;1;18;1
202200018742;780 626;7;0;2;2;16;1
202200018743;780 620;7;4;0;1;1;1
202200018744;780 619;1;0;0;0;1;5
202200018745;780 615;7;0;2;3;13;1
202200018745;780 617;43;0;2;2;5;1
202200018746;780 614;1;0;2;1;1;5
202200018746;780 618;37;0;2;7;1;2
202200018747;780 613;7;0;2;2;9;1
202200018747;780 616;2;0;2;1;1;1
202200018748;780 610;43;0;2;2;1;1
202200018748;780 611;7;0;2;3;15;1
202200018749;780 608;7;0;2;0;1;1
202200018749;780 612;30;0;2;1;1;3
202200018750;780 607;30;0;2;1;2;1
202200018750;780 609;7;0;2;4;23;1
202200018751;780 605;10;0;2;0;22;1
202200018751;780 606;1;0;2;1;1;5
202200018752;780 602;1;0;2;4;2;5
202200018752;780 604;7;1;2;2;2;3
202200018753;780 600;37;0;2;0;13;3
202200018753;780 601;50;0;0;4;1;3
202200018754;780 598;7;0;2;4;2;1
202200018754;780 603;7;0;2;1;2;1
202200018755;780 596;7;0;2;1;1;1
202200018755;780 599;7;0;2;8;1;2
202200018756;780 595;7;0;0;6;22;1
202200018756;780 597;1;1;0;7;1;5
202200018757;780 593;50;0;0;0;16;3
202200018758;780 590;7;0;2;6;2;1
202200018758;780 592;43;0;2;2;2;1
202200018759;780 591;30;0;2;1;1;1
202200018759;780 594;7;0;2;8;1;1
202200018760;780 589;1;0;0;0;1;5
202200018761;780 588;7;0;1;0;1;1
202200018762;780 585;50;0;9;3;1;3
202200018762;780 587;10;0;2;1;15;1
202200018763;780 586;50;0;0;0;1;3
202200018764;780 581;7;0;2;8;1;1
202200018764;780 583;7;0;2;1;1;1
202200018765;780 582;7;0;2;2;16;1
202200018765;780 584;30;0;2;2;5;3
202200018766;780 579;7;1;0;1;26;1
202200018767;780 578;1;0;1;1;1;5
202200018768;780 577;15;0;2;3;1;1
202200018768;780 580;7;0;2;1;13;1
202200018769;780 571;33;0;2;1;1;0
202200018769;780 575;32;0;2;3;1;1
202200018770;780 570;7;0;2;4;1;1
202200018770;780 572;7;0;2;9;1;1
202200018770;780 573;7;0;2;9;1;1
202200018770;780 574;7;0;2;9;1;1
202200018770;780 576;7;0;2;1;1;1
202200018771;780 566;7;0;2;3;1;1
202200018771;780 568;50;0;2;5;1;3
202200018772;780 569;7;0;1;2;1;1
202200018773;780 565;7;0;2;6;23;1
202200018773;780 567;30;0;2;7;2;1
202200018774;780 562;30;0;2;8;0;1
202200018774;780 564;13;0;2;7;0;1
202200018775;780 559;32;0;2;5;23;1
202200018775;780 561;7;0;2;3;2;1
202200018776;780 557;1;0;2;1;1;5
202200018776;780 560;1;0;2;1;1;5
202200018776;780 563;7;0;2;2;15;1
202200018777;780 556;33;0;2;3;18;1
202200018777;780 558;10;0;0;7;12;0
202200018778;780 554;31;0;2;1;17;1
202200018778;780 555;7;0;2;3;15;2
202200018779;780 551;7;0;2;1;1;1
202200018779;780 553;7;0;2;5;1;1
202200018780;780 546;7;0;2;8;22;2
202200018780;780 547;1;0;2;1;1;5
202200018781;780 548;7;0;2;4;1;1
202200018781;780 550;7;0;2;4;1;1
202200018781;780 552;7;0;2;1;1;1
202200018782;780 544;7;0;2;4;2;1
202200018782;780 545;7;0;2;4;2;1
202200018782;780 549;10;0;2;1;2;1
202200018783;780 542;50;0;2;7;1;3
202200018783;780 543;7;0;2;1;16;0
202200018784;780 540;30;0;1;1;1;1
202200018785;780 539;10;0;9;3;22;1
202200018785;780 541;1;1;0;1;1;5
202200018786;780 537;1;0;2;4;17;5
202200018786;780 538;30;0;2;0;1;0
202200018787;780 535;7;0;2;1;5;1
202200018787;780 536;43;0;2;1;2;1
202200018788;780 534;30;1;0;1;14;1
202200018789;780 533;31;0;1;3;1;1
202200018790;780 531;7;0;2;2;1;0
202200018790;780 532;32;0;2;7;1;0
202200018791;780 529;1;0;2;0;18;5
202200018791;780 530;7;0;2;5;1;2
202200018792;780 528;7;0;0;0;0;1
202200018793;780 525;1;8;0;0;0;5
202200018794;780 524;33;0;2;7;15;1
202200018794;780 526;31;0;2;1;1;1
202200018795;780 520;60;1;2;2;1;5
202200018795;780 522;1;1;2;1;1;5
202200018796;780 523;7;0;2;3;23;1
202200018796;780 527;7;0;2;3;15;1
202200018797;780 519;1;0;2;1;19;5
202200018797;780 521;7;0;2;1;1;3
202200018798;780 517;1;1;0;1;1;5
202200018798;780 518;7;1;0;5;22;1
202200018799;780 515;43;0;1;1;1;1
202200018800;780 514;7;0;1;2;1;1
202200018801;780 511;80;0;1;3;1;3
202200018802;780 513;10;0;2;8;15;1
202200018802;780 516;37;0;2;2;7;1
202200018803;780 510;10;0;0;6;1;1
202200018803;780 512;33;0;2;2;17;1
202200018804;780 509;1;0;0;0;1;5
202200018805;780 506;7;0;0;3;1;1
202200018805;780 508;7;0;2;1;19;1
202200018806;780 505;15;0;2;7;14;1
202200018806;780 507;1;0;2;3;18;5
202200018807;780 504;7;0;1;7;0;3
202200018808;780 501;1;1;2;1;5;5
202200018808;780 502;7;0;2;2;1;1
202200018809;780 498;7;0;2;1;13;1
202200018809;780 500;7;0;2;1;1;1
202200018809;780 503;7;0;2;7;1;1
202200018810;780 497;7;0;2;3;0;1
202200018810;780 499;32;0;2;0;0;1
202200018811;780 493;33;0;2;1;1;1
202200018811;780 495;10;0;2;3;9;1
202200018812;780 492;7;0;2;7;12;0
202200018812;780 494;32;0;2;8;2;0
202200018813;780 488;7;0;2;2;16;1
202200018813;780 489;7;0;2;3;1;2
202200018814;780 487;7;0;2;1;2;1
202200018814;780 490;7;3;2;4;11;1
202200018815;780 486;30;8;0;1;18;1
202200018816;780 481;7;0;2;2;1;1
202200018816;780 483;7;0;2;6;0;1
202200018817;780 480;7;0;2;1;2;0
202200018817;780 482;7;0;2;4;2;1
202200018817;780 484;7;0;2;4;2;3
202200018817;780 485;7;0;2;6;2;1
202200018818;780 476;10;0;2;8;9;1
202200018818;780 478;1;0;2;7;21;5
202200018819;780 474;7;1;2;1;15;1
202200018819;780 477;33;1;2;1;1;1
202200018820;780 475;1;0;2;7;1;5
202200018820;780 479;7;0;2;1;16;1
202200018821;780 472;7;0;2;3;11;1
202200018821;780 473;7;0;2;2;1;1
202200018822;780 471;7;3;0;8;17;1
202200018823;780 468;7;0;2;4;23;1
202200018823;780 470;7;0;2;1;2;1
202200018824;780 463;7;0;2;4;23;1
202200018824;780 465;2;1;0;1;2;1
202200018825;780 464;34;0;2;1;2;1
202200018825;780 466;7;0;0;6;2;1
202200018826;780 457;1;0;2;3;13;5
202200018826;780 460;33;0;2;1;0;1
202200018827;780 458;1;0;2;7;1;5
202200018827;780 461;7;0;2;3;9;1
202200018828;780 452;7;0;2;3;10;1
202200018828;780 455;1;0;2;1;1;5
202200018829;780 451;7;0;2;3;1;0
202200018829;780 453;34;0;2;1;1;1
202200018830;780 448;7;2;0;1;1;1
202200018831;780 450;7;0;2;1;2;3
202200018831;780 454;7;0;2;4;2;1
202200018831;780 456;7;0;2;6;2;1
202200018831;780 459;7;9;2;5;0;1
202200018831;780 462;7;0;2;4;2;1
202200018831;780 467;7;0;2;4;2;1
202200018832;780 444;7;0;2;8;23;1
202200018832;780 446;7;0;0;0;23;1
202200018832;780 447;7;0;2;7;23;1
202200018832;780 449;7;0;2;1;2;1
202200018833;780 443;7;0;2;1;1;2
202200018833;780 445;7;0;2;1;1;1
202200018834;780 441;7;9;0;2;1;1
202200018835;780 439;34;0;2;2;10;1
202200018835;780 442;7;0;2;0;0;
202200018836;780 438;7;13;0;3;0;1
202200018837;780 435;0;0;2;2;19;0
202200018837;780 437;7;0;2;3;15;0
202200018838;780 434;7;13;0;0;9;1
202200018839;780 436;7;0;2;1;19;0
202200018839;780 440;7;0;2;6;19;1
202200018840;780 431;10;0;2;8;26;1
202200018840;780 432;7;0;0;7;2;1
202200018841;780 430;7;0;2;3;15;2
202200018841;780 433;7;0;2;3;1;1
202200018842;780 429;33;16;0;0;13;1
202200018843;780 427;7;0;2;3;15;1
202200018843;780 428;32;0;2;1;1;1
202200018844;780 425;7;0;1;1;1;1
202200018845;780 422;2;0;2;1;1;1
202200018845;780 423;7;0;2;3;15;1
202200018846;780 421;33;0;2;6;1;1
202200018846;780 424;7;0;2;3;1;1
202200018846;780 426;7;0;2;3;13;1
202200018847;780 418;7;0;2;2;2;1
202200018847;780 420;2;0;2;4;1;1
202200018848;780 419;7;0;1;1;20;1
202200018849;780 413;7;0;2;8;9;1
202200018849;780 416;2;0;2;1;9;3
202200018850;780 412;10;0;2;8;1;1
202200018850;780 415;1;0;2;1;1;5
202200018851;780 414;7;0;2;1;1;1
202200018851;780 417;7;0;2;1;13;1
202200018852;780 409;7;0;2;1;15;1
202200018852;780 411;33;0;2;1;0;1
202200018853;780 407;7;0;1;1;1;1
202200018854;780 406;30;0;2;1;1;1
202200018854;780 410;7;0;2;7;1;1
202200018855;780 404;7;15;0;6;13;1
202200018856;780 403;1;0;2;0;0;5
202200018856;780 405;7;0;2;1;9;1
202200018857;780 402;10;0;2;1;2;1
202200018857;780 408;7;0;2;4;2;1
202200018858;780 400;1;0;2;3;1;5
202200018858;780 401;7;0;9;3;15;1
202200018859;780 399;33;13;0;2;26;1
202200018860;780 397;7;0;2;3;2;0
202200018860;780 398;33;0;2;1;17;1
202200018861;780 395;1;0;1;1;1;5
202200018862;780 389;10;0;2;3;2;1
202200018862;780 391;33;0;0;4;1;1
202200018862;780 393;33;0;0;4;1;1
202200018862;780 394;34;0;0;4;1;1
202200018863;780 390;7;0;2;1;16;1
202200018863;780 392;1;0;2;1;5;5
202200018864;780 388;2;0;2;1;2;1
202200018864;780 396;7;0;2;2;1;1
202200018865;780 385;7;0;2;3;1;1
202200018865;780 387;7;0;2;3;13;1
202200018866;780 384;7;0;2;6;15;1
202200018866;780 386;31;0;2;6;1;1
202200018867;780 382;33;0;6;1;19;1
202200018868;780 381;7;0;1;4;20;1
202200018869;780 378;7;0;9;3;2;1
202200018869;780 379;1;0;0;7;1;5
202200018870;780 376;7;0;2;3;1;1
202200018870;780 383;7;0;2;7;1;1
202200018871;780 374;7;1;0;6;1;1
202200018871;780 377;33;1;2;2;1;1
202200018872;780 370;50;9;2;1;1;3
202200018872;780 371;7;9;2;5;15;1
202200018873;780 369;7;6;2;1;1;1
202200018873;780 373;30;0;2;7;15;1
202200018874;780 372;7;0;1;1;1;1
202200018875;780 368;7;17;0;2;14;1
202200018876;780 367;36;12;0;8;0;1
202200018877;780 365;7;6;0;3;1;1
202200018878;780 363;10;6;0;1;1;1
202200018879;780 362;7;4;0;4;23;1
202200018879;780 366;7;0;2;3;14;1
202200018880;780 359;7;0;2;1;1;1
202200018880;780 360;7;0;2;1;13;1
202200018881;780 358;7;0;1;2;1;2
202200018882;780 361;10;0;2;2;1;1
202200018882;780 364;30;0;2;5;1;1
202200018883;780 356;33;0;2;1;13;1
202200018883;780 357;10;0;2;3;1;1
202200018884;780 354;34;11;0;1;17;1
202200018885;780 355;33;6;0;1;15;1
202200018886;780 352;7;0;0;1;1;1
202200018887;780 349;10;0;2;3;13;1
202200018887;780 351;7;0;2;8;1;1
202200018888;780 348;10;0;2;3;13;1
202200018888;780 350;7;0;2;8;1;1
202200018889;780 344;7;0;2;2;1;1
202200018889;780 346;1;0;2;8;9;5
202200018890;780 343;7;0;2;1;1;1
202200018890;780 345;7;0;0;1;13;1
202200018891;780 341;33;0;6;1;1;1
202200018892;780 340;7;7;0;0;1;1
202200018893;780 342;7;0;2;4;2;1
202200018893;780 347;7;0;2;4;2;1
202200018893;780 353;7;0;2;1;2;1
202200018894;780 336;2;0;0;7;16;1
202200018895;780 335;15;0;2;3;11;1
202200018895;780 337;7;0;2;2;1;1
202200018895;780 338;7;0;2;3;2;1
202200018895;780 339;7;0;2;3;1;1
202200018896;780 333;7;0;1;2;0;1
202200018897;780 334;7;0;1;1;1;2
202200018898;780 332;2;0;0;9;1;1
202200018899;780 330;7;0;0;3;1;1
202200018899;780 331;2;0;2;3;1;1
202200018900;780 327;33;0;2;1;13;1
202200018900;780 329;7;0;2;1;23;1
202200018901;780 326;13;17;0;2;1;0
202200018902;780 325;7;0;2;1;5;1
202200018902;780 328;2;0;2;1;1;1
202200018903;780 323;2;0;0;7;1;1
202200018904;780 322;7;0;2;4;2;1
202200018904;780 324;7;0;2;1;2;1
202200018905;780 321;7;16;0;0;1;1
202200018906;780 319;7;14;0;1;2;2
202200018907;780 320;30;0;0;7;9;1
202200018908;780 315;7;0;2;1;9;1
202200018908;780 318;33;0;2;7;1;0
202200018909;780 313;7;2;0;9;1;1
202200018910;780 308;7;0;9;1;1;1
202200018910;780 311;1;0;2;1;19;5
202200018911;780 309;7;0;2;1;1;1
202200018911;780 312;10;0;2;4;23;1
202200018911;780 314;7;0;2;5;23;1
202200018911;780 316;7;0;2;5;23;1
202200018911;780 317;7;0;2;4;23;1
202200018912;780 305;33;0;2;2;17;1
202200018912;780 307;7;0;2;3;15;1
202200018913;780 304;7;0;2;5;14;1
202200018913;780 306;34;0;2;3;3;1
202200018914;780 302;7;0;2;1;13;1
202200018914;780 303;7;0;2;1;1;1
202200018915;780 298;15;0;2;2;1;1
202200018915;780 300;7;0;2;8;0;1
202200018916;780 299;15;0;2;1;1;1
202200018916;780 301;7;6;2;5;13;1
202200018917;780 296;7;3;0;2;0;1
202200018918;780 295;7;0;0;2;1;1
202200018919;780 297;37;0;2;1;1;6
202200018919;780 310;7;0;2;8;10;1
202200018920;780 293;7;15;2;1;1;1
202200018920;780 294;7;0;2;4;1;1
202200018921;780 292;7;0;1;2;16;1
202200018922;780 289;7;0;2;3;11;1
202200018922;780 291;15;0;2;1;1;1
202200018923;780 287;7;0;2;3;1;1
202200018923;780 288;7;0;0;6;1;1
202200018924;780 284;7;0;2;4;2;1
202200018924;780 286;10;0;2;1;2;1
202200018925;780 283;33;3;0;1;1;1
202200018926;780 285;7;0;2;1;13;1
202200018926;780 290;7;0;2;1;1;1
202200018927;780 281;7;0;2;2;1;1
202200018927;780 282;38;0;2;3;2;1
202200018928;780 277;7;0;2;6;1;1
202200018928;780 278;7;4;2;9;26;1
202200018929;780 275;7;13;0;0;13;1
202200018930;780 273;10;0;2;5;1;1
202200018930;780 274;7;0;2;1;13;1
202200018931;780 271;7;0;2;8;1;1
202200018931;780 272;30;0;2;7;17;1
202200018932;780 265;7;7;2;6;19;1
202200018932;780 267;10;0;2;3;1;1
202200018933;780 270;32;0;2;3;1;1
202200018933;780 276;7;0;2;3;15;1
202200018934;780 264;7;0;2;1;9;1
202200018934;780 266;33;0;2;1;1;1
202200018934;780 268;33;0;2;1;1;1
202200018934;780 269;33;0;2;1;1;1
202200018935;780 263;7;2;0;8;1;1
202200018936;780 261;7;6;2;1;0;1
202200018936;780 262;7;6;2;2;1;1
202200018937;780 259;7;12;0;1;1;1
202200018938;780 258;7;0;2;2;17;1
202200018938;780 260;7;0;0;6;21;1
202200018939;780 256;30;0;1;1;2;1
202200018940;780 257;33;0;0;0;1;1
202200018941;780 254;7;0;1;1;1;1
202200018942;780 253;7;5;2;7;15;2
202200018942;780 255;7;0;2;1;1;1
202200018943;780 251;7;0;1;1;1;1
202200018944;780 249;7;0;2;4;2;1
202200018944;780 250;33;0;2;7;2;1
202200018944;780 252;7;0;2;8;11;1
202200018945;780 248;7;0;2;1;1;1
202200018946;780 246;33;0;2;1;1;1
202200018946;780 247;7;0;2;6;17;1
202200018947;780 244;37;6;0;1;16;1
202200018948;780 242;7;0;2;4;2;1
202200018948;780 245;33;0;2;1;1;1
202200018949;780 241;7;0;2;8;1;3
202200018949;780 243;7;0;2;2;1;1
202200018950;780 237;7;8;0;1;15;1
202200018951;780 238;99;0;2;8;18;0
202200018951;780 240;7;13;2;1;12;1
202200018952;780 233;7;0;2;2;0;1
202200018952;780 236;7;0;2;8;0;1
202200018952;780 239;7;14;2;1;0;1
202200018953;780 234;7;0;2;3;1;1
202200018953;780 235;7;0;2;1;13;1
202200018954;780 230;7;0;0;5;1;0
202200018954;780 232;30;0;0;0;0;0
202200018955;780 229;7;0;2;1;19;1
202200018955;780 231;32;0;2;7;1;1
202200018956;780 227;7;0;1;0;1;1
202200018957;780 225;10;0;2;1;2;1
202200018957;780 228;17;0;2;4;1;1
202200018958;780 224;33;0;2;2;1;1
202200018958;780 226;7;0;2;1;15;2
202200018959;780 222;7;0;1;3;1;1
202200018960;780 221;1;0;0;1;0;5
202200018960;780 223;7;0;0;1;1;1
202200018961;780 216;31;0;2;1;1;1
202200018961;780 219;7;0;2;2;1;1
202200018962;780 218;7;0;2;1;1;1
202200018962;780 220;7;0;2;4;1;1
202200018963;780 214;7;0;2;1;15;1
202200018963;780 217;7;0;2;1;1;1
202200018964;780 213;7;6;2;2;17;1
202200018964;780 215;7;0;2;8;13;1
202200018965;780 211;7;0;1;2;0;0
202200018966;780 210;7;0;2;0;0;0
202200018966;780 212;33;0;2;8;1;1
202200018967;780 207;7;0;0;3;1;1
202200018968;780 208;7;0;2;1;9;1
202200018968;780 209;1;0;2;1;9;5
202200018969;780 205;7;6;0;1;25;1
202200018970;780 204;7;11;0;0;1;1
202200018971;780 202;34;0;2;1;5;1
202200018971;780 206;7;0;2;1;11;1
202200018972;780 200;7;13;0;3;13;1
202200018973;780 201;1;0;2;1;1;5
202200018973;780 203;7;0;2;0;26;1
202200018974;780 199;7;6;0;2;1;0
202200018975;780 197;7;0;2;1;1;1
202200018975;780 198;7;0;2;1;1;1
202200018976;780 193;7;0;2;1;15;1
202200018976;780 196;2;0;2;7;3;1
202200018977;780 194;10;0;2;4;1;1
202200018977;780 195;7;0;2;1;1;1
202200018978;780 190;7;2;0;1;14;1
202200018979;780 186;1;0;2;7;1;5
202200018979;780 188;7;0;2;1;9;1
202200018980;780 187;7;0;2;2;10;1
202200018980;780 189;30;0;2;1;1;1
202200018981;780 184;33;0;0;9;1;1
202200018982;780 183;99;0;2;1;1;1
202200018982;780 185;31;0;2;1;1;1
202200018983;780 181;7;0;0;1;26;1
202200018984;780 180;7;0;2;4;2;1
202200018984;780 182;10;0;2;1;1;1
202200018985;780 177;1;1;0;1;2;5
202200018985;780 179;15;0;0;4;23;1
202200018986;780 172;7;0;2;2;17;0
202200018986;780 176;60;0;2;1;1;5
202200018987;780 169;10;0;2;3;1;1
202200018987;780 171;7;0;2;3;1;1
202200018987;780 174;7;0;2;3;1;1
202200018988;780 167;10;0;2;1;2;1
202200018988;780 168;7;0;2;4;2;1
202200018988;780 173;10;0;2;6;2;1
202200018989;780 165;7;0;2;1;1;1
202200018989;780 166;7;0;0;4;1;1
202200018990;780 170;7;0;2;1;1;1
202200018990;780 175;7;0;2;2;1;1
202200018991;780 163;7;0;2;1;1;1
202200018991;780 164;7;0;2;4;1;1
202200018992;780 156;10;0;2;3;1;1
202200018992;780 158;7;0;2;1;1;1
202200018993;780 157;7;0;2;1;1;1
202200018993;780 159;7;0;2;1;1;1
202200018993;780 161;7;0;0;4;23;1
202200018994;780 160;7;0;2;1;15;1
202200018994;780 162;33;0;2;0;0;1
202200018995;780 154;7;0;1;2;26;1
202200018996;780 153;7;0;2;5;12;1
202200018996;780 155;33;0;2;2;1;1
202200018997;780 148;7;0;0;0;1;1
202200018997;780 150;7;0;2;1;3;1
202200018998;780 152;30;15;0;2;1;1
202200018999;780 147;7;0;2;1;1;1
202200018999;780 149;7;0;2;1;1;1
202200018999;780 151;7;0;2;4;9;1
202200019000;780 146;33;0;0;0;1;1
202200019001;780 145;7;2;0;1;1;1
202200019002;780 139;14;0;2;2;11;1
202200019002;780 141;33;0;2;6;1;1
202200019002;780 143;33;0;2;7;1;1
202200019003;780 137;10;0;1;0;1;1
202200019004;780 136;7;0;2;1;2;1
202200019004;780 138;10;0;2;1;2;1
202200019004;780 140;7;0;2;4;0;1
202200019005;780 142;7;14;0;2;5;0
202200019005;780 144;7;0;0;5;23;1
202200019006;780 133;10;3;0;3;0;1
202200019007;780 132;7;0;0;0;0;0
202200019007;780 135;7;0;2;3;26;1
202200019008;780 134;33;1;0;1;1;1
202200019009;780 131;33;0;0;3;1;1
202200019010;780 129;7;0;1;1;1;1
202200019011;780 128;7;0;2;4;1;2
202200019011;780 130;33;0;2;1;1;1
202200019012;780 126;1;0;0;0;2;5
202200019013;780 124;7;0;2;1;5;0
202200019013;780 127;10;0;2;1;1;0
202200019014;780 125;7;0;1;3;1;1
202200019015;780 123;2;0;0;0;0;1
202200019016;780 122;1;0;2;1;1;5
202200019017;780 120;7;0;2;8;9;1
202200019017;780 121;34;0;2;7;3;1
202200019018;780 118;10;0;2;6;1;1
202200019018;780 119;2;0;2;1;13;1
202200019019;780 117;7;0;1;3;15;1
202200019020;780 115;7;0;1;1;0;1
202200019021;780 114;7;4;2;6;0;1
202200019021;780 116;7;0;2;2;12;1
202200019022;780 113;10;1;0;4;24;1
202200019023;780 112;7;0;1;5;1;1
202200019024;780 109;10;2;0;8;14;1
202200019025;780 107;33;3;2;7;3;1
202200019025;780 108;7;3;2;8;11;1
202200019025;780 111;7;3;2;6;1;1
202200019026;780 106;7;0;2;1;2;1
202200019026;780 110;7;0;2;4;2;1
202200019027;780 104;7;0;2;4;2;2
202200019027;780 105;7;0;2;1;2;1
202200019028;780 103;7;3;0;9;12;1
202200019029;780 100;32;0;2;2;3;1
202200019029;780 102;7;0;2;6;11;1
202200019030;780 101;7;0;1;1;16;1
202200019031;780 097;7;0;2;1;12;1
202200019031;780 098;7;0;2;6;1;1
202200019032;780 099;33;0;0;9;1;1
202200019033;780 094;7;3;0;1;14;2
202200019034;780 093;7;0;2;1;2;1
202200019034;780 095;7;0;2;4;23;1
202200019035;780 092;31;0;2;1;1;1
202200019035;780 096;7;0;2;6;15;1
202200019036;780 089;7;0;2;5;15;1
202200019036;780 091;7;0;2;1;1;1
202200019037;780 088;7;0;2;4;23;1
202200019037;780 090;7;0;2;2;1;1
202200019038;780 085;1;0;2;1;1;5
202200019038;780 086;30;0;2;2;16;1
202200019039;780 087;7;12;0;8;2;1
202200019040;780 083;10;0;2;1;15;1
202200019040;780 084;32;0;2;1;1;1
202200019041;780 081;1;0;0;0;1;5
202200019042;780 076;7;0;2;2;12;1
202200019042;780 079;7;0;2;3;1;1
202200019042;780 082;7;0;2;3;1;1
202200019043;780 077;10;0;2;4;2;1
202200019043;780 078;1;0;9;1;2;5
202200019044;780 080;33;15;9;1;0;1
202200019045;780 072;34;0;1;8;1;1
202200019046;780 073;7;0;2;1;2;1
202200019046;780 075;7;0;2;4;2;1
202200019047;780 074;10;13;0;9;14;1
202200019048;780 070;1;0;2;2;1;5
202200019048;780 071;7;0;2;8;22;0
202200019049;780 069;33;8;0;0;1;1
202200019050;780 066;7;0;1;1;1;1
202200019051;780 065;7;0;1;1;1;2
202200019052;780 064;7;0;1;2;1;1
202200019053;780 063;7;1;0;2;14;1
202200019054;780 061;7;8;0;1;13;1
202200019055;780 059;7;0;1;1;26;1
202200019056;780 060;10;0;9;3;19;1
202200019056;780 062;1;0;2;1;1;5
202200019057;780 058;80;12;0;8;14;3
202200019058;780 056;7;0;1;7;2;1
202200019059;780 054;10;0;2;5;12;1
202200019059;780 055;31;0;2;8;1;1
202200019060;780 051;7;0;2;7;15;1
202200019060;780 052;7;0;2;1;2;1
202200019061;780 049;30;0;2;1;17;3
202200019061;780 050;7;0;2;3;9;1
202200019062;780 053;7;0;0;4;23;1
202200019062;780 057;7;0;2;1;1;1
202200019063;780 048;7;2;0;1;0;1
202200019064;780 046;7;0;2;2;1;1
202200019064;780 047;43;0;2;1;1;1
202200019065;780 045;7;0;1;7;26;1
202200019066;780 044;7;0;1;1;1;1
202200019067;780 043;34;0;1;2;1;1
202200019068;780 040;30;0;1;7;1;1
202200019069;780 039;33;8;2;1;2;1
202200019069;780 042;10;0;2;3;15;1
202200019070;780 037;32;0;2;2;17;1
202200019070;780 038;7;0;2;8;15;0
202200019071;780 035;31;0;2;1;9;1
202200019071;780 036;10;0;2;3;1;1
202200019072;780 034;7;2;0;3;1;1
202200019073;780 032;1;0;2;4;1;5
202200019073;780 033;80;0;2;6;11;3
202200019074;780 028;1;0;2;6;15;5
202200019074;780 031;34;0;2;1;1;3
202200019075;780 027;7;0;2;2;1;1
202200019075;780 030;1;0;2;1;1;5
202200019076;780 029;43;12;1;3;21;1
202200019077;780 025;43;0;2;5;15;1
202200019077;780 026;7;0;2;1;26;1
202200019078;780 022;1;0;2;1;1;5
202200019078;780 024;14;0;2;8;15;6
202200019079;780 021;7;0;2;3;1;1
202200019079;780 023;7;16;2;5;15;1
202200019080;780 019;7;0;2;4;15;1
202200019080;780 020;31;0;2;1;2;1
202200019081;780 017;7;0;2;3;1;1
202200019081;780 018;7;0;2;2;7;1
202200019082;780 015;10;1;2;8;20;1
202200019082;780 016;7;0;2;7;1;1
202200019083;780 013;7;0;1;1;15;2
202200019084;780 012;7;0;2;4;2;1