Num_Acc;id_vehicule;categorie_vehicule;obstacle_fixe;obstacle_mobile;point_choc_initial;manoeuvre_principale;motorisation
202200019084;780 014;7;0;2;1;1;1
202200019085;780 010;7;0;2;1;1;1
202200019085;780 011;30;0;2;7;1;1
202200019086;780 006;7;0;2;4;23;1
202200019086;780 009;7;0;2;1;1;1
202200019087;780 005;7;7;2;6;1;2
202200019087;780 007;7;8;2;3;1;1
202200019088;780 003;7;0;1;1;26;1
202200019089;780 004;7;0;1;0;1;0
202200019090;779 999;30;12;0;3;17;3
202200019091;780 001;7;0;2;4;2;1
202200019091;780 002;7;0;2;4;2;1
202200019091;780 008;7;0;2;4;2;1
202200019092;779 998;50;0;2;0;0;3
202200019092;780 000;7;0;2;0;0;1
202200019093;779 995;1;0;2;4;1;5
202200019093;779 997;7;0;2;2;16;0
202200019094;779 992;30;0;0;8;1;1
202200019094;779 994;10;0;0;0;11;1
202200019095;779 990;7;0;2;2;13;2
202200019095;779 991;30;0;2;1;1;3
202200019096;779 993;17;0;0;4;1;1
202200019096;779 996;7;4;2;2;17;1
202200019097;779 986;32;1;0;2;18;1
202200019097;779 988;7;0;2;0;22;1
202200019098;779 985;7;0;1;3;1;1
202200019099;779 984;7;0;2;1;0;0
202200019099;779 987;7;0;2;1;13;1
202200019100;779 982;10;0;2;1;15;1
202200019100;779 983;50;0;2;2;1;3
202200019101;779 980;50;0;2;7;1;3
202200019101;779 981;7;0;9;1;9;0
202200019102;779 978;7;0;2;5;22;2
202200019102;779 979;1;1;0;1;1;5
202200019103;779 976;7;1;0;2;26;1
202200019104;779 975;10;0;1;3;1;1
202200019105;779 977;7;17;0;2;1;2
202200019106;779 974;7;0;1;3;1;0
202200019107;779 973;7;0;1;2;0;1
202200019108;779 972;37;0;1;2;1;1
202200019109;779 971;10;12;0;2;15;1
202200019110;779 969;7;15;0;1;26;1
202200019111;779 968;7;0;2;3;19;1
202200019111;779 970;33;0;2;1;1;1
202200019112;779 964;10;1;0;8;24;1
202200019112;779 965;7;0;2;3;13;1
202200019113;779 963;32;0;2;7;12;1
202200019113;779 966;7;6;2;3;1;1
202200019114;779 962;7;2;0;2;1;1
202200019115;779 957;34;0;2;1;1;1
202200019115;779 959;7;0;2;5;10;1
202200019116;779 956;50;0;2;1;1;3
202200019116;779 958;7;0;2;8;15;2
202200019117;779 954;7;0;2;1;0;1
202200019117;779 955;10;0;2;0;26;1
202200019118;779 951;7;0;9;3;9;1
202200019118;779 953;1;0;2;1;1;5
202200019119;779 950;7;0;2;1;15;1
202200019119;779 952;32;0;2;1;1;3
202200019120;779 948;7;0;2;4;2;1
202200019120;779 949;7;0;2;1;2;1
202200019121;779 944;7;0;1;1;15;1
202200019122;779 943;7;0;2;4;1;1
202200019122;779 945;7;0;2;1;1;1
202200019123;779 942;7;0;1;0;16;0
202200019124;779 941;33;0;1;2;1;1
202200019125;779 940;7;0;1;1;2;1
202200019126;779 939;7;0;1;2;1;1
202200019127;779 938;7;0;1;1;15;1
202200019128;779 937;7;0;1;1;17;1
202200019129;779 934;7;0;2;4;26;1
202200019129;779 935;7;16;0;0;0;1
202200019130;779 933;30;0;0;4;23;1
202200019130;779 936;10;0;2;1;11;1
202200019131;779 930;1;0;2;5;1;5
202200019131;779 932;7;0;2;1;9;1
202200019132;779 929;50;0;2;1;19;3
202200019132;779 931;7;0;2;1;1;1
202200019133;779 925;7;0;2;2;1;1
202200019133;779 926;10;0;2;8;26;1
202200019134;779 923;10;0;2;2;5;0
202200019134;779 924;7;0;2;3;1;1
202200019134;779 927;7;0;2;1;5;1
202200019134;779 928;7;0;2;6;1;1
202200019135;779 921;7;0;2;1;1;1
202200019135;779 922;7;0;2;7;1;1
202200019136;779 919;7;0;2;1;0;1
202200019136;779 920;7;0;2;4;2;1
202200019137;779 917;7;1;0;2;0;1
202200019138;779 918;7;0;1;1;16;1
202200019139;779 915;7;0;1;0;1;2
202200019140;779 913;7;0;2;3;1;1
202200019140;779 914;7;0;2;6;16;1
202200019140;779 916;7;0;2;2;1;1
202200019141;779 911;1;1;0;1;1;5
202200019141;779 912;10;0;2;1;20;1
202200019142;779 909;7;0;1;4;20;1
202200019143;779 908;1;0;2;7;1;5
202200019143;779 910;38;0;2;1;9;1
202200019144;779 906;50;0;2;1;1;3
202200019144;779 907;7;0;2;3;20;1
202200019145;779 904;7;0;2;7;1;1
202200019145;779 905;1;0;2;1;1;5
202200019146;779 902;7;0;1;1;1;1
202200019147;779 901;7;0;2;2;15;1
202200019147;779 903;32;0;2;1;1;1
202200019148;779 898;1;0;2;5;1;5
202200019148;779 900;7;0;2;2;1;1
202200019149;779 897;7;0;2;3;1;2
202200019149;779 899;7;0;2;2;1;1
202200019150;779 895;2;0;0;0;21;1
202200019151;779 894;7;0;2;7;26;1
202200019151;779 896;10;0;2;3;1;1
202200019152;779 891;7;0;2;1;1;1
202200019152;779 892;7;0;2;4;17;1
202200019153;779 890;14;0;2;3;1;1
202200019153;779 893;7;4;2;2;1;1
202200019154;779 889;30;0;0;7;1;1
202200019155;779 887;7;0;2;3;1;2
202200019155;779 888;7;0;2;7;1;1
202200019156;779 886;10;0;1;2;1;1
202200019157;779 885;50;0;0;3;26;3
202200019158;779 883;2;0;2;7;0;0
202200019158;779 884;7;0;2;1;9;1
202200019159;779 881;7;0;2;3;1;1
202200019159;779 882;7;0;2;1;1;1
202200019160;779 879;34;0;0;3;1;1
202200019161;779 876;7;0;2;8;1;1
202200019161;779 878;7;0;2;9;1;1
202200019161;779 880;7;0;2;1;17;1
202200019162;779 875;7;0;2;7;1;1
202200019162;779 877;10;0;0;6;15;1
202200019163;779 873;7;0;1;1;1;2
202200019164;779 874;33;0;9;0;1;1
202200019165;779 872;31;0;1;1;1;3
202200019166;779 870;31;0;2;1;0;1
202200019166;779 871;7;0;2;1;10;1
202200019167;779 868;7;0;2;0;15;1
202200019167;779 869;7;0;2;0;1;1
202200019168;779 866;7;0;1;3;26;1
202200019169;779 863;7;0;1;1;1;2
202200019170;779 864;33;0;2;1;17;1
202200019170;779 865;7;0;2;3;1;1
202200019170;779 867;7;0;2;8;1;1
202200019171;779 862;7;0;1;1;1;1
202200019172;779 859;7;0;2;1;16;1
202200019172;779 860;33;0;2;4;16;1
202200019173;779 858;32;0;2;0;1;1
202200019173;779 861;7;0;2;0;15;1
202200019174;779 856;7;0;2;8;10;1
202200019174;779 857;7;0;2;2;1;1
202200019175;779 855;7;0;1;2;1;1
202200019176;779 851;7;0;2;1;1;1
202200019176;779 853;7;0;2;3;1;1
202200019177;779 852;31;0;2;4;23;1
202200019177;779 854;7;0;2;3;1;1
202200019178;779 848;31;0;2;2;3;1
202200019178;779 849;7;0;2;8;11;1
202200019179;779 845;7;0;2;3;15;1
202200019179;779 846;32;0;2;2;2;1
202200019180;779 847;2;0;2;1;0;1
202200019180;779 850;7;0;2;1;5;1
202200019181;779 842;7;0;2;2;9;1
202200019181;779 844;50;0;2;1;1;3
202200019182;779 841;33;0;2;1;1;1
202200019182;779 843;10;0;2;3;19;1
202200019183;779 839;7;0;2;3;5;0
202200019183;779 840;33;0;2;8;1;1
202200019184;779 836;7;0;2;0;0;0
202200019184;779 837;7;0;2;7;1;1
202200019184;779 838;7;0;2;5;1;1
202200019185;779 833;1;0;1;0;17;5
202200019186;779 830;7;0;2;6;1;2
202200019186;779 832;7;0;2;3;5;1
202200019187;779 831;7;0;2;8;1;1
202200019187;779 834;2;0;2;1;2;1
202200019187;779 835;7;0;2;8;22;1
202200019188;779 829;7;6;0;2;21;1
202200019189;779 828;7;11;0;1;1;1
202200019190;779 826;15;13;0;8;1;1
202200019190;779 827;15;0;0;3;5;1
202200019191;779 822;7;0;2;7;19;1
202200019191;779 824;7;0;2;3;1;1
202200019192;779 823;7;0;2;1;1;1
202200019192;779 825;7;0;2;2;15;1
202200019193;779 820;7;0;2;2;1;1
202200019193;779 821;7;0;2;3;26;1
202200019194;779 817;7;0;2;2;19;1
202200019194;779 819;2;0;2;8;0;1
202200019195;779 816;15;0;2;4;2;1
202200019195;779 818;7;0;2;1;2;1
202200019196;779 813;7;2;0;1;13;1
202200019197;779 814;7;0;2;2;26;1
202200019197;779 815;7;0;1;2;23;1
202200019198;779 810;7;2;0;1;0;0
202200019199;779 811;32;14;0;1;13;1
202200019200;779 809;7;0;1;7;1;1
202200019201;779 808;32;0;1;3;1;0
202200019202;779 807;7;17;0;1;1;1
202200019203;779 805;7;0;1;3;15;1
202200019204;779 804;7;0;2;2;5;1
202200019204;779 806;31;0;2;3;1;1
202200019205;779 803;2;0;0;0;1;1
202200019206;779 802;7;0;9;5;26;1
202200019207;779 800;7;4;2;1;0;1
202200019207;779 801;7;5;2;4;0;1
202200019208;779 799;7;0;1;1;26;1
202200019209;779 798;7;4;0;3;21;1
202200019210;779 796;32;0;2;3;1;1
202200019210;779 797;14;0;2;2;15;1
202200019211;779 793;2;0;0;7;17;1
202200019211;779 795;7;0;2;1;15;1
202200019212;779 792;43;0;2;1;2;1
202200019212;779 794;7;0;2;5;2;1
202200019213;779 790;7;14;0;2;0;1
202200019214;779 786;7;0;0;8;14;1
202200019215;779 787;0;0;2;0;1;0
202200019215;779 788;31;0;2;3;11;1
202200019216;779 785;7;0;2;3;15;1
202200019216;779 789;7;0;2;1;15;1
202200019216;779 791;7;0;2;1;1;1
202200019217;779 781;7;0;2;7;21;1
202200019217;779 784;7;0;2;2;13;1
202200019218;779 780;7;0;2;7;12;2
202200019218;779 783;32;0;2;8;3;1
202200019219;779 779;31;0;2;3;1;1
202200019219;779 782;7;0;2;5;1;1
202200019220;779 778;7;13;0;3;1;1
202200019221;779 775;33;12;0;1;21;1
202200019222;779 774;7;12;0;1;1;1
202200019223;779 771;7;0;2;6;1;2
202200019223;779 773;7;0;2;6;1;1
202200019223;779 776;33;0;2;8;3;1
202200019223;779 777;7;0;2;7;12;1
202200019224;779 770;33;0;2;8;13;1
202200019224;779 772;7;0;2;6;1;1
202200019225;779 768;14;0;2;6;1;1
202200019225;779 769;7;0;2;1;0;1
202200019226;779 767;10;0;1;1;1;1
202200019227;779 766;31;0;1;1;1;1
202200019228;779 765;7;13;0;1;15;3
202200019229;779 763;7;0;1;2;16;2
202200019230;779 761;2;0;2;6;1;1
202200019230;779 764;7;0;2;3;15;1
202200019231;779 757;7;13;0;3;13;1
202200019232;779 756;32;0;2;2;17;1
202200019232;779 758;7;0;2;3;20;1
202200019233;779 755;30;0;2;1;17;1
202200019233;779 759;7;0;2;1;15;1
202200019234;779 754;32;9;0;3;5;1
202200019235;779 752;17;2;0;1;14;1
202200019236;779 750;10;0;1;3;20;1
202200019237;779 751;30;0;2;1;1;1
202200019237;779 753;7;0;2;8;9;1
202200019238;779 749;7;3;0;1;1;1
202200019239;779 746;33;13;0;1;2;1
202200019240;779 745;7;0;2;8;11;1
202200019240;779 748;33;0;2;2;3;1
202200019241;779 744;7;0;2;3;10;1
202200019241;779 747;32;0;2;1;1;3
202200019242;779 738;7;0;2;0;9;1
202200019242;779 743;2;0;2;7;12;1
202200019243;779 740;30;0;2;3;15;1
202200019243;779 742;7;0;2;2;1;2
202200019244;779 739;7;0;2;4;2;1
202200019244;779 741;7;0;2;1;1;1
202200019245;779 737;10;16;0;1;1;1
202200019246;779 735;10;0;2;3;15;1
202200019246;779 736;1;0;2;1;7;5
202200019247;779 733;50;0;2;1;2;3
202200019247;779 734;7;0;2;4;23;1
202200019248;779 730;2;0;0;0;1;3
202200019248;779 732;7;0;0;0;20;1
202200019249;779 727;7;0;2;1;0;1
202200019249;779 729;15;0;2;1;1;1
202200019250;779 726;7;2;0;0;0;1
202200019251;779 724;10;2;0;3;0;1
202200019252;779 721;7;0;2;3;1;1
202200019252;779 722;7;0;2;3;17;1
202200019253;779 728;7;0;2;8;15;2
202200019253;779 731;32;0;2;2;17;1
202200019254;779 718;7;0;0;4;15;1
202200019254;779 719;7;0;2;4;23;2
202200019254;779 720;7;0;2;1;1;1
202200019255;779 716;17;0;2;1;1;1
202200019255;779 717;7;0;2;1;13;1
202200019256;779 723;7;0;2;0;9;1
202200019256;779 725;50;0;2;1;1;3
202200019257;779 713;7;0;2;3;15;1
202200019257;779 714;7;0;2;1;17;1
202200019258;779 711;7;0;2;1;1;1
202200019258;779 712;7;0;2;8;1;1
202200019259;779 715;7;0;1;1;9;1
202200019260;779 708;7;0;2;1;1;1
202200019260;779 709;7;0;2;1;5;1
202200019261;779 705;7;0;0;4;1;3
202200019261;779 706;7;0;2;1;1;1
202200019262;779 703;0;0;9;0;0;0
202200019262;779 704;1;0;2;0;0;5
202200019263;779 700;7;0;2;6;0;1
202200019263;779 701;7;0;2;1;1;1
202200019264;779 707;1;0;2;3;1;5
202200019264;779 710;7;0;2;1;15;1
202200019265;779 698;7;0;2;3;13;1
202200019265;779 702;1;0;2;1;17;5
202200019266;779 695;7;0;2;3;13;2
202200019266;779 697;7;0;2;3;1;1
202200019267;779 694;33;0;1;1;1;1
202200019268;779 692;7;0;2;1;1;1
202200019268;779 693;7;0;2;1;13;1
202200019269;779 689;7;0;2;2;1;1
202200019269;779 696;1;0;2;0;1;5
202200019270;779 690;31;0;0;0;1;1
202200019271;779 687;1;0;2;8;1;5
202200019271;779 688;7;0;2;2;17;1
202200019272;779 685;30;14;0;3;14;3
202200019273;779 686;7;0;2;1;10;1
202200019273;779 691;50;0;2;7;1;3
202200019274;779 682;1;0;2;3;1;5
202200019274;779 683;7;0;2;3;1;2
202200019275;779 681;7;0;2;2;1;1
202200019275;779 684;7;13;2;9;13;1
202200019276;779 680;1;0;1;1;1;5
202200019277;779 677;10;0;2;2;16;1
202200019277;779 679;1;0;2;3;1;5
202200019278;779 676;15;0;2;6;2;1
202200019278;779 678;7;3;2;2;11;1
202200019279;779 673;7;0;2;2;15;2
202200019279;779 675;10;0;2;1;1;0
202200019280;779 672;7;2;0;0;0;1
202200019281;779 671;7;0;2;2;9;2
202200019281;779 674;33;0;2;1;1;1
202200019282;779 670;7;16;0;9;1;1
202200019283;779 669;7;0;1;1;1;1
202200019284;779 667;10;0;2;3;15;1
202200019284;779 668;32;0;2;2;17;1
202200019285;779 666;15;0;0;8;1;1
202200019286;779 664;33;0;2;2;17;1
202200019286;779 665;7;0;2;2;15;1
202200019287;779 661;7;0;2;3;1;0
202200019287;779 663;7;0;2;3;26;1
202200019288;779 660;1;0;2;0;7;5
202200019288;779 662;30;0;2;0;8;0
202200019289;779 658;7;0;9;1;16;1
202200019289;779 659;50;0;2;1;1;3
202200019290;779 655;7;0;1;1;1;1
202200019291;779 653;7;0;2;3;2;1
202200019291;779 654;7;0;2;2;2;1
202200019291;779 656;13;0;2;4;23;1
202200019292;779 651;7;0;9;1;2;1
202200019292;779 652;1;0;2;0;0;5
202200019293;779 647;7;0;2;8;1;1
202200019293;779 649;30;0;2;1;1;1
202200019294;779 648;50;0;0;0;0;3
202200019295;779 650;7;0;2;1;1;1
202200019295;779 657;7;3;0;1;1;1
202200019296;779 646;1;0;0;0;1;5
202200019297;779 645;7;0;1;3;1;1
202200019298;779 643;7;0;1;4;26;1
202200019299;779 644;7;0;1;2;9;1
202200019300;779 641;10;0;2;1;2;1
202200019300;779 642;0;0;2;0;0;0
202200019301;779 638;32;0;2;1;2;1
202200019301;779 640;7;0;0;7;2;1
202200019302;779 637;7;6;0;1;0;1
202200019303;779 634;7;0;2;0;0;1
202200019303;779 636;7;0;2;0;0;1
202200019304;779 632;32;0;2;3;17;1
202200019304;779 633;1;0;2;3;15;5
202200019305;779 631;33;0;1;0;0;1
202200019306;779 635;7;0;2;1;13;1
202200019306;779 639;10;0;2;3;1;1
202200019307;779 630;7;0;1;1;1;1
202200019308;779 628;7;0;2;1;1;1
202200019308;779 629;7;0;2;4;1;1
202200019309;779 627;7;12;0;3;14;1
202200019310;779 624;7;1;0;1;2;1
202200019310;779 625;7;0;2;1;23;1
202200019310;779 626;7;0;2;4;23;1
202200019311;779 623;7;0;1;5;20;0
202200019312;779 621;30;0;2;0;0;0
202200019313;779 622;21;0;0;0;0;0
202200019314;779 617;30;12;2;0;18;1
202200019314;779 618;15;12;2;0;16;1
202200019315;779 619;32;0;2;3;1;1
202200019315;779 620;7;0;2;2;14;0
202200019316;779 614;7;0;2;3;15;1
202200019316;779 616;32;0;2;1;17;1
202200019317;779 613;10;0;2;7;16;1
202200019317;779 615;50;0;2;1;1;3
202200019318;779 611;7;0;1;2;1;1
202200019319;779 612;7;6;0;1;1;1
202200019320;779 607;14;0;2;1;2;1
202200019320;779 608;14;0;2;4;23;1
202200019320;779 610;14;0;2;4;23;1
202200019321;779 606;7;0;0;4;23;1
202200019321;779 609;7;0;2;1;2;1
202200019322;779 602;30;0;2;7;1;0
202200019322;779 604;10;0;2;2;15;0
202200019323;779 601;34;0;2;1;0;0
202200019323;779 603;7;0;2;1;15;1
202200019324;779 605;7;0;1;1;1;1
202200019325;779 597;7;0;2;4;2;1
202200019325;779 599;2;0;2;1;2;1
202200019326;779 596;1;0;2;7;15;5
202200019326;779 600;32;0;2;1;1;0
202200019327;779 595;7;0;2;3;13;1
202200019327;779 598;33;0;2;1;1;1
202200019328;779 593;7;14;1;3;1;1
202200019329;779 592;7;14;0;1;2;1
202200019330;779 591;1;0;2;2;1;5
202200019330;779 594;7;0;9;2;15;1
202200019331;779 585;30;0;2;6;9;1
202200019331;779 589;7;0;2;3;1;1
202200019332;779 587;7;3;0;3;1;1
202200019332;779 590;7;0;0;3;0;1
202200019333;779 582;7;0;2;7;17;0
202200019333;779 584;32;0;2;8;17;1
202200019334;779 580;7;13;2;9;1;1
202200019334;779 583;7;2;2;3;1;1
202200019335;779 579;7;0;2;3;13;1
202200019335;779 581;10;0;2;3;1;1
202200019336;779 576;7;0;1;1;0;0
202200019337;779 573;7;0;1;3;1;1
202200019338;779 570;10;0;2;1;13;1
202200019338;779 572;7;0;2;1;1;1
202200019339;779 571;7;0;2;1;17;1
202200019339;779 574;7;0;2;8;15;1
202200019340;779 568;2;13;0;2;1;1
202200019341;779 567;7;0;2;3;10;1
202200019341;779 569;33;0;2;1;15;1
202200019342;779 564;7;0;2;6;1;1
202200019342;779 566;7;0;2;1;15;0
202200019343;779 563;33;0;2;1;1;1
202200019343;779 565;7;0;2;3;13;1
202200019344;779 562;7;13;0;1;1;1
202200019345;779 560;7;0;2;1;15;3
202200019345;779 561;7;0;1;4;15;1
202200019346;779 556;10;6;0;1;1;1
202200019347;779 555;7;0;2;1;2;1
202200019347;779 557;7;0;2;4;2;1
202200019347;779 559;7;0;2;4;2;1
202200019348;779 554;7;0;0;0;1;1
202200019348;779 558;30;0;0;0;1;1
202200019349;779 552;7;7;0;1;1;1
202200019350;779 551;7;13;0;1;0;1
202200019351;779 550;7;0;2;3;1;1
202200019351;779 553;33;0;2;2;1;1
202200019352;779 549;7;0;1;2;1;1
202200019353;779 548;7;11;1;3;1;3
202200019354;779 546;7;0;2;2;5;2
202200019354;779 547;7;0;2;2;1;1
202200019355;779 545;10;2;0;3;0;1
202200019356;779 544;33;0;0;0;0;1
202200019357;779 543;7;0;0;0;1;1
202200019358;779 541;7;0;2;3;1;1
202200019358;779 542;7;0;2;1;19;0
202200019359;779 540;7;13;0;3;1;1
202200019360;779 537;7;0;2;1;9;1
202200019360;779 539;7;0;0;3;1;1
202200019361;779 538;7;8;0;1;13;1
202200019362;779 536;7;13;0;0;1;1
202200019363;779 532;33;0;0;5;1;1
202200019363;779 535;7;0;2;3;9;1
202200019364;779 531;2;0;2;1;1;1
202200019364;779 534;7;0;2;2;1;1
202200019365;779 530;15;0;2;7;1;1
202200019365;779 533;10;0;2;1;1;1
202200019366;779 528;7;6;0;7;1;1
202200019367;779 527;7;0;2;2;15;2
202200019367;779 529;7;0;2;3;1;1
202200019368;779 526;7;0;1;3;1;1
202200019369;779 523;2;0;2;3;15;1
202200019369;779 524;7;0;2;3;1;1
202200019370;779 522;7;0;2;3;1;1
202200019370;779 525;33;0;2;1;5;1
202200019371;779 521;7;8;0;8;2;1
202200019372;779 519;50;0;2;1;6;3
202200019372;779 520;7;0;2;7;15;1
202200019373;779 517;17;0;2;4;24;1
202200019373;779 518;80;1;0;1;1;3
202200019374;779 516;7;17;0;9;14;1
202200019375;779 513;7;0;2;3;15;1
202200019375;779 514;1;0;2;1;1;5
202200019376;779 511;7;0;0;6;2;3
202200019376;779 512;7;0;2;1;1;1
202200019376;779 515;7;0;2;1;6;1
202200019377;779 507;7;0;2;1;1;1
202200019377;779 509;7;0;2;1;16;1
202200019378;779 508;10;0;2;1;1;1
202200019378;779 510;7;0;2;8;15;1
202200019379;779 506;7;13;0;3;1;1
202200019380;779 505;1;7;0;0;14;5
202200019381;779 504;7;7;0;8;1;1
202200019382;779 502;15;0;2;2;1;1
202200019382;779 503;7;0;2;1;13;1
202200019383;779 499;1;0;2;2;0;5
202200019383;779 500;7;0;9;2;0;1
202200019384;779 498;7;0;2;1;1;1
202200019384;779 501;33;0;2;4;1;1
202200019385;779 495;1;0;0;4;2;5
202200019385;779 496;33;0;9;1;2;1
202200019386;779 492;2;0;2;1;16;1
202200019386;779 494;7;0;2;1;1;1
202200019387;779 491;7;0;2;9;13;1
202200019387;779 493;7;0;2;9;1;1
202200019387;779 497;7;0;2;1;1;1
202200019388;779 488;7;1;2;2;17;2
202200019388;779 490;21;0;2;3;15;1
202200019389;779 486;7;0;9;1;1;1
202200019389;779 489;1;0;2;8;19;5
202200019390;779 483;7;0;0;1;0;1
202200019390;779 485;33;0;2;1;17;1
202200019390;779 487;30;0;2;1;13;1
202200019391;779 482;7;0;2;2;2;1
202200019391;779 484;2;0;2;4;2;1
202200019392;779 478;7;0;2;3;1;1
202200019392;779 480;7;0;2;3;1;1
202200019393;779 477;7;0;2;1;1;1
202200019393;779 481;7;0;2;1;5;1
202200019394;779 476;7;0;2;1;1;1
202200019394;779 479;7;0;0;2;15;1
202200019395;779 475;1;0;0;0;1;5
202200019396;779 474;7;13;0;1;0;1
202200019397;779 473;7;0;1;3;15;2
202200019398;779 471;2;0;2;1;1;1
202200019398;779 472;7;0;0;4;1;1
202200019399;779 470;2;12;0;7;1;1
202200019400;779 469;7;13;0;0;14;1
202200019401;779 468;33;0;0;0;1;0
202200019402;779 467;7;0;1;2;19;1
202200019403;779 466;7;6;0;3;13;1
202200019404;779 463;7;13;0;1;1;1
202200019405;779 462;2;0;2;2;15;1
202200019405;779 465;7;0;2;8;1;1
202200019406;779 459;7;13;0;9;1;1
202200019407;779 460;7;0;2;1;21;2
202200019407;779 461;7;0;2;1;21;1
202200019408;779 455;7;0;2;3;15;2
202200019408;779 457;2;0;2;1;1;1
202200019409;779 454;7;13;0;3;1;1
202200019410;779 453;32;8;0;3;1;1
202200019411;779 451;7;0;2;1;15;1
202200019411;779 456;7;0;2;1;1;1
202200019412;779 450;7;0;2;3;1;1
202200019412;779 452;10;0;2;3;13;1
202200019413;779 449;7;6;0;2;14;1
202200019414;779 446;2;16;2;1;17;1
202200019414;779 448;7;0;2;3;15;1
202200019415;779 447;7;0;1;2;1;1
202200019416;779 445;31;0;0;2;1;1
202200019417;779 444;17;0;0;7;14;1
202200019418;779 442;7;0;1;1;1;1
202200019419;779 441;7;13;2;8;21;0
202200019419;779 443;7;13;2;3;13;1
202200019420;779 440;36;0;0;1;1;1
202200019421;779 439;7;2;0;1;21;1
202200019422;779 438;33;3;0;1;1;1
202200019423;779 435;13;0;2;3;1;1
202200019423;779 437;7;0;2;3;13;1
202200019424;779 436;2;8;0;1;2;1
202200019425;779 433;7;0;2;1;2;1
202200019425;779 434;7;0;2;1;2;1
202200019426;779 431;10;0;2;1;1;1
202200019426;779 432;7;0;2;2;15;1
202200019427;779 429;33;0;2;1;2;1
202200019427;779 430;1;0;2;4;2;5
202200019428;779 428;33;0;0;0;0;1
202200019429;779 426;1;0;2;8;1;5
202200019429;779 427;7;0;2;7;17;1
202200019430;779 424;7;0;1;3;1;1
202200019431;779 423;7;0;2;4;23;1
202200019431;779 425;7;1;0;1;2;1
202200019432;779 421;7;2;0;1;1;1
202200019433;779 420;10;0;0;5;15;1
202200019433;779 422;33;0;2;1;1;1
202200019434;779 417;7;0;2;3;1;1
202200019434;779 419;2;0;2;1;5;1
202200019435;779 416;7;0;9;8;24;1
202200019435;779 418;1;1;0;7;21;5
202200019436;779 415;2;0;0;0;5;1
202200019437;779 414;7;13;0;3;1;1
202200019438;779 413;2;0;1;1;1;1
202200019439;779 411;7;0;0;1;0;1
202200019439;779 412;31;0;0;4;0;1
202200019440;779 410;7;0;0;9;14;1
202200019441;779 407;7;0;0;0;1;1
202200019442;779 406;7;0;2;3;13;1
202200019442;779 408;7;0;2;8;1;1
202200019442;779 409;7;0;2;1;1;1
202200019443;779 404;7;8;2;1;5;1
202200019443;779 405;14;0;2;3;1;1
202200019444;779 403;33;0;0;0;1;1
202200019445;779 400;7;0;2;1;1;1
202200019445;779 402;7;0;2;4;1;1
202200019446;779 399;7;0;2;8;21;1
202200019446;779 401;7;0;2;8;13;1
202200019447;779 396;43;0;2;3;1;1
202200019447;779 397;7;0;2;3;13;1
202200019448;779 394;7;0;2;1;9;1
202200019448;779 395;33;0;2;1;17;1
202200019448;779 398;7;0;2;3;1;1
202200019449;779 392;7;0;2;1;1;1
202200019449;779 393;7;0;2;1;17;2
202200019450;779 391;17;1;1;5;1;1
202200019451;779 390;10;0;1;3;20;1
202200019452;779 389;2;0;0;7;1;1
202200019453;779 387;7;0;0;0;0;1
202200019454;779 386;32;0;2;7;1;1
202200019454;779 388;7;0;2;3;11;1
202200019455;779 383;33;0;2;8;1;1
202200019455;779 385;10;0;2;2;0;0
202200019456;779 382;7;8;2;1;0;1
202200019456;779 384;7;6;2;3;0;1
202200019457;779 380;7;0;2;0;0;
202200019457;779 381;7;0;2;;0;
202200019458;779 379;7;2;0;1;1;1
202200019459;779 377;7;0;1;8;2;1
202200019460;779 375;7;0;2;4;1;1
202200019460;779 376;7;0;2;1;2;1
202200019461;779 378;7;13;0;1;1;1
202200019462;779 372;7;0;0;5;1;1
202200019462;779 374;15;0;2;2;1;1
202200019463;779 371;7;0;2;3;1;1
202200019463;779 373;10;0;2;3;13;1
202200019464;779 369;33;0;2;2;1;1
202200019464;779 370;7;0;2;3;11;1
202200019465;779 367;7;4;0;0;1;1
202200019466;779 365;43;0;2;3;13;1
202200019466;779 366;7;0;2;5;1;1
202200019467;779 363;33;0;2;3;1;1
202200019467;779 364;7;0;2;5;12;1
202200019468;779 368;33;0;0;7;23;0
202200019469;779 361;7;0;2;1;11;1
202200019469;779 362;7;0;2;5;23;1
202200019470;779 360;7;4;0;2;14;1
202200019471;779 358;7;0;2;5;26;3
202200019471;779 359;32;0;2;1;2;1
202200019472;779 354;43;0;2;4;21;1
202200019472;779 355;7;0;2;1;21;1
202200019472;779 356;7;0;2;1;1;1
202200019472;779 357;7;0;2;1;1;1
202200019473;779 352;15;0;2;4;2;1
202200019473;779 353;10;0;2;1;2;1
202200019474;779 349;33;0;2;2;9;1
202200019474;779 350;10;0;2;7;1;1
202200019474;779 351;7;0;2;6;1;1
202200019475;779 347;33;0;2;7;3;1
202200019475;779 348;7;0;2;8;11;1
202200019476;779 345;7;4;2;3;1;1
202200019476;779 346;7;4;0;3;1;1
202200019477;779 344;30;11;0;1;14;1
202200019478;779 342;7;0;2;3;26;1
202200019478;779 343;1;0;2;7;1;5
202200019479;779 340;7;0;2;0;17;1
202200019479;779 341;1;0;2;8;1;5
202200019480;779 339;7;2;0;8;19;1
202200019481;779 336;10;0;2;3;1;1
202200019481;779 337;7;0;2;3;1;1
202200019482;779 335;10;0;1;1;1;1
202200019483;779 329;20;0;2;1;26;1
202200019483;779 330;20;0;2;1;2;1
202200019483;779 331;20;0;2;4;26;2
202200019484;779 327;7;0;2;1;15;1
202200019484;779 328;2;0;2;1;2;1
202200019485;779 326;7;0;1;1;26;1
202200019486;779 324;32;0;2;0;0;1
202200019486;779 325;0;0;2;0;0;0
202200019487;779 322;7;0;2;1;1;0
202200019487;779 323;33;0;2;4;1;1
202200019488;779 319;7;0;2;0;2;0
202200019488;779 320;7;0;2;1;0;0
202200019488;779 321;7;0;2;4;23;0