Num_Acc;id_vehicule;categorie_vehicule;obstacle_fixe;obstacle_mobile;point_choc_initial;manoeuvre_principale;motorisation
202200019489;779 317;7;0;9;3;15;1
202200019489;779 318;33;0;2;1;17;1
202200019490;779 316;7;4;0;1;0;1
202200019491;779 314;7;0;2;0;1;1
202200019491;779 315;32;0;2;2;15;1
202200019492;779 312;2;0;2;5;2;1
202200019492;779 313;32;0;2;6;15;1
202200019493;779 310;33;0;2;1;1;1
202200019493;779 311;7;0;2;8;15;1
202200019494;779 308;7;0;2;2;15;1
202200019494;779 309;7;0;2;3;1;1
202200019495;779 306;7;0;2;0;0;1
202200019495;779 307;7;0;2;0;0;1
202200019496;779 304;33;0;2;0;1;1
202200019496;779 305;7;0;2;8;26;1
202200019497;779 302;7;0;2;0;0;1
202200019497;779 303;7;0;2;1;19;1
202200019498;779 300;7;0;0;4;1;1
202200019498;779 301;7;14;0;1;2;1
202200019499;779 298;7;0;2;3;1;2
202200019499;779 299;7;0;2;1;1;1
202200019500;779 296;7;0;2;1;1;1
202200019500;779 297;7;8;2;3;1;1
202200019501;779 294;7;0;2;2;1;1
202200019501;779 295;7;0;2;3;9;1
202200019502;779 292;7;0;2;2;16;1
202200019502;779 293;1;0;2;3;25;5
202200019503;779 291;7;8;0;1;13;1
202200019504;779 290;37;0;2;0;26;4
202200019505;779 288;10;0;2;3;15;1
202200019505;779 289;33;0;2;1;1;1
202200019506;779 287;7;0;1;2;26;1
202200019507;779 286;7;0;1;5;26;1
202200019508;779 283;14;0;2;1;2;1
202200019508;779 284;7;0;2;1;2;1
202200019508;779 285;7;0;0;4;23;1
202200019509;779 280;7;0;2;6;15;1
202200019509;779 281;33;0;2;1;2;1
202200019509;779 282;33;0;2;1;1;1
202200019510;779 278;10;8;2;1;19;3
202200019510;779 279;7;0;2;1;0;1
202200019511;779 276;7;0;2;1;1;1
202200019511;779 277;50;0;2;7;15;3
202200019512;779 274;7;0;2;3;1;1
202200019512;779 275;7;0;2;3;15;1
202200019513;779 272;7;0;2;7;16;1
202200019513;779 273;32;0;2;0;0;0
202200019514;779 271;7;0;1;2;1;1
202200019515;779 270;15;1;1;1;21;1
202200019516;779 268;7;0;2;3;15;1
202200019516;779 269;2;0;2;1;1;1
202200019517;779 267;7;0;1;2;1;1
202200019518;779 264;7;0;2;5;17;1
202200019518;779 265;1;0;2;8;26;5
202200019519;779 262;7;0;2;2;15;1
202200019519;779 263;7;0;2;1;1;1
202200019520;779 260;31;0;2;1;2;1
202200019520;779 261;10;0;2;6;2;1
202200019521;779 258;7;0;2;1;19;1
202200019521;779 259;1;0;2;7;1;5
202200019522;779 256;1;0;2;1;1;5
202200019522;779 257;7;0;2;7;19;1
202200019523;779 254;7;0;2;4;2;1
202200019523;779 255;7;0;2;1;2;1
202200019524;779 252;99;0;2;2;1;1
202200019524;779 253;7;0;2;3;13;1
202200019525;779 250;50;0;2;3;9;3
202200019525;779 251;7;0;9;2;2;1
202200019526;779 248;7;0;2;2;2;0
202200019526;779 249;1;0;2;4;2;5
202200019527;779 247;1;12;0;1;1;5
202200019528;779 246;7;0;1;1;16;0
202200019529;779 245;7;0;1;2;1;1
202200019530;779 244;7;8;0;1;1;1
202200019531;779 243;7;8;0;3;1;1
202200019532;779 241;7;0;2;1;1;6
202200019532;779 242;99;0;0;4;1;3
202200019533;779 240;7;16;0;1;1;1
202200019534;779 238;7;0;2;1;1;1
202200019534;779 239;7;0;2;6;1;1
202200019535;779 236;14;0;9;3;13;1
202200019535;779 237;7;0;2;2;1;1
202200019536;779 234;7;8;2;1;1;1
202200019536;779 235;7;8;2;2;17;1
202200019537;779 232;1;0;2;4;1;5
202200019537;779 233;7;0;2;1;1;1
202200019538;779 231;14;0;1;7;1;1
202200019539;779 230;30;8;0;1;1;1
202200019540;779 228;7;0;2;3;5;1
202200019540;779 229;30;0;2;8;11;1
202200019541;779 226;7;0;9;6;11;1
202200019541;779 227;30;0;2;1;17;1
202200019542;779 224;7;0;2;3;15;1
202200019542;779 225;50;0;2;1;15;3
202200019543;779 223;10;0;1;7;1;1
202200019544;779 221;33;0;2;4;1;1
202200019544;779 222;7;0;2;1;21;1
202200019545;779 220;3;8;0;2;1;1
202200019546;779 218;2;0;0;0;0;1
202200019546;779 219;7;0;2;0;0;0
202200019547;779 216;7;0;2;4;15;1
202200019547;779 217;2;0;2;1;21;1
202200019548;779 215;7;0;1;1;9;3
202200019549;779 214;7;0;1;1;26;1
202200019550;779 212;7;0;2;3;26;1
202200019550;779 213;2;0;2;1;1;1
202200019551;779 211;2;12;0;2;14;1
202200019552;779 209;32;0;2;7;3;1
202200019552;779 210;7;0;2;8;1;1
202200019553;779 207;7;0;2;8;11;1
202200019553;779 208;31;0;2;7;3;1
202200019554;779 205;50;0;2;8;19;3
202200019554;779 206;10;0;2;2;1;1
202200019555;779 203;50;0;2;8;25;3
202200019555;779 204;7;0;2;1;1;1
202200019556;779 201;7;0;1;3;1;1
202200019557;779 200;7;0;2;2;16;1
202200019557;779 202;33;0;2;3;1;1
202200019558;779 199;32;0;1;1;1;1
202200019559;779 197;10;0;2;1;1;1
202200019559;779 198;50;0;2;1;1;3
202200019560;779 195;7;0;2;4;2;1
202200019560;779 196;7;0;0;0;0;1
202200019561;779 192;43;0;2;1;2;1
202200019561;779 194;7;0;2;4;23;1
202200019562;779 191;7;0;2;5;1;1
202200019562;779 193;7;0;2;1;1;1
202200019563;779 188;1;0;2;1;1;5
202200019563;779 190;80;0;2;1;1;3
202200019564;779 187;2;0;2;1;3;1
202200019564;779 189;7;0;2;1;9;1
202200019565;779 185;1;0;2;1;2;5
202200019565;779 186;1;0;2;4;2;5
202200019566;779 183;10;0;1;3;1;1
202200019567;779 182;3;0;1;1;23;3
202200019567;779 184;7;0;2;1;2;2
202200019568;779 180;7;0;0;2;1;1
202200019568;779 181;7;0;0;0;0;1
202200019569;779 178;1;0;9;1;1;5
202200019570;779 179;1;0;1;1;1;5
202200019571;779 174;34;0;2;3;7;1
202200019571;779 176;80;0;2;2;12;3
202200019572;779 173;37;9;2;1;2;2
202200019572;779 175;10;0;2;2;2;1
202200019572;779 177;3;0;2;6;0;1
202200019573;779 170;7;0;2;8;13;1
202200019573;779 172;2;0;2;7;17;1
202200019574;779 169;7;0;2;1;1;1
202200019574;779 171;7;0;2;1;1;1
202200019575;779 166;7;0;2;2;16;1
202200019575;779 168;30;0;2;1;2;1
202200019576;779 167;7;1;0;2;0;0
202200019577;779 164;32;0;2;1;2;1
202200019577;779 165;7;0;0;4;2;1
202200019578;779 162;32;0;2;1;26;1
202200019578;779 163;7;0;2;3;15;1
202200019579;779 161;3;0;1;2;1;1
202200019580;779 158;7;0;0;0;15;1
202200019580;779 160;2;15;0;2;1;1
202200019581;779 157;1;0;2;8;1;5
202200019581;779 159;7;0;2;8;9;1
202200019582;779 153;30;0;2;1;18;1
202200019582;779 155;7;0;2;5;16;1
202200019583;779 150;7;2;0;2;16;1
202200019584;779 149;7;8;0;4;2;1
202200019584;779 151;7;0;2;1;2;1
202200019585;779 152;7;0;0;4;1;1
202200019585;779 154;7;0;2;1;0;1
202200019585;779 156;7;0;0;8;2;1
202200019586;779 148;31;15;0;1;1;1
202200019587;779 147;7;1;0;1;14;1
202200019588;779 144;7;0;2;2;2;0
202200019588;779 146;7;0;0;3;15;1
202200019589;779 143;21;2;0;1;1;1
202200019590;779 142;3;8;0;1;14;1
202200019591;779 140;7;1;0;1;1;1
202200019591;779 141;7;1;2;;24;
202200019592;779 138;7;0;0;2;15;1
202200019592;779 139;1;0;2;1;1;5
202200019593;779 137;7;0;0;9;1;1
202200019594;779 136;17;1;0;2;1;1
202200019595;779 135;7;13;0;1;1;1
202200019596;779 134;30;3;0;7;1;1
202200019597;779 131;2;0;0;0;0;1
202200019598;779 126;33;0;2;1;17;1
202200019598;779 128;7;0;2;3;15;1
202200019598;779 130;7;0;2;3;24;1
202200019599;779 127;7;0;0;3;1;1
202200019599;779 129;7;0;0;3;1;1
202200019600;779 124;7;15;0;2;2;1
202200019601;779 123;7;0;2;7;15;1
202200019601;779 125;33;0;2;1;1;1
202200019602;779 120;7;0;0;8;0;1
202200019602;779 121;10;0;2;1;1;1
202200019603;779 122;33;12;0;6;1;1
202200019604;779 119;7;2;0;3;13;1
202200019605;779 117;7;0;2;1;5;1
202200019605;779 118;7;0;2;3;1;1
202200019606;779 114;7;13;0;1;13;1
202200019607;779 113;7;13;2;5;13;1
202200019607;779 115;7;0;2;2;1;1
202200019607;779 116;7;0;2;1;1;1
202200019608;779 112;2;0;0;0;1;1
202200019609;779 110;33;0;2;1;1;1
202200019609;779 111;10;0;2;5;15;1
202200019610;779 108;33;0;2;1;2;1
202200019610;779 109;7;0;0;7;16;1
202200019611;779 107;7;2;0;1;1;1
202200019612;779 105;33;0;0;0;26;1
202200019613;779 102;7;0;2;2;1;3
202200019613;779 103;7;0;2;1;5;1
202200019614;779 101;7;0;2;1;1;1
202200019614;779 104;2;0;2;1;1;1
202200019615;779 099;7;0;2;5;1;2
202200019615;779 100;2;0;2;8;26;1
202200019616;779 098;33;0;6;2;1;1
202200019617;779 097;1;6;0;1;1;5
202200019618;779 093;7;0;2;3;1;3
202200019618;779 095;7;0;0;4;23;1
202200019618;779 096;7;0;2;1;1;1
202200019619;779 092;16;0;2;2;1;1
202200019619;779 094;7;0;2;7;15;1
202200019620;779 090;33;0;2;1;1;1
202200019620;779 091;7;0;2;1;15;1
202200019621;779 089;2;6;0;1;1;1
202200019622;779 086;2;0;2;1;1;1
202200019622;779 088;7;0;2;7;19;1
202200019623;779 085;7;0;2;2;15;1
202200019623;779 087;7;0;2;3;1;1
202200019624;779 083;1;0;2;1;1;5
202200019624;779 084;7;0;2;3;26;1
202200019625;779 080;10;0;0;1;1;1
202200019625;779 082;2;0;2;8;1;1
202200019626;779 079;7;0;2;1;0;1
202200019626;779 081;7;0;2;1;0;1
202200019627;779 078;7;0;1;2;21;0
202200019628;779 076;7;0;2;1;5;1
202200019628;779 077;7;0;2;8;1;1
202200019629;779 074;33;0;2;2;15;1
202200019629;779 075;7;0;2;3;17;1
202200019630;779 072;2;1;0;1;14;1
202200019631;779 071;7;0;2;1;13;1
202200019631;779 073;13;0;2;3;1;1
202200019632;779 067;7;0;2;2;2;1
202200019632;779 068;2;0;0;4;2;1
202200019632;779 070;2;0;0;4;2;1
202200019633;779 065;7;13;9;8;1;1
202200019634;779 063;7;0;2;3;1;1
202200019634;779 064;7;0;2;8;1;1
202200019634;779 066;7;0;2;8;1;1
202200019634;779 069;7;0;2;3;13;1
202200019635;779 062;33;13;0;9;1;1
202200019636;779 060;7;6;0;3;13;1
202200019637;779 061;80;0;0;0;0;3
202200019638;779 056;17;0;2;4;1;1
202200019638;779 058;7;0;2;1;1;1
202200019639;779 055;7;0;2;3;13;1
202200019639;779 057;7;3;2;3;1;1
202200019639;779 059;7;0;2;1;1;1
202200019640;779 052;7;0;2;2;1;1
202200019640;779 053;32;0;2;3;1;1
202200019641;779 050;7;0;2;8;10;1
202200019641;779 051;31;0;2;1;2;1
202200019642;779 048;33;1;2;3;0;1
202200019642;779 049;7;0;0;3;26;1
202200019643;779 047;7;0;1;2;1;1
202200019644;779 045;15;0;2;1;1;1
202200019644;779 046;7;0;2;1;17;1
202200019645;779 044;38;0;2;1;2;1
202200019645;779 054;17;0;2;4;2;1
202200019646;779 043;7;13;0;0;1;1
202200019647;779 042;7;8;0;3;1;1
202200019648;779 039;30;0;2;1;1;1
202200019648;779 040;31;0;2;1;5;1
202200019649;779 038;7;0;2;1;5;1
202200019649;779 041;7;0;2;1;1;1
202200019650;779 035;7;0;2;3;1;1
202200019650;779 037;7;0;2;1;13;1
202200019651;779 034;7;0;2;3;5;1
202200019651;779 036;7;0;2;3;1;1
202200019652;779 032;7;0;2;1;1;1
202200019652;779 033;7;0;2;3;1;1
202200019653;779 031;7;13;0;2;26;1
202200019654;779 028;7;0;2;3;10;1
202200019654;779 029;34;0;0;1;0;0
202200019655;779 027;7;0;9;2;1;1
202200019655;779 030;1;0;2;1;15;5
202200019656;779 024;33;0;2;8;1;1
202200019656;779 026;7;0;2;7;1;1
202200019657;779 023;7;0;2;1;5;1
202200019657;779 025;10;0;2;1;1;1
202200019658;779 022;7;13;0;1;1;1
202200019659;779 020;10;0;2;6;15;1
202200019659;779 021;33;0;2;1;2;1
202200019660;779 018;30;0;2;1;17;1
202200019660;779 019;7;0;0;3;15;1
202200019661;779 016;7;0;2;1;1;1
202200019661;779 017;7;0;2;1;15;1
202200019662;779 012;7;2;0;8;19;1
202200019663;779 013;1;0;2;0;1;5
202200019663;779 014;1;0;2;1;1;5
202200019663;779 015;7;0;0;3;17;1
202200019664;779 011;7;0;1;4;4;1
202200019665;779 010;7;3;0;1;13;1
202200019666;779 008;7;0;2;1;1;1
202200019666;779 009;7;0;2;2;13;1
202200019667;779 006;7;0;1;2;1;1
202200019668;779 005;7;8;0;2;1;1
202200019669;779 002;7;0;0;4;23;1
202200019669;779 004;7;0;2;1;1;1
202200019670;779 003;31;12;0;0;1;1
202200019671;779 001;7;0;1;1;15;1
202200019672;779 000;7;0;1;0;0;0
202200019673;778 998;7;0;2;1;1;1
202200019673;778 999;10;0;2;4;1;1
202200019674;778 997;17;3;0;8;6;1
202200019675;778 994;31;12;0;1;1;1
202200019676;778 992;7;0;2;4;1;1
202200019676;778 993;7;0;2;4;1;1
202200019676;778 995;7;0;2;4;1;1
202200019676;778 996;7;0;2;3;2;2
202200019677;778 991;33;12;0;1;1;1
202200019678;778 989;17;0;2;8;0;1
202200019678;778 990;7;0;2;7;0;1
202200019679;778 986;10;0;2;3;15;1
202200019679;778 987;34;3;2;1;1;1
202200019680;778 984;33;0;2;0;3;1
202200019680;778 985;7;0;2;0;0;1
202200019680;778 988;7;0;2;0;0;1
202200019681;778 981;7;0;2;1;15;1
202200019681;778 983;7;0;2;1;1;1
202200019682;778 982;7;4;0;3;1;1
202200019683;778 980;7;2;0;1;14;1
202200019684;778 978;10;0;2;3;9;1
202200019684;778 979;15;0;2;2;1;1
202200019685;778 975;31;0;0;2;3;1
202200019686;778 971;33;0;2;3;1;1
202200019686;778 973;7;0;2;5;14;1
202200019687;778 968;1;0;2;2;1;5
202200019687;778 969;7;0;2;3;19;1
202200019688;778 967;7;0;2;1;1;1
202200019688;778 970;7;0;2;3;11;1
202200019689;778 966;33;7;0;1;12;1
202200019690;778 964;7;0;2;0;14;0
202200019690;778 965;7;0;2;6;1;1
202200019691;778 962;7;0;2;1;26;1
202200019691;778 963;7;0;2;5;1;0
202200019692;778 958;10;0;2;6;2;1
202200019692;778 960;7;0;2;4;2;1
202200019692;778 961;7;0;2;1;1;1
202200019693;778 957;10;0;2;5;1;1
202200019693;778 959;7;0;2;3;2;1
202200019694;778 954;7;2;0;1;13;1
202200019695;778 953;7;0;2;3;11;1
202200019695;778 955;33;0;2;7;1;1
202200019695;778 956;7;0;2;8;1;1
202200019696;778 952;7;3;2;2;1;1
202200019697;778 950;7;0;2;2;12;1
202200019697;778 951;32;0;2;3;3;1
202200019698;778 947;7;0;2;4;11;1
202200019698;778 949;33;0;2;1;3;1
202200019699;778 946;33;0;2;3;1;1
202200019699;778 948;7;0;2;0;0;1
202200019700;778 944;7;0;2;1;15;1
202200019700;778 945;1;0;2;2;1;5
202200019701;778 943;7;2;0;1;1;2
202200019702;778 941;32;0;2;2;1;1
202200019702;778 942;2;0;2;5;15;1
202200019703;778 938;7;0;2;1;2;1
202200019703;778 940;7;0;2;4;2;1
202200019704;778 937;7;0;2;5;17;1
202200019704;778 939;7;0;2;3;26;1
202200019705;778 936;80;12;0;8;1;3
202200019706;778 934;10;0;1;2;16;1
202200019707;778 933;7;4;0;4;1;1
202200019707;778 935;7;4;2;1;1;1
202200019708;778 930;7;0;2;1;0;1
202200019708;778 932;7;0;0;4;0;1
202200019709;778 927;7;0;2;3;1;1
202200019709;778 929;7;0;2;1;1;1
202200019709;778 931;7;0;2;4;26;1
202200019710;778 926;7;0;2;1;2;1
202200019710;778 928;30;0;2;4;13;1
202200019711;778 925;7;8;0;1;13;1
202200019712;778 920;33;0;2;2;17;1
202200019712;778 922;7;0;2;3;15;1
202200019713;778 921;10;0;2;1;1;1
202200019713;778 923;10;0;2;4;2;1
202200019713;778 924;10;0;2;3;2;1
202200019714;778 917;7;0;2;3;15;1
202200019714;778 919;7;0;2;1;1;2
202200019715;778 916;7;0;2;7;12;1
202200019715;778 918;33;0;2;8;2;1
202200019716;778 914;7;1;0;1;14;1
202200019716;778 915;7;0;2;5;26;1
202200019717;778 910;33;0;0;8;17;1
202200019718;778 911;7;0;2;1;2;1
202200019718;778 912;7;0;2;4;2;1
202200019718;778 913;10;0;2;4;2;1
202200019719;778 907;7;0;1;1;1;1
202200019720;778 908;7;0;2;3;15;1
202200019720;778 909;7;0;2;2;17;1
202200019721;778 905;7;0;1;2;1;0
202200019722;778 904;1;0;2;3;1;5
202200019722;778 906;7;0;9;4;4;1
202200019723;778 901;50;0;2;0;0;3
202200019723;778 903;7;0;9;3;2;1
202200019724;778 902;7;0;1;1;16;1
202200019725;778 899;50;1;0;1;1;3
202200019725;778 900;7;0;2;8;24;1
202200019726;778 897;7;13;0;3;16;1
202200019727;778 896;7;0;2;6;26;1
202200019727;778 898;32;0;2;1;1;1
202200019728;778 894;7;0;2;1;16;1
202200019728;778 895;7;0;2;2;1;1
202200019729;778 891;1;12;0;1;26;5
202200019730;778 892;31;0;2;1;1;1
202200019730;778 893;7;0;2;7;15;1
202200019731;778 889;7;0;2;1;1;1
202200019731;778 890;7;1;2;3;0;1
202200019732;778 887;34;6;0;2;15;0
202200019733;778 885;7;0;1;7;1;1
202200019734;778 886;7;0;2;3;16;1
202200019734;778 888;50;0;2;1;1;3
202200019735;778 882;7;0;2;2;19;1
202200019735;778 884;7;0;2;1;2;1
202200019736;778 883;10;0;2;1;26;0
202200019737;778 879;7;0;2;3;1;1
202200019737;778 881;7;0;2;2;9;1
202200019738;778 878;7;0;2;8;1;1
202200019738;778 880;7;0;2;1;19;1
202200019739;778 876;1;0;2;1;1;5
202200019739;778 877;7;0;2;3;9;1
202200019740;778 875;7;0;1;4;1;3
202200019741;778 874;7;8;0;5;4;1
202200019742;778 872;7;0;2;6;2;1
202200019742;778 873;33;0;2;1;2;1
202200019743;778 871;7;9;0;1;1;1
202200019744;778 870;33;0;0;0;1;1
202200019745;778 868;99;0;9;0;26;0
202200019745;778 869;1;0;0;0;0;5
202200019746;778 866;7;0;2;4;21;1
202200019746;778 867;7;0;2;1;1;1
202200019747;778 865;7;6;0;1;1;1
202200019748;778 863;10;0;2;1;1;1
202200019748;778 864;7;0;2;8;0;1
202200019749;778 861;33;0;0;0;2;1
202200019750;778 862;7;0;1;4;4;0
202200019751;778 859;7;0;2;6;15;1
202200019751;778 860;33;0;2;1;1;1
202200019752;778 857;7;15;0;1;14;1
202200019753;778 858;7;9;0;1;26;1
202200019754;778 855;1;0;2;3;15;5
202200019754;778 856;7;0;2;2;1;1
202200019755;778 851;7;0;2;3;13;1
202200019755;778 852;7;0;2;3;0;1
202200019755;778 853;7;0;2;1;1;1
202200019756;778 854;7;1;0;2;1;1
202200019757;778 849;30;0;0;3;1;1
202200019758;778 850;7;0;1;1;15;1
202200019759;778 848;31;11;0;1;17;1
202200019760;778 846;7;0;1;0;16;2
202200019761;778 845;7;9;2;3;16;1
202200019761;778 847;7;0;2;1;1;1
202200019762;778 843;7;0;2;1;16;1
202200019762;778 844;7;0;1;1;13;1
202200019763;778 840;30;0;2;3;2;1
202200019763;778 841;7;0;2;2;15;0
202200019764;778 839;33;3;2;3;1;1
202200019764;778 842;7;3;2;6;13;1
202200019765;778 835;7;0;2;1;1;1
202200019765;778 837;7;0;2;4;1;1
202200019765;778 838;7;0;0;4;15;1
202200019766;778 834;33;0;0;4;0;1
202200019766;778 836;7;0;2;0;0;1
202200019767;778 832;7;2;0;7;13;1
202200019768;778 831;7;0;0;0;0;1
202200019768;778 833;33;0;2;1;17;1
202200019769;778 827;34;0;2;1;9;1
202200019769;778 829;7;0;2;1;9;1
202200019770;778 824;7;0;2;5;26;1
202200019770;778 826;30;0;2;1;1;1
202200019771;778 825;7;0;2;1;1;1
202200019771;778 828;7;0;2;1;1;1
202200019771;778 830;7;0;2;4;23;1
202200019772;778 821;33;0;2;1;0;1
202200019772;778 822;7;0;2;6;1;1
202200019772;778 823;7;0;2;3;17;1
202200019773;778 820;7;15;0;2;14;1
202200019774;778 816;7;0;2;7;9;1
202200019774;778 818;32;0;2;8;9;1
202200019775;778 817;7;0;2;2;9;1
202200019775;778 819;33;0;2;1;1;1
202200019776;778 813;43;0;2;8;3;1
202200019776;778 814;10;0;2;7;1;1
202200019776;778 815;7;0;2;8;1;1
202200019777;778 812;30;12;0;1;14;1
202200019778;778 809;7;0;2;1;2;1
202200019778;778 810;7;0;2;1;2;1
202200019778;778 811;10;0;2;7;2;1
202200019779;778 806;34;4;0;7;14;1
202200019780;778 807;34;0;2;2;17;1
202200019780;778 808;37;0;2;3;15;1
202200019781;778 804;7;0;2;3;2;1
202200019781;778 805;7;0;2;6;2;1
202200019782;778 803;10;13;0;1;1;1
202200019783;778 801;7;0;2;7;7;2
202200019783;778 802;7;0;2;1;5;0
202200019784;778 798;1;0;0;1;1;5
202200019785;778 799;7;0;2;4;2;3
202200019785;778 800;7;0;2;1;21;1
202200019786;778 795;7;0;2;0;13;0
202200019786;778 797;32;0;2;2;17;1
202200019787;778 793;32;0;1;1;1;0
202200019788;778 791;30;0;2;7;16;1
202200019788;778 792;7;0;2;3;16;1
202200019789;778 787;7;0;2;0;2;0
202200019789;778 789;32;0;2;1;2;1
202200019790;778 788;7;0;2;2;15;1
202200019790;778 790;7;0;2;3;1;1
202200019791;778 784;1;0;0;1;0;5
202200019792;778 785;7;0;2;3;15;2
202200019792;778 786;32;0;2;7;17;1
202200019793;778 782;7;0;1;2;1;1
202200019794;778 781;7;0;2;1;7;1
202200019794;778 783;32;0;2;4;16;3
202200019795;778 777;30;0;2;8;16;1
202200019795;778 779;7;0;2;0;18;1
202200019796;778 778;1;0;2;1;19;5
202200019796;778 780;7;0;9;1;1;1
202200019797;778 775;10;0;2;1;1;1
202200019797;778 776;1;0;2;8;19;5
202200019798;778 772;30;0;2;3;10;1
202200019798;778 773;33;0;2;2;1;1
202200019799;778 771;7;0;2;1;1;1
202200019799;778 774;7;0;2;4;1;1
202200019800;778 769;13;0;2;8;14;1
202200019800;778 770;1;0;2;8;18;5
202200019801;778 766;7;0;2;3;13;1
202200019801;778 768;7;0;2;3;1;1
202200019802;778 764;50;0;2;1;1;3
202200019802;778 767;7;0;2;3;1;1
202200019803;778 761;1;0;1;7;1;5
202200019804;778 762;7;0;2;1;13;1
202200019804;778 763;7;0;2;3;1;1
202200019804;778 765;7;0;2;0;0;1
202200019805;778 759;1;0;2;1;1;5
202200019805;778 760;7;0;2;1;15;2
202200019806;778 757;7;0;2;3;2;1
202200019806;778 758;1;0;2;5;2;5
202200019807;778 754;7;0;1;3;15;2
202200019808;778 755;7;0;2;1;2;1
202200019808;778 756;7;0;2;4;1;1
202200019809;778 751;1;0;2;8;7;5
202200019809;778 752;7;0;2;7;17;2
202200019810;778 750;1;0;2;1;25;5
202200019810;778 753;7;0;9;2;1;1
202200019811;778 746;7;0;2;1;1;1
202200019811;778 748;7;0;2;5;23;1
202200019811;778 749;7;0;2;6;23;1
202200019812;778 745;7;0;2;3;1;1
202200019812;778 747;7;0;2;3;1;1
202200019813;778 741;0;0;2;1;9;0
202200019813;778 743;30;4;2;7;17;1
202200019814;778 742;32;0;2;1;18;1
202200019814;778 744;10;0;2;1;16;1
202200019815;778 738;7;0;2;2;2;1
202200019815;778 739;7;0;2;4;1;1
202200019816;778 737;7;0;2;1;15;1
202200019816;778 740;1;0;2;8;16;5
202200019817;778 735;7;1;2;6;2;1
202200019817;778 736;33;0;2;6;17;1
202200019818;778 731;7;14;9;2;11;1
202200019818;778 733;1;14;2;3;0;5
202200019819;778 730;7;0;2;2;9;1
202200019819;778 732;7;0;2;6;1;1
202200019819;778 734;7;0;2;4;1;1
202200019820;778 729;7;0;1;1;16;1
202200019821;778 727;7;0;2;2;26;1
202200019821;778 728;1;0;2;1;1;5
202200019822;778 726;7;0;1;0;16;0
202200019823;778 725;32;15;0;2;14;1
202200019824;778 723;33;0;2;1;1;1
202200019824;778 724;30;0;2;0;0;1
202200019825;778 722;7;0;1;7;1;1
202200019826;778 719;7;0;2;1;1;1
202200019826;778 721;7;0;2;1;13;1
202200019827;778 718;43;0;2;1;1;1
202200019827;778 720;7;0;2;2;9;1
202200019828;778 717;7;4;0;1;1;1
202200019829;778 714;33;0;2;7;1;1
202200019829;778 716;13;0;2;8;10;1
202200019830;778 715;2;0;0;0;0;1
202200019831;778 712;14;0;1;6;26;6
202200019832;778 713;7;3;0;1;1;1
202200019833;778 711;7;13;0;8;1;1
202200019834;778 709;15;0;2;6;15;1
202200019834;778 710;33;0;2;1;1;1
202200019835;778 708;37;0;1;1;15;1
202200019836;778 705;7;0;2;4;9;0
202200019836;778 706;7;0;2;1;9;6
202200019837;778 704;7;0;1;8;19;3
202200019838;778 701;33;0;2;1;1;1
202200019838;778 702;7;0;2;2;15;1
202200019839;778 699;7;0;0;4;1;1
202200019839;778 703;7;0;2;1;1;1
202200019840;778 696;7;0;2;8;19;1
202200019840;778 700;7;0;2;1;1;1
202200019841;778 695;10;0;2;1;1;0
202200019841;778 697;7;0;2;4;1;1
202200019841;778 698;7;0;2;4;23;1
202200019842;778 692;7;0;2;3;1;1
202200019842;778 694;7;0;2;3;13;1
202200019843;778 691;7;0;2;4;1;3
202200019843;778 693;7;0;2;1;1;1
202200019844;778 690;7;0;1;1;16;2
202200019845;778 687;7;0;2;2;15;1
202200019845;778 689;32;0;2;1;0;0
202200019846;778 686;50;0;0;0;2;3
202200019847;778 685;7;0;2;1;15;1
202200019847;778 688;32;0;2;1;0;1
202200019848;778 682;33;0;2;1;1;1
202200019848;778 684;7;0;2;3;15;1
202200019849;778 683;7;2;0;1;1;1
202200019850;778 680;7;0;1;4;4;1
202200019851;778 678;33;0;2;1;1;1
202200019851;778 681;7;0;2;3;9;1
202200019852;778 679;33;2;0;3;1;1
202200019853;778 674;50;0;2;1;1;3
202200019853;778 675;7;0;2;2;15;1
202200019854;778 673;7;0;0;0;0;1
202200019854;778 676;7;0;0;0;0;1
202200019855;778 677;40;0;1;2;1;3
202200019856;778 672;43;8;0;1;1;1
202200019857;778 671;7;6;0;6;1;1
202200019858;778 670;80;0;1;1;1;3
202200019859;778 664;7;0;0;3;9;1
202200019859;778 668;2;0;0;1;1;1
202200019860;778 665;7;0;9;3;0;1
202200019860;778 667;2;0;2;8;13;1
202200019861;778 666;30;0;1;1;1;3
202200019862;778 659;7;0;2;1;1;1
202200019862;778 661;7;0;2;1;13;2
202200019863;778 660;2;0;0;4;1;1
202200019863;778 663;7;0;2;2;1;1
202200019864;778 656;1;0;0;1;1;5
202200019865;778 654;33;0;2;1;1;1
202200019865;778 657;7;0;2;8;15;1
202200019866;778 655;10;0;2;3;1;1
202200019866;778 658;7;0;2;7;9;1
202200019866;778 662;7;0;2;3;23;1
202200019867;778 653;7;2;0;1;1;1
202200019868;778 650;1;0;2;1;1;5
202200019868;778 651;7;0;2;2;15;1
202200019869;778 648;7;0;2;1;5;1
202200019869;778 649;7;0;2;1;1;1
202200019870;778 647;7;0;2;1;1;1
202200019870;778 652;7;0;2;3;19;1
202200019871;778 644;7;2;0;1;1;1
202200019872;778 643;2;0;6;1;1;1
202200019873;778 642;7;17;0;1;13;1
202200019874;778 640;2;8;0;2;0;1
202200019875;778 639;7;0;2;1;5;1
202200019875;778 641;7;0;2;2;1;1
202200019876;778 636;7;0;2;3;16;1
202200019876;778 638;33;0;2;1;1;1
202200019877;778 635;7;6;2;1;1;1
202200019877;778 637;13;0;2;3;1;1
202200019878;778 633;7;2;0;1;6;1
202200019879;778 630;2;0;0;1;21;1
202200019879;778 632;7;0;0;3;21;1
202200019880;778 631;7;0;2;3;15;1
202200019880;778 634;30;0;2;1;1;1