Num_Acc;id_vehicule;categorie_vehicule;obstacle_fixe;obstacle_mobile;point_choc_initial;manoeuvre_principale;motorisation
202200019881;778 629;2;8;0;1;1;1
202200019882;778 626;7;0;2;3;1;1
202200019882;778 628;7;0;2;3;9;1
202200019883;778 624;7;0;2;1;1;1
202200019883;778 627;14;0;2;2;1;1
202200019884;778 623;7;0;2;3;1;1
202200019884;778 625;7;0;2;3;13;1
202200019885;778 622;7;2;0;8;14;1
202200019886;778 619;7;13;0;3;1;1
202200019887;778 620;7;0;2;1;5;1
202200019887;778 621;7;0;2;1;1;1
202200019888;778 617;32;0;2;3;13;1
202200019888;778 618;7;0;2;3;0;1
202200019889;778 615;17;0;1;1;1;1
202200019890;778 614;7;0;9;1;2;1
202200019890;778 616;1;0;2;4;2;5
202200019891;778 613;7;13;0;1;1;1
202200019892;778 610;7;0;2;5;15;1
202200019892;778 612;32;0;2;1;26;1
202200019893;778 609;31;0;2;1;1;1
202200019893;778 611;7;0;2;1;1;1
202200019894;778 608;7;0;0;0;2;1
202200019895;778 606;7;13;0;2;1;1
202200019896;778 605;32;0;1;1;26;1
202200019897;778 607;33;0;0;8;1;1
202200019898;778 602;7;0;2;1;21;1
202200019898;778 604;7;0;2;1;5;1
202200019899;778 603;2;0;0;1;2;1
202200019900;778 601;7;;1;;0;
202200019901;778 599;7;6;1;2;14;1
202200019902;778 600;33;2;0;1;1;1
202200019903;778 597;33;0;5;1;1;1
202200019904;778 596;7;0;2;3;9;1
202200019904;778 598;33;0;2;1;17;1
202200019905;778 590;7;0;1;1;1;1
202200019906;778 589;1;0;0;0;1;5
202200019907;778 588;7;0;2;1;1;1
202200019907;778 591;10;0;2;3;13;1
202200019907;778 593;10;0;2;3;1;0
202200019907;778 595;7;15;0;1;1;1
202200019908;778 586;7;6;0;1;1;1
202200019909;778 582;7;0;2;4;2;2
202200019909;778 585;7;0;2;1;2;1
202200019909;778 587;7;0;2;4;2;1
202200019910;778 580;7;0;2;1;1;1
202200019910;778 583;7;0;2;1;1;1
202200019911;778 577;7;0;2;1;16;1
202200019911;778 579;7;0;2;5;1;1
202200019912;778 576;36;0;0;7;15;1
202200019913;778 575;7;3;0;4;1;1
202200019913;778 578;7;0;2;1;1;1
202200019914;778 573;2;6;0;0;0;1
202200019915;778 569;33;12;0;7;1;1
202200019916;778 568;10;0;2;1;1;1
202200019916;778 571;7;0;2;4;0;1
202200019916;778 574;7;0;2;1;0;0
202200019917;778 567;7;0;2;8;1;1
202200019917;778 570;7;0;2;8;13;1
202200019917;778 572;2;0;2;0;1;1
202200019918;778 566;7;0;0;1;0;1
202200019919;778 564;33;0;0;7;1;1
202200019920;778 563;7;0;2;1;13;1
202200019920;778 565;7;0;2;3;1;1
202200019921;778 561;31;0;2;1;3;1
202200019921;778 562;7;0;2;3;1;1
202200019922;778 560;7;15;0;9;1;1
202200019923;778 556;7;0;2;1;2;1
202200019923;778 558;7;0;1;4;23;0
202200019924;778 557;1;0;2;3;1;5
202200019924;778 559;21;0;2;3;1;1
202200019925;778 555;7;13;0;9;1;1
202200019926;778 554;33;0;0;7;1;1
202200019927;778 553;1;0;0;0;1;5
202200019928;778 551;33;7;0;7;15;1
202200019929;778 548;17;0;2;7;12;1
202200019929;778 550;7;0;2;8;1;1
202200019930;778 547;7;0;2;1;17;1
202200019930;778 549;7;0;2;1;1;1
202200019930;778 552;10;0;2;3;1;1
202200019931;778 545;7;0;2;6;20;1
202200019931;778 546;10;0;2;7;1;1
202200019932;778 542;32;0;2;1;11;1
202200019932;778 544;30;0;2;1;3;0
202200019933;778 541;33;0;2;1;5;1
202200019933;778 543;7;0;2;3;5;1
202200019934;778 540;7;0;1;1;15;1
202200019935;778 536;2;0;0;0;1;1
202200019936;778 535;7;0;2;6;1;1
202200019936;778 538;32;0;2;7;3;1
202200019936;778 539;7;0;2;2;12;1
202200019937;778 533;7;0;2;3;1;1
202200019937;778 537;7;0;2;3;13;1
202200019938;778 532;13;0;2;7;10;1
202200019938;778 534;33;0;2;1;1;1
202200019939;778 528;10;0;2;1;1;1
202200019939;778 530;1;0;2;4;1;5
202200019940;778 527;43;0;2;2;2;1
202200019940;778 529;7;0;2;3;11;2
202200019940;778 531;33;0;2;4;2;1
202200019941;778 525;1;0;0;0;1;5
202200019942;778 524;7;0;2;1;1;1
202200019942;778 526;7;0;2;1;13;1
202200019943;778 523;7;0;1;4;1;2
202200019944;778 521;33;13;0;2;1;1
202200019945;778 520;7;0;2;4;1;1
202200019945;778 522;31;0;2;1;2;1
202200019946;778 518;80;0;2;8;19;3
202200019946;778 519;50;0;2;1;1;3
202200019947;778 515;7;0;2;4;2;1
202200019947;778 517;7;0;2;1;2;1
202200019948;778 514;32;0;2;8;3;1
202200019948;778 516;7;0;2;2;1;1
202200019949;778 513;2;5;0;3;13;1
202200019950;778 510;7;0;2;4;2;1
202200019950;778 512;7;0;2;1;2;1
202200019951;778 509;7;0;2;1;15;1
202200019951;778 511;1;0;2;1;1;5
202200019952;778 507;7;3;0;2;12;1
202200019953;778 504;10;0;1;6;22;1
202200019954;778 503;7;0;2;9;9;1
202200019954;778 505;7;0;2;9;9;1
202200019954;778 506;7;0;2;1;9;1
202200019954;778 508;7;0;2;9;1;1
202200019955;778 501;10;0;2;4;21;1
202200019955;778 502;7;0;2;1;1;1
202200019956;778 500;32;12;0;3;16;1
202200019957;778 499;7;0;1;3;15;1
202200019958;778 497;30;0;2;1;2;1
202200019958;778 498;31;0;2;4;2;1
202200019959;778 496;7;0;1;1;16;2
202200019960;778 495;7;13;0;1;1;1
202200019961;778 493;7;0;9;3;1;1
202200019961;778 494;1;0;2;8;9;5
202200019962;778 491;7;0;1;2;14;1
202200019963;778 490;32;0;2;1;1;1
202200019963;778 492;7;0;2;6;10;1
202200019964;778 488;7;0;2;7;2;1
202200019964;778 489;30;0;2;1;2;1
202200019965;778 487;7;0;1;1;1;1
202200019966;778 486;1;0;0;0;1;5
202200019967;778 483;2;0;2;1;3;1
202200019967;778 485;7;0;9;8;19;1
202200019968;778 481;7;0;2;4;2;1
202200019968;778 484;7;0;2;1;2;1
202200019969;778 479;10;0;2;1;1;3
202200019969;778 482;1;0;2;4;11;5
202200019970;778 478;10;0;2;1;1;1
202200019970;778 480;34;0;2;7;19;1
202200019971;778 475;7;0;2;2;15;1
202200019971;778 477;7;0;2;1;1;1
202200019972;778 476;33;0;1;1;1;1
202200019973;778 473;7;0;2;1;26;1
202200019973;778 474;7;0;2;4;26;0
202200019974;778 471;7;6;1;7;1;1
202200019975;778 469;31;0;2;0;0;1
202200019976;778 470;30;0;2;7;1;1
202200019976;778 472;7;0;2;3;20;1
202200019977;778 465;7;0;2;7;19;1
202200019977;778 468;31;0;2;1;2;1
202200019978;778 463;7;0;2;8;15;1
202200019978;778 467;34;0;2;2;17;1
202200019979;778 464;30;0;2;0;18;0
202200019979;778 466;50;0;2;7;5;3
202200019980;778 456;7;0;2;1;17;3
202200019980;778 459;33;0;2;7;17;1
202200019980;778 462;7;0;2;6;23;1
202200019981;778 455;7;0;2;4;23;1
202200019981;778 458;33;0;2;9;23;1
202200019981;778 461;7;0;2;1;2;1
202200019982;778 457;32;0;2;0;2;1
202200019982;778 460;10;0;2;0;2;1
202200019983;778 453;7;0;2;3;5;1
202200019983;778 454;7;0;0;3;1;1
202200019984;778 449;7;0;2;4;2;1
202200019984;778 451;7;0;2;1;2;1
202200019985;778 450;40;0;2;2;1;3
202200019985;778 452;10;0;4;3;15;1
202200019986;778 447;31;0;2;0;21;1
202200019986;778 448;7;0;2;2;0;1
202200019987;778 444;43;0;2;1;5;1
202200019987;778 446;7;0;2;2;2;2
202200019988;778 443;10;0;2;3;9;1
202200019988;778 445;7;0;2;1;1;1
202200019989;778 442;7;0;1;2;17;1
202200019990;778 438;10;0;2;1;2;1
202200019990;778 439;7;0;2;4;2;1
202200019991;778 437;33;3;0;1;1;1
202200019992;778 436;7;0;1;1;15;1
202200019993;778 434;7;0;1;1;1;1
202200019994;778 433;7;0;2;3;13;1
202200019994;778 435;7;0;2;1;1;1
202200019995;778 431;7;0;2;2;10;1
202200019995;778 432;34;0;2;1;1;1
202200019996;778 429;7;0;2;1;1;1
202200019996;778 430;7;0;2;3;19;1
202200019997;778 428;7;12;0;2;1;0
202200019998;778 426;7;0;2;1;2;1
202200019998;778 427;7;0;2;4;2;1
202200019999;778 424;32;0;2;1;1;1
202200019999;778 425;7;0;2;5;15;1
202200020000;778 423;34;3;0;3;16;1
202200020001;778 419;7;0;2;8;22;1
202200020001;778 421;2;1;0;2;17;3
202200020002;778 418;7;0;2;0;0;1
202200020002;778 420;7;0;2;0;0;1
202200020002;778 422;37;0;2;0;26;1
202200020003;778 416;60;0;0;1;2;5
202200020004;778 415;7;0;2;5;15;1
202200020004;778 417;33;0;2;1;1;1
202200020005;778 414;7;0;0;0;14;1
202200020006;778 413;32;0;1;0;0;0
202200020007;778 409;7;0;2;3;1;1
202200020007;778 410;7;0;2;3;1;1
202200020007;778 412;7;0;2;3;1;1
202200020008;778 408;7;0;0;0;1;0
202200020008;778 411;10;0;2;1;1;1
202200020009;778 405;7;0;2;1;2;1
202200020009;778 406;1;0;0;0;0;5
202200020010;778 404;7;0;2;1;1;1
202200020010;778 407;7;3;2;1;5;1
202200020011;778 401;7;0;2;3;13;1
202200020011;778 402;7;0;2;3;1;1
202200020012;778 400;7;2;0;1;1;1
202200020013;778 399;80;0;1;1;1;3
202200020014;778 396;7;0;2;1;2;1
202200020014;778 397;7;0;2;4;2;1
202200020014;778 398;7;0;2;4;23;1
202200020015;778 395;7;12;0;4;15;1
202200020016;778 392;7;0;2;4;1;1
202200020016;778 393;10;0;2;1;1;1
202200020016;778 394;7;0;2;1;1;1
202200020017;778 390;7;0;2;8;20;1
202200020017;778 391;32;0;2;1;1;1
202200020018;778 388;50;0;2;3;19;3
202200020018;778 389;7;0;2;2;1;1
202200020019;778 386;7;0;1;7;1;1
202200020020;778 385;7;0;2;9;1;1
202200020020;778 387;7;0;2;7;12;1
202200020021;778 383;10;0;2;8;12;1
202200020021;778 384;33;0;2;3;2;1
202200020022;778 382;7;0;1;3;1;1
202200020023;778 380;33;0;2;1;2;1
202200020023;778 381;10;0;2;5;2;1
202200020024;778 378;32;3;0;7;14;1
202200020025;778 377;7;0;2;2;0;2
202200020025;778 379;7;1;2;2;13;1
202200020026;778 375;7;0;2;4;0;1
202200020026;778 376;7;0;2;1;2;1
202200020027;778 373;7;0;2;8;15;1
202200020027;778 374;34;0;2;1;17;1
202200020028;778 368;7;0;1;2;1;1
202200020029;778 366;7;0;2;6;1;1
202200020029;778 367;10;0;2;4;1;1
202200020029;778 369;7;0;2;4;1;1
202200020029;778 370;7;0;2;4;1;1
202200020029;778 371;7;0;2;4;1;1
202200020029;778 372;7;0;2;1;1;1
202200020030;778 364;33;0;2;5;21;1
202200020030;778 365;7;0;2;5;11;1
202200020031;778 362;7;0;2;1;1;1
202200020031;778 363;7;0;2;4;0;1
202200020032;778 359;7;0;1;1;26;1
202200020033;778 358;7;0;1;1;15;1
202200020034;778 354;7;0;2;0;17;1
202200020034;778 355;50;0;2;0;1;3
202200020035;778 353;7;0;1;4;20;1
202200020036;778 350;10;0;2;4;16;0
202200020036;778 351;2;0;2;4;1;1
202200020037;778 349;50;0;1;1;5;3
202200020038;778 348;7;0;1;2;16;0
202200020039;778 346;50;0;2;8;15;3
202200020039;778 347;37;0;2;2;26;1
202200020040;778 345;10;0;1;2;1;1
202200020041;778 343;2;0;2;7;17;1
202200020041;778 344;7;0;2;3;15;1
202200020042;778 342;7;0;1;1;1;1
202200020043;778 340;7;0;2;1;1;1
202200020043;778 341;50;0;2;8;9;3
202200020044;778 339;7;0;1;2;1;1
202200020045;778 337;33;0;1;1;1;1
202200020046;778 336;7;0;1;2;1;1
202200020047;778 335;7;0;1;8;15;1
202200020048;778 334;7;0;1;1;19;1
202200020049;778 333;7;0;1;3;1;1
202200020050;778 330;7;0;2;1;26;1
202200020050;778 331;7;0;2;1;1;1
202200020050;778 332;7;0;2;1;9;0
202200020051;778 329;7;0;1;1;20;2
202200020052;778 328;10;0;1;1;15;1
202200020053;778 327;7;2;0;1;13;1
202200020054;778 326;7;0;2;0;21;1
202200020055;778 325;7;0;1;2;1;1
202200020056;778 322;50;0;1;1;1;3
202200020057;778 319;3;0;2;2;19;1
202200020057;778 320;7;0;2;1;1;1
202200020058;778 317;7;0;2;3;15;1
202200020058;778 318;32;0;2;3;1;1
202200020059;778 316;7;0;1;3;1;1
202200020060;778 314;1;0;2;0;0;5
202200020060;778 315;1;0;2;0;0;5
202200020061;778 313;50;0;0;0;1;3
202200020062;778 311;37;0;2;1;1;1
202200020062;778 312;7;16;2;7;15;1
202200020063;778 310;7;0;1;1;19;1
202200020064;778 308;7;0;2;5;20;1
202200020064;778 309;30;0;2;3;18;1
202200020065;778 306;7;0;2;1;1;1
202200020065;778 307;7;0;2;1;13;1
202200020066;778 305;7;0;1;7;1;1
202200020067;778 300;7;0;2;1;2;1
202200020067;778 301;10;0;2;4;2;1
202200020067;778 302;10;0;2;4;2;1
202200020067;778 303;10;0;2;4;2;1
202200020067;778 304;7;0;2;1;2;1
202200020068;778 297;7;0;2;4;2;1
202200020068;778 298;7;0;2;3;2;1
202200020069;778 296;7;0;2;1;1;1
202200020070;778 290;2;0;2;4;2;1
202200020070;778 291;7;0;2;4;2;1
202200020070;778 292;7;0;2;1;1;1
202200020070;778 293;7;0;2;1;1;1
202200020070;778 294;10;0;2;1;2;1
202200020071;778 289;43;4;2;0;1;1
202200020072;778 284;1;0;1;1;26;5
202200020073;778 283;37;0;1;7;16;1
202200020074;778 281;7;0;2;4;0;1
202200020074;778 282;7;0;2;1;2;1
202200020075;778 280;7;15;0;2;1;1
202200020076;778 279;7;0;1;2;1;1
202200020077;778 277;7;0;9;8;1;1
202200020077;778 278;1;0;2;7;1;5
202200020078;778 273;7;0;2;1;2;1
202200020078;778 274;1;0;0;0;0;5
202200020079;778 271;7;0;2;6;23;1
202200020079;778 272;7;0;2;2;2;1
202200020080;778 269;37;0;0;6;1;2
202200020080;778 270;33;11;2;6;9;1
202200020081;778 267;7;0;2;3;11;1
202200020081;778 268;33;0;2;2;1;1
202200020082;778 258;7;0;2;2;1;1
202200020082;778 259;10;1;0;6;23;1
202200020083;778 256;7;0;2;2;2;1
202200020083;778 257;7;0;2;6;2;1
202200020084;778 254;7;0;2;4;2;1
202200020084;778 255;33;0;2;1;2;1
202200020085;778 252;7;0;2;3;9;1
202200020085;778 253;50;0;2;1;1;3
202200020086;778 251;7;0;1;1;1;1
202200020087;778 250;10;0;1;0;0;1
202200020088;778 248;10;0;2;3;2;1
202200020088;778 249;7;0;9;5;2;1
202200020089;778 246;7;0;2;1;1;1
202200020089;778 247;1;0;2;1;1;5
202200020090;778 244;0;0;2;1;0;0
202200020090;778 245;32;0;2;1;1;0
202200020091;778 242;7;0;2;1;1;1
202200020091;778 243;7;0;0;7;9;1
202200020092;778 240;17;0;2;4;2;1
202200020092;778 241;7;4;2;1;2;1
202200020093;778 238;7;0;2;1;1;1
202200020093;778 239;33;0;2;1;1;1
202200020094;778 236;32;0;2;8;1;1
202200020094;778 237;7;0;2;3;15;1
202200020095;778 235;31;0;2;1;21;1
202200020096;778 233;2;0;2;7;15;1
202200020096;778 234;7;0;2;1;1;1
202200020097;778 232;7;9;1;1;1;1
202200020098;778 231;7;1;0;3;1;1
202200020099;778 229;80;0;2;1;26;3
202200020099;778 230;7;0;2;0;0;1
202200020100;778 227;7;0;2;2;15;1
202200020100;778 228;32;0;2;3;21;3
202200020101;778 225;33;0;2;1;17;1
202200020101;778 226;7;0;2;3;15;1
202200020102;778 223;7;0;2;1;1;1
202200020102;778 224;2;0;2;7;1;1
202200020103;778 222;33;13;0;2;14;1
202200020104;778 221;7;0;1;1;1;1
202200020105;778 220;7;0;1;1;1;1
202200020106;778 219;33;0;0;0;1;1
202200020107;778 217;7;0;2;2;15;0
202200020107;778 218;2;0;2;7;1;1
202200020108;778 215;7;0;2;1;1;1
202200020108;778 216;50;0;2;1;8;3
202200020109;778 214;7;0;1;3;26;1
202200020110;778 212;32;0;2;1;1;1
202200020110;778 213;7;0;0;0;1;1
202200020111;778 211;7;0;1;1;15;1
202200020112;778 210;7;0;1;3;1;2
202200020113;778 208;1;0;2;2;1;5
202200020113;778 209;7;0;2;1;26;1
202200020114;778 206;7;0;2;3;15;1
202200020114;778 207;1;0;2;1;17;5
202200020115;778 205;30;0;1;7;1;1
202200020116;778 203;2;0;2;1;26;1
202200020116;778 204;7;0;2;2;15;1
202200020117;778 201;33;0;2;1;1;1
202200020117;778 202;7;0;2;3;19;1
202200020118;778 199;31;0;0;0;0;1
202200020118;778 200;7;0;2;2;15;1
202200020119;778 198;7;0;1;3;1;1
202200020120;778 196;7;0;2;1;13;1
202200020120;778 197;1;0;2;1;1;5
202200020121;778 195;7;14;0;1;1;1
202200020122;778 194;7;0;9;1;1;3
202200020123;778 192;7;0;2;3;5;1
202200020123;778 193;17;0;2;3;1;1
202200020124;778 190;7;0;2;3;1;1
202200020124;778 191;7;0;2;6;16;1
202200020125;778 188;7;0;2;4;16;1
202200020125;778 189;34;0;2;1;1;1
202200020126;778 186;7;0;2;3;19;1
202200020126;778 187;7;0;2;2;2;1
202200020127;778 185;7;0;0;1;1;1
202200020128;778 184;2;0;0;8;1;1
202200020129;778 182;50;1;0;0;1;3
202200020129;778 183;7;0;2;1;20;0
202200020130;778 181;7;0;1;2;1;1
202200020131;778 179;1;0;2;1;1;5
202200020131;778 180;7;0;2;1;1;1
202200020132;778 177;7;0;2;1;16;1
202200020132;778 178;50;0;2;1;5;3
202200020133;778 175;7;0;2;1;1;1
202200020133;778 176;7;0;2;4;1;1
202200020134;778 173;7;0;2;1;15;1
202200020134;778 174;1;0;2;8;1;5
202200020135;778 171;1;1;0;0;0;5
202200020135;778 172;10;1;0;8;24;1
202200020136;778 165;10;0;2;1;0;1
202200020136;778 166;7;0;2;1;1;1
202200020136;778 167;7;0;2;1;2;1
202200020136;778 168;7;0;0;1;2;2
202200020136;778 169;7;0;0;4;2;1
202200020137;778 163;7;8;0;1;0;1
202200020138;778 162;30;0;2;1;19;1
202200020138;778 164;7;0;2;3;1;1
202200020139;778 160;7;0;2;3;5;1
202200020139;778 161;7;0;2;1;1;1
202200020140;778 158;32;0;2;6;1;1
202200020140;778 159;7;0;2;1;15;1
202200020141;778 154;10;0;2;1;2;1
202200020141;778 155;7;0;2;0;0;1
202200020141;778 156;7;0;2;0;0;1
202200020141;778 157;7;0;2;0;0;1
202200020142;778 151;13;0;2;0;1;1
202200020142;778 152;7;0;2;6;9;1
202200020142;778 153;33;0;2;6;9;1
202200020143;778 149;34;0;0;0;0;0
202200020143;778 150;7;0;2;5;12;2
202200020144;778 147;7;0;2;3;13;1
202200020144;778 148;7;0;2;1;1;1
202200020145;778 146;7;0;0;1;0;1
202200020146;778 143;7;0;2;4;0;1
202200020146;778 144;7;0;2;4;0;1
202200020146;778 145;7;0;2;1;2;1
202200020147;778 141;7;0;2;1;2;1
202200020147;778 142;7;0;2;4;2;1
202200020148;778 140;10;14;0;1;0;1
202200020149;778 138;7;0;2;4;18;1
202200020149;778 139;7;0;2;3;1;1
202200020150;778 136;7;0;2;3;15;1
202200020150;778 137;32;0;2;2;0;1
202200020151;778 134;32;0;2;1;1;1
202200020151;778 135;10;4;2;1;13;1
202200020152;778 133;31;0;2;1;2;1
202200020153;778 131;32;0;2;1;1;1
202200020153;778 132;7;0;2;1;17;0
202200020154;778 129;7;0;2;1;2;1
202200020154;778 130;7;0;2;4;23;1
202200020155;778 128;1;8;0;1;25;5
202200020156;778 126;13;0;2;8;11;6
202200020156;778 127;31;0;2;2;1;1
202200020157;778 122;7;0;2;4;1;1
202200020157;778 123;7;0;2;3;2;1
202200020157;778 124;7;0;2;6;2;1
202200020157;778 125;7;0;2;2;18;2
202200020158;778 120;33;0;2;8;9;1
202200020158;778 121;32;0;2;2;1;1
202200020159;778 119;10;0;1;3;15;3
202200020160;778 117;34;0;2;5;1;1
202200020160;778 118;10;0;2;0;1;1
202200020161;778 116;7;4;0;2;1;1
202200020162;778 115;1;0;0;1;1;5
202200020163;778 113;1;0;2;7;13;5
202200020163;778 114;7;0;2;1;16;1
202200020164;778 111;7;0;2;7;1;2
202200020164;778 112;80;0;2;7;1;3
202200020165;778 109;7;0;2;0;1;1
202200020165;778 110;50;0;2;1;1;3
202200020166;778 107;1;0;2;1;1;5
202200020166;778 108;10;0;2;8;22;1
202200020167;778 106;7;0;1;2;16;1
202200020168;778 104;30;0;2;1;3;1
202200020168;778 105;32;0;2;7;0;1
202200020169;778 102;10;0;0;4;2;1
202200020169;778 103;7;0;2;1;2;1
202200020170;778 100;7;0;0;4;26;1
202200020170;778 101;37;0;2;0;0;6
202200020171;778 098;37;9;0;1;1;1
202200020171;778 099;7;9;0;6;15;1
202200020172;778 096;7;0;2;4;20;1
202200020172;778 097;7;0;2;3;23;1
202200020173;778 093;7;0;2;4;2;2
202200020173;778 094;7;0;2;4;2;1
202200020173;778 095;7;0;2;1;2;1
202200020174;778 091;7;0;2;2;21;1
202200020174;778 092;60;0;2;4;25;5
202200020175;778 089;17;0;0;0;0;1
202200020175;778 090;20;1;0;0;0;0
202200020176;778 087;13;0;2;4;2;1
202200020176;778 088;7;0;2;1;2;1
202200020177;778 085;34;0;2;1;5;1
202200020177;778 086;15;0;2;6;15;1
202200020178;778 083;7;0;2;3;15;1
202200020178;778 084;33;0;2;1;1;1
202200020179;778 081;7;0;2;5;1;1
202200020179;778 082;7;0;2;1;19;1
202200020180;778 079;7;0;2;3;10;1
202200020180;778 080;30;0;2;1;3;1
202200020181;778 077;30;0;2;1;1;1
202200020181;778 078;7;0;2;1;10;1
202200020182;778 075;30;0;2;1;2;1
202200020182;778 076;7;0;2;0;0;1
202200020183;778 073;7;0;2;3;15;1
202200020183;778 074;33;0;2;3;1;1
202200020184;778 071;7;0;2;1;1;0
202200020184;778 072;7;0;2;6;0;0
202200020185;778 069;7;0;0;0;0;2
202200020185;778 070;32;0;0;0;0;1
202200020186;778 068;7;0;1;1;1;1
202200020187;778 066;10;0;2;1;5;1
202200020187;778 067;10;0;2;1;5;1
202200020188;778 064;7;0;2;1;2;1
202200020188;778 065;7;0;2;4;2;0
202200020189;778 062;32;0;2;2;2;1
202200020189;778 063;7;0;2;5;13;1
202200020190;778 061;7;3;0;1;15;1
202200020191;778 059;34;0;0;0;0;1
202200020191;778 060;7;0;2;3;2;1
202200020192;778 057;7;0;2;8;9;1
202200020192;778 058;32;0;2;1;3;1
202200020193;778 055;10;0;2;3;26;1
202200020193;778 056;1;0;2;2;17;5
202200020194;778 052;7;0;2;4;23;3
202200020194;778 053;7;0;2;4;23;1
202200020194;778 054;7;0;2;1;2;1
202200020195;778 051;7;0;1;2;16;1
202200020196;778 050;33;0;0;7;1;1
202200020197;778 048;7;0;9;1;1;1
202200020197;778 049;1;0;2;7;19;5
202200020198;778 047;7;0;1;2;26;1
202200020199;778 045;13;0;2;3;1;0
202200020199;778 046;10;0;2;3;5;1
202200020200;778 043;7;0;2;2;17;1
202200020200;778 044;31;0;2;8;1;1
202200020201;778 041;7;0;2;1;1;1
202200020201;778 042;7;0;2;1;17;1
202200020202;778 039;1;0;2;4;2;5
202200020202;778 040;10;0;2;2;2;1
202200020203;778 036;7;0;2;3;13;1
202200020203;778 037;7;0;2;3;1;1
202200020203;778 038;21;0;0;0;1;1
202200020204;778 034;10;0;2;2;17;1
202200020204;778 035;7;0;0;6;1;2
202200020205;778 033;7;0;1;3;1;1
202200020206;778 031;7;0;2;3;13;1
202200020206;778 032;20;0;2;3;1;0
202200020207;778 030;37;0;1;2;1;1
202200020208;778 028;14;0;0;0;1;1
202200020208;778 029;33;0;0;9;1;1
202200020209;778 026;7;0;2;5;0;1
202200020209;778 027;7;0;2;3;0;1
202200020210;778 024;2;0;2;7;1;1
202200020210;778 025;17;0;2;3;1;1
202200020211;778 023;7;2;0;1;1;1
202200020212;778 021;33;0;2;7;17;1
202200020212;778 022;7;0;2;3;15;1
202200020213;778 019;7;0;2;1;1;1
202200020213;778 020;10;0;2;6;1;1
202200020214;778 018;33;13;0;2;1;1
202200020215;778 016;7;0;2;1;11;1
202200020215;778 017;7;0;2;1;26;1
202200020216;778 015;7;0;1;3;1;1
202200020217;778 013;7;0;2;1;5;1
202200020217;778 014;7;0;2;1;0;1
202200020218;778 012;80;0;1;1;1;3
202200020219;778 010;1;0;2;5;1;5
202200020219;778 011;7;0;2;1;9;1
202200020220;778 009;7;6;0;8;1;1
202200020221;778 007;7;0;2;2;15;1
202200020221;778 008;33;0;2;8;1;1
202200020222;778 005;2;0;2;3;1;1
202200020222;778 006;7;0;2;3;15;1
202200020223;778 004;7;0;0;0;13;1
202200020224;778 001;10;0;1;4;20;1
202200020225;778 000;7;2;0;3;13;1
202200020226;777 998;7;0;2;1;1;1
202200020226;777 999;7;0;2;1;13;1
202200020227;777 997;10;4;0;2;14;1
202200020228;777 995;7;0;0;3;15;1
202200020228;777 996;33;0;2;1;17;1
202200020229;777 994;33;0;1;1;1;1
202200020230;777 993;7;2;0;1;1;3
202200020231;777 991;7;0;2;8;1;1
202200020231;777 992;7;0;2;3;1;1
202200020232;777 990;7;6;0;1;1;1
202200020233;777 987;17;3;2;5;23;1
202200020233;777 988;17;0;2;1;21;1
202200020233;777 989;17;0;2;1;1;1
202200020234;777 984;7;0;2;3;5;1
202200020234;777 985;7;5;2;3;1;1
202200020234;777 986;7;0;2;1;1;1
202200020235;777 982;10;0;2;3;1;1
202200020235;777 983;7;8;2;1;1;1
202200020236;777 981;7;11;0;2;14;1
202200020237;777 979;2;0;2;1;1;1
202200020237;777 980;7;0;2;4;20;1
202200020238;777 977;7;0;1;1;1;1
202200020239;777 976;7;8;0;2;14;1
202200020240;777 974;7;0;2;1;1;1
202200020240;777 975;7;0;2;1;5;1
202200020241;777 972;34;9;0;1;0;1
202200020242;777 965;50;0;2;1;17;3
202200020242;777 966;7;0;9;3;1;1
202200020243;777 962;7;0;2;6;2;1
202200020243;777 963;7;0;2;2;11;1
202200020244;777 960;33;0;2;7;2;1
202200020244;777 961;7;0;2;8;11;1
202200020245;777 958;7;0;2;1;2;1
202200020245;777 959;7;0;2;4;2;1
202200020246;777 956;7;0;2;1;1;1
202200020246;777 957;7;0;2;1;5;1
202200020247;777 954;14;0;2;8;2;0
202200020247;777 955;7;0;2;2;12;1
202200020248;777 951;7;0;2;1;16;1
202200020248;777 953;7;8;0;5;1;1
202200020249;777 950;10;0;2;1;2;1
202200020249;777 952;7;0;2;4;2;1
202200020250;777 948;50;0;2;7;1;3
202200020250;777 949;7;0;2;3;9;1
202200020251;777 944;7;0;2;1;13;1
202200020251;777 946;7;0;2;1;1;1
202200020252;777 942;7;4;2;4;2;1
202200020252;777 943;7;0;2;4;2;1
202200020252;777 945;7;4;2;4;2;1
202200020252;777 947;7;0;2;1;2;1
202200020253;777 941;7;0;1;3;15;1
202200020254;777 940;33;0;2;1;17;1
202200020255;777 938;42;0;2;3;14;1
202200020255;777 939;7;0;2;2;1;1
202200020256;777 936;10;0;2;6;11;1
202200020256;777 937;7;0;2;7;1;1
202200020257;777 934;7;0;2;4;23;1
202200020257;777 935;7;14;2;1;2;1
202200020258;777 932;43;0;2;3;3;1
202200020258;777 933;7;0;2;5;2;3
202200020259;777 930;7;0;2;1;1;1
202200020259;777 931;7;0;2;6;0;1
202200020260;777 927;7;0;2;7;15;1
202200020260;777 929;7;0;2;2;0;1
202200020261;777 926;7;4;2;9;26;1
202200020261;777 928;7;4;2;1;1;1
202200020262;777 925;80;0;2;1;2;3
202200020263;777 923;33;0;2;1;1;1
202200020263;777 924;7;0;2;6;2;1
202200020264;777 919;7;0;2;4;1;1
202200020264;777 920;7;0;2;4;2;1
202200020264;777 921;7;0;2;4;1;1
202200020264;777 922;7;0;2;1;1;1
202200020265;777 914;2;0;2;1;2;1
202200020265;777 916;10;0;2;3;10;1
202200020266;777 913;7;4;2;4;1;2
202200020266;777 915;7;0;2;4;2;1