Num_Acc;id_vehicule;categorie_vehicule;obstacle_fixe;obstacle_mobile;point_choc_initial;manoeuvre_principale;motorisation
202200020266;777 917;7;0;2;4;2;1
202200020266;777 918;7;0;2;1;2;1
202200020267;777 911;13;0;2;2;12;1
202200020267;777 912;7;0;2;6;1;1
202200020268;777 909;10;0;2;0;16;1
202200020268;777 910;1;0;2;8;2;5
202200020269;777 907;33;2;0;1;1;1
202200020270;777 905;7;0;2;8;12;0
202200020270;777 906;7;0;2;7;12;1
202200020270;777 908;7;4;0;3;1;1
202200020271;777 904;10;0;1;4;20;1
202200020272;777 902;7;0;1;3;0;1
202200020273;777 901;7;0;2;3;15;1
202200020273;777 903;2;0;2;1;1;1
202200020274;777 899;7;0;2;8;1;1
202200020274;777 900;10;6;0;1;17;1
202200020275;777 898;7;6;0;1;16;1
202200020276;777 895;33;0;2;1;1;1
202200020276;777 897;7;0;2;8;19;1
202200020277;777 894;7;4;2;0;26;1
202200020277;777 896;7;0;2;8;0;1
202200020278;777 892;1;0;1;1;2;5
202200020279;777 893;1;0;0;0;1;5
202200020280;777 889;7;0;9;1;9;1
202200020280;777 891;1;0;2;7;26;5
202200020281;777 890;33;8;0;9;0;1
202200020282;777 887;7;0;2;2;1;1
202200020282;777 888;7;0;2;4;1;1
202200020283;777 884;7;;;;;
202200020283;777 886;7;;;;;
202200020284;777 883;7;0;2;8;1;1
202200020284;777 885;1;0;2;1;1;5
202200020285;777 880;7;0;2;1;2;1
202200020285;777 882;7;0;2;4;23;1
202200020286;777 881;7;8;0;1;14;1
202200020287;777 878;43;12;0;3;13;1
202200020288;777 876;7;0;2;3;1;1
202200020288;777 877;7;0;2;1;1;1
202200020288;777 879;7;0;2;3;1;1
202200020289;777 874;30;0;1;8;1;1
202200020290;777 873;50;0;2;1;15;3
202200020290;777 875;32;0;2;1;1;3
202200020291;777 871;10;0;2;1;15;1
202200020291;777 872;1;0;2;8;19;5
202200020292;777 868;7;0;2;8;15;1
202200020292;777 870;33;0;2;7;17;1
202200020293;777 864;2;0;2;2;1;1
202200020293;777 865;7;0;2;2;19;1
202200020294;777 862;7;0;2;0;18;0
202200020294;777 863;1;0;2;0;1;5
202200020295;777 860;7;0;2;1;26;1
202200020295;777 861;31;0;2;1;26;1
202200020296;777 859;7;0;0;2;14;1
202200020297;777 856;3;0;9;3;26;0
202200020298;777 857;50;0;2;1;19;3
202200020298;777 858;7;0;0;7;16;3
202200020299;777 854;7;0;9;2;9;1
202200020299;777 855;50;0;2;6;25;3
202200020300;777 853;1;0;1;1;1;5
202200020301;777 851;7;0;2;3;1;1
202200020301;777 852;10;0;2;0;0;1
202200020302;777 850;50;0;0;7;1;3
202200020303;777 849;7;0;1;2;1;1
202200020304;777 847;7;4;0;2;0;1
202200020305;777 846;1;0;2;7;1;5
202200020305;777 848;7;0;2;3;15;1
202200020306;777 844;33;0;0;0;26;0
202200020307;777 843;10;0;2;1;1;1
202200020307;777 845;7;0;2;4;23;2
202200020308;777 841;7;0;0;0;0;1
202200020308;777 842;32;0;0;2;17;1
202200020309;777 840;1;0;1;3;1;5
202200020310;777 837;43;0;2;1;1;1
202200020310;777 838;30;0;2;7;15;1
202200020311;777 839;7;0;1;2;16;2
202200020312;777 836;7;0;1;1;1;0
202200020313;777 834;7;0;2;3;0;1
202200020313;777 835;30;0;2;6;0;1
202200020314;777 832;7;8;1;1;14;1
202200020315;777 831;50;0;2;1;1;3
202200020315;777 833;7;0;9;3;1;1
202200020316;777 830;7;1;0;2;1;1
202200020317;777 829;33;0;0;0;12;1
202200020318;777 828;40;0;1;0;1;0
202200020319;777 827;7;0;1;1;26;0
202200020320;777 826;7;0;1;3;1;1
202200020321;777 824;32;0;2;1;1;1
202200020321;777 825;7;0;2;5;15;2
202200020322;777 821;7;12;0;2;14;1
202200020323;777 822;7;0;2;5;1;1
202200020323;777 823;7;0;2;2;1;1
202200020324;777 819;2;0;2;1;1;1
202200020324;777 820;7;0;2;4;23;1
202200020325;777 816;7;0;2;2;9;1
202200020325;777 818;33;0;2;1;1;1
202200020326;777 815;7;0;0;8;15;1
202200020326;777 817;34;0;2;1;17;1
202200020327;777 813;7;0;1;1;26;1
202200020328;777 812;50;0;2;1;25;3
202200020328;777 814;7;0;0;2;23;3
202200020329;777 809;7;0;2;6;1;1
202200020329;777 811;32;0;2;2;14;1
202200020330;777 808;60;0;2;2;1;5
202200020330;777 810;10;;2;;0;
202200020331;777 805;34;0;2;3;12;1
202200020331;777 807;7;0;2;4;1;1
202200020332;777 804;60;0;2;8;25;5
202200020332;777 806;7;0;2;2;16;1
202200020333;777 803;7;1;0;1;13;1
202200020334;777 802;7;;1;;0;
202200020335;777 800;50;0;2;3;19;3
202200020335;777 801;1;0;2;1;1;5
202200020336;777 797;50;0;1;8;1;3
202200020337;777 798;34;0;2;1;1;1
202200020337;777 799;7;0;2;7;15;1
202200020338;777 795;7;0;2;1;10;1
202200020338;777 796;33;0;2;1;1;1
202200020339;777 794;7;0;1;3;2;1
202200020340;777 791;30;0;2;8;1;3
202200020340;777 793;7;0;2;0;15;0
202200020341;777 790;7;0;0;1;1;1
202200020341;777 792;7;0;2;3;15;1
202200020342;777 788;30;0;2;8;18;1
202200020342;777 789;10;0;2;7;22;1
202200020343;777 786;33;0;2;1;1;1
202200020343;777 787;7;0;2;1;15;1
202200020344;777 783;10;0;0;4;2;1
202200020344;777 784;10;0;2;1;2;0
202200020344;777 785;7;0;2;1;2;1
202200020345;777 782;1;8;0;1;1;5
202200020346;777 780;2;0;1;1;17;0
202200020347;777 779;7;0;2;1;1;1
202200020347;777 781;7;0;2;7;1;1
202200020348;777 777;1;0;2;1;0;5
202200020348;777 778;50;0;2;0;0;3
202200020349;777 775;1;0;2;1;1;5
202200020349;777 776;50;0;2;7;9;3
202200020350;777 771;7;0;2;8;10;1
202200020350;777 773;30;0;2;7;15;3
202200020351;777 770;7;0;2;3;10;1
202200020351;777 772;33;0;2;3;1;1
202200020351;777 774;7;0;2;0;0;2
202200020352;777 769;7;0;1;3;15;1
202200020353;777 767;99;0;2;1;1;3
202200020353;777 768;14;0;9;7;1;1
202200020354;777 766;7;0;1;1;15;1
202200020355;777 763;7;0;1;2;21;1
202200020356;777 764;7;0;2;2;1;1
202200020356;777 765;60;0;2;1;19;5
202200020357;777 762;32;0;1;0;0;1
202200020358;777 761;7;0;1;2;17;1
202200020359;777 759;10;0;1;1;1;0
202200020360;777 760;33;12;0;3;2;1
202200020361;777 757;7;0;1;3;1;2
202200020362;777 755;17;0;2;2;0;1
202200020362;777 756;17;0;0;6;2;1
202200020362;777 758;7;0;2;2;2;1
202200020363;777 753;7;0;1;1;1;1
202200020363;777 754;7;0;2;2;9;1
202200020364;777 752;7;2;0;1;1;1
202200020365;777 750;7;0;2;4;0;1
202200020365;777 751;7;0;2;1;26;1
202200020366;777 747;7;0;2;8;0;1
202200020366;777 749;14;0;2;1;9;1
202200020367;777 746;10;0;2;2;1;1
202200020367;777 748;10;0;2;5;1;1
202200020368;777 743;33;0;2;1;17;1
202200020368;777 745;7;0;2;6;15;1
202200020369;777 744;33;0;0;8;21;1
202200020370;777 742;7;0;1;2;16;1
202200020371;777 741;7;2;0;9;1;1
202200020372;777 739;7;0;2;1;1;1
202200020372;777 740;10;0;2;2;15;0
202200020373;777 738;7;0;0;9;19;1
202200020374;777 737;33;0;1;1;3;1
202200020375;777 735;10;0;1;7;1;0
202200020376;777 734;7;0;2;1;2;2
202200020376;777 736;7;0;2;3;15;2
202200020377;777 732;7;13;0;1;1;1
202200020378;777 731;7;0;2;2;10;1
202200020378;777 733;31;0;0;0;0;0
202200020379;777 729;30;0;0;0;1;1
202200020380;777 728;10;0;2;8;1;1
202200020380;777 730;33;0;2;8;13;1
202200020381;777 727;10;0;1;1;2;1
202200020382;777 724;7;0;2;2;15;1
202200020382;777 725;10;0;2;3;1;1
202200020383;777 723;7;0;2;3;21;1
202200020383;777 726;7;0;2;1;13;1
202200020384;777 721;10;0;2;4;2;1
202200020384;777 722;10;0;2;0;1;1
202200020385;777 718;7;0;9;2;2;1
202200020385;777 719;50;0;2;3;2;3
202200020386;777 717;7;0;2;1;9;0
202200020386;777 720;43;0;2;2;1;1
202200020387;777 715;7;1;;2;21;1
202200020387;777 716;7;0;2;8;24;1
202200020388;777 713;7;0;2;8;9;1
202200020388;777 714;7;0;0;1;1;1
202200020389;777 712;31;0;0;0;1;1
202200020390;777 711;32;12;0;1;1;1
202200020391;777 710;7;13;0;3;1;1
202200020392;777 709;7;13;0;1;1;1
202200020393;777 708;7;0;1;2;0;1
202200020394;777 704;60;0;2;1;19;5
202200020394;777 705;7;0;9;7;1;1
202200020395;777 702;7;0;2;3;1;1
202200020395;777 703;7;0;2;3;13;1
202200020396;777 698;7;0;2;7;19;1
202200020396;777 701;7;0;2;1;1;1
202200020397;777 699;7;0;2;1;15;1
202200020397;777 700;33;0;2;1;3;1
202200020398;777 697;7;0;1;3;1;1
202200020399;777 696;7;2;0;1;14;1
202200020400;777 695;7;4;0;3;13;1
202200020401;777 694;14;16;0;0;1;1
202200020402;777 693;14;16;0;7;14;1
202200020403;777 692;7;0;1;2;1;1
202200020404;777 690;7;0;1;2;1;1
202200020405;777 689;7;0;2;2;2;2
202200020405;777 691;1;0;0;4;2;5
202200020406;777 686;7;6;0;2;1;1
202200020407;777 682;7;0;2;3;9;1
202200020407;777 683;33;0;2;2;15;1
202200020408;777 684;30;0;2;1;1;1
202200020408;777 685;7;0;2;2;15;1
202200020409;777 679;7;0;1;7;1;1
202200020410;777 677;7;0;2;1;2;1
202200020410;777 678;7;0;2;4;23;1
202200020410;777 680;7;0;2;4;23;1
202200020410;777 681;7;0;2;4;23;1
202200020411;777 676;7;0;0;9;1;1
202200020412;777 675;36;0;0;0;0;1
202200020413;777 672;7;0;2;3;1;1
202200020413;777 673;7;0;2;3;1;1
202200020414;777 671;7;2;0;4;16;1
202200020414;777 674;7;0;2;1;2;1
202200020415;777 670;39;0;1;1;1;1
202200020416;777 668;7;0;0;3;0;1
202200020417;777 665;7;0;1;3;1;1
202200020418;777 664;7;0;2;8;20;1
202200020418;777 666;33;0;2;7;1;1
202200020419;777 660;7;5;0;0;0;1
202200020420;777 661;30;0;0;0;1;1
202200020421;777 658;7;0;2;3;1;1
202200020421;777 659;7;0;2;8;6;1
202200020422;777 657;7;3;0;1;0;1
202200020423;777 656;21;6;0;5;1;1
202200020424;777 655;7;0;1;4;20;1
202200020425;777 651;7;0;2;2;1;1
202200020425;777 654;7;0;2;0;0;0
202200020426;777 648;7;0;2;3;1;1
202200020426;777 650;7;0;2;3;1;1
202200020427;777 646;10;0;2;2;1;1
202200020427;777 647;7;0;2;3;1;1
202200020427;777 649;7;0;2;1;17;1
202200020428;777 645;32;16;0;1;1;1
202200020429;777 644;7;0;1;1;1;1
202200020430;777 640;7;0;2;8;23;1
202200020430;777 642;7;1;2;4;2;1
202200020430;777 643;10;0;2;1;2;1
202200020431;777 641;10;5;0;1;9;1
202200020432;777 638;7;4;0;2;1;1
202200020433;777 637;2;0;2;8;9;1
202200020433;777 639;7;0;2;1;1;1
202200020434;777 632;2;0;2;3;1;1
202200020434;777 634;7;0;2;3;16;1
202200020435;777 633;31;0;2;1;1;1
202200020435;777 635;10;0;2;8;1;1
202200020435;777 636;10;0;2;8;9;1
202200020436;777 630;7;3;0;0;0;1
202200020436;777 631;7;3;0;0;0;1
202200020437;777 628;80;0;1;0;5;3
202200020438;777 626;7;0;2;5;1;1
202200020438;777 629;17;0;2;2;14;1
202200020439;777 625;34;0;2;1;2;1
202200020439;777 627;7;0;2;3;10;1
202200020440;777 624;7;0;1;5;1;1
202200020441;777 618;7;0;2;7;13;1
202200020441;777 620;33;0;2;1;1;0
202200020442;777 619;15;0;2;5;2;1
202200020442;777 622;33;0;2;1;0;1
202200020443;777 616;7;2;0;7;1;1
202200020444;777 617;7;0;2;1;2;1
202200020444;777 621;7;0;2;1;2;1
202200020444;777 623;7;0;2;4;2;2
202200020445;777 615;7;15;0;2;0;1
202200020446;777 614;7;0;0;0;2;1
202200020447;777 608;33;0;2;1;1;1
202200020447;777 610;7;0;2;5;9;1
202200020448;777 609;33;0;2;1;1;1
202200020448;777 611;7;0;2;4;12;1
202200020449;777 605;15;2;2;3;1;1
202200020449;777 606;7;13;2;3;13;1
202200020450;777 607;33;14;0;7;1;1
202200020451;777 602;17;0;2;2;12;1
202200020451;777 603;7;3;0;3;1;1
202200020452;777 601;17;0;2;8;1;1
202200020452;777 604;7;0;2;3;1;1
202200020453;777 598;17;0;0;4;23;1
202200020453;777 600;10;0;2;1;2;1
202200020454;777 594;7;0;2;1;2;1
202200020454;777 596;7;0;2;4;2;1
202200020454;777 597;7;0;2;4;2;1
202200020454;777 599;7;0;2;2;2;1
202200020455;777 593;7;8;0;1;1;1
202200020456;777 589;7;0;2;1;2;1
202200020456;777 591;10;0;2;1;2;1
202200020457;777 590;7;0;2;1;1;1
202200020457;777 592;7;0;2;4;1;1
202200020458;777 587;33;12;0;4;16;1
202200020459;777 586;7;0;2;4;2;1
202200020459;777 588;0;0;2;1;2;0
202200020460;777 585;7;10;0;1;1;1
202200020461;777 581;7;0;2;4;1;1
202200020461;777 582;7;0;2;1;1;1
202200020461;777 583;7;0;2;4;1;1
202200020461;777 584;7;0;2;1;1;1
202200020462;777 579;7;0;1;1;1;1
202200020463;777 578;33;0;2;2;1;1
202200020463;777 580;7;0;2;3;13;1
202200020464;777 577;7;0;0;9;1;1
202200020465;777 576;7;4;0;1;14;1
202200020466;777 573;7;4;2;7;21;1
202200020466;777 574;7;4;2;6;1;1
202200020466;777 575;17;4;2;2;12;1
202200020467;777 571;7;0;2;1;1;1
202200020467;777 572;34;0;2;4;23;1
202200020468;777 569;31;4;2;1;2;1
202200020468;777 570;7;4;2;4;2;1
202200020469;777 566;7;9;2;8;1;1
202200020469;777 568;7;9;2;3;1;1
202200020470;777 563;7;0;2;4;2;1
202200020470;777 564;31;0;2;4;2;1
202200020470;777 565;33;0;2;4;2;1
202200020470;777 567;33;0;2;1;1;1
202200020471;777 562;34;4;2;1;1;1
202200020472;777 560;7;0;2;1;1;1
202200020472;777 561;7;0;2;4;1;1
202200020473;777 555;7;4;2;8;2;1
202200020473;777 556;7;4;2;4;2;1
202200020473;777 558;33;4;2;4;2;1
202200020473;777 559;7;4;2;1;1;1
202200020474;777 554;7;0;2;3;1;1
202200020474;777 557;50;0;2;1;1;3
202200020475;777 551;7;4;2;4;2;1
202200020475;777 552;10;4;2;4;2;1
202200020475;777 553;7;4;2;1;2;1
202200020476;777 548;7;0;2;6;12;1
202200020476;777 549;7;0;2;2;12;1
202200020477;777 547;20;0;2;4;1;1
202200020477;777 550;20;0;2;1;2;1
202200020478;777 544;31;0;2;8;3;1
202200020478;777 545;7;0;2;6;2;1
202200020478;777 546;7;0;2;2;14;1
202200020479;777 541;1;0;2;8;1;5
202200020479;777 542;80;0;0;7;17;3
202200020480;777 538;7;0;2;0;11;1
202200020480;777 539;30;0;2;0;1;1
202200020481;777 540;7;0;2;1;26;1
202200020481;777 543;7;0;2;1;1;1
202200020482;777 536;1;0;2;4;9;5
202200020482;777 537;33;0;2;1;1;1
202200020483;777 533;30;0;2;8;1;1
202200020483;777 534;10;0;2;7;16;1
202200020484;777 531;10;0;1;1;15;1
202200020485;777 530;50;0;1;1;19;3
202200020486;777 532;10;0;2;1;9;1
202200020486;777 535;7;0;2;8;1;1
202200020487;777 528;7;0;2;2;10;1
202200020487;777 529;30;0;2;3;1;1
202200020488;777 527;33;0;0;0;26;1
202200020489;777 526;7;6;0;1;26;1
202200020490;777 523;7;0;2;3;1;1
202200020490;777 525;2;0;2;3;17;1
202200020491;777 522;2;0;2;8;15;1
202200020491;777 524;7;0;2;7;2;1
202200020492;777 519;37;1;0;4;26;0
202200020492;777 521;7;1;0;1;2;1
202200020493;777 516;7;0;2;1;1;1
202200020493;777 517;7;0;2;5;15;1
202200020494;777 518;7;0;2;2;15;1
202200020494;777 520;1;0;2;1;1;5
202200020495;777 514;7;0;2;3;15;1
202200020495;777 515;2;0;2;2;0;1
202200020496;777 511;33;1;2;1;17;1
202200020496;777 512;7;1;2;3;19;1
202200020497;777 510;1;0;2;1;2;5
202200020497;777 513;7;0;2;4;23;1
202200020498;777 509;37;1;0;8;1;1
202200020499;777 506;1;0;2;7;0;5
202200020499;777 508;7;0;2;3;15;1
202200020500;777 505;1;0;2;1;1;5
202200020500;777 507;7;0;2;1;1;1
202200020501;777 502;7;0;2;2;1;0
202200020501;777 503;7;0;2;3;1;0
202200020501;777 504;32;0;2;0;9;0
202200020502;777 500;7;0;2;7;15;1
202200020502;777 501;32;0;2;1;1;1
202200020503;777 497;7;0;1;1;1;2
202200020504;777 496;7;0;2;3;1;1
202200020504;777 498;7;0;2;5;15;1
202200020504;777 499;7;0;2;2;1;1
202200020505;777 493;7;0;2;4;23;1
202200020505;777 495;10;0;2;1;1;0
202200020506;777 492;10;0;1;2;1;1
202200020507;777 490;10;16;0;9;1;1
202200020508;777 491;7;0;2;4;2;1
202200020508;777 494;7;0;2;1;2;1
202200020509;777 488;7;0;2;3;1;1
202200020509;777 489;31;0;2;3;17;1
202200020510;777 487;7;0;1;3;1;1
202200020511;777 485;10;0;2;3;1;1
202200020511;777 486;7;0;2;3;13;1
202200020512;777 484;7;14;0;2;1;1
202200020513;777 481;33;0;0;1;1;1
202200020514;777 482;32;0;2;3;0;0
202200020514;777 483;7;0;2;3;1;0
202200020515;777 480;7;3;0;0;1;1
202200020516;777 477;7;0;2;5;2;1
202200020516;777 479;15;0;2;3;2;1
202200020517;777 475;7;2;0;8;17;1
202200020518;777 473;7;6;2;3;1;1
202200020518;777 474;7;0;2;1;1;1
202200020519;777 468;7;6;0;3;1;1
202200020520;777 466;33;0;2;1;1;1
202200020520;777 467;7;0;2;3;20;1
202200020521;777 464;21;0;2;3;15;1
202200020521;777 465;7;0;2;2;17;1
202200020522;777 460;10;0;2;3;1;1
202200020522;777 461;7;0;2;3;13;1
202200020522;777 463;7;0;2;1;1;1
202200020523;777 457;15;13;2;1;2;1
202200020523;777 458;7;3;2;4;9;1
202200020524;777 456;7;6;0;3;1;1
202200020525;777 454;7;0;2;3;1;1
202200020525;777 455;7;9;2;7;9;1
202200020526;777 453;31;16;0;9;1;1
202200020527;777 452;7;0;1;3;1;1
202200020528;777 449;7;0;2;3;1;1
202200020528;777 451;7;0;2;3;1;1
202200020529;777 447;7;0;2;0;0;1
202200020529;777 450;33;0;2;0;0;1
202200020530;777 446;10;0;2;1;1;1
202200020530;777 448;7;0;2;1;5;1
202200020531;777 445;7;13;0;0;21;1
202200020532;777 441;7;0;2;3;13;1
202200020532;777 443;7;1;2;3;1;1
202200020532;777 444;7;0;2;6;24;1
202200020533;777 440;15;0;2;1;1;1
202200020533;777 442;7;0;0;4;1;1
202200020534;777 435;15;0;0;5;2;1
202200020534;777 438;10;3;2;2;2;1
202200020535;777 436;33;0;2;1;1;1
202200020535;777 439;7;0;2;2;15;1
202200020536;777 433;2;0;2;8;1;1
202200020536;777 437;7;0;2;2;16;1
202200020537;777 431;31;0;2;1;2;1
202200020537;777 434;2;0;2;8;2;1
202200020538;777 432;33;1;0;1;2;1
202200020539;777 429;7;0;1;2;1;1
202200020540;777 427;7;0;2;6;1;1
202200020540;777 430;7;1;2;1;1;0
202200020541;777 426;2;0;2;1;1;1
202200020541;777 428;7;0;9;3;13;1
202200020542;777 424;10;0;2;7;17;1
202200020542;777 425;1;0;2;8;1;5
202200020543;777 422;7;0;2;8;10;1
202200020543;777 423;1;0;2;1;1;5
202200020544;777 420;1;0;2;1;1;5
202200020544;777 421;50;0;2;1;1;3
202200020545;777 419;40;0;1;1;1;3
202200020546;777 416;33;0;2;1;13;1
202200020546;777 418;7;0;2;3;1;1
202200020547;777 414;32;0;2;2;17;0
202200020547;777 415;7;0;2;8;15;0
202200020548;777 417;7;6;0;2;13;1
202200020549;777 413;7;13;0;3;1;1
202200020550;777 411;50;0;2;2;2;3
202200020550;777 412;7;0;2;3;18;1
202200020551;777 406;7;0;1;1;1;1
202200020552;777 407;10;0;2;3;14;1
202200020552;777 409;7;0;2;1;21;1
202200020553;777 408;7;0;9;1;15;1
202200020553;777 410;1;0;2;3;1;5
202200020554;777 405;7;6;0;1;16;1
202200020555;777 402;7;1;0;2;1;1
202200020556;777 401;7;0;2;5;17;1
202200020556;777 403;30;0;2;3;15;1
202200020557;777 398;33;0;2;1;26;1
202200020557;777 399;10;0;2;6;10;1
202200020558;777 400;33;0;2;1;2;1
202200020558;777 404;7;0;2;4;2;1
202200020559;777 396;32;0;2;1;0;1
202200020559;777 397;32;0;2;1;0;1
202200020560;777 394;7;0;2;1;15;1
202200020560;777 395;50;0;2;1;1;3
202200020561;777 392;7;0;1;2;1;1
202200020562;777 393;10;0;1;3;16;1
202200020563;777 391;7;0;0;0;26;1
202200020564;777 390;50;0;0;0;1;3
202200020565;777 388;7;4;0;3;1;1
202200020566;777 389;2;0;0;0;14;1
202200020567;777 387;10;2;0;2;1;1
202200020568;777 385;33;6;0;1;13;1
202200020569;777 384;7;0;2;3;17;1
202200020569;777 386;33;0;2;1;1;1
202200020570;777 382;7;2;0;2;0;1
202200020571;777 381;1;0;2;1;19;5
202200020571;777 383;7;0;2;3;16;1
202200020572;777 380;2;13;0;0;13;1
202200020573;777 379;37;1;0;1;1;1
202200020574;777 376;7;4;0;1;17;1
202200020575;777 377;7;2;0;7;14;1
202200020576;777 375;31;0;0;8;1;1
202200020576;777 378;7;0;2;1;1;1
202200020577;777 374;7;0;1;1;1;1
202200020578;777 373;7;0;1;3;1;1
202200020579;777 370;10;0;2;1;1;1
202200020579;777 372;7;0;2;4;1;1
202200020580;777 369;21;0;0;7;14;1
202200020581;777 371;7;0;1;6;1;2
202200020582;777 367;7;0;2;2;11;1
202200020582;777 368;7;0;2;1;1;1
202200020583;777 364;7;0;2;4;2;1
202200020583;777 365;1;0;2;1;2;5
202200020584;777 362;7;0;2;3;13;1
202200020584;777 366;7;13;2;8;1;1
202200020585;777 360;7;0;0;0;1;1
202200020586;777 361;7;0;2;1;2;1
202200020586;777 363;2;0;2;4;2;1
202200020587;777 358;7;2;0;1;1;1
202200020588;777 355;10;0;2;1;13;1
202200020588;777 357;7;0;2;1;1;1
202200020589;777 356;7;0;2;2;17;1
202200020589;777 359;1;0;2;8;1;5
202200020590;777 353;7;0;1;1;1;1
202200020591;777 354;15;9;0;1;1;1
202200020592;777 352;33;0;0;0;0;1
202200020593;777 348;10;0;0;4;15;1
202200020593;777 351;2;0;2;1;17;1
202200020594;777 347;7;0;2;3;14;2
202200020594;777 350;33;0;2;1;1;1
202200020595;777 346;7;0;2;7;17;0
202200020595;777 349;31;0;2;8;2;1
202200020596;777 341;30;0;2;1;17;1
202200020596;777 344;10;0;2;3;9;1
202200020597;777 342;7;0;2;8;19;1
202200020597;777 345;7;0;2;1;19;1
202200020598;777 340;21;0;0;7;15;1
202200020598;777 343;33;0;2;0;1;1
202200020599;777 337;30;0;2;2;17;1
202200020599;777 339;7;0;2;3;2;1
202200020600;777 335;33;0;2;1;1;1
202200020600;777 338;7;0;2;3;20;3
202200020601;777 333;7;0;1;1;16;1
202200020602;777 334;7;0;2;1;1;1
202200020602;777 336;7;0;2;7;19;1
202200020603;777 331;33;0;2;1;13;1
202200020603;777 332;7;0;2;3;1;1
202200020604;777 327;7;0;2;1;1;1
202200020604;777 329;7;4;2;4;1;1
202200020604;777 330;7;0;2;4;1;1
202200020605;777 325;7;0;2;2;1;1
202200020605;777 328;1;0;2;1;15;5
202200020606;777 324;7;0;2;1;2;1
202200020606;777 326;7;0;2;4;2;1
202200020607;777 323;32;0;1;1;1;1
202200020608;777 320;33;0;2;2;1;1
202200020608;777 322;7;0;2;7;19;1
202200020609;777 319;7;4;0;1;2;1
202200020610;777 318;7;0;2;1;1;1
202200020610;777 321;7;0;2;8;1;1
202200020611;777 316;1;0;2;7;11;5
202200020611;777 317;7;0;2;1;1;1
202200020612;777 314;7;0;1;3;1;1
202200020613;777 313;14;0;2;0;0;1
202200020613;777 315;7;4;2;0;21;1
202200020614;777 312;7;15;0;9;1;1
202200020615;777 309;7;0;2;5;1;1
202200020615;777 311;33;0;2;1;21;1
202200020616;777 310;7;0;0;3;14;1
202200020617;777 308;7;0;6;2;1;1
202200020618;777 306;1;0;0;7;1;5
202200020619;777 305;7;0;2;5;1;1
202200020619;777 307;7;0;2;3;11;1
202200020620;777 303;50;0;0;0;1;3
202200020621;777 301;10;0;2;1;21;1
202200020621;777 304;7;3;2;2;0;1
202200020622;777 300;31;0;2;1;13;1
202200020622;777 302;7;0;9;3;1;1
202200020623;777 297;7;0;2;8;15;1
202200020623;777 299;10;0;2;1;1;1
202200020624;777 295;32;0;2;6;1;1
202200020624;777 296;32;16;2;2;1;1
202200020625;777 291;14;0;0;5;23;1
202200020625;777 292;7;0;2;3;13;1
202200020626;777 293;7;4;2;3;11;1
202200020626;777 294;33;4;2;3;1;1
202200020627;777 289;33;0;2;1;1;1
202200020627;777 290;7;0;2;2;10;1
202200020628;777 287;7;0;1;3;1;1
202200020629;777 284;7;0;2;3;13;1
202200020629;777 286;38;0;2;3;1;1
202200020629;777 298;7;0;2;1;1;1
202200020630;777 281;33;0;2;1;17;1
202200020630;777 283;7;0;2;6;15;1
202200020631;777 282;7;4;0;2;11;1
202200020631;777 285;15;0;2;1;1;1
202200020631;777 288;13;0;2;5;1;1
202200020632;777 278;33;0;2;4;1;1
202200020632;777 279;33;0;2;1;1;1
202200020633;777 277;7;0;0;4;15;1
202200020633;777 280;7;0;2;1;2;1
202200020634;777 276;7;0;9;2;14;1
202200020635;777 274;50;0;1;1;1;3
202200020636;777 275;7;0;1;0;0;
202200020637;777 272;7;13;0;1;1;1
202200020638;777 273;1;0;1;1;5;5
202200020639;777 267;7;0;2;0;2;0
202200020639;777 268;2;0;2;4;2;1
202200020640;777 269;7;13;2;3;13;1
202200020640;777 271;7;13;2;3;1;1
202200020641;777 266;7;0;2;3;9;0
202200020641;777 270;33;0;2;2;1;1
202200020642;777 264;33;0;2;7;1;1
202200020642;777 265;7;0;2;7;1;1
202200020643;777 262;33;0;2;1;1;1
202200020643;777 263;7;0;2;3;13;1
202200020644;777 259;32;0;2;2;7;1
202200020644;777 261;10;0;2;3;16;1
202200020645;777 258;36;0;6;1;19;1
202200020646;777 260;7;14;0;1;1;1
202200020647;777 257;80;12;0;7;14;3
202200020648;777 256;7;13;0;2;1;1
202200020649;777 253;2;0;2;0;21;1
202200020649;777 255;10;0;2;0;17;1
202200020650;777 252;2;7;0;1;1;1
202200020651;777 250;7;1;0;2;1;1
202200020652;777 246;7;8;0;2;0;0
202200020653;777 247;7;0;2;3;1;1
202200020653;777 248;7;0;2;1;19;1
202200020654;777 245;7;0;2;8;1;1
202200020654;777 249;7;0;2;1;1;1
202200020654;777 251;7;0;2;8;1;1
202200020654;777 254;7;0;2;8;13;1
202200020655;777 242;10;0;2;8;1;1
202200020655;777 244;7;0;2;1;1;1
202200020656;777 240;7;0;2;1;21;1
202200020656;777 243;7;0;2;1;13;1
202200020657;777 238;32;0;1;0;1;0
202200020658;777 239;7;0;2;3;1;1
202200020658;777 241;32;0;2;7;14;1
202200020659;777 237;7;15;1;2;1;1
202200020660;777 235;7;12;0;0;1;1
202200020661;777 234;7;0;2;1;11;1
202200020661;777 236;7;0;2;1;1;1
202200020662;777 232;43;0;2;7;16;1
202200020662;777 233;2;0;2;0;18;1
202200020663;777 230;15;0;2;8;1;1
202200020663;777 231;7;0;2;7;17;1
202200020664;777 228;50;0;2;1;1;3
202200020664;777 229;7;0;2;2;16;1
202200020665;777 226;7;0;2;1;1;1
202200020665;777 227;7;0;2;1;0;1
202200020666;777 223;10;0;0;1;1;1
202200020666;777 225;1;0;0;7;26;5
202200020667;777 222;7;0;0;9;1;1
202200020668;777 220;7;0;9;1;2;0
202200020668;777 221;1;0;2;4;1;5
202200020669;777 218;33;13;0;0;0;1
202200020670;777 217;2;0;2;8;16;1