Num_Acc;id_vehicule;categorie_vehicule;obstacle_fixe;obstacle_mobile;point_choc_initial;manoeuvre_principale;motorisation
202200020670;777 219;7;0;2;2;1;1
202200020671;777 216;7;13;0;1;0;1
202200020672;777 214;7;13;0;0;13;1
202200020673;777 213;7;0;2;3;1;1
202200020673;777 215;7;0;2;3;13;1
202200020674;777 211;1;1;0;1;1;5
202200020674;777 212;7;0;0;4;23;1
202200020675;777 209;15;0;2;2;1;1
202200020675;777 210;7;0;2;8;19;1
202200020676;777 208;2;0;0;0;1;1
202200020677;777 207;7;2;0;1;19;1
202200020678;777 206;33;14;0;1;0;1
202200020679;777 204;7;6;2;3;1;1
202200020679;777 205;7;0;2;1;1;1
202200020680;777 202;7;0;9;3;1;1
202200020680;777 203;7;0;0;6;1;1
202200020681;777 199;7;13;0;3;1;1
202200020682;777 200;2;0;2;8;15;1
202200020682;777 201;7;0;2;3;1;1
202200020683;777 197;7;0;2;3;13;1
202200020683;777 198;7;0;2;1;1;1
202200020684;777 194;7;0;2;1;2;1
202200020684;777 196;7;0;0;4;1;1
202200020685;777 191;15;0;0;4;2;1
202200020685;777 193;7;0;2;1;0;1
202200020686;777 190;7;0;2;3;13;1
202200020686;777 192;33;0;2;3;1;1
202200020687;777 188;33;0;0;0;0;1
202200020688;777 187;33;2;2;1;17;1
202200020688;777 189;7;0;0;4;17;1
202200020689;777 184;33;0;2;1;23;1
202200020689;777 186;17;0;2;4;4;1
202200020690;777 183;14;0;2;1;5;1
202200020690;777 185;7;0;2;2;1;1
202200020691;777 182;2;0;0;0;1;1
202200020692;777 180;50;0;2;3;19;3
202200020692;777 181;7;0;2;2;1;1
202200020693;777 178;32;0;2;2;17;1
202200020693;777 179;7;0;2;1;9;1
202200020694;777 175;7;0;2;2;1;1
202200020694;777 177;7;0;2;5;1;1
202200020695;777 176;2;6;0;8;26;1
202200020696;777 174;7;3;0;1;1;1
202200020697;777 173;7;4;0;1;1;1
202200020698;777 171;1;0;0;0;2;5
202200020699;777 168;7;0;2;1;1;1
202200020699;777 169;7;0;2;1;1;1
202200020699;777 170;7;0;2;4;1;1
202200020699;777 172;7;0;2;1;1;0
202200020700;777 166;7;0;2;3;1;1
202200020700;777 167;1;0;2;1;1;5
202200020701;777 164;36;14;0;1;1;1
202200020702;777 161;33;0;2;0;21;1
202200020702;777 162;1;0;2;0;9;5
202200020703;777 163;31;0;0;8;1;1
202200020703;777 165;7;0;2;3;15;1
202200020704;777 159;1;0;2;1;19;5
202200020704;777 160;7;0;0;7;1;1
202200020705;777 156;7;0;2;3;1;1
202200020705;777 158;7;0;2;3;17;1
202200020706;777 155;33;0;2;1;1;1
202200020706;777 157;7;0;2;3;15;1
202200020707;777 153;7;0;2;3;13;1
202200020707;777 154;32;0;2;1;1;1
202200020708;777 151;7;0;2;1;9;1
202200020708;777 152;1;0;2;7;1;5
202200020709;777 148;7;0;1;3;1;0
202200020710;777 147;7;0;2;1;2;1
202200020710;777 149;7;0;2;4;1;1
202200020710;777 150;7;0;2;3;1;1
202200020711;777 145;7;0;2;3;15;1
202200020711;777 146;10;8;2;6;17;1
202200020712;777 144;15;0;0;7;1;1
202200020713;777 143;3;6;0;1;13;1
202200020714;777 141;1;0;0;6;1;5
202200020714;777 142;7;0;0;2;1;1
202200020715;777 140;7;0;1;6;15;0
202200020716;777 139;1;0;0;0;1;5
202200020717;777 137;7;0;2;1;1;1
202200020717;777 138;7;0;2;7;0;0
202200020718;777 135;33;13;0;0;0;1
202200020718;777 136;7;0;0;0;5;3
202200020719;777 133;7;0;2;3;1;2
202200020719;777 134;3;0;2;3;13;0
202200020720;777 132;7;2;0;1;1;2
202200020721;777 131;7;2;0;1;1;2
202200020722;777 128;10;0;9;2;2;1
202200020722;777 129;1;0;2;3;2;5
202200020723;777 127;7;0;0;3;13;1
202200020723;777 130;7;0;0;3;1;1
202200020724;777 125;10;2;0;2;1;1
202200020725;777 122;7;0;0;8;15;1
202200020725;777 124;33;0;2;2;17;0
202200020726;777 121;7;0;0;2;19;1
202200020726;777 123;36;0;0;1;1;1
202200020727;777 119;7;13;0;3;1;1
202200020728;777 118;7;0;2;1;0;1
202200020728;777 120;7;0;2;1;0;1
202200020729;777 115;33;0;2;1;21;1
202200020729;777 117;7;0;2;6;15;1
202200020730;777 114;7;0;2;2;1;1
202200020730;777 116;15;0;2;6;1;1
202200020731;777 111;33;0;2;8;2;1
202200020731;777 113;7;0;2;2;12;1
202200020732;777 110;13;0;2;2;26;1
202200020732;777 112;2;0;2;1;1;1
202200020733;777 109;17;3;0;2;0;1
202200020734;777 108;3;8;0;1;14;1
202200020735;777 107;7;2;0;1;17;1
202200020736;777 106;2;0;0;3;21;1
202200020737;777 105;10;0;1;2;1;1
202200020738;777 101;7;0;2;3;19;1
202200020738;777 103;7;0;2;1;1;1
202200020739;777 100;2;0;2;1;1;1
202200020739;777 102;38;0;2;3;9;1
202200020740;777 099;2;0;0;0;13;1
202200020741;777 098;10;0;1;2;1;1
202200020742;777 097;17;2;0;7;1;1
202200020743;777 096;7;0;1;1;1;1
202200020744;777 095;7;8;0;0;0;1
202200020745;777 092;7;0;2;3;13;1
202200020745;777 094;7;0;2;1;1;1
202200020746;777 091;7;0;2;1;1;1
202200020746;777 093;80;0;2;1;1;3
202200020747;777 088;14;0;2;1;1;1
202200020747;777 089;7;0;2;1;1;1
202200020748;777 087;33;0;2;5;17;1
202200020748;777 090;20;0;2;3;15;1
202200020749;777 086;1;0;0;3;0;5
202200020750;777 084;7;0;2;3;15;1
202200020750;777 085;7;0;2;1;1;1
202200020751;777 079;7;0;2;2;15;1
202200020751;777 080;33;0;2;1;1;1
202200020752;777 076;99;0;2;8;1;3
202200020752;777 077;10;0;9;8;13;1
202200020753;777 075;7;0;1;7;21;1
202200020754;777 073;33;0;2;8;1;1
202200020754;777 074;14;0;2;6;23;1
202200020755;777 072;2;0;0;1;1;1
202200020756;777 070;2;0;0;0;1;0
202200020757;777 068;32;0;2;1;2;1
202200020757;777 069;7;0;2;8;1;1
202200020757;777 071;7;0;2;3;13;1
202200020758;777 066;33;0;0;0;21;1
202200020759;777 065;7;0;2;1;2;1
202200020759;777 067;7;0;2;4;2;1
202200020760;777 063;7;3;0;1;0;1
202200020761;777 062;10;0;2;0;15;1
202200020761;777 064;2;0;2;1;1;1
202200020762;777 060;7;0;2;4;2;1
202200020762;777 061;7;0;2;1;1;1
202200020763;777 058;7;0;2;3;19;1
202200020763;777 059;2;0;2;1;1;1
202200020764;777 057;10;13;0;1;14;1
202200020765;777 054;33;0;2;1;3;1
202200020765;777 055;7;0;2;3;11;1
202200020766;777 053;7;0;2;5;19;1
202200020766;777 056;7;0;2;1;1;1
202200020767;777 052;34;0;9;1;1;1
202200020768;777 049;33;0;2;1;1;1
202200020768;777 051;7;0;2;3;19;1
202200020769;777 048;7;0;2;1;12;1
202200020769;777 050;10;0;2;6;1;1
202200020770;777 045;7;0;2;1;1;1
202200020770;777 047;7;0;2;4;26;1
202200020771;777 042;7;0;2;1;2;1
202200020771;777 043;10;0;2;4;2;1
202200020771;777 044;7;0;2;4;2;1
202200020771;777 046;7;0;2;4;2;1
202200020772;777 040;7;4;0;3;2;1
202200020773;777 039;7;0;2;1;0;1
202200020773;777 041;7;1;2;7;1;1
202200020774;777 038;34;5;0;1;0;1
202200020775;777 035;33;0;2;1;3;1
202200020775;777 037;1;0;2;7;5;5
202200020776;777 033;31;0;2;0;0;1
202200020776;777 034;15;0;2;0;0;0
202200020776;777 036;7;0;2;2;12;1
202200020777;777 032;1;0;0;0;1;5
202200020778;777 030;3;0;2;2;14;1
202200020778;777 031;32;0;2;2;2;1
202200020779;777 029;7;4;0;3;1;1
202200020780;777 027;7;0;2;0;14;0
202200020780;777 028;7;0;2;0;1;0
202200020781;777 025;7;0;2;3;13;1
202200020781;777 026;7;13;0;8;1;1
202200020782;777 024;2;0;0;0;26;1
202200020783;777 023;7;0;1;1;1;1
202200020784;777 021;33;0;2;2;17;1
202200020784;777 022;7;0;2;3;21;1
202200020785;777 018;31;6;0;1;14;1
202200020786;777 019;7;0;2;2;21;1
202200020786;777 020;7;0;2;9;15;1
202200020787;777 015;7;0;2;1;19;1
202200020787;777 017;7;0;2;8;1;1
202200020788;777 014;7;0;2;1;5;2
202200020788;777 016;2;0;2;8;2;1
202200020789;777 012;7;0;9;0;16;1
202200020789;777 013;1;0;2;0;0;5
202200020790;777 010;7;0;2;1;1;1
202200020790;777 011;7;0;2;1;13;1
202200020791;777 008;7;0;2;6;11;1
202200020791;777 009;33;0;2;1;3;1
202200020792;777 004;32;0;2;3;1;1
202200020792;777 007;7;0;2;1;1;1
202200020793;777 005;7;0;2;3;1;1
202200020793;777 006;7;0;2;2;15;1
202200020794;777 003;32;0;0;7;0;1
202200020795;777 002;7;0;1;1;16;1
202200020796;777 000;7;0;2;3;21;1
202200020796;777 001;7;0;2;1;13;1
202200020797;776 998;10;0;2;3;15;1
202200020797;776 999;32;0;2;1;0;1
202200020798;776 996;7;4;2;8;12;1
202200020798;776 997;34;0;2;1;1;1
202200020799;776 995;1;0;2;0;1;5
202200020800;776 993;7;0;2;5;1;1
202200020800;776 994;30;0;2;1;1;1
202200020801;776 991;33;0;2;1;2;1
202200020801;776 992;7;0;2;6;2;1
202200020802;776 989;7;0;2;1;1;1
202200020802;776 990;7;0;2;6;1;1
202200020803;776 988;7;3;0;1;1;1
202200020804;776 986;7;0;2;3;1;1
202200020804;776 987;7;0;2;1;15;1
202200020805;776 984;7;0;2;2;16;1
202200020805;776 985;50;0;2;4;26;3
202200020806;776 982;7;1;0;1;2;1
202200020807;776 980;37;0;2;1;15;1
202200020807;776 981;33;0;2;8;1;1
202200020808;776 978;7;0;2;1;2;1
202200020808;776 979;14;0;2;4;26;1
202200020809;776 975;50;0;2;1;1;3
202200020809;776 977;7;0;2;3;9;1
202200020810;776 974;50;0;2;1;1;3
202200020810;776 976;7;0;2;1;1;1
202200020811;776 970;7;0;2;8;0;1
202200020811;776 973;7;0;2;3;13;1
202200020812;776 967;33;0;2;8;1;1
202200020812;776 969;10;0;0;0;0;0
202200020813;776 966;10;0;2;1;15;1
202200020813;776 968;33;0;2;0;0;1
202200020814;776 964;7;0;2;2;16;1
202200020814;776 965;1;0;2;8;0;5
202200020815;776 963;7;0;1;3;15;1
202200020816;776 961;7;1;0;1;13;1
202200020816;776 962;10;1;2;8;24;1
202200020817;776 958;7;0;2;1;5;1
202200020817;776 960;7;0;2;1;1;2
202200020818;776 954;30;0;2;1;1;1
202200020818;776 956;7;0;2;1;15;1
202200020819;776 953;33;0;2;1;26;0
202200020819;776 955;7;0;0;3;19;0
202200020820;776 949;1;0;2;8;1;5
202200020820;776 952;14;0;2;1;16;1
202200020821;776 948;7;0;2;4;1;2
202200020821;776 950;7;0;2;4;1;1
202200020821;776 951;7;0;2;1;1;1
202200020822;776 946;2;0;2;1;2;1
202200020822;776 947;7;0;2;6;20;1
202200020823;776 942;30;0;2;8;11;1
202200020823;776 943;7;0;2;8;1;1
202200020824;776 938;7;0;2;1;1;1
202200020824;776 940;2;0;2;3;5;1
202200020825;776 939;33;0;9;1;0;1
202200020825;776 941;33;0;2;1;0;0
202200020826;776 937;33;3;0;1;9;1
202200020827;776 935;7;1;0;2;17;1
202200020827;776 936;10;0;9;6;24;1
202200020828;776 933;1;0;2;8;19;5
202200020828;776 934;10;0;2;1;9;1
202200020829;776 932;50;0;0;0;0;3
202200020830;776 930;7;0;2;7;19;1
202200020830;776 931;7;0;2;1;19;1
202200020831;776 929;7;0;1;2;1;1
202200020832;776 927;1;0;2;4;1;5
202200020832;776 928;7;0;2;1;2;1
202200020833;776 925;7;0;1;2;1;1
202200020834;776 924;7;0;2;1;0;2
202200020834;776 926;80;0;2;2;0;3
202200020835;776 922;7;0;9;2;26;1
202200020835;776 923;80;0;2;1;1;3
202200020836;776 918;7;0;2;6;1;1
202200020836;776 919;2;0;2;5;17;1
202200020837;776 916;7;0;2;6;1;1
202200020837;776 917;7;0;2;2;19;1
202200020838;776 915;7;0;1;2;1;1
202200020839;776 913;7;0;2;3;10;1
202200020839;776 914;7;0;2;2;1;1
202200020840;776 912;7;0;1;3;1;1
202200020841;776 910;7;0;2;4;23;1
202200020841;776 911;1;1;2;1;1;5
202200020842;776 908;7;0;2;8;26;1
202200020842;776 909;33;0;2;1;1;1
202200020843;776 907;7;0;1;7;1;1
202200020844;776 905;7;0;2;8;23;1
202200020844;776 906;7;0;2;3;13;1
202200020845;776 903;33;0;2;1;1;1
202200020845;776 904;1;0;2;5;19;5
202200020846;776 902;10;1;0;2;14;1
202200020847;776 901;33;0;0;0;1;1
202200020848;776 899;7;0;2;7;1;1
202200020848;776 900;60;0;2;7;1;5
202200020849;776 898;7;0;1;3;1;1
202200020850;776 897;7;9;0;2;1;1
202200020851;776 895;30;14;0;3;9;1
202200020851;776 896;7;0;2;0;9;1
202200020852;776 893;7;0;2;3;15;1
202200020852;776 894;30;0;2;2;8;1
202200020853;776 891;7;0;0;0;0;1
202200020853;776 892;7;0;0;0;0;1
202200020854;776 890;7;15;0;1;14;1
202200020855;776 887;7;0;2;2;1;1
202200020855;776 888;7;0;2;3;1;1
202200020855;776 889;34;0;2;1;17;1
202200020856;776 885;10;0;0;0;1;1
202200020857;776 884;7;0;2;1;1;1
202200020857;776 886;7;3;2;9;26;1
202200020858;776 881;7;0;2;3;13;1
202200020858;776 882;13;0;2;8;1;0
202200020859;776 880;7;1;1;2;14;1
202200020860;776 878;2;3;0;1;1;1
202200020861;776 879;7;0;2;3;1;2
202200020861;776 883;7;0;2;2;1;1
202200020862;776 877;10;0;1;2;1;1
202200020863;776 876;7;6;0;1;1;1
202200020864;776 874;7;0;1;1;1;0
202200020865;776 873;7;0;2;2;1;1
202200020865;776 875;10;0;2;3;1;1
202200020866;776 869;15;0;0;3;1;1
202200020866;776 871;15;0;0;8;1;1
202200020866;776 872;7;0;2;1;13;1
202200020867;776 870;10;0;0;3;16;0
202200020868;776 867;13;0;2;2;15;1
202200020868;776 868;7;0;2;2;1;1
202200020869;776 865;1;0;2;1;1;5
202200020869;776 866;7;0;2;1;15;1
202200020870;776 863;7;11;0;1;1;1
202200020871;776 862;7;0;2;0;26;1
202200020872;776 860;2;0;2;1;15;1
202200020872;776 861;7;0;2;3;23;1
202200020873;776 857;7;0;2;7;1;0
202200020873;776 858;2;0;0;8;1;1
202200020874;776 856;7;0;2;1;9;1
202200020874;776 859;50;0;2;7;1;3
202200020875;776 854;7;0;2;1;1;2
202200020875;776 855;7;0;2;1;13;1
202200020876;776 853;43;0;0;0;26;1
202200020877;776 851;7;0;9;2;16;0
202200020877;776 852;1;0;2;1;16;5
202200020878;776 850;99;2;0;1;1;1
202200020879;776 849;7;2;0;3;0;1
202200020880;776 846;7;0;1;2;0;1
202200020881;776 847;7;0;9;4;0;1
202200020881;776 848;50;0;2;1;1;3
202200020882;776 845;7;0;1;7;2;1
202200020883;776 843;7;0;9;2;0;1
202200020883;776 844;50;0;2;7;1;3
202200020884;776 841;7;0;2;2;15;1
202200020884;776 842;7;0;2;1;1;1
202200020885;776 840;10;9;0;3;0;1
202200020886;776 838;7;0;1;2;1;1
202200020887;776 835;30;0;2;9;13;1
202200020887;776 837;7;0;2;3;1;1
202200020888;776 836;33;0;2;1;17;1
202200020888;776 839;7;0;9;2;15;1
202200020889;776 833;10;0;2;2;2;1
202200020889;776 834;7;13;0;6;16;1
202200020890;776 832;7;13;0;3;13;0
202200020891;776 830;7;8;0;2;1;1
202200020892;776 829;21;0;2;8;16;0
202200020892;776 831;7;0;2;2;1;1
202200020893;776 823;7;0;2;3;1;1
202200020893;776 825;7;0;2;1;0;2
202200020893;776 826;7;0;2;1;0;1
202200020893;776 827;7;0;2;2;1;1
202200020893;776 828;7;0;0;0;0;1
202200020894;776 824;7;6;1;1;20;1
202200020895;776 816;7;0;2;3;13;1
202200020895;776 819;15;0;2;8;1;1
202200020895;776 821;7;0;2;1;1;2
202200020896;776 813;7;0;1;2;1;1
202200020897;776 810;7;15;2;1;1;1
202200020898;776 806;7;3;0;1;0;1
202200020899;776 805;33;0;2;8;1;1
202200020899;776 807;7;0;2;2;15;1
202200020900;776 801;2;0;2;7;2;1
202200020900;776 802;7;0;2;1;1;1
202200020901;776 797;7;0;2;5;17;1
202200020901;776 799;7;4;2;8;1;1
202200020901;776 800;7;0;2;0;17;0
202200020902;776 796;7;0;2;1;1;1
202200020902;776 798;7;0;2;1;1;1
202200020903;776 795;10;13;0;3;1;1
202200020904;776 794;7;0;1;3;26;1
202200020905;776 790;10;0;2;1;1;1
202200020905;776 792;7;0;2;4;1;1
202200020905;776 793;7;0;0;4;1;1
202200020906;776 789;7;0;2;3;15;2
202200020906;776 791;33;0;2;1;21;1
202200020907;776 786;33;14;0;1;1;1
202200020908;776 784;15;0;2;1;1;1
202200020908;776 785;7;0;2;1;1;1
202200020908;776 787;7;0;2;3;18;1
202200020908;776 788;15;0;2;2;1;1
202200020909;776 781;7;0;0;4;1;1
202200020909;776 782;7;0;2;2;12;1
202200020910;776 780;10;0;2;3;1;0
202200020910;776 783;10;0;2;2;1;0
202200020911;776 777;7;0;2;2;20;1
202200020911;776 779;33;0;2;1;1;1
202200020912;776 776;7;13;0;3;1;1
202200020913;776 775;7;0;1;1;1;1
202200020914;776 773;17;0;0;6;16;1
202200020914;776 774;7;0;2;1;1;1
202200020915;776 770;7;4;2;8;1;1
202200020915;776 771;7;0;2;7;17;1
202200020916;776 769;2;0;2;1;1;1
202200020916;776 772;7;0;2;3;1;3
202200020917;776 768;37;0;1;3;1;1
202200020918;776 765;7;0;2;7;12;1
202200020918;776 767;33;0;2;8;1;1
202200020919;776 766;7;0;1;1;1;1
202200020920;776 764;7;3;0;7;1;2
202200020921;776 761;7;0;2;1;0;1
202200020921;776 762;7;0;2;4;0;1
202200020922;776 763;7;0;1;3;1;1
202200020923;776 757;10;0;2;6;23;1
202200020923;776 759;7;1;0;5;1;1
202200020924;776 758;30;0;2;7;17;1
202200020924;776 760;7;8;2;8;15;1
202200020925;776 753;7;0;2;1;1;1
202200020925;776 754;7;0;2;0;13;1
202200020925;776 755;15;0;2;6;23;1
202200020925;776 756;15;1;0;0;21;1
202200020926;776 751;10;0;2;2;17;1
202200020926;776 752;7;3;0;4;9;1
202200020927;776 749;7;0;2;1;2;1
202200020927;776 750;7;0;2;4;15;1
202200020928;776 745;31;0;2;1;13;1
202200020928;776 746;7;0;2;2;1;1
202200020929;776 747;10;0;2;4;1;1
202200020929;776 748;10;0;2;1;1;1
202200020930;776 744;7;2;0;1;13;1
202200020931;776 743;7;0;1;4;26;1
202200020932;776 742;10;2;0;1;1;1
202200020933;776 740;10;0;1;2;1;1
202200020934;776 739;10;0;2;7;1;1
202200020934;776 741;7;0;2;9;13;1
202200020935;776 738;10;2;0;1;1;1
202200020936;776 737;7;8;0;1;1;1
202200020937;776 736;38;0;1;5;1;1
202200020938;776 732;33;0;2;2;0;1
202200020938;776 734;2;0;2;1;19;1
202200020939;776 728;7;0;2;3;19;1
202200020939;776 730;2;0;2;1;3;1
202200020940;776 729;7;0;2;4;23;1
202200020940;776 731;7;0;2;4;23;1
202200020940;776 733;7;0;2;4;23;1
202200020940;776 735;7;0;2;1;2;1
202200020941;776 727;7;0;0;0;26;1
202200020942;776 723;7;0;2;2;1;1
202200020942;776 726;7;0;2;6;11;1
202200020943;776 724;7;10;0;1;1;1
202200020944;776 722;10;0;2;1;2;1
202200020944;776 725;7;0;0;5;23;1
202200020945;776 719;7;0;1;2;16;1
202200020946;776 717;7;0;2;8;2;1
202200020946;776 720;7;4;2;4;2;1
202200020946;776 721;7;0;2;1;2;3
202200020947;776 716;7;0;0;6;19;1
202200020947;776 718;7;0;0;1;1;1
202200020948;776 715;10;0;1;3;1;1
202200020949;776 712;10;0;2;1;2;1
202200020949;776 714;15;0;2;4;1;1
202200020950;776 713;7;6;0;1;1;1
202200020951;776 711;33;9;0;1;9;1
202200020952;776 710;7;4;0;2;2;1
202200020953;776 709;1;12;0;1;26;5
202200020954;776 704;10;0;2;7;15;1
202200020954;776 706;33;0;2;2;1;1
202200020955;776 703;7;0;2;5;1;1
202200020955;776 705;33;0;2;1;3;1
202200020955;776 707;7;0;2;6;0;2
202200020956;776 700;32;3;0;3;13;1
202200020957;776 701;7;1;0;1;16;1
202200020957;776 702;7;1;2;4;24;1
202200020958;776 697;13;0;2;1;2;1
202200020958;776 699;33;0;2;8;2;1
202200020959;776 692;10;0;2;3;1;1
202200020959;776 695;80;0;2;1;15;3
202200020960;776 691;7;0;2;3;13;1
202200020960;776 694;7;0;2;3;1;1
202200020960;776 696;7;0;2;8;1;1
202200020960;776 698;7;0;2;8;1;3
202200020961;776 690;7;0;2;3;3;1
202200020961;776 693;32;0;2;7;0;1
202200020962;776 687;33;0;2;1;13;0
202200020962;776 689;7;0;9;6;26;1
202200020963;776 686;99;2;2;2;1;1
202200020963;776 688;7;0;2;3;1;1
202200020964;776 683;7;9;0;1;13;1
202200020965;776 681;7;0;2;1;1;1
202200020965;776 684;7;0;2;4;2;1
202200020965;776 685;7;0;2;4;2;1
202200020966;776 682;7;0;1;1;15;2
202200020967;776 680;7;0;1;4;4;1
202200020968;776 678;7;0;2;2;15;1
202200020968;776 679;33;0;2;1;1;1
202200020969;776 677;7;3;0;2;26;1
202200020970;776 676;7;0;1;1;15;1
202200020971;776 674;10;0;2;3;6;1
202200020971;776 675;7;0;2;1;1;1
202200020972;776 671;7;0;1;3;16;1
202200020973;776 672;7;0;0;3;1;1
202200020973;776 673;7;0;2;1;15;1
202200020974;776 666;7;0;2;2;21;1
202200020974;776 668;7;0;0;6;21;1
202200020974;776 669;7;2;0;1;1;1
202200020975;776 663;7;2;0;3;1;1
202200020976;776 664;7;0;2;3;9;1
202200020976;776 667;33;0;2;1;1;1
202200020977;776 665;10;0;2;1;1;1
202200020977;776 670;30;6;2;1;15;1
202200020978;776 662;7;0;1;1;1;1
202200020979;776 660;31;0;2;3;1;1
202200020979;776 661;10;0;2;7;15;1
202200020980;776 657;7;7;2;7;15;1
202200020980;776 659;7;0;2;1;1;1
202200020981;776 656;7;0;1;0;0;1
202200020982;776 658;7;0;1;1;1;1
202200020983;776 655;7;2;0;2;14;1
202200020984;776 654;7;0;0;0;13;1
202200020985;776 651;7;0;2;1;19;1
202200020985;776 653;7;0;2;6;16;1
202200020986;776 652;7;8;0;1;1;1
202200020987;776 650;7;0;1;2;1;1
202200020988;776 648;7;0;1;1;1;1
202200020989;776 647;2;0;2;1;0;1
202200020989;776 649;32;0;2;3;0;1
202200020990;776 645;7;0;1;2;1;1
202200020991;776 646;10;0;1;2;1;1
202200020992;776 643;10;0;2;1;1;1
202200020992;776 644;7;0;2;3;16;1
202200020993;776 641;7;0;2;1;1;1
202200020993;776 642;7;0;2;1;1;1
202200020994;776 639;7;0;1;1;1;1
202200020995;776 640;7;0;1;3;1;1
202200020996;776 638;7;0;1;1;1;1
202200020997;776 635;39;0;0;1;1;3
202200020997;776 637;7;14;4;0;13;1
202200020998;776 632;7;0;0;3;1;1
202200020998;776 634;7;0;0;3;16;1
202200020999;776 631;7;3;0;3;1;1
202200021000;776 633;7;0;2;6;10;1
202200021000;776 636;33;0;2;2;1;1
202200021001;776 629;7;0;2;3;1;1
202200021001;776 630;7;0;2;3;13;1
202200021002;776 628;30;0;0;3;21;1
202200021003;776 626;1;0;2;1;1;5
202200021003;776 627;7;0;2;2;1;1
202200021004;776 625;32;0;0;0;2;1
202200021005;776 624;7;0;1;1;2;1
202200021006;776 622;7;8;0;1;1;1
202200021007;776 621;10;0;2;7;16;1
202200021007;776 623;30;0;2;8;18;1
202200021008;776 620;7;0;1;1;1;1
202200021009;776 618;1;0;2;0;0;0
202200021009;776 619;7;0;2;3;15;0
202200021010;776 615;15;0;2;1;2;1
202200021010;776 616;15;0;2;1;1;1
202200021010;776 617;7;0;2;1;13;1
202200021011;776 613;7;2;0;1;1;1
202200021012;776 612;7;0;2;1;1;1
202200021012;776 614;7;0;2;5;1;2
202200021013;776 610;10;0;2;2;15;1
202200021013;776 611;33;0;0;0;1;1
202200021014;776 609;30;0;1;1;1;1
202200021015;776 608;7;13;0;0;0;1
202200021016;776 607;7;7;0;1;0;1
202200021017;776 606;2;0;0;0;0;1
202200021018;776 602;7;0;2;3;11;1
202200021018;776 604;2;0;2;2;1;1
202200021019;776 603;10;0;2;3;17;1
202200021019;776 605;33;0;2;2;3;1
202200021020;776 598;7;0;2;2;1;1
202200021020;776 599;50;0;2;3;19;3
202200021021;776 596;7;0;2;2;2;1
202200021021;776 597;2;0;2;1;2;1
202200021022;776 593;7;0;1;3;1;1
202200021023;776 592;7;0;2;1;2;1
202200021023;776 594;7;0;2;4;2;1
202200021023;776 595;10;0;2;4;2;1
202200021024;776 591;7;8;0;1;1;1
202200021025;776 590;7;0;1;1;1;1
202200021026;776 589;7;0;1;2;1;1
202200021027;776 586;7;0;2;1;9;1
202200021027;776 588;50;0;2;7;1;3
202200021028;776 587;7;0;1;2;26;1
202200021029;776 585;7;15;0;3;13;1
202200021030;776 581;7;0;2;1;1;3
202200021030;776 583;7;0;2;3;1;1
202200021031;776 582;7;0;2;7;2;1
202200021031;776 584;31;0;2;3;13;1
202200021032;776 579;7;0;0;6;1;1
202200021032;776 580;7;0;2;2;17;1
202200021033;776 577;7;0;2;5;1;1
202200021033;776 578;50;0;2;1;1;3
202200021034;776 573;33;0;2;3;2;6
202200021034;776 575;7;0;2;6;16;0
202200021035;776 574;7;0;1;2;1;1
202200021036;776 570;7;0;2;4;9;1
202200021036;776 572;7;0;2;1;9;1
202200021037;776 571;7;0;1;1;26;1
202200021038;776 569;7;0;0;9;0;1
202200021039;776 565;7;0;2;9;1;1
202200021039;776 567;7;0;2;9;1;1
202200021040;776 566;7;0;2;2;15;1
202200021040;776 568;30;0;2;1;1;1
202200021041;776 564;7;4;0;3;13;1
202200021042;776 563;7;0;1;2;1;1
202200021043;776 557;7;0;2;4;1;1
202200021043;776 558;7;0;2;1;2;1
202200021043;776 560;7;0;2;4;2;1
202200021043;776 561;7;0;2;4;2;1
202200021043;776 562;10;0;2;1;2;1
202200021044;776 554;7;0;1;1;1;1
202200021044;776 555;7;0;2;1;2;1
202200021045;776 556;7;0;2;4;23;1
202200021045;776 559;10;0;2;1;1;1
202200021046;776 553;33;0;0;0;12;1
202200021047;776 549;7;0;2;1;2;1
202200021047;776 551;7;0;2;1;23;1
202200021048;776 550;1;1;0;1;1;5
202200021048;776 552;7;0;2;2;22;1
202200021049;776 545;30;0;2;1;1;1
202200021049;776 547;7;0;2;5;26;1
202200021050;776 543;7;0;2;2;2;1
202200021050;776 544;10;0;2;4;2;1
202200021050;776 546;7;14;0;1;2;1
202200021050;776 548;7;14;0;1;2;1
202200021051;776 541;7;0;2;7;1;2
202200021051;776 542;7;0;2;8;11;1
202200021052;776 540;30;0;1;1;17;6
202200021053;776 539;7;4;0;3;13;1
202200021054;776 537;30;0;2;1;17;1
202200021054;776 538;7;0;2;8;15;1
202200021055;776 535;7;0;2;3;11;1
202200021055;776 536;7;0;2;1;5;1
202200021056;776 534;7;5;0;2;14;1
202200021057;776 531;7;0;2;6;1;1
202200021057;776 532;7;0;2;2;14;1
202200021058;776 530;7;13;0;0;0;1
202200021059;776 529;7;0;2;1;13;1
202200021059;776 533;7;0;1;0;0;1
202200021060;776 524;7;0;2;4;11;1
202200021060;776 525;7;0;2;0;1;1
202200021060;776 527;7;0;2;4;1;1
202200021060;776 528;7;0;2;1;1;1
202200021061;776 523;7;0;2;3;1;1
202200021061;776 526;1;0;2;1;1;5
202200021062;776 522;7;4;0;1;1;1
202200021063;776 521;7;0;1;2;1;1
202200021064;776 519;7;0;2;4;1;0
202200021064;776 520;7;0;2;0;1;1
202200021065;776 516;10;0;2;6;1;1
202200021065;776 517;7;0;2;1;26;3
202200021066;776 515;7;0;2;7;9;0
202200021066;776 518;50;0;2;7;1;3
202200021067;776 513;7;0;2;4;1;1
202200021067;776 514;10;0;2;1;2;1
202200021068;776 511;7;0;2;1;2;1
202200021068;776 512;7;0;2;4;23;1