Num_Acc;id_vehicule;categorie_vehicule;obstacle_fixe;obstacle_mobile;point_choc_initial;manoeuvre_principale;motorisation
202200021069;776 504;33;0;2;8;25;1
202200021069;776 506;7;0;2;7;1;1
202200021070;776 503;7;0;2;1;2;1
202200021070;776 505;10;0;2;1;2;1
202200021070;776 507;10;0;2;1;2;1
202200021070;776 508;10;0;2;1;2;1
202200021070;776 509;10;0;2;1;2;1
202200021070;776 510;7;0;2;4;2;1
202200021071;776 499;7;0;9;1;1;1
202200021071;776 501;7;0;9;1;1;1
202200021072;776 500;7;0;9;1;12;1
202200021072;776 502;80;0;2;7;1;3
202200021073;776 497;99;0;1;0;26;0
202200021074;776 496;7;0;2;5;12;1
202200021074;776 498;7;0;2;3;1;1
202200021075;776 492;7;0;2;3;17;1
202200021075;776 494;32;0;2;7;1;1
202200021076;776 493;7;0;2;2;1;1
202200021076;776 495;7;0;2;2;15;1
202200021077;776 488;7;0;2;8;1;1
202200021077;776 490;17;0;2;4;2;1
202200021077;776 491;17;0;2;1;1;1
202200021078;776 487;1;0;2;5;16;0
202200021078;776 489;7;0;2;1;9;1
202200021079;776 484;7;0;2;1;0;0
202200021079;776 486;7;4;2;4;1;1
202200021080;776 483;7;0;0;4;1;1
202200021081;776 482;7;0;2;2;15;1
202200021081;776 485;7;0;2;2;1;1
202200021082;776 480;33;0;2;9;2;1
202200021082;776 481;7;0;2;4;2;1
202200021083;776 479;7;4;0;1;1;1
202200021084;776 475;7;0;2;8;11;1
202200021084;776 477;13;0;2;2;1;1
202200021085;776 476;7;0;2;4;16;1
202200021085;776 478;13;0;2;1;1;1
202200021086;776 471;7;3;2;4;0;2
202200021086;776 473;7;3;2;5;0;1
202200021086;776 474;10;3;2;1;0;1
202200021087;776 470;50;0;2;2;19;3
202200021087;776 472;7;0;2;0;1;1
202200021088;776 468;7;0;2;5;1;1
202200021088;776 469;7;0;2;3;2;1
202200021089;776 466;7;0;2;2;10;1
202200021089;776 467;33;0;2;2;1;1
202200021090;776 465;7;4;0;3;1;1
202200021091;776 462;7;0;2;1;2;1
202200021091;776 463;7;0;2;4;2;1
202200021091;776 464;10;0;9;4;2;1
202200021092;776 457;7;16;0;9;17;1
202200021092;776 459;7;0;2;3;0;1
202200021093;776 455;7;0;2;3;2;1
202200021093;776 456;7;0;2;5;1;1
202200021093;776 458;7;0;2;4;2;1
202200021093;776 460;7;0;2;6;23;1
202200021093;776 461;7;0;2;3;1;1
202200021094;776 452;10;0;2;1;2;1
202200021094;776 453;10;0;2;4;2;1
202200021094;776 454;7;0;2;4;2;1
202200021095;776 449;10;0;2;1;15;1
202200021095;776 451;2;0;2;1;1;3
202200021096;776 448;7;0;2;7;1;2
202200021096;776 450;7;0;2;3;13;1
202200021097;776 445;33;0;2;8;1;1
202200021097;776 447;0;0;2;0;0;0
202200021098;776 444;2;0;2;1;1;1
202200021098;776 446;13;0;2;2;19;1
202200021099;776 442;7;0;2;1;21;1
202200021099;776 443;7;0;2;5;1;1
202200021100;776 438;7;0;2;4;1;1
202200021100;776 440;7;0;2;1;1;1
202200021101;776 439;7;0;2;2;0;1
202200021101;776 441;99;0;2;1;1;1
202200021102;776 435;7;0;2;1;2;1
202200021102;776 436;7;0;0;4;2;1
202200021103;776 434;33;0;2;1;1;1
202200021103;776 437;7;0;2;5;15;1
202200021104;776 433;7;1;0;2;14;1
202200021105;776 431;7;0;2;1;1;1
202200021105;776 432;3;13;0;4;15;3
202200021106;776 429;30;0;2;1;1;1
202200021106;776 430;7;0;2;1;13;1
202200021107;776 427;32;0;2;1;1;1
202200021107;776 428;7;0;9;1;20;1
202200021108;776 426;7;7;0;1;1;
202200021109;776 425;7;17;0;1;26;1
202200021110;776 424;7;2;1;7;13;1
202200021111;776 423;2;0;0;1;2;1
202200021112;776 421;7;2;0;1;2;1
202200021113;776 420;7;0;2;1;1;1
202200021113;776 422;7;0;2;4;23;1
202200021114;776 417;7;0;2;1;13;1
202200021114;776 419;7;0;2;1;1;1
202200021115;776 416;10;0;2;1;2;1
202200021115;776 418;2;0;2;4;3;1
202200021116;776 414;7;0;2;2;5;1
202200021116;776 415;50;0;2;1;2;3
202200021117;776 412;30;1;0;1;13;1
202200021118;776 413;7;0;1;2;1;1
202200021119;776 410;7;0;2;3;2;1
202200021119;776 411;7;0;2;5;2;1
202200021120;776 409;30;0;0;1;26;1
202200021121;776 407;2;1;2;2;26;1
202200021122;776 406;7;0;2;2;1;1
202200021122;776 408;7;0;2;1;16;1
202200021123;776 404;31;0;2;1;2;1
202200021123;776 405;14;0;2;6;23;1
202200021124;776 403;30;0;1;1;2;1
202200021125;776 400;30;0;2;1;17;3
202200021125;776 401;30;0;2;7;15;
202200021126;776 399;30;0;2;1;15;1
202200021126;776 402;30;0;2;7;15;1
202200021127;776 398;7;8;0;3;13;3
202200021128;776 396;7;0;2;3;9;1
202200021128;776 397;30;0;2;1;1;1
202200021129;776 394;30;1;0;1;8;1
202200021129;776 395;7;0;2;8;22;1
202200021130;776 390;33;0;2;2;1;1
202200021130;776 393;7;0;2;3;1;1
202200021131;776 388;7;1;2;2;1;1
202200021131;776 389;10;0;2;6;1;1
202200021131;776 391;7;0;2;6;24;2
202200021131;776 392;7;0;2;1;1;1
202200021132;776 386;32;0;2;1;17;1
202200021132;776 387;7;0;2;8;13;1
202200021133;776 383;10;0;2;8;1;1
202200021133;776 384;7;0;2;8;1;2
202200021133;776 385;7;0;2;3;5;1
202200021134;776 379;7;0;1;2;1;1
202200021135;776 380;7;0;2;4;26;1
202200021135;776 381;7;0;2;6;0;1
202200021135;776 382;7;0;0;5;0;1
202200021136;776 377;37;0;1;8;7;1
202200021137;776 372;32;0;2;2;17;1
202200021137;776 374;7;0;2;8;1;1
202200021138;776 371;50;0;2;1;1;3
202200021138;776 373;33;0;2;7;1;1
202200021139;776 370;33;0;0;8;26;1
202200021140;776 369;10;0;1;1;1;1
202200021141;776 365;7;0;2;1;2;1
202200021141;776 366;7;0;2;4;2;1
202200021142;776 367;50;0;2;1;1;3
202200021142;776 368;1;0;2;1;1;5
202200021143;776 363;7;0;2;8;23;1
202200021143;776 364;50;1;0;1;0;3
202200021144;776 361;7;0;2;1;1;1
202200021144;776 362;7;0;2;4;1;1
202200021145;776 358;7;0;2;1;16;2
202200021145;776 360;7;0;2;1;1;1
202200021146;776 357;33;0;2;3;0;1
202200021146;776 359;7;0;2;8;15;1
202200021147;776 355;30;0;2;2;17;1
202200021147;776 356;7;0;2;8;15;2
202200021148;776 353;7;0;2;8;1;1
202200021148;776 354;99;0;2;1;9;1
202200021149;776 352;1;0;1;8;1;5
202200021150;776 351;7;0;2;5;1;1
202200021151;776 348;43;0;2;2;1;1
202200021151;776 349;7;0;2;1;1;1
202200021151;776 350;7;0;2;6;16;1
202200021152;776 347;7;0;1;4;4;1
202200021153;776 344;7;0;2;7;15;0
202200021153;776 345;34;0;2;1;1;1
202200021153;776 346;7;0;2;1;1;1
202200021154;776 342;30;0;0;7;18;1
202200021155;776 341;7;0;2;1;1;1
202200021155;776 343;33;0;2;7;15;1
202200021156;776 340;33;1;0;1;1;1
202200021157;776 337;33;0;2;1;17;1
202200021157;776 338;7;0;2;3;15;1
202200021158;776 336;7;0;2;1;1;1
202200021158;776 339;7;0;2;1;1;0
202200021159;776 334;7;0;2;1;1;1
202200021159;776 335;21;0;0;8;19;1
202200021160;776 332;7;1;0;6;1;1
202200021160;776 333;7;0;2;2;17;1
202200021161;776 331;7;6;0;2;0;1
202200021162;776 328;10;0;2;7;15;1
202200021162;776 329;33;0;2;1;1;1
202200021163;776 327;2;0;2;1;26;1
202200021163;776 330;7;0;9;2;1;1
202200021164;776 326;7;14;0;1;19;1
202200021165;776 325;10;0;1;4;4;1
202200021166;776 324;2;1;1;3;9;1
202200021167;776 322;7;0;2;6;1;1
202200021167;776 323;7;6;2;1;6;1
202200021168;776 321;7;7;0;1;26;1
202200021169;776 320;30;15;0;0;1;1
202200021170;776 319;7;0;5;3;1;1
202200021171;776 317;7;6;0;1;1;1
202200021172;776 316;31;5;0;2;0;1
202200021173;776 315;30;0;2;1;1;1
202200021173;776 318;7;0;2;3;26;0
202200021174;776 313;33;0;2;1;1;1
202200021174;776 314;3;0;2;8;15;1
202200021175;776 311;33;0;2;1;17;1
202200021175;776 312;7;0;2;3;15;1
202200021176;776 310;10;0;1;3;26;1
202200021177;776 308;2;0;2;1;2;1
202200021177;776 309;10;0;2;4;2;1
202200021178;776 306;1;0;2;0;1;5
202200021178;776 307;7;0;2;0;1;1
202200021179;776 305;7;6;0;1;1;1
202200021180;776 304;7;0;0;0;1;1
202200021181;776 302;7;0;1;1;15;1
202200021182;776 301;1;0;2;3;15;5
202200021182;776 303;33;8;2;1;17;1
202200021183;776 298;7;0;2;2;23;1
202200021183;776 299;1;0;2;1;5;5
202200021184;776 297;10;0;2;8;15;0
202200021184;776 300;7;0;2;1;2;1
202200021185;776 296;7;8;0;1;1;1
202200021186;776 295;7;0;1;1;15;1
202200021187;776 294;30;3;0;0;1;1
202200021188;776 293;31;0;0;8;1;1
202200021189;776 289;10;0;0;3;1;1
202200021189;776 291;7;0;0;6;1;2
202200021189;776 292;7;0;2;3;13;1
202200021190;776 290;32;0;1;7;1;1
202200021191;776 287;7;0;1;4;4;1
202200021192;776 284;7;9;2;6;1;1
202200021192;776 288;7;0;2;2;1;1
202200021193;776 285;1;0;2;7;1;5
202200021193;776 286;14;0;2;1;1;1
202200021194;776 282;7;0;2;4;1;1
202200021194;776 283;7;0;2;1;1;1
202200021195;776 280;33;0;2;1;1;1
202200021195;776 281;7;0;2;1;10;1
202200021196;776 279;50;0;1;1;5;3
202200021197;776 277;7;0;2;3;11;2
202200021197;776 278;31;0;2;2;1;1
202200021198;776 275;31;0;2;2;1;1
202200021198;776 276;7;0;2;3;15;0
202200021199;776 273;30;0;2;3;15;1
202200021199;776 274;30;0;2;5;1;1
202200021200;776 272;7;0;1;1;15;1
202200021201;776 270;7;0;1;7;19;1
202200021202;776 269;7;0;2;7;1;1
202200021202;776 271;7;0;2;1;0;1
202200021203;776 266;32;0;2;2;26;1
202200021203;776 268;10;0;2;3;13;1
202200021204;776 265;33;0;2;7;17;1
202200021204;776 267;7;0;2;3;17;1
202200021205;776 264;7;0;9;7;16;0
202200021206;776 262;14;0;2;7;14;0
202200021206;776 263;7;0;2;3;1;1
202200021207;776 259;38;9;2;4;23;1
202200021207;776 261;37;9;0;4;1;1
202200021208;776 258;1;0;2;1;1;5
202200021208;776 260;7;0;2;3;9;1
202200021209;776 257;7;0;1;5;26;1
202200021210;776 256;7;6;0;1;20;2
202200021211;776 253;7;0;2;3;13;1
202200021211;776 255;31;0;2;7;2;1
202200021212;776 254;7;0;0;2;16;1
202200021213;776 251;7;0;2;0;0;1
202200021213;776 252;33;0;2;0;0;1
202200021214;776 249;1;0;2;9;13;5
202200021214;776 250;37;0;9;7;17;2
202200021215;776 247;7;2;0;3;13;2
202200021216;776 246;7;0;2;5;1;1
202200021216;776 248;50;0;2;1;1;3
202200021217;776 245;50;0;0;0;14;3
202200021218;776 243;7;0;2;1;17;1
202200021218;776 244;7;0;2;8;15;1
202200021219;776 242;7;8;0;0;1;1
202200021220;776 240;7;0;1;3;2;1
202200021221;776 241;3;6;0;1;1;1
202200021222;776 238;7;8;0;0;1;1
202200021223;776 237;7;0;2;2;1;1
202200021223;776 239;60;0;2;1;1;5
202200021224;776 235;15;0;0;4;2;1
202200021224;776 236;10;0;2;1;2;1
202200021225;776 233;7;0;2;8;2;1
202200021225;776 234;30;0;2;7;2;1
202200021226;776 231;7;0;9;2;1;1
202200021226;776 232;1;0;0;6;1;5
202200021227;776 229;30;1;0;2;1;1
202200021227;776 230;7;1;0;3;13;1
202200021228;776 228;2;16;0;9;1;1
202200021229;776 227;14;0;1;1;1;1
202200021230;776 224;14;0;2;7;0;1
202200021230;776 226;31;0;2;3;2;1
202200021231;776 223;7;0;2;3;13;1
202200021231;776 225;7;0;2;3;1;1
202200021232;776 219;7;0;2;3;15;1
202200021232;776 222;1;0;2;7;15;5
202200021233;776 220;33;0;2;1;1;1
202200021233;776 221;33;0;2;1;13;1
202200021234;776 217;7;0;2;4;4;1
202200021234;776 218;31;0;2;1;1;1
202200021235;776 216;7;0;1;3;13;1
202200021236;776 213;7;0;9;1;0;1
202200021236;776 215;1;0;2;6;0;5
202200021237;776 212;7;0;2;1;0;1
202200021237;776 214;7;0;2;1;0;1
202200021238;776 209;33;1;2;1;1;1
202200021238;776 211;7;0;2;5;15;1
202200021239;776 208;7;0;2;1;19;1
202200021239;776 210;33;8;2;8;1;1
202200021240;776 207;7;0;1;3;1;1
202200021241;776 206;7;0;1;3;15;1
202200021242;776 205;2;0;0;0;1;1
202200021243;776 203;7;0;2;3;15;1
202200021243;776 204;33;0;2;7;17;1
202200021244;776 200;10;0;2;1;1;1
202200021244;776 201;10;0;2;3;1;1
202200021244;776 202;7;0;2;3;13;1
202200021245;776 198;7;0;0;1;21;1
202200021246;776 197;7;0;2;1;26;1
202200021246;776 199;7;0;2;1;1;2
202200021247;776 194;15;3;0;2;1;1
202200021248;776 195;7;0;2;3;15;1
202200021248;776 196;1;0;2;2;1;5
202200021249;776 192;33;3;0;7;1;1
202200021250;776 193;33;2;0;0;1;1
202200021251;776 191;31;13;0;3;14;1
202200021252;776 188;1;0;2;1;15;5
202200021252;776 190;7;0;2;7;15;1
202200021253;776 187;7;0;2;2;9;1
202200021253;776 189;33;0;0;7;1;1
202200021254;776 186;1;0;0;0;0;5
202200021255;776 184;37;0;2;1;1;1
202200021255;776 185;30;0;2;1;1;1
202200021256;776 183;7;2;0;3;1;3
202200021257;776 181;7;16;0;7;1;1
202200021258;776 180;7;0;2;1;1;1
202200021258;776 182;50;0;2;1;9;3
202200021259;776 179;33;13;0;1;1;1
202200021260;776 177;7;0;2;3;15;1
202200021260;776 178;33;0;2;1;17;1
202200021261;776 176;7;6;0;1;14;1
202200021262;776 173;7;0;0;7;15;1
202200021262;776 175;37;0;2;1;1;1
202200021263;776 172;1;0;2;1;5;5
202200021263;776 174;33;0;9;1;1;1
202200021264;776 171;7;0;0;7;15;1
202200021265;776 169;7;0;2;3;1;1
202200021265;776 170;32;0;2;1;17;1
202200021266;776 167;33;0;0;7;9;1
202200021267;776 165;33;0;0;0;1;1
202200021268;776 164;7;1;0;1;25;1
202200021269;776 161;33;0;2;1;1;1
202200021269;776 162;7;0;2;8;15;2
202200021270;776 160;7;0;2;3;5;1
202200021270;776 163;7;0;2;3;2;1
202200021271;776 159;1;0;1;1;18;5
202200021272;776 158;31;13;0;0;1;1
202200021273;776 156;33;15;0;7;14;1
202200021274;776 155;2;0;2;6;1;1
202200021274;776 157;7;0;2;3;11;1
202200021275;776 153;7;0;2;1;17;1
202200021275;776 154;7;0;2;1;1;1
202200021276;776 151;7;0;2;8;1;1
202200021276;776 152;33;0;2;8;17;1
202200021277;776 149;7;2;0;3;1;1
202200021278;776 148;7;0;0;4;1;3
202200021278;776 150;7;0;2;1;2;1
202200021279;776 147;7;0;1;2;1;1
202200021280;776 145;33;0;0;8;2;1
202200021280;776 146;7;0;2;1;2;1
202200021281;776 141;99;0;2;1;16;5
202200021281;776 142;7;0;1;2;15;1
202200021282;776 139;2;0;2;1;1;1
202200021282;776 140;7;0;2;3;16;1
202200021283;776 138;3;0;1;3;1;1
202200021284;776 136;33;0;2;1;17;1
202200021284;776 137;7;0;2;6;15;1
202200021285;776 135;33;5;0;8;1;1
202200021286;776 133;33;0;0;0;23;1
202200021286;776 134;7;0;0;0;21;1
202200021287;776 131;1;0;2;1;1;5
202200021287;776 132;7;0;9;1;15;1
202200021288;776 127;7;0;2;8;15;1
202200021288;776 128;33;15;2;7;17;1
202200021289;776 125;31;0;2;1;17;1
202200021289;776 126;21;0;2;3;1;1
202200021290;776 123;7;0;0;3;15;1
202200021290;776 124;33;0;2;9;1;1
202200021291;776 122;7;0;0;9;1;1
202200021292;776 121;7;2;0;1;0;1
202200021293;776 120;7;0;1;1;1;1
202200021294;776 119;2;11;0;0;6;1
202200021295;776 117;31;0;0;4;15;1
202200021295;776 118;7;0;0;3;1;1
202200021296;776 115;7;0;2;1;21;1
202200021296;776 116;7;0;2;1;24;1
202200021297;776 113;7;0;2;3;2;1
202200021297;776 114;2;0;2;8;13;1
202200021298;776 111;7;0;2;3;1;1
202200021298;776 112;7;0;2;1;15;1
202200021299;776 110;31;2;0;1;1;3
202200021300;776 109;7;2;0;1;13;1
202200021301;776 108;7;3;0;2;21;1
202200021302;776 107;7;13;0;9;13;1
202200021303;776 105;20;0;0;4;1;1
202200021303;776 106;10;0;2;1;1;1
202200021304;776 101;7;12;2;1;1;1
202200021304;776 103;7;0;2;2;19;1
202200021305;776 099;21;0;2;3;1;1
202200021305;776 100;7;0;2;3;1;1
202200021306;776 098;14;13;0;7;14;1
202200021307;776 094;33;0;2;1;1;1
202200021307;776 095;7;0;2;5;15;1
202200021308;776 092;7;0;2;1;1;1
202200021308;776 093;7;0;2;4;0;1
202200021308;776 096;7;0;0;4;1;1
202200021308;776 097;7;0;2;4;1;1
202200021309;776 089;10;0;2;3;1;1
202200021309;776 091;7;3;2;5;17;1
202200021310;776 087;7;0;2;1;1;1
202200021310;776 088;7;0;2;3;2;1
202200021310;776 090;7;16;0;5;23;1
202200021311;776 084;7;3;0;3;0;1
202200021312;776 083;17;0;2;1;1;1
202200021312;776 085;7;0;2;4;1;1
202200021312;776 086;7;0;0;4;15;1
202200021313;776 082;33;0;0;0;16;1
202200021314;776 081;15;6;0;7;14;1
202200021315;776 079;33;0;0;2;1;1
202200021316;776 078;7;0;2;1;2;1
202200021316;776 080;7;0;2;4;2;2
202200021317;776 074;17;1;0;2;1;1
202200021317;776 076;17;0;2;8;23;1
202200021318;776 075;32;0;2;3;3;1
202200021318;776 077;7;0;2;5;12;1
202200021319;776 072;7;0;0;9;0;1
202200021320;776 071;7;1;0;1;14;1
202200021320;776 073;7;0;2;4;23;1
202200021321;776 070;7;13;0;9;1;1
202200021322;776 068;7;0;0;9;1;1
202200021323;776 067;33;0;2;1;1;1
202200021323;776 069;7;0;2;5;12;1
202200021324;776 065;7;0;1;4;4;1
202200021325;776 064;33;0;2;6;3;1
202200021325;776 066;7;0;2;7;12;1
202200021326;776 063;2;6;0;1;0;0
202200021327;776 061;7;13;0;0;1;1
202200021328;776 060;7;0;2;3;2;1
202200021328;776 062;7;0;2;2;1;1
202200021329;776 057;7;0;2;2;17;1
202200021329;776 059;7;0;2;3;11;0
202200021330;776 056;33;0;2;1;3;1
202200021330;776 058;7;0;2;7;12;1
202200021331;776 054;33;0;0;0;0;1
202200021332;776 053;7;0;0;1;1;1
202200021332;776 055;7;0;2;1;1;1
202200021333;776 052;33;17;0;1;1;1
202200021334;776 048;60;0;2;1;1;5
202200021334;776 049;7;0;2;0;16;1
202200021335;776 045;7;0;2;8;10;1
202200021335;776 046;33;0;2;1;8;1
202200021336;776 044;7;0;1;1;1;1
202200021337;776 041;1;0;2;3;19;5
202200021337;776 043;7;0;2;1;16;0
202200021338;776 040;31;0;2;1;0;1
202200021338;776 042;7;0;2;0;13;0
202200021339;776 039;1;0;5;1;21;5
202200021340;776 037;7;12;2;3;21;1
202200021340;776 038;7;16;2;3;1;1
202200021341;776 035;7;0;0;6;15;1
202200021341;776 036;33;0;2;1;0;1
202200021342;776 032;3;0;2;2;26;1
202200021342;776 034;99;0;2;0;0;0
202200021343;776 029;7;0;2;4;2;1
202200021343;776 030;10;0;2;4;1;1
202200021343;776 031;7;0;2;4;1;1
202200021343;776 033;7;0;2;1;1;1
202200021344;776 024;7;0;2;6;1;1
202200021344;776 026;7;0;2;6;0;1
202200021344;776 028;7;0;2;7;1;1
202200021345;776 022;7;0;2;4;1;1
202200021345;776 023;7;0;2;1;1;1
202200021345;776 025;7;0;2;1;1;1
202200021345;776 027;7;0;2;1;1;1
202200021346;776 019;7;0;2;7;12;1
202200021346;776 021;33;0;2;3;3;1
202200021347;776 018;7;0;0;3;1;1
202200021347;776 020;32;0;2;7;1;1
202200021348;776 016;33;0;2;3;3;1
202200021348;776 017;10;0;2;2;12;1
202200021349;776 012;7;0;2;1;2;1
202200021349;776 014;7;0;2;4;2;1
202200021350;776 013;33;0;2;1;1;1
202200021350;776 015;7;0;0;7;15;1
202200021351;776 011;33;4;2;8;1;1
202200021352;776 010;7;0;1;2;1;1
202200021353;776 007;7;4;2;4;1;1
202200021353;776 008;33;4;2;4;1;1
202200021353;776 009;33;4;2;1;1;1
202200021354;776 006;7;13;0;1;1;1
202200021355;776 003;33;0;2;3;3;1
202200021355;776 005;7;0;2;5;12;1
202200021356;776 004;7;2;0;3;0;1
202200021357;775 999;7;0;2;8;26;1
202200021357;776 000;7;0;2;0;26;0
202200021357;776 002;7;0;2;7;26;1
202200021358;775 998;7;8;1;1;6;1
202200021359;775 996;7;0;2;4;2;1
202200021359;775 997;33;0;2;1;2;1
202200021360;775 995;7;9;0;1;6;1
202200021361;775 993;33;0;2;1;2;1
202200021361;775 994;7;0;2;4;2;1
202200021362;775 992;33;12;0;2;2;1
202200021363;775 990;31;1;0;7;14;1
202200021363;775 991;13;0;2;8;23;1
202200021364;775 988;7;0;1;1;1;1
202200021365;775 987;7;0;2;3;0;1
202200021365;775 989;7;0;2;3;0;1
202200021366;775 986;7;0;1;1;19;1
202200021367;775 985;7;0;1;1;1;1
202200021368;775 984;7;7;0;1;14;1
202200021369;775 983;7;0;1;1;1;1
202200021370;775 980;7;3;0;7;1;1
202200021371;775 979;7;0;2;1;2;1
202200021371;775 981;7;0;2;1;13;1
202200021371;775 982;7;0;2;1;1;1
202200021372;775 978;38;0;2;2;11;1
202200021373;775 976;7;0;2;3;9;1
202200021373;775 977;33;0;2;1;1;1
202200021374;775 974;7;0;2;0;0;1
202200021374;775 975;1;0;2;0;11;0
202200021375;775 973;7;0;0;9;14;1
202200021376;775 972;33;0;1;1;1;1
202200021377;775 970;7;0;2;3;1;1
202200021377;775 971;7;14;2;3;16;1
202200021378;775 969;7;0;1;3;1;1
202200021379;775 967;33;0;0;7;21;1
202200021380;775 966;37;0;2;1;1;6
202200021380;775 968;7;0;2;8;10;1
202200021381;775 965;7;2;0;1;1;1
202200021382;775 962;33;0;2;1;15;1
202200021382;775 963;2;0;2;1;1;1
202200021382;775 964;7;0;2;1;1;1
202200021383;775 961;7;0;1;1;25;0
202200021384;775 959;50;0;2;3;1;3
202200021384;775 960;7;0;9;3;1;1
202200021385;775 958;7;15;1;9;1;1
202200021386;775 957;7;0;2;1;1;1
202200021387;775 955;7;0;2;3;1;1
202200021387;775 956;30;0;2;1;1;1
202200021388;775 954;7;6;0;2;1;1
202200021389;775 953;1;1;0;1;14;5
202200021390;775 951;34;0;2;2;3;1
202200021390;775 952;7;0;2;3;15;2
202200021391;775 949;10;0;2;2;0;1
202200021391;775 950;50;0;2;3;1;3
202200021392;775 947;7;0;2;1;2;1
202200021392;775 948;7;0;2;4;23;1
202200021393;775 943;7;0;0;0;0;1
202200021393;775 944;7;1;0;1;1;1
202200021394;775 941;10;0;2;2;1;1
202200021394;775 942;7;0;2;6;16;1
202200021395;775 940;7;11;0;1;1;1
202200021396;775 937;7;2;2;1;2;1
202200021396;775 938;1;0;2;4;2;5
202200021396;775 939;7;0;2;6;2;1
202200021397;775 935;7;0;2;2;12;1
202200021397;775 936;34;0;2;8;3;1
202200021398;775 933;33;0;2;8;3;1
202200021398;775 934;7;0;2;7;12;1
202200021399;775 931;7;0;2;1;16;1
202200021399;775 932;50;0;2;8;19;3
202200021400;775 929;7;0;2;4;23;0
202200021400;775 930;7;1;1;1;1;1
202200021401;775 928;80;0;1;7;1;3
202200021402;775 926;7;0;2;1;10;2
202200021402;775 927;1;0;2;1;1;5
202200021403;775 925;30;0;1;8;1;1
202200021404;775 924;7;0;1;1;19;1
202200021405;775 922;31;0;2;1;1;1
202200021405;775 923;7;0;2;3;15;1
202200021406;775 920;10;0;2;1;17;1
202200021406;775 921;7;0;2;1;17;1
202200021407;775 919;7;1;0;1;0;0
202200021408;775 918;3;0;1;3;15;1
202200021409;775 916;30;0;2;1;1;1
202200021409;775 917;7;0;2;3;10;1
202200021410;775 914;7;0;2;3;1;1
202200021410;775 915;2;0;2;1;13;1
202200021411;775 912;30;0;2;1;0;1
202200021411;775 913;7;0;2;7;15;1
202200021412;775 911;33;0;0;0;1;1
202200021413;775 909;7;0;2;1;14;1
202200021413;775 910;7;0;2;1;1;1
202200021414;775 907;7;0;2;8;10;1
202200021414;775 908;33;0;2;0;17;0
202200021415;775 906;7;2;0;3;1;1
202200021416;775 904;10;0;2;3;0;1
202200021416;775 905;7;0;2;3;0;1
202200021417;775 900;7;0;2;3;15;1
202200021417;775 901;7;0;2;1;1;1
202200021417;775 902;33;0;2;1;1;1
202200021418;775 898;7;0;2;1;1;1
202200021418;775 899;7;0;2;8;1;1
202200021419;775 897;7;2;0;8;1;1
202200021420;775 894;33;0;2;8;13;1
202200021420;775 895;7;0;2;8;1;1
202200021420;775 896;7;0;2;3;2;1
202200021421;775 893;1;9;0;3;1;5
202200021422;775 891;7;0;9;2;2;1
202200021422;775 892;1;0;0;4;2;5
202200021423;775 889;1;0;2;1;1;5
202200021423;775 890;7;0;9;2;15;1
202200021424;775 887;7;0;0;6;1;1
202200021424;775 888;33;0;2;1;17;1
202200021425;775 886;36;13;0;9;1;1
202200021426;775 885;33;13;0;9;1;1
202200021427;775 883;7;0;2;8;15;1
202200021427;775 884;33;0;2;2;1;1
202200021428;775 881;7;0;2;1;1;1
202200021428;775 882;7;0;2;1;15;1
202200021429;775 880;7;2;0;2;1;1
202200021430;775 879;33;7;0;1;0;1
202200021431;775 877;7;0;9;1;1;1
202200021431;775 878;1;0;2;1;5;5
202200021432;775 876;1;0;0;0;1;5
202200021433;775 875;7;1;1;1;20;1
202200021434;775 873;17;0;2;4;4;1
202200021434;775 874;7;0;2;1;23;1
202200021435;775 871;17;0;2;1;0;1
202200021435;775 872;7;0;2;1;13;1
202200021436;775 870;7;3;0;1;14;1
202200021437;775 869;33;3;0;3;2;1
202200021438;775 868;10;2;0;1;14;1
202200021439;775 866;7;0;2;8;19;1
202200021439;775 867;7;0;2;1;1;1
202200021440;775 864;34;0;0;3;1;1
202200021440;775 865;33;0;2;3;21;1
202200021441;775 863;2;0;0;3;0;1
202200021442;775 862;7;13;0;3;21;1
202200021443;775 860;33;8;2;1;1;1
202200021443;775 861;3;0;2;3;15;1
202200021444;775 858;33;0;2;1;1;1
202200021444;775 859;7;0;2;8;19;1
202200021445;775 856;7;0;2;1;1;1
202200021445;775 857;7;0;2;6;26;1
202200021446;775 855;7;13;0;9;13;1
202200021447;775 854;33;12;0;2;1;1
202200021448;775 853;7;0;1;2;0;0
202200021449;775 852;7;0;1;2;1;3
202200021450;775 851;7;3;0;1;0;1
202200021451;775 849;7;0;2;3;11;1
202200021451;775 850;7;0;2;2;1;1
202200021452;775 847;33;0;2;8;3;1
202200021452;775 848;7;0;2;5;1;1
202200021453;775 845;7;0;2;1;2;1
202200021453;775 846;7;0;2;4;1;1
202200021454;775 843;7;4;0;4;2;1
202200021454;775 844;10;0;2;1;2;1
202200021455;775 842;7;4;0;9;1;1
202200021456;775 839;7;0;2;1;2;1
202200021456;775 840;7;0;2;4;2;1
202200021456;775 841;7;0;2;4;2;1
202200021457;775 836;7;1;0;3;14;1
202200021457;775 837;99;0;2;6;24;1
202200021457;775 838;7;0;2;5;23;1
202200021458;775 834;50;0;2;8;1;3
202200021458;775 835;7;0;2;2;1;
202200021459;775 833;7;0;1;0;0;
202200021460;775 825;7;0;2;0;0;1
202200021460;775 826;7;0;2;0;0;1
202200021460;775 827;7;0;2;0;0;1
202200021460;775 828;7;0;2;0;0;1
202200021460;775 829;20;0;2;0;0;1
202200021460;775 830;7;0;2;0;0;1
202200021460;775 831;7;0;2;0;0;1
202200021460;775 832;7;0;2;5;0;1
202200021461;775 823;31;0;2;1;1;1
202200021461;775 824;7;0;2;2;9;1
202200021462;775 821;7;0;2;1;19;1
202200021462;775 822;7;0;2;2;19;1