Num_Acc;id_vehicule;categorie_vehicule;obstacle_fixe;obstacle_mobile;point_choc_initial;manoeuvre_principale;motorisation
202200021463;775 818;7;0;2;1;2;1
202200021463;775 819;7;0;2;9;11;1
202200021463;775 820;7;0;2;6;0;1
202200021464;775 816;37;0;9;6;26;1
202200021464;775 817;33;0;2;2;26;0
202200021465;775 813;7;0;2;3;1;1
202200021465;775 814;7;0;2;8;1;1
202200021465;775 815;7;0;2;1;13;1
202200021466;775 808;7;0;2;4;0;1
202200021466;775 809;7;0;2;4;0;1
202200021466;775 810;7;0;2;4;0;1
202200021466;775 811;7;0;2;4;0;1
202200021466;775 812;10;0;2;1;26;1
202200021467;775 806;33;0;2;1;1;1
202200021467;775 807;10;0;2;8;15;0
202200021468;775 801;7;0;2;3;0;1
202200021469;775 799;7;0;2;4;1;1
202200021469;775 800;2;0;2;1;2;1
202200021470;775 797;7;0;2;3;15;1
202200021470;775 798;31;0;2;1;15;1
202200021471;775 796;33;8;0;0;26;1
202200021472;775 792;33;0;2;4;1;1
202200021472;775 793;7;0;2;4;16;0
202200021473;775 790;7;0;2;4;2;1
202200021473;775 791;13;0;2;1;2;1
202200021474;775 788;7;0;2;1;9;1
202200021474;775 789;7;0;2;2;1;1
202200021475;775 786;7;14;2;1;13;1
202200021475;775 787;7;0;2;1;1;1
202200021476;775 785;7;15;0;1;6;0
202200021477;775 783;7;0;2;3;15;1
202200021477;775 784;7;0;2;1;1;1
202200021478;775 781;1;0;0;0;0;5
202200021478;775 782;7;0;0;0;0;1
202200021479;775 778;7;0;2;1;5;1
202200021479;775 779;7;0;2;1;1;1
202200021479;775 780;7;0;2;1;1;1
202200021480;775 776;50;0;2;1;1;3
202200021480;775 777;7;0;9;1;9;1
202200021481;775 775;50;1;0;1;26;3
202200021482;775 773;7;0;2;3;2;1
202200021482;775 774;7;0;2;2;12;1
202200021483;775 771;7;0;2;4;4;1
202200021483;775 772;7;0;2;1;23;2
202200021484;775 770;7;0;1;2;16;2
202200021485;775 768;7;4;2;2;1;1
202200021485;775 769;7;0;2;9;1;1
202200021486;775 767;33;0;0;8;1;1
202200021487;775 765;7;1;0;5;20;1
202200021487;775 766;31;0;2;1;18;1
202200021488;775 764;33;13;0;0;1;1
202200021489;775 763;50;0;0;0;1;3
202200021490;775 761;33;0;2;1;1;1
202200021490;775 762;7;0;2;6;15;1
202200021491;775 759;7;0;2;3;1;1
202200021491;775 760;2;0;2;3;6;1
202200021492;775 757;30;0;2;1;1;1
202200021492;775 758;7;0;2;0;15;1
202200021493;775 756;99;0;1;2;1;0
202200021494;775 755;30;9;0;2;26;1
202200021495;775 754;1;0;0;0;2;5
202200021496;775 753;7;1;0;1;14;1
202200021497;775 752;7;0;1;3;0;2
202200021498;775 750;7;8;0;1;14;1
202200021499;775 749;7;0;9;2;16;2
202200021499;775 751;1;0;2;3;1;5
202200021500;775 747;7;0;1;1;1;1
202200021501;775 746;50;0;2;1;1;3
202200021501;775 748;7;0;2;6;15;1
202200021502;775 744;7;0;1;3;15;1
202200021503;775 743;10;0;2;1;2;1
202200021503;775 745;7;0;2;4;2;1
202200021504;775 740;7;0;2;3;1;1
202200021504;775 742;33;0;2;2;12;1
202200021505;775 739;43;0;2;7;15;1
202200021505;775 741;10;0;2;3;18;1
202200021506;775 737;1;0;2;1;5;5
202200021506;775 738;7;0;2;1;16;1
202200021507;775 735;80;0;2;1;1;3
202200021507;775 736;1;0;2;8;9;5
202200021508;775 733;7;0;2;8;24;2
202200021508;775 734;7;1;2;2;1;1
202200021509;775 732;33;0;1;2;1;1
202200021510;775 728;7;0;2;1;26;1
202200021510;775 731;7;0;2;2;26;1
202200021511;775 727;31;0;0;0;0;1
202200021511;775 729;33;0;0;0;0;1
202200021511;775 730;10;0;0;0;0;1
202200021512;775 725;1;9;0;1;1;5
202200021513;775 724;7;0;2;2;11;1
202200021513;775 726;2;0;2;1;1;0
202200021514;775 723;7;0;1;1;1;1
202200021515;775 722;7;15;0;1;14;1
202200021516;775 720;7;0;5;1;1;1
202200021517;775 719;10;13;0;1;0;1
202200021517;775 721;17;0;0;4;1;1
202200021518;775 717;2;0;1;1;1;1
202200021519;775 716;7;0;2;3;15;1
202200021519;775 718;7;0;2;8;1;1
202200021520;775 715;7;7;0;1;1;1
202200021521;775 713;7;1;0;1;15;1
202200021522;775 710;7;2;0;1;13;1
202200021523;775 711;7;0;2;1;1;1
202200021523;775 712;7;0;2;6;11;1
202200021523;775 714;7;0;2;1;1;1
202200021524;775 707;7;3;2;1;2;1
202200021524;775 709;17;0;2;5;1;1
202200021525;775 708;7;2;0;1;1;1
202200021526;775 705;1;3;2;5;2;5
202200021526;775 706;7;0;9;2;2;1
202200021527;775 703;7;0;9;3;1;1
202200021527;775 704;0;0;2;1;19;5
202200021528;775 701;7;0;2;1;2;1
202200021528;775 702;7;0;0;4;2;1
202200021529;775 700;7;0;1;2;1;1
202200021530;775 699;17;8;0;2;1;1
202200021531;775 697;7;1;1;2;4;1
202200021532;775 696;1;0;2;5;2;5
202200021532;775 698;7;0;2;2;12;1
202200021533;775 693;7;0;2;7;15;1
202200021533;775 695;33;0;2;1;1;1
202200021534;775 692;80;0;2;1;1;3
202200021534;775 694;7;0;2;5;9;1
202200021535;775 689;7;0;0;8;15;1
202200021535;775 691;10;0;2;2;17;0
202200021536;775 688;50;0;2;7;19;3
202200021536;775 690;7;0;2;1;15;1
202200021537;775 686;2;0;2;1;2;1
202200021537;775 687;21;0;0;4;2;1
202200021538;775 684;31;0;2;1;18;1
202200021538;775 685;7;0;2;5;15;1
202200021539;775 683;10;8;0;1;16;1
202200021540;775 680;2;0;2;1;1;1
202200021540;775 682;7;0;2;3;19;1
202200021541;775 679;7;0;2;1;1;1
202200021541;775 681;50;0;2;0;1;3
202200021542;775 678;7;8;0;1;1;1
202200021543;775 676;10;6;0;2;0;1
202200021544;775 675;50;0;2;1;1;3
202200021544;775 677;7;0;2;1;15;1
202200021545;775 672;7;0;2;1;17;1
202200021545;775 674;7;0;2;1;1;1
202200021546;775 671;33;0;2;1;1;0
202200021546;775 673;7;0;0;0;0;1
202200021547;775 670;7;6;0;3;1;1
202200021548;775 667;7;13;0;7;1;1
202200021549;775 668;7;0;2;6;1;1
202200021549;775 669;30;0;2;1;1;1
202200021550;775 666;33;0;0;0;0;1
202200021551;775 664;1;0;2;4;1;5
202200021551;775 665;7;0;2;2;2;1
202200021552;775 663;7;0;1;3;1;1
202200021553;775 662;33;12;0;1;1;0
202200021554;775 660;7;0;2;3;19;1
202200021554;775 661;33;0;2;1;1;1
202200021555;775 659;7;0;1;0;9;0
202200021556;775 657;7;0;2;3;13;1
202200021556;775 658;15;0;2;6;21;1
202200021557;775 654;7;0;2;4;9;1
202200021557;775 656;7;0;2;1;1;1
202200021558;775 653;7;0;0;6;1;1
202200021558;775 655;2;0;2;1;2;1
202200021559;775 651;7;0;2;3;15;1
202200021559;775 652;32;0;2;1;2;1
202200021560;775 649;7;0;2;1;1;1
202200021560;775 650;7;0;2;1;1;1
202200021561;775 644;7;0;2;2;17;1
202200021561;775 646;7;0;2;3;20;1
202200021561;775 648;7;1;2;3;24;1
202200021562;775 641;7;0;2;8;19;1
202200021562;775 643;33;0;2;1;1;1
202200021563;775 639;33;0;2;1;2;1
202200021563;775 640;7;0;2;3;2;1
202200021564;775 638;38;0;2;4;24;1
202200021564;775 642;15;0;2;1;2;0
202200021565;775 636;7;0;9;3;1;1
202200021565;775 637;1;0;2;3;1;5
202200021566;775 634;7;0;2;1;13;1
202200021566;775 635;7;0;2;2;21;1
202200021567;775 632;31;0;2;1;15;1
202200021567;775 633;7;0;2;1;1;1
202200021568;775 630;33;0;2;1;1;1
202200021568;775 631;7;0;2;6;1;1
202200021569;775 629;2;0;0;1;1;1
202200021570;775 626;7;0;1;2;2;1
202200021571;775 627;7;0;2;4;2;1
202200021571;775 628;7;0;2;1;2;1
202200021572;775 625;7;2;0;7;14;1
202200021573;775 624;7;0;1;1;16;1
202200021574;775 623;33;0;0;0;17;1
202200021575;775 620;33;0;2;1;3;1
202200021575;775 622;7;0;2;2;12;1
202200021576;775 618;7;6;0;3;0;0
202200021577;775 616;33;0;2;1;3;1
202200021577;775 617;7;0;2;7;22;1
202200021577;775 619;7;0;2;4;23;1
202200021578;775 615;7;4;0;2;14;1
202200021579;775 613;7;0;2;1;1;2
202200021579;775 614;7;0;0;4;1;1
202200021580;775 612;30;0;0;0;1;1
202200021581;775 611;33;0;0;2;1;1
202200021582;775 608;7;0;2;4;2;1
202200021582;775 610;80;0;2;1;2;3
202200021583;775 607;7;0;2;1;2;1
202200021583;775 609;15;0;0;4;2;1
202200021584;775 606;17;3;0;1;1;1
202200021585;775 604;1;0;2;4;23;5
202200021585;775 605;14;0;2;1;2;6
202200021586;775 602;33;0;2;2;17;1
202200021586;775 603;10;0;2;8;15;1
202200021587;775 599;33;10;0;1;1;1
202200021588;775 598;7;0;2;3;24;1
202200021588;775 600;7;0;2;3;1;1
202200021588;775 601;30;0;2;2;17;1
202200021589;775 596;10;0;2;3;19;1
202200021589;775 597;33;0;2;1;1;1
202200021590;775 594;1;0;2;1;9;5
202200021590;775 595;37;0;2;5;1;2
202200021591;775 592;1;0;2;3;9;5
202200021591;775 593;10;0;9;2;1;1
202200021592;775 588;1;0;2;3;15;5
202200021592;775 591;7;0;2;2;1;1
202200021593;775 587;7;0;0;3;1;1
202200021593;775 589;7;0;0;6;1;1
202200021593;775 590;7;0;2;1;21;1
202200021594;775 583;33;0;2;1;1;1
202200021594;775 586;7;0;2;6;15;2
202200021595;775 584;7;0;2;3;9;1
202200021595;775 585;7;0;2;1;1;1
202200021596;775 581;7;2;0;3;0;1
202200021597;775 580;50;0;2;8;15;3
202200021597;775 582;33;0;2;8;5;1
202200021598;775 579;7;2;0;1;1;1
202200021599;775 577;1;0;2;8;1;5
202200021599;775 578;1;0;2;7;17;5
202200021600;775 575;7;0;2;3;15;1
202200021600;775 576;30;0;2;2;17;1
202200021601;775 572;7;5;0;1;1;1
202200021602;775 573;10;0;2;4;23;1
202200021602;775 574;10;0;2;1;2;1
202200021603;775 570;7;8;0;2;1;1
202200021604;775 569;34;0;2;1;1;1
202200021604;775 571;7;0;2;3;13;1
202200021605;775 568;7;0;0;1;1;1
202200021606;775 564;7;0;2;0;26;1
202200021606;775 566;30;0;2;0;0;1
202200021607;775 563;7;6;0;3;13;1
202200021608;775 562;7;0;1;3;9;3
202200021609;775 560;33;0;2;2;1;1
202200021609;775 561;10;0;2;6;11;1
202200021610;775 557;7;0;2;8;9;1
202200021610;775 559;31;0;2;0;0;1
202200021611;775 552;30;0;2;1;9;1
202200021611;775 553;15;0;2;4;2;1
202200021612;775 551;7;0;2;4;2;1
202200021612;775 554;7;0;2;4;2;1
202200021612;775 555;7;0;2;4;2;1
202200021612;775 556;7;0;2;4;2;1
202200021612;775 558;10;0;2;1;14;1
202200021613;775 548;7;0;2;5;1;1
202200021613;775 549;33;0;2;3;13;1
202200021614;775 547;50;0;2;2;0;3
202200021614;775 550;7;0;9;1;16;1
202200021615;775 542;7;0;2;4;1;2
202200021615;775 543;7;0;2;3;14;1
202200021615;775 545;7;0;2;6;1;1
202200021615;775 546;7;0;2;5;1;1
202200021616;775 541;7;0;2;8;1;1
202200021616;775 544;7;0;2;1;1;1
202200021617;775 539;7;0;2;1;1;1
202200021617;775 540;7;0;2;4;1;2
202200021618;775 537;33;0;2;8;2;1
202200021618;775 538;7;0;2;1;15;1
202200021619;775 536;7;4;0;1;1;1
202200021620;775 533;33;0;2;7;21;1
202200021620;775 535;10;0;2;8;0;1
202200021621;775 532;7;0;2;5;1;1
202200021621;775 534;50;0;2;1;1;3
202200021622;775 530;34;0;2;0;2;1
202200021622;775 531;7;0;2;4;1;1
202200021623;775 526;10;0;2;8;11;1
202200021623;775 527;33;0;2;7;1;1
202200021624;775 528;32;0;2;9;1;1
202200021624;775 529;7;0;2;8;15;1
202200021625;775 523;7;0;2;1;2;1
202200021625;775 525;7;0;2;4;2;1
202200021626;775 522;7;0;2;3;15;1
202200021626;775 524;32;0;2;1;1;1
202200021627;775 520;7;0;2;0;14;1
202200021627;775 521;33;0;2;8;1;1
202200021628;775 519;7;0;1;0;0;0
202200021629;775 518;7;4;0;1;1;1
202200021630;775 516;7;0;1;1;1;0
202200021631;775 517;7;0;2;7;26;1
202200021632;775 514;37;0;2;1;2;1
202200021632;775 515;7;0;1;4;2;3
202200021633;775 513;10;0;1;2;1;1
202200021634;775 509;31;0;2;1;0;1
202200021634;775 510;1;0;2;4;15;5
202200021635;775 508;80;0;1;0;21;3
202200021636;775 505;33;0;2;7;0;0
202200021636;775 507;43;0;2;8;1;1
202200021637;775 503;7;0;2;7;1;1
202200021637;775 504;7;0;2;8;1;1
202200021638;775 501;7;0;2;3;1;1
202200021638;775 502;1;0;2;2;1;5
202200021639;775 500;10;0;1;4;20;1
202200021640;775 498;7;6;0;0;0;1
202200021641;775 497;33;0;2;3;13;1
202200021641;775 499;7;0;2;3;1;1
202200021642;775 495;1;0;2;7;2;5
202200021642;775 496;99;0;2;3;15;5
202200021643;775 493;1;0;1;1;1;5
202200021644;775 492;7;0;2;2;15;1
202200021644;775 494;33;0;2;1;1;1
202200021645;775 489;7;3;0;9;14;1
202200021646;775 485;33;0;2;1;1;1
202200021646;775 486;7;0;2;2;15;2
202200021647;775 484;7;3;0;9;9;1
202200021648;775 481;7;0;2;8;15;1
202200021648;775 482;31;0;2;7;17;1
202200021649;775 478;1;0;2;9;0;5
202200021649;775 479;7;0;9;1;15;1
202200021650;775 477;99;13;0;2;1;1
202200021651;775 475;7;0;2;1;0;1
202200021651;775 476;33;0;2;4;0;1
202200021652;775 471;10;0;1;1;0;1
202200021653;775 466;15;0;2;8;1;1
202200021653;775 467;7;0;2;1;1;1
202200021653;775 469;10;0;2;2;1;1
202200021653;775 470;7;0;2;3;1;1
202200021653;775 472;7;0;2;8;1;1
202200021653;775 473;7;0;2;3;1;1
202200021653;775 474;7;0;2;9;17;1
202200021654;775 465;7;0;2;6;9;1
202200021654;775 468;7;0;2;2;1;1
202200021655;775 462;7;0;2;6;24;1
202200021655;775 464;33;1;0;3;1;1
202200021656;775 461;7;0;0;4;4;1
202200021656;775 463;2;0;0;1;1;1
202200021657;775 460;7;0;1;1;1;1
202200021658;775 458;7;0;2;3;1;1
202200021658;775 459;33;0;2;8;13;1
202200021659;775 455;33;0;2;0;26;1
202200021659;775 457;7;0;2;5;15;1
202200021660;775 454;7;0;0;4;1;1
202200021660;775 456;7;0;2;1;1;1
202200021661;775 453;7;0;1;2;19;0
202200021662;775 451;7;0;2;7;1;1
202200021662;775 452;33;0;2;1;1;1
202200021663;775 450;33;0;0;1;0;1
202200021664;775 448;7;0;0;9;1;1
202200021665;775 449;7;0;1;4;4;1
202200021666;775 444;2;0;2;1;1;1
202200021666;775 446;33;0;2;1;5;1
202200021667;775 445;60;0;2;1;1;5
202200021667;775 447;10;0;9;2;0;1
202200021668;775 442;50;0;0;6;19;3
202200021668;775 443;7;0;2;1;1;1
202200021669;775 440;7;0;2;1;1;1
202200021669;775 441;1;0;2;1;17;5
202200021670;775 438;2;0;2;1;13;1
202200021670;775 439;31;0;2;1;1;1
202200021671;775 436;10;2;0;1;1;1
202200021672;775 432;33;0;2;1;2;1
202200021672;775 434;7;0;2;3;15;1
202200021673;775 431;7;0;2;1;1;1
202200021673;775 433;7;0;2;0;0;1
202200021673;775 435;50;0;2;0;0;3
202200021673;775 437;7;0;2;1;9;1
202200021674;775 429;1;0;2;1;1;5
202200021674;775 430;10;0;9;1;13;1
202200021675;775 428;7;0;1;1;26;1
202200021676;775 424;7;0;2;1;13;1
202200021676;775 426;7;0;2;1;1;1
202200021676;775 427;7;0;2;3;1;0
202200021677;775 423;33;0;2;1;9;0
202200021677;775 425;7;0;2;3;1;1
202200021678;775 422;2;0;0;0;1;1
202200021679;775 418;33;15;2;2;17;1
202200021679;775 420;7;0;2;8;15;1
202200021680;775 415;33;12;0;8;1;1
202200021680;775 416;7;0;2;1;19;1
202200021681;775 410;7;4;2;1;17;1
202200021681;775 411;7;4;2;1;1;1
202200021681;775 412;7;0;0;8;1;1
202200021682;775 407;1;6;2;3;1;5
202200021682;775 408;2;0;2;3;16;1
202200021683;775 402;7;0;2;1;1;1
202200021683;775 404;10;0;2;1;1;1
202200021683;775 405;7;0;2;1;1;1
202200021684;775 403;7;0;2;8;1;1
202200021684;775 406;7;0;2;2;9;1
202200021685;775 399;10;0;2;1;13;1
202200021685;775 400;7;0;2;1;1;1
202200021685;775 401;7;0;0;3;1;1
202200021686;775 398;14;0;1;5;1;1
202200021687;775 396;38;0;2;3;1;0
202200021687;775 397;7;0;2;3;13;1
202200021688;775 395;7;13;0;1;15;1
202200021689;775 394;7;0;0;2;1;1
202200021690;775 392;7;6;0;1;1;1
202200021691;775 391;30;0;2;7;1;1
202200021691;775 393;7;0;2;6;9;1
202200021692;775 389;10;0;0;6;26;1
202200021692;775 390;10;1;0;2;14;1
202200021693;775 386;7;0;2;2;1;2
202200021693;775 388;34;0;2;1;13;1
202200021694;775 384;7;0;2;2;21;1
202200021694;775 385;7;0;2;1;1;1
202200021694;775 387;33;0;2;0;0;1
202200021695;775 383;1;0;1;1;1;5
202200021696;775 382;50;0;1;8;25;3
202200021697;775 379;7;0;2;1;0;1
202200021697;775 380;7;0;2;1;1;2
202200021697;775 381;7;0;2;1;1;1
202200021698;775 376;31;0;2;8;1;1
202200021698;775 378;14;0;2;7;1;1
202200021699;775 375;30;0;9;1;1;3
202200021699;775 377;1;0;2;8;19;5
202200021700;775 373;7;0;2;8;1;1
202200021700;775 374;10;0;2;1;19;1
202200021701;775 372;7;0;1;3;15;1
202200021702;775 369;10;8;0;7;1;1
202200021702;775 371;7;8;2;1;1;1
202200021703;775 368;37;0;2;6;9;6
202200021703;775 370;7;0;2;2;0;1
202200021704;775 366;17;0;2;3;1;1
202200021704;775 367;33;0;2;1;1;1
202200021705;775 363;10;0;2;1;1;1
202200021705;775 364;7;0;0;7;2;1
202200021706;775 361;7;0;0;2;17;1
202200021707;775 362;7;0;2;1;16;1
202200021707;775 365;7;1;2;1;1;1
202200021708;775 359;36;6;0;1;26;1
202200021709;775 358;2;0;2;2;1;1
202200021709;775 360;7;0;2;1;1;1
202200021710;775 356;10;0;0;1;13;1
202200021710;775 357;7;0;0;3;1;1
202200021711;775 354;33;0;2;1;17;1
202200021711;775 355;7;0;2;8;15;1
202200021712;775 352;7;0;2;4;4;1
202200021712;775 353;7;0;2;1;1;1
202200021713;775 349;7;0;2;5;1;1
202200021713;775 351;33;0;2;1;3;1
202200021714;775 348;1;0;2;4;19;5
202200021714;775 350;7;0;2;1;1;1
202200021715;775 346;7;0;1;2;1;1
202200021716;775 345;10;0;2;1;2;1
202200021716;775 347;7;0;2;4;2;1
202200021717;775 343;7;0;0;4;2;1
202200021717;775 344;7;0;2;1;2;1
202200021718;775 339;7;0;2;5;15;1
202200021718;775 341;31;0;2;5;21;1
202200021718;775 342;7;0;2;1;1;1
202200021719;775 338;7;0;2;7;11;1
202200021719;775 340;33;0;2;8;1;1
202200021720;775 335;7;0;2;0;0;1
202200021720;775 337;32;0;2;1;1;1
202200021721;775 334;33;0;2;1;1;1
202200021721;775 336;10;0;2;4;2;1
202200021722;775 332;7;0;2;4;2;1
202200021722;775 333;7;0;2;1;1;1
202200021723;775 328;33;0;2;3;3;1
202200021723;775 329;10;0;0;2;2;0
202200021723;775 330;7;0;0;6;2;1
202200021724;775 325;34;0;2;1;2;1
202200021724;775 326;7;0;2;4;2;1
202200021725;775 324;33;0;2;7;1;1
202200021725;775 327;7;0;2;1;9;1
202200021726;775 322;7;0;2;2;1;1
202200021726;775 323;7;0;2;4;13;1
202200021727;775 321;7;13;0;1;14;1
202200021728;775 318;7;0;2;4;2;1
202200021728;775 319;7;0;0;4;2;1
202200021728;775 320;7;0;2;1;2;0
202200021729;775 311;7;0;2;2;1;1
202200021729;775 312;7;0;2;1;1;1
202200021729;775 314;7;0;2;4;1;1
202200021729;775 316;7;0;2;4;1;1
202200021730;775 313;7;0;2;4;15;1
202200021730;775 315;7;0;2;4;2;1
202200021730;775 317;10;0;2;1;1;1
202200021731;775 309;33;0;2;3;0;1
202200021731;775 310;7;0;2;2;12;1
202200021732;775 306;7;0;2;4;2;1
202200021732;775 307;7;0;2;1;2;1
202200021733;775 304;2;0;2;1;0;1
202200021733;775 305;2;0;0;1;0;3
202200021734;775 303;7;6;0;2;23;1
202200021734;775 308;50;6;2;1;1;3
202200021735;775 300;30;0;2;8;19;1
202200021735;775 302;7;0;9;2;1;1
202200021736;775 297;7;0;2;3;9;1
202200021736;775 299;30;0;2;1;9;1
202200021737;775 298;50;0;2;2;9;3
202200021737;775 301;7;0;2;3;9;1
202200021738;775 295;7;0;2;7;1;1
202200021738;775 296;7;0;2;1;1;1
202200021739;775 292;7;0;2;1;26;1
202200021739;775 294;30;0;2;5;1;1
202200021740;775 291;7;0;2;2;10;1
202200021740;775 293;7;0;2;3;2;1
202200021741;775 290;33;0;0;7;7;1
202200021742;775 287;7;0;2;1;1;2
202200021742;775 288;7;0;2;1;1;1
202200021743;775 289;50;0;0;0;26;3
202200021744;775 285;33;0;2;1;1;1
202200021744;775 286;7;0;2;5;15;0
202200021745;775 284;7;0;1;1;1;1
202200021746;775 281;7;0;2;5;15;1
202200021746;775 282;50;0;2;1;1;3
202200021747;775 280;32;0;2;1;1;1
202200021747;775 283;7;0;2;7;15;1
202200021748;775 277;37;0;2;3;1;3
202200021748;775 279;7;0;2;2;16;1
202200021749;775 276;50;0;2;1;1;3
202200021749;775 278;7;0;2;8;15;1
202200021750;775 275;7;0;1;1;1;1
202200021751;775 272;7;1;2;2;1;1
202200021751;775 273;7;1;2;3;1;1
202200021752;775 270;7;9;0;9;6;1
202200021753;775 271;37;0;0;0;1;1
202200021753;775 274;14;0;0;0;1;1
202200021754;775 268;7;0;2;1;1;1
202200021754;775 269;7;0;2;8;1;1
202200021755;775 265;10;0;2;3;2;1
202200021755;775 267;7;0;2;4;23;1
202200021756;775 264;7;0;9;8;19;1
202200021756;775 266;50;0;2;1;19;3
202200021757;775 263;33;0;0;1;5;1
202200021758;775 260;33;0;2;1;17;1
202200021758;775 261;7;0;2;3;15;1
202200021759;775 262;33;0;5;1;1;1
202200021760;775 259;1;1;0;1;1;5
202200021761;775 254;7;4;2;2;1;1
202200021761;775 256;7;0;2;0;11;0
202200021762;775 255;7;0;2;1;1;1
202200021762;775 257;10;0;2;4;1;1
202200021762;775 258;7;0;2;1;2;1
202200021763;775 252;7;0;2;1;2;1
202200021763;775 253;7;0;2;4;2;1
202200021764;775 250;32;0;2;1;15;1
202200021764;775 251;1;0;2;1;16;5
202200021765;775 247;10;0;2;2;15;1
202200021765;775 249;7;0;2;3;2;1
202200021766;775 246;50;0;2;1;1;3
202200021766;775 248;7;0;2;2;16;1
202200021767;775 244;7;0;2;2;15;1
202200021767;775 245;32;0;2;1;1;1
202200021768;775 242;7;0;1;1;1;2
202200021769;775 243;7;2;0;8;14;1
202200021770;775 240;7;0;2;1;2;2
202200021770;775 241;32;0;2;4;2;1
202200021771;775 238;1;0;2;2;1;5
202200021771;775 239;7;0;2;1;1;1
202200021772;775 237;31;0;1;1;21;1
202200021773;775 234;7;0;2;1;13;1
202200021773;775 235;7;0;2;1;1;1
202200021773;775 236;7;0;2;6;1;1
202200021774;775 232;33;0;1;3;1;1
202200021775;775 231;7;0;2;2;15;1
202200021775;775 233;43;0;2;1;1;1
202200021776;775 229;7;5;0;3;21;3
202200021777;775 228;7;0;2;1;15;1
202200021777;775 230;1;0;2;1;1;5
202200021778;775 226;7;0;2;3;16;1
202200021778;775 227;14;0;2;0;1;6
202200021779;775 225;7;0;1;7;1;1
202200021780;775 222;50;0;2;3;19;3
202200021780;775 224;7;0;2;2;1;2
202200021781;775 220;1;14;0;0;12;5
202200021782;775 218;1;0;2;6;16;5
202200021782;775 219;32;0;2;1;1;1
202200021783;775 215;32;0;2;2;17;1
202200021783;775 217;7;0;2;8;0;1
202200021784;775 214;7;0;1;0;1;1
202200021785;775 213;30;14;0;0;2;1
202200021786;775 209;7;0;2;7;12;1
202200021786;775 211;31;1;2;3;18;1
202200021787;775 207;3;14;0;7;16;1
202200021787;775 210;7;0;2;7;2;0
202200021787;775 212;7;14;2;1;19;1
202200021788;775 206;7;0;2;6;2;1
202200021788;775 208;32;0;2;3;17;1
202200021789;775 203;7;0;2;7;15;0
202200021789;775 205;33;0;2;1;1;0
202200021790;775 202;33;0;2;1;15;1
202200021790;775 204;7;0;2;2;1;1
202200021791;775 201;7;0;1;1;1;1
202200021792;775 197;7;8;2;1;2;1
202200021792;775 198;7;0;2;3;15;1
202200021793;775 199;1;0;2;1;19;5
202200021793;775 200;7;0;2;3;1;2
202200021794;775 196;33;12;0;5;1;1
202200021795;775 195;50;0;1;1;25;3
202200021796;775 193;33;0;2;1;1;1
202200021796;775 194;7;0;0;5;15;1
202200021797;775 188;10;0;2;4;23;1
202200021797;775 189;7;0;2;4;23;1
202200021797;775 190;7;0;2;4;23;1
202200021797;775 192;14;0;2;1;1;1
202200021798;775 186;33;11;0;1;17;1
202200021799;775 187;10;0;2;3;1;1
202200021799;775 191;7;0;2;1;13;1
202200021800;775 183;7;0;2;6;2;6
202200021800;775 185;13;0;2;1;2;1
202200021801;775 181;10;0;2;1;23;1
202200021801;775 182;7;0;2;3;1;1
202200021801;775 184;7;0;2;2;15;1
202200021802;775 179;14;0;2;6;1;1
202200021802;775 180;7;0;2;3;13;1
202200021803;775 177;7;2;0;1;1;1
202200021804;775 175;7;0;2;2;15;1
202200021804;775 178;33;0;2;1;18;1
202200021805;775 173;7;0;0;4;2;1
202200021805;775 174;7;0;2;1;2;1
202200021806;775 172;7;2;0;1;1;1
202200021807;775 171;0;0;1;1;0;0
202200021808;775 170;7;0;1;7;1;1
202200021809;775 168;1;0;0;0;1;5
202200021810;775 166;10;0;1;3;1;1
202200021811;775 167;34;0;2;7;1;1
202200021811;775 169;7;0;2;1;1;1
202200021812;775 165;33;13;0;0;0;1
202200021813;775 162;33;0;0;0;1;1
202200021814;775 161;7;17;0;1;1;2
202200021815;775 163;33;0;2;1;1;0
202200021815;775 164;7;0;2;0;0;1
202200021816;775 159;33;0;2;7;3;1
202200021816;775 160;7;0;2;3;15;1
202200021817;775 158;7;0;1;1;1;1
202200021818;775 155;7;0;2;1;1;1
202200021818;775 157;7;0;2;1;13;1
202200021819;775 156;33;0;0;3;21;1
202200021820;775 152;10;0;2;3;13;1
202200021820;775 153;15;0;2;3;1;1
202200021820;775 154;15;0;2;6;1;1
202200021821;775 151;7;0;1;7;1;1
202200021822;775 149;2;6;0;7;1;1
202200021823;775 147;33;7;0;9;2;1
202200021824;775 148;7;0;2;1;8;1
202200021824;775 150;7;0;2;2;9;1
202200021825;775 145;7;0;1;4;4;1
202200021826;775 146;7;0;0;4;1;0
202200021827;775 144;7;1;0;2;0;1
202200021828;775 141;7;0;2;2;1;1
202200021828;775 143;7;0;2;1;16;1
202200021829;775 139;7;3;0;2;1;1
202200021830;775 138;33;0;2;1;21;1
202200021830;775 142;10;0;2;7;5;1
202200021831;775 136;7;2;0;3;2;1
202200021832;775 137;33;0;2;3;5;1
202200021832;775 140;7;0;2;3;15;1
202200021833;775 135;7;0;0;1;0;1
202200021834;775 133;0;0;1;0;0;
202200021835;775 132;3;0;0;4;2;1
202200021835;775 134;7;0;2;1;2;1
202200021836;775 130;17;3;2;3;0;1
202200021836;775 131;17;0;0;8;0;1
202200021837;775 129;31;1;0;3;0;1
202200021838;775 127;10;0;2;5;2;1
202200021838;775 128;10;0;2;0;0;0
202200021839;775 125;10;0;2;3;1;1
202200021839;775 126;7;0;2;3;11;1
202200021840;775 123;33;0;2;0;0;1
202200021840;775 124;14;0;2;0;0;0
202200021841;775 119;7;0;2;6;15;3
202200021841;775 122;80;0;2;1;2;3
202200021842;775 116;10;0;2;1;2;1
202200021842;775 118;7;3;2;7;11;1
202200021842;775 120;7;0;2;1;2;1