Num_Acc;id_vehicule;categorie_vehicule;obstacle_fixe;obstacle_mobile;point_choc_initial;manoeuvre_principale;motorisation
202200021842;775 121;7;0;2;1;2;0
202200021843;775 115;1;0;2;8;19;5
202200021843;775 117;7;0;9;8;15;1
202200021844;775 112;17;14;0;1;1;1
202200021845;775 111;10;0;2;1;1;1
202200021845;775 113;2;0;2;1;13;1
202200021846;775 110;30;0;2;1;1;1
202200021846;775 114;7;0;2;1;16;1
202200021847;775 107;17;0;2;3;1;1
202200021847;775 109;7;0;2;7;9;1
202200021848;775 104;7;8;2;1;19;1
202200021848;775 108;7;8;2;7;19;1
202200021849;775 101;7;0;1;1;1;0
202200021850;775 102;7;0;2;2;1;1
202200021850;775 103;7;0;2;3;1;1
202200021851;775 100;7;0;1;1;26;1
202200021852;775 099;30;0;0;8;1;3
202200021853;775 105;10;0;2;8;1;1
202200021853;775 106;7;0;2;3;13;2
202200021854;775 097;10;0;1;1;20;1
202200021855;775 096;33;0;2;8;1;1
202200021855;775 098;10;0;2;2;12;0
202200021856;775 094;7;0;1;3;1;1
202200021857;775 093;7;0;2;7;11;1
202200021857;775 095;33;0;2;1;1;1
202200021858;775 091;30;0;2;1;1;3
202200021858;775 092;7;0;2;6;1;1
202200021859;775 090;7;0;1;2;1;1
202200021860;775 087;14;0;2;8;10;1
202200021860;775 089;30;0;2;1;1;3
202200021861;775 086;34;0;2;1;1;3
202200021861;775 088;7;0;2;1;1;0
202200021862;775 084;32;0;2;3;18;1
202200021862;775 085;7;0;2;7;16;1
202200021863;775 082;7;0;2;1;1;1
202200021863;775 083;50;0;2;8;19;3
202200021864;775 081;7;9;1;1;13;1
202200021865;775 079;7;0;2;4;4;1
202200021865;775 080;1;0;2;1;1;5
202200021866;775 077;14;0;2;2;15;1
202200021866;775 078;33;0;2;3;15;1
202200021867;775 076;10;9;1;1;14;1
202200021868;775 074;10;0;2;3;22;1
202200021868;775 075;1;0;2;0;1;5
202200021869;775 073;50;0;1;8;1;3
202200021870;775 070;50;0;2;4;1;3
202200021870;775 072;10;0;2;4;23;1
202200021871;775 069;7;0;2;1;1;1
202200021871;775 071;7;0;2;2;15;1
202200021872;775 068;30;0;0;0;1;3
202200021873;775 065;10;0;2;1;1;1
202200021873;775 067;7;0;2;4;1;1
202200021874;775 064;7;0;2;4;2;1
202200021874;775 066;30;0;2;1;2;1
202200021875;775 062;30;12;0;1;13;1
202200021876;775 061;80;0;2;4;2;3
202200021876;775 063;7;0;2;1;2;3
202200021877;775 056;32;0;2;1;1;1
202200021877;775 058;7;0;2;1;10;1
202200021877;775 060;7;0;2;3;23;2
202200021878;775 057;1;0;2;3;1;5
202200021878;775 059;7;0;2;0;9;1
202200021879;775 055;80;0;1;1;1;3
202200021880;775 051;7;0;2;3;2;1
202200021880;775 053;7;0;9;4;2;1
202200021880;775 054;7;0;2;4;2;1
202200021881;775 050;30;0;2;0;1;1
202200021881;775 052;7;0;2;3;16;1
202200021882;775 048;10;0;1;5;20;1
202200021883;775 047;7;0;2;5;26;1
202200021883;775 049;33;0;2;1;26;1
202200021884;775 046;43;0;1;1;17;1
202200021885;775 044;7;0;2;6;1;2
202200021885;775 045;37;0;2;1;1;1
202200021886;775 042;30;0;1;1;1;3
202200021887;775 041;10;0;9;1;1;1
202200021887;775 043;80;0;2;3;1;3
202200021888;775 040;10;0;1;3;15;1
202200021889;775 038;50;0;0;7;18;3
202200021889;775 039;7;0;0;0;16;1
202200021890;775 035;7;0;2;5;24;0
202200021890;775 037;1;0;2;1;1;5
202200021891;775 034;7;0;2;0;0;1
202200021891;775 036;50;0;2;8;18;3
202200021892;775 033;31;1;0;1;14;1
202200021893;775 031;7;0;2;2;5;1
202200021893;775 032;33;0;2;2;21;1
202200021894;775 029;7;3;0;1;1;1
202200021895;775 028;50;0;1;1;25;3
202200021896;775 026;3;0;2;3;1;0
202200021896;775 027;60;0;2;8;26;5
202200021897;775 025;10;0;1;0;0;1
202200021898;775 022;10;0;2;4;2;1
202200021898;775 023;10;0;2;1;2;3
202200021898;775 024;7;0;2;4;2;1
202200021899;775 021;7;0;1;1;1;1
202200021900;775 020;7;0;1;2;2;3
202200021901;775 019;50;0;1;7;1;3
202200021902;775 017;7;8;2;1;14;1
202200021902;775 018;7;0;2;5;1;1
202200021903;775 014;7;0;1;1;16;1
202200021904;775 015;33;0;2;1;1;1
202200021904;775 016;7;0;2;7;15;1
202200021905;775 012;50;0;2;7;0;3
202200021905;775 013;7;0;9;1;12;1
202200021906;775 010;7;0;2;3;9;1
202200021906;775 011;1;0;2;1;1;5
202200021907;775 009;7;0;1;1;1;1
202200021908;775 007;7;0;2;1;15;1
202200021908;775 008;1;0;2;1;1;5
202200021909;775 006;7;1;0;1;0;1
202200021910;775 004;10;0;2;2;13;1
202200021910;775 005;10;0;2;3;13;1
202200021911;775 002;1;0;2;8;19;5
202200021911;775 003;7;0;2;1;1;1
202200021912;775 001;10;0;0;7;1;1
202200021913;774 999;33;0;2;1;26;1
202200021913;775 000;10;0;2;7;26;1
202200021914;774 998;7;8;0;2;14;1
202200021915;774 997;7;0;2;2;1;1
202200021916;774 995;41;0;2;7;1;3
202200021916;774 996;33;0;2;1;19;1
202200021917;774 994;0;0;1;1;1;0
202200021918;774 993;10;0;1;1;0;1
202200021919;774 991;7;0;2;8;1;1
202200021919;774 992;7;0;2;1;1;1
202200021920;774 989;10;0;2;8;15;1
202200021920;774 990;33;0;2;2;16;1
202200021921;774 987;1;0;2;1;1;5
202200021921;774 988;3;0;9;7;20;1
202200021922;774 986;33;12;0;7;2;3
202200021923;774 985;7;0;1;1;16;1
202200021924;774 983;60;8;2;8;19;5
202200021924;774 984;33;0;2;2;1;1
202200021925;774 981;7;0;2;1;1;1
202200021925;774 982;1;0;2;1;5;5
202200021926;774 979;7;0;2;1;1;1
202200021926;774 980;1;0;2;8;1;5
202200021927;774 977;80;0;2;1;2;3
202200021927;774 978;7;0;9;4;2;2
202200021928;774 976;33;0;1;1;1;1
202200021929;774 974;32;0;2;1;1;1
202200021929;774 975;10;0;2;2;15;1
202200021930;774 973;34;0;0;1;0;0
202200021931;774 972;7;0;1;5;4;1
202200021932;774 971;7;0;1;1;15;1
202200021933;774 970;7;0;1;1;0;1
202200021934;774 969;7;13;0;0;1;1
202200021935;774 968;7;0;1;3;19;1
202200021936;774 967;15;0;1;2;1;1
202200021937;774 964;2;0;2;1;1;1
202200021937;774 965;7;0;2;7;15;1
202200021938;774 963;2;0;0;0;0;1
202200021939;774 961;7;0;1;7;1;1
202200021940;774 958;7;0;2;2;1;1
202200021940;774 959;7;0;2;7;1;1
202200021940;774 960;7;13;2;6;9;1
202200021941;774 956;7;0;2;0;0;1
202200021941;774 957;7;0;2;0;0;1
202200021942;774 955;7;13;0;3;1;1
202200021943;774 953;7;0;0;8;1;1
202200021943;774 954;31;0;2;3;1;1
202200021944;774 952;33;0;0;9;1;1
202200021945;774 950;7;0;0;6;0;1
202200021945;774 951;30;1;0;1;2;1
202200021946;774 948;33;0;2;1;2;1
202200021946;774 949;7;0;2;5;1;1
202200021947;774 946;7;0;2;3;15;1
202200021947;774 947;33;0;2;1;1;1
202200021948;774 944;2;0;2;8;2;1
202200021948;774 945;10;0;0;5;20;1
202200021949;774 942;7;0;2;3;19;1
202200021949;774 943;33;0;2;1;1;1
202200021950;774 940;7;0;2;6;1;1
202200021950;774 941;7;0;2;1;1;1
202200021951;774 939;7;13;0;3;13;1
202200021952;774 937;7;0;0;4;15;1
202200021952;774 938;33;0;2;1;1;1
202200021953;774 936;7;0;1;1;1;1
202200021954;774 935;7;2;0;0;13;1
202200021955;774 933;7;0;2;5;15;1
202200021955;774 934;7;0;2;1;16;1
202200021956;774 931;1;0;2;8;1;5
202200021956;774 932;7;0;2;1;19;0
202200021957;774 930;7;13;0;1;1;1
202200021958;774 929;7;0;1;3;1;1
202200021959;774 928;33;0;0;7;26;1
202200021960;774 927;7;0;1;8;1;1
202200021961;774 925;7;0;2;3;13;1
202200021961;774 926;7;0;2;3;1;1
202200021962;774 924;32;11;0;1;1;1
202200021963;774 922;7;0;2;1;1;1
202200021963;774 923;7;0;2;6;15;1
202200021964;774 921;10;9;0;3;13;0
202200021965;774 920;33;0;0;8;0;1
202200021966;774 918;2;0;0;4;15;1
202200021966;774 919;7;15;2;2;17;1
202200021967;774 917;7;17;0;1;14;1
202200021968;774 915;2;0;2;3;21;1
202200021968;774 916;7;0;2;1;19;1
202200021969;774 913;2;0;2;1;2;1
202200021969;774 914;7;0;0;6;2;1
202200021970;774 912;7;2;0;1;1;1
202200021971;774 910;16;0;0;6;10;1
202200021971;774 911;7;0;2;1;11;1
202200021972;774 908;7;3;2;1;2;1
202200021972;774 909;7;3;2;4;0;1
202200021973;774 906;7;0;0;3;1;1
202200021973;774 907;1;0;0;7;19;5
202200021974;774 904;7;0;2;4;12;1
202200021974;774 905;17;0;2;2;1;1
202200021975;774 903;2;12;0;1;1;1
202200021976;774 901;7;0;2;2;1;1
202200021976;774 902;36;0;2;1;13;1
202200021977;774 898;7;0;2;2;26;1
202200021977;774 899;33;0;2;1;1;1
202200021977;774 900;7;0;2;5;15;1
202200021978;774 897;7;4;0;3;1;1
202200021979;774 895;33;0;2;1;1;1
202200021979;774 896;7;0;2;7;15;1
202200021980;774 893;7;0;2;1;1;1
202200021980;774 894;7;0;2;1;1;1
202200021981;774 892;7;0;1;3;1;1
202200021982;774 891;17;0;1;2;15;1
202200021983;774 889;7;0;2;1;1;1
202200021983;774 890;10;0;2;8;19;1
202200021984;774 887;10;0;2;1;1;1
202200021984;774 888;7;0;2;1;5;1
202200021985;774 885;7;0;2;2;13;1
202200021985;774 886;7;0;2;3;1;1
202200021986;774 884;7;0;1;1;1;2
202200021987;774 882;7;0;2;3;1;1
202200021987;774 883;7;0;2;3;13;1
202200021988;774 881;7;0;1;1;1;1
202200021989;774 879;7;0;2;1;1;1
202200021989;774 880;7;0;2;1;15;1
202200021990;774 877;7;0;2;1;15;1
202200021990;774 878;30;0;0;1;1;1
202200021991;774 875;7;0;2;3;1;1
202200021991;774 876;7;0;2;1;15;2
202200021992;774 873;7;0;0;5;1;2
202200021992;774 874;33;0;2;1;2;1
202200021993;774 870;10;0;2;1;1;0
202200021993;774 871;7;0;2;1;1;1
202200021993;774 872;7;0;2;4;1;1
202200021994;774 868;10;0;2;1;1;1
202200021994;774 869;10;0;2;4;1;1
202200021995;774 866;10;0;2;4;1;1
202200021995;774 867;10;0;2;1;2;1
202200021996;774 864;33;0;2;2;1;1
202200021996;774 865;10;0;2;8;11;1
202200021997;774 861;7;0;2;4;23;1
202200021997;774 862;7;0;2;4;23;1
202200021997;774 863;7;0;2;1;1;1
202200021998;774 858;14;4;2;2;26;1
202200021998;774 859;7;4;2;6;0;1
202200021998;774 860;7;4;2;4;0;1
202200021999;774 856;10;0;2;5;1;1
202200021999;774 857;33;0;2;3;2;1
202200022000;774 852;7;0;2;6;2;2
202200022000;774 853;7;0;2;6;2;1
202200022000;774 854;33;0;2;7;12;1
202200022000;774 855;33;0;2;1;3;1
202200022001;774 850;31;0;2;1;3;1
202200022001;774 851;7;0;2;4;0;1
202200022002;774 846;7;0;2;4;23;1
202200022002;774 847;13;0;2;1;2;1
202200022002;774 848;7;0;2;4;26;1
202200022002;774 849;7;0;2;4;26;3
202200022003;774 845;7;0;1;1;1;1
202200022004;774 843;7;0;2;2;15;1
202200022004;774 844;33;0;2;1;1;1
202200022005;774 840;7;0;2;1;2;3
202200022005;774 841;7;0;2;4;2;2
202200022005;774 842;10;0;2;1;2;1
202200022006;774 839;1;0;0;1;0;5
202200022007;774 838;60;8;0;1;9;5
202200022008;774 835;10;0;2;1;1;1
202200022008;774 836;7;0;2;4;23;1
202200022008;774 837;7;0;2;4;23;1
202200022009;774 833;37;0;2;1;2;1
202200022009;774 834;7;0;2;4;16;1
202200022010;774 832;14;0;1;5;9;1
202200022011;774 830;7;0;2;8;13;1
202200022011;774 831;1;0;2;7;1;0
202200022012;774 829;31;0;0;7;1;1
202200022013;774 828;10;0;1;4;20;1
202200022014;774 827;7;14;9;9;0;1
202200022015;774 825;33;0;2;1;1;1
202200022015;774 826;7;0;2;1;15;1
202200022016;774 824;7;0;1;2;1;1
202200022017;774 820;33;0;2;1;3;1
202200022017;774 821;7;0;2;1;15;1
202200022018;774 818;7;0;2;2;1;1
202200022018;774 819;7;0;2;3;20;1
202200022019;774 817;2;0;1;1;1;1
202200022020;774 815;33;0;2;1;1;1
202200022020;774 816;7;0;2;4;1;1
202200022021;774 813;7;0;2;1;1;1
202200022021;774 814;33;0;2;7;1;1
202200022022;774 811;1;0;2;0;0;5
202200022022;774 812;7;0;2;0;0;0
202200022023;774 809;41;0;0;0;0;1
202200022023;774 810;7;0;2;1;2;1
202200022024;774 806;7;0;1;7;1;1
202200022025;774 805;7;0;1;4;20;1
202200022026;774 803;7;0;2;3;1;1
202200022026;774 804;7;0;2;3;13;1
202200022027;774 800;10;0;2;1;2;1
202200022027;774 801;7;0;2;1;2;1
202200022027;774 802;7;0;2;4;2;1
202200022028;774 798;33;0;2;7;1;1
202200022028;774 799;7;0;2;1;15;1
202200022029;774 797;50;9;0;0;1;3
202200022030;774 795;7;0;2;8;9;1
202200022030;774 796;7;0;2;1;1;1
202200022031;774 792;7;0;2;4;2;1
202200022031;774 793;7;0;2;0;0;0
202200022031;774 794;1;0;2;1;2;5
202200022032;774 790;34;0;2;1;13;1
202200022032;774 791;7;0;2;2;1;1
202200022033;774 788;10;0;2;5;16;1
202200022033;774 789;7;0;2;0;0;1
202200022034;774 787;40;0;1;1;1;3
202200022035;774 785;7;0;2;2;17;1
202200022035;774 786;1;0;2;8;1;5
202200022036;774 783;50;0;2;1;1;3
202200022036;774 784;7;0;2;7;9;1
202200022037;774 781;10;0;2;3;9;1
202200022037;774 782;80;0;2;1;1;3
202200022038;774 780;7;0;1;1;1;1
202200022039;774 778;7;0;2;6;1;1
202200022039;774 779;30;0;2;1;1;1
202200022040;774 777;7;6;0;1;19;1
202200022041;774 776;7;0;1;3;1;1
202200022042;774 774;7;0;2;4;1;1
202200022042;774 775;7;0;2;4;1;1
202200022043;774 772;31;6;2;4;16;1
202200022043;774 773;7;0;2;1;1;1
202200022044;774 771;17;4;0;2;1;1
202200022045;774 769;7;0;9;1;1;1
202200022045;774 770;60;0;2;1;19;5
202200022046;774 767;7;0;0;4;23;1
202200022046;774 768;7;0;2;1;2;1
202200022047;774 761;7;0;2;1;1;1
202200022047;774 764;7;0;2;7;15;1
202200022048;774 760;10;1;0;1;2;1
202200022048;774 762;10;3;2;4;24;1
202200022048;774 763;7;3;0;4;24;1
202200022049;774 758;7;0;2;1;1;1
202200022049;774 759;1;0;2;1;15;5
202200022050;774 757;7;0;0;9;1;1
202200022051;774 755;7;0;2;6;16;1
202200022051;774 756;50;0;2;1;9;3
202200022052;774 754;7;0;1;1;1;1
202200022053;774 751;7;0;2;3;1;1
202200022053;774 752;7;0;2;1;13;1
202200022054;774 749;7;1;0;2;1;1
202200022055;774 748;33;0;2;1;1;1
202200022055;774 750;7;0;2;3;15;1
202200022056;774 746;7;0;2;3;0;1
202200022056;774 747;10;0;2;3;26;1
202200022057;774 743;7;0;2;1;1;0
202200022057;774 744;7;0;2;8;15;0
202200022058;774 745;1;15;0;1;1;5
202200022059;774 742;31;0;0;8;1;1
202200022060;774 740;1;0;2;1;15;5
202200022060;774 741;50;0;2;3;1;3
202200022061;774 738;37;0;1;7;16;1
202200022062;774 737;7;0;2;3;1;1
202200022062;774 739;7;8;2;3;13;1
202200022063;774 736;7;0;1;2;1;1
202200022064;774 733;7;0;2;2;15;1
202200022064;774 735;33;0;2;1;1;1
202200022065;774 732;10;0;0;4;24;1
202200022065;774 734;17;1;0;1;14;1
202200022066;774 730;33;0;2;1;1;1
202200022066;774 731;7;0;2;8;19;1
202200022067;774 729;7;0;1;3;1;0
202200022068;774 728;7;13;0;3;13;1
202200022069;774 727;7;2;0;1;1;1
202200022070;774 725;7;0;2;3;1;1
202200022070;774 726;31;0;2;1;13;1
202200022071;774 724;7;0;1;1;1;1
202200022072;774 723;7;0;1;1;1;1
202200022073;774 720;7;0;2;2;9;1
202200022073;774 722;80;0;2;5;1;3
202200022074;774 719;7;15;2;1;2;1
202200022074;774 721;7;0;2;5;2;1
202200022075;774 717;7;0;2;7;1;1
202200022075;774 718;1;0;2;1;1;5
202200022076;774 715;7;0;2;1;2;1
202200022076;774 716;7;0;2;1;11;1
202200022077;774 713;2;0;2;1;1;1
202200022077;774 714;7;0;2;1;15;1
202200022078;774 712;7;0;1;1;9;1
202200022079;774 711;7;8;0;1;1;1
202200022080;774 710;7;0;1;3;0;1
202200022081;774 708;1;0;0;4;2;5
202200022081;774 709;7;0;2;2;2;1
202200022082;774 705;10;4;2;1;13;1
202200022082;774 706;7;0;2;2;1;1
202200022083;774 702;7;0;2;1;1;1
202200022083;774 703;7;0;2;4;1;1
202200022083;774 704;7;0;2;4;1;1
202200022084;774 700;13;0;2;3;1;1
202200022084;774 701;7;0;2;4;2;1
202200022085;774 698;33;0;2;7;1;1
202200022085;774 699;7;0;2;8;11;1
202200022086;774 696;7;0;2;7;12;1
202200022086;774 697;31;0;2;8;1;1
202200022087;774 694;7;0;2;0;1;1
202200022087;774 695;33;0;2;0;1;1
202200022088;774 692;10;0;2;6;1;1
202200022088;774 693;13;0;2;2;12;1
202200022089;774 690;32;0;2;2;3;1
202200022089;774 691;7;0;2;6;11;1
202200022090;774 688;7;0;2;7;12;1
202200022090;774 689;33;0;2;8;3;1
202200022091;774 686;7;0;2;4;1;2
202200022091;774 687;7;0;2;1;12;1
202200022092;774 683;33;0;2;8;3;1
202200022092;774 684;7;0;2;7;12;1
202200022092;774 685;7;0;2;8;1;2
202200022093;774 682;7;3;0;9;26;1
202200022094;774 680;10;0;2;1;2;1
202200022094;774 681;7;0;2;4;2;1
202200022095;774 679;33;4;0;1;3;1
202200022096;774 676;7;0;2;1;2;1
202200022096;774 677;7;0;2;4;2;1
202200022096;774 678;7;0;2;4;0;1
202200022097;774 675;33;14;0;1;26;3
202200022098;774 671;7;4;2;9;26;1
202200022098;774 672;7;0;2;4;1;1
202200022098;774 673;7;0;2;4;1;1
202200022098;774 674;7;0;2;4;1;1
202200022099;774 670;14;0;0;8;1;1
202200022100;774 668;7;0;2;4;26;1
202200022100;774 669;7;0;2;1;11;1
202200022101;774 667;10;8;0;2;13;1
202200022102;774 666;7;2;0;1;26;1
202200022103;774 664;7;0;2;4;23;1
202200022103;774 665;7;0;2;1;2;1
202200022104;774 662;10;0;2;0;2;1
202200022104;774 663;34;0;2;0;26;1
202200022105;774 660;7;0;2;4;12;1
202200022105;774 661;33;0;2;1;1;1
202200022106;774 658;7;0;2;8;17;2
202200022106;774 659;7;0;2;2;15;2
202200022107;774 657;10;0;1;2;1;1
202200022108;774 653;7;0;2;2;0;1
202200022108;774 654;1;0;2;2;9;5
202200022109;774 652;10;9;0;1;14;1
202200022110;774 650;7;0;9;3;13;1
202200022111;774 649;7;1;0;1;13;1
202200022112;774 648;7;12;0;1;1;1
202200022113;774 646;7;0;2;3;2;1
202200022113;774 647;7;0;2;2;17;0
202200022114;774 644;7;0;2;3;1;1
202200022114;774 645;7;0;2;1;15;1
202200022115;774 642;7;0;2;2;26;1
202200022115;774 643;7;0;2;7;1;1
202200022116;774 640;33;0;2;1;1;1
202200022116;774 641;7;0;2;3;19;1
202200022117;774 636;7;0;2;1;19;1
202200022117;774 638;7;0;2;3;19;1
202200022118;774 637;7;0;2;1;21;1
202200022118;774 639;7;0;2;6;1;1
202200022119;774 635;7;0;1;1;1;1
202200022120;774 633;1;0;2;7;26;5
202200022120;774 634;7;0;9;1;1;1
202200022121;774 631;7;0;2;0;0;1
202200022121;774 632;7;0;2;0;0;1
202200022122;774 627;7;0;2;4;1;1
202200022122;774 629;7;0;2;1;1;1
202200022123;774 628;7;0;2;3;15;1
202200022123;774 630;99;0;2;1;1;1
202200022124;774 626;7;0;1;1;16;1
202200022125;774 625;7;0;1;8;15;1
202200022126;774 622;7;0;2;1;1;1
202200022126;774 623;7;0;2;1;1;1
202200022126;774 624;7;0;2;1;5;1
202200022127;774 618;2;0;2;8;2;1
202200022127;774 620;7;0;2;7;9;1
202200022128;774 619;7;0;2;1;13;1
202200022128;774 621;7;0;2;6;11;1
202200022129;774 617;7;3;0;9;26;1
202200022130;774 614;7;0;0;0;0;0
202200022130;774 616;80;0;2;8;15;3
202200022131;774 613;1;0;2;4;1;5
202200022131;774 615;7;0;2;2;9;1
202200022132;774 612;7;0;0;9;1;1
202200022133;774 609;10;4;0;1;15;1
202200022134;774 610;7;0;2;1;1;1
202200022134;774 611;10;0;2;8;1;1
202200022135;774 605;7;0;0;4;23;1
202200022135;774 608;7;3;2;1;1;1
202200022136;774 606;7;0;2;0;0;1
202200022136;774 607;33;0;2;6;17;1
202200022137;774 602;7;0;2;2;26;1
202200022137;774 604;7;0;2;3;26;3
202200022138;774 603;20;0;0;0;0;1
202200022139;774 599;7;0;2;3;15;1
202200022139;774 601;7;0;2;1;1;1
202200022140;774 598;30;0;2;1;2;1
202200022140;774 600;7;0;9;5;23;1
202200022141;774 597;7;15;0;1;14;2
202200022142;774 593;7;0;2;1;1;1
202200022142;774 594;1;0;2;1;1;5
202200022143;774 595;7;0;2;2;15;1
202200022143;774 596;30;0;2;1;1;0
202200022144;774 591;10;0;1;6;26;1
202200022145;774 590;7;0;9;0;0;1
202200022145;774 592;1;0;2;1;1;5
202200022146;774 588;7;0;1;2;1;1
202200022147;774 587;7;0;2;3;15;1
202200022147;774 589;30;0;2;1;1;1
202200022148;774 586;7;7;0;3;26;1
202200022149;774 584;7;0;2;2;16;1
202200022149;774 585;1;0;2;6;1;5
202200022150;774 580;33;0;2;8;1;1
202200022150;774 581;7;0;2;1;23;1
202200022150;774 583;10;0;2;1;1;1
202200022151;774 582;7;6;0;1;1;1
202200022152;774 577;31;0;2;1;1;1
202200022152;774 579;7;0;2;3;15;1
202200022153;774 576;7;0;2;1;2;1
202200022153;774 578;7;0;2;4;2;1
202200022154;774 575;7;4;0;1;1;1
202200022155;774 573;32;0;9;1;1;1
202200022155;774 574;50;0;2;1;1;3
202200022156;774 571;30;0;2;7;17;3
202200022156;774 572;60;0;2;8;1;5
202200022157;774 569;7;0;1;3;15;1
202200022158;774 568;7;0;2;1;13;1
202200022158;774 570;7;0;2;3;1;3
202200022159;774 566;7;0;2;1;1;1
202200022159;774 567;50;0;2;7;1;3
202200022160;774 563;7;0;1;2;15;2
202200022161;774 561;7;0;2;3;1;1
202200022161;774 562;33;0;2;2;1;1
202200022161;774 564;33;0;2;1;1;1
202200022161;774 565;7;0;2;3;13;1
202200022162;774 559;7;0;2;3;13;2
202200022162;774 560;32;0;2;5;1;1
202200022163;774 558;1;12;0;1;14;5
202200022164;774 557;7;0;1;1;1;1
202200022165;774 553;7;4;0;7;1;1
202200022165;774 555;0;0;2;0;0;0
202200022166;774 552;7;0;2;1;2;1
202200022166;774 554;30;0;2;4;23;1
202200022166;774 556;7;0;2;4;23;1
202200022167;774 549;30;0;2;2;18;1
202200022167;774 551;7;0;2;2;16;1
202200022168;774 548;7;0;2;4;1;1
202200022168;774 550;7;0;2;1;2;1
202200022169;774 546;34;0;2;1;26;1
202200022169;774 547;7;0;2;1;1;1
202200022170;774 545;30;12;0;2;1;1
202200022171;774 542;7;0;2;7;19;1
202200022171;774 544;10;0;2;1;0;0
202200022172;774 541;7;0;2;4;1;1
202200022172;774 543;30;0;2;1;1;1
202200022173;774 540;10;1;1;9;1;1
202200022174;774 538;7;1;0;1;26;0
202200022175;774 537;32;0;2;1;1;1
202200022175;774 539;7;0;2;3;15;2
202200022176;774 534;10;0;2;3;9;1
202200022176;774 536;7;0;2;1;26;1
202200022177;774 535;7;15;0;2;14;1
202200022178;774 531;1;0;2;1;19;0
202200022178;774 533;7;0;1;1;16;1
202200022179;774 532;33;0;0;9;0;1
202200022180;774 528;7;0;2;0;1;0
202200022180;774 530;30;0;2;3;5;1
202200022181;774 527;30;0;2;1;17;1
202200022181;774 529;7;0;2;4;1;1
202200022182;774 525;7;0;2;8;10;1
202200022182;774 526;33;0;2;1;1;1
202200022183;774 521;7;0;2;8;9;1
202200022183;774 523;3;0;2;1;1;1
202200022184;774 522;7;0;2;7;15;1
202200022184;774 524;7;0;2;2;1;1
202200022185;774 519;7;0;1;4;22;6
202200022186;774 518;7;0;2;1;17;1
202200022186;774 520;7;0;0;6;15;1
202200022187;774 517;7;0;1;1;1;1
202200022188;774 516;7;0;1;1;1;1
202200022189;774 513;7;0;2;3;1;1
202200022189;774 515;7;0;2;3;13;1
202200022190;774 512;7;0;2;7;12;1
202200022190;774 514;33;0;2;3;3;1
202200022191;774 509;32;0;2;7;1;1
202200022191;774 510;7;0;0;0;11;0
202200022192;774 507;7;0;2;2;1;1
202200022192;774 508;7;0;0;6;1;1
202200022193;774 505;7;2;0;7;0;1
202200022194;774 506;7;4;2;1;14;1
202200022195;774 504;7;6;0;0;0;1
202200022196;774 500;7;0;1;2;1;1
202200022197;774 501;7;0;2;1;2;1
202200022197;774 502;7;0;2;4;2;1
202200022197;774 503;7;0;2;4;1;1
202200022198;774 497;34;0;2;1;1;1
202200022198;774 499;7;0;2;2;15;2
202200022199;774 495;7;0;2;1;12;1
202200022199;774 496;7;0;2;4;1;1
202200022199;774 498;7;0;2;4;1;1
202200022200;774 494;7;2;0;1;1;1
202200022201;774 492;7;13;0;2;1;1
202200022202;774 491;1;0;2;1;1;5
202200022202;774 493;7;0;2;2;1;3
202200022203;774 489;38;0;2;3;1;1
202200022203;774 490;7;0;2;8;1;1
202200022204;774 484;7;0;2;3;1;1
202200022204;774 486;33;0;2;1;1;1
202200022204;774 488;7;0;2;5;15;1
202200022205;774 485;2;0;2;1;1;1
202200022205;774 487;7;0;2;2;15;1
202200022206;774 483;7;2;0;1;1;1
202200022207;774 481;7;0;2;4;15;1
202200022207;774 482;30;0;2;1;17;1
202200022208;774 480;7;13;0;1;1;1
202200022209;774 477;7;9;2;7;1;1
202200022209;774 479;30;0;2;1;1;1
202200022210;774 475;7;0;2;2;1;1
202200022210;774 476;7;0;2;1;15;1
202200022211;774 473;7;7;0;1;1;1
202200022212;774 472;50;0;2;2;15;3
202200022212;774 474;7;0;2;3;16;1
202200022213;774 471;7;2;0;1;14;1
202200022214;774 467;10;0;2;2;19;1
202200022214;774 469;7;0;2;1;1;1
202200022215;774 468;7;0;2;7;15;1
202200022215;774 470;7;0;2;1;2;1
202200022216;774 466;7;0;1;1;2;1
202200022217;774 465;7;0;1;1;1;1
202200022218;774 464;7;2;0;9;6;1
202200022219;774 462;2;12;0;1;14;1
202200022220;774 461;10;0;2;4;23;1
202200022220;774 463;7;0;2;1;2;1
202200022221;774 460;7;6;0;1;1;1
202200022222;774 459;32;15;0;8;1;1
202200022223;774 457;7;0;2;4;0;1
202200022223;774 458;7;0;2;1;26;1
202200022224;774 455;2;0;2;1;1;1
202200022224;774 456;20;0;2;2;19;1
202200022225;774 453;99;2;2;1;1;0
202200022225;774 454;7;2;2;7;19;0
202200022226;774 449;7;0;2;1;13;1
202200022226;774 451;7;0;0;1;21;1
202200022226;774 452;7;0;2;1;0;1
202200022227;774 448;7;0;2;3;1;2
202200022227;774 450;50;0;2;2;26;3
202200022228;774 446;7;0;2;3;1;1
202200022228;774 447;7;0;2;3;1;1
202200022229;774 443;1;0;0;0;1;5
202200022230;774 444;33;0;2;3;18;1
202200022230;774 445;7;0;2;5;16;2
202200022231;774 442;33;0;0;0;1;1
202200022232;774 440;7;0;2;1;17;1
202200022232;774 441;7;0;0;6;15;1
202200022233;774 439;7;0;1;3;1;1
202200022234;774 437;7;0;0;9;1;1
202200022235;774 436;7;6;0;1;1;1
202200022236;774 435;7;6;0;1;1;1
202200022237;774 433;7;0;2;1;21;1
202200022237;774 434;7;9;2;1;1;1
202200022238;774 431;7;3;2;3;1;1
202200022238;774 432;7;3;2;2;17;1
202200022239;774 427;7;0;9;1;1;1
202200022239;774 428;1;0;2;7;1;5