Num_Acc;id_vehicule;categorie_vehicule;obstacle_fixe;obstacle_mobile;point_choc_initial;manoeuvre_principale;motorisation
202200022240;774 426;7;0;2;2;19;1
202200022240;774 429;7;0;2;1;1;1
202200022241;774 423;7;0;2;4;2;1
202200022241;774 425;7;0;2;1;2;1
202200022242;774 424;10;0;1;2;2;1
202200022243;774 420;7;3;2;5;14;1
202200022243;774 422;33;3;2;3;3;1
202200022244;774 416;7;0;2;1;1;1
202200022244;774 417;7;0;0;4;23;1
202200022245;774 415;7;0;0;8;2;2
202200022245;774 418;7;0;2;4;2;1
202200022245;774 419;10;13;2;4;1;1
202200022245;774 421;15;0;2;1;2;1
202200022246;774 412;7;0;2;1;1;1
202200022246;774 413;7;0;2;4;1;1
202200022246;774 414;7;0;2;4;1;3
202200022247;774 411;7;0;1;3;1;1
202200022248;774 408;7;0;2;2;1;1
202200022248;774 410;10;1;0;6;23;1
202200022249;774 407;43;0;2;1;1;1
202200022249;774 409;7;0;2;1;26;1
202200022250;774 405;7;0;2;1;0;2
202200022250;774 406;10;0;2;4;1;1
202200022251;774 399;7;0;2;1;1;1
202200022251;774 401;7;0;2;4;2;1
202200022252;774 400;10;0;2;1;1;1
202200022252;774 402;7;0;2;9;1;1
202200022252;774 403;7;0;2;6;1;1
202200022252;774 404;7;0;2;1;1;1
202200022253;774 397;33;0;2;7;0;1
202200022253;774 398;7;0;2;6;21;1
202200022254;774 395;7;0;2;8;1;1
202200022254;774 396;31;0;2;1;1;1
202200022255;774 393;7;0;2;1;2;1
202200022255;774 394;7;0;2;3;2;1
202200022256;774 392;7;12;0;9;1;1
202200022257;774 389;2;17;0;1;1;1
202200022258;774 388;7;0;2;1;5;1
202200022258;774 390;7;0;2;1;1;1
202200022258;774 391;7;0;2;1;1;1
202200022259;774 387;7;0;1;2;26;1
202200022260;774 385;7;0;2;1;2;1
202200022260;774 386;7;0;2;4;2;1
202200022261;774 384;7;9;0;1;1;1
202200022262;774 381;7;0;2;1;2;1
202200022262;774 382;10;0;2;4;1;1
202200022262;774 383;32;0;2;1;2;1
202200022263;774 378;7;0;0;3;17;1
202200022264;774 379;7;0;2;1;1;1
202200022264;774 380;7;0;2;8;19;1
202200022265;774 374;7;0;2;1;1;1
202200022265;774 376;33;0;2;1;13;1
202200022266;774 371;7;0;2;2;0;1
202200022266;774 372;7;0;2;4;2;1
202200022266;774 373;7;0;2;5;2;1
202200022266;774 375;7;0;2;4;2;1
202200022266;774 377;7;0;2;1;1;1
202200022267;774 370;7;0;1;3;0;1
202200022268;774 369;7;0;1;1;0;1
202200022269;774 366;33;6;0;1;13;1
202200022270;774 365;7;0;0;4;23;1
202200022270;774 367;7;1;0;4;23;1
202200022270;774 368;7;1;0;1;2;1
202200022271;774 362;2;0;2;8;19;1
202200022271;774 364;7;0;2;1;9;1
202200022272;774 357;1;0;2;4;9;5
202200022272;774 359;7;0;2;2;21;1
202200022273;774 355;7;0;2;3;13;1
202200022273;774 356;14;0;2;8;1;1
202200022273;774 358;7;0;2;1;1;1
202200022273;774 360;7;0;2;8;1;1
202200022273;774 361;7;0;2;8;1;3
202200022273;774 363;7;14;0;1;1;1
202200022274;774 354;7;10;0;1;1;1
202200022275;774 353;21;10;0;3;14;1
202200022276;774 351;32;0;2;1;1;1
202200022276;774 352;7;0;2;8;15;1
202200022277;774 350;7;16;0;9;1;1
202200022278;774 348;7;0;2;6;24;1
202200022278;774 349;7;1;0;1;1;1
202200022279;774 345;7;0;2;3;1;1
202200022279;774 347;10;0;2;3;1;1
202200022280;774 342;7;0;2;0;1;0
202200022280;774 343;1;0;0;8;1;5
202200022281;774 340;7;0;2;2;0;0
202200022281;774 341;7;0;2;5;9;1
202200022282;774 337;21;3;2;1;0;1
202200022282;774 339;7;3;2;9;1;1
202200022283;774 336;7;0;2;2;2;1
202200022283;774 338;1;0;2;4;2;5
202200022284;774 333;7;0;2;1;1;1
202200022284;774 335;7;0;2;7;1;1
202200022285;774 334;7;13;0;1;1;1
202200022286;774 331;7;13;0;2;1;1
202200022287;774 330;1;0;2;8;19;5
202200022287;774 332;7;0;2;2;1;1
202200022288;774 328;30;15;0;7;1;1
202200022289;774 329;7;2;0;1;13;1
202200022290;774 327;2;0;0;7;1;1
202200022291;774 325;7;1;1;2;2;1
202200022292;774 324;7;0;2;1;2;1
202200022292;774 326;2;0;0;8;23;1
202200022293;774 321;7;0;2;1;1;0
202200022293;774 323;1;0;2;8;1;5
202200022294;774 320;7;0;2;1;1;1
202200022294;774 322;7;0;2;1;13;1
202200022295;774 319;7;9;0;2;15;1
202200022296;774 317;7;0;2;2;15;1
202200022296;774 318;33;0;2;1;1;1
202200022297;774 315;7;0;2;4;20;1
202200022297;774 316;30;0;2;1;21;1
202200022298;774 311;7;0;0;4;12;1
202200022298;774 314;10;0;2;1;1;1
202200022299;774 312;7;0;2;2;26;1
202200022299;774 313;7;0;2;1;0;1
202200022300;774 308;7;7;2;1;17;1
202200022300;774 310;1;0;2;4;2;5
202200022301;774 307;7;0;1;1;15;1
202200022302;774 305;7;0;2;1;1;1
202200022302;774 306;7;0;0;1;1;2
202200022302;774 309;7;0;0;4;1;1
202200022303;774 301;7;1;0;3;13;1
202200022304;774 299;7;0;1;0;26;0
202200022305;774 298;7;0;0;1;1;1
202200022305;774 300;7;0;0;4;1;1
202200022305;774 302;7;0;0;4;1;1
202200022306;774 296;7;0;2;4;1;1
202200022306;774 297;7;0;2;1;1;1
202200022307;774 294;7;3;2;1;1;1
202200022308;774 293;10;0;2;1;9;1
202200022308;774 295;7;0;2;7;1;1
202200022309;774 292;33;0;0;0;1;1
202200022310;774 291;7;6;0;1;1;1
202200022311;774 289;7;0;1;0;26;1
202200022312;774 288;7;0;9;3;19;1
202200022312;774 290;1;0;2;1;1;5
202200022313;774 286;7;0;2;8;11;2
202200022313;774 287;32;0;2;7;13;0
202200022314;774 285;7;4;0;1;13;1
202200022315;774 283;7;0;2;3;2;1
202200022315;774 284;30;0;2;3;1;1
202200022316;774 280;7;0;2;1;2;1
202200022316;774 282;7;0;0;6;2;1
202200022317;774 278;7;2;0;1;14;1
202200022318;774 279;7;0;2;3;1;
202200022318;774 281;7;10;2;3;21;1
202200022319;774 277;10;0;1;2;20;1
202200022320;774 275;7;0;2;3;15;1
202200022320;774 276;32;0;2;1;0;1
202200022321;774 273;33;0;2;1;2;1
202200022321;774 274;7;0;2;1;1;1
202200022322;774 271;33;0;2;1;1;1
202200022322;774 272;33;0;2;1;1;1
202200022323;774 270;7;0;1;1;15;1
202200022324;774 268;7;0;9;2;2;1
202200022324;774 269;1;0;0;4;1;5
202200022325;774 266;7;0;2;7;1;1
202200022325;774 267;7;0;2;1;1;1
202200022326;774 265;7;0;1;1;9;1
202200022327;774 261;10;0;2;3;2;3
202200022327;774 263;7;0;2;4;2;3
202200022327;774 264;7;0;2;5;2;1
202200022328;774 260;7;0;2;1;19;1
202200022328;774 262;2;0;0;7;1;1
202200022329;774 257;33;0;2;1;2;1
202200022329;774 258;10;0;2;4;2;1
202200022329;774 259;7;0;2;4;2;1
202200022330;774 255;7;0;2;1;1;1
202200022330;774 256;7;0;2;1;1;2
202200022331;774 254;7;0;1;7;1;1
202200022332;774 252;7;0;1;3;1;1
202200022333;774 251;7;0;2;1;1;1
202200022333;774 253;7;0;2;3;26;1
202200022334;774 250;30;0;1;1;5;1
202200022335;774 247;10;0;1;7;16;1
202200022336;774 248;2;0;2;1;26;1
202200022336;774 249;7;0;2;3;26;1
202200022337;774 245;7;0;2;3;15;1
202200022337;774 246;30;0;2;5;23;3
202200022338;774 242;43;0;1;3;1;1
202200022339;774 243;7;0;2;1;21;1
202200022339;774 244;7;0;2;1;5;1
202200022340;774 239;7;0;2;2;2;1
202200022340;774 241;1;0;2;4;1;5
202200022341;774 238;7;0;2;3;1;3
202200022341;774 240;1;0;2;4;15;5
202200022342;774 235;10;0;9;4;23;1
202200022342;774 237;33;0;2;4;1;1
202200022343;774 234;7;0;2;4;9;1
202200022343;774 236;1;0;2;1;1;5
202200022344;774 232;33;0;2;1;1;1
202200022344;774 233;7;0;2;1;15;1
202200022345;774 231;7;13;0;3;0;1
202200022346;774 229;32;0;1;1;1;1
202200022347;774 226;33;0;2;1;2;1
202200022347;774 227;7;0;0;4;1;1
202200022348;774 224;32;0;2;1;1;1
202200022348;774 225;7;0;2;2;15;1
202200022349;774 221;7;0;0;1;2;1
202200022349;774 223;7;0;0;4;2;1
202200022350;774 222;7;0;1;3;16;1
202200022351;774 220;1;0;1;2;1;5
202200022352;774 215;7;0;2;2;15;1
202200022352;774 218;34;0;2;1;0;0
202200022353;774 216;17;0;2;2;1;1
202200022353;774 219;7;0;0;5;19;1
202200022354;774 214;7;0;2;0;0;1
202200022354;774 217;7;0;2;6;0;1
202200022355;774 211;33;12;0;0;15;1
202200022356;774 209;50;0;2;8;13;3
202200022356;774 212;7;0;9;0;0;1
202200022357;774 210;10;0;2;5;1;1
202200022357;774 213;7;0;2;3;2;1
202200022358;774 204;7;4;2;6;2;1
202200022358;774 207;7;3;2;2;2;1
202200022359;774 203;7;0;0;0;11;0
202200022359;774 205;33;0;2;3;1;1
202200022359;774 206;7;0;2;3;1;1
202200022360;774 201;7;0;9;7;16;1
202200022360;774 202;1;0;2;8;16;5
202200022361;774 194;7;0;2;3;1;1
202200022361;774 196;7;0;2;2;1;1
202200022362;774 193;80;12;0;7;1;3
202200022362;774 195;7;12;0;1;17;1
202200022363;774 188;7;0;2;0;1;1
202200022363;774 190;7;0;1;2;1;1
202200022364;774 189;7;0;2;1;1;1
202200022364;774 191;10;1;2;1;1;1
202200022364;774 192;7;0;2;6;23;1
202200022364;774 197;10;0;2;1;13;1
202200022364;774 198;10;0;2;4;1;1
202200022364;774 200;7;0;2;0;1;1
202200022365;774 187;7;0;1;3;1;1
202200022366;774 185;7;0;2;1;9;1
202200022366;774 186;7;0;2;5;1;1
202200022367;774 182;7;0;2;1;16;1
202200022367;774 184;7;0;2;1;9;1
202200022368;774 180;7;0;2;1;5;1
202200022368;774 181;7;2;2;2;1;1
202200022369;774 177;30;0;0;7;1;1
202200022370;774 176;7;0;2;6;1;1
202200022370;774 179;7;0;2;2;1;1
202200022370;774 183;7;0;2;5;1;1
202200022371;774 175;7;0;2;3;12;1
202200022371;774 178;7;0;2;1;17;1
202200022372;774 174;31;9;0;3;1;1
202200022373;774 170;60;0;0;2;16;5
202200022374;774 166;7;2;0;3;14;1
202200022375;774 162;33;0;2;4;17;1
202200022375;774 165;3;0;2;1;15;1
202200022376;774 160;7;4;2;1;0;0
202200022376;774 164;7;4;2;4;2;1
202200022376;774 168;7;4;2;4;2;1
202200022376;774 169;7;4;2;4;2;3
202200022376;774 171;7;4;2;4;2;1
202200022377;774 161;10;0;2;1;2;1
202200022377;774 163;7;0;2;1;2;1
202200022377;774 167;10;12;0;4;1;1
202200022378;774 159;7;0;1;2;2;1
202200022379;774 157;7;8;0;2;0;1
202200022380;774 154;7;0;2;1;1;1
202200022380;774 155;7;0;2;4;1;1
202200022381;774 153;7;0;2;1;1;1
202200022381;774 156;1;0;2;7;19;5
202200022382;774 151;7;0;2;2;1;1
202200022382;774 152;7;0;2;0;11;0
202200022383;774 150;7;0;2;1;9;0
202200022383;774 158;7;0;2;2;2;1
202200022384;774 147;7;0;2;1;2;1
202200022384;774 149;7;0;2;4;2;1
202200022385;774 143;7;0;1;1;15;1
202200022386;774 140;7;0;2;4;1;1
202200022386;774 144;7;0;2;1;18;1
202200022387;774 139;10;0;2;1;2;0
202200022387;774 142;7;0;0;0;0;0
202200022388;774 136;7;0;2;1;9;1
202200022388;774 137;2;0;2;1;17;1
202200022389;774 131;7;0;2;1;21;1
202200022389;774 135;7;0;2;6;1;1
202200022390;774 129;7;0;2;1;0;1
202200022390;774 132;7;0;2;1;0;0
202200022390;774 134;7;0;2;6;0;1
202200022390;774 138;7;0;2;1;21;1
202200022390;774 141;7;0;2;1;0;1
202200022390;774 145;7;0;2;1;0;1
202200022391;774 130;33;15;2;2;17;1
202200022391;774 133;10;0;2;8;15;1
202200022392;774 128;32;0;1;1;19;0
202200022393;774 126;33;2;0;0;1;1
202200022394;774 125;7;0;2;8;1;1
202200022394;774 127;34;3;2;3;2;1
202200022395;774 122;7;13;0;2;1;1
202200022396;774 121;7;0;2;6;10;1
202200022396;774 123;33;0;2;1;17;1
202200022397;774 120;7;0;2;4;2;1
202200022397;774 124;7;0;2;1;2;1
202200022398;774 119;30;1;0;1;26;1
202200022399;774 118;7;15;0;2;1;1
202200022400;774 117;32;3;0;1;1;1
202200022401;774 111;7;0;2;1;1;1
202200022401;774 113;7;0;2;1;13;1
202200022402;774 112;2;0;2;1;1;1
202200022402;774 114;7;0;2;1;19;1
202200022403;774 110;34;6;0;7;18;1
202200022404;774 109;10;2;0;1;19;1
202200022405;774 106;10;0;2;1;1;1
202200022405;774 107;2;0;2;1;13;1
202200022406;774 103;32;0;2;1;1;1
202200022406;774 105;7;16;0;6;9;1
202200022407;774 101;7;6;0;1;13;1
202200022408;774 100;1;0;2;7;1;5
202200022408;774 104;7;0;2;7;13;1
202200022409;774 098;7;0;2;6;1;1
202200022409;774 099;7;0;2;4;2;1
202200022409;774 102;7;0;2;4;26;1
202200022409;774 108;7;0;2;9;1;1
202200022410;774 094;7;0;2;1;1;1
202200022410;774 097;7;14;2;1;1;1
202200022411;774 095;7;8;0;9;1;1
202200022412;774 093;1;1;2;1;1;5
202200022412;774 096;7;0;2;4;1;1
202200022413;774 092;7;15;0;3;1;1
202200022414;774 090;2;15;0;1;1;1
202200022415;774 089;7;0;2;3;1;1
202200022415;774 091;7;0;2;1;1;1
202200022416;774 087;2;8;0;0;0;1
202200022417;774 086;10;0;2;8;9;1
202200022417;774 088;7;0;2;1;1;1
202200022418;774 084;50;0;1;0;0;3
202200022419;774 083;2;0;0;0;0;1
202200022420;774 082;7;0;2;1;1;1
202200022420;774 085;7;0;2;1;1;1
202200022421;774 078;7;0;2;7;2;1
202200022421;774 080;31;0;2;8;2;1
202200022422;774 077;32;0;2;1;13;0
202200022422;774 079;7;0;2;3;21;1
202200022423;774 076;32;0;2;7;15;0
202200022423;774 081;32;0;2;1;9;0
202200022424;774 072;1;0;0;4;2;5
202200022424;774 074;7;0;9;2;2;1
202200022425;774 073;50;12;0;1;26;3
202200022426;774 071;7;0;2;1;3;1
202200022426;774 075;7;0;2;1;1;1
202200022427;774 067;7;0;2;3;5;1
202200022427;774 069;7;0;2;3;1;0
202200022428;774 068;7;0;1;3;1;1
202200022429;774 066;7;0;2;3;13;1
202200022429;774 070;7;5;2;3;0;1
202200022430;774 061;7;8;0;1;1;1
202200022431;774 060;7;0;2;3;15;1
202200022431;774 064;33;0;2;1;1;1
202200022432;774 062;2;0;2;4;1;3
202200022432;774 065;7;0;2;1;1;1
202200022433;774 058;7;0;2;2;17;1
202200022433;774 059;7;0;2;3;15;1
202200022433;774 063;7;0;2;2;21;2
202200022434;774 055;33;0;2;1;3;1
202200022434;774 057;7;0;2;3;15;1
202200022435;774 052;7;0;2;3;15;1
202200022435;774 054;1;0;2;1;1;5
202200022436;774 051;7;0;2;1;5;2
202200022436;774 053;7;0;0;6;1;1
202200022436;774 056;7;0;2;3;1;1
202200022437;774 047;7;0;2;1;1;1
202200022437;774 050;7;0;2;7;1;1
202200022438;774 045;7;0;2;0;0;1
202200022438;774 048;10;0;2;1;2;1
202200022439;774 043;15;0;2;8;1;0
202200022439;774 046;7;0;2;2;14;0
202200022439;774 049;7;0;2;3;1;1
202200022440;774 042;7;8;0;7;0;1
202200022441;774 041;32;6;0;1;1;1
202200022442;774 039;13;0;1;1;15;6
202200022443;774 036;32;0;2;3;3;1
202200022443;774 040;7;0;2;5;1;1
202200022444;774 035;7;0;2;3;20;1
202200022444;774 037;33;0;2;1;1;1
202200022445;774 033;7;0;2;2;15;1
202200022445;774 034;7;0;2;1;1;1
202200022446;774 029;2;1;0;1;0;1
202200022447;774 028;7;0;1;8;1;1
202200022447;774 032;7;0;2;2;1;2
202200022448;774 026;10;0;2;3;11;0
202200022448;774 030;7;0;2;2;1;0
202200022449;774 027;7;0;2;6;3;2
202200022449;774 031;10;0;2;6;3;1
202200022450;774 025;7;0;1;8;1;1
202200022451;774 021;33;8;2;7;1;1
202200022451;774 023;7;0;2;8;16;1
202200022452;774 020;7;0;2;2;17;0
202200022452;774 024;30;0;2;8;1;1
202200022453;774 014;7;0;2;1;1;1
202200022453;774 019;7;0;2;3;1;1
202200022453;774 022;15;0;2;2;12;1
202200022454;774 015;10;0;2;7;16;1
202200022454;774 017;2;0;2;0;1;1
202200022455;774 010;32;0;2;1;1;1
202200022455;774 012;7;0;2;1;17;1
202200022456;774 011;7;0;2;3;15;3
202200022456;774 013;1;0;2;3;1;5
202200022457;774 008;7;15;0;1;1;1
202200022458;774 007;10;0;2;4;2;1
202200022458;774 009;32;0;2;1;2;1
202200022459;774 003;33;0;2;1;1;1
202200022459;774 005;7;0;2;2;20;1
202200022460;774 001;7;1;1;1;16;1
202200022461;774 000;7;0;2;1;1;1
202200022461;774 002;7;0;2;4;1;1
202200022461;774 004;10;0;2;4;1;1
202200022462;773 999;1;12;0;1;14;5
202200022463;773 998;10;0;0;8;15;3
202200022464;773 997;7;0;1;2;1;1
202200022465;773 996;10;0;2;4;1;1
202200022465;774 006;7;0;2;1;1;1
202200022466;773 995;7;14;0;1;1;1
202200022467;773 993;33;0;2;2;1;1
202200022467;773 994;1;0;2;4;15;5
202200022468;773 990;33;0;2;3;1;1
202200022468;773 992;7;0;0;3;1;1
202200022469;773 989;7;2;0;3;1;1
202200022470;773 988;7;1;1;3;13;1
202200022470;773 991;7;0;2;3;1;1
202200022471;773 984;7;0;2;3;13;1
202200022471;773 985;7;0;2;3;1;1
202200022472;773 983;7;0;2;4;23;1
202200022472;773 987;10;0;2;1;2;1
202200022473;773 982;7;0;2;7;13;1
202200022473;773 986;7;0;2;1;1;1
202200022474;773 980;7;0;1;4;4;1
202200022475;773 978;33;0;0;9;1;1
202200022476;773 976;43;0;2;6;23;1
202200022476;773 979;10;0;2;4;23;1
202200022476;773 981;7;0;2;1;2;1
202200022477;773 977;43;12;0;1;1;1
202200022478;773 974;7;0;1;8;1;3
202200022479;773 973;7;0;2;3;1;2
202200022479;773 975;7;0;2;1;13;1
202200022480;773 970;7;0;1;2;1;1
202200022481;773 969;7;0;2;7;15;1
202200022481;773 971;34;0;2;1;1;1
202200022482;773 968;7;0;2;3;15;1
202200022482;773 972;80;0;2;1;1;3
202200022483;773 964;7;0;2;8;15;1
202200022483;773 967;31;0;2;1;17;1
202200022484;773 963;7;0;2;1;1;1
202200022484;773 966;7;0;2;3;13;1
202200022485;773 962;50;0;2;7;1;3
202200022485;773 965;10;0;2;3;22;1
202200022486;773 957;7;0;2;2;1;1
202200022486;773 959;3;0;0;4;11;1
202200022487;773 958;7;0;2;4;23;1
202200022487;773 961;30;0;2;1;2;3
202200022488;773 955;1;0;2;1;15;5
202200022488;773 960;7;0;2;1;23;1
202200022489;773 956;7;0;1;4;4;0
202200022490;773 949;7;0;2;3;5;1
202200022490;773 953;1;0;2;1;1;5
202200022491;773 950;7;0;2;4;16;1
202200022491;773 952;50;0;2;1;1;3
202200022492;773 951;7;0;2;6;23;1
202200022492;773 954;7;0;2;2;17;1
202200022493;773 944;1;0;2;1;7;5
202200022493;773 945;7;0;2;1;15;1
202200022494;773 946;50;0;2;1;9;3
202200022494;773 947;1;0;2;1;1;5
202200022495;773 948;7;13;0;8;13;1
202200022496;773 940;7;0;2;7;1;2
202200022496;773 942;32;0;2;1;1;1
202200022497;773 941;7;1;0;1;20;1
202200022497;773 943;7;0;2;4;24;0
202200022498;773 936;32;0;2;1;1;1
202200022498;773 938;7;0;2;1;13;1
202200022499;773 939;7;0;1;2;15;1
202200022500;773 935;1;0;2;1;1;5
202200022500;773 937;1;0;2;4;19;5
202200022501;773 933;7;0;2;8;1;1
202200022501;773 934;33;0;2;2;16;1
202200022502;773 932;10;0;1;1;15;1
202200022503;773 930;7;0;2;4;13;1
202200022503;773 931;7;0;2;1;1;1
202200022504;773 929;7;0;1;6;4;2
202200022505;773 927;3;3;0;0;1;1
202200022506;773 926;1;0;2;1;5;5
202200022506;773 928;7;0;2;1;1;1
202200022507;773 925;7;0;1;1;1;1
202200022508;773 924;7;3;2;8;0;1
202200022509;773 919;10;1;0;1;1;1
202200022509;773 921;10;1;0;4;23;1
202200022510;773 922;7;0;2;3;1;2
202200022510;773 923;7;0;2;3;15;1
202200022511;773 917;1;0;2;1;1;5
202200022511;773 920;37;0;2;7;7;2
202200022512;773 916;7;3;2;1;2;1
202200022512;773 918;7;0;2;4;2;1
202200022513;773 915;7;0;1;7;1;1
202200022514;773 912;7;0;2;3;2;1
202200022514;773 914;7;0;2;5;2;1
202200022515;773 911;30;0;2;3;18;1
202200022515;773 913;1;0;2;7;7;5
202200022516;773 907;17;0;2;8;2;1
202200022516;773 909;14;0;2;3;13;1
202200022517;773 908;33;0;2;8;18;1
202200022517;773 910;7;0;2;2;16;1
202200022518;773 898;7;0;2;1;1;1
202200022518;773 901;7;0;2;1;1;1
202200022518;773 902;7;0;2;0;1;1
202200022518;773 904;7;0;2;8;1;1
202200022518;773 906;7;0;2;0;0;1
202200022519;773 900;7;14;0;5;0;1
202200022519;773 905;2;14;0;1;0;3
202200022520;773 899;30;0;2;8;1;3
202200022520;773 903;7;0;2;1;1;1
202200022521;773 897;7;3;0;2;14;1
202200022522;773 895;7;4;0;1;1;1
202200022523;773 894;1;0;1;8;1;5
202200022524;773 892;7;4;0;2;1;1
202200022525;773 893;33;0;2;1;1;0
202200022525;773 896;7;0;2;3;21;0
202200022526;773 890;7;0;0;9;26;1
202200022527;773 891;10;8;1;1;14;3
202200022528;773 888;7;0;2;3;5;1
202200022528;773 889;34;0;0;1;1;1
202200022529;773 885;0;0;2;0;0;0
202200022529;773 886;7;0;2;4;1;1
202200022529;773 887;7;0;2;8;1;1
202200022530;773 884;7;0;1;3;15;2
202200022531;773 883;7;0;1;1;1;1
202200022532;773 880;1;0;1;1;25;5
202200022533;773 879;16;0;2;5;0;1
202200022533;773 881;7;0;2;1;0;1
202200022534;773 878;7;2;2;1;1;1
202200022534;773 882;7;2;2;5;19;2
202200022535;773 876;10;0;1;0;15;3
202200022536;773 875;7;0;2;1;2;1
202200022536;773 877;7;0;2;4;23;1
202200022537;773 873;2;0;2;1;17;1
202200022537;773 874;7;0;2;3;15;1
202200022538;773 870;7;1;0;2;1;1
202200022539;773 869;7;0;2;6;1;1
202200022539;773 872;80;0;2;1;1;3
202200022540;773 867;50;0;1;1;1;3
202200022541;773 866;10;0;2;0;0;1
202200022541;773 868;10;0;2;0;0;1
202200022542;773 871;7;0;1;2;1;1
202200022543;773 865;80;1;0;1;1;3
202200022544;773 863;3;0;2;2;15;0
202200022544;773 864;33;0;2;0;0;0
202200022545;773 862;32;0;1;1;1;1
202200022546;773 859;50;0;2;1;1;3
202200022546;773 861;7;0;2;6;15;1
202200022547;773 858;43;0;2;3;2;1
202200022547;773 860;7;0;2;5;23;1
202200022548;773 856;10;1;1;1;20;0
202200022549;773 855;7;0;2;6;15;1
202200022549;773 857;32;0;2;7;1;1
202200022550;773 852;1;0;0;0;2;5
202200022550;773 854;7;0;0;0;2;1
202200022551;773 851;30;0;2;0;17;1
202200022551;773 853;50;0;2;0;15;3
202200022552;773 848;1;0;2;1;7;5
202200022552;773 849;7;0;2;2;16;1
202200022553;773 847;7;13;0;1;13;1
202200022554;773 845;50;0;1;1;5;3
202200022555;773 844;10;0;0;5;15;1
202200022555;773 846;7;5;2;1;21;1
202200022556;773 843;30;0;1;1;1;0
202200022557;773 842;7;12;9;2;1;1
202200022558;773 841;33;0;1;3;1;1
202200022559;773 839;1;0;2;1;1;5
202200022559;773 840;7;0;9;2;1;1
202200022560;773 837;33;0;2;1;1;1
202200022560;773 838;7;0;2;2;15;1
202200022561;773 835;2;0;2;1;5;1
202200022561;773 836;10;0;2;1;1;1
202200022562;773 834;50;15;0;1;1;3
202200022563;773 831;7;4;2;8;13;1
202200022563;773 833;13;0;2;6;1;1
202200022564;773 830;7;0;2;3;15;1
202200022564;773 832;30;0;2;2;1;1
202200022565;773 828;7;0;2;1;1;1
202200022565;773 829;7;0;2;1;13;1
202200022566;773 827;33;1;0;7;21;1
202200022567;773 824;50;1;0;1;1;3
202200022567;773 826;7;0;2;8;22;0
202200022568;773 823;7;0;2;1;5;1
202200022568;773 825;14;0;2;3;1;1
202200022569;773 820;7;0;2;4;1;0
202200022569;773 822;30;0;2;1;2;1
202200022570;773 819;1;0;0;0;2;5
202200022570;773 821;33;0;0;8;2;1
202200022571;773 818;7;4;0;1;26;1
202200022572;773 816;7;0;2;2;9;1
202200022572;773 817;33;0;2;1;1;1
202200022573;773 815;50;9;0;1;25;3
202200022574;773 813;1;0;0;0;0;5
202200022575;773 809;7;0;2;2;15;1
202200022575;773 810;33;0;0;1;1;1
202200022576;773 808;33;0;2;1;17;1
202200022576;773 811;7;0;2;1;15;1
202200022577;773 806;7;0;2;1;1;1
202200022577;773 807;7;0;2;1;13;1
202200022578;773 805;50;0;0;1;15;3
202200022579;773 801;7;9;2;8;15;1
202200022579;773 803;7;9;2;1;1;0
202200022580;773 802;1;0;0;4;15;5
202200022580;773 804;7;0;0;8;18;1
202200022581;773 800;7;8;0;1;1;1
202200022582;773 798;7;9;2;1;1;1
202200022582;773 799;7;9;2;7;15;1
202200022583;773 796;7;0;2;3;13;1
202200022583;773 797;7;0;2;8;1;1
202200022584;773 794;7;0;2;4;23;1
202200022584;773 795;10;0;2;2;1;1
202200022585;773 792;7;0;9;3;0;1
202200022585;773 793;1;0;2;1;0;5
202200022586;773 790;7;0;2;1;16;1
202200022586;773 791;50;0;2;1;1;3
202200022587;773 789;33;0;0;7;1;1
202200022588;773 786;33;0;0;0;0;1
202200022588;773 788;7;0;2;2;10;1
202200022589;773 785;7;0;2;7;0;0
202200022589;773 787;1;0;2;3;1;5
202200022590;773 781;10;0;2;1;1;1
202200022590;773 782;7;0;0;4;23;1
202200022590;773 784;10;0;0;0;0;1
202200022591;773 779;10;0;2;2;21;1
202200022591;773 780;2;0;2;3;13;1
202200022592;773 777;7;0;2;4;16;1
202200022592;773 778;33;0;2;4;1;1
202200022593;773 776;15;0;0;8;9;1
202200022594;773 774;7;0;2;3;15;1
202200022594;773 775;32;0;2;2;1;1
202200022595;773 773;31;10;0;7;1;1
202200022596;773 770;15;0;1;1;1;1
202200022597;773 771;13;0;9;2;15;1
202200022597;773 772;50;0;2;1;1;3
202200022598;773 769;7;13;0;0;1;1
202200022599;773 768;32;0;1;8;17;0
202200022600;773 767;3;8;0;3;13;1
202200022601;773 763;31;0;2;1;1;1
202200022601;773 765;7;0;2;4;1;1
202200022602;773 759;7;0;2;2;2;1
202200022602;773 761;1;0;2;4;2;5
202200022603;773 757;7;0;2;1;2;1
202200022603;773 758;7;0;2;4;2;1
202200022603;773 760;7;0;2;4;2;1
202200022603;773 762;7;0;2;4;2;1
202200022604;773 755;10;0;0;8;9;1
202200022604;773 756;7;0;2;1;21;1
202200022605;773 754;7;0;1;3;1;1
202200022606;773 751;32;0;1;1;1;1
202200022607;773 752;33;0;2;1;17;1
202200022607;773 753;7;0;0;6;15;1
202200022608;773 750;7;0;1;1;20;1
202200022609;773 748;7;0;2;5;1;1
202200022609;773 749;31;0;2;1;1;1
202200022610;773 747;37;0;2;1;0;1
202200022611;773 744;2;0;2;1;7;1
202200022611;773 745;7;0;0;3;20;1
202200022612;773 743;7;0;2;3;1;1
202200022612;773 746;7;0;2;3;1;1
202200022613;773 741;7;1;0;1;13;1
202200022614;773 740;7;0;2;3;15;1
202200022614;773 742;80;0;2;1;1;3
202200022615;773 739;1;0;0;0;0;5
202200022616;773 736;7;13;0;3;1;1
202200022617;773 737;2;0;2;1;1;1
202200022617;773 738;7;0;2;4;9;1
202200022618;773 734;40;0;1;0;19;3
202200022619;773 733;7;0;2;1;2;2
202200022619;773 735;33;0;0;4;23;1
202200022620;773 730;7;0;2;3;10;2
202200022620;773 732;30;0;2;1;1;1
202200022621;773 727;1;0;0;0;1;5