Num_Acc;id_vehicule;categorie_vehicule;obstacle_fixe;obstacle_mobile;point_choc_initial;manoeuvre_principale;motorisation
202200022622;773 726;1;0;2;8;1;5
202200022622;773 728;30;0;2;1;17;1
202200022623;773 723;50;0;2;3;5;3
202200022623;773 725;7;0;0;0;1;2
202200022624;773 721;7;0;0;3;1;1
202200022624;773 722;7;0;0;4;23;1
202200022624;773 724;7;0;2;1;1;1
202200022625;773 717;10;0;2;3;10;1
202200022625;773 720;33;0;2;1;1;1
202200022626;773 715;7;0;2;7;2;1
202200022626;773 716;7;0;0;9;2;1
202200022626;773 718;7;0;9;8;2;1
202200022626;773 719;7;0;2;1;2;1
202200022627;773 713;7;0;2;7;16;1
202200022627;773 714;32;0;2;1;2;1
202200022628;773 711;43;0;1;1;1;1
202200022629;773 710;36;0;2;3;17;1
202200022629;773 712;7;0;2;3;1;1
202200022630;773 707;2;0;0;0;9;1
202200022630;773 709;33;0;2;0;1;1
202200022631;773 706;32;0;2;7;1;1
202200022631;773 708;32;0;2;1;13;0
202200022632;773 705;7;6;0;2;17;1
202200022633;773 703;33;0;2;8;0;0
202200022633;773 704;7;0;2;7;17;1
202200022634;773 701;31;0;2;1;1;1
202200022634;773 702;7;0;2;4;20;1
202200022635;773 698;7;0;2;3;1;1
202200022635;773 700;33;0;2;3;1;1
202200022636;773 699;7;0;0;9;1;1
202200022637;773 695;20;0;0;6;1;1
202200022637;773 697;7;4;2;3;21;1
202200022638;773 694;1;0;2;8;18;5
202200022638;773 696;7;0;2;1;2;1
202200022639;773 692;32;0;1;2;3;1
202200022640;773 691;7;0;2;1;1;1
202200022640;773 693;7;0;2;1;17;1
202200022641;773 688;99;0;2;8;19;5
202200022641;773 690;7;0;2;1;1;1
202200022642;773 687;33;0;2;1;1;1
202200022642;773 689;7;0;2;6;15;1
202200022643;773 685;7;0;1;1;14;1
202200022644;773 684;1;1;0;7;1;5
202200022644;773 686;7;1;0;1;1;1
202200022645;773 682;7;0;2;3;1;1
202200022645;773 683;2;0;2;3;0;1
202200022646;773 681;30;1;1;1;25;1
202200022647;773 679;1;0;2;4;2;5
202200022647;773 680;7;0;2;3;9;2
202200022648;773 678;7;0;5;1;1;1
202200022649;773 676;7;0;0;4;2;1
202200022649;773 677;2;0;2;1;2;1
202200022650;773 674;7;0;2;1;1;1
202200022650;773 675;7;0;0;7;1;1
202200022651;773 673;33;3;0;1;1;1
202200022652;773 672;33;12;0;9;17;1
202200022653;773 671;7;16;0;1;1;1
202200022654;773 668;33;8;0;4;1;1
202200022654;773 669;7;0;2;2;1;1
202200022655;773 667;33;4;0;3;13;1
202200022656;773 664;32;0;2;1;13;1
202200022656;773 666;7;0;0;6;1;1
202200022657;773 663;7;0;2;3;15;1
202200022657;773 665;33;0;2;1;1;1
202200022658;773 661;7;3;2;7;12;1
202200022658;773 662;33;3;2;8;1;1
202200022659;773 660;7;0;1;3;1;1
202200022660;773 655;7;0;2;6;1;1
202200022660;773 656;14;0;2;1;1;1
202200022660;773 657;7;0;2;2;19;1
202200022661;773 653;10;0;2;1;15;1
202200022661;773 654;7;0;2;1;1;1
202200022662;773 658;7;0;2;1;11;1
202200022662;773 659;7;3;2;6;26;1
202200022663;773 651;7;4;0;1;1;1
202200022664;773 650;7;0;2;4;1;1
202200022664;773 652;14;0;2;1;2;1
202200022665;773 648;32;0;2;1;3;1
202200022665;773 649;10;0;2;5;1;1
202200022666;773 646;7;0;2;4;23;1
202200022666;773 647;33;0;2;1;2;1
202200022667;773 642;7;0;2;1;2;1
202200022667;773 643;7;0;2;4;2;1
202200022668;773 641;10;0;2;1;1;1
202200022668;773 644;7;0;2;4;1;1
202200022668;773 645;7;0;2;4;1;1
202200022669;773 635;7;0;2;1;2;1
202200022669;773 636;7;0;2;4;2;1
202200022669;773 638;7;0;2;4;2;1
202200022670;773 634;7;0;2;1;2;2
202200022670;773 637;7;0;2;4;2;1
202200022670;773 639;10;0;2;1;2;1
202200022670;773 640;32;0;2;1;2;1
202200022671;773 631;32;4;2;1;3;1
202200022671;773 632;7;4;2;4;2;1
202200022672;773 630;7;0;2;5;1;1
202200022672;773 633;7;0;2;1;3;1
202200022673;773 628;7;0;2;3;11;1
202200022673;773 629;7;0;2;2;0;1
202200022674;773 626;10;0;2;1;2;1
202200022674;773 627;10;0;2;4;2;1
202200022675;773 625;33;4;0;1;1;1
202200022676;773 624;32;0;2;8;1;1
202200022677;773 620;17;0;2;6;1;1
202200022677;773 622;7;0;2;1;14;3
202200022677;773 623;7;0;2;8;1;2
202200022678;773 619;7;0;2;6;11;1
202200022678;773 621;34;0;2;1;3;1
202200022679;773 616;7;0;2;2;17;0
202200022679;773 617;10;0;1;2;0;1
202200022680;773 614;7;1;2;2;18;1
202200022680;773 615;7;0;2;6;23;1
202200022680;773 618;15;0;2;7;1;1
202200022681;773 613;7;13;0;3;0;0
202200022682;773 611;7;0;2;6;11;1
202200022682;773 612;33;0;2;7;1;1
202200022683;773 610;7;0;0;9;13;1
202200022684;773 609;43;0;9;2;21;1
202200022685;773 605;7;0;2;1;1;1
202200022685;773 607;31;0;2;1;1;1
202200022686;773 604;43;0;2;1;2;1
202200022686;773 606;7;0;2;6;2;1
202200022686;773 608;10;0;2;4;2;3
202200022687;773 602;2;0;2;0;1;1
202200022687;773 603;7;0;2;0;1;1
202200022688;773 597;7;0;2;7;16;1
202200022688;773 599;1;0;2;8;1;5
202200022689;773 595;7;0;2;8;1;3
202200022689;773 596;7;0;2;5;2;1
202200022689;773 598;17;0;2;8;1;1
202200022689;773 600;7;0;2;4;2;1
202200022689;773 601;10;0;2;1;2;1
202200022690;773 593;7;0;2;4;2;1
202200022690;773 594;33;0;2;1;2;1
202200022691;773 591;31;0;2;7;3;1
202200022691;773 592;7;0;2;6;11;1
202200022692;773 589;7;0;2;3;20;1
202200022692;773 590;14;0;2;5;1;1
202200022693;773 588;13;5;0;8;1;1
202200022694;773 585;34;0;2;3;13;1
202200022694;773 586;7;0;2;7;1;1
202200022695;773 583;7;0;2;3;21;1
202200022695;773 584;7;0;2;3;14;1
202200022695;773 587;7;0;2;3;13;1
202200022696;773 582;33;16;0;8;0;1
202200022697;773 580;33;0;2;7;17;1
202200022697;773 581;7;0;2;8;15;1
202200022698;773 578;10;0;2;7;0;1
202200022698;773 579;32;0;2;8;0;1
202200022699;773 577;7;3;0;1;1;1
202200022700;773 576;7;0;1;6;1;1
202200022701;773 575;2;6;0;1;15;1
202200022702;773 574;7;13;0;1;1;1
202200022703;773 571;7;15;0;2;1;1
202200022704;773 570;7;0;2;3;0;1
202200022704;773 572;1;;;;0;5
202200022705;773 568;1;0;2;7;19;5
202200022705;773 569;7;0;2;2;9;1
202200022706;773 566;7;0;2;1;19;1
202200022706;773 567;7;0;2;3;1;1
202200022707;773 564;2;0;2;1;17;1
202200022707;773 565;7;0;2;3;1;1
202200022708;773 562;7;0;2;1;16;1
202200022708;773 563;7;0;2;8;18;1
202200022709;773 560;7;0;0;7;15;1
202200022709;773 561;7;0;2;1;1;1
202200022710;773 559;36;12;0;1;26;0
202200022711;773 558;7;11;0;1;1;1
202200022712;773 557;21;0;1;6;23;1
202200022713;773 555;7;0;1;1;2;1
202200022714;773 554;7;3;2;1;15;1
202200022714;773 556;7;3;2;1;1;1
202200022715;773 553;7;6;1;1;1;1
202200022716;773 551;33;0;2;1;1;1
202200022716;773 552;7;0;2;3;13;1
202200022717;773 549;7;0;2;0;0;1
202200022717;773 550;7;0;2;4;2;1
202200022718;773 546;7;0;2;1;1;1
202200022718;773 548;50;0;2;1;1;3
202200022719;773 545;7;0;2;1;1;1
202200022719;773 547;7;0;2;4;2;1
202200022720;773 542;7;0;2;4;1;1
202200022720;773 543;10;0;2;4;1;1
202200022720;773 544;10;0;2;1;2;1
202200022721;773 541;7;14;0;2;1;
202200022722;773 538;7;0;2;5;12;2
202200022722;773 540;7;0;2;9;1;1
202200022723;773 537;32;0;2;1;1;1
202200022723;773 539;7;0;2;2;15;1
202200022724;773 535;7;0;2;3;1;1
202200022724;773 536;15;0;2;2;12;6
202200022725;773 533;7;1;0;8;24;1
202200022725;773 534;7;1;0;7;14;1
202200022726;773 531;7;0;2;1;2;1
202200022726;773 532;15;0;2;4;2;1
202200022727;773 529;7;0;2;2;0;2
202200022727;773 530;33;0;2;1;1;1
202200022728;773 526;7;0;2;4;2;1
202200022728;773 527;7;0;2;4;2;2
202200022728;773 528;7;0;2;1;2;1
202200022729;773 524;7;0;2;1;26;1
202200022729;773 525;17;0;2;4;1;1
202200022730;773 523;10;9;0;2;1;1
202200022731;773 522;7;2;0;1;26;1
202200022732;773 520;7;3;5;7;1;1
202200022733;773 519;7;0;2;1;9;1
202200022733;773 521;1;0;2;4;1;5
202200022734;773 518;7;4;0;2;1;1
202200022735;773 515;7;0;2;2;14;1
202200022735;773 517;7;0;2;6;1;1
202200022736;773 514;7;11;2;1;19;1
202200022736;773 516;7;0;2;2;15;1
202200022737;773 512;7;4;0;9;21;1
202200022738;773 513;7;8;0;2;1;1
202200022739;773 511;42;14;0;1;1;1
202200022740;773 509;7;0;2;1;1;1
202200022740;773 510;7;0;2;7;15;1
202200022741;773 507;7;0;2;3;26;1
202200022741;773 508;7;3;0;8;26;1
202200022742;773 505;31;0;2;7;1;1
202200022742;773 506;7;0;2;3;11;0
202200022743;773 503;7;0;2;1;2;1
202200022743;773 504;17;0;2;4;2;1
202200022744;773 501;7;0;2;4;1;1
202200022744;773 502;7;0;2;1;1;1
202200022745;773 499;10;0;2;1;14;1
202200022745;773 500;10;0;2;4;23;1
202200022746;773 496;7;0;2;1;2;1
202200022746;773 497;7;0;2;0;0;1
202200022747;773 494;7;0;2;7;12;1
202200022747;773 495;32;0;2;8;3;1
202200022748;773 498;1;0;0;0;1;5
202200022749;773 492;7;0;2;4;2;1
202200022749;773 493;32;0;2;1;2;1
202200022750;773 488;33;0;2;3;17;1
202200022750;773 490;7;0;2;8;1;1
202200022750;773 491;7;0;2;1;1;1
202200022751;773 487;7;0;2;1;2;1
202200022751;773 489;7;0;2;4;2;1
202200022752;773 484;7;0;2;4;16;0
202200022752;773 486;7;;2;;0;
202200022753;773 483;7;0;2;1;1;1
202200022753;773 485;15;0;2;4;1;1
202200022754;773 482;7;0;1;7;26;1
202200022755;773 480;10;2;0;1;1;1
202200022756;773 478;10;0;2;1;2;1
202200022756;773 479;7;0;2;4;2;1
202200022756;773 481;7;0;2;4;2;1
202200022757;773 476;10;0;2;1;1;1
202200022757;773 477;7;0;2;3;1;1
202200022758;773 474;7;13;0;1;1;1
202200022759;773 473;7;0;2;1;2;1
202200022759;773 475;7;0;2;4;2;1
202200022760;773 471;7;15;2;5;1;1
202200022760;773 472;99;0;2;1;1;0
202200022761;773 468;15;0;2;2;9;1
202200022761;773 469;10;0;2;8;1;1
202200022762;773 466;31;8;0;3;26;1
202200022763;773 465;7;3;0;1;17;1
202200022763;773 467;7;0;0;6;23;1
202200022763;773 470;7;1;0;2;21;1
202200022764;773 463;7;0;0;0;14;1
202200022765;773 462;7;0;2;8;1;3
202200022765;773 464;17;0;2;7;12;1
202200022766;773 461;7;4;0;5;21;1
202200022767;773 456;7;0;2;1;1;1
202200022767;773 459;7;0;2;4;26;1
202200022767;773 460;10;0;2;4;2;1
202200022768;773 454;7;0;2;1;2;1
202200022768;773 455;7;0;2;4;2;1
202200022768;773 458;7;0;2;4;2;1
202200022769;773 452;7;0;2;3;11;1
202200022769;773 453;33;0;2;2;3;1
202200022770;773 451;2;12;0;1;13;3
202200022771;773 447;33;0;2;5;3;1
202200022771;773 448;10;0;2;3;11;1
202200022772;773 445;7;3;2;0;1;2
202200022772;773 449;7;0;0;6;2;1
202200022772;773 450;7;3;0;4;2;1
202200022772;773 457;7;0;0;4;2;1
202200022773;773 442;7;0;2;1;1;1
202200022773;773 443;7;0;2;1;1;1
202200022773;773 446;7;0;2;8;1;1
202200022774;773 441;7;0;2;1;2;1
202200022774;773 444;7;0;2;4;2;1
202200022775;773 439;1;0;2;6;1;5
202200022775;773 440;7;0;2;2;1;1
202200022776;773 436;7;0;2;5;12;1
202200022776;773 438;7;0;2;3;1;1
202200022777;773 435;7;0;2;6;13;2
202200022777;773 437;33;0;2;1;17;1
202200022778;773 433;17;1;0;2;14;1
202200022778;773 434;7;0;0;6;24;2
202200022779;773 430;30;0;1;0;25;0
202200022780;773 429;7;0;2;5;23;1
202200022780;773 431;33;0;2;3;9;1
202200022780;773 432;33;0;2;2;3;1
202200022781;773 427;2;0;2;1;13;1
202200022781;773 428;7;0;2;1;1;1
202200022782;773 423;7;0;2;0;0;0
202200022782;773 425;33;0;2;8;1;1
202200022783;773 424;10;0;2;1;5;1
202200022783;773 426;50;0;2;7;1;3
202200022784;773 422;7;2;0;3;0;1
202200022785;773 421;7;6;0;3;1;1
202200022786;773 420;32;12;0;1;18;1
202200022787;773 419;7;0;0;0;0;1
202200022788;773 416;7;0;2;9;23;1
202200022788;773 417;7;0;2;1;2;1
202200022788;773 418;7;0;2;4;23;1
202200022789;773 415;7;0;1;3;15;1
202200022790;773 411;32;0;0;0;0;1
202200022791;773 410;7;0;2;4;9;1
202200022791;773 413;7;4;2;1;11;1
202200022791;773 414;7;0;2;1;1;1
202200022792;773 409;10;0;2;0;2;1
202200022792;773 412;7;0;2;1;2;1
202200022793;773 407;10;0;1;1;15;1
202200022794;773 405;7;0;2;1;1;1
202200022794;773 408;7;0;0;3;19;1
202200022795;773 404;7;0;2;2;1;1
202200022795;773 406;7;0;2;1;15;1
202200022796;773 400;7;0;0;4;26;1
202200022796;773 402;7;0;0;0;0;1
202200022797;773 401;10;0;2;3;1;1
202200022797;773 403;7;0;2;1;1;1
202200022798;773 398;7;0;2;3;13;1
202200022798;773 399;7;0;2;3;1;1
202200022799;773 396;7;6;0;3;1;1
202200022800;773 397;50;0;0;0;0;3
202200022801;773 394;10;1;0;2;1;1
202200022802;773 393;2;0;0;7;1;1
202200022803;773 392;7;0;2;3;9;1
202200022803;773 395;2;0;2;1;1;1
202200022804;773 391;7;0;0;9;26;1
202200022805;773 388;7;0;2;8;15;1
202200022805;773 390;10;2;2;1;17;1
202200022806;773 387;7;0;0;2;1;2
202200022806;773 389;7;0;0;3;19;1
202200022807;773 383;33;0;2;3;21;1
202200022807;773 385;7;0;0;4;19;1
202200022808;773 381;7;0;2;4;2;1
202200022808;773 384;7;0;2;4;2;1
202200022808;773 386;10;0;2;1;2;1
202200022809;773 380;7;6;0;1;11;1
202200022810;773 379;7;0;2;1;13;1
202200022810;773 382;7;0;2;1;1;1
202200022811;773 375;2;0;0;4;2;1
202200022811;773 377;7;0;2;2;2;1
202200022812;773 372;7;0;2;4;2;1
202200022812;773 374;7;0;2;4;2;1
202200022812;773 376;7;0;2;4;2;1
202200022812;773 378;7;0;2;1;2;0
202200022813;773 371;7;0;2;2;1;1
202200022813;773 373;13;0;0;6;4;1
202200022814;773 368;10;0;2;1;11;1
202200022814;773 370;17;0;2;6;1;1
202200022815;773 366;7;0;2;4;1;2
202200022815;773 367;7;0;2;4;1;1
202200022815;773 369;10;0;2;1;1;1
202200022816;773 363;7;0;2;3;1;1
202200022816;773 365;7;0;2;3;1;1
202200022817;773 361;31;0;2;1;1;1
202200022817;773 364;7;0;2;1;15;1
202200022818;773 360;7;4;2;6;2;1
202200022818;773 362;7;0;2;2;2;1
202200022819;773 359;33;0;0;9;1;1
202200022820;773 358;33;2;0;1;1;1
202200022821;773 355;7;13;9;2;0;6
202200022822;773 352;7;3;2;1;2;1
202200022822;773 354;7;3;2;4;2;1
202200022822;773 356;7;3;2;0;2;1
202200022822;773 357;7;3;2;1;2;1
202200022823;773 353;2;0;0;7;1;1
202200022824;773 350;7;3;2;8;17;1
202200022824;773 351;7;0;2;8;1;1
202200022825;773 346;31;0;2;1;3;1
202200022825;773 348;7;0;2;4;1;1
202200022826;773 347;7;0;2;3;1;1
202200022826;773 349;7;0;2;3;1;1
202200022827;773 345;35;0;0;1;14;1
202200022828;773 344;7;5;0;1;14;1
202200022829;773 343;1;0;0;0;1;5
202200022830;773 341;10;0;0;3;5;1
202200022830;773 342;31;0;0;1;1;1
202200022831;773 339;7;0;2;4;1;1
202200022831;773 340;7;0;2;1;2;1
202200022832;773 337;33;0;2;3;1;1
202200022832;773 338;2;0;2;1;13;1
202200022833;773 336;7;0;0;1;1;1
202200022834;773 334;33;13;0;1;0;1
202200022835;773 335;7;0;1;3;1;1
202200022836;773 333;0;0;1;1;19;0
202200022837;773 332;7;2;0;1;13;1
202200022838;773 330;7;0;1;3;15;1
202200022839;773 326;32;0;2;1;1;1
202200022839;773 329;7;0;2;1;15;1
202200022840;773 325;7;0;2;1;5;1
202200022840;773 327;7;0;2;1;1;1
202200022841;773 322;7;0;2;2;14;1
202200022841;773 324;7;0;2;3;1;1
202200022842;773 320;7;0;2;1;2;1
202200022842;773 323;7;0;0;4;15;1
202200022842;773 328;7;0;2;4;1;1
202200022843;773 321;7;13;0;0;0;1
202200022844;773 317;7;0;2;1;1;1
202200022844;773 318;7;0;2;4;1;1
202200022844;773 319;7;0;2;4;0;1
202200022845;773 316;33;0;6;1;1;1
202200022846;773 315;7;6;0;1;1;1
202200022847;773 314;7;13;0;1;26;1
202200022848;773 313;30;0;0;8;26;1
202200022849;773 310;7;13;0;3;1;1
202200022850;773 311;10;0;2;1;13;1
202200022850;773 312;15;0;2;3;1;1
202200022851;773 308;7;0;2;1;1;1
202200022851;773 309;7;0;2;2;12;1
202200022852;773 307;2;0;0;1;1;1
202200022853;773 305;7;0;2;2;15;1
202200022853;773 306;33;0;2;1;1;1
202200022854;773 303;7;0;0;1;1;1
202200022855;773 302;33;0;2;1;1;1
202200022855;773 304;7;0;2;0;17;0
202200022856;773 299;7;0;9;2;21;1
202200022856;773 301;50;0;2;8;11;3
202200022857;773 295;30;12;2;6;18;1
202200022857;773 297;7;12;2;2;16;1
202200022858;773 294;10;0;2;3;13;0
202200022858;773 296;7;0;2;3;1;2
202200022858;773 298;7;0;2;3;1;1
202200022858;773 300;10;0;2;6;0;1
202200022859;773 292;7;0;2;2;19;1
202200022859;773 293;7;0;2;3;5;1
202200022860;773 291;7;15;1;3;1;1
202200022861;773 290;7;0;1;3;15;1
202200022862;773 287;7;0;2;7;16;1
202200022862;773 288;2;0;2;1;18;1
202200022863;773 289;33;6;0;0;0;1
202200022864;773 284;10;0;2;7;16;1
202200022864;773 286;32;0;2;8;2;1
202200022865;773 283;7;0;1;4;20;1
202200022866;773 282;10;0;2;2;2;1
202200022866;773 285;32;0;2;8;11;1
202200022867;773 280;7;0;2;1;15;1
202200022867;773 281;2;0;2;1;1;1
202200022868;773 279;7;0;0;0;16;1
202200022869;773 277;7;0;2;0;0;1
202200022869;773 278;7;0;2;1;2;1
202200022870;773 276;7;3;0;3;17;1
202200022871;773 274;1;12;2;0;0;0
202200022871;773 275;14;0;2;7;1;1
202200022872;773 273;30;0;0;7;1;1
202200022873;773 271;7;0;2;3;17;1
202200022873;773 272;7;0;2;2;9;1
202200022874;773 270;7;0;1;1;26;1
202200022875;773 265;7;0;2;3;15;1
202200022875;773 266;7;0;2;7;17;1
202200022876;773 264;7;3;2;2;1;1
202200022876;773 267;7;0;2;1;1;1
202200022877;773 263;7;0;1;3;1;3
202200022878;773 262;7;13;0;1;0;1
202200022879;773 261;7;0;1;4;20;1
202200022880;773 259;10;0;2;3;15;1
202200022880;773 260;2;0;2;1;16;1
202200022881;773 258;7;0;1;1;1;1
202200022882;773 256;7;0;2;1;5;1
202200022882;773 257;7;0;2;3;17;1
202200022883;773 252;7;0;2;3;0;1
202200022883;773 255;13;0;2;3;0;1
202200022884;773 251;7;0;1;1;1;1
202200022885;773 248;7;0;1;3;14;1
202200022886;773 249;7;0;0;0;5;1
202200022886;773 250;33;0;0;7;21;1
202200022887;773 247;7;0;1;1;1;1
202200022888;773 244;7;0;2;6;10;0
202200022888;773 245;7;0;2;1;1;0
202200022889;773 243;2;0;2;1;2;1
202200022889;773 246;10;0;0;6;2;1
202200022890;773 241;7;0;2;1;1;1
202200022890;773 242;1;0;2;1;1;5
202200022891;773 239;50;0;2;1;1;3
202200022891;773 240;7;0;2;5;16;1
202200022892;773 238;7;0;1;1;1;1
202200022893;773 236;7;0;2;3;1;1
202200022893;773 237;10;0;2;1;1;1
202200022894;773 235;7;13;0;1;16;1
202200022895;773 230;14;0;2;1;2;1
202200022895;773 231;7;0;2;4;2;1
202200022895;773 232;7;0;2;4;2;1
202200022895;773 233;7;0;2;4;2;1
202200022895;773 234;7;0;2;4;2;1
202200022896;773 229;7;9;0;1;15;1
202200022897;773 228;32;0;0;1;15;1
202200022898;773 226;7;0;2;3;13;1
202200022898;773 227;7;0;2;3;1;1
202200022899;773 225;7;0;1;1;1;1
202200022900;773 224;7;0;1;1;1;1
202200022901;773 222;10;0;2;3;1;1
202200022901;773 223;7;0;2;1;15;1
202200022902;773 220;7;0;2;1;15;1
202200022902;773 221;1;0;2;0;1;5
202200022903;773 219;7;1;0;2;0;1
202200022904;773 218;1;0;1;1;1;5
202200022905;773 216;7;0;2;7;17;1
202200022905;773 217;30;0;2;1;1;1
202200022906;773 214;31;0;2;1;1;1
202200022906;773 215;7;0;2;3;15;1
202200022907;773 213;7;0;1;1;1;1
202200022908;773 211;10;0;2;4;1;1
202200022908;773 212;7;0;2;1;1;1
202200022909;773 209;32;0;2;1;1;1
202200022909;773 210;7;0;2;3;16;1
202200022910;773 208;40;0;1;2;1;3
202200022911;773 207;10;0;1;3;1;1
202200022912;773 206;7;0;1;3;1;1
202200022913;773 203;7;0;2;1;23;1
202200022913;773 204;7;0;2;1;23;1
202200022913;773 205;7;0;2;1;15;1
202200022914;773 201;7;0;2;3;19;1
202200022914;773 202;50;0;2;1;19;3
202200022915;773 200;7;0;1;3;15;0
202200022916;773 198;7;0;2;3;1;1
202200022916;773 199;10;0;2;2;1;0
202200022917;773 196;50;0;2;1;1;3
202200022917;773 197;7;0;2;6;9;1
202200022918;773 194;30;0;2;2;1;3
202200022918;773 195;7;0;2;2;1;1
202200022919;773 193;7;0;1;1;15;1
202200022920;773 191;7;0;2;2;15;1
202200022920;773 192;1;0;2;1;1;5
202200022921;773 189;1;0;2;4;2;5
202200022921;773 190;10;0;2;1;2;1
202200022922;773 188;3;0;1;1;1;1
202200022923;773 186;7;0;2;8;15;1
202200022923;773 187;7;0;2;2;1;1
202200022924;773 184;30;0;2;1;26;3
202200022924;773 185;7;0;2;2;1;1
202200022925;773 182;10;0;2;2;1;1
202200022925;773 183;7;0;2;3;1;1
202200022926;773 181;7;0;1;3;1;1
202200022927;773 179;7;0;2;4;23;1
202200022927;773 180;7;0;2;1;2;1
202200022928;773 178;7;13;0;2;12;1
202200022929;773 176;30;0;2;2;17;1
202200022929;773 177;7;0;2;3;15;1
202200022930;773 174;7;0;0;2;15;1
202200022930;773 175;34;0;0;1;2;1
202200022931;773 172;7;0;2;2;15;1
202200022931;773 173;30;0;2;1;1;1
202200022932;773 171;7;14;0;1;13;1
202200022933;773 170;7;0;1;3;16;1
202200022934;773 168;32;0;2;1;1;1
202200022934;773 169;7;0;2;8;15;1
202200022935;773 167;7;0;1;3;15;1
202200022936;773 165;17;0;2;1;1;1
202200022936;773 166;10;0;2;1;11;1
202200022937;773 163;31;0;2;2;1;1
202200022937;773 164;7;0;2;3;11;1
202200022938;773 161;32;0;2;1;3;1
202200022938;773 162;7;0;2;6;1;2
202200022939;773 159;7;0;2;5;2;1
202200022939;773 160;50;0;2;1;2;3
202200022940;773 158;1;0;1;2;25;
202200022941;773 157;1;0;1;8;1;5
202200022942;773 156;30;0;0;7;1;3
202200022943;773 155;30;0;0;0;21;1
202200022944;773 154;7;0;1;0;15;1
202200022945;773 152;33;0;1;1;1;1
202200022946;773 150;7;0;2;3;15;1
202200022946;773 151;33;0;2;3;1;1
202200022947;773 148;7;0;2;0;16;
202200022947;773 149;30;0;2;1;1;1
202200022948;773 147;7;0;1;7;1;1
202200022949;773 146;30;0;0;7;21;1
202200022950;773 144;34;0;2;1;1;1
202200022950;773 145;7;0;2;1;16;1
202200022951;773 142;7;0;2;3;15;2
202200022951;773 143;33;0;2;1;17;1
202200022952;773 140;7;0;2;0;14;0
202200022952;773 141;80;1;2;4;1;3
202200022953;773 139;7;0;1;3;15;
202200022954;773 138;1;0;1;8;1;5
202200022955;773 136;7;0;2;2;1;1
202200022955;773 137;7;0;2;3;9;1
202200022956;773 135;10;0;1;2;1;3
202200022957;773 134;10;0;1;1;1;1
202200022958;773 133;1;0;0;7;16;5
202200022959;773 132;7;0;1;1;9;2
202200022960;773 131;32;8;0;1;13;1
202200022961;773 129;7;0;2;2;10;2
202200022961;773 130;80;0;2;8;1;3
202200022962;773 127;2;0;2;3;18;3
202200022962;773 128;7;0;2;2;1;1
202200022963;773 125;7;0;2;1;15;1
202200022963;773 126;32;0;2;1;1;1
202200022964;773 122;7;0;2;2;1;1
202200022964;773 123;7;0;2;1;0;1
202200022965;773 120;7;0;2;1;1;1
202200022965;773 121;2;0;2;4;1;1
202200022966;773 119;7;0;1;5;16;1
202200022967;773 118;7;0;1;3;1;1
202200022968;773 117;7;0;1;2;1;1
202200022969;773 115;7;0;2;5;26;1
202200022969;773 116;7;0;2;2;1;1
202200022970;773 114;7;0;1;1;1;1
202200022971;773 112;37;0;2;2;1;1
202200022971;773 113;10;0;2;1;0;1
202200022972;773 110;7;0;2;1;0;1
202200022972;773 111;7;0;2;1;0;1
202200022973;773 108;10;0;2;3;1;1
202200022973;773 109;7;0;2;3;5;1
202200022974;773 106;7;0;2;1;5;1
202200022974;773 107;7;0;2;1;1;1
202200022975;773 105;80;0;1;1;2;3
202200022976;773 103;7;0;0;4;1;1
202200022976;773 104;37;0;2;1;0;1
202200022977;773 101;1;0;2;3;1;5
202200022977;773 102;7;0;2;3;20;1
202200022978;773 099;7;0;2;1;1;1
202200022978;773 100;33;0;2;1;0;1
202200022979;773 098;7;15;1;1;16;1
202200022980;773 093;7;0;2;6;1;1
202200022980;773 094;7;0;2;1;1;1
202200022980;773 095;15;0;2;3;1;1
202200022980;773 096;15;0;2;1;1;1
202200022980;773 097;15;0;2;9;5;1
202200022981;773 092;7;0;1;2;9;1
202200022982;773 091;32;12;0;7;15;1
202200022983;773 090;30;0;0;8;16;1
202200022984;773 089;30;1;0;0;0;0
202200022985;773 088;1;0;1;8;1;5
202200022986;773 086;3;0;2;2;0;0
202200022986;773 087;3;1;0;4;0;0
202200022987;773 085;1;0;0;0;16;5
202200022988;773 083;7;0;2;1;1;1
202200022988;773 084;7;0;2;7;1;1
202200022989;773 081;7;0;2;3;1;1
202200022989;773 082;7;0;2;3;5;1
202200022990;773 079;10;0;2;1;15;1
202200022990;773 080;2;0;2;1;1;1
202200022991;773 077;7;0;2;3;19;1
202200022991;773 078;31;0;2;1;17;1
202200022992;773 075;7;0;2;1;5;1
202200022992;773 076;7;0;2;1;1;1
202200022993;773 074;7;0;1;3;1;2
202200022994;773 071;7;0;2;1;1;1
202200022994;773 073;7;0;2;2;19;1
202200022995;773 070;7;15;2;3;1;1
202200022995;773 072;7;8;2;2;1;1
202200022996;773 068;7;0;2;1;1;1
202200022996;773 069;7;0;2;1;1;1
202200022997;773 067;7;3;0;1;1;1
202200022998;773 066;10;15;0;1;13;1
202200022999;773 064;7;0;1;2;17;1
202200023000;773 063;33;0;2;0;1;1
202200023000;773 065;7;0;2;0;15;1
202200023001;773 062;7;0;0;3;1;1
202200023002;773 059;7;0;2;1;2;1
202200023002;773 061;7;0;2;4;2;1
202200023003;773 057;7;0;2;1;13;1
202200023003;773 058;7;0;2;1;1;1
202200023003;773 060;7;0;2;3;1;1
202200023004;773 055;10;0;2;4;4;3
202200023004;773 056;2;0;2;1;23;1
202200023005;773 053;7;0;2;2;1;1
202200023005;773 054;7;0;2;1;21;1
202200023006;773 051;15;0;1;2;20;1
202200023007;773 050;7;0;2;3;19;1
202200023007;773 052;37;0;2;3;15;1
202200023008;773 049;3;3;0;1;1;1
202200023009;773 046;7;5;0;9;1;1
202200023010;773 047;1;0;2;1;1;5
202200023010;773 048;10;0;2;3;9;1