Num_Acc;id_vehicule;categorie_vehicule;obstacle_fixe;obstacle_mobile;point_choc_initial;manoeuvre_principale;motorisation
202200023011;773 045;7;6;0;1;13;1
202200023012;773 043;2;13;0;1;1;1
202200023013;773 042;7;0;2;2;14;1
202200023013;773 044;7;0;2;6;1;1
202200023014;773 040;7;0;2;1;1;1
202200023014;773 041;50;0;0;2;1;3
202200023015;773 037;36;0;2;6;23;1
202200023015;773 038;7;0;2;2;1;1
202200023016;773 036;7;0;2;1;2;1
202200023016;773 039;7;0;0;4;2;1
202200023017;773 035;7;0;1;1;1;1
202200023018;773 034;7;0;1;3;1;1
202200023019;773 032;2;0;2;1;16;1
202200023019;773 033;7;0;2;1;13;1
202200023020;773 029;7;0;2;2;15;1
202200023020;773 030;31;0;2;1;1;1
202200023021;773 028;7;0;2;7;23;1
202200023021;773 031;50;0;2;8;1;3
202200023022;773 024;7;0;1;4;26;1
202200023023;773 025;7;0;2;1;1;1
202200023023;773 026;7;0;2;3;1;3
202200023023;773 027;7;0;2;3;13;1
202200023024;773 023;7;17;0;1;1;1
202200023025;773 021;2;0;2;0;17;1
202200023025;773 022;7;0;0;0;15;1
202200023026;773 020;7;8;0;0;1;1
202200023027;773 018;2;12;0;1;1;1
202200023028;773 017;30;0;2;7;1;1
202200023028;773 019;7;0;2;4;20;1
202200023029;773 014;7;0;2;3;1;1
202200023029;773 016;15;0;2;6;1;1
202200023030;773 012;7;0;1;2;1;1
202200023031;773 013;7;0;2;7;2;1
202200023031;773 015;50;0;0;1;2;3
202200023032;773 011;7;0;1;3;1;1
202200023033;773 010;7;0;1;1;1;1
202200023034;773 007;7;3;2;9;1;1
202200023034;773 008;7;0;2;1;1;1
202200023034;773 009;13;0;2;1;1;1
202200023035;773 006;7;0;1;3;1;1
202200023036;773 005;7;4;0;3;1;1
202200023037;773 002;7;4;0;0;1;1
202200023038;773 003;7;0;2;7;1;1
202200023038;773 004;99;0;2;3;1;5
202200023039;773 001;2;13;0;2;1;1
202200023040;772 999;7;2;0;2;1;0
202200023041;772 996;1;0;2;3;1;5
202200023041;772 997;7;0;2;3;1;1
202200023042;772 995;7;0;2;1;1;1
202200023042;772 998;7;0;2;4;1;1
202200023042;773 000;7;0;2;4;1;1
202200023043;772 993;7;0;2;1;1;1
202200023043;772 994;7;6;0;4;9;1
202200023044;772 991;50;0;2;4;1;3
202200023044;772 992;14;0;2;2;2;1
202200023045;772 990;7;0;1;1;1;1
202200023046;772 989;7;0;1;3;2;1
202200023047;772 985;7;0;2;1;1;1
202200023047;772 987;33;0;2;2;3;1
202200023047;772 988;7;0;0;6;13;1
202200023048;772 984;33;0;2;8;2;1
202200023048;772 986;7;0;2;7;0;1
202200023049;772 982;50;0;0;0;0;3
202200023050;772 981;7;0;0;4;23;1
202200023050;772 983;2;0;2;1;2;1
202200023051;772 978;7;0;2;1;1;1
202200023051;772 980;1;0;2;7;19;5
202200023052;772 977;7;0;2;4;23;2
202200023052;772 979;7;0;2;1;2;1
202200023053;772 976;7;4;0;8;0;1
202200023054;772 973;80;0;2;7;1;3
202200023054;772 975;7;0;2;8;9;1
202200023055;772 971;1;0;0;0;26;5
202200023056;772 972;7;0;0;4;1;1
202200023056;772 974;7;0;2;1;1;1
202200023057;772 969;7;0;2;2;15;1
202200023057;772 970;7;0;2;1;0;1
202200023058;772 968;7;0;1;2;9;1
202200023059;772 966;1;0;2;8;1;5
202200023059;772 967;7;0;2;1;26;1
202200023060;772 965;7;4;0;1;15;1
202200023061;772 963;1;0;2;1;1;5
202200023061;772 964;10;0;2;1;16;1
202200023062;772 962;7;8;0;1;1;1
202200023063;772 960;7;0;1;1;16;1
202200023064;772 957;10;0;2;1;1;1
202200023064;772 958;33;0;2;4;1;1
202200023064;772 959;7;0;2;4;1;1
202200023065;772 955;7;0;2;2;0;2
202200023065;772 956;7;0;2;2;0;1
202200023066;772 953;7;0;2;4;1;3
202200023066;772 954;7;0;2;1;1;1
202200023067;772 951;7;0;2;3;13;1
202200023067;772 952;7;0;2;3;1;1
202200023068;772 949;99;0;2;4;2;1
202200023068;772 950;99;0;2;1;2;1
202200023069;772 948;31;0;1;1;1;1
202200023070;772 945;7;0;2;3;1;1
202200023070;772 946;7;0;2;3;1;1
202200023070;772 947;7;0;2;3;13;1
202200023071;772 943;33;0;2;7;9;1
202200023071;772 944;7;0;2;3;9;1
202200023072;772 942;32;0;2;8;1;1
202200023073;772 940;30;0;2;8;1;1
202200023073;772 941;7;0;2;7;12;1
202200023074;772 938;1;0;2;4;13;5
202200023074;772 939;7;0;2;2;17;1
202200023075;772 936;30;0;2;6;15;1
202200023075;772 937;30;0;2;3;1;1
202200023076;772 935;7;0;1;1;15;1
202200023077;772 933;33;0;2;4;23;1
202200023077;772 934;10;0;2;1;2;1
202200023078;772 931;7;0;2;7;1;1
202200023078;772 932;43;0;2;1;1;1
202200023079;772 929;33;0;2;5;15;1
202200023079;772 930;80;0;2;1;1;3
202200023080;772 928;7;0;1;2;14;1
202200023081;772 926;7;0;2;3;15;2
202200023081;772 927;43;0;2;1;1;1
202200023082;772 925;7;0;1;1;15;1
202200023083;772 921;7;0;2;5;23;1
202200023083;772 922;32;0;2;4;23;3
202200023083;772 923;7;0;2;7;23;2
202200023083;772 924;33;0;2;1;2;1
202200023084;772 920;1;0;1;1;7;5
202200023085;772 918;7;0;2;3;1;2
202200023085;772 919;50;0;2;7;5;3
202200023086;772 917;1;0;1;1;1;5
202200023087;772 915;1;0;2;1;1;5
202200023087;772 916;1;0;2;1;13;5
202200023088;772 913;7;0;2;2;1;1
202200023088;772 914;7;0;2;3;9;1
202200023089;772 911;50;0;2;1;2;3
202200023089;772 912;7;0;2;1;16;1
202200023090;772 910;50;0;1;1;1;3
202200023091;772 909;33;0;1;2;26;1
202200023092;772 907;7;0;2;3;15;1
202200023092;772 908;50;0;2;7;1;3
202200023093;772 905;7;0;2;7;16;1
202200023093;772 906;2;0;2;8;1;3
202200023094;772 902;7;0;2;4;23;1
202200023094;772 903;3;0;2;4;1;1
202200023094;772 904;7;0;2;1;1;2
202200023095;772 901;7;0;1;2;21;1
202200023096;772 900;7;0;1;1;2;1
202200023097;772 898;34;0;2;1;17;1
202200023097;772 899;7;0;2;8;15;1
202200023098;772 897;7;0;1;3;1;1
202200023099;772 896;42;0;1;1;1;1
202200023100;772 894;32;0;2;1;1;1
202200023100;772 895;7;0;2;3;15;1
202200023101;772 893;7;0;1;1;15;2
202200023102;772 890;7;0;1;1;1;1
202200023103;772 888;7;0;2;8;1;1
202200023104;772 886;37;0;2;3;1;1
202200023104;772 887;7;0;2;3;13;1
202200023105;772 885;7;0;1;1;1;1
202200023106;772 884;7;0;0;9;1;1
202200023107;772 883;2;8;0;0;1;1
202200023108;772 881;10;0;2;3;1;1
202200023108;772 882;7;0;2;2;19;1
202200023109;772 880;7;13;0;1;2;1
202200023110;772 877;7;0;2;1;2;1
202200023110;772 878;7;0;2;4;23;1
202200023110;772 879;7;0;2;4;2;1
202200023111;772 876;7;2;0;1;0;1
202200023112;772 874;7;0;2;3;15;1
202200023112;772 875;7;0;2;1;17;1
202200023113;772 872;7;0;2;2;1;1
202200023113;772 873;7;0;2;3;15;1
202200023114;772 870;7;0;2;3;1;1
202200023114;772 871;7;0;2;3;16;1
202200023115;772 867;7;0;1;2;1;1
202200023116;772 866;7;1;0;1;15;1
202200023117;772 865;7;0;1;7;1;3
202200023118;772 863;7;0;2;5;1;1
202200023118;772 864;1;0;2;1;1;5
202200023119;772 862;7;0;1;2;0;0
202200023120;772 860;36;0;2;3;23;1
202200023120;772 861;10;0;2;3;1;1
202200023121;772 857;1;12;0;0;26;5
202200023122;772 856;7;0;1;2;2;1
202200023123;772 855;7;16;0;2;0;1
202200023124;772 853;17;0;2;1;1;1
202200023124;772 854;7;0;2;1;13;1
202200023125;772 852;33;9;0;1;1;1
202200023126;772 848;7;0;2;2;1;1
202200023126;772 849;7;0;2;8;9;1
202200023127;772 846;1;0;2;4;2;5
202200023127;772 847;7;0;9;0;2;0
202200023128;772 844;17;0;0;4;2;1
202200023128;772 845;7;0;0;1;2;1
202200023129;772 843;7;0;1;1;0;1
202200023130;772 842;7;1;0;1;2;3
202200023131;772 839;15;0;2;7;1;1
202200023131;772 840;7;3;2;4;1;1
202200023131;772 841;7;0;2;1;17;1
202200023132;772 837;17;0;2;1;6;1
202200023132;772 838;17;0;2;6;1;1
202200023133;772 836;15;4;0;8;1;1
202200023134;772 834;7;1;2;7;15;1
202200023134;772 835;7;0;2;1;1;1
202200023135;772 833;7;0;1;3;1;1
202200023136;772 831;31;0;0;3;1;1
202200023136;772 832;7;0;0;3;1;1
202200023137;772 830;7;0;1;1;1;1
202200023138;772 827;7;0;2;1;15;1
202200023138;772 828;7;0;2;1;1;1
202200023138;772 829;7;0;2;1;23;1
202200023139;772 826;7;8;0;1;14;1
202200023140;772 824;7;0;1;1;15;1
202200023141;772 823;1;0;2;2;1;5
202200023141;772 825;7;0;9;3;1;0
202200023142;772 821;7;0;2;3;13;1
202200023142;772 822;7;0;2;8;1;1
202200023143;772 818;7;0;1;5;15;1
202200023144;772 819;7;0;2;1;17;1
202200023144;772 820;7;0;2;1;0;1
202200023145;772 816;7;0;2;1;1;1
202200023145;772 817;1;0;2;1;0;5
202200023146;772 812;7;4;2;3;13;1
202200023146;772 814;7;0;2;5;1;1
202200023147;772 811;7;0;2;1;1;1
202200023147;772 813;7;0;2;4;1;1
202200023147;772 815;7;0;2;1;1;1
202200023148;772 810;50;0;0;1;0;3
202200023149;772 809;15;8;0;3;13;1
202200023150;772 807;7;0;1;3;17;1
202200023151;772 806;7;0;2;1;19;1
202200023151;772 808;1;0;2;3;19;5
202200023152;772 804;7;1;2;1;13;1
202200023152;772 805;7;1;2;1;1;1
202200023153;772 803;7;0;1;1;1;1
202200023154;772 800;7;12;0;0;13;1
202200023155;772 795;7;0;2;4;20;1
202200023155;772 797;1;0;2;1;2;5
202200023156;772 791;7;0;2;3;1;1
202200023156;772 793;7;0;2;3;5;1
202200023157;772 789;30;0;2;0;18;0
202200023157;772 790;43;0;2;7;21;1
202200023157;772 792;10;0;2;7;21;1
202200023158;772 788;7;0;1;7;25;1
202200023159;772 787;7;1;0;1;16;1
202200023160;772 784;7;12;0;3;1;1
202200023161;772 782;7;0;2;4;1;1
202200023161;772 783;7;0;2;0;0;0
202200023162;772 780;7;0;1;0;1;1
202200023163;772 775;10;0;2;1;2;1
202200023163;772 777;7;0;2;4;2;1
202200023163;772 778;10;0;2;4;2;1
202200023163;772 779;7;0;2;4;2;1
202200023163;772 781;7;0;2;4;23;1
202200023164;772 774;7;0;2;1;1;1
202200023164;772 776;50;0;2;7;5;3
202200023165;772 773;7;5;0;8;9;1
202200023166;772 772;7;2;0;1;13;1
202200023167;772 770;10;0;2;1;2;1
202200023167;772 771;7;0;2;4;2;1
202200023168;772 769;1;1;0;0;14;5
202200023169;772 767;14;0;2;1;1;1
202200023169;772 768;7;0;2;4;11;1
202200023170;772 766;32;0;1;0;1;1
202200023171;772 764;7;0;2;3;12;1
202200023171;772 765;42;0;2;0;0;1
202200023172;772 762;7;12;0;9;1;1
202200023173;772 761;7;0;0;0;26;1
202200023173;772 763;10;0;0;0;0;1
202200023174;772 760;7;3;0;0;26;1
202200023175;772 758;17;1;0;6;11;1
202200023176;772 757;7;0;2;1;2;2
202200023176;772 759;7;0;2;7;26;1
202200023177;772 754;7;0;2;0;0;0
202200023177;772 755;7;0;2;7;1;1
202200023177;772 756;10;0;2;6;1;1
202200023178;772 750;7;0;0;4;1;1
202200023178;772 752;7;0;2;2;1;1
202200023178;772 753;7;0;2;1;1;1
202200023179;772 749;7;0;2;4;1;1
202200023179;772 751;10;0;2;1;1;1
202200023180;772 748;7;1;0;3;1;1
202200023181;772 747;7;0;1;3;13;1
202200023182;772 743;1;;2;1;19;5
202200023182;772 745;7;0;2;3;15;1
202200023183;772 739;10;0;2;4;23;1
202200023183;772 741;7;0;2;4;23;1
202200023183;772 742;7;0;2;1;2;1
202200023184;772 738;30;0;2;1;17;1
202200023184;772 740;7;0;2;3;19;1
202200023185;772 735;7;0;2;1;2;1
202200023185;772 737;7;0;2;4;2;1
202200023186;772 734;7;6;0;1;1;1
202200023186;772 736;7;6;0;3;2;1
202200023187;772 731;33;0;2;1;2;1
202200023187;772 732;7;0;2;3;15;1
202200023188;772 730;7;0;2;2;1;1
202200023188;772 733;7;0;2;3;1;3
202200023189;772 727;10;16;2;2;20;1
202200023189;772 728;33;16;0;2;14;1
202200023190;772 729;37;0;1;1;1;1
202200023191;772 726;7;0;1;0;1;1
202200023192;772 725;7;0;1;1;1;1
202200023193;772 722;10;13;2;2;0;1
202200023193;772 724;7;13;2;2;5;1
202200023194;772 721;32;0;2;1;17;1
202200023194;772 723;7;0;2;3;15;1
202200023195;772 718;1;0;4;3;19;5
202200023195;772 719;40;0;2;1;0;3
202200023196;772 716;33;0;2;3;17;1
202200023196;772 717;7;0;2;3;1;1
202200023196;772 720;33;0;2;3;1;1
202200023197;772 713;7;3;2;5;1;1
202200023197;772 715;7;0;2;3;13;1
202200023198;772 714;3;0;1;1;16;1
202200023199;772 712;7;16;0;0;0;1
202200023200;772 710;0;0;2;0;19;5
202200023200;772 711;7;0;1;7;1;1
202200023201;772 708;7;0;2;2;14;1
202200023201;772 709;7;0;2;8;1;1
202200023202;772 706;7;0;2;2;16;1
202200023202;772 707;99;0;2;1;19;3
202200023203;772 704;7;0;2;2;14;1
202200023203;772 705;33;0;2;8;1;1
202200023204;772 703;36;15;0;1;0;1
202200023205;772 700;7;0;2;4;2;1
202200023205;772 701;7;0;2;4;2;1
202200023205;772 702;7;0;2;1;2;1
202200023206;772 699;2;16;0;1;26;1
202200023207;772 697;7;4;0;1;13;1
202200023208;772 695;7;0;2;3;15;1
202200023208;772 696;7;0;2;3;2;1
202200023208;772 698;7;0;2;1;2;1
202200023209;772 693;7;0;2;4;26;1
202200023209;772 694;1;0;2;1;1;5
202200023210;772 690;1;0;2;0;0;5
202200023210;772 692;10;0;2;0;0;1
202200023211;772 688;7;0;2;0;0;1
202200023211;772 689;7;0;2;0;2;1
202200023211;772 691;7;0;2;1;0;1
202200023212;772 687;7;12;0;1;1;1
202200023213;772 685;31;0;2;3;1;1
202200023213;772 686;14;0;2;3;1;1
202200023214;772 682;33;0;2;8;1;1
202200023214;772 684;7;0;2;2;9;1
202200023215;772 681;7;0;9;1;9;1
202200023215;772 683;1;0;2;7;1;5
202200023216;772 677;7;0;2;3;13;2
202200023216;772 679;7;0;2;8;1;1
202200023217;772 676;7;0;2;4;2;1
202200023217;772 678;7;0;2;4;2;0
202200023217;772 680;7;0;2;1;2;0
202200023218;772 675;7;13;0;1;1;1
202200023219;772 674;7;0;1;1;1;1
202200023220;772 672;15;0;2;2;1;1
202200023220;772 673;7;0;2;3;16;1
202200023221;772 670;7;0;2;3;15;1
202200023221;772 671;33;0;2;1;17;1
202200023222;772 668;33;0;2;1;1;1
202200023222;772 669;7;0;2;2;17;1
202200023223;772 666;10;1;0;1;2;1
202200023223;772 667;7;8;0;4;23;1
202200023224;772 664;7;0;2;1;1;1
202200023224;772 665;1;0;2;1;19;5
202200023225;772 663;7;16;0;9;1;1
202200023226;772 662;7;0;1;1;0;1
202200023227;772 659;31;9;0;3;1;1
202200023228;772 658;7;0;2;6;2;1
202200023228;772 660;33;0;2;1;1;1
202200023228;772 661;7;0;2;7;15;1
202200023229;772 657;2;13;0;1;21;1
202200023230;772 654;7;8;0;0;1;1
202200023231;772 655;7;0;2;1;2;1
202200023231;772 656;7;0;2;4;10;1
202200023232;772 653;7;2;0;2;1;1
202200023233;772 651;7;8;0;1;1;1
202200023234;772 650;50;0;2;2;19;3
202200023234;772 652;7;0;2;1;0;1
202200023235;772 649;7;13;0;1;1;1
202200023236;772 646;7;0;2;2;15;2
202200023236;772 648;33;0;2;1;1;1
202200023237;772 645;50;0;2;0;0;3
202200023237;772 647;7;0;2;1;0;1
202200023238;772 643;7;0;2;1;1;1
202200023238;772 644;7;7;2;7;19;1
202200023239;772 642;7;0;1;2;1;1
202200023240;772 639;7;0;9;7;16;1
202200023240;772 641;1;0;2;8;1;5
202200023241;772 640;7;0;1;2;1;1
202200023242;772 638;32;0;0;1;1;1
202200023243;772 637;1;0;1;1;1;6
202200023244;772 636;7;0;0;3;1;1
202200023245;772 633;33;0;0;0;21;1
202200023245;772 635;7;0;0;0;9;1
202200023246;772 632;7;0;2;6;15;1
202200023246;772 634;7;0;2;1;1;1
202200023247;772 631;7;0;1;2;1;1
202200023248;772 630;7;13;0;2;1;1
202200023249;772 627;7;0;0;0;2;1
202200023250;772 628;50;0;2;7;25;3
202200023250;772 629;7;0;9;0;9;1
202200023251;772 626;7;6;0;2;1;1
202200023252;772 622;31;0;2;5;1;1
202200023252;772 624;7;0;2;1;1;1
202200023252;772 625;7;0;2;1;1;1
202200023253;772 621;43;8;2;2;2;1
202200023253;772 623;10;0;2;6;2;1
202200023254;772 620;7;13;0;2;2;1
202200023255;772 619;7;5;0;1;19;1
202200023256;772 617;1;0;1;1;25;5
202200023257;772 616;7;0;2;8;19;1
202200023257;772 618;7;0;2;1;1;1
202200023258;772 615;36;13;0;1;16;1
202200023259;772 614;7;0;1;2;9;1
202200023260;772 612;10;0;2;2;19;1
202200023260;772 613;7;0;2;3;24;1
202200023261;772 611;7;0;1;3;15;1
202200023262;772 610;7;0;0;9;13;1
202200023263;772 608;7;13;0;2;21;1
202200023264;772 607;7;0;2;3;16;0
202200023264;772 609;50;0;2;0;19;3
202200023265;772 605;7;0;1;3;0;1
202200023266;772 603;7;0;2;1;1;1
202200023266;772 604;7;0;2;1;1;1
202200023266;772 606;7;0;2;4;15;1
202200023267;772 600;33;0;2;0;13;1
202200023267;772 602;7;0;2;3;1;1
202200023268;772 601;7;0;1;1;1;1
202200023269;772 599;7;16;0;1;1;1
202200023270;772 597;7;0;2;1;2;1
202200023270;772 598;7;0;2;4;2;1
202200023271;772 591;7;16;0;0;1;1
202200023271;772 592;7;0;9;1;1;1
202200023271;772 594;7;0;2;1;1;1
202200023271;772 595;7;0;2;1;1;1
202200023271;772 596;34;0;2;1;17;1
202200023272;772 589;99;0;1;1;0;0
202200023273;772 588;50;0;2;0;0;3
202200023273;772 590;7;0;2;2;15;1
202200023274;772 587;7;2;0;0;1;1
202200023275;772 584;33;0;2;1;1;1
202200023275;772 586;7;0;2;2;15;1
202200023276;772 583;60;0;2;1;15;5
202200023276;772 585;7;0;9;1;9;1
202200023277;772 582;7;13;0;3;1;1
202200023278;772 579;7;9;0;2;1;1
202200023279;772 580;7;0;2;6;15;1
202200023279;772 581;2;0;2;2;18;1
202200023280;772 577;10;0;2;3;13;1
202200023280;772 578;7;0;2;8;1;1
202200023281;772 576;33;3;0;1;26;1
202200023282;772 575;7;0;1;2;0;1
202200023283;772 574;7;0;0;9;1;1
202200023284;772 571;10;0;2;7;15;1
202200023284;772 573;33;0;2;1;1;1
202200023285;772 568;7;0;2;1;2;1
202200023285;772 570;7;0;2;4;2;1
202200023286;772 569;10;0;2;1;1;1
202200023286;772 572;7;0;2;8;1;1
202200023287;772 565;10;0;2;6;1;1
202200023287;772 567;10;0;2;2;17;1
202200023288;772 566;7;0;1;1;23;1
202200023289;772 561;7;0;2;4;2;1
202200023289;772 563;7;0;2;4;2;1
202200023290;772 560;7;0;2;4;2;1
202200023290;772 562;7;0;2;6;2;1
202200023290;772 564;7;0;2;1;2;1
202200023291;772 559;7;13;0;1;13;1
202200023292;772 556;7;0;2;1;2;1
202200023292;772 557;7;0;2;4;2;1
202200023292;772 558;7;0;2;4;2;1
202200023293;772 551;7;0;2;4;1;1
202200023293;772 555;7;0;2;1;2;1
202200023294;772 549;7;0;2;1;2;1
202200023294;772 550;7;0;2;1;2;1
202200023294;772 552;7;0;2;1;2;1
202200023294;772 553;7;0;2;1;2;1
202200023294;772 554;7;0;2;1;2;1
202200023295;772 548;7;13;0;1;1;1
202200023296;772 547;33;0;0;7;2;1
202200023297;772 544;30;0;2;1;17;1
202200023297;772 545;7;0;2;5;15;1
202200023298;772 543;3;0;2;2;0;1
202200023298;772 546;7;0;2;8;0;1
202200023299;772 541;7;4;0;1;9;1
202200023300;772 542;30;16;0;1;21;1
202200023301;772 538;7;0;2;5;1;1
202200023301;772 540;33;0;2;1;3;1
202200023302;772 537;7;0;2;2;1;1
202200023302;772 539;7;0;2;3;2;1
202200023303;772 534;31;0;2;1;3;1
202200023303;772 535;7;0;2;6;2;1
202200023303;772 536;7;0;2;2;2;1
202200023304;772 532;34;0;1;1;1;1
202200023305;772 530;10;0;2;1;2;1
202200023305;772 531;7;0;2;4;2;2
202200023305;772 533;7;0;2;4;2;1
202200023306;772 529;7;0;1;0;1;1
202200023307;772 525;7;0;2;1;2;1
202200023307;772 527;7;0;2;4;2;1
202200023307;772 528;7;0;2;4;2;1
202200023308;772 524;7;0;2;3;0;1
202200023308;772 526;7;0;2;1;26;1
202200023309;772 521;7;0;2;4;12;1
202200023309;772 523;7;0;2;1;2;1
202200023310;772 520;7;0;2;1;23;1
202200023310;772 522;7;6;0;1;5;1
202200023311;772 518;7;0;2;3;11;1
202200023311;772 519;10;0;2;5;1;1
202200023312;772 515;7;0;1;3;16;1
202200023313;772 516;7;0;2;2;19;1
202200023313;772 517;33;0;2;7;1;1
202200023314;772 514;7;0;1;1;1;1
202200023315;772 511;7;0;2;1;2;1
202200023315;772 512;7;0;2;4;2;1
202200023316;772 509;7;0;2;8;4;1
202200023316;772 510;7;0;2;1;1;1
202200023317;772 507;7;0;2;1;5;1
202200023317;772 508;7;0;2;1;1;1
202200023318;772 504;7;0;2;7;1;1
202200023318;772 506;7;0;2;1;9;1
202200023319;772 503;2;0;2;1;9;1
202200023319;772 505;7;0;2;7;26;1
202200023320;772 502;30;0;1;1;1;1
202200023321;772 501;7;3;0;2;21;1
202200023322;772 499;7;0;1;2;13;1
202200023323;772 500;7;0;1;1;1;1
202200023324;772 497;7;0;2;2;14;1
202200023324;772 498;1;0;2;1;2;5
202200023325;772 495;7;0;2;2;5;1
202200023325;772 496;7;0;2;3;1;1
202200023326;772 494;7;0;1;3;1;1
202200023327;772 493;7;13;0;1;1;1
202200023328;772 491;7;0;2;3;10;1
202200023328;772 492;2;0;2;1;1;1
202200023329;772 490;32;0;0;3;1;1
202200023330;772 489;7;0;1;4;26;1
202200023331;772 487;7;0;2;3;9;1
202200023331;772 488;31;0;2;1;8;1
202200023332;772 486;2;3;0;2;14;1
202200023333;772 484;7;0;2;3;15;1
202200023333;772 485;33;0;2;1;21;1
202200023334;772 482;7;0;2;2;16;1
202200023334;772 483;7;0;2;3;1;1
202200023335;772 479;7;0;2;2;1;1
202200023335;772 480;7;0;2;6;1;1
202200023335;772 481;10;0;2;6;1;1
202200023336;772 477;7;0;2;8;15;1
202200023336;772 478;34;0;2;1;17;1
202200023337;772 476;50;1;0;1;5;3
202200023338;772 473;34;0;2;1;1;1
202200023339;772 472;7;0;1;3;15;1
202200023340;772 471;7;5;0;2;14;1
202200023341;772 470;33;12;0;0;0;1
202200023342;772 469;1;12;0;1;9;5
202200023343;772 467;7;0;2;5;15;1
202200023343;772 468;50;0;2;1;1;3
202200023344;772 466;7;0;1;1;1;1
202200023345;772 465;43;0;1;0;0;1
202200023346;772 463;7;0;2;4;1;1
202200023346;772 464;7;0;2;1;1;1
202200023347;772 461;33;0;2;8;17;1
202200023347;772 462;10;0;2;2;13;1
202200023348;772 460;7;0;1;1;20;1
202200023349;772 458;7;1;2;4;1;1
202200023349;772 459;7;0;2;1;1;1
202200023350;772 456;50;0;2;1;1;3
202200023350;772 457;7;0;2;3;1;1
202200023351;772 455;7;3;0;2;14;1
202200023352;772 453;7;0;2;3;15;1
202200023352;772 454;1;0;2;1;2;5
202200023353;772 451;7;0;2;3;2;2
202200023353;772 452;7;0;2;1;13;1
202200023354;772 450;7;8;0;6;13;1
202200023355;772 449;7;2;0;2;1;1
202200023356;772 447;1;0;2;8;1;5
202200023356;772 448;7;0;2;1;1;1
202200023357;772 445;1;0;2;1;1;5
202200023357;772 446;7;0;2;7;16;1
202200023358;772 443;33;0;2;8;3;1
202200023358;772 444;7;0;2;5;12;1
202200023359;772 440;7;0;2;4;1;1
202200023359;772 441;7;0;2;9;1;1
202200023359;772 442;17;0;2;1;1;1
202200023360;772 439;7;7;0;1;1;1
202200023361;772 437;7;0;9;1;1;1
202200023361;772 438;1;0;2;6;15;5
202200023362;772 433;7;0;2;4;1;1
202200023362;772 434;7;0;2;7;2;1
202200023362;772 435;7;0;2;9;1;1
202200023362;772 436;7;0;2;1;1;1
202200023363;772 432;7;1;1;5;20;1
202200023364;772 430;10;0;2;3;15;1
202200023364;772 431;1;0;2;3;1;5
202200023365;772 428;33;0;2;1;1;1
202200023365;772 429;7;0;2;6;12;1
202200023366;772 426;7;0;2;1;2;1
202200023366;772 427;7;0;2;4;2;1
202200023367;772 425;7;1;0;9;1;1
202200023368;772 423;14;0;2;4;1;1
202200023368;772 424;7;0;2;1;1;1
202200023369;772 421;7;0;2;6;15;1
202200023369;772 422;33;0;2;1;1;1
202200023370;772 420;7;9;0;2;14;1
202200023371;772 419;7;0;2;6;16;1
202200023372;772 417;10;0;2;1;1;0
202200023372;772 418;7;0;2;1;15;1
202200023373;772 416;10;0;1;2;1;1
202200023374;772 414;7;0;2;1;26;1
202200023374;772 415;7;0;2;4;26;1
202200023375;772 412;33;0;2;2;1;1
202200023375;772 413;7;0;2;2;16;1
202200023376;772 409;7;1;0;3;0;1
202200023376;772 410;7;0;2;6;0;1
202200023376;772 411;7;0;2;1;13;1
202200023377;772 408;10;0;0;1;26;1
202200023378;772 407;7;1;1;1;1;1
202200023379;772 406;7;0;1;1;15;1
202200023380;772 405;0;0;1;0;0;0
202200023381;772 403;10;0;2;4;4;1
202200023381;772 404;7;0;2;1;14;1
202200023382;772 401;7;9;2;1;1;1
202200023382;772 402;7;0;2;5;15;1
202200023383;772 399;7;0;2;3;18;0
202200023383;772 400;32;0;2;5;1;1
202200023384;772 397;43;0;2;1;3;1
202200023384;772 398;7;0;2;7;12;1
202200023385;772 394;43;0;2;1;3;1
202200023385;772 395;7;0;2;5;1;1
202200023385;772 396;32;0;2;1;3;1
202200023386;772 392;7;0;2;4;1;1
202200023386;772 393;43;0;2;1;1;1
202200023387;772 388;14;0;2;3;1;1
202200023387;772 389;7;0;2;2;1;1
202200023387;772 390;14;0;2;7;1;1
202200023387;772 391;7;0;2;6;9;1
202200023388;772 385;7;0;2;2;14;1
202200023388;772 386;7;0;2;4;1;1
202200023388;772 387;33;0;2;3;3;1
202200023389;772 384;7;0;1;0;1;2
202200023390;772 382;32;0;2;3;23;1
202200023390;772 383;10;0;2;3;15;1
202200023391;772 380;1;0;2;7;1;5
202200023391;772 381;10;0;2;8;22;1
202200023392;772 378;7;0;2;1;1;1
202200023392;772 379;43;0;2;4;13;1
202200023393;772 376;10;0;2;2;15;1
202200023393;772 377;7;0;2;1;1;1
202200023394;772 374;7;0;2;1;1;1
202200023394;772 375;32;0;2;7;1;1
202200023395;772 372;7;0;2;1;1;1
202200023395;772 373;34;0;2;7;1;1
202200023396;772 370;7;0;2;2;1;4
202200023396;772 371;1;0;2;1;1;5
202200023397;772 368;7;0;2;2;1;1
202200023397;772 369;7;0;2;1;1;1
202200023398;772 367;60;12;0;1;14;5
202200023399;772 365;7;0;2;4;16;1
202200023399;772 366;33;0;2;1;2;1
202200023400;772 363;1;0;2;1;1;5
202200023400;772 364;7;0;2;4;22;1
202200023401;772 361;50;0;2;7;5;3
202200023401;772 362;7;0;2;3;1;2
202200023402;772 359;7;0;2;3;13;1
202200023402;772 360;30;0;2;2;17;1
202200023403;772 357;80;0;2;1;1;3
202200023403;772 358;7;0;2;2;1;1
202200023404;772 356;7;0;1;0;0;0
202200023405;772 352;10;0;2;1;1;1
202200023405;772 354;7;0;2;1;1;1
202200023406;772 351;7;0;2;2;15;1
202200023406;772 353;7;0;2;1;1;1
202200023407;772 348;7;0;2;1;16;2
202200023407;772 350;50;0;2;8;19;3
202200023408;772 347;7;0;2;1;9;1