Num_Acc;id_vehicule;categorie_vehicule;obstacle_fixe;obstacle_mobile;point_choc_initial;manoeuvre_principale;motorisation
202200023408;772 349;7;0;0;3;1;1
202200023409;772 346;7;0;1;1;1;1
202200023410;772 344;32;0;2;1;1;1
202200023410;772 345;13;0;0;5;15;1
202200023411;772 342;50;0;2;3;5;3
202200023411;772 343;7;0;2;3;1;1
202200023412;772 339;34;0;2;7;17;1
202200023412;772 341;7;0;2;3;2;1
202200023413;772 338;7;0;2;6;15;1
202200023413;772 340;34;0;2;1;2;1
202200023414;772 334;7;0;2;7;2;1
202200023414;772 337;7;0;2;4;19;1
202200023415;772 333;7;0;2;1;16;1
202200023415;772 335;7;0;2;1;17;1
202200023415;772 336;38;0;2;3;1;1
202200023416;772 331;33;0;0;8;2;1
202200023416;772 332;7;0;2;7;14;1
202200023417;772 330;1;0;0;0;19;5
202200023418;772 328;33;0;2;3;15;1
202200023418;772 329;7;0;2;2;17;1
202200023419;772 326;1;0;2;1;1;5
202200023419;772 327;7;0;9;3;15;1
202200023420;772 325;33;0;1;1;26;1
202200023421;772 324;17;6;0;1;1;1
202200023422;772 322;7;0;2;2;1;1
202200023422;772 323;1;0;2;7;19;5
202200023423;772 320;7;0;2;1;1;1
202200023423;772 321;7;0;0;4;15;1
202200023424;772 319;33;9;0;1;1;1
202200023425;772 318;33;13;0;2;2;1
202200023426;772 317;7;1;0;2;5;1
202200023427;772 316;34;0;0;8;0;1
202200023428;772 312;7;0;2;1;2;1
202200023428;772 313;7;0;2;4;2;1
202200023429;772 314;31;14;2;8;21;1
202200023429;772 315;7;0;2;3;23;1
202200023430;772 310;7;0;2;3;21;1
202200023430;772 311;33;0;2;1;21;0
202200023431;772 308;1;0;2;3;2;0
202200023431;772 309;32;0;2;1;7;1
202200023432;772 306;30;0;2;2;22;1
202200023432;772 307;7;0;2;2;2;0
202200023433;772 304;7;14;2;1;13;1
202200023433;772 305;7;0;2;1;1;1
202200023434;772 303;7;0;1;2;15;1
202200023435;772 300;7;0;2;8;1;1
202200023435;772 301;7;0;2;1;1;1
202200023435;772 302;7;0;2;1;13;1
202200023436;772 299;7;15;0;2;14;1
202200023437;772 297;7;0;2;2;15;1
202200023437;772 298;7;0;2;1;1;1
202200023438;772 296;7;1;1;3;26;0
202200023439;772 295;34;14;0;1;2;1
202200023440;772 291;30;0;2;4;2;1
202200023440;772 292;10;0;2;4;23;1
202200023441;772 290;7;0;1;1;0;1
202200023442;772 289;7;0;1;8;1;1
202200023443;772 288;7;1;0;2;14;1
202200023444;772 286;7;0;2;4;1;2
202200023444;772 287;7;0;2;1;1;1
202200023445;772 284;7;0;9;7;15;0
202200023445;772 285;33;0;2;1;1;0
202200023446;772 283;1;0;2;8;9;5
202200023447;772 281;7;0;2;4;2;1
202200023447;772 282;7;0;2;1;2;1
202200023448;772 279;7;0;2;1;1;1
202200023448;772 280;7;0;2;8;19;1
202200023449;772 278;7;0;1;3;1;1
202200023450;772 276;7;0;2;1;1;1
202200023450;772 277;10;0;2;6;1;1
202200023451;772 274;1;12;0;8;13;5
202200023451;772 275;37;0;9;5;1;1
202200023452;772 272;7;0;2;1;9;1
202200023452;772 273;1;0;2;5;1;5
202200023453;772 268;7;0;2;1;1;0
202200023453;772 269;7;0;2;4;2;1
202200023453;772 270;7;0;2;4;2;1
202200023453;772 271;7;0;2;4;23;1
202200023454;772 265;31;0;2;1;2;1
202200023454;772 266;7;0;2;4;2;2
202200023454;772 267;7;0;2;0;1;1
202200023455;772 263;32;0;2;8;26;0
202200023455;772 264;3;0;2;0;0;0
202200023456;772 262;37;0;1;2;1;3
202200023457;772 260;50;0;2;1;9;3
202200023457;772 261;10;0;9;2;1;1
202200023458;772 258;1;0;0;6;1;5
202200023458;772 259;7;0;2;3;15;1
202200023459;772 256;33;0;2;1;1;1
202200023459;772 257;7;0;2;2;19;1
202200023460;772 254;7;0;2;2;15;1
202200023460;772 255;7;0;2;3;1;1
202200023461;772 253;35;0;0;0;1;1
202200023462;772 251;30;0;2;1;1;1
202200023462;772 252;7;0;2;3;1;2
202200023463;772 249;34;0;2;6;1;1
202200023463;772 250;30;1;2;1;13;1
202200023464;772 247;1;0;2;6;11;5
202200023464;772 248;7;0;2;3;1;1
202200023465;772 246;50;0;1;1;1;3
202200023466;772 244;10;0;2;2;1;3
202200023466;772 245;1;0;2;1;1;5
202200023467;772 242;1;0;2;1;1;5
202200023467;772 243;7;0;2;2;10;1
202200023468;772 240;7;0;2;2;9;1
202200023468;772 241;33;0;2;1;1;1
202200023469;772 239;33;12;0;7;14;1
202200023470;772 236;7;0;1;1;17;1
202200023471;772 235;7;0;2;8;6;1
202200023471;772 237;7;0;2;1;13;1
202200023471;772 238;7;0;2;1;2;1
202200023472;772 234;7;0;1;4;4;1
202200023473;772 232;30;0;2;1;5;3
202200023473;772 233;7;0;2;8;1;1
202200023474;772 230;2;0;2;3;15;3
202200023474;772 231;34;0;2;2;0;1
202200023475;772 228;50;0;2;1;26;3
202200023475;772 229;7;0;2;3;1;1
202200023476;772 226;37;0;2;5;16;1
202200023476;772 227;50;0;2;1;1;3
202200023477;772 224;2;0;2;1;1;1
202200023477;772 225;7;0;2;4;4;1
202200023478;772 222;7;0;2;2;15;1
202200023478;772 223;32;0;2;1;21;1
202200023479;772 220;7;0;2;8;15;1
202200023479;772 221;33;0;2;1;5;1
202200023480;772 218;33;0;2;1;0;1
202200023480;772 219;10;0;2;6;21;1
202200023481;772 215;7;0;2;2;26;0
202200023481;772 217;32;0;2;1;1;0
202200023482;772 213;7;0;2;3;1;1
202200023482;772 214;7;0;2;7;1;1
202200023482;772 216;7;0;2;2;1;1
202200023483;772 211;32;0;1;1;25;1
202200023484;772 210;7;0;2;1;1;0
202200023484;772 212;7;0;2;1;1;1
202200023485;772 209;7;0;1;3;1;1
202200023486;772 207;31;0;2;1;2;1
202200023486;772 208;7;0;2;3;9;1
202200023487;772 205;7;0;2;1;1;1
202200023487;772 206;7;0;2;2;15;1
202200023488;772 203;7;0;2;1;1;1
202200023488;772 204;7;0;1;1;23;1
202200023489;772 202;50;0;0;0;0;3
202200023490;772 201;7;0;1;2;1;1
202200023491;772 199;7;8;2;1;1;1
202200023491;772 200;7;8;2;5;15;2
202200023492;772 195;7;0;2;7;1;0
202200023492;772 197;2;0;2;1;1;0
202200023493;772 194;7;13;0;1;1;1
202200023494;772 192;30;0;2;1;1;1
202200023494;772 193;99;0;2;3;26;1
202200023495;772 190;10;0;2;3;15;1
202200023495;772 191;34;0;2;2;2;1
202200023496;772 188;1;0;2;1;1;5
202200023496;772 189;10;0;2;7;16;1
202200023497;772 187;7;0;1;1;1;1
202200023498;772 186;7;1;0;3;1;1
202200023499;772 183;7;0;2;2;2;1
202200023499;772 185;1;0;2;6;2;5
202200023500;772 182;7;0;2;1;1;1
202200023500;772 184;7;0;2;8;9;1
202200023501;772 180;99;1;1;4;20;1
202200023502;772 179;7;0;9;7;2;1
202200023502;772 181;1;0;2;6;2;5
202200023503;772 175;7;0;2;2;1;1
202200023503;772 178;7;0;2;3;19;1
202200023504;772 176;7;0;2;2;2;1
202200023504;772 177;80;0;2;8;15;3
202200023505;772 171;32;0;2;2;1;1
202200023505;772 173;7;0;2;3;9;1
202200023506;772 170;31;0;0;0;21;1
202200023507;772 168;7;0;2;2;15;1
202200023507;772 169;7;0;2;3;1;1
202200023508;772 166;33;0;0;1;17;1
202200023508;772 167;30;0;0;8;15;1
202200023509;772 162;7;0;2;1;1;1
202200023509;772 164;7;0;2;7;13;1
202200023510;772 163;7;0;2;1;1;1
202200023510;772 165;33;0;2;1;1;1
202200023511;772 159;7;0;2;7;5;1
202200023511;772 161;14;0;2;1;1;1
202200023512;772 158;10;0;2;3;13;1
202200023512;772 160;14;0;2;3;1;1
202200023513;772 157;7;2;0;3;19;1
202200023514;772 156;7;13;0;3;13;1
202200023515;772 153;15;0;2;3;1;1
202200023515;772 154;7;13;2;3;13;1
202200023516;772 152;7;0;2;3;16;1
202200023516;772 155;7;0;2;7;1;1
202200023517;772 151;7;13;0;1;1;1
202200023518;772 150;7;0;1;3;17;1
202200023519;772 149;31;0;0;0;0;1
202200023520;772 147;7;0;2;3;1;1
202200023520;772 148;33;0;2;1;13;1
202200023521;772 145;7;0;2;2;5;1
202200023521;772 146;7;0;2;2;11;1
202200023522;772 143;33;0;2;0;13;1
202200023522;772 144;10;0;2;3;1;1
202200023523;772 142;33;9;0;1;1;1
202200023524;772 140;7;13;0;8;13;1
202200023525;772 136;7;3;0;1;21;1
202200023525;772 138;17;0;2;8;23;1
202200023525;772 139;10;3;2;2;21;1
202200023525;772 141;10;0;9;1;9;1
202200023526;772 134;7;0;2;1;1;1
202200023526;772 135;7;0;2;1;1;1
202200023526;772 137;7;0;2;2;15;1
202200023527;772 133;15;0;1;1;1;1
202200023528;772 131;7;0;2;3;1;1
202200023528;772 132;31;0;2;8;13;1
202200023529;772 130;33;14;0;1;1;1
202200023530;772 128;10;3;2;1;0;1
202200023530;772 129;7;13;2;1;1;1
202200023531;772 127;36;1;0;0;0;1
202200023532;772 126;33;2;0;1;1;1
202200023533;772 125;7;0;1;7;21;1
202200023534;772 123;14;13;0;0;1;1
202200023535;772 122;15;0;0;4;23;1
202200023535;772 124;7;1;0;1;12;1
202200023536;772 120;10;0;2;1;1;1
202200023536;772 121;7;0;2;1;13;1
202200023537;772 118;10;6;0;2;1;1
202200023538;772 117;7;0;0;0;1;1
202200023538;772 119;7;0;9;1;1;1
202200023539;772 116;7;3;0;2;1;1
202200023540;772 114;7;8;0;1;1;1
202200023541;772 113;7;16;0;2;2;1
202200023541;772 115;36;0;0;8;15;1
202200023542;772 112;7;6;0;0;1;1
202200023543;772 111;33;13;0;1;1;1
202200023544;772 109;7;0;2;2;1;1
202200023544;772 110;7;0;2;1;5;1
202200023545;772 107;2;13;0;5;0;1
202200023546;772 106;7;13;2;1;21;1
202200023546;772 108;7;13;2;3;19;1
202200023547;772 103;7;0;2;1;1;1
202200023547;772 105;7;0;2;1;3;1
202200023548;772 102;7;8;2;1;2;1
202200023548;772 104;7;16;0;4;1;1
202200023549;772 101;33;15;0;1;1;1
202200023550;772 099;7;0;2;3;15;1
202200023550;772 100;33;0;2;1;1;1
202200023551;772 096;2;0;0;1;1;1
202200023552;772 094;50;0;2;1;1;3
202200023552;772 095;7;0;2;2;16;1
202200023553;772 091;7;3;0;3;17;1
202200023554;772 090;7;0;2;1;1;1
202200023554;772 092;7;0;2;4;23;1
202200023554;772 093;7;0;2;4;23;1
202200023555;772 087;7;0;2;5;12;3
202200023555;772 089;2;0;2;8;1;1
202200023556;772 086;7;0;2;2;1;1
202200023556;772 088;7;0;2;3;19;1
202200023557;772 085;17;0;1;1;1;1
202200023558;772 082;7;8;2;3;1;1
202200023558;772 084;7;0;2;1;15;1
202200023559;772 081;7;0;2;1;1;1
202200023559;772 083;10;0;2;1;13;1
202200023560;772 080;7;0;0;1;1;1
202200023561;772 079;43;6;0;1;1;1
202200023562;772 074;2;0;2;1;17;1
202200023562;772 076;7;0;2;3;1;1
202200023562;772 078;7;0;2;6;1;1
202200023563;772 075;7;0;0;0;17;1
202200023563;772 077;33;13;0;1;17;1
202200023564;772 073;31;13;0;1;1;0
202200023565;772 071;7;0;2;3;19;2
202200023565;772 072;7;13;2;1;1;1
202200023566;772 067;7;0;2;2;0;1
202200023566;772 069;7;13;0;6;0;1
202200023567;772 068;7;0;0;8;10;1
202200023567;772 070;2;0;2;1;1;1
202200023568;772 065;7;0;0;9;0;1
202200023569;772 063;7;0;2;3;1;1
202200023569;772 064;15;0;2;6;1;1
202200023569;772 066;7;0;2;1;1;1
202200023570;772 062;36;16;0;0;0;1
202200023571;772 060;7;0;2;1;0;1
202200023571;772 061;13;0;2;6;0;1
202200023572;772 056;7;0;0;4;2;1
202200023572;772 058;10;0;2;1;2;1
202200023572;772 059;33;0;2;1;2;1
202200023573;772 057;7;0;1;1;1;1
202200023574;772 053;33;0;2;1;17;1
202200023574;772 055;7;0;2;8;10;1
202200023575;772 051;7;0;0;3;5;1
202200023575;772 052;7;0;0;3;1;1
202200023575;772 054;7;0;0;0;15;1
202200023576;772 047;7;0;2;6;15;1
202200023576;772 048;33;13;2;7;17;1
202200023577;772 045;7;0;2;2;1;1
202200023577;772 046;31;0;2;1;1;1
202200023578;772 043;10;0;2;3;1;1
202200023578;772 044;1;0;2;6;1;5
202200023579;772 042;13;6;1;3;1;1
202200023580;772 040;2;0;4;5;1;1
202200023580;772 041;39;0;2;1;1;6
202200023581;772 036;7;0;0;6;15;2
202200023581;772 037;33;0;2;1;1;1
202200023582;772 035;10;0;2;1;2;0
202200023582;772 038;7;0;2;6;2;1
202200023583;772 034;33;0;0;0;0;1
202200023584;772 032;7;0;2;1;2;1
202200023584;772 033;7;0;2;4;2;1
202200023585;772 029;33;0;2;7;3;1
202200023585;772 030;7;0;2;0;0;0
202200023586;772 028;33;0;2;1;1;1
202200023586;772 031;7;0;2;1;15;1
202200023587;772 026;14;0;2;1;2;1
202200023587;772 027;7;0;2;4;2;1
202200023588;772 025;2;12;0;2;1;1
202200023589;772 021;7;0;2;5;23;1
202200023589;772 023;2;0;2;1;1;1
202200023590;772 020;7;0;2;3;12;2
202200023590;772 022;7;0;2;2;1;2
202200023590;772 024;15;0;0;4;1;1
202200023591;772 019;7;8;0;2;2;1
202200023592;772 018;7;13;0;9;17;1
202200023593;772 015;7;0;0;4;23;1
202200023593;772 016;10;1;0;1;1;1
202200023594;772 014;43;0;2;1;17;1
202200023594;772 017;10;0;2;2;1;1
202200023595;772 011;7;0;2;4;23;1
202200023595;772 013;7;1;2;1;2;1
202200023596;772 010;10;0;2;1;1;1
202200023596;772 012;7;0;0;4;15;1
202200023597;772 007;10;0;2;5;1;1
202200023597;772 009;33;0;2;1;11;1
202200023598;772 008;7;2;0;1;1;1
202200023599;772 004;14;0;2;2;2;1
202200023599;772 005;7;0;2;8;2;1
202200023600;772 003;7;0;2;8;16;1
202200023600;772 006;7;0;2;2;26;2
202200023601;772 001;7;0;2;6;2;1
202200023601;772 002;7;0;2;2;2;1
202200023602;772 000;7;2;0;3;1;1
202200023603;771 998;7;0;2;6;2;1
202200023603;771 999;7;0;2;2;2;1
202200023604;771 996;7;0;2;2;1;2
202200023604;771 997;7;0;2;3;26;1
202200023605;771 995;15;4;0;3;0;1
202200023606;771 992;2;0;0;4;11;1
202200023606;771 994;2;0;2;1;2;1
202200023607;771 991;7;0;2;3;0;1
202200023607;771 993;7;0;2;5;0;3
202200023608;771 989;33;6;0;1;1;1
202200023609;771 988;7;0;2;1;26;1
202200023609;771 990;33;0;0;2;1;1
202200023610;771 984;7;0;2;1;19;1
202200023610;771 986;7;0;0;7;1;1
202200023611;771 982;7;0;2;1;13;1
202200023611;771 983;7;0;2;1;1;1
202200023612;771 981;2;15;0;0;1;1
202200023613;771 980;10;0;1;3;1;1
202200023614;771 979;7;7;0;7;1;1
202200023615;771 978;7;0;0;0;1;1
202200023616;771 977;7;0;1;1;1;2
202200023617;771 976;10;14;0;1;1;1
202200023618;771 975;33;12;0;1;9;1
202200023619;771 973;7;0;2;6;1;2
202200023619;771 974;7;0;2;2;14;1
202200023620;771 971;7;0;2;4;1;1
202200023620;771 972;10;0;2;1;1;1
202200023621;771 969;7;4;2;2;1;1
202200023621;771 970;7;0;2;4;1;1
202200023622;771 967;32;0;2;8;11;1
202200023622;771 968;10;0;2;5;2;1
202200023623;771 966;32;4;0;8;1;1
202200023624;771 965;33;0;0;7;1;1
202200023625;771 964;7;0;1;2;1;1
202200023626;771 963;7;4;0;1;1;1
202200023627;771 960;10;0;2;3;13;1
202200023627;771 962;7;0;2;8;0;1
202200023628;771 959;7;3;2;3;11;1
202200023628;771 961;7;0;2;5;1;1
202200023629;771 958;7;9;0;1;13;1
202200023630;771 957;7;0;1;1;1;1
202200023631;771 955;7;4;0;3;13;1
202200023632;771 951;7;0;2;1;26;1
202200023632;771 953;7;0;2;1;26;1
202200023632;771 954;7;0;2;1;26;1
202200023632;771 956;7;0;2;1;26;1
202200023633;771 950;7;0;2;6;15;1
202200023633;771 952;31;0;2;1;1;1
202200023634;771 948;50;12;0;1;1;3
202200023635;771 946;7;0;2;1;2;1
202200023635;771 947;7;0;2;4;2;1
202200023635;771 949;7;0;2;4;2;1
202200023636;771 945;7;2;0;9;1;1
202200023637;771 940;7;4;2;1;1;1
202200023637;771 942;7;4;2;1;1;1
202200023637;771 944;7;4;2;4;1;1
202200023638;771 939;7;0;2;4;1;1
202200023638;771 941;10;0;2;1;2;1
202200023638;771 943;7;0;2;1;1;1
202200023639;771 936;34;0;2;6;26;1
202200023639;771 938;7;0;2;6;26;1
202200023640;771 934;7;0;2;4;23;1
202200023640;771 935;7;0;2;9;23;1
202200023640;771 937;7;0;2;1;1;1
202200023641;771 932;7;4;2;4;1;2
202200023641;771 933;7;0;2;1;1;1
202200023642;771 926;7;0;2;4;1;1
202200023642;771 928;7;0;2;4;1;1
202200023642;771 929;10;0;2;1;1;1
202200023643;771 925;7;2;2;2;12;1
202200023643;771 927;10;2;2;6;1;1
202200023644;771 922;33;0;2;2;0;1
202200023644;771 924;7;0;2;8;11;1
202200023645;771 921;7;0;2;1;1;1
202200023645;771 923;7;0;2;3;10;1
202200023646;771 919;7;13;0;3;13;1
202200023647;771 920;7;0;1;3;13;1
202200023648;771 917;7;0;2;4;1;0
202200023648;771 918;7;0;2;1;1;1
202200023649;771 915;7;0;2;1;1;1
202200023649;771 916;1;0;2;4;1;5
202200023650;771 912;1;0;2;0;0;5
202200023650;771 913;7;0;2;1;1;1
202200023651;771 911;7;0;2;1;15;1
202200023651;771 914;7;0;2;3;1;1
202200023652;771 908;7;0;2;2;19;0
202200023652;771 909;7;0;2;3;23;1
202200023652;771 910;7;0;2;3;1;1
202200023653;771 904;10;0;2;2;17;1
202200023653;771 906;1;0;2;3;2;5
202200023654;771 905;7;0;2;1;2;1
202200023654;771 907;7;0;2;3;2;1
202200023655;771 901;7;0;2;5;1;1
202200023655;771 903;30;0;2;1;9;1
202200023656;771 900;7;0;2;1;1;1
202200023656;771 902;7;0;2;7;19;1
202200023657;771 898;2;0;2;8;1;1
202200023657;771 899;7;0;2;1;15;1
202200023658;771 896;7;0;2;4;2;1
202200023658;771 897;7;0;2;1;9;1
202200023659;771 894;33;0;2;7;17;1
202200023659;771 895;7;0;2;8;17;1
202200023660;771 892;7;1;0;2;14;1
202200023661;771 891;60;0;2;1;19;5
202200023661;771 893;7;0;2;1;15;2
202200023662;771 890;7;12;0;1;13;1
202200023663;771 889;7;15;0;1;17;1
202200023664;771 887;7;14;0;1;13;1
202200023665;771 886;7;0;2;1;2;1
202200023665;771 888;7;0;2;4;2;1
202200023666;771 884;7;0;2;1;2;1
202200023666;771 885;7;0;2;4;1;1
202200023667;771 883;33;0;1;1;26;1
202200023668;771 881;32;0;2;1;18;3
202200023668;771 882;7;0;2;1;20;1
202200023669;771 876;7;0;2;1;26;1
202200023669;771 878;7;0;2;8;26;1
202200023670;771 875;7;1;2;2;14;1
202200023670;771 877;7;0;2;6;24;1
202200023670;771 879;7;1;0;4;23;1
202200023670;771 880;7;0;2;3;1;1
202200023671;771 874;34;1;0;1;2;1
202200023672;771 872;7;0;2;7;16;1
202200023672;771 873;37;0;2;1;1;1
202200023673;771 870;7;0;2;1;9;2
202200023673;771 871;1;0;2;7;1;5
202200023674;771 869;7;0;1;3;1;0
202200023675;771 868;2;1;0;0;26;1
202200023676;771 865;50;0;2;0;0;3
202200023676;771 866;7;0;9;1;26;1
202200023677;771 864;7;0;2;2;15;1
202200023677;771 867;7;0;2;3;1;1
202200023678;771 863;7;0;1;1;0;1
202200023679;771 859;7;0;0;3;0;1
202200023679;771 861;32;0;0;1;0;3
202200023680;771 860;7;0;2;8;15;1
202200023680;771 862;33;0;2;1;21;1
202200023681;771 856;7;0;2;1;1;1
202200023681;771 858;1;0;2;7;1;5
202200023682;771 857;31;0;2;1;1;1
202200023683;771 854;7;0;2;3;16;1
202200023683;771 855;1;0;2;1;1;5
202200023684;771 850;7;0;2;1;2;1
202200023684;771 852;7;0;2;1;15;1
202200023685;771 847;1;0;2;1;1;5
202200023685;771 849;7;0;2;8;22;1
202200023686;771 846;7;0;2;5;15;1
202200023686;771 848;34;0;2;2;1;1
202200023687;771 843;1;0;2;8;1;5
202200023687;771 845;15;0;2;7;16;0
202200023688;771 842;7;0;2;6;10;1
202200023688;771 844;7;0;2;3;1;1
202200023689;771 841;33;0;0;4;9;1
202200023690;771 840;7;0;1;2;1;1
202200023691;771 839;7;3;0;0;14;1
202200023692;771 837;7;0;2;1;1;1
202200023692;771 838;32;0;2;0;13;1
202200023693;771 836;7;0;5;1;1;1
202200023694;771 835;33;0;0;8;1;1
202200023695;771 833;7;0;2;1;13;1
202200023695;771 834;7;0;2;1;1;1
202200023696;771 830;10;1;2;4;4;0
202200023696;771 831;7;1;2;1;1;1
202200023697;771 829;7;2;2;2;21;1
202200023697;771 832;7;0;2;6;9;1
202200023698;771 827;7;0;2;1;1;1
202200023698;771 828;7;0;2;4;23;1
202200023699;771 826;7;0;1;1;1;1
202200023700;771 825;50;0;1;0;5;3
202200023701;771 822;7;0;0;0;0;1
202200023701;771 824;7;0;0;0;0;2
202200023702;771 821;7;0;2;1;1;1
202200023702;771 823;7;0;2;2;15;1
202200023703;771 817;7;0;2;2;1;1
202200023703;771 819;33;0;2;6;1;1
202200023703;771 820;7;0;0;5;23;1
202200023704;771 816;7;0;2;2;1;0
202200023704;771 818;7;0;2;6;1;1
202200023705;771 814;7;0;2;3;13;1
202200023705;771 815;7;0;2;6;0;1
202200023706;771 812;33;0;0;9;1;1
202200023707;771 810;7;0;2;4;2;1
202200023707;771 811;33;0;2;4;2;1
202200023707;771 813;7;0;2;1;2;1
202200023708;771 808;7;0;2;0;9;1
202200023708;771 809;7;0;2;3;1;1
202200023709;771 806;7;0;2;8;1;1
202200023709;771 807;33;0;2;7;17;1
202200023710;771 805;80;0;1;1;0;3
202200023711;771 804;7;6;0;1;13;3
202200023712;771 801;7;4;2;1;13;1
202200023712;771 803;7;0;2;4;1;1
202200023713;771 800;1;0;2;4;0;5
202200023713;771 802;7;0;9;1;16;1
202200023714;771 798;10;0;2;5;1;1
202200023714;771 799;43;0;2;1;1;1
202200023715;771 797;43;4;0;8;13;1
202200023716;771 795;7;0;0;0;0;1
202200023716;771 796;7;0;2;1;0;1
202200023717;771 793;30;1;0;1;1;1
202200023718;771 791;1;0;2;1;5;5
202200023718;771 792;7;0;2;1;1;1
202200023719;771 789;7;0;2;1;13;1
202200023719;771 790;7;0;2;1;1;1
202200023720;771 788;10;0;1;3;1;1
202200023721;771 785;2;0;2;1;1;1
202200023721;771 787;7;0;2;1;15;1
202200023722;771 784;7;0;2;5;22;1
202200023722;771 786;1;0;2;1;1;5
202200023723;771 782;10;1;1;1;14;1
202200023724;771 781;31;0;2;1;1;1
202200023724;771 783;7;0;2;2;13;1
202200023725;771 779;32;0;2;1;2;1
202200023725;771 780;33;0;2;7;2;1
202200023726;771 778;7;13;0;3;13;1
202200023727;771 776;7;0;1;3;2;2
202200023728;771 775;7;0;2;2;16;2
202200023728;771 777;1;0;2;1;1;5
202200023729;771 772;33;0;2;1;2;1
202200023729;771 774;37;0;2;6;0;3
202200023730;771 771;7;0;2;7;1;1
202200023730;771 773;30;0;2;8;18;1
202200023731;771 769;7;0;2;5;1;1
202200023731;771 770;31;0;2;1;3;1
202200023732;771 768;30;0;1;3;21;0
202200023733;771 767;30;0;1;1;1;1
202200023734;771 766;33;0;1;3;1;1
202200023735;771 765;10;8;1;7;15;1
202200023736;771 763;1;0;1;1;1;5
202200023737;771 761;1;12;2;1;13;5
202200023737;771 762;2;0;2;1;1;1
202200023738;771 760;50;1;0;1;5;3
202200023739;771 758;30;0;2;0;2;1
202200023739;771 759;7;0;2;2;2;2
202200023740;771 757;1;0;1;1;16;5
202200023741;771 755;10;0;2;0;15;1
202200023741;771 756;1;0;2;1;1;5
202200023742;771 754;7;0;1;1;1;1
202200023743;771 751;7;0;2;1;1;2
202200023743;771 753;50;0;2;2;1;3
202200023744;771 750;10;0;2;3;9;1
202200023744;771 752;32;0;2;2;1;1
202200023745;771 749;30;0;0;0;21;1
202200023746;771 746;7;0;2;1;1;2
202200023746;771 748;7;0;2;4;1;1
202200023747;771 745;7;2;0;0;0;1
202200023747;771 747;50;2;0;0;0;3
202200023748;771 744;7;0;1;7;1;1
202200023749;771 743;1;0;1;7;7;5
202200023750;771 741;1;0;2;8;0;5
202200023750;771 742;7;0;2;5;19;1
202200023751;771 740;1;0;0;7;1;5
202200023752;771 739;7;0;1;1;2;1
202200023753;771 736;7;0;2;1;1;1
202200023753;771 738;1;0;2;7;1;5
202200023754;771 732;7;0;2;4;1;1
202200023754;771 734;7;0;2;4;1;1
202200023754;771 735;7;0;2;4;1;1
202200023754;771 737;37;0;2;1;1;1
202200023755;771 731;32;0;2;7;1;1
202200023755;771 733;1;0;2;8;15;5
202200023756;771 729;7;0;2;4;2;1
202200023756;771 730;7;0;2;1;2;1
202200023757;771 727;7;0;1;1;15;1
202200023758;771 726;32;0;2;7;15;1
202200023758;771 728;7;0;2;1;1;1
202200023759;771 724;50;0;2;1;1;3
202200023759;771 725;7;0;9;7;15;1
202200023760;771 723;7;8;0;2;14;2
202200023761;771 720;7;0;2;6;23;1
202200023761;771 721;7;0;2;6;23;1
202200023761;771 722;7;0;2;2;17;1
202200023762;771 719;10;0;1;3;15;1
202200023763;771 717;33;0;0;8;1;1
202200023763;771 718;33;0;0;8;1;1
202200023764;771 714;7;0;1;1;15;1
202200023765;771 715;7;0;2;1;1;0
202200023765;771 716;2;0;2;4;23;1
202200023766;771 711;7;0;2;3;9;1
202200023766;771 713;2;0;2;3;0;1
202200023767;771 710;7;0;2;1;1;1
202200023767;771 712;33;0;2;0;0;1
202200023768;771 708;7;0;2;0;1;0
202200023768;771 709;33;0;2;0;1;0
202200023769;771 706;7;0;2;1;26;1
202200023769;771 707;3;0;2;4;0;1
202200023770;771 704;7;15;2;4;21;1
202200023770;771 705;7;0;2;1;5;0
202200023771;771 703;34;15;2;0;18;1
202200023772;771 701;2;0;2;3;26;1
202200023772;771 702;7;0;2;2;1;1
202200023773;771 699;7;0;2;2;16;1
202200023773;771 700;32;0;2;3;18;1
202200023774;771 697;31;0;0;0;0;1
202200023774;771 698;7;0;2;2;9;0
202200023775;771 695;7;0;2;3;1;1
202200023775;771 696;7;0;2;2;16;1
202200023776;771 693;7;0;9;3;0;1
202200023776;771 694;2;0;0;1;3;1
202200023777;771 691;99;0;2;1;25;0
202200023777;771 692;10;0;0;2;15;0
202200023778;771 688;7;0;2;2;1;1
202200023778;771 690;2;0;2;6;1;1
202200023779;771 685;7;0;2;2;10;1
202200023779;771 686;1;0;2;1;1;5
202200023780;771 684;7;0;2;6;23;1
202200023780;771 687;33;1;2;1;1;1
202200023780;771 689;7;0;2;3;15;1
202200023781;771 682;7;0;2;3;1;1
202200023781;771 683;50;0;2;1;17;3
202200023782;771 681;10;0;1;2;16;1
202200023783;771 679;7;0;2;1;15;1
202200023783;771 680;43;0;2;1;1;1
202200023784;771 678;7;0;1;2;1;1
202200023785;771 677;7;0;1;2;1;1
202200023786;771 675;10;0;2;4;2;1
202200023786;771 676;10;0;2;1;2;1
202200023787;771 672;7;0;2;1;1;1
202200023787;771 673;7;0;2;4;1;2
202200023787;771 674;7;0;2;4;1;1
202200023788;771 670;1;0;2;4;1;5
202200023788;771 671;10;0;2;1;12;1
202200023789;771 668;31;0;9;1;0;1
202200023789;771 669;1;0;2;1;0;5
202200023790;771 666;7;0;0;0;10;1
202200023790;771 667;2;6;0;1;21;1
202200023791;771 662;32;0;2;1;1;1
202200023791;771 663;7;0;2;3;15;1
202200023792;771 661;15;13;0;2;0;1
202200023793;771 658;10;0;2;1;1;1
202200023793;771 659;7;0;2;3;1;1
202200023793;771 660;7;0;2;3;1;1
202200023794;771 656;17;0;2;1;1;1
202200023794;771 657;7;0;2;3;15;1
202200023795;771 654;33;0;2;1;1;1