Num_Acc;id_vehicule;categorie_vehicule;obstacle_fixe;obstacle_mobile;point_choc_initial;manoeuvre_principale;motorisation
202200023795;771 655;7;0;2;1;15;1
202200023796;771 650;7;4;2;1;1;1
202200023796;771 651;7;16;2;4;2;1
202200023797;771 649;7;3;0;3;13;2
202200023798;771 647;2;0;2;5;17;1
202200023798;771 648;7;0;2;1;1;1
202200023799;771 645;33;0;2;1;17;1
202200023799;771 646;7;0;2;3;9;1
202200023800;771 644;7;3;9;1;1;1
202200023801;771 643;7;0;1;0;1;1
202200023802;771 642;7;8;0;1;1;1
202200023803;771 640;7;0;2;1;15;1
202200023803;771 641;1;0;2;1;1;5
202200023804;771 639;7;0;1;3;26;1
202200023805;771 637;2;0;2;1;15;1
202200023805;771 638;7;0;2;1;1;1
202200023806;771 636;7;0;1;1;1;1
202200023807;771 634;32;0;2;1;1;1
202200023807;771 635;3;0;2;7;13;1
202200023808;771 631;7;0;2;4;1;1
202200023808;771 632;1;0;0;4;1;5
202200023808;771 633;10;0;2;1;2;1
202200023809;771 629;32;0;2;1;1;1
202200023809;771 630;7;0;2;3;15;1
202200023810;771 628;7;0;1;1;2;1
202200023811;771 626;7;0;2;4;1;1
202200023811;771 627;7;0;2;1;1;1
202200023812;771 625;7;0;1;2;0;0
202200023813;771 623;7;0;0;0;15;1
202200023813;771 624;1;0;0;0;15;5
202200023814;771 621;7;0;2;1;2;1
202200023814;771 622;7;0;2;4;2;1
202200023815;771 619;10;0;2;4;2;1
202200023815;771 620;33;0;2;1;2;1
202200023816;771 617;33;0;2;1;13;1
202200023816;771 618;7;0;2;4;1;1
202200023817;771 615;33;0;2;1;1;1
202200023817;771 616;10;0;2;5;12;1
202200023818;771 613;1;0;2;3;1;5
202200023818;771 614;7;0;2;3;22;2
202200023819;771 611;1;0;2;1;13;5
202200023819;771 612;1;0;2;1;1;5
202200023820;771 609;1;0;2;1;13;5
202200023820;771 610;50;0;2;1;1;3
202200023821;771 608;7;1;0;2;13;3
202200023822;771 606;7;0;2;3;23;1
202200023822;771 607;43;0;2;2;5;1
202200023823;771 605;37;0;0;0;1;1
202200023824;771 603;10;0;2;8;15;1
202200023824;771 604;33;0;2;1;17;1
202200023825;771 602;37;0;0;0;1;1
202200023826;771 600;7;0;2;5;15;1
202200023826;771 601;80;0;2;2;1;3
202200023827;771 599;30;0;1;1;1;1
202200023828;771 597;10;0;2;2;12;1
202200023828;771 598;1;0;2;8;1;5
202200023829;771 595;7;0;2;3;22;1
202200023829;771 596;1;0;2;1;1;5
202200023830;771 593;7;0;2;1;1;1
202200023830;771 594;1;0;2;8;1;5
202200023831;771 592;34;0;1;1;1;1
202200023832;771 590;7;0;2;8;13;1
202200023832;771 591;33;0;2;7;1;1
202200023833;771 589;7;0;1;1;1;1
202200023834;771 587;7;0;2;8;22;1
202200023834;771 588;2;0;2;7;18;3
202200023835;771 586;33;0;1;8;1;1
202200023836;771 585;7;8;0;1;1;3
202200023837;771 583;34;9;2;1;5;1
202200023837;771 584;7;0;2;3;15;1
202200023838;771 581;32;0;2;3;19;3
202200023838;771 582;2;0;2;1;19;1
202200023839;771 579;10;0;2;3;15;1
202200023839;771 580;30;0;2;2;0;1
202200023840;771 577;7;0;2;3;15;1
202200023840;771 578;50;0;2;3;13;3
202200023841;771 575;37;0;2;7;16;1
202200023841;771 576;14;0;2;4;20;1
202200023842;771 574;3;1;0;3;1;1
202200023843;771 572;7;0;2;1;2;1
202200023843;771 573;7;0;2;4;2;1
202200023844;771 571;7;0;1;1;1;1
202200023845;771 569;99;0;2;8;1;0
202200023845;771 570;7;0;2;1;15;1
202200023846;771 568;99;0;1;1;0;3
202200023847;771 567;10;0;1;6;4;1
202200023848;771 566;7;0;1;7;2;1
202200023849;771 565;7;8;0;1;13;1
202200023850;771 564;30;0;0;0;2;1
202200023851;771 563;7;1;0;0;0;0
202200023852;771 562;7;0;1;4;4;1
202200023853;771 561;7;0;1;1;1;2
202200023854;771 559;33;0;2;3;15;1
202200023854;771 560;1;0;2;0;0;5
202200023855;771 558;7;0;1;1;15;1
202200023856;771 556;1;0;2;4;15;5
202200023856;771 557;7;0;9;1;13;1
202200023857;771 555;7;0;1;1;1;1
202200023858;771 553;7;0;2;2;19;1
202200023858;771 554;1;0;2;5;1;5
202200023859;771 552;7;2;0;1;14;1
202200023860;771 551;7;8;0;1;14;1
202200023861;771 548;31;15;2;1;6;1
202200023861;771 549;7;7;0;8;1;1
202200023861;771 550;7;0;2;1;1;1
202200023862;771 547;7;13;0;9;13;1
202200023863;771 545;14;0;2;4;1;1
202200023863;771 546;14;0;0;4;26;1
202200023864;771 543;7;0;2;3;2;1
202200023864;771 544;33;0;2;4;23;1
202200023865;771 542;7;8;0;2;1;1
202200023866;771 540;7;0;2;3;1;1
202200023866;771 541;15;0;2;3;13;1
202200023867;771 539;7;0;0;9;13;1
202200023868;771 538;1;0;0;0;2;5
202200023869;771 536;7;0;2;2;15;1
202200023869;771 537;31;0;2;1;1;1
202200023870;771 534;2;0;2;7;1;1
202200023870;771 535;2;0;2;8;1;1
202200023871;771 533;32;0;6;1;1;1
202200023872;771 531;33;0;2;8;1;1
202200023872;771 532;7;0;2;2;1;1
202200023873;771 530;7;13;0;2;14;1
202200023874;771 529;7;0;1;1;1;1
202200023875;771 527;7;0;2;3;5;1
202200023875;771 528;7;0;2;3;1;1
202200023876;771 526;7;4;0;3;18;1
202200023877;771 525;7;15;0;2;1;1
202200023878;771 523;1;0;2;8;1;5
202200023878;771 524;7;0;9;3;17;1
202200023879;771 521;33;0;2;8;1;1
202200023879;771 522;7;0;9;3;15;1
202200023880;771 520;7;0;1;1;1;1
202200023881;771 516;33;0;0;7;1;1
202200023882;771 514;7;0;2;2;1;1
202200023882;771 515;7;0;0;5;4;1
202200023883;771 513;7;8;0;2;0;1
202200023884;771 512;7;0;0;0;1;1
202200023885;771 510;15;0;2;2;1;1
202200023885;771 511;7;0;2;1;5;1
202200023886;771 508;7;0;2;4;23;1
202200023886;771 509;7;0;2;1;2;1
202200023887;771 507;15;0;1;3;2;1
202200023888;771 503;7;0;2;2;15;1
202200023888;771 504;34;0;2;1;1;1
202200023889;771 502;7;3;0;7;1;1
202200023890;771 500;43;0;2;1;1;1
202200023890;771 501;7;0;2;4;1;1
202200023891;771 499;34;0;0;8;26;1
202200023892;771 496;7;0;0;3;1;2
202200023892;771 497;7;0;0;6;1;1
202200023892;771 498;33;0;2;1;12;1
202200023893;771 494;32;0;2;1;13;1
202200023893;771 495;7;0;2;3;1;1
202200023894;771 493;7;0;1;1;15;1
202200023895;771 491;7;0;1;5;20;1
202200023896;771 490;7;0;2;8;1;1
202200023896;771 492;7;0;2;1;19;1
202200023897;771 487;33;0;2;1;2;1
202200023897;771 489;7;0;2;2;16;1
202200023898;771 485;3;0;2;3;1;1
202200023898;771 486;;0;2;2;26;
202200023899;771 483;7;0;1;2;16;1
202200023900;771 482;33;0;2;1;1;1
202200023900;771 484;7;0;2;3;15;1
202200023901;771 481;10;4;0;3;16;1
202200023902;771 478;7;0;2;1;12;1
202200023902;771 479;7;0;2;6;1;1
202200023902;771 480;7;0;2;7;1;1
202200023903;771 476;37;0;2;1;1;1
202200023903;771 477;7;0;2;8;9;1
202200023904;771 472;7;0;2;8;15;1
202200023904;771 474;2;0;2;8;17;1
202200023905;771 471;10;0;0;3;10;1
202200023905;771 473;33;0;2;1;1;1
202200023906;771 469;2;0;2;0;15;0
202200023906;771 470;7;0;2;8;1;1
202200023907;771 466;50;0;2;0;0;3
202200023907;771 467;7;0;2;1;15;1
202200023907;771 468;10;0;2;0;15;1
202200023908;771 464;7;6;0;1;1;1
202200023909;771 463;43;0;2;1;1;1
202200023909;771 465;7;0;2;2;15;1
202200023910;771 461;7;0;2;4;1;1
202200023910;771 462;7;0;2;1;1;1
202200023911;771 459;7;0;1;1;16;1
202200023912;771 457;7;6;0;1;21;1
202200023913;771 458;1;0;0;4;1;5
202200023913;771 460;7;0;9;2;1;1
202200023914;771 455;7;0;2;1;1;1
202200023914;771 456;7;0;2;3;15;1
202200023915;771 452;20;0;0;0;16;1
202200023916;771 453;2;0;0;7;2;1
202200023916;771 454;7;0;2;8;13;1
202200023917;771 451;10;0;1;6;4;1
202200023918;771 447;7;0;2;3;2;1
202200023918;771 448;10;0;2;4;2;1
202200023918;771 450;7;0;2;1;2;1
202200023919;771 446;7;0;9;2;16;1
202200023919;771 449;1;0;2;4;2;5
202200023920;771 444;30;0;2;8;5;1
202200023920;771 445;7;0;0;8;1;1
202200023921;771 441;7;12;0;1;1;1
202200023922;771 442;7;0;2;3;13;1
202200023922;771 443;10;0;2;3;1;1
202200023923;771 440;7;14;0;1;1;1
202200023924;771 438;7;0;2;3;1;1
202200023924;771 439;33;0;2;3;12;1
202200023925;771 435;2;0;2;1;2;1
202200023925;771 436;7;0;2;6;1;1
202200023926;771 437;7;2;0;1;2;1
202200023927;771 433;14;0;2;7;1;1
202200023927;771 434;7;0;2;1;9;1
202200023928;771 428;33;0;2;1;13;1
202200023928;771 431;10;0;2;2;1;1
202200023929;771 425;7;0;0;0;1;1
202200023929;771 426;7;0;2;3;26;1
202200023929;771 427;7;0;2;1;1;1
202200023930;771 422;1;0;2;4;1;5
202200023930;771 424;7;0;2;0;0;1
202200023931;771 420;50;14;0;0;0;3
202200023932;771 421;37;0;2;1;1;1
202200023932;771 423;34;0;2;1;13;1
202200023933;771 419;7;1;0;1;18;1
202200023934;771 416;7;0;2;5;15;1
202200023934;771 417;2;0;2;1;12;1
202200023935;771 415;50;0;0;0;26;3
202200023936;771 418;10;13;0;1;1;1
202200023937;771 413;10;0;0;0;0;0
202200023937;771 414;7;0;0;0;0;1
202200023938;771 410;7;0;2;1;2;1
202200023938;771 411;7;0;2;4;2;1
202200023939;771 408;7;0;1;1;19;1
202200023940;771 409;2;0;2;3;18;1
202200023940;771 412;7;0;2;2;16;1
202200023941;771 406;7;6;0;1;15;1
202200023942;771 404;30;0;2;1;26;3
202200023942;771 405;7;0;0;2;0;1
202200023943;771 403;1;0;2;1;8;5
202200023943;771 407;7;0;9;3;19;1
202200023944;771 401;7;0;2;2;12;1
202200023944;771 402;33;0;2;8;1;1
202200023945;771 400;7;0;1;8;1;1
202200023946;771 398;41;6;0;1;10;3
202200023947;771 397;21;0;2;6;15;1
202200023947;771 399;33;0;2;1;17;1
202200023948;771 394;7;0;2;3;1;1
202200023948;771 396;7;0;2;3;13;1
202200023949;771 393;7;0;2;2;15;1
202200023949;771 395;1;0;2;1;1;5
202200023950;771 391;10;0;2;1;2;1
202200023950;771 392;7;0;0;4;1;1
202200023951;771 390;7;0;1;1;1;1
202200023952;771 389;7;2;0;9;16;1
202200023953;771 384;2;0;2;1;1;1
202200023953;771 387;10;0;2;5;4;3
202200023954;771 383;7;0;2;1;15;1
202200023954;771 386;7;0;2;3;1;1
202200023955;771 382;7;0;2;4;2;2
202200023955;771 385;7;0;2;4;2;1
202200023955;771 388;7;0;2;1;2;1
202200023956;771 379;7;0;1;1;1;1
202200023957;771 380;7;0;2;1;15;1
202200023957;771 381;80;0;2;1;1;3
202200023958;771 377;7;0;2;2;20;1
202200023958;771 378;31;0;2;1;1;1
202200023959;771 371;7;0;2;7;1;1
202200023959;771 373;7;1;2;8;1;1
202200023959;771 376;7;0;2;3;1;1
202200023960;771 369;7;0;2;2;13;1
202200023960;771 370;7;0;2;1;1;1
202200023961;771 367;0;0;0;0;26;0
202200023962;771 366;17;0;2;4;2;1
202200023962;771 368;7;0;2;9;2;1
202200023962;771 372;13;0;0;0;0;0
202200023963;771 365;7;0;1;1;1;1
202200023964;771 362;7;8;0;3;16;1
202200023965;771 361;10;1;0;9;26;1
202200023965;771 364;7;1;0;0;26;1
202200023966;771 360;7;0;2;4;2;1
202200023966;771 363;33;0;2;1;2;1
202200023967;771 359;30;0;0;7;1;1
202200023968;771 358;7;0;1;3;10;1
202200023969;771 356;32;12;0;1;1;1
202200023970;771 355;7;0;2;4;2;1
202200023970;771 357;7;0;2;1;2;1
202200023971;771 353;21;0;2;0;0;0
202200023971;771 354;1;0;2;1;26;5
202200023972;771 352;7;0;1;1;1;1
202200023973;771 347;2;0;2;4;2;1
202200023973;771 350;7;0;2;1;2;1
202200023974;771 346;7;0;9;0;0;1
202200023974;771 348;1;0;2;1;2;5
202200023975;771 345;10;0;2;1;2;1
202200023975;771 349;7;0;2;3;2;1
202200023975;771 351;7;0;2;4;2;1
202200023976;771 342;7;4;0;3;13;1
202200023977;771 340;1;0;2;7;1;5
202200023977;771 344;31;0;2;1;1;1
202200023978;771 341;50;0;2;7;1;3
202200023978;771 343;7;0;2;1;9;1
202200023979;771 335;33;0;2;1;2;1
202200023979;771 339;10;0;2;6;1;1
202200023980;771 334;7;0;2;3;26;1
202200023980;771 337;50;0;2;1;26;3
202200023981;771 329;7;0;2;4;26;1
202200023981;771 331;7;0;2;3;26;1
202200023982;771 330;10;0;2;4;2;1
202200023982;771 333;7;0;2;4;2;1
202200023982;771 336;7;0;2;4;2;1
202200023982;771 338;10;0;2;1;2;1
202200023983;771 328;7;0;2;6;24;1
202200023983;771 332;1;1;0;1;1;5
202200023984;771 325;50;0;2;1;26;3
202200023984;771 327;7;0;2;2;26;1
202200023985;771 323;32;0;2;7;3;1
202200023985;771 326;7;0;2;3;13;1
202200023986;771 320;7;0;2;1;2;1
202200023986;771 322;7;0;2;4;2;1
202200023986;771 324;7;0;2;1;2;1
202200023987;771 319;7;0;2;5;17;1
202200023987;771 321;1;0;2;3;1;5
202200023988;771 316;2;0;0;1;1;3
202200023989;771 317;7;0;2;6;12;1
202200023989;771 318;33;0;2;1;3;1
202200023990;771 314;1;0;2;1;26;5
202200023990;771 315;7;0;2;2;25;1
202200023991;771 312;33;0;0;8;15;1
202200023992;771 309;7;1;0;1;14;1
202200023993;771 310;7;0;0;1;2;1
202200023993;771 311;7;0;2;4;2;1
202200023993;771 313;7;0;0;4;2;1
202200023994;771 308;7;0;5;1;1;1
202200023995;771 306;7;11;0;1;1;1
202200023996;771 303;7;0;2;4;23;1
202200023996;771 305;7;0;2;4;23;1
202200023996;771 307;7;0;2;1;2;1
202200023997;771 302;7;0;2;4;1;1
202200023997;771 304;7;0;2;1;1;1
202200023998;771 300;7;0;2;3;26;1
202200023998;771 301;7;0;2;3;0;1
202200023999;771 299;7;3;0;0;13;2
202200024000;771 296;33;0;2;1;2;1
202200024000;771 298;10;0;2;4;2;1
202200024001;771 294;7;0;2;3;1;1
202200024001;771 297;50;0;2;1;1;3
202200024002;771 295;32;12;0;1;1;1
202200024003;771 291;7;4;5;1;1;1
202200024004;771 290;33;0;2;1;2;1
202200024004;771 293;10;0;2;4;2;1
202200024005;771 289;7;0;1;3;9;1
202200024006;771 287;7;0;2;7;13;1
202200024006;771 288;7;0;2;0;0;0
202200024007;771 284;7;13;0;2;26;1
202200024008;771 285;7;0;2;4;2;1
202200024008;771 286;7;0;2;1;2;1
202200024009;771 283;7;0;1;2;1;2
202200024010;771 280;7;0;2;3;13;1
202200024010;771 282;33;0;2;2;17;1
202200024011;771 276;7;0;2;1;2;1
202200024011;771 278;7;0;2;4;16;1
202200024012;771 277;10;0;2;4;1;1
202200024012;771 279;14;0;2;4;2;1
202200024012;771 281;13;0;2;1;2;1
202200024013;771 275;7;16;0;1;1;1
202200024014;771 270;7;0;2;1;1;1
202200024014;771 272;10;0;2;6;1;1
202200024015;771 271;33;0;2;1;3;1
202200024015;771 274;7;0;2;3;11;1
202200024016;771 269;7;0;2;3;9;1
202200024016;771 273;1;0;2;1;1;5
202200024017;771 267;7;0;2;3;18;0
202200024017;771 268;7;0;2;4;23;3
202200024018;771 265;35;6;0;3;1;1
202200024019;771 266;33;4;0;8;1;1
202200024020;771 262;31;0;2;1;1;1
202200024020;771 264;7;0;2;3;15;1
202200024021;771 260;30;0;0;8;1;1
202200024022;771 259;7;0;2;4;23;1
202200024022;771 261;7;0;2;4;23;1
202200024022;771 263;7;0;2;1;1;1
202200024023;771 257;33;0;2;1;17;1
202200024023;771 258;7;0;2;3;15;1
202200024024;771 254;33;0;2;9;0;1
202200024024;771 256;32;0;2;3;9;1
202200024025;771 252;7;0;2;8;15;1
202200024025;771 253;7;0;2;1;1;1
202200024026;771 251;10;0;2;3;16;1
202200024026;771 255;7;13;2;1;1;1
202200024027;771 248;7;3;2;9;1;1
202200024027;771 250;7;0;2;1;1;1
202200024028;771 247;60;0;2;1;11;5
202200024028;771 249;33;0;2;1;1;1
202200024029;771 245;1;0;0;6;14;5
202200024029;771 246;7;0;2;6;17;1
202200024030;771 242;10;0;2;1;2;1
202200024030;771 244;7;0;0;4;2;1
202200024031;771 241;7;0;2;1;1;1
202200024031;771 243;7;0;2;1;15;1
202200024032;771 240;7;0;1;1;1;1
202200024033;771 236;7;0;2;0;0;0
202200024033;771 238;2;0;2;0;0;0
202200024034;771 235;7;0;0;0;0;3
202200024034;771 239;30;0;2;8;1;1
202200024035;771 232;32;0;2;2;26;1
202200024035;771 233;7;0;2;3;9;1
202200024036;771 230;7;0;0;6;2;0
202200024037;771 229;31;0;2;1;1;1
202200024037;771 231;10;0;2;3;9;1
202200024038;771 227;13;0;2;8;13;1
202200024038;771 228;7;0;2;3;1;1
202200024039;771 226;0;0;1;2;1;0
202200024040;771 225;7;0;1;1;1;1
202200024041;771 224;1;1;0;1;2;0
202200024042;771 222;30;0;2;1;19;1
202200024042;771 223;7;0;2;2;1;1
202200024043;771 216;7;14;2;1;1;1
202200024043;771 220;7;14;2;1;1;2
202200024043;771 221;7;14;2;4;2;1
202200024044;771 215;3;0;2;0;0;0
202200024044;771 219;7;0;2;2;2;1
202200024045;771 210;33;0;2;1;1;1
202200024045;771 213;7;0;2;4;1;1
202200024046;771 209;10;0;2;1;9;1
202200024046;771 212;2;0;2;1;1;1
202200024047;771 208;7;0;2;0;0;0
202200024047;771 211;30;0;2;0;0;1
202200024048;771 207;30;11;0;1;16;1
202200024049;771 204;7;0;2;7;1;1
202200024049;771 206;30;0;2;1;1;1
202200024050;771 203;1;0;2;0;0;5
202200024050;771 205;7;0;2;0;0;1
202200024051;771 201;33;0;2;1;26;1
202200024051;771 202;7;0;2;3;15;1
202200024052;771 198;7;0;4;8;16;1
202200024052;771 200;40;0;2;1;1;3
202200024053;771 196;1;0;2;1;9;5
202200024053;771 199;7;0;2;2;1;1
202200024054;771 197;7;0;1;2;1;1
202200024055;771 195;7;0;1;1;7;1
202200024056;771 194;7;0;1;8;1;2
202200024057;771 192;7;1;0;2;1;1
202200024058;771 191;1;0;2;9;1;5
202200024058;771 193;7;0;9;3;15;1
202200024059;771 188;7;0;2;3;1;1
202200024059;771 190;80;0;2;3;9;3
202200024060;771 187;7;0;2;7;12;1
202200024060;771 189;32;0;2;8;1;1
202200024061;771 185;30;0;2;0;0;1
202200024061;771 186;7;0;2;8;1;1
202200024062;771 180;7;0;2;2;12;1
202200024062;771 181;7;0;2;3;1;1
202200024062;771 183;7;0;2;7;1;2
202200024063;771 177;7;0;2;2;2;1
202200024063;771 178;1;0;2;4;1;5
202200024064;771 176;1;0;2;1;26;5
202200024064;771 179;7;0;2;3;15;1
202200024065;771 174;32;0;2;0;1;1
202200024065;771 175;30;0;0;0;17;0
202200024066;771 170;7;0;2;8;21;1
202200024066;771 172;7;0;2;8;1;1
202200024067;771 169;10;0;1;6;20;1
202200024068;771 168;7;0;1;2;1;2
202200024069;771 166;7;0;1;2;1;1
202200024070;771 165;0;6;0;0;0;1
202200024071;771 164;7;1;2;2;5;1
202200024071;771 167;7;0;2;3;15;2
202200024072;771 161;34;0;1;1;9;1
202200024073;771 160;7;0;2;2;11;1
202200024073;771 163;31;0;2;1;2;1
202200024074;771 158;38;0;2;0;11;1
202200024075;771 157;7;0;2;4;2;1
202200024075;771 159;7;0;2;1;2;1
202200024076;771 156;7;1;0;1;1;1
202200024077;771 154;7;0;1;3;9;1
202200024078;771 153;34;0;2;3;1;1
202200024078;771 155;30;0;2;3;5;1
202200024079;771 152;7;0;1;1;15;1
202200024080;771 151;7;6;0;7;20;1
202200024081;771 148;7;0;2;7;15;1
202200024081;771 150;32;0;2;1;1;0
202200024082;771 147;7;0;2;7;12;1
202200024082;771 149;7;0;2;8;1;1
202200024083;771 142;2;0;2;2;17;1
202200024083;771 145;80;0;2;6;15;3
202200024084;771 141;7;0;2;1;12;1
202200024084;771 144;7;11;2;4;1;1
202200024085;771 143;1;0;2;1;11;5
202200024085;771 146;7;0;2;1;1;1
202200024086;771 138;7;0;2;3;26;1
202200024086;771 140;30;0;2;3;1;1
202200024087;771 135;7;0;2;4;2;1
202200024087;771 137;7;0;2;1;2;1
202200024087;771 139;7;13;0;9;14;1
202200024088;771 136;1;0;1;1;21;5
202200024089;771 134;7;0;1;1;1;1
202200024090;771 133;7;0;1;1;12;2
202200024091;771 131;7;0;2;5;1;2
202200024091;771 132;7;0;2;2;1;1
202200024092;771 128;7;0;2;3;15;1
202200024092;771 130;33;0;2;2;17;1
202200024093;771 125;7;0;1;1;15;1
202200024094;771 124;7;0;2;1;1;3
202200024094;771 126;7;0;2;6;1;1
202200024094;771 127;15;0;2;7;14;1
202200024094;771 129;7;0;2;8;1;1
202200024095;771 123;7;8;0;1;1;1
202200024096;771 122;33;1;2;1;14;1
202200024097;771 120;7;4;0;1;14;1
202200024098;771 119;2;0;2;1;1;1
202200024098;771 121;7;0;2;2;15;1
202200024099;771 118;7;0;1;3;2;1
202200024100;771 117;7;2;0;1;14;1
202200024101;771 115;7;1;0;2;19;0
202200024102;771 114;2;0;2;1;1;1
202200024102;771 116;7;0;2;3;1;1
202200024103;771 111;33;0;2;1;1;1
202200024103;771 112;10;0;2;3;10;1
202200024104;771 110;7;0;2;3;13;1
202200024104;771 113;10;0;2;3;21;1
202200024105;771 109;7;8;0;1;14;1
202200024106;771 105;7;0;2;1;0;1
202200024106;771 108;7;0;2;4;0;1
202200024107;771 104;30;0;2;7;19;1
202200024107;771 107;7;0;2;2;1;1
202200024108;771 103;7;0;2;1;21;1
202200024108;771 106;7;0;2;8;10;1
202200024109;771 102;10;1;0;1;14;1
202200024110;771 099;7;6;0;7;1;1
202200024111;771 100;2;0;2;8;1;1
202200024111;771 101;7;0;2;3;15;1
202200024112;771 096;7;9;0;7;1;1
202200024113;771 093;7;0;2;1;1;1
202200024113;771 094;50;0;2;7;15;3
202200024114;771 091;7;1;1;8;1;1
202200024115;771 088;7;0;2;5;1;1
202200024115;771 092;7;0;2;1;1;1
202200024116;771 087;32;0;2;3;1;1
202200024116;771 089;7;0;2;1;15;1
202200024117;771 086;7;1;0;2;11;1
202200024117;771 090;7;0;2;3;1;1
202200024118;771 084;30;8;2;1;14;1
202200024119;771 083;10;0;2;2;16;1
202200024119;771 085;1;0;2;1;19;5
202200024120;771 082;7;12;1;3;1;1
202200024121;771 081;7;2;0;1;1;1
202200024122;771 079;33;0;1;3;1;1
202200024123;771 080;7;0;1;4;10;1
202200024124;771 078;7;0;0;9;2;1
202200024125;771 077;30;11;0;1;14;3
202200024126;771 076;7;0;1;7;1;1
202200024127;771 075;50;0;0;1;15;3
202200024128;771 072;1;0;2;1;1;5
202200024128;771 074;7;0;2;1;1;1
202200024129;771 073;7;0;1;1;1;1
202200024130;771 069;7;0;2;3;9;1
202200024130;771 071;7;0;2;2;21;1
202200024131;771 068;2;0;2;7;12;1
202200024131;771 070;10;0;2;3;1;1
202200024132;771 066;7;0;2;2;15;1
202200024132;771 067;31;0;2;1;1;1
202200024133;771 065;7;0;1;2;1;1
202200024134;771 061;10;0;2;3;2;1
202200024134;771 063;1;0;2;2;17;5
202200024135;771 062;7;0;2;1;9;1
202200024135;771 064;2;0;2;7;1;1
202200024136;771 060;10;0;1;7;1;1
202200024137;771 059;7;1;0;2;14;1
202200024138;771 055;30;9;2;1;1;3
202200024138;771 057;7;9;2;2;15;1
202200024139;771 056;33;0;2;1;1;1
202200024139;771 058;7;0;2;7;15;1
202200024140;771 053;7;0;2;2;2;1
202200024140;771 054;7;0;2;2;15;0
202200024141;771 051;30;9;2;1;1;1
202200024141;771 052;7;9;2;4;16;1
202200024142;771 049;1;0;2;1;1;5
202200024142;771 050;7;0;2;7;16;1
202200024143;771 048;7;15;0;1;1;1
202200024144;771 046;7;7;2;2;13;1
202200024144;771 047;10;0;2;3;1;1
202200024145;771 042;7;0;2;2;10;1
202200024145;771 044;7;0;2;8;1;0
202200024145;771 045;2;0;2;1;1;1
202200024146;771 040;7;0;2;0;1;1
202200024146;771 043;7;0;2;1;1;1
202200024147;771 041;2;0;1;2;1;1
202200024148;771 039;7;0;1;2;1;1
202200024149;771 038;7;15;2;1;13;1
202200024150;771 037;7;3;0;0;14;1
202200024151;771 035;7;6;0;3;1;1
202200024152;771 034;50;0;2;1;15;3
202200024152;771 036;7;0;9;1;1;0
202200024153;771 032;7;0;2;1;13;1
202200024153;771 033;7;0;2;1;1;1
202200024154;771 031;1;12;0;2;12;5
202200024155;771 029;7;0;1;1;1;1
202200024156;771 030;7;0;1;1;2;2
202200024157;771 028;7;0;1;6;20;1
202200024158;771 026;7;0;2;1;1;1
202200024158;771 027;1;0;2;0;0;5
202200024159;771 025;7;13;0;1;1;1
202200024160;771 023;50;0;2;1;19;3
202200024160;771 024;43;0;2;8;1;1
202200024161;771 022;30;12;0;0;1;1
202200024162;771 020;7;0;0;4;2;1
202200024162;771 021;7;0;2;1;2;1
202200024163;771 019;7;0;1;2;1;1
202200024164;771 017;10;0;2;2;1;1
202200024164;771 018;7;0;2;1;1;1
202200024165;771 012;17;0;0;6;24;1
202200024165;771 015;7;1;2;4;21;1
202200024165;771 016;7;0;2;1;21;1
202200024166;771 010;7;0;2;2;12;1
202200024166;771 013;31;9;2;6;1;1
202200024167;771 011;30;0;2;2;16;1
202200024167;771 014;7;0;2;3;7;2
202200024168;771 009;7;0;1;3;1;0
202200024169;771 008;50;0;0;0;25;3
202200024170;771 006;10;0;2;8;13;1
202200024170;771 007;50;0;2;7;17;3
202200024171;771 004;3;2;0;3;1;1
202200024172;771 003;2;0;2;3;1;1
202200024172;771 005;7;0;2;2;16;1
202200024173;771 000;1;0;2;3;15;5
202200024173;771 002;14;0;2;0;1;0
202200024174;770 998;7;0;2;3;1;1
202200024174;771 001;7;0;2;3;1;1
202200024175;770 997;10;0;2;2;1;1
202200024175;770 999;1;0;2;3;26;5
202200024176;770 995;7;15;0;2;0;1
202200024177;770 994;1;0;2;1;1;5
202200024177;770 996;7;0;2;3;1;1
202200024178;770 992;7;16;0;1;13;1
202200024179;770 991;7;0;2;7;1;1
202200024179;770 993;17;0;2;3;9;1
202200024180;770 990;2;6;0;1;13;1
202200024181;770 989;7;0;1;0;1;2
202200024182;770 988;10;0;1;3;1;1
202200024183;770 987;14;13;0;3;0;0
202200024184;770 985;1;0;2;2;12;5
202200024184;770 986;1;0;2;2;1;5
202200024185;770 982;7;0;2;1;1;1
202200024185;770 984;7;0;2;4;1;1
202200024186;770 981;2;0;2;1;1;1
202200024186;770 983;7;0;2;3;15;1
202200024187;770 978;10;15;0;9;13;1
202200024188;770 977;7;0;2;2;1;1
202200024188;770 979;7;0;2;3;15;1
202200024189;770 974;10;0;2;3;1;3
202200024189;770 976;30;0;2;1;1;1
202200024190;770 972;2;0;2;7;17;1
202200024190;770 975;7;0;2;3;15;1
202200024191;770 971;2;0;2;7;26;1
202200024191;770 973;10;0;2;1;1;1
202200024192;770 970;7;14;0;1;1;1
202200024193;770 969;7;0;1;4;20;1
202200024194;770 968;31;12;0;1;2;1
202200024195;770 966;1;0;2;4;2;5
202200024195;770 967;7;0;9;2;2;1
202200024196;770 965;7;12;0;1;1;1
202200024197;770 962;7;0;9;2;1;1
202200024197;770 963;50;0;2;3;19;3
202200024198;770 961;7;0;2;1;1;1
202200024198;770 964;7;0;2;1;17;1
202200024199;770 957;7;2;0;7;1;1
202200024200;770 959;99;0;2;1;1;3
202200024200;770 960;7;0;2;3;1;1
202200024201;770 956;2;0;2;1;1;1
202200024201;770 958;7;0;2;4;1;1
202200024202;770 955;7;0;1;3;13;1
202200024203;770 953;7;0;1;3;15;1