Num_Acc;id_vehicule;categorie_vehicule;obstacle_fixe;obstacle_mobile;point_choc_initial;manoeuvre_principale;motorisation
202200024204;770 952;7;0;2;3;1;1
202200024204;770 954;7;0;2;3;0;1
202200024205;770 950;21;0;2;4;4;1
202200024205;770 951;1;0;2;2;1;5
202200024206;770 947;7;0;2;1;1;1
202200024206;770 949;1;0;2;9;19;5
202200024207;770 945;7;0;9;0;0;0
202200024207;770 948;1;0;2;0;0;5
202200024208;770 944;1;0;2;4;1;5
202200024208;770 946;7;0;9;3;1;1
202200024209;770 942;33;0;0;0;0;0
202200024210;770 941;7;0;2;2;13;1
202200024210;770 943;7;0;2;2;1;1
202200024211;770 940;7;2;0;2;2;1
202200024212;770 938;7;0;1;7;1;2
202200024213;770 937;7;13;0;1;0;1
202200024214;770 935;10;0;2;5;13;1
202200024214;770 936;7;0;2;3;1;1
202200024214;770 939;7;0;2;1;23;1
202200024215;770 931;10;1;0;1;14;1
202200024215;770 933;7;0;0;4;23;1
202200024216;770 932;0;0;2;0;0;0
202200024216;770 934;50;0;2;0;0;3
202200024217;770 927;10;0;2;2;1;1
202200024217;770 929;7;0;2;4;23;1
202200024218;770 926;1;0;2;1;1;5
202200024218;770 928;7;0;2;8;20;1
202200024219;770 923;7;0;2;1;1;1
202200024219;770 925;7;0;0;4;1;1
202200024219;770 930;7;0;6;1;2;1
202200024220;770 921;33;0;2;1;1;1
202200024220;770 924;7;0;2;8;10;1
202200024221;770 920;7;0;0;0;10;1
202200024221;770 922;30;0;2;0;1;1
202200024222;770 916;7;0;1;1;1;1
202200024223;770 915;7;0;2;1;2;1
202200024223;770 917;7;0;2;4;1;1
202200024223;770 919;7;0;2;1;2;1
202200024224;770 914;7;0;2;8;1;1
202200024224;770 918;33;0;2;1;1;1
202200024225;770 908;2;0;2;7;17;1
202200024225;770 911;7;0;2;1;2;1
202200024226;770 903;7;3;2;4;2;1
202200024226;770 907;7;0;2;1;2;1
202200024226;770 910;10;0;2;3;2;1
202200024226;770 912;7;0;9;2;1;1
202200024227;770 901;31;0;2;1;0;1
202200024227;770 904;7;0;2;3;9;1
202200024228;770 900;7;6;0;1;14;1
202200024229;770 899;2;0;0;0;14;1
202200024230;770 898;7;;0;2;13;1
202200024231;770 896;7;0;0;8;15;1
202200024231;770 897;32;0;0;1;17;1
202200024232;770 893;33;0;1;3;1;0
202200024233;770 891;7;14;2;4;6;1
202200024233;770 894;17;0;2;8;1;6
202200024234;770 892;7;0;2;2;9;1
202200024234;770 895;7;0;2;3;1;1
202200024235;770 890;7;1;0;1;2;1
202200024236;770 888;7;0;2;1;1;0
202200024236;770 889;7;0;0;4;1;1
202200024237;770 887;7;13;0;7;14;1
202200024238;770 886;30;0;1;1;26;0
202200024239;770 883;2;0;2;1;1;1
202200024239;770 884;2;0;0;4;1;1
202200024240;770 882;7;0;2;1;1;1
202200024240;770 885;7;0;2;3;15;1
202200024241;770 879;7;0;2;1;1;1
202200024241;770 880;2;0;2;1;1;1
202200024242;770 878;7;2;2;1;13;1
202200024242;770 881;7;0;2;2;1;1
202200024243;770 877;7;2;0;1;1;1
202200024244;770 874;7;13;6;1;0;1
202200024245;770 873;15;13;0;2;2;1
202200024246;770 870;7;0;0;2;1;1
202200024246;770 872;1;0;2;1;1;5
202200024247;770 867;7;0;1;2;1;1
202200024248;770 865;13;0;0;1;1;1
202200024248;770 866;7;0;0;4;1;1
202200024248;770 868;7;0;0;4;1;1
202200024248;770 869;7;0;0;4;1;1
202200024248;770 871;7;0;0;0;1;1
202200024249;770 864;7;17;0;1;1;1
202200024250;770 862;7;0;2;2;1;1
202200024250;770 863;2;0;2;1;1;1
202200024251;770 860;7;0;2;1;1;1
202200024251;770 861;2;0;2;1;13;1
202200024252;770 858;32;0;2;1;1;1
202200024252;770 859;7;0;2;8;19;1
202200024253;770 857;7;8;0;1;1;1
202200024254;770 855;7;0;2;3;9;2
202200024254;770 856;1;0;0;4;1;5
202200024255;770 854;7;13;0;2;1;2
202200024256;770 853;7;12;0;9;1;1
202200024257;770 852;7;6;1;5;4;1
202200024258;770 851;7;8;0;1;1;1
202200024259;770 848;7;0;2;1;1;1
202200024259;770 849;7;0;2;1;13;1
202200024260;770 847;7;0;2;1;1;1
202200024260;770 850;7;0;2;1;13;1
202200024261;770 845;1;0;2;8;19;5
202200024261;770 846;7;0;2;1;1;1
202200024262;770 844;7;8;0;4;1;1
202200024263;770 839;7;0;2;4;2;1
202200024263;770 840;7;0;2;4;9;1
202200024263;770 841;10;0;2;4;2;1
202200024263;770 843;14;0;2;1;2;1
202200024264;770 838;7;0;2;8;15;1
202200024264;770 842;7;0;2;1;1;1
202200024265;770 836;7;0;2;1;2;1
202200024265;770 837;17;0;2;4;2;1
202200024266;770 835;21;2;0;1;2;1
202200024267;770 833;32;0;2;9;2;1
202200024267;770 834;17;0;2;2;1;1
202200024268;770 832;33;0;6;1;1;1
202200024269;770 830;10;0;2;5;23;1
202200024269;770 831;7;0;2;3;21;1
202200024270;770 829;33;0;0;0;1;1
202200024271;770 827;34;0;2;8;3;1
202200024271;770 828;7;0;2;5;14;1
202200024272;770 826;33;0;5;3;1;1
202200024273;770 821;7;0;2;1;1;1
202200024273;770 823;10;0;2;4;23;1
202200024273;770 824;10;0;2;4;23;1
202200024273;770 825;7;0;2;4;23;1
202200024274;770 820;7;0;2;1;13;1
202200024274;770 822;7;0;2;1;1;1
202200024275;770 819;7;0;1;2;15;1
202200024276;770 817;80;0;2;1;1;3
202200024276;770 818;3;0;2;3;9;1
202200024277;770 816;7;0;1;1;16;1
202200024278;770 813;31;0;2;8;1;1
202200024278;770 815;7;0;2;3;23;1
202200024279;770 812;10;0;2;3;15;1
202200024279;770 814;30;0;2;7;15;1
202200024280;770 811;7;1;0;7;14;1
202200024281;770 808;7;0;0;0;13;1
202200024282;770 802;7;0;2;2;15;1
202200024282;770 804;30;0;2;1;1;1
202200024283;770 801;7;0;2;3;2;1
202200024283;770 803;7;0;2;9;15;1
202200024283;770 805;7;0;2;3;1;1
202200024284;770 800;1;15;0;1;12;5
202200024285;770 799;7;13;0;1;1;1
202200024286;770 797;50;0;2;3;7;3
202200024286;770 798;7;12;2;7;16;1
202200024287;770 796;7;2;0;1;13;1
202200024288;770 795;7;0;1;1;1;1
202200024289;770 792;7;0;0;6;19;1
202200024289;770 794;33;0;2;1;1;1
202200024290;770 790;7;0;2;4;23;1
202200024290;770 791;7;0;2;4;23;1
202200024290;770 793;7;0;2;1;2;1
202200024291;770 789;17;0;0;2;1;1
202200024292;770 788;37;2;0;5;15;1
202200024293;770 787;7;0;1;1;1;1
202200024294;770 786;7;13;0;8;0;1
202200024295;770 784;3;0;1;1;15;3
202200024296;770 782;7;0;0;4;2;1
202200024296;770 783;33;0;2;4;2;1
202200024296;770 785;7;0;9;3;5;1
202200024297;770 778;7;0;2;4;1;1
202200024297;770 780;7;0;2;4;2;1
202200024297;770 781;7;0;2;1;1;0
202200024298;770 776;7;0;2;1;1;1
202200024298;770 777;7;0;2;3;13;3
202200024298;770 779;3;0;2;1;1;1
202200024299;770 775;7;0;1;1;1;1
202200024300;770 772;2;1;2;1;17;1
202200024300;770 774;7;0;0;3;15;1
202200024301;770 771;1;0;2;3;19;5
202200024301;770 773;7;0;2;2;2;1
202200024302;770 770;10;6;0;1;19;1
202200024303;770 768;7;0;2;1;9;1
202200024303;770 769;30;0;2;1;1;1
202200024304;770 767;7;6;0;7;1;1
202200024305;770 766;7;0;1;1;1;3
202200024306;770 764;7;0;0;1;14;1
202200024307;770 761;15;0;2;6;21;1
202200024307;770 762;7;0;2;1;1;1
202200024308;770 763;10;0;2;2;1;1
202200024308;770 765;33;0;2;4;15;1
202200024309;770 759;17;0;2;1;5;1
202200024309;770 760;10;0;2;1;1;1
202200024310;770 758;7;2;0;1;13;1
202200024311;770 755;7;2;0;9;1;1
202200024312;770 753;10;0;2;1;13;1
202200024312;770 754;7;0;2;6;1;1
202200024312;770 756;7;0;2;1;1;1
202200024312;770 757;7;0;2;4;1;
202200024313;770 751;2;0;9;1;1;1
202200024313;770 752;1;0;2;2;15;5
202200024314;770 750;7;0;1;1;26;1
202200024315;770 749;7;0;0;0;0;1
202200024316;770 748;10;0;1;0;1;1
202200024317;770 746;7;0;2;7;1;1
202200024317;770 747;1;0;2;4;15;5
202200024318;770 744;7;0;2;1;1;0
202200024318;770 745;7;0;2;4;1;1
202200024319;770 741;7;0;2;4;2;1
202200024319;770 742;7;0;2;1;2;1
202200024320;770 738;2;0;0;1;1;1
202200024321;770 737;7;0;2;3;21;1
202200024321;770 739;7;0;2;3;13;1
202200024322;770 734;1;0;2;1;13;5
202200024322;770 736;10;0;2;1;14;0
202200024323;770 735;7;15;0;9;1;1
202200024324;770 732;7;0;1;2;1;1
202200024325;770 731;14;0;2;8;1;1
202200024325;770 733;7;0;2;1;1;1
202200024326;770 729;2;0;2;1;1;1
202200024326;770 730;7;0;2;8;15;1
202200024327;770 727;7;0;2;4;1;1
202200024327;770 728;7;0;2;2;1;1
202200024328;770 724;38;0;1;1;2;1
202200024329;770 725;7;0;2;4;1;1
202200024329;770 726;7;0;2;1;2;1
202200024330;770 722;7;6;0;1;3;1
202200024331;770 721;7;0;2;1;9;1
202200024331;770 723;30;0;2;2;1;1
202200024332;770 720;7;0;1;1;1;1
202200024333;770 719;7;0;1;1;1;1
202200024334;770 717;10;0;2;2;2;1
202200024334;770 718;1;0;2;8;2;5
202200024335;770 716;33;2;0;0;0;1
202200024336;770 715;7;13;0;1;13;1
202200024337;770 714;7;15;0;1;5;1
202200024338;770 713;7;0;1;1;1;1
202200024339;770 711;7;0;2;2;2;1
202200024339;770 712;50;0;0;0;2;3
202200024340;770 708;2;0;2;1;1;1
202200024340;770 709;2;0;2;1;1;1
202200024340;770 710;7;0;2;2;1;1
202200024341;770 707;2;0;5;1;1;1
202200024342;770 706;7;0;1;1;0;1
202200024343;770 705;33;6;0;1;17;1
202200024344;770 704;7;2;0;3;21;1
202200024345;770 700;21;0;0;0;1;1
202200024346;770 696;7;0;2;3;1;1
202200024346;770 698;10;0;2;3;13;1
202200024347;770 694;10;0;2;2;23;1
202200024347;770 697;31;0;2;7;21;1
202200024348;770 693;7;0;2;6;1;1
202200024348;770 695;33;0;2;1;1;1
202200024349;770 691;2;14;0;1;2;1
202200024350;770 689;13;1;2;1;1;1
202200024350;770 690;13;0;2;4;0;1
202200024351;770 692;7;0;2;1;2;1
202200024351;770 699;10;0;2;4;2;1
202200024352;770 687;7;8;0;2;1;1
202200024353;770 686;7;0;2;2;1;1
202200024353;770 688;2;0;2;2;15;1
202200024354;770 684;7;2;0;2;1;1
202200024355;770 682;7;2;0;1;1;1
202200024356;770 680;1;0;0;0;1;5
202200024357;770 679;7;0;0;5;1;1
202200024357;770 681;32;0;2;1;1;1
202200024358;770 676;10;0;2;1;1;1
202200024358;770 677;7;0;2;1;5;1
202200024359;770 673;7;0;2;1;1;1
202200024359;770 674;10;0;2;2;1;0
202200024359;770 675;7;0;2;3;13;1
202200024360;770 670;7;0;2;2;1;0
202200024360;770 671;32;0;2;1;13;1
202200024361;770 672;10;0;2;1;1;1
202200024361;770 678;7;0;2;4;1;1
202200024361;770 683;7;0;2;4;1;1
202200024361;770 685;7;0;2;4;1;1
202200024362;770 668;2;13;0;8;13;1
202200024363;770 667;7;0;2;3;13;1
202200024363;770 669;7;0;2;1;1;1
202200024364;770 666;2;0;0;0;0;1
202200024365;770 664;33;0;2;1;21;1
202200024365;770 665;7;0;0;0;1;1
202200024366;770 663;2;1;0;1;1;1
202200024367;770 659;7;0;2;3;13;1
202200024367;770 661;7;0;2;3;1;1
202200024367;770 662;7;0;2;3;1;1
202200024368;770 660;7;3;0;7;16;1
202200024369;770 656;7;0;2;1;1;1
202200024369;770 658;7;0;2;7;13;1
202200024370;770 655;7;0;2;1;13;1
202200024370;770 657;7;0;2;1;21;1
202200024371;770 652;15;0;2;1;14;1
202200024371;770 653;7;0;2;1;13;1
202200024372;770 651;7;0;2;1;1;2
202200024372;770 654;7;0;2;8;15;1
202200024373;770 649;7;8;0;3;2;1
202200024374;770 648;33;16;0;1;0;1
202200024375;770 646;10;0;2;1;1;1
202200024375;770 650;10;0;2;4;2;1
202200024376;770 642;7;1;0;2;2;1
202200024377;770 643;7;0;2;4;15;1
202200024377;770 644;7;0;2;1;1;1
202200024378;770 638;7;0;0;4;15;1
202200024378;770 640;1;0;0;3;21;5
202200024379;770 639;7;2;0;1;1;1
202200024380;770 637;7;0;0;1;0;1
202200024381;770 634;7;0;0;3;1;2
202200024381;770 636;2;0;0;7;12;1
202200024382;770 633;1;0;0;1;1;5
202200024383;770 635;7;0;2;7;1;2
202200024383;770 641;32;0;2;8;17;1
202200024384;770 632;10;2;0;1;1;0
202200024385;770 631;7;2;0;1;17;1
202200024386;770 629;7;2;0;1;13;1
202200024387;770 628;7;0;2;3;9;1
202200024387;770 630;15;0;2;7;1;1
202200024388;770 625;32;7;0;1;14;1
202200024389;770 624;10;0;2;3;1;1
202200024389;770 626;1;0;2;8;1;5
202200024390;770 622;34;2;0;1;13;1
202200024391;770 621;7;2;0;0;1;1
202200024392;770 619;7;0;0;6;2;1
202200024392;770 620;33;0;2;1;2;1
202200024393;770 623;7;0;2;1;12;1
202200024393;770 627;43;0;2;7;3;1
202200024394;770 617;7;0;2;3;15;1
202200024394;770 618;7;0;2;7;17;1
202200024395;770 615;7;0;2;8;1;1
202200024395;770 616;33;0;2;9;17;1
202200024396;770 612;33;13;0;1;16;1
202200024397;770 613;7;0;0;7;15;1
202200024397;770 614;2;0;2;1;1;1
202200024398;770 609;2;1;0;7;1;1
202200024398;770 610;7;0;2;1;26;2
202200024398;770 611;7;0;2;1;26;1
202200024399;770 608;7;0;0;0;1;1
202200024400;770 604;7;0;2;3;10;1
202200024400;770 606;33;0;2;2;17;1
202200024401;770 605;1;0;2;3;18;5
202200024401;770 607;7;0;2;2;1;1
202200024402;770 601;7;0;2;8;13;1
202200024402;770 602;33;0;2;8;1;1
202200024402;770 603;7;0;2;8;1;0
202200024403;770 600;7;0;0;0;0;1
202200024404;770 598;13;2;0;3;5;1
202200024405;770 599;33;4;0;8;1;1
202200024406;770 593;7;4;0;1;17;1
202200024407;770 594;7;0;2;3;1;1
202200024407;770 595;99;0;2;3;1;0
202200024408;770 590;33;13;0;1;1;1
202200024409;770 587;7;0;2;2;15;1
202200024409;770 589;31;0;2;2;1;0
202200024410;770 586;1;0;2;8;15;5
202200024410;770 588;7;0;2;3;15;1
202200024411;770 591;7;7;2;1;19;1
202200024411;770 592;7;0;2;2;1;2
202200024411;770 597;1;0;2;0;1;5
202200024412;770 584;7;0;1;0;0;1
202200024413;770 583;7;0;2;1;19;1
202200024413;770 585;33;0;2;1;1;1
202200024414;770 581;1;0;0;0;1;5
202200024415;770 578;50;0;2;1;5;3
202200024415;770 580;10;0;2;3;15;1
202200024416;770 579;7;0;2;1;1;1
202200024416;770 582;31;0;2;7;15;1
202200024417;770 577;7;6;0;1;1;1
202200024418;770 576;7;0;1;2;17;1
202200024419;770 572;7;0;9;5;15;1
202200024419;770 574;33;0;2;1;1;1
202200024420;770 575;30;0;0;7;1;1
202200024421;770 571;7;2;0;8;1;1
202200024422;770 570;32;0;2;7;1;3
202200024422;770 573;10;0;2;3;10;3
202200024423;770 569;7;9;9;2;1;2
202200024424;770 566;33;0;1;3;1;1
202200024425;770 564;1;0;1;1;1;5
202200024426;770 563;7;0;1;4;4;1
202200024427;770 558;7;0;2;4;1;1
202200024427;770 560;10;0;2;1;0;0
202200024428;770 559;50;0;2;7;19;3
202200024428;770 562;7;0;2;2;1;1
202200024429;770 557;7;0;2;1;15;1
202200024429;770 561;31;0;2;1;1;1
202200024430;770 553;7;0;2;1;3;1
202200024430;770 555;7;0;2;4;1;1
202200024430;770 556;7;0;2;4;1;1
202200024431;770 552;7;0;2;5;23;1
202200024431;770 554;7;0;2;2;1;1
202200024432;770 549;33;0;2;1;3;1
202200024432;770 551;7;0;2;4;2;1
202200024433;770 545;33;0;2;7;1;1
202200024433;770 546;7;0;2;0;0;1
202200024434;770 548;7;0;2;2;19;1
202200024434;770 550;2;0;2;3;19;1
202200024435;770 542;10;0;2;3;24;1
202200024435;770 544;7;0;2;6;15;1
202200024435;770 547;7;0;2;1;17;1
202200024436;770 541;7;0;2;7;1;1
202200024436;770 543;7;4;2;1;17;1
202200024437;770 539;7;4;0;3;1;1
202200024438;770 538;10;0;2;1;13;1
202200024438;770 540;14;0;2;3;1;1
202200024439;770 534;7;13;0;1;1;0
202200024440;770 533;33;0;0;7;1;1
202200024441;770 535;7;9;0;1;1;1
202200024442;770 532;7;0;2;7;1;1
202200024442;770 536;7;0;2;3;1;1
202200024443;770 528;7;6;0;1;17;1
202200024444;770 526;7;0;2;1;9;1
202200024444;770 531;1;0;2;7;1;5
202200024445;770 525;7;0;2;1;1;1
202200024445;770 530;7;0;2;4;23;1
202200024446;770 524;10;0;2;4;2;1
202200024446;770 527;7;0;2;4;2;1
202200024446;770 529;7;0;2;1;2;1
202200024447;770 523;7;2;0;3;1;1
202200024448;770 521;7;4;0;1;1;1
202200024449;770 519;7;0;2;7;15;0
202200024449;770 522;7;0;2;3;16;1
202200024450;770 517;7;8;0;2;15;1
202200024450;770 518;10;8;0;1;1;0
202200024451;770 516;7;0;1;4;4;1
202200024452;770 512;43;0;2;8;3;1
202200024452;770 515;7;0;2;7;12;1
202200024453;770 510;7;1;0;0;14;1
202200024453;770 513;15;0;2;3;0;1
202200024454;770 511;7;0;1;3;1;1
202200024455;770 509;7;0;2;3;23;1
202200024455;770 514;32;0;2;3;21;1
202200024456;770 507;30;15;0;1;5;1
202200024457;770 506;32;7;0;1;1;1
202200024458;770 504;32;1;0;1;0;1
202200024459;770 502;32;0;0;0;26;1
202200024460;770 501;7;0;2;4;1;1
202200024460;770 503;7;0;2;4;1;1
202200024460;770 505;7;0;2;4;1;1
202200024460;770 508;7;0;2;1;1;1
202200024461;770 500;7;13;0;1;1;1
202200024462;770 497;7;0;2;3;1;1
202200024462;770 499;33;0;2;0;1;1
202200024463;770 496;37;0;2;1;1;2
202200024463;770 498;7;0;2;4;1;1
202200024464;770 495;7;2;0;3;1;1
202200024465;770 492;7;0;0;1;1;1
202200024465;770 494;7;0;0;8;1;1
202200024466;770 490;7;0;2;6;9;1
202200024466;770 493;7;0;2;1;1;1
202200024467;770 489;32;0;2;3;15;0
202200024467;770 491;31;0;2;1;1;1
202200024468;770 487;7;13;0;3;1;1
202200024469;770 482;30;0;2;2;12;1
202200024469;770 485;7;0;2;6;0;0
202200024470;770 484;7;0;2;4;1;1
202200024470;770 486;7;0;2;9;1;1
202200024470;770 488;7;0;2;1;1;1
202200024471;770 480;80;0;0;7;1;3
202200024472;770 481;7;0;2;3;15;0
202200024472;770 483;33;0;2;1;1;0
202200024473;770 478;30;0;2;4;2;1
202200024473;770 479;7;0;2;1;1;1
202200024474;770 475;30;0;0;0;21;1
202200024475;770 473;7;13;0;3;26;1
202200024476;770 474;7;0;2;3;1;1
202200024476;770 477;7;3;2;1;14;1
202200024477;770 472;1;0;0;9;1;5
202200024478;770 470;7;0;1;8;1;2
202200024479;770 468;7;0;2;3;15;1
202200024479;770 471;33;0;2;8;1;1
202200024480;770 465;7;0;2;1;1;1
202200024480;770 469;7;0;2;4;1;1
202200024481;770 466;7;0;2;2;26;1
202200024481;770 467;33;0;2;8;1;1
202200024482;770 462;10;1;0;6;0;1
202200024482;770 463;7;1;2;3;5;1
202200024482;770 464;10;0;2;2;1;1
202200024483;770 456;10;0;2;1;1;1
202200024483;770 460;7;0;2;4;26;1
202200024484;770 459;33;0;2;1;1;1
202200024484;770 461;7;0;2;4;2;1
202200024485;770 458;7;2;0;2;0;1
202200024486;770 455;14;1;0;0;24;1
202200024486;770 457;7;14;0;1;2;1
202200024487;770 450;7;0;2;3;13;1
202200024487;770 452;7;0;2;3;1;1
202200024488;770 451;7;0;2;1;13;1
202200024488;770 454;14;0;2;3;1;1
202200024489;770 449;7;0;2;1;1;1
202200024489;770 453;7;0;2;4;1;1
202200024490;770 443;7;1;0;3;13;1
202200024491;770 441;30;0;2;1;0;1
202200024491;770 445;36;0;2;1;0;1
202200024492;770 440;7;0;2;6;11;1
202200024492;770 442;15;0;2;2;1;1
202200024492;770 444;7;0;2;2;1;1
202200024493;770 439;7;0;2;1;1;1
202200024493;770 446;7;0;2;8;19;1
202200024494;770 436;7;6;0;1;0;1
202200024495;770 435;10;0;2;0;17;1
202200024495;770 437;7;0;2;1;2;1
202200024495;770 438;7;0;2;0;2;1
202200024496;770 432;7;13;0;1;1;1
202200024497;770 429;7;13;0;9;1;1
202200024498;770 428;31;14;0;7;1;1
202200024498;770 431;7;0;0;0;23;1
202200024499;770 425;36;0;0;0;1;1
202200024500;770 426;10;0;2;4;2;1
202200024500;770 427;10;0;2;1;1;1
202200024500;770 430;10;0;2;7;12;1
202200024500;770 433;32;0;2;1;3;3
202200024500;770 434;7;0;2;8;1;1
202200024501;770 424;10;2;0;9;13;1
202200024502;770 422;7;0;1;1;15;0
202200024503;770 423;32;0;1;1;18;1
202200024504;770 420;7;2;0;3;13;1
202200024505;770 419;10;0;2;3;2;1
202200024505;770 421;7;0;2;5;2;1
202200024506;770 412;7;0;2;3;13;1
202200024506;770 416;2;0;2;1;1;1
202200024507;770 413;31;0;2;0;1;1
202200024507;770 418;7;0;2;2;12;1
202200024508;770 414;7;0;2;1;1;1
202200024508;770 417;7;0;2;1;5;1
202200024509;770 410;1;0;0;8;1;5
202200024510;770 408;13;0;2;1;1;1
202200024510;770 411;7;3;2;1;13;1
202200024511;770 406;10;0;2;1;13;1
202200024511;770 407;15;0;2;3;1;1
202200024512;770 404;7;0;0;0;1;0
202200024513;770 405;7;0;2;1;2;1
202200024513;770 409;7;0;2;4;2;1
202200024514;770 401;2;12;0;1;1;1
202200024515;770 399;7;0;2;2;1;1
202200024515;770 403;36;0;2;4;1;1
202200024516;770 400;7;13;0;1;1;1
202200024517;770 397;7;2;0;1;13;1
202200024518;770 398;7;0;0;3;15;1
202200024518;770 402;33;0;2;1;1;1
202200024519;770 392;7;0;2;3;1;1
202200024519;770 394;33;0;2;1;15;1
202200024520;770 390;7;0;0;1;21;1
202200024520;770 391;33;0;2;0;1;1
202200024521;770 393;7;0;1;2;1;1
202200024522;770 388;33;0;2;1;17;1
202200024522;770 389;7;0;2;1;1;1
202200024523;770 387;33;14;0;0;1;1
202200024524;770 384;10;7;0;1;1;6
202200024525;770 385;7;0;1;3;1;1
202200024526;770 383;7;0;2;8;1;1
202200024526;770 386;7;0;2;1;1;1
202200024527;770 382;2;1;0;0;26;1
202200024528;770 378;40;0;2;6;1;3
202200024528;770 380;7;0;4;1;13;1
202200024529;770 379;7;0;1;1;1;1
202200024530;770 376;7;0;2;1;21;1
202200024530;770 377;7;0;2;1;1;1
202200024530;770 381;7;0;0;0;17;1
202200024531;770 375;7;0;0;0;2;1
202200024532;770 372;7;0;2;5;15;1
202200024532;770 374;33;0;2;1;1;1
202200024533;770 371;32;0;2;1;0;1
202200024533;770 373;7;0;2;3;15;1
202200024534;770 369;99;1;0;1;18;1
202200024535;770 367;32;0;2;4;1;1
202200024535;770 368;2;0;2;1;1;1
202200024536;770 370;7;0;1;1;1;1
202200024537;770 365;7;0;2;3;9;1
202200024537;770 366;2;0;2;5;1;3
202200024538;770 363;7;0;2;2;15;1
202200024538;770 364;33;0;2;1;1;1
202200024539;770 360;7;0;2;3;0;1
202200024539;770 361;7;0;2;3;0;1
202200024540;770 362;7;0;1;1;1;1
202200024541;770 357;10;11;0;3;13;1
202200024542;770 354;31;0;0;1;1;1
202200024543;770 353;7;3;0;1;1;1
202200024544;770 355;7;0;2;1;1;1
202200024545;770 351;7;0;1;1;1;1
202200024546;770 350;7;0;2;6;1;1
202200024546;770 352;32;0;2;1;1;1
202200024547;770 346;7;0;2;1;2;1
202200024547;770 349;15;0;0;4;2;1
202200024548;770 345;7;0;2;2;17;0
202200024548;770 347;30;0;2;3;15;1
202200024549;770 344;7;0;2;1;1;1
202200024549;770 348;7;0;2;5;1;2
202200024550;770 341;7;0;2;3;2;1
202200024550;770 343;17;0;0;5;23;1
202200024551;770 340;1;0;2;1;11;5
202200024551;770 342;1;0;2;1;1;5
202200024552;770 337;7;0;2;9;17;1
202200024552;770 339;10;0;2;7;1;1
202200024553;770 336;60;0;2;7;25;5
202200024553;770 338;7;0;2;1;9;1
202200024554;770 332;30;0;2;1;5;1
202200024554;770 334;32;0;2;1;1;1
202200024555;770 331;13;0;2;1;1;6
202200024555;770 333;10;0;2;1;13;6
202200024556;770 327;7;0;2;1;1;2
202200024556;770 329;80;0;2;5;1;3
202200024557;770 326;15;0;9;5;17;1
202200024557;770 328;1;0;0;8;2;5
202200024558;770 330;33;0;2;1;1;1
202200024558;770 335;7;0;2;6;1;1
202200024559;770 325;50;0;0;0;1;3
202200024560;770 324;7;4;0;3;1;1
202200024561;770 322;7;0;2;8;19;1
202200024561;770 323;34;0;2;1;2;1
202200024562;770 319;10;0;1;1;1;1
202200024563;770 315;7;0;2;8;1;1
202200024563;770 317;7;0;2;7;21;1
202200024563;770 320;7;0;2;3;13;1
202200024563;770 321;7;0;2;0;17;1
202200024564;770 314;32;4;0;1;9;0
202200024565;770 312;10;0;2;2;1;1
202200024565;770 313;7;0;2;3;5;1
202200024566;770 311;7;2;2;1;13;1
202200024567;770 308;7;0;2;1;15;1
202200024567;770 310;7;0;2;6;1;1
202200024568;770 307;33;0;2;2;17;1
202200024568;770 309;3;0;0;6;15;1
202200024569;770 305;10;3;0;1;1;1
202200024570;770 304;7;1;2;3;15;1
202200024570;770 306;1;0;2;1;1;5
202200024571;770 301;7;0;1;2;1;1
202200024572;770 297;10;0;2;8;1;1
202200024572;770 299;10;0;2;2;1;1
202200024572;770 300;7;0;2;4;1;2
202200024572;770 303;7;0;2;8;1;1
202200024573;770 295;7;0;2;3;0;1
202200024573;770 298;7;0;2;5;1;1
202200024574;770 296;7;0;2;2;14;1
202200024574;770 302;7;0;2;3;26;1
202200024575;770 293;3;0;1;3;17;0
202200024576;770 294;15;1;1;1;21;1
202200024577;770 290;7;3;0;2;14;1
202200024578;770 289;7;0;2;7;1;6
202200024578;770 291;7;0;2;0;0;6
202200024579;770 287;7;0;1;2;1;1
202200024580;770 286;7;0;2;2;9;1
202200024580;770 292;1;0;2;4;1;5
202200024581;770 283;7;0;2;2;2;1
202200024581;770 285;10;0;0;3;2;1
202200024581;770 288;7;0;0;4;1;1
202200024582;770 279;7;0;2;7;1;1
202200024582;770 281;7;0;2;1;15;1
202200024583;770 278;2;0;2;4;15;1
202200024583;770 280;10;0;2;1;2;1
202200024584;770 276;1;0;2;1;1;5
202200024584;770 277;7;0;2;5;1;1
202200024585;770 275;7;0;1;3;1;1
202200024586;770 274;7;0;1;2;1;1
202200024587;770 273;33;12;0;2;14;1
202200024588;770 271;60;0;0;1;1;5
202200024589;770 272;7;8;0;1;14;1
202200024590;770 267;7;0;2;3;11;1
202200024590;770 269;33;0;2;1;1;1
202200024591;770 268;7;2;0;3;1;1
202200024592;770 270;33;0;0;8;13;1
202200024593;770 263;7;0;2;4;1;1
202200024593;770 266;10;0;2;1;1;1
202200024594;770 262;33;0;2;1;1;1
202200024594;770 265;7;0;2;2;19;1
202200024595;770 264;7;0;1;2;26;1
202200024596;770 261;33;0;0;0;1;1
202200024597;770 258;7;0;0;8;0;1
202200024597;770 259;33;0;0;0;1;1
202200024597;770 260;33;0;2;8;1;1
202200024598;770 257;7;4;0;2;0;1
202200024599;770 252;10;0;2;1;1;1
202200024599;770 254;10;0;2;1;13;1
202200024600;770 250;10;0;2;1;2;1
202200024600;770 251;7;0;2;4;23;1
202200024600;770 255;7;0;2;4;23;1
202200024601;770 249;7;13;0;3;13;1
202200024602;770 253;1;0;2;2;19;5
202200024602;770 256;37;0;9;7;1;1
202200024603;770 247;7;0;1;1;1;1
202200024604;770 246;7;0;2;5;17;1
202200024604;770 248;1;0;2;3;0;5
202200024605;770 243;7;0;2;7;19;1
202200024605;770 245;33;0;2;1;17;1