Num_Acc;id_vehicule;categorie_vehicule;obstacle_fixe;obstacle_mobile;point_choc_initial;manoeuvre_principale;motorisation
202200024606;770 241;7;0;2;1;1;1
202200024606;770 244;7;0;2;4;1;1
202200024607;770 239;7;0;2;3;1;1
202200024607;770 240;7;0;2;3;1;1
202200024607;770 242;7;0;2;3;0;1
202200024608;770 238;7;0;1;2;1;2
202200024609;770 234;33;0;2;1;13;1
202200024609;770 236;7;0;2;3;1;1
202200024610;770 235;2;0;2;1;1;1
202200024610;770 237;7;0;2;3;15;1
202200024611;770 230;1;0;2;1;1;5
202200024611;770 233;7;0;9;5;19;5
202200024612;770 231;7;0;1;1;1;1
202200024613;770 229;2;0;2;8;26;1
202200024613;770 232;7;0;2;3;1;1
202200024614;770 225;7;0;0;4;1;1
202200024614;770 228;7;0;2;1;1;1
202200024615;770 226;7;0;2;3;1;1
202200024615;770 227;33;0;2;1;5;1
202200024616;770 221;7;0;2;3;1;1
202200024616;770 223;7;0;0;3;1;1
202200024617;770 222;33;0;0;0;1;1
202200024618;770 220;7;0;2;2;15;1
202200024618;770 224;7;0;2;1;1;1
202200024619;770 218;10;0;9;2;17;1
202200024619;770 219;1;0;2;3;15;5
202200024620;770 217;7;13;0;2;14;1
202200024621;770 215;33;3;0;7;1;1
202200024622;770 216;7;0;1;3;1;1
202200024623;770 214;33;0;0;9;21;1
202200024624;770 211;7;0;2;1;1;1
202200024624;770 213;7;0;2;7;13;1
202200024625;770 209;7;0;2;7;1;1
202200024625;770 212;34;0;2;0;0;1
202200024626;770 207;7;0;2;7;16;1
202200024626;770 208;13;0;2;3;2;1
202200024627;770 206;33;13;0;7;1;1
202200024628;770 204;7;9;0;1;1;1
202200024629;770 203;7;0;2;1;1;1
202200024629;770 205;3;0;2;2;0;1
202200024630;770 201;33;0;2;6;21;1
202200024630;770 202;7;0;2;3;23;1
202200024631;770 199;13;0;2;1;1;1
202200024631;770 200;7;0;2;2;15;1
202200024632;770 193;7;0;2;8;19;1
202200024632;770 197;7;0;2;1;1;1
202200024633;770 195;7;13;2;3;1;1
202200024633;770 196;2;0;2;1;17;1
202200024634;770 186;7;0;2;1;1;1
202200024634;770 190;7;0;2;3;19;1
202200024635;770 188;10;0;2;6;2;1
202200024635;770 191;7;0;2;2;2;1
202200024636;770 187;7;0;2;1;21;1
202200024636;770 189;35;0;2;2;5;1
202200024637;770 181;10;0;2;4;26;1
202200024637;770 184;7;0;2;1;1;1
202200024638;770 179;2;12;0;1;1;1
202200024639;770 180;1;0;2;8;1;5
202200024639;770 183;7;0;2;1;19;1
202200024640;770 177;7;0;2;8;13;1
202200024640;770 178;33;0;2;8;21;1
202200024641;770 176;7;0;1;1;1;1
202200024642;770 175;7;0;0;1;1;1
202200024643;770 173;1;0;2;1;1;5
202200024643;770 174;10;0;2;2;1;1
202200024644;770 168;7;0;2;3;21;1
202200024644;770 171;7;0;2;4;1;1
202200024644;770 172;7;0;2;1;2;1
202200024645;770 169;99;0;0;8;1;1
202200024646;770 167;33;0;2;1;1;1
202200024646;770 170;7;0;2;5;9;1
202200024647;770 165;7;15;0;1;1;1
202200024648;770 162;7;4;2;0;6;1
202200024648;770 164;14;0;2;3;1;1
202200024649;770 160;10;0;2;7;1;3
202200024649;770 161;10;0;2;1;1;1
202200024650;770 158;7;0;2;2;1;3
202200024650;770 159;7;0;2;3;1;1
202200024651;770 163;7;0;2;3;1;1
202200024651;770 166;1;0;2;4;24;5
202200024652;770 157;7;13;0;2;14;1
202200024653;770 155;1;0;1;0;1;5
202200024654;770 153;7;0;2;2;19;1
202200024654;770 154;7;0;2;1;1;0
202200024655;770 151;32;16;0;0;0;1
202200024656;770 156;33;0;0;0;1;1
202200024657;770 150;7;2;0;3;16;1
202200024658;770 149;7;0;2;3;5;1
202200024658;770 152;7;0;2;1;1;1
202200024659;770 145;7;0;2;1;2;1
202200024659;770 146;7;0;2;4;2;1
202200024660;770 143;33;0;0;8;1;1
202200024661;770 141;10;0;0;4;1;1
202200024661;770 142;10;0;2;1;2;1
202200024662;770 136;7;0;2;3;0;1
202200024662;770 138;7;0;2;1;5;1
202200024663;770 135;50;14;0;1;1;3
202200024664;770 134;20;16;0;4;23;1
202200024665;770 133;7;2;0;2;16;1
202200024666;770 132;33;0;0;1;1;1
202200024667;770 130;7;0;0;0;19;0
202200024668;770 128;7;0;2;3;0;1
202200024668;770 129;7;0;2;3;0;1
202200024669;770 127;7;0;2;1;19;1
202200024669;770 131;7;0;2;3;15;1
202200024670;770 124;7;0;2;6;15;1
202200024670;770 126;32;0;2;1;1;1
202200024671;770 123;7;0;9;0;2;1
202200024671;770 125;1;0;2;1;2;5
202200024672;770 122;33;12;0;1;1;1
202200024673;770 120;7;6;0;9;1;1
202200024674;770 121;7;0;5;1;1;1
202200024675;770 116;7;0;2;1;13;1
202200024675;770 118;1;0;2;1;1;5
202200024676;770 117;7;0;2;4;2;1
202200024676;770 119;7;0;0;1;2;1
202200024677;770 113;7;13;0;1;1;1
202200024678;770 112;7;0;2;3;23;1
202200024678;770 114;33;0;2;8;3;1
202200024678;770 115;10;0;2;2;23;1
202200024679;770 111;7;0;1;3;1;0
202200024680;770 108;30;0;2;1;26;1
202200024680;770 110;30;14;2;0;0;0
202200024681;770 106;1;0;2;7;15;6
202200024681;770 109;7;0;2;3;9;1
202200024682;770 105;7;0;0;6;2;1
202200024682;770 107;33;0;2;1;1;1
202200024683;770 103;1;0;2;1;1;5
202200024683;770 104;7;0;2;2;15;1
202200024684;770 101;7;0;2;2;1;1
202200024684;770 102;50;0;2;1;19;3
202200024685;770 100;7;8;0;2;0;1
202200024686;770 098;7;1;0;4;24;1
202200024686;770 099;10;0;0;4;24;1
202200024687;770 095;17;0;2;1;26;1
202200024687;770 097;7;0;2;1;13;1
202200024688;770 093;1;0;2;0;0;5
202200024688;770 096;7;0;9;2;2;1
202200024689;770 094;10;0;1;2;1;1
202200024690;770 090;1;0;2;1;1;5
202200024690;770 092;37;0;2;2;16;1
202200024691;770 089;7;0;2;8;26;1
202200024691;770 091;33;0;2;2;1;1
202200024692;770 086;7;0;2;3;15;1
202200024692;770 087;2;0;2;1;1;1
202200024693;770 085;7;4;0;1;16;1
202200024694;770 081;10;0;2;1;1;1
202200024694;770 083;7;0;2;1;1;1
202200024695;770 082;7;0;1;4;20;1
202200024696;770 084;7;0;2;1;1;1
202200024696;770 088;2;0;2;8;9;1
202200024697;770 078;7;4;2;1;26;1
202200024697;770 080;7;0;2;4;1;1
202200024698;770 077;30;0;2;7;17;1
202200024698;770 079;7;0;2;8;15;0
202200024699;770 075;7;0;2;8;17;1
202200024699;770 076;31;0;2;1;1;1
202200024700;770 074;7;16;0;0;21;1
202200024701;770 071;2;0;2;7;1;1
202200024701;770 073;7;0;2;3;9;1
202200024702;770 072;7;0;1;1;0;0
202200024703;770 070;33;6;0;1;1;1
202200024704;770 066;7;0;2;0;0;1
202200024704;770 069;7;0;2;1;21;1
202200024705;770 067;7;0;2;1;1;1
202200024705;770 068;7;0;2;1;1;1
202200024706;770 065;33;13;0;1;1;1
202200024707;770 064;30;0;0;0;23;1
202200024708;770 062;33;0;2;3;1;1
202200024708;770 063;7;0;2;2;16;0
202200024709;770 059;7;0;2;4;2;1
202200024709;770 061;7;1;2;1;1;1
202200024710;770 056;7;0;2;1;1;1
202200024710;770 058;7;0;2;1;13;1
202200024711;770 054;50;0;2;2;25;3
202200024711;770 055;7;0;2;2;26;1
202200024712;770 057;1;0;2;8;1;5
202200024712;770 060;7;0;2;2;2;1
202200024713;770 051;7;0;2;4;1;1
202200024713;770 052;7;0;2;1;1;1
202200024714;770 049;7;0;2;1;15;1
202200024714;770 053;17;0;2;7;1;1
202200024715;770 050;7;15;0;3;0;1
202200024716;770 047;7;0;0;3;0;1
202200024716;770 048;7;0;2;3;0;1
202200024717;770 046;7;0;1;1;0;1
202200024718;770 043;7;0;2;3;13;1
202200024718;770 045;7;0;2;3;1;1
202200024719;770 042;1;0;2;1;2;5
202200024719;770 044;7;0;2;1;1;1
202200024720;770 041;7;0;1;2;1;1
202200024721;770 039;7;6;0;1;13;2
202200024722;770 040;7;7;0;1;1;1
202200024723;770 038;7;10;1;1;9;1
202200024724;770 037;30;0;0;8;1;1
202200024725;770 035;15;0;1;5;1;1
202200024726;770 032;33;0;2;8;1;1
202200024726;770 034;7;0;2;3;15;1
202200024727;770 031;50;0;2;1;0;3
202200024727;770 033;7;0;2;4;1;1
202200024727;770 036;7;0;2;8;1;1
202200024728;770 029;31;6;0;1;1;1
202200024729;770 026;1;0;2;0;0;5
202200024729;770 027;1;0;2;0;0;5
202200024730;770 024;7;0;2;1;9;0
202200024730;770 025;1;0;2;8;0;5
202200024731;770 019;7;0;2;3;1;0
202200024731;770 021;50;0;2;0;1;3
202200024732;770 018;7;0;2;1;1;1
202200024732;770 022;7;0;2;1;5;1
202200024733;770 015;7;0;9;3;1;1
202200024733;770 016;7;0;1;3;1;1
202200024734;770 014;10;0;2;4;19;1
202200024734;770 017;7;0;2;3;26;1
202200024735;770 010;7;0;1;1;10;1
202200024736;770 011;10;0;2;1;2;1
202200024736;770 013;3;0;0;4;2;1
202200024737;770 009;34;0;2;4;23;1
202200024737;770 012;33;0;2;4;1;1
202200024738;770 008;7;0;1;2;15;1
202200024739;770 006;7;0;1;2;1;1
202200024740;770 005;7;0;1;2;1;1
202200024741;770 004;7;0;2;1;13;1
202200024741;770 007;7;0;2;1;1;1
202200024742;770 001;7;0;2;4;2;1
202200024742;770 003;13;0;2;1;2;1
202200024743;770 000;33;0;2;1;1;1
202200024743;770 002;7;0;2;3;26;1
202200024744;769 999;10;13;0;1;14;1
202200024745;769 996;7;0;2;5;2;1
202200024745;769 997;7;0;0;0;1;0
202200024745;769 998;33;0;2;0;13;1
202200024746;769 993;7;0;2;2;15;1
202200024746;769 995;30;0;2;1;18;1
202200024747;769 992;32;0;2;1;15;0
202200024747;769 994;7;0;2;1;1;0
202200024748;769 991;7;8;0;2;1;1
202200024749;769 990;7;13;0;3;26;1
202200024750;769 985;7;0;2;1;1;1
202200024750;769 988;7;0;2;4;23;1
202200024751;769 986;7;1;0;3;1;3
202200024751;769 987;7;0;0;5;26;1
202200024752;769 983;7;0;2;1;1;1
202200024752;769 984;10;0;2;2;5;0
202200024753;769 981;7;0;2;4;1;1
202200024753;769 982;7;0;2;1;1;1
202200024754;769 978;7;0;2;6;1;1
202200024754;769 979;7;0;2;1;1;1
202200024755;769 977;7;1;0;3;13;1
202200024756;769 975;7;1;0;1;1;1
202200024757;769 976;7;4;2;3;1;1
202200024757;769 980;7;0;2;3;13;1
202200024758;769 972;7;0;2;1;0;1
202200024758;769 974;7;0;2;2;17;1
202200024759;769 970;7;0;2;1;26;1
202200024759;769 973;10;0;2;1;19;1
202200024760;769 971;33;14;0;1;26;1
202200024761;769 968;33;4;0;8;13;1
202200024762;769 967;7;0;2;1;15;1
202200024762;769 969;7;0;2;1;1;1
202200024763;769 963;7;0;1;2;1;1
202200024764;769 961;7;0;2;4;1;1
202200024764;769 964;2;0;2;1;1;1
202200024765;769 962;7;0;2;2;12;2
202200024765;769 965;34;0;2;6;1;1
202200024766;769 960;7;0;1;2;1;1
202200024767;769 958;7;0;1;2;1;1
202200024768;769 956;50;0;2;1;1;3
202200024768;769 957;7;0;2;1;17;1
202200024769;769 953;7;0;2;1;17;1
202200024769;769 959;7;0;2;1;5;1
202200024770;769 954;7;0;2;8;15;1
202200024770;769 955;7;0;2;1;17;1
202200024771;769 951;80;0;2;1;1;3
202200024771;769 952;7;0;2;3;15;1
202200024772;769 950;7;2;0;8;1;1
202200024773;769 949;7;0;1;1;26;1
202200024774;769 947;7;0;2;1;10;1
202200024774;769 948;31;0;2;7;1;1
202200024775;769 945;38;0;1;2;15;1
202200024776;769 944;2;0;2;1;15;1
202200024776;769 946;7;0;2;2;1;1
202200024777;769 940;2;0;2;1;1;1
202200024777;769 942;7;0;2;1;15;1
202200024778;769 939;7;0;2;1;1;1
202200024778;769 941;7;0;2;4;1;1
202200024778;769 943;7;0;2;4;1;1
202200024779;769 938;30;0;0;7;1;1
202200024780;769 935;7;0;2;4;2;1
202200024780;769 937;10;0;2;1;2;1
202200024781;769 933;10;0;2;1;2;1
202200024781;769 936;7;0;2;4;2;1
202200024782;769 932;7;0;2;6;1;1
202200024782;769 934;7;0;2;1;1;1
202200024783;769 930;2;0;2;1;21;1
202200024783;769 931;7;0;2;1;9;1
202200024784;769 929;33;13;0;1;1;1
202200024785;769 928;37;0;1;1;26;1
202200024786;769 927;7;2;0;1;14;1
202200024787;769 925;7;0;1;1;26;1
202200024788;769 924;7;4;0;1;1;1
202200024789;769 923;10;0;2;1;1;1
202200024789;769 926;7;0;9;4;15;1
202200024790;769 921;7;0;2;4;2;1
202200024790;769 922;10;0;2;1;2;1
202200024791;769 919;7;0;1;3;16;1
202200024792;769 918;7;0;2;1;5;1
202200024792;769 920;7;1;2;1;1;1
202200024793;769 915;32;0;0;0;0;0
202200024793;769 917;7;0;2;1;15;1
202200024794;769 914;50;0;2;1;1;3
202200024794;769 916;7;0;2;3;15;1
202200024795;769 913;7;13;0;3;1;1
202200024796;769 910;10;0;2;1;15;1
202200024796;769 912;7;0;2;1;1;1
202200024797;769 909;32;0;2;1;3;1
202200024797;769 911;10;0;2;6;1;1
202200024798;769 906;33;0;2;6;10;1
202200024798;769 908;33;0;2;1;1;1
202200024799;769 907;7;7;0;2;1;1
202200024800;769 903;10;0;1;3;1;1
202200024801;769 904;33;0;2;1;2;1
202200024801;769 905;10;0;2;6;2;1
202200024802;769 897;10;0;9;3;23;1
202200024802;769 900;1;0;2;1;2;5
202200024803;769 895;1;0;2;0;0;5
202200024803;769 898;1;0;2;0;1;5
202200024803;769 899;1;0;2;0;1;5
202200024803;769 901;1;0;2;0;1;5
202200024803;769 902;1;0;2;0;2;5
202200024804;769 894;7;1;2;3;13;6
202200024804;769 896;1;0;2;3;1;5
202200024805;769 892;7;6;0;0;1;1
202200024806;769 890;30;0;2;1;1;1
202200024806;769 891;10;0;2;7;15;1
202200024807;769 888;7;0;1;4;20;1
202200024808;769 889;7;0;0;0;0;1
202200024809;769 885;7;3;0;9;1;1
202200024810;769 884;7;0;2;8;15;1
202200024810;769 887;50;0;2;7;17;3
202200024811;769 883;7;0;2;3;15;1
202200024811;769 886;7;0;2;1;1;1
202200024812;769 878;1;0;2;1;16;5
202200024812;769 881;7;0;2;3;15;1
202200024813;769 879;7;0;1;1;1;1
202200024814;769 880;7;0;2;4;2;1
202200024814;769 882;33;0;2;1;11;1
202200024815;769 876;7;0;2;1;26;1
202200024815;769 877;7;0;2;8;1;1
202200024816;769 875;7;0;1;1;4;1
202200024817;769 874;7;0;1;1;1;1
202200024818;769 868;7;0;2;4;23;1
202200024818;769 870;7;0;2;1;2;1
202200024819;769 871;7;0;2;1;1;1
202200024819;769 873;7;0;2;4;1;1
202200024820;769 869;7;0;2;1;1;1
202200024820;769 872;50;0;2;4;1;3
202200024821;769 866;7;0;0;6;23;1
202200024821;769 867;32;0;2;1;3;1
202200024822;769 863;7;1;0;2;1;1
202200024822;769 864;7;0;2;6;24;1
202200024823;769 862;50;0;0;0;1;3
202200024824;769 861;7;0;2;1;2;1
202200024824;769 865;7;0;2;4;2;1
202200024825;769 858;7;0;2;1;1;1
202200024825;769 860;7;0;2;2;15;1
202200024826;769 859;7;15;0;2;1;1
202200024827;769 856;7;0;2;4;1;1
202200024827;769 857;32;1;2;1;3;1
202200024828;769 852;7;0;2;1;1;1
202200024828;769 855;33;0;2;4;15;1
202200024829;769 848;7;14;2;1;1;1
202200024829;769 849;7;14;2;4;1;1
202200024829;769 851;7;3;2;4;1;1
202200024829;769 853;7;0;2;4;23;2
202200024830;769 850;7;0;1;3;14;
202200024830;769 854;7;0;0;2;23;1
202200024831;769 845;30;0;1;1;1;1
202200024832;769 846;1;0;2;1;1;5
202200024832;769 847;7;0;2;5;22;2
202200024833;769 843;33;4;2;7;1;1
202200024834;769 840;7;1;0;2;16;1
202200024835;769 839;43;0;2;3;1;1
202200024835;769 842;10;0;2;3;18;1
202200024836;769 841;7;0;2;8;1;1
202200024836;769 844;7;0;2;7;14;1
202200024837;769 836;7;8;0;1;1;1
202200024837;769 838;7;0;0;8;26;1
202200024838;769 835;1;0;2;4;10;5
202200024838;769 837;7;0;2;3;1;0
202200024839;769 833;7;2;0;1;1;1
202200024840;769 834;7;4;0;3;1;1
202200024841;769 832;1;12;0;1;13;5
202200024842;769 829;7;0;2;3;17;1
202200024842;769 830;1;0;2;1;1;5
202200024843;769 828;7;0;2;3;17;1
202200024843;769 831;1;0;0;0;0;5
202200024844;769 827;32;0;1;1;1;1
202200024845;769 824;7;0;2;3;1;1
202200024845;769 825;7;0;2;2;15;0
202200024846;769 823;30;0;2;1;14;1
202200024846;769 826;1;0;2;8;2;0
202200024847;769 820;10;2;0;1;6;1
202200024848;769 818;50;0;2;8;1;3
202200024848;769 821;7;0;9;8;19;0
202200024849;769 819;17;0;2;2;1;1
202200024849;769 822;7;0;2;8;11;1
202200024850;769 816;7;0;1;7;2;0
202200024851;769 815;1;0;2;1;0;5
202200024851;769 817;10;0;2;4;4;0
202200024852;769 813;10;0;1;3;2;1
202200024853;769 811;7;0;1;1;16;1
202200024854;769 807;10;0;2;1;1;1
202200024854;769 809;50;0;2;8;19;3
202200024855;769 808;99;0;2;0;25;5
202200024855;769 810;7;0;2;4;4;1
202200024856;769 805;33;0;2;7;1;1
202200024856;769 806;7;11;0;1;1;1
202200024857;769 803;7;0;1;3;9;1
202200024858;769 800;7;0;2;1;1;1
202200024858;769 801;7;0;2;8;1;1
202200024859;769 802;0;0;0;0;0;0
202200024859;769 804;1;0;0;0;0;5
202200024860;769 797;7;0;1;2;16;1
202200024861;769 793;37;0;2;5;2;1
202200024861;769 795;31;12;2;3;2;1
202200024862;769 794;7;0;2;8;1;1
202200024862;769 796;30;0;2;7;15;1
202200024863;769 792;33;0;0;0;21;1
202200024864;769 789;7;0;2;0;13;1
202200024864;769 790;80;0;2;3;1;3
202200024865;769 788;10;0;1;1;1;1
202200024866;769 787;1;0;2;1;9;5
202200024866;769 791;7;0;2;7;26;1
202200024867;769 785;10;0;2;8;1;1
202200024867;769 786;80;0;2;1;1;3
202200024868;769 782;31;0;2;3;1;1
202200024868;769 784;7;0;2;2;1;1
202200024869;769 780;7;0;0;2;15;1
202200024869;769 781;43;0;0;1;1;1
202200024870;769 777;7;0;2;1;26;0
202200024870;769 778;7;0;2;1;1;2
202200024871;769 779;7;0;2;4;1;1
202200024871;769 783;10;0;2;1;1;1
202200024872;769 775;7;0;2;8;15;1
202200024872;769 776;43;0;2;1;3;1
202200024873;769 772;80;0;2;1;5;3
202200024873;769 773;50;0;2;1;5;3
202200024874;769 771;30;0;2;1;0;1
202200024874;769 774;30;0;2;7;13;1
202200024875;769 770;7;0;1;2;16;1
202200024876;769 767;7;0;2;2;0;1
202200024876;769 769;31;0;0;4;0;1
202200024877;769 765;7;13;0;3;13;1
202200024878;769 766;7;0;2;2;16;1
202200024878;769 768;1;0;2;0;0;5
202200024879;769 762;7;0;1;1;1;1
202200024880;769 760;7;3;0;1;11;1
202200024881;769 758;2;0;0;0;15;1
202200024882;769 757;1;13;0;1;1;5
202200024883;769 759;7;0;2;1;1;1
202200024883;769 761;7;0;2;2;15;1
202200024884;769 756;7;2;0;0;0;1
202200024885;769 755;7;2;0;8;0;1
202200024886;769 754;7;2;0;3;1;1
202200024887;769 753;33;0;2;1;1;1
202200024888;769 751;7;0;2;2;0;1
202200024888;769 752;10;0;2;1;0;1
202200024889;769 750;7;0;1;1;15;1
202200024890;769 747;2;0;0;8;0;1
202200024891;769 748;32;0;2;1;13;1
202200024891;769 749;7;0;2;8;1;1
202200024892;769 746;7;0;1;2;1;1
202200024893;769 745;7;6;0;1;16;1
202200024894;769 741;7;0;2;3;26;1
202200024894;769 743;80;0;2;1;1;3
202200024895;769 742;7;0;2;3;1;2
202200024895;769 744;10;0;2;3;13;1
202200024896;769 740;7;2;0;1;13;1
202200024897;769 739;10;0;0;0;13;1
202200024898;769 738;14;1;1;6;26;1
202200024899;769 736;7;0;2;2;15;1
202200024899;769 737;7;0;2;1;1;1
202200024900;769 733;7;0;0;6;1;1
202200024900;769 734;7;0;2;2;1;1
202200024901;769 730;17;0;2;3;1;1
202200024901;769 731;7;0;2;3;1;1
202200024902;769 729;7;0;1;7;1;1
202200024903;769 728;7;13;0;2;1;1
202200024904;769 725;2;0;2;1;2;1
202200024904;769 726;10;0;2;6;2;1
202200024905;769 723;7;0;2;1;1;1
202200024905;769 724;7;0;0;4;15;1
202200024906;769 721;14;0;2;1;1;1
202200024906;769 722;7;0;2;1;13;1
202200024907;769 719;7;0;2;7;15;1
202200024907;769 720;2;0;2;1;1;1
202200024908;769 717;7;0;2;1;1;1
202200024908;769 718;10;0;2;1;1;1
202200024909;769 715;10;0;2;2;1;1
202200024909;769 716;7;0;2;1;2;1
202200024910;769 713;7;0;2;3;13;1
202200024910;769 714;17;0;2;3;1;1
202200024911;769 711;10;0;2;1;1;1
202200024911;769 712;17;0;2;4;1;1
202200024912;769 706;7;0;2;3;1;1
202200024912;769 707;10;0;2;5;1;1
202200024912;769 708;7;0;2;1;1;1
202200024912;769 709;17;0;0;5;1;1
202200024912;769 710;17;0;2;8;1;1
202200024913;769 704;10;8;0;3;0;1
202200024914;769 702;7;0;2;1;1;1
202200024914;769 703;7;0;2;1;1;3
202200024915;769 700;7;0;0;3;17;1
202200024915;769 701;7;0;0;3;1;1
202200024916;769 698;7;6;1;1;11;1
202200024916;769 699;7;0;0;3;23;1
202200024917;769 696;7;0;2;1;2;3
202200024917;769 697;10;0;2;4;2;1
202200024918;769 705;99;0;2;1;2;1
202200024918;769 727;7;0;2;4;23;1
202200024918;769 732;7;0;2;4;2;1
202200024918;769 735;7;0;9;4;23;1
202200024919;769 694;7;0;2;4;1;1
202200024919;769 695;7;0;2;3;2;1
202200024920;769 692;7;4;0;1;2;1
202200024921;769 689;10;0;0;4;1;1
202200024921;769 690;7;0;2;1;1;1
202200024921;769 691;7;0;0;0;0;1
202200024922;769 684;7;0;2;1;2;1
202200024922;769 685;7;0;2;4;2;1
202200024922;769 687;7;0;2;4;2;1
202200024922;769 688;7;0;2;4;1;1
202200024923;769 681;7;1;0;1;2;1
202200024923;769 682;7;1;0;4;2;1
202200024923;769 683;10;0;2;6;2;1
202200024924;769 686;7;0;2;1;26;1
202200024924;769 693;7;0;2;6;2;1
202200024925;769 680;7;0;0;1;19;1
202200024926;769 678;7;13;0;1;26;1
202200024927;769 673;7;0;2;4;11;1
202200024927;769 674;37;0;2;2;1;1
202200024927;769 675;7;0;2;6;1;1
202200024927;769 677;7;0;2;8;1;1
202200024928;769 670;13;0;2;1;1;1
202200024928;769 671;7;0;2;5;1;1
202200024928;769 672;7;0;2;3;9;2
202200024929;769 667;7;0;2;4;1;1
202200024929;769 669;7;0;2;1;12;1
202200024930;769 661;7;0;2;9;1;1
202200024930;769 662;7;0;2;9;1;2
202200024930;769 663;7;0;2;4;1;1
202200024930;769 665;7;0;2;3;1;1
202200024931;769 659;7;0;2;1;1;1
202200024931;769 660;10;0;2;4;1;1
202200024932;769 664;7;0;2;1;1;1
202200024932;769 666;7;0;2;4;23;1
202200024932;769 668;7;0;2;4;23;1
202200024933;769 657;7;0;2;4;1;1
202200024933;769 658;7;3;2;1;1;1
202200024934;769 655;7;0;2;4;1;1
202200024934;769 656;7;0;2;2;18;1
202200024935;769 654;7;0;0;9;1;1
202200024936;769 652;7;17;0;2;1;1
202200024937;769 651;7;0;1;3;1;6
202200024938;769 645;10;0;2;3;15;1
202200024938;769 646;2;0;2;1;15;1
202200024939;769 644;7;0;2;1;12;1
202200024940;769 643;7;2;0;3;13;1
202200024941;769 641;7;0;2;1;21;1
202200024941;769 642;7;0;2;8;1;1
202200024942;769 640;7;0;1;1;1;1
202200024943;769 639;7;0;1;7;1;1
202200024944;769 637;14;0;2;4;2;1
202200024944;769 638;7;0;2;1;2;1
202200024945;769 635;7;0;1;1;16;1
202200024946;769 633;7;0;2;3;1;1
202200024946;769 634;2;0;2;1;17;1
202200024947;769 631;7;0;2;1;1;1
202200024947;769 632;7;0;2;4;1;1
202200024948;769 629;7;0;2;3;0;1
202200024948;769 630;34;0;2;1;6;1
202200024949;769 628;7;0;1;1;1;1
202200024950;769 626;7;0;2;3;0;1
202200024950;769 627;7;0;2;0;13;0
202200024951;769 625;7;0;1;1;0;1
202200024952;769 623;7;0;2;4;23;1
202200024952;769 624;7;0;2;1;2;1
202200024953;769 619;7;0;2;1;23;1
202200024953;769 620;7;0;2;3;26;1
202200024953;769 621;7;0;2;8;23;1
202200024953;769 622;7;0;2;3;23;1
202200024954;769 617;7;0;9;2;1;1
202200024954;769 618;50;0;2;2;9;3
202200024955;769 616;0;0;1;1;2;0
202200024956;769 615;33;0;2;0;1;1
202200024957;769 613;7;0;2;6;11;1
202200024957;769 614;33;0;2;7;1;1
202200024958;769 612;40;0;1;2;1;3
202200024959;769 610;30;0;2;4;23;3
202200024959;769 611;10;0;2;1;2;1
202200024960;769 608;7;0;2;2;1;1
202200024960;769 609;30;0;2;3;15;1
202200024961;769 606;10;1;2;1;2;1
202200024961;769 607;7;0;2;4;23;1
202200024962;769 604;30;0;2;7;1;1
202200024962;769 605;80;0;2;5;1;3
202200024963;769 602;33;0;2;4;23;1
202200024963;769 603;10;0;2;3;2;1
202200024964;769 600;80;12;2;1;17;3
202200024964;769 601;50;0;2;1;1;3
202200024965;769 599;7;0;1;1;1;2
202200024966;769 597;2;0;2;1;1;3
202200024966;769 598;7;0;2;3;10;3
202200024967;769 595;1;0;2;3;1;5
202200024967;769 596;7;0;2;2;15;1
202200024968;769 594;7;0;1;0;15;0
202200024969;769 593;1;0;1;4;25;5
202200024970;769 592;30;0;1;1;2;1
202200024971;769 590;7;0;0;6;24;0
202200024971;769 591;10;1;0;2;2;0
202200024972;769 589;7;0;1;3;9;1
202200024973;769 587;31;0;0;1;1;1
202200024973;769 588;7;0;0;3;10;2
202200024974;769 586;7;1;0;1;15;1
202200024975;769 585;32;0;2;2;1;1
202200024976;769 583;7;0;9;0;25;1
202200024976;769 584;1;0;0;0;0;5
202200024977;769 582;33;0;1;1;18;1
202200024978;769 578;7;0;1;1;15;1
202200024978;769 579;7;0;2;6;1;1
202200024978;769 580;7;0;2;1;1;1
202200024978;769 581;1;0;2;8;1;5
202200024979;769 576;7;0;2;6;15;1
202200024979;769 577;30;0;2;1;17;1
202200024980;769 575;30;12;0;1;16;1
202200024981;769 573;1;0;2;8;1;5
202200024981;769 574;7;0;2;1;9;1
202200024982;769 571;30;0;2;1;1;1
202200024982;769 572;10;0;2;7;15;1
202200024983;769 570;7;1;0;2;1;1
202200024984;769 569;33;8;0;0;21;1
202200024985;769 568;10;0;1;2;1;1
202200024986;769 566;7;0;2;7;5;1
202200024986;769 567;7;0;2;1;1;1
202200024987;769 565;7;13;0;2;1;1
202200024988;769 562;1;0;0;1;1;5
202200024988;769 563;1;0;0;1;1;5
202200024988;769 564;7;0;2;3;15;1
202200024989;769 559;7;0;2;3;13;1
202200024989;769 560;7;0;2;2;1;1
202200024989;769 561;10;0;2;3;1;1
202200024990;769 557;2;0;2;1;1;1
202200024990;769 558;7;0;2;1;1;1
202200024991;769 554;32;0;2;3;18;1
202200024991;769 555;14;0;2;2;1;1
202200024992;769 553;2;0;0;0;1;1
202200024993;769 549;21;0;0;6;15;1
202200024993;769 550;7;0;2;1;17;1
202200024994;769 548;7;6;0;1;1;1
202200024995;769 546;33;0;2;3;1;1
202200024995;769 547;7;0;2;3;13;1
202200024996;769 545;13;0;1;3;16;1
202200024997;769 544;31;0;0;0;1;1
202200024998;769 542;7;0;2;3;9;1
202200024998;769 543;31;0;2;1;1;1
202200024999;769 540;2;0;2;8;5;1
202200024999;769 541;7;0;2;3;1;1
202200025000;769 538;7;0;2;8;19;1
202200025000;769 539;7;0;2;1;1;1
202200025001;769 537;7;13;0;2;0;1
202200025002;769 535;1;0;2;3;15;5
202200025002;769 536;7;0;9;7;19;1