Num_Acc;id_vehicule;categorie_vehicule;obstacle_fixe;obstacle_mobile;point_choc_initial;manoeuvre_principale;motorisation
202200025003;769 534;7;7;0;8;13;1
202200025004;769 532;2;0;2;7;17;1
202200025004;769 533;2;0;2;8;1;1
202200025005;769 526;7;13;0;3;13;1
202200025006;769 524;10;0;2;3;1;1
202200025006;769 525;2;0;2;1;1;1
202200025007;769 523;7;6;0;3;1;1
202200025008;769 522;7;4;0;2;1;1
202200025009;769 520;80;0;2;1;0;3
202200025009;769 521;7;0;9;1;0;1
202200025010;769 518;7;0;2;7;0;1
202200025010;769 519;31;0;2;1;0;1
202200025011;769 515;15;1;0;4;2;1
202200025011;769 516;15;0;0;4;23;1
202200025011;769 517;15;1;0;1;2;1
202200025012;769 514;7;0;1;3;1;1
202200025013;769 513;7;13;0;9;1;1
202200025014;769 510;33;0;2;1;13;1
202200025014;769 511;33;0;2;1;0;1
202200025015;769 508;33;0;2;1;2;1
202200025015;769 509;10;0;2;3;10;1
202200025016;769 505;33;0;2;1;1;1
202200025016;769 506;7;0;2;3;1;1
202200025017;769 504;7;2;0;2;0;1
202200025018;769 503;33;16;0;7;1;1
202200025019;769 501;30;0;2;1;1;1
202200025019;769 502;10;0;2;7;19;1
202200025020;769 499;7;0;2;3;0;1
202200025020;769 500;33;0;2;2;1;1
202200025021;769 497;7;0;9;1;1;1
202200025021;769 498;1;0;2;1;1;5
202200025022;769 491;7;0;2;4;2;1
202200025022;769 492;7;0;2;4;2;1
202200025022;769 493;10;0;2;4;2;1
202200025022;769 494;7;0;2;4;2;1
202200025022;769 495;7;0;2;4;2;1
202200025022;769 496;7;0;2;1;1;1
202200025023;769 489;7;0;2;1;2;1
202200025023;769 490;10;0;2;4;2;1
202200025024;769 486;7;0;2;4;2;1
202200025024;769 487;7;0;2;4;2;1
202200025024;769 488;7;0;2;1;2;1
202200025025;769 484;7;0;2;4;2;1
202200025025;769 485;10;0;2;1;2;1
202200025026;769 482;7;0;2;7;1;1
202200025026;769 483;15;0;2;8;13;1
202200025027;769 480;7;0;2;5;12;1
202200025027;769 481;31;0;2;3;3;1
202200025028;769 478;43;4;2;7;17;1
202200025028;769 479;10;0;0;0;0;0
202200025029;769 475;7;0;2;0;1;2
202200025029;769 476;17;0;2;1;1;1
202200025029;769 477;7;0;2;8;9;1
202200025030;769 473;7;0;2;2;14;1
202200025030;769 474;33;0;2;3;3;3
202200025031;769 471;31;0;2;7;3;1
202200025031;769 472;7;0;2;2;14;1
202200025032;769 468;7;0;2;1;0;1
202200025032;769 469;7;0;2;4;0;1
202200025032;769 470;10;0;2;1;26;1
202200025033;769 465;7;0;2;4;2;1
202200025033;769 466;7;0;2;4;2;1
202200025033;769 467;7;0;2;1;2;1
202200025034;769 463;7;0;2;4;2;1
202200025034;769 464;7;3;2;1;2;1
202200025035;769 462;7;4;0;3;6;1
202200025036;769 460;33;0;2;3;3;1
202200025036;769 461;7;0;0;7;12;1
202200025037;769 459;34;0;1;0;0;0
202200025038;769 458;30;0;1;1;1;1
202200025039;769 457;7;0;1;1;15;1
202200025040;769 456;10;0;1;1;17;2
202200025041;769 455;10;0;1;1;26;1
202200025042;769 451;7;0;2;1;15;1
202200025042;769 452;7;0;2;6;1;1
202200025043;769 450;7;0;1;1;17;1
202200025044;769 448;30;0;2;1;0;1
202200025044;769 449;30;0;2;1;0;1
202200025045;769 446;7;0;2;1;23;1
202200025045;769 447;33;0;2;1;1;1
202200025046;769 444;1;0;2;1;17;5
202200025046;769 445;7;0;2;5;4;1
202200025047;769 442;7;8;2;3;0;1
202200025047;769 443;7;3;2;1;17;1
202200025048;769 441;30;0;1;1;14;1
202200025049;769 439;30;0;2;8;11;1
202200025049;769 440;7;0;2;2;1;1
202200025050;769 437;7;0;2;3;19;1
202200025050;769 438;30;0;2;1;19;1
202200025051;769 435;7;0;2;6;23;1
202200025051;769 436;7;0;2;2;1;1
202200025052;769 432;7;0;2;9;2;1
202200025052;769 433;7;0;2;3;2;1
202200025052;769 434;10;0;2;4;2;1
202200025053;769 430;7;0;2;1;9;0
202200025053;769 431;7;1;2;7;2;1
202200025054;769 428;7;0;2;7;9;0
202200025054;769 429;7;0;2;1;1;0
202200025055;769 426;7;0;2;4;1;1
202200025055;769 427;7;0;2;1;1;1
202200025056;769 425;30;0;0;7;1;1
202200025057;769 424;7;8;0;1;1;1
202200025058;769 423;7;6;0;1;14;1
202200025059;769 421;7;0;2;4;24;1
202200025059;769 422;7;0;2;1;2;1
202200025060;769 419;7;0;2;1;13;1
202200025060;769 420;10;0;2;1;1;1
202200025061;769 418;7;9;0;1;1;1
202200025062;769 415;10;0;2;4;23;1
202200025062;769 416;7;0;2;4;23;0
202200025062;769 417;10;14;0;1;1;1
202200025063;769 414;7;0;1;2;1;3
202200025064;769 413;31;6;0;7;14;1
202200025065;769 411;7;0;2;1;13;0
202200025065;769 412;33;0;2;1;1;1
202200025066;769 410;7;15;0;1;14;1
202200025067;769 409;37;15;0;5;16;6
202200025068;769 407;1;0;2;1;19;5
202200025068;769 408;7;0;2;8;26;1
202200025069;769 406;1;0;1;0;13;5
202200025070;769 404;1;0;2;4;1;5
202200025070;769 405;10;0;2;2;1;1
202200025071;769 402;10;0;2;3;1;1
202200025071;769 403;10;0;2;1;1;1
202200025072;769 401;7;6;0;1;13;1
202200025073;769 399;7;0;2;4;1;1
202200025073;769 400;7;0;2;1;2;1
202200025074;769 397;33;0;2;1;1;1
202200025074;769 398;15;0;2;5;1;1
202200025075;769 395;33;0;2;1;1;1
202200025075;769 396;7;0;2;2;9;1
202200025076;769 391;7;0;2;1;1;0
202200025076;769 392;7;0;2;4;2;0
202200025076;769 393;7;0;2;4;2;0
202200025076;769 394;10;0;2;4;2;0
202200025077;769 390;7;0;1;4;4;1
202200025078;769 388;7;0;2;1;1;1
202200025078;769 389;7;0;2;1;15;1
202200025079;769 387;10;0;2;1;26;1
202200025080;769 385;7;0;2;8;1;1
202200025080;769 386;7;0;2;1;0;1
202200025081;769 384;1;0;1;4;0;5
202200025082;769 383;7;0;1;3;1;1
202200025083;769 382;7;0;1;2;16;1
202200025084;769 380;7;0;2;8;1;1
202200025084;769 381;7;0;2;3;6;1
202200025085;769 379;36;3;0;2;1;1
202200025086;769 377;7;0;2;2;15;1
202200025086;769 378;2;0;2;1;1;1
202200025087;769 375;7;0;2;1;9;1
202200025087;769 376;7;0;2;8;1;1
202200025088;769 374;7;0;1;1;16;1
202200025089;769 372;7;0;2;2;15;1
202200025089;769 373;7;0;2;1;9;1
202200025090;769 369;7;0;2;1;1;1
202200025090;769 370;7;0;2;1;1;1
202200025090;769 371;10;0;0;5;1;1
202200025091;769 367;7;0;2;2;15;1
202200025091;769 368;80;0;2;8;1;3
202200025092;769 365;40;0;2;2;19;3
202200025092;769 366;33;0;4;1;19;1
202200025093;769 364;30;12;0;1;26;3
202200025094;769 361;7;0;2;1;14;1
202200025094;769 362;7;0;2;4;1;1
202200025094;769 363;7;0;2;8;1;1
202200025095;769 359;33;0;2;1;1;1
202200025095;769 360;37;0;2;1;15;3
202200025096;769 357;7;0;2;1;1;1
202200025096;769 358;7;0;2;8;1;1
202200025097;769 351;7;0;0;0;0;1
202200025097;769 352;30;0;0;0;0;1
202200025098;769 349;7;0;2;1;9;1
202200025098;769 350;1;0;2;7;1;5
202200025099;769 347;10;0;2;4;2;1
202200025099;769 348;7;0;2;1;2;1
202200025100;769 346;7;0;1;8;15;1
202200025101;769 344;7;0;2;2;15;1
202200025101;769 345;7;0;2;1;1;1
202200025102;769 342;7;0;2;3;13;1
202200025102;769 343;21;0;2;8;1;1
202200025103;769 340;2;0;2;1;1;3
202200025103;769 341;14;0;2;6;26;1
202200025104;769 338;7;0;2;4;23;1
202200025104;769 339;7;0;2;1;2;1
202200025105;769 336;2;0;0;0;0;0
202200025105;769 337;2;0;2;1;18;1
202200025106;769 334;7;0;2;1;1;1
202200025106;769 335;7;0;2;3;1;1
202200025107;769 332;7;0;2;0;0;1
202200025107;769 333;7;0;2;3;26;1
202200025108;769 330;7;0;2;1;1;1
202200025108;769 331;7;0;2;2;1;1
202200025109;769 328;1;0;2;1;1;5
202200025109;769 329;34;0;2;8;16;1
202200025110;769 326;7;0;2;7;15;1
202200025110;769 327;32;0;2;1;17;1
202200025111;769 324;7;0;2;8;9;1
202200025111;769 325;7;0;2;0;1;1
202200025112;769 322;7;0;2;3;11;2
202200025112;769 323;33;0;2;2;17;1
202200025113;769 321;32;0;0;8;1;1
202200025114;769 319;7;0;2;1;1;3
202200025114;769 320;7;0;2;5;1;1
202200025115;769 318;32;0;1;1;1;1
202200025116;769 315;1;0;2;0;1;5
202200025116;769 316;30;0;2;0;14;1
202200025117;769 314;50;0;1;1;0;3
202200025118;769 312;50;0;2;7;19;3
202200025118;769 313;7;0;2;3;1;1
202200025119;769 310;32;0;2;0;1;1
202200025119;769 311;7;0;2;1;1;1
202200025120;769 307;7;0;2;4;0;1
202200025120;769 309;10;0;2;1;0;1
202200025121;769 306;7;1;0;4;26;1
202200025121;769 308;7;0;2;4;24;1
202200025122;769 302;16;0;2;4;1;1
202200025122;769 305;7;0;2;1;1;1
202200025123;769 301;7;0;2;1;1;1
202200025123;769 303;7;1;2;1;1;1
202200025123;769 304;7;0;2;4;0;1
202200025124;769 299;7;2;0;1;14;1
202200025125;769 298;7;0;2;3;15;1
202200025125;769 300;2;0;2;3;15;1
202200025126;769 295;7;0;2;1;26;0
202200025126;769 297;32;0;2;8;1;1
202200025127;769 291;7;0;0;0;0;1
202200025127;769 293;7;0;2;5;0;1
202200025127;769 294;7;0;2;4;2;1
202200025127;769 296;7;0;2;3;2;1
202200025128;769 290;7;0;2;6;11;1
202200025128;769 292;34;0;2;1;1;1
202200025129;769 287;10;0;2;2;15;1
202200025129;769 288;32;0;2;1;1;1
202200025130;769 286;7;7;0;1;14;1
202200025131;769 285;7;0;1;1;1;1
202200025132;769 282;7;0;0;4;1;1
202200025132;769 284;7;0;2;1;17;1
202200025133;769 281;43;0;2;1;1;1
202200025133;769 283;7;0;2;7;15;1
202200025134;769 279;33;0;2;1;1;1
202200025134;769 280;7;0;9;6;15;2
202200025135;769 277;7;0;2;1;9;1
202200025135;769 278;13;0;2;7;1;1
202200025136;769 275;7;0;2;1;19;1
202200025136;769 276;7;0;2;8;1;1
202200025137;769 273;60;0;2;0;0;5
202200025137;769 274;7;0;2;0;16;
202200025138;769 272;7;13;0;3;13;1
202200025139;769 271;7;6;0;8;0;1
202200025140;769 269;30;0;2;1;1;1
202200025140;769 270;7;0;2;4;1;0
202200025141;769 266;7;0;2;3;1;1
202200025141;769 268;7;0;2;3;1;1
202200025142;769 265;30;0;2;7;15;1
202200025142;769 267;7;0;2;1;1;2
202200025143;769 264;7;6;0;1;1;1
202200025144;769 263;10;0;1;0;1;2
202200025145;769 260;7;0;2;3;15;1
202200025145;769 262;31;0;2;7;17;1
202200025146;769 261;30;0;0;0;23;1
202200025147;769 259;7;13;0;3;1;1
202200025148;769 257;33;0;0;0;21;1
202200025148;769 258;7;0;2;0;1;0
202200025149;769 255;1;0;2;1;1;5
202200025149;769 256;7;0;9;4;1;1
202200025150;769 251;99;0;2;0;1;1
202200025150;769 253;7;0;2;2;11;1
202200025151;769 252;33;0;0;0;1;1
202200025151;769 254;7;0;2;8;19;1
202200025152;769 249;10;3;0;3;14;1
202200025153;769 247;10;0;2;3;1;1
202200025153;769 248;7;0;2;5;2;1
202200025153;769 250;7;0;2;3;2;1
202200025154;769 245;7;0;2;1;1;1
202200025154;769 246;7;0;2;1;13;1
202200025155;769 242;33;0;2;3;13;1
202200025155;769 243;7;0;2;3;1;1
202200025156;769 239;33;0;2;1;1;1
202200025156;769 241;7;0;2;2;21;1
202200025157;769 237;33;0;2;1;13;1
202200025157;769 238;7;0;2;3;1;1
202200025158;769 236;7;2;0;1;1;1
202200025159;769 235;7;2;0;1;13;1
202200025160;769 234;31;8;0;1;0;1
202200025161;769 233;32;0;0;0;1;1
202200025162;769 232;7;8;0;8;1;1
202200025163;769 231;7;2;0;3;1;1
202200025164;769 229;7;0;2;1;1;1
202200025164;769 230;7;0;2;1;13;1
202200025165;769 227;7;0;2;2;1;1
202200025165;769 228;13;0;2;3;1;1
202200025166;769 226;7;0;0;0;1;1
202200025167;769 225;33;3;0;1;26;1
202200025168;769 223;7;0;2;3;13;2
202200025168;769 224;7;0;2;3;0;1
202200025169;769 221;14;0;2;3;1;1
202200025169;769 222;7;0;2;3;13;1
202200025170;769 220;7;2;0;6;1;1
202200025171;769 218;7;0;2;3;1;1
202200025171;769 219;2;0;2;1;13;1
202200025172;769 216;32;0;2;3;1;1
202200025172;769 217;7;0;2;5;12;1
202200025173;769 215;7;13;0;2;1;1
202200025174;769 214;7;7;0;1;1;1
202200025175;769 213;7;13;0;9;1;1
202200025176;769 212;10;3;0;1;14;1
202200025177;769 211;7;3;0;0;14;1
202200025178;769 210;7;0;0;9;1;1
202200025179;769 207;10;0;2;4;2;1
202200025179;769 208;7;0;2;4;2;1
202200025179;769 209;14;0;2;1;2;1
202200025180;769 206;7;8;0;1;1;1
202200025181;769 204;7;0;2;2;15;1
202200025181;769 205;7;0;2;1;1;1
202200025182;769 202;7;0;2;9;13;1
202200025182;769 203;7;0;2;8;1;1
202200025183;769 200;7;0;9;3;5;1
202200025183;769 201;1;0;2;8;5;5
202200025184;769 198;7;0;2;5;15;1
202200025184;769 199;32;0;2;1;1;1
202200025185;769 197;7;0;0;0;0;1
202200025186;769 196;10;0;1;4;4;1
202200025187;769 194;2;0;2;7;17;1
202200025187;769 195;10;0;2;6;15;1
202200025188;769 193;7;0;1;4;20;1
202200025189;769 192;7;13;0;1;16;1
202200025190;769 191;7;8;0;2;0;1
202200025191;769 190;7;1;1;3;25;1
202200025192;769 189;7;5;0;1;1;1
202200025193;769 188;80;0;0;0;1;3
202200025194;769 186;7;0;2;8;15;1
202200025194;769 187;31;0;2;1;17;1
202200025195;769 184;7;0;2;3;15;1
202200025195;769 185;7;0;2;0;1;1
202200025196;769 183;7;9;0;1;1;1
202200025197;769 180;7;0;9;2;15;1
202200025197;769 181;1;0;2;1;1;5
202200025198;769 178;7;0;2;1;2;1
202200025198;769 179;7;0;2;4;2;1
202200025199;769 176;7;0;2;1;2;1
202200025199;769 177;7;0;2;4;2;1
202200025200;769 174;7;0;2;4;2;1
202200025200;769 175;7;0;2;1;2;1
202200025201;769 172;7;0;2;8;11;1
202200025201;769 173;33;0;2;7;3;1
202200025202;769 170;7;0;2;2;14;1
202200025202;769 171;7;0;2;8;1;3
202200025203;769 167;10;0;2;1;2;1
202200025203;769 168;7;0;2;4;2;1
202200025203;769 169;7;0;2;4;2;1
202200025204;769 165;7;0;2;4;2;1
202200025204;769 166;7;0;2;1;2;1
202200025205;769 162;7;0;2;4;2;1
202200025205;769 163;7;0;2;4;2;1
202200025205;769 164;10;0;2;1;2;1
202200025206;769 160;7;0;2;1;0;1
202200025206;769 161;7;0;2;4;2;1
202200025207;769 158;14;0;2;3;1;1
202200025207;769 159;10;0;2;5;1;1
202200025208;769 157;13;4;0;8;1;1
202200025209;769 154;10;0;2;3;1;1
202200025209;769 155;10;0;2;5;1;1
202200025209;769 156;33;0;2;1;3;1
202200025210;769 151;10;0;2;4;1;1
202200025210;769 152;7;0;2;4;2;1
202200025210;769 153;10;0;2;1;2;1
202200025211;769 149;50;0;2;1;2;3
202200025211;769 150;10;0;2;5;16;1
202200025212;769 148;1;0;1;0;0;5
202200025213;769 145;7;0;2;1;19;1
202200025213;769 146;10;16;0;8;2;1
202200025214;769 143;7;0;2;1;1;1
202200025214;769 144;7;0;2;4;0;1
202200025215;769 141;7;0;2;3;15;1
202200025215;769 142;30;0;2;5;17;1
202200025216;769 139;14;0;2;2;12;1
202200025216;769 140;7;4;2;8;1;1
202200025217;769 138;30;6;0;0;1;1
202200025218;769 136;7;0;2;3;22;1
202200025218;769 137;1;1;2;1;1;5
202200025219;769 134;7;0;2;4;23;1
202200025219;769 135;0;0;2;0;2;0
202200025220;769 133;33;0;0;0;0;1
202200025221;769 132;7;0;1;3;1;1
202200025222;769 129;7;0;2;1;15;1
202200025222;769 130;7;0;2;8;24;1
202200025222;769 131;34;0;2;2;1;1
202200025223;769 127;1;0;2;7;2;5
202200025223;769 128;7;0;2;1;9;1
202200025224;769 122;7;0;2;6;16;1
202200025224;769 123;80;0;2;7;0;3
202200025225;769 120;7;0;2;3;15;1
202200025225;769 121;33;0;2;2;17;1
202200025226;769 118;1;0;2;1;1;5
202200025226;769 119;7;0;2;2;15;1
202200025227;769 117;31;0;1;1;1;1
202200025228;769 115;1;0;2;1;16;5
202200025228;769 116;7;0;2;3;1;1
202200025229;769 113;1;0;4;1;1;5
202200025229;769 114;40;0;2;3;1;3
202200025230;769 110;7;0;2;1;5;1
202200025230;769 111;7;0;2;1;17;1
202200025230;769 112;10;0;9;0;1;1
202200025231;769 108;2;0;2;8;15;1
202200025231;769 109;7;0;2;1;1;1
202200025232;769 106;7;0;2;1;1;1
202200025232;769 107;7;0;2;4;2;1
202200025233;769 104;10;0;2;2;1;1
202200025233;769 105;33;0;2;1;5;1
202200025234;769 102;7;0;2;4;1;1
202200025234;769 103;15;0;2;1;2;1
202200025235;769 100;50;0;2;1;19;3
202200025235;769 101;7;0;9;2;1;1
202200025236;769 098;7;0;0;0;15;1
202200025236;769 099;2;0;0;0;1;3
202200025237;769 096;7;0;9;3;1;1
202200025237;769 097;80;0;2;0;13;3
202200025238;769 094;7;0;2;1;26;1
202200025238;769 095;7;0;2;7;1;0
202200025239;769 093;7;0;0;9;26;1
202200025240;769 092;7;0;1;2;26;1
202200025241;769 091;7;13;0;2;14;1
202200025242;769 089;7;0;9;8;15;1
202200025242;769 090;80;0;2;1;17;3
202200025243;769 087;7;0;2;2;15;1
202200025243;769 088;1;0;2;1;1;5
202200025244;769 085;7;0;2;1;1;1
202200025244;769 086;1;0;2;4;19;5
202200025245;769 084;10;0;1;1;1;1
202200025246;769 083;33;0;1;2;17;1
202200025247;769 082;10;0;1;1;1;1
202200025248;769 080;50;0;2;8;19;3
202200025248;769 081;7;0;2;3;1;1
202200025249;769 078;1;0;2;1;1;5
202200025249;769 079;7;0;2;3;9;2
202200025250;769 076;7;0;2;8;1;1
202200025250;769 077;50;0;2;1;2;3
202200025251;769 075;1;0;0;0;1;5
202200025252;769 072;7;0;2;1;2;1
202200025252;769 073;7;0;2;4;2;1
202200025252;769 074;7;0;2;1;2;1
202200025253;769 069;15;1;2;2;2;1
202200025253;769 070;7;1;2;4;2;1
202200025253;769 071;10;1;0;4;23;1
202200025254;769 067;7;0;2;3;15;1
202200025254;769 068;31;0;2;1;17;1
202200025255;769 065;7;0;2;4;2;1
202200025255;769 066;1;0;2;1;2;5
202200025256;769 063;7;0;2;3;9;1
202200025256;769 064;80;0;2;7;1;3
202200025257;769 061;7;0;2;1;15;1
202200025257;769 062;7;0;2;1;1;1
202200025258;769 059;7;0;2;2;15;1
202200025258;769 060;32;0;2;1;1;1
202200025259;769 058;33;8;0;1;26;1
202200025260;769 056;7;0;2;4;1;1
202200025260;769 057;7;0;2;1;2;0
202200025261;769 053;7;5;0;1;26;1
202200025262;769 051;7;0;2;7;9;1
202200025262;769 052;33;0;2;1;1;1
202200025263;769 049;33;0;2;1;2;1
202200025263;769 050;7;0;2;5;15;1
202200025264;769 047;7;0;2;1;15;1
202200025264;769 048;32;0;2;1;1;1
202200025265;769 045;7;0;2;3;15;1
202200025265;769 046;34;0;2;1;13;1
202200025266;769 043;7;0;2;3;15;1
202200025266;769 044;33;0;2;1;17;1
202200025267;769 041;33;8;2;1;13;1
202200025267;769 042;7;0;2;3;15;1
202200025268;769 039;50;0;2;1;14;3
202200025268;769 040;15;0;2;6;1;1
202200025269;769 038;7;2;0;2;26;1
202200025270;769 036;1;0;2;1;0;5
202200025270;769 037;7;0;9;2;1;1
202200025271;769 035;1;0;1;1;26;5
202200025272;769 033;1;0;2;7;1;5
202200025272;769 034;7;0;2;3;9;1
202200025273;769 031;7;0;2;1;15;1
202200025273;769 032;7;0;2;1;1;1
202200025274;769 029;7;0;2;6;11;1
202200025274;769 030;33;0;2;3;1;1
202200025275;769 027;7;0;2;3;18;1
202200025275;769 028;14;0;2;7;1;1
202200025276;769 025;43;0;2;4;1;1
202200025276;769 026;10;0;2;0;1;0
202200025277;769 021;7;0;2;1;13;1
202200025277;769 022;7;0;2;4;1;1
202200025277;769 023;7;0;2;4;1;1
202200025277;769 024;33;0;2;1;1;1
202200025278;769 020;7;0;1;7;1;1
202200025279;769 018;50;0;0;7;1;3
202200025280;769 016;10;0;2;6;23;1
202200025280;769 017;30;0;2;3;1;1
202200025281;769 015;1;0;1;2;1;5
202200025282;769 013;7;1;0;6;20;1
202200025282;769 014;7;0;2;0;24;1
202200025283;769 012;7;0;1;2;16;1
202200025284;769 011;10;0;1;4;4;1
202200025285;769 009;7;0;0;0;20;1
202200025285;769 010;50;0;2;0;1;3
202200025286;769 007;50;0;0;0;7;3
202200025286;769 008;7;0;2;6;17;1
202200025287;769 005;1;0;0;0;1;5
202200025287;769 006;32;0;2;0;21;1
202200025288;769 004;50;0;0;1;1;3
202200025289;769 001;7;0;2;0;18;1
202200025289;769 002;7;0;2;0;1;2
202200025289;769 003;7;0;2;0;24;1
202200025290;768 997;13;0;2;2;1;1
202200025290;768 999;30;0;2;3;18;1
202200025291;768 996;7;0;2;7;1;1
202200025291;768 998;43;9;2;1;14;1
202200025292;768 993;15;0;0;4;23;1
202200025292;768 995;15;0;2;1;2;1
202200025293;768 991;7;0;2;1;1;1
202200025293;768 994;7;0;2;7;1;1
202200025294;768 990;33;3;0;2;1;1
202200025295;768 988;7;0;1;0;0;1
202200025296;768 989;7;0;2;1;9;1
202200025296;768 992;43;0;2;8;0;1
202200025297;768 987;7;2;0;2;1;1
202200025298;768 984;7;13;0;9;1;1
202200025299;768 983;33;0;2;4;17;1
202200025299;768 986;0;0;2;4;0;3
202200025300;768 985;7;0;1;1;1;1
202200025301;768 982;7;13;0;1;1;1
202200025302;768 979;1;0;2;8;1;5
202200025302;768 981;7;0;2;1;15;1
202200025303;768 980;1;11;0;1;11;5
202200025304;768 974;7;1;0;2;17;1
202200025304;768 976;14;0;2;6;23;0
202200025305;768 975;33;0;2;1;13;1
202200025305;768 978;7;0;2;3;21;1
202200025306;768 973;7;0;2;4;1;1
202200025306;768 977;7;0;2;1;1;1
202200025307;768 971;2;6;0;7;1;1
202200025308;768 970;2;0;2;1;2;0
202200025308;768 972;30;0;2;7;16;1
202200025309;768 969;32;9;0;0;1;1
202200025310;768 967;43;1;1;1;1;1
202200025311;768 968;2;13;0;0;0;1
202200025312;768 965;43;14;0;3;26;1
202200025312;768 966;7;14;0;3;9;1
202200025313;768 962;7;16;9;2;1;1
202200025313;768 964;99;0;2;2;0;0
202200025314;768 958;37;0;2;1;1;2
202200025314;768 961;10;8;2;7;10;1
202200025315;768 957;30;0;2;1;1;3
202200025315;768 959;30;0;2;7;15;3
202200025316;768 953;7;0;2;1;15;1
202200025316;768 955;30;0;2;1;5;3
202200025317;768 951;32;0;9;1;0;1
202200025317;768 954;1;0;9;1;0;5
202200025318;768 949;14;0;1;2;16;1
202200025319;768 948;1;0;2;1;1;5
202200025319;768 950;7;8;2;3;21;1
202200025319;768 952;7;0;0;0;17;0
202200025320;768 946;2;0;2;3;15;1
202200025320;768 947;10;0;2;3;1;1
202200025321;768 943;33;0;0;0;0;1
202200025322;768 942;7;0;2;2;15;1
202200025322;768 945;32;0;2;1;17;1
202200025323;768 941;7;0;2;8;19;1
202200025323;768 944;2;0;2;1;1;1
202200025324;768 939;10;0;1;2;1;1
202200025325;768 937;1;0;2;1;15;5
202200025325;768 940;7;0;2;2;1;1
202200025326;768 934;7;0;2;7;16;1
202200025326;768 936;2;0;2;8;16;1
202200025327;768 933;7;0;2;1;13;1
202200025327;768 935;15;0;2;1;1;1
202200025328;768 928;7;0;2;1;1;1
202200025328;768 931;1;0;2;8;19;5
202200025329;768 929;7;0;1;3;1;1
202200025330;768 926;7;0;2;6;2;1
202200025330;768 927;7;0;0;4;2;1
202200025330;768 930;7;0;0;6;2;1
202200025330;768 932;7;1;2;2;21;1
202200025331;768 923;7;0;2;1;11;1
202200025331;768 925;7;0;2;1;13;1
202200025332;768 920;1;0;2;8;1;5
202200025332;768 924;37;0;2;2;1;2
202200025333;768 921;10;0;0;6;2;1
202200025333;768 922;7;0;2;1;2;1
202200025334;768 918;1;1;2;1;25;5
202200025334;768 919;7;0;2;2;9;1
202200025335;768 917;50;0;1;7;1;3
202200025336;768 916;7;6;0;3;1;1
202200025337;768 915;7;8;0;1;1;1
202200025338;768 914;7;2;0;1;13;1
202200025339;768 913;7;6;0;2;2;0
202200025340;768 911;13;0;2;1;1;1
202200025340;768 912;7;0;2;7;9;1
202200025341;768 910;2;0;0;7;1;1
202200025342;768 908;7;2;0;2;21;6
202200025343;768 907;33;0;2;1;17;1
202200025343;768 909;7;0;2;6;11;1
202200025344;768 906;7;2;0;0;13;1
202200025345;768 905;2;0;0;1;26;1
202200025346;768 904;7;2;0;2;0;1
202200025347;768 903;7;0;1;1;1;1
202200025348;768 902;3;13;0;9;13;1
202200025349;768 901;2;16;0;7;0;1
202200025350;768 900;7;2;0;3;13;1
202200025351;768 899;50;13;0;0;1;3
202200025352;768 894;7;0;2;1;1;1
202200025352;768 898;7;0;2;7;1;0
202200025353;768 891;7;0;2;6;15;1
202200025353;768 895;7;0;2;1;17;1
202200025353;768 897;7;0;2;1;1;1
202200025354;768 889;7;0;2;6;1;1
202200025354;768 890;7;0;2;4;2;1
202200025354;768 892;7;0;2;1;1;1
202200025354;768 893;17;0;2;6;1;1
202200025354;768 896;7;13;2;3;13;1
202200025355;768 887;7;3;0;3;1;1
202200025356;768 888;7;6;0;1;1;1
202200025357;768 886;32;0;6;1;0;1
202200025358;768 883;2;0;2;1;2;1
202200025358;768 885;7;0;2;3;17;1
202200025359;768 882;7;13;0;4;16;1
202200025359;768 884;13;0;2;1;2;1
202200025360;768 881;7;2;0;3;13;1
202200025361;768 880;33;2;0;9;21;1
202200025362;768 878;10;0;2;3;1;1
202200025362;768 879;2;0;2;1;13;1
202200025363;768 877;7;0;1;8;1;1
202200025364;768 875;15;0;2;8;1;1
202200025364;768 876;7;4;0;5;1;0
202200025365;768 872;7;0;0;5;23;1
202200025365;768 873;33;0;2;1;1;1
202200025366;768 870;7;0;2;3;23;1
202200025366;768 874;16;0;2;3;15;1
202200025367;768 871;10;6;0;1;0;1
202200025368;768 869;7;2;0;1;14;3
202200025369;768 866;33;0;0;4;2;1
202200025369;768 867;7;0;0;1;2;1
202200025370;768 864;7;13;0;9;1;1
202200025371;768 865;33;0;2;8;13;1
202200025371;768 868;21;0;2;6;1;1
202200025372;768 862;7;6;0;1;1;1
202200025373;768 861;7;0;2;1;2;1
202200025373;768 863;7;0;2;6;1;1
202200025374;768 860;7;8;0;7;1;1
202200025375;768 859;7;6;0;1;1;1
202200025376;768 857;7;0;9;3;14;2
202200025376;768 858;10;0;0;0;1;1
202200025377;768 855;7;6;0;6;1;1
202200025378;768 854;33;0;0;4;15;1
202200025378;768 856;7;0;2;3;2;1
202200025379;768 852;3;12;0;2;1;1
202200025380;768 851;7;0;2;1;2;1
202200025380;768 853;7;3;0;6;1;1
202200025381;768 850;2;8;0;3;15;1
202200025382;768 849;31;0;0;0;26;1
202200025383;768 844;7;0;9;1;2;1
202200025383;768 846;10;3;0;4;2;1
202200025383;768 847;7;3;2;5;2;1
202200025383;768 848;10;0;2;1;2;1
202200025384;768 845;1;0;0;9;1;5
202200025385;768 843;7;6;0;1;5;1
202200025386;768 842;7;0;1;3;1;1
202200025387;768 839;60;0;2;0;10;5
202200025387;768 840;1;0;9;0;0;5
202200025388;768 836;7;0;2;7;17;1
202200025388;768 837;7;0;2;3;15;1
202200025389;768 835;33;14;0;1;1;1
202200025390;768 838;7;0;2;2;15;1
202200025390;768 841;30;0;2;1;1;1
202200025391;768 834;2;8;0;2;14;1
202200025392;768 831;33;0;2;1;17;1