Num_Acc;id_vehicule;categorie_vehicule;obstacle_fixe;obstacle_mobile;point_choc_initial;manoeuvre_principale;motorisation
202200025392;768 832;7;8;0;6;15;1
202200025393;768 830;1;0;0;7;1;5
202200025393;768 833;7;0;9;3;9;1
202200025394;768 827;7;0;2;6;1;1
202200025394;768 828;7;0;2;1;1;1
202200025395;768 826;7;0;2;2;1;1
202200025395;768 829;2;0;2;3;16;1
202200025396;768 822;1;0;0;9;1;5
202200025397;768 821;2;0;2;1;1;1
202200025397;768 824;7;0;2;2;15;1
202200025398;768 823;2;0;2;8;19;1
202200025398;768 825;7;0;2;1;1;0
202200025399;768 819;7;13;0;8;13;1
202200025400;768 815;7;0;2;8;17;1
202200025400;768 817;33;0;2;7;17;1
202200025401;768 816;7;0;9;3;15;1
202200025401;768 818;2;0;2;2;26;1
202200025402;768 814;2;8;0;1;1;1
202200025403;768 812;7;0;2;3;1;1
202200025403;768 813;7;0;2;3;1;1
202200025404;768 811;36;6;0;2;1;1
202200025405;768 809;7;2;0;0;0;1
202200025406;768 808;7;0;2;1;1;1
202200025406;768 810;7;0;2;3;13;1
202200025407;768 807;33;0;0;7;1;1
202200025408;768 806;7;0;0;9;14;1
202200025409;768 804;31;0;2;1;1;1
202200025409;768 805;7;0;2;3;19;1
202200025410;768 801;43;9;0;1;26;1
202200025411;768 802;7;0;2;3;13;1
202200025411;768 803;7;0;2;3;1;1
202200025412;768 798;7;0;9;1;1;0
202200025412;768 800;10;3;0;0;1;0
202200025413;768 797;7;0;2;1;15;1
202200025413;768 799;7;0;2;1;1;1
202200025414;768 795;10;0;0;9;14;1
202200025415;768 794;10;0;0;5;23;1
202200025415;768 796;1;0;2;1;1;5
202200025416;768 791;7;0;1;9;23;1
202200025416;768 792;7;0;2;1;1;1
202200025417;768 790;7;0;2;2;15;1
202200025417;768 793;7;0;2;2;21;1
202200025418;768 788;31;0;2;2;1;1
202200025418;768 789;7;0;0;3;10;1
202200025419;768 785;7;0;2;0;1;1
202200025419;768 787;1;0;2;5;1;5
202200025420;768 784;10;4;2;2;0;0
202200025420;768 786;7;3;2;8;1;1
202200025421;768 782;7;0;2;8;1;1
202200025421;768 783;33;0;2;2;21;6
202200025422;768 780;14;0;0;6;24;1
202200025422;768 781;7;1;0;3;1;6
202200025423;768 779;7;13;0;2;1;1
202200025424;768 776;7;0;2;2;1;1
202200025424;768 778;1;0;2;1;5;5
202200025425;768 775;7;0;2;1;5;1
202200025425;768 777;33;0;2;2;1;1
202200025426;768 773;7;0;2;7;14;1
202200025426;768 774;7;0;2;8;1;1
202200025427;768 772;7;0;1;2;2;1
202200025428;768 771;7;3;0;1;0;1
202200025429;768 770;33;0;0;0;0;1
202200025430;768 768;7;0;2;4;2;1
202200025430;768 769;10;0;2;1;2;1
202200025431;768 767;7;13;0;1;0;1
202200025432;768 765;33;16;0;3;1;1
202200025433;768 764;33;4;2;7;1;1
202200025433;768 766;10;0;2;3;13;1
202200025434;768 763;7;4;0;1;0;1
202200025435;768 761;7;0;1;8;1;1
202200025436;768 760;7;0;2;4;0;0
202200025436;768 762;7;0;2;1;0;1
202200025437;768 756;3;0;2;7;15;1
202200025437;768 759;7;0;2;1;1;1
202200025438;768 753;7;0;2;4;2;1
202200025438;768 754;7;0;2;4;2;1
202200025438;768 755;7;0;2;4;2;1
202200025438;768 757;7;0;2;4;2;1
202200025438;768 758;7;0;2;1;2;1
202200025439;768 752;7;2;0;2;1;1
202200025440;768 749;7;0;0;9;1;1
202200025441;768 750;7;0;2;7;12;1
202200025441;768 751;33;0;2;8;2;1
202200025442;768 748;7;0;0;8;1;1
202200025443;768 747;33;0;0;1;15;1
202200025444;768 742;7;0;2;4;2;1
202200025444;768 744;7;0;2;4;2;1
202200025444;768 745;7;0;2;1;2;1
202200025445;768 743;33;0;2;1;17;1
202200025445;768 746;7;0;2;3;15;1
202200025446;768 740;7;0;2;1;2;1
202200025446;768 741;10;0;2;4;2;1
202200025447;768 738;7;2;0;1;1;1
202200025448;768 735;7;0;2;1;2;1
202200025448;768 736;7;0;2;4;2;1
202200025448;768 737;7;0;0;4;2;1
202200025449;768 733;80;0;2;1;1;3
202200025449;768 734;7;0;2;3;13;1
202200025450;768 730;2;7;0;2;1;1
202200025451;768 729;10;0;2;4;2;1
202200025451;768 731;7;0;2;1;2;1
202200025451;768 732;7;0;2;4;2;1
202200025452;768 728;7;4;0;3;1;1
202200025453;768 727;2;0;0;0;14;1
202200025454;768 724;14;0;2;0;0;1
202200025454;768 726;7;0;2;0;0;1
202200025455;768 723;32;0;2;1;13;1
202200025455;768 725;10;0;2;3;1;1
202200025456;768 722;7;0;0;1;0;1
202200025457;768 720;7;0;2;7;14;1
202200025457;768 721;32;0;2;8;1;1
202200025458;768 717;7;0;1;7;1;1
202200025459;768 716;10;0;2;2;1;1
202200025459;768 718;10;0;2;6;11;1
202200025460;768 715;7;0;1;1;1;1
202200025461;768 714;34;2;0;1;14;1
202200025462;768 708;7;0;2;1;1;1
202200025462;768 710;7;0;2;1;1;1
202200025463;768 707;10;0;2;4;0;1
202200025463;768 709;7;0;2;4;0;1
202200025463;768 711;7;0;2;4;0;1
202200025463;768 712;7;0;2;1;0;1
202200025464;768 702;7;0;2;2;13;1
202200025464;768 704;7;0;2;6;2;1
202200025465;768 701;7;0;9;1;1;1
202200025465;768 703;1;0;2;8;19;5
202200025466;768 699;7;0;1;1;1;1
202200025467;768 698;7;0;2;6;11;1
202200025467;768 700;33;0;2;2;3;1
202200025468;768 694;7;0;2;4;2;0
202200025468;768 696;7;0;2;4;23;0
202200025468;768 697;7;0;2;1;2;0
202200025469;768 693;33;0;2;0;1;1
202200025469;768 695;7;0;2;2;12;1
202200025470;768 691;30;0;2;2;1;1
202200025470;768 692;7;0;2;3;15;1
202200025471;768 689;33;0;2;8;1;1
202200025471;768 690;7;0;2;8;5;1
202200025472;768 687;7;0;2;2;13;1
202200025472;768 688;7;0;2;3;1;1
202200025473;768 685;33;0;2;1;3;1
202200025473;768 686;7;0;2;6;1;1
202200025474;768 682;7;0;2;6;0;1
202200025474;768 683;7;1;2;1;1;1
202200025474;768 684;10;0;2;3;16;1
202200025475;768 678;31;0;1;1;25;1
202200025476;768 676;10;0;2;4;12;1
202200025476;768 677;7;0;2;4;0;1
202200025476;768 679;7;0;2;4;1;2
202200025476;768 680;7;0;2;1;1;1
202200025476;768 681;33;0;2;1;3;1
202200025477;768 675;30;0;1;1;1;1
202200025478;768 672;30;0;2;1;1;1
202200025478;768 674;7;0;2;1;13;1
202200025479;768 669;10;0;2;1;1;1
202200025479;768 670;10;0;2;4;2;1
202200025479;768 671;7;0;2;4;1;1
202200025479;768 673;7;0;2;4;1;1
202200025480;768 667;10;0;2;3;15;1
202200025480;768 668;32;0;2;2;17;1
202200025481;768 663;7;0;2;1;15;2
202200025481;768 665;32;0;2;1;1;1
202200025482;768 662;33;0;2;8;3;1
202200025482;768 664;7;0;2;2;12;1
202200025482;768 666;10;0;2;4;1;1
202200025483;768 661;37;0;1;2;12;1
202200025484;768 658;1;0;2;1;2;5
202200025484;768 660;7;0;2;3;1;1
202200025485;768 657;1;0;2;0;0;5
202200025485;768 659;7;0;2;1;15;1
202200025486;768 656;7;0;1;4;4;0
202200025487;768 653;10;0;2;0;0;1
202200025487;768 654;10;0;2;1;1;1
202200025487;768 655;10;0;2;1;1;1
202200025488;768 652;7;0;1;3;1;1
202200025489;768 650;7;0;0;4;2;1
202200025489;768 651;15;0;2;1;26;1
202200025490;768 649;7;12;0;2;0;1
202200025491;768 647;7;0;2;1;1;1
202200025491;768 648;1;0;2;8;1;5
202200025492;768 646;32;14;0;1;1;1
202200025493;768 644;30;0;2;7;1;1
202200025493;768 645;7;0;2;3;9;1
202200025494;768 642;7;0;2;3;26;1
202200025494;768 643;33;0;2;4;2;1
202200025495;768 640;1;0;2;1;15;5
202200025495;768 641;7;0;2;2;1;2
202200025496;768 639;7;0;1;1;1;1
202200025497;768 633;7;0;2;2;1;1
202200025497;768 634;7;0;2;3;1;1
202200025498;768 629;7;0;1;1;9;1
202200025499;768 628;7;0;2;1;9;1
202200025499;768 630;33;0;2;1;3;1
202200025500;768 626;7;0;0;5;23;1
202200025500;768 627;7;0;2;1;2;1
202200025501;768 624;7;0;2;1;2;1
202200025501;768 625;7;0;2;4;2;1
202200025502;768 621;7;0;2;1;1;2
202200025502;768 623;7;0;2;5;19;1
202200025503;768 620;10;0;9;2;9;1
202200025503;768 622;1;0;2;1;1;5
202200025504;768 619;33;0;0;0;2;1
202200025505;768 618;7;0;1;1;15;1
202200025506;768 616;7;0;2;1;15;1
202200025506;768 617;7;0;2;3;1;1
202200025507;768 615;7;15;0;1;1;1
202200025508;768 613;14;0;2;3;1;1
202200025508;768 614;7;0;2;1;13;1
202200025509;768 609;7;0;2;0;0;1
202200025509;768 611;1;0;2;6;1;5
202200025510;768 608;7;0;2;4;1;1
202200025510;768 610;7;9;0;3;1;1
202200025510;768 612;7;0;2;3;13;2
202200025511;768 606;7;0;2;7;1;1
202200025511;768 607;7;0;2;1;1;1
202200025512;768 604;7;0;2;3;1;1
202200025512;768 605;3;0;2;1;10;1
202200025513;768 603;33;0;0;1;21;1
202200025514;768 600;10;0;2;6;1;1
202200025514;768 602;31;0;2;2;16;1
202200025515;768 598;7;0;2;1;26;1
202200025515;768 599;7;0;2;5;19;1
202200025515;768 601;10;0;2;2;26;1
202200025516;768 595;50;0;0;1;0;3
202200025516;768 597;1;0;2;1;0;0
202200025517;768 596;7;0;1;1;26;0
202200025518;768 592;2;0;4;1;19;1
202200025518;768 594;40;0;2;1;1;0
202200025519;768 591;31;0;2;1;3;1
202200025519;768 593;7;0;2;6;2;1
202200025520;768 588;7;0;2;2;1;1
202200025520;768 590;1;0;2;1;9;5
202200025521;768 587;7;14;2;1;1;1
202200025521;768 589;7;0;2;3;11;1
202200025522;768 585;80;0;2;7;21;3
202200025522;768 586;7;0;2;1;9;1
202200025523;768 582;7;0;2;1;16;1
202200025523;768 584;2;0;2;1;1;1
202200025524;768 581;7;0;2;2;15;1
202200025524;768 583;1;0;2;1;1;5
202200025525;768 576;7;0;2;3;9;1
202200025525;768 578;1;0;2;1;25;5
202200025526;768 577;7;0;1;1;1;1
202200025527;768 574;7;0;2;1;2;1
202200025527;768 575;7;0;2;4;15;1
202200025528;768 573;7;8;0;1;0;1
202200025529;768 572;7;1;0;8;13;1
202200025530;768 566;50;0;2;8;1;3
202200025530;768 568;7;0;2;3;9;3
202200025531;768 565;7;0;2;1;1;1
202200025531;768 567;7;0;2;7;26;1
202200025532;768 562;7;0;2;1;13;2
202200025532;768 563;7;0;2;1;1;1
202200025533;768 561;7;0;2;7;0;0
202200025533;768 564;7;0;2;1;19;1
202200025534;768 559;7;0;2;2;16;1
202200025534;768 560;30;0;2;1;18;1
202200025535;768 557;2;0;2;4;1;1
202200025535;768 558;7;0;2;2;1;1
202200025536;768 555;7;0;2;1;13;1
202200025536;768 556;33;0;2;1;1;1
202200025537;768 553;10;0;2;4;2;1
202200025537;768 554;34;0;2;1;2;1
202200025538;768 551;1;0;2;1;9;5
202200025538;768 552;7;0;2;8;1;1
202200025539;768 550;50;0;1;1;1;3
202200025540;768 548;7;0;2;1;15;1
202200025540;768 549;32;0;2;1;1;1
202200025541;768 547;7;0;1;1;1;1
202200025542;768 545;7;0;2;2;19;1
202200025542;768 546;1;0;2;8;0;5
202200025543;768 541;1;0;2;1;1;5
202200025543;768 543;7;0;2;3;9;1
202200025544;768 542;33;0;2;8;25;1
202200025544;768 544;7;0;9;2;24;1
202200025545;768 540;7;0;1;1;1;1
202200025546;768 538;7;0;9;2;17;1
202200025546;768 539;33;0;2;1;1;1
202200025547;768 536;7;0;2;3;1;1
202200025547;768 537;7;0;2;2;1;1
202200025548;768 534;7;0;1;2;9;1
202200025549;768 533;7;0;2;3;1;1
202200025549;768 535;30;0;2;6;19;1
202200025550;768 529;7;0;2;1;1;1
202200025550;768 530;30;0;2;1;1;1
202200025550;768 532;7;0;2;4;1;1
202200025551;768 528;7;0;2;1;1;1
202200025551;768 531;1;0;2;8;16;5
202200025552;768 525;30;0;2;1;1;1
202200025552;768 527;7;0;2;1;1;0
202200025553;768 524;7;0;2;2;0;1
202200025553;768 526;99;0;2;0;0;1
202200025554;768 522;32;0;0;7;1;1
202200025554;768 523;10;0;0;0;0;1
202200025555;768 520;1;0;2;0;0;5
202200025555;768 521;14;0;2;4;26;1
202200025556;768 518;7;0;2;4;2;1
202200025556;768 519;7;0;2;1;1;1
202200025557;768 514;30;0;2;1;3;1
202200025557;768 515;7;0;2;3;1;1
202200025558;768 511;1;0;2;0;1;5
202200025558;768 512;7;0;2;1;1;1
202200025559;768 510;10;0;2;8;19;0
202200025559;768 513;33;0;2;1;13;1
202200025560;768 508;7;0;2;1;2;1
202200025560;768 509;7;14;0;4;23;1
202200025561;768 507;7;1;0;2;0;1
202200025562;768 505;7;0;2;1;2;1
202200025562;768 506;7;0;0;6;24;1
202200025563;768 503;7;0;2;3;2;1
202200025563;768 504;7;0;2;5;2;1
202200025564;768 501;30;0;2;1;1;1
202200025564;768 502;7;0;2;6;10;1
202200025565;768 498;33;0;2;1;2;1
202200025565;768 500;33;0;2;4;1;1
202200025566;768 497;33;0;2;1;1;1
202200025566;768 499;7;0;2;3;1;1
202200025567;768 496;7;0;1;1;1;1
202200025568;768 494;33;0;2;1;1;1
202200025568;768 495;7;0;2;8;15;1
202200025569;768 492;7;0;2;4;1;1
202200025569;768 493;7;0;2;1;2;1
202200025570;768 490;33;0;2;1;1;1
202200025570;768 491;7;0;2;7;16;1
202200025571;768 486;7;0;2;4;1;1
202200025571;768 487;32;0;2;1;2;1
202200025572;768 488;33;1;2;1;17;1
202200025572;768 489;7;1;2;1;11;1
202200025573;768 480;7;0;2;0;0;1
202200025573;768 482;7;0;2;5;0;1
202200025573;768 483;7;0;2;8;0;1
202200025573;768 485;7;0;2;6;0;1
202200025574;768 481;31;0;0;0;0;1
202200025574;768 484;7;0;0;0;0;1
202200025575;768 479;7;13;0;2;14;1
202200025576;768 478;7;8;0;1;14;1
202200025577;768 477;7;0;1;4;4;1
202200025578;768 476;7;0;0;9;14;1
202200025579;768 473;7;0;2;1;19;1
202200025579;768 475;7;0;2;2;1;1
202200025580;768 471;30;0;1;1;17;1
202200025581;768 472;7;0;2;3;9;1
202200025581;768 474;1;0;2;1;26;5
202200025582;768 467;30;0;2;1;5;1
202200025582;768 469;7;0;2;7;1;1
202200025583;768 468;7;0;2;4;16;1
202200025583;768 470;7;0;2;1;1;1
202200025584;768 464;32;0;2;2;0;1
202200025584;768 466;7;0;2;3;9;1
202200025585;768 463;7;0;0;3;1;1
202200025585;768 465;7;0;0;3;15;1
202200025586;768 462;7;0;1;3;15;3
202200025587;768 460;7;0;1;2;2;1
202200025588;768 459;32;0;2;7;15;1
202200025588;768 461;7;0;2;3;1;1
202200025589;768 456;1;0;2;7;1;5
202200025589;768 458;7;0;2;1;9;1
202200025590;768 455;60;0;2;3;13;5
202200025590;768 457;7;0;9;8;1;1
202200025591;768 453;2;0;2;2;1;3
202200025591;768 454;7;0;2;3;9;1
202200025592;768 450;7;6;0;3;26;2
202200025593;768 447;7;0;2;5;2;1
202200025593;768 448;1;0;2;5;26;5
202200025594;768 449;7;0;2;7;14;1
202200025594;768 451;7;0;2;5;2;1
202200025594;768 452;15;0;2;8;2;1
202200025595;768 445;7;0;2;1;2;2
202200025595;768 446;7;0;2;4;2;1
202200025596;768 440;7;0;2;5;2;2
202200025596;768 441;10;0;2;1;2;1
202200025596;768 442;7;0;2;4;2;1
202200025596;768 443;7;0;2;4;2;1
202200025597;768 439;33;0;2;1;2;1
202200025597;768 444;10;0;2;4;2;1
202200025598;768 437;7;0;2;7;12;1
202200025598;768 438;31;0;2;8;3;1
202200025599;768 434;7;0;2;2;1;1
202200025599;768 435;50;0;2;2;1;3
202200025600;768 433;7;0;2;2;11;1
202200025600;768 436;43;0;2;6;1;1
202200025601;768 431;7;0;2;0;24;1
202200025601;768 432;7;0;2;0;1;1
202200025602;768 428;7;0;2;6;23;1
202200025602;768 429;1;0;2;1;17;5
202200025603;768 425;7;1;1;4;4;3
202200025604;768 426;33;0;2;1;3;1
202200025604;768 427;7;0;2;8;11;2
202200025604;768 430;7;0;2;6;1;1
202200025605;768 424;7;0;1;2;1;2
202200025606;768 421;14;0;2;5;1;1
202200025606;768 423;1;0;2;3;18;5
202200025607;768 419;7;0;2;2;7;2
202200025607;768 422;50;0;2;1;5;3
202200025608;768 418;10;0;2;2;1;3
202200025608;768 420;43;0;2;4;1;1
202200025609;768 413;7;12;2;1;2;0
202200025609;768 414;7;0;2;1;23;1
202200025609;768 415;7;0;2;4;23;1
202200025609;768 416;7;0;2;1;23;1
202200025609;768 417;7;0;2;4;23;1
202200025610;768 412;7;0;1;1;15;1
202200025611;768 411;7;0;1;1;16;1
202200025612;768 410;1;0;1;1;1;5
202200025613;768 407;37;0;2;0;15;0
202200025613;768 408;43;0;2;0;17;1
202200025614;768 406;7;0;2;2;1;1
202200025614;768 409;33;0;2;3;1;1
202200025615;768 405;7;0;1;3;1;1
202200025616;768 403;7;0;2;6;9;1
202200025616;768 404;2;0;2;2;1;1
202200025617;768 400;7;0;2;1;15;1
202200025617;768 402;1;0;2;1;1;5
202200025618;768 399;30;0;2;0;9;1
202200025618;768 401;1;0;2;2;1;5
202200025619;768 397;10;0;2;3;15;1
202200025619;768 398;1;0;2;2;1;5
202200025620;768 396;30;0;1;1;16;1
202200025621;768 395;50;1;0;1;14;3
202200025622;768 394;50;0;1;7;21;3
202200025623;768 393;7;0;1;2;1;1
202200025624;768 390;32;0;2;1;2;1
202200025624;768 392;7;0;2;3;9;2
202200025625;768 389;32;0;2;3;18;1
202200025625;768 391;7;0;2;2;14;2
202200025626;768 388;32;0;1;2;1;1
202200025627;768 386;50;1;2;5;14;3
202200025627;768 387;33;0;2;3;18;1
202200025628;768 384;34;0;2;1;1;1
202200025628;768 385;7;0;2;3;10;1
202200025629;768 382;30;0;2;1;1;1
202200025629;768 383;7;0;2;7;15;2
202200025630;768 380;30;0;2;3;1;1
202200025630;768 381;7;0;2;1;13;1
202200025631;768 377;33;0;2;1;1;1
202200025631;768 379;34;0;2;8;15;1
202200025632;768 376;1;0;2;8;1;5
202200025632;768 378;1;0;2;7;17;5
202200025633;768 375;30;0;1;1;1;3
202200025634;768 373;10;0;2;5;15;1
202200025634;768 374;1;0;2;1;1;5
202200025635;768 371;7;8;0;4;4;2
202200025636;768 370;33;0;2;3;1;1
202200025636;768 372;10;0;2;1;1;1
202200025637;768 369;50;12;0;1;14;3
202200025638;768 368;1;0;1;0;21;5
202200025639;768 367;50;0;0;2;1;3
202200025640;768 365;33;0;2;2;9;1
202200025640;768 366;31;0;2;2;1;1
202200025641;768 363;7;0;2;1;15;1
202200025641;768 364;50;0;2;3;1;3
202200025642;768 361;7;0;2;6;13;1
202200025642;768 362;43;0;2;2;1;1
202200025643;768 359;16;0;2;1;2;1
202200025643;768 360;7;0;2;4;23;1
202200025644;768 357;7;0;2;3;19;1
202200025644;768 358;7;0;2;1;1;1
202200025645;768 353;7;0;2;3;9;1
202200025645;768 354;1;0;2;4;15;5
202200025646;768 355;10;0;2;2;16;1
202200025646;768 356;30;0;2;1;2;1
202200025647;768 350;2;0;2;1;1;1
202200025647;768 352;7;0;2;7;9;1
202200025648;768 349;33;0;2;1;2;1
202200025648;768 351;7;0;2;4;2;1
202200025649;768 347;43;0;1;1;3;1
202200025650;768 346;7;0;2;4;23;1
202200025650;768 348;7;0;2;1;2;2
202200025651;768 342;7;0;2;1;1;1
202200025651;768 343;7;0;2;4;23;1
202200025651;768 345;7;0;2;4;23;1
202200025652;768 341;31;14;0;1;1;1
202200025653;768 340;7;0;2;1;14;1
202200025653;768 344;7;0;2;1;1;1
202200025654;768 339;7;1;0;3;1;1
202200025655;768 336;7;8;2;5;1;1
202200025655;768 338;32;0;2;1;1;1
202200025656;768 335;50;0;2;0;0;3
202200025656;768 337;7;0;2;0;0;1
202200025657;768 334;10;0;1;2;1;1
202200025658;768 333;32;11;0;1;15;1
202200025659;768 332;10;0;1;2;9;1
202200025660;768 331;7;0;1;2;2;0
202200025661;768 327;7;0;2;2;16;1
202200025661;768 329;50;0;2;8;1;3
202200025662;768 328;7;0;2;1;1;1
202200025662;768 330;2;0;2;4;0;1
202200025663;768 326;1;0;0;0;14;5
202200025664;768 325;7;0;1;2;1;1
202200025665;768 323;1;1;0;0;0;5
202200025665;768 324;3;0;9;5;18;0
202200025666;768 321;7;0;2;1;2;1
202200025666;768 322;15;0;2;4;2;1
202200025667;768 320;30;0;2;0;26;1
202200025668;768 318;1;1;0;1;2;5
202200025668;768 319;7;0;0;0;0;1
202200025669;768 312;10;0;2;1;1;1
202200025669;768 314;7;0;2;4;1;1
202200025669;768 316;7;0;2;4;1;2
202200025669;768 317;7;0;2;4;0;1
202200025670;768 313;32;0;2;1;1;1
202200025670;768 315;7;0;2;3;19;1
202200025671;768 310;7;0;1;2;1;1
202200025672;768 309;1;0;2;3;21;5
202200025672;768 311;7;0;2;2;16;4
202200025673;768 307;7;0;1;2;0;1
202200025674;768 306;33;0;2;1;17;1
202200025674;768 308;7;0;2;3;15;1
202200025675;768 304;80;0;2;1;1;3
202200025675;768 305;7;0;2;1;1;1
202200025676;768 302;7;0;2;1;21;2
202200025676;768 303;7;0;0;4;16;1
202200025677;768 301;33;0;0;7;1;1
202200025678;768 299;7;0;2;1;0;1
202200025678;768 300;2;0;2;1;13;1
202200025679;768 296;10;0;2;8;18;1
202200025679;768 298;32;0;2;7;1;1
202200025680;768 297;7;6;0;1;1;1
202200025681;768 295;2;1;0;1;1;1
202200025682;768 293;50;0;2;8;1;3
202200025682;768 294;7;0;2;1;10;1
202200025683;768 292;7;0;1;2;0;1
202200025684;768 291;7;0;1;1;2;1
202200025685;768 289;33;0;2;1;1;1
202200025685;768 290;7;0;2;5;15;3
202200025686;768 288;99;6;0;1;26;1
202200025687;768 287;7;16;0;0;13;1
202200025688;768 285;7;0;2;2;15;1
202200025688;768 286;33;0;2;1;1;1
202200025689;768 283;7;0;2;3;21;1
202200025689;768 284;7;0;2;3;5;1
202200025690;768 282;7;3;0;2;1;1
202200025691;768 280;7;0;0;7;19;1
202200025691;768 281;33;0;2;8;1;1
202200025692;768 278;33;0;2;1;2;1
202200025692;768 279;33;0;0;4;2;1
202200025693;768 277;33;13;0;1;14;1
202200025694;768 276;7;0;0;0;13;1
202200025695;768 275;7;15;0;9;13;1
202200025696;768 273;10;0;2;3;1;1
202200025696;768 274;99;0;2;4;13;6
202200025697;768 272;7;14;0;1;0;1
202200025698;768 271;7;13;0;1;14;1
202200025699;768 270;33;0;0;1;1;1
202200025700;768 269;7;6;0;1;1;1
202200025701;768 267;10;0;2;8;15;1
202200025701;768 268;33;0;2;8;1;1
202200025702;768 265;7;0;2;1;15;1
202200025702;768 266;2;0;2;1;1;1
202200025703;768 264;7;1;0;2;1;1
202200025704;768 262;7;0;2;1;1;1
202200025704;768 263;7;0;2;1;13;1
202200025705;768 261;7;0;1;2;20;1
202200025706;768 259;2;0;2;6;19;1
202200025706;768 260;7;0;2;3;15;1
202200025707;768 257;7;12;2;2;15;1
202200025707;768 258;7;12;2;1;1;1
202200025708;768 256;7;0;0;1;13;1
202200025709;768 255;7;0;1;2;1;1
202200025710;768 254;1;0;0;0;1;5
202200025711;768 252;2;0;2;1;5;1
202200025711;768 253;2;8;2;8;1;1
202200025712;768 251;2;0;0;0;0;1
202200025713;768 249;2;0;2;4;1;1
202200025713;768 250;7;0;2;2;1;1
202200025714;768 247;14;0;2;2;1;1
202200025714;768 248;7;0;2;1;15;1
202200025715;768 245;50;0;2;1;26;3
202200025715;768 246;1;0;2;1;26;5
202200025716;768 243;7;0;2;1;18;1
202200025716;768 244;50;0;2;7;19;3
202200025717;768 241;7;0;2;1;2;1
202200025717;768 242;50;0;2;4;2;3
202200025718;768 239;7;0;2;1;1;1
202200025718;768 240;1;0;2;1;5;5
202200025719;768 235;7;0;2;1;0;1
202200025719;768 236;7;0;2;0;0;1
202200025719;768 237;7;0;2;1;0;1
202200025719;768 238;14;0;2;4;0;1
202200025720;768 233;1;0;2;1;1;5
202200025720;768 234;7;0;2;6;9;1
202200025721;768 232;34;1;0;1;1;1
202200025722;768 231;7;0;1;1;1;1
202200025723;768 229;7;0;2;4;1;1
202200025723;768 230;7;0;2;1;1;1
202200025724;768 228;7;0;1;1;1;1
202200025725;768 226;7;0;2;2;1;1
202200025725;768 227;7;3;2;8;10;1
202200025726;768 225;7;0;1;2;1;1
202200025727;768 223;10;0;2;3;9;1
202200025727;768 224;2;0;2;1;1;1
202200025728;768 221;7;0;2;3;26;1
202200025728;768 222;2;0;2;1;26;1
202200025729;768 219;50;0;4;7;19;3
202200025729;768 220;40;0;2;3;1;3
202200025730;768 217;50;0;2;1;5;3
202200025730;768 218;7;0;2;2;1;1
202200025731;768 214;3;0;2;1;1;0
202200025731;768 215;7;0;2;4;23;1
202200025731;768 216;7;0;2;1;1;1
202200025732;768 212;7;0;2;1;9;1
202200025732;768 213;50;0;2;8;1;3
202200025733;768 210;50;0;2;0;5;3
202200025733;768 211;7;0;2;0;16;1
202200025734;768 208;2;0;0;7;1;1
202200025735;768 206;7;0;2;1;2;1
202200025735;768 207;7;0;2;4;23;1
202200025736;768 204;33;0;2;1;1;1
202200025736;768 205;30;0;2;6;19;1
202200025737;768 202;7;0;2;5;15;0
202200025737;768 203;7;0;2;1;1;0
202200025738;768 200;33;0;2;1;1;1
202200025738;768 201;7;0;2;2;1;1
202200025739;768 198;7;0;2;3;10;1
202200025739;768 199;2;0;2;1;1;1
202200025740;768 196;1;0;2;1;1;5
202200025740;768 197;7;0;9;3;23;1
202200025741;768 195;7;1;1;1;21;1
202200025742;768 193;31;0;2;0;18;1
202200025742;768 194;14;0;2;3;1;0
202200025743;768 192;30;8;0;1;14;1
202200025744;768 189;7;0;2;1;2;1
202200025744;768 190;7;0;2;4;2;1
202200025744;768 191;7;0;0;4;2;1
202200025745;768 188;30;0;0;0;14;1
202200025746;768 186;34;0;2;8;1;1
202200025746;768 187;7;0;2;0;15;0
202200025747;768 184;37;0;2;2;1;3
202200025747;768 185;1;0;2;8;9;5
202200025748;768 183;34;0;0;0;21;1
202200025749;768 181;7;0;2;3;9;1
202200025749;768 182;80;0;2;1;1;3
202200025750;768 180;1;0;1;8;1;5
202200025751;768 178;33;0;2;3;1;1
202200025751;768 179;1;0;2;1;9;5
202200025752;768 177;30;0;1;1;1;1
202200025753;768 175;7;0;2;2;1;1
202200025753;768 176;32;0;2;1;15;1
202200025754;768 173;7;1;2;6;1;1
202200025754;768 174;7;8;2;1;26;1
202200025755;768 171;7;0;2;3;15;1
202200025755;768 172;33;0;2;2;17;1
202200025756;768 169;7;0;2;1;1;1
202200025756;768 170;7;0;2;3;15;3
202200025757;768 167;7;0;2;3;1;1
202200025757;768 168;7;0;2;1;16;2
202200025758;768 165;7;0;0;6;23;2
202200025758;768 166;7;0;2;2;21;1
202200025759;768 164;7;0;1;1;1;1
202200025760;768 162;32;0;2;3;2;1
202200025760;768 163;32;0;2;5;2;1
202200025761;768 160;7;0;2;2;1;1
202200025761;768 161;7;0;2;0;0;2
202200025762;768 158;10;0;1;4;4;1
202200025763;768 159;7;0;1;8;1;1
202200025764;768 157;7;0;1;1;15;1
202200025765;768 155;34;0;2;1;21;1
202200025765;768 156;1;0;2;4;19;5
202200025766;768 153;7;13;0;1;21;1
202200025767;768 152;7;0;2;3;11;1
202200025767;768 154;50;0;2;4;15;3
202200025768;768 151;7;6;0;3;13;1
202200025769;768 148;7;0;2;1;1;1
202200025769;768 149;7;0;2;1;15;1
202200025770;768 147;1;0;2;8;2;5
202200025770;768 150;7;0;2;7;2;1
202200025771;768 146;7;2;0;1;13;1
202200025772;768 144;10;6;0;3;13;1
202200025773;768 142;7;0;1;1;1;3
202200025774;768 143;7;0;2;0;11;1
202200025774;768 145;1;0;2;0;0;5
202200025775;768 140;7;0;2;1;1;1
202200025775;768 141;7;0;2;1;15;1