Num_Acc;id_vehicule;categorie_vehicule;obstacle_fixe;obstacle_mobile;point_choc_initial;manoeuvre_principale;motorisation
202200025776;768 139;7;13;0;3;1;1
202200025777;768 138;2;0;1;2;21;1
202200025778;768 136;7;0;2;1;1;1
202200025778;768 137;7;0;2;1;26;1
202200025779;768 134;7;0;1;1;0;1
202200025780;768 133;33;0;0;9;1;1
202200025781;768 130;7;0;2;1;1;1
202200025781;768 132;7;0;2;7;0;1
202200025782;768 128;7;0;2;3;9;2
202200025782;768 129;2;0;2;1;9;1
202200025783;768 127;10;0;2;8;1;1
202200025783;768 131;7;0;2;1;1;1
202200025784;768 125;7;0;2;1;1;1
202200025784;768 126;7;0;2;1;13;1
202200025785;768 124;7;0;1;4;4;1
202200025786;768 123;7;0;1;1;26;1
202200025787;768 122;7;0;1;1;1;1
202200025788;768 120;7;0;2;1;1;1
202200025788;768 121;10;0;0;4;16;1
202200025789;768 117;7;0;2;3;17;1
202200025789;768 118;2;0;2;3;21;1
202200025790;768 115;15;0;2;3;1;1
202200025790;768 116;7;0;2;3;13;1
202200025791;768 113;7;0;2;5;1;1
202200025791;768 114;7;0;2;1;1;1
202200025792;768 112;7;0;1;4;4;1
202200025793;768 111;7;17;0;3;1;1
202200025794;768 109;15;0;1;3;9;1
202200025795;768 106;10;0;2;3;9;1
202200025795;768 107;1;0;2;1;1;5
202200025796;768 108;7;12;2;3;1;1
202200025796;768 110;38;0;2;8;1;1
202200025797;768 104;7;0;2;2;1;1
202200025797;768 105;2;0;2;7;11;1
202200025798;768 103;30;0;1;1;17;1
202200025799;768 100;1;0;2;4;2;5
202200025799;768 101;1;0;2;4;2;5
202200025799;768 102;7;0;9;2;2;1
202200025800;768 098;10;0;1;2;1;1
202200025801;768 097;7;0;2;3;17;1
202200025801;768 099;33;0;2;7;1;1
202200025802;768 091;7;0;2;1;0;1
202200025802;768 092;7;0;2;4;0;1
202200025802;768 094;7;0;0;4;0;1
202200025802;768 095;7;0;2;1;0;1
202200025802;768 096;7;0;2;4;0;1
202200025803;768 090;7;0;2;2;16;1
202200025803;768 093;50;0;2;1;1;3
202200025804;768 086;7;0;0;4;1;1
202200025804;768 087;7;0;2;1;1;1
202200025805;768 084;50;0;2;8;19;3
202200025805;768 085;10;0;2;2;1;1
202200025806;768 082;7;0;2;1;5;1
202200025806;768 083;7;0;2;1;1;1
202200025807;768 078;7;0;2;6;1;1
202200025807;768 079;7;0;2;8;1;1
202200025807;768 081;2;0;2;2;3;1
202200025808;768 077;34;0;2;1;1;1
202200025808;768 080;7;0;2;5;5;1
202200025809;768 075;7;0;9;2;2;1
202200025809;768 076;1;0;0;4;2;5
202200025810;768 073;7;8;0;1;14;3
202200025811;768 071;7;0;2;3;17;1
202200025811;768 072;7;0;2;3;1;1
202200025811;768 074;1;0;2;8;1;5
202200025812;768 070;7;3;0;0;26;2
202200025813;768 068;7;8;0;1;1;1
202200025814;768 069;7;0;1;1;1;1
202200025815;768 067;7;13;0;3;1;1
202200025816;768 065;50;0;1;1;1;3
202200025817;768 063;17;0;2;2;2;1
202200025817;768 064;7;0;2;4;1;1
202200025817;768 066;7;0;2;1;2;1
202200025818;768 061;7;0;2;3;15;1
202200025818;768 062;30;0;2;1;1;1
202200025819;768 059;30;0;2;1;1;1
202200025819;768 060;1;0;2;8;1;5
202200025820;768 058;7;3;0;0;0;3
202200025821;768 056;10;2;0;8;1;1
202200025822;768 057;7;0;1;3;9;1
202200025823;768 054;2;0;2;1;1;1
202200025823;768 055;7;0;2;0;26;0
202200025824;768 052;7;0;1;2;1;1
202200025825;768 053;7;0;1;1;1;1
202200025826;768 051;7;8;0;1;1;1
202200025827;768 048;7;16;0;0;1;1
202200025827;768 050;7;16;2;0;2;1
202200025828;768 045;10;0;0;8;19;0
202200025828;768 046;1;0;2;1;1;5
202200025829;768 047;33;0;2;1;1;1
202200025829;768 049;7;0;2;4;1;1
202200025830;768 044;7;2;0;2;1;1
202200025831;768 043;7;6;0;0;14;1
202200025832;768 041;7;1;0;1;1;1
202200025832;768 042;7;1;0;4;24;1
202200025833;768 038;7;0;2;1;1;1
202200025833;768 039;7;0;2;4;1;1
202200025834;768 037;7;1;0;1;1;1
202200025835;768 034;7;0;2;4;2;1
202200025835;768 035;7;0;2;1;2;1
202200025836;768 033;7;0;2;4;2;1
202200025837;768 031;7;0;2;3;1;1
202200025837;768 032;7;0;2;1;12;1
202200025838;768 027;7;0;2;1;2;1
202200025838;768 028;7;0;2;4;2;1
202200025838;768 030;7;1;0;8;2;1
202200025839;768 026;7;0;9;1;2;2
202200025839;768 029;15;17;0;0;0;1
202200025840;768 021;7;0;2;1;2;1
202200025840;768 022;7;0;2;1;2;1
202200025840;768 023;10;0;2;4;2;1
202200025840;768 024;7;0;2;4;2;1
202200025840;768 025;10;0;2;1;1;1
202200025841;768 017;7;3;2;8;1;1
202200025841;768 019;7;3;2;1;1;1
202200025842;768 018;60;0;2;0;1;5
202200025842;768 020;7;0;2;3;9;0
202200025843;768 015;33;0;2;8;3;1
202200025843;768 016;7;0;2;5;12;1
202200025844;768 013;7;3;0;1;13;1
202200025845;768 014;37;1;1;5;1;1
202200025846;768 011;7;0;2;2;1;0
202200025846;768 012;17;6;2;8;1;4
202200025847;768 008;7;0;2;4;2;1
202200025847;768 010;7;0;2;1;2;1
202200025848;768 005;7;0;2;4;1;1
202200025848;768 006;7;0;2;1;1;1
202200025849;768 007;7;0;2;3;24;1
202200025849;768 009;1;0;2;7;1;5
202200025850;768 004;7;4;0;3;21;1
202200025851;768 001;7;0;1;1;16;1
202200025852;768 002;33;0;2;1;2;1
202200025852;768 003;10;0;2;4;4;0
202200025853;768 000;30;0;0;0;14;1
202200025854;767 997;7;1;2;1;1;1
202200025854;767 999;7;6;2;7;15;1
202200025855;767 995;7;0;1;2;1;1
202200025856;767 996;7;0;2;1;15;1
202200025856;767 998;1;0;2;1;1;5
202200025857;767 994;7;1;0;1;2;1
202200025858;767 992;7;0;2;6;26;1
202200025858;767 993;7;0;2;3;13;1
202200025859;767 990;7;0;2;3;1;1
202200025859;767 991;2;0;2;4;17;1
202200025860;767 988;7;0;2;1;2;1
202200025860;767 989;7;0;2;4;2;1
202200025861;767 987;7;3;0;9;9;1
202200025862;767 984;7;0;2;2;26;1
202200025862;767 986;34;0;2;1;2;1
202200025863;767 985;7;1;0;2;2;1
202200025864;767 983;7;14;1;1;17;1
202200025865;767 982;10;0;1;4;4;1
202200025866;767 981;7;2;0;1;1;1
202200025867;767 979;7;0;2;1;1;1
202200025867;767 980;7;0;2;8;1;1
202200025868;767 977;7;0;2;2;17;1
202200025868;767 978;7;0;0;6;20;1
202200025869;767 976;10;0;1;6;4;1
202200025870;767 973;7;0;2;3;1;1
202200025870;767 974;10;0;2;2;16;1
202200025871;767 975;13;0;1;4;20;1
202200025872;767 970;10;0;2;2;7;1
202200025872;767 972;7;0;2;3;1;1
202200025873;767 968;7;0;2;1;23;1
202200025873;767 969;7;0;2;4;23;1
202200025874;767 967;99;0;2;1;1;3
202200025874;767 971;30;0;2;0;5;0
202200025875;767 965;10;0;2;1;2;0
202200025875;767 966;7;0;2;4;2;1
202200025876;767 964;7;2;0;0;1;0
202200025877;767 962;7;0;1;2;1;1
202200025878;767 958;7;0;2;1;1;1
202200025878;767 959;7;0;2;3;0;1
202200025878;767 960;7;0;2;3;0;1
202200025879;767 956;60;1;2;1;13;5
202200025879;767 957;7;0;2;2;1;1
202200025880;767 961;34;0;2;8;18;1
202200025880;767 963;7;0;2;7;14;1
202200025881;767 955;7;0;1;2;1;1
202200025882;767 954;40;0;1;1;1;3
202200025883;767 951;7;0;2;7;1;1
202200025883;767 953;7;0;2;1;19;1
202200025884;767 949;7;0;2;3;1;1
202200025884;767 950;1;0;2;1;1;5
202200025885;767 948;7;4;0;0;26;1
202200025886;767 952;50;0;0;1;9;3
202200025887;767 946;3;0;9;7;17;1
202200025887;767 947;1;0;2;7;0;5
202200025888;767 942;7;0;2;3;20;1
202200025888;767 943;7;0;2;3;1;1
202200025888;767 945;33;0;2;7;1;1
202200025889;767 940;7;0;2;1;1;1
202200025889;767 941;1;0;2;8;1;0
202200025890;767 937;10;0;2;1;2;1
202200025890;767 938;7;0;2;6;23;1
202200025891;767 936;30;8;0;1;26;1
202200025892;767 935;7;0;1;0;20;0
202200025893;767 932;33;0;2;7;1;1
202200025893;767 933;7;0;2;7;15;1
202200025894;767 931;30;0;2;1;1;1
202200025894;767 934;7;0;2;1;17;1
202200025895;767 930;7;0;1;3;14;1
202200025896;767 928;32;0;1;0;1;1
202200025897;767 926;7;14;0;1;1;1
202200025897;767 927;10;0;2;4;1;3
202200025898;767 923;7;0;2;7;1;2
202200025898;767 924;10;0;2;1;1;1
202200025899;767 925;31;0;2;8;0;1
202200025899;767 929;33;0;2;8;1;1
202200025900;767 922;7;0;1;4;4;1
202200025901;767 919;7;0;2;1;16;1
202200025901;767 921;7;0;2;0;0;1
202200025902;767 917;3;0;1;1;1;1
202200025903;767 918;1;0;2;8;1;5
202200025903;767 920;10;0;9;8;17;1
202200025904;767 916;7;4;0;1;14;1
202200025905;767 914;50;0;2;7;19;3
202200025905;767 915;7;0;2;1;1;1
202200025906;767 912;30;0;1;1;26;1
202200025907;767 909;7;0;2;2;7;1
202200025907;767 910;7;0;2;5;16;1
202200025908;767 908;7;0;2;4;23;1
202200025908;767 911;7;0;2;4;23;1
202200025908;767 913;7;0;2;1;1;1
202200025909;767 904;10;0;2;1;1;1
202200025909;767 905;7;0;2;1;17;1
202200025909;767 907;7;0;0;0;1;1
202200025910;767 902;7;0;1;1;16;1
202200025911;767 900;33;13;0;8;21;1
202200025912;767 901;30;0;2;7;15;1
202200025912;767 903;10;0;2;2;1;1
202200025913;767 898;33;0;0;0;0;1
202200025914;767 897;7;0;2;3;1;1
202200025914;767 899;7;0;2;3;13;1
202200025915;767 895;33;13;2;3;17;1
202200025915;767 896;7;0;2;3;21;1
202200025916;767 892;7;16;2;1;2;1
202200025916;767 894;17;0;0;4;2;1
202200025917;767 891;7;0;0;1;1;1
202200025917;767 893;7;0;0;3;1;1
202200025918;767 889;7;2;0;7;26;1
202200025919;767 888;7;0;2;1;15;1
202200025919;767 890;1;0;2;8;1;5
202200025920;767 886;7;0;9;2;19;1
202200025920;767 887;1;0;0;7;19;5
202200025921;767 883;7;0;2;3;1;1
202200025921;767 885;30;0;2;1;13;1
202200025922;767 884;33;16;0;0;1;1
202200025923;767 882;7;2;0;1;1;1
202200025924;767 880;7;2;0;1;13;1
202200025925;767 881;7;0;1;1;26;1
202200025926;767 879;7;0;1;1;1;1
202200025927;767 877;33;0;2;8;18;1
202200025927;767 878;7;0;0;7;16;1
202200025928;767 876;10;0;1;4;26;1
202200025929;767 875;7;0;0;2;1;1
202200025930;767 872;7;0;2;7;1;1
202200025930;767 873;50;0;2;1;9;3
202200025931;767 871;7;0;0;2;1;1
202200025932;767 870;32;0;2;7;1;1
202200025932;767 874;7;0;2;1;1;2
202200025933;767 869;2;0;0;4;1;1
202200025934;767 866;7;2;0;7;1;1
202200025935;767 867;7;0;2;1;0;1
202200025935;767 868;7;0;2;1;1;1
202200025936;767 863;32;0;2;1;2;1
202200025936;767 864;10;0;2;5;23;3
202200025937;767 862;7;0;1;1;2;1
202200025938;767 860;33;0;2;1;1;1
202200025938;767 861;7;0;2;3;15;1
202200025939;767 858;7;0;1;1;1;1
202200025940;767 857;31;0;2;1;3;1
202200025940;767 859;7;0;2;4;3;1
202200025941;767 854;7;2;0;3;1;1
202200025942;767 853;32;0;2;2;1;1
202200025942;767 856;7;0;2;8;11;1
202200025943;767 852;10;0;2;7;1;1
202200025943;767 855;1;0;2;1;1;5
202200025944;767 851;7;6;0;3;13;1
202200025945;767 849;7;0;2;1;1;1
202200025945;767 850;10;0;2;4;1;1
202200025946;767 846;7;0;2;3;1;1
202200025946;767 848;10;0;2;3;1;1
202200025947;767 845;7;0;0;7;2;2
202200025947;767 847;50;0;0;8;2;3
202200025948;767 844;14;0;1;2;15;1
202200025949;767 842;7;2;0;3;13;1
202200025950;767 841;7;0;2;4;26;1
202200025950;767 843;33;0;2;1;1;1
202200025951;767 838;7;0;2;0;23;1
202200025951;767 840;32;0;2;7;16;1
202200025952;767 837;7;0;1;2;1;1
202200025953;767 835;7;3;0;3;1;1
202200025954;767 834;1;0;2;8;15;5
202200025954;767 836;32;0;2;1;1;1
202200025955;767 832;33;0;2;1;17;1
202200025955;767 833;7;0;0;3;15;1
202200025956;767 830;7;0;2;6;9;1
202200025956;767 831;7;0;2;2;2;2
202200025957;767 829;7;0;1;2;16;1
202200025958;767 826;7;2;0;3;13;1
202200025959;767 825;7;0;2;1;19;1
202200025959;767 828;10;8;2;8;1;1
202200025960;767 824;7;0;1;3;16;1
202200025961;767 823;7;0;2;1;1;1
202200025961;767 827;7;0;2;7;1;1
202200025962;767 822;7;1;1;3;5;1
202200025963;767 820;7;0;2;3;15;1
202200025963;767 821;34;0;2;1;17;1
202200025964;767 818;10;0;2;8;21;1
202200025964;767 819;34;0;2;0;1;1
202200025965;767 816;33;14;0;0;1;1
202200025966;767 815;7;0;1;3;13;1
202200025967;767 814;7;0;2;3;15;3
202200025967;767 817;2;0;2;1;2;1
202200025968;767 812;34;1;2;1;5;1
202200025968;767 813;7;1;2;1;1;1
202200025969;767 810;2;0;5;8;1;1
202200025970;767 809;10;11;2;8;15;1
202200025970;767 811;7;0;2;1;1;1
202200025971;767 806;7;0;2;7;15;1
202200025971;767 808;34;0;2;1;1;1
202200025972;767 805;33;0;0;8;1;1
202200025973;767 804;7;0;2;3;13;1
202200025973;767 807;7;0;2;3;0;1
202200025974;767 801;7;2;0;7;0;1
202200025975;767 802;7;0;2;1;15;1
202200025975;767 803;7;0;2;3;1;1
202200025976;767 799;33;0;2;3;1;1
202200025976;767 800;33;0;2;1;5;1
202200025977;767 797;7;0;1;3;1;1
202200025978;767 796;31;0;0;0;0;0
202200025978;767 798;99;0;2;3;26;0
202200025979;767 794;7;0;1;1;26;1
202200025980;767 793;7;0;1;2;0;1
202200025981;767 792;7;0;2;1;1;1
202200025981;767 795;7;0;2;1;13;1
202200025982;767 790;10;1;1;8;1;1
202200025983;767 786;10;0;2;3;1;1
202200025983;767 787;7;0;2;1;13;1
202200025984;767 785;7;0;2;5;1;1
202200025984;767 788;33;0;2;1;1;1
202200025985;767 783;7;14;2;2;2;1
202200025985;767 784;7;0;2;9;2;1
202200025986;767 781;33;0;2;1;2;0
202200025986;767 782;2;0;2;4;15;0
202200025987;767 777;1;1;0;4;1;5
202200025987;767 778;7;0;2;2;14;1
202200025988;767 776;7;0;2;2;2;1
202200025988;767 779;7;0;2;6;2;1
202200025989;767 775;33;6;0;2;21;1
202200025990;767 773;7;1;0;3;20;1
202200025990;767 774;32;1;0;7;1;1
202200025991;767 772;7;0;0;3;26;1
202200025992;767 770;31;0;2;4;0;1
202200025992;767 771;10;0;2;3;26;1
202200025993;767 768;7;13;0;1;1;1
202200025994;767 767;7;0;2;4;1;2
202200025994;767 769;7;0;2;1;1;1
202200025995;767 766;32;10;0;0;0;1
202200025996;767 762;7;0;2;1;2;1
202200025996;767 764;7;0;2;4;2;1
202200025997;767 761;15;0;9;5;17;1
202200025997;767 765;1;0;0;8;2;5
202200025998;767 760;7;0;2;3;1;1
202200025998;767 763;2;0;2;1;1;1
202200025999;767 756;7;0;2;4;12;1
202200025999;767 759;7;0;2;1;1;1
202200026000;767 757;2;7;0;1;1;1
202200026001;767 753;33;0;0;8;1;1
202200026002;767 752;7;0;2;1;2;1
202200026002;767 754;7;0;2;3;1;1
202200026002;767 755;7;0;2;8;21;1
202200026002;767 758;7;0;2;3;13;1
202200026003;767 751;7;0;0;2;1;1
202200026004;767 750;7;3;0;1;13;1
202200026005;767 745;7;0;2;1;1;1
202200026005;767 747;7;0;2;4;1;1
202200026006;767 744;7;13;0;1;1;1
202200026007;767 743;7;0;2;1;13;1
202200026007;767 746;37;0;2;3;0;1
202200026008;767 741;7;0;0;3;13;1
202200026008;767 742;7;0;2;1;1;1
202200026009;767 740;15;0;1;5;26;1
202200026010;767 734;15;0;0;4;23;1
202200026010;767 736;7;0;2;1;1;1
202200026010;767 738;7;0;2;1;1;1
202200026011;767 733;7;0;2;3;1;1
202200026011;767 735;7;0;2;2;17;1
202200026012;767 729;7;0;2;3;1;1
202200026012;767 731;7;0;2;1;13;1
202200026013;767 727;7;0;1;2;15;1
202200026014;767 723;7;0;1;3;26;0
202200026015;767 722;7;0;0;5;0;1
202200026015;767 724;15;0;2;0;0;1
202200026015;767 725;7;0;2;4;0;1
202200026015;767 726;7;0;2;1;0;1
202200026015;767 728;7;0;2;0;0;1
202200026015;767 730;7;0;2;1;0;1
202200026015;767 732;7;0;2;4;0;1
202200026016;767 719;7;12;2;7;1;1
202200026016;767 721;13;0;2;3;13;0
202200026017;767 717;2;0;2;1;2;1
202200026017;767 718;7;0;2;1;1;1
202200026017;767 720;3;0;0;6;23;1
202200026018;767 716;7;1;0;2;21;1
202200026019;767 715;2;0;0;7;1;1
202200026020;767 713;7;0;2;1;13;1
202200026020;767 714;38;0;2;1;21;1
202200026021;767 712;33;13;0;3;1;1
202200026022;767 710;7;0;2;1;1;1
202200026022;767 711;1;0;2;8;9;5
202200026023;767 708;1;0;2;7;1;5
202200026023;767 709;7;0;2;1;9;1
202200026024;767 705;1;0;2;7;1;5
202200026024;767 707;7;0;2;7;20;1
202200026025;767 700;1;0;2;1;9;5
202200026025;767 703;7;0;2;3;1;1
202200026026;767 699;7;0;1;2;1;1
202200026027;767 697;7;0;2;1;19;0
202200026027;767 698;2;0;2;1;1;1
202200026028;767 696;7;1;0;3;1;1
202200026029;767 695;7;13;0;2;1;1
202200026030;767 692;7;0;2;0;16;1
202200026030;767 694;80;0;2;0;16;3
202200026031;767 690;1;0;2;1;13;5
202200026031;767 691;7;0;2;3;1;1
202200026031;767 693;7;0;2;3;1;1
202200026032;767 687;7;0;2;3;15;1
202200026032;767 689;30;0;2;1;1;1
202200026033;767 688;2;6;0;0;0;1
202200026034;767 686;33;7;0;2;14;1
202200026035;767 681;7;0;2;1;2;1
202200026035;767 682;7;0;2;1;2;1
202200026035;767 684;10;0;2;1;2;1
202200026035;767 685;7;0;2;4;1;1
202200026036;767 680;50;0;2;1;1;3
202200026036;767 683;7;0;2;2;1;1
202200026037;767 677;7;2;0;1;2;1
202200026038;767 678;2;0;2;7;2;1
202200026038;767 679;10;0;2;2;2;1
202200026039;767 673;2;0;2;0;0;1
202200026039;767 674;7;0;2;3;20;1
202200026040;767 671;33;0;2;1;1;1
202200026040;767 672;7;0;2;1;15;1
202200026041;767 669;7;0;2;1;1;1
202200026041;767 670;7;0;2;1;5;1
202200026042;767 667;7;3;2;3;1;1
202200026042;767 668;33;3;2;2;1;1
202200026043;767 666;33;14;0;1;17;1
202200026044;767 664;7;0;2;7;14;1
202200026044;767 665;33;0;2;8;1;1
202200026045;767 662;7;12;0;3;13;1
202200026045;767 663;30;12;0;7;17;3
202200026046;767 660;2;0;0;0;0;1
202200026047;767 658;10;0;2;4;2;0
202200026047;767 659;10;0;2;4;2;0
202200026047;767 661;10;0;2;1;2;0
202200026048;767 656;33;4;0;2;2;1
202200026049;767 654;33;4;0;3;1;1
202200026050;767 652;7;0;2;7;1;1
202200026050;767 653;50;0;2;1;15;3
202200026051;767 650;7;0;2;4;2;1
202200026051;767 651;7;0;2;1;2;1
202200026052;767 649;7;0;1;5;1;1
202200026053;767 647;7;0;2;6;11;1
202200026053;767 648;33;0;2;3;3;1
202200026054;767 643;7;0;2;1;1;1
202200026054;767 646;7;0;2;1;13;1
202200026055;767 642;33;4;2;2;3;1
202200026055;767 644;7;4;2;3;1;1
202200026055;767 645;7;4;2;7;12;1
202200026056;767 639;33;1;0;1;2;1
202200026056;767 641;7;0;2;4;2;1
202200026057;767 640;7;0;1;1;1;1
202200026058;767 638;33;0;0;2;3;1
202200026059;767 635;7;0;2;4;21;1
202200026059;767 637;7;0;2;1;26;1
202200026060;767 634;7;0;2;1;19;1
202200026060;767 636;7;6;2;6;0;1
202200026061;767 632;1;1;2;1;17;5
202200026061;767 633;7;1;2;3;15;1
202200026062;767 630;7;0;2;4;2;1
202200026062;767 631;7;0;2;1;2;1
202200026063;767 628;7;0;2;8;1;1
202200026063;767 629;7;0;2;1;1;1
202200026064;767 625;33;0;2;8;26;1
202200026064;767 626;7;0;2;3;1;1
202200026064;767 627;7;0;2;3;1;1
202200026065;767 623;7;0;2;5;16;1
202200026065;767 624;30;0;2;1;1;1
202200026066;767 622;10;0;1;1;1;1
202200026067;767 617;7;0;2;3;16;2
202200026067;767 620;7;0;2;3;16;1
202200026068;767 618;7;0;2;2;21;1
202200026068;767 619;7;0;2;7;19;1
202200026068;767 621;7;0;2;3;0;1
202200026069;767 615;7;0;1;2;1;1
202200026070;767 614;7;0;2;1;1;1
202200026070;767 616;32;0;2;3;16;1
202200026071;767 611;1;9;2;8;1;5
202200026071;767 613;7;9;0;7;17;0
202200026072;767 607;7;0;2;7;1;1
202200026072;767 609;7;0;2;1;23;1
202200026072;767 610;7;1;0;1;23;1
202200026072;767 612;7;0;2;1;15;1
202200026073;767 605;7;0;1;8;21;1
202200026074;767 606;7;0;2;5;0;1
202200026074;767 608;1;0;2;1;0;5
202200026075;767 600;80;0;2;1;1;3
202200026075;767 602;50;;;;;3
202200026076;767 598;32;0;2;3;1;1
202200026076;767 599;7;0;2;3;15;1
202200026077;767 595;10;0;2;1;1;1
202200026077;767 597;1;0;2;1;1;5
202200026078;767 593;7;0;2;1;1;1
202200026078;767 594;7;0;2;4;23;1
202200026078;767 596;7;0;2;4;23;1
202200026079;767 591;50;0;2;1;1;3
202200026079;767 592;10;0;2;7;16;1
202200026080;767 590;7;0;1;1;9;1
202200026081;767 589;30;0;0;7;1;1
202200026082;767 586;7;13;0;1;1;2
202200026083;767 584;31;0;2;3;1;1
202200026083;767 585;7;8;2;3;13;1
202200026084;767 583;31;0;0;3;21;1
202200026085;767 580;1;0;2;1;1;5
202200026085;767 582;13;0;2;4;16;1
202200026086;767 579;34;0;2;1;17;1
202200026086;767 581;7;0;2;3;15;1
202200026087;767 576;37;0;1;2;14;1
202200026088;767 575;7;0;2;3;11;1
202200026088;767 578;15;0;2;2;1;1
202200026089;767 574;7;0;2;7;2;1
202200026089;767 577;2;0;2;1;2;1
202200026090;767 573;10;0;1;1;1;1
202200026091;767 570;1;0;2;1;0;5
202200026091;767 572;7;0;2;6;16;1
202200026092;767 569;7;1;0;2;0;1
202200026092;767 571;13;0;0;0;0;1
202200026093;767 567;10;0;1;2;1;1
202200026094;767 565;7;0;1;2;16;1
202200026095;767 564;7;3;0;1;1;2
202200026095;767 566;7;3;0;4;1;1
202200026096;767 561;31;0;2;1;1;1
202200026096;767 563;10;0;2;3;15;1
202200026097;767 560;13;0;1;6;23;1
202200026098;767 559;10;0;2;3;17;1
202200026098;767 562;2;0;2;1;1;1
202200026099;767 557;10;0;2;3;9;0
202200026099;767 558;32;0;2;1;3;1
202200026100;767 554;50;0;2;7;19;3
202200026100;767 556;7;0;2;1;9;1
202200026101;767 555;7;14;0;1;1;1
202200026102;767 548;37;0;2;1;1;1
202200026102;767 553;7;0;2;3;16;1
202200026103;767 547;14;0;2;2;14;1
202200026103;767 549;7;0;2;8;11;2
202200026103;767 552;33;4;2;1;1;1
202200026104;767 542;10;0;2;5;1;1
202200026104;767 543;10;0;2;0;1;1
202200026104;767 545;34;0;2;9;3;1
202200026105;767 541;7;1;2;2;1;1
202200026105;767 544;7;0;2;3;1;1
202200026106;767 539;10;0;1;4;4;1
202200026107;767 534;10;0;1;1;23;1
202200026107;767 537;10;0;2;1;1;1
202200026107;767 538;10;0;2;1;1;1
202200026108;767 533;80;0;2;1;1;3
202200026108;767 535;7;0;9;2;1;1
202200026109;767 536;2;0;1;7;17;1
202200026109;767 540;7;0;2;1;1;1
202200026110;767 529;31;0;2;1;1;1
202200026110;767 532;7;0;2;2;15;1
202200026111;767 528;7;0;2;7;1;3
202200026111;767 530;14;0;2;6;13;1
202200026111;767 531;33;0;2;7;1;1
202200026112;767 525;7;0;2;1;1;1
202200026112;767 526;7;0;2;8;19;1
202200026113;767 524;10;0;1;1;1;1
202200026114;767 527;33;0;0;0;17;1
202200026115;767 521;7;0;2;3;1;1
202200026115;767 523;7;0;2;1;13;1
202200026116;767 518;7;15;1;1;14;1
202200026117;767 515;7;0;2;1;1;1
202200026117;767 517;7;0;2;3;17;1
202200026118;767 514;33;4;0;8;1;1
202200026119;767 509;7;14;9;1;1;1
202200026119;767 511;7;0;2;1;1;1
202200026119;767 512;7;0;2;1;1;1
202200026120;767 507;7;0;2;1;15;1
202200026120;767 510;32;0;2;1;1;1
202200026121;767 503;7;0;2;0;0;1
202200026121;767 505;7;0;2;3;1;1
202200026121;767 506;32;0;2;1;13;1
202200026122;767 501;7;0;2;7;1;1
202200026122;767 504;7;0;2;1;5;1
202200026123;767 502;60;0;2;3;14;5
202200026123;767 508;7;0;9;2;9;1
202200026124;767 499;33;0;2;1;11;1
202200026124;767 500;30;0;2;1;17;1
202200026125;767 498;7;13;0;3;13;1
202200026126;767 495;7;0;2;8;13;1
202200026126;767 497;32;0;2;7;1;1
202200026127;767 493;10;0;9;1;19;1
202200026127;767 496;1;0;2;0;0;5
202200026128;767 490;38;0;2;2;15;1
202200026128;767 492;7;0;2;1;1;1
202200026129;767 488;1;0;2;8;2;5
202200026129;767 494;7;0;9;2;2;1
202200026130;767 486;7;1;2;6;1;2
202200026130;767 487;7;1;0;7;14;1
202200026130;767 489;7;1;2;5;1;1
202200026130;767 491;7;1;2;4;1;1
202200026131;767 485;7;13;0;1;15;1
202200026132;767 480;30;0;2;1;19;1
202200026132;767 484;7;0;2;7;19;1
202200026133;767 482;30;0;0;8;0;1
202200026134;767 477;10;0;2;1;1;1
202200026134;767 479;7;0;2;4;1;1
202200026134;767 481;7;0;2;4;1;1
202200026134;767 483;7;0;2;4;1;1
202200026135;767 476;37;0;0;1;1;0
202200026135;767 478;7;0;0;7;1;1
202200026136;767 471;7;0;2;1;2;1
202200026136;767 473;43;0;2;1;2;1
202200026136;767 475;7;0;2;5;2;1
202200026137;767 472;7;0;2;1;1;1
202200026137;767 474;7;0;2;5;15;1
202200026138;767 468;33;15;2;1;21;1
202200026138;767 470;7;0;2;3;9;1
202200026139;767 467;32;0;2;8;1;1
202200026139;767 469;7;0;2;1;1;3
202200026140;767 466;34;0;1;1;17;1
202200026141;767 463;7;1;0;8;20;1
202200026141;767 465;43;1;2;8;1;1
202200026142;767 464;7;0;1;1;1;1
202200026143;767 461;10;0;1;3;16;1
202200026144;767 462;40;0;1;1;1;3
202200026145;767 459;7;0;2;1;1;1
202200026145;767 460;7;0;2;5;9;1
202200026146;767 457;7;0;2;3;15;1
202200026146;767 458;1;0;2;8;1;5
202200026147;767 456;7;0;1;0;0;1
202200026148;767 455;7;0;1;7;1;1
202200026149;767 453;50;0;2;1;1;3
202200026149;767 454;7;0;2;2;16;1
202200026150;767 448;1;0;2;1;1;5
202200026150;767 450;7;0;2;2;16;1
202200026151;767 446;37;0;1;0;16;1
202200026152;767 449;43;0;2;2;17;1
202200026152;767 452;7;0;0;3;15;1
202200026153;767 447;7;0;2;1;19;1
202200026153;767 451;10;0;2;3;23;1
202200026154;767 443;30;0;2;4;2;1
202200026154;767 445;50;0;2;1;2;3
202200026155;767 444;7;0;1;2;1;1
202200026156;767 442;2;1;0;1;16;1
202200026157;767 438;10;0;2;8;22;1
202200026157;767 441;33;0;2;7;1;1
202200026158;767 437;7;0;4;6;1;1
202200026158;767 440;40;0;2;1;1;3
202200026159;767 435;7;0;2;3;13;1
202200026159;767 439;7;0;2;1;1;1
202200026160;767 434;7;0;9;7;22;2
202200026160;767 436;1;1;0;1;2;5
202200026161;767 430;14;0;1;2;1;6
202200026162;767 431;7;2;0;1;14;1
202200026163;767 432;31;0;2;3;18;1
202200026163;767 433;7;0;2;2;16;1
202200026164;767 429;1;0;1;1;1;5
202200026165;767 424;7;1;0;1;14;1