Num_Acc;id_vehicule;categorie_vehicule;obstacle_fixe;obstacle_mobile;point_choc_initial;manoeuvre_principale;motorisation
202200026166;767 425;34;0;2;1;1;1
202200026166;767 427;7;0;2;7;15;1
202200026167;767 420;7;0;2;1;0;1
202200026167;767 423;80;0;2;1;5;3
202200026168;767 421;30;0;2;0;1;1
202200026168;767 422;1;0;2;6;15;5
202200026169;767 419;10;6;0;0;1;1
202200026170;767 417;80;0;1;6;1;3
202200026171;767 415;7;0;2;1;1;1
202200026171;767 418;7;0;9;5;15;1
202200026172;767 414;1;0;2;4;1;5
202200026172;767 416;7;0;2;1;5;1
202200026173;767 412;33;0;2;1;1;1
202200026173;767 413;1;0;2;7;15;5
202200026174;767 408;1;0;2;8;13;5
202200026174;767 410;1;0;2;7;17;5
202200026175;767 407;1;0;2;2;16;5
202200026175;767 411;7;0;2;3;26;1
202200026176;767 409;7;10;0;3;13;1
202200026177;767 402;7;0;2;3;1;1
202200026177;767 406;7;0;2;3;1;1
202200026178;767 403;80;0;2;1;19;3
202200026178;767 405;7;0;2;1;16;0
202200026179;767 401;7;0;2;7;1;1
202200026179;767 404;7;0;2;1;9;1
202200026180;767 398;33;0;2;3;1;1
202200026180;767 400;7;0;2;2;1;1
202200026181;767 397;1;0;2;7;19;5
202200026181;767 399;7;0;2;2;1;1
202200026182;767 395;10;0;2;3;15;1
202200026182;767 396;32;0;2;2;17;1
202200026183;767 394;7;9;0;1;9;1
202200026184;767 392;7;1;0;1;1;1
202200026184;767 393;7;0;2;4;24;1
202200026185;767 391;50;8;0;1;1;3
202200026186;767 388;15;0;2;2;1;1
202200026186;767 390;7;0;2;3;11;1
202200026187;767 386;7;0;2;3;5;1
202200026187;767 389;2;0;2;1;1;1
202200026188;767 385;10;0;2;7;1;1
202200026188;767 387;32;0;2;8;16;1
202200026189;767 381;7;0;2;8;23;1
202200026189;767 384;7;0;2;2;14;1
202200026190;767 379;7;0;2;4;1;1
202200026190;767 380;7;0;2;1;1;1
202200026190;767 383;7;0;2;1;1;1
202200026191;767 378;32;0;2;1;9;1
202200026191;767 382;7;0;2;3;15;1
202200026192;767 377;7;0;1;2;0;1
202200026193;767 374;32;0;2;1;14;1
202200026193;767 376;7;0;2;4;1;1
202200026194;767 373;32;0;2;3;18;1
202200026194;767 375;7;0;2;2;15;1
202200026195;767 371;7;0;9;3;15;2
202200026195;767 372;80;0;2;1;2;3
202200026196;767 368;7;0;9;1;15;1
202200026196;767 370;50;0;2;1;19;3
202200026197;767 366;7;0;1;1;1;1
202200026197;767 367;7;14;2;1;1;1
202200026198;767 365;50;0;2;3;7;3
202200026198;767 369;37;0;2;2;17;3
202200026199;767 363;34;0;1;1;1;0
202200026200;767 362;14;0;2;0;12;1
202200026200;767 364;7;0;2;3;1;1
202200026201;767 360;31;0;0;4;3;1
202200026202;767 358;10;0;2;5;15;1
202200026202;767 361;43;0;2;1;1;1
202200026203;767 357;7;0;2;3;16;1
202200026203;767 359;7;0;2;2;1;1
202200026204;767 356;3;0;1;3;1;1
202200026205;767 355;7;0;0;7;2;1
202200026206;767 350;7;0;2;2;1;1
202200026206;767 353;7;0;2;3;13;1
202200026207;767 349;7;0;2;3;11;1
202200026207;767 351;33;0;2;2;3;1
202200026208;767 352;10;0;2;8;22;1
202200026208;767 354;1;1;2;1;1;5
202200026209;767 345;7;0;2;2;1;1
202200026209;767 348;7;0;2;3;0;1
202200026210;767 344;7;0;2;2;17;1
202200026210;767 347;1;0;2;8;1;5
202200026211;767 343;80;0;2;2;1;3
202200026211;767 346;7;0;2;0;1;2
202200026212;767 341;32;0;2;8;0;1
202200026212;767 342;10;0;2;1;15;1
202200026213;767 339;7;0;2;2;10;1
202200026213;767 340;7;0;2;3;1;1
202200026214;767 338;7;0;1;1;1;0
202200026215;767 337;33;0;0;0;1;1
202200026216;767 332;50;0;2;1;25;3
202200026216;767 334;7;0;2;3;0;1
202200026217;767 333;7;0;2;4;20;1
202200026217;767 336;7;0;2;1;1;1
202200026218;767 331;7;0;2;2;15;1
202200026218;767 335;32;0;2;3;15;1
202200026219;767 328;32;0;2;1;1;1
202200026219;767 330;7;0;2;3;15;1
202200026220;767 327;7;0;2;1;1;1
202200026220;767 329;7;0;2;4;1;1
202200026221;767 324;2;0;2;1;17;1
202200026221;767 325;32;0;2;7;17;1
202200026222;767 322;7;0;2;1;1;1
202200026222;767 326;30;0;2;8;1;1
202200026223;767 319;7;1;0;3;17;1
202200026223;767 320;30;0;2;7;17;3
202200026224;767 318;7;0;2;4;23;1
202200026224;767 321;7;0;2;4;23;1
202200026224;767 323;7;14;0;1;1;1
202200026225;767 316;43;0;2;1;1;1
202200026225;767 317;10;0;2;7;15;1
202200026226;767 313;30;0;1;1;25;0
202200026227;767 312;7;0;2;5;1;1
202200026227;767 315;10;0;2;3;10;1
202200026228;767 311;34;0;2;1;1;1
202200026228;767 314;7;0;2;3;1;1
202200026229;767 309;7;0;1;1;1;2
202200026230;767 307;33;0;2;1;17;1
202200026230;767 310;2;0;2;1;1;1
202200026231;767 305;37;0;1;3;1;1
202200026232;767 306;34;0;2;1;1;1
202200026232;767 308;7;0;2;2;15;1
202200026233;767 304;7;0;1;2;1;1
202200026234;767 303;7;0;1;1;11;1
202200026235;767 299;7;0;2;9;26;1
202200026235;767 301;33;0;2;4;1;1
202200026236;767 300;50;0;1;1;1;3
202200026237;767 298;7;0;2;8;10;1
202200026237;767 302;30;0;2;1;1;1
202200026238;767 295;7;15;0;8;10;2
202200026238;767 296;7;0;2;2;2;1
202200026239;767 293;7;0;2;6;15;1
202200026239;767 297;10;0;2;3;1;1
202200026240;767 292;50;0;2;7;1;3
202200026240;767 294;7;0;2;1;1;1
202200026241;767 290;7;0;2;7;15;1
202200026241;767 291;33;0;2;3;1;1
202200026242;767 288;33;0;2;2;1;1
202200026242;767 289;7;0;2;7;15;1
202200026243;767 286;7;0;1;1;9;1
202200026244;767 285;14;0;2;2;1;1
202200026244;767 287;80;14;2;2;14;3
202200026245;767 281;7;0;0;8;9;1
202200026245;767 284;7;0;2;1;1;2
202200026246;767 280;32;0;0;7;1;1
202200026247;767 274;2;0;2;1;1;1
202200026247;767 277;7;0;2;1;15;1
202200026248;767 275;2;0;2;4;1;1
202200026248;767 278;7;0;2;1;2;1
202200026249;767 273;10;0;2;8;1;1
202200026249;767 276;50;0;2;1;9;3
202200026250;767 272;7;7;0;0;6;1
202200026251;767 271;7;0;1;1;1;1
202200026252;767 268;7;0;2;3;1;1
202200026252;767 269;7;0;2;3;1;1
202200026253;767 270;32;0;0;3;21;1
202200026254;767 267;7;6;0;2;14;1
202200026255;767 264;2;0;2;1;26;1
202200026255;767 266;7;0;2;5;19;1
202200026256;767 262;10;0;1;2;2;1
202200026257;767 261;7;0;1;2;14;1
202200026258;767 263;7;0;2;2;10;1
202200026258;767 265;7;0;2;3;1;2
202200026259;767 258;10;0;2;6;1;1
202200026259;767 260;1;0;2;8;13;5
202200026260;767 255;7;0;9;1;1;1
202200026260;767 257;50;0;2;8;19;3
202200026261;767 254;7;2;0;2;14;1
202200026262;767 256;7;0;2;2;15;1
202200026262;767 259;30;0;2;1;8;1
202200026263;767 252;7;0;0;0;1;1
202200026264;767 251;7;0;2;1;1;1
202200026264;767 253;31;0;2;4;1;1
202200026265;767 250;7;0;1;3;1;2
202200026266;767 248;34;0;0;1;9;1
202200026267;767 245;10;0;2;2;17;1
202200026267;767 247;31;0;2;8;15;1
202200026268;767 246;80;0;1;1;1;3
202200026269;767 243;1;0;2;4;1;5
202200026269;767 244;7;0;2;1;1;1
202200026270;767 241;7;0;2;3;1;1
202200026270;767 242;7;0;2;3;1;1
202200026271;767 240;1;0;1;1;1;5
202200026272;767 238;33;5;0;1;1;1
202200026273;767 237;10;0;2;4;2;1
202200026273;767 239;7;0;2;1;2;1
202200026274;767 236;33;15;0;8;1;1
202200026275;767 235;1;0;1;1;1;5
202200026276;767 233;7;0;1;8;19;2
202200026277;767 232;30;0;2;5;2;1
202200026277;767 234;31;0;2;0;2;0
202200026278;767 231;14;0;1;1;1;1
202200026279;767 228;33;0;0;7;26;1
202200026279;767 229;7;0;2;8;26;1
202200026280;767 226;7;0;2;5;15;1
202200026280;767 227;7;0;2;1;1;1
202200026281;767 224;1;0;2;3;18;5
202200026281;767 225;7;0;2;2;16;1
202200026282;767 222;7;3;0;1;26;1
202200026283;767 221;10;0;2;3;15;1
202200026283;767 223;7;0;2;3;1;1
202200026284;767 218;1;0;2;1;1;5
202200026284;767 220;7;0;2;2;9;3
202200026285;767 215;7;2;0;1;14;1
202200026286;767 216;1;0;1;1;1;5
202200026287;767 209;7;0;2;1;2;1
202200026287;767 211;7;0;2;1;1;0
202200026287;767 213;33;0;2;1;5;1
202200026288;767 207;7;7;0;1;13;1
202200026289;767 205;31;0;2;2;1;1
202200026289;767 208;7;0;2;3;15;2
202200026290;767 202;7;0;2;8;16;1
202200026290;767 203;7;0;2;1;1;1
202200026291;767 198;7;15;0;3;13;1
202200026292;767 197;10;0;2;1;2;1
202200026292;767 199;33;0;2;4;23;1
202200026293;767 195;7;17;0;1;14;1
202200026294;767 192;7;3;0;9;0;1
202200026295;767 191;7;0;2;2;12;1
202200026295;767 193;31;9;1;1;18;1
202200026296;767 189;7;0;0;9;2;1
202200026297;767 184;30;0;2;2;1;3
202200026297;767 187;1;0;2;3;13;5
202200026298;767 183;7;0;2;1;0;1
202200026298;767 185;7;0;2;1;13;1
202200026299;767 180;10;0;1;6;4;1
202200026300;767 179;7;0;2;1;1;1
202200026300;767 181;7;0;2;7;15;1
202200026301;767 173;7;0;2;1;1;1
202200026301;767 175;2;0;2;3;1;1
202200026302;767 174;13;0;2;4;15;6
202200026302;767 176;1;0;2;1;1;5
202200026303;767 169;7;0;2;4;1;1
202200026303;767 171;7;0;2;1;11;1
202200026304;767 166;7;0;2;2;15;1
202200026304;767 168;30;0;2;1;1;1
202200026305;767 162;7;0;2;1;2;1
202200026305;767 163;33;0;2;4;2;1
202200026305;767 164;7;4;2;5;1;1
202200026306;767 159;7;0;0;4;1;1
202200026306;767 160;7;0;0;1;1;1
202200026307;767 156;38;0;2;1;15;1
202200026307;767 158;38;0;2;1;16;1
202200026308;767 154;33;6;2;1;5;1
202200026308;767 155;17;0;2;2;1;1
202200026309;767 151;7;0;0;3;1;1
202200026310;767 150;7;0;2;4;4;0
202200026310;767 152;7;0;2;3;1;0
202200026311;767 146;7;0;2;1;17;1
202200026311;767 147;7;0;2;1;1;1
202200026312;767 141;7;0;2;1;13;1
202200026312;767 144;7;0;2;1;1;1
202200026313;767 140;30;0;2;7;17;1
202200026313;767 143;7;0;2;8;11;1
202200026314;767 136;33;0;2;2;17;1
202200026314;767 139;7;0;2;3;15;1
202200026315;767 135;7;12;0;9;1;1
202200026316;767 132;7;0;0;8;15;1
202200026316;767 133;10;0;0;1;1;1
202200026317;767 131;10;0;1;2;1;1
202200026318;767 130;50;0;0;0;0;3
202200026319;767 129;33;14;0;1;0;1
202200026320;767 125;1;0;0;6;1;5
202200026320;767 126;7;0;9;5;9;1
202200026321;767 123;7;13;0;1;1;1
202200026322;767 122;50;0;2;2;5;3
202200026322;767 124;7;0;2;0;1;1
202200026323;767 120;2;0;2;6;2;1
202200026323;767 121;0;0;2;3;13;0
202200026324;767 117;7;0;2;1;5;1
202200026324;767 119;1;0;2;1;1;5
202200026325;767 116;7;15;0;3;1;1
202200026325;767 118;7;15;0;3;5;1
202200026326;767 115;7;3;5;1;0;1
202200026327;767 113;34;0;2;3;1;1
202200026327;767 114;7;0;2;6;1;1
202200026328;767 110;10;0;2;8;2;1
202200026328;767 111;7;0;2;5;2;1
202200026328;767 112;7;0;2;1;2;1
202200026329;767 109;2;0;1;1;1;1
202200026330;767 104;7;0;2;5;1;1
202200026330;767 106;7;0;2;4;1;1
202200026330;767 107;10;0;2;7;1;1
202200026330;767 108;10;0;2;3;1;1
202200026331;767 105;7;0;1;6;1;1
202200026332;767 100;7;0;2;4;2;1
202200026332;767 101;7;0;2;4;2;1
202200026332;767 103;7;0;2;1;2;1
202200026333;767 099;7;0;2;2;19;1
202200026333;767 102;32;0;2;1;19;1
202200026334;767 097;7;0;2;5;12;1
202200026334;767 098;33;0;2;1;2;1
202200026335;767 093;31;0;9;8;15;1
202200026335;767 095;1;0;0;8;1;5
202200026336;767 094;15;5;2;3;2;1
202200026336;767 096;33;0;2;4;2;1
202200026337;767 090;10;4;2;8;11;1
202200026337;767 091;33;4;2;2;3;1
202200026338;767 092;10;1;0;1;25;3
202200026339;767 087;7;0;2;3;1;1
202200026339;767 088;7;0;2;2;16;1
202200026340;767 086;34;0;2;2;3;1
202200026340;767 089;7;0;2;3;11;1
202200026341;767 083;7;0;2;1;2;1
202200026341;767 084;7;0;2;4;2;1
202200026341;767 085;7;0;2;4;2;1
202200026342;767 081;7;0;2;8;11;1
202200026342;767 082;32;0;2;5;3;1
202200026343;767 079;7;0;2;3;1;1
202200026343;767 080;34;0;2;1;9;1
202200026344;767 078;33;6;0;1;1;1
202200026345;767 072;7;0;9;6;9;1
202200026345;767 074;1;0;2;2;1;5
202200026346;767 073;7;0;2;1;1;1
202200026346;767 075;7;0;2;4;2;1
202200026346;767 077;7;0;2;1;2;1
202200026347;767 071;7;0;1;1;15;1
202200026348;767 070;30;0;0;0;0;1
202200026349;767 068;30;0;2;3;13;1
202200026349;767 069;7;0;2;3;26;3
202200026350;767 067;10;0;1;1;16;1
202200026351;767 065;7;0;2;0;22;1
202200026351;767 066;1;1;0;0;1;5
202200026352;767 064;7;1;1;3;0;1
202200026353;767 060;7;3;0;3;9;1
202200026353;767 062;15;0;2;2;2;1
202200026354;767 061;1;0;2;0;1;5
202200026354;767 063;7;0;2;4;2;1
202200026355;767 058;7;0;1;5;16;1
202200026356;767 056;7;0;2;1;1;1
202200026356;767 057;7;0;2;4;1;1
202200026356;767 059;7;0;2;1;0;0
202200026357;767 052;7;0;2;1;13;1
202200026357;767 054;7;0;2;3;1;1
202200026358;767 053;33;0;2;3;1;1
202200026358;767 055;7;0;2;3;15;1
202200026359;767 049;30;0;2;1;2;1
202200026359;767 050;7;0;2;8;15;1
202200026360;767 048;50;0;2;0;0;3
202200026360;767 051;7;0;2;2;15;1
202200026361;767 046;32;0;2;1;1;1
202200026361;767 047;10;0;2;8;13;1
202200026362;767 043;7;0;2;4;1;1
202200026362;767 044;7;0;2;4;1;1
202200026362;767 045;10;0;2;1;1;1
202200026363;767 042;7;0;1;1;1;1
202200026364;767 041;7;0;1;3;15;1
202200026365;767 038;7;0;2;4;2;1
202200026365;767 040;7;0;2;1;2;1
202200026366;767 037;7;0;2;5;15;1
202200026366;767 039;1;0;2;5;0;5
202200026367;767 034;7;3;2;2;1;1
202200026367;767 035;10;0;2;0;1;1
202200026367;767 036;7;0;2;0;1;1
202200026368;767 033;30;12;0;3;1;1
202200026369;767 031;7;0;2;1;16;0
202200026369;767 032;99;0;2;1;1;0
202200026370;767 028;7;0;2;3;11;1
202200026370;767 030;30;0;2;1;17;1
202200026371;767 027;31;0;2;8;21;1
202200026371;767 029;1;0;2;8;21;5
202200026372;767 025;43;0;2;1;15;1
202200026372;767 026;7;0;2;1;1;3
202200026373;767 023;7;0;1;2;1;1
202200026374;767 022;32;0;2;1;13;1
202200026374;767 024;7;0;2;5;23;1
202200026375;767 020;31;0;2;4;1;1
202200026375;767 021;7;0;2;1;1;1
202200026376;767 018;7;0;1;1;15;1
202200026377;767 013;1;0;2;0;19;5
202200026377;767 015;7;0;2;7;1;2
202200026378;767 012;7;0;2;7;10;1
202200026378;767 016;7;0;2;3;1;2
202200026379;767 011;7;0;2;3;9;1
202200026379;767 014;31;0;2;1;1;1
202200026380;767 009;7;3;0;1;1;0
202200026381;767 008;50;0;2;0;19;3
202200026381;767 010;0;0;2;0;0;0
202200026382;767 007;33;6;0;1;13;1
202200026383;767 003;7;0;2;1;1;1
202200026383;767 005;10;0;2;4;1;1
202200026384;767 004;7;0;2;7;15;1
202200026384;767 006;2;0;2;1;1;1
202200026385;767 002;50;0;1;1;9;3
202200026386;766 997;7;0;2;3;23;1
202200026386;766 998;7;0;2;5;13;1
202200026386;767 001;36;0;2;1;13;1
202200026387;766 996;10;0;2;8;0;1
202200026387;767 000;33;0;2;1;26;1
202200026388;766 995;7;0;2;1;1;1
202200026388;766 999;7;0;2;3;15;1
202200026389;766 992;2;0;2;1;13;1
202200026389;766 994;7;0;2;3;1;1
202200026390;766 987;30;0;2;1;1;1
202200026390;766 989;7;0;2;4;16;1
202200026391;766 985;7;0;2;1;1;1
202200026391;766 988;33;0;2;1;1;1
202200026391;766 990;7;0;2;7;15;1
202200026392;766 986;7;0;1;1;15;1
202200026393;766 981;7;0;2;6;2;1
202200026393;766 983;34;0;2;4;2;1
202200026393;766 984;7;0;2;1;2;1
202200026394;766 979;7;0;2;2;15;1
202200026394;766 982;34;0;2;2;1;0
202200026395;766 978;7;9;2;5;1;1
202200026395;766 980;7;9;2;1;1;1
202200026396;766 977;2;0;0;9;1;1
202200026397;766 975;7;0;1;1;1;1
202200026398;766 974;32;0;0;8;1;1
202200026399;766 973;7;9;2;2;15;1
202200026399;766 976;33;9;2;1;1;1
202200026400;766 970;1;0;2;1;19;5
202200026400;766 972;7;0;9;2;15;1
202200026401;766 971;7;0;1;1;16;1
202200026402;766 967;32;0;2;1;1;1
202200026402;766 969;7;0;2;4;2;1
202200026403;766 965;1;0;2;4;1;5
202200026403;766 968;7;0;2;1;9;1
202200026404;766 964;7;0;2;8;15;1
202200026404;766 966;31;0;2;7;1;1
202200026405;766 960;7;10;0;1;14;1
202200026406;766 961;30;0;2;2;16;1
202200026406;766 963;7;0;2;3;1;1
202200026407;766 955;37;1;1;3;1;1
202200026408;766 952;7;0;2;4;1;1
202200026408;766 954;7;0;2;4;1;1
202200026408;766 956;7;0;2;4;1;1
202200026408;766 958;7;0;2;4;1;2
202200026408;766 962;7;0;2;1;2;1
202200026409;766 953;7;0;2;4;2;1
202200026409;766 957;10;0;2;4;2;1
202200026409;766 959;7;0;2;1;2;1
202200026410;766 951;3;0;1;2;1;0
202200026411;766 947;17;0;2;0;11;1
202200026411;766 950;7;0;2;0;1;1
202200026412;766 946;7;0;2;2;1;1
202200026412;766 949;7;0;1;1;1;1
202200026413;766 945;7;0;9;4;2;1
202200026413;766 948;7;0;9;1;2;1
202200026414;766 943;7;2;0;1;0;1
202200026415;766 941;7;0;2;3;13;1
202200026415;766 942;7;0;2;1;1;1
202200026416;766 940;7;0;2;6;2;1
202200026416;766 944;7;0;2;1;2;1
202200026417;766 936;7;0;2;1;9;1
202200026417;766 939;7;0;2;2;1;1
202200026418;766 934;7;0;2;4;1;1
202200026418;766 938;7;0;2;1;2;1
202200026419;766 933;17;0;2;0;0;0
202200026419;766 935;7;0;2;9;1;1
202200026419;766 937;7;0;2;2;1;1
202200026420;766 932;7;0;1;2;15;1
202200026421;766 929;10;3;2;1;13;1
202200026421;766 931;15;0;2;1;1;1
202200026422;766 927;7;0;2;4;1;1
202200026422;766 928;33;0;2;4;1;1
202200026422;766 930;33;0;2;1;1;1
202200026423;766 926;7;0;1;1;1;1
202200026424;766 925;7;6;0;1;5;1
202200026425;766 923;14;0;2;2;12;1
202200026425;766 924;7;0;2;8;1;1
202200026426;766 921;7;0;1;1;1;1
202200026427;766 919;33;0;2;1;3;1
202200026427;766 920;7;0;2;2;12;1
202200026427;766 922;7;0;2;5;1;2
202200026428;766 917;33;0;2;1;1;1
202200026428;766 918;7;0;2;4;1;1
202200026429;766 915;31;0;0;7;21;1
202200026430;766 914;30;0;2;1;5;0
202200026430;766 916;7;0;2;3;15;1
202200026431;766 911;7;0;2;7;12;2
202200026431;766 913;33;0;2;8;3;1
202200026432;766 909;10;0;2;8;11;1
202200026432;766 910;33;0;2;2;3;1
202200026432;766 912;10;0;2;7;1;1
202200026433;766 908;7;0;1;2;1;1
202200026434;766 907;33;3;0;8;2;1
202200026435;766 904;1;0;2;1;1;5
202200026435;766 906;7;0;2;1;1;1
202200026436;766 903;7;3;0;2;14;1
202200026437;766 902;30;0;2;1;1;1
202200026437;766 905;7;0;2;3;1;1
202200026438;766 899;10;0;2;4;0;1
202200026438;766 901;13;0;2;1;0;1
202200026439;766 898;7;0;1;3;1;3
202200026440;766 897;33;0;2;1;1;1
202200026440;766 900;10;0;2;3;15;1
202200026441;766 894;7;0;1;1;1;1
202200026442;766 892;33;0;2;1;1;1
202200026442;766 895;1;0;2;3;1;5
202200026443;766 893;7;0;2;3;15;1
202200026443;766 896;7;0;2;1;1;1
202200026444;766 891;32;12;0;1;1;1
202200026445;766 889;7;0;1;1;15;1
202200026446;766 888;10;0;2;1;1;1
202200026446;766 890;15;0;2;1;1;1
202200026447;766 886;33;0;0;0;16;1
202200026448;766 885;7;0;2;2;9;1
202200026448;766 887;32;0;2;1;1;1
202200026449;766 884;10;0;1;4;4;1
202200026450;766 881;30;0;0;8;1;1
202200026450;766 883;7;0;0;3;10;2
202200026451;766 882;10;0;1;3;26;0
202200026452;766 880;30;0;1;1;26;1
202200026453;766 877;10;0;2;4;1;1
202200026453;766 879;7;0;2;1;2;1
202200026454;766 873;43;0;2;2;1;1
202200026454;766 874;7;0;2;3;9;1
202200026455;766 870;7;0;2;1;1;1
202200026455;766 872;7;0;2;1;1;1
202200026456;766 871;2;11;0;8;0;1
202200026457;766 869;7;0;1;1;1;2
202200026458;766 868;7;8;0;1;1;1
202200026459;766 865;7;0;1;2;1;1
202200026460;766 866;7;0;1;6;4;2
202200026461;766 861;7;0;1;1;1;1
202200026462;766 859;1;0;2;7;19;5
202200026462;766 862;34;0;2;1;1;1
202200026463;766 855;7;0;2;1;1;1
202200026463;766 857;10;0;2;7;15;3
202200026464;766 852;31;0;2;0;1;1
202200026464;766 854;10;0;0;0;14;1
202200026465;766 851;7;0;2;1;2;1
202200026465;766 853;32;0;2;1;11;1
202200026465;766 856;7;0;2;1;2;1
202200026465;766 858;7;0;2;1;2;1
202200026465;766 860;7;0;2;4;2;1
202200026465;766 863;7;0;2;4;2;1
202200026465;766 864;10;0;0;4;2;1
202200026466;766 850;10;0;1;1;1;1
202200026467;766 847;80;0;2;1;1;3
202200026467;766 849;7;0;2;8;22;1
202200026468;766 848;7;4;0;3;1;1
202200026469;766 845;2;0;2;4;2;1
202200026469;766 846;2;0;2;1;2;1
202200026470;766 842;1;0;2;1;13;5
202200026470;766 844;21;0;9;3;1;1
202200026471;766 841;1;0;2;7;1;5
202200026471;766 843;7;0;2;1;1;0
202200026472;766 839;10;0;2;2;1;1
202200026472;766 840;7;0;2;1;13;1
202200026473;766 838;21;0;0;0;2;0
202200026474;766 836;7;0;2;1;15;1
202200026474;766 837;80;0;2;8;1;3
202200026475;766 834;31;16;6;1;1;1
202200026476;766 832;7;0;2;1;1;0
202200026476;766 835;7;0;2;4;15;1
202200026477;766 831;80;0;2;1;1;3
202200026477;766 833;7;0;2;2;16;3
202200026478;766 829;7;8;2;6;17;1
202200026478;766 830;14;0;0;5;1;1
202200026479;766 826;7;0;2;5;2;1
202200026479;766 828;32;0;2;3;2;1
202200026480;766 823;10;;2;;0;
202200026480;766 824;33;0;2;8;18;1
202200026481;766 821;7;0;2;1;1;1
202200026481;766 825;7;0;2;4;23;1
202200026481;766 827;7;0;2;3;1;1
202200026482;766 820;7;0;2;0;22;1
202200026482;766 822;1;0;2;0;1;5
202200026483;766 817;80;1;2;2;1;3
202200026484;766 816;7;0;2;2;1;1
202200026484;766 818;7;0;0;0;0;1
202200026485;766 815;7;0;2;6;15;1
202200026485;766 819;34;0;2;1;2;1
202200026486;766 811;7;0;2;3;1;2
202200026486;766 814;33;0;2;2;1;1
202200026487;766 809;7;0;2;1;19;1
202200026487;766 813;30;0;2;8;1;1
202200026488;766 810;7;4;2;1;14;1
202200026488;766 812;7;0;2;4;1;1
202200026489;766 806;1;0;2;7;17;5
202200026489;766 808;1;0;2;8;21;5
202200026490;766 805;7;0;1;1;1;1
202200026491;766 802;7;0;0;0;0;1
202200026492;766 801;7;0;2;2;15;1
202200026492;766 803;7;0;2;3;1;2
202200026493;766 799;10;0;1;1;1;1
202200026494;766 797;7;0;2;4;23;1
202200026494;766 798;7;0;2;9;23;3
202200026494;766 800;7;0;2;9;23;1
202200026494;766 804;7;0;2;9;23;1
202200026494;766 807;7;0;2;1;2;1
202200026495;766 796;99;14;0;0;0;3
202200026496;766 792;7;0;0;0;0;
202200026497;766 793;7;0;0;0;15;1
202200026497;766 794;2;0;2;8;18;1
202200026497;766 795;7;0;2;1;15;1
202200026498;766 790;7;12;2;3;18;2
202200026498;766 791;7;12;2;2;1;1
202200026499;766 782;7;0;0;0;0;0
202200026499;766 785;7;0;2;4;2;1
202200026499;766 787;7;0;2;4;2;1
202200026499;766 789;7;0;2;1;2;1
202200026500;766 783;7;0;2;2;1;1
202200026500;766 786;2;0;2;3;15;1
202200026501;766 781;10;4;2;8;1;1
202200026501;766 784;7;4;2;3;11;1
202200026501;766 788;7;4;2;7;1;1
202200026502;766 779;7;8;0;1;1;1
202200026503;766 776;7;1;2;6;2;1
202200026503;766 780;10;0;2;1;1;1
202200026504;766 774;7;0;2;4;9;1
202200026504;766 777;7;0;2;4;9;1
202200026504;766 778;15;4;2;1;0;1
202200026505;766 773;7;0;9;4;16;1
202200026505;766 775;33;0;2;1;1;1
202200026506;766 771;10;0;1;2;2;1
202200026507;766 769;7;0;2;3;21;1
202200026507;766 772;7;0;0;2;9;1
202200026508;766 768;10;0;2;1;2;1
202200026508;766 770;37;0;2;4;2;1
202200026509;766 767;10;4;0;3;13;1
202200026510;766 764;7;0;2;1;1;1
202200026510;766 766;7;0;2;4;1;1
202200026511;766 763;30;0;2;1;1;1
202200026511;766 765;7;0;2;4;1;1
202200026512;766 762;43;11;0;1;1;1
202200026513;766 760;7;1;0;2;2;1
202200026514;766 757;1;0;2;8;5;5
202200026514;766 759;37;0;2;3;7;1
202200026515;766 755;7;0;2;4;2;1
202200026515;766 758;7;0;2;4;2;1
202200026515;766 761;7;0;2;1;1;1
202200026516;766 756;10;2;0;1;9;1
202200026517;766 753;33;13;0;1;2;1
202200026518;766 754;7;0;1;1;1;1
202200026519;766 751;7;0;2;2;1;1
202200026519;766 752;7;0;2;2;15;1
202200026520;766 748;7;8;0;1;1;1
202200026521;766 747;33;12;2;0;14;1
202200026522;766 746;7;0;2;5;1;3
202200026522;766 749;7;0;2;3;1;1
202200026522;766 750;7;0;2;1;12;1
202200026523;766 744;7;0;2;4;26;1
202200026523;766 745;33;0;2;1;1;1
202200026524;766 739;7;0;1;1;1;1
202200026525;766 741;2;0;2;4;1;3
202200026525;766 743;7;0;2;1;14;1
202200026526;766 738;7;0;2;7;0;1
202200026526;766 740;7;0;2;5;13;1
202200026526;766 742;0;0;2;3;12;6
202200026527;766 737;7;0;1;3;1;1
202200026528;766 733;7;0;2;1;2;1
202200026528;766 735;7;0;2;4;1;1
202200026529;766 734;50;0;2;0;0;3
202200026529;766 736;10;0;2;0;0;1
202200026530;766 732;7;0;1;3;1;1
202200026531;766 730;42;3;2;7;26;1
202200026531;766 731;7;0;2;8;13;1
202200026532;766 729;7;0;1;1;1;6
202200026533;766 728;7;0;1;3;1;1
202200026534;766 725;33;0;2;1;2;1
202200026534;766 727;7;0;2;4;2;1
202200026535;766 724;7;0;2;1;2;1
202200026535;766 726;7;0;0;4;2;1
202200026536;766 718;7;0;2;7;15;1
202200026536;766 720;33;0;2;1;1;1
202200026536;766 721;33;0;2;1;1;1
202200026537;766 722;7;0;2;8;15;1
202200026537;766 723;7;0;2;1;1;1
202200026538;766 717;7;0;2;1;0;1
202200026538;766 719;7;0;2;8;9;1
202200026539;766 716;7;0;1;1;1;1
202200026540;766 711;13;0;2;3;1;1
202200026540;766 714;10;0;2;3;13;1
202200026541;766 710;7;0;2;2;14;6
202200026541;766 713;1;0;2;4;1;5
202200026542;766 712;1;0;2;1;1;5
202200026542;766 715;7;0;9;7;1;1
202200026543;766 709;30;0;1;0;17;1
202200026544;766 708;32;8;0;1;14;3
202200026545;766 706;7;4;0;1;13;1
202200026546;766 704;32;0;2;2;1;1