Num_Acc;id_vehicule;categorie_vehicule;obstacle_fixe;obstacle_mobile;point_choc_initial;manoeuvre_principale;motorisation
202200026546;766 707;1;0;2;8;9;5
202200026547;766 701;7;0;2;8;0;1
202200026547;766 703;31;1;2;3;26;1
202200026548;766 700;10;0;1;4;4;1
202200026549;766 697;7;0;2;4;20;1
202200026549;766 699;10;0;1;6;23;1
202200026550;766 695;7;0;2;3;1;1
202200026550;766 698;7;0;2;2;1;1
202200026551;766 690;30;0;2;8;14;1
202200026551;766 691;7;0;2;1;9;1
202200026552;766 688;31;13;0;9;1;1
202200026553;766 685;7;0;9;1;1;1
202200026553;766 689;7;0;2;1;1;1
202200026553;766 694;7;3;0;3;1;1
202200026553;766 696;7;0;2;9;1;1
202200026553;766 702;7;14;0;9;1;1
202200026553;766 705;7;14;0;4;1;1
202200026554;766 683;7;0;2;7;15;1
202200026554;766 686;33;0;2;1;1;1
202200026555;766 681;1;0;2;4;2;5
202200026555;766 682;1;0;2;1;2;0
202200026556;766 677;2;0;2;1;2;1
202200026556;766 680;7;0;2;3;15;1
202200026557;766 678;7;0;1;1;1;2
202200026558;766 676;7;0;0;3;16;1
202200026558;766 679;7;0;0;2;19;1
202200026559;766 673;10;0;2;1;26;1
202200026559;766 675;7;0;2;1;26;1
202200026560;766 671;10;0;2;2;2;1
202200026560;766 674;7;0;2;3;16;1
202200026561;766 670;10;0;2;1;21;1
202200026561;766 672;7;0;2;3;13;1
202200026562;766 669;7;0;1;3;15;1
202200026563;766 668;7;14;0;1;11;1
202200026564;766 667;7;0;1;1;1;1
202200026565;766 666;7;0;1;1;1;1
202200026566;766 665;7;6;0;1;1;1
202200026567;766 664;7;4;0;1;0;1
202200026568;766 661;7;0;1;2;15;1
202200026569;766 660;43;0;2;4;23;1
202200026569;766 662;7;0;2;1;1;1
202200026570;766 659;7;0;1;1;13;1
202200026570;766 663;7;0;2;1;0;1
202200026571;766 657;7;0;1;2;1;1
202200026572;766 656;1;0;2;1;1;5
202200026572;766 658;10;0;9;1;15;1
202200026573;766 654;7;1;0;2;1;2
202200026574;766 653;7;0;2;5;1;1
202200026574;766 655;7;0;2;1;16;1
202200026575;766 650;7;0;2;0;16;1
202200026575;766 652;7;0;2;5;2;0
202200026576;766 648;10;0;2;2;1;6
202200026576;766 649;7;0;2;3;15;1
202200026577;766 645;50;0;2;2;19;3
202200026577;766 646;33;0;2;1;1;1
202200026578;766 647;33;0;2;1;1;1
202200026578;766 651;7;0;0;5;15;1
202200026579;766 642;7;14;0;1;1;1
202200026580;766 643;50;0;2;1;1;3
202200026580;766 644;10;0;2;2;15;1
202200026581;766 638;7;0;2;1;15;1
202200026581;766 640;2;0;0;1;9;1
202200026582;766 637;10;0;0;4;2;1
202200026582;766 639;14;0;0;1;1;1
202200026583;766 636;33;0;2;1;2;1
202200026583;766 641;7;0;2;4;23;1
202200026584;766 635;7;0;1;3;15;1
202200026585;766 634;7;0;1;2;1;1
202200026586;766 631;33;0;2;1;2;1
202200026586;766 633;7;0;2;4;1;1
202200026587;766 630;31;1;0;1;26;1
202200026587;766 632;7;0;2;1;23;1
202200026588;766 628;7;2;0;1;1;1
202200026589;766 626;7;1;2;1;14;1
202200026589;766 629;7;0;0;4;23;1
202200026590;766 622;13;3;2;1;1;0
202200026590;766 623;7;0;2;2;13;1
202200026591;766 621;31;0;2;5;1;1
202200026591;766 624;7;0;2;3;1;1
202200026591;766 625;7;0;2;6;1;1
202200026591;766 627;7;0;2;4;1;1
202200026592;766 618;7;0;2;1;1;1
202200026592;766 619;7;0;2;8;10;1
202200026593;766 616;33;0;2;3;1;1
202200026593;766 620;7;0;2;1;15;1
202200026594;766 615;33;0;2;1;26;1
202200026594;766 617;7;0;0;4;1;1
202200026595;766 613;7;0;0;1;2;1
202200026595;766 614;15;0;0;4;1;1
202200026596;766 611;7;2;0;1;2;1
202200026597;766 609;7;0;1;3;1;1
202200026598;766 608;7;6;0;3;1;0
202200026599;766 606;7;4;0;1;0;1
202200026600;766 605;7;13;2;1;1;1
202200026600;766 607;7;0;2;1;13;1
202200026601;766 603;7;0;2;4;15;1
202200026601;766 604;7;0;2;1;1;1
202200026602;766 601;37;0;2;3;1;2
202200026602;766 602;7;0;2;2;13;1
202200026603;766 599;7;13;0;1;1;1
202200026604;766 597;7;2;0;9;13;1
202200026605;766 598;7;0;2;2;1;1
202200026605;766 600;99;0;2;0;0;0
202200026606;766 596;7;15;0;1;1;1
202200026607;766 593;7;0;2;4;2;1
202200026607;766 594;30;0;2;1;2;0
202200026608;766 591;7;13;0;1;1;1
202200026609;766 592;7;0;2;7;15;1
202200026609;766 595;33;0;2;1;1;1
202200026610;766 588;32;0;2;1;1;1
202200026610;766 590;7;0;2;2;21;1
202200026611;766 587;7;0;2;1;1;1
202200026611;766 589;7;0;2;1;15;1
202200026612;766 586;7;0;0;9;6;1
202200026613;766 584;7;0;1;0;0;
202200026614;766 581;7;0;2;1;2;1
202200026614;766 583;10;0;0;4;2;1
202200026614;766 585;10;0;0;5;2;1
202200026615;766 579;7;2;0;3;14;1
202200026616;766 578;7;0;2;1;15;0
202200026616;766 580;7;0;2;1;0;0
202200026617;766 574;7;0;0;2;15;1
202200026617;766 576;31;0;2;1;1;1
202200026618;766 573;7;0;1;1;1;1
202200026619;766 575;7;0;2;3;19;1
202200026619;766 577;7;0;2;5;26;1
202200026620;766 572;7;0;1;7;1;1
202200026621;766 570;37;0;2;8;1;1
202200026621;766 571;7;0;9;7;16;1
202200026622;766 569;7;0;1;6;4;1
202200026623;766 567;7;0;2;1;1;1
202200026623;766 568;7;0;2;1;13;1
202200026624;766 564;7;0;9;3;1;1
202200026624;766 566;33;0;2;1;13;1
202200026625;766 563;31;0;2;1;17;1
202200026625;766 565;7;0;2;1;0;1
202200026626;766 561;30;0;2;1;2;1
202200026626;766 562;7;0;0;4;23;1
202200026627;766 559;31;0;2;8;2;0
202200026627;766 560;7;0;2;8;2;1
202200026628;766 557;7;13;0;1;1;1
202200026629;766 555;10;0;2;8;1;1
202200026629;766 558;2;0;2;1;15;1
202200026630;766 554;37;0;9;3;0;1
202200026630;766 556;1;0;2;2;19;5
202200026631;766 553;7;13;0;2;1;1
202200026632;766 552;80;0;0;0;0;3
202200026633;766 551;7;0;1;3;26;1
202200026634;766 550;14;13;0;3;0;1
202200026635;766 548;7;2;1;2;0;1
202200026636;766 545;7;0;2;1;26;1
202200026636;766 547;7;0;2;2;0;1
202200026637;766 543;0;0;0;;;
202200026637;766 544;7;0;2;1;21;1
202200026637;766 546;10;2;2;1;1;1
202200026637;766 549;13;0;2;1;1;1
202200026638;766 541;7;0;1;8;1;0
202200026639;766 540;7;1;2;3;13;1
202200026639;766 542;7;1;0;6;1;1
202200026640;766 538;33;0;0;1;17;1
202200026640;766 539;33;0;0;8;15;1
202200026641;766 536;33;12;0;1;0;1
202200026641;766 537;33;0;0;0;0;1
202200026642;766 532;2;0;2;1;1;1
202200026642;766 534;7;0;2;2;19;1
202200026643;766 530;7;0;2;6;2;1
202200026643;766 533;7;0;2;2;2;1
202200026644;766 531;7;0;2;2;1;1
202200026644;766 535;7;0;2;3;1;1
202200026645;766 527;7;0;2;3;1;1
202200026645;766 529;7;0;2;3;13;1
202200026646;766 526;2;0;2;1;1;1
202200026646;766 528;7;0;2;0;15;1
202200026647;766 525;33;9;0;0;1;1
202200026648;766 522;7;0;2;3;0;1
202200026648;766 524;31;0;2;1;0;1
202200026649;766 521;7;0;2;2;16;1
202200026649;766 523;1;0;2;3;1;5
202200026650;766 517;7;0;2;3;1;2
202200026650;766 520;7;0;2;3;1;1
202200026651;766 519;7;2;0;2;1;1
202200026652;766 516;30;0;2;7;26;1
202200026652;766 518;7;14;2;8;1;1
202200026653;766 513;7;8;0;2;1;1
202200026654;766 511;7;0;2;3;1;1
202200026654;766 514;7;0;2;3;1;1
202200026655;766 512;14;0;2;3;1;1
202200026655;766 515;2;0;2;1;16;1
202200026656;766 507;50;0;2;1;1;3
202200026656;766 509;7;0;2;4;23;1
202200026657;766 508;80;0;2;3;13;3
202200026657;766 510;7;0;2;7;21;1
202200026658;766 506;17;3;0;5;17;1
202200026659;766 502;7;0;2;1;1;2
202200026659;766 503;17;0;2;1;1;1
202200026660;766 500;7;0;2;3;2;2
202200026660;766 505;34;0;2;5;2;1
202200026661;766 499;7;0;2;1;2;1
202200026661;766 501;7;0;2;4;2;1
202200026661;766 504;7;0;2;4;2;2
202200026662;766 498;80;0;0;0;16;3
202200026663;766 497;7;13;0;1;2;1
202200026664;766 496;7;0;1;1;1;1
202200026665;766 494;7;0;1;3;1;1
202200026666;766 493;10;0;2;2;1;1
202200026666;766 495;33;0;2;1;15;1
202200026667;766 492;7;3;0;1;21;1
202200026668;766 491;10;2;0;1;1;1
202200026669;766 490;7;1;0;2;1;
202200026670;766 487;3;0;0;7;1;3
202200026671;766 488;7;0;2;3;19;1
202200026671;766 489;33;0;0;6;1;1
202200026672;766 481;10;0;2;1;9;1
202200026672;766 484;7;0;2;2;1;1
202200026673;766 480;7;14;2;1;0;1
202200026673;766 483;7;0;2;5;15;1
202200026674;766 482;7;6;0;1;1;1
202200026675;766 479;43;8;0;1;1;1
202200026676;766 478;7;6;0;3;1;1
202200026677;766 477;2;6;0;1;1;1
202200026678;766 474;7;0;2;2;19;1
202200026678;766 476;7;0;2;1;1;1
202200026679;766 471;7;0;2;1;1;1
202200026679;766 473;7;0;2;6;19;1
202200026680;766 467;34;0;2;1;1;1
202200026680;766 470;7;0;2;1;15;1
202200026681;766 466;31;0;2;8;1;1
202200026681;766 469;7;0;2;1;19;1
202200026682;766 465;7;0;9;8;15;1
202200026682;766 468;1;0;2;1;1;5
202200026683;766 463;33;0;2;7;17;1
202200026683;766 464;1;0;2;8;11;5
202200026684;766 461;7;2;0;1;1;1
202200026685;766 460;15;0;0;6;2;1
202200026685;766 462;7;0;2;2;2;1
202200026686;766 457;7;2;0;1;1;1
202200026687;766 456;7;0;2;3;23;1
202200026687;766 458;15;0;2;2;14;1
202200026688;766 455;7;0;2;1;21;3
202200026688;766 459;7;0;0;3;5;0
202200026689;766 453;15;0;0;7;15;1
202200026689;766 454;7;0;2;1;1;1
202200026690;766 450;32;0;2;2;1;1
202200026690;766 452;7;0;2;1;15;1
202200026691;766 449;7;0;2;2;15;1
202200026691;766 451;30;0;2;1;1;1
202200026692;766 448;7;0;1;3;16;1
202200026693;766 444;7;0;2;7;14;1
202200026693;766 446;32;0;2;3;2;1
202200026693;766 447;7;0;2;3;2;1
202200026694;766 443;2;0;0;0;13;1
202200026695;766 445;7;13;0;1;13;1
202200026696;766 439;7;0;2;5;12;1
202200026696;766 442;33;0;2;8;3;1
202200026697;766 441;7;0;1;1;15;1
202200026698;766 437;33;0;2;1;1;1
202200026698;766 440;7;0;2;2;5;1
202200026699;766 433;7;15;2;3;13;1
202200026699;766 436;30;0;2;3;1;1
202200026700;766 434;33;0;2;7;3;1
202200026700;766 435;7;0;2;6;2;1
202200026700;766 438;43;0;2;2;2;1
202200026701;766 429;2;0;2;1;1;1
202200026701;766 431;7;0;0;5;15;1
202200026702;766 428;50;0;2;1;1;3
202200026702;766 430;10;0;2;7;15;1
202200026703;766 427;7;0;2;2;1;1
202200026703;766 432;1;0;2;4;9;5
202200026704;766 426;7;3;0;3;16;1
202200026705;766 425;10;2;0;1;1;1
202200026706;766 424;50;0;1;0;25;3
202200026707;766 420;80;0;1;2;1;3
202200026708;766 421;7;0;2;4;2;1
202200026708;766 423;15;0;2;1;2;1
202200026709;766 419;31;0;2;1;1;1
202200026709;766 422;0;0;2;0;0;0
202200026710;766 417;7;0;2;1;1;1
202200026710;766 418;7;3;2;0;0;1
202200026711;766 414;33;0;0;8;1;1
202200026712;766 410;10;3;2;4;2;1
202200026712;766 411;7;3;2;1;2;1
202200026713;766 408;7;0;0;7;19;1
202200026713;766 409;33;0;2;1;0;1
202200026714;766 405;43;0;2;1;18;1
202200026714;766 406;7;0;2;5;1;2
202200026714;766 407;33;0;2;4;9;1
202200026715;766 402;7;0;2;1;1;1
202200026715;766 404;7;0;2;1;13;1
202200026716;766 401;7;0;2;1;1;1
202200026716;766 403;10;0;2;7;12;1
202200026717;766 400;7;2;0;3;1;1
202200026718;766 398;15;1;0;1;17;1
202200026718;766 399;15;0;2;4;24;1
202200026719;766 397;1;0;0;0;0;5
202200026720;766 395;7;0;2;6;11;1
202200026720;766 396;32;0;2;2;1;1
202200026721;766 391;7;0;2;4;11;1
202200026721;766 393;7;0;2;1;1;1
202200026722;766 392;7;0;2;2;2;3
202200026722;766 394;15;0;2;8;9;1
202200026723;766 389;7;0;2;4;2;1
202200026723;766 390;7;0;2;1;2;1
202200026724;766 388;7;0;1;6;4;2
202200026725;766 385;31;0;2;1;17;1
202200026725;766 387;7;0;2;6;15;1
202200026726;766 386;10;0;0;1;1;1
202200026727;766 384;10;0;1;4;20;1
202200026728;766 380;7;0;2;2;1;1
202200026728;766 382;33;0;2;1;1;1
202200026729;766 381;2;0;2;1;1;1
202200026729;766 383;7;0;2;2;1;1
202200026730;766 378;2;0;2;5;13;1
202200026730;766 379;1;0;2;8;1;5
202200026731;766 375;7;0;2;3;0;1
202200026731;766 376;7;0;2;4;1;1
202200026732;766 372;1;0;2;8;1;5
202200026732;766 373;7;0;2;1;1;1
202200026733;766 374;7;0;2;1;1;1
202200026733;766 377;7;0;2;1;13;1
202200026734;766 371;10;0;1;1;1;1
202200026735;766 367;7;4;2;3;1;1
202200026735;766 369;7;4;2;1;5;1
202200026736;766 368;7;0;0;8;1;1
202200026736;766 370;7;0;2;1;19;1
202200026737;766 366;0;14;1;1;1;6
202200026738;766 364;7;0;1;2;0;1
202200026739;766 362;30;0;2;1;26;1
202200026739;766 363;7;0;2;4;23;0
202200026740;766 365;7;4;0;7;1;1
202200026741;766 360;7;0;2;1;1;1
202200026741;766 361;7;0;2;7;1;1
202200026742;766 359;7;0;1;2;1;1
202200026743;766 356;7;3;2;1;1;1
202200026743;766 358;7;3;2;1;13;1
202200026744;766 355;7;8;1;2;1;1
202200026745;766 352;7;0;2;1;1;1
202200026745;766 353;7;0;2;1;1;1
202200026746;766 351;7;1;0;2;14;1
202200026747;766 349;30;0;2;3;17;1
202200026747;766 350;7;0;0;3;15;1
202200026748;766 354;7;0;2;2;0;2
202200026748;766 357;33;0;2;1;0;1
202200026749;766 347;7;9;2;3;1;1
202200026749;766 348;7;0;2;1;15;1
202200026750;766 346;7;1;0;2;1;1
202200026751;766 342;7;0;2;4;23;1
202200026751;766 343;7;0;2;1;1;1
202200026752;766 338;10;0;2;4;2;1
202200026752;766 340;37;0;2;1;2;1
202200026753;766 337;7;0;1;3;1;1
202200026754;766 336;7;0;1;1;0;1
202200026755;766 339;7;0;2;1;13;1
202200026755;766 341;7;0;2;6;1;1
202200026756;766 335;30;0;1;1;0;1
202200026757;766 333;7;0;1;1;1;1
202200026758;766 334;33;0;0;1;1;1
202200026759;766 331;33;0;2;1;1;1
202200026759;766 332;33;0;2;4;1;1
202200026760;766 329;7;0;2;1;1;1
202200026760;766 330;7;0;2;4;1;1
202200026761;766 328;33;0;0;0;26;1
202200026762;766 325;7;4;0;2;1;1
202200026763;766 320;7;0;2;2;12;0
202200026763;766 322;7;0;2;6;1;0
202200026763;766 323;7;0;2;4;1;0
202200026764;766 319;10;0;1;7;1;1
202200026765;766 321;7;0;2;3;9;1
202200026765;766 324;31;0;2;7;1;1
202200026766;766 317;7;0;2;4;1;1
202200026766;766 318;7;0;2;1;2;1
202200026767;766 316;7;0;1;1;1;1
202200026768;766 314;7;0;1;3;1;1
202200026769;766 313;7;0;1;3;1;1
202200026770;766 310;7;0;2;1;17;1
202200026770;766 312;10;0;2;1;1;1
202200026771;766 311;7;0;2;1;1;1
202200026771;766 315;7;0;2;2;19;1
202200026772;766 309;7;0;1;1;16;1
202200026773;766 308;7;0;1;1;1;1
202200026774;766 305;7;0;2;4;1;1
202200026774;766 306;7;0;2;1;1;1
202200026775;766 307;7;13;0;9;16;1
202200026776;766 301;7;6;0;3;6;1
202200026777;766 299;7;0;2;3;13;1
202200026777;766 300;2;0;2;2;17;1
202200026778;766 297;33;15;2;8;17;1
202200026779;766 295;1;0;2;1;1;5
202200026779;766 296;7;0;2;8;9;1
202200026780;766 298;33;0;0;8;1;1
202200026781;766 293;2;0;2;4;2;1
202200026781;766 294;7;0;2;4;9;1
202200026782;766 291;37;0;1;3;7;3
202200026783;766 292;36;12;0;2;18;1
202200026784;766 289;7;13;0;0;1;1
202200026785;766 290;7;2;0;1;1;1
202200026786;766 288;7;0;1;1;1;1
202200026787;766 287;7;2;0;1;1;1
202200026788;766 286;7;0;1;8;1;0
202200026789;766 285;2;0;0;8;1;1
202200026790;766 281;7;0;2;8;19;1
202200026790;766 282;1;0;2;1;1;5
202200026791;766 283;1;0;2;8;2;5
202200026791;766 284;7;0;2;5;2;1
202200026792;766 280;7;0;1;1;1;1
202200026793;766 278;7;0;2;3;1;1
202200026793;766 279;7;0;2;2;1;1
202200026794;766 276;10;0;1;3;26;1
202200026795;766 277;15;1;1;2;14;1
202200026796;766 275;30;16;0;7;1;3
202200026797;766 271;7;0;2;3;15;1
202200026797;766 274;33;0;2;1;1;1
202200026798;766 268;7;0;2;2;15;1
202200026798;766 269;30;0;2;1;18;1
202200026799;766 266;7;0;2;5;1;1
202200026799;766 267;34;0;2;1;0;1
202200026800;766 262;10;0;2;5;23;1
202200026800;766 263;7;0;2;5;23;1
202200026800;766 264;33;0;2;7;23;1
202200026800;766 265;7;0;2;3;3;1
202200026801;766 261;7;0;0;1;1;1
202200026802;766 259;33;0;2;3;3;1
202200026802;766 260;7;0;2;2;12;1
202200026803;766 254;7;0;2;1;2;1
202200026803;766 255;7;0;2;4;2;1
202200026803;766 256;7;0;2;1;2;1
202200026803;766 257;7;0;2;1;2;1
202200026803;766 258;7;0;2;1;2;2
202200026804;766 251;7;0;2;5;2;0
202200026804;766 252;7;0;2;2;12;0
202200026804;766 253;32;0;2;3;3;0
202200026805;766 249;10;0;2;8;9;1
202200026805;766 250;7;0;2;7;1;1
202200026806;766 247;7;0;2;1;26;1
202200026806;766 248;7;0;2;4;1;2
202200026807;766 244;33;0;2;1;3;1
202200026807;766 245;7;0;2;6;2;1
202200026807;766 246;7;0;2;8;11;1
202200026808;766 242;33;0;2;7;9;1
202200026808;766 243;7;0;2;6;1;1
202200026809;766 241;7;0;2;0;2;1
202200026810;766 239;7;0;0;7;15;1
202200026810;766 240;33;0;2;1;1;1
202200026811;766 237;1;0;2;1;9;5
202200026811;766 238;7;0;2;2;1;1
202200026812;766 235;10;0;2;8;9;1
202200026812;766 236;2;0;2;1;1;1
202200026813;766 233;7;0;2;7;16;1
202200026813;766 234;7;0;2;3;1;1
202200026814;766 232;7;4;0;1;26;1
202200026815;766 230;7;4;2;2;11;1
202200026815;766 231;7;4;2;5;1;1
202200026816;766 227;7;0;2;7;1;2
202200026816;766 228;7;0;2;8;0;1
202200026816;766 229;7;3;2;7;14;1
202200026817;766 225;33;0;2;1;2;1
202200026817;766 226;7;0;2;4;2;1
202200026818;766 223;7;0;2;1;1;1
202200026818;766 224;1;0;2;7;9;5
202200026819;766 222;7;0;1;1;13;1
202200026820;766 221;7;0;1;1;16;1
202200026821;766 219;7;0;2;6;23;1
202200026821;766 220;32;0;2;1;1;1
202200026822;766 215;7;0;2;4;23;1
202200026822;766 216;7;0;2;4;2;1
202200026822;766 217;7;0;2;1;2;1
202200026822;766 218;10;0;2;6;20;1
202200026823;766 213;7;0;2;1;15;1
202200026823;766 214;30;0;2;1;1;1
202200026824;766 211;7;0;2;1;15;1
202200026824;766 212;33;0;2;1;1;1
202200026825;766 209;7;0;2;1;1;1
202200026825;766 210;7;0;2;1;13;1
202200026826;766 207;31;0;2;1;1;1
202200026826;766 208;7;0;2;5;15;1
202200026827;766 205;7;0;2;1;1;1
202200026827;766 206;7;0;2;2;15;3
202200026828;766 203;7;0;2;3;1;1
202200026828;766 204;7;0;2;1;1;0
202200026829;766 202;31;8;0;1;0;1
202200026830;766 200;7;0;2;1;1;1
202200026830;766 201;7;0;2;4;1;1
202200026831;766 198;30;0;2;1;1;1
202200026831;766 199;7;0;2;4;1;1
202200026832;766 196;7;0;2;1;2;1
202200026832;766 197;7;0;2;4;2;1
202200026833;766 194;30;14;2;0;0;1
202200026833;766 195;7;14;2;1;9;1
202200026834;766 192;7;0;2;1;9;1
202200026834;766 193;50;0;2;7;15;3
202200026835;766 191;7;0;1;5;25;2
202200026836;766 189;7;0;2;8;1;1
202200026836;766 190;17;0;2;3;13;1
202200026837;766 186;10;0;2;7;17;1
202200026837;766 187;14;0;2;3;0;1
202200026837;766 188;31;0;2;2;0;1
202200026838;766 184;7;0;2;4;1;1
202200026838;766 185;7;0;2;1;1;1
202200026839;766 182;7;0;2;3;15;0
202200026839;766 183;33;0;2;1;1;1
202200026840;766 181;7;8;0;1;14;1
202200026841;766 180;2;0;0;8;1;1
202200026842;766 178;7;0;2;3;1;0
202200026842;766 179;7;0;2;3;13;1
202200026843;766 176;10;0;0;4;1;1
202200026843;766 177;33;0;2;1;9;1
202200026844;766 174;7;0;2;4;23;6
202200026844;766 175;7;0;2;1;2;1
202200026845;766 172;7;0;2;1;0;0
202200026845;766 173;30;0;2;1;26;1
202200026846;766 170;7;0;2;4;23;1
202200026846;766 171;10;0;2;1;2;1
202200026847;766 166;30;0;2;1;0;1
202200026847;766 167;7;0;2;2;15;1
202200026848;766 165;2;1;0;1;14;1
202200026849;766 164;7;0;1;2;1;2
202200026850;766 162;15;0;4;7;23;1
202200026850;766 163;39;0;2;1;1;3
202200026851;766 160;10;0;2;2;21;1
202200026851;766 161;80;0;2;3;15;3
202200026852;766 158;7;0;2;3;13;1
202200026852;766 159;10;0;2;3;1;1
202200026853;766 156;7;0;2;1;1;1
202200026853;766 157;7;0;0;8;15;1
202200026854;766 155;7;8;0;2;14;1
202200026855;766 154;7;0;1;1;16;1
202200026856;766 152;7;0;0;3;1;1
202200026856;766 153;80;0;2;1;5;3
202200026857;766 149;13;0;2;2;1;1
202200026857;766 150;7;16;2;3;1;1
202200026857;766 151;7;0;2;3;13;1
202200026858;766 147;7;0;0;1;1;1
202200026858;766 148;7;0;0;8;1;1
202200026859;766 145;10;0;2;3;1;1
202200026859;766 146;7;3;2;2;0;1
202200026860;766 143;10;0;0;2;1;1
202200026860;766 144;1;0;2;1;1;5
202200026861;766 142;1;1;0;1;0;5
202200026862;766 140;2;0;2;6;7;1
202200026862;766 141;7;0;2;3;19;1
202200026863;766 139;7;3;0;1;1;1
202200026864;766 137;13;0;2;3;1;1
202200026864;766 138;7;0;0;3;1;1
202200026865;766 134;7;0;2;1;1;0
202200026865;766 135;7;0;2;9;1;1
202200026865;766 136;7;0;2;4;1;1
202200026866;766 132;10;0;2;2;1;1
202200026866;766 133;10;0;2;6;11;1
202200026867;766 131;7;2;0;1;0;0
202200026868;766 129;33;0;2;1;13;1
202200026868;766 130;7;0;2;1;1;1
202200026869;766 127;7;0;2;8;1;1
202200026869;766 128;10;9;2;3;13;1
202200026870;766 124;7;0;0;0;1;1
202200026870;766 125;7;3;2;1;1;1
202200026870;766 126;7;3;2;5;15;1
202200026871;766 120;7;0;2;3;0;1
202200026871;766 121;7;0;2;2;1;1
202200026872;766 119;2;0;6;1;1;1
202200026873;766 118;7;8;0;1;1;1
202200026874;766 116;7;0;0;1;19;1
202200026874;766 117;14;0;0;1;13;1
202200026875;766 114;7;0;2;1;2;1
202200026875;766 115;7;0;2;4;1;2
202200026876;766 110;7;0;2;1;26;1
202200026876;766 111;7;0;0;4;12;1
202200026876;766 112;7;0;2;4;1;1
202200026876;766 113;7;0;0;4;1;1
202200026877;766 109;7;3;0;1;0;1
202200026878;766 107;14;0;2;2;1;1
202200026878;766 108;7;0;2;6;11;1
202200026879;766 105;43;0;2;1;3;1
202200026879;766 106;7;0;2;8;11;1
202200026880;766 103;7;0;2;2;0;2
202200026880;766 104;31;0;2;3;18;1
202200026881;766 100;7;0;0;4;26;1
202200026881;766 101;7;0;2;4;0;1
202200026881;766 102;7;0;2;1;9;1
202200026882;766 097;7;0;2;2;14;1
202200026882;766 098;7;0;2;8;1;1
202200026882;766 099;7;0;2;3;1;2
202200026883;766 095;14;0;2;4;2;1
202200026883;766 096;10;0;2;1;2;1
202200026884;766 093;7;1;0;1;17;1
202200026884;766 094;7;0;0;4;24;0
202200026885;766 092;7;4;0;2;1;1
202200026886;766 089;43;0;2;1;3;1
202200026886;766 090;7;0;2;6;2;1
202200026886;766 091;7;0;2;3;11;1
202200026887;766 086;7;0;2;1;2;1
202200026887;766 087;7;0;2;4;2;1
202200026887;766 088;10;0;2;4;2;1
202200026888;766 085;7;3;0;1;16;1
202200026889;766 083;2;0;2;1;1;1
202200026889;766 084;7;0;2;6;19;1
202200026890;766 081;7;0;2;1;2;0
202200026890;766 082;7;0;2;8;15;1
202200026891;766 079;10;0;2;6;0;1
202200026891;766 080;7;0;2;5;3;1
202200026892;766 077;7;0;2;1;15;1
202200026892;766 078;7;0;2;1;15;1
202200026893;766 076;0;0;0;0;26;0
202200026894;766 075;7;6;0;1;1;1
202200026895;766 074;7;9;9;2;14;1
202200026896;766 073;33;0;0;0;0;1
202200026897;766 072;33;5;1;1;26;1
202200026898;766 070;1;0;9;4;0;5
202200026898;766 071;7;0;9;2;2;1
202200026899;766 069;7;0;1;3;25;0
202200026900;766 067;30;0;2;1;1;1
202200026900;766 068;7;0;2;2;15;1
202200026901;766 066;7;0;1;2;20;1
202200026902;766 064;33;0;2;1;17;1
202200026902;766 065;7;0;2;3;15;1
202200026903;766 060;7;0;2;2;9;1
202200026903;766 061;43;0;0;1;1;1
202200026904;766 059;7;6;0;3;14;1
202200026905;766 058;7;0;1;2;1;1
202200026906;766 057;7;2;0;2;1;1
202200026907;766 055;2;0;0;7;15;1
202200026907;766 056;7;0;2;1;9;1
202200026908;766 053;7;0;0;3;1;1
202200026908;766 054;1;0;2;7;19;5
202200026909;766 052;50;12;0;0;0;3
202200026910;766 050;7;0;2;7;1;1
202200026910;766 051;7;0;2;1;1;1
202200026911;766 048;30;0;2;1;1;1
202200026911;766 049;7;0;2;7;15;1
202200026912;766 045;2;0;2;1;21;1
202200026912;766 046;7;0;2;6;13;1
202200026912;766 047;7;0;2;3;26;1
202200026913;766 043;33;0;2;4;23;1
202200026913;766 044;7;9;2;3;2;1
202200026914;766 040;7;0;2;2;15;1
202200026914;766 041;30;0;2;1;1;1
202200026915;766 038;30;0;2;2;17;1
202200026915;766 039;7;0;2;3;15;1
202200026916;766 036;7;0;2;4;23;1
202200026916;766 037;7;0;2;1;1;1
202200026917;766 034;7;0;9;8;15;1
202200026917;766 035;7;0;2;1;1;1
202200026918;766 032;33;0;2;1;1;1
202200026918;766 033;7;0;2;2;15;1
202200026919;766 030;30;0;2;9;13;1
202200026919;766 031;7;0;2;9;13;1
202200026920;766 029;7;3;0;1;14;1
202200026921;766 027;32;0;2;2;14;1
202200026921;766 028;7;0;2;6;1;1
202200026922;766 025;7;0;2;5;12;1
202200026922;766 026;31;0;2;8;3;1
202200026923;766 024;33;0;0;0;11;1
202200026924;766 021;7;0;2;1;2;1
202200026924;766 022;10;0;2;4;2;1
202200026924;766 023;7;0;2;4;23;1
202200026925;766 019;50;0;2;1;1;3
202200026925;766 020;7;0;2;7;22;1
202200026926;766 017;7;0;2;3;13;1
202200026926;766 018;30;0;2;7;1;1
202200026927;766 015;30;0;2;6;1;1
202200026927;766 016;7;12;2;2;1;0
202200026928;766 013;7;0;2;1;1;2
202200026928;766 014;7;0;2;2;1;1
202200026929;766 012;1;0;1;1;18;5
202200026930;766 010;1;0;2;8;25;5
202200026930;766 011;7;0;2;7;22;1
202200026931;766 008;33;0;2;3;2;1
202200026931;766 009;7;0;2;5;23;1
202200026932;766 007;80;0;1;7;1;3
202200026933;766 005;7;0;2;3;15;1
202200026933;766 006;30;0;2;2;5;1
202200026934;766 003;10;0;2;3;1;1
202200026934;766 004;32;0;2;1;1;1
202200026935;766 001;7;0;2;3;9;2