Num_Acc;id_vehicule;categorie_vehicule;obstacle_fixe;obstacle_mobile;point_choc_initial;manoeuvre_principale;motorisation
202200026935;766 002;32;0;2;2;1;1
202200026936;765 999;37;0;2;7;1;2
202200026936;766 000;50;0;2;8;13;3
202200026937;765 998;7;9;0;2;1;1
202200026938;765 996;7;0;2;4;23;1
202200026938;765 997;7;0;2;1;2;0
202200026939;765 994;7;0;2;1;2;1
202200026939;765 995;7;0;2;4;2;1
202200026940;765 993;7;0;2;0;0;0
202200026941;765 991;2;0;2;3;1;1
202200026941;765 992;7;0;2;2;12;1
202200026942;765 989;7;0;2;1;15;2
202200026942;765 990;33;0;2;8;1;1
202200026943;765 988;10;13;0;3;1;1
202200026944;765 986;7;0;2;1;5;1
202200026944;765 987;14;0;2;1;1;1
202200026945;765 984;7;0;2;8;11;2
202200026945;765 985;7;4;2;7;1;1
202200026946;765 983;7;0;1;3;1;1
202200026947;765 981;7;0;2;1;0;1
202200026947;765 982;2;0;0;4;2;1
202200026948;765 979;7;0;2;3;13;1
202200026948;765 980;10;0;2;8;1;1
202200026949;765 978;10;2;0;1;1;1
202200026950;765 976;7;0;2;8;15;1
202200026950;765 977;33;0;2;1;21;1
202200026951;765 974;33;0;2;1;13;1
202200026951;765 975;7;0;2;1;1;1
202200026952;765 971;7;0;2;1;0;1
202200026952;765 972;7;0;2;9;0;1
202200026952;765 973;7;0;2;3;13;1
202200026953;765 970;7;8;0;2;17;1
202200026954;765 968;7;13;0;9;1;1
202200026955;765 966;7;0;2;1;13;1
202200026955;765 967;7;0;2;1;1;1
202200026956;765 964;2;0;0;2;16;1
202200026956;765 965;2;0;2;1;2;1
202200026957;765 963;7;1;0;3;1;1
202200026958;765 959;7;0;2;3;15;3
202200026958;765 960;33;0;2;1;1;1
202200026959;765 957;15;0;2;0;1;1
202200026959;765 958;7;0;2;0;13;1
202200026960;765 955;7;0;2;3;13;1
202200026960;765 956;33;0;2;1;1;1
202200026961;765 954;7;6;0;1;0;1
202200026962;765 953;1;0;1;1;1;5
202200026963;765 951;2;0;2;1;0;1
202200026963;765 952;7;0;0;7;1;1
202200026964;765 950;7;16;0;1;1;1
202200026965;765 948;7;0;2;2;1;1
202200026965;765 949;7;0;0;8;10;1
202200026966;765 947;7;2;0;7;1;1
202200026967;765 946;7;15;0;9;0;1
202200026968;765 944;31;0;2;1;0;0
202200026968;765 945;7;0;2;1;13;1
202200026969;765 943;17;0;1;2;1;1
202200026970;765 942;7;0;1;2;1;1
202200026971;765 940;7;0;2;2;15;1
202200026971;765 941;30;0;2;1;1;1
202200026972;765 939;7;3;0;2;2;1
202200026973;765 937;7;0;2;1;1;1
202200026973;765 938;7;0;2;4;23;1
202200026974;765 935;21;0;0;4;2;1
202200026974;765 936;15;0;2;1;2;1
202200026975;765 934;33;0;0;0;1;1
202200026976;765 933;7;0;1;1;1;1
202200026977;765 932;33;16;0;1;0;1
202200026978;765 931;35;0;0;2;17;1
202200026979;765 930;10;0;1;6;4;1
202200026980;765 928;7;0;2;1;1;1
202200026980;765 929;37;0;2;2;15;1
202200026981;765 927;1;0;5;1;19;5
202200026982;765 926;10;0;1;3;15;1
202200026983;765 924;7;0;2;7;1;1
202200026983;765 925;7;0;2;1;9;1
202200026984;765 923;7;13;0;3;1;1
202200026985;765 921;7;0;2;4;2;1
202200026985;765 922;7;0;2;1;2;1
202200026986;765 919;7;4;2;1;1;1
202200026986;765 920;7;0;1;2;1;1
202200026987;765 917;2;0;2;4;13;1
202200026987;765 918;7;0;2;1;1;1
202200026988;765 915;7;0;2;1;1;1
202200026988;765 916;7;0;2;9;1;1
202200026989;765 912;7;0;2;4;1;1
202200026989;765 913;7;0;2;6;1;2
202200026989;765 914;14;0;2;2;11;1
202200026990;765 911;7;3;0;1;16;1
202200026991;765 910;7;3;0;1;26;1
202200026992;765 905;7;0;2;4;1;1
202200026992;765 906;7;0;2;4;1;1
202200026992;765 907;7;0;2;4;1;1
202200026992;765 908;7;0;2;3;1;1
202200026992;765 909;7;0;2;5;1;1
202200026993;765 902;10;0;2;4;2;1
202200026993;765 903;7;0;0;5;2;1
202200026993;765 904;10;0;2;1;2;1
202200026994;765 900;33;0;0;0;26;1
202200026994;765 901;10;0;0;0;0;1
202200026995;765 899;33;0;0;8;21;1
202200026996;765 897;7;0;2;1;2;1
202200026996;765 898;7;0;2;4;2;1
202200026997;765 896;7;4;2;1;14;1
202200026998;765 895;7;4;0;1;13;1
202200026999;765 890;10;4;2;4;2;1
202200026999;765 891;7;4;2;4;2;1
202200026999;765 892;7;4;2;4;2;1
202200026999;765 893;10;4;2;4;2;1
202200026999;765 894;17;4;2;1;2;1
202200027000;765 886;7;0;2;4;2;1
202200027000;765 887;7;0;2;1;2;1
202200027000;765 888;7;0;2;4;2;1
202200027000;765 889;7;0;2;1;2;1
202200027001;765 884;10;0;2;1;9;1
202200027001;765 885;7;1;2;4;9;1
202200027002;765 882;30;0;1;1;0;0
202200027003;765 881;7;4;1;2;11;1
202200027004;765 880;2;0;0;0;26;1
202200027005;765 878;7;0;2;3;1;1
202200027005;765 879;33;0;2;1;1;1
202200027006;765 876;7;0;2;8;10;1
202200027006;765 877;7;0;2;1;1;1
202200027007;765 875;7;10;0;1;0;1
202200027008;765 873;33;0;2;1;17;1
202200027008;765 874;7;0;2;6;15;1
202200027009;765 871;1;0;2;8;19;5
202200027009;765 872;7;9;2;2;1;1
202200027010;765 870;0;0;1;0;26;0
202200027011;765 869;7;4;0;3;1;1
202200027012;765 867;7;0;2;3;26;1
202200027012;765 868;1;0;2;1;1;5
202200027013;765 865;7;0;2;3;20;1
202200027013;765 866;7;0;2;2;1;1
202200027014;765 864;7;0;0;0;0;1
202200027015;765 862;33;0;2;2;17;1
202200027015;765 863;7;0;2;8;1;1
202200027016;765 860;7;0;2;6;1;1
202200027016;765 861;7;9;2;2;2;1
202200027017;765 858;7;0;1;3;1;1
202200027018;765 856;7;0;2;8;15;0
202200027018;765 857;33;0;2;7;1;1
202200027019;765 854;30;0;2;1;15;1
202200027019;765 855;50;0;2;0;1;3
202200027020;765 852;2;0;2;1;1;1
202200027020;765 853;7;0;2;2;15;1
202200027021;765 851;7;2;0;1;1;1
202200027022;765 849;31;0;2;1;1;1
202200027022;765 850;7;0;2;7;15;1
202200027023;765 847;7;0;2;1;0;1
202200027023;765 848;7;0;2;2;1;1
202200027024;765 845;99;13;0;0;0;1
202200027024;765 846;99;13;0;0;0;1
202200027025;765 844;33;0;0;8;1;1
202200027026;765 842;7;0;2;3;2;2
202200027026;765 843;31;0;2;7;2;1
202200027027;765 840;7;0;9;5;1;1
202200027027;765 841;1;0;2;1;0;5
202200027028;765 838;1;0;2;1;16;5
202200027028;765 839;10;0;9;7;16;1
202200027029;765 836;33;0;2;1;1;1
202200027029;765 837;7;0;2;5;26;1
202200027030;765 834;32;0;2;4;15;1
202200027030;765 835;7;0;2;1;15;1
202200027031;765 831;7;0;2;6;2;1
202200027031;765 832;7;0;2;4;26;1
202200027031;765 833;10;0;2;1;2;1
202200027032;765 829;7;0;0;0;1;1
202200027032;765 830;7;0;0;0;12;1
202200027033;765 827;7;0;2;1;0;1
202200027033;765 828;7;0;2;4;1;1
202200027034;765 825;2;0;2;1;1;1
202200027034;765 826;7;0;2;2;15;1
202200027035;765 824;7;2;0;1;1;1
202200027036;765 823;7;0;0;5;9;6
202200027037;765 820;7;4;2;3;1;1
202200027037;765 821;7;0;2;1;1;1
202200027037;765 822;7;0;2;4;1;1
202200027038;765 819;7;0;1;2;15;1
202200027039;765 817;7;0;2;3;9;1
202200027039;765 818;2;0;2;1;1;1
202200027040;765 815;34;0;2;3;3;1
202200027040;765 816;7;0;2;5;12;1
202200027041;765 813;43;0;2;2;17;1
202200027041;765 814;7;0;2;3;15;1
202200027042;765 811;7;0;2;1;1;1
202200027042;765 812;7;0;2;1;13;1
202200027043;765 809;33;0;2;7;17;1
202200027043;765 810;21;0;2;3;1;1
202200027044;765 807;7;0;2;1;26;1
202200027044;765 808;33;0;2;5;26;1
202200027045;765 805;7;0;2;3;9;1
202200027045;765 806;2;0;2;2;0;1
202200027046;765 804;7;0;0;0;1;1
202200027047;765 802;7;0;2;1;1;1
202200027047;765 803;7;0;2;2;1;2
202200027048;765 800;50;0;2;8;1;3
202200027048;765 801;7;0;2;1;15;1
202200027049;765 796;7;8;2;2;17;1
202200027049;765 797;7;0;2;3;2;1
202200027050;765 794;7;0;2;4;2;1
202200027050;765 795;2;0;2;1;2;1
202200027051;765 793;10;0;0;8;1;1
202200027052;765 791;34;0;0;5;15;1
202200027052;765 792;10;0;2;3;1;1
202200027053;765 789;7;0;2;2;1;1
202200027053;765 790;7;0;2;1;1;1
202200027054;765 788;7;6;0;2;0;1
202200027055;765 786;1;0;2;8;1;5
202200027055;765 787;10;0;9;2;1;1
202200027056;765 784;7;0;2;3;16;1
202200027056;765 785;7;0;2;1;1;2
202200027057;765 781;7;6;0;1;13;1
202200027058;765 779;7;0;9;7;19;2
202200027058;765 780;1;0;2;1;1;5
202200027059;765 776;7;0;2;8;1;1
202200027059;765 777;7;0;2;4;1;1
202200027059;765 778;7;8;2;1;17;1
202200027060;765 775;50;0;0;0;2;3
202200027061;765 773;7;0;2;0;19;1
202200027061;765 774;7;0;2;3;1;1
202200027062;765 770;13;3;0;0;2;1
202200027062;765 771;7;0;2;6;2;1
202200027062;765 772;15;1;2;2;2;1
202200027063;765 768;14;0;2;4;1;1
202200027063;765 769;15;0;2;3;1;1
202200027064;765 766;7;3;2;1;1;1
202200027064;765 767;7;0;2;4;1;1
202200027065;765 765;7;1;1;1;0;1
202200027066;765 764;7;0;1;1;9;1
202200027067;765 762;14;0;0;4;2;1
202200027067;765 763;7;0;2;1;2;1
202200027068;765 760;2;0;2;1;11;1
202200027068;765 761;7;0;2;3;10;1
202200027069;765 758;7;0;2;2;1;1
202200027069;765 759;1;0;2;8;13;5
202200027070;765 756;32;0;0;7;1;1
202200027070;765 757;10;0;0;8;16;1
202200027071;765 753;7;0;2;3;1;1
202200027071;765 754;7;0;2;1;1;1
202200027071;765 755;7;0;2;1;13;1
202200027072;765 751;10;0;2;8;9;1
202200027072;765 752;33;0;2;1;17;1
202200027073;765 749;1;0;2;7;1;5
202200027073;765 750;7;0;2;3;1;1
202200027074;765 747;7;0;2;2;19;1
202200027074;765 748;7;0;2;1;1;1
202200027075;765 745;7;0;2;1;5;1
202200027075;765 746;7;0;2;1;1;1
202200027076;765 744;7;13;5;1;1;1
202200027077;765 740;30;0;2;1;3;1
202200027077;765 741;10;0;2;0;2;1
202200027077;765 742;13;0;2;0;0;1
202200027078;765 738;7;0;2;8;26;1
202200027078;765 739;7;0;2;7;1;1
202200027079;765 736;7;0;2;8;13;1
202200027079;765 737;32;0;2;1;1;1
202200027080;765 733;7;0;2;1;1;1
202200027080;765 734;7;0;2;4;0;3
202200027080;765 735;7;0;2;4;1;1
202200027081;765 732;31;0;0;8;2;1
202200027082;765 729;34;0;2;1;2;1
202200027082;765 730;7;0;2;5;2;3
202200027082;765 731;33;0;2;3;2;1
202200027083;765 725;7;0;2;4;2;1
202200027083;765 726;7;0;2;4;2;1
202200027083;765 727;7;0;2;4;2;1
202200027083;765 728;7;0;2;1;2;1
202200027084;765 723;31;0;2;8;1;1
202200027084;765 724;7;0;2;5;12;1
202200027085;765 721;7;0;2;2;12;1
202200027085;765 722;33;0;2;3;3;1
202200027086;765 719;33;0;2;1;0;1
202200027086;765 720;7;0;2;4;0;1
202200027087;765 717;7;0;2;6;2;1
202200027087;765 718;43;0;2;2;2;1
202200027088;765 715;7;0;2;7;0;1
202200027088;765 716;7;0;2;8;18;1
202200027089;765 714;7;13;0;1;1;
202200027090;765 712;50;0;2;1;1;3
202200027090;765 713;7;0;2;3;1;1
202200027091;765 710;7;14;0;1;9;1
202200027091;765 711;7;14;0;1;9;1
202200027092;765 709;10;0;1;0;0;1
202200027093;765 705;7;0;2;6;15;2
202200027093;765 706;50;0;2;1;1;3
202200027094;765 704;7;13;0;3;1;2
202200027095;765 703;7;0;1;2;21;1
202200027096;765 701;7;0;2;3;0;1
202200027096;765 702;7;0;2;3;9;1
202200027097;765 700;7;9;0;1;16;0
202200027098;765 698;7;0;2;4;2;1
202200027098;765 699;33;0;2;1;2;1
202200027099;765 695;7;0;0;1;1;1
202200027099;765 696;7;0;2;3;1;1
202200027099;765 697;32;0;2;1;16;3
202200027100;765 694;10;0;1;1;1;1
202200027101;765 693;7;2;0;1;19;1
202200027102;765 692;7;8;0;1;26;1
202200027103;765 690;33;0;2;1;1;1
202200027103;765 691;7;0;2;3;15;1
202200027104;765 689;7;1;0;2;14;1
202200027105;765 688;2;0;0;8;1;1
202200027106;765 685;7;0;2;4;23;1
202200027106;765 686;7;0;2;4;23;1
202200027106;765 687;7;0;2;1;2;1
202200027107;765 683;7;0;2;4;1;1
202200027107;765 684;7;0;2;1;2;1
202200027108;765 680;7;0;2;8;1;1
202200027108;765 681;7;0;2;8;1;1
202200027108;765 682;7;0;2;3;13;1
202200027109;765 678;13;0;2;3;6;1
202200027109;765 679;37;0;2;3;8;1
202200027110;765 676;31;0;2;7;2;1
202200027110;765 677;7;0;2;3;20;1
202200027111;765 674;7;0;2;2;1;1
202200027111;765 675;1;0;2;3;19;5
202200027112;765 672;1;0;2;4;1;5
202200027112;765 673;7;0;2;1;1;1
202200027113;765 670;7;0;2;3;13;1
202200027113;765 671;7;0;2;3;17;1
202200027114;765 668;7;0;2;3;16;1
202200027114;765 669;50;0;2;1;1;3
202200027115;765 666;3;0;2;1;1;1
202200027115;765 667;3;0;2;1;17;0
202200027116;765 664;31;0;2;8;9;1
202200027116;765 665;7;0;2;3;2;1
202200027117;765 662;7;0;2;3;15;1
202200027117;765 663;50;0;2;1;0;3
202200027118;765 661;13;0;1;5;16;1
202200027119;765 658;7;0;2;4;23;1
202200027119;765 659;7;0;2;1;2;1
202200027119;765 660;10;0;2;1;2;3
202200027120;765 656;37;0;2;4;1;1
202200027120;765 657;33;0;2;1;1;1
202200027121;765 655;7;0;1;1;1;1
202200027122;765 654;7;0;1;1;0;1
202200027123;765 652;7;0;2;4;9;1
202200027123;765 653;10;0;2;1;9;1
202200027124;765 651;7;14;1;3;19;1
202200027125;765 649;7;0;2;7;10;1
202200027125;765 650;32;0;2;1;1;1
202200027126;765 648;7;1;0;2;14;1
202200027127;765 647;7;0;1;1;15;1
202200027128;765 646;1;0;1;0;1;5
202200027129;765 644;50;0;2;1;1;3
202200027129;765 645;7;0;2;6;9;1
202200027130;765 642;7;0;2;1;2;1
202200027130;765 643;1;0;2;1;1;5
202200027131;765 640;10;0;2;2;15;1
202200027131;765 641;7;0;2;8;1;1
202200027132;765 638;7;0;2;8;22;1
202200027132;765 639;1;0;2;7;1;5
202200027133;765 636;7;0;2;3;1;1
202200027133;765 637;2;0;2;4;1;1
202200027134;765 634;7;0;2;5;23;1
202200027134;765 635;31;0;2;1;1;1
202200027135;765 633;32;0;0;0;1;1
202200027136;765 631;7;0;2;4;0;1
202200027136;765 632;7;0;2;1;2;1
202200027137;765 630;7;0;1;2;0;1
202200027138;765 626;7;0;2;6;23;1
202200027138;765 627;7;0;2;1;17;1
202200027139;765 624;1;0;2;1;19;5
202200027139;765 625;37;0;2;3;1;6
202200027140;765 623;40;0;1;7;1;0
202200027141;765 621;60;0;2;1;1;5
202200027141;765 622;7;0;2;3;15;1
202200027142;765 619;7;0;2;3;1;1
202200027142;765 620;7;0;2;3;1;1
202200027143;765 617;31;0;2;1;12;1
202200027143;765 618;10;0;2;3;1;1
202200027144;765 615;32;0;0;4;23;1
202200027144;765 616;7;0;0;1;1;1
202200027145;765 613;7;0;2;4;2;1
202200027145;765 614;10;0;2;1;2;1
202200027146;765 611;1;0;2;1;15;5
202200027146;765 612;50;0;2;2;1;3
202200027147;765 609;33;0;2;8;13;1
202200027147;765 610;7;0;2;2;1;1
202200027148;765 607;30;0;2;1;18;1
202200027148;765 608;10;0;2;7;16;1
202200027149;765 605;30;0;2;7;1;1
202200027149;765 606;7;0;2;8;9;1
202200027150;765 603;10;0;2;6;1;1
202200027150;765 604;33;0;2;1;1;1
202200027151;765 601;33;0;2;8;11;1
202200027151;765 602;33;0;2;1;1;1
202200027152;765 599;7;0;2;2;1;1
202200027152;765 600;7;1;2;3;1;1
202200027153;765 597;32;0;2;0;1;0
202200027153;765 598;1;0;2;0;1;5
202200027154;765 596;1;0;1;1;1;5
202200027155;765 595;50;0;1;1;5;3
202200027156;765 593;32;0;2;2;1;1
202200027156;765 594;7;0;2;6;15;1
202200027157;765 592;1;0;0;0;1;5
202200027158;765 591;1;0;0;1;13;5
202200027159;765 589;7;0;2;3;26;0
202200027159;765 590;7;0;2;1;1;1
202200027160;765 587;32;0;2;1;1;1
202200027160;765 588;7;0;2;5;15;1
202200027161;765 585;34;0;2;6;1;1
202200027161;765 586;7;0;2;1;1;0
202200027162;765 583;50;0;2;1;5;3
202200027162;765 584;7;0;2;3;1;1
202200027163;765 579;7;0;2;3;11;1
202200027163;765 580;10;0;2;2;1;1
202200027164;765 578;7;0;1;2;1;1
202200027165;765 577;32;0;9;1;1;1
202200027166;765 575;7;0;2;4;1;2
202200027166;765 576;7;0;2;1;1;1
202200027167;765 573;2;0;0;1;26;0
202200027167;765 574;7;0;0;0;0;0
202200027168;765 572;0;0;1;3;0;0
202200027169;765 570;1;0;2;2;1;5
202200027169;765 571;7;0;2;1;1;1
202200027170;765 568;7;0;2;2;20;1
202200027170;765 569;50;0;2;1;1;3
202200027171;765 566;1;0;0;0;0;5
202200027171;765 567;7;0;2;0;0;0
202200027172;765 562;7;1;2;1;18;1
202200027172;765 563;7;1;2;4;1;1
202200027172;765 564;7;1;2;4;0;1
202200027172;765 565;7;0;2;4;0;1
202200027173;765 560;33;0;2;1;1;1
202200027173;765 561;10;0;2;3;26;1
202200027174;765 558;7;0;2;3;1;3
202200027174;765 559;7;0;2;2;15;1
202200027175;765 556;2;0;2;3;12;1
202200027175;765 557;7;0;2;0;11;1
202200027176;765 553;30;0;2;1;1;1
202200027176;765 555;7;0;0;7;1;1
202200027177;765 552;34;0;2;1;1;1
202200027177;765 554;10;0;2;5;16;1
202200027178;765 549;33;0;2;1;1;3
202200027178;765 551;7;0;2;7;15;1
202200027179;765 548;33;0;2;7;15;1
202200027179;765 550;17;0;2;8;15;1
202200027180;765 546;32;0;1;1;17;1
202200027181;765 545;10;0;2;1;2;1
202200027181;765 547;7;0;0;4;2;1
202200027182;765 544;36;6;0;1;1;1
202200027183;765 543;1;14;0;1;1;5
202200027184;765 542;33;0;0;8;1;1
202200027185;765 538;7;6;0;3;1;1
202200027186;765 540;7;0;2;1;1;1
202200027186;765 541;7;0;0;4;0;1
202200027187;765 537;7;0;2;3;1;1
202200027187;765 539;7;0;2;2;19;1
202200027188;765 536;1;0;0;1;1;5
202200027189;765 534;10;0;1;2;0;1
202200027190;765 533;7;0;0;0;0;1
202200027191;765 535;2;15;0;1;1;1
202200027192;765 531;7;0;1;7;1;1
202200027193;765 530;7;0;0;8;10;0
202200027193;765 532;33;0;2;1;1;1
202200027194;765 529;7;3;0;8;1;1
202200027195;765 526;7;0;2;1;2;1
202200027195;765 528;7;0;2;4;4;1
202200027196;765 524;10;0;2;3;1;1
202200027196;765 527;7;0;2;3;13;1
202200027197;765 523;7;0;2;6;1;2
202200027197;765 525;33;0;2;1;3;1
202200027198;765 520;7;0;2;1;1;1
202200027198;765 521;1;0;2;8;25;5
202200027199;765 522;7;2;0;1;1;1
202200027200;765 519;33;0;0;7;1;1
202200027201;765 517;7;17;0;1;1;1
202200027202;765 516;7;0;0;0;11;1
202200027202;765 518;33;4;0;0;2;1
202200027203;765 514;7;0;0;2;1;3
202200027203;765 515;1;0;2;1;19;5
202200027204;765 511;7;0;2;3;1;1
202200027204;765 512;7;0;0;3;13;0
202200027205;765 510;7;0;2;2;15;1
202200027205;765 513;32;0;2;1;1;1
202200027206;765 508;33;2;0;1;13;1
202200027207;765 509;7;14;0;1;1;1
202200027208;765 506;7;0;2;1;13;1
202200027208;765 507;7;0;2;1;1;1
202200027209;765 504;33;0;0;2;1;1
202200027209;765 505;21;0;0;0;1;1
202200027210;765 503;7;15;0;1;0;1
202200027211;765 501;2;6;0;7;1;1
202200027212;765 500;7;0;2;1;1;1
202200027212;765 502;7;0;2;1;5;1
202200027213;765 499;7;0;1;1;9;1
202200027214;765 498;7;0;1;3;20;1
202200027215;765 496;7;0;0;6;23;1
202200027215;765 497;33;0;2;1;17;1
202200027216;765 494;7;2;0;1;0;1
202200027217;765 492;30;0;2;1;13;1
202200027217;765 495;7;0;2;1;1;1
202200027218;765 490;15;0;2;1;0;1
202200027218;765 491;7;0;2;9;13;1
202200027219;765 488;21;0;1;1;1;1
202200027220;765 484;7;0;2;3;1;1
202200027220;765 486;7;0;2;3;1;3
202200027221;765 483;33;0;2;1;11;1
202200027221;765 489;7;0;2;6;3;1
202200027222;765 485;7;0;0;1;9;1
202200027222;765 487;2;0;2;0;1;1
202200027223;765 481;10;0;0;0;1;1
202200027224;765 480;10;7;0;7;15;1
202200027224;765 482;7;0;2;2;1;1
202200027225;765 476;7;13;0;1;1;1
202200027226;765 477;7;0;2;2;2;1
202200027226;765 479;1;0;0;4;2;5
202200027227;765 475;7;0;2;1;2;1
202200027227;765 478;7;0;2;4;2;1
202200027228;765 473;31;0;2;1;1;1
202200027228;765 474;14;0;2;4;1;1
202200027229;765 470;2;0;2;8;13;1
202200027229;765 472;7;0;2;8;1;1
202200027230;765 469;2;0;0;3;21;1
202200027231;765 471;33;2;0;1;1;1
202200027232;765 467;7;0;0;0;0;1
202200027233;765 466;7;15;2;2;13;1
202200027233;765 468;7;0;2;2;1;1
202200027234;765 464;7;0;0;3;15;1
202200027234;765 465;33;0;2;1;17;1
202200027235;765 461;2;0;2;8;13;1
202200027235;765 463;21;0;2;8;1;1
202200027236;765 460;7;0;2;1;13;1
202200027236;765 462;10;0;2;1;1;1
202200027237;765 456;7;0;9;1;1;1
202200027237;765 457;1;0;2;4;1;5
202200027237;765 459;1;0;0;4;1;5
202200027238;765 455;7;0;2;1;1;1
202200027238;765 458;7;0;2;1;1;1
202200027239;765 451;7;0;0;9;1;1
202200027240;765 453;2;0;2;1;13;1
202200027240;765 454;7;0;2;1;1;1
202200027241;765 448;1;0;2;1;25;5
202200027241;765 449;7;0;2;3;26;1
202200027242;765 446;7;0;0;6;0;1
202200027242;765 447;33;0;2;1;17;1
202200027242;765 450;33;0;0;0;17;1
202200027242;765 452;33;0;0;0;17;1
202200027243;765 445;2;0;0;0;1;1
202200027244;765 442;2;0;0;7;15;1
202200027244;765 444;7;0;9;3;16;1
202200027245;765 440;7;0;2;1;11;1
202200027245;765 443;7;0;2;1;1;1
202200027246;765 441;7;13;0;3;1;1
202200027247;765 435;33;17;0;3;1;1
202200027247;765 437;33;13;0;1;1;1
202200027247;765 439;33;13;0;7;1;1
202200027248;765 436;1;0;0;8;1;5
202200027249;765 434;2;13;0;1;1;1
202200027250;765 432;7;1;0;1;1;1
202200027250;765 438;21;0;0;4;23;1
202200027251;765 429;33;0;2;1;1;1
202200027251;765 431;7;0;2;3;13;1
202200027252;765 427;10;0;2;1;13;0
202200027252;765 428;7;0;2;1;1;2
202200027253;765 430;7;0;2;1;23;1
202200027253;765 433;7;0;2;1;13;1
202200027254;765 423;10;0;2;2;19;1
202200027254;765 424;36;0;2;3;1;1
202200027255;765 422;7;1;2;1;1;1
202200027255;765 425;7;0;2;4;1;1
202200027255;765 426;7;0;0;4;23;1
202200027256;765 421;17;0;0;9;14;1
202200027257;765 418;31;0;2;1;21;1
202200027257;765 420;7;0;2;2;21;1
202200027258;765 417;7;0;2;7;17;1
202200027258;765 419;33;0;0;3;1;1
202200027259;765 416;7;13;0;2;14;1
202200027260;765 413;7;0;2;8;15;1
202200027260;765 415;33;0;2;1;1;1
202200027261;765 407;31;0;2;1;2;1
202200027261;765 409;7;0;2;8;2;1
202200027262;765 406;1;0;2;3;1;5
202200027262;765 410;2;0;2;3;13;1
202200027263;765 408;10;0;2;2;1;1
202200027263;765 411;7;0;2;3;9;1
202200027264;765 405;33;0;0;3;1;1
202200027265;765 403;33;0;2;2;17;1
202200027265;765 404;7;0;2;2;15;1
202200027266;765 402;7;6;0;3;1;1
202200027267;765 400;7;0;2;1;5;1
202200027267;765 401;7;0;2;1;1;1
202200027268;765 399;2;11;0;1;13;1
202200027269;765 397;10;0;2;1;1;1
202200027269;765 398;2;0;2;1;17;1
202200027270;765 391;7;0;2;1;1;1
202200027270;765 394;13;0;0;8;1;1
202200027270;765 396;7;0;2;1;13;1
202200027271;765 390;33;0;2;1;17;1
202200027271;765 393;7;0;2;8;15;1
202200027272;765 388;7;0;2;1;1;1
202200027272;765 389;7;0;2;1;1;1
202200027273;765 387;10;0;0;4;23;1
202200027273;765 392;7;0;2;4;2;2
202200027273;765 395;15;0;2;1;2;1
202200027274;765 386;7;0;1;8;15;1
202200027275;765 384;7;0;2;6;1;1
202200027275;765 385;33;0;2;3;2;1
202200027276;765 382;32;0;2;2;0;1
202200027276;765 383;7;0;2;6;23;1
202200027277;765 381;7;8;0;8;1;1
202200027278;765 378;7;0;2;8;1;1
202200027278;765 379;33;0;2;1;1;1
202200027279;765 377;10;1;0;1;1;1
202200027279;765 380;14;0;2;4;23;1
202200027280;765 376;2;13;0;7;1;1
202200027281;765 374;7;3;0;1;15;1
202200027282;765 372;7;0;2;3;5;1
202200027282;765 375;7;0;2;3;5;1
202200027283;765 368;7;0;2;2;0;1
202200027283;765 371;17;0;2;8;0;1
202200027284;765 367;1;0;2;4;1;5
202200027284;765 370;7;0;2;1;14;1
202200027285;765 369;7;0;2;1;1;1
202200027285;765 373;7;0;0;8;15;1
202200027286;765 364;10;0;2;4;2;1
202200027286;765 366;7;0;2;1;2;1
202200027287;765 363;37;0;2;2;1;1
202200027287;765 365;7;0;2;3;9;1
202200027288;765 362;7;7;9;1;6;1
202200027289;765 359;7;0;2;7;12;1
202200027289;765 361;34;0;2;8;1;1
202200027290;765 356;7;0;2;4;2;1
202200027290;765 358;7;0;2;4;15;1
202200027290;765 360;7;0;2;1;2;1
202200027291;765 352;7;0;1;2;1;1
202200027292;765 350;7;0;2;1;2;1
202200027292;765 351;10;0;2;4;2;1
202200027292;765 353;7;0;2;4;2;2
202200027292;765 355;7;0;2;4;2;2
202200027293;765 354;33;0;2;1;1;1
202200027293;765 357;10;0;2;8;10;1
202200027294;765 349;1;0;9;1;1;5
202200027295;765 347;7;0;2;1;2;1
202200027295;765 348;10;0;2;6;2;1
202200027296;765 346;1;0;0;0;15;5
202200027297;765 345;14;13;0;0;13;1
202200027298;765 343;33;5;0;7;1;1
202200027299;765 340;7;0;2;4;23;1
202200027299;765 342;7;0;2;1;23;1
202200027299;765 344;7;0;2;1;1;1
202200027300;765 338;33;0;2;8;15;1
202200027300;765 339;10;0;2;3;15;1
202200027301;765 341;10;13;0;2;1;1
202200027302;765 335;7;0;2;1;17;2
202200027302;765 337;37;0;2;6;1;3
202200027303;765 333;7;0;0;4;2;1
202200027303;765 336;7;0;2;1;2;1
202200027304;765 331;10;13;0;0;1;1
202200027305;765 330;10;6;0;9;1;1
202200027306;765 332;7;0;9;2;16;1
202200027306;765 334;1;0;2;8;1;5
202200027307;765 328;1;0;0;0;26;6
202200027308;765 327;7;0;2;6;2;1
202200027308;765 329;7;0;2;2;17;1
202200027309;765 324;7;15;0;3;2;1
202200027310;765 323;80;0;2;0;0;3
202200027310;765 325;10;0;2;2;1;1
202200027311;765 321;7;0;2;4;2;1
202200027311;765 322;7;0;2;4;2;1
202200027311;765 326;10;0;2;1;2;1
202200027312;765 318;10;0;2;3;15;1
202200027312;765 319;33;0;2;1;3;1
202200027313;765 316;7;0;2;1;1;2
202200027313;765 320;7;0;2;4;23;1
202200027314;765 312;33;0;2;1;1;1
202200027314;765 314;7;0;2;6;1;1
202200027315;765 315;7;0;0;4;2;1
202200027315;765 317;7;0;2;1;2;0
202200027316;765 310;7;0;2;1;23;2
202200027316;765 311;7;0;2;4;23;1
202200027316;765 313;7;0;2;1;1;1