Num_Acc;id_vehicule;categorie_vehicule;obstacle_fixe;obstacle_mobile;point_choc_initial;manoeuvre_principale;motorisation
202200027317;765 309;7;0;1;1;1;1
202200027318;765 306;7;0;2;3;1;1
202200027318;765 307;7;0;2;6;1;1
202200027318;765 308;33;0;2;1;1;1
202200027319;765 303;7;0;1;1;1;1
202200027320;765 304;7;0;2;5;1;1
202200027320;765 305;33;0;2;1;2;1
202200027321;765 298;7;13;0;1;1;1
202200027322;765 296;7;0;2;3;0;1
202200027322;765 299;7;0;2;3;26;1
202200027323;765 297;32;0;2;2;3;1
202200027323;765 300;7;0;9;3;2;1
202200027323;765 301;10;0;9;5;2;1
202200027323;765 302;17;0;9;3;2;1
202200027324;765 293;7;0;2;0;0;1
202200027324;765 294;10;0;2;2;1;1
202200027325;765 292;7;0;2;1;19;1
202200027325;765 295;1;0;2;8;1;5
202200027326;765 291;7;0;1;2;1;1
202200027327;765 289;7;0;1;3;1;1
202200027328;765 288;7;0;2;1;16;1
202200027328;765 290;33;0;2;0;1;0
202200027329;765 287;32;0;1;1;1;1
202200027330;765 286;1;0;0;0;1;5
202200027331;765 285;50;0;1;1;25;3
202200027332;765 282;7;0;2;8;1;1
202200027332;765 283;10;0;2;1;1;1
202200027333;765 278;2;0;2;1;1;1
202200027333;765 280;7;0;2;3;26;1
202200027334;765 279;37;0;2;2;17;1
202200027334;765 281;14;0;0;3;26;1
202200027335;765 276;30;0;2;8;9;1
202200027335;765 277;10;0;2;8;1;1
202200027336;765 274;13;1;0;5;17;1
202200027336;765 275;10;0;0;6;0;6
202200027337;765 272;7;0;2;8;1;1
202200027337;765 273;30;0;2;1;1;1
202200027338;765 270;7;0;1;4;26;0
202200027339;765 271;10;1;0;1;0;0
202200027340;765 267;10;0;2;1;9;1
202200027340;765 269;34;0;2;7;26;1
202200027341;765 266;33;0;2;1;13;1
202200027341;765 268;37;0;2;1;1;1
202200027342;765 264;10;0;1;3;15;1
202200027343;765 263;38;0;2;3;13;1
202200027343;765 265;7;8;2;8;15;1
202200027344;765 261;7;0;2;5;15;1
202200027344;765 262;33;0;2;3;18;1
202200027345;765 259;10;1;0;1;1;0
202200027345;765 260;15;0;2;6;24;1
202200027346;765 257;1;0;2;8;1;5
202200027346;765 258;7;0;2;7;17;1
202200027347;765 254;33;0;2;1;1;1
202200027347;765 256;7;0;2;3;15;1
202200027348;765 253;10;0;2;3;1;1
202200027348;765 255;7;0;2;3;13;1
202200027349;765 252;7;1;0;3;19;1
202200027350;765 249;1;0;2;8;1;5
202200027350;765 251;7;0;2;2;16;1
202200027351;765 248;33;0;2;1;1;1
202200027351;765 250;10;0;2;2;1;1
202200027352;765 247;7;8;0;0;1;1
202200027353;765 245;80;1;0;1;21;3
202200027353;765 246;7;0;2;8;22;1
202200027354;765 242;1;0;2;1;1;5
202200027354;765 244;7;0;2;5;15;1
202200027355;765 241;1;0;2;1;1;5
202200027355;765 243;3;0;9;8;1;3
202200027356;765 238;7;0;2;3;1;1
202200027356;765 239;1;0;2;1;1;5
202200027357;765 237;7;0;2;0;9;1
202200027357;765 240;7;0;2;0;1;1
202200027358;765 236;33;12;0;2;1;1
202200027359;765 233;7;0;2;1;1;1
202200027359;765 235;7;0;2;1;13;1
202200027360;765 232;7;0;9;8;17;1
202200027360;765 234;1;0;2;8;1;5
202200027361;765 230;7;0;2;1;1;1
202200027361;765 231;7;0;2;4;15;1
202200027362;765 226;7;0;0;6;20;1
202200027362;765 228;2;0;2;1;2;1
202200027363;765 225;7;0;2;6;17;1
202200027363;765 227;7;0;2;3;1;1
202200027364;765 223;99;0;0;8;0;1
202200027364;765 224;33;0;0;1;0;1
202200027365;765 218;10;0;2;1;1;1
202200027365;765 219;7;0;2;6;1;1
202200027365;765 221;3;0;2;1;1;1
202200027365;765 222;7;0;2;3;5;1
202200027366;765 217;7;0;4;7;19;1
202200027366;765 220;40;0;2;1;19;3
202200027367;765 213;80;0;2;5;1;3
202200027367;765 215;7;0;2;7;16;1
202200027368;765 214;7;0;2;1;15;1
202200027368;765 216;31;0;2;8;1;1
202200027369;765 211;33;2;0;3;14;1
202200027370;765 210;32;0;2;1;1;1
202200027370;765 212;32;0;2;0;0;0
202200027371;765 209;33;16;0;9;14;1
202200027372;765 208;30;1;0;3;13;1
202200027373;765 205;7;0;2;1;15;1
202200027373;765 206;30;0;2;1;16;3
202200027374;765 202;33;0;2;1;1;1
202200027374;765 203;7;0;2;3;9;1
202200027375;765 198;33;0;2;2;2;1
202200027375;765 200;7;0;0;6;23;1
202200027375;765 201;7;0;0;3;1;1
202200027376;765 197;33;0;2;1;2;1
202200027376;765 199;7;0;0;4;16;1
202200027377;765 193;1;0;2;1;1;5
202200027377;765 196;7;0;9;3;13;1
202200027378;765 191;7;0;1;3;1;1
202200027379;765 190;7;0;2;2;16;1
202200027379;765 192;50;0;2;3;1;3
202200027380;765 188;31;0;2;1;21;1
202200027380;765 189;10;0;2;6;20;1
202200027381;765 187;7;6;0;1;19;1
202200027382;765 185;0;0;2;2;2;0
202200027382;765 186;1;0;2;1;2;5
202200027383;765 184;7;16;0;9;1;1
202200027384;765 182;7;0;1;3;2;1
202200027385;765 181;7;0;2;1;1;1
202200027385;765 183;7;0;2;1;1;1
202200027386;765 179;7;13;0;0;0;1
202200027387;765 178;33;0;2;1;1;1
202200027387;765 180;7;0;2;3;9;1
202200027388;765 175;33;0;2;4;23;1
202200027388;765 177;7;14;0;1;2;1
202200027389;765 174;7;0;2;3;15;1
202200027389;765 176;33;0;2;3;17;1
202200027390;765 172;7;0;2;2;15;1
202200027390;765 173;7;0;2;1;1;1
202200027391;765 169;7;0;0;1;19;1
202200027392;765 168;7;0;2;1;2;1
202200027392;765 170;7;0;2;4;2;1
202200027392;765 171;10;0;2;4;1;1
202200027393;765 165;7;0;0;0;0;0
202200027393;765 167;33;0;0;0;0;1
202200027394;765 164;10;14;2;4;2;1
202200027394;765 166;14;1;2;1;21;1
202200027395;765 163;7;2;0;1;1;1
202200027396;765 160;31;0;0;0;0;1
202200027397;765 156;7;0;2;5;1;1
202200027397;765 158;7;0;2;4;0;1
202200027397;765 159;7;0;2;4;0;1
202200027397;765 161;7;0;2;4;1;1
202200027397;765 162;13;0;2;1;1;1
202200027398;765 155;7;0;2;1;2;1
202200027398;765 157;7;0;1;6;0;1
202200027399;765 154;33;0;0;7;2;1
202200027400;765 152;32;0;2;1;17;1
202200027400;765 153;7;0;2;8;15;1
202200027401;765 150;7;0;2;4;2;1
202200027401;765 151;17;0;2;3;12;1
202200027402;765 148;7;0;2;2;15;1
202200027402;765 149;33;0;2;1;1;1
202200027403;765 146;15;0;2;3;1;1
202200027403;765 147;7;0;2;7;14;1
202200027404;765 144;40;0;2;0;1;0
202200027404;765 145;34;0;4;0;1;1
202200027405;765 142;31;0;2;8;3;1
202200027405;765 143;7;0;2;7;12;1
202200027406;765 141;7;0;1;2;2;1
202200027407;765 138;1;0;0;0;0;5
202200027408;765 137;17;0;2;3;11;1
202200027408;765 139;33;0;2;7;1;1
202200027408;765 140;7;0;2;4;1;1
202200027409;765 134;50;0;2;4;19;3
202200027409;765 136;33;0;2;1;1;1
202200027410;765 131;10;0;2;4;1;0
202200027410;765 133;7;0;2;1;1;0
202200027410;765 135;7;0;2;2;1;0
202200027411;765 129;7;0;2;4;2;2
202200027411;765 130;33;0;2;7;1;1
202200027411;765 132;33;0;2;1;2;1
202200027412;765 126;33;0;0;7;21;1
202200027413;765 127;7;0;2;0;0;2
202200027413;765 128;7;0;2;6;1;1
202200027414;765 125;7;0;0;0;1;0
202200027415;765 123;7;0;2;4;2;1
202200027415;765 124;32;0;2;1;2;1
202200027416;765 121;30;0;0;0;21;1
202200027417;765 120;7;0;2;3;2;1
202200027417;765 122;7;0;2;5;2;2
202200027418;765 118;33;0;1;2;1;1
202200027419;765 116;7;0;2;4;1;1
202200027419;765 117;7;0;2;4;1;0
202200027419;765 119;10;0;2;1;1;0
202200027420;765 114;34;0;2;3;1;1
202200027420;765 115;7;0;2;2;9;1
202200027421;765 110;7;0;2;4;1;1
202200027421;765 112;7;0;2;4;2;1
202200027421;765 113;7;0;2;1;2;1
202200027422;765 109;7;4;0;1;13;1
202200027423;765 108;7;0;2;2;16;1
202200027423;765 111;31;0;2;1;1;1
202200027424;765 106;7;0;2;3;2;1
202200027424;765 107;10;0;2;5;2;1
202200027425;765 103;30;0;1;1;1;1
202200027426;765 102;7;0;2;6;12;1
202200027426;765 104;31;0;2;8;1;1
202200027426;765 105;7;0;2;6;0;1
202200027427;765 100;7;0;2;1;1;1
202200027427;765 101;7;0;2;4;1;1
202200027428;765 099;7;0;1;1;7;1
202200027429;765 097;33;0;2;1;2;1
202200027429;765 098;10;0;2;4;2;1
202200027430;765 094;50;0;2;1;1;3
202200027430;765 096;1;0;2;1;13;5
202200027431;765 092;7;0;2;1;11;1
202200027431;765 093;33;0;2;4;1;1
202200027431;765 095;7;0;2;3;1;1
202200027432;765 091;7;4;0;1;1;1
202200027433;765 090;50;0;1;1;1;3
202200027434;765 088;7;0;2;4;2;1
202200027434;765 089;33;0;2;1;2;1
202200027435;765 084;7;0;2;1;14;1
202200027435;765 086;7;0;2;8;1;1
202200027436;765 085;7;0;2;1;1;1
202200027436;765 087;7;0;2;7;1;1
202200027437;765 083;7;0;1;2;1;1
202200027438;765 082;7;0;1;1;1;2
202200027439;765 081;1;1;0;2;14;5
202200027440;765 080;33;0;1;1;1;1
202200027441;765 079;7;0;1;4;20;1
202200027442;765 076;10;0;2;4;2;1
202200027442;765 077;7;0;2;1;2;2
202200027443;765 074;10;0;2;3;19;1
202200027443;765 075;10;0;0;0;0;1
202200027444;765 073;1;1;0;0;21;5
202200027445;765 071;33;0;2;1;2;1
202200027445;765 072;7;0;2;4;2;2
202200027446;765 069;10;0;2;8;24;1
202200027446;765 070;1;1;0;7;1;5
202200027447;765 067;7;9;2;2;17;1
202200027447;765 068;7;0;2;6;2;1
202200027448;765 063;30;0;2;2;17;1
202200027448;765 065;7;0;2;3;13;1
202200027449;765 064;32;0;2;2;1;1
202200027449;765 066;38;0;2;8;15;1
202200027450;765 060;7;0;2;8;1;1
202200027450;765 062;50;0;2;1;5;3
202200027451;765 059;7;0;2;2;15;1
202200027451;765 061;7;0;2;1;1;1
202200027452;765 056;7;0;2;3;19;1
202200027452;765 057;30;0;2;0;0;1
202200027452;765 058;7;1;0;0;0;1
202200027453;765 053;14;0;2;2;16;1
202200027453;765 055;80;0;2;3;9;3
202200027454;765 052;7;0;2;1;1;1
202200027454;765 054;7;0;2;7;1;1
202200027455;765 049;1;0;2;7;1;5
202200027455;765 051;10;0;2;1;1;1
202200027456;765 048;7;0;2;8;1;1
202200027456;765 050;1;0;2;1;1;5
202200027457;765 045;7;0;2;2;15;1
202200027457;765 046;1;0;2;1;1;5
202200027458;765 044;7;9;2;3;1;1
202200027458;765 047;7;0;2;2;19;1
202200027459;765 041;34;0;2;0;9;0
202200027459;765 043;7;0;2;1;19;1
202200027460;765 040;7;0;2;3;15;1
202200027460;765 042;30;0;2;1;1;1
202200027461;765 035;7;0;2;1;1;1
202200027461;765 037;10;0;2;4;11;1
202200027461;765 039;7;0;2;5;1;1
202200027462;765 036;10;0;2;3;15;1
202200027462;765 038;7;0;2;8;15;1
202200027463;765 033;2;0;1;1;1;1
202200027464;765 032;7;0;2;3;9;1
202200027464;765 034;32;0;2;1;18;1
202200027465;765 030;7;0;2;7;12;2
202200027465;765 031;33;0;2;1;0;1
202200027466;765 028;7;0;2;3;24;1
202200027466;765 029;80;1;0;1;1;3
202200027467;765 025;7;0;2;1;13;1
202200027467;765 026;34;0;2;0;0;1
202200027468;765 024;7;0;2;4;1;1
202200027468;765 027;7;0;2;1;2;1
202200027469;765 022;1;0;2;7;9;5
202200027469;765 023;7;0;9;3;9;1
202200027470;765 020;38;0;2;5;9;0
202200027470;765 021;13;0;2;3;26;0
202200027471;765 018;7;4;2;3;26;1
202200027471;765 019;7;0;2;7;26;2
202200027472;765 017;7;0;0;9;2;1
202200027473;765 013;7;0;2;4;15;1
202200027473;765 015;34;0;2;1;1;1
202200027474;765 012;7;0;2;6;15;1
202200027474;765 014;7;0;2;5;23;1
202200027474;765 016;10;0;2;3;2;1
202200027475;765 011;35;0;1;1;19;0
202200027476;765 010;2;11;0;1;9;1
202200027477;765 009;7;0;1;3;1;1
202200027478;765 007;7;0;1;0;11;1
202200027479;765 006;50;0;9;1;1;3
202200027480;765 004;7;0;2;4;2;1
202200027480;765 005;7;0;2;4;2;1
202200027480;765 008;10;0;2;1;1;1
202200027481;765 003;33;0;0;0;0;1
202200027482;765 000;7;0;2;2;2;1
202200027482;765 002;1;15;2;4;2;5
202200027483;764 999;7;0;2;5;1;1
202200027483;765 001;7;0;2;1;1;1
202200027484;764 996;7;0;2;5;1;1
202200027484;764 997;1;0;2;4;13;5
202200027485;764 995;7;6;0;1;0;1
202200027486;764 991;7;0;2;4;1;1
202200027486;764 992;33;0;2;1;1;1
202200027487;764 989;7;0;2;1;1;1
202200027487;764 990;7;8;2;2;15;1
202200027488;764 986;7;0;2;1;2;1
202200027488;764 987;7;0;2;0;0;1
202200027488;764 988;7;0;2;0;0;1
202200027489;764 985;33;0;0;1;1;1
202200027490;764 982;7;1;0;1;15;1
202200027490;764 984;7;0;2;2;1;1
202200027491;764 981;7;0;0;8;19;1
202200027491;764 983;7;0;2;1;1;2
202200027492;764 980;7;14;0;1;1;1
202200027493;764 978;7;0;0;3;17;1
202200027493;764 979;7;0;2;1;1;1
202200027494;764 976;7;0;2;3;1;1
202200027494;764 977;7;3;2;5;1;1
202200027495;764 973;33;0;2;0;1;1
202200027495;764 975;7;0;2;3;1;1
202200027496;764 972;1;0;2;0;0;0
202200027496;764 974;7;0;2;0;0;1
202200027497;764 969;7;0;2;4;23;1
202200027497;764 971;1;0;2;1;2;5
202200027498;764 968;1;0;2;1;9;5
202200027498;764 970;7;0;2;3;1;1
202200027499;764 965;7;0;2;3;18;1
202200027499;764 967;1;1;2;6;1;5
202200027500;764 966;7;13;0;2;1;1
202200027501;764 962;30;0;2;1;1;1
202200027501;764 964;7;0;2;5;16;2
202200027502;764 961;7;0;2;1;1;1
202200027502;764 963;7;0;2;1;1;1
202200027503;764 959;80;0;2;1;1;3
202200027503;764 960;7;0;2;2;15;1
202200027504;764 957;7;0;0;5;15;1
202200027504;764 958;31;0;2;1;1;1
202200027505;764 955;7;0;2;3;13;1
202200027505;764 956;7;0;2;3;13;1
202200027506;764 952;13;0;2;2;16;1
202200027506;764 953;1;0;2;8;1;5
202200027507;764 951;7;0;2;2;1;1
202200027507;764 954;7;0;2;1;9;1
202200027508;764 950;50;0;1;1;1;3
202200027509;764 948;7;0;2;6;21;1
202200027509;764 949;33;0;2;1;21;1
202200027510;764 945;7;0;2;4;2;1
202200027510;764 946;7;0;2;4;2;1
202200027510;764 947;7;0;2;1;2;1
202200027511;764 944;7;0;0;0;1;1
202200027512;764 942;33;0;2;1;15;1
202200027512;764 943;50;0;2;3;1;3
202200027513;764 939;33;0;1;2;1;1
202200027514;764 936;30;0;2;8;15;1
202200027514;764 937;7;0;2;2;17;1
202200027515;764 935;31;0;2;1;1;1
202200027515;764 938;7;0;2;7;15;1
202200027516;764 931;7;0;2;3;13;1
202200027516;764 933;7;0;2;3;1;1
202200027517;764 932;7;0;9;2;17;1
202200027517;764 934;1;0;2;0;10;5
202200027518;764 929;7;0;2;3;26;0
202200027518;764 930;33;14;0;1;1;1
202200027519;764 928;31;0;0;7;2;1
202200027520;764 925;7;0;2;4;1;1
202200027520;764 927;7;0;2;4;19;1
202200027521;764 924;1;14;2;8;1;5
202200027521;764 926;10;0;2;7;17;1
202200027522;764 922;7;0;2;7;17;1
202200027522;764 923;7;0;2;3;1;1
202200027523;764 921;10;0;0;2;14;1
202200027524;764 918;7;0;2;3;1;1
202200027524;764 920;33;0;2;8;9;1
202200027525;764 915;7;0;2;1;1;1
202200027525;764 917;31;0;2;1;1;1
202200027526;764 914;7;0;2;1;2;2
202200027526;764 916;7;0;0;4;15;1
202200027527;764 912;33;0;2;8;1;1
202200027527;764 913;7;0;2;1;15;1
202200027528;764 911;7;0;0;9;1;1
202200027529;764 909;7;0;9;1;1;1
202200027529;764 910;1;0;2;1;14;5
202200027530;764 907;7;0;2;2;14;1
202200027530;764 908;7;0;2;2;13;1
202200027531;764 905;7;0;2;3;15;1
202200027531;764 906;1;0;2;3;5;5
202200027532;764 904;33;13;0;1;1;1
202200027533;764 902;2;3;0;7;1;1
202200027534;764 900;7;0;2;4;26;1
202200027534;764 903;7;8;2;1;0;1
202200027535;764 899;7;13;0;9;0;1
202200027536;764 901;7;0;1;1;1;1
202200027537;764 897;7;0;2;7;17;1
202200027537;764 898;1;0;2;3;1;5
202200027538;764 893;30;0;0;0;1;1
202200027539;764 894;15;0;2;1;1;0
202200027539;764 896;10;0;2;1;13;1
202200027540;764 892;10;0;2;1;15;1
202200027540;764 895;7;0;2;3;1;1
202200027541;764 890;7;1;0;2;14;1
202200027542;764 887;7;0;2;7;15;1
202200027542;764 891;33;0;2;1;1;1
202200027543;764 888;7;0;2;2;1;1
202200027543;764 889;7;0;2;3;9;1
202200027544;764 885;7;0;9;6;22;1
202200027544;764 886;50;1;0;1;1;3
202200027545;764 881;36;6;0;2;1;1
202200027546;764 879;7;13;2;1;17;1
202200027546;764 882;7;0;2;6;17;1
202200027546;764 884;7;3;2;8;1;1
202200027547;764 880;7;0;2;2;1;1
202200027547;764 883;7;3;2;3;1;1
202200027548;764 878;50;0;0;0;1;3
202200027549;764 876;17;0;1;3;14;1
202200027550;764 875;7;0;2;3;15;1
202200027550;764 877;33;0;2;1;1;1
202200027551;764 874;10;8;0;1;1;1
202200027552;764 871;33;0;0;8;14;1
202200027553;764 872;3;0;2;2;15;1
202200027553;764 873;2;0;2;1;2;1
202200027554;764 870;7;8;0;1;1;1
202200027555;764 869;7;13;0;1;1;1
202200027556;764 867;7;0;2;5;15;2
202200027556;764 868;33;0;2;1;1;1
202200027557;764 865;7;13;0;3;14;1
202200027558;764 863;33;0;2;1;5;1
202200027558;764 864;7;16;0;0;14;1
202200027558;764 866;7;0;2;1;17;1
202200027559;764 861;30;0;2;8;5;1
202200027559;764 862;10;0;2;2;1;1
202200027560;764 858;1;0;2;1;1;5
202200027560;764 860;7;0;9;3;1;1
202200027561;764 859;7;3;0;9;14;1
202200027562;764 857;7;4;0;1;1;1
202200027563;764 854;50;0;2;8;1;3
202200027563;764 856;7;0;2;7;9;0
202200027564;764 853;7;0;2;5;15;1
202200027564;764 855;1;0;2;8;1;5
202200027565;764 849;33;0;0;1;1;1
202200027566;764 848;1;0;2;7;25;5
202200027566;764 851;0;0;2;1;9;0
202200027567;764 845;33;0;2;3;13;1
202200027567;764 847;10;0;2;6;1;1
202200027568;764 846;7;2;0;1;1;1
202200027569;764 843;7;0;2;6;1;1
202200027569;764 844;30;0;2;0;0;1
202200027570;764 842;7;0;0;0;1;1
202200027571;764 841;7;0;1;1;26;1
202200027572;764 839;10;0;2;4;1;1
202200027572;764 840;30;0;2;1;13;1
202200027573;764 836;7;0;6;9;21;1
202200027574;764 833;7;0;2;1;1;1
202200027574;764 834;7;0;2;1;5;1
202200027575;764 830;32;0;0;0;1;1
202200027576;764 828;7;0;2;1;15;1
202200027576;764 831;7;0;2;1;17;1
202200027576;764 832;7;0;2;1;1;1
202200027577;764 827;7;0;2;7;17;1
202200027577;764 829;2;0;2;8;1;1
202200027578;764 826;7;16;0;1;0;1
202200027579;764 825;37;9;0;2;20;1
202200027580;764 823;1;0;0;0;0;5
202200027581;764 821;7;13;0;1;14;1
202200027582;764 820;7;0;2;2;17;1
202200027582;764 822;7;0;2;6;2;1
202200027583;764 817;7;0;2;3;15;2
202200027583;764 819;33;0;2;1;1;1
202200027584;764 816;7;0;2;1;1;1
202200027584;764 818;7;0;2;3;1;1
202200027585;764 813;7;0;2;2;16;1
202200027585;764 815;32;0;2;1;7;1
202200027586;764 811;7;0;9;1;9;1
202200027586;764 814;80;0;2;1;9;3
202200027587;764 812;7;0;1;1;1;1
202200027588;764 810;30;0;0;8;1;1
202200027589;764 809;7;13;0;1;5;1
202200027590;764 806;2;0;2;1;1;1
202200027590;764 807;7;0;9;8;1;1
202200027591;764 805;7;7;2;3;1;1
202200027591;764 808;7;0;2;1;15;1
202200027592;764 804;7;0;1;0;1;0
202200027593;764 803;7;0;1;3;16;2
202200027594;764 801;7;6;0;9;14;1
202200027595;764 800;7;14;0;1;13;1
202200027596;764 798;7;0;2;1;1;1
202200027596;764 799;7;0;0;5;1;1
202200027597;764 797;7;0;1;2;1;2
202200027598;764 793;31;0;2;3;18;1
202200027598;764 795;7;0;2;5;14;1
202200027599;764 792;31;0;2;1;1;1
202200027599;764 796;10;0;2;4;1;1
202200027600;764 790;60;0;2;8;19;3
202200027600;764 791;7;0;0;1;2;0
202200027601;764 789;50;0;1;1;1;3
202200027602;764 787;7;0;2;4;2;1
202200027602;764 788;7;0;2;1;2;1
202200027603;764 785;30;14;0;3;1;1
202200027604;764 784;7;0;2;3;9;1
202200027604;764 786;33;0;2;1;1;1
202200027605;764 781;1;0;4;8;11;5
202200027605;764 782;40;0;2;1;1;3
202200027606;764 776;50;0;0;0;1;3
202200027607;764 778;2;0;2;5;6;1
202200027607;764 779;7;0;2;2;1;1
202200027608;764 775;33;0;2;9;2;1
202200027608;764 777;7;0;2;9;2;1
202200027608;764 780;10;0;2;4;2;1
202200027608;764 783;10;0;2;7;1;1
202200027609;764 772;33;0;2;3;16;1
202200027609;764 774;7;0;2;5;16;1
202200027610;764 770;2;0;0;3;9;1
202200027610;764 773;7;0;0;2;1;2
202200027611;764 768;7;1;0;1;26;1
202200027612;764 767;14;0;2;7;12;1
202200027612;764 769;7;0;2;8;11;1
202200027612;764 771;10;0;2;7;1;1
202200027613;764 766;10;1;1;2;1;1
202200027614;764 764;7;0;2;1;7;1
202200027614;764 765;37;0;2;4;23;2
202200027615;764 761;7;3;2;2;1;1
202200027615;764 762;10;0;2;3;1;1
202200027616;764 760;7;0;2;4;1;1
202200027616;764 763;7;0;2;1;2;1
202200027617;764 758;37;0;2;8;1;1
202200027617;764 759;7;0;2;1;1;2
202200027618;764 755;33;0;2;2;26;1
202200027618;764 756;7;0;0;3;20;1
202200027619;764 754;7;0;1;4;0;1
202200027619;764 757;7;1;0;1;1;1
202200027620;764 750;7;0;2;3;10;1
202200027620;764 751;2;0;2;6;1;1
202200027621;764 748;7;0;0;8;2;1
202200027621;764 749;1;0;9;2;1;5
202200027622;764 746;33;0;2;2;17;1
202200027622;764 752;7;0;2;3;1;1
202200027623;764 745;33;0;2;1;1;1
202200027623;764 747;10;0;2;5;26;1
202200027624;764 743;33;13;0;2;14;1
202200027625;764 744;0;0;0;0;2;
202200027626;764 741;7;0;2;7;16;1
202200027626;764 742;1;0;2;1;2;5
202200027627;764 738;7;8;0;1;26;6
202200027628;764 737;31;0;2;1;1;1
202200027628;764 739;2;0;2;1;1;1
202200027628;764 740;7;16;0;1;16;1
202200027629;764 736;7;0;1;2;13;1
202200027630;764 735;7;0;1;1;1;1
202200027631;764 732;7;0;0;4;1;1
202200027631;764 733;31;0;2;4;1;1
202200027631;764 734;10;0;2;1;1;1
202200027632;764 730;2;12;0;1;1;1
202200027633;764 731;10;0;1;1;1;1
202200027634;764 728;7;0;2;1;1;1
202200027634;764 729;7;0;2;2;13;1
202200027635;764 727;7;0;1;1;1;1
202200027636;764 726;36;0;0;3;15;1
202200027637;764 724;33;3;9;2;14;1
202200027638;764 720;7;0;2;4;18;1
202200027638;764 722;7;0;0;2;1;1
202200027639;764 717;10;0;0;3;1;1
202200027639;764 719;2;0;2;1;13;1
202200027640;764 718;33;0;2;7;1;1
202200027640;764 721;33;0;2;3;1;1
202200027641;764 715;7;0;1;1;1;1
202200027642;764 714;7;0;2;3;1;1
202200027642;764 716;7;0;2;2;1;1
202200027643;764 711;33;0;2;1;1;1
202200027643;764 713;10;0;2;2;9;1
202200027644;764 712;7;1;0;4;0;1
202200027645;764 710;7;0;0;9;1;1
202200027646;764 708;10;3;0;3;1;1
202200027647;764 706;7;0;2;7;19;0
202200027647;764 709;7;0;2;3;1;1
202200027648;764 704;10;0;2;3;21;1
202200027648;764 705;2;0;2;1;13;1
202200027649;764 701;7;0;2;3;9;2
202200027649;764 703;1;0;2;7;1;5
202200027650;764 700;33;0;2;1;21;1
202200027650;764 702;7;0;2;8;15;1
202200027651;764 698;2;0;2;4;1;1
202200027651;764 699;7;0;2;1;2;1
202200027652;764 696;10;0;2;2;15;1
202200027652;764 697;30;0;2;8;1;1
202200027653;764 694;2;0;2;0;17;1
202200027653;764 695;10;0;2;6;1;1
202200027654;764 693;32;0;0;1;16;1
202200027655;764 691;7;0;2;1;15;1
202200027655;764 692;7;8;2;8;1;2
202200027656;764 690;10;0;1;3;26;1
202200027657;764 688;2;0;2;1;18;1
202200027657;764 689;7;0;2;3;15;1
202200027658;764 686;7;0;2;3;0;0
202200027658;764 687;10;0;2;0;0;0
202200027659;764 684;80;0;2;7;1;3
202200027659;764 685;7;0;9;7;26;1
202200027660;764 682;7;0;2;3;13;1
202200027660;764 683;32;0;2;1;1;1
202200027661;764 680;40;0;2;1;1;0
202200027661;764 681;7;0;4;8;1;1
202200027662;764 679;50;0;0;0;1;3
202200027663;764 677;7;1;1;3;18;1
202200027663;764 678;7;1;0;0;0;1
202200027664;764 675;1;0;2;1;1;5
202200027664;764 676;1;0;2;1;5;0
202200027665;764 672;7;0;2;1;1;1
202200027665;764 673;7;0;2;4;1;1
202200027665;764 674;7;0;2;4;1;1
202200027666;764 670;7;0;2;1;2;1
202200027666;764 671;7;0;2;4;2;1
202200027667;764 669;7;0;1;2;0;1
202200027668;764 668;7;4;0;1;12;1
202200027669;764 666;10;0;2;2;16;1
202200027669;764 667;99;0;2;3;1;3
202200027670;764 664;7;0;2;3;1;1
202200027670;764 665;7;0;2;5;9;2
202200027671;764 662;7;0;2;1;13;1
202200027671;764 663;7;0;2;3;14;1
202200027672;764 661;10;0;1;2;12;1
202200027673;764 658;37;0;2;3;1;1
202200027673;764 659;7;0;2;3;1;1
202200027674;764 656;7;0;2;1;1;1
202200027674;764 657;32;0;2;1;13;1
202200027675;764 654;7;0;2;3;26;1
202200027675;764 655;7;0;2;3;26;1
202200027676;764 653;37;0;0;0;1;1
202200027677;764 650;7;0;2;1;1;1
202200027677;764 651;7;0;2;8;1;1
202200027677;764 652;7;0;2;3;13;1
202200027678;764 649;7;0;1;1;15;1
202200027679;764 646;7;0;0;2;1;1
202200027680;764 644;50;0;2;1;1;3
202200027680;764 645;7;0;2;2;1;1
202200027681;764 642;50;0;2;7;19;3
202200027681;764 643;7;0;2;1;9;2
202200027682;764 641;7;0;1;8;1;1
202200027683;764 639;7;0;2;6;10;1
202200027683;764 640;34;0;2;1;1;1
202200027684;764 634;7;0;2;4;1;1
202200027684;764 635;7;0;2;1;1;1
202200027685;764 633;7;9;0;2;14;1
202200027686;764 632;7;0;2;1;15;1
202200027687;764 631;10;0;1;1;26;1
202200027688;764 630;7;0;0;1;13;1
202200027689;764 628;1;0;2;5;1;5
202200027689;764 629;7;0;2;2;16;1
202200027690;764 626;7;0;2;4;2;1
202200027690;764 627;7;0;2;2;2;1
202200027691;764 625;7;2;0;1;14;1
202200027692;764 624;40;0;1;1;1;3
202200027693;764 622;10;0;2;3;22;1
202200027693;764 623;30;0;2;2;1;1
202200027694;764 620;7;0;2;1;16;2
202200027694;764 621;1;0;2;1;19;5
202200027695;764 618;31;0;2;1;1;1
202200027695;764 619;7;0;2;1;15;1
202200027696;764 617;7;0;1;1;1;1
202200027697;764 616;7;0;1;1;1;1
202200027698;764 614;31;0;2;7;1;1
202200027698;764 615;10;0;2;1;15;1
202200027699;764 612;7;0;0;0;16;1
202200027699;764 613;50;0;0;0;0;3
202200027700;764 611;30;8;0;1;13;1
202200027701;764 610;30;0;1;1;17;1
202200027702;764 608;7;0;2;7;16;1
202200027702;764 609;1;0;2;0;0;5
202200027703;764 606;1;0;2;8;25;5