Num_Acc;id_vehicule;categorie_vehicule;obstacle_fixe;obstacle_mobile;point_choc_initial;manoeuvre_principale;motorisation
202200027703;764 607;7;0;9;1;16;1
202200027704;764 604;7;0;2;8;10;1
202200027704;764 605;32;0;2;1;2;1
202200027705;764 602;7;0;2;8;9;1
202200027705;764 603;7;0;2;1;1;0
202200027706;764 600;7;0;2;4;23;1
202200027706;764 601;2;0;2;1;1;1
202200027707;764 598;7;0;0;4;2;1
202200027707;764 599;7;14;0;1;2;1
202200027708;764 597;7;0;1;2;1;1
202200027709;764 595;7;0;2;7;10;1
202200027709;764 596;33;0;2;1;1;1
202200027710;764 593;10;0;2;3;15;1
202200027710;764 594;7;0;2;6;1;1
202200027711;764 592;30;16;0;0;0;1
202200027712;764 591;10;0;1;1;1;1
202200027713;764 589;7;0;2;1;15;1
202200027713;764 590;30;0;2;8;1;3
202200027714;764 588;7;1;0;1;14;1
202200027715;764 586;7;0;2;8;15;1
202200027715;764 587;37;0;2;3;1;1
202200027716;764 583;7;0;2;1;1;1
202200027716;764 584;7;0;2;1;1;1
202200027716;764 585;7;0;2;1;26;1
202200027717;764 581;7;0;2;1;1;1
202200027717;764 582;7;0;2;8;1;1
202200027718;764 579;7;0;2;2;1;1
202200027718;764 580;7;0;2;1;1;1
202200027719;764 578;7;0;1;2;1;1
202200027720;764 576;7;0;0;2;2;0
202200027720;764 577;1;0;0;1;2;5
202200027721;764 575;37;0;1;1;16;4
202200027722;764 573;7;0;2;6;1;1
202200027722;764 574;7;0;2;3;13;1
202200027723;764 572;7;4;0;8;14;1
202200027724;764 569;7;0;2;4;2;1
202200027724;764 570;7;0;2;4;2;1
202200027724;764 571;7;0;2;1;2;1
202200027725;764 568;10;9;0;1;1;1
202200027726;764 566;7;0;2;4;1;1
202200027726;764 567;7;0;2;1;1;1
202200027727;764 565;33;0;0;7;1;1
202200027728;764 563;7;0;2;3;2;1
202200027728;764 564;3;0;2;4;2;3
202200027729;764 562;7;13;0;1;1;1
202200027730;764 560;1;0;2;1;1;5
202200027730;764 561;7;0;9;3;9;2
202200027731;764 558;10;0;2;2;15;1
202200027731;764 559;43;0;2;1;1;1
202200027732;764 557;7;0;1;2;15;1
202200027733;764 555;10;0;2;1;1;1
202200027733;764 556;50;0;2;1;19;3
202200027734;764 554;7;0;1;3;1;1
202200027735;764 552;10;0;2;5;1;1
202200027735;764 553;1;0;2;5;19;5
202200027736;764 551;7;0;1;1;16;1
202200027737;764 548;7;0;2;1;2;0
202200027737;764 549;7;0;2;4;2;0
202200027737;764 550;7;0;2;2;0;0
202200027738;764 546;31;0;2;1;1;1
202200027738;764 547;7;0;2;3;1;1
202200027739;764 542;7;0;2;3;1;1
202200027739;764 543;7;0;2;1;19;1
202200027740;764 540;2;0;2;1;2;1
202200027740;764 541;7;0;2;8;2;1
202200027741;764 538;7;0;2;7;1;1
202200027741;764 539;7;0;2;1;9;1
202200027742;764 534;7;4;2;3;13;1
202200027742;764 535;7;0;2;4;0;1
202200027742;764 536;7;0;2;0;0;1
202200027742;764 537;7;0;2;0;0;1
202200027743;764 533;7;0;1;2;1;1
202200027744;764 531;32;15;0;1;1;1
202200027744;764 532;7;0;2;3;20;1
202200027745;764 529;7;0;2;1;1;1
202200027745;764 530;7;8;2;7;0;1
202200027746;764 527;7;0;2;1;15;1
202200027746;764 528;31;0;2;1;2;1
202200027747;764 526;7;0;1;1;1;1
202200027748;764 525;10;0;1;1;21;1
202200027749;764 523;7;1;0;2;9;1
202200027749;764 524;7;13;0;2;23;1
202200027750;764 522;7;0;0;9;14;1
202200027751;764 520;10;0;2;8;1;0
202200027751;764 521;10;0;2;2;26;0
202200027752;764 518;7;0;2;8;13;1
202200027752;764 519;2;0;2;7;17;1
202200027753;764 517;7;0;1;2;1;2
202200027754;764 515;1;0;2;3;26;5
202200027754;764 516;7;0;2;3;15;1
202200027755;764 514;7;0;1;1;15;2
202200027756;764 512;30;0;2;0;1;1
202200027756;764 513;31;0;2;0;0;1
202200027757;764 509;99;0;2;2;0;0
202200027757;764 510;37;1;2;2;21;0
202200027757;764 511;99;0;2;5;26;0
202200027758;764 506;10;0;2;1;1;1
202200027758;764 507;7;0;2;1;1;1
202200027758;764 508;7;0;2;4;1;1
202200027759;764 504;2;0;2;1;18;1
202200027759;764 505;7;0;2;2;16;1
202200027760;764 502;7;0;2;1;13;1
202200027760;764 503;10;0;2;6;1;1
202200027761;764 500;7;0;2;3;1;1
202200027761;764 501;7;0;2;2;1;1
202200027762;764 499;7;0;1;5;2;1
202200027763;764 497;7;0;1;7;26;1
202200027763;764 498;99;0;2;2;19;0
202200027764;764 496;37;0;1;1;1;1
202200027765;764 495;7;0;1;4;4;1
202200027766;764 493;7;0;2;4;1;1
202200027766;764 494;7;0;2;1;1;1
202200027767;764 491;1;0;2;1;1;5
202200027767;764 492;7;0;2;2;15;1
202200027768;764 490;34;0;0;3;1;1
202200027769;764 488;7;0;2;3;0;0
202200027769;764 489;30;0;2;2;1;1
202200027770;764 483;7;0;2;8;15;1
202200027770;764 484;7;0;2;1;1;1
202200027771;764 477;7;0;2;3;9;1
202200027771;764 478;7;0;2;1;1;1
202200027772;764 475;32;0;2;1;1;1
202200027772;764 476;7;0;2;7;19;1
202200027773;764 473;50;0;2;1;1;3
202200027773;764 474;1;0;2;1;15;5
202200027774;764 472;37;0;1;7;16;1
202200027775;764 470;2;0;2;1;2;1
202200027775;764 471;7;0;2;4;23;1
202200027776;764 469;7;0;1;1;1;1
202200027777;764 465;7;0;2;1;1;1
202200027777;764 466;7;0;2;1;1;1
202200027777;764 467;7;0;2;4;1;1
202200027777;764 468;7;0;2;1;1;1
202200027778;764 462;7;0;2;3;1;3
202200027778;764 463;30;0;2;1;5;1
202200027778;764 464;7;0;2;3;1;1
202200027779;764 460;3;0;2;4;1;1
202200027779;764 461;7;1;2;1;9;1
202200027780;764 456;10;0;2;7;1;1
202200027780;764 458;2;0;2;1;1;3
202200027781;764 454;30;0;0;2;1;1
202200027782;764 453;2;0;2;2;1;1
202200027783;764 450;7;0;2;6;15;1
202200027783;764 451;2;0;2;1;2;1
202200027784;764 449;7;0;2;4;23;2
202200027784;764 452;7;0;2;4;23;2
202200027784;764 455;7;0;2;4;23;1
202200027784;764 457;7;0;2;4;23;1
202200027784;764 459;7;0;2;1;1;1
202200027785;764 447;7;0;9;3;9;1
202200027785;764 448;1;0;2;2;12;5
202200027786;764 446;30;0;0;0;0;1
202200027787;764 445;7;4;0;7;1;1
202200027788;764 444;30;0;0;7;1;1
202200027789;764 442;0;0;2;0;0;
202200027789;764 443;7;0;0;4;1;1
202200027790;764 440;7;0;2;5;16;1
202200027790;764 441;7;0;2;3;16;1
202200027791;764 438;7;0;2;5;1;1
202200027791;764 439;13;0;2;3;11;1
202200027792;764 436;1;0;2;1;1;5
202200027792;764 437;10;0;2;3;16;1
202200027793;764 432;10;0;2;8;11;1
202200027793;764 434;31;0;2;7;1;1
202200027793;764 435;17;0;2;5;1;1
202200027794;764 431;1;0;2;1;26;5
202200027794;764 433;7;0;2;8;1;1
202200027795;764 427;32;0;2;1;1;1
202200027795;764 430;7;0;2;8;9;1
202200027796;764 426;7;0;2;1;1;1
202200027796;764 428;7;0;2;6;1;1
202200027796;764 429;7;0;2;5;1;1
202200027797;764 424;7;3;0;7;26;2
202200027798;764 423;7;0;2;7;1;1
202200027798;764 425;7;0;2;1;0;1
202200027799;764 421;7;8;2;1;1;1
202200027799;764 422;80;0;2;8;1;3
202200027800;764 420;10;0;1;1;19;1
202200027801;764 416;33;0;2;4;17;1
202200027801;764 418;7;0;2;1;1;1
202200027802;764 415;7;11;0;1;1;1
202200027803;764 412;7;0;1;7;1;1
202200027804;764 413;7;0;2;8;15;1
202200027804;764 414;50;0;2;1;13;3
202200027805;764 410;7;0;2;5;16;0
202200027805;764 411;7;0;2;3;1;0
202200027806;764 409;7;0;1;3;1;1
202200027807;764 408;50;0;0;7;1;3
202200027808;764 405;7;0;1;3;1;1
202200027809;764 402;1;0;2;6;1;5
202200027809;764 404;7;0;2;1;1;1
202200027810;764 400;33;1;0;1;17;1
202200027811;764 401;33;0;2;1;2;1
202200027811;764 403;7;0;2;6;2;1
202200027812;764 399;33;1;0;1;26;1
202200027813;764 397;43;0;2;7;1;1
202200027813;764 398;30;0;2;8;15;1
202200027814;764 395;10;0;2;0;15;1
202200027814;764 396;33;0;2;2;17;1
202200027815;764 392;7;0;2;7;10;1
202200027815;764 393;2;0;2;1;1;1
202200027816;764 391;37;0;2;5;23;2
202200027816;764 394;13;0;2;6;4;1
202200027817;764 389;1;0;2;1;0;5
202200027817;764 390;7;0;2;6;0;0
202200027818;764 386;7;0;2;5;2;1
202200027818;764 388;30;0;2;1;2;1
202200027819;764 385;10;0;2;2;19;0
202200027819;764 387;7;0;2;1;1;1
202200027820;764 383;7;6;0;1;0;0
202200027821;764 384;33;0;1;3;17;1
202200027822;764 381;7;0;2;1;2;1
202200027822;764 382;2;12;2;0;18;1
202200027823;764 379;10;0;2;3;1;1
202200027823;764 380;30;0;2;5;23;1
202200027824;764 378;50;0;1;1;1;3
202200027825;764 376;7;0;2;7;16;1
202200027825;764 377;1;0;2;8;1;5
202200027826;764 374;7;0;2;4;2;1
202200027826;764 375;10;0;2;1;2;1
202200027827;764 373;50;0;1;8;1;3
202200027828;764 371;7;0;2;8;1;1
202200027828;764 372;7;0;2;1;1;1
202200027829;764 370;7;0;1;3;15;1
202200027830;764 369;99;0;1;1;1;3
202200027831;764 367;7;0;2;4;11;1
202200027831;764 368;34;0;2;2;1;1
202200027832;764 365;33;0;2;8;1;1
202200027832;764 366;7;0;2;1;15;1
202200027833;764 364;33;0;1;1;2;1
202200027834;764 362;7;0;2;6;19;1
202200027834;764 363;3;12;0;3;1;1
202200027835;764 360;33;0;2;1;26;1
202200027835;764 361;7;0;2;3;16;1
202200027836;764 358;10;0;2;2;16;1
202200027836;764 359;50;0;2;7;19;3
202200027837;764 356;33;0;2;2;1;1
202200027837;764 357;7;0;2;3;15;1
202200027838;764 354;7;0;1;2;2;1
202200027839;764 352;7;0;2;1;1;2
202200027839;764 353;1;0;2;8;9;5
202200027840;764 350;7;0;2;1;1;1
202200027840;764 351;7;0;2;6;1;1
202200027841;764 348;7;0;2;3;9;1
202200027841;764 349;2;0;0;0;0;0
202200027842;764 346;33;0;2;2;2;1
202200027842;764 347;7;0;2;3;20;3
202200027843;764 345;13;0;1;2;16;0
202200027844;764 344;1;15;0;1;9;5
202200027845;764 342;31;0;2;4;23;1
202200027845;764 343;7;0;2;3;1;1
202200027846;764 340;7;0;2;1;2;2
202200027846;764 341;7;0;2;7;2;1
202200027847;764 339;1;0;1;1;1;5
202200027848;764 338;32;0;0;0;2;1
202200027849;764 336;7;0;2;4;2;1
202200027849;764 337;7;0;2;1;2;0
202200027850;764 334;7;0;2;3;16;3
202200027850;764 335;60;0;2;0;19;5
202200027851;764 332;33;0;2;7;17;1
202200027851;764 333;7;0;2;8;15;1
202200027852;764 331;1;0;1;1;17;5
202200027853;764 329;33;0;2;2;17;1
202200027853;764 330;50;0;2;3;15;3
202200027854;764 327;10;0;2;6;10;1
202200027854;764 328;33;0;0;1;17;1
202200027855;764 326;7;13;0;6;1;1
202200027856;764 324;7;0;2;2;1;1
202200027856;764 325;7;0;2;3;19;1
202200027857;764 322;1;0;2;3;15;5
202200027857;764 323;7;0;2;3;15;1
202200027858;764 320;1;0;2;3;1;5
202200027858;764 321;7;0;9;2;0;1
202200027859;764 318;2;0;2;2;17;1
202200027859;764 319;10;0;0;8;15;1
202200027860;764 316;50;0;2;7;1;3
202200027860;764 317;7;0;2;1;9;1
202200027861;764 315;7;2;0;2;1;1
202200027862;764 313;7;0;2;1;1;1
202200027862;764 314;7;0;0;4;1;1
202200027863;764 311;7;3;2;8;26;1
202200027863;764 312;7;0;2;1;1;0
202200027864;764 310;7;0;1;1;1;1
202200027865;764 309;7;0;0;3;1;1
202200027866;764 307;2;0;2;3;1;1
202200027866;764 308;7;0;2;3;15;1
202200027867;764 306;7;4;0;1;0;1
202200027868;764 305;7;0;1;3;1;1
202200027869;764 304;10;0;1;3;1;1
202200027870;764 300;80;0;2;4;2;3
202200027870;764 301;1;0;2;4;2;5
202200027870;764 302;1;0;2;4;2;5
202200027870;764 303;7;0;9;2;2;1
202200027871;764 299;7;2;0;2;1;0
202200027872;764 295;7;3;2;1;0;1
202200027872;764 296;7;6;2;1;0;1
202200027872;764 297;37;0;2;3;1;1
202200027872;764 298;7;3;2;3;13;1
202200027873;764 293;2;1;0;1;0;1
202200027873;764 294;7;0;2;4;23;1
202200027874;764 291;7;7;2;2;1;1
202200027874;764 292;7;0;2;3;1;1
202200027875;764 288;7;0;2;1;1;1
202200027875;764 289;7;0;2;3;1;1
202200027875;764 290;7;3;2;3;13;2
202200027876;764 285;20;0;2;6;12;1
202200027876;764 287;7;13;2;2;14;1
202200027877;764 284;1;0;2;1;1;5
202200027877;764 286;10;0;2;1;15;
202200027878;764 281;7;0;2;3;13;1
202200027878;764 283;7;0;2;3;1;1
202200027879;764 277;1;0;2;3;1;5
202200027879;764 279;17;0;2;5;2;0
202200027880;764 276;60;0;2;1;0;5
202200027880;764 278;7;0;2;1;2;1
202200027881;764 275;7;1;0;2;2;1
202200027882;764 273;7;2;0;3;1;1
202200027883;764 272;7;0;2;3;1;1
202200027883;764 274;7;0;2;8;10;1
202200027884;764 271;2;9;0;8;1;0
202200027885;764 269;7;15;0;3;13;1
202200027886;764 265;33;0;0;4;2;1
202200027886;764 266;33;0;0;4;16;1
202200027887;764 261;7;0;2;1;1;1
202200027887;764 263;15;0;2;3;1;1
202200027888;764 258;7;0;2;3;1;1
202200027888;764 260;7;0;2;3;1;1
202200027889;764 255;10;0;2;2;9;1
202200027889;764 256;7;0;2;7;1;1
202200027890;764 254;7;0;1;3;1;1
202200027891;764 252;7;0;2;3;1;1
202200027891;764 253;7;0;2;3;13;1
202200027892;764 251;7;0;1;3;1;1
202200027893;764 249;7;0;2;1;11;1
202200027893;764 250;7;0;2;1;1;1
202200027894;764 246;7;0;2;7;1;1
202200027894;764 247;7;0;2;7;1;1
202200027894;764 248;7;0;2;1;9;1
202200027895;764 245;7;13;0;2;1;1
202200027896;764 244;7;0;2;1;9;1
202200027897;764 243;7;13;0;1;1;1
202200027898;764 242;7;6;2;2;13;1
202200027899;764 241;33;0;0;8;15;1
202200027900;764 238;7;0;4;7;1;1
202200027900;764 239;39;0;4;2;1;3
202200027901;764 237;7;0;2;1;16;1
202200027901;764 240;7;0;2;0;0;1
202200027902;764 235;7;0;2;8;15;1
202200027902;764 236;33;0;2;1;3;1
202200027903;764 233;30;8;0;1;1;1
202200027904;764 232;7;0;2;6;1;3
202200027904;764 234;1;0;2;1;1;5
202200027905;764 231;0;0;1;0;0;0
202200027906;764 227;14;0;2;3;1;1
202200027906;764 229;7;0;2;1;17;1
202200027907;764 228;7;0;2;6;1;1
202200027907;764 230;2;0;2;1;1;1
202200027908;764 225;7;11;0;1;1;1
202200027909;764 222;7;0;2;3;13;1
202200027909;764 223;7;0;2;3;1;1
202200027910;764 221;7;0;1;1;16;1
202200027911;764 219;7;0;2;1;1;1
202200027911;764 220;7;0;2;1;13;1
202200027912;764 217;30;0;2;1;2;1
202200027912;764 218;7;0;2;4;2;1
202200027913;764 216;7;0;1;2;1;1
202200027914;764 213;7;0;0;3;1;2
202200027914;764 214;7;0;0;3;13;2
202200027915;764 212;7;0;2;1;1;1
202200027915;764 215;7;0;2;8;19;1
202200027916;764 211;7;0;1;2;1;1
202200027917;764 210;7;0;1;1;1;2
202200027918;764 208;7;0;0;8;9;1
202200027918;764 209;7;0;2;1;1;1
202200027919;764 206;7;0;4;1;19;1
202200027919;764 207;40;0;2;1;1;3
202200027920;764 199;1;0;2;8;2;5
202200027920;764 201;10;0;2;0;2;1
202200027921;764 197;7;0;2;1;17;1
202200027921;764 198;7;0;0;6;1;1
202200027921;764 200;7;0;2;3;1;1
202200027922;764 194;7;0;0;0;1;1
202200027923;764 195;10;0;2;1;1;1
202200027923;764 196;50;0;2;6;19;3
202200027924;764 191;14;0;2;4;0;1
202200027924;764 193;7;0;2;1;0;1
202200027925;764 190;7;1;0;4;23;1
202200027925;764 192;7;1;2;1;2;1
202200027926;764 189;7;16;0;0;14;1
202200027927;764 188;7;0;1;1;1;0
202200027928;764 184;1;0;2;1;26;5
202200027928;764 186;7;0;2;2;0;1
202200027929;764 183;7;0;2;1;2;1
202200027929;764 185;7;0;2;4;2;1
202200027929;764 187;7;0;2;4;2;1
202200027930;764 180;7;3;0;8;13;1
202200027931;764 178;7;0;1;7;26;1
202200027932;764 177;7;4;2;4;2;2
202200027932;764 179;7;4;2;1;2;1
202200027933;764 175;7;0;1;2;26;1
202200027934;764 173;10;0;2;6;11;0
202200027934;764 174;7;0;2;2;1;1
202200027934;764 176;7;0;2;2;1;1
202200027935;764 169;34;0;2;3;3;1
202200027935;764 170;7;0;2;2;12;1
202200027936;764 167;33;0;0;7;3;1
202200027937;764 163;33;0;2;8;11;0
202200027937;764 165;34;0;2;7;2;0
202200027938;764 162;1;0;2;4;1;5
202200027938;764 164;7;0;2;2;2;0
202200027939;764 160;7;0;2;5;2;1
202200027939;764 161;33;0;2;1;2;1
202200027940;764 159;10;0;1;2;1;1
202200027941;764 157;7;0;2;7;1;1
202200027941;764 158;15;0;2;2;12;1
202200027942;764 156;7;0;1;3;1;1
202200027943;764 154;7;0;2;4;2;1
202200027943;764 155;7;0;2;1;2;1
202200027944;764 153;7;0;1;4;4;1
202200027945;764 148;21;0;2;5;1;1
202200027945;764 150;33;0;2;1;12;1
202200027946;764 146;10;1;2;3;24;1
202200027946;764 147;10;0;2;3;24;1
202200027946;764 149;7;0;2;7;19;1
202200027946;764 151;7;0;2;8;0;1
202200027946;764 152;7;0;2;3;19;1
202200027947;764 144;2;0;1;1;1;1
202200027948;764 143;7;0;2;1;1;0
202200027948;764 145;1;0;2;0;0;5
202200027949;764 142;7;0;1;3;26;1
202200027950;764 140;7;0;1;1;15;1
202200027951;764 139;7;0;2;1;17;1
202200027951;764 141;7;0;2;1;1;1
202200027952;764 138;7;0;1;1;0;1
202200027953;764 136;50;0;2;1;1;3
202200027953;764 137;10;0;2;2;9;1
202200027954;764 134;37;0;2;7;13;1
202200027954;764 135;7;0;2;3;0;1
202200027955;764 132;7;0;2;4;2;1
202200027955;764 133;2;0;2;2;2;1
202200027956;764 130;7;0;2;1;1;1
202200027956;764 131;7;0;2;1;1;1
202200027957;764 127;7;0;2;2;1;1
202200027957;764 128;7;0;2;3;1;1
202200027958;764 126;50;0;2;1;2;3
202200027958;764 129;10;0;2;3;2;1
202200027959;764 123;7;0;2;4;14;1
202200027959;764 125;7;0;2;1;14;1
202200027960;764 122;1;0;4;1;1;5
202200027960;764 124;40;0;2;3;1;3
202200027961;764 120;7;0;2;4;1;1
202200027961;764 121;7;0;2;1;1;1
202200027962;764 115;7;0;2;8;15;1
202200027962;764 118;33;0;2;1;17;1
202200027963;764 116;43;0;2;8;18;1
202200027963;764 119;10;0;2;3;15;1
202200027964;764 114;99;0;9;8;15;3
202200027964;764 117;2;0;9;2;1;1
202200027965;764 110;7;0;1;4;4;0
202200027966;764 109;2;0;2;1;1;1
202200027966;764 112;7;0;9;3;15;1
202200027967;764 108;10;0;0;0;1;1
202200027968;764 104;34;0;2;7;17;1
202200027968;764 106;7;0;2;3;1;1
202200027969;764 105;43;0;2;5;1;1
202200027969;764 107;7;0;2;2;15;1
202200027970;764 103;7;6;0;1;1;1
202200027971;764 100;7;0;2;1;1;1
202200027971;764 102;2;0;2;8;5;1
202200027972;764 099;7;0;2;7;12;1
202200027972;764 101;34;0;2;8;1;1
202200027973;764 097;31;0;0;0;26;1
202200027974;764 096;33;0;2;8;0;1
202200027974;764 098;7;0;2;5;1;1
202200027975;764 095;34;0;1;1;1;1
202200027976;764 094;30;0;1;1;1;3
202200027977;764 092;1;0;0;0;1;5
202200027978;764 091;30;0;2;1;1;1
202200027978;764 093;7;0;2;3;1;1
202200027979;764 085;7;0;2;4;0;1
202200027979;764 086;7;0;2;1;0;1
202200027980;764 088;32;0;2;1;2;1
202200027980;764 090;33;0;2;4;23;1
202200027981;764 083;7;0;2;6;2;1
202200027981;764 084;33;0;2;2;2;1
202200027982;764 081;99;0;1;4;21;1
202200027983;764 080;10;0;2;2;1;3
202200027983;764 082;80;0;2;8;13;3
202200027984;764 079;7;0;1;1;1;1
202200027985;764 076;7;1;0;2;14;1
202200027986;764 077;7;0;2;1;1;1
202200027986;764 078;30;0;2;2;1;1
202200027987;764 075;7;0;1;2;1;1
202200027988;764 073;7;14;0;2;14;1
202200027989;764 071;7;0;2;3;18;1
202200027989;764 074;7;0;2;2;1;1
202200027990;764 072;7;0;2;0;18;1
202200027991;764 069;50;8;0;1;1;3
202200027992;764 067;7;6;0;4;0;1
202200027992;764 070;7;6;0;3;14;1
202200027993;764 066;7;0;2;7;0;1
202200027993;764 068;7;0;2;0;1;1
202200027994;764 061;10;0;2;6;1;1
202200027994;764 064;33;0;2;7;2;1
202200027995;764 062;50;0;2;1;1;3
202200027995;764 065;80;0;2;1;13;3
202200027996;764 060;60;0;2;0;0;5
202200027996;764 063;7;0;2;2;2;1
202200027997;764 056;7;0;1;1;0;0
202200027998;764 055;50;0;2;1;16;3
202200027998;764 057;30;0;2;4;15;1
202200027999;764 054;13;6;0;1;1;1
202200028000;764 051;7;0;1;2;17;1
202200028001;764 050;7;0;2;2;9;1
202200028001;764 052;80;0;2;1;1;3
202200028002;764 049;34;0;2;8;1;1
202200028002;764 053;7;0;2;1;1;1
202200028003;764 048;7;2;0;2;1;1
202200028004;764 047;7;9;0;1;0;1
202200028005;764 043;32;0;2;2;19;1
202200028005;764 046;7;0;2;1;9;1
202200028006;764 040;30;0;2;1;1;1
202200028006;764 042;7;0;0;0;0;1
202200028007;764 037;7;0;2;4;23;1
202200028007;764 039;7;0;2;4;23;1
202200028007;764 041;7;0;2;1;1;1
202200028008;764 036;34;0;2;1;16;1
202200028008;764 038;7;0;2;5;2;1
202200028009;764 035;7;0;1;1;1;1
202200028010;764 033;7;0;2;7;2;1
202200028010;764 034;7;0;2;1;2;2
202200028011;764 029;37;0;2;5;7;1
202200028011;764 032;20;0;2;1;1;3
202200028012;764 027;2;0;1;1;17;1
202200028013;764 025;10;0;9;7;5;1
202200028013;764 026;1;0;2;0;0;5
202200028013;764 028;1;0;2;0;0;5
202200028013;764 030;1;0;2;0;0;5
202200028013;764 031;1;0;2;0;0;5
202200028014;764 021;7;0;2;1;2;1
202200028014;764 023;7;0;2;4;2;1
202200028015;764 022;7;0;2;7;1;1
202200028015;764 024;7;0;2;3;10;1
202200028016;764 019;30;0;2;1;2;1
202200028016;764 020;7;0;2;8;15;1
202200028017;764 017;33;0;2;2;17;1
202200028017;764 018;7;0;2;3;15;1
202200028018;764 016;34;0;1;2;1;1
202200028019;764 014;7;0;2;1;2;1
202200028019;764 015;7;0;2;4;2;1
202200028020;764 012;7;0;1;1;0;1
202200028021;764 013;7;0;1;5;26;1
202200028022;764 011;7;9;0;1;26;1
202200028023;764 010;7;0;1;1;26;1
202200028024;764 008;7;13;0;7;14;1
202200028025;764 007;7;12;2;7;12;0
202200028025;764 009;2;0;2;8;1;1
202200028026;764 005;50;0;2;2;1;3
202200028026;764 006;7;0;2;3;1;1
202200028027;764 000;7;0;2;1;19;1
202200028027;764 002;7;0;2;7;1;1
202200028028;763 999;7;0;2;2;16;0
202200028028;764 001;1;0;2;0;16;5
202200028029;763 997;30;0;0;3;1;1
202200028030;763 996;7;0;2;3;9;1
202200028030;763 998;21;0;2;1;1;1
202200028031;763 995;30;0;1;1;0;1
202200028032;763 993;7;0;2;3;10;1
202200028032;763 994;32;0;2;8;17;1
202200028033;763 991;30;12;0;9;9;1
202200028034;763 990;1;0;2;5;2;5
202200028034;763 992;2;0;2;3;2;0
202200028035;763 988;38;0;1;5;16;1
202200028036;763 986;7;0;2;1;5;1
202200028036;763 987;7;0;2;1;1;1
202200028036;763 989;7;0;2;1;2;3
202200028037;763 983;7;0;2;6;1;1
202200028037;763 985;7;0;2;3;1;1
202200028038;763 982;7;0;2;3;1;1
202200028038;763 984;7;0;2;3;13;1
202200028039;763 981;7;0;1;2;1;1
202200028040;763 977;7;0;2;2;12;1
202200028040;763 980;7;0;2;9;1;1
202200028041;763 976;33;0;2;1;2;1
202200028041;763 979;7;0;1;4;2;1
202200028042;763 970;7;0;2;8;10;1
202200028042;763 973;7;0;2;3;1;1
202200028043;763 971;7;0;2;8;1;1
202200028043;763 974;7;0;2;7;14;1
202200028044;763 969;7;;2;1;1;1
202200028044;763 972;7;0;2;4;26;1
202200028045;763 968;7;9;0;1;11;1
202200028046;763 967;7;0;0;9;1;0
202200028047;763 964;30;14;0;1;17;1
202200028048;763 962;7;4;2;2;9;1
202200028048;763 963;7;0;2;6;1;1
202200028049;763 960;7;0;1;7;2;1
202200028050;763 958;10;4;0;0;0;0
202200028051;763 955;7;0;2;3;15;1
202200028051;763 956;1;0;2;1;16;5
202200028052;763 954;7;0;2;1;16;1
202200028052;763 957;50;0;2;1;1;3
202200028053;763 950;7;0;2;8;18;2
202200028053;763 953;10;0;2;7;12;1
202200028054;763 951;1;0;9;1;1;5
202200028054;763 952;50;0;9;1;26;3
202200028055;763 948;7;0;2;1;1;1
202200028055;763 949;7;0;2;4;1;1
202200028056;763 945;33;0;2;1;2;1
202200028056;763 947;7;0;2;6;10;1
202200028057;763 944;43;0;2;1;1;1
202200028057;763 946;7;0;2;6;11;2
202200028058;763 942;7;0;2;2;14;1
202200028058;763 943;7;0;2;5;1;1
202200028059;763 937;14;0;2;2;12;1
202200028059;763 940;7;0;2;3;18;1
202200028060;763 936;10;0;2;1;2;1
202200028060;763 938;10;0;2;4;2;1
202200028061;763 935;7;0;2;3;19;1
202200028061;763 939;2;0;2;1;1;1
202200028062;763 934;33;16;0;7;21;1
202200028063;763 931;33;0;2;1;17;1
202200028063;763 933;7;0;0;3;15;2
202200028064;763 930;31;0;2;7;15;1
202200028064;763 932;7;0;2;1;1;1
202200028065;763 927;7;0;2;1;2;1
202200028065;763 929;7;0;2;4;2;1
202200028066;763 925;7;0;2;1;1;1
202200028066;763 928;7;0;2;7;1;1
202200028067;763 922;10;0;2;6;11;1
202200028067;763 923;32;0;2;1;3;1
202200028068;763 921;7;0;2;9;14;1
202200028068;763 924;7;0;2;3;1;1
202200028068;763 926;7;0;2;6;1;2
202200028069;763 919;7;0;2;7;1;1
202200028069;763 920;7;0;2;1;1;1
202200028070;763 917;10;0;2;4;13;1
202200028070;763 918;31;0;2;1;1;1
202200028071;763 915;20;0;1;1;9;1
202200028072;763 914;1;0;2;1;19;5
202200028072;763 916;7;0;9;3;15;1
202200028073;763 912;15;0;2;6;23;1
202200028073;763 913;33;0;2;1;2;1
202200028074;763 910;7;0;1;7;1;3
202200028075;763 906;7;0;2;1;2;1
202200028075;763 908;7;0;0;4;23;1
202200028075;763 909;7;0;0;4;23;1
202200028075;763 911;7;0;2;4;23;1
202200028076;763 905;43;0;2;3;3;1
202200028076;763 907;10;0;2;7;12;1
202200028077;763 903;7;12;0;1;11;1
202200028078;763 902;7;0;9;8;0;1
202200028078;763 904;1;0;2;1;1;5
202200028079;763 900;7;0;2;5;12;1
202200028079;763 901;33;0;2;1;3;1
202200028080;763 898;7;0;2;4;23;1
202200028080;763 899;33;0;2;1;1;1
202200028081;763 896;7;0;2;8;1;1
202200028081;763 897;1;0;2;1;9;5
202200028082;763 892;7;0;2;8;1;1
202200028082;763 894;1;0;2;1;19;5
202200028083;763 891;33;0;2;1;3;1
202200028083;763 893;7;0;2;7;12;1
202200028083;763 895;7;0;2;5;1;1
202200028084;763 890;7;0;1;3;1;2
202200028085;763 888;2;0;2;1;1;1
202200028085;763 889;50;0;2;7;15;3
202200028086;763 884;10;0;2;4;1;1
202200028086;763 886;33;0;2;1;2;1
202200028087;763 883;7;0;2;1;26;1
202200028087;763 887;1;0;2;3;1;0
202200028088;763 882;1;0;2;1;1;5
202200028088;763 885;10;0;9;5;15;1