Num_Acc;id_vehicule;categorie_vehicule;obstacle_fixe;obstacle_mobile;point_choc_initial;manoeuvre_principale;motorisation
202200028089;763 879;7;0;2;3;1;1
202200028089;763 881;1;0;2;1;1;5
202200028090;763 878;33;0;2;1;1;1
202200028090;763 880;7;0;2;6;15;1
202200028091;763 877;7;0;1;6;26;1
202200028092;763 875;2;0;1;3;18;3
202200028093;763 876;7;0;1;0;26;1
202200028094;763 873;7;0;2;3;2;1
202200028094;763 874;10;0;2;5;2;1
202200028095;763 871;33;1;0;1;1;1
202200028096;763 869;10;0;2;2;12;1
202200028096;763 872;32;0;2;8;1;1
202200028097;763 866;50;1;0;1;1;3
202200028097;763 867;7;0;9;8;22;1
202200028098;763 865;7;0;1;3;14;1
202200028099;763 861;30;0;2;1;1;1
202200028099;763 863;10;0;2;3;1;1
202200028100;763 860;7;0;9;1;1;1
202200028100;763 862;1;0;2;7;19;5
202200028101;763 858;3;0;2;6;2;1
202200028101;763 859;31;0;2;2;2;1
202200028102;763 857;7;0;1;1;1;1
202200028103;763 855;7;0;1;3;1;1
202200028104;763 854;7;0;1;3;1;1
202200028105;763 852;7;0;2;1;13;1
202200028105;763 853;7;0;2;1;1;1
202200028105;763 856;7;0;2;2;1;1
202200028106;763 846;32;0;0;4;23;1
202200028106;763 849;7;0;0;6;2;1
202200028106;763 850;7;0;2;3;21;1
202200028107;763 845;7;1;2;6;19;1
202200028107;763 851;7;0;2;1;1;1
202200028108;763 844;7;12;2;3;21;1
202200028108;763 847;7;0;2;3;15;6
202200028108;763 848;7;0;2;7;17;1
202200028109;763 841;33;13;0;3;1;1
202200028110;763 840;1;0;2;1;1;5
202200028110;763 842;33;0;2;6;9;1
202200028111;763 839;7;0;2;2;1;1
202200028111;763 843;7;0;2;4;2;1
202200028112;763 836;7;0;2;8;11;1
202200028112;763 838;33;0;2;2;1;1
202200028113;763 834;7;0;2;1;2;1
202200028113;763 837;7;0;2;8;10;1
202200028114;763 832;7;0;2;3;1;1
202200028114;763 835;7;0;2;6;15;1
202200028115;763 831;33;1;0;0;1;1
202200028116;763 829;7;0;2;4;1;1
202200028116;763 830;7;0;2;2;12;1
202200028116;763 833;33;0;2;8;3;1
202200028117;763 826;2;0;2;0;1;1
202200028117;763 828;14;0;2;0;1;1
202200028118;763 824;7;0;2;8;15;1
202200028118;763 827;33;0;2;1;13;1
202200028119;763 822;7;0;1;3;1;1
202200028120;763 821;7;0;2;1;2;1
202200028120;763 823;7;0;2;4;2;1
202200028120;763 825;7;0;2;4;2;1
202200028121;763 819;1;0;2;0;1;5
202200028122;763 818;7;8;2;2;12;1
202200028122;763 820;32;0;2;8;18;1
202200028123;763 814;7;0;2;4;2;1
202200028123;763 815;7;0;2;9;2;1
202200028123;763 817;7;0;2;1;2;1
202200028124;763 813;10;12;0;1;1;1
202200028124;763 816;7;0;2;7;15;1
202200028125;763 811;7;0;2;9;17;1
202200028125;763 812;10;0;0;0;0;1
202200028126;763 809;7;0;1;2;0;2
202200028127;763 803;1;0;2;7;1;5
202200028127;763 807;7;0;2;1;1;1
202200028128;763 804;7;0;2;3;11;1
202200028128;763 806;7;0;2;5;1;1
202200028128;763 808;7;0;2;4;1;1
202200028128;763 810;7;0;2;4;1;1
202200028129;763 802;7;0;2;8;20;1
202200028129;763 805;2;0;2;1;1;1
202200028130;763 799;7;0;2;1;2;1
202200028130;763 801;7;0;2;4;23;1
202200028131;763 795;10;0;2;1;1;1
202200028131;763 797;1;0;2;4;23;5
202200028132;763 794;32;0;2;1;3;1
202200028132;763 796;32;0;2;0;3;0
202200028132;763 798;7;0;2;5;1;1
202200028132;763 800;7;0;2;0;1;1
202200028133;763 791;10;0;2;1;2;1
202200028133;763 793;31;0;2;4;23;1
202200028134;763 790;7;0;2;0;2;1
202200028134;763 792;1;0;2;0;21;5
202200028135;763 788;10;0;2;4;15;1
202200028135;763 789;30;0;2;1;1;1
202200028136;763 785;31;0;2;1;1;1
202200028136;763 787;7;0;2;2;15;1
202200028137;763 783;7;0;2;1;2;1
202200028137;763 784;7;0;2;4;1;1
202200028137;763 786;7;0;2;4;1;1
202200028138;763 782;31;0;2;1;17;1
202200028139;763 781;15;13;0;3;1;1
202200028140;763 779;7;0;2;1;1;1
202200028140;763 780;10;0;0;0;0;1
202200028141;763 776;34;0;2;8;7;1
202200028141;763 778;7;0;2;3;15;1
202200028142;763 774;33;0;2;1;2;1
202200028142;763 777;7;0;0;4;23;1
202200028143;763 773;1;0;2;1;9;5
202200028143;763 775;60;0;2;0;1;5
202200028144;763 772;2;12;0;7;14;1
202200028145;763 771;7;15;0;1;1;1
202200028146;763 768;60;0;0;0;0;5
202200028146;763 770;7;0;9;1;1;1
202200028147;763 767;33;0;2;1;2;1
202200028147;763 769;7;0;2;6;2;1
202200028148;763 765;33;0;2;1;13;1
202200028148;763 766;38;0;2;3;1;1
202200028149;763 763;35;0;2;0;1;1
202200028149;763 764;7;0;2;0;0;0
202200028150;763 762;43;0;1;2;1;1
202200028151;763 759;7;0;2;4;23;1
202200028151;763 761;7;14;0;1;1;1
202200028152;763 758;7;0;2;5;15;1
202200028152;763 760;1;0;2;1;1;5
202200028153;763 756;20;0;2;4;1;1
202200028153;763 757;2;0;2;4;2;1
202200028154;763 755;50;0;1;1;25;3
202200028155;763 754;2;13;0;1;14;1
202200028156;763 749;33;0;2;6;11;1
202200028156;763 751;7;0;2;2;1;1
202200028156;763 753;37;0;2;8;23;2
202200028157;763 748;7;0;2;1;2;3
202200028157;763 750;32;0;2;2;2;1
202200028157;763 752;10;0;2;5;15;1
202200028158;763 746;7;13;0;0;1;1
202200028159;763 745;30;0;2;7;17;1
202200028159;763 747;7;0;2;1;1;2
202200028160;763 743;7;0;2;1;2;1
202200028160;763 744;7;0;2;4;0;1
202200028161;763 742;7;0;1;3;1;2
202200028162;763 739;33;0;2;1;2;1
202200028162;763 741;7;0;2;4;2;1
202200028163;763 738;7;0;2;2;15;2
202200028163;763 740;34;0;2;1;19;1
202200028164;763 735;7;0;2;7;1;2
202200028164;763 737;7;0;2;2;19;1
202200028165;763 734;1;1;2;1;2;5
202200028165;763 736;14;0;2;3;24;1
202200028166;763 731;7;9;2;8;1;1
202200028166;763 733;7;0;2;1;19;1
202200028167;763 730;7;0;2;8;15;1
202200028167;763 732;7;0;2;1;1;1
202200028168;763 728;7;0;2;5;0;2
202200028168;763 729;10;0;2;2;1;1
202200028169;763 726;7;1;2;3;1;1
202200028169;763 727;7;0;2;2;0;0
202200028170;763 724;7;0;2;0;0;1
202200028170;763 725;33;0;2;1;17;1
202200028171;763 723;10;0;1;2;1;1
202200028172;763 722;32;12;0;1;2;1
202200028173;763 721;13;0;1;2;0;0
202200028174;763 718;7;0;2;2;9;1
202200028174;763 720;31;0;2;3;9;1
202200028175;763 717;7;1;0;3;1;1
202200028175;763 719;7;1;0;0;0;1
202200028176;763 714;50;0;2;1;1;3
202200028176;763 716;7;0;2;8;1;1
202200028177;763 713;30;0;2;3;1;3
202200028177;763 715;7;0;2;1;16;1
202200028178;763 712;7;0;1;2;15;1
202200028179;763 711;37;0;1;2;16;2
202200028180;763 710;7;0;1;2;0;1
202200028181;763 707;7;3;0;1;26;1
202200028182;763 708;60;0;2;1;21;5
202200028182;763 709;7;0;2;3;15;1
202200028183;763 705;1;0;2;1;1;5
202200028183;763 706;7;0;0;2;1;1
202200028184;763 703;7;0;1;1;15;1
202200028185;763 704;7;0;1;2;15;1
202200028186;763 701;7;0;1;4;20;1
202200028187;763 700;7;0;2;5;19;1
202200028187;763 702;34;0;2;1;2;1
202200028188;763 697;60;0;2;0;0;5
202200028188;763 698;7;0;2;1;1;1
202200028189;763 695;7;0;2;3;13;0
202200028189;763 696;14;0;2;3;1;1
202200028189;763 699;7;0;2;3;0;1
202200028190;763 693;1;0;0;0;0;5
202200028190;763 694;7;0;2;8;23;1
202200028191;763 692;7;0;1;2;16;1
202200028192;763 691;7;0;1;2;1;2
202200028193;763 689;7;0;2;3;1;1
202200028193;763 690;7;0;2;1;15;1
202200028194;763 688;7;0;1;3;17;1
202200028195;763 685;7;0;2;5;1;2
202200028195;763 687;34;0;2;1;1;1
202200028196;763 684;14;0;1;0;26;1
202200028197;763 683;30;0;0;8;26;1
202200028198;763 681;7;0;0;4;1;1
202200028198;763 682;7;0;0;1;2;1
202200028199;763 679;30;0;2;1;26;1
202200028199;763 680;7;0;2;6;1;1
202200028200;763 677;10;0;2;3;15;1
202200028200;763 678;43;0;2;7;17;1
202200028201;763 675;1;0;2;0;1;5
202200028201;763 676;50;0;2;1;26;3
202200028202;763 672;7;0;1;3;1;1
202200028203;763 673;50;0;2;0;26;3
202200028203;763 674;7;0;2;0;9;1
202200028204;763 671;2;0;0;0;1;1
202200028205;763 669;31;0;2;7;1;1
202200028205;763 670;7;0;2;8;2;1
202200028206;763 667;30;0;2;1;2;1
202200028206;763 668;7;0;2;4;2;1
202200028207;763 665;7;0;2;4;1;1
202200028207;763 666;7;0;2;1;2;2
202200028208;763 663;33;0;2;2;17;1
202200028208;763 664;7;0;2;8;15;1
202200028209;763 662;7;2;0;2;1;3
202200028210;763 659;10;0;2;1;15;1
202200028210;763 661;50;0;2;1;19;3
202200028211;763 658;7;0;2;3;1;1
202200028211;763 660;7;0;2;3;5;1
202200028212;763 657;31;0;0;0;1;1
202200028213;763 654;7;0;2;3;16;1
202200028213;763 656;33;0;2;1;1;0
202200028214;763 652;10;0;2;1;1;1
202200028214;763 653;7;0;2;9;1;1
202200028214;763 655;7;0;2;4;1;1
202200028215;763 649;33;0;2;1;1;1
202200028215;763 651;7;0;2;3;15;1
202200028216;763 648;7;0;2;1;5;2
202200028216;763 650;10;0;2;1;1;2
202200028217;763 647;7;0;0;0;13;1
202200028218;763 646;7;0;1;1;1;2
202200028219;763 644;7;0;1;1;1;1
202200028220;763 643;2;0;2;0;16;1
202200028220;763 645;7;0;2;1;15;1
202200028221;763 641;7;0;2;1;1;1
202200028221;763 642;7;0;2;4;14;1
202200028222;763 640;33;1;0;9;21;1
202200028223;763 639;7;0;1;3;1;2
202200028224;763 637;10;13;0;2;1;1
202200028225;763 636;7;0;0;4;23;1
202200028225;763 638;7;0;2;1;2;1
202200028226;763 634;15;0;0;4;24;1
202200028226;763 635;2;1;0;8;26;1
202200028227;763 632;10;0;2;8;23;1
202200028227;763 633;7;0;1;2;21;1
202200028228;763 629;7;0;2;8;16;1
202200028228;763 631;7;0;2;1;1;1
202200028229;763 628;2;0;2;1;1;1
202200028229;763 630;7;0;2;2;1;1
202200028230;763 627;7;12;0;2;1;1
202200028231;763 626;7;0;1;1;15;1
202200028232;763 623;7;0;2;6;9;1
202200028232;763 625;34;0;2;1;1;1
202200028233;763 620;7;0;1;2;1;1
202200028234;763 619;7;0;2;1;15;1
202200028234;763 621;7;0;2;5;1;1
202200028234;763 622;7;0;2;4;1;1
202200028234;763 624;7;0;2;4;1;1
202200028235;763 618;7;0;0;0;1;1
202200028236;763 616;7;0;2;5;15;1
202200028236;763 617;32;0;2;7;15;1
202200028237;763 613;33;0;0;0;2;1
202200028238;763 614;7;0;2;3;0;1
202200028238;763 615;7;0;2;3;0;1
202200028239;763 611;7;0;0;4;1;1
202200028239;763 612;7;0;2;1;1;0
202200028240;763 610;7;2;0;2;1;1
202200028241;763 609;7;8;0;1;1;1
202200028242;763 606;7;0;2;2;15;1
202200028242;763 607;33;0;2;0;9;1
202200028243;763 605;2;0;0;3;21;3
202200028243;763 608;14;0;0;2;16;1
202200028244;763 604;7;0;1;2;1;1
202200028245;763 603;10;13;0;2;26;1
202200028246;763 601;7;13;0;1;1;1
202200028247;763 600;30;0;2;3;16;1
202200028247;763 602;7;0;2;3;1;1
202200028248;763 599;2;0;0;0;1;1
202200028249;763 595;7;0;9;4;2;1
202200028249;763 598;30;0;2;1;26;1
202200028250;763 596;33;0;2;1;17;1
202200028250;763 597;7;0;2;8;15;1
202200028251;763 592;33;0;2;7;3;1
202200028251;763 594;3;0;2;3;15;0
202200028252;763 593;2;0;0;0;14;1
202200028253;763 590;7;0;1;2;1;1
202200028254;763 589;33;0;2;8;2;1
202200028254;763 591;7;0;2;1;19;1
202200028255;763 586;2;0;2;1;1;1
202200028255;763 588;7;0;2;5;15;1
202200028256;763 585;7;0;0;8;19;1
202200028256;763 587;7;0;2;1;1;1
202200028257;763 584;7;0;1;1;1;1
202200028258;763 582;7;8;0;2;14;1
202200028258;763 583;7;0;0;7;26;1
202200028259;763 581;7;13;0;1;14;1
202200028260;763 580;7;0;1;1;2;1
202200028261;763 578;7;0;2;3;1;1
202200028261;763 579;10;0;2;3;13;1
202200028262;763 576;7;0;2;0;10;1
202200028262;763 577;7;0;2;3;1;1
202200028263;763 573;7;0;2;6;15;1
202200028263;763 575;2;0;2;1;1;1
202200028264;763 570;2;7;0;0;1;1
202200028265;763 569;7;0;2;4;1;1
202200028265;763 571;7;0;2;4;2;1
202200028265;763 572;7;0;2;4;15;1
202200028265;763 574;10;0;2;1;2;1
202200028266;763 567;7;0;1;1;26;1
202200028267;763 566;7;0;0;7;1;1
202200028267;763 568;31;0;2;1;1;1
202200028268;763 564;7;13;0;1;1;1
202200028269;763 563;43;0;2;1;1;1
202200028269;763 565;7;0;2;7;11;1
202200028270;763 560;33;0;2;7;1;1
202200028270;763 562;7;0;2;7;17;1
202200028271;763 558;7;6;0;1;1;1
202200028272;763 555;36;13;0;1;1;1
202200028273;763 553;7;0;2;1;2;1
202200028273;763 554;7;0;2;4;2;1
202200028274;763 551;1;0;0;0;1;5
202200028274;763 552;17;0;9;7;17;1
202200028275;763 548;31;0;2;0;3;1
202200028275;763 549;7;0;2;3;2;2
202200028275;763 550;33;0;0;0;14;0
202200028276;763 547;7;0;1;1;1;1
202200028277;763 546;2;0;0;1;1;1
202200028278;763 545;10;0;1;4;4;1
202200028279;763 544;33;8;0;0;0;1
202200028280;763 542;32;0;2;1;1;1
202200028280;763 543;7;0;2;3;15;1
202200028281;763 540;7;1;1;1;13;1
202200028282;763 538;10;0;2;1;1;1
202200028282;763 539;7;0;2;3;12;1
202200028283;763 537;1;0;1;1;1;5
202200028284;763 534;33;1;0;1;21;1
202200028285;763 535;7;0;2;1;1;1
202200028285;763 536;7;0;0;8;15;1
202200028286;763 533;7;0;1;1;9;2
202200028287;763 531;7;0;2;8;9;1
202200028287;763 532;7;0;2;3;1;1
202200028288;763 529;7;0;2;3;13;1
202200028288;763 530;1;0;2;2;1;5
202200028289;763 528;7;2;0;2;1;1
202200028290;763 527;7;1;0;2;14;1
202200028291;763 523;7;0;0;1;1;1
202200028291;763 526;15;0;0;4;0;1
202200028292;763 524;34;0;2;1;17;1
202200028292;763 525;7;0;2;6;9;1
202200028293;763 522;33;17;0;0;1;1
202200028294;763 520;7;0;2;3;15;1
202200028294;763 521;32;0;2;2;1;1
202200028295;763 517;15;0;2;7;11;1
202200028295;763 519;7;0;2;1;1;1
202200028296;763 516;32;0;2;8;16;1
202200028296;763 518;7;0;2;1;1;1
202200028297;763 514;7;0;2;3;5;1
202200028297;763 515;7;0;2;6;1;1
202200028298;763 513;7;0;1;2;9;1
202200028299;763 511;7;6;2;1;1;1
202200028299;763 512;7;0;2;1;1;1
202200028300;763 508;7;0;2;4;2;1
202200028300;763 510;13;0;2;1;2;1
202200028301;763 507;7;0;2;3;1;1
202200028301;763 509;21;0;2;3;1;1
202200028302;763 505;10;0;2;7;1;1
202200028302;763 506;80;0;2;1;1;3
202200028303;763 504;7;2;0;2;14;1
202200028304;763 502;7;0;1;1;1;1
202200028305;763 501;33;0;2;1;1;1
202200028305;763 503;7;0;2;1;15;1
202200028306;763 499;7;0;2;6;1;1
202200028306;763 500;32;0;2;2;17;1
202200028307;763 497;7;16;0;2;1;1
202200028307;763 498;7;11;0;8;1;1
202200028308;763 495;7;0;2;5;22;2
202200028308;763 496;1;0;2;1;1;5
202200028309;763 494;50;0;0;3;1;3
202200028310;763 492;43;0;6;1;1;1
202200028311;763 491;1;0;2;1;5;5
202200028311;763 493;7;0;2;6;1;1
202200028312;763 490;33;17;0;1;1;1
202200028313;763 487;7;0;2;3;1;1
202200028313;763 488;33;0;2;2;1;1
202200028313;763 489;7;0;2;3;22;1
202200028314;763 484;2;0;2;1;1;1
202200028314;763 486;7;0;0;2;19;1
202200028315;763 483;7;0;2;5;23;1
202200028315;763 485;7;0;2;1;2;3
202200028316;763 480;50;0;2;1;1;3
202200028316;763 481;50;0;2;1;5;3
202200028317;763 478;1;0;1;1;1;5
202200028318;763 477;7;0;2;2;23;1
202200028318;763 479;7;0;2;1;1;1
202200028318;763 482;7;16;0;7;15;1
202200028319;763 473;1;0;2;8;1;5
202200028319;763 474;7;0;2;2;1;1
202200028320;763 472;7;0;2;3;22;1
202200028320;763 475;32;0;2;1;1;1
202200028320;763 476;7;0;2;8;1;1
202200028321;763 469;1;0;0;6;1;5
202200028321;763 471;7;0;2;2;1;1
202200028322;763 468;7;0;2;4;23;1
202200028322;763 470;50;0;2;1;1;3
202200028323;763 466;7;0;0;3;1;1
202200028323;763 467;33;0;2;2;18;1
202200028324;763 464;10;0;0;0;16;1
202200028324;763 465;32;0;2;8;21;1
202200028325;763 461;7;0;2;3;20;1
202200028325;763 462;7;0;2;2;1;1
202200028326;763 460;50;0;2;7;19;3
202200028326;763 463;7;0;2;2;1;1
202200028327;763 456;34;0;2;6;13;1
202200028327;763 457;7;0;2;6;0;1
202200028327;763 458;7;0;2;8;0;1
202200028327;763 459;7;0;2;6;0;1
202200028328;763 453;7;0;1;1;1;1
202200028329;763 454;1;0;2;4;1;5
202200028329;763 455;7;0;9;2;1;1
202200028330;763 452;7;0;1;3;16;1
202200028331;763 450;31;0;2;1;1;1
202200028331;763 451;7;0;2;6;10;1
202200028332;763 448;7;0;0;5;2;1
202200028332;763 449;7;0;2;3;2;1
202200028333;763 445;2;0;2;1;1;1
202200028333;763 446;7;0;0;5;9;1
202200028334;763 444;7;0;0;8;23;1
202200028334;763 447;7;0;0;2;2;1
202200028335;763 443;34;0;1;8;5;0
202200028336;763 442;7;1;0;3;1;1
202200028337;763 440;50;0;2;1;1;3
202200028337;763 441;7;0;2;3;1;1
202200028338;763 438;10;0;2;4;20;1
202200028338;763 439;10;0;2;2;2;1
202200028339;763 437;30;0;1;8;0;1
202200028340;763 435;7;3;2;2;26;1
202200028340;763 436;7;8;0;0;1;1
202200028341;763 434;7;1;0;1;21;1
202200028342;763 433;7;0;1;1;1;2
202200028343;763 431;7;0;1;3;15;1
202200028344;763 432;7;0;1;1;1;1
202200028345;763 429;7;0;2;7;15;1
202200028345;763 430;80;0;0;0;0;3
202200028346;763 426;2;0;2;3;15;1
202200028346;763 427;7;0;2;1;1;1
202200028347;763 425;7;0;2;2;1;2
202200028347;763 428;7;0;2;3;9;2
202200028348;763 423;3;0;2;1;1;1
202200028348;763 424;14;0;2;7;15;1
202200028349;763 422;7;0;1;2;1;1
202200028350;763 420;7;0;9;3;2;1
202200028350;763 421;50;0;2;1;2;3
202200028351;763 419;7;0;1;1;9;0
202200028352;763 417;7;0;2;3;15;1
202200028352;763 418;33;0;2;1;17;1
202200028353;763 416;7;0;1;0;1;1
202200028354;763 415;7;0;2;3;1;1
202200028355;763 414;7;0;1;1;1;0
202200028356;763 411;33;0;2;1;1;1
202200028356;763 412;7;0;2;2;15;1
202200028357;763 413;7;1;0;3;13;1
202200028358;763 409;7;0;1;1;17;1
202200028359;763 408;7;0;2;3;9;1
202200028359;763 410;33;0;2;1;1;1
202200028360;763 406;10;0;2;5;2;1
202200028360;763 407;7;0;2;3;1;1
202200028361;763 405;1;0;1;2;19;5
202200028362;763 403;7;1;2;5;1;1
202200028362;763 404;7;0;2;3;2;1
202200028363;763 401;10;0;1;2;1;1
202200028364;763 402;7;0;1;2;1;2
202200028365;763 400;50;0;1;4;25;3
202200028366;763 399;7;0;1;1;1;1
202200028367;763 396;7;0;2;2;14;1
202200028367;763 397;32;0;2;3;15;1
202200028368;763 398;10;0;1;2;16;1
202200028369;763 394;7;0;2;2;10;1
202200028369;763 395;32;0;2;8;1;1
202200028370;763 392;32;0;1;8;1;1
202200028371;763 393;7;0;0;1;26;1
202200028372;763 391;7;0;1;1;1;1
202200028373;763 390;7;0;1;7;1;1
202200028374;763 388;7;0;2;1;0;1
202200028374;763 389;7;0;2;8;0;1
202200028375;763 386;32;0;2;3;1;1
202200028375;763 387;34;0;2;4;15;1
202200028376;763 384;30;0;1;8;25;0
202200028377;763 383;7;0;2;7;16;1
202200028377;763 385;34;0;2;1;18;1
202200028378;763 382;7;0;1;4;20;2
202200028379;763 378;7;0;2;1;2;1
202200028379;763 380;7;0;2;4;2;0
202200028379;763 381;7;0;2;6;2;1
202200028380;763 377;1;0;2;3;1;5
202200028380;763 379;14;0;2;2;21;1
202200028381;763 375;30;0;1;1;1;3
202200028382;763 374;7;0;2;9;26;3
202200028382;763 376;7;0;2;4;26;1
202200028383;763 373;30;0;0;8;1;3
202200028384;763 371;33;0;2;7;26;1
202200028384;763 372;33;0;2;8;26;1
202200028385;763 369;7;0;2;1;1;1
202200028385;763 370;7;0;2;0;0;1
202200028386;763 366;7;0;2;2;20;1
202200028386;763 367;34;1;2;1;7;1
202200028387;763 365;33;0;2;1;2;1
202200028387;763 368;10;0;2;5;2;1
202200028388;763 363;7;0;2;4;2;1
202200028388;763 364;10;0;2;1;2;1
202200028389;763 362;10;0;1;1;1;1
202200028390;763 359;15;0;2;1;2;1
202200028390;763 361;7;0;0;0;0;1
202200028391;763 358;7;0;2;2;14;1
202200028391;763 360;1;0;2;6;1;5
202200028392;763 357;34;14;0;2;1;1
202200028393;763 356;7;0;1;1;2;1
202200028394;763 354;37;0;1;2;19;1
202200028395;763 353;7;12;2;7;1;1
202200028395;763 355;7;0;2;3;11;2
202200028396;763 352;7;0;1;1;26;1
202200028397;763 349;7;3;2;6;1;1
202200028397;763 350;14;0;2;2;12;1
202200028398;763 348;7;0;2;3;16;1
202200028398;763 351;1;0;2;1;1;5
202200028399;763 346;7;0;2;1;1;1
202200028399;763 347;7;0;2;4;1;1
202200028400;763 345;7;0;1;3;15;1
202200028401;763 343;7;1;0;1;20;2
202200028402;763 342;7;0;2;4;12;1
202200028402;763 344;33;0;2;1;3;1
202200028403;763 340;10;0;0;6;4;1
202200028403;763 341;33;0;2;1;2;0
202200028404;763 339;32;0;0;8;3;1
202200028405;763 337;7;0;2;3;13;2
202200028405;763 338;14;0;2;3;1;1
202200028406;763 335;7;0;1;7;1;1
202200028407;763 334;7;0;2;4;1;2
202200028407;763 336;7;0;2;7;1;1
202200028408;763 330;7;0;2;7;0;1
202200028408;763 332;33;0;2;3;26;1
202200028409;763 329;2;0;1;1;3;1
202200028410;763 326;7;0;2;2;2;1
202200028410;763 327;31;0;2;4;2;1
202200028411;763 325;15;0;2;3;1;1
202200028411;763 328;7;0;2;1;13;1
202200028412;763 323;7;0;9;3;1;1
202200028412;763 324;1;0;2;1;1;5
202200028413;763 321;10;0;2;4;2;1
202200028413;763 322;7;0;2;1;1;1
202200028414;763 320;17;3;0;1;1;1
202200028415;763 318;33;0;2;2;3;1
202200028415;763 319;7;0;2;6;11;1
202200028416;763 315;33;0;2;1;3;1
202200028416;763 316;10;0;2;8;11;1
202200028417;763 308;7;0;2;4;2;1
202200028417;763 309;7;0;2;1;2;1
202200028417;763 311;7;0;2;4;2;1
202200028417;763 312;7;0;2;4;2;1
202200028417;763 313;7;0;2;4;2;1
202200028417;763 314;7;0;2;4;2;1
202200028418;763 306;7;4;0;2;14;1
202200028419;763 301;7;0;2;3;13;1
202200028419;763 303;38;0;2;6;1;1
202200028419;763 305;13;0;2;1;1;1
202200028420;763 300;7;0;2;0;1;1
202200028420;763 304;7;4;2;9;2;1
202200028420;763 307;7;4;2;9;2;1
202200028420;763 310;7;3;9;9;2;2
202200028420;763 317;17;0;2;1;21;1
202200028421;763 299;7;0;2;2;12;1
202200028421;763 302;33;0;2;3;3;1
202200028422;763 296;37;0;1;7;7;1
202200028423;763 294;7;3;2;7;15;1
202200028423;763 298;7;0;2;3;1;1
202200028424;763 291;10;0;2;1;1;1
202200028424;763 293;7;0;0;4;2;1
202200028424;763 295;7;0;2;1;2;1
202200028424;763 297;7;0;2;0;2;1
202200028425;763 290;7;0;0;3;22;1
202200028425;763 292;1;0;2;0;0;5
202200028426;763 289;7;15;0;1;14;1
202200028427;763 286;80;0;2;8;1;3
202200028427;763 288;7;0;2;2;13;1
202200028428;763 285;2;1;2;1;2;1
202200028429;763 284;7;8;2;7;1;1
202200028429;763 287;7;0;2;1;1;1
202200028430;763 278;7;0;0;4;1;1
202200028430;763 282;7;0;2;1;2;0
202200028431;763 280;7;4;2;8;1;1
202200028431;763 283;7;4;2;7;14;1
202200028432;763 277;7;0;2;4;1;1
202200028432;763 279;33;0;2;4;23;1
202200028432;763 281;10;0;2;1;1;1
202200028433;763 276;7;10;0;1;1;1
202200028434;763 273;7;1;0;1;14;1
202200028434;763 274;17;0;0;6;24;1
202200028435;763 272;33;0;2;1;1;1
202200028435;763 275;7;0;2;8;15;1
202200028436;763 271;7;6;0;1;0;2
202200028437;763 269;3;0;2;1;13;1
202200028437;763 270;7;0;2;1;1;1
202200028438;763 268;7;0;2;1;1;0
202200028439;763 265;2;1;2;1;1;1
202200028439;763 267;17;0;0;4;23;1
202200028440;763 266;32;0;0;1;1;1
202200028441;763 264;7;8;0;8;1;1
202200028442;763 263;7;0;1;0;1;0
202200028443;763 262;7;2;0;3;1;1
202200028444;763 260;32;0;2;1;1;1
202200028444;763 261;7;0;0;2;15;1
202200028445;763 256;7;2;0;7;1;1
202200028445;763 258;7;0;0;6;2;1
202200028445;763 259;7;0;2;3;2;1
202200028446;763 255;7;0;2;3;19;1
202200028446;763 257;33;0;2;1;1;1
202200028447;763 253;7;0;2;1;1;1
202200028447;763 254;7;0;2;1;1;1
202200028448;763 252;40;0;1;7;1;3
202200028449;763 249;7;0;2;1;13;2
202200028449;763 251;7;0;0;1;1;1
202200028450;763 248;2;0;2;8;11;1
202200028450;763 250;7;0;2;2;1;1
202200028451;763 245;7;0;2;1;1;1
202200028451;763 247;7;0;2;1;13;1
202200028452;763 244;7;0;2;3;9;1
202200028452;763 246;33;0;2;7;1;1
202200028453;763 243;7;6;0;1;15;1
202200028454;763 241;30;0;2;2;1;1
202200028454;763 242;7;0;2;6;15;1
202200028455;763 237;7;0;2;2;15;0
202200028455;763 239;32;0;2;1;1;1
202200028456;763 238;2;0;2;1;1;1
202200028456;763 240;21;0;2;2;15;1
202200028457;763 234;7;0;2;5;16;1
202200028457;763 236;50;0;2;1;1;3
202200028458;763 235;7;13;0;2;1;1
202200028459;763 231;7;0;0;0;0;1
202200028459;763 233;50;0;2;1;16;3
202200028460;763 230;7;0;2;3;1;1
202200028460;763 232;7;0;2;3;5;1
202200028461;763 229;7;14;0;2;1;1
202200028462;763 227;7;0;0;4;15;1
202200028462;763 228;10;0;2;1;2;1
202200028463;763 225;34;0;0;0;0;1
202200028463;763 226;34;0;2;7;1;0
202200028464;763 223;7;0;2;1;1;1
202200028464;763 224;7;0;2;1;13;1
202200028465;763 221;43;0;2;4;23;1
202200028465;763 222;7;0;2;1;2;1
202200028466;763 220;7;0;1;1;1;1
202200028467;763 218;33;0;2;1;3;1
202200028467;763 219;7;0;2;5;12;1
202200028468;763 217;7;0;1;1;1;1
202200028469;763 216;14;0;1;7;1;1
202200028470;763 215;7;15;0;0;0;1
202200028471;763 213;7;0;2;6;15;1
202200028471;763 214;32;0;2;2;17;1
202200028472;763 212;7;3;0;2;2;1
202200028473;763 209;80;0;1;1;5;3
202200028474;763 205;99;0;0;5;23;1
202200028474;763 207;10;1;0;3;1;1
202200028474;763 208;7;4;0;1;21;1
202200028474;763 210;17;0;0;4;1;1
202200028474;763 211;7;0;2;1;21;1
202200028475;763 204;10;0;2;3;22;3
202200028475;763 206;2;0;2;2;1;1
202200028476;763 201;20;0;1;2;16;1
202200028477;763 200;80;0;0;0;2;3
202200028478;763 198;17;0;2;5;15;6
202200028478;763 199;7;0;2;0;15;1
202200028479;763 196;7;0;2;1;1;1