Num_Acc;id_vehicule;categorie_vehicule;obstacle_fixe;obstacle_mobile;point_choc_initial;manoeuvre_principale;motorisation
202200028479;763 197;7;0;0;7;5;1
202200028480;763 195;30;0;1;2;9;1
202200028481;763 194;7;0;1;2;1;0
202200028482;763 192;7;0;2;0;13;2
202200028482;763 193;30;0;2;0;17;1
202200028483;763 187;7;3;2;2;1;1
202200028483;763 189;7;0;0;6;24;1
202200028483;763 191;7;3;0;3;21;1
202200028484;763 188;80;0;2;1;1;3
202200028484;763 190;10;0;2;2;22;1
202200028485;763 183;50;0;2;6;19;3
202200028485;763 185;32;0;2;1;1;1
202200028486;763 184;1;0;2;1;19;5
202200028486;763 186;7;0;2;3;1;1
202200028487;763 181;31;13;0;1;0;1
202200028488;763 180;7;0;2;3;1;1
202200028488;763 182;32;0;2;3;1;1
202200028489;763 179;7;2;0;4;0;1
202200028490;763 177;10;0;2;7;16;0
202200028490;763 178;30;0;2;3;16;1
202200028491;763 174;1;0;2;0;19;5
202200028491;763 176;7;0;2;0;1;1
202200028492;763 173;7;0;2;3;13;2
202200028492;763 175;7;0;2;3;1;1
202200028493;763 170;3;0;1;1;19;3
202200028494;763 171;33;0;2;0;1;1
202200028494;763 172;7;0;2;0;23;1
202200028495;763 168;7;0;2;6;9;1
202200028495;763 169;33;0;2;7;9;1
202200028496;763 165;1;0;2;7;1;5
202200028496;763 166;1;0;2;2;1;5
202200028496;763 167;7;0;2;3;9;1
202200028497;763 162;7;0;2;4;23;2
202200028497;763 163;7;1;0;1;2;1
202200028497;763 164;7;0;2;4;23;1
202200028498;763 160;7;0;2;1;5;1
202200028498;763 161;7;0;2;1;5;1
202200028499;763 158;7;0;2;1;2;1
202200028499;763 159;7;0;2;4;2;1
202200028500;763 155;7;0;2;8;9;1
202200028500;763 157;7;0;2;1;1;1
202200028501;763 154;31;0;2;3;1;1
202200028501;763 156;7;0;2;5;15;1
202200028502;763 152;15;0;1;3;1;1
202200028503;763 150;10;1;0;4;23;1
202200028503;763 151;7;1;0;5;23;1
202200028503;763 153;7;1;0;1;1;1
202200028504;763 148;7;0;1;3;1;1
202200028505;763 147;10;0;2;1;1;0
202200028505;763 149;10;0;2;4;1;2
202200028506;763 146;7;0;1;1;1;1
202200028507;763 144;10;0;2;4;2;1
202200028507;763 145;14;0;2;1;2;1
202200028508;763 141;7;0;2;1;1;1
202200028508;763 142;33;0;2;4;1;1
202200028508;763 143;1;0;2;4;25;5
202200028509;763 136;33;0;0;0;0;0
202200028509;763 138;1;0;2;0;0;5
202200028510;763 137;7;0;2;1;1;1
202200028510;763 139;7;0;2;4;1;1
202200028510;763 140;7;0;2;4;1;1
202200028511;763 135;10;0;1;2;7;1
202200028512;763 133;10;0;2;3;11;1
202200028512;763 134;7;0;2;2;1;1
202200028513;763 131;7;0;2;4;11;1
202200028513;763 132;7;0;2;1;1;1
202200028514;763 127;7;0;2;2;17;1
202200028514;763 128;7;0;2;3;11;1
202200028515;763 126;17;0;2;4;1;1
202200028515;763 129;13;0;2;1;1;1
202200028515;763 130;10;0;2;1;1;1
202200028516;763 124;7;0;2;6;2;1
202200028516;763 125;99;0;2;2;2;0
202200028517;763 120;10;0;0;8;2;0
202200028517;763 121;10;0;0;0;0;0
202200028518;763 119;7;0;2;4;1;1
202200028518;763 122;10;0;2;4;2;1
202200028518;763 123;7;0;2;1;11;1
202200028519;763 118;7;0;1;1;1;1
202200028520;763 113;50;0;2;7;1;3
202200028520;763 115;7;0;2;1;1;1
202200028521;763 114;33;0;2;7;3;1
202200028521;763 116;14;0;2;6;23;1
202200028521;763 117;10;0;2;7;23;1
202200028522;763 111;10;0;1;2;1;1
202200028523;763 109;10;0;2;4;2;1
202200028523;763 110;10;0;2;4;2;1
202200028523;763 112;10;0;2;4;1;1
202200028524;763 107;7;0;2;1;2;1
202200028524;763 108;7;0;2;4;2;1
202200028525;763 105;7;2;0;3;1;1
202200028526;763 104;10;0;2;2;14;1
202200028526;763 106;7;0;2;6;1;1
202200028527;763 102;7;0;0;6;1;1
202200028527;763 103;2;0;2;1;1;1
202200028528;763 100;99;3;2;0;26;1
202200028528;763 101;10;0;2;1;1;1
202200028529;763 097;7;0;2;9;1;1
202200028529;763 098;7;0;2;9;1;1
202200028529;763 099;7;0;2;1;1;1
202200028530;763 095;7;0;2;1;14;1
202200028530;763 096;7;0;2;8;1;1
202200028531;763 090;7;0;2;3;13;1
202200028531;763 092;7;0;2;1;1;1
202200028531;763 094;43;0;2;1;1;1
202200028532;763 091;7;0;2;4;1;0
202200028532;763 093;33;0;2;1;1;1
202200028533;763 089;7;6;0;1;1;1
202200028534;763 087;14;0;2;1;1;1
202200028534;763 088;15;0;2;4;2;1
202200028535;763 086;7;9;0;2;0;1
202200028536;763 083;7;0;2;3;2;1
202200028536;763 084;34;0;2;2;2;1
202200028537;763 082;33;0;2;2;3;1
202200028537;763 085;7;0;2;3;1;1
202200028538;763 080;7;0;2;4;2;1
202200028538;763 081;7;0;2;1;2;1
202200028539;763 076;7;0;2;1;1;1
202200028539;763 078;7;0;2;1;15;0
202200028540;763 075;7;0;2;4;1;1
202200028540;763 077;10;0;2;1;1;1
202200028541;763 073;7;2;0;1;1;1
202200028542;763 072;1;0;2;4;1;5
202200028542;763 074;7;0;2;1;9;1
202200028543;763 068;50;0;2;8;1;3
202200028543;763 069;7;0;2;2;15;1
202200028544;763 065;7;0;2;2;13;1
202200028544;763 066;31;0;2;0;13;1
202200028545;763 063;7;0;1;0;0;
202200028545;763 064;99;0;2;0;0;5
202200028546;763 062;3;16;0;9;0;1
202200028547;763 061;7;0;1;2;16;1
202200028548;763 060;36;0;0;0;1;1
202200028549;763 058;7;0;1;0;1;0
202200028550;763 057;10;0;0;8;15;1
202200028550;763 059;2;0;2;1;1;1
202200028551;763 056;36;14;0;1;0;0
202200028552;763 055;7;0;1;3;15;1
202200028553;763 054;7;0;0;0;1;1
202200028554;763 053;33;2;0;0;1;1
202200028555;763 051;10;0;2;4;1;1
202200028555;763 052;7;0;2;1;2;1
202200028556;763 050;33;13;0;0;1;1
202200028557;763 048;7;0;2;3;1;1
202200028557;763 049;33;0;2;1;1;1
202200028558;763 047;7;0;2;1;15;1
202200028559;763 046;7;13;0;1;1;1
202200028560;763 044;1;0;2;8;19;5
202200028560;763 045;7;0;2;6;1;1
202200028561;763 041;7;0;2;3;13;1
202200028561;763 042;15;0;2;6;1;1
202200028561;763 043;7;0;2;1;1;1
202200028562;763 039;7;0;2;3;1;1
202200028562;763 040;1;0;0;0;0;5
202200028563;763 037;7;0;2;1;1;1
202200028563;763 038;7;0;2;1;5;1
202200028564;763 035;7;0;2;1;16;1
202200028564;763 036;7;0;2;1;1;1
202200028565;763 033;2;0;2;1;1;1
202200028565;763 034;7;0;2;3;1;1
202200028566;763 032;7;0;1;1;15;1
202200028567;763 030;7;0;2;3;1;1
202200028567;763 031;7;0;2;3;1;1
202200028568;763 027;7;0;0;9;13;1
202200028569;763 028;7;0;2;1;13;1
202200028569;763 029;7;0;2;8;15;1
202200028570;763 024;7;0;2;7;17;1
202200028570;763 026;32;0;2;1;1;1
202200028571;763 023;7;0;2;1;21;2
202200028571;763 025;7;0;2;1;13;1
202200028572;763 019;7;15;2;3;1;1
202200028572;763 021;33;0;2;3;1;1
202200028573;763 017;7;0;2;3;1;1
202200028573;763 018;7;0;2;5;23;1
202200028573;763 020;7;0;2;4;23;6
202200028573;763 022;7;0;2;0;23;1
202200028574;763 016;33;0;0;0;1;1
202200028575;763 015;7;0;1;1;17;1
202200028576;763 014;7;2;0;2;1;1
202200028577;763 013;1;0;0;0;2;5
202200028578;763 012;7;0;0;1;1;1
202200028579;763 011;7;6;0;3;1;1
202200028580;763 009;7;0;2;2;9;1
202200028580;763 010;50;0;2;1;5;3
202200028581;763 007;2;0;2;1;1;1
202200028581;763 008;7;0;2;5;15;1
202200028582;763 005;80;0;0;2;1;3
202200028582;763 006;7;0;2;1;1;1
202200028583;763 003;1;0;0;0;1;5
202200028584;763 002;7;0;2;8;1;1
202200028584;763 004;7;0;2;1;1;1
202200028585;763 000;7;2;0;5;1;1
202200028586;762 999;31;0;2;0;17;1
202200028586;763 001;7;0;2;6;15;1
202200028587;762 998;36;15;0;1;1;1
202200028588;762 997;7;5;0;2;1;1
202200028589;762 995;31;0;2;1;13;1
202200028589;762 996;14;0;2;1;1;1
202200028590;762 992;1;0;2;4;0;5
202200028590;762 993;1;0;2;1;0;5
202200028591;762 991;7;0;2;2;15;1
202200028591;762 994;33;0;2;0;1;1
202200028592;762 989;1;0;2;4;1;5
202200028592;762 990;7;0;2;2;2;1
202200028593;762 987;10;0;2;7;15;1
202200028593;762 988;2;0;2;1;1;1
202200028594;762 985;33;0;2;3;1;1
202200028594;762 986;33;0;2;1;13;1
202200028595;762 982;7;13;0;1;19;1
202200028596;762 980;17;0;2;1;1;1
202200028596;762 981;7;0;2;9;1;1
202200028596;762 983;20;0;2;4;1;1
202200028596;762 984;10;0;2;4;1;1
202200028597;762 978;7;0;2;7;17;1
202200028597;762 979;10;0;2;1;1;1
202200028598;762 976;2;0;2;1;0;1
202200028598;762 977;7;0;2;2;0;1
202200028599;762 973;7;0;2;1;1;1
202200028599;762 974;7;0;2;8;1;1
202200028599;762 975;2;0;2;1;5;1
202200028600;762 971;2;0;0;8;1;1
202200028601;762 970;7;9;2;2;1;1
202200028601;762 972;7;0;2;3;9;1
202200028602;762 969;7;6;0;2;1;1
202200028603;762 967;7;0;9;3;16;0
202200028604;762 966;17;0;2;1;13;1
202200028604;762 968;10;0;2;1;13;1
202200028605;762 965;7;16;0;3;13;1
202200028606;762 962;7;0;2;3;13;1
202200028606;762 963;7;0;2;2;1;1
202200028607;762 961;7;0;2;3;15;1
202200028607;762 964;10;0;2;3;0;1
202200028608;762 960;33;0;6;1;1;1
202200028609;762 956;7;0;2;1;19;1
202200028609;762 959;7;0;2;1;1;1
202200028610;762 955;7;0;9;1;1;1
202200028610;762 957;10;0;9;1;1;1
202200028610;762 958;7;0;9;4;1;1
202200028611;762 953;7;0;2;1;11;2
202200028611;762 954;32;0;2;1;1;1
202200028612;762 952;7;16;0;0;0;1
202200028613;762 951;7;13;0;1;1;1
202200028614;762 950;33;3;0;0;0;1
202200028615;762 949;33;3;0;1;14;1
202200028616;762 946;7;0;2;3;9;1
202200028616;762 948;1;0;2;1;1;5
202200028617;762 943;7;0;2;1;2;1
202200028617;762 945;7;0;2;4;2;1
202200028617;762 947;7;0;2;4;2;2
202200028618;762 942;33;0;2;2;2;1
202200028618;762 944;7;0;2;3;9;1
202200028619;762 939;80;0;2;1;2;3
202200028619;762 941;33;0;2;5;23;1
202200028620;762 940;7;0;1;1;1;1
202200028621;762 938;7;13;0;3;1;1
202200028622;762 937;7;0;1;2;26;0
202200028623;762 936;7;8;0;8;1;1
202200028624;762 935;7;0;1;1;1;1
202200028625;762 933;7;0;0;1;1;1
202200028625;762 934;30;0;0;7;9;1
202200028626;762 929;7;0;2;3;1;1
202200028626;762 930;7;0;2;1;1;1
202200028626;762 932;7;0;2;1;13;1
202200028627;762 926;7;0;2;6;23;1
202200028627;762 928;7;0;2;2;15;1
202200028627;762 931;7;0;2;1;1;1
202200028628;762 925;2;0;2;7;1;1
202200028628;762 927;7;0;2;1;15;1
202200028629;762 923;7;0;0;0;0;0
202200028630;762 924;7;6;0;1;26;1
202200028631;762 921;7;9;1;2;25;1
202200028632;762 920;7;0;1;4;2;1
202200028632;762 922;7;0;2;1;2;1
202200028633;762 919;7;1;0;1;1;1
202200028634;762 915;7;0;2;4;23;1
202200028634;762 917;1;0;2;1;1;5
202200028635;762 914;10;0;2;3;1;1
202200028635;762 916;17;0;0;3;1;1
202200028636;762 913;7;1;0;2;14;1
202200028637;762 911;1;0;2;1;1;5
202200028637;762 912;7;0;9;1;11;1
202200028638;762 908;80;0;2;6;1;3
202200028638;762 910;7;0;2;1;9;1
202200028639;762 907;21;0;2;3;2;1
202200028639;762 909;7;0;2;2;2;1
202200028640;762 904;33;0;2;2;1;1
202200028640;762 906;7;0;2;1;19;1
202200028641;762 905;7;0;1;2;1;1
202200028642;762 903;2;0;0;0;0;1
202200028643;762 902;7;0;1;1;15;1
202200028644;762 900;33;0;2;7;1;1
202200028644;762 901;7;0;2;1;10;1
202200028645;762 898;7;13;0;9;1;1
202200028646;762 897;50;0;2;3;19;3
202200028646;762 899;7;0;2;2;16;1
202200028647;762 894;10;0;0;4;2;1
202200028647;762 896;33;0;2;1;2;1
202200028648;762 893;7;0;0;1;1;1
202200028648;762 895;7;0;2;7;16;1
202200028649;762 892;10;0;1;2;1;1
202200028650;762 891;7;0;1;3;15;1
202200028651;762 887;33;0;2;2;1;1
202200028651;762 889;7;0;2;2;0;1
202200028652;762 886;7;0;0;4;2;1
202200028652;762 888;7;0;2;1;2;1
202200028652;762 890;2;0;2;4;2;1
202200028653;762 885;1;0;0;1;21;5
202200028654;762 884;7;0;1;1;15;1
202200028655;762 882;7;0;1;0;0;0
202200028656;762 881;7;0;2;0;0;1
202200028656;762 883;32;0;2;8;0;1
202200028657;762 880;10;13;0;0;0;1
202200028658;762 878;7;0;2;1;1;1
202200028658;762 879;7;0;0;4;1;1
202200028659;762 876;7;0;2;4;23;1
202200028659;762 877;10;0;2;1;1;1
202200028660;762 873;7;0;1;1;26;1
202200028661;762 872;7;0;2;8;1;1
202200028661;762 874;7;0;0;1;2;1
202200028661;762 875;7;0;2;6;12;1
202200028662;762 870;7;13;0;1;1;1
202200028663;762 868;7;0;2;1;2;1
202200028663;762 869;7;0;2;4;23;1
202200028663;762 871;7;0;2;7;1;1
202200028664;762 867;7;4;0;1;16;1
202200028665;762 866;14;3;0;0;1;1
202200028666;762 864;7;0;2;1;1;1
202200028666;762 865;10;0;2;4;1;1
202200028667;762 863;7;3;2;0;0;1
202200028668;762 861;7;0;2;0;23;1
202200028668;762 862;15;0;2;0;1;1
202200028669;762 860;7;3;0;2;1;1
202200028670;762 858;7;0;2;2;15;1
202200028670;762 859;1;0;2;1;1;5
202200028671;762 856;7;0;2;4;2;1
202200028671;762 857;15;0;2;1;2;1
202200028672;762 853;10;0;2;1;2;1
202200028672;762 854;7;0;2;5;1;1
202200028673;762 852;7;0;2;1;9;1
202200028673;762 855;60;0;2;2;1;5
202200028674;762 849;7;0;2;1;2;1
202200028674;762 851;7;0;2;4;2;1
202200028675;762 846;13;0;2;0;2;1
202200028675;762 847;7;0;2;0;1;1
202200028675;762 848;7;0;2;0;0;1
202200028675;762 850;7;0;2;7;2;1
202200028676;762 845;7;0;2;1;2;1
202200028677;762 844;10;0;1;3;17;1
202200028678;762 841;7;0;1;1;1;1
202200028679;762 840;7;0;2;4;1;1
202200028679;762 842;33;0;2;7;1;1
202200028679;762 843;7;0;2;3;11;1
202200028680;762 838;7;3;0;1;1;2
202200028681;762 837;7;0;2;0;1;1
202200028681;762 839;7;0;2;8;10;1
202200028682;762 836;7;0;0;0;0;1
202200028683;762 834;7;0;2;8;9;1
202200028683;762 835;50;0;2;7;0;3
202200028684;762 833;7;8;0;2;15;1
202200028685;762 832;31;0;0;0;21;1
202200028686;762 831;7;0;1;1;1;1
202200028687;762 829;7;0;2;6;2;1
202200028687;762 830;2;0;2;1;2;1
202200028688;762 825;7;0;2;1;2;1
202200028688;762 827;7;0;2;4;2;1
202200028688;762 828;7;0;2;4;2;1
202200028689;762 826;32;0;1;1;1;1
202200028690;762 823;33;0;2;1;1;1
202200028690;762 824;7;0;2;2;15;2
202200028691;762 822;7;0;1;7;1;1
202200028692;762 819;7;0;2;3;19;1
202200028692;762 821;10;0;2;1;1;1
202200028693;762 818;7;0;2;1;2;1
202200028693;762 820;7;0;2;4;2;1
202200028694;762 816;7;0;2;1;1;1
202200028694;762 817;7;0;2;4;23;1
202200028695;762 815;7;6;0;1;1;1
202200028696;762 813;7;0;2;1;2;1
202200028696;762 814;7;0;2;6;2;1
202200028697;762 810;7;0;2;2;1;1
202200028697;762 811;1;0;2;1;13;5
202200028698;762 809;31;0;2;1;0;1
202200028698;762 812;7;5;0;6;13;1
202200028699;762 808;7;0;1;3;15;1
202200028700;762 807;7;0;1;2;1;1
202200028701;762 804;30;0;0;0;21;1
202200028701;762 806;43;0;0;0;16;1
202200028702;762 803;7;0;2;7;1;1
202200028702;762 805;13;0;2;1;1;1
202200028703;762 800;50;0;2;3;1;3
202200028703;762 802;10;0;2;2;16;1
202200028704;762 799;7;0;2;0;1;0
202200028704;762 801;99;0;2;5;1;3
202200028705;762 798;30;0;1;1;25;1
202200028706;762 795;30;0;1;7;1;1
202200028707;762 796;7;0;2;3;15;1
202200028707;762 797;60;0;2;8;1;5
202200028708;762 794;7;0;1;7;1;0
202200028709;762 793;50;0;1;1;19;3
202200028710;762 789;30;0;2;3;13;3
202200028710;762 790;7;0;2;3;1;1
202200028711;762 791;10;0;2;2;15;3
202200028711;762 792;1;0;2;3;1;5
202200028712;762 786;34;0;2;1;21;1
202200028712;762 788;7;0;2;3;15;1
202200028713;762 787;50;0;1;1;13;3
202200028714;762 782;34;0;2;8;18;1
202200028714;762 784;10;0;2;7;1;3
202200028715;762 783;7;0;2;1;16;1
202200028715;762 785;7;0;2;3;1;0
202200028716;762 780;37;0;1;7;7;1
202200028717;762 779;7;0;2;6;0;1
202200028717;762 781;7;0;2;2;21;1
202200028718;762 778;7;0;2;1;26;3
202200028719;762 777;7;0;1;1;1;1
202200028720;762 774;7;0;2;0;15;1
202200028720;762 776;33;8;2;1;9;1
202200028721;762 773;10;0;2;3;15;1
202200028721;762 775;7;0;2;2;7;1
202200028722;762 772;7;0;1;1;1;1
202200028723;762 770;7;0;2;1;1;1
202200028723;762 771;7;0;2;7;1;2
202200028724;762 767;33;0;0;1;1;1
202200028724;762 768;7;0;0;2;10;1
202200028725;762 766;33;0;2;4;26;1
202200028725;762 769;7;0;9;4;1;1
202200028726;762 764;7;0;2;3;15;1
202200028726;762 765;80;0;2;1;1;3
202200028727;762 761;7;0;2;1;1;1
202200028727;762 762;30;0;2;1;1;1
202200028728;762 759;37;1;0;2;14;1
202200028729;762 758;7;0;2;2;19;1
202200028729;762 760;33;0;2;3;21;1
202200028730;762 756;7;0;1;1;1;6
202200028731;762 753;7;0;2;1;15;1
202200028731;762 755;7;0;2;3;1;1
202200028732;762 752;30;0;2;8;15;0
202200028732;762 754;7;0;2;2;1;0
202200028733;762 751;7;3;0;2;1;3
202200028734;762 750;7;0;1;1;1;1
202200028735;762 748;10;0;2;1;9;1
202200028735;762 749;7;0;2;3;1;1
202200028736;762 746;7;0;2;2;2;1
202200028736;762 747;32;0;2;4;23;1
202200028737;762 743;43;0;2;2;3;1
202200028737;762 745;7;0;2;3;19;1
202200028738;762 742;7;0;2;4;2;2
202200028738;762 744;7;0;2;1;2;1
202200028739;762 738;10;0;2;4;0;1
202200028739;762 740;7;0;2;1;1;1
202200028739;762 741;14;0;2;1;1;1
202200028740;762 737;7;0;2;1;26;1
202200028740;762 739;7;0;2;4;15;1
202200028741;762 732;7;0;2;1;1;1
202200028741;762 734;7;0;2;8;0;1
202200028742;762 733;7;0;2;4;1;1
202200028742;762 735;7;0;2;1;1;1
202200028742;762 736;7;0;2;1;1;1
202200028743;762 730;7;0;2;1;0;1
202200028743;762 731;7;0;2;1;0;1
202200028744;762 728;7;0;2;2;26;1
202200028744;762 729;30;0;2;1;1;0
202200028745;762 727;32;0;0;8;15;1
202200028746;762 726;7;0;1;3;1;1
202200028747;762 722;50;0;2;7;1;3
202200028747;762 723;7;0;2;1;26;1
202200028748;762 721;30;0;0;7;26;1
202200028749;762 719;1;0;2;1;26;5
202200028749;762 720;7;0;2;3;9;1
202200028750;762 716;7;0;1;3;1;1
202200028751;762 713;7;0;2;1;2;1
202200028751;762 714;7;0;2;1;2;1
202200028751;762 715;7;0;2;4;2;1
202200028752;762 711;7;0;2;1;19;1
202200028752;762 712;7;0;2;3;1;1
202200028753;762 709;7;0;2;2;14;1
202200028753;762 710;7;0;2;3;2;1
202200028754;762 708;7;0;1;1;1;1
202200028755;762 706;10;0;2;1;9;1
202200028755;762 707;7;0;2;1;1;1
202200028756;762 705;7;0;1;0;2;1
202200028757;762 703;7;0;0;8;1;1
202200028757;762 704;33;1;2;8;21;1
202200028758;762 702;7;0;1;2;1;2
202200028759;762 697;7;0;1;1;26;1
202200028760;762 696;30;0;1;1;26;0
202200028761;762 694;7;0;2;2;1;1
202200028761;762 695;7;0;2;3;9;1
202200028762;762 692;10;0;2;8;16;1
202200028762;762 693;60;0;2;1;1;5
202200028763;762 690;33;0;2;1;17;0
202200028763;762 691;7;0;2;3;15;0
202200028764;762 689;7;0;1;2;20;1
202200028765;762 687;7;0;2;3;1;1
202200028765;762 688;7;0;2;2;1;1
202200028766;762 686;7;15;0;0;1;1
202200028767;762 685;7;7;0;3;15;1
202200028768;762 683;1;0;2;3;1;5
202200028768;762 684;7;0;2;1;1;1
202200028769;762 682;7;0;1;5;1;1
202200028770;762 680;32;0;2;7;17;1
202200028770;762 681;10;0;2;3;13;1
202200028771;762 678;31;0;2;1;2;1
202200028771;762 679;7;0;2;4;2;2
202200028772;762 677;2;0;1;1;1;1
202200028773;762 675;7;0;2;5;16;1
202200028773;762 676;1;0;2;1;1;5
202200028774;762 673;7;0;2;3;16;2
202200028774;762 674;30;0;2;2;17;1
202200028775;762 671;30;0;2;1;1;1
202200028775;762 672;1;0;2;1;5;5
202200028776;762 669;30;0;2;2;1;1
202200028776;762 670;1;0;2;3;15;5
202200028777;762 668;7;11;0;1;18;1
202200028778;762 666;34;0;2;1;1;1
202200028778;762 667;7;0;2;2;15;2
202200028779;762 664;7;0;2;7;1;1
202200028779;762 665;30;0;2;1;5;1
202200028780;762 662;1;0;0;4;14;5
202200028780;762 663;33;0;2;1;1;1
202200028781;762 660;17;0;2;1;13;0
202200028781;762 661;7;0;2;1;1;1
202200028782;762 658;7;0;0;8;23;1
202200028782;762 659;2;0;2;2;3;1
202200028783;762 657;7;1;0;9;1;1
202200028784;762 655;10;8;2;2;15;1
202200028784;762 656;7;8;2;7;1;1
202200028785;762 653;7;0;1;4;1;1
202200028785;762 654;7;0;2;1;2;1
202200028786;762 652;30;5;0;0;17;6
202200028787;762 650;3;0;2;1;16;1
202200028787;762 651;50;0;2;0;19;3
202200028788;762 649;32;0;1;3;1;1
202200028789;762 648;30;11;0;0;14;1
202200028790;762 645;7;0;2;1;1;1
202200028790;762 646;7;0;2;4;23;1
202200028790;762 647;33;0;2;4;23;1
202200028791;762 643;2;0;2;1;2;1
202200028791;762 644;7;0;2;3;20;1
202200028792;762 642;7;4;0;1;1;1
202200028793;762 640;2;0;2;1;1;1
202200028793;762 641;7;0;2;2;15;1
202200028794;762 637;7;0;2;9;1;1
202200028794;762 638;7;0;2;2;1;1
202200028794;762 639;33;0;2;0;17;1
202200028795;762 635;1;0;9;1;1;5
202200028795;762 636;1;0;9;4;1;5
202200028796;762 633;7;0;2;1;19;1
202200028796;762 634;7;0;2;5;1;1
202200028797;762 632;2;2;0;1;1;1
202200028798;762 631;2;12;0;1;17;1
202200028799;762 629;2;12;0;0;17;1
202200028799;762 630;7;0;0;0;13;1
202200028800;762 628;36;0;0;7;9;1
202200028801;762 627;7;0;0;9;1;1
202200028802;762 624;33;0;2;1;1;1
202200028802;762 625;7;0;2;7;15;1
202200028803;762 623;33;14;0;1;17;1
202200028804;762 621;7;0;2;2;1;1
202200028804;762 622;2;0;2;1;15;1
202200028805;762 620;7;13;0;1;1;1
202200028806;762 619;7;17;0;1;0;1
202200028807;762 618;7;6;0;3;13;1
202200028808;762 616;7;0;2;1;1;1
202200028808;762 617;2;0;2;7;1;1
202200028809;762 615;7;8;0;1;1;1
202200028810;762 612;7;0;2;8;1;1
202200028810;762 613;7;0;2;1;1;1
202200028810;762 614;7;0;2;0;17;1
202200028811;762 611;7;16;0;9;1;1
202200028812;762 609;2;0;2;1;1;1
202200028812;762 610;7;0;2;7;15;1
202200028813;762 608;7;8;0;8;1;1
202200028814;762 607;7;7;9;0;13;1
202200028815;762 606;33;0;0;0;0;1
202200028816;762 605;33;13;0;3;2;1
202200028817;762 604;33;13;0;2;1;1
202200028818;762 603;7;2;0;1;1;1
202200028819;762 601;7;0;2;2;17;1
202200028819;762 602;7;0;2;2;1;1
202200028820;762 600;7;4;0;2;1;1
202200028821;762 595;17;0;0;8;9;1
202200028821;762 596;7;0;2;6;11;1
202200028821;762 597;7;0;2;2;17;1
202200028822;762 593;7;0;2;1;1;1
202200028822;762 594;7;0;2;8;15;1
202200028823;762 591;7;0;2;1;1;1
202200028823;762 592;33;0;2;1;1;1
202200028824;762 587;33;0;2;1;1;1
202200028824;762 588;33;0;2;3;1;1
202200028824;762 589;33;0;2;7;1;1
202200028824;762 590;33;0;2;1;17;1
202200028825;762 585;10;0;0;3;15;1
202200028825;762 586;1;0;0;1;16;5
202200028826;762 584;7;0;0;2;1;1
202200028827;762 582;33;0;2;7;17;1
202200028827;762 583;10;0;2;3;15;1
202200028828;762 580;7;0;2;2;16;1
202200028828;762 581;2;0;2;1;25;1
202200028829;762 579;7;2;0;2;13;1
202200028830;762 577;32;0;2;0;1;1
202200028830;762 578;7;0;2;1;1;1
202200028831;762 575;7;0;2;3;1;1
202200028831;762 576;7;0;2;1;1;1
202200028832;762 573;30;0;2;1;1;1
202200028832;762 574;7;0;2;2;1;1
202200028833;762 571;7;0;2;3;15;1
202200028833;762 572;33;0;2;2;17;1
202200028834;762 569;14;0;9;1;19;1
202200028834;762 570;1;0;2;7;1;5
202200028835;762 568;7;0;1;4;20;1
202200028836;762 565;33;0;2;2;17;1
202200028836;762 566;7;0;2;8;1;1
202200028836;762 567;7;0;2;3;15;1
202200028837;762 564;7;0;1;1;1;1
202200028838;762 560;7;0;2;1;5;1
202200028838;762 561;99;0;2;8;21;1
202200028838;762 562;10;0;2;1;1;1
202200028838;762 563;7;0;9;1;1;1
202200028839;762 559;3;12;1;2;1;1
202200028840;762 558;2;0;0;0;0;1
202200028841;762 557;7;0;1;3;1;1
202200028842;762 556;7;1;0;9;0;1
202200028843;762 552;7;0;2;1;2;1
202200028843;762 553;7;0;2;1;2;1
202200028843;762 554;10;0;2;1;2;1
202200028843;762 555;7;0;2;4;2;1
202200028844;762 550;10;0;2;4;2;1
202200028844;762 551;7;0;2;1;2;1
202200028845;762 548;7;3;2;1;18;1
202200028845;762 549;7;0;2;8;1;1
202200028846;762 546;7;0;2;4;2;1
202200028846;762 547;7;0;2;1;2;1
202200028847;762 544;7;0;2;1;1;1
202200028847;762 545;7;0;2;4;1;1
202200028848;762 542;10;0;2;1;2;0
202200028848;762 543;10;0;2;4;2;0
202200028849;762 540;7;0;2;1;1;1
202200028849;762 541;7;0;2;4;1;1
202200028850;762 539;7;4;0;2;2;1
202200028851;762 537;7;0;2;1;2;1
202200028851;762 538;7;0;2;4;2;1
202200028852;762 536;7;4;0;1;1;0
202200028853;762 534;33;0;2;7;3;1
202200028853;762 535;7;0;2;8;11;1
202200028854;762 532;7;0;2;5;1;1
202200028854;762 533;7;8;2;1;1;1
202200028855;762 530;30;0;2;8;18;1
202200028855;762 531;7;0;2;7;14;0
202200028856;762 528;7;0;2;2;12;1
202200028856;762 529;32;0;2;8;7;1
202200028857;762 526;1;0;2;7;1;5
202200028857;762 527;7;0;2;7;1;1
202200028858;762 524;31;0;2;3;13;1
202200028858;762 525;7;0;2;3;15;1
202200028859;762 523;1;0;0;1;1;5
202200028860;762 522;1;0;1;1;16;0
202200028861;762 520;40;0;2;3;2;0
202200028861;762 521;7;0;4;1;2;1
202200028862;762 518;1;0;2;0;0;0
202200028862;762 519;7;0;2;1;15;1
202200028863;762 513;10;0;2;5;1;1
202200028863;762 514;7;0;2;6;1;1
202200028863;762 515;7;0;2;4;1;1
202200028863;762 516;7;0;2;9;0;1
202200028863;762 517;7;0;2;6;1;1
202200028864;762 512;1;0;1;1;25;0
202200028865;762 511;30;0;1;1;17;1
202200028866;762 510;7;0;5;1;1;1
202200028867;762 508;2;14;2;2;2;1
202200028867;762 509;7;0;2;2;2;1
202200028868;762 506;33;0;2;1;1;1
202200028868;762 507;7;0;2;3;1;1