Num_Acc;id_vehicule;categorie_vehicule;obstacle_fixe;obstacle_mobile;point_choc_initial;manoeuvre_principale;motorisation
202200028869;762 504;7;0;2;3;13;1
202200028869;762 505;7;15;2;3;26;1
202200028870;762 502;7;0;0;0;9;1
202200028870;762 503;2;0;0;0;21;1
202200028871;762 501;37;0;1;7;26;1
202200028872;762 499;33;0;2;1;21;1
202200028872;762 500;7;0;2;6;15;1
202200028873;762 497;7;0;2;2;15;1
202200028873;762 498;34;0;2;1;1;1
202200028874;762 493;7;9;2;1;2;1
202200028874;762 494;7;0;2;4;2;1
202200028875;762 492;7;4;0;2;14;1
202200028876;762 488;7;0;2;6;15;1
202200028876;762 489;1;0;2;1;7;5
202200028877;762 486;33;0;2;7;1;1
202200028877;762 487;10;0;2;8;19;1
202200028878;762 485;32;4;0;8;13;1
202200028879;762 484;7;15;0;2;21;1
202200028880;762 482;2;0;2;7;17;1
202200028880;762 483;7;0;2;8;2;1
202200028881;762 481;7;16;0;1;1;1
202200028882;762 478;7;14;0;4;1;1
202200028882;762 479;7;0;2;9;23;1
202200028882;762 480;10;0;0;4;1;1
202200028883;762 476;7;0;2;1;1;1
202200028883;762 477;7;0;2;8;15;1
202200028884;762 475;7;0;1;2;1;1
202200028885;762 473;7;0;2;8;20;1
202200028885;762 474;7;0;2;8;1;1
202200028886;762 470;7;0;2;4;2;1
202200028886;762 471;7;0;2;4;2;1
202200028886;762 472;7;0;2;1;2;1
202200028887;762 468;7;0;2;4;2;1
202200028887;762 469;10;0;2;1;2;1
202200028888;762 466;7;0;2;8;15;1
202200028888;762 467;7;0;2;8;1;1
202200028889;762 464;7;0;2;4;1;1
202200028889;762 465;13;0;2;1;11;1
202200028890;762 462;7;0;2;3;15;3
202200028890;762 463;1;0;2;1;5;5
202200028891;762 461;7;0;1;1;1;1
202200028892;762 459;10;0;2;1;0;1
202200028892;762 460;1;0;2;0;0;5
202200028893;762 456;7;0;2;6;15;1
202200028893;762 457;7;0;1;1;1;1
202200028893;762 458;7;0;2;6;1;1
202200028894;762 454;7;0;2;1;1;2
202200028894;762 455;7;0;2;4;1;1
202200028895;762 452;7;0;2;2;1;1
202200028895;762 453;32;0;2;9;18;1
202200028896;762 450;7;0;2;1;2;1
202200028897;762 451;32;0;0;0;3;1
202200028898;762 449;31;0;0;0;1;1
202200028899;762 446;7;0;2;1;6;1
202200028899;762 447;7;0;2;6;1;1
202200028900;762 444;7;0;2;4;2;1
202200028900;762 445;33;0;2;1;2;1
202200028901;762 448;1;0;2;0;26;5
202200028902;762 441;7;0;2;1;2;1
202200028902;762 442;1;0;2;8;2;5
202200028903;762 437;7;4;0;1;0;1
202200028904;762 439;2;0;2;4;2;1
202200028904;762 443;7;0;2;1;2;1
202200028905;762 434;7;0;2;7;15;1
202200028905;762 436;7;0;2;1;1;1
202200028906;762 433;7;0;0;3;26;0
202200028906;762 435;10;0;0;1;13;0
202200028907;762 432;1;0;0;1;1;5
202200028908;762 430;7;8;2;7;1;1
202200028908;762 431;7;0;2;1;1;1
202200028909;762 428;7;0;2;1;1;1
202200028909;762 429;33;11;2;1;1;1
202200028910;762 427;7;7;0;1;14;1
202200028911;762 425;7;0;1;1;26;1
202200028912;762 424;2;0;2;1;1;1
202200028912;762 426;7;0;2;2;15;1
202200028913;762 423;7;0;1;2;1;1
202200028914;762 421;10;0;2;7;15;1
202200028914;762 422;2;0;2;1;1;1
202200028915;762 418;31;0;2;1;13;3
202200028915;762 420;38;0;2;1;26;1
202200028916;762 417;10;0;9;3;20;1
202200028916;762 419;50;0;2;1;1;3
202200028917;762 414;30;0;2;1;5;1
202200028917;762 416;7;0;2;3;16;1
202200028918;762 413;32;0;2;1;1;1
202200028918;762 415;7;0;2;3;15;1
202200028919;762 410;2;0;2;1;5;1
202200028919;762 412;7;0;2;0;1;1
202200028920;762 409;30;0;2;2;12;1
202200028920;762 411;7;0;9;0;9;0
202200028921;762 408;7;8;0;2;16;1
202200028922;762 406;60;0;2;8;1;5
202200028922;762 407;2;0;2;1;0;0
202200028923;762 404;7;0;2;3;9;1
202200028923;762 405;50;0;2;1;19;3
202200028924;762 402;7;0;2;6;2;1
202200028924;762 403;7;0;2;2;2;1
202200028925;762 401;7;2;0;3;2;1
202200028926;762 399;10;0;2;0;0;0
202200028926;762 400;33;0;2;0;0;0
202200028927;762 397;7;0;0;0;0;1
202200028927;762 398;7;0;0;0;0;1
202200028928;762 394;15;0;2;2;12;1
202200028928;762 395;7;0;2;8;1;1
202200028929;762 393;7;0;1;3;1;1
202200028930;762 392;10;4;0;3;13;1
202200028931;762 391;7;0;1;2;15;1
202200028932;762 389;7;0;2;8;11;0
202200028932;762 390;32;0;2;7;2;1
202200028933;762 385;7;0;2;6;2;1
202200028933;762 387;32;0;2;2;2;1
202200028934;762 386;7;0;2;1;1;1
202200028934;762 388;7;0;2;1;13;1
202200028935;762 383;1;0;2;2;15;5
202200028935;762 384;43;0;2;2;15;1
202200028936;762 382;7;2;0;1;1;1
202200028937;762 380;7;0;2;4;23;1
202200028937;762 381;2;0;2;4;2;1
202200028938;762 378;7;0;2;2;1;1
202200028938;762 379;7;0;2;5;15;1
202200028939;762 376;7;0;2;8;15;1
202200028939;762 377;33;0;2;1;17;1
202200028940;762 374;50;0;2;1;1;3
202200028940;762 375;7;0;2;7;16;1
202200028941;762 373;7;0;1;1;15;1
202200028942;762 371;7;0;1;1;2;1
202200028942;762 372;2;0;2;1;2;1
202200028943;762 370;7;0;1;1;1;1
202200028944;762 368;30;0;2;4;11;1
202200028944;762 369;7;0;2;2;1;1
202200028945;762 366;80;0;2;1;1;3
202200028945;762 367;21;0;2;5;1;1
202200028946;762 364;1;0;2;6;1;5
202200028946;762 365;1;0;2;8;1;5
202200028947;762 360;34;0;2;8;1;1
202200028947;762 363;10;0;2;1;15;1
202200028948;762 357;7;0;2;1;2;3
202200028948;762 358;7;0;0;4;1;2
202200028949;762 355;32;0;1;7;7;1
202200028950;762 354;1;14;0;7;13;5
202200028951;762 352;50;0;2;1;15;3
202200028951;762 353;7;0;2;2;15;1
202200028952;762 350;7;0;2;6;1;1
202200028952;762 351;2;0;2;1;1;1
202200028953;762 346;2;0;2;1;1;1
202200028953;762 348;7;0;2;3;16;1
202200028954;762 345;7;0;2;4;2;1
202200028954;762 347;7;0;2;4;2;1
202200028954;762 349;7;0;2;1;2;1
202200028955;762 342;7;0;0;2;1;1
202200028955;762 344;32;0;0;3;1;1
202200028956;762 343;7;1;0;1;14;1
202200028957;762 340;10;0;9;5;0;1
202200028957;762 341;30;0;2;1;15;1
202200028958;762 336;31;0;2;1;17;1
202200028958;762 337;7;0;2;8;15;1
202200028959;762 334;32;12;0;2;16;1
202200028960;762 333;13;0;2;7;1;1
202200028960;762 335;2;0;2;1;1;1
202200028961;762 330;7;0;2;6;1;1
202200028961;762 332;31;0;2;1;2;1
202200028962;762 329;32;0;2;1;26;1
202200028962;762 331;7;0;2;2;15;1
202200028963;762 327;50;0;0;0;0;3
202200028964;762 326;7;0;2;3;1;2
202200028964;762 328;1;0;2;2;19;5
202200028965;762 325;7;6;0;2;1;1
202200028966;762 323;7;0;2;4;23;1
202200028966;762 324;50;0;2;1;2;3
202200028967;762 321;1;4;2;2;14;5
202200028967;762 322;34;4;2;3;18;1
202200028968;762 320;50;0;1;1;26;3
202200028969;762 318;60;0;2;8;19;5
202200028969;762 319;7;0;2;0;1;1
202200028970;762 315;7;0;2;2;15;0
202200028970;762 316;33;0;2;1;26;1
202200028971;762 313;7;0;2;1;0;1
202200028971;762 314;7;0;2;4;23;1
202200028971;762 317;7;0;2;4;23;1
202200028972;762 311;7;0;2;1;1;1
202200028972;762 312;7;0;2;4;1;1
202200028973;762 308;7;0;2;1;1;1
202200028973;762 310;2;0;2;1;15;1
202200028974;762 307;7;0;2;2;9;1
202200028974;762 309;7;0;2;5;4;1
202200028975;762 304;7;16;0;3;9;1
202200028975;762 305;34;0;2;2;1;1
202200028976;762 303;50;0;2;0;9;3
202200028976;762 306;7;0;2;1;9;1
202200028977;762 301;33;0;2;1;17;1
202200028977;762 302;10;0;2;6;15;1
202200028978;762 297;1;0;2;7;3;5
202200028978;762 299;7;0;9;8;23;1
202200028979;762 298;7;0;2;8;1;1
202200028979;762 300;1;0;2;1;19;5
202200028980;762 294;7;0;2;3;15;1
202200028980;762 296;50;0;2;1;17;3
202200028981;762 295;7;0;1;7;1;1
202200028982;762 292;10;0;1;5;0;1
202200028983;762 291;7;0;2;1;1;1
202200028983;762 293;50;0;2;8;1;3
202200028984;762 289;7;0;2;4;1;1
202200028984;762 290;7;0;2;1;1;1
202200028985;762 285;30;0;2;1;26;0
202200028985;762 287;7;0;2;8;1;0
202200028986;762 286;30;0;2;8;19;1
202200028986;762 288;7;0;2;1;1;1
202200028987;762 282;50;1;2;8;11;3
202200028987;762 284;37;0;2;7;1;1
202200028988;762 281;7;0;2;3;2;1
202200028988;762 283;7;0;2;2;15;1
202200028989;762 280;7;0;0;9;1;1
202200028990;762 278;7;0;2;2;0;1
202200028990;762 279;7;0;2;2;17;1
202200028991;762 277;32;0;1;7;21;1
202200028992;762 275;33;0;2;1;1;1
202200028992;762 276;7;0;2;1;15;1
202200028993;762 273;7;0;2;1;1;1
202200028993;762 274;7;0;2;7;12;1
202200028994;762 272;7;0;0;3;13;1
202200028995;762 268;7;0;2;2;12;1
202200028995;762 270;34;0;2;3;3;1
202200028996;762 269;2;0;2;1;2;1
202200028996;762 271;7;0;2;5;23;1
202200028997;762 266;31;0;2;0;1;1
202200028997;762 267;7;0;2;0;1;1
202200028998;762 264;10;0;2;1;2;1
202200028998;762 265;2;0;2;4;23;1
202200028999;762 263;7;3;0;1;11;1
202200029000;762 261;7;0;2;4;20;1
202200029000;762 262;7;0;2;1;2;1
202200029001;762 259;7;0;2;7;1;1
202200029001;762 260;7;0;2;1;26;1
202200029002;762 258;7;0;0;8;1;1
202200029003;762 255;7;0;2;1;2;1
202200029003;762 256;10;0;2;4;23;1
202200029004;762 257;7;16;0;0;0;1
202200029005;762 253;7;0;2;1;13;1
202200029005;762 254;7;0;2;3;1;1
202200029006;762 251;7;0;2;1;2;1
202200029006;762 252;7;0;2;4;2;1
202200029007;762 249;33;0;2;1;0;1
202200029007;762 250;7;0;2;2;15;1
202200029008;762 246;7;0;2;1;15;1
202200029008;762 247;7;0;2;4;23;1
202200029008;762 248;7;0;2;5;23;1
202200029009;762 244;2;0;2;8;1;1
202200029009;762 245;7;0;2;7;15;1
202200029010;762 243;7;0;1;1;9;1
202200029011;762 241;1;0;2;1;26;5
202200029011;762 242;7;0;0;0;0;1
202200029012;762 239;10;0;2;4;2;1
202200029012;762 240;7;0;2;1;2;1
202200029013;762 236;7;0;2;1;0;1
202200029013;762 237;7;0;2;4;1;1
202200029013;762 238;7;0;2;4;1;1
202200029014;762 234;15;0;2;4;15;1
202200029014;762 235;7;0;2;9;1;1
202200029015;762 232;10;0;2;1;13;1
202200029015;762 233;7;0;2;1;1;1
202200029016;762 230;7;0;2;2;13;1
202200029016;762 231;7;0;2;1;26;1
202200029017;762 228;7;0;2;3;11;1
202200029017;762 229;33;0;2;7;3;1
202200029018;762 225;7;0;2;4;2;1
202200029018;762 226;10;0;2;1;2;1
202200029018;762 227;10;0;2;4;2;1
202200029019;762 223;32;0;2;7;17;1
202200029019;762 224;1;0;2;8;15;5
202200029020;762 221;7;0;2;6;24;2
202200029020;762 222;1;0;2;6;9;5
202200029021;762 219;7;0;2;2;16;1
202200029021;762 220;1;0;2;1;1;5
202200029022;762 218;7;0;1;5;1;0
202200029023;762 216;32;0;2;2;1;1
202200029023;762 217;33;0;2;5;15;1
202200029024;762 214;7;0;2;2;1;1
202200029024;762 215;50;0;2;8;15;3
202200029025;762 212;1;0;2;1;9;5
202200029025;762 213;1;0;2;2;1;5
202200029026;762 210;7;0;2;3;15;1
202200029026;762 211;32;0;2;1;17;1
202200029027;762 209;7;0;1;3;1;2
202200029028;762 207;7;0;2;3;1;2
202200029028;762 208;30;0;2;4;23;1
202200029029;762 205;37;0;2;8;21;2
202200029029;762 206;50;0;2;8;5;3
202200029030;762 204;7;0;1;2;1;3
202200029031;762 203;7;0;1;6;1;1
202200029032;762 201;31;0;2;2;18;1
202200029032;762 202;7;0;2;2;16;1
202200029033;762 199;1;0;2;1;1;5
202200029033;762 200;14;0;2;2;14;1
202200029034;762 197;99;0;2;1;9;1
202200029034;762 198;33;0;2;3;1;1
202200029035;762 196;2;0;1;0;0;0
202200029036;762 195;7;0;1;8;1;1
202200029037;762 193;7;0;0;8;23;1
202200029037;762 194;1;0;2;7;0;5
202200029038;762 191;7;0;2;3;9;1
202200029038;762 192;10;0;2;2;1;1
202200029039;762 189;32;0;2;1;3;1
202200029039;762 190;7;0;2;7;15;1
202200029040;762 187;1;0;0;4;1;5
202200029040;762 188;7;0;2;2;12;1
202200029041;762 184;31;0;2;1;1;0
202200029041;762 185;7;0;2;2;15;0
202200029041;762 186;2;0;2;1;1;0
202200029042;762 183;50;0;1;1;2;3
202200029043;762 182;34;0;1;1;1;1
202200029044;762 180;7;1;0;1;1;2
202200029044;762 181;50;0;2;1;1;3
202200029045;762 178;10;0;2;8;16;1
202200029045;762 179;15;0;2;4;15;1
202200029046;762 177;7;0;1;8;15;2
202200029047;762 176;10;0;0;3;15;1
202200029048;762 174;7;0;2;1;1;1
202200029048;762 175;7;0;2;8;1;1
202200029049;762 171;7;0;1;1;1;1
202200029050;762 169;7;0;2;1;9;1
202200029050;762 170;33;0;2;1;1;1
202200029051;762 167;7;0;0;6;23;1
202200029051;762 168;7;1;0;2;2;1
202200029052;762 165;13;0;2;3;26;1
202200029052;762 166;7;0;2;3;9;1
202200029053;762 164;33;8;0;1;1;1
202200029054;762 162;7;0;2;3;9;1
202200029054;762 163;1;0;0;2;1;5
202200029055;762 160;1;0;0;7;1;5
202200029055;762 161;7;0;2;3;9;1
202200029056;762 158;7;0;2;1;1;1
202200029056;762 159;10;0;2;3;13;1
202200029057;762 156;7;0;2;8;17;1
202200029057;762 157;7;0;2;7;17;2
202200029058;762 154;7;0;2;2;17;1
202200029058;762 155;16;0;0;0;1;1
202200029059;762 151;7;0;0;4;2;1
202200029059;762 152;7;0;2;1;2;1
202200029059;762 153;7;0;2;1;2;1
202200029060;762 150;10;16;0;0;1;1
202200029061;762 149;7;2;0;3;13;1
202200029062;762 148;7;13;0;1;1;1
202200029063;762 146;33;0;2;1;1;1
202200029063;762 147;7;0;2;2;19;1
202200029064;762 144;7;0;0;6;2;1
202200029064;762 145;2;0;2;1;1;1
202200029065;762 142;7;0;2;6;20;1
202200029065;762 143;43;0;2;1;20;1
202200029066;762 141;33;3;0;1;2;1
202200029067;762 140;7;8;0;3;1;1
202200029068;762 139;33;0;0;7;1;1
202200029069;762 138;32;0;0;0;0;1
202200029070;762 137;7;2;0;1;1;2
202200029071;762 135;10;10;2;1;5;1
202200029071;762 136;7;0;2;1;5;1
202200029072;762 134;7;2;0;2;1;1
202200029073;762 132;1;0;9;0;2;5
202200029073;762 133;1;0;9;0;2;5
202200029074;762 130;7;0;0;3;1;1
202200029074;762 131;7;0;0;2;19;1
202200029075;762 128;7;0;2;3;13;1
202200029075;762 129;7;0;2;3;14;1
202200029076;762 126;50;0;0;8;23;3
202200029076;762 127;7;0;2;2;21;1
202200029077;762 124;17;0;2;6;1;1
202200029077;762 125;7;0;2;1;0;1
202200029078;762 123;31;13;0;9;1;1
202200029079;762 122;7;0;1;3;1;1
202200029080;762 120;7;0;2;1;5;1
202200029080;762 121;15;0;2;3;1;1
202200029081;762 118;17;0;2;3;13;1
202200029081;762 119;7;0;2;1;1;1
202200029082;762 116;7;0;2;2;19;1
202200029082;762 117;43;0;2;5;17;1
202200029083;762 115;15;0;0;0;0;1
202200029084;762 114;50;0;1;1;1;3
202200029085;762 113;7;3;0;3;1;1
202200029086;762 111;14;0;2;6;4;1
202200029086;762 112;2;0;2;3;1;1
202200029087;762 110;7;4;0;8;1;1
202200029088;762 108;7;0;0;5;1;1
202200029088;762 109;2;0;2;1;2;1
202200029089;762 106;7;0;2;1;1;2
202200029089;762 107;1;0;0;8;19;5
202200029090;762 104;7;0;2;3;1;2
202200029090;762 105;7;0;2;3;13;2
202200029091;762 100;7;0;2;8;1;1
202200029091;762 101;7;0;2;8;17;1
202200029091;762 102;7;0;0;0;1;1
202200029091;762 103;33;0;2;3;1;1
202200029092;762 099;7;0;0;9;1;0
202200029093;762 098;7;0;1;2;15;1
202200029094;762 097;7;2;0;9;0;1
202200029095;762 096;33;0;6;1;1;1
202200029096;762 094;36;0;2;1;1;1
202200029096;762 095;7;0;2;7;15;3
202200029097;762 089;32;0;2;8;1;1
202200029097;762 090;14;0;2;7;12;1
202200029098;762 087;7;0;2;4;2;2
202200029098;762 088;7;0;2;1;2;1
202200029099;762 085;15;0;2;0;0;1
202200029099;762 086;7;0;2;6;0;1
202200029100;762 081;7;0;2;4;1;1
202200029100;762 082;7;0;2;4;1;1
202200029100;762 083;7;0;2;6;1;1
202200029100;762 084;7;0;2;1;2;0
202200029101;762 079;7;0;2;7;12;1
202200029101;762 080;33;0;2;3;3;1
202200029102;762 077;7;0;2;1;2;0
202200029102;762 078;7;0;2;4;2;0
202200029103;762 075;32;0;2;7;26;1
202200029103;762 076;10;0;2;6;0;1
202200029104;762 073;33;0;2;3;3;1
202200029104;762 074;7;0;2;5;12;1
202200029105;762 071;33;0;2;7;17;1
202200029105;762 072;7;0;2;8;1;1
202200029106;762 070;7;0;1;9;16;
202200029107;762 069;10;2;0;3;1;1
202200029108;762 067;7;0;0;3;1;1
202200029108;762 068;10;0;2;2;1;1
202200029109;762 065;1;0;2;1;19;5
202200029109;762 066;38;0;2;2;21;1
202200029110;762 063;7;0;2;2;15;1
202200029110;762 064;50;0;0;1;1;3
202200029111;762 061;10;0;2;0;9;1
202200029111;762 062;0;0;2;0;26;0
202200029112;762 060;7;0;2;3;16;1
202200029113;762 059;33;3;0;7;1;1
202200029114;762 057;2;0;2;0;1;1
202200029114;762 058;10;0;2;0;1;1
202200029115;762 055;1;0;2;8;13;5
202200029115;762 056;1;0;2;1;17;5
202200029116;762 054;7;0;1;3;26;1
202200029117;762 053;7;6;0;2;1;1
202200029118;762 051;34;0;2;2;17;1
202200029118;762 052;7;0;2;6;15;1
202200029119;762 050;7;0;1;2;14;1
202200029120;762 048;7;0;2;0;0;1
202200029120;762 049;1;0;2;2;0;5
202200029121;762 047;7;8;0;9;14;1
202200029122;762 046;1;0;1;1;1;5
202200029123;762 044;10;0;2;1;1;1
202200029123;762 045;7;0;2;7;1;1
202200029124;762 043;14;6;0;1;1;1
202200029125;762 041;7;0;2;6;15;1
202200029125;762 042;32;0;2;1;2;1
202200029126;762 040;7;16;0;9;14;1
202200029127;762 039;7;0;0;9;0;1
202200029128;762 038;31;0;0;0;9;1
202200029129;762 037;7;0;0;0;15;1
202200029130;762 035;33;0;2;1;1;1
202200029130;762 036;7;0;2;8;15;1
202200029131;762 033;7;0;2;1;2;1
202200029131;762 034;7;1;2;4;2;1
202200029132;762 031;7;0;2;3;2;1
202200029132;762 032;7;0;2;6;0;1
202200029133;762 029;1;0;9;1;1;5
202200029133;762 030;7;0;2;3;22;1
202200029134;762 027;2;0;2;1;1;1
202200029134;762 028;7;0;2;2;19;1
202200029135;762 026;7;0;1;4;4;1
202200029136;762 024;7;0;2;1;15;1
202200029136;762 025;7;0;2;1;1;1
202200029137;762 023;7;0;1;5;20;1
202200029138;762 022;7;0;1;0;1;0
202200029139;762 020;10;0;2;1;1;0
202200029139;762 021;50;0;2;0;0;3
202200029140;762 018;7;0;2;2;15;1
202200029140;762 019;2;0;2;1;1;1
202200029141;762 016;1;0;2;0;0;5
202200029141;762 017;7;0;2;3;15;1
202200029142;762 014;0;0;2;1;9;0
202200029142;762 015;7;0;2;5;1;1
202200029143;762 013;7;0;0;9;1;1
202200029144;762 012;2;0;0;0;0;1
202200029145;762 010;7;0;2;8;1;1
202200029145;762 011;7;0;2;9;1;1
202200029146;762 008;7;0;2;1;2;1
202200029146;762 009;7;0;2;4;2;1
202200029147;762 006;7;0;2;5;10;1
202200029147;762 007;33;0;2;1;3;1
202200029148;762 003;7;0;2;5;23;1
202200029148;762 004;80;0;2;8;18;3
202200029148;762 005;7;0;2;7;23;1
202200029149;762 001;7;0;2;1;1;1
202200029149;762 002;50;0;2;7;19;3
202200029150;761 999;1;0;2;1;1;0
202200029150;762 000;7;0;2;6;15;1
202200029151;761 998;7;0;1;2;1;1
202200029152;761 997;7;0;1;1;1;1
202200029153;761 995;34;0;2;1;1;1
202200029153;761 996;3;0;2;3;0;1
202200029154;761 994;7;6;0;1;1;1
202200029155;761 992;7;0;2;8;1;1
202200029155;761 993;1;0;2;0;0;5
202200029156;761 991;33;0;0;0;0;1
202200029157;761 990;7;13;6;5;2;1
202200029158;761 989;33;17;0;0;1;1
202200029159;761 985;7;0;2;4;1;1
202200029159;761 986;10;0;2;4;1;1
202200029159;761 987;7;0;2;4;1;1
202200029159;761 988;7;0;2;1;2;2
202200029160;761 984;7;4;0;3;1;1
202200029161;761 982;7;0;2;4;2;2
202200029161;761 983;7;0;2;1;2;1
202200029162;761 980;33;0;2;1;3;1
202200029162;761 981;7;0;2;6;11;1
202200029163;761 978;7;0;2;1;2;1
202200029163;761 979;7;0;2;4;2;1
202200029164;761 975;15;0;2;1;2;1
202200029164;761 976;7;0;2;1;2;1
202200029164;761 977;7;0;2;4;2;1
202200029165;761 974;7;4;0;1;1;1
202200029166;761 970;7;0;2;2;0;1
202200029166;761 971;7;0;2;6;1;1
202200029166;761 972;7;0;2;0;1;1
202200029166;761 973;10;0;2;1;2;1
202200029167;761 968;7;0;2;0;1;1
202200029167;761 969;15;0;2;8;1;1
202200029168;761 966;7;1;0;1;2;1
202200029168;761 967;7;0;2;4;23;1
202200029169;761 964;7;0;2;8;12;1
202200029169;761 965;33;0;2;8;1;1
202200029170;761 961;10;0;2;1;21;1
202200029170;761 962;7;0;2;1;1;1
202200029170;761 963;7;0;2;1;13;1
202200029171;761 959;33;0;2;1;26;1
202200029171;761 960;3;0;2;1;19;1
202200029172;761 957;2;0;2;6;0;1
202200029172;761 958;33;0;2;6;21;1
202200029173;761 955;7;0;2;6;2;1
202200029173;761 956;7;0;2;1;1;1
202200029174;761 954;7;6;0;2;16;1
202200029175;761 953;7;0;1;2;1;1
202200029176;761 951;10;0;2;3;1;0
202200029176;761 952;1;0;2;3;1;0
202200029177;761 949;7;0;2;2;9;1
202200029177;761 950;33;0;2;4;24;1
202200029178;761 948;30;0;0;0;15;1
202200029179;761 946;50;1;2;1;21;3
202200029179;761 947;60;0;2;0;1;5
202200029180;761 945;7;9;0;3;10;1
202200029181;761 943;33;0;2;1;2;1
202200029181;761 944;7;0;2;4;15;1
202200029182;761 940;7;0;2;1;15;1
202200029182;761 941;7;0;2;2;23;1
202200029182;761 942;33;0;2;1;1;1
202200029183;761 938;3;1;2;2;20;1
202200029183;761 939;7;0;2;2;0;1
202200029184;761 936;7;0;2;3;1;1
202200029184;761 937;7;0;2;3;1;1
202200029185;761 935;50;2;0;1;26;3
202200029186;761 933;1;0;2;1;1;5
202200029186;761 934;7;0;2;3;15;1
202200029187;761 930;7;0;2;0;15;1
202200029187;761 931;7;0;2;1;1;1
202200029187;761 932;37;0;2;5;1;0
202200029188;761 929;10;0;1;1;1;1
202200029189;761 925;7;0;0;0;0;2
202200029189;761 926;7;0;2;5;0;1
202200029189;761 927;10;0;2;6;0;1
202200029189;761 928;7;0;2;3;15;1
202200029190;761 922;7;0;2;3;15;1
202200029191;761 917;7;0;2;2;6;1
202200029191;761 918;7;0;2;3;26;3
202200029191;761 919;7;0;2;8;1;1
202200029191;761 920;7;0;2;1;1;1
202200029191;761 921;7;0;2;1;1;1
202200029192;761 915;7;0;2;1;9;1
202200029192;761 916;33;0;2;2;1;1
202200029193;761 913;1;15;0;1;21;5
202200029193;761 914;7;0;0;0;0;1
202200029194;761 911;7;0;2;3;9;1
202200029194;761 912;1;0;2;7;1;5
202200029195;761 909;7;0;2;5;16;1
202200029195;761 910;1;0;2;0;1;5
202200029196;761 907;7;0;2;7;16;1
202200029196;761 908;1;0;2;1;1;5
202200029197;761 905;43;8;2;2;17;1
202200029197;761 906;10;16;0;3;15;1
202200029198;761 904;10;0;1;2;1;6
202200029199;761 902;7;0;2;2;21;1
202200029199;761 903;1;0;2;1;19;5
202200029200;761 900;1;0;2;8;1;5
202200029200;761 901;7;0;2;3;15;1
202200029201;761 899;33;6;0;0;0;1
202200029202;761 898;33;16;0;0;0;1
202200029203;761 895;33;0;2;3;15;1
202200029203;761 897;7;0;2;1;1;1
202200029204;761 894;7;0;2;1;2;1
202200029204;761 896;32;9;2;1;5;1
202200029205;761 892;1;0;9;1;2;5
202200029205;761 893;1;0;9;1;2;5
202200029206;761 891;1;7;0;1;1;5
202200029207;761 888;2;13;0;0;0;1
202200029208;761 889;7;0;2;1;2;1
202200029208;761 890;7;0;2;4;2;3
202200029209;761 886;7;13;0;0;1;1
202200029210;761 885;33;0;2;3;1;1
202200029210;761 887;7;0;2;1;15;1
202200029211;761 882;7;0;2;5;6;1
202200029211;761 884;13;0;2;2;1;1
202200029212;761 881;21;0;2;2;15;1
202200029212;761 883;1;0;2;1;1;5
202200029213;761 880;33;0;0;8;1;1
202200029214;761 877;10;0;2;1;0;1
202200029214;761 878;10;0;2;1;0;1
202200029214;761 879;7;0;2;1;0;1
202200029215;761 876;7;0;1;2;1;1
202200029216;761 875;7;6;0;1;5;1
202200029217;761 873;35;12;0;3;13;1
202200029218;761 871;30;0;2;1;1;1
202200029218;761 874;7;0;2;2;1;2
202200029219;761 870;2;0;2;0;0;1
202200029219;761 872;7;0;2;0;0;1
202200029220;761 865;7;0;2;8;0;0
202200029220;761 866;7;0;2;2;1;1
202200029221;761 864;10;0;0;6;18;1
202200029221;761 867;7;0;0;4;15;1
202200029221;761 869;7;0;2;1;1;1
202200029222;761 862;14;0;2;2;2;0
202200029222;761 863;10;1;0;6;2;1
202200029222;761 868;7;1;0;0;2;1
202200029223;761 861;7;13;0;2;1;1
202200029224;761 860;33;15;1;1;1;1
202200029225;761 858;7;0;1;2;1;1
202200029226;761 856;7;0;2;3;26;1
202200029226;761 857;7;0;2;2;26;1
202200029227;761 855;1;0;2;2;1;5
202200029227;761 859;7;0;2;6;9;1
202200029228;761 853;7;15;0;4;23;1
202200029228;761 854;7;1;0;1;25;0
202200029229;761 851;1;0;0;3;19;5
202200029229;761 852;7;0;0;2;16;1
202200029230;761 850;34;0;1;1;1;1
202200029231;761 849;7;0;1;2;2;1
202200029232;761 848;2;13;0;1;1;1
202200029233;761 846;7;0;2;6;11;1
202200029233;761 847;33;0;2;1;3;1
202200029234;761 843;7;0;0;0;13;1
202200029234;761 844;2;6;0;1;21;1
202200029235;761 840;7;0;2;3;1;1
202200029235;761 842;33;0;2;7;1;1
202200029236;761 841;7;0;2;5;15;1
202200029236;761 845;7;0;2;1;1;1
202200029237;761 839;7;2;0;1;1;1
202200029238;761 835;34;0;2;8;17;1
202200029238;761 838;2;0;2;8;11;1
202200029239;761 833;1;0;2;0;15;5
202200029239;761 837;7;0;2;2;1;1
202200029240;761 832;7;0;2;4;2;1
202200029240;761 834;10;0;2;1;2;1
202200029240;761 836;7;0;2;1;2;1
202200029241;761 830;32;0;2;1;2;1
202200029241;761 831;7;0;2;3;15;1
202200029242;761 826;7;0;2;1;13;1
202200029242;761 827;7;0;2;1;1;1
202200029243;761 824;7;0;2;2;11;1
202200029243;761 828;7;0;2;6;1;1
202200029243;761 829;10;0;2;8;23;1
202200029244;761 825;7;4;0;1;16;1
202200029245;761 822;7;0;2;3;17;1
202200029245;761 823;7;0;2;3;1;1
202200029246;761 819;32;0;2;3;10;1
202200029246;761 820;80;9;2;3;1;3
202200029247;761 818;7;13;0;3;1;1
202200029248;761 817;7;0;2;3;1;1
202200029248;761 821;7;0;2;1;13;1
202200029249;761 816;37;0;1;5;15;1
202200029250;761 815;7;2;0;1;2;1
202200029251;761 813;7;0;1;7;16;1