Num_Acc;id_vehicule;categorie_vehicule;obstacle_fixe;obstacle_mobile;point_choc_initial;manoeuvre_principale;motorisation
202200029252;761 811;7;0;2;1;13;1
202200029252;761 812;7;0;2;3;1;1
202200029253;761 810;7;0;2;4;23;1
202200029253;761 814;7;0;2;1;3;1
202200029254;761 808;30;0;2;1;1;1
202200029254;761 809;7;0;2;3;1;1
202200029255;761 805;7;0;2;4;2;1
202200029255;761 807;10;0;2;1;2;1
202200029256;761 804;7;0;2;7;12;1
202200029256;761 806;33;0;2;8;3;1
202200029257;761 802;50;0;1;8;1;3
202200029258;761 801;30;0;2;1;1;0
202200029258;761 803;7;0;2;2;15;0
202200029259;761 797;30;0;0;2;1;1
202200029260;761 799;7;0;2;1;13;1
202200029260;761 800;7;0;2;2;24;2
202200029261;761 796;7;0;2;1;1;2
202200029261;761 798;7;0;2;1;13;1
202200029262;761 794;7;0;2;4;1;2
202200029262;761 795;32;0;2;1;1;1
202200029263;761 790;2;0;2;1;16;0
202200029263;761 792;7;0;9;2;1;1
202200029264;761 791;50;0;2;1;2;3
202200029264;761 793;80;0;2;4;2;3
202200029265;761 788;34;0;2;2;1;1
202200029265;761 789;7;0;2;3;13;1
202200029266;761 786;7;0;0;4;0;2
202200029266;761 787;33;0;2;1;26;1
202200029267;761 783;7;0;2;3;2;0
202200029267;761 784;80;0;2;4;20;3
202200029268;761 785;7;0;1;2;1;1
202200029269;761 780;7;0;2;1;1;1
202200029269;761 782;34;0;2;1;1;1
202200029270;761 779;30;0;1;3;25;1
202200029271;761 778;7;0;2;2;15;1
202200029271;761 781;2;0;2;1;1;1
202200029272;761 775;50;0;2;1;17;3
202200029272;761 777;7;0;2;3;1;1
202200029273;761 774;7;0;2;7;17;1
202200029273;761 776;1;0;2;8;1;5
202200029274;761 773;7;0;1;3;1;1
202200029275;761 771;10;0;2;3;15;1
202200029275;761 772;33;0;2;2;1;1
202200029276;761 770;7;0;1;1;1;1
202200029277;761 769;7;0;1;3;9;1
202200029278;761 768;14;0;1;1;1;1
202200029279;761 767;7;1;0;2;14;0
202200029280;761 766;7;0;1;2;7;2
202200029281;761 765;7;2;0;1;1;1
202200029282;761 762;30;0;2;3;2;1
202200029282;761 764;7;12;2;3;14;3
202200029283;761 761;7;0;2;2;15;1
202200029283;761 763;32;0;2;3;1;1
202200029284;761 759;32;0;2;1;17;1
202200029284;761 760;7;0;2;2;15;1
202200029285;761 757;1;0;2;1;2;5
202200029285;761 758;7;0;9;4;2;1
202200029286;761 755;33;0;6;1;0;1
202200029287;761 753;7;8;2;1;17;1
202200029287;761 756;50;0;2;4;13;3
202200029288;761 752;33;0;9;1;2;1
202200029288;761 754;80;0;2;4;1;3
202200029289;761 747;30;0;2;7;17;1
202200029289;761 750;7;0;2;3;15;1
202200029290;761 746;7;0;2;3;0;1
202200029290;761 749;2;0;2;1;26;1
202200029291;761 748;33;0;2;1;23;1
202200029291;761 751;30;0;2;1;13;1
202200029292;761 745;10;1;0;3;1;1
202200029293;761 744;7;2;0;7;14;1
202200029294;761 742;7;0;1;3;1;1
202200029295;761 741;7;0;2;3;1;1
202200029295;761 743;50;0;2;1;1;3
202200029296;761 738;7;0;1;1;9;0
202200029297;761 737;60;0;2;8;19;5
202200029297;761 739;7;0;2;8;1;2
202200029298;761 736;7;0;0;6;1;1
202200029298;761 740;7;0;2;1;1;1
202200029299;761 735;7;0;1;7;1;1
202200029300;761 734;7;13;0;8;13;3
202200029301;761 732;7;0;2;3;15;1
202200029301;761 733;34;0;2;8;13;1
202200029302;761 729;7;0;2;2;15;1
202200029302;761 731;31;0;2;1;1;1
202200029303;761 728;7;0;2;1;15;1
202200029303;761 730;33;0;2;1;1;1
202200029304;761 727;10;0;1;4;20;3
202200029305;761 725;7;0;2;3;4;1
202200029305;761 726;7;0;2;2;2;1
202200029306;761 723;7;0;2;3;15;1
202200029306;761 724;33;0;2;1;1;1
202200029307;761 720;7;0;2;3;15;1
202200029307;761 722;1;0;2;1;1;5
202200029308;761 719;10;0;2;8;13;1
202200029308;761 721;33;0;2;7;14;1
202200029309;761 717;30;14;0;1;1;1
202200029310;761 716;7;0;2;3;15;1
202200029310;761 718;33;0;0;6;1;1
202200029311;761 715;30;0;0;0;1;3
202200029312;761 713;7;5;0;1;1;1
202200029313;761 712;10;0;2;3;1;1
202200029313;761 714;2;0;2;3;1;1
202200029314;761 710;7;0;2;2;1;1
202200029314;761 711;1;0;2;1;15;5
202200029315;761 708;1;0;2;3;0;5
202200029315;761 709;7;0;9;7;1;1
202200029316;761 704;7;0;2;2;17;1
202200029316;761 706;7;0;2;3;10;1
202200029317;761 703;7;0;2;1;17;1
202200029317;761 705;7;0;2;8;1;1
202200029317;761 707;10;0;2;4;1;1
202200029318;761 699;16;0;0;0;15;1
202200029319;761 698;7;0;2;1;2;1
202200029319;761 701;7;0;2;4;1;0
202200029319;761 702;7;0;2;4;1;1
202200029320;761 693;7;0;2;4;1;1
202200029320;761 695;7;0;2;1;1;1
202200029321;761 692;7;13;0;3;1;2
202200029322;761 697;7;0;2;1;9;1
202200029322;761 700;1;0;2;4;9;5
202200029323;761 691;33;0;0;1;17;1
202200029324;761 690;7;0;1;2;0;1
202200029325;761 686;33;0;2;3;1;1
202200029325;761 689;7;0;2;7;1;1
202200029326;761 685;7;0;2;8;15;0
202200029326;761 687;33;0;2;7;17;1
202200029327;761 684;10;14;2;2;19;1
202200029327;761 688;1;14;0;7;19;5
202200029328;761 683;17;4;0;9;1;1
202200029329;761 681;7;0;2;1;2;1
202200029329;761 682;10;0;2;4;2;1
202200029330;761 677;10;0;1;2;1;1
202200029331;761 678;7;0;2;2;15;1
202200029331;761 680;32;0;2;1;1;1
202200029332;761 676;7;0;2;4;2;1
202200029332;761 679;7;0;2;1;2;1
202200029333;761 673;7;0;0;8;21;1
202200029334;761 672;7;0;0;6;2;1
202200029334;761 675;7;0;2;2;2;1
202200029335;761 671;7;0;0;0;0;1
202200029335;761 674;7;0;2;2;26;1
202200029336;761 668;10;0;2;3;2;1
202200029336;761 670;10;0;2;5;2;1
202200029337;761 667;33;0;2;3;18;0
202200029337;761 669;7;0;2;2;16;1
202200029338;761 665;7;0;9;4;1;3
202200029338;761 666;1;0;2;1;1;5
202200029339;761 663;14;8;0;2;1;1
202200029340;761 662;7;0;2;4;2;1
202200029340;761 664;34;0;2;8;3;1
202200029341;761 659;7;13;0;1;1;1
202200029342;761 661;10;0;1;2;15;6
202200029343;761 658;7;0;2;4;2;1
202200029343;761 660;7;0;2;4;0;3
202200029344;761 654;38;0;2;1;1;1
202200029344;761 657;3;0;2;1;5;1
202200029345;761 656;7;4;0;0;1;1
202200029346;761 655;30;0;1;7;19;1
202200029347;761 653;7;0;0;0;0;1
202200029348;761 651;33;0;0;1;1;1
202200029349;761 652;32;0;1;1;1;1
202200029350;761 649;37;0;2;2;15;1
202200029350;761 650;30;0;2;8;1;1
202200029351;761 641;7;0;2;2;15;2
202200029351;761 644;33;0;2;3;1;1
202200029352;761 638;7;0;2;3;23;1
202200029352;761 640;7;0;2;6;23;1
202200029352;761 643;7;0;2;4;23;1
202200029352;761 645;7;0;2;1;1;1
202200029353;761 637;7;0;2;4;2;1
202200029353;761 639;7;0;2;4;2;1
202200029353;761 642;7;0;2;1;2;1
202200029353;761 646;7;0;2;1;2;1
202200029353;761 647;7;0;2;1;2;1
202200029353;761 648;7;0;2;1;2;1
202200029354;761 636;3;0;1;3;15;1
202200029355;761 633;7;0;2;3;13;0
202200029355;761 635;7;0;2;3;1;1
202200029356;761 632;7;0;2;7;12;1
202200029356;761 634;33;0;2;6;3;1
202200029357;761 628;7;2;2;0;1;6
202200029357;761 630;7;0;2;8;1;1
202200029357;761 631;7;0;2;8;1;1
202200029358;761 626;7;0;2;5;1;1
202200029358;761 627;7;0;2;3;0;1
202200029359;761 622;32;0;2;1;12;1
202200029359;761 623;33;0;2;8;1;1
202200029360;761 624;14;0;1;5;4;1
202200029361;761 621;7;0;2;1;1;1
202200029361;761 625;7;0;2;3;23;1
202200029361;761 629;7;0;2;1;9;1
202200029362;761 619;10;0;1;4;4;1
202200029363;761 615;7;0;2;1;1;1
202200029363;761 617;7;0;2;1;1;1
202200029363;761 620;7;0;2;4;1;1
202200029364;761 613;7;0;1;1;1;1
202200029365;761 612;33;0;2;1;17;1
202200029365;761 614;7;0;2;6;1;1
202200029365;761 618;7;0;2;3;1;1
202200029366;761 611;7;0;1;1;1;1
202200029367;761 609;2;0;2;1;1;1
202200029367;761 610;10;0;2;3;2;1
202200029368;761 607;7;1;1;1;24;1
202200029369;761 608;7;0;1;5;4;1
202200029370;761 605;7;6;2;3;1;1
202200029370;761 606;7;0;2;3;14;1
202200029371;761 604;7;0;1;4;4;1
202200029372;761 602;33;0;0;0;0;1
202200029373;761 600;7;4;0;9;14;1
202200029374;761 601;2;0;2;1;1;1
202200029374;761 603;7;0;0;1;15;1
202200029375;761 599;2;0;9;8;1;1
202200029376;761 596;1;15;2;1;1;5
202200029376;761 597;10;0;9;3;1;1
202200029377;761 593;7;0;2;1;15;1
202200029377;761 594;7;0;2;7;1;1
202200029378;761 592;10;1;1;2;1;1
202200029379;761 590;2;5;0;7;26;1
202200029380;761 591;33;0;0;0;0;1
202200029381;761 586;7;0;1;2;1;1
202200029382;761 584;7;13;0;1;16;1
202200029383;761 585;38;0;2;2;17;1
202200029383;761 588;21;2;2;3;14;1
202200029384;761 583;7;0;0;2;26;1
202200029385;761 582;7;4;0;2;0;1
202200029386;761 581;32;0;0;0;1;1
202200029387;761 577;7;0;2;3;13;1
202200029387;761 580;7;0;2;3;1;1
202200029388;761 576;37;0;2;2;7;2
202200029388;761 579;7;14;2;3;10;1
202200029389;761 571;7;0;2;1;17;1
202200029389;761 573;7;0;2;1;1;1
202200029390;761 570;7;0;2;5;2;2
202200029390;761 572;10;0;2;9;2;1
202200029390;761 574;7;3;2;4;2;1
202200029390;761 575;7;0;2;1;1;1
202200029391;761 569;7;4;0;1;13;1
202200029392;761 568;10;6;0;2;15;1
202200029393;761 566;7;0;2;1;1;1
202200029393;761 567;32;0;0;4;1;1
202200029394;761 563;7;0;0;9;1;1
202200029395;761 564;7;0;9;1;1;1
202200029395;761 565;1;0;2;8;19;5
202200029396;761 562;7;2;0;9;14;1
202200029397;761 559;7;4;0;3;1;1
202200029398;761 558;33;0;0;0;17;1
202200029398;761 561;10;0;0;0;17;1
202200029399;761 557;7;0;2;3;15;1
202200029399;761 560;2;0;2;1;17;1
202200029400;761 556;7;8;0;8;1;1
202200029401;761 551;7;0;2;1;1;1
202200029401;761 555;10;0;2;7;1;1
202200029402;761 549;1;0;2;3;1;5
202200029402;761 552;10;0;2;3;1;1
202200029403;761 548;7;0;2;4;23;1
202200029403;761 550;7;0;2;1;2;1
202200029403;761 553;7;0;2;1;2;1
202200029403;761 554;7;0;2;1;2;1
202200029404;761 547;2;0;0;9;1;1
202200029405;761 545;7;0;2;2;4;1
202200029405;761 546;2;0;2;1;1;1
202200029406;761 542;40;0;2;1;1;0
202200029406;761 544;7;0;4;4;23;1
202200029407;761 543;7;2;0;1;1;1
202200029408;761 538;10;0;0;1;0;1
202200029408;761 541;7;0;2;1;26;1
202200029409;761 536;10;0;2;4;1;1
202200029409;761 539;7;0;2;2;1;2
202200029410;761 537;7;0;0;8;1;1
202200029410;761 540;7;0;2;1;1;1
202200029411;761 535;33;3;0;1;0;1
202200029412;761 531;33;6;0;0;1;1
202200029413;761 534;7;0;1;7;9;1
202200029414;761 532;2;0;2;1;1;1
202200029414;761 533;7;0;2;2;16;1
202200029415;761 527;7;0;2;2;15;1
202200029415;761 530;2;0;2;1;1;1
202200029416;761 526;7;0;2;3;13;1
202200029416;761 529;21;0;2;6;1;1
202200029417;761 525;7;0;2;8;1;1
202200029417;761 528;7;0;2;1;1;1
202200029418;761 524;7;0;1;1;15;1
202200029419;761 523;7;2;0;2;1;1
202200029420;761 521;7;1;2;0;0;1
202200029420;761 522;7;0;2;0;0;1
202200029421;761 520;34;0;0;8;0;1
202200029422;761 518;31;8;0;1;26;1
202200029423;761 517;7;13;0;1;1;1
202200029424;761 516;10;0;2;3;19;1
202200029424;761 519;33;0;2;1;1;1
202200029425;761 514;7;8;0;3;1;1
202200029426;761 512;7;0;0;6;15;1
202200029426;761 515;33;0;2;0;17;1
202200029427;761 511;2;0;2;1;1;1
202200029427;761 513;7;0;2;2;1;1
202200029428;761 509;7;6;0;0;15;1
202200029429;761 508;7;0;2;1;2;1
202200029429;761 510;7;0;2;4;2;1
202200029430;761 506;7;0;2;1;1;1
202200029430;761 507;7;0;2;7;15;1
202200029431;761 501;33;0;2;4;21;1
202200029431;761 504;7;0;2;3;1;1
202200029432;761 502;7;0;2;3;13;1
202200029432;761 503;7;0;2;3;1;1
202200029432;761 505;7;0;2;6;2;1
202200029433;761 499;38;0;2;5;26;1
202200029433;761 500;33;0;2;1;2;1
202200029434;761 495;7;0;2;3;1;1
202200029434;761 497;7;0;2;3;17;1
202200029435;761 494;7;0;2;1;2;1
202200029435;761 496;10;0;2;1;2;1
202200029435;761 498;10;0;2;4;1;1
202200029436;761 491;7;0;1;1;21;1
202200029437;761 492;7;0;2;2;17;1
202200029437;761 493;33;0;2;1;1;1
202200029438;761 487;7;0;2;1;2;1
202200029438;761 488;7;0;2;4;2;1
202200029438;761 489;7;0;2;4;2;1
202200029438;761 490;10;0;2;4;2;1
202200029439;761 484;7;0;2;3;15;1
202200029439;761 486;7;0;2;1;2;1
202200029440;761 483;7;4;0;1;1;1
202200029441;761 485;7;8;0;2;14;1
202200029442;761 480;7;0;2;1;15;1
202200029442;761 482;33;0;2;8;1;1
202200029443;761 478;10;0;2;4;2;1
202200029443;761 479;33;0;2;8;3;1
202200029443;761 481;10;0;2;1;21;1
202200029444;761 475;33;0;2;1;2;1
202200029444;761 477;7;0;2;8;10;1
202200029445;761 476;7;0;1;2;9;1
202200029446;761 473;7;0;2;6;2;1
202200029446;761 474;7;0;2;2;1;1
202200029447;761 471;7;0;0;7;16;1
202200029448;761 469;7;0;2;5;12;0
202200029448;761 470;32;0;2;1;1;0
202200029449;761 467;7;12;0;0;1;1
202200029450;761 463;50;0;2;1;25;3
202200029450;761 465;7;1;2;1;26;1
202200029451;761 462;7;0;2;4;2;0
202200029451;761 464;7;0;2;1;2;1
202200029452;761 459;7;;2;;0;
202200029452;761 461;32;0;2;4;2;1
202200029453;761 457;10;0;2;4;23;1
202200029453;761 458;7;1;0;1;1;1
202200029454;761 454;7;0;2;2;16;1
202200029454;761 455;7;0;2;3;1;1
202200029455;761 456;7;0;0;3;20;1
202200029455;761 460;31;0;2;1;1;1
202200029456;761 452;31;0;2;1;1;1
202200029456;761 453;10;0;2;4;1;1
202200029457;761 447;2;0;2;1;1;1
202200029457;761 450;2;0;2;1;5;1
202200029458;761 446;7;0;2;3;13;1
202200029458;761 448;7;0;2;3;1;1
202200029458;761 451;3;0;2;1;1;3
202200029459;761 444;7;0;2;0;0;1
202200029459;761 445;30;0;2;0;0;1
202200029460;761 443;7;4;0;3;21;1
202200029461;761 440;33;6;0;1;14;1
202200029462;761 442;1;0;1;1;17;5
202200029463;761 439;32;0;2;1;1;1
202200029463;761 441;7;0;2;3;1;1
202200029464;761 438;30;14;0;5;1;1
202200029465;761 437;1;0;0;0;21;5
202200029466;761 435;30;0;0;7;21;1
202200029467;761 433;34;0;0;7;16;1
202200029468;761 432;30;0;1;0;1;1
202200029469;761 434;7;8;2;8;15;1
202200029469;761 436;10;0;2;1;1;0
202200029470;761 426;30;0;2;1;18;1
202200029470;761 428;7;0;2;7;15;2
202200029471;761 429;7;0;2;3;10;1
202200029471;761 430;50;0;2;1;1;3
202200029472;761 427;7;0;2;3;1;1
202200029472;761 431;15;3;0;1;1;1
202200029473;761 424;7;0;2;3;10;1
202200029473;761 425;32;0;2;7;1;1
202200029474;761 418;31;0;2;1;1;1
202200029474;761 419;60;0;2;8;19;5
202200029475;761 420;7;0;2;1;14;1
202200029475;761 422;7;5;2;3;13;1
202200029476;761 421;50;0;2;2;1;3
202200029476;761 423;10;0;2;3;22;1
202200029477;761 416;7;0;2;5;14;1
202200029477;761 417;30;0;2;1;1;3
202200029478;761 415;1;0;1;1;16;5
202200029479;761 411;1;0;2;1;1;5
202200029479;761 412;7;0;2;8;22;2
202200029480;761 410;1;0;2;2;17;5
202200029480;761 413;1;0;2;8;1;5
202200029481;761 407;30;0;2;2;5;3
202200029481;761 408;7;0;2;3;1;1
202200029482;761 406;17;0;0;4;2;1
202200029482;761 409;10;3;2;1;2;1
202200029483;761 403;80;0;2;1;1;3
202200029483;761 405;7;0;2;8;1;1
202200029484;761 402;7;0;2;2;9;1
202200029484;761 404;33;0;2;1;21;1
202200029485;761 400;7;0;2;3;13;1
202200029485;761 401;13;0;2;3;1;1
202200029486;761 397;2;0;2;4;0;1
202200029486;761 398;10;0;2;3;0;1
202200029487;761 396;1;0;2;8;1;5
202200029487;761 399;33;0;2;1;1;1
202200029488;761 393;30;0;0;8;15;1
202200029489;761 392;7;0;2;8;24;1
202200029489;761 394;30;1;0;7;21;1
202200029490;761 391;7;0;2;3;1;1
202200029490;761 395;33;0;2;1;1;1
202200029491;761 389;33;0;2;1;1;1
202200029491;761 390;10;0;2;3;15;1
202200029492;761 388;7;8;0;1;0;1
202200029493;761 386;15;0;2;3;13;1
202200029493;761 387;7;3;2;9;17;1
202200029494;761 385;10;9;0;1;2;0
202200029495;761 383;7;0;2;0;26;1
202200029495;761 384;7;0;2;4;0;1
202200029496;761 380;7;0;2;5;1;1
202200029496;761 382;2;0;2;1;1;1
202200029497;761 378;37;0;2;2;14;2
202200029497;761 381;1;0;0;4;2;5
202200029498;761 373;10;0;2;7;16;1
202200029498;761 375;31;0;2;7;16;3
202200029499;761 374;50;0;2;0;5;3
202200029499;761 376;7;0;2;0;0;1
202200029500;761 368;7;0;9;1;21;1
202200029500;761 369;7;0;2;8;0;1
202200029500;761 371;7;0;2;4;23;1
202200029501;761 367;10;0;1;1;2;1
202200029502;761 370;7;0;2;2;10;1
202200029502;761 372;33;0;2;1;1;1
202200029503;761 363;60;0;2;7;12;5
202200029503;761 366;7;0;2;8;9;2
202200029504;761 362;7;0;2;3;13;1
202200029504;761 365;37;0;2;3;1;1
202200029505;761 361;80;1;0;1;1;3
202200029505;761 364;10;0;0;6;24;1
202200029506;761 359;7;1;0;2;1;1
202200029507;761 357;7;0;2;5;2;2
202200029507;761 360;30;0;2;1;2;1
202200029508;761 356;7;0;2;3;1;1
202200029508;761 358;7;0;2;3;13;2
202200029509;761 355;1;0;1;1;1;5
202200029510;761 354;7;1;1;2;0;1
202200029511;761 348;7;0;2;1;0;1
202200029511;761 351;7;0;2;4;20;1
202200029512;761 347;30;0;2;1;1;1
202200029512;761 349;7;0;2;6;0;1
202200029512;761 352;7;0;2;0;0;1
202200029513;761 350;1;0;2;4;2;5
202200029513;761 353;7;0;2;1;9;1
202200029514;761 345;7;0;0;2;1;1
202200029515;761 343;7;0;2;2;9;0
202200029515;761 346;99;0;2;1;25;0
202200029516;761 342;50;0;2;1;1;3
202200029516;761 344;1;0;2;7;19;5
202200029517;761 340;15;0;1;3;1;1
202200029518;761 338;33;12;0;1;1;1
202200029518;761 341;7;0;2;3;9;1
202200029519;761 339;7;0;1;1;1;1
202200029520;761 336;7;0;2;7;9;1
202200029520;761 337;2;0;2;1;1;1
202200029521;761 335;7;0;1;2;1;1
202200029522;761 333;7;0;2;1;9;1
202200029522;761 334;15;0;0;5;1;1
202200029523;761 330;7;0;2;2;1;1
202200029523;761 332;7;0;2;3;16;1
202200029524;761 329;7;0;2;3;16;1
202200029524;761 331;2;0;2;1;1;1
202200029525;761 325;2;0;2;7;15;1
202200029525;761 327;14;0;2;2;1;1
202200029526;761 324;33;0;2;8;18;1
202200029526;761 326;7;0;2;7;14;1
202200029527;761 323;7;2;0;3;14;1
202200029528;761 320;33;0;2;3;10;1
202200029528;761 322;33;0;2;1;1;1
202200029529;761 319;32;0;2;1;9;1
202200029529;761 321;7;0;0;6;9;3
202200029530;761 318;7;17;0;2;1;1
202200029531;761 315;7;0;2;2;9;1
202200029531;761 317;2;0;0;8;1;1
202200029532;761 314;33;8;0;8;1;1
202200029533;761 313;30;0;2;1;26;1
202200029533;761 316;7;0;2;8;19;1
202200029534;761 312;2;16;0;0;26;1
202200029535;761 308;7;0;2;4;0;1
202200029535;761 311;2;0;2;1;1;1
202200029536;761 307;2;0;2;8;15;1
202200029536;761 310;7;0;2;7;17;1
202200029537;761 306;7;0;2;1;5;1
202200029537;761 309;33;0;2;8;0;1
202200029538;761 303;7;13;0;0;0;1
202200029539;761 302;2;0;2;1;1;1
202200029539;761 305;7;0;2;2;1;1
202200029540;761 301;7;0;0;2;1;1
202200029540;761 304;2;0;2;1;1;1
202200029541;761 298;7;0;9;1;1;1
202200029541;761 300;80;0;2;2;15;3
202200029542;761 296;17;0;2;6;1;1
202200029542;761 299;7;0;2;2;17;1
202200029543;761 295;10;0;0;3;26;1
202200029543;761 297;7;0;0;1;1;1
202200029544;761 293;7;0;2;8;1;1
202200029544;761 294;33;0;2;3;1;1
202200029545;761 292;7;4;0;0;1;1
202200029546;761 287;33;0;2;1;13;1
202200029546;761 289;7;0;2;1;1;1
202200029547;761 291;10;2;0;1;1;1
202200029548;761 284;10;0;2;1;2;1
202200029548;761 285;10;0;2;4;23;1
202200029548;761 286;7;0;2;4;23;3
202200029549;761 279;10;0;2;1;1;1
202200029549;761 280;10;0;2;4;1;1
202200029549;761 282;7;0;2;4;1;1
202200029550;761 281;2;15;0;0;18;1
202200029551;761 278;2;0;0;1;17;1
202200029551;761 283;7;0;0;1;1;1
202200029552;761 276;7;0;2;5;2;1
202200029552;761 277;34;0;2;1;2;1
202200029553;761 275;7;13;0;0;0;1
202200029554;761 272;7;0;2;4;2;1
202200029554;761 274;10;0;2;1;1;1
202200029555;761 271;7;0;2;3;1;1
202200029555;761 273;7;0;2;1;13;1
202200029556;761 269;10;0;0;0;1;1
202200029556;761 270;31;0;9;1;3;3
202200029557;761 268;7;15;0;3;1;1
202200029558;761 265;7;0;2;6;1;1
202200029558;761 266;7;0;2;2;1;2
202200029559;761 263;7;0;2;3;13;2
202200029559;761 264;7;0;2;2;13;1
202200029560;761 262;7;15;0;1;1;1
202200029561;761 261;15;9;0;2;6;1
202200029562;761 259;31;0;0;1;1;1
202200029563;761 260;7;4;0;1;14;1
202200029564;761 255;33;0;2;1;1;1
202200029564;761 257;7;0;2;1;1;1
202200029565;761 253;7;0;2;1;9;1
202200029565;761 256;2;0;2;7;12;1
202200029566;761 250;7;0;2;1;21;1
202200029566;761 252;7;0;2;3;16;1
202200029567;761 249;7;0;2;8;1;1
202200029567;761 251;2;0;2;7;17;1
202200029568;761 254;7;0;0;3;0;1
202200029568;761 258;7;0;2;3;0;1
202200029569;761 246;50;0;2;7;19;3
202200029569;761 247;7;0;2;7;26;0
202200029570;761 245;2;0;0;7;1;1
202200029570;761 248;33;0;0;0;26;1
202200029571;761 242;7;0;0;2;0;1
202200029572;761 241;7;0;2;3;1;1
202200029572;761 244;7;0;2;3;1;1
202200029573;761 240;7;0;2;1;1;1
202200029573;761 243;7;0;2;7;19;1
202200029574;761 239;33;2;0;1;1;1
202200029575;761 237;30;0;0;8;1;1
202200029576;761 235;14;0;2;2;21;1
202200029576;761 238;1;0;2;4;13;5
202200029577;761 234;2;0;2;1;13;1
202200029577;761 236;7;0;2;2;1;1
202200029578;761 231;7;0;2;1;2;2
202200029578;761 233;14;0;2;6;16;1
202200029579;761 230;1;0;2;7;16;5
202200029579;761 232;10;0;9;3;26;1
202200029580;761 226;7;0;2;3;1;1
202200029580;761 229;7;13;2;1;5;1
202200029581;761 224;7;0;2;3;0;1
202200029581;761 227;33;0;2;8;13;1
202200029581;761 228;10;0;2;5;13;1
202200029582;761 223;50;0;2;1;5;3
202200029582;761 225;1;0;2;1;1;5
202200029583;761 221;7;0;1;1;1;1
202200029584;761 222;7;2;0;2;1;1
202200029585;761 219;7;0;2;3;1;1
202200029585;761 220;33;0;2;3;1;1
202200029586;761 218;2;13;0;8;26;1
202200029587;761 217;37;0;1;0;26;2
202200029588;761 214;7;0;1;3;1;1
202200029589;761 213;33;12;0;0;1;1
202200029590;761 212;7;15;2;1;14;1
202200029591;761 210;1;0;1;1;21;5
202200029592;761 211;7;6;0;1;14;1
202200029593;761 206;7;0;2;3;13;1
202200029593;761 208;7;0;2;6;14;1
202200029593;761 209;10;0;2;2;17;1
202200029594;761 205;7;0;2;1;1;1
202200029594;761 207;7;0;2;1;1;1
202200029595;761 202;7;0;2;7;1;1
202200029595;761 204;7;0;2;3;15;1
202200029596;761 199;7;0;2;5;1;1
202200029596;761 200;7;0;2;1;1;1
202200029597;761 197;7;0;2;3;1;1
202200029597;761 201;7;0;2;2;1;1
202200029598;761 198;10;0;2;1;1;1
202200029598;761 203;10;0;2;5;19;1
202200029599;761 195;33;2;0;0;0;1
202200029600;761 194;7;0;2;2;1;1
202200029600;761 196;33;0;2;4;3;1
202200029601;761 193;0;0;1;0;1;0
202200029602;761 191;7;0;2;3;1;1
202200029602;761 192;7;0;2;3;1;1
202200029603;761 188;7;0;2;2;1;1
202200029603;761 190;7;0;2;1;16;1
202200029604;761 189;7;2;0;3;1;1
202200029605;761 187;31;0;0;0;1;0
202200029606;761 186;7;0;1;1;9;1
202200029607;761 183;7;0;2;2;13;1
202200029607;761 184;7;2;2;6;13;1
202200029608;761 181;2;0;2;3;13;1
202200029608;761 182;7;0;2;7;1;1
202200029609;761 178;7;0;2;1;13;1
202200029609;761 179;7;0;2;9;1;1
202200029610;761 180;10;0;2;3;1;1
202200029610;761 185;7;0;2;3;13;1
202200029611;761 175;2;0;2;1;5;1
202200029611;761 177;7;0;2;2;1;1
202200029612;761 174;7;0;2;1;1;1
202200029612;761 176;2;0;2;1;13;1
202200029613;761 171;2;0;2;1;5;1
202200029613;761 173;7;0;2;1;1;1
202200029614;761 169;7;0;2;8;1;1
202200029614;761 172;7;0;2;3;13;1
202200029615;761 166;7;3;2;3;5;1
202200029615;761 168;7;0;2;3;21;1
202200029616;761 167;7;9;0;1;13;1
202200029617;761 165;7;0;2;3;21;1
202200029617;761 170;7;0;2;3;5;1
202200029618;761 162;7;0;2;2;11;1
202200029618;761 164;7;0;2;1;1;1
202200029619;761 161;2;0;2;1;1;1
202200029619;761 163;7;0;2;1;15;1
202200029620;761 158;7;13;2;9;17;0
202200029621;761 157;50;0;4;1;1;3
202200029621;761 159;40;0;9;3;1;3
202200029622;761 156;7;0;9;3;15;1
202200029622;761 160;33;0;2;3;1;1
202200029623;761 155;7;0;0;1;1;1
202200029624;761 153;1;0;2;2;1;5
202200029624;761 154;7;0;2;3;9;1
202200029625;761 151;7;13;0;1;1;1
202200029626;761 149;17;0;0;6;1;1
202200029626;761 152;7;0;2;2;0;1
202200029627;761 148;7;0;2;3;0;1
202200029627;761 150;30;0;2;1;0;1
202200029628;761 146;14;1;0;2;1;1
202200029628;761 147;10;0;0;6;9;1
202200029629;761 143;7;8;0;4;13;1
202200029630;761 140;7;0;1;1;1;1
202200029631;761 141;7;3;2;2;12;1
202200029631;761 144;7;4;0;0;0;1
202200029632;761 142;80;0;2;8;15;3
202200029632;761 145;7;0;2;3;1;1
202200029633;761 138;7;4;0;3;2;1
202200029634;761 137;10;0;2;1;2;1
202200029634;761 139;7;0;2;4;2;3
202200029635;761 133;1;0;2;2;19;5
202200029635;761 136;7;0;2;8;1;1
202200029636;761 134;7;17;0;3;1;1
202200029637;761 132;31;0;2;1;1;1
202200029637;761 135;7;0;2;2;15;1
202200029638;761 131;2;0;0;0;1;1
202200029639;761 126;7;0;0;3;1;1
202200029639;761 128;7;0;2;2;2;1
202200029639;761 130;7;0;2;1;2;1
202200029640;761 124;7;0;2;1;0;1
202200029640;761 127;32;0;2;1;15;1
202200029641;761 125;38;0;2;3;1;1
202200029641;761 129;10;0;2;3;21;1
202200029642;761 122;7;0;0;3;1;1
202200029642;761 123;1;0;0;1;1;5
202200029643;761 120;7;0;9;1;26;1