Num_Acc;id_vehicule;categorie_vehicule;obstacle_fixe;obstacle_mobile;point_choc_initial;manoeuvre_principale;motorisation
202200029643;761 121;30;0;2;4;26;1
202200029644;761 117;7;0;2;0;26;1
202200029644;761 119;1;0;2;0;9;5
202200029645;761 118;7;0;1;1;1;1
202200029646;761 116;7;0;1;3;17;1
202200029647;761 114;7;0;2;1;1;1
202200029647;761 115;7;0;2;1;13;1
202200029648;761 113;7;0;0;9;0;1
202200029649;761 112;7;8;0;0;0;1
202200029650;761 111;7;13;0;9;17;1
202200029651;761 108;7;0;2;3;15;1
202200029651;761 110;32;0;2;2;1;1
202200029652;761 106;7;0;2;1;0;1
202200029652;761 107;7;0;2;1;0;1
202200029653;761 105;2;0;0;4;15;1
202200029653;761 109;7;0;2;2;17;1
202200029654;761 102;7;0;2;1;5;1
202200029654;761 103;7;0;2;1;1;1
202200029655;761 101;7;0;2;6;19;1
202200029655;761 104;37;0;2;3;1;1
202200029656;761 099;7;0;2;1;1;1
202200029656;761 100;1;0;0;4;1;5
202200029657;761 096;40;0;2;2;1;0
202200029657;761 097;7;0;4;3;0;1
202200029658;761 094;7;0;2;3;15;1
202200029658;761 095;7;0;2;3;1;1
202200029658;761 098;7;0;2;1;23;1
202200029659;761 091;7;0;2;3;1;1
202200029659;761 093;7;0;2;3;1;1
202200029660;761 089;7;0;2;5;19;1
202200029660;761 090;33;0;2;1;1;1
202200029661;761 086;10;0;2;3;13;1
202200029661;761 087;33;0;2;3;1;1
202200029662;761 088;7;0;2;1;1;1
202200029662;761 092;2;2;0;4;1;1
202200029663;761 082;7;0;2;3;1;1
202200029663;761 084;7;0;2;3;1;1
202200029664;761 083;7;0;2;1;2;1
202200029664;761 085;7;0;2;4;2;1
202200029665;761 081;7;1;0;2;1;1
202200029666;761 079;7;0;2;2;1;1
202200029666;761 080;10;0;2;3;26;1
202200029667;761 077;36;2;0;1;13;1
202200029668;761 074;7;9;0;0;1;1
202200029669;761 073;33;0;2;9;1;1
202200029669;761 075;7;0;2;2;15;1
202200029670;761 076;2;0;2;2;15;1
202200029670;761 078;7;0;2;3;26;1
202200029671;761 071;7;0;1;3;1;1
202200029672;761 068;7;0;9;2;9;3
202200029672;761 070;80;0;2;7;1;3
202200029673;761 063;7;0;2;1;5;1
202200029673;761 066;7;0;2;1;1;0
202200029674;761 065;7;0;2;0;17;3
202200029674;761 067;60;0;2;0;1;5
202200029675;761 064;10;0;2;1;1;1
202200029675;761 069;7;0;2;1;13;1
202200029676;761 062;7;2;0;1;0;1
202200029677;761 060;7;10;0;1;1;1
202200029678;761 061;7;1;0;9;14;1
202200029679;761 057;1;0;2;8;2;5
202200029679;761 058;10;0;2;2;17;1
202200029680;761 056;7;0;1;4;20;2
202200029681;761 053;1;0;2;1;0;5
202200029681;761 054;7;0;2;3;0;1
202200029682;761 055;10;0;2;2;1;1
202200029682;761 059;30;0;2;1;19;1
202200029683;761 052;1;0;1;1;1;5
202200029684;761 051;7;2;0;1;13;1
202200029685;761 048;10;0;2;1;1;1
202200029685;761 049;33;0;2;1;13;1
202200029686;761 047;10;0;2;6;1;0
202200029686;761 050;1;0;2;1;1;5
202200029687;761 044;43;0;2;1;13;1
202200029687;761 045;7;0;2;2;1;1
202200029688;761 046;7;0;1;1;1;1
202200029689;761 043;15;3;0;3;13;1
202200029690;761 041;10;0;2;0;1;1
202200029690;761 042;7;0;0;8;15;1
202200029691;761 038;7;0;2;3;2;1
202200029691;761 039;2;0;2;1;15;1
202200029692;761 037;10;9;0;0;2;1
202200029693;761 035;2;0;0;0;1;1
202200029694;761 036;7;0;2;2;1;1
202200029694;761 040;7;0;2;7;19;1
202200029695;761 033;7;0;0;6;1;1
202200029695;761 034;33;0;2;1;0;1
202200029696;761 027;7;0;2;4;1;1
202200029696;761 028;7;0;2;4;1;1
202200029696;761 030;7;0;2;1;1;1
202200029697;761 029;1;1;9;1;1;5
202200029697;761 031;7;0;2;8;24;1
202200029698;761 025;10;0;2;3;19;1
202200029698;761 026;1;0;2;7;1;5
202200029699;761 023;7;0;2;3;1;3
202200029699;761 024;31;0;2;3;17;1
202200029700;761 021;2;0;2;2;1;1
202200029700;761 022;7;0;2;6;9;1
202200029701;761 020;7;0;0;0;1;1
202200029702;761 018;7;0;2;2;1;1
202200029702;761 019;7;0;2;3;19;1
202200029703;761 015;10;0;2;8;1;1
202200029703;761 016;7;0;2;2;1;1
202200029703;761 017;33;0;2;8;18;1
202200029704;761 012;14;0;2;2;1;1
202200029704;761 013;7;0;2;6;11;1
202200029705;761 009;7;0;2;2;12;1
202200029705;761 010;7;0;2;4;2;1
202200029705;761 011;31;0;2;8;2;1
202200029706;761 008;31;0;0;5;1;1
202200029707;761 006;7;0;2;3;26;1
202200029707;761 007;7;6;2;0;26;0
202200029708;761 003;2;0;2;1;1;1
202200029708;761 004;2;0;2;0;0;1
202200029709;761 001;30;0;2;1;26;1
202200029709;761 002;7;0;2;7;1;1
202200029710;760 999;2;0;2;1;1;1
202200029710;761 000;7;0;2;5;15;1
202200029711;760 997;2;14;2;1;17;1
202200029711;760 998;7;0;2;6;2;1
202200029712;760 996;30;12;0;1;9;2
202200029713;760 994;7;13;0;1;14;1
202200029714;760 993;7;0;2;1;1;1
202200029714;760 995;2;0;2;0;0;3
202200029715;760 989;7;14;2;3;9;1
202200029715;760 990;2;14;2;1;9;1
202200029715;760 991;7;0;2;6;9;1
202200029716;760 988;7;0;2;3;15;1
202200029716;760 992;33;0;2;1;1;1
202200029717;760 987;7;0;1;3;2;1
202200029718;760 984;7;0;2;2;0;1
202200029718;760 986;2;0;2;7;13;1
202200029719;760 983;31;0;2;1;26;1
202200029719;760 985;7;0;2;2;15;1
202200029720;760 981;1;0;2;1;9;5
202200029720;760 982;7;0;2;3;1;1
202200029721;760 980;0;0;1;1;26;0
202200029722;760 978;1;0;2;1;1;5
202200029722;760 979;7;0;2;2;15;1
202200029723;760 977;7;13;0;6;11;1
202200029724;760 976;7;0;1;1;1;1
202200029725;760 975;36;0;0;1;1;1
202200029726;760 973;33;0;0;0;1;1
202200029727;760 972;10;0;2;4;23;1
202200029727;760 974;7;1;0;1;2;1
202200029728;760 969;7;0;2;1;17;0
202200029728;760 970;7;0;2;3;10;1
202200029729;760 968;7;0;2;1;23;1
202200029729;760 971;7;4;2;3;26;1
202200029730;760 964;7;0;2;2;15;1
202200029730;760 966;2;0;2;1;1;1
202200029731;760 965;7;0;2;2;1;1
202200029731;760 967;7;0;2;2;1;1
202200029732;760 961;1;0;2;1;5;5
202200029732;760 963;7;0;9;2;16;1
202200029733;760 960;7;0;2;3;15;1
202200029733;760 962;30;0;2;1;1;1
202200029734;760 958;7;0;0;5;24;1
202200029734;760 959;7;0;1;2;1;1
202200029735;760 957;7;3;0;1;0;3
202200029736;760 956;7;1;2;2;14;1
202200029737;760 954;7;0;2;6;15;1
202200029737;760 955;1;0;2;1;17;5
202200029738;760 953;7;8;0;1;26;1
202200029739;760 950;7;0;2;8;15;1
202200029739;760 952;2;0;2;0;0;1
202200029740;760 949;7;0;2;0;0;1
202200029740;760 951;7;0;2;0;26;1
202200029741;760 948;30;0;1;1;17;1
202200029742;760 947;13;0;1;5;4;1
202200029743;760 946;0;2;0;1;13;0
202200029744;760 945;32;1;0;1;1;1
202200029745;760 942;30;0;2;1;1;1
202200029745;760 944;7;0;2;1;15;1
202200029746;760 940;7;0;2;1;1;1
202200029746;760 941;7;0;2;3;1;1
202200029746;760 943;7;0;2;0;0;0
202200029747;760 936;7;0;2;2;15;1
202200029747;760 939;50;0;2;1;25;3
202200029748;760 935;7;0;1;3;1;1
202200029749;760 934;38;0;1;1;15;6
202200029750;760 931;7;0;2;1;1;1
202200029750;760 933;30;0;2;8;1;1
202200029751;760 930;7;1;2;9;1;1
202200029751;760 932;7;0;2;1;1;1
202200029752;760 927;7;7;0;1;14;1
202200029753;760 928;7;0;2;4;23;1
202200029753;760 929;7;0;2;1;1;1
202200029754;760 924;32;12;2;3;1;1
202200029754;760 925;7;0;2;6;11;1
202200029755;760 923;7;0;2;4;23;1
202200029755;760 926;7;0;2;1;17;1
202200029756;760 921;7;13;0;1;1;1
202200029757;760 920;7;0;2;4;20;1
202200029757;760 922;50;0;2;1;1;3
202200029758;760 918;7;0;2;1;1;3
202200029758;760 919;1;0;2;7;1;5
202200029759;760 917;33;0;0;0;1;1
202200029760;760 916;7;0;1;2;1;1
202200029761;760 914;33;0;2;7;1;1
202200029761;760 915;7;0;2;2;9;1
202200029762;760 912;99;0;2;0;0;0
202200029762;760 913;7;0;2;8;15;1
202200029763;760 910;7;0;2;4;23;1
202200029763;760 911;7;0;2;1;2;1
202200029764;760 908;7;0;2;7;1;1
202200029764;760 909;10;0;2;3;1;1
202200029765;760 906;17;0;2;8;1;1
202200029765;760 907;7;3;2;1;13;1
202200029766;760 901;1;0;2;7;1;5
202200029766;760 902;7;0;2;3;9;1
202200029767;760 900;7;0;1;1;26;1
202200029768;760 898;33;0;2;5;26;1
202200029768;760 899;7;0;2;5;13;1
202200029769;760 897;7;0;1;1;19;0
202200029770;760 896;7;0;1;1;26;1
202200029771;760 895;7;0;1;1;2;1
202200029772;760 894;7;9;0;2;1;1
202200029773;760 890;17;0;2;1;1;1
202200029773;760 891;7;0;2;4;1;1
202200029773;760 892;7;0;2;4;1;1
202200029773;760 893;7;0;2;4;1;1
202200029774;760 888;7;0;2;6;1;1
202200029774;760 889;7;0;2;2;17;1
202200029775;760 886;31;0;2;2;1;1
202200029775;760 887;7;0;2;3;9;1
202200029776;760 884;33;0;2;2;0;1
202200029776;760 885;7;0;2;3;15;1
202200029777;760 882;1;0;2;8;15;0
202200029777;760 883;7;0;2;0;0;1
202200029778;760 880;7;0;2;1;1;1
202200029778;760 881;7;0;2;4;0;1
202200029779;760 878;10;0;2;1;2;1
202200029779;760 879;10;0;2;4;2;1
202200029780;760 876;1;0;2;4;1;5
202200029780;760 877;10;0;2;1;1;1
202200029781;760 874;7;0;2;1;19;1
202200029781;760 875;7;0;2;8;1;1
202200029782;760 872;2;0;2;1;1;1
202200029782;760 873;7;0;2;2;15;1
202200029783;760 871;7;8;0;1;13;1
202200029784;760 870;7;0;1;1;1;1
202200029785;760 869;7;0;0;1;17;3
202200029786;760 867;7;0;0;0;0;1
202200029786;760 868;7;0;0;0;0;0
202200029787;760 866;34;14;0;1;1;1
202200029788;760 865;7;14;0;1;14;1
202200029789;760 864;33;0;0;8;1;1
202200029790;760 863;50;16;0;0;21;3
202200029791;760 861;7;0;2;1;13;1
202200029791;760 862;15;0;2;3;0;1
202200029792;760 860;10;0;1;3;1;1
202200029793;760 859;10;1;1;1;1;1
202200029794;760 856;7;0;2;4;2;1
202200029794;760 857;7;0;2;1;2;1
202200029794;760 858;7;0;2;0;0;1
202200029795;760 854;30;12;2;2;1;1
202200029795;760 855;7;0;2;1;1;1
202200029796;760 852;1;0;2;1;1;5
202200029796;760 853;7;0;2;1;15;1
202200029797;760 851;7;0;1;1;15;1
202200029798;760 849;7;0;2;1;1;1
202200029798;760 850;7;0;5;1;1;1
202200029799;760 847;37;0;2;7;1;1
202200029799;760 848;1;0;2;1;9;5
202200029800;760 845;10;0;2;1;1;1
202200029800;760 846;33;0;2;0;0;1
202200029801;760 843;10;9;4;3;15;1
202200029801;760 844;40;0;2;1;1;3
202200029802;760 842;7;0;1;1;1;1
202200029803;760 840;7;0;2;2;15;1
202200029803;760 841;33;0;2;1;1;1
202200029804;760 839;7;0;1;2;26;1
202200029805;760 837;7;0;1;2;15;1
202200029806;760 835;31;0;2;1;2;1
202200029806;760 836;7;0;2;3;10;1
202200029807;760 831;10;0;2;1;14;1
202200029807;760 832;7;0;2;1;12;1
202200029807;760 833;7;0;2;4;1;1
202200029807;760 834;17;0;2;4;23;0
202200029808;760 829;7;0;2;3;2;1
202200029808;760 830;32;0;2;7;17;1
202200029809;760 827;10;0;2;8;15;1
202200029809;760 828;7;0;2;1;0;1
202200029810;760 825;99;0;2;8;19;0
202200029810;760 826;7;0;2;1;1;1
202200029811;760 824;32;0;1;1;26;0
202200029812;760 822;30;0;2;1;23;1
202200029812;760 823;32;0;2;4;2;1
202200029813;760 820;7;0;2;1;17;1
202200029813;760 821;32;0;2;1;17;1
202200029814;760 818;7;0;9;7;1;2
202200029814;760 819;1;0;2;8;13;5
202200029815;760 816;7;0;1;3;1;1
202200029816;760 815;33;0;1;1;25;1
202200029817;760 813;32;0;2;1;1;1
202200029817;760 814;7;0;2;8;10;1
202200029818;760 812;32;0;0;1;13;1
202200029819;760 810;1;0;2;4;14;5
202200029819;760 811;1;0;2;1;18;5
202200029820;760 808;30;0;2;0;1;1
202200029820;760 809;7;0;2;0;26;0
202200029821;760 806;32;0;2;3;1;1
202200029821;760 807;7;0;2;6;23;1
202200029822;760 804;80;0;2;1;1;3
202200029822;760 805;10;0;2;2;16;6
202200029823;760 802;50;0;2;2;18;3
202200029823;760 803;1;0;2;1;14;5
202200029824;760 801;7;0;1;3;15;1
202200029825;760 799;80;0;2;1;1;3
202200029825;760 800;80;0;2;1;13;3
202200029826;760 797;33;0;2;1;1;1
202200029826;760 798;7;0;2;4;1;1
202200029827;760 795;7;0;2;3;15;2
202200029827;760 796;30;0;2;1;17;3
202200029828;760 794;1;0;1;1;1;5
202200029829;760 791;7;0;2;1;2;1
202200029829;760 792;7;0;2;4;2;1
202200029829;760 793;7;0;2;1;2;1
202200029830;760 789;32;0;2;8;2;0
202200029830;760 790;7;0;2;7;15;1
202200029831;760 788;7;0;1;2;1;2
202200029832;760 786;7;0;2;3;1;1
202200029832;760 787;50;0;2;1;19;3
202200029833;760 784;10;0;2;7;2;1
202200029833;760 785;60;0;2;0;19;5
202200029834;760 783;2;0;1;1;1;1
202200029835;760 782;33;14;0;2;14;1
202200029836;760 780;7;0;2;1;6;6
202200029836;760 781;7;0;2;5;1;0
202200029837;760 779;31;0;0;3;1;1
202200029838;760 777;7;0;2;8;9;1
202200029838;760 778;14;0;2;1;0;1
202200029839;760 776;7;0;1;1;1;1
202200029840;760 775;1;0;1;1;5;5
202200029841;760 773;33;0;2;1;1;1
202200029841;760 774;10;0;2;2;15;1
202200029842;760 771;2;0;2;0;1;1
202200029842;760 772;7;0;2;8;10;1
202200029843;760 768;7;1;0;2;1;1
202200029843;760 769;1;0;0;4;23;5
202200029843;760 770;7;0;0;8;23;1
202200029844;760 767;7;0;1;2;1;1
202200029845;760 765;32;0;2;8;1;1
202200029845;760 766;7;0;2;8;13;1
202200029846;760 763;7;0;2;1;0;1
202200029846;760 764;7;0;2;1;1;1
202200029847;760 762;2;0;0;0;9;3
202200029848;760 761;17;0;1;2;11;1
202200029849;760 759;7;0;2;1;13;1
202200029849;760 760;7;0;2;1;1;1
202200029850;760 758;7;13;0;3;13;1
202200029851;760 756;38;0;2;8;9;1
202200029851;760 757;33;0;2;8;0;1
202200029852;760 754;7;3;0;3;19;1
202200029852;760 755;7;0;0;1;21;1
202200029853;760 752;7;0;2;1;1;1
202200029853;760 753;10;0;0;4;2;1
202200029854;760 751;7;2;0;1;1;1
202200029855;760 749;7;0;2;2;1;1
202200029855;760 750;2;0;2;8;15;1
202200029856;760 748;7;13;0;3;17;1
202200029857;760 747;30;0;9;0;1;1
202200029858;760 745;10;0;2;8;15;1
202200029858;760 746;7;0;2;3;1;2
202200029859;760 744;7;0;1;2;1;1
202200029860;760 743;10;0;1;2;1;1
202200029861;760 741;7;0;2;2;1;1
202200029861;760 742;7;0;2;8;19;1
202200029862;760 739;7;0;0;3;15;1
202200029862;760 740;2;0;2;2;17;1
202200029863;760 738;7;0;1;1;1;1
202200029864;760 736;7;13;2;7;14;1
202200029864;760 737;7;0;2;1;1;1
202200029865;760 735;7;2;0;1;1;1
202200029866;760 734;7;0;1;;4;1
202200029867;760 732;7;0;0;3;0;1
202200029868;760 730;10;0;2;6;1;1
202200029868;760 731;2;0;2;2;5;1
202200029869;760 727;10;0;2;1;1;1
202200029869;760 728;10;0;0;4;1;1
202200029869;760 729;10;0;0;4;1;6
202200029870;760 725;7;0;2;1;1;1
202200029870;760 726;7;0;2;1;1;1
202200029871;760 722;7;0;2;3;19;1
202200029871;760 723;33;0;2;8;1;1
202200029872;760 721;7;2;0;1;14;1
202200029873;760 720;7;2;0;1;1;1
202200029874;760 719;7;13;0;1;1;1
202200029875;760 716;2;0;2;1;1;1
202200029875;760 717;7;0;2;2;15;1
202200029876;760 714;7;0;2;3;5;1
202200029876;760 715;7;0;2;3;1;1
202200029877;760 712;33;0;0;1;1;1
202200029877;760 713;7;0;0;0;11;1
202200029878;760 711;36;0;0;0;1;1
202200029879;760 710;33;0;0;9;0;1
202200029880;760 709;7;8;0;2;1;1
202200029881;760 708;33;0;6;1;1;1
202200029882;760 707;2;13;0;1;1;1
202200029883;760 705;7;0;2;3;2;1
202200029883;760 706;31;0;0;4;2;1
202200029884;760 704;31;8;0;1;1;1
202200029885;760 702;10;0;2;3;13;1
202200029885;760 703;17;0;2;8;1;1
202200029886;760 701;33;0;0;0;1;1
202200029887;760 700;7;0;1;3;26;1
202200029888;760 698;7;0;2;1;1;1
202200029888;760 699;7;0;2;4;1;1
202200029889;760 694;7;0;2;1;2;1
202200029889;760 695;7;0;2;1;2;1
202200029889;760 696;7;0;2;2;2;1
202200029889;760 697;7;0;2;1;2;1
202200029890;760 692;7;0;2;3;9;0
202200029890;760 693;7;0;2;5;23;1
202200029891;760 691;7;0;0;1;0;1
202200029892;760 688;7;0;2;1;2;1
202200029892;760 689;7;0;2;4;2;1
202200029892;760 690;7;0;2;4;1;1
202200029893;760 685;10;0;2;2;1;1
202200029893;760 686;7;0;2;8;1;1
202200029893;760 687;31;0;2;7;17;3
202200029894;760 683;7;0;2;2;2;1
202200029894;760 684;7;4;2;4;2;1
202200029895;760 681;7;0;2;3;11;1
202200029895;760 682;33;0;2;5;3;1
202200029896;760 679;7;0;2;4;2;1
202200029896;760 680;7;0;2;1;2;1
202200029897;760 677;7;0;2;7;12;1
202200029897;760 678;14;0;2;6;1;1
202200029898;760 675;14;0;2;7;12;1
202200029898;760 676;7;0;2;8;1;1
202200029899;760 672;7;0;2;0;0;1
202200029899;760 673;7;0;2;0;1;1
202200029899;760 674;7;0;2;9;2;1
202200029900;760 670;33;0;2;1;1;1
202200029900;760 671;7;0;2;3;11;1
202200029901;760 667;10;0;2;1;1;1
202200029901;760 668;7;0;2;4;1;1
202200029901;760 669;7;0;2;4;1;1
202200029902;760 665;43;0;2;1;1;1
202200029902;760 666;7;0;2;6;11;1
202200029903;760 659;7;0;2;1;2;1
202200029903;760 660;7;0;2;4;2;1
202200029903;760 661;7;0;2;4;2;1
202200029903;760 662;7;0;2;4;2;1
202200029904;760 657;7;0;2;3;11;1
202200029904;760 658;33;0;2;1;3;1
202200029905;760 655;7;0;2;4;2;2
202200029905;760 656;10;0;2;1;2;1
202200029906;760 653;10;0;2;6;11;1
202200029906;760 654;33;0;2;7;1;1
202200029907;760 652;7;0;1;5;4;
202200029908;760 651;7;0;1;1;0;1
202200029909;760 649;7;0;2;2;2;1
202200029909;760 650;7;0;2;3;9;1
202200029910;760 647;7;0;2;1;1;1
202200029910;760 648;37;0;2;7;1;0
202200029911;760 645;7;0;2;4;1;1
202200029911;760 646;13;1;2;1;1;1
202200029912;760 643;50;0;2;0;18;3
202200029912;760 644;15;0;2;5;14;1
202200029913;760 641;33;0;2;1;1;1
202200029913;760 642;7;0;2;2;6;1
202200029914;760 640;7;0;1;0;0;1
202200029915;760 638;7;0;2;1;1;1
202200029915;760 639;7;0;2;6;26;0
202200029916;760 637;7;2;0;1;0;1
202200029917;760 636;7;15;0;1;1;1
202200029918;760 634;7;0;2;6;1;1
202200029918;760 635;7;0;2;1;1;1
202200029919;760 633;7;2;0;1;0;1
202200029920;760 632;7;0;1;3;15;1
202200029921;760 630;7;0;2;6;17;1
202200029921;760 631;31;0;2;1;17;1
202200029922;760 626;33;0;2;1;1;1
202200029922;760 627;7;0;2;1;15;1
202200029923;760 624;7;0;2;7;13;1
202200029923;760 625;10;0;2;1;1;1
202200029924;760 622;33;0;2;8;3;5
202200029924;760 623;7;0;2;7;12;1
202200029925;760 620;7;0;2;8;9;1
202200029925;760 621;7;0;2;1;1;1
202200029926;760 617;7;8;0;1;14;1
202200029927;760 616;7;0;2;1;1;1
202200029927;760 618;7;0;2;4;1;1
202200029927;760 619;7;0;2;4;1;2
202200029928;760 613;7;0;2;2;13;1
202200029928;760 615;7;15;2;1;1;1
202200029929;760 612;33;0;2;1;21;1
202200029929;760 614;7;0;2;5;26;1
202200029930;760 611;7;2;0;2;1;1
202200029931;760 609;31;0;2;1;3;1
202200029931;760 610;7;0;2;5;14;1
202200029932;760 608;7;0;1;3;1;1
202200029933;760 606;7;0;2;8;1;1
202200029933;760 607;17;0;2;2;12;1
202200029934;760 605;7;0;1;2;1;1
202200029935;760 603;7;0;2;8;15;1
202200029935;760 604;15;0;2;3;1;1
202200029936;760 601;7;0;2;1;1;1
202200029936;760 602;7;0;2;4;1;1
202200029937;760 598;7;0;2;2;12;1
202200029937;760 599;33;0;2;3;3;1
202200029937;760 600;7;0;2;0;0;1
202200029938;760 597;7;3;0;1;14;1
202200029939;760 596;7;0;0;0;14;1
202200029940;760 593;7;16;9;9;0;1
202200029941;760 592;33;0;2;3;26;1
202200029942;760 589;7;0;2;1;13;1
202200029942;760 591;21;0;0;6;1;1
202200029943;760 587;33;0;0;6;17;1
202200029943;760 588;7;0;2;2;1;1
202200029943;760 590;33;0;2;1;17;1
202200029944;760 586;7;0;0;1;1;1
202200029945;760 583;2;0;2;3;15;1
202200029945;760 585;7;0;2;3;1;1
202200029946;760 580;31;0;2;7;26;1
202200029947;760 579;10;0;2;3;13;1
202200029947;760 581;7;0;2;3;1;1
202200029948;760 576;7;0;1;2;2;1
202200029949;760 577;7;0;0;8;1;1
202200029949;760 578;33;0;2;3;13;1
202200029950;760 573;7;0;2;7;19;1
202200029950;760 575;1;0;2;1;1;5
202200029951;760 572;32;0;2;3;17;1
202200029951;760 574;7;0;2;3;15;1
202200029952;760 569;33;0;2;1;1;1
202200029952;760 571;10;0;2;7;19;1
202200029953;760 568;7;0;2;6;23;1
202200029953;760 570;7;1;0;2;14;1
202200029954;760 566;21;6;0;1;1;1
202200029955;760 565;7;0;2;1;15;1
202200029955;760 567;30;0;2;2;1;1
202200029956;760 564;33;13;0;7;1;1
202200029957;760 561;34;0;2;1;17;1
202200029957;760 563;7;0;2;2;26;1
202200029958;760 562;7;8;0;1;1;1
202200029959;760 558;7;13;0;9;14;1
202200029960;760 559;7;0;2;6;11;1
202200029960;760 560;32;0;2;9;1;1
202200029961;760 555;33;0;2;1;1;1
202200029961;760 557;7;0;2;3;13;1
202200029962;760 554;7;0;2;6;15;1
202200029962;760 556;33;0;2;1;1;1
202200029963;760 553;7;6;0;1;1;1
202200029964;760 549;7;0;2;1;13;1
202200029964;760 551;7;0;2;1;1;1
202200029965;760 548;7;0;2;2;11;1
202200029965;760 550;7;0;2;6;1;1
202200029965;760 552;0;0;2;0;1;0
202200029966;760 547;7;2;0;1;15;1
202200029967;760 545;30;0;2;1;5;1
202200029967;760 546;7;0;2;2;9;1
202200029968;760 544;1;0;0;1;0;5
202200029969;760 543;7;13;0;1;2;1
202200029970;760 541;1;0;2;4;1;5
202200029970;760 542;7;0;2;2;1;1
202200029971;760 539;7;0;2;6;23;1
202200029971;760 540;33;0;2;7;1;1
202200029972;760 537;7;0;2;1;2;1
202200029972;760 538;7;0;2;6;1;1
202200029973;760 535;1;0;2;1;1;5
202200029973;760 536;1;0;0;0;1;5
202200029974;760 533;7;2;0;1;13;1
202200029975;760 532;1;0;2;1;14;5
202200029975;760 534;7;0;2;3;13;1
202200029976;760 530;7;6;0;2;1;1
202200029977;760 529;7;0;2;6;11;1
202200029977;760 531;33;0;2;1;1;1
202200029978;760 526;7;0;2;2;19;1
202200029978;760 528;2;0;2;1;1;1
202200029979;760 525;7;0;2;8;9;1
202200029979;760 527;32;0;2;1;3;1
202200029980;760 524;7;13;0;9;1;1
202200029981;760 522;7;0;0;1;13;1
202200029981;760 523;7;0;0;3;1;1
202200029982;760 521;7;0;1;1;15;1
202200029983;760 520;2;15;0;1;6;1
202200029984;760 519;7;13;0;1;13;1
202200029985;760 517;7;6;0;1;14;1
202200029986;760 514;7;0;2;3;23;1
202200029986;760 515;10;0;2;1;16;1
202200029987;760 513;7;0;1;2;1;1
202200029988;760 511;7;0;2;7;21;1
202200029988;760 512;33;0;2;2;1;1
202200029989;760 510;7;13;0;9;13;1
202200029990;760 509;7;15;0;1;1;1
202200029991;760 507;1;6;0;0;1;5
202200029992;760 505;31;0;2;1;1;1
202200029992;760 506;7;0;2;3;1;1
202200029993;760 503;33;0;2;0;1;1
202200029993;760 504;33;0;2;2;21;1
202200029994;760 500;2;6;0;7;25;3
202200029995;760 499;30;0;2;8;15;1
202200029995;760 501;7;0;2;1;19;1
202200029996;760 496;33;0;2;2;2;1
202200029996;760 498;14;0;2;6;16;1
202200029997;760 495;1;0;2;8;1;5
202200029997;760 497;7;0;2;2;9;1
202200029998;760 492;7;0;2;3;26;1
202200029998;760 493;33;0;2;3;17;1
202200029999;760 491;39;0;2;1;1;1
202200029999;760 494;15;0;4;3;1;1
202200030000;760 490;7;13;0;1;13;1
202200030001;760 487;7;8;2;5;19;1
202200030001;760 489;7;0;2;1;1;1
202200030002;760 488;7;1;0;0;0;1
202200030003;760 484;7;9;0;1;1;1
202200030004;760 485;1;0;2;7;1;5
202200030004;760 486;33;0;9;1;1;1
202200030005;760 482;14;1;1;7;2;1
202200030006;760 481;7;0;2;1;1;2
202200030006;760 483;7;11;0;7;19;1
202200030007;760 479;7;0;9;0;15;1
202200030007;760 480;50;0;0;0;0;0
202200030008;760 477;7;3;0;3;1;1
202200030008;760 478;7;0;2;3;5;1
202200030009;760 475;31;0;2;1;1;1
202200030009;760 476;7;0;2;3;15;1
202200030010;760 474;7;0;1;3;1;1
202200030011;760 471;7;0;2;1;2;2
202200030011;760 472;15;0;2;4;2;1
202200030012;760 470;7;0;2;5;23;1
202200030012;760 473;99;0;2;0;1;0
202200030013;760 468;7;2;0;1;1;1
202200030014;760 467;7;0;2;1;1;1
202200030014;760 469;7;1;2;1;13;1
202200030015;760 465;33;0;2;1;17;1
202200030015;760 466;10;0;2;5;15;1
202200030016;760 464;7;0;1;1;1;1
202200030017;760 461;7;0;1;1;12;1
202200030018;760 460;7;0;1;8;1;1
202200030019;760 457;7;0;2;1;5;1
202200030019;760 458;33;0;2;1;1;1
202200030020;760 456;7;0;2;3;1;1
202200030020;760 459;1;0;2;1;1;5
202200030021;760 453;7;0;2;1;16;1
202200030021;760 455;7;0;2;1;15;1
202200030022;760 452;7;0;2;6;2;1
202200030022;760 454;7;0;2;1;9;1
202200030023;760 450;7;0;2;1;1;1
202200030023;760 451;7;0;2;4;1;1
202200030024;760 446;1;0;2;1;21;5
202200030024;760 448;1;0;2;1;1;5
202200030024;760 449;7;0;2;0;16;1
202200030025;760 445;7;5;2;1;1;1
202200030025;760 447;7;0;2;7;17;1
202200030026;760 442;7;0;2;8;10;1
202200030026;760 444;33;0;2;1;1;1
202200030027;760 441;7;0;2;5;16;1
202200030027;760 443;37;0;2;3;1;6
202200030028;760 439;33;0;2;0;1;1
202200030028;760 440;7;0;2;3;11;2
202200030029;760 437;7;6;2;4;4;1
202200030029;760 438;13;0;2;5;1;1
202200030030;760 434;2;0;2;1;17;1
202200030030;760 436;7;0;2;3;15;1
202200030031;760 433;1;0;2;1;19;5
202200030031;760 435;7;0;2;2;16;1
202200030032;760 432;33;16;0;9;1;1
202200030033;760 430;50;0;2;0;1;3
202200030033;760 431;50;0;2;0;1;3
202200030034;760 429;7;0;0;9;1;1
202200030035;760 425;33;0;2;6;2;1
202200030035;760 427;7;0;2;2;2;1
202200030036;760 426;7;0;2;1;1;1
202200030036;760 428;33;0;2;0;1;1
202200030037;760 424;7;8;0;1;1;1
202200030038;760 422;7;6;0;1;13;1
202200030039;760 421;7;0;2;1;1;1
202200030039;760 423;7;0;2;2;15;1