Num_Acc;id_vehicule;categorie_vehicule;obstacle_fixe;obstacle_mobile;point_choc_initial;manoeuvre_principale;motorisation
202200030040;760 418;7;0;2;1;0;1
202200030040;760 419;7;0;2;4;26;1
202200030040;760 420;7;0;2;1;26;1
202200030041;760 416;7;0;2;1;15;1
202200030041;760 417;2;0;2;1;21;1
202200030042;760 414;33;0;0;3;21;1
202200030042;760 415;7;0;0;5;16;1
202200030043;760 412;7;0;2;4;2;1
202200030043;760 413;7;0;2;1;2;1
202200030044;760 410;7;0;2;3;15;1
202200030044;760 411;33;0;2;1;17;1
202200030045;760 409;7;0;1;2;1;1
202200030046;760 407;2;0;2;1;5;1
202200030046;760 408;7;0;2;1;1;1
202200030047;760 405;7;0;9;3;0;1
202200030047;760 406;33;0;2;2;26;1
202200030048;760 402;7;0;1;1;1;1
202200030048;760 404;33;3;0;3;13;1
202200030049;760 401;1;0;2;7;1;5
202200030049;760 403;7;0;2;1;9;1
202200030050;760 399;7;0;2;3;10;1
202200030050;760 400;31;0;2;2;18;1
202200030051;760 397;7;0;2;2;19;1
202200030051;760 398;7;8;2;3;1;1
202200030052;760 396;31;0;0;7;14;1
202200030053;760 394;7;0;9;2;17;0
202200030053;760 395;1;0;2;4;2;5
202200030054;760 391;7;0;2;2;2;1
202200030054;760 392;1;0;2;4;2;5
202200030055;760 387;7;0;2;2;2;1
202200030055;760 389;7;0;2;4;1;1
202200030055;760 390;7;0;2;4;23;1
202200030055;760 393;7;0;2;1;2;1
202200030056;760 385;36;0;0;3;0;1
202200030057;760 383;1;0;2;4;15;5
202200030057;760 384;32;0;2;1;15;1
202200030058;760 379;7;0;1;1;0;1
202200030059;760 377;7;0;2;3;2;1
202200030059;760 378;7;0;2;1;1;1
202200030059;760 380;7;0;2;1;1;1
202200030059;760 381;7;0;2;9;17;1
202200030060;760 376;33;0;0;7;1;1
202200030061;760 373;7;0;1;5;21;1
202200030062;760 372;7;0;2;1;5;1
202200030062;760 374;10;0;2;1;1;1
202200030063;760 370;7;0;1;3;26;1
202200030064;760 369;7;0;2;3;1;1
202200030064;760 371;7;0;2;3;1;1
202200030065;760 367;80;0;0;0;2;3
202200030065;760 368;7;0;9;4;26;1
202200030066;760 366;7;3;0;1;1;1
202200030067;760 365;7;4;0;3;9;1
202200030068;760 363;15;0;2;8;1;0
202200030068;760 364;7;0;2;1;1;1
202200030069;760 361;2;0;2;6;16;1
202200030069;760 362;7;0;2;2;16;1
202200030070;760 359;17;0;0;4;1;1
202200030070;760 360;7;0;2;1;2;1
202200030071;760 356;33;14;2;1;1;1
202200030071;760 357;7;0;0;3;15;1
202200030072;760 355;50;0;2;8;1;3
202200030072;760 358;7;0;2;2;1;1
202200030073;760 354;7;0;1;1;1;1
202200030074;760 351;2;0;0;0;1;1
202200030075;760 352;7;0;2;1;1;1
202200030075;760 353;31;0;2;9;1;1
202200030076;760 349;7;0;2;8;1;1
202200030076;760 350;1;0;2;8;13;5
202200030077;760 347;7;0;2;1;15;1
202200030077;760 348;33;0;2;1;1;1
202200030078;760 344;7;0;2;1;1;1
202200030078;760 345;7;0;2;4;23;1
202200030078;760 346;7;0;2;4;23;1
202200030079;760 343;7;5;0;3;13;1
202200030080;760 342;7;3;0;8;13;1
202200030081;760 340;7;0;2;3;13;1
202200030081;760 341;50;0;2;1;1;3
202200030082;760 338;7;0;2;2;1;1
202200030082;760 339;1;0;2;1;1;5
202200030083;760 336;7;0;2;1;13;1
202200030083;760 337;7;0;2;1;1;0
202200030084;760 335;7;2;0;5;1;1
202200030085;760 334;7;0;1;7;26;1
202200030086;760 333;33;0;6;3;21;1
202200030087;760 331;7;0;1;1;2;1
202200030088;760 330;33;0;2;1;1;1
202200030088;760 332;7;0;2;8;1;1
202200030089;760 327;2;13;0;3;2;1
202200030089;760 329;7;0;2;5;17;1
202200030090;760 326;7;0;2;1;15;1
202200030090;760 328;1;0;2;1;16;5
202200030091;760 325;1;0;0;2;26;5
202200030092;760 322;31;0;2;1;1;1
202200030092;760 323;7;0;9;8;1;1
202200030093;760 321;30;0;2;1;19;1
202200030093;760 324;10;0;2;3;1;1
202200030094;760 320;33;0;0;9;1;1
202200030095;760 319;30;0;1;7;17;1
202200030096;760 318;7;0;1;4;20;1
202200030097;760 317;7;6;0;1;1;1
202200030098;760 315;7;8;0;2;14;1
202200030099;760 314;7;0;2;1;1;1
202200030099;760 316;7;0;2;3;19;1
202200030100;760 313;7;2;0;1;2;1
202200030101;760 312;7;6;0;1;13;1
202200030102;760 311;10;0;1;4;4;1
202200030103;760 310;1;0;0;0;0;5
202200030104;760 308;50;0;2;8;1;3
202200030104;760 309;7;0;2;1;1;1
202200030105;760 306;7;0;0;0;1;1
202200030105;760 307;33;15;9;1;17;1
202200030106;760 304;7;0;2;2;12;1
202200030106;760 305;43;0;2;8;3;1
202200030107;760 303;3;13;0;9;21;1
202200030108;760 302;31;2;0;1;1;1
202200030109;760 301;43;5;0;1;12;1
202200030110;760 298;7;9;2;7;15;1
202200030110;760 299;7;0;2;1;1;1
202200030110;760 300;7;0;2;8;1;1
202200030111;760 296;30;0;2;3;9;1
202200030111;760 297;7;0;2;5;1;1
202200030112;760 294;7;0;2;3;13;1
202200030112;760 295;7;0;2;6;1;1
202200030113;760 292;10;0;2;5;2;1
202200030113;760 293;43;0;2;1;2;1
202200030114;760 288;33;12;2;3;17;1
202200030114;760 289;7;0;2;3;1;1
202200030114;760 290;7;15;2;3;1;1
202200030114;760 291;7;0;2;1;1;1
202200030115;760 286;7;0;2;3;18;1
202200030115;760 287;1;0;2;2;1;5
202200030116;760 285;7;6;0;2;15;1
202200030117;760 283;32;0;2;1;18;3
202200030117;760 284;7;0;2;0;16;1
202200030118;760 282;32;0;0;0;1;1
202200030119;760 280;7;0;2;2;1;1
202200030119;760 281;33;0;2;1;1;1
202200030120;760 278;7;3;2;2;14;1
202200030120;760 279;15;0;2;2;2;1
202200030121;760 274;7;0;2;1;1;1
202200030121;760 277;7;0;2;1;1;0
202200030122;760 275;7;0;2;3;17;1
202200030122;760 276;33;0;2;1;3;1
202200030123;760 271;1;0;2;1;1;5
202200030123;760 273;7;0;2;7;18;1
202200030124;760 270;1;0;2;7;1;5
202200030124;760 272;7;0;2;3;1;1
202200030125;760 267;34;0;1;1;5;1
202200030126;760 268;7;0;2;4;0;1
202200030126;760 269;10;0;2;4;2;1
202200030127;760 263;7;0;2;1;2;1
202200030127;760 266;15;0;0;4;2;1
202200030128;760 264;50;0;2;1;2;3
202200030128;760 265;7;0;2;4;23;2
202200030129;760 260;15;1;0;2;0;1
202200030129;760 262;10;0;0;6;23;1
202200030130;760 261;10;0;1;3;1;1
202200030131;760 258;2;0;2;1;1;1
202200030131;760 259;10;0;2;2;13;1
202200030132;760 257;7;0;1;1;1;1
202200030133;760 254;7;0;1;3;15;1
202200030134;760 252;0;0;0;0;19;0
202200030134;760 253;7;0;0;6;1;1
202200030134;760 255;7;0;2;1;21;1
202200030134;760 256;7;0;2;1;1;1
202200030135;760 250;7;8;0;1;0;1
202200030136;760 249;7;12;0;1;21;1
202200030136;760 251;7;0;2;0;26;1
202200030137;760 248;7;0;1;1;1;0
202200030138;760 246;60;0;2;8;1;5
202200030138;760 247;7;0;2;1;1;1
202200030139;760 244;7;0;2;3;1;1
202200030139;760 245;1;0;2;1;5;5
202200030140;760 242;7;0;2;1;13;1
202200030140;760 243;7;0;0;1;1;1
202200030141;760 240;7;0;2;1;0;1
202200030141;760 241;7;0;2;1;0;1
202200030142;760 238;7;0;0;6;26;1
202200030142;760 239;33;0;2;1;2;1
202200030143;760 236;1;0;0;4;2;5
202200030143;760 237;7;4;2;2;2;1
202200030144;760 235;7;0;1;1;1;3
202200030145;760 233;80;0;0;0;1;3
202200030146;760 232;7;0;2;7;12;1
202200030146;760 234;7;8;2;3;1;1
202200030147;760 230;17;0;0;0;1;1
202200030147;760 231;33;0;2;1;17;1
202200030148;760 228;7;0;2;5;0;1
202200030148;760 229;7;0;2;1;0;1
202200030149;760 226;7;0;2;7;15;1
202200030149;760 227;33;0;2;1;1;1
202200030150;760 224;7;1;0;2;1;1
202200030151;760 223;34;0;2;2;17;1
202200030151;760 225;7;0;0;0;10;1
202200030152;760 222;7;0;1;2;1;1
202200030153;760 220;1;0;2;4;2;5
202200030153;760 221;1;0;2;1;2;5
202200030154;760 219;7;0;1;1;2;1
202200030155;760 217;7;0;2;3;1;1
202200030155;760 218;10;0;2;3;13;1
202200030156;760 215;33;0;2;3;15;1
202200030156;760 216;31;0;2;3;15;1
202200030157;760 213;80;0;0;0;21;3
202200030158;760 211;10;0;2;2;1;1
202200030158;760 212;34;0;2;1;5;1
202200030159;760 210;7;0;1;2;1;1
202200030160;760 208;33;0;2;1;17;1
202200030160;760 209;7;0;2;6;15;1
202200030161;760 206;7;0;2;1;9;0
202200030161;760 207;1;0;2;7;0;5
202200030162;760 205;7;0;1;2;13;1
202200030163;760 202;7;0;2;1;15;1
202200030163;760 204;33;0;2;1;1;1
202200030164;760 200;7;0;2;7;0;1
202200030164;760 201;7;0;2;1;1;1
202200030164;760 203;7;0;2;1;1;1
202200030165;760 198;7;0;2;3;1;1
202200030165;760 199;2;0;2;3;5;1
202200030166;760 193;7;0;2;1;1;1
202200030166;760 195;7;0;2;1;1;1
202200030166;760 196;7;0;2;1;13;1
202200030167;760 194;33;0;2;1;1;1
202200030167;760 197;7;0;2;0;0;1
202200030168;760 192;33;3;0;7;1;1
202200030169;760 191;2;0;1;0;0;
202200030170;760 189;30;0;0;4;2;1
202200030170;760 190;7;0;2;3;2;1
202200030171;760 188;7;0;1;2;1;1
202200030172;760 185;1;0;2;7;19;5
202200030172;760 186;7;0;9;1;1;1
202200030173;760 184;7;0;2;2;6;1
202200030173;760 187;7;0;2;1;1;1
202200030174;760 183;1;0;0;0;1;5
202200030175;760 182;7;0;1;1;15;1
202200030176;760 181;7;4;0;8;1;1
202200030177;760 179;7;0;2;1;21;1
202200030177;760 180;7;0;2;1;5;1
202200030178;760 177;7;0;2;1;2;1
202200030178;760 178;7;0;2;4;2;1
202200030179;760 176;7;0;9;1;0;1
202200030180;760 175;10;0;1;2;15;1
202200030181;760 173;7;0;2;4;17;0
202200030181;760 174;2;0;2;1;1;1
202200030182;760 171;7;0;1;1;1;1
202200030183;760 170;7;0;2;1;15;1
202200030183;760 172;7;0;2;3;1;1
202200030184;760 169;30;0;0;9;1;1
202200030185;760 167;7;0;2;3;19;1
202200030185;760 168;50;0;2;8;23;3
202200030186;760 164;31;0;2;7;21;1
202200030186;760 166;13;0;2;0;1;0
202200030187;760 165;33;4;0;7;1;1
202200030188;760 163;7;0;1;2;14;1
202200030189;760 161;7;0;2;2;16;0
202200030189;760 162;99;0;2;1;19;3
202200030190;760 157;7;0;2;1;1;1
202200030190;760 158;7;0;2;6;1;1
202200030190;760 159;7;0;2;1;1;1
202200030190;760 160;10;0;2;1;1;1
202200030191;760 156;7;0;1;0;26;1
202200030192;760 154;1;0;2;3;1;5
202200030192;760 155;7;0;2;3;15;1
202200030193;760 153;33;0;1;1;17;1
202200030194;760 151;1;0;2;2;1;5
202200030194;760 152;7;0;2;3;1;1
202200030195;760 148;2;0;2;1;1;1
202200030195;760 149;7;1;2;3;15;1
202200030196;760 147;7;0;0;6;1;1
202200030196;760 150;1;0;2;1;26;5
202200030197;760 146;1;0;0;0;1;5
202200030198;760 144;7;0;2;5;12;1
202200030198;760 145;31;0;2;1;3;1
202200030199;760 142;1;0;2;1;2;5
202200030199;760 143;1;0;2;4;2;5
202200030200;760 138;7;13;0;8;14;1
202200030200;760 140;33;0;2;7;17;1
202200030201;760 139;7;0;0;4;2;1
202200030201;760 141;7;0;2;1;2;1
202200030202;760 137;7;12;0;3;1;1
202200030203;760 136;80;12;0;7;14;3
202200030204;760 135;10;0;1;7;1;1
202200030205;760 132;7;0;1;2;1;1
202200030206;760 133;1;0;2;1;1;5
202200030206;760 134;7;0;2;1;15;1
202200030207;760 131;7;2;0;1;13;1
202200030208;760 129;1;0;2;1;1;5
202200030208;760 130;7;0;2;3;15;1
202200030209;760 128;7;0;1;1;1;1
202200030210;760 127;7;0;1;3;1;1
202200030211;760 124;7;0;2;2;1;1
202200030211;760 125;7;0;2;3;5;1
202200030212;760 120;32;0;0;0;9;1
202200030212;760 122;7;0;0;0;0;1
202200030213;760 116;7;0;1;1;1;1
202200030214;760 115;33;0;2;6;2;1
202200030214;760 118;33;0;2;0;2;1
202200030215;760 114;33;0;2;1;26;1
202200030215;760 117;7;0;9;6;26;6
202200030215;760 119;7;0;9;0;26;1
202200030216;760 113;7;0;1;0;26;1
202200030217;760 112;33;0;6;1;1;1
202200030218;760 111;7;0;1;2;1;1
202200030219;760 109;7;1;0;3;23;1
202200030220;760 107;43;0;2;1;2;1
202200030220;760 108;7;0;2;6;2;2
202200030221;760 105;7;0;2;4;2;1
202200030221;760 106;2;0;2;2;2;3
202200030222;760 104;33;0;0;3;1;1
202200030223;760 102;7;0;2;4;2;1
202200030223;760 103;32;0;2;1;2;1
202200030224;760 098;7;0;2;8;13;1
202200030224;760 100;7;0;2;1;1;1
202200030225;760 099;7;5;2;1;9;1
202200030225;760 101;7;0;2;1;15;1
202200030226;760 095;7;0;2;0;1;2
202200030226;760 096;7;0;2;0;13;1
202200030226;760 097;33;0;2;0;3;1
202200030227;760 093;7;0;2;4;9;1
202200030227;760 094;33;0;2;1;1;1
202200030228;760 090;7;0;0;0;15;1
202200030228;760 092;33;0;0;0;13;1
202200030229;760 089;33;0;2;1;2;1
202200030229;760 091;7;0;2;4;2;1
202200030230;760 087;33;0;2;1;0;1
202200030230;760 088;7;0;9;6;13;1
202200030231;760 084;33;0;2;1;1;1
202200030231;760 086;10;0;2;3;1;1
202200030232;760 081;50;0;2;1;1;3
202200030232;760 083;2;0;2;0;1;1
202200030232;760 085;10;0;2;3;22;1
202200030233;760 080;31;0;2;1;2;1
202200030233;760 082;7;0;2;4;1;1
202200030234;760 077;50;0;2;1;1;3
202200030234;760 079;7;0;2;1;1;1
202200030235;760 075;10;0;2;3;0;1
202200030235;760 078;7;1;2;1;1;1
202200030236;760 074;7;0;2;3;0;0
202200030236;760 076;1;0;2;1;1;5
202200030237;760 070;10;0;2;0;0;0
202200030237;760 072;14;0;2;1;24;0
202200030238;760 068;10;0;2;1;1;1
202200030238;760 071;7;0;0;4;1;3
202200030238;760 073;7;0;2;4;1;1
202200030239;760 069;32;0;1;2;1;1
202200030240;760 067;34;0;0;8;1;1
202200030241;760 064;15;0;2;3;1;1
202200030241;760 066;7;0;2;5;12;1
202200030242;760 063;10;0;2;0;16;0
202200030242;760 065;1;0;2;0;16;5
202200030243;760 062;3;0;1;1;1;1
202200030244;760 060;7;6;0;1;1;1
202200030245;760 058;50;0;2;7;17;3
202200030245;760 061;1;0;2;8;1;5
202200030246;760 055;7;0;9;0;1;1
202200030246;760 057;7;6;2;1;1;1
202200030246;760 059;7;0;2;1;15;1
202200030247;760 051;80;0;0;0;25;3
202200030248;760 050;17;14;0;2;1;1
202200030248;760 053;17;0;0;0;1;1
202200030248;760 054;7;14;0;1;1;1
202200030248;760 056;7;0;2;1;2;1
202200030249;760 046;7;0;2;4;2;2
202200030249;760 048;7;0;2;4;2;1
202200030249;760 049;7;0;2;4;2;1
202200030249;760 052;7;0;2;1;2;1
202200030250;760 045;7;15;0;1;14;1
202200030251;760 044;7;0;2;2;1;1
202200030251;760 047;43;0;2;3;1;1
202200030252;760 040;7;0;2;4;2;1
202200030252;760 042;2;0;2;2;1;1
202200030252;760 043;7;0;2;3;16;1
202200030253;760 039;34;0;2;1;13;1
202200030253;760 041;7;0;2;3;2;1
202200030254;760 037;7;2;0;1;26;1
202200030255;760 034;43;0;2;1;1;1
202200030255;760 036;7;0;2;3;16;1
202200030256;760 033;7;0;1;1;16;1
202200030257;760 035;1;0;0;8;15;5
202200030257;760 038;7;0;2;2;1;1
202200030258;760 030;10;0;0;4;23;1
202200030258;760 032;10;0;2;1;26;1
202200030259;760 029;13;0;2;7;17;0
202200030259;760 031;2;0;2;0;17;1
202200030260;760 028;7;1;0;1;1;1
202200030261;760 027;7;0;1;1;26;1
202200030262;760 020;7;0;1;4;1;1
202200030262;760 024;7;0;2;1;26;1
202200030263;760 022;33;14;0;8;1;1
202200030264;760 018;7;0;1;1;26;1
202200030265;760 017;7;0;2;1;1;1
202200030265;760 019;7;0;2;1;15;1
202200030266;760 016;7;0;1;1;26;1
202200030267;760 010;43;0;2;1;1;1
202200030267;760 013;10;0;2;2;1;1
202200030268;760 011;1;0;2;1;15;5
202200030268;760 014;7;0;2;2;1;1
202200030269;760 006;7;0;2;3;13;1
202200030269;760 008;7;0;2;3;13;1
202200030270;760 012;1;0;2;1;1;5
202200030270;760 015;7;0;2;2;11;1
202200030271;760 004;7;1;0;0;0;1
202200030271;760 005;7;1;0;0;0;1
202200030271;760 007;7;1;0;0;0;1
202200030271;760 009;7;0;2;4;23;1
202200030272;760 003;7;2;0;7;1;1
202200030273;760 001;7;0;2;5;15;1
202200030273;760 002;2;0;2;1;1;1
202200030274;759 998;31;1;0;4;24;3
202200030274;760 000;7;1;0;1;1;1
202200030275;759 995;3;0;9;2;1;1
202200030275;759 997;1;0;2;3;19;5
202200030276;759 993;1;0;0;0;0;5
202200030277;759 992;7;0;1;2;15;1
202200030278;759 994;7;0;2;6;0;1
202200030278;759 996;7;0;2;4;1;1
202200030278;759 999;7;0;2;1;2;1
202200030279;759 988;7;0;2;8;15;1
202200030279;759 990;30;0;2;1;25;0
202200030280;759 989;7;0;2;1;13;1
202200030280;759 991;7;0;2;1;1;1
202200030281;759 986;7;0;1;4;20;1
202200030282;759 985;33;6;0;1;1;1
202200030283;759 984;7;16;0;1;16;1
202200030284;759 983;7;8;0;5;15;1
202200030284;759 987;7;0;2;1;1;1
202200030285;759 980;2;0;2;1;1;1
202200030285;759 982;7;0;2;2;15;1
202200030286;759 979;7;0;2;1;15;1
202200030286;759 981;2;15;2;3;1;1
202200030287;759 976;33;0;2;1;1;1
202200030287;759 978;7;0;2;2;1;3
202200030288;759 975;7;0;1;1;15;1
202200030289;759 972;17;0;0;2;2;1
202200030290;759 971;7;0;2;3;15;1
202200030290;759 974;30;0;2;3;1;1
202200030291;759 973;7;0;2;3;26;6
202200030291;759 977;34;0;2;1;0;0
202200030292;759 969;33;0;2;1;2;1
202200030292;759 970;10;0;2;4;1;1
202200030293;759 967;7;0;2;3;19;1
202200030293;759 968;7;0;2;2;19;1
202200030294;759 966;0;0;1;0;0;0
202200030295;759 964;7;0;2;2;12;1
202200030295;759 965;7;0;2;6;1;1
202200030296;759 961;15;0;2;0;1;1
202200030296;759 962;34;0;2;9;17;1
202200030296;759 963;7;0;2;8;1;1
202200030297;759 957;1;8;0;1;25;5
202200030298;759 956;10;0;2;3;2;1
202200030298;759 958;7;0;2;5;1;1
202200030298;759 959;7;0;2;8;2;1
202200030299;759 953;7;0;0;7;15;2
202200030299;759 955;7;0;0;1;26;1
202200030300;759 952;10;4;2;1;2;1
202200030300;759 954;7;0;2;5;2;1
202200030301;759 951;13;0;2;2;16;1
202200030301;759 960;1;0;2;1;0;5
202200030302;759 949;10;0;2;1;1;1
202200030302;759 950;7;0;2;1;13;3
202200030303;759 948;7;3;0;1;1;1
202200030304;759 945;7;3;0;1;0;1
202200030305;759 944;7;0;2;3;16;1
202200030305;759 947;50;0;2;1;1;3
202200030306;759 946;2;0;0;8;2;1
202200030307;759 942;10;0;1;0;9;1
202200030308;759 941;7;0;2;6;13;2
202200030308;759 943;33;0;2;7;3;1
202200030309;759 937;10;0;2;4;2;1
202200030309;759 939;7;0;2;1;2;1
202200030310;759 936;10;0;0;0;0;0
202200030310;759 938;33;0;2;8;3;1
202200030311;759 940;80;0;0;1;1;3
202200030312;759 933;7;0;2;5;1;1
202200030312;759 935;15;0;2;1;1;1
202200030313;759 931;7;0;2;1;2;1
202200030313;759 932;10;0;2;4;2;1
202200030313;759 934;7;0;2;4;2;1
202200030314;759 929;10;0;1;2;15;1
202200030315;759 928;7;4;0;7;1;1
202200030316;759 925;7;0;2;1;1;1
202200030316;759 926;2;0;2;1;13;1
202200030317;759 927;2;0;2;3;1;1
202200030317;759 930;7;0;2;2;15;1
202200030318;759 921;7;0;2;3;1;1
202200030318;759 923;33;0;2;2;17;1
202200030319;759 922;7;1;2;2;3;1
202200030319;759 924;7;0;2;6;23;1
202200030320;759 915;7;0;2;4;1;1
202200030320;759 917;7;0;2;9;1;1
202200030320;759 919;14;0;2;1;1;1
202200030321;759 914;7;0;2;1;2;1
202200030321;759 918;7;0;2;4;2;1
202200030322;759 913;7;6;0;2;14;1
202200030323;759 910;7;13;0;1;1;1
202200030324;759 911;33;0;2;3;3;1
202200030324;759 912;7;0;2;5;21;1
202200030325;759 909;7;0;2;2;15;1
202200030325;759 916;7;0;2;3;15;1
202200030325;759 920;7;0;2;3;9;1
202200030326;759 905;7;0;2;4;2;1
202200030326;759 907;7;0;2;1;1;1
202200030327;759 904;0;0;1;0;1;0
202200030328;759 900;7;0;2;7;12;1
202200030328;759 901;34;0;2;8;1;1
202200030328;759 902;7;0;2;6;1;1
202200030328;759 903;7;0;2;5;1;2
202200030329;759 906;7;0;2;3;1;1
202200030329;759 908;7;0;2;4;15;1
202200030330;759 899;7;0;1;1;16;1
202200030331;759 896;7;0;2;4;2;1
202200030331;759 897;10;0;2;4;2;1
202200030331;759 898;10;0;2;1;2;1
202200030332;759 891;10;0;2;8;11;1
202200030332;759 893;31;3;2;7;3;1
202200030332;759 894;7;0;2;5;1;2
202200030333;759 892;7;0;1;1;2;1
202200030333;759 895;7;0;2;1;2;1
202200030334;759 889;43;0;2;8;2;1
202200030335;759 884;7;0;2;1;2;1
202200030335;759 886;31;4;2;4;1;1
202200030336;759 885;7;9;2;1;1;1
202200030336;759 887;7;9;2;1;1;1
202200030337;759 883;7;4;0;0;0;1
202200030338;759 881;7;8;0;1;2;1
202200030339;759 880;7;0;2;3;1;1
202200030339;759 882;7;0;2;2;21;1
202200030340;759 877;31;0;2;8;1;1
202200030340;759 879;7;0;2;2;10;1
202200030341;759 876;7;0;2;3;9;1
202200030341;759 878;7;0;2;2;1;1
202200030342;759 875;7;0;1;1;1;1
202200030343;759 874;31;0;0;0;0;1
202200030344;759 872;31;0;2;1;3;1
202200030344;759 873;7;0;2;3;9;1
202200030345;759 870;15;0;2;6;1;1
202200030345;759 871;7;3;2;8;13;1
202200030346;759 868;7;0;2;3;15;1
202200030346;759 869;7;0;2;2;26;1
202200030347;759 866;7;0;0;3;9;1
202200030347;759 867;1;0;2;1;1;5
202200030348;759 864;7;0;2;7;1;1
202200030348;759 865;7;0;2;1;1;1
202200030349;759 862;7;1;0;6;24;1
202200030349;759 863;31;1;0;2;0;1
202200030350;759 859;7;3;2;1;12;1
202200030350;759 860;15;0;2;3;1;1
202200030350;759 861;33;0;0;4;1;1
202200030351;759 857;1;0;2;1;1;5
202200030351;759 858;7;0;9;3;15;1
202200030352;759 855;7;0;9;2;1;1
202200030352;759 856;50;0;2;1;1;3
202200030353;759 854;7;13;0;1;1;1
202200030354;759 852;34;0;2;1;14;1
202200030354;759 853;7;0;0;6;15;1
202200030355;759 851;2;0;0;0;0;1
202200030356;759 850;13;2;0;3;13;1
202200030357;759 848;7;0;2;3;13;1
202200030357;759 849;7;0;2;1;1;1
202200030358;759 846;10;0;2;1;1;1
202200030358;759 847;7;0;2;6;15;1
202200030359;759 844;7;0;2;4;15;1
202200030359;759 845;7;0;2;2;2;1
202200030360;759 842;7;0;9;3;2;1
202200030360;759 843;1;0;2;7;1;5
202200030361;759 840;7;0;0;8;1;1
202200030361;759 841;33;0;2;1;19;1
202200030362;759 838;10;0;2;4;4;1
202200030362;759 839;7;0;2;1;1;1
202200030363;759 837;1;13;0;0;14;5
202200030364;759 835;7;0;2;8;15;1
202200030364;759 836;33;0;2;1;1;1
202200030365;759 833;32;0;2;1;1;1
202200030365;759 834;7;0;2;1;13;1
202200030366;759 832;2;0;0;0;20;1
202200030367;759 831;7;0;1;6;4;1
202200030368;759 829;7;0;2;3;0;1
202200030368;759 830;7;0;2;3;13;2
202200030369;759 828;1;0;0;0;1;5
202200030370;759 826;7;0;2;3;1;1
202200030370;759 827;7;0;2;0;19;1
202200030371;759 824;33;0;2;2;17;1
202200030371;759 825;7;0;2;3;15;1
202200030372;759 822;10;0;0;0;0;0
202200030372;759 823;30;0;2;2;1;1
202200030373;759 820;7;0;2;2;1;1
202200030373;759 821;1;0;2;1;5;5
202200030374;759 819;7;0;5;3;1;1
202200030375;759 818;7;0;1;1;15;0
202200030376;759 817;7;5;0;2;13;1
202200030377;759 813;7;0;2;3;5;1
202200030377;759 814;33;0;2;1;1;1
202200030378;759 815;14;0;2;5;2;1
202200030378;759 816;1;1;2;1;2;5
202200030379;759 812;7;8;0;1;14;1
202200030380;759 810;34;0;2;7;1;1
202200030380;759 811;10;0;2;8;15;1
202200030381;759 807;7;0;2;7;9;1
202200030381;759 809;10;13;0;8;1;1
202200030382;759 808;7;0;1;2;1;1
202200030383;759 804;7;0;2;1;1;1
202200030383;759 805;7;8;2;7;1;1
202200030384;759 803;7;0;2;2;15;1
202200030384;759 806;7;0;2;1;1;1
202200030385;759 801;7;13;0;2;14;1
202200030386;759 800;7;0;2;3;15;1
202200030386;759 802;2;0;2;0;0;0
202200030387;759 797;7;0;2;3;1;2
202200030387;759 799;7;0;2;3;13;1
202200030388;759 795;33;2;0;1;1;1
202200030389;759 796;7;0;2;1;18;1
202200030389;759 798;33;0;2;1;15;1
202200030390;759 792;7;0;2;3;1;0
202200030390;759 794;14;0;2;8;1;0
202200030391;759 791;7;0;2;5;1;1
202200030391;759 793;7;0;2;5;19;1
202200030392;759 790;33;0;0;0;1;1
202200030393;759 787;1;0;2;8;2;5
202200030393;759 788;10;0;2;7;2;1
202200030394;759 786;34;0;2;8;21;1
202200030394;759 789;50;0;2;0;0;3
202200030395;759 784;2;0;0;0;1;3
202200030396;759 785;2;0;0;0;0;1
202200030397;759 782;7;0;1;1;0;1
202200030398;759 783;10;0;1;2;1;1
202200030399;759 779;7;0;2;1;13;1
202200030399;759 781;7;0;2;1;2;0
202200030400;759 777;7;0;2;0;0;1
202200030400;759 780;1;0;2;0;0;5
202200030401;759 775;7;4;2;7;13;1
202200030401;759 776;7;0;2;8;1;1
202200030401;759 778;15;0;2;1;1;1
202200030402;759 772;7;0;2;8;1;0
202200030402;759 774;7;0;2;3;15;0
202200030403;759 771;33;0;2;7;17;1
202200030403;759 773;10;0;2;8;15;1
202200030404;759 768;30;0;2;2;1;1
202200030404;759 770;7;0;2;3;15;1
202200030405;759 769;7;0;0;2;19;1
202200030406;759 766;7;0;2;7;0;3
202200030406;759 767;33;0;2;1;1;1
202200030407;759 763;7;0;2;7;0;1
202200030407;759 765;7;0;2;1;0;1
202200030408;759 764;7;0;1;2;16;0
202200030409;759 759;7;0;0;3;1;1
202200030409;759 760;7;0;0;6;11;1
202200030409;759 762;33;0;2;1;13;1
202200030410;759 758;1;0;2;8;18;5
202200030410;759 761;21;0;9;7;14;1
202200030411;759 756;1;0;2;1;1;5
202200030411;759 757;7;0;2;3;9;1
202200030412;759 755;7;0;1;3;19;1
202200030413;759 753;17;0;2;1;1;1
202200030413;759 754;7;3;2;0;12;1
202200030414;759 751;7;4;0;2;17;1
202200030415;759 750;2;0;2;8;17;1
202200030415;759 752;7;0;2;2;1;1
202200030416;759 748;33;0;2;1;13;1
202200030416;759 749;7;0;2;1;0;1
202200030417;759 745;7;0;2;1;1;1
202200030417;759 746;7;0;2;1;15;1
202200030418;759 744;7;2;2;3;1;1
202200030418;759 747;7;0;2;3;13;1
202200030419;759 741;33;3;0;0;1;1
202200030420;759 736;1;0;2;3;9;5
202200030420;759 737;7;0;9;1;1;2
202200030421;759 735;7;3;2;0;12;1
202200030421;759 738;7;3;2;0;12;1
202200030421;759 739;7;0;2;4;2;1
202200030421;759 740;7;0;2;1;2;1
202200030422;759 733;1;0;2;1;16;5
202200030422;759 734;10;0;2;1;1;1
202200030423;759 730;7;4;0;1;13;1
202200030424;759 731;43;0;2;1;17;1