Num_Acc;id_vehicule;categorie_vehicule;obstacle_fixe;obstacle_mobile;point_choc_initial;manoeuvre_principale;motorisation
202200030424;759 732;7;0;2;3;15;1
202200030425;759 728;7;0;2;4;2;1
202200030425;759 729;7;0;2;1;2;1
202200030426;759 727;0;0;1;0;0;0
202200030427;759 724;7;0;2;6;2;1
202200030427;759 725;33;0;2;3;3;1
202200030427;759 726;7;0;2;7;12;1
202200030428;759 722;7;0;2;3;15;1
202200030428;759 723;7;0;2;3;1;1
202200030429;759 720;7;4;0;1;13;1
202200030429;759 721;7;0;2;1;1;1
202200030430;759 719;17;4;0;3;2;1
202200030431;759 715;15;0;2;2;9;1
202200030431;759 717;7;0;2;6;1;1
202200030432;759 716;7;0;2;3;13;1
202200030432;759 718;20;0;2;3;21;1
202200030433;759 713;10;0;2;6;2;1
202200030433;759 714;31;0;2;1;2;1
202200030434;759 709;7;0;2;4;0;1
202200030434;759 711;33;0;2;1;3;1
202200030435;759 710;7;0;2;1;5;1
202200030435;759 712;7;0;2;1;1;1
202200030436;759 707;31;0;2;3;3;1
202200030436;759 708;10;0;2;5;12;1
202200030437;759 703;7;0;2;8;12;1
202200030437;759 705;14;0;2;0;0;1
202200030438;759 704;15;0;2;3;13;1
202200030438;759 706;15;13;2;3;1;1
202200030439;759 700;10;4;2;6;1;1
202200030439;759 701;7;4;2;3;1;1
202200030439;759 702;31;4;2;1;3;1
202200030440;759 696;7;4;2;1;1;1
202200030440;759 697;7;0;2;1;1;0
202200030441;759 694;7;0;2;1;2;1
202200030441;759 695;3;0;2;4;2;0
202200030442;759 691;7;0;2;8;0;1
202200030442;759 693;10;0;2;2;1;1
202200030443;759 690;7;0;2;1;11;1
202200030443;759 692;30;0;2;7;1;1
202200030444;759 689;32;14;0;1;1;1
202200030445;759 687;13;0;2;3;1;1
202200030445;759 688;7;0;2;3;1;1
202200030446;759 683;32;0;2;0;0;1
202200030446;759 684;7;0;2;2;1;1
202200030446;759 686;7;0;2;5;1;1
202200030447;759 681;10;0;2;1;19;1
202200030447;759 682;7;0;0;8;1;1
202200030448;759 678;7;17;0;9;26;1
202200030449;759 676;7;0;2;1;1;1
202200030449;759 677;7;0;2;1;13;1
202200030450;759 679;33;0;2;1;9;1
202200030450;759 680;13;0;2;0;1;1
202200030451;759 675;7;6;0;3;0;1
202200030452;759 672;7;0;0;3;0;1
202200030452;759 674;1;0;0;0;0;5
202200030453;759 671;7;0;9;4;23;1
202200030453;759 673;1;0;2;1;1;5
202200030454;759 669;80;0;2;1;9;3
202200030454;759 670;7;0;0;8;9;1
202200030455;759 667;7;12;0;1;13;1
202200030455;759 668;7;12;0;1;1;1
202200030456;759 665;7;0;0;4;1;2
202200030456;759 666;7;0;0;1;1;1
202200030457;759 664;7;4;0;7;1;1
202200030458;759 662;7;0;2;2;23;1
202200030458;759 663;7;0;2;6;2;1
202200030459;759 661;7;12;0;1;1;2
202200030460;759 658;7;0;1;1;1;1
202200030461;759 657;7;0;2;6;2;1
202200030461;759 659;7;0;2;3;1;1
202200030461;759 660;7;0;2;3;17;1
202200030462;759 656;7;0;1;1;1;2
202200030463;759 654;43;0;2;6;0;1
202200030463;759 655;10;0;2;6;0;1
202200030464;759 652;7;0;2;3;16;1
202200030464;759 653;7;0;2;2;1;1
202200030465;759 650;7;13;0;9;17;1
202200030466;759 649;7;0;2;6;15;1
202200030466;759 651;33;0;2;2;17;1
202200030467;759 648;17;13;0;1;0;1
202200030468;759 646;10;8;0;2;14;1
202200030469;759 645;7;0;2;0;9;0
202200030469;759 647;30;0;2;0;0;1
202200030470;759 643;7;0;0;4;2;1
202200030470;759 644;7;0;0;1;2;1
202200030471;759 637;7;0;2;4;2;1
202200030471;759 639;7;0;2;4;2;1
202200030471;759 640;7;0;2;4;2;1
202200030471;759 642;7;0;2;1;2;1
202200030472;759 638;7;0;2;1;19;1
202200030472;759 641;7;0;2;5;19;1
202200030473;759 634;7;2;0;7;0;1
202200030473;759 636;7;15;0;1;1;1
202200030474;759 633;30;0;2;7;0;1
202200030474;759 635;7;0;2;0;15;1
202200030475;759 631;33;0;2;1;3;1
202200030475;759 632;7;0;2;8;11;1
202200030476;759 629;10;0;2;4;2;1
202200030476;759 630;7;0;2;1;2;1
202200030477;759 627;7;0;2;4;2;1
202200030477;759 628;7;0;2;1;2;1
202200030478;759 624;10;0;2;1;11;1
202200030478;759 625;7;0;2;4;1;1
202200030479;759 623;33;0;2;1;16;1
202200030479;759 626;7;0;2;7;1;1
202200030480;759 621;7;0;1;1;15;1
202200030481;759 619;7;0;2;1;9;0
202200030481;759 620;7;0;2;1;21;0
202200030481;759 622;7;0;2;3;21;0
202200030482;759 616;33;0;2;7;8;1
202200030482;759 618;1;0;2;1;1;0
202200030483;759 615;7;0;2;4;2;1
202200030483;759 617;7;0;2;1;2;1
202200030484;759 613;7;0;1;2;1;1
202200030485;759 612;31;0;2;1;1;1
202200030485;759 614;7;0;2;1;19;1
202200030486;759 610;7;0;2;1;2;1
202200030486;759 611;7;0;2;6;2;1
202200030487;759 609;7;0;1;2;1;1
202200030488;759 608;7;0;1;5;1;1
202200030489;759 606;30;0;0;8;1;1
202200030490;759 605;34;0;2;1;5;1
202200030490;759 607;7;0;2;7;15;1
202200030491;759 603;33;1;2;3;1;1
202200030491;759 604;7;0;2;5;23;1
202200030492;759 602;3;0;0;3;21;1
202200030493;759 599;7;0;2;3;19;2
202200030493;759 601;50;0;2;1;19;3
202200030494;759 598;1;0;2;1;1;5
202200030494;759 600;7;0;2;3;9;1
202200030495;759 597;7;4;0;1;18;1
202200030496;759 594;7;0;2;1;2;1
202200030496;759 596;7;0;2;8;1;1
202200030497;759 593;7;6;2;3;1;1
202200030497;759 595;7;0;2;2;15;1
202200030498;759 591;7;0;2;3;11;1
202200030498;759 592;32;0;2;2;1;1
202200030499;759 589;7;0;1;4;26;1
202200030500;759 588;34;0;2;1;18;0
202200030500;759 590;7;0;2;2;16;1
202200030501;759 585;7;0;9;6;1;2
202200030501;759 587;41;0;2;1;19;1
202200030502;759 582;7;0;2;1;2;2
202200030502;759 583;7;0;2;4;1;1
202200030503;759 578;40;0;2;2;1;3
202200030503;759 579;1;0;4;1;15;5
202200030504;759 577;33;4;0;1;1;1
202200030505;759 575;7;1;2;1;0;2
202200030505;759 576;7;1;2;1;20;1
202200030506;759 571;7;0;0;6;2;1
202200030506;759 573;2;0;0;1;2;1
202200030507;759 568;7;0;2;1;1;1
202200030507;759 569;7;0;2;7;13;1
202200030508;759 564;7;0;2;0;26;2
202200030508;759 565;7;0;2;3;1;1
202200030508;759 567;33;0;2;2;17;1
202200030509;759 563;7;0;2;1;26;1
202200030509;759 566;50;0;2;8;1;3
202200030510;759 562;7;0;1;2;20;1
202200030511;759 558;7;0;2;1;2;1
202200030511;759 559;7;0;0;4;0;1
202200030512;759 557;7;6;0;0;14;1
202200030513;759 555;7;0;2;2;17;1
202200030513;759 556;3;0;2;6;21;1
202200030514;759 553;7;15;2;1;19;1
202200030514;759 554;34;15;2;8;1;1
202200030515;759 551;7;0;2;1;2;1
202200030515;759 552;7;0;2;4;2;1
202200030516;759 549;30;12;0;7;14;1
202200030517;759 548;50;0;2;9;9;3
202200030517;759 550;7;0;2;1;1;1
202200030518;759 546;1;0;2;1;1;5
202200030518;759 547;7;0;2;3;1;1
202200030519;759 544;7;0;2;2;1;1
202200030519;759 545;1;0;2;8;19;5
202200030520;759 542;33;0;2;3;1;1
202200030520;759 543;7;0;2;1;15;1
202200030521;759 539;1;0;2;1;1;5
202200030521;759 541;10;0;2;2;16;1
202200030522;759 538;33;0;2;1;1;1
202200030522;759 540;1;0;2;7;19;5
202200030523;759 536;15;6;0;1;23;1
202200030524;759 535;50;0;2;3;1;3
202200030524;759 537;10;0;2;2;16;1
202200030525;759 532;7;0;2;2;1;1
202200030525;759 533;50;0;2;1;19;3
202200030526;759 531;7;0;2;3;1;1
202200030526;759 534;7;0;2;3;1;0
202200030527;759 529;7;8;0;2;1;1
202200030528;759 528;7;0;2;1;15;1
202200030528;759 530;1;0;2;2;15;5
202200030529;759 526;7;1;0;2;14;1
202200030530;759 525;7;0;2;1;1;1
202200030530;759 527;7;0;2;4;1;1
202200030531;759 521;1;0;2;1;1;5
202200030531;759 523;10;0;2;6;1;1
202200030532;759 519;7;0;2;1;1;0
202200030532;759 520;7;0;2;4;1;1
202200030532;759 522;7;0;2;3;20;0
202200030532;759 524;7;0;2;0;0;0
202200030533;759 516;7;0;2;1;1;1
202200030533;759 518;30;0;2;7;15;1
202200030534;759 515;7;0;2;1;26;1
202200030534;759 517;30;0;2;2;2;1
202200030535;759 514;7;8;0;3;1;1
202200030536;759 513;7;0;1;2;1;1
202200030537;759 510;7;0;2;3;15;1
202200030537;759 512;32;0;2;2;1;1
202200030538;759 509;7;0;2;1;13;1
202200030538;759 511;7;0;2;1;1;1
202200030539;759 507;7;0;9;0;15;1
202200030540;759 506;7;0;2;3;1;1
202200030540;759 508;7;0;2;3;1;1
202200030541;759 501;7;0;0;1;2;1
202200030541;759 502;7;0;0;4;2;1
202200030541;759 504;7;0;0;4;2;1
202200030541;759 505;7;0;0;4;2;1
202200030542;759 500;1;0;2;1;1;5
202200030542;759 503;7;0;2;1;15;1
202200030543;759 498;1;0;2;0;9;5
202200030543;759 499;7;0;2;0;0;0
202200030544;759 497;2;0;1;3;1;0
202200030545;759 496;10;0;1;3;15;1
202200030546;759 493;33;0;2;1;25;1
202200030546;759 495;7;0;9;2;0;1
202200030547;759 492;10;0;9;5;17;1
202200030547;759 494;1;0;2;8;13;5
202200030548;759 490;32;0;1;0;14;0
202200030549;759 491;33;1;0;1;26;1
202200030550;759 489;10;4;0;1;19;1
202200030551;759 487;7;0;2;1;17;1
202200030551;759 488;7;0;2;1;1;1
202200030552;759 486;7;0;1;1;1;1
202200030553;759 484;7;0;2;3;1;1
202200030553;759 485;33;0;2;1;13;1
202200030554;759 480;7;0;2;4;2;1
202200030554;759 482;33;0;2;1;26;1
202200030555;759 481;7;0;2;3;1;2
202200030555;759 483;7;0;2;3;1;1
202200030556;759 479;1;0;2;0;0;5
202200030557;759 477;1;0;2;1;1;5
202200030557;759 478;7;0;2;1;1;1
202200030558;759 475;31;0;0;0;1;1
202200030559;759 476;7;0;1;3;1;1
202200030560;759 473;38;0;9;1;1;1
202200030560;759 474;34;0;9;1;26;1
202200030561;759 470;7;0;2;2;1;1
202200030561;759 472;31;0;2;1;13;0
202200030562;759 469;10;1;2;1;1;1
202200030562;759 471;7;1;2;8;1;1
202200030563;759 468;7;0;1;4;4;1
202200030564;759 465;7;0;1;2;17;1
202200030565;759 466;7;0;2;1;2;0
202200030565;759 467;7;0;2;4;2;1
202200030566;759 463;7;0;2;8;10;1
202200030566;759 464;7;0;2;1;17;1
202200030567;759 461;1;0;2;9;2;5
202200030567;759 462;37;0;2;7;17;1
202200030568;759 459;33;0;2;1;17;1
202200030568;759 460;7;0;2;3;15;1
202200030569;759 456;50;0;2;1;1;3
202200030569;759 458;7;0;2;4;20;1
202200030570;759 454;10;16;0;0;1;0
202200030571;759 453;7;8;0;1;26;1
202200030572;759 451;7;14;2;2;2;1
202200030572;759 452;7;14;2;3;17;1
202200030573;759 447;7;0;2;1;13;1
202200030573;759 448;37;0;2;1;1;2
202200030574;759 449;33;0;2;2;17;1
202200030574;759 450;7;0;2;6;15;1
202200030575;759 445;32;0;2;1;1;1
202200030575;759 446;7;0;2;2;15;1
202200030576;759 441;10;0;2;5;15;1
202200030576;759 444;7;0;2;1;26;1
202200030577;759 440;7;12;0;1;26;1
202200030578;759 437;7;0;2;5;16;1
202200030578;759 439;7;0;2;3;9;1
202200030579;759 436;7;0;2;1;1;1
202200030579;759 438;7;0;2;2;15;1
202200030580;759 434;7;0;1;8;1;1
202200030581;759 433;7;0;2;2;15;1
202200030581;759 435;2;0;2;1;1;1
202200030582;759 431;7;0;2;0;0;1
202200030582;759 432;7;0;2;1;1;1
202200030583;759 430;80;0;1;2;1;3
202200030584;759 429;1;0;1;1;1;5
202200030585;759 427;30;12;0;1;1;1
202200030586;759 425;37;0;1;8;1;1
202200030587;759 426;7;0;2;3;9;1
202200030587;759 428;50;0;2;7;1;3
202200030588;759 424;7;0;1;2;14;1
202200030589;759 423;33;0;0;0;1;1
202200030590;759 422;30;0;2;3;16;1
202200030591;759 419;33;0;2;1;1;1
202200030591;759 421;7;0;2;6;15;1
202200030592;759 418;7;0;2;3;15;1
202200030592;759 420;33;0;2;7;17;1
202200030593;759 414;7;0;2;4;2;1
202200030593;759 416;7;0;2;4;2;1
202200030593;759 417;7;0;2;1;2;1
202200030594;759 412;7;0;2;3;15;2
202200030594;759 415;7;0;2;1;1;1
202200030595;759 411;7;0;2;3;15;1
202200030595;759 413;50;0;2;3;0;3
202200030596;759 409;7;0;1;1;1;3
202200030597;759 408;7;0;2;3;15;1
202200030597;759 410;17;0;2;2;1;1
202200030598;759 407;7;0;1;1;1;1
202200030599;759 405;7;0;2;1;9;1
202200030599;759 406;1;0;2;0;0;5
202200030600;759 403;10;0;2;2;12;1
202200030600;759 404;7;0;2;1;14;1
202200030601;759 402;50;1;0;1;1;3
202200030602;759 399;2;0;2;8;1;1
202200030602;759 400;7;0;2;3;11;1
202200030603;759 396;7;0;9;1;1;1
202200030603;759 397;1;0;2;7;15;5
202200030604;759 398;7;0;2;4;2;1
202200030604;759 401;7;0;2;1;2;1
202200030605;759 393;7;0;2;4;26;1
202200030605;759 394;7;0;2;1;1;1
202200030606;759 392;7;0;2;3;2;1
202200030606;759 395;2;0;2;5;2;1
202200030607;759 389;7;0;2;4;1;1
202200030607;759 390;7;0;2;4;1;1
202200030607;759 391;7;0;2;1;1;1
202200030608;759 386;7;0;2;2;1;3
202200030608;759 388;7;0;2;3;9;1
202200030609;759 385;7;0;2;1;1;1
202200030609;759 387;7;0;2;1;1;1
202200030610;759 383;50;0;2;1;1;3
202200030610;759 384;7;0;2;5;16;1
202200030611;759 381;31;0;2;1;1;1
202200030611;759 382;7;0;2;4;15;1
202200030612;759 379;7;0;2;1;1;1
202200030612;759 380;7;0;2;4;1;1
202200030613;759 377;7;0;1;3;0;1
202200030614;759 375;7;15;0;1;13;1
202200030615;759 376;7;0;2;6;0;0
202200030615;759 378;1;0;2;1;19;5
202200030616;759 373;7;0;2;2;16;2
202200030616;759 374;1;0;2;1;1;5
202200030617;759 370;7;0;2;1;15;1
202200030617;759 371;10;0;2;3;21;1
202200030618;759 367;7;6;2;1;26;1
202200030618;759 369;7;0;2;1;1;1
202200030619;759 365;15;0;2;4;1;1
202200030619;759 366;7;0;2;1;1;1
202200030620;759 368;7;0;2;2;16;1
202200030620;759 372;7;0;2;3;1;1
202200030621;759 364;7;8;0;1;15;1
202200030622;759 362;7;0;1;7;19;1
202200030623;759 361;34;0;2;1;1;1
202200030623;759 363;7;0;2;1;1;1
202200030624;759 359;7;0;2;1;1;1
202200030624;759 360;7;0;2;2;15;1
202200030625;759 357;7;16;0;1;1;1
202200030626;759 356;7;0;1;2;16;0
202200030627;759 353;10;0;0;0;0;1
202200030627;759 354;10;0;0;0;0;1
202200030628;759 355;32;0;2;1;1;1
202200030628;759 358;30;0;2;7;19;1
202200030629;759 351;7;0;2;6;15;1
202200030629;759 352;33;0;2;2;1;1
202200030630;759 349;7;8;0;1;26;1
202200030631;759 346;7;0;2;2;1;3
202200030631;759 347;7;0;2;3;9;1
202200030632;759 348;33;0;2;2;2;1
202200030632;759 350;7;0;2;3;9;1
202200030633;759 344;32;0;2;3;5;1
202200030633;759 345;7;0;2;3;5;1
202200030634;759 343;31;0;2;8;1;1
202200030635;759 342;32;0;1;3;1;1
202200030636;759 340;43;0;2;1;18;1
202200030636;759 341;7;0;2;6;1;0
202200030637;759 336;7;0;2;1;2;1
202200030637;759 337;10;0;2;4;2;1
202200030637;759 338;10;0;2;4;2;1
202200030638;759 332;34;0;2;7;3;1
202200030638;759 333;7;0;2;5;1;1
202200030638;759 334;7;0;2;8;1;1
202200030639;759 335;7;0;2;1;2;1
202200030639;759 339;7;0;2;4;23;1
202200030640;759 330;43;0;2;3;18;1
202200030640;759 331;7;0;2;7;23;1
202200030641;759 327;31;0;2;1;2;1
202200030641;759 328;7;0;2;4;2;1
202200030642;759 325;37;0;1;2;7;1
202200030643;759 326;7;0;2;3;1;1
202200030643;759 329;32;0;2;7;17;1
202200030644;759 323;80;0;2;1;1;3
202200030644;759 324;7;0;2;3;22;1
202200030645;759 322;7;0;1;8;20;1
202200030646;759 321;7;0;1;4;20;1
202200030647;759 316;7;0;2;1;23;1
202200030647;759 317;7;0;2;2;1;1
202200030647;759 318;7;0;2;3;1;1
202200030647;759 320;7;0;2;3;21;1
202200030648;759 315;7;0;2;4;23;1
202200030648;759 319;32;0;2;1;2;1
202200030649;759 314;7;0;1;1;18;0
202200030650;759 311;7;0;2;2;15;1
202200030650;759 312;30;0;2;1;1;1
202200030651;759 307;34;0;2;2;17;0
202200030651;759 308;7;0;2;6;17;1
202200030652;759 309;10;0;2;8;11;1
202200030652;759 310;7;0;2;2;1;1
202200030652;759 313;33;0;2;7;3;1
202200030653;759 306;30;0;0;8;1;3
202200030654;759 304;7;6;2;9;20;2
202200030655;759 301;32;0;2;7;3;1
202200030655;759 302;7;0;2;2;15;1
202200030656;759 303;10;0;2;1;15;1
202200030656;759 305;33;0;2;8;1;1
202200030657;759 300;7;13;0;8;0;1
202200030658;759 298;7;0;2;1;2;1
202200030658;759 299;7;0;0;6;2;1
202200030659;759 294;7;6;2;1;1;1
202200030659;759 296;7;0;2;2;1;2
202200030660;759 295;7;0;2;2;16;1
202200030660;759 297;80;0;2;7;19;3
202200030661;759 291;7;0;2;3;1;1
202200030661;759 293;7;0;2;3;15;1
202200030662;759 292;1;0;1;2;21;5
202200030663;759 285;7;0;0;8;15;1
202200030663;759 287;7;0;2;1;0;1
202200030664;759 286;50;0;2;1;5;3
202200030664;759 288;50;0;2;1;1;3
202200030665;759 283;50;0;2;1;1;3
202200030665;759 284;7;0;9;0;9;1
202200030666;759 281;7;0;1;2;1;1
202200030667;759 282;7;0;1;2;1;1
202200030668;759 279;7;0;2;1;1;1
202200030668;759 280;7;0;2;1;13;1
202200030669;759 277;10;0;9;0;2;1
202200030669;759 278;1;0;2;4;2;5
202200030670;759 273;7;0;2;3;1;1
202200030670;759 275;7;0;2;3;1;1
202200030671;759 274;7;0;2;7;22;1
202200030671;759 276;31;0;2;3;18;1
202200030672;759 272;7;13;0;1;0;3
202200030673;759 268;7;0;2;1;2;1
202200030673;759 270;7;0;2;1;1;1
202200030673;759 271;7;0;2;4;15;1
202200030674;759 269;50;0;0;0;1;3
202200030675;759 267;7;0;0;0;2;1
202200030676;759 265;7;0;2;3;1;1
202200030676;759 266;10;0;2;3;1;1
202200030677;759 262;7;0;2;1;1;1
202200030677;759 263;7;0;2;1;1;1
202200030678;759 264;37;0;2;5;7;3
202200030679;759 261;7;9;0;1;1;1
202200030680;759 259;33;0;0;0;1;1
202200030681;759 260;10;0;1;1;15;1
202200030682;759 258;7;2;0;1;1;1
202200030683;759 257;7;7;0;1;1;1
202200030684;759 255;50;0;2;0;0;3
202200030684;759 256;7;0;2;6;14;1
202200030685;759 253;7;0;2;1;1;1
202200030685;759 254;7;0;2;7;19;1
202200030686;759 252;10;7;0;2;13;1
202200030687;759 251;33;0;0;0;1;1
202200030688;759 248;7;0;2;3;1;1
202200030688;759 249;7;0;2;3;1;1
202200030689;759 246;7;0;0;0;1;1
202200030690;759 245;10;0;2;4;2;1
202200030690;759 247;7;0;2;3;2;1
202200030690;759 250;7;0;2;1;2;1
202200030691;759 243;7;0;2;1;1;1
202200030691;759 244;7;15;2;1;5;1
202200030692;759 237;7;0;2;4;2;1
202200030692;759 238;7;0;2;4;2;1
202200030692;759 241;10;0;2;1;1;1
202200030693;759 235;7;0;2;1;1;1
202200030693;759 236;7;0;2;1;15;0
202200030694;759 233;7;0;2;2;15;1
202200030694;759 234;7;0;2;3;1;1
202200030695;759 231;7;0;2;2;0;1
202200030695;759 232;32;0;2;0;0;1
202200030696;759 229;10;0;2;3;9;1
202200030696;759 230;50;0;2;2;2;3
202200030697;759 227;7;0;2;6;1;0
202200030697;759 228;7;0;2;2;1;0
202200030698;759 226;7;0;1;2;1;1
202200030699;759 224;7;0;2;2;19;0
202200030699;759 225;1;0;2;2;1;5
202200030700;759 223;50;0;1;1;19;3
202200030701;759 222;1;0;1;1;0;5
202200030702;759 221;36;15;0;0;1;1
202200030703;759 219;7;0;2;3;1;1
202200030703;759 220;7;0;2;1;13;1
202200030704;759 218;7;13;0;2;1;1
202200030705;759 217;7;2;0;0;1;1
202200030706;759 215;33;0;0;4;1;1
202200030706;759 216;7;0;2;1;1;1
202200030707;759 213;7;0;2;3;1;1
202200030707;759 214;32;0;2;1;6;1
202200030708;759 211;7;0;2;2;1;1
202200030708;759 212;7;0;2;3;9;1
202200030709;759 209;7;0;2;3;1;1
202200030709;759 210;2;15;2;3;13;1
202200030710;759 207;7;0;0;4;2;1
202200030710;759 208;31;0;2;1;2;1
202200030711;759 205;2;0;2;8;19;1
202200030711;759 206;7;0;2;3;1;1
202200030712;759 204;7;0;1;1;1;1
202200030713;759 202;7;0;2;1;1;1
202200030713;759 203;7;0;2;1;15;1
202200030714;759 201;7;6;0;1;13;1
202200030715;759 200;7;0;1;1;1;0
202200030716;759 198;7;0;0;7;1;1
202200030716;759 199;7;0;2;1;1;1
202200030717;759 195;7;0;2;7;16;1
202200030717;759 196;1;0;2;8;1;5
202200030718;759 194;7;2;0;1;1;0
202200030719;759 193;7;0;1;0;1;1
202200030720;759 191;10;0;0;2;9;0
202200030720;759 192;7;0;0;6;15;1
202200030721;759 189;13;0;2;2;11;1
202200030721;759 190;10;8;2;3;11;1
202200030722;759 188;7;0;0;9;1;1
202200030723;759 187;7;0;1;3;1;1
202200030724;759 185;7;0;2;2;15;1
202200030724;759 186;7;0;2;1;1;1
202200030725;759 183;32;0;2;1;1;1
202200030725;759 184;7;0;2;3;13;1
202200030726;759 182;7;0;1;1;0;1
202200030727;759 181;7;7;0;1;1;1
202200030728;759 179;7;0;2;1;13;1
202200030728;759 180;7;0;2;1;1;1
202200030729;759 177;7;0;2;1;1;1
202200030729;759 178;7;0;2;1;1;1
202200030730;759 176;7;0;1;1;1;1
202200030731;759 175;10;7;0;1;0;1
202200030732;759 174;7;3;0;8;1;1
202200030733;759 172;7;0;2;3;0;1
202200030733;759 173;2;0;2;1;1;1
202200030734;759 171;7;0;1;2;14;1
202200030735;759 170;10;0;0;1;1;1
202200030736;759 169;33;8;0;1;1;1
202200030737;759 167;7;0;2;1;1;1
202200030737;759 168;10;0;2;1;1;1
202200030738;759 164;31;6;0;1;1;1
202200030739;759 163;7;2;0;1;6;1
202200030740;759 162;7;0;0;9;0;1
202200030741;759 161;7;13;0;1;16;1
202200030742;759 160;7;9;0;1;1;1
202200030743;759 158;1;0;2;4;2;5
202200030743;759 159;7;0;9;2;2;1
202200030744;759 155;7;0;2;3;13;1
202200030744;759 156;33;0;2;1;1;1
202200030744;759 157;33;12;0;7;21;1
202200030745;759 154;7;8;0;0;0;1
202200030746;759 153;33;3;0;7;1;1
202200030747;759 152;33;12;0;7;1;1
202200030748;759 150;10;0;2;3;1;1
202200030748;759 151;1;0;2;1;23;5
202200030749;759 146;7;0;2;4;1;1
202200030749;759 147;7;0;2;1;1;1
202200030749;759 148;7;;;;;
202200030749;759 149;7;;;;;
202200030750;759 144;16;0;2;7;12;1
202200030750;759 145;7;4;2;8;1;1
202200030751;759 143;7;4;0;1;21;1
202200030752;759 141;7;0;2;1;11;1
202200030752;759 142;7;0;2;4;1;1
202200030753;759 140;7;5;0;1;12;1
202200030754;759 138;34;0;2;1;3;0
202200030754;759 139;7;0;2;2;12;2
202200030755;759 134;7;0;2;3;3;1
202200030755;759 135;15;0;2;1;1;1
202200030755;759 136;7;0;2;2;1;1
202200030755;759 137;7;0;2;7;1;1
202200030756;759 132;15;0;2;2;1;1
202200030756;759 133;33;0;2;6;3;1
202200030757;759 130;7;0;2;4;2;1
202200030757;759 131;33;0;2;1;1;1
202200030758;759 129;1;0;1;1;25;5
202200030759;759 128;30;0;1;1;26;1
202200030760;759 126;7;1;0;2;2;1
202200030760;759 127;7;0;2;6;24;1
202200030761;759 125;7;0;1;2;1;1
202200030762;759 124;7;0;1;1;9;1
202200030763;759 122;30;0;2;1;2;0
202200030763;759 123;7;0;2;6;2;0
202200030764;759 120;99;0;2;1;15;3
202200030764;759 121;30;0;2;8;1;1
202200030765;759 118;7;0;2;8;1;1
202200030765;759 119;7;0;2;1;1;1
202200030766;759 116;1;0;2;7;1;0
202200030766;759 117;7;0;9;3;9;2
202200030767;759 113;7;0;2;1;1;1
202200030767;759 114;7;0;2;3;1;1
202200030767;759 115;7;0;2;3;1;1
202200030768;759 111;7;0;2;9;2;1
202200030768;759 112;7;0;2;9;10;1
202200030769;759 110;7;0;1;1;1;1
202200030770;759 108;10;0;2;5;26;1
202200030770;759 109;7;0;2;1;9;1
202200030771;759 106;7;0;2;2;1;1
202200030771;759 107;7;0;2;3;16;1
202200030772;759 105;7;0;1;2;1;1
202200030773;759 103;2;0;2;1;2;1
202200030773;759 104;7;0;2;4;2;1
202200030774;759 099;1;0;2;4;1;5
202200030774;759 100;37;0;2;5;1;1
202200030775;759 097;33;0;2;1;2;1
202200030775;759 098;2;0;2;4;2;1
202200030776;759 096;7;0;0;2;14;1
202200030777;759 094;10;0;2;1;1;1
202200030777;759 095;50;0;2;7;1;3
202200030778;759 092;7;0;2;1;1;1
202200030778;759 093;1;0;2;1;1;5
202200030779;759 089;7;0;2;3;2;2
202200030779;759 090;7;0;2;5;23;1
202200030779;759 091;7;0;2;5;23;1
202200030780;759 087;7;0;2;3;9;1
202200030780;759 088;2;0;2;9;13;1
202200030781;759 086;7;0;1;2;1;1
202200030782;759 083;7;0;2;1;2;1
202200030782;759 084;7;0;2;4;2;1
202200030782;759 085;7;0;2;4;2;1
202200030783;759 082;7;0;1;2;1;2
202200030784;759 080;7;0;2;4;1;1
202200030784;759 081;7;0;2;1;1;1
202200030785;759 078;7;0;2;3;26;1
202200030785;759 079;2;0;2;7;17;1
202200030786;759 077;30;0;2;8;1;1
202200030787;759 075;7;0;2;1;15;1
202200030787;759 076;1;0;2;1;1;5
202200030788;759 072;7;0;2;1;13;1
202200030788;759 073;7;0;2;1;1;1
202200030788;759 074;7;0;2;1;1;1
202200030789;759 071;30;0;1;1;26;1
202200030790;759 069;39;0;9;0;2;3
202200030790;759 070;1;0;4;0;0;5
202200030791;759 067;33;0;2;1;21;1
202200030791;759 068;7;0;0;5;1;1
202200030792;759 066;7;0;1;3;1;1
202200030793;759 065;7;0;1;1;0;1
202200030794;759 063;7;0;2;3;9;1
202200030794;759 064;33;0;2;1;1;1
202200030795;759 062;7;0;1;3;1;1
202200030796;759 061;33;16;0;8;1;1
202200030797;759 059;50;0;2;7;1;3
202200030797;759 060;7;0;9;1;9;1
202200030798;759 058;1;0;;0;2;5
202200030799;759 056;7;12;2;1;19;1
202200030799;759 057;7;0;2;7;1;1
202200030800;759 055;7;0;1;4;26;1
202200030801;759 053;1;0;2;7;1;5
202200030801;759 054;7;0;9;3;20;1
202200030802;759 051;7;0;2;3;9;1
202200030802;759 052;50;0;2;7;1;3
202200030803;759 049;7;0;2;6;1;1
202200030803;759 050;17;0;2;2;1;1
202200030804;759 048;7;0;1;1;16;1
202200030805;759 047;7;0;1;1;19;1
202200030806;759 045;33;0;2;1;1;1
202200030806;759 046;7;0;2;4;23;1
202200030807;759 043;7;0;2;8;9;1
202200030807;759 044;30;0;2;1;9;1
202200030808;759 040;7;0;2;1;0;1
202200030808;759 041;7;0;2;4;2;1
202200030808;759 042;10;0;2;4;2;1
202200030809;759 036;7;0;2;1;11;0
202200030809;759 037;7;0;2;6;1;2
202200030810;759 035;7;0;2;4;23;1
202200030810;759 038;7;0;2;4;23;1
202200030810;759 039;7;0;2;1;26;1
202200030811;759 031;10;0;2;4;1;1
202200030811;759 033;31;0;2;8;3;1
202200030811;759 034;7;0;2;2;12;1
202200030812;759 030;7;0;2;1;1;1