Num_Acc;id_vehicule;categorie_vehicule;obstacle_fixe;obstacle_mobile;point_choc_initial;manoeuvre_principale;motorisation
202200030812;759 032;7;0;2;7;1;1
202200030813;759 027;7;0;2;1;2;1
202200030813;759 029;10;0;2;4;2;1
202200030814;759 026;7;13;2;8;2;1
202200030814;759 028;7;0;2;2;19;1
202200030815;759 025;33;4;0;1;12;3
202200030816;759 024;30;;1;;0;
202200030817;759 022;1;0;2;8;13;5
202200030817;759 023;1;0;2;1;1;5
202200030818;759 020;7;0;2;1;9;0
202200030818;759 021;7;0;2;7;2;0
202200030819;759 018;50;0;2;8;1;3
202200030819;759 019;7;0;2;2;14;1
202200030820;759 013;7;0;2;4;23;2
202200030820;759 014;7;0;2;4;23;1
202200030820;759 016;7;0;2;1;1;1
202200030821;759 009;50;0;2;1;1;3
202200030821;759 011;1;0;2;3;1;5
202200030822;759 008;2;0;0;7;15;3
202200030823;759 006;60;0;2;0;0;5
202200030823;759 007;7;0;2;0;10;1
202200030824;759 004;7;0;1;1;15;1
202200030825;759 003;31;0;2;0;0;1
202200030825;759 005;7;0;2;1;0;1
202200030826;759 001;7;0;1;3;2;1
202200030827;759 000;3;0;2;7;1;1
202200030827;759 002;7;0;2;1;15;1
202200030828;758 999;7;0;1;3;15;1
202200030829;758 998;43;0;1;1;1;1
202200030830;758 996;7;0;2;1;1;1
202200030830;758 997;7;0;2;4;1;1
202200030831;758 994;7;8;0;1;2;1
202200030832;758 993;1;0;2;1;5;5
202200030832;758 995;7;0;2;3;1;1
202200030833;758 991;7;0;2;6;15;1
202200030833;758 992;34;0;2;1;2;1
202200030834;758 989;7;0;2;1;15;1
202200030834;758 990;30;0;2;1;1;1
202200030835;758 987;32;0;2;1;1;1
202200030835;758 988;7;0;2;2;1;1
202200030836;758 984;2;0;2;8;1;1
202200030836;758 986;7;0;2;7;14;1
202200030837;758 983;7;0;0;2;1;1
202200030837;758 985;1;0;2;2;5;5
202200030838;758 979;7;0;2;2;20;1
202200030838;758 981;10;0;2;3;1;1
202200030839;758 978;10;0;2;5;15;1
202200030839;758 980;7;0;2;3;21;1
202200030839;758 982;7;0;2;1;2;1
202200030840;758 976;7;0;2;5;23;2
202200030840;758 977;32;0;2;1;1;1
202200030841;758 975;32;4;0;7;14;1
202200030842;758 970;7;0;2;4;0;1
202200030842;758 971;7;0;2;4;0;1
202200030842;758 973;10;0;2;4;0;0
202200030842;758 974;10;0;2;1;0;1
202200030843;758 969;33;0;2;1;2;1
202200030843;758 972;10;0;2;5;2;1
202200030844;758 968;10;0;1;1;1;2
202200030845;758 967;34;0;1;1;1;1
202200030846;758 965;32;0;2;3;0;1
202200030846;758 966;7;0;2;1;15;1
202200030847;758 962;50;0;2;1;5;3
202200030847;758 964;33;0;2;1;9;1
202200030848;758 961;7;0;2;6;23;1
202200030848;758 963;37;0;2;1;2;3
202200030849;758 959;33;0;2;3;1;1
202200030849;758 960;7;0;2;2;19;1
202200030850;758 957;7;0;2;0;15;0
202200030850;758 958;1;8;2;8;1;5
202200030851;758 955;7;0;2;2;13;1
202200030851;758 956;7;0;2;1;1;1
202200030852;758 953;43;0;2;2;1;1
202200030852;758 954;14;0;2;6;16;1
202200030853;758 952;7;2;0;8;1;1
202200030854;758 951;7;13;0;4;1;1
202200030855;758 949;32;0;2;2;1;1
202200030855;758 950;10;0;2;2;15;1
202200030856;758 947;30;0;0;0;1;1
202200030857;758 943;7;0;0;4;2;1
202200030857;758 945;7;0;2;1;2;2
202200030857;758 946;7;0;2;1;2;1
202200030858;758 944;50;0;1;1;25;3
202200030859;758 940;37;0;1;2;1;3
202200030860;758 941;43;0;2;2;1;1
202200030860;758 942;7;0;2;7;15;2
202200030861;758 936;43;0;2;7;17;1
202200030861;758 938;7;0;2;3;1;1
202200030862;758 937;32;0;2;1;2;1
202200030862;758 939;2;0;2;8;15;1
202200030863;758 935;33;0;6;1;21;1
202200030864;758 931;2;0;9;1;17;1
202200030864;758 933;80;0;0;8;15;3
202200030865;758 930;2;9;0;1;1;1
202200030865;758 932;7;0;2;1;1;1
202200030866;758 928;10;0;2;8;1;1
202200030866;758 929;37;0;2;1;1;1
202200030867;758 926;7;0;2;3;1;1
202200030867;758 927;7;0;2;7;15;1
202200030868;758 924;7;0;2;3;1;1
202200030868;758 925;7;0;2;2;13;1
202200030869;758 923;10;2;0;1;1;1
202200030870;758 921;7;0;2;2;9;1
202200030870;758 922;33;0;2;5;1;1
202200030871;758 920;10;0;1;2;1;1
202200030872;758 917;7;0;2;1;2;2
202200030872;758 918;7;0;2;3;12;1
202200030873;758 916;7;0;2;2;1;1
202200030873;758 919;7;0;2;2;15;1
202200030874;758 913;7;0;2;1;1;1
202200030874;758 914;7;0;2;1;13;1
202200030875;758 912;7;0;2;2;0;1
202200030875;758 915;7;0;2;1;0;1
202200030876;758 909;31;0;2;1;17;1
202200030876;758 911;7;0;2;3;15;1
202200030877;758 908;7;1;0;2;1;2
202200030877;758 910;7;1;0;4;4;1
202200030878;758 905;7;0;2;3;1;1
202200030878;758 907;7;0;2;3;1;1
202200030879;758 906;7;0;1;2;0;0
202200030880;758 902;7;0;2;8;1;1
202200030880;758 904;7;0;2;1;1;1
202200030881;758 903;10;0;1;1;16;1
202200030882;758 899;7;0;0;4;26;1
202200030882;758 901;7;0;2;1;1;1
202200030883;758 898;7;0;9;4;10;1
202200030883;758 900;50;0;2;1;1;3
202200030884;758 895;7;0;0;0;9;1
202200030884;758 896;33;0;2;0;1;1
202200030885;758 894;33;13;0;1;1;1
202200030886;758 893;7;0;0;8;21;1
202200030887;758 891;33;0;2;1;1;1
202200030887;758 892;7;0;2;7;15;1
202200030888;758 890;7;13;0;0;1;1
202200030889;758 888;31;0;0;0;0;1
202200030890;758 887;7;0;2;3;26;0
202200030890;758 889;7;0;2;3;0;0
202200030891;758 886;7;2;0;1;21;1
202200030892;758 885;7;0;1;4;20;1
202200030893;758 882;7;0;2;1;1;1
202200030893;758 884;1;0;2;8;0;5
202200030894;758 881;7;0;2;1;1;1
202200030894;758 883;7;0;2;7;1;1
202200030895;758 879;33;0;2;8;16;1
202200030895;758 880;10;0;2;8;17;1
202200030896;758 878;33;0;0;0;1;1
202200030897;758 876;7;0;1;1;20;1
202200030898;758 875;1;0;2;1;15;5
202200030898;758 877;7;0;0;6;1;1
202200030899;758 872;99;9;2;1;1;6
202200030899;758 874;31;9;9;1;1;1
202200030900;758 871;7;0;2;1;1;1
202200030900;758 873;7;0;2;8;1;1
202200030901;758 868;7;0;2;3;19;1
202200030901;758 870;33;0;2;1;1;1
202200030902;758 867;10;0;2;3;9;1
202200030902;758 869;2;0;2;7;1;1
202200030903;758 864;7;0;2;2;15;1
202200030903;758 865;33;0;2;1;1;1
202200030904;758 863;2;0;2;1;5;1
202200030904;758 866;7;0;2;2;1;1
202200030905;758 861;10;0;2;3;26;1
202200030905;758 862;33;0;2;0;14;1
202200030906;758 860;33;0;0;1;0;1
202200030907;758 858;7;6;0;1;1;1
202200030908;758 857;2;0;2;1;13;1
202200030908;758 859;7;0;2;3;1;1
202200030909;758 855;7;0;1;1;1;1
202200030910;758 854;7;0;2;3;19;1
202200030910;758 856;10;0;2;6;0;1
202200030911;758 852;7;0;0;4;15;1
202200030911;758 853;10;0;2;1;2;1
202200030912;758 850;7;0;0;9;1;1
202200030913;758 849;7;0;2;1;1;1
202200030913;758 851;14;0;2;2;9;1
202200030914;758 848;2;0;0;0;1;1
202200030915;758 846;7;0;2;6;15;0
202200030915;758 847;2;7;2;2;21;1
202200030916;758 844;7;0;2;3;11;1
202200030916;758 845;33;0;2;1;1;1
202200030917;758 843;33;3;0;7;14;1
202200030918;758 841;17;0;2;6;1;1
202200030918;758 842;10;3;2;9;1;1
202200030919;758 839;15;0;2;3;0;1
202200030919;758 840;7;0;2;1;13;1
202200030920;758 838;7;13;0;9;1;1
202200030921;758 837;7;4;0;3;26;1
202200030922;758 836;7;0;1;2;15;1
202200030923;758 835;7;17;0;1;14;1
202200030924;758 834;7;13;0;2;1;1
202200030925;758 832;7;0;0;4;23;1
202200030925;758 833;10;0;2;1;2;1
202200030926;758 831;33;6;0;1;1;1
202200030927;758 829;7;13;0;1;1;1
202200030928;758 827;7;5;2;1;2;1
202200030928;758 828;7;0;0;4;2;1
202200030928;758 830;10;0;2;2;2;1
202200030929;758 825;7;0;2;1;1;1
202200030929;758 826;7;0;2;3;19;1
202200030930;758 823;10;0;2;1;1;1
202200030930;758 824;10;0;2;1;13;1
202200030931;758 822;33;1;0;7;1;1
202200030932;758 821;10;16;0;0;1;1
202200030933;758 820;7;2;0;1;1;3
202200030934;758 819;7;6;0;2;19;1
202200030935;758 816;33;0;2;1;12;1
202200030935;758 818;7;0;0;8;2;1
202200030936;758 817;7;0;1;3;1;1
202200030937;758 813;33;0;2;2;2;1
202200030937;758 815;7;0;2;3;15;1
202200030938;758 811;7;8;1;1;13;1
202200030939;758 812;31;0;2;8;1;1
202200030939;758 814;7;0;2;8;13;1
202200030940;758 809;7;0;2;2;2;1
202200030940;758 810;50;0;2;4;2;3
202200030941;758 808;2;7;0;1;1;1
202200030942;758 806;7;0;2;6;1;1
202200030942;758 807;2;0;2;1;1;1
202200030943;758 804;7;0;0;3;1;1
202200030943;758 805;7;0;2;3;1;1
202200030944;758 802;7;2;0;2;1;1
202200030945;758 799;7;0;0;1;1;1
202200030945;758 800;7;0;2;3;1;1
202200030946;758 801;2;0;2;1;18;1
202200030946;758 803;7;0;2;5;2;1
202200030947;758 797;10;0;0;2;2;1
202200030947;758 798;33;0;0;4;1;1
202200030948;758 795;7;6;0;1;1;1
202200030949;758 794;7;6;0;3;1;1
202200030950;758 793;7;13;0;0;0;1
202200030951;758 796;13;3;0;2;0;1
202200030952;758 792;7;6;0;1;1;1
202200030953;758 790;2;0;0;1;1;1
202200030954;758 789;2;0;0;6;1;1
202200030954;758 791;7;0;2;3;11;1
202200030955;758 785;33;0;2;1;1;1
202200030955;758 786;7;0;2;5;9;1
202200030956;758 782;7;0;2;1;13;1
202200030956;758 783;10;0;2;1;1;1
202200030957;758 779;7;0;2;1;5;1
202200030957;758 780;7;0;2;1;1;1
202200030958;758 781;2;0;2;2;1;3
202200030958;758 784;7;0;2;3;1;1
202200030959;758 776;7;0;2;3;11;1
202200030959;758 778;7;0;2;1;17;1
202200030960;758 774;1;0;2;4;1;5
202200030960;758 775;3;0;9;2;1;1
202200030961;758 773;32;13;2;2;17;1
202200030961;758 777;7;0;2;3;15;1
202200030962;758 772;7;13;0;1;1;1
202200030963;758 769;10;8;0;3;0;1
202200030963;758 771;7;0;2;2;15;1
202200030964;758 765;7;0;2;2;11;1
202200030964;758 766;7;0;2;8;1;1
202200030964;758 767;7;0;2;8;1;1
202200030965;758 768;7;0;2;1;15;1
202200030965;758 770;50;0;2;1;17;3
202200030966;758 761;7;0;2;1;2;1
202200030966;758 762;7;0;2;0;2;1
202200030966;758 763;10;0;2;1;2;1
202200030966;758 764;7;0;0;0;0;1
202200030967;758 758;7;0;2;4;0;1
202200030967;758 759;13;0;2;1;26;1
202200030968;758 760;2;0;0;0;1;1
202200030969;758 756;7;0;0;4;24;1
202200030969;758 757;7;1;0;1;1;1
202200030970;758 754;7;0;2;1;13;1
202200030970;758 755;38;0;2;1;1;1
202200030971;758 747;7;3;2;1;26;1
202200030971;758 748;7;1;2;1;2;1
202200030971;758 749;7;1;2;1;0;1
202200030972;758 746;7;0;2;4;10;1
202200030972;758 750;33;0;2;1;1;1
202200030973;758 745;7;8;0;1;0;1
202200030974;758 742;1;0;2;8;15;0
202200030974;758 743;33;0;2;1;2;1
202200030975;758 741;15;0;0;0;26;0
202200030976;758 740;7;0;2;3;1;1
202200030976;758 744;10;0;2;2;1;1
202200030977;758 738;7;0;1;2;0;1
202200030978;758 735;0;0;2;0;0;0
202200030978;758 737;0;0;2;0;0;0
202200030979;758 732;7;0;2;1;2;1
202200030979;758 734;7;0;2;7;15;1
202200030980;758 731;7;0;2;3;15;1
202200030980;758 733;7;0;2;6;15;1
202200030980;758 736;7;0;2;3;16;1
202200030981;758 729;30;0;2;1;1;3
202200030981;758 730;30;0;2;2;1;1
202200030982;758 728;30;12;0;3;13;1
202200030983;758 727;7;0;1;7;1;1
202200030984;758 723;7;0;2;1;2;1
202200030984;758 725;33;0;2;4;2;1
202200030985;758 724;17;0;2;1;1;1
202200030985;758 726;7;0;2;1;13;1
202200030986;758 721;50;0;2;4;26;3
202200030986;758 722;7;0;2;2;2;1
202200030987;758 720;2;4;0;7;1;1
202200030988;758 717;33;0;2;7;17;1
202200030988;758 719;7;0;2;8;13;1
202200030989;758 714;7;0;2;4;23;1
202200030989;758 715;2;0;2;1;1;1
202200030990;758 716;10;0;2;1;1;1
202200030990;758 718;7;0;2;3;19;1
202200030991;758 712;7;0;2;3;1;1
202200030991;758 713;31;0;2;1;1;1
202200030992;758 710;7;13;0;2;1;1
202200030993;758 711;10;0;1;2;1;1
202200030994;758 709;10;8;0;1;1;1
202200030995;758 707;1;0;0;2;1;5
202200030995;758 708;7;0;2;3;9;1
202200030996;758 702;7;6;2;1;13;0
202200030996;758 703;7;0;2;3;15;1
202200030997;758 699;33;0;1;1;26;1
202200030998;758 700;7;0;2;4;23;1
202200030998;758 701;7;0;2;4;2;1
202200030998;758 704;7;0;2;4;2;1
202200030998;758 706;10;0;2;1;2;1
202200030999;758 697;33;0;0;8;1;1
202200030999;758 698;7;0;2;1;11;1
202200031000;758 696;7;9;1;1;26;1
202200031001;758 694;33;12;0;0;13;1
202200031002;758 689;1;0;2;1;1;5
202200031002;758 691;7;0;2;8;22;1
202200031003;758 690;7;0;2;4;1;1
202200031003;758 692;10;0;2;1;2;1
202200031003;758 693;7;0;2;4;2;1
202200031003;758 695;7;0;2;4;2;1
202200031004;758 687;30;0;1;1;1;1
202200031005;758 686;7;0;2;1;2;1
202200031005;758 688;7;4;2;4;2;1
202200031006;758 685;1;0;0;8;1;5
202200031007;758 683;7;0;2;3;1;1
202200031007;758 684;7;0;2;2;17;1
202200031008;758 681;37;0;2;4;7;2
202200031008;758 682;50;0;2;1;7;3
202200031009;758 679;7;0;1;3;15;1
202200031010;758 678;10;0;2;3;2;1
202200031010;758 680;7;0;2;1;2;1
202200031011;758 675;7;0;2;7;1;1
202200031011;758 677;50;0;2;7;9;3
202200031012;758 672;50;0;2;1;18;3
202200031012;758 673;30;0;2;7;16;1
202200031013;758 671;30;0;0;1;1;1
202200031014;758 670;7;0;2;1;2;1
202200031014;758 674;20;0;2;1;2;1
202200031014;758 676;7;0;2;1;13;1
202200031015;758 664;7;0;2;4;23;1
202200031015;758 666;7;0;2;4;23;1
202200031015;758 667;7;0;2;1;1;1
202200031016;758 663;33;0;2;7;3;1
202200031016;758 665;7;0;2;2;12;1
202200031016;758 668;7;0;2;6;1;1
202200031017;758 661;1;1;0;0;13;5
202200031017;758 662;7;0;2;0;24;1
202200031018;758 659;7;8;0;1;26;1
202200031019;758 656;32;0;2;1;1;1
202200031019;758 657;7;0;2;2;15;1
202200031020;758 658;33;0;2;8;3;1
202200031020;758 660;7;0;2;7;14;1
202200031021;758 654;1;0;2;7;21;5
202200031021;758 655;7;0;2;3;15;1
202200031022;758 650;7;0;2;4;1;1
202200031022;758 652;7;0;2;4;1;1
202200031022;758 653;7;0;2;1;12;1
202200031023;758 649;3;13;0;4;2;1
202200031023;758 651;7;4;2;2;1;1
202200031024;758 647;33;16;0;1;1;1
202200031025;758 646;7;0;2;0;0;1
202200031025;758 648;33;0;2;9;0;1
202200031026;758 644;7;0;2;3;13;1
202200031026;758 645;7;0;2;3;1;1
202200031027;758 642;7;3;0;2;14;1
202200031028;758 640;7;0;0;3;1;1
202200031029;758 639;33;0;2;1;3;1
202200031029;758 641;33;0;2;4;3;1
202200031029;758 643;17;0;0;0;0;1
202200031030;758 638;33;13;0;8;17;1
202200031031;758 637;33;15;0;0;1;1
202200031032;758 636;33;0;0;3;2;1
202200031033;758 635;7;0;1;4;4;1
202200031034;758 633;33;0;2;1;1;0
202200031034;758 634;99;0;0;8;20;0
202200031035;758 631;7;0;2;3;15;1
202200031035;758 632;80;0;2;5;1;3
202200031036;758 629;7;0;2;6;15;1
202200031036;758 630;2;0;2;1;17;1
202200031037;758 628;7;3;0;2;1;1
202200031038;758 626;7;0;2;3;1;1
202200031038;758 627;7;0;2;1;13;1
202200031039;758 624;1;0;2;1;1;5
202200031039;758 625;10;0;9;7;15;1
202200031040;758 622;1;0;2;4;15;5
202200031040;758 623;7;0;2;2;2;1
202200031041;758 621;33;0;2;0;17;1
202200031042;758 620;7;0;1;1;0;1
202200031043;758 619;33;13;0;0;0;1
202200031044;758 617;7;0;2;3;1;1
202200031044;758 618;7;0;2;3;13;1
202200031045;758 615;7;0;2;7;15;1
202200031045;758 616;43;0;2;1;1;1
202200031046;758 613;7;0;2;3;1;1
202200031046;758 614;7;0;2;3;13;1
202200031047;758 611;7;0;0;3;23;2
202200031047;758 612;1;0;2;8;1;5
202200031048;758 609;50;0;2;1;1;3
202200031048;758 610;7;0;2;2;1;1
202200031049;758 608;31;5;0;0;0;1
202200031050;758 606;2;0;2;7;1;1
202200031050;758 607;2;0;2;8;9;1
202200031051;758 604;7;13;0;0;17;1
202200031051;758 605;21;0;0;0;15;1
202200031052;758 603;7;0;0;9;14;1
202200031053;758 601;7;0;2;8;1;1
202200031053;758 602;10;0;2;8;13;1
202200031054;758 600;1;0;0;0;0;5
202200031055;758 599;7;13;0;1;1;1
202200031056;758 597;7;0;2;1;2;1
202200031056;758 598;1;0;0;4;2;5
202200031057;758 596;31;12;9;8;0;1
202200031058;758 595;33;0;0;0;1;1
202200031059;758 594;33;0;0;1;1;1
202200031060;758 592;2;0;2;4;1;1
202200031060;758 593;7;0;2;2;1;1
202200031061;758 591;7;13;0;2;1;1
202200031062;758 590;7;0;1;2;1;1
202200031063;758 588;7;0;2;3;1;1
202200031063;758 589;7;0;2;1;17;1
202200031064;758 586;33;0;2;8;13;1
202200031064;758 587;33;0;2;8;1;1
202200031065;758 585;33;8;0;1;1;1
202200031066;758 584;7;0;1;3;15;1
202200031067;758 582;15;0;0;4;1;1
202200031067;758 583;7;0;2;1;2;1
202200031068;758 580;7;4;0;4;1;1
202200031068;758 581;7;0;2;1;1;1
202200031069;758 576;7;4;2;1;1;1
202200031069;758 577;7;0;0;4;1;1
202200031070;758 575;7;2;0;0;1;1
202200031071;758 574;34;0;0;8;1;1
202200031072;758 572;7;0;9;3;1;1
202200031072;758 573;7;0;2;6;1;1
202200031073;758 571;7;2;0;8;1;1
202200031074;758 569;7;0;2;3;1;1
202200031074;758 570;10;0;2;3;1;1
202200031075;758 568;33;0;0;0;1;1
202200031076;758 566;7;0;2;2;17;1
202200031076;758 567;99;0;2;3;15;1
202200031077;758 565;7;7;0;1;1;1
202200031078;758 563;33;0;2;3;1;1
202200031078;758 564;7;0;2;1;15;1
202200031079;758 561;7;0;2;7;14;1
202200031079;758 562;7;0;2;8;1;1
202200031080;758 559;7;0;2;1;5;1
202200031080;758 560;7;0;2;1;1;1
202200031081;758 556;7;0;2;2;14;1
202200031081;758 557;7;0;2;6;23;1
202200031081;758 558;7;0;2;7;1;1
202200031082;758 554;2;0;2;4;1;1
202200031082;758 555;7;0;2;1;2;1
202200031083;758 552;33;0;2;7;1;1
202200031083;758 553;7;0;2;8;11;3
202200031084;758 550;33;0;2;1;1;1
202200031084;758 551;7;0;2;4;11;1
202200031085;758 548;7;0;2;1;1;1
202200031085;758 549;10;0;2;4;2;1
202200031086;758 546;7;0;2;3;2;1
202200031086;758 547;7;0;2;5;1;1
202200031087;758 544;7;0;2;2;15;1
202200031087;758 545;33;0;2;1;1;1
202200031088;758 543;7;0;1;3;1;1
202200031089;758 541;30;0;2;4;2;3
202200031089;758 542;30;0;2;1;2;1
202200031090;758 540;34;0;1;2;1;1
202200031091;758 538;34;0;2;4;2;1
202200031091;758 539;34;0;2;4;2;1
202200031092;758 536;7;0;2;3;16;1
202200031092;758 537;1;0;2;7;1;5
202200031093;758 534;1;0;2;2;1;5
202200031093;758 535;7;0;2;8;22;3
202200031094;758 533;50;0;1;7;1;3
202200031095;758 531;31;1;2;3;1;1
202200031095;758 532;7;0;2;7;13;1
202200031096;758 529;7;0;2;2;1;1
202200031096;758 530;43;0;2;6;1;1
202200031097;758 528;43;0;1;1;1;1
202200031098;758 526;1;0;2;8;1;5
202200031098;758 527;7;0;2;2;12;2
202200031099;758 524;10;0;2;6;15;1
202200031099;758 525;1;0;2;1;1;5
202200031100;758 521;7;0;2;4;1;1
202200031100;758 522;7;0;2;1;1;1
202200031100;758 523;7;0;2;1;1;1
202200031101;758 520;80;0;1;1;1;3
202200031102;758 519;7;7;0;3;6;1
202200031103;758 515;7;0;2;4;23;1
202200031103;758 518;7;0;2;1;1;1
202200031104;758 513;1;0;2;0;1;5
202200031104;758 514;1;0;2;0;1;5
202200031104;758 516;1;0;2;0;1;5
202200031104;758 517;7;0;9;0;10;1
202200031105;758 512;2;14;0;1;1;1
202200031106;758 508;7;0;2;2;15;1
202200031106;758 510;33;0;2;1;1;1
202200031107;758 509;7;0;2;1;15;1
202200031107;758 511;80;0;2;3;1;3
202200031108;758 507;7;0;1;1;16;1
202200031109;758 504;7;0;2;0;0;1
202200031109;758 506;7;16;0;0;0;1
202200031110;758 503;7;0;0;2;1;1
202200031110;758 505;7;0;2;1;15;1
202200031111;758 501;7;0;1;2;1;1
202200031112;758 499;7;0;1;3;26;1
202200031113;758 500;7;0;2;5;16;1
202200031113;758 502;33;0;2;1;9;1
202200031114;758 498;7;6;0;1;14;1
202200031115;758 496;7;0;2;6;13;1
202200031115;758 497;33;0;2;1;1;1
202200031116;758 492;7;0;2;1;1;1
202200031116;758 494;7;0;2;2;1;1
202200031117;758 490;7;0;2;6;2;1
202200031117;758 493;7;0;2;1;2;1
202200031117;758 495;7;0;2;4;2;1
202200031118;758 489;50;0;2;8;19;3
202200031118;758 491;7;0;9;1;1;1
202200031119;758 487;7;0;2;5;12;2
202200031119;758 488;32;0;2;1;1;1
202200031120;758 486;33;16;0;1;1;1
202200031121;758 483;10;0;2;2;1;1
202200031121;758 485;50;1;2;3;13;3
202200031122;758 482;7;0;2;1;10;1
202200031122;758 484;43;0;2;8;16;1
202200031123;758 479;10;0;1;4;4;3
202200031124;758 477;33;0;2;2;17;1
202200031124;758 478;7;0;2;3;15;1
202200031125;758 475;7;0;2;4;2;1
202200031125;758 476;7;0;2;4;2;1
202200031125;758 480;7;0;2;4;2;1
202200031125;758 481;10;0;2;1;2;1
202200031126;758 473;7;6;1;2;12;1
202200031127;758 472;7;0;0;3;2;1
202200031128;758 471;7;0;2;2;1;1
202200031128;758 474;1;0;2;1;1;5
202200031129;758 470;7;1;1;2;1;1
202200031130;758 466;32;0;2;8;1;1
202200031130;758 468;1;0;2;1;1;5
202200031131;758 465;10;0;2;2;12;1
202200031131;758 467;7;0;2;6;1;1
202200031131;758 469;10;0;2;5;1;1
202200031132;758 464;30;2;0;1;9;1
202200031133;758 460;30;0;2;4;23;1
202200031133;758 463;7;0;2;1;16;1
202200031134;758 459;1;1;0;2;1;5
202200031134;758 461;7;0;2;3;24;1
202200031135;758 458;7;0;2;4;26;1
202200031135;758 462;7;0;2;1;1;1
202200031136;758 457;1;0;0;8;26;5
202200031137;758 452;37;0;2;7;1;1
202200031137;758 456;7;0;2;1;1;1
202200031138;758 449;7;1;2;1;1;1
202200031138;758 451;7;0;2;2;1;1
202200031138;758 453;7;6;0;1;1;1
202200031138;758 455;7;6;0;1;1;1
202200031139;758 445;7;0;2;1;1;1
202200031139;758 448;7;0;2;3;15;1
202200031140;758 446;7;0;2;3;15;0
202200031140;758 447;32;0;2;1;17;0
202200031141;758 442;7;0;2;1;1;1
202200031141;758 443;7;0;2;1;1;1
202200031141;758 444;10;0;2;4;1;1
202200031142;758 439;2;0;2;1;1;1
202200031142;758 441;7;0;2;6;6;1
202200031143;758 438;7;0;2;7;19;1
202200031143;758 440;7;0;2;1;1;1
202200031144;758 437;7;0;0;9;1;1
202200031145;758 436;7;1;0;3;14;1
202200031146;758 434;7;0;1;3;1;1
202200031147;758 433;34;0;2;1;2;1
202200031147;758 435;7;0;2;7;15;1
202200031148;758 431;7;6;0;1;1;1
202200031149;758 428;7;0;2;8;24;1
202200031149;758 430;2;1;0;1;2;1
202200031150;758 429;7;0;2;3;15;1
202200031150;758 432;33;0;2;1;17;1
202200031151;758 425;7;0;2;1;13;1
202200031151;758 427;7;0;2;1;1;1
202200031152;758 424;7;16;0;0;1;0
202200031153;758 423;32;0;2;1;2;1
202200031153;758 426;7;0;2;1;15;1
202200031154;758 422;10;13;0;2;0;1
202200031155;758 418;50;0;1;7;25;3
202200031156;758 417;7;0;2;3;26;1
202200031156;758 419;10;0;2;1;26;1
202200031156;758 421;7;0;2;1;15;1
202200031157;758 416;7;0;2;7;2;1
202200031157;758 420;7;0;2;1;2;1
202200031158;758 414;7;4;0;3;13;1
202200031159;758 411;2;0;0;0;0;0
202200031159;758 413;7;0;2;3;15;1
202200031160;758 412;7;0;2;5;20;1
202200031160;758 415;50;0;2;1;1;3
202200031161;758 408;33;0;1;1;2;1
202200031162;758 407;7;0;2;3;13;1
202200031162;758 409;30;0;2;2;17;1
202200031163;758 410;7;4;0;1;14;1
202200031164;758 406;2;0;1;1;1;1
202200031165;758 404;30;0;0;1;15;1
202200031166;758 403;7;0;2;3;17;1
202200031166;758 405;15;0;2;3;1;1
202200031167;758 401;7;3;0;2;14;1
202200031168;758 402;7;0;1;1;2;1
202200031169;758 397;1;0;0;0;23;5
202200031169;758 400;10;0;0;;1;1
202200031170;758 396;7;0;2;8;10;1
202200031170;758 399;2;0;2;1;1;1
202200031171;758 395;7;0;9;3;0;1
202200031171;758 398;60;0;2;1;26;5
202200031172;758 393;10;0;1;1;15;1
202200031173;758 392;7;0;0;5;19;1
202200031173;758 394;1;0;2;1;2;5
202200031174;758 391;7;0;1;3;1;1
202200031175;758 390;33;3;0;1;1;1
202200031176;758 388;7;0;2;1;1;1
202200031176;758 389;7;0;2;6;13;1
202200031177;758 387;7;0;1;1;1;1
202200031178;758 384;7;0;2;4;2;1
202200031178;758 385;7;0;2;4;2;1
202200031178;758 386;7;0;2;1;1;1
202200031179;758 381;7;0;2;2;15;1
202200031179;758 382;7;0;2;1;19;1
202200031180;758 379;7;0;2;3;17;1
202200031180;758 380;15;0;2;1;1;1
202200031180;758 383;7;0;2;1;1;1
202200031181;758 375;7;0;2;3;19;1
202200031181;758 377;7;0;2;1;1;1
202200031182;758 376;30;0;2;0;0;1
202200031182;758 378;32;0;2;1;21;1
202200031183;758 372;7;0;0;0;13;1
202200031184;758 370;10;0;2;8;24;1
202200031184;758 373;10;0;1;3;1;1
202200031185;758 368;7;0;0;9;1;1
202200031186;758 367;10;0;2;3;13;1
202200031186;758 369;7;0;2;3;1;1
202200031186;758 371;7;0;2;1;1;1
202200031186;758 374;7;0;2;8;1;1
202200031187;758 364;2;0;2;8;2;1
202200031187;758 366;10;0;2;7;1;1
202200031188;758 362;7;0;0;4;23;1
202200031188;758 365;33;0;2;1;2;1
202200031189;758 363;7;2;0;1;0;1
202200031190;758 360;33;6;0;2;1;1
202200031191;758 359;2;0;2;0;0;1
202200031191;758 361;7;0;2;1;0;1
202200031192;758 358;7;17;0;1;13;1
202200031193;758 355;7;8;0;1;1;1
202200031194;758 354;15;0;2;1;1;1
202200031194;758 356;33;0;2;1;11;1
202200031195;758 353;2;0;2;1;1;1
202200031195;758 357;7;0;2;2;15;1
202200031196;758 352;7;6;0;1;14;1
202200031197;758 351;10;2;0;1;2;1
202200031198;758 348;7;0;2;0;26;1
202200031198;758 350;31;0;2;4;13;1
202200031199;758 349;1;0;0;7;21;5
202200031200;758 347;7;2;0;9;1;0
202200031201;758 342;15;0;2;3;19;1
202200031201;758 345;7;0;2;1;1;1
202200031202;758 344;7;0;2;2;12;1
202200031202;758 346;32;0;2;2;1;1
202200031203;758 341;1;0;2;1;1;5
202200031203;758 343;7;0;2;3;9;1
202200031204;758 337;7;0;1;2;21;1