Num_Acc;id_vehicule;categorie_vehicule;obstacle_fixe;obstacle_mobile;point_choc_initial;manoeuvre_principale;motorisation
202200031205;758 338;7;0;2;1;2;1
202200031205;758 339;7;0;2;4;23;1
202200031205;758 340;7;0;2;1;2;1
202200031206;758 334;7;13;0;3;1;1
202200031207;758 335;43;12;0;1;2;1
202200031208;758 333;7;6;0;4;23;1
202200031208;758 336;7;0;2;1;2;1
202200031209;758 331;7;0;1;2;1;1
202200031210;758 329;1;0;2;6;1;5
202200031210;758 332;7;0;2;1;1;1
202200031211;758 330;7;2;0;1;1;1
202200031212;758 328;10;0;1;1;1;2
202200031213;758 326;21;0;0;4;1;1
202200031213;758 327;15;0;2;2;1;1
202200031214;758 325;7;3;0;2;1;1
202200031215;758 322;7;0;2;1;0;1
202200031215;758 323;7;0;2;1;11;1
202200031216;758 320;7;0;2;1;19;1
202200031216;758 324;7;0;2;2;19;1
202200031217;758 319;7;0;2;2;19;0
202200031217;758 321;31;0;2;1;1;1
202200031218;758 315;7;0;2;1;2;1
202200031218;758 316;7;0;2;4;23;1
202200031218;758 318;7;0;0;4;23;1
202200031219;758 314;7;0;2;2;26;1
202200031219;758 317;50;0;2;0;0;3
202200031220;758 313;7;16;0;1;17;1
202200031221;758 312;7;2;0;1;0;1
202200031222;758 311;10;0;1;2;1;1
202200031223;758 310;33;3;0;2;1;1
202200031224;758 309;7;6;0;2;1;1
202200031225;758 306;7;0;2;2;9;1
202200031225;758 308;7;0;2;6;23;1
202200031226;758 305;7;6;0;1;0;1
202200031227;758 304;7;0;2;1;15;2
202200031227;758 307;1;0;2;1;1;5
202200031228;758 302;7;0;0;5;2;1
202200031228;758 303;3;0;2;1;26;1
202200031229;758 301;7;2;0;1;1;1
202200031230;758 299;31;4;2;4;17;1
202200031231;758 298;7;13;0;1;13;2
202200031232;758 297;14;0;0;6;1;1
202200031232;758 300;7;0;2;2;17;1
202200031233;758 295;36;0;0;9;1;1
202200031234;758 293;7;0;2;1;2;1
202200031234;758 296;7;0;2;4;1;1
202200031235;758 292;7;0;2;6;15;1
202200031235;758 294;2;0;2;1;1;1
202200031236;758 289;17;0;0;4;23;1
202200031236;758 290;17;0;2;4;23;1
202200031236;758 291;14;0;2;1;1;1
202200031237;758 287;7;0;2;6;11;1
202200031237;758 288;33;0;2;2;17;1
202200031238;758 283;38;0;2;1;23;1
202200031238;758 284;7;0;2;1;13;1
202200031239;758 280;34;0;2;1;1;1
202200031239;758 282;7;0;2;7;15;1
202200031240;758 281;7;13;0;7;0;1
202200031241;758 278;7;2;0;2;14;1
202200031242;758 277;7;0;0;4;1;1
202200031242;758 279;17;0;2;1;26;1
202200031243;758 276;31;0;1;1;0;0
202200031244;758 272;7;0;2;3;13;1
202200031244;758 275;15;0;2;3;1;1
202200031245;758 271;7;0;2;1;5;1
202200031245;758 274;7;0;2;1;1;1
202200031246;758 270;10;0;2;8;22;1
202200031246;758 273;50;1;0;1;1;3
202200031247;758 268;7;0;2;1;1;1
202200031247;758 269;7;0;2;1;13;1
202200031248;758 265;2;0;2;8;0;1
202200031248;758 267;7;0;2;7;17;0
202200031249;758 263;7;15;0;2;1;1
202200031250;758 264;7;0;0;3;15;1
202200031250;758 266;32;0;2;1;17;1
202200031251;758 261;15;0;2;6;2;0
202200031251;758 262;7;0;2;1;2;0
202200031252;758 259;1;0;2;1;1;5
202200031252;758 260;7;0;9;2;15;1
202200031253;758 258;31;0;1;1;26;1
202200031254;758 256;7;0;9;1;16;2
202200031254;758 257;99;0;2;1;1;5
202200031255;758 254;33;6;0;7;1;1
202200031256;758 253;7;0;2;1;15;1
202200031256;758 255;7;0;2;1;1;1
202200031257;758 251;7;6;0;1;11;1
202200031258;758 250;7;0;2;2;2;1
202200031258;758 252;7;0;2;3;1;1
202200031259;758 248;1;0;2;1;1;5
202200031259;758 249;7;0;2;3;16;1
202200031260;758 247;33;13;0;3;13;1
202200031261;758 246;7;17;0;2;1;1
202200031262;758 242;7;0;2;2;15;1
202200031262;758 244;33;0;2;1;1;1
202200031263;758 240;33;0;2;1;17;1
202200031263;758 243;7;0;2;3;15;1
202200031264;758 239;7;0;2;2;15;1
202200031264;758 241;7;2;2;3;1;1
202200031265;758 237;40;0;2;1;1;3
202200031265;758 238;99;0;4;3;1;0
202200031266;758 235;7;0;2;1;2;1
202200031266;758 236;7;0;2;4;2;1
202200031267;758 233;7;9;1;2;14;1
202200031268;758 232;7;0;2;3;15;1
202200031268;758 234;7;1;2;3;1;1
202200031269;758 229;7;0;1;2;1;1
202200031270;758 226;7;0;2;1;13;1
202200031270;758 228;10;0;2;1;1;1
202200031271;758 225;33;0;0;1;0;0
202200031271;758 227;7;0;0;7;0;1
202200031272;758 223;1;0;2;1;19;5
202200031272;758 224;7;0;2;3;1;1
202200031273;758 220;7;0;2;1;1;1
202200031273;758 222;7;0;2;1;11;1
202200031274;758 218;7;0;2;6;11;1
202200031274;758 221;33;0;2;1;1;1
202200031275;758 216;7;0;2;4;23;1
202200031275;758 219;7;0;2;1;1;1
202200031276;758 215;33;0;2;1;1;1
202200031276;758 217;7;0;2;3;5;1
202200031277;758 213;7;0;0;1;1;1
202200031277;758 214;7;0;2;2;13;1
202200031278;758 211;7;0;1;0;1;1
202200031279;758 210;7;0;2;3;1;1
202200031279;758 212;7;0;2;1;19;1
202200031280;758 209;7;5;0;1;21;1
202200031281;758 206;7;0;2;1;1;1
202200031281;758 208;7;0;2;4;1;1
202200031282;758 205;30;0;1;2;19;1
202200031283;758 203;7;0;2;4;2;1
202200031283;758 204;7;0;2;4;2;1
202200031283;758 207;7;0;2;1;2;1
202200031284;758 201;7;0;1;3;9;1
202200031285;758 200;15;0;2;2;2;1
202200031285;758 202;7;0;2;6;2;1
202200031286;758 199;7;1;0;1;1;1
202200031287;758 196;31;0;9;0;26;1
202200031287;758 198;7;0;9;1;26;1
202200031288;758 191;33;0;2;1;3;1
202200031288;758 193;7;0;2;4;11;1
202200031288;758 195;7;0;2;4;0;1
202200031289;758 192;7;0;2;3;11;1
202200031289;758 194;15;0;2;1;1;1
202200031289;758 197;33;0;2;7;1;1
202200031290;758 190;7;13;0;0;0;1
202200031291;758 188;7;0;0;1;2;1
202200031292;758 186;7;0;2;4;23;1
202200031292;758 189;33;1;0;1;1;1
202200031293;758 185;7;0;2;1;1;1
202200031293;758 187;7;0;2;3;1;1
202200031294;758 182;7;0;2;1;2;1
202200031294;758 184;32;0;2;4;1;1
202200031295;758 181;10;0;2;1;1;1
202200031295;758 183;7;0;2;4;2;2
202200031296;758 173;7;0;2;9;1;1
202200031296;758 176;7;0;2;8;1;1
202200031296;758 178;7;0;2;8;1;1
202200031297;758 172;7;0;2;1;1;1
202200031297;758 175;7;0;2;4;2;1
202200031297;758 177;7;0;2;4;1;1
202200031298;758 169;7;6;2;1;13;1
202200031298;758 170;7;6;2;6;1;2
202200031299;758 168;7;4;0;3;13;1
202200031300;758 167;7;0;2;8;13;1
202200031300;758 171;7;0;2;2;1;1
202200031301;758 163;7;0;0;0;0;0
202200031301;758 166;7;4;0;3;1;1
202200031302;758 162;7;0;2;1;2;1
202200031302;758 165;7;0;0;4;2;1
202200031303;758 160;10;0;2;5;1;1
202200031303;758 161;33;0;2;2;3;1
202200031303;758 164;7;0;2;3;11;1
202200031304;758 158;7;0;0;3;1;1
202200031305;758 157;34;0;2;6;1;1
202200031305;758 159;7;0;2;1;1;1
202200031306;758 154;7;0;1;5;4;1
202200031307;758 153;7;0;2;6;26;1
202200031307;758 156;7;0;2;2;2;1
202200031308;758 151;7;0;2;1;0;1
202200031308;758 152;7;0;2;4;13;1
202200031308;758 155;7;0;2;7;0;1
202200031309;758 150;33;0;1;1;1;1
202200031310;758 147;10;0;2;4;2;1
202200031310;758 148;10;0;0;0;0;0
202200031311;758 141;7;0;2;6;1;1
202200031311;758 143;7;0;2;3;13;1
202200031312;758 137;7;0;2;4;23;1
202200031312;758 139;7;0;2;4;1;1
202200031312;758 142;7;0;2;1;1;1
202200031312;758 144;7;0;2;1;1;1
202200031312;758 145;7;0;2;0;1;1
202200031312;758 146;7;0;2;8;1;1
202200031312;758 149;7;0;2;6;1;3
202200031313;758 138;7;0;2;6;2;1
202200031313;758 140;7;8;2;1;2;1
202200031314;758 136;7;0;1;4;4;3
202200031315;758 133;3;8;0;1;19;1
202200031316;758 131;30;0;2;1;17;1
202200031316;758 132;7;0;2;3;15;1
202200031317;758 130;7;0;1;1;1;1
202200031318;758 129;7;3;0;1;1;1
202200031319;758 127;7;1;2;1;21;1
202200031319;758 128;1;1;2;1;9;5
202200031320;758 126;7;0;0;9;26;1
202200031321;758 123;7;0;2;1;12;1
202200031321;758 124;7;0;2;4;2;1
202200031322;758 122;33;0;2;1;1;1
202200031322;758 125;7;0;2;5;2;1
202200031323;758 118;32;0;2;4;11;1
202200031323;758 120;7;0;2;1;14;1
202200031324;758 117;7;0;2;2;0;1
202200031324;758 121;7;0;2;1;9;1
202200031325;758 119;7;0;1;2;1;1
202200031326;758 115;7;0;1;1;1;1
202200031327;758 111;7;0;2;3;1;1
202200031327;758 114;7;0;2;3;1;1
202200031328;758 110;7;0;2;1;2;1
202200031328;758 112;7;0;2;4;2;1
202200031328;758 113;34;0;2;4;3;1
202200031328;758 116;33;0;2;1;3;1
202200031329;758 109;7;0;1;1;15;1
202200031330;758 106;33;0;2;4;2;1
202200031330;758 107;14;0;2;1;2;1
202200031331;758 105;7;0;2;8;1;1
202200031331;758 108;10;0;2;1;26;1
202200031332;758 102;7;0;2;1;1;1
202200031332;758 103;10;0;2;1;1;1
202200031332;758 104;7;0;2;4;1;1
202200031333;758 099;7;0;2;8;15;3
202200031333;758 101;33;9;2;5;5;1
202200031334;758 100;7;8;0;1;1;1
202200031335;758 096;30;0;0;0;0;1
202200031336;758 094;7;0;2;2;19;1
202200031336;758 098;31;0;2;1;1;1
202200031337;758 095;7;0;2;5;15;1
202200031337;758 097;32;0;2;2;1;1
202200031338;758 090;50;0;2;7;1;3
202200031338;758 092;7;0;2;1;1;2
202200031339;758 088;7;0;2;4;2;1
202200031339;758 091;7;0;2;9;2;1
202200031339;758 093;7;0;2;1;2;1
202200031340;758 089;0;0;1;1;1;1
202200031341;758 086;7;0;2;6;10;1
202200031341;758 087;34;0;2;1;1;1
202200031342;758 082;7;12;2;1;15;1
202200031342;758 085;7;0;2;1;1;1
202200031343;758 081;7;0;2;0;15;1
202200031343;758 083;2;0;2;0;1;1
202200031344;758 080;7;0;2;4;0;1
202200031344;758 084;31;0;2;1;1;1
202200031345;758 078;7;9;1;0;16;1
202200031346;758 077;7;15;0;8;16;1
202200031347;758 076;7;0;2;8;22;1
202200031347;758 079;1;0;2;3;1;5
202200031348;758 072;50;0;2;1;1;3
202200031348;758 074;7;0;2;3;9;1
202200031349;758 069;7;0;2;3;23;1
202200031349;758 071;7;0;2;3;15;3
202200031349;758 073;30;0;2;1;1;1
202200031350;758 068;1;0;2;1;0;5
202200031350;758 070;7;0;2;5;26;1
202200031351;758 064;7;0;2;1;1;1
202200031351;758 066;7;0;2;4;1;1
202200031352;758 065;33;0;2;7;1;1
202200031352;758 067;10;0;2;1;1;1
202200031353;758 062;7;0;2;3;10;0
202200031353;758 063;2;0;2;3;1;1
202200031354;758 061;30;14;0;1;13;3
202200031355;758 056;7;0;2;7;1;0
202200031355;758 058;34;0;2;8;0;0
202200031356;758 057;33;0;2;8;1;1
202200031356;758 059;7;0;2;8;16;1
202200031357;758 055;7;0;2;2;2;1
202200031357;758 060;7;0;2;1;1;1
202200031358;758 053;7;0;1;3;2;1
202200031359;758 052;7;1;0;0;0;1
202200031359;758 054;7;1;0;9;1;1
202200031360;758 051;7;0;1;2;19;0
202200031361;758 050;7;0;1;1;0;2
202200031362;758 047;7;0;2;1;1;1
202200031362;758 048;80;0;2;5;1;3
202200031363;758 046;7;1;0;3;1;1
202200031364;758 043;34;0;1;1;13;1
202200031365;758 042;7;0;2;3;11;1
202200031365;758 044;31;0;2;2;17;1
202200031366;758 040;7;0;2;8;15;0
202200031366;758 041;33;0;2;7;17;0
202200031367;758 035;7;0;2;5;0;1
202200031367;758 037;7;0;2;4;1;1
202200031367;758 039;7;0;2;2;1;1
202200031368;758 033;7;0;2;2;15;1
202200031368;758 036;7;0;2;3;1;1
202200031369;758 034;7;0;2;1;16;1
202200031369;758 038;2;0;2;7;1;3
202200031370;758 028;31;0;2;1;1;0
202200031370;758 032;30;0;2;1;9;1
202200031371;758 030;7;0;2;5;15;1
202200031371;758 031;7;0;2;1;1;1
202200031372;758 027;50;0;2;1;19;3
202200031372;758 029;7;0;2;2;1;1
202200031373;758 026;7;0;1;1;2;2
202200031374;758 023;1;0;2;0;0;5
202200031374;758 025;15;0;2;2;26;1
202200031375;758 020;50;0;2;1;1;3
202200031375;758 022;7;0;2;1;15;1
202200031376;758 021;7;0;2;4;1;1
202200031376;758 024;7;0;2;1;2;1
202200031377;758 018;7;0;2;1;1;1
202200031377;758 019;50;0;2;1;9;3
202200031378;758 016;2;0;2;1;7;3
202200031378;758 017;7;0;2;2;16;1
202200031379;758 014;7;0;1;2;1;1
202200031380;758 013;7;0;2;0;0;1
202200031380;758 015;2;12;2;3;1;1
202200031381;758 011;32;8;0;1;1;1
202200031382;758 009;7;0;2;1;1;2
202200031382;758 012;7;0;2;3;1;1
202200031383;758 008;7;0;2;3;19;1
202200031383;758 010;1;0;2;4;19;5
202200031384;758 006;1;1;0;1;1;5
202200031384;758 007;15;0;9;6;24;1
202200031385;758 005;7;1;1;3;1;1
202200031386;758 003;7;0;2;1;15;1
202200031386;758 004;2;0;2;1;1;1
202200031387;758 000;7;0;2;3;15;1
202200031387;758 001;34;0;2;1;1;1
202200031388;757 995;32;0;2;1;1;1
202200031388;757 997;7;0;2;2;15;1
202200031389;757 998;7;0;2;1;1;1
202200031389;758 002;7;0;2;7;1;2
202200031390;757 994;15;0;2;3;13;1
202200031390;757 996;7;0;2;3;1;1
202200031391;757 993;43;4;0;3;13;1
202200031392;757 991;7;13;0;1;17;1
202200031393;757 990;7;0;2;1;15;1
202200031393;757 992;31;0;2;1;2;1
202200031394;757 989;7;11;0;2;14;1
202200031395;757 985;7;0;2;7;1;1
202200031395;757 987;7;0;2;6;1;1
202200031395;757 988;7;0;2;2;17;1
202200031396;757 984;7;0;2;2;15;1
202200031396;757 986;34;0;2;1;16;1
202200031397;757 983;32;0;1;1;2;1
202200031398;757 982;7;0;1;1;1;1
202200031399;757 980;1;9;0;1;25;0
202200031400;757 979;7;0;2;6;15;1
202200031400;757 981;7;0;2;3;1;1
202200031401;757 978;7;0;1;3;1;1
202200031402;757 974;7;0;2;8;15;1
202200031402;757 977;10;0;2;2;1;1
202200031403;757 973;33;0;2;2;15;0
202200031403;757 976;7;0;2;1;1;0
202200031404;757 972;7;8;2;7;13;1
202200031404;757 975;7;0;2;1;1;1
202200031405;757 970;10;0;2;2;1;1
202200031405;757 971;1;0;2;3;17;5
202200031406;757 968;7;0;1;3;1;1
202200031407;757 967;32;0;2;0;0;1
202200031407;757 969;33;0;2;0;0;0
202200031408;757 966;31;0;0;1;14;1
202200031409;757 964;7;0;2;1;15;1
202200031409;757 965;30;0;2;3;1;1
202200031410;757 962;50;0;0;1;26;3
202200031411;757 961;1;0;2;0;0;5
202200031411;757 963;7;0;2;1;15;1
202200031412;757 958;7;0;2;3;16;1
202200031412;757 960;50;0;2;1;15;3
202200031413;757 959;50;0;1;1;2;3
202200031414;757 956;7;0;2;1;2;1
202200031414;757 957;10;0;2;4;20;0
202200031415;757 953;7;0;1;3;1;1
202200031416;757 951;7;0;2;3;1;1
202200031416;757 954;7;0;2;3;1;1
202200031416;757 955;7;0;2;3;13;1
202200031417;757 950;7;0;2;1;5;1
202200031417;757 952;7;0;2;2;21;1
202200031418;757 947;7;7;0;1;6;1
202200031419;757 946;7;0;2;1;19;1
202200031419;757 949;7;0;2;5;1;1
202200031420;757 945;30;0;2;1;17;1
202200031420;757 948;7;0;2;3;15;1
202200031421;757 944;7;2;0;0;13;1
202200031422;757 943;7;12;0;3;16;1
202200031423;757 940;7;0;2;6;1;1
202200031423;757 942;30;0;2;1;1;1
202200031424;757 938;32;0;2;1;1;1
202200031424;757 939;7;0;2;7;15;1
202200031425;757 937;36;0;2;1;1;1
202200031425;757 941;7;0;2;3;13;1
202200031426;757 936;10;0;1;1;15;1
202200031427;757 935;7;15;0;3;1;1
202200031428;757 932;7;0;2;2;1;1
202200031428;757 933;7;0;0;0;0;3
202200031429;757 931;7;0;1;2;1;1
202200031429;757 934;7;0;0;2;1;3
202200031430;757 930;7;13;0;1;21;1
202200031431;757 928;7;8;0;1;14;1
202200031432;757 926;7;0;2;2;2;2
202200031432;757 929;33;0;2;1;17;1
202200031433;757 925;7;0;2;1;15;1
202200031433;757 927;30;0;2;0;1;1
202200031434;757 923;7;0;1;2;1;1
202200031435;757 918;7;0;2;8;15;1
202200031435;757 921;33;0;2;7;17;1
202200031436;757 919;1;0;2;1;1;5
202200031436;757 922;10;0;2;7;15;1
202200031437;757 917;1;0;2;7;0;5
202200031437;757 920;7;0;9;3;9;1
202200031438;757 914;2;0;0;4;2;1
202200031438;757 916;7;0;2;2;2;2
202200031439;757 915;7;12;0;2;14;1
202200031440;757 912;33;3;0;8;13;1
202200031441;757 910;1;0;2;1;1;5
202200031441;757 913;7;0;9;3;15;1
202200031442;757 909;7;0;2;1;2;1
202200031442;757 911;32;0;2;1;15;1
202200031443;757 902;7;0;2;3;1;1
202200031443;757 905;7;0;2;3;1;2
202200031444;757 904;7;1;2;1;1;0
202200031444;757 907;3;1;2;1;1;0
202200031445;757 903;7;0;2;0;0;1
202200031445;757 906;7;0;2;0;0;1
202200031446;757 899;7;0;2;1;1;1
202200031446;757 901;7;0;2;2;13;1
202200031447;757 896;7;0;2;4;1;1
202200031447;757 897;7;4;2;1;1;0
202200031447;757 900;10;0;2;4;1;1
202200031448;757 895;7;0;2;8;1;1
202200031448;757 898;7;0;2;3;13;2
202200031449;757 893;33;0;2;1;1;1
202200031449;757 894;7;0;2;2;15;1
202200031450;757 892;30;12;0;1;14;1
202200031451;757 890;2;13;0;0;1;1
202200031452;757 891;10;0;1;1;15;1
202200031453;757 888;7;0;2;6;1;1
202200031453;757 889;7;0;2;2;1;1
202200031454;757 885;7;0;2;3;1;1
202200031454;757 887;7;0;2;3;13;1
202200031455;757 884;7;0;2;4;23;1
202200031455;757 886;7;0;2;1;2;1
202200031456;757 883;7;0;0;1;1;1
202200031457;757 881;2;0;2;3;1;1
202200031457;757 882;10;0;2;3;15;1
202200031458;757 878;7;0;1;3;1;1
202200031459;757 877;7;0;2;4;2;1
202200031459;757 879;7;0;2;4;2;1
202200031459;757 880;7;0;2;1;2;1
202200031460;757 876;7;2;0;1;1;1
202200031461;757 875;7;0;1;1;1;1
202200031462;757 873;10;13;0;3;0;4
202200031463;757 872;10;0;2;4;2;3
202200031463;757 874;7;0;2;1;2;2
202200031464;757 870;7;0;2;9;1;1
202200031464;757 871;7;0;2;2;1;1
202200031465;757 867;7;0;2;3;1;1
202200031465;757 869;7;0;2;3;13;1
202200031466;757 866;7;0;1;3;16;1
202200031467;757 865;10;0;1;1;1;1
202200031468;757 862;7;0;2;3;1;1
202200031468;757 864;30;0;2;1;14;3
202200031469;757 860;7;0;2;4;2;2
202200031469;757 863;7;0;2;1;2;1
202200031469;757 868;7;0;2;1;2;1
202200031470;757 859;7;0;2;1;1;1
202200031470;757 861;7;9;2;1;1;1
202200031471;757 857;7;13;0;3;1;1
202200031472;757 856;80;0;2;8;15;3
202200031472;757 858;30;0;2;1;1;1
202200031473;757 855;7;0;1;1;16;2
202200031474;757 850;1;0;2;8;19;5
202200031474;757 854;31;0;2;1;1;1
202200031475;757 851;7;0;2;4;23;1
202200031475;757 853;30;0;2;4;1;1
202200031476;757 849;7;0;2;1;13;1
202200031476;757 852;7;0;2;2;1;1
202200031477;757 848;7;2;0;3;13;1
202200031478;757 846;32;0;1;2;16;1
202200031479;757 845;32;0;2;1;1;1
202200031479;757 847;7;0;2;4;16;1
202200031480;757 844;7;15;0;1;0;1
202200031481;757 843;33;0;1;1;1;1
202200031482;757 842;7;2;0;1;0;1
202200031483;757 841;7;0;1;7;1;3
202200031484;757 839;80;0;1;1;1;3
202200031485;757 838;7;0;2;3;0;2
202200031485;757 840;33;0;2;2;5;1
202200031486;757 837;7;0;1;3;16;1
202200031487;757 835;7;2;0;1;1;1
202200031488;757 834;43;0;2;1;1;1
202200031488;757 836;7;0;2;7;1;2
202200031489;757 833;33;0;0;9;1;1
202200031490;757 832;30;0;1;1;1;1
202200031491;757 831;7;6;0;1;1;1
202200031492;757 830;2;9;0;1;14;1
202200031493;757 829;33;14;0;1;0;1
202200031494;757 827;2;12;0;1;1;1
202200031495;757 826;1;0;2;1;1;5
202200031495;757 828;7;0;2;7;24;1
202200031496;757 823;33;0;0;0;0;1
202200031497;757 822;30;0;2;6;1;1
202200031497;757 824;30;0;2;6;1;1
202200031497;757 825;7;0;2;6;15;1
202200031498;757 821;7;0;1;1;1;2
202200031499;757 820;7;13;0;1;1;1
202200031500;757 818;7;0;2;6;26;1
202200031500;757 819;7;0;2;1;9;1
202200031501;757 815;7;0;2;3;1;1
202200031501;757 817;33;0;2;3;13;1
202200031502;757 814;7;0;2;2;1;2
202200031502;757 816;32;0;2;6;11;1
202200031503;757 813;30;0;1;1;1;3
202200031504;757 812;2;6;0;1;14;1
202200031505;757 809;7;0;2;1;1;1
202200031505;757 811;7;0;2;3;15;1
202200031506;757 807;7;0;2;3;1;1
202200031506;757 810;30;0;2;1;1;1
202200031507;757 806;7;3;2;3;1;1
202200031507;757 808;7;0;2;3;13;0
202200031508;757 805;10;3;0;1;0;0
202200031509;757 801;15;0;2;3;1;1
202200031509;757 803;2;0;2;1;13;1
202200031510;757 802;31;0;2;1;1;1
202200031510;757 804;7;0;2;4;9;1
202200031511;757 798;33;0;0;8;1;1
202200031512;757 797;7;0;2;3;1;1
202200031512;757 800;7;0;2;2;1;1
202200031513;757 796;10;0;2;1;13;1
202200031513;757 799;7;0;2;1;1;1
202200031514;757 794;2;2;0;1;1;1
202200031515;757 792;7;0;2;3;0;1
202200031515;757 793;7;0;2;3;0;1
202200031516;757 791;2;0;2;2;0;1
202200031516;757 795;7;0;2;1;1;1
202200031517;757 790;33;0;0;7;1;1
202200031518;757 789;7;2;0;1;13;1
202200031519;757 788;7;1;0;1;1;1
202200031520;757 786;7;0;2;3;13;1
202200031520;757 787;7;0;2;1;1;1
202200031521;757 785;7;0;1;3;15;1
202200031522;757 783;7;1;0;1;13;1
202200031523;757 781;7;2;0;1;13;1
202200031524;757 780;7;0;2;1;0;1
202200031524;757 782;7;0;2;5;1;2
202200031524;757 784;7;0;2;0;1;1
202200031525;757 779;7;2;0;1;1;1
202200031526;757 776;7;0;2;1;13;1
202200031526;757 777;7;0;2;1;1;1
202200031527;757 773;7;0;2;2;1;1
202200031527;757 775;7;0;2;1;9;1
202200031528;757 774;7;3;2;3;1;1
202200031528;757 778;7;14;0;1;1;1
202200031529;757 772;7;1;0;8;5;1
202200031530;757 770;7;16;0;2;1;1
202200031531;757 771;7;0;1;0;16;2
202200031532;757 769;7;13;0;1;1;1
202200031533;757 768;7;2;0;8;1;1
202200031534;757 767;7;0;1;2;26;1
202200031535;757 765;7;0;2;3;1;1
202200031535;757 766;7;0;2;3;13;1
202200031536;757 764;7;0;1;2;1;1
202200031537;757 763;7;0;1;1;1;1
202200031538;757 759;10;0;2;2;1;1
202200031538;757 761;7;4;0;6;1;1
202200031539;757 757;7;0;2;6;1;1
202200031539;757 760;7;0;2;6;1;1
202200031539;757 762;7;4;2;9;17;1
202200031540;757 754;7;0;2;3;1;1
202200031540;757 756;7;0;2;6;1;1
202200031540;757 758;7;0;2;3;1;1
202200031541;757 752;7;0;2;3;16;1
202200031541;757 753;7;0;2;2;1;1
202200031542;757 751;7;0;2;3;19;1
202200031542;757 755;2;0;2;1;1;1
202200031543;757 749;10;0;0;4;0;1
202200031543;757 750;34;0;2;2;26;0
202200031544;757 748;7;2;0;0;13;1
202200031545;757 746;7;0;2;1;15;1
202200031545;757 747;30;0;2;1;1;1
202200031546;757 745;7;2;0;0;0;1
202200031547;757 744;10;0;1;5;1;1
202200031548;757 743;7;15;0;2;13;1
202200031549;757 740;7;0;2;1;1;1
202200031549;757 741;30;0;2;1;1;3
202200031550;757 739;36;13;0;1;1;1
202200031551;757 737;7;0;2;3;21;1
202200031551;757 738;7;0;2;3;21;1
202200031551;757 742;7;0;2;3;13;1
202200031552;757 735;7;13;0;1;0;1
202200031553;757 734;1;0;2;8;1;5
202200031553;757 736;7;0;2;7;1;1
202200031554;757 732;34;0;2;3;1;1
202200031554;757 733;7;0;2;3;15;1
202200031555;757 731;7;13;0;0;0;1
202200031556;757 730;33;0;0;1;26;1
202200031557;757 727;13;2;0;2;14;1
202200031558;757 725;7;0;2;1;2;1
202200031558;757 728;7;0;2;4;23;1
202200031558;757 729;10;0;2;4;23;1
202200031559;757 724;33;0;2;1;1;1
202200031559;757 726;7;0;2;1;1;1
202200031560;757 723;7;6;9;3;13;1
202200031561;757 721;7;17;0;3;1;1
202200031562;757 720;1;0;2;3;2;5
202200031562;757 722;7;0;2;5;11;1
202200031563;757 719;7;8;0;8;13;1
202200031564;757 718;7;0;1;2;2;1
202200031565;757 716;7;0;0;3;2;1
202200031565;757 717;30;0;0;4;23;1
202200031566;757 715;7;0;1;4;4;1
202200031567;757 714;7;8;0;9;0;1
202200031568;757 711;7;3;0;9;14;1
202200031569;757 710;1;0;2;1;13;5
202200031569;757 713;7;0;2;1;0;3
202200031570;757 707;33;13;0;9;1;1
202200031571;757 705;7;0;2;1;19;1
202200031571;757 708;7;0;2;3;1;1
202200031572;757 706;7;0;2;4;23;1
202200031572;757 709;7;0;2;1;1;1
202200031573;757 703;33;5;0;2;17;1
202200031573;757 704;7;0;0;3;15;1
202200031574;757 701;33;0;5;1;21;1
202200031575;757 699;33;0;2;1;3;1
202200031575;757 702;7;0;2;4;1;1
202200031576;757 698;10;6;0;3;1;1
202200031577;757 697;7;0;0;2;1;1
202200031577;757 700;1;0;2;1;1;5
202200031578;757 691;7;0;9;0;1;2
202200031578;757 693;7;0;2;1;2;1
202200031578;757 695;7;0;2;4;2;1
202200031578;757 696;7;1;2;1;2;1
202200031579;757 690;10;0;0;7;15;1
202200031579;757 692;7;0;0;1;1;1
202200031580;757 689;7;0;1;1;1;1
202200031581;757 687;7;13;0;2;2;1
202200031582;757 686;33;0;2;1;17;1
202200031582;757 688;7;0;0;8;15;1
202200031583;757 684;7;6;0;0;0;1
202200031584;757 681;7;0;2;2;21;1
202200031584;757 683;7;0;2;6;0;1
202200031585;757 680;7;0;0;0;1;1
202200031586;757 679;7;1;2;1;1;1
202200031586;757 682;7;6;2;7;1;1
202200031587;757 675;7;0;0;0;2;1
202200031587;757 677;2;0;0;0;0;1
202200031588;757 674;1;0;0;1;2;5
202200031588;757 676;7;0;0;7;15;1
202200031589;757 673;7;7;2;1;19;1
202200031589;757 678;33;15;0;8;1;1
202200031590;757 670;7;0;2;3;13;1
202200031590;757 672;7;0;2;3;1;1
202200031591;757 669;7;0;4;3;1;1
202200031591;757 671;39;0;2;2;1;6
202200031592;757 666;33;13;0;2;1;1
202200031593;757 662;7;0;2;1;1;1
202200031593;757 665;7;0;2;3;15;1
202200031594;757 658;7;12;2;3;1;1
202200031594;757 660;33;0;0;1;1;1
202200031595;757 656;10;0;1;2;16;1
202200031596;757 655;7;13;2;8;0;1
202200031596;757 657;7;0;2;8;1;1
202200031596;757 659;7;12;2;7;1;1
202200031596;757 661;1;0;2;7;1;5
202200031596;757 663;1;0;0;7;1;5
202200031597;757 652;7;2;0;2;1;1
202200031598;757 653;7;0;2;7;12;1
202200031598;757 654;33;0;2;8;1;1
202200031599;757 650;7;14;2;1;17;1
202200031599;757 651;7;3;0;2;0;1
202200031600;757 649;7;13;0;1;0;0
202200031601;757 648;17;13;0;8;14;1
202200031602;757 644;33;0;2;7;17;1
202200031602;757 646;7;0;2;3;15;1
202200031603;757 645;7;2;0;8;2;1