Num_Acc;id_vehicule;categorie_vehicule;obstacle_fixe;obstacle_mobile;point_choc_initial;manoeuvre_principale;motorisation
202200031604;757 643;7;0;2;2;15;1
202200031604;757 647;33;0;2;1;1;1
202200031605;757 638;7;0;2;3;12;1
202200031605;757 640;32;0;2;4;2;1
202200031605;757 642;7;0;2;3;12;1
202200031606;757 637;10;15;0;3;1;1
202200031606;757 641;7;0;2;3;13;1
202200031607;757 635;15;0;2;6;10;0
202200031607;757 636;10;0;2;2;2;0
202200031607;757 639;7;0;2;3;2;1
202200031608;757 633;7;0;2;6;1;0
202200031608;757 634;7;0;2;2;14;1
202200031609;757 631;1;0;0;4;1;5
202200031609;757 632;7;0;2;2;2;2
202200031610;757 628;7;0;2;1;1;1
202200031610;757 630;7;0;2;6;1;1
202200031611;757 627;7;0;2;1;1;1
202200031611;757 629;7;0;2;7;13;1
202200031612;757 626;7;13;0;0;2;1
202200031613;757 622;14;0;2;2;1;1
202200031613;757 624;7;0;2;3;13;1
202200031613;757 625;7;0;2;1;1;1
202200031614;757 620;2;0;2;1;26;1
202200031614;757 623;31;0;2;1;26;1
202200031615;757 619;7;0;2;1;1;1
202200031615;757 621;10;0;2;1;13;1
202200031616;757 615;7;0;9;2;1;1
202200031616;757 616;1;0;2;8;1;5
202200031617;757 612;10;0;2;8;15;1
202200031617;757 613;33;0;2;3;17;1
202200031618;757 611;33;0;2;1;1;1
202200031618;757 614;7;0;0;3;15;1
202200031619;757 609;33;0;2;7;17;1
202200031619;757 610;7;0;2;8;10;1
202200031620;757 606;33;0;2;4;23;1
202200031620;757 608;7;0;2;1;0;1
202200031621;757 605;7;0;2;1;1;1
202200031621;757 607;10;0;2;1;1;1
202200031622;757 603;7;0;2;1;17;1
202200031622;757 604;2;0;2;8;10;1
202200031623;757 601;10;0;2;1;0;1
202200031623;757 602;10;0;2;4;1;1
202200031624;757 599;34;0;0;4;1;1
202200031625;757 594;33;0;0;7;1;1
202200031626;757 592;7;0;2;4;2;1
202200031626;757 595;7;0;2;4;2;1
202200031626;757 597;7;0;2;1;2;1
202200031627;757 591;33;5;0;2;1;1
202200031628;757 593;7;0;2;6;23;1
202200031628;757 596;7;0;2;5;23;1
202200031628;757 598;15;0;2;8;23;1
202200031628;757 600;7;3;2;2;21;1
202200031629;757 590;7;6;0;1;1;1
202200031630;757 587;7;6;9;1;0;1
202200031631;757 586;7;0;2;1;26;1
202200031631;757 589;7;0;2;8;26;1
202200031632;757 585;7;0;0;5;15;1
202200031632;757 588;33;0;2;1;1;1
202200031633;757 584;80;0;0;0;1;3
202200031634;757 582;7;0;2;1;17;1
202200031634;757 583;7;3;2;1;9;1
202200031635;757 578;7;0;0;3;1;1
202200031635;757 581;10;0;2;1;19;1
202200031636;757 574;7;0;2;3;1;1
202200031636;757 577;2;0;2;1;1;3
202200031637;757 573;30;0;2;1;13;1
202200031637;757 576;7;0;0;3;1;1
202200031638;757 572;31;0;2;2;17;1
202200031638;757 575;7;0;2;3;15;1
202200031639;757 567;37;14;2;2;19;1
202200031639;757 571;7;0;2;2;19;1
202200031640;757 563;7;0;2;1;9;1
202200031640;757 565;7;15;2;8;23;1
202200031640;757 568;7;0;2;8;1;1
202200031641;757 562;7;15;0;2;1;1
202200031642;757 559;7;0;2;6;1;1
202200031642;757 561;7;0;2;3;13;1
202200031643;757 564;7;0;2;4;2;1
202200031643;757 566;10;0;2;1;2;1
202200031643;757 569;7;0;2;4;2;1
202200031643;757 570;7;0;2;4;2;1
202200031644;757 557;7;0;2;1;2;1
202200031644;757 558;7;0;2;1;1;1
202200031644;757 560;7;0;2;1;23;1
202200031645;757 555;33;1;0;1;1;1
202200031645;757 556;7;0;2;5;1;1
202200031646;757 552;7;16;0;2;1;2
202200031646;757 554;7;0;0;2;1;1
202200031647;757 553;7;0;1;1;21;1
202200031648;757 550;34;0;2;1;1;1
202200031648;757 551;7;0;2;1;15;1
202200031649;757 548;33;0;2;1;3;1
202200031649;757 549;7;0;2;3;10;2
202200031650;757 547;1;0;0;0;16;5
202200031651;757 545;7;0;2;8;15;1
202200031651;757 546;33;0;2;2;17;1
202200031652;757 544;7;9;0;9;1;1
202200031653;757 543;1;0;0;9;1;5
202200031654;757 539;7;0;2;3;1;1
202200031654;757 540;7;0;2;3;1;1
202200031654;757 541;31;0;2;1;19;1
202200031655;757 537;7;3;0;2;2;1
202200031655;757 538;7;4;0;4;1;1
202200031656;757 535;33;0;2;1;6;1
202200031656;757 536;7;0;2;4;1;1
202200031657;757 531;7;0;2;1;1;1
202200031657;757 532;7;0;2;4;1;1
202200031657;757 533;7;0;2;4;1;1
202200031657;757 534;7;0;2;4;1;1
202200031658;757 530;7;4;0;0;11;1
202200031659;757 528;7;0;2;3;15;1
202200031659;757 529;33;0;0;7;1;1
202200031660;757 522;7;0;0;4;23;1
202200031660;757 523;7;0;2;4;23;1
202200031660;757 524;7;0;2;4;23;1
202200031660;757 525;7;0;2;1;12;1
202200031661;757 521;7;0;1;2;1;1
202200031662;757 519;33;0;2;8;1;1
202200031662;757 520;7;0;2;7;9;1
202200031663;757 518;2;2;0;1;1;1
202200031664;757 517;2;0;0;9;26;1
202200031665;757 515;7;0;0;8;9;1
202200031665;757 516;2;0;2;1;3;1
202200031666;757 514;7;7;0;1;14;1
202200031667;757 512;7;0;2;3;1;1
202200031667;757 513;7;0;2;1;15;1
202200031668;757 510;33;0;2;1;2;1
202200031668;757 511;10;0;2;7;17;1
202200031669;757 509;7;2;0;3;1;1
202200031670;757 507;7;0;2;8;9;2
202200031670;757 508;15;0;2;1;1;1
202200031671;757 505;7;0;0;8;2;1
202200031671;757 506;10;0;0;1;19;1
202200031672;757 504;7;8;0;2;14;2
202200031673;757 502;10;0;2;3;1;0
202200031673;757 503;10;0;2;2;15;0
202200031674;757 500;10;1;0;2;14;1
202200031674;757 501;7;0;0;6;23;1
202200031675;757 498;1;0;9;4;1;5
202200031675;757 499;7;0;2;3;1;2
202200031676;757 496;7;0;0;8;15;1
202200031676;757 497;13;0;2;3;1;1
202200031677;757 494;7;0;2;3;5;1
202200031677;757 495;1;0;2;1;1;5
202200031678;757 492;33;0;2;3;17;1
202200031678;757 493;7;0;2;6;17;1
202200031679;757 491;14;13;0;9;1;1
202200031680;757 490;7;1;0;1;13;1
202200031681;757 488;37;0;2;2;1;1
202200031681;757 489;10;0;2;3;15;1
202200031682;757 486;10;0;0;4;1;1
202200031682;757 487;15;0;2;1;2;1
202200031683;757 484;7;0;0;1;2;1
202200031683;757 485;7;0;0;4;1;1
202200031684;757 482;7;0;0;7;1;1
202200031684;757 483;7;4;2;1;1;1
202200031685;757 481;7;6;0;2;1;1
202200031686;757 479;33;0;2;0;13;1
202200031686;757 480;7;0;2;7;1;1
202200031687;757 478;7;0;0;9;2;1
202200031688;757 477;7;0;1;3;1;1
202200031689;757 475;7;0;2;1;1;1
202200031689;757 476;7;0;2;1;13;0
202200031690;757 473;7;0;2;1;5;1
202200031690;757 474;10;0;2;1;1;1
202200031691;757 471;7;4;0;4;2;1
202200031691;757 472;7;0;2;1;2;1
202200031692;757 468;7;0;2;2;13;1
202200031692;757 469;7;0;2;3;1;1
202200031692;757 470;7;0;0;6;0;1
202200031693;757 466;10;0;2;6;1;1
202200031693;757 467;7;0;2;3;13;1
202200031694;757 464;7;0;2;1;1;1
202200031694;757 465;33;0;2;4;13;1
202200031695;757 463;2;8;0;2;0;1
202200031696;757 461;2;0;2;1;1;1
202200031696;757 462;7;0;2;5;15;1
202200031697;757 459;7;0;2;3;1;1
202200031697;757 460;7;0;2;4;1;1
202200031698;757 457;7;0;2;3;2;2
202200031698;757 458;7;0;2;3;13;1
202200031699;757 453;10;0;2;8;1;1
202200031699;757 454;10;0;2;2;13;1
202200031699;757 455;7;0;2;9;2;1
202200031699;757 456;7;0;2;4;2;1
202200031700;757 451;2;0;2;1;1;1
202200031700;757 452;10;0;0;5;15;1
202200031701;757 449;7;0;0;4;2;1
202200031701;757 450;7;0;2;1;2;1
202200031702;757 447;7;0;2;3;1;1
202200031702;757 448;7;0;2;3;13;1
202200031703;757 445;1;0;2;0;2;5
202200031703;757 446;7;0;2;2;2;1
202200031704;757 444;7;0;1;2;1;1
202200031705;757 441;7;0;2;4;2;1
202200031705;757 442;7;0;2;9;2;1
202200031705;757 443;7;0;2;1;2;1
202200031706;757 438;7;0;2;4;2;1
202200031706;757 439;7;0;2;9;2;1
202200031706;757 440;7;0;2;1;2;1
202200031707;757 436;7;0;2;1;2;1
202200031707;757 437;7;0;2;4;2;1
202200031708;757 434;10;0;2;8;26;1
202200031708;757 435;7;0;2;1;1;1
202200031709;757 431;7;0;2;4;2;1
202200031709;757 432;7;0;2;4;2;1
202200031709;757 433;7;0;2;1;2;1
202200031710;757 428;7;0;2;4;2;1
202200031710;757 429;7;0;2;9;2;1
202200031710;757 430;7;0;2;1;2;1
202200031711;757 427;14;0;1;1;12;1
202200031712;757 423;7;0;0;0;0;2
202200031712;757 424;7;0;2;4;0;1
202200031712;757 425;7;0;0;4;0;1
202200031712;757 426;7;0;0;0;0;0
202200031713;757 421;7;0;2;1;2;1
202200031713;757 422;7;0;2;4;2;1
202200031714;757 419;7;0;2;7;12;1
202200031714;757 420;33;0;2;8;3;1
202200031715;757 417;33;4;2;7;3;1
202200031715;757 418;10;0;0;0;0;0
202200031716;757 414;7;0;2;4;11;1
202200031716;757 415;31;0;2;7;3;1
202200031716;757 416;7;0;2;4;1;1
202200031717;757 407;7;0;9;4;2;1
202200031717;757 408;10;0;2;1;2;1
202200031717;757 409;7;0;2;1;2;1
202200031717;757 410;10;0;2;1;2;1
202200031717;757 411;7;0;2;3;0;1
202200031717;757 412;10;0;2;1;2;1
202200031717;757 413;10;0;2;4;0;1
202200031718;757 406;7;4;0;3;13;1
202200031719;757 405;7;4;0;3;1;1
202200031720;757 403;7;0;2;3;11;2
202200031720;757 404;33;0;2;2;3;1
202200031721;757 402;7;4;0;1;1;1
202200031722;757 400;7;0;2;3;1;1
202200031722;757 401;2;0;2;8;9;1
202200031723;757 399;33;2;0;1;16;1
202200031724;757 398;7;0;1;1;26;6
202200031725;757 397;33;0;0;0;14;1
202200031726;757 396;1;7;0;1;1;5
202200031727;757 394;1;0;2;8;1;5
202200031727;757 395;7;0;2;1;1;1
202200031728;757 392;7;6;2;1;13;1
202200031728;757 393;10;0;2;7;1;1
202200031729;757 390;7;0;2;3;1;1
202200031729;757 391;7;0;2;1;13;1
202200031730;757 389;7;9;1;1;16;1
202200031731;757 387;7;0;2;1;13;1
202200031731;757 388;7;0;2;8;1;1
202200031732;757 386;7;15;0;1;1;1
202200031733;757 384;7;0;2;4;1;2
202200031733;757 385;31;0;2;1;1;1
202200031734;757 381;7;0;2;2;12;1
202200031734;757 382;7;0;2;3;1;1
202200031734;757 383;7;0;2;1;5;1
202200031735;757 377;7;0;2;1;2;1
202200031735;757 378;33;0;2;7;15;1
202200031736;757 376;7;0;1;3;1;1
202200031737;757 374;7;0;2;7;1;1
202200031737;757 375;50;0;2;7;0;3
202200031738;757 372;7;0;2;4;2;1
202200031738;757 373;7;0;2;1;1;2
202200031739;757 370;80;0;2;2;1;3
202200031739;757 371;7;0;9;1;1;1
202200031740;757 368;2;0;2;0;0;1
202200031740;757 369;10;0;2;1;15;1
202200031741;757 367;2;0;2;0;1;1
202200031742;757 365;7;0;2;0;0;1
202200031742;757 366;7;0;2;0;0;1
202200031743;757 363;50;0;2;1;5;3
202200031743;757 364;7;0;9;3;15;1
202200031744;757 362;7;3;0;1;1;1
202200031745;757 361;7;1;0;2;14;1
202200031746;757 360;7;4;0;3;1;1
202200031747;757 359;7;13;0;1;13;1
202200031748;757 357;30;0;2;1;1;1
202200031748;757 358;7;0;2;0;0;0
202200031749;757 355;7;0;2;1;26;1
202200031749;757 356;7;0;2;1;26;0
202200031750;757 353;7;0;0;0;26;0
202200031750;757 354;7;0;0;0;26;0
202200031751;757 352;7;0;1;2;2;1
202200031752;757 351;33;0;1;1;1;1
202200031753;757 350;32;0;1;1;21;1
202200031754;757 347;7;0;2;1;15;1
202200031754;757 348;7;0;2;1;1;1
202200031754;757 349;7;0;2;1;23;1
202200031755;757 346;7;0;1;3;20;1
202200031756;757 344;7;0;2;3;15;1
202200031756;757 345;2;0;2;2;17;1
202200031757;757 341;10;0;2;1;2;1
202200031757;757 342;7;0;2;4;2;1
202200031757;757 343;7;0;2;4;2;1
202200031758;757 340;7;0;1;4;4;1
202200031759;757 338;7;0;2;0;15;1
202200031759;757 339;34;0;2;8;1;1
202200031760;757 337;30;0;0;0;21;3
202200031761;757 335;7;0;2;2;15;1
202200031761;757 336;30;0;2;1;1;1
202200031762;757 333;7;0;2;0;1;1
202200031762;757 334;80;0;2;0;1;3
202200031763;757 331;7;0;2;4;2;1
202200031763;757 332;7;0;2;1;2;1
202200031764;757 330;60;0;1;7;1;5
202200031765;757 328;7;0;2;1;1;0
202200031765;757 329;7;0;0;4;23;1
202200031766;757 326;7;0;2;3;1;0
202200031766;757 327;7;0;2;3;9;0
202200031767;757 324;1;1;0;1;1;5
202200031767;757 325;7;0;2;3;24;2
202200031768;757 322;2;0;2;3;13;1
202200031768;757 323;7;0;2;3;1;1
202200031769;757 321;7;6;0;3;1;1
202200031770;757 320;30;1;0;0;1;1
202200031771;757 318;7;0;2;6;0;1
202200031771;757 319;2;0;2;1;13;1
202200031772;757 316;10;0;2;9;6;1
202200031772;757 317;7;0;2;3;0;1
202200031773;757 314;7;0;2;2;20;1
202200031773;757 315;1;0;2;2;21;5
202200031774;757 312;15;0;2;8;13;1
202200031774;757 313;7;2;2;8;1;1
202200031775;757 310;32;0;2;1;1;1
202200031775;757 311;7;0;2;2;15;1
202200031776;757 308;33;0;2;8;1;1
202200031776;757 309;7;0;2;3;1;1
202200031777;757 306;7;0;2;1;1;1
202200031777;757 307;7;0;2;8;19;1
202200031778;757 304;15;0;2;2;1;1
202200031778;757 305;7;0;2;2;17;2
202200031779;757 302;1;0;2;4;1;5
202200031779;757 303;7;0;2;2;0;0
202200031780;757 301;32;16;0;7;1;1
202200031781;757 299;2;0;2;1;1;1
202200031781;757 300;3;0;2;2;19;1
202200031782;757 298;7;3;0;1;13;1
202200031783;757 296;2;16;0;8;2;1
202200031784;757 295;7;0;1;2;1;1
202200031785;757 294;7;8;0;7;14;1
202200031786;757 292;7;0;2;3;1;1
202200031786;757 293;7;0;2;3;1;0
202200031787;757 291;7;13;0;1;1;1
202200031788;757 290;7;8;0;1;1;1
202200031789;757 288;7;0;0;0;13;1
202200031789;757 289;7;0;0;0;1;1
202200031790;757 287;7;0;0;9;0;1
202200031791;757 286;7;15;0;1;1;1
202200031792;757 284;7;0;2;3;0;1
202200031792;757 285;7;0;2;3;0;1
202200031793;757 282;7;0;2;1;1;1
202200031793;757 283;7;0;2;1;19;1
202200031794;757 281;2;12;0;7;1;1
202200031795;757 279;2;0;2;1;1;1
202200031795;757 280;7;0;2;3;15;1
202200031796;757 277;7;0;2;2;21;2
202200031796;757 278;7;0;2;6;19;1
202200031797;757 275;2;0;2;1;18;1
202200031797;757 276;17;0;2;2;16;1
202200031798;757 273;7;0;2;1;15;1
202200031798;757 274;31;0;2;2;1;1
202200031799;757 269;7;0;2;3;1;1
202200031799;757 270;7;0;2;3;13;1
202200031799;757 271;7;0;2;3;1;1
202200031799;757 272;7;0;2;3;1;1
202200031800;757 267;7;0;0;1;1;1
202200031800;757 268;17;0;0;0;1;1
202200031801;757 265;7;0;2;8;1;1
202200031801;757 266;7;3;2;7;17;1
202200031802;757 263;7;0;0;4;2;1
202200031802;757 264;7;0;2;1;2;1
202200031803;757 261;7;4;2;1;0;1
202200031803;757 262;17;0;2;6;1;1
202200031804;757 260;33;0;0;2;26;1
202200031805;757 258;7;3;2;1;1;1
202200031805;757 259;7;0;2;1;13;1
202200031806;757 257;7;16;0;0;9;1
202200031807;757 255;33;0;2;1;17;1
202200031807;757 256;7;0;2;4;15;1
202200031808;757 254;33;0;6;1;1;1
202200031809;757 251;7;0;2;1;1;0
202200031809;757 252;7;0;2;1;1;0
202200031809;757 253;7;0;2;1;1;0
202200031810;757 249;7;0;2;1;13;1
202200031810;757 250;7;0;2;1;1;1
202200031811;757 247;15;0;0;2;24;1
202200031811;757 248;7;1;0;3;14;1
202200031812;757 246;7;15;0;1;1;1
202200031813;757 244;15;0;2;6;1;1
202200031813;757 245;7;0;2;2;17;1
202200031814;757 242;10;0;2;7;12;0
202200031814;757 243;31;0;2;7;1;0
202200031815;757 240;7;0;2;4;2;1
202200031815;757 241;7;0;2;1;2;1
202200031816;757 239;7;4;0;1;13;1
202200031817;757 236;7;13;2;3;14;1
202200031817;757 237;7;0;2;5;1;1
202200031817;757 238;7;0;2;4;1;1
202200031818;757 235;7;4;0;1;1;1
202200031819;757 230;7;0;2;4;1;2
202200031819;757 231;7;0;2;1;1;1
202200031819;757 232;7;0;2;4;1;1
202200031819;757 233;7;0;2;4;1;1
202200031819;757 234;7;0;2;1;1;1
202200031820;757 226;7;0;2;1;2;1
202200031820;757 227;7;0;2;1;2;1
202200031820;757 228;7;0;2;5;26;1
202200031820;757 229;7;0;2;4;2;1
202200031821;757 225;32;0;0;8;3;1
202200031822;757 223;7;0;2;1;15;1
202200031822;757 224;7;0;2;6;23;1
202200031823;757 221;7;0;2;8;26;1
202200031823;757 222;7;0;2;1;2;1
202200031824;757 219;33;0;0;8;2;0
202200031824;757 220;33;0;0;8;2;1
202200031825;757 218;7;4;0;9;13;1
202200031826;757 217;7;0;0;3;2;1
202200031827;757 214;7;0;2;4;2;1
202200031827;757 215;7;0;2;2;1;1
202200031827;757 216;7;0;2;1;11;1
202200031828;757 213;10;6;0;1;0;
202200031829;757 211;50;0;2;1;1;3
202200031829;757 212;7;0;2;5;15;1
202200031830;757 209;14;0;2;3;16;1
202200031830;757 210;1;0;2;1;1;5
202200031831;757 208;7;1;0;3;1;
202200031832;757 206;1;0;2;1;5;5
202200031832;757 207;7;0;9;1;1;1
202200031833;757 204;7;9;0;1;19;1
202200031833;757 205;7;9;0;3;0;1
202200031834;757 203;10;3;0;0;1;1
202200031835;757 201;1;0;0;0;1;5
202200031835;757 202;15;0;0;0;1;
202200031836;757 198;33;0;9;1;1;1
202200031836;757 199;7;0;2;3;1;1
202200031837;757 196;7;0;2;0;0;1
202200031837;757 197;30;0;2;0;0;1
202200031838;757 195;30;0;2;5;0;1
202200031839;757 194;7;0;1;2;1;1
202200031840;757 193;38;0;1;7;15;1
202200031841;757 192;99;0;1;0;26;1
202200031842;757 190;7;0;2;2;16;1
202200031842;757 191;50;0;2;1;1;3
202200031843;757 189;7;12;0;8;1;1
202200031844;757 188;7;8;0;1;1;1
202200031845;757 187;7;0;1;4;20;1
202200031846;757 183;7;0;2;4;15;1
202200031846;757 184;7;0;2;1;1;1
202200031846;757 185;7;0;2;4;1;1
202200031846;757 186;7;0;2;1;1;1
202200031847;757 179;17;0;0;6;24;1
202200031847;757 180;7;1;0;2;1;1
202200031848;757 177;7;0;2;1;1;1
202200031848;757 178;7;0;2;7;19;1
202200031849;757 175;2;0;2;1;2;1
202200031849;757 176;7;0;2;4;2;1
202200031850;757 172;7;0;2;1;1;1
202200031850;757 173;7;0;2;4;1;1
202200031850;757 174;7;0;2;4;1;1
202200031851;757 170;7;0;2;1;15;1
202200031851;757 171;7;0;2;8;19;1
202200031852;757 168;7;0;2;2;1;1
202200031852;757 169;2;0;2;8;1;1
202200031853;757 167;7;0;1;1;1;1
202200031854;757 165;10;1;0;2;1;1
202200031854;757 166;7;0;2;6;24;1
202200031855;757 163;1;0;2;4;2;5
202200031855;757 164;7;0;2;3;1;1
202200031856;757 158;7;0;0;4;0;1
202200031856;757 159;7;14;0;4;0;1
202200031856;757 160;7;14;0;4;0;1
202200031856;757 161;7;4;0;2;2;1
202200031856;757 162;7;14;0;1;21;1
202200031857;757 156;7;0;2;3;2;1
202200031857;757 157;30;0;2;4;2;1
202200031858;757 154;7;0;2;3;22;1
202200031858;757 155;1;1;0;0;1;5
202200031859;757 153;7;0;1;2;15;1
202200031860;757 152;7;0;1;4;20;1
202200031861;757 148;33;0;2;7;17;1
202200031861;757 151;7;0;2;8;15;1
202200031862;757 145;7;0;1;0;9;1
202200031863;757 143;7;0;9;8;1;0
202200031863;757 144;1;0;2;7;25;5
202200031864;757 141;7;0;2;8;13;1
202200031864;757 142;7;0;2;8;1;1
202200031865;757 140;34;0;1;1;1;1
202200031866;757 138;7;0;2;8;1;1
202200031866;757 139;7;1;2;1;1;1
202200031867;757 136;7;0;2;5;1;1
202200031867;757 137;7;0;2;3;2;1
202200031868;757 134;50;0;2;8;5;3
202200031868;757 135;7;0;2;1;1;1
202200031869;757 132;7;0;2;3;1;1
202200031869;757 133;32;0;2;9;1;1
202200031870;757 131;7;3;0;1;26;1
202200031871;757 129;30;0;2;4;16;1
202200031871;757 130;7;0;9;2;1;1
202200031872;757 128;33;3;0;0;2;1
202200031873;757 127;7;8;0;1;1;1
202200031874;757 125;3;0;2;2;16;1
202200031874;757 126;30;0;2;3;1;3
202200031875;757 123;7;0;2;8;15;1
202200031875;757 124;33;0;2;1;17;1
202200031876;757 121;43;0;2;1;3;1
202200031876;757 122;7;0;2;7;11;1
202200031877;757 119;80;0;2;4;1;3
202200031877;757 120;50;0;2;1;13;3
202200031878;757 118;7;0;1;1;1;1
202200031879;757 116;33;0;2;2;1;1
202200031879;757 117;7;0;2;8;10;1
202200031880;757 114;30;0;2;3;5;3
202200031880;757 115;7;0;2;2;1;1
202200031881;757 112;37;0;2;3;1;1
202200031881;757 113;32;0;2;2;16;1
202200031882;757 111;43;0;1;2;18;1
202200031883;757 109;10;0;2;2;16;1
202200031883;757 110;1;0;2;1;1;5
202200031884;757 107;32;0;2;1;11;1
202200031884;757 108;32;0;2;2;1;1
202200031885;757 105;7;0;2;8;11;0
202200031885;757 106;34;0;2;7;3;1
202200031886;757 103;80;0;2;7;1;3
202200031886;757 104;34;0;2;1;0;1
202200031887;757 101;1;0;2;1;2;5
202200031887;757 102;1;0;2;4;2;5
202200031888;757 098;34;0;2;7;23;1
202200031888;757 099;34;0;2;8;23;1
202200031888;757 100;43;0;2;2;2;1
202200031889;757 096;10;0;2;8;22;1
202200031889;757 097;1;0;2;8;1;5
202200031890;757 094;7;0;2;6;11;1
202200031890;757 095;33;0;2;2;3;1
202200031891;757 092;10;0;2;4;2;1
202200031891;757 093;10;0;2;1;2;1
202200031892;757 091;37;0;1;8;15;1
202200031893;757 090;10;0;1;2;17;1
202200031894;757 088;7;0;2;1;26;0
202200031894;757 089;2;0;2;4;0;0
202200031895;757 086;7;0;2;3;9;1
202200031895;757 087;50;0;2;1;25;3
202200031896;757 084;30;0;2;1;2;1
202200031896;757 085;7;0;2;0;0;1
202200031897;757 082;7;0;2;8;1;1
202200031897;757 083;7;0;2;1;1;1
202200031898;757 080;50;0;2;2;21;3
202200031898;757 081;7;0;2;2;26;1
202200031899;757 077;17;0;2;6;24;1
202200031899;757 078;17;0;2;6;24;1
202200031899;757 079;10;1;0;2;1;1
202200031900;757 076;10;0;1;1;15;1
202200031901;757 074;7;0;2;3;15;1
202200031901;757 075;2;0;2;1;17;1
202200031902;757 072;7;0;2;1;2;0
202200031902;757 073;7;0;2;5;2;0
202200031903;757 071;7;0;1;4;26;1
202200031904;757 069;10;0;2;4;2;1
202200031904;757 070;7;0;2;1;2;1
202200031905;757 068;31;4;0;8;1;1
202200031906;757 065;7;0;2;1;2;3
202200031906;757 066;7;0;2;4;2;1
202200031906;757 067;10;0;2;4;1;1
202200031907;757 064;32;0;5;1;1;1
202200031908;757 062;7;0;2;4;2;1
202200031908;757 063;7;0;2;1;2;1
202200031909;757 060;7;0;2;4;1;1
202200031909;757 061;0;0;2;1;0;0
202200031910;757 058;33;0;2;7;1;1
202200031910;757 059;7;0;2;8;11;0
202200031911;757 056;7;0;2;6;11;1
202200031911;757 057;17;0;2;2;1;1
202200031912;757 054;7;0;2;5;12;1
202200031912;757 055;33;0;2;1;3;1
202200031913;757 052;7;4;0;4;1;1
202200031913;757 053;7;4;0;3;2;1
202200031914;757 049;7;0;2;1;2;1
202200031914;757 050;17;0;2;0;2;0
202200031914;757 051;7;4;2;3;13;1
202200031915;757 047;7;0;2;4;12;1
202200031915;757 048;33;0;2;1;3;1
202200031916;757 045;33;0;2;3;3;1
202200031916;757 046;7;0;2;5;12;1
202200031917;757 042;7;0;2;4;1;2
202200031917;757 043;7;0;2;9;1;1
202200031917;757 044;10;0;2;1;1;1
202200031918;757 040;10;0;2;4;1;1
202200031918;757 041;7;0;2;1;2;1
202200031919;757 037;7;0;2;4;2;2
202200031919;757 038;15;0;2;1;1;1
202200031919;757 039;7;0;2;4;2;1
202200031920;757 035;31;0;2;7;3;1
202200031920;757 036;7;0;2;3;17;1
202200031921;757 033;7;0;2;7;2;1
202200031921;757 034;13;0;2;3;11;1
202200031922;757 028;10;0;2;1;12;1
202200031922;757 029;10;0;2;4;1;1
202200031922;757 030;7;0;2;4;1;1
202200031922;757 031;7;0;2;1;0;1
202200031922;757 032;17;0;2;4;1;1
202200031923;757 027;7;3;0;2;1;1
202200031924;757 025;7;4;2;4;0;1
202200031924;757 026;14;0;2;2;1;1
202200031925;757 024;7;2;0;3;13;1
202200031926;757 022;7;0;2;6;9;1
202200031926;757 023;7;0;2;3;1;1
202200031927;757 020;10;0;2;0;1;1
202200031927;757 021;7;0;2;0;1;1
202200031928;757 017;33;0;2;1;17;1
202200031928;757 019;7;0;2;8;15;1
202200031929;757 016;7;0;2;2;20;1
202200031929;757 018;10;0;2;3;1;1
202200031930;757 014;33;0;2;1;1;1
202200031930;757 015;7;0;2;2;1;1
202200031931;757 012;43;0;2;1;1;1
202200031932;757 011;7;0;2;8;19;1
202200031932;757 013;7;0;2;1;1;1
202200031933;757 007;7;0;2;1;1;1
202200031933;757 009;7;0;2;1;1;1
202200031934;757 006;7;0;1;0;0;1
202200031935;757 002;10;0;2;3;13;1
202200031935;757 004;7;0;2;8;1;1
202200031935;757 005;7;0;2;1;1;1
202200031936;757 001;7;0;2;3;1;1
202200031936;757 003;30;0;2;3;5;1
202200031937;757 000;7;8;1;2;24;1
202200031938;756 998;7;2;0;1;1;1
202200031939;756 996;7;0;2;1;1;1
202200031939;756 999;7;0;2;1;1;1
202200031940;756 995;7;0;9;3;19;0
202200031940;756 997;1;0;2;2;1;5
202200031941;756 992;7;0;2;2;1;1
202200031941;756 994;30;0;2;8;16;1
202200031942;756 991;21;0;0;6;15;1
202200031942;756 993;32;0;2;1;17;1
202200031943;756 988;7;0;2;1;1;2
202200031943;756 989;7;0;2;1;17;2
202200031944;756 987;7;0;2;4;2;1
202200031944;756 990;7;0;2;2;2;1
202200031945;756 984;7;0;2;3;1;1
202200031945;756 986;7;0;2;3;13;1
202200031946;756 983;7;0;2;4;2;1
202200031946;756 985;7;0;2;1;2;1
202200031947;756 982;7;4;0;1;9;1
202200031948;756 979;7;0;2;3;1;1
202200031948;756 981;7;0;2;3;13;1
202200031949;756 978;7;0;2;3;1;1
202200031949;756 980;33;0;2;3;13;1
202200031950;756 976;7;0;2;1;1;1
202200031950;756 977;1;0;2;2;19;5
202200031951;756 975;36;0;0;0;0;1
202200031952;756 973;7;0;2;1;2;1
202200031952;756 974;50;0;2;1;2;3
202200031953;756 971;7;0;2;2;1;1
202200031953;756 972;7;0;2;3;1;1
202200031954;756 970;7;0;1;1;1;1
202200031955;756 967;7;0;2;1;19;1
202200031955;756 969;7;0;2;2;1;1
202200031956;756 966;7;0;2;1;1;1
202200031956;756 968;50;0;2;1;1;3
202200031957;756 965;33;13;0;8;13;1
202200031958;756 962;7;0;2;4;9;1
202200031958;756 964;7;0;2;1;1;1
202200031959;756 961;2;0;2;1;1;1
202200031959;756 963;7;0;2;8;15;1
202200031960;756 960;30;12;0;2;14;3
202200031961;756 958;30;8;0;1;1;1
202200031962;756 955;7;0;2;3;1;1
202200031962;756 956;2;0;2;1;13;1
202200031963;756 953;33;7;0;1;1;1
202200031964;756 952;7;0;2;2;1;1
202200031964;756 954;7;0;2;2;19;1
202200031965;756 950;7;0;0;6;15;1