Num_Acc;id_vehicule;categorie_vehicule;obstacle_fixe;obstacle_mobile;point_choc_initial;manoeuvre_principale;motorisation
202200031965;756 951;33;0;2;1;26;1
202200031966;756 949;50;12;0;1;1;3
202200031967;756 947;7;0;2;2;0;0
202200031967;756 948;7;0;2;3;5;1
202200031968;756 946;7;14;0;3;1;1
202200031969;756 944;7;0;2;3;2;1
202200031969;756 945;1;0;2;5;19;5
202200031970;756 943;7;4;0;9;1;1
202200031971;756 941;7;0;2;2;1;1
202200031971;756 942;7;8;2;3;15;1
202200031972;756 937;7;0;2;1;2;1
202200031972;756 939;7;0;2;4;2;1
202200031972;756 940;7;0;2;4;2;1
202200031973;756 935;7;0;2;1;13;1
202200031973;756 936;14;0;0;1;1;1
202200031973;756 938;14;0;0;6;1;1
202200031974;756 932;7;0;2;3;1;1
202200031974;756 933;7;0;2;3;13;1
202200031975;756 930;7;9;2;1;13;1
202200031975;756 931;7;0;2;3;1;1
202200031976;756 929;31;3;0;7;1;1
202200031977;756 928;7;8;0;1;21;1
202200031978;756 925;33;3;0;8;13;1
202200031979;756 924;43;0;2;7;15;1
202200031979;756 926;7;0;2;1;1;1
202200031980;756 923;7;4;0;1;0;1
202200031981;756 922;7;0;1;3;1;1
202200031982;756 919;10;0;2;2;17;1
202200031982;756 920;7;0;2;8;15;1
202200031983;756 918;7;0;2;1;13;1
202200031983;756 921;10;0;2;1;0;1
202200031984;756 916;2;13;2;0;13;1
202200031984;756 917;7;0;2;3;1;1
202200031985;756 914;33;0;2;4;1;1
202200031985;756 915;7;0;2;3;9;1
202200031986;756 912;7;0;2;3;19;1
202200031986;756 913;10;0;2;1;1;1
202200031987;756 909;7;8;0;9;1;1
202200031988;756 910;1;0;2;4;15;5
202200031988;756 911;7;0;9;3;9;1
202200031989;756 907;7;0;1;7;14;1
202200031990;756 905;1;1;0;1;1;5
202200031991;756 902;15;0;2;1;2;1
202200031991;756 904;15;0;0;4;0;1
202200031992;756 901;7;0;0;4;23;1
202200031992;756 903;1;0;2;1;1;5
202200031993;756 900;10;2;0;2;1;0
202200031994;756 898;33;0;2;1;2;1
202200031994;756 899;10;0;2;4;17;1
202200031995;756 896;10;0;2;1;15;1
202200031995;756 897;7;6;2;1;17;1
202200031996;756 895;7;0;1;7;1;1
202200031997;756 893;2;0;2;7;2;0
202200031997;756 894;7;0;0;6;2;0
202200031998;756 890;7;0;2;3;15;1
202200031998;756 891;7;0;2;1;17;1
202200031999;756 888;7;0;2;4;2;1
202200031999;756 889;7;0;2;1;2;1
202200032000;756 887;7;0;1;7;2;1
202200032001;756 885;7;0;2;5;15;1
202200032001;756 886;33;0;2;1;17;1
202200032002;756 880;15;3;0;1;1;1
202200032002;756 882;15;0;0;4;1;1
202200032002;756 883;37;4;2;1;1;1
202200032002;756 884;15;4;2;1;1;1
202200032003;756 878;50;0;0;9;1;3
202200032004;756 879;7;0;2;2;2;1
202200032004;756 881;7;0;2;6;2;1
202200032005;756 874;7;0;0;0;1;1
202200032005;756 875;33;0;0;0;0;1
202200032005;756 877;7;0;2;1;1;1
202200032006;756 873;7;0;2;3;15;1
202200032006;756 876;2;0;2;0;1;1
202200032007;756 871;7;0;2;1;1;1
202200032007;756 872;7;0;2;1;13;1
202200032008;756 869;7;0;2;2;14;1
202200032008;756 870;1;0;2;8;1;5
202200032009;756 866;7;0;2;1;17;1
202200032009;756 867;7;0;2;1;1;1
202200032009;756 868;7;0;2;7;1;1
202200032010;756 863;30;0;2;1;2;1
202200032010;756 865;7;0;2;4;2;1
202200032011;756 862;7;0;2;3;0;1
202200032011;756 864;32;0;2;1;0;1
202200032012;756 859;7;0;2;6;2;1
202200032012;756 861;33;2;2;7;2;1
202200032013;756 858;50;0;2;4;2;3
202200032013;756 860;7;0;2;4;2;0
202200032014;756 857;7;0;0;1;1;1
202200032015;756 855;7;0;1;5;16;1
202200032016;756 853;32;0;2;7;1;1
202200032016;756 854;7;0;2;1;1;1
202200032017;756 852;7;0;1;4;4;1
202200032018;756 851;38;0;2;3;1;1
202200032018;756 856;7;0;2;1;13;1
202200032019;756 850;50;6;0;2;25;3
202200032020;756 848;33;0;2;3;1;1
202200032020;756 849;15;0;2;3;1;1
202200032021;756 845;15;0;2;4;2;0
202200032021;756 847;7;0;2;1;2;1
202200032022;756 846;7;0;1;2;1;2
202200032023;756 842;10;0;2;3;1;1
202200032023;756 844;2;0;2;1;13;1
202200032024;756 841;7;0;2;3;1;1
202200032024;756 843;1;0;2;1;5;5
202200032025;756 840;33;0;0;7;1;1
202200032026;756 839;33;0;0;8;9;1
202200032027;756 838;32;1;0;2;14;1
202200032028;756 834;7;0;2;3;13;1
202200032028;756 836;7;1;2;3;2;1
202200032028;756 837;7;0;2;6;24;1
202200032029;756 833;7;0;2;1;2;1
202200032029;756 835;7;0;2;4;2;1
202200032030;756 832;13;15;0;2;19;0
202200032031;756 830;1;0;2;1;1;5
202200032031;756 831;7;0;2;2;14;2
202200032032;756 828;33;0;2;1;1;1
202200032032;756 829;33;0;2;1;13;1
202200032033;756 826;7;3;0;1;13;1
202200032034;756 825;7;0;2;6;22;2
202200032034;756 827;2;0;2;1;17;1
202200032035;756 823;21;0;0;5;15;1
202200032035;756 824;33;0;2;3;2;1
202200032036;756 820;7;0;2;1;26;2
202200032036;756 822;7;0;2;0;0;0
202200032037;756 819;10;0;2;5;19;1
202200032037;756 821;33;0;2;7;1;1
202200032038;756 817;10;0;1;8;15;1
202200032039;756 813;7;0;9;2;17;1
202200032039;756 815;80;0;0;4;0;3
202200032040;756 814;30;0;2;2;26;1
202200032040;756 816;7;0;2;3;16;1
202200032041;756 810;10;0;2;1;1;1
202200032041;756 812;7;0;1;1;1;1
202200032042;756 809;10;0;2;2;1;1
202200032042;756 811;14;0;2;5;4;1
202200032043;756 808;43;8;0;1;1;1
202200032044;756 806;7;0;2;4;1;1
202200032044;756 807;7;0;2;1;2;1
202200032045;756 804;7;0;2;1;1;1
202200032045;756 805;7;0;2;3;1;1
202200032046;756 802;7;13;0;9;1;1
202200032047;756 803;7;12;0;2;1;1
202200032048;756 798;7;0;2;1;13;1
202200032048;756 800;7;0;2;2;26;1
202200032048;756 801;7;0;2;1;1;1
202200032049;756 796;7;0;2;1;15;0
202200032049;756 797;7;0;2;4;1;1
202200032049;756 799;7;0;2;1;2;0
202200032050;756 795;7;0;0;3;1;1
202200032051;756 793;7;9;0;1;1;1
202200032052;756 789;99;0;2;8;0;0
202200032052;756 790;30;0;2;1;19;1
202200032053;756 787;7;0;2;3;1;1
202200032053;756 788;2;0;2;1;1;1
202200032054;756 784;60;0;2;8;0;5
202200032054;756 786;7;0;2;2;15;0
202200032055;756 781;3;0;1;1;1;0
202200032056;756 780;7;0;2;1;1;1
202200032056;756 782;7;0;2;1;15;1
202200032057;756 778;7;0;2;2;17;1
202200032057;756 779;31;0;0;4;1;1
202200032058;756 777;10;4;0;1;1;1
202200032059;756 776;7;0;1;2;1;1
202200032060;756 774;2;14;2;1;2;1
202200032060;756 775;7;0;2;6;23;1
202200032061;756 769;7;0;2;3;15;1
202200032061;756 771;32;0;2;3;17;1
202200032062;756 766;99;0;2;1;5;0
202200032062;756 767;7;0;2;3;0;0
202200032063;756 765;7;0;2;3;1;1
202200032063;756 768;99;0;2;2;1;3
202200032064;756 762;7;0;2;4;23;2
202200032064;756 764;33;0;2;1;21;0
202200032065;756 761;7;0;2;1;1;1
202200032065;756 763;7;0;2;7;1;1
202200032066;756 759;50;0;2;0;0;3
202200032066;756 760;7;0;9;0;0;1
202200032067;756 758;3;0;1;8;21;1
202200032068;756 755;2;0;2;7;17;1
202200032068;756 756;10;0;2;8;2;1
202200032069;756 754;7;0;2;1;1;1
202200032069;756 757;7;0;2;3;9;1
202200032070;756 753;34;0;0;0;12;1
202200032071;756 752;7;0;1;1;1;2
202200032072;756 751;7;0;1;2;0;1
202200032073;756 749;7;0;2;3;5;1
202200032073;756 750;7;0;2;1;5;2
202200032074;756 748;7;0;1;3;1;3
202200032075;756 747;7;0;1;4;4;1
202200032076;756 746;10;1;1;2;14;1
202200032077;756 744;7;3;2;1;1;1
202200032077;756 745;7;0;2;1;13;1
202200032078;756 743;7;0;1;2;1;1
202200032079;756 741;7;0;2;1;15;1
202200032079;756 742;7;0;2;1;1;1
202200032080;756 740;7;0;1;2;1;1
202200032081;756 738;7;0;1;1;1;1
202200032082;756 739;7;0;1;2;1;1
202200032083;756 736;7;13;9;2;16;1
202200032084;756 735;7;0;2;4;2;1
202200032084;756 737;7;0;2;1;2;1
202200032085;756 734;99;6;0;1;1;1
202200032086;756 732;7;0;2;4;23;1
202200032086;756 733;33;0;2;1;2;1
202200032087;756 729;7;0;2;1;1;1
202200032087;756 731;7;0;2;3;16;1
202200032088;756 726;7;14;2;3;9;1
202200032088;756 728;10;0;2;1;9;1
202200032089;756 725;7;0;2;1;1;1
202200032089;756 727;7;0;2;7;1;1
202200032089;756 730;7;0;2;1;16;1
202200032090;756 721;7;0;2;3;1;1
202200032090;756 722;10;0;2;1;13;1
202200032091;756 719;7;0;2;1;1;1
202200032091;756 720;1;0;0;0;19;5
202200032092;756 718;7;13;0;2;14;1
202200032093;756 716;7;2;0;3;13;1
202200032094;756 712;17;0;2;2;1;1
202200032094;756 714;7;0;2;8;19;1
202200032095;756 710;7;0;2;8;1;1
202200032095;756 711;1;0;2;1;16;5
202200032096;756 709;7;1;0;1;1;1
202200032097;756 707;7;0;2;2;16;1
202200032097;756 708;50;0;2;1;1;3
202200032098;756 705;7;0;2;1;1;1
202200032098;756 706;7;0;2;1;1;1
202200032099;756 703;1;0;2;1;19;5
202200032099;756 704;2;0;2;2;1;3
202200032100;756 701;7;0;1;1;16;1
202200032101;756 700;7;0;2;1;1;1
202200032101;756 702;7;0;2;2;15;1
202200032102;756 698;7;0;1;1;1;1
202200032103;756 697;7;0;2;1;2;1
202200032103;756 699;7;0;2;8;15;1
202200032104;756 695;7;0;2;2;15;1
202200032104;756 696;7;0;2;1;1;1
202200032105;756 693;3;0;2;2;13;1
202200032105;756 694;10;0;2;2;1;1
202200032106;756 691;7;0;2;0;1;1
202200032106;756 692;2;0;2;0;1;1
202200032107;756 690;7;3;0;9;1;3
202200032108;756 687;7;0;2;1;2;1
202200032108;756 689;7;0;2;4;2;1
202200032109;756 686;7;0;2;6;19;1
202200032109;756 688;7;0;2;1;1;1
202200032110;756 684;10;0;2;1;1;1
202200032110;756 685;1;0;2;8;19;5
202200032111;756 682;7;0;0;4;1;1
202200032111;756 683;7;0;2;1;1;1
202200032112;756 680;7;0;2;8;9;1
202200032112;756 681;50;0;2;7;1;3
202200032113;756 678;7;0;2;1;1;1
202200032113;756 679;7;0;2;1;1;1
202200032114;756 676;7;0;2;2;1;1
202200032114;756 677;1;0;2;8;15;5
202200032115;756 674;7;0;2;3;15;1
202200032115;756 675;17;0;2;1;1;1
202200032116;756 673;7;15;1;2;25;1
202200032117;756 672;33;16;0;1;14;1
202200032118;756 671;37;0;1;2;16;1
202200032119;756 670;2;12;0;1;1;1
202200032120;756 669;7;0;1;1;1;1
202200032121;756 667;50;0;2;1;1;3
202200032121;756 668;10;0;2;1;13;1
202200032122;756 665;1;0;2;1;1;5
202200032122;756 666;3;0;2;3;15;1
202200032123;756 663;7;0;1;2;1;0
202200032124;756 664;7;2;9;1;15;1
202200032125;756 660;32;0;2;7;1;1
202200032125;756 662;7;0;2;1;1;1
202200032126;756 661;33;16;0;3;1;1
202200032127;756 659;2;15;0;1;1;1
202200032128;756 658;36;13;0;0;1;1
202200032129;756 655;7;5;0;1;1;1
202200032130;756 651;14;0;2;3;21;1
202200032130;756 653;3;0;2;3;13;1
202200032131;756 652;7;0;2;4;2;2
202200032131;756 654;33;0;2;1;2;1
202200032132;756 647;50;0;2;1;2;3
202200032132;756 648;10;0;2;7;15;1
202200032133;756 649;7;0;2;2;15;1
202200032133;756 650;33;0;2;1;1;1
202200032134;756 644;60;0;2;1;19;5
202200032134;756 646;7;0;2;6;1;1
202200032135;756 645;7;0;1;1;1;1
202200032136;756 641;1;0;2;1;26;5
202200032136;756 643;10;0;2;1;1;1
202200032137;756 640;7;0;2;1;1;1
202200032137;756 642;7;0;2;1;11;1
202200032138;756 638;7;6;0;1;1;1
202200032139;756 637;7;0;2;1;17;1
202200032139;756 639;7;0;2;1;1;0
202200032140;756 634;7;0;2;4;2;1
202200032140;756 636;33;0;2;1;2;1
202200032141;756 633;17;0;2;2;16;1
202200032141;756 635;1;0;2;1;2;5
202200032142;756 632;10;4;0;8;13;1
202200032143;756 626;7;0;2;0;16;1
202200032143;756 628;1;0;2;0;23;5
202200032143;756 630;7;0;2;0;0;0
202200032143;756 631;7;0;2;0;0;1
202200032144;756 627;7;0;2;3;26;1
202200032144;756 629;2;0;2;1;1;1
202200032145;756 622;7;0;2;4;1;1
202200032145;756 623;7;0;2;4;0;1
202200032145;756 625;7;0;2;1;1;1
202200032146;756 621;7;0;2;3;23;1
202200032146;756 624;7;1;0;1;13;1
202200032147;756 618;7;0;2;2;16;1
202200032147;756 620;1;0;2;1;1;5
202200032148;756 617;7;3;2;3;5;1
202200032148;756 619;15;3;2;3;1;1
202200032149;756 614;1;0;2;1;19;5
202200032149;756 616;7;0;2;1;1;1
202200032150;756 613;7;0;2;3;1;1
202200032150;756 615;10;0;2;3;1;1
202200032151;756 612;7;11;0;9;1;1
202200032152;756 611;33;0;6;1;0;1
202200032153;756 607;1;0;2;8;0;5
202200032153;756 609;7;0;9;2;1;1
202200032154;756 606;14;0;2;3;0;0
202200032154;756 608;7;3;2;1;2;1
202200032154;756 610;7;3;2;7;2;1
202200032155;756 604;7;0;2;2;19;1
202200032155;756 605;7;0;2;1;1;1
202200032156;756 603;7;0;1;1;1;1
202200032157;756 601;15;0;0;6;11;1
202200032157;756 602;10;0;2;2;1;1
202200032158;756 600;7;0;1;1;16;1
202200032159;756 598;38;0;2;1;2;1
202200032159;756 599;15;0;0;4;1;1
202200032160;756 597;33;8;0;7;1;1
202200032161;756 596;1;0;0;0;23;5
202200032162;756 594;7;0;2;3;1;1
202200032162;756 595;1;0;2;7;0;5
202200032163;756 592;7;0;2;2;13;1
202200032163;756 593;31;0;2;1;1;1
202200032164;756 590;7;0;2;8;19;1
202200032164;756 591;15;0;2;1;1;1
202200032165;756 588;7;0;2;2;14;1
202200032165;756 589;7;0;2;6;1;1
202200032166;756 587;14;0;0;9;1;1
202200032167;756 585;7;0;2;8;13;1
202200032167;756 586;33;0;2;7;1;1
202200032168;756 584;7;4;0;3;2;1
202200032169;756 582;33;0;2;4;1;1
202200032169;756 583;7;0;2;2;1;1
202200032170;756 580;7;0;2;6;11;1
202200032170;756 581;32;0;2;1;3;1
202200032171;756 579;7;4;0;3;1;1
202200032172;756 577;7;0;2;4;2;1
202200032172;756 578;7;0;2;1;2;1
202200032173;756 576;7;0;0;1;1;1
202200032174;756 575;32;4;0;7;1;1
202200032175;756 572;33;0;2;1;2;1
202200032175;756 573;7;0;2;4;2;1
202200032175;756 574;7;0;2;1;2;1
202200032176;756 569;0;0;2;1;0;0
202200032176;756 570;7;0;2;4;23;1
202200032176;756 571;7;1;2;1;2;1
202200032177;756 567;7;0;2;1;11;1
202200032177;756 568;7;0;2;5;1;1
202200032178;756 563;7;14;2;4;23;1
202200032178;756 564;7;14;2;4;23;2
202200032178;756 565;7;14;2;4;23;1
202200032178;756 566;7;14;2;1;21;1
202200032179;756 561;7;14;0;4;2;1
202200032179;756 562;7;0;2;1;2;1
202200032180;756 559;7;0;2;5;15;1
202200032180;756 560;31;0;2;2;1;0
202200032181;756 557;7;0;2;2;1;1
202200032181;756 558;1;0;2;8;1;5
202200032182;756 555;32;0;9;1;1;1
202200032182;756 556;1;0;2;4;2;5
202200032183;756 554;7;0;1;3;1;1
202200032184;756 552;10;0;2;2;16;1
202200032184;756 553;2;0;2;8;1;1
202200032185;756 550;7;0;9;1;1;1
202200032185;756 551;1;0;2;4;1;5
202200032186;756 547;7;0;2;1;1;1
202200032186;756 548;7;0;2;4;15;1
202200032186;756 549;7;0;2;3;1;1
202200032187;756 545;30;0;2;8;0;1
202200032188;756 543;30;0;2;1;1;1
202200032188;756 544;30;0;2;1;17;1
202200032189;756 541;32;0;2;1;1;1
202200032189;756 542;7;0;2;2;16;1
202200032190;756 539;30;0;2;8;26;0
202200032190;756 540;7;0;2;3;15;0
202200032191;756 536;7;0;2;1;1;1
202200032191;756 537;7;0;2;4;1;1
202200032191;756 538;7;0;2;4;1;1
202200032192;756 535;7;4;0;3;1;1
202200032193;756 532;7;0;2;2;1;1
202200032193;756 534;7;4;2;9;13;1
202200032194;756 531;7;0;0;4;2;1
202200032194;756 533;32;0;2;1;2;1
202200032195;756 529;33;0;2;1;2;1
202200032195;756 530;7;0;2;4;15;1
202200032196;756 527;7;0;0;6;2;1
202200032196;756 528;2;0;2;1;2;1
202200032197;756 525;7;0;2;1;1;3
202200032197;756 526;32;0;2;1;13;1
202200032198;756 521;7;0;2;4;24;1
202200032198;756 523;7;1;0;6;24;1
202200032198;756 524;10;1;0;2;1;1
202200032199;756 522;10;2;0;1;13;1
202200032200;756 518;60;0;2;1;1;5
202200032200;756 519;2;0;2;1;13;1
202200032201;756 517;7;0;2;1;1;1
202200032201;756 520;37;7;0;4;23;1
202200032202;756 514;1;0;2;0;19;5
202200032202;756 516;7;0;2;2;1;1
202200032203;756 515;60;2;0;1;1;5
202200032204;756 513;7;13;0;3;13;1
202200032205;756 512;10;0;1;2;1;1
202200032206;756 510;7;0;2;2;26;1
202200032206;756 511;2;0;2;1;26;0
202200032207;756 509;3;1;0;2;19;1
202200032208;756 508;7;0;0;0;1;1
202200032209;756 506;7;0;0;0;0;0
202200032209;756 507;33;0;0;0;0;0
202200032210;756 505;36;13;0;3;13;1
202200032211;756 503;7;0;1;3;26;1
202200032212;756 504;7;0;1;2;21;1
202200032213;756 501;7;0;1;8;15;1
202200032214;756 500;33;0;0;5;1;1
202200032214;756 502;7;0;0;2;15;1
202200032215;756 499;2;9;0;1;1;1
202200032216;756 497;7;0;9;3;2;1
202200032216;756 498;1;0;2;6;2;5
202200032217;756 495;7;0;2;1;0;1
202200032217;756 496;7;0;2;1;1;1
202200032218;756 493;38;0;2;2;1;1
202200032218;756 494;7;0;2;3;16;1
202200032219;756 490;7;15;0;1;0;1
202200032220;756 489;7;0;2;2;1;1
202200032220;756 491;7;0;2;1;16;1
202200032221;756 488;7;0;1;1;1;1
202200032222;756 486;7;0;2;7;15;0
202200032222;756 487;7;0;2;1;1;0
202200032223;756 483;7;8;0;8;1;1
202200032224;756 481;7;14;0;1;2;1
202200032224;756 482;7;4;2;0;2;1
202200032225;756 477;7;13;2;1;2;2
202200032225;756 479;7;0;2;1;0;1
202200032225;756 480;10;0;2;1;11;1
202200032226;756 476;7;1;0;1;1;1
202200032226;756 478;7;0;2;4;23;1
202200032227;756 475;7;3;0;3;1;1
202200032228;756 473;33;0;2;4;1;1
202200032228;756 474;7;0;2;1;1;1
202200032229;756 469;7;0;2;4;1;1
202200032229;756 471;7;0;2;1;1;2
202200032230;756 466;7;0;2;4;26;1
202200032230;756 468;7;0;2;1;2;1
202200032231;756 464;7;4;2;1;17;1
202200032231;756 465;7;4;2;4;1;1
202200032231;756 467;15;4;2;8;1;1
202200032232;756 463;7;8;0;1;14;1
202200032233;756 459;15;0;2;3;1;1
202200032233;756 460;10;0;2;1;13;1
202200032234;756 458;7;0;2;4;2;1
202200032234;756 461;7;0;2;4;2;1
202200032234;756 462;7;0;2;1;2;1
202200032235;756 456;14;0;1;7;1;1
202200032236;756 455;7;0;2;1;1;1
202200032236;756 457;7;0;2;1;19;1
202200032237;756 453;33;3;0;1;14;1
202200032238;756 452;7;0;0;4;2;1
202200032238;756 454;10;0;2;1;2;0
202200032239;756 447;1;0;2;1;23;5
202200032239;756 448;1;0;2;1;23;5
202200032239;756 449;32;0;2;8;1;1
202200032239;756 451;7;0;2;1;19;1
202200032240;756 445;7;0;2;1;1;1
202200032240;756 450;10;0;2;4;1;1
202200032241;756 444;10;1;9;8;24;1
202200032241;756 446;80;1;0;1;22;3
202200032242;756 442;10;0;2;8;11;1
202200032242;756 443;7;0;2;7;1;1
202200032243;756 441;7;0;1;2;1;1
202200032244;756 438;7;0;2;1;2;0
202200032244;756 440;7;0;2;4;2;2
202200032245;756 437;34;0;2;8;16;1
202200032245;756 439;7;0;2;1;1;1
202200032246;756 435;7;4;2;1;12;1
202200032246;756 436;7;0;2;4;1;1
202200032247;756 431;7;0;2;1;2;1
202200032247;756 433;7;0;2;2;2;3
202200032248;756 432;7;0;2;4;1;1
202200032248;756 434;7;0;2;1;1;4
202200032249;756 428;7;0;2;0;11;1
202200032249;756 430;33;0;2;7;3;1
202200032250;756 426;7;0;1;1;1;1
202200032251;756 427;7;0;2;5;16;1
202200032251;756 429;1;0;2;1;1;5
202200032252;756 423;7;0;1;2;1;1
202200032253;756 424;30;0;2;1;1;1
202200032253;756 425;7;0;2;2;15;1
202200032254;756 422;7;0;1;0;0;1
202200032255;756 421;50;0;1;8;1;3
202200032256;756 420;7;0;1;1;15;1
202200032257;756 419;7;0;1;2;15;1
202200032258;756 418;10;3;1;1;0;1
202200032259;756 416;7;0;2;4;2;1
202200032259;756 417;31;0;2;1;2;1
202200032260;756 415;10;4;0;1;1;1
202200032261;756 412;7;12;2;1;1;1
202200032261;756 414;7;0;2;1;1;1
202200032262;756 411;32;0;2;3;1;1
202200032262;756 413;3;0;2;2;15;1
202200032263;756 409;7;0;2;3;1;1
202200032263;756 410;7;0;2;2;12;1
202200032264;756 408;7;0;2;1;26;1
202200032265;756 405;10;0;0;6;1;
202200032266;756 406;7;0;2;3;15;1
202200032266;756 407;30;0;2;1;1;3
202200032267;756 402;7;13;2;2;14;1
202200032267;756 404;15;0;2;5;2;1
202200032268;756 401;7;0;2;1;1;1
202200032268;756 403;1;0;2;7;1;5
202200032269;756 398;14;0;2;1;1;1
202200032269;756 399;7;0;2;8;15;1
202200032270;756 397;7;0;2;8;1;1
202200032270;756 400;2;0;2;1;1;1
202200032271;756 394;80;0;2;4;13;3
202200032271;756 396;10;3;2;3;0;1
202200032272;756 393;7;12;2;2;15;1
202200032272;756 395;7;12;2;3;1;1
202200032273;756 391;30;0;1;1;1;3
202200032274;756 390;10;0;2;3;1;1
202200032274;756 392;7;0;0;2;26;1
202200032275;756 389;31;0;1;2;1;1
202200032276;756 387;33;15;0;0;0;1
202200032277;756 383;37;0;2;7;1;1
202200032277;756 385;7;0;2;1;1;1
202200032278;756 381;7;0;2;4;2;1
202200032278;756 382;7;0;2;1;2;1
202200032279;756 377;10;0;2;1;15;1
202200032279;756 378;33;0;2;1;1;1
202200032280;756 374;7;0;1;1;1;1
202200032280;756 375;1;0;1;1;19;5
202200032281;756 371;7;0;0;1;1;1
202200032281;756 372;7;0;2;1;5;1
202200032282;756 370;30;0;0;0;1;1
202200032283;756 369;50;0;0;0;0;3
202200032284;756 367;30;0;2;1;17;1
202200032284;756 368;7;0;2;3;15;1
202200032285;756 366;7;0;0;9;1;1
202200032286;756 364;7;0;2;3;1;1
202200032286;756 365;33;0;2;1;1;1
202200032287;756 362;7;0;2;2;16;1
202200032287;756 363;7;0;2;8;1;2
202200032288;756 361;99;0;1;3;26;1
202200032289;756 360;32;6;0;9;14;1
202200032290;756 359;7;8;0;3;6;1
202200032291;756 357;7;0;2;1;1;1
202200032291;756 358;7;0;2;2;1;1
202200032292;756 356;7;0;2;1;1;1
202200032293;756 353;7;0;2;3;15;1
202200032293;756 354;33;0;2;1;17;1
202200032293;756 355;10;0;2;3;1;1
202200032294;756 351;34;0;2;8;19;1
202200032294;756 352;7;1;9;2;1;1
202200032295;756 349;7;0;2;8;1;1
202200032295;756 350;7;0;2;1;1;1
202200032296;756 347;7;0;2;4;1;1
202200032296;756 348;13;0;2;1;11;1
202200032297;756 345;7;0;2;1;2;1
202200032297;756 346;33;0;2;4;1;1
202200032298;756 344;7;2;0;1;26;1
202200032299;756 341;99;0;2;8;19;0
202200032299;756 342;7;0;9;2;1;1
202200032300;756 339;7;0;2;5;15;1
202200032300;756 340;33;0;2;1;1;1
202200032301;756 337;10;0;2;1;1;1
202200032301;756 338;10;0;2;7;15;1
202200032302;756 336;7;0;1;3;15;1
202200032303;756 333;7;0;2;8;15;1
202200032303;756 335;30;0;2;1;1;1
202200032304;756 332;7;0;2;2;15;1
202200032304;756 334;2;0;2;1;1;1
202200032305;756 329;7;0;2;1;2;1
202200032305;756 330;7;0;2;4;2;2
202200032305;756 331;7;0;2;4;2;1
202200032306;756 328;7;0;1;1;1;1
202200032307;756 327;10;0;1;0;15;0
202200032308;756 326;30;1;0;6;14;3
202200032309;756 324;7;0;2;1;1;1
202200032309;756 325;7;0;2;4;23;1
202200032310;756 321;7;0;2;1;2;1
202200032310;756 323;7;0;2;4;2;1
202200032311;756 322;7;0;1;8;15;1
202200032312;756 319;7;0;2;1;2;1
202200032312;756 320;7;0;2;4;1;1
202200032313;756 318;43;1;0;2;0;1
202200032314;756 317;7;0;1;1;1;1
202200032315;756 316;7;0;1;1;15;0
202200032316;756 314;7;0;2;1;1;1
202200032316;756 315;37;0;2;1;1;1
202200032317;756 311;7;0;2;1;2;1
202200032317;756 313;7;0;2;3;19;1
202200032318;756 310;10;0;2;8;15;1
202200032318;756 312;33;0;2;8;1;1
202200032319;756 308;7;0;2;0;0;1
202200032319;756 309;7;0;2;0;0;1
202200032320;756 307;7;0;0;0;1;1
202200032321;756 305;10;0;2;3;15;1
202200032321;756 306;33;0;2;1;17;1
202200032322;756 303;1;0;2;7;19;5
202200032322;756 304;7;0;2;1;1;0
202200032323;756 302;33;0;6;3;1;1
202200032324;756 298;7;0;2;4;1;1
202200032324;756 299;7;0;2;6;1;1
202200032324;756 301;7;0;2;1;1;1
202200032325;756 300;17;16;0;0;1;1
202200032326;756 296;7;0;1;3;1;1
202200032327;756 297;2;0;0;0;1;0
202200032328;756 293;7;0;2;1;26;1
202200032328;756 295;7;0;2;1;26;1
202200032329;756 294;7;2;0;1;0;1
202200032330;756 292;7;0;1;1;26;1
202200032331;756 291;10;2;0;1;13;1
202200032332;756 290;7;0;1;0;1;0
202200032333;756 289;30;0;1;1;17;1
202200032334;756 288;33;16;0;7;1;1
202200032335;756 284;7;0;2;8;1;1
202200032335;756 285;7;0;2;3;1;1
202200032336;756 283;31;13;0;1;13;1
202200032337;756 278;7;4;2;3;1;1
202200032337;756 280;7;0;2;1;1;2
202200032337;756 281;7;4;2;4;1;1
202200032337;756 282;7;0;2;5;1;1
202200032338;756 276;30;16;0;0;1;1
202200032339;756 277;2;0;9;1;1;1
202200032339;756 279;1;0;2;1;1;5
202200032340;756 275;30;16;0;0;1;1
202200032341;756 271;7;0;2;1;1;1
202200032341;756 273;30;0;2;1;1;1
202200032342;756 272;7;0;2;3;13;1
202200032342;756 274;7;13;2;3;1;1
202200032343;756 268;7;8;0;1;19;1
202200032344;756 267;7;0;2;3;15;1
202200032344;756 270;2;0;2;3;1;1
202200032345;756 263;7;0;2;1;9;1
202200032345;756 266;7;0;2;5;1;1
202200032346;756 264;2;0;2;1;1;1
202200032346;756 265;7;0;2;1;13;0
202200032347;756 262;7;0;1;2;16;0
202200032348;756 260;7;0;0;9;1;1
202200032349;756 259;7;0;2;7;9;1
202200032349;756 261;7;0;2;3;1;2
202200032350;756 258;7;8;0;1;14;1
202200032351;756 256;15;0;4;5;4;1
202200032351;756 257;40;0;2;2;1;3
202200032352;756 252;7;0;2;4;2;3
202200032352;756 253;7;0;2;4;2;1
202200032352;756 254;7;0;2;1;2;1
202200032353;756 251;7;0;2;8;1;1
202200032353;756 255;7;0;2;3;13;1
202200032354;756 249;7;0;2;1;13;1
202200032354;756 250;2;0;2;9;1;1
202200032355;756 248;7;13;0;3;1;1
202200032356;756 247;7;0;1;1;1;1
202200032357;756 246;10;8;0;1;13;1
202200032358;756 245;7;6;0;1;1;1
202200032359;756 244;1;0;0;0;9;5
202200032360;756 243;7;0;1;2;15;1
202200032361;756 242;7;2;0;1;0;1
202200032362;756 240;7;0;2;4;2;1
202200032362;756 241;7;0;2;1;2;1