Num_Acc;id_vehicule;categorie_vehicule;obstacle_fixe;obstacle_mobile;point_choc_initial;manoeuvre_principale;motorisation
202200032363;756 238;7;0;2;2;16;1
202200032363;756 239;1;0;2;1;2;5
202200032364;756 236;7;0;2;5;10;0
202200032364;756 237;33;0;2;1;2;1
202200032365;756 234;7;15;2;5;1;1
202200032365;756 235;10;0;2;1;19;1
202200032366;756 233;10;0;1;4;4;1
202200032367;756 230;30;0;2;2;17;3
202200032367;756 231;10;0;2;3;15;3
202200032368;756 229;7;0;2;2;1;1
202200032368;756 232;7;0;2;3;19;1
202200032369;756 228;1;0;1;1;21;5
202200032370;756 225;32;0;2;3;7;1
202200032370;756 226;1;0;2;7;14;5
202200032371;756 223;7;0;2;0;1;0
202200032371;756 224;30;0;2;4;21;1
202200032372;756 221;7;0;1;2;16;2
202200032373;756 222;7;0;2;4;23;1
202200032373;756 227;33;0;2;1;1;1
202200032374;756 220;1;0;1;1;1;5
202200032375;756 219;33;0;0;1;1;1
202200032376;756 217;7;0;2;2;1;1
202200032376;756 218;7;0;2;6;24;1
202200032377;756 216;33;0;0;1;1;1
202200032378;756 214;34;0;2;1;1;1
202200032378;756 215;33;0;2;2;1;1
202200032379;756 210;7;0;2;6;1;0
202200032379;756 211;7;0;2;2;1;1
202200032380;756 212;7;0;2;1;0;1
202200032380;756 213;7;0;2;3;13;1
202200032381;756 208;7;0;2;7;15;1
202200032381;756 209;43;0;2;1;1;1
202200032382;756 207;7;0;1;2;16;1
202200032383;756 205;30;0;2;1;2;1
202200032383;756 206;13;0;2;4;2;6
202200032384;756 203;31;0;2;1;2;1
202200032384;756 204;15;0;0;4;11;1
202200032385;756 202;30;2;0;7;14;3
202200032386;756 200;10;0;1;2;15;1
202200032387;756 199;10;0;2;3;13;1
202200032387;756 201;15;0;2;3;1;1
202200032388;756 198;7;0;1;1;7;0
202200032389;756 197;1;0;1;1;1;5
202200032390;756 195;15;3;2;1;1;6
202200032390;756 196;20;0;0;5;12;1
202200032391;756 190;7;0;2;5;0;1
202200032391;756 192;7;0;2;1;0;1
202200032391;756 193;7;15;2;1;0;1
202200032391;756 194;7;2;2;1;21;1
202200032392;756 187;33;0;2;4;23;1
202200032392;756 188;7;0;2;2;1;1
202200032393;756 189;7;3;0;4;1;1
202200032393;756 191;10;0;2;1;12;1
202200032394;756 184;33;0;2;2;1;1
202200032394;756 186;1;0;2;1;19;5
202200032395;756 185;7;2;0;3;14;0
202200032396;756 183;7;2;0;1;1;1
202200032397;756 181;7;0;2;1;15;1
202200032397;756 182;1;0;2;1;1;5
202200032398;756 178;30;0;0;7;26;1
202200032399;756 179;7;0;2;3;13;1
202200032399;756 180;14;0;2;3;1;1
202200032400;756 176;7;0;2;1;0;1
202200032400;756 177;30;0;2;8;0;1
202200032401;756 175;7;8;0;2;0;1
202200032402;756 173;7;0;2;8;15;1
202200032402;756 174;30;0;2;1;1;1
202200032403;756 172;33;12;0;7;14;1
202200032404;756 171;10;2;0;0;15;1
202200032405;756 170;7;0;0;0;1;1
202200032406;756 168;7;0;9;2;0;1
202200032406;756 169;50;0;2;4;1;3
202200032407;756 165;7;16;0;9;1;1
202200032408;756 166;7;0;2;3;5;1
202200032408;756 167;7;0;2;3;1;1
202200032409;756 164;7;13;0;1;17;1
202200032410;756 162;7;0;2;1;13;1
202200032410;756 163;7;0;2;1;1;1
202200032411;756 159;7;13;0;9;1;1
202200032412;756 156;10;0;2;4;15;1
202200032412;756 158;7;0;2;1;1;1
202200032413;756 157;7;0;2;1;23;2
202200032413;756 160;7;0;2;3;19;1
202200032413;756 161;33;0;2;1;1;1
202200032414;756 155;7;0;0;2;1;1
202200032415;756 153;7;0;1;1;1;1
202200032416;756 154;32;0;0;0;15;1
202200032417;756 152;7;13;0;0;14;1
202200032418;756 150;7;0;2;7;9;1
202200032418;756 151;7;0;2;3;9;1
202200032419;756 149;7;0;1;1;1;1
202200032420;756 148;33;0;0;0;0;1
202200032421;756 144;7;0;2;3;1;1
202200032421;756 146;7;0;2;3;1;1
202200032422;756 142;10;0;9;7;26;1
202200032422;756 143;1;0;2;1;1;5
202200032423;756 145;2;0;2;7;1;1
202200032423;756 147;7;0;2;3;2;0
202200032424;756 141;7;0;0;0;1;1
202200032425;756 139;7;16;0;1;14;1
202200032426;756 137;31;0;2;6;2;1
202200032426;756 138;7;0;2;2;17;1
202200032427;756 135;7;0;2;3;1;1
202200032427;756 136;7;0;2;3;5;1
202200032428;756 140;15;3;0;2;0;1
202200032429;756 134;7;15;0;1;0;1
202200032430;756 133;7;9;0;1;1;1
202200032431;756 130;7;0;2;1;1;2
202200032431;756 132;7;0;2;1;13;1
202200032432;756 129;15;0;2;8;5;1
202200032432;756 131;7;0;2;8;1;1
202200032433;756 128;31;0;0;7;1;1
202200032434;756 125;7;11;2;2;19;1
202200032434;756 127;7;11;2;3;1;1
202200032435;756 124;7;0;2;2;14;1
202200032435;756 126;10;0;2;3;1;1
202200032436;756 121;7;0;2;2;1;1
202200032436;756 123;2;0;2;3;15;1
202200032437;756 122;31;0;2;1;3;1
202200032438;756 120;7;2;0;1;1;1
202200032439;756 117;10;9;0;7;1;1
202200032440;756 116;33;0;2;3;3;1
202200032440;756 118;10;0;2;5;1;1
202200032440;756 119;7;0;2;8;1;1
202200032441;756 115;7;0;1;1;1;1
202200032442;756 112;10;0;2;5;2;1
202200032442;756 114;33;0;2;1;2;1
202200032443;756 111;7;0;2;7;16;1
202200032443;756 113;2;0;2;8;18;1
202200032444;756 110;7;12;0;3;21;1
202200032445;756 108;33;14;0;1;1;1
202200032446;756 107;7;4;2;4;2;1
202200032446;756 109;10;4;0;1;18;1
202200032447;756 106;10;3;0;9;0;1
202200032448;756 103;7;0;2;3;11;1
202200032448;756 105;33;0;2;2;1;1
202200032449;756 101;33;0;2;0;16;1
202200032449;756 102;7;0;2;3;1;1
202200032449;756 104;33;0;2;1;16;1
202200032450;756 099;7;0;2;6;2;1
202200032450;756 100;33;0;2;1;2;1
202200032451;756 098;7;2;0;8;17;0
202200032452;756 096;7;0;0;0;0;1
202200032453;756 095;32;0;2;4;23;1
202200032453;756 097;7;14;2;3;2;1
202200032454;756 089;7;0;2;1;2;1
202200032454;756 091;7;0;2;1;2;1
202200032454;756 093;7;0;2;3;2;1
202200032454;756 094;30;0;0;4;2;1
202200032455;756 087;36;6;0;3;1;1
202200032456;756 088;99;0;2;2;15;1
202200032456;756 090;99;0;2;3;1;1
202200032456;756 092;34;0;2;3;1;1
202200032457;756 085;7;0;2;3;0;2
202200032457;756 086;7;0;2;3;1;1
202200032458;756 083;2;0;9;1;1;1
202200032458;756 084;1;0;0;4;1;5
202200032459;756 080;7;0;2;1;2;1
202200032459;756 081;7;0;2;4;2;1
202200032460;756 079;7;4;0;1;19;1
202200032461;756 082;7;0;1;1;26;1
202200032462;756 077;7;4;2;7;14;1
202200032462;756 078;17;0;2;3;1;1
202200032463;756 076;1;0;0;0;1;5
202200032464;756 074;7;4;0;4;1;1
202200032464;756 075;7;4;2;1;2;1
202200032465;756 072;7;0;0;4;1;1
202200032465;756 073;33;0;2;1;1;1
202200032466;756 069;0;4;2;0;0;0
202200032466;756 071;7;4;2;8;1;1
202200032467;756 066;7;0;2;1;2;1
202200032467;756 067;7;0;2;4;2;1
202200032467;756 068;7;0;2;4;2;1
202200032467;756 070;7;0;2;1;2;1
202200032468;756 064;7;3;0;1;2;1
202200032469;756 062;17;0;2;4;23;1
202200032469;756 063;7;1;0;1;1;3
202200032470;756 059;7;0;2;6;12;1
202200032470;756 060;33;0;2;2;1;1
202200032471;756 061;32;0;2;9;18;1
202200032471;756 065;7;0;2;2;1;1
202200032472;756 058;7;9;0;1;17;1
202200032473;756 056;7;0;2;4;1;1
202200032473;756 057;99;0;2;1;1;0
202200032474;756 055;10;0;1;3;1;1
202200032475;756 053;7;0;2;3;15;0
202200032475;756 054;31;0;2;8;1;0
202200032476;756 050;7;0;2;8;11;1
202200032476;756 052;33;0;2;7;3;1
202200032477;756 049;37;0;1;2;1;1
202200032478;756 048;1;0;2;0;1;5
202200032479;756 044;7;0;2;2;12;1
202200032479;756 046;33;0;2;6;3;1
202200032479;756 047;7;0;2;6;23;1
202200032480;756 042;2;0;2;1;3;1
202200032480;756 043;7;0;2;3;15;1
202200032481;756 045;7;0;2;1;20;1
202200032481;756 051;2;0;2;0;0;0
202200032482;756 040;10;0;2;1;1;1
202200032482;756 041;33;0;2;1;1;1
202200032483;756 039;7;0;1;1;1;1
202200032484;756 037;33;0;2;7;3;1
202200032484;756 038;7;0;2;1;15;1
202200032485;756 034;10;0;2;1;1;0
202200032485;756 035;7;0;2;4;9;1
202200032486;756 032;7;0;2;6;23;1
202200032486;756 033;30;0;2;8;17;1
202200032487;756 030;39;0;2;3;1;3
202200032487;756 031;14;0;4;2;1;1
202200032488;756 029;7;0;2;3;0;1
202200032488;756 036;7;0;2;1;0;1
202200032489;756 019;32;0;2;0;3;1
202200032489;756 020;7;0;2;0;0;1
202200032490;756 017;7;0;2;1;15;1
202200032490;756 018;7;0;2;1;1;1
202200032491;756 014;7;0;2;1;13;1
202200032491;756 015;17;0;2;3;23;1
202200032492;756 016;7;1;2;7;1;1
202200032493;756 012;1;0;2;8;19;5
202200032493;756 013;10;0;2;1;1;1
202200032494;756 010;7;0;2;2;1;1
202200032494;756 011;7;0;2;9;15;1
202200032495;756 009;7;0;1;7;1;1
202200032496;756 008;7;0;1;1;16;1
202200032497;756 007;30;0;1;3;15;1
202200032498;756 005;7;0;2;3;15;2
202200032498;756 006;50;0;2;1;1;3
202200032499;756 000;1;0;2;1;19;5
202200032499;756 001;99;0;2;8;1;0
202200032500;755 998;33;0;2;1;1;1
202200032500;755 999;50;0;2;8;19;3
202200032501;755 997;7;0;1;4;20;1
202200032502;755 995;7;0;2;7;1;0
202200032502;755 996;33;0;2;3;18;1
202200032503;755 993;1;0;2;4;16;5
202200032503;755 994;7;0;2;2;11;1
202200032504;755 992;2;14;0;1;1;1
202200032505;755 990;1;0;9;1;19;5
202200032505;755 991;7;0;2;1;1;5
202200032506;755 988;7;0;2;8;1;1
202200032506;755 989;7;0;2;1;1;1
202200032507;755 987;0;0;1;2;0;0
202200032508;755 985;7;0;2;0;13;0
202200032508;755 986;10;0;2;0;21;1
202200032509;755 984;33;1;0;1;14;1
202200032510;755 983;30;0;0;0;1;1
202200032511;755 981;7;0;2;2;1;1
202200032511;755 982;7;0;2;1;1;1
202200032512;755 979;7;0;9;7;1;1
202200032512;755 980;50;0;2;1;1;3
202200032513;755 975;7;0;2;4;23;1
202200032513;755 976;7;0;2;4;23;1
202200032513;755 977;7;0;2;4;23;1
202200032513;755 978;10;0;2;1;1;1
202200032514;755 973;7;0;2;5;15;1
202200032514;755 974;33;0;2;1;1;1
202200032515;755 972;30;10;0;1;14;0
202200032516;755 970;10;0;2;1;1;1
202200032516;755 971;7;0;2;1;1;1
202200032517;755 968;7;0;4;3;1;1
202200032517;755 969;40;0;2;2;1;3
202200032518;755 966;7;0;9;3;15;1
202200032518;755 967;0;0;2;1;16;0
202200032519;755 964;7;0;2;2;15;1
202200032519;755 965;31;0;2;1;0;1
202200032520;755 959;7;0;2;3;13;1
202200032520;755 960;7;0;2;3;1;1
202200032520;755 961;7;0;2;3;1;0
202200032520;755 962;7;0;2;3;1;1
202200032520;755 963;7;0;2;1;1;1
202200032521;755 958;7;0;1;3;9;1
202200032522;755 954;1;0;2;2;0;5
202200032522;755 955;7;0;2;1;9;1
202200032523;755 953;7;0;1;1;16;1
202200032524;755 951;7;0;2;3;15;1
202200032524;755 952;2;0;2;1;1;1
202200032525;755 949;7;14;2;4;2;1
202200032525;755 950;1;0;2;4;23;5
202200032526;755 947;7;0;2;1;9;1
202200032526;755 948;7;0;2;4;23;1
202200032527;755 945;7;0;2;3;13;1
202200032527;755 946;17;0;2;3;1;1
202200032528;755 942;7;0;2;1;1;1
202200032529;755 940;7;0;2;1;2;1
202200032529;755 941;7;0;2;4;23;1
202200032530;755 939;7;0;1;2;2;1
202200032531;755 937;33;0;2;1;1;1
202200032531;755 938;10;0;2;2;10;1
202200032532;755 935;2;0;2;1;8;1
202200032532;755 936;7;0;2;2;0;1
202200032533;755 929;7;0;2;3;1;1
202200032533;755 930;7;0;2;3;5;1
202200032533;755 931;14;0;2;5;23;1
202200032533;755 932;30;1;0;7;0;0
202200032533;755 933;99;0;2;5;23;1
202200032533;755 934;7;0;2;2;23;1
202200032534;755 927;34;;2;;0;
202200032534;755 928;34;0;2;8;1;1
202200032535;755 926;7;0;1;1;2;1
202200032536;755 925;1;0;0;0;26;5
202200032537;755 924;7;6;0;1;14;1
202200032538;755 922;10;0;2;1;1;1
202200032538;755 923;7;0;2;4;23;1
202200032539;755 921;7;0;1;1;1;1
202200032540;755 920;7;0;1;3;1;1
202200032541;755 918;7;0;2;5;1;1
202200032541;755 919;33;0;2;3;3;1
202200032542;755 916;33;0;2;7;3;1
202200032542;755 917;33;0;2;6;11;1
202200032543;755 914;7;0;2;4;12;1
202200032543;755 915;7;0;2;1;1;1
202200032544;755 912;7;0;2;6;23;2
202200032544;755 913;2;0;2;2;1;1
202200032545;755 911;60;0;1;7;1;5
202200032546;755 909;7;0;2;5;16;1
202200032546;755 910;32;0;2;8;18;1
202200032547;755 906;37;0;2;8;23;1
202200032547;755 907;7;0;2;7;23;3
202200032547;755 908;33;0;2;8;3;1
202200032548;755 904;7;0;2;3;1;2
202200032548;755 905;33;0;2;2;10;1
202200032549;755 902;7;0;2;3;1;2
202200032549;755 903;10;0;2;2;15;1
202200032550;755 901;30;12;0;8;1;3
202200032551;755 900;7;0;1;1;1;0
202200032552;755 898;33;0;2;1;15;1
202200032552;755 899;7;0;2;3;16;1
202200032553;755 896;99;0;0;1;15;3
202200032553;755 897;7;0;2;1;17;1
202200032554;755 894;7;0;2;1;2;0
202200032554;755 895;7;3;0;4;2;1
202200032555;755 892;7;0;9;1;26;1
202200032555;755 893;1;0;2;8;26;5
202200032556;755 890;7;0;2;2;15;1
202200032556;755 891;50;0;2;3;2;3
202200032557;755 889;7;1;0;3;13;0
202200032558;755 887;7;0;2;1;1;1
202200032558;755 888;7;0;0;1;13;1
202200032559;755 884;30;0;2;8;18;1
202200032559;755 886;7;0;0;7;14;1
202200032560;755 880;7;0;2;1;2;1
202200032560;755 882;7;0;2;1;2;1
202200032560;755 883;7;0;2;4;2;2
202200032560;755 885;7;0;2;4;0;0
202200032561;755 879;7;0;2;1;15;1
202200032561;755 881;33;0;2;1;1;1
202200032562;755 875;7;0;2;3;9;1
202200032562;755 877;32;0;2;1;1;1
202200032563;755 876;7;0;0;4;2;1
202200032563;755 878;33;0;2;1;2;1
202200032564;755 872;50;0;2;2;1;3
202200032564;755 874;7;0;2;3;1;1
202200032565;755 870;7;0;2;1;0;0
202200032565;755 871;33;0;2;7;1;1
202200032565;755 873;17;0;2;8;1;1
202200032566;755 868;1;0;2;0;9;5
202200032566;755 869;7;0;0;1;9;1
202200032567;755 865;7;2;0;3;13;1
202200032568;755 864;7;0;2;1;2;1
202200032568;755 866;7;0;2;4;2;1
202200032568;755 867;7;0;2;4;2;1
202200032569;755 862;7;0;2;7;1;1
202200032569;755 863;7;0;2;3;15;1
202200032570;755 860;7;0;2;4;2;1
202200032570;755 861;7;0;2;1;2;1
202200032571;755 858;7;0;2;3;1;1
202200032571;755 859;7;0;2;2;1;1
202200032572;755 856;33;0;2;7;1;1
202200032572;755 857;7;0;2;8;11;1
202200032573;755 854;2;0;2;3;1;1
202200032573;755 855;37;0;2;5;17;1
202200032574;755 853;7;0;1;2;1;1
202200032575;755 852;7;0;1;1;11;2
202200032576;755 849;33;0;1;1;1;1
202200032577;755 846;10;0;2;8;13;1
202200032577;755 847;7;0;2;1;1;1
202200032577;755 848;14;0;2;8;1;1
202200032578;755 845;0;0;1;1;1;0
202200032579;755 844;7;2;0;1;14;1
202200032580;755 843;7;0;1;1;15;1
202200032581;755 842;33;0;1;0;1;1
202200032582;755 841;2;15;0;9;25;1
202200032583;755 840;10;0;1;4;26;1
202200032584;755 839;10;2;0;1;14;1
202200032585;755 837;10;0;2;1;2;1
202200032585;755 838;7;0;2;4;1;1
202200032586;755 835;10;0;0;2;1;1
202200032586;755 836;7;16;0;8;19;1
202200032587;755 834;7;8;0;1;9;1
202200032588;755 831;7;0;2;1;19;1
202200032588;755 833;7;0;2;3;1;1
202200032589;755 830;31;0;2;1;1;1
202200032589;755 832;7;0;2;2;1;1
202200032590;755 829;7;2;0;1;0;1
202200032591;755 827;10;6;0;1;0;1
202200032592;755 826;40;0;2;2;0;3
202200032592;755 828;7;0;4;3;16;1
202200032593;755 824;1;0;2;1;1;5
202200032593;755 825;7;0;2;1;15;1
202200032594;755 822;33;0;2;0;9;1
202200032594;755 823;7;0;2;6;23;1
202200032595;755 820;7;8;2;9;1;1
202200032595;755 821;7;0;2;7;1;1
202200032596;755 818;7;0;2;2;1;2
202200032596;755 819;10;0;2;3;1;1
202200032597;755 817;7;0;0;9;1;1
202200032598;755 816;33;0;0;0;1;1
202200032599;755 815;7;0;0;1;14;1
202200032600;755 812;2;0;2;1;2;1
202200032600;755 814;7;0;2;3;1;1
202200032601;755 811;7;0;2;2;15;1
202200032601;755 813;7;0;2;3;0;1
202200032602;755 810;2;8;0;1;14;1
202200032603;755 808;7;0;2;6;2;1
202200032603;755 809;33;0;2;6;17;1
202200032604;755 807;7;0;0;9;14;1
202200032605;755 806;2;0;0;0;15;1
202200032606;755 805;7;0;1;8;1;1
202200032607;755 804;33;0;0;0;1;1
202200032608;755 802;7;0;0;9;1;3
202200032609;755 801;7;0;2;2;26;1
202200032609;755 803;1;0;2;7;19;5
202200032610;755 799;80;0;2;1;1;3
202200032610;755 800;7;0;9;2;1;1
202200032611;755 797;7;0;2;3;1;1
202200032611;755 798;10;0;2;3;15;1
202200032612;755 796;36;2;0;9;1;1
202200032613;755 793;7;0;1;2;15;1
202200032614;755 792;7;0;2;4;1;0
202200032614;755 794;7;0;2;3;1;1
202200032614;755 795;7;0;2;3;13;1
202200032615;755 791;7;0;0;3;26;1
202200032616;755 790;17;12;0;1;13;1
202200032617;755 789;7;17;0;1;14;1
202200032618;755 787;7;0;2;3;26;1
202200032618;755 788;7;0;2;2;26;1
202200032619;755 785;7;4;2;9;2;3
202200032619;755 786;7;14;2;1;2;1
202200032620;755 782;7;0;2;4;23;1
202200032620;755 784;7;14;0;1;1;1
202200032621;755 781;7;3;0;6;1;1
202200032621;755 783;7;3;2;2;1;1
202200032622;755 780;7;0;1;3;1;1
202200032623;755 778;7;0;2;1;1;1
202200032623;755 779;33;0;2;2;5;1
202200032624;755 776;7;0;2;3;15;1
202200032624;755 777;37;0;2;2;1;3
202200032625;755 774;7;0;1;2;1;1
202200032626;755 773;7;0;2;1;6;1
202200032626;755 775;7;2;2;7;0;1
202200032627;755 771;31;0;0;7;17;1
202200032628;755 770;2;0;2;2;17;1
202200032628;755 772;7;0;2;3;15;1
202200032629;755 768;7;0;2;7;1;1
202200032629;755 769;7;0;2;3;1;1
202200032630;755 767;10;0;1;1;1;1
202200032631;755 765;7;0;2;1;1;1
202200032631;755 766;7;0;2;1;13;3
202200032632;755 764;7;0;1;1;1;1
202200032633;755 761;7;0;2;1;1;1
202200032633;755 763;7;0;2;1;1;1
202200032634;755 760;1;0;2;1;26;5
202200032634;755 762;7;0;2;7;17;1
202200032635;755 757;34;0;2;3;1;1
202200032635;755 759;7;0;2;3;1;1
202200032636;755 756;7;0;2;3;26;1
202200032636;755 758;1;0;2;1;1;5
202200032637;755 754;33;0;2;7;1;1
202200032637;755 755;7;0;2;1;19;1
202200032638;755 753;7;6;0;2;1;1
202200032639;755 750;7;0;2;2;15;1
202200032639;755 752;31;0;0;1;1;1
202200032640;755 749;7;0;2;4;1;1
202200032640;755 751;33;0;2;1;2;1
202200032641;755 747;7;0;2;3;15;1
202200032641;755 748;30;0;2;1;16;1
202200032642;755 744;7;0;2;3;10;1
202200032642;755 745;10;0;2;5;17;1
202200032643;755 746;7;13;0;1;0;1
202200032644;755 743;7;8;0;2;1;1
202200032645;755 741;7;1;0;3;26;1
202200032646;755 739;7;0;2;3;15;1
202200032646;755 740;33;0;2;1;1;1
202200032647;755 737;31;0;2;3;17;1
202200032647;755 738;80;0;2;8;15;2
202200032648;755 734;7;0;2;0;0;1
202200032648;755 735;50;0;2;1;1;3
202200032649;755 736;7;0;2;3;1;1
202200032649;755 742;7;0;2;2;16;1
202200032650;755 732;34;0;2;1;1;1
202200032650;755 733;7;0;2;3;15;1
202200032651;755 730;7;0;2;6;9;1
202200032651;755 731;2;0;2;1;0;1
202200032652;755 727;7;0;2;8;15;2
202200032652;755 728;30;0;2;7;17;3
202200032653;755 726;7;0;2;3;13;1
202200032653;755 729;7;0;2;3;1;1
202200032654;755 724;50;0;2;1;1;3
202200032654;755 725;10;0;9;1;1;1
202200032655;755 721;7;0;2;8;0;1
202200032655;755 723;7;0;2;1;26;1
202200032656;755 718;2;0;2;8;1;1
202200032656;755 719;7;0;2;1;1;1
202200032657;755 720;7;0;2;3;1;0
202200032657;755 722;7;0;2;3;15;1
202200032658;755 716;1;0;2;0;0;5
202200032658;755 717;7;0;2;0;0;1
202200032659;755 714;7;0;2;5;23;1
202200032659;755 715;7;0;2;3;1;1
202200032660;755 712;7;0;2;2;1;2
202200032660;755 713;60;0;2;0;19;5
202200032661;755 709;1;1;2;1;21;5
202200032661;755 710;10;0;2;8;23;1
202200032662;755 711;36;2;0;1;1;1
202200032663;755 708;7;0;1;2;1;1
202200032664;755 706;32;0;0;0;21;1
202200032665;755 705;7;0;2;0;0;1
202200032665;755 707;33;0;0;0;0;1
202200032666;755 703;30;0;2;3;1;1
202200032666;755 704;7;0;2;2;9;1
202200032667;755 702;7;0;1;2;1;1
202200032668;755 701;50;0;1;1;16;3
202200032669;755 698;10;0;2;4;1;1
202200032669;755 700;31;0;2;1;13;1
202200032670;755 697;7;0;2;7;2;1
202200032670;755 699;33;0;2;6;2;1
202200032671;755 693;37;0;2;7;1;1
202200032671;755 695;80;0;2;8;9;3
202200032672;755 692;7;0;2;4;23;2
202200032672;755 694;7;0;2;1;2;1
202200032672;755 696;7;0;2;4;23;1
202200032673;755 690;7;4;0;0;0;1
202200032674;755 687;7;0;2;6;0;1
202200032674;755 689;7;0;2;2;17;1
202200032675;755 686;10;0;2;7;19;0
202200032675;755 688;7;0;2;1;19;1
202200032675;755 691;10;0;2;3;19;1
202200032676;755 680;7;0;2;5;2;1
202200032676;755 684;7;0;2;1;2;1
202200032677;755 679;10;0;2;1;26;1
202200032677;755 682;7;0;2;4;16;1
202200032678;755 674;7;4;2;1;0;1
202200032678;755 676;7;0;2;0;1;1
202200032678;755 678;7;14;0;0;0;1
202200032678;755 681;7;14;0;0;0;1
202200032678;755 683;7;14;0;0;0;1
202200032678;755 685;17;14;0;0;0;1
202200032679;755 675;32;0;2;1;1;1
202200032679;755 677;7;0;2;8;16;1
202200032680;755 672;7;0;2;3;2;1
202200032680;755 673;7;0;2;2;15;1
202200032681;755 668;1;0;2;1;1;0
202200032681;755 671;7;0;0;0;0;1
202200032682;755 667;7;3;2;8;2;1
202200032682;755 670;0;0;2;0;0;0
202200032683;755 669;7;0;1;1;17;1
202200032684;755 666;7;3;0;5;0;1
202200032685;755 663;10;4;0;1;15;1
202200032686;755 662;30;0;2;1;17;1
202200032686;755 664;7;0;2;8;15;1
202200032687;755 660;7;0;2;4;1;1
202200032687;755 661;7;0;2;1;1;1
202200032688;755 658;10;9;0;2;14;1
202200032689;755 657;2;0;2;1;15;1
202200032689;755 659;7;0;2;6;15;1
202200032690;755 655;7;0;2;1;2;1
202200032690;755 656;10;0;2;4;1;1
202200032691;755 651;1;0;2;4;26;5
202200032691;755 653;7;0;9;2;26;1
202200032692;755 652;7;0;2;1;2;1
202200032692;755 654;10;0;2;4;2;1
202200032693;755 650;7;3;0;3;6;1
202200032694;755 649;99;0;1;1;25;0
202200032695;755 646;7;0;2;5;1;1
202200032695;755 648;7;0;2;3;1;1
202200032696;755 645;7;0;2;6;11;1
202200032696;755 647;10;0;2;2;1;1
202200032697;755 644;33;9;0;5;1;1
202200032698;755 640;7;0;2;1;1;1
202200032698;755 643;30;0;2;6;1;1
202200032699;755 638;32;0;2;2;1;1
202200032699;755 642;7;0;2;3;15;2
202200032700;755 637;7;0;2;1;2;1
202200032700;755 639;7;0;2;4;2;1
202200032700;755 641;7;0;2;4;2;1
202200032701;755 636;34;0;0;9;26;1
202200032702;755 633;30;0;2;1;1;1
202200032702;755 635;32;0;2;8;1;1
202200032703;755 629;10;0;2;1;2;0
202200032703;755 631;7;0;2;1;2;0
202200032703;755 634;7;0;2;4;0;0
202200032704;755 627;7;1;0;6;0;1
202200032704;755 628;7;1;0;1;0;1
202200032704;755 630;7;14;0;6;23;1
202200032704;755 632;7;4;0;1;14;1
202200032705;755 625;7;5;0;9;1;1
202200032706;755 624;30;0;2;1;2;3
202200032706;755 626;7;0;2;4;1;1
202200032707;755 622;7;6;0;1;1;1
202200032708;755 620;7;0;2;1;1;1
202200032708;755 621;7;0;2;8;1;1
202200032709;755 617;7;0;9;2;2;1
202200032709;755 618;80;0;2;1;2;3
202200032710;755 616;7;0;2;7;19;1
202200032710;755 619;7;0;2;1;1;1
202200032711;755 612;17;0;0;6;1;1
202200032711;755 615;7;0;2;2;14;1
202200032712;755 613;50;0;2;9;0;3
202200032712;755 614;7;0;9;0;16;0
202200032713;755 609;7;0;2;8;9;1
202200032713;755 611;50;0;2;1;1;3
202200032714;755 608;10;3;2;1;17;1
202200032714;755 610;7;3;2;7;1;1
202200032715;755 605;7;0;2;2;5;1
202200032715;755 606;7;0;2;2;21;1
202200032716;755 604;10;0;2;0;1;1
202200032716;755 607;31;0;2;6;14;1
202200032717;755 602;7;0;2;0;0;1
202200032717;755 603;7;0;2;1;16;1
202200032718;755 601;7;3;0;0;1;1
202200032719;755 600;7;0;1;8;1;1
202200032720;755 598;21;0;2;1;15;1
202200032720;755 599;1;0;2;1;1;5
202200032721;755 596;7;0;9;2;16;1
202200032721;755 597;1;0;2;2;19;5
202200032722;755 595;10;2;0;1;13;1
202200032723;755 592;1;0;2;2;1;5
202200032723;755 594;7;0;2;3;1;0
202200032724;755 591;7;0;0;7;0;1
202200032724;755 593;7;9;0;1;0;1
202200032725;755 589;2;0;2;1;21;1
202200032725;755 590;10;0;2;3;15;1
202200032726;755 588;7;0;1;3;1;1
202200032727;755 584;14;0;2;4;1;1
202200032727;755 585;15;0;2;1;2;1
202200032728;755 583;1;0;0;8;9;5
202200032729;755 582;0;0;1;0;1;0
202200032730;755 581;7;0;1;2;1;1
202200032731;755 580;7;8;0;8;1;1
202200032732;755 577;7;0;2;1;1;1
202200032732;755 578;7;0;2;1;1;1
202200032733;755 576;7;0;2;3;1;1
202200032733;755 579;7;0;2;8;1;1
202200032734;755 573;2;0;2;8;15;1
202200032734;755 575;7;0;2;2;17;1
202200032735;755 574;7;13;0;1;1;1
202200032736;755 572;7;2;0;1;1;1
202200032737;755 570;7;8;0;1;1;1
202200032738;755 569;7;0;2;6;23;1
202200032738;755 571;1;0;2;7;17;5
202200032739;755 568;7;17;0;2;2;1
202200032740;755 566;7;0;2;3;1;2
202200032740;755 567;1;0;2;1;1;5
202200032741;755 564;10;9;2;7;1;1
202200032741;755 565;7;0;2;1;1;1
202200032742;755 563;7;0;1;0;2;0
202200032743;755 562;7;2;0;2;1;1
202200032744;755 559;7;9;2;1;1;1
202200032744;755 561;7;0;2;9;1;1
202200032745;755 557;1;0;2;1;13;5
202200032745;755 558;31;0;2;1;1;1
202200032746;755 560;7;0;1;0;1;1
202200032747;755 556;3;2;0;0;0;1
202200032748;755 554;30;0;2;4;24;1
202200032748;755 555;7;0;2;4;0;1
202200032749;755 552;7;0;2;8;19;1
202200032749;755 553;10;0;2;1;1;1
202200032750;755 547;7;0;2;3;1;1
202200032750;755 548;30;0;2;1;13;3
202200032751;755 546;7;0;0;2;1;1
202200032751;755 549;7;0;2;2;1;1
202200032752;755 544;15;0;1;3;14;1