Num_Acc;id_vehicule;categorie_vehicule;obstacle_fixe;obstacle_mobile;point_choc_initial;manoeuvre_principale;motorisation
202200032753;755 543;7;0;2;1;19;1
202200032753;755 545;7;0;2;0;0;1
202200032754;755 541;30;0;2;0;0;1
202200032754;755 542;7;0;2;1;1;1
202200032755;755 540;10;3;0;2;1;0
202200032756;755 537;7;0;2;4;2;1
202200032756;755 538;7;0;2;4;2;1
202200032756;755 539;7;0;2;1;2;1
202200032757;755 535;10;1;0;4;20;1
202200032758;755 534;7;0;2;1;0;1
202200032758;755 536;38;0;2;1;13;1
202200032759;755 531;7;0;2;6;1;1
202200032759;755 533;33;0;2;1;1;1
202200032760;755 530;7;0;2;1;13;1
202200032760;755 532;7;0;2;1;1;1
202200032761;755 529;80;12;0;1;13;3
202200032762;755 526;7;0;2;1;2;1
202200032762;755 527;7;0;2;4;2;1
202200032762;755 528;7;0;2;4;2;1
202200032763;755 525;7;1;1;1;2;1
202200032764;755 524;7;0;1;1;16;1
202200032765;755 522;32;0;2;0;0;1
202200032765;755 523;7;1;0;0;0;0
202200032766;755 521;33;13;0;1;16;1
202200032767;755 519;2;0;0;0;1;1
202200032768;755 518;7;0;2;5;15;1
202200032768;755 520;7;0;2;1;1;1
202200032769;755 517;21;0;0;0;1;1
202200032770;755 515;3;14;0;1;1;6
202200032770;755 516;2;15;0;7;9;0
202200032771;755 514;7;0;1;2;0;0
202200032772;755 513;3;0;1;1;0;1
202200032773;755 511;30;0;2;0;0;1
202200032773;755 512;50;0;2;0;15;3
202200032774;755 510;7;13;0;1;6;1
202200032775;755 508;7;0;2;5;1;0
202200032775;755 509;50;0;2;1;1;3
202200032776;755 507;33;15;0;1;13;1
202200032777;755 505;7;0;2;5;16;1
202200032777;755 506;99;0;2;1;1;0
202200032778;755 503;21;0;2;3;15;1
202200032778;755 504;7;8;2;2;17;1
202200032779;755 502;10;0;1;4;4;0
202200032780;755 501;7;13;0;1;1;1
202200032781;755 498;33;0;2;3;15;1
202200032781;755 500;7;0;2;3;1;1
202200032782;755 497;7;0;2;3;13;2
202200032782;755 499;7;6;2;3;1;1
202200032783;755 495;7;0;2;8;1;1
202200032783;755 496;33;0;2;7;17;1
202200032784;755 492;7;0;2;1;1;1
202200032784;755 493;15;0;0;6;1;1
202200032784;755 494;10;0;2;3;2;1
202200032785;755 490;7;0;2;3;1;1
202200032785;755 491;50;0;2;3;12;3
202200032786;755 489;2;0;0;8;1;1
202200032787;755 487;30;0;2;2;13;1
202200032787;755 488;7;0;2;8;15;1
202200032788;755 486;14;0;1;2;1;1
202200032789;755 483;33;0;2;1;1;1
202200032789;755 485;7;0;2;3;9;2
202200032790;755 482;7;0;2;4;1;1
202200032790;755 484;7;0;2;1;0;1
202200032791;755 479;50;1;0;2;1;3
202200032791;755 481;13;0;0;5;24;1
202200032792;755 477;17;0;2;1;1;1
202200032792;755 478;17;0;2;4;2;1
202200032792;755 480;17;0;2;4;2;1
202200032793;755 475;7;7;2;7;19;1
202200032793;755 476;7;15;2;1;0;1
202200032794;755 473;7;0;2;3;11;1
202200032794;755 474;31;0;2;1;3;1
202200032795;755 472;10;2;0;1;1;1
202200032796;755 470;33;0;2;3;3;1
202200032796;755 471;7;0;2;5;12;1
202200032797;755 468;7;0;2;3;17;0
202200032797;755 469;33;0;0;5;17;1
202200032798;755 462;7;0;2;1;2;1
202200032798;755 464;7;0;2;4;2;1
202200032798;755 466;7;0;2;4;2;1
202200032798;755 467;7;0;2;4;2;1
202200032799;755 463;7;0;2;8;19;1
202200032799;755 465;33;0;2;1;1;1
202200032800;755 459;10;0;2;8;1;1
202200032800;755 461;10;0;2;2;1;1
202200032801;755 458;7;0;2;8;19;1
202200032801;755 460;33;0;2;1;1;1
202200032802;755 454;7;2;0;0;1;1
202200032803;755 453;7;0;2;4;2;1
202200032803;755 455;7;0;2;4;2;1
202200032803;755 456;7;0;2;4;2;1
202200032803;755 457;7;0;2;1;2;1
202200032804;755 452;10;0;1;3;1;1
202200032805;755 451;30;0;1;1;26;1
202200032806;755 449;7;0;1;1;1;0
202200032807;755 448;7;0;2;3;1;1
202200032807;755 450;7;0;2;2;19;1
202200032808;755 446;33;0;0;0;1;1
202200032809;755 445;2;0;0;0;1;1
202200032810;755 444;7;0;1;2;16;1
202200032811;755 439;33;0;0;0;11;1
202200032811;755 440;7;0;2;1;1;1
202200032811;755 442;7;0;2;5;0;1
202200032812;755 436;7;0;2;3;0;1
202200032812;755 438;7;0;2;5;1;1
202200032813;755 435;1;0;0;0;1;5
202200032813;755 437;1;0;0;0;1;5
202200032814;755 433;7;2;0;1;14;1
202200032815;755 432;7;0;2;2;15;1
202200032815;755 434;32;0;2;1;14;1
202200032816;755 431;7;13;6;3;21;1
202200032817;755 428;7;0;2;7;23;1
202200032817;755 429;1;0;2;1;17;5
202200032817;755 430;7;0;2;1;1;1
202200032818;755 424;1;0;2;1;0;5
202200032818;755 426;7;0;9;5;20;1
202200032819;755 421;7;4;2;2;11;1
202200032819;755 422;7;0;2;5;1;1
202200032820;755 420;7;0;0;1;1;1
202200032820;755 423;7;0;2;8;13;1
202200032821;755 419;31;0;0;8;0;1
202200032822;755 416;7;0;2;3;1;1
202200032822;755 418;7;0;2;5;19;1
202200032823;755 417;10;0;1;1;1;1
202200032824;755 415;7;2;0;2;14;1
202200032825;755 413;7;0;2;8;22;1
202200032825;755 414;2;1;0;7;1;1
202200032826;755 411;1;0;2;8;2;5
202200032826;755 412;1;0;2;7;2;5
202200032827;755 408;7;0;2;1;1;1
202200032827;755 409;7;0;2;4;2;1
202200032827;755 410;7;0;2;5;2;1
202200032828;755 407;7;0;1;3;0;1
202200032829;755 406;37;0;1;2;7;1
202200032830;755 405;33;0;0;8;1;1
202200032831;755 403;7;0;2;1;2;1
202200032831;755 404;7;0;2;4;2;1
202200032832;755 398;7;0;2;1;1;1
202200032832;755 400;7;0;2;1;15;1
202200032833;755 396;10;0;2;1;1;1
202200032833;755 397;7;0;2;1;5;1
202200032833;755 399;7;3;0;3;1;1
202200032833;755 401;7;0;0;0;1;1
202200032833;755 402;7;3;0;1;1;1
202200032834;755 394;1;0;2;1;1;5
202200032834;755 395;7;0;9;8;1;1
202200032835;755 393;33;2;0;1;0;1
202200032836;755 391;7;0;2;8;0;1
202200032836;755 392;7;0;2;1;1;1
202200032837;755 389;7;0;2;8;19;1
202200032837;755 390;33;0;2;1;1;1
202200032838;755 388;7;0;2;2;14;1
202200032839;755 385;33;0;2;4;9;1
202200032839;755 387;7;0;2;3;1;1
202200032840;755 386;7;0;0;1;1;1
202200032841;755 383;7;0;2;3;11;0
202200032841;755 384;33;0;2;2;3;0
202200032842;755 382;33;0;0;0;1;1
202200032843;755 380;7;0;0;0;14;1
202200032843;755 381;33;8;0;0;21;1
202200032844;755 378;7;0;2;1;15;1
202200032844;755 379;33;0;2;1;1;1
202200032845;755 375;7;0;0;0;9;1
202200032845;755 377;1;0;0;0;1;5
202200032846;755 376;7;15;0;3;1;1
202200032847;755 374;7;0;0;9;1;1
202200032848;755 372;7;0;1;1;1;1
202200032849;755 371;1;0;2;3;16;5
202200032849;755 373;7;0;2;8;1;1
202200032850;755 367;7;0;2;1;16;1
202200032850;755 369;7;0;2;4;23;1
202200032850;755 370;7;0;2;4;23;1
202200032851;755 368;7;11;0;8;1;2
202200032852;755 364;7;0;2;1;1;1
202200032852;755 366;7;0;2;4;1;1
202200032853;755 365;7;13;0;1;1;0
202200032854;755 362;7;13;0;0;0;1
202200032855;755 361;7;0;2;1;15;1
202200032855;755 363;1;0;2;1;1;
202200032856;755 360;7;3;0;2;14;1
202200032857;755 359;7;0;1;0;20;1
202200032858;755 355;7;0;2;1;1;1
202200032858;755 358;7;0;2;1;5;1
202200032859;755 356;10;0;2;1;1;1
202200032859;755 357;7;0;2;1;26;1
202200032860;755 353;32;0;2;3;1;1
202200032860;755 354;7;0;2;3;13;1
202200032861;755 351;7;16;0;0;1;1
202200032862;755 350;7;0;2;3;1;1
202200032862;755 352;7;0;2;2;1;1
202200032863;755 348;7;0;0;1;2;1
202200032863;755 349;2;0;0;4;2;1
202200032864;755 346;7;0;2;4;2;1
202200032864;755 347;7;0;2;1;2;1
202200032865;755 344;7;0;2;1;13;1
202200032865;755 345;7;0;2;1;1;1
202200032866;755 342;10;0;2;2;15;1
202200032866;755 343;32;0;2;1;17;1
202200032867;755 340;30;0;0;0;3;1
202200032868;755 339;1;0;2;0;0;5
202200032868;755 341;1;0;2;0;0;5
202200032869;755 333;7;0;0;6;26;1
202200032869;755 336;7;0;2;2;12;1
202200032870;755 334;7;0;2;4;1;2
202200032870;755 337;7;0;2;1;26;1
202200032871;755 335;1;0;2;1;15;5
202200032871;755 338;7;2;2;1;1;1
202200032872;755 331;7;9;0;1;0;1
202200032873;755 328;7;0;2;5;1;3
202200032873;755 330;7;0;2;3;1;1
202200032873;755 332;33;0;2;1;3;1
202200032874;755 327;7;6;0;2;1;1
202200032875;755 326;7;0;2;8;15;1
202200032875;755 329;33;0;2;1;17;1
202200032876;755 323;7;0;2;4;1;2
202200032876;755 325;7;4;2;3;1;1
202200032877;755 322;7;0;2;5;15;1
202200032877;755 324;33;0;2;1;1;1
202200032878;755 320;7;4;0;1;1;1
202200032879;755 321;1;0;2;1;1;5
202200032880;755 319;7;15;0;1;14;1
202200032881;755 317;7;4;0;1;26;1
202200032882;755 316;7;0;2;7;1;1
202200032882;755 318;7;0;2;3;1;1
202200032883;755 315;7;12;0;1;26;1
202200032884;755 313;34;14;0;1;17;1
202200032885;755 310;7;0;2;4;1;1
202200032885;755 312;7;0;2;4;1;1
202200032885;755 314;7;0;2;1;1;1
202200032886;755 309;7;0;2;3;1;1
202200032886;755 311;7;0;2;5;1;1
202200032887;755 306;7;15;2;3;1;1
202200032887;755 308;7;0;2;3;13;1
202200032888;755 304;33;0;2;1;3;1
202200032888;755 307;7;0;2;4;12;1
202200032889;755 302;7;0;2;3;1;1
202200032889;755 305;7;0;2;2;15;1
202200032890;755 301;7;0;1;4;26;1
202200032891;755 300;10;0;2;1;1;1
202200032891;755 303;7;0;2;1;13;1
202200032892;755 299;7;0;1;2;1;1
202200032893;755 297;7;0;0;0;1;1
202200032894;755 295;7;0;2;1;1;1
202200032894;755 296;1;0;2;1;13;5
202200032894;755 298;1;0;2;1;13;5
202200032895;755 294;7;0;1;3;5;1
202200032896;755 292;7;0;2;3;1;1
202200032896;755 293;7;0;2;3;13;1
202200032897;755 289;2;0;2;4;2;1
202200032897;755 291;7;0;2;1;2;1
202200032898;755 288;33;0;2;1;1;1
202200032898;755 290;7;0;2;7;10;1
202200032899;755 283;33;0;2;1;2;1
202200032899;755 285;13;0;2;4;4;1
202200032900;755 284;7;0;2;1;1;1
202200032900;755 287;7;0;0;2;15;1
202200032901;755 282;2;0;2;1;1;1
202200032901;755 286;7;0;2;3;15;1
202200032902;755 281;7;0;1;2;1;1
202200032903;755 277;7;0;2;1;1;1
202200032903;755 279;7;0;2;8;1;1
202200032904;755 278;7;0;2;3;0;1
202200032904;755 280;1;0;2;6;15;5
202200032905;755 276;30;0;0;0;1;1
202200032906;755 274;40;0;1;3;1;3
202200032907;755 273;34;0;1;8;21;1
202200032908;755 272;7;0;2;4;2;1
202200032908;755 275;1;0;2;1;2;5
202200032909;755 268;7;0;2;4;1;1
202200032909;755 271;31;0;2;1;1;1
202200032910;755 267;7;0;2;3;1;1
202200032910;755 270;7;0;2;3;13;1
202200032911;755 269;7;0;1;1;1;1
202200032912;755 264;7;0;1;2;1;1
202200032913;755 262;33;0;2;1;8;1
202200032913;755 265;7;0;2;3;15;1
202200032914;755 263;31;0;2;1;1;1
202200032914;755 266;7;0;2;7;15;1
202200032915;755 261;33;0;6;1;1;1
202200032916;755 259;33;0;0;9;1;1
202200032917;755 260;7;0;1;1;1;1
202200032918;755 258;7;2;0;1;15;1
202200032919;755 257;7;0;1;3;15;1
202200032920;755 256;43;0;1;1;1;1
202200032921;755 254;7;0;2;3;5;1
202200032921;755 255;7;0;2;6;1;1
202200032922;755 253;7;0;1;2;26;1
202200032923;755 251;7;2;0;1;0;1
202200032924;755 250;50;0;2;1;19;3
202200032924;755 252;17;0;2;2;16;1
202200032925;755 248;50;0;2;0;0;3
202200032925;755 249;7;0;2;0;0;0
202200032926;755 247;7;0;1;2;19;1
202200032927;755 246;33;9;0;1;13;1
202200032928;755 243;1;0;2;4;1;5
202200032928;755 244;7;0;2;1;1;1
202200032929;755 242;31;0;2;7;17;1
202200032929;755 245;7;0;2;3;10;1
202200032930;755 240;7;0;2;1;15;1
202200032930;755 241;32;0;2;1;1;1
202200032931;755 238;20;10;0;1;26;1
202200032932;755 237;32;0;2;8;3;1
202200032932;755 239;7;0;2;2;12;1
202200032933;755 235;7;0;2;3;1;1
202200032933;755 236;7;0;2;2;15;1
202200032934;755 233;1;0;2;1;1;5
202200032934;755 234;7;0;2;1;1;1
202200032935;755 232;7;0;0;9;0;1
202200032936;755 228;7;0;2;4;2;2
202200032936;755 230;7;0;2;1;2;0
202200032937;755 226;7;0;2;3;9;1
202200032937;755 229;30;0;2;2;1;3
202200032938;755 227;7;0;2;4;1;1
202200032938;755 231;7;0;2;1;17;1
202200032939;755 224;7;4;0;2;1;1
202200032940;755 221;7;0;2;2;1;1
202200032940;755 223;10;0;2;1;9;1
202200032941;755 219;7;0;2;1;1;1
202200032941;755 220;7;0;2;4;1;1
202200032941;755 222;7;0;2;4;1;1
202200032941;755 225;7;0;2;4;1;2
202200032942;755 215;7;4;0;1;1;1
202200032943;755 216;31;0;2;3;1;1
202200032943;755 217;7;0;2;2;15;3
202200032944;755 214;7;0;2;3;16;1
202200032944;755 218;2;0;2;0;0;1
202200032945;755 212;7;0;2;6;21;1
202200032945;755 213;7;0;2;2;1;1
202200032946;755 207;7;3;0;2;1;1
202200032947;755 206;7;0;0;0;13;0
202200032947;755 209;7;0;0;0;1;0
202200032947;755 211;7;0;0;0;1;0
202200032948;755 208;33;6;2;1;1;1
202200032948;755 210;7;6;2;1;15;1
202200032949;755 204;3;2;0;1;1;1
202200032950;755 202;14;0;2;3;11;0
202200032950;755 203;7;0;2;2;2;0
202200032950;755 205;7;0;2;1;2;2
202200032951;755 200;10;0;1;4;4;1
202200032952;755 201;7;0;1;3;16;1
202200032953;755 199;7;0;1;1;1;1
202200032954;755 197;7;0;2;1;0;1
202200032954;755 198;7;0;2;3;0;1
202200032955;755 196;13;0;1;1;15;1
202200032956;755 195;7;0;1;3;1;1
202200032957;755 192;7;0;2;1;13;1
202200032957;755 193;7;0;2;1;1;1
202200032958;755 191;7;0;2;5;1;1
202200032958;755 194;7;0;2;3;9;1
202200032959;755 190;7;1;1;4;20;1
202200032960;755 187;7;0;2;3;13;1
202200032960;755 188;7;0;2;2;1;1
202200032961;755 186;7;0;1;1;1;0
202200032962;755 184;10;0;1;4;26;1
202200032963;755 183;14;0;9;6;15;1
202200032963;755 185;34;0;2;0;17;1
202200032964;755 180;32;0;1;2;1;1
202200032965;755 178;10;0;2;7;1;1
202200032965;755 182;38;0;2;1;1;1
202200032966;755 179;33;0;2;0;1;1
202200032966;755 181;7;0;2;1;1;1
202200032967;755 177;31;0;0;2;3;1
202200032968;755 175;7;0;2;4;1;0
202200032968;755 176;2;0;2;7;1;1
202200032969;755 173;7;0;2;6;26;1
202200032969;755 174;33;0;2;1;26;1
202200032970;755 169;7;0;2;4;2;1
202200032970;755 171;7;0;2;1;26;1
202200032971;755 168;33;0;2;2;1;1
202200032971;755 172;7;16;0;3;15;1
202200032972;755 167;2;0;0;0;0;1
202200032972;755 170;7;0;2;3;15;1
202200032973;755 166;7;0;1;4;4;1
202200032974;755 165;30;0;0;0;26;1
202200032975;755 164;10;0;1;3;15;1
202200032976;755 162;7;0;1;3;26;1
202200032977;755 161;7;0;2;1;2;1
202200032977;755 163;7;0;2;4;2;1
202200032978;755 158;32;0;2;1;2;1
202200032978;755 160;7;0;2;8;26;1
202200032979;755 156;7;0;2;1;1;1
202200032979;755 159;30;0;2;1;17;1
202200032980;755 155;7;0;2;2;1;1
202200032980;755 157;7;0;2;2;15;1
202200032981;755 153;2;0;0;0;1;1
202200032981;755 154;7;0;0;0;0;1
202200032982;755 150;1;0;2;1;17;5
202200032982;755 151;7;0;9;3;15;1
202200032983;755 149;7;0;2;1;2;1
202200032983;755 152;7;0;2;4;23;1
202200032984;755 148;7;0;1;7;14;1
202200032985;755 145;7;0;9;5;1;1
202200032985;755 147;7;0;2;3;14;1
202200032986;755 143;80;0;2;1;1;3
202200032986;755 146;10;0;2;3;15;1
202200032987;755 140;32;0;2;6;3;1
202200032987;755 142;10;0;2;7;12;1
202200032987;755 144;17;0;2;8;1;1
202200032988;755 138;37;0;2;3;26;1
202200032988;755 141;7;0;2;5;25;1
202200032989;755 137;7;0;9;3;15;1
202200032989;755 139;32;0;2;7;15;1
202200032990;755 134;1;0;2;7;26;5
202200032990;755 136;7;0;9;1;1;1
202200032991;755 133;7;0;1;1;15;1
202200032992;755 132;7;4;0;2;1;1
202200032993;755 131;14;0;2;6;23;1
202200032993;755 135;7;0;2;2;12;1
202200032994;755 129;1;0;9;4;1;5
202200032994;755 130;50;0;9;1;1;3
202200032995;755 128;7;0;1;1;15;1
202200032996;755 126;7;0;1;3;15;1
202200032997;755 124;7;0;2;7;1;2
202200032997;755 127;7;0;2;8;1;1
202200032998;755 125;7;0;1;2;15;1
202200032999;755 121;7;1;0;1;26;1
202200033000;755 122;7;0;2;2;16;2
202200033000;755 123;33;0;2;1;18;1
202200033001;755 117;10;0;0;1;1;1
202200033001;755 119;1;8;0;8;9;5
202200033002;755 116;80;0;2;1;9;3
202200033002;755 118;50;0;2;3;1;3
202200033003;755 115;7;0;2;1;1;1
202200033003;755 120;7;0;2;7;15;1
202200033004;755 112;7;0;2;2;1;1
202200033004;755 114;1;0;2;7;1;5
202200033005;755 111;10;0;2;3;22;1
202200033005;755 113;34;0;2;0;17;1
202200033006;755 110;7;0;1;3;16;1
202200033007;755 108;31;0;2;4;1;1
202200033007;755 109;7;0;2;1;11;
202200033008;755 105;7;0;2;2;15;1
202200033008;755 107;1;0;2;1;1;5
202200033009;755 104;7;0;2;4;1;2
202200033009;755 106;7;0;2;1;0;1
202200033010;755 101;7;0;2;1;2;1
202200033010;755 102;33;0;2;4;23;1
202200033011;755 099;7;0;2;1;9;0
202200033011;755 103;7;0;2;8;15;1
202200033012;755 098;7;0;2;1;1;1
202200033012;755 100;7;0;2;1;1;0
202200033013;755 096;34;0;2;1;15;1
202200033013;755 097;7;0;2;2;1;1
202200033014;755 092;7;0;1;1;15;1
202200033015;755 093;33;0;2;7;15;1
202200033015;755 095;7;0;2;3;9;1
202200033016;755 094;31;1;0;9;0;0
202200033017;755 090;30;9;0;1;9;1
202200033018;755 089;7;0;2;1;2;1
202200033018;755 091;30;0;1;1;23;3
202200033019;755 088;7;0;1;4;4;1
202200033020;755 086;7;0;2;3;9;1
202200033020;755 087;7;0;2;3;9;1
202200033021;755 084;7;0;2;1;2;1
202200033021;755 085;7;0;2;4;23;1
202200033022;755 081;7;0;2;8;15;1
202200033022;755 082;30;0;2;2;17;1
202200033023;755 080;7;0;2;1;1;1
202200033023;755 083;7;0;2;1;15;1
202200033024;755 078;10;0;2;1;2;1
202200033024;755 079;7;0;2;4;21;1
202200033025;755 073;7;0;2;4;2;1
202200033025;755 074;7;0;2;4;2;1
202200033025;755 076;7;0;0;4;2;1
202200033025;755 077;7;0;2;1;2;1
202200033026;755 071;7;0;2;1;1;1
202200033026;755 072;7;0;2;1;1;1
202200033027;755 075;7;0;1;0;0;0
202200033028;755 068;7;0;2;3;1;1
202200033028;755 069;7;0;2;6;2;1
202200033028;755 070;30;0;2;1;2;1
202200033029;755 063;1;0;2;7;16;5
202200033029;755 064;7;0;2;1;9;1
202200033030;755 066;7;0;2;3;16;1
202200033030;755 067;1;0;0;1;25;5
202200033031;755 060;7;0;2;6;20;1
202200033031;755 061;31;0;2;1;17;1
202200033032;755 062;7;0;2;4;9;1
202200033032;755 065;7;0;2;1;9;1
202200033033;755 056;33;0;2;1;1;1
202200033033;755 058;7;0;2;5;15;1
202200033034;755 057;50;0;2;8;19;3
202200033034;755 059;7;0;9;3;1;1
202200033035;755 055;7;0;1;1;15;1
202200033036;755 053;30;0;0;0;26;1
202200033037;755 049;7;0;2;3;10;1
202200033037;755 050;33;0;2;1;17;1
202200033038;755 051;7;0;2;2;1;3
202200033038;755 054;7;0;2;3;15;1
202200033039;755 042;7;0;2;2;0;1
202200033039;755 048;7;0;2;9;0;1
202200033039;755 052;7;0;2;4;0;1
202200033040;755 044;33;0;2;1;1;1
202200033040;755 045;7;0;2;6;20;1
202200033041;755 043;7;0;2;2;15;1
202200033041;755 046;7;0;2;1;1;1
202200033042;755 041;7;0;1;1;2;0
202200033043;755 036;31;0;2;1;1;1
202200033043;755 040;7;0;2;6;10;1
202200033044;755 035;7;0;0;6;15;1
202200033044;755 039;33;0;2;1;5;1
202200033045;755 034;7;0;2;3;15;1
202200033045;755 037;31;0;2;1;6;1
202200033046;755 030;1;0;2;8;19;5
202200033046;755 032;7;0;2;2;16;1
202200033047;755 031;7;13;0;7;1;1
202200033048;755 033;30;0;2;1;2;1
202200033048;755 038;7;0;2;4;23;1
202200033049;755 023;7;0;2;8;9;1
202200033049;755 026;7;0;2;1;1;1
202200033050;755 022;7;0;1;1;1;2
202200033051;755 021;10;0;2;2;14;1
202200033051;755 025;7;8;2;4;23;1
202200033051;755 027;7;0;2;4;23;1
202200033051;755 028;7;0;2;4;23;1
202200033051;755 029;7;0;2;4;23;1
202200033052;755 020;7;0;2;1;1;1
202200033052;755 024;10;0;2;2;19;1
202200033053;755 017;33;0;2;8;18;1
202200033053;755 019;7;0;2;2;1;1
202200033054;755 015;1;1;0;1;1;5
202200033054;755 018;50;0;2;7;23;3
202200033055;755 014;17;0;1;2;1;1
202200033056;755 013;37;0;2;3;9;1
202200033056;755 016;7;0;2;8;1;1
202200033057;755 011;7;0;2;1;2;1
202200033057;755 012;7;0;2;4;2;1
202200033058;755 010;7;4;0;8;16;1
202200033059;755 007;15;0;2;7;16;1
202200033059;755 009;1;0;2;8;18;5
202200033060;755 006;7;16;0;3;9;0
202200033060;755 008;7;2;0;1;19;1
202200033061;755 004;7;0;2;5;15;1
202200033061;755 005;2;0;2;1;1;1
202200033062;755 003;2;0;0;7;1;1
202200033063;755 000;50;0;2;0;0;3
202200033063;755 002;7;0;9;2;26;1
202200033064;754 997;7;0;1;1;2;3
202200033065;754 996;7;0;1;1;1;1
202200033066;754 995;50;0;2;1;1;3
202200033066;754 999;7;0;2;8;9;1
202200033067;754 994;7;0;2;1;19;1
202200033067;754 998;7;0;2;8;1;1
202200033067;755 001;17;0;2;6;1;1
202200033068;754 993;7;1;0;9;20;1
202200033069;754 991;33;0;2;1;1;1
202200033069;754 992;7;0;2;5;15;1
202200033070;754 989;33;0;1;2;15;1
202200033071;754 987;7;0;1;5;20;1
202200033072;754 988;1;0;2;6;15;5
202200033072;754 990;7;0;9;3;17;1
202200033073;754 985;7;0;2;2;15;1
202200033073;754 986;1;0;2;7;15;5
202200033074;754 981;38;0;0;0;0;1
202200033074;754 984;33;1;0;1;26;1
202200033075;754 980;7;0;2;3;5;1
202200033075;754 982;7;0;2;1;1;1
202200033076;754 979;7;0;0;6;23;1
202200033076;754 983;7;0;2;1;26;1
202200033077;754 977;7;0;2;6;26;1
202200033077;754 978;7;0;2;9;26;1
202200033078;754 973;7;0;1;2;1;0
202200033079;754 975;7;0;2;1;9;
202200033079;754 976;7;0;2;2;1;1
202200033080;754 972;7;13;0;9;1;1
202200033081;754 974;7;0;1;1;15;1
202200033082;754 971;7;15;0;1;1;1
202200033083;754 969;7;12;0;9;1;1
202200033084;754 967;34;0;2;1;1;1
202200033084;754 970;7;0;2;4;23;1
202200033085;754 966;1;0;2;2;1;5
202200033085;754 968;7;0;2;3;9;1
202200033086;754 963;33;0;2;1;1;1
202200033086;754 965;30;0;2;1;15;1
202200033087;754 962;7;0;2;3;9;1
202200033087;754 964;33;0;2;1;1;1
202200033088;754 958;7;0;2;1;2;1
202200033088;754 959;7;0;2;4;23;1
202200033089;754 957;80;0;2;7;1;3
202200033089;754 961;7;0;2;1;1;1
202200033090;754 953;33;9;2;3;1;1
202200033090;754 956;7;0;2;8;1;1
202200033091;754 952;80;0;2;0;0;3
202200033091;754 955;7;0;2;3;9;1
202200033092;754 950;7;0;2;4;2;1
202200033092;754 954;10;0;2;4;2;1
202200033092;754 960;7;0;2;1;2;1
202200033093;754 949;50;0;2;9;1;3
202200033093;754 951;7;0;2;2;9;2
202200033094;754 940;7;0;2;8;1;1
202200033094;754 944;7;0;2;7;12;1
202200033095;754 941;7;0;2;3;2;1
202200033095;754 948;1;0;2;4;1;5
202200033096;754 946;7;0;2;1;1;2
202200033096;754 947;7;0;2;2;15;1
202200033097;754 936;7;0;2;4;1;1
202200033097;754 938;7;0;2;1;2;1
202200033098;754 935;7;0;1;3;16;1
202200033099;754 933;7;0;2;3;1;1
202200033099;754 937;7;0;2;3;13;1
202200033100;754 932;7;0;2;3;11;1
202200033100;754 934;33;0;2;2;1;1
202200033101;754 929;33;0;2;4;2;1
202200033101;754 930;7;0;2;4;1;1
202200033102;754 925;7;0;2;3;9;1
202200033102;754 927;3;0;2;2;1;1
202200033103;754 928;2;0;2;1;1;0
202200033103;754 931;7;0;2;1;13;1
202200033104;754 923;1;0;2;0;1;5
202200033104;754 926;7;0;9;1;1;1
202200033105;754 922;37;0;2;3;1;1
202200033105;754 924;33;0;2;1;13;1
202200033106;754 921;2;0;0;0;2;1
202200033107;754 915;33;0;2;1;1;1
202200033107;754 918;10;0;2;1;1;1
202200033108;754 916;7;0;2;7;1;1
202200033108;754 919;7;0;2;1;9;1
202200033109;754 914;7;0;2;2;1;1
202200033109;754 920;7;0;2;8;1;1
202200033110;754 911;7;0;1;1;1;2
202200033111;754 910;2;0;2;1;17;1
202200033111;754 913;7;0;2;8;10;0
202200033112;754 909;7;0;2;1;9;1
202200033112;754 912;1;0;2;7;1;5
202200033113;754 908;7;0;2;8;19;1
202200033113;754 917;7;0;2;1;1;1
202200033114;754 907;7;8;0;1;1;1
202200033115;754 905;1;12;0;1;25;5
202200033116;754 903;10;0;2;2;1;0
202200033116;754 906;7;0;2;6;1;2
202200033117;754 902;32;0;0;0;17;1
202200033118;754 901;7;0;2;3;13;1
202200033118;754 904;33;0;2;1;1;1
202200033119;754 899;7;0;2;4;2;1
202200033119;754 900;7;0;2;1;2;1
202200033120;754 895;7;0;2;8;11;1
202200033120;754 897;43;0;2;7;1;1
202200033121;754 894;10;0;2;2;2;1
202200033121;754 896;30;0;2;4;2;1
202200033122;754 893;7;0;2;2;1;1
202200033122;754 898;1;0;2;1;16;5
202200033123;754 889;32;14;0;1;16;1
202200033124;754 886;7;0;2;3;10;1
202200033124;754 887;31;0;2;2;1;1
202200033125;754 890;1;0;2;8;1;5
202200033125;754 892;7;0;2;1;16;1
202200033126;754 885;7;15;2;1;1;1
202200033126;754 891;7;0;2;4;1;1
202200033127;754 884;7;0;2;8;1;1
202200033127;754 888;7;0;2;1;19;1
202200033128;754 881;7;0;2;5;0;1
202200033128;754 882;33;3;2;6;21;1
202200033129;754 883;7;0;1;3;15;1
202200033130;754 877;33;0;2;1;2;1
202200033130;754 880;7;0;0;4;2;1
202200033131;754 875;7;0;2;1;2;1
202200033131;754 878;7;0;2;4;2;1
202200033131;754 879;7;0;2;4;2;1
202200033132;754 873;99;0;2;3;1;3
202200033132;754 876;10;0;2;2;16;1
202200033133;754 872;33;0;0;8;1;1
202200033134;754 871;7;0;1;2;1;1
202200033135;754 870;32;12;0;1;26;1
202200033136;754 868;10;0;2;8;22;1
202200033136;754 869;50;0;2;1;1;3
202200033137;754 867;32;13;0;9;1;1
202200033138;754 864;30;1;0;1;14;3
202200033139;754 862;7;0;2;1;15;1
202200033139;754 865;33;0;2;1;1;1
202200033140;754 863;7;0;2;2;15;1
202200033140;754 866;32;0;2;1;8;1
202200033141;754 860;1;0;2;4;13;5
202200033141;754 861;7;0;9;1;1;1