Num_Acc;id_vehicule;categorie_vehicule;obstacle_fixe;obstacle_mobile;point_choc_initial;manoeuvre_principale;motorisation
202200033142;754 857;7;0;2;5;16;2
202200033142;754 859;32;0;2;2;18;1
202200033143;754 856;14;0;1;2;26;1
202200033144;754 853;50;0;1;1;1;3
202200033145;754 852;7;0;2;3;1;1
202200033145;754 855;7;0;2;2;15;1
202200033145;754 858;7;0;2;2;23;1
202200033146;754 850;7;0;2;3;21;1
202200033146;754 854;7;0;0;2;17;1
202200033147;754 851;30;0;0;3;21;1
202200033148;754 849;7;0;1;1;1;1
202200033149;754 845;7;0;0;4;2;1
202200033149;754 848;7;0;2;1;2;1
202200033150;754 844;7;15;0;1;16;1
202200033151;754 843;7;0;2;2;1;1
202200033151;754 846;50;0;2;1;5;3
202200033152;754 840;7;1;0;2;1;1
202200033153;754 839;37;0;2;3;1;3
202200033153;754 842;31;0;2;8;13;1
202200033154;754 837;7;0;2;1;2;1
202200033154;754 841;7;0;2;4;2;1
202200033155;754 836;7;0;2;0;1;1
202200033155;754 838;7;3;2;6;19;1
202200033156;754 834;33;16;0;1;1;1
202200033157;754 833;31;0;2;1;2;1
202200033157;754 835;43;0;2;4;23;1
202200033158;754 830;7;0;2;3;1;1
202200033158;754 832;7;0;2;1;13;1
202200033159;754 829;7;0;2;8;2;1
202200033159;754 831;31;0;2;7;12;1
202200033160;754 827;80;1;0;1;1;3
202200033160;754 828;7;0;2;3;22;1
202200033161;754 825;7;0;1;1;1;1
202200033162;754 823;32;0;1;1;1;0
202200033163;754 824;7;10;2;0;1;1
202200033163;754 826;15;0;2;7;16;1
202200033164;754 820;7;0;2;1;15;1
202200033164;754 822;7;13;2;1;0;1
202200033165;754 819;37;0;1;2;20;3
202200033166;754 818;7;0;2;7;16;1
202200033166;754 821;50;0;2;8;18;3
202200033167;754 816;7;0;2;3;15;0
202200033167;754 817;32;0;2;2;17;1
202200033168;754 812;7;0;2;5;15;1
202200033168;754 815;3;0;2;1;21;1
202200033169;754 811;34;0;2;3;1;1
202200033169;754 814;10;0;2;3;9;1
202200033170;754 809;7;0;2;3;22;1
202200033170;754 813;1;1;0;1;21;5
202200033171;754 808;7;0;2;8;1;1
202200033171;754 810;7;0;2;1;2;1
202200033172;754 804;33;0;2;1;1;1
202200033172;754 806;7;0;2;1;5;1
202200033173;754 803;7;0;2;2;15;1
202200033173;754 807;33;0;2;1;1;1
202200033174;754 802;10;0;2;4;26;1
202200033174;754 805;1;0;2;1;2;5
202200033175;754 799;30;0;2;7;2;1
202200033175;754 801;33;0;2;8;2;1
202200033176;754 796;7;0;2;2;17;1
202200033176;754 798;1;0;2;6;1;5
202200033177;754 795;7;0;2;3;9;1
202200033177;754 797;30;0;2;7;1;1
202200033178;754 793;37;0;2;6;1;1
202200033178;754 800;14;0;2;3;13;1
202200033179;754 791;1;0;2;6;19;5
202200033179;754 794;7;0;2;3;3;1
202200033180;754 790;10;0;2;1;19;1
202200033180;754 792;50;0;2;7;8;3
202200033181;754 789;33;6;0;1;0;1
202200033182;754 788;43;0;0;7;9;1
202200033183;754 787;50;0;1;1;5;3
202200033184;754 784;1;0;2;7;1;5
202200033184;754 786;7;0;2;1;9;1
202200033185;754 781;10;12;1;0;2;1
202200033186;754 780;10;0;2;1;0;1
202200033186;754 782;7;0;2;4;0;1
202200033187;754 773;32;0;2;1;2;6
202200033187;754 774;32;0;2;4;23;1
202200033188;754 775;1;0;2;8;0;5
202200033188;754 778;7;0;2;6;1;2
202200033189;754 770;7;13;2;7;17;1
202200033189;754 776;7;15;2;8;1;1
202200033190;754 767;7;0;2;2;20;1
202200033190;754 769;50;0;2;1;1;3
202200033191;754 768;7;0;2;7;1;1
202200033191;754 771;7;0;2;8;1;1
202200033191;754 772;7;0;2;8;1;0
202200033192;754 766;15;4;0;3;1;1
202200033193;754 761;30;0;2;1;9;1
202200033193;754 765;7;0;2;3;1;1
202200033194;754 759;7;9;2;3;12;2
202200033194;754 762;7;9;2;3;13;1
202200033195;754 756;7;0;2;3;15;1
202200033195;754 757;41;0;2;7;17;0
202200033196;754 755;1;0;0;0;9;5
202200033197;754 751;7;0;2;1;1;1
202200033197;754 752;14;0;2;3;1;1
202200033198;754 750;7;0;2;7;15;1
202200033198;754 753;37;0;2;3;2;1
202200033199;754 749;7;0;2;1;1;1
202200033199;754 754;7;0;2;2;1;1
202200033200;754 746;31;0;2;1;17;1
202200033200;754 747;7;0;2;3;9;1
202200033201;754 748;7;0;1;1;1;1
202200033202;754 744;43;14;0;1;1;1
202200033203;754 743;50;0;2;1;1;3
202200033203;754 745;7;0;2;3;1;1
202200033204;754 741;7;0;2;1;2;1
202200033204;754 742;33;0;2;4;23;1
202200033205;754 740;1;13;0;0;1;5
202200033206;754 738;43;0;2;8;11;1
202200033206;754 739;7;0;2;7;12;1
202200033207;754 737;1;13;0;0;1;5
202200033208;754 735;33;0;2;1;18;1
202200033208;754 736;7;0;2;2;16;1
202200033209;754 731;7;1;0;1;1;1
202200033210;754 732;33;0;2;1;15;1
202200033210;754 734;7;0;2;1;1;1
202200033211;754 730;7;0;2;1;1;1
202200033211;754 733;30;0;2;3;1;1
202200033212;754 727;30;0;1;1;16;1
202200033213;754 728;33;0;2;7;1;1
202200033213;754 729;7;0;2;3;9;1
202200033214;754 726;7;0;1;2;1;1
202200033215;754 725;33;1;0;1;13;1
202200033216;754 723;7;0;1;4;26;1
202200033217;754 722;14;0;2;3;22;1
202200033217;754 724;50;1;0;3;3;3
202200033218;754 721;30;0;1;0;0;0
202200033219;754 720;33;3;0;2;1;1
202200033220;754 717;7;0;2;1;1;0
202200033220;754 719;1;0;2;2;19;5
202200033221;754 715;7;0;2;1;26;1
202200033221;754 718;1;0;2;1;16;5
202200033222;754 716;31;12;0;7;1;1
202200033223;754 713;7;8;0;2;21;1
202200033224;754 712;37;0;1;2;7;1
202200033225;754 711;7;0;2;3;1;1
202200033225;754 714;7;0;2;3;13;2
202200033226;754 710;33;0;2;0;1;1
202200033227;754 707;7;6;2;1;2;1
202200033227;754 708;7;0;2;5;2;1
202200033228;754 706;7;0;2;9;0;1
202200033228;754 709;7;0;2;9;2;1
202200033229;754 705;7;6;0;1;21;1
202200033230;754 700;7;0;2;3;9;1
202200033230;754 704;1;0;2;2;1;5
202200033231;754 699;2;0;2;0;1;1
202200033231;754 702;10;0;2;3;15;1
202200033232;754 698;10;0;2;2;12;1
202200033232;754 701;15;0;2;6;1;1
202200033232;754 703;7;4;2;2;1;2
202200033233;754 694;7;13;0;2;0;1
202200033234;754 695;10;0;2;2;16;1
202200033234;754 697;1;0;2;1;1;5
202200033235;754 690;10;0;9;3;15;1
202200033235;754 692;1;0;2;0;0;5
202200033236;754 693;7;0;1;3;1;1
202200033237;754 689;34;0;2;1;26;0
202200033237;754 691;15;0;2;4;1;1
202200033238;754 688;31;0;0;0;26;1
202200033239;754 685;7;0;2;1;1;1
202200033239;754 686;7;0;2;1;1;1
202200033240;754 684;32;0;2;1;17;1
202200033240;754 687;7;0;2;3;15;1
202200033241;754 682;33;15;0;1;17;1
202200033242;754 683;33;0;0;7;16;1
202200033243;754 678;7;0;2;2;13;1
202200033243;754 681;7;0;2;1;1;1
202200033244;754 677;99;0;2;2;1;1
202200033244;754 679;99;0;2;2;1;1
202200033245;754 676;99;0;2;7;1;3
202200033245;754 680;7;0;2;1;1;1
202200033246;754 674;7;0;2;8;1;1
202200033246;754 675;7;8;2;3;26;1
202200033247;754 672;2;0;0;1;21;1
202200033248;754 671;2;0;2;7;1;1
202200033248;754 673;7;0;2;1;9;1
202200033249;754 669;30;0;2;1;2;1
202200033249;754 670;7;0;2;4;2;1
202200033250;754 668;7;0;0;9;1;1
202200033251;754 663;33;0;2;1;1;1
202200033251;754 665;7;0;2;2;1;1
202200033252;754 666;43;0;2;7;17;1
202200033252;754 667;50;0;2;8;15;3
202200033253;754 660;7;2;0;1;0;1
202200033254;754 661;7;0;2;4;2;1
202200033254;754 662;7;0;2;5;2;1
202200033254;754 664;7;0;2;1;2;1
202200033255;754 659;10;0;1;4;4;1
202200033256;754 655;2;0;2;3;1;1
202200033256;754 657;7;0;2;2;15;1
202200033257;754 656;7;0;1;0;0;0
202200033258;754 654;7;0;2;2;21;1
202200033258;754 658;7;1;2;2;24;1
202200033259;754 652;10;0;1;4;4;3
202200033260;754 651;33;0;2;2;1;1
202200033260;754 653;7;0;9;3;10;1
202200033261;754 650;7;9;0;1;15;1
202200033262;754 647;7;0;2;3;15;1
202200033262;754 649;1;0;2;8;1;5
202200033263;754 646;60;0;2;1;0;5
202200033263;754 648;7;0;9;7;26;1
202200033264;754 643;21;0;2;6;2;1
202200033264;754 644;7;0;2;2;2;2
202200033265;754 642;3;0;2;8;1;1
202200033265;754 645;7;0;2;1;0;1
202200033266;754 640;30;0;2;7;1;1
202200033266;754 641;7;0;2;1;26;1
202200033267;754 638;7;0;2;3;15;0
202200033267;754 639;33;0;0;3;1;1
202200033268;754 636;7;0;2;3;1;1
202200033268;754 637;7;0;2;3;1;1
202200033269;754 633;7;0;2;3;17;1
202200033269;754 634;30;0;2;1;1;1
202200033270;754 635;33;0;0;0;26;1
202200033271;754 632;30;0;0;7;1;1
202200033272;754 629;2;0;2;1;1;1
202200033272;754 630;7;0;2;2;15;1
202200033273;754 628;7;0;9;5;9;1
202200033273;754 631;1;0;2;1;1;5
202200033274;754 627;7;15;0;3;1;1
202200033275;754 625;7;0;0;3;1;1
202200033275;754 626;50;0;0;7;1;3
202200033276;754 624;80;8;0;0;0;3
202200033277;754 619;17;0;0;5;2;1
202200033277;754 621;7;0;2;1;2;1
202200033278;754 620;1;0;2;8;19;5
202200033278;754 623;7;0;2;2;1;1
202200033279;754 618;37;0;2;1;1;1
202200033279;754 622;7;0;2;1;13;1
202200033280;754 617;7;10;0;3;1;1
202200033281;754 616;7;7;0;3;1;1
202200033282;754 614;1;0;2;2;1;5
202200033282;754 615;7;0;2;3;16;1
202200033283;754 611;7;0;2;3;15;1
202200033283;754 613;31;0;2;1;0;1
202200033284;754 610;10;0;2;4;23;1
202200033284;754 612;33;0;2;1;1;0
202200033285;754 608;7;0;0;0;13;1
202200033286;754 607;7;0;2;3;9;1
202200033286;754 609;80;0;2;1;1;3
202200033287;754 605;7;0;1;2;1;1
202200033288;754 604;7;0;2;5;15;0
202200033288;754 606;34;0;2;1;1;1
202200033289;754 603;7;0;1;2;1;1
202200033290;754 602;7;13;1;1;1;1
202200033291;754 597;7;0;2;7;15;1
202200033291;754 600;7;0;2;1;1;1
202200033292;754 596;10;0;2;3;13;1
202200033292;754 599;7;0;2;3;1;1
202200033293;754 595;7;0;1;1;1;1
202200033294;754 591;7;0;2;1;2;1
202200033294;754 593;7;0;2;2;2;1
202200033295;754 589;31;0;2;1;17;1
202200033295;754 590;7;0;2;3;9;1
202200033296;754 586;7;0;2;4;9;1
202200033296;754 588;7;0;2;1;1;1
202200033297;754 581;7;6;0;3;19;1
202200033298;754 583;7;0;2;1;2;1
202200033298;754 585;7;0;2;4;2;1
202200033298;754 587;7;0;0;4;23;1
202200033299;754 582;7;0;2;0;10;0
202200033299;754 584;33;0;2;8;1;1
202200033300;754 579;7;0;2;3;17;2
202200033300;754 580;33;0;0;3;1;1
202200033301;754 578;7;0;1;8;15;1
202200033302;754 577;7;0;1;2;1;1
202200033303;754 576;7;13;0;2;1;1
202200033304;754 575;7;15;0;1;26;1
202200033305;754 572;7;0;1;1;1;1
202200033306;754 573;7;0;2;3;15;1
202200033306;754 574;34;0;2;1;1;1
202200033307;754 568;37;0;2;3;1;1
202200033307;754 571;7;0;2;5;14;1
202200033308;754 567;30;0;2;1;1;1
202200033308;754 569;7;0;2;2;15;1
202200033309;754 565;10;0;2;1;2;1
202200033309;754 566;7;0;2;4;2;1
202200033310;754 563;1;0;2;1;1;5
202200033310;754 564;7;0;2;3;15;1
202200033311;754 561;7;0;2;1;2;1
202200033312;754 558;7;0;2;1;1;1
202200033312;754 560;7;0;2;3;1;1
202200033312;754 562;7;0;2;5;15;1
202200033313;754 556;14;0;2;1;2;1
202200033313;754 557;7;0;2;4;2;1
202200033314;754 555;50;0;2;1;15;3
202200033314;754 559;7;0;2;1;2;1
202200033315;754 553;7;0;1;2;1;1
202200033316;754 551;7;9;0;3;1;1
202200033317;754 547;7;0;2;1;2;1
202200033317;754 549;7;0;2;4;2;1
202200033317;754 550;10;0;2;4;0;1
202200033317;754 552;7;0;2;0;0;1
202200033317;754 554;10;0;2;4;0;0
202200033318;754 546;7;0;2;4;1;1
202200033318;754 548;1;0;2;1;1;5
202200033319;754 545;7;0;1;1;2;1
202200033320;754 540;7;0;2;1;2;1
202200033320;754 541;7;0;2;4;2;1
202200033321;754 542;7;13;0;9;26;1
202200033322;754 539;14;0;2;3;13;0
202200033322;754 543;7;0;2;5;1;1
202200033322;754 544;7;0;2;7;1;0
202200033323;754 536;33;0;2;8;1;1
202200033323;754 538;7;0;2;2;12;1
202200033324;754 534;10;0;2;5;1;1
202200033324;754 537;33;0;2;3;13;1
202200033325;754 530;10;7;0;1;13;1
202200033326;754 529;7;3;2;1;9;1
202200033326;754 532;17;3;2;1;2;1
202200033326;754 533;7;3;2;1;2;1
202200033326;754 535;7;3;2;5;2;2
202200033327;754 528;30;0;2;1;1;1
202200033327;754 531;43;0;2;1;1;1
202200033328;754 526;7;0;1;0;1;1
202200033329;754 525;10;0;2;1;26;1
202200033329;754 527;7;0;2;4;0;1
202200033330;754 524;30;0;1;0;7;1
202200033331;754 522;33;0;0;0;3;1
202200033332;754 523;43;8;0;1;1;1
202200033333;754 521;80;0;1;1;5;3
202200033334;754 518;10;4;0;4;23;1
202200033334;754 520;15;1;0;1;1;1
202200033335;754 519;1;0;0;0;1;5
202200033336;754 517;7;0;1;1;1;1
202200033337;754 515;7;0;1;1;1;1
202200033338;754 514;10;0;2;2;1;1
202200033338;754 516;33;0;2;1;1;1
202200033339;754 512;7;1;0;2;14;1
202200033339;754 513;7;0;2;6;24;1
202200033340;754 510;7;0;2;5;4;1
202200033340;754 511;32;0;2;1;23;1
202200033341;754 508;7;0;1;0;25;0
202200033342;754 507;7;0;2;3;1;1
202200033342;754 509;7;0;2;2;1;1
202200033343;754 502;1;0;2;1;5;5
202200033343;754 504;7;0;2;2;1;1
202200033344;754 503;43;0;2;3;2;1
202200033344;754 506;7;0;2;4;2;1
202200033345;754 505;7;0;1;3;1;1
202200033346;754 500;10;0;0;0;0;1
202200033346;754 501;1;0;2;8;2;5
202200033347;754 498;7;0;2;1;14;1
202200033347;754 499;32;0;2;8;18;1
202200033348;754 497;50;0;1;1;1;3
202200033349;754 496;15;6;0;1;9;1
202200033350;754 490;7;0;2;1;2;1
202200033350;754 493;7;0;2;9;23;2
202200033350;754 495;7;0;2;4;23;2
202200033351;754 489;10;0;2;2;15;1
202200033351;754 491;1;0;2;8;1;5
202200033352;754 492;7;0;2;5;16;1
202200033352;754 494;32;0;2;1;18;1
202200033353;754 487;7;6;0;1;9;1
202200033354;754 486;7;0;2;4;11;1
202200033354;754 488;33;0;2;1;1;1
202200033355;754 484;7;12;0;2;17;1
202200033356;754 483;7;0;2;6;23;2
202200033356;754 485;33;0;2;1;2;1
202200033357;754 481;1;0;2;1;1;5
202200033357;754 482;10;0;2;6;4;1
202200033358;754 478;30;9;0;0;1;3
202200033359;754 479;50;0;2;1;1;3
202200033359;754 480;10;0;2;3;15;1
202200033360;754 477;7;0;1;0;20;2
202200033361;754 475;7;0;2;1;2;1
202200033361;754 476;7;0;2;4;2;1
202200033362;754 474;7;15;1;1;19;1
202200033363;754 472;7;0;2;2;15;1
202200033363;754 473;7;0;2;8;1;1
202200033364;754 471;7;2;0;1;13;1
202200033365;754 470;50;0;1;1;1;3
202200033366;754 466;7;0;2;1;1;1
202200033366;754 468;7;0;2;3;19;3
202200033367;754 467;7;0;1;1;10;1
202200033368;754 465;10;0;2;4;2;3
202200033368;754 469;1;0;2;1;2;5
202200033369;754 463;30;0;2;7;1;3
202200033369;754 464;7;0;2;2;9;1
202200033370;754 460;7;0;2;1;1;1
202200033370;754 462;7;0;2;3;9;1
202200033371;754 459;10;0;2;3;22;1
202200033371;754 461;1;0;2;2;1;5
202200033372;754 457;7;0;0;4;2;0
202200033372;754 458;10;0;2;1;2;1
202200033373;754 455;30;0;0;0;1;1
202200033374;754 456;31;0;1;7;3;1
202200033375;754 452;30;0;2;4;15;3
202200033375;754 454;34;0;2;1;26;1
202200033376;754 450;7;1;1;1;2;1
202200033377;754 451;34;0;2;1;15;1
202200033377;754 453;7;0;2;2;1;1
202200033378;754 449;7;0;1;2;1;1
202200033379;754 448;43;0;0;6;20;1
202200033380;754 447;80;0;1;1;25;3
202200033381;754 445;7;0;2;6;19;1
202200033381;754 446;7;0;2;1;0;1
202200033382;754 441;37;0;1;2;16;1
202200033383;754 442;7;0;2;1;1;1
202200033383;754 444;7;0;2;7;15;2
202200033384;754 443;1;0;1;1;1;5
202200033385;754 438;7;0;2;6;1;1
202200033385;754 440;15;0;2;2;14;1
202200033386;754 439;2;13;0;2;2;1
202200033387;754 436;30;0;2;5;1;1
202200033387;754 437;80;0;2;1;16;3
202200033388;754 435;7;0;1;0;1;0
202200033389;754 433;2;0;2;1;5;1
202200033389;754 434;7;0;2;1;21;1
202200033390;754 430;33;0;0;0;0;1
202200033391;754 429;32;0;2;1;1;1
202200033391;754 432;30;0;2;5;1;3
202200033392;754 428;30;0;2;1;1;1
202200033392;754 431;10;0;2;4;23;1
202200033393;754 427;7;2;0;2;13;1
202200033394;754 424;7;0;2;3;9;1
202200033394;754 426;7;0;2;3;9;1
202200033395;754 425;7;8;0;1;1;1
202200033396;754 421;1;0;2;0;1;5
202200033396;754 422;7;0;2;0;15;1
202200033397;754 419;7;0;2;3;10;1
202200033397;754 420;30;0;2;2;1;1
202200033398;754 416;7;0;2;1;9;1
202200033398;754 418;33;0;2;9;1;1
202200033399;754 415;1;12;0;0;13;5
202200033400;754 414;17;0;0;4;1;1
202200033400;754 417;10;3;2;1;21;1
202200033401;754 411;1;0;2;1;1;5
202200033401;754 413;10;0;9;3;9;1
202200033402;754 410;1;0;2;7;1;5
202200033402;754 412;7;0;2;8;1;1
202200033403;754 406;7;0;2;3;15;1
202200033403;754 408;2;0;2;1;1;1
202200033404;754 403;7;0;2;0;16;0
202200033404;754 405;30;0;2;6;7;3
202200033405;754 400;7;0;2;1;1;1
202200033405;754 402;7;0;2;6;19;1
202200033406;754 397;1;0;2;4;13;5
202200033406;754 399;43;0;2;1;1;1
202200033407;754 396;7;0;2;1;1;1
202200033407;754 398;7;0;2;1;2;1
202200033407;754 401;7;0;0;4;1;1
202200033407;754 404;7;0;0;4;1;1
202200033407;754 407;7;0;2;5;1;1
202200033407;754 409;7;0;0;6;1;1
202200033408;754 394;7;0;1;1;1;1
202200033409;754 393;7;0;2;0;15;1
202200033409;754 395;30;0;2;0;1;1
202200033410;754 391;7;0;0;3;1;1
202200033410;754 392;7;0;0;3;1;1
202200033411;754 387;33;8;2;1;1;6
202200033411;754 390;7;8;0;8;15;6
202200033412;754 385;7;0;2;1;13;1
202200033412;754 388;7;0;2;8;2;1
202200033412;754 389;7;0;2;1;1;0
202200033413;754 384;33;0;2;3;1;1
202200033413;754 386;7;0;2;3;1;1
202200033414;754 381;7;0;2;1;1;1
202200033414;754 383;1;0;2;1;15;5
202200033415;754 382;7;0;1;1;0;1
202200033416;754 380;33;7;0;1;1;1
202200033417;754 379;7;0;1;1;1;1
202200033418;754 377;10;0;1;1;15;3
202200033419;754 378;7;3;0;7;1;1
202200033420;754 376;7;0;1;2;1;1
202200033421;754 374;33;0;1;0;1;1
202200033422;754 373;7;0;2;5;15;1
202200033422;754 375;31;0;2;1;1;1
202200033423;754 372;7;5;0;4;13;1
202200033424;754 369;50;0;2;2;1;3
202200033424;754 371;7;0;2;2;15;1
202200033425;754 367;1;0;0;8;1;5
202200033425;754 370;10;0;2;2;15;1
202200033426;754 366;2;0;2;1;1;1
202200033426;754 368;7;0;9;7;26;1
202200033427;754 364;7;13;0;1;14;1
202200033428;754 363;7;1;0;0;0;1
202200033428;754 365;7;0;2;1;24;1
202200033429;754 362;7;6;0;1;1;1
202200033430;754 359;7;0;2;8;9;1
202200033430;754 361;50;0;2;1;1;3
202200033431;754 357;33;0;2;1;2;1
202200033431;754 360;7;0;2;4;2;1
202200033432;754 358;7;0;1;1;15;1
202200033433;754 355;1;0;2;1;1;5
202200033433;754 356;7;0;9;5;16;1
202200033434;754 353;7;0;1;1;15;1
202200033435;754 354;7;15;0;1;1;1
202200033436;754 351;1;0;2;8;2;5
202200033436;754 352;1;0;0;7;2;5
202200033437;754 349;7;6;0;2;1;1
202200033438;754 346;30;0;2;3;1;1
202200033438;754 347;17;0;2;5;17;1
202200033439;754 348;40;0;2;1;1;3
202200033439;754 350;7;0;4;1;1;1
202200033440;754 345;7;6;0;3;0;1
202200033441;754 343;80;0;2;9;19;3
202200033441;754 344;7;0;2;5;1;3
202200033442;754 340;7;0;2;2;15;1
202200033442;754 341;43;0;2;1;1;1
202200033443;754 339;7;0;1;0;2;1
202200033444;754 338;7;0;2;3;1;1
202200033444;754 342;7;0;2;8;19;1
202200033445;754 336;40;0;1;2;1;3
202200033446;754 335;7;0;2;1;17;1
202200033446;754 337;15;0;2;1;1;1
202200033447;754 331;7;1;0;4;24;1
202200033447;754 333;10;0;2;1;14;1
202200033448;754 332;7;0;2;1;2;1
202200033448;754 334;10;0;2;4;2;1
202200033449;754 330;7;10;0;3;13;1
202200033450;754 327;34;0;2;1;1;1
202200033450;754 329;7;0;2;7;1;1
202200033451;754 326;7;15;4;7;0;1
202200033451;754 328;39;0;2;1;1;0
202200033452;754 322;7;0;2;3;9;0
202200033452;754 324;1;0;2;0;2;5
202200033453;754 321;7;0;2;3;1;1
202200033453;754 325;7;0;2;5;16;1
202200033454;754 320;7;0;0;3;1;1
202200033454;754 323;33;0;2;2;17;1
202200033455;754 319;7;0;1;3;0;0
202200033456;754 317;7;0;1;3;1;1
202200033457;754 315;15;14;0;3;1;1
202200033457;754 316;7;0;2;4;2;1
202200033457;754 318;7;0;2;6;1;1
202200033458;754 311;33;0;2;1;21;1
202200033458;754 313;10;0;0;6;1;1
202200033458;754 314;33;0;0;7;1;1
202200033459;754 310;7;0;1;6;1;1
202200033459;754 312;7;0;2;2;17;1
202200033460;754 309;7;0;1;1;26;0
202200033461;754 307;2;0;2;8;15;1
202200033461;754 308;7;0;2;1;19;1
202200033462;754 305;7;0;2;3;13;1
202200033462;754 306;2;0;2;1;17;1
202200033463;754 303;7;0;2;2;1;1
202200033463;754 304;2;0;2;3;16;1
202200033464;754 302;10;0;1;2;1;1
202200033465;754 300;7;2;2;3;21;1
202200033465;754 301;1;0;2;3;13;5
202200033466;754 298;43;9;2;3;2;6
202200033466;754 299;34;9;2;3;2;6
202200033467;754 297;7;2;0;3;1;1
202200033468;754 296;7;9;0;1;15;2
202200033469;754 295;7;0;0;9;0;1
202200033470;754 294;7;0;1;6;20;2
202200033471;754 293;10;0;1;2;1;1
202200033472;754 291;7;0;9;2;20;1
202200033472;754 292;80;0;2;2;5;3
202200033473;754 289;7;1;0;2;10;1
202200033474;754 286;1;0;2;7;19;5
202200033474;754 288;7;0;2;1;1;1
202200033475;754 285;7;0;2;2;17;1
202200033475;754 287;7;0;2;3;15;1
202200033476;754 284;1;2;0;0;1;5
202200033477;754 283;36;15;0;2;15;1
202200033478;754 281;43;9;2;3;5;1
202200033478;754 282;30;2;2;1;1;1
202200033479;754 280;7;2;0;1;0;1
202200033480;754 278;2;0;2;1;2;1
202200033480;754 279;3;0;2;3;16;1
202200033481;754 276;7;0;2;3;21;1
202200033481;754 277;7;0;2;3;13;1
202200033482;754 273;33;0;0;8;1;1
202200033483;754 274;7;0;2;1;1;1
202200033483;754 275;33;0;2;4;1;1
202200033484;754 271;32;1;0;1;17;1
202200033484;754 272;10;0;2;4;23;1
202200033485;754 270;7;13;0;1;21;1
202200033486;754 268;7;6;0;1;1;1
202200033487;754 267;0;0;2;7;0;0
202200033487;754 269;34;0;2;1;0;1
202200033488;754 262;7;0;9;2;16;1
202200033488;754 264;1;0;2;3;16;5
202200033489;754 263;7;0;2;1;1;1
202200033489;754 265;2;0;2;8;1;1
202200033489;754 266;33;0;2;1;13;1
202200033490;754 260;7;0;2;3;26;1
202200033490;754 261;2;0;2;2;1;1
202200033491;754 258;10;0;2;1;2;0
202200033491;754 259;7;0;2;4;2;1
202200033492;754 256;33;0;2;8;13;1
202200033492;754 257;7;0;2;7;14;1
202200033493;754 251;33;0;0;7;1;1
202200033494;754 248;7;2;0;1;21;1
202200033495;754 249;17;0;2;1;1;1
202200033495;754 250;17;0;2;1;1;1
202200033495;754 252;14;0;0;4;1;1
202200033495;754 253;17;0;2;1;1;1
202200033495;754 254;17;0;0;4;1;1
202200033495;754 255;17;0;0;4;1;1
202200033496;754 246;7;0;2;1;1;1
202200033496;754 247;7;3;2;7;19;1
202200033497;754 243;50;0;2;1;5;3
202200033497;754 244;7;0;9;1;1;1
202200033498;754 242;7;0;0;6;1;1
202200033498;754 245;7;3;2;1;14;1
202200033499;754 241;7;2;0;1;19;1
202200033500;754 238;7;0;2;1;1;1
202200033500;754 240;7;7;2;5;1;1
202200033501;754 237;7;0;2;1;13;1
202200033501;754 239;10;0;2;1;1;1
202200033502;754 236;1;0;0;0;1;5
202200033503;754 235;31;3;0;7;1;1
202200033504;754 230;21;0;2;3;21;1
202200033504;754 232;10;0;2;3;13;1
202200033505;754 231;10;0;0;0;17;1
202200033505;754 233;7;0;2;7;21;1
202200033505;754 234;10;0;2;1;1;1
202200033506;754 227;7;0;2;2;15;1
202200033506;754 228;34;0;2;1;1;1
202200033507;754 226;7;0;2;1;9;1
202200033507;754 229;34;0;2;7;1;1
202200033508;754 225;7;0;0;2;1;1
202200033509;754 224;7;17;0;3;1;1
202200033510;754 223;33;0;0;0;1;1
202200033511;754 222;7;2;0;1;21;1
202200033512;754 219;7;0;2;4;2;1
202200033512;754 221;33;0;2;1;2;1
202200033513;754 220;80;0;0;1;1;3
202200033514;754 216;99;0;2;3;1;0
202200033514;754 218;33;0;2;1;13;1
202200033515;754 215;32;0;2;1;13;1
202200033515;754 217;7;0;2;3;1;1
202200033516;754 214;7;13;0;1;1;1
202200033517;754 213;7;13;0;3;1;1
202200033518;754 211;7;0;2;8;15;1
202200033518;754 212;33;0;2;2;17;1
202200033519;754 210;2;9;0;8;25;1
202200033520;754 209;31;0;0;8;24;1
202200033521;754 207;21;0;2;3;15;1
202200033521;754 208;7;0;2;7;1;1
202200033522;754 205;7;0;2;7;17;3
202200033522;754 206;13;0;2;2;1;0
202200033523;754 204;33;0;0;1;1;1
202200033524;754 201;7;0;2;3;1;1
202200033524;754 202;34;0;2;3;17;1
202200033525;754 200;33;0;2;1;15;1
202200033525;754 203;7;0;2;8;1;1
202200033526;754 199;7;6;0;2;1;1
202200033527;754 198;36;6;0;1;0;1
202200033528;754 196;7;0;2;8;15;1
202200033528;754 197;33;0;2;2;17;1
202200033529;754 195;7;16;0;9;1;1
202200033530;754 194;7;2;0;6;1;3
202200033531;754 193;7;12;0;1;1;1
202200033532;754 191;20;0;2;2;15;1
202200033532;754 192;7;0;9;3;1;1
202200033533;754 188;7;0;2;4;15;1
202200033533;754 190;7;0;2;1;21;1
202200033534;754 187;2;0;2;1;21;1
202200033534;754 189;7;0;2;5;23;1
202200033535;754 185;7;0;2;8;15;1
202200033535;754 186;33;0;2;1;17;1
202200033536;754 184;7;13;0;1;1;1
202200033537;754 183;33;7;0;1;6;1
202200033538;754 180;1;0;2;1;5;5
202200033538;754 181;7;0;2;3;1;1
202200033539;754 178;7;16;0;9;12;1
202200033540;754 177;7;1;0;3;1;1
202200033541;754 175;0;0;2;1;0;
202200033541;754 176;7;0;2;4;1;2
202200033542;754 172;7;0;2;1;1;2
202200033542;754 174;7;0;2;8;1;1
202200033543;754 171;7;0;2;8;19;1
202200033543;754 173;7;0;2;8;1;1
202200033544;754 169;30;0;2;1;1;1