Num_Acc;id_vehicule;categorie_vehicule;obstacle_fixe;obstacle_mobile;point_choc_initial;manoeuvre_principale;motorisation
202200033544;754 170;7;0;2;2;15;1
202200033545;754 165;0;0;1;0;2;0
202200033546;754 164;7;0;2;7;12;1
202200033546;754 166;31;0;2;3;3;1
202200033546;754 167;7;0;2;4;1;2
202200033546;754 168;7;0;2;3;1;1
202200033547;754 163;31;11;0;1;0;1
202200033548;754 162;33;4;0;1;2;1
202200033549;754 161;7;10;0;2;1;1
202200033550;754 159;7;13;0;1;1;1
202200033551;754 158;7;3;2;2;1;1
202200033551;754 160;7;3;2;3;13;1
202200033552;754 155;10;0;2;2;1;1
202200033552;754 157;2;0;2;1;15;1
202200033553;754 154;7;0;2;3;1;1
202200033553;754 156;7;0;2;1;2;1
202200033554;754 153;7;15;0;1;1;1
202200033555;754 150;17;0;2;2;1;1
202200033555;754 151;10;0;2;1;5;1
202200033556;754 148;7;0;2;4;2;1
202200033556;754 152;7;0;2;1;2;1
202200033557;754 147;33;0;2;1;18;1
202200033557;754 149;7;0;9;5;23;1
202200033558;754 143;7;0;2;3;0;1
202200033558;754 146;31;0;2;1;3;1
202200033559;754 142;7;0;2;2;1;1
202200033559;754 144;33;0;2;4;23;1
202200033559;754 145;7;0;0;4;23;1
202200033560;754 140;33;0;0;7;21;1
202200033561;754 139;7;0;2;4;1;1
202200033561;754 141;10;0;2;1;1;1
202200033562;754 136;7;0;0;1;1;1
202200033563;754 135;7;0;2;1;2;1
202200033563;754 137;7;0;2;4;2;1
202200033563;754 138;7;0;2;4;23;1
202200033564;754 133;7;0;2;1;13;1
202200033564;754 134;10;0;2;2;2;0
202200033565;754 130;33;5;0;1;14;1
202200033566;754 131;7;0;2;8;1;1
202200033566;754 132;7;4;2;7;17;1
202200033567;754 128;7;0;1;1;1;1
202200033568;754 127;1;0;2;3;1;5
202200033568;754 129;7;0;9;3;17;1
202200033569;754 125;33;13;0;1;14;1
202200033570;754 126;50;0;2;2;1;3
202200033571;754 124;7;0;1;1;1;1
202200033572;754 123;7;0;1;8;1;1
202200033573;754 120;7;3;2;3;1;1
202200033573;754 122;7;0;2;3;1;1
202200033574;754 119;7;1;0;2;14;1
202200033574;754 121;10;0;2;6;24;1
202200033575;754 116;2;0;2;1;1;1
202200033575;754 117;7;0;2;1;15;1
202200033576;754 118;7;2;0;1;1;1
202200033577;754 113;7;0;2;7;17;1
202200033577;754 115;7;0;2;3;13;1
202200033578;754 111;2;0;0;0;0;1
202200033579;754 112;7;0;2;3;1;1
202200033579;754 114;7;0;2;3;5;1
202200033580;754 109;7;0;2;5;0;1
202200033580;754 110;7;0;2;1;1;1
202200033581;754 107;7;0;2;3;11;1
202200033581;754 108;33;0;2;7;1;
202200033582;754 105;2;0;2;2;1;3
202200033582;754 106;7;0;2;6;1;1
202200033583;754 101;7;0;2;7;16;1
202200033583;754 102;60;0;2;1;1;5
202200033584;754 099;7;0;2;6;9;1
202200033584;754 100;33;0;2;1;1;1
202200033585;754 094;7;0;2;3;15;1
202200033585;754 095;33;0;2;1;1;1
202200033586;754 093;7;0;1;4;4;1
202200033587;754 091;2;0;2;1;2;1
202200033587;754 092;7;0;2;4;23;1
202200033588;754 088;7;0;2;1;2;1
202200033588;754 089;7;0;2;4;1;1
202200033588;754 090;3;0;2;4;2;1
202200033589;754 087;7;0;1;2;1;1
202200033590;754 086;7;0;0;1;2;1
202200033591;754 084;7;0;2;2;18;1
202200033591;754 085;7;0;2;2;18;1
202200033592;754 082;31;0;2;1;1;1
202200033592;754 083;7;0;2;7;15;1
202200033593;754 081;7;16;0;9;16;1
202200033594;754 079;32;0;2;4;2;1
202200033594;754 080;7;0;2;2;2;1
202200033595;754 078;7;0;1;3;1;1
202200033596;754 077;7;5;0;9;1;1
202200033597;754 075;7;8;2;8;15;1
202200033597;754 076;7;8;0;1;1;1
202200033598;754 073;7;0;2;3;15;1
202200033598;754 074;31;0;2;1;1;1
202200033599;754 070;7;0;2;1;2;1
202200033599;754 071;7;0;2;8;23;1
202200033599;754 072;7;0;2;8;9;1
202200033600;754 068;50;0;2;1;19;3
202200033600;754 069;7;0;2;1;1;1
202200033601;754 066;10;0;2;3;0;0
202200033601;754 067;50;0;2;8;19;3
202200033602;754 064;7;0;2;4;2;1
202200033602;754 065;7;0;2;1;2;1
202200033603;754 060;7;0;2;5;15;0
202200033603;754 061;2;0;2;1;1;1
202200033604;754 058;43;0;0;3;16;1
202200033604;754 059;7;0;0;1;9;1
202200033605;754 057;34;0;0;1;1;1
202200033606;754 056;7;0;1;2;26;1
202200033607;754 053;7;14;2;1;26;1
202200033607;754 054;7;0;2;4;1;1
202200033607;754 055;7;16;0;4;15;1
202200033608;754 052;7;9;0;1;19;1
202200033609;754 048;2;0;2;1;5;1
202200033609;754 049;7;0;2;2;21;1
202200033610;754 046;7;0;2;2;12;1
202200033610;754 047;7;0;2;8;1;1
202200033611;754 044;7;0;2;1;0;1
202200033611;754 045;34;0;2;1;1;1
202200033612;754 042;50;0;2;4;1;3
202200033612;754 043;7;0;2;0;0;1
202200033613;754 040;7;0;2;7;16;1
202200033613;754 041;2;0;2;2;1;1
202200033614;754 039;43;12;0;2;14;1
202200033615;754 038;31;0;0;0;1;1
202200033616;754 036;31;0;2;7;12;1
202200033616;754 037;7;0;2;8;1;1
202200033617;754 033;7;0;2;0;12;0
202200033617;754 034;7;6;2;8;2;1
202200033617;754 035;7;0;2;7;2;1
202200033618;754 031;33;0;2;2;3;1
202200033618;754 032;7;0;2;3;11;1
202200033619;754 029;34;0;2;8;1;1
202200033619;754 030;7;0;2;5;12;1
202200033620;754 027;7;0;2;7;12;0
202200033620;754 028;33;0;2;8;3;1
202200033621;754 024;15;0;2;2;2;1
202200033621;754 025;10;0;2;6;11;1
202200033621;754 026;7;0;2;8;2;1
202200033622;754 022;7;0;2;8;20;1
202200033622;754 023;30;0;2;7;17;1
202200033623;754 020;1;0;2;3;1;5
202200033623;754 021;37;0;2;2;15;3
202200033624;754 019;1;0;1;1;1;5
202200033625;754 017;1;0;2;1;1;5
202200033625;754 018;1;0;2;4;1;5
202200033626;754 015;7;0;2;4;9;2
202200033626;754 016;50;0;2;1;1;3
202200033627;754 014;7;0;1;6;20;1
202200033628;754 012;7;0;2;3;15;1
202200033628;754 013;1;0;2;1;1;5
202200033629;754 010;34;0;2;1;1;1
202200033629;754 011;7;0;2;3;1;2
202200033630;754 008;7;0;2;1;23;1
202200033630;754 009;33;0;2;1;1;1
202200033631;754 007;7;0;1;2;1;2
202200033632;754 006;30;8;0;1;1;3
202200033633;754 005;3;6;0;2;1;0
202200033634;754 004;7;0;1;3;16;1
202200033635;754 002;2;0;2;1;1;1
202200033635;754 003;10;0;2;1;1;1
202200033636;754 000;32;0;2;1;1;1
202200033636;754 001;1;0;2;7;1;5
202200033637;753 999;7;0;1;1;15;2
202200033638;753 997;7;0;9;3;1;1
202200033638;753 998;7;0;2;1;13;1
202200033639;753 995;7;0;2;6;26;2
202200033639;753 996;1;0;2;0;0;5
202200033640;753 994;7;2;0;1;14;1
202200033641;753 992;2;0;2;1;2;1
202200033641;753 993;2;0;0;6;15;1
202200033642;753 991;1;0;0;0;1;5
202200033643;753 989;7;0;2;1;1;1
202200033643;753 990;21;0;0;4;15;1
202200033644;753 987;10;0;2;1;26;1
202200033644;753 988;1;0;2;4;1;5
202200033645;753 986;2;8;0;2;1;1
202200033646;753 984;7;0;2;3;0;2
202200033646;753 985;7;0;2;3;0;1
202200033647;753 983;7;15;0;1;1;1
202200033648;753 981;31;0;2;1;1;1
202200033648;753 982;7;0;2;1;13;1
202200033649;753 979;99;0;0;8;9;6
202200033649;753 980;7;0;5;1;1;1
202200033650;753 976;7;6;0;1;5;1
202200033651;753 975;7;6;0;3;13;1
202200033652;753 974;1;0;0;0;23;5
202200033653;753 973;10;0;0;1;1;1
202200033654;753 972;7;6;0;1;0;1
202200033655;753 971;7;0;1;2;1;1
202200033656;753 970;2;0;0;0;0;1
202200033657;753 969;7;13;0;0;1;1
202200033658;753 967;7;0;2;3;1;1
202200033658;753 968;7;0;2;3;17;1
202200033659;753 964;36;0;2;3;1;1
202200033659;753 965;7;0;2;8;1;1
202200033660;753 962;7;0;2;1;1;1
202200033660;753 963;7;0;2;3;13;1
202200033661;753 961;7;2;0;1;1;1
202200033662;753 959;1;0;0;4;1;5
202200033662;753 960;7;0;2;2;1;1
202200033663;753 957;7;0;2;1;1;1
202200033663;753 958;31;0;2;1;15;1
202200033664;753 955;7;0;2;2;1;1
202200033664;753 956;7;0;2;1;17;1
202200033665;753 954;7;2;0;8;13;1
202200033666;753 953;3;15;0;3;13;1
202200033667;753 952;7;6;0;1;1;1
202200033668;753 950;2;0;2;1;1;1
202200033668;753 951;2;0;2;2;10;1
202200033669;753 949;7;0;1;3;1;1
202200033670;753 947;7;0;2;6;15;1
202200033670;753 948;33;0;2;2;17;1
202200033671;753 945;7;0;2;3;1;1
202200033671;753 946;7;0;2;3;13;0
202200033672;753 944;7;13;0;0;13;1
202200033673;753 942;1;0;0;4;2;5
202200033673;753 943;7;0;9;2;2;0
202200033674;753 939;2;0;0;0;1;1
202200033675;753 937;1;0;2;8;15;5
202200033675;753 938;7;0;9;2;17;1
202200033676;753 935;2;0;2;1;1;1
202200033676;753 936;7;0;2;1;5;1
202200033677;753 933;7;0;0;1;1;1
202200033677;753 934;7;0;0;3;19;1
202200033678;753 931;1;0;2;8;2;5
202200033678;753 932;7;0;2;5;17;1
202200033679;753 928;7;0;0;3;13;1
202200033679;753 929;7;0;0;3;1;1
202200033679;753 930;7;0;0;3;13;1
202200033680;753 927;10;3;0;1;1;1
202200033681;753 926;36;13;0;8;21;1
202200033682;753 925;38;2;0;1;1;1
202200033683;753 923;7;0;2;3;15;1
202200033683;753 924;7;0;2;3;1;1
202200033684;753 920;10;0;0;0;15;1
202200033684;753 921;7;8;2;1;21;1
202200033684;753 922;2;0;2;1;1;1
202200033685;753 918;7;0;0;5;2;1
202200033685;753 919;7;0;2;3;2;1
202200033686;753 917;7;2;0;7;1;1
202200033687;753 916;33;5;0;1;1;1
202200033688;753 914;7;0;2;3;1;1
202200033688;753 915;7;0;2;3;1;1
202200033689;753 912;7;0;0;4;2;1
202200033689;753 913;33;0;2;1;2;1
202200033690;753 911;2;9;0;0;0;0
202200033691;753 910;7;8;0;1;5;1
202200033692;753 908;1;0;0;1;1;5
202200033692;753 909;7;0;0;2;15;1
202200033693;753 906;7;0;0;4;23;1
202200033693;753 907;7;0;2;1;2;1
202200033694;753 905;7;1;0;1;1;1
202200033695;753 904;7;3;0;2;1;1
202200033696;753 903;0;0;1;0;0;0
202200033697;753 902;7;8;0;1;13;1
202200033698;753 900;7;0;2;1;1;1
202200033698;753 901;7;0;2;1;1;1
202200033699;753 898;7;13;0;0;26;1
202200033700;753 896;33;0;2;4;23;1
202200033700;753 897;33;0;2;1;1;1
202200033701;753 892;7;5;0;2;1;1
202200033702;753 891;7;1;0;1;2;1
202200033703;753 888;7;0;2;5;1;1
202200033703;753 889;7;0;2;4;2;1
202200033703;753 890;7;0;2;2;21;1
202200033704;753 886;13;0;2;1;2;1
202200033704;753 887;7;0;2;4;23;1
202200033705;753 883;7;0;2;4;2;1
202200033705;753 884;7;0;2;4;1;1
202200033705;753 885;10;0;2;1;2;1
202200033706;753 881;7;0;2;2;2;1
202200033706;753 882;7;0;2;3;2;1
202200033707;753 879;7;0;2;4;2;1
202200033707;753 880;7;0;2;1;2;1
202200033708;753 878;7;1;0;1;26;1
202200033709;753 876;10;0;2;6;2;1
202200033709;753 877;7;0;2;2;1;1
202200033710;753 874;7;0;2;4;2;1
202200033710;753 875;99;0;2;1;2;1
202200033711;753 873;7;0;1;0;0;0
202200033712;753 871;7;0;2;3;1;0
202200033712;753 872;7;1;0;3;13;0
202200033713;753 866;7;0;2;1;0;1
202200033713;753 867;2;0;2;1;17;0
202200033714;753 864;1;0;2;0;0;5
202200033714;753 865;7;0;9;5;16;1
202200033715;753 862;7;16;2;3;2;1
202200033715;753 863;30;0;2;3;17;1
202200033716;753 860;32;0;2;7;17;1
202200033716;753 861;7;0;2;3;15;1
202200033717;753 858;7;0;2;2;1;1
202200033717;753 859;7;0;2;8;17;1
202200033718;753 857;7;0;1;1;11;1
202200033719;753 856;7;0;1;3;26;1
202200033720;753 851;33;0;2;7;1;1
202200033720;753 852;7;0;2;3;15;1
202200033721;753 849;7;0;2;1;15;1
202200033721;753 850;31;0;2;1;17;1
202200033722;753 848;7;0;1;2;26;1
202200033723;753 847;7;1;0;2;0;1
202200033724;753 845;7;12;0;3;15;1
202200033724;753 846;33;12;0;2;1;1
202200033725;753 843;30;0;2;1;0;1
202200033725;753 844;7;0;2;4;0;1
202200033726;753 840;7;0;2;4;9;1
202200033726;753 841;7;0;2;1;1;1
202200033726;753 842;7;0;2;1;1;1
202200033727;753 838;7;0;2;1;1;1
202200033727;753 839;7;0;2;4;23;3
202200033728;753 836;7;0;2;5;0;1
202200033728;753 837;31;0;2;1;2;1
202200033729;753 835;7;0;1;1;16;1
202200033730;753 833;7;0;2;4;1;1
202200033730;753 834;7;0;2;1;1;1
202200033731;753 832;7;15;0;7;1;1
202200033732;753 831;30;1;0;1;21;1
202200033733;753 830;7;1;0;2;15;1
202200033734;753 828;7;0;2;5;1;1
202200033734;753 829;1;0;2;3;1;5
202200033735;753 826;1;0;2;7;1;5
202200033735;753 827;7;0;2;1;9;0
202200033736;753 824;37;14;2;3;1;0
202200033736;753 825;36;14;0;1;1;1
202200033737;753 822;7;0;2;4;1;1
202200033737;753 823;30;0;2;1;1;1
202200033738;753 821;7;1;0;0;1;2
202200033739;753 819;50;0;2;1;2;3
202200033739;753 820;7;0;2;3;9;1
202200033740;753 818;7;3;0;1;1;1
202200033741;753 817;1;0;0;0;1;5
202200033742;753 815;7;0;2;4;1;1
202200033742;753 816;7;0;2;1;1;1
202200033743;753 813;1;0;2;8;15;5
202200033743;753 814;2;0;2;7;1;3
202200033744;753 812;7;6;0;2;14;2
202200033745;753 810;30;0;2;1;1;1
202200033745;753 811;7;0;2;1;15;1
202200033746;753 809;7;1;0;1;5;1
202200033747;753 807;7;0;2;1;2;1
202200033747;753 808;7;0;0;4;2;1
202200033748;753 806;7;8;0;1;1;1
202200033749;753 800;7;0;2;2;2;3
202200033749;753 801;7;0;2;9;2;1
202200033749;753 802;7;0;2;1;2;1
202200033749;753 803;7;0;0;6;23;1
202200033750;753 798;30;0;2;1;1;1
202200033750;753 799;3;0;2;3;1;1
202200033751;753 797;30;3;0;2;1;3
202200033752;753 796;3;6;0;4;20;1
202200033753;753 794;7;0;2;4;20;1
202200033753;753 795;30;0;2;1;1;1
202200033754;753 792;7;0;2;1;1;1
202200033754;753 793;7;0;2;4;1;1
202200033755;753 791;33;0;0;7;1;1
202200033756;753 789;7;0;2;4;4;1
202200033756;753 790;1;0;2;1;1;5
202200033757;753 787;7;0;2;1;2;1
202200033757;753 788;7;0;2;4;2;1
202200033758;753 785;7;0;2;2;15;1
202200033758;753 786;30;0;2;7;17;1
202200033759;753 780;7;0;2;1;15;1
202200033759;753 781;7;0;2;3;1;1
202200033760;753 778;7;0;2;1;11;1
202200033760;753 779;32;0;2;1;1;1
202200033761;753 776;7;0;2;2;0;1
202200033761;753 777;50;0;2;1;15;3
202200033762;753 774;1;1;0;1;1;5
202200033762;753 775;13;0;2;8;24;0
202200033763;753 773;7;13;0;1;1;1
202200033764;753 771;7;11;0;1;1;1
202200033765;753 769;7;0;2;2;16;1
202200033765;753 770;33;0;2;8;7;1
202200033766;753 766;7;0;1;1;0;1
202200033767;753 767;33;0;2;2;3;1
202200033767;753 768;7;0;2;8;11;1
202200033768;753 764;7;0;2;8;1;1
202200033768;753 765;1;0;2;1;1;5
202200033769;753 762;7;0;2;1;2;1
202200033769;753 763;7;0;2;4;2;1
202200033770;753 758;7;0;2;1;1;1
202200033770;753 760;7;0;2;0;0;1
202200033770;753 761;7;0;2;1;0;1
202200033771;753 757;50;0;2;1;1;3
202200033771;753 759;7;0;2;3;1;1
202200033772;753 754;10;0;1;3;1;2
202200033773;753 749;30;0;2;1;2;1
202200033773;753 750;7;14;0;4;23;1
202200033774;753 748;30;0;2;8;17;1
202200033774;753 751;7;0;2;6;15;2
202200033775;753 745;7;0;2;5;19;1
202200033775;753 747;33;0;2;1;1;1
202200033776;753 744;7;0;2;3;1;1
202200033776;753 746;30;0;2;1;1;1
202200033777;753 742;7;0;2;1;9;1
202200033777;753 743;50;0;2;1;1;3
202200033778;753 739;7;0;2;8;7;1
202200033778;753 741;10;0;2;2;16;1
202200033779;753 738;7;0;2;4;23;1
202200033779;753 740;1;0;2;1;2;5
202200033780;753 737;7;0;1;3;15;1
202200033781;753 735;7;0;2;1;1;0
202200033781;753 736;1;0;2;4;19;5
202200033782;753 734;7;0;1;1;19;1
202200033783;753 731;7;0;2;2;1;1
202200033783;753 733;30;0;2;5;23;1
202200033784;753 730;7;0;2;2;1;1
202200033784;753 732;30;0;2;6;11;1
202200033785;753 729;7;8;0;1;1;1
202200033786;753 725;7;0;2;5;26;1
202200033786;753 727;31;0;2;1;2;0
202200033787;753 726;50;0;2;0;1;3
202200033787;753 728;7;0;2;0;14;0
202200033788;753 724;7;0;1;1;1;1
202200033789;753 723;31;0;2;7;21;3
202200033790;753 720;7;0;2;6;15;1
202200033790;753 722;33;0;2;2;17;1
202200033791;753 719;7;0;2;1;15;1
202200033791;753 721;7;0;2;1;21;1
202200033792;753 717;33;0;2;7;3;1
202200033792;753 718;32;0;2;1;11;1
202200033793;753 715;7;0;1;3;7;2
202200033794;753 712;14;0;2;2;16;6
202200033794;753 713;1;0;2;8;1;5
202200033795;753 711;30;0;1;0;1;1
202200033796;753 714;7;0;2;8;1;1
202200033796;753 716;7;0;2;1;1;1
202200033797;753 709;7;0;2;3;13;3
202200033797;753 710;50;0;2;3;17;3
202200033798;753 707;7;0;2;5;1;1
202200033798;753 708;10;4;2;3;6;1
202200033799;753 706;33;0;1;1;1;1
202200033800;753 704;43;0;1;2;1;1
202200033801;753 705;1;0;1;0;16;5
202200033802;753 701;43;0;2;3;18;1
202200033802;753 703;7;0;2;2;16;1
202200033803;753 700;32;0;2;1;1;1
202200033803;753 702;7;0;2;8;10;1
202200033804;753 698;32;0;2;7;1;1
202200033804;753 699;7;0;2;2;16;1
202200033805;753 697;7;0;1;3;15;1
202200033806;753 696;7;0;1;8;4;2
202200033807;753 694;7;0;1;1;1;1
202200033808;753 693;7;0;2;2;15;1
202200033808;753 695;13;0;2;8;15;1
202200033809;753 690;1;0;2;4;2;5
202200033809;753 692;1;0;2;1;2;5
202200033810;753 689;43;0;2;1;17;1
202200033810;753 691;7;0;2;3;15;1
202200033811;753 686;7;0;2;2;1;1
202200033811;753 688;30;0;2;9;1;1
202200033812;753 683;34;0;2;0;1;1
202200033812;753 685;7;0;2;1;1;1
202200033813;753 684;7;6;2;1;26;0
202200033813;753 687;7;1;0;3;24;0
202200033814;753 681;7;0;2;0;1;1
202200033814;753 682;7;0;2;1;1;3
202200033815;753 678;7;0;2;8;19;1
202200033815;753 680;7;0;2;1;0;1
202200033816;753 677;7;0;2;3;15;1
202200033816;753 679;7;0;2;6;1;2
202200033817;753 676;7;0;1;1;16;1
202200033818;753 674;7;0;2;3;15;1
202200033818;753 675;30;0;2;3;1;1
202200033819;753 673;33;0;0;8;1;1
202200033820;753 672;30;0;1;1;1;1
202200033821;753 668;7;0;2;1;2;2
202200033821;753 669;7;0;2;4;23;1
202200033821;753 670;7;0;2;4;23;2
202200033821;753 671;7;0;2;3;4;1
202200033822;753 667;1;1;0;1;14;5
202200033823;753 665;10;0;2;8;9;1
202200033823;753 666;1;0;2;2;1;5
202200033824;753 664;50;0;1;0;1;3
202200033825;753 663;7;0;1;2;16;1
202200033826;753 662;50;0;0;0;1;3
202200033827;753 660;1;0;2;8;7;5
202200033827;753 661;7;0;2;5;17;1
202200033828;753 659;50;0;1;2;1;3
202200033829;753 658;7;0;1;3;1;1
202200033830;753 657;32;0;0;1;1;1
202200033831;753 655;30;0;2;7;17;1
202200033831;753 656;7;0;2;8;15;1
202200033832;753 653;20;0;2;8;15;1
202200033832;753 654;31;0;2;2;17;1
202200033833;753 652;32;0;1;1;13;0
202200033834;753 650;7;0;2;3;11;1
202200033834;753 651;15;0;2;2;1;1
202200033835;753 648;7;0;2;1;1;1
202200033835;753 649;2;0;2;1;1;1
202200033836;753 647;7;0;1;2;1;1
202200033837;753 645;7;0;2;0;0;1
202200033837;753 646;7;0;2;1;1;1
202200033838;753 643;31;0;2;3;13;3
202200033838;753 644;7;0;2;3;15;2
202200033839;753 639;7;14;0;4;23;2
202200033839;753 640;7;0;2;4;23;1
202200033839;753 641;7;0;2;4;2;0
202200033839;753 642;7;0;2;1;2;0
202200033840;753 638;37;0;2;3;2;1
202200033841;753 637;7;0;1;2;1;1
202200033842;753 636;34;0;1;3;5;0
202200033843;753 634;7;0;9;4;2;1
202200033843;753 635;1;0;2;1;2;5
202200033844;753 632;1;0;2;8;1;5
202200033844;753 633;7;0;2;1;1;0
202200033845;753 630;7;0;2;6;15;1
202200033845;753 631;32;0;2;1;17;1
202200033846;753 628;7;0;2;2;10;1
202200033846;753 629;1;0;2;3;2;5
202200033847;753 626;7;0;2;3;15;1
202200033847;753 627;1;0;2;1;1;5
202200033848;753 624;7;0;2;3;0;1
202200033848;753 625;10;0;2;2;1;1
202200033849;753 622;32;0;2;1;17;1
202200033849;753 623;7;0;2;3;15;1
202200033850;753 620;7;0;2;8;1;1
202200033850;753 621;10;0;2;8;1;1
202200033851;753 618;7;0;2;3;9;1
202200033851;753 619;1;0;0;1;25;5
202200033852;753 617;7;2;0;1;1;1
202200033853;753 614;1;0;2;1;2;5
202200033853;753 615;7;0;2;6;2;1
202200033853;753 616;7;0;9;1;5;1
202200033854;753 612;2;0;2;1;1;1
202200033854;753 613;7;0;2;3;1;1
202200033855;753 611;33;0;0;0;1;1
202200033856;753 609;30;0;2;1;1;1
202200033856;753 610;7;0;2;3;13;1
202200033857;753 606;7;0;0;4;23;1
202200033857;753 607;10;1;0;4;23;1
202200033857;753 608;10;1;0;1;2;1
202200033858;753 605;7;8;0;8;1;1
202200033859;753 603;2;0;2;8;13;1
202200033859;753 604;7;0;2;8;21;1
202200033860;753 601;2;0;2;3;1;1
202200033860;753 602;7;0;2;3;1;1
202200033861;753 600;7;2;0;3;1;1
202200033862;753 598;2;0;2;1;1;1
202200033862;753 599;7;0;2;8;1;1
202200033863;753 597;2;6;0;1;0;1
202200033864;753 596;7;2;0;1;1;1
202200033865;753 594;10;0;2;1;1;1
202200033865;753 595;7;0;2;8;19;1
202200033866;753 593;7;0;1;2;1;1
202200033867;753 591;7;0;2;1;13;1
202200033867;753 592;7;0;2;1;1;1
202200033868;753 588;7;17;0;1;1;1
202200033869;753 586;7;0;2;8;15;1
202200033869;753 587;2;0;2;1;1;1
202200033870;753 584;7;0;2;1;1;1
202200033870;753 585;7;0;2;3;19;1
202200033871;753 583;7;7;0;1;1;1
202200033872;753 582;10;6;0;1;13;1
202200033873;753 581;7;0;1;2;1;1
202200033874;753 579;10;0;2;3;0;1
202200033874;753 580;34;0;2;8;0;1
202200033875;753 578;7;0;1;4;20;1
202200033876;753 577;33;0;0;0;2;1
202200033877;753 576;10;2;0;1;1;1
202200033878;753 575;15;0;1;5;4;1
202200033879;753 574;31;0;0;3;1;1
202200033880;753 572;33;0;2;1;3;1
202200033880;753 573;7;0;2;8;15;1
202200033881;753 571;2;0;9;7;1;1
202200033882;753 570;10;3;0;1;1;1
202200033883;753 568;7;3;2;9;0;1
202200033883;753 569;7;0;2;6;0;1
202200033884;753 567;14;0;1;2;16;1
202200033885;753 564;15;0;0;6;1;1
202200033885;753 565;7;0;9;2;1;1
202200033886;753 562;14;0;2;1;1;1
202200033886;753 563;30;0;2;1;17;1
202200033887;753 560;10;0;2;2;1;1
202200033887;753 561;10;0;2;3;19;1
202200033888;753 558;7;0;2;2;1;1
202200033888;753 559;33;0;2;3;19;1
202200033889;753 556;7;0;2;3;1;2
202200033889;753 557;7;0;2;2;15;1
202200033890;753 554;38;0;2;3;1;1
202200033890;753 555;7;0;2;3;1;1
202200033891;753 553;7;13;0;9;2;1
202200033892;753 551;33;0;2;1;1;1
202200033892;753 552;7;0;2;3;19;1
202200033893;753 550;7;0;1;2;0;1
202200033894;753 549;7;0;1;1;16;1
202200033895;753 548;60;12;0;1;1;5
202200033896;753 547;7;8;0;9;1;1
202200033897;753 545;7;0;2;7;15;1
202200033897;753 546;7;0;2;1;1;1
202200033898;753 543;37;0;2;1;1;1
202200033898;753 544;7;0;2;3;19;1
202200033899;753 542;2;13;0;7;1;1
202200033900;753 541;2;1;0;0;1;1
202200033901;753 539;7;0;2;3;1;1
202200033901;753 540;7;0;2;3;13;1
202200033902;753 537;33;0;2;4;1;1
202200033902;753 538;7;0;2;3;1;1
202200033903;753 535;7;0;2;8;1;1
202200033903;753 536;33;0;2;8;13;1
202200033904;753 533;7;0;2;6;1;1
202200033904;753 534;7;12;2;2;14;1
202200033905;753 532;33;0;0;0;1;1
202200033906;753 531;7;4;0;3;13;1
202200033907;753 529;7;0;2;6;2;1
202200033907;753 530;7;0;2;1;2;1
202200033908;753 527;32;0;2;1;3;1
202200033908;753 528;7;0;2;6;0;1
202200033909;753 525;7;0;2;8;23;1
202200033909;753 526;7;1;0;7;12;1
202200033910;753 522;7;0;2;7;2;0
202200033910;753 523;7;0;2;4;2;0
202200033910;753 524;43;0;2;1;3;0
202200033911;753 519;10;0;2;1;2;0
202200033911;753 520;10;0;2;4;2;0
202200033911;753 521;10;0;2;4;2;0
202200033912;753 517;33;0;2;1;2;1
202200033912;753 518;7;0;2;4;2;1
202200033913;753 516;31;0;0;1;1;1
202200033914;753 515;7;0;1;1;26;2
202200033915;753 513;7;0;9;6;0;1
202200033915;753 514;1;0;2;4;2;5
202200033916;753 512;31;13;0;7;1;1
202200033917;753 510;7;0;2;3;15;1
202200033917;753 511;2;0;2;3;1;1
202200033918;753 508;7;0;2;1;1;1
202200033918;753 509;1;0;2;8;15;5
202200033919;753 507;7;13;0;3;1;1
202200033920;753 506;2;13;0;1;13;1
202200033921;753 503;7;0;0;4;2;1
202200033921;753 504;7;0;2;4;2;1
202200033921;753 505;7;0;2;1;2;1
202200033922;753 502;30;0;1;1;25;3
202200033923;753 500;10;0;9;7;2;1
202200033923;753 501;1;0;2;8;2;5
202200033924;753 498;10;0;2;1;26;1
202200033924;753 499;7;0;2;4;26;1
202200033925;753 494;30;0;2;4;21;1
202200033925;753 495;30;0;2;4;1;1
202200033926;753 492;7;0;2;1;1;1
202200033926;753 493;7;0;2;4;15;1
202200033927;753 490;30;0;2;8;18;1
202200033927;753 491;7;0;2;7;16;1
202200033928;753 489;7;0;1;0;0;1
202200033929;753 486;7;0;2;1;2;1
202200033929;753 488;7;0;2;2;0;1
202200033930;753 485;33;0;2;1;2;1
202200033930;753 487;7;0;2;6;11;1
202200033931;753 483;1;0;0;0;1;5
202200033932;753 482;1;0;2;3;15;5
202200033932;753 484;7;0;2;2;15;0
202200033933;753 480;10;0;2;3;13;1
202200033933;753 481;7;0;2;3;1;1
202200033934;753 479;10;0;1;2;19;0
202200033935;753 478;7;0;0;0;13;1
202200033936;753 476;7;0;2;1;14;1
202200033936;753 477;7;0;2;4;1;1
202200033937;753 474;10;0;2;3;13;1
202200033937;753 475;7;0;2;8;1;1
202200033938;753 473;30;14;1;5;3;3
202200033939;753 471;7;0;2;3;1;1
202200033939;753 472;7;0;2;3;1;1
202200033940;753 469;7;0;2;3;1;1
202200033940;753 470;80;0;2;1;1;3
202200033941;753 467;10;0;0;4;2;1
202200033941;753 468;31;0;2;1;2;1
202200033942;753 464;50;0;0;9;1;3
202200033943;753 465;7;0;2;2;15;1
202200033943;753 466;1;0;2;1;1;5
202200033944;753 460;7;0;2;3;15;1
202200033944;753 462;2;0;2;3;1;1
202200033945;753 461;1;0;2;1;0;5
202200033945;753 463;7;0;2;6;15;1
202200033946;753 457;7;0;2;8;2;1