Num_Acc;id_vehicule;categorie_vehicule;obstacle_fixe;obstacle_mobile;point_choc_initial;manoeuvre_principale;motorisation
202200033946;753 459;7;0;2;1;17;1
202200033947;753 456;7;0;2;4;2;1
202200033947;753 458;7;0;2;1;0;0
202200033948;753 455;14;0;1;2;1;1
202200033949;753 454;7;0;1;1;1;1
202200033950;753 453;50;14;0;1;0;3
202200033951;753 452;7;0;1;0;1;0
202200033952;753 451;7;1;0;2;13;1
202200033953;753 449;2;0;0;1;1;1
202200033953;753 450;7;0;2;2;1;1
202200033954;753 447;7;0;9;7;16;1
202200033954;753 448;1;0;2;8;2;5
202200033955;753 446;7;0;1;2;20;2
202200033956;753 445;7;1;0;2;9;2
202200033957;753 443;7;0;0;4;23;1
202200033957;753 444;7;0;2;1;1;1
202200033958;753 442;7;0;1;2;23;1
202200033959;753 439;10;0;1;2;1;1
202200033960;753 437;7;0;1;3;19;1
202200033961;753 436;10;1;2;1;17;0
202200033961;753 438;37;0;2;3;1;0
202200033962;753 435;7;0;0;9;1;1
202200033963;753 431;7;0;2;0;0;1
202200033963;753 433;30;0;2;0;0;1
202200033964;753 430;32;0;9;0;1;0
202200033965;753 428;7;1;1;2;2;1
202200033965;753 429;7;1;0;3;23;2
202200033966;753 427;7;0;1;3;23;3
202200033967;753 425;7;0;1;3;2;1
202200033968;753 426;10;0;1;1;16;1
202200033969;753 424;1;12;0;0;0;5
202200033970;753 423;33;0;9;1;1;1
202200033971;753 422;1;0;0;9;1;5
202200033972;753 419;7;0;2;5;16;1
202200033972;753 420;50;0;2;1;0;3
202200033973;753 418;7;0;1;7;11;2
202200033974;753 417;1;1;0;2;1;5
202200033975;753 415;34;0;2;1;2;1
202200033975;753 416;7;0;2;7;15;1
202200033976;753 413;7;0;1;1;26;1
202200033977;753 412;30;0;2;1;26;1
202200033977;753 414;7;0;2;3;16;1
202200033978;753 410;7;0;2;1;26;1
202200033978;753 411;50;0;2;1;9;3
202200033979;753 409;7;0;1;2;16;1
202200033980;753 407;7;0;2;5;13;1
202200033980;753 408;7;0;2;1;1;1
202200033981;753 406;7;0;1;2;15;1
202200033982;753 405;7;0;1;1;2;1
202200033983;753 402;7;0;2;5;9;1
202200033983;753 404;1;0;2;1;5;5
202200033984;753 401;50;0;2;7;15;3
202200033984;753 403;7;0;2;2;9;1
202200033985;753 400;31;11;0;1;1;1
202200033986;753 398;1;0;2;0;1;5
202200033986;753 399;7;0;2;3;1;2
202200033987;753 396;7;0;2;1;1;1
202200033987;753 397;7;0;2;8;1;1
202200033988;753 395;10;0;1;3;15;1
202200033989;753 393;7;0;1;3;15;1
202200033990;753 392;7;0;2;2;26;1
202200033990;753 394;7;0;2;1;1;1
202200033991;753 391;7;0;1;2;1;1
202200033992;753 389;50;0;2;1;1;3
202200033992;753 390;7;0;2;3;16;1
202200033993;753 388;10;7;0;1;1;1
202200033994;753 386;32;0;0;0;1;1
202200033995;753 385;7;0;2;1;21;1
202200033995;753 387;7;0;2;2;5;1
202200033996;753 384;1;12;0;1;1;5
202200033997;753 381;7;0;2;8;9;1
202200033997;753 383;7;0;2;1;1;1
202200033998;753 380;30;0;2;6;1;1
202200033998;753 382;7;0;2;1;2;1
202200033999;753 378;33;12;0;2;14;1
202200034000;753 376;7;8;2;1;17;1
202200034000;753 377;7;0;2;1;23;1
202200034000;753 379;7;0;2;2;23;1
202200034001;753 374;32;8;0;1;1;1
202200034002;753 375;7;0;1;1;16;1
202200034003;753 372;31;0;0;0;1;1
202200034004;753 371;7;0;2;1;20;2
202200034004;753 373;33;0;2;1;1;1
202200034005;753 367;1;0;2;4;0;5
202200034005;753 369;7;0;2;7;1;1
202200034006;753 368;7;0;2;4;1;1
202200034006;753 370;10;0;2;1;1;1
202200034007;753 365;7;0;2;1;1;1
202200034007;753 366;7;0;2;1;13;1
202200034008;753 364;7;0;1;1;2;2
202200034009;753 360;10;0;2;3;15;1
202200034009;753 361;34;0;2;1;17;1
202200034009;753 363;7;1;0;1;24;0
202200034010;753 359;7;0;2;7;15;1
202200034010;753 362;7;0;2;1;1;1
202200034011;753 358;7;0;1;1;1;1
202200034012;753 355;7;0;2;4;0;1
202200034012;753 356;10;0;2;4;0;1
202200034012;753 357;10;0;2;1;26;1
202200034013;753 353;7;0;2;8;22;1
202200034013;753 354;1;1;0;1;21;5
202200034014;753 351;50;0;0;8;1;3
202200034014;753 352;7;0;9;3;15;1
202200034015;753 349;7;0;1;3;1;1
202200034016;753 348;7;0;2;3;13;1
202200034016;753 350;7;5;0;7;14;1
202200034017;753 346;33;0;0;0;1;1
202200034018;753 345;7;0;2;1;2;1
202200034018;753 347;7;0;2;4;23;1
202200034019;753 343;7;0;2;1;1;1
202200034019;753 344;7;0;2;1;15;1
202200034020;753 342;3;1;0;0;0;3
202200034021;753 339;30;0;2;1;16;1
202200034021;753 340;7;0;2;7;15;1
202200034022;753 338;30;0;0;0;0;1
202200034022;753 341;30;0;0;0;0;1
202200034023;753 336;7;0;1;2;17;1
202200034024;753 337;14;0;1;0;0;0
202200034025;753 335;7;0;1;3;13;1
202200034026;753 333;7;0;2;2;1;1
202200034026;753 334;1;0;2;7;12;5
202200034027;753 329;7;1;0;3;1;1
202200034028;753 330;7;0;0;5;24;1
202200034028;753 331;7;0;0;6;1;1
202200034028;753 332;33;1;2;1;26;1
202200034029;753 326;32;0;2;1;2;1
202200034029;753 327;7;0;0;4;0;2
202200034030;753 325;7;0;2;2;26;1
202200034030;753 328;2;0;2;3;1;1
202200034031;753 323;7;0;2;1;2;1
202200034031;753 324;7;0;2;4;23;1
202200034032;753 322;7;0;1;4;20;1
202200034033;753 320;30;0;2;1;17;1
202200034033;753 321;32;0;2;8;15;1
202200034034;753 319;7;0;1;1;16;1
202200034035;753 317;1;0;2;1;21;5
202200034035;753 318;1;0;2;1;1;5
202200034036;753 316;30;0;1;0;1;0
202200034037;753 315;30;0;1;3;1;1
202200034038;753 313;7;0;2;7;13;1
202200034038;753 314;7;0;2;1;1;1
202200034039;753 312;10;0;1;2;15;3
202200034040;753 309;31;0;2;1;1;1
202200034040;753 310;7;0;2;2;15;1
202200034041;753 307;1;0;2;3;18;5
202200034041;753 308;7;0;2;0;22;0
202200034042;753 305;10;0;2;8;22;1
202200034042;753 306;80;0;2;2;1;3
202200034043;753 303;1;0;2;1;1;5
202200034043;753 304;1;0;2;1;5;5
202200034044;753 301;32;0;2;3;2;1
202200034044;753 302;33;0;2;5;2;1
202200034045;753 299;50;0;9;1;2;3
202200034045;753 300;7;0;9;6;15;1
202200034046;753 296;7;0;2;0;0;1
202200034046;753 297;7;0;2;0;0;1
202200034046;753 298;7;0;2;3;1;1
202200034047;753 294;7;0;2;2;2;1
202200034047;753 295;2;0;2;7;2;1
202200034048;753 293;7;1;1;4;2;1
202200034049;753 291;33;0;2;1;1;1
202200034049;753 292;1;0;2;8;1;5
202200034050;753 288;7;0;1;2;2;2
202200034051;753 286;32;0;2;7;15;1
202200034051;753 287;7;0;2;3;16;2
202200034052;753 284;33;0;2;2;17;1
202200034052;753 285;7;0;0;8;15;1
202200034053;753 282;33;1;0;7;24;1
202200034053;753 283;7;1;0;6;4;1
202200034054;753 280;7;0;2;2;15;1
202200034054;753 281;7;6;2;1;1;1
202200034055;753 279;7;3;0;3;1;1
202200034056;753 278;7;0;1;1;1;1
202200034057;753 276;33;0;0;3;1;1
202200034057;753 277;7;0;2;2;12;1
202200034058;753 274;7;0;0;3;0;1
202200034058;753 275;34;0;0;1;0;1
202200034059;753 272;32;0;2;7;17;1
202200034059;753 273;7;0;2;8;15;1
202200034060;753 269;7;0;2;1;2;1
202200034060;753 270;7;0;2;4;15;1
202200034060;753 271;7;0;2;1;1;1
202200034061;753 266;7;13;0;1;1;1
202200034062;753 265;33;0;0;8;1;1
202200034063;753 264;7;3;0;0;26;1
202200034064;753 262;7;0;0;2;1;1
202200034064;753 263;7;0;0;3;13;1
202200034065;753 261;2;1;0;1;14;1
202200034066;753 259;1;0;2;6;0;5
202200034066;753 260;7;0;9;2;17;1
202200034067;753 258;7;2;0;1;1;1
202200034068;753 257;2;0;0;0;1;1
202200034069;753 255;7;0;2;1;1;1
202200034069;753 256;1;0;2;8;13;5
202200034070;753 253;7;13;2;2;17;1
202200034070;753 254;7;13;2;8;15;1
202200034071;753 251;7;0;2;1;1;1
202200034071;753 252;7;0;0;8;9;1
202200034072;753 250;7;2;0;1;1;1
202200034073;753 249;7;2;0;3;1;1
202200034074;753 248;7;1;1;2;2;1
202200034075;753 247;7;2;0;1;1;1
202200034076;753 245;7;0;9;1;2;1
202200034076;753 246;99;0;2;7;1;3
202200034077;753 244;7;8;0;3;14;1
202200034078;753 242;7;0;1;4;1;1
202200034078;753 243;7;0;2;1;1;1
202200034079;753 241;7;5;0;7;1;1
202200034080;753 239;2;0;2;3;1;1
202200034080;753 240;7;0;2;2;19;1
202200034081;753 236;7;0;0;4;23;1
202200034081;753 237;7;0;2;4;23;1
202200034081;753 238;7;0;2;1;2;1
202200034082;753 235;7;13;0;1;14;1
202200034083;753 234;7;3;0;9;1;1
202200034084;753 233;7;4;0;9;0;1
202200034085;753 230;7;0;1;6;23;1
202200034085;753 231;7;0;0;5;23;1
202200034085;753 232;7;1;1;1;14;1
202200034086;753 229;7;0;0;0;0;1
202200034087;753 228;2;0;0;0;1;1
202200034088;753 227;7;2;0;7;14;1
202200034089;753 226;7;0;1;2;1;1
202200034090;753 224;7;0;0;0;13;1
202200034090;753 225;33;13;0;7;14;1
202200034091;753 221;7;0;2;3;1;1
202200034091;753 222;7;0;2;2;1;1
202200034091;753 223;32;0;2;1;17;1
202200034092;753 220;7;4;0;3;1;1
202200034093;753 219;7;0;0;1;1;1
202200034094;753 217;7;1;2;2;1;2
202200034094;753 218;7;0;2;0;1;1
202200034095;753 215;7;0;0;4;15;1
202200034095;753 216;32;0;2;1;1;1
202200034096;753 214;10;0;1;2;15;1
202200034097;753 213;7;0;1;1;1;1
202200034098;753 211;7;0;2;1;1;1
202200034098;753 212;7;0;2;3;1;1
202200034099;753 210;7;2;0;3;13;1
202200034100;753 208;33;0;2;8;13;1
202200034100;753 209;7;0;2;3;1;0
202200034101;753 207;1;14;0;0;1;5
202200034102;753 202;7;0;2;1;1;1
202200034102;753 203;32;0;2;1;13;1
202200034103;753 200;7;0;2;1;1;1
202200034103;753 201;7;0;2;4;1;1
202200034104;753 199;7;7;0;5;2;1
202200034105;753 198;7;0;0;9;1;1
202200034106;753 195;10;0;0;0;12;0
202200034106;753 196;7;0;0;0;1;1
202200034107;753 190;7;0;2;4;1;1
202200034107;753 191;7;0;2;1;2;1
202200034108;753 185;37;0;2;7;1;1
202200034108;753 187;20;0;2;1;19;1
202200034109;753 184;13;0;2;1;2;1
202200034109;753 186;7;0;2;4;2;1
202200034109;753 188;10;0;2;4;1;1
202200034110;753 181;7;0;2;1;1;1
202200034110;753 183;20;0;2;4;1;1
202200034111;753 177;33;0;2;1;3;1
202200034111;753 179;33;0;2;1;3;1
202200034111;753 180;7;0;2;1;14;1
202200034111;753 182;7;0;2;5;2;1
202200034112;753 176;7;0;2;3;17;1
202200034112;753 178;31;0;2;1;1;1
202200034113;753 172;7;0;2;1;1;1
202200034113;753 173;7;0;2;8;10;2
202200034113;753 174;34;0;2;8;1;1
202200034114;753 171;7;0;2;2;1;1
202200034114;753 175;7;11;2;1;13;1
202200034115;753 168;7;0;2;2;1;1
202200034115;753 170;7;0;2;1;1;1
202200034116;753 167;33;0;2;1;1;1
202200034116;753 169;7;0;2;4;14;1
202200034117;753 164;7;0;2;0;0;1
202200034117;753 166;33;0;2;0;0;1
202200034118;753 163;7;0;2;4;2;1
202200034118;753 165;7;0;2;1;2;1
202200034119;753 161;7;0;1;2;15;1
202200034120;753 160;7;0;2;1;1;1
202200034120;753 162;7;4;2;4;11;1
202200034121;753 157;7;0;2;4;1;1
202200034121;753 159;7;0;2;1;1;1
202200034122;753 156;7;0;2;1;2;1
202200034122;753 158;7;0;2;4;2;1
202200034123;753 153;33;0;2;8;11;1
202200034123;753 154;33;0;2;7;1;1
202200034124;753 152;7;0;2;4;1;1
202200034124;753 155;7;0;2;1;1;1
202200034125;753 149;10;14;2;1;0;1
202200034125;753 151;7;1;2;4;24;1
202200034126;753 148;7;0;2;6;1;1
202200034126;753 150;7;0;2;2;2;1
202200034127;753 146;7;1;2;2;26;1
202200034128;753 145;33;0;2;1;12;1
202200034128;753 147;7;0;2;7;2;1
202200034129;753 143;7;0;1;1;15;2
202200034130;753 142;33;0;0;8;1;1
202200034130;753 144;7;0;2;2;12;1
202200034131;753 140;37;0;1;5;9;1
202200034132;753 137;7;13;0;1;1;1
202200034133;753 136;10;0;2;4;0;1
202200034133;753 138;7;0;2;6;2;1
202200034133;753 139;15;0;2;2;1;1
202200034133;753 141;7;0;2;4;12;1
202200034134;753 133;7;0;2;5;1;1
202200034134;753 135;33;0;2;3;3;1
202200034135;753 132;7;0;2;1;9;1
202200034135;753 134;37;0;2;2;1;1
202200034136;753 130;14;0;2;2;12;1
202200034136;753 131;7;0;2;6;1;1
202200034137;753 126;37;9;2;4;23;1
202200034137;753 128;7;9;2;4;1;2
202200034137;753 129;7;9;2;1;1;1
202200034138;753 124;10;0;2;8;23;1
202200034138;753 125;33;0;2;7;23;1
202200034138;753 127;31;0;2;1;3;1
202200034139;753 122;50;0;0;0;0;3
202200034139;753 123;7;0;9;3;10;1
202200034140;753 120;7;0;2;2;2;2
202200034140;753 121;33;0;2;4;2;1
202200034141;753 118;50;0;2;0;1;3
202200034141;753 119;0;0;2;0;13;0
202200034142;753 116;10;0;2;4;2;1
202200034142;753 117;33;0;2;1;2;1
202200034143;753 114;33;12;0;8;13;1
202200034144;753 112;7;0;2;1;13;1
202200034144;753 113;10;0;2;0;0;1
202200034144;753 115;10;0;2;6;0;1
202200034145;753 111;80;1;0;7;14;3
202200034146;753 108;1;0;2;1;1;5
202200034146;753 110;1;0;2;1;1;5
202200034147;753 109;7;1;0;1;1;1
202200034148;753 107;10;1;0;3;13;1
202200034149;753 105;7;0;2;6;1;1
202200034149;753 106;33;0;2;1;1;1
202200034150;753 103;7;0;2;2;1;1
202200034150;753 104;50;0;2;8;5;3
202200034151;753 100;32;0;2;8;18;1
202200034151;753 101;7;0;2;5;22;2
202200034152;753 099;7;0;2;3;16;1
202200034152;753 102;31;0;2;1;1;1
202200034153;753 097;3;0;2;1;2;1
202200034153;753 098;33;0;2;4;23;1
202200034154;753 096;7;0;1;3;1;1
202200034155;753 093;32;0;2;1;15;1
202200034155;753 095;1;0;2;4;16;5
202200034156;753 092;30;0;0;0;1;1
202200034157;753 091;7;0;2;1;2;1
202200034157;753 094;7;0;2;4;2;1
202200034158;753 089;10;0;2;4;9;1
202200034158;753 090;1;0;2;7;1;5
202200034159;753 086;30;0;2;1;1;1
202200034159;753 088;50;0;2;1;1;3
202200034160;753 084;1;12;0;1;13;5
202200034161;753 080;7;0;2;3;2;1
202200034161;753 082;7;0;2;5;23;1
202200034162;753 081;33;0;2;1;1;1
202200034162;753 083;7;0;2;5;1;1
202200034163;753 077;7;0;2;5;23;1
202200034163;753 078;1;0;2;5;2;5
202200034164;753 076;7;0;9;1;9;1
202200034164;753 079;50;0;2;7;0;3
202200034165;753 074;33;0;2;1;1;1
202200034165;753 075;7;0;2;3;15;2
202200034166;753 070;1;0;2;3;1;5
202200034166;753 071;1;0;2;5;17;5
202200034167;753 072;7;12;2;3;1;2
202200034167;753 073;7;0;2;3;15;1
202200034168;753 069;1;0;1;2;1;5
202200034169;753 067;7;0;2;1;2;1
202200034169;753 068;7;0;2;4;2;1
202200034170;753 065;10;0;9;6;24;1
202200034170;753 066;99;1;0;5;5;3
202200034171;753 063;1;0;2;8;1;5
202200034171;753 064;7;0;2;2;14;1
202200034172;753 061;50;0;2;1;1;3
202200034172;753 062;7;0;9;8;1;1
202200034173;753 060;7;0;1;5;1;1
202200034174;753 059;10;0;1;2;1;1
202200034175;753 058;7;0;1;1;1;1
202200034176;753 056;7;0;2;3;15;1
202200034176;753 057;37;0;2;2;1;2
202200034177;753 052;32;0;2;2;2;1
202200034177;753 053;10;0;2;3;9;1
202200034177;753 054;7;1;0;8;24;1
202200034178;753 051;33;0;2;1;17;1
202200034178;753 055;7;0;2;5;15;1
202200034179;753 049;50;0;2;3;2;3
202200034179;753 050;7;0;2;5;2;1
202200034180;753 046;33;0;2;7;17;1
202200034180;753 047;7;0;2;1;2;1
202200034181;753 045;7;0;2;1;1;1
202200034181;753 048;50;0;2;8;9;3
202200034182;753 043;34;0;2;0;3;1
202200034182;753 044;7;0;2;2;0;1
202200034183;753 034;7;0;1;1;1;1
202200034184;753 035;37;0;2;1;1;1
202200034184;753 036;10;0;0;0;0;1
202200034184;753 038;7;0;2;4;23;1
202200034184;753 040;10;0;2;4;23;1
202200034185;753 032;7;0;2;3;9;2
202200034185;753 033;30;0;2;7;9;3
202200034186;753 031;33;0;0;0;0;1
202200034187;753 029;30;0;2;3;1;1
202200034187;753 030;7;0;2;2;15;1
202200034188;753 026;7;0;2;1;1;0
202200034188;753 027;7;0;2;4;1;0
202200034189;753 024;7;0;2;0;0;1
202200034189;753 028;1;0;2;7;26;5
202200034190;753 023;37;2;2;1;13;1
202200034190;753 025;10;0;2;1;1;1
202200034191;753 021;7;0;1;0;0;1
202200034192;753 020;7;0;2;1;1;0
202200034192;753 022;2;0;2;1;17;0
202200034193;753 018;50;0;2;0;1;3
202200034193;753 019;10;0;2;7;16;1
202200034194;753 017;7;0;1;4;20;1
202200034195;753 014;7;0;9;2;15;1
202200034195;753 016;1;0;2;2;1;5
202200034196;753 012;31;12;0;2;1;1
202200034197;753 009;33;0;1;1;1;1
202200034198;753 008;7;0;2;4;2;1
202200034198;753 010;10;0;2;6;2;1
202200034198;753 011;10;0;2;1;2;1
202200034198;753 013;7;3;2;4;2;2
202200034198;753 015;10;0;2;4;2;1
202200034199;753 007;43;0;1;1;16;1
202200034200;753 005;33;0;1;1;1;1
202200034201;753 004;30;0;2;1;1;1
202200034201;753 006;7;0;2;1;10;1
202200034202;753 002;33;0;0;8;2;1
202200034202;753 003;7;0;0;0;15;1
202200034203;752 999;13;0;2;5;4;1
202200034203;753 000;7;0;2;2;1;1
202200034204;752 998;7;0;2;1;1;1
202200034204;753 001;7;15;2;2;9;1
202200034205;752 996;33;3;2;1;17;1
202200034205;752 997;7;3;2;6;15;1
202200034206;752 994;7;0;2;7;0;1
202200034206;752 995;7;0;2;1;0;1
202200034207;752 992;3;0;1;1;15;0
202200034208;752 993;7;4;0;1;1;1
202200034209;752 990;7;0;1;1;1;1
202200034210;752 989;33;0;0;0;26;1
202200034210;752 991;15;0;0;0;0;1
202200034211;752 988;7;2;0;1;1;1
202200034212;752 987;33;0;0;0;1;1
202200034213;752 985;7;0;2;1;1;1
202200034213;752 986;7;0;2;4;1;2
202200034214;752 984;7;13;0;2;14;1
202200034215;752 982;33;0;9;1;2;1
202200034215;752 983;7;0;0;0;1;1
202200034216;752 981;7;1;1;2;0;1
202200034217;752 979;7;4;2;3;5;1
202200034217;752 980;7;4;2;3;1;1
202200034218;752 977;32;0;2;2;0;1
202200034218;752 978;7;0;2;3;0;1
202200034219;752 975;2;0;2;1;5;1
202200034219;752 976;7;0;2;2;1;1
202200034220;752 973;1;0;2;1;1;5
202200034220;752 974;7;0;2;2;15;1
202200034221;752 970;7;0;2;1;1;1
202200034221;752 971;7;0;2;4;2;1
202200034221;752 972;7;0;2;4;1;1
202200034222;752 968;33;0;2;8;3;1
202200034222;752 969;7;0;2;7;12;1
202200034223;752 966;7;0;2;7;1;1
202200034223;752 967;7;0;2;8;9;1
202200034224;752 964;7;0;2;5;12;1
202200034224;752 965;31;0;2;3;3;1
202200034225;752 962;34;0;2;8;16;1
202200034225;752 963;7;0;2;1;15;1
202200034226;752 961;7;0;1;3;15;1
202200034227;752 959;33;0;2;1;1;1
202200034227;752 960;7;0;2;2;1;1
202200034228;752 958;30;1;0;1;1;1
202200034229;752 956;7;0;2;2;16;1
202200034229;752 957;43;0;2;3;18;1
202200034230;752 954;33;0;2;6;13;1
202200034230;752 955;7;0;2;3;16;1
202200034231;752 952;30;0;2;1;1;1
202200034231;752 953;50;0;2;3;15;3
202200034232;752 951;1;0;1;7;25;5
202200034233;752 949;10;0;2;3;22;1
202200034233;752 950;80;0;2;1;1;3
202200034234;752 947;30;0;2;2;15;1
202200034234;752 948;10;0;2;3;1;6
202200034235;752 945;1;0;2;1;1;5
202200034235;752 946;7;0;2;3;1;3
202200034236;752 944;33;0;1;1;1;1
202200034237;752 942;1;0;2;1;19;5
202200034237;752 943;7;0;2;1;1;2
202200034238;752 940;32;0;2;2;1;1
202200034238;752 941;7;0;2;3;9;1
202200034239;752 938;7;0;2;2;12;1
202200034239;752 939;32;0;2;1;1;1
202200034240;752 936;7;0;2;8;15;0
202200034240;752 937;50;0;2;8;19;3
202200034241;752 934;31;0;2;8;3;1
202200034241;752 935;10;0;2;7;1;1
202200034242;752 932;7;0;2;6;16;0
202200034242;752 933;33;0;2;1;7;0
202200034243;752 930;7;0;2;1;1;1
202200034243;752 931;7;0;2;1;17;1
202200034244;752 928;7;0;2;0;0;0
202200034244;752 929;7;0;2;4;23;1
202200034245;752 927;7;0;1;2;16;0
202200034246;752 926;50;0;1;8;25;3
202200034247;752 924;30;0;2;8;2;1
202200034247;752 925;7;0;2;5;12;1
202200034248;752 923;31;0;0;7;0;1
202200034249;752 921;80;0;2;1;1;3
202200034249;752 922;7;0;2;2;15;1
202200034250;752 920;7;0;1;2;1;1
202200034251;752 919;7;0;1;1;1;1
202200034252;752 918;7;0;1;3;1;1
202200034253;752 916;7;0;2;2;16;1
202200034253;752 917;33;0;2;3;18;1
202200034254;752 915;33;0;1;1;0;1
202200034255;752 912;10;0;2;4;16;1
202200034255;752 913;7;0;2;4;16;1
202200034255;752 914;7;0;2;1;16;1
202200034256;752 909;7;0;2;1;1;1
202200034256;752 911;7;0;2;4;2;1
202200034257;752 908;7;0;2;7;1;2
202200034257;752 910;7;0;2;1;1;1
202200034258;752 906;7;0;2;3;9;1
202200034258;752 907;33;0;2;7;3;1
202200034259;752 905;7;2;0;2;1;1
202200034260;752 902;33;0;2;1;3;1
202200034260;752 904;33;0;2;4;1;1
202200034261;752 901;7;2;2;9;17;1
202200034261;752 903;7;3;2;9;17;1
202200034262;752 900;7;15;0;1;1;1
202200034263;752 895;7;8;2;3;1;1
202200034263;752 897;50;0;2;1;9;3
202200034264;752 896;7;0;2;6;2;1
202200034264;752 898;7;0;2;1;1;1
202200034264;752 899;7;0;2;1;13;1
202200034265;752 893;7;0;2;7;17;0
202200034265;752 894;2;0;2;8;1;1
202200034266;752 891;7;0;2;3;1;1
202200034266;752 892;7;0;2;6;1;1
202200034267;752 889;32;0;2;1;2;1
202200034267;752 890;7;0;2;4;2;1
202200034268;752 887;7;0;2;1;13;1
202200034268;752 888;7;0;2;1;1;1
202200034269;752 885;7;0;2;1;10;1
202200034269;752 886;30;0;2;1;1;1
202200034270;752 884;7;8;0;1;14;1
202200034271;752 881;7;6;0;2;1;1
202200034272;752 880;10;0;2;1;18;1
202200034272;752 882;10;0;2;4;15;1
202200034273;752 877;7;0;2;3;26;0
202200034273;752 879;2;0;2;1;10;1
202200034274;752 875;2;0;2;1;1;1
202200034274;752 876;7;0;2;7;15;1
202200034275;752 874;7;0;2;2;3;1
202200034276;752 871;7;0;2;1;1;1
202200034276;752 873;7;0;2;1;13;1
202200034277;752 869;7;0;2;1;1;1
202200034277;752 870;7;0;2;1;1;1
202200034277;752 872;7;0;0;5;15;1
202200034278;752 867;2;0;2;7;1;1
202200034278;752 868;7;0;2;1;9;1
202200034279;752 865;21;0;2;3;1;1
202200034279;752 866;1;0;2;1;1;5
202200034280;752 863;80;0;2;4;16;3
202200034280;752 864;7;0;9;3;1;1
202200034281;752 862;7;0;1;1;1;1
202200034282;752 860;7;0;2;8;26;1
202200034282;752 861;60;0;2;0;0;5
202200034283;752 857;7;0;2;1;1;1
202200034283;752 858;7;0;2;1;5;1
202200034284;752 856;7;0;2;1;1;1
202200034284;752 859;7;7;2;8;9;1
202200034285;752 855;7;2;0;1;17;1
202200034286;752 852;10;0;2;3;13;1
202200034286;752 854;7;0;2;3;1;1
202200034287;752 851;7;0;2;3;16;1
202200034287;752 853;7;0;2;2;1;0
202200034288;752 850;7;2;0;7;15;1
202200034289;752 849;3;14;0;8;13;1
202200034290;752 848;7;13;0;9;13;1
202200034291;752 846;7;0;1;1;1;1
202200034292;752 844;7;0;0;0;15;1
202200034292;752 845;7;0;2;3;1;1
202200034292;752 847;7;0;2;3;1;1
202200034293;752 842;7;0;2;3;13;1
202200034293;752 843;33;0;2;7;1;1
202200034294;752 841;7;0;1;2;1;1
202200034295;752 840;33;13;0;1;1;1
202200034296;752 839;7;0;1;3;1;1
202200034297;752 837;37;0;2;1;8;3
202200034297;752 838;7;0;2;1;8;1
202200034298;752 835;7;7;2;5;15;1
202200034298;752 836;7;0;2;2;1;1
202200034299;752 834;32;0;1;1;1;1
202200034300;752 831;7;0;6;2;1;1
202200034300;752 833;33;0;2;2;1;1
202200034301;752 830;7;0;2;3;16;1
202200034301;752 832;1;0;2;7;1;5
202200034302;752 829;7;2;0;1;1;1
202200034303;752 826;10;0;2;4;2;1
202200034303;752 828;10;0;2;1;2;0
202200034304;752 827;7;2;0;1;1;1
202200034305;752 825;7;0;1;2;9;1
202200034306;752 822;10;0;2;1;1;1
202200034306;752 823;7;0;2;4;15;1
202200034306;752 824;7;0;2;1;1;1
202200034307;752 819;7;0;2;3;15;1
202200034307;752 821;33;0;2;2;1;1
202200034308;752 818;7;0;2;3;1;1
202200034308;752 820;7;0;2;3;1;1
202200034309;752 815;7;0;2;1;19;1
202200034309;752 817;7;8;2;2;1;1
202200034310;752 814;7;0;2;3;1;1
202200034310;752 816;7;0;2;1;1;1
202200034311;752 807;7;0;2;3;13;1
202200034311;752 809;33;0;2;1;1;1
202200034312;752 806;7;0;2;3;0;1
202200034312;752 808;7;0;2;2;0;1
202200034313;752 803;1;0;0;0;1;5
202200034313;752 805;7;0;2;0;22;1
202200034314;752 802;15;0;2;6;1;1
202200034314;752 804;7;0;2;3;13;1
202200034315;752 800;7;0;0;1;14;1
202200034316;752 799;7;0;2;1;15;1
202200034316;752 801;32;0;2;1;1;1
202200034317;752 798;34;0;1;1;1;1
202200034318;752 796;30;0;2;7;17;1
202200034318;752 797;7;0;2;3;15;1
202200034319;752 792;7;4;2;1;21;1
202200034319;752 794;7;0;2;8;1;1
202200034319;752 795;17;0;2;6;1;1
202200034320;752 791;2;0;1;1;1;1
202200034321;752 790;7;7;2;1;1;2
202200034321;752 793;7;11;2;7;9;1
202200034322;752 789;7;2;0;1;1;1
202200034323;752 787;7;0;2;1;2;1
202200034323;752 788;7;0;0;4;0;2
202200034324;752 784;7;0;2;1;2;1
202200034324;752 785;3;0;0;4;1;1
202200034325;752 783;7;0;2;1;2;1
202200034325;752 786;7;0;2;1;5;1
202200034326;752 782;32;6;0;1;1;1
202200034327;752 781;7;8;0;4;1;1
202200034328;752 779;7;13;0;1;1;1
202200034329;752 778;7;0;2;3;1;1
202200034329;752 780;7;0;2;3;13;1
202200034330;752 777;7;7;0;1;1;1
202200034331;752 775;33;0;2;1;2;1
202200034331;752 776;10;0;2;8;6;1
202200034332;752 772;7;3;2;1;1;1
202200034332;752 774;7;3;0;1;13;1
202200034333;752 771;7;0;0;1;5;1
202200034333;752 773;7;2;0;1;13;1
202200034334;752 768;7;0;2;3;10;0
202200034334;752 770;33;0;2;1;1;1
202200034335;752 767;32;0;2;1;1;1
202200034335;752 769;7;0;2;4;23;1
202200034336;752 766;14;0;1;1;1;1
202200034337;752 763;37;0;2;1;2;1
202200034337;752 764;7;0;2;4;2;1
202200034337;752 765;7;0;2;1;2;1
202200034338;752 760;7;0;2;7;14;1
202200034338;752 762;34;0;2;8;1;1
202200034339;752 759;7;0;2;1;2;0
202200034339;752 761;7;0;2;4;2;1
202200034340;752 757;7;3;0;1;0;0
202200034341;752 755;7;0;2;1;1;1
202200034341;752 756;7;0;2;4;2;1