Num_Acc;id_vehicule;categorie_vehicule;obstacle_fixe;obstacle_mobile;point_choc_initial;manoeuvre_principale;motorisation
202200034341;752 758;33;0;2;4;1;1
202200034342;752 754;7;1;0;1;0;1
202200034343;752 751;33;0;2;1;3;1
202200034343;752 752;17;0;2;3;2;1
202200034343;752 753;7;0;2;2;1;1
202200034344;752 749;7;0;2;2;11;1
202200034344;752 750;2;0;2;4;19;1
202200034345;752 747;10;0;2;1;2;1
202200034345;752 748;10;0;0;4;2;1
202200034346;752 745;32;0;2;5;17;1
202200034346;752 746;7;1;2;9;15;1
202200034347;752 743;99;0;2;1;2;1
202200034347;752 744;7;0;2;4;2;1
202200034348;752 740;7;0;2;0;1;1
202200034348;752 742;1;0;2;1;19;5
202200034349;752 739;7;0;2;8;11;1
202200034349;752 741;31;0;2;0;3;1
202200034350;752 738;2;0;1;1;1;1
202200034351;752 733;7;0;2;1;0;1
202200034351;752 735;7;0;2;1;2;1
202200034351;752 736;7;0;2;4;2;1
202200034351;752 737;7;0;2;1;2;1
202200034352;752 732;7;0;0;6;13;1
202200034352;752 734;43;0;2;1;17;1
202200034353;752 730;80;0;1;1;1;3
202200034354;752 729;7;0;2;7;12;1
202200034354;752 731;33;0;2;3;3;1
202200034355;752 725;50;0;2;1;1;3
202200034355;752 728;60;0;2;8;19;5
202200034356;752 724;15;0;2;5;12;1
202200034356;752 726;7;0;2;0;0;1
202200034356;752 727;7;0;2;0;0;1
202200034357;752 720;50;0;2;1;5;3
202200034357;752 723;7;0;2;1;1;1
202200034358;752 719;7;0;2;1;2;1
202200034358;752 721;7;0;2;4;23;1
202200034358;752 722;7;0;2;4;23;1
202200034359;752 716;10;0;2;5;2;1
202200034359;752 718;1;0;2;2;2;5
202200034360;752 715;7;0;2;4;2;1
202200034360;752 717;7;0;2;1;2;1
202200034361;752 712;1;0;2;4;2;5
202200034361;752 714;7;0;2;1;2;1
202200034362;752 711;7;0;2;2;1;1
202200034362;752 713;7;0;2;5;9;1
202200034363;752 710;10;0;1;6;4;1
202200034364;752 708;7;0;2;1;15;1
202200034364;752 709;2;0;2;1;1;1
202200034365;752 707;7;0;1;1;0;1
202200034366;752 706;30;0;1;4;1;3
202200034367;752 705;7;0;1;1;1;1
202200034368;752 703;10;0;2;0;0;0
202200034368;752 704;32;0;0;4;0;1
202200034369;752 701;7;0;1;1;1;0
202200034370;752 702;50;12;0;1;1;3
202200034371;752 697;7;0;2;1;1;1
202200034371;752 698;7;0;2;2;1;1
202200034372;752 696;33;13;0;1;14;1
202200034373;752 694;7;0;2;5;15;1
202200034373;752 695;33;0;2;1;1;1
202200034374;752 700;7;0;1;1;1;1
202200034375;752 693;7;13;0;0;14;1
202200034376;752 691;33;0;2;1;2;1
202200034376;752 692;7;0;2;3;10;1
202200034377;752 689;15;0;2;6;1;1
202200034377;752 690;7;4;2;2;14;1
202200034378;752 687;7;0;2;1;13;1
202200034378;752 688;14;0;2;1;26;1
202200034379;752 686;7;0;1;1;1;1
202200034380;752 685;7;0;1;2;1;1
202200034381;752 683;7;0;2;3;15;1
202200034381;752 684;33;0;2;7;17;1
202200034382;752 681;10;0;2;3;13;1
202200034382;752 682;7;0;2;3;1;1
202200034383;752 680;7;6;0;2;1;1
202200034384;752 679;7;13;0;1;2;1
202200034385;752 678;2;0;0;1;1;1
202200034386;752 676;7;0;0;0;26;1
202200034387;752 675;33;0;2;1;1;1
202200034387;752 677;7;0;2;3;15;1
202200034388;752 673;7;2;2;3;21;1
202200034389;752 672;33;0;2;1;1;1
202200034389;752 674;7;0;2;3;15;1
202200034390;752 669;7;0;2;4;26;2
202200034390;752 670;7;0;2;9;26;1
202200034390;752 671;7;0;2;1;1;1
202200034391;752 667;7;0;2;3;13;1
202200034391;752 668;7;3;2;3;1;1
202200034392;752 666;7;0;1;2;16;1
202200034393;752 664;7;0;2;1;1;1
202200034393;752 665;31;0;2;1;1;1
202200034394;752 662;7;0;2;7;15;1
202200034394;752 663;7;0;2;1;1;1
202200034395;752 657;7;0;2;2;17;3
202200034395;752 659;2;0;2;8;15;1
202200034396;752 655;32;0;2;1;1;0
202200034396;752 656;21;0;2;8;1;0
202200034397;752 653;7;0;2;1;1;1
202200034397;752 654;7;0;2;8;1;1
202200034398;752 651;7;0;2;1;2;1
202200034398;752 652;7;0;0;4;1;1
202200034399;752 649;17;0;2;1;1;1
202200034399;752 650;7;0;2;1;1;1
202200034400;752 647;7;0;2;1;0;1
202200034400;752 648;10;0;2;1;0;1
202200034401;752 645;7;0;2;2;15;1
202200034401;752 646;7;0;2;1;1;1
202200034402;752 642;7;0;2;7;21;1
202200034402;752 644;7;0;2;2;13;1
202200034403;752 641;33;0;2;2;1;1
202200034403;752 643;7;0;2;1;15;1
202200034404;752 640;7;0;1;3;1;1
202200034405;752 638;7;2;0;1;13;1
202200034406;752 635;2;5;0;3;1;1
202200034407;752 633;80;0;2;8;19;3
202200034407;752 634;7;0;2;1;1;1
202200034408;752 628;10;0;2;1;26;1
202200034408;752 631;7;0;2;6;26;1
202200034408;752 632;7;0;2;8;1;1
202200034409;752 629;30;0;2;1;1;1
202200034409;752 630;7;0;2;7;15;1
202200034410;752 627;1;0;0;0;1;5
202200034411;752 626;7;0;2;5;1;1
202200034412;752 624;7;0;1;1;15;1
202200034413;752 623;1;0;2;1;13;5
202200034413;752 625;7;0;2;1;13;1
202200034414;752 619;50;0;2;0;0;3
202200034414;752 622;7;0;2;3;15;1
202200034415;752 618;7;0;2;1;17;1
202200034415;752 620;14;0;2;1;1;1
202200034415;752 621;14;0;2;3;1;0
202200034416;752 616;7;0;2;3;0;2
202200034416;752 617;50;0;2;5;0;3
202200034417;752 614;30;0;0;2;1;1
202200034418;752 613;7;3;2;2;1;1
202200034418;752 615;31;3;2;1;1;1
202200034419;752 611;2;4;0;2;0;1
202200034420;752 610;7;0;2;2;1;1
202200034420;752 612;7;0;2;1;15;1
202200034421;752 607;7;0;2;1;1;1
202200034421;752 609;7;0;2;1;13;1
202200034422;752 606;7;0;2;2;15;1
202200034422;752 608;7;0;2;1;1;1
202200034423;752 603;2;0;2;8;19;1
202200034423;752 605;7;0;2;2;19;1
202200034424;752 602;7;0;2;2;15;1
202200034424;752 604;7;0;2;1;1;1
202200034425;752 600;7;1;9;3;20;1
202200034426;752 599;7;0;2;2;16;1
202200034426;752 601;1;0;2;1;2;5
202200034427;752 598;33;0;0;1;26;1
202200034428;752 596;7;8;0;7;1;1
202200034429;752 595;7;0;2;1;2;1
202200034429;752 597;7;0;2;4;1;1
202200034430;752 594;17;6;0;2;15;1
202200034431;752 593;7;0;1;1;1;1
202200034432;752 592;2;9;0;1;1;1
202200034433;752 589;33;0;2;1;1;1
202200034433;752 591;7;0;2;2;16;1
202200034434;752 588;7;0;2;5;19;1
202200034434;752 590;2;0;2;6;2;1
202200034435;752 587;33;13;0;1;1;1
202200034436;752 584;7;0;1;1;15;1
202200034437;752 585;50;0;2;8;1;3
202200034437;752 586;10;0;9;2;16;3
202200034438;752 583;33;13;0;2;1;1
202200034439;752 581;7;15;0;7;0;1
202200034440;752 579;7;0;2;4;1;1
202200034440;752 580;10;0;2;1;1;1
202200034440;752 582;7;0;2;4;1;1
202200034441;752 577;7;15;0;1;1;1
202200034442;752 576;7;0;2;3;9;1
202200034442;752 578;31;0;2;7;15;1
202200034443;752 573;2;0;2;1;1;1
202200034443;752 575;7;0;2;5;15;1
202200034444;752 572;10;0;2;1;1;1
202200034444;752 574;7;0;2;4;1;1
202200034445;752 571;36;13;0;1;0;1
202200034446;752 570;1;0;0;8;1;5
202200034447;752 567;7;0;2;3;13;1
202200034447;752 569;7;0;2;1;1;1
202200034448;752 564;7;0;2;1;1;1
202200034448;752 565;7;0;2;2;1;1
202200034449;752 563;7;1;0;3;13;1
202200034450;752 562;7;3;0;3;0;1
202200034451;752 560;13;0;2;2;17;1
202200034451;752 561;7;0;2;2;1;1
202200034452;752 557;7;0;2;0;1;0
202200034452;752 558;7;0;2;0;1;0
202200034453;752 556;7;3;2;2;17;1
202200034453;752 559;17;0;2;6;0;1
202200034454;752 553;7;0;2;2;1;1
202200034454;752 555;7;0;2;6;1;1
202200034455;752 552;7;0;0;4;1;1
202200034455;752 554;7;0;2;1;2;1
202200034456;752 551;7;0;1;3;1;1
202200034457;752 548;7;0;2;2;16;1
202200034457;752 550;50;0;2;8;25;3
202200034458;752 547;7;0;2;3;15;0
202200034458;752 549;33;0;2;1;1;1
202200034459;752 544;7;0;2;1;1;1
202200034459;752 545;7;0;2;4;1;1
202200034460;752 543;33;0;2;1;23;1
202200034460;752 546;10;1;0;4;4;1
202200034461;752 542;10;0;1;5;21;1
202200034462;752 539;7;4;2;1;0;1
202200034462;752 540;10;0;2;8;0;1
202200034462;752 541;7;0;0;6;1;1
202200034463;752 537;43;1;0;2;18;1
202200034463;752 538;7;0;2;7;23;1
202200034464;752 536;7;0;0;1;1;1
202200034465;752 535;7;0;1;2;1;1
202200034466;752 533;13;0;0;4;23;1
202200034466;752 534;13;1;0;1;2;0
202200034467;752 531;7;0;2;1;15;1
202200034467;752 532;1;0;2;1;1;5
202200034468;752 527;7;0;2;3;13;1
202200034468;752 529;7;0;2;3;1;1
202200034469;752 525;7;0;2;7;26;1
202200034469;752 526;34;0;2;8;26;1
202200034470;752 528;10;0;2;2;1;1
202200034470;752 530;1;0;2;1;19;5
202200034471;752 524;99;12;0;0;0;0
202200034472;752 522;10;0;2;1;2;1
202200034472;752 523;7;0;2;4;2;1
202200034473;752 521;36;0;0;3;1;1
202200034474;752 520;7;2;0;3;13;1
202200034475;752 518;7;0;2;3;13;1
202200034475;752 519;7;0;2;3;1;1
202200034476;752 516;7;0;2;1;1;1
202200034476;752 517;10;0;0;4;1;1
202200034477;752 513;7;0;2;1;2;1
202200034477;752 514;7;0;2;4;2;1
202200034477;752 515;7;0;0;4;2;1
202200034478;752 511;33;0;2;1;1;1
202200034478;752 512;7;0;0;4;15;1
202200034479;752 509;7;0;2;1;2;1
202200034479;752 510;7;0;2;4;0;1
202200034480;752 507;33;0;2;1;5;1
202200034480;752 508;7;6;2;3;1;1
202200034481;752 506;36;6;0;2;1;1
202200034482;752 505;50;0;0;0;1;3
202200034483;752 504;1;0;0;0;1;5
202200034484;752 503;7;8;0;1;14;1
202200034485;752 502;7;8;0;1;1;1
202200034486;752 500;7;0;2;1;1;1
202200034486;752 501;7;0;2;1;1;1
202200034487;752 498;7;0;2;3;1;1
202200034487;752 499;50;0;2;2;1;3
202200034488;752 496;7;0;2;1;1;1
202200034488;752 497;10;0;2;1;1;1
202200034489;752 494;10;0;2;6;15;1
202200034489;752 495;33;13;2;1;1;1
202200034490;752 492;1;0;2;8;1;5
202200034490;752 493;7;0;2;1;15;1
202200034491;752 490;7;13;2;1;1;1
202200034491;752 491;7;0;2;3;13;1
202200034492;752 489;50;0;0;7;1;3
202200034493;752 487;10;0;2;2;21;1
202200034493;752 488;10;13;2;5;13;1
202200034494;752 486;7;4;0;1;1;1
202200034495;752 484;7;0;2;1;17;1
202200034495;752 485;7;0;2;1;5;1
202200034496;752 481;7;0;2;4;2;3
202200034496;752 482;7;0;2;4;2;1
202200034496;752 483;7;0;2;1;2;1
202200034497;752 480;33;3;0;7;21;1
202200034498;752 479;7;13;0;2;14;0
202200034499;752 478;7;0;0;9;17;1
202200034500;752 475;7;0;2;6;1;1
202200034500;752 476;7;0;2;1;14;1
202200034500;752 477;33;0;2;0;0;1
202200034501;752 472;37;0;2;2;0;1
202200034501;752 473;7;0;2;9;2;1
202200034501;752 474;7;0;2;1;2;1
202200034502;752 470;7;0;2;1;2;2
202200034502;752 471;7;0;2;4;1;1
202200034503;752 469;10;0;1;2;1;1
202200034504;752 467;7;0;2;3;1;1
202200034504;752 468;7;0;2;8;1;1
202200034505;752 466;7;6;0;1;1;1
202200034506;752 463;7;0;2;2;15;1
202200034506;752 464;7;0;2;1;1;1
202200034507;752 462;7;0;9;8;23;1
202200034507;752 465;2;0;2;1;26;1
202200034508;752 460;1;0;2;8;1;5
202200034508;752 461;7;0;2;1;15;1
202200034509;752 457;7;0;2;1;1;1
202200034509;752 459;7;0;2;7;19;1
202200034510;752 456;7;4;2;6;1;1
202200034510;752 458;17;0;2;5;12;1
202200034511;752 452;7;0;2;1;6;0
202200034511;752 454;33;0;2;4;23;0
202200034512;752 453;7;0;2;2;15;1
202200034512;752 455;31;0;2;1;1;1
202200034513;752 451;40;0;1;1;1;3
202200034514;752 445;7;0;2;4;2;1
202200034514;752 446;7;0;2;6;2;1
202200034514;752 448;7;0;2;6;2;1
202200034514;752 449;7;0;2;1;2;1
202200034515;752 443;7;0;1;1;1;1
202200034516;752 442;7;0;2;2;9;1
202200034516;752 444;7;0;2;1;1;1
202200034517;752 441;7;0;1;1;1;2
202200034518;752 438;7;0;2;1;1;1
202200034518;752 439;1;0;2;8;19;5
202200034519;752 437;7;0;2;1;13;1
202200034519;752 440;7;0;2;1;1;1
202200034520;752 435;7;0;1;2;1;1
202200034521;752 434;33;0;2;7;17;1
202200034521;752 436;7;0;2;0;17;0
202200034522;752 430;33;0;2;1;1;1
202200034522;752 432;7;0;2;3;15;1
202200034523;752 431;7;0;2;4;1;1
202200034523;752 433;7;0;2;1;1;1
202200034524;752 426;10;0;2;1;2;1
202200034524;752 427;7;0;2;4;2;1
202200034525;752 424;7;0;2;8;1;1
202200034525;752 425;7;0;2;1;1;1
202200034526;752 423;30;12;0;7;14;1
202200034527;752 422;7;0;1;0;1;1
202200034528;752 420;7;0;2;6;15;1
202200034528;752 421;30;0;2;2;11;1
202200034529;752 417;33;0;2;7;17;1
202200034529;752 418;7;0;2;3;15;1
202200034530;752 416;50;0;2;1;25;3
202200034530;752 419;10;0;2;5;15;1
202200034531;752 415;2;8;0;3;14;1
202200034532;752 413;10;0;1;1;16;1
202200034533;752 412;10;0;1;2;1;1
202200034534;752 410;7;0;2;1;1;1
202200034534;752 411;7;0;2;1;1;1
202200034534;752 414;7;0;2;1;5;1
202200034535;752 408;7;0;1;2;15;1
202200034536;752 406;7;0;2;7;1;1
202200034536;752 409;1;0;2;1;1;5
202200034537;752 405;7;0;2;8;1;1
202200034537;752 407;7;0;2;1;1;1
202200034538;752 402;7;0;1;2;1;1
202200034539;752 401;43;0;2;1;1;1
202200034539;752 404;7;0;2;2;15;2
202200034540;752 399;7;15;0;2;14;1
202200034541;752 400;7;0;2;3;11;1
202200034541;752 403;99;0;2;2;1;0
202200034542;752 396;2;0;2;7;17;1
202200034542;752 398;7;0;2;8;26;1
202200034543;752 395;7;0;2;9;1;1
202200034543;752 397;10;0;2;1;17;1
202200034544;752 389;31;0;2;1;1;1
202200034544;752 392;7;0;2;3;1;1
202200034545;752 384;7;1;0;2;1;1
202200034546;752 387;7;0;2;6;1;1
202200034546;752 390;7;0;2;5;1;2
202200034546;752 394;7;0;2;3;1;1
202200034547;752 383;10;0;2;1;1;1
202200034547;752 385;10;0;0;5;1;3
202200034548;752 380;32;1;2;1;26;1
202200034548;752 382;10;0;2;8;23;1
202200034549;752 379;7;0;2;1;26;1
202200034549;752 381;50;0;2;1;26;3
202200034550;752 375;30;16;0;7;1;1
202200034551;752 376;34;0;2;3;15;1
202200034551;752 377;7;0;2;2;15;1
202200034552;752 372;7;0;2;4;1;1
202200034552;752 374;7;0;2;1;12;1
202200034553;752 371;10;0;2;1;15;1
202200034553;752 378;80;0;2;3;15;3
202200034554;752 368;7;6;0;4;13;1
202200034554;752 369;7;6;0;1;17;2
202200034555;752 370;10;0;2;1;15;1
202200034555;752 373;7;0;2;8;1;1
202200034556;752 367;7;12;0;1;14;1
202200034557;752 365;1;0;1;8;25;5
202200034558;752 364;2;1;0;1;26;1
202200034559;752 361;15;0;1;1;26;1
202200034560;752 360;1;0;2;4;1;5
202200034560;752 362;7;0;2;1;1;1
202200034561;752 363;7;0;2;2;16;2
202200034561;752 366;80;0;2;1;1;3
202200034562;752 358;1;0;0;0;0;5
202200034563;752 356;33;0;2;8;1;0
202200034563;752 359;37;0;9;2;1;2
202200034564;752 355;37;0;1;2;1;1
202200034565;752 353;30;0;2;2;1;1
202200034565;752 354;10;0;2;2;1;1
202200034565;752 357;7;0;2;7;1;1
202200034566;752 351;7;0;1;5;1;6
202200034567;752 350;1;0;2;0;0;5
202200034567;752 352;7;0;9;1;9;1
202200034568;752 348;10;0;1;4;4;1
202200034569;752 346;32;0;2;1;1;1
202200034569;752 349;7;0;2;3;10;1
202200034570;752 345;7;0;9;2;1;1
202200034570;752 347;1;0;2;5;9;5
202200034571;752 343;7;0;2;5;23;1
202200034571;752 344;33;0;2;3;1;1
202200034572;752 340;32;0;2;1;1;1
202200034572;752 342;7;0;2;8;15;1
202200034573;752 339;30;0;2;4;2;1
202200034573;752 341;7;0;2;4;26;1
202200034574;752 338;7;0;1;3;15;1
202200034575;752 336;7;1;0;3;2;1
202200034576;752 337;10;1;1;2;12;1
202200034577;752 333;7;1;0;4;4;1
202200034578;752 334;30;0;0;0;0;1
202200034579;752 332;33;0;2;0;13;0
202200034579;752 335;32;0;2;8;13;1
202200034580;752 331;33;0;0;0;1;1
202200034581;752 329;30;4;0;1;14;1
202200034582;752 330;37;0;1;7;16;2
202200034583;752 327;1;0;2;8;1;5
202200034583;752 328;7;0;2;1;2;1
202200034584;752 324;7;0;1;4;20;1
202200034585;752 323;7;0;2;3;13;1
202200034585;752 325;7;0;2;3;26;1
202200034586;752 322;2;0;2;2;1;1
202200034586;752 326;7;0;2;3;9;1
202200034587;752 321;7;0;0;1;1;1
202200034588;752 320;7;0;1;2;9;1
202200034589;752 318;7;0;1;1;1;1
202200034590;752 316;7;0;1;4;2;1
202200034590;752 319;10;0;2;1;2;1
202200034591;752 315;14;0;2;7;1;1
202200034591;752 317;33;0;2;8;11;1
202200034592;752 312;10;15;0;0;0;1
202200034593;752 313;32;5;0;1;14;1
202200034594;752 311;2;0;2;0;17;1
202200034594;752 314;7;0;2;3;13;1
202200034595;752 310;7;0;1;2;0;0
202200034596;752 309;37;0;1;1;1;1
202200034597;752 305;30;0;2;1;16;3
202200034597;752 307;1;0;2;1;5;5
202200034598;752 303;30;0;2;7;1;1
202200034598;752 306;7;0;2;3;1;1
202200034599;752 297;1;0;2;3;1;5
202200034599;752 301;7;0;2;3;15;1
202200034600;752 300;7;0;2;3;13;1
202200034600;752 302;15;0;2;6;1;1
202200034600;752 304;7;0;2;1;1;1
202200034600;752 308;7;14;0;1;1;1
202200034601;752 295;7;0;2;2;1;1
202200034601;752 299;7;0;2;3;9;1
202200034602;752 296;32;0;2;1;1;1
202200034602;752 298;7;0;2;6;9;1
202200034603;752 294;30;0;2;0;1;1
202200034604;752 292;60;15;0;0;1;5
202200034605;752 291;7;0;2;2;13;1
202200034605;752 293;10;0;2;3;1;1
202200034606;752 288;1;0;2;7;1;5
202200034606;752 289;7;0;9;3;1;2
202200034607;752 286;7;0;1;2;1;1
202200034608;752 287;31;0;2;8;5;3
202200034608;752 290;7;0;2;3;9;1
202200034609;752 285;7;14;0;1;15;0
202200034610;752 284;10;6;0;1;1;1
202200034611;752 282;7;0;2;0;0;1
202200034611;752 283;7;0;2;6;23;1
202200034612;752 279;7;0;2;8;15;1
202200034612;752 280;30;0;2;1;1;1
202200034612;752 281;7;0;2;2;15;1
202200034613;752 278;10;8;0;1;9;1
202200034614;752 277;7;0;1;3;1;1
202200034615;752 274;7;0;2;3;2;1
202200034615;752 276;7;0;2;2;19;1
202200034616;752 273;7;3;0;1;1;1
202200034617;752 272;7;0;2;3;9;1
202200034617;752 275;7;0;2;2;1;1
202200034618;752 270;7;0;2;8;11;0
202200034618;752 271;34;0;2;7;1;1
202200034619;752 268;7;12;1;1;18;1
202200034620;752 265;7;0;2;8;17;1
202200034620;752 266;2;0;2;7;17;1
202200034621;752 267;7;0;2;2;9;1
202200034621;752 269;1;0;2;8;19;5
202200034622;752 261;7;0;0;0;0;0
202200034622;752 263;7;0;0;0;0;0
202200034623;752 264;7;0;1;2;1;0
202200034624;752 260;1;0;2;1;1;5
202200034624;752 262;10;0;9;3;9;1
202200034625;752 257;50;0;2;1;1;3
202200034625;752 259;7;0;2;2;16;1
202200034626;752 256;7;0;2;2;1;1
202200034626;752 258;32;0;2;1;1;1
202200034627;752 254;3;0;1;3;15;1
202200034628;752 253;10;0;2;1;1;1
202200034628;752 255;7;0;2;1;1;1
202200034629;752 250;7;0;1;2;13;1
202200034630;752 251;7;0;2;0;1;
202200034630;752 252;50;0;2;0;0;3
202200034631;752 247;17;0;0;6;24;1
202200034631;752 249;17;1;0;2;14;1
202200034632;752 245;7;0;2;7;17;1
202200034632;752 248;1;0;2;8;2;5
202200034633;752 244;7;;;0;1;
202200034633;752 246;7;0;2;0;0;
202200034634;752 243;33;0;0;0;1;1
202200034635;752 241;7;0;2;1;0;1
202200034635;752 242;2;8;2;8;1;1
202200034636;752 239;7;;;;;
202200034636;752 240;1;;;0;1;5
202200034637;752 237;7;0;0;1;1;1
202200034638;752 236;7;8;2;2;17;1
202200034638;752 238;21;0;2;3;2;1
202200034639;752 233;33;5;0;0;1;1
202200034640;752 234;50;0;2;0;15;3
202200034640;752 235;7;0;2;0;1;
202200034641;752 228;33;1;0;1;1;1
202200034641;752 231;7;0;0;5;23;1
202200034642;752 229;1;0;2;8;1;5
202200034642;752 232;7;0;9;7;1;1
202200034643;752 227;1;0;2;1;2;5
202200034643;752 230;1;0;2;4;15;5
202200034644;752 224;7;0;2;2;2;2
202200034644;752 226;2;0;2;4;2;1
202200034645;752 221;7;0;2;0;0;
202200034645;752 222;50;0;2;0;0;3
202200034646;752 220;7;8;0;0;1;1
202200034647;752 217;7;0;0;4;26;1
202200034647;752 219;2;0;2;1;2;1
202200034648;752 215;10;0;2;2;15;1
202200034648;752 216;33;0;2;1;1;1
202200034649;752 214;1;0;2;3;19;5
202200034649;752 218;7;0;2;1;1;1
202200034650;752 213;7;0;0;0;26;1
202200034651;752 212;10;3;1;1;21;1
202200034652;752 210;1;0;2;3;2;5
202200034652;752 211;7;0;2;2;2;1
202200034653;752 209;7;13;0;2;1;1
202200034654;752 205;7;2;0;1;1;1
202200034655;752 202;7;13;0;2;14;1
202200034656;752 203;10;0;2;4;2;1
202200034656;752 204;7;0;2;1;2;1
202200034656;752 207;7;0;2;4;2;1
202200034657;752 200;7;0;2;1;5;1
202200034657;752 201;7;0;2;1;1;1
202200034658;752 199;17;0;1;1;1;1
202200034659;752 197;2;3;0;0;0;1
202200034660;752 196;33;8;2;7;17;1
202200034660;752 198;7;0;2;3;17;1
202200034661;752 194;7;0;2;1;1;1
202200034661;752 195;7;0;2;1;1;1
202200034662;752 193;7;0;1;2;2;1
202200034663;752 189;50;0;0;4;16;3
202200034663;752 191;7;0;2;2;1;1
202200034664;752 190;33;0;2;2;17;1
202200034664;752 192;10;0;2;3;15;1
202200034665;752 187;14;0;2;1;1;1
202200034665;752 188;7;0;2;7;19;1
202200034666;752 186;33;8;0;4;1;1
202200034667;752 184;7;0;2;1;1;1
202200034667;752 185;7;0;2;2;13;1
202200034668;752 183;13;12;0;7;15;1
202200034669;752 180;2;0;2;1;1;1
202200034669;752 181;10;0;2;3;13;1
202200034670;752 179;1;0;2;1;0;5
202200034670;752 182;7;0;0;0;0;1
202200034671;752 177;2;0;0;5;16;1
202200034671;752 178;7;0;0;2;9;1
202200034672;752 172;33;12;0;1;26;1
202200034673;752 173;33;0;2;1;2;1
202200034673;752 175;7;0;0;4;2;1
202200034674;752 168;33;0;2;2;1;1
202200034674;752 170;7;0;2;1;15;1
202200034675;752 166;7;0;2;1;2;1
202200034675;752 169;7;0;0;4;0;1
202200034675;752 171;7;0;2;4;0;1
202200034675;752 174;7;0;0;4;0;1
202200034675;752 176;7;0;2;2;21;1
202200034676;752 165;2;16;0;0;13;1
202200034677;752 167;7;7;0;1;1;1
202200034678;752 163;7;7;0;3;1;1
202200034679;752 162;10;0;2;2;1;1
202200034679;752 164;33;0;2;1;13;1
202200034680;752 159;7;0;0;3;23;1
202200034680;752 161;7;1;0;2;21;1
202200034681;752 157;2;0;2;1;19;1
202200034681;752 160;10;0;2;8;1;1
202200034682;752 156;33;0;2;1;1;1
202200034682;752 158;7;0;2;5;1;1
202200034683;752 154;7;6;0;2;1;1
202200034684;752 152;7;0;1;1;1;1
202200034685;752 151;7;0;2;3;1;3
202200034685;752 153;7;0;2;1;13;1
202200034686;752 150;3;0;0;1;1;1
202200034687;752 147;7;8;0;8;1;1
202200034688;752 146;7;0;2;3;1;1
202200034688;752 148;7;12;2;3;1;1
202200034689;752 145;1;0;2;7;12;5
202200034689;752 149;7;0;2;3;1;1
202200034690;752 143;7;1;0;8;1;1
202200034690;752 144;15;0;2;2;26;1
202200034691;752 141;7;13;0;1;11;1
202200034691;752 142;7;13;0;1;1;1
202200034692;752 139;7;0;2;1;1;1
202200034692;752 140;15;0;2;6;1;1
202200034693;752 134;7;0;1;1;1;1
202200034694;752 135;1;0;0;1;1;5
202200034694;752 136;1;0;2;1;1;5
202200034694;752 138;7;0;9;2;19;1
202200034695;752 133;7;0;1;1;1;1
202200034696;752 132;7;2;0;1;0;1
202200034697;752 131;7;0;2;1;1;1
202200034697;752 137;7;0;2;1;5;1
202200034698;752 128;17;0;0;4;2;1
202200034698;752 130;10;0;2;1;2;1
202200034699;752 127;1;0;2;8;13;5
202200034699;752 129;7;0;9;8;2;1
202200034700;752 125;7;0;2;3;13;1
202200034700;752 126;14;0;2;8;1;1
202200034701;752 124;7;4;0;3;14;1
202200034702;752 120;15;0;0;4;2;1
202200034702;752 121;7;0;2;1;2;1
202200034703;752 119;2;0;0;0;1;1
202200034704;752 116;7;0;2;3;9;1
202200034704;752 118;31;0;2;1;1;1
202200034705;752 115;7;13;0;2;2;1
202200034706;752 114;7;0;9;2;15;1
202200034706;752 117;80;0;2;8;1;3
202200034707;752 111;7;0;2;7;12;1
202200034707;752 113;33;0;2;8;3;1
202200034708;752 109;2;0;0;4;2;1
202200034708;752 112;7;0;2;2;2;1
202200034709;752 110;13;0;0;0;1;1
202200034710;752 107;14;0;0;4;2;1
202200034710;752 108;10;0;2;1;2;1
202200034711;752 106;33;0;0;2;13;1
202200034712;752 105;33;0;6;1;1;1
202200034713;752 099;7;13;0;1;0;2
202200034714;752 096;50;0;0;0;0;3
202200034715;752 092;7;0;2;2;17;1
202200034715;752 094;7;3;0;8;1;3
202200034715;752 095;7;0;0;4;1;1
202200034715;752 098;7;0;2;1;1;1
202200034715;752 100;7;0;0;4;1;1
202200034715;752 101;7;3;2;9;1;1
202200034715;752 102;7;0;2;1;1;1
202200034715;752 104;7;0;2;4;1;1
202200034716;752 093;7;0;0;0;1;1
202200034716;752 097;7;0;0;0;13;0
202200034717;752 090;31;0;2;1;1;1
202200034717;752 091;7;0;2;5;15;1
202200034718;752 089;7;0;1;0;0;0
202200034719;752 088;33;6;0;1;14;1
202200034720;752 086;36;2;0;1;14;1
202200034721;752 084;2;0;0;6;1;1
202200034722;752 085;10;0;9;2;1;1
202200034722;752 087;1;0;2;6;15;5
202200034723;752 083;36;0;0;0;14;1
202200034724;752 081;7;0;2;3;1;1
202200034724;752 082;7;0;2;3;1;1
202200034725;752 078;10;2;0;1;14;1
202200034726;752 077;7;0;2;7;19;1
202200034726;752 080;50;0;2;1;1;3
202200034727;752 076;10;0;2;5;1;1
202200034727;752 079;7;0;2;3;12;1
202200034728;752 074;7;0;1;2;9;1
202200034729;752 073;10;0;0;6;1;1
202200034729;752 075;33;0;2;1;21;1
202200034730;752 069;7;0;2;1;21;1
202200034730;752 071;7;0;0;3;5;1
202200034731;752 067;7;0;2;8;1;1
202200034731;752 070;7;0;2;8;1;1
202200034732;752 065;7;0;1;3;15;1
202200034733;752 068;10;0;0;7;1;1
202200034733;752 072;7;14;2;1;1;1
202200034734;752 066;7;3;0;3;0;0
202200034735;752 063;7;13;0;3;16;1
202200034736;752 060;7;0;2;4;23;1
202200034736;752 064;31;0;2;1;2;1
202200034737;752 057;7;3;2;7;13;1
202200034737;752 058;14;0;2;1;1;1
202200034738;752 059;7;0;2;4;2;1