Num_Acc;id_vehicule;categorie_vehicule;obstacle_fixe;obstacle_mobile;point_choc_initial;manoeuvre_principale;motorisation
202200034738;752 061;7;0;2;4;2;1
202200034738;752 062;7;0;2;1;2;1
202200034739;752 055;7;2;2;3;13;1
202200034739;752 056;7;0;2;3;1;1
202200034740;752 053;14;0;0;4;2;1
202200034740;752 054;7;0;2;1;2;1
202200034741;752 051;7;0;2;1;5;0
202200034741;752 052;7;0;2;1;1;1
202200034742;752 048;7;0;2;8;15;1
202200034742;752 050;2;0;2;1;17;1
202200034743;752 046;1;0;0;1;0;5
202200034744;752 047;7;0;2;5;23;1
202200034744;752 049;31;0;2;1;3;1
202200034745;752 044;7;0;2;1;1;1
202200034745;752 045;7;0;2;1;5;1
202200034746;752 043;7;3;0;9;14;2
202200034747;752 038;7;0;2;1;17;1
202200034747;752 040;10;0;2;6;2;1
202200034747;752 042;10;0;2;4;2;1
202200034748;752 036;7;0;2;1;1;1
202200034748;752 039;7;0;2;1;17;1
202200034749;752 035;7;0;2;2;1;1
202200034749;752 037;7;0;0;3;1;1
202200034750;752 034;7;0;1;0;15;1
202200034751;752 033;34;0;0;1;0;1
202200034752;752 031;7;2;0;3;1;1
202200034753;752 029;7;0;2;1;2;1
202200034753;752 032;10;0;2;4;2;1
202200034754;752 028;33;0;2;1;1;1
202200034754;752 030;7;0;2;6;9;1
202200034755;752 026;7;0;2;5;13;1
202200034755;752 027;10;0;2;1;1;1
202200034756;752 024;7;5;0;7;14;1
202200034757;752 022;7;0;1;3;1;1
202200034758;752 023;7;0;2;4;2;1
202200034758;752 025;17;0;2;1;2;1
202200034759;752 021;7;15;0;3;1;1
202200034760;752 020;7;2;0;1;1;1
202200034761;752 018;7;0;1;3;2;1
202200034762;752 017;7;0;9;0;15;1
202200034763;752 016;7;0;2;4;2;1
202200034763;752 019;7;0;0;0;0;0
202200034764;752 015;0;0;1;2;25;0
202200034765;752 013;1;0;2;1;15;5
202200034765;752 014;7;0;0;7;1;1
202200034766;752 010;7;1;0;3;1;1
202200034766;752 012;7;0;0;5;23;1
202200034767;752 007;10;0;2;3;11;1
202200034767;752 009;33;0;2;1;3;1
202200034767;752 011;7;0;2;4;1;1
202200034768;752 006;7;0;2;3;15;1
202200034768;752 008;7;0;2;2;1;1
202200034769;752 002;10;0;2;1;1;1
202200034769;752 004;7;0;0;4;1;1
202200034770;751 998;10;0;2;4;23;1
202200034770;752 000;33;0;2;1;2;1
202200034771;751 997;7;4;0;3;1;1
202200034771;752 001;7;0;2;1;1;1
202200034772;751 995;7;0;1;2;16;1
202200034773;751 993;7;0;2;5;1;1
202200034773;751 994;7;0;2;3;1;3
202200034773;751 996;7;0;2;3;0;1
202200034774;751 989;7;0;0;6;15;1
202200034774;751 991;33;0;2;1;17;1
202200034775;751 984;7;0;2;3;1;1
202200034775;751 985;7;0;2;3;0;1
202200034776;751 983;7;0;2;4;2;2
202200034776;751 986;7;0;2;1;2;1
202200034776;751 992;10;0;2;1;2;1
202200034777;751 982;33;2;0;1;1;1
202200034778;751 980;33;12;0;8;1;1
202200034779;751 981;7;0;2;1;1;0
202200034780;751 987;7;0;2;4;2;1
202200034780;751 988;7;0;2;4;2;1
202200034780;751 990;7;0;2;1;2;1
202200034781;751 976;7;0;2;1;2;1
202200034781;751 977;7;0;2;4;2;1
202200034782;751 979;7;0;1;1;1;1
202200034783;751 975;33;0;2;1;1;1
202200034783;751 978;7;0;2;2;15;1
202200034784;751 974;7;4;0;3;1;1
202200034785;751 972;7;13;0;1;1;1
202200034786;751 971;7;3;0;3;1;1
202200034787;751 970;1;0;2;0;0;0
202200034787;751 973;7;0;2;3;24;1
202200034788;751 967;7;0;2;4;2;1
202200034788;751 968;7;0;2;1;2;1
202200034789;751 964;7;0;2;4;17;1
202200034789;751 966;7;0;2;1;1;1
202200034790;751 965;7;0;2;3;1;1
202200034790;751 969;7;0;0;6;1;1
202200034791;751 962;7;0;2;7;12;1
202200034791;751 963;33;0;2;8;3;1
202200034792;751 961;7;2;0;8;1;1
202200034793;751 959;7;0;2;1;1;1
202200034793;751 960;7;0;2;6;1;1
202200034794;751 957;33;0;2;7;0;1
202200034794;751 958;7;0;2;8;11;1
202200034795;751 953;33;0;2;1;9;1
202200034795;751 954;10;0;0;0;0;1
202200034796;751 955;37;0;1;2;1;1
202200034797;751 956;7;3;0;1;1;1
202200034798;751 951;2;0;1;1;17;1
202200034799;751 949;7;0;2;4;2;1
202200034799;751 950;10;0;2;4;2;1
202200034799;751 952;10;0;2;1;2;1
202200034800;751 948;7;0;1;3;15;2
202200034801;751 947;7;0;1;2;26;1
202200034802;751 943;33;0;2;3;2;1
202200034802;751 945;7;0;2;4;2;1
202200034803;751 942;10;0;2;1;1;1
202200034803;751 944;10;0;2;4;23;1
202200034803;751 946;10;0;2;4;23;1
202200034804;751 938;10;0;2;3;9;1
202200034804;751 941;30;0;2;7;1;3
202200034805;751 937;10;2;2;1;2;1
202200034805;751 940;10;2;2;4;1;1
202200034806;751 939;33;0;0;9;16;1
202200034807;751 935;33;0;2;1;1;1
202200034807;751 936;7;0;2;1;10;1
202200034808;751 930;7;0;2;1;2;1
202200034808;751 933;7;0;2;4;2;1
202200034808;751 934;7;0;2;4;23;0
202200034809;751 929;1;0;2;3;1;5
202200034809;751 932;7;0;2;2;9;1
202200034810;751 926;7;9;0;0;0;1
202200034811;751 923;7;0;2;3;9;1
202200034811;751 925;15;0;2;1;1;1
202200034811;751 927;7;0;2;7;1;1
202200034812;751 924;14;0;2;2;22;1
202200034812;751 928;1;0;2;1;1;5
202200034813;751 921;10;8;0;1;26;1
202200034814;751 920;7;0;1;0;16;1
202200034815;751 919;1;0;2;1;17;5
202200034815;751 922;7;0;2;8;15;1
202200034816;751 916;10;0;2;4;23;1
202200034816;751 918;30;0;2;1;1;1
202200034817;751 914;7;0;2;4;11;1
202200034817;751 917;33;0;2;1;3;1
202200034818;751 912;7;0;2;1;2;0
202200034818;751 913;43;0;2;4;2;1
202200034819;751 909;10;0;2;8;1;1
202200034819;751 915;7;0;2;1;1;1
202200034820;751 908;38;0;2;1;1;1
202200034820;751 910;7;3;2;4;1;1
202200034820;751 911;7;0;2;8;1;1
202200034821;751 907;50;0;1;1;1;3
202200034822;751 902;1;0;2;0;16;5
202200034822;751 904;10;0;2;0;4;1
202200034823;751 900;7;0;2;4;23;1
202200034823;751 903;7;0;2;1;2;1
202200034823;751 906;7;0;2;4;23;1
202200034824;751 899;7;0;2;3;15;1
202200034824;751 901;2;0;2;7;3;1
202200034825;751 897;7;0;1;1;1;1
202200034826;751 896;33;0;2;1;1;1
202200034826;751 898;7;0;2;4;12;1
202200034827;751 894;7;0;1;4;4;2
202200034828;751 892;7;0;2;4;1;1
202200034828;751 893;7;0;2;4;1;1
202200034828;751 895;7;0;2;1;1;1
202200034829;751 890;7;0;2;4;26;1
202200034829;751 891;7;0;2;1;26;1
202200034830;751 889;7;0;1;1;1;1
202200034831;751 887;7;2;0;2;13;1
202200034832;751 886;7;0;2;1;16;1
202200034832;751 888;7;0;2;4;16;1
202200034833;751 885;50;0;1;1;2;3
202200034834;751 883;2;0;2;1;26;1
202200034834;751 884;7;0;2;1;13;0
202200034835;751 882;7;2;0;3;13;1
202200034836;751 879;7;0;1;1;1;1
202200034837;751 880;7;0;2;2;15;1
202200034837;751 881;2;0;2;1;2;1
202200034838;751 877;7;13;0;1;14;1
202200034839;751 876;7;0;1;1;1;1
202200034840;751 875;30;0;0;0;9;1
202200034841;751 873;2;0;0;7;1;1
202200034842;751 874;7;0;2;3;15;1
202200034842;751 878;50;0;2;3;19;3
202200034843;751 872;7;0;0;0;1;1
202200034844;751 870;1;0;2;4;1;5
202200034844;751 871;7;0;2;4;23;2
202200034845;751 869;7;12;0;1;1;1
202200034846;751 865;7;0;2;1;1;1
202200034846;751 868;7;0;2;2;15;1
202200034847;751 866;7;0;2;1;1;1
202200034847;751 867;1;0;2;4;1;0
202200034848;751 864;7;0;1;1;26;1
202200034849;751 861;7;1;2;1;3;1
202200034849;751 863;7;0;2;1;1;0
202200034850;751 859;7;0;2;4;2;1
202200034850;751 860;7;0;2;1;2;1
202200034851;751 858;7;0;2;5;1;1
202200034851;751 862;2;0;2;5;16;1
202200034852;751 857;31;9;0;1;0;1
202200034853;751 854;14;0;2;0;0;1
202200034853;751 856;33;0;2;5;17;1
202200034854;751 853;7;0;2;1;1;1
202200034854;751 855;1;0;2;1;5;5
202200034855;751 852;10;0;1;1;26;0
202200034856;751 848;7;0;2;1;1;1
202200034856;751 850;7;0;2;1;1;1
202200034857;751 849;7;0;2;1;13;1
202200034857;751 851;7;0;2;8;1;1
202200034858;751 846;7;0;2;8;1;1
202200034858;751 847;10;0;2;3;1;1
202200034859;751 844;10;0;1;0;0;1
202200034860;751 841;7;0;2;3;1;1
202200034860;751 845;7;0;2;2;1;1
202200034861;751 840;3;0;2;1;1;1
202200034861;751 843;7;0;2;3;9;1
202200034862;751 838;31;0;2;1;2;1
202200034862;751 842;7;0;2;4;2;1
202200034863;751 839;7;0;1;1;2;1
202200034864;751 837;33;3;0;1;1;1
202200034865;751 835;1;0;2;8;1;5
202200034865;751 836;7;0;2;2;1;1
202200034866;751 834;7;0;1;1;1;1
202200034867;751 831;7;0;1;3;1;1
202200034868;751 827;33;0;2;4;1;1
202200034868;751 829;7;0;2;1;2;1
202200034869;751 828;10;0;2;1;2;1
202200034869;751 830;7;0;2;4;15;1
202200034869;751 832;7;3;0;8;1;1
202200034870;751 824;7;0;2;3;16;1
202200034870;751 825;2;0;2;3;1;1
202200034871;751 826;37;0;2;3;2;1
202200034871;751 833;2;0;2;7;9;1
202200034872;751 821;80;0;2;8;15;3
202200034872;751 822;2;0;2;1;15;1
202200034873;751 818;7;0;1;3;15;1
202200034874;751 820;7;0;2;2;1;1
202200034874;751 823;7;6;2;3;1;1
202200034875;751 819;7;0;0;0;13;1
202200034876;751 814;1;1;2;1;17;5
202200034876;751 816;7;1;0;3;17;1
202200034877;751 815;1;0;2;1;19;5
202200034877;751 817;7;0;2;1;1;1
202200034878;751 812;33;0;0;7;1;1
202200034879;751 810;7;0;2;3;1;1
202200034879;751 813;7;0;2;3;1;1
202200034880;751 809;2;1;0;1;1;3
202200034881;751 807;33;0;1;1;21;1
202200034882;751 808;7;0;2;4;2;1
202200034882;751 811;7;0;2;1;2;1
202200034883;751 803;7;0;2;7;1;1
202200034883;751 805;1;0;2;8;1;5
202200034884;751 801;80;0;2;1;26;3
202200034884;751 804;7;0;9;4;0;0
202200034885;751 802;7;0;2;1;13;1
202200034885;751 806;7;0;2;1;1;1
202200034886;751 799;7;0;2;1;1;1
202200034886;751 800;7;0;2;1;5;1
202200034887;751 798;7;14;0;1;1;1
202200034888;751 797;31;0;0;3;1;1
202200034889;751 794;50;1;0;1;1;3
202200034889;751 796;7;0;2;3;22;1
202200034890;751 792;7;0;1;8;1;1
202200034891;751 790;7;0;2;8;5;0
202200034891;751 793;1;0;2;8;1;5
202200034892;751 788;7;0;2;3;19;1
202200034892;751 795;10;0;2;2;15;1
202200034893;751 789;30;0;2;3;9;1
202200034893;751 791;30;0;2;1;5;1
202200034894;751 786;32;0;2;1;1;1
202200034894;751 787;7;0;2;2;15;1
202200034895;751 785;14;0;1;6;4;1
202200034896;751 784;7;0;1;1;15;1
202200034897;751 783;7;4;0;2;14;1
202200034898;751 782;7;9;0;1;26;1
202200034899;751 780;7;1;0;3;1;0
202200034900;751 776;7;0;2;0;0;1
202200034900;751 777;7;0;2;1;1;1
202200034901;751 775;7;0;1;1;24;1
202200034902;751 774;7;0;2;1;26;1
202200034902;751 778;7;0;2;1;26;1
202200034903;751 771;30;8;0;0;26;1
202200034903;751 773;7;0;0;0;0;1
202200034904;751 770;7;0;2;8;23;1
202200034904;751 779;33;0;2;3;3;1
202200034904;751 781;7;0;2;5;23;1
202200034905;751 768;7;0;1;1;1;1
202200034906;751 769;10;0;1;1;26;1
202200034907;751 765;7;0;2;3;11;1
202200034907;751 767;33;0;2;1;3;1
202200034908;751 763;7;0;2;3;1;1
202200034908;751 766;7;0;2;3;13;1
202200034909;751 762;7;1;0;1;14;1
202200034910;751 761;7;0;2;1;15;1
202200034910;751 764;1;0;2;1;1;5
202200034911;751 756;10;0;2;1;2;1
202200034911;751 759;7;0;2;4;2;1
202200034912;751 758;7;0;2;4;15;1
202200034912;751 760;7;0;2;1;2;6
202200034913;751 752;7;0;2;1;2;1
202200034913;751 754;7;0;2;4;2;1
202200034913;751 755;7;1;0;4;2;1
202200034913;751 757;7;0;0;0;24;1
202200034914;751 749;7;0;2;1;1;1
202200034914;751 753;7;0;2;7;15;1
202200034915;751 750;33;0;2;0;3;1
202200034915;751 751;7;0;2;0;12;1
202200034916;751 747;15;0;1;6;16;1
202200034917;751 746;30;0;0;0;1;1
202200034918;751 748;7;0;1;3;1;1
202200034919;751 743;34;0;2;1;1;
202200034920;751 742;7;0;1;1;1;1
202200034921;751 741;7;0;2;1;2;1
202200034921;751 744;7;0;2;4;2;1
202200034921;751 745;7;0;2;4;2;1
202200034922;751 738;32;0;2;3;1;1
202200034922;751 740;7;0;2;2;1;1
202200034923;751 735;7;0;0;1;1;1
202200034924;751 733;7;5;0;1;17;1
202200034925;751 732;7;0;2;1;19;1
202200034925;751 736;7;0;2;1;15;1
202200034926;751 731;7;0;2;5;14;1
202200034926;751 734;33;0;2;3;1;1
202200034927;751 730;31;0;1;1;1;1
202200034928;751 729;33;4;0;1;1;1
202200034929;751 725;10;13;0;5;1;1
202200034930;751 723;7;0;2;1;2;1
202200034930;751 726;7;0;2;4;1;1
202200034931;751 724;7;0;2;4;2;1
202200034931;751 727;7;0;2;1;1;1
202200034932;751 722;7;15;0;1;13;1
202200034933;751 721;7;0;1;8;9;1
202200034934;751 714;7;0;0;3;1;1
202200034934;751 717;7;0;0;3;13;1
202200034935;751 713;33;0;2;1;13;0
202200034935;751 716;7;0;2;3;1;0
202200034936;751 715;7;0;4;8;23;1
202200034936;751 719;39;0;2;1;1;3
202200034937;751 712;34;0;2;1;2;1
202200034937;751 718;7;0;2;4;1;1
202200034938;751 711;7;0;1;0;1;0
202200034939;751 710;7;0;1;1;26;2
202200034940;751 708;7;2;0;9;13;1
202200034941;751 709;7;2;0;1;13;1
202200034942;751 705;7;2;0;8;1;0
202200034943;751 707;10;0;1;1;9;1
202200034944;751 706;7;0;0;9;2;1
202200034945;751 702;2;0;0;7;9;1
202200034946;751 701;10;0;2;1;2;0
202200034946;751 704;7;0;2;4;2;0
202200034947;751 700;7;0;2;1;1;1
202200034947;751 703;7;0;2;1;1;1
202200034948;751 697;7;13;0;1;1;1
202200034949;751 695;43;0;2;8;3;1
202200034949;751 699;7;0;2;0;0;0
202200034950;751 696;7;0;2;2;15;1
202200034950;751 698;32;0;2;1;1;3
202200034951;751 691;7;0;1;1;26;1
202200034952;751 692;7;15;1;2;18;1
202200034952;751 694;7;0;2;2;23;1
202200034953;751 689;7;0;0;8;9;1
202200034953;751 693;31;0;2;1;1;1
202200034954;751 687;33;4;2;7;1;1
202200034954;751 690;7;0;2;0;9;1
202200034955;751 686;7;0;2;8;15;1
202200034955;751 688;43;0;2;2;17;1
202200034956;751 684;7;0;1;2;1;1
202200034957;751 681;10;0;2;3;1;1
202200034957;751 683;50;0;2;1;1;3
202200034958;751 679;33;0;0;7;1;1
202200034959;751 676;1;0;2;1;16;5
202200034959;751 678;7;0;2;8;9;1
202200034960;751 677;7;0;2;3;11;1
202200034960;751 680;32;0;2;2;3;1
202200034961;751 673;33;0;2;1;1;1
202200034961;751 675;7;0;2;2;15;1
202200034962;751 672;7;13;0;3;1;1
202200034963;751 670;7;0;2;7;16;1
202200034963;751 674;14;0;2;3;15;1
202200034964;751 666;43;0;2;1;1;1
202200034964;751 669;30;0;2;7;15;1
202200034965;751 662;7;0;2;1;19;2
202200034965;751 667;7;0;2;7;1;1
202200034966;751 664;10;0;1;3;20;1
202200034967;751 663;1;0;1;1;1;5
202200034968;751 661;10;0;2;4;2;1
202200034968;751 665;7;0;2;4;1;1
202200034968;751 668;7;0;2;4;2;1
202200034968;751 671;10;0;2;1;1;1
202200034969;751 657;14;0;2;3;1;1
202200034969;751 660;7;0;2;1;19;1
202200034970;751 658;10;2;0;2;26;6
202200034971;751 656;7;13;2;3;13;1
202200034971;751 659;7;13;2;6;1;1
202200034972;751 652;7;4;0;3;17;1
202200034973;751 653;37;0;2;6;23;3
202200034973;751 655;32;0;1;1;1;1
202200034974;751 645;2;0;2;6;1;1
202200034974;751 646;7;0;2;2;2;1
202200034975;751 648;15;0;2;6;1;1
202200034975;751 650;10;0;2;8;13;1
202200034975;751 654;7;0;2;2;1;1
202200034976;751 649;7;0;2;1;9;1
202200034976;751 651;2;0;2;7;9;1
202200034977;751 643;33;0;2;1;2;1
202200034977;751 647;7;0;0;4;0;1
202200034978;751 641;43;0;2;1;1;1
202200034978;751 644;7;0;2;6;10;2
202200034979;751 638;7;0;2;2;17;1
202200034979;751 642;15;0;0;6;2;1
202200034980;751 637;33;0;2;4;2;1
202200034980;751 640;33;0;2;1;2;1
202200034981;751 633;7;2;0;0;0;1
202200034982;751 635;10;0;2;8;15;1
202200034982;751 639;2;0;0;0;0;0
202200034983;751 631;1;0;2;1;25;5
202200034983;751 634;7;0;2;2;9;1
202200034984;751 632;30;0;2;0;16;1
202200034984;751 636;7;0;2;0;15;1
202200034985;751 629;7;1;0;9;1;1
202200034986;751 627;17;0;0;4;1;1
202200034986;751 630;17;0;2;1;2;1
202200034987;751 628;34;3;0;8;9;1
202200034988;751 624;7;0;2;7;2;3
202200034988;751 626;80;8;2;8;13;3
202200034989;751 620;7;0;2;1;1;1
202200034989;751 623;2;0;2;7;19;1
202200034990;751 619;1;0;0;4;1;5
202200034990;751 622;2;0;2;1;1;1
202200034991;751 618;7;0;2;8;1;1
202200034991;751 625;1;0;2;1;1;5
202200034992;751 614;10;0;2;1;1;1
202200034992;751 616;1;0;2;1;5;5
202200034993;751 610;7;0;2;7;19;1
202200034993;751 613;7;0;2;1;1;1
202200034994;751 612;7;0;2;4;2;1
202200034994;751 615;7;0;2;4;2;1
202200034994;751 617;7;0;2;4;2;1
202200034994;751 621;7;0;2;1;2;1
202200034995;751 608;7;0;2;1;15;1
202200034995;751 611;33;0;2;1;0;1
202200034996;751 607;7;0;1;1;1;1
202200034997;751 606;50;0;2;1;13;3
202200034997;751 609;7;0;2;1;1;1
202200034998;751 604;7;0;1;5;26;1
202200034999;751 601;7;0;2;1;13;1
202200034999;751 603;10;0;2;3;1;1
202200034999;751 605;14;0;2;3;1;1
202200035000;751 600;41;6;0;2;1;1
202200035001;751 598;32;0;1;3;17;1
202200035002;751 596;7;0;1;4;20;1
202200035003;751 595;7;0;1;2;1;1
202200035004;751 586;7;0;2;5;16;1
202200035004;751 589;33;0;2;7;18;1
202200035005;751 585;2;0;2;4;1;1
202200035005;751 591;10;0;2;1;1;1
202200035006;751 584;7;0;2;8;15;1
202200035006;751 590;33;0;2;7;17;1
202200035007;751 581;7;8;0;3;26;1
202200035008;751 577;10;0;2;8;9;1
202200035008;751 582;7;0;2;2;1;1
202200035009;751 576;7;14;2;4;2;1
202200035009;751 579;7;0;2;1;2;1
202200035010;751 578;30;0;1;1;1;1
202200035011;751 575;7;0;2;1;1;1
202200035011;751 580;7;0;2;7;15;6
202200035012;751 571;7;0;0;0;0;1
202200035012;751 574;7;0;2;1;2;1
202200035013;751 568;7;0;2;1;13;1
202200035013;751 570;7;0;2;1;1;1
202200035013;751 572;7;0;2;6;1;1
202200035014;751 566;32;0;2;1;1;1
202200035014;751 573;7;0;2;5;1;1
202200035015;751 565;31;0;2;1;15;1
202200035015;751 569;31;0;2;8;1;1
202200035016;751 563;7;0;2;1;15;1
202200035016;751 567;2;0;2;7;1;1
202200035017;751 558;2;0;0;3;1;3
202200035017;751 564;7;0;0;3;13;1
202200035018;751 561;7;0;2;1;15;1
202200035018;751 562;7;0;2;1;1;1
202200035019;751 556;7;0;2;0;1;1
202200035019;751 559;50;0;2;4;15;3
202200035020;751 555;33;0;2;1;1;1
202200035020;751 560;80;0;2;8;15;3
202200035021;751 554;7;0;2;3;1;1
202200035021;751 557;43;0;2;1;19;1
202200035022;751 553;7;6;0;1;13;1
202200035023;751 552;7;0;2;3;1;1
202200035024;751 549;1;0;2;1;1;5
202200035024;751 550;1;0;2;1;13;0
202200035025;751 547;7;6;0;2;1;1
202200035026;751 548;7;0;0;1;13;1
202200035027;751 546;7;0;2;8;15;3
202200035027;751 551;1;0;2;1;15;5
202200035028;751 540;7;0;2;4;2;1
202200035028;751 541;10;0;2;1;1;1
202200035029;751 538;2;0;2;1;2;1
202200035029;751 542;7;0;2;4;23;1
202200035030;751 539;2;0;2;1;1;1
202200035030;751 543;7;0;2;3;0;1
202200035031;751 535;7;0;2;8;9;1
202200035031;751 537;7;0;2;1;1;1
202200035032;751 533;1;0;2;6;9;5
202200035032;751 536;7;0;2;1;9;1
202200035033;751 531;60;0;2;0;0;5
202200035033;751 534;13;0;2;2;1;1
202200035034;751 530;7;0;2;1;1;0
202200035034;751 532;7;0;2;1;15;0
202200035035;751 528;7;1;0;2;21;1
202200035036;751 529;33;0;0;0;1;1
202200035037;751 527;7;0;0;9;13;1
202200035038;751 524;1;14;0;7;2;5
202200035039;751 523;33;0;2;2;26;1
202200035039;751 526;7;0;2;6;26;1
202200035040;751 518;7;0;0;0;1;1
202200035041;751 520;7;8;2;7;19;1
202200035041;751 525;37;0;2;1;19;1
202200035042;751 519;7;0;2;2;1;1
202200035042;751 522;31;0;2;8;1;0
202200035043;751 517;7;0;2;6;15;1
202200035043;751 521;2;0;2;1;1;1
202200035044;751 514;7;0;2;8;1;1
202200035044;751 516;14;0;2;2;12;1
202200035045;751 511;34;0;2;3;3;1
202200035045;751 515;7;0;2;7;12;1
202200035046;751 510;33;0;2;3;1;1
202200035046;751 513;38;0;2;0;0;1
202200035047;751 509;33;0;1;1;0;1
202200035048;751 507;33;0;2;1;1;1
202200035048;751 512;7;0;2;8;15;1
202200035049;751 500;34;0;2;5;9;1
202200035049;751 502;7;0;2;0;9;1
202200035050;751 497;17;0;2;3;1;1
202200035050;751 501;7;0;2;1;1;1
202200035050;751 503;7;0;2;1;0;2
202200035050;751 506;7;14;0;2;1;1
202200035050;751 508;7;3;2;1;1;1
202200035051;751 499;7;16;0;9;14;1
202200035052;751 490;33;0;2;1;3;1
202200035052;751 493;7;0;2;7;11;1
202200035053;751 489;7;0;2;4;23;1
202200035053;751 495;7;0;2;4;23;1
202200035053;751 498;7;0;2;4;23;1
202200035053;751 505;7;0;2;1;1;1
202200035054;751 488;30;0;2;8;1;1
202200035054;751 494;31;0;2;1;15;0
202200035055;751 487;1;0;2;5;1;5
202200035055;751 492;7;0;0;2;1;1
202200035056;751 486;7;;2;;0;
202200035056;751 491;7;0;2;2;1;1
202200035057;751 483;7;0;2;6;1;1
202200035057;751 485;7;0;2;2;11;1
202200035058;751 481;7;12;0;1;26;6
202200035059;751 478;7;0;2;4;1;1
202200035059;751 482;7;0;2;4;1;1
202200035059;751 484;7;0;2;1;1;1
202200035060;751 475;14;0;2;7;1;1
202200035060;751 477;7;0;2;3;11;1
202200035061;751 472;1;0;2;7;1;5
202200035061;751 476;1;0;2;7;1;5
202200035061;751 479;34;1;2;1;1;1
202200035062;751 467;15;0;2;1;1;1
202200035062;751 471;10;0;2;6;23;1
202200035063;751 468;7;4;2;7;1;1
202200035063;751 473;7;0;2;1;1;1
202200035064;751 470;37;0;1;1;9;2
202200035065;751 462;7;0;2;3;1;2
202200035065;751 469;7;0;2;3;1;1
202200035065;751 474;7;0;2;3;1;1
202200035065;751 480;7;0;2;3;1;1
202200035066;751 461;7;0;2;1;1;1
202200035066;751 464;7;0;2;4;23;1
202200035066;751 465;7;0;2;4;23;1
202200035067;751 459;7;3;0;1;15;1
202200035068;751 458;7;0;2;8;0;1
202200035068;751 463;7;0;2;7;1;0
202200035069;751 460;10;0;1;2;1;0
202200035070;751 456;7;0;2;4;1;1
202200035070;751 457;10;0;2;1;1;1
202200035071;751 455;33;0;0;8;1;1
202200035072;751 452;7;0;1;2;1;1
202200035073;751 450;30;0;2;7;1;1
202200035073;751 453;7;0;2;8;13;1
202200035074;751 451;7;1;2;5;15;1
202200035074;751 454;33;0;2;1;1;1
202200035075;751 447;7;1;2;1;1;1
202200035075;751 448;7;1;2;1;1;1
202200035075;751 449;7;0;2;1;11;1
202200035076;751 445;7;0;1;2;1;1
202200035077;751 443;34;0;2;1;1;1
202200035077;751 446;80;0;2;4;1;3
202200035078;751 442;7;0;2;1;13;1
202200035078;751 444;7;0;2;1;1;1
202200035079;751 441;33;0;0;0;1;1
202200035080;751 440;7;0;1;2;1;0
202200035081;751 438;99;0;1;2;16;3
202200035082;751 437;33;12;0;1;1;1
202200035083;751 434;7;5;0;0;26;1
202200035084;751 432;30;0;2;1;5;3
202200035084;751 435;7;0;2;3;15;1
202200035085;751 428;7;16;0;1;20;1
202200035085;751 431;32;0;2;1;1;1
202200035086;751 429;34;13;0;1;13;1
202200035087;751 427;7;0;1;1;1;2
202200035088;751 426;43;0;2;1;1;1
202200035088;751 430;7;0;2;3;23;1
202200035089;751 421;2;0;2;4;1;1
202200035089;751 424;0;0;2;1;26;1
202200035090;751 423;1;0;2;7;23;5
202200035090;751 425;33;0;2;5;25;0
202200035091;751 422;35;12;0;0;0;0
202200035092;751 420;7;0;1;3;1;1
202200035093;751 418;7;0;2;3;15;1
202200035093;751 419;30;1;2;3;13;1
202200035094;751 414;7;0;1;1;1;0
202200035095;751 415;7;0;1;1;26;1
202200035096;751 417;32;1;0;0;13;1
202200035097;751 412;7;0;2;1;1;1
202200035097;751 413;7;0;2;1;21;1
202200035097;751 416;7;0;0;0;15;1
202200035098;751 410;7;0;2;3;9;1
202200035098;751 411;7;0;2;7;15;1
202200035099;751 409;32;0;1;7;13;0
202200035100;751 408;7;1;0;2;14;1
202200035101;751 404;33;13;2;1;17;0
202200035101;751 406;21;0;2;3;15;0
202200035102;751 405;1;9;0;1;1;5
202200035103;751 402;1;0;1;2;1;5
202200035104;751 403;7;0;2;5;23;1
202200035104;751 407;1;0;2;0;0;5
202200035105;751 400;33;0;2;2;2;1
202200035105;751 401;7;0;2;3;11;1
202200035106;751 397;7;0;1;2;1;1
202200035107;751 396;7;1;0;3;1;1
202200035108;751 395;7;0;1;3;16;2
202200035109;751 398;7;0;2;1;15;1
202200035109;751 399;33;0;2;8;21;1
202200035110;751 390;21;0;2;5;1;1
202200035110;751 393;1;0;2;0;1;5
202200035111;751 389;7;0;2;3;15;1
202200035111;751 394;7;0;2;2;16;1
202200035112;751 388;7;0;2;1;0;1
202200035112;751 392;7;0;2;6;0;1
202200035113;751 384;7;6;0;2;0;1
202200035114;751 382;7;0;1;2;15;2
202200035115;751 383;7;0;2;1;2;1
202200035115;751 386;7;0;2;4;2;1
202200035116;751 379;33;3;0;7;1;1
202200035117;751 378;7;0;0;0;0;1
202200035118;751 377;50;15;0;0;0;3
202200035118;751 380;7;0;2;0;0;1
202200035119;751 372;7;0;2;2;25;1
202200035119;751 375;50;0;2;8;25;3
202200035120;751 369;7;0;2;1;1;1
202200035120;751 373;7;0;0;2;19;1
202200035121;751 371;7;0;2;4;23;1
202200035121;751 374;7;0;2;4;23;1
202200035121;751 376;7;0;2;1;2;1
202200035122;751 368;7;1;0;1;2;0
202200035122;751 370;7;0;2;4;23;1
202200035123;751 367;30;0;1;4;25;1
202200035124;751 366;33;17;0;1;0;1
202200035125;751 364;7;3;2;6;11;1
202200035125;751 365;33;3;2;1;17;1
202200035126;751 358;2;8;2;1;1;1
202200035126;751 363;7;0;2;1;1;1
202200035127;751 357;2;15;2;1;15;0
202200035127;751 362;7;16;2;0;1;0
202200035128;751 356;2;0;2;1;1;0
202200035128;751 359;7;0;2;1;9;1
202200035129;751 355;7;0;2;3;1;1
202200035129;751 360;7;0;2;2;1;1
202200035129;751 361;10;0;2;2;1;1
202200035130;751 354;50;14;0;0;21;3
202200035131;751 349;7;0;2;3;15;1
202200035131;751 352;1;0;2;1;1;5