Num_Acc;id_vehicule;categorie_vehicule;obstacle_fixe;obstacle_mobile;point_choc_initial;manoeuvre_principale;motorisation
202200035132;751 348;2;0;2;1;15;1
202200035132;751 351;7;0;2;3;1;1
202200035133;751 350;10;0;2;1;15;1
202200035133;751 353;31;0;2;1;1;1
202200035134;751 346;33;0;2;1;1;1
202200035134;751 347;7;0;2;0;15;2
202200035135;751 343;7;0;2;1;1;1
202200035135;751 344;7;0;2;2;13;1
202200035136;751 341;7;0;2;1;9;2
202200035136;751 345;1;0;2;7;1;5
202200035137;751 340;33;0;0;9;26;1
202200035138;751 339;7;0;2;3;9;1
202200035138;751 342;50;0;2;1;1;3
202200035139;751 336;7;0;0;0;17;1
202200035139;751 338;33;3;0;0;17;1
202200035140;751 335;33;13;2;2;0;1
202200035140;751 337;7;0;2;0;0;2
202200035141;751 334;7;0;1;5;4;1
202200035142;751 333;7;3;0;1;1;1
202200035143;751 330;7;0;2;3;1;1
202200035143;751 331;10;0;2;3;13;1
202200035144;751 327;7;0;2;1;13;1
202200035144;751 329;7;0;2;1;1;1
202200035145;751 324;33;0;0;1;1;1
202200035145;751 328;7;0;2;3;26;1
202200035146;751 323;2;0;2;2;21;1
202200035146;751 325;2;0;0;4;1;1
202200035147;751 322;7;0;2;8;1;1
202200035147;751 326;15;0;2;7;12;0
202200035148;751 320;1;0;2;3;21;5
202200035148;751 321;1;0;2;1;21;5
202200035149;751 317;7;0;9;1;15;1
202200035149;751 319;1;0;2;1;1;5
202200035150;751 315;33;0;2;7;17;1
202200035150;751 318;7;0;2;8;15;1
202200035151;751 313;30;0;2;8;19;1
202200035151;751 316;33;0;2;1;1;1
202200035152;751 312;10;0;2;3;9;1
202200035152;751 314;80;0;2;1;1;3
202200035153;751 308;7;0;0;1;1;1
202200035153;751 311;7;0;0;4;16;1
202200035154;751 307;31;0;2;1;18;1
202200035155;751 306;1;1;0;2;17;5
202200035155;751 309;7;15;0;3;20;1
202200035156;751 303;1;0;2;1;1;5
202200035156;751 305;7;0;2;1;1;1
202200035157;751 302;7;0;2;7;10;1
202200035157;751 304;33;0;2;1;1;1
202200035158;751 300;2;0;2;1;17;1
202200035158;751 301;10;0;2;3;15;1
202200035159;751 296;43;0;2;1;1;1
202200035159;751 299;7;0;2;2;10;1
202200035160;751 295;80;0;2;1;15;3
202200035160;751 298;7;0;2;2;26;1
202200035161;751 294;7;0;2;1;15;1
202200035161;751 297;7;15;2;2;1;1
202200035162;751 292;32;0;0;0;1;1
202200035163;751 291;1;0;2;7;1;5
202200035163;751 293;7;0;2;1;19;1
202200035164;751 289;1;0;2;4;15;5
202200035164;751 290;7;0;9;2;17;1
202200035165;751 285;7;0;2;1;1;1
202200035165;751 286;30;1;2;4;2;1
202200035166;751 282;7;0;0;1;1;1
202200035167;751 283;10;0;2;1;13;1
202200035167;751 288;7;0;2;3;13;1
202200035168;751 284;2;0;2;2;1;1
202200035168;751 287;7;0;2;3;9;1
202200035169;751 277;1;0;2;0;17;5
202200035169;751 280;10;0;2;0;0;1
202200035170;751 276;7;0;2;1;1;0
202200035170;751 278;33;0;2;1;1;1
202200035170;751 279;7;0;0;6;1;1
202200035171;751 274;7;0;2;1;0;2
202200035171;751 281;2;0;2;1;0;1
202200035172;751 273;10;0;2;1;1;1
202200035172;751 275;30;0;2;1;5;1
202200035173;751 271;7;0;2;5;15;1
202200035173;751 272;33;0;2;1;1;1
202200035174;751 268;10;3;0;9;17;1
202200035175;751 265;7;0;1;2;1;1
202200035176;751 262;7;0;2;2;1;1
202200035176;751 264;7;0;2;2;1;1
202200035176;751 266;7;0;2;0;2;1
202200035176;751 267;7;0;2;1;2;1
202200035176;751 269;7;0;2;3;2;1
202200035176;751 270;2;0;2;4;2;1
202200035177;751 261;2;5;0;1;14;1
202200035178;751 260;7;8;2;1;26;2
202200035178;751 263;7;0;2;7;1;1
202200035179;751 257;7;0;2;2;1;1
202200035179;751 258;15;0;0;6;1;1
202200035180;751 256;7;0;2;1;2;1
202200035180;751 259;7;0;0;4;2;6
202200035181;751 255;2;13;0;1;0;1
202200035182;751 251;7;0;2;6;15;1
202200035182;751 253;33;0;2;1;17;1
202200035183;751 249;10;0;2;6;26;1
202200035183;751 252;31;0;2;1;0;1
202200035183;751 254;7;0;2;1;1;1
202200035184;751 247;7;0;2;3;15;2
202200035184;751 248;2;0;2;7;1;1
202200035185;751 246;7;0;2;2;1;1
202200035185;751 250;7;0;2;1;11;2
202200035186;751 245;38;2;0;5;1;1
202200035187;751 243;20;0;0;7;15;6
202200035188;751 242;7;0;2;3;15;1
202200035188;751 244;30;0;2;2;17;1
202200035189;751 240;7;0;1;1;11;1
202200035190;751 239;33;0;2;1;1;1
202200035190;751 241;7;0;2;2;15;0
202200035191;751 237;50;0;2;8;1;3
202200035191;751 238;7;0;2;2;1;1
202200035192;751 234;7;0;9;2;1;1
202200035192;751 236;1;0;2;8;19;5
202200035193;751 232;33;2;0;2;0;1
202200035194;751 231;33;0;2;1;1;1
202200035194;751 233;7;0;2;3;16;1
202200035195;751 235;7;1;0;2;0;1
202200035196;751 226;10;0;2;8;17;1
202200035196;751 230;7;0;0;1;15;1
202200035197;751 225;1;1;0;1;1;5
202200035197;751 229;7;0;9;8;22;1
202200035198;751 224;32;0;2;8;9;1
202200035198;751 228;7;0;2;1;1;1
202200035199;751 223;7;0;2;5;19;1
202200035199;751 227;33;0;2;1;1;1
202200035200;751 220;7;0;0;6;23;1
202200035200;751 222;2;0;2;1;1;1
202200035201;751 218;7;0;2;3;26;1
202200035201;751 221;50;0;2;0;9;3
202200035202;751 216;7;0;0;0;1;1
202200035203;751 217;7;0;2;1;17;1
202200035203;751 219;7;5;2;1;1;1
202200035204;751 215;31;13;0;9;0;1
202200035205;751 213;7;13;0;9;1;1
202200035206;751 211;7;0;2;1;2;1
202200035206;751 214;7;2;0;4;2;1
202200035207;751 210;2;0;2;3;5;1
202200035207;751 212;7;0;2;3;1;1
202200035208;751 207;33;0;2;1;1;1
202200035208;751 209;10;0;2;2;15;1
202200035209;751 206;10;0;2;7;17;1
202200035209;751 208;1;0;2;8;1;5
202200035210;751 205;7;0;0;0;1;1
202200035211;751 204;50;0;0;8;0;3
202200035212;751 202;7;12;0;1;1;1
202200035213;751 201;10;0;2;3;21;1
202200035213;751 203;7;0;2;4;2;1
202200035214;751 200;7;0;1;2;26;1
202200035215;751 199;7;6;0;1;1;1
202200035216;751 197;7;1;0;0;1;1
202200035217;751 194;7;0;2;1;5;1
202200035217;751 196;7;0;2;1;1;1
202200035218;751 192;7;0;0;4;23;1
202200035218;751 195;7;0;2;1;1;1
202200035219;751 191;7;0;2;1;1;1
202200035219;751 193;3;0;2;1;1;1
202200035219;751 198;7;0;2;1;1;1
202200035220;751 190;1;0;0;7;1;5
202200035221;751 188;2;0;2;1;13;1
202200035221;751 189;7;0;0;2;21;1
202200035222;751 186;7;15;0;1;1;1
202200035223;751 187;31;0;0;0;0;1
202200035224;751 184;7;0;2;7;21;1
202200035224;751 185;7;9;2;3;13;1
202200035225;751 183;10;13;0;1;12;1
202200035226;751 181;33;16;0;7;21;1
202200035227;751 180;37;0;2;1;26;1
202200035227;751 182;37;0;2;6;1;1
202200035228;751 177;7;0;0;8;0;1
202200035229;751 176;33;0;2;1;1;1
202200035229;751 178;7;0;2;5;10;1
202200035230;751 174;2;0;2;5;1;1
202200035230;751 179;7;0;2;1;15;1
202200035231;751 173;31;0;2;1;1;1
202200035231;751 175;20;0;2;2;15;1
202200035232;751 172;17;13;0;1;1;1
202200035233;751 166;1;0;2;8;1;5
202200035233;751 169;7;0;2;7;17;1
202200035234;751 165;7;0;2;3;26;1
202200035234;751 170;2;0;0;7;1;1
202200035235;751 164;7;0;2;2;9;1
202200035235;751 168;33;0;2;1;1;1
202200035236;751 162;7;0;1;1;1;1
202200035237;751 159;7;0;2;6;2;3
202200035237;751 161;33;0;2;3;3;1
202200035238;751 157;7;0;2;2;1;1
202200035238;751 160;32;0;2;1;1;1
202200035239;751 156;7;0;2;5;1;1
202200035239;751 158;7;0;2;3;1;0
202200035240;751 155;7;13;0;1;1;1
202200035241;751 153;10;0;0;0;0;1
202200035242;751 150;7;13;0;1;1;1
202200035243;751 149;33;0;2;7;2;1
202200035243;751 151;7;0;2;1;9;1
202200035244;751 145;10;0;2;5;2;1
202200035244;751 148;7;0;2;1;2;1
202200035245;751 140;7;0;2;6;23;2
202200035245;751 144;33;0;2;1;1;1
202200035245;751 146;7;0;2;2;20;1
202200035246;751 138;7;0;2;2;17;1
202200035246;751 143;7;0;2;6;17;1
202200035246;751 147;7;0;0;3;1;1
202200035247;751 139;7;0;2;3;13;1
202200035247;751 142;7;0;2;3;2;1
202200035248;751 136;7;0;2;6;2;1
202200035248;751 137;7;0;2;2;12;1
202200035248;751 141;33;0;2;6;3;1
202200035249;751 135;7;15;0;1;14;1
202200035250;751 134;7;0;1;1;15;1
202200035251;751 133;7;2;0;1;14;1
202200035252;751 131;7;0;2;1;2;1
202200035252;751 132;7;0;2;6;2;1
202200035253;751 125;30;0;2;1;1;3
202200035253;751 129;7;0;2;4;2;1
202200035254;751 126;7;0;2;1;1;1
202200035254;751 130;7;0;2;8;16;1
202200035255;751 124;32;0;2;3;3;1
202200035255;751 127;7;0;2;5;1;1
202200035256;751 120;1;0;0;0;0;5
202200035257;751 121;7;0;0;2;2;0
202200035257;751 123;1;0;2;4;13;5
202200035258;751 118;7;4;0;0;17;1
202200035259;751 117;10;8;0;1;1;1
202200035260;751 115;10;3;0;1;15;1
202200035261;751 114;10;0;2;2;15;1
202200035261;751 116;1;0;2;1;1;5
202200035262;751 113;31;0;0;9;1;1
202200035263;751 119;7;0;2;7;20;1
202200035263;751 122;33;0;2;3;1;1
202200035264;751 112;7;3;0;6;1;1
202200035265;751 111;7;0;1;2;26;1
202200035266;751 110;7;1;1;3;1;1
202200035267;751 108;10;0;2;3;13;1
202200035267;751 109;7;0;2;3;1;1
202200035268;751 107;7;3;0;6;17;1
202200035269;751 104;30;15;0;0;1;1
202200035270;751 106;10;13;0;3;1;1
202200035271;751 105;31;2;0;7;2;1
202200035272;751 101;10;6;0;3;11;1
202200035273;751 096;99;0;2;1;1;1
202200035273;751 098;7;0;2;4;1;1
202200035274;751 097;7;0;2;1;1;1
202200035274;751 100;7;0;2;4;1;1
202200035274;751 102;7;0;2;4;1;1
202200035274;751 103;10;0;2;4;1;1
202200035275;751 095;7;0;2;7;17;1
202200035275;751 099;7;0;2;9;1;1
202200035276;751 092;7;3;0;6;1;1
202200035277;751 091;34;0;1;1;17;1
202200035278;751 090;7;0;2;2;15;1
202200035278;751 093;7;0;2;3;1;1
202200035279;751 089;7;0;2;2;14;1
202200035279;751 094;15;0;2;6;1;1
202200035280;751 087;7;0;1;1;1;1
202200035281;751 084;7;0;2;4;2;1
202200035281;751 088;7;3;2;1;2;1
202200035282;751 085;33;16;0;9;1;1
202200035283;751 082;7;0;2;1;1;1
202200035283;751 083;7;0;2;3;1;1
202200035283;751 086;7;0;2;3;9;1
202200035284;751 081;7;0;1;5;4;1
202200035285;751 080;33;0;9;1;12;1
202200035286;751 078;14;0;2;6;2;1
202200035286;751 079;10;0;2;2;17;1
202200035287;751 076;50;0;2;7;0;3
202200035287;751 077;7;0;2;2;1;1
202200035288;751 072;30;0;2;7;17;1
202200035288;751 075;7;0;2;2;9;1
202200035289;751 071;7;0;2;8;10;1
202200035289;751 073;15;0;2;2;21;1
202200035290;751 070;7;0;2;1;1;1
202200035290;751 074;17;0;2;6;10;1
202200035291;751 069;7;2;0;3;13;1
202200035292;751 068;7;0;2;2;26;1
202200035293;751 067;2;2;0;2;1;1
202200035294;751 066;31;6;0;2;14;1
202200035295;751 063;7;6;0;1;13;1
202200035296;751 062;2;0;2;7;17;1
202200035296;751 065;7;0;2;2;9;1
202200035297;751 064;50;12;0;2;26;3
202200035298;751 060;32;0;2;1;1;1
202200035298;751 061;7;0;2;8;1;1
202200035299;751 059;7;0;1;3;1;1
202200035300;751 055;32;0;2;7;19;1
202200035300;751 058;7;0;2;3;19;1
202200035301;751 054;7;2;0;1;0;1
202200035302;751 056;7;0;2;1;15;1
202200035302;751 057;33;0;2;1;1;1
202200035303;751 053;7;2;0;0;2;1
202200035304;751 052;7;4;0;1;26;1
202200035305;751 051;7;0;1;0;1;1
202200035306;751 050;7;0;2;3;1;1
202200035307;751 048;31;15;0;3;16;1
202200035308;751 047;7;2;2;3;1;1
202200035308;751 049;3;0;2;3;1;1
202200035309;751 041;1;0;2;8;9;5
202200035309;751 045;0;0;2;1;9;0
202200035310;751 042;10;0;2;3;1;1
202200035310;751 044;7;0;2;6;2;1
202200035310;751 046;33;0;2;1;17;1
202200035311;751 040;7;0;0;4;17;1
202200035311;751 043;7;0;2;1;1;1
202200035312;751 038;10;0;2;4;2;1
202200035312;751 039;34;0;2;1;26;1
202200035313;751 036;7;0;2;2;16;1
202200035313;751 037;2;0;2;3;1;1
202200035314;751 033;7;0;2;0;15;1
202200035314;751 035;7;0;2;1;1;1
202200035315;751 032;38;0;2;2;1;1
202200035315;751 034;7;0;2;3;1;1
202200035316;751 031;34;1;0;1;1;1
202200035317;751 030;7;0;1;1;1;1
202200035318;751 027;7;0;2;2;1;0
202200035318;751 029;1;0;2;2;1;5
202200035319;751 028;7;8;0;1;26;1
202200035320;751 024;7;0;1;1;1;1
202200035321;751 023;37;0;2;1;1;1
202200035321;751 026;50;0;2;1;19;3
202200035322;751 022;7;0;2;0;0;1
202200035322;751 025;7;0;2;3;0;1
202200035323;751 021;50;0;2;7;15;3
202200035324;751 018;7;7;2;2;1;1
202200035324;751 019;50;0;2;7;19;3
202200035325;751 015;7;0;2;2;1;0
202200035325;751 017;7;0;2;1;1;0
202200035326;751 016;7;0;2;1;17;1
202200035326;751 020;7;0;2;3;15;1
202200035327;751 013;31;0;2;5;15;1
202200035327;751 014;7;0;2;3;15;1
202200035328;751 011;7;0;2;8;11;1
202200035328;751 012;15;0;2;2;1;1
202200035329;751 009;7;0;2;3;19;1
202200035329;751 010;7;0;2;8;1;1
202200035330;751 006;32;0;2;8;1;1
202200035330;751 008;7;0;2;1;1;1
202200035331;751 007;7;0;0;1;14;1
202200035332;751 004;15;0;2;8;26;1
202200035332;751 005;7;0;2;9;14;1
202200035333;751 000;7;0;2;3;2;1
202200035333;751 002;14;0;2;2;12;1
202200035334;751 001;7;0;2;1;2;1
202200035334;751 003;7;0;2;4;1;1
202200035335;750 998;7;0;1;1;13;1
202200035336;750 997;7;0;1;1;1;1
202200035337;750 992;30;0;2;1;12;1
202200035337;750 994;7;0;0;3;15;1
202200035338;750 995;7;0;2;1;2;1
202200035338;750 999;7;3;2;1;2;1
202200035339;750 989;7;0;2;4;23;2
202200035339;750 991;2;0;2;1;2;3
202200035340;750 988;7;0;2;1;19;1
202200035340;750 990;10;0;2;7;1;1
202200035341;750 987;7;0;0;0;1;0
202200035342;750 984;1;0;2;1;1;5
202200035342;750 986;7;0;2;0;0;0
202200035343;750 979;7;0;2;4;2;1
202200035343;750 981;7;0;2;1;2;1
202200035344;750 978;7;0;2;4;1;1
202200035344;750 980;43;0;2;4;1;1
202200035344;750 982;7;0;2;1;1;1
202200035345;750 975;7;0;2;1;11;0
202200035345;750 976;7;0;2;1;1;1
202200035346;750 972;7;0;2;6;0;1
202200035346;750 974;7;0;2;6;1;1
202200035346;750 977;7;0;2;9;13;1
202200035347;750 971;7;0;2;4;23;1
202200035347;750 973;34;0;2;1;2;1
202200035348;750 970;7;0;1;2;1;1
202200035349;750 968;7;0;0;0;1;1
202200035349;750 969;7;15;0;0;15;1
202200035350;750 967;32;0;1;1;1;1
202200035351;750 965;7;0;2;3;0;1
202200035351;750 966;7;0;2;3;0;1
202200035352;750 964;7;0;1;1;1;1
202200035353;750 962;7;0;2;6;1;1
202200035353;750 963;43;0;2;1;1;1
202200035354;750 961;43;0;1;1;1;1
202200035355;750 960;7;0;1;2;1;1
202200035356;750 959;7;1;0;2;15;1
202200035357;750 956;7;0;2;9;0;1
202200035357;750 958;7;0;2;3;9;1
202200035358;750 957;1;0;1;1;1;5
202200035359;750 955;7;0;1;1;26;1
202200035360;750 954;7;11;0;1;15;1
202200035361;750 952;1;0;0;0;1;5
202200035362;750 951;7;0;2;1;1;1
202200035362;750 953;7;0;2;8;1;1
202200035363;750 949;7;0;2;2;9;1
202200035363;750 950;32;1;2;7;1;1
202200035364;750 947;10;0;2;3;2;1
202200035364;750 948;2;0;2;2;17;1
202200035365;750 946;7;0;1;3;15;1
202200035366;750 945;7;15;0;3;13;1
202200035367;750 943;10;0;2;6;20;1
202200035367;750 944;80;0;2;1;2;3
202200035368;750 941;10;0;2;1;13;1
202200035368;750 942;7;0;0;1;1;1
202200035369;750 938;7;0;2;7;1;3
202200035369;750 940;7;0;2;1;1;1
202200035370;750 937;7;0;2;1;1;1
202200035370;750 939;7;0;2;1;13;1
202200035371;750 933;32;0;2;0;1;1
202200035371;750 936;7;0;2;7;15;1
202200035372;750 932;10;0;2;4;1;1
202200035372;750 934;7;0;2;1;1;1
202200035372;750 935;7;0;2;4;1;1
202200035373;750 930;1;0;1;1;1;5
202200035374;750 929;14;0;2;8;15;1
202200035374;750 931;7;0;2;1;1;1
202200035375;750 927;7;0;2;5;16;1
202200035375;750 928;50;0;2;1;1;3
202200035376;750 925;30;0;2;1;1;1
202200035376;750 926;7;0;2;7;16;1
202200035377;750 924;1;0;0;0;1;5
202200035378;750 923;7;1;0;2;1;1
202200035379;750 921;32;0;2;3;1;1
202200035379;750 922;7;0;2;2;10;1
202200035380;750 919;7;0;2;1;2;0
202200035380;750 920;7;0;2;4;2;1
202200035381;750 917;7;0;2;7;22;1
202200035381;750 918;32;0;2;8;14;1
202200035382;750 914;7;0;0;4;23;1
202200035382;750 915;7;0;2;4;2;1
202200035382;750 916;7;0;2;1;2;1
202200035383;750 912;1;0;2;8;1;5
202200035383;750 913;1;0;2;1;1;5
202200035384;750 909;7;0;2;1;1;1
202200035384;750 911;10;0;2;1;13;1
202200035385;750 908;7;0;2;1;1;2
202200035385;750 910;1;0;2;7;1;5
202200035386;750 907;7;0;1;7;1;1
202200035387;750 905;14;0;2;7;14;0
202200035387;750 906;33;0;2;8;1;1
202200035388;750 904;1;0;1;6;1;5
202200035389;750 902;1;0;0;1;2;5
202200035389;750 903;7;0;0;5;2;1
202200035390;750 900;7;0;2;1;5;1
202200035390;750 901;7;0;2;1;1;1
202200035391;750 898;32;0;2;0;0;1
202200035391;750 899;33;0;2;0;15;1
202200035392;750 897;50;12;0;8;1;3
202200035393;750 895;7;0;2;1;2;1
202200035393;750 896;7;0;2;4;23;1
202200035394;750 892;31;0;2;1;1;1
202200035394;750 893;7;0;2;6;1;1
202200035395;750 891;37;0;0;3;1;1
202200035395;750 894;7;0;2;3;13;1
202200035396;750 889;33;8;2;1;1;1
202200035396;750 890;50;0;2;7;19;3
202200035397;750 887;7;0;2;4;1;1
202200035397;750 888;7;0;2;1;1;1
202200035398;750 885;30;1;0;0;0;3
202200035398;750 886;7;1;0;6;0;1
202200035399;750 884;30;0;0;7;1;1
202200035400;750 883;7;0;1;7;16;1
202200035401;750 881;7;0;2;3;1;1
202200035401;750 882;30;0;2;7;1;1
202200035402;750 878;0;0;2;8;24;0
202200035402;750 880;1;1;0;1;22;5
202200035403;750 877;7;0;2;1;19;1
202200035403;750 879;7;0;2;8;1;1
202200035404;750 875;50;0;2;1;17;3
202200035404;750 876;7;0;2;3;15;1
202200035405;750 873;7;0;2;1;1;1
202200035405;750 874;7;0;2;7;1;1
202200035406;750 871;42;0;1;1;1;1
202200035407;750 870;7;0;2;1;1;1
202200035407;750 872;7;0;2;1;1;1
202200035408;750 868;30;0;1;1;3;1
202200035409;750 867;32;0;2;3;3;1
202200035409;750 869;7;0;2;3;20;1
202200035410;750 862;7;0;2;4;1;1
202200035410;750 864;7;0;2;4;1;1
202200035410;750 866;7;0;2;1;2;1
202200035411;750 863;7;11;0;1;17;0
202200035411;750 865;60;0;0;8;19;5
202200035412;750 859;7;0;2;3;20;1
202200035412;750 861;2;0;2;1;1;1
202200035413;750 858;7;0;2;8;1;1
202200035413;750 860;7;0;2;1;1;1
202200035414;750 855;7;0;2;8;23;1
202200035414;750 857;7;12;2;0;15;1
202200035415;750 854;7;0;2;0;0;1
202200035415;750 856;7;0;2;0;0;1
202200035416;750 852;1;0;2;4;2;5
202200035416;750 853;7;0;9;2;2;1
202200035417;750 850;7;0;2;2;15;2
202200035417;750 851;7;0;2;7;1;1
202200035418;750 849;7;0;1;1;1;1
202200035419;750 846;7;0;2;1;10;1
202200035419;750 848;2;0;2;1;1;1
202200035420;750 844;7;0;2;3;1;1
202200035420;750 845;32;0;0;2;1;1
202200035420;750 847;7;0;2;7;1;1
202200035421;750 843;7;6;2;2;13;1
202200035422;750 841;10;0;9;1;9;0
202200035422;750 842;80;0;2;1;26;3
202200035423;750 839;7;0;1;2;1;1
202200035424;750 838;7;0;9;3;1;1
202200035424;750 840;50;0;2;1;1;3
202200035425;750 837;7;0;1;0;0;
202200035426;750 834;7;0;2;3;13;1
202200035426;750 836;7;0;2;3;23;1
202200035427;750 833;31;0;2;7;1;1
202200035427;750 835;10;0;2;6;10;1
202200035428;750 831;7;0;2;8;22;1
202200035428;750 832;1;1;0;0;1;5
202200035429;750 828;7;0;2;4;2;1
202200035429;750 829;7;0;2;4;2;1
202200035429;750 830;7;0;2;1;2;1
202200035430;750 826;7;0;2;1;1;1
202200035430;750 827;7;0;2;8;15;1
202200035431;750 824;7;0;1;3;1;1
202200035432;750 823;7;0;2;2;2;1
202200035432;750 825;2;0;2;1;2;1
202200035433;750 821;33;0;2;0;1;1
202200035433;750 822;7;0;2;2;15;1
202200035434;750 819;15;0;2;6;1;1
202200035434;750 820;33;0;2;1;2;1
202200035435;750 817;7;0;2;4;2;1
202200035435;750 818;30;0;2;1;2;1
202200035436;750 814;7;0;2;0;1;1
202200035436;750 815;7;0;2;0;1;1
202200035436;750 816;7;0;2;0;1;1
202200035437;750 812;7;0;2;3;1;2
202200035437;750 813;50;0;2;2;19;3
202200035438;750 811;7;0;1;1;1;1
202200035439;750 809;34;0;2;5;1;1
202200035439;750 810;7;0;2;0;15;1
202200035440;750 808;43;0;1;1;1;1
202200035441;750 806;10;0;2;7;14;1
202200035441;750 807;33;0;2;6;0;1
202200035442;750 805;7;0;1;2;1;1
202200035443;750 804;3;0;1;1;16;1
202200035444;750 801;7;2;0;1;1;1
202200035445;750 800;32;0;2;6;3;1
202200035445;750 802;33;0;2;8;3;1
202200035445;750 803;7;0;2;7;12;1
202200035446;750 797;7;0;2;1;13;1
202200035446;750 799;33;0;2;1;1;1
202200035447;750 795;7;0;2;1;2;1
202200035447;750 796;7;0;2;4;23;1
202200035447;750 798;7;0;2;4;23;1
202200035448;750 794;33;14;0;1;1;1
202200035449;750 790;7;0;2;8;15;1
202200035449;750 793;7;0;2;1;1;1
202200035450;750 791;33;0;2;1;2;1
202200035450;750 792;7;0;2;4;2;1
202200035451;750 789;33;12;0;0;0;1
202200035452;750 788;50;0;1;1;1;3
202200035453;750 786;33;0;2;7;3;0
202200035453;750 787;7;0;2;2;15;1
202200035454;750 785;30;1;0;3;13;3
202200035455;750 783;2;0;2;8;1;1
202200035455;750 784;7;0;2;5;15;1
202200035456;750 781;7;13;0;2;14;1
202200035457;750 780;7;0;2;3;15;1
202200035457;750 782;30;0;2;1;1;1
202200035458;750 778;7;0;2;3;13;1
202200035458;750 779;33;0;2;1;1;0
202200035459;750 777;7;0;1;1;1;1
202200035460;750 774;40;0;1;2;1;3
202200035461;750 772;7;0;2;1;5;1
202200035461;750 773;7;0;2;1;1;1
202200035461;750 775;7;0;2;1;2;1
202200035461;750 776;7;0;2;0;2;1
202200035462;750 771;10;0;1;4;4;1
202200035463;750 768;1;0;0;0;1;5
202200035463;750 769;7;0;2;8;17;1
202200035463;750 770;33;0;2;2;2;1
202200035464;750 766;33;0;0;7;1;1
202200035465;750 767;7;0;1;1;1;1
202200035466;750 765;7;8;0;2;0;1
202200035467;750 763;7;0;2;2;16;1
202200035467;750 764;30;0;2;1;18;1
202200035468;750 761;31;0;2;4;23;1
202200035468;750 762;10;0;2;1;2;1
202200035469;750 759;10;0;2;1;9;0
202200035469;750 760;32;0;2;7;1;1
202200035470;750 757;10;0;1;1;1;1
202200035471;750 756;7;0;2;8;1;1
202200035471;750 758;7;0;2;1;1;1
202200035472;750 755;7;13;0;0;1;0
202200035473;750 753;50;0;2;3;11;3
202200035473;750 754;7;0;2;2;1;2
202200035474;750 751;7;0;2;3;1;1
202200035474;750 752;33;0;2;1;13;1
202200035475;750 749;7;0;2;8;1;1
202200035475;750 750;14;0;2;3;13;1
202200035476;750 748;33;0;1;1;1;1
202200035477;750 745;1;0;1;1;1;5
202200035478;750 743;7;0;0;3;15;1
202200035478;750 744;7;0;2;2;17;1
202200035479;750 740;32;0;2;8;1;1
202200035479;750 742;7;0;2;1;1;1
202200035480;750 739;33;0;2;1;1;1
202200035480;750 741;7;0;2;3;21;1
202200035481;750 736;7;0;2;5;1;1
202200035481;750 737;7;0;2;6;1;1
202200035481;750 738;7;0;2;1;17;1
202200035482;750 735;7;2;0;1;14;3
202200035483;750 733;60;0;2;2;19;5
202200035483;750 734;7;0;2;1;1;1
202200035484;750 731;7;0;2;1;2;1
202200035484;750 732;7;0;0;4;1;1
202200035485;750 729;2;0;2;1;9;1
202200035485;750 730;7;0;2;2;15;1
202200035486;750 727;7;0;0;4;2;1
202200035486;750 728;30;0;2;3;2;1
202200035487;750 725;7;0;2;1;19;1
202200035487;750 726;7;0;2;5;1;1
202200035488;750 721;7;1;2;3;1;1
202200035488;750 724;10;1;2;1;1;1
202200035489;750 722;7;0;2;1;1;1
202200035489;750 723;7;0;0;8;1;1
202200035490;750 720;10;9;0;1;21;1
202200035491;750 718;1;0;2;4;26;5
202200035491;750 719;7;0;2;2;1;0
202200035492;750 716;7;0;2;1;2;1
202200035492;750 717;7;0;2;4;23;1
202200035493;750 714;34;0;2;1;21;1
202200035493;750 715;7;0;2;3;11;1
202200035494;750 712;10;0;2;8;10;0
202200035494;750 713;34;0;2;1;1;0
202200035495;750 711;17;0;1;5;1;1
202200035496;750 709;7;0;2;2;13;3
202200035496;750 710;7;12;0;2;26;1
202200035497;750 708;7;0;0;0;0;0
202200035498;750 706;1;0;2;1;9;5
202200035498;750 707;7;0;2;1;16;1
202200035499;750 704;7;0;2;1;1;1
202200035499;750 705;2;0;2;7;15;0
202200035500;750 702;32;0;2;2;17;3
202200035500;750 703;7;0;2;3;15;1
202200035501;750 701;7;0;1;1;26;1
202200035502;750 700;3;0;1;2;26;1
202200035503;750 699;7;0;1;2;16;1
202200035504;750 698;31;0;0;0;21;1
202200035505;750 696;10;0;2;3;1;1
202200035505;750 697;7;0;2;1;9;1
202200035506;750 695;7;4;0;1;16;1
202200035507;750 694;1;0;0;7;1;5
202200035508;750 692;33;0;2;1;1;1
202200035508;750 693;7;0;2;8;10;1
202200035509;750 691;7;0;1;3;15;1
202200035510;750 688;7;0;2;2;1;1
202200035510;750 689;7;1;2;3;9;1
202200035510;750 690;7;0;2;4;2;1
202200035511;750 687;32;0;1;1;1;1
202200035512;750 685;7;0;2;2;9;1
202200035512;750 686;34;0;2;1;1;1
202200035513;750 684;2;1;0;2;0;1
202200035514;750 683;7;16;0;2;14;1
202200035515;750 682;7;0;1;2;2;1
202200035516;750 681;7;6;0;1;16;1
202200035517;750 679;7;0;2;0;1;1
202200035517;750 680;7;0;2;0;1;1
202200035518;750 674;7;0;2;4;23;1
202200035518;750 675;10;0;2;1;0;1
202200035518;750 676;7;0;2;4;23;1
202200035518;750 677;3;0;2;4;23;1
202200035518;750 678;7;0;2;4;23;1
202200035519;750 672;7;0;2;7;5;1
202200035519;750 673;7;0;2;1;1;1
202200035520;750 670;7;0;2;1;20;1
202200035520;750 671;7;0;2;2;1;2
202200035521;750 668;7;0;2;0;26;1
202200035521;750 669;32;0;2;4;23;1
202200035522;750 667;7;8;0;3;1;1
202200035523;750 664;7;0;2;1;1;1