Num_Acc;id_vehicule;categorie_vehicule;obstacle_fixe;obstacle_mobile;point_choc_initial;manoeuvre_principale;motorisation
202200035523;750 665;7;0;2;8;24;1
202200035523;750 666;7;0;2;7;15;1
202200035524;750 662;7;0;2;1;0;1
202200035524;750 663;30;0;2;1;0;1
202200035525;750 660;10;0;2;3;15;1
202200035525;750 661;2;0;2;1;1;0
202200035526;750 658;2;14;0;3;1;1
202200035526;750 659;10;0;0;0;0;1
202200035527;750 656;7;0;2;8;15;1
202200035527;750 657;7;0;2;1;21;1
202200035528;750 654;10;0;9;8;15;1
202200035528;750 655;32;0;2;1;2;1
202200035529;750 652;7;0;2;3;15;1
202200035529;750 653;32;0;2;3;1;1
202200035530;750 651;7;0;1;4;26;1
202200035531;750 649;30;0;2;1;17;1
202200035531;750 650;7;0;2;8;9;1
202200035532;750 647;33;0;2;2;26;1
202200035532;750 648;30;0;2;6;3;1
202200035533;750 645;34;0;2;7;1;1
202200035533;750 646;2;0;2;8;11;1
202200035534;750 643;7;0;2;1;2;1
202200035534;750 644;33;0;2;2;1;1
202200035535;750 640;7;6;0;7;15;1
202200035536;750 639;15;3;0;3;0;1
202200035537;750 637;99;0;1;4;26;0
202200035537;750 638;7;1;0;2;1;1
202200035538;750 636;7;6;0;1;1;1
202200035539;750 634;3;0;2;0;0;0
202200035539;750 635;7;13;2;0;0;1
202200035540;750 633;7;2;0;2;1;1
202200035541;750 632;7;2;0;1;0;1
202200035542;750 630;1;0;0;4;2;5
202200035542;750 631;10;0;2;2;17;1
202200035543;750 626;7;0;2;6;15;1
202200035543;750 627;2;0;2;1;1;1
202200035544;750 624;3;0;2;2;17;0
202200035544;750 625;7;3;2;6;21;1
202200035545;750 622;7;0;2;3;1;2
202200035545;750 623;31;0;2;1;1;1
202200035546;750 621;2;14;0;1;5;1
202200035547;750 619;2;0;2;8;1;1
202200035547;750 620;7;0;2;1;15;1
202200035548;750 617;7;0;2;7;9;1
202200035548;750 618;7;0;2;1;1;1
202200035549;750 615;7;8;2;1;1;1
202200035549;750 616;7;0;2;1;15;1
202200035550;750 614;7;0;0;9;1;1
202200035551;750 611;7;0;1;3;16;1
202200035552;750 609;21;0;2;5;15;1
202200035552;750 610;2;0;2;1;1;1
202200035553;750 608;32;1;0;1;0;1
202200035554;750 605;7;0;2;2;17;2
202200035554;750 606;7;3;2;4;1;1
202200035554;750 607;7;0;2;1;1;1
202200035555;750 604;17;4;0;3;13;1
202200035556;750 603;10;4;0;2;13;1
202200035557;750 602;7;6;0;1;1;0
202200035558;750 601;7;17;0;1;1;0
202200035559;750 600;31;2;0;1;1;1
202200035560;750 596;10;0;2;6;1;1
202200035560;750 597;7;0;2;1;1;1
202200035560;750 598;7;0;2;1;1;1
202200035560;750 599;7;0;2;1;3;1
202200035561;750 594;7;0;2;3;13;1
202200035561;750 595;43;0;2;1;1;1
202200035562;750 592;10;0;2;8;17;1
202200035562;750 593;33;13;2;7;17;1
202200035563;750 591;0;0;1;0;0;0
202200035564;750 589;7;0;2;3;1;1
202200035564;750 590;2;0;2;2;1;1
202200035565;750 588;7;6;0;3;1;1
202200035566;750 586;7;13;0;2;2;1
202200035566;750 587;7;13;0;6;2;3
202200035567;750 584;2;0;2;3;1;1
202200035567;750 585;7;0;2;2;16;1
202200035568;750 580;10;0;2;1;2;1
202200035568;750 581;7;0;2;4;1;1
202200035568;750 582;7;0;2;1;2;1
202200035569;750 579;7;7;0;1;2;1
202200035570;750 575;7;0;2;6;1;1
202200035570;750 576;7;0;2;4;2;1
202200035570;750 577;7;0;2;2;12;1
202200035570;750 578;7;0;2;3;3;1
202200035571;750 573;15;0;2;2;2;1
202200035571;750 574;10;0;2;4;2;1
202200035572;750 569;7;0;2;4;1;1
202200035572;750 570;7;0;2;4;1;1
202200035572;750 571;7;0;2;4;1;1
202200035572;750 572;7;0;2;1;1;1
202200035573;750 568;7;3;0;3;1;1
202200035574;750 566;43;0;0;0;0;1
202200035574;750 567;7;0;2;3;11;1
202200035575;750 564;7;0;2;5;12;1
202200035575;750 565;42;0;2;1;3;1
202200035576;750 562;7;1;0;1;1;3
202200035576;750 563;10;0;2;1;23;1
202200035577;750 560;10;0;2;1;2;1
202200035577;750 561;15;0;2;4;1;1
202200035578;750 558;15;0;2;1;2;1
202200035578;750 559;7;0;2;4;2;1
202200035579;750 557;7;0;1;1;1;2
202200035580;750 556;7;0;1;4;4;1
202200035581;750 555;7;0;1;1;1;1
202200035582;750 554;7;0;1;0;1;1
202200035583;750 553;7;0;1;1;1;1
202200035584;750 551;1;0;2;8;19;5
202200035584;750 552;10;0;2;3;26;1
202200035585;750 550;7;6;2;9;13;1
202200035586;750 548;34;0;2;1;13;1
202200035586;750 549;7;0;2;3;15;1
202200035587;750 546;7;0;9;2;15;1
202200035587;750 547;50;0;2;1;1;3
202200035588;750 544;33;0;2;4;26;0
202200035588;750 545;10;0;2;4;0;1
202200035589;750 542;7;0;2;1;9;0
202200035589;750 543;1;0;2;1;9;5
202200035590;750 540;43;0;2;1;2;1
202200035590;750 541;7;0;2;4;4;1
202200035591;750 538;2;0;2;0;19;1
202200035591;750 539;7;0;9;3;19;1
202200035592;750 536;1;0;2;8;15;5
202200035592;750 537;31;0;2;1;1;1
202200035593;750 534;50;0;2;7;1;3
202200035593;750 535;7;0;2;1;1;1
202200035594;750 532;1;0;2;2;1;5
202200035594;750 533;7;0;2;4;4;1
202200035595;750 530;7;0;2;1;1;1
202200035595;750 531;1;0;2;4;1;5
202200035596;750 528;34;0;2;8;0;1
202200035596;750 529;7;0;2;2;9;1
202200035597;750 527;7;0;1;1;1;1
202200035598;750 526;7;6;0;9;1;1
202200035599;750 524;33;0;2;1;1;1
202200035599;750 525;7;0;2;2;15;1
202200035600;750 522;7;12;0;3;1;1
202200035601;750 520;7;0;2;6;15;1
202200035601;750 521;7;0;2;1;17;1
202200035602;750 518;7;0;2;1;1;1
202200035602;750 519;7;0;2;7;15;1
202200035603;750 516;7;0;2;6;20;1
202200035603;750 517;2;0;2;1;1;1
202200035604;750 513;7;0;1;4;23;1
202200035604;750 514;7;0;2;6;2;1
202200035604;750 515;7;0;2;1;2;1
202200035605;750 511;7;0;2;1;21;1
202200035605;750 512;7;0;2;1;13;1
202200035606;750 509;2;0;2;1;1;1
202200035606;750 510;7;0;2;2;9;0
202200035607;750 507;7;0;2;0;0;1
202200035607;750 508;1;0;2;1;1;5
202200035608;750 506;33;0;2;1;1;1
202200035609;750 505;7;12;0;9;1;1
202200035610;750 504;39;0;1;1;1;0
202200035611;750 501;34;0;2;3;13;1
202200035611;750 502;7;0;2;8;1;1
202200035611;750 503;7;0;2;3;5;1
202200035612;750 500;33;11;0;0;26;0
202200035613;750 499;7;3;0;3;13;1
202200035614;750 497;7;0;2;7;9;1
202200035614;750 498;50;0;2;1;1;3
202200035615;750 494;7;10;2;3;1;2
202200035615;750 495;7;10;2;3;1;1
202200035615;750 496;37;10;2;3;2;1
202200035616;750 492;7;0;2;7;0;1
202200035616;750 493;1;0;2;1;0;5
202200035617;750 490;7;0;2;3;13;1
202200035617;750 491;7;0;2;3;1;1
202200035618;750 488;2;0;2;1;17;1
202200035618;750 489;10;0;9;6;15;1
202200035619;750 486;7;0;2;3;1;1
202200035619;750 487;7;0;2;3;1;1
202200035620;750 485;1;0;0;0;26;5
202200035621;750 483;2;0;2;7;1;1
202200035621;750 484;7;0;2;8;9;1
202200035622;750 481;1;0;2;8;1;5
202200035622;750 482;1;0;2;7;26;5
202200035623;750 480;30;0;0;2;1;1
202200035624;750 479;33;0;0;0;1;0
202200035625;750 477;7;0;9;5;16;3
202200035625;750 478;50;0;2;8;1;3
202200035626;750 476;7;0;1;3;1;1
202200035627;750 474;1;0;2;1;1;5
202200035627;750 475;10;0;2;1;15;0
202200035628;750 472;7;0;2;1;9;1
202200035628;750 473;1;0;2;5;9;5
202200035629;750 470;7;0;2;1;1;1
202200035629;750 471;7;12;2;4;11;1
202200035630;750 468;1;0;2;1;19;5
202200035630;750 469;10;0;2;1;16;1
202200035631;750 466;7;0;2;7;15;1
202200035631;750 467;1;0;2;1;1;5
202200035632;750 464;7;0;2;3;15;1
202200035632;750 465;2;0;2;1;17;1
202200035633;750 462;1;0;2;1;25;5
202200035633;750 463;7;0;2;7;1;1
202200035634;750 461;1;0;0;0;1;5
202200035635;750 459;7;0;2;1;9;1
202200035635;750 460;1;0;2;7;1;5
202200035636;750 458;7;0;0;0;26;1
202200035637;750 457;33;14;0;0;1;1
202200035638;750 455;30;0;2;1;1;1
202200035638;750 456;7;0;2;7;15;1
202200035639;750 453;99;0;2;6;13;1
202200035639;750 454;7;0;2;1;1;1
202200035640;750 451;14;0;2;3;16;1
202200035640;750 452;1;0;2;1;1;5
202200035641;750 449;7;1;0;6;24;1
202200035641;750 450;1;1;0;2;1;5
202200035642;750 447;99;0;2;5;1;3
202200035642;750 448;7;0;2;3;2;1
202200035643;750 446;33;0;0;0;21;1
202200035644;750 445;7;0;1;1;1;1
202200035645;750 443;34;0;2;1;17;1
202200035645;750 444;7;0;2;3;15;1
202200035646;750 442;30;0;0;0;1;1
202200035647;750 441;7;0;1;1;15;1
202200035648;750 439;7;0;2;8;9;1
202200035648;750 440;7;0;2;1;1;1
202200035649;750 437;7;0;2;1;2;1
202200035649;750 438;7;0;2;4;23;1
202200035650;750 434;7;0;2;3;10;1
202200035650;750 436;32;0;2;1;15;1
202200035651;750 433;1;0;2;4;1;5
202200035651;750 435;7;0;2;3;16;1
202200035652;750 431;7;0;2;1;5;1
202200035652;750 432;30;0;2;8;1;1
202200035653;750 428;7;0;2;7;15;1
202200035653;750 430;7;0;2;1;1;1
202200035654;750 427;7;0;2;1;9;1
202200035654;750 429;1;0;2;7;1;5
202200035655;750 425;1;0;0;1;1;5
202200035656;750 424;7;0;2;8;16;1
202200035656;750 426;30;0;2;1;1;1
202200035657;750 422;7;0;1;1;1;1
202200035658;750 420;1;12;0;4;2;5
202200035659;750 419;50;0;2;8;1;3
202200035660;750 416;7;0;2;2;20;1
202200035660;750 418;50;0;2;8;1;3
202200035661;750 415;7;0;2;1;1;1
202200035661;750 417;7;0;2;7;19;1
202200035662;750 414;7;4;9;8;13;1
202200035663;750 412;7;14;0;2;14;1
202200035664;750 411;33;0;2;1;1;1
202200035664;750 413;7;0;2;5;1;1
202200035665;750 408;7;0;2;4;2;1
202200035665;750 410;7;0;2;1;2;1
202200035666;750 407;7;0;2;1;1;1
202200035666;750 409;7;0;2;4;1;2
202200035667;750 406;7;0;1;1;1;1
202200035668;750 404;33;0;2;1;1;1
202200035668;750 405;10;0;2;6;1;1
202200035669;750 403;7;0;1;1;13;1
202200035670;750 400;17;0;2;1;1;1
202200035670;750 402;7;0;2;8;10;1
202200035671;750 399;50;0;2;0;0;3
202200035671;750 401;0;0;2;4;0;0
202200035672;750 396;7;0;2;4;15;1
202200035672;750 398;1;0;2;1;1;5
202200035673;750 393;7;0;2;1;2;1
202200035673;750 394;10;0;0;0;0;1
202200035673;750 395;7;0;2;1;2;1
202200035673;750 397;7;0;2;4;2;1
202200035674;750 391;7;0;2;3;1;1
202200035674;750 392;30;0;2;1;1;1
202200035675;750 386;1;0;2;1;1;5
202200035675;750 387;7;0;2;2;15;0
202200035676;750 384;7;0;0;6;23;2
202200035676;750 385;7;1;0;2;1;1
202200035677;750 382;7;0;2;2;15;1
202200035677;750 383;2;0;2;1;1;1
202200035678;750 380;7;0;2;2;1;1
202200035678;750 381;10;0;0;0;0;0
202200035679;750 378;2;0;2;7;26;1
202200035679;750 379;7;0;2;3;9;1
202200035680;750 376;7;0;2;7;16;1
202200035680;750 377;1;0;2;3;5;5
202200035681;750 374;7;15;0;1;1;1
202200035682;750 373;7;0;1;3;26;1
202200035683;750 371;7;0;2;1;9;1
202200035683;750 372;2;0;2;8;1;1
202200035684;750 368;7;0;2;4;1;1
202200035684;750 369;7;1;2;4;1;1
202200035684;750 370;7;0;2;1;1;1
202200035685;750 366;1;0;2;1;2;0
202200035685;750 367;7;14;2;2;2;0
202200035686;750 364;7;0;2;1;1;1
202200035686;750 365;7;0;2;1;1;1
202200035687;750 362;30;0;2;1;1;1
202200035687;750 363;7;0;2;3;10;1
202200035688;750 361;7;12;0;1;1;1
202200035689;750 358;7;0;1;1;1;1
202200035690;750 359;7;0;2;3;15;1
202200035690;750 360;7;0;2;3;1;1
202200035691;750 355;7;0;2;4;0;1
202200035691;750 356;7;0;2;1;26;1
202200035692;750 354;7;0;2;3;9;1
202200035692;750 357;33;0;2;2;17;1
202200035693;750 349;7;0;2;1;1;1
202200035693;750 352;7;0;2;7;15;1
202200035694;750 347;10;0;2;5;1;1
202200035694;750 348;33;0;2;1;9;1
202200035695;750 345;2;0;2;7;17;1
202200035695;750 346;7;0;2;8;15;1
202200035696;750 343;37;0;2;2;1;0
202200035696;750 344;50;0;2;8;19;3
202200035697;750 341;7;0;2;4;1;0
202200035697;750 342;33;0;2;1;26;1
202200035698;750 340;30;0;0;0;0;1
202200035699;750 336;7;0;2;1;9;0
202200035699;750 339;1;0;2;2;1;5
202200035700;750 337;37;0;2;1;1;2
202200035700;750 338;10;0;2;2;15;1
202200035701;750 334;33;3;0;1;16;1
202200035702;750 333;7;0;2;7;1;1
202200035702;750 335;7;0;2;3;19;1
202200035703;750 332;7;0;1;1;1;1
202200035704;750 330;7;0;2;1;23;1
202200035704;750 331;7;0;2;3;15;1
202200035705;750 328;3;0;2;2;2;1
202200035705;750 329;7;0;2;1;9;1
202200035706;750 326;10;0;1;4;4;1
202200035707;750 325;7;0;2;8;15;1
202200035707;750 327;7;0;2;1;1;1
202200035708;750 323;7;0;2;3;15;1
202200035708;750 324;7;0;2;1;17;0
202200035709;750 321;7;0;2;1;1;1
202200035709;750 322;7;0;2;7;15;1
202200035710;750 319;7;0;2;1;13;1
202200035710;750 320;7;0;2;1;1;1
202200035711;750 314;2;0;2;8;15;1
202200035711;750 316;2;0;2;1;17;1
202200035712;750 313;7;0;2;1;2;1
202200035712;750 315;7;0;2;4;23;1
202200035713;750 311;33;0;2;1;13;1
202200035713;750 312;7;0;2;1;1;1
202200035714;750 309;7;0;2;1;1;1
202200035714;750 310;7;2;0;1;0;0
202200035715;750 306;7;0;2;4;1;1
202200035715;750 308;7;0;2;1;2;1
202200035716;750 305;2;0;2;1;1;1
202200035716;750 307;7;0;2;7;15;1
202200035717;750 303;31;0;2;4;3;1
202200035717;750 304;33;0;2;1;12;1
202200035718;750 302;37;0;1;7;16;1
202200035719;750 298;2;0;2;7;17;1
202200035719;750 300;10;0;2;8;0;1
202200035720;750 295;7;0;2;1;2;1
202200035720;750 296;10;0;2;4;2;1
202200035720;750 297;7;0;2;4;2;1
202200035720;750 299;7;0;2;4;2;1
202200035720;750 301;33;0;2;4;2;1
202200035721;750 294;33;3;0;1;1;1
202200035722;750 289;7;0;2;4;15;1
202200035722;750 291;7;0;2;1;2;1
202200035723;750 290;31;0;2;2;11;1
202200035723;750 292;31;0;2;1;3;1
202200035723;750 293;7;0;2;1;1;1
202200035724;750 286;10;0;2;4;12;1
202200035724;750 288;43;0;2;1;3;1
202200035725;750 285;7;0;2;8;1;1
202200035725;750 287;33;0;2;1;1;1
202200035726;750 284;34;0;1;1;1;1
202200035727;750 283;30;0;0;0;1;1
202200035728;750 280;1;0;2;7;1;5
202200035728;750 282;30;0;2;8;18;1
202200035729;750 276;7;0;2;1;21;1
202200035729;750 278;50;0;2;7;9;3
202200035730;750 275;7;0;2;0;14;1
202200035730;750 277;30;0;2;8;1;1
202200035731;750 274;7;6;0;2;1;1
202200035732;750 272;7;0;2;0;16;1
202200035732;750 273;80;0;2;0;1;3
202200035733;750 270;7;0;2;2;15;1
202200035733;750 271;7;0;2;3;16;1
202200035734;750 269;1;0;1;1;1;5
202200035735;750 267;7;0;2;4;1;1
202200035735;750 268;30;0;2;1;1;1
202200035736;750 266;50;0;1;1;1;3
202200035737;750 265;7;8;0;3;1;1
202200035738;750 263;30;0;2;7;17;1
202200035738;750 264;7;0;2;3;10;1
202200035739;750 261;7;0;2;3;10;1
202200035739;750 262;2;0;2;1;17;1
202200035740;750 260;32;0;1;8;1;1
202200035741;750 258;7;0;2;1;1;1
202200035741;750 259;1;0;2;7;9;5
202200035742;750 256;43;0;2;1;1;1
202200035742;750 257;1;0;2;3;19;5
202200035743;750 255;7;0;5;8;1;1
202200035744;750 252;10;0;2;2;1;1
202200035744;750 254;32;0;2;1;1;1
202200035745;750 249;33;15;0;1;14;1
202200035746;750 248;10;0;2;4;1;1
202200035746;750 250;33;0;2;1;1;1
202200035747;750 244;10;0;0;0;0;0
202200035747;750 246;30;0;0;0;0;1
202200035748;750 243;7;0;2;4;1;1
202200035748;750 245;7;0;2;4;1;1
202200035748;750 247;20;0;2;1;1;1
202200035749;750 239;50;0;2;1;2;3
202200035749;750 242;7;0;2;4;1;1
202200035750;750 238;7;0;0;4;2;1
202200035750;750 240;10;0;2;1;2;1
202200035750;750 241;7;0;2;4;2;1
202200035751;750 236;33;0;2;3;0;1
202200035751;750 237;7;0;2;1;12;1
202200035752;750 234;0;0;2;1;1;0
202200035752;750 235;1;0;2;4;15;5
202200035753;750 231;30;0;2;1;9;1
202200035753;750 233;1;0;2;8;1;5
202200035754;750 230;1;0;2;1;26;5
202200035754;750 232;7;0;2;1;15;1
202200035755;750 227;30;0;2;1;1;1
202200035755;750 229;7;0;2;1;15;1
202200035756;750 226;33;0;2;3;1;1
202200035756;750 228;7;0;2;3;11;1
202200035757;750 225;7;0;0;8;14;1
202200035758;750 223;50;0;2;1;2;3
202200035758;750 224;10;0;2;7;2;1
202200035759;750 222;7;0;1;2;1;1
202200035760;750 220;31;0;2;1;2;1
202200035760;750 221;7;0;2;4;2;1
202200035761;750 218;7;0;2;1;1;1
202200035761;750 219;7;0;2;1;13;1
202200035762;750 215;17;0;2;1;1;1
202200035762;750 216;33;0;2;4;1;1
202200035762;750 217;7;0;2;1;1;1
202200035763;750 212;37;0;1;2;2;2
202200035764;750 213;7;0;9;3;2;1
202200035764;750 214;30;0;2;7;2;1
202200035765;750 209;7;0;2;6;2;1
202200035765;750 210;7;0;2;1;0;1
202200035765;750 211;33;0;2;4;0;0
202200035766;750 207;99;0;2;1;1;3
202200035766;750 208;7;0;2;2;1;1
202200035767;750 205;33;0;2;1;1;1
202200035767;750 206;7;0;2;7;9;1
202200035768;750 203;33;0;2;2;1;1
202200035768;750 204;7;0;2;5;10;1
202200035769;750 201;7;0;2;2;1;1
202200035769;750 202;1;0;2;1;19;5
202200035770;750 199;7;0;0;3;24;1
202200035770;750 200;7;0;1;1;1;1
202200035771;750 197;10;1;0;1;1;1
202200035771;750 198;7;0;2;4;1;1
202200035772;750 196;10;0;1;1;16;1
202200035773;750 194;1;0;2;6;11;5
202200035773;750 195;30;0;2;2;1;1
202200035774;750 193;7;0;2;8;9;1
202200035775;750 192;33;0;1;3;1;1
202200035776;750 190;1;0;4;7;1;5
202200035776;750 191;39;0;2;1;1;3
202200035777;750 187;37;0;2;1;2;1
202200035777;750 188;7;0;2;1;2;1
202200035777;750 189;7;0;2;4;2;1
202200035778;750 185;7;0;2;2;1;1
202200035778;750 186;30;0;2;1;1;1
202200035779;750 183;50;1;0;0;1;3
202200035779;750 184;7;0;2;3;22;1
202200035780;750 181;3;0;0;0;0;0
202200035780;750 182;32;0;2;3;13;0
202200035781;750 179;37;0;2;3;20;1
202200035781;750 180;60;0;2;2;1;5
202200035782;750 178;43;1;0;1;1;1
202200035783;750 176;7;0;2;2;15;1
202200035783;750 177;34;0;2;1;8;0
202200035784;750 175;32;6;0;7;14;1
202200035785;750 173;32;0;2;1;1;1
202200035785;750 174;7;0;2;4;12;1
202200035786;750 171;7;0;2;1;19;1
202200035786;750 172;7;0;0;8;1;0
202200035787;750 170;14;0;1;4;20;0
202200035788;750 168;7;0;2;1;1;1
202200035788;750 169;34;0;2;3;5;1
202200035789;750 166;1;0;2;2;0;5
202200035789;750 167;50;0;2;2;0;3
202200035790;750 164;99;0;2;4;4;1
202200035790;750 165;7;1;2;7;1;1
202200035791;750 163;1;1;2;1;1;5
202200035792;750 161;7;0;2;4;2;1
202200035792;750 162;7;0;2;1;2;1
202200035793;750 159;1;0;2;1;19;5
202200035793;750 160;7;0;9;2;1;1
202200035794;750 157;2;0;2;1;5;1
202200035794;750 158;7;0;2;1;1;1
202200035795;750 156;7;3;0;2;2;1
202200035796;750 154;7;0;2;8;19;1
202200035796;750 155;7;0;2;1;1;2
202200035797;750 152;7;0;2;3;1;1
202200035797;750 153;2;0;2;1;1;1
202200035798;750 151;33;0;0;0;17;1
202200035799;750 149;7;0;2;2;15;1
202200035799;750 150;7;0;2;2;1;1
202200035800;750 147;10;0;2;2;2;1
202200035800;750 148;99;0;0;4;1;1
202200035801;750 145;10;0;2;3;13;1
202200035801;750 146;17;0;2;3;1;1
202200035802;750 143;2;0;2;1;1;1
202200035802;750 144;13;0;0;7;19;1
202200035803;750 141;7;0;2;8;10;1
202200035803;750 142;33;0;2;1;17;1
202200035804;750 140;33;16;0;0;1;1
202200035805;750 138;7;0;2;2;23;1
202200035805;750 139;7;13;2;0;14;1
202200035806;750 136;2;0;2;1;13;1
202200035806;750 137;7;0;2;1;1;6
202200035807;750 135;1;15;0;0;0;5
202200035808;750 134;7;2;0;1;2;1
202200035809;750 132;50;0;2;3;0;3
202200035809;750 133;7;0;2;0;0;1
202200035810;750 130;7;0;2;8;9;1
202200035810;750 131;13;0;2;1;1;1
202200035811;750 128;1;0;2;3;1;5
202200035811;750 129;7;0;2;3;15;1
202200035812;750 126;7;0;9;2;1;1
202200035812;750 127;1;0;2;1;15;5
202200035813;750 125;7;0;1;1;1;1
202200035814;750 123;31;0;2;1;1;1
202200035814;750 124;10;0;2;5;19;1
202200035815;750 122;7;13;0;2;1;1
202200035816;750 120;31;0;2;1;2;1
202200035816;750 121;10;0;2;4;15;1
202200035817;750 118;7;0;2;1;1;1
202200035817;750 119;15;0;2;3;1;1
202200035818;750 117;10;0;1;8;1;1
202200035819;750 115;7;0;0;3;15;1
202200035819;750 116;36;0;2;1;15;1
202200035820;750 113;7;0;2;1;19;1
202200035820;750 114;2;0;2;1;1;1
202200035821;750 111;7;0;2;8;19;1
202200035821;750 112;7;0;2;1;1;1
202200035822;750 108;7;3;0;3;1;1
202200035822;750 109;7;5;0;3;1;1
202200035823;750 106;7;0;2;3;11;1
202200035823;750 107;33;0;2;1;1;1
202200035824;750 105;7;3;0;3;1;1
202200035825;750 104;33;12;0;3;1;1
202200035826;750 102;2;0;2;0;0;1
202200035826;750 103;13;0;2;2;0;1
202200035827;750 100;7;0;2;1;2;1
202200035827;750 101;10;0;0;5;2;1
202200035828;750 098;31;0;2;1;17;1
202200035828;750 099;7;0;2;3;15;1
202200035829;750 096;7;2;2;3;16;1
202200035829;750 097;7;0;2;6;15;1
202200035830;750 094;7;8;2;1;1;1
202200035830;750 095;7;6;2;7;9;1
202200035831;750 093;21;0;0;0;1;1
202200035832;750 091;7;0;2;3;1;1
202200035832;750 092;1;0;2;4;1;5
202200035833;750 090;7;0;1;2;1;1
202200035834;750 088;7;0;2;2;19;1
202200035834;750 089;2;0;2;1;1;1
202200035835;750 087;7;6;0;3;1;1
202200035836;750 085;7;0;2;6;9;1
202200035836;750 086;7;0;2;1;9;1
202200035837;750 084;43;3;0;0;26;1
202200035838;750 081;7;3;2;4;1;1
202200035838;750 082;17;0;2;3;1;6
202200035838;750 083;17;0;2;7;1;6
202200035839;750 079;7;0;2;6;0;1
202200035839;750 080;7;0;2;2;0;1
202200035840;750 076;7;0;2;1;2;1
202200035840;750 077;7;0;2;4;2;1
202200035840;750 078;7;0;2;4;2;1
202200035841;750 072;33;0;2;1;21;1
202200035841;750 073;7;0;0;4;2;1
202200035841;750 074;10;0;2;4;2;1
202200035841;750 075;7;0;2;1;14;1
202200035842;750 070;14;0;2;2;1;1
202200035842;750 071;7;0;2;3;13;1
202200035843;750 067;15;0;0;0;1;1
202200035843;750 068;7;0;0;0;1;1
202200035843;750 069;7;3;0;1;26;1
202200035844;750 065;7;0;2;1;2;1
202200035844;750 066;7;0;2;4;2;1
202200035845;750 064;10;4;0;8;2;1
202200035846;750 063;43;6;0;3;13;1
202200035847;750 061;7;0;2;2;12;1
202200035847;750 062;7;0;2;6;1;1
202200035848;750 059;33;0;2;1;3;1
202200035848;750 060;7;0;0;4;12;1
202200035849;750 057;10;0;2;5;1;1
202200035849;750 058;34;0;2;3;17;1
202200035850;750 055;10;0;2;4;1;1
202200035850;750 056;17;0;2;1;1;1
202200035851;750 053;7;0;2;1;1;1
202200035851;750 054;7;0;2;4;1;1
202200035852;750 051;10;0;2;5;26;1
202200035852;750 052;32;0;2;1;0;1
202200035853;750 049;10;0;2;8;11;1
202200035853;750 050;43;0;2;7;1;1
202200035854;750 047;7;0;2;6;1;1
202200035854;750 048;33;0;2;1;21;1
202200035855;750 045;32;0;2;3;2;1
202200035855;750 046;7;0;2;2;12;1
202200035856;750 040;7;0;2;1;2;1
202200035856;750 041;7;0;2;3;11;1
202200035856;750 042;7;0;2;4;0;1
202200035856;750 043;7;0;2;0;0;1
202200035856;750 044;7;0;2;4;21;1
202200035857;750 038;7;0;2;5;14;1
202200035857;750 039;33;0;2;1;1;1
202200035858;750 035;7;0;2;4;1;2
202200035858;750 036;10;0;2;1;1;1
202200035858;750 037;10;0;2;4;1;1
202200035859;750 034;7;4;0;6;13;1
202200035860;750 032;31;0;2;1;2;1
202200035860;750 033;10;0;2;5;1;1
202200035861;750 029;2;0;2;1;1;1
202200035861;750 030;31;0;0;4;23;1
202200035862;750 028;7;2;0;2;1;1
202200035863;750 026;7;0;2;3;9;1
202200035863;750 027;33;0;2;1;1;1
202200035864;750 024;33;0;2;3;2;1
202200035864;750 025;7;0;2;5;12;1
202200035865;750 023;36;9;0;1;14;1
202200035866;750 020;7;0;2;6;1;0
202200035866;750 021;7;0;2;1;1;1
202200035866;750 022;7;0;2;1;5;1
202200035867;750 018;7;0;2;3;16;1
202200035867;750 019;1;0;2;1;5;5
202200035868;750 016;7;0;2;1;5;1
202200035868;750 017;7;0;2;1;5;1
202200035869;750 014;2;0;2;1;1;1
202200035869;750 015;13;0;2;6;15;1
202200035870;750 011;7;0;2;3;21;1
202200035870;750 012;10;0;2;3;21;1
202200035871;750 009;1;0;2;3;1;5
202200035871;750 010;7;0;2;2;0;3
202200035872;750 008;2;12;0;1;1;1
202200035873;750 006;7;0;2;5;1;1
202200035873;750 007;7;0;2;1;1;1
202200035874;750 004;7;0;2;6;1;0
202200035874;750 005;33;0;2;1;1;1
202200035875;750 002;7;0;2;1;13;1
202200035875;750 003;31;0;2;1;1;1
202200035876;750 001;2;0;0;8;21;1
202200035877;749 999;7;0;2;6;9;1
202200035877;750 000;2;0;2;1;1;1
202200035878;749 998;7;0;1;1;15;1
202200035879;749 997;33;15;0;1;13;1
202200035880;749 995;7;0;2;1;2;1
202200035880;749 996;7;0;2;4;1;1
202200035881;749 992;10;1;2;0;0;1
202200035881;749 993;34;0;2;8;2;1
202200035881;749 994;7;0;2;8;15;1
202200035882;749 990;7;0;2;1;1;1
202200035882;749 991;7;0;2;1;13;1
202200035883;749 988;7;0;2;2;15;0
202200035883;749 989;32;0;2;1;1;0
202200035884;749 984;15;0;2;1;2;1
202200035884;749 985;10;0;2;1;2;0
202200035884;749 986;7;0;2;4;2;1
202200035884;749 987;7;0;2;4;2;1
202200035885;749 982;30;0;2;1;2;1
202200035885;749 983;13;0;2;4;2;1
202200035886;749 981;7;0;0;2;1;1
202200035887;749 979;7;1;2;2;14;1
202200035887;749 980;7;0;2;6;24;1
202200035888;749 977;7;0;2;1;1;1
202200035888;749 978;33;0;2;3;11;1
202200035889;749 976;2;13;0;1;1;1
202200035890;749 974;7;0;2;3;26;1
202200035890;749 975;31;0;2;3;26;1
202200035891;749 972;33;0;2;3;17;1
202200035891;749 973;37;0;2;3;24;1
202200035892;749 968;50;0;2;2;0;3
202200035892;749 969;7;0;9;3;1;1
202200035893;749 967;33;13;0;1;1;1
202200035894;749 966;7;0;2;0;11;1
202200035895;749 964;7;0;0;3;10;1