Num_Acc;id_vehicule;categorie_vehicule;obstacle_fixe;obstacle_mobile;point_choc_initial;manoeuvre_principale;motorisation
202200035895;749 965;33;0;2;2;1;1
202200035896;749 963;50;0;1;1;25;3
202200035897;749 961;7;0;2;2;2;1
202200035897;749 962;7;0;2;8;20;1
202200035898;749 960;33;0;1;1;1;1
202200035899;749 958;7;0;2;1;2;1
202200035899;749 959;7;0;2;4;23;1
202200035900;749 956;7;0;2;6;1;0
202200035900;749 957;7;0;2;2;1;0
202200035901;749 954;33;0;2;4;16;1
202200035901;749 955;7;12;2;2;2;1
202200035902;749 952;7;0;2;8;1;1
202200035902;749 953;33;0;2;3;13;1
202200035903;749 950;2;0;0;4;2;1
202200035903;749 951;7;0;2;2;2;1
202200035904;749 948;10;0;2;1;13;1
202200035904;749 949;7;0;2;1;1;1
202200035905;749 946;2;0;2;1;1;1
202200035905;749 947;7;0;2;3;20;1
202200035906;749 945;33;0;0;0;1;1
202200035907;749 943;14;0;2;3;9;1
202200035907;749 944;33;0;2;8;15;1
202200035908;749 942;7;2;0;3;0;1
202200035909;749 941;7;8;0;3;1;1
202200035910;749 939;7;0;2;3;17;1
202200035910;749 940;33;0;2;1;1;1
202200035911;749 937;10;0;2;7;19;1
202200035911;749 938;1;0;2;1;1;5
202200035912;749 936;33;0;0;0;2;1
202200035913;749 933;7;0;2;1;13;1
202200035913;749 934;7;0;2;1;1;1
202200035913;749 935;7;0;2;8;21;1
202200035914;749 930;33;0;2;1;2;1
202200035914;749 931;10;0;0;3;2;1
202200035914;749 932;10;0;2;4;15;1
202200035915;749 929;7;13;0;3;1;1
202200035916;749 928;31;2;0;3;0;1
202200035917;749 926;7;0;2;3;1;1
202200035917;749 927;7;0;2;3;1;1
202200035918;749 924;7;3;2;6;2;1
202200035918;749 925;7;0;2;2;11;1
202200035919;749 921;7;0;2;7;17;1
202200035919;749 922;7;3;2;8;1;1
202200035919;749 923;7;3;2;8;18;1
202200035920;749 920;14;0;1;7;16;1
202200035921;749 914;7;3;2;3;13;1
202200035921;749 915;7;0;2;7;13;1
202200035921;749 916;15;1;2;2;13;1
202200035921;749 917;15;0;2;2;13;1
202200035921;749 918;7;0;2;1;21;1
202200035921;749 919;10;0;2;5;2;1
202200035922;749 912;10;0;2;0;0;0
202200035922;749 913;32;0;2;0;1;1
202200035923;749 911;15;0;1;3;0;1
202200035924;749 907;7;0;2;4;2;1
202200035924;749 908;10;0;2;4;2;0
202200035924;749 909;10;0;2;1;2;0
202200035924;749 910;7;0;0;4;2;0
202200035925;749 906;37;0;0;0;0;1
202200035926;749 905;7;2;0;2;1;1
202200035927;749 903;37;0;2;1;1;1
202200035927;749 904;7;0;2;1;1;1
202200035928;749 900;7;0;2;8;1;1
202200035928;749 901;7;0;2;6;1;1
202200035928;749 902;7;0;2;6;1;1
202200035929;749 898;7;0;2;3;13;1
202200035929;749 899;7;0;2;1;1;1
202200035930;749 895;7;1;0;1;1;1
202200035930;749 896;7;0;2;4;23;1
202200035930;749 897;7;0;0;3;23;1
202200035931;749 894;7;4;0;3;1;1
202200035932;749 892;1;0;2;1;1;5
202200035932;749 893;7;0;2;1;15;1
202200035933;749 890;7;0;2;1;1;1
202200035933;749 891;7;7;2;7;1;1
202200035934;749 888;7;0;2;3;13;1
202200035934;749 889;7;0;0;3;1;1
202200035935;749 884;7;0;2;4;0;2
202200035935;749 885;10;0;2;1;0;1
202200035935;749 886;7;1;0;1;0;3
202200035936;749 882;33;0;2;1;12;1
202200035936;749 883;10;0;2;5;12;1
202200035937;749 881;17;0;1;1;2;1
202200035938;749 879;7;0;2;1;1;1
202200035938;749 880;7;0;2;6;1;1
202200035939;749 877;37;0;2;3;1;1
202200035939;749 878;7;0;2;1;13;1
202200035940;749 875;7;0;2;3;15;1
202200035940;749 876;31;0;2;1;3;1
202200035941;749 873;10;0;2;6;15;1
202200035941;749 874;33;0;2;1;17;1
202200035942;749 872;50;0;0;0;1;3
202200035943;749 870;7;0;2;2;1;1
202200035943;749 871;10;0;2;0;0;3
202200035944;749 868;13;0;2;1;16;1
202200035944;749 869;1;0;2;8;19;0
202200035945;749 866;32;0;2;1;1;1
202200035945;749 867;7;0;2;3;9;1
202200035946;749 864;7;0;2;1;1;1
202200035946;749 865;7;0;2;0;1;1
202200035947;749 862;7;0;2;1;1;3
202200035947;749 863;10;0;2;2;1;1
202200035948;749 860;7;0;2;5;12;1
202200035948;749 861;7;0;2;3;1;1
202200035949;749 859;7;0;0;1;26;6
202200035950;749 858;7;0;1;1;1;1
202200035951;749 857;37;0;1;5;1;1
202200035952;749 856;7;3;0;1;14;1
202200035953;749 854;7;0;2;3;15;1
202200035953;749 855;33;0;2;7;1;1
202200035954;749 853;50;0;0;0;1;3
202200035955;749 850;7;0;2;2;15;1
202200035955;749 851;7;0;2;8;2;1
202200035956;749 848;99;0;2;1;1;3
202200035956;749 849;7;0;2;4;1;1
202200035957;749 846;7;0;2;7;15;1
202200035957;749 847;1;0;2;1;1;5
202200035958;749 844;7;0;2;1;2;1
202200035958;749 845;7;0;2;4;2;1
202200035959;749 842;40;0;2;1;1;3
202200035959;749 843;50;0;4;8;19;3
202200035960;749 841;7;0;1;3;1;1
202200035961;749 840;40;0;1;3;19;3
202200035962;749 837;1;0;2;8;2;0
202200035962;749 838;7;0;2;0;2;1
202200035962;749 839;7;0;2;3;9;1
202200035963;749 835;7;0;2;1;1;1
202200035963;749 836;7;0;2;4;1;1
202200035964;749 833;7;0;2;1;1;1
202200035964;749 834;7;0;2;4;1;1
202200035965;749 831;1;0;2;8;1;5
202200035965;749 832;7;0;2;7;16;1
202200035966;749 829;7;0;2;3;15;1
202200035966;749 830;7;0;2;3;1;1
202200035967;749 827;2;0;2;8;15;1
202200035967;749 828;7;0;2;3;9;1
202200035968;749 826;10;0;1;4;4;1
202200035969;749 825;7;0;1;1;1;1
202200035970;749 823;10;0;2;1;19;1
202200035970;749 824;31;0;0;0;0;1
202200035971;749 822;14;0;1;7;16;1
202200035972;749 820;33;0;2;1;3;1
202200035972;749 821;7;0;2;2;15;1
202200035973;749 819;7;0;1;2;1;1
202200035974;749 818;7;0;0;1;1;1
202200035975;749 816;2;0;2;1;1;1
202200035975;749 817;7;1;2;5;20;1
202200035976;749 814;7;0;0;4;1;1
202200035976;749 815;7;0;2;1;26;1
202200035977;749 812;7;0;9;6;9;0
202200035977;749 813;1;0;2;1;1;5
202200035978;749 811;7;3;0;1;13;1
202200035979;749 809;1;0;2;1;1;5
202200035979;749 810;7;0;2;5;15;1
202200035980;749 807;7;0;2;1;1;1
202200035980;749 808;7;0;2;7;1;1
202200035981;749 805;7;0;2;3;9;1
202200035981;749 806;1;0;2;7;1;5
202200035982;749 803;15;0;2;7;1;1
202200035982;749 804;2;0;2;8;1;1
202200035983;749 801;33;0;2;1;1;1
202200035983;749 802;7;0;2;8;9;1
202200035984;749 799;7;8;2;1;1;1
202200035984;749 800;7;0;2;3;15;1
202200035985;749 797;7;0;2;8;15;1
202200035985;749 798;33;0;2;1;17;1
202200035986;749 795;7;0;2;7;15;1
202200035986;749 796;33;0;2;1;1;1
202200035987;749 793;33;0;2;8;1;1
202200035987;749 794;7;0;2;3;13;1
202200035988;749 791;7;0;2;8;0;1
202200035988;749 792;33;0;2;4;0;1
202200035989;749 789;50;0;2;2;0;3
202200035989;749 790;7;0;9;0;0;1
202200035990;749 787;7;0;2;3;26;1
202200035990;749 788;2;0;2;7;1;1
202200035991;749 785;7;0;2;6;15;1
202200035991;749 786;7;0;2;3;1;1
202200035992;749 784;7;0;1;3;15;2
202200035993;749 783;7;0;1;3;1;1
202200035994;749 782;33;0;0;9;24;1
202200035995;749 781;33;0;0;0;1;1
202200035996;749 779;7;0;2;4;2;2
202200035996;749 780;7;0;2;2;2;1
202200035997;749 777;7;0;2;4;2;1
202200035997;749 778;7;0;2;1;2;1
202200035998;749 776;31;0;1;1;15;1
202200035999;749 774;1;0;2;1;16;5
202200035999;749 775;15;0;2;2;14;1
202200036000;749 772;7;0;2;3;22;2
202200036000;749 773;50;0;0;0;1;3
202200036001;749 770;10;0;2;3;1;1
202200036001;749 771;7;8;2;1;17;1
202200036002;749 769;32;0;1;1;1;1
202200036003;749 768;7;8;1;1;13;1
202200036004;749 766;2;0;2;4;15;1
202200036004;749 767;10;0;2;0;15;0
202200036005;749 764;7;0;2;1;13;0
202200036005;749 765;1;0;2;1;5;5
202200036006;749 762;30;0;2;0;1;0
202200036006;749 763;80;0;2;1;1;3
202200036007;749 760;30;0;2;8;18;3
202200036007;749 761;7;0;2;5;22;2
202200036008;749 758;1;0;2;4;2;5
202200036008;749 759;33;0;2;1;2;1
202200036009;749 756;7;0;2;7;16;1
202200036009;749 757;50;0;2;8;1;3
202200036010;749 755;7;1;0;2;14;1
202200036011;749 754;10;8;0;1;21;3
202200036012;749 752;33;1;2;1;17;1
202200036012;749 753;7;0;2;3;10;2
202200036013;749 751;7;0;1;6;26;1
202200036014;749 749;7;0;2;6;21;1
202200036014;749 750;31;0;2;1;0;1
202200036015;749 747;10;0;2;1;1;1
202200036015;749 748;1;0;2;4;3;5
202200036016;749 746;10;1;0;3;1;1
202200036017;749 744;7;0;2;1;2;1
202200036017;749 745;0;0;2;4;2;0
202200036018;749 742;10;0;0;2;2;1
202200036018;749 743;7;0;2;4;23;1
202200036019;749 740;7;0;9;1;21;1
202200036019;749 741;1;0;2;4;15;5
202200036020;749 738;7;0;2;1;2;1
202200036020;749 739;33;0;2;4;2;1
202200036021;749 737;7;9;0;5;1;1
202200036022;749 735;1;1;0;0;1;5
202200036022;749 736;13;0;2;3;22;1
202200036023;749 732;7;0;2;4;1;1
202200036023;749 733;7;0;2;0;0;1
202200036023;749 734;7;0;2;0;0;1
202200036024;749 730;7;0;2;1;15;2
202200036024;749 731;33;0;2;1;1;1
202200036025;749 728;7;0;2;2;0;1
202200036025;749 729;7;0;2;3;15;1
202200036026;749 726;60;0;2;8;19;5
202200036026;749 727;7;0;2;8;1;1
202200036027;749 725;10;0;1;8;19;1
202200036028;749 723;10;0;2;0;0;1
202200036028;749 724;10;0;0;4;2;1
202200036029;749 721;1;0;2;0;0;5
202200036029;749 722;13;0;2;1;1;1
202200036030;749 719;30;9;2;3;5;1
202200036030;749 720;7;0;2;3;1;1
202200036031;749 717;7;0;2;7;11;1
202200036031;749 718;2;0;2;8;13;1
202200036032;749 715;13;1;0;6;2;1
202200036032;749 716;33;0;2;3;11;1
202200036033;749 713;7;0;2;0;15;1
202200036033;749 714;2;0;2;0;1;1
202200036034;749 711;7;0;2;1;1;1
202200036034;749 712;33;0;2;0;0;1
202200036035;749 709;43;0;2;1;1;2
202200036035;749 710;10;0;2;5;1;1
202200036036;749 707;7;0;2;1;1;1
202200036036;749 708;7;0;2;1;15;1
202200036037;749 705;10;0;9;3;1;1
202200036037;749 706;50;0;2;1;15;3
202200036038;749 704;7;9;1;1;9;1
202200036039;749 702;7;0;2;6;15;2
202200036039;749 703;50;0;2;1;1;3
202200036040;749 700;7;0;2;1;1;1
202200036040;749 701;32;0;0;4;16;1
202200036041;749 698;31;0;2;4;1;1
202200036041;749 699;7;0;2;2;1;1
202200036042;749 696;7;0;2;1;1;1
202200036042;749 697;7;0;2;1;13;1
202200036043;749 695;7;0;1;2;1;1
202200036044;749 693;7;0;2;1;2;1
202200036044;749 694;7;0;2;5;15;1
202200036045;749 691;7;0;2;1;13;1
202200036045;749 692;1;0;2;8;1;5
202200036046;749 689;33;0;2;8;18;1
202200036046;749 690;14;0;2;5;1;1
202200036047;749 688;10;0;1;4;4;0
202200036048;749 686;7;0;2;7;1;1
202200036048;749 687;21;0;2;3;1;1
202200036049;749 684;7;0;2;1;1;1
202200036049;749 685;7;0;2;1;5;1
202200036050;749 683;2;15;0;1;0;1
202200036051;749 682;7;13;0;1;1;1
202200036052;749 680;7;0;2;1;2;1
202200036052;749 681;7;0;2;4;2;1
202200036053;749 679;33;7;0;1;1;1
202200036054;749 678;7;2;0;3;14;1
202200036055;749 677;31;15;0;1;26;1
202200036056;749 675;7;0;2;8;9;1
202200036056;749 676;10;0;2;1;1;1
202200036057;749 673;7;13;2;1;1;2
202200036057;749 674;7;0;2;1;19;1
202200036058;749 671;15;0;2;6;1;1
202200036058;749 672;7;0;2;2;21;1
202200036059;749 670;7;13;0;1;2;1
202200036060;749 667;7;0;2;3;1;1
202200036060;749 668;37;0;2;1;1;4
202200036060;749 669;10;0;2;1;13;1
202200036061;749 665;7;0;2;3;15;1
202200036061;749 666;33;0;2;1;1;1
202200036062;749 663;1;0;0;7;1;5
202200036062;749 664;10;0;2;1;9;1
202200036063;749 662;33;0;0;0;1;0
202200036064;749 659;7;0;2;2;14;1
202200036064;749 661;32;0;2;3;18;1
202200036065;749 658;7;0;2;1;1;1
202200036065;749 660;7;0;2;8;1;1
202200036066;749 656;50;0;2;4;2;3
202200036066;749 657;1;0;2;1;2;5
202200036067;749 653;7;0;2;2;1;1
202200036067;749 655;7;0;2;2;13;1
202200036068;749 652;7;0;2;3;15;1
202200036068;749 654;32;0;2;8;1;3
202200036069;749 650;7;0;2;1;1;1
202200036069;749 651;7;0;2;1;19;1
202200036070;749 649;3;1;0;1;14;1
202200036071;749 647;60;0;2;7;15;5
202200036071;749 648;7;0;2;2;9;1
202200036072;749 644;7;13;0;2;17;1
202200036073;749 645;50;0;2;1;16;3
202200036073;749 646;7;0;2;3;1;2
202200036074;749 643;7;2;0;1;1;1
202200036075;749 642;7;1;0;1;1;2
202200036076;749 641;7;11;0;1;0;1
202200036077;749 638;50;0;2;8;1;3
202200036077;749 640;7;0;2;7;16;1
202200036078;749 635;33;0;1;1;25;1
202200036079;749 636;7;0;2;1;2;1
202200036079;749 637;13;0;0;4;1;1
202200036080;749 633;50;0;2;1;7;3
202200036080;749 634;7;0;2;1;16;1
202200036081;749 632;7;4;0;8;1;1
202200036082;749 630;80;0;2;5;1;3
202200036082;749 631;7;0;2;5;22;2
202200036083;749 629;7;4;0;9;0;1
202200036084;749 627;1;0;2;1;1;5
202200036084;749 628;80;0;2;4;15;3
202200036085;749 626;7;0;1;2;1;1
202200036086;749 624;30;0;2;7;1;0
202200036086;749 625;30;0;2;8;13;3
202200036087;749 623;7;0;1;1;1;1
202200036088;749 620;10;0;2;7;12;1
202200036088;749 622;33;0;2;3;1;1
202200036089;749 619;10;0;2;3;0;1
202200036089;749 621;7;0;2;1;0;1
202200036090;749 617;10;0;2;2;15;1
202200036090;749 618;33;0;2;1;1;1
202200036091;749 614;7;0;2;7;1;1
202200036091;749 616;15;0;2;1;1;1
202200036092;749 613;31;0;2;1;3;1
202200036092;749 615;7;0;2;8;15;1
202200036093;749 610;7;0;2;1;1;1
202200036093;749 612;1;0;2;1;1;5
202200036094;749 609;1;0;2;1;2;5
202200036094;749 611;7;0;2;1;15;0
202200036095;749 607;7;0;2;3;1;1
202200036095;749 608;7;0;2;3;1;0
202200036096;749 606;7;12;1;0;1;1
202200036097;749 603;10;0;1;1;1;1
202200036098;749 604;7;16;2;5;1;1
202200036098;749 605;7;16;2;1;2;1
202200036099;749 601;7;0;0;8;15;1
202200036099;749 602;34;0;2;1;17;1
202200036100;749 598;7;0;2;2;1;1
202200036100;749 599;7;0;2;5;20;0
202200036101;749 597;2;0;2;1;1;1
202200036101;749 600;7;0;2;7;19;1
202200036102;749 594;31;0;2;2;3;1
202200036102;749 596;7;0;2;3;11;0
202200036103;749 593;33;0;2;1;1;1
202200036103;749 595;7;0;0;6;19;1
202200036104;749 589;7;0;2;3;15;0
202200036104;749 592;30;0;2;1;17;0
202200036105;749 588;7;0;2;4;15;1
202200036105;749 590;7;0;2;1;1;1
202200036105;749 591;7;0;2;1;1;1
202200036106;749 586;33;0;2;8;1;1
202200036106;749 587;7;0;2;2;15;1
202200036107;749 585;33;12;0;0;1;1
202200036108;749 582;7;4;2;1;1;1
202200036108;749 584;7;0;0;4;2;1
202200036109;749 581;33;0;2;1;2;1
202200036109;749 583;17;0;0;7;16;1
202200036110;749 579;7;0;2;1;1;1
202200036110;749 580;7;0;2;1;15;1
202200036111;749 578;7;0;1;3;1;1
202200036112;749 577;2;8;0;1;16;3
202200036113;749 575;2;0;2;1;17;1
202200036113;749 576;10;0;0;6;2;1
202200036114;749 572;7;0;2;6;11;1
202200036114;749 574;2;0;2;1;1;1
202200036115;749 571;7;0;2;1;17;1
202200036115;749 573;7;0;2;4;26;1
202200036116;749 568;10;0;2;6;0;1
202200036116;749 570;32;0;2;2;2;1
202200036117;749 567;7;0;2;3;1;1
202200036117;749 569;7;0;2;3;1;1
202200036118;749 564;38;0;2;3;1;3
202200036118;749 566;99;0;2;2;9;0
202200036119;749 559;33;0;2;3;26;1
202200036119;749 561;7;0;2;2;1;1
202200036120;749 560;0;0;2;3;13;0
202200036120;749 562;30;0;2;5;2;1
202200036121;749 558;7;11;0;1;1;1
202200036122;749 554;7;0;2;0;1;1
202200036122;749 555;33;0;2;7;1;1
202200036122;749 556;7;0;2;8;11;1
202200036123;749 550;7;0;0;7;1;2
202200036123;749 552;33;0;2;8;13;1
202200036124;749 551;7;0;0;0;0;1
202200036124;749 553;7;0;2;6;1;1
202200036124;749 557;7;0;2;1;1;1
202200036125;749 548;7;0;0;8;1;1
202200036125;749 549;33;0;2;7;12;1
202200036126;749 547;7;0;1;1;1;1
202200036127;749 545;7;0;2;1;1;1
202200036127;749 546;7;0;2;4;1;1
202200036128;749 543;7;0;2;8;26;1
202200036128;749 544;32;0;2;1;1;1
202200036129;749 541;34;0;2;2;1;1
202200036129;749 542;7;0;2;1;0;0
202200036130;749 539;1;0;2;1;21;5
202200036130;749 540;7;0;2;3;16;1
202200036131;749 537;7;0;2;4;23;2
202200036131;749 538;34;0;2;1;1;1
202200036132;749 536;7;6;0;1;1;1
202200036133;749 535;7;13;0;1;1;1
202200036134;749 534;7;0;1;3;1;2
202200036135;749 533;7;0;1;1;1;1
202200036136;749 532;7;2;0;1;1;1
202200036137;749 530;7;0;2;2;15;1
202200036137;749 531;7;0;2;3;1;1
202200036138;749 529;7;2;0;1;19;1
202200036139;749 528;1;0;0;1;1;5
202200036140;749 526;10;0;2;3;9;1
202200036140;749 527;13;0;0;8;1;1
202200036141;749 525;7;0;0;0;17;1
202200036142;749 524;33;0;1;1;2;1
202200036143;749 523;7;2;0;1;0;1
202200036144;749 522;7;2;0;1;14;1
202200036145;749 520;7;0;2;1;11;2
202200036145;749 521;7;0;2;1;1;1
202200036146;749 518;43;0;2;3;1;1
202200036146;749 519;7;0;2;5;15;1
202200036147;749 517;7;1;0;1;1;1
202200036148;749 515;7;0;2;1;1;1
202200036148;749 516;7;0;2;1;13;1
202200036149;749 513;7;0;1;4;20;1
202200036150;749 512;33;0;0;0;21;1
202200036151;749 510;7;3;2;8;1;0
202200036151;749 511;7;13;2;8;1;1
202200036152;749 509;7;8;0;3;1;1
202200036153;749 508;7;8;0;3;2;1
202200036154;749 505;7;0;2;1;1;1
202200036154;749 506;7;0;2;1;1;1
202200036154;749 507;7;0;2;1;13;1
202200036155;749 503;32;0;2;1;1;1
202200036155;749 504;7;0;2;8;10;1
202200036156;749 499;1;0;2;3;1;5
202200036156;749 500;7;0;9;5;17;1
202200036157;749 497;7;0;2;1;1;1
202200036157;749 498;7;0;2;7;19;1
202200036158;749 496;7;2;0;1;13;1
202200036159;749 494;7;0;2;6;4;0
202200036159;749 495;7;6;2;7;1;1
202200036160;749 492;10;0;2;1;19;1
202200036160;749 493;7;0;0;3;15;1
202200036161;749 491;7;13;0;1;0;1
202200036162;749 489;10;0;9;7;2;1
202200036162;749 490;1;0;2;8;2;5
202200036163;749 487;10;0;0;1;1;1
202200036163;749 488;7;0;0;4;1;1
202200036164;749 486;7;0;1;3;1;1
202200036165;749 482;10;0;0;1;1;1
202200036165;749 483;7;0;0;4;1;1
202200036166;749 480;7;0;2;3;1;1
202200036166;749 481;7;0;2;1;17;1
202200036167;749 478;7;0;2;8;26;1
202200036167;749 479;7;0;2;3;1;1
202200036168;749 476;10;0;2;1;0;1
202200036168;749 477;7;0;2;4;23;1
202200036169;749 475;37;0;1;3;13;1
202200036170;749 474;38;16;0;2;23;1
202200036171;749 473;10;0;1;1;1;1
202200036172;749 472;7;6;0;3;1;1
202200036173;749 471;7;0;1;1;15;1
202200036174;749 468;7;0;2;1;2;1
202200036174;749 470;15;0;2;3;2;1
202200036175;749 467;33;0;2;1;1;1
202200036175;749 469;1;0;2;8;1;5
202200036176;749 464;7;0;2;4;2;1
202200036176;749 466;10;0;2;3;2;1
202200036177;749 463;10;0;2;3;16;1
202200036177;749 465;7;0;2;1;1;2
202200036178;749 461;33;12;0;2;9;1
202200036179;749 460;34;0;2;0;1;3
202200036179;749 462;1;0;2;0;19;5
202200036180;749 458;7;0;2;1;1;1
202200036180;749 459;14;0;0;8;20;1
202200036181;749 456;7;4;0;2;14;1
202200036182;749 457;7;6;0;1;2;1
202200036183;749 451;7;0;2;4;1;2
202200036183;749 453;10;0;2;4;2;1
202200036183;749 455;10;0;2;1;2;1
202200036184;749 452;2;0;2;4;12;1
202200036184;749 454;7;0;2;1;1;1
202200036185;749 448;7;0;2;8;1;1
202200036185;749 449;33;0;2;8;3;1
202200036185;749 450;7;0;2;7;12;1
202200036186;749 446;3;0;2;1;15;1
202200036186;749 447;32;0;2;5;17;1
202200036187;749 444;10;0;2;1;2;1
202200036187;749 445;7;0;2;4;1;3
202200036188;749 443;0;0;1;0;2;0
202200036189;749 441;7;4;2;7;12;1
202200036189;749 442;7;0;2;3;1;1
202200036190;749 440;7;8;0;1;1;1
202200036191;749 439;7;9;2;1;21;1
202200036192;749 438;1;12;0;1;9;5
202200036193;749 436;7;0;2;2;1;1
202200036193;749 437;17;0;2;2;12;1
202200036194;749 434;10;0;2;1;1;1
202200036194;749 435;1;0;2;7;1;5
202200036195;749 432;15;0;2;7;1;1
202200036195;749 433;7;0;2;8;1;1
202200036196;749 429;10;0;2;2;11;0
202200036196;749 430;33;0;2;3;3;0
202200036197;749 427;33;4;0;7;1;1
202200036198;749 428;2;0;2;2;2;1
202200036198;749 431;7;0;2;3;2;1
202200036199;749 426;32;0;1;7;18;1
202200036200;749 425;7;6;0;3;13;1
202200036201;749 424;7;0;1;0;15;1
202200036202;749 423;33;17;0;1;0;1
202200036203;749 421;10;0;1;;1;
202200036204;749 420;33;0;2;1;16;1
202200036204;749 422;10;0;2;3;26;1
202200036205;749 418;7;4;2;7;1;1
202200036205;749 419;7;4;2;2;5;0
202200036206;749 417;7;0;0;6;1;1
202200036207;749 415;7;0;2;4;1;2
202200036207;749 416;10;0;2;1;2;1
202200036208;749 413;10;9;2;3;1;1
202200036208;749 414;7;2;2;2;9;1
202200036209;749 412;33;14;0;1;12;1
202200036210;749 410;2;0;2;1;1;1
202200036210;749 411;7;0;2;6;16;1
202200036211;749 407;7;0;2;3;9;1
202200036211;749 409;33;0;2;1;21;1
202200036212;749 408;7;0;1;1;1;1
202200036213;749 404;7;16;0;9;1;1
202200036214;749 405;7;0;2;3;11;1
202200036214;749 406;2;0;2;2;16;1
202200036215;749 402;7;2;0;1;1;0
202200036216;749 401;2;0;2;4;1;1
202200036216;749 403;7;0;2;1;1;1
202200036217;749 399;33;0;2;1;1;1
202200036217;749 400;33;0;2;1;17;1
202200036218;749 397;7;0;1;1;7;1
202200036219;749 396;7;0;2;1;13;1
202200036219;749 398;7;0;2;1;1;1
202200036220;749 393;7;0;0;2;1;1
202200036220;749 394;1;0;2;1;1;5
202200036221;749 392;7;0;2;2;1;1
202200036221;749 395;7;0;2;5;1;1
202200036222;749 391;7;6;0;1;16;1
202200036223;749 390;7;0;1;1;1;2
202200036224;749 389;7;2;0;1;17;1
202200036225;749 386;33;0;2;1;1;1
202200036225;749 388;7;0;2;8;10;1
202200036226;749 385;7;0;2;4;1;1
202200036226;749 387;7;0;2;1;1;1
202200036227;749 384;17;3;0;3;13;1
202200036228;749 382;33;0;0;2;0;1
202200036229;749 381;50;0;2;1;1;3
202200036229;749 383;7;0;2;1;16;3
202200036230;749 379;7;0;2;1;1;1
202200036230;749 380;7;0;2;1;5;1
202200036231;749 377;50;0;2;8;19;3
202200036231;749 378;7;0;2;2;1;1
202200036232;749 375;2;0;2;4;2;1
202200036232;749 376;2;0;2;1;2;1
202200036233;749 373;31;0;2;3;1;3
202200036233;749 374;1;0;2;1;15;5
202200036234;749 370;50;0;2;7;7;3
202200036234;749 372;7;0;2;7;17;1
202200036235;749 368;7;0;2;7;15;1
202200036235;749 369;7;0;2;1;1;1
202200036235;749 371;7;0;2;1;15;1
202200036236;749 367;10;0;0;0;1;1
202200036237;749 365;7;0;2;1;1;1
202200036237;749 366;7;0;0;4;1;1
202200036238;749 364;10;0;1;8;1;1
202200036239;749 362;1;0;1;1;1;5
202200036240;749 360;2;0;1;1;2;1
202200036241;749 356;7;0;2;4;1;1
202200036241;749 358;30;0;2;1;1;1
202200036242;749 354;7;0;9;2;16;1
202200036242;749 359;1;0;2;3;1;5
202200036243;749 355;7;0;2;8;10;1
202200036243;749 357;32;0;2;1;1;1
202200036244;749 353;7;0;1;1;1;1
202200036245;749 351;21;0;0;3;13;1
202200036245;749 352;10;13;0;3;1;1
202200036246;749 349;7;0;1;1;16;2
202200036247;749 346;7;0;2;1;1;1
202200036247;749 347;7;0;2;1;13;1
202200036248;749 344;14;0;1;5;16;1
202200036249;749 341;99;0;1;3;21;0
202200036250;749 340;33;0;2;1;1;1
202200036250;749 343;7;0;2;4;1;1
202200036251;749 339;7;1;2;2;0;1
202200036251;749 342;7;1;2;3;0;1
202200036252;749 338;7;15;0;1;1;1
202200036253;749 337;7;0;1;1;1;1
202200036254;749 336;7;0;1;3;15;1
202200036255;749 334;7;0;1;5;26;1
202200036256;749 331;30;0;2;1;26;1
202200036256;749 333;7;0;2;2;15;1
202200036257;749 328;1;0;2;1;19;5
202200036257;749 329;7;0;2;1;15;1
202200036258;749 327;33;0;2;1;13;1
202200036258;749 330;7;0;2;3;1;1
202200036259;749 326;7;0;1;2;2;1
202200036260;749 325;7;0;1;1;1;1
202200036261;749 323;7;0;1;3;1;1
202200036262;749 321;1;0;2;8;2;5
202200036262;749 322;7;0;2;2;17;1
202200036263;749 318;7;0;2;1;2;1
202200036263;749 320;2;0;0;4;2;1
202200036264;749 315;2;0;2;8;16;1
202200036264;749 317;7;0;2;3;1;1
202200036265;749 316;10;13;2;1;21;1
202200036265;749 319;7;0;2;1;1;1
202200036265;749 324;7;0;2;1;13;1
202200036266;749 314;0;0;1;1;1;0
202200036267;749 312;7;0;2;1;1;1
202200036267;749 313;80;0;2;5;19;3
202200036268;749 307;7;6;0;3;13;1
202200036269;749 309;7;0;2;3;13;1
202200036269;749 311;7;0;2;1;1;1
202200036270;749 306;7;0;2;1;1;1
202200036270;749 308;7;0;0;4;1;1
202200036270;749 310;7;0;2;4;1;1
202200036271;749 303;7;0;2;8;1;1
202200036271;749 305;7;0;2;1;15;1
202200036272;749 304;7;16;9;8;1;1
202200036273;749 302;50;0;1;1;1;3
202200036274;749 300;2;0;0;2;1;3
202200036275;749 299;7;0;1;3;1;1
202200036276;749 298;10;0;2;7;12;1
202200036276;749 301;30;0;2;8;2;1
202200036277;749 295;10;2;0;1;14;1
202200036278;749 294;7;0;1;5;15;1
202200036279;749 296;1;0;2;1;1;5
202200036279;749 297;10;0;9;0;16;0
202200036280;749 291;30;0;0;5;2;1
202200036280;749 293;7;0;2;3;2;1
202200036281;749 290;7;0;1;3;1;1
202200036282;749 289;7;0;2;1;15;1
202200036282;749 292;32;0;2;1;1;1
202200036283;749 286;7;0;2;6;15;1
202200036283;749 288;2;0;2;1;1;1
202200036284;749 284;7;0;2;5;4;1
202200036284;749 287;50;0;2;8;1;3
202200036285;749 285;7;0;1;1;15;1
202200036286;749 282;50;1;0;1;1;3
202200036286;749 283;10;0;2;7;23;1
202200036287;749 281;7;0;1;2;1;1
202200036288;749 280;7;0;1;2;9;1
202200036289;749 277;7;0;2;2;15;1
202200036289;749 279;33;0;2;1;3;1
202200036290;749 278;7;4;0;2;14;1
202200036291;749 275;21;0;2;0;0;0