Num_Acc;id_vehicule;categorie_vehicule;obstacle_fixe;obstacle_mobile;point_choc_initial;manoeuvre_principale;motorisation
202200036291;749 276;7;0;2;8;9;1
202200036292;749 273;7;1;0;2;14;1
202200036292;749 274;7;1;0;6;0;2
202200036293;749 272;7;0;1;1;1;1
202200036294;749 268;30;0;2;1;1;3
202200036294;749 270;7;0;2;1;19;1
202200036295;749 267;7;3;0;5;23;1
202200036295;749 271;7;0;2;3;1;1
202200036296;749 266;1;0;2;7;1;5
202200036296;749 269;17;0;2;1;16;1
202200036297;749 265;34;0;1;1;2;1
202200036298;749 262;7;0;2;5;1;1
202200036298;749 264;33;4;2;0;1;1
202200036299;749 261;7;13;0;9;16;1
202200036300;749 260;7;0;2;1;1;1
202200036300;749 263;7;0;2;7;15;1
202200036301;749 258;7;8;0;2;1;1
202200036302;749 257;60;0;0;3;19;5
202200036302;749 259;37;0;2;2;1;1
202200036303;749 255;3;1;0;3;1;1
202200036304;749 254;7;0;2;3;1;1
202200036304;749 256;7;0;2;1;13;1
202200036305;749 253;2;0;0;0;1;1
202200036306;749 251;7;0;0;4;0;1
202200036306;749 252;10;0;2;1;1;1
202200036307;749 250;3;0;1;1;1;1
202200036308;749 248;31;0;0;8;1;1
202200036308;749 249;7;0;2;3;1;1
202200036309;749 246;31;0;2;1;1;1
202200036309;749 247;7;0;0;5;15;1
202200036310;749 242;7;0;2;1;26;1
202200036310;749 243;32;0;2;4;1;1
202200036311;749 240;50;0;1;8;13;3
202200036312;749 237;7;0;0;3;1;1
202200036312;749 239;7;0;2;3;1;1
202200036313;749 236;7;0;1;1;1;1
202200036314;749 232;7;4;0;9;12;1
202200036315;749 231;0;0;1;0;0;0
202200036316;749 230;7;0;0;7;24;1
202200036316;749 233;7;0;0;4;24;1
202200036316;749 234;7;0;0;1;24;1
202200036316;749 235;7;1;0;2;24;1
202200036316;749 238;7;0;2;2;1;1
202200036317;749 229;7;15;0;1;14;1
202200036318;749 227;7;0;0;8;10;1
202200036318;749 228;2;0;2;1;1;1
202200036319;749 223;7;0;2;7;9;1
202200036319;749 225;7;0;2;3;1;1
202200036320;749 221;36;0;2;0;11;0
202200036320;749 224;7;0;2;3;2;1
202200036321;749 222;7;0;2;3;1;1
202200036321;749 226;99;0;2;0;0;3
202200036322;749 220;7;0;1;8;1;1
202200036323;749 218;7;0;2;1;2;1
202200036323;749 219;32;0;2;4;2;1
202200036324;749 215;30;0;2;3;7;1
202200036324;749 217;7;0;2;7;7;1
202200036325;749 214;7;13;0;3;13;1
202200036326;749 216;32;12;0;0;1;1
202200036327;749 212;7;0;1;2;1;1
202200036328;749 210;33;6;0;0;1;1
202200036329;749 209;7;2;0;1;1;1
202200036330;749 208;7;2;0;8;17;1
202200036331;749 207;7;15;0;1;1;1
202200036332;749 205;7;2;0;8;1;1
202200036333;749 200;7;0;2;3;13;1
202200036333;749 201;7;0;2;3;1;1
202200036334;749 199;7;0;2;2;15;1
202200036334;749 202;33;0;2;1;1;1
202200036335;749 196;2;0;2;0;1;1
202200036335;749 197;7;0;2;2;1;1
202200036336;749 195;7;0;0;3;1;1
202200036336;749 198;33;0;0;1;1;1
202200036337;749 193;80;0;2;7;1;5
202200036337;749 194;7;0;2;1;9;1
202200036338;749 192;7;2;0;3;0;1
202200036339;749 188;17;0;2;3;1;1
202200036339;749 190;7;0;2;7;16;1
202200036340;749 187;7;0;0;1;1;1
202200036340;749 191;10;6;2;7;19;1
202200036341;749 186;3;0;2;3;13;1
202200036341;749 189;7;0;2;3;1;1
202200036342;749 184;33;3;0;8;2;1
202200036343;749 183;2;0;2;8;1;1
202200036343;749 185;7;0;2;2;16;1
202200036344;749 182;7;6;0;9;1;1
202200036345;749 181;2;13;0;1;16;1
202200036346;749 179;7;13;0;1;15;1
202200036347;749 178;7;0;2;1;9;1
202200036347;749 180;2;0;2;1;1;1
202200036348;749 176;2;13;0;1;1;1
202200036349;749 175;7;0;2;1;13;1
202200036349;749 177;7;0;2;1;1;1
202200036350;749 174;7;0;1;1;1;1
202200036351;749 173;2;0;0;7;1;1
202200036352;749 171;2;0;2;7;17;1
202200036352;749 172;2;0;2;8;1;1
202200036353;749 169;7;0;1;3;1;1
202200036354;749 165;32;0;0;0;1;1
202200036355;749 163;10;0;2;1;1;1
202200036355;749 164;7;0;2;1;1;1
202200036355;749 167;7;0;2;1;1;1
202200036355;749 168;7;0;2;1;0;1
202200036355;749 170;7;0;2;1;1;1
202200036356;749 162;7;14;2;1;23;2
202200036356;749 166;7;14;2;1;2;1
202200036357;749 161;30;0;1;1;1;1
202200036358;749 157;7;3;2;3;13;1
202200036358;749 159;15;0;2;3;1;1
202200036359;749 156;7;13;0;3;13;1
202200036360;749 155;14;2;0;1;13;1
202200036361;749 154;14;0;1;1;15;1
202200036362;749 152;7;0;2;3;15;3
202200036362;749 153;33;0;2;7;17;1
202200036363;749 151;7;13;0;1;1;1
202200036364;749 148;7;0;2;3;1;1
202200036364;749 150;7;8;2;1;1;1
202200036365;749 145;7;0;1;1;1;1
202200036366;749 143;7;0;2;1;1;1
202200036366;749 146;7;0;0;4;23;1
202200036366;749 149;10;0;0;4;23;1
202200036367;749 144;7;0;0;7;15;2
202200036367;749 147;7;0;2;1;1;1
202200036368;749 140;21;0;0;0;1;1
202200036369;749 135;7;0;2;3;13;1
202200036369;749 137;7;0;2;3;1;1
202200036369;749 139;7;0;2;3;1;1
202200036369;749 142;7;0;2;3;1;1
202200036370;749 130;10;0;2;1;1;1
202200036370;749 132;10;0;2;4;2;1
202200036370;749 134;7;0;2;4;2;1
202200036370;749 136;7;0;2;4;2;1
202200036370;749 138;7;0;2;4;2;3
202200036370;749 141;7;0;0;4;2;1
202200036371;749 129;7;0;1;2;0;1
202200036372;749 127;7;0;0;5;1;3
202200036373;749 126;60;0;2;1;5;5
202200036373;749 128;7;0;9;2;15;1
202200036374;749 124;30;0;2;1;1;1
202200036374;749 125;7;0;2;8;1;1
202200036375;749 123;33;0;0;3;1;1
202200036376;749 119;7;13;0;0;17;1
202200036377;749 120;7;8;0;6;1;1
202200036378;749 118;7;0;2;4;2;1
202200036378;749 121;7;0;2;9;2;1
202200036378;749 122;7;0;2;1;2;1
202200036379;749 116;30;0;0;7;26;1
202200036380;749 115;33;0;2;1;1;1
202200036380;749 117;7;0;2;5;15;1
202200036381;749 114;7;13;0;1;13;1
202200036382;749 111;7;15;0;1;1;1
202200036383;749 110;7;0;2;1;14;1
202200036383;749 113;7;0;2;6;1;1
202200036384;749 109;7;0;2;3;26;1
202200036384;749 112;32;0;2;2;23;1
202200036385;749 108;7;2;0;1;1;1
202200036386;749 105;1;0;2;1;13;5
202200036386;749 107;1;0;2;1;1;5
202200036387;749 104;7;0;2;5;1;1
202200036387;749 106;7;6;2;3;15;1
202200036388;749 103;7;0;1;1;0;1
202200036389;749 102;7;8;0;1;1;1
202200036390;749 100;2;0;2;2;23;1
202200036390;749 101;7;0;2;0;16;1
202200036391;749 099;7;0;1;3;1;1
202200036392;749 098;33;0;0;2;1;1
202200036393;749 097;2;0;0;0;0;1
202200036394;749 095;37;0;1;3;1;1
202200036395;749 089;10;7;2;7;1;1
202200036395;749 093;7;0;2;1;1;1
202200036396;749 090;33;0;2;1;15;1
202200036396;749 092;50;0;2;0;1;3
202200036397;749 088;7;0;2;1;2;1
202200036397;749 091;7;0;2;4;2;1
202200036397;749 094;7;0;2;1;2;1
202200036397;749 096;7;0;2;4;2;1
202200036398;749 086;7;0;2;3;1;1
202200036398;749 087;10;0;2;7;1;1
202200036399;749 083;2;0;2;8;1;1
202200036399;749 085;10;0;2;2;1;1
202200036400;749 082;7;0;2;8;1;1
202200036400;749 084;30;0;2;7;3;1
202200036401;749 081;7;6;0;1;1;1
202200036402;749 078;7;2;0;3;0;1
202200036403;749 077;30;0;2;8;1;1
202200036403;749 080;30;0;2;7;17;1
202200036404;749 076;80;0;2;2;1;3
202200036404;749 079;7;0;2;3;13;1
202200036405;749 075;7;13;0;3;13;1
202200036406;749 071;10;0;2;0;15;1
202200036406;749 073;32;0;2;0;23;1
202200036407;749 072;32;0;2;1;1;1
202200036407;749 074;7;0;2;4;23;1
202200036408;749 069;7;0;9;3;15;1
202200036408;749 070;1;0;2;1;1;6
202200036409;749 065;7;0;2;6;1;3
202200036409;749 067;7;0;2;2;13;2
202200036410;749 064;99;0;0;8;0;3
202200036410;749 068;7;0;2;1;1;0
202200036411;749 063;7;0;2;3;15;1
202200036411;749 066;1;0;2;3;1;5
202200036412;749 060;1;0;2;1;1;5
202200036412;749 062;7;0;2;4;1;1
202200036413;749 059;38;0;1;1;1;1
202200036414;749 058;43;0;2;3;0;1
202200036414;749 061;10;0;2;0;0;1
202200036415;749 054;7;0;2;1;1;2
202200036415;749 057;7;0;2;4;1;1
202200036416;749 052;7;0;2;2;2;2
202200036416;749 056;7;0;0;4;2;1
202200036417;749 053;33;0;2;5;0;1
202200036417;749 055;33;1;0;1;9;1
202200036418;749 050;7;2;0;4;1;1
202200036419;749 049;10;0;2;5;2;1
202200036419;749 051;7;6;0;1;20;1
202200036420;749 047;7;0;2;1;17;1
202200036420;749 048;0;0;2;1;1;1
202200036421;749 045;2;0;0;4;23;1
202200036421;749 046;14;0;2;3;1;1
202200036422;749 042;7;8;0;1;1;1
202200036423;749 043;7;0;2;3;20;1
202200036423;749 044;2;1;0;2;1;3
202200036424;749 041;7;0;1;2;1;1
202200036425;749 039;37;0;2;1;26;1
202200036425;749 040;7;0;2;4;26;1
202200036426;749 037;7;0;1;3;1;1
202200036427;749 036;31;0;2;1;1;1
202200036427;749 038;7;0;2;3;15;1
202200036428;749 034;7;0;1;1;15;1
202200036429;749 033;7;4;2;1;1;1
202200036429;749 035;7;0;2;6;1;2
202200036430;749 031;10;0;2;8;23;1
202200036430;749 032;7;0;2;3;15;1
202200036431;749 029;50;0;1;1;1;3
202200036432;749 028;10;0;2;2;11;1
202200036432;749 030;7;4;2;8;1;1
202200036433;749 025;7;0;2;1;5;1
202200036433;749 027;7;0;2;1;1;1
202200036434;749 024;7;1;0;2;1;2
202200036435;749 023;7;3;2;8;2;1
202200036435;749 026;20;3;2;7;14;1
202200036436;749 019;10;0;2;4;1;1
202200036436;749 022;43;0;2;1;1;1
202200036437;749 020;14;0;1;7;16;0
202200036438;749 021;7;0;1;1;13;1
202200036439;749 017;17;0;2;2;12;1
202200036439;749 018;7;0;2;8;1;1
202200036440;749 016;7;0;1;3;0;1
202200036441;749 014;7;0;2;3;9;1
202200036441;749 015;1;0;2;1;25;5
202200036442;749 011;32;0;2;2;14;1
202200036442;749 013;7;0;2;6;13;3
202200036443;749 010;3;0;2;3;15;1
202200036443;749 012;2;0;2;1;17;3
202200036444;749 009;33;0;0;6;1;1
202200036445;749 005;15;0;2;7;17;1
202200036445;749 007;33;0;2;8;1;1
202200036446;749 004;7;0;2;4;2;2
202200036446;749 006;7;0;2;1;2;1
202200036446;749 008;7;0;2;4;2;1
202200036447;749 001;7;16;0;1;2;1
202200036448;749 000;7;0;2;3;12;1
202200036448;749 003;33;0;2;1;1;1
202200036449;748 999;32;0;2;3;0;1
202200036449;749 002;7;0;0;0;0;1
202200036450;748 994;7;0;2;1;1;1
202200036450;748 996;7;0;2;4;2;1
202200036450;748 998;15;0;2;0;0;
202200036451;748 991;7;0;2;1;9;1
202200036451;748 993;32;0;2;7;1;1
202200036452;748 992;7;0;2;0;0;1
202200036452;748 995;7;0;2;7;15;1
202200036452;748 997;7;0;2;1;5;1
202200036453;748 989;7;0;2;4;0;0
202200036453;748 990;7;0;2;1;2;1
202200036454;748 988;7;0;1;3;9;1
202200036455;748 985;1;0;2;3;18;5
202200036455;748 987;33;0;2;5;23;1
202200036456;748 983;43;0;2;7;3;1
202200036456;748 986;10;0;2;8;11;1
202200036457;748 980;7;4;2;7;0;1
202200036457;748 981;7;0;2;8;1;1
202200036458;748 979;33;0;2;8;14;1
202200036458;748 982;7;0;9;1;11;0
202200036459;748 976;43;0;2;3;3;1
202200036459;748 978;7;0;2;5;12;1
202200036460;748 974;33;0;2;1;1;1
202200036460;748 975;7;0;2;3;1;1
202200036460;748 977;7;0;2;3;13;1
202200036461;748 973;10;8;0;1;1;1
202200036462;748 972;7;2;0;8;1;1
202200036463;748 971;7;0;1;5;4;1
202200036464;748 969;2;0;0;1;1;1
202200036465;748 966;10;0;2;1;2;1
202200036465;748 967;3;3;0;4;2;1
202200036466;748 964;10;0;0;3;0;1
202200036467;748 965;50;0;2;0;0;3
202200036467;748 968;7;0;2;0;1;1
202200036468;748 961;10;0;2;8;15;1
202200036468;748 963;7;0;2;2;17;1
202200036469;748 962;7;1;0;3;13;1
202200036470;748 960;7;15;0;3;1;1
202200036471;748 957;7;2;0;2;0;1
202200036472;748 955;15;0;0;4;2;1
202200036472;748 958;17;0;2;1;2;1
202200036473;748 952;33;1;0;1;14;1
202200036474;748 950;7;2;0;1;21;1
202200036474;748 951;7;0;2;3;13;1
202200036474;748 954;7;0;2;3;1;1
202200036475;748 947;10;0;0;4;1;1
202200036475;748 948;7;0;2;1;2;1
202200036476;748 946;33;0;2;0;0;1
202200036476;748 949;7;0;2;1;0;6
202200036477;748 944;7;0;2;1;15;1
202200036477;748 945;33;0;2;1;1;1
202200036478;748 943;7;2;0;8;1;1
202200036479;748 941;7;2;0;0;1;1
202200036480;748 940;7;0;0;3;1;1
202200036480;748 942;7;0;2;3;13;1
202200036481;748 938;7;0;2;1;1;1
202200036481;748 939;7;0;2;3;13;1
202200036482;748 937;7;2;0;9;1;1
202200036483;748 935;7;0;2;2;19;0
202200036483;748 936;33;0;2;7;11;0
202200036484;748 933;7;6;0;3;16;1
202200036485;748 934;7;0;1;1;15;1
202200036486;748 930;7;0;2;1;1;1
202200036486;748 932;7;0;2;8;15;1
202200036487;748 929;50;0;2;1;1;3
202200036487;748 931;7;0;2;2;9;1
202200036488;748 928;7;0;1;2;2;1
202200036489;748 927;36;0;0;7;26;1
202200036490;748 925;7;0;2;1;2;1
202200036490;748 926;7;0;2;4;2;1
202200036491;748 924;7;7;0;9;1;1
202200036492;748 923;7;0;1;2;15;1
202200036493;748 921;7;0;2;1;2;1
202200036493;748 922;7;0;2;4;15;1
202200036494;748 918;7;0;0;0;1;1
202200036495;748 917;7;0;2;1;2;1
202200036495;748 920;14;0;2;4;2;1
202200036496;748 913;1;0;2;0;15;5
202200036496;748 916;7;0;9;7;16;1
202200036497;748 915;7;0;2;2;15;1
202200036497;748 919;33;0;2;2;1;1
202200036498;748 912;7;0;2;5;15;1
202200036498;748 914;2;0;2;3;1;1
202200036499;748 907;7;0;0;5;1;1
202200036499;748 910;33;1;0;1;2;1
202200036500;748 905;7;0;0;2;1;1
202200036501;748 906;7;0;2;1;2;1
202200036501;748 909;10;0;2;4;2;1
202200036501;748 911;7;0;2;4;2;1
202200036502;748 904;1;0;2;1;1;5
202200036502;748 908;7;0;2;3;16;1
202200036503;748 903;7;2;0;1;0;1
202200036504;748 895;7;0;2;5;15;1
202200036504;748 899;34;0;2;1;1;1
202200036505;748 896;10;0;2;1;1;1
202200036505;748 900;7;0;2;8;1;1
202200036505;748 902;7;0;2;1;15;1
202200036506;748 897;50;13;1;1;26;3
202200036507;748 893;10;0;2;1;2;1
202200036507;748 894;7;0;2;4;2;1
202200036507;748 898;17;0;2;0;2;1
202200036507;748 901;7;0;2;0;0;1
202200036508;748 891;3;0;1;2;0;1
202200036509;748 889;7;13;0;1;1;1
202200036510;748 888;7;0;2;3;9;1
202200036510;748 890;99;0;2;7;1;3
202200036511;748 885;7;3;0;1;1;1
202200036512;748 886;7;0;2;3;2;1
202200036512;748 887;7;0;2;5;2;1
202200036513;748 881;7;4;0;3;2;1
202200036514;748 882;2;0;0;0;2;1
202200036514;748 884;7;0;2;0;15;1
202200036515;748 880;32;0;2;1;2;1
202200036515;748 883;7;0;2;4;4;1
202200036516;748 876;7;0;9;1;9;1
202200036516;748 877;1;0;2;7;1;5
202200036517;748 873;7;6;2;1;19;1
202200036517;748 878;10;0;2;8;1;1
202200036518;748 874;30;15;0;1;0;1
202200036519;748 872;7;0;2;3;0;1
202200036519;748 875;7;0;2;7;1;1
202200036519;748 879;7;0;2;8;18;1
202200036520;748 870;34;4;0;7;0;1
202200036521;748 869;2;0;2;1;15;1
202200036521;748 871;10;0;2;2;17;1
202200036522;748 867;2;0;2;1;1;1
202200036522;748 868;7;0;2;3;15;1
202200036523;748 863;7;0;2;6;2;1
202200036523;748 866;7;0;2;2;2;1
202200036524;748 864;7;14;1;5;4;1
202200036525;748 858;43;0;0;0;1;1
202200036526;748 860;7;0;2;3;1;1
202200036526;748 862;7;0;2;6;2;1
202200036527;748 857;7;0;2;6;2;1
202200036527;748 859;31;0;2;1;3;1
202200036528;748 854;7;2;0;1;1;1
202200036529;748 852;7;4;0;2;14;1
202200036530;748 850;7;0;2;4;1;0
202200036530;748 853;7;0;2;4;1;1
202200036530;748 856;7;0;2;1;2;1
202200036531;748 851;7;0;2;7;14;1
202200036531;748 855;1;0;2;8;2;5
202200036532;748 849;7;0;1;2;1;1
202200036533;748 846;3;0;2;5;2;1
202200036533;748 847;33;0;2;1;3;1
202200036534;748 843;2;0;1;1;1;1
202200036535;748 845;0;0;2;1;0;0
202200036535;748 848;7;4;2;4;2;1
202200036536;748 842;32;0;2;7;1;1
202200036536;748 844;7;0;2;2;15;1
202200036537;748 841;43;7;0;1;1;1
202200036538;748 838;7;0;1;1;15;1
202200036539;748 836;7;0;2;5;15;1
202200036539;748 839;32;0;2;1;1;1
202200036540;748 834;7;0;2;1;2;1
202200036540;748 835;7;0;2;4;2;1
202200036541;748 833;7;0;2;6;11;1
202200036541;748 837;31;1;0;1;1;1
202200036541;748 840;33;0;2;1;1;1
202200036542;748 831;38;0;2;3;15;1
202200036542;748 832;10;0;2;3;1;1
202200036543;748 826;43;0;2;1;2;1
202200036543;748 829;10;0;2;4;2;1
202200036544;748 825;2;0;2;1;17;1
202200036544;748 827;7;0;2;6;15;1
202200036545;748 828;7;0;2;3;20;1
202200036545;748 830;33;0;2;1;1;1
202200036546;748 824;7;13;0;2;1;1
202200036547;748 818;7;0;2;1;2;1
202200036547;748 821;7;0;2;1;13;1
202200036547;748 823;7;0;2;4;2;1
202200036548;748 816;7;0;2;3;1;1
202200036548;748 822;30;0;2;1;1;1
202200036549;748 819;7;0;1;1;1;1
202200036550;748 815;7;0;0;4;23;1
202200036550;748 817;7;0;2;4;23;1
202200036550;748 820;7;0;2;1;2;1
202200036551;748 812;7;16;0;9;1;1
202200036552;748 811;7;0;2;4;2;1
202200036552;748 814;10;0;2;1;2;0
202200036553;748 810;7;0;9;2;16;1
202200036553;748 813;50;0;2;1;15;3
202200036554;748 809;7;0;1;1;15;1
202200036555;748 807;10;4;0;1;1;1
202200036556;748 805;7;0;2;1;16;1
202200036556;748 808;2;0;2;7;1;1
202200036557;748 802;10;0;2;1;1;1
202200036557;748 806;7;0;2;8;19;1
202200036558;748 798;2;0;2;5;15;1
202200036558;748 801;7;0;2;2;1;1
202200036559;748 797;7;0;2;1;1;1
202200036559;748 800;7;0;2;8;0;1
202200036559;748 803;7;0;2;4;1;1
202200036560;748 799;7;0;1;1;1;1
202200036560;748 804;7;0;2;2;26;1
202200036561;748 795;1;0;1;0;2;5
202200036562;748 793;7;0;2;1;15;1
202200036562;748 796;33;0;2;1;1;1
202200036563;748 792;7;0;0;4;23;2
202200036563;748 794;14;0;2;1;2;1
202200036564;748 789;10;0;2;1;5;1
202200036564;748 790;7;0;2;1;1;1
202200036565;748 788;50;0;0;0;0;3
202200036566;748 787;7;0;2;1;15;1
202200036566;748 791;80;0;2;7;2;3
202200036567;748 784;7;0;2;3;1;1
202200036567;748 786;7;0;2;5;1;1
202200036568;748 782;7;0;2;4;2;1
202200036568;748 785;7;0;2;1;2;1
202200036569;748 781;7;0;1;4;4;1
202200036570;748 779;33;3;0;8;1;1
202200036571;748 778;7;0;2;8;11;1
202200036571;748 780;17;0;2;2;1;1
202200036572;748 776;7;0;2;3;9;1
202200036572;748 783;31;0;2;1;1;1
202200036573;748 773;7;0;2;1;1;1
202200036573;748 777;50;0;2;4;1;3
202200036574;748 775;7;3;0;0;2;1
202200036575;748 768;7;0;2;1;9;1
202200036575;748 772;7;0;2;1;26;1
202200036575;748 774;7;0;2;1;1;1
202200036576;748 767;32;0;2;6;11;1
202200036576;748 771;7;0;2;2;1;1
202200036577;748 769;30;14;0;8;1;1
202200036578;748 765;7;0;2;3;2;1
202200036578;748 766;7;6;2;5;2;1
202200036578;748 770;7;14;0;8;2;1
202200036579;748 760;1;0;2;0;1;5
202200036579;748 763;1;14;2;0;1;5
202200036580;748 757;7;0;2;1;1;1
202200036580;748 761;7;3;2;6;1;1
202200036580;748 764;17;0;2;1;14;1
202200036581;748 756;10;1;1;3;19;1
202200036582;748 759;7;0;2;4;1;1
202200036582;748 762;7;0;2;1;1;1
202200036583;748 754;33;0;2;1;3;1
202200036583;748 755;7;0;2;4;1;1
202200036584;748 752;10;0;2;5;1;1
202200036584;748 758;7;0;2;1;13;1
202200036585;748 751;7;0;2;1;1;1
202200036585;748 753;7;0;2;2;19;1
202200036586;748 747;7;6;0;2;15;1
202200036587;748 745;10;0;2;4;1;1
202200036587;748 748;7;4;2;4;1;1
202200036587;748 749;7;0;2;1;1;1
202200036588;748 744;7;0;2;4;2;1
202200036588;748 750;10;0;2;1;2;1
202200036589;748 746;7;0;1;7;1;1
202200036590;748 743;7;5;0;9;1;1
202200036591;748 742;7;1;0;2;1;1
202200036592;748 739;7;4;0;0;1;1
202200036593;748 741;7;0;0;0;1;1
202200036594;748 738;2;0;2;3;1;1
202200036594;748 740;7;0;2;1;15;1
202200036595;748 736;7;0;2;1;1;1
202200036595;748 737;7;0;1;2;1;1
202200036596;748 735;33;0;1;1;26;1
202200036597;748 732;7;4;0;1;1;1
202200036598;748 731;33;0;2;6;23;1
202200036598;748 734;7;0;2;1;2;1
202200036599;748 729;60;0;2;8;1;5
202200036599;748 733;7;0;2;7;14;1
202200036600;748 728;7;0;2;3;15;1
202200036600;748 730;2;0;2;3;1;1
202200036601;748 725;33;0;2;8;1;1
202200036601;748 727;7;0;2;0;0;1
202200036602;748 720;33;0;2;1;1;1
202200036602;748 724;7;0;2;8;9;1
202200036603;748 718;7;0;2;1;2;2
202200036603;748 721;7;0;2;4;2;1
202200036604;748 716;10;0;2;4;1;0
202200036604;748 719;10;0;2;1;2;1
202200036604;748 723;10;0;2;1;2;1
202200036605;748 717;7;0;2;3;1;2
202200036605;748 722;1;0;2;1;19;5
202200036606;748 715;7;0;2;3;1;1
202200036607;748 714;7;0;1;2;9;1
202200036608;748 712;7;0;2;4;15;1
202200036608;748 713;31;0;2;1;2;1
202200036609;748 711;7;0;1;2;14;1
202200036610;748 710;7;13;0;1;13;1
202200036611;748 709;1;0;1;1;1;5
202200036612;748 706;7;0;1;1;16;1
202200036613;748 707;7;0;0;1;2;1
202200036614;748 705;50;0;2;7;15;3
202200036614;748 708;7;0;2;1;1;1
202200036615;748 702;7;0;1;3;1;1
202200036616;748 700;7;8;2;0;0;1
202200036616;748 703;7;8;2;1;0;1
202200036617;748 699;30;0;2;1;1;1
202200036617;748 704;7;0;2;7;1;1
202200036618;748 696;1;0;2;8;2;5
202200036618;748 697;7;0;2;7;2;1
202200036619;748 698;7;0;2;7;15;1
202200036619;748 701;50;0;2;0;8;3
202200036620;748 695;40;0;1;3;1;3
202200036621;748 692;7;0;2;8;20;1
202200036621;748 694;2;0;2;1;2;3
202200036622;748 691;7;0;1;2;1;1
202200036623;748 689;7;0;1;1;21;1
202200036624;748 690;2;0;2;1;1;1
202200036624;748 693;7;0;2;4;1;1
202200036625;748 685;10;0;1;1;15;1
202200036626;748 684;7;0;2;2;16;1
202200036626;748 687;1;0;2;3;1;5
202200036627;748 688;31;0;1;1;1;1
202200036628;748 682;7;0;0;1;1;1
202200036628;748 686;7;0;0;3;1;1
202200036629;748 678;37;0;2;1;1;1
202200036629;748 681;7;12;2;1;1;1
202200036630;748 677;7;0;2;1;2;1
202200036630;748 680;7;0;2;3;9;1
202200036631;748 679;30;0;2;7;1;1
202200036631;748 683;7;0;2;1;26;1
202200036632;748 671;7;0;2;4;2;1
202200036632;748 674;7;0;2;1;2;1
202200036633;748 670;7;0;2;2;15;1
202200036633;748 675;7;0;2;3;9;1
202200036634;748 673;7;1;0;2;26;1
202200036635;748 672;7;0;2;4;1;1
202200036635;748 676;30;0;2;1;1;1
202200036636;748 668;7;8;0;1;15;1
202200036637;748 666;7;0;2;3;13;1
202200036637;748 669;7;0;2;1;2;1
202200036638;748 667;2;0;1;1;1;1
202200036639;748 665;7;15;0;7;15;1
202200036640;748 664;7;8;0;1;1;1
202200036641;748 662;7;0;1;8;1;1
202200036642;748 660;7;2;0;1;1;1
202200036643;748 659;7;0;2;1;19;1
202200036643;748 663;7;0;2;0;0;1
202200036644;748 658;7;0;2;4;2;2
202200036644;748 661;7;0;2;1;1;1
202200036645;748 657;33;8;2;2;21;1
202200036646;748 656;31;16;0;1;1;1
202200036647;748 651;7;0;2;2;19;1
202200036647;748 654;33;0;0;0;0;1
202200036648;748 652;7;0;2;4;2;1
202200036648;748 655;7;0;2;1;2;1
202200036649;748 650;7;0;2;3;11;1
202200036649;748 653;32;0;2;7;17;1
202200036650;748 646;7;0;2;3;1;1
202200036650;748 649;7;0;2;1;26;1
202200036651;748 645;2;0;2;1;1;1
202200036651;748 648;7;0;2;3;15;1
202200036652;748 644;7;0;2;2;26;1
202200036652;748 647;50;0;2;3;0;3
202200036653;748 641;7;0;2;2;21;1
202200036653;748 642;7;0;2;5;1;1
202200036654;748 639;7;0;2;7;1;1
202200036654;748 643;10;0;2;1;1;1
202200036655;748 635;30;0;9;1;14;1
202200036656;748 629;7;15;0;2;0;1
202200036657;748 631;7;0;2;0;26;1
202200036657;748 633;34;0;2;1;1;1
202200036658;748 630;7;0;2;1;1;1
202200036658;748 632;7;0;2;1;1;1
202200036658;748 637;7;0;2;1;13;1
202200036659;748 626;7;0;2;5;2;0
202200036659;748 628;7;0;2;0;0;1
202200036660;748 623;33;0;2;7;0;1
202200036660;748 627;99;0;9;3;16;1
202200036661;748 624;50;9;1;1;26;3
202200036662;748 622;7;0;0;4;1;2
202200036662;748 625;7;12;2;1;26;1
202200036663;748 619;1;0;2;7;0;5
202200036663;748 621;3;0;2;1;19;3
202200036664;748 620;30;0;0;7;20;1
202200036665;748 618;7;0;1;2;19;1
202200036666;748 617;7;0;1;0;2;0
202200036667;748 611;10;0;2;4;1;1
202200036667;748 614;7;0;2;4;1;1
202200036667;748 616;10;0;2;1;1;1
202200036668;748 610;7;0;2;3;1;1
202200036668;748 613;50;0;2;2;19;3
202200036669;748 606;7;0;2;1;1;0
202200036669;748 609;7;0;2;4;1;1
202200036669;748 615;10;0;2;4;23;1
202200036670;748 604;7;0;9;2;15;0
202200036670;748 607;50;0;2;1;26;3
202200036671;748 602;7;0;2;2;15;1
202200036671;748 603;7;0;2;3;1;1
202200036672;748 598;50;0;0;0;0;3
202200036672;748 600;37;0;2;0;15;1
202200036673;748 597;7;0;2;1;1;1
202200036673;748 605;7;0;2;1;9;2
202200036673;748 608;7;0;2;2;1;1
202200036674;748 596;33;0;2;3;1;1
202200036674;748 601;10;0;2;1;1;1
202200036675;748 594;7;0;2;0;0;0
202200036675;748 595;30;0;2;0;0;1
202200036676;748 592;7;0;0;1;1;1
202200036677;748 589;7;9;2;7;19;1
202200036677;748 590;7;0;2;1;1;1
202200036677;748 593;7;0;2;8;23;1
202200036678;748 587;7;4;0;1;1;1
202200036679;748 588;7;0;2;1;1;1
202200036679;748 591;33;0;2;7;1;1
202200036680;748 584;33;0;0;0;1;1
202200036681;748 583;30;8;0;1;1;1
202200036682;748 585;37;15;0;4;2;1
202200036682;748 586;2;0;2;1;0;1
202200036683;748 578;7;0;1;1;6;1
202200036684;748 581;7;0;2;2;16;1
202200036684;748 582;34;0;2;6;1;1
202200036685;748 577;10;0;2;2;15;1
202200036685;748 580;1;0;2;1;1;5
202200036686;748 576;7;0;2;1;2;1
202200036686;748 579;7;0;2;4;23;1