Num_Acc;id_vehicule;categorie_vehicule;obstacle_fixe;obstacle_mobile;point_choc_initial;manoeuvre_principale;motorisation
202200036687;748 573;32;1;0;1;5;1
202200036688;748 569;7;0;2;5;26;1
202200036688;748 571;30;0;2;1;26;1
202200036689;748 570;33;0;2;3;3;1
202200036689;748 574;7;0;2;5;23;1
202200036689;748 575;7;0;2;6;23;1
202200036690;748 568;7;0;2;7;16;1
202200036690;748 572;50;0;2;1;18;3
202200036691;748 562;7;0;2;1;1;1
202200036691;748 566;7;0;2;4;1;1
202200036691;748 567;7;0;2;4;1;1
202200036692;748 560;30;0;2;1;17;3
202200036692;748 565;7;0;2;0;0;1
202200036693;748 558;7;0;2;1;2;1
202200036693;748 561;33;0;2;4;2;1
202200036693;748 564;7;0;2;4;2;1
202200036694;748 559;7;0;2;5;15;1
202200036694;748 563;33;0;2;1;1;1
202200036695;748 556;7;0;1;1;26;1
202200036696;748 555;7;0;1;3;15;1
202200036697;748 553;7;0;2;1;1;1
202200036697;748 557;7;6;2;7;1;1
202200036698;748 552;50;0;2;1;5;3
202200036698;748 554;30;0;2;3;20;1
202200036699;748 549;99;0;2;1;26;1
202200036699;748 551;7;0;2;1;15;1
202200036700;748 546;50;0;2;0;19;3
202200036700;748 550;7;0;2;0;0;0
202200036701;748 545;7;0;2;1;16;1
202200036701;748 548;50;0;2;1;1;3
202200036702;748 544;7;0;1;0;1;0
202200036703;748 540;32;0;2;7;1;1
202200036703;748 543;7;0;2;8;22;1
202200036704;748 541;7;0;2;2;15;1
202200036704;748 547;30;0;2;1;1;3
202200036705;748 537;7;0;2;3;15;1
202200036705;748 539;1;0;2;7;1;5
202200036706;748 538;7;0;2;0;0;1
202200036706;748 542;50;0;2;0;15;3
202200036707;748 533;30;0;2;2;1;1
202200036707;748 536;7;0;2;0;15;2
202200036708;748 530;7;0;0;1;1;1
202200036708;748 534;50;0;2;2;19;3
202200036709;748 531;7;0;1;1;1;1
202200036710;748 532;7;0;2;2;22;1
202200036710;748 535;1;1;0;8;1;5
202200036711;748 528;1;0;2;1;1;5
202200036711;748 529;50;0;2;1;13;3
202200036712;748 525;7;0;2;3;15;1
202200036712;748 526;50;0;2;1;1;3
202200036713;748 524;7;0;2;1;1;1
202200036713;748 527;7;0;2;4;2;1
202200036714;748 523;43;0;1;2;1;1
202200036715;748 522;31;12;0;3;21;1
202200036716;748 520;7;9;0;0;0;1
202200036717;748 518;37;0;2;1;1;2
202200036717;748 521;1;1;1;1;1;5
202200036718;748 519;7;0;1;7;1;2
202200036719;748 515;2;0;2;2;1;1
202200036719;748 517;10;0;2;3;13;1
202200036720;748 514;1;0;0;0;0;5
202200036720;748 516;7;0;0;0;0;0
202200036721;748 513;7;0;1;1;1;1
202200036722;748 512;7;0;1;3;1;1
202200036723;748 510;7;0;2;1;1;1
202200036723;748 511;1;0;2;4;1;5
202200036724;748 509;1;0;1;1;1;5
202200036725;748 502;32;0;2;5;17;0
202200036725;748 505;10;0;2;3;13;0
202200036726;748 498;7;0;1;1;1;1
202200036727;748 500;7;0;2;0;1;1
202200036727;748 501;30;0;2;6;1;1
202200036728;748 503;7;0;2;1;2;1
202200036728;748 506;7;0;2;4;2;1
202200036728;748 507;7;0;2;0;2;1
202200036729;748 495;7;0;2;1;20;1
202200036729;748 497;32;0;2;7;1;1
202200036730;748 494;7;0;2;1;11;1
202200036730;748 496;7;0;2;7;1;1
202200036731;748 499;2;0;2;1;1;1
202200036731;748 504;7;0;2;2;15;1
202200036732;748 493;7;4;0;0;1;1
202200036733;748 489;7;1;0;3;13;1
202200036734;748 488;7;0;2;2;15;1
202200036734;748 491;32;0;2;1;1;1
202200036735;748 490;2;0;2;1;5;1
202200036735;748 492;7;0;2;1;16;1
202200036736;748 487;30;0;1;1;1;1
202200036737;748 486;33;2;0;1;2;1
202200036738;748 485;43;8;0;1;1;1
202200036739;748 481;7;0;2;1;1;1
202200036739;748 484;7;0;2;2;1;1
202200036740;748 478;7;0;1;1;1;1
202200036741;748 479;10;1;0;1;20;1
202200036742;748 477;7;0;2;3;13;1
202200036742;748 480;7;0;2;1;1;1
202200036742;748 482;7;0;2;3;2;1
202200036742;748 483;37;0;2;8;2;1
202200036743;748 474;30;0;2;0;1;1
202200036743;748 476;7;15;2;2;1;1
202200036744;748 471;7;0;2;2;14;1
202200036744;748 475;1;0;2;5;19;5
202200036745;748 470;33;12;0;0;0;1
202200036745;748 473;15;0;2;5;1;1
202200036746;748 469;7;0;2;3;13;1
202200036746;748 472;32;0;2;7;17;1
202200036747;748 467;33;0;2;1;1;1
202200036747;748 468;7;0;2;2;19;1
202200036748;748 465;7;0;1;6;4;1
202200036749;748 464;7;0;2;1;2;1
202200036749;748 466;7;0;2;4;2;1
202200036750;748 462;1;0;0;0;0;5
202200036751;748 458;7;0;2;7;2;1
202200036751;748 460;7;0;2;1;9;1
202200036752;748 456;7;0;2;1;2;1
202200036752;748 463;7;0;2;2;2;2
202200036753;748 453;7;0;2;1;1;1
202200036753;748 454;7;0;2;4;1;1
202200036754;748 452;7;0;9;8;1;1
202200036754;748 455;50;0;2;1;19;3
202200036755;748 450;7;0;0;0;16;0
202200036755;748 451;2;0;0;0;0;0
202200036756;748 446;10;1;0;4;24;1
202200036756;748 448;10;1;0;1;2;1
202200036757;748 443;33;0;2;1;13;1
202200036757;748 457;7;0;2;3;1;1
202200036758;748 444;7;0;2;1;1;1
202200036758;748 445;7;0;2;5;19;1
202200036759;748 441;30;0;2;1;1;1
202200036759;748 442;1;0;2;8;1;5
202200036760;748 447;7;0;0;0;0;0
202200036760;748 449;7;0;2;4;1;1
202200036761;748 439;32;0;0;3;26;1
202200036761;748 440;7;0;2;3;15;1
202200036762;748 435;2;0;2;1;1;1
202200036762;748 438;7;0;2;5;15;1
202200036763;748 434;7;15;0;2;12;1
202200036764;748 433;50;0;2;7;1;3
202200036764;748 437;7;0;0;0;0;1
202200036765;748 432;30;0;2;1;1;3
202200036765;748 436;30;0;2;3;9;1
202200036766;748 430;0;0;1;1;0;0
202200036767;748 429;7;0;0;3;1;1
202200036767;748 431;7;0;2;3;17;1
202200036768;748 428;7;0;1;1;1;1
202200036769;748 426;7;1;0;0;14;1
202200036770;748 425;10;0;2;3;15;1
202200036770;748 427;2;0;2;3;1;1
202200036771;748 422;1;0;2;7;1;5
202200036771;748 424;7;0;2;2;19;1
202200036772;748 421;10;0;1;3;1;1
202200036773;748 420;7;7;2;1;1;1
202200036773;748 423;7;0;2;7;15;1
202200036774;748 417;2;0;0;2;1;1
202200036775;748 416;7;0;2;1;19;1
202200036775;748 419;37;0;2;6;19;1
202200036776;748 415;7;0;0;1;12;1
202200036777;748 414;32;0;2;1;2;1
202200036777;748 418;10;0;2;4;2;1
202200036778;748 411;7;0;1;0;15;1
202200036779;748 410;33;0;2;1;13;1
202200036779;748 413;7;0;2;1;1;1
202200036780;748 408;10;0;1;3;15;1
202200036781;748 409;30;0;2;3;1;1
202200036781;748 412;10;0;2;2;1;1
202200036782;748 407;7;7;0;1;2;1
202200036783;748 406;10;0;1;1;1;1
202200036784;748 403;31;1;2;1;1;1
202200036784;748 405;7;0;2;4;24;1
202200036785;748 400;7;0;9;2;1;1
202200036785;748 404;1;0;2;1;1;5
202200036786;748 399;30;0;2;8;18;1
202200036786;748 402;7;0;2;7;1;1
202200036787;748 395;1;0;5;1;1;5
202200036788;748 394;7;0;2;0;0;1
202200036788;748 397;7;1;0;6;1;1
202200036789;748 393;7;0;2;1;2;1
202200036789;748 398;7;0;2;4;2;1
202200036789;748 401;7;0;2;4;2;1
202200036790;748 392;7;0;2;0;12;0
202200036790;748 396;33;0;2;5;1;1
202200036791;748 391;7;0;1;4;20;1
202200036792;748 386;7;0;2;1;13;1
202200036792;748 389;7;0;2;1;1;2
202200036793;748 387;7;0;2;6;2;1
202200036793;748 390;7;0;2;1;2;1
202200036794;748 385;7;0;2;2;14;1
202200036794;748 388;33;0;2;8;1;1
202200036795;748 384;7;1;1;1;20;1
202200036796;748 379;7;0;2;8;9;1
202200036796;748 383;1;0;2;8;19;5
202200036797;748 380;7;0;2;8;1;1
202200036797;748 382;14;0;2;1;1;1
202200036798;748 378;10;0;2;2;12;1
202200036798;748 381;33;0;2;6;1;1
202200036799;748 375;50;0;2;7;16;3
202200036799;748 377;7;0;2;3;22;1
202200036800;748 371;7;0;2;0;5;1
202200036800;748 372;15;0;2;8;1;1
202200036800;748 374;15;0;2;1;1;1
202200036801;748 370;32;0;2;1;1;1
202200036801;748 373;1;0;2;1;1;5
202200036802;748 369;7;0;2;3;0;2
202200036802;748 376;33;0;2;7;0;1
202200036803;748 367;31;0;2;4;1;1
202200036803;748 368;7;0;2;1;1;1
202200036804;748 364;7;0;2;3;1;1
202200036804;748 366;2;0;2;8;1;1
202200036805;748 363;30;0;2;3;9;1
202200036805;748 365;43;0;2;2;1;1
202200036806;748 360;7;0;2;3;15;1
202200036806;748 362;2;0;2;1;17;1
202200036807;748 357;10;0;1;7;1;1
202200036808;748 356;7;0;2;1;1;0
202200036808;748 358;7;0;2;7;19;1
202200036809;748 355;7;0;1;0;1;1
202200036810;748 353;7;1;0;2;1;1
202200036811;748 354;33;8;0;2;1;1
202200036812;748 352;7;0;1;0;15;0
202200036813;748 351;7;0;1;4;20;1
202200036814;748 349;7;0;2;3;15;1
202200036814;748 350;31;0;2;7;17;3
202200036815;748 348;15;0;1;7;15;1
202200036816;748 345;7;0;2;2;0;1
202200036816;748 347;7;0;2;3;0;1
202200036817;748 344;7;0;2;1;1;1
202200036817;748 346;7;0;2;2;15;1
202200036818;748 341;7;0;2;2;16;1
202200036818;748 343;2;0;2;1;1;0
202200036819;748 339;7;13;0;1;1;1
202200036820;748 340;7;0;0;2;1;1
202200036821;748 338;7;0;2;1;26;1
202200036821;748 342;7;0;2;4;26;1
202200036822;748 337;33;0;0;1;1;1
202200036823;748 334;7;1;2;4;1;1
202200036823;748 336;32;0;2;1;2;1
202200036824;748 331;7;0;2;1;1;1
202200036824;748 335;7;0;2;3;19;1
202200036825;748 329;7;0;0;0;14;0
202200036825;748 332;37;0;2;3;1;1
202200036826;748 328;7;0;2;8;1;1
202200036826;748 333;7;0;2;1;19;1
202200036827;748 326;33;0;0;0;1;1
202200036828;748 325;7;13;0;2;1;1
202200036829;748 327;33;8;2;1;2;1
202200036829;748 330;7;0;2;3;16;1
202200036830;748 324;7;0;1;1;1;1
202200036831;748 322;7;6;0;2;1;1
202200036832;748 320;7;0;2;4;23;1
202200036832;748 323;32;0;2;1;2;1
202200036833;748 318;33;3;0;7;1;1
202200036834;748 314;2;0;2;1;13;1
202200036834;748 316;80;0;0;1;1;3
202200036835;748 317;7;0;2;1;1;1
202200036835;748 319;10;0;2;4;23;1
202200036836;748 313;7;0;2;3;5;1
202200036836;748 315;7;0;2;3;1;1
202200036837;748 312;7;6;0;1;1;1
202200036838;748 309;99;0;1;1;15;6
202200036839;748 307;33;0;2;1;1;1
202200036839;748 310;7;0;0;8;15;1
202200036840;748 306;38;0;1;1;1;1
202200036841;748 305;7;0;2;1;1;1
202200036841;748 308;7;0;2;4;23;1
202200036841;748 311;7;0;2;4;23;1
202200036842;748 301;7;0;0;9;1;1
202200036843;748 300;32;0;2;2;0;1
202200036843;748 303;7;0;2;3;9;1
202200036844;748 299;33;0;2;3;18;1
202200036844;748 302;7;0;2;2;12;1
202200036845;748 298;7;0;0;5;1;2
202200036845;748 304;36;0;2;1;2;1
202200036846;748 295;50;0;2;8;14;3
202200036846;748 297;43;1;2;1;18;1
202200036847;748 294;30;0;1;1;1;1
202200036848;748 292;7;0;1;1;1;1
202200036849;748 290;7;0;2;1;2;1
202200036849;748 293;33;0;2;8;18;1
202200036849;748 296;7;0;2;5;12;3
202200036850;748 289;2;0;2;2;21;1
202200036850;748 291;10;0;2;7;15;1
202200036851;748 287;7;4;0;1;1;1
202200036852;748 288;50;0;1;1;1;3
202200036853;748 284;7;0;2;1;19;1
202200036853;748 286;10;0;0;7;1;1
202200036854;748 285;7;0;1;4;4;1
202200036855;748 282;7;0;2;3;15;2
202200036855;748 283;2;0;2;1;17;1
202200036856;748 281;7;1;0;1;26;1
202200036857;748 279;2;0;2;1;0;1
202200036857;748 280;7;0;0;5;23;1
202200036858;748 276;7;0;2;2;1;1
202200036858;748 278;43;0;2;6;18;1
202200036859;748 275;33;0;2;1;1;1
202200036859;748 277;33;0;2;1;13;1
202200036860;748 270;31;0;2;1;26;1
202200036860;748 272;33;0;0;4;23;1
202200036861;748 271;7;0;2;8;15;1
202200036861;748 274;33;0;2;1;17;1
202200036862;748 267;7;2;0;1;1;1
202200036863;748 268;7;0;2;3;5;1
202200036863;748 273;7;0;2;2;9;1
202200036864;748 266;1;0;2;1;1;5
202200036864;748 269;7;0;2;8;22;1
202200036865;748 264;1;0;0;0;1;5
202200036866;748 263;2;0;0;0;1;1
202200036866;748 265;7;0;0;0;3;0
202200036867;748 262;7;2;0;2;1;1
202200036868;748 261;37;0;1;8;16;1
202200036869;748 257;7;0;2;3;13;1
202200036869;748 259;33;0;2;1;1;1
202200036870;748 256;31;0;2;3;1;1
202200036870;748 260;7;0;2;3;1;2
202200036871;748 255;7;0;2;2;2;1
202200036871;748 258;7;13;0;6;0;1
202200036872;748 253;7;2;0;7;13;1
202200036873;748 252;7;0;0;0;13;0
202200036873;748 254;7;0;0;9;21;1
202200036874;748 250;7;6;0;2;20;1
202200036875;748 249;7;2;0;1;14;1
202200036876;748 245;7;0;2;3;1;3
202200036876;748 248;7;0;2;3;17;1
202200036877;748 242;31;0;2;7;1;1
202200036877;748 246;7;0;2;1;9;1
202200036878;748 243;31;0;0;1;1;0
202200036879;748 241;7;0;2;8;1;1
202200036879;748 244;7;0;2;1;1;1
202200036879;748 247;7;0;2;1;11;1
202200036880;748 239;7;5;0;1;1;1
202200036881;748 240;32;0;1;1;1;1
202200036882;748 238;7;2;0;3;14;1
202200036883;748 237;7;6;0;3;1;1
202200036884;748 235;7;0;1;1;1;1
202200036885;748 234;7;1;0;1;14;1
202200036886;748 236;7;0;1;1;15;1
202200036887;748 232;33;0;2;6;1;1
202200036887;748 233;7;0;2;2;1;1
202200036888;748 231;33;3;0;0;17;1
202200036889;748 229;33;0;1;1;13;1
202200036890;748 228;7;0;2;1;1;2
202200036890;748 230;50;0;2;7;9;3
202200036891;748 225;7;0;2;2;10;0
202200036891;748 227;1;0;2;8;2;5
202200036892;748 224;21;0;2;7;15;1
202200036892;748 226;33;0;2;1;1;1
202200036893;748 222;1;0;1;1;1;5
202200036894;748 220;2;1;0;0;0;1
202200036895;748 221;7;0;2;6;1;1
202200036895;748 223;7;7;2;1;17;1
202200036896;748 218;1;12;0;7;12;5
202200036897;748 216;33;0;0;8;1;1
202200036897;748 219;7;0;0;0;15;1
202200036898;748 213;7;0;2;3;1;2
202200036898;748 215;7;0;2;3;13;1
202200036899;748 209;33;13;2;9;13;1
202200036899;748 211;13;0;2;8;1;1
202200036900;748 208;7;0;2;4;1;1
202200036900;748 212;7;0;0;0;0;0
202200036901;748 207;10;0;2;3;1;1
202200036901;748 210;10;0;2;2;1;1
202200036902;748 206;33;0;0;7;1;1
202200036903;748 205;7;8;0;1;14;3
202200036904;748 198;80;0;2;7;1;3
202200036904;748 203;80;0;2;7;16;3
202200036905;748 196;7;0;0;4;1;1
202200036905;748 199;13;0;2;1;3;1
202200036906;748 200;7;0;0;9;14;1
202200036907;748 195;0;;2;;;
202200036907;748 197;7;0;2;0;0;1
202200036907;748 201;10;0;2;0;0;1
202200036907;748 202;7;0;2;0;0;1
202200036907;748 204;7;0;2;6;2;1
202200036908;748 194;33;0;0;1;1;1
202200036909;748 193;7;7;0;3;13;2
202200036910;748 190;7;0;2;1;21;1
202200036910;748 191;50;0;2;8;15;3
202200036911;748 186;7;0;2;3;1;1
202200036911;748 189;7;0;2;6;1;1
202200036911;748 192;7;0;2;1;3;1
202200036912;748 184;7;0;0;9;1;1
202200036913;748 183;7;0;2;4;2;1
202200036913;748 185;7;0;2;4;2;1
202200036913;748 187;7;0;2;4;2;1
202200036913;748 188;7;0;2;1;2;1
202200036914;748 179;30;0;0;7;1;1
202200036915;748 178;7;0;2;7;19;1
202200036915;748 182;2;0;2;2;1;1
202200036916;748 177;7;0;2;1;1;0
202200036916;748 180;7;0;2;4;24;1
202200036916;748 181;7;0;2;4;24;0
202200036917;748 175;7;3;0;2;1;1
202200036918;748 174;7;0;9;3;0;1
202200036918;748 176;1;0;2;1;0;5
202200036919;748 172;7;0;2;1;2;1
202200036919;748 173;7;0;2;4;2;2
202200036920;748 170;15;0;2;1;23;1
202200036920;748 171;15;0;2;4;23;1
202200036921;748 169;1;0;1;1;1;5
202200036922;748 167;7;0;2;4;2;1
202200036922;748 168;7;0;2;1;2;1
202200036923;748 166;7;0;0;0;1;1
202200036924;748 165;40;0;1;1;1;3
202200036925;748 163;7;0;1;2;1;1
202200036926;748 162;33;3;2;1;1;1
202200036926;748 164;7;3;2;6;11;1
202200036927;748 160;7;0;2;3;15;6
202200036927;748 161;1;14;2;3;1;5
202200036928;748 157;7;0;2;2;13;1
202200036928;748 159;7;0;2;3;1;1
202200036929;748 156;7;0;2;1;2;1
202200036929;748 158;7;0;2;4;1;1
202200036930;748 155;10;0;1;3;15;1
202200036931;748 154;36;8;0;0;1;1
202200036932;748 146;7;1;0;1;15;1
202200036932;748 150;50;0;2;1;5;3
202200036933;748 148;7;0;2;1;1;1
202200036933;748 151;1;0;2;7;1;5
202200036934;748 145;7;1;2;4;2;1
202200036934;748 147;7;0;2;6;23;1
202200036934;748 149;7;3;2;8;23;1
202200036934;748 152;7;1;2;1;0;1
202200036934;748 153;7;0;2;1;1;1
202200036935;748 139;7;0;2;5;2;1
202200036935;748 143;33;0;2;5;26;1
202200036936;748 140;7;0;2;3;26;1
202200036936;748 142;7;0;2;2;1;1
202200036937;748 141;33;0;0;7;1;1
202200036937;748 144;7;0;0;1;9;1
202200036938;748 137;7;2;0;1;1;1
202200036939;748 134;3;0;2;4;2;1
202200036939;748 136;3;0;2;1;2;1
202200036940;748 133;7;0;2;1;1;1
202200036940;748 135;7;0;2;4;2;1
202200036940;748 138;7;0;2;4;2;2
202200036941;748 132;7;3;0;2;17;1
202200036942;748 127;7;0;0;0;17;1
202200036943;748 129;33;0;2;1;3;1
202200036943;748 131;7;0;2;7;12;1
202200036944;748 128;7;1;0;3;24;1
202200036944;748 130;32;0;2;3;13;1
202200036945;748 123;7;0;0;3;1;1
202200036945;748 126;33;0;2;2;9;1
202200036946;748 122;7;0;2;4;1;3
202200036946;748 125;33;0;2;1;2;1
202200036947;748 121;7;0;2;4;23;1
202200036947;748 124;2;0;2;4;2;1
202200036948;748 120;33;3;0;8;21;1
202200036949;748 119;7;0;1;6;1;1
202200036950;748 118;7;1;0;0;14;1
202200036951;748 117;33;0;0;0;1;1
202200036952;748 115;10;0;2;6;2;0
202200036952;748 116;32;0;2;6;2;0
202200036953;748 112;15;0;9;8;2;1
202200036953;748 113;1;0;2;4;2;5
202200036954;748 111;1;0;2;2;16;5
202200036954;748 114;38;0;2;2;1;1
202200036955;748 107;7;0;2;1;2;1
202200036955;748 110;7;0;2;2;2;1
202200036956;748 105;7;0;2;3;10;1
202200036956;748 108;33;0;2;1;17;1
202200036957;748 106;10;0;2;3;15;1
202200036957;748 109;31;0;2;7;17;1
202200036958;748 104;33;4;1;1;9;1
202200036959;748 103;30;1;0;2;1;1
202200036960;748 102;10;0;1;7;1;1
202200036961;748 101;7;15;9;0;21;1
202200036962;748 099;33;0;2;1;17;1
202200036962;748 100;7;0;2;3;15;1
202200036963;748 096;15;0;0;4;23;1
202200036963;748 098;7;1;0;1;17;1
202200036964;748 095;7;0;2;3;1;1
202200036964;748 097;7;0;2;3;13;1
202200036965;748 093;7;0;0;3;17;1
202200036965;748 094;7;0;2;3;1;1
202200036966;748 091;7;4;0;9;1;1
202200036967;748 090;2;0;2;1;5;1
202200036967;748 092;7;0;2;1;1;1
202200036968;748 089;7;6;0;1;1;1
202200036969;748 088;1;0;0;0;1;5
202200036970;748 087;33;0;0;4;1;1
202200036971;748 086;7;12;0;3;16;1
202200036972;748 083;17;0;2;4;16;1
202200036972;748 085;7;0;2;1;2;1
202200036973;748 082;33;0;2;1;17;1
202200036973;748 084;7;0;0;3;15;1
202200036974;748 078;7;0;2;2;15;1
202200036974;748 081;7;0;2;1;1;1
202200036975;748 077;7;0;1;6;2;1
202200036975;748 079;7;0;2;2;2;1
202200036976;748 076;7;0;2;7;9;1
202200036976;748 080;7;0;2;0;0;1
202200036977;748 075;7;2;0;1;14;1
202200036978;748 071;38;0;2;4;2;1
202200036978;748 074;10;0;2;1;2;1
202200036979;748 070;32;0;2;1;1;1
202200036979;748 073;7;0;2;3;15;1
202200036980;748 069;7;0;2;1;1;1
202200036980;748 072;33;0;2;8;26;1
202200036981;748 065;33;0;0;0;2;1
202200036981;748 068;33;0;0;0;2;1
202200036982;748 063;32;0;2;1;17;1
202200036982;748 066;7;0;2;8;15;1
202200036983;748 064;2;3;2;4;1;1
202200036983;748 067;7;0;2;2;2;1
202200036984;748 061;31;1;0;1;1;1
202200036985;748 060;14;0;2;1;2;1
202200036985;748 062;10;0;2;4;2;1
202200036986;748 059;7;0;1;6;4;2
202200036987;748 053;17;0;2;3;2;1
202200036987;748 055;17;0;2;2;1;1
202200036987;748 058;7;0;2;6;2;1
202200036988;748 051;30;0;0;0;0;1
202200036989;748 047;7;0;2;7;0;1
202200036989;748 049;7;0;2;5;0;1
202200036990;748 046;33;0;2;3;15;1
202200036990;748 050;7;0;2;3;16;1
202200036991;748 041;7;6;2;6;23;1
202200036991;748 045;7;0;2;4;23;1
202200036991;748 048;7;0;2;2;17;1
202200036992;748 038;10;0;2;1;2;1
202200036992;748 040;7;0;2;4;2;1
202200036992;748 042;7;0;2;1;2;1
202200036992;748 044;7;0;2;4;2;1
202200036993;748 036;7;0;2;1;1;1
202200036993;748 037;1;0;2;4;1;5
202200036993;748 039;1;0;2;4;1;5
202200036994;748 034;2;0;2;1;1;1
202200036994;748 035;7;0;2;3;15;1
202200036995;748 031;7;0;2;4;1;1
202200036995;748 033;7;0;2;1;2;1
202200036996;748 030;1;0;2;3;13;5
202200036996;748 032;7;0;2;3;13;1
202200036997;748 028;7;0;2;2;16;1
202200036997;748 029;31;0;2;3;1;0
202200036998;748 025;7;0;2;4;2;1
202200036998;748 027;7;0;2;1;12;1
202200036999;748 023;7;0;0;1;1;1
202200036999;748 026;7;0;0;4;9;1
202200037000;748 022;33;0;2;3;1;1
202200037000;748 024;7;0;2;2;9;1
202200037001;748 020;7;0;2;2;1;1
202200037001;748 021;33;0;2;8;11;1
202200037002;748 019;32;0;0;1;16;1
202200037003;748 016;10;4;0;2;1;1
202200037004;748 014;7;0;2;1;15;1
202200037004;748 017;30;0;2;2;1;1
202200037005;748 013;33;0;2;3;13;1
202200037005;748 015;7;0;2;3;1;1
202200037006;748 010;7;14;2;9;1;1
202200037006;748 012;13;3;2;1;2;1
202200037007;748 008;7;0;2;1;1;1
202200037007;748 011;7;0;2;4;1;1
202200037008;748 006;17;4;0;3;1;1
202200037009;748 004;7;13;0;1;1;1
202200037010;748 001;7;0;2;2;15;1
202200037010;748 005;7;0;2;1;1;1
202200037011;747 999;32;0;2;1;3;1
202200037011;748 002;10;0;2;3;1;1
202200037011;748 003;10;0;2;2;1;1
202200037012;747 998;7;0;2;8;1;0
202200037012;748 000;33;0;2;8;13;1
202200037013;747 994;7;0;2;3;1;1
202200037013;747 997;7;0;2;4;1;1
202200037014;747 993;7;0;2;8;12;1
202200037014;747 996;33;0;2;8;1;1
202200037015;747 992;33;0;0;4;2;1
202200037015;747 995;33;0;2;1;2;1
202200037016;747 989;7;0;2;7;12;1
202200037016;747 990;33;0;2;3;3;1
202200037017;747 987;7;0;2;2;1;1
202200037017;747 991;7;0;2;5;23;1
202200037018;747 988;7;0;1;4;20;1
202200037019;747 985;14;2;0;3;21;1
202200037020;747 983;7;0;2;1;1;1
202200037020;747 986;2;0;2;8;15;1
202200037021;747 980;13;0;2;1;2;1
202200037021;747 982;15;0;2;4;1;1
202200037022;747 981;7;0;2;3;17;1
202200037022;747 984;7;0;2;3;1;1
202200037023;747 979;7;0;1;1;1;1
202200037024;747 976;10;0;2;7;12;1
202200037024;747 978;33;0;2;1;3;1
202200037025;747 975;7;0;0;3;1;1
202200037025;747 977;7;0;0;3;1;1
202200037026;747 974;7;2;0;1;0;1
202200037027;747 970;7;0;2;1;1;1
202200037027;747 972;7;0;2;3;21;1
202200037027;747 973;33;0;2;1;3;1
202200037028;747 969;14;0;2;3;1;1
202200037028;747 971;7;0;2;3;1;1
202200037029;747 967;7;0;2;1;2;1
202200037029;747 968;31;0;2;4;2;1
202200037030;747 961;7;0;2;5;11;1
202200037030;747 964;33;0;2;5;3;1
202200037030;747 965;33;0;2;1;3;1
202200037030;747 966;10;0;2;8;23;1
202200037031;747 959;33;0;2;1;1;1
202200037031;747 963;7;0;2;3;15;2
202200037032;747 958;7;0;2;4;2;1
202200037032;747 960;7;0;2;0;0;1
202200037032;747 962;7;0;2;2;0;1
202200037033;747 956;7;0;0;2;1;1
202200037034;747 954;7;0;2;1;13;1
202200037034;747 955;7;0;2;1;1;1
202200037035;747 953;7;0;2;6;1;1
202200037035;747 957;7;0;2;1;19;1
202200037036;747 951;21;0;2;1;15;1
202200037036;747 952;33;0;2;1;1;1
202200037037;747 950;3;1;0;1;1;1
202200037038;747 948;33;0;0;0;1;0
202200037039;747 947;7;0;2;1;1;1
202200037039;747 949;7;0;2;8;1;1
202200037040;747 945;2;8;0;1;0;0
202200037041;747 943;7;0;1;1;15;1
202200037042;747 944;7;2;0;1;1;1
202200037043;747 939;50;0;2;1;9;3
202200037043;747 941;10;0;9;2;1;1
202200037044;747 940;7;0;2;2;2;1
202200037044;747 942;80;0;2;4;1;2
202200037045;747 937;7;0;2;1;2;1
202200037045;747 938;7;0;0;6;1;0
202200037046;747 935;7;0;1;1;1;1
202200037047;747 936;7;2;0;1;13;2
202200037048;747 932;7;0;2;2;1;1
202200037048;747 934;7;0;2;3;13;1
202200037049;747 930;33;0;2;6;1;1
202200037049;747 931;7;0;2;7;17;1
202200037050;747 928;7;15;0;9;0;1
202200037051;747 927;50;0;2;0;1;3
202200037051;747 929;7;0;9;5;19;1
202200037052;747 924;7;0;1;0;0;1
202200037053;747 923;7;1;0;1;14;1
202200037053;747 925;7;0;2;4;24;1
202200037054;747 921;1;0;2;7;0;5
202200037054;747 922;7;0;9;1;0;1
202200037055;747 918;7;0;2;1;5;1
202200037055;747 920;7;0;2;1;1;1
202200037056;747 914;32;0;2;0;21;1
202200037057;747 913;7;0;2;7;1;1
202200037057;747 916;31;0;2;1;9;1
202200037058;747 911;7;0;2;1;1;1
202200037058;747 912;10;0;2;4;1;1
202200037058;747 915;7;0;2;4;1;1
202200037059;747 910;37;0;1;2;21;1
202200037060;747 909;7;0;0;1;13;1
202200037061;747 906;50;0;2;8;1;3
202200037061;747 907;7;0;2;0;17;1
202200037062;747 905;7;1;2;4;1;1
202200037062;747 908;7;0;2;1;13;1
202200037063;747 904;33;0;0;8;0;1
202200037064;747 902;1;0;2;7;19;5
202200037064;747 903;7;0;2;1;1;1
202200037065;747 901;7;13;0;1;17;1
202200037066;747 900;36;1;0;1;21;1
202200037067;747 897;7;0;2;5;26;1
202200037067;747 899;7;0;2;2;26;1
202200037068;747 896;7;0;9;1;1;1
202200037068;747 898;50;0;2;7;19;3
202200037069;747 895;7;3;0;3;1;1
202200037070;747 894;10;0;1;2;26;1
202200037071;747 891;7;6;0;1;1;1
202200037072;747 892;7;0;2;8;9;1
202200037072;747 893;30;0;2;1;15;1
202200037073;747 890;7;10;2;1;2;1
202200037074;747 887;60;0;0;0;1;5
202200037075;747 886;10;3;0;4;23;1
202200037075;747 888;7;1;0;1;0;1
202200037076;747 885;7;0;0;4;2;1
202200037076;747 889;15;0;2;3;1;1
202200037077;747 883;7;0;2;2;26;1
202200037077;747 884;34;0;2;3;1;1
202200037078;747 882;7;0;1;1;15;3
202200037079;747 877;7;0;2;1;2;1