Num_Acc;id_vehicule;categorie_vehicule;obstacle_fixe;obstacle_mobile;point_choc_initial;manoeuvre_principale;motorisation
202200037079;747 880;33;0;2;4;2;1
202200037080;747 878;7;0;2;1;2;1
202200037080;747 881;7;0;2;1;1;1
202200037081;747 876;0;0;2;1;17;0
202200037081;747 879;30;0;2;1;1;1
202200037082;747 871;7;0;2;7;13;1
202200037082;747 874;15;0;2;1;1;1
202200037083;747 869;33;0;2;1;2;1
202200037083;747 873;33;0;2;1;1;1
202200037083;747 875;7;0;2;3;15;1
202200037084;747 870;10;12;2;2;17;1
202200037084;747 872;7;0;2;3;15;1
202200037085;747 867;7;15;0;3;1;1
202200037086;747 865;7;0;2;1;1;1
202200037086;747 868;7;0;2;1;13;1
202200037087;747 864;30;0;2;7;15;1
202200037087;747 866;7;0;2;7;21;1
202200037088;747 862;1;0;2;0;0;5
202200037088;747 863;10;0;2;3;9;6
202200037089;747 860;33;0;2;1;1;1
202200037089;747 861;7;0;2;3;5;1
202200037090;747 859;7;15;0;1;14;1
202200037091;747 857;10;0;2;1;2;1
202200037091;747 858;30;0;2;4;1;1
202200037092;747 853;31;0;2;1;1;1
202200037092;747 856;7;0;2;4;1;1
202200037093;747 851;7;0;2;1;9;1
202200037093;747 854;1;0;2;4;2;5
202200037094;747 852;33;0;2;1;1;1
202200037094;747 855;7;0;2;5;15;1
202200037095;747 848;7;0;1;2;1;1
202200037096;747 849;7;0;9;1;26;3
202200037096;747 850;1;0;2;8;9;5
202200037097;747 847;7;13;0;1;26;1
202200037098;747 845;34;0;2;1;17;1
202200037098;747 846;1;0;2;8;15;5
202200037099;747 844;2;12;0;1;0;1
202200037100;747 839;10;0;2;5;1;1
202200037100;747 841;7;0;2;3;1;1
202200037100;747 843;7;0;2;8;16;1
202200037101;747 838;37;0;1;5;11;1
202200037102;747 837;7;0;2;3;1;2
202200037102;747 840;10;0;2;3;13;1
202200037103;747 833;32;0;2;1;11;1
202200037103;747 836;7;0;2;4;23;1
202200037104;747 832;7;0;2;5;15;1
202200037104;747 835;33;0;2;1;1;1
202200037105;747 831;7;0;2;1;1;1
202200037105;747 834;1;0;2;1;9;5
202200037106;747 830;33;4;0;8;13;1
202200037107;747 828;1;0;1;2;17;5
202200037108;747 825;7;0;2;0;2;1
202200037108;747 826;1;0;2;6;2;5
202200037109;747 824;7;0;2;3;13;1
202200037109;747 827;7;0;2;3;1;1
202200037110;747 822;32;0;2;1;15;1
202200037110;747 823;7;0;2;2;15;1
202200037111;747 818;33;0;2;1;7;1
202200037111;747 820;7;0;2;6;15;1
202200037112;747 817;15;0;1;7;15;1
202200037113;747 816;33;0;6;1;1;1
202200037114;747 814;1;0;2;3;1;5
202200037114;747 815;80;0;2;1;5;3
202200037115;747 811;7;1;0;3;9;1
202200037115;747 813;1;0;2;1;1;5
202200037116;747 810;1;0;2;3;1;5
202200037116;747 812;0;0;9;2;1;0
202200037117;747 809;30;1;0;7;14;1
202200037118;747 807;99;0;0;0;26;3
202200037119;747 808;7;0;2;3;21;1
202200037120;747 806;34;0;1;3;1;1
202200037121;747 803;7;0;2;3;16;1
202200037121;747 805;50;0;2;7;19;3
202200037122;747 804;7;0;1;2;0;1
202200037123;747 800;7;0;2;3;1;1
202200037123;747 801;50;0;2;2;19;3
202200037124;747 799;7;0;2;4;23;1
202200037124;747 802;7;0;2;1;2;1
202200037125;747 798;7;0;1;1;1;1
202200037126;747 796;7;0;2;1;13;1
202200037126;747 797;10;0;2;8;1;1
202200037127;747 795;80;14;0;3;21;3
202200037128;747 794;7;14;0;9;0;1
202200037129;747 792;7;0;2;3;1;1
202200037129;747 793;7;0;2;0;0;1
202200037130;747 789;1;0;2;8;19;5
202200037130;747 790;7;0;2;1;1;1
202200037131;747 787;7;0;2;8;11;1
202200037131;747 788;7;0;2;2;2;1
202200037132;747 791;7;0;1;3;1;1
202200037133;747 785;33;0;2;4;2;1
202200037133;747 786;7;0;2;1;2;1
202200037134;747 782;7;0;1;1;26;1
202200037135;747 779;7;0;2;4;4;0
202200037135;747 781;32;0;2;8;1;1
202200037135;747 784;7;0;2;8;0;1
202200037136;747 780;17;0;2;3;26;1
202200037136;747 783;7;0;2;0;0;1
202200037137;747 775;30;0;2;7;9;1
202200037137;747 777;7;0;2;1;1;1
202200037138;747 774;7;0;2;5;11;0
202200037138;747 778;0;0;2;5;16;3
202200037139;747 773;7;0;2;6;2;1
202200037139;747 776;17;0;2;2;12;1
202200037140;747 771;7;0;2;1;20;1
202200037140;747 772;1;0;2;0;1;5
202200037141;747 769;7;0;1;1;26;1
202200037142;747 766;7;0;1;4;23;1
202200037142;747 768;7;0;2;1;9;1
202200037143;747 767;10;0;2;3;13;1
202200037143;747 770;7;3;2;3;2;1
202200037144;747 764;32;0;2;1;3;1
202200037144;747 765;7;0;2;3;15;1
202200037145;747 761;7;0;2;1;2;1
202200037145;747 763;7;0;2;4;2;1
202200037146;747 760;7;6;0;1;26;1
202200037147;747 757;30;0;2;1;1;1
202200037147;747 759;7;0;2;4;1;1
202200037148;747 758;7;0;0;4;2;1
202200037148;747 762;13;0;2;1;1;1
202200037149;747 753;50;0;2;7;1;3
202200037149;747 756;7;0;2;1;15;1
202200037150;747 750;10;0;2;6;2;1
202200037150;747 754;33;14;2;1;3;1
202200037151;747 752;37;0;2;2;1;1
202200037151;747 755;1;0;2;8;15;5
202200037152;747 749;7;0;2;1;13;1
202200037152;747 751;7;0;2;1;1;1
202200037153;747 748;7;0;1;2;1;1
202200037154;747 747;7;0;2;0;0;0
202200037155;747 743;7;0;9;1;1;1
202200037155;747 745;1;0;2;1;19;5
202200037156;747 744;17;0;2;1;1;1
202200037156;747 746;7;0;2;1;5;1
202200037157;747 740;1;0;2;1;5;5
202200037157;747 742;50;0;2;1;1;3
202200037158;747 738;7;0;2;5;15;1
202200037158;747 741;32;0;2;1;1;1
202200037159;747 736;10;0;1;1;1;1
202200037160;747 737;7;0;2;5;26;1
202200037160;747 739;7;0;2;3;26;1
202200037161;747 733;7;0;1;1;15;1
202200037162;747 729;7;0;2;5;9;1
202200037162;747 730;33;0;2;3;1;1
202200037163;747 726;7;0;2;6;9;1
202200037163;747 728;7;14;2;1;6;1
202200037164;747 731;7;0;2;6;0;1
202200037164;747 732;15;0;2;1;0;1
202200037165;747 723;7;0;2;7;15;1
202200037165;747 724;1;0;2;1;5;5
202200037166;747 725;7;0;2;2;15;1
202200037166;747 727;50;0;2;1;1;3
202200037167;747 722;7;0;1;3;1;1
202200037168;747 720;7;13;0;9;1;1
202200037169;747 716;50;0;2;3;19;3
202200037169;747 718;7;0;2;3;16;1
202200037170;747 717;7;0;2;1;1;1
202200037170;747 719;7;0;2;1;13;1
202200037171;747 713;7;0;2;5;2;1
202200037171;747 714;34;0;2;8;7;1
202200037172;747 711;33;12;0;8;1;1
202200037173;747 710;2;14;0;1;21;1
202200037174;747 709;7;13;0;0;13;1
202200037175;747 712;7;3;0;1;13;1
202200037175;747 715;15;0;9;8;1;1
202200037175;747 721;15;0;9;1;1;1
202200037176;747 708;33;8;0;1;2;1
202200037177;747 706;7;0;2;6;9;3
202200037177;747 707;7;0;2;3;0;1
202200037178;747 705;7;17;0;3;1;0
202200037179;747 703;33;0;2;1;23;1
202200037179;747 704;17;0;2;4;1;1
202200037180;747 699;1;0;2;1;1;5
202200037180;747 700;7;0;2;8;9;1
202200037181;747 702;33;4;0;3;1;1
202200037182;747 698;34;6;2;1;17;1
202200037182;747 701;7;0;2;2;15;1
202200037183;747 697;33;12;0;1;14;1
202200037184;747 695;7;0;2;2;15;1
202200037184;747 696;32;0;2;1;26;1
202200037185;747 693;10;0;1;2;15;1
202200037186;747 691;10;0;2;2;26;1
202200037186;747 694;7;0;2;7;1;1
202200037187;747 690;7;0;1;2;1;1
202200037188;747 687;33;0;2;2;17;1
202200037188;747 688;7;0;2;3;15;1
202200037189;747 689;7;0;2;8;17;2
202200037189;747 692;2;0;2;7;17;1
202200037190;747 684;33;0;2;1;13;1
202200037190;747 686;7;0;2;3;1;1
202200037191;747 683;7;8;0;1;13;1
202200037192;747 680;30;0;2;2;0;1
202200037192;747 681;7;0;2;0;0;1
202200037193;747 675;7;0;2;1;15;1
202200037193;747 676;7;0;2;2;0;1
202200037193;747 678;7;0;2;1;1;1
202200037194;747 679;2;0;2;1;3;1
202200037194;747 685;7;0;2;8;26;1
202200037195;747 670;1;0;2;3;1;5
202200037195;747 672;7;0;2;3;1;1
202200037196;747 677;99;0;9;1;1;1
202200037196;747 682;60;0;0;8;25;5
202200037197;747 671;7;7;2;7;15;1
202200037197;747 673;7;0;2;1;1;1
202200037198;747 667;7;0;2;7;12;1
202200037198;747 668;43;0;2;3;3;1
202200037199;747 666;21;4;0;0;0;0
202200037200;747 662;1;0;0;1;2;5
202200037200;747 664;7;0;2;2;2;1
202200037201;747 663;33;0;2;4;2;1
202200037201;747 665;31;0;2;1;2;3
202200037202;747 659;10;0;1;0;4;1
202200037203;747 658;7;0;2;7;12;1
202200037203;747 660;31;0;2;8;3;1
202200037204;747 661;7;8;0;1;1;1
202200037205;747 654;7;0;2;3;15;1
202200037205;747 656;10;0;2;1;1;1
202200037206;747 655;7;0;2;7;1;1
202200037206;747 657;1;0;2;3;15;5
202200037207;747 652;7;0;1;2;9;1
202200037208;747 651;1;0;2;7;17;0
202200037208;747 653;50;0;2;8;1;3
202200037209;747 650;7;0;1;2;9;1
202200037210;747 649;7;13;0;9;1;1
202200037211;747 648;7;0;1;2;1;1
202200037212;747 647;33;15;0;2;19;1
202200037213;747 646;7;0;1;0;1;
202200037214;747 645;1;1;0;1;14;5
202200037215;747 643;7;0;2;5;10;1
202200037215;747 644;33;0;2;1;1;1
202200037216;747 641;7;0;1;5;1;1
202200037217;747 639;33;0;5;1;1;1
202200037218;747 640;32;0;1;1;1;1
202200037219;747 638;7;0;1;1;1;1
202200037220;747 636;7;0;2;3;13;1
202200037220;747 637;7;0;2;3;1;1
202200037221;747 634;33;0;0;8;15;1
202200037222;747 633;1;0;2;6;1;5
202200037222;747 635;37;0;2;5;15;3
202200037223;747 632;10;2;0;1;1;1
202200037224;747 630;30;0;2;7;1;1
202200037224;747 631;1;0;2;8;19;5
202200037225;747 629;7;0;1;2;14;1
202200037226;747 626;7;2;0;0;1;1
202200037227;747 627;30;0;2;2;17;1
202200037227;747 628;7;0;2;3;15;1
202200037228;747 622;7;0;2;7;22;1
202200037228;747 624;1;0;2;1;18;5
202200037229;747 623;7;0;2;3;15;1
202200037229;747 625;7;0;2;2;17;1
202200037230;747 617;1;0;2;6;13;5
202200037230;747 618;7;0;2;4;1;1
202200037230;747 620;33;0;2;1;3;0
202200037231;747 614;7;0;2;3;13;1
202200037231;747 615;33;0;2;1;1;1
202200037232;747 612;7;4;2;1;2;1
202200037232;747 613;10;0;0;4;2;1
202200037233;747 610;2;0;2;5;1;1
202200037233;747 611;7;0;2;5;1;1
202200037234;747 606;10;0;2;8;22;1
202200037234;747 608;32;0;2;1;1;1
202200037235;747 604;10;0;2;1;2;1
202200037235;747 605;7;0;2;4;23;1
202200037235;747 607;7;0;2;4;23;1
202200037235;747 609;10;0;0;4;23;1
202200037236;747 603;50;0;9;1;7;3
202200037237;747 602;7;3;0;2;1;1
202200037238;747 598;7;3;0;8;11;1
202200037238;747 599;7;0;2;1;1;1
202200037239;747 596;7;0;2;6;22;1
202200037239;747 597;33;0;2;7;17;1
202200037240;747 595;7;13;0;1;1;1
202200037241;747 594;50;0;1;1;16;3
202200037242;747 589;10;0;0;4;23;1
202200037242;747 591;7;14;0;6;23;1
202200037242;747 592;10;14;0;4;23;1
202200037242;747 593;10;14;0;3;2;1
202200037243;747 588;7;0;2;8;22;1
202200037243;747 590;1;0;2;7;1;5
202200037244;747 586;50;12;0;0;16;3
202200037245;747 584;33;0;0;9;1;1
202200037246;747 583;7;0;2;0;0;1
202200037247;747 581;33;0;2;1;16;1
202200037247;747 582;10;0;2;3;15;1
202200037248;747 580;7;0;1;3;15;1
202200037249;747 579;7;6;0;1;1;1
202200037250;747 576;7;0;1;1;1;1
202200037251;747 573;7;0;9;8;22;1
202200037251;747 575;50;1;0;2;1;3
202200037252;747 571;10;0;2;1;1;1
202200037252;747 572;10;0;2;5;1;1
202200037252;747 574;7;0;2;1;1;1
202200037253;747 569;7;0;2;2;15;1
202200037253;747 570;7;0;2;6;15;1
202200037254;747 567;10;0;2;3;13;1
202200037254;747 568;7;0;2;3;1;1
202200037255;747 565;14;0;2;6;1;1
202200037255;747 566;33;0;2;1;17;1
202200037256;747 564;7;0;1;2;1;1
202200037257;747 562;2;12;0;5;1;1
202200037258;747 561;7;0;2;4;2;1
202200037258;747 563;7;0;2;1;1;1
202200037259;747 559;10;8;0;1;12;1
202200037260;747 558;7;0;2;6;9;6
202200037260;747 560;2;0;2;7;1;6
202200037261;747 557;10;3;0;2;13;1
202200037262;747 556;7;0;1;1;15;1
202200037263;747 555;7;4;0;9;1;1
202200037264;747 552;7;0;2;6;24;1
202200037264;747 554;7;1;0;1;26;1
202200037265;747 551;7;0;2;8;1;1
202200037265;747 553;7;0;2;7;21;1
202200037266;747 550;10;0;1;2;1;1
202200037267;747 546;7;0;2;3;11;1
202200037267;747 548;33;0;2;1;3;1
202200037267;747 549;10;0;2;5;1;1
202200037268;747 543;31;0;2;1;0;1
202200037268;747 544;7;0;2;4;0;1
202200037269;747 540;7;0;2;1;1;1
202200037269;747 541;7;0;2;4;1;1
202200037269;747 542;7;0;2;4;1;1
202200037270;747 539;7;3;0;2;1;1
202200037271;747 536;33;3;0;2;15;1
202200037272;747 537;7;0;2;2;1;2
202200037272;747 538;7;0;2;3;9;2
202200037273;747 534;7;0;1;7;1;1
202200037274;747 532;1;1;2;1;1;5
202200037274;747 533;43;1;2;0;1;1
202200037274;747 535;7;0;2;8;22;1
202200037275;747 529;7;0;2;4;23;1
202200037275;747 530;7;0;2;4;23;1
202200037275;747 531;7;0;2;1;18;1
202200037276;747 528;10;8;0;3;9;1
202200037277;747 525;10;0;2;1;1;1
202200037277;747 527;7;0;2;0;13;1
202200037278;747 524;7;0;2;1;1;1
202200037278;747 526;7;0;2;1;15;1
202200037279;747 522;7;0;1;2;1;1
202200037280;747 521;7;0;2;1;9;2
202200037280;747 523;1;0;0;7;19;5
202200037281;747 519;7;0;2;8;19;1
202200037281;747 520;32;0;2;1;19;1
202200037282;747 516;7;0;2;1;5;1
202200037282;747 518;10;0;2;7;1;0
202200037283;747 515;7;0;2;3;15;1
202200037283;747 517;99;1;2;0;0;3
202200037284;747 513;33;0;2;1;2;1
202200037284;747 514;7;0;2;6;15;0
202200037285;747 512;7;0;1;1;1;1
202200037286;747 511;30;0;0;7;11;1
202200037287;747 510;7;0;1;1;26;1
202200037288;747 508;33;0;2;3;0;1
202200037288;747 509;7;0;2;3;13;1
202200037289;747 507;7;0;1;2;1;1
202200037290;747 506;7;2;0;1;1;1
202200037291;747 505;7;9;0;1;1;1
202200037292;747 503;1;0;0;0;0;5
202200037293;747 504;30;0;0;7;14;1
202200037294;747 502;7;0;1;2;1;1
202200037295;747 500;7;0;2;2;16;3
202200037295;747 501;2;0;2;1;1;1
202200037296;747 498;1;0;0;0;1;5
202200037297;747 494;7;0;2;4;0;1
202200037297;747 496;30;0;2;1;0;1
202200037298;747 491;7;0;2;1;21;1
202200037298;747 493;30;0;2;1;0;1
202200037299;747 489;7;0;2;1;17;1
202200037299;747 490;7;0;2;3;1;1
202200037299;747 492;7;0;2;8;1;1
202200037300;747 485;7;0;2;2;1;1
202200037300;747 487;33;0;2;2;1;1
202200037301;747 486;7;0;2;1;15;1
202200037301;747 488;32;0;2;8;1;1
202200037302;747 483;10;0;2;3;1;1
202200037302;747 484;31;0;2;1;16;1
202200037303;747 479;7;0;2;5;17;1
202200037303;747 480;50;0;2;1;15;3
202200037304;747 481;7;0;2;7;16;1
202200037304;747 482;1;0;2;8;1;5
202200037305;747 477;7;0;2;3;9;1
202200037305;747 478;43;0;2;1;2;1
202200037306;747 474;1;0;1;1;25;5
202200037307;747 473;37;0;1;3;20;1
202200037308;747 470;7;0;2;4;2;1
202200037308;747 471;7;0;2;9;2;1
202200037308;747 472;7;0;2;1;2;1
202200037309;747 469;7;1;0;0;0;1
202200037310;747 467;7;0;2;0;23;2
202200037310;747 468;7;0;2;0;16;1
202200037311;747 465;7;0;2;3;22;3
202200037311;747 466;1;0;2;1;1;5
202200037312;747 463;10;0;2;5;15;1
202200037312;747 464;32;0;2;3;17;1
202200037313;747 462;7;0;1;1;1;1
202200037314;747 460;7;0;2;4;23;1
202200037314;747 461;7;0;2;1;1;1
202200037315;747 457;7;0;2;3;15;1
202200037315;747 458;33;0;2;7;1;1
202200037315;747 459;7;0;9;4;24;1
202200037316;747 455;7;0;2;1;15;1
202200037316;747 456;30;0;2;0;1;1
202200037317;747 453;7;0;2;3;13;1
202200037317;747 454;7;0;2;1;1;1
202200037318;747 452;30;0;0;2;9;1
202200037319;747 450;10;0;2;1;2;1
202200037319;747 451;7;0;2;4;2;1
202200037320;747 449;7;0;1;7;1;1
202200037321;747 448;10;0;1;1;1;1
202200037322;747 446;14;0;2;1;1;1
202200037322;747 447;7;0;2;4;15;1
202200037323;747 444;7;0;2;1;26;1
202200037323;747 445;30;0;2;2;1;1
202200037324;747 443;10;0;1;2;0;1
202200037325;747 441;7;0;2;8;19;1
202200037325;747 442;7;0;2;1;1;1
202200037326;747 440;50;0;0;3;1;3
202200037327;747 437;7;0;2;4;2;1
202200037327;747 438;7;0;2;4;1;1
202200037327;747 439;7;0;2;1;1;1
202200037328;747 435;7;0;2;1;1;1
202200037328;747 436;10;0;2;4;1;1
202200037329;747 434;30;0;0;0;1;1
202200037330;747 432;37;0;2;7;1;1
202200037330;747 433;7;9;2;1;26;1
202200037331;747 430;1;0;2;8;1;5
202200037331;747 431;7;0;2;2;16;1
202200037332;747 429;33;0;1;1;1;1
202200037333;747 427;33;0;2;2;17;1
202200037333;747 428;7;0;2;1;15;1
202200037334;747 426;7;0;1;2;14;1
202200037335;747 424;2;0;2;8;15;1
202200037335;747 425;7;0;2;3;1;1
202200037336;747 421;7;0;2;5;1;1
202200037336;747 422;7;10;2;4;1;1
202200037336;747 423;7;10;2;1;1;1
202200037337;747 419;33;0;2;0;17;1
202200037337;747 420;7;0;2;1;1;2
202200037338;747 416;7;0;2;3;0;1
202200037338;747 417;17;0;2;3;1;1
202200037338;747 418;7;0;2;1;13;1
202200037339;747 414;30;0;0;0;0;1
202200037339;747 415;7;0;2;0;15;0
202200037340;747 413;7;0;0;0;13;1
202200037341;747 411;10;0;2;4;2;0
202200037341;747 412;1;0;2;1;0;5
202200037342;747 409;33;0;2;1;1;1
202200037342;747 410;7;0;2;3;15;1
202200037343;747 407;7;0;2;3;1;1
202200037343;747 408;7;0;2;3;1;1
202200037344;747 404;7;0;2;1;15;1
202200037344;747 406;32;0;2;1;1;1
202200037345;747 403;7;0;2;3;1;1
202200037345;747 405;30;0;2;2;1;1
202200037346;747 401;7;0;1;6;4;1
202200037347;747 400;7;0;2;2;1;1
202200037347;747 402;1;0;2;6;1;5
202200037348;747 398;7;0;2;1;2;1
202200037348;747 399;7;0;2;4;23;1
202200037349;747 397;43;1;1;3;17;1
202200037350;747 395;7;1;0;3;1;1
202200037350;747 396;10;0;2;5;24;1
202200037351;747 394;7;0;2;2;26;1
202200037352;747 392;7;0;2;2;1;1
202200037352;747 393;7;0;2;8;9;1
202200037353;747 389;7;0;2;3;1;1
202200037353;747 391;7;0;2;1;9;1
202200037354;747 388;7;0;2;3;23;1
202200037354;747 390;7;0;2;3;16;1
202200037355;747 386;30;0;1;1;18;1
202200037356;747 384;33;0;2;1;3;1
202200037356;747 385;33;0;2;4;3;1
202200037356;747 387;10;0;2;8;1;1
202200037357;747 382;2;0;2;1;5;1
202200037357;747 383;7;0;2;1;0;1
202200037358;747 381;50;0;0;1;15;3
202200037359;747 378;1;0;2;4;1;5
202200037359;747 379;7;0;2;2;1;1
202200037360;747 377;2;0;2;1;1;1
202200037360;747 380;7;0;2;1;15;1
202200037361;747 374;7;0;2;2;9;1
202200037361;747 376;30;0;2;3;1;3
202200037362;747 373;7;0;2;0;0;1
202200037362;747 375;60;0;2;7;1;0
202200037363;747 372;10;0;1;1;1;1
202200037364;747 370;1;0;2;0;19;5
202200037364;747 371;7;0;9;0;0;1
202200037365;747 369;7;0;1;1;1;1
202200037366;747 366;7;0;2;1;5;1
202200037366;747 368;7;0;2;1;1;1
202200037367;747 365;37;0;2;8;1;1
202200037367;747 367;1;0;2;8;13;5
202200037368;747 363;7;0;1;2;1;2
202200037369;747 362;7;0;2;0;0;1
202200037369;747 364;32;1;0;1;0;1
202200037370;747 361;1;0;0;0;1;5
202200037371;747 359;7;0;2;4;11;1
202200037371;747 360;7;0;2;1;1;1
202200037372;747 358;10;0;1;3;2;1
202200037373;747 356;33;1;2;8;19;1
202200037373;747 357;10;0;2;1;19;1
202200037374;747 355;14;0;1;6;16;1
202200037375;747 351;7;0;2;8;1;1
202200037375;747 353;31;0;2;1;3;1
202200037375;747 354;15;0;2;2;14;1
202200037376;747 350;30;0;2;1;1;1
202200037376;747 352;7;0;2;3;15;1
202200037377;747 347;7;0;2;2;17;1
202200037377;747 349;2;0;2;8;19;1
202200037378;747 346;10;0;2;3;1;1
202200037378;747 348;7;0;2;3;15;1
202200037379;747 344;7;0;1;1;1;1
202200037380;747 342;10;0;2;5;1;0
202200037380;747 343;14;0;2;3;1;1
202200037380;747 345;33;0;2;1;13;1
202200037381;747 340;7;0;2;4;2;1
202200037381;747 341;7;0;2;1;2;1
202200037382;747 338;1;0;0;0;1;5
202200037383;747 337;7;12;2;1;13;1
202200037383;747 339;7;0;2;0;0;1
202200037384;747 335;7;0;2;4;4;1
202200037384;747 336;32;0;2;3;23;1
202200037385;747 333;14;0;2;2;16;1
202200037385;747 334;7;0;2;8;2;1
202200037386;747 331;50;0;0;0;2;3
202200037387;747 330;7;0;2;6;1;1
202200037387;747 332;7;0;2;1;1;1
202200037388;747 328;30;0;2;0;0;1
202200037388;747 329;7;0;0;0;16;1
202200037389;747 326;10;0;2;8;13;1
202200037389;747 327;32;0;2;7;1;3
202200037390;747 323;7;0;2;8;13;1
202200037390;747 325;32;0;2;7;13;1
202200037391;747 322;33;0;2;1;1;1
202200037391;747 324;7;0;2;3;15;2
202200037392;747 320;7;0;2;8;1;1
202200037392;747 321;14;0;2;7;14;1
202200037393;747 318;33;0;2;7;18;1
202200037393;747 319;7;0;2;7;15;1
202200037394;747 317;7;0;1;3;15;1
202200037395;747 314;7;0;2;5;15;1
202200037395;747 316;1;0;2;1;1;5
202200037396;747 313;1;0;2;6;2;5
202200037396;747 315;7;0;2;0;2;0
202200037397;747 310;7;0;0;0;0;1
202200037397;747 312;34;0;2;2;17;1
202200037398;747 311;7;0;1;3;15;1
202200037399;747 308;7;0;2;8;0;0
202200037399;747 309;30;0;2;7;17;3
202200037400;747 307;7;0;1;3;15;1
202200037401;747 305;32;0;0;0;0;1
202200037401;747 306;7;0;2;0;0;1
202200037402;747 304;31;0;1;1;1;1
202200037403;747 302;10;0;2;3;16;1
202200037403;747 303;7;13;2;2;1;1
202200037404;747 301;50;0;1;0;1;3
202200037405;747 300;7;0;9;2;0;1
202200037406;747 298;10;0;2;5;15;1
202200037406;747 299;33;0;2;3;1;1
202200037407;747 296;10;0;2;1;15;1
202200037407;747 297;7;13;2;5;1;1
202200037408;747 292;1;0;2;7;1;5
202200037408;747 294;7;0;2;3;9;1
202200037409;747 293;30;0;2;4;2;3
202200037409;747 295;7;0;2;3;2;1
202200037410;747 291;7;0;1;2;14;2
202200037411;747 289;14;0;2;2;0;1
202200037411;747 290;1;0;2;2;19;5
202200037412;747 288;7;13;0;8;1;1
202200037413;747 285;7;0;2;1;9;1
202200037413;747 287;7;6;2;1;0;1
202200037414;747 284;7;0;2;2;19;2
202200037414;747 286;7;0;2;3;1;1
202200037415;747 281;7;0;2;5;15;1
202200037415;747 283;30;0;2;1;1;1
202200037416;747 280;7;0;2;3;1;1
202200037416;747 282;7;0;2;1;5;1
202200037417;747 276;7;0;2;1;13;1
202200037417;747 278;14;0;2;1;1;1
202200037418;747 277;1;0;2;7;1;5
202200037418;747 279;7;0;9;1;1;1
202200037419;747 275;7;0;0;0;14;1
202200037420;747 273;0;0;0;0;0;
202200037420;747 274;34;0;2;2;1;1
202200037421;747 272;33;13;0;1;1;1
202200037422;747 269;7;0;2;4;23;1
202200037422;747 271;7;0;2;1;1;2
202200037423;747 268;31;0;2;1;1;1
202200037423;747 270;7;0;2;3;15;1
202200037424;747 266;7;6;0;1;16;1
202200037425;747 265;7;6;0;1;0;0
202200037425;747 267;7;0;2;3;0;0
202200037426;747 263;10;0;2;1;1;1
202200037426;747 264;7;2;0;7;1;1
202200037427;747 261;31;0;2;5;15;1
202200037427;747 262;7;0;2;1;1;1
202200037428;747 257;43;0;2;7;18;1
202200037428;747 259;10;0;2;5;20;1
202200037429;747 258;7;13;2;3;1;1
202200037429;747 260;7;13;2;7;15;1
202200037430;747 255;7;2;0;0;14;1
202200037431;747 254;7;0;9;2;1;1
202200037431;747 256;1;0;2;1;0;5
202200037432;747 253;7;0;1;2;16;1
202200037433;747 252;31;4;0;3;2;1
202200037434;747 250;7;0;2;3;13;1
202200037434;747 251;7;0;2;3;1;1
202200037435;747 249;10;0;0;9;1;1
202200037436;747 248;2;12;0;0;1;1
202200037437;747 246;10;0;2;1;1;1
202200037437;747 247;7;0;2;1;13;1
202200037438;747 244;15;0;2;3;2;1
202200037438;747 245;7;0;2;5;17;1
202200037439;747 242;1;0;2;7;1;5
202200037439;747 243;7;0;2;8;1;1
202200037440;747 239;7;0;2;2;15;1
202200037440;747 240;2;0;2;1;1;1
202200037441;747 237;7;0;2;3;0;0
202200037441;747 238;7;0;2;1;0;0
202200037441;747 241;7;0;2;1;0;1
202200037442;747 236;7;6;0;9;0;1
202200037443;747 235;7;2;0;1;1;1
202200037444;747 234;7;2;0;4;1;1
202200037445;747 233;7;6;0;1;1;1
202200037446;747 232;38;0;0;2;0;1
202200037447;747 229;7;0;2;7;13;1
202200037447;747 231;15;0;2;1;1;1
202200037448;747 230;33;8;0;1;13;1
202200037449;747 228;7;2;0;9;1;1
202200037450;747 226;7;0;2;1;2;1
202200037450;747 227;20;0;0;4;2;0
202200037451;747 224;7;0;2;0;20;1
202200037451;747 225;1;0;0;0;1;5
202200037452;747 222;7;13;0;1;1;1
202200037453;747 221;7;0;2;1;1;1
202200037453;747 223;7;0;2;6;19;1
202200037454;747 218;7;0;2;3;23;1
202200037454;747 219;7;0;2;1;21;1
202200037454;747 220;7;0;2;1;15;1
202200037455;747 217;30;12;0;1;1;1
202200037456;747 215;7;2;0;2;14;1
202200037457;747 214;7;0;2;3;1;1
202200037457;747 216;30;0;2;1;15;1
202200037458;747 213;33;0;6;0;1;1
202200037459;747 211;33;0;2;1;1;1
202200037459;747 212;7;0;0;8;1;1
202200037460;747 207;10;0;2;4;2;1
202200037460;747 208;7;0;2;4;2;1
202200037460;747 209;33;0;2;1;2;1
202200037461;747 206;7;8;2;6;1;1
202200037461;747 210;7;0;2;3;19;1
202200037462;747 205;10;0;0;0;1;1
202200037463;747 204;14;0;0;1;1;1
202200037464;747 203;7;0;0;1;1;1
202200037465;747 202;7;10;0;2;2;1
202200037466;747 200;7;0;2;8;1;1
202200037466;747 201;15;0;2;3;1;1
202200037467;747 198;7;0;2;1;15;1
202200037467;747 199;2;0;2;7;1;1
202200037468;747 195;7;0;1;1;1;1
202200037469;747 193;21;0;2;1;1;1
202200037469;747 194;10;0;2;1;13;1
202200037470;747 192;33;13;0;2;19;1
202200037471;747 190;7;0;2;8;15;1
202200037471;747 191;7;0;2;2;17;1
202200037472;747 186;7;0;2;3;17;1
202200037472;747 188;7;0;2;3;1;1
202200037472;747 189;7;0;2;2;21;1
202200037473;747 185;14;6;1;9;16;1
202200037473;747 187;7;0;0;8;15;1
202200037474;747 184;7;0;1;1;1;1