Num_Acc;id_vehicule;categorie_vehicule;obstacle_fixe;obstacle_mobile;point_choc_initial;manoeuvre_principale;motorisation
202200037475;747 182;10;1;0;5;24;1
202200037475;747 183;7;1;0;1;14;1
202200037476;747 181;7;13;0;0;1;1
202200037477;747 179;7;7;0;1;1;1
202200037478;747 178;32;0;0;4;1;1
202200037478;747 180;7;0;2;3;9;1
202200037479;747 177;7;0;0;2;1;1
202200037480;747 176;7;0;1;1;1;6
202200037481;747 175;7;2;0;8;1;1
202200037482;747 173;38;0;2;1;1;0
202200037482;747 174;1;0;2;7;19;5
202200037483;747 171;7;0;2;8;23;1
202200037483;747 172;7;0;2;1;1;1
202200037484;747 168;1;0;0;6;26;5
202200037484;747 170;7;0;9;2;9;1
202200037485;747 167;33;0;2;1;1;1
202200037485;747 169;10;0;2;3;15;1
202200037486;747 163;7;0;2;2;1;1
202200037486;747 165;10;0;2;8;1;1
202200037487;747 164;7;9;2;1;1;1
202200037487;747 166;10;0;2;2;15;1
202200037488;747 159;33;0;2;9;1;1
202200037488;747 161;10;0;0;7;15;1
202200037489;747 154;7;0;2;4;2;1
202200037489;747 156;7;0;2;4;2;1
202200037489;747 157;10;0;2;1;2;1
202200037490;747 153;7;5;2;2;17;1
202200037490;747 155;10;5;2;3;15;1
202200037491;747 149;7;0;2;1;2;1
202200037491;747 150;10;0;2;4;2;1
202200037491;747 152;7;0;2;4;2;1
202200037492;747 148;10;0;2;3;13;1
202200037492;747 151;7;0;2;3;1;1
202200037493;747 146;15;6;0;5;1;1
202200037494;747 144;0;0;2;0;0;0
202200037494;747 145;7;0;2;4;2;1
202200037494;747 147;7;0;2;4;2;1
202200037495;747 143;7;2;0;2;14;1
202200037496;747 141;7;0;2;1;2;1
202200037496;747 142;7;0;0;4;1;1
202200037497;747 139;7;14;0;9;21;1
202200037498;747 138;7;0;2;2;14;1
202200037498;747 140;15;0;0;6;2;1
202200037499;747 135;33;0;2;1;1;1
202200037499;747 136;7;0;2;3;19;1
202200037500;747 130;7;0;2;2;2;1
202200037500;747 132;7;0;2;1;2;1
202200037500;747 133;7;0;2;4;2;2
202200037500;747 134;7;0;2;5;2;1
202200037500;747 137;7;0;2;1;2;1
202200037501;747 128;10;0;2;6;2;1
202200037501;747 129;33;0;2;1;2;1
202200037502;747 126;7;0;2;4;2;1
202200037502;747 127;10;0;2;1;2;1
202200037503;747 123;15;0;2;1;2;1
202200037503;747 124;7;0;2;4;2;2
202200037503;747 125;7;0;2;4;2;0
202200037504;747 122;38;0;2;3;13;1
202200037504;747 131;20;0;2;1;13;1
202200037505;747 120;10;0;2;2;0;1
202200037505;747 121;33;0;2;7;1;1
202200037506;747 119;7;4;0;0;0;1
202200037507;747 117;14;0;2;2;1;1
202200037507;747 118;7;4;2;3;9;1
202200037508;747 113;7;0;2;5;1;1
202200037508;747 114;10;0;2;1;2;1
202200037508;747 116;10;0;2;4;2;1
202200037509;747 112;7;13;0;1;0;6
202200037510;747 110;33;0;2;1;1;0
202200037510;747 111;10;0;2;5;12;1
202200037511;747 106;7;0;2;1;1;1
202200037511;747 108;7;0;2;6;2;3
202200037512;747 105;7;0;2;1;13;1
202200037512;747 107;7;0;0;0;17;0
202200037512;747 109;7;0;2;1;1;1
202200037513;747 103;7;0;2;1;2;1
202200037513;747 104;14;0;2;6;23;1
202200037514;747 102;7;2;0;1;14;1
202200037515;747 099;7;0;2;5;2;1
202200037515;747 101;32;0;2;1;2;1
202200037516;747 100;7;2;0;1;1;1
202200037517;747 096;33;0;2;8;18;1
202200037517;747 098;7;0;2;7;1;1
202200037518;747 097;7;0;1;1;15;1
202200037519;747 094;33;0;2;1;3;1
202200037519;747 095;17;0;2;5;2;1
202200037520;747 092;7;0;2;1;21;1
202200037521;747 091;7;0;0;1;0;0
202200037521;747 093;7;15;0;4;0;1
202200037522;747 089;34;0;2;2;12;1
202200037522;747 090;7;0;2;3;1;1
202200037523;747 088;7;13;0;0;1;1
202200037524;747 087;7;4;0;3;21;1
202200037525;747 085;50;0;2;1;1;3
202200037525;747 086;7;0;2;5;15;1
202200037526;747 082;7;0;2;4;1;3
202200037526;747 083;33;0;2;7;3;1
202200037526;747 084;7;0;2;3;11;1
202200037527;747 079;33;0;0;0;1;1
202200037528;747 080;7;0;2;2;9;1
202200037528;747 081;33;0;2;3;1;1
202200037529;747 077;50;0;2;1;1;3
202200037529;747 078;50;0;2;1;1;3
202200037530;747 075;21;0;2;8;15;1
202200037530;747 076;15;0;2;2;17;1
202200037531;747 071;10;0;2;2;1;1
202200037531;747 073;10;0;2;4;23;1
202200037531;747 074;7;0;2;4;23;1
202200037532;747 070;1;0;2;1;19;5
202200037532;747 072;7;0;2;7;1;1
202200037533;747 068;1;1;0;1;1;5
202200037533;747 069;7;0;2;7;22;1
202200037534;747 066;2;0;2;1;1;1
202200037534;747 067;7;0;2;8;19;1
202200037535;747 064;37;0;2;8;1;0
202200037535;747 065;1;0;2;7;14;5
202200037536;747 061;7;0;2;2;14;1
202200037536;747 062;30;0;2;3;1;1
202200037537;747 060;7;0;0;8;19;1
202200037537;747 063;7;0;2;3;1;1
202200037538;747 057;1;0;2;1;1;5
202200037538;747 059;10;0;2;3;1;1
202200037539;747 056;7;0;2;7;12;1
202200037539;747 058;33;0;2;3;1;1
202200037540;747 053;80;8;2;1;25;3
202200037540;747 055;50;8;2;1;25;3
202200037541;747 052;7;0;2;1;2;1
202200037541;747 054;7;0;2;4;2;1
202200037542;747 049;7;0;2;7;15;0
202200037542;747 051;7;0;2;1;1;1
202200037543;747 047;10;4;2;8;1;1
202200037543;747 048;7;0;2;2;1;1
202200037543;747 050;7;0;2;2;12;1
202200037544;747 046;7;2;0;1;14;1
202200037545;747 042;7;0;2;6;1;1
202200037545;747 044;10;0;2;2;12;1
202200037546;747 043;10;0;2;0;15;1
202200037546;747 045;33;0;2;3;2;1
202200037547;747 040;34;4;0;7;15;1
202200037548;747 039;15;0;2;1;1;1
202200037548;747 041;33;0;2;1;13;1
202200037549;747 037;7;0;2;2;1;1
202200037549;747 038;30;0;5;1;1;1
202200037550;747 036;7;4;0;3;1;1
202200037551;747 035;7;0;1;3;1;0
202200037552;747 033;33;0;2;1;2;1
202200037552;747 034;7;0;0;5;2;1
202200037553;747 032;7;0;1;0;1;
202200037554;747 029;17;0;2;2;12;1
202200037554;747 031;7;0;2;6;11;1
202200037555;747 028;43;0;2;1;0;1
202200037555;747 030;34;0;2;1;10;1
202200037556;747 027;7;1;0;0;12;1
202200037557;747 025;7;0;2;7;12;1
202200037557;747 026;33;0;2;3;3;1
202200037558;747 024;7;0;1;0;0;1
202200037559;747 021;7;0;2;3;1;1
202200037559;747 022;50;0;2;1;1;3
202200037560;747 020;10;0;2;4;2;1
202200037560;747 023;10;0;2;1;2;1
202200037561;747 019;10;0;1;2;15;1
202200037562;747 015;7;0;2;2;19;1
202200037562;747 016;7;0;2;3;1;1
202200037563;747 014;10;12;1;3;1;0
202200037564;747 012;50;0;2;1;1;3
202200037564;747 013;7;0;2;3;1;1
202200037565;747 017;33;0;2;1;2;1
202200037565;747 018;7;0;2;0;1;1
202200037566;747 011;10;13;0;8;1;1
202200037567;747 009;2;0;0;8;15;1
202200037567;747 010;33;0;2;7;17;1
202200037568;747 007;7;0;2;3;13;1
202200037568;747 008;7;0;2;3;1;1
202200037569;747 006;33;2;0;1;1;1
202200037570;747 005;7;3;0;1;2;1
202200037571;747 003;10;0;2;1;13;1
202200037571;747 004;7;0;2;1;1;1
202200037572;747 002;36;0;0;3;0;1
202200037573;747 000;7;0;2;8;1;1
202200037573;747 001;7;12;2;1;16;1
202200037574;746 999;7;13;0;0;1;1
202200037575;746 997;2;0;0;4;1;1
202200037575;746 998;7;0;2;2;1;1
202200037576;746 995;7;0;2;3;1;1
202200037576;746 996;21;0;2;3;0;1
202200037577;746 993;7;0;2;3;13;1
202200037577;746 994;7;0;2;3;1;1
202200037578;746 992;7;13;0;2;0;1
202200037579;746 990;7;0;2;2;1;1
202200037579;746 991;7;0;2;3;15;1
202200037580;746 989;34;0;0;2;1;1
202200037581;746 988;7;2;0;7;1;1
202200037582;746 986;7;0;2;3;13;1
202200037582;746 987;10;0;2;1;1;1
202200037583;746 984;7;9;0;3;1;1
202200037583;746 985;7;0;0;3;1;1
202200037584;746 982;7;0;2;1;1;1
202200037584;746 983;7;0;2;7;10;1
202200037585;746 980;7;0;2;1;1;1
202200037585;746 981;7;0;2;1;1;1
202200037586;746 978;7;0;0;1;0;1
202200037586;746 979;7;0;0;1;2;1
202200037587;746 976;1;13;0;9;1;5
202200037587;746 977;1;13;0;9;1;5
202200037588;746 974;7;0;2;4;23;1
202200037588;746 975;7;0;2;1;2;1
202200037589;746 973;33;0;0;7;1;1
202200037590;746 971;7;0;2;2;17;1
202200037590;746 972;30;0;0;6;1;3
202200037591;746 967;7;0;2;1;5;3
202200037591;746 968;99;0;2;1;1;1
202200037591;746 969;7;0;2;2;18;1
202200037591;746 970;7;0;2;1;1;1
202200037592;746 965;2;0;2;1;1;1
202200037592;746 966;7;0;2;3;1;1
202200037593;746 963;7;0;2;8;1;1
202200037593;746 964;7;0;2;7;12;1
202200037594;746 961;2;0;2;1;17;1
202200037594;746 962;7;0;2;1;15;1
202200037595;746 959;1;0;0;7;1;5
202200037595;746 960;7;0;2;3;9;1
202200037596;746 957;33;0;2;1;2;1
202200037596;746 958;7;0;0;4;2;1
202200037597;746 955;7;0;2;1;13;1
202200037597;746 956;15;0;2;2;1;1
202200037598;746 954;7;2;0;7;13;1
202200037599;746 951;7;0;0;4;1;1
202200037599;746 952;7;0;2;2;1;1
202200037599;746 953;32;0;2;1;1;1
202200037600;746 947;10;0;2;1;1;1
202200037600;746 948;17;0;0;6;1;1
202200037600;746 949;7;0;2;4;0;1
202200037600;746 950;7;0;9;2;1;1
202200037601;746 944;15;0;0;4;2;0
202200037601;746 945;7;0;0;2;2;2
202200037601;746 946;7;0;2;1;2;1
202200037602;746 940;33;8;0;3;1;1
202200037603;746 938;7;0;2;3;13;1
202200037603;746 939;21;0;2;6;1;1
202200037604;746 935;7;0;2;1;1;1
202200037604;746 936;7;0;2;9;15;1
202200037604;746 937;7;0;2;1;1;1
202200037605;746 933;32;0;2;1;1;1
202200037605;746 934;7;0;2;3;13;1
202200037606;746 932;7;0;0;9;0;1
202200037607;746 930;14;0;2;3;0;1
202200037607;746 931;7;0;2;3;0;1
202200037608;746 929;7;3;0;2;1;1
202200037609;746 927;7;0;0;4;1;1
202200037609;746 928;7;0;2;1;1;1
202200037610;746 926;7;0;1;1;1;1
202200037611;746 924;7;0;9;2;15;3
202200037611;746 925;1;0;2;7;1;5
202200037612;746 923;7;3;0;9;1;1
202200037613;746 922;7;13;0;3;1;1
202200037614;746 920;1;0;2;1;9;5
202200037614;746 921;7;0;2;7;15;1
202200037615;746 919;7;13;0;2;14;1
202200037616;746 918;37;0;1;2;1;1
202200037617;746 915;33;0;2;1;1;1
202200037617;746 916;7;0;0;4;1;1
202200037618;746 913;7;0;2;4;12;1
202200037618;746 914;7;0;2;1;17;1
202200037619;746 911;7;0;2;2;1;2
202200037619;746 912;7;0;2;4;2;1
202200037620;746 909;7;0;2;6;2;1
202200037620;746 910;33;0;2;1;13;1
202200037621;746 906;33;0;2;1;17;1
202200037621;746 907;7;0;2;6;2;1
202200037621;746 908;10;0;2;1;1;1
202200037622;746 905;7;6;0;3;13;1
202200037623;746 903;7;0;2;1;2;1
202200037623;746 904;7;1;2;1;21;1
202200037624;746 901;7;0;2;1;2;1
202200037624;746 902;50;0;2;4;15;3
202200037625;746 898;7;0;2;6;23;1
202200037625;746 899;7;0;2;2;2;1
202200037625;746 900;7;0;2;3;23;1
202200037626;746 896;7;0;2;3;1;1
202200037626;746 897;7;0;2;2;15;1
202200037627;746 894;7;0;2;7;19;1
202200037627;746 895;7;0;2;3;2;1
202200037628;746 891;7;0;2;3;15;1
202200037628;746 892;7;0;2;8;1;1
202200037629;746 889;7;0;2;0;0;1
202200037629;746 890;7;0;2;6;0;1
202200037630;746 888;3;0;1;3;15;1
202200037631;746 886;7;0;2;8;1;1
202200037631;746 887;2;0;2;1;17;1
202200037632;746 883;10;0;2;1;0;1
202200037632;746 884;7;0;2;1;0;1
202200037632;746 885;7;0;2;1;0;1
202200037633;746 882;30;0;0;1;26;1
202200037634;746 881;7;0;1;2;16;1
202200037635;746 880;80;0;9;0;26;3
202200037636;746 878;50;0;2;0;1;3
202200037636;746 879;7;0;2;1;1;1
202200037637;746 876;7;0;2;3;15;1
202200037637;746 877;31;0;2;1;1;1
202200037638;746 874;33;0;2;7;1;1
202200037638;746 875;7;0;2;8;11;2
202200037639;746 872;7;0;2;1;2;1
202200037639;746 873;7;0;2;4;2;1
202200037640;746 871;33;0;0;5;21;1
202200037641;746 869;33;0;2;1;21;1
202200037641;746 870;7;0;2;4;2;1
202200037642;746 868;15;8;0;1;1;1
202200037643;746 867;7;0;1;1;26;1
202200037644;746 866;7;0;1;1;16;1
202200037645;746 863;7;0;2;4;23;1
202200037645;746 864;7;0;2;4;23;1
202200037645;746 865;7;0;2;1;1;1
202200037646;746 861;10;0;0;0;0;1
202200037646;746 862;1;0;0;0;0;5
202200037647;746 859;33;0;2;1;1;1
202200037647;746 860;33;0;2;6;16;1
202200037648;746 857;7;0;2;4;2;1
202200037648;746 858;7;0;2;1;2;1
202200037649;746 856;1;0;0;0;25;5
202200037650;746 854;30;0;2;7;17;1
202200037650;746 855;7;0;2;8;1;1
202200037651;746 853;7;0;1;4;26;1
202200037652;746 851;7;0;2;7;16;1
202200037652;746 852;1;0;2;8;1;5
202200037653;746 850;7;2;0;1;13;1
202200037654;746 849;7;6;0;1;1;1
202200037655;746 847;7;0;2;1;15;1
202200037655;746 848;33;0;2;1;1;1
202200037656;746 845;1;0;2;7;1;5
202200037656;746 846;7;0;2;3;16;1
202200037657;746 843;7;0;2;2;1;1
202200037657;746 844;99;0;2;8;1;2
202200037658;746 841;7;0;2;1;13;1
202200037658;746 842;7;0;2;3;1;1
202200037659;746 839;7;0;2;2;17;1
202200037659;746 840;7;6;2;8;1;2
202200037660;746 836;7;0;2;1;1;1
202200037660;746 837;7;0;2;3;21;1
202200037660;746 838;7;0;2;4;1;1
202200037661;746 832;31;0;2;0;0;1
202200037661;746 833;7;0;9;3;15;1
202200037662;746 831;7;16;1;2;21;1
202200037663;746 830;34;12;0;2;2;1
202200037664;746 828;31;0;2;1;13;1
202200037664;746 829;10;0;2;2;21;1
202200037665;746 827;14;0;1;3;1;1
202200037666;746 826;7;0;1;1;9;1
202200037667;746 824;31;0;1;1;1;1
202200037667;746 825;7;0;2;3;1;1
202200037668;746 822;7;1;0;1;7;1
202200037668;746 823;38;1;2;4;23;1
202200037669;746 820;7;0;2;1;2;1
202200037669;746 821;7;0;2;5;0;1
202200037670;746 819;7;0;0;1;14;1
202200037671;746 818;7;0;1;2;1;1
202200037672;746 816;7;0;2;1;15;1
202200037672;746 817;33;0;2;1;1;1
202200037673;746 814;7;0;2;0;1;0
202200037673;746 815;30;0;2;8;1;1
202200037674;746 812;7;0;2;3;14;1
202200037674;746 813;7;0;2;5;24;2
202200037675;746 810;10;0;2;2;2;1
202200037675;746 811;30;0;2;4;23;1
202200037676;746 809;7;0;1;2;16;1
202200037677;746 807;7;0;2;8;1;1
202200037677;746 808;30;0;2;1;1;1
202200037678;746 806;1;0;1;4;1;5
202200037679;746 804;1;0;2;3;1;5
202200037679;746 805;7;0;2;2;15;1
202200037680;746 803;7;15;0;1;16;3
202200037681;746 802;1;0;1;1;1;5
202200037682;746 800;7;0;2;3;1;1
202200037682;746 801;1;0;2;1;1;5
202200037683;746 798;33;0;2;1;1;1
202200037683;746 799;10;0;2;2;1;1
202200037684;746 797;7;0;1;1;1;2
202200037685;746 796;7;0;1;1;1;2
202200037686;746 793;10;0;2;1;2;0
202200037686;746 794;7;0;2;9;2;0
202200037686;746 795;7;0;2;4;0;0
202200037687;746 792;30;0;0;0;26;1
202200037688;746 790;7;0;2;3;19;2
202200037688;746 791;50;0;2;2;19;3
202200037689;746 788;7;0;2;3;1;1
202200037689;746 789;7;0;2;8;13;1
202200037690;746 787;32;0;0;0;1;1
202200037691;746 785;7;0;2;2;1;1
202200037691;746 786;7;0;2;3;15;1
202200037692;746 783;37;0;2;6;26;1
202200037692;746 784;43;0;2;2;17;1
202200037693;746 781;32;0;2;0;0;0
202200037693;746 782;3;0;2;0;0;0
202200037694;746 780;34;0;1;1;17;1
202200037695;746 778;10;0;2;3;2;1
202200037695;746 779;7;0;2;4;2;1
202200037696;746 777;15;0;1;1;26;1
202200037697;746 776;33;0;0;0;1;1
202200037698;746 774;7;4;2;4;2;1
202200037698;746 775;7;0;2;1;2;1
202200037699;746 772;7;0;0;3;26;1
202200037699;746 773;33;0;0;1;1;1
202200037700;746 770;1;0;2;1;1;5
202200037700;746 771;7;0;2;1;1;1
202200037701;746 769;7;7;0;1;13;1
202200037702;746 767;33;0;2;1;2;1
202200037702;746 768;17;0;0;0;2;1
202200037703;746 766;7;13;0;2;13;1
202200037704;746 764;7;15;2;1;1;1
202200037704;746 765;7;0;2;3;19;1
202200037705;746 763;1;0;0;2;1;5
202200037706;746 761;7;0;2;3;13;1
202200037706;746 762;7;0;2;3;1;1
202200037707;746 759;32;3;2;8;1;1
202200037707;746 760;15;0;2;5;17;1
202200037708;746 757;10;0;2;3;15;1
202200037708;746 758;33;0;2;1;17;1
202200037709;746 755;2;0;2;8;1;1
202200037709;746 756;7;0;2;3;1;1
202200037710;746 754;7;15;0;1;14;1
202200037711;746 752;1;0;0;4;2;5
202200037711;746 753;10;0;2;2;2;1
202200037712;746 751;7;2;0;2;0;1
202200037713;746 750;33;6;9;1;17;1
202200037714;746 749;7;0;1;2;1;1
202200037715;746 747;80;0;2;8;15;3
202200037715;746 748;7;0;2;7;17;1
202200037716;746 746;7;7;0;1;1;1
202200037717;746 744;10;0;2;3;1;1
202200037717;746 745;7;0;2;1;13;1
202200037718;746 742;10;4;0;6;24;1
202200037718;746 743;15;1;0;1;21;1
202200037719;746 740;7;0;2;3;15;1
202200037719;746 741;21;0;2;1;16;1
202200037720;746 738;7;0;2;2;19;1
202200037720;746 739;33;0;2;1;1;1
202200037721;746 736;33;0;2;1;26;1
202200037721;746 737;7;0;2;1;15;1
202200037722;746 734;7;0;2;1;1;1
202200037722;746 735;7;0;2;1;15;1
202200037723;746 732;7;0;2;5;26;1
202200037723;746 733;2;0;2;3;1;1
202200037724;746 730;7;0;2;1;2;1
202200037724;746 731;7;3;0;4;1;1
202200037725;746 728;7;0;2;1;13;1
202200037725;746 729;15;0;2;3;1;1
202200037726;746 726;17;0;2;1;0;1
202200037726;746 727;3;0;2;1;13;3
202200037727;746 724;7;3;2;2;5;1
202200037727;746 725;17;0;2;2;1;1
202200037728;746 722;7;0;2;3;5;1
202200037728;746 723;14;0;2;3;1;1
202200037729;746 720;17;0;0;4;1;1
202200037729;746 721;7;0;2;1;1;1
202200037730;746 718;33;0;2;1;1;0
202200037730;746 719;30;0;2;8;19;0
202200037731;746 716;1;0;2;8;19;5
202200037731;746 717;7;0;9;2;19;1
202200037732;746 715;7;8;0;2;14;1
202200037733;746 713;2;0;2;2;3;1
202200037733;746 714;7;0;2;8;15;1
202200037734;746 711;7;0;2;2;1;1
202200037734;746 712;34;0;2;8;15;1
202200037735;746 708;7;0;2;1;1;1
202200037735;746 709;7;0;2;2;11;1
202200037735;746 710;34;0;2;1;1;1
202200037736;746 706;7;2;0;1;17;1
202200037736;746 707;7;7;0;7;16;1
202200037737;746 704;7;0;2;8;15;6
202200037737;746 705;31;0;0;1;2;1
202200037738;746 703;7;13;0;9;0;1
202200037739;746 702;33;16;0;9;1;1
202200037740;746 700;7;0;0;4;1;1
202200037740;746 701;7;0;2;1;1;1
202200037741;746 698;7;0;2;6;11;1
202200037741;746 699;7;0;2;2;11;1
202200037742;746 697;33;0;0;1;1;1
202200037743;746 696;33;0;0;8;1;1
202200037744;746 695;1;0;0;0;1;5
202200037745;746 692;7;0;2;3;2;1
202200037745;746 693;7;0;2;1;13;1
202200037746;746 691;7;0;1;3;1;1
202200037747;746 689;2;0;2;1;1;1
202200037747;746 690;7;0;2;1;17;1
202200037748;746 688;7;15;0;1;1;1
202200037749;746 686;7;0;2;3;1;1
202200037749;746 687;7;0;2;3;13;1
202200037750;746 684;7;0;2;1;26;1
202200037750;746 685;7;0;2;1;1;1
202200037751;746 682;10;0;9;4;23;1
202200037751;746 683;7;0;2;1;2;1
202200037752;746 679;7;0;2;4;2;1
202200037752;746 680;7;0;2;4;2;1
202200037752;746 681;10;0;2;1;2;1
202200037753;746 677;7;0;2;6;12;1
202200037753;746 678;7;0;2;8;1;1
202200037754;746 676;7;4;0;1;1;1
202200037755;746 675;10;4;2;1;2;1
202200037756;746 674;15;0;1;2;0;1
202200037757;746 673;7;10;0;3;1;1
202200037758;746 670;7;0;2;3;2;1
202200037758;746 671;7;0;2;5;2;1
202200037758;746 672;7;0;2;4;2;1
202200037759;746 668;7;0;2;4;1;2
202200037759;746 669;7;0;2;1;26;1
202200037760;746 666;7;0;2;5;1;1
202200037760;746 667;33;0;2;1;26;1
202200037761;746 664;10;0;2;1;2;1
202200037761;746 665;7;0;2;4;2;1
202200037762;746 662;32;0;2;8;1;1
202200037762;746 663;10;0;2;7;12;0
202200037763;746 660;7;0;2;6;2;2
202200037763;746 661;13;0;2;2;12;1
202200037764;746 657;7;0;2;4;1;1
202200037764;746 658;7;0;2;4;2;1
202200037764;746 659;7;0;2;1;2;1
202200037765;746 654;7;0;2;5;1;1
202200037765;746 655;33;0;2;8;21;1
202200037765;746 656;7;0;2;1;18;1
202200037766;746 652;1;0;2;1;1;5
202200037766;746 653;7;0;9;3;9;1
202200037767;746 651;7;4;0;3;13;1
202200037768;746 650;2;0;1;1;1;4
202200037769;746 649;32;0;1;1;9;1
202200037770;746 648;7;13;5;1;1;1
202200037771;746 647;7;0;1;1;26;0
202200037772;746 645;10;0;2;0;26;1
202200037772;746 646;7;0;2;0;0;1
202200037773;746 643;7;0;2;5;17;1
202200037773;746 644;15;0;2;8;1;0
202200037774;746 641;2;0;2;1;1;1
202200037774;746 642;7;0;2;8;9;1
202200037775;746 640;30;12;0;1;1;1
202200037776;746 638;33;0;2;1;2;1
202200037776;746 639;7;0;2;5;2;1
202200037777;746 636;1;0;2;0;0;0
202200037777;746 637;7;0;2;4;4;0
202200037778;746 634;7;0;2;6;19;1
202200037778;746 635;7;0;2;1;19;1
202200037779;746 632;7;0;2;3;2;1
202200037779;746 633;33;0;2;2;1;1
202200037780;746 630;31;0;2;2;1;1
202200037780;746 631;7;0;2;2;1;1
202200037781;746 625;7;0;2;1;1;3
202200037781;746 626;7;0;2;4;1;1
202200037781;746 627;7;0;0;0;15;1
202200037781;746 628;7;14;2;6;1;1
202200037781;746 629;7;0;2;4;1;1
202200037782;746 623;7;0;2;1;2;1
202200037782;746 624;7;0;2;4;2;1
202200037783;746 621;7;0;2;1;1;1
202200037783;746 622;1;0;2;4;1;5
202200037784;746 620;7;6;0;6;13;1
202200037785;746 619;7;0;1;2;1;1
202200037786;746 617;33;14;0;0;0;0
202200037786;746 618;7;14;0;4;0;0
202200037787;746 616;7;2;0;5;1;1
202200037788;746 613;7;0;2;4;1;1
202200037788;746 614;7;0;2;6;1;1
202200037788;746 615;7;0;2;1;12;1
202200037789;746 612;30;8;0;1;1;1
202200037790;746 610;7;0;9;8;15;1
202200037790;746 611;1;0;2;8;1;5
202200037791;746 604;7;0;2;1;1;1
202200037791;746 605;7;0;2;3;1;1
202200037792;746 602;38;0;2;3;1;0
202200037792;746 603;7;0;2;2;15;1
202200037793;746 601;3;15;0;1;1;0
202200037794;746 600;7;1;0;1;13;1
202200037795;746 598;31;14;2;1;1;1
202200037795;746 599;7;0;2;4;1;1
202200037796;746 596;1;0;2;9;1;0
202200037796;746 597;7;0;2;8;15;1
202200037797;746 594;7;1;0;1;0;1
202200037797;746 595;7;0;2;6;0;2
202200037798;746 593;31;2;1;1;1;0
202200037799;746 592;7;0;2;4;26;1
202200037800;746 591;7;0;1;2;19;1
202200037801;746 589;7;0;2;7;1;1
202200037801;746 590;7;0;2;1;1;1
202200037802;746 588;7;13;0;1;13;1
202200037803;746 586;1;0;9;1;1;5
202200037803;746 587;30;0;9;1;16;3
202200037804;746 584;7;0;2;1;1;1
202200037804;746 585;30;0;2;1;1;1
202200037805;746 582;7;0;0;4;23;1
202200037805;746 583;7;0;2;1;2;1
202200037806;746 581;7;2;0;1;13;1
202200037807;746 579;7;0;2;1;2;2
202200037807;746 580;33;7;0;4;1;1
202200037808;746 577;7;0;2;1;1;1
202200037808;746 578;1;0;2;8;1;5
202200037809;746 575;7;0;2;2;15;1
202200037809;746 576;2;0;2;1;1;1
202200037810;746 574;30;9;0;1;16;1
202200037811;746 573;7;0;1;4;20;1
202200037812;746 571;33;0;2;1;1;1
202200037812;746 572;7;0;2;7;15;1
202200037813;746 569;33;0;2;7;17;1
202200037813;746 570;7;0;2;8;15;1
202200037814;746 568;7;0;1;1;1;1
202200037815;746 566;33;0;2;8;15;1
202200037815;746 567;7;0;2;3;15;1
202200037816;746 564;10;0;2;3;23;1
202200037816;746 565;1;0;2;1;13;5
202200037817;746 562;7;0;2;1;1;1
202200037817;746 563;7;0;2;3;0;1
202200037818;746 560;33;0;2;7;1;1
202200037818;746 561;7;0;2;8;11;1
202200037819;746 558;33;0;2;2;3;1
202200037819;746 559;7;0;2;3;1;1
202200037820;746 556;7;0;2;4;1;1
202200037820;746 557;33;0;2;1;3;1
202200037821;746 554;33;1;2;8;13;1
202200037821;746 555;7;2;2;3;13;1
202200037822;746 553;30;0;0;7;5;3
202200037823;746 551;7;0;2;2;15;0
202200037823;746 552;1;0;2;3;1;5
202200037824;746 549;30;0;2;1;1;1
202200037824;746 550;7;0;2;5;15;1
202200037825;746 547;7;0;2;3;10;1
202200037825;746 548;30;0;2;1;1;1
202200037826;746 546;1;0;1;2;7;5
202200037827;746 545;7;0;1;1;16;2
202200037828;746 542;7;0;2;1;2;1
202200037828;746 543;7;0;2;4;2;1
202200037829;746 541;80;12;0;0;13;3
202200037830;746 540;1;0;1;1;1;5
202200037831;746 538;7;0;2;5;12;0
202200037831;746 539;33;0;2;8;1;0
202200037832;746 536;33;0;2;1;1;1
202200037832;746 537;7;0;2;4;11;1
202200037833;746 533;7;0;2;5;1;1
202200037833;746 534;33;0;2;1;3;1
202200037833;746 535;10;0;2;7;12;0
202200037834;746 531;7;0;2;1;2;1
202200037834;746 532;7;0;2;4;2;2
202200037835;746 529;15;0;2;2;1;1
202200037835;746 530;7;0;2;3;9;1
202200037836;746 527;32;0;2;1;2;1
202200037836;746 528;10;0;2;4;2;1
202200037837;746 524;7;0;2;4;12;3
202200037837;746 525;10;0;2;1;1;1
202200037837;746 526;7;0;2;1;1;1
202200037838;746 521;33;0;2;1;3;1
202200037838;746 522;7;0;2;5;14;1
202200037838;746 523;7;0;2;6;23;1
202200037839;746 520;15;8;0;2;26;1
202200037840;746 518;7;0;2;3;14;1
202200037840;746 519;10;0;2;5;1;1
202200037841;746 514;7;0;2;2;0;1
202200037841;746 515;7;0;2;6;1;1
202200037841;746 516;7;0;2;7;2;1
202200037841;746 517;7;0;2;4;1;1
202200037842;746 513;1;0;0;1;1;5
202200037843;746 512;7;4;0;9;0;1
202200037844;746 511;2;0;0;7;1;1
202200037845;746 510;7;8;0;1;1;1
202200037846;746 509;33;8;0;1;1;1
202200037847;746 508;15;0;1;1;1;1
202200037848;746 506;99;0;2;3;15;1
202200037848;746 507;33;0;2;1;1;1
202200037849;746 504;7;0;2;2;15;1
202200037849;746 505;31;0;2;2;1;1
202200037850;746 501;10;0;2;1;1;1
202200037850;746 502;7;0;2;4;1;2
202200037850;746 503;10;0;2;6;1;1
202200037851;746 499;7;0;2;1;1;1
202200037851;746 500;7;0;2;1;15;1
202200037852;746 497;80;0;2;8;19;3
202200037852;746 498;7;0;2;1;15;1
202200037853;746 496;7;0;1;1;9;1
202200037854;746 495;7;0;1;1;1;1