Num_Acc;id_vehicule;categorie_vehicule;obstacle_fixe;obstacle_mobile;point_choc_initial;manoeuvre_principale;motorisation
202200037855;746 494;50;12;0;7;14;3
202200037856;746 492;7;0;2;3;15;1
202200037856;746 493;43;0;2;1;13;1
202200037857;746 491;37;0;1;2;1;1
202200037858;746 490;7;0;1;2;1;1
202200037859;746 489;33;0;0;8;17;1
202200037860;746 488;7;0;1;3;15;1
202200037861;746 487;43;0;1;1;1;1
202200037862;746 485;7;0;2;1;9;1
202200037862;746 486;50;0;2;2;2;3
202200037863;746 483;13;0;2;3;2;1
202200037863;746 484;7;0;2;5;2;1
202200037864;746 482;7;0;1;1;15;2
202200037865;746 480;7;0;2;0;0;1
202200037865;746 481;7;0;2;0;26;1
202200037866;746 478;7;0;2;1;9;1
202200037866;746 479;7;0;2;3;1;1
202200037867;746 477;32;0;1;1;1;1
202200037868;746 474;7;0;2;3;0;0
202200037868;746 475;7;0;2;3;0;0
202200037868;746 476;33;0;2;1;1;0
202200037869;746 470;7;0;2;0;1;1
202200037869;746 471;7;0;2;1;1;1
202200037869;746 472;7;0;2;4;0;1
202200037869;746 473;7;0;2;1;1;1
202200037870;746 469;40;0;1;3;1;0
202200037871;746 467;33;0;2;2;21;1
202200037871;746 468;7;0;2;2;13;1
202200037872;746 464;7;0;2;4;1;1
202200037872;746 465;7;0;2;4;2;1
202200037872;746 466;7;0;2;1;2;1
202200037873;746 462;2;0;2;1;0;1
202200037873;746 463;33;0;2;1;5;1
202200037874;746 461;50;0;0;0;0;3
202200037875;746 459;7;0;2;7;26;1
202200037875;746 460;30;0;2;1;26;1
202200037876;746 458;30;0;0;7;26;1
202200037877;746 456;7;0;1;1;23;0
202200037877;746 457;10;0;2;1;26;0
202200037878;746 453;7;0;2;1;1;1
202200037878;746 454;7;0;2;4;2;1
202200037878;746 455;7;0;2;4;2;1
202200037879;746 452;7;0;1;1;1;1
202200037880;746 451;7;4;0;1;9;1
202200037881;746 449;7;0;2;1;1;1
202200037881;746 450;1;0;2;1;19;5
202200037882;746 447;7;0;2;8;15;1
202200037882;746 448;7;0;2;1;1;1
202200037883;746 446;2;0;0;0;1;1
202200037884;746 444;7;0;2;3;0;1
202200037884;746 445;2;0;2;2;2;1
202200037885;746 442;7;0;2;3;9;1
202200037885;746 443;7;0;2;0;1;1
202200037886;746 440;1;0;2;1;1;5
202200037886;746 441;7;0;2;0;1;1
202200037887;746 438;7;0;2;4;0;1
202200037887;746 439;99;0;2;1;26;3
202200037888;746 436;7;0;2;4;15;1
202200037888;746 437;33;0;2;1;15;1
202200037889;746 435;31;0;0;0;1;1
202200037890;746 434;31;0;9;7;0;1
202200037891;746 432;7;0;2;4;1;1
202200037891;746 433;14;0;2;1;1;1
202200037892;746 430;7;0;9;3;15;1
202200037892;746 431;33;0;2;8;2;1
202200037893;746 429;7;0;1;3;16;1
202200037894;746 427;50;0;2;2;1;3
202200037894;746 428;7;0;2;1;16;1
202200037895;746 425;1;0;2;1;1;5
202200037895;746 426;7;0;2;3;19;1
202200037896;746 423;30;1;2;1;1;1
202200037896;746 424;7;0;2;1;22;1
202200037897;746 421;7;0;2;2;15;1
202200037897;746 422;7;0;2;3;15;1
202200037898;746 419;7;0;2;2;1;1
202200037898;746 420;50;0;2;3;15;3
202200037899;746 417;7;0;2;3;0;1
202200037899;746 418;7;0;2;3;9;1
202200037900;746 415;7;0;2;6;2;1
202200037900;746 416;33;0;2;1;2;1
202200037901;746 413;2;4;0;1;0;1
202200037901;746 414;7;4;0;1;2;1
202200037902;746 411;7;0;2;0;0;1
202200037902;746 412;7;0;2;3;1;1
202200037903;746 409;7;0;2;1;1;1
202200037903;746 410;10;0;0;1;17;1
202200037904;746 407;37;0;2;3;1;0
202200037904;746 408;37;0;2;3;1;0
202200037905;746 406;15;0;1;1;2;1
202200037906;746 403;10;0;2;1;1;1
202200037906;746 404;7;0;2;4;1;1
202200037906;746 405;7;0;0;4;1;1
202200037907;746 401;7;0;2;1;2;1
202200037907;746 402;7;0;2;4;2;1
202200037908;746 400;1;0;0;7;14;5
202200037909;746 397;7;0;2;3;9;1
202200037909;746 398;7;0;2;2;9;1
202200037909;746 399;7;0;2;1;9;1
202200037910;746 395;1;0;2;1;1;5
202200037910;746 396;7;0;2;3;9;1
202200037911;746 394;7;0;1;1;21;6
202200037912;746 392;30;0;2;0;18;0
202200037912;746 393;50;0;2;7;16;3
202200037913;746 391;7;0;1;2;1;1
202200037914;746 386;7;14;1;3;13;1
202200037915;746 384;7;0;2;1;5;1
202200037915;746 385;10;0;2;1;1;1
202200037916;746 383;30;0;0;0;0;1
202200037917;746 382;7;6;0;1;14;1
202200037918;746 381;33;8;0;1;1;1
202200037919;746 379;99;0;2;3;26;3
202200037919;746 380;7;0;2;3;1;1
202200037920;746 377;60;0;2;8;19;5
202200037920;746 378;7;0;2;0;0;0
202200037921;746 376;2;0;1;1;17;1
202200037922;746 374;7;0;2;3;21;2
202200037922;746 375;7;0;2;2;1;1
202200037923;746 373;7;2;0;1;21;1
202200037924;746 371;10;0;2;2;16;0
202200037924;746 372;30;0;2;8;18;1
202200037925;746 369;7;0;2;2;1;1
202200037925;746 370;30;0;2;6;13;1
202200037926;746 367;7;0;2;2;2;1
202200037926;746 368;7;0;2;6;2;3
202200037927;746 365;80;0;2;1;2;3
202200037927;746 366;50;0;2;1;5;3
202200037928;746 364;10;0;1;2;1;1
202200037929;746 362;1;0;2;4;1;5
202200037929;746 363;7;0;2;2;1;1
202200037930;746 360;80;0;2;8;1;3
202200037930;746 361;7;0;2;1;1;1
202200037931;746 358;10;0;2;3;19;1
202200037931;746 359;37;0;2;1;2;1
202200037932;746 357;7;0;1;2;15;1
202200037933;746 355;31;0;2;8;1;1
202200037933;746 356;7;0;2;2;19;1
202200037934;746 353;10;0;2;7;1;1
202200037934;746 354;2;0;2;8;11;1
202200037935;746 351;7;0;2;1;1;1
202200037935;746 352;7;0;2;1;15;1
202200037936;746 349;31;0;2;1;17;1
202200037936;746 350;7;0;2;8;15;1
202200037937;746 347;1;0;2;9;1;5
202200037937;746 348;7;0;2;1;9;1
202200037938;746 345;7;0;2;8;13;1
202200037938;746 346;7;0;2;1;1;1
202200037939;746 344;7;0;1;2;1;1
202200037940;746 343;33;0;0;2;26;1
202200037941;746 341;33;0;2;1;1;1
202200037941;746 342;10;0;2;8;26;1
202200037942;746 339;15;0;2;3;16;1
202200037942;746 340;7;0;2;7;16;1
202200037943;746 337;1;0;2;1;21;0
202200037943;746 338;7;0;2;8;22;1
202200037944;746 335;7;0;2;4;23;1
202200037944;746 336;7;0;2;1;2;1
202200037945;746 334;50;8;0;1;25;3
202200037946;746 333;7;12;0;2;1;1
202200037947;746 332;7;15;0;1;1;1
202200037948;746 330;7;0;2;3;9;1
202200037948;746 331;1;0;2;4;0;5
202200037949;746 328;33;0;2;1;1;1
202200037949;746 329;10;0;2;6;2;1
202200037950;746 326;7;0;2;8;1;1
202200037950;746 327;10;0;2;1;1;1
202200037951;746 323;7;0;2;3;15;1
202200037951;746 325;1;0;2;1;1;5
202200037952;746 322;7;0;2;1;19;1
202200037952;746 324;7;0;2;6;23;1
202200037953;746 321;32;12;0;3;1;1
202200037954;746 318;7;0;2;2;1;2
202200037954;746 319;50;0;2;4;26;3
202200037955;746 317;7;0;2;4;2;1
202200037955;746 320;7;0;2;1;1;1
202200037956;746 315;2;0;2;8;16;1
202200037956;746 316;10;0;2;7;16;1
202200037957;746 314;7;8;0;1;1;2
202200037958;746 309;31;0;2;1;1;1
202200037958;746 311;7;0;2;5;23;1
202200037959;746 310;7;0;2;6;1;2
202200037959;746 312;7;0;2;3;11;1
202200037959;746 313;33;0;2;1;3;1
202200037960;746 308;7;0;1;2;1;1
202200037961;746 307;7;0;1;2;1;1
202200037962;746 306;7;0;1;2;21;1
202200037963;746 304;43;0;2;1;1;1
202200037963;746 305;7;0;2;4;23;2
202200037964;746 302;14;0;1;2;1;1
202200037965;746 299;7;0;2;5;19;1
202200037965;746 301;7;0;2;1;1;1
202200037966;746 295;7;0;2;3;2;1
202200037966;746 297;2;0;2;1;2;1
202200037967;746 296;7;0;2;1;17;1
202200037967;746 298;7;0;2;9;1;1
202200037967;746 300;10;0;2;1;1;1
202200037967;746 303;10;0;2;1;1;1
202200037968;746 293;7;0;2;1;2;1
202200037968;746 294;7;0;2;4;2;2
202200037969;746 289;7;0;2;3;1;1
202200037969;746 291;7;0;2;3;16;1
202200037970;746 286;7;0;2;1;9;1
202200037970;746 287;50;0;2;7;19;3
202200037971;746 288;7;0;2;9;9;1
202200037971;746 290;7;0;2;3;9;1
202200037971;746 292;7;0;2;5;9;1
202200037972;746 283;7;0;2;3;1;1
202200037972;746 285;7;0;2;3;1;1
202200037973;746 284;7;0;2;1;1;1
202200037974;746 279;10;0;2;4;2;1
202200037974;746 280;7;0;2;4;2;2
202200037974;746 282;10;0;2;1;2;1
202200037975;746 278;3;0;2;1;9;1
202200037975;746 281;1;0;2;7;9;5
202200037976;746 276;10;0;2;3;2;1
202200037976;746 277;7;0;2;1;2;1
202200037977;746 273;32;0;2;3;3;1
202200037977;746 275;10;0;2;2;12;1
202200037978;746 272;50;0;2;4;15;3
202200037978;746 274;0;0;2;0;0;0
202200037979;746 270;7;0;2;3;15;1
202200037979;746 271;1;0;2;1;1;5
202200037980;746 266;7;0;2;4;23;1
202200037980;746 268;43;0;2;1;2;1
202200037981;746 267;7;0;2;3;9;1
202200037981;746 269;32;0;2;2;9;1
202200037982;746 264;1;0;2;3;1;5
202200037982;746 265;7;0;2;7;14;1
202200037983;746 261;7;0;2;3;9;1
202200037983;746 263;30;0;2;2;17;1
202200037984;746 260;10;0;2;1;15;1
202200037984;746 262;50;0;2;1;7;3
202200037985;746 258;1;0;1;1;7;5
202200037986;746 257;7;0;2;4;2;1
202200037986;746 259;3;0;2;1;2;1
202200037987;746 255;7;0;2;2;1;2
202200037987;746 256;50;0;2;1;1;3
202200037988;746 254;7;0;1;2;9;1
202200037989;746 252;30;0;2;2;1;3
202200037989;746 253;10;0;2;3;23;1
202200037990;746 250;30;0;0;1;17;1
202200037991;746 251;7;0;1;2;1;1
202200037992;746 248;80;0;2;1;1;3
202200037992;746 249;10;0;2;3;22;1
202200037993;746 245;7;0;2;6;15;1
202200037993;746 246;33;0;2;1;17;1
202200037994;746 244;7;0;2;0;9;1
202200037994;746 247;7;0;2;0;0;2
202200037995;746 243;32;0;0;1;1;1
202200037996;746 239;7;0;2;3;15;1
202200037996;746 241;33;0;2;1;1;1
202200037997;746 240;7;0;2;4;2;1
202200037997;746 242;7;0;2;1;2;3
202200037998;746 237;7;12;2;8;0;1
202200037998;746 238;7;12;2;3;26;1
202200037999;746 236;37;0;1;2;1;1
202200038000;746 234;7;0;2;1;1;1
202200038000;746 235;7;0;2;7;1;1
202200038001;746 232;31;0;2;3;1;1
202200038001;746 233;7;0;2;5;10;1
202200038002;746 230;7;0;0;3;15;1
202200038002;746 231;7;0;0;7;1;1
202200038003;746 229;0;0;0;0;0;0
202200038004;746 227;7;0;2;6;1;1
202200038004;746 228;7;0;2;2;17;1
202200038005;746 226;10;0;1;3;1;1
202200038006;746 223;7;2;0;1;1;1
202200038006;746 225;10;0;2;2;15;1
202200038007;746 224;7;0;1;2;16;1
202200038008;746 222;1;14;0;1;13;5
202200038009;746 219;2;0;2;1;9;3
202200038009;746 221;7;0;2;3;9;1
202200038010;746 218;32;0;2;3;14;1
202200038010;746 220;10;0;0;5;1;1
202200038011;746 216;7;0;1;2;15;1
202200038012;746 215;10;0;2;6;23;1
202200038012;746 217;2;0;2;3;1;1
202200038013;746 214;7;0;1;2;1;1
202200038014;746 212;7;0;9;2;2;1
202200038014;746 213;1;0;2;4;2;5
202200038015;746 210;31;0;2;1;1;1
202200038015;746 211;7;0;2;1;1;1
202200038016;746 207;7;0;2;1;13;1
202200038016;746 209;17;0;2;3;1;1
202200038017;746 206;7;0;2;4;1;1
202200038017;746 208;31;0;2;1;1;1
202200038018;746 203;7;0;2;4;2;1
202200038018;746 205;7;0;2;1;2;0
202200038019;746 202;7;0;2;1;0;1
202200038019;746 204;7;0;2;0;0;1
202200038020;746 198;7;0;2;3;1;1
202200038020;746 200;2;0;2;1;13;1
202200038021;746 197;33;13;0;1;1;1
202200038022;746 196;7;1;0;1;1;1
202200038023;746 194;7;0;2;1;1;1
202200038023;746 195;7;0;0;7;1;1
202200038024;746 192;10;0;2;1;11;1
202200038024;746 193;10;0;2;1;1;1
202200038025;746 187;7;0;2;3;19;1
202200038025;746 189;7;0;2;3;1;1
202200038025;746 190;10;0;2;2;15;1
202200038025;746 191;7;0;2;1;1;1
202200038026;746 184;7;0;1;2;1;1
202200038027;746 183;7;0;2;1;1;1
202200038027;746 185;7;0;2;4;1;1
202200038028;746 182;10;13;0;1;1;1
202200038029;746 180;7;0;2;8;23;2
202200038030;746 179;7;0;2;1;19;1
202200038030;746 181;7;0;2;1;0;1
202200038031;746 178;14;0;1;2;2;1
202200038032;746 177;7;2;0;1;1;0
202200038033;746 176;7;2;0;2;14;1
202200038034;746 174;7;2;0;0;1;1
202200038035;746 173;80;0;2;4;15;3
202200038035;746 175;7;0;2;3;15;1
202200038036;746 171;7;0;2;1;17;1
202200038036;746 172;7;0;2;1;1;1
202200038037;746 169;7;0;2;8;15;1
202200038037;746 170;30;0;2;1;2;1
202200038038;746 167;7;0;2;8;15;1
202200038038;746 168;33;0;2;1;1;1
202200038039;746 165;7;0;2;3;15;1
202200038039;746 166;31;0;2;1;17;1
202200038040;746 164;7;3;0;4;1;1
202200038041;746 162;7;13;0;0;21;1
202200038042;746 163;10;0;1;1;15;1
202200038043;746 161;7;0;0;1;0;1
202200038044;746 158;2;0;2;1;1;1
202200038044;746 160;7;0;2;5;15;1
202200038045;746 157;7;0;0;2;1;1
202200038045;746 159;7;0;0;3;1;1
202200038046;746 154;7;3;2;1;5;0
202200038046;746 156;7;0;2;7;0;0
202200038047;746 155;33;0;0;7;1;1
202200038048;746 152;2;8;0;2;1;1
202200038049;746 151;7;0;9;3;0;1
202200038049;746 153;1;0;2;1;0;5
202200038050;746 149;2;0;2;1;1;1
202200038050;746 150;7;13;2;3;19;1
202200038051;746 146;7;0;2;1;15;1
202200038051;746 147;7;0;2;1;1;1
202200038052;746 145;7;0;0;0;0;1
202200038052;746 148;7;0;2;3;16;1
202200038053;746 143;7;3;2;8;1;1
202200038053;746 144;7;0;2;1;1;1
202200038054;746 142;7;0;1;1;1;2
202200038055;746 141;10;0;1;1;1;1
202200038056;746 137;7;0;2;3;1;0
202200038056;746 139;7;0;2;3;1;1
202200038057;746 136;7;0;2;6;0;1
202200038057;746 138;7;0;2;4;1;1
202200038057;746 140;7;0;2;1;1;1
202200038058;746 135;33;2;0;9;1;1
202200038059;746 134;7;0;1;1;1;1
202200038060;746 132;14;3;0;8;0;1
202200038061;746 133;7;12;0;1;26;1
202200038062;746 131;7;0;1;1;1;1
202200038063;746 129;7;0;1;2;2;1
202200038064;746 127;10;3;0;1;1;1
202200038065;746 126;30;0;2;1;0;1
202200038065;746 128;7;0;2;4;0;1
202200038066;746 124;7;0;9;7;15;1
202200038066;746 125;1;0;2;1;1;5
202200038067;746 122;34;0;2;1;1;1
202200038067;746 123;7;0;2;3;15;1
202200038068;746 120;14;0;0;0;1;1
202200038069;746 119;33;0;2;2;1;1
202200038069;746 121;7;0;2;3;11;1
202200038070;746 117;7;6;0;1;1;1
202200038071;746 115;7;0;2;1;1;1
202200038071;746 118;7;0;2;2;1;1
202200038072;746 114;30;0;2;1;1;1
202200038072;746 116;7;0;2;6;1;2
202200038073;746 112;7;2;0;8;1;1
202200038074;746 111;7;8;0;4;1;1
202200038074;746 113;10;0;0;1;1;1
202200038075;746 109;7;2;0;3;1;1
202200038076;746 108;7;0;2;1;1;0
202200038076;746 110;7;0;2;1;19;1
202200038077;746 106;7;0;0;1;1;1
202200038078;746 102;7;6;0;1;0;1
202200038079;746 105;7;0;2;3;15;1
202200038079;746 107;30;0;2;8;1;1
202200038080;746 103;7;0;2;3;24;1
202200038080;746 104;7;1;2;1;1;1
202200038081;746 101;3;0;1;1;26;3
202200038082;746 099;7;0;1;1;1;1
202200038083;746 097;7;0;1;2;1;1
202200038084;746 098;7;0;2;3;13;1
202200038084;746 100;7;0;2;3;1;1
202200038085;746 096;7;13;0;8;1;1
202200038086;746 094;7;0;2;1;1;1
202200038086;746 095;7;0;2;1;13;1
202200038087;746 091;7;8;0;1;1;1
202200038088;746 090;7;0;9;4;23;1
202200038088;746 092;7;0;2;1;2;1
202200038089;746 087;7;0;1;1;1;1
202200038090;746 085;15;0;2;3;1;0
202200038090;746 086;7;0;2;3;13;1
202200038091;746 083;7;6;0;1;1;2
202200038092;746 082;7;0;2;1;2;0
202200038092;746 084;7;0;2;4;1;1
202200038093;746 081;7;0;0;9;16;1
202200038094;746 079;30;0;2;8;1;1
202200038094;746 080;7;0;2;0;0;0
202200038095;746 078;7;0;1;2;1;1
202200038096;746 077;7;0;1;1;1;1
202200038097;746 075;33;0;2;2;1;1
202200038097;746 076;7;0;2;6;16;1
202200038098;746 073;17;8;2;3;5;1
202200038098;746 074;17;0;2;3;1;1
202200038099;746 072;7;0;1;2;1;1
202200038100;746 070;7;0;2;3;15;1
202200038100;746 071;30;14;2;1;0;1
202200038101;746 066;7;0;2;3;1;1
202200038101;746 068;10;0;2;3;13;1
202200038102;746 065;7;0;2;1;12;1
202200038102;746 067;0;0;2;0;0;0
202200038102;746 069;7;0;2;4;2;1
202200038103;746 063;7;0;2;2;0;1
202200038103;746 064;2;0;2;1;13;1
202200038104;746 060;7;0;2;3;15;1
202200038104;746 062;30;0;2;1;1;1
202200038105;746 059;10;10;0;3;1;1
202200038105;746 061;7;0;2;1;1;1
202200038106;746 057;15;0;2;6;9;1
202200038106;746 058;15;0;2;2;1;1
202200038107;746 056;7;0;1;2;1;1
202200038108;746 055;7;0;1;2;1;1
202200038109;746 053;7;2;0;1;18;1
202200038110;746 052;7;0;2;1;1;1
202200038110;746 054;7;0;2;4;1;3
202200038111;746 047;7;11;0;1;1;1
202200038111;746 049;7;0;2;4;1;1
202200038111;746 050;7;0;2;1;2;1
202200038112;746 044;10;0;0;4;1;1
202200038112;746 045;7;0;2;1;2;1
202200038113;746 046;7;0;2;1;2;2
202200038113;746 048;7;0;2;4;2;1
202200038113;746 051;7;0;2;4;2;1
202200038114;746 041;7;0;2;1;17;1
202200038114;746 043;7;0;0;4;17;1
202200038115;746 040;7;0;2;4;2;1
202200038115;746 042;7;0;2;1;2;1
202200038116;746 038;2;0;2;1;5;0
202200038116;746 039;2;0;2;1;9;0
202200038117;746 036;7;0;2;3;13;1
202200038117;746 037;7;0;2;1;1;1
202200038118;746 035;7;8;0;8;1;0
202200038119;746 034;7;2;0;3;13;1
202200038120;746 032;7;0;2;7;16;1
202200038120;746 033;2;0;2;1;18;1
202200038121;746 029;33;0;2;1;1;1
202200038121;746 031;7;0;2;8;15;1
202200038122;746 028;7;15;0;3;0;1
202200038122;746 030;10;0;2;2;0;0
202200038123;746 024;7;0;2;1;1;1
202200038123;746 026;2;0;2;1;1;1
202200038124;746 025;7;0;2;1;1;1
202200038124;746 027;7;0;0;4;23;1
202200038125;746 021;10;0;2;1;13;1
202200038125;746 023;7;0;2;1;1;1
202200038126;746 020;10;0;2;1;0;1
202200038126;746 022;7;0;2;8;13;1
202200038127;746 017;7;0;2;5;1;1
202200038127;746 019;7;0;2;2;1;1
202200038128;746 016;7;0;2;3;9;1
202200038128;746 018;1;0;2;5;1;5
202200038129;746 015;10;6;0;1;1;1
202200038130;746 012;7;0;2;7;1;1
202200038130;746 014;50;0;2;1;1;3
202200038131;746 011;7;0;2;2;11;1
202200038131;746 013;2;0;2;1;1;1
202200038132;746 009;7;0;1;1;26;1
202200038133;746 008;7;0;2;3;1;1
202200038133;746 010;7;0;2;1;1;1
202200038134;746 007;7;0;1;2;1;1
202200038135;746 004;7;0;2;1;1;1
202200038135;746 005;34;0;2;1;5;1
202200038136;746 003;7;0;1;1;1;1
202200038137;746 000;7;0;1;1;16;2
202200038138;745 998;32;0;2;2;1;1
202200038138;745 999;10;0;2;8;9;1
202200038139;745 994;7;0;2;1;1;1
202200038139;745 996;1;0;2;8;19;5
202200038140;745 993;7;0;2;4;23;1
202200038140;745 995;7;0;2;1;1;1
202200038141;745 992;31;0;0;7;1;1
202200038142;745 991;7;0;1;2;1;1
202200038143;745 986;7;0;2;1;1;1
202200038143;745 987;10;0;2;6;1;1
202200038143;745 989;7;0;2;5;1;1
202200038143;745 990;7;0;2;4;1;1
202200038144;745 985;33;0;2;1;1;1
202200038144;745 988;10;0;2;2;14;1
202200038145;745 975;7;0;2;5;2;1
202200038145;745 976;7;0;2;2;2;1
202200038145;745 977;7;0;2;6;2;1
202200038145;745 979;7;0;2;4;2;1
202200038145;745 980;7;0;2;4;2;1
202200038145;745 982;7;0;2;1;21;1
202200038145;745 983;7;0;2;5;2;1
202200038145;745 984;7;0;2;1;21;1
202200038146;745 978;1;0;2;4;1;5
202200038146;745 981;7;0;2;2;1;1
202200038147;745 974;33;0;0;7;3;1
202200038148;745 972;33;0;0;4;2;1
202200038148;745 973;7;0;2;1;2;1
202200038149;745 970;17;0;2;8;2;1
202200038149;745 971;7;0;2;1;2;1
202200038150;745 969;7;3;0;1;15;1
202200038151;745 967;7;0;2;4;1;1
202200038151;745 968;31;0;2;1;1;1
202200038152;745 964;10;0;2;4;23;1
202200038152;745 965;7;0;2;1;1;1
202200038153;745 962;7;0;2;4;24;1
202200038153;745 963;7;0;2;1;2;1
202200038154;745 959;7;0;1;1;26;1
202200038155;745 960;7;0;2;4;15;1
202200038155;745 961;38;4;2;1;1;6
202200038155;745 966;10;0;2;1;1;1
202200038156;745 956;32;0;2;1;1;1
202200038156;745 958;10;0;2;1;15;1
202200038157;745 955;33;0;2;1;13;1
202200038157;745 957;7;0;2;1;1;1
202200038158;745 954;7;0;1;1;1;0
202200038159;745 951;7;3;2;1;17;1
202200038159;745 953;7;0;2;3;1;2
202200038160;745 950;7;0;2;1;1;1
202200038160;745 952;7;0;2;2;13;1
202200038161;745 947;7;0;2;1;13;1
202200038161;745 948;7;0;2;3;1;1
202200038161;745 949;7;0;2;1;1;1
202200038162;745 946;7;6;0;1;1;1
202200038163;745 944;7;1;9;2;14;1
202200038164;745 943;7;0;2;1;1;1
202200038164;745 945;50;0;2;7;19;3
202200038165;745 940;2;0;2;1;2;1
202200038165;745 942;7;0;2;8;15;1
202200038166;745 939;50;0;0;8;0;3
202200038166;745 941;0;0;9;1;0;0
202200038167;745 938;33;12;0;6;15;1
202200038168;745 935;7;0;2;3;1;1
202200038168;745 937;33;13;2;1;1;1
202200038169;745 934;7;0;2;4;23;1
202200038169;745 936;7;0;2;1;2;1
202200038170;745 933;7;0;0;1;1;1
202200038171;745 932;7;0;1;2;1;1
202200038172;745 929;7;0;2;3;24;1
202200038172;745 930;7;0;2;2;2;1
202200038173;745 928;7;0;2;5;1;1
202200038173;745 931;60;0;2;5;1;5
202200038174;745 926;10;12;0;2;26;1
202200038175;745 925;10;0;2;4;25;1
202200038175;745 927;1;0;2;8;2;5
202200038176;745 922;7;0;2;1;2;1
202200038176;745 924;7;0;2;6;15;1
202200038177;745 921;7;0;2;6;9;1
202200038177;745 923;7;0;2;2;1;1
202200038178;745 919;10;0;1;1;16;1
202200038179;745 918;7;0;2;3;1;1
202200038179;745 920;7;0;2;3;1;1
202200038180;745 915;33;0;2;1;1;1
202200038180;745 917;7;0;2;1;15;1
202200038181;745 914;7;0;2;3;1;1
202200038181;745 916;7;0;2;5;15;1
202200038182;745 913;30;16;0;1;1;1
202200038183;745 911;7;0;1;2;1;1
202200038184;745 910;10;0;2;4;23;1
202200038184;745 912;7;1;0;1;24;1
202200038185;745 905;30;0;0;0;1;1
202200038186;745 903;7;0;2;8;1;1
202200038186;745 904;7;0;2;8;1;1
202200038186;745 906;7;0;2;6;1;1
202200038186;745 907;3;12;2;1;26;1
202200038187;745 902;7;0;1;1;9;1
202200038188;745 898;7;0;2;2;13;1
202200038188;745 900;7;3;2;3;1;2
202200038189;745 899;7;0;2;3;15;1
202200038189;745 901;33;0;2;1;2;1
202200038190;745 896;7;13;0;3;1;1
202200038191;745 895;1;0;2;1;1;5
202200038191;745 897;7;0;2;8;9;1
202200038192;745 894;33;0;0;9;1;1
202200038193;745 893;7;1;0;1;14;1
202200038194;745 892;33;2;0;1;0;1
202200038195;745 891;13;0;1;1;16;1
202200038196;745 890;38;0;1;1;1;1
202200038197;745 887;43;0;2;1;17;1
202200038197;745 889;32;0;2;1;1;0
202200038198;745 886;33;0;2;2;3;1
202200038198;745 888;7;0;2;3;11;1
202200038199;745 884;7;0;2;4;1;1
202200038199;745 885;33;0;2;1;2;1
202200038200;745 882;32;0;2;1;15;1
202200038200;745 883;1;0;2;8;19;5
202200038201;745 879;7;0;2;1;13;1
202200038201;745 881;7;0;2;1;0;1
202200038202;745 876;10;0;2;1;1;1
202200038202;745 878;7;0;2;1;1;2
202200038202;745 880;7;0;2;4;1;1
202200038203;745 875;2;0;2;1;1;1
202200038203;745 877;7;0;2;3;15;1
202200038204;745 869;7;0;2;3;1;1
202200038204;745 871;7;5;2;2;19;1
202200038205;745 868;7;0;1;3;14;1
202200038206;745 864;7;0;2;4;2;1
202200038206;745 865;7;0;2;4;2;1
202200038206;745 867;7;0;2;1;2;1
202200038207;745 863;7;0;2;5;5;1
202200038207;745 866;43;0;2;3;15;1
202200038208;745 861;30;0;2;8;18;1
202200038208;745 862;7;0;2;5;23;2
202200038209;745 858;10;0;2;4;23;1
202200038209;745 859;7;0;2;4;23;2
202200038209;745 860;30;0;2;1;18;3
202200038210;745 857;7;11;0;1;13;1
202200038211;745 854;1;0;2;1;2;0
202200038211;745 856;50;0;2;4;2;3
202200038212;745 853;2;0;2;4;10;1
202200038212;745 855;43;0;2;1;1;1
202200038213;745 850;7;0;2;3;15;1
202200038213;745 852;33;0;2;1;7;1
202200038214;745 851;7;0;1;1;1;0
202200038215;745 848;7;0;1;4;4;2
202200038216;745 849;30;0;0;0;21;3
202200038217;745 844;7;0;2;8;15;1
202200038217;745 846;31;0;2;1;1;1
202200038218;745 845;2;0;2;2;9;1
202200038218;745 847;7;0;2;1;1;1
202200038219;745 841;7;0;2;2;22;3
202200038219;745 843;1;0;2;1;18;5
202200038220;745 840;32;0;2;1;1;1
202200038220;745 842;7;0;2;5;15;1
202200038221;745 838;7;0;2;3;15;1
202200038221;745 839;1;0;2;1;1;5
202200038222;745 835;13;0;2;2;2;1
202200038222;745 836;7;0;2;5;11;1
202200038222;745 837;33;0;2;2;3;1
202200038223;745 833;50;0;2;0;0;3
202200038223;745 834;7;0;2;0;1;0
202200038224;745 830;34;0;2;3;1;1
202200038224;745 832;7;0;2;2;16;1
202200038225;745 829;7;0;2;1;1;1
202200038225;745 831;7;0;2;0;1;1
202200038226;745 827;32;1;0;0;9;1
202200038227;745 828;7;4;0;9;1;1
202200038228;745 824;7;0;2;0;0;1
202200038228;745 826;7;0;2;8;0;1
202200038229;745 823;33;0;2;3;1;1
202200038229;745 825;13;0;2;5;17;1
202200038230;745 820;7;0;2;1;1;2
202200038230;745 822;7;0;2;8;10;1
202200038231;745 819;33;0;2;6;15;1
202200038231;745 821;10;0;2;3;1;1
202200038232;745 818;7;0;1;2;1;1
202200038233;745 816;7;0;2;2;1;1
202200038233;745 817;33;0;2;3;13;1
202200038234;745 814;7;0;2;1;13;1
202200038234;745 815;7;0;2;1;1;1
202200038235;745 812;32;0;2;4;1;1
202200038235;745 813;1;0;0;0;0;5
202200038236;745 811;15;3;0;3;1;1
202200038237;745 809;7;13;0;1;14;1
202200038238;745 808;7;0;2;1;11;1
202200038238;745 810;30;0;2;1;1;1
202200038239;745 807;2;7;0;1;26;1
202200038240;745 804;32;0;2;1;1;1
202200038240;745 806;7;0;2;3;15;1
202200038241;745 803;7;0;2;1;1;1
202200038241;745 805;7;0;2;1;13;1
202200038242;745 802;33;0;0;0;1;1
202200038243;745 801;7;2;0;2;1;1
202200038244;745 799;1;6;0;1;1;5