Num_Acc;id_vehicule;categorie_vehicule;obstacle_fixe;obstacle_mobile;point_choc_initial;manoeuvre_principale;motorisation
202200038245;745 798;10;0;2;8;1;1
202200038245;745 800;32;0;2;7;17;1
202200038246;745 796;7;0;2;2;17;1
202200038246;745 797;80;0;2;8;15;3
202200038247;745 794;7;0;2;2;1;1
202200038247;745 795;10;0;2;5;15;1
202200038248;745 791;31;0;2;1;2;1
202200038248;745 792;2;0;2;4;17;1
202200038249;745 790;7;3;2;1;1;1
202200038249;745 793;7;0;2;1;15;1
202200038250;745 789;7;0;1;1;15;1
202200038251;745 787;21;0;1;1;1;1
202200038252;745 785;7;12;0;1;0;1
202200038253;745 784;7;0;0;1;1;1
202200038253;745 786;7;0;9;1;0;1
202200038253;745 788;13;0;0;4;0;1
202200038254;745 781;7;0;1;2;2;1
202200038255;745 779;7;0;2;8;19;1
202200038255;745 783;33;0;2;1;1;0
202200038256;745 780;99;0;2;7;0;0
202200038256;745 782;10;0;9;1;0;0
202200038257;745 775;1;0;0;0;0;5
202200038257;745 778;30;12;0;0;26;0
202200038258;745 773;7;0;2;1;1;2
202200038258;745 776;7;13;2;7;15;1
202200038259;745 771;1;0;0;8;26;5
202200038260;745 769;7;0;2;3;1;1
202200038260;745 772;7;0;2;3;1;1
202200038260;745 774;7;0;2;1;1;1
202200038260;745 777;7;0;2;3;13;1
202200038261;745 768;3;0;2;3;13;1
202200038261;745 770;7;13;2;8;1;1
202200038262;745 767;10;0;0;0;0;0
202200038263;745 761;99;0;2;3;9;1
202200038263;745 765;33;0;2;2;1;1
202200038264;745 760;7;0;2;3;1;1
202200038264;745 762;7;0;2;8;1;1
202200038264;745 766;7;0;2;9;1;1
202200038265;745 759;2;13;0;7;1;1
202200038266;745 758;7;6;0;1;2;1
202200038267;745 757;7;2;0;9;1;1
202200038268;745 756;7;2;0;2;14;1
202200038269;745 755;7;0;1;1;26;1
202200038270;745 754;32;8;0;1;1;1
202200038271;745 753;33;5;0;1;1;1
202200038272;745 752;2;16;0;8;15;1
202200038273;745 750;7;0;0;2;1;1
202200038274;745 749;7;0;2;1;2;1
202200038274;745 751;17;0;2;6;2;1
202200038275;745 747;7;0;1;3;1;1
202200038276;745 744;7;0;2;1;1;1
202200038276;745 746;2;0;2;4;1;1
202200038277;745 743;7;13;0;2;1;1
202200038278;745 742;31;0;2;1;1;1
202200038278;745 745;7;0;2;2;18;1
202200038279;745 739;15;0;2;3;21;1
202200038279;745 741;7;0;2;1;26;1
202200038280;745 737;2;16;0;1;1;1
202200038281;745 735;7;2;0;8;0;1
202200038282;745 734;7;0;0;1;24;1
202200038282;745 736;7;1;0;1;0;1
202200038283;745 733;7;0;1;7;0;1
202200038284;745 732;7;2;0;0;13;1
202200038285;745 729;7;0;2;1;17;1
202200038285;745 731;7;0;0;3;15;1
202200038286;745 725;7;0;2;1;1;1
202200038286;745 726;7;0;2;4;23;1
202200038286;745 727;7;0;2;4;23;1
202200038287;745 721;2;0;0;8;1;1
202200038288;745 720;33;0;2;1;1;1
202200038288;745 723;7;0;2;1;15;1
202200038289;745 722;7;0;2;1;21;1
202200038289;745 724;7;0;2;1;1;1
202200038290;745 717;7;0;2;1;11;1
202200038290;745 718;13;0;2;3;1;1
202200038291;745 719;7;6;0;1;1;1
202200038292;745 715;7;0;0;1;1;1
202200038293;745 714;33;0;2;1;17;1
202200038293;745 716;7;0;2;3;19;1
202200038294;745 713;7;0;1;2;1;1
202200038295;745 712;7;13;0;0;14;1
202200038296;745 709;7;0;2;3;1;1
202200038296;745 711;1;0;2;8;19;5
202200038297;745 708;7;7;2;5;19;1
202200038297;745 710;7;0;2;2;1;1
202200038298;745 707;7;6;0;2;1;1
202200038299;745 706;33;0;0;1;0;0
202200038300;745 704;10;0;2;2;1;1
202200038300;745 705;7;0;2;3;9;1
202200038301;745 701;7;2;0;7;1;0
202200038302;745 702;10;0;2;3;13;1
202200038302;745 703;7;0;2;3;1;2
202200038303;745 700;7;0;1;1;1;1
202200038304;745 699;14;0;1;6;13;1
202200038305;745 694;80;0;2;2;1;3
202200038305;745 696;7;0;9;3;9;1
202200038306;745 692;7;0;2;5;17;1
202200038306;745 697;36;0;2;3;15;1
202200038307;745 690;10;8;0;8;1;1
202200038308;745 691;7;0;2;1;17;1
202200038308;745 693;7;0;2;1;1;1
202200038308;745 695;7;0;0;0;1;1
202200038308;745 698;7;1;0;0;1;1
202200038309;745 689;7;0;1;5;4;1
202200038310;745 687;10;0;1;1;19;1
202200038311;745 686;7;0;2;1;1;1
202200038311;745 688;7;0;2;1;13;1
202200038312;745 683;7;0;2;3;15;1
202200038312;745 685;14;0;2;7;1;1
202200038313;745 682;17;0;1;2;1;1
202200038314;745 681;38;0;2;4;1;1
202200038314;745 684;38;0;2;1;1;1
202200038315;745 680;7;2;0;7;1;1
202200038316;745 679;17;3;0;7;1;1
202200038317;745 676;7;0;2;3;1;1
202200038317;745 678;7;0;2;3;5;1
202200038318;745 675;7;0;2;1;1;1
202200038318;745 677;7;0;2;4;1;1
202200038319;745 673;38;0;0;8;1;1
202200038320;745 671;10;0;2;3;1;1
202200038320;745 674;7;0;2;2;17;1
202200038321;745 670;7;0;0;0;1;1
202200038321;745 672;7;9;2;8;0;1
202200038322;745 669;7;15;0;1;14;1
202200038323;745 668;33;0;0;7;17;1
202200038324;745 666;7;6;0;1;1;1
202200038325;745 664;10;0;2;1;1;1
202200038325;745 667;7;0;2;1;1;1
202200038326;745 663;10;2;0;1;26;1
202200038327;745 658;7;0;2;8;26;1
202200038327;745 661;7;0;2;1;1;1
202200038328;745 660;7;0;2;4;2;2
202200038328;745 662;7;0;2;1;2;1
202200038328;745 665;7;0;2;4;2;1
202200038329;745 657;7;0;2;6;21;1
202200038329;745 659;7;2;2;3;1;1
202200038330;745 655;33;7;0;0;2;1
202200038331;745 654;7;0;2;1;13;1
202200038331;745 656;10;0;2;1;1;1
202200038332;745 653;7;8;0;9;12;0
202200038333;745 652;7;0;0;9;1;1
202200038334;745 649;2;0;2;2;16;1
202200038334;745 651;7;0;2;3;15;1
202200038335;745 647;1;0;0;4;1;5
202200038335;745 650;7;0;9;2;1;1
202200038336;745 646;7;0;2;3;13;1
202200038336;745 648;2;0;2;1;1;1
202200038337;745 644;10;0;2;3;13;1
202200038337;745 645;30;0;2;1;1;1
202200038338;745 642;7;0;1;2;2;1
202200038339;745 638;33;6;0;8;1;1
202200038340;745 639;7;0;2;3;1;1
202200038340;745 641;1;0;2;1;21;5
202200038340;745 643;7;0;0;0;9;1
202200038341;745 632;33;0;0;3;1;1
202200038341;745 635;7;0;2;3;15;1
202200038342;745 634;33;13;0;1;1;1
202200038343;745 625;7;4;2;2;2;3
202200038343;745 629;7;0;2;3;10;1
202200038344;745 624;10;0;2;3;1;1
202200038344;745 628;7;0;2;3;13;1
202200038345;745 619;7;0;0;3;2;1
202200038346;745 617;7;0;2;3;1;1
202200038346;745 620;7;0;2;1;15;1
202200038347;745 615;33;0;0;9;1;1
202200038348;745 613;7;17;0;1;21;1
202200038349;745 608;7;0;1;4;4;1
202200038350;745 605;33;0;2;2;19;1
202200038350;745 610;7;0;2;3;1;1
202200038351;745 600;7;0;2;1;1;1
202200038351;745 603;7;0;2;1;5;1
202200038352;745 597;7;0;0;0;1;1
202200038353;745 596;15;0;0;8;23;1
202200038353;745 598;7;0;0;5;24;2
202200038353;745 599;10;1;0;1;1;1
202200038353;745 601;10;1;0;0;1;1
202200038353;745 602;14;0;2;1;1;1
202200038353;745 604;7;3;0;8;1;1
202200038353;745 606;17;0;0;6;1;1
202200038353;745 607;7;1;0;2;1;1
202200038353;745 609;17;1;0;2;1;1
202200038353;745 611;17;0;0;4;1;1
202200038353;745 612;10;1;0;5;1;1
202200038353;745 614;7;1;0;1;1;1
202200038353;745 616;7;1;0;2;1;1
202200038353;745 618;17;1;0;1;1;1
202200038353;745 621;17;1;0;2;1;1
202200038353;745 622;17;0;2;2;1;1
202200038353;745 623;7;0;2;6;2;1
202200038353;745 626;7;5;0;0;1;1
202200038353;745 627;10;0;0;7;1;1
202200038353;745 630;7;1;0;1;1;1
202200038353;745 631;17;0;0;4;1;1
202200038353;745 633;7;1;0;1;1;1
202200038353;745 636;14;0;0;4;1;1
202200038353;745 637;7;0;0;4;1;1
202200038353;745 640;7;1;0;1;1;1
202200038354;745 592;7;0;2;3;5;1
202200038354;745 595;7;0;2;1;1;1
202200038355;745 590;7;0;2;4;2;1
202200038355;745 593;7;0;2;4;2;1
202200038355;745 594;7;0;2;1;2;1
202200038356;745 586;7;4;0;1;17;1
202200038357;745 588;50;0;0;0;1;3
202200038358;745 585;7;0;2;1;2;1
202200038358;745 587;7;0;0;4;1;1
202200038358;745 589;7;0;2;1;0;1
202200038358;745 591;7;0;2;0;0;1
202200038359;745 583;33;7;0;3;0;1
202200038360;745 581;7;0;2;6;1;1
202200038360;745 584;7;0;2;2;14;1
202200038361;745 580;7;0;0;3;1;1
202200038361;745 582;31;0;0;1;5;1
202200038362;745 578;7;0;1;2;1;1
202200038363;745 575;7;0;2;3;1;1
202200038363;745 577;14;0;2;3;1;6
202200038364;745 570;10;0;2;1;1;1
202200038364;745 573;15;0;2;9;2;1
202200038364;745 574;7;0;2;2;2;1
202200038364;745 576;7;0;2;9;2;1
202200038364;745 579;15;0;2;4;2;1
202200038365;745 569;7;3;2;4;2;1
202200038365;745 572;10;0;2;1;2;1
202200038366;745 567;7;0;2;1;1;1
202200038366;745 571;7;0;2;1;13;1
202200038367;745 566;7;0;1;2;1;1
202200038368;745 563;10;8;0;1;1;1
202200038369;745 560;7;0;2;4;14;1
202200038369;745 562;17;0;2;1;1;1
202200038369;745 564;7;0;2;1;1;2
202200038369;745 565;7;0;2;1;1;1
202200038369;745 568;7;0;9;1;1;1
202200038370;745 559;7;0;2;8;10;1
202200038370;745 561;10;0;2;1;1;1
202200038371;745 557;7;4;0;3;2;1
202200038372;745 556;7;0;2;1;13;1
202200038372;745 558;7;0;2;1;1;1
202200038373;745 553;7;0;2;2;12;1
202200038373;745 555;7;0;2;6;1;1
202200038374;745 554;7;8;0;3;1;1
202200038375;745 550;7;3;0;2;9;1
202200038376;745 548;7;0;2;3;13;0
202200038376;745 552;2;0;2;3;16;1
202200038377;745 547;7;0;2;1;2;1
202200038377;745 549;7;0;2;4;2;1
202200038377;745 551;7;0;0;4;1;1
202200038378;745 546;7;4;0;7;14;1
202200038379;745 540;7;0;2;3;11;1
202200038379;745 544;7;0;2;2;17;1
202200038380;745 538;33;0;2;4;1;1
202200038380;745 539;7;0;2;7;22;1
202200038380;745 541;33;1;2;1;1;1
202200038380;745 542;33;0;2;4;2;1
202200038381;745 537;7;0;1;3;1;1
202200038382;745 533;7;3;2;1;1;1
202200038382;745 535;7;3;2;4;2;1
202200038383;745 534;7;0;2;6;11;1
202200038383;745 536;33;0;2;1;1;1
202200038384;745 531;7;0;2;1;13;1
202200038384;745 532;7;3;2;1;1;1
202200038385;745 529;33;4;2;8;26;1
202200038386;745 528;33;0;2;1;14;1
202200038386;745 530;7;0;2;4;0;1
202200038387;745 526;7;0;2;3;9;1
202200038387;745 527;33;0;2;1;1;1
202200038388;745 524;7;4;2;1;1;1
202200038388;745 525;7;0;2;3;1;1
202200038389;745 522;7;0;0;7;14;1
202200038390;745 523;7;2;0;1;13;1
202200038391;745 518;7;0;1;2;1;2
202200038392;745 515;7;0;2;1;2;1
202200038392;745 517;7;0;2;4;2;1
202200038392;745 519;7;0;2;4;2;1
202200038392;745 520;7;0;2;4;2;1
202200038393;745 516;7;2;0;8;14;1
202200038394;745 511;7;8;0;8;14;1
202200038395;745 508;7;0;2;5;23;1
202200038395;745 510;7;0;2;3;1;1
202200038395;745 512;7;0;2;3;21;1
202200038396;745 507;7;0;2;2;15;1
202200038396;745 509;7;0;2;2;1;1
202200038397;745 505;7;0;2;1;1;1
202200038397;745 506;99;0;2;1;13;0
202200038398;745 504;7;0;1;2;1;1
202200038399;745 502;10;0;2;1;19;1
202200038399;745 503;31;0;2;8;1;1
202200038400;745 501;7;3;0;1;9;1
202200038401;745 500;7;0;1;3;1;1
202200038402;745 497;7;0;2;1;1;1
202200038402;745 499;10;0;2;3;19;1
202200038403;745 496;7;0;1;3;17;1
202200038404;745 495;7;0;2;8;1;1
202200038404;745 498;7;0;2;1;9;1
202200038405;745 491;7;0;2;1;2;1
202200038405;745 493;7;0;2;6;0;1
202200038405;745 494;7;0;2;4;2;1
202200038406;745 492;7;0;1;2;1;3
202200038407;745 489;31;0;0;3;15;1
202200038408;745 488;7;0;2;0;0;1
202200038408;745 490;7;0;2;0;0;1
202200038409;745 486;7;0;2;4;2;1
202200038409;745 487;10;0;2;1;2;1
202200038410;745 483;30;0;2;1;1;1
202200038410;745 485;10;0;2;5;16;1
202200038411;745 481;50;0;2;1;1;3
202200038411;745 484;7;0;2;8;0;1
202200038412;745 477;7;0;2;7;1;1
202200038413;745 478;14;0;2;0;0;1
202200038413;745 479;7;0;2;3;1;1
202200038413;745 480;7;0;2;9;2;1
202200038413;745 482;7;0;2;4;23;1
202200038414;745 475;7;1;0;9;14;1
202200038415;745 473;7;0;2;2;12;1
202200038415;745 476;7;7;2;3;1;1
202200038416;745 472;7;0;2;1;1;1
202200038416;745 474;10;0;2;4;1;1
202200038417;745 469;50;0;2;3;25;3
202200038417;745 471;7;0;2;2;19;1
202200038418;745 468;16;0;2;2;12;0
202200038418;745 470;7;0;2;8;1;1
202200038419;745 464;7;0;2;0;19;0
202200038419;745 467;37;0;2;0;1;2
202200038420;745 463;10;0;2;3;1;1
202200038420;745 466;7;0;2;3;1;1
202200038421;745 462;17;0;2;2;21;1
202200038421;745 465;30;0;2;3;10;1
202200038422;745 458;7;0;2;0;0;1
202200038422;745 461;50;0;2;1;1;3
202200038423;745 455;7;0;2;1;9;1
202200038423;745 457;7;0;2;3;0;1
202200038423;745 460;7;0;2;8;0;1
202200038424;745 453;17;1;2;1;2;1
202200038424;745 454;15;0;2;4;2;1
202200038424;745 456;7;1;2;4;2;1
202200038424;745 459;17;1;2;4;2;1
202200038425;745 448;7;0;2;2;15;1
202200038425;745 451;14;0;2;3;2;1
202200038426;745 450;7;0;2;1;5;1
202200038426;745 452;7;0;2;1;1;1
202200038427;745 447;7;4;0;3;1;1
202200038427;745 449;7;4;0;5;14;1
202200038428;745 445;7;1;0;1;14;1
202200038429;745 443;7;0;2;1;1;1
202200038429;745 446;7;0;2;1;5;1
202200038430;745 440;30;0;0;8;1;1
202200038431;745 439;7;0;2;1;0;1
202200038431;745 441;7;0;2;4;0;1
202200038431;745 442;17;0;2;1;1;1
202200038431;745 444;17;0;2;1;1;1
202200038432;745 435;10;0;2;1;2;1
202200038432;745 437;10;14;0;4;2;1
202200038433;745 434;7;0;2;3;9;1
202200038433;745 436;2;0;2;1;1;1
202200038434;745 433;7;0;2;5;17;1
202200038434;745 438;7;0;2;3;15;3
202200038435;745 431;10;1;0;1;16;1
202200038436;745 430;7;4;2;1;1;1
202200038436;745 432;15;4;2;3;17;1
202200038437;745 429;7;0;1;1;1;1
202200038438;745 426;7;0;2;8;11;1
202200038438;745 428;7;0;2;2;1;1
202200038439;745 425;7;0;2;5;2;1
202200038439;745 427;10;0;2;1;2;1
202200038440;745 421;7;0;2;2;1;1
202200038440;745 424;7;0;2;3;1;1
202200038441;745 422;7;0;2;4;1;1
202200038441;745 423;7;0;2;1;2;1
202200038442;745 419;15;4;2;3;11;1
202200038442;745 420;10;0;2;1;1;1
202200038443;745 417;7;15;9;2;14;1
202200038444;745 416;80;0;2;7;1;3
202200038444;745 418;80;0;2;1;1;3
202200038445;745 415;34;0;9;1;2;1
202200038446;745 412;7;0;2;2;1;1
202200038446;745 414;7;0;2;3;26;1
202200038447;745 411;2;0;2;3;1;1
202200038447;745 413;7;0;2;7;15;1
202200038448;745 406;99;0;0;9;1;1
202200038449;745 405;7;0;2;4;23;1
202200038449;745 408;7;0;2;9;2;1
202200038449;745 409;10;0;2;9;2;1
202200038449;745 410;7;0;2;1;1;1
202200038450;745 404;7;0;2;6;1;1
202200038450;745 407;1;0;2;1;1;5
202200038451;745 403;7;0;1;1;1;
202200038452;745 400;7;0;2;8;11;1
202200038452;745 402;32;0;2;7;21;3
202200038453;745 399;7;0;2;5;1;1
202200038453;745 401;7;0;2;1;9;1
202200038454;745 395;31;0;2;1;1;1
202200038454;745 398;3;1;0;2;15;3
202200038455;745 397;7;0;1;2;15;1
202200038456;745 394;7;0;2;1;1;0
202200038456;745 396;1;0;2;1;1;5
202200038457;745 392;1;0;2;3;1;5
202200038457;745 393;7;0;2;3;15;1
202200038458;745 391;7;0;1;1;16;1
202200038459;745 389;33;14;0;1;1;1
202200038460;745 388;7;0;2;0;0;1
202200038460;745 390;3;0;2;4;2;1
202200038461;745 386;7;8;0;1;1;1
202200038462;745 385;0;0;1;1;1;0
202200038463;745 384;7;0;2;1;0;1
202200038463;745 387;7;0;2;3;23;1
202200038464;745 383;33;0;0;0;1;1
202200038465;745 382;7;0;1;2;1;1
202200038466;745 381;7;1;1;3;16;1
202200038467;745 379;33;0;2;0;0;1
202200038467;745 380;7;0;2;0;0;1
202200038468;745 377;1;0;0;0;0;5
202200038468;745 378;7;0;9;4;4;2
202200038469;745 375;10;0;2;6;15;1
202200038469;745 376;33;0;2;1;17;1
202200038470;745 373;7;0;1;3;1;1
202200038471;745 371;10;0;2;1;15;1
202200038471;745 374;34;0;2;7;1;1
202200038472;745 370;7;0;2;2;11;1
202200038472;745 372;2;0;2;1;1;1
202200038473;745 368;7;0;1;8;1;2
202200038474;745 367;1;0;0;0;1;5
202200038475;745 366;1;0;2;1;0;5
202200038475;745 369;7;0;9;3;16;1
202200038476;745 363;7;8;0;1;15;1
202200038477;745 364;7;0;2;1;0;1
202200038477;745 365;7;0;0;4;0;1
202200038478;745 360;7;0;2;5;0;1
202200038478;745 362;7;1;0;2;14;1
202200038479;745 361;7;0;1;1;1;1
202200038480;745 358;7;0;2;3;1;1
202200038480;745 359;33;0;2;3;1;1
202200038481;745 356;32;0;2;1;1;1
202200038481;745 357;7;0;2;1;15;0
202200038482;745 355;7;0;1;3;1;2
202200038483;745 354;30;12;0;0;26;1
202200038484;745 351;3;8;2;3;1;1
202200038485;745 352;7;0;2;8;15;1
202200038485;745 353;7;0;2;3;1;2
202200038486;745 348;14;0;2;8;1;1
202200038486;745 349;7;0;2;3;13;1
202200038487;745 345;10;0;2;2;1;1
202200038487;745 346;7;0;2;4;20;1
202200038488;745 343;7;13;0;2;1;1
202200038489;745 344;7;0;2;3;1;1
202200038489;745 347;7;0;2;1;0;1
202200038489;745 350;7;0;2;1;13;1
202200038490;745 341;10;0;2;1;1;1
202200038490;745 342;7;0;2;1;13;1
202200038491;745 340;31;4;0;0;0;1
202200038492;745 339;32;0;1;1;1;1
202200038493;745 338;0;0;1;7;0;0
202200038494;745 337;30;8;0;1;0;1
202200038495;745 333;32;0;2;8;2;1
202200038495;745 335;10;0;2;1;15;1
202200038496;745 334;7;0;2;7;10;1
202200038496;745 336;7;0;2;1;1;1
202200038497;745 332;1;0;0;0;26;5
202200038498;745 330;7;0;2;3;1;1
202200038498;745 331;7;13;2;3;1;1
202200038499;745 327;7;0;2;1;1;2
202200038499;745 328;10;0;2;4;23;1
202200038499;745 329;10;0;2;4;23;1
202200038500;745 325;7;0;2;5;14;1
202200038500;745 326;32;0;2;8;18;1
202200038501;745 324;33;12;0;1;1;1
202200038502;745 322;1;0;0;2;14;5
202200038502;745 323;1;0;2;1;1;5
202200038503;745 320;7;0;2;4;1;1
202200038503;745 321;7;0;2;1;1;1
202200038504;745 318;7;0;2;4;24;1
202200038504;745 319;10;0;2;1;14;1
202200038505;745 316;1;0;2;8;15;5
202200038505;745 317;7;0;2;1;1;1
202200038506;745 313;30;0;2;1;17;1
202200038506;745 315;7;0;2;3;10;2
202200038507;745 309;7;0;2;7;22;2
202200038507;745 310;30;0;2;1;18;1
202200038508;745 306;30;0;2;3;1;1
202200038508;745 307;7;0;2;2;15;1
202200038509;745 301;7;0;2;1;0;1
202200038509;745 303;7;0;2;1;1;1
202200038510;745 300;7;0;2;4;2;1
202200038510;745 302;7;0;2;4;2;3
202200038510;745 304;7;0;2;4;2;1
202200038510;745 305;7;0;2;4;2;0
202200038510;745 308;10;0;2;1;2;1
202200038511;745 298;1;0;2;8;1;5
202200038511;745 299;7;0;2;3;15;1
202200038512;745 296;1;0;0;4;0;5
202200038512;745 297;7;0;2;0;0;1
202200038513;745 293;7;0;2;1;1;2
202200038513;745 294;43;0;2;1;1;1
202200038514;745 289;7;14;0;1;0;1
202200038514;745 291;7;14;9;1;2;1
202200038515;745 287;10;0;2;1;15;1
202200038515;745 288;33;0;2;8;1;1
202200038516;745 285;7;6;0;8;1;1
202200038517;745 284;1;12;2;3;13;5
202200038518;745 281;7;13;0;3;2;1
202200038519;745 282;1;0;2;8;19;5
202200038519;745 283;7;0;2;1;16;1
202200038520;745 279;50;0;0;0;15;3
202200038521;745 280;7;0;1;2;1;1
202200038522;745 277;30;0;2;1;1;1
202200038522;745 278;7;0;2;3;17;1
202200038523;745 275;50;0;0;1;21;3
202200038524;745 274;7;3;2;2;5;1
202200038524;745 276;7;0;2;2;1;1
202200038525;745 271;7;0;2;5;2;1
202200038525;745 273;30;0;2;2;2;1
202200038526;745 272;34;0;1;1;1;1
202200038527;745 270;10;2;0;1;1;1
202200038528;745 269;31;0;0;7;21;1
202200038529;745 267;7;0;2;2;15;1
202200038529;745 268;43;0;2;1;1;1
202200038530;745 265;7;14;2;1;2;1
202200038530;745 266;7;6;0;5;2;1
202200038531;745 264;2;0;0;0;1;1
202200038532;745 262;7;13;0;0;26;1
202200038533;745 259;7;0;9;1;1;1
202200038533;745 260;7;0;2;1;1;1
202200038533;745 263;2;0;2;1;13;1
202200038534;745 258;7;0;2;3;1;1
202200038534;745 261;7;0;2;2;1;1
202200038535;745 255;2;0;2;7;17;1
202200038535;745 257;7;0;2;8;26;1
202200038536;745 253;10;0;2;3;15;0
202200038536;745 256;33;5;2;8;1;1
202200038537;745 252;7;0;2;1;0;1
202200038537;745 254;50;0;2;7;1;3
202200038538;745 250;7;6;0;1;1;1
202200038539;745 247;32;0;2;0;1;1
202200038539;745 249;7;0;2;2;1;1
202200038540;745 248;7;0;2;2;19;1
202200038540;745 251;2;0;2;1;2;1
202200038541;745 246;34;6;0;6;1;1
202200038542;745 244;2;0;0;0;1;1
202200038543;745 243;7;0;0;0;16;1
202200038543;745 245;50;1;0;0;14;3
202200038544;745 242;2;8;0;0;1;1
202200038545;745 239;7;0;1;3;1;1
202200038546;745 238;7;0;2;1;1;1
202200038546;745 241;30;0;2;8;1;1
202200038547;745 237;1;0;2;7;1;5
202200038547;745 240;7;0;2;1;1;1
202200038548;745 233;33;0;2;1;21;1
202200038548;745 236;7;0;0;2;23;1
202200038549;745 231;30;0;2;2;9;1
202200038549;745 234;1;0;2;8;1;5
202200038550;745 232;10;0;2;0;0;0
202200038550;745 235;30;1;2;0;16;1
202200038551;745 228;7;0;0;3;15;1
202200038551;745 230;33;0;2;1;17;1
202200038552;745 225;7;0;2;8;24;1
202200038552;745 226;1;1;2;1;0;0
202200038553;745 224;33;0;0;0;0;1
202200038554;745 221;7;12;0;9;13;1
202200038555;745 218;7;0;0;2;0;1
202200038555;745 219;1;13;0;4;2;5
202200038556;745 216;30;0;0;7;1;1
202200038557;745 214;7;0;2;7;1;1
202200038557;745 215;33;0;2;2;13;1
202200038558;745 213;33;0;2;1;1;1
202200038558;745 217;7;0;2;8;1;1
202200038559;745 210;10;15;0;1;14;1
202200038560;745 211;7;0;2;1;19;1
202200038560;745 212;50;0;2;1;1;3
202200038561;745 209;7;0;1;4;4;1
202200038562;745 206;7;0;0;1;1;1
202200038563;745 205;7;0;2;3;15;1
202200038563;745 208;32;0;2;1;1;1
202200038564;745 204;7;0;2;2;17;1
202200038564;745 207;7;0;0;6;1;1
202200038565;745 202;7;3;0;3;1;1
202200038566;745 203;7;13;0;3;26;1
202200038567;745 200;10;0;2;3;15;1
202200038567;745 201;33;0;2;7;17;1
202200038568;745 198;31;3;0;2;1;1
202200038569;745 197;33;0;0;4;2;1
202200038569;745 199;7;0;2;2;2;1
202200038570;745 196;10;0;1;3;15;1
202200038571;745 195;7;13;0;1;21;1
202200038572;745 194;7;0;1;1;1;1
202200038573;745 186;33;0;2;1;1;1
202200038573;745 188;33;0;2;1;13;1
202200038574;745 185;7;0;2;4;2;1
202200038574;745 187;7;0;2;1;2;1
202200038575;745 183;7;0;2;1;13;1
202200038575;745 184;7;0;2;1;1;1
202200038575;745 189;7;0;2;1;1;1
202200038576;745 180;33;8;2;8;1;1
202200038576;745 182;7;0;2;1;19;1
202200038577;745 179;7;0;2;1;15;1
202200038577;745 181;32;0;2;8;1;1
202200038578;745 177;33;0;0;8;1;1
202200038579;745 178;7;13;0;0;16;1
202200038580;745 174;17;3;0;1;14;1
202200038581;745 175;50;0;2;9;1;3
202200038581;745 176;7;0;9;3;15;1
202200038582;745 173;2;0;0;0;1;1
202200038583;745 170;10;0;2;3;15;1
202200038583;745 172;80;0;2;1;1;3
202200038584;745 171;7;0;1;3;1;1
202200038585;745 163;7;0;2;6;26;1
202200038585;745 167;7;0;2;2;1;1
202200038586;745 164;7;0;2;2;2;1
202200038586;745 166;1;0;2;4;1;5
202200038586;745 168;1;0;2;4;1;5
202200038587;745 162;33;3;0;0;0;1
202200038588;745 159;7;0;1;0;1;0
202200038589;745 158;7;0;2;1;2;1
202200038589;745 160;7;2;2;1;1;1
202200038589;745 161;7;2;2;7;1;1
202200038590;745 157;33;2;0;1;1;1
202200038591;745 155;33;12;0;0;0;1
202200038592;745 149;7;0;2;1;2;1
202200038592;745 151;7;3;2;6;2;1
202200038592;745 153;7;0;0;6;2;1
202200038593;745 150;31;0;2;3;1;0
202200038593;745 152;7;0;2;3;15;0
202200038594;745 147;1;0;2;1;1;5
202200038594;745 148;7;0;2;3;15;1
202200038595;745 146;33;13;9;1;14;1
202200038596;745 143;7;0;2;2;1;1
202200038596;745 145;7;0;2;2;9;1
202200038597;745 138;10;0;2;1;2;1
202200038597;745 141;7;0;2;4;2;1
202200038597;745 144;7;0;0;6;2;1
202200038598;745 140;33;0;2;1;1;1
202200038598;745 142;7;0;2;2;15;1
202200038599;745 137;31;0;2;1;1;1
202200038599;745 139;31;0;2;1;13;1
202200038600;745 136;7;0;6;0;1;1
202200038601;745 134;10;0;2;1;0;1
202200038601;745 135;7;4;0;4;1;1
202200038602;745 133;99;0;2;1;11;3
202200038603;745 131;33;0;2;8;1;1
202200038603;745 132;7;0;2;2;19;1
202200038604;745 129;7;8;0;1;16;1
202200038605;745 128;7;3;0;8;17;1
202200038605;745 130;33;3;0;7;17;1
202200038606;745 125;7;0;2;1;0;1
202200038606;745 127;2;0;2;1;1;1
202200038607;745 121;7;0;2;0;1;1
202200038607;745 124;7;4;2;6;11;1
202200038607;745 126;7;7;2;1;17;1
202200038608;745 122;7;0;2;3;15;1
202200038608;745 123;2;0;2;1;17;1
202200038609;745 119;7;0;2;1;1;1
202200038609;745 120;38;0;2;3;1;1
202200038610;745 114;7;0;2;1;1;1
202200038610;745 117;7;0;2;4;1;1
202200038611;745 113;7;14;0;3;0;1
202200038611;745 116;7;0;2;2;2;1
202200038611;745 118;7;4;0;3;2;1
202200038612;745 112;1;0;0;4;0;5
202200038612;745 115;0;0;9;2;0;0
202200038613;745 108;7;0;2;5;1;2
202200038613;745 111;7;0;2;3;1;1
202200038614;745 107;7;0;2;2;21;1
202200038614;745 110;7;0;2;2;13;1
202200038615;745 106;7;0;2;1;1;1
202200038615;745 109;7;6;2;7;19;1
202200038616;745 104;2;13;0;7;1;1
202200038617;745 102;7;0;2;1;1;1
202200038617;745 105;7;0;2;4;1;1
202200038618;745 101;10;0;2;3;26;1
202200038618;745 103;7;0;2;3;26;1
202200038619;745 097;10;0;2;1;0;1
202200038619;745 099;10;0;2;4;23;1
202200038619;745 100;7;0;0;4;23;1
202200038620;745 095;7;0;2;4;1;1
202200038620;745 098;7;0;2;1;2;1
202200038621;745 094;33;0;0;0;1;1