Num_Acc;id_vehicule;categorie_vehicule;obstacle_fixe;obstacle_mobile;point_choc_initial;manoeuvre_principale;motorisation
202200038622;745 092;7;1;2;1;24;1
202200038623;745 091;7;0;2;1;2;1
202200038623;745 093;7;0;0;4;2;1
202200038624;745 090;7;10;1;2;1;6
202200038625;745 089;7;13;0;9;1;1
202200038626;745 088;33;11;0;0;1;1
202200038627;745 087;30;0;1;1;21;1
202200038628;745 086;7;2;0;1;14;1
202200038629;745 085;7;2;0;1;1;1
202200038630;745 082;33;0;2;9;1;1
202200038630;745 084;10;0;2;1;1;1
202200038631;745 080;7;0;2;1;2;1
202200038631;745 083;15;0;2;4;2;1
202200038632;745 077;7;4;0;1;0;1
202200038633;745 076;30;0;2;1;2;1
202200038633;745 078;1;0;2;4;1;5
202200038634;745 075;7;2;0;0;14;1
202200038635;745 071;7;0;0;1;0;1
202200038635;745 073;1;0;0;4;0;5
202200038636;745 069;7;0;2;2;1;1
202200038636;745 074;10;0;2;1;1;1
202200038637;745 067;80;14;0;1;1;3
202200038638;745 066;7;0;1;8;1;1
202200038639;745 065;1;0;2;1;1;5
202200038639;745 068;7;0;9;1;15;1
202200038640;745 064;7;13;0;9;1;1
202200038641;745 061;1;0;2;1;5;5
202200038641;745 063;10;0;2;3;1;1
202200038642;745 060;2;0;2;1;1;1
202200038642;745 062;7;0;2;0;10;0
202200038643;745 059;33;0;6;2;1;1
202200038644;745 058;7;0;0;0;17;1
202200038645;745 057;33;13;0;0;1;1
202200038646;745 055;7;0;2;1;1;1
202200038646;745 056;7;0;2;1;1;1
202200038647;745 050;2;0;2;1;1;1
202200038647;745 051;7;13;2;1;13;1
202200038648;745 049;33;0;2;1;13;1
202200038648;745 052;7;0;2;3;1;1
202200038649;745 048;7;1;0;3;0;1
202200038650;745 044;7;0;0;6;1;1
202200038650;745 046;1;0;2;1;17;5
202200038651;745 041;1;0;2;1;1;5
202200038651;745 043;7;0;2;5;4;1
202200038652;745 038;1;0;2;0;2;5
202200038652;745 040;7;0;2;5;2;1
202200038653;745 037;10;0;2;3;1;1
202200038653;745 039;2;0;2;1;13;1
202200038654;745 035;33;0;0;0;1;1
202200038655;745 032;17;0;0;4;2;1
202200038655;745 034;3;3;2;1;2;1
202200038656;745 033;7;0;2;4;9;1
202200038656;745 036;7;0;2;4;1;0
202200038657;745 031;7;16;0;9;2;1
202200038658;745 030;7;6;0;1;13;1
202200038659;745 028;33;16;0;1;0;1
202200038660;745 026;7;0;2;8;15;2
202200038660;745 029;7;0;2;1;17;1
202200038661;745 027;33;8;0;1;0;1
202200038662;745 025;33;0;0;0;0;1
202200038663;745 022;21;0;0;6;2;1
202200038663;745 024;7;0;2;2;17;1
202200038664;745 023;7;0;1;1;20;2
202200038665;745 020;7;0;2;4;23;1
202200038665;745 021;7;0;2;1;1;1
202200038666;745 019;2;0;0;0;1;1
202200038667;745 018;1;0;5;1;1;5
202200038668;745 015;33;0;2;1;1;1
202200038668;745 017;7;0;2;8;15;1
202200038669;745 011;7;0;2;2;1;1
202200038669;745 013;7;0;2;8;16;1
202200038670;745 007;7;16;0;4;2;1
202200038670;745 008;7;16;2;1;2;0
202200038670;745 010;7;0;2;4;15;0
202200038671;745 005;7;12;0;1;0;1
202200038672;745 003;7;0;2;1;2;1
202200038672;745 004;7;0;2;1;2;1
202200038672;745 006;7;0;2;1;2;1
202200038672;745 009;7;0;2;4;1;1
202200038673;745 001;7;0;1;3;1;1
202200038674;745 000;7;0;2;3;17;1
202200038674;745 002;14;0;2;3;1;1
202200038675;744 998;7;0;2;1;2;1
202200038675;744 999;10;0;2;5;1;1
202200038676;744 996;7;0;2;8;15;1
202200038676;744 997;34;0;2;1;17;1
202200038677;744 992;7;15;2;5;6;2
202200038677;744 994;7;4;1;3;1;1
202200038678;744 993;14;0;2;5;0;1
202200038678;744 995;7;0;2;8;1;1
202200038679;744 991;7;0;1;1;1;1
202200038680;744 986;7;0;2;1;1;1
202200038680;744 989;7;0;2;8;1;1
202200038680;744 990;10;0;2;1;13;1
202200038681;744 984;7;1;2;3;1;1
202200038681;744 987;7;0;2;5;15;1
202200038682;744 985;7;0;2;1;2;1
202200038682;744 988;7;0;2;4;2;2
202200038683;744 983;7;12;0;1;13;1
202200038684;744 980;33;3;0;2;2;1
202200038685;744 979;7;0;2;1;2;1
202200038685;744 981;10;0;2;4;2;1
202200038686;744 978;30;0;2;7;1;1
202200038686;744 982;7;0;2;3;15;1
202200038687;744 976;1;4;0;1;15;5
202200038688;744 975;10;0;2;1;21;1
202200038688;744 977;7;0;2;1;13;1
202200038689;744 972;33;0;0;7;1;1
202200038690;744 970;7;0;2;6;23;1
202200038690;744 971;7;0;2;3;2;1
202200038690;744 973;10;0;2;1;0;1
202200038691;744 968;7;2;0;1;0;1
202200038692;744 969;7;0;2;3;1;1
202200038692;744 974;1;0;2;0;0;5
202200038693;744 964;34;1;1;0;17;1
202200038694;744 960;1;0;2;4;1;5
202200038694;744 961;7;0;2;2;15;1
202200038695;744 959;7;0;2;1;2;1
202200038695;744 962;10;0;2;4;1;1
202200038695;744 963;7;0;2;4;2;1
202200038695;744 967;7;0;2;6;1;1
202200038696;744 956;7;0;2;1;2;1
202200038696;744 957;7;0;2;4;2;1
202200038697;744 953;7;0;2;4;1;1
202200038697;744 954;7;0;2;1;0;0
202200038698;744 952;7;0;2;6;2;1
202200038698;744 958;7;0;2;1;2;1
202200038699;744 955;7;15;0;2;2;1
202200038700;744 949;7;0;2;2;0;1
202200038700;744 951;34;0;2;6;3;1
202200038701;744 950;30;1;0;6;14;3
202200038702;744 947;1;0;1;1;5;5
202200038703;744 945;7;0;2;1;2;1
202200038703;744 946;7;0;2;4;2;1
202200038703;744 948;10;0;2;4;2;1
202200038704;744 944;32;0;1;1;16;0
202200038705;744 942;13;0;2;1;2;1
202200038705;744 943;7;0;2;4;2;1
202200038706;744 939;50;0;2;1;1;3
202200038706;744 940;7;0;2;7;20;1
202200038707;744 938;7;0;1;0;1;1
202200038708;744 936;7;0;1;0;17;
202200038709;744 935;33;1;2;1;17;1
202200038709;744 937;7;0;2;3;10;3
202200038710;744 941;7;15;0;9;1;1
202200038711;744 933;7;0;1;1;1;1
202200038712;744 931;7;0;2;1;16;2
202200038712;744 934;1;0;2;0;1;5
202200038713;744 930;2;0;2;1;2;1
202200038713;744 932;7;0;2;3;10;1
202200038714;744 928;7;0;2;3;1;1
202200038714;744 929;7;0;2;0;0;1
202200038715;744 926;7;13;0;0;1;1
202200038716;744 927;50;0;0;0;25;3
202200038717;744 923;7;0;2;8;13;1
202200038717;744 925;31;0;2;2;17;1
202200038718;744 922;1;0;2;8;19;5
202200038718;744 924;7;0;2;2;15;1
202200038719;744 920;30;0;2;1;1;1
202200038719;744 921;7;0;2;3;1;1
202200038720;744 918;50;0;2;1;1;3
202200038720;744 919;7;0;2;2;16;1
202200038721;744 916;7;0;2;6;1;1
202200038721;744 917;7;0;2;3;1;1
202200038722;744 914;99;0;0;6;24;1
202200038722;744 915;37;1;2;2;2;1
202200038723;744 912;7;2;0;1;1;1
202200038724;744 911;31;0;2;0;2;1
202200038724;744 913;7;0;2;8;15;1
202200038725;744 909;7;0;2;1;1;1
202200038725;744 910;7;0;2;1;1;1
202200038726;744 907;32;0;2;0;1;1
202200038726;744 908;7;0;2;3;2;1
202200038727;744 904;7;0;2;3;15;1
202200038727;744 906;7;0;2;3;1;1
202200038728;744 903;14;0;2;1;1;0
202200038728;744 905;30;0;2;1;17;3
202200038729;744 901;7;0;4;0;0;1
202200038729;744 902;40;0;2;3;16;3
202200038730;744 900;33;6;9;0;1;1
202200038731;744 897;3;0;2;2;15;1
202200038731;744 899;7;0;2;1;1;1
202200038732;744 896;20;0;2;1;24;1
202200038732;744 898;7;1;0;1;1;1
202200038733;744 894;7;0;2;4;0;1
202200038733;744 895;7;0;2;1;0;1
202200038734;744 891;7;0;2;9;1;1
202200038734;744 892;7;0;2;1;1;1
202200038735;744 890;14;0;2;0;15;1
202200038735;744 893;0;0;2;0;26;0
202200038736;744 886;7;0;1;3;1;1
202200038737;744 887;7;0;2;2;2;1
202200038737;744 889;7;0;2;8;23;1
202200038738;744 885;43;8;2;7;1;1
202200038738;744 888;38;8;2;8;15;1
202200038739;744 884;32;12;0;1;13;1
202200038740;744 881;7;0;2;7;1;1
202200038740;744 883;7;0;2;1;9;1
202200038741;744 880;10;0;1;4;26;0
202200038742;744 879;7;0;1;7;0;1
202200038743;744 878;7;0;2;4;2;1
202200038743;744 882;7;0;2;1;1;1
202200038744;744 877;7;1;0;2;1;1
202200038745;744 873;30;1;2;1;1;1
202200038745;744 875;7;0;2;2;26;1
202200038746;744 874;7;0;2;6;13;1
202200038746;744 876;32;0;2;2;1;1
202200038747;744 872;7;0;1;2;16;1
202200038748;744 871;7;3;0;1;14;1
202200038749;744 869;33;13;0;1;0;1
202200038750;744 868;7;0;2;3;20;0
202200038750;744 870;33;0;2;1;17;1
202200038751;744 867;10;0;1;0;0;0
202200038752;744 863;7;0;2;2;1;1
202200038752;744 865;2;0;2;8;16;1
202200038753;744 861;7;0;2;5;1;1
202200038753;744 864;7;0;2;5;1;1
202200038753;744 866;7;0;2;3;0;1
202200038754;744 859;7;14;2;1;1;1
202200038754;744 862;7;0;2;1;13;1
202200038755;744 858;31;0;2;1;1;1
202200038755;744 860;7;0;2;1;15;1
202200038756;744 855;7;2;0;1;1;1
202200038757;744 854;7;3;0;2;13;1
202200038758;744 852;7;0;1;1;26;1
202200038759;744 850;33;0;2;8;1;1
202200038759;744 851;33;0;2;8;1;1
202200038759;744 853;7;0;2;2;21;1
202200038759;744 856;7;0;2;6;23;1
202200038759;744 857;13;0;2;2;2;1
202200038760;744 849;7;0;1;1;26;1
202200038761;744 847;7;6;0;1;0;0
202200038762;744 844;99;0;0;0;0;0
202200038763;744 843;80;0;0;1;1;3
202200038763;744 846;7;0;2;2;15;1
202200038764;744 845;7;7;0;4;23;1
202200038764;744 848;14;0;2;1;2;1
202200038765;744 839;7;0;1;8;1;1
202200038766;744 838;7;0;1;1;16;1
202200038767;744 837;30;0;2;1;17;1
202200038767;744 840;7;0;2;6;15;1
202200038768;744 834;34;0;0;7;1;1
202200038769;744 831;7;0;2;2;10;1
202200038769;744 835;32;0;2;1;2;1
202200038770;744 833;7;0;2;1;1;1
202200038770;744 836;7;0;2;2;15;1
202200038771;744 830;38;0;2;2;14;1
202200038771;744 832;50;0;2;6;1;3
202200038772;744 828;7;0;2;1;1;1
202200038772;744 829;33;0;2;1;0;1
202200038773;744 826;7;0;2;8;1;1
202200038773;744 827;7;0;2;2;1;1
202200038774;744 824;7;0;1;1;1;0
202200038775;744 820;10;0;2;4;20;1
202200038775;744 822;30;0;2;8;1;1
202200038776;744 819;7;0;2;1;2;1
202200038776;744 821;7;0;2;4;2;1
202200038776;744 825;7;0;2;4;2;2
202200038777;744 818;7;13;0;9;1;1
202200038778;744 817;7;0;2;1;1;1
202200038778;744 823;13;0;2;3;1;1
202200038779;744 815;31;0;1;1;25;1
202200038780;744 814;34;0;2;2;1;1
202200038780;744 816;7;0;2;3;20;1
202200038781;744 812;33;13;0;2;15;1
202200038782;744 811;33;14;0;1;13;1
202200038783;744 810;32;11;0;1;1;1
202200038784;744 808;7;13;0;2;1;1
202200038785;744 807;50;0;1;4;25;3
202200038786;744 806;31;0;0;1;1;1
202200038787;744 805;7;0;2;3;1;3
202200038787;744 809;7;0;2;1;9;1
202200038788;744 800;7;2;2;1;1;1
202200038788;744 804;7;0;2;8;1;1
202200038789;744 799;50;0;2;1;1;3
202200038789;744 803;7;0;9;2;9;1
202200038790;744 798;14;0;0;8;15;1
202200038790;744 801;33;0;2;1;1;1
202200038791;744 797;3;0;1;4;26;3
202200038792;744 795;7;2;0;8;1;1
202200038793;744 794;33;12;0;1;1;1
202200038794;744 793;7;0;2;1;4;0
202200038794;744 796;50;0;2;1;1;3
202200038795;744 790;33;3;0;0;17;1
202200038796;744 788;7;0;2;3;13;1
202200038796;744 789;7;0;2;3;1;1
202200038796;744 792;7;0;2;3;1;1
202200038797;744 787;2;0;2;1;15;1
202200038797;744 791;7;0;2;7;1;1
202200038798;744 786;7;15;0;3;1;1
202200038799;744 781;7;0;0;1;1;1
202200038800;744 782;7;0;2;4;23;1
202200038800;744 784;7;14;0;1;1;1
202200038801;744 780;7;0;9;3;10;1
202200038801;744 783;1;0;2;1;9;5
202200038802;744 779;7;0;2;1;2;1
202200038802;744 785;1;0;2;4;2;5
202200038803;744 775;7;0;1;1;1;1
202200038804;744 774;7;0;2;1;1;1
202200038804;744 778;7;0;2;1;13;1
202200038805;744 771;7;0;2;8;15;1
202200038805;744 772;32;0;2;1;3;1
202200038806;744 769;10;2;0;9;1;1
202200038807;744 770;7;0;2;1;1;1
202200038807;744 773;7;0;2;3;1;3
202200038807;744 776;7;0;2;3;1;1
202200038807;744 777;7;0;2;1;6;1
202200038808;744 765;7;0;0;4;23;1
202200038808;744 767;33;1;0;1;1;1
202200038809;744 766;32;0;2;2;2;1
202200038809;744 768;7;0;2;3;9;1
202200038810;744 762;2;0;2;4;1;1
202200038810;744 764;10;0;2;2;17;1
202200038811;744 760;7;0;2;3;13;1
202200038811;744 763;7;0;2;3;13;1
202200038812;744 756;7;0;9;3;1;0
202200038812;744 758;33;0;2;8;1;0
202200038813;744 754;7;0;2;2;15;2
202200038813;744 757;1;0;2;8;19;5
202200038814;744 753;7;0;2;1;1;1
202200038814;744 755;7;0;2;1;13;1
202200038815;744 751;7;0;0;4;1;1
202200038815;744 752;7;0;2;1;1;1
202200038816;744 750;10;0;1;7;1;1
202200038817;744 749;7;0;0;9;1;1
202200038818;744 747;36;2;0;1;26;1
202200038819;744 746;50;0;2;7;1;3
202200038819;744 748;7;0;2;3;9;1
202200038820;744 745;7;0;1;1;1;1
202200038821;744 740;7;0;2;3;2;1
202200038821;744 743;7;0;2;5;2;1
202200038822;744 739;32;0;2;7;6;1
202200038822;744 742;7;0;2;1;1;1
202200038823;744 741;10;0;2;8;1;1
202200038823;744 744;33;0;2;1;17;1
202200038824;744 736;7;13;0;1;0;1
202200038825;744 735;33;0;2;1;1;1
202200038825;744 738;7;0;2;3;5;1
202200038826;744 733;7;0;2;1;19;1
202200038826;744 734;7;0;2;3;1;1
202200038826;744 737;0;0;2;1;1;
202200038827;744 731;7;0;1;2;1;1
202200038828;744 730;10;0;1;2;21;1
202200038829;744 729;2;0;2;1;1;1
202200038829;744 732;7;0;2;3;15;1
202200038830;744 728;7;5;0;1;1;1
202200038831;744 726;7;0;1;2;1;1
202200038832;744 724;10;0;2;3;5;1
202200038832;744 727;1;0;2;1;16;5
202200038833;744 723;33;0;2;3;13;1
202200038833;744 725;7;0;2;3;1;1
202200038834;744 721;10;0;1;3;1;1
202200038834;744 722;10;0;1;1;1;1
202200038835;744 718;7;1;2;1;1;1
202200038835;744 720;7;1;2;1;1;1
202200038836;744 717;7;0;2;3;9;1
202200038836;744 719;1;0;2;5;1;5
202200038837;744 716;7;0;1;3;16;1
202200038838;744 714;7;0;2;8;1;1
202200038838;744 715;2;0;2;8;16;1
202200038839;744 712;10;0;1;4;4;1
202200038840;744 709;7;0;2;1;13;1
202200038840;744 711;7;0;2;1;1;1
202200038841;744 710;7;0;0;6;2;1
202200038841;744 713;1;0;2;2;2;5
202200038842;744 707;1;0;2;1;1;5
202200038842;744 708;7;0;2;3;9;3
202200038843;744 705;10;0;2;3;13;0
202200038843;744 706;10;0;2;3;1;1
202200038844;744 703;10;0;1;1;15;1
202200038845;744 702;31;0;2;1;1;1
202200038845;744 704;7;0;2;2;15;1
202200038846;744 700;32;0;2;1;19;1
202200038846;744 701;7;0;2;3;1;1
202200038847;744 697;7;0;2;2;1;1
202200038847;744 699;7;0;2;5;15;1
202200038848;744 695;10;0;2;3;9;1
202200038848;744 696;2;0;0;2;2;1
202200038849;744 694;99;0;2;1;1;0
202200038849;744 698;7;6;2;1;1;0
202200038850;744 692;7;0;2;2;2;1
202200038850;744 693;7;0;2;6;2;1
202200038851;744 690;30;1;0;1;0;1
202200038852;744 688;36;0;2;1;19;1
202200038852;744 691;7;0;2;2;19;1
202200038853;744 685;33;7;0;7;1;1
202200038854;744 684;7;0;9;2;1;1
202200038854;744 686;1;0;2;3;15;5
202200038855;744 680;7;0;2;0;13;1
202200038855;744 681;7;0;2;4;1;1
202200038855;744 683;7;0;2;1;2;1
202200038855;744 687;7;0;2;1;1;1
202200038855;744 689;7;0;2;1;1;1
202200038856;744 679;7;0;2;2;15;1
202200038856;744 682;7;13;2;7;1;1
202200038857;744 678;10;0;1;4;25;1
202200038858;744 677;30;1;0;8;14;1
202200038859;744 674;33;0;2;7;16;1
202200038859;744 676;7;0;2;7;1;1
202200038860;744 673;7;5;0;2;1;1
202200038861;744 672;7;14;2;1;14;1
202200038861;744 675;13;0;2;4;1;1
202200038862;744 670;7;0;2;1;2;1
202200038862;744 671;7;0;2;4;2;1
202200038863;744 667;7;0;2;3;15;1
202200038863;744 668;1;0;2;1;19;5
202200038864;744 665;7;0;2;3;15;1
202200038864;744 669;2;0;2;7;1;1
202200038865;744 666;0;0;1;0;0;0
202200038866;744 664;2;0;1;1;1;1
202200038867;744 661;38;0;2;3;1;0
202200038867;744 663;7;0;2;3;13;6
202200038868;744 659;7;2;0;1;13;1
202200038869;744 658;32;0;2;1;21;1
202200038869;744 660;7;0;2;5;15;1
202200038869;744 662;7;0;2;3;26;1
202200038870;744 655;7;0;1;2;0;1
202200038871;744 654;2;0;0;4;15;1
202200038871;744 656;7;0;0;1;1;1
202200038872;744 652;10;0;2;2;0;1
202200038872;744 653;7;0;2;3;0;1
202200038872;744 657;15;0;2;3;0;1
202200038873;744 650;7;0;0;0;1;1
202200038874;744 649;7;0;9;2;26;1
202200038874;744 651;50;0;2;7;26;3
202200038875;744 648;7;0;1;1;1;1
202200038876;744 645;7;0;1;1;1;1
202200038877;744 644;7;0;2;2;11;1
202200038877;744 647;7;0;2;0;0;0
202200038878;744 643;7;0;2;3;26;1
202200038878;744 646;31;0;2;7;1;1
202200038879;744 640;7;0;1;5;1;1
202200038880;744 638;10;0;2;6;2;1
202200038880;744 641;33;0;2;9;2;1
202200038881;744 639;80;0;2;3;13;3
202200038881;744 642;7;0;2;3;1;1
202200038882;744 637;7;9;0;1;1;1
202200038883;744 635;33;15;0;0;19;0
202200038884;744 634;7;0;2;4;1;1
202200038884;744 636;7;0;2;1;1;1
202200038885;744 632;7;8;0;1;1;1
202200038886;744 631;7;0;2;1;5;1
202200038886;744 633;7;0;2;1;1;1
202200038887;744 630;33;7;0;0;1;1
202200038888;744 628;7;8;0;1;13;1
202200038889;744 627;7;7;2;7;15;1
202200038889;744 629;7;0;2;1;1;1
202200038890;744 624;17;0;0;4;23;1
202200038890;744 626;10;0;2;1;0;1
202200038891;744 623;33;0;2;1;1;1
202200038891;744 625;10;0;2;8;15;1
202200038892;744 621;33;13;0;1;1;1
202200038893;744 620;7;0;2;8;15;1
202200038893;744 622;2;0;2;7;17;1
202200038894;744 619;33;2;0;2;0;1
202200038895;744 617;7;0;2;2;21;1
202200038895;744 618;7;0;2;2;13;1
202200038896;744 616;43;14;0;1;1;1
202200038897;744 612;7;0;2;2;1;1
202200038897;744 615;2;0;2;1;15;1
202200038898;744 610;14;0;2;4;1;1
202200038898;744 613;7;0;2;1;1;1
202200038899;744 611;2;1;0;1;1;1
202200038899;744 614;15;0;2;7;0;1
202200038900;744 607;1;13;0;1;1;5
202200038901;744 606;7;0;2;3;9;1
202200038901;744 608;1;0;2;0;0;5
202200038902;744 605;7;0;2;1;1;1
202200038902;744 609;7;0;0;8;15;1
202200038903;744 602;7;0;2;8;19;1
202200038903;744 604;33;0;2;1;1;0
202200038904;744 601;7;0;2;1;1;1
202200038904;744 603;7;0;2;3;15;1
202200038905;744 599;7;0;2;3;9;1
202200038905;744 600;1;0;2;1;1;5
202200038906;744 596;32;0;2;1;17;1
202200038906;744 598;7;0;2;6;15;1
202200038907;744 595;7;0;2;3;1;1
202200038907;744 597;14;0;2;2;1;1
202200038908;744 594;7;13;0;1;1;1
202200038909;744 592;7;0;2;1;15;1
202200038909;744 593;33;0;2;9;21;1
202200038910;744 591;7;13;0;0;1;1
202200038911;744 588;7;0;2;4;1;1
202200038911;744 590;10;0;2;1;2;1
202200038912;744 582;1;0;2;7;1;5
202200038912;744 584;7;0;2;2;1;1
202200038913;744 581;33;0;2;1;1;1
202200038913;744 585;7;0;2;3;15;1
202200038914;744 578;31;0;2;1;1;1
202200038914;744 579;10;0;2;2;17;1
202200038915;744 571;7;0;2;1;2;1
202200038915;744 574;7;0;2;1;2;1
202200038915;744 575;7;0;2;4;2;1
202200038915;744 577;7;0;2;4;1;1
202200038916;744 572;7;0;2;3;9;1
202200038916;744 576;1;0;2;1;1;5
202200038917;744 568;7;0;2;8;23;1
202200038917;744 570;7;0;2;3;15;1
202200038917;744 573;33;0;2;1;1;1
202200038918;744 569;3;2;0;1;1;1
202200038919;744 565;10;0;2;6;23;1
202200038919;744 566;14;1;2;6;1;1
202200038919;744 567;10;0;2;1;1;1
202200038920;744 562;50;0;2;7;19;3
202200038920;744 564;7;0;9;1;9;1
202200038921;744 561;7;0;2;4;23;1
202200038921;744 563;7;0;2;1;1;1
202200038922;744 559;10;0;2;4;2;1
202200038922;744 560;7;0;2;1;2;1
202200038923;744 555;7;0;2;4;1;1
202200038923;744 557;7;0;2;1;1;1
202200038924;744 554;10;2;5;1;21;1
202200038925;744 556;7;0;2;7;12;1
202200038925;744 558;32;0;2;8;3;1
202200038926;744 551;7;0;2;1;1;1
202200038926;744 553;7;0;2;6;23;1
202200038927;744 549;33;0;2;1;1;1
202200038927;744 552;7;0;2;2;15;1
202200038928;744 548;1;0;2;1;2;5
202200038928;744 550;60;0;2;4;2;5
202200038929;744 547;2;0;0;0;0;1
202200038930;744 546;14;4;0;1;13;1
202200038931;744 544;7;6;0;1;1;1
202200038932;744 545;1;0;1;1;16;5
202200038933;744 539;7;0;2;4;0;1
202200038933;744 541;7;0;2;1;0;1
202200038934;744 540;7;0;2;4;12;1
202200038934;744 542;7;0;2;4;1;1
202200038934;744 543;7;0;2;1;1;1
202200038935;744 538;7;11;0;1;15;1
202200038936;744 532;10;0;2;2;2;1
202200038936;744 535;7;0;2;6;2;1
202200038936;744 537;7;0;2;5;2;1
202200038937;744 530;30;0;2;3;1;3
202200038937;744 533;30;0;2;1;15;1
202200038938;744 528;7;0;0;5;14;1
202200038939;744 527;7;0;2;4;2;1
202200038939;744 529;33;0;2;1;2;1
202200038939;744 531;7;0;2;4;2;1
202200038939;744 534;34;0;2;1;2;1
202200038939;744 536;7;0;2;1;2;1
202200038940;744 526;10;6;0;1;0;1
202200038941;744 521;33;0;2;6;11;1
202200038941;744 524;32;0;2;2;3;1
202200038942;744 523;30;0;2;3;1;1
202200038942;744 525;7;0;2;2;15;1
202200038943;744 519;7;0;2;4;2;1
202200038943;744 520;7;0;2;4;2;1
202200038943;744 522;7;0;2;1;2;3
202200038944;744 517;7;0;1;1;15;1
202200038945;744 515;10;0;2;4;2;1
202200038945;744 516;32;0;2;1;2;1
202200038946;744 512;33;0;0;8;3;1
202200038947;744 513;10;0;2;1;2;1
202200038947;744 514;7;0;2;8;1;1
202200038947;744 518;10;0;2;7;1;1
202200038948;744 509;10;17;0;1;14;1
202200038949;744 508;7;0;2;3;2;1
202200038949;744 511;7;0;2;5;20;1
202200038950;744 507;7;0;2;3;11;1
202200038950;744 510;33;0;2;2;3;1
202200038951;744 502;7;0;2;4;23;1
202200038951;744 505;7;1;2;1;1;1
202200038952;744 504;32;0;2;1;2;1
202200038952;744 506;7;0;2;4;3;2
202200038953;744 503;7;0;1;1;15;1
202200038954;744 498;7;0;2;4;26;1
202200038954;744 501;7;0;2;1;26;1
202200038955;744 500;33;8;0;8;17;1
202200038956;744 499;7;0;1;1;15;1
202200038957;744 495;33;0;1;1;1;1
202200038958;744 494;7;0;0;7;0;0
202200038958;744 497;7;0;2;8;1;1
202200038959;744 491;7;0;1;2;15;1
202200038960;744 490;7;3;0;2;9;1
202200038961;744 492;30;0;2;9;3;1
202200038961;744 493;13;0;2;6;23;0
202200038961;744 496;7;0;2;5;1;0
202200038962;744 487;33;0;2;1;26;1
202200038962;744 489;7;0;9;1;19;1
202200038963;744 488;7;0;1;1;15;1
202200038964;744 485;7;0;2;0;16;1
202200038964;744 486;1;0;2;8;1;5
202200038965;744 484;37;0;2;4;1;1
202200038966;744 483;7;0;1;5;4;1
202200038967;744 482;7;9;0;1;26;1
202200038968;744 478;7;0;2;2;1;1
202200038968;744 480;1;0;2;8;1;5
202200038969;744 479;7;0;2;3;13;0
202200038969;744 481;32;0;2;5;1;1
202200038970;744 476;7;0;2;2;7;1
202200038970;744 477;50;0;2;4;7;3
202200038971;744 472;99;0;2;2;16;1
202200038971;744 474;1;0;2;3;1;5
202200038972;744 471;7;8;2;2;19;2
202200038972;744 473;7;0;2;2;23;1
202200038972;744 475;7;0;2;1;1;1
202200038973;744 467;2;13;0;1;6;1
202200038974;744 469;33;4;2;2;1;1
202200038974;744 470;10;0;2;3;11;1
202200038975;744 468;50;0;0;0;1;3
202200038976;744 463;1;0;9;4;0;5
202200038976;744 465;10;0;9;4;0;0
202200038977;744 464;10;0;2;7;1;1
202200038977;744 466;33;0;2;1;2;1
202200038978;744 461;33;0;2;1;5;0
202200038978;744 462;1;0;2;1;1;5
202200038979;744 457;1;0;1;1;1;5
202200038980;744 456;7;0;2;3;9;1
202200038980;744 459;7;0;2;3;15;1
202200038981;744 453;34;0;1;7;1;1
202200038982;744 454;7;0;2;8;13;1
202200038982;744 455;33;0;2;7;1;1
202200038983;744 451;7;0;2;6;11;1
202200038983;744 452;33;0;2;1;1;1
202200038984;744 447;7;0;2;2;1;1
202200038984;744 450;10;0;2;3;1;1
202200038985;744 445;1;0;2;7;0;5
202200038985;744 446;7;0;2;2;1;1
202200038986;744 442;2;0;2;9;16;1
202200038986;744 444;7;0;2;1;1;1
202200038987;744 441;7;0;2;3;1;1
202200038987;744 443;7;0;0;8;9;1
202200038988;744 437;7;0;2;2;1;1
202200038988;744 440;7;0;2;1;1;1
202200038989;744 434;33;0;2;7;17;1
202200038989;744 436;7;0;2;8;15;1
202200038990;744 433;33;0;2;0;10;1
202200038990;744 435;7;0;2;2;10;1
202200038991;744 429;7;0;9;2;1;1
202200038991;744 430;1;0;2;8;19;5
202200038992;744 427;38;0;1;2;1;1
202200038993;744 425;31;0;2;1;17;1
202200038993;744 426;7;0;2;8;10;2
202200038994;744 423;20;0;2;1;16;1
202200038994;744 428;50;0;2;8;1;3
202200038995;744 422;43;0;2;0;1;1
202200038995;744 424;10;0;2;1;15;1
202200038996;744 420;7;0;2;7;15;1
202200038996;744 421;2;0;2;3;1;1
202200038997;744 417;7;0;2;2;2;1
202200038997;744 418;33;0;2;4;23;1
202200038998;744 416;7;0;9;3;9;1
202200038998;744 419;50;0;2;1;1;3
202200038999;744 415;7;0;1;3;17;1
202200039000;744 410;33;0;2;7;1;3
202200039000;744 413;7;0;2;0;0;1
202200039001;744 412;7;0;2;4;1;1
202200039001;744 414;7;0;2;1;1;1
202200039002;744 409;32;0;2;3;1;1
202200039002;744 411;7;0;2;3;15;1
202200039003;744 406;7;0;1;3;16;1
202200039004;744 405;7;0;2;3;1;1
202200039004;744 408;50;0;2;1;1;3
202200039005;744 404;1;0;2;1;26;5
202200039005;744 407;10;0;2;3;26;1
202200039006;744 401;7;0;2;1;15;1
202200039006;744 403;33;0;2;3;1;1
202200039007;744 400;10;0;2;0;0;1
202200039007;744 402;7;0;0;7;1;1
202200039008;744 399;7;0;1;1;15;1
202200039009;744 397;33;0;2;1;7;1
202200039009;744 398;43;0;2;7;16;1
202200039010;744 394;30;0;2;2;12;1
202200039010;744 396;7;0;2;3;1;3
202200039011;744 393;7;0;2;2;1;1
202200039011;744 395;1;0;2;1;19;5
202200039012;744 392;7;0;1;1;1;1
202200039013;744 389;7;1;2;1;1;1
202200039013;744 391;7;1;2;4;1;1
202200039014;744 386;7;0;2;3;16;1