Num_Acc;id_vehicule;categorie_vehicule;obstacle_fixe;obstacle_mobile;point_choc_initial;manoeuvre_principale;motorisation
202200039014;744 390;50;0;2;1;1;3
202200039015;744 387;7;0;2;6;11;1
202200039015;744 388;34;0;2;1;1;1
202200039016;744 384;10;0;1;4;4;1
202200039017;744 381;32;0;2;1;1;1
202200039017;744 383;7;0;2;8;15;1
202200039018;744 382;34;0;2;1;2;1
202200039018;744 385;7;0;2;6;2;1
202200039019;744 379;7;1;0;1;26;1
202200039020;744 378;7;1;0;2;1;1
202200039021;744 377;33;0;2;7;17;1
202200039021;744 380;7;0;2;8;15;1
202200039022;744 374;2;0;2;2;17;1
202200039022;744 375;7;0;2;3;15;1
202200039023;744 373;30;0;2;3;7;1
202200039023;744 376;7;0;2;2;1;1
202200039024;744 372;33;0;1;0;1;1
202200039025;744 368;7;0;2;3;15;2
202200039025;744 371;33;0;2;1;1;1
202200039026;744 369;30;0;2;1;2;1
202200039026;744 370;7;0;2;4;2;2
202200039027;744 366;7;0;2;3;15;1
202200039027;744 367;33;0;2;1;1;1
202200039028;744 364;7;2;0;3;13;1
202200039029;744 362;10;0;2;2;26;1
202200039029;744 365;1;0;2;1;1;5
202200039030;744 361;7;0;2;2;0;1
202200039030;744 363;32;0;2;3;0;1
202200039031;744 358;10;9;0;2;15;1
202200039032;744 357;7;0;2;1;9;1
202200039032;744 360;50;0;2;2;1;3
202200039033;744 356;7;0;2;1;14;1
202200039033;744 359;14;0;2;6;0;1
202200039034;744 354;33;0;9;0;21;1
202200039035;744 352;10;0;1;3;15;1
202200039036;744 353;30;0;2;2;12;1
202200039036;744 355;7;0;2;2;1;1
202200039037;744 350;7;0;0;2;26;1
202200039037;744 351;31;0;0;0;0;1
202200039038;744 348;7;0;2;1;13;1
202200039038;744 349;7;0;2;4;1;1
202200039039;744 347;7;0;1;1;15;1
202200039040;744 346;7;0;1;1;1;1
202200039041;744 344;33;14;0;1;21;0
202200039042;744 343;1;0;2;2;11;5
202200039042;744 345;7;0;2;4;1;1
202200039043;744 341;7;0;2;4;2;2
202200039043;744 342;7;0;2;3;2;1
202200039044;744 339;7;0;1;1;1;1
202200039045;744 338;33;0;2;3;13;1
202200039045;744 340;7;0;2;3;1;1
202200039046;744 336;10;2;0;1;13;1
202200039047;744 335;1;0;2;7;1;5
202200039047;744 337;7;0;2;8;16;2
202200039048;744 333;7;0;0;6;15;1
202200039048;744 334;33;0;2;2;17;1
202200039049;744 331;7;0;1;2;1;1
202200039050;744 330;7;0;0;0;10;1
202200039050;744 332;33;0;0;8;1;1
202200039051;744 329;33;14;0;1;17;1
202200039052;744 326;7;2;0;7;14;1
202200039053;744 324;50;0;2;4;15;3
202200039053;744 328;7;0;2;2;9;0
202200039054;744 322;1;0;2;1;19;5
202200039054;744 323;7;0;2;2;1;1
202200039055;744 318;7;0;2;3;1;1
202200039055;744 320;17;0;2;3;15;1
202200039056;744 317;7;0;2;3;1;1
202200039056;744 319;7;0;2;3;1;1
202200039056;744 321;7;0;2;8;1;1
202200039057;744 316;7;0;1;1;1;1
202200039058;744 314;7;0;1;1;1;1
202200039059;744 313;7;0;1;1;16;1
202200039060;744 312;7;0;2;1;1;1
202200039060;744 315;20;0;2;8;15;1
202200039061;744 311;7;9;0;1;5;1
202200039062;744 309;10;8;0;2;2;1
202200039063;744 307;7;2;0;1;14;1
202200039064;744 308;7;2;0;1;0;1
202200039065;744 305;33;6;2;1;1;1
202200039065;744 306;7;0;2;8;20;1
202200039066;744 303;7;0;2;4;2;1
202200039066;744 304;10;0;2;1;2;1
202200039067;744 302;7;0;1;1;19;1
202200039068;744 299;14;9;2;1;1;1
202200039068;744 301;7;9;2;1;13;1
202200039069;744 297;30;0;2;1;17;1
202200039069;744 300;7;0;2;3;15;1
202200039070;744 296;33;0;2;5;1;1
202200039070;744 298;7;0;2;3;15;1
202200039071;744 295;33;1;0;7;1;1
202200039072;744 290;50;0;2;1;2;3
202200039072;744 292;7;0;2;1;9;1
202200039073;744 286;7;0;2;6;13;1
202200039073;744 288;99;0;2;2;1;1
202200039073;744 291;7;0;2;1;1;1
202200039074;744 284;7;0;2;1;0;1
202200039074;744 287;7;0;2;8;16;1
202200039075;744 279;10;0;2;3;15;1
202200039075;744 283;1;0;2;3;19;5
202200039076;744 280;7;0;2;3;10;0
202200039076;744 281;33;0;2;1;1;1
202200039077;744 278;7;0;0;8;19;1
202200039077;744 282;33;0;2;1;1;1
202200039078;744 274;7;0;2;3;1;1
202200039078;744 277;7;0;2;3;1;1
202200039079;744 275;33;2;0;2;1;1
202200039080;744 273;50;0;2;1;16;3
202200039080;744 276;7;0;2;8;0;3
202200039081;744 270;10;0;2;1;13;1
202200039081;744 271;7;0;2;1;1;1
202200039082;744 269;7;1;1;1;1;1
202200039083;744 268;7;0;2;3;23;1
202200039083;744 272;7;0;2;3;0;1
202200039084;744 266;50;8;0;1;14;3
202200039085;744 264;33;0;2;3;1;1
202200039085;744 265;14;0;2;3;15;1
202200039086;744 263;2;0;2;1;2;1
202200039086;744 267;2;0;2;4;1;1
202200039087;744 259;7;0;2;1;0;1
202200039087;744 261;7;0;2;8;1;1
202200039088;744 260;7;0;2;2;16;1
202200039088;744 262;33;0;2;1;18;1
202200039089;744 258;7;0;0;9;0;1
202200039090;744 257;7;0;1;3;16;1
202200039091;744 256;33;0;1;1;1;1
202200039092;744 254;7;2;2;3;13;1
202200039092;744 255;7;0;2;3;1;1
202200039093;744 253;17;0;9;5;1;1
202200039094;744 251;80;0;2;8;1;3
202200039094;744 252;13;0;2;2;16;1
202200039095;744 250;2;0;0;0;0;1
202200039096;744 248;7;0;2;6;1;1
202200039096;744 249;7;0;2;3;1;1
202200039097;744 247;30;0;1;0;1;0
202200039098;744 243;7;0;2;5;2;1
202200039098;744 245;33;0;2;1;3;1
202200039099;744 242;7;0;2;2;1;1
202200039099;744 246;1;0;2;1;15;5
202200039100;744 241;7;0;2;0;1;1
202200039100;744 244;10;0;2;0;5;1
202200039101;744 238;7;0;2;1;1;1
202200039101;744 240;7;0;2;7;1;1
202200039102;744 237;7;0;2;6;1;1
202200039102;744 239;7;0;2;1;16;1
202200039103;744 234;10;0;2;7;1;1
202200039103;744 236;7;0;2;1;16;1
202200039104;744 232;7;8;0;9;1;1
202200039105;744 233;2;0;2;8;1;1
202200039105;744 235;7;0;2;2;1;1
202200039106;744 227;33;0;2;1;1;1
202200039106;744 228;10;0;2;3;17;1
202200039106;744 230;7;0;2;8;1;1
202200039107;744 229;1;0;2;8;13;5
202200039107;744 231;80;0;2;7;17;3
202200039108;744 226;31;0;1;1;0;1
202200039109;744 224;7;0;1;4;4;2
202200039110;744 222;99;0;1;3;26;0
202200039111;744 223;2;0;2;1;1;1
202200039111;744 225;7;0;2;5;15;1
202200039112;744 221;7;16;0;0;1;1
202200039113;744 220;37;0;1;7;14;1
202200039114;744 217;7;14;0;4;1;1
202200039114;744 218;7;14;0;4;23;1
202200039114;744 219;7;14;0;4;23;1
202200039115;744 216;99;13;6;0;1;0
202200039116;744 215;7;0;1;1;1;1
202200039117;744 212;7;0;2;8;15;1
202200039117;744 213;31;6;2;2;17;1
202200039118;744 211;1;0;2;1;1;5
202200039118;744 214;10;0;2;7;13;1
202200039119;744 209;2;0;2;1;1;1
202200039119;744 210;7;0;2;4;1;1
202200039120;744 207;7;0;2;3;1;1
202200039120;744 208;7;0;2;1;5;1
202200039121;744 206;37;0;1;2;1;2
202200039122;744 205;7;8;0;3;1;1
202200039123;744 203;7;0;2;4;1;1
202200039123;744 204;7;0;2;1;1;1
202200039124;744 202;31;0;0;0;26;1
202200039125;744 201;10;0;1;0;1;1
202200039126;744 198;7;0;2;2;1;1
202200039126;744 200;1;0;2;1;1;5
202200039127;744 196;7;0;2;1;1;1
202200039127;744 197;7;0;2;3;1;1
202200039127;744 199;15;0;2;1;12;1
202200039128;744 194;1;0;2;7;10;5
202200039128;744 195;7;0;2;1;1;1
202200039129;744 192;33;0;2;5;0;1
202200039129;744 193;7;0;2;6;11;1
202200039130;744 191;14;0;1;8;1;1
202200039131;744 189;10;3;0;6;1;1
202200039132;744 185;1;0;2;7;1;5
202200039132;744 186;7;0;9;3;1;0
202200039133;744 183;37;0;1;1;1;1
202200039134;744 182;0;0;2;1;1;1
202200039134;744 184;10;0;2;5;1;1
202200039135;744 181;1;0;0;0;1;5
202200039136;744 180;7;0;1;0;26;0
202200039137;744 177;7;0;2;8;2;1
202200039137;744 178;7;3;2;7;2;1
202200039137;744 179;7;0;2;3;2;1
202200039138;744 175;7;13;0;2;1;1
202200039139;744 174;7;0;2;4;1;1
202200039139;744 176;7;0;2;1;2;1
202200039140;744 173;7;8;0;1;1;1
202200039141;744 172;2;11;0;1;17;1
202200039142;744 171;1;12;0;1;1;5
202200039143;744 169;30;11;0;1;17;1
202200039144;744 168;7;0;2;1;0;1
202200039144;744 170;1;0;2;8;15;5
202200039145;744 167;7;0;1;8;9;1
202200039146;744 165;7;0;2;3;1;1
202200039146;744 166;2;0;2;2;15;1
202200039147;744 163;7;0;2;3;1;1
202200039147;744 164;7;0;2;2;17;1
202200039148;744 161;7;0;2;3;15;1
202200039148;744 162;2;0;2;1;1;1
202200039149;744 160;7;0;9;3;9;1
202200039150;744 158;7;0;2;6;1;1
202200039150;744 159;7;0;2;2;1;1
202200039151;744 156;7;0;2;3;1;1
202200039151;744 157;7;0;2;5;1;1
202200039152;744 154;2;0;0;1;2;1
202200039153;744 153;33;0;2;1;1;1
202200039153;744 155;1;0;2;0;0;0
202200039154;744 150;7;1;0;2;22;1
202200039154;744 152;1;1;0;3;18;5
202200039155;744 149;33;0;2;1;1;1
202200039155;744 151;17;0;2;3;1;1
202200039156;744 145;7;0;2;4;2;2
202200039156;744 146;7;0;2;1;1;1
202200039157;744 142;7;0;2;5;2;1
202200039157;744 143;33;0;2;1;3;1
202200039157;744 144;7;0;2;8;12;1
202200039158;744 140;7;0;2;1;2;3
202200039158;744 141;7;3;0;4;2;1
202200039159;744 138;7;0;2;6;15;1
202200039159;744 139;7;0;2;2;1;1
202200039160;744 133;7;0;0;1;24;1
202200039160;744 135;7;0;0;8;20;1
202200039160;744 137;7;0;2;1;1;1
202200039161;744 134;7;0;2;1;2;0
202200039161;744 136;7;0;2;4;23;1
202200039162;744 130;2;0;2;1;17;1
202200039162;744 132;3;0;2;0;0;1
202200039163;744 131;10;0;1;0;0;1
202200039164;744 129;0;0;1;0;0;0
202200039165;744 126;7;0;2;1;1;1
202200039165;744 127;7;0;2;4;15;1
202200039165;744 128;7;0;2;1;1;1
202200039166;744 124;7;0;2;7;16;1
202200039166;744 125;7;0;2;3;1;1
202200039167;744 123;7;0;1;2;16;1
202200039168;744 121;33;0;2;1;2;1
202200039168;744 122;10;0;2;3;15;1
202200039169;744 119;7;0;2;1;13;0
202200039169;744 120;7;0;2;4;23;0
202200039170;744 118;7;0;1;1;1;2
202200039171;744 115;7;0;2;3;0;1
202200039171;744 117;32;0;2;2;0;1
202200039172;744 111;7;0;2;4;23;0
202200039172;744 113;7;14;2;1;0;0
202200039173;744 110;7;0;2;4;1;1
202200039173;744 112;7;0;2;1;1;1
202200039174;744 106;0;0;2;7;17;0
202200039174;744 108;1;0;2;8;26;5
202200039175;744 105;7;0;2;4;1;1
202200039175;744 107;7;0;2;4;1;1
202200039175;744 109;7;0;2;1;1;1
202200039176;744 104;7;8;0;1;1;1
202200039177;744 103;7;1;0;1;5;1
202200039178;744 102;30;10;0;1;1;1
202200039179;744 101;31;0;0;0;14;1
202200039180;744 098;32;0;2;3;9;1
202200039180;744 100;7;0;2;7;17;1
202200039181;744 097;7;0;2;4;2;1
202200039181;744 099;7;0;2;1;2;1
202200039182;744 096;7;0;1;4;4;1
202200039183;744 095;7;0;1;2;11;1
202200039184;744 092;7;0;2;1;2;1
202200039184;744 093;7;0;2;4;2;1
202200039184;744 094;10;0;2;1;2;0
202200039185;744 090;1;0;2;0;1;5
202200039185;744 091;7;0;2;8;11;1
202200039186;744 085;7;0;2;3;19;1
202200039186;744 087;7;0;2;8;1;1
202200039187;744 079;33;0;2;1;11;1
202200039187;744 082;7;0;2;6;1;1
202200039187;744 083;7;0;2;7;1;1
202200039187;744 084;7;0;2;7;1;1
202200039187;744 086;33;0;2;0;1;1
202200039187;744 088;7;0;2;7;1;1
202200039187;744 089;7;0;2;3;1;1
202200039188;744 078;2;0;2;1;1;1
202200039188;744 080;7;0;2;5;15;1
202200039188;744 081;7;0;2;1;1;1
202200039189;744 075;1;0;2;2;2;5
202200039189;744 077;7;0;2;5;23;1
202200039190;744 074;7;0;2;1;2;1
202200039190;744 076;10;0;2;5;2;1
202200039191;744 073;1;0;0;1;1;5
202200039192;744 071;7;0;2;1;1;1
202200039192;744 072;1;0;2;1;19;5
202200039193;744 068;7;0;2;1;17;1
202200039193;744 070;30;0;2;8;15;1
202200039194;744 067;10;0;2;4;23;1
202200039194;744 069;7;0;2;1;2;1
202200039195;744 065;33;0;2;1;1;1
202200039195;744 066;32;0;2;7;15;1
202200039196;744 062;7;0;2;5;21;1
202200039196;744 064;7;0;2;2;19;1
202200039197;744 061;1;0;2;1;2;5
202200039197;744 063;10;0;2;4;4;1
202200039198;744 059;1;0;0;0;1;5
202200039199;744 058;7;0;2;2;1;1
202200039199;744 060;7;0;2;3;9;1
202200039200;744 056;50;0;2;0;1;3
202200039200;744 057;1;0;2;0;16;5
202200039201;744 054;7;9;2;3;1;1
202200039201;744 055;7;9;2;2;23;1
202200039202;744 052;7;0;2;1;1;2
202200039202;744 053;33;0;2;4;23;1
202200039203;744 046;1;0;1;8;1;5
202200039204;744 045;2;0;2;1;1;1
202200039204;744 047;7;0;2;1;1;1
202200039205;744 041;43;0;2;2;17;1
202200039205;744 043;7;0;2;0;13;1
202200039206;744 042;7;0;2;4;1;1
202200039206;744 044;7;0;2;1;2;1
202200039207;744 040;7;0;1;3;1;1
202200039208;744 039;14;0;1;7;1;1
202200039209;744 038;1;0;0;0;26;5
202200039210;744 037;32;0;1;3;17;1
202200039211;744 036;7;0;1;4;20;1
202200039212;744 032;7;0;2;7;26;1
202200039212;744 033;33;0;2;1;26;1
202200039213;744 034;1;0;2;1;5;5
202200039213;744 035;7;0;2;7;1;1
202200039214;744 031;7;6;0;1;14;1
202200039215;744 029;10;0;2;3;14;1
202200039215;744 030;37;0;2;2;1;1
202200039216;744 028;7;0;1;1;9;1
202200039217;744 027;33;12;0;1;9;1
202200039218;744 025;7;0;2;4;1;1
202200039218;744 026;7;0;2;1;2;1
202200039219;744 023;50;0;2;7;15;3
202200039219;744 024;7;0;2;3;9;1
202200039220;744 022;50;0;1;1;18;3
202200039221;744 021;1;0;1;2;1;5
202200039222;744 019;7;0;2;4;2;1
202200039222;744 020;30;0;2;4;2;1
202200039223;744 018;7;0;1;3;16;1
202200039224;744 017;0;0;1;7;1;0
202200039225;744 016;7;1;0;0;0;0
202200039226;744 014;7;0;2;4;23;1
202200039226;744 015;7;0;2;1;2;1
202200039227;744 011;7;0;4;3;15;1
202200039227;744 012;32;0;4;2;5;3
202200039227;744 013;40;0;2;1;0;3
202200039228;744 010;30;0;0;0;11;3
202200039229;744 008;1;0;2;1;19;5
202200039229;744 009;37;0;2;1;1;1
202200039230;744 007;7;13;0;1;;1
202200039231;744 006;7;0;1;1;26;1
202200039232;744 005;7;9;0;2;1;1
202200039233;744 003;37;0;2;2;15;1
202200039233;744 004;50;0;2;1;5;3
202200039234;744 002;7;0;1;2;1;1
202200039235;743 999;7;0;2;8;15;1
202200039235;744 001;7;0;2;1;17;1
202200039236;743 998;7;0;2;3;13;1
202200039236;744 000;7;0;2;1;0;1
202200039237;743 996;3;0;2;1;1;6
202200039237;743 997;13;0;2;3;15;6
202200039238;743 994;7;0;2;3;20;1
202200039238;743 995;33;0;2;1;1;1
202200039239;743 992;7;0;2;3;1;1
202200039239;743 993;7;0;2;3;5;1
202200039240;743 990;33;0;2;7;1;1
202200039240;743 991;7;0;2;8;11;1
202200039241;743 989;7;0;1;7;0;1
202200039242;743 987;7;0;1;0;15;1
202200039243;743 988;1;0;1;0;1;5
202200039244;743 985;10;0;1;0;2;0
202200039245;743 982;15;12;2;6;26;1
202200039245;743 984;10;12;2;7;16;1
202200039246;743 983;34;0;2;3;1;1
202200039246;743 986;10;0;2;2;15;1
202200039247;743 979;3;0;2;3;9;0
202200039247;743 981;7;0;2;1;1;0
202200039248;743 978;7;0;2;7;2;1
202200039248;743 980;1;0;2;8;2;5
202200039249;743 976;7;0;2;3;15;1
202200039249;743 977;33;0;2;1;1;1
202200039250;743 975;1;0;1;1;1;5
202200039251;743 972;7;0;2;3;15;1
202200039251;743 974;30;0;2;1;26;1
202200039252;743 971;7;0;2;1;9;1
202200039252;743 973;50;0;2;0;1;3
202200039253;743 969;7;0;2;3;15;1
202200039253;743 970;80;0;2;1;5;3
202200039254;743 966;30;0;2;1;1;1
202200039254;743 968;7;0;2;5;16;1
202200039255;743 965;7;0;2;1;2;1
202200039255;743 967;7;0;2;1;5;1
202200039256;743 963;7;1;0;1;14;1
202200039257;743 961;7;0;1;4;20;1
202200039258;743 962;7;0;2;2;1;1
202200039258;743 964;1;0;2;3;15;5
202200039259;743 959;7;0;2;3;1;1
202200039259;743 960;7;4;2;5;17;1
202200039260;743 958;30;0;0;0;16;1
202200039261;743 956;7;0;2;3;15;1
202200039261;743 957;33;0;2;2;17;1
202200039262;743 953;33;0;2;1;12;1
202200039262;743 954;7;0;2;4;1;1
202200039263;743 950;30;0;0;0;26;1
202200039264;743 949;33;0;2;1;2;1
202200039264;743 951;7;0;2;4;2;1
202200039264;743 952;7;0;2;0;14;0
202200039265;743 947;50;0;0;9;1;3
202200039265;743 948;7;0;2;3;1;1
202200039266;743 945;33;8;0;1;1;1
202200039267;743 946;7;7;0;1;1;1
202200039268;743 943;7;0;2;3;13;1
202200039268;743 944;7;0;2;3;1;1
202200039269;743 940;7;0;2;8;13;0
202200039269;743 942;43;0;2;7;1;1
202200039270;743 939;33;0;2;1;1;1
202200039270;743 941;7;0;2;5;1;1
202200039271;743 937;30;0;1;1;1;1
202200039272;743 936;33;0;2;8;1;1
202200039272;743 938;7;0;2;1;16;1
202200039273;743 934;7;0;2;4;23;1
202200039273;743 935;7;0;2;1;2;1
202200039274;743 933;32;12;0;8;13;1
202200039275;743 931;10;0;2;3;1;1
202200039275;743 932;7;0;2;1;13;1
202200039276;743 929;32;0;2;5;17;1
202200039276;743 930;43;0;2;3;1;1
202200039277;743 928;7;0;1;1;1;2
202200039278;743 924;7;0;2;3;5;1
202200039278;743 926;7;0;2;2;1;1
202200039279;743 925;31;0;2;5;17;1
202200039279;743 927;7;0;2;3;15;1
202200039280;743 922;43;0;2;3;3;1
202200039280;743 923;7;0;2;2;12;1
202200039281;743 921;32;0;1;1;1;1
202200039282;743 920;10;0;1;3;15;1
202200039283;743 917;14;0;2;8;1;1
202200039283;743 919;7;0;2;1;1;2
202200039284;743 916;37;0;2;0;7;1
202200039284;743 918;7;0;2;6;15;1
202200039285;743 914;10;0;2;4;23;3
202200039285;743 915;7;0;2;1;1;1
202200039286;743 913;10;0;1;7;1;1
202200039287;743 912;50;12;0;0;13;3
202200039288;743 910;30;0;2;3;21;1
202200039288;743 911;7;0;2;3;9;1
202200039289;743 908;1;0;2;1;1;5
202200039289;743 909;7;0;2;8;22;3
202200039290;743 905;34;0;2;1;1;1
202200039290;743 906;7;0;2;6;15;0
202200039291;743 902;34;0;2;0;0;1
202200039291;743 904;7;0;2;3;9;2
202200039292;743 903;37;0;2;2;1;1
202200039292;743 907;7;0;2;6;9;1
202200039293;743 900;0;0;0;4;2;0
202200039293;743 901;7;0;0;2;2;1
202200039294;743 898;43;0;2;2;17;1
202200039294;743 899;7;0;2;3;9;1
202200039295;743 895;7;0;2;1;15;1
202200039295;743 897;42;0;2;3;1;1
202200039296;743 894;7;0;2;2;16;1
202200039296;743 896;1;0;2;6;15;5
202200039297;743 892;2;12;2;0;2;1
202200039297;743 893;7;0;0;0;14;0
202200039298;743 891;7;0;1;1;17;1
202200039299;743 889;7;0;2;1;2;1
202200039299;743 890;7;0;2;1;16;1
202200039300;743 888;7;2;0;1;9;1
202200039301;743 886;7;0;2;8;1;1
202200039301;743 887;30;0;2;1;9;1
202200039302;743 884;7;0;1;3;0;1
202200039303;743 883;14;0;2;2;26;0
202200039303;743 885;7;11;0;4;12;0
202200039304;743 881;7;0;0;4;2;1
202200039304;743 882;2;0;2;0;2;1
202200039305;743 880;2;0;1;1;1;1
202200039306;743 878;7;0;2;2;1;1
202200039306;743 879;34;0;2;3;16;1
202200039307;743 877;1;0;0;0;0;5
202200039308;743 876;31;0;0;0;1;1
202200039309;743 875;10;16;0;0;26;1
202200039310;743 873;7;0;2;2;15;1
202200039310;743 874;31;0;2;1;1;1
202200039311;743 870;7;0;0;1;13;1
202200039311;743 872;7;0;0;1;1;1
202200039312;743 869;10;0;2;1;1;1
202200039312;743 871;7;4;2;3;15;1
202200039313;743 866;16;0;0;0;2;1
202200039313;743 867;7;0;2;2;2;1
202200039314;743 865;15;0;2;1;1;1
202200039314;743 868;7;0;2;4;17;1
202200039315;743 864;7;0;1;4;26;1
202200039316;743 862;7;0;2;1;13;1
202200039316;743 863;17;0;2;3;1;1
202200039317;743 861;7;13;0;1;14;1
202200039318;743 860;31;0;0;8;1;1
202200039319;743 859;7;0;1;1;17;1
202200039320;743 857;7;8;0;2;1;1
202200039321;743 856;7;0;0;2;1;1
202200039321;743 858;10;0;0;1;5;1
202200039322;743 855;7;2;0;3;14;1
202200039323;743 852;7;0;2;1;1;1
202200039323;743 854;7;0;2;7;13;1
202200039324;743 851;7;0;2;1;13;1
202200039324;743 853;7;0;2;1;1;1
202200039325;743 849;1;0;0;1;1;5
202200039326;743 848;15;0;2;5;20;1
202200039326;743 850;1;0;2;1;2;5
202200039327;743 847;33;0;0;0;0;1
202200039328;743 845;2;0;2;1;2;1
202200039328;743 846;7;0;2;5;23;1
202200039329;743 844;7;6;0;1;14;1
202200039330;743 843;80;0;0;0;1;3
202200039331;743 842;20;0;0;9;1;1
202200039332;743 841;33;1;2;1;15;1
202200039333;743 839;33;13;0;3;0;1
202200039334;743 840;7;8;0;3;1;1
202200039335;743 838;7;13;0;9;13;1
202200039336;743 837;33;16;0;8;1;1
202200039337;743 835;14;3;2;3;1;1
202200039337;743 836;7;0;2;3;13;1
202200039338;743 833;7;0;2;1;13;1
202200039338;743 834;7;0;2;3;1;1
202200039339;743 832;2;15;0;2;0;1
202200039340;743 829;7;0;2;1;1;1
202200039340;743 831;7;0;2;7;19;1
202200039341;743 828;7;0;2;3;12;1
202200039341;743 830;7;0;2;3;1;1
202200039342;743 827;7;4;0;3;1;1
202200039343;743 825;7;0;2;2;1;1
202200039343;743 826;33;0;2;1;5;1
202200039344;743 823;7;0;2;1;17;1
202200039344;743 824;10;0;2;1;1;1
202200039345;743 821;7;13;2;1;17;1
202200039345;743 822;17;0;0;4;1;1
202200039346;743 820;7;8;0;2;1;1
202200039347;743 818;2;0;0;0;1;1
202200039348;743 816;7;2;0;0;1;1
202200039349;743 815;7;2;0;2;1;1
202200039350;743 813;10;0;0;6;24;1
202200039350;743 814;7;1;0;2;1;1
202200039351;743 812;7;13;0;1;1;1
202200039352;743 811;7;0;0;0;1;1
202200039353;743 809;7;0;2;1;19;1
202200039353;743 810;33;0;2;2;1;1
202200039354;743 808;7;0;0;0;1;1
202200039355;743 805;7;0;2;3;1;1
202200039355;743 807;7;0;2;3;13;1
202200039356;743 804;2;0;2;7;1;1
202200039356;743 806;7;0;2;2;15;1
202200039357;743 803;7;0;1;3;1;1
202200039358;743 801;10;0;2;3;9;1
202200039358;743 802;1;0;2;5;26;5
202200039359;743 799;7;0;2;6;15;1
202200039359;743 800;33;0;2;0;0;1
202200039360;743 798;7;2;0;7;1;1
202200039361;743 797;7;4;0;3;1;1
202200039362;743 795;1;0;0;0;0;5
202200039363;743 794;7;0;0;8;15;1
202200039363;743 796;2;0;2;2;1;1
202200039364;743 790;7;0;2;1;15;1
202200039364;743 792;33;0;2;3;21;1
202200039365;743 788;7;3;0;4;0;1
202200039365;743 789;7;0;2;4;1;2
202200039365;743 791;7;0;2;4;1;1
202200039365;743 793;15;0;2;1;1;1
202200039366;743 787;7;3;0;1;6;1
202200039367;743 785;10;0;2;1;1;1
202200039367;743 786;7;0;2;6;1;1
202200039368;743 783;13;0;2;4;2;1
202200039368;743 784;7;3;2;1;2;1
202200039369;743 781;7;15;0;4;1;1
202200039369;743 782;7;0;2;2;17;1
202200039370;743 779;10;0;2;3;1;1
202200039370;743 780;7;0;2;6;21;1
202200039371;743 778;7;0;1;0;0;0
202200039372;743 777;7;2;0;3;2;0
202200039373;743 775;7;0;2;3;15;1
202200039373;743 776;2;0;2;1;17;1
202200039374;743 774;7;0;0;2;1;1
202200039375;743 772;7;0;2;3;0;1
202200039375;743 773;7;0;2;1;1;1
202200039376;743 771;7;0;1;4;4;1
202200039377;743 766;7;0;2;4;23;1
202200039377;743 768;7;1;9;1;1;1
202200039378;743 765;7;0;2;8;10;1
202200039378;743 767;33;0;2;1;1;1
202200039379;743 764;7;6;0;8;1;1
202200039380;743 762;7;0;9;2;1;1
202200039380;743 763;1;0;2;1;1;5
202200039381;743 760;7;0;2;7;1;1
202200039381;743 761;14;6;2;1;16;1
202200039382;743 758;7;0;2;6;15;1
202200039382;743 759;33;0;2;6;17;1
202200039383;743 756;7;6;0;8;1;1
202200039384;743 757;7;0;0;2;1;1
202200039385;743 755;7;3;0;1;11;1
202200039386;743 753;33;0;2;3;2;1
202200039386;743 754;7;0;0;5;15;2
202200039387;743 752;7;0;0;2;26;1
202200039388;743 749;7;0;2;7;12;1
202200039388;743 751;33;0;2;8;1;1
202200039389;743 748;7;0;2;6;11;1
202200039389;743 750;7;0;2;2;0;1
202200039390;743 746;33;0;0;0;1;1
202200039391;743 742;7;0;2;1;2;0
202200039391;743 744;7;0;2;4;2;1
202200039392;743 741;10;0;2;0;0;1
202200039392;743 743;10;0;2;4;0;1
202200039392;743 745;7;0;2;4;0;1
202200039392;743 747;7;0;2;0;0;1
202200039393;743 738;7;0;2;7;1;1
202200039393;743 739;7;0;2;4;2;1
202200039393;743 740;33;0;2;1;2;1
202200039394;743 732;7;0;2;1;1;1
202200039394;743 734;7;0;2;4;1;1
202200039394;743 736;10;0;2;4;1;1
202200039395;743 733;10;3;2;6;2;0
202200039395;743 735;33;3;2;1;2;1
202200039396;743 727;10;0;2;8;1;1
202200039396;743 729;7;0;2;3;1;1
202200039396;743 731;7;4;2;3;17;1
202200039397;743 728;10;0;2;5;12;1
202200039397;743 730;33;0;2;3;3;1
202200039398;743 726;7;4;0;1;14;1
202200039399;743 725;43;0;0;3;1;1
202200039400;743 724;17;3;0;1;0;0
202200039401;743 721;7;0;2;4;2;1
202200039401;743 723;7;0;2;1;1;1
202200039402;743 720;7;0;2;4;2;1
202200039402;743 722;7;0;2;1;2;1
202200039403;743 718;7;0;2;5;12;1
202200039403;743 719;2;0;2;1;3;1
202200039404;743 714;10;0;2;4;0;0
202200039404;743 716;7;0;2;4;2;1
202200039404;743 717;7;0;2;1;1;1
202200039405;743 712;7;0;2;1;2;1
202200039405;743 713;7;0;2;4;1;1
202200039405;743 715;7;0;2;3;1;1
202200039406;743 709;7;4;0;3;0;1
202200039407;743 710;10;0;2;4;2;1
202200039407;743 711;7;0;2;1;1;2
202200039408;743 707;1;0;2;1;0;5
202200039408;743 708;7;0;0;4;1;1
202200039409;743 706;7;0;1;1;1;0
202200039410;743 705;7;0;1;1;1;1
202200039411;743 704;1;12;0;1;14;5
202200039412;743 703;37;0;1;2;15;1
202200039413;743 701;32;0;1;1;1;0
202200039414;743 700;30;0;4;0;0;1
202200039414;743 702;7;0;;3;1;1
202200039415;743 699;7;1;1;0;1;1
202200039416;743 695;7;0;2;1;1;1
202200039416;743 697;7;0;2;1;13;1
202200039417;743 696;7;0;2;0;9;1
202200039417;743 698;2;0;2;0;9;1
202200039418;743 694;33;9;0;1;13;1
202200039419;743 693;30;12;0;7;16;1