Num_Acc;id_vehicule;categorie_vehicule;obstacle_fixe;obstacle_mobile;point_choc_initial;manoeuvre_principale;motorisation
202200039420;743 691;7;0;2;7;1;1
202200039420;743 692;7;0;2;1;1;1
202200039421;743 690;30;6;0;1;14;1
202200039422;743 687;2;0;2;1;1;1
202200039422;743 689;7;0;2;8;16;2
202200039423;743 685;10;0;2;1;9;1
202200039423;743 686;7;0;2;2;1;1
202200039423;743 688;30;0;2;1;21;1
202200039424;743 683;7;0;2;1;15;1
202200039424;743 684;30;0;2;7;1;1
202200039425;743 680;7;1;0;4;24;1
202200039425;743 681;30;1;0;1;1;1
202200039426;743 679;33;0;2;1;3;1
202200039426;743 682;7;0;9;3;15;1
202200039427;743 677;7;0;2;1;1;0
202200039427;743 678;50;0;2;4;15;3
202200039428;743 675;2;0;2;1;1;1
202200039428;743 676;7;0;2;4;1;1
202200039429;743 673;7;0;2;1;1;0
202200039429;743 674;1;0;2;8;1;0
202200039430;743 671;7;12;0;7;1;1
202200039431;743 670;60;0;2;3;19;5
202200039431;743 672;7;0;2;2;16;1
202200039432;743 668;7;5;2;6;1;1
202200039432;743 669;10;0;2;2;14;1
202200039433;743 665;7;0;2;1;2;1
202200039433;743 667;7;0;2;4;26;1
202200039434;743 664;33;0;0;4;1;1
202200039434;743 666;7;0;2;4;1;1
202200039435;743 662;7;0;1;1;21;1
202200039436;743 660;7;0;2;1;1;1
202200039436;743 661;17;0;2;6;1;1
202200039436;743 663;7;0;2;1;13;1
202200039437;743 656;7;0;2;4;2;1
202200039437;743 658;7;0;2;1;2;1
202200039438;743 657;37;0;2;3;1;1
202200039438;743 659;3;1;0;1;26;1
202200039439;743 655;7;0;1;3;1;2
202200039440;743 651;32;0;2;1;1;1
202200039440;743 652;7;0;2;2;11;1
202200039441;743 650;36;0;0;1;13;1
202200039442;743 648;7;0;2;1;15;1
202200039442;743 649;33;0;2;6;1;1
202200039443;743 644;7;0;2;7;1;1
202200039443;743 645;7;0;2;1;5;1
202200039444;743 637;7;0;1;1;1;1
202200039445;743 636;7;0;2;7;15;1
202200039445;743 638;30;0;2;1;1;1
202200039446;743 633;7;0;2;2;15;1
202200039446;743 635;30;0;2;2;1;1
202200039447;743 631;7;3;0;1;14;1
202200039448;743 627;7;0;2;2;15;1
202200039448;743 629;10;0;2;3;1;1
202200039449;743 626;7;8;0;1;13;1
202200039450;743 625;7;0;1;3;1;1
202200039451;743 623;7;0;2;4;2;1
202200039451;743 624;10;0;2;1;2;1
202200039452;743 620;7;0;2;3;16;1
202200039452;743 622;10;0;2;1;1;1
202200039453;743 619;7;0;2;7;20;1
202200039453;743 621;7;1;0;6;20;1
202200039454;743 616;7;0;2;3;15;1
202200039454;743 617;80;0;2;1;1;3
202200039455;743 615;7;0;2;4;2;3
202200039455;743 618;7;0;2;1;2;1
202200039456;743 613;1;0;0;0;1;5
202200039457;743 612;7;0;2;4;1;1
202200039457;743 614;7;0;2;1;1;1
202200039458;743 609;33;0;2;5;1;1
202200039458;743 610;10;0;2;5;15;1
202200039459;743 608;1;0;2;8;1;5
202200039459;743 611;7;0;2;3;15;1
202200039460;743 606;7;16;0;9;13;1
202200039461;743 605;7;0;2;7;1;1
202200039461;743 607;7;0;2;8;1;1
202200039462;743 603;7;0;2;2;1;1
202200039462;743 604;7;0;2;3;15;1
202200039463;743 601;7;0;1;2;1;1
202200039464;743 600;7;0;2;1;1;1
202200039464;743 602;7;0;2;2;15;1
202200039465;743 599;7;0;2;7;23;1
202200039466;743 596;7;0;2;0;0;1
202200039466;743 598;7;6;0;3;21;1
202200039467;743 595;7;0;0;0;0;1
202200039467;743 597;99;0;2;2;0;3
202200039468;743 593;7;0;2;6;1;1
202200039468;743 594;7;0;2;2;1;1
202200039469;743 591;7;0;2;1;15;0
202200039469;743 592;50;0;2;7;1;3
202200039470;743 590;1;0;0;0;1;5
202200039471;743 586;7;0;2;1;1;1
202200039471;743 588;0;0;2;1;1;0
202200039472;743 584;7;0;2;1;1;1
202200039472;743 585;7;0;2;4;1;1
202200039473;743 587;1;0;2;3;13;5
202200039473;743 589;10;0;2;2;1;1
202200039474;743 583;7;0;0;0;1;1
202200039475;743 580;10;0;2;0;0;1
202200039475;743 581;1;0;2;5;21;5
202200039476;743 579;32;0;2;1;19;1
202200039476;743 582;33;0;2;8;1;1
202200039477;743 578;7;0;1;2;21;1
202200039478;743 575;7;0;2;1;13;1
202200039478;743 577;7;0;2;1;1;1
202200039479;743 574;7;0;2;4;1;1
202200039479;743 576;10;0;2;1;2;1
202200039480;743 571;1;0;2;4;1;5
202200039480;743 573;33;0;2;1;14;1
202200039481;743 572;7;1;0;1;13;1
202200039482;743 569;1;0;2;8;1;5
202200039482;743 570;7;0;2;7;17;1
202200039483;743 567;33;4;0;2;1;1
202200039484;743 563;7;0;2;1;1;1
202200039484;743 565;7;0;2;3;26;1
202200039485;743 564;7;0;2;1;1;1
202200039485;743 566;7;0;1;1;1;1
202200039485;743 568;7;0;0;0;0;1
202200039486;743 559;7;0;2;1;1;1
202200039486;743 561;7;0;2;1;1;1
202200039486;743 562;7;0;2;1;1;1
202200039487;743 560;99;0;1;0;0;0
202200039488;743 558;7;13;0;1;19;1
202200039489;743 556;30;0;0;2;1;1
202200039490;743 557;7;0;1;1;1;1
202200039491;743 554;1;0;2;8;13;5
202200039491;743 555;10;0;2;2;1;1
202200039492;743 551;7;0;1;1;15;1
202200039493;743 552;7;0;2;4;2;1
202200039493;743 553;10;0;2;1;2;1
202200039494;743 548;2;0;2;1;1;1
202200039494;743 550;7;0;2;3;15;1
202200039495;743 546;7;0;2;3;1;1
202200039495;743 549;7;0;2;1;16;1
202200039496;743 542;7;0;2;5;1;1
202200039496;743 544;7;0;2;1;9;1
202200039497;743 543;7;0;1;2;1;1
202200039498;743 541;80;0;0;7;26;3
202200039499;743 539;7;0;2;3;15;1
202200039499;743 540;33;0;2;2;1;1
202200039500;743 536;1;0;2;8;1;5
202200039500;743 538;7;0;2;5;17;0
202200039501;743 537;7;0;1;2;1;1
202200039502;743 534;7;0;2;5;1;1
202200039502;743 535;32;0;2;1;13;1
202200039503;743 530;7;0;2;1;2;1
202200039503;743 531;7;0;2;4;2;1
202200039504;743 527;13;0;2;1;0;1
202200039504;743 528;7;0;2;4;1;1
202200039505;743 526;7;0;2;8;1;1
202200039505;743 529;7;0;2;3;1;2
202200039506;743 524;50;0;0;0;1;3
202200039507;743 523;30;0;2;1;1;1
202200039507;743 525;7;0;2;3;15;1
202200039508;743 521;31;0;2;1;2;1
202200039508;743 522;7;0;2;4;23;1
202200039509;743 518;7;0;2;7;15;1
202200039509;743 520;7;0;2;1;1;1
202200039510;743 517;50;0;2;7;0;3
202200039510;743 519;10;0;2;1;1;1
202200039511;743 514;7;0;2;4;2;1
202200039511;743 516;7;0;2;4;23;1
202200039512;743 515;7;0;1;1;16;1
202200039513;743 513;7;0;1;2;1;2
202200039514;743 511;1;0;4;3;13;5
202200039514;743 512;40;0;2;3;1;3
202200039515;743 509;50;0;2;8;19;3
202200039515;743 510;43;0;2;8;1;1
202200039516;743 508;30;1;0;2;5;3
202200039517;743 506;7;1;0;2;14;2
202200039518;743 504;7;0;1;2;1;1
202200039519;743 503;2;0;2;1;1;1
202200039519;743 505;7;0;2;2;15;1
202200039520;743 500;7;0;2;3;9;2
202200039520;743 501;50;0;2;1;5;3
202200039521;743 498;80;0;2;1;1;3
202200039521;743 499;7;0;2;1;1;1
202200039522;743 496;7;0;2;7;2;2
202200039522;743 497;32;0;2;0;0;1
202200039523;743 495;7;0;1;1;1;1
202200039524;743 492;7;0;2;1;1;1
202200039524;743 493;7;0;2;1;1;1
202200039524;743 494;7;0;2;1;1;1
202200039525;743 490;7;0;2;4;1;1
202200039525;743 491;7;0;2;2;1;1
202200039526;743 488;10;0;2;4;26;1
202200039526;743 489;7;0;2;1;1;1
202200039527;743 485;7;0;2;8;1;1
202200039527;743 487;7;0;2;1;1;1
202200039528;743 484;7;0;1;1;23;1
202200039528;743 486;7;0;2;1;1;1
202200039529;743 483;0;0;1;1;1;0
202200039530;743 480;1;0;2;3;1;5
202200039530;743 481;7;0;2;1;1;1
202200039531;743 482;10;6;0;1;0;1
202200039532;743 477;80;0;2;1;5;3
202200039532;743 479;7;0;2;3;5;1
202200039533;743 474;43;0;2;4;23;1
202200039533;743 475;7;0;2;1;1;1
202200039534;743 476;7;0;2;1;26;1
202200039534;743 478;7;0;2;8;26;1
202200039535;743 472;7;0;2;3;15;1
202200039535;743 473;30;0;2;1;1;1
202200039536;743 470;30;0;2;7;1;1
202200039536;743 471;99;0;2;3;9;1
202200039537;743 468;7;0;2;3;2;1
202200039537;743 469;7;0;2;4;2;2
202200039538;743 466;7;6;0;3;1;1
202200039539;743 465;10;0;2;4;1;1
202200039539;743 467;15;0;2;4;1;1
202200039540;743 460;7;0;0;1;1;1
202200039540;743 461;7;0;2;4;2;1
202200039540;743 462;7;0;2;4;2;1
202200039540;743 463;7;0;2;4;23;1
202200039540;743 464;7;0;2;4;23;1
202200039541;743 458;33;0;2;6;15;1
202200039542;743 457;33;0;2;1;2;1
202200039542;743 459;7;0;0;6;2;2
202200039543;743 452;7;0;2;3;23;1
202200039543;743 454;2;0;2;4;1;1
202200039543;743 455;7;0;2;1;1;1
202200039544;743 453;7;0;2;3;15;1
202200039544;743 456;32;0;2;2;17;1
202200039545;743 451;7;13;0;2;1;1
202200039546;743 450;7;0;1;4;4;1
202200039547;743 447;7;0;2;1;2;1
202200039547;743 449;7;0;2;4;1;1
202200039548;743 446;7;0;2;1;1;1
202200039548;743 448;7;0;2;8;19;1
202200039549;743 445;7;0;1;2;1;1
202200039550;743 441;7;0;2;4;26;1
202200039550;743 443;7;0;2;4;26;1
202200039550;743 444;10;0;2;1;26;1
202200039551;743 440;7;13;2;8;13;1
202200039551;743 442;7;0;2;8;1;1
202200039552;743 439;7;8;0;1;1;1
202200039553;743 438;7;6;0;1;26;1
202200039554;743 437;7;15;0;1;1;1
202200039555;743 436;50;0;0;0;7;3
202200039556;743 435;7;2;0;2;14;1
202200039557;743 434;50;0;1;1;1;3
202200039558;743 432;80;0;2;1;1;3
202200039558;743 433;7;0;2;3;9;1
202200039559;743 431;1;0;1;1;1;5
202200039560;743 429;1;0;2;4;2;5
202200039560;743 430;7;0;2;1;2;0
202200039561;743 428;1;14;0;1;17;5
202200039562;743 426;7;0;2;7;16;1
202200039562;743 427;2;0;2;1;1;1
202200039563;743 424;7;0;2;3;20;1
202200039563;743 425;33;0;2;1;26;0
202200039564;743 423;7;1;0;1;1;1
202200039565;743 421;30;0;2;1;1;1
202200039565;743 422;7;0;9;3;15;1
202200039566;743 419;43;0;2;4;23;1
202200039566;743 420;10;0;2;1;2;1
202200039567;743 418;7;0;1;1;15;6
202200039568;743 416;1;0;0;0;0;5
202200039568;743 417;7;0;9;3;13;1
202200039569;743 414;33;0;2;1;13;1
202200039569;743 415;7;0;2;1;13;1
202200039570;743 412;7;0;2;1;1;1
202200039570;743 413;7;0;2;1;13;1
202200039571;743 411;33;2;0;2;14;1
202200039572;743 409;7;0;2;7;17;0
202200039572;743 410;33;0;2;6;1;1
202200039573;743 407;7;0;2;8;1;1
202200039573;743 408;7;0;2;3;13;2
202200039574;743 405;7;0;2;3;15;1
202200039574;743 406;80;0;2;1;0;5
202200039575;743 403;7;0;9;2;14;1
202200039575;743 404;1;0;0;4;0;5
202200039576;743 401;7;0;2;7;15;1
202200039576;743 402;1;0;2;1;1;5
202200039577;743 399;7;2;2;8;1;1
202200039577;743 400;7;0;2;3;13;1
202200039578;743 397;7;6;2;8;1;1
202200039578;743 398;7;6;2;1;1;1
202200039579;743 395;7;0;2;8;1;2
202200039579;743 396;43;0;2;3;26;1
202200039580;743 393;15;0;2;3;1;1
202200039580;743 394;7;0;2;3;13;1
202200039581;743 391;7;0;2;2;13;1
202200039581;743 392;2;0;2;8;1;1
202200039582;743 389;7;0;2;1;21;1
202200039582;743 390;7;0;2;1;1;1
202200039583;743 387;21;0;0;6;0;1
202200039583;743 388;7;0;0;3;0;2
202200039584;743 385;34;0;0;4;10;1
202200039584;743 386;7;0;2;3;1;1
202200039585;743 384;7;8;0;1;1;1
202200039586;743 383;7;13;0;1;1;1
202200039587;743 381;7;0;2;2;1;1
202200039587;743 382;2;0;2;1;13;1
202200039588;743 379;33;0;2;1;1;1
202200039588;743 380;7;0;2;6;15;1
202200039589;743 378;33;5;0;0;0;1
202200039590;743 377;7;2;0;2;1;1
202200039591;743 376;7;9;0;9;1;1
202200039592;743 375;33;0;0;0;1;1
202200039593;743 373;7;0;0;7;15;1
202200039593;743 374;1;0;2;3;2;5
202200039594;743 372;7;13;0;9;14;1
202200039595;743 371;7;2;0;3;26;1
202200039596;743 369;15;3;2;3;1;1
202200039596;743 370;7;3;2;2;17;1
202200039597;743 368;7;0;1;3;26;1
202200039598;743 366;33;0;2;7;21;1
202200039598;743 367;7;0;2;3;9;1
202200039599;743 365;36;0;0;0;1;1
202200039600;743 363;2;0;2;1;17;1
202200039600;743 364;7;0;2;3;1;1
202200039601;743 362;7;8;0;1;1;1
202200039602;743 361;7;0;0;2;1;1
202200039603;743 359;3;0;2;3;1;1
202200039603;743 360;7;0;2;3;1;1
202200039604;743 358;33;0;0;0;1;1
202200039605;743 357;1;0;0;0;1;5
202200039606;743 356;7;0;0;0;0;1
202200039607;743 354;1;0;2;7;17;5
202200039607;743 355;7;0;2;8;15;1
202200039608;743 352;7;0;2;8;15;1
202200039608;743 353;1;0;2;8;13;5
202200039609;743 351;32;6;0;9;2;1
202200039610;743 350;33;14;0;1;1;1
202200039611;743 348;7;0;0;4;1;1
202200039611;743 349;7;0;2;9;12;1
202200039612;743 347;33;0;0;0;17;1
202200039613;743 346;7;7;0;0;2;1
202200039614;743 342;7;14;2;4;2;1
202200039614;743 343;7;0;0;6;2;1
202200039614;743 344;7;14;2;1;2;1
202200039614;743 345;7;3;0;1;0;1
202200039615;743 340;1;0;2;1;0;5
202200039615;743 341;7;0;2;3;0;1
202200039616;743 339;30;0;9;0;0;1
202200039617;743 338;7;0;1;1;1;2
202200039618;743 336;33;7;2;7;21;1
202200039618;743 337;33;13;2;8;2;1
202200039619;743 334;7;0;2;3;1;1
202200039619;743 335;7;0;2;3;13;1
202200039620;743 332;7;0;2;2;0;1
202200039620;743 333;7;0;2;2;5;1
202200039621;743 330;7;0;0;8;16;1
202200039621;743 331;7;1;2;1;1;0
202200039622;743 329;7;2;0;2;13;1
202200039623;743 327;34;0;2;1;0;1
202200039623;743 328;7;0;2;1;15;1
202200039624;743 325;33;0;2;1;1;1
202200039624;743 326;7;0;2;2;15;1
202200039625;743 324;7;3;0;3;13;1
202200039626;743 323;7;2;0;1;14;1
202200039627;743 322;33;3;0;1;2;1
202200039628;743 321;15;0;1;8;15;1
202200039629;743 319;7;0;2;1;13;1
202200039629;743 320;7;0;2;3;1;1
202200039630;743 317;7;0;2;1;2;1
202200039630;743 318;7;0;2;4;1;1
202200039631;743 316;33;3;0;2;0;1
202200039632;743 315;7;4;0;3;13;1
202200039633;743 312;7;0;2;2;14;1
202200039633;743 313;7;0;2;6;1;1
202200039633;743 314;7;0;2;8;1;1
202200039634;743 307;7;0;2;5;1;1
202200039634;743 308;7;0;2;6;1;1
202200039634;743 309;7;0;2;6;1;1
202200039634;743 310;7;0;2;8;1;1
202200039634;743 311;7;4;2;8;13;1
202200039635;743 304;7;7;2;9;1;1
202200039635;743 305;7;7;2;1;1;1
202200039635;743 306;17;4;0;1;1;1
202200039636;743 303;7;4;0;1;13;1
202200039637;743 301;7;0;2;5;1;1
202200039637;743 302;0;0;2;0;13;0
202200039638;743 299;7;0;2;2;12;1
202200039638;743 300;7;0;2;5;1;1
202200039639;743 297;7;0;2;8;12;0
202200039639;743 298;33;0;2;8;3;0
202200039640;743 295;7;0;2;4;1;0
202200039640;743 296;43;0;2;1;1;1
202200039641;743 293;7;0;2;3;11;1
202200039641;743 294;7;0;2;7;0;1
202200039642;743 290;7;0;2;4;2;1
202200039642;743 291;7;0;2;4;2;1
202200039642;743 292;33;0;2;1;2;1
202200039643;743 288;33;0;2;2;11;1
202200039643;743 289;7;0;2;6;1;1
202200039644;743 286;7;0;2;3;21;1
202200039644;743 287;7;0;2;5;1;1
202200039645;743 284;7;0;2;4;2;1
202200039645;743 285;33;0;2;1;2;1
202200039646;743 282;7;3;2;8;9;1
202200039646;743 283;14;0;2;2;14;1
202200039647;743 280;7;0;2;4;2;1
202200039647;743 281;7;0;2;1;2;1
202200039648;743 276;7;0;2;4;1;1
202200039648;743 277;7;0;0;2;1;1
202200039648;743 278;7;0;0;6;1;1
202200039648;743 279;7;0;2;9;1;1
202200039649;743 274;7;0;2;3;11;1
202200039649;743 275;33;0;2;1;3;1
202200039650;743 273;7;0;1;2;19;0
202200039651;743 270;7;0;2;1;1;1
202200039651;743 271;7;0;2;7;13;1
202200039652;743 268;7;0;2;7;15;1
202200039652;743 269;33;0;2;1;1;1
202200039653;743 266;10;0;2;1;19;1
202200039653;743 267;30;0;2;7;1;1
202200039654;743 265;7;8;0;3;13;0
202200039655;743 264;7;6;0;2;1;1
202200039656;743 263;7;1;0;3;13;1
202200039657;743 262;7;0;1;7;1;1
202200039658;743 261;7;11;0;1;1;2
202200039659;743 260;17;0;1;1;1;1
202200039660;743 258;7;0;2;3;15;1
202200039660;743 259;2;0;2;1;13;1
202200039661;743 256;80;0;0;4;0;3
202200039661;743 257;0;0;0;1;0;0
202200039662;743 254;1;0;2;4;0;5
202200039662;743 255;7;0;9;1;1;1
202200039663;743 252;7;0;2;8;1;1
202200039663;743 253;7;0;2;9;21;1
202200039664;743 250;10;0;2;3;1;1
202200039664;743 251;10;0;2;3;13;1
202200039665;743 249;7;13;0;1;2;1
202200039666;743 248;7;0;0;3;15;1
202200039667;743 246;7;0;2;3;15;1
202200039667;743 247;30;0;2;1;17;1
202200039668;743 245;30;0;0;0;26;1
202200039669;743 243;7;0;2;2;15;6
202200039669;743 244;32;0;2;0;1;6
202200039670;743 241;33;0;2;1;1;1
202200039670;743 242;34;0;2;1;0;1
202200039671;743 239;7;0;2;3;1;2
202200039671;743 240;30;0;2;1;1;3
202200039672;743 238;7;0;1;1;13;1
202200039673;743 237;7;0;1;1;1;1
202200039674;743 236;30;0;0;0;26;1
202200039675;743 234;7;0;2;1;2;1
202200039675;743 235;7;0;2;4;1;1
202200039676;743 232;7;0;2;3;15;1
202200039676;743 233;34;0;2;2;17;1
202200039677;743 230;7;0;2;2;1;1
202200039677;743 231;7;0;2;2;17;1
202200039678;743 228;7;0;2;0;0;1
202200039678;743 229;32;0;2;1;1;1
202200039679;743 226;30;0;2;1;17;1
202200039679;743 227;7;0;2;8;15;1
202200039680;743 225;7;14;0;1;1;1
202200039681;743 224;7;1;1;1;1;0
202200039682;743 222;34;0;2;1;1;0
202200039682;743 223;7;0;2;1;11;1
202200039683;743 218;7;0;2;1;2;1
202200039683;743 219;7;0;2;4;23;1
202200039683;743 220;7;0;2;4;23;1
202200039683;743 221;7;0;2;4;23;1
202200039684;743 216;15;0;2;1;1;1
202200039684;743 217;7;0;2;1;17;1
202200039685;743 214;1;0;2;2;1;5
202200039685;743 215;7;0;2;6;9;0
202200039686;743 212;7;0;2;4;1;1
202200039686;743 213;7;0;2;1;1;1
202200039687;743 209;10;0;2;4;2;1
202200039687;743 210;7;0;2;4;2;1
202200039687;743 211;7;0;2;1;2;1
202200039688;743 208;2;0;0;1;1;1
202200039689;743 207;7;12;0;1;14;1
202200039690;743 206;30;9;0;1;1;1
202200039691;743 205;7;0;1;2;15;1
202200039692;743 204;40;0;1;1;1;3
202200039693;743 202;7;0;2;3;15;1
202200039693;743 203;1;0;2;1;1;5
202200039694;743 201;7;11;0;1;20;1
202200039695;743 198;10;0;1;2;19;1
202200039696;743 196;7;12;2;3;0;1
202200039696;743 197;31;0;2;1;0;1
202200039697;743 194;30;0;2;1;1;1
202200039697;743 195;7;0;2;5;1;1
202200039698;743 193;7;2;0;1;14;1
202200039699;743 191;7;0;2;2;26;1
202200039699;743 192;1;0;2;2;26;5
202200039700;743 189;7;0;2;1;0;1
202200039700;743 190;7;0;2;4;23;1
202200039701;743 188;7;0;0;7;15;1
202200039702;743 187;7;0;1;3;1;1
202200039703;743 184;7;0;2;7;1;1
202200039703;743 185;7;0;2;1;1;1
202200039703;743 186;7;0;2;1;1;1
202200039704;743 182;7;0;2;1;11;1
202200039704;743 183;7;0;2;3;9;1
202200039705;743 180;33;0;2;2;13;1
202200039705;743 181;7;0;2;8;15;1
202200039706;743 176;7;8;2;0;15;0
202200039706;743 177;7;0;2;6;2;0
202200039706;743 178;7;3;2;4;2;0
202200039706;743 179;7;0;2;1;2;0
202200039707;743 174;7;0;2;3;15;2
202200039707;743 175;7;0;2;2;1;1
202200039708;743 172;1;0;2;1;2;5
202200039708;743 173;7;0;0;5;4;1
202200039709;743 171;7;16;0;0;0;1
202200039710;743 170;30;0;0;0;0;1
202200039711;743 169;7;0;1;2;9;1
202200039712;743 168;33;0;0;8;1;1
202200039713;743 165;7;0;2;4;2;1
202200039713;743 166;10;0;2;2;2;1
202200039713;743 167;10;0;2;5;2;1
202200039714;743 163;7;0;2;6;2;1
202200039714;743 164;32;0;2;1;2;1
202200039715;743 161;7;0;2;3;23;1
202200039715;743 162;7;0;2;3;15;1
202200039716;743 160;32;0;0;8;1;1
202200039717;743 158;43;0;2;7;17;1
202200039717;743 159;7;0;2;3;13;1
202200039718;743 156;50;0;2;4;9;3
202200039718;743 157;7;0;2;3;1;2
202200039719;743 154;32;0;2;7;1;1
202200039719;743 155;7;0;2;8;22;1
202200039720;743 152;1;0;2;1;1;5
202200039720;743 153;10;0;2;7;15;1
202200039721;743 150;7;0;2;2;1;1
202200039721;743 151;7;0;2;3;1;1
202200039722;743 149;13;0;1;2;16;1
202200039723;743 148;43;1;0;3;13;1
202200039724;743 146;7;0;2;6;4;1
202200039724;743 147;1;0;2;3;2;5
202200039725;743 144;1;0;2;2;13;5
202200039725;743 145;10;0;2;6;17;1
202200039726;743 142;7;0;2;6;2;1
202200039726;743 143;30;0;2;2;2;1
202200039727;743 140;7;0;2;6;16;0
202200039727;743 141;7;0;2;2;1;5
202200039728;743 138;33;0;2;4;23;1
202200039728;743 139;7;0;2;3;2;1
202200039729;743 137;1;0;0;0;0;5
202200039730;743 135;7;1;2;5;4;2
202200039730;743 136;7;0;2;2;24;1
202200039731;743 134;7;1;0;3;1;1
202200039732;743 132;7;0;2;4;2;1
202200039732;743 133;7;0;2;1;2;1
202200039733;743 131;7;0;1;3;1;1
202200039734;743 130;7;1;0;1;14;1
202200039735;743 128;7;0;2;1;1;1
202200039735;743 129;7;0;9;4;1;1
202200039736;743 127;7;0;1;0;16;1
202200039737;743 125;7;0;2;2;15;1
202200039737;743 126;50;0;2;1;25;3
202200039738;743 123;37;16;0;2;15;0
202200039738;743 124;99;0;2;3;17;2
202200039739;743 121;43;0;2;1;17;1
202200039739;743 122;7;0;2;8;15;1
202200039740;743 119;32;0;2;2;1;1
202200039740;743 120;7;0;2;6;1;1
202200039741;743 117;7;0;2;2;1;1
202200039741;743 118;32;0;2;1;25;1
202200039742;743 116;30;15;0;7;14;1
202200039743;743 115;40;0;1;2;1;0
202200039744;743 114;2;12;0;0;0;1
202200039745;743 111;2;0;0;0;0;0
202200039745;743 112;3;0;2;8;21;0
202200039745;743 113;3;0;2;8;26;0
202200039746;743 109;33;0;2;2;14;1
202200039746;743 110;33;0;2;6;1;1
202200039747;743 107;7;0;2;7;19;1
202200039747;743 108;7;0;2;1;1;1
202200039748;743 106;33;3;0;8;1;1
202200039749;743 104;7;0;2;7;15;1
202200039749;743 105;33;15;2;7;14;1
202200039750;743 102;1;0;2;8;15;5
202200039750;743 103;7;0;9;1;1;1
202200039751;743 101;7;12;0;2;1;1
202200039752;743 100;7;17;0;1;14;1
202200039753;743 099;7;0;1;3;1;1
202200039754;743 095;17;2;0;1;1;1
202200039755;743 093;7;0;2;1;13;1
202200039755;743 094;7;0;2;1;1;1
202200039756;743 092;7;6;1;1;1;1
202200039757;743 090;33;0;2;8;1;1
202200039757;743 091;7;0;2;1;15;1
202200039758;743 088;10;0;2;1;15;1
202200039758;743 089;31;0;2;1;1;1
202200039759;743 087;33;15;0;8;14;1
202200039760;743 085;15;0;2;3;12;1
202200039760;743 086;7;0;2;7;11;1
202200039761;743 081;7;0;2;1;2;1
202200039761;743 082;10;0;2;4;2;1
202200039761;743 083;10;0;2;4;1;1
202200039761;743 084;10;0;2;4;2;1
202200039762;743 080;7;14;0;1;2;1
202200039763;743 079;31;0;0;7;1;1
202200039764;743 077;13;0;2;3;1;1
202200039764;743 078;7;3;2;7;17;1
202200039765;743 075;7;0;2;4;1;1
202200039765;743 076;7;0;2;1;1;1
202200039766;743 074;7;3;0;1;9;1
202200039767;743 072;7;0;2;4;12;1
202200039767;743 073;32;0;2;1;1;1
202200039768;743 070;17;3;0;6;1;1
202200039768;743 071;10;4;2;1;26;1
202200039769;743 069;33;4;0;8;13;1
202200039770;743 066;7;0;2;5;1;1
202200039770;743 067;32;0;2;1;3;1
202200039770;743 068;43;0;2;3;1;1
202200039771;743 064;33;0;2;1;3;1
202200039771;743 065;7;0;2;6;12;1
202200039772;743 063;33;5;0;2;26;1
202200039773;743 061;33;0;2;8;3;1
202200039773;743 062;7;0;2;7;12;1
202200039774;743 059;7;0;2;1;2;2
202200039774;743 060;14;0;2;5;2;1
202200039775;743 058;7;4;0;2;14;1
202200039776;743 056;7;0;2;0;0;0
202200039776;743 057;7;1;0;0;0;0
202200039777;743 055;7;4;0;7;14;1
202200039778;743 051;7;0;2;1;3;1
202200039778;743 052;7;0;2;4;1;1
202200039778;743 053;7;3;0;1;0;1
202200039778;743 054;7;0;2;3;1;1
202200039779;743 048;7;0;2;4;2;2
202200039779;743 049;7;0;2;1;2;1
202200039779;743 050;7;0;2;2;2;1
202200039780;743 047;7;0;0;2;1;1
202200039781;743 045;33;0;2;7;17;1
202200039781;743 046;7;0;2;3;13;1
202200039782;743 043;7;0;2;1;1;1
202200039782;743 044;7;0;2;1;13;1
202200039783;743 042;7;2;0;1;1;1
202200039784;743 040;30;0;2;3;1;1
202200039784;743 041;7;0;2;6;15;1
202200039785;743 039;7;2;0;1;14;1
202200039786;743 037;7;0;2;2;1;1
202200039786;743 038;7;0;0;3;10;1
202200039787;743 036;50;1;0;1;25;3
202200039788;743 029;7;0;2;0;0;1
202200039788;743 030;7;0;2;1;0;1
202200039788;743 031;7;0;2;1;0;1
202200039788;743 033;7;0;2;1;0;1
202200039788;743 034;7;0;2;4;23;1
202200039789;743 032;7;1;2;1;2;1
202200039789;743 035;7;0;2;1;13;1
202200039790;743 027;30;0;0;1;0;1
202200039791;743 026;7;0;2;1;1;1
202200039791;743 028;7;0;2;4;0;1
202200039792;743 025;7;7;0;1;17;1
202200039793;743 021;7;0;9;6;2;1
202200039793;743 023;7;0;2;2;2;1
202200039794;743 022;7;0;2;1;1;2
202200039794;743 024;33;0;2;1;17;1
202200039795;743 016;10;0;2;4;2;1
202200039795;743 018;43;0;2;1;2;1
202200039796;743 015;7;0;2;3;1;2
202200039796;743 017;30;0;2;1;13;1
202200039796;743 019;7;0;9;3;13;1
202200039797;743 011;33;0;2;2;3;1
202200039797;743 014;7;0;2;5;14;1
202200039798;743 010;33;0;2;1;2;1
202200039798;743 012;7;0;2;4;2;1
202200039798;743 013;7;0;2;1;2;0
202200039799;743 007;33;0;2;1;1;1
202200039799;743 009;14;0;2;3;1;1
202200039800;743 006;33;0;2;3;2;1
202200039800;743 008;7;0;2;4;2;0
202200039801;743 004;7;0;1;8;1;1
202200039802;743 003;1;0;2;8;19;5
202200039802;743 005;30;0;2;1;1;1
202200039803;743 001;7;0;2;1;10;1
202200039803;743 002;10;0;2;3;1;1
202200039804;743 000;43;0;1;3;17;1
202200039805;742 998;7;0;2;3;15;1
202200039805;742 999;34;0;2;2;1;1
202200039806;742 996;33;0;2;1;1;1
202200039806;742 997;1;0;2;6;15;5
202200039807;742 995;1;0;1;1;1;5
202200039808;742 992;31;0;2;1;1;1