Num_Acc;id_vehicule;categorie_vehicule;obstacle_fixe;obstacle_mobile;point_choc_initial;manoeuvre_principale;motorisation
202200039808;742 993;7;0;2;2;15;2
202200039809;742 991;31;0;2;3;1;1
202200039809;742 994;30;0;2;1;1;1
202200039810;742 990;1;0;1;1;14;5
202200039811;742 988;32;0;2;1;1;1
202200039811;742 989;10;0;2;7;15;1
202200039812;742 986;37;0;2;5;7;1
202200039812;742 987;1;0;2;3;13;5
202200039813;742 985;7;0;1;1;1;1
202200039814;742 983;7;0;2;1;1;1
202200039814;742 984;7;0;2;8;15;1
202200039815;742 980;10;0;2;7;15;1
202200039815;742 981;1;0;2;1;16;5
202200039816;742 979;7;0;2;1;1;1
202200039816;742 982;7;0;2;4;1;1
202200039817;742 978;7;6;0;8;2;1
202200039818;742 976;50;0;2;1;1;3
202200039818;742 977;1;0;2;1;17;5
202200039819;742 974;7;0;2;1;1;1
202200039819;742 975;7;0;0;4;15;1
202200039820;742 972;10;0;2;8;1;1
202200039820;742 973;30;0;2;7;17;1
202200039821;742 970;7;0;2;1;1;1
202200039821;742 971;33;0;2;0;1;1
202200039822;742 968;32;0;2;3;1;1
202200039822;742 969;31;0;2;2;14;0
202200039823;742 966;1;0;1;7;17;5
202200039824;742 965;7;0;2;1;1;1
202200039824;742 967;7;0;2;1;13;1
202200039825;742 963;7;0;2;3;15;1
202200039825;742 964;30;0;2;1;7;1
202200039826;742 962;7;2;0;7;14;1
202200039827;742 960;7;0;2;4;1;1
202200039827;742 961;7;0;2;1;1;1
202200039828;742 958;7;2;0;7;1;1
202200039829;742 957;34;0;2;1;17;1
202200039829;742 959;7;0;2;8;10;1
202200039830;742 954;7;0;2;4;1;1
202200039830;742 956;7;0;2;1;1;1
202200039831;742 953;7;0;2;8;1;1
202200039831;742 955;7;0;2;1;1;1
202200039832;742 951;7;0;0;1;19;1
202200039832;742 952;7;0;0;1;19;2
202200039833;742 950;7;2;0;1;16;1
202200039834;742 948;32;0;2;1;1;1
202200039834;742 949;7;0;2;3;1;1
202200039835;742 945;7;0;2;1;1;1
202200039835;742 947;7;0;2;1;1;1
202200039836;742 944;7;0;2;2;5;1
202200039836;742 946;7;0;2;0;0;1
202200039837;742 943;7;13;0;0;1;1
202200039838;742 941;34;0;2;3;3;6
202200039838;742 942;7;0;2;3;0;0
202200039839;742 940;43;0;1;1;1;1
202200039840;742 939;7;0;1;1;1;1
202200039841;742 938;7;2;0;1;1;1
202200039842;742 936;7;0;1;1;1;1
202200039843;742 937;7;12;0;1;1;1
202200039844;742 933;13;0;2;7;16;0
202200039844;742 934;7;11;2;6;16;1
202200039845;742 935;7;13;0;1;1;1
202200039846;742 931;7;0;1;1;1;1
202200039847;742 930;7;0;2;3;9;1
202200039847;742 932;30;0;2;1;1;1
202200039848;742 928;7;0;2;3;1;1
202200039848;742 929;7;0;2;3;13;1
202200039849;742 926;7;0;0;9;1;1
202200039850;742 925;7;4;2;1;26;1
202200039850;742 927;7;4;2;1;0;1
202200039851;742 924;7;5;0;1;9;1
202200039852;742 921;7;13;0;2;1;1
202200039853;742 922;3;0;2;5;4;0
202200039853;742 923;2;0;2;1;0;0
202200039854;742 920;2;12;0;0;1;1
202200039855;742 918;32;4;2;8;1;1
202200039855;742 919;7;0;2;2;12;1
202200039856;742 916;7;0;2;1;6;1
202200039856;742 917;7;0;2;1;1;1
202200039857;742 915;7;6;0;1;1;1
202200039858;742 914;7;4;0;1;14;1
202200039859;742 913;7;13;0;1;1;1
202200039860;742 911;7;3;2;1;1;1
202200039860;742 912;7;3;0;4;1;0
202200039861;742 910;7;2;0;0;1;1
202200039862;742 907;7;0;2;3;1;1
202200039862;742 909;7;0;2;7;17;0
202200039863;742 906;7;0;2;3;21;1
202200039863;742 908;7;0;2;3;1;1
202200039864;742 905;7;13;0;2;1;1
202200039865;742 901;7;6;0;5;13;1
202200039865;742 902;3;0;2;1;5;1
202200039866;742 903;7;8;2;4;1;1
202200039866;742 904;14;0;2;1;1;1
202200039867;742 900;10;13;0;1;1;1
202200039868;742 897;7;0;1;8;15;1
202200039869;742 898;7;6;2;3;1;1
202200039869;742 899;7;0;2;1;13;1
202200039870;742 895;7;13;1;7;21;1
202200039871;742 896;10;13;0;1;1;1
202200039872;742 893;7;0;2;1;3;1
202200039872;742 894;3;0;0;4;1;1
202200039873;742 892;31;0;0;0;1;1
202200039874;742 890;7;8;0;1;1;1
202200039875;742 891;7;2;0;3;2;1
202200039876;742 886;7;0;2;1;17;1
202200039876;742 888;7;0;2;1;1;1
202200039876;742 889;7;0;2;6;1;1
202200039877;742 885;7;4;2;3;18;1
202200039877;742 887;10;0;2;5;1;1
202200039878;742 883;7;3;0;1;14;1
202200039879;742 884;33;0;0;8;1;1
202200039880;742 879;7;0;2;1;1;1
202200039880;742 880;2;0;2;7;19;0
202200039881;742 881;1;0;2;4;13;5
202200039881;742 882;10;0;2;2;17;1
202200039882;742 878;7;0;1;3;1;1
202200039883;742 877;10;0;1;1;1;1
202200039884;742 876;7;2;0;1;1;1
202200039885;742 873;15;0;0;0;15;1
202200039885;742 875;7;7;2;1;1;1
202200039886;742 870;34;0;2;1;17;1
202200039886;742 872;7;0;0;8;19;1
202200039887;742 867;14;0;0;5;2;1
202200039887;742 869;15;0;2;3;13;1
202200039888;742 866;7;0;2;8;9;2
202200039888;742 868;1;0;2;2;1;5
202200039889;742 863;7;0;2;1;1;1
202200039889;742 864;7;0;2;1;1;1
202200039889;742 865;7;0;2;1;21;1
202200039890;742 862;33;0;0;0;0;1
202200039891;742 861;2;12;0;8;0;1
202200039892;742 859;32;0;2;1;1;1
202200039892;742 860;7;0;2;1;1;1
202200039893;742 857;10;0;2;2;15;1
202200039893;742 858;7;0;2;1;1;1
202200039894;742 856;2;0;0;0;0;1
202200039895;742 855;7;0;1;2;16;1
202200039896;742 853;7;3;0;9;14;1
202200039897;742 852;7;2;0;7;0;1
202200039898;742 849;10;0;2;1;1;1
202200039898;742 851;7;0;2;7;13;1
202200039899;742 847;7;0;2;1;1;1
202200039899;742 848;7;0;2;1;13;1
202200039900;742 844;7;0;1;4;4;1
202200039901;742 845;7;0;2;1;1;1
202200039901;742 846;21;0;2;3;15;1
202200039902;742 843;7;3;0;1;14;1
202200039903;742 842;7;2;0;1;1;1
202200039904;742 841;7;7;0;1;1;1
202200039905;742 840;7;13;0;2;14;1
202200039906;742 838;3;6;0;1;1;1
202200039907;742 837;7;0;2;1;5;1
202200039907;742 839;7;0;2;1;2;1
202200039908;742 835;7;0;2;2;1;1
202200039908;742 836;7;0;0;7;15;1
202200039909;742 833;7;0;2;1;1;1
202200039909;742 834;10;0;0;8;1;1
202200039910;742 831;7;0;2;0;1;1
202200039910;742 832;17;0;2;8;1;1
202200039911;742 826;15;0;2;1;1;1
202200039911;742 827;3;0;2;1;5;1
202200039911;742 828;15;0;2;1;14;1
202200039912;742 824;10;0;0;0;19;1
202200039912;742 825;33;0;2;1;1;1
202200039913;742 823;7;4;0;1;0;1
202200039914;742 822;7;3;0;3;1;1
202200039915;742 821;15;0;0;8;1;1
202200039916;742 819;7;0;2;1;1;1
202200039916;742 820;7;0;2;4;1;1
202200039917;742 817;10;0;2;1;1;1
202200039917;742 818;7;0;0;4;1;1
202200039918;742 813;7;0;2;4;2;1
202200039918;742 814;7;0;2;4;2;1
202200039918;742 816;7;0;2;1;2;1
202200039919;742 811;7;0;2;4;1;1
202200039919;742 812;7;0;2;4;1;1
202200039919;742 815;7;0;2;1;1;1
202200039920;742 807;7;0;0;3;15;1
202200039920;742 808;1;0;2;1;1;5
202200039921;742 803;10;0;2;3;2;1
202200039921;742 804;7;1;2;5;2;2
202200039921;742 805;7;3;0;3;11;1
202200039921;742 806;7;0;2;4;0;1
202200039921;742 809;7;0;2;8;2;1
202200039921;742 810;7;0;2;4;12;1
202200039922;742 802;7;4;0;1;1;1
202200039923;742 801;7;0;2;1;9;1
202200039924;742 797;7;0;2;1;21;1
202200039924;742 798;17;0;2;3;1;1
202200039925;742 799;1;0;2;3;1;5
202200039925;742 800;10;0;2;3;1;1
202200039926;742 795;33;0;2;2;1;1
202200039926;742 796;7;0;2;3;11;0
202200039927;742 793;7;0;0;8;13;1
202200039928;742 792;32;0;2;7;1;1
202200039928;742 794;7;0;2;3;15;0
202200039929;742 790;15;0;2;2;12;1
202200039929;742 791;7;0;2;6;1;1
202200039930;742 786;7;0;2;1;1;1
202200039930;742 787;7;0;2;4;1;1
202200039930;742 789;7;0;2;4;1;1
202200039931;742 788;33;0;0;3;1;1
202200039932;742 784;15;0;2;4;11;1
202200039932;742 785;7;0;2;1;1;1
202200039933;742 783;7;2;0;3;1;1
202200039934;742 781;17;0;2;8;1;1
202200039934;742 782;7;4;2;3;21;1
202200039935;742 780;7;0;1;1;1;1
202200039936;742 779;7;0;1;2;1;1
202200039937;742 777;7;0;1;1;1;1
202200039938;742 776;10;0;2;7;1;1
202200039938;742 778;7;0;2;1;1;1
202200039939;742 774;7;0;2;4;1;1
202200039939;742 775;7;0;2;1;1;1
202200039940;742 773;7;0;1;2;15;1
202200039941;742 770;7;16;0;0;14;1
202200039941;742 771;1;16;0;0;26;5
202200039942;742 769;7;0;2;1;13;1
202200039942;742 772;7;0;2;1;1;1
202200039943;742 768;7;0;1;2;17;1
202200039944;742 766;10;0;1;5;1;1
202200039945;742 765;1;0;2;7;1;5
202200039945;742 767;7;0;2;2;9;1
202200039946;742 763;7;13;0;1;1;1
202200039947;742 762;7;0;0;0;0;1
202200039947;742 764;30;0;2;0;15;1
202200039948;742 760;7;0;1;1;16;1
202200039949;742 759;30;0;2;3;11;1
202200039949;742 761;30;0;2;0;0;0
202200039950;742 757;33;3;0;3;1;1
202200039951;742 756;7;0;2;7;15;3
202200039951;742 758;1;0;2;1;9;5
202200039952;742 755;7;0;1;1;15;1
202200039953;742 752;1;0;1;2;19;5
202200039954;742 751;15;0;2;1;0;1
202200039954;742 753;7;0;2;3;17;1
202200039954;742 754;7;0;2;3;21;1
202200039955;742 750;7;0;1;1;1;1
202200039956;742 749;7;4;0;0;1;0
202200039957;742 746;7;0;2;1;15;1
202200039957;742 748;32;0;2;1;1;1
202200039958;742 747;33;0;0;0;0;1
202200039959;742 741;7;0;2;4;23;1
202200039959;742 743;7;0;2;1;1;1
202200039960;742 739;7;0;2;0;0;1
202200039960;742 740;7;0;2;0;0;1
202200039960;742 742;7;0;2;0;0;1
202200039960;742 744;7;0;2;4;23;1
202200039960;742 745;10;0;2;0;0;1
202200039961;742 738;7;4;0;9;1;1
202200039962;742 737;7;0;1;7;1;1
202200039963;742 735;7;0;2;4;14;1
202200039963;742 736;33;0;2;1;1;1
202200039964;742 733;7;0;2;1;1;1
202200039964;742 734;7;0;2;3;16;1
202200039965;742 730;7;0;1;2;1;1
202200039966;742 729;15;0;2;4;2;1
202200039966;742 731;7;0;2;1;2;1
202200039966;742 732;10;0;2;1;2;1
202200039967;742 728;7;4;0;1;13;1
202200039968;742 726;7;0;2;4;2;1
202200039968;742 727;7;0;2;1;2;1
202200039969;742 724;10;0;2;3;1;1
202200039969;742 725;7;0;2;2;13;3
202200039970;742 721;7;0;2;8;11;1
202200039970;742 723;33;0;2;7;3;1
202200039971;742 720;10;14;9;3;15;1
202200039971;742 722;1;0;0;0;0;5
202200039972;742 718;7;8;0;8;0;1
202200039973;742 716;10;0;2;4;1;1
202200039973;742 717;7;0;2;3;1;1
202200039973;742 719;33;0;2;1;3;1
202200039974;742 714;7;0;2;3;15;1
202200039974;742 715;31;0;2;1;1;1
202200039975;742 713;7;4;0;8;1;1
202200039976;742 712;7;0;1;1;1;1
202200039977;742 710;7;3;0;1;1;1
202200039978;742 709;33;0;2;1;2;1
202200039978;742 711;7;0;2;3;15;1
202200039979;742 705;7;0;2;1;2;1
202200039979;742 707;7;0;2;4;2;1
202200039979;742 708;7;0;2;4;2;1
202200039980;742 704;7;0;2;4;1;1
202200039980;742 706;10;0;2;1;2;1
202200039981;742 702;7;0;1;1;15;1
202200039982;742 701;31;6;0;1;1;1
202200039983;742 698;7;0;2;1;13;1
202200039983;742 699;7;0;2;7;21;1
202200039983;742 700;7;0;2;1;2;1
202200039984;742 695;7;3;0;1;9;1
202200039984;742 703;7;0;9;1;1;1
202200039985;742 691;33;0;2;3;1;1
202200039985;742 692;7;0;2;5;12;1
202200039986;742 688;7;0;2;8;1;1
202200039986;742 690;7;0;2;1;15;1
202200039987;742 687;7;0;2;2;12;1
202200039987;742 689;33;0;2;3;0;1
202200039988;742 685;7;0;1;3;15;1
202200039989;742 686;33;0;0;7;1;1
202200039990;742 682;7;0;2;1;1;1
202200039990;742 684;7;0;2;7;19;1
202200039991;742 681;7;0;2;1;1;1
202200039991;742 683;7;0;2;4;1;2
202200039992;742 680;7;0;1;1;15;1
202200039993;742 679;7;5;0;2;2;1
202200039994;742 676;7;0;2;4;0;1
202200039994;742 677;7;0;2;1;1;1
202200039995;742 675;33;0;2;9;2;1
202200039995;742 678;7;0;2;7;2;1
202200039996;742 672;7;0;2;1;1;1
202200039996;742 673;7;0;2;4;1;1
202200039996;742 674;7;0;2;4;1;1
202200039997;742 671;34;0;0;0;1;1
202200039998;742 669;7;0;2;7;15;1
202200039998;742 670;33;0;2;1;16;1
202200039999;742 668;33;5;0;7;1;1
202200040000;742 665;7;0;2;3;2;1
202200040000;742 667;7;0;2;4;2;1
202200040001;742 664;7;0;2;6;11;1
202200040001;742 666;33;0;2;5;1;1
202200040002;742 662;33;0;2;8;1;1
202200040002;742 663;7;0;2;2;16;1
202200040003;742 657;30;0;2;1;1;1
202200040003;742 659;10;0;2;4;1;1
202200040004;742 655;7;0;2;0;0;1
202200040004;742 656;7;0;2;4;2;1
202200040004;742 658;7;0;2;4;2;1
202200040004;742 660;7;0;2;4;2;1
202200040004;742 661;15;0;2;1;2;1
202200040005;742 653;1;0;2;1;19;5
202200040005;742 654;7;0;2;2;1;1
202200040006;742 648;7;0;2;1;1;1
202200040006;742 650;10;0;2;1;15;1
202200040007;742 647;7;0;2;6;2;1
202200040007;742 649;7;0;2;4;0;1
202200040007;742 651;7;0;2;4;2;1
202200040007;742 652;10;0;2;1;2;1
202200040008;742 645;33;3;0;7;17;1
202200040009;742 644;7;0;2;3;10;1
202200040009;742 646;43;0;2;2;17;1
202200040010;742 642;17;13;0;9;26;1
202200040011;742 641;7;0;2;1;2;1
202200040011;742 643;1;0;2;7;15;5
202200040012;742 638;7;11;0;1;1;1
202200040013;742 637;7;0;2;2;2;1
202200040013;742 639;10;0;2;4;2;1
202200040013;742 640;10;0;2;6;2;1
202200040014;742 636;2;0;0;2;26;1
202200040015;742 634;33;0;2;1;2;1
202200040015;742 635;7;0;2;6;1;1
202200040016;742 630;7;0;1;1;1;1
202200040017;742 627;7;0;2;1;2;1
202200040017;742 628;7;0;2;4;1;1
202200040018;742 626;7;0;2;3;15;1
202200040018;742 629;7;0;2;1;19;1
202200040019;742 624;1;0;2;7;1;5
202200040019;742 625;7;0;9;8;13;2
202200040020;742 622;7;0;2;3;2;1
202200040020;742 623;30;0;2;3;5;1
202200040021;742 621;7;0;1;2;1;1
202200040022;742 619;7;0;2;3;15;1
202200040022;742 620;50;0;2;1;5;3
202200040023;742 618;7;11;2;1;1;1
202200040024;742 617;7;16;0;3;13;1
202200040025;742 615;7;0;2;5;15;1
202200040025;742 616;7;0;2;1;1;1
202200040026;742 613;7;0;2;6;26;1
202200040026;742 614;30;0;2;1;1;1
202200040027;742 612;7;0;1;1;1;1
202200040028;742 610;10;0;1;2;1;1
202200040029;742 609;7;0;2;1;1;1
202200040029;742 611;7;0;2;1;17;1
202200040030;742 607;1;0;2;1;1;5
202200040030;742 608;7;0;2;1;15;1
202200040031;742 605;7;0;2;3;26;1
202200040031;742 606;32;0;2;1;1;1
202200040032;742 604;7;0;1;3;1;1
202200040033;742 602;7;0;1;3;1;1
202200040034;742 601;30;0;2;3;18;1
202200040034;742 603;38;0;2;5;1;1
202200040035;742 599;10;0;2;5;15;0
202200040035;742 600;50;0;2;1;1;3
202200040036;742 595;99;0;2;2;1;3
202200040036;742 597;7;0;9;3;9;1
202200040037;742 596;10;9;2;1;1;1
202200040037;742 598;10;0;2;3;1;1
202200040038;742 594;7;0;1;1;1;1
202200040039;742 593;10;0;1;2;1;1
202200040040;742 589;7;1;2;2;1;1
202200040040;742 591;7;1;2;9;1;1
202200040040;742 592;7;0;2;6;24;1
202200040041;742 588;7;0;2;1;1;3
202200040041;742 590;7;0;2;1;15;1
202200040042;742 587;33;4;0;1;1;1
202200040043;742 584;7;0;2;1;1;1
202200040043;742 586;7;0;2;4;1;1
202200040044;742 585;2;0;9;0;9;1
202200040045;742 582;7;0;2;3;15;1
202200040045;742 583;33;0;2;1;17;1
202200040046;742 578;33;0;2;1;13;1
202200040046;742 580;1;0;2;1;1;5
202200040047;742 579;7;0;2;4;15;1
202200040047;742 581;32;0;2;1;1;1
202200040048;742 576;31;0;2;1;26;1
202200040048;742 577;30;0;2;6;15;3
202200040049;742 572;7;0;2;1;2;1
202200040049;742 573;7;0;2;4;23;1
202200040049;742 575;7;0;2;4;23;1
202200040050;742 571;7;0;9;1;9;1
202200040050;742 574;2;0;2;1;15;1
202200040051;742 569;37;0;2;1;7;1
202200040051;742 570;7;0;2;2;1;1
202200040052;742 567;7;0;2;1;11;1
202200040052;742 568;31;0;2;1;1;1
202200040053;742 564;7;0;2;1;1;1
202200040053;742 566;7;0;2;4;1;1
202200040054;742 563;7;0;2;2;1;1
202200040054;742 565;7;14;2;9;1;1
202200040055;742 559;50;0;2;2;1;3
202200040055;742 560;7;0;2;3;0;1
202200040056;742 557;7;6;2;4;16;1
202200040056;742 558;7;0;2;1;1;1
202200040057;742 554;7;0;2;8;1;1
202200040057;742 556;3;0;2;3;6;1
202200040058;742 552;7;0;1;1;1;1
202200040059;742 553;50;0;2;1;19;3
202200040059;742 555;7;0;2;2;15;1
202200040060;742 551;7;0;1;1;1;1
202200040061;742 549;7;2;0;1;1;2
202200040062;742 546;34;0;2;1;17;1
202200040062;742 548;30;0;2;1;1;1
202200040063;742 547;50;0;2;1;1;3
202200040063;742 550;7;0;2;3;16;1
202200040064;742 545;7;8;0;1;17;1
202200040065;742 542;32;0;0;7;1;1
202200040066;742 543;7;0;2;6;2;1
202200040066;742 544;7;0;2;2;2;1
202200040067;742 540;33;0;2;3;3;1
202200040067;742 541;33;0;2;4;23;1
202200040068;742 536;14;0;2;0;13;1
202200040068;742 538;33;11;0;8;17;1
202200040069;742 535;7;0;2;4;2;1
202200040069;742 539;7;0;2;1;2;1
202200040070;742 534;99;12;2;1;19;3
202200040070;742 537;7;0;2;3;2;1
202200040071;742 533;1;0;1;1;1;5
202200040072;742 530;7;0;2;4;0;0
202200040072;742 531;7;0;2;1;0;0
202200040073;742 529;99;0;2;0;11;0
202200040073;742 532;34;0;2;1;2;1
202200040074;742 527;30;0;2;0;1;0
202200040074;742 528;1;0;2;1;9;5
202200040075;742 524;7;0;2;1;1;1
202200040075;742 526;7;0;2;4;1;1
202200040076;742 525;50;0;1;3;1;3
202200040077;742 523;7;4;0;3;1;1
202200040078;742 519;32;0;2;0;1;1
202200040078;742 522;50;0;2;0;1;3
202200040079;742 520;10;0;2;6;1;1
202200040079;742 521;7;0;2;9;9;1
202200040080;742 517;7;0;2;1;2;1
202200040080;742 518;50;0;2;8;15;3
202200040081;742 516;50;12;0;1;16;3
202200040082;742 515;33;13;0;3;0;1
202200040083;742 513;32;0;2;8;18;1
202200040083;742 514;7;0;2;7;1;1
202200040084;742 511;7;0;1;3;1;1
202200040085;742 508;7;0;2;3;15;1
202200040085;742 509;50;0;2;1;1;3
202200040086;742 506;7;0;2;1;26;0
202200040086;742 510;7;0;2;4;23;0
202200040087;742 507;7;0;2;6;2;1
202200040087;742 512;50;0;2;1;1;3
202200040088;742 504;1;0;1;1;1;5
202200040089;742 505;31;1;0;1;14;1
202200040090;742 502;7;1;0;3;13;1
202200040091;742 500;7;0;2;7;15;1
202200040091;742 501;7;0;2;1;1;1
202200040092;742 499;32;0;2;1;1;1
202200040092;742 503;7;0;2;2;1;2
202200040093;742 497;10;0;1;7;1;1
202200040094;742 496;7;0;2;5;23;1
202200040094;742 498;7;0;2;1;3;1
202200040095;742 494;10;0;1;3;16;1
202200040096;742 495;7;8;0;4;1;1
202200040097;742 491;10;0;2;2;17;1
202200040097;742 492;1;0;2;8;1;5
202200040098;742 489;7;0;2;3;15;1
202200040098;742 490;32;0;2;1;1;1
202200040098;742 493;7;0;2;3;0;1
202200040099;742 488;10;8;0;0;0;1
202200040100;742 486;10;0;1;1;1;1
202200040101;742 485;7;0;2;2;15;1
202200040101;742 487;30;0;2;3;1;1
202200040102;742 483;7;0;2;1;5;1
202200040102;742 484;2;0;2;1;1;1
202200040103;742 480;2;0;2;1;1;3
202200040103;742 482;7;0;2;5;1;1
202200040104;742 478;7;0;2;3;19;1
202200040104;742 481;31;0;2;2;17;1
202200040105;742 471;1;0;2;4;2;5
202200040105;742 473;7;0;2;7;2;1
202200040105;742 475;10;0;2;6;2;1
202200040105;742 477;43;0;2;1;2;1
202200040106;742 472;7;12;2;8;10;1
202200040106;742 474;2;0;2;7;1;0
202200040107;742 476;7;0;2;8;15;1
202200040107;742 479;33;0;2;7;1;1
202200040108;742 470;7;0;1;1;15;1
202200040109;742 468;7;0;1;2;1;1
202200040110;742 467;7;0;1;2;0;1
202200040111;742 465;7;0;1;1;1;1
202200040112;742 463;30;0;2;1;1;1
202200040112;742 464;7;0;2;3;1;1
202200040113;742 466;2;0;2;1;1;1
202200040113;742 469;7;0;2;1;15;1
202200040114;742 461;7;0;2;3;9;1
202200040114;742 462;15;0;2;5;1;1
202200040115;742 459;7;0;2;1;1;1
202200040115;742 460;7;0;2;4;1;1
202200040116;742 458;7;0;1;2;16;1
202200040117;742 455;33;0;2;1;2;1
202200040117;742 456;7;0;2;5;23;1
202200040118;742 453;7;0;1;2;1;1
202200040119;742 452;10;0;1;2;1;1
202200040120;742 454;7;0;2;3;15;1
202200040120;742 457;33;0;2;1;17;1
202200040121;742 450;31;0;2;0;0;0
202200040121;742 451;7;0;2;2;16;1
202200040122;742 449;7;0;1;1;1;1
202200040123;742 446;7;4;0;9;1;0
202200040124;742 448;7;0;1;1;16;1
202200040125;742 445;3;1;0;1;19;1
202200040125;742 447;3;1;0;0;0;0
202200040126;742 440;7;0;0;4;2;1
202200040126;742 443;7;0;2;1;2;1
202200040127;742 437;7;12;2;1;13;1
202200040127;742 441;30;0;2;1;1;1
202200040128;742 433;33;0;2;5;12;1
202200040128;742 435;7;0;2;3;1;1
202200040129;742 434;7;0;2;1;2;0
202200040129;742 436;7;0;2;1;1;0
202200040129;742 438;7;0;2;9;1;1
202200040129;742 439;7;0;2;0;0;1
202200040129;742 442;7;0;2;0;0;1
202200040129;742 444;7;14;2;9;1;1
202200040130;742 432;2;0;0;0;1;1
202200040131;742 431;2;0;0;0;26;1
202200040132;742 428;2;14;0;5;26;1
202200040132;742 430;7;0;0;5;1;1
202200040133;742 429;7;0;1;0;26;1
202200040134;742 426;2;0;2;2;1;1
202200040134;742 427;7;0;2;3;1;1
202200040135;742 425;7;2;0;3;13;1
202200040136;742 422;10;0;2;4;1;1
202200040136;742 423;14;0;2;1;2;1
202200040137;742 421;7;0;2;6;0;1
202200040137;742 424;7;0;2;8;17;1
202200040138;742 418;7;0;2;1;17;1
202200040138;742 420;7;0;2;3;15;3
202200040139;742 417;7;0;2;2;16;1
202200040139;742 419;7;0;2;3;0;2
202200040140;742 415;7;0;1;4;4;1
202200040141;742 414;1;9;1;1;1;5
202200040142;742 412;30;0;2;1;1;1
202200040142;742 413;7;0;2;3;19;1
202200040143;742 411;7;0;2;1;1;1
202200040143;742 416;7;0;2;3;1;1
202200040144;742 409;30;16;0;1;1;1
202200040145;742 407;3;13;0;2;26;1
202200040146;742 408;7;0;2;8;1;1
202200040146;742 410;7;0;0;1;19;1
202200040147;742 402;7;0;2;8;15;1
202200040147;742 406;7;0;2;1;19;1
202200040148;742 403;7;0;2;6;23;1
202200040148;742 405;50;0;2;1;1;3
202200040149;742 397;7;0;2;3;1;1
202200040149;742 398;7;0;2;2;19;1
202200040150;742 396;7;0;2;1;1;1
202200040150;742 399;7;0;2;2;15;1
202200040151;742 395;7;0;2;1;1;1
202200040151;742 400;7;0;2;4;23;1
202200040151;742 401;7;0;2;4;23;1
202200040151;742 404;7;0;2;1;1;1
202200040152;742 392;7;0;2;6;15;1
202200040152;742 394;2;0;2;1;1;1
202200040153;742 393;38;6;0;3;1;1
202200040154;742 389;10;1;0;2;2;1
202200040155;742 387;7;0;2;4;23;1
202200040155;742 390;7;0;2;1;1;1
202200040156;742 386;7;0;2;1;2;1
202200040156;742 388;7;0;2;4;2;1
202200040156;742 391;7;0;2;4;2;1
202200040157;742 384;10;0;1;1;1;1
202200040158;742 381;7;0;1;1;1;1
202200040159;742 383;33;0;0;8;13;1
202200040159;742 385;33;3;0;9;13;1
202200040160;742 382;50;0;0;0;1;3
202200040161;742 380;7;0;1;1;16;1
202200040162;742 377;30;0;2;1;5;1
202200040162;742 379;7;0;2;3;15;1
202200040163;742 375;7;0;2;3;13;1
202200040163;742 376;7;0;2;3;17;1
202200040163;742 378;3;0;2;8;1;1
202200040164;742 372;7;0;2;1;1;1
202200040164;742 374;7;0;2;4;1;1
202200040165;742 371;7;0;2;1;1;0
202200040165;742 373;33;0;2;4;1;1
202200040166;742 368;7;0;2;2;1;1
202200040166;742 370;2;0;2;6;1;1
202200040167;742 366;50;0;2;1;19;3
202200040167;742 367;7;0;2;2;1;1
202200040168;742 365;7;0;2;3;13;1
202200040168;742 369;7;0;2;6;1;3
202200040169;742 363;2;0;2;8;1;1
202200040169;742 364;7;0;2;0;0;0
202200040170;742 362;7;0;1;4;4;1
202200040171;742 360;7;0;2;7;2;1
202200040171;742 361;1;0;2;8;2;5
202200040172;742 358;7;0;2;2;1;1
202200040172;742 359;3;8;2;1;20;1
202200040173;742 357;7;0;1;0;1;1
202200040174;742 355;7;0;2;8;1;1
202200040174;742 356;7;0;2;8;15;1
202200040175;742 351;7;0;2;3;1;1
202200040175;742 353;7;0;2;1;15;1
202200040176;742 352;10;0;9;2;16;1
202200040176;742 354;50;0;2;1;1;3
202200040177;742 349;7;0;2;8;21;1
202200040177;742 350;7;0;2;1;1;1
202200040178;742 347;7;0;1;1;1;1
202200040179;742 346;7;0;2;3;1;1
202200040179;742 348;7;0;2;5;15;1
202200040180;742 344;7;0;9;0;9;1
202200040180;742 345;1;0;2;4;1;5
202200040181;742 343;7;0;1;1;1;1
202200040182;742 340;7;11;1;2;2;1
202200040183;742 341;1;0;2;4;2;5
202200040183;742 342;10;0;2;2;2;1
202200040184;742 338;7;0;1;2;2;1
202200040185;742 337;7;0;2;4;1;1
202200040185;742 339;10;0;2;1;1;1
202200040186;742 336;10;1;0;2;14;1
202200040187;742 332;7;0;2;4;1;1
202200040187;742 333;7;0;2;4;1;1
202200040187;742 335;7;0;2;1;2;1
202200040188;742 329;33;0;2;1;1;1
202200040188;742 331;7;0;2;3;1;2
202200040189;742 330;7;0;2;2;1;1
202200040189;742 334;7;0;2;6;0;0
202200040190;742 327;30;0;2;3;1;1
202200040190;742 328;7;0;2;8;26;1
202200040191;742 326;33;0;0;1;1;1
202200040192;742 324;7;0;1;1;5;1
202200040193;742 323;7;0;2;4;1;1
202200040193;742 325;7;0;2;1;2;1
202200040194;742 320;7;0;1;2;1;0
202200040195;742 317;7;0;2;1;1;1
202200040195;742 318;7;0;2;5;2;1
202200040196;742 311;7;0;2;1;1;1
202200040196;742 315;7;0;2;1;1;1
202200040196;742 316;7;0;2;1;1;1
202200040196;742 319;7;0;0;4;1;1
202200040197;742 309;33;0;0;0;1;1
202200040198;742 305;50;0;2;7;2;3
202200040198;742 306;7;0;9;3;2;1
202200040199;742 304;7;0;2;1;1;1
202200040199;742 307;7;0;2;1;13;1
202200040200;742 302;7;0;2;2;19;1
202200040200;742 303;7;0;2;8;9;1
202200040201;742 301;7;6;0;1;13;1
202200040202;742 299;7;2;0;1;1;1
202200040203;742 297;7;13;0;9;1;1