Num_Acc;id_vehicule;categorie_vehicule;obstacle_fixe;obstacle_mobile;point_choc_initial;manoeuvre_principale;motorisation
202200040204;742 298;7;0;1;1;0;1
202200040205;742 292;50;0;2;1;2;3
202200040205;742 294;7;0;2;1;1;1
202200040206;742 293;7;0;2;3;15;1
202200040206;742 295;1;0;2;1;1;5
202200040207;742 289;7;0;2;3;1;1
202200040207;742 290;7;0;0;3;2;1
202200040207;742 291;30;0;2;8;15;1
202200040208;742 288;7;0;1;1;15;1
202200040209;742 286;7;0;2;1;1;1
202200040209;742 287;7;0;2;1;5;1
202200040210;742 283;7;0;1;1;0;0
202200040211;742 284;7;0;2;7;9;1
202200040211;742 285;2;0;2;1;9;1
202200040212;742 281;33;0;2;1;1;0
202200040212;742 282;10;0;2;7;15;0
202200040213;742 280;3;0;0;1;1;0
202200040214;742 277;99;0;2;8;19;3
202200040214;742 278;7;0;2;2;1;1
202200040215;742 274;7;0;0;1;13;1
202200040215;742 276;7;0;0;1;1;1
202200040216;742 275;7;0;2;2;15;1
202200040216;742 279;30;0;2;1;1;1
202200040217;742 272;7;3;0;6;1;1
202200040217;742 273;7;3;2;2;2;1
202200040218;742 269;1;0;2;1;1;5
202200040218;742 270;7;0;9;2;15;1
202200040219;742 268;7;0;2;1;2;1
202200040219;742 271;7;0;2;4;2;1
202200040220;742 266;33;0;2;1;3;1
202200040220;742 267;7;0;2;3;15;1
202200040221;742 263;34;0;2;1;1;1
202200040221;742 265;7;0;2;8;9;1
202200040222;742 261;7;0;1;1;1;1
202200040223;742 262;31;0;2;8;1;1
202200040223;742 264;7;0;2;2;12;0
202200040224;742 259;10;5;0;1;0;1
202200040224;742 260;10;0;9;1;13;1
202200040225;742 256;33;0;2;2;1;1
202200040225;742 258;10;0;2;3;1;1
202200040226;742 254;7;8;0;1;1;1
202200040227;742 253;7;6;2;8;1;1
202200040227;742 255;7;0;2;8;26;2
202200040227;742 257;7;10;2;2;17;1
202200040228;742 252;7;14;1;3;13;1
202200040229;742 249;7;0;2;1;1;1
202200040229;742 251;7;0;2;4;1;1
202200040230;742 247;33;0;0;0;21;1
202200040231;742 248;7;0;2;4;2;1
202200040231;742 250;7;0;2;1;2;1
202200040232;742 240;7;0;2;4;23;1
202200040232;742 242;7;0;2;4;23;1
202200040232;742 244;7;0;2;2;23;1
202200040232;742 245;7;0;2;3;23;1
202200040232;742 246;7;0;2;0;0;0
202200040233;742 239;7;0;2;1;1;1
202200040233;742 241;7;0;2;4;23;1
202200040233;742 243;7;0;2;4;23;1
202200040234;742 237;7;0;2;4;2;1
202200040234;742 238;7;0;2;2;1;1
202200040235;742 234;7;6;0;1;21;1
202200040236;742 232;34;0;2;1;1;1
202200040236;742 233;7;0;2;5;18;1
202200040237;742 231;10;0;1;3;26;0
202200040238;742 228;7;0;2;1;1;1
202200040238;742 230;7;0;2;4;23;1
202200040239;742 227;7;0;2;3;1;1
202200040239;742 229;80;0;2;7;1;3
202200040240;742 226;7;0;1;1;19;1
202200040241;742 224;36;0;0;3;26;0
202200040242;742 225;30;0;0;7;1;1
202200040243;742 222;2;0;0;1;26;1
202200040244;742 221;3;0;2;1;2;0
202200040244;742 223;7;0;2;4;23;0
202200040245;742 220;7;14;0;1;1;6
202200040246;742 218;7;0;0;1;0;1
202200040247;742 219;7;0;1;1;1;1
202200040248;742 215;7;0;2;7;2;1
202200040248;742 217;10;0;2;2;2;0
202200040249;742 213;7;1;0;1;14;1
202200040250;742 212;7;0;5;1;11;1
202200040251;742 210;7;16;0;0;13;1
202200040252;742 209;1;0;9;7;0;5
202200040252;742 211;1;0;9;1;0;5
202200040253;742 206;7;0;2;1;16;1
202200040253;742 208;7;0;2;7;1;1
202200040254;742 204;7;0;2;1;1;1
202200040254;742 205;7;0;2;1;2;1
202200040254;742 207;37;0;2;1;13;4
202200040255;742 202;7;0;2;1;2;1
202200040255;742 203;7;0;2;4;1;1
202200040256;742 201;32;14;0;1;1;1
202200040257;742 199;7;0;2;2;0;0
202200040257;742 200;80;0;2;1;1;3
202200040258;742 197;7;0;2;8;1;1
202200040258;742 198;1;0;2;1;1;5
202200040259;742 195;7;0;1;4;20;1
202200040260;742 196;33;0;0;8;13;1
202200040261;742 194;13;0;1;4;4;1
202200040262;742 192;7;1;0;1;13;1
202200040263;742 193;3;8;0;2;14;1
202200040264;742 190;7;0;2;8;1;1
202200040264;742 191;7;0;2;1;1;1
202200040265;742 189;3;4;0;8;15;1
202200040266;742 188;10;0;0;1;2;3
202200040267;742 187;7;0;1;3;16;1
202200040268;742 185;7;0;2;3;2;1
202200040268;742 186;7;4;2;5;2;2
202200040269;742 183;7;0;1;1;15;2
202200040270;742 181;7;4;0;1;12;1
202200040271;742 182;7;0;2;1;1;1
202200040271;742 184;7;6;2;1;1;1
202200040272;742 179;33;0;2;1;1;1
202200040272;742 180;7;0;2;1;16;2
202200040273;742 175;7;0;2;1;2;1
202200040273;742 176;32;0;2;4;2;1
202200040274;742 177;2;8;1;1;1;1
202200040274;742 178;7;0;2;0;15;1
202200040275;742 174;32;0;1;1;1;1
202200040276;742 171;7;0;2;1;15;0
202200040276;742 172;43;0;2;1;1;1
202200040277;742 170;7;0;2;2;9;1
202200040277;742 173;99;0;2;1;9;3
202200040278;742 167;7;0;2;7;15;1
202200040278;742 169;7;0;2;1;1;1
202200040279;742 168;7;0;1;2;21;1
202200040280;742 165;31;0;4;3;6;1
202200040280;742 166;40;0;2;1;1;3
202200040281;742 163;7;0;1;7;16;3
202200040282;742 164;31;0;1;1;1;1
202200040283;742 162;7;0;2;1;15;1
202200040284;742 160;7;0;2;1;20;1
202200040284;742 161;33;0;2;7;1;1
202200040285;742 158;1;0;2;1;5;5
202200040285;742 159;1;0;2;1;1;5
202200040286;742 155;7;0;2;1;9;1
202200040286;742 157;32;0;2;7;1;1
202200040287;742 154;30;0;2;3;1;1
202200040287;742 156;7;0;2;7;1;1
202200040288;742 152;7;0;2;2;1;2
202200040288;742 153;30;0;2;7;15;1
202200040289;742 148;10;0;2;2;16;1
202200040289;742 150;30;0;2;8;18;1
202200040290;742 149;30;0;2;8;17;1
202200040290;742 151;7;0;2;8;1;1
202200040291;742 146;30;0;1;1;1;1
202200040292;742 145;10;0;2;2;1;1
202200040292;742 147;80;0;2;1;1;3
202200040293;742 144;7;0;1;4;4;1
202200040294;742 143;43;0;1;1;1;1
202200040295;742 141;7;0;1;1;15;1
202200040296;742 140;10;0;2;0;19;0
202200040296;742 142;1;0;2;7;19;5
202200040297;742 138;7;0;2;8;15;1
202200040297;742 139;33;0;2;7;1;1
202200040298;742 137;7;6;0;1;1;1
202200040299;742 135;7;0;1;2;1;1
202200040300;742 136;7;0;1;3;19;1
202200040301;742 131;2;14;2;1;1;3
202200040301;742 132;33;0;2;1;5;1
202200040301;742 134;80;0;2;1;2;3
202200040302;742 129;7;0;2;1;1;1
202200040302;742 133;7;0;2;1;13;1
202200040303;742 127;7;0;2;3;15;1
202200040303;742 128;7;0;2;3;19;1
202200040304;742 130;7;0;1;1;15;0
202200040305;742 125;1;9;0;4;2;5
202200040305;742 126;7;0;2;2;1;1
202200040306;742 123;7;0;2;2;1;1
202200040306;742 124;10;0;2;1;5;1
202200040307;742 122;50;0;0;0;0;3
202200040308;742 121;33;0;1;1;1;1
202200040309;742 120;7;1;1;5;1;1
202200040310;742 119;50;0;0;0;1;3
202200040311;742 117;7;0;2;2;1;1
202200040311;742 118;10;0;2;1;1;1
202200040312;742 114;7;0;2;1;9;1
202200040312;742 116;1;0;2;7;1;5
202200040313;742 113;7;0;2;1;15;1
202200040313;742 115;33;0;2;7;2;1
202200040314;742 111;7;0;2;1;1;1
202200040314;742 112;50;0;2;7;1;3
202200040315;742 109;50;0;2;1;17;3
202200040315;742 110;1;0;2;8;15;5
202200040316;742 108;7;0;1;0;12;1
202200040317;742 106;37;0;1;1;15;0
202200040318;742 107;7;1;0;0;1;2
202200040319;742 105;10;0;1;5;26;1
202200040320;742 102;43;0;1;3;3;1
202200040320;742 104;7;0;2;3;23;1
202200040321;742 099;33;0;2;1;1;1
202200040321;742 100;3;0;2;3;1;1
202200040322;742 101;7;0;2;2;15;1
202200040322;742 103;1;0;2;1;1;5
202200040323;742 098;0;0;1;1;19;0
202200040324;742 095;7;0;2;1;15;1
202200040324;742 096;30;0;2;3;1;1
202200040325;742 093;32;0;0;0;1;1
202200040326;742 094;7;0;2;4;2;1
202200040326;742 097;7;0;2;1;2;1
202200040327;742 091;32;1;0;8;26;1
202200040327;742 092;7;1;0;0;0;1
202200040328;742 088;32;0;2;7;17;1
202200040328;742 089;10;0;2;8;15;1
202200040329;742 087;10;0;2;8;1;1
202200040329;742 090;37;0;2;1;1;1
202200040330;742 085;7;0;2;0;12;1
202200040330;742 086;32;0;2;2;2;1
202200040331;742 082;7;0;2;2;1;1
202200040331;742 084;7;0;2;3;0;1
202200040332;742 081;1;0;2;1;1;5
202200040332;742 083;7;0;2;3;1;1
202200040333;742 080;7;0;1;3;1;1
202200040334;742 075;7;0;2;1;2;1
202200040334;742 076;7;0;2;1;2;1
202200040334;742 077;7;0;0;4;2;1
202200040334;742 079;7;0;2;1;2;1
202200040335;742 078;7;0;1;2;1;1
202200040336;742 074;7;15;0;1;0;1
202200040337;742 070;30;0;2;1;1;1
202200040337;742 071;7;0;2;1;15;1
202200040338;742 072;7;0;2;5;2;1
202200040338;742 073;30;0;2;1;2;3
202200040339;742 069;7;8;0;2;14;1
202200040340;742 066;7;0;1;2;1;1
202200040341;742 067;7;0;2;1;16;1
202200040341;742 068;50;0;2;8;1;3
202200040342;742 064;7;0;2;3;5;1
202200040342;742 065;7;0;2;3;1;1
202200040343;742 060;30;0;2;7;17;1
202200040343;742 063;7;0;2;8;15;1
202200040344;742 059;7;0;1;3;1;1
202200040345;742 058;99;13;0;0;14;1
202200040346;742 057;7;6;0;1;19;1
202200040347;742 055;7;0;0;6;1;1
202200040347;742 056;33;0;0;1;1;1
202200040348;742 054;7;13;0;9;14;1
202200040349;742 053;7;0;1;8;21;2
202200040350;742 051;31;0;6;3;1;1
202200040351;742 050;7;0;2;1;15;1
202200040351;742 052;2;0;2;8;1;1
202200040352;742 044;7;0;2;1;26;1
202200040352;742 045;7;0;2;1;13;1
202200040353;742 043;7;0;1;1;15;1
202200040354;742 038;30;0;2;1;5;1
202200040354;742 040;7;0;2;3;1;1
202200040355;742 037;10;0;2;1;1;1
202200040355;742 039;32;0;2;4;23;1
202200040355;742 041;10;0;2;4;23;3
202200040355;742 042;7;0;0;0;15;1
202200040356;742 036;7;0;1;1;9;1
202200040357;742 034;7;0;2;1;1;1
202200040357;742 035;7;0;2;7;1;1
202200040358;742 033;7;0;1;1;15;1
202200040359;742 032;1;0;0;0;1;5
202200040360;742 031;30;0;2;1;1;1
202200040361;742 029;33;0;0;1;26;1
202200040362;742 028;7;0;2;5;15;1
202200040362;742 030;7;0;2;1;1;1
202200040363;742 027;10;6;0;2;0;1
202200040364;742 026;7;13;0;1;1;1
202200040365;742 023;33;0;2;1;26;1
202200040365;742 025;10;0;0;5;15;1
202200040366;742 022;7;0;2;3;1;1
202200040366;742 024;7;0;2;3;13;1
202200040367;742 020;10;8;0;1;1;1
202200040368;742 019;7;0;2;3;15;1
202200040368;742 021;31;0;2;1;17;1
202200040369;742 017;7;0;2;1;1;1
202200040369;742 018;30;0;2;3;15;1
202200040370;742 015;34;0;2;3;1;1
202200040370;742 016;7;0;2;2;12;1
202200040371;742 014;50;0;1;1;25;3
202200040372;742 009;10;0;2;1;2;1
202200040372;742 011;7;0;2;4;2;1
202200040372;742 012;7;0;2;4;2;1
202200040372;742 013;10;0;0;4;21;1
202200040373;742 010;33;0;9;1;3;1
202200040374;742 008;7;13;0;9;1;1
202200040375;742 004;7;0;2;6;1;2
202200040375;742 006;7;0;2;5;1;1
202200040375;742 007;43;0;2;1;3;1
202200040376;742 000;7;0;2;4;1;1
202200040376;742 002;17;0;2;1;1;1
202200040376;742 003;7;0;2;0;17;1
202200040377;741 999;7;0;2;8;11;1
202200040377;742 001;33;0;2;7;11;1
202200040378;741 998;7;0;1;8;1;1
202200040379;741 996;10;0;2;4;1;1
202200040379;741 997;33;0;2;3;3;1
202200040380;741 993;7;0;0;4;15;1
202200040380;741 994;2;0;2;4;1;1
202200040380;741 995;7;0;2;1;1;1
202200040381;741 991;7;0;1;5;4;1
202200040382;741 988;7;0;2;8;19;1
202200040382;741 990;7;0;2;1;1;1
202200040383;741 989;7;0;2;5;1;1
202200040383;741 992;30;0;2;1;1;1
202200040384;741 987;7;0;1;1;1;1
202200040385;741 985;31;0;2;7;2;1
202200040385;741 986;7;0;2;8;15;1
202200040386;741 982;7;0;0;4;26;1
202200040386;741 983;7;0;2;4;26;1
202200040386;741 984;7;0;2;1;26;1
202200040387;741 981;37;6;1;1;15;3
202200040388;741 978;7;0;1;1;2;1
202200040388;741 979;7;0;1;1;2;1
202200040388;741 980;7;0;1;2;21;1
202200040389;741 976;15;0;2;2;17;1
202200040389;741 977;21;0;2;1;15;1
202200040390;741 974;7;13;0;1;10;1
202200040391;741 972;7;0;2;3;13;1
202200040391;741 973;7;0;2;3;1;1
202200040392;741 975;30;1;0;1;14;1
202200040393;741 971;3;11;0;0;1;1
202200040394;741 966;7;11;0;9;1;1
202200040395;741 965;33;0;0;1;14;1
202200040396;741 963;10;0;2;1;1;1
202200040396;741 964;7;0;2;4;1;1
202200040397;741 967;1;0;2;1;1;5
202200040397;741 968;7;0;2;4;23;2
202200040398;741 961;7;0;2;4;2;1
202200040398;741 962;7;0;2;1;2;1
202200040399;741 957;2;0;2;0;1;1
202200040399;741 959;2;0;2;1;1;1
202200040399;741 960;7;0;2;3;15;1
202200040400;741 955;7;0;2;4;2;2
202200040400;741 956;17;0;2;4;2;1
202200040400;741 958;7;0;2;1;2;1
202200040401;741 954;7;6;0;1;15;1
202200040402;741 953;80;12;1;1;1;3
202200040403;741 951;14;0;2;2;1;1
202200040403;741 952;2;0;2;3;1;1
202200040404;741 949;32;0;2;5;17;1
202200040404;741 950;7;0;2;3;15;1
202200040405;741 948;50;0;1;8;25;3
202200040406;741 947;1;0;1;8;1;5
202200040407;741 946;1;7;0;1;7;5
202200040408;741 945;10;0;1;3;15;1
202200040409;741 943;34;0;2;3;1;1
202200040409;741 944;50;0;2;5;15;3
202200040410;741 941;1;0;2;3;18;5
202200040410;741 942;7;0;2;2;1;1
202200040411;741 940;7;1;0;2;14;1
202200040412;741 939;50;0;1;1;25;3
202200040413;741 937;1;0;2;7;19;5
202200040413;741 938;7;0;2;3;1;1
202200040414;741 936;7;1;0;3;13;1
202200040415;741 934;43;0;2;0;15;1
202200040415;741 935;7;0;2;3;1;2
202200040416;741 932;7;0;2;7;1;1
202200040416;741 933;30;0;2;7;2;1
202200040417;741 930;33;0;0;2;1;1
202200040418;741 928;7;0;2;8;1;1
202200040418;741 931;10;0;2;1;1;3
202200040419;741 927;50;0;2;1;1;3
202200040419;741 929;7;0;2;1;1;1
202200040420;741 924;2;0;2;1;1;1
202200040420;741 925;7;0;2;2;15;1
202200040421;741 921;7;0;2;3;24;1
202200040421;741 922;7;0;2;8;15;1
202200040421;741 923;10;0;2;2;17;1
202200040422;741 917;7;0;1;1;1;1
202200040423;741 912;7;0;2;2;10;1
202200040423;741 915;10;0;2;1;2;1
202200040423;741 916;7;0;2;3;2;1
202200040423;741 919;7;0;2;8;0;1
202200040423;741 920;7;0;0;0;0;1
202200040424;741 913;7;0;1;1;15;1
202200040425;741 909;3;0;1;5;26;1
202200040426;741 910;30;1;0;7;1;1
202200040426;741 911;7;0;2;8;24;1
202200040427;741 914;7;0;2;3;1;1
202200040427;741 918;7;0;2;1;1;1
202200040427;741 926;7;0;2;1;1;1
202200040428;741 907;10;8;0;1;5;1
202200040429;741 906;50;0;0;0;0;3
202200040429;741 908;10;0;2;0;16;1
202200040430;741 900;7;0;2;8;1;1
202200040430;741 903;7;0;2;2;1;1
202200040431;741 899;2;0;2;1;1;3
202200040431;741 902;10;0;2;3;9;1
202200040432;741 895;7;0;2;2;1;0
202200040432;741 898;30;0;2;3;15;1
202200040433;741 896;7;0;2;3;13;1
202200040433;741 897;33;0;2;1;2;1
202200040434;741 894;33;0;2;1;2;1
202200040434;741 901;33;5;0;1;2;1
202200040434;741 904;33;0;2;1;2;1
202200040434;741 905;33;5;0;1;13;1
202200040435;741 890;7;0;2;6;16;0
202200040435;741 892;43;0;2;1;7;0
202200040436;741 891;7;0;2;1;26;1
202200040436;741 893;31;0;2;4;23;3
202200040437;741 889;7;15;0;1;25;1
202200040438;741 888;30;0;0;1;16;3
202200040439;741 885;33;0;0;8;1;1
202200040440;741 884;33;0;2;2;17;1
202200040440;741 886;7;0;2;3;17;1
202200040441;741 887;2;6;0;1;1;1
202200040442;741 881;7;0;2;3;1;1
202200040442;741 883;50;0;2;1;1;3
202200040443;741 882;30;12;0;0;0;1
202200040444;741 876;7;0;2;7;0;1
202200040444;741 879;33;0;2;1;0;1
202200040445;741 875;7;0;2;1;1;1
202200040445;741 877;1;0;2;3;11;5
202200040446;741 871;50;0;2;8;1;3
202200040446;741 873;7;0;9;7;14;1
202200040447;741 870;7;0;2;1;0;1
202200040447;741 872;10;1;0;4;1;1
202200040448;741 874;7;0;2;2;1;1
202200040448;741 878;7;0;2;1;1;1
202200040448;741 880;7;0;2;1;13;1
202200040449;741 869;7;0;1;1;1;1
202200040450;741 868;33;0;0;0;2;1
202200040451;741 865;32;0;2;8;1;1
202200040451;741 867;10;0;2;2;10;1
202200040452;741 862;32;0;2;8;1;3
202200040452;741 863;7;0;2;5;14;2
202200040453;741 864;7;0;2;3;1;1
202200040453;741 866;10;0;2;3;13;1
202200040454;741 861;7;3;0;9;1;1
202200040455;741 859;7;0;2;5;2;1
202200040455;741 860;33;12;2;2;2;1
202200040456;741 857;10;0;1;4;4;1
202200040457;741 856;7;2;0;1;17;1
202200040458;741 854;50;9;2;1;1;3
202200040458;741 855;7;9;2;3;1;2
202200040459;741 852;1;0;2;1;5;5
202200040459;741 853;7;0;2;1;17;1
202200040460;741 851;7;0;2;1;2;1
202200040460;741 858;17;0;2;4;0;1
202200040461;741 848;7;6;0;3;1;1
202200040462;741 847;7;0;2;1;1;1
202200040462;741 849;7;0;2;9;1;1
202200040462;741 850;7;0;0;4;1;1
202200040463;741 844;2;5;0;2;1;1
202200040464;741 843;7;0;0;4;1;1
202200040464;741 846;33;0;2;1;1;1
202200040465;741 842;33;13;0;1;0;1
202200040466;741 845;80;0;1;3;5;3
202200040467;741 841;1;0;0;1;1;5
202200040468;741 838;7;0;0;1;15;1
202200040468;741 840;33;0;2;1;1;1
202200040469;741 836;7;0;2;1;0;1
202200040469;741 839;10;0;0;4;0;1
202200040470;741 834;7;0;2;3;13;1
202200040470;741 835;33;0;2;3;3;1
202200040471;741 837;7;2;0;1;2;1
202200040472;741 833;7;15;0;0;1;1
202200040473;741 832;33;13;0;8;0;1
202200040474;741 828;2;0;2;1;9;1
202200040474;741 831;7;0;2;2;1;1
202200040475;741 826;21;0;2;4;1;1
202200040475;741 830;7;0;2;1;1;1
202200040476;741 827;10;0;2;5;1;1
202200040476;741 829;33;0;2;1;2;1
202200040477;741 825;7;6;0;2;1;1
202200040478;741 821;7;2;0;1;1;1
202200040479;741 822;17;0;0;0;1;1
202200040479;741 824;10;0;2;1;2;1
202200040480;741 823;43;4;0;0;0;1
202200040481;741 819;33;2;6;1;17;1
202200040482;741 816;7;0;1;7;1;1
202200040483;741 815;7;0;0;6;1;1
202200040483;741 817;7;0;2;2;17;1
202200040484;741 814;2;0;0;8;1;1
202200040485;741 813;7;0;2;3;19;1
202200040485;741 818;14;0;2;2;1;1
202200040486;741 811;7;17;0;3;0;1
202200040486;741 812;7;0;0;8;1;0
202200040487;741 810;7;2;0;1;1;1
202200040488;741 808;7;16;0;1;1;1
202200040489;741 806;7;0;2;3;15;1
202200040489;741 809;31;0;2;2;17;1
202200040490;741 805;36;0;0;9;21;1
202200040491;741 807;7;0;1;1;1;1
202200040492;741 804;33;8;0;0;1;1
202200040493;741 803;32;0;0;8;15;1
202200040494;741 801;10;0;1;2;1;1
202200040495;741 802;10;2;0;2;1;1
202200040496;741 800;7;13;0;1;1;1
202200040497;741 799;7;8;0;3;1;1
202200040498;741 798;7;0;1;1;1;1
202200040499;741 794;7;0;2;3;1;1
202200040499;741 796;7;0;2;1;13;1
202200040500;741 793;33;0;2;1;1;1
202200040500;741 795;7;0;0;6;15;1
202200040501;741 792;7;13;0;4;9;1
202200040501;741 797;7;0;2;1;17;1
202200040502;741 789;33;0;2;7;1;1
202200040502;741 791;7;0;2;1;15;1
202200040503;741 787;33;2;0;8;1;1
202200040504;741 788;7;0;2;1;15;0
202200040504;741 790;7;0;2;1;1;0
202200040505;741 785;7;0;2;3;1;1
202200040505;741 786;7;0;2;3;13;1
202200040506;741 780;17;0;2;3;1;1
202200040506;741 783;7;3;2;8;13;1
202200040507;741 782;7;0;2;6;15;2
202200040507;741 784;33;0;2;2;17;1
202200040508;741 779;7;0;2;1;13;1
202200040508;741 781;7;0;2;1;1;1
202200040509;741 778;7;8;0;1;14;1
202200040510;741 776;10;0;1;5;4;1
202200040511;741 777;33;0;0;7;1;1
202200040512;741 775;7;2;0;0;13;1
202200040513;741 774;7;0;1;1;16;1
202200040514;741 773;7;15;0;8;1;1
202200040515;741 771;33;3;0;7;15;1
202200040516;741 770;7;0;2;3;17;1
202200040516;741 772;15;0;2;3;1;1
202200040517;741 765;10;0;2;7;19;1
202200040517;741 768;1;0;2;1;1;5
202200040518;741 764;33;0;2;8;9;1
202200040518;741 767;7;0;2;7;1;1
202200040519;741 763;7;0;2;1;2;0
202200040519;741 766;7;0;2;1;2;1
202200040519;741 769;7;0;2;4;1;1
202200040520;741 760;7;0;2;1;1;1
202200040520;741 762;7;0;2;1;13;1
202200040521;741 759;7;0;2;6;1;1
202200040521;741 761;7;0;2;2;1;1
202200040522;741 757;7;13;0;1;1;1
202200040523;741 756;7;0;2;1;1;1
202200040523;741 758;7;0;2;4;1;1
202200040524;741 753;33;0;2;7;17;1
202200040524;741 755;7;0;2;8;15;2
202200040525;741 752;7;0;0;0;0;1
202200040525;741 754;31;0;0;8;0;1
202200040526;741 749;7;0;2;3;2;1
202200040526;741 751;10;0;2;5;2;1
202200040527;741 748;7;2;0;2;0;1
202200040528;741 747;7;0;2;2;1;1
202200040528;741 750;7;0;2;3;11;1
202200040529;741 745;33;0;0;7;1;1
202200040530;741 746;7;3;0;7;14;1
202200040531;741 744;7;0;1;2;1;1
202200040532;741 741;1;0;2;1;1;5
202200040532;741 743;7;0;2;7;22;0
202200040533;741 738;7;0;2;3;13;1
202200040533;741 742;33;0;0;1;17;1
202200040534;741 736;7;2;0;1;1;1
202200040535;741 737;7;14;0;1;2;1
202200040535;741 739;10;14;0;3;1;1
202200040535;741 740;7;4;0;3;1;1
202200040536;741 733;2;0;0;6;23;1
202200040536;741 735;2;1;0;1;17;1
202200040537;741 732;7;13;0;1;1;1
202200040538;741 731;38;0;2;8;1;1
202200040538;741 734;33;0;2;8;1;1
202200040539;741 728;34;14;0;1;13;1
202200040540;741 727;7;6;0;3;1;1
202200040541;741 726;33;0;0;0;0;1
202200040541;741 729;37;0;2;8;1;1
202200040541;741 730;7;14;0;0;2;1
202200040542;741 723;7;13;0;2;1;1
202200040543;741 724;7;0;2;8;13;1
202200040543;741 725;34;0;2;3;1;1
202200040544;741 720;7;0;2;7;15;1
202200040544;741 722;33;0;2;1;1;1
202200040545;741 719;33;0;2;7;1;0
202200040545;741 721;7;0;2;6;11;0
202200040546;741 714;30;0;2;1;1;1
202200040546;741 717;7;0;2;2;15;1
202200040547;741 715;7;0;2;3;15;1
202200040547;741 718;1;0;0;8;1;5
202200040548;741 711;33;0;2;8;3;1
202200040548;741 713;7;0;2;5;12;1
202200040549;741 712;7;0;2;3;15;1
202200040549;741 716;50;0;2;1;1;3
202200040550;741 710;1;0;0;0;1;5
202200040551;741 709;7;0;0;1;0;1
202200040552;741 707;31;3;0;9;2;1
202200040553;741 703;33;5;2;3;17;1
202200040553;741 706;7;0;2;3;1;1
202200040554;741 702;1;0;2;1;15;5
202200040554;741 705;7;0;2;7;23;1
202200040555;741 704;1;0;2;1;2;5
202200040555;741 708;7;0;9;1;16;1
202200040556;741 701;13;0;1;7;1;1
202200040557;741 699;10;0;1;1;15;1
202200040558;741 696;7;13;2;6;19;1
202200040558;741 700;33;0;2;1;1;1
202200040559;741 695;2;0;2;1;1;1
202200040559;741 698;10;0;2;4;26;1
202200040560;741 693;7;0;2;1;1;2
202200040560;741 697;7;0;2;5;1;1
202200040561;741 692;7;0;2;1;5;1
202200040561;741 694;7;0;2;1;1;3
202200040562;741 690;7;0;1;1;2;1
202200040563;741 688;10;0;2;3;13;1
202200040563;741 691;10;0;2;3;1;1
202200040564;741 686;7;0;2;3;1;1
202200040564;741 689;34;0;2;1;1;1
202200040565;741 685;7;0;2;5;20;0
202200040565;741 687;7;0;2;1;18;0
202200040566;741 681;10;16;0;0;1;1
202200040567;741 682;10;0;2;1;1;1
202200040567;741 683;10;0;2;7;1;1
202200040568;741 680;7;0;2;4;2;1
202200040568;741 684;33;0;2;1;2;1
202200040569;741 679;50;1;0;1;1;3
202200040570;741 678;7;0;0;9;1;1
202200040571;741 676;10;0;1;0;15;1
202200040572;741 675;17;0;9;7;2;1
202200040572;741 677;1;12;2;8;1;5
202200040573;741 672;7;0;0;9;2;1
202200040574;741 669;7;0;1;2;1;1
202200040575;741 668;7;0;2;1;13;1
202200040575;741 670;99;0;2;1;1;1
202200040576;741 667;7;0;2;1;9;0
202200040576;741 671;2;0;2;9;0;0
202200040576;741 673;10;0;2;3;0;1
202200040576;741 674;7;1;0;7;26;6
202200040577;741 665;17;0;2;4;2;1
202200040577;741 666;7;0;2;1;2;1
202200040578;741 660;10;0;2;4;26;1
202200040578;741 663;31;0;2;1;23;1
202200040579;741 657;7;0;2;1;1;1
202200040579;741 662;7;0;2;3;1;1
202200040579;741 664;7;4;2;2;19;1
202200040580;741 658;10;0;2;4;1;1
202200040580;741 659;33;0;2;1;12;1
202200040581;741 656;7;0;2;3;15;2
202200040581;741 661;30;0;2;1;1;1
202200040582;741 655;7;13;0;1;13;1
202200040583;741 654;7;4;0;3;12;1
202200040584;741 653;7;0;0;1;1;1
202200040585;741 651;7;4;0;9;1;0
202200040586;741 648;7;0;2;1;1;1
202200040586;741 652;7;0;2;7;15;1
202200040587;741 647;7;0;2;1;15;1
202200040587;741 650;1;0;2;1;1;5
202200040588;741 645;7;0;2;8;1;1
202200040588;741 646;33;14;2;1;16;1
202200040589;741 644;7;0;0;5;2;2
202200040589;741 649;7;0;2;3;2;1
202200040590;741 643;30;1;0;1;14;1
202200040591;741 641;33;4;0;3;2;1
202200040592;741 639;7;3;0;9;2;1
202200040593;741 640;7;0;2;2;15;2
202200040593;741 642;32;0;2;1;1;3
202200040594;741 637;39;15;1;5;26;3
202200040595;741 638;7;0;1;1;19;1
202200040596;741 634;34;0;1;1;1;1
202200040597;741 632;33;0;2;3;1;1
202200040597;741 633;10;0;2;3;17;1
202200040598;741 631;7;8;0;1;17;1
202200040599;741 630;7;2;0;0;13;1
202200040600;741 624;43;4;2;3;18;1
202200040600;741 627;7;0;2;2;1;1
202200040601;741 626;7;0;1;1;1;0
202200040602;741 623;7;0;2;1;5;1
202200040602;741 625;7;0;2;1;1;1
202200040603;741 628;7;1;2;2;16;1
202200040603;741 629;50;1;0;2;16;3
202200040604;741 621;7;0;1;2;1;1
202200040605;741 619;7;0;9;4;23;1
202200040605;741 622;32;0;2;1;1;1
202200040606;741 617;33;0;2;7;17;0
202200040606;741 620;7;0;2;2;9;1
202200040607;741 613;30;0;2;1;2;1
202200040607;741 616;7;0;2;6;1;1
202200040608;741 615;7;0;2;3;1;1
202200040608;741 618;7;0;2;2;1;1
202200040609;741 612;7;0;2;8;11;1
202200040609;741 614;2;8;2;7;17;1
202200040610;741 609;7;0;2;3;1;1
202200040610;741 611;32;0;2;1;1;1