Num_Acc;id_vehicule;categorie_vehicule;obstacle_fixe;obstacle_mobile;point_choc_initial;manoeuvre_principale;motorisation
202200040611;741 608;1;0;2;1;26;5
202200040611;741 610;7;0;2;7;1;1
202200040612;741 606;7;0;2;1;2;1
202200040612;741 607;7;0;2;4;2;1
202200040613;741 603;33;0;2;6;1;1
202200040613;741 605;10;0;2;2;12;1
202200040614;741 601;7;5;0;7;1;2
202200040615;741 602;7;0;2;0;0;2
202200040615;741 604;7;0;1;3;1;1
202200040616;741 600;7;16;0;1;1;1
202200040617;741 596;7;0;2;3;15;1
202200040617;741 599;33;0;2;1;17;1
202200040618;741 595;7;0;2;3;15;1
202200040618;741 598;30;0;2;1;1;1
202200040619;741 591;7;9;0;3;1;1
202200040620;741 593;7;0;2;3;1;1
202200040620;741 597;7;0;2;2;1;1
202200040621;741 592;7;0;2;2;17;1
202200040621;741 594;30;0;2;4;2;1
202200040622;741 590;7;2;0;7;13;1
202200040623;741 588;7;1;0;1;1;1
202200040624;741 587;7;0;2;3;1;1
202200040625;741 583;7;0;2;3;13;1
202200040625;741 586;17;0;2;1;1;1
202200040626;741 578;7;0;2;4;1;0
202200040626;741 581;7;0;2;4;1;1
202200040626;741 584;7;0;2;5;0;1
202200040626;741 585;7;0;2;7;1;1
202200040626;741 589;7;0;2;1;1;1
202200040627;741 579;7;0;2;5;10;1
202200040627;741 582;32;0;2;1;1;1
202200040628;741 577;7;0;2;5;0;1
202200040628;741 580;50;0;2;1;1;3
202200040629;741 576;7;0;1;2;1;1
202200040630;741 575;30;0;2;1;2;1
202200040631;741 574;33;9;0;2;13;1
202200040632;741 570;7;3;0;9;13;1
202200040633;741 569;2;0;2;1;15;1
202200040633;741 572;80;0;2;1;1;3
202200040634;741 567;10;0;2;1;2;1
202200040634;741 568;7;3;2;4;2;1
202200040634;741 573;7;0;0;4;2;1
202200040635;741 565;7;1;0;1;1;1
202200040635;741 571;7;0;2;1;24;1
202200040636;741 563;10;0;2;0;0;0
202200040636;741 566;33;0;2;1;2;1
202200040637;741 562;2;0;2;0;0;0
202200040637;741 564;7;0;2;0;4;0
202200040638;741 560;7;0;2;3;15;1
202200040638;741 561;2;0;2;7;17;1
202200040639;741 559;7;0;1;3;1;1
202200040640;741 556;32;0;2;7;17;1
202200040640;741 558;7;0;2;3;15;1
202200040641;741 555;7;0;2;2;0;1
202200040641;741 557;2;0;2;0;0;0
202200040642;741 554;7;13;0;7;14;1
202200040643;741 552;10;0;2;0;2;1
202200040643;741 553;1;0;2;0;2;5
202200040644;741 551;7;0;1;1;1;1
202200040645;741 550;33;0;0;0;1;1
202200040646;741 548;7;0;2;1;0;0
202200040646;741 549;30;0;0;4;0;0
202200040647;741 545;7;0;2;4;1;1
202200040647;741 547;7;0;2;4;1;3
202200040648;741 546;7;2;0;8;14;1
202200040649;741 543;32;0;1;1;1;1
202200040650;741 542;10;0;2;1;2;1
202200040650;741 544;7;0;2;4;2;1
202200040651;741 540;33;0;0;0;26;1
202200040652;741 538;7;8;0;1;16;1
202200040653;741 537;7;0;2;1;1;1
202200040653;741 541;7;0;2;8;1;1
202200040654;741 536;10;0;2;4;1;1
202200040654;741 539;34;0;2;1;2;1
202200040655;741 532;7;0;2;1;1;1
202200040655;741 535;7;0;2;4;14;1
202200040656;741 530;33;0;2;1;1;1
202200040656;741 534;7;0;2;5;1;1
202200040657;741 524;33;0;2;8;1;1
202200040657;741 528;10;0;2;7;12;1
202200040658;741 525;1;0;2;4;1;5
202200040658;741 529;7;0;9;2;16;1
202200040659;741 523;7;0;2;2;1;1
202200040659;741 527;7;9;2;2;17;1
202200040660;741 522;7;0;2;6;0;1
202200040660;741 526;32;0;2;7;16;1
202200040661;741 520;33;0;2;1;3;1
202200040661;741 521;10;0;2;6;11;1
202200040662;741 518;7;0;1;3;1;1
202200040663;741 517;7;0;2;1;19;1
202200040663;741 519;7;0;2;3;9;1
202200040664;741 513;7;0;2;4;26;1
202200040664;741 515;7;0;2;1;26;1
202200040665;741 512;7;0;2;1;2;1
202200040665;741 516;10;0;2;4;2;1
202200040666;741 510;30;0;2;1;5;1
202200040666;741 514;7;0;2;1;1;1
202200040667;741 509;2;0;2;1;1;1
202200040667;741 511;7;0;2;2;26;1
202200040668;741 500;7;4;0;1;1;1
202200040668;741 504;14;0;0;0;0;1
202200040668;741 505;7;0;9;1;1;1
202200040668;741 506;7;0;9;1;1;1
202200040668;741 508;7;0;9;1;1;3
202200040669;741 501;7;0;0;0;0;1
202200040670;741 499;7;0;2;3;1;1
202200040670;741 503;2;0;2;1;0;1
202200040671;741 498;7;0;2;3;9;1
202200040671;741 502;7;0;2;3;1;1
202200040671;741 507;7;0;2;8;9;1
202200040672;741 496;7;13;0;2;1;1
202200040673;741 492;33;0;2;7;15;1
202200040673;741 494;7;0;2;1;1;1
202200040674;741 491;31;0;6;1;21;1
202200040675;741 488;7;3;2;6;2;1
202200040675;741 489;7;0;2;4;1;1
202200040675;741 493;10;3;2;1;1;1
202200040676;741 487;7;4;0;8;13;1
202200040677;741 484;7;4;0;8;13;1
202200040678;741 482;10;0;1;1;1;1
202200040679;741 483;32;8;2;1;18;1
202200040679;741 485;7;0;2;7;16;1
202200040680;741 481;2;0;1;2;14;1
202200040681;741 479;7;0;2;8;24;1
202200040681;741 480;1;1;0;1;1;5
202200040682;741 474;7;9;2;6;13;1
202200040682;741 478;7;0;2;1;2;1
202200040683;741 475;1;0;2;8;17;5
202200040683;741 476;7;0;2;2;17;1
202200040684;741 472;7;0;2;2;1;1
202200040684;741 477;10;0;2;1;9;1
202200040685;741 471;7;0;2;0;0;0
202200040685;741 473;1;0;2;7;0;5
202200040686;741 470;30;0;1;1;26;3
202200040687;741 465;33;0;2;1;1;1
202200040687;741 467;1;0;2;8;19;5
202200040688;741 464;7;0;2;3;9;1
202200040688;741 469;1;0;2;1;1;5
202200040689;741 462;30;0;2;1;1;1
202200040689;741 466;7;0;2;7;26;1
202200040690;741 461;7;0;2;3;13;1
202200040690;741 463;33;0;2;8;1;1
202200040690;741 468;7;0;2;8;1;1
202200040691;741 460;40;0;1;2;1;3
202200040692;741 459;10;0;1;1;1;1
202200040693;741 458;30;13;0;1;21;1
202200040694;741 454;14;0;2;8;1;1
202200040694;741 456;10;0;2;5;2;1
202200040694;741 457;33;0;2;1;2;1
202200040695;741 453;31;0;2;1;1;1
202200040695;741 455;7;0;2;3;15;1
202200040696;741 452;7;1;1;2;1;1
202200040697;741 450;7;0;2;1;1;1
202200040697;741 451;7;0;2;4;23;1
202200040698;741 448;30;1;0;1;1;3
202200040699;741 447;33;0;0;8;1;1
202200040700;741 446;7;0;2;3;0;1
202200040700;741 449;2;11;2;3;6;1
202200040701;741 444;33;3;0;7;14;1
202200040702;741 443;7;0;2;1;0;1
202200040702;741 445;30;0;2;7;0;1
202200040703;741 441;31;13;0;1;1;1
202200040704;741 440;10;0;2;1;16;0
202200040704;741 442;2;0;2;1;1;0
202200040705;741 438;7;0;2;0;0;0
202200040705;741 439;32;0;2;8;1;1
202200040706;741 437;33;13;0;8;1;1
202200040707;741 434;37;0;2;3;1;2
202200040707;741 436;7;0;2;3;13;1
202200040708;741 432;10;0;2;1;2;1
202200040708;741 435;7;0;2;4;2;1
202200040709;741 431;7;0;2;8;17;1
202200040709;741 433;33;0;2;7;17;1
202200040710;741 430;33;0;2;8;2;1
202200040711;741 429;33;0;1;0;17;1
202200040712;741 428;7;0;1;1;0;1
202200040713;741 425;7;0;9;3;26;1
202200040713;741 427;31;0;2;4;18;1
202200040714;741 423;7;0;2;1;0;1
202200040714;741 426;7;0;2;1;0;2
202200040715;741 422;30;9;0;1;14;1
202200040716;741 421;7;0;2;6;15;1
202200040716;741 424;33;0;2;1;17;0
202200040717;741 418;7;0;2;6;1;1
202200040717;741 420;33;0;2;2;17;1
202200040718;741 419;7;12;0;3;13;1
202200040719;741 416;2;8;0;2;14;1
202200040720;741 415;7;0;2;6;1;2
202200040720;741 417;33;0;2;1;16;1
202200040721;741 414;2;0;0;0;1;1
202200040722;741 413;7;1;0;2;1;1
202200040723;741 412;7;13;0;2;14;1
202200040724;741 409;7;0;2;6;2;1
202200040724;741 411;7;0;2;1;14;1
202200040725;741 407;33;0;2;3;1;1
202200040725;741 410;7;0;2;7;19;1
202200040726;741 406;33;0;2;7;2;1
202200040726;741 408;7;0;2;7;2;1
202200040727;741 405;7;2;0;1;1;1
202200040728;741 403;3;0;2;2;9;1
202200040728;741 404;32;0;2;1;1;1
202200040729;741 400;80;0;0;8;14;3
202200040730;741 399;32;0;2;6;1;1
202200040730;741 402;7;0;2;2;12;0
202200040731;741 397;13;0;2;4;24;1
202200040731;741 401;1;1;2;4;23;5
202200040732;741 394;7;0;2;1;2;1
202200040732;741 395;7;0;2;4;2;0
202200040732;741 396;7;0;2;4;2;1
202200040732;741 398;7;0;2;4;2;1
202200040733;741 393;1;0;0;1;14;5
202200040734;741 390;7;15;0;2;13;1
202200040735;741 392;7;0;1;1;1;1
202200040736;741 391;99;1;1;1;1;3
202200040737;741 389;7;9;0;3;13;1
202200040738;741 387;33;13;0;1;0;1
202200040739;741 383;30;0;0;7;1;3
202200040740;741 384;7;0;2;8;1;1
202200040740;741 386;7;0;2;1;15;1
202200040741;741 379;7;0;1;3;15;1
202200040742;741 376;10;0;2;1;0;1
202200040742;741 377;7;0;2;1;14;1
202200040743;741 375;7;0;2;4;2;2
202200040743;741 378;7;0;2;4;2;1
202200040743;741 381;10;0;2;4;2;1
202200040743;741 382;7;0;2;4;2;1
202200040743;741 385;7;0;2;4;2;1
202200040743;741 388;7;0;2;4;2;1
202200040744;741 374;10;0;0;2;1;1
202200040744;741 380;7;0;2;1;15;1
202200040745;741 372;7;0;1;4;26;1
202200040746;741 371;1;0;2;2;17;5
202200040746;741 373;7;0;2;3;11;2
202200040747;741 369;7;2;0;2;0;1
202200040748;741 366;10;0;2;1;1;1
202200040748;741 368;7;0;2;4;0;1
202200040749;741 365;10;0;2;5;1;1
202200040749;741 370;31;0;2;1;14;1
202200040750;741 364;7;0;2;3;1;2
202200040750;741 367;50;0;2;2;19;3
202200040751;741 360;7;0;0;2;9;1
202200040751;741 363;7;0;0;3;1;1
202200040752;741 359;7;0;1;7;1;2
202200040753;741 358;37;0;1;2;1;4
202200040754;741 354;7;0;1;2;16;1
202200040755;741 356;99;8;0;7;9;6
202200040756;741 353;50;0;1;1;7;3
202200040757;741 352;7;9;0;2;11;1
202200040757;741 355;7;9;0;3;1;1
202200040758;741 350;7;9;0;2;2;1
202200040759;741 345;10;0;2;2;15;1
202200040759;741 348;33;0;2;1;1;1
202200040760;741 344;30;0;2;7;17;1
202200040760;741 347;80;0;2;8;15;3
202200040761;741 346;7;0;2;8;15;1
202200040761;741 349;1;0;2;1;1;5
202200040762;741 342;7;17;0;1;1;1
202200040763;741 341;1;0;2;8;1;5
202200040763;741 343;32;0;9;1;1;1
202200040764;741 337;7;8;2;9;9;1
202200040765;741 339;7;0;2;3;15;1
202200040765;741 340;1;0;2;7;1;5
202200040766;741 336;7;0;2;1;2;1
202200040766;741 338;1;0;2;4;2;5
202200040767;741 332;7;0;2;1;1;1
202200040767;741 335;7;0;2;1;5;1
202200040768;741 331;50;0;2;8;19;3
202200040768;741 334;1;0;2;1;16;5
202200040769;741 328;10;0;2;2;17;1
202200040769;741 330;80;0;0;6;2;3
202200040770;741 325;7;0;2;1;15;1
202200040770;741 327;7;0;2;3;1;1
202200040771;741 323;7;0;2;8;19;1
202200040771;741 326;33;0;2;1;2;1
202200040772;741 322;7;0;2;3;15;1
202200040772;741 324;30;0;2;1;1;1
202200040773;741 321;7;12;0;1;1;1
202200040774;741 318;7;6;0;3;1;1
202200040775;741 317;7;0;2;3;1;1
202200040775;741 320;1;0;2;8;19;5
202200040776;741 316;7;0;2;2;1;1
202200040776;741 319;7;0;2;2;1;2
202200040777;741 315;2;0;6;1;1;1
202200040778;741 313;7;0;2;1;0;1
202200040778;741 314;21;0;2;3;13;1
202200040779;741 310;32;0;2;2;18;1
202200040779;741 312;7;0;2;6;22;1
202200040780;741 308;10;0;2;1;2;1
202200040780;741 309;7;4;2;4;2;1
202200040780;741 311;7;0;2;5;17;1
202200040781;741 307;7;0;1;3;1;1
202200040782;741 306;7;4;0;3;1;1
202200040783;741 304;33;0;2;3;15;1
202200040783;741 305;7;0;2;2;1;1
202200040784;741 302;7;0;2;3;13;1
202200040784;741 303;7;0;0;8;1;1
202200040785;741 297;7;0;0;1;0;1
202200040785;741 301;7;0;0;1;0;1
202200040786;741 298;50;0;2;9;5;3
202200040786;741 300;7;0;2;3;0;1
202200040787;741 296;7;0;2;1;15;1
202200040787;741 299;1;0;2;7;1;5
202200040788;741 295;33;0;0;8;14;1
202200040789;741 293;7;13;0;1;13;0
202200040790;741 294;7;0;1;1;1;1
202200040791;741 291;33;0;2;8;15;1
202200040791;741 292;1;0;2;8;1;5
202200040792;741 288;10;0;2;1;1;1
202200040792;741 289;1;3;0;4;1;5
202200040793;741 285;17;0;2;3;1;1
202200040793;741 286;7;0;2;3;13;1
202200040794;741 284;32;0;2;1;1;1
202200040794;741 287;1;0;2;8;1;5
202200040795;741 283;3;8;0;9;1;1
202200040796;741 282;7;0;0;0;21;1
202200040797;741 278;30;0;2;2;23;3
202200040797;741 281;7;0;2;3;2;1
202200040798;741 277;7;0;2;1;1;1
202200040798;741 280;7;0;2;1;13;1
202200040799;741 276;33;0;2;8;9;1
202200040799;741 279;33;0;2;1;1;1
202200040800;741 275;10;0;1;1;1;1
202200040801;741 272;10;0;2;3;2;1
202200040801;741 273;7;0;0;2;1;1
202200040802;741 271;7;1;1;2;1;1
202200040803;741 270;7;0;2;8;19;1
202200040803;741 274;7;0;2;1;1;1
202200040804;741 269;10;0;1;1;1;1
202200040805;741 267;1;0;0;1;1;5
202200040806;741 266;7;0;2;1;15;1
202200040806;741 268;50;0;2;8;0;3
202200040807;741 264;7;8;0;1;1;1
202200040808;741 263;7;0;2;1;1;1
202200040808;741 265;33;0;2;1;0;1
202200040809;741 262;7;15;0;1;1;1
202200040810;741 261;10;0;1;1;1;1
202200040811;741 260;17;0;0;7;26;1
202200040812;741 258;7;0;1;1;1;1
202200040813;741 257;2;0;2;7;1;1
202200040813;741 259;7;0;2;7;26;1
202200040814;741 254;7;0;1;3;9;1
202200040815;741 253;17;0;2;1;2;1
202200040815;741 255;17;0;2;3;2;1
202200040815;741 256;7;0;2;2;14;1
202200040816;741 251;7;0;2;1;1;1
202200040816;741 252;7;0;2;4;1;1
202200040817;741 248;7;13;0;1;1;1
202200040818;741 247;10;0;1;3;15;1
202200040819;741 249;33;0;0;1;17;1
202200040819;741 250;7;0;0;4;13;1
202200040820;741 245;7;13;0;1;14;1
202200040821;741 243;7;0;2;2;1;1
202200040821;741 246;7;0;2;1;5;1
202200040822;741 242;7;14;2;8;15;1
202200040822;741 244;1;14;2;8;1;5
202200040823;741 241;7;2;0;3;1;1
202200040824;741 239;1;0;2;8;5;5
202200040824;741 240;7;0;2;1;1;1
202200040825;741 238;40;0;1;2;1;3
202200040826;741 237;33;3;0;0;2;1
202200040827;741 235;7;0;1;1;1;1
202200040828;741 234;7;0;2;1;15;1
202200040828;741 236;7;15;2;8;1;1
202200040829;741 230;7;0;2;1;13;1
202200040829;741 233;7;0;2;1;1;1
202200040830;741 229;43;0;2;1;0;1
202200040830;741 232;7;0;2;3;0;1
202200040831;741 228;7;0;2;2;15;1
202200040831;741 231;1;0;2;1;0;5
202200040832;741 227;15;3;0;3;13;1
202200040833;741 224;7;13;0;1;1;1
202200040834;741 223;1;0;2;5;1;5
202200040834;741 226;7;0;2;1;16;1
202200040835;741 222;7;8;0;0;1;1
202200040835;741 225;7;0;2;0;1;0
202200040836;741 221;33;13;0;2;1;1
202200040837;741 218;7;0;2;3;9;1
202200040837;741 219;31;0;2;7;1;1
202200040838;741 217;7;0;1;2;1;1
202200040839;741 216;7;0;2;3;19;1
202200040839;741 220;31;0;2;1;1;1
202200040840;741 215;7;13;0;2;13;1
202200040841;741 214;33;0;6;8;1;1
202200040842;741 213;7;2;0;1;1;1
202200040843;741 211;7;0;2;2;15;1
202200040843;741 212;33;0;2;3;1;1
202200040844;741 208;7;0;2;1;1;3
202200040844;741 210;7;0;2;1;5;1
202200040845;741 206;33;0;2;1;1;1
202200040845;741 207;7;0;2;3;9;1
202200040846;741 205;7;0;2;4;2;1
202200040846;741 209;7;0;2;1;2;1
202200040847;741 202;3;0;2;4;1;1
202200040847;741 204;33;0;2;1;3;1
202200040848;741 201;7;13;0;0;1;1
202200040849;741 200;7;0;2;1;1;1
202200040849;741 203;7;0;2;2;15;6
202200040850;741 197;7;6;0;1;14;1
202200040851;741 198;7;15;2;3;0;1
202200040851;741 199;7;0;2;3;0;1
202200040852;741 195;7;0;2;1;13;1
202200040852;741 196;14;0;2;1;1;1
202200040853;741 193;7;2;0;1;14;1
202200040854;741 192;33;0;2;8;2;1
202200040854;741 194;7;0;0;2;1;1
202200040855;741 191;7;8;0;1;14;1
202200040856;741 188;17;0;2;6;1;1
202200040856;741 190;7;0;2;7;0;1
202200040857;741 187;7;8;2;1;1;0
202200040857;741 189;7;3;2;3;19;1
202200040858;741 185;33;0;2;7;1;1
202200040858;741 186;7;0;2;6;11;1
202200040859;741 184;7;17;0;2;0;1
202200040860;741 178;10;0;2;4;2;1
202200040860;741 180;10;0;2;4;2;1
202200040860;741 182;10;0;2;1;2;1
202200040861;741 177;10;0;2;9;5;1
202200040861;741 179;7;0;2;1;1;1
202200040861;741 183;13;0;0;8;15;1
202200040862;741 175;33;0;0;7;1;1
202200040863;741 173;7;0;2;1;2;1
202200040863;741 174;7;0;2;4;2;1
202200040863;741 176;10;0;0;0;12;1
202200040864;741 172;33;13;0;1;1;1
202200040865;741 181;7;13;0;7;15;3
202200040866;741 169;17;0;2;0;12;1
202200040866;741 171;7;0;2;0;1;1
202200040867;741 170;7;2;0;2;1;1
202200040868;741 167;7;0;1;2;1;1
202200040869;741 165;7;0;2;3;11;1
202200040869;741 168;33;0;2;7;3;1
202200040870;741 166;7;0;0;1;17;1
202200040871;741 163;10;3;0;7;21;1
202200040872;741 162;7;14;0;3;1;1
202200040872;741 164;15;0;0;0;1;1
202200040873;741 155;7;0;2;2;1;1
202200040873;741 157;15;0;2;4;1;1
202200040873;741 159;10;0;2;4;1;1
202200040873;741 160;7;0;2;5;1;1
202200040873;741 161;10;0;2;4;1;1
202200040874;741 156;13;0;0;4;2;1
202200040874;741 158;7;0;2;1;2;1
202200040875;741 151;33;0;2;7;13;1
202200040875;741 153;7;0;2;5;0;1
202200040876;741 149;1;0;2;8;13;5
202200040876;741 152;15;0;2;1;1;1
202200040877;741 148;7;7;0;1;1;1
202200040878;741 150;33;0;2;3;1;1
202200040878;741 154;7;0;2;3;13;1
202200040879;741 143;7;0;0;4;23;1
202200040879;741 145;7;0;2;4;23;1
202200040879;741 147;7;0;2;1;2;1
202200040880;741 144;7;0;2;4;1;1
202200040880;741 146;34;0;2;1;14;1
202200040881;741 138;43;0;2;7;12;1
202200040881;741 140;34;0;2;8;1;1
202200040882;741 139;33;0;2;4;15;1
202200040882;741 141;7;0;2;1;1;1
202200040883;741 142;7;13;0;7;1;1
202200040884;741 137;10;0;1;1;1;1
202200040885;741 136;7;0;1;4;4;1
202200040886;741 135;2;0;0;0;1;1
202200040887;741 131;7;0;9;1;14;1
202200040887;741 133;1;0;2;1;13;5
202200040888;741 130;7;4;0;1;0;1
202200040888;741 132;7;1;0;3;1;1
202200040888;741 134;7;0;0;0;0;0
202200040889;741 129;7;2;0;1;14;1
202200040890;741 128;7;0;1;2;1;2
202200040891;741 125;13;1;1;1;26;1
202200040892;741 124;7;0;2;3;5;2
202200040892;741 127;7;0;2;3;5;1
202200040893;741 122;7;0;2;3;0;1
202200040893;741 123;7;0;2;3;0;1
202200040893;741 126;7;0;2;3;5;1
202200040894;741 120;7;;2;2;;
202200040894;741 121;50;0;0;2;1;3
202200040895;741 117;7;10;0;1;1;1
202200040896;741 116;7;0;2;6;19;1
202200040896;741 119;7;0;2;1;1;1
202200040897;741 113;33;9;2;1;1;1
202200040897;741 115;7;0;2;6;1;1
202200040897;741 118;30;0;2;8;15;0
202200040898;741 110;7;0;2;6;15;1
202200040898;741 112;32;0;2;1;1;1
202200040899;741 106;7;2;0;2;14;1
202200040900;741 105;33;8;2;1;1;1
202200040900;741 107;33;12;2;1;1;1
202200040901;741 108;7;0;2;1;26;1
202200040901;741 111;2;0;2;5;26;1
202200040901;741 114;7;0;2;1;16;2
202200040902;741 102;33;0;2;7;17;1
202200040902;741 104;7;0;2;3;10;1
202200040903;741 101;7;0;2;2;1;1
202200040903;741 103;30;0;2;1;1;1
202200040904;741 098;7;0;0;2;1;5
202200040904;741 100;7;0;0;1;1;5
202200040905;741 097;43;0;1;1;1;1
202200040906;741 099;15;13;0;3;5;1
202200040907;741 095;30;0;0;7;1;1
202200040908;741 093;10;0;2;2;15;1
202200040908;741 096;7;16;2;3;1;1
202200040909;741 091;7;0;2;2;16;1
202200040909;741 092;33;0;2;3;7;1
202200040910;741 089;7;0;2;1;13;1
202200040910;741 094;33;0;2;1;1;1
202200040911;741 088;30;0;2;1;13;1
202200040911;741 090;7;0;2;2;1;1
202200040912;741 086;7;0;2;3;15;0
202200040912;741 087;32;0;2;5;1;1
202200040913;741 084;7;13;0;1;1;1
202200040914;741 082;43;0;2;4;23;1
202200040914;741 083;7;0;2;1;2;2
202200040915;741 081;7;6;0;1;0;1
202200040916;741 077;10;0;2;1;1;1
202200040916;741 078;7;0;0;5;1;1
202200040917;741 076;32;0;2;1;18;1
202200040917;741 079;34;0;2;5;1;1
202200040918;741 075;7;4;0;7;1;1
202200040918;741 080;17;0;2;2;13;1
202200040918;741 085;15;0;2;6;18;1
202200040919;741 074;10;0;1;4;4;1
202200040920;741 072;7;0;2;2;15;1
202200040920;741 073;34;0;2;1;1;1
202200040921;741 069;7;0;2;3;1;1
202200040921;741 070;7;0;2;3;1;1
202200040922;741 068;7;0;0;1;9;1
202200040922;741 071;7;0;2;1;1;1
202200040923;741 066;7;0;2;2;22;1
202200040923;741 067;80;0;2;1;1;3
202200040924;741 064;7;13;2;3;1;1
202200040924;741 065;10;0;2;3;13;1
202200040925;741 061;7;0;2;3;15;1
202200040925;741 062;33;0;2;2;1;1
202200040926;741 059;7;6;0;1;1;2
202200040927;741 060;2;0;2;1;1;1
202200040927;741 063;7;0;0;1;15;1
202200040928;741 057;7;13;0;9;14;1
202200040929;741 056;33;0;2;1;1;1
202200040929;741 058;32;0;2;6;1;1
202200040930;741 052;7;0;0;3;2;1
202200040930;741 055;33;0;2;1;17;1
202200040931;741 053;7;2;0;3;1;1
202200040932;741 051;1;0;2;2;1;5
202200040932;741 054;10;0;2;3;22;1
202200040933;741 050;33;1;0;1;26;1
202200040934;741 047;7;0;2;5;15;1
202200040934;741 049;1;0;2;5;1;5
202200040935;741 046;2;8;0;1;0;1
202200040936;741 048;37;0;1;2;1;1
202200040937;741 045;80;0;1;1;1;3
202200040938;741 039;7;0;2;3;16;1
202200040938;741 042;7;0;2;2;1;1
202200040939;741 041;7;0;1;2;1;1
202200040940;741 040;7;0;1;1;1;1
202200040941;741 035;7;0;2;1;12;1
202200040941;741 037;31;0;2;4;1;1
202200040942;741 036;50;0;2;1;9;3
202200040942;741 038;1;12;2;7;1;5
202200040943;741 029;32;0;2;1;5;1
202200040943;741 032;50;0;2;8;9;3
202200040944;741 027;7;0;2;1;0;1
202200040944;741 028;7;0;2;4;0;1
202200040944;741 030;7;0;2;4;0;1
202200040944;741 033;7;0;2;4;0;1
202200040945;741 031;7;0;9;3;1;1
202200040945;741 034;1;0;2;1;1;5
202200040946;741 025;1;0;2;1;13;5
202200040946;741 026;1;0;2;1;1;5
202200040947;741 023;7;4;2;1;26;1
202200040947;741 024;43;4;2;4;26;1
202200040948;741 021;7;0;2;3;22;1
202200040948;741 022;1;0;2;3;1;5
202200040949;741 019;1;0;2;7;19;5
202200040949;741 020;7;0;9;1;1;1
202200040950;741 018;32;0;1;2;1;1
202200040951;741 017;7;14;0;2;0;1
202200040952;741 015;7;0;2;6;1;1
202200040952;741 016;7;0;2;1;1;1
202200040953;741 013;7;0;2;0;1;0
202200040953;741 014;50;0;2;8;15;3
202200040954;741 009;7;0;2;0;0;1
202200040954;741 011;7;0;2;4;0;1
202200040954;741 012;7;0;2;0;0;1
202200040955;741 008;7;0;2;3;22;1
202200040955;741 010;1;0;2;2;1;5
202200040956;741 004;7;0;2;0;0;0
202200040957;741 003;7;0;2;2;2;1
202200040957;741 006;7;0;2;6;1;1
202200040957;741 007;7;0;2;2;12;1
202200040958;740 999;7;0;2;7;12;1
202200040958;741 000;33;0;2;8;3;1
202200040959;740 998;7;0;2;2;15;1
202200040959;741 002;7;0;2;3;1;2
202200040960;740 997;7;3;0;1;14;0
202200040961;740 996;7;1;0;2;1;1
202200040962;741 001;20;0;0;3;15;1
202200040962;741 005;33;1;2;1;17;1
202200040963;740 995;7;0;1;1;1;2
202200040964;740 993;50;0;2;1;1;3
202200040964;740 994;10;0;2;2;16;1
202200040965;740 990;7;0;2;4;23;1
202200040965;740 991;7;0;2;1;1;1
202200040966;740 988;1;0;2;3;15;5
202200040966;740 989;7;0;9;2;1;1
202200040967;740 983;7;0;2;6;2;1
202200040967;740 985;10;0;2;6;2;1
202200040967;740 987;10;0;2;2;1;1
202200040968;740 982;10;0;2;1;1;1
202200040968;740 984;7;0;2;7;1;1
202200040969;740 986;7;0;2;8;11;1
202200040969;740 992;34;0;2;1;1;1
202200040970;740 979;7;0;2;7;12;1
202200040970;740 981;31;0;2;3;3;1
202200040971;740 977;7;0;2;8;15;1
202200040971;740 980;33;0;2;2;17;1
202200040972;740 974;10;0;2;2;1;1
202200040972;740 976;34;0;2;1;11;1
202200040973;740 972;1;0;2;8;13;5
202200040973;740 973;7;0;2;7;17;1
202200040974;740 975;33;0;2;8;13;1
202200040974;740 978;7;0;2;2;1;1
202200040975;740 971;7;0;1;2;16;1
202200040976;740 970;7;0;9;4;4;1
202200040977;740 969;7;0;1;0;26;1
202200040978;740 966;7;0;2;3;1;1
202200040978;740 968;32;0;2;4;1;1
202200040979;740 962;99;16;0;0;0;0
202200040979;740 964;34;0;2;1;17;0
202200040980;740 963;34;0;2;4;1;1
202200040980;740 965;33;0;2;1;3;1
202200040981;740 967;1;0;0;9;1;5
202200040982;740 959;1;0;2;8;2;5
202200040982;740 961;10;0;2;2;2;1
202200040983;740 958;2;0;2;1;1;1
202200040983;740 960;2;0;2;5;15;1
202200040984;740 954;7;0;1;1;1;1
202200040985;740 956;7;0;0;8;1;1
202200040985;740 957;33;0;2;8;1;1
202200040986;740 953;10;0;2;6;13;1
202200040986;740 955;33;0;2;1;1;0
202200040987;740 952;7;0;1;0;18;1
202200040988;740 949;2;0;2;5;0;1
202200040988;740 950;7;0;2;3;9;1
202200040989;740 951;7;0;1;2;1;1
202200040990;740 948;7;0;1;4;20;1
202200040991;740 942;7;0;2;6;12;1
202200040991;740 945;7;0;2;2;11;1
202200040992;740 943;2;0;2;7;3;1
202200040992;740 946;10;0;2;6;23;1
202200040992;740 947;7;0;2;8;23;1
202200040993;740 941;33;0;2;3;0;1
202200040993;740 944;7;0;2;3;0;1
202200040994;740 938;7;0;2;2;1;1
202200040994;740 939;7;0;2;0;0;1
202200040995;740 937;2;0;2;0;1;0
202200040995;740 940;32;0;2;1;9;1
202200040996;740 936;31;0;0;0;1;1
202200040997;740 934;7;0;1;1;1;1
202200040998;740 933;7;0;2;4;2;1
202200040998;740 935;7;0;2;1;2;1
202200040999;740 928;37;0;2;2;17;1
202200040999;740 929;1;0;2;7;15;5
202200041000;740 931;32;0;2;3;5;1
202200041000;740 932;7;0;2;3;1;1
202200041001;740 926;7;0;1;2;1;1
202200041002;740 925;10;0;0;3;1;1
202200041002;740 927;2;0;2;1;3;1
202200041003;740 920;99;0;1;2;1;1
202200041004;740 919;7;0;2;0;0;1
202200041004;740 921;7;0;2;0;0;1
202200041004;740 922;1;0;2;0;0;5