Num_Acc;id_vehicule;categorie_vehicule;obstacle_fixe;obstacle_mobile;point_choc_initial;manoeuvre_principale;motorisation
202200041005;740 923;7;0;2;2;2;1
202200041005;740 924;1;0;2;4;2;5
202200041006;740 918;7;0;1;2;1;0
202200041007;740 915;2;0;2;0;0;1
202200041007;740 917;7;0;2;0;0;0
202200041008;740 913;2;0;2;7;2;1
202200041008;740 914;7;0;2;3;15;1
202200041009;740 912;7;6;0;1;1;1
202200041010;740 916;33;13;0;1;15;1
202200041011;740 908;7;0;2;1;1;1
202200041011;740 910;7;0;2;7;19;1
202200041012;740 909;7;0;1;1;1;1
202200041013;740 906;1;0;2;6;2;5
202200041013;740 907;7;0;2;7;17;6
202200041014;740 903;7;0;2;4;2;1
202200041014;740 905;7;0;2;1;2;1
202200041015;740 902;7;0;2;1;17;1
202200041015;740 904;7;0;2;8;15;1
202200041016;740 899;7;0;2;0;0;1
202200041016;740 901;7;0;2;0;0;1
202200041017;740 898;7;0;2;3;15;1
202200041017;740 900;10;6;2;2;2;0
202200041018;740 896;40;0;1;2;1;3
202200041019;740 895;99;0;1;3;15;1
202200041020;740 897;7;0;0;9;14;1
202200041021;740 893;7;0;2;1;1;1
202200041021;740 894;7;1;2;3;1;1
202200041022;740 892;50;0;1;1;1;3
202200041023;740 889;1;0;2;0;0;5
202200041023;740 890;10;0;2;1;9;1
202200041024;740 887;1;0;2;0;0;0
202200041024;740 891;7;0;9;1;9;0
202200041025;740 884;34;0;2;1;1;3
202200041025;740 886;7;0;2;3;15;1
202200041026;740 885;7;0;2;6;1;1
202200041026;740 888;7;0;2;2;12;1
202200041027;740 883;7;0;1;1;1;1
202200041028;740 882;7;1;0;3;1;1
202200041029;740 879;40;0;2;2;1;3
202200041029;740 881;14;0;4;7;15;1
202200041030;740 878;1;0;1;1;1;5
202200041031;740 877;7;1;0;0;1;1
202200041032;740 874;31;0;2;9;1;1
202200041032;740 875;3;0;2;2;1;0
202200041033;740 876;99;0;2;1;2;1
202200041033;740 880;7;0;2;4;2;1
202200041034;740 872;7;0;2;1;15;1
202200041034;740 873;1;0;2;1;1;5
202200041035;740 871;32;0;1;1;21;1
202200041036;740 870;41;14;0;7;26;3
202200041037;740 868;7;0;1;2;1;1
202200041038;740 867;7;0;1;2;1;0
202200041039;740 862;7;0;1;2;1;1
202200041040;740 861;32;0;2;2;17;1
202200041040;740 863;10;0;2;3;15;1
202200041041;740 858;7;9;0;1;2;1
202200041042;740 855;10;0;2;1;2;1
202200041042;740 856;7;0;2;1;2;1
202200041042;740 857;7;0;2;4;2;1
202200041043;740 853;7;0;1;2;1;1
202200041044;740 851;0;0;1;1;16;0
202200041045;740 847;7;0;2;4;1;1
202200041045;740 850;7;0;2;1;1;3
202200041045;740 852;7;0;2;1;1;1
202200041045;740 854;7;0;2;1;1;1
202200041045;740 859;7;0;2;1;1;2
202200041045;740 860;7;0;2;1;1;2
202200041045;740 864;7;0;2;1;1;1
202200041045;740 865;10;0;2;1;1;1
202200041045;740 866;7;0;2;1;1;1
202200041045;740 869;7;0;2;4;0;1
202200041046;740 846;13;0;9;2;14;1
202200041046;740 849;50;0;2;4;1;3
202200041047;740 845;50;0;2;1;1;3
202200041047;740 848;7;0;2;3;1;1
202200041048;740 840;7;0;2;8;24;1
202200041048;740 844;1;0;2;7;1;5
202200041049;740 841;1;0;2;3;1;5
202200041049;740 843;7;0;2;3;5;1
202200041050;740 839;7;0;2;6;23;1
202200041050;740 842;7;0;2;1;1;1
202200041051;740 837;37;0;2;4;1;1
202200041051;740 838;1;0;2;1;1;5
202200041052;740 836;50;0;1;0;1;3
202200041053;740 835;7;0;0;1;1;3
202200041054;740 834;7;0;1;3;26;1
202200041055;740 831;7;0;2;4;1;1
202200041055;740 833;43;0;2;1;1;1
202200041056;740 830;20;0;1;3;1;1
202200041057;740 829;10;0;2;4;2;1
202200041057;740 832;7;0;2;1;2;1
202200041058;740 826;32;0;2;1;1;1
202200041058;740 827;7;0;2;4;15;1
202200041059;740 825;7;0;1;4;4;1
202200041060;740 822;99;0;2;1;1;3
202200041060;740 824;7;0;9;3;16;1
202200041061;740 823;2;13;0;1;1;1
202200041062;740 818;1;0;9;1;1;5
202200041062;740 820;1;0;9;1;5;5
202200041063;740 817;7;0;2;1;0;1
202200041063;740 821;7;0;2;2;26;0
202200041064;740 815;50;0;0;7;16;3
202200041065;740 813;7;0;1;1;1;1
202200041066;740 811;10;8;1;1;13;1
202200041067;740 812;7;0;2;1;2;1
202200041067;740 814;7;0;2;4;2;3
202200041068;740 808;7;0;0;0;0;0
202200041068;740 810;7;0;0;0;0;0
202200041069;740 807;10;0;2;7;15;1
202200041069;740 809;33;0;2;1;1;1
202200041070;740 802;7;0;2;1;1;1
202200041070;740 805;50;0;2;4;19;3
202200041071;740 801;7;0;2;3;1;1
202200041071;740 803;99;0;2;1;13;0
202200041072;740 804;10;0;2;3;21;1
202200041072;740 806;33;0;2;7;1;1
202200041073;740 799;2;0;0;1;26;1
202200041074;740 798;7;0;2;1;9;3
202200041074;740 800;30;0;2;1;18;1
202200041075;740 794;33;0;2;1;1;1
202200041075;740 795;7;0;2;2;15;1
202200041076;740 792;7;1;0;1;1;1
202200041076;740 796;10;0;2;4;23;1
202200041077;740 793;50;0;2;3;19;3
202200041077;740 797;7;0;2;2;1;1
202200041078;740 789;7;0;0;4;15;1
202200041078;740 790;7;0;2;4;1;1
202200041078;740 791;7;0;2;1;1;1
202200041079;740 787;7;0;2;1;2;1
202200041079;740 788;15;0;0;6;2;1
202200041080;740 785;33;0;2;4;1;1
202200041080;740 786;7;0;2;0;14;0
202200041081;740 783;7;0;2;2;15;1
202200041081;740 784;31;0;2;1;1;1
202200041082;740 781;7;15;0;1;1;1
202200041083;740 780;1;0;2;8;16;5
202200041083;740 782;15;0;2;7;1;1
202200041084;740 778;2;0;2;3;1;1
202200041084;740 779;7;0;2;7;15;1
202200041085;740 776;7;4;9;1;1;1
202200041086;740 777;7;3;0;9;14;1
202200041087;740 775;7;1;0;1;13;1
202200041088;740 773;7;0;1;3;1;1
202200041089;740 770;1;0;2;8;11;5
202200041089;740 771;2;0;2;1;1;1
202200041090;740 768;7;0;2;1;2;1
202200041090;740 769;7;0;2;1;13;1
202200041091;740 772;7;0;2;8;9;1
202200041091;740 774;33;0;2;1;1;1
202200041092;740 766;7;0;2;1;13;1
202200041092;740 767;7;0;2;1;1;1
202200041093;740 763;7;0;2;1;1;1
202200041093;740 764;7;0;0;4;26;1
202200041094;740 765;50;0;0;0;1;3
202200041095;740 761;33;13;0;1;21;1
202200041095;740 762;7;0;0;0;10;1
202200041096;740 759;2;0;2;1;1;1
202200041096;740 760;7;0;2;3;15;1
202200041097;740 758;7;2;0;3;17;1
202200041098;740 757;7;6;0;2;1;1
202200041099;740 754;2;15;0;1;1;1
202200041100;740 752;7;0;2;3;5;1
202200041100;740 753;7;0;2;3;1;1
202200041101;740 756;7;2;0;1;0;1
202200041102;740 750;10;0;2;1;1;1
202200041102;740 751;7;0;2;1;13;1
202200041103;740 749;0;0;1;0;0;
202200041104;740 747;7;0;2;3;13;1
202200041104;740 748;10;0;2;3;1;1
202200041105;740 743;7;5;0;1;1;1
202200041106;740 744;7;0;2;1;1;1
202200041106;740 746;10;0;2;1;1;1
202200041107;740 740;7;0;1;0;1;0
202200041108;740 741;7;13;0;1;21;1
202200041109;740 742;7;0;2;8;1;1
202200041109;740 745;2;0;2;1;16;1
202200041110;740 737;7;0;2;3;16;1
202200041110;740 739;10;0;2;2;1;1
202200041111;740 738;31;0;0;1;1;1
202200041112;740 733;7;0;2;1;1;1
202200041112;740 736;7;0;2;1;15;1
202200041113;740 732;7;0;1;3;0;0
202200041114;740 734;7;0;9;2;1;3
202200041114;740 735;1;0;2;1;19;5
202200041115;740 731;40;0;1;1;26;0
202200041116;740 727;7;0;2;1;15;1
202200041116;740 728;32;0;2;8;1;1
202200041117;740 729;7;0;2;4;2;1
202200041117;740 730;32;0;2;4;2;1
202200041118;740 723;7;0;2;1;2;1
202200041118;740 724;32;0;2;1;2;1
202200041118;740 726;33;0;2;1;2;1
202200041119;740 720;50;0;2;2;1;3
202200041119;740 721;31;0;2;1;9;0
202200041120;740 722;1;0;2;1;9;5
202200041120;740 725;7;0;2;7;9;1
202200041121;740 718;7;0;2;6;15;1
202200041121;740 719;50;0;2;2;5;3
202200041122;740 716;30;0;2;1;2;1
202200041122;740 717;10;0;2;4;2;1
202200041123;740 715;31;0;1;1;16;1
202200041124;740 713;7;0;2;3;1;1
202200041124;740 714;7;0;2;2;15;1
202200041125;740 712;7;0;1;3;1;1
202200041126;740 710;43;0;2;1;15;1
202200041126;740 711;7;0;2;1;1;1
202200041127;740 709;60;0;0;0;0;5
202200041128;740 708;30;0;0;3;1;1
202200041129;740 706;30;0;2;1;1;0
202200041129;740 707;7;0;2;7;15;1
202200041130;740 704;10;0;2;2;1;1
202200041130;740 705;7;0;2;6;4;1
202200041131;740 702;10;0;2;1;9;1
202200041131;740 703;1;0;2;1;5;5
202200041132;740 701;7;0;1;1;17;1
202200041133;740 699;7;0;2;1;2;1
202200041133;740 700;7;0;0;4;23;1
202200041134;740 697;7;0;2;1;5;1
202200041134;740 698;7;8;2;5;19;1
202200041135;740 695;2;0;0;0;0;0
202200041135;740 696;10;0;2;2;14;1
202200041136;740 693;33;0;1;1;19;1
202200041137;740 692;7;0;2;3;13;1
202200041137;740 694;2;0;0;1;1;1
202200041138;740 691;34;0;0;0;26;1
202200041139;740 688;2;0;2;1;1;1
202200041139;740 690;7;0;2;4;1;1
202200041140;740 687;7;0;2;7;15;1
202200041140;740 689;32;0;2;1;1;1
202200041141;740 686;33;13;0;1;1;1
202200041142;740 684;7;0;2;3;15;1
202200041142;740 685;2;0;2;1;17;1
202200041143;740 681;32;0;2;3;1;1
202200041143;740 683;7;0;2;2;11;1
202200041144;740 680;7;0;1;3;15;1
202200041145;740 677;7;1;2;3;17;1
202200041145;740 678;30;0;2;2;9;1
202200041146;740 676;31;0;2;8;1;1
202200041146;740 679;7;0;2;7;17;1
202200041147;740 673;2;0;2;1;0;1
202200041147;740 675;33;0;2;1;1;1
202200041148;740 672;7;13;2;1;1;1
202200041148;740 674;2;0;2;8;9;1
202200041149;740 670;7;0;6;1;1;1
202200041150;740 669;33;0;6;1;1;1
202200041151;740 668;37;0;2;1;1;1
202200041151;740 671;7;0;2;1;5;1
202200041152;740 666;7;0;0;3;15;0
202200041152;740 667;7;0;2;1;17;1
202200041153;740 665;7;0;0;9;17;1
202200041154;740 663;1;0;0;4;16;5
202200041154;740 664;7;0;9;1;1;1
202200041155;740 661;10;0;2;1;2;1
202200041155;740 662;17;0;0;4;2;1
202200041156;740 659;2;0;2;1;2;1
202200041156;740 660;2;0;0;4;2;1
202200041157;740 658;7;2;0;1;13;1
202200041158;740 656;17;0;2;3;1;1
202200041158;740 657;7;0;2;3;13;1
202200041159;740 655;14;0;1;4;20;0
202200041160;740 653;7;0;2;1;1;1
202200041160;740 654;7;0;2;1;1;1
202200041161;740 652;10;0;1;8;1;1
202200041162;740 651;7;4;0;1;19;1
202200041163;740 647;7;0;2;3;1;1
202200041163;740 648;7;0;2;3;1;1
202200041163;740 650;14;0;2;6;1;0
202200041164;740 640;10;0;2;8;9;0
202200041164;740 643;7;0;2;1;1;1
202200041164;740 645;10;0;2;1;1;0
202200041165;740 635;7;0;2;1;0;0
202200041165;740 637;7;3;2;1;0;1
202200041166;740 634;7;0;9;2;1;1
202200041166;740 636;7;0;0;0;1;1
202200041166;740 638;7;0;2;1;1;1
202200041166;740 639;7;1;2;2;1;1
202200041166;740 641;7;0;0;5;1;1
202200041166;740 642;7;0;2;1;1;1
202200041166;740 644;7;0;2;3;1;1
202200041166;740 646;7;0;2;1;1;1
202200041166;740 649;33;0;0;0;1;1
202200041167;740 633;7;0;1;2;1;1
202200041168;740 632;7;0;1;2;1;1
202200041169;740 630;2;0;1;0;1;1
202200041170;740 629;7;0;2;1;13;1
202200041170;740 631;15;3;2;1;1;1
202200041171;740 628;7;13;0;0;1;1
202200041172;740 627;7;0;1;0;1;1
202200041173;740 623;7;0;2;8;23;1
202200041173;740 626;7;8;2;1;1;1
202200041174;740 622;7;0;2;1;1;1
202200041174;740 624;17;0;2;1;1;1
202200041174;740 625;20;0;2;3;15;1
202200041175;740 620;32;3;0;1;13;1
202200041176;740 619;7;0;0;5;15;1
202200041176;740 621;33;0;2;1;1;1
202200041177;740 618;33;0;0;8;1;1
202200041178;740 616;1;0;2;1;1;5
202200041178;740 617;7;0;0;1;1;1
202200041179;740 614;7;0;2;8;26;1
202200041179;740 615;31;0;2;1;1;1
202200041180;740 612;15;0;2;3;21;1
202200041180;740 613;7;0;2;3;13;1
202200041181;740 611;7;0;1;2;16;1
202200041182;740 609;7;2;2;2;11;1
202200041182;740 610;7;0;2;2;21;1
202200041183;740 607;7;0;2;2;0;1
202200041183;740 608;2;0;2;8;26;1
202200041184;740 604;33;0;2;1;1;1
202200041184;740 605;15;0;2;2;19;1
202200041185;740 606;34;7;0;1;17;1
202200041186;740 603;7;0;1;2;1;1
202200041187;740 602;10;6;0;3;16;1
202200041188;740 600;7;8;0;1;0;1
202200041189;740 599;33;0;2;1;1;1
202200041189;740 601;7;0;2;4;26;1
202200041190;740 598;14;0;0;7;14;1
202200041191;740 596;7;0;0;3;0;1
202200041191;740 597;33;0;0;1;0;1
202200041192;740 594;7;0;2;4;1;1
202200041192;740 595;7;0;2;1;1;1
202200041193;740 593;7;0;1;1;0;0
202200041194;740 591;7;0;2;5;23;1
202200041194;740 592;7;0;2;3;26;1
202200041195;740 590;15;1;1;2;1;1
202200041196;740 589;7;0;1;7;1;1
202200041197;740 588;7;0;1;2;1;1
202200041198;740 585;7;0;2;1;1;1
202200041198;740 587;34;0;2;1;13;1
202200041199;740 584;7;0;2;2;9;1
202200041199;740 586;33;0;2;3;1;1
202200041200;740 583;7;2;0;8;0;1
202200041201;740 582;7;0;1;1;1;1
202200041202;740 581;2;15;0;7;1;1
202200041203;740 580;7;13;0;3;13;1
202200041204;740 578;7;8;0;1;14;1
202200041205;740 576;7;0;2;1;2;1
202200041205;740 577;7;0;2;4;2;1
202200041205;740 579;7;0;2;4;2;2
202200041206;740 570;10;0;2;1;2;1
202200041206;740 572;7;0;2;4;2;1
202200041206;740 573;7;0;2;4;2;1
202200041207;740 571;33;0;0;9;1;1
202200041208;740 566;7;0;2;4;2;2
202200041208;740 569;10;0;2;1;2;1
202200041209;740 564;7;4;0;2;14;1
202200041210;740 563;7;0;2;1;2;1
202200041210;740 565;7;0;2;8;26;1
202200041211;740 560;7;0;2;3;1;1
202200041211;740 562;7;0;2;5;2;1
202200041212;740 559;7;0;2;4;2;1
202200041212;740 561;7;0;2;1;2;1
202200041213;740 556;30;0;2;1;0;1
202200041213;740 558;7;0;2;4;2;1
202200041214;740 555;10;0;2;4;2;1
202200041214;740 557;43;0;2;1;2;1
202200041215;740 552;34;0;2;1;1;1
202200041215;740 554;7;0;2;3;15;1
202200041216;740 551;34;0;2;1;1;1
202200041216;740 553;7;0;2;6;11;2
202200041217;740 548;1;2;2;2;1;5
202200041217;740 550;1;2;2;3;9;5
202200041218;740 547;7;0;2;1;26;1
202200041218;740 549;7;0;2;4;2;1
202200041219;740 546;7;7;0;0;19;1
202200041220;740 544;14;1;0;2;1;1
202200041220;740 545;10;0;0;6;24;1
202200041221;740 543;1;8;0;1;1;6
202200041222;740 538;14;0;2;4;1;1
202200041222;740 541;10;0;2;4;1;1
202200041222;740 542;10;0;2;1;26;1
202200041223;740 539;80;0;4;3;16;3
202200041223;740 540;40;0;2;4;1;0
202200041224;740 534;33;0;2;1;0;1
202200041224;740 536;7;0;2;3;15;1
202200041225;740 533;7;0;2;7;12;1
202200041225;740 535;33;0;2;8;3;1
202200041225;740 537;38;0;2;4;1;1
202200041226;740 530;7;0;2;1;15;1
202200041226;740 532;31;0;2;1;1;1
202200041227;740 529;7;0;2;5;1;1
202200041227;740 531;7;0;2;3;13;1
202200041228;740 526;7;0;2;4;2;1
202200041228;740 527;33;0;2;1;2;1
202200041229;740 525;7;0;2;3;16;1
202200041229;740 528;33;0;2;1;1;1
202200041230;740 524;7;0;1;1;1;1
202200041231;740 522;33;0;2;4;26;1
202200041231;740 523;7;0;2;1;1;1
202200041232;740 521;7;15;0;9;1;1
202200041233;740 519;33;0;2;1;1;1
202200041233;740 520;7;0;2;7;15;1
202200041234;740 517;30;0;2;6;23;1
202200041234;740 518;7;0;2;1;1;0
202200041235;740 514;7;1;0;8;0;1
202200041236;740 511;7;0;1;1;9;1
202200041237;740 510;7;0;2;3;2;1
202200041237;740 512;7;0;2;3;2;1
202200041238;740 507;7;0;2;6;19;1
202200041238;740 509;32;0;2;1;26;1
202200041239;740 506;33;0;2;0;0;1
202200041239;740 508;7;0;2;5;15;1
202200041240;740 503;33;0;2;1;1;1
202200041240;740 505;7;0;2;2;17;1
202200041241;740 501;7;0;0;4;2;1
202200041241;740 502;7;0;2;4;2;1
202200041241;740 504;7;0;2;1;2;1
202200041242;740 498;7;0;2;2;1;1
202200041242;740 500;7;0;2;3;1;1
202200041243;740 499;7;1;1;2;1;1
202200041244;740 497;7;4;0;1;2;1
202200041245;740 496;7;0;1;2;1;1
202200041246;740 492;7;0;2;1;15;1
202200041246;740 494;7;0;2;6;1;1
202200041247;740 491;7;14;0;1;21;1
202200041247;740 493;7;14;2;4;1;1
202200041247;740 495;7;14;2;1;1;1
202200041248;740 487;10;0;2;3;15;1
202200041248;740 489;2;0;2;1;1;1
202200041249;740 485;7;0;2;1;2;0
202200041249;740 486;7;0;2;4;1;1
202200041249;740 488;7;0;2;4;2;1
202200041249;740 490;7;0;2;1;1;1
202200041250;740 484;7;0;1;3;16;1
202200041251;740 483;34;0;1;1;1;1
202200041252;740 482;10;0;1;7;1;1
202200041253;740 481;33;12;0;1;15;1
202200041254;740 479;7;6;0;1;1;3
202200041255;740 478;7;0;2;1;1;1
202200041255;740 480;30;0;2;8;19;1
202200041256;740 477;7;11;0;1;17;1
202200041257;740 476;7;0;1;3;1;1
202200041258;740 475;7;0;1;2;16;1
202200041259;740 474;7;0;1;2;2;1
202200041260;740 473;37;0;1;1;1;1
202200041261;740 471;7;0;1;2;26;1
202200041262;740 470;1;0;2;8;0;5
202200041262;740 472;7;0;2;1;15;1
202200041263;740 466;33;0;2;1;17;1
202200041263;740 467;7;0;2;6;15;1
202200041264;740 464;1;0;2;1;19;5
202200041264;740 465;7;0;2;2;1;1
202200041265;740 463;50;0;0;1;2;3
202200041266;740 460;7;0;2;1;1;1
202200041266;740 462;7;0;2;4;1;1
202200041267;740 459;7;0;2;8;9;1
202200041267;740 461;7;0;2;1;1;1
202200041268;740 458;2;0;0;0;17;1
202200041269;740 455;7;15;0;2;1;1
202200041269;740 457;99;0;0;0;24;0
202200041270;740 454;32;0;2;1;1;1
202200041270;740 456;7;0;2;2;9;1
202200041271;740 452;1;0;2;1;1;5
202200041271;740 453;1;0;2;1;5;5
202200041272;740 450;7;0;0;6;1;1
202200041272;740 451;13;0;0;2;12;0
202200041273;740 449;7;0;1;1;1;0
202200041274;740 447;7;0;2;2;1;1
202200041274;740 448;1;0;2;8;10;5
202200041275;740 445;31;1;0;0;0;1
202200041276;740 443;7;0;2;3;13;1
202200041276;740 444;7;0;2;6;1;1
202200041276;740 446;7;0;2;3;1;1
202200041277;740 442;7;0;1;2;1;1
202200041278;740 438;10;0;2;1;1;1
202200041278;740 440;10;0;2;9;1;1
202200041278;740 441;7;0;2;4;1;1
202200041279;740 439;7;0;1;1;1;1
202200041280;740 437;7;2;0;2;14;1
202200041281;740 435;33;0;2;3;1;1
202200041281;740 436;7;0;2;2;12;1
202200041282;740 432;7;0;2;1;11;1
202200041282;740 434;1;0;0;0;0;5
202200041283;740 429;1;0;2;8;19;5
202200041283;740 430;1;0;2;1;1;5
202200041284;740 427;7;0;2;1;2;1
202200041284;740 428;7;0;2;1;2;1
202200041284;740 431;7;0;2;1;2;1
202200041284;740 433;7;0;0;0;2;1
202200041285;740 426;7;13;0;2;14;1
202200041286;740 425;2;0;0;9;1;1
202200041287;740 423;7;0;2;3;1;1
202200041287;740 424;7;0;2;1;13;1
202200041288;740 422;7;0;0;2;1;1
202200041289;740 420;33;0;0;1;1;1
202200041290;740 419;1;0;2;7;26;5
202200041290;740 421;10;0;2;2;1;1
202200041291;740 416;2;0;2;1;19;1
202200041291;740 418;7;0;2;8;16;1
202200041292;740 415;33;6;0;1;26;1
202200041293;740 412;7;0;2;1;2;1
202200041293;740 414;10;0;2;4;2;1
202200041294;740 411;7;0;0;3;9;0
202200041294;740 413;33;0;2;1;1;0
202200041295;740 410;7;0;1;3;1;1
202200041296;740 409;7;0;1;2;13;1
202200041297;740 406;7;0;2;3;1;1
202200041297;740 408;50;0;2;1;1;3
202200041298;740 405;33;0;2;3;18;1
202200041298;740 407;10;0;2;5;0;1
202200041299;740 404;7;4;0;2;26;1
202200041300;740 403;30;3;0;7;14;1
202200041301;740 401;32;0;2;1;1;1
202200041301;740 402;7;0;2;3;16;1
202200041302;740 400;7;0;1;2;1;1
202200041303;740 398;33;12;0;1;12;6
202200041304;740 399;7;1;0;2;14;1
202200041305;740 396;7;0;2;2;1;1
202200041305;740 397;33;0;2;3;11;1
202200041306;740 395;7;0;1;7;1;1
202200041307;740 391;21;0;2;3;16;1
202200041307;740 393;7;0;2;7;1;1
202200041308;740 392;32;0;2;1;7;1
202200041308;740 394;7;0;2;1;15;1
202200041309;740 387;34;0;2;1;1;1
202200041309;740 388;7;0;2;6;1;1
202200041309;740 390;7;0;2;1;1;1
202200041310;740 386;30;0;2;1;1;1
202200041310;740 389;7;0;2;3;15;2
202200041311;740 384;7;0;2;1;5;1
202200041311;740 385;15;0;2;1;1;1
202200041312;740 380;7;0;2;0;2;1
202200041312;740 382;7;0;2;4;2;1
202200041312;740 383;7;0;2;4;23;2
202200041313;740 379;10;0;2;2;1;1
202200041313;740 381;32;0;2;1;5;1
202200041314;740 377;80;0;2;4;15;3
202200041314;740 378;2;0;2;0;1;0
202200041315;740 375;33;0;2;1;1;1
202200041315;740 376;33;0;2;6;13;1
202200041316;740 373;7;0;1;2;1;2
202200041317;740 372;7;0;9;3;1;1
202200041317;740 374;1;0;2;0;9;5
202200041318;740 370;7;0;2;7;1;1
202200041318;740 371;43;0;2;1;1;1
202200041319;740 369;7;12;0;1;15;1
202200041320;740 365;7;0;2;2;15;1
202200041320;740 367;33;0;2;3;1;1
202200041321;740 366;1;0;2;1;19;5
202200041321;740 368;32;0;2;6;15;1
202200041322;740 363;15;0;2;2;12;0
202200041322;740 364;7;0;2;8;1;1
202200041323;740 362;32;0;1;2;1;1
202200041324;740 359;10;0;2;2;16;1
202200041324;740 361;31;0;2;3;18;1
202200041325;740 358;1;0;1;4;1;5
202200041326;740 354;30;0;2;7;12;1
202200041326;740 356;32;0;2;3;1;1
202200041326;740 357;10;0;2;7;12;1
202200041327;740 353;80;0;2;1;1;3
202200041327;740 355;7;0;9;7;22;1
202200041328;740 351;33;0;2;8;14;1
202200041328;740 352;7;0;2;2;15;3
202200041329;740 349;33;0;2;8;1;1
202200041329;740 350;7;0;2;3;15;1
202200041330;740 347;10;0;2;1;15;1
202200041330;740 348;7;0;2;2;1;2
202200041331;740 345;30;0;2;2;17;3
202200041331;740 346;7;0;2;3;15;1
202200041332;740 343;1;0;2;8;1;5
202200041332;740 344;7;0;2;2;22;1
202200041333;740 341;60;0;2;1;19;5
202200041333;740 342;7;0;2;6;1;1
202200041334;740 339;32;0;2;4;15;3
202200041334;740 340;10;0;2;2;17;1
202200041335;740 337;10;0;2;1;1;1
202200041335;740 338;1;0;2;0;0;5
202200041336;740 336;50;0;1;8;1;3
202200041337;740 334;30;0;2;1;18;1
202200041337;740 335;7;0;2;8;0;1
202200041338;740 332;30;0;2;2;1;1
202200041338;740 333;10;0;2;1;1;1
202200041339;740 329;30;0;2;5;0;1
202200041339;740 331;7;0;2;1;0;1
202200041340;740 328;34;0;2;7;1;1
202200041340;740 330;7;0;2;8;15;1
202200041341;740 326;34;0;2;1;1;1
202200041341;740 327;7;0;2;8;10;1
202200041342;740 324;2;0;2;1;1;1
202200041342;740 325;7;0;2;1;11;3
202200041343;740 323;30;0;1;1;1;1
202200041344;740 322;32;1;0;2;1;1
202200041345;740 321;7;17;0;2;14;1
202200041346;740 318;33;0;2;8;17;1
202200041346;740 319;32;0;2;3;1;1
202200041346;740 320;7;0;2;3;10;0
202200041347;740 316;7;0;2;3;1;3
202200041347;740 317;21;0;2;6;1;1
202200041348;740 315;33;13;0;7;1;1
202200041349;740 314;10;0;1;7;16;1
202200041350;740 312;7;0;2;1;1;1
202200041350;740 313;7;0;2;1;13;1
202200041351;740 310;7;0;2;2;1;2
202200041351;740 311;1;0;2;2;15;5
202200041352;740 308;33;12;0;0;14;1
202200041353;740 307;7;0;2;1;1;1
202200041353;740 309;7;0;2;6;19;1
202200041354;740 305;7;0;1;1;2;1
202200041355;740 303;10;0;2;3;19;1
202200041355;740 304;33;0;2;1;1;1
202200041356;740 302;7;0;2;5;1;1
202200041356;740 306;7;0;2;1;1;2
202200041357;740 300;7;0;1;2;15;1
202200041358;740 297;33;0;0;7;23;1
202200041359;740 295;7;0;2;2;19;1
202200041359;740 296;7;0;2;3;0;1
202200041359;740 298;7;0;2;5;23;1
202200041359;740 299;7;0;2;2;23;2
202200041359;740 301;7;0;2;3;1;3
202200041360;740 292;7;0;2;1;13;1
202200041360;740 294;7;0;2;1;1;1
202200041361;740 291;7;0;2;2;1;1
202200041361;740 293;30;0;2;1;15;1
202200041362;740 289;1;0;2;5;19;5
202200041362;740 290;37;0;2;2;1;1
202200041363;740 287;30;0;2;1;1;1
202200041363;740 288;7;0;2;5;15;1
202200041364;740 285;7;0;2;3;9;1
202200041364;740 286;33;0;2;1;1;1
202200041365;740 283;7;0;2;1;1;1
202200041365;740 284;1;0;2;8;19;5
202200041366;740 281;33;0;0;7;9;1
202200041366;740 282;7;0;0;8;9;1
202200041367;740 279;1;0;2;1;16;5
202200041367;740 280;3;0;2;3;1;1
202200041368;740 278;7;1;0;9;13;1
202200041369;740 274;7;0;2;1;1;1
202200041369;740 277;34;0;2;6;1;1
202200041370;740 275;7;0;2;2;1;1
202200041370;740 276;1;0;2;1;17;5
202200041371;740 272;30;0;0;1;1;1
202200041371;740 273;7;0;2;2;19;1
202200041372;740 270;7;6;0;7;1;1
202200041372;740 271;7;0;2;1;19;1
202200041373;740 268;7;2;2;9;9;1
202200041373;740 269;7;0;2;2;12;0
202200041374;740 267;7;0;0;9;1;1
202200041375;740 264;7;8;0;2;14;0
202200041375;740 266;7;8;0;3;9;0
202200041376;740 260;33;0;2;2;17;1
202200041376;740 261;7;0;2;3;15;1
202200041377;740 259;7;6;0;3;1;1
202200041378;740 257;7;0;2;5;23;1
202200041378;740 258;32;0;2;1;2;1
202200041379;740 255;7;0;2;3;1;1
202200041379;740 256;7;0;0;1;1;1
202200041380;740 254;30;0;1;1;1;3
202200041381;740 253;7;0;0;0;1;1
202200041382;740 250;7;0;2;8;15;1
202200041382;740 251;33;0;2;9;1;1
202200041383;740 249;10;0;2;8;1;1
202200041383;740 252;7;0;2;1;1;1
202200041384;740 246;7;1;2;3;9;2
202200041384;740 247;30;1;2;7;17;1
202200041385;740 245;7;0;2;8;1;1
202200041385;740 248;7;0;2;8;13;1
202200041386;740 242;1;0;2;4;2;5
202200041386;740 244;0;0;2;0;1;0
202200041387;740 241;7;0;2;1;0;1
202200041387;740 243;2;0;2;2;0;1
202200041388;740 240;7;3;0;1;1;1
202200041389;740 237;7;13;0;9;19;1
202200041390;740 238;7;0;2;1;14;1
202200041390;740 239;15;0;0;4;23;1
202200041391;740 236;33;0;0;7;13;1
202200041392;740 234;17;0;0;6;11;1
202200041392;740 235;10;0;2;2;12;1
202200041393;740 233;33;0;1;1;1;1
202200041394;740 231;7;0;2;6;11;1
202200041394;740 232;34;0;2;1;3;1
202200041395;740 230;2;8;0;1;5;1
202200041396;740 229;7;2;0;1;0;1