Num_Acc;id_vehicule;categorie_vehicule;obstacle_fixe;obstacle_mobile;point_choc_initial;manoeuvre_principale;motorisation
202200041397;740 227;10;0;2;1;1;1
202200041397;740 228;7;0;0;8;19;2
202200041398;740 226;33;16;0;1;1;1
202200041399;740 224;7;0;2;5;14;1
202200041399;740 225;10;0;2;3;1;1
202200041400;740 222;7;0;0;1;1;1
202200041401;740 221;31;8;2;1;1;1
202200041401;740 223;7;0;2;3;15;1
202200041402;740 219;33;0;0;0;1;1
202200041403;740 218;34;0;2;1;1;1
202200041403;740 220;34;0;2;1;17;1
202200041404;740 217;2;13;0;1;5;1
202200041405;740 215;7;0;2;2;9;1
202200041405;740 216;1;0;2;1;1;5
202200041406;740 214;2;0;0;7;2;1
202200041407;740 212;15;0;1;2;1;1
202200041408;740 213;2;7;0;1;1;1
202200041409;740 210;7;0;9;1;15;1
202200041409;740 211;1;0;2;7;1;5
202200041410;740 208;10;0;2;3;13;1
202200041410;740 209;7;0;2;3;21;1
202200041411;740 207;33;0;0;1;1;1
202200041412;740 206;2;14;0;2;1;1
202200041413;740 205;43;0;5;1;1;1
202200041414;740 203;7;0;2;4;2;1
202200041414;740 204;33;0;2;1;2;1
202200041415;740 202;38;2;0;3;1;1
202200041416;740 201;7;2;0;1;1;1
202200041417;740 200;31;0;0;1;1;1
202200041418;740 199;10;0;1;4;20;1
202200041419;740 198;7;0;9;1;1;1
202200041420;740 196;32;12;0;1;0;1
202200041421;740 197;21;13;0;3;1;1
202200041422;740 193;7;0;2;8;15;1
202200041422;740 194;7;0;2;3;23;1
202200041423;740 192;7;0;0;4;23;1
202200041423;740 195;2;0;2;1;2;1
202200041424;740 188;7;0;2;1;0;1
202200041424;740 189;7;0;2;3;5;1
202200041424;740 190;7;0;2;1;0;1
202200041425;740 187;10;2;0;3;1;1
202200041426;740 186;32;0;0;7;1;1
202200041427;740 183;7;0;2;1;0;1
202200041427;740 185;7;0;2;1;17;1
202200041428;740 177;21;0;0;4;2;0
202200041428;740 178;7;0;2;2;2;1
202200041429;740 180;7;0;2;3;5;1
202200041429;740 182;7;0;2;3;1;1
202200041429;740 184;7;0;0;6;2;1
202200041430;740 174;7;0;2;4;11;1
202200041430;740 176;7;0;2;1;1;1
202200041431;740 173;7;0;2;2;1;1
202200041431;740 175;80;0;2;8;9;3
202200041432;740 170;15;2;2;3;1;1
202200041432;740 171;7;0;2;3;13;1
202200041433;740 169;7;0;2;4;1;1
202200041433;740 172;7;0;2;1;2;1
202200041434;740 165;7;0;2;1;1;1
202200041434;740 167;7;0;2;4;1;1
202200041435;740 163;10;1;0;4;2;1
202200041436;740 162;7;0;2;1;2;1
202200041436;740 164;7;0;2;4;2;1
202200041437;740 160;7;1;0;1;1;1
202200041438;740 158;2;0;0;0;15;1
202200041439;740 156;7;4;2;7;1;1
202200041439;740 157;10;4;2;2;1;1
202200041439;740 159;7;4;2;4;2;1
202200041439;740 161;7;0;2;1;2;1
202200041440;740 154;7;0;2;7;17;1
202200041440;740 155;7;0;2;1;1;1
202200041441;740 152;31;0;0;0;26;1
202200041442;740 150;7;0;2;4;23;1
202200041442;740 151;7;0;0;6;2;1
202200041442;740 153;7;0;2;1;2;1
202200041443;740 149;14;0;1;2;16;1
202200041444;740 148;7;4;0;1;11;1
202200041445;740 147;7;13;0;7;21;1
202200041446;740 141;7;0;2;4;2;1
202200041446;740 142;7;0;2;4;2;1
202200041446;740 146;7;0;2;1;2;1
202200041447;740 139;7;0;2;2;2;1
202200041447;740 140;1;0;2;3;2;5
202200041448;740 136;10;0;2;1;14;1
202200041448;740 138;7;0;2;8;0;1
202200041449;740 135;14;0;2;3;1;1
202200041449;740 137;7;0;2;8;15;1
202200041450;740 132;7;0;2;3;11;1
202200041450;740 133;7;0;2;2;1;1
202200041450;740 134;7;0;2;2;1;1
202200041451;740 130;33;0;2;1;26;1
202200041451;740 131;7;0;2;6;11;1
202200041452;740 129;7;4;2;3;13;1
202200041453;740 127;7;0;2;1;1;1
202200041453;740 128;7;0;2;4;1;1
202200041454;740 122;7;3;2;1;2;1
202200041454;740 124;10;0;2;3;17;1
202200041455;740 121;7;0;2;4;2;1
202200041455;740 123;7;0;2;4;2;1
202200041455;740 125;7;0;2;4;2;1
202200041455;740 126;7;0;2;1;2;1
202200041456;740 119;7;0;2;4;1;1
202200041456;740 120;7;0;2;1;1;1
202200041457;740 117;7;0;2;4;23;1
202200041457;740 118;7;0;2;1;1;1
202200041458;740 116;7;0;2;0;9;1
202200041459;740 112;7;0;2;2;2;0
202200041459;740 114;1;0;2;8;15;5
202200041460;740 109;7;3;0;2;1;1
202200041461;740 110;7;0;2;1;1;1
202200041461;740 111;7;0;2;3;1;1
202200041461;740 113;10;0;2;1;1;1
202200041461;740 115;7;0;2;9;0;1
202200041462;740 108;7;0;1;5;13;1
202200041463;740 105;7;0;2;1;1;2
202200041463;740 107;7;0;2;4;2;1
202200041464;740 104;7;1;0;2;1;1
202200041464;740 106;7;0;2;6;24;1
202200041465;740 103;32;0;0;7;1;1
202200041466;740 102;7;4;0;2;2;1
202200041467;740 097;33;0;2;4;2;1
202200041467;740 098;33;0;2;4;1;1
202200041467;740 100;7;0;2;4;2;1
202200041467;740 101;33;0;2;1;1;1
202200041468;740 096;13;0;2;3;9;1
202200041468;740 099;30;0;2;1;1;1
202200041469;740 094;7;0;2;4;11;1
202200041469;740 095;33;0;2;1;3;1
202200041470;740 092;7;0;2;3;2;1
202200041470;740 093;7;0;2;8;19;1
202200041471;740 091;7;0;1;2;19;0
202200041472;740 089;7;0;2;4;1;1
202200041472;740 090;7;0;2;1;2;1
202200041473;740 087;7;2;0;1;13;1
202200041474;740 086;7;0;2;1;16;1
202200041474;740 088;7;0;2;8;1;0
202200041475;740 083;7;0;2;1;0;1
202200041475;740 085;7;0;2;1;11;1
202200041476;740 082;40;0;2;2;1;3
202200041476;740 084;30;0;4;5;16;3
202200041477;740 081;7;6;0;3;2;1
202200041478;740 079;2;0;2;1;2;1
202200041478;740 080;7;0;2;1;15;1
202200041479;740 077;7;0;2;4;26;1
202200041479;740 078;7;0;2;9;9;1
202200041480;740 075;32;0;2;8;1;1
202200041480;740 076;7;0;2;0;19;1
202200041481;740 073;7;0;2;5;15;1
202200041481;740 074;32;0;2;2;0;1
202200041482;740 071;7;0;2;1;5;1
202200041482;740 072;7;0;2;1;1;1
202200041483;740 069;7;0;2;1;21;1
202200041483;740 070;7;0;2;4;9;1
202200041484;740 067;7;0;2;3;26;1
202200041484;740 068;7;0;2;2;15;1
202200041485;740 066;33;0;0;7;1;1
202200041486;740 062;7;0;1;1;1;1
202200041487;740 061;2;0;0;0;1;1
202200041488;740 059;33;0;2;1;1;1
202200041488;740 060;7;0;2;4;1;2
202200041489;740 057;40;0;2;2;1;3
202200041489;740 058;7;0;4;3;9;1
202200041490;740 055;7;0;2;1;1;1
202200041490;740 056;7;0;2;0;1;1
202200041491;740 054;7;8;0;1;13;1
202200041492;740 053;7;0;1;2;16;1
202200041493;740 052;7;0;1;7;16;1
202200041494;740 050;7;0;2;2;2;1
202200041494;740 051;50;0;2;2;2;3
202200041495;740 048;7;0;2;2;15;2
202200041495;740 049;33;0;2;7;1;1
202200041496;740 044;7;0;9;2;17;1
202200041496;740 045;1;0;2;8;13;5
202200041496;740 046;1;0;2;8;13;5
202200041496;740 047;1;0;2;8;13;5
202200041497;740 043;7;1;0;1;1;1
202200041498;740 042;7;2;0;1;1;1
202200041499;740 041;30;16;0;1;1;1
202200041500;740 040;7;2;0;2;1;1
202200041501;740 039;33;2;0;7;1;1
202200041502;740 037;7;0;2;2;1;1
202200041502;740 038;7;0;2;7;15;1
202200041503;740 035;7;0;2;3;26;1
202200041503;740 036;7;0;2;3;0;1
202200041504;740 034;1;13;0;8;13;5
202200041505;740 033;33;6;0;1;0;1
202200041506;740 032;33;12;0;1;1;1
202200041507;740 030;2;0;2;1;15;1
202200041507;740 031;7;0;2;2;1;1
202200041508;740 029;2;13;0;1;14;1
202200041509;740 028;7;8;0;2;1;1
202200041510;740 026;7;0;9;3;13;1
202200041510;740 027;1;0;2;3;1;5
202200041511;740 024;31;0;2;1;0;1
202200041511;740 025;7;0;2;1;21;1
202200041512;740 022;7;0;2;3;1;1
202200041512;740 023;7;0;2;3;1;1
202200041513;740 021;33;15;0;0;1;1
202200041514;740 019;7;0;2;1;1;1
202200041514;740 020;33;0;2;1;1;1
202200041515;740 018;7;15;0;1;1;1
202200041516;740 017;7;6;0;7;1;1
202200041517;740 015;7;6;0;1;1;1
202200041518;740 013;7;0;2;3;1;1
202200041518;740 014;33;0;2;1;1;1
202200041519;740 012;31;0;0;7;2;1
202200041520;740 011;7;2;0;1;13;1
202200041521;740 009;7;0;2;3;13;1
202200041521;740 010;7;16;2;3;1;1
202200041522;740 008;33;0;0;0;1;1
202200041523;740 006;1;0;2;7;1;5
202200041523;740 007;7;0;2;1;9;1
202200041524;740 005;31;2;0;1;14;1
202200041525;740 003;7;0;2;1;2;1
202200041525;740 004;7;0;2;1;5;1
202200041526;740 002;33;0;0;7;16;1
202200041527;740 000;32;0;2;1;1;1
202200041527;740 001;7;0;2;2;19;1
202200041528;739 999;1;0;0;0;1;5
202200041529;739 997;7;0;2;1;1;1
202200041529;739 998;7;0;2;2;1;1
202200041530;739 995;1;0;2;2;16;5
202200041530;739 996;7;0;2;3;16;1
202200041531;739 993;7;0;2;3;15;1
202200041531;739 994;33;0;2;3;1;1
202200041532;739 991;7;0;2;1;13;1
202200041532;739 992;7;0;2;1;1;1
202200041533;739 990;7;6;0;1;1;1
202200041534;739 988;2;0;2;1;1;1
202200041534;739 989;7;1;2;2;13;1
202200041535;739 986;7;0;2;2;17;1
202200041535;739 987;2;0;2;3;1;1
202200041536;739 984;7;0;0;4;2;1
202200041536;739 985;7;0;2;1;2;1
202200041537;739 983;33;3;0;7;12;1
202200041538;739 982;7;2;0;1;0;1
202200041539;739 981;50;6;0;0;1;3
202200041540;739 979;7;0;2;3;9;2
202200041540;739 980;32;0;2;2;17;1
202200041541;739 977;10;0;2;3;15;1
202200041541;739 978;1;0;2;1;16;5
202200041542;739 975;1;0;2;1;1;5
202200041542;739 976;7;0;9;7;15;1
202200041543;739 974;33;7;0;1;6;1
202200041544;739 973;7;13;0;1;26;1
202200041545;739 972;7;6;0;1;1;1
202200041546;739 970;7;0;2;1;13;1
202200041546;739 971;7;0;2;1;1;1
202200041547;739 968;7;0;2;7;1;1
202200041547;739 969;7;0;2;1;1;1
202200041548;739 966;7;0;9;5;9;1
202200041548;739 967;1;0;2;1;1;5
202200041549;739 964;33;0;2;3;1;1
202200041549;739 965;7;0;2;3;15;1
202200041550;739 962;21;0;2;6;1;1
202200041550;739 963;31;0;2;1;13;1
202200041551;739 960;50;0;2;8;19;3
202200041551;739 961;7;0;9;1;1;1
202200041552;739 958;30;0;2;1;13;1
202200041552;739 959;7;0;2;3;1;1
202200041553;739 957;33;8;0;3;1;1
202200041554;739 956;3;0;1;2;1;1
202200041555;739 955;36;0;0;2;0;1
202200041556;739 952;7;0;2;1;2;1
202200041556;739 953;7;0;2;4;2;1
202200041556;739 954;7;0;2;4;2;1
202200041557;739 949;10;0;2;1;0;1
202200041557;739 950;7;0;2;4;0;1
202200041557;739 951;7;0;2;4;0;1
202200041558;739 947;7;0;2;4;1;1
202200041558;739 948;10;0;2;1;1;1
202200041559;739 945;7;0;2;4;2;1
202200041559;739 946;10;0;2;1;1;1
202200041560;739 944;7;0;0;1;1;1
202200041561;739 942;7;0;2;5;1;1
202200041561;739 943;33;0;2;8;3;1
202200041562;739 941;7;3;0;2;12;1
202200041563;739 939;7;0;2;2;1;1
202200041563;739 940;7;0;2;6;1;1
202200041564;739 936;33;0;2;1;3;1
202200041564;739 937;7;0;2;5;1;1
202200041564;739 938;7;0;2;8;1;1
202200041565;739 934;33;0;2;0;1;1
202200041565;739 935;0;0;2;0;0;0
202200041566;739 933;10;0;1;2;1;1
202200041567;739 932;30;14;0;1;19;1
202200041568;739 930;50;0;2;0;0;3
202200041568;739 931;7;0;2;0;1;0
202200041569;739 928;7;0;2;0;0;0
202200041569;739 929;80;0;2;8;0;3
202200041570;739 927;7;0;1;5;1;1
202200041571;739 925;7;0;2;7;16;1
202200041571;739 926;32;0;2;1;7;1
202200041572;739 923;7;0;2;0;0;1
202200041572;739 924;33;0;2;0;0;1
202200041573;739 922;33;0;1;3;1;1
202200041574;739 921;37;0;1;4;4;1
202200041575;739 920;33;0;0;7;26;0
202200041576;739 919;7;0;1;6;23;1
202200041577;739 917;7;0;2;1;15;1
202200041577;739 918;7;0;2;8;0;1
202200041578;739 916;7;2;0;1;1;1
202200041579;739 914;7;0;2;7;1;2
202200041579;739 915;60;0;2;1;19;5
202200041580;739 911;7;0;2;4;23;1
202200041580;739 912;7;0;2;4;23;1
202200041580;739 913;33;0;2;1;1;1
202200041581;739 910;7;6;0;1;26;1
202200041582;739 909;7;0;1;1;1;1
202200041583;739 907;7;0;2;6;1;1
202200041583;739 908;7;0;2;1;1;1
202200041584;739 902;33;0;2;0;0;1
202200041584;739 903;10;0;2;0;0;1
202200041585;739 901;7;0;1;1;1;1
202200041586;739 899;7;0;2;1;1;1
202200041586;739 900;7;0;2;3;1;1
202200041587;739 898;7;0;1;1;15;1
202200041588;739 896;7;0;2;0;1;1
202200041588;739 897;7;0;2;0;9;1
202200041589;739 895;7;0;1;4;26;1
202200041590;739 894;7;2;0;9;1;1
202200041591;739 893;30;12;0;0;9;1
202200041592;739 890;7;0;2;6;1;1
202200041592;739 891;33;0;2;7;1;1
202200041592;739 892;7;0;2;1;9;1
202200041593;739 887;7;0;2;1;13;1
202200041593;739 888;7;0;2;5;1;1
202200041593;739 889;7;0;2;4;1;1
202200041594;739 885;40;0;2;1;1;3
202200041594;739 886;7;0;4;7;0;1
202200041595;739 883;30;0;2;1;1;1
202200041595;739 884;7;0;2;8;26;1
202200041596;739 882;30;1;0;1;2;0
202200041597;739 881;7;0;0;0;0;1
202200041598;739 879;7;0;2;1;15;1
202200041598;739 880;7;0;2;1;1;1
202200041599;739 878;7;0;1;1;1;1
202200041600;739 877;7;0;1;3;16;1
202200041601;739 875;50;0;2;1;5;3
202200041601;739 876;7;0;2;1;1;1
202200041602;739 873;1;0;2;1;15;5
202200041602;739 874;7;0;9;2;16;1
202200041603;739 870;7;0;2;4;2;1
202200041603;739 871;7;0;2;4;2;1
202200041603;739 872;7;0;2;1;2;1
202200041604;739 868;7;0;2;5;0;1
202200041604;739 869;33;0;2;1;17;1
202200041605;739 866;7;0;2;1;1;1
202200041605;739 867;50;0;2;8;1;3
202200041606;739 864;7;0;2;1;13;1
202200041606;739 865;7;0;2;1;1;1
202200041607;739 862;7;0;0;0;0;1
202200041607;739 863;7;0;2;1;1;1
202200041608;739 860;7;0;2;1;1;1
202200041608;739 861;7;0;2;1;1;1
202200041609;739 858;7;0;2;1;1;1
202200041609;739 859;80;0;2;1;1;3
202200041610;739 855;7;0;2;1;1;1
202200041610;739 856;7;0;2;1;1;1
202200041610;739 857;7;0;2;1;17;1
202200041611;739 853;7;0;2;1;1;1
202200041611;739 854;7;0;2;4;1;1
202200041612;739 852;37;0;1;0;9;0
202200041613;739 850;7;0;9;0;0;1
202200041613;739 851;60;0;2;1;26;0
202200041614;739 849;7;0;1;4;20;1
202200041615;739 847;0;0;2;2;1;0
202200041615;739 848;50;0;2;6;1;3
202200041616;739 845;7;0;2;2;2;1
202200041616;739 846;7;0;2;6;2;1
202200041617;739 844;7;0;5;1;1;1
202200041618;739 843;7;0;1;4;26;1
202200041619;739 840;7;0;1;2;1;1
202200041620;739 839;7;0;1;1;1;1
202200041621;739 835;7;0;2;1;1;1
202200041621;739 836;1;0;2;6;1;5
202200041622;739 833;7;0;2;4;23;1
202200041622;739 834;7;0;2;1;2;1
202200041623;739 831;1;0;2;1;15;5
202200041623;739 832;7;0;2;3;1;1
202200041624;739 829;7;0;2;6;9;1
202200041624;739 830;14;0;2;2;1;1
202200041625;739 827;7;0;2;1;15;1
202200041625;739 828;2;0;2;2;0;1
202200041626;739 826;7;0;1;2;1;1
202200041627;739 825;14;0;1;1;1;1
202200041628;739 824;10;0;1;4;20;1
202200041629;739 822;32;0;2;8;17;1
202200041629;739 823;7;0;2;0;1;1
202200041630;739 820;1;0;2;8;1;5
202200041630;739 821;14;0;2;1;16;1
202200041631;739 818;7;0;2;6;1;1
202200041631;739 819;7;0;2;3;5;1
202200041632;739 816;7;0;2;1;1;1
202200041632;739 817;7;0;2;5;15;1
202200041633;739 815;7;3;9;2;0;1
202200041634;739 813;7;0;2;2;2;1
202200041634;739 814;30;0;2;4;2;1
202200041635;739 812;2;0;0;2;13;1
202200041636;739 810;7;0;2;7;16;1
202200041636;739 811;1;0;2;2;1;5
202200041637;739 807;80;0;0;0;15;3
202200041637;739 808;10;0;2;0;0;1
202200041638;739 805;7;0;2;1;1;1
202200041638;739 806;7;0;2;4;1;1
202200041639;739 803;7;0;2;3;1;1
202200041639;739 804;7;0;2;3;1;1
202200041640;739 802;7;0;1;1;1;1
202200041641;739 800;50;0;0;0;0;3
202200041641;739 801;7;0;0;0;26;1
202200041642;739 798;7;0;2;4;2;1
202200041642;739 799;7;0;2;1;2;1
202200041643;739 796;7;0;2;3;1;1
202200041643;739 797;7;;2;;0;
202200041644;739 794;99;0;2;0;26;3
202200041644;739 795;7;0;2;3;13;1
202200041645;739 792;7;0;2;5;15;1
202200041645;739 793;32;0;2;5;1;1
202200041646;739 791;31;3;0;1;1;1
202200041647;739 789;7;0;2;1;1;1
202200041647;739 790;7;0;2;1;15;1
202200041648;739 788;7;0;1;1;26;1
202200041649;739 785;7;0;2;2;2;1
202200041649;739 786;10;0;2;6;2;1
202200041649;739 787;10;0;2;5;2;1
202200041650;739 783;7;0;2;2;1;1
202200041650;739 784;7;0;2;3;15;1
202200041651;739 781;33;0;2;1;3;1
202200041651;739 782;7;0;2;5;12;1
202200041652;739 779;33;0;2;1;3;1
202200041652;739 780;7;0;2;5;12;1
202200041653;739 777;32;0;2;1;11;1
202200041653;739 778;7;0;2;5;2;1
202200041654;739 775;7;0;2;1;2;1
202200041654;739 776;7;0;2;4;2;1
202200041655;739 771;7;0;2;7;1;1
202200041655;739 772;7;0;2;8;1;1
202200041655;739 773;43;0;2;1;3;1
202200041655;739 774;10;0;2;7;12;1
202200041656;739 770;7;0;1;5;4;2
202200041657;739 769;1;0;1;1;1;5
202200041658;739 768;80;0;1;1;1;3
202200041659;739 767;7;0;1;4;4;0
202200041660;739 766;50;0;1;1;1;3
202200041661;739 764;30;0;2;2;17;1
202200041661;739 765;7;0;2;3;15;1
202200041662;739 762;7;0;2;2;2;2
202200041662;739 763;34;0;2;5;23;1
202200041663;739 760;1;0;2;1;9;5
202200041663;739 761;30;0;2;1;1;3
202200041664;739 758;32;0;2;1;2;1
202200041664;739 759;10;0;2;6;2;2
202200041665;739 756;1;0;2;7;1;5
202200041665;739 757;7;0;2;2;1;1
202200041666;739 755;10;0;1;4;4;1
202200041667;739 754;30;14;0;0;14;1
202200041668;739 753;1;0;1;0;5;5
202200041669;739 751;7;0;2;1;1;1
202200041669;739 752;7;0;2;8;1;2
202200041670;739 749;1;0;2;1;1;5
202200041670;739 750;7;0;2;3;1;1
202200041671;739 746;7;0;2;1;2;1
202200041671;739 747;10;0;2;4;2;1
202200041671;739 748;10;0;2;4;2;1
202200041672;739 744;7;0;2;8;22;2
202200041672;739 745;32;1;2;8;1;3
202200041673;739 742;37;0;2;1;2;1
202200041673;739 743;7;0;2;4;2;1
202200041674;739 740;34;0;2;0;18;1
202200041674;739 741;7;0;2;2;20;2
202200041675;739 738;7;8;2;2;14;2
202200041675;739 739;7;0;2;5;1;1
202200041676;739 736;1;0;2;5;1;5
202200041676;739 737;80;0;2;3;18;3
202200041677;739 734;7;0;2;2;0;0
202200041677;739 735;7;0;2;3;5;0
202200041678;739 732;1;0;2;4;15;5
202200041678;739 733;7;0;2;1;1;1
202200041679;739 730;7;0;2;0;1;1
202200041679;739 731;1;0;2;1;26;5
202200041680;739 728;34;0;2;4;2;1
202200041680;739 729;7;0;2;1;1;2
202200041681;739 725;33;0;2;2;1;1
202200041681;739 726;33;0;2;2;1;1
202200041681;739 727;7;0;2;3;1;1
202200041682;739 723;7;0;0;0;22;0
202200041682;739 724;1;0;0;0;1;5
202200041683;739 721;7;0;2;1;6;1
202200041683;739 722;34;0;2;2;1;1
202200041684;739 719;7;0;2;8;15;1
202200041684;739 720;33;0;2;1;17;1
202200041685;739 717;2;0;2;9;2;0
202200041685;739 718;7;1;0;3;9;1
202200041686;739 715;7;0;2;3;15;1
202200041686;739 716;33;0;2;1;1;1
202200041687;739 713;2;0;2;3;1;1
202200041687;739 714;7;0;2;2;15;1
202200041688;739 712;7;9;0;1;0;1
202200041689;739 711;7;0;1;3;1;0
202200041690;739 709;1;0;2;0;5;5
202200041690;739 710;7;0;9;1;15;1
202200041691;739 708;10;0;1;2;2;1
202200041692;739 706;7;0;2;3;1;1
202200041692;739 707;7;0;2;3;1;1
202200041693;739 704;7;6;2;3;2;1
202200041693;739 705;7;0;2;2;2;1
202200041694;739 703;33;13;0;0;1;1
202200041695;739 702;7;9;0;0;0;1
202200041696;739 700;7;0;2;3;13;1
202200041696;739 701;7;13;2;3;21;1
202200041697;739 698;7;0;2;8;19;1
202200041697;739 699;7;0;2;1;1;2
202200041698;739 697;7;0;0;3;0;1
202200041699;739 696;7;0;1;1;1;1
202200041700;739 695;7;6;0;3;1;1
202200041701;739 693;7;0;2;1;1;1
202200041701;739 694;7;0;2;1;13;1
202200041702;739 691;7;0;2;1;1;1
202200041702;739 692;7;0;2;5;5;1
202200041703;739 689;33;0;2;1;17;1
202200041703;739 690;31;0;2;1;1;1
202200041704;739 687;7;0;2;3;15;1
202200041704;739 688;33;0;2;2;17;1
202200041705;739 686;2;8;0;1;1;1
202200041706;739 684;15;1;0;1;2;1
202200041706;739 685;7;0;0;4;0;1
202200041707;739 683;7;3;0;9;1;1
202200041708;739 681;7;0;2;1;5;1
202200041708;739 682;15;0;2;1;1;1
202200041709;739 679;2;0;2;4;10;1
202200041709;739 680;7;0;2;3;17;1
202200041710;739 676;7;0;2;8;1;2
202200041710;739 677;7;0;2;1;19;1
202200041711;739 675;7;0;1;3;15;1
202200041712;739 674;7;0;1;2;2;1
202200041713;739 673;7;0;1;1;2;1
202200041714;739 672;7;0;1;1;1;1
202200041715;739 671;7;13;0;2;1;1
202200041716;739 669;15;0;0;6;2;1
202200041716;739 670;7;0;2;2;1;1
202200041717;739 667;21;0;2;1;9;1
202200041717;739 668;7;0;2;1;1;1
202200041718;739 665;36;0;2;1;21;1
202200041718;739 666;7;0;2;8;15;1
202200041719;739 663;1;0;2;4;2;5
202200041719;739 664;99;0;2;7;2;1
202200041720;739 662;7;0;1;1;1;1
202200041721;739 655;7;0;2;0;1;1
202200041721;739 656;7;0;2;4;1;1
202200041721;739 657;7;0;2;4;1;1
202200041722;739 653;7;6;2;2;2;1
202200041722;739 654;7;0;2;6;1;1
202200041723;739 651;7;6;2;3;2;1
202200041723;739 652;7;6;2;1;2;1
202200041724;739 647;7;0;2;5;23;1
202200041724;739 648;7;0;2;7;23;1
202200041724;739 649;7;0;2;1;1;1
202200041724;739 650;7;0;0;0;0;0
202200041725;739 645;10;0;2;1;12;1
202200041725;739 646;7;0;2;4;2;1
202200041726;739 643;10;0;2;5;14;1
202200041726;739 644;32;0;2;1;3;1
202200041727;739 641;7;0;2;3;2;1
202200041727;739 642;7;0;2;5;2;1
202200041728;739 640;7;4;0;2;1;1
202200041729;739 637;0;;;;;
202200041729;739 638;10;0;2;7;1;1
202200041729;739 639;7;0;2;1;1;1
202200041730;739 636;7;4;2;1;2;1
202200041731;739 634;30;0;2;1;11;1
202200041731;739 635;7;0;2;1;1;1
202200041732;739 632;43;0;2;3;1;1
202200041732;739 633;7;0;2;5;0;1
202200041733;739 626;10;0;2;1;1;1
202200041733;739 627;10;0;2;9;1;1
202200041733;739 628;7;0;2;9;1;1
202200041733;739 629;7;0;2;9;1;1
202200041733;739 630;7;0;2;9;1;1
202200041733;739 631;7;0;2;4;1;1
202200041734;739 624;7;0;1;2;1;1
202200041735;739 623;7;0;1;1;1;1
202200041736;739 622;7;0;1;2;1;1
202200041737;739 621;7;0;1;1;26;1
202200041738;739 620;30;0;1;1;17;1
202200041739;739 618;7;0;2;1;9;2
202200041739;739 619;33;0;2;1;9;1
202200041740;739 616;3;0;2;3;1;1
202200041740;739 617;2;0;2;2;1;1
202200041741;739 614;50;0;2;1;1;3
202200041741;739 615;7;0;2;5;15;1
202200041742;739 612;33;0;2;1;1;1
202200041742;739 613;7;0;2;6;10;1
202200041743;739 609;7;0;2;1;2;2
202200041743;739 610;7;4;0;6;1;1
202200041743;739 611;7;4;2;1;17;1
202200041744;739 608;7;0;1;1;26;1
202200041745;739 606;7;0;2;3;1;1
202200041745;739 607;2;0;2;4;1;1
202200041746;739 604;32;0;2;4;2;1
202200041746;739 605;10;0;2;2;2;0
202200041747;739 601;10;1;2;3;2;1
202200041747;739 602;7;0;2;1;15;1
202200041747;739 603;7;0;0;0;0;1
202200041748;739 599;2;0;2;9;1;1
202200041748;739 600;7;0;2;1;1;1
202200041749;739 597;7;0;2;3;1;1
202200041749;739 598;7;0;2;3;1;1
202200041750;739 596;7;0;1;1;1;1
202200041751;739 595;7;0;1;6;1;1
202200041752;739 594;2;1;0;2;14;3
202200041753;739 593;7;0;1;3;1;1
202200041754;739 590;7;0;2;1;1;1
202200041754;739 591;7;0;2;1;16;1
202200041754;739 592;7;0;2;1;15;1
202200041755;739 589;7;0;1;1;1;1
202200041756;739 587;7;0;2;8;1;1
202200041756;739 588;7;0;2;2;1;1
202200041757;739 585;33;0;2;8;16;1
202200041757;739 586;7;0;2;2;15;1
202200041758;739 583;7;0;2;7;16;1
202200041758;739 584;50;0;2;4;1;3
202200041759;739 581;37;0;2;2;1;1
202200041759;739 582;7;0;2;3;15;1
202200041760;739 579;7;0;2;4;2;2
202200041760;739 580;7;0;2;1;2;1
202200041761;739 578;7;14;0;1;26;1
202200041762;739 577;1;0;1;3;15;5
202200041763;739 576;7;0;1;1;1;2
202200041764;739 575;7;1;2;1;26;1
202200041765;739 573;16;0;2;1;1;1
202200041765;739 574;7;0;2;2;15;1
202200041766;739 571;7;0;2;1;1;1
202200041766;739 572;7;0;2;2;15;1
202200041767;739 570;7;0;1;1;15;1
202200041768;739 569;7;0;1;1;16;1
202200041769;739 567;7;0;2;4;1;1
202200041769;739 568;10;1;2;1;2;1
202200041770;739 566;7;0;1;1;17;1
202200041771;739 565;7;0;1;2;15;1
202200041772;739 564;30;0;0;0;1;1
202200041773;739 562;7;0;2;1;1;1
202200041773;739 563;7;0;2;4;1;1
202200041774;739 560;2;0;2;3;26;1
202200041774;739 561;7;0;2;7;26;1
202200041775;739 559;7;0;1;3;26;1
202200041776;739 558;7;9;0;1;13;1
202200041777;739 556;1;0;2;8;15;5
202200041777;739 557;7;0;2;3;13;1
202200041778;739 555;7;0;1;1;1;1
202200041779;739 553;7;0;2;3;26;1
202200041779;739 554;33;0;2;1;2;1
202200041780;739 551;7;0;2;7;15;1
202200041780;739 552;31;0;2;1;21;1
202200041781;739 549;10;0;2;7;1;1
202200041781;739 550;7;0;2;8;10;1
202200041782;739 547;14;0;2;3;1;1
202200041782;739 548;30;0;2;3;19;1
202200041783;739 545;7;0;2;1;2;1
202200041783;739 546;10;0;2;4;1;1
202200041784;739 543;7;0;2;2;16;1
202200041784;739 544;1;0;2;1;1;5
202200041785;739 541;7;0;2;1;15;1
202200041785;739 542;33;0;2;1;1;1
202200041786;739 539;14;0;2;2;1;1
202200041786;739 540;7;0;2;1;15;1
202200041787;739 538;7;14;0;3;9;1
202200041788;739 536;7;0;2;1;1;1
202200041788;739 537;17;0;2;1;13;1
202200041789;739 533;7;0;1;1;1;1
202200041790;739 531;7;0;2;0;0;0
202200041790;739 532;31;0;2;7;1;1
202200041791;739 530;7;0;1;1;1;1
202200041792;739 527;7;8;2;6;1;1
202200041792;739 528;7;0;2;8;1;0
202200041792;739 529;0;0;2;2;9;0
202200041793;739 525;7;0;2;3;1;1