Num_Acc;id_vehicule;categorie_vehicule;obstacle_fixe;obstacle_mobile;point_choc_initial;manoeuvre_principale;motorisation
202200041793;739 526;7;13;2;1;17;1
202200041794;739 524;7;6;0;1;26;1
202200041795;739 523;7;6;0;2;1;1
202200041796;739 522;0;0;1;0;26;0
202200041797;739 521;30;0;0;7;1;1
202200041798;739 519;2;0;2;1;26;1
202200041798;739 520;10;0;2;5;26;1
202200041799;739 517;33;0;2;7;9;1
202200041799;739 518;7;0;2;3;1;1
202200041800;739 516;31;0;1;1;17;1
202200041801;739 514;30;0;2;0;0;1
202200041801;739 515;7;0;2;3;15;1
202200041802;739 512;17;0;2;2;12;0
202200041802;739 513;7;0;2;8;1;1
202200041803;739 510;50;0;2;1;7;3
202200041803;739 511;7;0;2;8;15;1
202200041804;739 508;7;0;0;3;15;1
202200041804;739 509;32;0;2;7;17;1
202200041805;739 506;1;0;2;6;13;5
202200041805;739 507;1;0;2;1;1;5
202200041806;739 504;7;0;2;1;2;1
202200041806;739 505;7;0;2;4;23;1
202200041807;739 502;7;0;2;8;1;1
202200041807;739 503;7;0;2;1;15;1
202200041808;739 501;33;0;1;2;1;1
202200041809;739 499;32;0;2;1;1;1
202200041809;739 500;7;0;2;2;15;1
202200041810;739 498;37;0;1;2;7;2
202200041811;739 497;50;14;0;1;1;3
202200041812;739 496;7;0;1;1;1;1
202200041813;739 495;7;0;1;3;13;1
202200041814;739 493;50;0;2;1;1;3
202200041814;739 494;7;0;2;3;15;1
202200041815;739 492;32;9;0;1;1;1
202200041816;739 490;7;0;2;1;9;1
202200041816;739 491;50;9;0;8;26;3
202200041817;739 489;7;1;0;2;1;1
202200041818;739 487;7;0;2;1;1;1
202200041818;739 488;10;0;2;4;2;1
202200041819;739 485;7;0;0;3;2;1
202200041819;739 486;7;0;0;3;24;2
202200041820;739 484;7;0;1;1;15;1
202200041821;739 483;7;8;0;1;14;1
202200041822;739 482;7;9;0;1;1;0
202200041823;739 481;10;0;1;1;1;0
202200041824;739 479;34;0;2;1;1;1
202200041824;739 480;7;0;2;7;1;1
202200041825;739 478;7;0;1;4;24;1
202200041826;739 476;33;0;2;1;1;1
202200041826;739 477;7;0;2;3;15;1
202200041827;739 475;34;13;0;0;1;1
202200041828;739 471;14;0;2;3;1;1
202200041828;739 472;17;0;2;8;1;6
202200041828;739 473;17;0;2;8;1;1
202200041828;739 474;10;0;2;8;1;1
202200041829;739 469;7;0;2;1;1;1
202200041829;739 470;7;0;2;2;1;1
202200041830;739 466;17;0;0;6;1;1
202200041830;739 467;10;0;2;2;14;1
202200041831;739 465;7;0;1;3;15;1
202200041832;739 464;1;0;0;0;13;5
202200041833;739 462;2;0;0;4;2;1
202200041833;739 463;7;0;2;2;2;1
202200041834;739 461;7;15;0;7;2;1
202200041835;739 460;7;0;0;9;1;1
202200041836;739 459;7;2;0;5;14;1
202200041837;739 457;14;0;2;8;1;1
202200041837;739 458;7;0;2;3;13;1
202200041838;739 456;7;13;0;1;1;1
202200041839;739 455;7;8;0;2;0;1
202200041840;739 453;7;0;2;3;3;0
202200041840;739 454;7;0;2;2;1;1
202200041841;739 452;7;0;1;1;1;1
202200041842;739 451;33;0;0;0;1;1
202200041843;739 449;7;0;2;6;1;1
202200041843;739 450;33;0;2;1;1;1
202200041844;739 448;7;8;0;1;1;1
202200041845;739 447;7;2;0;8;1;1
202200041846;739 446;2;0;0;2;1;1
202200041847;739 445;10;0;0;0;1;1
202200041848;739 443;7;0;2;3;15;1
202200041848;739 444;2;0;0;8;1;1
202200041849;739 441;1;0;2;7;2;5
202200041849;739 442;7;0;9;3;1;1
202200041850;739 440;7;13;0;1;1;1
202200041851;739 438;7;0;2;1;1;1
202200041851;739 439;7;0;2;1;13;1
202200041852;739 436;33;0;2;1;1;1
202200041852;739 437;10;0;2;2;15;1
202200041853;739 434;7;0;2;1;0;1
202200041853;739 435;10;0;2;1;0;1
202200041854;739 432;7;0;2;1;2;1
202200041854;739 433;7;0;0;4;2;1
202200041855;739 431;7;2;0;3;13;1
202200041856;739 428;7;0;2;3;1;1
202200041856;739 429;7;0;2;3;1;1
202200041856;739 430;7;0;2;1;1;1
202200041857;739 427;1;0;0;1;1;5
202200041858;739 425;7;0;1;2;1;1
202200041859;739 424;7;0;2;1;13;1
202200041859;739 426;7;0;0;1;1;1
202200041860;739 422;7;0;9;1;9;1
202200041860;739 423;1;0;2;7;1;5
202200041861;739 420;30;5;0;7;1;1
202200041862;739 421;2;12;0;8;13;1
202200041863;739 417;7;0;2;3;15;1
202200041863;739 419;2;0;2;2;17;1
202200041864;739 415;30;0;2;7;1;1
202200041864;739 418;7;0;2;3;9;1
202200041865;739 414;7;0;2;1;1;1
202200041865;739 416;10;0;2;7;1;1
202200041866;739 412;7;0;1;1;15;1
202200041867;739 409;7;0;1;2;1;1
202200041868;739 410;7;3;0;3;11;1
202200041868;739 411;7;3;2;1;17;3
202200041868;739 413;7;3;0;1;1;1
202200041869;739 406;7;0;2;2;15;1
202200041869;739 408;31;0;2;1;1;1
202200041870;739 403;7;0;2;1;9;1
202200041870;739 405;30;1;2;4;0;1
202200041871;739 404;10;0;0;3;13;1
202200041871;739 407;7;0;2;3;13;1
202200041872;739 402;7;0;1;3;2;1
202200041873;739 400;7;0;1;1;1;0
202200041874;739 399;17;1;0;2;14;1
202200041874;739 401;15;0;0;6;24;1
202200041875;739 396;10;0;2;1;0;0
202200041875;739 398;7;0;2;6;19;0
202200041876;739 395;7;0;2;4;23;1
202200041876;739 397;17;1;2;1;2;1
202200041877;739 393;2;10;0;2;1;1
202200041878;739 392;50;0;2;4;0;2
202200041878;739 394;7;0;2;1;1;1
202200041879;739 390;7;0;2;8;10;1
202200041879;739 391;2;0;2;1;1;1
202200041880;739 387;30;0;0;7;14;3
202200041881;739 388;7;0;2;1;1;1
202200041881;739 389;7;0;2;1;1;1
202200041882;739 385;7;0;2;1;0;0
202200041882;739 386;7;0;2;1;0;1
202200041883;739 382;10;0;1;3;1;1
202200041883;739 384;7;0;1;3;1;1
202200041884;739 381;14;0;2;3;1;1
202200041884;739 383;7;0;2;2;1;1
202200041885;739 379;1;0;0;0;0;5
202200041885;739 380;7;0;2;0;9;1
202200041886;739 377;2;0;2;1;1;1
202200041886;739 378;7;0;2;2;1;1
202200041887;739 376;7;2;0;1;13;1
202200041888;739 374;7;0;2;2;1;1
202200041888;739 375;50;0;2;8;1;3
202200041889;739 373;7;0;1;2;1;1
202200041890;739 372;30;0;0;0;1;1
202200041891;739 371;33;0;0;7;16;1
202200041892;739 370;7;2;0;1;0;1
202200041893;739 367;7;0;2;3;1;1
202200041893;739 369;7;0;2;8;13;1
202200041894;739 366;7;0;2;3;26;1
202200041894;739 368;7;0;2;7;1;1
202200041895;739 365;7;16;0;8;0;1
202200041896;739 364;7;1;0;7;1;1
202200041897;739 363;7;13;0;1;17;1
202200041898;739 362;7;14;0;3;6;1
202200041899;739 360;10;0;2;8;11;1
202200041899;739 361;7;2;2;7;17;1
202200041900;739 358;7;0;2;3;16;1
202200041900;739 359;50;0;2;7;19;3
202200041901;739 356;7;0;2;3;1;1
202200041901;739 357;2;0;2;7;16;1
202200041902;739 355;7;12;0;7;15;1
202200041903;739 353;7;2;0;1;1;1
202200041904;739 352;7;0;2;3;15;1
202200041904;739 354;38;0;2;1;1;1
202200041905;739 350;7;0;2;1;2;1
202200041905;739 351;7;0;2;4;2;1
202200041906;739 349;7;0;1;2;1;1
202200041907;739 348;7;9;0;1;1;1
202200041908;739 346;99;0;0;8;21;3
202200041909;739 347;33;9;0;1;6;1
202200041910;739 344;7;0;1;2;1;1
202200041911;739 345;7;0;1;3;15;1
202200041912;739 343;7;0;1;3;15;1
202200041913;739 341;7;13;0;7;1;2
202200041914;739 337;7;0;2;3;15;1
202200041914;739 338;33;0;2;8;1;1
202200041915;739 336;40;0;1;2;1;3
202200041916;739 335;7;6;0;2;1;1
202200041917;739 333;40;0;2;3;1;3
202200041917;739 334;1;0;4;2;15;5
202200041918;739 331;32;0;2;1;1;1
202200041918;739 332;33;0;2;7;15;1
202200041919;739 329;43;0;2;7;1;1
202200041919;739 330;7;0;2;8;9;1
202200041920;739 327;33;0;2;1;1;1
202200041920;739 328;10;0;2;2;15;1
202200041921;739 325;7;0;2;3;1;1
202200041921;739 326;7;0;2;3;1;1
202200041922;739 324;7;0;1;1;1;1
202200041923;739 322;7;0;2;7;15;1
202200041923;739 323;1;0;2;1;1;5
202200041924;739 321;7;0;1;1;0;1
202200041925;739 318;7;14;0;1;23;1
202200041925;739 319;7;0;0;1;23;1
202200041925;739 320;7;0;0;1;2;1
202200041926;739 317;34;0;9;1;26;1
202200041927;739 314;7;6;0;2;14;1
202200041928;739 312;30;0;2;1;1;1
202200041928;739 313;7;0;2;4;4;1
202200041929;739 310;7;0;2;5;15;1
202200041929;739 311;30;0;2;1;2;1
202200041930;739 309;7;0;1;3;16;1
202200041931;739 308;7;0;0;0;1;1
202200041932;739 307;7;1;1;3;1;1
202200041933;739 306;7;0;1;2;1;1
202200041934;739 304;7;0;2;8;23;1
202200041934;739 305;7;14;0;1;1;1
202200041935;739 302;34;0;2;1;1;1
202200041935;739 303;7;0;2;6;10;1
202200041936;739 300;7;0;2;2;1;1
202200041936;739 301;34;0;2;3;18;1
202200041937;739 298;7;0;2;4;26;1
202200041937;739 299;7;0;2;1;1;1
202200041938;739 297;7;0;1;2;1;1
202200041939;739 296;7;14;0;2;16;1
202200041940;739 293;7;0;2;1;23;1
202200041940;739 294;30;0;2;1;2;1
202200041940;739 295;7;0;2;3;15;1
202200041941;739 291;7;0;0;4;1;1
202200041941;739 292;7;0;2;1;2;3
202200041942;739 289;7;0;9;3;1;1
202200041942;739 290;31;0;2;3;1;1
202200041943;739 287;7;0;2;1;15;1
202200041943;739 288;33;0;2;1;1;1
202200041944;739 285;1;0;2;0;0;5
202200041944;739 286;7;0;9;7;2;1
202200041945;739 283;33;10;0;4;17;1
202200041945;739 284;33;10;0;0;0;1
202200041946;739 281;7;0;2;1;1;1
202200041946;739 282;7;0;2;8;1;0
202200041947;739 279;7;0;2;3;1;1
202200041947;739 280;1;0;2;1;5;5
202200041948;739 277;7;0;2;7;24;1
202200041948;739 278;7;1;0;3;1;1
202200041949;739 275;50;7;2;1;17;3
202200041949;739 276;7;0;2;8;1;1
202200041950;739 273;7;0;2;1;16;1
202200041950;739 274;1;0;2;1;15;5
202200041951;739 272;43;0;1;1;17;1
202200041952;739 270;80;0;2;1;1;3
202200041952;739 271;7;0;2;7;22;1
202200041953;739 268;7;0;2;3;1;1
202200041953;739 269;7;0;2;2;1;1
202200041954;739 266;7;0;0;7;22;1
202200041954;739 267;50;0;2;1;1;3
202200041955;739 264;7;0;2;2;15;1
202200041955;739 265;32;0;2;8;14;1
202200041956;739 262;7;0;2;1;15;1
202200041956;739 263;50;0;2;1;1;3
202200041957;739 260;10;0;2;2;1;1
202200041957;739 261;7;0;2;3;16;2
202200041958;739 258;7;0;2;6;15;1
202200041958;739 259;32;0;2;1;17;1
202200041959;739 256;7;0;2;1;2;1
202200041959;739 257;7;0;2;4;2;1
202200041960;739 255;32;1;0;0;21;1
202200041961;739 254;60;14;0;1;21;5
202200041962;739 252;1;0;2;1;19;5
202200041962;739 253;7;0;2;2;15;1
202200041963;739 251;7;1;0;2;14;1
202200041964;739 250;50;0;1;1;17;3
202200041965;739 248;30;0;2;7;17;1
202200041965;739 249;1;0;2;1;1;5
202200041966;739 246;33;0;2;1;1;1
202200041966;739 247;7;0;2;7;15;1
202200041967;739 244;34;0;2;1;17;1
202200041967;739 245;7;0;2;3;1;1
202200041968;739 242;50;0;2;8;19;3
202200041968;739 243;7;0;2;1;1;2
202200041969;739 240;1;0;2;1;1;5
202200041969;739 241;7;0;2;4;23;1
202200041970;739 239;34;0;1;2;19;1
202200041971;739 237;32;0;2;5;15;1
202200041971;739 238;7;0;2;3;15;1
202200041972;739 236;0;0;1;3;15;0
202200041973;739 234;32;0;2;1;1;1
202200041973;739 235;7;0;2;5;15;2
202200041974;739 232;32;0;2;2;15;1
202200041974;739 233;7;0;2;6;11;1
202200041975;739 230;2;0;2;1;26;1
202200041975;739 231;7;0;9;5;15;1
202200041976;739 229;7;8;0;1;9;1
202200041977;739 228;7;1;0;1;1;1
202200041978;739 224;37;0;2;5;1;1
202200041978;739 225;7;0;2;1;1;1
202200041979;739 222;10;0;2;6;9;1
202200041979;739 223;10;0;2;2;9;1
202200041980;739 220;7;0;2;8;15;1
202200041980;739 221;31;0;2;2;17;1
202200041981;739 219;50;0;0;1;1;3
202200041982;739 217;32;0;2;7;1;1
202200041982;739 218;7;0;2;3;15;3
202200041983;739 216;30;0;0;0;0;0
202200041984;739 215;30;0;1;3;0;1
202200041985;739 213;32;0;2;4;2;1
202200041985;739 214;3;0;2;0;0;0
202200041986;739 212;10;0;1;1;1;1
202200041987;739 210;7;0;2;1;1;1
202200041987;739 211;7;0;2;7;1;1
202200041988;739 209;7;1;0;2;14;1
202200041989;739 207;7;0;2;8;9;1
202200041989;739 208;37;0;2;1;1;1
202200041990;739 205;7;0;2;3;1;1
202200041990;739 206;7;0;2;3;1;1
202200041991;739 203;33;0;2;1;2;1
202200041991;739 204;7;0;0;6;9;1
202200041992;739 201;33;0;2;1;3;1
202200041992;739 202;7;0;2;2;2;1
202200041993;739 200;7;2;0;1;14;1
202200041994;739 195;7;0;2;1;1;1
202200041994;739 196;7;0;0;8;1;1
202200041995;739 193;34;0;2;1;5;1
202200041995;739 194;7;0;2;8;15;1
202200041996;739 192;33;12;0;1;1;1
202200041997;739 190;10;0;2;1;1;1
202200041997;739 191;7;0;2;1;13;1
202200041998;739 189;7;13;0;0;1;2
202200041999;739 187;7;0;2;1;13;1
202200041999;739 188;33;0;2;1;1;1
202200042000;739 184;7;0;2;1;2;1
202200042000;739 185;7;0;2;5;2;1
202200042000;739 186;7;0;0;6;2;1
202200042001;739 182;7;2;2;5;13;1
202200042001;739 183;7;2;2;1;1;1
202200042002;739 181;7;13;0;2;1;1
202200042003;739 180;7;8;0;1;1;1
202200042004;739 178;7;0;2;4;11;1
202200042004;739 179;33;0;2;1;1;1
202200042005;739 176;33;0;2;1;1;0
202200042005;739 177;37;0;2;6;15;1
202200042006;739 174;31;0;2;1;3;1
202200042006;739 175;7;0;2;3;11;1
202200042007;739 172;1;0;2;8;21;5
202200042007;739 173;7;0;9;1;1;1
202200042008;739 170;10;0;2;4;2;1
202200042008;739 171;7;0;2;1;2;1
202200042009;739 167;7;0;2;1;2;1
202200042009;739 169;7;4;0;8;1;1
202200042010;739 165;10;0;2;4;1;1
202200042010;739 166;7;0;2;4;1;1
202200042010;739 168;7;0;2;1;1;1
202200042011;739 164;17;1;0;1;1;1
202200042012;739 163;7;0;0;0;1;1
202200042013;739 162;7;0;1;2;15;1
202200042014;739 161;7;0;0;9;1;1
202200042015;739 157;13;0;2;3;1;1
202200042015;739 159;15;0;2;3;1;1
202200042015;739 160;7;0;2;1;1;1
202200042016;739 155;10;0;2;1;1;1
202200042016;739 156;10;0;2;4;1;1
202200042016;739 158;10;4;0;1;1;1
202200042017;739 152;99;0;1;1;1;0
202200042018;739 153;10;0;9;2;0;1
202200042018;739 154;1;0;2;1;0;5
202200042019;739 149;2;0;2;1;1;1
202200042019;739 150;7;0;2;1;15;1
202200042020;739 148;7;0;2;6;1;1
202200042020;739 151;43;0;2;1;7;1
202200042021;739 147;21;6;0;5;1;1
202200042022;739 143;7;0;2;2;9;1
202200042022;739 144;33;0;2;1;1;1
202200042023;739 141;7;13;6;1;1;1
202200042024;739 140;31;12;0;2;14;1
202200042025;739 138;2;0;2;4;2;3
202200042025;739 139;10;0;2;2;2;5
202200042026;739 136;7;0;2;1;2;1
202200042026;739 137;7;0;2;4;23;1
202200042027;739 134;7;0;2;3;13;1
202200042027;739 135;7;0;2;3;1;1
202200042028;739 132;7;13;0;1;1;1
202200042029;739 131;30;0;2;4;2;0
202200042029;739 133;30;0;2;1;2;1
202200042030;739 129;32;0;2;3;15;1
202200042030;739 130;7;0;2;1;1;1
202200042031;739 127;10;0;2;1;1;0
202200042031;739 128;30;0;2;8;9;1
202200042032;739 125;7;0;2;1;10;1
202200042032;739 126;7;0;2;2;1;1
202200042033;739 123;7;0;2;5;23;1
202200042033;739 124;7;12;2;1;21;1
202200042034;739 121;33;0;2;7;17;1
202200042034;739 122;7;0;9;3;17;1
202200042035;739 119;7;0;2;3;15;1
202200042035;739 120;32;0;2;8;1;1
202200042036;739 116;50;0;1;1;5;3
202200042037;739 115;7;0;2;3;23;1
202200042037;739 117;7;0;2;7;19;1
202200042037;739 118;7;0;2;1;1;1
202200042038;739 113;37;0;1;0;16;0
202200042039;739 112;80;0;2;7;19;3
202200042039;739 114;7;0;2;2;1;1
202200042040;739 110;7;15;0;1;1;1
202200042041;739 109;1;0;1;1;1;0
202200042042;739 107;7;0;2;3;13;1
202200042042;739 108;7;0;2;3;1;1
202200042043;739 106;7;2;0;1;13;1
202200042044;739 103;1;0;0;4;2;5
202200042044;739 104;10;0;2;2;2;1
202200042045;739 102;7;0;2;1;1;1
202200042045;739 105;10;0;2;3;5;1
202200042046;739 099;7;0;2;3;11;1
202200042046;739 101;30;0;2;1;15;1
202200042047;739 098;7;0;2;1;1;1
202200042047;739 100;7;0;2;5;1;1
202200042048;739 096;2;0;2;1;1;1
202200042048;739 097;7;0;2;2;15;1
202200042049;739 094;7;0;2;3;1;1
202200042049;739 095;7;0;2;3;1;1
202200042050;739 093;7;0;1;1;1;1
202200042051;739 092;7;0;0;5;1;1
202200042052;739 091;0;0;1;0;16;0
202200042053;739 088;33;0;2;8;0;1
202200042053;739 090;7;0;2;8;9;1
202200042054;739 087;7;0;2;2;21;1
202200042054;739 089;7;0;2;1;13;1
202200042055;739 085;7;0;2;1;0;0
202200042055;739 086;7;0;2;4;2;1
202200042056;739 084;7;0;0;2;0;1
202200042057;739 083;2;0;1;1;1;0
202200042058;739 082;33;13;0;7;14;1
202200042059;739 078;7;4;0;2;15;1
202200042059;739 081;7;0;0;0;2;1
202200042060;739 077;10;0;2;1;1;1
202200042060;739 079;33;0;2;1;1;1
202200042060;739 080;7;0;2;7;15;1
202200042061;739 076;1;0;0;1;1;5
202200042062;739 072;7;0;2;3;1;1
202200042062;739 074;2;0;2;2;1;1
202200042063;739 069;50;0;2;1;26;3
202200042063;739 071;7;0;1;1;19;1
202200042064;739 068;15;0;2;7;20;1
202200042064;739 070;7;0;2;1;1;1
202200042065;739 067;37;14;0;1;1;1
202200042066;739 065;7;0;1;5;1;1
202200042067;739 064;33;0;2;1;1;0
202200042067;739 066;7;0;2;5;15;0
202200042068;739 062;7;0;1;4;4;1
202200042069;739 061;7;8;0;2;1;1
202200042069;739 063;7;0;0;1;1;1
202200042070;739 057;7;0;2;1;5;1
202200042070;739 059;7;0;2;1;1;1
202200042071;739 058;7;13;2;3;1;1
202200042071;739 060;7;13;2;7;14;1
202200042072;739 056;1;0;0;8;15;5
202200042073;739 054;7;0;0;3;1;1
202200042073;739 055;7;0;2;5;12;1
202200042074;739 053;50;0;0;0;1;3
202200042075;739 051;7;4;2;9;13;1
202200042075;739 052;7;0;2;1;1;1
202200042076;739 049;7;0;2;1;17;1
202200042076;739 050;30;0;2;1;1;1
202200042077;739 047;7;0;1;3;15;1
202200042078;739 045;7;0;2;4;1;1
202200042078;739 046;7;0;2;1;1;1
202200042078;739 048;7;0;2;1;26;1
202200042079;739 041;33;0;2;8;2;1
202200042079;739 043;7;0;2;1;9;1
202200042080;739 040;7;0;2;3;1;1
202200042080;739 042;33;0;2;3;5;1
202200042081;739 039;33;0;0;7;9;1
202200042082;739 038;2;7;0;1;1;1
202200042083;739 036;7;8;0;1;13;1
202200042084;739 035;7;13;2;3;1;1
202200042084;739 037;37;0;2;3;13;1
202200042085;739 034;7;8;0;9;1;1
202200042086;739 033;2;0;6;2;26;1
202200042087;739 032;2;17;0;1;21;1
202200042088;739 031;7;13;0;6;0;1
202200042089;739 027;7;0;2;1;1;0
202200042089;739 030;38;0;2;2;19;1
202200042090;739 026;7;0;2;5;1;1
202200042090;739 028;7;0;2;9;1;1
202200042090;739 029;7;0;2;1;1;1
202200042091;739 024;7;0;1;2;1;1
202200042092;739 022;7;0;2;2;17;1
202200042092;739 023;1;0;2;1;15;5
202200042093;739 020;7;0;2;3;1;1
202200042093;739 021;7;0;2;3;13;1
202200042094;739 017;7;0;2;8;9;1
202200042094;739 019;7;0;2;2;1;1
202200042095;739 016;7;0;0;1;2;1
202200042095;739 018;7;0;0;4;1;1
202200042096;739 014;7;2;0;1;14;1
202200042097;739 013;7;0;2;3;13;1
202200042097;739 015;10;0;2;3;1;1
202200042098;739 011;1;0;0;0;2;5
202200042099;739 008;7;0;2;3;1;1
202200042099;739 010;7;0;2;3;13;1
202200042100;739 009;38;0;2;3;1;1
202200042100;739 012;7;0;2;3;1;1
202200042101;739 007;32;0;0;9;1;1
202200042102;739 005;2;0;0;0;1;1
202200042103;739 001;7;13;0;9;14;1
202200042104;739 000;7;0;1;1;9;1
202200042105;738 999;7;13;0;2;21;1
202200042106;738 998;7;0;2;3;2;1
202200042106;739 002;7;3;0;6;2;1
202200042106;739 003;7;5;0;1;1;1
202200042106;739 004;7;0;0;1;1;1
202200042106;739 006;7;3;0;8;1;2
202200042107;738 997;7;8;0;1;1;1
202200042108;738 995;7;13;0;1;0;1
202200042109;738 996;32;6;0;1;0;1
202200042110;738 994;7;2;0;7;1;1
202200042111;738 992;7;0;2;1;13;1
202200042111;738 993;10;0;2;1;1;1
202200042112;738 991;7;0;1;7;1;1
202200042113;738 989;7;0;2;3;15;1
202200042113;738 990;7;0;2;2;1;1
202200042114;738 987;7;0;1;2;1;1
202200042115;738 985;7;0;1;0;26;1
202200042116;738 986;7;3;0;1;1;1
202200042117;738 984;7;5;0;2;0;1
202200042118;738 983;13;15;0;1;14;1
202200042119;738 981;15;0;2;8;1;1
202200042119;738 982;7;0;2;1;13;1
202200042120;738 979;7;0;2;7;15;1
202200042120;738 980;33;0;2;1;1;1
202200042121;738 978;7;16;0;9;0;1
202200042122;738 976;7;8;0;1;0;1
202200042123;738 975;32;13;0;1;1;1
202200042124;738 974;7;3;2;2;2;1
202200042124;738 977;7;0;0;6;1;1
202200042125;738 972;7;5;0;3;0;1
202200042125;738 973;7;0;2;1;0;1
202200042126;738 969;1;0;2;1;1;0
202200042126;738 971;7;0;2;4;1;1
202200042127;738 965;7;0;6;1;1;1
202200042127;738 966;7;0;2;1;2;1
202200042127;738 967;7;0;2;1;2;1
202200042127;738 968;7;0;0;2;2;1
202200042127;738 970;7;0;2;0;2;1
202200042128;738 964;10;13;0;0;0;1
202200042129;738 962;7;0;2;1;1;1
202200042129;738 963;7;0;2;8;15;1
202200042130;738 958;10;0;2;1;1;1
202200042130;738 961;7;0;2;1;13;1
202200042131;738 959;7;0;2;1;1;1
202200042131;738 960;7;0;0;8;10;1
202200042132;738 956;2;0;2;1;1;1
202200042132;738 957;7;0;0;7;15;1
202200042133;738 955;7;0;0;9;1;1
202200042134;738 953;37;0;2;3;1;1
202200042134;738 954;30;0;2;1;13;1
202200042135;738 950;7;0;2;1;1;1
202200042135;738 951;7;14;2;8;6;1
202200042136;738 952;7;8;0;1;13;1
202200042137;738 949;7;13;0;1;2;1
202200042138;738 948;7;17;0;8;1;1
202200042139;738 947;33;3;0;8;1;1
202200042140;738 945;7;6;2;1;1;1
202200042140;738 946;7;6;2;6;1;1
202200042141;738 944;7;0;1;3;2;0
202200042142;738 941;7;2;0;1;0;1
202200042143;738 937;7;0;2;1;13;1
202200042143;738 938;10;0;2;3;1;1
202200042144;738 936;31;0;2;9;1;1
202200042144;738 939;7;0;0;1;1;1
202200042145;738 934;7;0;2;3;13;1
202200042145;738 935;7;0;2;3;1;1
202200042146;738 931;1;0;2;7;1;5
202200042146;738 932;7;0;2;2;15;1
202200042147;738 930;15;0;2;2;1;0
202200042147;738 933;7;0;2;3;19;1
202200042148;738 927;7;0;2;1;13;1
202200042148;738 929;7;0;2;1;1;1
202200042149;738 926;7;0;2;2;21;1
202200042149;738 928;1;0;0;3;10;5
202200042150;738 924;7;13;0;0;13;1
202200042150;738 925;7;0;0;0;5;1
202200042151;738 923;7;4;0;2;1;1
202200042152;738 919;7;0;2;7;1;1
202200042152;738 920;7;1;0;9;26;1
202200042152;738 922;7;1;2;1;21;1
202200042153;738 921;10;13;0;3;1;1
202200042154;738 918;7;4;0;1;1;1
202200042155;738 916;7;0;0;9;26;1
202200042156;738 915;7;0;2;7;15;1
202200042156;738 917;7;0;2;1;2;1
202200042157;738 911;1;0;2;8;1;5
202200042157;738 913;7;0;2;1;1;1
202200042158;738 909;7;0;2;0;23;1
202200042158;738 910;7;0;2;8;23;1
202200042158;738 912;7;0;2;8;1;1
202200042158;738 914;10;0;2;7;21;1
202200042159;738 907;7;0;2;3;13;1
202200042159;738 908;7;0;2;3;1;1
202200042160;738 905;7;0;2;1;1;0
202200042160;738 906;7;0;2;4;1;1
202200042161;738 900;7;1;0;1;1;1
202200042161;738 901;7;1;2;4;23;1
202200042161;738 903;7;0;2;4;23;1
202200042162;738 902;7;0;2;1;1;1
202200042162;738 904;1;0;2;8;0;5
202200042163;738 897;7;0;2;4;1;2
202200042163;738 898;7;0;2;1;1;1
202200042163;738 899;7;0;2;1;1;1
202200042164;738 896;7;0;1;4;20;1
202200042165;738 889;7;0;2;9;1;1
202200042165;738 892;7;0;2;1;1;1
202200042165;738 893;7;0;2;6;23;1
202200042165;738 894;7;0;2;1;1;1
202200042165;738 895;7;0;2;1;1;1
202200042166;738 890;1;0;2;1;1;5
202200042166;738 891;7;0;2;2;15;1
202200042167;738 888;7;3;0;1;1;1
202200042168;738 887;7;0;0;2;9;1
202200042169;738 885;7;0;2;4;1;1
202200042169;738 886;7;0;2;1;1;1
202200042170;738 883;10;0;2;7;1;1
202200042170;738 884;50;0;2;0;0;3
202200042171;738 881;7;0;2;2;21;1
202200042171;738 882;1;0;2;0;0;5
202200042172;738 879;7;0;1;2;1;1
202200042173;738 878;7;0;2;4;26;1
202200042173;738 880;7;14;2;1;1;1
202200042174;738 877;7;0;1;0;15;1
202200042175;738 875;7;0;1;7;16;1
202200042176;738 874;17;0;2;3;12;1
202200042176;738 876;7;0;2;5;5;1
202200042177;738 873;7;6;1;1;14;1
202200042178;738 870;7;0;1;0;26;0
202200042179;738 871;50;0;2;1;19;3
202200042179;738 872;7;0;2;2;1;1
202200042180;738 867;7;0;2;3;1;1
202200042180;738 869;33;0;2;3;17;1
202200042181;738 865;7;13;0;1;0;1
202200042182;738 866;50;0;2;1;1;3
202200042182;738 868;7;0;2;2;1;1
202200042183;738 864;7;4;0;9;1;1
202200042184;738 861;10;1;2;4;24;1
202200042184;738 863;37;1;0;2;14;6
202200042185;738 862;7;2;0;1;1;3
202200042186;738 858;30;0;2;1;17;1
202200042186;738 860;7;0;9;8;13;1
202200042187;738 856;10;0;2;7;1;1
202200042187;738 857;7;0;2;1;26;1
202200042187;738 859;7;8;2;1;26;2
202200042188;738 853;7;0;2;4;1;1
202200042188;738 854;7;0;2;1;1;1
202200042188;738 855;7;0;2;4;1;1
202200042189;738 851;33;0;2;1;17;1
202200042189;738 852;7;0;2;6;15;1
202200042190;738 849;7;0;2;3;15;1
202200042190;738 850;7;9;2;1;0;2
202200042191;738 847;7;0;2;1;15;1
202200042191;738 848;1;0;2;4;15;5
202200042192;738 845;37;0;2;7;14;1
202200042192;738 846;30;0;2;8;2;1
202200042193;738 844;33;0;0;8;9;1
202200042194;738 843;7;0;0;0;26;1
202200042195;738 841;34;8;0;1;21;1
202200042196;738 840;7;0;2;7;10;1
202200042196;738 842;32;0;2;1;1;1
202200042197;738 839;7;0;1;1;1;1
202200042198;738 834;7;0;2;8;23;1
202200042198;738 835;7;0;2;3;1;1
202200042198;738 836;7;1;2;2;15;1
202200042199;738 837;10;0;2;7;1;1
202200042199;738 838;7;0;2;8;1;1
202200042200;738 831;7;0;2;3;19;1
202200042200;738 833;7;0;2;2;1;1
202200042201;738 830;1;0;2;4;13;5