Num_Acc;id_vehicule;categorie_vehicule;obstacle_fixe;obstacle_mobile;point_choc_initial;manoeuvre_principale;motorisation
202200042201;738 832;7;0;9;1;1;1
202200042202;738 829;7;0;1;3;1;1
202200042203;738 827;1;0;2;1;26;5
202200042203;738 828;7;0;9;0;1;1
202200042204;738 824;13;0;2;1;26;1
202200042204;738 826;7;0;2;1;16;1
202200042205;738 823;7;0;2;1;1;1
202200042205;738 825;7;0;2;1;17;1
202200042206;738 821;7;0;2;6;1;1
202200042206;738 822;10;0;2;2;21;1
202200042207;738 820;30;0;1;1;0;1
202200042208;738 817;7;0;2;2;17;1
202200042208;738 818;7;0;2;5;1;1
202200042208;738 819;7;0;2;4;26;1
202200042209;738 816;7;0;2;1;1;1
202200042210;738 815;7;0;1;1;0;1
202200042211;738 813;10;16;0;9;1;1
202200042212;738 810;33;0;2;1;1;1
202200042212;738 812;7;0;2;2;16;1
202200042213;738 809;7;0;1;1;1;1
202200042214;738 811;7;0;2;2;19;1
202200042214;738 814;7;0;2;3;1;1
202200042215;738 808;7;4;0;7;1;1
202200042216;738 806;1;0;0;0;0;5
202200042216;738 807;7;0;0;0;0;0
202200042217;738 804;37;0;1;8;1;1
202200042218;738 803;2;0;1;1;17;1
202200042219;738 805;7;0;1;3;2;3
202200042220;738 801;7;0;2;5;16;1
202200042220;738 802;2;0;2;1;18;1
202200042221;738 800;7;0;1;1;1;1
202200042222;738 798;7;0;2;1;1;1
202200042222;738 799;7;0;2;7;19;1
202200042223;738 796;7;0;2;6;1;1
202200042223;738 797;7;0;2;1;1;1
202200042224;738 793;50;0;2;3;1;3
202200042224;738 795;7;0;2;2;16;1
202200042225;738 792;10;0;2;2;2;1
202200042225;738 794;1;0;0;4;2;5
202200042226;738 789;10;0;2;3;1;1
202200042226;738 790;7;0;2;5;12;1
202200042226;738 791;10;0;2;4;1;1
202200042227;738 786;7;0;0;1;1;1
202200042228;738 787;7;0;2;1;15;1
202200042228;738 788;7;0;2;1;13;1
202200042229;738 784;7;0;2;4;2;1
202200042229;738 785;7;0;2;1;2;1
202200042230;738 780;7;0;2;1;15;1
202200042230;738 781;7;0;2;1;1;1
202200042231;738 782;7;0;2;1;1;1
202200042231;738 783;31;0;2;8;11;1
202200042232;738 779;10;2;0;2;13;1
202200042233;738 778;31;9;0;1;0;1
202200042234;738 777;30;11;0;7;14;1
202200042235;738 776;7;0;1;1;16;1
202200042236;738 774;32;0;2;1;2;1
202200042236;738 775;7;0;2;4;1;1
202200042237;738 773;7;0;1;6;4;1
202200042238;738 772;10;0;1;3;0;1
202200042239;738 765;7;0;2;3;20;1
202200042239;738 766;37;1;2;2;2;1
202200042240;738 762;32;0;2;1;1;1
202200042240;738 764;7;0;2;1;1;1
202200042241;738 761;7;0;2;4;23;1
202200042241;738 763;7;0;2;1;1;1
202200042242;738 759;7;0;2;0;16;1
202200042242;738 760;1;0;2;0;1;5
202200042243;738 757;10;0;2;1;2;1
202200042243;738 758;7;0;0;4;2;1
202200042244;738 752;7;0;1;0;1;1
202200042245;738 753;50;0;2;1;2;3
202200042245;738 755;7;0;2;2;15;1
202200042246;738 750;10;0;2;1;15;1
202200042246;738 751;33;0;2;1;1;1
202200042247;738 754;1;0;2;6;1;5
202200042247;738 756;7;0;2;3;1;1
202200042248;738 748;7;0;2;4;1;1
202200042248;738 749;7;0;2;1;1;1
202200042249;738 746;7;0;2;1;1;1
202200042249;738 747;7;0;2;4;23;1
202200042250;738 742;7;0;2;1;1;1
202200042250;738 744;7;0;2;3;15;1
202200042251;738 743;37;0;2;3;1;1
202200042251;738 745;7;0;2;5;16;1
202200042252;738 740;7;8;0;2;0;1
202200042253;738 739;7;1;0;3;15;1
202200042254;738 737;0;0;1;0;0;0
202200042255;738 736;7;0;2;1;1;1
202200042255;738 738;50;0;2;7;19;3
202200042256;738 741;7;0;1;1;19;1
202200042257;738 735;33;6;0;2;14;1
202200042258;738 733;7;0;2;4;2;1
202200042258;738 734;7;0;2;1;2;1
202200042259;738 729;7;0;2;3;15;1
202200042259;738 732;7;0;2;3;1;1
202200042260;738 726;7;0;2;1;2;1
202200042260;738 728;7;0;2;4;11;1
202200042260;738 730;7;0;2;1;2;1
202200042261;738 727;7;0;2;4;1;1
202200042261;738 731;7;0;2;1;1;1
202200042262;738 722;7;0;2;6;1;1
202200042262;738 725;14;0;2;6;24;1
202200042263;738 723;7;0;2;1;1;1
202200042263;738 724;7;0;2;1;1;1
202200042264;738 719;10;0;2;7;5;1
202200042264;738 720;37;0;2;2;1;1
202200042265;738 716;7;0;2;1;1;1
202200042265;738 718;30;0;2;8;19;1
202200042266;738 715;10;0;2;3;9;1
202200042266;738 717;1;0;2;2;1;5
202200042267;738 711;34;0;2;1;15;1
202200042267;738 712;7;0;2;4;4;1
202200042268;738 710;7;0;2;3;13;2
202200042268;738 713;7;0;2;3;1;1
202200042268;738 714;7;0;2;3;1;1
202200042269;738 707;7;0;2;3;1;1
202200042269;738 709;2;0;2;3;17;1
202200042270;738 703;7;0;2;3;15;1
202200042270;738 704;2;0;2;2;17;3
202200042271;738 702;32;0;1;0;0;1
202200042272;738 701;7;8;0;1;1;1
202200042273;738 698;7;0;2;4;17;1
202200042273;738 699;10;0;2;4;17;1
202200042273;738 700;7;0;2;1;17;1
202200042274;738 695;7;9;1;2;26;1
202200042275;738 694;7;0;2;8;1;1
202200042275;738 696;7;0;2;8;1;1
202200042275;738 697;7;0;2;7;9;1
202200042276;738 693;7;0;1;1;1;1
202200042277;738 691;31;0;1;8;1;1
202200042278;738 689;33;0;0;1;26;1
202200042279;738 690;1;0;2;7;19;5
202200042279;738 692;7;0;9;3;16;1
202200042280;738 686;7;0;2;4;2;0
202200042280;738 688;30;0;2;1;2;1
202200042281;738 685;7;0;2;3;9;1
202200042281;738 687;7;0;2;2;13;1
202200042282;738 683;7;2;2;1;9;1
202200042282;738 684;17;0;2;0;9;1
202200042283;738 679;7;0;2;1;2;1
202200042283;738 680;7;0;2;4;23;1
202200042284;738 681;7;0;2;4;1;1
202200042284;738 682;7;0;2;1;1;2
202200042285;738 676;7;0;2;1;1;1
202200042285;738 678;7;0;2;8;13;1
202200042286;738 674;7;0;2;4;1;1
202200042286;738 677;7;0;2;1;9;1
202200042287;738 673;80;0;2;1;1;3
202200042287;738 675;80;0;2;1;13;3
202200042288;738 670;7;0;2;4;2;1
202200042288;738 671;7;0;2;4;2;1
202200042288;738 672;13;0;2;1;26;1
202200042289;738 668;7;4;0;3;13;1
202200042290;738 667;7;0;2;8;13;1
202200042290;738 669;30;0;2;7;17;1
202200042291;738 664;7;12;0;1;1;1
202200042292;738 665;7;0;0;0;2;1
202200042292;738 666;7;0;0;1;19;1
202200042293;738 662;37;0;1;7;2;1
202200042294;738 661;7;0;2;5;1;3
202200042294;738 663;7;0;2;1;1;1
202200042295;738 658;2;1;2;1;1;1
202200042295;738 660;7;0;2;0;0;1
202200042296;738 659;7;0;1;7;1;1
202200042297;738 656;10;13;0;2;14;1
202200042298;738 657;50;0;1;0;1;3
202200042299;738 652;7;0;2;0;15;1
202200042299;738 653;33;0;2;1;1;1
202200042300;738 651;7;1;0;2;1;1
202200042301;738 647;99;0;2;1;0;0
202200042301;738 649;7;0;2;2;15;2
202200042302;738 646;30;0;2;6;2;1
202200042302;738 650;7;0;2;6;2;1
202200042303;738 645;33;0;2;1;1;1
202200042303;738 648;34;0;2;1;1;1
202200042304;738 643;1;0;2;0;5;5
202200042304;738 644;7;0;2;3;26;1
202200042305;738 640;7;0;1;1;1;0
202200042306;738 641;10;0;1;1;1;3
202200042307;738 639;32;0;2;3;0;1
202200042307;738 642;7;0;2;2;15;1
202200042308;738 637;7;0;2;4;1;1
202200042308;738 638;7;3;2;1;1;1
202200042309;738 635;7;0;2;3;1;1
202200042309;738 636;7;0;2;5;1;6
202200042310;738 633;7;0;1;2;26;0
202200042311;738 631;10;1;2;3;1;1
202200042311;738 632;7;1;2;2;12;1
202200042311;738 634;10;0;2;4;23;1
202200042312;738 628;43;0;2;1;1;1
202200042312;738 630;7;0;2;2;10;1
202200042313;738 627;10;0;2;1;1;1
202200042313;738 629;32;0;2;1;1;1
202200042314;738 624;30;0;1;1;1;1
202200042315;738 622;7;1;0;7;1;1
202200042315;738 625;7;0;2;6;24;1
202200042316;738 621;7;0;2;2;1;1
202200042316;738 623;7;0;2;1;1;1
202200042316;738 626;7;0;2;1;13;3
202200042317;738 617;34;0;0;1;0;1
202200042318;738 618;7;0;2;3;1;1
202200042318;738 620;7;0;2;1;19;1
202200042319;738 616;7;0;2;1;1;1
202200042319;738 619;7;0;2;2;2;1
202200042320;738 614;7;0;2;1;1;1
202200042320;738 615;7;0;2;1;5;1
202200042321;738 610;7;13;2;2;17;1
202200042321;738 613;7;0;2;6;1;1
202200042322;738 608;10;0;2;1;1;1
202200042322;738 612;10;0;0;4;23;0
202200042323;738 607;50;0;2;7;19;3
202200042323;738 611;7;0;2;1;1;1
202200042324;738 606;7;0;2;3;9;1
202200042324;738 609;7;0;2;2;1;1
202200042325;738 603;7;0;2;6;26;1
202200042325;738 605;33;0;2;7;13;1
202200042326;738 601;7;1;0;1;1;1
202200042326;738 604;7;0;2;4;26;1
202200042327;738 599;32;0;2;1;3;1
202200042327;738 600;7;0;2;7;12;1
202200042328;738 597;7;0;1;1;1;1
202200042329;738 595;1;0;2;4;2;5
202200042329;738 598;7;0;0;0;0;0
202200042330;738 594;10;0;2;2;15;1
202200042330;738 596;33;0;2;1;1;1
202200042331;738 592;7;11;0;1;13;1
202200042332;738 588;7;0;2;4;23;1
202200042332;738 591;7;0;2;4;23;1
202200042332;738 593;10;0;2;1;1;1
202200042333;738 586;50;0;2;3;1;3
202200042333;738 589;7;0;2;1;16;1
202200042334;738 585;7;0;2;3;20;1
202200042334;738 587;2;0;2;1;1;1
202200042335;738 582;7;0;2;3;15;1
202200042335;738 583;31;1;2;1;17;1
202200042336;738 581;7;9;0;1;1;1
202200042337;738 584;7;0;2;3;16;1
202200042337;738 590;7;0;2;2;1;1
202200042338;738 578;7;0;2;4;1;1
202200042338;738 580;7;0;2;1;1;1
202200042339;738 574;10;0;2;1;1;1
202200042339;738 577;50;0;2;1;5;3
202200042340;738 576;2;0;2;1;26;1
202200042340;738 579;7;0;2;5;15;1
202200042341;738 573;1;0;2;1;15;5
202200042341;738 575;34;0;2;3;1;1
202200042342;738 570;7;0;1;1;9;1
202200042343;738 569;60;0;2;0;2;5
202200042343;738 571;7;0;2;2;0;0
202200042344;738 567;33;0;2;1;1;1
202200042344;738 572;10;0;2;8;1;1
202200042345;738 566;7;0;2;4;23;1
202200042345;738 568;13;0;2;1;2;1
202200042346;738 565;7;0;1;2;1;1
202200042347;738 562;10;0;2;1;1;1
202200042347;738 564;99;0;2;7;1;0
202200042348;738 561;7;0;2;3;15;1
202200042348;738 563;33;0;2;2;17;1
202200042349;738 558;7;0;2;4;23;1
202200042349;738 559;2;0;2;1;2;1
202200042350;738 556;7;0;2;0;1;1
202200042351;738 557;30;0;2;1;16;3
202200042351;738 560;1;0;2;6;1;5
202200042352;738 555;10;0;1;3;15;1
202200042353;738 552;7;0;2;5;1;1
202200042353;738 554;1;0;2;1;2;5
202200042354;738 551;30;0;2;1;2;1
202200042354;738 553;7;0;2;4;2;1
202200042355;738 550;7;2;1;1;16;1
202200042356;738 545;7;0;1;4;4;2
202200042357;738 548;33;0;2;4;23;1
202200042357;738 549;13;0;2;1;1;1
202200042358;738 544;34;0;2;1;17;0
202200042358;738 547;7;0;2;8;15;1
202200042359;738 539;33;0;2;1;13;1
202200042359;738 542;7;3;2;3;1;1
202200042359;738 546;33;0;2;1;1;1
202200042360;738 540;10;0;1;1;1;3
202200042361;738 537;33;14;2;1;1;1
202200042361;738 541;7;14;0;6;10;1
202200042362;738 538;7;0;2;1;1;1
202200042362;738 543;1;0;2;4;13;5
202200042363;738 535;32;0;0;1;1;1
202200042363;738 536;7;0;0;2;15;2
202200042364;738 528;7;0;2;3;1;1
202200042364;738 532;7;0;2;2;15;1
202200042365;738 529;7;0;2;4;12;1
202200042365;738 533;32;0;2;8;3;1
202200042366;738 530;10;0;2;7;15;1
202200042366;738 534;33;0;2;8;1;1
202200042367;738 527;7;14;0;1;1;1
202200042367;738 531;7;4;0;3;13;1
202200042368;738 524;7;0;2;2;19;1
202200042368;738 526;7;0;2;1;1;1
202200042369;738 523;32;0;1;8;1;1
202200042370;738 522;7;13;0;1;1;1
202200042371;738 521;10;0;2;3;15;1
202200042371;738 525;1;0;2;1;1;5
202200042372;738 519;30;0;0;0;1;1
202200042373;738 516;7;0;2;3;1;1
202200042373;738 520;7;0;2;1;1;1
202200042374;738 514;30;0;2;1;1;1
202200042374;738 517;7;0;2;7;15;1
202200042375;738 515;2;0;2;1;1;1
202200042375;738 518;7;0;2;3;15;1
202200042376;738 512;7;0;2;2;1;1
202200042376;738 513;50;0;2;1;19;3
202200042377;738 510;7;0;1;1;1;1
202200042378;738 508;7;0;2;3;1;1
202200042378;738 511;10;0;2;3;13;1
202200042379;738 505;32;0;2;1;17;1
202200042379;738 507;7;0;2;1;1;0
202200042380;738 506;1;0;2;8;1;5
202200042380;738 509;10;0;2;2;14;1
202200042381;738 503;7;0;2;4;2;1
202200042381;738 504;7;0;2;1;2;1
202200042382;738 501;7;3;2;4;1;1
202200042382;738 502;7;3;2;1;2;1
202200042383;738 499;1;16;0;9;1;5
202200042384;738 497;1;0;0;1;2;5
202200042385;738 498;7;0;4;6;9;3
202200042385;738 500;40;0;2;1;1;0
202200042386;738 495;50;0;2;1;1;3
202200042386;738 496;7;0;2;7;22;1
202200042387;738 494;7;2;0;3;1;1
202200042388;738 491;10;0;2;3;1;1
202200042388;738 493;10;0;2;1;15;1
202200042389;738 490;7;6;0;1;1;1
202200042390;738 489;7;0;2;3;22;1
202200042390;738 492;1;0;2;2;1;5
202200042391;738 488;7;16;0;9;13;1
202200042392;738 484;7;0;1;2;1;1
202200042393;738 486;7;1;0;1;13;1
202200042394;738 485;7;0;2;2;9;1
202200042394;738 487;7;0;2;6;10;1
202200042395;738 483;7;0;1;2;19;1
202200042396;738 480;7;0;1;1;1;1
202200042397;738 481;1;0;2;4;1;5
202200042397;738 482;10;0;2;2;14;1
202200042398;738 477;7;0;0;2;2;2
202200042398;738 479;1;0;0;0;2;5
202200042399;738 475;14;0;1;1;1;1
202200042400;738 476;7;0;2;4;1;2
202200042400;738 478;2;0;2;1;1;1
202200042401;738 472;7;0;9;2;2;1
202200042401;738 474;1;0;2;4;1;5
202200042402;738 471;10;0;2;8;15;1
202200042402;738 473;33;0;2;1;1;1
202200042403;738 469;1;0;2;1;1;5
202200042403;738 470;13;0;2;2;13;0
202200042404;738 467;10;0;2;1;1;1
202200042404;738 468;33;0;2;1;13;1
202200042405;738 464;7;0;2;3;17;2
202200042405;738 466;30;0;2;0;17;1
202200042406;738 462;7;0;1;1;1;1
202200042407;738 463;10;0;2;3;10;1
202200042407;738 465;34;0;2;5;2;1
202200042408;738 459;1;0;2;2;1;5
202200042408;738 461;7;0;0;5;26;1
202200042409;738 458;7;0;1;0;0;2
202200042410;738 457;7;9;0;8;10;2
202200042410;738 460;7;8;2;1;1;1
202200042411;738 456;7;2;0;1;1;1
202200042412;738 455;7;0;1;1;16;1
202200042413;738 452;7;0;9;3;1;1
202200042413;738 454;80;0;2;1;1;3
202200042414;738 453;7;0;1;1;1;1
202200042415;738 450;7;6;0;1;1;1
202200042416;738 448;33;9;2;1;9;1
202200042416;738 451;7;0;2;2;26;1
202200042417;738 447;7;0;2;1;2;2
202200042417;738 449;32;0;2;4;1;1
202200042418;738 446;7;5;0;1;1;1
202200042419;738 444;10;9;0;3;21;1
202200042420;738 443;7;0;2;3;15;1
202200042420;738 445;34;0;2;1;1;1
202200042421;738 439;7;0;2;2;15;3
202200042421;738 441;34;0;2;3;2;1
202200042422;738 437;7;0;2;6;15;1
202200042422;738 442;2;0;2;2;1;1
202200042423;738 438;1;0;0;0;0;5
202200042423;738 440;7;0;2;8;22;3
202200042424;738 436;7;0;1;2;1;1
202200042425;738 434;1;1;0;3;14;5
202200042426;738 435;7;0;1;3;15;2
202200042427;738 433;10;2;0;1;14;1
202200042428;738 429;33;0;0;8;0;1
202200042429;738 428;7;0;2;1;15;1
202200042429;738 431;30;0;2;8;1;1
202200042430;738 430;7;0;2;5;1;1
202200042430;738 432;2;0;2;1;16;1
202200042431;738 427;7;2;0;6;1;1
202200042432;738 426;7;0;0;0;0;1
202200042433;738 424;7;2;0;1;0;1
202200042434;738 421;7;0;1;1;16;1
202200042435;738 420;7;0;2;3;1;1
202200042435;738 422;7;0;2;3;1;1
202200042436;738 419;2;0;0;2;1;1
202200042437;738 415;7;6;0;3;13;1
202200042438;738 414;7;0;2;1;1;1
202200042438;738 417;2;0;2;1;17;1
202200042439;738 416;7;0;9;3;15;1
202200042439;738 418;17;0;0;1;1;1
202200042440;738 412;7;0;0;8;0;1
202200042440;738 413;1;0;2;1;26;5
202200042441;738 409;37;0;2;1;1;1
202200042441;738 411;7;0;2;8;19;1
202200042442;738 407;10;0;0;3;20;1
202200042442;738 408;31;0;2;1;13;1
202200042443;738 406;7;13;0;0;0;0
202200042443;738 410;7;0;2;2;2;0
202200042444;738 404;7;13;0;9;1;1
202200042445;738 405;7;3;0;2;0;1
202200042446;738 401;7;0;2;3;1;1
202200042446;738 403;31;0;0;4;0;1
202200042447;738 400;7;0;2;2;1;1
202200042447;738 402;7;0;2;2;1;1
202200042448;738 399;7;0;1;1;1;1
202200042449;738 395;7;0;2;1;5;1
202200042449;738 398;7;0;2;1;1;1
202200042450;738 394;7;13;2;1;13;1
202200042450;738 397;7;6;2;1;1;1
202200042451;738 393;21;8;0;6;15;1
202200042451;738 396;17;0;0;2;17;1
202200042452;738 387;7;0;2;1;2;1
202200042452;738 388;7;0;2;4;2;1
202200042453;738 391;7;0;2;4;1;1
202200042453;738 392;33;0;2;1;1;1
202200042454;738 389;7;0;2;1;1;1
202200042454;738 390;7;0;0;3;9;1
202200042455;738 386;1;0;1;1;1;5
202200042456;738 382;7;17;0;1;13;1
202200042457;738 381;7;0;2;3;0;1
202200042457;738 384;7;0;2;1;5;1
202200042458;738 379;7;0;2;2;0;1
202200042458;738 380;7;0;2;3;0;1
202200042458;738 383;7;0;2;3;13;1
202200042459;738 376;7;0;2;1;1;1
202200042459;738 378;7;0;2;1;1;1
202200042460;738 377;10;0;1;2;1;1
202200042461;738 371;7;0;2;3;1;2
202200042461;738 375;7;0;2;3;5;1
202200042462;738 372;7;0;2;1;13;1
202200042462;738 373;7;0;2;1;1;1
202200042463;738 368;1;0;0;0;17;5
202200042464;738 369;10;0;2;8;15;1
202200042464;738 370;33;0;2;7;17;1
202200042465;738 367;7;0;2;3;1;1
202200042465;738 374;7;0;2;3;1;1
202200042466;738 366;7;12;0;0;9;1
202200042467;738 365;7;13;0;1;14;1
202200042468;738 360;7;0;2;8;16;1
202200042468;738 363;7;0;2;1;1;1
202200042469;738 359;10;0;2;4;16;1
202200042469;738 362;33;0;2;1;1;1
202200042470;738 356;7;0;2;7;1;1
202200042470;738 358;1;0;2;8;1;5
202200042471;738 355;10;0;2;8;15;1
202200042471;738 357;33;0;2;1;17;1
202200042472;738 361;7;0;2;1;13;1
202200042472;738 364;7;0;2;1;1;1
202200042473;738 351;7;0;2;2;15;1
202200042473;738 354;32;0;2;1;1;1
202200042474;738 352;7;2;0;1;0;1
202200042475;738 350;7;0;2;3;21;1
202200042475;738 353;31;0;2;1;13;1
202200042476;738 347;13;0;0;7;1;1
202200042476;738 349;33;0;2;1;0;1
202200042477;738 348;7;3;0;2;0;1
202200042478;738 343;7;0;0;4;1;1
202200042478;738 344;15;0;2;3;1;1
202200042479;738 342;99;13;0;8;0;1
202200042480;738 339;7;6;0;2;1;1
202200042481;738 340;2;0;2;1;1;1
202200042481;738 341;7;0;2;6;20;1
202200042482;738 338;7;0;1;3;16;1
202200042483;738 337;2;1;0;1;1;1
202200042484;738 335;10;0;1;4;4;1
202200042485;738 334;7;0;2;2;1;1
202200042485;738 336;2;0;2;1;5;1
202200042486;738 333;7;6;0;1;1;1
202200042487;738 332;80;0;0;0;1;3
202200042488;738 329;7;17;0;1;14;1
202200042489;738 330;7;0;2;3;10;1
202200042489;738 331;31;0;2;2;17;1
202200042490;738 327;33;0;2;1;2;1
202200042490;738 328;33;0;2;4;1;1
202200042491;738 324;10;0;2;3;1;1
202200042491;738 326;7;0;2;3;1;6
202200042492;738 323;7;2;0;2;0;1
202200042493;738 322;7;0;2;1;17;1
202200042493;738 325;7;0;0;6;1;1
202200042494;738 320;33;0;0;2;1;1
202200042495;738 318;50;0;1;1;1;3
202200042496;738 315;1;7;0;1;1;5
202200042497;738 313;7;8;0;1;0;1
202200042498;738 312;10;0;0;4;23;1
202200042498;738 314;7;0;2;4;23;1
202200042498;738 316;7;0;2;1;2;1
202200042499;738 309;7;0;0;3;0;1
202200042499;738 311;7;0;0;3;1;1
202200042500;738 310;50;14;0;1;1;3
202200042501;738 307;7;0;2;3;1;1
202200042501;738 308;7;0;2;3;15;2
202200042502;738 303;31;0;2;7;17;1
202200042502;738 305;7;0;2;8;1;2
202200042502;738 306;7;0;2;8;1;1
202200042503;738 299;33;0;6;1;1;1
202200042504;738 300;10;0;2;3;13;1
202200042504;738 302;7;0;2;8;1;1
202200042505;738 301;7;0;2;3;1;1
202200042505;738 304;1;13;2;1;1;5
202200042506;738 295;10;0;2;3;1;1
202200042506;738 298;14;0;2;3;1;1
202200042507;738 294;7;13;0;9;13;1
202200042508;738 293;15;0;0;4;23;1
202200042508;738 296;15;0;2;1;2;1
202200042509;738 292;7;0;0;3;1;1
202200042509;738 297;7;0;2;3;1;1
202200042510;738 291;7;0;0;0;2;1
202200042511;738 290;7;0;1;3;16;1
202200042512;738 287;43;0;2;1;26;1
202200042512;738 289;7;0;2;1;23;1
202200042513;738 285;7;0;2;3;15;1
202200042513;738 288;33;0;2;5;17;1
202200042514;738 283;7;0;2;3;15;1
202200042514;738 286;33;0;2;8;26;1
202200042515;738 280;7;0;2;6;1;1
202200042515;738 282;7;0;2;4;1;1
202200042515;738 284;7;0;2;1;1;1
202200042516;738 278;33;0;0;1;16;1
202200042517;738 276;10;0;2;4;1;1
202200042517;738 279;33;0;2;1;1;1
202200042518;738 275;7;0;2;3;1;2
202200042518;738 277;7;0;2;7;1;1
202200042518;738 281;7;0;2;3;13;1
202200042519;738 271;7;4;0;3;1;2
202200042520;738 270;7;0;2;1;9;1
202200042520;738 272;1;0;2;7;1;5
202200042521;738 269;33;13;0;1;1;1
202200042522;738 263;7;0;2;1;0;1
202200042522;738 266;7;0;2;4;0;1
202200042522;738 268;7;0;2;4;0;1
202200042523;738 260;7;0;2;3;1;1
202200042523;738 267;7;0;2;8;19;1
202200042524;738 261;31;0;2;8;19;1
202200042524;738 264;10;0;2;1;1;1
202200042525;738 259;7;15;0;9;1;1
202200042526;738 257;7;3;0;1;1;1
202200042527;738 258;7;0;2;1;26;1
202200042527;738 262;7;0;2;4;26;1
202200042527;738 265;7;0;2;4;26;1
202200042528;738 253;1;0;2;6;1;5
202200042528;738 255;10;0;2;2;1;1
202200042529;738 251;7;4;0;2;14;2
202200042530;738 250;10;0;2;1;17;1
202200042530;738 252;7;0;2;1;1;1
202200042530;738 256;15;0;0;7;21;1
202200042531;738 247;7;0;2;1;2;1
202200042531;738 249;7;0;2;4;2;1
202200042531;738 254;7;0;2;4;2;1
202200042532;738 246;21;0;2;1;15;1
202200042532;738 248;2;0;0;1;1;1
202200042533;738 243;7;0;1;3;15;1
202200042534;738 244;33;0;2;1;1;1
202200042534;738 245;7;0;2;3;15;1
202200042535;738 240;33;0;2;4;2;1
202200042535;738 242;15;0;2;1;2;1
202200042536;738 239;2;0;2;1;1;1
202200042536;738 241;7;0;2;2;15;1
202200042537;738 234;7;0;2;4;1;2
202200042537;738 236;32;0;2;1;1;1
202200042538;738 233;7;0;0;0;9;1
202200042538;738 235;33;0;0;0;1;1
202200042539;738 232;7;0;2;1;1;1
202200042539;738 237;33;0;2;1;17;1
202200042540;738 231;30;0;1;0;1;1
202200042541;738 226;7;0;2;4;2;1
202200042541;738 229;7;0;2;1;2;1
202200042542;738 228;7;0;2;1;1;1
202200042542;738 230;7;0;2;8;1;1
202200042543;738 227;33;0;0;9;14;1
202200042544;738 219;7;0;2;2;1;1
202200042544;738 223;7;0;2;6;18;1
202200042545;738 218;7;0;2;7;1;1
202200042545;738 222;2;0;2;8;1;1
202200042546;738 217;7;0;2;4;2;2
202200042546;738 220;7;0;2;1;1;1
202200042546;738 224;7;0;2;4;2;1
202200042546;738 225;7;0;2;4;2;1
202200042547;738 216;7;9;2;8;15;1
202200042547;738 221;10;0;2;2;21;1
202200042548;738 215;2;0;0;0;1;1
202200042549;738 213;7;0;1;1;15;1
202200042550;738 212;15;0;2;6;1;1
202200042550;738 214;2;0;2;1;15;1
202200042551;738 210;7;2;0;1;1;1
202200042552;738 211;7;0;1;1;1;1
202200042553;738 209;10;0;1;2;1;1
202200042554;738 206;2;0;2;8;15;0
202200042554;738 207;10;0;2;7;17;1
202200042555;738 205;7;0;1;2;1;1
202200042556;738 200;2;0;2;1;17;1
202200042556;738 203;7;0;2;2;9;1
202200042557;738 201;7;0;2;7;16;1
202200042557;738 204;33;0;2;1;1;1
202200042558;738 199;7;0;1;1;1;1
202200042559;738 198;33;0;2;1;1;1
202200042559;738 202;10;0;9;8;9;1
202200042560;738 196;7;0;1;2;1;1
202200042561;738 195;15;0;2;5;17;1
202200042561;738 197;21;0;2;6;15;1
202200042562;738 193;31;7;0;7;1;1
202200042563;738 191;7;7;0;2;0;1
202200042564;738 190;7;0;2;6;0;1
202200042564;738 192;7;1;0;1;1;1
202200042565;738 194;3;0;1;0;1;1
202200042566;738 187;30;0;0;4;15;0
202200042566;738 189;7;0;2;1;2;1
202200042567;738 186;7;0;1;3;1;1
202200042568;738 185;7;0;2;9;1;1
202200042568;738 188;10;0;2;1;19;1
202200042569;738 180;33;0;2;1;1;1
202200042569;738 184;7;0;2;7;1;1
202200042570;738 179;7;15;2;1;1;1
202200042570;738 182;1;15;2;8;9;5
202200042571;738 178;60;0;2;0;0;5
202200042571;738 181;7;0;9;1;1;1
202200042572;738 174;7;0;2;1;1;1
202200042572;738 177;7;0;2;8;1;1
202200042573;738 171;20;0;2;1;16;1
202200042573;738 176;1;0;2;8;19;5
202200042574;738 172;33;0;2;1;2;1
202200042574;738 175;10;0;2;6;16;1
202200042575;738 173;33;0;2;1;1;1
202200042575;738 183;7;0;2;7;1;1
202200042576;738 168;7;0;2;1;1;1
202200042576;738 170;7;0;2;3;1;1
202200042577;738 165;7;6;0;1;19;1
202200042578;738 163;7;2;0;1;11;1
202200042579;738 162;7;0;0;4;1;1
202200042579;738 164;7;0;2;4;1;1
202200042579;738 167;7;0;2;4;1;6
202200042579;738 169;7;0;2;1;1;1
202200042580;738 160;7;2;0;1;14;2
202200042581;738 155;14;0;2;8;1;1
202200042581;738 158;7;0;2;4;2;1
202200042581;738 161;7;0;2;1;2;1
202200042582;738 157;7;0;2;3;15;1
202200042582;738 159;33;0;2;3;1;1
202200042583;738 154;21;3;0;8;1;1
202200042584;738 156;1;0;2;1;9;5
202200042584;738 166;10;0;2;8;1;3
202200042585;738 149;7;0;2;3;2;1
202200042585;738 151;7;0;2;3;5;1
202200042586;738 145;7;3;0;1;14;1
202200042586;738 147;7;0;2;1;2;1
202200042586;738 148;7;0;2;2;21;1
202200042586;738 150;7;0;2;1;21;1
202200042587;738 142;7;0;2;3;5;1
202200042587;738 146;7;0;2;3;1;1
202200042588;738 143;7;0;1;1;15;1
202200042589;738 144;99;0;1;1;19;6
202200042590;738 139;1;0;2;1;1;5
202200042590;738 141;7;0;9;1;1;1
202200042591;738 137;7;0;2;3;13;1
202200042591;738 140;7;0;2;3;1;1
202200042592;738 135;7;0;2;4;1;1
202200042592;738 138;7;0;2;9;2;1
202200042593;738 132;30;0;0;0;1;1
202200042594;738 130;37;0;9;2;16;1
202200042594;738 133;1;0;2;1;19;5
202200042595;738 129;7;1;0;2;1;1