Num_Acc;id_vehicule;categorie_vehicule;obstacle_fixe;obstacle_mobile;point_choc_initial;manoeuvre_principale;motorisation
202200042596;738 127;10;0;1;3;19;1
202200042597;738 131;10;0;2;1;13;1
202200042597;738 136;10;0;2;3;1;1
202200042598;738 125;32;1;0;1;16;1
202200042599;738 126;31;0;2;1;1;1
202200042599;738 128;7;0;2;1;15;0
202200042600;738 122;7;0;2;3;15;1
202200042600;738 124;1;0;2;1;16;5
202200042601;738 118;7;0;2;1;1;1
202200042601;738 121;15;0;2;3;1;1
202200042601;738 123;10;0;2;3;13;1
202200042602;738 119;32;0;0;7;1;1
202200042603;738 117;7;0;2;3;1;1
202200042603;738 120;7;0;2;3;17;2
202200042604;738 115;7;0;2;8;1;1
202200042604;738 116;30;0;1;7;17;1
202200042605;738 114;2;0;0;0;0;1
202200042606;738 113;33;12;0;3;6;1
202200042607;738 108;7;0;2;1;17;1
202200042607;738 110;7;0;2;1;1;1
202200042608;738 109;32;12;0;3;1;1
202200042608;738 111;7;12;0;3;1;1
202200042609;738 107;10;0;1;3;1;1
202200042610;738 105;7;0;1;2;1;1
202200042611;738 103;33;12;0;3;14;1
202200042612;738 106;7;0;2;1;1;1
202200042612;738 112;30;0;2;1;16;1
202200042613;738 100;21;15;2;4;1;1
202200042613;738 102;7;0;9;4;17;1
202200042613;738 104;7;13;2;1;17;1
202200042614;738 095;7;13;0;2;2;1
202200042615;738 094;10;0;2;1;1;1
202200042615;738 097;7;0;2;6;1;0
202200042615;738 099;7;0;2;1;1;1
202200042616;738 091;10;2;0;1;14;1
202200042617;738 093;7;0;2;1;1;0
202200042617;738 096;50;0;2;1;16;3
202200042618;738 087;33;8;0;7;1;1
202200042619;738 086;33;0;0;0;1;1
202200042620;738 088;10;0;2;3;9;1
202200042620;738 092;7;0;2;1;9;1
202200042621;738 085;7;0;1;3;9;1
202200042622;738 084;7;0;0;9;1;1
202200042623;738 082;33;0;2;1;1;1
202200042623;738 083;7;0;2;2;19;1
202200042624;738 079;7;13;0;1;1;1
202200042625;738 077;7;0;2;1;13;1
202200042625;738 078;1;0;2;0;0;5
202200042625;738 081;7;0;2;0;0;1
202200042626;738 076;7;0;1;3;15;3
202200042627;738 073;7;0;2;1;13;2
202200042627;738 075;7;0;2;1;1;1
202200042628;738 070;1;0;2;0;1;5
202200042628;738 072;50;0;2;1;5;3
202200042629;738 074;33;0;2;1;1;1
202200042629;738 080;7;0;2;7;15;1
202200042630;738 069;1;0;2;4;1;5
202200042630;738 071;10;0;9;1;2;1
202200042631;738 067;7;2;0;4;2;1
202200042631;738 068;7;0;2;1;2;1
202200042632;738 066;7;6;0;2;1;1
202200042633;738 065;2;12;0;7;1;1
202200042634;738 064;33;0;0;0;1;1
202200042635;738 062;7;0;1;3;17;1
202200042636;738 060;3;0;2;4;1;1
202200042636;738 063;20;0;2;1;1;1
202200042637;738 059;7;0;2;1;19;1
202200042637;738 061;7;0;2;8;9;1
202200042638;738 057;7;0;2;1;1;1
202200042638;738 058;7;0;2;1;11;1
202200042639;738 055;7;0;2;1;5;1
202200042639;738 056;7;0;2;1;1;1
202200042640;738 052;7;0;2;6;26;1
202200042640;738 054;30;0;2;1;23;1
202200042641;738 048;7;0;2;1;1;1
202200042641;738 051;7;0;1;4;1;1
202200042642;738 046;32;1;0;1;25;1
202200042643;738 047;7;0;2;5;2;1
202200042643;738 050;10;0;2;1;2;1
202200042644;738 049;7;0;2;3;15;1
202200042644;738 053;1;0;2;1;1;5
202200042645;738 045;7;13;0;1;13;1
202200042646;738 042;7;0;2;4;23;1
202200042646;738 044;80;1;0;1;1;3
202200042647;738 038;7;0;2;1;15;1
202200042647;738 041;33;0;2;1;1;1
202200042648;738 039;7;0;2;6;1;1
202200042648;738 043;17;0;2;2;12;1
202200042649;738 040;7;2;0;9;12;1
202200042650;738 036;0;0;2;1;0;0
202200042650;738 037;7;8;2;6;1;1
202200042651;738 035;7;0;1;1;20;1
202200042652;738 034;10;5;0;3;21;1
202200042653;738 030;7;0;2;1;1;1
202200042653;738 032;7;0;2;6;9;1
202200042654;738 027;7;0;2;2;1;1
202200042654;738 031;1;0;2;8;19;5
202200042655;738 026;7;0;2;7;12;1
202200042655;738 029;33;0;2;3;3;1
202200042656;738 022;33;0;6;1;1;1
202200042657;738 024;30;0;2;1;2;1
202200042657;738 025;7;0;2;4;2;1
202200042658;738 028;50;0;2;1;19;3
202200042658;738 033;10;0;2;2;17;1
202200042659;738 018;7;6;0;1;14;1
202200042660;738 017;2;16;9;0;0;1
202200042660;738 020;7;0;0;0;0;1
202200042661;738 016;10;0;2;1;2;1
202200042661;738 019;7;0;2;4;2;1
202200042661;738 021;7;0;2;1;2;1
202200042661;738 023;10;0;2;4;2;1
202200042662;738 013;7;0;2;1;2;1
202200042662;738 015;10;0;2;4;2;1
202200042663;738 010;7;0;2;6;19;1
202200042663;738 014;7;0;2;3;1;1
202200042664;738 009;7;0;2;4;2;1
202200042664;738 012;33;0;2;1;2;1
202200042665;738 011;40;0;1;1;1;0
202200042666;738 004;7;0;2;4;2;1
202200042666;738 007;7;0;2;4;2;1
202200042666;738 008;7;0;2;1;2;1
202200042667;738 001;7;0;2;3;15;1
202200042667;738 006;36;0;2;2;1;1
202200042668;738 000;10;0;2;1;2;1
202200042668;738 002;7;0;2;4;2;2
202200042668;738 005;7;0;2;4;2;1
202200042669;737 997;7;6;0;3;16;1
202200042670;737 998;7;0;2;4;1;1
202200042670;737 999;7;0;2;1;2;1
202200042671;737 996;7;0;9;3;16;1
202200042671;738 003;1;0;2;2;1;5
202200042672;737 990;7;0;2;6;26;1
202200042672;737 994;7;0;2;6;1;1
202200042672;737 995;7;0;2;2;1;1
202200042673;737 991;7;0;2;3;9;1
202200042673;737 993;1;0;2;1;1;5
202200042674;737 992;7;0;1;3;16;1
202200042675;737 987;7;0;1;2;0;1
202200042676;737 983;7;0;9;0;26;1
202200042676;737 985;7;0;2;1;2;1
202200042676;737 989;7;4;0;4;1;1
202200042677;737 981;7;0;2;8;6;1
202200042677;737 988;2;0;2;1;1;0
202200042678;737 980;1;0;2;1;1;5
202200042678;737 982;7;0;2;8;1;1
202200042679;737 978;33;0;1;1;1;1
202200042680;737 976;7;0;1;1;1;1
202200042681;737 974;7;0;2;1;2;1
202200042681;737 977;7;0;2;4;2;1
202200042681;737 979;7;0;2;1;2;1
202200042682;737 975;3;0;0;0;0;1
202200042682;737 984;7;0;0;0;0;1
202200042682;737 986;7;0;2;1;17;1
202200042683;737 973;33;12;0;1;13;1
202200042684;737 970;1;0;0;0;0;5
202200042685;737 968;10;0;2;1;2;1
202200042685;737 971;7;0;2;4;2;1
202200042685;737 972;10;0;2;4;1;1
202200042686;737 969;50;14;0;2;9;3
202200042687;737 964;7;0;0;1;26;1
202200042688;737 963;10;0;2;6;7;1
202200042688;737 965;7;0;2;1;10;1
202200042689;737 967;7;0;1;2;2;1
202200042690;737 959;10;0;2;1;2;1
202200042690;737 961;7;0;2;1;2;1
202200042690;737 962;10;0;2;1;2;1
202200042691;737 957;7;1;0;3;0;1
202200042691;737 960;7;2;2;5;26;1
202200042692;737 956;7;0;9;1;15;1
202200042692;737 958;50;0;2;1;1;3
202200042693;737 953;7;0;2;8;11;1
202200042693;737 954;7;4;2;2;1;1
202200042694;737 955;7;0;1;3;1;1
202200042695;737 951;7;1;2;1;0;1
202200042695;737 952;7;1;2;5;24;1
202200042696;737 949;7;0;2;4;2;1
202200042697;737 948;7;0;2;3;9;1
202200042697;737 950;1;0;2;7;1;5
202200042698;737 947;30;0;0;0;15;1
202200042699;737 945;1;0;0;0;25;5
202200042700;737 942;7;0;2;4;1;1
202200042700;737 944;7;0;2;4;1;1
202200042700;737 946;7;0;2;1;1;1
202200042701;737 941;7;0;2;8;1;1
202200042701;737 943;7;0;2;1;19;1
202200042702;737 939;7;0;1;2;11;0
202200042703;737 938;7;0;2;6;1;1
202200042703;737 940;33;0;2;1;3;1
202200042704;737 937;7;6;0;1;14;1
202200042705;737 934;7;6;0;1;1;1
202200042706;737 932;7;0;9;3;16;1
202200042706;737 935;1;0;2;1;2;5
202200042707;737 933;80;0;2;8;15;3
202200042707;737 936;7;0;2;1;16;1
202200042708;737 931;10;0;1;1;13;1
202200042709;737 929;15;0;2;4;2;1
202200042709;737 930;10;0;2;1;2;1
202200042710;737 926;14;0;2;3;16;1
202200042710;737 928;1;0;0;0;1;5
202200042711;737 922;38;0;2;4;2;1
202200042711;737 924;15;0;2;1;2;1
202200042712;737 919;1;0;0;1;26;5
202200042712;737 920;7;0;0;3;26;1
202200042713;737 921;33;0;2;6;1;1
202200042713;737 925;7;0;2;2;16;1
202200042714;737 917;7;0;2;1;5;1
202200042714;737 918;7;0;2;1;1;1
202200042715;737 913;7;0;2;6;19;1
202200042715;737 915;7;0;2;5;19;1
202200042716;737 910;7;3;0;3;0;1
202200042717;737 911;10;0;2;8;1;1
202200042717;737 914;50;0;2;1;1;3
202200042718;737 912;7;0;2;1;1;1
202200042718;737 916;1;0;2;4;1;0
202200042719;737 908;1;0;1;1;1;5
202200042720;737 907;7;0;0;0;1;1
202200042721;737 904;7;0;2;5;2;1
202200042721;737 906;7;0;2;2;2;1
202200042721;737 909;33;0;2;7;1;1
202200042722;737 902;7;0;0;0;1;1
202200042723;737 901;7;1;0;2;14;1
202200042724;737 903;7;0;2;7;15;1
202200042724;737 905;32;0;2;1;1;1
202200042725;737 894;33;0;2;1;2;1
202200042725;737 898;7;0;2;7;15;1
202200042726;737 892;7;0;2;2;9;1
202200042726;737 895;7;0;2;2;9;1
202200042726;737 897;7;0;2;4;2;1
202200042726;737 899;7;0;2;4;2;1
202200042726;737 900;7;0;2;1;2;1
202200042727;737 891;7;0;2;1;21;1
202200042727;737 893;7;0;2;5;21;1
202200042728;737 889;7;0;2;2;1;1
202200042728;737 896;7;0;2;3;5;1
202200042729;737 887;7;0;2;8;15;1
202200042729;737 890;2;0;2;1;1;1
202200042730;737 886;7;4;2;6;12;1
202200042730;737 888;32;4;2;3;3;1
202200042731;737 885;7;6;0;2;15;1
202200042732;737 883;7;0;2;2;16;1
202200042732;737 884;1;0;2;1;1;5
202200042733;737 880;33;0;2;8;3;1
202200042733;737 882;7;0;2;7;12;1
202200042734;737 881;7;4;0;8;13;1
202200042735;737 879;7;13;0;2;1;1
202200042736;737 875;10;0;2;6;11;1
202200042736;737 876;31;0;2;7;2;1
202200042737;737 873;7;0;1;1;16;1
202200042738;737 874;7;0;1;2;15;1
202200042739;737 872;7;0;1;3;15;1
202200042740;737 870;7;0;2;1;1;1
202200042740;737 871;7;0;2;4;2;1
202200042741;737 862;7;0;2;1;1;1
202200042741;737 866;13;0;2;4;2;1
202200042742;737 864;7;0;2;1;1;1
202200042742;737 867;7;0;2;1;13;1
202200042743;737 863;7;0;2;1;1;1
202200042743;737 868;7;0;2;1;1;1
202200042744;737 861;7;0;2;2;1;1
202200042744;737 865;80;0;2;0;19;3
202200042745;737 859;10;0;2;8;2;1
202200042745;737 860;15;0;2;3;14;1
202200042746;737 856;7;0;2;2;15;1
202200042746;737 858;1;0;2;8;1;5
202200042747;737 854;7;9;2;1;5;1
202200042747;737 857;7;5;2;1;1;1
202200042748;737 855;7;0;1;2;1;1
202200042749;737 852;7;0;2;3;26;1
202200042749;737 853;33;0;2;1;11;1
202200042750;737 846;32;0;2;8;1;1
202200042750;737 849;34;0;2;1;1;1
202200042751;737 845;7;1;0;8;24;1
202200042751;737 847;50;1;0;2;1;3
202200042752;737 842;37;0;2;6;2;1
202200042752;737 844;7;1;0;1;2;1
202200042753;737 843;7;0;2;8;1;1
202200042753;737 848;50;0;2;1;1;3
202200042754;737 839;7;0;2;2;11;1
202200042754;737 841;7;8;2;3;7;1
202200042755;737 838;7;0;2;2;16;1
202200042755;737 840;30;0;2;1;25;1
202200042756;737 837;7;0;1;3;1;1
202200042757;737 833;7;0;2;7;1;1
202200042757;737 835;1;0;2;1;19;5
202200042758;737 828;7;0;2;4;0;1
202200042758;737 831;7;0;2;1;0;1
202200042759;737 830;7;0;2;2;1;1
202200042759;737 836;31;0;2;1;13;1
202200042760;737 827;7;0;2;1;1;1
202200042760;737 829;13;0;2;1;1;1
202200042761;737 825;7;0;0;0;0;1
202200042762;737 824;33;0;2;8;1;1
202200042762;737 826;7;0;2;1;1;1
202200042763;737 821;7;0;2;6;15;1
202200042763;737 823;33;0;2;1;17;1
202200042764;737 817;7;0;2;1;2;1
202200042764;737 820;17;0;0;6;2;1
202200042765;737 815;1;0;2;1;19;5
202200042765;737 819;7;0;2;3;1;1
202200042766;737 812;7;0;1;1;26;1
202200042767;737 814;20;0;2;1;0;1
202200042767;737 818;3;0;2;8;0;1
202200042767;737 822;10;0;2;1;26;1
202200042768;737 811;10;0;2;4;2;1
202200042768;737 813;7;0;2;4;2;1
202200042768;737 816;15;0;2;1;2;1
202200042769;737 809;7;0;1;1;5;0
202200042770;737 808;7;0;1;1;1;1
202200042771;737 807;7;2;0;4;13;1
202200042772;737 806;43;0;2;7;1;1
202200042772;737 810;7;0;2;0;5;0
202200042773;737 801;7;0;2;2;15;1
202200042773;737 805;32;0;2;1;1;1
202200042774;737 802;33;0;2;3;3;1
202200042774;737 804;7;0;2;2;12;1
202200042775;737 800;7;0;2;3;15;1
202200042775;737 803;7;0;2;2;5;1
202200042776;737 796;7;3;0;2;1;1
202200042777;737 795;10;0;9;2;2;1
202200042777;737 797;1;0;0;4;0;5
202200042778;737 794;7;0;2;1;2;1
202200042778;737 799;7;0;2;4;2;1
202200042779;737 791;7;0;2;4;11;1
202200042779;737 792;33;0;2;1;3;1
202200042780;737 790;37;0;1;7;7;2
202200042781;737 789;7;0;2;1;19;1
202200042781;737 793;33;0;2;7;1;1
202200042782;737 787;7;0;0;9;1;1
202200042783;737 786;32;0;2;1;2;1
202200042783;737 788;7;0;2;5;2;1
202200042784;737 784;7;0;1;2;1;1
202200042785;737 783;33;0;2;1;17;1
202200042785;737 785;7;0;2;1;1;1
202200042786;737 780;7;0;2;1;1;1
202200042786;737 782;1;0;2;7;1;5
202200042787;737 779;7;0;2;6;2;1
202200042787;737 781;32;0;2;1;2;1
202200042788;737 777;10;0;1;1;1;1
202200042789;737 776;7;0;1;2;1;2
202200042790;737 775;32;0;2;1;1;1
202200042790;737 778;7;0;2;1;1;2
202200042791;737 772;7;0;2;7;14;1
202200042791;737 774;32;0;2;8;1;1
202200042792;737 770;10;4;0;2;1;1
202200042793;737 767;7;15;1;2;13;1
202200042794;737 768;10;0;1;2;1;1
202200042795;737 766;7;0;2;6;1;1
202200042795;737 769;17;0;2;1;1;1
202200042795;737 771;15;0;2;1;12;1
202200042796;737 763;7;0;2;2;0;1
202200042796;737 765;7;0;2;3;0;0
202200042797;737 762;1;0;2;2;1;5
202200042797;737 764;10;0;2;2;22;1
202200042798;737 759;1;0;2;1;7;5
202200042798;737 761;10;0;2;2;16;1
202200042799;737 756;1;0;2;7;17;5
202200042799;737 758;50;0;2;8;13;3
202200042800;737 757;7;0;2;1;1;1
202200042800;737 760;7;0;2;1;15;1
202200042801;737 755;7;0;1;0;2;0
202200042802;737 753;33;0;1;1;1;0
202200042803;737 751;1;0;2;1;1;5
202200042803;737 754;7;0;2;3;1;2
202200042804;737 750;7;0;1;1;1;1
202200042805;737 748;10;0;2;3;19;1
202200042805;737 752;2;0;2;8;1;1
202200042806;737 745;7;0;2;7;26;1
202200042806;737 749;7;0;2;3;1;3
202200042807;737 744;31;0;2;1;17;1
202200042807;737 746;10;0;2;3;15;1
202200042808;737 743;7;0;2;2;1;1
202200042808;737 747;43;0;2;8;1;1
202200042809;737 742;7;2;0;1;1;1
202200042810;737 740;7;0;2;2;1;1
202200042810;737 741;7;0;2;2;5;1
202200042811;737 738;1;0;1;8;1;5
202200042812;737 737;7;0;2;3;13;1
202200042812;737 739;7;0;2;3;1;1
202200042813;737 734;33;0;2;6;15;1
202200042813;737 736;32;0;2;3;18;1
202200042814;737 735;50;0;0;8;1;3
202200042815;737 731;1;0;0;0;1;5
202200042816;737 729;7;0;2;4;1;1
202200042816;737 732;7;6;2;1;1;1
202200042817;737 730;7;0;2;8;10;1
202200042817;737 733;34;0;2;2;1;1
202200042818;737 724;80;0;2;3;1;3
202200042818;737 728;7;0;2;3;15;1
202200042819;737 723;2;0;2;2;1;3
202200042819;737 726;7;0;2;1;9;1
202200042820;737 725;33;0;2;3;3;1
202200042820;737 727;7;0;2;5;12;0
202200042821;737 720;7;0;2;1;15;1
202200042821;737 722;33;0;2;8;1;1
202200042822;737 718;7;0;2;7;1;1
202200042822;737 721;32;0;2;1;1;1
202200042823;737 717;10;0;2;1;1;1
202200042823;737 719;14;0;2;1;11;1
202200042824;737 714;2;0;9;3;1;3
202200042824;737 716;50;0;2;1;5;3
202200042825;737 713;2;0;2;1;0;1
202200042825;737 715;7;0;2;0;0;0
202200042826;737 708;7;0;2;2;16;1
202200042826;737 710;30;0;2;8;1;1
202200042827;737 709;7;0;2;5;1;1
202200042827;737 711;7;0;2;3;3;2
202200042827;737 712;7;0;2;1;3;1
202200042828;737 707;2;0;1;1;17;1
202200042829;737 705;7;8;2;8;9;1
202200042829;737 706;10;0;2;1;15;1
202200042830;737 704;33;0;0;1;3;1
202200042831;737 702;32;0;2;0;3;1
202200042831;737 703;7;0;2;0;0;1
202200042832;737 700;1;0;1;1;5;5
202200042833;737 699;7;0;0;5;23;1
202200042833;737 701;1;0;2;1;1;5
202200042834;737 695;7;0;2;0;1;0
202200042834;737 698;50;0;2;0;13;3
202200042835;737 694;32;0;2;1;21;1
202200042835;737 696;7;0;2;6;9;1
202200042836;737 693;7;0;0;3;15;1
202200042836;737 697;31;0;2;7;17;0
202200042837;737 690;7;0;2;4;23;1
202200042837;737 692;10;0;2;1;1;0
202200042838;737 691;30;0;1;1;2;1
202200042839;737 687;7;1;0;1;1;1
202200042840;737 686;33;0;2;7;1;1
202200042840;737 689;10;0;2;3;15;1
202200042841;737 688;32;0;1;1;19;1
202200042842;737 684;1;0;2;8;0;5
202200042842;737 685;7;0;2;1;1;0
202200042843;737 681;43;0;9;1;17;1
202200042844;737 680;7;0;2;3;1;1
202200042844;737 683;80;0;2;3;1;3
202200042845;737 682;7;0;1;1;1;1
202200042846;737 677;33;0;2;1;19;1
202200042846;737 679;7;0;2;8;1;1
202200042847;737 676;7;0;1;1;1;1
202200042848;737 675;10;0;2;2;15;0
202200042848;737 678;10;0;2;3;0;0
202200042849;737 673;7;0;1;1;1;1
202200042850;737 671;10;0;2;1;1;1
202200042850;737 674;7;0;2;2;15;1
202200042851;737 670;10;0;1;3;15;1
202200042852;737 669;7;0;2;1;1;0
202200042852;737 672;30;0;2;7;1;1
202200042853;737 665;7;0;2;8;24;1
202200042853;737 666;1;1;0;1;1;5
202200042854;737 663;2;0;2;2;17;1
202200042854;737 664;7;0;2;3;15;1
202200042855;737 662;7;6;0;1;26;1
202200042856;737 659;1;0;2;8;19;5
202200042856;737 661;7;0;2;1;1;1
202200042857;737 658;7;0;2;4;0;1
202200042857;737 660;7;0;2;1;1;1
202200042858;737 655;1;0;2;1;1;5
202200042858;737 657;7;0;2;3;1;1
202200042859;737 654;10;0;2;3;26;1
202200042859;737 656;32;0;2;2;17;1
202200042860;737 653;7;2;2;8;13;1
202200042861;737 651;33;0;2;4;2;1
202200042861;737 652;7;0;2;1;2;1
202200042862;737 650;7;14;0;3;1;1
202200042863;737 648;7;1;0;1;1;1
202200042863;737 649;7;1;0;4;23;1
202200042864;737 645;10;0;2;2;15;1
202200042864;737 647;1;0;2;3;1;5
202200042865;737 644;1;0;2;8;15;5
202200042865;737 646;32;0;2;3;1;1
202200042866;737 641;7;0;2;3;10;1
202200042866;737 643;2;0;2;2;17;1
202200042867;737 640;7;0;2;1;1;1
202200042867;737 642;7;0;2;1;1;1
202200042868;737 639;0;0;1;2;2;0
202200042869;737 638;7;17;0;1;1;1
202200042870;737 635;7;0;2;1;2;1
202200042870;737 637;37;0;0;4;23;1
202200042871;737 633;17;0;0;4;2;1
202200042871;737 634;7;0;2;1;2;1
202200042872;737 636;7;0;2;1;21;1
202200042873;737 631;7;2;0;7;1;1
202200042874;737 630;60;0;2;7;1;5
202200042874;737 632;37;0;2;2;2;2
202200042875;737 628;7;0;2;2;0;1
202200042875;737 629;7;0;2;6;0;1
202200042876;737 627;7;6;0;1;1;1
202200042877;737 626;7;1;0;1;5;1
202200042878;737 621;7;0;9;3;9;1
202200042878;737 624;1;0;2;2;1;5
202200042879;737 622;7;0;2;1;5;1
202200042879;737 625;7;0;2;1;1;1
202200042880;737 619;7;0;0;0;0;1
202200042881;737 618;7;0;1;1;0;0
202200042882;737 615;7;0;2;1;5;1
202200042882;737 616;7;0;2;5;1;1
202200042882;737 617;7;0;2;3;1;1
202200042883;737 612;33;0;5;1;21;1
202200042883;737 614;99;0;0;7;19;6
202200042884;737 613;7;0;1;1;15;1
202200042885;737 611;7;3;0;1;1;1
202200042886;737 608;7;0;0;5;15;1
202200042886;737 609;7;0;0;3;1;1
202200042887;737 607;7;0;2;1;2;1
202200042887;737 610;7;0;0;4;23;1
202200042888;737 605;1;0;0;6;23;5
202200042888;737 606;1;1;0;1;2;5
202200042889;737 601;10;0;2;1;1;1
202200042889;737 603;7;0;2;7;18;1
202200042890;737 602;7;0;2;1;1;1
202200042890;737 604;7;0;2;1;15;1
202200042891;737 600;1;0;0;0;24;5
202200042892;737 596;7;3;0;0;0;0
202200042892;737 598;1;3;0;2;1;5
202200042893;737 597;15;0;0;6;1;1
202200042893;737 599;7;0;2;2;14;1
202200042894;737 594;3;0;0;4;1;1
202200042894;737 595;7;0;2;1;21;1
202200042895;737 592;7;1;2;3;19;0
202200042895;737 593;7;0;2;3;9;0
202200042896;737 591;7;2;0;1;14;1
202200042897;737 590;7;13;0;1;1;1
202200042898;737 586;33;3;0;8;13;1
202200042899;737 587;7;0;2;4;1;1
202200042899;737 589;7;0;2;1;2;1
202200042900;737 583;7;0;2;1;1;1
202200042900;737 585;7;2;2;7;1;1
202200042901;737 582;7;1;0;1;2;1
202200042901;737 584;7;0;0;4;2;1
202200042902;737 579;37;0;2;3;0;2
202200042902;737 581;3;0;2;5;12;1
202200042903;737 580;14;0;1;4;4;1
202200042904;737 578;21;0;0;0;1;1
202200042905;737 576;7;2;0;1;1;1
202200042906;737 575;30;0;2;5;14;1
202200042906;737 577;7;0;2;3;21;2
202200042907;737 574;7;0;0;9;1;1
202200042908;737 573;7;2;0;1;1;1
202200042909;737 571;7;7;0;1;0;2
202200042910;737 570;33;0;2;2;1;0
202200042910;737 572;7;0;2;2;15;0
202200042911;737 567;7;13;0;9;1;1
202200042912;737 568;7;0;2;3;15;1
202200042912;737 569;33;0;2;1;1;1
202200042913;737 564;60;0;2;1;5;5
202200042913;737 566;7;0;9;3;1;1
202200042914;737 559;7;0;2;2;14;1
202200042914;737 561;7;0;0;6;1;1
202200042915;737 558;7;0;2;3;1;1
202200042915;737 560;33;0;2;1;1;1
202200042916;737 557;7;0;2;4;16;1
202200042916;737 562;7;0;2;1;2;1
202200042916;737 565;7;0;0;3;23;1
202200042917;737 554;10;0;2;6;2;1
202200042917;737 556;2;0;2;1;2;1
202200042918;737 553;7;0;2;2;1;1
202200042918;737 555;7;0;2;2;1;1
202200042919;737 551;17;6;0;1;1;1
202200042920;737 550;7;0;2;7;1;1
202200042920;737 552;1;0;2;1;15;5
202200042921;737 548;7;0;2;1;1;1
202200042921;737 549;7;0;2;1;17;1
202200042922;737 547;7;0;1;2;1;1
202200042923;737 543;7;0;2;1;1;1
202200042923;737 546;7;0;2;1;13;1
202200042924;737 544;7;0;1;6;4;1
202200042925;737 542;33;2;2;7;17;1
202200042925;737 545;7;0;2;8;17;1
202200042926;737 540;7;13;0;0;0;1
202200042927;737 538;1;0;2;8;9;5
202200042927;737 541;7;0;2;1;1;1
202200042928;737 537;10;2;0;1;14;1
202200042929;737 536;7;0;2;3;1;1
202200042929;737 539;7;0;2;3;13;1
202200042930;737 533;2;0;2;1;2;1
202200042930;737 534;7;0;2;4;2;1
202200042931;737 532;7;0;0;0;9;0
202200042931;737 535;33;0;0;3;21;1
202200042932;737 529;34;0;0;7;1;1
202200042933;737 528;7;0;2;3;15;1
202200042933;737 530;2;8;2;1;17;1
202200042934;737 527;7;0;2;1;13;1
202200042934;737 531;7;0;2;1;1;1
202200042935;737 525;43;2;0;1;21;1
202200042936;737 524;10;0;2;3;1;1
202200042936;737 526;7;0;2;1;1;1
202200042937;737 522;33;0;0;0;0;1
202200042938;737 523;7;6;0;1;1;1
202200042939;737 520;7;1;1;4;26;1
202200042940;737 518;7;0;2;2;2;1
202200042940;737 521;7;0;0;6;2;1
202200042941;737 515;7;0;0;4;23;1
202200042941;737 517;7;0;2;4;23;1
202200042941;737 519;7;0;2;1;2;1
202200042942;737 513;7;0;2;3;1;1
202200042942;737 516;33;0;2;1;0;1
202200042943;737 511;14;0;2;2;2;1
202200042943;737 514;14;0;0;6;2;1
202200042944;737 512;7;0;1;1;1;1
202200042945;737 509;50;0;0;5;1;3
202200042945;737 510;7;0;9;2;9;1
202200042946;737 508;7;11;0;1;1;1
202200042947;737 506;7;13;0;0;1;1
202200042948;737 504;7;0;2;5;11;1
202200042948;737 507;33;0;2;1;1;1
202200042949;737 500;7;0;0;4;26;1
202200042949;737 502;7;0;2;1;1;1
202200042949;737 503;7;0;2;1;1;1
202200042950;737 501;7;0;2;3;1;1
202200042950;737 505;7;0;0;3;1;1
202200042951;737 496;7;0;1;3;1;1
202200042952;737 495;7;0;1;2;1;1
202200042953;737 494;33;0;0;0;1;1
202200042954;737 493;7;6;0;1;0;1
202200042955;737 491;33;0;2;8;1;1
202200042955;737 492;7;0;2;1;19;1
202200042956;737 489;33;0;0;0;1;1
202200042957;737 486;33;8;0;0;1;1
202200042958;737 482;7;4;0;1;12;1
202200042959;737 483;7;0;1;1;15;1
202200042960;737 480;7;4;0;1;1;1
202200042961;737 478;7;0;0;2;2;1
202200042961;737 479;7;0;2;3;10;1
202200042962;737 473;7;0;2;4;2;1
202200042962;737 475;7;0;2;4;2;2
202200042962;737 476;10;0;2;1;2;1
202200042963;737 470;7;14;0;1;0;1
202200042964;737 472;7;0;0;4;2;1
202200042964;737 474;7;0;0;4;1;1
202200042964;737 477;7;0;2;1;1;1
202200042965;737 469;7;0;2;3;26;1
202200042965;737 471;31;0;2;1;1;1
202200042966;737 466;34;0;2;1;17;1
202200042966;737 468;7;0;0;4;15;1
202200042967;737 465;33;0;0;8;26;1
202200042968;737 463;7;16;0;0;0;1
202200042968;737 464;7;1;0;2;24;1
202200042968;737 467;7;10;0;3;0;0
202200042969;737 462;7;2;0;1;1;1
202200042970;737 460;7;0;2;1;1;1
202200042970;737 461;7;8;2;3;1;1
202200042971;737 458;33;0;2;7;17;1
202200042971;737 459;7;0;2;8;15;1
202200042972;737 454;7;0;2;4;17;1
202200042972;737 456;33;0;2;1;17;1
202200042973;737 453;2;0;2;1;1;1
202200042973;737 455;2;0;2;1;13;1
202200042973;737 457;7;0;2;3;1;1
202200042974;737 450;7;0;2;0;10;0
202200042974;737 452;33;0;2;8;1;1
202200042975;737 448;7;0;2;3;2;1
202200042975;737 449;7;0;2;3;13;1
202200042976;737 446;7;0;2;1;5;1
202200042976;737 451;7;0;2;1;1;1
202200042977;737 447;30;0;1;0;26;1
202200042978;737 442;2;0;2;1;1;1
202200042978;737 444;2;0;2;5;9;1
202200042979;737 441;30;1;0;7;14;1
202200042980;737 440;7;0;0;2;15;1
202200042981;737 439;7;6;0;2;1;1
202200042982;737 436;7;0;2;0;0;1
202200042982;737 437;30;0;2;2;0;1
202200042983;737 434;33;0;2;1;0;0
202200042983;737 435;7;0;2;2;15;1
202200042984;737 433;7;0;2;1;13;1
202200042984;737 438;13;0;2;1;1;1
202200042985;737 432;7;16;0;2;17;1
202200042986;737 429;34;0;2;1;0;1
202200042986;737 430;7;0;2;8;10;1
202200042987;737 427;7;0;2;3;21;1
202200042987;737 428;7;0;2;3;1;1
202200042987;737 431;7;0;2;3;13;1
202200042988;737 425;7;0;2;4;1;1
202200042988;737 426;33;0;2;1;1;1