Num_Acc;id_vehicule;categorie_vehicule;obstacle_fixe;obstacle_mobile;point_choc_initial;manoeuvre_principale;motorisation
202200042989;737 423;7;0;1;2;15;1
202200042990;737 424;2;0;0;7;1;1
202200042991;737 421;2;0;0;0;1;1
202200042992;737 422;31;12;0;1;13;1
202200042993;737 419;7;13;0;1;1;1
202200042994;737 417;1;0;2;0;1;5
202200042994;737 418;7;0;2;1;1;2
202200042995;737 416;7;0;1;1;1;1
202200042996;737 414;50;0;2;7;1;3
202200042996;737 415;7;0;2;3;1;1
202200042997;737 413;33;0;0;7;13;1
202200042998;737 411;1;0;1;1;1;5
202200042999;737 410;7;0;2;2;21;1
202200042999;737 412;7;0;2;3;9;1
202200043000;737 409;50;0;0;0;1;3
202200043001;737 406;32;0;2;5;1;1
202200043001;737 408;7;0;2;0;1;1
202200043002;737 405;7;0;2;1;1;1
202200043002;737 407;7;0;2;0;1;1
202200043003;737 402;1;1;0;1;1;5
202200043003;737 404;7;0;2;4;23;2
202200043004;737 401;30;0;2;7;1;1
202200043004;737 403;7;0;2;7;15;1
202200043005;737 399;31;0;2;1;21;1
202200043005;737 400;7;0;2;5;21;1
202200043006;737 398;7;13;0;9;1;1
202200043007;737 397;7;0;1;6;20;1
202200043008;737 393;10;0;2;0;0;1
202200043008;737 395;33;0;0;8;20;1
202200043009;737 394;31;0;2;1;1;1
202200043009;737 396;7;0;2;2;15;1
202200043010;737 391;2;1;0;1;1;1
202200043011;737 390;10;0;2;2;9;0
202200043011;737 392;7;0;2;1;26;0
202200043012;737 389;34;10;0;1;26;0
202200043013;737 387;7;0;2;3;1;1
202200043013;737 388;7;0;2;3;1;1
202200043014;737 385;50;0;2;3;0;3
202200043014;737 386;7;0;9;2;16;1
202200043015;737 384;33;9;0;1;1;1
202200043016;737 382;7;0;2;3;1;2
202200043016;737 383;2;0;2;2;9;1
202200043017;737 377;7;0;2;3;1;1
202200043017;737 380;30;0;2;1;1;1
202200043018;737 376;7;0;0;1;5;1
202200043018;737 378;33;3;0;3;1;1
202200043018;737 379;33;0;0;1;1;1
202200043018;737 381;33;3;0;3;1;1
202200043019;737 374;7;6;0;3;1;1
202200043020;737 373;1;0;2;5;26;5
202200043020;737 375;7;0;2;1;26;0
202200043021;737 370;7;3;2;3;11;1
202200043021;737 371;7;0;2;7;1;1
202200043022;737 372;7;13;0;1;26;1
202200043023;737 369;7;13;0;9;13;1
202200043024;737 365;7;0;2;3;15;1
202200043024;737 366;2;6;0;0;1;1
202200043025;737 363;7;0;2;7;1;1
202200043025;737 364;1;0;2;1;1;5
202200043026;737 360;33;0;2;1;17;1
202200043026;737 362;33;0;2;4;17;1
202200043027;737 361;7;2;0;1;14;1
202200043028;737 357;33;0;2;1;17;1
202200043028;737 359;33;0;2;1;21;1
202200043029;737 356;7;0;2;2;19;1
202200043029;737 358;1;12;2;1;1;5
202200043030;737 355;2;11;0;1;1;1
202200043031;737 354;10;0;1;4;4;1
202200043032;737 350;7;0;2;2;19;1
202200043032;737 351;1;0;2;1;1;5
202200043032;737 352;1;0;2;1;1;5
202200043032;737 353;1;0;2;1;1;5
202200043033;737 349;10;0;1;4;4;1
202200043034;737 346;7;0;2;1;1;3
202200043034;737 347;7;0;2;1;1;1
202200043035;737 344;1;0;2;7;1;5
202200043035;737 345;7;0;2;1;1;1
202200043036;737 343;7;0;0;6;1;1
202200043036;737 348;33;0;2;1;1;1
202200043037;737 342;7;13;0;2;21;1
202200043038;737 338;36;6;0;1;0;1
202200043039;737 339;7;0;1;2;21;1
202200043039;737 340;7;0;2;7;21;1
202200043039;737 341;7;0;2;0;21;1
202200043040;737 334;50;0;2;7;19;3
202200043040;737 336;7;0;2;1;1;1
202200043041;737 335;10;0;2;1;14;1
202200043041;737 337;15;0;2;4;1;1
202200043042;737 331;7;0;2;1;26;1
202200043042;737 333;50;0;2;4;19;3
202200043043;737 332;7;2;0;0;1;1
202200043044;737 328;33;4;2;3;1;1
202200043044;737 330;7;0;2;5;17;1
202200043045;737 326;7;0;2;8;1;1
202200043045;737 327;7;0;2;8;13;1
202200043046;737 325;7;0;2;4;24;1
202200043046;737 329;7;1;0;1;1;1
202200043047;737 324;7;3;0;2;14;1
202200043048;737 323;7;0;1;3;1;1
202200043049;737 322;37;0;1;1;1;4
202200043050;737 316;7;0;2;4;23;1
202200043050;737 320;7;0;2;1;0;0
202200043051;737 315;7;0;2;1;1;1
202200043051;737 317;10;0;2;1;13;1
202200043051;737 318;7;0;2;3;1;1
202200043051;737 321;7;0;2;3;13;1
202200043052;737 314;10;0;2;3;3;1
202200043052;737 319;7;0;2;2;1;1
202200043053;737 311;30;0;2;1;1;1
202200043053;737 313;7;0;2;5;1;1
202200043054;737 310;7;0;2;3;9;1
202200043054;737 312;2;0;2;1;1;1
202200043055;737 306;7;9;2;4;1;1
202200043055;737 308;7;0;2;1;2;2
202200043056;737 304;7;0;2;1;15;1
202200043056;737 307;7;0;2;1;1;1
202200043057;737 305;2;0;0;0;1;1
202200043057;737 309;7;6;0;2;0;1
202200043058;737 299;7;0;2;2;15;1
202200043058;737 301;30;0;2;1;1;1
202200043059;737 298;7;0;2;5;1;1
202200043059;737 302;2;0;2;1;1;1
202200043060;737 300;7;0;1;1;1;1
202200043061;737 295;99;0;2;7;19;5
202200043061;737 297;7;0;2;8;1;1
202200043062;737 296;7;8;0;1;1;1
202200043063;737 293;7;6;0;2;1;0
202200043064;737 290;7;0;2;1;2;1
202200043064;737 291;10;0;2;4;1;1
202200043065;737 288;7;0;2;3;1;1
202200043065;737 289;7;0;2;1;5;1
202200043066;737 292;21;0;2;1;13;1
202200043066;737 294;33;0;2;5;17;1
202200043067;737 287;7;0;9;1;14;1
202200043068;737 285;7;0;2;5;13;1
202200043068;737 286;10;0;2;1;1;1
202200043069;737 284;7;2;0;2;1;1
202200043070;737 283;7;13;0;1;11;1
202200043071;737 275;7;0;2;3;9;0
202200043071;737 277;30;0;2;2;1;1
202200043072;737 276;7;0;2;1;1;1
202200043072;737 278;7;0;2;1;1;2
202200043073;737 279;33;6;0;3;1;1
202200043074;737 272;50;0;9;1;21;3
202200043074;737 274;50;0;9;1;0;3
202200043075;737 273;33;0;0;8;1;1
202200043076;737 269;7;16;0;2;1;1
202200043077;737 268;7;0;2;3;1;3
202200043077;737 270;7;0;2;7;13;1
202200043078;737 264;10;0;2;3;15;1
202200043078;737 267;2;0;2;1;1;1
202200043079;737 263;7;0;2;1;13;1
202200043079;737 265;7;0;2;1;13;1
202200043080;737 266;7;0;2;1;1;1
202200043080;737 271;14;0;2;1;13;1
202200043081;737 260;7;14;0;6;13;1
202200043081;737 262;2;0;2;1;1;1
202200043082;737 261;7;0;1;2;1;1
202200043083;737 258;7;0;1;1;1;1
202200043084;737 257;10;0;9;0;17;1
202200043085;737 259;7;4;0;1;17;1
202200043086;737 254;7;0;2;8;1;1
202200043086;737 256;33;0;2;8;17;1
202200043087;737 253;38;0;2;1;1;1
202200043087;737 255;7;0;2;1;13;1
202200043088;737 250;7;2;0;1;0;1
202200043089;737 252;7;13;0;3;1;1
202200043090;737 249;7;0;2;4;1;1
202200043090;737 251;10;0;2;1;1;1
202200043091;737 247;7;0;0;0;5;1
202200043091;737 248;7;3;0;3;21;1
202200043092;737 243;7;0;2;6;1;1
202200043092;737 246;10;0;2;2;2;1
202200043093;737 242;15;0;2;3;1;1
202200043093;737 245;14;0;2;3;13;1
202200043094;737 241;33;0;0;1;13;1
202200043095;737 237;50;0;2;1;17;3
202200043095;737 239;7;0;2;8;15;1
202200043096;737 236;7;0;2;2;2;1
202200043096;737 238;7;0;2;6;1;1
202200043097;737 240;7;0;2;1;2;1
202200043097;737 244;7;0;2;2;15;1
202200043098;737 234;7;4;0;3;1;1
202200043099;737 233;43;0;2;7;1;1
202200043099;737 235;10;0;2;8;13;1
202200043100;737 231;30;0;1;0;26;0
202200043101;737 229;32;0;2;1;17;1
202200043101;737 230;7;0;2;3;15;1
202200043102;737 226;34;0;2;1;1;1
202200043102;737 227;7;0;2;3;11;1
202200043102;737 228;33;0;2;7;1;1
202200043103;737 224;33;0;2;8;1;1
202200043103;737 232;10;0;2;1;1;1
202200043104;737 223;1;0;1;1;1;5
202200043105;737 221;10;0;2;1;13;1
202200043105;737 222;7;0;2;1;1;1
202200043105;737 225;7;0;2;2;23;1
202200043106;737 218;80;0;0;1;1;3
202200043107;737 219;7;13;0;9;14;1
202200043108;737 217;33;12;0;5;14;1
202200043109;737 216;7;2;0;7;1;1
202200043110;737 215;13;0;1;3;1;0
202200043111;737 214;33;0;0;8;1;1
202200043112;737 211;7;0;2;3;15;1
202200043112;737 212;80;0;2;1;1;3
202200043113;737 210;7;13;0;9;14;1
202200043114;737 205;32;0;2;8;17;1
202200043114;737 207;10;0;2;8;15;3
202200043115;737 202;7;0;1;4;20;2
202200043116;737 200;7;0;2;1;5;1
202200043116;737 201;7;0;2;1;5;1
202200043117;737 199;7;0;1;2;1;3
202200043118;737 204;7;0;2;4;2;1
202200043118;737 208;7;0;2;4;2;1
202200043118;737 209;7;0;2;4;2;1
202200043118;737 213;7;0;2;1;2;1
202200043119;737 198;7;13;0;3;13;1
202200043120;737 196;7;6;0;1;1;1
202200043121;737 193;7;0;2;1;2;1
202200043121;737 194;7;0;2;4;23;1
202200043121;737 197;7;0;2;4;23;2
202200043122;737 189;7;0;2;7;22;1
202200043122;737 191;1;0;2;1;18;5
202200043123;737 187;7;0;2;1;1;1
202200043123;737 190;7;0;2;2;1;1
202200043124;737 183;7;0;2;1;1;1
202200043124;737 186;7;0;2;9;5;1
202200043125;737 182;10;0;2;8;15;1
202200043125;737 185;32;0;2;1;1;1
202200043126;737 184;7;0;2;1;2;1
202200043126;737 188;10;0;2;4;2;1
202200043126;737 192;10;0;2;4;2;1
202200043126;737 195;10;0;2;4;2;1
202200043127;737 178;30;0;2;1;1;1
202200043127;737 181;7;0;2;2;15;1
202200043128;737 176;7;0;2;1;26;1
202200043128;737 180;7;0;2;4;0;1
202200043129;737 177;7;0;2;2;2;1
202200043129;737 179;7;0;2;6;2;1
202200043130;737 173;30;0;2;3;1;1
202200043130;737 175;7;0;2;0;15;1
202200043131;737 172;7;0;2;8;1;1
202200043131;737 174;7;0;2;1;14;1
202200043132;737 171;7;4;0;1;14;1
202200043133;737 169;7;0;2;5;16;1
202200043133;737 170;30;0;2;1;7;3
202200043134;737 166;7;0;2;4;2;1
202200043134;737 168;7;0;2;9;1;1
202200043135;737 167;7;1;1;2;21;1
202200043136;737 164;7;0;2;1;15;1
202200043136;737 165;1;0;2;0;1;5
202200043137;737 163;7;6;0;1;13;1
202200043138;737 161;33;0;0;8;2;1
202200043139;737 159;30;0;2;8;1;1
202200043139;737 162;10;0;2;3;15;3
202200043140;737 157;50;0;0;0;16;3
202200043141;737 155;7;0;2;4;1;1
202200043141;737 156;7;0;2;4;1;1
202200043141;737 158;7;4;2;3;13;1
202200043142;737 151;33;0;2;2;3;1
202200043142;737 153;7;0;2;3;11;1
202200043143;737 152;10;0;2;2;17;1
202200043143;737 160;15;0;2;6;1;1
202200043144;737 146;33;0;2;1;3;1
202200043144;737 148;7;0;2;4;11;1
202200043145;737 145;32;0;2;2;1;1
202200043145;737 147;7;0;2;5;19;1
202200043146;737 140;0;0;2;0;0;0
202200043146;737 143;7;0;2;6;2;1
202200043147;737 141;33;0;2;3;1;1
202200043147;737 144;7;0;2;2;15;1
202200043148;737 138;7;0;2;1;1;1
202200043148;737 139;7;0;2;1;2;1
202200043148;737 142;7;0;2;4;1;1
202200043148;737 149;7;3;0;1;13;1
202200043149;737 137;7;0;1;2;26;1
202200043150;737 135;7;0;2;0;1;1
202200043150;737 136;33;0;2;0;0;1
202200043151;737 134;7;0;0;9;14;1
202200043152;737 132;7;15;0;2;1;1
202200043153;737 129;30;0;1;1;26;3
202200043154;737 131;7;0;1;1;1;1
202200043155;737 125;32;0;2;1;2;1
202200043155;737 127;10;0;2;4;23;1
202200043156;737 126;7;0;2;1;1;1
202200043156;737 128;7;0;2;7;1;1
202200043156;737 130;10;0;2;6;1;1
202200043157;737 124;3;0;1;7;1;1
202200043158;737 122;99;0;2;1;0;0
202200043158;737 123;7;0;0;2;1;1
202200043159;737 121;7;14;0;1;26;1
202200043160;737 118;10;16;1;4;20;2
202200043161;737 117;7;0;2;3;11;1
202200043161;737 119;33;0;2;2;3;1
202200043161;737 120;7;0;2;4;1;1
202200043162;737 114;7;0;2;1;1;1
202200043162;737 116;7;0;2;1;1;1
202200043163;737 112;7;0;2;6;16;1
202200043163;737 115;7;0;2;1;1;1
202200043164;737 107;7;0;2;3;1;1
202200043164;737 108;1;0;2;2;19;5
202200043165;737 106;7;0;2;6;12;1
202200043165;737 109;7;0;2;3;0;1
202200043165;737 113;7;0;2;2;1;1
202200043166;737 110;7;0;2;3;1;1
202200043166;737 111;10;0;2;3;13;1
202200043167;737 104;10;0;2;1;1;1
202200043167;737 105;10;0;2;2;15;1
202200043168;737 103;7;4;0;3;1;1
202200043169;737 102;30;0;0;2;16;3
202200043170;737 101;7;0;1;3;1;1
202200043171;737 098;7;0;2;2;26;1
202200043171;737 099;2;0;2;2;19;1
202200043172;737 097;30;0;0;8;26;1
202200043173;737 096;10;1;0;2;21;1
202200043173;737 100;7;1;0;6;23;1
202200043174;737 095;7;4;0;1;1;1
202200043175;737 094;3;1;0;2;1;1
202200043176;737 092;33;0;2;1;5;1
202200043176;737 093;7;0;2;1;1;1
202200043177;737 091;7;0;1;2;2;1
202200043178;737 088;7;0;2;2;1;1
202200043178;737 090;7;0;2;1;19;1
202200043179;737 087;33;0;2;1;3;1
202200043179;737 089;7;0;2;5;12;1
202200043180;737 086;7;4;0;1;16;1
202200043181;737 083;7;0;1;2;1;1
202200043182;737 082;10;0;2;3;11;1
202200043182;737 084;33;0;2;1;3;1
202200043183;737 081;7;0;2;3;1;1
202200043183;737 085;33;0;2;1;5;1
202200043184;737 078;7;0;2;5;1;1
202200043184;737 080;33;0;2;3;18;1
202200043185;737 076;15;0;2;6;0;1
202200043185;737 077;7;12;2;7;0;1
202200043186;737 075;7;0;2;3;5;1
202200043186;737 079;7;0;2;3;19;1
202200043187;737 072;7;0;6;2;1;1
202200043188;737 069;7;0;2;2;21;1
202200043188;737 071;7;0;2;1;1;1
202200043188;737 074;7;0;2;1;13;1
202200043189;737 064;2;0;2;7;11;1
202200043189;737 066;7;16;9;8;0;1
202200043190;737 063;7;0;1;2;17;1
202200043191;737 062;7;0;2;6;9;1
202200043191;737 065;33;0;2;1;1;1
202200043191;737 067;7;1;0;0;23;1
202200043192;737 059;7;0;2;7;15;1
202200043192;737 060;2;0;2;1;1;1
202200043193;737 058;2;0;9;0;0;1
202200043193;737 061;10;0;2;2;9;1
202200043194;737 054;7;0;2;1;2;1
202200043194;737 055;7;0;2;4;2;1
202200043195;737 053;7;0;2;3;1;1
202200043195;737 056;31;0;2;1;1;0
202200043196;737 051;33;4;0;0;1;1
202200043197;737 052;34;0;2;1;26;1
202200043197;737 057;7;0;2;2;15;1
202200043198;737 050;7;0;1;2;1;1
202200043199;737 046;7;0;2;3;1;1
202200043199;737 049;7;0;2;3;13;1
202200043200;737 045;7;0;2;2;23;1
202200043200;737 047;7;0;2;8;1;1
202200043200;737 048;7;0;2;0;26;1
202200043201;737 043;10;0;1;1;0;1
202200043202;737 042;2;0;2;1;1;1
202200043202;737 044;7;0;2;3;5;1
202200043203;737 041;7;0;1;2;1;1
202200043204;737 040;2;8;0;1;0;1
202200043205;737 039;7;0;0;9;2;1
202200043206;737 037;1;0;0;0;9;5
202200043207;737 035;7;0;2;8;23;1
202200043207;737 036;33;0;2;9;1;1
202200043207;737 038;99;0;0;7;19;0
202200043208;737 033;33;0;2;1;1;1
202200043208;737 034;0;0;2;3;2;0
202200043209;737 032;33;3;0;0;1;1
202200043210;737 031;32;5;0;1;14;1
202200043211;737 029;7;0;2;6;15;1
202200043211;737 030;33;0;2;1;17;1
202200043212;737 026;7;0;9;3;9;1
202200043212;737 027;1;0;0;7;1;5
202200043213;737 025;2;0;2;1;1;1
202200043213;737 028;7;0;2;2;26;1
202200043214;737 024;33;16;0;1;1;1
202200043215;737 022;7;0;2;1;26;1
202200043215;737 023;7;0;2;1;1;1
202200043216;737 021;7;0;0;1;1;1
202200043217;737 019;7;0;2;7;1;1
202200043217;737 020;7;0;2;1;1;1
202200043218;737 018;7;8;0;9;21;1
202200043219;737 016;7;0;2;0;9;0
202200043219;737 017;7;15;0;1;1;1
202200043220;737 015;7;8;0;9;1;1
202200043221;737 012;7;8;0;2;14;1
202200043222;737 013;7;0;2;6;1;1
202200043222;737 014;1;0;2;8;13;5
202200043223;737 010;7;0;1;8;15;1
202200043224;737 009;7;0;2;3;1;1
202200043224;737 011;7;0;2;3;1;1
202200043225;737 008;7;13;0;7;1;1
202200043226;737 007;7;1;0;2;21;3
202200043227;737 006;33;0;0;7;1;1
202200043228;737 003;7;8;0;1;14;1
202200043229;737 004;14;0;2;2;1;1
202200043229;737 005;7;0;2;3;9;1
202200043230;737 001;7;0;1;1;1;1
202200043231;737 000;7;0;0;3;1;1
202200043231;737 002;21;0;0;5;1;0
202200043232;736 996;7;0;2;4;2;1
202200043232;736 998;7;0;2;4;1;1
202200043232;736 999;7;0;2;1;2;1
202200043233;736 995;7;0;2;3;0;3
202200043233;736 997;7;0;2;1;0;1
202200043234;736 992;7;0;2;2;1;1
202200043234;736 994;1;0;2;1;16;5
202200043235;736 991;7;0;2;8;15;1
202200043235;736 993;7;0;2;3;1;0
202200043236;736 989;7;0;1;1;20;1
202200043237;736 988;7;2;0;1;19;1
202200043237;736 990;7;8;2;1;15;1
202200043238;736 987;32;16;0;7;2;1
202200043239;736 985;2;8;0;1;0;1
202200043240;736 983;7;2;0;1;14;1
202200043241;736 981;7;0;2;1;1;1
202200043241;736 982;32;0;1;1;1;1
202200043242;736 976;34;0;0;0;0;1
202200043242;736 978;2;0;0;0;0;1
202200043243;736 975;7;0;0;3;1;1
202200043243;736 977;7;0;2;3;13;1
202200043244;736 972;7;0;2;6;1;1
202200043244;736 974;7;0;2;2;17;1
202200043245;736 971;7;0;2;1;1;1
202200043245;736 973;7;0;2;1;13;1
202200043246;736 969;7;0;1;1;1;1
202200043247;736 967;1;0;0;4;1;5
202200043247;736 968;1;0;0;4;1;5
202200043247;736 970;43;0;9;3;13;1
202200043248;736 965;7;0;2;3;9;1
202200043248;736 966;30;0;2;2;1;1
202200043249;736 964;33;8;0;1;1;1
202200043250;736 963;33;0;0;0;1;1
202200043251;736 961;10;0;2;1;1;1
202200043251;736 962;33;0;2;1;1;1
202200043252;736 957;33;0;2;1;1;1
202200043252;736 959;7;0;2;3;15;1
202200043253;736 958;2;1;2;0;1;0
202200043253;736 960;2;0;2;7;1;1
202200043254;736 956;7;6;0;1;1;1
202200043255;736 954;7;0;2;3;22;1
202200043255;736 955;30;0;2;2;1;1
202200043256;736 953;7;0;0;1;1;1
202200043257;736 950;1;0;2;1;1;5
202200043257;736 952;1;0;2;1;1;5
202200043258;736 949;7;0;2;3;9;1
202200043258;736 951;31;0;2;1;1;1
202200043259;736 944;7;0;2;2;1;1
202200043259;736 946;10;0;2;3;1;1
202200043259;736 948;14;0;2;3;15;1
202200043260;736 943;7;0;2;3;9;1
202200043260;736 945;7;0;0;2;12;0
202200043260;736 947;7;3;2;8;1;2
202200043261;736 942;33;4;0;4;9;1
202200043262;736 940;33;0;2;1;1;1
202200043262;736 941;80;12;2;1;5;3
202200043263;736 939;33;13;0;1;1;1
202200043264;736 936;7;0;2;3;13;1
202200043264;736 938;17;0;2;3;1;1
202200043265;736 935;1;0;2;6;1;5
202200043265;736 937;7;0;2;6;1;2
202200043266;736 932;0;0;1;0;19;1
202200043267;736 931;7;0;9;3;1;1
202200043267;736 933;33;0;2;0;13;1
202200043267;736 934;33;15;1;9;13;1
202200043268;736 929;30;0;2;2;9;3
202200043268;736 930;7;0;2;1;1;0
202200043269;736 925;7;0;0;4;2;1
202200043269;736 928;7;3;2;1;2;1
202200043270;736 926;7;1;2;1;1;1
202200043270;736 927;7;12;2;2;1;1
202200043271;736 924;7;8;0;1;1;1
202200043272;736 921;7;0;0;9;13;1
202200043273;736 922;33;0;2;7;17;1
202200043273;736 923;7;0;2;8;15;1
202200043274;736 919;10;0;0;4;15;0
202200043275;736 918;33;0;2;1;1;1
202200043275;736 920;7;0;2;4;1;1
202200043276;736 914;7;0;2;5;4;1
202200043276;736 916;50;0;2;8;1;3
202200043277;736 915;7;0;2;1;15;1
202200043277;736 917;30;0;0;1;1;6
202200043278;736 912;7;0;2;3;1;1
202200043278;736 913;7;0;2;1;13;1
202200043279;736 910;10;0;2;1;1;1
202200043279;736 911;7;0;2;1;13;1
202200043280;736 908;7;0;2;1;1;1
202200043280;736 909;7;0;2;4;1;1
202200043281;736 906;7;0;2;3;1;1
202200043281;736 907;33;0;2;1;1;1
202200043282;736 904;7;0;2;3;15;1
202200043282;736 905;1;0;2;1;1;5
202200043283;736 902;7;0;2;3;13;1
202200043283;736 903;7;0;2;3;1;1
202200043284;736 900;7;0;2;7;1;1
202200043284;736 901;33;0;2;8;9;1
202200043285;736 899;33;8;0;1;17;1
202200043286;736 898;7;4;0;1;1;1
202200043287;736 895;7;0;2;1;19;1
202200043287;736 896;7;0;2;1;1;1
202200043288;736 894;7;0;2;3;1;1
202200043288;736 897;7;0;2;3;1;1
202200043289;736 891;7;0;2;1;1;1
202200043289;736 893;7;0;0;4;1;1
202200043290;736 892;33;0;0;8;17;1
202200043291;736 889;7;6;0;1;1;1
202200043292;736 888;32;0;2;1;1;1
202200043292;736 890;7;0;0;4;1;1
202200043293;736 887;7;0;0;0;1;1
202200043294;736 886;33;15;0;1;1;1
202200043295;736 885;7;0;1;3;1;1
202200043296;736 884;7;8;0;1;13;2
202200043297;736 883;10;0;0;9;1;1
202200043298;736 882;7;14;0;2;1;1
202200043299;736 880;7;0;0;2;1;1
202200043300;736 879;7;0;2;1;2;1
202200043300;736 881;1;0;2;4;2;5
202200043301;736 878;7;1;1;2;1;1
202200043302;736 876;2;0;0;1;26;1
202200043302;736 877;7;0;0;5;2;1
202200043303;736 875;7;13;0;3;13;1
202200043304;736 874;7;15;0;1;1;1
202200043305;736 871;1;0;5;6;1;5
202200043306;736 870;7;0;2;3;15;1
202200043306;736 872;1;0;2;1;21;5
202200043306;736 873;7;0;0;0;15;1
202200043307;736 868;33;0;2;1;17;1
202200043307;736 869;7;0;0;3;15;1
202200043308;736 865;80;0;2;1;1;3
202200043308;736 867;7;0;0;6;23;1
202200043309;736 864;33;0;2;2;1;1
202200043309;736 866;7;0;2;1;1;1
202200043310;736 863;7;6;9;1;1;3
202200043311;736 862;33;8;0;1;1;1
202200043312;736 861;33;12;0;1;14;1
202200043313;736 860;33;11;0;1;17;1
202200043314;736 858;7;13;0;7;1;1
202200043315;736 856;1;0;0;1;1;5
202200043316;736 854;7;4;2;1;26;1
202200043316;736 855;7;0;2;1;1;1
202200043316;736 857;7;0;2;4;1;1
202200043317;736 853;7;16;0;8;1;1
202200043318;736 849;10;0;2;1;1;1
202200043318;736 851;7;13;0;4;1;1
202200043319;736 847;7;0;2;4;1;1
202200043319;736 848;7;0;2;4;1;1
202200043319;736 850;7;0;2;4;1;1
202200043319;736 852;7;0;2;1;1;1
202200043320;736 845;7;15;2;1;1;1
202200043320;736 846;7;0;2;7;19;1
202200043321;736 843;7;0;2;1;1;1
202200043321;736 844;10;0;2;4;1;1
202200043322;736 842;33;6;0;1;0;1
202200043323;736 840;30;0;0;0;1;1
202200043324;736 838;7;0;2;1;1;1
202200043324;736 839;7;0;2;4;1;1
202200043324;736 841;7;0;2;4;1;1
202200043325;736 836;7;0;2;1;1;1
202200043325;736 837;10;0;2;1;13;1
202200043326;736 834;33;0;2;7;3;1
202200043326;736 835;7;0;2;8;11;3
202200043327;736 832;7;2;0;8;17;1
202200043327;736 833;10;0;9;1;2;1
202200043328;736 831;7;3;0;0;1;1
202200043329;736 829;7;0;2;2;12;1
202200043329;736 830;33;0;2;3;3;1
202200043330;736 828;7;7;0;1;14;1
202200043331;736 823;7;3;2;3;1;1
202200043331;736 825;15;0;0;5;1;1
202200043332;736 822;7;0;2;9;11;1
202200043332;736 824;7;0;2;4;1;1
202200043332;736 826;7;0;2;4;1;1
202200043332;736 827;7;6;2;8;1;1
202200043333;736 820;7;3;0;1;14;1
202200043334;736 817;7;16;0;0;14;1
202200043335;736 815;7;0;2;2;12;1
202200043335;736 816;7;0;2;4;1;1
202200043335;736 818;7;0;2;6;1;1
202200043336;736 813;33;0;2;3;19;1
202200043336;736 814;7;0;2;3;15;1
202200043337;736 809;33;0;2;1;1;1
202200043337;736 811;7;0;2;1;1;1
202200043337;736 812;7;4;2;7;12;1
202200043338;736 808;7;0;0;6;23;1
202200043338;736 810;7;0;2;2;17;1
202200043339;736 806;1;0;0;1;0;5
202200043340;736 805;7;0;2;4;23;1
202200043340;736 807;10;1;0;1;1;1
202200043341;736 803;33;0;0;8;1;1
202200043342;736 802;7;0;2;3;13;1
202200043342;736 804;7;5;2;3;1;1
202200043343;736 801;7;0;1;3;1;1
202200043344;736 800;17;0;1;4;4;0
202200043345;736 799;10;0;1;3;15;1
202200043346;736 796;7;0;1;2;0;3
202200043347;736 793;33;0;2;2;3;1
202200043347;736 795;7;0;2;3;0;1
202200043348;736 789;7;0;2;4;2;1
202200043348;736 791;7;0;2;4;2;1
202200043348;736 792;7;0;2;4;2;1
202200043348;736 794;10;0;2;1;2;1
202200043349;736 788;7;0;2;1;2;1
202200043349;736 790;7;0;2;4;24;1
202200043350;736 787;7;4;0;3;1;1
202200043351;736 785;7;0;9;7;0;1
202200043351;736 786;34;0;2;1;18;1
202200043352;736 784;7;4;0;1;21;1
202200043353;736 781;7;0;2;5;11;1
202200043353;736 783;33;0;2;1;3;1
202200043354;736 779;33;0;0;8;0;1
202200043355;736 774;7;0;2;8;1;1
202200043355;736 776;7;4;2;1;17;1
202200043356;736 771;13;0;0;4;1;1
202200043356;736 773;3;1;0;3;17;1
202200043357;736 770;7;0;2;4;2;1
202200043357;736 772;31;0;2;1;3;1
202200043358;736 768;33;0;0;0;1;1
202200043359;736 765;10;0;2;4;2;1
202200043359;736 767;10;0;2;4;2;1
202200043359;736 769;10;0;2;1;1;1
202200043360;736 762;10;3;2;4;1;1
202200043360;736 763;7;3;2;9;1;1
202200043360;736 764;7;3;2;1;1;1
202200043360;736 766;7;3;2;1;1;1
202200043361;736 760;7;0;2;1;20;1
202200043361;736 761;0;1;0;0;0;0
202200043362;736 757;7;1;1;0;1;1
202200043363;736 756;7;0;2;4;2;1
202200043363;736 758;7;0;2;1;2;1
202200043363;736 759;7;0;2;1;2;1
202200043364;736 753;7;2;0;5;12;1
202200043365;736 749;7;0;9;1;9;1
202200043365;736 750;1;0;2;7;1;5
202200043366;736 745;10;0;2;1;21;1
202200043366;736 746;7;0;9;4;23;1
202200043366;736 747;7;0;2;1;2;1
202200043366;736 748;7;0;2;1;2;1
202200043366;736 751;7;0;2;0;26;1
202200043366;736 752;7;0;2;4;21;1
202200043366;736 754;7;0;2;1;26;1
202200043366;736 755;7;0;2;1;21;1
202200043367;736 742;7;0;2;4;2;1
202200043367;736 743;7;0;2;1;2;1
202200043368;736 740;32;0;2;6;18;0
202200043368;736 741;7;0;2;2;16;0
202200043369;736 739;7;4;0;1;2;1
202200043370;736 736;33;0;9;1;17;1
202200043370;736 738;1;0;2;0;0;5
202200043371;736 734;7;0;2;6;19;1
202200043371;736 735;31;0;2;7;1;1
202200043371;736 737;33;0;2;1;1;1
202200043372;736 732;15;0;2;0;0;0
202200043372;736 733;7;14;0;2;1;1
202200043373;736 729;7;0;1;1;15;1
202200043374;736 730;1;0;2;1;1;5
202200043374;736 731;7;0;2;2;22;1
202200043375;736 728;7;0;1;1;26;1
202200043376;736 725;7;0;2;8;15;2
202200043376;736 726;33;0;2;1;1;1
202200043377;736 724;7;0;1;1;1;3
202200043378;736 722;31;0;2;1;1;1
202200043378;736 723;7;0;2;7;15;1
202200043379;736 721;2;9;0;7;1;1