Num_Acc;id_vehicule;categorie_vehicule;obstacle_fixe;obstacle_mobile;point_choc_initial;manoeuvre_principale;motorisation
202200043380;736 727;7;0;1;1;1;1
202200043381;736 719;7;0;2;3;15;2
202200043381;736 720;33;0;2;1;1;1
202200043382;736 717;30;0;2;1;1;1
202200043382;736 718;7;0;2;2;16;1
202200043383;736 715;32;0;2;2;17;1
202200043383;736 716;10;0;2;3;15;1
202200043384;736 714;10;1;0;0;14;1
202200043385;736 712;7;0;2;1;1;1
202200043385;736 713;7;0;2;5;15;1
202200043386;736 711;7;13;0;3;15;1
202200043387;736 709;7;0;2;1;19;1
202200043387;736 710;43;0;2;1;1;1
202200043388;736 707;1;0;2;1;25;5
202200043388;736 708;7;0;2;2;1;1
202200043389;736 705;10;0;2;1;1;1
202200043389;736 706;50;0;2;1;1;3
202200043390;736 703;7;0;2;4;1;1
202200043390;736 704;1;0;2;1;0;5
202200043391;736 702;10;0;1;1;1;1
202200043392;736 700;7;1;9;3;13;3
202200043392;736 701;7;0;2;0;22;1
202200043393;736 699;1;0;0;4;0;5
202200043394;736 698;7;0;1;3;17;1
202200043395;736 695;10;0;2;2;14;1
202200043395;736 696;7;0;2;3;1;1
202200043395;736 697;7;0;2;4;1;1
202200043396;736 693;7;0;2;2;20;1
202200043396;736 694;33;0;2;1;18;1
202200043397;736 691;10;0;2;4;1;1
202200043397;736 692;7;0;2;1;1;1
202200043398;736 690;7;0;1;4;20;1
202200043399;736 688;99;0;2;1;26;1
202200043399;736 689;7;14;9;4;2;1
202200043400;736 686;7;0;2;2;15;1
202200043400;736 687;7;0;2;1;1;1
202200043401;736 684;7;0;2;8;1;1
202200043401;736 685;7;0;2;1;1;1
202200043402;736 682;10;0;2;5;0;1
202200043402;736 683;7;1;0;1;0;1
202200043403;736 680;7;0;2;3;23;1
202200043403;736 681;7;0;2;0;0;1
202200043404;736 678;7;0;2;4;23;1
202200043404;736 679;1;1;0;1;1;5
202200043405;736 676;7;0;9;3;1;1
202200043405;736 677;50;0;2;8;15;3
202200043406;736 674;7;0;2;1;0;1
202200043406;736 675;33;0;2;1;0;1
202200043407;736 673;33;0;0;7;17;1
202200043408;736 670;7;0;2;4;1;1
202200043408;736 671;7;0;2;4;2;1
202200043408;736 672;7;0;2;1;1;1
202200043409;736 668;7;0;2;8;13;1
202200043409;736 669;31;0;2;7;3;1
202200043410;736 666;10;0;2;5;14;1
202200043410;736 667;33;0;2;1;3;1
202200043411;736 665;7;0;2;1;1;1
202200043412;736 663;33;0;0;8;16;1
202200043413;736 662;7;0;2;7;1;2
202200043413;736 664;32;0;2;8;12;1
202200043414;736 661;7;0;1;1;15;1
202200043415;736 658;30;0;0;0;3;3
202200043416;736 655;33;0;1;8;1;1
202200043417;736 654;7;0;2;4;23;1
202200043417;736 656;7;0;2;4;23;1
202200043417;736 657;7;0;2;4;2;1
202200043417;736 659;7;0;2;1;2;1
202200043417;736 660;7;0;2;4;23;1
202200043418;736 653;7;7;0;1;26;1
202200043419;736 652;33;14;0;8;26;1
202200043420;736 650;1;0;2;0;13;5
202200043420;736 651;1;0;2;0;2;5
202200043421;736 649;30;1;0;0;21;1
202200043422;736 648;7;3;0;9;26;1
202200043423;736 646;10;0;2;2;15;1
202200043423;736 647;33;0;2;1;1;1
202200043424;736 645;7;2;0;0;1;0
202200043425;736 644;7;0;0;0;1;1
202200043426;736 643;7;0;9;3;1;1
202200043427;736 642;7;6;0;3;1;1
202200043428;736 640;7;0;0;8;20;1
202200043428;736 641;32;0;2;1;1;1
202200043429;736 638;2;0;2;9;1;1
202200043429;736 639;21;0;2;1;1;1
202200043430;736 637;2;0;0;0;0;1
202200043431;736 635;7;0;2;3;15;1
202200043431;736 636;33;0;2;7;1;1
202200043432;736 634;7;13;0;2;14;1
202200043433;736 633;7;17;0;2;1;1
202200043434;736 630;7;0;2;3;17;1
202200043434;736 631;7;0;2;3;1;1
202200043434;736 632;7;0;2;1;1;1
202200043435;736 628;30;0;2;9;1;1
202200043435;736 629;7;0;2;8;1;1
202200043436;736 626;33;0;2;1;1;1
202200043436;736 627;7;0;2;3;15;1
202200043437;736 625;33;6;0;1;26;0
202200043438;736 623;7;0;2;1;1;1
202200043438;736 624;7;0;2;1;26;1
202200043439;736 622;1;0;0;1;5;5
202200043440;736 621;7;8;0;0;1;1
202200043441;736 620;32;8;9;7;1;1
202200043442;736 619;7;2;0;0;2;1
202200043443;736 616;7;0;2;3;1;1
202200043443;736 617;7;0;2;5;2;1
202200043443;736 618;30;0;2;3;18;1
202200043444;736 614;7;0;2;1;1;1
202200043444;736 615;10;0;2;7;15;1
202200043445;736 613;7;2;0;3;1;1
202200043446;736 612;33;13;0;1;1;1
202200043447;736 610;7;0;0;1;23;1
202200043447;736 611;7;3;2;1;16;1
202200043448;736 609;33;13;0;1;1;1
202200043449;736 607;7;0;2;2;1;1
202200043449;736 608;1;0;2;1;0;5
202200043450;736 604;33;0;2;3;1;1
202200043450;736 605;3;0;2;7;15;1
202200043451;736 603;36;6;0;1;1;1
202200043452;736 600;33;13;0;3;15;1
202200043453;736 599;7;0;1;1;26;1
202200043454;736 597;7;0;2;1;21;1
202200043454;736 598;2;0;2;1;5;1
202200043455;736 596;33;3;0;1;12;1
202200043456;736 595;7;10;0;7;14;1
202200043457;736 593;7;0;2;3;17;1
202200043457;736 594;7;0;2;3;1;1
202200043458;736 592;7;0;1;2;1;1
202200043459;736 590;7;0;2;8;3;1
202200043459;736 591;7;0;2;8;21;1
202200043460;736 589;7;0;1;0;0;1
202200043461;736 587;7;0;2;5;1;1
202200043461;736 588;7;0;2;3;1;1
202200043462;736 585;7;0;2;3;15;1
202200043462;736 586;1;0;2;4;0;5
202200043463;736 584;7;0;1;2;14;1
202200043464;736 582;7;0;2;2;1;1
202200043464;736 583;7;0;2;2;13;1
202200043465;736 580;7;0;2;1;15;1
202200043465;736 581;7;0;2;1;1;1
202200043466;736 579;7;13;0;1;1;1
202200043467;736 578;31;6;0;0;1;0
202200043468;736 576;7;0;2;8;1;1
202200043468;736 577;15;0;2;2;12;1
202200043469;736 575;33;4;0;7;1;1
202200043470;736 573;7;0;2;4;2;1
202200043470;736 574;7;0;2;1;2;1
202200043471;736 572;7;4;0;1;1;1
202200043472;736 571;7;3;0;1;1;1
202200043473;736 568;7;0;2;4;23;2
202200043473;736 569;7;0;2;1;2;1
202200043473;736 570;10;0;2;4;23;1
202200043474;736 566;7;0;2;5;17;1
202200043474;736 567;10;0;2;3;1;1
202200043475;736 564;14;0;2;2;0;1
202200043475;736 565;7;0;2;8;2;1
202200043476;736 561;7;0;2;5;2;3
202200043476;736 562;34;1;2;1;3;1
202200043476;736 563;7;0;2;8;11;1
202200043477;736 559;33;0;2;1;3;1
202200043477;736 560;7;0;2;7;12;1
202200043478;736 556;7;0;2;4;2;1
202200043478;736 557;10;0;2;1;2;1
202200043478;736 558;10;0;2;1;2;1
202200043479;736 554;7;4;2;2;1;1
202200043479;736 555;10;4;2;5;11;1
202200043480;736 553;33;3;0;8;0;1
202200043481;736 551;33;0;2;2;1;1
202200043481;736 552;7;0;2;8;11;1
202200043482;736 550;7;6;0;8;1;1
202200043483;736 547;7;0;1;1;1;1
202200043484;736 545;10;0;2;3;0;1
202200043484;736 546;7;0;2;3;0;1
202200043485;736 543;7;0;2;6;15;1
202200043485;736 544;33;0;2;7;17;1
202200043486;736 541;30;14;2;7;23;1
202200043486;736 542;7;0;2;8;13;0
202200043487;736 540;7;0;1;1;0;0
202200043488;736 538;1;0;2;3;16;5
202200043488;736 539;7;0;2;2;16;1
202200043489;736 536;1;0;2;1;19;5
202200043489;736 537;7;0;2;7;1;1
202200043490;736 534;7;0;2;3;0;1
202200043490;736 535;34;0;2;6;7;1
202200043491;736 532;7;0;2;1;23;1
202200043491;736 533;1;14;2;1;0;0
202200043492;736 530;7;17;2;7;15;1
202200043492;736 531;7;0;2;0;0;1
202200043493;736 528;7;0;2;1;1;1
202200043493;736 529;32;0;2;7;19;1
202200043494;736 526;7;0;2;2;1;1
202200043494;736 527;1;0;2;1;1;5
202200043495;736 525;32;0;1;2;1;1
202200043496;736 523;7;0;2;2;15;1
202200043496;736 524;43;0;2;1;1;1
202200043497;736 522;7;0;1;1;1;1
202200043498;736 520;7;0;2;4;23;3
202200043498;736 521;2;0;2;1;2;1
202200043499;736 518;33;0;2;3;1;1
202200043499;736 519;7;0;2;1;2;1
202200043500;736 516;33;0;2;1;1;1
202200043500;736 517;10;0;2;4;0;1
202200043501;736 514;7;0;2;3;1;1
202200043501;736 515;50;0;2;8;19;3
202200043502;736 512;7;0;2;3;15;1
202200043502;736 513;33;0;2;2;17;1
202200043503;736 509;7;0;2;1;1;1
202200043503;736 510;7;0;2;8;1;1
202200043503;736 511;30;0;2;7;17;1
202200043504;736 506;7;0;2;3;17;1
202200043504;736 507;7;0;2;3;1;3
202200043504;736 508;7;0;2;6;1;1
202200043505;736 504;7;0;2;1;1;1
202200043505;736 505;7;0;2;4;1;1
202200043506;736 503;7;14;0;1;14;1
202200043507;736 501;7;0;2;1;1;1
202200043507;736 502;7;0;2;1;1;2
202200043508;736 499;10;0;2;7;9;1
202200043508;736 500;33;0;2;1;1;1
202200043509;736 497;7;0;2;4;23;0
202200043509;736 498;7;0;2;1;9;0
202200043510;736 496;7;0;1;6;4;1
202200043511;736 495;50;0;0;1;0;3
202200043512;736 493;50;0;2;1;26;3
202200043512;736 494;7;0;2;3;1;1
202200043513;736 492;31;0;1;1;15;1
202200043514;736 490;31;0;2;7;17;1
202200043514;736 491;7;0;2;3;0;2
202200043515;736 488;80;0;2;7;21;3
202200043515;736 489;7;0;2;1;9;1
202200043516;736 487;80;0;0;8;16;3
202200043517;736 486;33;0;2;4;2;1
202200043518;736 484;7;0;2;4;2;1
202200043518;736 485;30;0;2;1;26;1
202200043519;736 482;50;1;0;1;1;3
202200043519;736 483;7;0;2;3;24;1
202200043520;736 480;1;0;2;1;19;5
202200043520;736 481;7;0;9;1;1;1
202200043521;736 478;7;0;2;8;10;1
202200043521;736 479;33;0;2;1;2;1
202200043522;736 476;7;0;2;2;9;1
202200043522;736 477;1;0;2;0;0;5
202200043523;736 475;7;0;1;3;26;1
202200043524;736 473;7;0;2;1;1;1
202200043524;736 474;7;0;2;2;1;1
202200043525;736 471;2;0;2;1;7;1
202200043525;736 472;7;0;2;3;19;1
202200043526;736 469;1;0;2;1;1;5
202200043526;736 470;7;0;2;3;15;1
202200043527;736 467;33;0;0;0;0;1
202200043527;736 468;7;0;0;0;2;1
202200043528;736 465;1;1;0;4;1;5
202200043528;736 466;7;0;9;8;24;1
202200043529;736 463;7;0;2;1;9;1
202200043529;736 464;2;0;2;1;1;1
202200043530;736 462;80;0;0;0;2;3
202200043531;736 461;7;2;0;1;26;1
202200043532;736 459;7;0;2;3;26;1
202200043532;736 460;1;0;2;6;26;5
202200043533;736 457;7;0;2;1;26;1
202200043533;736 458;7;0;2;7;26;2
202200043534;736 455;1;15;2;3;26;5
202200043534;736 456;7;0;2;2;1;1
202200043535;736 453;99;0;2;3;21;0
202200043535;736 454;0;0;2;0;21;0
202200043536;736 451;30;0;2;8;1;1
202200043536;736 452;7;0;2;7;17;1
202200043537;736 449;7;0;2;1;1;1
202200043537;736 450;1;0;2;1;1;5
202200043538;736 447;1;0;2;5;1;5
202200043538;736 448;34;0;2;1;1;1
202200043539;736 445;7;0;2;1;1;1
202200043539;736 446;7;0;2;4;1;1
202200043540;736 443;10;0;2;1;1;1
202200043540;736 444;1;0;2;5;19;5
202200043541;736 441;1;14;0;1;1;5
202200043542;736 440;50;0;0;8;1;3
202200043543;736 436;7;0;2;1;0;1
202200043543;736 437;2;0;0;7;0;1
202200043544;736 433;7;0;2;1;2;1
202200043544;736 434;7;0;2;4;2;1
202200043544;736 435;33;0;2;4;1;1
202200043545;736 432;7;8;0;3;13;1
202200043546;736 430;7;0;2;3;1;1
202200043546;736 431;80;0;2;7;1;3
202200043547;736 429;34;0;1;0;1;0
202200043548;736 427;30;0;2;1;26;1
202200043548;736 428;7;0;2;7;1;1
202200043549;736 425;1;0;2;8;19;5
202200043549;736 426;7;0;2;7;1;1
202200043550;736 423;32;6;2;8;7;1
202200043550;736 424;10;0;2;2;16;1
202200043551;736 422;7;1;0;2;14;1
202200043552;736 421;30;0;0;8;1;1
202200043553;736 420;1;1;0;1;1;5
202200043554;736 415;1;0;2;7;1;5
202200043554;736 416;7;0;2;1;9;1
202200043555;736 413;7;0;2;1;9;1
202200043555;736 414;1;0;2;4;1;5
202200043556;736 409;30;0;2;8;1;1
202200043556;736 410;7;0;2;1;9;1
202200043557;736 408;7;0;1;2;26;1
202200043558;736 406;10;0;9;1;1;1
202200043558;736 407;1;0;2;7;1;5
202200043559;736 404;33;0;2;1;1;1
202200043559;736 405;7;0;2;3;15;1
202200043560;736 403;7;3;0;9;26;1
202200043561;736 402;33;0;0;1;14;1
202200043562;736 400;7;0;2;7;15;1
202200043562;736 401;33;0;2;8;1;1
202200043563;736 398;10;0;2;2;19;1
202200043563;736 399;34;0;2;1;1;1
202200043564;736 394;7;0;2;2;2;1
202200043564;736 395;7;0;2;1;2;1
202200043564;736 396;7;0;2;1;5;1
202200043564;736 397;7;0;0;6;15;1
202200043565;736 392;7;0;2;1;2;1
202200043565;736 393;7;0;2;4;11;1
202200043566;736 390;7;0;2;2;14;1
202200043566;736 391;1;0;2;4;16;5
202200043567;736 387;7;0;2;4;2;1
202200043567;736 388;7;0;2;1;2;1
202200043567;736 389;7;0;2;1;2;1
202200043568;736 385;33;0;2;1;1;1
202200043568;736 386;7;0;2;3;9;1
202200043569;736 384;32;12;0;2;2;0
202200043570;736 383;7;0;1;1;1;1
202200043571;736 381;3;0;2;4;1;1
202200043571;736 382;43;0;2;1;1;1
202200043572;736 380;7;0;1;8;1;1
202200043573;736 378;7;0;2;7;26;1
202200043573;736 379;7;0;2;3;0;1
202200043574;736 374;7;0;2;5;1;2
202200043574;736 375;43;0;2;8;3;1
202200043574;736 376;14;0;2;8;1;1
202200043575;736 373;1;0;0;1;21;5
202200043576;736 371;7;0;2;1;1;1
202200043576;736 372;31;0;2;8;9;1
202200043577;736 369;7;0;2;3;15;1
202200043577;736 370;50;0;2;1;1;3
202200043578;736 367;7;0;2;1;2;1
202200043578;736 368;7;0;2;4;23;1
202200043579;736 364;1;0;2;8;13;5
202200043579;736 365;7;0;0;0;24;1
202200043579;736 366;10;0;2;5;17;1
202200043580;736 362;7;0;2;7;16;2
202200043580;736 363;32;0;2;8;18;1
202200043581;736 360;7;0;2;1;9;1
202200043581;736 361;50;0;2;7;25;3
202200043582;736 358;7;0;2;1;15;3
202200043582;736 359;1;0;2;3;1;5
202200043583;736 357;50;12;0;1;14;3
202200043584;736 356;1;0;2;0;21;5
202200043585;736 354;7;0;2;3;1;1
202200043585;736 355;7;0;2;2;1;1
202200043586;736 352;7;0;2;2;15;1
202200043586;736 353;14;0;2;3;1;1
202200043587;736 351;1;1;0;1;14;5
202200043588;736 350;14;0;1;0;1;1
202200043589;736 349;37;0;2;0;21;3
202200043590;736 348;10;0;1;5;1;1
202200043591;736 347;1;0;1;1;1;5
202200043592;736 345;30;0;2;7;1;3
202200043592;736 346;7;0;2;3;15;1
202200043593;736 344;7;0;1;2;15;2
202200043594;736 343;43;0;1;2;17;1
202200043595;736 341;33;0;2;5;1;1
202200043595;736 342;7;0;2;3;15;1
202200043596;736 340;50;0;0;0;1;3
202200043597;736 339;80;0;1;1;11;3
202200043598;736 338;80;12;0;1;13;3
202200043599;736 335;32;0;2;0;2;3
202200043599;736 336;10;0;2;7;16;1
202200043599;736 337;33;0;2;4;2;1
202200043600;736 334;50;0;1;1;1;3
202200043601;736 332;10;0;2;6;15;1
202200043601;736 333;50;0;2;1;2;3
202200043602;736 331;10;0;1;8;24;1
202200043603;736 330;7;0;1;3;15;0
202200043604;736 328;1;0;2;6;1;5
202200043604;736 329;7;0;2;1;16;1
202200043605;736 326;7;0;2;0;0;1
202200043605;736 327;7;0;2;4;26;1
202200043606;736 324;7;0;2;4;23;1
202200043606;736 325;7;0;2;1;11;1
202200043607;736 322;15;0;2;2;12;1
202200043607;736 323;7;0;2;8;1;1
202200043608;736 320;7;4;2;5;2;1
202200043608;736 321;7;0;2;3;2;1
202200043609;736 318;7;0;2;2;26;1
202200043609;736 319;7;0;2;6;0;1
202200043610;736 317;15;3;0;1;13;0
202200043611;736 314;7;0;2;1;1;2
202200043611;736 315;7;0;2;1;1;1
202200043611;736 316;7;0;2;4;1;1
202200043612;736 309;7;0;2;1;1;2
202200043612;736 310;7;0;2;4;2;1
202200043612;736 311;7;0;2;3;2;1
202200043612;736 312;7;0;2;1;1;1
202200043612;736 313;7;0;2;4;21;1
202200043613;736 306;7;0;2;4;2;1
202200043613;736 307;10;0;2;4;2;1
202200043613;736 308;7;0;2;1;1;1
202200043614;736 304;7;3;2;1;26;1
202200043614;736 305;7;0;2;3;26;1
202200043615;736 302;10;0;2;1;1;1
202200043615;736 303;15;0;2;4;1;1
202200043616;736 300;7;0;2;1;1;1
202200043616;736 301;7;0;2;5;2;1
202200043617;736 298;7;0;2;6;1;1
202200043617;736 299;10;0;2;2;12;1
202200043618;736 296;10;0;2;5;1;1
202200043618;736 297;34;0;2;1;1;1
202200043619;736 293;7;0;2;4;2;1
202200043619;736 294;7;0;2;4;2;1
202200043619;736 295;10;0;2;1;2;1
202200043620;736 291;7;3;2;8;1;1
202200043620;736 292;10;0;2;7;1;1
202200043621;736 289;33;0;0;8;21;1
202200043621;736 290;7;0;0;0;14;0
202200043622;736 287;7;0;2;1;9;1
202200043622;736 288;50;0;2;7;15;3
202200043623;736 286;1;0;1;1;25;5
202200043624;736 285;33;0;1;2;21;1
202200043625;736 284;7;0;1;3;1;1
202200043626;736 283;7;0;1;1;1;1
202200043627;736 282;7;0;2;0;17;1
202200043628;736 280;33;0;2;8;1;1
202200043628;736 281;7;0;2;8;1;2
202200043629;736 279;2;12;0;2;14;1
202200043630;736 277;7;0;2;7;17;1
202200043630;736 278;7;0;2;1;15;1
202200043631;736 275;7;0;2;6;1;1
202200043631;736 276;38;0;2;3;1;1
202200043632;736 273;7;0;2;2;16;1
202200043632;736 274;33;0;2;8;2;1
202200043633;736 272;7;0;1;1;1;1
202200043634;736 271;7;0;1;8;1;1
202200043635;736 270;7;0;1;3;1;1
202200043636;736 269;7;0;1;1;1;1
202200043637;736 268;7;0;1;3;15;1
202200043638;736 266;14;0;2;1;26;1
202200043638;736 267;7;0;2;4;23;1
202200043639;736 264;7;0;2;3;15;1
202200043639;736 265;7;0;2;3;1;1
202200043640;736 262;7;0;2;3;11;1
202200043640;736 263;7;0;2;7;16;1
202200043641;736 259;7;16;0;0;26;1
202200043641;736 260;7;0;2;1;13;1
202200043641;736 261;15;0;2;1;1;1
202200043642;736 257;2;0;2;1;13;1
202200043642;736 258;37;0;2;3;1;1
202200043643;736 253;7;0;2;1;0;1
202200043643;736 254;33;0;2;8;15;1
202200043644;736 251;10;0;2;3;15;1
202200043644;736 252;33;0;2;1;1;1
202200043645;736 249;33;0;2;8;1;1
202200043645;736 250;7;0;2;2;9;1
202200043646;736 247;10;0;2;1;15;1
202200043646;736 248;1;0;2;1;1;5
202200043647;736 243;7;0;2;2;15;1
202200043647;736 244;10;0;2;3;1;1
202200043648;736 238;7;0;2;1;9;2
202200043648;736 239;7;0;2;2;1;1
202200043649;736 236;7;0;2;1;13;1
202200043649;736 237;7;0;2;3;26;1
202200043650;736 235;7;9;0;1;1;1
202200043651;736 234;7;6;0;1;1;1
202200043652;736 233;7;16;0;0;0;1
202200043653;736 231;7;0;2;1;1;0
202200043653;736 232;2;0;2;1;1;1
202200043654;736 230;7;0;9;2;9;0
202200043655;736 228;7;0;2;1;15;1
202200043655;736 229;7;0;2;3;1;1
202200043656;736 226;7;0;2;4;2;1
202200043656;736 227;7;0;2;1;2;1
202200043657;736 224;2;0;2;2;1;1
202200043657;736 225;7;0;2;2;15;1
202200043658;736 222;1;0;2;8;19;5
202200043658;736 223;2;0;2;1;1;3
202200043659;736 220;30;0;2;2;15;1
202200043659;736 221;7;0;2;3;1;1
202200043660;736 219;7;0;1;3;1;1
202200043661;736 218;7;0;1;1;1;1
202200043662;736 217;7;1;2;1;21;1
202200043663;736 215;7;0;2;1;2;1
202200043663;736 216;10;0;0;4;2;1
202200043664;736 213;37;0;0;0;1;2
202200043664;736 214;7;0;0;0;15;1
202200043665;736 212;7;13;0;1;13;1
202200043666;736 211;7;0;1;1;9;1
202200043667;736 208;15;0;2;2;26;1
202200043667;736 209;80;0;2;3;2;3
202200043668;736 206;50;0;0;0;25;3
202200043668;736 207;7;0;0;0;16;1
202200043669;736 204;7;0;2;8;11;1
202200043669;736 205;7;0;2;7;17;1
202200043670;736 202;7;0;2;1;9;1
202200043670;736 203;7;0;2;7;1;1
202200043671;736 200;7;0;2;3;9;1
202200043671;736 201;7;12;2;9;26;1
202200043672;736 198;30;0;2;1;1;1
202200043672;736 199;7;0;2;3;9;1
202200043673;736 197;7;0;1;1;1;1
202200043674;736 196;50;0;0;0;14;3
202200043675;736 194;7;0;2;6;24;1
202200043675;736 195;7;1;0;2;1;1
202200043676;736 192;7;0;2;3;1;1
202200043676;736 193;7;0;2;3;1;1
202200043677;736 191;7;0;1;2;1;1
202200043678;736 190;7;0;1;6;1;1
202200043679;736 189;7;0;1;3;15;2
202200043680;736 187;7;0;2;4;20;1
202200043680;736 188;1;0;2;0;1;5
202200043681;736 185;30;0;2;1;5;1
202200043681;736 186;7;0;2;1;1;1
202200043682;736 181;37;0;2;8;23;1
202200043682;736 182;7;0;2;7;1;1
202200043682;736 183;7;0;2;6;1;1
202200043682;736 184;7;0;2;1;26;1
202200043683;736 177;7;0;2;1;2;1
202200043683;736 178;7;0;2;4;2;1
202200043683;736 179;7;0;2;4;1;1
202200043683;736 180;7;0;2;4;2;1
202200043684;736 175;1;0;2;7;17;5
202200043684;736 176;7;0;9;1;1;1
202200043685;736 174;10;0;1;3;1;1
202200043686;736 172;7;0;2;4;1;1
202200043686;736 173;7;0;2;1;1;1
202200043687;736 170;7;0;2;2;19;1
202200043687;736 171;7;0;2;3;19;1
202200043688;736 168;30;0;2;1;19;1
202200043688;736 169;7;0;2;3;19;1
202200043689;736 167;7;4;0;1;26;1
202200043690;736 165;7;0;2;3;2;1
202200043690;736 166;7;0;2;1;19;1
202200043691;736 164;7;13;0;1;1;1
202200043692;736 163;7;0;1;3;15;1
202200043693;736 161;7;0;2;1;1;1
202200043693;736 162;7;0;0;4;2;1
202200043694;736 159;7;0;2;2;1;1
202200043694;736 160;7;0;2;8;20;1
202200043695;736 158;7;0;1;2;1;3
202200043696;736 156;7;0;2;3;15;1
202200043696;736 157;30;0;2;1;1;1
202200043697;736 154;37;0;2;1;1;1
202200043697;736 155;7;0;2;1;13;1
202200043698;736 152;34;0;2;1;1;1
202200043698;736 153;10;0;2;8;19;1
202200043699;736 151;7;0;1;1;1;1
202200043700;736 149;30;0;2;1;21;1
202200043700;736 150;7;0;2;4;2;1
202200043701;736 148;7;0;1;1;26;0
202200043702;736 146;7;0;2;3;13;1
202200043702;736 147;10;0;2;3;0;1
202200043703;736 145;7;4;0;1;1;1
202200043704;736 144;7;0;0;2;14;1
202200043705;736 143;7;0;1;1;1;1
202200043706;736 142;7;2;0;2;1;1
202200043707;736 141;7;0;1;1;1;1
202200043708;736 139;7;0;0;4;2;1
202200043708;736 140;7;1;2;1;2;1
202200043709;736 137;2;0;2;1;1;1
202200043709;736 138;7;0;2;8;9;1
202200043710;736 136;7;0;1;2;15;1
202200043711;736 133;7;14;0;2;21;1
202200043711;736 134;7;14;0;0;0;1
202200043711;736 135;7;14;0;0;0;1
202200043712;736 131;33;0;2;1;1;1
202200043712;736 132;32;0;2;5;15;1
202200043713;736 130;33;0;1;8;1;1
202200043714;736 128;7;0;2;2;15;1
202200043714;736 129;2;0;2;1;1;1
202200043715;736 126;7;0;2;1;1;1
202200043715;736 127;32;0;2;1;1;1
202200043716;736 124;1;0;2;0;0;5
202200043716;736 125;30;0;9;3;1;3
202200043717;736 121;7;0;2;3;1;1
202200043717;736 122;32;0;2;9;15;1
202200043717;736 123;7;0;2;3;23;1
202200043718;736 119;7;0;2;1;13;1
202200043718;736 120;7;0;2;1;1;1
202200043719;736 117;7;0;2;0;0;1
202200043719;736 118;37;1;0;1;26;1
202200043720;736 116;7;0;1;1;1;1
202200043721;736 114;7;0;2;0;20;1
202200043721;736 115;32;0;2;1;2;0
202200043722;736 113;7;0;1;1;15;1
202200043723;736 111;7;0;2;7;1;1
202200043723;736 112;1;0;2;1;1;5
202200043724;736 109;80;0;2;2;18;3
202200043724;736 110;14;0;2;5;1;1
202200043725;736 107;7;0;2;4;23;1
202200043725;736 108;30;0;2;1;2;3
202200043726;736 106;1;0;1;8;1;5
202200043727;736 104;7;0;2;3;23;1
202200043727;736 105;32;0;2;1;2;1
202200043728;736 102;33;0;2;1;15;1
202200043728;736 103;7;0;2;2;1;1
202200043729;736 100;7;0;2;2;15;2
202200043729;736 101;1;0;2;1;1;5
202200043730;736 099;32;14;0;0;13;1
202200043731;736 097;7;0;2;4;2;1
202200043731;736 098;7;0;2;1;2;1
202200043732;736 096;32;0;1;1;17;1
202200043733;736 095;7;0;1;3;1;1
202200043734;736 094;33;0;1;1;18;1
202200043735;736 092;1;0;2;1;1;5
202200043735;736 093;7;0;2;3;26;1
202200043736;736 090;30;0;2;1;1;1
202200043736;736 091;7;0;2;3;2;1
202200043737;736 088;7;0;2;1;1;1
202200043737;736 089;7;0;2;5;1;1
202200043738;736 086;7;0;2;3;10;1
202200043738;736 087;32;0;2;1;1;1
202200043739;736 085;7;0;1;1;1;1
202200043740;736 084;7;0;1;1;1;1
202200043741;736 083;7;0;1;4;4;1
202200043742;736 082;7;9;0;1;26;1
202200043743;736 080;7;0;2;2;16;1
202200043743;736 081;30;0;2;8;1;1
202200043744;736 078;7;0;2;7;17;1
202200043744;736 079;1;0;2;8;1;5
202200043745;736 076;7;0;2;4;1;1
202200043745;736 077;7;0;2;1;1;1
202200043746;736 074;7;2;2;8;9;1
202200043746;736 075;43;0;2;1;1;1
202200043747;736 072;10;0;2;3;1;1
202200043747;736 073;1;0;2;0;0;5
202200043748;736 069;7;0;1;1;1;0
202200043749;736 067;2;0;2;2;1;1
202200043749;736 068;7;0;2;3;15;1
202200043750;736 065;33;0;2;1;1;1
202200043750;736 066;7;0;2;1;9;1
202200043751;736 062;7;5;2;5;17;1
202200043751;736 063;13;0;0;8;1;1
202200043751;736 064;7;14;2;1;1;1
202200043752;736 060;13;0;1;1;2;1
202200043752;736 061;13;14;0;8;2;1
202200043753;736 058;7;0;2;1;1;1
202200043753;736 059;7;0;2;2;13;1
202200043754;736 056;7;0;2;1;13;1
202200043754;736 057;7;0;2;1;1;1
202200043755;736 053;7;0;0;2;1;1
202200043755;736 054;7;3;0;6;1;1
202200043756;736 051;10;0;2;1;1;1
202200043756;736 052;7;0;2;1;5;1
202200043757;736 050;10;13;2;2;1;1
202200043758;736 048;7;0;2;1;1;1
202200043758;736 049;7;0;2;4;1;1
202200043759;736 046;10;0;2;4;1;1
202200043759;736 047;7;0;2;1;2;1
202200043760;736 038;7;0;2;8;26;1
202200043760;736 039;7;0;2;1;26;1
202200043760;736 040;14;4;0;8;13;1
202200043760;736 041;10;14;0;1;26;1
202200043760;736 042;7;0;9;8;21;1
202200043760;736 043;7;0;9;8;21;1
202200043760;736 044;14;0;9;1;1;1
202200043760;736 045;7;0;9;4;12;2
202200043761;736 037;33;0;0;7;1;1
202200043762;736 036;7;3;0;1;12;1
202200043763;736 034;7;0;2;3;11;1
202200043763;736 035;7;0;2;5;2;1
202200043764;736 033;7;3;6;1;0;1
202200043765;736 032;7;4;0;1;0;1
202200043766;736 030;33;0;2;8;3;1
202200043766;736 031;7;0;2;7;12;1
202200043767;736 028;1;0;2;7;1;5
202200043767;736 029;7;0;2;3;19;1
202200043768;736 027;10;0;1;2;1;1
202200043769;736 026;7;0;1;1;1;1
202200043770;736 024;7;0;0;3;15;1