Num_Acc;id_vehicule;categorie_vehicule;obstacle_fixe;obstacle_mobile;point_choc_initial;manoeuvre_principale;motorisation
202200043770;736 025;31;0;2;1;1;0
202200043771;736 023;10;0;1;8;1;1
202200043772;736 022;10;0;1;2;25;1
202200043773;736 020;7;0;2;7;19;1
202200043773;736 021;33;0;2;1;1;1
202200043774;736 018;50;0;2;1;1;3
202200043774;736 019;7;0;2;3;15;2
202200043775;736 016;10;0;2;1;2;1
202200043775;736 017;7;0;1;3;26;1
202200043776;736 015;30;0;1;1;26;1
202200043777;736 013;37;0;2;3;1;1
202200043777;736 014;7;0;2;3;1;1
202200043778;736 012;10;0;1;1;15;1
202200043779;736 010;7;0;2;1;1;1
202200043779;736 011;7;0;2;4;1;1
202200043780;736 008;7;0;2;4;2;1
202200043780;736 009;10;0;2;1;2;1
202200043781;736 006;7;0;2;1;15;1
202200043781;736 007;1;0;2;1;1;5
202200043782;736 004;7;0;2;5;15;1
202200043782;736 005;2;0;2;1;1;1
202200043783;736 003;7;0;1;1;1;1
202200043784;736 001;7;0;2;8;15;1
202200043784;736 002;2;0;2;7;1;1
202200043785;736 000;7;0;1;1;2;1
202200043786;735 997;7;0;1;1;1;1
202200043787;735 996;30;12;0;0;0;1
202200043788;735 992;7;0;2;1;0;1
202200043788;735 993;7;0;2;4;0;1
202200043788;735 994;7;0;2;4;0;1
202200043788;735 995;7;0;2;0;0;1
202200043789;735 991;7;0;1;1;15;1
202200043790;735 990;7;0;1;1;15;1
202200043791;735 989;7;1;0;0;0;1
202200043792;735 988;7;0;1;8;15;1
202200043793;735 987;7;9;0;1;1;1
202200043794;735 985;30;0;2;1;1;1
202200043794;735 986;7;0;2;5;15;3
202200043795;735 984;33;0;2;0;15;1
202200043796;735 982;14;0;2;1;1;1
202200043796;735 983;7;0;2;2;1;1
202200043797;735 980;7;0;2;7;1;1
202200043797;735 981;7;0;2;3;1;1
202200043798;735 979;7;1;1;2;20;1
202200043799;735 976;7;0;2;8;11;1
202200043799;735 977;33;0;2;8;3;1
202200043800;735 973;7;0;2;1;0;1
202200043800;735 974;33;0;2;9;0;1
202200043800;735 975;7;0;2;5;26;1
202200043801;735 969;0;0;0;0;0;0
202200043801;735 970;7;0;2;4;2;1
202200043801;735 971;10;0;2;2;2;1
202200043801;735 972;7;0;2;1;2;1
202200043802;735 967;33;0;2;3;2;1
202200043802;735 968;10;0;2;5;2;1
202200043803;735 965;7;0;2;4;24;1
202200043803;735 966;7;1;0;2;14;1
202200043804;735 963;33;0;2;2;0;1
202200043804;735 964;7;0;2;8;15;1
202200043805;735 958;7;0;2;4;2;1
202200043805;735 959;7;0;2;4;2;2
202200043805;735 960;7;0;2;1;2;1
202200043805;735 961;10;0;2;1;2;1
202200043805;735 962;7;0;2;1;2;1
202200043806;735 955;7;4;2;1;2;1
202200043806;735 956;7;4;2;1;2;1
202200043806;735 957;7;4;2;4;2;1
202200043807;735 953;7;0;2;8;1;1
202200043807;735 954;33;0;2;7;3;1
202200043808;735 952;7;13;0;1;17;1
202200043809;735 951;7;13;0;1;14;1
202200043810;735 948;33;4;0;0;21;1
202200043810;735 949;7;0;2;5;1;0
202200043810;735 950;10;0;2;3;0;0
202200043811;735 945;7;0;2;1;2;1
202200043811;735 946;7;0;2;4;2;1
202200043811;735 947;7;0;2;4;2;1
202200043812;735 944;7;4;0;1;1;1
202200043813;735 942;7;0;2;4;1;1
202200043813;735 943;10;0;2;1;21;1
202200043814;735 941;7;15;1;1;26;1
202200043815;735 940;7;13;0;1;15;1
202200043816;735 938;7;0;2;1;2;1
202200043816;735 939;7;0;2;4;1;1
202200043817;735 937;10;0;0;0;0;1
202200043818;735 935;7;0;9;2;1;1
202200043818;735 936;30;8;2;1;15;1
202200043819;735 934;7;4;0;1;1;1
202200043820;735 932;7;0;9;5;15;1
202200043820;735 933;50;0;2;1;1;3
202200043821;735 930;7;0;2;1;16;0
202200043821;735 931;50;0;2;8;0;3
202200043822;735 928;1;0;2;0;0;0
202200043822;735 929;7;0;2;0;0;1
202200043823;735 926;7;0;2;2;16;1
202200043823;735 927;33;0;2;1;18;1
202200043824;735 924;1;0;2;3;15;6
202200043824;735 925;10;0;2;2;1;1
202200043825;735 922;7;0;2;3;15;1
202200043825;735 923;7;0;2;3;1;1
202200043826;735 921;7;9;0;1;0;1
202200043827;735 920;7;0;0;2;0;1
202200043828;735 918;7;0;2;4;23;1
202200043828;735 919;7;0;2;1;2;1
202200043829;735 914;7;0;2;1;1;1
202200043829;735 915;7;0;2;4;1;1
202200043829;735 916;7;0;2;4;1;1
202200043829;735 917;7;0;2;4;1;1
202200043830;735 912;37;0;2;1;1;1
202200043830;735 913;7;0;2;3;16;1
202200043831;735 910;7;0;2;8;1;1
202200043831;735 911;50;0;2;1;17;3
202200043832;735 909;7;4;0;1;9;1
202200043833;735 906;37;9;2;5;1;1
202200043834;735 904;7;0;2;3;15;1
202200043834;735 905;30;0;2;1;18;1
202200043835;735 903;10;8;0;1;1;1
202200043836;735 902;10;14;1;4;4;1
202200043837;735 900;7;0;2;2;15;1
202200043837;735 901;1;0;2;1;5;5
202200043838;735 898;1;0;2;1;1;5
202200043838;735 899;7;0;9;3;9;2
202200043839;735 896;7;0;2;1;1;1
202200043839;735 897;7;0;2;1;13;1
202200043840;735 894;15;0;2;5;1;1
202200043840;735 895;50;0;2;8;2;3
202200043841;735 892;7;0;2;8;26;1
202200043841;735 893;7;0;2;3;13;1
202200043842;735 890;7;0;2;2;15;1
202200043842;735 891;7;0;2;7;5;1
202200043843;735 888;7;0;2;1;1;1
202200043843;735 889;7;0;2;2;15;1
202200043844;735 886;16;0;0;6;24;1
202200043844;735 887;7;1;0;2;14;1
202200043845;735 884;7;0;2;4;1;2
202200043845;735 885;37;0;2;1;2;1
202200043846;735 882;1;0;2;4;1;5
202200043846;735 883;31;0;2;1;1;1
202200043847;735 879;7;0;2;4;1;1
202200043847;735 880;7;0;2;4;1;1
202200043847;735 881;7;0;2;1;1;1
202200043848;735 878;50;0;0;0;1;3
202200043849;735 877;7;1;0;2;1;1
202200043850;735 876;10;9;0;1;1;1
202200043851;735 875;33;0;0;7;1;1
202200043852;735 873;7;1;2;6;13;1
202200043852;735 874;7;1;2;2;17;1
202200043853;735 871;7;0;2;1;26;1
202200043853;735 872;7;1;2;4;26;1
202200043854;735 870;7;1;0;2;1;1
202200043855;735 869;30;1;0;2;14;1
202200043856;735 867;7;0;2;1;1;1
202200043856;735 868;30;0;2;7;1;1
202200043857;735 866;7;6;0;1;14;1
202200043858;735 862;7;0;2;8;9;1
202200043858;735 863;2;0;2;1;15;1
202200043859;735 861;37;0;1;2;1;1
202200043860;735 859;7;0;0;5;23;1
202200043860;735 860;34;12;2;1;26;1
202200043861;735 856;7;0;9;3;1;1
202200043861;735 857;7;0;2;2;13;1
202200043861;735 858;33;0;2;1;26;1
202200043862;735 854;7;0;2;8;19;1
202200043862;735 855;10;0;2;2;1;1
202200043863;735 851;7;0;2;1;1;1
202200043863;735 852;7;0;2;9;1;3
202200043863;735 853;7;0;2;4;1;1
202200043864;735 850;7;0;1;0;15;1
202200043865;735 848;7;0;2;6;11;1
202200043865;735 849;33;0;2;2;3;1
202200043866;735 846;7;0;2;4;2;1
202200043866;735 847;7;0;2;1;2;1
202200043867;735 845;33;0;0;0;1;1
202200043868;735 842;10;0;2;5;23;1
202200043868;735 843;7;0;2;7;1;1
202200043868;735 844;33;0;2;1;3;1
202200043869;735 841;80;14;0;7;14;3
202200043870;735 838;7;0;2;2;2;1
202200043870;735 839;30;0;2;4;2;1
202200043871;735 837;7;0;2;4;26;1
202200043871;735 840;2;0;2;0;26;1
202200043872;735 835;7;0;1;1;1;1
202200043873;735 836;30;0;0;1;1;1
202200043874;735 834;1;12;0;1;7;5
202200043875;735 831;50;4;1;2;5;3
202200043876;735 832;7;0;2;1;1;3
202200043876;735 833;1;0;2;7;1;5
202200043877;735 830;34;14;0;0;11;1
202200043878;735 827;30;11;0;0;1;1
202200043879;735 828;1;0;2;4;2;0
202200043879;735 829;7;0;2;1;2;0
202200043880;735 824;7;0;2;2;0;2
202200043880;735 825;10;0;2;2;0;1
202200043880;735 826;7;0;2;3;5;1
202200043881;735 822;10;0;2;7;0;1
202200043881;735 823;7;0;2;1;1;1
202200043882;735 821;7;0;1;1;15;1
202200043883;735 819;7;14;0;2;2;0
202200043883;735 820;1;;2;0;0;5
202200043884;735 817;7;0;1;2;1;1
202200043885;735 814;33;0;2;3;2;1
202200043885;735 815;10;0;2;2;2;0
202200043886;735 816;7;0;2;0;0;1
202200043886;735 818;99;0;2;0;0;0
202200043887;735 813;7;0;1;3;0;1
202200043888;735 811;34;0;2;1;1;1
202200043888;735 812;7;0;2;3;20;1
202200043889;735 809;32;0;2;8;1;1
202200043889;735 810;7;0;2;1;15;0
202200043890;735 807;80;0;2;1;1;3
202200043890;735 808;7;0;2;1;15;1
202200043891;735 804;7;0;0;1;0;1
202200043891;735 805;7;0;0;7;0;1
202200043891;735 806;7;0;0;0;0;1
202200043892;735 800;99;0;2;9;1;0
202200043892;735 802;7;0;9;1;1;0
202200043893;735 801;33;0;2;1;1;1
202200043893;735 803;7;0;2;3;5;1
202200043894;735 796;7;0;2;4;2;1
202200043894;735 797;7;0;2;1;1;1
202200043894;735 799;7;0;2;4;1;2
202200043895;735 794;7;0;2;1;2;1
202200043895;735 795;7;0;2;6;20;1
202200043896;735 793;7;0;2;2;15;1
202200043896;735 798;7;0;2;3;1;1
202200043897;735 791;7;0;2;7;1;1
202200043897;735 792;7;0;2;1;1;1
202200043898;735 788;7;0;2;2;17;1
202200043898;735 790;7;4;0;5;1;6
202200043899;735 789;7;0;1;3;15;1
202200043900;735 786;7;0;2;3;10;1
202200043900;735 787;33;0;2;1;1;1
202200043901;735 785;7;0;0;3;19;1
202200043902;735 784;7;1;0;2;1;1
202200043903;735 783;7;8;0;5;1;1
202200043904;735 781;7;2;0;1;5;1
202200043905;735 780;7;0;2;6;2;1
202200043905;735 782;7;0;2;2;2;1
202200043906;735 773;7;0;0;4;1;1
202200043906;735 774;7;0;2;4;1;1
202200043906;735 776;7;0;2;4;0;1
202200043906;735 778;7;0;2;1;1;3
202200043906;735 779;7;0;2;1;1;1
202200043907;735 775;7;0;2;3;1;1
202200043907;735 777;7;0;2;1;15;1
202200043908;735 771;7;0;2;1;21;1
202200043908;735 772;7;0;2;1;5;1
202200043909;735 769;7;6;0;2;1;1
202200043910;735 768;7;0;2;6;17;1
202200043910;735 770;33;0;2;2;17;1
202200043911;735 767;7;15;0;2;14;1
202200043912;735 766;7;6;0;1;13;1
202200043913;735 764;7;0;1;3;19;1
202200043914;735 763;7;0;2;1;1;1
202200043914;735 765;7;0;2;7;19;1
202200043915;735 761;7;2;2;2;2;1
202200043915;735 762;7;0;2;6;18;1
202200043916;735 760;33;3;0;7;1;1
202200043917;735 758;7;0;1;1;1;1
202200043918;735 756;7;2;0;9;1;1
202200043919;735 755;50;0;0;0;1;3
202200043920;735 752;7;16;0;0;1;1
202200043921;735 753;30;0;2;1;1;1
202200043921;735 754;10;0;2;3;19;1
202200043922;735 751;31;13;0;2;0;1
202200043923;735 749;7;0;2;1;2;0
202200043923;735 750;7;0;2;0;2;0
202200043924;735 748;2;6;0;8;13;1
202200043925;735 746;1;0;0;4;2;5
202200043925;735 747;7;0;9;2;2;1
202200043926;735 745;7;0;1;1;1;2
202200043927;735 744;7;0;1;2;13;1
202200043928;735 743;7;13;0;1;1;1
202200043929;735 741;33;3;0;1;1;1
202200043930;735 742;7;0;1;3;2;1
202200043931;735 740;7;2;0;3;13;1
202200043932;735 737;7;0;2;3;19;1
202200043932;735 739;7;0;2;2;1;1
202200043933;735 736;7;8;0;1;14;1
202200043934;735 735;7;2;0;9;14;1
202200043935;735 734;7;0;2;3;2;1
202200043935;735 738;1;0;2;1;25;5
202200043936;735 732;2;0;2;1;1;1
202200043936;735 733;10;0;2;2;15;1
202200043937;735 730;33;13;0;1;1;1
202200043938;735 731;99;0;1;1;19;0
202200043939;735 729;7;2;0;3;1;1
202200043940;735 728;7;0;1;1;1;0
202200043941;735 727;7;16;0;9;14;1
202200043942;735 725;7;3;0;2;14;1
202200043943;735 724;30;16;0;1;13;1
202200043944;735 723;7;0;2;1;19;0
202200043944;735 726;33;3;2;8;26;6
202200043945;735 721;30;0;2;1;0;1
202200043945;735 722;7;0;2;3;1;1
202200043946;735 719;7;3;0;7;14;1
202200043947;735 720;30;0;0;0;1;3
202200043948;735 717;7;3;2;3;21;1
202200043948;735 718;7;3;2;3;13;1
202200043949;735 713;7;0;2;2;17;1
202200043949;735 715;7;0;2;3;21;1
202200043950;735 714;7;1;2;2;14;1
202200043950;735 716;7;0;2;6;1;1
202200043951;735 711;7;0;2;1;1;1
202200043951;735 712;7;0;2;1;13;1
202200043952;735 710;7;0;1;3;1;1
202200043953;735 708;7;0;2;2;1;1
202200043953;735 709;7;0;2;2;13;1
202200043954;735 705;7;0;2;3;1;1
202200043954;735 706;2;0;2;1;1;1
202200043955;735 707;7;0;1;2;9;0
202200043956;735 703;1;14;0;8;9;5
202200043956;735 704;33;0;0;0;9;1
202200043957;735 702;30;0;0;1;1;1
202200043958;735 701;10;2;0;1;1;1
202200043959;735 698;7;13;0;1;1;1
202200043960;735 699;7;0;2;4;1;1
202200043960;735 700;7;0;2;1;2;1
202200043961;735 697;2;0;1;1;1;1
202200043962;735 696;80;12;0;1;14;3
202200043963;735 693;7;0;2;2;1;1
202200043963;735 695;7;0;2;2;17;1
202200043964;735 692;1;0;2;1;9;5
202200043964;735 694;7;0;2;1;1;1
202200043965;735 690;33;0;2;1;1;1
202200043965;735 691;7;0;2;6;16;1
202200043966;735 687;7;0;9;1;2;1
202200043966;735 689;1;0;2;4;2;5
202200043967;735 686;7;0;2;1;1;1
202200043967;735 688;1;0;2;7;19;5
202200043968;735 684;7;0;2;1;1;1
202200043968;735 685;7;0;2;2;6;1
202200043969;735 683;7;0;1;4;4;1
202200043970;735 682;10;8;0;2;14;1
202200043971;735 678;7;0;2;1;13;1
202200043971;735 681;7;0;2;1;0;1
202200043972;735 676;33;0;2;3;3;1
202200043972;735 677;7;0;2;5;1;1
202200043973;735 675;7;1;0;1;2;1
202200043974;735 674;7;4;0;3;1;1
202200043975;735 669;7;0;2;8;1;1
202200043975;735 673;10;0;2;1;1;1
202200043976;735 667;7;0;2;4;2;1
202200043976;735 668;7;0;2;4;2;1
202200043976;735 670;7;0;2;4;2;1
202200043976;735 671;7;0;2;4;2;1
202200043976;735 672;7;0;2;1;2;1
202200043977;735 665;7;3;2;3;1;1
202200043978;735 664;7;1;2;2;1;1
202200043978;735 666;7;0;2;3;1;1
202200043979;735 660;10;0;2;1;1;1
202200043979;735 661;7;0;2;4;2;1
202200043979;735 662;7;0;2;4;2;1
202200043979;735 663;99;0;2;4;2;1
202200043980;735 657;7;4;0;2;2;1
202200043981;735 658;7;0;2;1;1;1
202200043981;735 659;7;8;2;1;15;1
202200043982;735 654;7;0;2;1;2;1
202200043982;735 655;7;0;2;4;2;2
202200043983;735 650;7;0;2;1;2;1
202200043983;735 651;10;0;2;4;2;1
202200043983;735 652;7;0;2;4;2;1
202200043983;735 653;7;0;2;4;2;1
202200043983;735 656;7;0;2;4;2;0
202200043984;735 645;7;0;2;7;12;1
202200043984;735 648;33;0;2;6;3;1
202200043985;735 646;7;0;2;4;2;1
202200043985;735 647;7;0;2;9;2;1
202200043985;735 649;10;0;2;1;9;1
202200043986;735 643;7;0;2;1;13;1
202200043986;735 644;7;0;2;4;2;3
202200043987;735 639;31;0;2;7;3;1
202200043987;735 641;7;0;2;6;11;1
202200043988;735 640;43;0;2;8;11;1
202200043988;735 642;7;0;2;5;1;1
202200043989;735 637;10;0;2;4;2;1
202200043989;735 638;7;0;2;1;2;1
202200043990;735 636;7;0;1;1;1;1
202200043991;735 634;7;0;2;3;11;1
202200043991;735 635;17;0;2;2;1;1
202200043992;735 632;30;0;2;1;15;1
202200043992;735 633;7;0;2;8;1;1
202200043993;735 630;7;0;2;8;11;1
202200043993;735 631;34;0;2;1;3;1
202200043994;735 629;31;0;0;0;1;1
202200043995;735 626;30;0;0;1;1;1
202200043996;735 624;7;0;2;4;23;2
202200043996;735 625;7;0;2;4;23;1
202200043996;735 627;7;0;2;4;23;1
202200043996;735 628;7;0;2;1;1;1
202200043997;735 621;10;0;2;4;26;1
202200043997;735 623;7;0;2;1;2;1
202200043998;735 618;7;0;2;6;3;1
202200043998;735 619;7;0;2;2;12;1
202200043998;735 620;10;0;2;8;1;1
202200043998;735 622;33;0;2;8;1;1
202200043999;735 616;1;0;2;1;19;5
202200043999;735 617;14;0;2;1;1;1
202200044000;735 614;7;0;2;4;2;1
202200044000;735 615;14;0;2;4;2;1
202200044001;735 613;7;1;0;2;1;1
202200044002;735 612;7;0;1;1;1;1
202200044003;735 609;7;0;1;1;1;1
202200044004;735 610;7;0;2;1;1;1
202200044004;735 611;1;0;2;8;9;5
202200044005;735 608;10;0;1;0;0;1
202200044006;735 607;7;0;1;1;16;1
202200044007;735 605;1;15;2;1;1;5
202200044007;735 606;10;15;2;2;15;1
202200044008;735 603;7;0;2;3;15;1
202200044008;735 604;7;0;2;1;1;1
202200044009;735 601;7;0;2;4;2;1
202200044009;735 602;7;0;2;1;2;1
202200044010;735 600;7;0;1;1;1;1
202200044011;735 599;32;0;1;1;26;1
202200044012;735 597;7;0;2;1;1;1
202200044012;735 598;7;0;2;4;1;1
202200044013;735 595;7;0;1;1;1;1
202200044014;735 592;7;0;2;4;2;1
202200044014;735 594;10;0;2;3;9;1
202200044015;735 593;7;0;2;3;15;1
202200044015;735 596;32;0;2;7;1;1
202200044016;735 590;7;0;2;7;16;0
202200044016;735 591;1;0;2;3;1;5
202200044017;735 589;31;0;0;0;0;1
202200044018;735 588;30;0;0;7;26;1
202200044019;735 587;10;0;1;1;1;1
202200044020;735 585;7;0;1;1;1;1
202200044021;735 584;1;0;0;0;0;5
202200044021;735 586;2;0;9;1;2;1
202200044022;735 582;7;0;2;1;1;1
202200044022;735 583;7;0;2;7;15;1
202200044023;735 580;10;0;2;5;1;1
202200044023;735 581;50;0;2;1;9;3
202200044024;735 577;7;0;2;2;2;1
202200044024;735 578;31;0;2;4;2;1
202200044024;735 579;7;0;2;4;2;1
202200044025;735 573;7;0;2;2;1;1
202200044025;735 574;7;0;2;3;1;1
202200044025;735 575;14;14;2;0;1;1
202200044026;735 572;31;0;2;1;1;1
202200044026;735 576;2;0;2;8;10;1
202200044027;735 571;7;0;1;0;26;1
202200044028;735 567;7;0;2;3;1;1
202200044028;735 569;50;0;2;1;1;3
202200044029;735 568;1;0;2;7;1;5
202200044029;735 570;7;0;2;1;1;1
202200044030;735 564;7;0;2;2;11;1
202200044030;735 565;33;0;2;1;12;1
202200044031;735 563;7;0;2;8;15;1
202200044031;735 566;50;0;2;7;13;3
202200044032;735 562;7;0;1;3;2;1
202200044033;735 560;7;0;1;2;1;1
202200044034;735 559;7;0;2;1;1;1
202200044034;735 561;7;0;2;6;1;1
202200044035;735 557;2;0;2;7;17;3
202200044035;735 558;7;0;2;3;15;1
202200044036;735 554;10;0;2;3;1;1
202200044036;735 556;31;0;2;1;1;1
202200044037;735 553;7;0;2;5;16;1
202200044037;735 555;34;0;2;1;1;1
202200044038;735 549;7;0;1;3;1;1
202200044039;735 548;7;1;0;1;1;1
202200044039;735 550;7;0;2;4;1;1
202200044039;735 551;7;0;2;1;1;1
202200044039;735 552;7;0;2;4;24;1
202200044040;735 545;0;0;2;0;0;0
202200044040;735 546;7;0;2;3;16;1
202200044041;735 544;2;0;2;1;1;1
202200044041;735 547;7;0;2;8;19;1
202200044042;735 541;7;0;2;2;0;1
202200044042;735 543;7;0;2;1;26;1
202200044043;735 540;7;0;2;2;1;1
202200044043;735 542;7;0;2;1;9;1
202200044044;735 537;7;0;1;1;1;1
202200044045;735 534;7;0;1;8;15;2
202200044046;735 533;7;0;2;1;23;1
202200044046;735 535;7;0;2;8;23;1
202200044046;735 536;7;0;2;4;2;1
202200044046;735 538;7;0;2;4;2;1
202200044046;735 539;7;0;2;1;13;1
202200044047;735 531;7;0;1;2;1;1
202200044048;735 530;2;0;2;1;1;1
202200044048;735 532;7;0;2;6;1;1
202200044049;735 527;7;0;1;1;1;1
202200044050;735 528;7;0;2;4;1;1
202200044050;735 529;7;0;2;1;1;1
202200044051;735 525;7;6;0;3;13;1
202200044052;735 523;7;0;2;4;2;1
202200044052;735 524;7;0;2;4;2;1
202200044052;735 526;7;0;2;1;2;1
202200044053;735 520;7;0;2;3;9;1
202200044053;735 522;2;0;2;8;1;1
202200044054;735 519;2;0;2;8;1;1
202200044054;735 521;7;0;2;1;1;1
202200044055;735 517;50;0;2;8;19;3
202200044055;735 518;7;0;2;2;1;1
202200044056;735 515;7;0;2;4;23;0
202200044056;735 516;7;0;2;1;2;1
202200044057;735 513;7;0;2;1;1;1
202200044057;735 514;7;0;2;4;1;1
202200044058;735 511;1;0;2;1;15;5
202200044058;735 512;7;0;9;1;1;1
202200044059;735 509;1;0;2;8;25;5
202200044059;735 510;10;0;2;1;26;1
202200044060;735 506;7;0;2;1;11;1
202200044060;735 507;33;0;2;1;1;1
202200044061;735 504;7;0;1;3;1;1
202200044062;735 502;7;0;2;1;15;1
202200044062;735 505;7;0;2;1;1;1
202200044062;735 508;7;0;2;1;23;1
202200044063;735 501;34;0;2;2;17;1
202200044063;735 503;10;0;2;8;15;1
202200044064;735 497;30;0;2;1;17;1
202200044064;735 499;7;0;2;6;17;0
202200044064;735 500;2;0;2;4;23;1
202200044065;735 495;7;0;2;3;15;1
202200044065;735 496;2;0;2;1;1;1
202200044066;735 494;7;0;1;1;1;1
202200044067;735 493;7;0;1;2;1;1
202200044068;735 490;7;0;2;1;15;1
202200044068;735 492;33;0;2;3;1;0
202200044069;735 491;33;3;0;0;18;1
202200044070;735 487;30;0;1;1;10;0
202200044071;735 488;0;0;1;1;26;0
202200044072;735 484;7;0;1;2;9;1
202200044073;735 483;7;0;2;6;15;1
202200044073;735 485;2;0;2;1;1;1
202200044074;735 480;7;0;2;1;2;1
202200044074;735 481;7;0;2;4;2;1
202200044075;735 479;7;8;0;2;21;1
202200044076;735 476;7;0;2;5;15;1
202200044076;735 477;7;0;2;2;1;1
202200044077;735 474;7;0;9;2;13;1
202200044078;735 468;7;0;1;1;1;1
202200044079;735 469;7;0;2;8;9;1
202200044079;735 471;7;0;2;3;1;1
202200044080;735 466;7;0;1;3;1;1
202200044081;735 465;7;0;1;3;15;1
202200044082;735 464;7;0;1;4;26;1
202200044083;735 459;7;0;2;8;9;1
202200044083;735 462;37;0;2;1;1;1
202200044084;735 460;7;0;2;1;19;1
202200044084;735 463;7;0;2;7;19;1
202200044085;735 458;7;0;1;2;1;2
202200044086;735 455;1;0;2;1;0;5
202200044086;735 457;7;0;2;1;9;1
202200044087;735 456;10;0;1;1;2;1
202200044088;735 454;7;0;1;1;1;1
202200044089;735 453;33;0;0;7;0;1
202200044090;735 451;7;0;1;1;2;1
202200044091;735 450;7;0;1;1;15;1
202200044092;735 445;1;0;2;2;1;5
202200044092;735 447;7;0;2;8;22;1
202200044093;735 446;7;0;2;4;1;1
202200044093;735 448;7;0;2;4;1;1
202200044093;735 449;7;0;2;1;1;1
202200044093;735 452;7;0;2;4;1;1
202200044094;735 443;7;0;1;3;1;1
202200044095;735 442;7;0;2;8;13;1
202200044095;735 444;7;0;2;7;1;1
202200044096;735 440;7;0;2;4;2;1
202200044096;735 441;7;0;2;1;2;1
202200044097;735 438;7;0;2;2;17;1
202200044098;735 436;7;0;2;3;12;1
202200044098;735 437;7;0;2;5;1;1
202200044098;735 439;7;0;2;4;1;1
202200044099;735 433;7;0;2;7;15;1
202200044099;735 435;32;0;2;2;1;1
202200044100;735 431;7;0;2;1;2;1
202200044100;735 432;7;0;2;4;2;1
202200044100;735 434;7;0;2;4;2;1
202200044101;735 429;32;0;2;1;17;1
202200044101;735 430;7;0;2;6;15;1
202200044102;735 427;30;0;2;1;1;1
202200044102;735 428;7;0;2;2;15;1
202200044103;735 425;30;0;1;1;5;1
202200044104;735 424;7;0;1;1;26;1
202200044105;735 422;80;9;0;7;11;3
202200044106;735 421;31;0;2;4;1;1
202200044106;735 423;10;0;2;1;1;1
202200044107;735 420;1;0;0;0;13;5
202200044108;735 418;32;0;0;7;1;1
202200044109;735 417;7;0;2;3;1;1
202200044109;735 419;33;1;2;2;17;1
202200044110;735 414;7;0;2;5;23;1
202200044110;735 415;80;0;2;1;2;3
202200044111;735 413;30;0;2;8;18;1
202200044111;735 416;7;0;2;2;9;1
202200044112;735 411;33;0;2;7;1;1
202200044112;735 412;1;0;2;8;15;5
202200044113;735 410;7;0;1;1;15;1
202200044114;735 409;34;8;0;1;1;1
202200044115;735 407;10;0;1;2;1;3
202200044116;735 406;7;0;2;2;1;1
202200044116;735 408;7;0;2;3;1;1
202200044117;735 404;7;0;2;8;22;1
202200044117;735 405;80;0;2;7;1;3
202200044118;735 402;7;0;0;1;1;1
202200044118;735 403;7;0;2;2;1;1
202200044119;735 400;7;0;2;1;1;1
202200044119;735 401;7;0;2;6;23;2
202200044120;735 395;7;0;2;6;1;2
202200044120;735 398;7;0;2;1;1;1
202200044121;735 394;10;1;2;1;1;1
202200044121;735 396;7;1;2;4;23;1
202200044121;735 397;7;0;2;4;23;1
202200044121;735 399;7;0;2;4;23;1
202200044122;735 391;33;0;2;7;14;1
202200044122;735 393;7;0;2;3;16;1
202200044123;735 389;30;9;2;5;13;1
202200044123;735 390;7;14;0;0;0;1
202200044123;735 392;7;1;0;0;0;1
202200044124;735 388;7;7;0;1;13;1
202200044125;735 387;7;0;1;1;1;1
202200044126;735 386;32;4;2;1;1;1
202200044127;735 384;7;0;2;1;15;1
202200044127;735 385;7;0;2;1;1;1
202200044128;735 383;1;0;1;0;1;5
202200044129;735 380;30;8;0;0;13;3
202200044130;735 377;7;0;2;2;17;1
202200044130;735 378;1;0;2;3;1;5
202200044131;735 376;7;0;1;2;9;1
202200044132;735 373;80;0;2;1;18;3
202200044132;735 375;7;0;2;5;22;0
202200044133;735 372;7;0;2;1;2;1
202200044133;735 374;33;0;2;4;23;1
202200044134;735 369;10;0;2;3;15;1
202200044134;735 371;34;0;2;7;17;1
202200044135;735 368;7;0;2;1;9;1
202200044135;735 370;7;0;2;1;1;1
202200044136;735 366;7;1;0;1;13;1
202200044137;735 365;30;0;2;1;17;1
202200044137;735 367;7;0;2;3;23;2
202200044138;735 364;7;1;0;1;1;1
202200044139;735 360;1;0;2;2;19;5
202200044139;735 362;7;0;2;1;1;0
202200044140;735 357;7;0;2;1;15;0
202200044140;735 359;50;0;2;8;19;3
202200044141;735 356;7;0;2;3;16;1
202200044141;735 358;33;0;2;2;1;1
202200044142;735 354;7;0;1;2;1;1
202200044143;735 352;7;0;2;4;23;1
202200044143;735 353;7;0;2;4;23;1
202200044143;735 355;7;1;0;0;0;1
202200044144;735 349;1;0;2;1;5;5
202200044144;735 351;7;0;2;1;16;2
202200044145;735 348;2;0;2;6;1;1
202200044145;735 350;10;0;2;3;1;1
202200044146;735 345;7;0;2;2;15;1
202200044146;735 347;30;0;2;1;18;1
202200044147;735 344;1;0;2;4;0;5
202200044147;735 346;7;0;2;3;9;1
202200044148;735 341;10;0;2;1;2;1
202200044148;735 342;80;0;2;4;2;3
202200044149;735 340;7;0;2;5;16;1
202200044149;735 343;32;0;2;3;18;3
202200044150;735 337;32;0;2;1;1;1
202200044150;735 339;7;0;2;0;1;0
202200044151;735 336;7;0;2;8;1;1
202200044151;735 338;2;0;2;1;19;1
202200044152;735 332;33;0;2;1;1;1
202200044152;735 334;7;0;2;0;15;1
202200044153;735 333;32;0;2;2;12;3
202200044153;735 335;7;0;2;3;1;1
202200044154;735 330;7;0;2;1;1;1
202200044154;735 331;50;0;2;1;19;3
202200044155;735 327;7;0;2;3;15;1
202200044155;735 329;33;0;2;1;1;1
202200044156;735 326;7;0;2;1;1;3
202200044156;735 328;7;0;2;2;26;1
202200044157;735 325;33;0;1;1;1;1
202200044158;735 322;7;0;2;1;19;1