Num_Acc;id_vehicule;categorie_vehicule;obstacle_fixe;obstacle_mobile;point_choc_initial;manoeuvre_principale;motorisation
202200044158;735 324;7;0;2;3;19;1
202200044159;735 321;7;0;2;1;0;0
202200044159;735 323;7;0;2;5;1;1
202200044160;735 318;1;0;2;7;1;5
202200044160;735 320;2;0;2;1;9;1
202200044161;735 316;7;0;2;1;13;1
202200044161;735 317;7;0;2;3;1;1
202200044161;735 319;7;0;2;2;1;1
202200044162;735 315;7;0;1;1;1;1
202200044163;735 313;10;0;2;3;16;1
202200044163;735 314;2;0;2;3;21;1
202200044164;735 311;80;0;2;6;19;3
202200044164;735 312;7;0;2;1;1;1
202200044165;735 310;32;0;1;2;17;1
202200044166;735 308;33;0;0;3;15;1
202200044167;735 307;7;0;2;3;1;1
202200044167;735 309;7;0;2;1;1;1
202200044168;735 304;7;0;1;2;1;1
202200044169;735 302;7;0;2;2;5;1
202200044169;735 303;34;0;2;1;1;1
202200044170;735 298;10;6;2;2;1;1
202200044170;735 300;10;0;2;3;1;0
202200044171;735 299;7;0;2;1;15;1
202200044171;735 301;80;0;2;2;1;3
202200044172;735 297;10;0;1;1;0;1
202200044173;735 294;32;0;2;1;15;1
202200044173;735 295;32;0;2;1;1;1
202200044174;735 293;7;0;0;0;1;1
202200044174;735 296;7;1;2;7;19;1
202200044175;735 291;7;0;2;1;1;1
202200044175;735 292;7;0;2;4;1;1
202200044176;735 288;33;0;2;1;1;1
202200044176;735 289;7;0;2;1;1;1
202200044176;735 290;7;0;2;6;1;2
202200044177;735 286;7;0;2;1;1;1
202200044177;735 287;7;0;2;4;1;1
202200044178;735 283;7;0;2;3;13;1
202200044178;735 284;7;0;2;1;1;1
202200044178;735 285;7;0;2;3;1;1
202200044179;735 281;3;0;2;7;1;1
202200044179;735 282;7;0;2;3;16;2
202200044180;735 279;36;0;2;3;13;1
202200044180;735 280;10;0;2;2;1;1
202200044181;735 277;7;2;0;3;0;1
202200044182;735 276;32;0;2;7;1;1
202200044182;735 278;7;0;2;3;9;1
202200044183;735 275;7;6;0;1;1;1
202200044184;735 273;7;0;2;8;1;1
202200044184;735 274;30;0;2;1;1;1
202200044185;735 271;7;0;0;3;0;1
202200044185;735 272;7;0;0;3;0;1
202200044186;735 269;50;0;2;1;19;3
202200044186;735 270;7;0;9;3;19;1
202200044187;735 268;7;13;0;2;1;1
202200044188;735 266;32;0;2;1;1;1
202200044188;735 267;37;0;2;3;15;1
202200044189;735 264;7;0;2;1;1;1
202200044189;735 265;7;0;2;4;9;1
202200044190;735 262;7;0;2;3;1;1
202200044190;735 263;7;0;2;1;15;1
202200044191;735 260;1;0;2;1;1;5
202200044191;735 261;7;0;0;3;24;1
202200044192;735 258;7;0;2;3;1;1
202200044192;735 259;33;0;2;1;19;1
202200044193;735 256;2;0;2;4;13;1
202200044193;735 257;7;0;2;1;13;1
202200044194;735 253;7;0;2;2;9;1
202200044194;735 255;60;0;2;1;1;5
202200044195;735 252;7;0;2;1;15;1
202200044195;735 254;10;0;2;2;1;1
202200044196;735 250;50;0;2;1;17;3
202200044196;735 251;1;0;2;3;2;5
202200044197;735 248;7;0;2;2;17;1
202200044197;735 249;7;0;2;3;15;1
202200044198;735 246;50;1;2;1;1;3
202200044198;735 247;7;1;2;8;22;1
202200044199;735 245;7;6;0;2;14;1
202200044200;735 243;7;0;2;7;17;1
202200044200;735 244;2;0;2;0;20;1
202200044201;735 242;7;0;1;2;16;1
202200044202;735 240;50;0;2;1;1;3
202200044202;735 241;7;0;2;7;16;1
202200044203;735 239;2;6;0;1;0;1
202200044204;735 238;7;8;0;1;0;1
202200044205;735 237;7;13;0;0;13;1
202200044206;735 230;7;0;2;7;13;1
202200044206;735 231;7;0;2;1;1;1
202200044206;735 232;7;0;2;2;1;1
202200044207;735 228;7;0;2;4;23;1
202200044207;735 229;7;0;2;1;2;1
202200044208;735 226;7;0;2;2;1;1
202200044208;735 227;13;0;2;1;13;1
202200044209;735 225;3;1;0;1;1;1
202200044210;735 223;3;0;2;1;1;1
202200044210;735 224;7;0;2;3;1;1
202200044211;735 221;7;13;0;3;1;1
202200044212;735 220;32;0;2;1;1;1
202200044212;735 222;7;0;2;1;9;1
202200044213;735 219;7;2;0;1;1;1
202200044214;735 217;2;0;0;0;1;1
202200044215;735 216;7;0;2;1;1;1
202200044215;735 218;7;0;2;8;15;1
202200044216;735 215;7;2;0;1;1;1
202200044217;735 213;7;6;0;2;14;1
202200044218;735 212;30;0;2;8;1;1
202200044218;735 214;7;0;2;1;1;1
202200044219;735 211;7;2;0;2;1;1
202200044220;735 210;7;0;1;1;0;1
202200044221;735 208;7;0;0;2;26;0
202200044221;735 209;7;0;2;1;1;0
202200044222;735 206;7;2;0;2;1;1
202200044223;735 205;33;0;2;1;1;1
202200044223;735 207;7;0;2;5;15;1
202200044224;735 204;7;4;0;2;1;1
202200044225;735 203;7;4;0;3;1;1
202200044226;735 202;31;9;0;1;1;1
202200044227;735 199;7;0;2;1;1;1
202200044227;735 201;7;3;0;1;14;1
202200044228;735 196;7;0;2;3;13;1
202200044228;735 198;7;0;2;3;0;1
202200044229;735 195;7;0;2;6;1;1
202200044229;735 197;7;0;2;2;17;1
202200044230;735 193;37;12;0;2;26;1
202200044230;735 194;30;16;0;2;9;1
202200044231;735 189;7;0;2;1;1;1
202200044231;735 191;7;0;2;1;17;1
202200044231;735 192;7;0;2;6;2;1
202200044232;735 188;30;0;2;1;1;1
202200044232;735 190;10;0;2;3;1;1
202200044233;735 184;7;0;2;3;1;1
202200044233;735 187;7;0;2;3;1;0
202200044234;735 185;7;0;2;4;2;1
202200044234;735 186;7;9;2;1;2;1
202200044235;735 183;7;0;1;1;26;1
202200044236;735 181;7;3;0;1;1;1
202200044237;735 180;7;0;2;1;15;1
202200044237;735 182;7;0;2;1;1;1
202200044238;735 178;33;0;2;1;1;1
202200044238;735 179;1;0;2;1;5;5
202200044239;735 177;7;12;0;1;1;1
202200044240;735 176;33;0;6;1;0;1
202200044241;735 175;7;0;1;1;16;1
202200044242;735 172;7;6;0;1;26;1
202200044243;735 173;30;0;2;1;1;1
202200044243;735 174;7;0;0;4;1;1
202200044244;735 169;7;0;2;8;1;1
202200044244;735 171;7;0;2;7;1;1
202200044245;735 168;7;0;2;2;15;1
202200044245;735 170;31;0;2;1;1;1
202200044246;735 164;33;0;2;4;3;1
202200044246;735 166;31;0;2;1;3;1
202200044247;735 163;7;0;2;1;9;1
202200044247;735 165;7;0;2;1;1;1
202200044247;735 167;7;0;2;4;1;1
202200044248;735 161;7;0;2;1;2;1
202200044248;735 162;10;0;2;4;2;1
202200044249;735 157;10;0;2;8;11;1
202200044249;735 159;33;0;2;7;1;1
202200044249;735 160;7;0;2;4;2;1
202200044250;735 156;33;0;2;8;11;1
202200044250;735 158;7;0;2;2;12;1
202200044251;735 153;7;14;0;1;21;1
202200044251;735 154;7;3;0;1;23;1
202200044251;735 155;7;1;0;1;1;1
202200044252;735 150;1;0;2;4;13;5
202200044252;735 152;37;0;2;2;17;2
202200044253;735 149;7;0;2;4;2;1
202200044253;735 151;7;0;2;1;2;1
202200044254;735 147;7;0;2;4;1;1
202200044254;735 148;7;0;2;1;1;1
202200044255;735 146;33;0;0;8;1;1
202200044256;735 143;7;0;2;3;2;2
202200044256;735 145;33;0;2;1;2;1
202200044257;735 144;1;0;0;0;21;5
202200044258;735 141;30;0;9;0;1;3
202200044259;735 139;7;0;2;1;2;1
202200044259;735 140;7;0;2;4;2;1
202200044259;735 142;7;0;2;4;2;1
202200044260;735 137;7;0;1;1;15;1
202200044261;735 136;10;0;2;1;2;1
202200044261;735 138;7;0;2;4;2;1
202200044262;735 134;7;0;2;4;2;1
202200044262;735 135;7;0;2;1;2;1
202200044263;735 133;33;0;1;3;1;1
202200044264;735 130;10;0;1;3;1;1
202200044265;735 129;7;0;2;4;23;1
202200044265;735 131;7;0;2;1;9;1
202200044265;735 132;7;0;2;1;2;1
202200044266;735 126;7;0;2;1;21;1
202200044266;735 128;7;3;0;1;13;1
202200044267;735 125;1;0;2;1;13;5
202200044267;735 127;1;0;2;1;1;5
202200044268;735 123;7;0;2;6;11;1
202200044268;735 124;7;0;2;2;1;1
202200044269;735 122;50;0;0;0;16;3
202200044270;735 121;7;3;0;2;1;2
202200044271;735 118;1;0;2;1;1;5
202200044271;735 120;10;0;2;2;22;1
202200044272;735 117;7;0;2;2;17;1
202200044272;735 119;80;0;2;4;1;3
202200044273;735 116;7;3;0;8;16;2
202200044274;735 115;50;1;0;0;0;3
202200044275;735 113;7;3;0;0;1;1
202200044276;735 111;14;0;2;1;2;1
202200044276;735 114;7;0;2;0;0;1
202200044277;735 110;7;0;2;1;1;0
202200044277;735 112;7;0;2;8;1;3
202200044278;735 108;7;0;2;4;2;1
202200044278;735 109;10;0;2;1;2;1
202200044279;735 104;7;1;2;1;1;1
202200044279;735 105;7;0;2;4;1;1
202200044280;735 106;14;0;2;2;1;1
202200044280;735 107;7;0;2;8;9;1
202200044281;735 102;33;0;2;7;1;1
202200044281;735 103;7;0;2;8;11;1
202200044282;735 099;7;0;2;5;1;1
202200044282;735 101;34;0;1;3;1;1
202200044283;735 100;33;0;0;0;0;1
202200044284;735 098;7;13;0;9;26;1
202200044285;735 096;7;0;2;3;1;1
202200044285;735 097;7;0;2;1;15;1
202200044286;735 094;7;0;2;4;2;1
202200044286;735 095;17;0;2;1;2;1
202200044287;735 090;7;0;2;2;2;1
202200044287;735 092;1;0;2;1;0;5
202200044288;735 091;7;0;2;2;1;1
202200044288;735 093;32;0;2;1;1;1
202200044289;735 087;33;0;0;7;21;1
202200044290;735 086;7;0;2;1;1;1
202200044290;735 088;7;0;2;4;1;1
202200044290;735 089;7;0;2;4;1;1
202200044291;735 083;33;3;2;1;3;1
202200044291;735 085;7;3;2;8;11;1
202200044292;735 082;7;0;2;1;1;1
202200044292;735 084;7;0;2;5;15;2
202200044293;735 078;7;0;2;5;9;1
202200044293;735 080;33;0;2;3;1;1
202200044294;735 075;7;1;0;4;23;2
202200044294;735 076;7;1;0;4;23;1
202200044294;735 077;7;1;0;4;23;1
202200044294;735 079;10;1;0;4;23;1
202200044294;735 081;7;1;0;1;1;2
202200044295;735 072;43;0;2;5;16;1
202200044295;735 074;7;0;2;3;9;1
202200044296;735 069;1;0;0;0;1;5
202200044297;735 067;7;4;2;6;2;1
202200044297;735 068;7;4;2;5;2;1
202200044297;735 070;7;4;2;5;2;1
202200044297;735 071;7;4;2;5;2;1
202200044297;735 073;7;4;2;2;12;1
202200044298;735 066;10;8;0;2;0;1
202200044299;735 062;14;0;2;4;1;1
202200044299;735 064;7;0;2;4;1;1
202200044300;735 063;7;0;2;5;15;1
202200044300;735 065;33;0;2;1;1;1
202200044301;735 061;7;0;1;1;2;1
202200044302;735 059;2;9;0;1;1;1
202200044303;735 058;33;0;2;1;1;1
202200044303;735 060;7;0;2;4;2;1
202200044304;735 053;17;0;2;5;17;1
202200044304;735 056;7;0;2;3;20;1
202200044305;735 055;33;0;2;1;2;1
202200044305;735 057;7;0;2;4;1;1
202200044306;735 052;7;0;2;3;11;1
202200044306;735 054;34;0;2;7;3;1
202200044307;735 048;80;0;2;8;19;3
202200044307;735 050;7;0;9;1;1;1
202200044308;735 047;7;0;2;3;0;1
202200044308;735 051;7;0;2;7;9;1
202200044309;735 046;7;3;2;8;12;1
202200044309;735 049;7;0;2;7;1;1
202200044310;735 042;7;0;2;6;11;1
202200044310;735 044;16;0;2;2;1;1
202200044311;735 040;7;0;2;1;1;1
202200044311;735 043;7;0;2;4;1;1
202200044312;735 041;7;0;2;4;2;1
202200044312;735 045;7;0;2;1;2;1
202200044313;735 038;33;1;0;2;0;1
202200044314;735 036;7;1;2;1;2;1
202200044314;735 039;7;0;2;4;24;1
202200044315;735 035;7;0;2;1;2;1
202200044315;735 037;7;0;2;4;23;1
202200044316;735 033;7;0;9;6;15;1
202200044316;735 034;34;0;2;1;1;1
202200044317;735 031;33;0;2;2;1;1
202200044317;735 032;7;0;2;8;11;1
202200044318;735 027;7;3;2;7;19;1
202200044318;735 029;7;0;2;1;2;1
202200044319;735 028;50;0;2;1;15;3
202200044319;735 030;7;0;2;3;15;1
202200044320;735 026;30;0;1;1;1;1
202200044321;735 024;99;0;9;1;1;1
202200044321;735 025;0;0;2;0;0;0
202200044322;735 023;7;0;1;3;1;1
202200044323;735 022;7;0;1;2;16;1
202200044324;735 019;30;0;2;8;1;1
202200044324;735 021;7;0;2;1;1;1
202200044325;735 020;7;0;1;3;16;1
202200044326;735 017;7;0;1;2;17;1
202200044327;735 016;7;0;2;3;15;1
202200044327;735 018;7;0;2;2;1;2
202200044328;735 013;7;0;2;2;10;1
202200044328;735 015;32;0;2;3;1;1
202200044329;735 010;10;0;1;7;0;6
202200044330;735 009;7;0;1;4;20;1
202200044331;735 007;7;13;0;0;21;1
202200044332;735 008;7;0;2;4;1;1
202200044332;735 011;7;0;2;4;23;2
202200044332;735 014;7;0;2;1;1;1
202200044333;735 004;7;0;1;4;0;1
202200044334;735 006;50;0;0;0;0;3
202200044335;735 002;2;0;2;3;1;1
202200044335;735 003;7;0;2;5;16;1
202200044336;735 001;7;0;2;3;19;2
202200044336;735 005;33;6;2;1;1;1
202200044337;735 000;50;0;0;0;1;3
202200044338;734 998;7;0;2;3;9;1
202200044338;734 999;30;0;2;1;17;1
202200044339;734 996;30;0;0;3;1;1
202200044340;734 994;33;0;2;1;17;1
202200044340;734 997;7;0;2;8;15;1
202200044341;734 992;7;9;2;7;12;1
202200044341;734 995;32;9;2;1;1;1
202200044342;734 989;7;0;2;1;1;2
202200044342;734 993;32;0;2;7;5;1
202200044343;734 988;7;0;2;0;15;1
202200044343;734 990;2;0;2;8;1;1
202200044344;734 987;10;0;1;2;1;1
202200044345;734 986;7;0;0;1;26;1
202200044346;734 984;7;0;0;2;1;1
202200044347;734 983;33;0;2;1;1;1
202200044347;734 985;7;0;2;7;15;1
202200044348;734 982;33;13;0;1;1;1
202200044349;734 979;1;0;2;7;2;0
202200044349;734 981;7;0;2;1;0;1
202200044350;734 978;7;0;1;3;1;1
202200044351;734 977;7;0;2;3;9;1
202200044351;734 980;1;0;2;1;1;5
202200044352;734 975;33;0;0;8;1;1
202200044353;734 971;7;0;2;2;17;1
202200044353;734 973;10;0;0;6;1;1
202200044353;734 976;7;0;0;0;2;1
202200044354;734 969;7;8;0;7;14;1
202200044355;734 970;33;0;2;7;17;1
202200044355;734 972;7;0;2;8;23;1
202200044356;734 968;7;0;1;1;1;1
202200044357;734 967;7;0;0;0;1;1
202200044358;734 963;10;0;2;1;1;0
202200044358;734 966;7;0;2;3;1;1
202200044359;734 965;7;14;0;1;26;1
202200044360;734 961;7;6;0;1;14;1
202200044361;734 960;10;0;9;6;23;1
202200044361;734 962;1;1;0;1;1;5
202200044362;734 959;33;0;0;2;2;1
202200044363;734 957;7;0;2;4;1;1
202200044363;734 958;7;0;2;1;1;1
202200044364;734 956;7;4;0;3;1;1
202200044365;734 953;32;0;2;6;23;1
202200044365;734 955;7;0;2;6;2;3
202200044366;734 952;7;0;2;3;15;1
202200044366;734 954;50;0;2;8;19;3
202200044367;734 951;1;0;1;1;1;5
202200044368;734 950;7;13;0;1;1;1
202200044369;734 949;7;0;1;6;26;1
202200044370;734 947;7;0;1;0;1;1
202200044371;734 946;17;0;2;2;0;1
202200044371;734 948;7;0;2;3;1;1
202200044372;734 944;7;0;0;9;1;1
202200044373;734 943;30;8;0;2;14;1
202200044374;734 940;7;0;0;4;2;1
202200044374;734 941;7;0;0;4;2;1
202200044374;734 945;7;0;0;4;2;1
202200044375;734 939;7;0;2;4;26;1
202200044375;734 942;7;0;2;1;1;1
202200044376;734 937;33;0;0;0;0;1
202200044377;734 936;34;0;9;0;26;1
202200044377;734 938;1;0;2;0;15;5
202200044378;734 934;7;0;2;1;15;1
202200044378;734 935;33;0;2;1;1;1
202200044379;734 930;7;0;2;3;1;1
202200044379;734 933;1;0;2;1;1;5
202200044380;734 929;7;0;2;8;15;1
202200044380;734 932;33;0;2;1;17;1
202200044381;734 928;30;0;2;1;5;1
202200044381;734 931;1;0;2;0;0;5
202200044382;734 927;7;0;1;1;16;1
202200044383;734 925;7;0;0;2;1;1
202200044384;734 922;50;0;2;3;1;3
202200044384;734 926;7;0;2;2;9;1
202200044385;734 920;7;12;2;8;1;1
202200044385;734 923;10;0;2;0;0;1
202200044386;734 917;32;0;0;1;1;1
202200044387;734 916;3;8;0;1;1;1
202200044388;734 915;33;0;2;1;1;1
202200044388;734 919;7;0;2;3;15;1
202200044389;734 914;7;0;2;8;16;1
202200044389;734 918;7;0;0;0;0;0
202200044390;734 907;7;0;2;4;1;0
202200044390;734 913;7;0;2;1;1;0
202200044391;734 908;3;14;2;3;1;1
202200044391;734 912;7;0;2;5;23;1
202200044392;734 909;7;0;2;8;19;1
202200044392;734 911;33;0;2;1;1;0
202200044393;734 906;33;0;2;3;1;1
202200044393;734 910;7;0;2;1;9;1
202200044394;734 904;7;14;0;1;6;1
202200044395;734 901;2;0;2;1;1;1
202200044395;734 903;7;0;2;3;9;1
202200044396;734 900;7;0;2;3;1;1
202200044396;734 905;31;0;2;1;1;1
202200044397;734 898;7;0;2;3;1;1
202200044397;734 899;7;0;2;3;0;1
202200044397;734 902;33;0;2;1;17;1
202200044398;734 897;31;0;1;1;1;1
202200044399;734 894;1;0;2;1;19;5
202200044399;734 895;7;0;2;3;1;1
202200044400;734 893;7;0;2;3;26;1
202200044400;734 896;30;0;2;2;1;1
202200044401;734 891;33;0;0;0;1;1
202200044402;734 888;7;15;2;2;1;3
202200044402;734 892;30;0;2;1;1;1
202200044403;734 887;7;0;0;0;1;1
202200044404;734 886;1;0;2;8;19;5
202200044404;734 890;7;0;2;1;1;1
202200044405;734 885;7;0;2;8;0;1
202200044405;734 889;7;0;2;1;0;1
202200044406;734 883;33;0;0;7;1;1
202200044407;734 882;7;0;2;2;1;1
202200044407;734 884;3;15;2;3;1;1
202200044408;734 879;14;0;2;1;2;0
202200044408;734 881;7;0;2;4;2;1
202200044409;734 878;1;0;2;0;1;5
202200044409;734 880;2;0;2;0;26;1
202200044410;734 877;2;0;0;9;1;1
202200044411;734 876;30;0;0;0;21;1
202200044412;734 875;30;12;0;7;14;0
202200044413;734 874;10;2;0;1;13;1
202200044414;734 872;7;8;0;1;13;1
202200044415;734 870;7;0;9;2;19;1
202200044415;734 873;80;0;2;1;19;3
202200044416;734 869;43;12;0;2;1;1
202200044417;734 871;10;0;1;4;4;1
202200044418;734 868;3;0;1;1;1;1
202200044419;734 866;1;0;2;6;1;5
202200044419;734 867;7;0;2;2;1;1
202200044420;734 863;7;0;2;1;1;1
202200044420;734 865;1;0;2;8;19;5
202200044421;734 862;33;0;2;0;2;1
202200044421;734 864;33;0;0;6;23;1
202200044422;734 858;7;0;2;3;16;1
202200044422;734 860;1;0;2;1;25;5
202200044423;734 859;50;0;2;1;1;3
202200044423;734 861;7;0;2;3;15;1
202200044424;734 857;21;0;0;0;2;1
202200044425;734 856;7;0;1;2;1;1
202200044426;734 851;7;0;2;2;1;1
202200044426;734 855;7;0;2;3;1;1
202200044427;734 849;7;0;0;2;15;1
202200044427;734 853;10;7;0;1;1;1
202200044428;734 848;7;0;2;4;23;1
202200044428;734 850;7;0;2;4;23;1
202200044428;734 854;10;0;2;1;2;0
202200044429;734 847;50;0;2;1;1;3
202200044429;734 852;7;0;2;3;15;1
202200044430;734 846;43;15;0;0;1;1
202200044431;734 843;1;0;2;1;5;5
202200044431;734 844;7;0;2;3;9;1
202200044432;734 839;7;0;2;1;1;1
202200044432;734 842;7;0;1;2;1;1
202200044433;734 838;10;0;2;1;1;1
202200044433;734 840;2;0;2;1;1;1
202200044433;734 845;7;0;2;5;1;1
202200044434;734 836;7;0;2;3;1;1
202200044434;734 841;7;0;2;3;1;1
202200044435;734 837;7;9;0;9;1;1
202200044436;734 835;7;8;0;1;16;1
202200044437;734 833;33;0;0;2;17;0
202200044438;734 832;10;3;0;3;1;1
202200044439;734 831;7;0;2;3;9;1
202200044439;734 834;7;0;2;1;1;0
202200044440;734 828;60;0;2;1;13;5
202200044440;734 830;7;0;2;2;1;1
202200044441;734 826;1;0;2;1;17;5
202200044441;734 829;7;0;2;3;15;1
202200044442;734 824;7;0;2;1;16;1
202200044442;734 827;30;0;2;2;14;1
202200044443;734 825;7;0;1;2;15;1
202200044444;734 823;0;0;1;0;0;1
202200044445;734 822;3;0;1;1;21;1
202200044446;734 818;7;0;2;2;1;1
202200044446;734 821;2;0;2;8;15;1
202200044447;734 817;33;0;2;4;1;1
202200044447;734 820;7;0;2;1;2;1
202200044448;734 816;7;0;2;4;2;1
202200044448;734 819;7;0;2;1;2;1
202200044449;734 814;2;12;0;0;26;1
202200044450;734 812;10;0;2;3;9;1
202200044450;734 815;1;0;2;1;17;5
202200044451;734 813;50;0;0;0;1;3
202200044452;734 810;80;0;2;8;1;3
202200044452;734 811;7;0;2;2;1;1
202200044453;734 806;7;0;2;3;15;1
202200044453;734 808;33;0;2;2;17;1
202200044454;734 804;40;0;2;1;1;3
202200044454;734 809;7;0;4;2;9;1
202200044455;734 805;7;0;1;2;15;1
202200044456;734 800;7;1;0;1;14;1
202200044457;734 801;10;0;2;1;7;1
202200044457;734 803;7;0;2;3;1;1
202200044458;734 798;33;0;2;1;1;1
202200044458;734 799;7;0;2;1;15;1
202200044459;734 797;10;0;2;7;1;1
202200044459;734 802;10;7;2;1;1;1
202200044460;734 793;7;0;2;5;2;1
202200044460;734 796;7;0;2;2;9;1
202200044461;734 794;1;0;2;0;1;5
202200044461;734 795;1;0;2;0;1;5
202200044462;734 791;7;7;0;3;19;1
202200044463;734 790;7;0;2;3;1;1
202200044463;734 792;7;0;2;5;17;1
202200044464;734 786;1;0;2;1;19;5
202200044464;734 789;7;0;2;3;19;1
202200044465;734 785;33;0;2;7;1;1
202200044465;734 788;10;0;2;1;9;1
202200044466;734 784;7;0;2;3;1;1
202200044466;734 787;10;0;2;6;1;1
202200044467;734 782;7;0;2;3;16;1
202200044467;734 783;2;0;2;1;1;1
202200044468;734 780;10;11;0;1;1;1
202200044469;734 779;7;0;1;2;15;1
202200044470;734 778;33;6;0;2;14;1
202200044471;734 777;7;0;2;3;1;1
202200044471;734 781;2;0;2;7;1;1
202200044472;734 773;7;0;2;8;16;1
202200044472;734 776;43;0;2;3;17;1
202200044473;734 775;7;4;0;1;6;1
202200044474;734 770;1;0;2;8;1;5
202200044474;734 772;0;0;2;7;17;0
202200044475;734 768;7;0;2;3;10;1
202200044475;734 769;33;0;2;2;1;1
202200044476;734 765;7;0;2;3;9;1
202200044476;734 767;2;0;2;1;18;1
202200044477;734 764;30;0;0;0;26;1
202200044478;734 762;7;0;2;3;9;1
202200044478;734 763;33;0;2;1;26;1
202200044479;734 761;33;6;0;1;1;0
202200044480;734 759;7;0;2;3;20;1
202200044480;734 760;2;0;2;3;0;0
202200044481;734 757;33;0;2;2;17;1
202200044481;734 758;7;0;2;6;2;1
202200044482;734 756;7;15;0;0;1;3
202200044483;734 753;10;1;0;1;2;1
202200044484;734 755;7;8;0;2;15;1
202200044485;734 752;2;0;2;1;1;1
202200044485;734 754;7;0;2;7;1;1
202200044486;734 750;7;13;0;9;1;1
202200044487;734 749;7;0;2;2;15;1
202200044487;734 751;33;0;2;1;1;1
202200044488;734 748;7;0;0;0;0;1
202200044489;734 746;80;0;0;1;0;3
202200044490;734 745;7;0;1;2;1;3
202200044491;734 744;80;0;2;9;1;3
202200044491;734 747;7;0;9;3;19;1
202200044492;734 742;33;0;2;3;1;1
202200044492;734 743;33;0;2;5;2;1
202200044493;734 739;7;0;2;3;17;1
202200044493;734 741;7;0;2;3;1;1
202200044494;734 737;7;0;9;3;15;2
202200044494;734 740;1;0;2;1;1;5
202200044495;734 735;7;0;2;2;26;1
202200044495;734 738;50;0;2;1;5;3
202200044496;734 734;31;6;0;1;0;1
202200044497;734 733;50;0;0;0;1;3
202200044498;734 731;10;16;0;3;17;1
202200044499;734 729;7;0;2;3;0;1
202200044499;734 736;31;0;2;1;3;1
202200044500;734 730;1;0;2;0;2;5
202200044500;734 732;7;0;0;0;1;0
202200044501;734 727;17;0;0;9;13;1
202200044502;734 726;7;0;2;8;1;1
202200044502;734 728;7;0;2;1;1;1
202200044503;734 724;32;14;0;1;14;1
202200044504;734 725;7;0;2;3;13;1
202200044505;734 721;7;0;2;2;16;1
202200044505;734 723;7;0;2;3;1;2
202200044506;734 718;1;0;2;5;2;5
202200044506;734 720;10;0;2;1;9;1
202200044507;734 719;17;0;2;7;17;1
202200044507;734 722;1;0;2;0;13;5
202200044508;734 717;7;0;0;0;1;1
202200044509;734 714;7;0;2;7;15;1
202200044509;734 716;31;0;2;1;1;1
202200044510;734 709;33;13;0;0;21;1
202200044510;734 712;10;0;2;0;13;
202200044511;734 710;7;0;9;7;20;1
202200044511;734 711;50;0;2;1;18;3
202200044512;734 706;50;0;2;1;1;3
202200044512;734 708;7;0;9;1;15;1
202200044513;734 705;7;0;2;2;16;1
202200044513;734 707;1;0;2;1;1;5
202200044514;734 702;33;0;2;1;17;1
202200044514;734 704;7;0;2;3;15;1
202200044515;734 701;7;0;1;4;4;1
202200044516;734 698;7;0;2;3;13;2
202200044516;734 700;30;0;2;7;1;1
202200044517;734 699;32;0;2;1;13;1
202200044517;734 703;7;0;2;7;19;1
202200044518;734 695;7;0;2;4;2;1
202200044518;734 696;7;0;2;1;2;1
202200044519;734 694;7;0;2;3;15;1
202200044519;734 697;7;0;2;1;1;2
202200044520;734 692;7;0;1;2;1;1
202200044521;734 689;7;0;2;3;13;1
202200044521;734 693;14;0;2;8;1;1
202200044522;734 688;7;0;2;0;1;1
202200044522;734 691;0;0;2;4;2;
202200044523;734 685;33;3;2;1;17;1
202200044523;734 687;7;0;2;2;1;1
202200044523;734 690;33;0;2;1;1;1
202200044524;734 684;7;0;2;5;22;1
202200044524;734 686;80;0;2;1;1;3
202200044525;734 682;7;8;0;2;1;1
202200044526;734 681;31;0;2;2;15;1
202200044526;734 683;7;0;2;3;1;1
202200044527;734 680;2;8;0;1;1;1
202200044528;734 679;17;0;1;7;1;1
202200044529;734 675;15;0;2;4;1;1
202200044529;734 676;7;0;2;4;23;1
202200044530;734 673;7;0;2;1;2;1
202200044530;734 678;7;0;2;4;1;1
202200044531;734 674;7;0;1;2;16;1
202200044532;734 671;7;0;2;2;26;1
202200044532;734 677;7;0;2;3;2;1
202200044533;734 669;10;0;0;4;24;0
202200044533;734 672;7;1;0;1;1;1
202200044534;734 666;10;0;9;2;15;1
202200044534;734 668;33;0;2;1;17;1
202200044535;734 665;7;0;2;1;1;2
202200044535;734 670;7;0;2;1;13;1
202200044536;734 667;14;0;1;6;16;6
202200044537;734 664;7;13;0;1;13;1
202200044538;734 661;7;0;2;3;13;1
202200044538;734 663;7;0;2;8;1;1
202200044539;734 657;7;0;2;3;15;1
202200044539;734 662;30;0;2;1;8;0
202200044540;734 656;10;0;2;7;10;1
202200044540;734 659;34;0;2;1;1;1
202200044541;734 654;31;0;2;7;3;1
202200044541;734 658;7;0;2;6;11;1
202200044542;734 652;7;0;2;6;10;1
202200044542;734 653;33;0;2;1;1;1
202200044543;734 648;7;0;2;3;9;1
202200044543;734 650;7;0;2;5;2;1
202200044544;734 645;7;0;2;1;2;1
202200044544;734 647;7;0;2;6;2;1
202200044545;734 637;33;0;2;1;1;0
202200044545;734 641;33;0;2;1;1;1
202200044545;734 643;7;0;2;5;15;1
202200044546;734 635;80;0;2;3;16;3
202200044546;734 639;7;0;2;7;15;1
202200044547;734 640;7;0;2;0;5;1
202200044547;734 646;7;0;2;2;15;1
202200044547;734 649;43;0;2;1;1;1
202200044548;734 638;7;0;2;4;2;1
202200044548;734 642;7;0;2;4;2;1
202200044548;734 644;10;0;2;1;2;1
202200044549;734 634;7;12;0;1;1;1
202200044550;734 633;1;0;2;0;1;5
202200044550;734 636;7;0;2;3;1;1
202200044551;734 632;30;12;0;2;14;1
202200044552;734 630;7;0;1;4;4;1
202200044553;734 628;30;0;2;1;13;1