Num_Acc;id_vehicule;categorie_vehicule;obstacle_fixe;obstacle_mobile;point_choc_initial;manoeuvre_principale;motorisation
202200044553;734 631;7;0;2;1;1;1
202200044554;734 626;7;0;2;2;14;1
202200044554;734 629;7;1;2;3;7;1
202200044555;734 624;7;0;2;3;12;0
202200044555;734 627;7;0;2;5;1;0
202200044556;734 623;34;1;0;2;14;1
202200044557;734 622;10;0;2;2;1;1
202200044557;734 625;50;0;2;7;13;3
202200044558;734 619;7;0;2;1;2;1
202200044558;734 621;7;0;2;4;24;1
202200044559;734 618;33;0;2;4;23;1
202200044559;734 620;10;0;2;1;1;1
202200044560;734 615;7;0;2;3;11;3
202200044560;734 617;30;0;2;2;1;1
202200044561;734 614;7;1;0;2;14;1
202200044562;734 613;7;0;2;1;15;1
202200044562;734 616;2;0;2;1;1;1
202200044563;734 608;7;0;2;3;9;1
202200044563;734 611;33;0;2;7;1;1
202200044564;734 610;33;4;0;3;13;1
202200044565;734 606;30;0;0;0;1;1
202200044566;734 605;7;0;2;6;1;1
202200044566;734 609;10;0;2;6;1;1
202200044566;734 612;7;0;2;2;17;1
202200044567;734 607;1;0;1;1;1;5
202200044568;734 603;7;0;1;0;1;1
202200044569;734 604;50;0;0;0;1;3
202200044570;734 602;7;3;0;8;1;1
202200044571;734 598;80;0;2;1;2;3
202200044571;734 601;7;0;2;4;2;1
202200044572;734 595;7;0;2;3;15;1
202200044572;734 600;7;0;2;3;17;0
202200044573;734 592;10;0;2;8;17;1
202200044573;734 599;30;0;2;2;1;0
202200044574;734 593;7;0;2;4;23;1
202200044574;734 597;32;0;2;1;2;1
202200044575;734 590;33;0;2;5;16;1
202200044575;734 596;7;0;2;5;19;1
202200044576;734 588;1;0;2;3;19;5
202200044576;734 589;1;0;2;1;1;5
202200044577;734 587;7;0;2;3;1;1
202200044577;734 591;17;0;2;5;1;1
202200044577;734 594;7;0;2;1;1;1
202200044578;734 585;7;0;1;3;1;2
202200044579;734 583;80;0;2;3;15;3
202200044579;734 586;7;0;2;5;17;0
202200044580;734 580;7;5;0;1;1;1
202200044581;734 584;33;0;1;1;1;1
202200044582;734 578;1;0;2;4;1;5
202200044582;734 581;7;0;2;2;1;3
202200044583;734 576;33;0;0;0;26;1
202200044584;734 575;60;0;2;7;19;5
202200044584;734 579;7;0;2;1;1;3
202200044585;734 577;7;11;0;1;5;1
202200044585;734 582;7;0;2;1;1;2
202200044586;734 573;50;0;2;1;1;3
202200044586;734 574;37;0;2;5;15;2
202200044587;734 570;32;0;0;7;1;1
202200044588;734 568;31;0;2;1;3;1
202200044588;734 571;7;0;2;2;1;1
202200044589;734 569;10;0;2;5;16;3
202200044589;734 572;30;0;2;3;18;3
202200044590;734 566;7;0;1;2;1;1
202200044591;734 564;1;12;0;1;21;5
202200044592;734 561;7;0;2;2;1;2
202200044592;734 565;30;0;2;4;23;1
202200044592;734 567;7;0;2;6;23;1
202200044593;734 560;7;0;1;3;1;2
202200044594;734 558;7;3;0;5;1;1
202200044594;734 562;7;3;2;3;26;1
202200044595;734 559;10;0;0;2;1;1
202200044596;734 557;30;0;2;2;1;1
202200044596;734 563;7;0;2;6;16;1
202200044597;734 555;7;0;2;2;15;1
202200044597;734 556;33;0;2;1;1;1
202200044598;734 548;7;0;2;9;11;1
202200044598;734 552;0;0;2;4;12;0
202200044599;734 551;10;0;2;2;15;1
202200044599;734 553;30;0;2;8;1;1
202200044600;734 549;37;0;1;1;2;1
202200044601;734 550;7;0;2;3;2;1
202200044601;734 554;32;0;2;4;23;1
202200044602;734 545;7;0;1;3;15;1
202200044603;734 540;7;0;2;1;21;1
202200044603;734 544;7;0;2;3;24;2
202200044604;734 541;7;0;1;2;1;1
202200044605;734 542;10;0;0;2;23;1
202200044605;734 546;14;0;0;2;23;1
202200044605;734 547;32;0;2;3;3;1
202200044606;734 536;32;12;0;3;14;3
202200044607;734 538;7;0;2;1;1;1
202200044607;734 539;7;0;2;4;2;1
202200044607;734 543;7;0;2;4;2;1
202200044608;734 537;32;12;0;7;1;0
202200044609;734 533;10;0;2;1;1;1
202200044609;734 535;7;0;2;1;1;1
202200044610;734 532;7;9;2;1;1;1
202200044610;734 534;30;0;2;2;15;3
202200044611;734 530;7;0;1;8;15;1
202200044612;734 529;2;0;0;2;2;1
202200044613;734 527;1;0;2;8;1;5
202200044613;734 531;80;0;2;8;13;3
202200044614;734 528;7;0;1;2;19;1
202200044615;734 526;7;13;0;9;14;1
202200044616;734 525;30;14;0;1;13;3
202200044617;734 523;80;8;0;1;25;3
202200044618;734 518;1;0;0;0;0;5
202200044618;734 521;7;0;2;2;16;1
202200044619;734 520;2;0;2;7;1;1
202200044619;734 524;7;0;2;8;15;1
202200044620;734 517;1;0;2;1;1;5
202200044620;734 522;50;0;2;8;1;3
202200044621;734 515;7;0;2;8;10;1
202200044621;734 519;10;0;2;1;1;1
202200044622;734 512;80;0;2;2;1;3
202200044622;734 514;7;0;2;8;22;1
202200044623;734 513;50;0;2;4;1;3
202200044623;734 516;7;0;2;1;17;1
202200044624;734 511;7;0;1;1;1;1
202200044625;734 508;33;0;0;0;1;1
202200044626;734 509;7;0;1;1;1;1
202200044627;734 504;43;0;2;1;1;1
202200044627;734 510;7;0;2;5;15;1
202200044628;734 505;7;0;2;8;1;1
202200044628;734 507;10;0;2;7;15;1
202200044629;734 503;7;0;2;8;1;1
202200044629;734 506;7;0;2;1;19;1
202200044630;734 498;33;0;2;3;1;1
202200044630;734 500;7;0;2;2;16;0
202200044631;734 499;7;0;9;8;16;1
202200044631;734 502;1;0;2;3;19;5
202200044632;734 496;50;0;1;7;1;3
202200044633;734 494;10;0;2;8;11;1
202200044633;734 497;7;14;2;2;1;1
202200044634;734 493;1;12;0;0;14;5
202200044635;734 490;1;0;2;7;19;5
202200044635;734 495;7;0;2;3;16;2
202200044636;734 491;7;0;1;2;1;2
202200044637;734 488;30;0;0;0;1;1
202200044638;734 487;7;0;1;3;21;0
202200044639;734 486;7;0;1;1;1;1
202200044640;734 482;7;0;1;3;1;1
202200044641;734 478;7;0;2;3;2;1
202200044641;734 483;7;0;2;2;26;1
202200044641;734 485;7;0;2;3;17;1
202200044642;734 477;32;0;2;1;5;3
202200044642;734 480;7;0;2;1;1;1
202200044643;734 474;33;0;2;8;9;0
202200044643;734 479;30;0;2;8;9;1
202200044644;734 471;7;1;2;2;1;1
202200044644;734 476;30;0;2;1;1;1
202200044645;734 472;43;0;2;1;1;1
202200044645;734 475;1;0;2;8;1;5
202200044646;734 470;7;0;2;2;20;1
202200044646;734 473;7;1;2;2;21;1
202200044647;734 467;33;0;2;8;7;1
202200044647;734 469;7;0;2;1;12;1
202200044648;734 466;7;0;1;2;1;1
202200044649;734 465;7;0;2;3;1;1
202200044649;734 468;7;0;2;3;1;1
202200044650;734 464;36;1;0;1;26;1
202200044651;734 462;7;0;1;2;1;1
202200044652;734 461;33;0;2;1;1;1
202200044652;734 463;10;0;2;5;15;1
202200044653;734 457;2;0;2;8;1;1
202200044653;734 460;7;0;2;2;15;1
202200044654;734 456;30;0;2;1;0;1
202200044654;734 459;17;0;0;0;0;1
202200044655;734 455;33;0;2;1;1;1
202200044655;734 458;7;0;2;8;9;1
202200044656;734 453;7;0;2;2;0;0
202200044656;734 454;7;0;2;3;26;0
202200044657;734 448;7;0;2;8;0;2
202200044657;734 451;2;0;2;7;1;1
202200044658;734 445;7;0;2;0;0;1
202200044658;734 450;30;0;2;0;0;3
202200044659;734 446;50;0;2;3;19;3
202200044659;734 449;7;0;2;1;1;1
202200044660;734 442;7;0;2;4;1;1
202200044660;734 444;7;0;2;1;1;1
202200044660;734 447;7;0;2;1;1;1
202200044660;734 452;7;0;2;1;1;1
202200044661;734 438;16;0;2;1;1;1
202200044661;734 439;7;0;2;4;1;1
202200044662;734 437;7;0;2;1;13;1
202200044662;734 443;10;0;2;1;1;1
202200044663;734 435;7;0;2;2;0;0
202200044663;734 441;7;0;2;3;0;1
202200044664;734 436;7;0;2;1;1;1
202200044664;734 440;1;0;2;0;0;5
202200044665;734 431;7;0;2;1;15;1
202200044665;734 434;30;0;2;8;1;1
202200044666;734 430;7;0;1;8;1;1
202200044667;734 429;7;1;0;4;1;3
202200044667;734 433;7;0;2;1;1;1
202200044668;734 426;7;1;0;3;1;1
202200044668;734 427;7;0;2;7;24;1
202200044669;734 425;37;0;1;2;1;1
202200044670;734 423;7;0;2;1;0;1
202200044670;734 428;1;0;2;7;1;5
202200044670;734 432;1;0;2;7;1;5
202200044671;734 421;1;0;2;0;0;5
202200044671;734 422;10;0;2;1;0;1
202200044672;734 419;7;0;9;3;5;1
202200044672;734 424;1;0;2;4;16;5
202200044673;734 417;7;0;2;7;19;2
202200044673;734 420;10;0;2;1;19;1
202200044674;734 416;7;1;0;3;13;1
202200044675;734 415;10;0;1;1;26;1
202200044676;734 414;10;0;2;6;11;1
202200044676;734 418;33;0;2;1;2;1
202200044677;734 412;40;0;2;3;1;3
202200044677;734 413;1;0;4;4;19;5
202200044678;734 411;7;9;0;0;0;0
202200044679;734 410;7;2;9;0;26;1
202200044680;734 408;7;1;0;1;1;1
202200044681;734 406;15;0;0;6;2;1
202200044681;734 409;10;0;2;8;2;1
202200044682;734 407;7;0;1;7;1;1
202200044683;734 402;7;2;0;3;13;1
202200044684;734 403;7;0;2;1;1;1
202200044684;734 405;7;0;2;8;9;1
202200044685;734 400;7;0;2;3;1;1
202200044685;734 404;30;0;2;5;15;1
202200044686;734 398;7;0;0;4;4;1
202200044687;734 399;7;0;2;1;9;1
202200044687;734 401;10;0;2;7;1;1
202200044688;734 397;31;13;9;1;1;1
202200044689;734 396;7;0;1;3;15;2
202200044690;734 394;1;0;1;1;0;5
202200044691;734 392;7;1;2;1;1;2
202200044691;734 395;1;1;2;1;26;5
202200044692;734 391;1;1;0;1;17;5
202200044692;734 393;7;1;2;8;22;1
202200044693;734 389;7;1;1;1;17;1
202200044694;734 387;7;0;2;2;15;1
202200044694;734 388;34;0;2;1;1;1
202200044695;734 384;10;2;0;2;1;1
202200044696;734 380;7;0;9;1;1;1
202200044696;734 382;50;0;2;9;19;3
202200044697;734 385;0;0;1;1;17;0
202200044698;734 379;7;0;2;6;1;1
202200044698;734 390;7;0;2;1;19;1
202200044699;734 381;30;0;2;1;0;1
202200044699;734 386;32;0;2;4;23;1
202200044700;734 378;34;0;2;1;1;1
202200044700;734 383;7;0;2;3;1;1
202200044701;734 375;7;0;0;4;0;1
202200044701;734 377;7;0;2;1;0;1
202200044702;734 372;7;0;2;3;13;1
202200044702;734 374;15;0;2;3;1;1
202200044703;734 371;7;0;2;8;1;1
202200044703;734 376;7;0;2;1;19;1
202200044704;734 368;10;1;2;1;0;1
202200044704;734 373;10;0;2;3;2;1
202200044705;734 365;7;0;9;2;2;1
202200044705;734 369;1;0;2;8;2;5
202200044706;734 366;7;0;2;7;19;1
202200044706;734 370;30;0;2;1;2;0
202200044707;734 361;7;0;2;1;2;2
202200044707;734 362;7;0;2;4;2;1
202200044707;734 363;7;0;2;4;2;1
202200044708;734 357;32;6;0;1;13;1
202200044709;734 356;10;0;2;1;15;1
202200044709;734 358;1;0;2;0;19;5
202200044710;734 354;7;0;2;1;11;1
202200044710;734 359;7;0;2;4;11;1
202200044711;734 355;7;0;2;1;16;1
202200044711;734 360;32;0;2;7;1;1
202200044712;734 352;7;0;2;4;2;1
202200044712;734 353;7;0;2;1;2;1
202200044713;734 351;1;0;0;8;1;5
202200044714;734 348;7;0;1;3;1;0
202200044715;734 349;7;0;1;1;1;1
202200044716;734 347;33;8;0;1;1;1
202200044717;734 345;7;0;2;2;1;1
202200044717;734 350;1;0;2;1;1;5
202200044718;734 343;7;0;2;1;15;1
202200044718;734 346;15;0;2;1;16;1
202200044719;734 342;7;0;1;1;1;1
202200044720;734 338;7;0;0;0;19;1
202200044720;734 341;43;0;0;0;1;1
202200044721;734 339;10;9;1;1;2;1
202200044722;734 340;33;0;2;6;16;1
202200044722;734 344;7;0;2;7;16;1
202200044723;734 337;7;13;0;9;0;1
202200044724;734 336;7;0;1;8;15;1
202200044725;734 330;7;2;0;2;0;1
202200044726;734 331;50;0;2;1;2;3
202200044726;734 334;7;0;2;7;16;1
202200044727;734 329;33;0;0;5;1;1
202200044727;734 333;7;0;2;3;18;1
202200044728;734 328;2;0;2;0;1;
202200044728;734 332;7;0;2;1;15;1
202200044728;734 335;2;16;2;8;1;1
202200044729;734 327;7;0;1;1;15;1
202200044730;734 324;7;0;1;4;26;1
202200044731;734 322;7;0;2;3;1;1
202200044731;734 325;7;0;2;3;13;1
202200044732;734 320;38;0;1;2;7;0
202200044733;734 319;31;3;0;1;14;1
202200044734;734 316;7;0;4;2;1;1
202200044734;734 318;39;0;0;3;1;0
202200044735;734 317;7;0;1;2;2;1
202200044736;734 315;7;8;0;1;26;3
202200044737;734 313;7;13;0;1;14;1
202200044738;734 308;7;13;0;2;1;3
202200044739;734 307;7;0;2;1;13;1
202200044739;734 311;7;0;2;2;1;1
202200044740;734 302;33;0;2;1;2;1
202200044740;734 305;14;0;2;4;23;1
202200044741;734 304;7;0;2;1;1;1
202200044741;734 310;7;0;2;1;13;1
202200044742;734 300;7;2;0;1;1;1
202200044743;734 298;33;8;0;1;1;1
202200044744;734 297;7;0;2;1;1;1
202200044744;734 301;7;0;2;1;1;1
202200044744;734 303;7;0;2;1;1;1
202200044744;734 306;7;0;2;1;1;1
202200044744;734 309;7;0;2;1;1;1
202200044744;734 312;7;0;0;4;1;1
202200044744;734 314;7;0;2;4;1;1
202200044745;734 296;7;0;0;5;17;1
202200044745;734 299;30;0;2;3;13;1
202200044746;734 292;7;0;2;3;13;1
202200044746;734 294;7;0;2;3;1;1
202200044747;734 290;30;0;1;7;3;1
202200044748;734 288;7;0;2;1;23;1
202200044748;734 293;7;0;2;3;1;0
202200044748;734 295;7;13;2;3;15;1
202200044749;734 289;33;0;2;1;1;1
202200044749;734 291;7;0;2;2;1;1
202200044750;734 284;7;0;2;1;1;1
202200044750;734 286;7;0;2;1;17;1
202200044751;734 283;30;0;2;1;17;1
202200044751;734 285;10;0;2;7;15;1
202200044752;734 281;7;0;2;1;1;2
202200044752;734 287;7;0;2;0;1;1
202200044753;734 279;7;0;2;3;13;1
202200044753;734 282;7;0;2;1;1;1
202200044754;734 275;7;17;0;1;14;1
202200044755;734 273;7;0;2;1;13;1
202200044755;734 278;7;0;2;1;1;1
202200044755;734 280;7;0;0;1;1;1
202200044756;734 272;0;0;9;2;2;0
202200044756;734 276;1;0;2;6;1;5
202200044757;734 270;7;13;0;2;14;2
202200044758;734 269;15;0;0;4;23;1
202200044758;734 271;7;1;2;8;21;1
202200044758;734 274;15;0;2;8;1;1
202200044758;734 277;7;0;2;7;17;1
202200044759;734 267;2;0;0;6;1;1
202200044760;734 265;7;0;2;1;1;1
202200044760;734 268;7;0;2;1;17;1
202200044761;734 263;7;2;0;9;13;1
202200044762;734 261;7;0;2;1;2;1
202200044762;734 264;7;0;2;4;2;1
202200044762;734 266;7;0;2;4;2;1
202200044763;734 259;7;13;0;1;1;1
202200044764;734 257;21;0;2;1;23;1
202200044764;734 260;17;0;2;1;1;1
202200044764;734 262;17;0;2;1;21;1
202200044765;734 253;7;0;2;3;13;1
202200044765;734 256;33;0;2;1;17;1
202200044766;734 254;7;9;0;3;1;1
202200044767;734 252;7;15;0;9;1;1
202200044768;734 251;7;0;2;8;15;1
202200044768;734 255;33;0;2;1;1;1
202200044769;734 250;7;13;0;2;13;1
202200044770;734 247;7;13;0;3;21;1
202200044771;734 246;7;0;2;3;0;1
202200044771;734 248;7;0;2;3;5;1
202200044772;734 245;34;0;2;1;1;1
202200044772;734 249;7;0;2;3;16;1
202200044773;734 242;33;0;6;1;1;1
202200044774;734 239;33;0;1;1;17;1
202200044775;734 238;2;9;2;7;1;1
202200044775;734 243;7;0;2;1;19;1
202200044776;734 237;31;0;2;1;13;1
202200044776;734 241;33;0;2;1;1;1
202200044777;734 232;7;8;0;1;1;1
202200044778;734 235;30;0;2;1;1;1
202200044778;734 240;7;0;2;5;15;1
202200044779;734 233;33;13;0;9;1;1
202200044780;734 234;7;0;2;2;20;1
202200044780;734 236;2;0;2;1;1;1
202200044781;734 230;20;0;2;1;1;1
202200044781;734 231;1;0;2;4;1;5
202200044782;734 228;7;0;9;7;15;1
202200044782;734 229;1;0;2;1;1;5
202200044783;734 224;33;0;2;1;1;1
202200044783;734 227;7;0;2;7;15;1
202200044784;734 223;7;7;2;3;21;1
202200044784;734 226;7;0;0;6;15;1
202200044785;734 221;7;16;0;2;0;6
202200044785;734 225;7;2;0;3;0;1
202200044786;734 219;50;16;0;0;1;3
202200044787;734 220;33;0;2;2;13;1
202200044787;734 222;7;0;2;2;1;1
202200044788;734 214;33;0;2;9;1;1
202200044788;734 217;7;0;2;3;1;1
202200044789;734 215;7;0;2;1;13;1
202200044789;734 218;7;0;2;1;1;1
202200044790;734 213;7;0;2;1;5;1
202200044790;734 216;7;0;2;1;1;1
202200044791;734 211;7;9;1;7;20;2
202200044792;734 210;33;13;0;0;1;1
202200044793;734 209;7;0;1;3;1;1
202200044794;734 208;7;15;2;1;19;1
202200044794;734 212;7;0;2;7;1;1
202200044795;734 207;7;13;0;6;14;1
202200044796;734 201;10;6;0;1;1;1
202200044797;734 200;33;0;2;8;1;1
202200044797;734 204;7;0;2;6;13;1
202200044798;734 202;7;0;2;3;15;1
202200044798;734 206;33;0;2;1;1;1
202200044799;734 199;7;0;2;1;1;1
202200044799;734 203;7;0;2;6;1;1
202200044800;734 198;7;0;2;7;15;1
202200044800;734 205;7;0;2;1;1;3
202200044801;734 195;33;3;0;2;14;1
202200044802;734 194;10;2;0;3;1;1
202200044803;734 191;33;0;2;8;1;1
202200044803;734 196;7;0;2;7;17;0
202200044804;734 192;33;0;2;1;1;1
202200044804;734 197;7;0;2;3;19;1
202200044805;734 190;7;0;9;2;16;1
202200044805;734 193;2;0;2;1;18;1
202200044806;734 187;2;0;2;1;1;1
202200044806;734 189;7;0;0;2;15;1
202200044807;734 184;7;0;2;1;1;1
202200044807;734 188;31;0;2;8;9;1
202200044808;734 186;7;0;1;3;1;1
202200044809;734 182;7;0;2;8;15;1
202200044809;734 185;2;0;2;7;17;1
202200044810;734 180;7;13;0;1;1;1
202200044811;734 179;7;0;2;1;15;1
202200044811;734 181;7;0;2;1;1;2
202200044811;734 183;7;0;2;8;23;1
202200044812;734 178;7;0;2;2;1;1
202200044813;734 177;7;13;0;2;14;1
202200044814;734 176;7;6;0;1;1;1
202200044815;734 173;7;1;2;1;21;1
202200044816;734 174;7;0;1;1;1;1
202200044817;734 172;1;0;2;1;1;5
202200044817;734 175;7;0;2;2;15;1
202200044818;734 169;10;0;2;8;1;1
202200044818;734 171;2;0;2;1;13;1
202200044819;734 166;7;9;1;2;26;1
202200044820;734 165;38;0;1;2;16;1
202200044821;734 164;7;7;2;6;1;1
202200044821;734 167;7;0;2;1;1;1
202200044821;734 170;7;0;2;1;1;1
202200044822;734 163;7;0;2;6;17;1
202200044822;734 168;7;0;2;3;1;1
202200044823;734 162;33;2;0;3;1;1
202200044824;734 161;7;13;0;3;13;2
202200044825;734 159;7;2;0;1;16;1
202200044826;734 155;7;16;0;0;1;1
202200044827;734 156;13;0;0;4;2;1
202200044827;734 158;7;0;2;1;2;1
202200044828;734 157;7;0;2;4;15;1
202200044828;734 160;7;0;2;1;2;1
202200044829;734 154;7;0;0;9;1;1
202200044830;734 152;7;15;0;3;13;1
202200044830;734 153;7;0;0;3;13;1
202200044831;734 149;7;8;0;0;14;1
202200044832;734 148;20;0;2;1;;
202200044832;734 151;7;0;2;1;0;
202200044833;734 146;7;3;0;2;1;1
202200044834;734 145;7;0;2;3;5;1
202200044834;734 150;17;0;2;8;1;1
202200044835;734 144;7;1;0;4;23;1
202200044835;734 147;7;1;2;1;1;1
202200044836;734 138;33;0;2;4;2;1
202200044836;734 142;33;0;2;1;2;1
202200044837;734 140;7;2;0;1;0;1
202200044838;734 137;7;8;2;3;19;1
202200044838;734 143;7;12;2;2;1;1
202200044839;734 136;7;0;0;3;9;1
202200044839;734 141;2;0;2;1;5;1
202200044840;734 135;7;0;2;3;13;1
202200044840;734 139;7;0;2;3;1;1
202200044841;734 132;33;0;0;9;1;1
202200044842;734 129;7;0;2;1;15;1
202200044842;734 134;33;0;2;8;1;1
202200044843;734 131;7;0;2;2;1;1
202200044843;734 133;2;0;2;7;17;1
202200044844;734 130;7;8;0;1;1;1
202200044845;734 128;7;8;0;1;1;1
202200044846;734 127;7;8;0;3;2;1
202200044847;734 124;7;16;0;0;1;1
202200044848;734 126;15;0;1;0;1;1
202200044849;734 123;7;0;2;4;2;1
202200044849;734 125;33;0;0;1;2;1
202200044850;734 122;7;12;0;1;14;1
202200044851;734 121;7;0;1;7;1;1
202200044852;734 116;50;0;2;8;25;3
202200044852;734 120;50;0;2;1;25;3
202200044853;734 115;7;0;0;8;15;1
202200044853;734 119;7;15;1;2;0;1
202200044854;734 114;7;15;2;1;13;1
202200044854;734 117;10;6;2;1;1;1
202200044855;734 112;10;0;2;3;1;1
202200044855;734 113;7;0;2;6;11;1
202200044855;734 118;33;0;0;7;17;1
202200044856;734 110;7;2;0;1;1;1
202200044857;734 108;2;17;0;1;1;1
202200044858;734 109;7;6;0;1;1;1
202200044859;734 107;33;0;2;2;17;1
202200044859;734 111;10;0;2;3;13;1
202200044860;734 105;10;13;0;0;0;1
202200044861;734 103;2;0;2;1;5;1
202200044861;734 106;2;0;2;1;1;1
202200044862;734 100;10;0;1;3;15;1
202200044863;734 099;1;0;2;1;1;5
202200044863;734 102;7;0;2;1;13;3
202200044864;734 098;7;0;2;8;15;1
202200044864;734 101;99;0;2;8;1;1
202200044864;734 104;33;0;2;1;21;1
202200044865;734 094;10;0;1;2;1;2
202200044866;734 093;10;7;0;1;1;1
202200044867;734 091;80;0;2;1;1;3
202200044867;734 097;7;0;2;1;9;2
202200044868;734 090;7;0;2;1;1;1
202200044868;734 096;7;13;2;8;9;1
202200044869;734 088;7;0;9;1;1;1
202200044869;734 089;1;0;2;7;19;5
202200044870;734 092;15;0;2;2;17;1
202200044870;734 095;7;0;0;3;15;1
202200044871;734 083;7;1;2;1;1;1
202200044871;734 087;7;0;2;1;23;3
202200044872;734 081;7;0;2;2;1;1
202200044872;734 086;33;0;2;3;18;1
202200044873;734 079;7;0;2;2;5;1
202200044873;734 082;7;0;2;2;1;2
202200044874;734 076;7;13;0;2;14;1
202200044875;734 077;2;0;2;4;1;1
202200044875;734 080;7;0;2;1;1;1
202200044876;734 075;7;0;2;8;11;1
202200044876;734 078;7;0;2;1;1;1
202200044877;734 071;7;10;0;1;14;1
202200044878;734 072;31;0;2;1;17;1
202200044878;734 074;7;0;2;1;1;1
202200044879;734 068;30;0;2;1;2;1
202200044879;734 070;7;0;2;4;2;1
202200044880;734 069;7;0;2;1;6;1
202200044880;734 073;7;8;2;8;1;2
202200044881;734 067;7;0;0;9;1;1
202200044882;734 062;7;0;2;3;2;1
202200044882;734 066;7;0;2;3;2;1
202200044883;734 063;7;1;0;8;26;1
202200044884;734 059;10;0;2;3;0;1
202200044884;734 064;33;0;2;8;0;1
202200044885;734 058;7;0;2;8;10;1
202200044885;734 065;34;0;2;1;17;1
202200044886;734 060;7;0;2;3;15;1
202200044886;734 061;7;0;2;2;17;1
202200044887;734 053;7;6;0;1;14;1
202200044888;734 057;2;1;0;2;1;1
202200044889;734 054;50;0;2;0;0;3
202200044889;734 056;3;0;2;1;26;1
202200044890;734 052;7;0;2;3;1;1
202200044890;734 055;7;0;2;3;1;1
202200044891;734 048;10;0;0;5;15;1
202200044891;734 051;7;0;2;3;1;1
202200044892;734 044;33;0;2;1;3;1
202200044892;734 047;10;0;2;2;1;1
202200044892;734 050;7;0;2;3;1;1
202200044893;734 045;1;0;2;7;1;5
202200044893;734 049;7;0;2;1;26;1
202200044894;734 042;7;0;2;1;17;1
202200044894;734 046;7;0;2;8;15;1
202200044895;734 040;7;6;1;2;15;1
202200044896;734 041;33;8;0;1;1;1
202200044897;734 038;7;1;0;2;15;2
202200044898;734 037;7;0;1;2;1;0
202200044899;734 036;7;13;0;8;1;1
202200044900;734 035;7;0;2;1;1;1
202200044900;734 039;7;0;2;8;1;1
202200044901;734 030;21;0;2;3;19;1
202200044901;734 033;30;0;2;1;1;1
202200044902;734 029;15;0;0;4;2;1
202200044902;734 031;15;0;2;1;2;6
202200044903;734 028;7;4;0;4;1;1
202200044903;734 032;7;0;2;1;2;1
202200044904;734 026;7;14;0;0;1;1
202200044905;734 025;7;0;2;2;16;1
202200044905;734 027;1;0;2;0;1;5
202200044906;734 022;7;0;2;5;2;1
202200044906;734 024;2;0;2;4;2;1
202200044907;734 021;7;2;0;6;1;0
202200044908;734 019;7;0;2;7;19;1
202200044908;734 023;7;0;2;1;1;1
202200044909;734 018;7;0;9;3;15;1
202200044909;734 020;1;0;2;1;1;5
202200044910;734 015;33;0;6;1;1;1
202200044911;734 012;7;0;2;0;16;1
202200044911;734 017;1;8;2;1;5;5
202200044912;734 014;7;0;2;4;23;1
202200044912;734 016;7;0;2;1;2;0
202200044913;734 010;7;6;0;9;17;1
202200044914;734 011;17;0;2;2;12;1
202200044914;734 013;7;0;2;8;1;1
202200044915;734 005;30;0;0;8;21;1
202200044915;734 007;7;0;0;0;22;1
202200044916;734 002;7;2;0;1;1;1
202200044917;734 001;7;0;0;1;0;1
202200044917;734 003;7;0;2;1;5;1
202200044917;734 006;7;0;2;1;5;1
202200044918;734 004;7;0;2;8;23;1
202200044918;734 008;7;0;2;1;1;1
202200044918;734 009;7;0;2;1;17;1
202200044919;733 997;32;0;1;1;1;3
202200044920;733 999;7;0;2;1;0;1
202200044920;734 000;7;0;2;4;2;1
202200044921;733 996;7;0;9;1;1;1
202200044921;733 998;1;0;2;7;1;5
202200044922;733 992;2;0;0;0;16;1
202200044923;733 991;7;0;2;1;1;1
202200044923;733 995;7;0;2;2;15;1
202200044924;733 989;7;0;2;8;2;1
202200044924;733 994;33;0;2;5;23;1
202200044925;733 986;7;0;2;1;2;1
202200044925;733 988;10;0;2;4;2;1
202200044925;733 993;7;0;2;4;1;1
202200044926;733 985;14;0;2;1;2;1
202200044926;733 987;10;0;2;1;2;1
202200044926;733 990;7;0;0;4;2;1
202200044927;733 984;7;0;0;0;1;1
202200044928;733 983;33;0;0;0;1;1
202200044929;733 979;50;0;2;1;1;3
202200044929;733 982;7;0;2;3;20;1
202200044930;733 978;7;6;0;7;1;1
202200044931;733 977;10;0;2;7;9;1
202200044931;733 981;33;0;2;2;1;1
202200044932;733 975;7;0;2;4;23;1
202200044932;733 980;15;1;0;2;2;1
202200044933;733 973;7;0;1;2;9;1
202200044934;733 971;7;0;2;7;1;1
202200044934;733 974;7;0;2;1;1;1
202200044935;733 970;7;0;2;1;13;1
202200044936;733 968;31;3;0;0;0;1
202200044937;733 965;7;0;2;2;12;1
202200044937;733 967;32;0;2;8;3;1
202200044937;733 969;7;0;2;3;1;1
202200044938;733 964;30;0;2;1;7;1
202200044938;733 966;10;0;2;7;15;1
202200044939;733 959;34;14;0;1;14;1
202200044940;733 958;10;0;2;4;14;1
202200044940;733 961;7;0;2;4;1;1
202200044941;733 960;33;0;2;1;17;1
202200044941;733 963;21;0;2;8;13;1
202200044942;733 955;7;0;2;2;15;1
202200044942;733 957;2;0;2;1;1;1
202200044943;733 951;7;0;2;7;15;2
202200044943;733 953;33;0;2;1;1;1
202200044944;733 950;7;0;2;1;2;1
202200044944;733 954;2;0;2;4;2;1
202200044945;733 949;7;4;2;1;2;1
202200044945;733 956;7;3;0;4;2;1
202200044946;733 952;7;0;0;8;15;1
202200044946;733 962;33;0;2;1;1;1
202200044947;733 948;7;0;0;1;1;1
202200044948;733 947;30;12;0;1;17;3
202200044949;733 944;7;0;2;4;1;1
202200044949;733 946;7;8;2;1;26;1
202200044950;733 943;2;0;0;0;26;0
202200044951;733 939;7;0;2;3;1;2
202200044951;733 942;7;0;2;3;13;1
202200044951;733 945;7;0;2;8;1;1
202200044952;733 940;7;3;0;2;1;1