Num_Acc;id_vehicule;categorie_vehicule;obstacle_fixe;obstacle_mobile;point_choc_initial;manoeuvre_principale;motorisation
202200044953;733 937;31;0;2;2;1;1
202200044953;733 941;80;0;2;1;1;3
202200044954;733 935;7;0;2;8;11;1
202200044954;733 938;33;0;2;7;3;1
202200044955;733 936;32;0;0;7;1;1
202200044956;733 933;7;1;0;3;1;1
202200044957;733 932;31;0;0;0;0;1
202200044957;733 934;7;0;0;0;0;1
202200044958;733 931;7;0;1;3;1;1
202200044959;733 928;7;0;2;4;1;1
202200044959;733 930;7;0;2;1;1;1
202200044960;733 926;7;0;2;1;1;1
202200044960;733 929;7;0;2;3;13;1
202200044961;733 921;7;0;9;2;1;1
202200044961;733 924;7;0;2;0;9;1
202200044962;733 922;7;8;2;9;1;1
202200044962;733 927;7;8;2;1;1;1
202200044963;733 920;33;0;2;1;1;1
202200044963;733 925;7;0;2;7;15;1
202200044964;733 918;7;0;2;4;1;1
202200044964;733 919;7;0;2;5;1;1
202200044964;733 923;7;0;2;1;1;1
202200044965;733 916;10;0;1;2;15;1
202200044966;733 912;7;13;2;8;0;1
202200044966;733 917;7;0;2;8;13;1
202200044967;733 911;7;0;2;3;9;1
202200044967;733 914;31;0;2;1;13;1
202200044968;733 910;7;0;2;1;1;2
202200044968;733 915;7;0;2;4;2;1
202200044969;733 907;33;0;0;1;1;1
202200044970;733 908;50;0;1;1;1;3
202200044971;733 904;7;0;1;3;1;1
202200044972;733 906;33;0;0;9;1;1
202200044973;733 905;7;0;2;4;2;1
202200044973;733 909;7;0;2;4;2;1
202200044973;733 913;7;0;2;1;2;1
202200044974;733 903;7;13;0;1;17;1
202200044975;733 902;7;0;1;4;4;1
202200044976;733 898;7;0;2;1;26;1
202200044976;733 901;7;0;2;4;2;1
202200044977;733 897;7;0;2;1;2;1
202200044977;733 899;7;0;2;4;2;2
202200044978;733 894;30;0;2;1;17;1
202200044978;733 896;7;0;2;8;1;1
202200044979;733 892;7;0;2;7;1;1
202200044979;733 900;7;0;2;3;1;1
202200044980;733 891;10;0;2;8;1;1
202200044980;733 895;7;0;2;2;19;1
202200044981;733 890;7;0;2;3;2;1
202200044981;733 893;30;0;2;1;26;1
202200044982;733 889;7;0;1;1;1;1
202200044983;733 887;7;0;2;1;1;0
202200044983;733 888;43;0;2;1;1;1
202200044984;733 885;3;1;0;3;1;0
202200044985;733 886;7;13;0;1;1;1
202200044986;733 882;33;0;2;3;11;1
202200044986;733 884;7;0;2;3;2;1
202200044987;733 878;7;0;2;2;1;1
202200044987;733 883;7;0;2;1;15;1
202200044988;733 877;7;0;2;4;17;1
202200044988;733 881;7;0;2;1;2;1
202200044989;733 874;7;0;2;1;0;1
202200044989;733 876;7;0;2;1;0;1
202200044990;733 873;7;0;2;1;1;1
202200044990;733 879;33;0;2;8;1;1
202200044991;733 869;7;0;1;2;5;1
202200044992;733 871;7;0;2;3;1;1
202200044992;733 872;2;0;2;1;13;1
202200044993;733 867;7;0;2;0;15;1
202200044993;733 870;13;0;2;1;2;1
202200044994;733 864;2;0;0;0;1;1
202200044995;733 862;10;0;2;4;2;1
202200044995;733 865;7;0;2;1;2;1
202200044996;733 861;7;0;2;3;13;1
202200044996;733 863;7;0;2;3;0;1
202200044997;733 858;7;13;0;1;1;1
202200044998;733 857;7;0;2;2;15;1
202200044998;733 860;2;0;2;1;18;1
202200044999;733 859;21;0;0;0;1;1
202200045000;733 855;7;0;2;8;1;1
202200045000;733 856;15;0;2;7;12;1
202200045001;733 853;7;12;0;2;1;1
202200045002;733 851;33;0;6;8;1;1
202200045003;733 852;33;0;1;0;1;1
202200045004;733 850;10;0;2;4;2;1
202200045004;733 854;7;0;2;1;2;1
202200045005;733 847;32;0;2;3;1;1
202200045005;733 849;33;0;2;2;26;1
202200045006;733 845;7;0;2;3;13;1
202200045006;733 848;43;0;2;2;1;1
202200045007;733 842;7;3;2;1;2;1
202200045007;733 846;7;0;2;4;1;1
202200045008;733 841;7;0;2;3;19;1
202200045008;733 843;50;0;2;1;1;3
202200045009;733 838;10;0;2;7;1;1
202200045009;733 840;7;0;2;1;9;1
202200045009;733 844;7;0;2;4;1;0
202200045010;733 836;7;0;2;8;11;1
202200045010;733 839;38;0;2;7;1;1
202200045011;733 837;7;0;1;2;0;0
202200045012;733 832;10;0;2;1;1;3
202200045012;733 835;10;0;2;4;4;1
202200045013;733 831;33;4;0;1;1;1
202200045014;733 825;7;0;2;3;13;1
202200045014;733 829;7;0;2;3;1;1
202200045014;733 834;99;0;2;1;1;1
202200045015;733 827;7;2;2;1;18;1
202200045015;733 833;7;0;2;7;16;1
202200045016;733 824;7;0;0;0;0;1
202200045016;733 828;7;0;0;0;0;1
202200045016;733 830;30;0;0;4;1;1
202200045017;733 823;1;0;2;1;1;5
202200045017;733 826;7;0;2;1;9;1
202200045018;733 821;7;0;2;2;12;1
202200045018;733 822;7;0;2;8;1;1
202200045019;733 817;99;0;2;1;13;1
202200045019;733 820;7;0;2;8;15;1
202200045020;733 816;7;2;0;0;26;1
202200045021;733 814;7;0;0;0;0;0
202200045021;733 818;30;0;0;8;1;0
202200045022;733 813;10;0;2;1;2;1
202200045022;733 815;7;0;2;1;2;1
202200045023;733 812;7;0;2;1;1;1
202200045023;733 819;10;0;2;2;1;1
202200045024;733 811;30;0;0;0;9;1
202200045025;733 808;34;0;1;2;1;1
202200045026;733 807;17;0;2;4;23;1
202200045026;733 809;14;1;0;2;9;1
202200045027;733 806;30;0;2;2;1;1
202200045027;733 810;7;0;2;3;1;1
202200045028;733 805;7;7;0;3;14;1
202200045029;733 803;7;0;2;2;1;1
202200045029;733 804;7;0;2;2;5;1
202200045030;733 801;3;15;0;1;13;1
202200045031;733 799;7;4;2;1;2;1
202200045031;733 802;7;0;2;1;1;2
202200045032;733 796;10;0;2;7;15;1
202200045032;733 798;2;0;2;1;1;1
202200045033;733 793;30;0;2;2;1;1
202200045033;733 797;7;0;2;3;20;1
202200045034;733 795;7;0;2;1;1;1
202200045034;733 800;7;0;2;3;15;1
202200045035;733 791;37;0;0;1;9;1
202200045035;733 794;7;0;0;4;9;1
202200045036;733 790;31;6;2;1;1;1
202200045036;733 792;10;6;2;6;1;1
202200045037;733 788;1;0;0;0;1;5
202200045038;733 782;10;0;2;1;1;1
202200045038;733 785;7;0;2;4;1;1
202200045039;733 783;7;0;2;7;15;1
202200045039;733 786;1;0;2;0;1;5
202200045040;733 779;2;0;0;0;14;1
202200045041;733 777;7;14;0;4;23;1
202200045041;733 778;7;14;0;4;23;1
202200045041;733 780;10;14;0;0;23;1
202200045041;733 784;7;14;0;1;2;1
202200045042;733 775;7;2;0;2;14;1
202200045043;733 772;10;0;2;6;1;1
202200045043;733 776;7;0;2;2;12;1
202200045044;733 771;50;0;2;0;0;3
202200045044;733 774;7;0;2;5;1;1
202200045045;733 770;50;0;0;0;25;3
202200045046;733 768;7;0;0;2;1;2
202200045046;733 773;43;0;2;3;3;1
202200045047;733 765;7;0;1;1;1;1
202200045048;733 763;7;3;0;0;0;1
202200045049;733 764;31;0;2;2;1;1
202200045049;733 766;7;0;2;8;21;1
202200045050;733 762;7;0;1;7;1;1
202200045051;733 761;7;0;1;1;2;1
202200045052;733 760;7;0;9;1;1;1
202200045053;733 758;7;0;1;2;16;1
202200045054;733 757;7;4;0;9;1;1
202200045055;733 756;3;4;0;0;0;1
202200045056;733 755;7;0;2;3;2;1
202200045056;733 759;2;0;2;1;5;1
202200045057;733 754;40;0;1;1;26;3
202200045058;733 751;7;3;0;9;1;1
202200045059;733 749;32;0;2;0;0;1
202200045059;733 752;60;0;2;2;15;5
202200045060;733 750;37;0;2;1;1;1
202200045060;733 753;30;0;2;1;17;1
202200045061;733 748;7;13;0;9;15;1
202200045062;733 744;7;0;0;3;0;1
202200045062;733 747;7;0;0;6;9;1
202200045063;733 745;2;1;0;2;1;1
202200045064;733 742;1;0;2;8;19;5
202200045064;733 746;7;0;2;1;16;1
202200045065;733 739;7;2;0;1;26;1
202200045066;733 736;31;0;2;2;26;1
202200045066;733 741;7;0;2;3;19;1
202200045067;733 735;7;0;2;1;16;1
202200045067;733 738;80;0;2;7;19;3
202200045068;733 733;7;0;2;1;19;1
202200045068;733 737;7;0;2;3;1;1
202200045069;733 727;1;0;2;1;2;5
202200045069;733 730;1;0;0;4;2;5
202200045070;733 726;30;0;0;0;26;1
202200045071;733 729;32;0;1;1;1;1
202200045072;733 724;7;0;2;1;2;1
202200045072;733 725;7;0;0;4;2;1
202200045072;733 728;7;0;2;4;2;1
202200045072;733 731;7;0;2;4;2;1
202200045073;733 722;31;0;0;0;1;1
202200045074;733 721;2;0;0;8;1;1
202200045075;733 720;7;0;2;3;15;1
202200045075;733 723;33;0;2;1;17;1
202200045076;733 719;7;2;0;0;13;1
202200045077;733 716;7;0;2;4;1;1
202200045077;733 718;7;0;2;1;1;1
202200045078;733 715;7;4;0;1;1;1
202200045079;733 732;7;0;2;1;2;1
202200045079;733 734;1;0;0;4;13;5
202200045080;733 717;50;0;1;1;9;3
202200045081;733 712;7;0;2;1;13;1
202200045081;733 714;7;0;2;8;1;1
202200045082;733 708;17;13;0;0;1;1
202200045083;733 706;1;0;2;1;0;0
202200045083;733 709;7;0;2;2;0;1
202200045084;733 704;2;0;2;1;1;1
202200045084;733 707;7;0;2;7;15;1
202200045085;733 703;7;0;2;2;15;1
202200045085;733 705;7;0;2;8;1;1
202200045085;733 710;7;0;2;8;1;1
202200045086;733 701;1;0;1;1;1;5
202200045087;733 699;30;8;0;1;1;1
202200045088;733 696;7;3;2;3;5;1
202200045088;733 698;7;0;2;3;1;1
202200045089;733 695;7;0;2;2;1;1
202200045089;733 697;7;0;2;3;15;1
202200045090;733 692;2;0;2;0;1;1
202200045090;733 694;10;0;2;1;0;1
202200045091;733 690;7;0;2;7;24;2
202200045091;733 693;80;0;2;8;2;3
202200045092;733 689;7;13;0;7;1;1
202200045093;733 687;7;13;0;0;1;1
202200045094;733 682;7;0;2;1;1;1
202200045094;733 686;7;0;2;1;1;1
202200045095;733 683;7;0;2;3;15;1
202200045095;733 685;2;0;2;1;1;1
202200045096;733 680;7;0;2;4;24;1
202200045096;733 684;37;0;2;3;1;2
202200045096;733 688;7;0;2;2;1;1
202200045097;733 678;7;0;2;4;2;1
202200045097;733 679;7;0;2;1;1;1
202200045098;733 676;33;0;2;1;1;1
202200045098;733 681;7;0;2;3;16;1
202200045099;733 673;33;1;0;0;1;1
202200045100;733 674;50;0;2;1;19;3
202200045100;733 677;7;0;2;3;16;1
202200045101;733 672;33;0;2;1;1;1
202200045101;733 675;7;0;2;5;15;1
202200045102;733 670;80;0;0;0;1;3
202200045103;733 671;7;6;0;2;14;1
202200045104;733 667;7;0;0;1;26;1
202200045105;733 665;7;0;2;1;1;1
202200045105;733 668;7;11;2;7;13;1
202200045106;733 663;7;0;2;1;1;1
202200045106;733 666;80;0;2;8;1;3
202200045107;733 661;14;0;2;1;1;1
202200045107;733 664;7;0;2;7;13;1
202200045108;733 662;7;4;0;1;12;1
202200045109;733 659;7;0;2;1;1;1
202200045109;733 660;99;0;2;2;5;3
202200045110;733 656;7;0;9;4;23;1
202200045110;733 657;2;0;2;1;2;1
202200045111;733 658;7;0;0;5;15;1
202200045111;733 669;33;0;2;1;1;1
202200045112;733 653;7;8;0;1;13;1
202200045113;733 654;33;4;0;8;13;1
202200045114;733 650;7;1;0;1;13;1
202200045115;733 649;33;0;2;1;17;1
202200045115;733 651;7;0;2;1;0;2
202200045116;733 648;7;13;0;8;13;1
202200045117;733 647;7;0;2;1;1;1
202200045117;733 652;7;8;2;7;19;1
202200045118;733 646;80;0;0;0;1;3
202200045119;733 640;7;0;2;1;1;1
202200045119;733 645;7;0;2;1;1;1
202200045120;733 641;7;13;2;3;13;1
202200045120;733 643;7;0;2;3;1;1
202200045121;733 639;99;0;1;1;16;3
202200045122;733 638;7;0;2;3;13;1
202200045122;733 642;7;0;2;3;1;1
202200045123;733 636;30;12;0;1;14;1
202200045124;733 635;7;0;2;1;1;1
202200045124;733 637;7;0;2;4;23;1
202200045125;733 634;7;6;0;1;13;2
202200045126;733 633;7;0;2;1;1;1
202200045126;733 644;10;0;2;7;1;1
202200045127;733 631;33;0;2;1;1;1
202200045127;733 632;7;0;2;3;9;1
202200045128;733 628;2;0;0;0;0;0
202200045129;733 627;7;0;1;3;1;1
202200045130;733 626;30;0;2;3;1;1
202200045130;733 630;7;0;2;3;15;1
202200045131;733 623;30;0;2;4;1;1
202200045131;733 625;7;0;2;1;1;1
202200045132;733 622;7;4;0;1;1;1
202200045133;733 617;50;0;0;0;1;3
202200045134;733 618;33;0;2;1;17;1
202200045134;733 621;33;0;2;6;15;1
202200045135;733 616;7;0;1;1;0;1
202200045136;733 619;7;0;2;8;22;1
202200045136;733 620;2;0;2;1;1;1
202200045137;733 614;31;0;0;0;0;1
202200045138;733 613;2;0;;0;1;1
202200045139;733 612;36;13;0;1;0;1
202200045140;733 615;7;13;0;2;1;1
202200045141;733 607;33;0;2;0;0;1
202200045141;733 610;7;0;2;3;15;1
202200045142;733 609;33;0;2;1;1;1
202200045142;733 611;7;0;2;1;13;1
202200045143;733 605;7;0;0;1;1;1
202200045144;733 606;7;9;0;1;1;1
202200045145;733 604;7;0;2;2;19;1
202200045145;733 608;7;0;2;1;15;1
202200045146;733 601;7;13;0;1;1;1
202200045147;733 600;10;0;2;1;1;1
202200045147;733 603;7;0;2;6;15;1
202200045148;733 598;7;2;0;7;1;1
202200045149;733 597;7;0;2;2;1;0
202200045149;733 602;1;0;2;3;1;5
202200045150;733 596;7;0;2;6;9;1
202200045150;733 599;33;0;2;8;1;1
202200045151;733 593;7;0;2;2;15;1
202200045151;733 595;80;0;2;5;16;3
202200045152;733 590;7;0;0;4;2;1
202200045152;733 594;7;0;2;1;1;1
202200045153;733 589;80;0;0;4;2;3
202200045153;733 592;7;0;2;1;2;1
202200045154;733 587;1;0;2;2;1;5
202200045154;733 591;2;0;2;3;1;1
202200045155;733 585;7;0;2;1;1;1
202200045155;733 588;7;0;2;1;9;1
202200045156;733 584;30;0;2;3;17;1
202200045156;733 586;7;0;2;3;1;1
202200045157;733 579;7;0;2;0;0;0
202200045158;733 582;7;2;0;3;2;1
202200045159;733 578;1;0;1;6;1;5
202200045160;733 581;33;0;2;5;1;1
202200045160;733 583;7;0;2;2;19;1
202200045161;733 574;33;0;0;8;1;1
202200045162;733 571;7;0;1;3;1;1
202200045163;733 570;7;0;2;1;9;1
202200045163;733 575;7;0;2;7;1;1
202200045163;733 576;7;0;2;8;23;1
202200045164;733 569;33;0;2;2;17;1
202200045164;733 573;7;0;2;3;2;1
202200045165;733 568;2;0;2;8;1;1
202200045165;733 572;7;0;2;8;13;1
202200045166;733 564;10;0;1;5;4;1
202200045167;733 563;7;0;5;3;1;1
202200045168;733 562;7;0;2;2;9;1
202200045168;733 566;1;0;2;7;16;5
202200045169;733 560;7;0;0;0;1;1
202200045170;733 558;33;0;0;7;17;1
202200045171;733 559;7;0;2;7;15;2
202200045171;733 565;31;0;2;1;1;1
202200045172;733 556;36;3;0;2;1;1
202200045173;733 555;7;0;2;7;15;0
202200045173;733 557;7;0;2;1;1;0
202200045174;733 553;7;6;0;3;13;1
202200045175;733 552;7;1;0;1;1;1
202200045176;733 551;32;0;2;1;17;1
202200045176;733 554;7;0;2;3;15;1
202200045177;733 547;33;0;2;1;26;1
202200045177;733 550;7;0;0;8;26;1
202200045178;733 546;14;0;1;6;4;1
202200045179;733 545;10;0;2;2;0;1
202200045179;733 548;50;0;2;0;0;3
202200045180;733 543;37;0;2;2;7;1
202200045180;733 549;7;0;2;5;19;1
202200045181;733 544;7;0;1;7;9;1
202200045182;733 538;1;0;2;0;0;5
202200045182;733 539;1;0;2;0;13;5
202200045183;733 536;7;0;2;5;0;1
202200045183;733 541;50;0;2;1;19;3
202200045184;733 537;7;0;2;8;15;1
202200045184;733 542;2;0;2;1;17;1
202200045185;733 535;1;0;2;8;1;5
202200045185;733 540;7;0;2;3;17;1
202200045186;733 532;33;0;2;1;17;1
202200045186;733 534;7;0;9;3;15;1
202200045187;733 531;7;8;0;2;2;1
202200045188;733 529;7;0;2;6;1;1
202200045188;733 533;31;0;2;6;2;1
202200045189;733 526;7;0;2;3;9;1
202200045189;733 528;30;0;2;3;1;1
202200045190;733 525;1;0;2;2;1;5
202200045190;733 527;50;0;2;3;1;3
202200045191;733 521;7;0;2;6;1;1
202200045191;733 523;7;0;2;3;19;1
202200045192;733 520;33;0;2;8;26;1
202200045192;733 524;7;0;2;3;9;1
202200045193;733 519;7;0;2;1;16;1
202200045193;733 522;50;0;2;1;16;3
202200045194;733 517;1;0;2;8;2;5
202200045194;733 518;7;0;9;7;2;1
202200045195;733 516;7;0;1;2;1;1
202200045196;733 515;7;13;0;0;1;1
202200045197;733 514;7;12;2;2;1;1
202200045198;733 513;7;2;0;2;1;1
202200045199;733 509;10;0;0;6;2;1
202200045199;733 511;2;0;2;1;2;1
202200045200;733 510;31;0;2;1;7;1
202200045200;733 512;7;0;2;5;16;1
202200045201;733 507;7;0;2;7;15;1
202200045201;733 508;33;0;2;1;1;1
202200045202;733 506;33;0;6;1;1;1
202200045203;733 505;7;0;1;4;20;1
202200045204;733 503;7;6;0;1;15;1
202200045205;733 501;33;2;0;1;1;1
202200045206;733 502;7;0;2;3;15;1
202200045206;733 504;1;0;2;1;1;5
202200045207;733 498;1;0;2;1;9;5
202200045207;733 500;7;0;9;4;4;1
202200045208;733 496;80;0;2;1;1;3
202200045208;733 499;7;0;2;2;15;1
202200045209;733 495;7;0;0;1;0;1
202200045210;733 493;7;4;0;1;1;1
202200045211;733 490;14;9;0;0;1;0
202200045212;733 487;7;0;2;2;15;1
202200045212;733 489;7;0;2;1;26;1
202200045213;733 488;7;0;2;4;2;1
202200045213;733 492;10;0;2;1;2;1
202200045214;733 485;7;0;0;4;2;1
202200045214;733 491;33;0;2;1;2;1
202200045214;733 494;33;0;2;1;2;1
202200045214;733 497;33;0;2;1;2;1
202200045215;733 484;7;0;2;1;0;1
202200045215;733 486;7;0;2;4;15;1
202200045216;733 480;7;0;2;5;1;1
202200045216;733 481;31;0;2;1;3;1
202200045216;733 483;10;0;2;9;1;1
202200045217;733 478;7;0;2;8;9;1
202200045217;733 479;2;0;2;1;1;1
202200045218;733 482;7;14;0;3;21;1
202200045219;733 475;15;0;2;1;12;1
202200045219;733 476;7;0;2;4;2;1
202200045219;733 477;7;0;2;9;2;1
202200045220;733 473;37;0;1;0;15;1
202200045221;733 472;7;0;2;2;1;1
202200045221;733 474;43;0;2;1;3;1
202200045222;733 470;10;0;2;8;11;1
202200045222;733 471;33;0;2;7;1;1
202200045223;733 467;17;3;0;8;26;1
202200045224;733 469;31;0;0;8;1;1
202200045225;733 466;33;0;2;8;1;1
202200045225;733 468;7;0;2;5;15;1
202200045226;733 464;10;0;2;5;2;1
202200045226;733 465;32;0;2;1;11;1
202200045227;733 460;7;0;2;1;15;1
202200045227;733 463;50;0;2;1;19;3
202200045228;733 457;33;0;2;3;1;1
202200045228;733 459;7;0;2;7;2;1
202200045228;733 461;7;0;2;4;1;0
202200045229;733 458;33;0;2;3;3;1
202200045229;733 462;7;0;2;2;12;1
202200045230;733 455;7;0;2;3;1;1
202200045230;733 456;60;0;2;1;19;5
202200045231;733 451;7;0;2;1;1;1
202200045231;733 453;7;0;2;4;1;1
202200045231;733 454;7;0;2;4;1;0
202200045232;733 450;10;0;2;4;1;1
202200045232;733 452;10;0;2;1;1;1
202200045233;733 449;7;3;0;1;14;1
202200045234;733 447;10;0;2;1;1;1
202200045234;733 448;10;0;2;4;2;1
202200045235;733 445;50;0;2;1;1;3
202200045235;733 446;7;0;2;1;5;1
202200045236;733 440;2;0;2;1;1;0
202200045236;733 442;60;0;2;1;1;5
202200045237;733 438;10;0;1;1;0;1
202200045238;733 437;7;0;2;1;2;1
202200045238;733 439;7;0;2;4;2;1
202200045238;733 441;7;0;2;4;2;1
202200045238;733 443;7;0;2;4;2;1
202200045238;733 444;7;0;2;1;2;1
202200045239;733 436;33;3;0;8;1;1
202200045240;733 434;33;0;1;0;17;1
202200045241;733 431;50;0;2;3;1;3
202200045241;733 432;10;0;2;2;19;0
202200045242;733 430;7;0;2;8;19;1
202200045242;733 433;7;0;2;1;1;1
202200045243;733 429;7;0;1;1;2;1
202200045244;733 425;32;0;2;2;1;1
202200045244;733 428;7;0;2;3;15;1
202200045245;733 426;7;0;2;7;12;1
202200045245;733 427;37;0;2;3;0;1
202200045246;733 421;31;0;2;1;0;1
202200045246;733 423;17;0;2;6;23;1
202200045247;733 422;7;0;2;0;0;1
202200045247;733 424;31;0;2;1;17;1
202200045248;733 419;32;0;1;1;9;0
202200045249;733 418;7;2;0;1;1;1
202200045250;733 420;7;0;1;1;1;1
202200045251;733 416;3;1;0;2;1;1
202200045252;733 414;7;0;2;2;12;1
202200045252;733 417;31;0;2;3;18;1
202200045253;733 411;7;0;1;3;1;1
202200045254;733 410;7;0;2;3;9;1
202200045254;733 412;1;0;2;2;1;5
202200045255;733 413;10;0;2;1;1;1
202200045255;733 415;7;0;2;4;1;1
202200045256;733 406;1;6;0;1;1;5
202200045257;733 408;50;0;2;1;5;3
202200045257;733 409;7;0;2;0;0;0
202200045258;733 405;30;0;2;1;19;1
202200045258;733 407;7;0;2;5;19;1
202200045259;733 402;10;0;2;0;0;1
202200045259;733 403;7;0;2;6;15;1
202200045260;733 404;33;0;2;0;21;1
202200045261;733 400;7;0;2;1;9;1
202200045261;733 401;2;0;2;1;1;1
202200045262;733 399;1;6;0;1;1;5
202200045263;733 397;7;0;2;1;15;0
202200045263;733 398;2;0;2;1;1;1
202200045264;733 394;34;0;2;1;0;1
202200045264;733 395;7;0;2;6;2;1
202200045265;733 393;1;0;2;1;0;5
202200045265;733 396;37;0;2;3;9;1
202200045266;733 391;1;0;2;1;1;5
202200045266;733 392;10;0;2;3;15;1
202200045267;733 389;10;6;0;1;1;1
202200045268;733 385;10;0;2;2;1;1
202200045268;733 387;1;0;2;1;1;5
202200045269;733 386;40;0;1;1;1;3
202200045270;733 383;33;0;0;0;21;1
202200045271;733 379;7;0;2;5;12;1
202200045271;733 381;31;0;2;1;1;1
202200045271;733 382;7;0;2;7;1;1
202200045271;733 384;33;0;2;3;11;1
202200045272;733 378;7;0;2;1;1;1
202200045272;733 380;7;0;2;1;1;1
202200045273;733 373;7;0;2;1;17;1
202200045273;733 375;7;0;2;1;17;1
202200045273;733 376;7;0;2;1;17;1
202200045273;733 377;7;0;9;4;17;1
202200045274;733 372;30;0;2;8;13;1
202200045274;733 374;7;0;2;5;1;1
202200045275;733 370;7;0;2;6;16;1
202200045275;733 371;7;0;2;2;2;1
202200045276;733 368;7;0;2;1;2;1
202200045276;733 369;7;0;2;4;20;1
202200045277;733 366;32;0;2;2;17;1
202200045278;733 363;7;0;2;1;0;1
202200045278;733 365;7;0;2;6;0;1
202200045278;733 367;10;0;2;0;0;1
202200045279;733 362;37;0;2;1;16;1
202200045279;733 364;50;0;2;8;9;3
202200045280;733 361;7;0;1;1;17;0
202200045281;733 360;50;0;0;8;9;3
202200045282;733 357;10;0;2;4;2;1
202200045282;733 359;30;0;2;0;0;1
202200045283;733 353;37;0;1;2;26;1
202200045284;733 352;32;0;1;8;1;1
202200045285;733 348;1;0;2;1;26;5
202200045285;733 349;7;0;2;3;15;1
202200045286;733 347;7;0;1;1;1;1
202200045287;733 344;7;0;2;2;9;0
202200045287;733 346;2;0;2;7;1;1
202200045288;733 342;7;1;0;3;0;1
202200045288;733 345;1;0;2;2;1;5
202200045289;733 341;7;1;2;3;24;1
202200045289;733 343;50;0;2;0;2;3
202200045290;733 337;7;0;2;5;1;1
202200045290;733 340;7;0;2;3;11;1
202200045291;733 336;2;0;2;7;9;1
202200045291;733 338;7;0;2;3;1;1
202200045292;733 335;7;0;2;5;16;1
202200045292;733 339;7;0;2;3;7;1
202200045293;733 334;31;11;0;1;21;0
202200045294;733 332;37;0;1;3;2;1
202200045295;733 330;7;0;2;8;1;1
202200045295;733 333;7;0;2;1;15;1
202200045296;733 326;7;0;2;1;1;1
202200045296;733 328;7;0;2;1;5;1
202200045297;733 327;10;0;0;1;1;3
202200045297;733 329;7;0;0;4;23;2
202200045298;733 322;7;0;2;1;1;1
202200045298;733 324;7;0;2;4;1;1
202200045298;733 325;7;0;0;0;0;1
202200045299;733 320;7;0;2;1;1;2
202200045299;733 323;7;0;2;3;19;1
202200045300;733 321;50;0;1;3;1;3
202200045301;733 319;10;0;1;2;19;1
202200045302;733 317;7;0;2;2;9;1
202200045302;733 318;50;0;2;1;1;3
202200045303;733 316;30;0;1;1;1;1
202200045304;733 313;7;0;2;5;15;1
202200045304;733 315;7;0;2;1;1;1
202200045305;733 312;10;0;2;8;15;1
202200045305;733 314;32;0;2;7;17;1
202200045306;733 311;1;0;1;1;25;5
202200045307;733 308;7;0;9;2;9;1
202200045307;733 310;1;0;2;2;25;5
202200045308;733 309;33;0;1;1;2;1
202200045309;733 306;2;0;2;1;1;1
202200045309;733 307;7;0;2;3;9;1
202200045310;733 305;7;0;1;3;1;1
202200045311;733 303;7;9;0;1;1;1
202200045312;733 304;7;0;1;1;2;1
202200045313;733 300;7;6;2;1;19;1
202200045313;733 302;7;1;2;3;19;1
202200045314;733 299;7;0;1;2;1;1
202200045315;733 297;7;0;2;6;15;1
202200045315;733 301;2;0;2;2;17;1
202200045316;733 298;7;0;1;7;20;1
202200045317;733 295;7;0;2;3;15;3
202200045317;733 296;30;0;2;7;17;1
202200045318;733 292;17;0;4;3;9;1
202200045318;733 294;40;0;2;3;2;3
202200045319;733 291;7;0;2;2;7;1
202200045319;733 293;43;0;2;3;16;1
202200045320;733 288;7;0;2;1;1;1
202200045320;733 290;7;0;2;1;1;1
202200045321;733 287;7;0;0;5;15;1
202200045321;733 289;7;0;0;0;0;1
202200045322;733 286;50;1;0;1;1;3
202200045323;733 284;3;9;0;1;13;1
202200045324;733 283;7;0;2;1;1;1
202200045324;733 285;7;0;2;4;1;2
202200045325;733 281;7;0;2;6;15;1
202200045325;733 282;2;0;2;1;17;1
202200045326;733 278;7;0;2;2;15;1
202200045326;733 279;31;0;2;1;1;1
202200045327;733 277;7;0;2;8;10;1
202200045327;733 280;33;0;2;1;17;1
202200045328;733 273;7;0;2;1;9;1
202200045328;733 275;7;0;2;1;1;1
202200045328;733 276;7;0;2;4;1;1
202200045329;733 272;7;0;2;1;15;1
202200045329;733 274;1;0;2;1;1;5
202200045330;733 268;1;0;2;4;2;5
202200045330;733 270;7;0;2;2;2;1
202200045331;733 267;1;0;2;1;1;5
202200045331;733 269;7;0;2;2;26;1
202200045332;733 271;1;0;1;1;1;5
202200045333;733 264;7;0;2;3;13;1
202200045333;733 266;7;0;2;8;1;1
202200045334;733 261;37;0;2;3;1;6
202200045334;733 263;7;0;2;6;1;0
202200045335;733 260;7;1;0;1;9;1
202200045336;733 257;32;0;2;1;3;1
202200045336;733 259;7;0;2;3;15;1
202200045337;733 256;1;0;2;8;19;5
202200045337;733 258;10;0;2;8;15;1
202200045338;733 262;2;0;2;2;0;1
202200045338;733 265;7;0;2;5;16;1
202200045339;733 255;33;0;0;0;1;1
202200045340;733 254;50;0;0;0;1;3
202200045341;733 252;10;0;0;0;0;1
202200045341;733 253;2;0;2;1;1;1
202200045342;733 248;1;0;2;1;26;5
202200045342;733 250;7;0;2;1;26;1
202200045343;733 247;7;0;2;0;23;1
202200045343;733 249;7;0;2;4;23;1
202200045343;733 251;10;0;2;1;1;1
202200045344;733 246;10;0;1;2;1;1
202200045345;733 245;34;14;0;1;14;1
202200045346;733 243;32;0;2;1;1;1
202200045346;733 244;7;0;2;2;19;1
202200045347;733 242;37;0;1;2;16;2
202200045348;733 240;7;0;2;2;19;1
202200045348;733 241;31;0;2;1;1;1
202200045349;733 237;80;0;2;2;1;3
202200045349;733 239;7;0;2;3;1;3
202200045350;733 236;34;0;0;0;1;1
202200045350;733 238;7;0;2;0;9;1
202200045351;733 234;10;0;2;1;26;1
202200045351;733 235;32;0;2;4;23;1