Num_Acc;id_vehicule;categorie_vehicule;obstacle_fixe;obstacle_mobile;point_choc_initial;manoeuvre_principale;motorisation
202200045352;733 232;7;0;2;1;9;1
202200045352;733 233;7;0;2;1;2;1
202200045353;733 230;7;0;2;7;14;1
202200045353;733 231;33;0;2;8;1;1
202200045354;733 228;1;0;2;6;17;5
202200045354;733 229;7;0;2;2;1;1
202200045355;733 225;7;0;2;3;9;1
202200045355;733 227;31;0;2;0;0;1
202200045356;733 224;1;0;2;8;1;5
202200045356;733 226;7;0;9;2;20;1
202200045357;733 221;7;0;2;3;14;1
202200045357;733 222;7;0;2;3;1;1
202200045358;733 220;30;0;2;2;1;1
202200045358;733 223;7;0;2;3;15;1
202200045359;733 219;7;0;1;3;1;1
202200045360;733 217;34;0;2;1;2;1
202200045360;733 218;7;0;2;4;2;0
202200045361;733 216;33;12;0;8;5;1
202200045362;733 213;7;2;0;2;1;1
202200045363;733 214;7;1;2;2;1;1
202200045363;733 215;1;1;0;8;1;5
202200045364;733 210;7;0;2;7;14;2
202200045364;733 212;17;0;2;6;1;1
202200045365;733 209;1;1;0;1;1;5
202200045365;733 211;7;0;2;8;24;1
202200045366;733 205;10;0;2;3;1;1
202200045366;733 207;7;0;2;3;1;1
202200045366;733 208;7;0;2;3;1;1
202200045367;733 204;33;0;0;2;1;1
202200045367;733 206;7;0;2;8;15;1
202200045368;733 203;33;13;0;1;1;1
202200045369;733 201;7;0;2;3;15;1
202200045369;733 202;7;0;2;8;1;1
202200045370;733 199;7;0;2;1;1;1
202200045370;733 200;7;0;2;3;1;1
202200045371;733 197;10;1;0;8;22;1
202200045371;733 198;1;1;0;8;21;5
202200045372;733 195;7;0;2;3;1;1
202200045372;733 196;7;0;2;3;13;1
202200045373;733 194;2;0;0;0;0;1
202200045374;733 193;14;13;0;8;13;1
202200045375;733 192;7;4;0;1;14;1
202200045376;733 191;7;16;0;3;1;1
202200045377;733 189;7;0;2;1;1;1
202200045377;733 190;2;0;2;8;16;1
202200045378;733 186;7;0;2;1;0;1
202200045378;733 187;7;0;2;1;21;1
202200045379;733 183;7;2;0;1;0;1
202200045380;733 181;33;0;2;1;1;1
202200045380;733 182;7;0;2;7;15;1
202200045381;733 179;7;0;2;8;1;1
202200045381;733 180;10;0;2;3;15;1
202200045382;733 178;2;15;0;1;1;1
202200045383;733 177;33;0;5;1;1;1
202200045384;733 175;33;0;2;2;21;1
202200045384;733 176;10;0;2;3;16;1
202200045385;733 174;33;0;6;1;1;1
202200045386;733 172;7;0;0;4;15;1
202200045386;733 173;34;0;2;1;2;1
202200045387;733 170;7;0;2;3;13;1
202200045387;733 171;7;0;2;3;1;1
202200045388;733 169;33;8;0;0;17;1
202200045389;733 167;7;0;2;2;1;1
202200045389;733 168;2;0;2;1;13;1
202200045390;733 165;7;0;0;8;15;1
202200045390;733 166;33;0;2;1;17;1
202200045391;733 164;33;0;0;8;0;1
202200045392;733 162;7;0;2;1;17;1
202200045392;733 163;1;0;2;4;13;5
202200045393;733 161;7;0;1;2;1;1
202200045394;733 159;17;0;0;6;2;1
202200045394;733 160;10;0;2;2;17;1
202200045395;733 156;7;0;2;2;2;1
202200045395;733 157;14;0;2;3;1;1
202200045395;733 158;7;0;2;1;13;1
202200045396;733 155;2;0;0;0;0;1
202200045397;733 154;7;2;0;2;1;1
202200045398;733 153;31;0;0;8;1;1
202200045399;733 152;7;0;1;3;1;1
202200045400;733 150;7;0;2;3;9;1
202200045400;733 151;33;0;2;7;16;1
202200045401;733 148;31;0;9;1;17;1
202200045401;733 149;1;0;2;8;15;5
202200045402;733 147;32;2;0;1;1;1
202200045403;733 146;1;0;0;0;2;5
202200045404;733 144;33;0;0;6;1;1
202200045404;733 145;33;0;2;1;17;1
202200045405;733 142;33;0;2;1;2;1
202200045405;733 143;7;0;0;5;2;1
202200045406;733 140;38;0;1;1;19;1
202200045407;733 138;7;0;2;1;2;1
202200045407;733 139;7;0;2;4;23;1
202200045408;733 136;7;0;0;3;13;1
202200045408;733 137;15;0;0;3;14;1
202200045409;733 134;10;0;2;3;1;1
202200045409;733 135;33;0;2;3;1;1
202200045410;733 132;7;0;2;3;1;1
202200045410;733 133;7;0;2;1;1;1
202200045411;733 130;7;0;2;3;15;1
202200045411;733 131;7;0;2;3;1;1
202200045412;733 128;13;0;0;1;0;1
202200045412;733 129;7;0;0;4;0;1
202200045413;733 124;7;0;2;6;1;1
202200045413;733 125;31;0;2;1;0;1
202200045414;733 122;33;0;2;3;3;1
202200045414;733 123;7;0;2;2;12;1
202200045415;733 120;7;0;2;0;0;0
202200045415;733 121;33;0;2;0;2;1
202200045416;733 119;7;4;0;2;14;1
202200045417;733 117;10;0;2;5;2;1
202200045417;733 118;33;0;2;1;2;1
202200045418;733 114;7;0;2;1;2;1
202200045418;733 115;7;0;2;4;2;3
202200045418;733 116;7;0;2;4;2;1
202200045419;733 111;7;0;2;8;11;1
202200045419;733 112;33;0;2;7;3;1
202200045419;733 113;7;0;2;4;1;1
202200045420;733 108;7;0;2;3;11;2
202200045420;733 109;33;0;2;8;0;1
202200045420;733 110;7;0;2;4;1;1
202200045421;733 106;7;0;2;1;2;1
202200045421;733 107;17;0;2;4;2;1
202200045422;733 104;31;0;2;2;3;1
202200045422;733 105;7;0;2;3;11;2
202200045423;733 103;7;0;0;9;1;1
202200045424;733 101;7;0;2;1;2;1
202200045424;733 102;10;0;2;4;2;1
202200045425;733 099;7;0;2;8;9;1
202200045425;733 100;15;0;2;2;2;1
202200045426;733 097;43;0;2;1;3;1
202200045426;733 098;10;0;2;4;11;1
202200045427;733 095;7;4;2;3;12;2
202200045427;733 096;13;0;2;0;0;1
202200045428;733 093;7;4;2;1;26;1
202200045428;733 094;13;0;0;8;1;1
202200045429;733 091;7;0;2;8;1;1
202200045429;733 092;15;0;2;2;12;1
202200045430;733 089;7;0;2;8;2;1
202200045430;733 090;33;0;2;2;3;1
202200045431;733 088;2;4;0;2;0;1
202200045432;733 087;7;0;2;4;2;1
202200045433;733 085;10;0;0;0;16;1
202200045433;733 086;31;0;0;8;21;1
202200045434;733 082;7;0;1;4;4;1
202200045435;733 081;2;0;2;1;2;1
202200045436;733 080;32;1;1;1;1;1
202200045437;733 079;33;0;0;7;9;1
202200045438;733 077;7;0;2;8;1;6
202200045438;733 078;2;0;2;1;1;1
202200045439;733 076;7;6;0;3;1;1
202200045440;733 074;7;0;2;2;15;1
202200045440;733 075;99;0;2;1;1;0
202200045441;733 073;3;0;1;2;1;1
202200045442;733 071;7;0;2;4;23;1
202200045442;733 072;7;0;2;1;2;1
202200045443;733 070;31;0;1;1;0;1
202200045444;733 068;7;0;2;1;2;1
202200045444;733 069;10;0;2;4;2;1
202200045445;733 066;7;1;2;4;22;1
202200045445;733 067;7;12;2;1;16;2
202200045446;733 065;7;1;1;2;1;1
202200045447;733 061;7;0;2;5;1;1
202200045447;733 062;7;0;2;1;1;1
202200045447;733 063;7;0;2;1;1;1
202200045447;733 064;7;0;2;1;1;1
202200045448;733 059;7;0;2;2;9;1
202200045448;733 060;33;0;2;3;15;1
202200045449;733 058;7;0;1;2;19;2
202200045450;733 055;10;0;2;1;1;1
202200045450;733 056;10;0;2;4;23;1
202200045450;733 057;10;0;2;6;0;1
202200045451;733 052;7;0;2;1;2;1
202200045451;733 053;10;0;2;4;2;1
202200045451;733 054;7;0;2;4;2;1
202200045452;733 050;31;0;2;5;17;1
202200045452;733 051;10;0;2;3;11;0
202200045453;733 048;7;0;2;1;26;1
202200045453;733 049;7;0;2;3;1;1
202200045454;733 047;7;0;1;2;13;1
202200045455;733 046;7;1;0;3;24;1
202200045456;733 045;7;0;1;1;1;1
202200045457;733 043;7;0;2;7;1;1
202200045457;733 044;7;0;2;6;9;1
202200045458;733 040;10;0;2;2;9;1
202200045458;733 041;7;0;2;1;1;1
202200045458;733 042;7;0;2;3;23;1
202200045459;733 039;7;9;0;9;19;1
202200045460;733 036;7;0;2;1;2;1
202200045460;733 037;7;0;2;4;23;1
202200045460;733 038;7;0;2;4;23;1
202200045461;733 033;7;8;2;6;24;1
202200045461;733 034;7;1;2;2;18;1
202200045461;733 035;10;0;2;7;12;1
202200045462;733 031;1;0;2;3;19;5
202200045462;733 032;7;0;2;2;16;1
202200045463;733 029;7;0;2;2;1;1
202200045463;733 030;50;0;2;0;1;3
202200045464;733 027;33;0;2;1;1;1
202200045464;733 028;7;0;2;2;1;1
202200045465;733 025;7;0;2;1;9;1
202200045465;733 026;1;0;2;7;1;5
202200045466;733 023;1;0;2;2;1;5
202200045466;733 024;7;0;2;1;9;1
202200045467;733 021;1;0;2;1;15;5
202200045467;733 022;7;0;2;3;16;1
202200045468;733 019;1;0;2;1;1;5
202200045468;733 020;7;0;2;5;19;1
202200045469;733 017;7;0;2;1;15;1
202200045469;733 018;34;0;2;7;1;1
202200045470;733 016;7;0;1;2;26;3
202200045471;733 015;7;0;1;0;26;1
202200045472;733 013;7;0;2;1;16;1
202200045472;733 014;99;0;2;1;5;1
202200045473;733 011;7;0;2;3;15;1
202200045473;733 012;33;0;2;1;1;1
202200045474;733 010;7;0;1;1;9;1
202200045475;733 008;50;0;2;0;0;3
202200045475;733 009;7;0;9;1;1;1
202200045476;733 007;7;0;1;4;26;3
202200045477;733 005;7;0;2;4;1;1
202200045477;733 006;7;0;2;1;1;1
202200045478;733 003;7;0;2;4;2;1
202200045478;733 004;33;0;2;1;17;1
202200045479;733 001;7;0;9;0;0;1
202200045479;733 002;1;0;2;1;15;5
202200045480;732 999;7;0;9;2;16;1
202200045480;733 000;1;0;2;1;1;5
202200045481;732 997;1;0;2;1;0;5
202200045481;732 998;10;0;9;8;22;1
202200045482;732 995;37;0;2;2;12;1
202200045482;732 996;7;0;2;9;1;1
202200045483;732 994;7;0;1;3;1;1
202200045484;732 991;15;0;2;1;2;1
202200045484;732 992;7;0;2;4;2;1
202200045484;732 993;10;0;0;4;2;1
202200045485;732 989;7;0;2;1;1;3
202200045485;732 990;7;0;2;5;0;1
202200045486;732 987;31;0;2;1;2;1
202200045486;732 988;7;0;2;4;23;1
202200045487;732 986;7;0;1;2;16;1
202200045488;732 984;30;0;2;1;16;1
202200045488;732 985;7;0;2;8;15;1
202200045489;732 983;33;14;0;1;17;1
202200045490;732 981;2;0;2;3;15;1
202200045490;732 982;33;0;2;1;1;1
202200045491;732 978;7;0;2;4;1;1
202200045491;732 979;7;0;2;4;2;1
202200045491;732 980;7;0;2;1;1;1
202200045492;732 976;7;0;2;1;1;1
202200045492;732 977;1;0;2;4;1;5
202200045493;732 974;7;0;2;2;15;1
202200045493;732 975;33;0;2;1;1;1
202200045494;732 972;1;0;2;8;1;5
202200045494;732 973;50;0;2;7;18;3
202200045495;732 970;32;0;2;1;1;1
202200045495;732 971;7;0;2;3;11;1
202200045496;732 966;7;0;2;1;15;1
202200045496;732 967;7;6;2;7;1;1
202200045497;732 964;7;0;2;6;15;1
202200045497;732 965;31;0;2;1;17;1
202200045498;732 962;7;0;2;4;23;1
202200045498;732 963;7;0;2;1;1;1
202200045499;732 960;7;0;2;4;1;1
202200045499;732 961;2;0;2;1;1;1
202200045500;732 956;7;0;2;7;15;1
202200045500;732 957;30;0;2;8;9;1
202200045501;732 953;7;0;2;4;2;
202200045501;732 954;7;0;2;1;2;1
202200045501;732 955;7;0;2;1;2;1
202200045502;732 952;30;0;0;8;26;1
202200045503;732 951;7;0;1;3;15;1
202200045504;732 949;1;0;2;1;1;5
202200045504;732 950;10;0;9;1;12;1
202200045505;732 947;7;0;2;1;9;0
202200045505;732 948;7;0;2;2;1;1
202200045506;732 946;7;0;1;5;20;1
202200045507;732 945;30;0;1;1;0;1
202200045508;732 944;7;0;1;0;9;2
202200045509;732 941;7;0;9;1;13;1
202200045509;732 942;1;0;9;7;1;5
202200045509;732 943;31;0;2;1;13;1
202200045510;732 940;7;0;1;1;1;1
202200045511;732 938;33;0;2;5;18;0
202200045511;732 939;7;0;9;2;16;1
202200045512;732 936;33;0;2;1;3;1
202200045512;732 937;7;0;2;5;23;1
202200045513;732 934;32;0;2;0;3;1
202200045513;732 935;33;0;2;0;12;1
202200045514;732 932;32;0;2;8;3;1
202200045514;732 933;7;0;2;7;12;1
202200045515;732 930;32;0;2;2;3;1
202200045515;732 931;7;0;2;6;1;1
202200045516;732 928;7;0;2;6;1;1
202200045516;732 929;7;4;2;3;14;1
202200045517;732 926;31;0;2;3;13;1
202200045517;732 927;10;0;2;2;1;1
202200045518;732 924;32;0;2;1;1;1
202200045518;732 925;50;0;2;7;15;3
202200045519;732 922;30;0;2;1;1;1
202200045519;732 923;10;0;2;8;10;1
202200045520;732 920;10;0;2;2;9;1
202200045520;732 921;31;0;2;1;1;3
202200045521;732 918;7;0;2;5;22;2
202200045521;732 919;1;0;2;1;1;5
202200045522;732 917;10;0;1;4;4;1
202200045523;732 915;30;0;2;2;10;3
202200045523;732 916;32;0;2;1;1;1
202200045524;732 913;33;0;2;1;17;1
202200045524;732 914;10;0;2;1;10;1
202200045525;732 912;3;0;1;1;15;1
202200045526;732 910;33;0;2;1;1;1
202200045526;732 911;7;0;2;1;16;2
202200045527;732 909;7;0;1;2;1;1
202200045528;732 908;7;0;1;1;1;1
202200045529;732 907;7;0;2;2;17;1
202200045530;732 906;7;0;1;2;15;1
202200045531;732 904;7;0;2;1;1;1
202200045531;732 905;7;0;2;4;1;1
202200045532;732 902;7;0;2;1;1;1
202200045532;732 903;7;0;2;6;1;1
202200045533;732 900;7;0;2;2;15;1
202200045533;732 901;7;0;2;2;1;1
202200045534;732 897;7;0;2;1;2;1
202200045534;732 898;7;0;2;4;2;1
202200045534;732 899;7;0;2;4;2;2
202200045535;732 896;7;1;0;1;1;1
202200045536;732 894;7;0;2;1;1;1
202200045536;732 895;7;1;2;2;5;1
202200045537;732 893;7;0;1;1;1;1
202200045538;732 891;7;0;2;2;1;1
202200045538;732 892;7;0;2;6;23;1
202200045539;732 889;7;12;2;1;1;1
202200045539;732 890;7;12;2;2;1;1
202200045540;732 888;7;0;1;1;1;0
202200045541;732 886;1;0;4;1;1;5
202200045541;732 887;40;0;2;3;1;3
202200045542;732 885;30;11;0;1;17;1
202200045543;732 882;7;0;2;7;15;1
202200045543;732 883;32;0;2;1;1;1
202200045543;732 884;7;0;2;1;0;1
202200045544;732 880;7;0;0;1;1;
202200045544;732 881;2;0;0;1;9;1
202200045545;732 879;7;0;1;1;1;1
202200045546;732 877;7;0;2;1;1;1
202200045546;732 878;2;0;0;4;1;1
202200045547;732 876;7;0;1;3;1;1
202200045548;732 874;7;0;2;6;1;3
202200045548;732 875;50;0;2;0;1;3
202200045549;732 869;7;8;0;1;16;1
202200045550;732 867;2;0;2;9;1;1
202200045550;732 868;7;0;2;3;15;1
202200045551;732 866;7;0;1;4;20;1
202200045552;732 864;50;0;2;7;1;3
202200045552;732 865;7;0;9;1;1;0
202200045553;732 862;2;0;2;1;19;1
202200045553;732 863;31;0;2;7;1;0
202200045554;732 861;7;1;0;0;0;1
202200045555;732 860;33;0;0;8;1;1
202200045556;732 859;30;0;0;8;1;1
202200045557;732 858;7;0;1;1;1;1
202200045558;732 856;7;0;1;0;1;1
202200045558;732 857;33;0;1;0;1;1
202200045559;732 854;7;0;2;3;1;1
202200045559;732 855;7;0;2;3;13;1
202200045560;732 852;7;0;2;7;1;1
202200045560;732 853;31;0;2;8;3;1
202200045561;732 850;31;0;2;4;2;3
202200045561;732 851;7;0;2;1;2;1
202200045562;732 849;37;0;1;7;1;1
202200045563;732 847;7;0;2;5;15;2
202200045563;732 848;33;0;2;1;1;1
202200045564;732 845;30;1;2;1;18;1
202200045564;732 846;7;0;2;7;1;1
202200045565;732 843;1;0;2;1;1;5
202200045565;732 844;7;0;2;1;1;1
202200045566;732 841;34;0;2;1;1;1
202200045566;732 842;7;0;2;5;10;1
202200045567;732 839;7;0;2;1;1;1
202200045567;732 840;50;0;2;8;19;3
202200045568;732 837;7;0;2;4;23;1
202200045568;732 838;30;0;2;1;2;1
202200045569;732 835;7;0;2;3;16;1
202200045569;732 836;43;0;2;1;15;1
202200045570;732 834;10;0;1;2;16;1
202200045571;732 832;7;0;2;3;2;1
202200045571;732 833;30;0;2;2;2;1
202200045572;732 831;10;0;1;1;1;1
202200045573;732 829;7;0;2;2;2;1
202200045573;732 830;10;0;2;6;16;1
202200045574;732 827;10;0;2;4;0;1
202200045574;732 828;10;0;2;1;2;1
202200045575;732 825;7;0;2;5;20;1
202200045575;732 826;2;0;2;1;1;1
202200045576;732 824;7;0;1;1;26;1
202200045577;732 822;7;0;2;3;15;1
202200045577;732 823;30;0;2;7;17;1
202200045578;732 821;7;0;1;2;26;1
202200045579;732 819;7;0;2;3;26;1
202200045579;732 820;2;0;2;1;0;1
202200045580;732 818;7;1;0;2;14;1
202200045581;732 816;30;0;2;1;2;1
202200045581;732 817;7;0;2;4;23;1
202200045582;732 815;7;0;1;2;1;1
202200045583;732 813;33;0;2;1;13;1
202200045583;732 814;10;0;2;8;9;1
202200045584;732 811;17;0;2;3;1;1
202200045584;732 812;7;0;2;3;13;1
202200045585;732 809;17;0;2;8;1;1
202200045585;732 810;7;3;2;8;17;1
202200045586;732 808;7;15;0;2;1;1
202200045587;732 806;7;0;2;1;1;1
202200045587;732 807;7;0;2;8;1;1
202200045588;732 804;2;1;2;1;21;1
202200045588;732 805;7;0;2;3;20;1
202200045589;732 803;14;0;0;9;1;1
202200045590;732 802;33;13;0;1;21;1
202200045591;732 800;7;13;0;1;1;1
202200045591;732 801;7;1;0;1;1;1
202200045592;732 799;7;13;0;9;1;1
202200045593;732 798;7;0;1;1;1;1
202200045594;732 796;33;8;0;9;21;1
202200045594;732 797;7;0;0;0;15;1
202200045595;732 795;7;0;1;1;16;1
202200045596;732 794;7;2;0;3;13;1
202200045597;732 790;7;0;2;1;1;1
202200045597;732 791;7;0;2;1;1;1
202200045597;732 792;7;0;0;6;15;1
202200045597;732 793;7;0;2;1;2;1
202200045598;732 788;7;0;2;8;9;1
202200045598;732 789;33;0;2;1;1;1
202200045599;732 786;7;0;2;1;2;1
202200045599;732 787;7;0;2;4;2;1
202200045600;732 784;7;14;0;3;13;1
202200045601;732 783;10;0;1;3;1;1
202200045602;732 780;7;0;2;8;1;1
202200045602;732 781;7;0;2;1;19;1
202200045602;732 782;7;0;2;8;1;1
202200045603;732 778;31;0;2;3;19;1
202200045603;732 779;7;0;2;2;1;1
202200045604;732 777;7;0;1;1;1;1
202200045605;732 776;7;6;0;1;1;1
202200045606;732 775;14;3;0;2;1;1
202200045607;732 773;14;0;2;6;1;1
202200045607;732 774;31;0;2;8;1;1
202200045608;732 771;14;0;0;6;1;1
202200045608;732 772;7;3;2;2;17;1
202200045609;732 769;17;0;0;5;24;1
202200045609;732 770;7;4;0;2;20;1
202200045610;732 767;7;3;0;3;13;1
202200045610;732 768;10;0;2;1;2;1
202200045611;732 766;33;1;0;1;0;1
202200045612;732 763;7;0;0;8;23;1
202200045612;732 764;7;7;2;1;1;1
202200045612;732 765;7;0;0;1;15;1
202200045613;732 761;7;0;2;1;15;1
202200045613;732 762;7;0;2;3;1;1
202200045614;732 759;2;0;2;5;16;1
202200045614;732 760;7;0;2;3;16;1
202200045615;732 757;7;0;2;2;19;1
202200045615;732 758;2;0;2;1;1;1
202200045616;732 755;7;0;2;0;0;1
202200045616;732 756;7;0;2;8;1;1
202200045617;732 753;7;0;2;4;12;1
202200045617;732 754;20;0;2;1;1;4
202200045618;732 751;7;0;2;1;12;1
202200045618;732 752;7;0;2;4;11;1
202200045619;732 749;7;0;2;0;0;1
202200045619;732 750;7;0;2;3;11;1
202200045620;732 746;7;0;2;1;17;1
202200045620;732 747;14;0;2;6;0;1
202200045620;732 748;7;0;2;3;0;1
202200045621;732 744;7;0;2;4;1;1
202200045621;732 745;7;0;2;1;1;1
202200045622;732 743;14;0;1;1;1;1
202200045623;732 741;43;0;2;1;2;1
202200045623;732 742;33;0;2;4;2;1
202200045624;732 738;7;3;0;8;1;1
202200045624;732 739;10;0;2;4;1;1
202200045624;732 740;7;0;2;3;2;1
202200045625;732 736;7;0;2;5;2;1
202200045625;732 737;33;0;2;1;12;1
202200045626;732 733;10;0;2;1;1;1
202200045626;732 734;7;0;2;4;2;1
202200045626;732 735;7;0;2;4;2;1
202200045627;732 731;7;0;2;4;24;1
202200045627;732 732;7;0;2;1;1;1
202200045628;732 729;7;0;2;2;12;1
202200045628;732 730;7;3;2;4;2;1
202200045629;732 727;33;0;2;5;1;1
202200045629;732 728;7;0;2;3;0;0
202200045630;732 726;7;14;0;1;21;3
202200045631;732 725;7;4;0;1;1;1
202200045632;732 723;7;0;2;4;1;1
202200045632;732 724;43;0;2;1;1;1
202200045633;732 721;7;0;2;1;2;1
202200045633;732 722;17;0;9;4;1;1
202200045634;732 719;7;0;2;3;15;1
202200045634;732 720;30;0;2;3;1;3
202200045635;732 717;7;0;2;6;20;1
202200045635;732 718;2;0;2;1;17;1
202200045636;732 716;7;0;1;0;26;0
202200045637;732 714;7;0;2;1;15;1
202200045637;732 715;2;0;2;3;1;1
202200045638;732 713;7;0;1;3;15;1
202200045639;732 712;7;0;1;2;17;0
202200045640;732 707;10;0;2;6;2;1
202200045640;732 708;7;0;2;1;2;1
202200045640;732 709;7;0;2;9;2;1
202200045640;732 710;7;0;2;9;2;1
202200045640;732 711;7;0;2;9;2;1
202200045641;732 702;7;0;2;2;15;1
202200045641;732 703;7;0;2;1;23;1
202200045641;732 704;7;0;2;1;23;1
202200045641;732 705;7;0;2;1;23;1
202200045641;732 706;7;0;2;1;1;1
202200045642;732 699;7;4;2;1;2;1
202200045642;732 700;7;4;2;4;2;1
202200045642;732 701;7;4;2;4;1;1
202200045643;732 697;7;0;2;4;1;1
202200045643;732 698;7;0;2;1;1;1
202200045644;732 695;10;0;0;6;1;1
202200045644;732 696;7;0;2;3;1;1
202200045645;732 693;10;0;2;2;17;1
202200045645;732 694;33;0;2;1;1;1
202200045646;732 689;7;0;2;1;1;1
202200045646;732 690;7;0;2;3;13;1
202200045647;732 686;10;0;2;5;1;1
202200045647;732 687;7;0;2;7;1;1
202200045647;732 688;7;0;2;1;12;1
202200045648;732 682;7;0;2;3;1;1
202200045648;732 683;7;0;2;3;5;1
202200045649;732 680;7;0;2;2;15;1
202200045649;732 681;33;0;2;1;1;1
202200045650;732 678;30;0;2;1;2;1
202200045650;732 679;7;0;2;4;2;1
202200045651;732 677;7;16;0;1;6;1
202200045652;732 676;3;0;1;1;15;1
202200045653;732 674;7;0;2;1;1;1
202200045653;732 675;7;0;2;1;13;1
202200045654;732 672;1;0;2;1;19;5
202200045654;732 673;7;0;2;5;1;3
202200045655;732 671;7;0;1;8;13;1
202200045656;732 670;40;0;1;3;1;3
202200045657;732 668;7;0;2;8;15;1
202200045657;732 669;7;0;2;2;17;1
202200045658;732 667;7;5;0;1;13;1
202200045659;732 666;7;2;0;1;13;1
202200045660;732 662;7;0;2;4;23;1
202200045660;732 663;7;0;2;4;23;1
202200045660;732 664;7;0;2;4;23;1
202200045660;732 665;10;0;2;1;26;1
202200045661;732 661;7;0;1;1;15;1
202200045662;732 660;7;0;1;1;15;1
202200045663;732 659;10;0;1;3;1;0
202200045664;732 657;33;0;2;7;1;1
202200045664;732 658;7;0;2;1;9;1
202200045665;732 655;50;0;2;1;1;3
202200045665;732 656;7;0;2;3;22;0
202200045666;732 652;7;0;1;3;1;1
202200045667;732 651;7;0;1;3;15;3
202200045668;732 650;7;3;0;2;1;1
202200045669;732 648;7;0;0;0;15;1
202200045669;732 649;30;0;0;7;21;1
202200045670;732 647;7;4;0;3;13;1
202200045671;732 646;7;1;0;1;1;1
202200045672;732 645;7;0;1;3;1;1
202200045673;732 644;7;0;0;3;15;2
202200045674;732 642;50;0;2;4;1;3
202200045674;732 643;7;0;2;1;1;1
202200045675;732 640;7;6;0;1;26;1
202200045676;732 639;7;0;1;1;16;1
202200045677;732 638;7;4;0;3;17;1
202200045678;732 636;7;0;2;7;9;1
202200045678;732 637;1;0;0;0;0;5
202200045679;732 634;1;0;2;3;1;5
202200045679;732 635;7;0;2;2;14;1
202200045680;732 630;7;0;2;3;1;1
202200045680;732 631;10;0;2;2;9;1
202200045681;732 628;43;0;2;1;1;1
202200045681;732 629;7;0;2;7;15;1
202200045682;732 625;7;0;2;1;0;1
202200045682;732 626;7;0;2;4;0;1
202200045682;732 627;7;0;2;1;0;0
202200045683;732 624;7;0;2;9;1;1
202200045684;732 622;7;0;2;5;15;1
202200045684;732 623;7;0;2;1;1;1
202200045685;732 621;7;2;0;2;14;1
202200045686;732 619;7;0;2;1;2;1
202200045686;732 620;7;0;2;3;9;1
202200045687;732 617;32;0;2;6;1;1
202200045687;732 618;7;0;2;1;1;1
202200045688;732 616;7;3;0;2;1;1
202200045689;732 614;31;0;2;4;2;1
202200045689;732 615;7;0;2;1;2;1
202200045690;732 612;7;5;2;1;11;1
202200045690;732 613;32;0;2;9;1;1
202200045691;732 610;7;0;2;8;1;2
202200045691;732 611;50;0;2;7;15;3
202200045692;732 609;7;0;1;0;1;2
202200045693;732 606;7;0;2;1;1;1
202200045693;732 607;7;0;2;6;1;1
202200045693;732 608;15;0;2;2;12;1
202200045694;732 604;7;0;2;1;9;2
202200045694;732 605;80;0;2;1;1;3
202200045695;732 602;50;0;2;1;13;3
202200045695;732 603;1;0;2;1;1;5
202200045696;732 601;1;0;0;0;1;5
202200045697;732 599;7;14;2;1;26;2
202200045697;732 600;7;0;2;4;23;1
202200045698;732 597;7;0;2;0;0;2
202200045698;732 598;7;14;0;4;1;1
202200045699;732 596;7;0;1;7;1;1
202200045700;732 594;2;0;2;0;1;0
202200045700;732 595;7;0;2;6;23;1
202200045701;732 593;38;0;1;2;1;0
202200045702;732 592;7;0;1;1;1;1
202200045703;732 591;7;0;1;3;1;1
202200045704;732 589;32;0;2;8;1;1
202200045704;732 590;7;0;2;3;15;1
202200045705;732 587;7;0;2;1;26;2
202200045705;732 588;7;0;2;4;26;1
202200045706;732 585;32;0;2;1;1;1
202200045706;732 586;7;0;2;3;1;1
202200045707;732 583;7;0;2;3;16;1
202200045707;732 584;7;0;2;2;1;1
202200045708;732 581;33;0;2;1;1;1
202200045708;732 582;7;0;2;3;5;1
202200045709;732 579;38;0;2;6;19;1
202200045709;732 580;2;0;2;1;0;1
202200045710;732 577;7;0;2;1;1;1
202200045710;732 578;7;0;2;8;1;1
202200045711;732 576;7;0;1;2;1;1
202200045712;732 574;10;3;2;4;1;1
202200045712;732 575;15;0;0;4;1;1
202200045713;732 572;10;0;0;5;2;1
202200045713;732 573;33;0;2;3;2;1
202200045714;732 570;7;0;2;1;13;1
202200045714;732 571;7;0;2;1;1;1
202200045715;732 569;10;0;1;2;2;0
202200045716;732 567;10;0;2;7;21;1
202200045716;732 568;1;0;2;8;9;6
202200045717;732 565;7;0;2;8;1;1
202200045717;732 566;7;0;2;2;1;2
202200045718;732 563;1;0;2;1;1;5
202200045718;732 564;7;0;2;3;17;1
202200045719;732 561;7;0;2;4;2;1
202200045719;732 562;10;0;2;1;2;1
202200045720;732 559;7;0;0;4;1;1
202200045720;732 560;7;0;2;1;1;1
202200045721;732 558;7;6;0;1;26;1
202200045722;732 556;37;0;2;2;7;1
202200045722;732 557;7;0;2;3;9;1
202200045723;732 554;3;0;2;7;16;3
202200045723;732 555;2;0;2;1;1;1
202200045724;732 552;7;0;2;1;1;1
202200045724;732 553;7;0;2;4;1;1
202200045725;732 550;33;0;2;1;1;1
202200045725;732 551;7;0;2;0;0;1
202200045726;732 549;30;0;0;2;9;3
202200045727;732 547;33;0;2;8;1;1
202200045727;732 548;7;0;2;2;19;1
202200045728;732 545;7;0;2;1;1;1
202200045728;732 546;7;0;2;6;16;1
202200045729;732 544;7;10;0;1;0;1
202200045730;732 542;1;0;2;4;1;5
202200045730;732 543;7;0;2;2;1;1
202200045731;732 539;7;0;2;4;1;1
202200045731;732 540;7;0;2;4;1;1
202200045731;732 541;7;0;2;1;1;1
202200045732;732 538;7;0;1;1;16;2
202200045733;732 537;1;0;0;0;1;5
202200045734;732 535;7;0;2;1;26;1
202200045734;732 536;7;0;2;8;1;3