Num_Acc;id_vehicule;categorie_vehicule;obstacle_fixe;obstacle_mobile;point_choc_initial;manoeuvre_principale;motorisation
202200045735;732 533;1;0;2;4;26;5
202200045735;732 534;7;0;2;1;1;1
202200045736;732 531;50;0;2;1;5;3
202200045736;732 532;7;0;2;1;26;1
202200045737;732 529;1;0;2;8;1;5
202200045737;732 530;7;0;2;1;15;1
202200045738;732 527;1;0;2;7;19;5
202200045738;732 528;7;0;2;1;1;1
202200045739;732 525;40;0;2;8;1;4
202200045739;732 526;1;0;4;8;1;5
202200045740;732 519;30;1;0;2;0;1
202200045741;732 517;7;0;2;7;2;1
202200045741;732 518;50;0;2;0;15;3
202200045742;732 515;7;0;2;3;2;1
202200045742;732 516;50;0;2;2;9;3
202200045743;732 514;10;0;2;2;1;1
202200045744;732 511;7;0;2;1;1;1
202200045744;732 512;7;0;2;1;1;1
202200045744;732 513;7;0;2;8;23;1
202200045745;732 509;40;0;2;1;1;3
202200045745;732 510;1;0;4;1;19;5
202200045746;732 507;33;0;2;2;1;1
202200045746;732 508;7;0;2;3;20;1
202200045747;732 505;7;0;2;1;2;1
202200045747;732 506;1;0;2;4;2;5
202200045748;732 504;7;0;1;2;1;1
202200045749;732 503;7;9;1;1;1;1
202200045750;732 501;7;0;2;1;2;1
202200045750;732 502;7;0;2;1;13;1
202200045751;732 499;17;0;2;6;1;1
202200045751;732 500;7;0;2;7;0;1
202200045752;732 498;7;13;0;3;26;1
202200045753;732 496;7;0;2;1;15;1
202200045753;732 497;1;0;2;8;1;5
202200045754;732 494;7;0;2;8;15;1
202200045754;732 495;33;0;2;7;1;1
202200045755;732 492;30;0;2;1;1;0
202200045755;732 493;7;0;2;2;19;0
202200045756;732 490;7;0;2;7;15;1
202200045756;732 491;30;0;2;1;1;1
202200045757;732 489;33;0;5;1;2;1
202200045758;732 488;7;7;0;1;1;1
202200045759;732 485;7;0;2;2;21;1
202200045759;732 486;7;1;0;5;23;1
202200045759;732 487;7;0;2;3;1;1
202200045760;732 483;7;0;2;6;1;1
202200045760;732 484;10;0;2;2;2;1
202200045761;732 482;7;15;0;1;1;1
202200045762;732 480;1;0;2;1;1;5
202200045762;732 481;7;0;2;1;15;1
202200045763;732 479;7;0;1;2;1;1
202200045764;732 478;7;0;1;2;1;0
202200045765;732 476;10;0;2;2;26;3
202200045765;732 477;7;0;2;4;16;1
202200045766;732 474;7;0;2;3;5;1
202200045766;732 475;32;0;2;1;0;1
202200045767;732 472;32;0;2;2;21;1
202200045767;732 473;14;0;2;6;1;1
202200045768;732 470;7;0;2;3;15;1
202200045768;732 471;2;0;2;7;17;1
202200045769;732 469;7;0;1;1;1;1
202200045770;732 467;33;0;2;5;3;1
202200045770;732 468;33;0;2;1;3;1
202200045771;732 466;33;4;0;1;14;1
202200045772;732 464;7;0;2;2;16;2
202200045772;732 465;33;0;2;6;1;1
202200045773;732 462;1;0;2;1;17;5
202200045773;732 463;7;0;2;3;1;1
202200045774;732 460;1;0;2;7;19;5
202200045774;732 461;10;0;2;1;7;1
202200045775;732 458;7;0;2;3;22;2
202200045775;732 459;50;0;2;1;18;3
202200045776;732 456;34;0;2;1;1;3
202200045776;732 457;1;0;2;1;1;5
202200045777;732 455;7;0;1;4;4;1
202200045778;732 454;7;0;1;1;16;1
202200045779;732 452;32;0;2;0;5;3
202200045779;732 453;7;0;2;0;1;1
202200045780;732 451;34;0;2;6;3;1
202200045781;732 450;7;0;1;2;15;1
202200045782;732 448;7;0;2;3;15;1
202200045782;732 449;32;0;2;1;1;1
202200045783;732 446;7;0;2;1;1;0
202200045783;732 447;33;0;2;7;23;1
202200045784;732 445;7;1;0;3;26;1
202200045785;732 441;7;12;2;4;2;1
202200045785;732 442;7;12;2;4;2;1
202200045785;732 443;7;12;2;4;2;2
202200045785;732 444;10;12;2;1;2;1
202200045786;732 439;15;0;2;4;2;0
202200045786;732 440;1;0;2;4;17;5
202200045787;732 438;50;0;1;1;1;3
202200045788;732 436;13;0;2;3;9;1
202200045788;732 437;33;0;2;1;1;1
202200045789;732 434;7;0;2;3;1;1
202200045789;732 435;7;0;2;1;0;1
202200045790;732 432;1;0;2;8;5;5
202200045790;732 433;10;0;2;1;1;3
202200045791;732 430;7;0;2;7;10;1
202200045791;732 431;33;0;2;1;16;1
202200045792;732 428;30;0;2;7;1;1
202200045792;732 429;7;0;2;1;1;1
202200045793;732 424;7;0;2;0;0;1
202200045793;732 425;7;0;2;5;0;1
202200045793;732 426;7;0;2;0;0;1
202200045793;732 427;7;0;2;0;0;1
202200045794;732 423;7;0;1;3;1;1
202200045795;732 422;7;0;1;2;1;1
202200045796;732 421;33;1;1;3;2;1
202200045797;732 419;7;0;2;4;1;1
202200045797;732 420;33;0;2;1;1;1
202200045798;732 418;10;0;1;1;16;1
202200045799;732 416;1;0;2;1;1;5
202200045799;732 417;7;0;2;3;22;1
202200045800;732 415;7;0;1;7;1;1
202200045801;732 414;1;0;0;0;1;5
202200045802;732 412;7;0;2;2;16;1
202200045802;732 413;33;0;2;7;18;1
202200045803;732 411;33;3;0;7;13;1
202200045804;732 408;7;0;2;3;11;1
202200045804;732 409;33;0;2;5;26;1
202200045804;732 410;7;0;9;3;1;1
202200045805;732 405;7;0;0;4;23;1
202200045805;732 406;7;0;2;4;24;1
202200045805;732 407;7;6;2;1;26;2
202200045806;732 403;2;0;2;8;15;1
202200045806;732 404;7;0;2;2;17;1
202200045807;732 401;7;0;9;1;1;1
202200045807;732 402;14;3;0;1;1;1
202200045808;732 399;32;0;2;1;5;1
202200045808;732 400;7;0;2;3;2;1
202200045809;732 396;7;0;9;3;15;1
202200045809;732 397;1;0;2;1;1;5
202200045809;732 398;1;0;2;1;1;5
202200045810;732 394;21;0;2;1;26;1
202200045810;732 395;7;8;0;8;26;1
202200045811;732 393;7;0;1;7;1;1
202200045812;732 391;7;0;2;1;13;1
202200045812;732 392;7;0;2;3;1;1
202200045813;732 389;7;0;2;3;0;1
202200045813;732 390;1;0;2;5;0;5
202200045814;732 388;33;6;0;1;1;1
202200045815;732 385;7;0;2;2;13;1
202200045815;732 386;10;0;2;2;1;1
202200045816;732 384;7;0;2;7;15;1
202200045816;732 387;32;0;2;2;1;1
202200045817;732 382;7;0;2;3;0;1
202200045817;732 383;7;0;0;1;1;1
202200045818;732 380;7;0;2;1;1;3
202200045818;732 381;7;0;2;6;19;1
202200045819;732 379;7;0;1;1;26;1
202200045820;732 378;7;13;0;2;1;2
202200045821;732 374;7;0;2;3;1;1
202200045821;732 376;7;0;2;3;13;1
202200045822;732 375;10;0;2;3;15;1
202200045822;732 377;32;0;2;0;0;1
202200045823;732 371;7;0;2;8;2;1
202200045823;732 373;1;0;2;7;2;5
202200045824;732 369;7;13;0;2;1;1
202200045825;732 368;7;0;2;6;1;1
202200045825;732 370;1;0;2;3;17;5
202200045825;732 372;0;0;2;3;1;0
202200045826;732 366;7;0;2;4;2;1
202200045826;732 367;7;0;2;1;2;1
202200045827;732 364;31;0;0;0;0;1
202200045827;732 365;7;0;2;2;10;1
202200045828;732 362;31;0;2;1;17;1
202200045828;732 363;7;0;2;3;19;1
202200045829;732 360;7;16;0;8;10;0
202200045829;732 361;10;0;2;1;1;1
202200045830;732 359;7;13;0;9;1;1
202200045831;732 358;33;0;6;1;1;1
202200045832;732 355;7;2;0;0;1;1
202200045833;732 354;7;0;2;1;1;1
202200045833;732 356;7;0;2;4;23;1
202200045833;732 357;7;0;0;4;23;3
202200045834;732 352;32;0;2;3;1;1
202200045834;732 353;7;0;2;2;1;1
202200045835;732 350;7;13;0;1;1;1
202200045836;732 349;7;0;2;0;0;1
202200045836;732 351;50;0;2;4;13;3
202200045837;732 346;7;3;0;0;1;1
202200045837;732 347;7;0;0;1;1;1
202200045837;732 348;7;0;0;1;2;1
202200045838;732 345;7;0;1;1;15;1
202200045839;732 342;7;3;2;7;3;1
202200045839;732 343;7;0;2;3;1;1
202200045839;732 344;15;0;2;2;21;1
202200045840;732 339;7;0;2;1;1;1
202200045840;732 341;7;0;2;4;1;2
202200045841;732 337;10;3;0;6;2;1
202200045841;732 338;7;0;2;3;1;1
202200045842;732 334;7;0;2;1;1;1
202200045842;732 336;7;0;2;4;1;1
202200045843;732 332;17;13;0;2;14;1
202200045844;732 333;10;0;0;3;15;1
202200045844;732 335;33;0;2;2;17;1
202200045845;732 328;7;0;0;4;2;1
202200045845;732 330;7;0;2;4;2;2
202200045845;732 331;7;0;2;1;2;1
202200045846;732 329;31;0;0;0;1;1
202200045847;732 327;10;2;0;1;21;1
202200045848;732 323;32;16;0;4;2;1
202200045848;732 325;7;0;0;1;2;1
202200045849;732 324;1;0;2;8;2;5
202200045849;732 326;37;0;2;1;2;0
202200045850;732 321;7;0;2;1;1;2
202200045850;732 322;33;0;2;4;1;1
202200045851;732 318;7;0;2;3;1;1
202200045851;732 319;7;0;2;1;13;1
202200045852;732 316;34;0;2;7;17;1
202200045852;732 317;7;0;2;8;1;1
202200045853;732 320;7;0;1;1;16;1
202200045854;732 315;7;0;1;1;1;1
202200045855;732 313;7;0;2;1;1;1
202200045855;732 314;37;0;2;8;1;1
202200045856;732 312;38;0;0;2;1;1
202200045857;732 311;7;0;1;1;1;1
202200045858;732 308;1;0;0;8;13;5
202200045858;732 310;7;0;2;2;17;1
202200045859;732 309;7;0;1;1;1;1
202200045860;732 307;7;0;1;3;16;1
202200045861;732 305;7;15;0;1;1;1
202200045862;732 304;1;1;2;7;1;5
202200045863;732 303;7;0;2;8;9;1
202200045863;732 306;33;0;2;1;1;1
202200045864;732 301;1;0;2;1;2;5
202200045864;732 302;7;0;2;4;2;1
202200045865;732 300;7;4;0;0;1;1
202200045866;732 298;50;0;0;0;2;3
202200045867;732 299;7;0;1;1;1;1
202200045868;732 296;50;0;2;2;11;3
202200045868;732 297;7;0;2;3;1;1
202200045869;732 295;1;0;0;0;2;5
202200045870;732 290;7;0;2;1;17;1
202200045870;732 293;10;0;2;1;1;1
202200045871;732 291;7;0;2;1;2;1
202200045871;732 294;33;0;2;4;2;1
202200045872;732 287;10;0;2;1;2;1
202200045872;732 288;10;0;2;4;2;1
202200045872;732 289;7;0;2;4;2;1
202200045872;732 292;10;0;2;4;2;1
202200045873;732 286;7;2;0;8;1;1
202200045874;732 284;7;0;1;0;16;1
202200045875;732 285;30;0;1;1;0;0
202200045876;732 281;7;0;2;8;15;1
202200045876;732 283;2;0;9;1;16;1
202200045877;732 280;40;0;2;1;1;3
202200045877;732 282;7;0;4;7;1;1
202200045878;732 278;7;2;0;0;26;1
202200045879;732 277;7;0;2;1;2;0
202200045879;732 279;30;0;2;4;1;1
202200045880;732 276;7;0;1;7;14;1
202200045881;732 271;7;0;2;2;15;1
202200045881;732 273;7;0;2;1;1;1
202200045881;732 275;7;0;2;3;23;1
202200045882;732 269;7;0;2;3;15;1
202200045882;732 272;30;;;;;
202200045883;732 270;7;0;2;2;15;1
202200045883;732 274;7;0;2;3;26;1
202200045884;732 267;7;0;2;4;2;1
202200045884;732 268;7;2;2;1;2;1
202200045885;732 266;7;3;0;1;14;1
202200045886;732 263;33;13;0;1;1;1
202200045887;732 262;2;0;2;7;2;1
202200045887;732 265;7;0;0;3;9;1
202200045888;732 261;7;0;2;1;1;1
202200045888;732 264;7;0;2;1;5;1
202200045889;732 257;7;0;2;3;9;1
202200045889;732 260;7;0;2;3;1;1
202200045890;732 256;10;0;2;8;1;1
202200045890;732 259;15;0;2;1;13;1
202200045891;732 254;7;0;2;8;1;1
202200045891;732 255;33;0;2;0;3;1
202200045891;732 258;7;0;2;7;1;1
202200045892;732 250;7;13;0;8;14;1
202200045893;732 251;7;13;0;7;1;1
202200045894;732 246;7;0;2;4;12;1
202200045894;732 248;33;0;2;1;1;1
202200045895;732 241;17;0;2;4;2;1
202200045895;732 243;10;0;2;1;2;1
202200045896;732 242;7;0;2;3;13;1
202200045896;732 245;17;0;2;3;1;1
202200045897;732 240;7;0;1;8;1;1
202200045898;732 239;7;5;0;1;1;1
202200045899;732 235;7;0;2;8;1;1
202200045899;732 238;7;0;2;3;19;1
202200045900;732 234;7;0;2;4;1;1
202200045900;732 236;33;4;2;7;3;1
202200045900;732 237;7;0;2;3;11;1
202200045901;732 230;10;0;2;2;19;1
202200045901;732 232;2;0;2;1;1;1
202200045902;732 229;10;0;2;1;2;1
202200045902;732 231;10;0;2;0;0;0
202200045903;732 228;31;0;1;0;0;1
202200045904;732 225;7;0;2;1;2;3
202200045904;732 227;7;0;2;4;2;1
202200045905;732 224;30;0;1;7;17;3
202200045906;732 222;7;0;2;5;12;1
202200045906;732 223;33;0;2;3;2;1
202200045907;732 226;38;0;0;6;1;1
202200045907;732 233;7;0;2;2;2;1
202200045908;732 220;30;0;2;1;17;1
202200045908;732 221;30;0;2;3;26;1
202200045909;732 218;7;0;2;1;2;2
202200045909;732 219;7;0;2;4;23;1
202200045910;732 216;30;0;1;7;17;1
202200045911;732 214;33;0;0;1;1;1
202200045912;732 213;7;6;2;6;1;1
202200045912;732 215;7;6;2;2;12;1
202200045913;732 211;7;1;0;1;14;1
202200045914;732 210;7;0;1;3;1;1
202200045915;732 212;50;0;0;8;19;3
202200045915;732 217;7;0;2;2;1;1
202200045916;732 208;7;6;1;4;23;1
202200045917;732 207;7;1;1;2;21;1
202200045917;732 209;7;1;2;0;13;1
202200045918;732 205;7;0;2;7;1;0
202200045919;732 203;7;0;1;1;26;1
202200045920;732 202;7;0;1;0;26;1
202200045921;732 204;7;0;2;2;15;3
202200045921;732 206;2;0;2;1;1;1
202200045922;732 200;7;0;2;1;1;1
202200045922;732 201;7;0;2;1;13;1
202200045923;732 199;31;0;6;1;1;1
202200045924;732 198;7;0;1;1;16;1
202200045925;732 196;7;0;0;3;13;1
202200045925;732 197;50;0;0;0;0;
202200045926;732 193;7;0;1;1;1;1
202200045927;732 192;33;0;1;8;0;1
202200045928;732 191;7;8;2;8;1;1
202200045928;732 194;7;0;2;7;1;1
202200045928;732 195;7;0;2;1;19;1
202200045929;732 189;31;4;0;8;2;1
202200045930;732 188;1;0;0;7;2;5
202200045930;732 190;7;0;2;0;0;1
202200045931;732 186;7;0;1;4;24;1
202200045932;732 184;7;0;2;1;1;1
202200045932;732 187;7;4;2;1;14;1
202200045933;732 183;2;0;2;1;18;1
202200045933;732 185;7;0;2;7;16;1
202200045934;732 180;31;0;2;2;17;1
202200045934;732 182;7;0;2;1;15;1
202200045935;732 179;33;0;2;1;1;1
202200045935;732 181;7;0;2;8;19;1
202200045936;732 176;2;0;2;0;0;1
202200045936;732 178;50;0;2;0;25;3
202200045937;732 175;7;2;0;8;0;3
202200045938;732 174;7;0;2;2;2;1
202200045938;732 177;1;0;2;0;2;5
202200045939;732 171;7;0;1;2;0;0
202200045940;732 170;7;0;2;2;1;1
202200045940;732 173;50;0;2;8;19;3
202200045941;732 169;7;0;0;3;1;1
202200045941;732 172;7;0;0;3;5;1
202200045942;732 166;1;0;2;1;5;5
202200045942;732 168;7;0;2;1;1;1
202200045943;732 165;7;16;0;9;1;1
202200045944;732 164;1;0;2;1;1;5
202200045944;732 167;31;0;2;3;15;1
202200045945;732 160;7;0;2;3;16;1
202200045945;732 163;50;0;2;1;1;3
202200045946;732 159;30;0;2;8;1;1
202200045946;732 162;33;0;2;6;5;0
202200045947;732 156;2;0;1;1;1;1
202200045948;732 154;7;0;1;2;16;1
202200045949;732 150;7;0;2;1;16;1
202200045949;732 151;2;0;2;1;0;1
202200045950;732 148;7;8;0;3;0;1
202200045951;732 147;7;0;0;0;9;1
202200045951;732 149;17;0;0;1;21;6
202200045951;732 152;13;4;0;8;21;6
202200045951;732 153;17;4;2;8;21;1
202200045951;732 155;7;0;2;6;1;1
202200045951;732 157;7;0;0;3;1;1
202200045951;732 158;7;0;0;3;1;1
202200045951;732 161;7;0;0;1;0;3
202200045952;732 146;7;13;0;1;1;1
202200045953;732 144;31;8;0;8;13;1
202200045954;732 143;37;0;2;8;13;1
202200045954;732 145;2;0;2;8;3;1
202200045955;732 139;14;0;2;2;1;1
202200045955;732 142;7;0;2;1;19;1
202200045956;732 138;7;0;4;3;10;1
202200045956;732 141;40;0;2;1;1;3
202200045957;732 136;2;0;2;1;1;1
202200045957;732 137;7;0;2;7;16;1
202200045958;732 134;7;0;2;2;2;1
202200045958;732 135;7;0;2;3;20;1
202200045959;732 133;7;0;2;3;1;1
202200045959;732 140;7;0;2;8;1;1
202200045960;732 130;7;14;2;8;1;1
202200045960;732 132;7;0;2;2;1;1
202200045961;732 129;10;0;2;8;1;1
202200045961;732 131;31;0;2;3;13;1
202200045962;732 126;33;0;2;2;1;1
202200045962;732 128;7;0;2;3;15;1
202200045963;732 127;7;13;0;2;1;1
202200045964;732 125;32;0;1;1;1;1
202200045965;732 123;2;0;1;1;1;1
202200045966;732 120;7;0;2;8;1;1
202200045966;732 121;30;0;2;7;1;1
202200045967;732 122;7;0;2;1;15;1
202200045967;732 124;7;0;2;3;1;1
202200045968;732 119;7;0;1;3;1;3
202200045969;732 117;33;12;0;7;1;1
202200045970;732 115;7;0;1;5;4;1
202200045971;732 113;7;0;2;4;2;1
202200045971;732 116;7;0;2;1;2;1
202200045971;732 118;7;0;2;1;2;1
202200045972;732 112;1;0;2;1;19;5
202200045972;732 114;2;0;2;1;1;1
202200045973;732 111;7;7;0;2;1;1
202200045974;732 109;7;8;0;8;14;1
202200045975;732 106;7;0;2;2;15;1
202200045975;732 108;7;0;2;1;1;1
202200045976;732 105;10;0;1;2;1;1
202200045977;732 102;50;0;2;1;19;3
202200045977;732 104;7;0;2;7;9;1
202200045978;732 101;7;0;2;6;2;1
202200045978;732 103;7;0;2;2;2;1
202200045979;732 099;7;0;2;3;9;1
202200045979;732 100;7;0;2;7;16;1
202200045980;732 096;15;0;2;7;16;0
202200045980;732 098;31;0;2;1;16;0
202200045981;732 093;7;0;2;1;1;1
202200045981;732 094;7;0;2;1;5;1
202200045982;732 095;7;0;2;3;1;1
202200045982;732 097;7;0;2;3;1;1
202200045983;732 092;7;0;1;2;1;1
202200045984;732 091;50;6;0;0;0;3
202200045985;732 088;32;0;2;1;2;1
202200045985;732 090;7;0;2;3;15;2
202200045986;732 087;10;0;2;0;15;0
202200045986;732 089;31;0;2;0;0;1
202200045987;732 082;10;0;2;0;1;1
202200045987;732 084;7;0;2;1;1;1
202200045988;732 081;7;0;2;1;9;1
202200045988;732 083;7;0;2;7;1;2
202200045989;732 080;7;0;1;2;1;2
202200045990;732 078;7;0;2;2;14;1
202200045991;732 077;7;0;2;5;1;1
202200045991;732 079;2;0;2;1;1;1
202200045992;732 075;7;0;2;1;2;1
202200045992;732 076;7;0;2;4;1;1
202200045993;732 073;7;0;2;3;13;1
202200045993;732 074;7;0;2;3;1;1
202200045994;732 071;10;0;1;1;1;0
202200045995;732 070;15;0;2;2;1;1
202200045995;732 072;7;3;2;5;5;1
202200045996;732 068;7;0;2;1;2;1
202200045996;732 069;33;0;2;8;2;1
202200045997;732 066;80;0;2;8;0;3
202200045997;732 067;1;0;2;1;0;5
202200045998;732 063;10;0;2;8;15;1
202200045998;732 065;33;0;2;1;17;1
202200045999;732 062;7;0;2;3;1;1
202200045999;732 064;60;0;2;8;26;5
202200046000;732 061;7;0;1;2;16;1
202200046001;732 057;10;0;2;1;2;1
202200046001;732 059;7;4;2;4;26;1
202200046002;732 056;31;0;2;1;1;1
202200046002;732 060;7;0;2;6;16;1
202200046003;732 053;7;0;2;2;5;1
202200046003;732 055;32;0;2;1;2;1
202200046004;732 052;33;0;1;2;1;1
202200046005;732 049;34;0;2;2;17;1
202200046005;732 051;7;0;2;8;13;1
202200046006;732 048;7;0;2;3;1;1
202200046006;732 054;7;0;2;1;1;1
202200046006;732 058;7;0;2;3;13;1
202200046007;732 047;7;0;2;1;1;0
202200046007;732 050;7;0;2;4;2;0
202200046008;732 045;7;0;2;3;17;1
202200046008;732 046;7;0;2;3;26;1
202200046009;732 044;41;1;0;1;1;3
202200046010;732 042;7;0;2;1;1;1
202200046010;732 043;7;0;2;3;13;1
202200046011;732 040;33;0;1;1;26;0
202200046012;732 039;7;0;2;1;15;1
202200046012;732 041;80;0;2;8;1;3
202200046013;732 037;7;1;0;3;15;1
202200046014;732 036;7;0;9;4;0;0
202200046014;732 038;7;0;2;1;26;1
202200046015;732 035;7;0;1;7;1;1
202200046016;732 032;1;0;0;8;19;5
202200046016;732 034;7;0;2;2;19;1
202200046017;732 031;7;0;2;1;15;1
202200046017;732 033;32;0;2;0;9;1
202200046018;732 030;50;0;1;2;1;3
202200046019;732 028;7;0;2;1;1;1
202200046019;732 029;7;0;0;0;11;0
202200046020;732 026;7;0;2;3;10;1
202200046020;732 027;7;0;2;2;17;1
202200046021;732 025;7;0;1;1;1;1
202200046022;732 024;7;2;0;8;1;1
202200046023;732 023;7;14;0;1;9;1
202200046024;732 021;7;0;2;2;21;1
202200046024;732 022;7;0;2;2;17;1
202200046025;732 020;7;0;1;4;4;1
202200046026;732 017;33;0;0;9;1;1
202200046027;732 018;7;0;2;5;15;1
202200046027;732 019;30;0;2;1;26;1
202200046028;732 015;7;0;2;6;15;2
202200046028;732 016;1;0;2;1;1;5
202200046029;732 012;7;0;2;1;11;1
202200046029;732 014;7;0;2;4;0;0
202200046030;732 010;7;0;2;1;1;1
202200046030;732 011;7;13;2;5;15;1
202200046030;732 013;7;0;0;3;23;1
202200046031;732 009;7;0;1;8;1;1
202200046032;732 008;7;0;1;1;1;1
202200046033;732 005;7;0;2;3;9;1
202200046033;732 007;33;0;2;7;2;1
202200046034;732 004;10;0;1;4;20;3
202200046035;732 003;50;0;2;1;1;3
202200046035;732 006;7;0;2;6;1;1
202200046036;732 001;33;0;1;1;17;1
202200046037;732 000;7;0;2;3;15;1
202200046037;732 002;10;0;2;1;17;1
202200046038;731 999;33;16;0;7;21;1
202200046039;731 998;33;0;0;0;1;1
202200046040;731 996;10;0;2;7;11;1
202200046040;731 997;33;0;2;7;1;1
202200046041;731 994;3;0;0;0;1;1
202200046042;731 993;50;0;2;3;19;3
202200046042;731 995;7;0;2;2;1;1
202200046043;731 990;0;0;2;3;19;5
202200046043;731 992;17;0;2;7;16;1
202200046044;731 987;33;0;2;1;1;1
202200046044;731 989;7;0;2;3;9;1
202200046045;731 986;7;0;2;3;13;1
202200046045;731 988;7;0;2;8;1;1
202200046045;731 991;7;0;2;3;1;1
202200046046;731 985;33;0;1;1;2;1
202200046047;731 983;7;13;0;2;1;1
202200046048;731 982;31;0;2;8;1;1
202200046048;731 984;37;0;2;4;16;1
202200046049;731 979;7;0;2;3;15;1
202200046049;731 981;2;0;2;1;1;1
202200046050;731 980;7;6;0;1;1;1
202200046051;731 976;32;1;2;8;1;1
202200046051;731 978;7;0;2;7;15;2
202200046052;731 975;7;0;2;3;9;1
202200046052;731 977;2;0;2;7;1;1
202200046053;731 974;10;2;0;1;0;1
202200046054;731 971;7;0;1;7;19;1
202200046055;731 970;50;0;2;0;0;3
202200046055;731 973;7;0;2;2;1;1
202200046056;731 968;7;0;1;9;1;1
202200046057;731 966;7;0;2;8;1;1
202200046057;731 969;7;0;0;4;23;1
202200046057;731 972;7;0;2;1;1;1
202200046058;731 965;7;0;0;0;0;1
202200046059;731 963;7;0;2;8;17;1
202200046059;731 964;7;0;2;2;1;1
202200046060;731 962;7;0;2;2;24;1
202200046060;731 967;7;0;2;3;1;1
202200046061;731 959;43;0;2;1;2;1
202200046061;731 961;10;0;2;6;1;1
202200046062;731 958;7;0;2;4;2;1
202200046062;731 960;7;0;2;1;2;1
202200046063;731 955;7;0;1;7;16;1
202200046064;731 953;7;0;2;1;2;1
202200046064;731 954;7;0;2;4;2;1
202200046065;731 951;7;3;0;9;13;1
202200046066;731 950;10;0;2;2;1;1
202200046066;731 952;7;0;2;6;1;1
202200046067;731 947;7;0;2;5;1;1
202200046067;731 949;34;0;2;3;18;1
202200046068;731 946;33;0;2;6;3;1
202200046068;731 948;7;0;2;7;1;1
202200046069;731 945;10;0;1;3;1;2
202200046070;731 943;7;0;2;1;21;0
202200046070;731 944;7;0;2;8;11;1
202200046071;731 941;7;12;2;5;9;1
202200046071;731 942;37;0;2;3;14;1
202200046072;731 939;33;0;2;1;3;1
202200046072;731 940;10;0;2;6;11;1
202200046073;731 937;50;0;2;4;15;3
202200046073;731 938;1;0;2;2;17;5
202200046074;731 935;14;0;2;1;2;1
202200046074;731 936;7;0;2;4;2;1
202200046075;731 932;7;0;2;2;12;3
202200046075;731 934;31;0;2;2;1;1
202200046076;731 931;43;0;2;3;1;1
202200046076;731 933;7;0;2;1;10;1
202200046077;731 930;7;3;0;2;26;1
202200046078;731 929;7;0;1;2;1;1
202200046079;731 928;7;0;1;1;1;1
202200046080;731 926;33;0;2;7;1;1
202200046080;731 927;7;0;2;8;15;1
202200046081;731 925;7;0;1;1;1;1
202200046082;731 923;7;0;2;1;1;1
202200046082;731 924;7;0;2;7;1;1
202200046083;731 920;7;0;1;1;1;1
202200046084;731 916;10;0;2;1;1;1
202200046084;731 917;10;0;2;4;2;1
202200046085;731 915;7;0;2;1;26;1
202200046085;731 918;30;0;2;1;1;1
202200046086;731 913;7;0;2;4;11;2
202200046086;731 914;33;0;2;1;1;1
202200046087;731 912;7;4;0;3;1;1
202200046088;731 908;7;0;2;2;26;1
202200046088;731 910;34;0;2;1;0;0
202200046089;731 905;30;0;1;1;17;1
202200046090;731 899;7;0;2;1;0;1
202200046090;731 902;14;0;2;5;24;1
202200046091;731 901;34;0;9;1;1;1
202200046091;731 903;3;0;0;0;1;1
202200046092;731 900;7;0;1;1;15;1
202200046093;731 896;7;0;2;1;16;1
202200046093;731 898;7;0;0;0;0;1
202200046094;731 895;33;0;2;8;1;1
202200046094;731 897;17;0;2;7;12;1
202200046095;731 894;7;13;0;3;16;1
202200046096;731 890;1;0;2;3;13;5
202200046096;731 891;32;0;2;5;1;1
202200046097;731 888;7;1;2;3;19;1
202200046097;731 892;34;1;2;1;1;1
202200046098;731 884;30;0;2;7;1;1
202200046098;731 887;7;0;2;2;15;1
202200046099;731 883;7;0;2;8;15;1
202200046099;731 886;30;0;2;1;1;1
202200046100;731 882;1;1;0;1;2;5
202200046100;731 885;7;12;0;8;22;1
202200046101;731 877;50;0;2;0;1;3
202200046101;731 879;7;0;2;2;26;1
202200046102;731 876;10;0;2;5;14;1
202200046102;731 878;32;0;2;3;1;1
202200046103;731 875;7;0;1;2;1;1
202200046104;731 873;10;2;0;2;1;1
202200046105;731 872;7;0;2;4;2;1
202200046105;731 874;7;0;2;1;2;1
202200046106;731 870;7;0;0;0;1;1
202200046107;731 869;10;0;2;3;1;1
202200046107;731 871;7;8;2;2;16;1
202200046108;731 867;7;0;2;4;23;1
202200046108;731 868;7;0;2;1;23;1
202200046109;731 866;7;0;1;1;15;1
202200046110;731 864;7;0;2;1;1;1
202200046110;731 865;33;0;2;4;23;1
202200046111;731 863;32;1;1;2;17;1
202200046112;731 862;7;0;1;2;1;1
202200046113;731 859;7;9;2;3;9;1
202200046113;731 861;33;0;2;1;1;1
202200046114;731 857;7;8;2;3;26;1
202200046114;731 860;7;1;2;2;26;1
202200046115;731 855;30;0;2;1;5;3
202200046115;731 858;7;0;2;8;19;1
202200046116;731 856;7;0;1;1;17;1
202200046117;731 854;99;16;0;9;1;0
202200046118;731 847;7;0;2;1;9;2
202200046118;731 851;17;0;2;1;1;1
202200046118;731 853;7;0;2;4;1;1
202200046119;731 848;1;0;2;8;1;5
202200046119;731 852;7;0;2;2;1;1
202200046120;731 846;7;0;2;1;2;1
202200046120;731 849;7;0;2;4;2;3
202200046120;731 850;7;0;2;4;2;1
202200046121;731 841;2;0;2;1;2;1
202200046121;731 844;7;0;2;4;2;1
202200046122;731 842;7;0;2;3;13;1
202200046122;731 845;7;0;2;3;1;1
202200046123;731 840;20;0;2;2;15;0
202200046123;731 843;33;0;2;1;1;1
202200046124;731 835;7;0;2;1;1;1
202200046124;731 838;21;0;2;4;1;1
202200046125;731 836;2;0;2;3;1;1
202200046125;731 839;7;0;2;2;9;1
202200046126;731 833;1;0;0;0;1;5
202200046127;731 832;7;4;0;6;1;1