Num_Acc;id_vehicule;categorie_vehicule;obstacle_fixe;obstacle_mobile;point_choc_initial;manoeuvre_principale;motorisation
202200046127;731 834;7;0;2;2;1;1
202200046128;731 828;33;0;2;1;1;1
202200046128;731 830;7;0;2;1;15;1
202200046129;731 825;7;0;2;3;9;1
202200046129;731 827;7;2;2;8;1;1
202200046130;731 824;14;0;0;4;2;1
202200046130;731 826;7;0;2;4;2;1
202200046130;731 829;7;0;2;4;2;1
202200046130;731 831;10;0;2;1;2;1
202200046131;731 821;33;1;0;1;0;1
202200046131;731 823;7;0;0;2;24;1
202200046132;731 820;33;0;2;1;1;0
202200046132;731 822;7;0;2;4;1;1
202200046133;731 819;7;0;1;1;26;1
202200046134;731 817;7;0;2;2;15;1
202200046134;731 818;33;0;2;1;1;1
202200046135;731 814;7;0;2;1;1;1
202200046135;731 816;7;0;2;7;10;0
202200046136;731 815;7;2;0;3;26;1
202200046137;731 811;10;0;1;1;1;1
202200046138;731 810;33;0;0;8;16;1
202200046139;731 808;7;0;1;2;16;1
202200046140;731 805;7;0;2;3;1;1
202200046140;731 806;7;0;2;5;0;1
202200046141;731 804;7;15;0;1;1;1
202200046142;731 803;7;0;1;1;16;1
202200046143;731 802;7;0;2;2;1;1
202200046143;731 807;7;0;2;6;9;1
202200046144;731 801;33;0;0;9;1;1
202200046145;731 800;33;15;0;0;13;1
202200046146;731 796;50;0;2;1;26;3
202200046146;731 798;3;0;2;2;1;1
202200046147;731 795;7;0;2;3;0;1
202200046147;731 797;7;0;2;3;0;1
202200046148;731 794;7;0;2;1;1;1
202200046148;731 799;80;0;2;8;19;3
202200046149;731 793;7;0;0;1;1;1
202200046150;731 791;30;0;2;4;9;1
202200046150;731 792;7;0;2;0;0;0
202200046151;731 786;33;0;2;3;16;1
202200046151;731 789;7;0;0;6;1;1
202200046152;731 790;2;1;0;8;1;3
202200046153;731 784;7;0;2;1;0;1
202200046153;731 787;30;0;2;1;1;1
202200046154;731 785;7;0;2;1;26;1
202200046154;731 788;7;0;2;4;26;1
202200046155;731 782;1;0;0;4;2;5
202200046155;731 783;7;0;9;1;2;1
202200046156;731 778;7;0;0;4;23;1
202200046156;731 781;7;0;2;3;2;1
202200046157;731 777;1;0;2;1;1;0
202200046157;731 779;7;0;2;2;15;1
202200046158;731 780;7;0;1;4;26;1
202200046159;731 776;7;13;0;2;2;1
202200046160;731 775;7;0;1;1;1;1
202200046161;731 772;7;0;2;5;15;1
202200046161;731 773;50;0;2;1;9;3
202200046162;731 774;7;0;1;1;19;1
202200046163;731 771;7;2;0;1;13;1
202200046164;731 768;7;1;2;2;18;2
202200046164;731 770;7;0;2;2;16;1
202200046165;731 766;7;2;0;3;13;1
202200046166;731 762;7;0;2;3;13;1
202200046166;731 767;7;0;2;3;1;1
202200046166;731 769;7;0;2;3;1;1
202200046167;731 764;7;0;2;4;0;1
202200046167;731 765;2;0;2;1;2;1
202200046168;731 761;7;0;2;6;0;1
202200046168;731 763;7;0;2;5;11;1
202200046169;731 760;7;0;5;1;1;1
202200046170;731 758;10;0;2;5;15;1
202200046170;731 759;1;0;2;1;1;5
202200046171;731 756;7;0;2;2;2;1
202200046171;731 757;2;0;0;4;2;1
202200046172;731 754;33;0;0;3;1;1
202200046173;731 753;7;0;1;1;15;1
202200046174;731 751;33;0;0;0;1;1
202200046175;731 752;7;0;2;1;1;1
202200046175;731 755;7;0;2;8;15;1
202200046176;731 748;7;0;2;1;5;1
202200046176;731 749;33;0;2;1;1;1
202200046177;731 750;7;0;1;2;1;1
202200046178;731 746;7;0;0;1;1;1
202200046179;731 745;34;0;1;1;26;1
202200046180;731 743;2;0;0;2;1;1
202200046180;731 747;10;0;2;3;10;1
202200046181;731 742;7;0;1;1;18;1
202200046182;731 741;7;0;2;1;1;1
202200046182;731 744;30;0;2;8;1;1
202200046183;731 740;3;0;1;3;15;1
202200046184;731 735;33;0;2;8;13;1
202200046184;731 738;7;0;2;2;1;1
202200046185;731 736;7;0;2;1;1;1
202200046185;731 739;7;0;0;8;19;1
202200046186;731 732;33;0;2;1;0;1
202200046186;731 734;7;0;2;6;0;1
202200046187;731 733;7;0;2;6;10;1
202200046187;731 737;33;0;2;1;1;1
202200046188;731 730;7;0;2;2;15;1
202200046188;731 731;30;0;2;1;1;1
202200046189;731 729;36;0;0;1;2;1
202200046190;731 728;7;0;1;1;26;1
202200046191;731 725;7;0;2;2;20;1
202200046191;731 727;32;0;2;1;1;1
202200046192;731 724;7;0;2;0;1;0
202200046192;731 726;7;15;2;1;13;1
202200046193;731 723;7;14;0;4;26;1
202200046194;731 722;7;0;1;3;13;1
202200046195;731 721;2;0;0;0;15;1
202200046196;731 717;36;13;0;1;14;1
202200046197;731 714;7;0;2;4;11;1
202200046197;731 716;34;0;2;4;17;1
202200046198;731 715;33;0;2;1;13;1
202200046198;731 718;7;0;2;1;1;1
202200046199;731 712;7;0;2;3;1;1
202200046199;731 713;32;0;2;7;17;1
202200046200;731 711;7;9;0;1;2;1
202200046201;731 710;7;8;0;9;1;1
202200046202;731 709;10;3;0;2;1;0
202200046203;731 702;32;0;0;3;0;1
202200046203;731 705;7;0;0;4;0;1
202200046204;731 703;7;0;2;2;15;1
202200046204;731 706;7;0;2;1;1;1
202200046205;731 699;10;0;2;2;17;1
202200046205;731 704;7;0;0;6;1;2
202200046206;731 698;3;0;1;2;21;1
202200046207;731 696;7;0;2;1;21;1
202200046207;731 701;13;0;0;6;2;1
202200046208;731 694;50;0;2;8;19;3
202200046208;731 697;7;0;2;2;21;1
202200046209;731 691;7;0;1;1;15;1
202200046210;731 690;7;4;0;1;1;1
202200046211;731 689;1;0;2;1;15;5
202200046211;731 693;10;0;0;7;1;1
202200046212;731 688;7;0;1;4;20;1
202200046213;731 686;32;0;0;8;3;1
202200046214;731 684;7;2;0;2;1;1
202200046215;731 679;7;0;2;1;1;1
202200046215;731 685;10;0;2;8;19;1
202200046216;731 680;1;0;2;3;13;5
202200046216;731 682;7;0;2;1;15;1
202200046217;731 676;10;0;2;2;2;0
202200046217;731 677;33;4;2;6;3;1
202200046218;731 670;10;0;2;2;2;1
202200046218;731 675;7;0;2;6;2;1
202200046219;731 667;7;0;2;4;2;1
202200046219;731 671;7;0;2;5;2;1
202200046219;731 674;7;0;2;7;1;1
202200046219;731 678;7;0;2;9;1;1
202200046220;731 668;7;0;2;7;15;2
202200046220;731 672;33;0;2;1;3;1
202200046221;731 669;7;0;2;4;0;1
202200046221;731 673;7;0;2;1;1;1
202200046222;731 665;7;0;2;3;15;0
202200046222;731 666;31;0;2;1;1;1
202200046223;731 664;31;0;0;0;3;3
202200046224;731 663;10;13;0;0;0;0
202200046225;731 659;10;0;0;0;19;1
202200046226;731 656;33;14;0;2;1;1
202200046227;731 654;7;0;2;3;1;2
202200046227;731 658;14;0;2;2;1;6
202200046228;731 653;10;4;0;1;13;0
202200046229;731 652;7;0;2;3;13;1
202200046229;731 657;7;0;2;1;16;1
202200046230;731 649;30;0;1;1;1;3
202200046231;731 651;7;8;0;1;13;1
202200046232;731 648;7;0;2;4;23;2
202200046232;731 650;7;0;2;1;2;1
202200046233;731 646;7;0;2;3;1;1
202200046233;731 647;7;0;2;3;1;1
202200046234;731 642;7;15;0;1;0;1
202200046235;731 643;7;14;1;1;1;1
202200046236;731 641;10;0;2;8;22;1
202200046236;731 645;32;0;2;2;18;1
202200046237;731 640;1;0;0;9;1;5
202200046238;731 638;7;5;0;2;13;1
202200046239;731 635;7;0;1;1;15;1
202200046240;731 634;10;0;2;1;1;1
202200046240;731 637;31;0;2;1;1;1
202200046241;731 636;7;0;2;1;2;1
202200046241;731 639;7;0;2;4;2;1
202200046242;731 631;2;0;2;1;1;1
202200046242;731 633;2;0;0;7;0;1
202200046243;731 629;7;0;2;3;13;1
202200046243;731 632;15;0;2;3;1;1
202200046244;731 626;1;0;2;1;1;5
202200046244;731 628;7;0;2;2;16;1
202200046245;731 627;7;0;2;5;2;1
202200046245;731 630;33;0;2;1;2;1
202200046246;731 625;7;3;0;3;1;1
202200046247;731 624;33;15;0;1;26;1
202200046248;731 623;7;6;0;8;1;1
202200046249;731 620;1;0;0;0;1;5
202200046250;731 616;10;0;2;3;21;1
202200046250;731 617;7;2;2;3;21;1
202200046251;731 621;50;0;1;1;1;3
202200046252;731 614;30;0;0;1;0;1
202200046253;731 615;7;3;0;7;14;1
202200046254;731 611;1;0;0;0;1;5
202200046255;731 612;43;0;2;8;15;1
202200046255;731 613;7;0;2;1;1;1
202200046256;731 607;7;0;2;2;16;1
202200046256;731 610;1;0;2;3;1;5
202200046257;731 603;7;2;2;2;13;1
202200046257;731 608;7;0;2;6;1;1
202200046258;731 604;7;0;2;1;1;0
202200046258;731 609;2;0;0;8;16;1
202200046259;731 602;33;0;2;1;1;1
202200046259;731 605;50;0;2;8;11;3
202200046260;731 600;30;12;0;5;13;1
202200046261;731 599;7;13;0;2;14;1
202200046262;731 597;7;0;0;0;13;1
202200046263;731 596;7;0;2;1;15;1
202200046264;731 594;50;0;2;1;0;3
202200046264;731 598;7;0;2;5;0;1
202200046265;731 592;7;6;0;3;13;1
202200046266;731 590;32;0;2;1;1;1
202200046266;731 595;7;0;2;8;1;1
202200046267;731 588;10;0;2;3;1;1
202200046267;731 593;7;0;2;3;1;1
202200046268;731 586;7;2;2;1;0;3
202200046268;731 589;7;0;2;4;0;1
202200046269;731 587;7;0;2;8;14;1
202200046269;731 591;1;0;2;1;15;5
202200046270;731 585;7;13;0;8;0;1
202200046271;731 582;80;0;0;0;0;3
202200046272;731 577;43;0;2;1;1;1
202200046272;731 581;7;0;2;2;15;1
202200046273;731 579;7;0;2;2;2;1
202200046273;731 584;34;0;2;1;1;1
202200046274;731 576;7;0;2;6;2;1
202200046274;731 578;7;0;2;2;2;1
202200046275;731 575;7;2;0;1;0;1
202200046276;731 568;1;0;2;4;1;5
202200046276;731 572;7;0;2;2;1;1
202200046277;731 570;34;0;2;1;2;1
202200046277;731 571;7;0;2;5;15;2
202200046278;731 567;33;3;0;8;17;1
202200046278;731 569;14;0;0;0;2;1
202200046279;731 565;7;0;1;1;26;1
202200046280;731 561;7;0;2;3;21;1
202200046280;731 562;7;0;2;3;1;1
202200046281;731 559;7;0;1;1;1;1
202200046282;731 556;34;0;1;3;11;1
202200046283;731 557;7;0;2;1;2;1
202200046283;731 560;7;0;2;4;2;1
202200046284;731 555;33;0;2;1;1;1
202200046284;731 558;33;0;2;3;1;1
202200046284;731 563;7;0;2;5;15;1
202200046285;731 554;33;0;0;0;1;1
202200046286;731 549;7;0;2;5;16;1
202200046286;731 553;50;0;2;1;25;3
202200046287;731 550;15;0;2;5;2;1
202200046287;731 551;10;0;2;1;2;1
202200046288;731 547;7;2;0;6;1;1
202200046289;731 548;31;0;2;7;1;1
202200046289;731 552;10;0;2;1;9;1
202200046290;731 545;7;0;2;3;13;1
202200046290;731 546;7;0;2;6;0;1
202200046291;731 544;2;1;0;1;0;1
202200046292;731 539;10;0;2;1;2;1
202200046292;731 543;7;0;2;4;2;1
202200046293;731 538;7;0;2;3;1;1
202200046293;731 541;7;0;2;1;15;1
202200046294;731 540;43;12;2;2;9;1
202200046294;731 542;7;0;2;8;11;1
202200046295;731 535;7;0;2;3;1;1
202200046295;731 537;2;0;2;1;13;1
202200046296;731 534;7;4;0;2;1;1
202200046297;731 533;7;0;2;1;13;1
202200046297;731 536;14;0;0;1;0;1
202200046298;731 531;1;0;2;0;1;5
202200046298;731 532;7;0;9;2;9;1
202200046299;731 528;10;0;2;3;1;1
202200046299;731 530;33;0;2;2;9;1
202200046300;731 524;30;0;2;3;1;1
202200046300;731 527;99;0;2;6;21;0
202200046301;731 522;50;0;2;7;1;3
202200046301;731 526;7;0;2;8;1;1
202200046302;731 520;7;0;2;8;1;1
202200046302;731 529;14;0;2;2;12;1
202200046303;731 519;7;0;2;1;1;1
202200046303;731 521;7;0;2;4;1;1
202200046303;731 525;7;0;2;4;1;1
202200046304;731 518;2;0;2;2;3;1
202200046304;731 523;10;0;2;3;15;2
202200046305;731 516;7;0;2;1;14;1
202200046306;731 517;3;3;0;1;9;1
202200046307;731 514;7;8;9;5;21;1
202200046308;731 513;7;13;0;9;16;1
202200046309;731 512;7;0;2;1;1;1
202200046309;731 515;15;0;2;5;12;1
202200046310;731 510;1;0;5;0;0;5
202200046311;731 508;1;0;2;1;19;5
202200046311;731 511;7;0;2;8;1;1
202200046312;731 507;1;0;2;1;19;5
202200046312;731 509;7;0;2;1;1;1
202200046313;731 503;7;0;2;1;1;1
202200046313;731 505;7;0;2;4;20;1
202200046314;731 504;7;0;1;4;2;1
202200046315;731 501;7;7;0;3;1;1
202200046315;731 506;7;0;0;1;9;1
202200046316;731 499;50;1;0;0;2;3
202200046317;731 498;7;0;2;1;9;1
202200046317;731 502;7;0;2;8;1;1
202200046318;731 496;30;0;2;1;2;1
202200046318;731 500;7;0;2;4;1;1
202200046319;731 495;1;0;2;1;15;5
202200046319;731 497;7;0;2;1;1;1
202200046320;731 493;32;0;2;1;15;1
202200046321;731 492;17;0;2;3;17;1
202200046321;731 494;10;0;2;3;13;1
202200046322;731 489;33;0;2;1;1;1
202200046322;731 491;1;0;2;8;9;5
202200046323;731 488;7;0;2;1;1;1
202200046323;731 490;2;0;2;2;19;1
202200046324;731 487;7;0;1;0;2;0
202200046325;731 486;7;0;0;0;1;1
202200046326;731 485;7;0;1;1;1;3
202200046327;731 483;7;1;0;1;14;1
202200046328;731 481;2;14;0;1;1;1
202200046329;731 482;7;0;1;1;26;1
202200046330;731 480;7;0;9;2;1;1
202200046330;731 484;60;0;2;1;5;0
202200046331;731 474;7;0;0;7;26;1
202200046332;731 476;7;0;2;2;17;1
202200046332;731 479;2;0;2;8;13;1
202200046333;731 473;30;0;2;1;1;1
202200046333;731 478;7;0;2;3;15;1
202200046334;731 471;10;0;2;4;23;1
202200046334;731 475;7;0;2;1;1;1
202200046335;731 472;17;0;0;6;24;1
202200046335;731 477;7;1;0;1;2;1
202200046336;731 467;7;0;1;1;15;1
202200046337;731 469;33;0;0;3;1;1
202200046338;731 464;7;0;2;1;1;1
202200046338;731 468;7;0;2;7;2;1
202200046339;731 463;7;0;2;1;1;1
202200046339;731 466;10;0;0;4;1;1
202200046340;731 460;7;0;2;7;1;0
202200046341;731 458;33;0;2;1;1;1
202200046341;731 462;7;0;2;7;19;1
202200046342;731 459;7;0;2;1;1;1
202200046342;731 461;99;0;2;1;5;3
202200046343;731 456;7;0;1;7;11;1
202200046344;731 454;7;0;2;1;1;1
202200046344;731 455;7;0;2;1;1;1
202200046345;731 453;7;0;2;5;17;1
202200046345;731 457;7;0;2;3;21;1
202200046346;731 451;10;0;1;7;2;1
202200046347;731 447;10;0;2;1;1;1
202200046347;731 450;7;0;2;4;2;1
202200046348;731 444;7;0;2;1;1;1
202200046348;731 449;7;0;2;3;1;1
202200046348;731 452;7;0;2;1;1;1
202200046349;731 441;7;0;2;2;0;1
202200046349;731 445;7;0;2;3;1;1
202200046350;731 442;7;0;2;7;15;1
202200046350;731 446;7;0;2;1;26;1
202200046351;731 440;7;0;2;1;13;1
202200046351;731 443;7;0;2;3;1;1
202200046351;731 448;7;0;2;1;1;1
202200046352;731 439;7;0;1;3;1;1
202200046353;731 437;7;13;0;1;13;1
202200046354;731 435;50;0;2;1;1;3
202200046354;731 438;7;0;2;3;20;1
202200046355;731 432;7;0;9;3;15;1
202200046355;731 434;1;0;2;1;17;5
202200046356;731 431;7;0;2;6;15;1
202200046356;731 436;32;0;2;1;1;1
202200046357;731 430;7;0;2;0;26;1
202200046357;731 433;1;0;2;0;26;5
202200046358;731 427;7;0;2;8;21;1
202200046358;731 428;34;0;2;7;2;1
202200046359;731 423;34;0;2;0;0;1
202200046359;731 425;7;0;2;1;1;1
202200046360;731 421;7;0;2;1;1;0
202200046360;731 426;7;0;2;2;9;1
202200046361;731 420;7;0;2;1;1;1
202200046361;731 422;7;0;2;1;1;1
202200046362;731 419;10;0;2;4;2;1
202200046362;731 424;7;0;2;1;0;1
202200046363;731 417;7;6;0;8;1;1
202200046364;731 418;99;0;1;1;1;3
202200046365;731 411;60;0;2;1;1;5
202200046365;731 416;7;0;2;2;1;1
202200046366;731 410;7;0;2;3;0;1
202200046366;731 414;7;0;2;3;13;1
202200046367;731 406;7;0;2;1;2;1
202200046367;731 409;1;0;2;4;1;5
202200046367;731 413;38;0;2;2;2;1
202200046368;731 400;17;0;2;2;1;1
202200046368;731 403;33;0;2;1;1;1
202200046369;731 401;7;0;2;8;23;1
202200046369;731 405;7;0;2;8;23;1
202200046369;731 408;7;0;2;7;23;1
202200046369;731 412;7;0;2;1;9;1
202200046369;731 415;7;0;2;1;23;1
202200046370;731 398;7;0;2;2;10;1
202200046370;731 402;32;0;2;1;1;1
202200046371;731 397;1;0;2;7;15;5
202200046371;731 399;7;0;2;2;2;1
202200046372;731 389;7;0;2;3;13;1
202200046372;731 393;1;0;0;0;0;5
202200046373;731 391;7;0;2;1;2;1
202200046373;731 395;7;0;0;4;1;1
202200046374;731 388;7;0;2;7;12;0
202200046374;731 392;33;0;2;3;2;1
202200046375;731 387;7;5;0;6;1;1
202200046375;731 394;7;5;0;1;1;1
202200046376;731 386;7;0;0;0;1;1
202200046377;731 384;7;0;1;1;1;1
202200046378;731 383;7;0;2;3;1;1
202200046378;731 385;33;0;2;7;1;1
202200046379;731 382;0;0;0;0;26;0
202200046380;731 381;7;6;1;1;26;1
202200046381;731 380;80;13;0;1;1;3
202200046382;731 376;10;0;1;2;1;1
202200046383;731 372;7;0;0;0;1;1
202200046384;731 373;2;0;2;9;18;1
202200046384;731 377;7;0;2;2;23;1
202200046384;731 379;37;0;2;5;23;1
202200046385;731 371;20;0;2;3;9;1
202200046385;731 375;60;0;2;7;21;5
202200046386;731 368;2;13;0;0;1;1
202200046387;731 367;7;0;2;1;2;1
202200046387;731 370;10;0;0;8;15;1
202200046388;731 363;7;4;2;3;1;1
202200046388;731 369;33;0;2;7;12;1
202200046389;731 361;7;0;2;2;2;1
202200046389;731 364;2;0;2;6;23;1
202200046390;731 359;7;0;2;3;1;1
202200046390;731 362;7;0;2;3;5;1
202200046391;731 357;7;0;2;3;2;1
202200046391;731 360;7;0;2;5;2;1
202200046392;731 354;13;6;0;2;1;1
202200046393;731 353;7;8;0;6;1;1
202200046393;731 356;7;0;2;1;1;1
202200046393;731 358;7;8;2;1;6;1
202200046394;731 352;7;0;1;1;1;3
202200046395;731 350;1;0;2;1;1;5
202200046395;731 355;7;0;2;1;1;1
202200046396;731 348;7;3;2;3;1;1
202200046396;731 351;7;0;2;5;14;1
202200046397;731 347;7;0;2;2;17;1
202200046397;731 349;2;0;2;3;13;1
202200046398;731 343;7;0;2;3;16;1
202200046398;731 346;1;0;2;5;0;5
202200046399;731 341;31;13;0;2;13;1
202200046400;731 342;7;0;2;2;10;1
202200046400;731 345;31;0;2;1;21;1
202200046401;731 338;7;0;2;8;11;0
202200046401;731 340;33;0;2;7;1;1
202200046402;731 333;7;5;0;3;16;1
202200046403;731 334;1;0;2;1;1;5
202200046403;731 337;14;0;2;7;16;1
202200046404;731 332;7;13;2;1;1;1
202200046404;731 339;21;0;2;4;1;1
202200046404;731 344;7;0;9;3;1;1
202200046405;731 331;7;2;2;9;17;1
202200046405;731 335;7;0;2;1;13;1
202200046406;731 330;10;0;2;3;15;1
202200046406;731 336;2;0;2;3;1;1
202200046407;731 328;7;13;0;1;0;1
202200046408;731 325;7;0;0;3;17;2
202200046408;731 329;2;0;0;1;1;1
202200046409;731 322;7;0;2;2;1;1
202200046409;731 326;7;0;2;3;9;1
202200046410;731 321;7;0;2;2;1;0
202200046410;731 323;7;0;2;6;0;0
202200046410;731 327;10;0;2;5;0;0
202200046411;731 319;7;0;2;7;15;1
202200046411;731 324;7;0;2;1;1;1
202200046412;731 318;7;2;0;7;1;1
202200046413;731 317;7;0;2;3;1;1
202200046413;731 320;7;0;2;3;15;1
202200046414;731 315;34;4;0;2;21;1
202200046415;731 314;10;1;2;4;4;1
202200046415;731 316;7;0;2;3;20;1
202200046416;731 311;7;0;2;1;12;1
202200046416;731 313;37;0;2;4;24;1
202200046417;731 307;10;0;1;1;1;1
202200046418;731 309;7;0;2;1;1;1
202200046418;731 312;7;13;2;1;15;1
202200046419;731 306;7;4;2;1;2;1
202200046419;731 310;10;4;2;4;2;1
202200046420;731 305;80;0;2;7;1;3
202200046420;731 308;10;0;2;1;1;1
202200046421;731 302;7;0;0;0;0;0
202200046422;731 301;7;0;2;5;16;1
202200046422;731 304;33;0;2;1;1;1
202200046423;731 299;7;0;2;2;15;1
202200046423;731 303;33;0;2;1;0;1
202200046424;731 297;7;0;2;5;1;1
202200046424;731 300;7;0;2;1;1;1
202200046425;731 298;7;1;0;1;2;1
202200046426;731 291;7;0;2;2;19;1
202200046426;731 296;7;0;2;8;1;1
202200046427;731 294;7;0;2;2;15;1
202200046427;731 295;50;0;2;1;1;3
202200046428;731 290;7;0;2;1;1;1
202200046429;731 289;10;1;0;4;23;1
202200046429;731 293;7;1;0;1;1;1
202200046430;731 288;7;0;2;4;10;1
202200046430;731 292;2;0;2;1;1;1
202200046431;731 285;7;0;1;1;15;1
202200046432;731 283;3;0;2;3;15;6
202200046433;731 281;7;0;2;6;15;0
202200046433;731 284;33;0;2;1;17;1
202200046434;731 282;7;4;0;3;1;1
202200046434;731 286;2;0;2;1;1;1
202200046435;731 280;7;6;2;1;9;
202200046435;731 287;7;0;2;7;1;1
202200046436;731 279;7;0;1;2;1;1
202200046437;731 275;1;0;2;6;1;5
202200046437;731 278;10;0;2;2;9;1
202200046438;731 276;7;0;1;1;1;1
202200046439;731 277;7;4;0;8;1;1
202200046440;731 274;7;0;1;2;1;0
202200046441;731 273;10;2;0;7;13;1
202200046442;731 269;7;0;1;1;1;1
202200046443;731 268;2;0;2;1;18;1
202200046443;731 272;7;0;2;2;1;1
202200046444;731 266;2;0;0;8;1;1
202200046445;731 267;7;0;1;0;1;1
202200046446;731 265;10;0;1;1;1;1
202200046447;731 264;7;3;0;3;13;1
202200046448;731 263;7;6;0;6;1;1
202200046449;731 261;10;0;1;1;1;1
202200046450;731 262;7;0;1;3;1;1
202200046451;731 257;7;0;2;1;1;1
202200046451;731 260;30;0;2;1;13;1
202200046452;731 256;10;0;2;6;1;1
202200046452;731 258;7;3;2;2;2;1
202200046453;731 255;33;0;2;4;1;1
202200046453;731 259;7;0;2;1;2;2
202200046454;731 252;7;9;2;1;1;1
202200046454;731 254;7;0;2;1;15;1
202200046455;731 253;10;0;1;2;1;3
202200046456;731 250;7;3;0;1;0;1
202200046457;731 249;50;0;0;0;0;3
202200046457;731 251;0;0;2;0;0;0
202200046458;731 248;7;15;0;2;1;1
202200046459;731 243;7;0;1;1;1;1
202200046460;731 244;10;6;0;2;1;1
202200046461;731 242;7;0;2;3;1;1
202200046461;731 247;7;0;2;3;13;1
202200046462;731 245;30;0;2;4;23;1
202200046462;731 246;7;0;2;1;0;0
202200046463;731 240;7;0;2;1;7;1
202200046463;731 241;1;0;2;1;8;5
202200046464;731 237;34;17;2;1;0;0
202200046464;731 238;7;0;2;2;23;1
202200046465;731 235;31;0;0;8;1;1
202200046465;731 239;7;0;0;0;9;1
202200046466;731 233;7;0;2;1;1;1
202200046466;731 236;30;0;2;8;10;1
202200046467;731 230;36;0;0;0;0;1
202200046468;731 228;7;0;2;1;1;1
202200046468;731 231;7;0;2;3;1;1
202200046468;731 234;99;0;2;1;13;1
202200046469;731 229;30;0;2;5;1;1
202200046470;731 232;7;0;1;7;1;2
202200046471;731 224;7;0;2;1;0;1
202200046471;731 226;7;0;2;1;1;1
202200046472;731 223;33;0;2;8;1;1
202200046472;731 227;10;0;2;3;1;1
202200046473;731 220;7;0;2;8;1;1
202200046473;731 225;32;0;2;1;1;1
202200046474;731 219;50;0;2;7;13;3
202200046474;731 222;7;0;2;2;1;1
202200046475;731 217;31;0;2;1;5;1
202200046475;731 221;7;0;2;2;1;1
202200046476;731 215;7;0;2;3;2;3
202200046476;731 218;10;0;2;2;17;1
202200046477;731 214;50;0;2;7;14;3
202200046477;731 216;50;0;2;3;13;3
202200046478;731 213;7;0;1;2;16;1
202200046479;731 210;99;0;2;3;1;6
202200046479;731 212;7;0;2;3;1;1
202200046480;731 206;7;1;0;3;1;1
202200046480;731 209;10;0;1;3;23;1
202200046481;731 208;7;0;1;4;4;1
202200046482;731 205;7;0;2;3;15;1
202200046482;731 211;30;0;2;2;17;1
202200046483;731 204;33;0;1;3;1;1
202200046483;731 207;7;0;2;1;10;1
202200046484;731 201;7;0;1;1;1;1
202200046485;731 198;50;0;2;8;1;3
202200046485;731 203;7;0;2;1;1;1
202200046486;731 195;34;0;5;1;1;1
202200046487;731 193;7;0;2;6;1;1
202200046487;731 196;7;0;2;5;13;1
202200046487;731 199;7;0;2;1;1;1
202200046487;731 202;7;0;2;3;13;1
202200046488;731 194;1;0;2;3;19;5
202200046488;731 200;7;0;2;1;1;1
202200046489;731 191;7;6;0;2;1;1
202200046490;731 192;7;0;2;4;2;1
202200046490;731 197;7;0;2;1;26;1
202200046491;731 189;7;0;1;2;1;1
202200046492;731 185;7;0;1;6;20;1
202200046493;731 186;7;15;0;1;1;1
202200046494;731 188;10;0;2;4;21;1
202200046494;731 190;7;0;2;4;1;1
202200046495;731 181;7;0;2;1;9;1
202200046495;731 184;80;0;2;7;1;3
202200046496;731 182;7;0;2;4;23;1
202200046496;731 187;7;0;2;1;2;1
202200046497;731 178;1;0;1;1;1;5
202200046498;731 175;7;0;2;1;1;1
202200046498;731 177;7;0;2;1;13;1
202200046499;731 172;50;0;0;0;1;3
202200046500;731 173;50;0;0;0;26;3
202200046501;731 171;7;0;2;4;2;1
202200046501;731 174;7;0;2;4;2;1
202200046501;731 176;7;0;2;4;2;1
202200046501;731 180;37;0;2;1;2;1
202200046502;731 170;31;0;5;7;1;1
202200046503;731 168;7;0;2;1;1;1
202200046503;731 169;1;0;2;6;2;5
202200046504;731 166;7;0;1;4;4;1
202200046505;731 165;7;0;2;1;1;1
202200046505;731 167;10;0;2;4;1;1
202200046506;731 164;7;0;1;1;1;1
202200046507;731 160;7;0;1;4;20;1
202200046508;731 158;7;0;1;3;2;1
202200046509;731 159;7;0;2;8;17;1
202200046509;731 162;31;0;2;7;1;1
202200046510;731 157;7;0;2;4;23;1
202200046510;731 161;7;0;2;1;2;1
202200046510;731 163;7;0;2;1;2;1
202200046511;731 151;10;1;0;2;14;1
202200046512;731 153;7;0;2;1;15;1
202200046512;731 156;30;0;2;7;1;1
202200046513;731 150;7;0;2;8;19;1
202200046513;731 154;32;0;2;1;1;1
202200046514;731 152;7;0;1;1;15;1
202200046515;731 148;33;0;0;9;0;0
202200046516;731 147;1;0;2;5;19;5
202200046516;731 149;33;0;9;1;21;1
202200046517;731 145;7;0;1;2;1;1
202200046518;731 143;2;0;2;1;26;1
202200046518;731 146;3;0;2;1;11;1
202200046519;731 141;7;0;2;4;23;1
202200046519;731 144;7;0;2;1;0;0
202200046520;731 138;7;0;2;3;12;1
202200046520;731 142;7;0;2;5;2;2
202200046521;731 135;99;0;2;1;2;1
202200046521;731 137;7;0;2;4;2;1
202200046521;731 139;7;0;2;6;2;1
202200046521;731 140;7;0;0;0;0;1
202200046522;731 136;7;0;1;1;1;1
202200046523;731 134;43;1;0;1;14;1
202200046524;731 131;7;0;2;7;15;1
202200046524;731 133;7;0;2;1;1;1
202200046525;731 130;7;0;2;4;23;1
202200046525;731 132;7;0;2;1;2;1
202200046526;731 124;7;0;2;3;1;1
202200046526;731 127;37;0;2;3;13;1
202200046527;731 125;1;0;2;1;2;5
202200046527;731 128;7;0;2;4;2;1
202200046528;731 121;10;0;2;6;2;1
202200046528;731 123;10;0;2;5;2;1
202200046528;731 126;33;0;2;7;11;1
202200046529;731 119;33;0;2;7;1;1
202200046529;731 122;7;0;2;3;15;1
202200046530;731 120;7;1;0;2;14;1
202200046531;731 118;33;5;0;0;12;1
202200046532;731 117;7;13;0;9;1;1
202200046533;731 114;33;0;2;1;18;1
202200046533;731 116;7;0;2;7;22;2