Num_Acc;id_vehicule;categorie_vehicule;obstacle_fixe;obstacle_mobile;point_choc_initial;manoeuvre_principale;motorisation
202200046534;731 113;7;9;2;5;20;1
202200046534;731 115;7;0;2;3;20;1
202200046535;731 112;31;0;1;1;1;1
202200046536;731 111;7;0;1;4;4;2
202200046537;731 109;50;0;2;3;5;3
202200046537;731 110;10;0;2;3;1;1
202200046538;731 107;1;0;1;2;7;5
202200046539;731 108;7;0;1;4;4;1
202200046540;731 105;10;0;2;5;15;1
202200046540;731 106;1;0;2;1;26;5
202200046541;731 102;30;0;2;1;1;1
202200046541;731 104;7;0;2;6;23;1
202200046542;731 101;33;14;0;1;2;1
202200046543;731 098;1;0;2;1;7;5
202200046543;731 100;1;0;2;2;9;5
202200046544;731 099;30;0;2;2;1;1
202200046544;731 103;50;0;2;8;15;3
202200046545;731 095;7;0;9;3;9;1
202200046545;731 097;1;0;2;7;26;5
202200046546;731 094;7;0;2;7;14;1
202200046546;731 096;1;0;2;3;1;5
202200046547;731 089;7;0;2;1;9;2
202200046547;731 091;33;0;2;1;1;1
202200046548;731 088;2;0;2;5;1;1
202200046548;731 092;7;0;2;1;1;1
202200046549;731 085;7;0;2;8;0;1
202200046549;731 087;7;0;2;3;13;1
202200046550;731 086;50;0;1;0;1;3
202200046551;731 090;7;0;2;3;17;1
202200046551;731 093;1;0;2;7;1;5
202200046552;731 083;30;4;0;7;13;1
202200046553;731 081;1;0;2;7;0;5
202200046553;731 084;7;0;2;1;0;1
202200046554;731 079;37;0;1;7;1;6
202200046555;731 078;7;12;0;2;13;1
202200046556;731 080;1;0;2;1;5;5
202200046556;731 082;10;0;2;1;1;3
202200046557;731 076;7;0;2;8;22;1
202200046557;731 077;1;0;2;1;1;5
202200046558;731 073;1;0;2;1;1;5
202200046558;731 074;7;0;2;8;22;1
202200046559;731 072;32;0;2;1;1;0
202200046559;731 075;7;0;2;5;19;1
202200046560;731 069;2;0;2;2;14;1
202200046560;731 070;1;0;2;1;1;5
202200046561;731 067;2;0;2;1;1;1
202200046561;731 068;7;0;2;3;13;1
202200046562;731 065;1;0;2;4;1;5
202200046562;731 066;7;0;2;4;23;1
202200046563;731 071;10;1;0;1;7;1
202200046564;731 064;7;0;0;0;0;0
202200046565;731 063;50;0;1;1;1;3
202200046566;731 060;7;0;1;1;1;0
202200046567;731 061;50;0;2;1;1;3
202200046567;731 062;7;0;2;8;22;1
202200046568;731 059;10;0;1;3;1;1
202200046569;731 055;0;0;2;0;0;0
202200046569;731 056;1;0;2;0;0;5
202200046570;731 057;7;0;1;2;1;1
202200046571;731 054;50;0;2;1;1;3
202200046571;731 058;7;0;2;3;16;1
202200046572;731 051;7;0;2;1;8;1
202200046572;731 053;33;0;2;2;1;1
202200046573;731 049;7;0;2;4;1;1
202200046573;731 052;7;0;2;1;2;1
202200046574;731 047;43;0;2;1;26;1
202200046574;731 050;7;8;2;5;1;1
202200046575;731 043;7;0;2;1;2;1
202200046575;731 045;10;0;2;4;2;1
202200046575;731 046;7;0;2;1;2;1
202200046576;731 044;33;0;2;1;21;1
202200046576;731 048;38;0;2;6;1;4
202200046577;731 042;7;1;0;3;21;1
202200046578;731 040;7;0;2;7;12;1
202200046578;731 041;33;0;2;8;3;1
202200046579;731 038;31;12;0;1;1;1
202200046580;731 037;1;12;0;0;14;5
202200046581;731 036;7;2;0;1;16;2
202200046581;731 039;1;0;0;0;0;5
202200046582;731 033;7;0;2;3;22;1
202200046582;731 034;50;0;2;2;21;3
202200046583;731 032;7;0;2;1;2;2
202200046583;731 035;7;0;2;3;1;1
202200046584;731 029;80;0;0;0;1;3
202200046584;731 031;10;0;0;0;15;1
202200046585;731 028;32;0;2;1;1;1
202200046585;731 030;7;0;2;2;1;1
202200046586;731 027;7;9;0;1;6;1
202200046587;731 021;31;0;2;2;17;1
202200046587;731 024;7;0;2;3;9;2
202200046588;731 022;7;0;9;1;1;1
202200046588;731 025;50;0;2;1;1;3
202200046589;731 020;7;1;1;2;1;1
202200046590;731 023;30;0;2;3;1;1
202200046590;731 026;10;0;2;0;16;1
202200046591;731 019;30;1;0;1;14;1
202200046592;731 016;21;0;2;3;1;1
202200046592;731 018;7;0;2;1;1;6
202200046593;731 015;10;1;0;6;24;1
202200046593;731 017;7;0;2;2;1;1
202200046594;731 010;30;0;1;1;17;1
202200046595;731 008;1;0;2;1;23;5
202200046595;731 012;1;0;2;1;2;5
202200046596;731 007;31;0;2;6;1;1
202200046596;731 014;10;0;2;3;15;1
202200046597;731 009;7;0;2;0;0;1
202200046597;731 013;10;0;2;1;2;1
202200046598;731 006;7;0;9;8;15;1
202200046598;731 011;50;0;2;1;17;3
202200046599;731 002;7;0;1;2;1;1
202200046600;731 003;7;1;1;1;14;1
202200046601;731 000;7;0;2;1;26;1
202200046601;731 005;17;0;2;4;2;1
202200046602;730 999;7;0;2;7;1;1
202200046602;731 004;7;0;2;1;1;1
202200046603;730 998;50;9;2;1;23;3
202200046603;731 001;7;0;2;1;15;1
202200046604;730 992;60;0;2;1;26;5
202200046604;730 996;1;0;2;1;1;5
202200046605;730 991;10;0;2;8;19;1
202200046605;730 995;99;0;2;0;0;0
202200046606;730 990;7;0;2;5;15;1
202200046606;730 997;7;0;2;1;1;1
202200046607;730 987;15;0;2;8;1;1
202200046607;730 988;7;0;2;3;1;1
202200046607;730 994;7;0;2;3;17;1
202200046608;730 989;30;0;2;1;17;1
202200046608;730 993;7;0;2;3;15;2
202200046609;730 984;99;0;0;0;0;0
202200046609;730 986;7;0;0;0;0;0
202200046610;730 982;10;0;1;7;1;1
202200046611;730 980;32;0;2;1;1;1
202200046611;730 985;7;0;2;2;15;1
202200046612;730 979;80;0;2;8;1;3
202200046612;730 983;7;0;2;3;15;1
202200046613;730 978;7;0;2;3;9;2
202200046613;730 981;33;0;2;2;1;1
202200046614;730 974;1;0;1;1;1;5
202200046615;730 973;7;12;2;1;1;1
202200046615;730 976;7;0;2;3;1;1
202200046615;730 977;7;0;2;2;23;1
202200046616;730 972;7;0;1;2;1;2
202200046617;730 971;7;0;2;1;13;1
202200046617;730 975;7;0;2;3;1;1
202200046618;730 966;7;0;1;1;9;1
202200046619;730 964;7;0;1;3;1;1
202200046620;730 963;10;1;2;1;20;1
202200046620;730 968;2;0;2;0;1;1
202200046621;730 965;80;0;2;1;1;3
202200046621;730 969;50;0;2;1;1;3
202200046621;730 970;10;0;2;8;22;6
202200046622;730 962;10;0;2;2;2;3
202200046622;730 967;7;0;2;4;15;1
202200046623;730 960;2;0;0;0;0;1
202200046624;730 957;80;0;2;4;2;3
202200046624;730 959;80;0;2;1;2;3
202200046625;730 954;2;0;0;1;1;1
202200046626;730 955;80;0;2;1;1;3
202200046626;730 958;7;0;2;3;20;1
202200046627;730 956;99;0;1;1;2;3
202200046628;730 952;7;0;2;1;13;2
202200046628;730 953;7;0;2;1;1;1
202200046629;730 950;7;8;0;3;2;6
202200046630;730 948;1;0;2;1;1;5
202200046630;730 951;7;0;2;6;23;1
202200046631;730 945;2;0;0;8;15;1
202200046632;730 947;30;0;1;1;18;1
202200046633;730 944;10;0;2;3;15;0
202200046633;730 946;2;0;2;2;1;1
202200046634;730 943;1;0;0;2;13;5
202200046635;730 949;99;0;1;1;1;3
202200046636;730 941;33;3;0;8;11;1
202200046637;730 940;7;0;2;4;1;1
202200046637;730 942;7;0;2;1;2;1
202200046638;730 939;7;0;1;2;1;1
202200046639;730 937;33;0;2;8;1;1
202200046639;730 938;7;0;2;8;13;1
202200046640;730 935;7;3;0;0;0;1
202200046641;730 932;7;0;2;8;1;1
202200046641;730 936;33;0;2;1;1;1
202200046642;730 930;10;8;0;7;1;1
202200046643;730 928;1;0;2;8;19;5
202200046643;730 934;7;0;2;1;1;1
202200046644;730 927;7;0;9;1;0;1
202200046644;730 929;20;0;0;0;1;0
202200046645;730 931;50;0;2;1;1;3
202200046645;730 933;7;0;2;2;15;1
202200046646;730 925;31;0;0;4;1;1
202200046647;730 923;7;0;2;3;10;1
202200046647;730 926;34;0;2;2;17;1
202200046648;730 921;7;0;2;3;13;1
202200046648;730 924;7;0;2;3;1;1
202200046649;730 922;7;0;1;0;16;1
202200046650;730 918;7;0;2;3;15;1
202200046650;730 920;1;0;2;7;17;5
202200046651;730 915;33;8;0;2;1;1
202200046652;730 912;7;0;2;3;1;1
202200046652;730 914;7;0;2;3;6;1
202200046653;730 913;50;0;2;8;19;3
202200046653;730 917;7;0;2;2;16;1
202200046654;730 906;7;0;2;1;1;1
202200046654;730 909;7;0;2;1;5;1
202200046655;730 905;10;0;1;2;26;1
202200046656;730 907;7;0;2;7;22;3
202200046656;730 911;1;1;0;8;1;5
202200046657;730 903;7;0;2;7;1;1
202200046657;730 904;1;0;2;1;1;5
202200046658;730 901;7;6;0;1;19;1
202200046659;730 900;31;0;2;3;1;1
202200046659;730 902;7;0;2;3;17;1
202200046660;730 897;33;0;2;1;1;1
202200046660;730 899;7;0;2;7;15;1
202200046661;730 898;33;0;2;1;1;1
202200046662;730 895;2;0;2;4;1;1
202200046662;730 896;99;0;2;1;14;1
202200046663;730 893;1;13;0;1;18;5
202200046664;730 892;7;0;2;2;17;1
202200046664;730 894;1;0;2;8;1;5
202200046665;730 891;10;0;1;1;16;1
202200046666;730 890;1;14;0;2;1;5
202200046667;730 889;33;7;0;1;6;1
202200046668;730 888;36;0;0;0;0;1
202200046669;730 885;7;0;2;2;1;1
202200046669;730 887;7;13;2;2;13;1
202200046670;730 884;7;0;2;1;2;1
202200046670;730 886;7;0;2;4;2;1
202200046671;730 878;33;13;0;3;21;1
202200046672;730 879;10;0;0;0;9;1
202200046672;730 882;2;0;0;0;21;1
202200046673;730 881;7;0;0;2;15;1
202200046673;730 883;31;0;2;1;1;1
202200046674;730 876;7;0;2;4;23;1
202200046674;730 880;7;0;2;2;1;1
202200046675;730 872;2;0;2;3;2;1
202200046675;730 875;10;0;2;4;23;1
202200046676;730 874;7;0;2;6;19;1
202200046676;730 877;7;0;2;1;19;1
202200046677;730 873;7;0;1;1;1;1
202200046678;730 870;33;0;2;1;1;1
202200046678;730 871;7;0;2;1;13;1
202200046679;730 868;33;8;0;1;1;1
202200046680;730 866;7;0;1;3;1;1
202200046681;730 865;33;0;2;2;1;1
202200046681;730 869;10;0;0;6;23;1
202200046682;730 863;20;16;0;9;15;1
202200046683;730 861;7;0;2;3;1;1
202200046683;730 864;7;0;2;1;1;1
202200046684;730 862;10;0;2;1;1;1
202200046684;730 867;7;0;2;2;19;0
202200046685;730 859;3;0;2;1;26;1
202200046685;730 860;7;0;2;5;0;1
202200046686;730 857;31;0;2;1;0;1
202200046686;730 858;7;0;2;2;17;1
202200046687;730 856;33;0;0;8;1;1
202200046688;730 851;10;0;2;1;17;3
202200046688;730 854;7;13;0;6;15;1
202200046689;730 853;33;7;2;2;17;1
202200046689;730 855;7;0;2;3;1;1
202200046690;730 852;7;6;0;1;15;1
202200046691;730 849;7;2;0;1;13;1
202200046692;730 848;10;0;2;3;13;1
202200046692;730 850;7;0;2;3;1;1
202200046693;730 847;10;0;1;7;1;1
202200046694;730 843;7;8;0;9;19;1
202200046695;730 842;7;2;0;1;0;1
202200046696;730 841;1;0;2;0;0;5
202200046696;730 845;7;0;2;3;1;1
202200046697;730 840;10;0;2;3;1;1
202200046697;730 846;7;0;2;3;13;1
202200046698;730 839;33;8;0;1;1;0
202200046699;730 838;7;0;0;1;0;1
202200046700;730 836;33;0;0;0;1;1
202200046701;730 837;7;0;1;3;9;1
202200046702;730 835;43;12;0;7;18;1
202200046703;730 831;7;6;0;1;1;1
202200046704;730 827;7;0;1;3;15;1
202200046705;730 825;7;0;2;3;19;1
202200046705;730 830;32;0;2;1;3;1
202200046706;730 824;2;1;2;0;1;1
202200046706;730 826;2;0;2;0;1;1
202200046706;730 829;7;0;2;8;23;1
202200046706;730 832;7;0;2;8;23;1
202200046706;730 834;7;0;2;7;23;1
202200046707;730 822;7;0;2;1;2;1
202200046707;730 828;7;0;2;1;2;1
202200046707;730 833;7;0;0;4;1;2
202200046708;730 821;10;0;2;2;1;1
202200046708;730 823;2;0;2;7;16;1
202200046709;730 817;7;0;2;8;13;1
202200046709;730 820;15;0;2;8;1;1
202200046710;730 816;32;0;2;1;26;1
202200046710;730 819;7;0;0;8;15;1
202200046711;730 814;1;0;2;1;18;5
202200046711;730 818;10;0;2;2;16;1
202200046712;730 813;15;0;0;4;2;1
202200046712;730 815;7;0;2;1;2;1
202200046713;730 812;33;3;0;8;2;1
202200046714;730 811;2;0;0;7;16;1
202200046715;730 807;7;0;1;2;1;1
202200046716;730 808;7;3;0;9;14;1
202200046717;730 806;7;0;0;2;19;1
202200046717;730 809;33;0;2;1;1;1
202200046718;730 804;7;0;2;1;1;1
202200046718;730 810;1;0;2;1;1;5
202200046719;730 803;33;0;2;1;15;1
202200046719;730 805;7;0;0;5;15;1
202200046720;730 802;7;13;0;1;1;1
202200046721;730 801;37;0;1;3;26;1
202200046722;730 799;7;15;0;0;0;1
202200046723;730 796;7;15;0;3;13;1
202200046724;730 798;30;0;2;1;1;3
202200046724;730 800;7;0;2;1;17;1
202200046725;730 795;7;0;2;1;13;1
202200046725;730 797;14;0;2;1;1;1
202200046726;730 792;7;0;2;2;1;1
202200046726;730 794;2;0;2;4;11;1
202200046727;730 790;33;0;0;0;0;1
202200046728;730 789;7;0;0;4;20;1
202200046728;730 793;1;0;2;1;19;5
202200046729;730 787;7;0;2;2;2;1
202200046729;730 791;1;0;0;6;2;5
202200046730;730 786;7;0;1;2;16;1
202200046731;730 784;7;1;2;7;1;1
202200046731;730 788;7;0;2;1;1;1
202200046732;730 782;7;3;0;3;1;1
202200046733;730 781;7;15;0;9;16;1
202200046734;730 783;7;0;2;1;15;1
202200046734;730 785;33;0;2;1;1;1
202200046735;730 777;7;0;1;1;13;1
202200046736;730 776;33;0;1;1;1;1
202200046737;730 774;7;0;2;5;19;1
202200046737;730 778;7;0;2;1;1;1
202200046738;730 775;33;0;0;4;2;1
202200046738;730 779;33;0;2;1;2;1
202200046739;730 771;7;8;0;8;14;1
202200046740;730 769;10;0;2;3;21;1
202200046740;730 773;7;0;0;6;1;1
202200046740;730 780;7;0;2;8;15;1
202200046741;730 766;7;0;2;6;1;1
202200046741;730 768;2;0;2;3;1;1
202200046741;730 770;7;0;2;3;13;1
202200046742;730 767;43;0;2;2;1;1
202200046742;730 772;1;0;2;8;19;5
202200046743;730 765;7;0;1;2;15;1
202200046744;730 759;2;0;2;1;1;1
202200046744;730 763;2;0;2;1;1;1
202200046744;730 764;7;0;2;3;1;1
202200046745;730 761;33;0;0;3;15;1
202200046746;730 758;7;0;2;3;1;1
202200046746;730 762;33;0;2;3;1;1
202200046747;730 760;30;0;0;0;17;1
202200046748;730 756;7;0;0;5;16;1
202200046748;730 757;33;1;2;1;18;1
202200046749;730 754;7;13;0;1;0;1
202200046750;730 753;2;0;2;1;2;1
202200046750;730 755;2;0;0;4;2;1
202200046751;730 750;7;0;2;3;19;1
202200046751;730 752;2;0;2;1;1;1
202200046752;730 748;7;0;2;1;23;1
202200046752;730 751;7;0;2;4;4;1
202200046753;730 746;33;0;2;7;1;1
202200046753;730 749;33;0;2;6;9;1
202200046754;730 745;7;0;2;1;1;1
202200046754;730 747;2;0;2;1;1;1
202200046755;730 743;7;13;0;5;1;1
202200046756;730 741;7;0;2;1;1;0
202200046756;730 744;7;0;0;7;19;1
202200046757;730 739;33;15;0;8;1;1
202200046758;730 738;1;0;2;6;13;5
202200046758;730 742;32;0;2;2;1;1
202200046759;730 737;7;0;2;1;1;1
202200046759;730 740;7;0;2;2;19;1
202200046760;730 736;2;8;0;1;1;1
202200046761;730 731;7;0;2;1;1;1
202200046761;730 734;7;5;0;2;1;1
202200046762;730 728;10;0;0;1;5;1
202200046762;730 729;99;0;2;4;2;5
202200046762;730 732;99;0;0;4;2;5
202200046762;730 735;7;0;9;2;1;6
202200046763;730 730;33;6;0;1;1;1
202200046764;730 727;7;0;2;3;10;1
202200046764;730 733;34;0;2;1;1;1
202200046765;730 726;7;1;0;6;20;1
202200046766;730 724;7;0;2;1;5;1
202200046766;730 725;7;0;2;1;1;1
202200046767;730 723;7;0;1;3;2;1
202200046768;730 722;7;8;0;9;21;1
202200046769;730 721;2;0;0;8;1;1
202200046770;730 718;7;0;2;7;2;1
202200046770;730 720;30;0;2;8;2;1
202200046771;730 717;32;0;2;1;1;1
202200046771;730 719;7;0;2;5;15;1
202200046772;730 716;35;16;0;1;1;1
202200046773;730 714;7;0;0;3;14;1
202200046774;730 713;33;0;2;1;1;1
202200046774;730 715;7;0;0;3;1;1
202200046775;730 709;7;0;2;3;9;1
202200046775;730 712;50;0;2;1;15;3
202200046776;730 707;1;0;2;7;1;5
202200046776;730 710;7;0;2;3;1;1
202200046777;730 708;2;0;0;0;0;1
202200046778;730 706;7;0;1;2;1;1
202200046779;730 705;7;0;2;3;16;1
202200046779;730 711;7;0;2;3;23;2
202200046780;730 701;7;0;0;2;9;1
202200046780;730 704;33;9;0;1;5;1
202200046781;730 696;7;8;0;7;19;1
202200046781;730 702;13;0;2;1;21;1
202200046782;730 697;80;0;2;7;1;3
202200046782;730 700;7;0;2;8;22;1
202200046783;730 695;2;0;2;1;1;1
202200046783;730 699;7;0;2;1;11;1
202200046784;730 698;7;0;2;1;9;1
202200046784;730 703;1;0;0;4;1;5
202200046785;730 694;7;2;0;7;2;1
202200046786;730 690;50;0;0;0;1;3
202200046787;730 689;7;0;2;2;15;1
202200046787;730 693;2;0;2;1;1;1
202200046788;730 691;7;3;0;0;0;1
202200046789;730 687;7;0;1;2;1;1
202200046790;730 688;33;0;2;1;2;1
202200046790;730 692;7;0;2;2;15;1
202200046791;730 684;43;0;1;1;17;1
202200046792;730 686;33;0;0;0;2;1
202200046793;730 683;33;0;6;1;1;1
202200046794;730 681;7;0;1;3;1;1
202200046795;730 682;7;0;2;8;1;1
202200046795;730 685;21;0;2;3;1;1
202200046796;730 679;30;0;0;0;1;3
202200046797;730 676;7;13;0;3;1;1
202200046798;730 675;33;0;2;1;1;1
202200046798;730 680;10;0;2;3;15;1
202200046799;730 673;7;0;2;3;1;1
202200046799;730 677;7;0;2;3;15;1
202200046800;730 674;7;0;2;3;1;1
202200046800;730 678;7;0;2;3;13;1
202200046801;730 671;7;16;0;0;1;1
202200046802;730 669;7;0;2;1;1;1
202200046802;730 672;7;0;2;1;1;1
202200046803;730 666;7;13;0;7;1;1
202200046804;730 665;7;6;2;1;1;1
202200046804;730 670;7;0;0;6;15;1
202200046805;730 663;7;0;2;3;15;2
202200046805;730 667;33;0;2;1;1;1
202200046806;730 661;7;0;2;9;26;1
202200046806;730 668;7;0;2;1;26;1
202200046807;730 662;32;0;2;1;17;1
202200046807;730 664;1;0;2;1;1;5
202200046808;730 658;50;0;2;1;13;3
202200046808;730 660;7;0;9;1;14;1
202200046809;730 656;33;0;2;1;1;1
202200046809;730 659;3;0;0;8;19;1
202200046810;730 657;7;0;1;1;1;1
202200046811;730 654;1;12;0;1;25;5
202200046812;730 655;7;3;0;1;14;1
202200046813;730 653;32;0;0;1;16;1
202200046814;730 652;7;0;1;2;1;1
202200046815;730 648;2;0;2;1;1;1
202200046815;730 651;7;0;2;3;15;1
202200046816;730 646;7;0;2;2;9;1
202200046816;730 650;33;0;2;1;7;1
202200046817;730 643;7;0;2;7;17;1
202200046817;730 645;7;0;2;3;1;1
202200046817;730 647;10;0;2;8;1;1
202200046818;730 641;10;0;2;7;19;1
202200046818;730 642;31;0;2;1;1;1
202200046819;730 640;7;0;1;1;2;1
202200046820;730 638;7;0;2;4;1;1
202200046820;730 644;7;0;2;9;11;1
202200046820;730 649;7;0;2;1;1;1
202200046821;730 636;33;9;0;1;1;1
202200046822;730 635;10;13;0;1;1;1
202200046823;730 634;7;5;0;8;13;1
202200046824;730 633;7;0;0;1;17;1
202200046824;730 637;7;0;0;9;17;1
202200046824;730 639;7;0;0;0;1;1
202200046825;730 631;7;12;0;1;2;1
202200046826;730 630;33;0;2;1;2;1
202200046826;730 632;7;0;2;4;2;1
202200046827;730 628;7;0;2;0;1;1
202200046827;730 629;33;0;0;8;1;1
202200046828;730 624;7;0;9;2;1;1
202200046828;730 627;1;0;2;6;1;5
202200046829;730 622;7;0;2;4;1;1
202200046829;730 625;99;0;2;1;1;3
202200046830;730 621;32;4;0;1;1;1
202200046831;730 623;7;0;2;1;1;1
202200046831;730 626;7;0;2;2;15;1
202200046832;730 617;7;0;9;1;1;1
202200046832;730 619;7;0;2;8;1;1
202200046832;730 620;7;0;2;3;13;1
202200046833;730 614;10;0;9;0;0;0
202200046833;730 618;50;0;2;0;1;3
202200046834;730 613;15;0;0;2;17;1
202200046834;730 616;7;4;0;8;1;1
202200046835;730 610;7;1;0;1;14;1
202200046835;730 612;7;0;2;5;23;1
202200046835;730 615;10;0;2;3;1;1
202200046836;730 608;7;15;0;1;2;1
202200046837;730 605;1;0;2;0;1;5
202200046837;730 609;1;0;2;0;1;5
202200046837;730 611;7;0;2;2;17;1
202200046838;730 604;17;0;0;4;2;6
202200046838;730 607;7;0;2;1;2;1
202200046839;730 601;14;3;0;3;2;1
202200046840;730 598;31;0;2;1;1;1
202200046840;730 599;3;0;2;5;15;0
202200046841;730 597;7;0;2;1;2;1
202200046841;730 600;7;0;2;1;2;1
202200046841;730 603;7;0;2;1;2;1
202200046841;730 606;7;0;0;4;2;1
202200046842;730 596;10;0;2;1;1;1
202200046842;730 602;50;0;2;7;1;3
202200046843;730 592;2;0;2;3;1;1
202200046843;730 593;21;0;2;8;1;1
202200046844;730 591;7;3;0;9;0;1
202200046845;730 589;33;0;1;1;1;1
202200046846;730 590;7;0;2;3;21;1
202200046846;730 594;7;0;0;5;0;0
202200046847;730 586;2;13;0;8;1;1
202200046848;730 585;1;0;0;0;0;5
202200046849;730 583;50;0;1;1;13;3
202200046850;730 580;2;16;0;1;14;1
202200046851;730 577;7;0;2;4;1;1
202200046851;730 582;7;0;2;4;1;1
202200046851;730 584;7;0;2;1;0;1
202200046852;730 576;7;0;2;6;2;1
202200046852;730 579;13;0;2;3;2;1
202200046853;730 573;7;0;1;1;1;1
202200046854;730 570;33;0;2;1;2;1
202200046854;730 571;7;0;2;6;2;1
202200046854;730 574;7;0;2;2;21;1
202200046855;730 565;33;0;2;1;13;1
202200046855;730 569;7;0;0;3;15;6
202200046856;730 564;7;0;0;0;21;2
202200046856;730 568;7;14;0;0;21;1
202200046856;730 572;7;14;0;1;1;1
202200046856;730 575;7;14;0;1;1;1
202200046856;730 578;7;4;0;5;1;1
202200046856;730 581;7;0;0;3;0;1
202200046856;730 587;7;0;0;4;2;2
202200046856;730 588;7;0;2;1;2;1
202200046857;730 563;30;0;2;1;2;0
202200046857;730 567;3;0;2;6;15;0
202200046858;730 562;7;0;2;3;1;1
202200046858;730 566;7;0;2;3;13;1
202200046859;730 560;10;3;2;7;17;1
202200046859;730 561;7;3;0;6;1;1
202200046860;730 557;32;0;2;4;1;1
202200046860;730 559;7;0;2;1;1;1
202200046861;730 558;2;0;0;0;1;0
202200046862;730 553;36;0;2;1;21;1
202200046862;730 556;7;0;2;3;20;2
202200046863;730 549;7;0;2;1;2;1
202200046863;730 551;7;0;2;4;1;1
202200046864;730 548;7;0;2;6;15;1
202200046864;730 550;33;0;2;1;1;1
202200046865;730 546;7;0;2;3;15;1
202200046865;730 547;30;0;2;7;17;1
202200046866;730 543;7;0;1;2;1;1
202200046867;730 552;1;0;2;1;1;5
202200046867;730 554;7;0;2;2;15;1
202200046868;730 545;17;0;2;4;1;1
202200046868;730 555;7;0;2;1;1;1
202200046869;730 539;7;0;2;4;1;1
202200046869;730 541;10;0;2;1;1;1
202200046869;730 542;7;0;2;4;1;2
202200046869;730 544;7;0;2;4;1;1
202200046870;730 537;2;0;2;1;17;1
202200046870;730 540;7;0;2;8;15;1
202200046871;730 536;7;0;2;8;15;1
202200046871;730 538;7;0;2;3;16;1
202200046872;730 533;10;0;2;6;12;1
202200046872;730 535;33;0;2;1;3;1
202200046873;730 530;2;0;2;1;17;1
202200046873;730 534;7;0;2;3;1;1
202200046874;730 531;7;0;2;3;1;1
202200046874;730 532;7;0;2;3;1;1
202200046875;730 527;7;0;2;7;1;1
202200046875;730 528;10;0;2;8;1;1
202200046876;730 524;7;0;2;3;15;1
202200046876;730 526;34;0;2;2;17;1
202200046877;730 520;7;3;0;2;1;1
202200046878;730 519;7;0;2;9;1;1
202200046878;730 523;7;3;2;9;23;1
202200046878;730 525;7;3;2;1;1;1
202200046879;730 517;7;3;2;6;2;1
202200046879;730 522;38;0;2;1;2;1
202200046880;730 516;7;0;2;2;1;1
202200046880;730 518;33;0;2;1;1;1
202200046881;730 512;13;0;1;0;1;1
202200046882;730 514;10;0;2;1;2;1
202200046882;730 515;7;0;2;4;2;1
202200046883;730 521;10;0;0;4;2;1
202200046883;730 529;10;0;2;1;2;1
202200046884;730 510;7;0;1;0;0;1
202200046885;730 511;7;0;2;2;15;1
202200046885;730 513;2;0;2;1;1;1
202200046886;730 509;13;4;0;1;0;0
202200046887;730 508;7;0;1;2;14;1
202200046888;730 505;7;0;2;3;1;1
202200046888;730 507;7;0;2;1;13;1
202200046889;730 502;7;0;1;2;16;1
202200046890;730 501;21;0;2;3;13;1
202200046890;730 506;7;0;2;2;17;1
202200046891;730 500;43;0;2;1;1;1
202200046891;730 504;7;0;2;2;6;1
202200046892;730 503;7;0;1;2;1;1
202200046893;730 499;33;16;0;1;16;1
202200046894;730 497;7;12;0;4;26;1
202200046895;730 494;7;0;2;8;13;1
202200046895;730 496;33;0;2;3;1;1
202200046896;730 493;7;0;2;1;2;1
202200046896;730 495;14;0;2;4;23;0
202200046897;730 491;7;2;0;1;13;0
202200046898;730 492;1;0;1;8;1;5
202200046899;730 485;30;0;2;4;1;1
202200046899;730 488;7;0;2;3;1;1
202200046900;730 484;30;0;9;1;9;1
202200046900;730 487;2;0;2;1;26;1
202200046901;730 483;1;0;2;1;1;5
202200046901;730 486;7;0;9;3;1;2
202200046902;730 481;7;0;1;1;15;1
202200046903;730 479;7;0;2;7;1;1
202200046903;730 480;50;0;2;1;5;3
202200046904;730 478;33;16;0;1;14;1
202200046905;730 482;2;0;0;7;15;1
202200046906;730 477;7;0;1;1;17;0
202200046907;730 475;;0;2;1;17;0
202200046908;730 472;7;0;0;6;1;1
202200046908;730 473;31;0;2;1;1;1
202200046908;730 474;31;0;2;1;1;1
202200046909;730 469;7;0;2;1;1;1
202200046909;730 471;7;0;2;4;2;1
202200046910;730 468;33;0;6;1;0;1
202200046911;730 467;7;1;2;1;1;1
202200046911;730 470;1;0;9;1;19;5
202200046912;730 464;33;7;0;8;1;1
202200046913;730 463;7;14;2;1;15;1
202200046913;730 465;30;0;2;3;1;1
202200046914;730 462;13;0;1;4;26;1
202200046915;730 459;7;0;2;3;1;1
202200046915;730 466;7;0;2;3;13;1
202200046916;730 458;7;0;2;3;2;1
202200046916;730 460;1;0;2;1;1;5
202200046917;730 457;13;0;1;5;0;1
202200046918;730 456;33;0;2;7;1;1
202200046918;730 461;7;0;2;1;1;1
202200046919;730 450;33;0;0;1;1;1
202200046919;730 453;33;0;0;1;1;1
202200046920;730 454;7;8;0;1;1;1
202200046921;730 449;2;0;1;1;1;1
202200046922;730 444;33;0;2;1;1;1
202200046922;730 446;33;0;2;1;17;1
202200046923;730 445;10;0;2;1;2;1
202200046923;730 447;7;0;2;8;2;1
202200046923;730 448;7;0;2;4;2;1
202200046923;730 452;7;0;2;4;2;1
202200046924;730 442;7;0;2;4;23;1
202200046924;730 443;30;0;2;1;2;1
202200046925;730 451;10;5;2;1;13;1
202200046925;730 455;17;0;2;3;1;1
202200046926;730 438;14;0;2;3;1;1
202200046926;730 441;7;8;2;3;0;1
202200046927;730 437;7;0;2;6;15;1
202200046927;730 440;34;0;2;1;17;1
202200046928;730 439;33;9;0;7;17;1
202200046929;730 434;7;0;2;0;15;1
202200046929;730 436;31;0;2;7;1;1
202200046930;730 432;7;2;0;3;1;1
202200046931;730 426;7;0;2;2;1;1