Num_Acc;id_vehicule;categorie_vehicule;obstacle_fixe;obstacle_mobile;point_choc_initial;manoeuvre_principale;motorisation
202200046931;730 428;1;0;2;7;19;5
202200046932;730 430;7;4;0;1;13;1
202200046933;730 429;1;0;9;1;0;5
202200046933;730 435;7;0;0;6;0;1
202200046934;730 424;37;0;2;2;1;1
202200046934;730 427;7;0;2;3;0;1
202200046935;730 422;7;0;2;7;15;1
202200046935;730 425;7;0;2;2;1;1
202200046936;730 421;33;0;2;2;1;1
202200046936;730 423;33;0;2;4;17;1
202200046937;730 417;10;0;2;1;1;1
202200046937;730 419;7;0;2;4;0;1
202200046938;730 415;50;0;0;0;26;3
202200046939;730 414;7;2;0;1;1;1
202200046940;730 413;7;0;2;2;15;1
202200046940;730 416;30;0;2;1;1;1
202200046941;730 411;7;0;2;2;9;1
202200046941;730 412;7;0;2;9;1;1
202200046942;730 410;33;0;0;0;1;1
202200046943;730 406;7;0;9;7;14;2
202200046943;730 409;31;0;2;1;1;1
202200046944;730 402;7;0;2;1;2;1
202200046944;730 407;7;0;2;4;2;1
202200046945;730 403;32;0;2;0;0;1
202200046945;730 408;7;0;2;3;0;0
202200046946;730 398;1;0;2;1;0;5
202200046946;730 401;7;0;9;3;0;1
202200046947;730 399;7;0;2;3;15;1
202200046947;730 404;2;0;2;1;1;1
202200046948;730 396;7;0;2;8;0;1
202200046948;730 397;7;0;2;6;0;1
202200046948;730 400;31;0;2;1;3;1
202200046949;730 393;7;0;2;3;1;1
202200046949;730 395;7;0;2;3;5;1
202200046950;730 391;17;0;2;3;1;1
202200046950;730 392;10;0;2;2;10;1
202200046951;730 390;33;0;1;1;2;1
202200046952;730 389;7;13;0;1;1;1
202200046953;730 388;7;0;2;1;26;1
202200046953;730 394;7;0;2;5;1;1
202200046954;730 383;7;15;0;1;0;1
202200046955;730 380;7;0;2;1;21;1
202200046955;730 385;15;0;2;6;26;1
202200046955;730 387;7;0;2;1;21;1
202200046956;730 381;33;0;0;1;0;1
202200046957;730 379;2;0;2;1;1;1
202200046957;730 384;10;0;0;7;1;1
202200046958;730 375;7;0;2;8;9;1
202200046958;730 378;15;0;2;2;1;1
202200046959;730 372;7;12;0;7;16;1
202200046959;730 377;33;0;2;1;18;1
202200046960;730 370;7;0;2;3;2;1
202200046960;730 373;7;0;2;5;2;1
202200046961;730 371;7;0;2;1;1;1
202200046961;730 376;7;12;2;4;1;1
202200046962;730 369;7;0;2;3;1;1
202200046962;730 374;7;0;2;1;13;1
202200046963;730 368;33;3;0;0;1;1
202200046964;730 365;7;0;2;4;10;1
202200046964;730 367;33;0;2;1;1;1
202200046965;730 362;7;0;0;1;13;1
202200046966;730 360;31;0;2;8;1;1
202200046966;730 364;7;0;2;2;12;1
202200046967;730 361;7;0;1;3;19;1
202200046968;730 359;7;0;2;5;1;1
202200046968;730 363;33;0;2;1;3;1
202200046968;730 366;7;0;2;0;0;0
202200046969;730 355;0;0;2;1;0;
202200046969;730 358;50;0;2;1;1;3
202200046970;730 353;10;0;2;5;12;1
202200046970;730 356;33;0;2;3;3;1
202200046971;730 354;7;15;0;2;1;1
202200046972;730 351;7;0;2;1;21;1
202200046972;730 357;14;0;2;6;15;1
202200046973;730 350;7;0;2;1;2;1
202200046973;730 352;7;0;2;4;2;1
202200046974;730 346;7;0;2;4;2;1
202200046974;730 348;33;0;2;1;2;1
202200046975;730 344;1;0;2;4;2;5
202200046975;730 345;10;0;2;3;2;1
202200046976;730 342;7;3;0;1;13;1
202200046977;730 340;33;3;0;8;0;1
202200046978;730 339;10;0;2;2;15;0
202200046978;730 341;1;0;2;1;1;5
202200046979;730 336;7;0;2;1;2;1
202200046979;730 338;7;0;2;4;0;2
202200046979;730 343;7;0;2;4;1;1
202200046980;730 334;7;0;2;1;1;1
202200046980;730 335;10;0;2;4;1;1
202200046980;730 337;10;0;2;1;1;1
202200046981;730 330;7;0;2;1;1;1
202200046981;730 333;7;0;2;8;19;1
202200046982;730 331;7;0;2;1;2;1
202200046982;730 332;7;0;2;4;0;0
202200046983;730 328;7;11;0;1;1;1
202200046984;730 327;7;0;2;1;2;1
202200046984;730 329;7;0;2;4;2;1
202200046985;730 321;33;0;2;0;0;1
202200046985;730 323;7;0;2;6;12;1
202200046986;730 322;7;0;2;1;1;1
202200046986;730 326;1;0;2;1;16;5
202200046987;730 319;7;0;2;1;1;1
202200046987;730 324;7;0;2;8;1;1
202200046987;730 325;7;0;2;8;13;1
202200046988;730 318;7;0;2;3;11;1
202200046988;730 320;31;4;2;3;3;1
202200046989;730 315;7;0;2;6;2;1
202200046989;730 317;7;0;2;2;2;1
202200046990;730 313;37;0;2;4;23;1
202200046990;730 316;10;0;2;1;1;1
202200046991;730 312;7;0;1;2;16;1
202200046992;730 311;32;4;2;0;1;1
202200046992;730 314;7;4;2;1;1;1
202200046993;730 309;7;0;2;4;1;1
202200046993;730 310;7;0;2;1;1;1
202200046994;730 307;7;0;1;1;1;1
202200046995;730 306;7;0;2;4;2;1
202200046996;730 305;7;0;2;1;1;3
202200046996;730 308;7;14;2;1;1;1
202200046997;730 303;33;0;2;2;3;1
202200046997;730 304;10;0;2;0;11;1
202200046998;730 301;7;0;2;2;6;1
202200046998;730 302;33;0;2;0;1;1
202200046999;730 299;33;4;0;8;1;1
202200047000;730 297;10;0;0;4;1;0
202200047000;730 300;41;0;2;2;21;3
202200047001;730 295;7;0;2;4;1;1
202200047001;730 296;7;0;2;4;1;1
202200047001;730 298;7;0;2;1;9;1
202200047002;730 294;7;0;1;1;1;1
202200047003;730 291;7;0;2;7;13;1
202200047003;730 293;7;0;2;1;1;1
202200047004;730 290;7;1;0;1;1;1
202200047004;730 292;7;0;2;4;24;1
202200047005;730 288;7;8;0;1;1;1
202200047006;730 287;10;6;2;6;1;3
202200047006;730 289;7;0;2;2;0;2
202200047007;730 286;7;3;0;1;1;1
202200047008;730 285;7;13;0;8;16;1
202200047009;730 283;7;0;1;1;16;1
202200047010;730 277;15;0;2;7;12;1
202200047010;730 281;7;0;2;8;1;1
202200047011;730 276;7;0;2;3;1;1
202200047011;730 280;14;0;2;3;1;1
202200047012;730 275;10;3;2;1;2;1
202200047012;730 278;10;0;2;4;1;1
202200047013;730 279;7;4;2;2;17;1
202200047013;730 282;7;0;2;6;1;1
202200047013;730 284;7;0;2;2;1;1
202200047014;730 272;33;0;0;0;14;1
202200047015;730 268;33;0;0;7;1;1
202200047016;730 267;7;14;0;1;1;1
202200047017;730 271;10;0;2;2;1;1
202200047017;730 273;31;0;2;3;17;1
202200047018;730 266;3;0;1;2;9;1
202200047019;730 265;99;0;1;1;1;6
202200047020;730 263;33;0;2;4;15;1
202200047020;730 264;10;0;2;1;15;1
202200047021;730 269;33;0;2;2;3;1
202200047021;730 270;7;0;2;8;11;1
202200047022;730 260;2;0;2;1;21;1
202200047022;730 262;7;0;2;3;9;1
202200047023;730 259;33;0;0;0;17;1
202200047024;730 258;7;0;2;3;0;1
202200047024;730 261;7;0;2;1;15;1
202200047025;730 256;7;0;1;2;17;1
202200047026;730 253;1;0;2;0;16;5
202200047026;730 254;7;0;9;1;16;1
202200047027;730 252;2;0;2;1;1;1
202200047027;730 255;7;0;2;5;15;2
202200047028;730 250;7;0;2;3;1;1
202200047028;730 251;7;0;2;3;1;1
202200047029;730 257;7;0;1;1;26;1
202200047030;730 244;7;0;2;2;1;1
202200047030;730 248;7;0;2;6;16;1
202200047031;730 247;80;0;4;1;19;3
202200047031;730 249;40;0;2;2;1;3
202200047032;730 242;7;13;0;1;1;1
202200047033;730 241;10;8;2;1;19;1
202200047033;730 243;7;0;2;7;19;1
202200047034;730 240;32;0;1;1;1;1
202200047035;730 235;37;0;2;1;1;1
202200047035;730 238;7;0;2;4;1;2
202200047036;730 233;33;0;2;1;1;1
202200047036;730 236;7;0;2;2;15;1
202200047037;730 234;7;6;2;1;1;1
202200047037;730 237;7;0;2;4;15;1
202200047037;730 239;10;0;2;1;1;1
202200047038;730 231;33;0;2;4;2;1
202200047038;730 232;7;0;2;1;2;1
202200047039;730 226;10;0;2;7;16;1
202200047039;730 229;1;0;2;1;1;5
202200047040;730 228;10;0;2;2;26;1
202200047040;730 230;7;0;2;6;11;1
202200047041;730 222;10;0;2;4;2;1
202200047041;730 224;7;4;2;1;2;1
202200047041;730 227;7;0;2;2;2;1
202200047042;730 223;7;0;2;2;9;1
202200047042;730 225;1;0;2;1;2;5
202200047043;730 220;1;0;2;7;19;5
202200047043;730 221;7;0;2;3;1;1
202200047044;730 217;50;0;2;0;0;3
202200047044;730 219;7;0;2;2;15;0
202200047045;730 215;33;16;0;1;13;1
202200047046;730 216;1;0;2;4;11;5
202200047046;730 218;30;0;2;1;1;1
202200047047;730 212;7;0;2;3;5;1
202200047047;730 214;14;0;2;3;5;0
202200047048;730 208;33;0;2;1;1;1
202200047048;730 210;7;0;2;1;15;1
202200047049;730 204;50;0;2;7;8;3
202200047049;730 206;7;0;2;2;12;1
202200047050;730 202;7;0;1;4;20;1
202200047051;730 201;32;0;1;1;1;1
202200047052;730 199;1;0;1;1;1;5
202200047053;730 198;17;0;2;4;1;1
202200047053;730 200;10;0;2;1;14;1
202200047054;730 193;7;0;2;1;1;1
202200047054;730 196;7;0;2;8;1;1
202200047055;730 194;14;14;0;3;26;1
202200047056;730 191;10;0;2;1;2;1
202200047056;730 192;7;0;2;1;2;1
202200047056;730 195;7;0;2;1;2;1
202200047056;730 197;7;0;2;4;2;1
202200047057;730 189;33;0;1;1;1;1
202200047058;730 188;7;0;2;5;9;1
202200047058;730 190;7;8;2;1;1;1
202200047059;730 187;7;0;1;2;1;1
202200047060;730 185;7;0;1;2;1;1
202200047061;730 184;7;0;1;3;15;1
202200047062;730 183;2;0;2;0;2;1
202200047062;730 186;3;0;2;0;16;1
202200047063;730 180;7;0;1;5;1;1
202200047064;730 179;7;0;9;2;15;1
202200047064;730 181;1;0;2;1;2;5
202200047065;730 177;10;0;1;2;1;1
202200047066;730 178;7;0;2;1;1;1
202200047066;730 182;7;0;2;3;1;1
202200047067;730 174;7;0;0;0;1;1
202200047068;730 173;50;0;2;0;19;3
202200047068;730 175;10;0;0;0;0;1
202200047069;730 172;2;1;0;1;1;1
202200047070;730 170;7;0;1;7;1;1
202200047071;730 169;7;0;2;3;9;1
202200047071;730 171;50;0;2;1;9;3
202200047072;730 167;33;0;2;1;1;1
202200047072;730 168;7;0;2;1;15;1
202200047073;730 164;1;0;2;2;15;5
202200047073;730 166;7;0;2;3;1;0
202200047074;730 162;7;0;1;1;1;1
202200047075;730 160;31;0;2;1;1;1
202200047075;730 161;10;0;2;5;12;1
202200047076;730 159;10;0;0;0;9;1
202200047077;730 156;7;0;2;3;5;1
202200047077;730 157;7;0;2;3;21;1
202200047077;730 158;7;0;2;3;13;1
202200047078;730 154;7;6;0;9;1;1
202200047079;730 153;7;0;2;7;16;1
202200047079;730 155;1;0;2;8;21;5
202200047080;730 151;7;0;2;1;9;1
202200047080;730 152;7;8;2;8;1;1
202200047081;730 148;31;0;0;0;0;1
202200047082;730 147;3;0;2;1;1;1
202200047082;730 150;7;0;2;7;15;1
202200047083;730 149;7;0;1;2;9;1
202200047084;730 145;7;0;2;4;2;1
202200047084;730 146;7;0;2;4;1;1
202200047085;730 142;7;0;2;4;2;1
202200047085;730 143;7;0;2;1;2;1
202200047086;730 141;7;0;2;3;1;2
202200047086;730 144;7;0;2;1;13;1
202200047087;730 139;7;0;2;7;2;1
202200047087;730 140;33;0;2;8;1;1
202200047088;730 138;2;0;1;1;18;1
202200047089;730 135;3;6;0;1;1;1
202200047090;730 136;33;0;2;1;3;1
202200047090;730 137;7;0;2;5;1;1
202200047091;730 133;7;0;2;8;22;1
202200047091;730 134;80;0;2;2;1;3
202200047092;730 130;7;0;2;4;2;1
202200047092;730 132;33;0;2;1;2;1
202200047093;730 129;33;0;2;1;1;1
202200047093;730 131;7;0;2;7;15;1
202200047094;730 127;99;0;1;0;26;0
202200047095;730 125;1;0;2;4;1;5
202200047095;730 126;7;0;2;2;1;1
202200047096;730 124;10;0;2;3;15;1
202200047096;730 128;33;0;2;1;5;1
202200047097;730 122;7;0;2;5;12;1
202200047097;730 123;33;0;2;3;3;1
202200047098;730 121;40;0;2;0;1;3
202200047099;730 120;7;6;0;1;14;1
202200047100;730 117;15;0;2;1;2;1
202200047100;730 119;15;0;2;4;0;1
202200047101;730 116;1;0;2;7;15;5
202200047101;730 118;7;0;2;1;1;1
202200047102;730 114;10;0;2;1;1;1
202200047102;730 115;32;0;2;4;1;1
202200047103;730 112;10;0;2;6;2;1
202200047103;730 113;33;0;2;2;2;1
202200047104;730 111;30;9;0;1;1;1
202200047105;730 107;10;0;2;5;2;0
202200047105;730 109;7;0;2;1;2;1
202200047106;730 106;7;0;2;2;15;1
202200047106;730 108;1;0;2;1;1;5
202200047107;730 105;1;0;2;0;1;5
202200047107;730 110;7;0;2;0;1;2
202200047108;730 103;7;0;2;1;1;1
202200047108;730 104;7;0;2;5;2;1
202200047109;730 099;7;0;2;1;1;1
202200047109;730 102;7;0;2;7;9;0
202200047110;730 098;7;0;2;2;16;2
202200047110;730 101;1;0;2;1;1;5
202200047111;730 094;33;0;2;1;2;1
202200047111;730 096;7;0;2;9;2;1
202200047111;730 097;7;0;2;9;2;1
202200047111;730 100;10;0;2;4;2;1
202200047112;730 093;7;0;2;3;13;1
202200047112;730 095;33;14;2;8;17;1
202200047113;730 091;7;3;0;1;14;1
202200047114;730 089;1;0;2;8;13;5
202200047114;730 092;32;8;2;2;17;1
202200047115;730 088;32;0;2;0;0;3
202200047115;730 090;0;0;0;0;0;0
202200047116;730 085;7;0;1;1;1;1
202200047117;730 086;1;1;0;2;14;5
202200047118;730 084;7;0;2;3;2;1
202200047118;730 087;7;0;2;5;2;1
202200047119;730 082;1;0;1;1;1;5
202200047120;730 081;7;0;2;4;1;1
202200047120;730 083;7;0;2;1;1;1
202200047121;730 080;7;0;1;3;1;1
202200047122;730 079;30;0;0;0;1;1
202200047123;730 074;7;0;2;4;1;1
202200047123;730 076;7;0;2;1;1;1
202200047123;730 078;7;0;2;1;1;1
202200047124;730 073;32;0;2;1;3;1
202200047124;730 075;7;0;2;5;1;1
202200047125;730 072;31;0;2;6;1;3
202200047125;730 077;10;0;2;7;15;1
202200047126;730 069;43;0;2;1;2;1
202200047126;730 071;7;0;2;5;2;1
202200047127;730 070;10;0;1;3;1;1
202200047128;730 067;1;0;1;1;1;5
202200047129;730 065;32;0;2;2;3;1
202200047129;730 068;7;0;2;8;11;1
202200047130;730 066;33;0;0;8;11;1
202200047131;730 060;32;0;2;1;14;1
202200047131;730 062;7;0;2;4;23;1
202200047132;730 061;7;0;2;2;7;2
202200047132;730 064;1;0;2;3;14;5
202200047133;730 059;7;0;2;8;26;1
202200047133;730 063;7;0;2;1;1;1
202200047134;730 056;32;0;2;1;17;3
202200047134;730 058;10;0;2;3;10;1
202200047135;730 054;1;0;2;0;0;5
202200047135;730 057;30;0;9;1;1;0
202200047136;730 053;7;0;2;6;9;1
202200047136;730 055;14;0;2;1;2;1
202200047137;730 051;7;0;2;2;1;1
202200047137;730 052;30;0;2;3;1;1
202200047138;730 049;32;0;0;0;0;6
202200047139;730 050;7;0;1;1;1;0
202200047140;730 047;10;0;2;3;15;1
202200047140;730 048;50;0;2;0;1;3
202200047141;730 045;7;0;1;1;16;6
202200047142;730 044;30;0;0;0;26;1
202200047142;730 046;7;0;0;0;0;1
202200047143;730 042;32;0;2;1;1;1
202200047143;730 043;7;0;2;3;15;1
202200047144;730 039;7;0;2;4;2;1
202200047144;730 041;7;0;2;1;2;1
202200047145;730 038;7;0;2;1;1;1
202200047145;730 040;7;1;2;3;1;2
202200047146;730 037;7;0;1;1;1;1
202200047147;730 033;7;0;2;1;21;1
202200047147;730 036;7;0;2;1;23;1
202200047148;730 032;10;0;2;0;4;0
202200047148;730 035;1;0;2;0;14;5
202200047149;730 030;7;0;2;8;2;1
202200047149;730 034;7;0;2;1;15;1
202200047150;730 028;7;0;2;8;10;1
202200047150;730 031;32;0;2;1;1;1
202200047151;730 027;60;0;2;8;19;5
202200047151;730 029;7;0;2;3;15;2
202200047152;730 025;7;0;2;7;1;1
202200047152;730 026;32;0;2;7;17;1
202200047153;730 024;34;2;0;0;1;1
202200047154;730 022;7;0;2;7;17;1
202200047154;730 023;33;0;2;8;15;1
202200047155;730 021;7;0;1;1;26;1
202200047156;730 020;37;0;0;0;7;1
202200047157;730 018;1;0;2;8;1;5
202200047157;730 019;32;0;2;1;1;1
202200047158;730 017;7;8;0;3;1;1
202200047159;730 016;50;0;0;0;7;3
202200047160;730 013;31;0;2;3;13;0
202200047160;730 014;10;0;2;2;2;1
202200047161;730 011;7;0;2;3;1;1
202200047161;730 015;7;0;2;1;1;1
202200047162;730 010;7;0;2;3;16;1
202200047162;730 012;30;0;2;7;1;1
202200047163;730 008;7;1;1;1;1;1
202200047164;730 007;7;15;0;1;15;1
202200047165;730 006;10;0;2;2;1;0
202200047165;730 009;10;0;2;1;15;1
202200047166;730 004;7;0;1;3;2;1
202200047167;730 003;7;0;2;3;0;1
202200047167;730 005;30;0;2;1;1;1
202200047168;730 002;3;15;0;1;21;3
202200047169;730 001;7;0;1;2;1;0
202200047170;729 999;7;0;2;7;15;1
202200047170;730 000;32;0;2;1;1;3
202200047171;729 996;7;0;2;4;23;1
202200047171;729 998;7;0;2;1;2;1
202200047172;729 994;7;0;2;4;1;1
202200047172;729 995;7;0;2;1;1;1
202200047172;729 997;10;0;2;1;1;1
202200047173;729 992;32;0;2;2;1;1
202200047173;729 993;10;0;2;3;1;1
202200047174;729 990;10;0;0;1;10;0
202200047174;729 991;31;0;0;1;1;1
202200047175;729 989;7;15;1;1;1;1
202200047176;729 986;33;0;2;3;2;1
202200047176;729 988;7;0;0;3;26;1
202200047177;729 983;99;0;2;4;4;3
202200047177;729 987;7;0;2;3;23;1
202200047178;729 985;30;0;1;1;1;1
202200047179;729 982;1;12;0;1;16;5
202200047180;729 980;7;0;1;3;2;1
202200047181;729 977;7;0;2;4;2;0
202200047181;729 978;7;0;2;1;2;1
202200047182;729 976;7;0;1;1;15;1
202200047183;729 973;7;0;2;6;23;1
202200047183;729 975;31;0;2;1;9;1
202200047184;729 970;7;0;2;4;1;1
202200047184;729 972;7;0;2;6;1;1
202200047184;729 974;10;0;2;1;1;1
202200047185;729 968;2;0;2;2;11;1
202200047185;729 971;7;0;2;3;15;1
202200047186;729 967;7;0;2;2;15;1
202200047186;729 969;2;0;2;1;1;3
202200047187;729 966;10;8;1;1;1;1
202200047188;729 963;7;0;0;7;1;1
202200047188;729 965;7;0;2;1;1;1
202200047189;729 962;2;0;2;1;2;1
202200047189;729 964;7;0;2;2;9;1
202200047190;729 961;43;0;1;1;1;1
202200047191;729 960;7;0;1;1;1;1
202200047192;729 958;2;0;0;2;0;1
202200047193;729 957;7;0;2;2;16;1
202200047193;729 959;33;0;2;7;1;1
202200047194;729 955;7;15;0;1;20;1
202200047195;729 954;7;0;0;0;16;1
202200047195;729 956;1;0;0;9;1;5
202200047196;729 951;30;11;0;1;1;1
202200047197;729 952;1;0;2;1;1;5
202200047197;729 953;7;0;2;3;1;1
202200047198;729 949;1;0;2;1;18;5
202200047198;729 950;7;0;2;3;1;1
202200047199;729 946;2;0;0;0;1;1
202200047200;729 947;33;0;2;1;1;1
202200047200;729 948;7;0;2;7;15;1
202200047201;729 944;31;0;2;1;2;1
202200047201;729 945;31;0;2;4;1;1
202200047202;729 942;7;0;2;2;2;1
202200047202;729 943;1;0;0;4;2;5
202200047203;729 941;7;6;0;1;26;1
202200047204;729 938;33;0;2;1;1;1
202200047204;729 940;7;0;2;1;15;2
202200047205;729 936;7;0;2;2;1;3
202200047205;729 939;33;0;2;8;0;1
202200047206;729 935;7;0;2;3;9;1
202200047206;729 937;99;0;2;1;16;3
202200047207;729 932;31;0;2;2;26;1
202200047207;729 934;7;0;2;3;15;1
202200047208;729 930;7;0;2;3;2;1
202200047208;729 933;7;0;2;3;2;1
202200047209;729 929;1;0;2;1;1;5
202200047209;729 931;7;0;2;0;16;1
202200047210;729 927;7;0;1;3;1;1
202200047211;729 926;7;0;2;2;16;1
202200047211;729 928;30;0;2;8;1;1
202200047212;729 925;7;0;1;0;1;1
202200047213;729 923;33;0;2;1;13;1
202200047213;729 924;7;0;2;1;1;1
202200047214;729 922;1;0;0;1;25;5
202200047215;729 921;21;0;1;7;1;1
202200047216;729 920;7;0;1;2;15;1
202200047217;729 919;7;0;1;1;1;2
202200047218;729 918;7;0;6;2;1;1
202200047219;729 914;7;0;2;1;2;1
202200047219;729 916;7;0;2;4;23;1
202200047219;729 917;7;0;2;4;23;1
202200047220;729 912;32;0;0;8;1;1
202200047221;729 913;7;0;2;3;15;1
202200047221;729 915;33;0;2;1;17;1
202200047222;729 910;30;0;2;2;1;3
202200047222;729 911;7;0;2;0;1;1
202200047223;729 909;50;0;0;1;21;3
202200047224;729 907;7;0;2;2;17;1
202200047224;729 908;99;0;2;3;15;1
202200047225;729 906;30;0;0;8;1;1
202200047226;729 903;10;0;2;1;1;1
202200047226;729 905;7;0;2;5;15;1
202200047227;729 899;7;0;2;1;1;1
202200047227;729 901;7;0;2;6;2;1
202200047228;729 897;7;0;2;9;1;1
202200047228;729 900;10;0;2;9;1;1
202200047228;729 902;7;0;2;1;1;1
202200047228;729 904;7;0;2;9;5;1
202200047229;729 894;7;0;2;1;19;1
202200047229;729 896;7;7;2;3;1;1
202200047229;729 898;7;0;0;8;23;1
202200047230;729 893;7;0;1;3;1;1
202200047231;729 890;33;0;2;1;13;1
202200047231;729 892;7;0;2;1;1;1
202200047232;729 889;7;1;0;5;1;1
202200047232;729 891;7;0;0;6;24;1
202200047232;729 895;7;0;2;8;24;1
202200047233;729 888;36;2;0;1;1;1
202200047234;729 883;17;0;2;5;2;1
202200047234;729 886;33;0;2;3;3;1
202200047235;729 881;7;0;0;8;15;1
202200047235;729 885;33;0;2;1;1;1
202200047236;729 882;7;0;2;6;1;1
202200047236;729 884;33;0;2;1;13;1
202200047236;729 887;7;0;2;1;5;1
202200047237;729 879;1;0;0;0;1;5
202200047238;729 877;33;0;2;7;17;1
202200047238;729 880;7;0;2;8;13;1
202200047239;729 876;1;0;2;1;1;5
202200047239;729 878;13;6;0;4;1;1
202200047240;729 875;7;4;0;1;1;1
202200047241;729 872;7;0;2;5;1;1
202200047241;729 874;7;0;2;1;1;1
202200047242;729 873;7;0;1;8;16;1
202200047243;729 870;7;0;2;3;1;1
202200047243;729 871;7;0;2;3;1;1
202200047244;729 866;10;0;2;2;26;1
202200047244;729 869;50;0;2;3;25;3
202200047245;729 864;7;6;2;5;21;1
202200047245;729 867;7;0;2;3;1;0
202200047246;729 865;7;0;2;1;15;1
202200047246;729 868;33;0;2;7;3;1
202200047247;729 860;7;0;2;1;5;1
202200047247;729 862;7;0;2;2;0;1
202200047248;729 861;7;0;2;4;1;1
202200047248;729 863;2;0;2;1;2;1
202200047249;729 857;7;0;2;8;20;1
202200047249;729 859;7;0;2;2;1;1
202200047250;729 855;7;0;2;1;13;1
202200047250;729 858;33;0;2;1;1;1
202200047251;729 854;7;0;2;1;1;1
202200047251;729 856;2;0;2;8;2;1
202200047252;729 853;7;16;0;2;0;1
202200047253;729 851;7;0;2;3;15;1
202200047253;729 852;80;0;2;8;1;3
202200047254;729 849;7;13;0;3;1;1
202200047255;729 848;7;0;2;2;15;1
202200047255;729 850;7;0;2;1;1;1
202200047256;729 845;7;0;2;1;15;1
202200047256;729 847;33;0;2;1;1;1
202200047257;729 846;7;0;1;7;1;1
202200047258;729 843;1;0;2;8;1;5
202200047258;729 844;7;0;2;3;15;1
202200047259;729 842;7;14;0;1;1;1
202200047260;729 841;15;0;1;2;1;1
202200047261;729 840;10;0;1;2;1;1
202200047262;729 836;33;8;0;0;1;1
202200047262;729 838;7;0;0;0;15;1
202200047263;729 835;7;4;0;1;9;1
202200047264;729 837;7;0;2;1;15;1
202200047264;729 839;33;0;2;1;1;1
202200047265;729 832;7;0;2;3;1;1
202200047265;729 834;2;0;2;1;1;1
202200047266;729 830;10;0;2;1;1;1
202200047266;729 833;7;0;2;3;15;1
202200047267;729 827;33;0;0;8;26;1
202200047268;729 826;1;1;0;1;16;5
202200047269;729 828;7;0;2;1;17;1
202200047269;729 829;7;0;0;6;1;1
202200047269;729 831;7;0;2;1;1;1
202200047270;729 822;33;0;0;0;1;1
202200047270;729 824;7;0;0;0;13;1
202200047271;729 821;7;0;2;3;1;1
202200047271;729 825;30;0;2;5;1;1
202200047272;729 820;7;0;9;2;1;1
202200047273;729 818;1;0;1;1;1;5
202200047274;729 816;31;0;2;1;1;1
202200047274;729 819;7;0;2;8;15;1
202200047275;729 815;7;0;2;3;17;1
202200047275;729 817;2;0;2;1;1;1
202200047276;729 812;7;0;2;2;1;1
202200047276;729 814;7;0;2;3;1;1
202200047277;729 811;33;0;6;1;1;1
202200047278;729 810;7;0;2;8;19;1
202200047278;729 813;7;0;2;1;1;1
202200047279;729 808;7;0;2;3;13;1
202200047279;729 809;38;0;2;3;1;1
202200047280;729 806;7;0;2;3;15;1
202200047280;729 807;7;0;2;1;1;1
202200047281;729 804;10;0;1;2;16;1
202200047282;729 803;7;0;2;1;16;1
202200047282;729 805;33;0;2;7;1;1
202200047283;729 801;50;0;2;0;0;3
202200047283;729 802;7;0;2;4;10;0
202200047284;729 799;7;1;0;1;1;
202200047285;729 798;7;0;2;2;1;1
202200047285;729 800;33;13;2;7;1;1
202200047286;729 797;32;1;0;1;1;1
202200047287;729 795;7;0;2;1;1;1
202200047287;729 796;7;0;2;8;1;1
202200047288;729 794;30;0;1;1;25;1
202200047289;729 792;7;0;1;1;15;1
202200047290;729 791;2;0;2;1;1;1
202200047290;729 793;7;0;2;2;19;1
202200047291;729 788;7;0;9;3;5;1
202200047291;729 790;30;0;2;1;1;1
202200047292;729 787;1;0;2;1;9;5
202200047292;729 789;10;0;2;8;1;1
202200047293;729 784;7;0;2;4;2;2
202200047293;729 786;7;0;2;1;2;1
202200047294;729 783;80;0;2;4;1;3
202200047294;729 785;7;0;9;2;9;1
202200047295;729 781;36;0;0;9;1;1
202200047296;729 782;7;0;1;2;16;2
202200047297;729 778;7;0;2;3;1;1
202200047297;729 780;7;0;2;3;15;1
202200047298;729 777;7;0;2;2;16;2
202200047298;729 779;30;0;2;3;18;1
202200047299;729 776;7;2;0;3;1;1
202200047300;729 775;10;0;1;2;1;1
202200047301;729 773;7;0;2;6;15;1
202200047301;729 774;33;0;2;1;17;1
202200047302;729 772;1;0;0;0;1;5
202200047303;729 770;7;8;0;1;13;1
202200047304;729 769;7;0;2;1;2;1
202200047304;729 771;7;0;2;4;15;1
202200047305;729 767;7;0;2;8;1;1
202200047305;729 768;1;0;2;7;5;5
202200047306;729 765;7;0;9;1;2;1
202200047306;729 766;1;0;2;8;2;5
202200047307;729 763;1;0;2;7;1;5
202200047307;729 764;32;0;2;1;1;1
202200047308;729 762;7;2;0;9;2;1
202200047309;729 760;80;12;0;7;14;3
202200047310;729 758;7;4;0;9;1;1
202200047310;729 759;7;0;0;1;2;1
202200047310;729 761;7;0;0;4;23;1
202200047311;729 756;80;0;2;1;17;3
202200047311;729 757;1;0;2;1;13;5
202200047312;729 754;14;0;2;3;1;1
202200047312;729 755;7;0;2;1;13;1
202200047313;729 752;30;0;2;7;1;3
202200047313;729 753;33;0;2;8;10;1
202200047314;729 751;33;13;0;1;1;1
202200047315;729 748;7;0;2;2;1;1
202200047315;729 750;60;0;2;1;19;5
202200047316;729 749;10;0;1;2;1;1
202200047317;729 747;32;0;1;2;1;1
202200047318;729 744;50;0;2;7;19;3
202200047318;729 746;7;0;9;1;19;1
202200047319;729 743;33;0;2;1;2;1
202200047319;729 745;10;0;2;4;2;3
202200047320;729 742;33;5;0;9;17;1
202200047321;729 739;7;0;2;3;1;2
202200047321;729 741;1;0;2;1;1;5
202200047322;729 736;7;0;2;5;23;1
202200047322;729 737;32;0;2;3;2;1
202200047323;729 735;7;14;0;3;0;1
202200047324;729 733;7;0;1;1;1;1
202200047325;729 734;1;0;1;1;1;5