Num_Acc;id_vehicule;categorie_vehicule;obstacle_fixe;obstacle_mobile;point_choc_initial;manoeuvre_principale;motorisation
202200047326;729 732;7;1;0;2;1;1
202200047327;729 730;30;0;2;2;18;1
202200047327;729 731;10;0;2;2;16;1
202200047328;729 729;21;13;0;7;14;1
202200047329;729 728;7;0;1;3;0;1
202200047330;729 726;2;0;2;8;19;1
202200047330;729 727;10;0;2;2;19;1
202200047331;729 725;7;0;1;0;10;1
202200047332;729 723;33;0;2;1;1;1
202200047332;729 724;7;0;2;2;19;1
202200047333;729 722;7;0;1;3;15;2
202200047334;729 720;7;0;2;3;13;1
202200047334;729 721;7;0;2;3;0;1
202200047335;729 718;1;0;2;3;13;5
202200047335;729 719;7;0;9;3;2;1
202200047336;729 712;37;0;2;1;1;1
202200047336;729 713;7;0;2;1;1;1
202200047336;729 714;7;0;2;4;1;1
202200047336;729 715;7;0;2;4;2;1
202200047336;729 716;7;0;2;4;1;1
202200047337;729 711;7;0;0;9;1;1
202200047338;729 708;33;0;2;1;3;1
202200047338;729 709;33;0;2;0;0;1
202200047338;729 710;7;0;2;4;1;1
202200047339;729 706;14;0;2;6;2;1
202200047339;729 707;7;0;2;2;2;1
202200047340;729 703;7;0;2;1;0;0
202200047340;729 704;7;0;2;2;0;1
202200047340;729 705;7;0;0;6;0;2
202200047341;729 701;33;0;2;4;17;1
202200047341;729 702;43;0;2;3;11;1
202200047342;729 698;33;0;2;1;2;1
202200047342;729 699;7;0;2;1;2;2
202200047342;729 700;7;0;2;4;2;1
202200047343;729 696;7;0;2;1;2;1
202200047343;729 697;7;0;2;4;1;2
202200047344;729 694;33;0;2;3;3;1
202200047344;729 695;7;0;2;2;12;1
202200047345;729 690;33;0;2;1;3;1
202200047345;729 691;7;0;2;4;12;1
202200047345;729 692;7;0;2;3;1;2
202200047345;729 693;7;0;2;4;1;1
202200047346;729 688;32;0;2;8;1;1
202200047346;729 689;7;0;2;7;14;1
202200047347;729 686;7;0;2;4;1;1
202200047347;729 687;33;0;2;1;3;1
202200047348;729 684;7;0;2;4;12;2
202200047348;729 685;33;0;2;1;3;1
202200047349;729 681;37;0;1;2;16;6
202200047350;729 680;7;16;0;1;14;1
202200047351;729 678;2;0;2;1;17;1
202200047351;729 679;7;0;2;0;0;1
202200047352;729 676;33;0;2;9;1;1
202200047352;729 677;7;0;2;3;10;1
202200047353;729 674;7;0;2;3;9;0
202200047353;729 675;33;0;2;1;13;1
202200047354;729 673;7;0;1;1;19;1
202200047355;729 671;7;1;2;2;16;3
202200047355;729 672;30;1;2;1;1;0
202200047356;729 670;30;0;0;8;0;1
202200047357;729 669;32;0;1;1;21;1
202200047358;729 668;7;8;0;1;13;1
202200047359;729 666;7;0;2;0;24;1
202200047359;729 667;7;1;0;3;26;1
202200047360;729 663;7;0;2;1;1;1
202200047360;729 664;7;0;2;4;1;1
202200047360;729 665;7;0;2;4;1;1
202200047361;729 661;7;0;2;2;15;1
202200047361;729 662;32;0;2;1;15;1
202200047362;729 660;7;0;1;3;15;1
202200047363;729 658;7;0;2;2;1;1
202200047363;729 659;33;0;2;3;21;1
202200047364;729 656;33;0;2;1;3;1
202200047364;729 657;7;0;2;2;15;1
202200047365;729 655;7;0;1;4;26;1
202200047366;729 653;7;0;2;2;1;1
202200047366;729 654;7;0;2;6;9;1
202200047367;729 652;33;0;1;1;15;1
202200047368;729 650;80;0;2;1;1;3
202200047368;729 651;7;0;2;2;16;1
202200047369;729 646;33;0;2;1;1;1
202200047369;729 647;7;0;2;1;26;1
202200047370;729 644;31;0;2;1;1;1
202200047370;729 645;10;0;2;3;1;1
202200047371;729 642;7;0;2;7;0;1
202200047371;729 643;37;0;2;1;0;1
202200047372;729 640;1;1;0;7;26;5
202200047372;729 641;7;0;9;3;22;1
202200047373;729 639;7;0;1;1;1;1
202200047374;729 638;10;0;1;1;15;1
202200047375;729 636;33;0;2;4;2;1
202200047375;729 637;7;0;2;1;2;1
202200047376;729 635;7;0;1;1;1;1
202200047377;729 633;7;0;2;8;15;1
202200047377;729 634;2;0;2;1;1;1
202200047378;729 631;7;0;2;3;26;2
202200047378;729 632;50;0;2;7;19;3
202200047379;729 628;15;0;2;1;1;1
202200047379;729 629;13;0;2;4;1;1
202200047379;729 630;13;0;2;4;1;1
202200047380;729 626;33;0;2;1;26;1
202200047380;729 627;7;0;2;4;0;1
202200047381;729 624;33;0;2;2;19;1
202200047381;729 625;7;0;2;3;15;1
202200047382;729 623;7;0;1;2;7;1
202200047383;729 621;7;0;2;1;1;1
202200047383;729 622;7;0;2;8;0;1
202200047384;729 619;7;0;2;1;9;1
202200047384;729 620;50;0;2;1;5;3
202200047385;729 617;50;0;2;1;19;3
202200047385;729 618;7;0;2;2;1;1
202200047386;729 615;7;0;2;1;16;1
202200047386;729 616;10;0;2;3;1;1
202200047387;729 613;50;0;2;0;19;3
202200047387;729 614;37;0;2;1;1;6
202200047388;729 610;7;0;2;3;1;1
202200047388;729 611;7;0;2;5;1;1
202200047388;729 612;7;0;2;1;1;1
202200047389;729 609;7;9;0;1;5;3
202200047390;729 607;7;0;2;8;15;1
202200047390;729 608;33;0;2;7;17;1
202200047391;729 605;7;0;2;1;1;1
202200047391;729 606;7;0;2;4;1;1
202200047392;729 604;7;0;1;0;1;1
202200047393;729 602;7;0;2;7;1;0
202200047393;729 603;1;0;2;8;1;5
202200047394;729 600;7;0;2;4;16;1
202200047394;729 601;32;0;2;1;1;1
202200047395;729 598;31;0;2;7;1;1
202200047395;729 599;7;0;2;3;1;1
202200047396;729 597;0;0;1;2;2;0
202200047397;729 596;7;0;1;1;1;1
202200047398;729 594;33;0;2;5;1;1
202200047398;729 595;7;0;2;5;15;1
202200047399;729 593;7;0;1;2;1;1
202200047400;729 588;7;0;2;1;26;1
202200047400;729 589;7;0;2;4;2;1
202200047400;729 590;7;0;2;4;2;1
202200047401;729 586;7;0;2;1;2;1
202200047401;729 587;7;0;2;4;2;1
202200047402;729 584;7;0;9;3;26;1
202200047402;729 585;50;0;2;1;25;3
202200047403;729 582;7;0;2;3;1;1
202200047403;729 583;30;0;2;1;13;1
202200047404;729 580;7;0;2;8;15;1
202200047404;729 581;33;0;2;2;1;1
202200047405;729 578;7;0;2;7;26;1
202200047405;729 579;7;0;2;1;26;1
202200047406;729 577;7;0;1;0;1;1
202200047407;729 576;7;0;1;1;1;1
202200047408;729 574;7;0;2;8;26;1
202200047408;729 575;1;0;2;1;1;5
202200047409;729 573;7;0;0;1;1;1
202200047410;729 571;7;0;2;8;13;1
202200047410;729 572;33;0;2;7;1;1
202200047411;729 566;33;0;2;1;1;1
202200047411;729 567;7;0;2;3;1;1
202200047412;729 564;33;0;2;1;17;1
202200047412;729 565;7;0;2;8;15;1
202200047413;729 563;7;0;1;2;19;1
202200047414;729 561;7;0;2;8;1;1
202200047414;729 562;7;0;2;8;1;0
202200047415;729 559;2;0;2;7;2;1
202200047415;729 560;7;0;2;1;2;1
202200047416;729 557;7;0;2;3;16;1
202200047416;729 558;1;0;2;1;1;5
202200047417;729 555;7;0;2;4;2;1
202200047417;729 556;7;0;2;1;2;1
202200047418;729 553;1;0;2;1;1;5
202200047418;729 554;7;0;2;4;1;1
202200047419;729 551;33;0;2;1;1;1
202200047419;729 552;7;0;2;3;15;1
202200047420;729 549;30;0;2;4;9;1
202200047420;729 550;7;0;2;3;16;1
202200047421;729 548;7;0;1;1;2;1
202200047422;729 546;31;0;2;4;1;1
202200047422;729 547;7;0;2;1;2;1
202200047423;729 544;32;0;2;1;1;1
202200047423;729 545;7;0;2;3;15;3
202200047424;729 543;50;16;0;1;1;3
202200047425;729 542;2;12;0;8;1;1
202200047426;729 540;50;0;2;1;15;3
202200047426;729 541;7;0;2;2;1;1
202200047427;729 539;7;0;2;1;17;1
202200047428;729 538;10;0;1;4;4;3
202200047429;729 536;7;0;2;7;1;1
202200047429;729 537;7;0;2;1;9;1
202200047430;729 526;7;0;2;4;1;1
202200047430;729 527;7;0;2;1;1;1
202200047431;729 524;10;0;9;1;16;0
202200047431;729 525;1;0;2;4;2;5
202200047432;729 520;50;0;2;1;25;3
202200047432;729 521;7;0;2;2;9;1
202200047433;729 518;10;0;2;1;1;1
202200047433;729 519;7;0;2;3;9;1
202200047434;729 516;7;0;2;3;11;1
202200047434;729 517;32;0;2;1;1;1
202200047435;729 514;7;0;2;3;0;1
202200047435;729 515;7;0;2;3;13;1
202200047436;729 512;7;0;9;2;1;1
202200047436;729 513;60;0;2;8;11;5
202200047437;729 510;7;0;2;1;1;1
202200047437;729 511;7;0;2;4;1;1
202200047438;729 508;30;0;2;8;1;1
202200047438;729 509;7;0;2;1;19;1
202200047439;729 507;7;0;1;1;17;1
202200047440;729 506;7;6;0;3;1;1
202200047441;729 504;2;0;2;7;1;1
202200047441;729 505;7;0;2;3;15;1
202200047442;729 502;1;0;2;7;1;2
202200047442;729 503;7;0;9;3;19;1
202200047443;729 501;14;3;0;7;1;1
202200047444;729 499;37;0;2;1;1;0
202200047444;729 500;7;0;2;1;1;1
202200047445;729 498;10;0;6;1;21;1
202200047446;729 496;7;0;1;1;2;1
202200047447;729 494;7;0;2;2;17;1
202200047447;729 495;1;0;2;4;1;5
202200047448;729 492;10;0;2;3;13;1
202200047448;729 493;7;0;2;3;1;1
202200047449;729 489;7;0;2;1;1;2
202200047449;729 490;7;0;2;1;2;0
202200047449;729 491;7;0;2;1;13;1
202200047450;729 487;7;0;2;7;15;1
202200047450;729 488;31;0;2;1;1;1
202200047451;729 485;2;0;2;8;15;1
202200047451;729 486;7;0;2;1;1;1
202200047452;729 484;7;0;0;0;1;1
202200047453;729 483;7;2;0;1;1;1
202200047454;729 482;7;17;0;1;1;1
202200047455;729 480;7;0;2;3;5;1
202200047455;729 481;17;0;2;3;1;1
202200047456;729 477;7;0;0;0;0;1
202200047456;729 478;7;1;0;1;0;2
202200047456;729 479;7;1;0;1;0;1
202200047457;729 476;7;2;0;8;13;1
202200047458;729 474;14;0;2;2;2;1
202200047458;729 475;7;0;2;6;2;1
202200047459;729 473;7;0;0;1;1;1
202200047460;729 471;50;0;2;7;1;3
202200047460;729 472;7;0;2;2;1;1
202200047461;729 468;7;0;2;1;1;1
202200047461;729 469;7;0;2;3;21;1
202200047461;729 470;7;0;2;5;9;1
202200047462;729 467;7;0;1;2;1;1
202200047463;729 465;7;0;2;1;13;1
202200047463;729 466;7;0;2;1;1;1
202200047464;729 463;7;0;9;2;2;1
202200047464;729 464;80;0;0;8;2;3
202200047465;729 460;10;3;2;1;2;1
202200047465;729 461;10;0;2;4;23;1
202200047465;729 462;7;0;2;4;23;1
202200047466;729 458;7;0;2;1;2;1
202200047466;729 459;7;0;2;4;2;1
202200047467;729 457;7;4;0;1;1;1
202200047468;729 456;7;3;0;0;1;1
202200047469;729 455;7;13;0;0;1;1
202200047470;729 453;7;0;2;8;19;1
202200047470;729 454;7;0;2;3;1;1
202200047471;729 452;7;3;0;0;26;1
202200047472;729 451;43;0;0;1;3;1
202200047473;729 450;7;3;0;7;1;1
202200047474;729 448;7;0;2;1;2;0
202200047474;729 449;7;0;2;4;2;0
202200047475;729 446;7;0;2;8;11;1
202200047475;729 447;33;0;2;1;3;1
202200047476;729 445;7;3;0;9;2;1
202200047477;729 444;7;14;0;1;13;1
202200047478;729 442;30;0;2;5;1;1
202200047478;729 443;7;0;2;2;16;1
202200047479;729 439;7;0;2;1;1;1
202200047479;729 440;7;0;2;4;1;1
202200047479;729 441;7;0;0;4;1;1
202200047480;729 437;10;0;2;3;1;1
202200047480;729 438;7;0;2;5;1;1
202200047481;729 434;7;0;2;0;2;0
202200047481;729 435;7;0;2;0;0;1
202200047481;729 436;7;1;0;0;0;1
202200047482;729 432;7;0;2;4;2;1
202200047482;729 433;7;1;0;1;2;1
202200047483;729 431;7;0;1;2;2;0
202200047484;729 430;10;12;0;5;1;1
202200047485;729 428;7;0;2;5;1;1
202200047485;729 429;7;0;2;1;9;1
202200047486;729 426;7;0;2;4;2;1
202200047486;729 427;7;0;2;1;2;1
202200047487;729 424;7;0;2;1;1;1
202200047487;729 425;7;0;2;3;1;1
202200047488;729 422;99;9;0;0;0;3
202200047488;729 423;7;9;0;2;1;1
202200047489;729 421;7;0;1;1;15;1
202200047490;729 420;7;0;0;0;26;1
202200047491;729 418;7;0;2;1;2;1
202200047491;729 419;7;0;0;4;2;1
202200047492;729 416;32;11;2;1;11;1
202200047492;729 417;7;11;2;6;11;1
202200047493;729 414;50;0;2;1;1;3
202200047493;729 415;50;0;2;6;1;3
202200047494;729 413;7;2;0;7;21;1
202200047495;729 411;30;0;2;4;1;3
202200047495;729 412;7;0;2;1;1;0
202200047496;729 409;7;0;2;1;1;1
202200047496;729 410;7;0;2;4;1;2
202200047497;729 407;3;14;0;1;2;3
202200047497;729 408;33;0;2;4;23;1
202200047498;729 405;30;0;2;2;1;1
202200047498;729 406;7;0;2;6;10;0
202200047499;729 403;7;0;2;3;15;1
202200047499;729 404;2;0;2;8;1;1
202200047500;729 402;32;0;0;8;1;1
202200047501;729 401;7;0;1;2;21;2
202200047502;729 399;7;0;2;2;9;1
202200047502;729 400;32;0;2;1;1;3
202200047503;729 398;7;4;0;1;5;1
202200047504;729 396;7;0;2;6;1;2
202200047504;729 397;30;0;2;2;15;1
202200047505;729 394;1;0;2;1;1;5
202200047505;729 395;7;0;2;5;22;2
202200047506;729 393;1;0;1;1;5;5
202200047507;729 392;7;8;0;1;21;1
202200047508;729 390;7;0;2;0;13;1
202200047508;729 391;2;0;2;0;1;1
202200047509;729 388;7;0;2;8;26;1
202200047509;729 389;7;0;2;1;1;1
202200047510;729 386;7;0;2;4;23;1
202200047510;729 387;7;0;2;1;0;1
202200047511;729 385;10;8;0;2;14;0
202200047512;729 383;7;0;2;1;19;1
202200047512;729 384;7;0;2;8;1;1
202200047513;729 382;7;0;1;1;2;1
202200047514;729 380;7;3;0;6;1;1
202200047514;729 381;7;0;2;3;2;1
202200047515;729 379;7;0;1;1;2;1
202200047516;729 377;7;0;2;1;2;1
202200047516;729 378;17;0;0;5;2;1
202200047517;729 376;7;3;0;1;13;1
202200047518;729 375;7;17;0;1;13;1
202200047519;729 373;7;0;2;2;9;1
202200047519;729 374;1;0;0;4;1;5
202200047520;729 371;33;0;2;2;17;1
202200047520;729 372;7;0;2;3;15;1
202200047521;729 367;31;0;0;1;1;1
202200047521;729 368;7;0;2;1;1;1
202200047522;729 365;7;13;2;3;1;1
202200047522;729 366;7;0;2;1;16;1
202200047523;729 363;7;0;2;1;1;3
202200047523;729 364;10;0;2;1;1;1
202200047524;729 360;7;3;2;1;5;1
202200047524;729 361;7;0;2;1;1;1
202200047524;729 362;7;0;2;1;1;1
202200047525;729 358;1;0;2;4;1;5
202200047525;729 359;7;0;2;1;17;1
202200047526;729 355;7;0;2;8;1;1
202200047526;729 356;15;0;2;8;1;1
202200047526;729 357;7;0;2;3;5;1
202200047527;729 354;7;2;0;1;1;1
202200047528;729 352;7;0;2;1;1;1
202200047528;729 353;7;0;0;8;16;1
202200047529;729 351;7;13;0;1;14;1
202200047530;729 350;7;0;1;1;19;1
202200047531;729 349;7;0;1;5;20;1
202200047532;729 348;31;0;0;0;1;1
202200047533;729 345;7;0;2;3;1;1
202200047533;729 346;1;0;2;1;1;5
202200047534;729 344;7;2;0;1;1;1
202200047535;729 342;7;0;2;3;5;1
202200047535;729 343;7;0;2;3;1;1
202200047536;729 340;33;0;2;8;1;1
202200047536;729 341;10;0;2;1;1;1
202200047537;729 339;7;13;0;1;1;1
202200047538;729 338;7;3;0;3;1;1
202200047539;729 336;7;0;2;0;15;1
202200047539;729 337;2;0;2;0;0;1
202200047540;729 334;7;0;2;6;9;1
202200047540;729 335;33;0;2;0;1;0
202200047541;729 331;7;0;2;1;1;2
202200047541;729 332;7;1;2;5;24;1
202200047541;729 333;7;1;2;8;13;1
202200047542;729 329;7;13;0;9;14;1
202200047543;729 328;7;8;0;1;1;1
202200047544;729 326;7;2;2;2;1;1
202200047544;729 327;7;0;2;1;1;1
202200047545;729 324;7;0;2;3;1;1
202200047545;729 325;7;0;2;1;13;1
202200047546;729 323;10;2;0;2;1;1
202200047547;729 321;33;0;2;1;1;1
202200047547;729 322;7;0;0;6;10;1
202200047548;729 318;10;0;0;2;17;1
202200047548;729 319;17;0;2;1;1;1
202200047548;729 320;7;0;2;1;17;1
202200047549;729 317;7;6;0;2;18;1
202200047550;729 315;7;0;2;1;2;1
202200047550;729 316;7;0;2;4;2;2
202200047551;729 314;7;4;0;3;26;1
202200047552;729 311;7;0;2;7;2;1
202200047552;729 312;7;0;2;6;9;2
202200047552;729 313;7;0;2;2;2;1
202200047553;729 310;7;4;0;2;2;1
202200047554;729 309;7;0;0;9;1;1
202200047555;729 308;7;4;0;3;1;1
202200047556;729 307;7;4;0;3;13;1
202200047557;729 306;7;4;0;3;26;1
202200047558;729 305;7;15;0;1;1;1
202200047559;729 303;7;4;0;1;26;1
202200047559;729 304;7;14;1;1;26;1
202200047560;729 302;7;0;9;1;1;1
202200047561;729 301;7;3;0;1;26;1
202200047562;729 299;7;0;2;1;1;1
202200047562;729 300;7;4;2;1;9;1
202200047563;729 298;7;4;0;1;1;1
202200047564;729 297;7;4;0;3;13;1
202200047565;729 296;7;6;0;1;1;1
202200047566;729 295;10;0;1;2;15;1
202200047567;729 293;33;0;0;7;16;1
202200047568;729 291;7;0;2;2;11;1
202200047568;729 292;7;0;2;5;2;1
202200047569;729 290;7;0;1;1;14;1
202200047570;729 287;14;0;2;1;2;1
202200047570;729 288;7;0;2;1;2;1
202200047570;729 289;7;0;2;4;2;1
202200047571;729 285;7;0;2;3;1;1
202200047571;729 286;31;0;2;2;9;1
202200047572;729 283;7;0;0;7;26;2
202200047572;729 284;2;0;2;1;19;1
202200047573;729 282;7;1;0;1;1;1
202200047574;729 278;7;0;2;2;9;1
202200047574;729 279;7;0;2;1;13;1
202200047575;729 276;7;0;2;1;2;0
202200047575;729 277;50;0;2;7;5;3
202200047576;729 274;2;0;2;1;1;1
202200047576;729 275;7;0;2;3;9;1
202200047577;729 272;7;0;2;6;15;1
202200047577;729 273;33;0;2;1;17;1
202200047578;729 263;7;0;2;4;0;1
202200047578;729 264;7;1;2;1;2;1
202200047578;729 265;7;0;2;4;2;1
202200047578;729 266;7;0;2;6;2;1
202200047578;729 267;7;0;2;4;2;1
202200047578;729 268;7;0;2;6;0;1
202200047578;729 269;7;0;2;4;0;1
202200047578;729 270;7;0;2;4;0;1
202200047578;729 271;7;0;2;4;0;1
202200047579;729 262;7;0;1;2;1;1
202200047580;729 260;7;0;2;3;13;1
202200047580;729 261;10;0;2;3;1;1
202200047581;729 259;7;1;0;1;14;1
202200047582;729 258;7;0;1;3;1;1
202200047583;729 257;7;0;0;1;26;1
202200047584;729 255;7;0;2;1;2;1
202200047584;729 256;7;0;2;4;1;1
202200047585;729 254;30;0;1;1;2;1
202200047586;729 252;7;0;2;1;2;1
202200047586;729 253;7;0;2;5;1;1
202200047587;729 250;7;0;2;1;1;1
202200047587;729 251;31;0;2;2;9;1
202200047588;729 248;7;0;2;7;19;1
202200047588;729 249;7;0;2;1;19;1
202200047589;729 246;7;0;0;0;15;1
202200047589;729 247;10;0;1;3;1;1
202200047590;729 245;7;0;1;2;1;1
202200047591;729 244;7;0;1;2;15;1
202200047592;729 242;7;0;2;1;2;1
202200047592;729 243;7;0;2;4;1;1
202200047593;729 240;1;0;2;7;1;5
202200047593;729 241;7;0;2;3;9;0
202200047594;729 238;10;0;2;1;1;1
202200047594;729 239;7;0;2;4;11;1
202200047595;729 237;7;0;1;2;1;1
202200047596;729 236;7;0;1;1;1;1
202200047597;729 235;10;1;0;2;26;1
202200047598;729 233;32;0;2;1;1;1
202200047598;729 234;7;0;2;4;1;1
202200047599;729 232;7;0;1;2;1;0
202200047600;729 230;2;0;2;2;1;0
202200047600;729 231;7;0;2;3;0;0
202200047601;729 229;7;0;0;9;1;1
202200047602;729 228;7;1;0;1;14;1
202200047603;729 226;7;0;2;3;9;1
202200047603;729 227;2;0;2;7;1;1
202200047604;729 225;7;0;1;1;15;2
202200047605;729 223;7;9;2;2;1;3
202200047605;729 224;10;0;2;6;1;1
202200047606;729 221;7;0;2;3;1;1
202200047606;729 222;30;0;2;1;15;1
202200047607;729 220;7;0;1;2;1;1
202200047608;729 219;7;4;0;1;1;1
202200047609;729 218;7;0;1;1;16;2
202200047610;729 217;34;0;0;0;1;0
202200047611;729 216;43;0;1;8;1;1
202200047612;729 214;7;0;2;4;10;1
202200047612;729 215;1;0;2;1;1;5
202200047613;729 213;37;0;1;5;16;6
202200047614;729 212;7;9;0;2;7;1
202200047615;729 210;32;0;2;8;1;1
202200047615;729 211;7;0;2;7;15;1
202200047616;729 208;30;0;2;2;1;1
202200047616;729 209;7;0;2;3;9;1
202200047617;729 206;50;0;2;1;19;3
202200047617;729 207;7;0;2;7;1;1
202200047618;729 204;30;0;9;1;26;1
202200047618;729 205;1;0;2;7;1;5
202200047619;729 202;60;0;2;1;25;5
202200047619;729 203;7;0;2;2;1;1
202200047620;729 200;7;0;2;1;1;1
202200047620;729 201;7;0;2;4;2;1
202200047621;729 199;7;0;1;1;1;1
202200047622;729 198;7;0;1;2;2;1
202200047623;729 195;7;0;2;4;23;1
202200047623;729 196;7;0;2;1;2;1
202200047623;729 197;7;0;2;4;2;1
202200047624;729 194;7;1;1;1;21;1
202200047625;729 193;7;0;1;1;9;1
202200047626;729 192;37;0;1;7;1;1
202200047627;729 190;7;0;2;1;1;1
202200047627;729 191;7;0;2;5;1;1
202200047628;729 188;60;0;2;1;2;5
202200047628;729 189;7;0;9;7;22;1
202200047629;729 186;2;0;2;1;1;1
202200047629;729 187;7;0;2;2;15;1
202200047630;729 185;7;13;0;0;1;1
202200047631;729 184;7;8;0;9;1;1
202200047632;729 182;34;0;2;1;1;1
202200047632;729 183;7;0;2;6;19;1
202200047633;729 180;33;0;2;3;1;1
202200047633;729 181;7;0;2;3;15;1
202200047634;729 178;7;0;2;2;26;1
202200047634;729 179;7;0;2;3;26;1
202200047635;729 177;7;0;1;1;2;1
202200047636;729 175;7;0;2;3;9;1
202200047636;729 176;50;0;2;8;0;3
202200047637;729 174;30;0;0;8;1;1
202200047638;729 173;7;0;1;3;1;1
202200047639;729 170;37;0;1;1;1;2
202200047640;729 168;7;0;2;1;16;1
202200047640;729 169;80;0;2;1;1;3
202200047641;729 166;33;0;2;2;1;1
202200047641;729 167;10;0;2;1;11;1
202200047642;729 164;10;0;2;0;9;1
202200047642;729 165;1;0;2;7;1;5
202200047643;729 162;7;0;2;6;1;1
202200047643;729 163;1;0;2;1;19;5
202200047644;729 160;10;0;2;3;15;3
202200047644;729 161;33;0;2;1;1;1
202200047645;729 157;7;0;2;4;23;1
202200047645;729 158;7;0;2;4;1;1
202200047645;729 159;7;0;2;1;1;1
202200047646;729 155;32;0;2;1;2;1
202200047646;729 156;7;0;2;5;16;1
202200047647;729 153;7;0;0;5;2;0
202200047647;729 154;33;0;2;1;21;1
202200047648;729 151;34;0;2;7;17;1
202200047648;729 152;7;0;2;8;1;1
202200047649;729 149;10;0;2;3;15;1
202200047649;729 150;31;0;2;1;1;1
202200047650;729 147;50;0;2;1;1;3
202200047650;729 148;7;0;2;3;19;1
202200047651;729 146;10;0;1;3;10;1
202200047652;729 144;37;0;2;3;1;1
202200047652;729 145;7;0;2;0;17;1
202200047653;729 142;33;0;9;1;1;1
202200047653;729 143;10;0;9;0;1;1
202200047654;729 140;1;0;2;0;0;5
202200047654;729 141;7;0;9;0;9;1
202200047655;729 139;30;0;0;0;26;1
202200047656;729 137;1;0;2;5;19;5
202200047656;729 138;7;0;2;1;1;1
202200047657;729 131;7;0;2;1;13;0
202200047657;729 132;7;0;2;1;1;0
202200047658;729 130;32;0;0;1;1;1
202200047659;729 128;7;0;2;4;2;1
202200047659;729 129;7;0;2;1;2;1
202200047660;729 127;32;0;2;1;26;0
202200047661;729 125;7;0;2;5;16;1
202200047661;729 126;43;0;2;7;26;1
202200047662;729 123;7;0;2;3;19;1
202200047662;729 124;50;0;2;1;5;3
202200047663;729 121;7;16;2;1;5;1
202200047663;729 122;7;0;2;1;2;6
202200047664;729 119;34;0;2;2;9;1
202200047664;729 120;7;0;2;1;9;1
202200047665;729 117;7;0;2;1;1;1
202200047665;729 118;31;0;0;4;23;1
202200047666;729 116;31;0;0;7;1;1
202200047667;729 112;33;0;2;1;3;1
202200047667;729 113;7;0;2;3;11;1
202200047667;729 114;7;0;2;7;1;1
202200047667;729 115;7;0;2;4;1;1
202200047668;729 111;32;4;0;1;21;1
202200047669;729 110;33;4;0;1;12;1
202200047670;729 109;7;14;0;1;1;3
202200047671;729 107;7;0;2;5;16;1
202200047671;729 108;1;0;2;0;1;5
202200047672;729 105;7;0;2;3;9;1
202200047672;729 106;32;0;2;1;1;1
202200047673;729 103;10;0;2;6;24;1
202200047673;729 104;14;1;2;5;14;1
202200047674;729 102;1;0;0;0;1;5
202200047675;729 101;30;0;0;1;21;3
202200047676;729 099;33;0;2;4;10;1
202200047676;729 100;30;0;2;1;1;1
202200047677;729 098;7;0;1;3;9;0
202200047678;729 095;14;0;2;8;24;1
202200047678;729 096;33;0;2;7;18;1
202200047678;729 097;38;0;2;7;14;1
202200047679;729 093;7;0;2;3;1;1
202200047679;729 094;33;0;2;3;1;1
202200047680;729 092;33;14;0;8;10;1
202200047681;729 090;7;0;2;3;1;2
202200047681;729 091;1;0;2;7;1;5
202200047682;729 088;2;1;2;3;18;1
202200047682;729 089;7;1;2;2;20;1
202200047683;729 084;7;0;2;5;1;1
202200047683;729 086;7;0;2;3;1;2
202200047684;729 080;7;0;9;1;2;1
202200047684;729 081;7;0;9;1;2;1
202200047684;729 082;7;0;2;2;2;1
202200047684;729 083;7;0;9;1;2;0
202200047684;729 085;7;0;9;1;2;0
202200047684;729 087;13;0;2;4;2;0
202200047685;729 079;7;0;1;3;16;1
202200047686;729 077;7;0;2;6;11;1
202200047686;729 078;43;0;2;7;0;1
202200047687;729 075;7;0;0;9;1;1
202200047688;729 074;32;0;2;1;1;1
202200047688;729 076;10;0;2;7;1;1
202200047689;729 072;7;0;0;5;12;1
202200047689;729 073;7;0;2;2;1;1
202200047690;729 070;33;0;2;1;1;1
202200047690;729 071;7;0;2;2;13;1
202200047691;729 069;7;0;1;2;1;1
202200047692;729 066;10;0;2;1;1;1
202200047692;729 068;7;;2;4;23;1
202200047693;729 064;32;16;0;1;1;1
202200047694;729 065;10;1;0;0;0;0
202200047694;729 067;31;0;2;1;1;1
202200047695;729 062;33;3;2;7;3;1
202200047695;729 063;7;3;2;3;11;1
202200047696;729 059;7;0;2;6;11;1
202200047696;729 060;33;0;2;2;3;1
202200047697;729 058;7;0;2;1;1;1
202200047697;729 061;7;9;2;7;16;1
202200047698;729 056;7;0;2;4;12;1
202200047698;729 057;33;0;2;1;3;1
202200047699;729 053;7;0;2;7;12;1
202200047699;729 054;33;3;2;8;3;1
202200047700;729 055;7;0;1;7;0;1
202200047701;729 049;43;0;2;4;3;1
202200047701;729 050;43;0;2;1;3;1
202200047701;729 052;7;0;2;2;2;1
202200047702;729 048;2;12;2;0;1;1
202200047702;729 051;10;15;2;0;4;0
202200047703;729 047;7;1;0;6;26;1
202200047704;729 045;15;0;2;2;14;1
202200047704;729 046;7;0;2;3;2;1
202200047705;729 042;42;0;2;1;12;0
202200047705;729 043;7;0;2;4;23;1
202200047706;729 038;7;0;2;4;2;1
202200047706;729 040;7;0;2;4;2;2
202200047706;729 041;7;0;2;0;0;1
202200047707;729 039;7;0;2;0;0;1
202200047707;729 044;7;0;2;2;9;1
202200047708;729 035;7;0;2;4;1;1
202200047708;729 037;7;0;2;1;1;1
202200047709;729 036;7;0;1;3;15;2
202200047710;729 033;7;0;2;4;2;1
202200047710;729 034;7;0;2;1;1;1
202200047711;729 032;99;0;1;1;1;0
202200047712;729 029;7;0;2;1;1;1
202200047712;729 030;7;0;2;4;1;1
202200047712;729 031;7;0;2;4;0;1
202200047713;729 027;7;6;0;7;0;1
202200047714;729 026;7;0;2;4;24;1
202200047714;729 028;7;1;0;2;13;1