Num_Acc;id_vehicule;categorie_vehicule;obstacle_fixe;obstacle_mobile;point_choc_initial;manoeuvre_principale;motorisation
202200047715;729 025;10;0;1;3;1;3
202200047716;729 021;7;0;2;7;12;1
202200047716;729 023;32;0;2;3;3;1
202200047716;729 024;33;0;2;1;3;1
202200047717;729 022;7;0;1;2;15;1
202200047718;729 015;33;0;2;2;17;1
202200047718;729 016;33;0;2;8;3;1
202200047718;729 018;7;0;2;5;1;2
202200047718;729 019;33;0;2;3;2;1
202200047718;729 020;31;0;2;5;3;1
202200047719;729 014;0;0;2;4;4;0
202200047719;729 017;10;0;1;4;1;0
202200047720;729 011;50;0;2;1;1;3
202200047720;729 012;7;0;2;2;16;1
202200047721;729 013;50;0;0;0;1;3
202200047722;729 009;7;0;2;7;15;2
202200047722;729 010;30;0;2;8;1;3
202200047723;729 008;10;0;1;1;16;1
202200047724;729 007;33;0;1;1;1;1
202200047725;729 005;50;0;2;1;1;3
202200047725;729 006;7;0;2;2;16;1
202200047726;729 004;31;0;1;1;14;1
202200047727;729 003;2;0;0;2;1;1
202200047728;729 001;1;0;2;1;1;5
202200047728;729 002;10;0;2;2;15;1
202200047729;728 997;50;0;2;7;1;3
202200047729;729 000;7;0;9;1;9;3
202200047730;728 999;34;0;1;1;1;1
202200047731;728 995;7;2;0;1;1;1
202200047732;728 993;33;4;0;3;2;1
202200047732;728 996;10;0;0;5;2;1
202200047732;728 998;10;4;0;3;10;1
202200047733;728 994;32;0;1;1;1;1
202200047734;728 991;7;14;0;4;2;0
202200047734;728 992;7;0;2;4;2;0
202200047735;728 990;37;0;0;0;26;1
202200047736;728 989;80;0;1;1;1;3
202200047737;728 988;7;1;1;2;26;1
202200047738;728 985;7;0;2;3;9;1
202200047738;728 987;33;0;2;1;1;1
202200047739;728 984;7;0;2;7;1;1
202200047739;728 986;33;0;2;7;1;1
202200047740;728 979;10;0;2;2;13;1
202200047740;728 981;10;0;2;3;21;1
202200047741;728 980;7;0;1;1;1;1
202200047742;728 977;7;0;2;3;23;1
202200047742;728 978;7;0;2;6;23;1
202200047742;728 982;7;12;0;2;15;1
202200047743;728 971;7;0;1;2;1;1
202200047744;728 973;80;0;2;1;13;3
202200047744;728 975;1;0;2;1;1;5
202200047745;728 968;1;0;2;1;1;5
202200047745;728 970;10;0;2;3;13;1
202200047746;728 966;7;0;2;6;10;1
202200047746;728 969;33;0;2;1;1;1
202200047747;728 965;7;0;2;0;22;1
202200047747;728 967;1;0;2;0;21;5
202200047748;728 964;33;9;0;1;0;1
202200047749;728 962;7;0;0;2;26;1
202200047750;728 961;1;0;2;0;1;5
202200047750;728 963;7;0;2;0;9;1
202200047751;728 960;33;13;0;0;17;1
202200047752;728 958;7;0;2;3;15;1
202200047752;728 959;2;0;2;3;1;1
202200047753;728 956;33;12;0;1;10;1
202200047754;728 955;7;0;0;0;0;1
202200047754;728 957;1;0;2;1;0;5
202200047755;728 953;50;0;2;8;15;3
202200047755;728 954;2;0;9;1;1;3
202200047756;728 951;7;0;1;3;1;1
202200047757;728 950;10;9;2;1;1;1
202200047757;728 952;7;0;2;1;1;1
202200047758;728 948;7;0;2;5;23;1
202200047758;728 949;7;7;1;1;2;1
202200047759;728 945;31;0;2;1;1;1
202200047759;728 947;7;0;2;3;10;1
202200047760;728 944;10;0;1;6;4;1
202200047761;728 943;7;0;2;7;9;1
202200047761;728 946;7;0;2;1;1;1
202200047762;728 941;7;0;1;4;26;1
202200047763;728 939;7;0;2;4;13;1
202200047763;728 940;7;0;2;1;1;1
202200047764;728 938;7;0;2;3;15;1
202200047764;728 942;33;0;2;1;1;1
202200047765;728 937;7;0;1;1;1;1
202200047766;728 936;7;0;1;2;2;2
202200047767;728 934;7;0;2;1;13;1
202200047767;728 935;7;0;2;1;1;1
202200047768;728 933;13;0;1;5;26;1
202200047769;728 930;7;2;0;1;14;1
202200047770;728 929;33;0;2;1;1;1
202200047770;728 932;7;0;2;1;1;1
202200047771;728 928;32;0;2;7;21;1
202200047771;728 931;10;0;0;0;13;0
202200047772;728 926;7;2;0;1;13;1
202200047773;728 923;7;16;1;1;1;1
202200047774;728 924;7;0;2;8;1;2
202200047774;728 925;7;3;2;7;1;1
202200047774;728 927;7;3;2;3;9;1
202200047775;728 921;7;0;2;8;22;1
202200047775;728 922;1;1;0;1;1;5
202200047776;728 918;2;1;0;1;1;1
202200047776;728 919;13;0;0;5;23;1
202200047777;728 917;50;0;0;0;26;3
202200047778;728 916;7;0;2;1;1;1
202200047778;728 920;7;0;2;1;13;1
202200047779;728 912;80;15;2;8;1;3
202200047779;728 914;1;15;2;3;1;5
202200047779;728 915;15;0;2;2;1;1
202200047780;728 910;7;0;2;1;9;1
202200047780;728 913;50;0;2;7;1;3
202200047781;728 909;7;0;1;2;19;1
202200047782;728 908;32;0;2;1;1;1
202200047782;728 911;7;0;2;2;15;1
202200047783;728 907;33;16;0;8;1;1
202200047784;728 905;2;0;2;1;9;1
202200047784;728 906;7;0;2;3;15;1
202200047785;728 904;50;15;0;1;1;3
202200047786;728 903;10;15;0;2;10;1
202200047787;728 901;33;0;2;1;1;1
202200047787;728 902;7;0;2;3;15;1
202200047788;728 899;40;0;9;2;1;3
202200047788;728 900;1;0;4;4;19;5
202200047789;728 898;10;0;1;2;1;0
202200047790;728 897;7;15;0;1;0;1
202200047791;728 894;7;0;2;2;1;1
202200047791;728 896;7;0;2;6;1;1
202200047792;728 893;7;0;1;2;0;1
202200047793;728 892;33;2;2;9;17;1
202200047793;728 895;10;0;9;5;15;1
202200047794;728 889;31;0;2;1;1;1
202200047794;728 891;7;0;2;1;15;1
202200047795;728 888;21;0;2;2;16;1
202200047795;728 890;33;0;2;3;18;1
202200047796;728 885;1;0;2;8;1;5
202200047796;728 887;7;0;2;1;1;1
202200047797;728 883;7;0;9;1;26;1
202200047797;728 886;1;0;2;1;26;5
202200047798;728 881;7;0;2;2;1;1
202200047798;728 884;7;0;2;3;1;1
202200047799;728 880;7;0;2;1;1;1
202200047799;728 882;10;0;2;2;15;1
202200047800;728 878;10;0;1;1;15;1
202200047801;728 877;33;13;0;1;26;1
202200047802;728 876;7;0;9;2;1;1
202200047802;728 879;37;0;2;6;24;1
202200047803;728 874;33;0;0;0;26;1
202200047804;728 873;7;7;2;2;15;1
202200047804;728 875;7;0;2;1;1;1
202200047805;728 870;7;0;2;3;13;1
202200047805;728 871;7;0;2;8;1;1
202200047805;728 872;7;0;2;3;1;1
202200047806;728 869;7;13;0;1;1;1
202200047807;728 864;33;17;0;1;0;1
202200047808;728 866;10;0;2;1;2;1
202200047808;728 868;17;4;0;2;2;1
202200047809;728 865;7;0;2;1;1;1
202200047809;728 867;1;0;2;4;2;5
202200047810;728 863;33;0;0;9;1;1
202200047811;728 860;7;0;2;1;1;1
202200047811;728 862;7;0;2;8;1;1
202200047812;728 861;7;0;1;3;15;1
202200047813;728 859;33;16;0;0;17;1
202200047814;728 858;7;6;0;1;1;1
202200047815;728 857;7;6;0;1;13;1
202200047816;728 856;7;1;1;3;26;1
202200047817;728 854;7;0;1;3;15;1
202200047818;728 853;33;0;0;9;17;1
202200047819;728 851;7;0;2;3;1;1
202200047819;728 855;2;0;2;8;9;1
202200047820;728 849;37;0;0;0;0;6
202200047820;728 852;7;0;2;6;11;1
202200047821;728 847;7;0;9;0;9;1
202200047821;728 850;60;0;2;0;1;5
202200047822;728 846;7;0;0;9;26;1
202200047823;728 844;7;0;1;1;16;1
202200047824;728 845;7;6;2;2;19;1
202200047824;728 848;7;0;2;1;1;1
202200047825;728 839;30;0;2;7;21;1
202200047825;728 842;7;0;2;3;26;1
202200047826;728 837;7;0;2;1;1;0
202200047826;728 841;7;0;2;9;1;0
202200047826;728 843;7;0;2;4;1;0
202200047827;728 838;37;0;1;1;1;1
202200047828;728 836;7;6;0;1;13;1
202200047829;728 833;32;5;0;0;0;1
202200047830;728 832;7;0;1;5;20;1
202200047831;728 835;7;8;2;1;13;1
202200047831;728 840;7;0;2;1;1;1
202200047832;728 831;7;0;2;4;2;1
202200047832;728 834;30;0;2;1;2;1
202200047833;728 828;7;0;2;1;1;1
202200047833;728 830;7;0;2;1;13;1
202200047834;728 824;15;0;2;2;1;1
202200047834;728 829;7;0;2;8;1;1
202200047835;728 822;2;9;0;3;5;0
202200047836;728 823;7;17;0;1;13;1
202200047837;728 826;31;0;2;1;17;1
202200047837;728 827;7;0;9;6;15;1
202200047838;728 821;17;0;1;7;26;1
202200047839;728 815;7;0;2;3;1;1
202200047839;728 818;2;0;2;1;15;1
202200047840;728 816;7;0;2;8;1;1
202200047840;728 825;7;0;2;1;1;1
202200047841;728 814;32;0;2;4;2;1
202200047841;728 819;7;0;2;4;2;1
202200047841;728 820;7;0;2;1;2;1
202200047842;728 810;10;0;2;1;13;1
202200047842;728 813;7;0;2;1;1;1
202200047843;728 812;2;0;2;3;1;1
202200047843;728 817;7;0;2;3;1;1
202200047844;728 809;2;0;2;1;17;1
202200047844;728 811;7;0;2;7;15;1
202200047845;728 807;7;0;1;2;1;1
202200047846;728 806;7;1;0;1;26;1
202200047847;728 804;7;0;2;1;9;1
202200047847;728 808;50;0;0;0;0;3
202200047848;728 805;10;13;0;1;1;1
202200047849;728 801;7;0;2;2;15;1
202200047849;728 803;30;0;2;1;18;1
202200047850;728 802;2;0;1;1;17;1
202200047851;728 796;7;0;2;4;23;1
202200047851;728 799;10;0;2;1;2;1
202200047852;728 794;31;0;0;0;0;3
202200047853;728 798;7;0;2;1;15;1
202200047853;728 800;30;0;2;1;1;1
202200047854;728 792;10;0;2;8;1;1
202200047854;728 795;30;0;2;1;1;1
202200047855;728 793;7;0;2;2;2;1
202200047855;728 797;1;0;2;4;2;5
202200047856;728 790;33;0;0;0;15;1
202200047857;728 789;80;0;2;3;1;3
202200047857;728 791;10;0;2;2;14;1
202200047858;728 787;7;1;0;2;26;1
202200047858;728 788;7;0;2;6;23;1
202200047859;728 781;7;0;2;3;9;1
202200047859;728 784;33;0;2;1;1;1
202200047860;728 780;7;0;9;2;1;1
202200047860;728 785;50;0;2;1;1;3
202200047861;728 782;7;0;2;3;26;1
202200047861;728 783;7;0;2;2;1;1
202200047862;728 776;7;0;2;1;15;1
202200047862;728 779;7;0;2;1;15;1
202200047863;728 778;7;0;2;1;1;1
202200047863;728 786;7;0;2;8;19;1
202200047864;728 770;7;0;0;3;20;1
202200047864;728 773;7;1;1;2;1;1
202200047864;728 777;7;0;0;4;20;1
202200047865;728 772;7;0;2;3;0;1
202200047865;728 775;7;0;2;3;26;1
202200047866;728 771;60;1;2;1;19;5
202200047866;728 774;7;1;2;3;1;1
202200047867;728 767;7;0;2;4;23;1
202200047867;728 769;10;0;2;1;2;1
202200047868;728 765;99;0;1;3;1;1
202200047869;728 764;33;13;2;7;1;1
202200047869;728 768;7;0;2;1;1;1
202200047870;728 762;7;0;2;0;26;2
202200047870;728 766;50;0;2;1;1;3
202200047871;728 758;34;0;;;;
202200047871;728 760;99;0;0;0;;
202200047872;728 759;7;0;2;4;23;1
202200047872;728 761;7;0;2;4;2;1
202200047872;728 763;7;0;2;1;2;1
202200047873;728 756;1;0;0;0;26;5
202200047874;728 755;15;0;9;1;9;1
202200047874;728 757;1;0;2;7;1;5
202200047875;728 752;7;0;2;1;2;1
202200047875;728 754;1;0;2;4;2;5
202200047876;728 751;7;17;0;1;13;1
202200047877;728 750;7;0;1;0;26;1
202200047878;728 753;7;13;0;1;14;1
202200047879;728 748;50;0;0;0;1;3
202200047880;728 747;7;0;2;3;15;1
202200047880;728 749;1;0;2;1;1;0
202200047881;728 745;7;0;2;1;15;1
202200047882;728 741;7;0;2;2;26;1
202200047882;728 744;17;0;2;2;0;1
202200047883;728 742;7;0;2;3;1;1
202200047883;728 746;10;0;2;3;13;1
202200047884;728 739;7;0;2;3;13;1
202200047884;728 743;7;0;2;3;1;1
202200047885;728 736;7;0;2;1;2;1
202200047885;728 738;7;0;2;4;2;1
202200047886;728 737;2;0;2;1;2;1
202200047886;728 740;7;0;2;4;2;1
202200047887;728 730;21;0;2;6;1;1
202200047887;728 733;7;0;2;3;1;1
202200047888;728 731;7;0;2;1;1;1
202200047888;728 734;33;0;2;4;23;1
202200047889;728 729;7;0;2;1;1;1
202200047889;728 735;7;0;2;2;1;1
202200047890;728 727;7;6;0;1;0;1
202200047891;728 728;1;0;2;8;1;5
202200047891;728 732;7;0;2;2;2;1
202200047892;728 726;30;0;0;0;1;1
202200047893;728 725;7;0;0;1;13;1
202200047894;728 722;36;6;0;1;1;1
202200047895;728 720;0;0;0;0;0;0
202200047895;728 724;32;0;0;0;26;1
202200047896;728 721;7;0;1;8;1;1
202200047897;728 719;7;0;1;3;1;2
202200047898;728 717;7;0;0;0;0;1
202200047899;728 716;7;0;1;3;1;1
202200047900;728 714;2;6;0;1;1;1
202200047901;728 711;30;0;2;0;21;1
202200047902;728 710;7;0;1;3;1;1
202200047903;728 709;1;0;2;8;19;5
202200047903;728 712;7;0;2;2;26;1
202200047904;728 706;7;0;2;1;1;1
202200047904;728 713;7;0;2;6;13;1
202200047904;728 715;37;0;2;6;1;1
202200047905;728 705;7;0;2;3;16;1
202200047905;728 708;32;0;2;3;1;1
202200047906;728 704;10;0;2;1;16;1
202200047906;728 707;33;0;2;1;1;1
202200047907;728 701;20;0;1;1;1;1
202200047908;728 699;30;0;2;1;1;1
202200047908;728 703;7;0;2;7;15;1
202200047909;728 696;7;8;0;1;1;1
202200047910;728 694;2;0;1;1;2;1
202200047911;728 693;7;0;2;3;15;1
202200047911;728 697;30;0;2;1;2;1
202200047912;728 685;7;13;0;1;1;1
202200047913;728 686;7;0;2;8;9;1
202200047913;728 691;33;0;2;1;21;1
202200047914;728 684;10;0;2;1;1;1
202200047914;728 689;7;0;2;4;1;1
202200047914;728 690;7;0;2;4;23;1
202200047915;728 681;7;0;2;3;13;1
202200047915;728 688;10;0;2;3;0;1
202200047916;728 682;7;0;2;1;2;1
202200047916;728 687;7;0;2;4;2;1
202200047916;728 692;10;0;2;4;2;1
202200047916;728 695;10;0;2;4;2;1
202200047916;728 698;7;0;2;4;23;1
202200047916;728 700;7;0;2;0;23;1
202200047917;728 680;7;0;2;7;10;1
202200047917;728 683;7;0;2;1;1;1
202200047918;728 678;7;0;1;1;1;1
202200047919;728 676;7;2;0;3;1;1
202200047920;728 675;30;1;0;1;1;1
202200047921;728 674;7;0;0;0;0;1
202200047921;728 677;7;0;2;1;1;1
202200047922;728 673;10;0;2;2;15;1
202200047922;728 679;33;0;2;1;1;1
202200047923;728 671;7;0;1;1;10;1
202200047924;728 670;7;0;1;1;1;1
202200047925;728 667;7;0;1;3;1;1
202200047926;728 666;7;0;2;6;1;1
202200047926;728 668;7;0;2;2;1;1
202200047927;728 664;33;0;0;0;1;1
202200047928;728 663;7;2;0;1;14;1
202200047929;728 662;10;0;2;5;16;1
202200047929;728 665;1;0;2;8;1;5
202200047930;728 660;33;13;0;1;1;1
202200047931;728 658;7;0;2;1;2;1
202200047931;728 661;7;0;2;4;2;1
202200047932;728 659;7;0;1;3;16;1
202200047933;728 655;7;4;0;2;1;1
202200047934;728 654;7;0;2;1;1;1
202200047934;728 657;7;0;2;8;1;2
202200047935;728 652;7;0;1;2;1;1
202200047936;728 650;7;0;2;6;1;1
202200047936;728 653;34;0;2;1;3;1
202200047937;728 649;7;0;2;1;2;1
202200047937;728 651;7;0;2;4;2;1
202200047938;728 648;7;0;2;1;16;1
202200047938;728 656;7;0;2;3;15;1
202200047939;728 645;7;0;2;3;10;1
202200047939;728 647;33;0;2;1;1;1
202200047940;728 644;1;0;2;1;1;5
202200047940;728 646;7;0;2;8;22;1
202200047941;728 638;7;3;0;5;1;1
202200047941;728 641;7;0;2;3;18;1
202200047942;728 639;13;0;2;5;16;1
202200047942;728 642;80;0;2;1;1;3
202200047943;728 637;7;0;2;2;1;1
202200047943;728 643;7;9;2;0;19;1
202200047944;728 640;30;14;0;1;1;1
202200047945;728 636;37;0;0;0;9;1
202200047946;728 634;7;0;2;1;1;2
202200047946;728 635;50;0;2;7;19;3
202200047947;728 628;7;0;0;7;16;1
202200047947;728 632;60;0;2;1;1;5
202200047948;728 627;7;0;9;4;2;1
202200047948;728 631;33;0;2;1;2;1
202200047949;728 624;7;0;1;2;1;1
202200047950;728 625;10;0;2;1;2;1
202200047950;728 629;7;0;2;4;2;1
202200047950;728 633;7;0;2;4;2;1
202200047951;728 626;99;0;2;2;15;1
202200047951;728 630;33;0;2;3;0;1
202200047952;728 622;7;0;9;2;12;1
202200047952;728 623;1;3;2;4;15;5
202200047953;728 619;7;1;0;2;2;1
202200047953;728 621;17;0;2;6;24;0
202200047954;728 616;7;0;2;5;15;1
202200047954;728 620;7;0;2;2;1;1
202200047955;728 614;7;0;2;1;1;1
202200047955;728 617;7;0;2;1;3;1
202200047956;728 612;7;0;1;3;2;1
202200047957;728 606;32;0;2;1;1;1
202200047957;728 610;10;0;2;6;9;1
202200047958;728 604;7;0;9;5;16;1
202200047958;728 608;2;0;2;1;1;3
202200047959;728 605;7;0;2;1;1;1
202200047959;728 609;7;0;2;8;1;1
202200047960;728 602;50;0;0;1;14;3
202200047961;728 599;7;0;2;0;0;1
202200047961;728 603;7;0;2;0;0;1
202200047961;728 607;33;0;2;0;0;1
202200047962;728 596;7;0;0;3;15;1
202200047962;728 598;32;0;2;2;2;1
202200047963;728 595;7;0;1;5;1;1
202200047964;728 594;7;0;9;0;15;1
202200047964;728 597;1;0;2;1;0;5
202200047965;728 589;7;0;2;0;0;1
202200047965;728 592;33;0;2;8;0;1
202200047966;728 587;7;0;2;1;1;1
202200047966;728 590;7;0;2;1;1;3
202200047966;728 593;7;0;2;7;15;1
202200047967;728 585;30;0;1;1;17;1
202200047968;728 584;10;0;1;3;1;1
202200047969;728 582;7;0;2;3;13;1
202200047969;728 586;7;0;2;3;26;1
202200047970;728 583;10;0;2;5;2;1
202200047970;728 588;37;0;2;8;1;1
202200047970;728 591;33;0;2;3;1;1
202200047971;728 580;7;0;2;3;1;1
202200047971;728 581;1;0;2;1;1;5
202200047972;728 577;7;8;0;2;15;1
202200047973;728 575;7;8;1;2;1;1
202200047974;728 573;7;0;2;8;1;2
202200047974;728 579;7;0;2;1;1;1
202200047975;728 574;33;8;2;1;1;1
202200047975;728 578;7;0;2;3;15;1
202200047976;728 571;7;0;1;1;13;1
202200047977;728 570;10;0;2;1;2;1
202200047977;728 572;7;0;2;4;2;1
202200047977;728 576;10;0;2;4;2;1
202200047978;728 565;7;0;0;0;1;1
202200047979;728 566;7;0;2;2;10;1
202200047979;728 569;33;0;2;1;21;1
202200047980;728 563;43;0;2;2;2;1
202200047980;728 568;7;1;2;3;11;1
202200047981;728 560;7;0;2;1;15;1
202200047981;728 564;1;0;2;1;1;5
202200047982;728 562;7;0;0;8;9;1
202200047982;728 567;31;0;2;1;1;1
202200047983;728 553;7;0;2;1;2;1
202200047983;728 556;7;0;2;4;1;1
202200047983;728 559;33;0;2;8;0;1
202200047983;728 561;33;0;2;8;0;1
202200047984;728 555;30;0;1;8;17;1
202200047985;728 554;1;1;0;1;1;5
202200047985;728 558;7;0;2;7;24;1
202200047986;728 552;33;0;2;1;2;1
202200047986;728 557;37;0;0;4;23;1
202200047987;728 551;7;0;1;0;1;1
202200047988;728 550;10;0;1;2;1;1
202200047989;728 549;30;0;0;0;1;1
202200047990;728 545;34;0;2;1;2;1
202200047990;728 547;10;0;2;4;2;1
202200047991;728 544;1;0;2;0;1;5
202200047991;728 548;7;0;0;0;0;1
202200047992;728 543;7;2;0;1;1;1
202200047993;728 542;7;0;2;3;1;1
202200047993;728 546;7;0;2;3;1;1
202200047994;728 541;10;0;1;2;2;1
202200047995;728 539;1;0;0;0;0;5
202200047996;728 536;7;6;0;1;1;1
202200047997;728 535;2;0;2;1;1;1
202200047997;728 540;7;0;2;3;16;1
202200047998;728 532;14;0;2;4;2;1
202200047998;728 534;7;0;2;4;2;1
202200047998;728 538;7;0;2;1;2;1
202200047999;728 531;7;0;2;3;1;1
202200047999;728 537;7;0;2;3;13;1
202200048000;728 530;31;0;2;1;26;1
202200048000;728 533;0;0;2;4;26;0
202200048001;728 529;33;0;0;0;1;1
202200048002;728 528;32;11;0;0;26;1
202200048003;728 524;7;0;2;2;1;1
202200048003;728 527;1;0;2;1;19;5
202200048004;728 523;7;3;2;1;1;1
202200048004;728 526;7;4;2;4;1;1
202200048005;728 521;1;0;2;1;1;5
202200048005;728 525;50;0;2;1;17;3
202200048006;728 520;10;0;1;7;16;1
202200048007;728 519;80;0;0;3;1;3
202200048007;728 522;2;0;9;2;17;1
202200048008;728 517;7;8;0;1;1;1
202200048009;728 518;32;12;0;1;21;1
202200048010;728 516;7;0;1;8;1;1
202200048011;728 515;7;13;0;0;1;1
202200048012;728 514;7;17;0;2;1;1
202200048013;728 509;7;0;1;1;1;1
202200048014;728 507;7;0;2;2;14;1
202200048014;728 512;33;0;2;1;1;1
202200048015;728 508;33;0;0;9;1;1
202200048016;728 505;7;0;1;3;0;1
202200048017;728 506;7;0;2;6;2;1
202200048017;728 511;7;0;2;1;2;1
202200048018;728 503;21;0;1;0;0;0
202200048019;728 500;7;0;2;2;1;1
202200048019;728 504;7;0;2;3;9;1
202200048020;728 499;33;0;2;1;1;1
202200048020;728 502;10;0;2;6;15;1
202200048021;728 496;60;0;2;0;19;5
202200048021;728 501;0;0;1;0;19;0
202200048022;728 494;30;0;0;8;1;3
202200048022;728 498;7;0;2;3;15;1
202200048023;728 491;10;0;2;2;2;0
202200048023;728 495;99;12;2;6;1;3
202200048024;728 489;7;3;0;2;1;1
202200048025;728 490;7;0;2;3;15;1
202200048025;728 493;33;0;2;4;16;1
202200048026;728 488;7;0;2;2;14;1
202200048026;728 492;7;0;2;6;1;1
202200048026;728 497;7;0;2;9;2;1
202200048027;728 485;7;0;2;4;23;1
202200048027;728 487;1;0;2;1;1;5
202200048028;728 484;7;0;2;1;1;1
202200048028;728 486;7;0;2;3;13;1
202200048029;728 480;10;1;0;2;1;1
202200048030;728 483;7;0;1;1;1;2
202200048031;728 479;10;0;2;1;15;1
202200048031;728 482;31;0;2;1;1;1
202200048032;728 476;7;0;2;8;19;1
202200048032;728 481;7;0;2;1;1;1
202200048033;728 471;7;0;2;1;17;2
202200048033;728 477;1;0;2;0;19;5
202200048034;728 475;7;0;0;4;23;1
202200048034;728 478;7;0;2;1;2;1
202200048035;728 473;7;0;1;2;1;1
202200048036;728 470;7;0;9;1;2;1
202200048036;728 474;50;0;2;1;25;3
202200048037;728 469;7;0;0;0;0;0
202200048037;728 472;37;0;0;0;1;1
202200048038;728 468;7;3;0;3;1;1
202200048039;728 466;7;0;2;2;1;1
202200048040;728 464;7;9;0;1;1;1
202200048041;728 465;7;0;1;1;1;1
202200048042;728 461;1;0;2;8;2;5
202200048042;728 463;1;0;2;7;0;5
202200048043;728 462;7;0;2;0;0;1
202200048043;728 467;2;0;2;2;1;1
202200048044;728 460;7;4;0;9;1;1
202200048045;728 456;2;0;2;1;1;1
202200048045;728 458;7;0;0;7;0;1
202200048046;728 455;7;0;2;2;15;1
202200048046;728 459;31;0;2;1;1;1
202200048047;728 454;10;0;1;1;1;1
202200048048;728 453;33;0;2;1;1;1
202200048048;728 457;7;0;2;2;1;1
202200048049;728 451;7;0;1;2;1;1
202200048050;728 450;7;0;2;5;1;1
202200048050;728 452;1;0;2;1;19;5
202200048051;728 447;7;0;2;4;2;1
202200048051;728 449;7;0;2;1;2;1
202200048052;728 446;7;0;2;2;10;1
202200048052;728 448;34;0;2;1;1;1
202200048053;728 445;40;0;1;7;1;3
202200048054;728 441;7;0;2;3;18;1
202200048054;728 444;50;0;2;0;15;3
202200048055;728 439;7;0;2;7;1;2
202200048055;728 442;80;12;2;2;1;3
202200048056;728 435;7;0;2;1;9;2
202200048056;728 438;2;0;2;1;1;1
202200048057;728 431;33;13;0;1;1;1
202200048058;728 432;7;0;2;5;2;1
202200048058;728 436;7;0;2;3;9;1
202200048059;728 433;7;0;2;1;16;2
202200048059;728 437;7;0;2;1;23;1
202200048060;728 428;1;0;2;1;1;5
202200048060;728 430;10;0;2;3;15;1
202200048061;728 424;7;0;2;1;1;1
202200048061;728 429;7;0;0;2;15;1
202200048062;728 423;7;0;2;4;2;1
202200048062;728 426;7;0;2;1;2;1
202200048063;728 422;7;0;2;4;2;1
202200048063;728 427;7;0;2;1;2;1
202200048064;728 419;31;5;2;2;1;1
202200048064;728 421;7;0;2;8;1;1
202200048064;728 425;7;0;0;0;17;0
202200048065;728 416;7;4;0;0;0;1
202200048066;728 413;7;0;0;0;1;1
202200048067;728 412;7;0;1;1;1;1
202200048068;728 411;43;0;2;9;3;1
202200048068;728 414;7;0;2;8;1;1
202200048068;728 418;10;0;2;3;1;1
202200048069;728 410;32;0;2;8;3;1
202200048070;728 409;1;0;2;1;5;5
202200048070;728 417;7;0;2;1;15;1
202200048071;728 408;7;0;2;1;13;1
202200048071;728 415;30;0;2;3;1;1
202200048072;728 405;43;0;1;2;17;1
202200048073;728 404;7;4;0;1;1;1
202200048074;728 403;7;0;2;1;1;2
202200048074;728 407;7;0;2;2;17;1
202200048075;728 402;33;0;0;2;17;1
202200048075;728 406;7;0;0;6;1;1
202200048076;728 400;7;0;1;2;1;1
202200048077;728 399;7;0;2;4;2;1
202200048077;728 401;10;0;2;1;2;1
202200048078;728 396;7;0;1;2;1;1
202200048079;728 395;31;0;2;3;1;1
202200048079;728 398;7;0;2;3;15;3
202200048080;728 394;34;0;2;1;3;1
202200048080;728 397;7;0;2;6;1;0
202200048081;728 391;7;0;1;1;1;1
202200048082;728 393;30;0;1;3;16;1
202200048083;728 389;33;8;0;1;26;1
202200048084;728 390;21;0;2;7;15;1
202200048084;728 392;15;6;2;1;21;1
202200048085;728 386;1;0;2;8;1;5
202200048085;728 388;13;0;2;7;14;0
202200048086;728 385;7;0;2;5;23;1
202200048086;728 387;33;0;2;3;1;1
202200048087;728 381;32;0;2;1;1;1
202200048087;728 384;1;0;2;8;19;5
202200048088;728 380;7;0;2;3;9;1
202200048088;728 383;1;0;2;2;19;5
202200048089;728 382;7;0;1;2;1;1
202200048090;728 375;7;0;2;0;1;1
202200048090;728 379;33;0;2;3;3;1
202200048091;728 376;7;0;2;1;1;1
202200048091;728 378;7;0;2;2;1;1
202200048092;728 374;1;0;2;0;1;5
202200048092;728 377;7;0;2;2;1;1
202200048093;728 370;7;0;1;1;1;1
202200048094;728 371;1;0;2;1;1;5
202200048094;728 373;7;0;2;5;16;1
202200048095;728 367;31;0;2;1;11;1
202200048095;728 369;10;0;2;4;1;1
202200048096;728 366;7;0;0;0;1;1
202200048097;728 365;1;0;1;1;15;5
202200048098;728 360;40;0;2;2;1;3
202200048098;728 363;7;0;4;8;15;1
202200048099;728 359;7;0;2;1;2;0
202200048099;728 362;7;0;2;4;2;1
202200048100;728 357;7;0;2;0;0;0
202200048100;728 361;7;0;2;4;23;1
202200048101;728 358;36;0;2;8;17;1
202200048102;728 355;1;0;2;8;1;5
202200048102;728 356;10;0;2;7;16;1
202200048103;728 354;7;2;0;6;1;1
202200048104;728 348;1;0;2;3;1;5
202200048104;728 352;1;0;2;1;1;5
202200048105;728 349;7;3;0;1;1;4
202200048106;728 347;2;0;2;1;1;1
202200048106;728 351;10;0;2;1;16;1
202200048107;728 344;1;0;2;1;1;5
202200048107;728 346;7;0;2;3;9;1
202200048108;728 350;10;0;2;3;1;1
202200048108;728 353;1;0;2;6;20;5
202200048109;728 341;7;0;0;1;1;1
202200048109;728 345;7;13;0;5;1;1
202200048110;728 342;31;12;0;1;1;1
202200048111;728 339;7;0;2;4;2;1
202200048111;728 343;10;0;2;1;1;1
202200048112;728 338;1;0;2;1;1;5
202200048112;728 340;7;0;2;1;15;1
202200048113;728 337;7;1;0;3;19;1
202200048114;728 331;2;0;2;7;1;1
202200048114;728 333;7;0;2;1;1;1
202200048115;728 332;32;0;2;8;1;1
202200048115;728 336;7;0;2;1;15;1
202200048116;728 330;7;0;0;9;1;1
202200048117;728 328;10;0;2;8;9;1
202200048117;728 334;1;0;2;7;1;5