Num_Acc;id_vehicule;categorie_vehicule;obstacle_fixe;obstacle_mobile;point_choc_initial;manoeuvre_principale;motorisation
202200048118;728 327;7;0;1;3;15;1
202200048119;728 323;1;11;0;2;0;5
202200048120;728 322;7;0;0;4;1;1
202200048120;728 326;10;0;2;2;1;1
202200048120;728 329;7;0;2;4;1;3
202200048120;728 335;7;16;2;1;1;1
202200048121;728 319;50;0;2;8;1;3
202200048121;728 324;7;0;2;2;16;1
202200048122;728 320;50;0;2;1;2;3
202200048122;728 325;1;0;2;4;2;5
202200048123;728 313;7;12;0;1;1;1
202200048124;728 312;3;0;2;1;2;1
202200048124;728 317;7;0;2;4;15;1
202200048125;728 311;7;0;2;2;9;1
202200048125;728 315;31;0;2;1;3;1
202200048126;728 310;21;0;2;3;1;1
202200048126;728 314;7;0;2;1;1;1
202200048127;728 309;1;0;2;2;1;5
202200048127;728 316;7;0;2;3;1;2
202200048128;728 308;1;14;0;1;1;
202200048129;728 305;7;0;9;1;1;1
202200048130;728 306;7;2;0;2;1;1
202200048131;728 304;7;0;1;1;1;1
202200048132;728 303;7;0;2;3;16;1
202200048132;728 307;2;0;2;1;1;1
202200048133;728 300;43;0;2;8;1;1
202200048133;728 302;43;0;2;8;1;1
202200048134;728 298;7;0;2;1;15;1
202200048134;728 301;31;0;2;1;1;1
202200048135;728 295;7;0;1;2;26;1
202200048136;728 294;7;0;2;3;1;1
202200048136;728 299;7;0;2;3;5;1
202200048137;728 291;7;6;0;4;2;1
202200048137;728 297;15;0;2;2;2;0
202200048138;728 293;2;0;2;1;17;1
202200048138;728 296;7;0;2;6;9;1
202200048139;728 289;1;0;2;0;1;5
202200048139;728 292;1;0;2;7;1;5
202200048140;728 290;1;12;0;0;0;5
202200048141;728 288;7;0;0;9;9;1
202200048142;728 284;7;0;2;1;17;1
202200048142;728 287;7;0;2;4;1;1
202200048143;728 283;7;0;1;2;17;1
202200048144;728 282;7;0;2;3;1;1
202200048144;728 286;33;0;2;1;1;1
202200048145;728 281;50;0;2;8;1;3
202200048145;728 285;7;0;9;3;15;1
202200048146;728 279;7;0;1;1;15;1
202200048147;728 278;30;0;2;7;1;1
202200048147;728 280;7;0;2;1;1;1
202200048148;728 274;7;2;0;1;1;1
202200048149;728 275;1;0;2;8;7;5
202200048149;728 276;15;0;2;7;16;1
202200048150;728 271;1;0;2;7;1;5
202200048150;728 277;7;0;2;1;1;1
202200048151;728 272;30;0;1;0;1;1
202200048152;728 270;33;6;0;1;0;1
202200048153;728 269;7;0;2;1;1;1
202200048153;728 273;7;0;2;0;0;1
202200048154;728 266;33;0;2;7;1;1
202200048154;728 268;7;0;2;3;19;1
202200048155;728 259;7;0;2;0;0;1
202200048155;728 262;32;0;2;0;0;1
202200048156;728 260;7;0;2;1;15;3
202200048156;728 265;50;0;2;1;1;3
202200048157;728 258;7;0;2;7;17;1
202200048157;728 264;30;0;2;8;2;1
202200048158;728 257;7;0;2;3;1;1
202200048158;728 261;7;0;2;1;1;1
202200048158;728 267;7;12;2;7;1;1
202200048159;728 255;30;0;2;8;15;1
202200048159;728 263;10;0;2;3;16;3
202200048160;728 254;7;0;2;7;13;1
202200048160;728 256;1;0;2;8;1;5
202200048161;728 253;21;13;0;1;1;1
202200048162;728 252;32;14;0;8;1;1
202200048163;728 250;0;0;1;3;16;0
202200048164;728 248;2;0;0;6;16;0
202200048165;728 247;7;0;2;1;1;1
202200048165;728 251;7;0;2;4;15;6
202200048166;728 244;7;0;2;1;5;1
202200048166;728 249;7;0;2;1;1;1
202200048167;728 243;10;0;1;0;26;1
202200048168;728 240;80;0;2;5;1;3
202200048168;728 245;7;0;2;7;17;1
202200048169;728 242;7;0;2;3;10;2
202200048169;728 246;32;0;2;1;3;1
202200048170;728 239;7;0;1;1;16;1
202200048171;728 237;15;0;1;6;1;1
202200048172;728 235;33;6;0;3;1;1
202200048173;728 234;2;0;2;1;0;1
202200048173;728 236;7;0;2;3;15;1
202200048174;728 232;7;0;2;3;1;1
202200048174;728 238;50;0;2;7;8;3
202200048175;728 231;33;0;2;2;17;1
202200048175;728 233;7;0;2;3;15;1
202200048176;728 229;7;0;1;4;20;2
202200048177;728 225;7;0;2;3;1;1
202200048177;728 228;7;0;2;3;13;1
202200048178;728 224;7;0;2;8;1;1
202200048178;728 227;7;0;2;4;1;1
202200048178;728 230;7;0;2;1;1;1
202200048179;728 217;1;0;2;3;16;5
202200048179;728 222;13;0;9;2;16;1
202200048180;728 220;10;0;2;2;21;1
202200048180;728 223;10;0;2;1;9;1
202200048181;728 218;7;0;2;6;1;1
202200048181;728 226;7;0;2;1;2;2
202200048182;728 215;7;16;0;3;1;1
202200048183;728 214;7;0;2;8;1;1
202200048183;728 216;32;0;2;3;26;1
202200048184;728 211;7;0;1;1;1;1
202200048185;728 209;1;0;2;0;0;5
202200048185;728 212;7;0;2;1;9;1
202200048186;728 208;1;0;2;7;0;5
202200048186;728 213;7;0;2;1;2;1
202200048187;728 206;7;0;2;1;2;1
202200048187;728 210;7;0;2;4;2;0
202200048188;728 204;7;0;1;1;1;1
202200048189;728 200;1;0;2;7;7;5
202200048189;728 202;38;0;2;7;1;1
202200048190;728 203;7;0;2;1;2;1
202200048190;728 207;7;0;2;5;23;1
202200048191;728 201;7;2;1;1;6;1
202200048192;728 197;7;0;2;8;16;2
202200048192;728 199;32;0;2;1;0;1
202200048193;728 195;7;1;0;8;20;1
202200048193;728 198;33;0;2;1;17;1
202200048194;728 193;50;0;0;1;1;3
202200048195;728 191;30;14;0;1;1;1
202200048195;728 192;7;0;2;4;23;1
202200048196;728 187;1;0;2;7;1;5
202200048196;728 205;7;0;2;1;9;1
202200048197;728 186;7;0;2;6;10;1
202200048197;728 189;30;0;2;1;2;1
202200048198;728 182;1;0;2;1;1;5
202200048198;728 185;7;0;2;8;1;1
202200048199;728 181;7;0;2;1;2;1
202200048199;728 184;7;0;2;4;2;1
202200048199;728 188;7;0;2;1;2;1
202200048200;728 177;7;0;2;4;23;1
202200048200;728 180;7;0;2;4;23;1
202200048200;728 183;7;0;2;1;1;1
202200048201;728 179;7;0;1;1;16;1
202200048202;728 175;7;0;2;1;0;1
202200048202;728 178;17;0;2;4;0;1
202200048203;728 176;7;0;1;5;4;1
202200048204;728 173;7;0;1;1;0;1
202200048205;728 174;7;0;1;3;15;1
202200048206;728 171;7;0;1;1;15;1
202200048207;728 169;7;0;2;6;1;1
202200048207;728 172;30;0;2;1;17;1
202200048208;728 167;7;0;1;4;20;1
202200048209;728 166;7;0;0;4;26;0
202200048209;728 170;33;0;2;9;2;1
202200048210;728 163;50;0;1;1;1;3
202200048211;728 165;33;0;2;7;17;1
202200048211;728 168;7;0;2;8;15;1
202200048212;728 162;7;0;1;1;16;1
202200048213;728 161;7;0;2;4;1;2
202200048213;728 164;17;0;2;1;2;1
202200048214;728 160;7;6;0;3;1;1
202200048215;728 158;10;0;2;1;13;1
202200048215;728 159;7;0;2;2;1;1
202200048216;728 151;0;0;1;0;0;1
202200048217;728 152;7;0;2;1;1;1
202200048217;728 155;7;0;2;4;1;1
202200048217;728 157;7;0;2;4;1;1
202200048218;728 153;1;0;2;5;1;5
202200048218;728 156;7;0;9;3;9;1
202200048219;728 147;30;0;2;1;1;3
202200048219;728 150;7;0;2;2;5;0
202200048220;728 146;7;2;0;1;14;1
202200048221;728 141;60;0;2;0;0;5
202200048221;728 144;7;0;2;2;1;1
202200048222;728 140;7;0;2;7;12;1
202200048222;728 143;2;0;2;8;1;1
202200048223;728 145;7;0;2;7;15;1
202200048223;728 149;7;0;2;1;1;1
202200048224;728 138;7;0;2;2;19;1
202200048224;728 142;99;0;2;1;1;6
202200048225;728 137;14;0;2;1;1;1
202200048225;728 139;7;0;2;4;1;1
202200048226;728 135;7;3;0;2;9;1
202200048227;728 134;7;0;2;1;9;1
202200048227;728 136;7;0;2;1;9;1
202200048228;728 133;31;3;0;7;1;1
202200048229;728 132;10;0;1;3;19;1
202200048230;728 130;7;0;1;2;16;1
202200048231;728 128;7;0;2;1;1;1
202200048231;728 131;7;0;2;1;13;1
202200048232;728 126;7;13;0;1;1;1
202200048233;728 124;7;0;0;4;2;1
202200048233;728 129;33;0;2;1;2;1
202200048234;728 125;7;0;1;1;1;1
202200048235;728 122;10;0;1;1;1;1
202200048236;728 121;7;0;2;4;1;1
202200048236;728 123;7;0;2;4;1;1
202200048236;728 127;7;0;2;1;9;1
202200048237;728 120;7;0;0;3;13;1
202200048238;728 118;7;13;0;3;1;1
202200048239;728 119;7;2;0;9;1;1
202200048240;728 117;7;0;1;3;16;1
202200048241;728 114;7;0;1;1;15;1
202200048242;728 110;10;2;0;3;26;1
202200048243;728 108;7;0;2;1;1;1
202200048243;728 112;37;0;2;3;1;2
202200048243;728 115;7;0;2;1;17;0
202200048244;728 105;17;0;0;5;2;1
202200048244;728 109;99;0;2;3;2;1
202200048245;728 103;7;0;2;2;0;1
202200048245;728 113;17;0;0;5;1;1
202200048246;728 102;7;0;2;1;15;1
202200048246;728 107;7;0;2;0;0;1
202200048247;728 104;7;0;1;4;4;1
202200048248;728 099;34;0;2;2;17;1
202200048248;728 101;7;0;2;3;1;1
202200048248;728 106;7;0;2;6;1;1
202200048248;728 111;7;0;2;8;1;1
202200048248;728 116;7;0;2;8;1;1
202200048249;728 098;7;6;0;1;26;1
202200048250;728 092;17;0;2;1;2;1
202200048250;728 097;7;3;2;9;17;1
202200048251;728 093;7;0;2;1;1;0
202200048252;728 091;80;0;0;0;25;3
202200048252;728 096;7;0;0;0;24;1
202200048253;728 088;7;3;0;9;2;0
202200048254;728 086;0;0;2;3;13;0
202200048254;728 089;7;0;2;0;26;1
202200048254;728 094;34;0;2;5;26;1
202200048255;728 085;7;0;2;7;1;1
202200048255;728 090;1;0;2;1;1;5
202200048256;728 083;7;0;1;0;1;1
202200048257;728 081;80;0;2;8;1;3
202200048257;728 087;7;0;2;3;15;1
202200048258;728 080;7;0;1;0;4;1
202200048259;728 079;13;0;2;5;1;1
202200048259;728 082;7;0;2;1;9;1
202200048260;728 077;1;0;0;7;1;5
202200048261;728 078;1;0;0;0;0;5
202200048261;728 084;7;0;2;1;1;1
202200048262;728 075;2;0;0;0;1;1
202200048263;728 073;31;0;2;1;1;1
202200048263;728 076;7;0;2;2;1;1
202200048264;728 064;7;0;2;2;9;1
202200048264;728 072;1;0;2;3;1;5
202200048265;728 071;33;0;2;4;1;1
202200048265;728 074;10;0;2;1;1;1
202200048266;728 066;7;0;2;2;13;1
202200048266;728 069;1;0;2;4;1;5
202200048267;728 065;7;14;0;1;1;1
202200048267;728 070;7;0;2;4;23;1
202200048268;728 063;30;0;2;2;2;1
202200048268;728 068;3;0;0;6;2;1
202200048269;728 061;7;3;0;2;0;1
202200048270;728 062;7;0;2;1;16;1
202200048270;728 067;7;0;2;2;19;1
202200048271;728 056;7;0;2;1;1;1
202200048271;728 060;31;0;2;4;1;1
202200048272;728 053;7;0;2;1;2;1
202200048272;728 057;7;0;0;4;2;1
202200048273;728 052;1;1;0;8;1;5
202200048274;728 055;1;0;2;7;1;5
202200048274;728 059;7;0;2;1;10;1
202200048275;728 050;7;17;0;9;1;1
202200048276;728 049;7;0;2;5;2;1
202200048276;728 054;50;0;2;8;2;3
202200048277;728 048;7;0;2;4;1;1
202200048277;728 051;7;0;2;4;1;1
202200048277;728 058;7;0;2;1;1;1
202200048278;728 046;7;16;0;0;0;1
202200048279;728 045;33;0;2;1;1;1
202200048279;728 047;10;0;2;4;1;1
202200048280;728 044;7;13;0;1;0;1
202200048281;728 040;7;2;0;1;14;1
202200048282;728 036;1;0;2;8;3;5
202200048282;728 043;7;0;2;1;20;1
202200048283;728 035;33;0;2;1;1;1
202200048283;728 038;7;0;2;7;15;1
202200048284;728 033;32;8;0;2;1;1
202200048285;728 037;10;0;2;3;16;1
202200048285;728 042;10;0;2;6;1;1
202200048286;728 034;7;0;2;3;1;1
202200048286;728 041;80;0;2;6;19;3
202200048287;728 032;10;0;2;4;1;1
202200048287;728 039;7;0;2;1;2;1
202200048288;728 023;1;0;0;4;2;5
202200048288;728 029;1;0;0;4;2;5
202200048288;728 031;7;0;2;2;2;1
202200048289;728 024;10;0;2;3;15;1
202200048289;728 030;30;0;2;1;17;1
202200048290;728 022;7;0;2;1;1;1
202200048290;728 028;1;0;2;8;15;5
202200048291;728 025;50;12;0;1;16;3
202200048292;728 019;10;0;2;2;13;1
202200048292;728 026;7;0;2;1;1;0
202200048293;728 018;7;0;2;1;1;1
202200048293;728 021;7;0;2;1;1;1
202200048293;728 027;10;0;2;1;13;1
202200048294;728 013;7;0;2;3;1;2
202200048294;728 015;7;0;2;3;13;1
202200048295;728 012;7;0;2;4;23;1
202200048295;728 014;7;0;2;4;23;1
202200048295;728 017;7;0;2;4;23;2
202200048295;728 020;7;0;2;1;2;1
202200048296;728 009;7;0;1;3;1;1
202200048297;728 007;14;6;0;1;14;1
202200048298;728 008;32;0;2;8;19;1
202200048298;728 016;7;0;2;3;1;1
202200048299;728 006;7;0;2;7;16;1
202200048299;728 011;7;0;2;3;1;1
202200048300;728 000;7;2;0;0;0;1
202200048300;728 005;7;0;2;1;1;1
202200048300;728 010;7;0;2;1;1;0
202200048301;727 998;7;0;1;1;16;1
202200048302;727 997;2;0;0;7;1;1
202200048302;728 004;7;0;0;0;9;1
202200048303;727 996;32;0;2;3;17;0
202200048303;728 001;7;0;2;3;15;0
202200048304;727 995;60;0;4;1;14;5
202200048304;728 002;40;0;9;2;2;3
202200048305;727 994;10;0;9;3;1;1
202200048305;727 999;1;0;2;2;5;5
202200048305;728 003;1;0;2;2;5;5
202200048306;727 993;7;0;1;3;13;1
202200048307;727 992;1;0;0;0;0;5
202200048308;727 987;7;0;9;1;9;1
202200048308;727 990;1;0;2;7;1;5
202200048309;727 984;80;0;2;3;15;3
202200048309;727 991;14;0;0;5;17;1
202200048310;727 983;7;0;2;3;21;1
202200048310;727 988;33;1;2;4;16;1
202200048311;727 981;7;0;1;1;1;1
202200048312;727 980;7;0;2;2;1;1
202200048312;727 989;7;0;2;2;17;1
202200048313;727 982;33;0;2;1;2;1
202200048313;727 986;7;0;2;6;10;1
202200048314;727 979;7;0;2;3;9;1
202200048314;727 985;1;0;2;2;1;5
202200048315;727 973;7;0;1;4;4;1
202200048316;727 975;33;0;9;4;23;1
202200048316;727 978;15;0;9;1;2;1
202200048317;727 976;13;0;1;0;0;0
202200048318;727 972;10;0;2;1;2;1
202200048318;727 977;3;0;0;4;1;1
202200048319;727 970;7;0;1;5;16;1
202200048320;727 968;7;1;0;1;1;1
202200048320;727 974;21;0;0;3;24;0
202200048321;727 967;7;0;9;3;0;1
202200048322;727 969;30;0;2;2;1;1
202200048322;727 971;7;0;2;2;15;1
202200048323;727 963;10;0;2;7;16;1
202200048323;727 965;1;0;2;3;1;5
202200048324;727 961;1;0;2;0;2;5
202200048324;727 966;7;0;2;1;9;1
202200048325;727 962;34;0;2;0;1;0
202200048325;727 964;7;0;2;3;15;1
202200048326;727 957;7;0;6;2;1;1
202200048327;727 955;7;0;2;2;15;1
202200048327;727 958;7;0;2;1;1;1
202200048328;727 954;7;0;2;1;1;1
202200048328;727 960;7;0;2;4;1;1
202200048329;727 953;30;0;2;1;13;1
202200048329;727 956;7;0;2;3;0;1
202200048329;727 959;10;0;0;0;0;1
202200048330;727 951;7;1;0;1;1;1
202200048331;727 949;13;2;0;3;1;1
202200048332;727 948;7;13;0;0;1;1
202200048333;727 947;7;0;2;7;15;1
202200048333;727 952;32;0;2;1;1;1
202200048334;727 946;7;0;2;3;16;1
202200048334;727 950;33;0;2;3;1;1
202200048335;727 944;33;1;0;1;1;1
202200048336;727 941;7;0;0;9;1;1
202200048337;727 939;7;0;2;3;0;1
202200048337;727 943;80;0;2;0;0;3
202200048338;727 942;1;0;2;1;1;5
202200048338;727 945;7;0;2;1;15;1
202200048339;727 931;2;12;0;8;1;1
202200048340;727 929;7;0;2;4;2;1
202200048340;727 934;7;0;2;1;2;1
202200048341;727 927;7;0;2;2;15;1
202200048341;727 935;33;0;2;7;18;1
202200048342;727 926;7;0;2;3;21;1
202200048342;727 930;7;0;2;3;0;1
202200048343;727 925;33;8;2;1;18;1
202200048343;727 932;7;0;2;5;1;1
202200048344;727 923;7;0;2;7;1;1
202200048344;727 933;7;0;2;1;15;1
202200048345;727 922;7;0;2;1;14;1
202200048345;727 924;7;0;2;4;15;1
202200048345;727 928;7;15;2;3;1;1
202200048346;727 921;7;4;0;3;1;1
202200048347;727 917;7;0;2;1;26;1
202200048347;727 920;50;0;2;7;19;3
202200048348;727 915;1;0;2;8;19;5
202200048348;727 919;7;0;2;3;9;2
202200048349;727 912;7;0;2;3;1;1
202200048349;727 918;15;0;2;3;1;1
202200048350;727 913;7;8;0;3;20;1
202200048351;727 911;10;0;0;4;24;1
202200048351;727 914;7;1;0;1;1;1
202200048352;727 910;7;4;0;1;1;1
202200048353;727 908;7;0;2;3;20;1
202200048353;727 916;7;0;2;0;1;1
202200048354;727 905;15;0;2;3;1;1
202200048354;727 909;7;0;2;1;26;1
202200048355;727 904;7;15;0;1;14;1
202200048356;727 903;7;0;2;4;1;1
202200048356;727 907;7;0;2;1;1;1
202200048357;727 900;15;0;2;3;1;1
202200048357;727 906;7;0;2;8;1;1
202200048358;727 898;7;4;0;3;21;1
202200048359;727 893;7;0;2;1;13;1
202200048359;727 899;7;0;2;3;1;1
202200048359;727 901;7;0;2;3;1;6
202200048360;727 894;50;0;2;1;19;3
202200048360;727 902;7;1;2;3;16;1
202200048361;727 892;50;0;2;8;2;3
202200048361;727 897;37;0;2;5;2;4
202200048362;727 887;7;0;2;7;15;1
202200048362;727 890;33;0;2;1;1;0
202200048363;727 889;2;0;2;1;3;1
202200048363;727 895;7;0;2;2;19;1
202200048364;727 884;10;0;2;6;15;1
202200048364;727 886;33;0;2;1;1;1
202200048365;727 881;7;0;2;8;17;1
202200048365;727 885;7;0;2;6;1;1
202200048366;727 880;33;0;2;1;1;1
202200048366;727 883;7;0;2;4;2;1
202200048367;727 877;10;0;2;3;24;1
202200048367;727 882;50;0;2;1;5;3
202200048368;727 876;10;8;0;1;1;1
202200048369;727 874;7;0;0;4;23;1
202200048369;727 878;30;0;2;1;2;1
202200048370;727 871;33;0;2;7;2;1
202200048370;727 879;7;0;2;1;16;1
202200048371;727 869;33;0;2;7;19;1
202200048371;727 875;7;0;2;1;1;1
202200048372;727 866;7;0;2;1;2;1
202200048372;727 870;7;0;2;4;2;1
202200048372;727 873;7;0;2;4;2;1
202200048373;727 865;50;0;2;8;1;3
202200048373;727 872;10;0;2;2;1;1
202200048374;727 863;1;0;2;1;1;5
202200048374;727 867;7;0;2;8;11;1
202200048375;727 864;7;0;2;0;15;1
202200048375;727 868;2;0;2;0;1;1
202200048376;727 860;7;0;2;0;0;1
202200048376;727 862;10;0;9;4;1;1
202200048377;727 859;7;0;1;4;4;1
202200048378;727 856;7;6;2;3;1;1
202200048378;727 861;7;0;2;1;19;1
202200048379;727 857;7;10;0;9;19;1
202200048380;727 852;10;0;2;1;9;1
202200048380;727 854;7;0;2;4;1;1
202200048380;727 858;7;0;2;6;1;1
202200048381;727 853;2;14;0;3;13;1
202200048382;727 850;13;0;2;3;6;1
202200048382;727 855;10;0;2;3;1;1
202200048383;727 849;10;13;0;2;17;1
202200048384;727 847;7;0;2;4;1;1
202200048384;727 851;37;0;2;1;1;1
202200048385;727 844;7;0;2;1;1;1
202200048385;727 846;7;0;2;1;13;1
202200048386;727 845;7;0;2;5;15;1
202200048386;727 848;31;0;2;1;1;1
202200048387;727 841;7;0;0;;1;1
202200048388;727 838;7;0;2;4;1;1
202200048388;727 840;7;0;2;1;1;1
202200048389;727 836;10;0;1;1;1;1
202200048390;727 835;7;0;2;1;2;1
202200048390;727 839;7;0;2;1;2;1
202200048390;727 842;7;0;2;4;2;1
202200048391;727 833;7;0;2;0;0;1
202200048391;727 837;37;0;2;0;0;1
202200048391;727 843;10;0;2;0;0;1
202200048392;727 830;43;0;2;3;1;1
202200048392;727 832;7;0;2;5;12;1
202200048393;727 829;33;0;2;1;2;1
202200048393;727 834;7;0;2;7;9;1
202200048394;727 826;7;0;2;3;26;1
202200048394;727 831;7;16;2;8;0;1
202200048395;727 824;10;0;2;7;1;1
202200048395;727 827;7;0;2;7;12;1
202200048396;727 822;7;0;2;3;0;1
202200048396;727 828;7;0;2;8;1;1
202200048397;727 821;32;0;2;1;17;1
202200048397;727 823;7;0;2;6;10;1
202200048398;727 820;7;0;9;2;16;1
202200048398;727 825;50;0;2;1;1;3
202200048399;727 816;33;4;0;0;0;1
202200048400;727 814;7;0;2;8;19;1
202200048400;727 817;33;0;2;1;1;1
202200048401;727 815;32;0;2;1;17;1
202200048401;727 818;1;0;2;3;15;5
202200048402;727 808;31;0;2;7;1;1
202200048402;727 810;7;0;2;8;11;1
202200048403;727 807;7;0;2;5;1;1
202200048403;727 812;10;0;2;3;15;1
202200048404;727 806;1;0;4;2;19;5
202200048404;727 811;40;0;2;2;1;3
202200048405;727 804;7;0;2;3;21;2
202200048405;727 813;7;3;2;1;2;1
202200048405;727 819;17;0;2;4;1;1
202200048406;727 802;7;0;2;1;15;1
202200048406;727 809;7;0;2;2;1;1
202200048407;727 800;7;0;2;4;1;1
202200048407;727 805;7;0;2;1;1;1
202200048408;727 797;33;0;2;1;3;1
202200048408;727 801;10;0;2;5;1;1
202200048409;727 799;10;0;2;1;16;1
202200048409;727 803;1;0;2;8;1;5
202200048410;727 793;7;8;0;1;13;1
202200048411;727 791;7;0;2;4;1;1
202200048411;727 794;7;0;2;1;1;1
202200048412;727 792;7;0;2;2;1;1
202200048412;727 796;7;0;2;6;23;1
202200048413;727 795;7;0;2;3;1;1
202200048413;727 798;7;0;2;3;13;1
202200048414;727 786;7;0;2;1;1;1
202200048414;727 789;7;0;2;4;1;1
202200048415;727 787;32;0;1;1;1;1
202200048416;727 788;33;0;2;1;1;1
202200048416;727 790;7;0;2;7;15;1
202200048417;727 784;7;0;1;3;9;1
202200048418;727 782;17;0;2;3;1;1
202200048418;727 785;7;0;2;2;17;1
202200048419;727 781;10;0;2;5;16;1
202200048419;727 783;7;0;2;3;1;2
202200048420;727 780;7;0;1;1;1;1
202200048421;727 777;10;0;1;1;15;1
202200048422;727 778;37;0;0;0;23;0
202200048423;727 779;7;13;0;0;1;1
202200048424;727 775;7;0;2;3;10;1
202200048424;727 776;31;0;2;1;19;1
202200048425;727 768;7;0;2;2;17;2
202200048425;727 772;43;0;2;1;2;1
202200048426;727 769;7;0;2;2;17;1
202200048426;727 774;50;0;2;8;19;3
202200048427;727 767;7;0;2;6;9;1
202200048427;727 773;33;0;2;6;26;1
202200048428;727 766;2;0;2;8;15;1
202200048428;727 771;7;0;2;1;15;1
202200048429;727 764;7;0;2;1;15;2
202200048429;727 770;7;0;2;8;1;3
202200048430;727 763;7;0;2;1;12;1
202200048430;727 765;7;0;2;3;1;1
202200048431;727 762;7;0;1;2;1;1
202200048432;727 759;7;0;1;3;1;1
202200048433;727 757;31;0;2;1;17;1
202200048433;727 760;7;0;2;0;0;1
202200048434;727 758;7;0;1;8;1;1
202200048435;727 753;7;0;0;0;14;1
202200048436;727 752;10;0;2;2;1;1
202200048436;727 756;10;0;2;7;1;1
202200048437;727 751;7;0;2;1;2;1
202200048437;727 755;21;0;2;4;2;1
202200048438;727 750;7;0;1;4;4;1
202200048439;727 747;7;0;2;5;15;1
202200048439;727 748;7;0;2;1;0;1
202200048440;727 741;7;0;0;2;26;1
202200048440;727 744;7;0;0;3;19;1
202200048441;727 746;37;0;1;4;23;3
202200048441;727 749;7;0;2;1;23;1
202200048441;727 754;37;0;2;4;2;1
202200048442;727 740;7;0;2;1;13;1
202200048442;727 745;7;0;2;1;1;1
202200048443;727 738;33;0;1;1;1;0
202200048444;727 737;37;0;0;8;1;1
202200048444;727 739;7;0;2;3;1;1
202200048444;727 742;7;0;2;3;17;1
202200048445;727 735;7;7;0;9;14;1
202200048446;727 736;7;8;0;1;1;1
202200048447;727 733;32;0;2;3;1;1
202200048447;727 734;80;0;2;2;1;3
202200048448;727 731;10;0;1;2;1;1
202200048449;727 730;7;0;2;3;19;1
202200048449;727 732;32;0;2;0;19;1
202200048450;727 727;7;0;2;2;15;1
202200048450;727 728;7;0;2;3;1;1
202200048451;727 724;7;0;2;0;0;1
202200048451;727 726;7;0;0;0;0;1
202200048451;727 729;7;1;0;1;9;1
202200048452;727 722;7;0;2;1;1;1
202200048452;727 743;7;0;2;6;16;1
202200048453;727 719;7;0;2;7;1;1
202200048453;727 725;7;0;2;1;9;1
202200048454;727 720;7;2;0;1;14;1
202200048455;727 721;7;0;2;1;15;1
202200048455;727 723;7;0;2;1;0;1
202200048456;727 718;33;6;0;1;0;1
202200048457;727 716;7;0;1;2;1;1
202200048458;727 717;7;6;0;1;1;1
202200048459;727 714;10;0;1;2;1;1
202200048460;727 711;7;0;2;1;0;1
202200048460;727 715;7;0;2;1;13;1
202200048461;727 710;7;0;2;1;2;1
202200048461;727 713;10;0;2;4;2;1
202200048462;727 708;7;8;0;3;1;1
202200048463;727 707;7;3;2;3;13;1
202200048463;727 712;7;0;2;3;1;1
202200048464;727 706;7;0;2;2;13;1
202200048464;727 709;7;0;2;6;2;0
202200048465;727 703;50;0;0;0;1;3
202200048466;727 702;7;0;2;1;1;1
202200048466;727 705;2;0;2;1;1;1
202200048467;727 701;31;0;1;1;1;1
202200048468;727 704;1;0;0;0;1;5
202200048469;727 697;1;0;2;8;1;5
202200048469;727 700;7;0;9;3;15;1
202200048470;727 692;7;0;9;1;23;0
202200048470;727 696;1;0;2;1;26;5
202200048471;727 690;10;0;2;6;9;1
202200048471;727 694;1;14;0;1;15;5
202200048472;727 689;7;2;0;1;13;1
202200048473;727 688;7;0;2;1;2;1
202200048473;727 691;7;0;2;4;23;1
202200048473;727 695;7;13;2;1;21;1
202200048474;727 687;33;0;2;2;2;1
202200048474;727 693;7;0;2;3;11;1
202200048475;727 683;33;2;0;1;1;1
202200048476;727 682;7;0;0;8;24;1
202200048476;727 685;1;1;2;1;2;5
202200048477;727 681;10;0;2;6;10;1
202200048477;727 684;1;0;2;1;1;5
202200048478;727 677;7;0;2;1;1;1
202200048478;727 680;7;0;2;7;1;1
202200048479;727 679;7;0;2;1;2;1
202200048479;727 686;7;0;2;4;23;1
202200048480;727 676;34;0;2;7;2;1
202200048480;727 678;1;0;2;8;11;5
202200048481;727 671;50;0;2;1;1;3
202200048481;727 673;7;0;2;2;15;1
202200048482;727 670;33;0;2;0;0;1
202200048482;727 674;33;0;2;0;0;1
202200048483;727 669;7;13;0;3;0;1
202200048484;727 665;7;0;2;4;1;1
202200048484;727 668;7;0;2;4;1;1
202200048484;727 675;7;0;2;1;1;1
202200048485;727 666;7;0;2;8;9;1
202200048485;727 672;33;0;2;1;9;1
202200048486;727 663;7;0;1;1;21;1
202200048487;727 662;30;0;2;2;1;1
202200048487;727 667;7;0;2;3;1;1
202200048488;727 661;7;14;0;4;1;1
202200048489;727 659;7;0;2;3;16;1
202200048489;727 664;7;0;2;9;1;1
202200048490;727 656;99;0;2;0;9;0
202200048490;727 660;32;0;2;7;17;1
202200048491;727 654;7;0;2;2;0;0
202200048491;727 658;7;0;2;1;0;6
202200048492;727 650;7;0;2;1;1;1
202200048492;727 657;7;0;2;8;1;2
202200048493;727 651;7;0;2;3;10;1
202200048493;727 655;43;0;2;1;17;1
202200048494;727 649;31;0;2;1;2;1
202200048494;727 652;7;0;2;8;10;0
202200048495;727 647;33;1;0;2;13;1
202200048496;727 646;50;8;0;2;25;3
202200048497;727 642;20;0;2;7;1;1
202200048497;727 648;32;0;2;3;1;1
202200048497;727 653;32;0;2;1;1;1
202200048498;727 643;7;0;1;2;16;2
202200048499;727 639;7;0;2;1;2;1
202200048499;727 644;7;0;2;4;1;1
202200048500;727 638;7;0;1;1;2;1
202200048501;727 637;7;0;2;1;2;0
202200048501;727 640;2;0;2;4;12;1
202200048502;727 641;30;0;2;2;1;1
202200048502;727 645;43;0;2;1;9;1
202200048503;727 635;50;0;0;4;26;3
202200048504;727 630;30;0;2;1;2;1