Num_Acc;id_vehicule;categorie_vehicule;obstacle_fixe;obstacle_mobile;point_choc_initial;manoeuvre_principale;motorisation
202200048504;727 634;7;0;0;6;15;1
202200048505;727 629;7;0;2;7;1;1
202200048505;727 633;33;0;2;7;17;1
202200048506;727 631;7;0;2;4;2;1
202200048506;727 636;7;0;2;1;2;1
202200048507;727 628;1;0;1;1;1;5
202200048508;727 625;7;1;2;4;17;1
202200048508;727 627;7;14;2;2;23;1
202200048509;727 622;7;0;1;1;15;1
202200048510;727 621;10;0;2;3;12;1
202200048510;727 624;15;0;0;0;0;0
202200048511;727 619;7;0;1;1;1;1
202200048512;727 618;32;0;2;8;1;1
202200048513;727 626;7;0;2;2;1;1
202200048513;727 632;2;0;2;2;15;1
202200048514;727 615;34;0;2;1;1;1
202200048514;727 620;32;0;2;2;5;1
202200048515;727 612;33;0;1;1;1;1
202200048516;727 610;7;0;2;8;1;1
202200048516;727 613;30;12;2;7;5;1
202200048517;727 609;10;0;2;4;1;1
202200048517;727 614;7;0;2;1;1;2
202200048518;727 607;10;4;2;1;1;1
202200048518;727 611;3;4;2;5;1;1
202200048518;727 616;3;4;2;8;1;1
202200048518;727 617;3;4;2;6;1;1
202200048519;727 606;7;0;2;6;9;1
202200048519;727 608;33;0;2;7;1;1
202200048520;727 601;7;0;2;3;17;1
202200048520;727 604;7;0;2;3;0;1
202200048521;727 603;15;0;2;5;2;1
202200048521;727 605;7;0;2;3;2;1
202200048522;727 597;7;0;2;3;1;1
202200048522;727 602;34;0;2;4;17;3
202200048523;727 595;1;0;2;8;1;5
202200048523;727 600;31;8;2;1;16;1
202200048524;727 594;7;0;2;4;2;1
202200048524;727 598;30;0;2;1;2;1
202200048525;727 591;7;0;2;6;10;1
202200048525;727 593;32;0;2;2;1;1
202200048526;727 590;30;0;0;;;
202200048527;727 589;7;0;2;3;5;1
202200048527;727 592;14;0;2;3;26;1
202200048528;727 587;33;0;2;7;13;1
202200048529;727 586;50;0;2;1;13;3
202200048529;727 588;80;0;2;1;1;3
202200048530;727 585;10;0;1;2;0;1
202200048531;727 582;7;0;2;1;26;1
202200048531;727 584;7;0;2;2;2;1
202200048532;727 583;33;3;0;8;0;1
202200048533;727 578;7;0;2;5;23;1
202200048533;727 580;7;0;2;2;1;1
202200048534;727 579;50;0;0;0;1;3
202200048535;727 577;7;0;2;1;15;1
202200048535;727 581;2;0;2;1;17;1
202200048536;727 576;33;0;0;9;1;1
202200048537;727 575;7;0;1;3;1;1
202200048538;727 571;15;0;2;8;13;1
202200048538;727 574;7;4;2;9;1;1
202200048539;727 568;7;0;2;5;15;1
202200048539;727 573;7;0;2;1;1;1
202200048540;727 567;7;0;1;2;1;1
202200048541;727 570;1;0;2;1;17;5
202200048541;727 572;1;0;2;3;15;5
202200048542;727 566;7;0;1;3;15;3
202200048543;727 559;10;0;2;5;1;1
202200048543;727 562;7;0;2;6;16;1
202200048544;727 556;7;0;2;7;16;1
202200048544;727 564;7;0;2;1;1;1
202200048545;727 560;7;0;1;3;16;1
202200048546;727 558;34;5;0;1;14;1
202200048547;727 555;10;0;2;4;2;1
202200048547;727 561;10;0;2;1;2;1
202200048547;727 563;7;0;2;1;2;1
202200048548;727 554;10;0;2;1;1;1
202200048548;727 557;7;0;0;4;15;1
202200048549;727 551;7;4;0;9;26;1
202200048550;727 549;7;0;9;0;1;1
202200048550;727 553;80;0;2;1;15;3
202200048551;727 547;7;1;1;0;16;2
202200048552;727 546;7;0;2;2;15;1
202200048552;727 550;33;0;2;1;1;1
202200048553;727 545;34;0;2;2;14;1
202200048553;727 552;7;0;2;6;1;1
202200048554;727 544;7;0;2;1;2;1
202200048554;727 548;50;0;2;0;8;3
202200048555;727 537;7;0;2;2;15;6
202200048555;727 543;33;0;2;1;0;6
202200048556;727 538;15;0;2;4;2;1
202200048556;727 542;7;0;2;1;1;1
202200048557;727 536;7;0;2;1;2;1
202200048557;727 540;7;0;2;0;0;1
202200048558;727 533;7;0;2;1;5;1
202200048558;727 539;33;0;2;1;1;1
202200048559;727 534;37;0;0;6;23;1
202200048559;727 541;34;11;2;3;1;1
202200048560;727 532;2;0;2;1;1;1
202200048560;727 535;7;0;2;5;15;1
202200048561;727 530;7;0;1;1;1;1
202200048562;727 527;31;0;0;8;1;1
202200048563;727 525;7;3;0;9;26;1
202200048563;727 531;7;4;0;4;1;1
202200048564;727 524;32;0;2;1;17;1
202200048564;727 528;7;0;0;6;15;1
202200048565;727 523;2;0;2;1;2;1
202200048565;727 526;7;0;2;4;1;2
202200048566;727 518;7;0;2;1;1;1
202200048566;727 522;7;0;2;4;1;1
202200048567;727 521;1;0;1;1;1;5
202200048568;727 515;7;0;2;1;13;1
202200048568;727 519;33;0;2;1;1;1
202200048569;727 514;10;0;2;8;11;1
202200048569;727 520;43;0;2;2;3;1
202200048570;727 512;7;0;2;1;2;1
202200048570;727 516;7;0;2;4;2;1
202200048570;727 517;7;0;2;1;2;1
202200048571;727 511;34;0;0;0;0;1
202200048571;727 513;10;0;2;7;14;0
202200048572;727 507;7;0;2;2;1;1
202200048572;727 510;32;0;2;5;1;1
202200048573;727 505;1;0;2;6;9;5
202200048573;727 508;32;0;2;2;1;1
202200048574;727 504;7;0;1;3;1;1
202200048575;727 501;7;0;2;4;0;1
202200048575;727 502;7;0;2;1;0;1
202200048576;727 496;7;0;2;1;2;1
202200048576;727 500;7;0;2;2;1;1
202200048576;727 503;7;0;2;4;2;1
202200048577;727 494;2;0;2;1;15;1
202200048577;727 499;7;0;2;3;15;1
202200048578;727 493;7;0;9;7;17;0
202200048578;727 495;50;0;9;6;26;3
202200048579;727 490;14;0;2;2;1;6
202200048579;727 498;7;0;2;3;1;1
202200048580;727 489;7;0;1;2;1;1
202200048581;727 487;7;0;2;3;13;1
202200048581;727 491;10;0;2;1;1;1
202200048581;727 497;7;0;2;1;2;1
202200048582;727 485;7;0;2;5;1;1
202200048582;727 492;7;0;2;1;1;1
202200048583;727 484;7;0;1;2;1;3
202200048584;727 483;33;0;2;1;1;1
202200048584;727 488;7;0;2;3;15;1
202200048585;727 481;99;0;2;7;17;1
202200048585;727 486;30;0;2;8;1;1
202200048586;727 479;7;1;2;7;16;1
202200048586;727 482;33;0;2;1;7;1
202200048587;727 478;7;8;0;1;1;1
202200048588;727 476;7;0;2;1;19;2
202200048588;727 480;7;0;2;2;1;2
202200048589;727 472;50;0;2;1;5;3
202200048589;727 477;2;0;2;1;1;1
202200048590;727 471;37;1;2;2;1;1
202200048590;727 475;10;1;2;3;9;1
202200048591;727 469;32;0;2;1;1;1
202200048591;727 474;10;0;2;7;15;1
202200048592;727 473;7;0;1;3;15;1
202200048593;727 467;33;0;2;2;0;1
202200048593;727 470;7;0;2;6;11;1
202200048594;727 468;14;0;1;1;1;1
202200048595;727 466;50;0;0;1;16;3
202200048596;727 461;80;0;2;8;1;3
202200048596;727 464;14;0;2;7;16;1
202200048597;727 459;7;4;0;4;1;1
202200048597;727 465;7;3;2;3;9;1
202200048598;727 456;7;0;0;2;6;1
202200048599;727 457;2;0;2;8;1;1
202200048599;727 463;7;0;2;8;21;1
202200048600;727 460;7;0;1;2;1;1
202200048601;727 455;7;0;2;1;2;1
202200048601;727 458;7;0;2;4;1;1
202200048601;727 462;7;0;2;4;1;1
202200048602;727 454;7;2;0;1;13;1
202200048603;727 449;7;0;2;1;2;1
202200048603;727 453;7;0;2;4;1;1
202200048604;727 445;7;0;0;0;0;0
202200048604;727 447;33;0;2;1;1;1
202200048604;727 450;7;0;2;8;1;1
202200048605;727 444;31;0;2;3;1;1
202200048605;727 451;7;0;2;1;15;1
202200048606;727 443;7;0;1;3;1;1
202200048607;727 442;30;0;0;0;1;1
202200048608;727 446;7;0;2;3;15;1
202200048608;727 448;30;0;2;1;17;1
202200048609;727 441;7;0;2;5;1;2
202200048609;727 452;7;0;2;2;1;1
202200048610;727 438;7;3;0;2;1;1
202200048611;727 435;1;0;0;0;0;5
202200048612;727 437;7;0;2;1;1;1
202200048612;727 440;7;0;2;7;0;1
202200048613;727 436;7;1;1;1;26;1
202200048614;727 434;50;0;2;2;15;3
202200048614;727 439;7;0;2;1;1;1
202200048615;727 432;10;0;2;4;2;1
202200048615;727 433;7;0;2;1;2;1
202200048616;727 428;7;14;0;1;5;1
202200048617;727 429;7;0;1;4;4;1
202200048618;727 427;7;8;2;2;9;1
202200048618;727 431;7;0;2;1;1;0
202200048619;727 425;32;0;0;0;2;1
202200048620;727 426;7;11;1;2;21;1
202200048621;727 424;7;0;2;1;1;1
202200048621;727 430;1;0;2;7;1;5
202200048622;727 421;7;1;2;4;0;1
202200048622;727 423;7;0;2;3;1;1
202200048623;727 419;33;0;2;0;26;1
202200048623;727 422;7;0;2;0;9;1
202200048624;727 418;7;0;1;3;1;1
202200048625;727 414;7;0;0;0;0;1
202200048625;727 420;50;0;0;0;1;3
202200048626;727 412;13;0;2;2;16;1
202200048626;727 417;1;0;2;1;1;5
202200048627;727 413;7;0;2;1;19;0
202200048627;727 416;31;0;2;3;1;0
202200048628;727 411;2;0;2;6;18;3
202200048628;727 415;7;0;2;2;14;1
202200048629;727 406;7;0;2;8;1;1
202200048629;727 409;1;0;2;1;19;5
202200048630;727 404;7;0;2;4;2;1
202200048630;727 408;7;0;2;1;2;1
202200048631;727 403;7;0;2;0;11;1
202200048631;727 407;7;0;2;8;1;1
202200048631;727 410;33;0;2;1;21;1
202200048632;727 400;50;0;2;7;19;3
202200048632;727 405;7;0;2;1;19;1
202200048633;727 399;10;0;2;2;15;1
202200048633;727 402;30;0;2;1;1;1
202200048634;727 396;50;0;0;8;19;3
202200048634;727 401;7;0;2;1;15;1
202200048635;727 394;7;0;2;6;15;0
202200048635;727 397;1;0;2;1;1;5
202200048636;727 393;7;0;2;1;1;1
202200048636;727 395;7;0;2;6;15;1
202200048636;727 398;10;0;2;3;2;1
202200048637;727 391;10;0;1;4;4;1
202200048638;727 389;10;0;2;0;2;3
202200048639;727 390;7;0;1;1;1;1
202200048640;727 387;50;0;2;1;19;3
202200048640;727 392;7;0;2;1;1;0
202200048641;727 384;7;1;0;2;1;1
202200048642;727 383;7;0;2;3;15;1
202200048642;727 388;2;0;2;8;1;1
202200048643;727 382;7;0;1;0;0;1
202200048644;727 381;7;0;2;2;1;1
202200048644;727 386;50;0;2;0;0;3
202200048645;727 379;7;0;2;3;1;1
202200048645;727 385;7;0;2;1;17;1
202200048646;727 378;1;0;1;0;26;5
202200048647;727 376;2;0;2;6;1;1
202200048647;727 380;7;1;0;3;20;1
202200048648;727 377;1;1;0;1;15;5
202200048649;727 373;10;0;2;4;26;1
202200048649;727 375;33;0;2;1;23;1
202200048650;727 372;2;0;2;1;1;1
202200048650;727 374;7;0;2;3;9;1
202200048651;727 369;30;0;1;2;1;1
202200048652;727 368;7;0;2;1;13;1
202200048652;727 370;7;12;2;1;1;1
202200048653;727 367;7;0;2;4;1;1
202200048653;727 371;10;0;2;1;2;1
202200048654;727 363;7;0;2;4;0;1
202200048654;727 366;31;0;2;1;1;1
202200048655;727 362;10;0;1;3;15;0
202200048656;727 361;7;0;2;2;19;1
202200048656;727 365;7;0;2;3;19;1
202200048657;727 358;7;2;0;1;13;1
202200048658;727 359;7;0;2;1;1;1
202200048658;727 364;7;0;2;8;1;1
202200048659;727 357;10;0;2;4;23;1
202200048659;727 360;7;0;2;1;1;1
202200048660;727 356;30;0;1;1;1;1
202200048661;727 349;7;0;2;2;1;2
202200048661;727 353;7;0;2;1;1;1
202200048662;727 350;7;0;2;1;13;1
202200048662;727 354;7;0;2;1;1;1
202200048663;727 348;10;8;0;1;1;1
202200048664;727 346;7;8;0;1;13;1
202200048665;727 343;7;13;0;9;13;1
202200048666;727 344;50;0;0;0;21;3
202200048667;727 340;7;0;2;2;23;1
202200048667;727 345;2;0;2;8;5;3
202200048668;727 338;10;0;2;3;15;1
202200048668;727 342;33;0;2;1;1;1
202200048669;727 337;10;9;0;1;13;1
202200048670;727 339;7;0;1;8;9;6
202200048671;727 335;33;2;0;5;1;1
202200048672;727 332;10;8;0;1;26;1
202200048673;727 325;33;16;0;1;1;1
202200048674;727 328;32;0;2;2;1;1
202200048674;727 331;7;0;2;3;15;0
202200048675;727 323;10;0;2;3;1;1
202200048675;727 330;7;0;2;2;1;1
202200048675;727 334;7;0;2;2;1;1
202200048676;727 322;31;0;2;1;21;1
202200048676;727 329;7;0;2;5;9;1
202200048677;727 321;3;0;2;4;1;1
202200048677;727 326;7;0;2;1;1;1
202200048678;727 319;7;0;2;1;1;2
202200048678;727 327;7;0;2;3;1;1
202200048679;727 318;33;8;0;1;1;1
202200048680;727 314;7;0;1;0;0;0
202200048681;727 315;7;1;0;1;2;1
202200048682;727 311;7;0;2;2;2;1
202200048682;727 317;7;0;2;2;2;1
202200048683;727 313;7;12;0;0;9;1
202200048683;727 316;1;0;2;3;0;5
202200048684;727 309;32;2;0;1;1;1
202200048685;727 308;7;0;2;2;16;0
202200048685;727 312;7;0;2;3;1;0
202200048686;727 305;7;0;2;3;19;1
202200048686;727 310;7;0;2;3;19;1
202200048687;727 306;50;0;2;1;1;3
202200048687;727 307;7;0;2;2;15;1
202200048688;727 304;1;0;0;1;1;5
202200048689;727 302;7;3;0;2;1;1
202200048690;727 301;10;0;0;0;0;1
202200048690;727 303;34;0;0;0;26;1
202200048691;727 298;31;0;0;0;26;1
202200048692;727 291;7;2;0;1;13;1
202200048693;727 296;7;0;9;2;2;1
202200048693;727 300;1;0;2;7;0;5
202200048694;727 292;2;0;2;1;1;1
202200048694;727 297;7;0;0;3;16;1
202200048695;727 293;7;0;2;4;1;1
202200048695;727 295;7;0;2;4;1;1
202200048695;727 299;7;0;2;1;1;1
202200048696;727 290;7;0;2;6;15;1
202200048696;727 294;33;0;2;1;1;1
202200048697;727 289;31;0;0;3;16;1
202200048698;727 286;7;6;9;1;1;1
202200048699;727 285;7;0;1;2;0;0
202200048700;727 283;7;0;1;1;1;1
202200048701;727 284;38;0;2;2;16;1
202200048701;727 287;1;0;2;3;26;5
202200048702;727 281;7;0;1;2;1;1
202200048703;727 280;1;0;0;0;1;5
202200048704;727 278;7;0;2;2;1;1
202200048704;727 279;7;0;2;6;23;1
202200048704;727 282;7;0;2;3;23;1
202200048704;727 288;7;0;2;3;16;1
202200048705;727 275;7;0;1;1;2;1
202200048706;727 274;7;0;2;4;2;1
202200048706;727 276;7;0;2;4;2;1
202200048706;727 277;7;0;2;1;2;1
202200048707;727 271;50;0;1;1;19;3
202200048708;727 270;7;0;0;3;13;1
202200048708;727 272;7;13;0;3;1;1
202200048709;727 269;50;0;2;1;1;3
202200048709;727 273;7;0;2;8;1;1
202200048710;727 267;7;0;1;1;1;1
202200048711;727 266;7;0;1;2;15;1
202200048712;727 265;14;0;1;2;1;1
202200048713;727 263;1;0;2;1;2;5
202200048713;727 268;7;0;2;4;2;1
202200048714;727 262;2;0;2;1;17;1
202200048714;727 264;7;0;2;1;1;1
202200048715;727 258;7;7;0;9;1;2
202200048716;727 260;7;0;2;1;9;1
202200048716;727 261;80;0;2;4;1;3
202200048717;727 256;30;0;2;1;0;1
202200048717;727 259;7;0;2;3;9;2
202200048718;727 257;2;0;1;1;2;1
202200048719;727 255;2;0;0;4;26;1
202200048720;727 252;32;9;2;1;13;1
202200048721;727 251;10;0;2;1;16;1
202200048721;727 254;1;0;2;7;1;5
202200048722;727 249;1;0;2;2;15;5
202200048722;727 253;7;0;2;3;9;1
202200048723;727 247;50;0;2;1;1;3
202200048723;727 250;7;0;2;4;23;1
202200048724;727 243;30;0;2;1;1;1
202200048724;727 246;7;0;2;8;1;1
202200048725;727 242;7;0;1;2;1;1
202200048726;727 244;1;0;2;7;19;5
202200048726;727 245;10;0;2;2;1;1
202200048727;727 240;7;0;1;2;1;1
202200048728;727 239;10;0;2;5;15;1
202200048728;727 241;33;0;2;1;1;1
202200048729;727 238;7;2;0;9;0;1
202200048730;727 233;41;0;2;1;2;1
202200048730;727 237;10;0;2;4;14;1
202200048731;727 228;7;0;2;1;1;1
202200048731;727 235;7;0;2;0;0;1
202200048732;727 225;7;0;1;1;1;1
202200048733;727 222;33;0;2;4;23;1
202200048733;727 226;10;0;2;3;2;1
202200048733;727 229;7;0;2;8;2;1
202200048733;727 234;7;0;2;4;2;2
202200048734;727 221;7;0;2;1;0;1
202200048734;727 223;7;0;2;1;5;1
202200048735;727 220;7;0;0;4;0;1
202200048735;727 224;10;0;2;2;1;1
202200048736;727 219;7;0;1;1;1;1
202200048737;727 218;7;0;1;1;1;3
202200048738;727 216;7;0;2;5;1;2
202200048738;727 217;33;0;2;1;1;1
202200048739;727 211;7;2;0;8;1;1
202200048740;727 213;7;0;2;2;15;1
202200048740;727 215;1;0;2;1;1;5
202200048741;727 209;7;0;0;3;19;1
202200048741;727 214;33;0;0;1;1;1
202200048742;727 207;7;0;2;1;15;1
202200048742;727 212;7;0;2;1;1;1
202200048743;727 205;7;0;2;1;2;0
202200048743;727 210;7;0;2;4;9;1
202200048744;727 204;7;0;2;1;1;1
202200048744;727 206;7;0;2;4;1;1
202200048744;727 208;7;0;2;4;1;1
202200048745;727 203;7;13;0;1;21;1
202200048746;727 200;7;0;2;3;1;1
202200048746;727 201;7;0;2;4;1;1
202200048747;727 198;7;0;0;3;1;1
202200048747;727 202;15;0;2;6;1;1
202200048748;727 194;30;0;2;3;7;1
202200048748;727 199;7;0;2;2;1;1
202200048749;727 195;7;0;0;9;1;1
202200048750;727 192;10;0;9;3;2;1
202200048750;727 197;50;0;2;3;0;3
202200048751;727 193;32;0;2;8;3;1
202200048751;727 196;7;0;2;7;1;1
202200048752;727 189;7;6;0;1;13;1
202200048753;727 188;7;0;1;2;16;1
202200048754;727 187;33;0;2;1;1;1
202200048754;727 190;7;0;2;3;10;1
202200048755;727 183;7;0;2;3;1;
202200048755;727 186;50;0;2;1;9;3
202200048756;727 184;7;0;2;8;15;1
202200048756;727 191;7;0;2;1;1;1
202200048757;727 182;7;0;2;0;0;0
202200048757;727 185;7;0;2;5;1;1
202200048758;727 181;10;0;1;3;1;1
202200048759;727 180;7;0;1;3;0;1
202200048760;727 173;7;0;2;3;15;1
202200048760;727 177;30;0;2;0;25;0
202200048761;727 174;7;0;2;5;12;1
202200048761;727 176;33;0;2;3;1;1
202200048762;727 167;7;0;2;1;1;1
202200048762;727 169;7;0;2;1;1;1
202200048763;727 163;33;14;0;2;1;1
202200048763;727 168;33;0;2;1;1;1
202200048763;727 172;33;0;2;1;1;1
202200048763;727 178;10;0;2;1;13;1
202200048764;727 165;33;4;0;8;13;1
202200048765;727 162;7;0;2;3;19;1
202200048765;727 164;3;0;2;5;0;1
202200048766;727 161;7;0;1;1;1;1
202200048767;727 157;7;6;0;2;14;1
202200048768;727 158;7;0;2;8;15;1
202200048768;727 160;10;0;2;1;1;1
202200048769;727 155;33;0;2;1;1;1
202200048769;727 159;7;0;2;3;15;1
202200048770;727 154;7;0;2;5;12;1
202200048770;727 156;33;0;2;3;1;1
202200048771;727 152;7;4;0;1;2;2
202200048772;727 151;7;0;0;4;1;1
202200048772;727 153;7;0;2;1;1;1
202200048773;727 149;7;1;0;1;13;1
202200048774;727 150;7;1;0;2;1;2
202200048775;727 147;7;0;1;3;16;1
202200048776;727 145;7;0;1;1;19;1
202200048777;727 141;33;0;2;1;2;1
202200048777;727 146;7;0;0;6;2;1
202200048778;727 142;7;0;2;4;9;1
202200048778;727 144;2;0;2;1;1;1
202200048779;727 137;31;0;2;3;3;1
202200048779;727 139;7;0;2;2;14;1
202200048780;727 135;33;0;0;0;1;1
202200048781;727 134;7;0;2;7;17;1
202200048781;727 136;7;0;2;3;15;1
202200048782;727 133;7;6;0;1;1;1
202200048783;727 132;30;9;0;1;2;1
202200048784;727 126;7;2;0;1;0;1
202200048785;727 127;1;0;0;9;1;5
202200048785;727 129;7;0;2;0;1;1
202200048785;727 131;7;0;9;2;1;1
202200048786;727 124;7;0;2;9;21;1
202200048787;727 123;10;0;2;4;2;1
202200048787;727 128;7;0;2;4;2;0
202200048787;727 130;7;0;2;1;2;0
202200048788;727 122;7;13;0;9;1;1
202200048789;727 125;7;13;0;1;15;1
202200048790;727 120;33;13;0;1;26;1
202200048791;727 115;7;0;1;2;1;1
202200048792;727 114;7;0;2;3;1;1
202200048792;727 119;1;0;2;1;1;5
202200048793;727 113;43;0;2;2;1;1
202200048793;727 118;7;0;2;5;11;1
202200048794;727 112;7;0;2;3;1;1
202200048794;727 117;7;0;2;3;13;1
202200048795;727 103;7;0;2;1;2;1
202200048795;727 110;7;0;0;4;2;1
202200048796;727 104;10;0;2;8;0;0
202200048796;727 109;10;0;2;1;20;0
202200048797;727 108;43;0;0;8;3;1
202200048798;727 101;7;0;0;6;2;1
202200048798;727 105;33;0;2;1;2;1
202200048799;727 102;7;4;2;3;1;1
202200048799;727 106;7;4;2;3;13;1
202200048800;727 100;21;0;2;6;1;1
202200048800;727 107;10;0;2;1;1;1
202200048801;727 098;33;0;1;2;1;1
202200048802;727 097;2;0;2;1;1;1
202200048802;727 099;7;0;2;3;1;1
202200048803;727 095;1;6;0;1;15;5
202200048804;727 094;31;13;0;7;1;1
202200048805;727 089;7;3;0;3;1;1
202200048806;727 087;7;0;2;1;1;1
202200048806;727 090;7;0;2;2;15;1
202200048807;727 092;32;0;2;8;12;1
202200048807;727 096;33;0;2;2;12;0
202200048808;727 086;33;0;2;8;1;1
202200048808;727 091;34;0;2;7;1;1
202200048808;727 093;33;0;2;7;14;1
202200048809;727 080;10;0;2;7;17;1
202200048809;727 084;7;0;2;3;15;1
202200048810;727 078;7;0;2;2;1;1
202200048810;727 082;50;0;2;2;1;3
202200048811;727 076;7;0;2;2;2;1
202200048811;727 079;7;0;2;2;2;0
202200048811;727 083;7;0;2;8;2;1
202200048812;727 075;7;6;0;1;14;1
202200048813;727 070;7;0;1;1;1;1
202200048814;727 069;7;0;2;2;1;1
202200048814;727 071;10;0;2;3;13;1
202200048815;727 068;7;0;2;1;15;1
202200048815;727 073;7;0;0;8;1;1
202200048816;727 067;7;0;0;1;13;1
202200048817;727 063;7;0;2;3;1;1
202200048817;727 066;7;0;2;3;0;1
202200048818;727 062;7;0;2;2;1;1
202200048818;727 065;7;0;2;1;16;1
202200048819;727 061;7;0;2;1;0;1
202200048819;727 064;7;0;2;3;0;1
202200048820;727 060;7;0;1;4;4;1
202200048821;727 059;7;0;1;7;1;1
202200048822;727 053;32;0;2;1;1;1
202200048822;727 057;7;0;2;5;15;1
202200048823;727 052;7;7;0;9;13;1
202200048824;727 051;1;0;2;7;2;5
202200048824;727 055;7;0;2;5;23;1
202200048824;727 058;37;0;9;6;26;2
202200048825;727 050;7;0;0;8;1;1
202200048825;727 056;7;0;2;7;17;1
202200048826;727 046;7;13;0;7;1;1
202200048827;727 047;7;0;2;2;1;1
202200048827;727 054;7;0;2;1;1;1
202200048828;727 044;2;0;2;2;1;1
202200048828;727 049;7;0;2;3;15;1
202200048829;727 043;7;13;2;1;13;1
202200048829;727 048;7;0;2;1;1;1
202200048830;727 041;10;0;2;0;1;1
202200048830;727 042;17;0;2;2;12;1
202200048830;727 045;7;0;2;3;1;1
202200048831;727 040;7;8;0;0;1;1
202200048832;727 035;7;16;0;0;1;1
202200048833;727 037;10;0;2;7;15;1
202200048833;727 039;33;0;2;1;1;1
202200048834;727 033;33;0;2;0;17;1
202200048834;727 036;7;0;2;8;1;1
202200048835;727 032;7;8;0;2;1;1
202200048836;727 031;7;0;0;4;2;1
202200048836;727 034;7;0;2;1;2;1
202200048837;727 038;33;0;1;1;1;1
202200048838;727 026;7;0;2;1;0;1
202200048838;727 029;1;0;2;7;26;5
202200048839;727 024;2;0;2;1;1;1
202200048839;727 028;10;0;2;3;1;1
202200048840;727 025;7;0;2;1;17;1
202200048840;727 027;10;0;2;1;1;1
202200048841;727 023;50;0;2;1;21;3
202200048842;727 019;7;9;1;1;1;2
202200048843;727 020;32;2;0;1;26;1
202200048844;727 016;43;0;1;1;1;1
202200048845;727 014;33;13;0;9;1;1
202200048846;727 015;2;0;2;7;17;1
202200048846;727 017;7;0;2;8;1;1
202200048846;727 021;7;0;2;6;1;1
202200048847;727 011;7;2;0;8;26;1
202200048848;727 013;7;2;0;1;0;1
202200048849;727 009;7;13;0;1;13;1
202200048850;727 008;43;0;2;7;3;1
202200048850;727 012;10;0;2;3;11;1
202200048851;727 007;33;0;2;3;17;1
202200048851;727 010;33;0;2;3;1;1
202200048852;727 006;1;0;0;0;15;5
202200048853;727 002;33;13;0;8;1;1
202200048854;727 001;7;0;2;3;1;2
202200048854;727 005;30;0;2;1;13;1
202200048855;727 000;7;0;0;1;15;1
202200048855;727 004;7;0;0;1;1;1
202200048856;727 003;43;15;0;3;13;1
202200048857;726 999;3;8;0;3;13;1
202200048858;726 997;7;16;0;1;1;1
202200048859;726 996;37;0;1;1;1;2
202200048860;726 993;7;2;2;1;20;2
202200048860;726 995;7;0;0;5;24;1
202200048861;726 994;7;0;1;1;15;1
202200048862;726 990;32;0;0;1;15;1
202200048863;726 989;7;3;0;1;1;1
202200048864;726 987;7;0;0;2;2;1
202200048864;726 991;1;0;2;4;2;5
202200048865;726 986;10;0;1;2;16;1
202200048866;726 985;10;0;2;3;2;1
202200048866;726 988;14;0;2;5;2;1
202200048866;726 992;17;0;0;4;1;1
202200048867;726 983;7;2;0;2;1;1
202200048868;726 979;7;0;2;1;0;1
202200048868;726 981;7;0;2;1;0;1
202200048869;726 978;7;0;2;2;12;1
202200048869;726 982;10;0;2;6;1;1
202200048869;726 984;7;0;2;3;1;1
202200048870;726 975;7;6;0;1;13;1
202200048871;726 976;33;13;0;1;17;1
202200048871;726 980;7;0;0;0;13;2
202200048872;726 974;7;0;2;3;15;1
202200048872;726 977;33;0;2;7;1;1
202200048873;726 967;7;0;2;1;1;1
202200048873;726 971;7;0;2;1;13;1
202200048874;726 969;30;0;2;7;1;1
202200048874;726 972;7;0;2;3;9;1
202200048875;726 968;7;0;0;0;14;1
202200048876;726 970;50;0;2;1;5;3
202200048876;726 973;7;0;2;1;1;0
202200048877;726 965;33;0;2;1;2;1
202200048877;726 966;10;0;0;6;2;1
202200048878;726 961;1;0;2;1;1;5
202200048878;726 964;7;0;2;8;22;1
202200048879;726 960;7;0;2;1;13;1
202200048879;726 963;14;0;2;1;1;1
202200048880;726 958;7;0;2;1;1;1
202200048880;726 962;7;0;2;3;1;1
202200048881;726 957;7;0;2;3;15;1
202200048881;726 959;30;0;2;1;17;1
202200048882;726 954;7;2;0;1;1;1
202200048883;726 953;1;0;2;1;9;5
202200048883;726 955;37;0;9;5;1;4
202200048884;726 950;80;0;2;1;1;3
202200048884;726 952;7;0;2;6;22;2
202200048885;726 945;7;0;2;3;9;1
202200048885;726 948;33;0;0;7;16;1
202200048886;726 946;32;0;1;2;1;1
202200048887;726 947;7;0;2;3;1;1
202200048887;726 949;33;0;2;1;1;1
202200048888;726 942;7;0;2;3;1;1
202200048888;726 944;7;0;2;3;11;1
202200048889;726 941;31;15;2;0;0;1
202200048889;726 943;7;0;0;0;5;1
202200048890;726 940;7;2;0;3;1;1
202200048891;726 939;7;8;0;1;16;1
202200048892;726 936;7;0;0;9;26;1
202200048893;726 934;7;0;2;6;1;1
202200048893;726 937;7;0;2;3;13;2
202200048894;726 932;32;0;1;1;1;1
202200048895;726 935;10;0;1;1;15;1
202200048896;726 931;80;0;0;0;1;3
202200048896;726 933;10;0;0;0;13;1
202200048897;726 928;33;0;2;1;2;1
202200048897;726 930;33;0;2;4;1;1
202200048898;726 925;7;0;2;8;9;1
202200048898;726 929;2;0;2;7;9;1
202200048899;726 924;7;0;2;5;14;1
202200048899;726 927;50;0;2;8;1;3
202200048900;726 923;7;0;2;3;15;1
202200048900;726 926;32;0;2;8;16;1
202200048901;726 919;32;0;5;3;1;1
202200048902;726 918;10;3;2;3;1;1
202200048902;726 921;3;0;2;1;13;1
202200048903;726 917;7;6;0;1;2;1
202200048904;726 916;80;0;1;1;25;3
202200048905;726 913;7;0;1;2;1;1
202200048906;726 912;7;0;2;1;17;1
202200048906;726 914;10;0;2;3;1;1