Num_Acc;id_vehicule;categorie_vehicule;obstacle_fixe;obstacle_mobile;point_choc_initial;manoeuvre_principale;motorisation
202200048907;726 911;1;11;0;1;11;5
202200048908;726 908;7;0;2;1;5;1
202200048908;726 909;7;0;2;1;1;1
202200048909;726 910;7;0;2;1;1;1
202200048909;726 915;7;0;2;7;1;0
202200048910;726 906;21;13;0;3;1;1
202200048911;726 904;7;0;2;4;2;1
202200048911;726 907;7;0;2;1;2;1
202200048912;726 902;13;0;2;2;16;1
202200048912;726 905;50;0;2;1;19;3
202200048913;726 901;7;0;2;4;1;2
202200048913;726 903;33;0;2;1;2;1
202200048914;726 899;33;0;0;8;1;1
202200048915;726 898;7;0;2;2;1;0
202200048915;726 900;50;0;2;1;1;3
202200048916;726 894;7;0;2;4;2;1
202200048916;726 897;7;0;2;1;1;1
202200048917;726 895;7;0;1;4;4;1
202200048918;726 892;33;0;2;1;0;1
202200048918;726 893;7;0;2;5;0;2
202200048918;726 896;7;0;2;4;0;1
202200048919;726 888;7;0;2;2;0;1
202200048919;726 889;33;0;2;8;0;1
202200048920;726 886;50;12;0;1;14;3
202200048921;726 887;50;0;2;8;19;3
202200048921;726 890;33;0;2;1;1;1
202200048922;726 885;7;0;2;8;19;1
202200048922;726 891;7;0;2;1;1;1
202200048923;726 884;7;3;0;2;1;1
202200048924;726 880;80;12;0;0;14;3
202200048925;726 879;43;0;2;1;2;1
202200048925;726 883;7;0;2;6;2;1
202200048926;726 877;7;0;0;0;1;1
202200048926;726 881;2;14;0;0;17;1
202200048927;726 876;7;3;0;1;2;1
202200048928;726 878;32;0;2;1;1;1
202200048928;726 882;1;0;2;8;15;5
202200048929;726 870;10;0;1;1;1;1
202200048930;726 872;7;0;2;3;15;1
202200048930;726 875;34;0;2;1;1;1
202200048931;726 868;33;0;2;2;2;1
202200048931;726 871;10;0;2;2;9;1
202200048932;726 866;7;0;2;1;1;1
202200048932;726 869;7;3;2;4;2;1
202200048932;726 873;7;0;2;5;23;1
202200048933;726 867;7;0;2;1;1;2
202200048933;726 874;7;0;2;1;5;1
202200048934;726 860;17;0;2;1;2;1
202200048934;726 863;17;0;2;4;2;1
202200048934;726 865;17;0;2;4;2;1
202200048935;726 857;7;0;2;8;18;0
202200048935;726 861;7;0;2;1;2;1
202200048936;726 862;7;0;2;5;20;2
202200048936;726 864;32;0;2;3;1;1
202200048937;726 858;7;0;1;3;1;1
202200048938;726 859;43;0;1;1;1;1
202200048939;726 855;7;0;1;1;16;2
202200048940;726 853;34;0;1;1;7;1
202200048941;726 851;10;0;2;1;2;1
202200048941;726 856;17;0;2;4;2;1
202200048942;726 850;7;0;2;8;0;1
202200048942;726 852;50;0;2;1;0;3
202200048943;726 844;7;0;2;3;13;1
202200048943;726 849;7;0;2;3;1;1
202200048944;726 846;7;0;2;1;1;1
202200048944;726 848;7;0;2;1;15;1
202200048945;726 845;1;0;2;1;1;5
202200048945;726 847;10;0;2;3;16;1
202200048946;726 841;7;0;2;6;2;1
202200048946;726 843;7;4;2;2;2;1
202200048947;726 838;7;13;0;2;1;1
202200048948;726 836;7;0;2;6;26;1
202200048948;726 840;7;0;2;1;1;1
202200048949;726 837;43;1;0;5;17;0
202200048949;726 842;7;0;2;3;14;0
202200048950;726 835;7;0;2;0;16;1
202200048950;726 839;1;0;2;0;1;5
202200048951;726 833;7;6;0;6;4;1
202200048952;726 831;7;0;1;2;1;1
202200048953;726 832;17;0;2;1;14;1
202200048953;726 834;7;0;2;0;1;0
202200048954;726 826;33;0;2;8;1;1
202200048954;726 830;7;0;2;1;1;1
202200048955;726 827;7;0;2;2;20;1
202200048955;726 829;7;9;2;2;0;1
202200048956;726 824;7;0;2;1;2;1
202200048956;726 828;7;0;2;4;2;1
202200048957;726 819;7;0;0;0;23;1
202200048957;726 822;7;16;2;4;2;1
202200048957;726 825;7;0;2;4;1;1
202200048958;726 818;16;0;1;7;20;1
202200048959;726 817;10;0;1;1;26;1
202200048960;726 816;32;0;2;8;18;1
202200048960;726 820;7;0;2;2;16;1
202200048961;726 814;7;15;;3;21;1
202200048962;726 813;7;0;2;6;1;1
202200048962;726 815;7;0;2;5;1;3
202200048962;726 821;33;0;2;7;3;1
202200048962;726 823;7;0;2;8;11;1
202200048963;726 810;33;0;2;1;17;1
202200048963;726 812;7;0;2;8;10;1
202200048964;726 806;50;0;2;1;1;3
202200048964;726 811;7;0;2;1;1;1
202200048965;726 804;7;0;2;3;15;1
202200048965;726 809;33;0;2;8;16;1
202200048966;726 805;7;0;2;3;11;2
202200048966;726 808;32;0;2;1;1;1
202200048967;726 803;15;0;2;6;2;6
202200048967;726 807;7;0;2;2;2;1
202200048968;726 802;50;0;1;7;0;3
202200048969;726 800;32;0;2;1;3;1
202200048969;726 801;10;0;2;6;11;1
202200048970;726 799;7;0;1;3;15;1
202200048971;726 794;1;0;0;0;1;5
202200048971;726 795;7;0;0;0;24;1
202200048972;726 793;7;4;0;1;1;1
202200048973;726 792;7;0;2;1;1;1
202200048973;726 798;33;0;2;1;1;1
202200048974;726 791;34;0;0;7;3;1
202200048975;726 790;10;0;1;3;21;1
202200048976;726 788;7;4;2;2;1;1
202200048976;726 789;32;4;2;1;11;1
202200048977;726 787;7;13;0;2;14;1
202200048978;726 785;7;9;0;1;14;1
202200048979;726 784;17;0;2;1;14;1
202200048979;726 786;7;0;2;4;13;1
202200048980;726 782;30;0;1;1;1;0
202200048981;726 777;1;12;0;8;1;5
202200048982;726 778;1;0;2;0;0;0
202200048982;726 779;7;16;2;1;9;0
202200048983;726 775;14;0;2;3;1;1
202200048983;726 776;7;0;2;1;13;1
202200048984;726 773;33;17;0;1;13;1
202200048985;726 774;50;0;1;3;1;3
202200048986;726 772;10;1;0;1;1;1
202200048987;726 771;7;0;1;7;1;1
202200048988;726 766;7;0;2;6;1;2
202200048988;726 767;7;0;2;3;13;1
202200048989;726 765;7;0;2;2;9;1
202200048989;726 768;32;0;2;0;0;1
202200048990;726 763;1;0;9;3;1;5
202200048990;726 764;7;0;9;2;15;1
202200048991;726 761;7;2;0;3;0;1
202200048992;726 760;2;0;0;7;1;1
202200048993;726 759;7;0;2;0;15;1
202200048993;726 762;30;0;2;0;1;1
202200048994;726 757;7;0;2;7;26;1
202200048994;726 758;2;0;2;1;9;1
202200048995;726 755;7;14;1;1;0;1
202200048996;726 754;14;0;0;5;1;1
202200048996;726 756;2;0;2;1;1;1
202200048997;726 751;7;0;2;1;0;1
202200048997;726 752;7;0;2;1;1;1
202200048998;726 750;7;0;2;3;15;1
202200048998;726 753;31;0;2;1;17;1
202200048999;726 748;7;0;2;1;1;1
202200048999;726 749;7;0;2;3;1;1
202200049000;726 746;7;0;2;3;13;1
202200049000;726 747;7;0;2;3;1;1
202200049001;726 745;7;0;0;1;0;1
202200049002;726 742;1;0;2;6;19;5
202200049002;726 744;33;0;2;1;1;1
202200049003;726 741;2;0;2;1;1;1
202200049003;726 743;7;0;2;8;19;1
202200049004;726 739;1;0;2;1;1;5
202200049004;726 740;7;0;2;1;15;1
202200049005;726 738;7;6;0;1;1;1
202200049006;726 737;21;17;0;0;1;1
202200049007;726 734;7;0;1;2;1;1
202200049008;726 735;7;0;2;1;1;1
202200049008;726 736;7;0;2;3;1;1
202200049009;726 733;7;0;1;0;2;1
202200049010;726 732;7;0;1;1;1;1
202200049011;726 730;10;0;2;5;26;1
202200049011;726 731;33;1;2;3;15;1
202200049012;726 727;2;0;2;1;17;1
202200049012;726 729;7;0;2;3;15;1
202200049013;726 725;7;8;0;2;1;1
202200049014;726 723;7;1;0;3;20;1
202200049014;726 724;50;1;2;1;1;3
202200049015;726 721;7;0;2;5;17;1
202200049015;726 722;7;0;2;3;1;1
202200049016;726 719;50;12;0;8;19;3
202200049016;726 720;7;11;9;1;26;1
202200049017;726 718;7;0;1;1;1;1
202200049018;726 716;1;0;0;0;1;5
202200049019;726 715;80;0;2;1;0;3
202200049019;726 717;43;0;2;1;0;1
202200049020;726 713;7;1;0;1;13;1
202200049021;726 712;10;13;0;2;1;1
202200049022;726 709;10;0;2;6;24;1
202200049022;726 710;7;1;0;2;14;1
202200049023;726 708;7;0;2;7;9;1
202200049023;726 711;33;0;2;8;1;0
202200049024;726 707;10;0;0;1;1;1
202200049025;726 705;7;6;0;1;1;1
202200049026;726 706;7;0;1;4;26;1
202200049027;726 703;7;0;1;1;0;2
202200049028;726 704;10;3;0;0;9;1
202200049029;726 702;7;6;9;2;1;1
202200049030;726 700;7;0;2;1;15;1
202200049030;726 701;33;0;2;8;1;1
202200049031;726 698;30;0;2;8;1;1
202200049031;726 699;15;0;2;8;1;0
202200049032;726 695;10;0;2;1;2;1
202200049032;726 697;7;0;0;4;2;1
202200049033;726 694;7;0;2;1;2;1
202200049033;726 696;37;0;2;6;2;1
202200049034;726 693;7;1;0;3;1;1
202200049035;726 692;33;8;0;1;13;1
202200049036;726 689;10;0;2;0;0;0
202200049036;726 690;33;15;2;7;17;1
202200049037;726 687;7;0;1;1;1;1
202200049038;726 684;14;1;0;4;26;1
202200049038;726 685;7;0;2;1;0;1
202200049038;726 686;7;0;6;1;0;1
202200049039;726 683;7;13;0;7;14;1
202200049040;726 681;33;0;0;3;1;1
202200049040;726 682;7;0;2;2;15;1
202200049041;726 679;7;0;2;2;1;3
202200049041;726 680;7;0;2;1;1;1
202200049042;726 677;32;0;2;1;18;1
202200049042;726 678;7;0;0;2;16;1
202200049043;726 676;1;12;0;2;1;5
202200049044;726 674;7;0;2;2;21;1
202200049044;726 675;7;0;2;3;1;1
202200049045;726 671;31;0;0;0;26;1
202200049046;726 672;31;0;2;0;15;1
202200049046;726 673;33;0;2;0;21;1
202200049047;726 669;10;0;2;3;15;1
202200049047;726 670;33;0;2;1;1;1
202200049048;726 668;10;0;1;4;26;1
202200049049;726 666;7;0;2;2;1;3
202200049049;726 667;1;0;2;7;16;5
202200049050;726 665;7;0;1;8;1;1
202200049051;726 664;33;11;0;1;17;1
202200049052;726 662;7;0;2;3;9;1
202200049052;726 663;50;0;2;1;25;3
202200049053;726 660;10;0;2;5;9;1
202200049053;726 661;1;0;2;1;1;5
202200049054;726 657;7;0;2;3;1;2
202200049054;726 658;7;3;2;3;13;1
202200049055;726 656;7;0;2;1;2;1
202200049055;726 659;7;0;2;7;11;1
202200049056;726 655;7;2;0;9;5;1
202200049057;726 651;33;0;2;7;17;1
202200049057;726 653;7;0;2;1;15;1
202200049058;726 649;7;0;0;5;15;2
202200049058;726 650;33;0;2;1;2;1
202200049059;726 652;7;0;2;3;15;1
202200049059;726 654;2;0;2;1;1;1
202200049060;726 644;7;0;9;2;15;1
202200049060;726 646;1;0;0;5;1;5
202200049061;726 645;7;0;2;1;1;1
202200049061;726 647;1;0;2;2;1;5
202200049062;726 638;7;0;2;1;2;1
202200049062;726 639;32;0;2;4;2;1
202200049063;726 640;7;0;2;2;15;2
202200049063;726 641;1;0;2;1;19;5
202200049064;726 630;7;0;2;1;2;1
202200049064;726 632;7;0;2;4;2;1
202200049064;726 633;7;0;2;4;2;1
202200049064;726 634;7;0;2;4;2;1
202200049064;726 635;7;0;2;4;2;1
202200049064;726 636;7;0;2;4;2;1
202200049064;726 637;7;0;2;4;1;1
202200049065;726 629;7;13;0;9;1;1
202200049066;726 626;33;0;2;1;2;1
202200049066;726 627;10;0;2;7;2;1
202200049067;726 628;7;0;2;3;15;1
202200049067;726 631;7;0;2;3;0;1
202200049068;726 624;7;0;2;3;0;2
202200049068;726 625;7;1;0;2;14;1
202200049069;726 621;7;0;2;7;12;1
202200049069;726 623;32;0;2;8;1;1
202200049070;726 620;7;0;2;8;2;1
202200049070;726 622;2;0;2;1;2;1
202200049071;726 617;7;0;2;2;12;1
202200049071;726 618;33;0;2;3;3;1
202200049071;726 619;10;0;2;5;0;1
202200049072;726 616;7;0;1;3;1;1
202200049073;726 614;7;0;2;2;2;1
202200049073;726 615;10;0;0;5;2;1
202200049074;726 612;10;0;2;1;2;0
202200049074;726 613;7;14;0;4;1;6
202200049075;726 611;50;0;1;0;1;3
202200049076;726 609;1;0;1;1;1;5
202200049077;726 610;7;0;0;9;1;1
202200049078;726 608;30;0;0;8;1;1
202200049079;726 606;7;0;2;3;1;1
202200049079;726 607;7;0;2;4;20;1
202200049080;726 604;80;0;2;1;1;3
202200049080;726 605;50;0;2;1;13;3
202200049081;726 602;80;0;2;1;1;3
202200049081;726 603;7;0;2;3;1;1
202200049082;726 600;7;0;2;0;0;1
202200049082;726 601;7;0;0;0;0;1
202200049083;726 598;7;0;2;1;15;1
202200049083;726 599;7;0;2;8;23;1
202200049084;726 596;7;0;2;7;1;1
202200049084;726 597;60;0;2;1;19;5
202200049085;726 595;7;0;1;4;4;1
202200049086;726 593;7;0;2;6;9;1
202200049086;726 594;31;0;2;5;1;1
202200049087;726 590;33;0;2;1;1;1
202200049087;726 592;7;0;2;3;15;1
202200049088;726 587;7;0;2;1;19;1
202200049088;726 589;7;0;2;2;1;1
202200049089;726 585;7;0;2;1;2;1
202200049089;726 586;7;0;2;4;2;1
202200049089;726 588;7;0;2;4;2;1
202200049090;726 583;99;0;2;8;15;1
202200049090;726 584;30;0;2;1;1;1
202200049091;726 579;10;;2;;0;
202200049091;726 581;34;0;2;8;15;1
202200049092;726 576;7;0;2;3;1;1
202200049092;726 577;7;0;2;5;15;1
202200049093;726 575;33;0;2;1;17;1
202200049093;726 578;14;0;2;3;15;1
202200049094;726 573;10;0;2;1;1;1
202200049094;726 574;32;0;2;4;1;1
202200049095;726 571;7;0;2;1;0;1
202200049095;726 572;1;0;2;4;0;5
202200049096;726 569;7;0;2;1;23;1
202200049096;726 570;7;0;2;6;1;1
202200049097;726 566;32;0;2;1;1;1
202200049097;726 567;7;0;2;2;1;1
202200049098;726 565;7;0;2;1;1;1
202200049098;726 568;10;0;2;2;1;1
202200049099;726 563;7;0;2;2;1;1
202200049099;726 564;7;0;2;1;1;1
202200049100;726 560;7;14;0;1;26;1
202200049100;726 561;7;0;2;7;26;1
202200049100;726 562;7;0;2;4;23;1
202200049101;726 558;7;0;0;0;0;1
202200049101;726 559;30;0;0;0;0;1
202200049102;726 555;80;0;2;3;13;3
202200049102;726 556;33;0;2;1;1;1
202200049103;726 554;31;0;2;1;1;1
202200049103;726 557;7;0;2;3;15;1
202200049104;726 552;7;0;2;1;1;0
202200049104;726 553;2;0;2;3;1;1
202200049105;726 550;2;0;2;1;0;1
202200049105;726 551;7;0;2;6;0;1
202200049106;726 548;2;0;2;2;12;1
202200049106;726 549;7;0;2;8;9;1
202200049107;726 545;7;0;2;5;2;1
202200049107;726 547;7;0;2;3;2;1
202200049108;726 546;7;2;5;9;13;1
202200049109;726 543;7;0;1;1;1;1
202200049110;726 537;31;0;2;7;1;1
202200049110;726 539;34;0;2;1;2;1
202200049110;726 541;7;0;2;6;2;1
202200049111;726 538;2;0;2;4;2;1
202200049111;726 540;3;0;2;4;0;1
202200049111;726 542;7;0;2;1;2;1
202200049111;726 544;7;0;2;4;2;1
202200049112;726 535;33;12;0;3;13;1
202200049113;726 534;7;0;2;1;1;1
202200049113;726 536;30;0;2;7;1;1
202200049114;726 532;50;0;2;7;1;3
202200049114;726 533;33;0;2;1;1;1
202200049115;726 529;17;0;2;2;16;
202200049115;726 531;1;0;2;6;1;5
202200049116;726 528;30;0;2;3;18;1
202200049116;726 530;7;0;2;7;16;2
202200049117;726 527;7;0;1;1;26;2
202200049118;726 525;33;0;2;7;16;1
202200049118;726 526;32;0;2;3;18;1
202200049119;726 521;33;0;2;8;3;1
202200049119;726 523;7;0;2;7;12;1
202200049119;726 524;10;0;2;8;1;1
202200049120;726 520;7;0;2;1;2;2
202200049120;726 522;30;0;2;6;23;1
202200049121;726 518;50;0;1;1;17;3
202200049122;726 517;17;0;2;2;12;1
202200049122;726 519;7;0;2;8;1;1
202200049123;726 514;43;0;2;1;1;1
202200049123;726 516;7;0;2;7;15;1
202200049124;726 513;43;0;2;2;17;1
202200049124;726 515;7;0;2;3;15;1
202200049125;726 510;33;0;2;4;23;1
202200049125;726 512;7;0;2;1;2;0
202200049126;726 509;30;0;2;2;1;1
202200049126;726 511;7;0;2;2;15;1
202200049127;726 508;37;0;1;7;7;6
202200049128;726 505;43;0;2;1;1;1
202200049128;726 506;7;0;2;7;16;2
202200049129;726 504;7;0;2;8;4;0
202200049129;726 507;1;0;2;8;15;5
202200049130;726 501;31;0;2;4;2;1
202200049130;726 503;7;0;2;1;2;1
202200049131;726 500;7;0;2;2;2;3
202200049131;726 502;7;0;2;6;23;1
202200049132;726 498;43;12;0;3;13;1
202200049133;726 497;7;0;2;5;22;1
202200049133;726 499;1;0;2;1;1;5
202200049134;726 495;33;0;1;1;18;1
202200049135;726 494;10;0;2;1;2;1
202200049135;726 496;7;0;2;4;2;1
202200049136;726 492;50;0;2;1;2;3
202200049136;726 493;10;0;2;5;2;1
202200049137;726 490;32;0;2;8;18;1
202200049137;726 491;7;0;2;7;16;1
202200049138;726 489;50;0;0;0;1;3
202200049139;726 487;10;0;2;7;16;6
202200049139;726 488;80;0;2;1;1;3
202200049140;726 486;7;0;1;2;16;0
202200049141;726 481;7;0;2;8;1;1
202200049141;726 483;60;0;2;1;1;5
202200049142;726 482;7;0;2;3;1;1
202200049142;726 484;1;0;2;4;2;5
202200049142;726 485;32;0;2;1;2;1
202200049143;726 478;7;0;2;3;22;3
202200049143;726 479;1;0;2;1;1;5
202200049144;726 477;7;0;2;7;0;1
202200049144;726 480;7;0;2;3;2;1
202200049145;726 473;7;0;2;3;19;1
202200049145;726 475;34;0;2;1;17;1
202200049146;726 474;1;0;2;1;1;5
202200049146;726 476;14;0;2;7;22;1
202200049147;726 470;7;0;2;6;2;1
202200049147;726 471;7;0;2;2;2;1
202200049148;726 469;1;0;2;1;16;5
202200049148;726 472;43;0;2;1;5;1
202200049149;726 466;1;12;0;1;14;5
202200049150;726 465;34;0;2;8;1;0
202200049150;726 467;7;0;2;2;15;0
202200049150;726 468;7;0;2;2;23;6
202200049151;726 462;1;0;2;1;1;5
202200049151;726 464;10;0;2;8;22;1
202200049152;726 461;33;0;2;6;15;1
202200049152;726 463;7;0;2;2;17;1
202200049153;726 460;1;0;0;0;1;5
202200049154;726 459;10;0;1;7;16;1
202200049155;726 458;7;0;1;2;15;1
202200049156;726 454;7;0;1;2;2;1
202200049157;726 455;7;0;2;4;2;1
202200049157;726 456;7;0;2;4;23;1
202200049157;726 457;10;0;2;1;2;1
202200049158;726 453;7;1;0;4;2;1
202200049159;726 451;31;0;2;1;1;1
202200049159;726 452;7;0;2;8;1;3
202200049160;726 450;7;1;0;2;13;1
202200049161;726 448;32;0;1;1;17;1
202200049162;726 447;7;0;2;8;13;1
202200049162;726 449;33;0;2;8;3;1
202200049163;726 445;50;0;2;3;1;3
202200049163;726 446;32;0;9;3;1;1
202200049164;726 443;7;0;2;8;26;1
202200049164;726 444;7;0;2;1;1;1
202200049165;726 441;32;0;2;8;13;1
202200049165;726 442;7;0;2;7;1;1
202200049166;726 440;7;1;2;4;0;1
202200049167;726 438;7;2;0;1;0;1
202200049168;726 437;1;0;2;7;1;5
202200049168;726 439;33;0;2;1;9;1
202200049169;726 436;34;0;1;1;1;1
202200049170;726 435;7;1;1;0;2;0
202200049171;726 432;7;0;9;6;1;1
202200049171;726 434;80;0;2;1;5;3
202200049172;726 431;1;1;2;1;5;5
202200049172;726 433;7;1;0;2;16;1
202200049173;726 429;7;0;2;2;1;1
202200049173;726 430;1;15;2;3;21;5
202200049174;726 426;50;0;2;1;1;3
202200049174;726 428;7;0;2;1;15;1
202200049175;726 425;32;0;2;0;13;1
202200049175;726 427;7;0;0;0;26;1
202200049176;726 421;7;0;2;1;5;1
202200049176;726 424;7;0;2;1;1;1
202200049177;726 420;7;0;2;2;1;2
202200049177;726 422;7;0;2;6;23;1
202200049177;726 423;7;0;2;8;23;1
202200049178;726 416;7;0;2;3;1;1
202200049178;726 418;7;0;2;2;15;1
202200049179;726 417;7;0;2;1;1;1
202200049179;726 419;7;0;2;4;1;1
202200049180;726 414;21;0;2;8;1;1
202200049180;726 415;31;0;2;8;13;1
202200049181;726 412;14;0;2;3;1;1
202200049181;726 413;7;0;2;3;13;1
202200049182;726 409;33;0;2;1;17;1
202200049182;726 410;7;0;2;3;1;1
202200049183;726 408;7;17;0;1;1;1
202200049184;726 406;7;0;9;2;9;1
202200049184;726 407;1;0;2;1;1;5
202200049185;726 403;33;0;2;1;1;1
202200049185;726 404;10;0;2;5;15;1
202200049186;726 402;7;0;1;1;1;1
202200049187;726 401;7;2;0;1;1;1
202200049188;726 405;10;0;2;1;15;1
202200049188;726 411;99;0;2;8;1;3
202200049189;726 400;33;0;0;8;1;1
202200049190;726 398;7;0;2;1;13;1
202200049190;726 399;7;0;2;1;1;1
202200049191;726 397;7;3;0;1;0;1
202200049192;726 395;7;0;2;3;13;1
202200049192;726 396;33;0;2;2;17;1
202200049193;726 392;1;0;2;3;15;5
202200049193;726 393;10;0;9;5;17;1
202200049194;726 391;7;0;1;3;1;1
202200049195;726 389;7;0;2;2;13;1
202200049195;726 390;7;0;2;2;1;1
202200049196;726 394;1;0;0;1;26;5
202200049197;726 388;7;13;0;2;1;1
202200049198;726 386;1;1;0;3;5;5
202200049198;726 387;7;0;0;3;24;1
202200049199;726 385;7;0;1;0;1;0
202200049200;726 382;33;0;2;1;17;1
202200049200;726 384;7;0;2;3;15;1
202200049201;726 381;2;0;0;0;0;1
202200049202;726 380;10;0;1;2;2;0
202200049203;726 377;7;0;2;1;1;1
202200049203;726 378;7;0;2;7;13;1
202200049204;726 374;7;0;2;5;15;1
202200049204;726 375;1;0;2;1;1;5
202200049205;726 379;33;0;2;0;1;1
202200049205;726 383;30;14;0;2;26;1
202200049206;726 372;10;0;2;7;1;1
202200049206;726 373;7;0;2;1;9;1
202200049207;726 369;7;0;0;4;1;1
202200049207;726 370;7;0;2;1;1;1
202200049207;726 371;15;0;2;3;1;1
202200049208;726 367;7;0;2;5;15;1
202200049208;726 368;2;0;2;1;1;1
202200049209;726 365;7;2;0;1;1;1
202200049210;726 364;50;0;0;1;1;3
202200049211;726 362;7;0;2;1;2;1
202200049211;726 363;7;0;2;4;1;1
202200049212;726 358;1;0;0;9;21;5
202200049212;726 360;1;0;2;3;2;5
202200049212;726 361;7;0;2;7;17;1
202200049213;726 356;7;0;2;3;1;1
202200049213;726 357;7;0;2;1;13;1
202200049214;726 354;33;4;2;7;17;1
202200049214;726 355;7;0;2;8;17;0
202200049215;726 353;36;0;0;0;0;1
202200049216;726 359;30;0;2;7;26;1
202200049216;726 366;7;0;2;1;19;1
202200049217;726 352;33;8;0;3;1;1
202200049218;726 351;7;16;0;1;19;1
202200049219;726 348;7;0;2;2;15;1
202200049219;726 350;7;1;2;9;21;1
202200049220;726 347;32;0;2;3;0;1
202200049220;726 349;30;0;2;2;0;3
202200049221;726 343;2;0;0;7;16;1
202200049222;726 344;7;0;2;1;9;1
202200049222;726 345;7;0;2;3;17;1
202200049222;726 346;7;16;2;8;1;1
202200049223;726 341;33;0;0;4;26;1
202200049224;726 340;2;0;2;3;13;1
202200049224;726 342;7;0;2;3;1;1
202200049225;726 339;30;0;0;7;1;3
202200049226;726 337;2;0;2;1;1;1
202200049226;726 338;7;0;2;3;15;1
202200049227;726 335;7;0;0;3;0;0
202200049227;726 336;32;0;1;0;21;1
202200049228;726 334;7;10;0;1;2;1
202200049229;726 331;7;0;0;0;2;1
202200049229;726 332;33;0;2;0;2;1
202200049230;726 330;50;0;2;1;1;3
202200049230;726 333;7;0;2;3;15;1
202200049231;726 328;14;0;2;3;15;1
202200049231;726 329;33;0;2;1;1;1
202200049232;726 327;7;0;1;1;1;1
202200049233;726 325;99;6;0;1;1;3
202200049234;726 324;7;0;2;2;9;1
202200049234;726 326;30;0;2;1;1;1
202200049235;726 322;7;0;1;1;2;1
202200049236;726 321;2;0;2;2;17;1
202200049236;726 323;7;0;2;3;9;1
202200049237;726 318;7;0;0;4;2;1
202200049237;726 320;7;0;2;1;2;1
202200049238;726 317;7;0;2;8;15;3
202200049238;726 319;2;0;2;2;17;1
202200049239;726 314;7;7;2;3;1;1
202200049239;726 316;7;0;2;2;19;1
202200049240;726 315;7;0;0;9;14;1
202200049241;726 312;32;10;0;2;1;1
202200049242;726 311;7;0;2;1;1;2
202200049242;726 313;7;0;2;1;5;1
202200049243;726 310;7;0;0;9;1;1
202200049244;726 307;14;0;0;0;2;1
202200049244;726 308;33;0;2;0;17;1
202200049245;726 306;7;0;1;2;1;1
202200049246;726 303;2;0;2;1;19;1
202200049246;726 305;7;8;2;7;1;1
202200049247;726 302;33;0;0;4;0;1
202200049247;726 304;33;0;0;1;0;1
202200049248;726 301;10;0;1;2;16;0
202200049249;726 298;7;0;2;5;9;1
202200049249;726 299;33;0;2;1;18;1
202200049250;726 297;10;0;0;6;15;1
202200049250;726 300;33;0;2;3;17;1
202200049251;726 296;7;2;0;1;13;1
202200049252;726 294;7;0;0;1;2;1
202200049252;726 295;7;0;2;1;5;1
202200049253;726 293;7;4;0;2;14;1
202200049254;726 292;33;0;0;8;1;1
202200049255;726 290;33;0;2;1;0;1
202200049255;726 291;7;0;2;3;15;1
202200049256;726 287;7;0;6;1;1;1
202200049257;726 286;7;13;0;1;1;1
202200049258;726 284;7;0;2;3;13;1
202200049258;726 285;7;3;2;3;1;1
202200049259;726 283;7;0;1;3;1;1
202200049260;726 281;7;10;0;2;1;1
202200049261;726 282;33;13;0;0;1;1
202200049262;726 279;7;17;0;2;1;1
202200049263;726 278;7;0;0;1;2;1
202200049263;726 280;7;0;0;6;15;1
202200049264;726 275;7;0;2;7;1;1
202200049264;726 277;1;0;0;8;1;5
202200049265;726 274;7;0;2;2;1;1
202200049265;726 276;10;0;2;3;19;1
202200049266;726 271;7;0;9;1;15;1
202200049266;726 272;1;0;2;4;16;5
202200049267;726 270;36;0;9;8;9;1
202200049267;726 273;80;0;2;4;1;3
202200049268;726 268;7;0;2;4;1;1
202200049268;726 269;7;0;2;1;2;1
202200049269;726 266;7;0;2;2;16;1
202200049269;726 267;50;0;2;1;25;3
202200049270;726 263;7;0;2;1;15;1
202200049270;726 265;7;0;2;8;1;1
202200049271;726 262;1;0;2;1;1;5
202200049271;726 264;34;0;2;8;15;1
202200049272;726 260;37;0;2;2;1;1
202200049272;726 261;7;0;2;2;13;1
202200049273;726 259;7;15;0;9;1;1
202200049274;726 256;10;0;1;3;1;1
202200049275;726 254;7;2;0;8;1;1
202200049276;726 253;7;0;9;3;15;1
202200049276;726 255;1;0;2;3;1;5
202200049277;726 250;7;0;2;2;15;1
202200049277;726 251;31;0;2;2;1;1
202200049278;726 249;7;0;2;1;1;1
202200049278;726 252;10;0;2;7;19;1
202200049279;726 247;7;6;0;1;1;1
202200049280;726 242;10;0;2;1;1;1
202200049280;726 244;7;15;2;8;15;1
202200049281;726 238;7;0;2;1;0;1
202200049281;726 240;7;0;2;9;0;1
202200049281;726 241;7;0;2;4;26;1
202200049282;726 235;32;0;2;2;1;1
202200049282;726 236;7;0;2;6;11;1
202200049283;726 237;37;0;0;5;23;1
202200049283;726 239;7;0;2;1;2;1
202200049284;726 231;10;0;2;1;2;1
202200049284;726 232;7;0;2;1;2;1
202200049284;726 233;7;0;2;3;2;1
202200049284;726 234;10;0;2;4;1;1
202200049285;726 228;7;0;2;1;1;1
202200049285;726 229;7;0;2;1;26;1
202200049286;726 230;7;15;1;1;20;2
202200049287;726 226;7;4;2;8;14;1
202200049287;726 227;7;0;2;2;14;1
202200049288;726 224;15;0;2;7;12;1
202200049288;726 225;7;0;2;3;1;1
202200049289;726 222;7;0;2;4;2;1
202200049289;726 223;10;0;2;1;2;1
202200049290;726 221;7;1;0;1;2;1
202200049291;726 220;7;0;0;0;26;1
202200049292;726 217;33;0;2;1;3;1
202200049292;726 218;10;0;2;4;1;1
202200049292;726 219;7;0;2;4;1;1
202200049293;726 215;33;0;2;1;3;1
202200049293;726 216;7;0;2;4;12;1
202200049294;726 212;7;0;2;1;3;1
202200049294;726 213;7;0;2;4;1;1