Num_Acc;id_vehicule;categorie_vehicule;obstacle_fixe;obstacle_mobile;point_choc_initial;manoeuvre_principale;motorisation
202200049294;726 214;7;0;2;4;1;1
202200049295;726 210;10;0;2;3;11;0
202200049295;726 211;34;0;2;7;3;1
202200049296;726 209;7;4;0;2;9;1
202200049297;726 208;7;0;2;1;2;1
202200049298;726 205;7;0;2;4;1;1
202200049298;726 206;7;0;2;1;1;1
202200049298;726 207;7;0;2;1;2;1
202200049299;726 203;33;13;0;7;1;1
202200049299;726 204;7;0;0;0;1;1
202200049300;726 201;34;0;2;1;1;1
202200049300;726 202;1;0;2;4;1;5
202200049301;726 195;7;0;2;8;26;1
202200049301;726 196;10;0;2;2;26;1
202200049301;726 197;7;0;2;1;26;2
202200049301;726 198;10;0;2;8;26;1
202200049301;726 199;7;0;2;8;1;1
202200049301;726 200;7;0;2;1;26;1
202200049302;726 193;7;0;2;1;21;1
202200049302;726 194;7;0;2;1;21;1
202200049303;726 191;30;0;2;2;18;1
202200049303;726 192;7;0;2;2;1;1
202200049304;726 189;7;0;2;3;1;1
202200049304;726 190;7;0;2;3;1;1
202200049305;726 187;7;0;2;8;1;1
202200049305;726 188;7;0;2;2;15;1
202200049306;726 185;1;1;0;7;1;5
202200049306;726 186;7;0;2;8;24;1
202200049307;726 184;7;6;0;7;0;1
202200049308;726 183;7;0;1;1;1;1
202200049309;726 181;32;0;2;4;1;1
202200049309;726 182;7;0;2;3;9;1
202200049310;726 180;7;0;1;1;0;1
202200049311;726 178;7;8;2;6;0;1
202200049311;726 179;7;0;2;1;15;1
202200049312;726 175;7;0;2;5;15;1
202200049312;726 176;7;0;2;2;26;1
202200049312;726 177;7;0;2;1;26;1
202200049313;726 174;7;0;1;1;17;1
202200049314;726 172;32;0;2;8;12;0
202200049314;726 173;7;0;2;7;12;0
202200049315;726 170;2;0;2;2;18;1
202200049315;726 171;7;0;2;7;15;1
202200049316;726 169;7;1;0;2;14;1
202200049317;726 167;7;0;2;3;1;1
202200049317;726 168;7;0;2;1;0;1
202200049318;726 166;7;0;1;2;1;1
202200049319;726 162;10;0;2;1;2;1
202200049319;726 163;7;0;2;4;23;1
202200049319;726 164;10;0;2;1;1;1
202200049319;726 165;10;0;2;6;23;1
202200049320;726 160;7;0;2;4;24;1
202200049320;726 161;7;1;0;2;14;1
202200049321;726 159;33;8;0;0;0;1
202200049322;726 157;7;0;0;3;22;0
202200049322;726 158;1;1;0;2;2;5
202200049323;726 155;7;0;2;2;9;1
202200049323;726 156;7;15;2;2;21;1
202200049324;726 153;7;0;2;3;0;1
202200049324;726 154;7;5;2;5;0;1
202200049325;726 152;7;0;1;7;1;1
202200049326;726 150;7;0;2;1;10;1
202200049326;726 151;7;6;2;9;13;1
202200049327;726 149;7;8;0;1;14;1
202200049328;726 148;7;0;1;1;1;1
202200049329;726 146;60;0;2;8;26;5
202200049329;726 147;7;0;2;2;15;1
202200049330;726 144;7;0;2;3;1;1
202200049330;726 145;7;0;2;1;15;1
202200049331;726 143;31;0;0;0;5;1
202200049332;726 141;7;0;2;6;11;1
202200049332;726 142;32;0;2;1;1;1
202200049333;726 139;30;0;2;2;1;1
202200049333;726 140;7;0;2;4;20;1
202200049334;726 137;7;0;2;1;1;1
202200049334;726 138;13;0;2;4;1;1
202200049335;726 135;7;4;0;5;2;1
202200049335;726 136;7;0;2;5;2;1
202200049336;726 134;7;4;2;3;3;1
202200049337;726 132;7;0;1;1;1;1
202200049338;726 131;10;0;2;3;13;1
202200049338;726 133;7;0;2;3;1;1
202200049339;726 130;0;0;1;1;9;0
202200049340;726 128;7;0;2;3;1;1
202200049340;726 129;7;0;2;3;17;1
202200049341;726 125;7;0;9;7;17;1
202200049341;726 127;1;0;2;8;15;5
202200049342;726 124;2;0;2;1;13;1
202200049342;726 126;10;0;2;1;1;1
202200049343;726 121;1;0;2;1;1;5
202200049343;726 123;7;0;2;2;1;1
202200049344;726 120;7;0;2;1;2;1
202200049344;726 122;37;0;0;4;15;1
202200049345;726 119;7;13;0;3;13;1
202200049346;726 118;7;0;1;1;1;1
202200049347;726 115;7;0;2;1;1;1
202200049347;726 117;7;0;2;1;17;1
202200049348;726 113;7;0;2;1;2;1
202200049348;726 114;7;0;2;1;2;1
202200049348;726 116;7;0;2;4;2;1
202200049349;726 112;7;6;0;2;14;1
202200049350;726 110;2;0;6;8;1;1
202200049351;726 109;32;0;2;8;26;1
202200049351;726 111;7;0;9;7;16;1
202200049352;726 108;7;2;0;1;1;1
202200049353;726 106;33;0;9;1;1;1
202200049353;726 107;15;0;9;2;15;1
202200049354;726 104;7;1;2;2;1;1
202200049354;726 105;17;0;2;5;23;1
202200049355;726 103;7;0;1;3;0;1
202200049356;726 100;10;0;2;1;9;1
202200049356;726 101;7;0;2;7;1;1
202200049357;726 099;1;0;2;1;1;5
202200049357;726 102;7;0;2;3;16;1
202200049358;726 094;7;0;2;4;2;1
202200049358;726 096;7;0;2;4;2;1
202200049358;726 097;7;0;2;1;2;1
202200049359;726 095;7;2;0;2;0;1
202200049360;726 093;7;13;0;1;1;1
202200049361;726 092;7;14;0;0;1;1
202200049362;726 091;7;3;0;9;16;1
202200049363;726 090;7;0;0;1;1;1
202200049364;726 089;36;6;0;2;2;1
202200049365;726 088;30;0;0;0;1;1
202200049366;726 085;10;0;2;2;14;1
202200049366;726 087;17;0;2;6;23;1
202200049367;726 084;7;0;1;3;23;1
202200049367;726 086;7;1;0;2;17;1
202200049368;726 082;33;0;2;1;1;1
202200049368;726 083;7;0;2;4;13;0
202200049369;726 080;7;0;2;3;13;1
202200049369;726 081;7;0;2;1;2;1
202200049370;726 078;1;14;2;1;2;5
202200049370;726 079;38;0;2;5;2;1
202200049371;726 075;7;0;0;7;1;1
202200049371;726 077;7;0;0;3;19;3
202200049372;726 074;32;0;2;1;5;1
202200049372;726 076;7;0;2;1;1;1
202200049373;726 073;7;8;0;9;0;0
202200049374;726 072;7;0;1;3;16;1
202200049375;726 071;7;6;0;3;1;1
202200049376;726 069;7;0;2;2;20;1
202200049376;726 070;33;0;2;1;1;1
202200049377;726 068;7;2;0;1;13;1
202200049378;726 065;7;0;2;3;17;1
202200049378;726 067;7;0;2;3;1;1
202200049379;726 064;10;0;2;7;1;0
202200049379;726 066;1;0;2;8;12;5
202200049380;726 062;7;0;2;1;13;1
202200049380;726 063;7;0;2;1;1;1
202200049381;726 060;7;0;2;3;1;1
202200049381;726 061;7;0;2;1;15;1
202200049382;726 058;7;2;0;1;2;1
202200049383;726 057;7;13;0;3;17;3
202200049384;726 055;10;0;2;3;1;1
202200049384;726 056;7;0;2;3;13;1
202200049385;726 053;7;0;2;3;13;1
202200049385;726 054;10;0;2;3;1;1
202200049386;726 051;7;0;0;9;0;1
202200049387;726 048;7;0;0;8;2;1
202200049387;726 049;7;0;2;1;17;1
202200049387;726 050;7;0;2;1;1;1
202200049388;726 047;7;0;1;1;1;1
202200049389;726 044;7;0;2;1;1;1
202200049389;726 045;7;0;2;1;1;1
202200049389;726 046;7;0;2;1;0;1
202200049390;726 042;33;0;0;7;9;1
202200049390;726 043;2;0;2;1;9;1
202200049391;726 041;7;3;0;3;26;1
202200049392;726 039;7;0;2;4;23;1
202200049392;726 040;7;0;2;1;2;1
202200049393;726 038;7;4;0;2;14;1
202200049394;726 036;7;0;2;1;1;1
202200049394;726 037;7;0;2;4;1;1
202200049395;726 035;7;4;0;0;0;1
202200049396;726 034;37;0;1;2;1;2
202200049397;726 033;7;0;1;1;1;1
202200049398;726 031;10;0;2;4;26;1
202200049398;726 032;7;1;0;1;14;1
202200049399;726 029;7;0;9;2;16;1
202200049399;726 030;50;0;2;3;16;3
202200049400;726 028;7;0;1;1;21;1
202200049401;726 027;7;0;1;2;13;1
202200049402;726 025;15;0;2;2;1;0
202200049402;726 026;7;0;2;8;11;1
202200049403;726 022;7;0;2;6;2;1
202200049403;726 023;1;0;2;1;26;5
202200049403;726 024;37;0;2;3;0;0
202200049404;726 020;2;0;2;1;1;0
202200049404;726 021;7;0;9;1;16;1
202200049405;726 018;7;0;2;1;9;1
202200049405;726 019;7;0;2;4;11;1
202200049406;726 017;30;0;0;0;26;0
202200049407;726 016;10;0;1;1;15;0
202200049408;726 014;7;0;2;3;1;2
202200049408;726 015;1;0;2;1;19;5
202200049409;726 012;31;0;2;3;1;1
202200049409;726 013;7;0;2;3;15;1
202200049410;726 010;7;0;2;3;1;1
202200049410;726 011;7;0;2;1;16;1
202200049411;726 009;7;0;1;2;26;1
202200049412;726 007;7;0;2;5;26;1
202200049412;726 008;7;0;2;2;2;1
202200049413;726 005;7;0;2;1;18;1
202200049413;726 006;7;0;2;1;15;1
202200049414;726 004;7;0;1;1;16;0
202200049415;726 002;7;0;2;2;9;1
202200049415;726 003;1;0;2;5;19;5
202200049416;726 000;7;0;2;2;1;1
202200049416;726 001;10;0;2;3;19;3
202200049417;725 999;7;8;0;1;0;1
202200049418;725 997;31;0;2;7;1;1
202200049418;725 998;7;0;2;8;15;1
202200049419;725 995;10;0;2;8;1;1
202200049419;725 996;32;0;2;1;26;1
202200049420;725 994;2;13;0;1;1;1
202200049421;725 993;7;0;1;1;1;1
202200049422;725 992;7;1;0;1;13;1
202200049423;725 991;7;9;0;1;1;0
202200049424;725 989;10;0;4;2;1;1
202200049424;725 990;39;0;2;8;1;3
202200049425;725 988;99;0;1;1;26;0
202200049426;725 986;7;0;2;1;1;1
202200049426;725 987;7;0;2;7;19;1
202200049427;725 984;7;0;2;1;1;1
202200049427;725 985;7;0;2;1;13;1
202200049428;725 982;1;0;2;7;19;5
202200049428;725 983;7;0;2;1;16;1
202200049429;725 981;7;0;1;3;16;1
202200049430;725 979;7;0;2;3;14;1
202200049430;725 980;7;0;2;1;15;1
202200049431;725 977;2;0;2;8;17;1
202200049431;725 978;7;0;2;8;15;1
202200049432;725 976;7;0;1;1;15;1
202200049433;725 974;30;0;2;3;21;1
202200049433;725 975;7;0;2;2;15;1
202200049434;725 971;7;0;2;6;1;1
202200049434;725 972;7;0;2;4;1;1
202200049434;725 973;10;0;2;1;1;1
202200049435;725 970;40;0;1;1;1;3
202200049436;725 969;7;0;1;4;4;1
202200049437;725 967;7;1;0;9;14;1
202200049437;725 968;7;0;2;3;1;1
202200049438;725 965;1;0;2;3;1;5
202200049438;725 966;7;0;9;3;15;1
202200049439;725 963;1;0;2;3;1;5
202200049439;725 964;7;0;9;3;1;1
202200049440;725 961;2;0;2;1;8;1
202200049440;725 962;7;0;2;2;0;1
202200049441;725 959;2;0;2;1;1;1
202200049441;725 960;7;0;2;3;9;1
202200049442;725 958;1;0;2;0;21;5
202200049443;725 956;10;0;2;1;9;1
202200049443;725 957;1;0;2;1;9;5
202200049444;725 954;7;0;2;3;9;1
202200049444;725 955;2;0;2;1;1;1
202200049445;725 952;7;0;2;3;1;1
202200049445;725 953;7;0;2;7;1;1
202200049446;725 951;30;0;0;0;1;1
202200049447;725 949;7;0;2;2;16;2
202200049447;725 950;1;0;2;1;1;5
202200049448;725 946;7;1;0;3;14;1
202200049449;725 944;10;0;2;1;1;1
202200049449;725 945;7;0;2;4;2;1
202200049450;725 942;7;0;0;0;1;1
202200049450;725 943;30;0;2;1;9;1
202200049451;725 941;7;0;1;3;1;1
202200049452;725 939;7;0;2;1;1;1
202200049452;725 940;7;0;2;1;15;1
202200049453;725 938;7;0;1;3;1;1
202200049454;725 936;7;0;2;1;19;1
202200049454;725 937;33;0;2;0;1;1
202200049455;725 935;7;0;0;9;13;1
202200049456;725 933;7;0;2;6;26;1
202200049456;725 934;7;0;2;1;26;1
202200049457;725 931;7;0;2;2;1;1
202200049457;725 932;32;0;2;1;1;1
202200049458;725 930;7;0;1;1;1;0
202200049459;725 928;37;0;2;2;1;1
202200049459;725 929;30;0;2;1;13;1
202200049460;725 926;7;0;9;2;20;1
202200049460;725 927;1;0;2;7;13;5
202200049461;725 925;7;0;1;1;1;1
202200049462;725 922;7;0;2;1;1;1
202200049462;725 923;7;0;2;4;1;1
202200049462;725 924;7;0;2;4;15;1
202200049463;725 921;31;0;1;3;1;1
202200049464;725 920;7;0;1;3;1;2
202200049465;725 918;2;0;2;1;17;1
202200049465;725 919;7;0;2;1;5;1
202200049466;725 917;31;0;1;1;2;1
202200049467;725 915;33;0;0;4;1;1
202200049467;725 916;33;0;2;1;17;1
202200049468;725 914;7;0;1;3;15;1
202200049469;725 912;7;0;2;3;15;1
202200049469;725 913;32;0;2;3;1;1
202200049470;725 910;10;1;2;1;21;1
202200049470;725 911;7;0;1;5;11;1
202200049471;725 908;7;0;2;6;23;2
202200049471;725 909;30;0;2;1;1;1
202200049472;725 907;32;0;1;1;1;1
202200049473;725 904;7;0;2;5;1;1
202200049473;725 905;10;0;2;3;16;1
202200049473;725 906;33;0;2;1;7;1
202200049474;725 902;80;0;2;8;1;3
202200049474;725 903;10;0;2;7;16;1
202200049475;725 900;7;0;2;5;1;1
202200049475;725 901;7;0;2;1;1;1
202200049476;725 898;32;0;2;1;1;1
202200049476;725 899;1;0;2;0;1;5
202200049477;725 896;13;0;2;2;16;1
202200049477;725 897;32;0;2;8;18;1
202200049478;725 895;7;0;1;2;1;1
202200049479;725 894;7;0;1;2;1;1
202200049480;725 892;7;0;2;4;26;1
202200049480;725 893;32;0;2;1;1;1
202200049481;725 890;37;0;2;0;16;1
202200049481;725 891;7;0;2;2;9;1
202200049482;725 887;7;0;2;2;15;1
202200049482;725 888;7;0;2;3;15;1
202200049482;725 889;2;0;2;1;1;1
202200049483;725 885;7;0;2;1;1;2
202200049483;725 886;30;0;2;7;1;1
202200049484;725 884;7;1;0;1;26;1
202200049485;725 882;7;1;2;4;1;1
202200049485;725 883;7;0;2;1;1;1
202200049486;725 880;1;0;2;8;1;5
202200049486;725 881;7;0;2;1;11;1
202200049487;725 879;7;0;1;6;26;1
202200049488;725 878;7;0;1;1;12;0
202200049489;725 876;7;0;9;2;16;1
202200049489;725 877;1;0;2;1;0;5
202200049490;725 874;10;0;9;3;15;3
202200049490;725 875;1;0;2;4;1;5
202200049491;725 870;7;0;2;8;1;1
202200049491;725 871;1;0;2;8;26;5
202200049492;725 868;7;0;2;1;15;1
202200049492;725 869;2;0;2;1;1;1
202200049493;725 866;7;1;0;3;1;1
202200049493;725 867;31;0;2;8;24;1
202200049494;725 864;7;0;2;3;1;1
202200049494;725 865;7;0;2;3;1;1
202200049495;725 862;2;0;2;1;1;1
202200049495;725 863;7;0;2;5;15;1
202200049496;725 860;2;0;2;3;1;1
202200049496;725 861;7;0;2;1;1;1
202200049497;725 859;7;16;0;0;1;1
202200049498;725 857;7;0;2;1;1;1
202200049498;725 858;7;0;2;1;13;1
202200049499;725 856;7;2;0;3;13;1
202200049500;725 855;7;0;1;1;20;1
202200049501;725 854;7;0;0;9;1;1
202200049502;725 851;7;0;2;2;13;1
202200049502;725 852;7;0;2;7;1;1
202200049503;725 849;7;0;2;2;2;1
202200049503;725 850;7;0;2;6;19;1
202200049504;725 847;7;8;0;8;14;1
202200049505;725 846;10;6;0;2;1;1
202200049506;725 843;7;0;2;1;1;1
202200049506;725 844;7;0;2;1;13;1
202200049507;725 841;7;0;2;2;15;1
202200049507;725 842;1;0;2;8;1;5
202200049508;725 837;7;0;2;3;11;1
202200049508;725 838;15;0;2;3;2;1
202200049508;725 839;7;0;2;1;2;1
202200049508;725 840;7;0;2;3;1;1
202200049509;725 835;2;0;2;1;1;1
202200049509;725 836;7;0;2;1;13;1
202200049510;725 833;7;0;2;1;13;1
202200049510;725 834;7;0;2;1;1;1
202200049511;725 832;7;0;1;3;1;1
202200049512;725 831;10;13;0;3;1;1
202200049513;725 829;37;0;2;3;1;1
202200049513;725 830;10;0;2;3;13;1
202200049514;725 827;7;0;2;3;26;1
202200049514;725 828;7;7;2;2;26;1
202200049515;725 826;7;13;0;2;1;1
202200049516;725 824;7;0;2;3;15;1
202200049516;725 825;32;7;2;6;18;1
202200049517;725 822;1;0;2;4;2;5
202200049517;725 823;0;0;2;1;2;0
202200049518;725 821;7;0;1;1;0;1
202200049519;725 819;33;0;2;8;17;1
202200049519;725 820;7;0;2;8;1;1
202200049520;725 818;7;8;0;2;0;1
202200049521;725 817;7;8;0;3;2;1
202200049522;725 815;7;0;2;3;13;1
202200049522;725 816;7;6;2;3;1;1
202200049523;725 813;17;0;0;7;19;1
202200049523;725 814;7;0;2;1;1;1
202200049524;725 811;10;0;2;2;1;6
202200049524;725 812;3;0;0;6;1;1
202200049525;725 810;2;0;0;0;0;1
202200049526;725 809;7;0;0;2;26;1
202200049527;725 807;10;0;2;4;2;1
202200049527;725 808;7;0;2;1;2;1
202200049528;725 805;7;0;2;6;11;3
202200049528;725 806;17;0;2;2;1;1
202200049529;725 804;7;4;0;3;1;1
202200049530;725 801;17;0;0;6;24;1
202200049530;725 802;7;0;2;3;26;1
202200049530;725 803;7;3;2;1;26;1
202200049531;725 798;31;0;2;0;0;1
202200049531;725 799;7;0;2;0;0;2
202200049531;725 800;33;0;2;0;0;1
202200049532;725 797;32;0;0;7;1;1
202200049533;725 793;7;0;2;1;1;1
202200049533;725 794;7;0;2;1;1;1
202200049533;725 795;10;0;2;1;1;1
202200049533;725 796;7;0;2;4;1;1
202200049534;725 791;7;0;2;3;1;1
202200049534;725 792;17;0;2;2;12;1
202200049535;725 788;10;0;0;4;2;1
202200049535;725 789;14;0;2;1;2;1
202200049535;725 790;10;0;2;1;2;1
202200049536;725 787;7;0;1;1;19;1
202200049537;725 786;3;0;1;1;1;1
202200049538;725 784;7;0;2;6;1;1
202200049538;725 785;30;0;2;1;2;1
202200049539;725 782;7;0;2;6;16;1
202200049539;725 783;30;0;2;0;0;1
202200049540;725 780;7;0;2;2;2;1
202200049540;725 781;7;0;2;7;0;1
202200049541;725 778;7;0;2;2;1;1
202200049541;725 779;1;0;2;1;1;5
202200049542;725 776;7;0;2;2;15;1
202200049542;725 777;1;0;2;1;1;5
202200049543;725 775;32;0;1;1;9;1
202200049544;725 773;7;0;2;1;1;1
202200049544;725 774;7;0;2;7;17;1
202200049545;725 771;10;0;2;4;1;1
202200049545;725 772;32;0;2;1;18;1
202200049546;725 769;31;0;2;8;26;1
202200049546;725 770;10;0;2;7;16;1
202200049547;725 767;7;0;2;7;1;1
202200049547;725 768;7;0;2;1;9;1
202200049548;725 765;1;0;2;1;1;5
202200049548;725 766;7;0;2;5;12;1
202200049549;725 764;7;0;9;2;14;1
202200049550;725 762;7;0;2;2;9;1
202200049550;725 763;7;0;2;1;2;1
202200049551;725 760;7;0;9;8;15;1
202200049551;725 761;60;0;2;1;1;5
202200049552;725 758;7;0;2;2;12;1
202200049552;725 759;33;0;2;8;3;1
202200049553;725 755;32;0;2;4;1;1
202200049553;725 757;32;0;2;1;1;1
202200049554;725 754;7;0;2;5;1;1
202200049554;725 756;32;0;2;1;3;1
202200049555;725 750;7;0;2;6;1;1
202200049555;725 752;17;0;2;2;12;1
202200049556;725 751;37;0;2;3;1;1
202200049556;725 753;10;0;2;7;12;1
202200049557;725 748;2;12;0;8;21;1
202200049558;725 747;43;0;2;3;3;1
202200049558;725 749;7;0;2;5;12;1
202200049559;725 745;7;0;2;5;14;1
202200049559;725 746;33;0;2;3;12;1
202200049560;725 743;7;0;2;3;15;2
202200049560;725 744;31;0;2;7;17;1
202200049561;725 742;1;0;0;0;1;5
202200049562;725 740;30;0;1;1;5;1
202200049563;725 739;7;0;2;3;15;1
202200049563;725 741;2;0;2;1;17;1
202200049564;725 738;7;0;1;1;1;2
202200049565;725 737;10;0;1;3;1;1
202200049566;725 735;7;0;2;1;1;1
202200049566;725 736;80;0;2;7;1;3
202200049567;725 734;7;2;0;8;14;1
202200049568;725 732;7;0;0;1;16;1
202200049569;725 731;33;0;2;7;1;1
202200049569;725 733;50;0;2;1;7;3
202200049570;725 727;7;0;2;3;9;1
202200049570;725 730;1;0;2;1;1;5
202200049571;725 728;34;0;2;1;1;1
202200049571;725 729;7;0;2;2;23;1
202200049572;725 724;7;0;2;3;1;1
202200049572;725 726;41;0;2;3;1;3
202200049573;725 721;32;0;2;1;17;1
202200049573;725 723;7;0;2;3;10;1
202200049574;725 722;31;0;0;7;1;1
202200049575;725 719;32;0;1;2;1;1
202200049576;725 720;10;0;1;1;15;1
202200049577;725 717;7;0;2;1;1;1
202200049577;725 718;1;0;2;0;0;5
202200049578;725 715;7;0;2;7;15;1
202200049578;725 716;33;0;2;1;1;1
202200049579;725 712;2;0;2;1;16;1
202200049579;725 713;50;0;2;0;1;3
202200049580;725 709;1;0;2;8;9;5
202200049580;725 711;7;0;2;1;1;1
202200049581;725 710;7;0;2;4;2;3
202200049581;725 714;7;0;2;1;2;1
202200049582;725 706;30;0;2;2;2;1
202200049582;725 708;7;0;2;6;23;2
202200049583;725 704;7;0;1;3;9;1
202200049584;725 702;32;0;0;1;1;1
202200049585;725 703;42;0;2;3;11;1
202200049585;725 705;31;0;2;2;3;1
202200049585;725 707;7;0;2;5;1;2
202200049586;725 700;7;0;2;4;23;1
202200049586;725 701;10;0;2;1;1;1
202200049587;725 698;7;0;1;1;1;1
202200049588;725 697;7;0;2;3;16;1
202200049588;725 699;7;0;2;2;1;1
202200049589;725 695;1;0;2;8;1;5
202200049589;725 696;10;0;2;2;14;1
202200049590;725 694;10;0;1;3;15;3
202200049591;725 690;1;0;2;5;1;5
202200049591;725 692;7;0;2;1;1;1
202200049592;725 691;32;0;2;3;1;1
202200049592;725 693;7;0;2;3;15;2
202200049593;725 689;3;1;0;2;1;3
202200049594;725 688;7;0;1;1;1;1
202200049595;725 687;7;0;1;1;1;1
202200049596;725 686;7;0;1;1;15;1
202200049597;725 682;7;0;2;3;1;1
202200049597;725 684;7;0;2;2;15;1
202200049598;725 683;1;0;2;1;15;5
202200049598;725 685;2;0;2;1;1;1
202200049599;725 679;10;9;0;1;14;1
202200049600;725 678;10;0;1;8;16;0
202200049601;725 676;7;0;2;1;1;1
202200049601;725 677;50;0;2;1;5;3
202200049602;725 675;15;9;0;0;1;1
202200049603;725 673;7;0;2;3;19;1
202200049603;725 674;33;0;0;1;1;1
202200049604;725 671;7;1;0;9;13;1
202200049605;725 668;7;0;2;7;10;1
202200049605;725 670;33;0;2;0;1;1
202200049606;725 669;43;0;2;1;1;1
202200049606;725 672;10;0;2;2;10;1
202200049607;725 666;34;0;1;1;1;1
202200049608;725 664;10;0;0;1;2;1
202200049608;725 667;7;0;0;4;2;1
202200049609;725 663;32;0;2;8;15;1
202200049609;725 665;80;0;2;1;7;3
202200049610;725 659;33;0;2;1;2;1
202200049610;725 661;7;0;2;5;2;1
202200049611;725 660;33;0;2;2;1;1
202200049611;725 662;7;0;2;5;11;1
202200049612;725 654;34;0;2;1;9;1
202200049612;725 658;7;0;2;2;1;1
202200049613;725 653;7;0;2;0;0;0
202200049613;725 655;7;0;2;1;0;0
202200049613;725 657;7;0;2;4;0;0
202200049614;725 652;10;0;0;3;20;1
202200049614;725 656;1;0;0;0;0;5
202200049615;725 650;7;0;2;6;1;1
202200049615;725 651;32;0;2;1;21;1
202200049616;725 648;7;0;2;1;1;1
202200049616;725 649;30;0;2;7;9;0
202200049617;725 646;7;0;2;2;15;0
202200049617;725 647;30;0;2;1;15;0
202200049618;725 645;7;0;1;3;1;2
202200049619;725 644;2;0;1;1;1;1
202200049620;725 641;10;0;2;8;10;1
202200049620;725 643;1;0;2;1;1;5
202200049621;725 642;7;0;1;2;1;1
202200049622;725 640;7;1;0;2;1;1
202200049623;725 637;7;9;0;6;15;1
202200049623;725 639;33;0;2;1;5;1
202200049624;725 635;33;0;2;8;1;1
202200049624;725 638;7;0;2;7;10;1
202200049625;725 634;7;0;1;1;19;1
202200049626;725 633;1;0;2;1;1;5
202200049626;725 636;10;0;2;4;0;1
202200049627;725 632;14;0;1;2;26;1
202200049628;725 628;10;0;2;2;10;1
202200049628;725 630;32;0;2;1;1;1
202200049629;725 629;33;0;2;1;2;1
202200049629;725 631;7;0;2;4;23;1
202200049630;725 625;1;0;9;2;19;5
202200049630;725 627;99;0;9;0;1;1
202200049631;725 621;50;0;2;1;1;3
202200049631;725 626;7;0;2;1;1;1
202200049632;725 622;7;0;2;7;9;1
202200049632;725 624;1;0;2;1;1;5
202200049633;725 620;7;0;2;3;0;1
202200049633;725 623;34;0;2;3;17;1
202200049634;725 618;1;0;2;8;2;5
202200049634;725 619;10;0;9;2;9;1
202200049635;725 616;7;0;1;5;1;2
202200049636;725 615;50;0;0;1;1;3
202200049637;725 614;7;0;2;2;15;2
202200049637;725 617;1;0;2;1;1;5
202200049638;725 609;7;0;1;1;1;1
202200049639;725 610;7;0;2;7;2;1
202200049639;725 613;80;0;2;8;2;3
202200049640;725 608;13;0;2;4;2;1
202200049640;725 612;7;0;2;1;2;1
202200049641;725 611;7;0;1;3;15;1
202200049642;725 604;7;0;2;1;10;2
202200049642;725 607;33;0;2;1;21;1
202200049643;725 600;31;0;2;1;21;1
202200049643;725 605;7;0;2;3;5;1
202200049644;725 599;3;0;2;6;9;0
202200049644;725 603;10;0;2;1;1;1
202200049645;725 602;7;0;2;3;15;1
202200049645;725 606;33;0;2;3;1;1
202200049646;725 598;7;1;0;0;1;1
202200049646;725 601;32;15;0;0;23;1
202200049647;725 596;43;0;2;1;1;1
202200049647;725 597;7;0;2;2;19;1
202200049648;725 591;7;0;2;3;1;1
202200049648;725 595;7;0;2;1;13;1
202200049649;725 593;30;0;2;0;0;1
202200049649;725 594;7;0;2;0;0;1
202200049650;725 589;7;0;1;1;1;1
202200049651;725 588;7;1;2;5;24;3
202200049651;725 592;7;0;2;3;16;2
202200049652;725 587;3;0;2;1;1;0
202200049652;725 590;33;12;2;7;15;0
202200049653;725 582;7;0;2;5;15;1
202200049653;725 585;33;0;2;1;1;1
202200049654;725 584;7;0;2;0;2;1
202200049654;725 586;1;0;2;0;2;5
202200049655;725 583;7;0;1;2;19;1
202200049656;725 578;7;0;0;0;0;1
202200049657;725 577;7;0;2;1;1;1
202200049657;725 580;7;0;2;5;15;1
202200049658;725 576;7;13;0;1;1;1
202200049659;725 579;10;0;2;8;15;1
202200049659;725 581;30;0;2;1;17;1
202200049660;725 575;33;1;0;1;20;1
202200049661;725 572;30;1;0;7;0;1
202200049662;725 571;7;15;2;2;15;1
202200049662;725 574;7;15;2;3;15;1
202200049663;725 568;7;0;2;2;1;1
202200049663;725 573;32;0;2;1;1;1
202200049664;725 567;7;0;1;3;15;1
202200049665;725 565;7;0;2;3;23;1
202200049665;725 570;7;0;2;3;23;1
202200049666;725 562;7;7;0;0;1;1
202200049667;725 563;33;0;2;1;1;1
202200049667;725 566;7;0;2;4;1;1
202200049667;725 569;7;0;2;1;1;1
202200049668;725 561;1;0;2;1;21;5
202200049668;725 564;7;0;9;7;6;1
202200049669;725 559;30;1;0;1;1;1
202200049670;725 560;7;8;0;2;14;1
202200049671;725 558;7;13;0;9;0;1
202200049672;725 556;7;8;0;9;1;1
202200049673;725 557;7;15;0;1;1;1
202200049674;725 548;2;12;0;5;16;1
202200049674;725 554;7;0;2;2;9;1
202200049675;725 553;7;11;0;3;1;1
202200049676;725 552;10;0;1;2;16;1
202200049677;725 547;7;0;2;3;17;1
202200049677;725 549;1;0;2;1;1;5
202200049677;725 555;37;0;2;5;1;2
202200049678;725 546;33;0;2;4;0;1
202200049678;725 550;7;0;2;1;11;1
202200049679;725 545;7;0;0;7;1;1
202200049679;725 551;7;0;2;1;19;1
202200049680;725 542;2;12;0;1;21;1
202200049681;725 541;7;0;2;7;15;1
202200049681;725 544;33;0;2;1;1;1
202200049682;725 540;10;0;1;3;13;1
202200049683;725 537;7;0;0;0;0;1
202200049683;725 543;7;0;2;1;17;1
202200049684;725 538;7;13;0;3;13;1
202200049685;725 536;80;0;2;1;1;3
202200049685;725 539;50;0;2;1;1;3
202200049686;725 535;7;0;1;1;1;1
202200049687;725 534;7;9;0;1;1;1
202200049688;725 533;50;0;1;1;1;3
202200049689;725 531;7;0;1;3;26;1
202200049690;725 529;7;0;2;3;13;2
202200049690;725 532;7;0;2;8;1;1
202200049691;725 525;1;0;0;1;21;5
202200049692;725 523;2;0;2;8;1;1