Num_Acc;id_vehicule;categorie_vehicule;obstacle_fixe;obstacle_mobile;point_choc_initial;manoeuvre_principale;motorisation
202200049692;725 530;10;0;2;1;15;0
202200049693;725 526;7;0;2;5;1;1
202200049693;725 528;7;0;2;3;11;1
202200049694;725 520;7;0;1;3;1;1
202200049695;725 519;50;12;0;0;13;3
202200049696;725 516;7;2;0;1;2;1
202200049697;725 514;7;0;2;8;24;2
202200049697;725 517;1;1;0;1;1;5
202200049698;725 515;7;0;2;1;2;1
202200049698;725 518;7;0;2;4;0;1
202200049698;725 521;7;0;2;4;2;1
202200049699;725 513;7;0;1;2;1;2
202200049700;725 512;7;0;1;1;16;1
202200049701;725 510;7;0;1;7;1;1
202200049702;725 511;30;0;2;0;1;1
202200049703;725 505;2;0;2;8;1;1
202200049703;725 509;7;0;2;2;10;3
202200049704;725 502;2;0;0;0;26;3
202200049705;725 503;10;0;2;3;1;1
202200049705;725 506;15;0;2;4;1;1
202200049705;725 508;15;0;2;4;1;1
202200049706;725 501;2;0;2;1;1;1
202200049706;725 507;7;0;2;1;15;1
202200049707;725 500;32;0;1;1;21;3
202200049708;725 499;7;0;2;1;1;1
202200049708;725 504;7;0;2;1;13;1
202200049709;725 495;50;0;2;8;15;3
202200049709;725 497;7;0;2;2;1;1
202200049710;725 491;15;0;2;8;1;1
202200049710;725 496;7;0;2;2;14;1
202200049711;725 493;33;0;2;1;1;1
202200049711;725 498;7;0;2;5;12;1
202200049712;725 490;10;0;1;1;15;3
202200049713;725 489;33;0;2;1;13;1
202200049713;725 492;7;0;2;1;1;1
202200049714;725 487;33;0;0;0;1;1
202200049715;725 485;7;0;9;1;15;1
202200049715;725 486;50;0;2;1;23;3
202200049716;725 483;1;0;0;0;7;5
202200049717;725 482;30;0;2;2;1;1
202200049717;725 488;7;0;2;0;1;0
202200049718;725 480;7;4;0;1;13;1
202200049719;725 476;7;0;2;1;1;1
202200049719;725 479;7;0;2;1;15;1
202200049720;725 477;7;0;2;6;24;1
202200049720;725 481;7;0;2;3;15;1
202200049720;725 484;7;1;2;7;17;1
202200049721;725 472;15;0;0;6;23;1
202200049721;725 478;15;1;0;7;11;1
202200049722;725 470;34;0;2;8;3;1
202200049722;725 475;7;0;2;7;12;1
202200049723;725 469;7;0;2;6;23;1
202200049723;725 473;43;0;2;1;21;1
202200049724;725 471;31;0;2;1;18;1
202200049724;725 474;7;0;2;7;16;2
202200049725;725 467;7;0;0;8;1;0
202200049726;725 463;7;0;2;1;5;1
202200049726;725 468;7;0;2;1;1;1
202200049727;725 462;33;0;2;1;3;1
202200049727;725 465;7;0;2;4;2;1
202200049728;725 459;13;0;2;7;15;6
202200049728;725 464;33;0;2;1;1;1
202200049729;725 458;80;0;2;7;5;3
202200049729;725 461;7;0;2;2;9;1
202200049730;725 457;7;14;0;1;17;1
202200049731;725 454;7;0;2;2;2;1
202200049731;725 460;10;0;2;6;2;1
202200049732;725 453;7;3;2;3;1;1
202200049732;725 456;7;14;2;1;1;1
202200049733;725 452;7;0;2;2;12;1
202200049733;725 455;33;0;2;4;3;1
202200049734;725 451;80;1;0;1;9;3
202200049735;725 450;80;0;1;8;7;3
202200049736;725 447;7;4;0;3;13;1
202200049737;725 448;7;14;0;3;13;1
202200049738;725 446;7;0;1;7;0;3
202200049739;725 445;1;0;2;8;1;0
202200049739;725 449;10;0;2;7;16;1
202200049740;725 443;1;12;0;7;21;5
202200049741;725 440;43;0;2;1;1;1
202200049741;725 444;10;1;2;3;1;1
202200049742;725 437;7;0;2;3;16;1
202200049742;725 442;10;0;2;3;15;1
202200049743;725 435;10;0;2;1;13;0
202200049743;725 438;7;0;2;1;1;1
202200049744;725 430;1;0;2;1;1;5
202200049744;725 432;50;0;2;8;1;3
202200049745;725 429;7;0;2;3;1;2
202200049745;725 431;7;0;2;3;1;0
202200049746;725 428;7;0;1;3;1;1
202200049747;725 436;14;0;2;1;1;1
202200049747;725 439;7;0;2;4;2;1
202200049747;725 441;7;0;2;4;2;1
202200049748;725 433;7;0;2;3;15;1
202200049748;725 434;1;0;2;3;1;5
202200049749;725 426;7;0;1;1;1;1
202200049750;725 427;7;0;1;3;17;2
202200049751;725 421;1;0;1;2;1;5
202200049752;725 420;7;0;0;2;1;1
202200049753;725 418;7;0;2;1;1;2
202200049753;725 424;7;0;2;7;15;1
202200049754;725 416;7;0;0;4;2;1
202200049754;725 419;31;1;2;1;2;1
202200049754;725 422;32;0;0;0;0;1
202200049755;725 415;14;0;9;2;26;1
202200049755;725 417;1;0;2;4;1;5
202200049756;725 410;7;0;2;5;1;2
202200049756;725 413;32;0;2;4;3;1
202200049757;725 411;7;0;2;1;1;1
202200049757;725 414;7;0;2;1;13;1
202200049758;725 409;7;0;0;4;0;1
202200049758;725 412;2;0;2;1;0;1
202200049759;725 406;7;0;1;1;16;2
202200049760;725 404;10;0;2;3;15;1
202200049760;725 407;33;0;2;1;17;1
202200049761;725 400;7;0;0;0;0;0
202200049761;725 405;7;4;2;6;11;1
202200049761;725 408;15;0;2;2;0;0
202200049762;725 397;7;0;2;6;15;1
202200049762;725 401;2;0;2;1;1;1
202200049763;725 399;7;0;2;3;15;1
202200049763;725 403;7;0;2;3;2;1
202200049764;725 398;10;0;2;8;15;1
202200049764;725 402;43;0;2;7;17;1
202200049765;725 393;1;0;2;1;1;5
202200049765;725 396;10;0;2;7;22;1
202200049766;725 394;7;12;1;1;10;1
202200049767;725 392;43;0;2;3;3;1
202200049767;725 395;7;0;2;7;12;1
202200049768;725 391;7;13;0;1;15;1
202200049769;725 389;7;0;2;1;1;1
202200049769;725 390;7;0;2;7;1;1
202200049770;725 387;7;0;1;1;9;1
202200049771;725 388;1;0;1;1;1;5
202200049772;725 383;7;0;2;4;1;1
202200049772;725 386;7;0;2;4;0;2
202200049773;725 381;80;0;2;1;1;3
202200049773;725 384;7;0;2;8;15;1
202200049774;725 380;1;0;0;0;1;5
202200049775;725 377;17;10;0;2;1;1
202200049776;725 379;7;0;2;3;0;1
202200049776;725 382;7;0;2;3;0;1
202200049777;725 376;7;0;2;8;22;3
202200049777;725 378;1;0;2;7;1;5
202200049778;725 373;7;16;0;1;2;1
202200049779;725 370;7;0;1;7;1;1
202200049780;725 368;10;0;0;0;26;1
202200049781;725 371;7;0;2;2;16;1
202200049781;725 374;30;0;2;1;18;3
202200049782;725 369;7;0;2;4;1;1
202200049782;725 372;7;0;2;8;1;1
202200049782;725 375;33;4;2;1;3;1
202200049783;725 364;31;0;0;0;1;0
202200049784;725 366;30;0;2;1;5;1
202200049784;725 367;1;0;2;1;1;5
202200049785;725 363;7;1;0;1;1;1
202200049785;725 365;7;0;0;6;23;1
202200049786;725 361;7;15;0;1;13;1
202200049787;725 360;32;0;0;7;1;1
202200049788;725 362;15;3;0;9;21;1
202200049789;725 358;36;13;0;0;1;1
202200049790;725 355;80;0;1;1;1;3
202200049791;725 357;33;9;0;1;21;1
202200049792;725 353;50;0;1;1;1;3
202200049793;725 352;7;13;0;3;0;1
202200049794;725 351;7;0;2;1;1;1
202200049794;725 356;50;0;0;4;1;3
202200049794;725 359;7;0;2;1;1;1
202200049795;725 348;3;8;2;4;21;0
202200049796;725 345;50;0;2;1;1;3
202200049796;725 349;7;0;2;4;15;0
202200049797;725 342;10;2;0;3;14;1
202200049798;725 344;33;0;2;2;15;1
202200049798;725 347;7;0;2;1;9;1
202200049799;725 343;34;0;2;6;17;1
202200049799;725 346;7;0;2;6;15;1
202200049800;725 341;2;0;2;1;1;1
202200049800;725 350;7;0;2;3;9;1
202200049801;725 340;7;0;1;2;1;1
202200049802;725 338;7;0;1;6;4;2
202200049803;725 336;15;0;2;1;1;1
202200049803;725 339;7;0;2;9;12;1
202200049804;725 333;1;8;0;1;15;5
202200049805;725 331;50;0;1;1;25;3
202200049806;725 328;7;0;2;4;1;1
202200049806;725 330;10;0;2;1;1;1
202200049806;725 334;7;0;2;1;1;1
202200049807;725 327;7;9;0;1;6;1
202200049808;725 325;7;0;2;3;1;1
202200049808;725 329;7;0;2;3;1;1
202200049808;725 332;7;0;2;8;5;1
202200049808;725 335;7;0;2;3;1;1
202200049808;725 337;7;0;2;1;1;1
202200049809;725 323;7;0;2;2;1;6
202200049809;725 326;1;0;2;5;1;5
202200049810;725 322;10;0;2;5;23;1
202200049810;725 324;34;0;2;3;2;1
202200049811;725 320;7;0;1;1;1;1
202200049812;725 316;7;0;2;3;13;1
202200049812;725 319;7;0;2;3;1;1
202200049813;725 313;80;0;1;1;1;3
202200049814;725 312;30;0;2;3;1;1
202200049814;725 315;7;0;2;2;17;1
202200049815;725 314;7;0;2;8;15;1
202200049815;725 318;7;0;2;7;11;1
202200049816;725 311;33;0;1;1;1;1
202200049817;725 310;7;0;1;1;1;1
202200049818;725 308;80;0;0;0;1;3
202200049819;725 307;34;0;0;2;26;1
202200049820;725 306;7;0;2;2;2;1
202200049820;725 309;1;0;2;4;1;5
202200049821;725 301;7;0;2;4;2;1
202200049821;725 305;7;0;2;1;2;1
202200049822;725 302;10;0;1;2;16;3
202200049823;725 300;7;0;2;2;2;1
202200049823;725 304;1;0;2;4;1;5
202200049824;725 299;7;0;2;3;13;1
202200049824;725 303;7;0;2;8;1;1
202200049825;725 296;7;0;2;4;23;1
202200049825;725 298;7;0;2;1;1;1
202200049826;725 297;7;0;1;1;15;1
202200049827;725 292;7;3;2;3;13;1
202200049827;725 294;7;3;2;3;21;1
202200049828;725 295;10;13;0;9;0;1
202200049829;725 291;33;12;0;3;20;1
202200049830;725 288;1;0;0;0;1;5
202200049831;725 289;31;0;1;2;17;1
202200049832;725 284;2;0;0;7;1;1
202200049832;725 286;2;0;2;8;18;1
202200049833;725 285;7;2;0;1;1;1
202200049834;725 283;7;0;2;8;1;1
202200049834;725 287;7;0;2;0;0;1
202200049835;725 281;7;7;0;4;0;1
202200049835;725 290;7;0;2;1;2;1
202200049836;725 280;10;0;1;1;26;1
202200049837;725 276;7;0;1;1;1;1
202200049838;725 277;7;13;0;0;1;1
202200049839;725 279;30;0;2;6;26;1
202200049839;725 282;7;0;2;0;2;0
202200049840;725 275;7;0;2;1;13;1
202200049840;725 278;7;0;2;1;1;1
202200049841;725 274;7;0;1;1;0;0
202200049842;725 273;7;0;2;1;2;1
202200049843;725 272;32;0;1;8;1;1
202200049844;725 269;10;0;2;2;1;1
202200049844;725 270;2;0;2;1;5;1
202200049845;725 268;32;0;2;1;1;1
202200049845;725 271;7;0;2;8;26;1
202200049846;725 265;33;0;1;1;1;1
202200049847;725 261;2;0;2;2;17;1
202200049847;725 267;7;0;2;3;15;1
202200049848;725 260;7;1;0;1;2;1
202200049848;725 263;10;0;0;0;0;0
202200049849;725 262;7;0;2;8;15;1
202200049849;725 266;7;0;2;3;15;1
202200049850;725 259;7;0;2;4;2;1
202200049850;725 264;7;0;2;1;2;1
202200049851;725 253;7;0;2;3;1;1
202200049851;725 257;7;0;2;5;12;1
202200049852;725 255;7;0;2;1;1;1
202200049852;725 258;7;0;2;1;13;1
202200049853;725 256;2;4;0;2;2;1
202200049854;725 254;50;0;0;0;1;3
202200049855;725 249;37;0;2;3;1;1
202200049855;725 251;7;0;2;3;13;1
202200049856;725 248;37;0;2;3;0;1
202200049856;725 252;7;0;2;3;16;1
202200049857;725 245;15;13;0;2;14;1
202200049858;725 250;7;0;1;1;1;1
202200049859;725 244;7;0;2;1;1;1
202200049859;725 247;3;0;2;3;19;0
202200049860;725 242;7;0;0;4;2;1
202200049860;725 246;7;0;2;0;0;1
202200049861;725 239;10;0;2;4;1;1
202200049861;725 241;7;0;2;3;1;1
202200049861;725 243;10;0;2;1;1;1
202200049862;725 235;7;4;0;9;1;1
202200049863;725 236;15;1;1;4;4;1
202200049864;725 233;33;0;2;0;15;1
202200049864;725 238;7;0;2;0;0;1
202200049865;725 231;10;0;2;6;1;1
202200049865;725 234;33;0;2;1;1;1
202200049866;725 232;7;0;2;1;21;1
202200049866;725 240;7;0;2;4;1;1
202200049867;725 230;7;0;2;1;1;1
202200049867;725 237;7;8;2;7;13;1
202200049868;725 229;7;1;0;2;26;1
202200049869;725 227;7;13;0;0;0;1
202200049870;725 220;7;0;2;6;1;3
202200049870;725 223;7;0;2;4;11;1
202200049870;725 228;7;0;2;1;1;1
202200049871;725 218;50;0;2;7;1;3
202200049871;725 225;7;0;9;3;13;1
202200049872;725 219;2;0;2;7;9;1
202200049872;725 226;33;0;2;6;1;1
202200049873;725 214;7;0;2;3;1;1
202200049873;725 221;34;0;2;4;1;1
202200049873;725 224;7;0;2;4;1;1
202200049874;725 215;7;8;2;7;10;2
202200049874;725 222;34;0;2;0;0;1
202200049875;725 213;7;0;2;4;11;1
202200049875;725 217;33;0;2;1;3;1
202200049876;725 210;10;0;2;1;1;1
202200049876;725 212;33;0;2;1;1;1
202200049876;725 216;7;0;2;4;1;1
202200049877;725 208;15;0;2;1;4;1
202200049877;725 211;10;0;2;4;4;1
202200049878;725 205;7;0;2;1;1;1
202200049878;725 209;7;0;2;1;1;1
202200049879;725 207;7;0;1;2;15;1
202200049880;725 200;7;0;0;1;1;1
202200049880;725 203;7;0;0;4;2;1
202200049880;725 206;7;0;0;4;2;1
202200049881;725 202;7;0;1;1;10;1
202200049882;725 199;16;0;0;0;12;1
202200049882;725 204;7;0;0;9;1;1
202200049883;725 196;30;0;2;1;1;1
202200049883;725 201;1;0;2;6;1;5
202200049884;725 195;7;0;1;3;15;1
202200049885;725 193;7;0;2;2;16;2
202200049885;725 198;30;0;2;7;5;3
202200049886;725 194;7;0;2;3;9;1
202200049886;725 197;7;3;0;4;9;1
202200049887;725 189;7;0;0;0;16;2
202200049887;725 192;50;0;2;1;2;3
202200049888;725 184;7;14;2;1;14;1
202200049888;725 188;7;4;0;1;11;1
202200049888;725 191;7;0;2;4;23;1
202200049889;725 182;7;0;2;5;1;1
202200049889;725 186;31;0;2;1;2;6
202200049890;725 185;31;0;0;1;1;1
202200049891;725 179;10;0;2;6;2;0
202200049891;725 187;7;0;2;5;2;1
202200049891;725 190;7;0;2;1;21;1
202200049892;725 180;10;0;2;2;11;1
202200049892;725 183;32;0;2;1;1;1
202200049893;725 177;7;0;1;2;1;1
202200049894;725 175;7;0;0;1;14;1
202200049895;725 173;7;1;1;5;1;1
202200049896;725 170;7;0;2;1;15;1
202200049896;725 176;33;0;2;1;1;1
202200049897;725 169;7;0;2;4;1;1
202200049897;725 174;7;0;2;1;2;1
202200049898;725 168;43;0;2;1;1;1
202200049898;725 171;1;0;2;7;19;5
202200049899;725 167;7;0;2;5;12;1
202200049899;725 172;33;0;2;8;3;1
202200049900;725 163;33;0;2;1;1;1
202200049900;725 165;10;0;2;8;9;1
202200049901;725 161;34;0;2;1;13;1
202200049901;725 166;7;0;2;3;11;1
202200049902;725 159;7;0;1;3;1;1
202200049903;725 160;7;0;2;3;15;1
202200049903;725 164;33;0;2;7;1;1
202200049904;725 157;7;0;2;3;10;1
202200049904;725 158;33;0;2;1;17;1
202200049905;725 156;7;0;2;7;12;1
202200049905;725 162;7;0;2;8;1;1
202200049906;725 151;7;0;0;4;23;1
202200049906;725 155;7;1;0;1;17;1
202200049907;725 154;33;0;0;8;21;1
202200049908;725 147;34;1;0;0;0;1
202200049909;725 149;31;0;0;0;3;1
202200049910;725 148;10;0;2;3;1;1
202200049910;725 152;7;0;2;1;16;1
202200049911;725 145;31;0;2;1;1;1
202200049911;725 153;7;0;2;3;9;1
202200049912;725 146;30;0;2;1;3;1
202200049912;725 150;7;0;2;7;12;1
202200049913;725 134;7;0;2;2;1;1
202200049913;725 142;7;0;2;4;23;1
202200049914;725 135;33;0;2;1;14;1
202200049914;725 144;7;0;2;1;15;1
202200049915;725 133;10;0;2;1;1;1
202200049915;725 140;7;0;2;4;2;1
202200049916;725 132;7;0;2;7;16;1
202200049916;725 139;33;0;2;1;18;1
202200049917;725 138;1;0;2;2;1;5
202200049917;725 141;99;0;2;3;2;0
202200049918;725 131;7;0;2;3;1;1
202200049918;725 143;7;0;2;3;13;1
202200049919;725 128;33;0;2;5;1;1
202200049919;725 130;7;0;2;2;0;1
202200049920;725 123;33;10;0;9;1;1
202200049921;725 125;7;0;2;1;5;1
202200049922;725 126;7;14;0;2;1;1
202200049922;725 129;7;0;2;6;23;1
202200049923;725 122;1;0;1;1;15;5
202200049924;725 121;10;0;2;2;9;3
202200049924;725 127;50;0;2;8;1;3
202200049925;725 119;7;0;1;1;1;1
202200049926;725 120;7;0;2;1;21;1
202200049926;725 124;7;4;2;5;13;1
202200049927;725 114;7;2;0;1;0;1
202200049928;725 113;1;0;0;1;1;5
202200049928;725 116;7;0;0;2;16;1
202200049929;725 112;7;0;2;3;15;1
202200049929;725 118;7;0;2;1;16;1
202200049930;725 111;30;0;1;1;1;0
202200049931;725 110;7;0;2;8;20;1
202200049931;725 115;2;0;2;2;1;1
202200049932;725 109;7;0;2;3;0;1
202200049932;725 117;7;0;2;3;13;1
202200049933;725 108;33;0;0;0;0;1
202200049934;725 106;7;0;1;0;20;1
202200049935;725 107;7;4;0;7;0;0
202200049936;725 104;7;0;2;1;0;1
202200049936;725 105;7;0;2;3;26;1
202200049937;725 102;10;0;1;3;1;1
202200049938;725 095;3;0;2;2;15;1
202200049938;725 100;33;0;2;3;17;1
202200049939;725 094;7;0;2;3;1;1
202200049939;725 098;80;0;2;1;12;3
202200049940;725 092;7;0;2;1;1;1
202200049940;725 096;7;0;2;4;2;1
202200049940;725 101;7;0;1;4;2;1
202200049941;725 089;7;0;1;2;2;1
202200049942;725 088;2;0;2;1;1;1
202200049942;725 091;7;0;2;3;1;1
202200049943;725 085;7;8;0;9;1;1
202200049944;725 087;7;0;2;7;1;1
202200049944;725 090;34;0;2;7;3;1
202200049944;725 093;33;0;2;8;11;1
202200049944;725 099;7;0;2;4;1;1
202200049945;725 084;7;0;1;0;0;0
202200049946;725 081;7;0;2;5;0;0
202200049946;725 086;2;0;2;0;0;0
202200049947;725 077;32;0;1;2;3;1
202200049948;725 076;33;0;2;2;18;1
202200049948;725 082;7;0;2;2;16;1
202200049949;725 074;10;0;2;5;1;1
202200049949;725 079;33;0;2;1;1;1
202200049950;725 080;7;0;2;4;1;1
202200049950;725 083;7;0;2;4;4;1
202200049951;725 072;7;12;2;6;11;1
202200049951;725 075;50;12;2;1;0;3
202200049952;725 073;15;0;2;2;12;0
202200049952;725 078;7;0;2;6;1;2
202200049953;725 071;7;0;1;1;1;1
202200049954;725 069;10;0;1;2;1;1
202200049955;725 067;7;0;1;1;18;1
202200049956;725 065;33;1;2;1;1;1
202200049956;725 068;7;0;2;5;2;1
202200049957;725 064;7;0;1;1;1;1
202200049958;725 063;7;0;2;6;12;0
202200049958;725 070;7;0;2;2;1;0
202200049959;725 061;7;0;2;6;2;1
202200049959;725 066;33;0;2;1;2;1
202200049960;725 059;7;0;2;1;20;1
202200049960;725 062;30;14;2;1;23;1
202200049961;725 058;32;0;2;1;1;1
202200049961;725 060;10;0;2;3;26;1
202200049962;725 057;33;0;0;3;1;1
202200049963;725 054;7;0;1;2;1;0
202200049964;725 050;7;0;2;4;9;1
202200049964;725 055;7;0;2;0;0;1
202200049965;725 046;7;0;0;4;23;1
202200049965;725 052;1;0;2;1;2;5
202200049966;725 047;7;0;2;6;2;1
202200049966;725 053;15;0;2;2;12;1
202200049967;725 043;7;0;2;3;15;1
202200049967;725 048;30;0;2;1;1;1
202200049968;725 042;7;0;2;2;1;1
202200049968;725 049;1;0;2;1;1;5
202200049969;725 040;33;0;2;8;18;1
202200049969;725 044;7;0;2;7;16;1
202200049970;725 041;17;0;2;6;2;1
202200049970;725 045;10;0;2;6;2;1
202200049970;725 051;7;0;2;4;2;1
202200049970;725 056;7;0;2;1;1;1
202200049971;725 037;7;0;2;8;10;1
202200049971;725 039;2;0;2;2;17;1
202200049972;725 035;7;2;0;1;1;1
202200049973;725 031;7;0;2;2;2;1
202200049973;725 036;7;0;2;7;19;1
202200049974;725 030;33;0;2;7;3;1
202200049974;725 033;7;0;2;5;2;1
202200049974;725 038;7;0;2;8;11;1
202200049975;725 029;7;0;2;8;22;1
202200049975;725 032;1;0;2;1;2;5
202200049976;725 026;50;1;0;1;0;3
202200049977;725 027;7;8;0;1;0;1
202200049978;725 024;7;0;2;4;1;1
202200049979;725 025;7;0;2;4;2;1
202200049979;725 028;13;0;2;1;2;1
202200049980;725 020;1;1;0;8;0;5
202200049980;725 034;7;9;2;1;26;1
202200049981;725 017;34;0;2;2;17;1
202200049981;725 022;7;0;2;3;15;1
202200049982;725 015;1;1;0;1;26;5
202200049982;725 019;10;0;9;3;22;1
202200049983;725 013;7;0;2;1;1;1
202200049983;725 018;7;0;2;1;1;1
202200049983;725 021;7;0;2;3;21;1
202200049983;725 023;7;3;0;7;1;1
202200049984;725 011;7;0;2;6;10;1
202200049984;725 014;33;0;2;1;1;1
202200049985;725 010;50;0;1;0;9;3
202200049986;725 006;7;0;2;0;0;1
202200049986;725 009;7;1;0;4;23;1
202200049986;725 012;7;3;0;6;2;1
202200049986;725 016;7;0;2;2;3;1
202200049987;725 004;1;0;2;8;19;5
202200049987;725 007;7;0;9;1;1;1
202200049988;725 003;7;0;9;2;20;1
202200049988;725 008;50;0;2;1;1;3
202200049989;725 002;13;0;1;5;1;0
202200049990;725 000;2;0;2;7;1;1
202200049990;725 005;7;0;2;1;1;1
202200049991;724 995;7;0;2;2;16;1
202200049991;724 999;50;0;2;3;1;3
202200049992;724 992;7;9;2;1;1;1
202200049992;724 998;7;9;2;2;1;1
202200049993;724 990;7;0;2;4;1;2
202200049993;724 993;7;0;2;4;1;1
202200049993;724 997;7;0;2;4;1;4
202200049993;725 001;10;0;2;1;1;1
202200049994;724 987;50;0;1;1;1;3
202200049995;724 986;1;0;2;7;1;5
202200049995;724 991;34;0;2;1;1;1
202200049996;724 988;7;0;2;3;1;1
202200049996;724 989;10;0;2;1;13;1
202200049997;724 994;7;0;2;4;1;1
202200049997;724 996;7;0;2;1;1;1
202200049998;724 985;7;13;0;3;1;1
202200049999;724 982;13;0;1;2;25;1
202200050000;724 981;50;1;0;1;1;3
202200050001;724 980;15;0;2;6;23;1
202200050001;724 984;33;0;2;1;14;1
202200050002;724 983;7;12;0;1;16;1
202200050003;724 978;30;0;1;1;17;1
202200050004;724 975;33;0;2;7;1;1
202200050004;724 977;38;0;2;5;15;1
202200050005;724 974;60;0;0;0;1;5
202200050006;724 973;7;0;1;2;15;1
202200050007;724 976;7;0;0;3;13;1
202200050007;724 979;33;0;0;2;17;1
202200050008;724 971;7;0;1;0;10;1
202200050009;724 970;7;0;2;4;2;1
202200050009;724 972;7;0;2;1;2;1
202200050010;724 965;36;0;2;1;2;1
202200050010;724 969;7;0;2;4;2;1
202200050011;724 964;1;0;1;1;25;5
202200050012;724 962;34;0;2;9;1;1
202200050012;724 967;10;0;2;6;11;1
202200050013;724 966;50;0;1;1;1;3
202200050014;724 961;33;0;0;0;2;1
202200050015;724 963;7;0;2;7;19;0
202200050015;724 968;7;0;2;1;1;0
202200050016;724 959;1;12;2;1;5;5
202200050016;724 960;37;12;0;3;2;1
202200050017;724 954;7;0;1;1;20;1
202200050018;724 953;33;0;2;1;1;0
202200050018;724 956;7;0;2;3;9;0
202200050019;724 952;7;0;2;3;1;1
202200050019;724 955;15;0;2;2;12;1
202200050020;724 951;10;0;2;4;2;1
202200050020;724 957;30;0;2;1;2;1
202200050021;724 950;7;0;1;2;16;1
202200050022;724 948;7;0;2;3;1;1
202200050022;724 958;7;0;2;3;13;2
202200050023;724 944;15;0;1;3;0;0
202200050024;724 946;10;0;2;3;0;1
202200050024;724 949;32;0;2;1;1;1
202200050025;724 943;7;0;2;4;2;1
202200050025;724 945;7;0;2;1;1;1
202200050026;724 941;7;1;0;3;9;1
202200050026;724 947;30;0;2;1;1;1
202200050027;724 939;10;0;2;3;1;1
202200050027;724 942;37;0;2;3;1;1
202200050028;724 938;7;0;0;1;1;1
202200050028;724 940;7;0;0;1;13;1
202200050029;724 933;7;16;0;9;13;1
202200050030;724 930;7;14;2;1;2;1
202200050030;724 936;7;0;2;4;23;1
202200050031;724 932;10;0;2;1;8;1
202200050031;724 937;10;0;2;7;15;1
202200050032;724 929;1;0;2;1;5;5
202200050032;724 934;7;0;2;2;2;1
202200050033;724 927;7;0;2;2;12;0
202200050033;724 931;33;0;2;1;3;1
202200050033;724 935;7;0;2;5;2;0
202200050034;724 925;1;0;2;4;2;5
202200050034;724 928;7;0;2;3;21;2
202200050035;724 924;7;13;0;8;26;1
202200050036;724 920;10;0;0;3;26;1
202200050037;724 922;7;0;1;4;4;1
202200050038;724 921;7;0;1;1;9;1
202200050039;724 919;7;0;2;8;15;1
202200050039;724 923;17;0;2;1;17;1
202200050040;724 916;2;0;2;6;11;1
202200050040;724 917;7;0;2;2;0;1
202200050041;724 914;7;0;1;1;1;1
202200050042;724 912;30;12;0;7;1;1
202200050043;724 911;7;2;0;1;1;1
202200050044;724 907;7;4;0;4;2;1
202200050044;724 910;7;4;2;1;12;1
202200050045;724 908;34;6;0;1;21;1
202200050045;724 913;7;0;0;0;0;0
202200050046;724 906;7;0;1;1;26;1
202200050047;724 904;33;3;0;1;17;1
202200050048;724 902;7;0;2;4;23;1
202200050048;724 905;7;0;2;1;1;1
202200050049;724 899;7;4;0;1;1;1
202200050050;724 901;7;0;0;4;1;1
202200050050;724 909;7;0;0;4;1;1
202200050050;724 915;7;0;2;1;1;1
202200050050;724 918;7;0;2;1;1;1
202200050050;724 926;7;0;2;1;1;1
202200050051;724 898;32;0;2;1;1;1
202200050051;724 903;30;0;2;8;16;1
202200050052;724 897;10;0;2;1;1;1
202200050052;724 900;7;0;2;7;1;1
202200050053;724 896;7;0;1;7;1;1
202200050054;724 894;7;0;1;1;1;1
202200050055;724 890;7;0;4;6;15;1
202200050055;724 895;40;0;2;1;1;3
202200050056;724 887;33;0;0;8;0;1
202200050057;724 888;2;0;2;1;1;1
202200050057;724 891;10;0;0;6;15;1
202200050058;724 886;7;0;1;2;1;1
202200050059;724 885;7;0;2;1;1;1
202200050059;724 889;7;0;2;2;15;1
202200050060;724 882;7;0;1;2;1;1
202200050061;724 881;32;0;2;0;0;1
202200050061;724 884;7;0;2;1;15;2
202200050062;724 878;7;6;0;1;0;1
202200050063;724 877;7;0;1;2;1;1
202200050064;724 873;7;0;2;4;23;1
202200050064;724 879;7;0;2;1;2;1
202200050065;724 876;31;0;2;1;1;1
202200050065;724 880;7;0;2;2;15;1
202200050066;724 871;7;0;1;2;16;1
202200050067;724 868;7;0;0;4;2;2
202200050067;724 875;7;0;2;6;2;1
202200050067;724 883;7;0;2;5;1;1
202200050067;724 893;7;0;2;1;18;1
202200050068;724 867;7;0;2;1;2;1
202200050068;724 870;7;0;2;4;2;1
202200050068;724 872;7;0;2;4;2;1
202200050068;724 874;7;0;2;4;2;1
202200050069;724 865;2;0;2;1;1;1
202200050069;724 869;7;0;2;1;1;1
202200050070;724 863;7;0;1;2;1;1
202200050071;724 864;50;0;0;9;0;3
202200050072;724 862;7;0;0;1;2;1
202200050072;724 866;7;0;0;4;23;1
202200050073;724 860;34;0;0;1;0;1
202200050074;724 858;7;0;1;1;1;1
202200050075;724 854;7;0;1;3;1;1
202200050076;724 851;7;0;2;1;1;1
202200050076;724 855;7;0;2;4;1;1
202200050076;724 859;7;0;2;4;1;1
202200050077;724 850;31;0;2;1;0;1
202200050077;724 853;7;0;2;7;10;1
202200050078;724 849;33;0;2;1;17;1
202200050078;724 852;7;0;2;1;1;1
202200050078;724 857;7;0;2;8;19;1
202200050079;724 847;7;0;5;1;1;1
202200050080;724 846;31;11;0;1;17;1
202200050081;724 844;30;12;0;1;13;1
202200050082;724 843;1;0;2;8;1;5
202200050082;724 845;10;0;2;8;1;1
202200050083;724 840;7;4;0;3;1;1
202200050084;724 838;33;0;2;1;1;1
202200050084;724 842;7;0;2;5;1;1
202200050085;724 839;31;0;2;1;1;1
202200050085;724 841;21;0;2;2;9;1
202200050086;724 834;10;13;0;0;0;1
202200050087;724 835;7;0;2;1;2;1
202200050087;724 837;7;0;2;4;2;1
202200050088;724 832;7;0;2;3;19;1