Num_Acc;id_vehicule;categorie_vehicule;obstacle_fixe;obstacle_mobile;point_choc_initial;manoeuvre_principale;motorisation
202200050088;724 836;33;0;2;1;1;1
202200050089;724 831;7;6;0;2;2;1
202200050090;724 829;1;0;0;4;23;5
202200050090;724 830;7;0;2;4;23;1
202200050090;724 833;10;0;2;1;26;1
202200050091;724 823;1;0;2;4;2;5
202200050091;724 827;7;0;2;2;2;1
202200050092;724 826;7;0;2;2;15;1
202200050092;724 828;31;0;2;1;1;1
202200050093;724 820;7;0;2;1;15;1
202200050093;724 824;33;0;2;3;1;1
202200050094;724 821;7;0;1;2;1;1
202200050095;724 817;7;0;2;3;1;1
202200050095;724 822;2;0;2;1;1;1
202200050096;724 819;7;0;2;0;0;1
202200050096;724 825;7;0;2;0;0;1
202200050097;724 816;0;0;1;1;26;0
202200050098;724 808;10;1;0;2;1;1
202200050098;724 814;7;0;0;3;24;1
202200050099;724 810;7;0;0;2;15;1
202200050099;724 813;31;0;2;1;1;1
202200050100;724 807;30;0;2;1;1;1
202200050100;724 812;33;0;2;8;23;1
202200050101;724 805;7;8;0;2;16;1
202200050102;724 804;7;0;2;2;15;1
202200050102;724 806;1;0;2;1;1;5
202200050103;724 803;33;0;2;1;17;1
202200050103;724 809;7;0;2;8;15;1
202200050104;724 801;33;0;6;1;1;1
202200050105;724 798;32;0;1;1;17;1
202200050106;724 799;7;0;1;1;16;1
202200050107;724 797;1;0;2;1;1;5
202200050107;724 802;7;0;2;3;19;1
202200050108;724 794;33;0;0;7;16;1
202200050109;724 793;7;0;2;2;13;1
202200050109;724 796;7;0;2;2;21;1
202200050110;724 792;7;3;0;0;1;2
202200050111;724 788;30;7;0;1;1;1
202200050112;724 787;30;0;2;2;0;1
202200050112;724 791;7;0;2;3;1;1
202200050113;724 786;33;0;2;6;1;1
202200050113;724 789;7;0;2;2;15;1
202200050114;724 785;7;16;0;3;1;1
202200050115;724 783;7;0;1;1;2;0
202200050116;724 782;30;0;9;1;1;1
202200050117;724 780;1;0;2;7;8;5
202200050117;724 784;37;0;2;1;1;4
202200050118;724 778;7;0;2;1;1;1
202200050118;724 781;7;0;2;8;15;1
202200050119;724 775;7;0;2;1;2;1
202200050119;724 779;7;0;2;4;2;1
202200050120;724 773;15;0;2;5;2;1
202200050120;724 776;1;0;2;8;1;5
202200050121;724 772;7;1;2;7;20;1
202200050121;724 777;33;1;2;1;1;1
202200050122;724 771;60;0;2;1;19;5
202200050122;724 774;13;0;2;1;1;1
202200050123;724 770;14;8;0;1;20;1
202200050124;724 769;7;0;0;2;1;2
202200050125;724 768;10;0;1;0;16;1
202200050126;724 764;7;13;0;1;0;1
202200050127;724 763;7;0;2;0;0;0
202200050127;724 767;1;13;0;4;1;5
202200050128;724 761;7;0;2;1;1;1
202200050128;724 766;7;0;2;3;1;1
202200050129;724 759;7;0;2;3;15;1
202200050129;724 765;7;0;2;2;17;0
202200050130;724 762;7;0;1;2;15;2
202200050131;724 758;2;1;0;1;26;1
202200050132;724 757;7;0;2;3;1;1
202200050132;724 760;7;0;2;3;13;1
202200050133;724 756;7;0;0;1;1;1
202200050134;724 755;7;0;1;8;19;1
202200050135;724 751;31;0;1;1;1;1
202200050135;724 753;50;0;2;4;19;3
202200050136;724 752;7;0;2;2;15;1
202200050136;724 754;33;0;2;1;1;1
202200050137;724 749;38;0;1;4;4;0
202200050138;724 746;33;6;0;1;0;1
202200050139;724 747;7;0;2;1;1;1
202200050139;724 750;2;0;0;4;1;1
202200050140;724 745;33;12;0;3;16;1
202200050141;724 740;7;6;0;3;1;1
202200050142;724 738;33;5;0;8;26;1
202200050143;724 739;7;0;2;8;10;1
202200050143;724 741;34;0;2;1;17;1
202200050144;724 736;7;0;2;1;1;1
202200050144;724 742;7;2;2;1;13;1
202200050145;724 737;7;6;2;7;1;1
202200050145;724 743;7;0;2;8;23;1
202200050145;724 748;7;0;2;7;23;1
202200050146;724 735;7;0;1;3;15;1
202200050147;724 734;32;0;2;6;2;1
202200050147;724 744;10;0;2;1;2;1
202200050148;724 733;7;6;0;7;1;1
202200050149;724 730;7;0;2;3;0;1
202200050149;724 732;2;0;2;1;0;1
202200050150;724 728;7;0;1;1;1;1
202200050151;724 727;7;0;1;1;1;1
202200050152;724 724;3;0;2;2;15;1
202200050152;724 726;34;1;2;1;21;1
202200050153;724 719;7;0;2;3;15;1
202200050153;724 725;2;0;2;1;21;1
202200050154;724 720;2;0;2;2;13;1
202200050154;724 721;7;0;2;3;15;1
202200050155;724 718;1;0;0;8;1;5
202200050156;724 717;7;0;2;4;2;1
202200050156;724 723;7;0;2;4;2;2
202200050156;724 729;7;0;2;4;2;2
202200050156;724 731;13;0;2;1;14;6
202200050157;724 714;7;0;1;3;1;1
202200050158;724 715;7;0;2;3;15;1
202200050158;724 722;7;0;2;8;1;1
202200050159;724 713;10;0;2;3;9;1
202200050159;724 716;33;0;2;7;1;1
202200050160;724 709;33;0;2;1;1;1
202200050160;724 712;7;0;2;3;15;1
202200050161;724 707;7;0;1;1;1;1
202200050162;724 699;7;0;2;1;13;1
202200050162;724 703;7;0;2;8;1;1
202200050162;724 711;7;0;2;1;2;0
202200050163;724 700;43;0;2;3;11;1
202200050163;724 706;33;0;2;7;3;1
202200050163;724 710;7;0;2;7;1;1
202200050164;724 701;7;0;2;1;1;1
202200050164;724 708;31;0;2;7;1;0
202200050165;724 704;7;6;0;1;1;1
202200050166;724 695;7;16;0;9;14;1
202200050167;724 696;10;0;1;8;15;6
202200050168;724 694;10;0;2;1;2;1
202200050168;724 697;7;0;2;4;2;1
202200050168;724 698;7;0;2;4;2;1
202200050169;724 690;1;0;2;1;2;5
202200050169;724 692;7;0;9;7;2;1
202200050170;724 687;7;6;0;1;14;1
202200050171;724 686;7;0;2;2;1;1
202200050171;724 691;30;0;2;1;1;1
202200050172;724 685;30;0;2;1;1;1
202200050172;724 693;7;0;2;1;15;1
202200050173;724 682;7;0;2;1;2;1
202200050173;724 688;7;0;2;4;2;1
202200050174;724 683;7;0;2;5;16;1
202200050174;724 689;43;0;2;8;1;1
202200050175;724 677;7;0;2;1;1;1
202200050175;724 681;7;0;2;1;13;1
202200050176;724 678;7;0;2;3;1;1
202200050176;724 684;2;0;2;1;16;1
202200050177;724 676;3;0;2;1;15;1
202200050177;724 680;33;0;2;1;1;1
202200050178;724 675;80;0;0;0;1;3
202200050179;724 670;36;14;0;1;1;1
202200050180;724 671;7;0;2;1;9;0
202200050180;724 674;2;0;2;7;0;1
202200050181;724 667;7;16;0;2;0;1
202200050182;724 672;32;0;2;1;1;1
202200050182;724 679;7;0;0;0;0;1
202200050183;724 668;7;0;2;3;1;1
202200050183;724 673;7;0;2;2;1;1
202200050184;724 669;7;0;1;1;1;1
202200050185;724 665;80;0;2;8;15;3
202200050185;724 666;33;0;2;1;1;1
202200050186;724 662;1;0;2;8;1;5
202200050186;724 664;7;0;9;3;15;2
202200050187;724 663;7;0;1;2;1;1
202200050188;724 660;7;1;0;2;1;1
202200050189;724 658;7;0;1;1;1;1
202200050190;724 655;7;2;0;1;1;1
202200050191;724 656;7;9;2;1;5;1
202200050191;724 659;30;8;2;1;2;1
202200050192;724 652;7;0;2;7;15;1
202200050192;724 661;7;0;2;1;1;1
202200050193;724 654;7;0;2;2;14;1
202200050193;724 657;2;0;2;3;7;3
202200050194;724 650;7;0;0;4;23;1
202200050194;724 653;2;14;0;1;2;1
202200050195;724 649;7;0;1;3;0;1
202200050196;724 651;33;16;0;7;16;1
202200050197;724 647;7;2;0;1;0;1
202200050198;724 646;7;1;0;1;1;1
202200050199;724 645;7;0;2;4;12;1
202200050199;724 648;14;0;2;2;1;0
202200050200;724 641;7;0;1;3;1;2
202200050201;724 640;7;0;2;3;1;1
202200050201;724 644;7;0;2;6;13;1
202200050202;724 638;7;2;0;1;1;1
202200050203;724 639;33;0;0;0;26;0
202200050203;724 642;10;0;0;3;15;0
202200050204;724 637;7;0;2;3;16;1
202200050204;724 643;7;0;2;1;1;1
202200050205;724 631;7;0;2;4;2;1
202200050205;724 634;31;0;2;1;2;1
202200050206;724 628;7;0;2;2;15;1
202200050206;724 635;33;0;2;2;1;1
202200050207;724 632;7;0;1;3;16;1
202200050208;724 633;30;0;1;3;1;0
202200050209;724 630;7;0;0;1;2;1
202200050210;724 627;1;0;2;1;1;5
202200050210;724 629;7;0;9;6;9;1
202200050211;724 625;7;0;1;1;1;1
202200050212;724 626;7;0;0;0;0;0
202200050212;724 636;34;0;2;1;1;0
202200050213;724 621;30;11;0;1;13;1
202200050214;724 616;7;0;2;1;1;1
202200050214;724 622;30;0;2;2;15;1
202200050215;724 618;10;0;2;1;1;1
202200050215;724 620;7;0;2;1;1;1
202200050216;724 615;33;0;0;1;13;1
202200050217;724 619;1;0;2;1;1;5
202200050217;724 623;7;0;2;3;22;1
202200050218;724 612;2;0;2;0;0;1
202200050218;724 614;99;0;2;0;0;3
202200050219;724 609;7;15;1;1;16;1
202200050220;724 607;7;0;2;4;2;1
202200050220;724 611;7;0;2;1;2;1
202200050221;724 606;7;0;2;3;15;1
202200050221;724 608;43;0;2;2;17;1
202200050222;724 605;32;0;2;1;1;1
202200050222;724 610;7;0;2;2;1;1
202200050223;724 604;7;0;1;2;1;1
202200050224;724 603;7;13;0;3;13;1
202200050225;724 597;10;0;2;7;2;1
202200050225;724 599;99;0;2;0;2;3
202200050226;724 592;7;0;2;2;1;1
202200050226;724 602;1;0;2;1;0;5
202200050227;724 593;7;0;1;2;1;1
202200050228;724 595;7;0;2;1;6;1
202200050228;724 601;7;0;2;3;1;1
202200050229;724 591;31;0;2;0;1;1
202200050229;724 596;7;0;2;0;5;1
202200050230;724 590;7;0;1;3;1;1
202200050231;724 598;33;0;2;1;1;1
202200050231;724 600;17;0;0;6;1;1
202200050232;724 589;10;0;2;3;13;1
202200050232;724 594;37;0;2;3;14;1
202200050233;724 588;33;13;0;4;1;1
202200050234;724 587;7;9;0;7;14;1
202200050235;724 583;43;0;2;1;5;0
202200050235;724 586;7;0;2;2;15;1
202200050236;724 581;7;3;0;1;1;1
202200050237;724 578;7;0;2;1;1;1
202200050237;724 584;7;0;2;3;6;1
202200050238;724 582;31;0;2;1;2;1
202200050238;724 585;33;0;2;4;23;1
202200050239;724 577;7;8;0;8;1;1
202200050240;724 576;7;0;2;2;2;1
202200050240;724 580;2;0;2;0;2;1
202200050241;724 575;7;0;2;2;26;1
202200050241;724 579;7;0;2;3;15;1
202200050242;724 571;33;13;0;1;17;1
202200050243;724 572;15;0;2;5;17;1
202200050243;724 573;7;0;2;1;1;1
202200050244;724 569;37;0;2;1;1;1
202200050244;724 574;7;0;2;5;1;1
202200050245;724 568;7;0;2;0;0;1
202200050245;724 570;7;0;0;4;0;1
202200050246;724 567;7;0;1;3;15;1
202200050247;724 565;7;0;1;1;1;2
202200050248;724 566;7;15;0;3;1;1
202200050249;724 562;10;16;0;0;13;1
202200050250;724 559;7;0;1;2;1;1
202200050251;724 560;1;0;2;1;15;5
202200050251;724 564;7;0;2;1;1;1
202200050252;724 556;7;0;1;2;16;2
202200050253;724 557;7;0;2;4;1;1
202200050253;724 561;7;0;2;1;1;1
202200050253;724 563;7;0;2;1;1;1
202200050254;724 554;30;0;2;1;1;1
202200050254;724 558;7;0;2;7;15;1
202200050255;724 551;31;0;0;3;1;0
202200050256;724 552;7;0;2;1;2;1
202200050256;724 555;2;0;2;4;2;1
202200050257;724 548;7;0;2;1;1;1
202200050257;724 553;7;0;2;7;15;1
202200050258;724 545;1;0;0;2;1;5
202200050258;724 549;99;0;0;2;14;6
202200050259;724 544;10;0;2;1;9;1
202200050259;724 550;7;0;2;7;26;1
202200050260;724 543;33;3;0;9;1;1
202200050261;724 539;50;0;2;7;19;3
202200050261;724 547;10;0;2;1;1;1
202200050262;724 538;7;0;2;4;1;1
202200050262;724 541;7;0;2;1;0;2
202200050262;724 546;7;0;2;1;1;1
202200050263;724 537;33;0;0;1;3;1
202200050263;724 542;7;0;0;5;12;1
202200050264;724 536;1;0;2;0;1;5
202200050264;724 540;1;0;2;0;1;5
202200050265;724 534;33;0;1;1;1;1
202200050266;724 530;7;0;2;4;1;1
202200050266;724 533;7;0;2;4;1;1
202200050266;724 535;10;0;2;1;1;1
202200050267;724 527;7;13;0;1;1;1
202200050268;724 528;1;0;0;0;2;5
202200050268;724 532;0;0;9;0;2;0
202200050269;724 524;7;0;1;0;0;1
202200050270;724 523;7;0;0;3;10;2
202200050270;724 525;7;0;0;2;13;1
202200050271;724 522;99;0;2;3;15;1
202200050271;724 531;1;0;2;1;16;6
202200050272;724 518;7;0;2;1;1;1
202200050272;724 520;15;0;2;1;13;1
202200050273;724 517;7;0;0;8;9;1
202200050273;724 519;30;0;2;7;1;1
202200050274;724 511;7;0;2;1;1;1
202200050274;724 516;7;0;0;3;1;1
202200050275;724 510;7;0;2;1;1;0
202200050275;724 515;33;0;2;4;9;1
202200050276;724 508;7;0;2;0;1;1
202200050276;724 514;7;0;2;1;1;1
202200050277;724 506;7;0;2;3;15;1
202200050277;724 513;60;0;2;1;1;5
202200050278;724 507;1;0;0;0;0;5
202200050278;724 512;99;0;9;1;0;1
202200050279;724 504;2;0;2;5;15;1
202200050279;724 509;2;0;2;1;1;1
202200050280;724 502;21;0;0;0;1;1
202200050281;724 501;7;0;1;1;15;2
202200050282;724 499;7;0;1;1;1;2
202200050283;724 500;7;0;1;3;1;1
202200050284;724 497;10;0;1;1;16;0
202200050285;724 495;7;0;2;7;1;1
202200050285;724 498;7;0;2;8;20;1
202200050286;724 492;7;0;1;2;7;1
202200050287;724 494;37;0;2;2;1;1
202200050287;724 496;1;0;2;2;13;5
202200050288;724 489;17;0;2;6;1;1
202200050288;724 491;7;0;2;2;17;1
202200050289;724 487;7;0;1;1;17;1
202200050290;724 490;7;0;2;1;1;1
202200050290;724 493;7;0;2;1;15;1
202200050291;724 488;1;0;0;0;25;5
202200050292;724 503;50;0;0;8;26;3
202200050292;724 505;33;0;2;7;1;1
202200050293;724 485;7;0;1;8;15;1
202200050294;724 483;50;0;2;1;5;3
202200050294;724 486;7;0;2;1;1;1
202200050295;724 482;7;0;2;1;0;1
202200050295;724 484;7;0;0;6;1;1
202200050296;724 481;10;0;1;0;26;1
202200050297;724 480;7;6;0;1;1;1
202200050298;724 478;7;0;2;7;9;1
202200050298;724 479;7;0;2;3;1;1
202200050299;724 471;7;0;2;1;1;1
202200050299;724 477;7;0;2;4;23;1
202200050300;724 473;36;6;0;8;0;1
202200050301;724 470;7;0;2;6;15;1
202200050301;724 476;10;0;2;3;2;1
202200050302;724 469;7;0;2;3;9;1
202200050302;724 474;2;0;2;1;1;1
202200050303;724 466;50;0;2;1;17;3
202200050303;724 472;7;0;2;3;1;2
202200050303;724 475;7;0;2;1;1;1
202200050304;724 465;33;0;2;1;1;0
202200050304;724 468;7;0;2;2;15;1
202200050305;724 464;2;0;2;0;1;1
202200050306;724 460;7;0;0;5;2;1
202200050306;724 463;15;0;0;2;2;1
202200050307;724 459;7;0;1;2;1;1
202200050308;724 456;33;0;2;1;1;1
202200050308;724 467;7;0;2;1;9;1
202200050309;724 453;2;0;2;3;13;0
202200050309;724 461;33;0;2;2;2;1
202200050310;724 452;7;0;2;1;1;2
202200050310;724 457;50;16;0;1;5;3
202200050311;724 458;32;0;2;1;1;3
202200050311;724 462;7;0;2;2;9;3
202200050312;724 451;10;0;2;3;0;1
202200050312;724 455;33;0;2;1;0;1
202200050313;724 448;7;0;2;1;1;1
202200050313;724 454;1;0;2;7;15;5
202200050314;724 446;1;0;0;0;26;5
202200050315;724 442;7;8;0;3;15;1
202200050315;724 447;32;0;2;1;11;1
202200050316;724 443;7;0;2;3;1;1
202200050316;724 449;7;0;2;1;5;1
202200050317;724 441;7;6;0;2;1;1
202200050318;724 440;7;12;0;2;15;1
202200050319;724 438;7;0;1;2;1;1
202200050320;724 439;7;0;2;3;1;1
202200050320;724 444;34;0;0;2;0;0
202200050321;724 434;7;0;2;7;15;2
202200050321;724 437;33;0;2;1;1;1
202200050322;724 431;7;0;2;3;26;0
202200050322;724 436;60;0;2;1;5;5
202200050323;724 430;7;0;2;2;16;1
202200050323;724 435;7;0;2;1;1;1
202200050324;724 432;7;13;0;2;0;1
202200050325;724 428;7;6;0;2;26;1
202200050326;724 429;32;0;2;2;1;1
202200050326;724 433;43;0;2;3;17;1
202200050327;724 422;7;0;1;2;1;1
202200050328;724 420;2;0;2;1;2;1
202200050328;724 426;7;0;2;4;2;1
202200050329;724 425;7;0;2;3;24;1
202200050329;724 427;1;0;0;0;0;5
202200050330;724 418;32;0;9;0;0;0
202200050330;724 424;7;0;9;2;16;0
202200050331;724 417;0;0;2;0;17;1
202200050331;724 421;1;9;0;4;2;5
202200050332;724 416;7;0;2;3;1;1
202200050332;724 423;30;0;2;1;1;1
202200050333;724 414;43;4;0;1;12;1
202200050334;724 415;7;0;2;3;1;1
202200050334;724 419;7;0;2;1;13;1
202200050335;724 412;7;2;0;3;1;1
202200050336;724 409;50;0;2;1;5;3
202200050336;724 413;7;0;2;2;9;1
202200050337;724 408;7;0;1;2;16;1
202200050338;724 406;7;0;0;8;15;1
202200050338;724 411;33;0;0;7;17;1
202200050339;724 404;34;0;2;1;1;1
202200050339;724 410;7;0;0;3;1;1
202200050340;724 402;50;0;1;1;1;3
202200050341;724 405;7;6;0;1;14;1
202200050342;724 401;7;0;2;1;1;2
202200050342;724 407;33;0;2;7;1;1
202200050343;724 399;7;0;0;5;2;2
202200050343;724 403;14;0;2;2;2;1
202200050344;724 398;32;0;1;8;21;1
202200050345;724 397;50;0;2;1;18;3
202200050345;724 400;7;0;2;7;16;1
202200050346;724 396;7;0;0;1;13;2
202200050347;724 393;7;6;0;1;14;1
202200050348;724 390;43;0;2;8;1;1
202200050348;724 394;10;0;2;2;12;1
202200050349;724 391;10;0;2;1;9;1
202200050349;724 395;2;0;2;1;9;1
202200050350;724 387;7;0;0;8;23;1
202200050350;724 392;7;11;1;0;1;1
202200050351;724 385;7;0;0;2;1;1
202200050352;724 384;32;0;2;7;1;1
202200050352;724 389;7;0;2;3;11;1
202200050353;724 382;7;0;9;6;1;0
202200050353;724 383;1;0;2;6;1;5
202200050354;724 380;33;0;2;1;1;1
202200050354;724 386;7;0;2;8;15;1
202200050355;724 377;2;13;0;2;21;1
202200050356;724 374;7;2;0;1;1;1
202200050357;724 373;7;0;2;1;1;1
202200050357;724 378;7;0;2;4;1;1
202200050358;724 372;30;0;2;1;17;1
202200050358;724 381;7;0;2;2;15;1
202200050359;724 371;14;0;2;1;1;1
202200050359;724 375;34;0;2;7;2;0
202200050360;724 365;7;0;2;1;9;1
202200050360;724 367;7;0;2;4;1;1
202200050360;724 370;7;0;2;6;2;1
202200050361;724 364;33;14;0;0;1;1
202200050362;724 366;2;0;2;8;1;1
202200050362;724 369;7;0;2;1;15;1
202200050363;724 360;7;0;2;4;23;1
202200050363;724 363;7;0;2;4;23;2
202200050363;724 368;7;0;2;4;23;1
202200050363;724 376;7;0;2;4;23;1
202200050363;724 379;10;0;2;1;2;1
202200050364;724 357;7;0;2;3;11;2
202200050364;724 362;33;0;2;1;1;1
202200050365;724 354;1;0;2;1;1;5
202200050365;724 358;10;0;9;3;26;1
202200050366;724 353;10;0;2;1;9;1
202200050366;724 359;10;0;2;4;1;1
202200050366;724 361;17;0;2;4;1;1
202200050367;724 352;33;15;0;0;1;1
202200050368;724 349;7;0;1;1;17;1
202200050369;724 351;7;0;2;1;13;1
202200050369;724 356;7;0;2;1;1;1
202200050370;724 348;32;0;2;1;16;1
202200050370;724 350;7;0;9;1;2;1
202200050370;724 355;37;14;0;0;7;1
202200050371;724 345;7;4;0;1;13;1
202200050372;724 343;2;0;2;1;2;1
202200050372;724 347;7;0;2;4;23;1
202200050373;724 346;34;0;1;1;1;0
202200050374;724 342;7;1;1;2;21;1
202200050375;724 340;7;0;2;1;0;1
202200050375;724 344;7;0;2;4;0;1
202200050376;724 339;7;13;0;1;9;1
202200050377;724 335;7;0;2;1;19;1
202200050377;724 341;7;0;2;7;1;1
202200050378;724 332;7;0;2;1;2;1
202200050378;724 337;7;0;2;4;2;1
202200050379;724 329;7;0;9;7;16;1
202200050379;724 334;1;0;2;8;15;5
202200050380;724 327;7;0;2;3;15;2
202200050380;724 336;32;11;2;1;1;1
202200050381;724 326;7;0;2;4;4;1
202200050381;724 331;13;0;2;1;0;1
202200050382;724 324;99;0;2;1;1;1
202200050382;724 328;7;0;2;1;5;1
202200050383;724 325;7;0;2;4;1;1
202200050383;724 333;7;0;2;1;2;1
202200050384;724 323;7;0;4;9;15;1
202200050384;724 330;40;0;2;3;1;1
202200050384;724 338;40;0;2;3;1;1
202200050385;724 319;7;0;2;1;1;1
202200050385;724 322;7;0;2;4;23;1
202200050386;724 317;32;12;0;1;14;1
202200050387;724 316;7;0;2;1;1;1
202200050387;724 320;7;0;2;1;15;1
202200050388;724 314;1;0;2;3;19;5
202200050388;724 318;10;0;2;2;16;1
202200050389;724 312;33;0;2;3;1;1
202200050389;724 321;10;0;2;7;15;1
202200050390;724 311;33;0;2;1;1;3
202200050390;724 315;7;0;2;6;11;1
202200050391;724 309;30;0;2;2;15;1
202200050391;724 313;7;0;2;8;1;1
202200050392;724 305;36;6;0;1;0;1
202200050393;724 306;7;0;2;8;11;1
202200050393;724 308;33;0;2;7;1;1
202200050394;724 302;10;0;2;3;2;1
202200050394;724 307;17;0;2;5;1;1
202200050395;724 303;7;0;1;2;16;1
202200050396;724 300;7;0;1;2;1;1
202200050397;724 296;7;0;2;2;16;1
202200050397;724 299;1;0;2;1;2;5
202200050398;724 297;7;13;0;2;0;1
202200050399;724 304;7;0;2;1;15;1
202200050399;724 310;2;0;2;1;1;1
202200050400;724 290;14;0;2;2;1;1
202200050400;724 295;7;0;2;3;9;2
202200050401;724 291;7;0;1;2;16;1
202200050402;724 288;2;0;2;7;1;1
202200050402;724 294;7;0;2;3;15;1
202200050403;724 286;50;0;2;1;1;3
202200050403;724 293;32;0;2;8;1;1
202200050404;724 284;7;8;0;2;1;1
202200050405;724 283;7;0;2;4;2;1
202200050405;724 287;7;0;2;4;2;1
202200050405;724 292;7;0;2;4;2;1
202200050405;724 298;7;0;2;4;2;1
202200050405;724 301;7;0;2;1;2;1
202200050406;724 280;7;0;2;1;9;1
202200050406;724 289;7;0;2;8;15;1
202200050407;724 279;31;8;2;1;21;1
202200050407;724 282;7;0;2;0;16;1
202200050408;724 278;7;0;2;4;23;1
202200050408;724 285;7;0;2;1;2;1
202200050409;724 276;31;0;1;1;1;3
202200050410;724 275;43;0;2;1;3;1
202200050410;724 277;10;0;2;6;11;1
202200050411;724 274;33;0;6;1;1;1
202200050412;724 272;7;3;1;4;23;1
202200050412;724 281;17;1;0;2;2;1
202200050413;724 270;7;0;1;1;1;1
202200050414;724 268;7;0;2;3;0;1
202200050414;724 273;30;0;2;1;9;1
202200050415;724 264;2;0;2;8;1;1
202200050415;724 267;7;0;2;7;14;1
202200050416;724 263;36;13;0;1;1;1
202200050417;724 262;7;0;0;4;0;1
202200050417;724 271;7;0;2;0;0;0
202200050418;724 265;50;0;2;7;11;3
202200050418;724 269;50;0;2;8;1;3
202200050419;724 257;7;0;2;1;2;1
202200050419;724 261;15;1;0;4;2;6
202200050419;724 266;7;0;2;1;2;2
202200050420;724 251;10;1;2;1;1;1
202200050420;724 256;10;1;2;3;15;1
202200050421;724 253;10;0;1;1;1;1
202200050422;724 258;7;0;2;3;2;1
202200050422;724 260;33;0;2;1;2;1
202200050423;724 247;31;0;2;1;1;1
202200050423;724 252;7;0;2;5;12;1
202200050424;724 243;7;13;0;1;14;1
202200050425;724 246;7;0;2;2;9;1
202200050425;724 250;50;0;2;1;1;3
202200050426;724 239;7;0;2;4;1;1
202200050426;724 245;7;0;2;4;1;1
202200050426;724 248;10;0;2;6;1;1
202200050426;724 254;10;0;2;4;1;1
202200050426;724 259;15;0;2;1;2;1
202200050427;724 237;1;0;2;4;1;5
202200050427;724 242;2;0;2;1;1;1
202200050428;724 235;7;4;0;8;2;1
202200050429;724 233;7;0;2;2;26;1
202200050429;724 240;7;0;2;3;26;1
202200050430;724 228;2;0;2;1;1;1
202200050430;724 234;7;0;2;2;15;1
202200050431;724 226;30;0;2;1;15;1
202200050431;724 232;37;0;2;3;1;2
202200050432;724 223;7;0;1;1;26;1
202200050433;724 222;14;0;2;1;1;1
202200050433;724 227;7;0;2;8;1;2
202200050433;724 231;7;0;2;0;1;1
202200050433;724 236;7;0;2;0;0;1
202200050433;724 238;7;0;2;0;0;1
202200050433;724 244;7;0;2;0;1;1
202200050434;724 220;13;0;2;1;12;1
202200050434;724 224;7;0;2;4;1;1
202200050434;724 229;42;14;0;1;2;1
202200050435;724 216;7;0;2;1;1;1
202200050435;724 225;2;0;2;1;5;1
202200050436;724 217;1;0;2;4;1;5
202200050436;724 221;13;0;2;2;1;0
202200050437;724 214;7;0;2;0;26;1
202200050437;724 218;50;0;2;0;1;3
202200050438;724 215;14;0;2;1;2;1
202200050438;724 219;7;0;2;4;2;1
202200050438;724 230;13;0;2;4;2;1
202200050439;724 210;10;0;2;1;2;1
202200050439;724 213;7;0;2;4;2;1
202200050440;724 207;7;0;2;1;2;1
202200050440;724 212;7;0;2;4;2;2
202200050441;724 211;7;0;1;1;15;2
202200050442;724 202;99;0;2;0;9;3
202200050442;724 206;7;0;2;1;0;1
202200050443;724 198;7;0;2;1;1;1
202200050443;724 205;7;0;2;7;26;1
202200050444;724 200;21;0;2;1;19;1
202200050444;724 209;7;0;2;1;1;1
202200050445;724 197;7;0;2;4;2;1
202200050445;724 203;7;0;2;1;1;1
202200050446;724 196;33;0;2;2;3;1
202200050446;724 201;7;0;2;6;1;1
202200050446;724 204;10;0;2;7;1;1
202200050446;724 208;10;0;2;5;1;1
202200050447;724 194;7;0;2;2;14;1
202200050447;724 199;50;0;2;3;1;3
202200050448;724 192;7;0;2;4;2;1
202200050448;724 195;7;0;2;1;1;1
202200050449;724 188;7;0;2;8;1;0
202200050449;724 191;80;0;2;1;1;3
202200050450;724 187;7;0;2;4;1;1
202200050450;724 193;7;0;2;1;2;1
202200050451;724 184;7;0;2;1;1;1
202200050451;724 190;7;0;2;1;13;1
202200050452;724 183;7;0;2;2;15;1
202200050452;724 189;7;0;2;8;1;1
202200050453;724 181;7;0;2;3;1;1
202200050453;724 186;7;0;2;3;26;1
202200050454;724 180;33;0;2;7;2;1
202200050454;724 185;7;0;2;8;11;1
202200050455;724 174;7;0;0;2;1;0
202200050456;724 173;2;4;2;1;1;1
202200050456;724 178;7;0;2;4;1;1
202200050457;724 172;7;0;1;1;17;1
202200050458;724 170;7;0;2;4;1;1
202200050458;724 175;30;0;2;4;1;1
202200050458;724 177;10;0;2;7;17;1
202200050459;724 171;7;0;0;0;19;0
202200050460;724 169;7;3;0;1;13;1
202200050461;724 168;7;0;2;1;2;1
202200050461;724 176;7;0;2;9;2;1
202200050461;724 179;7;0;2;4;2;1
202200050461;724 182;7;0;2;4;2;1
202200050462;724 167;21;13;0;1;1;1
202200050463;724 164;7;4;2;9;21;1
202200050464;724 160;10;0;0;3;15;1
202200050464;724 166;7;0;0;6;16;1
202200050465;724 157;30;14;1;7;21;3
202200050465;724 163;7;0;2;5;21;1
202200050466;724 159;32;0;2;1;1;1
202200050466;724 165;7;0;2;2;9;1
202200050467;724 154;7;3;2;3;1;1
202200050467;724 156;14;3;2;3;13;1
202200050468;724 151;7;0;1;2;0;1
202200050469;724 148;7;0;2;2;14;1
202200050469;724 153;7;0;2;6;0;1
202200050470;724 150;30;0;2;2;17;1
202200050470;724 158;7;0;2;3;2;1
202200050470;724 162;7;0;2;6;2;1
202200050471;724 149;7;0;2;2;1;1
202200050471;724 152;7;0;2;3;15;1
202200050472;724 144;2;0;2;8;1;1
202200050472;724 146;80;0;2;8;9;3
202200050473;724 143;1;0;1;3;1;5
202200050474;724 136;7;0;2;1;0;0
202200050474;724 142;32;0;2;4;2;1
202200050475;724 135;7;0;2;1;21;1
202200050475;724 140;7;0;2;1;1;1
202200050475;724 145;7;0;0;6;1;1