Num_Acc;id_vehicule;categorie_vehicule;obstacle_fixe;obstacle_mobile;point_choc_initial;manoeuvre_principale;motorisation
202200050476;724 131;7;12;0;3;20;1
202200050477;724 133;7;0;2;4;2;1
202200050477;724 141;7;0;2;5;2;1
202200050477;724 147;7;0;2;4;2;1
202200050477;724 155;7;0;2;1;2;1
202200050478;724 129;10;12;0;3;13;1
202200050479;724 128;7;0;1;1;1;1
202200050480;724 127;33;0;0;9;1;1
202200050481;724 130;33;0;2;1;1;1
202200050481;724 138;7;0;2;7;1;1
202200050482;724 125;7;0;1;2;9;1
202200050483;724 119;7;0;2;1;2;1
202200050483;724 124;7;0;2;1;2;1
202200050483;724 126;7;0;2;4;2;2
202200050484;724 121;15;3;0;1;6;1
202200050485;724 115;7;0;2;1;0;1
202200050485;724 123;7;0;2;1;0;1
202200050486;724 117;7;0;2;4;23;1
202200050486;724 120;7;0;2;1;1;1
202200050487;724 116;7;0;2;1;5;1
202200050487;724 122;7;0;2;1;13;1
202200050488;724 112;31;0;2;0;0;1
202200050488;724 113;10;0;2;1;9;1
202200050489;724 110;7;0;1;3;1;1
202200050490;724 105;7;0;2;4;1;1
202200050490;724 109;7;0;2;1;2;1
202200050491;724 107;10;0;1;0;0;1
202200050492;724 104;7;0;1;1;16;3
202200050493;724 103;7;0;1;3;1;1
202200050494;724 102;7;0;2;6;15;1
202200050494;724 108;2;0;2;1;1;1
202200050495;724 101;7;0;1;0;1;1
202200050496;724 100;33;13;0;3;1;1
202200050497;724 099;7;0;1;3;1;2
202200050498;724 096;0;1;0;2;1;0
202200050499;724 095;33;0;1;1;1;1
202200050500;724 093;99;12;0;1;1;3
202200050501;724 090;2;0;0;1;1;1
202200050502;724 092;50;0;2;0;0;3
202200050502;724 097;7;0;2;7;1;1
202200050503;724 089;36;13;0;9;1;1
202200050504;724 084;34;0;1;2;1;1
202200050505;724 080;7;0;2;3;0;1
202200050505;724 086;7;9;2;2;26;1
202200050506;724 079;7;0;2;3;1;1
202200050506;724 088;1;0;2;3;1;5
202200050507;724 078;1;0;2;7;1;5
202200050507;724 085;7;0;2;3;1;2
202200050508;724 077;30;0;2;1;2;1
202200050508;724 082;7;0;2;5;1;1
202200050509;724 076;7;0;1;2;1;1
202200050510;724 083;17;0;2;6;16;1
202200050510;724 087;7;0;2;5;15;1
202200050510;724 091;7;0;2;4;15;1
202200050511;724 075;10;0;2;1;1;1
202200050511;724 081;7;0;2;4;1;1
202200050512;724 072;30;0;1;1;3;1
202200050513;724 068;7;0;2;1;26;1
202200050513;724 073;7;0;2;1;13;1
202200050514;724 067;10;0;2;1;14;1
202200050514;724 070;7;0;2;8;1;3
202200050515;724 071;7;0;1;0;15;1
202200050516;724 065;7;0;2;3;9;0
202200050516;724 069;7;0;2;2;1;1
202200050516;724 074;37;0;2;6;1;1
202200050517;724 062;30;0;0;0;1;1
202200050518;724 061;7;0;2;3;13;1
202200050518;724 066;7;0;2;6;1;1
202200050519;724 060;10;0;2;2;1;1
202200050519;724 064;1;0;2;2;19;5
202200050520;724 057;7;0;2;1;15;1
202200050520;724 063;7;0;2;3;26;1
202200050521;724 056;7;0;1;7;1;1
202200050522;724 054;1;3;0;2;1;5
202200050523;724 052;7;0;1;3;15;1
202200050524;724 059;1;14;0;1;26;5
202200050525;724 058;7;0;1;1;1;0
202200050526;724 049;7;13;0;0;1;1
202200050527;724 047;32;0;2;8;1;1
202200050527;724 051;2;0;2;1;1;0
202200050528;724 045;38;0;2;7;5;1
202200050528;724 050;7;0;2;1;5;1
202200050528;724 053;10;0;2;8;0;1
202200050529;724 055;32;0;1;6;1;1
202200050530;724 042;60;0;1;0;26;5
202200050531;724 041;7;0;2;2;1;1
202200050531;724 043;2;0;2;3;1;1
202200050532;724 040;7;0;2;1;13;1
202200050532;724 044;7;0;2;1;1;1
202200050533;724 038;7;0;2;3;13;1
202200050533;724 046;7;0;2;3;0;1
202200050534;724 036;10;6;2;5;15;1
202200050534;724 039;7;0;2;1;16;1
202200050535;724 035;7;0;2;6;14;1
202200050535;724 037;7;0;2;3;13;1
202200050536;724 034;7;0;2;1;15;1
202200050536;724 048;33;0;2;1;1;1
202200050537;724 031;2;6;0;1;0;1
202200050538;724 029;50;0;2;1;5;3
202200050538;724 032;1;0;2;1;1;5
202200050539;724 030;7;0;1;1;1;1
202200050540;724 027;80;0;2;7;1;3
202200050540;724 033;7;0;2;3;1;1
202200050541;724 025;50;0;0;1;1;3
202200050542;724 023;7;0;2;2;1;1
202200050542;724 028;7;0;2;1;15;1
202200050543;724 022;7;14;0;2;1;1
202200050544;724 020;7;0;2;1;1;2
202200050544;724 024;1;0;2;6;15;5
202200050545;724 018;1;0;2;1;2;5
202200050545;724 026;7;0;2;3;0;1
202200050546;724 015;7;3;0;1;1;1
202200050547;724 016;7;0;2;1;2;1
202200050547;724 021;7;0;2;4;0;1
202200050548;724 014;21;0;2;3;15;1
202200050548;724 019;33;0;0;2;17;1
202200050549;724 013;7;0;2;1;2;1
202200050549;724 017;7;0;2;0;0;1
202200050550;724 012;7;8;0;8;1;1
202200050551;724 010;7;0;1;3;26;1
202200050552;724 009;1;0;2;4;26;5
202200050552;724 011;10;0;2;4;20;1
202200050553;724 005;7;0;2;0;12;1
202200050553;724 008;7;0;2;0;1;1
202200050554;724 004;37;0;1;2;26;1
202200050555;724 003;7;0;2;1;1;1
202200050555;724 007;2;0;2;1;1;1
202200050556;724 000;7;1;1;1;26;1
202200050557;724 002;7;0;2;1;0;0
202200050557;724 006;32;0;2;1;1;1
202200050558;723 999;32;0;1;1;26;1
202200050559;723 996;14;0;2;8;19;1
202200050559;724 001;7;0;2;1;1;1
202200050560;723 993;7;1;2;2;2;1
202200050560;723 997;2;0;0;0;0;1
202200050561;723 994;7;0;2;6;1;1
202200050561;723 998;31;15;2;1;25;1
202200050562;723 988;10;1;2;2;24;1
202200050562;723 995;2;0;2;3;3;1
202200050563;723 987;14;0;2;1;1;1
202200050563;723 992;7;0;2;1;15;1
202200050564;723 983;7;0;2;5;1;1
202200050564;723 991;33;0;2;1;1;1
202200050565;723 978;10;0;1;2;1;1
202200050566;723 982;7;0;2;6;23;1
202200050566;723 985;7;0;2;3;1;1
202200050566;723 990;7;0;2;9;21;1
202200050567;723 977;7;0;1;0;1;0
202200050568;723 976;7;0;2;8;15;1
202200050568;723 979;2;0;2;1;1;1
202200050569;723 975;10;0;2;4;2;1
202200050569;723 980;14;0;2;3;2;1
202200050569;723 984;10;0;2;1;2;1
202200050569;723 986;7;0;2;4;2;1
202200050569;723 989;7;0;2;4;2;1
202200050570;723 972;1;0;2;2;19;5
202200050570;723 981;7;0;9;1;1;1
202200050571;723 971;10;0;2;4;26;1
202200050571;723 974;1;0;2;1;1;5
202200050572;723 969;33;0;2;1;1;1
202200050572;723 973;7;0;2;3;15;1
202200050573;723 966;33;0;2;1;1;1
202200050573;723 970;7;0;2;3;26;1
202200050574;723 965;7;2;0;1;1;1
202200050575;723 963;7;0;2;1;2;0
202200050575;723 968;99;0;2;4;2;0
202200050576;723 960;1;0;2;0;9;0
202200050576;723 964;7;0;2;0;0;1
202200050577;723 959;7;0;2;1;1;1
202200050577;723 962;7;0;2;5;13;1
202200050578;723 956;7;0;2;3;13;1
202200050578;723 961;7;0;2;3;1;1
202200050578;723 967;7;0;2;3;1;2
202200050579;723 953;7;0;2;4;1;1
202200050579;723 957;10;0;2;1;1;1
202200050580;723 951;80;0;2;1;1;5
202200050580;723 958;7;0;2;2;15;1
202200050581;723 950;1;0;2;1;1;5
202200050581;723 955;7;0;9;2;15;1
202200050582;723 948;7;8;2;1;0;1
202200050582;723 954;7;0;2;1;26;1
202200050583;723 947;1;1;0;1;0;5
202200050583;723 952;10;0;0;8;22;1
202200050584;723 942;1;0;2;8;26;5
202200050584;723 946;7;0;2;1;15;1
202200050585;723 943;7;0;2;3;13;1
202200050585;723 944;7;0;2;3;1;1
202200050586;723 939;7;0;1;2;16;1
202200050587;723 936;7;0;1;1;26;3
202200050588;723 935;7;15;0;9;13;1
202200050589;723 934;43;0;2;1;2;1
202200050589;723 940;7;0;2;7;2;1
202200050590;723 937;33;0;2;1;0;1
202200050590;723 941;10;0;2;7;19;1
202200050591;723 931;7;16;0;0;13;1
202200050592;723 933;7;0;2;3;2;1
202200050592;723 938;7;0;2;6;15;1
202200050593;723 923;17;3;0;0;1;1
202200050594;723 922;50;0;2;1;2;3
202200050594;723 928;1;0;2;1;1;0
202200050594;723 932;10;0;2;2;16;1
202200050595;723 918;10;0;2;1;0;1
202200050595;723 927;7;0;2;1;1;1
202200050596;723 917;7;0;2;4;23;1
202200050596;723 924;7;0;0;4;23;1
202200050596;723 929;7;0;2;1;2;1
202200050597;723 916;7;0;2;1;13;1
202200050597;723 925;7;0;2;6;1;1
202200050597;723 930;7;0;2;1;1;1
202200050598;723 919;30;0;2;1;1;3
202200050598;723 926;7;0;2;3;15;1
202200050599;723 915;7;0;2;3;1;1
202200050599;723 920;7;0;2;3;1;2
202200050600;723 914;37;0;2;2;1;3
202200050600;723 921;7;0;2;3;9;1
202200050601;723 911;39;0;1;2;26;3
202200050602;723 908;7;0;2;6;23;1
202200050602;723 912;33;0;2;1;2;1
202200050603;723 906;36;2;0;3;1;1
202200050604;723 904;7;0;2;3;9;1
202200050604;723 910;7;0;2;6;1;1
202200050605;723 907;7;0;2;2;15;1
202200050605;723 913;7;0;2;1;1;1
202200050606;723 905;7;14;0;8;13;1
202200050607;723 901;7;0;2;1;1;3
202200050607;723 909;1;0;2;1;9;5
202200050608;723 900;2;0;2;1;1;1
202200050608;723 903;7;0;2;2;15;1
202200050609;723 897;7;0;2;1;1;1
202200050609;723 902;7;0;2;4;16;1
202200050610;723 899;7;8;0;1;1;1
202200050611;723 892;17;0;2;3;1;1
202200050611;723 898;7;0;2;8;19;1
202200050612;723 890;15;0;2;5;2;1
202200050612;723 895;1;0;2;3;2;5
202200050613;723 891;33;0;2;3;17;1
202200050613;723 896;10;0;2;3;1;1
202200050614;723 888;50;0;2;8;2;3
202200050614;723 893;3;0;9;7;17;1
202200050615;723 884;7;0;2;1;1;1
202200050615;723 889;7;0;2;1;0;1
202200050616;723 882;7;0;2;2;21;0
202200050617;723 881;2;0;2;1;1;1
202200050617;723 885;10;0;2;3;1;1
202200050618;723 887;80;0;2;1;1;3
202200050618;723 894;7;0;2;5;16;1
202200050619;723 877;7;0;2;2;1;1
202200050619;723 880;7;0;0;6;23;1
202200050620;723 875;7;13;0;7;14;1
202200050621;723 873;7;0;2;1;5;1
202200050621;723 878;7;0;2;1;1;1
202200050622;723 868;7;0;2;3;1;1
202200050622;723 874;7;0;2;2;15;1
202200050623;723 871;7;3;0;1;16;1
202200050624;723 869;7;0;1;1;1;1
202200050625;723 867;10;0;1;2;2;1
202200050626;723 865;7;2;0;1;1;1
202200050627;723 857;7;0;2;2;9;1
202200050627;723 861;10;0;2;5;1;1
202200050628;723 854;33;0;0;0;0;1
202200050629;723 853;7;0;2;1;15;1
202200050629;723 862;33;0;2;8;15;1
202200050630;723 852;7;0;2;6;7;1
202200050630;723 863;7;0;2;1;1;1
202200050631;723 859;34;0;2;1;2;3
202200050631;723 866;10;0;2;2;2;1
202200050631;723 870;7;0;2;6;2;3
202200050632;723 856;33;0;2;1;1;1
202200050632;723 860;7;0;2;1;15;1
202200050633;723 849;17;1;0;1;1;1
202200050633;723 851;17;0;0;0;23;1
202200050634;723 850;1;0;2;7;19;5
202200050634;723 855;7;0;2;1;1;1
202200050634;723 858;1;0;2;5;19;5
202200050634;723 864;1;0;2;0;0;5
202200050635;723 847;7;1;0;2;1;1
202200050635;723 848;7;0;2;8;0;1
202200050636;723 844;7;8;0;1;1;1
202200050637;723 839;1;0;2;1;1;5
202200050637;723 843;1;0;2;1;1;5
202200050637;723 845;7;2;9;1;13;1
202200050638;723 838;7;2;0;9;1;1
202200050639;723 836;7;0;1;1;15;1
202200050640;723 834;7;0;2;0;0;1
202200050640;723 840;33;0;2;3;1;1
202200050641;723 832;7;0;2;2;20;1
202200050641;723 835;33;0;2;1;26;1
202200050642;723 831;7;0;2;3;2;1
202200050642;723 833;7;0;0;5;2;1
202200050643;723 827;7;0;2;1;2;1
202200050643;723 830;1;0;2;8;19;5
202200050644;723 823;33;0;0;3;26;1
202200050645;723 819;7;0;2;1;1;1
202200050645;723 826;7;0;2;1;1;1
202200050646;723 818;7;15;0;0;1;1
202200050647;723 816;7;0;2;1;1;1
202200050647;723 824;50;0;2;1;1;3
202200050648;723 817;7;0;1;1;16;1
202200050649;723 812;50;0;2;2;1;3
202200050649;723 822;7;0;2;1;1;2
202200050650;723 811;7;0;2;3;9;1
202200050650;723 815;1;0;0;2;1;5
202200050651;723 809;1;0;2;1;1;5
202200050651;723 814;7;0;2;3;9;1
202200050652;723 805;34;0;1;1;1;1
202200050653;723 803;14;0;0;6;23;0
202200050653;723 807;7;1;1;6;23;1
202200050653;723 813;7;1;1;4;23;1
202200050653;723 820;7;1;1;4;23;1
202200050653;723 825;10;0;2;4;23;1
202200050653;723 829;15;1;2;1;1;1
202200050654;723 797;33;0;2;1;1;1
202200050654;723 806;7;0;2;3;15;1
202200050655;723 796;31;0;0;0;15;1
202200050656;723 795;7;0;2;4;2;1
202200050656;723 801;7;0;2;4;2;1
202200050656;723 804;10;0;2;1;2;1
202200050657;723 793;7;0;2;1;2;1
202200050657;723 799;15;0;0;4;2;1
202200050658;723 791;60;0;0;0;0;5
202200050659;723 789;60;9;2;0;21;5
202200050659;723 800;7;0;2;3;1;1
202200050660;723 790;50;0;2;4;2;3
202200050660;723 798;10;0;2;4;23;6
202200050661;723 788;7;0;2;3;1;1
202200050661;723 794;7;0;2;3;13;1
202200050662;723 786;7;0;0;1;0;2
202200050662;723 787;7;4;0;1;23;1
202200050662;723 792;7;3;2;1;19;1
202200050663;723 782;1;0;2;0;1;5
202200050663;723 785;33;0;2;0;1;1
202200050664;723 779;7;0;2;1;1;1
202200050664;723 784;10;0;2;1;5;1
202200050665;723 776;30;0;1;1;17;1
202200050666;723 778;30;0;2;1;13;1
202200050666;723 783;1;0;2;1;1;5
202200050667;723 772;7;0;2;3;1;1
202200050667;723 780;10;0;2;1;1;1
202200050668;723 770;14;2;9;2;0;1
202200050669;723 771;33;0;2;1;1;1
202200050669;723 774;7;0;2;6;15;1
202200050670;723 769;15;1;0;1;2;1
202200050670;723 773;7;3;0;4;23;1
202200050671;723 764;33;0;6;1;1;0
202200050671;723 767;7;0;2;1;1;1
202200050672;723 766;1;0;2;8;1;5
202200050672;723 777;7;0;2;1;1;1
202200050673;723 761;7;1;0;1;26;0
202200050674;723 762;10;8;0;1;0;1
202200050675;723 756;7;16;0;1;0;1
202200050676;723 758;7;0;2;2;16;1
202200050676;723 763;50;0;2;8;1;3
202200050677;723 754;1;0;2;1;16;5
202200050677;723 759;50;0;2;0;0;3
202200050678;723 755;33;14;0;1;17;1
202200050678;723 757;38;0;0;8;23;1
202200050679;723 751;7;4;0;8;13;1
202200050680;723 753;7;0;2;2;15;1
202200050680;723 760;7;0;2;3;19;1
202200050681;723 747;33;0;2;1;1;1
202200050681;723 750;7;0;2;3;15;1
202200050682;723 746;10;0;2;7;19;1
202200050682;723 749;7;0;2;3;1;1
202200050683;723 740;15;0;2;6;9;1
202200050683;723 748;7;0;2;1;1;1
202200050684;723 743;7;0;2;3;15;1
202200050684;723 752;30;0;2;7;1;1
202200050685;723 735;1;0;2;1;1;5
202200050685;723 739;7;0;9;8;15;1
202200050686;723 734;14;1;0;1;7;1
202200050687;723 733;7;0;2;8;1;1
202200050687;723 745;7;0;2;1;1;1
202200050688;723 738;33;0;2;1;1;1
202200050688;723 742;7;0;2;2;15;1
202200050689;723 732;7;0;1;4;4;1
202200050690;723 730;7;1;0;2;14;1
202200050691;723 736;7;1;0;2;14;1
202200050691;723 741;7;1;0;2;26;1
202200050692;723 737;7;1;2;8;20;1
202200050692;723 744;80;0;2;1;1;3
202200050693;723 727;7;7;0;1;1;1
202200050694;723 728;10;0;1;2;15;1
202200050695;723 726;7;3;0;1;12;1
202200050696;723 722;7;0;1;2;1;1
202200050697;723 729;33;0;2;1;26;1
202200050697;723 731;7;0;2;6;10;1
202200050698;723 721;7;0;2;6;1;1
202200050698;723 724;7;0;2;3;1;1
202200050699;723 715;7;0;2;8;15;1
202200050699;723 720;2;0;2;7;17;1
202200050700;723 719;7;0;2;8;10;1
202200050700;723 725;7;0;2;1;1;2
202200050701;723 709;7;0;2;1;1;1
202200050701;723 718;7;0;2;3;19;1
202200050702;723 710;7;0;2;3;15;1
202200050702;723 716;2;0;2;1;13;1
202200050703;723 717;7;0;2;1;2;1
202200050703;723 723;1;0;2;4;2;5
202200050704;723 711;7;0;2;1;9;1
202200050704;723 714;7;0;2;8;9;1
202200050705;723 705;7;1;2;5;24;1
202200050705;723 712;33;1;2;1;1;1
202200050706;723 706;7;0;2;3;13;1
202200050706;723 713;10;0;2;3;1;1
202200050707;723 704;33;0;2;3;13;1
202200050707;723 708;7;0;2;3;1;1
202200050708;723 701;10;0;2;4;23;1
202200050708;723 703;7;0;2;2;1;1
202200050708;723 707;7;1;2;1;18;1
202200050709;723 700;7;6;0;3;19;1
202200050710;723 698;7;0;2;2;18;1
202200050710;723 702;30;0;2;4;1;1
202200050711;723 693;7;0;2;1;1;1
202200050711;723 699;1;0;2;1;9;5
202200050712;723 689;7;4;0;3;2;1
202200050713;723 692;30;0;2;8;15;3
202200050713;723 696;32;0;2;1;1;1
202200050714;723 690;10;0;2;4;23;1
202200050714;723 695;7;0;2;1;2;1
202200050715;723 688;1;0;0;4;1;5
202200050715;723 691;7;0;2;2;2;1
202200050716;723 686;7;6;0;3;13;1
202200050717;723 685;30;0;1;0;7;1
202200050718;723 687;7;0;2;4;2;1
202200050718;723 694;1;0;2;1;2;5
202200050719;723 682;80;0;9;0;13;3
202200050719;723 683;80;0;9;0;21;3
202200050720;723 679;7;0;2;1;1;1
202200050720;723 684;7;0;2;2;1;1
202200050720;723 697;17;0;0;6;1;1
202200050721;723 676;17;0;2;7;17;1
202200050721;723 678;7;3;2;1;21;1
202200050722;723 673;33;0;2;7;3;1
202200050722;723 680;7;0;2;1;19;1
202200050723;723 674;7;1;0;6;23;1
202200050723;723 681;7;14;0;2;1;1
202200050724;723 671;7;1;2;2;1;1
202200050724;723 677;10;0;2;6;23;0
202200050725;723 670;7;0;2;2;1;1
202200050725;723 675;7;0;2;5;15;1
202200050726;723 672;32;0;1;1;1;1
202200050727;723 662;3;0;2;3;1;1
202200050727;723 667;2;0;2;3;1;1
202200050728;723 663;13;0;0;2;15;1
202200050728;723 666;31;0;0;1;1;1
202200050729;723 661;7;0;2;7;10;1
202200050729;723 668;2;0;2;1;1;1
202200050730;723 659;7;0;2;5;16;1
202200050730;723 664;30;0;2;1;2;1
202200050731;723 658;7;0;1;2;1;1
202200050732;723 657;7;0;2;7;1;1
202200050732;723 665;32;0;2;8;11;1
202200050733;723 655;7;0;1;1;1;0
202200050734;723 650;7;0;0;3;1;1
202200050735;723 656;37;0;2;2;2;3
202200050735;723 669;7;0;2;4;2;2
202200050736;723 654;7;6;2;8;1;1
202200050736;723 660;14;6;2;1;1;0
202200050737;723 649;7;0;6;1;1;1
202200050738;723 646;1;0;2;4;1;5
202200050738;723 652;7;0;2;1;2;1
202200050739;723 653;10;2;0;3;13;1
202200050740;723 645;7;0;2;4;23;1
202200050740;723 651;7;0;2;1;2;1
202200050741;723 644;7;0;2;1;1;1
202200050741;723 648;10;0;2;1;13;1
202200050742;723 643;33;0;2;1;1;1
202200050742;723 647;7;0;2;8;15;1
202200050743;723 642;2;0;0;1;1;1
202200050744;723 641;37;0;1;7;7;1
202200050745;723 639;7;15;0;2;1;1
202200050746;723 636;7;0;1;2;1;2
202200050747;723 634;7;0;2;3;1;1
202200050747;723 638;33;0;2;1;13;1
202200050748;723 633;7;0;2;1;2;1
202200050748;723 637;21;0;2;6;1;1
202200050749;723 635;7;0;2;8;1;1
202200050749;723 640;17;0;2;7;12;1
202200050750;723 631;7;2;0;8;1;1
202200050751;723 626;30;5;0;1;1;1
202200050752;723 624;30;0;0;1;1;1
202200050752;723 630;30;0;0;1;1;1
202200050753;723 621;7;0;1;1;1;1
202200050754;723 619;7;13;0;9;1;1
202200050755;723 618;34;0;2;8;1;1
202200050755;723 623;7;0;2;5;12;1
202200050756;723 620;7;0;0;4;2;0
202200050756;723 628;31;12;2;2;2;1
202200050757;723 615;7;0;2;1;1;1
202200050757;723 625;10;0;2;1;15;1
202200050757;723 629;7;0;2;1;1;1
202200050757;723 632;7;0;2;1;23;1
202200050758;723 613;33;0;0;3;15;1
202200050759;723 614;7;0;0;4;23;1
202200050759;723 617;7;0;2;4;2;1
202200050759;723 622;10;0;2;1;2;1
202200050760;723 610;1;0;1;1;25;5
202200050761;723 604;7;15;0;1;1;1
202200050762;723 601;10;0;0;0;0;0
202200050762;723 607;33;0;2;7;0;1
202200050763;723 598;7;0;2;1;2;1
202200050763;723 612;7;0;2;4;2;2
202200050763;723 616;7;3;2;4;2;2
202200050763;723 627;7;0;0;4;2;1
202200050764;723 599;7;0;2;3;9;1
202200050764;723 605;7;0;2;2;1;1
202200050765;723 596;7;0;2;3;13;1
202200050765;723 603;7;0;2;3;1;1
202200050766;723 594;7;0;1;2;26;1
202200050767;723 591;10;0;2;4;1;1
202200050767;723 597;7;0;0;4;1;1
202200050767;723 602;7;0;2;4;1;1
202200050767;723 608;10;0;2;1;1;1
202200050768;723 595;7;0;2;2;1;1
202200050768;723 609;33;0;2;1;17;1
202200050769;723 593;30;0;2;7;23;3
202200050769;723 600;7;0;2;6;23;1
202200050769;723 606;7;0;2;4;1;2
202200050769;723 611;7;0;2;1;17;1
202200050770;723 588;10;0;1;1;1;1
202200050771;723 587;7;0;2;3;18;1
202200050771;723 590;7;0;2;5;1;1
202200050772;723 585;33;0;2;1;1;1
202200050772;723 589;7;0;0;3;15;1
202200050773;723 586;7;0;2;1;1;1
202200050773;723 592;7;0;2;3;1;1
202200050774;723 583;7;0;1;2;1;1
202200050775;723 581;33;8;0;1;13;1
202200050776;723 580;33;0;2;1;1;1
202200050776;723 584;7;0;2;3;10;1
202200050777;723 577;33;0;1;1;1;1
202200050778;723 574;7;0;1;3;1;1
202200050779;723 571;7;0;2;4;2;1
202200050779;723 579;7;0;2;1;2;1
202200050780;723 570;7;0;2;3;9;1
202200050780;723 575;2;0;2;7;15;1
202200050781;723 568;7;6;2;1;2;1
202200050781;723 573;10;6;0;4;2;0
202200050782;723 569;7;0;2;2;12;1
202200050782;723 572;10;0;2;3;2;1
202200050782;723 578;7;0;2;4;2;1
202200050782;723 582;17;0;2;4;1;1
202200050783;723 567;1;0;0;2;1;5
202200050783;723 576;7;0;0;8;9;1
202200050784;723 566;3;0;1;3;2;0
202200050785;723 561;10;0;2;2;15;1
202200050785;723 565;33;0;2;1;1;1
202200050786;723 560;7;0;2;3;10;3
202200050786;723 564;50;0;2;2;17;3
202200050787;723 555;1;0;2;0;0;5
202200050787;723 563;7;0;2;3;9;1
202200050788;723 553;7;13;0;1;13;1
202200050789;723 556;7;0;2;3;5;1
202200050789;723 562;2;0;2;2;1;3
202200050790;723 554;33;8;0;0;1;1
202200050791;723 550;7;0;2;3;16;1
202200050791;723 557;1;0;2;1;1;5
202200050792;723 548;7;0;2;4;1;1
202200050792;723 551;7;0;2;6;1;1
202200050792;723 558;7;0;2;9;12;1
202200050793;723 549;7;0;2;4;1;1
202200050793;723 552;7;0;2;4;9;1
202200050793;723 559;7;0;2;1;9;1
202200050794;723 546;7;0;2;1;2;1
202200050794;723 547;7;0;2;4;2;1
202200050795;723 545;14;0;0;3;1;6
202200050796;723 538;2;12;0;2;1;1
202200050797;723 537;17;0;0;6;1;1
202200050797;723 542;10;3;2;2;14;1
202200050798;723 540;1;0;0;0;1;5
202200050799;723 536;34;0;2;1;1;1
202200050799;723 543;7;0;2;3;15;1
202200050800;723 532;7;0;2;0;0;1
202200050800;723 534;7;0;2;1;1;1
202200050801;723 533;10;0;2;1;15;1
202200050801;723 544;33;0;2;1;1;1
202200050802;723 529;17;1;0;2;21;1
202200050803;723 528;7;0;2;2;1;0
202200050803;723 535;2;0;2;8;16;1
202200050804;723 527;7;0;9;2;15;1
202200050804;723 531;33;0;2;1;1;1
202200050805;723 525;10;0;1;1;1;1
202200050806;723 524;1;0;1;3;1;5
202200050807;723 518;33;0;2;1;1;1
202200050807;723 521;7;0;2;3;10;1
202200050808;723 523;7;0;2;4;1;3
202200050808;723 526;1;16;0;4;0;5
202200050809;723 515;7;14;9;4;23;1
202200050809;723 520;14;14;0;1;26;1
202200050810;723 517;10;0;2;7;15;1
202200050810;723 522;2;0;2;1;1;1
202200050811;723 512;7;0;2;8;13;1
202200050811;723 519;10;0;2;7;1;1
202200050812;723 513;7;0;1;1;0;1
202200050813;723 510;7;0;2;1;19;1
202200050813;723 516;80;0;2;8;1;3
202200050814;723 511;7;0;1;1;1;1
202200050815;723 508;36;16;0;0;17;1
202200050816;723 509;7;0;2;3;17;1
202200050816;723 514;7;0;2;3;1;1
202200050817;723 507;1;12;0;0;1;5
202200050818;723 506;7;0;1;1;15;1
202200050819;723 503;7;4;0;3;13;1
202200050820;723 498;33;0;5;1;1;1
202200050821;723 494;50;0;2;3;9;3
202200050821;723 502;7;0;2;7;1;1
202200050822;723 493;33;0;2;1;1;1
202200050822;723 499;7;0;2;7;10;1
202200050823;723 492;7;0;2;3;15;2
202200050823;723 497;32;0;2;2;17;1
202200050824;723 496;7;0;2;7;16;1
202200050824;723 500;32;0;2;1;18;1
202200050825;723 491;1;0;2;1;26;5
202200050825;723 495;7;0;9;2;1;2
202200050826;723 489;7;0;1;2;16;1
202200050827;723 488;7;0;2;4;1;1
202200050827;723 490;7;0;2;1;2;1
202200050828;723 486;7;0;1;1;1;1
202200050829;723 482;7;0;1;3;1;1
202200050830;723 481;7;0;1;3;1;1
202200050831;723 476;7;0;2;8;1;3
202200050831;723 484;7;0;2;7;12;1
202200050831;723 487;10;0;2;4;1;1
202200050832;723 480;50;0;2;3;12;3
202200050832;723 485;7;0;2;3;1;1
202200050833;723 477;10;0;2;1;9;1
202200050833;723 483;2;0;2;7;15;1
202200050834;723 473;7;0;2;3;1;1
202200050834;723 478;31;0;2;2;17;1
202200050835;723 471;7;0;2;1;2;1
202200050835;723 475;7;0;2;4;0;1
202200050836;723 472;32;0;2;5;1;1
202200050836;723 479;32;0;2;1;18;1
202200050837;723 469;1;0;2;2;26;5
202200050837;723 474;7;0;2;1;26;1
202200050838;723 468;33;6;0;1;17;1
202200050839;723 467;7;0;0;8;19;1
202200050839;723 470;33;0;2;1;1;0
202200050840;723 457;34;0;2;4;2;1
202200050840;723 463;7;0;2;1;2;2
202200050841;723 456;7;0;2;1;2;1
202200050841;723 462;7;0;2;4;2;1
202200050841;723 466;7;0;2;8;1;1
202200050842;723 453;7;0;2;4;2;1
202200050842;723 464;7;0;2;1;2;1
202200050843;723 451;2;0;2;1;3;1
202200050843;723 458;14;1;2;3;1;1
202200050843;723 465;10;0;2;8;1;1
202200050844;723 455;50;0;2;1;3;3
202200050844;723 459;7;0;2;1;2;1
202200050845;723 454;7;0;1;0;9;1
202200050846;723 450;7;0;1;3;0;1
202200050847;723 452;7;0;2;4;24;1
202200050847;723 460;31;0;2;1;1;1
202200050848;723 447;7;4;0;1;17;1
202200050849;723 446;7;1;1;5;20;1
202200050850;723 443;1;6;0;1;0;5
202200050851;723 442;10;0;2;1;1;1
202200050851;723 444;50;0;2;2;19;3
202200050852;723 441;7;0;0;9;1;1
202200050853;723 436;7;0;2;1;2;1
202200050853;723 438;60;0;0;4;0;5
202200050854;723 435;7;8;2;1;19;1
202200050854;723 439;99;0;;2;26;0
202200050855;723 434;7;4;0;1;0;1
202200050856;723 449;2;0;2;1;1;1
202200050856;723 461;7;0;2;7;1;1
202200050857;723 432;7;0;0;0;21;1
202200050857;723 437;7;1;0;1;13;1
202200050858;723 433;7;0;2;9;1;1
202200050858;723 440;7;0;2;9;1;1
202200050858;723 445;7;0;2;1;17;1