Num_Acc;id_vehicule;categorie_vehicule;obstacle_fixe;obstacle_mobile;point_choc_initial;manoeuvre_principale;motorisation
202200050859;723 430;7;5;2;5;1;1
202200050859;723 448;15;0;2;2;9;1
202200050860;723 428;7;0;2;2;9;1
202200050860;723 431;30;0;2;7;1;1
202200050861;723 427;33;0;0;8;10;1
202200050862;723 425;1;0;2;7;1;5
202200050862;723 429;7;0;2;1;9;1
202200050863;723 422;32;15;0;1;0;1
202200050864;723 421;32;0;2;2;17;1
202200050864;723 423;7;0;2;8;15;1
202200050865;723 418;7;0;2;1;1;1
202200050865;723 424;7;0;2;7;1;1
202200050866;723 415;10;0;0;4;23;1
202200050866;723 416;7;0;2;9;1;1
202200050866;723 420;7;0;2;1;26;1
202200050867;723 414;2;12;0;1;13;1
202200050868;723 413;7;0;2;1;1;
202200050868;723 417;7;0;2;4;1;
202200050869;723 411;7;0;2;1;2;1
202200050869;723 419;7;0;2;1;2;2
202200050869;723 426;7;1;0;1;2;2
202200050870;723 410;7;0;2;0;1;0
202200050870;723 412;2;0;2;2;5;1
202200050871;723 406;7;0;2;7;15;1
202200050871;723 408;30;0;2;1;1;1
202200050872;723 405;7;0;2;5;22;2
202200050872;723 409;80;0;2;1;18;3
202200050873;723 403;7;0;2;3;2;1
202200050873;723 407;99;0;2;1;26;3
202200050874;723 395;33;0;2;1;3;1
202200050874;723 399;7;0;2;2;12;1
202200050875;723 397;7;0;2;4;2;1
202200050875;723 402;7;0;2;1;2;1
202200050876;723 394;1;0;9;1;13;5
202200050876;723 400;1;0;9;1;21;5
202200050877;723 393;7;0;2;2;1;1
202200050877;723 404;1;0;2;1;15;5
202200050878;723 392;10;0;2;1;15;1
202200050878;723 398;32;0;2;1;11;1
202200050879;723 391;10;0;2;0;0;1
202200050879;723 396;7;0;2;0;0;1
202200050879;723 401;7;0;2;0;0;1
202200050880;723 387;33;0;2;1;2;1
202200050880;723 389;7;0;2;5;12;1
202200050881;723 386;7;0;2;2;1;1
202200050881;723 390;33;0;2;8;15;1
202200050882;723 380;7;0;2;1;2;1
202200050882;723 385;7;0;0;4;23;1
202200050883;723 379;2;0;2;1;1;1
202200050883;723 383;7;0;2;1;15;1
202200050884;723 378;7;0;2;3;11;1
202200050884;723 382;33;0;2;7;3;1
202200050885;723 376;7;0;2;4;2;1
202200050885;723 381;7;0;2;4;2;1
202200050885;723 388;7;0;2;1;2;1
202200050886;723 374;10;0;2;8;1;1
202200050886;723 384;1;0;2;1;11;5
202200050887;723 371;43;0;2;1;3;1
202200050887;723 373;43;0;2;4;3;1
202200050887;723 375;7;0;2;8;1;1
202200050887;723 377;7;0;2;2;2;1
202200050888;723 372;7;1;0;2;14;1
202200050889;723 369;7;0;2;3;9;1
202200050889;723 370;7;0;2;1;13;
202200050890;723 368;7;0;0;3;12;1
202200050891;723 366;7;0;1;1;1;1
202200050892;723 364;33;0;2;1;1;1
202200050892;723 367;7;0;2;2;15;1
202200050893;723 362;7;0;2;1;1;1
202200050893;723 365;7;0;2;4;2;1
202200050894;723 357;7;1;2;4;2;1
202200050894;723 361;7;0;2;1;2;1
202200050895;723 360;33;4;0;8;13;1
202200050896;723 359;7;0;2;2;1;1
202200050896;723 363;7;0;2;0;0;1
202200050897;723 354;10;0;2;5;2;1
202200050897;723 355;43;0;2;3;13;1
202200050898;723 350;7;0;2;1;15;1
202200050898;723 353;1;0;2;8;9;5
202200050899;723 352;30;11;0;0;0;1
202200050899;723 358;7;0;2;1;1;1
202200050900;723 351;7;0;2;1;11;1
202200050900;723 356;10;0;2;4;1;1
202200050901;723 348;32;0;1;1;13;0
202200050902;723 347;32;0;0;8;1;1
202200050903;723 345;31;0;2;0;1;1
202200050903;723 349;7;0;0;0;9;1
202200050904;723 342;7;0;2;4;1;1
202200050904;723 346;7;0;2;1;1;1
202200050905;723 340;33;0;0;2;1;1
202200050906;723 338;1;0;9;1;1;5
202200050906;723 341;99;0;9;1;1;3
202200050907;723 337;7;8;0;1;19;1
202200050907;723 344;2;8;2;1;2;1
202200050908;723 339;1;0;2;1;1;5
202200050908;723 343;7;0;2;8;15;1
202200050909;723 333;7;0;2;1;1;1
202200050909;723 336;7;0;2;1;17;1
202200050910;723 330;80;0;2;7;15;3
202200050910;723 335;7;0;2;3;9;1
202200050911;723 325;10;0;1;1;16;1
202200050912;723 326;7;0;2;2;15;2
202200050912;723 332;7;0;2;1;1;1
202200050913;723 328;80;0;0;1;1;3
202200050914;723 327;1;0;2;1;1;5
202200050914;723 331;7;0;2;2;15;1
202200050915;723 324;7;0;2;4;23;1
202200050915;723 329;7;0;2;1;1;1
202200050915;723 334;15;0;2;3;23;1
202200050916;723 322;10;6;1;1;20;1
202200050917;723 318;7;0;1;3;1;1
202200050918;723 315;7;1;0;2;14;1
202200050919;723 317;50;0;0;1;1;3
202200050919;723 321;7;0;9;1;16;1
202200050920;723 316;1;0;2;8;13;5
202200050920;723 320;7;0;2;7;1;1
202200050921;723 314;7;0;2;4;1;1
202200050921;723 319;7;0;2;1;1;1
202200050921;723 323;7;0;2;1;1;1
202200050922;723 311;1;0;2;1;12;5
202200050922;723 313;1;0;2;1;11;5
202200050923;723 309;1;0;2;7;1;5
202200050924;723 310;32;0;2;5;1;1
202200050924;723 312;7;0;2;3;10;0
202200050925;723 307;7;13;0;1;1;1
202200050926;723 305;3;0;2;3;13;1
202200050926;723 308;7;0;2;8;1;1
202200050927;723 303;7;0;2;1;1;1
202200050928;723 302;7;0;2;2;2;1
202200050928;723 304;33;0;2;5;2;1
202200050929;723 301;7;0;2;4;23;1
202200050929;723 306;7;0;2;1;0;1
202200050930;723 297;7;0;2;3;15;1
202200050930;723 300;30;0;2;1;1;3
202200050931;723 299;50;0;1;1;25;3
202200050932;723 296;33;0;2;0;0;1
202200050932;723 298;7;0;2;3;13;1
202200050933;723 290;33;1;0;0;26;1
202200050934;723 292;1;0;2;1;0;0
202200050934;723 294;7;0;2;3;1;1
202200050935;723 293;80;0;2;1;1;3
202200050935;723 295;7;0;2;8;22;2
202200050936;723 288;1;0;0;0;21;5
202200050937;723 283;7;0;1;1;1;1
202200050938;723 282;7;0;1;2;16;1
202200050939;723 281;50;0;0;0;26;3
202200050940;723 279;33;0;2;1;1;1
202200050940;723 280;13;0;2;7;15;0
202200050941;723 277;33;0;2;8;1;1
202200050941;723 278;10;0;2;2;12;1
202200050942;723 275;7;12;0;0;5;0
202200050942;723 276;32;0;0;0;26;0
202200050943;723 273;1;0;2;1;0;5
202200050943;723 274;7;0;2;2;9;1
202200050944;723 271;33;0;2;1;1;1
202200050944;723 272;7;0;2;3;13;1
202200050945;723 269;1;0;2;3;2;5
202200050945;723 270;50;0;2;2;9;3
202200050946;723 268;1;0;2;3;19;5
202200050946;723 284;7;0;2;5;1;1
202200050947;723 267;7;15;0;3;1;1
202200050948;723 265;7;9;0;1;26;1
202200050949;723 264;30;0;2;8;21;3
202200050949;723 266;10;0;2;3;1;3
202200050950;723 260;7;0;2;3;1;1
202200050950;723 262;2;0;2;1;1;1
202200050951;723 287;10;0;2;4;11;0
202200050951;723 289;33;0;2;1;1;1
202200050952;723 261;30;0;2;1;15;1
202200050952;723 263;7;0;2;6;1;1
202200050953;723 286;2;0;2;1;1;1
202200050953;723 291;7;0;2;4;1;1
202200050954;723 258;30;0;2;1;7;1
202200050954;723 259;7;0;2;2;16;2
202200050955;723 257;7;0;2;4;1;1
202200050955;723 285;7;0;2;1;1;1
202200050956;723 255;7;4;0;3;1;1
202200050957;723 253;31;0;0;0;26;1
202200050958;723 252;7;0;1;5;4;1
202200050959;723 251;7;0;2;2;1;1
202200050959;723 256;7;0;2;7;15;1
202200050960;723 249;7;0;9;1;1;2
202200050960;723 254;50;0;2;0;1;3
202200050961;723 248;50;0;2;1;1;3
202200050961;723 250;7;0;2;6;9;2
202200050962;723 245;7;2;0;1;1;1
202200050963;723 244;33;0;1;8;13;1
202200050964;723 242;7;0;2;0;3;0
202200050964;723 246;7;0;2;6;1;2
202200050965;723 240;32;0;2;1;1;1
202200050965;723 243;7;0;2;5;16;2
202200050966;723 239;33;16;0;3;0;1
202200050967;723 241;7;0;2;4;23;1
202200050967;723 247;30;0;2;1;1;3
202200050968;723 236;7;0;2;1;0;1
202200050968;723 238;1;0;2;0;0;5
202200050969;723 232;17;0;2;4;2;1
202200050969;723 237;17;0;2;1;2;1
202200050970;723 233;2;1;1;1;1;1
202200050971;723 230;1;0;2;1;1;5
202200050971;723 234;7;0;2;4;23;2
202200050972;723 227;7;0;2;4;23;1
202200050972;723 229;7;0;2;4;23;1
202200050972;723 231;7;0;2;4;23;1
202200050972;723 235;7;0;2;1;1;1
202200050973;723 224;43;0;2;7;3;1
202200050973;723 228;7;0;2;0;13;0
202200050974;723 223;7;0;2;2;21;1
202200050974;723 226;33;0;2;2;21;1
202200050975;723 218;7;0;2;1;1;1
202200050975;723 221;7;0;2;4;23;1
202200050976;723 214;7;0;2;4;9;1
202200050976;723 219;15;0;2;1;1;1
202200050977;723 215;2;0;2;7;17;1
202200050977;723 220;7;0;2;3;15;1
202200050978;723 213;7;0;2;0;0;1
202200050978;723 217;7;0;1;4;2;1
202200050978;723 222;7;0;2;4;2;1
202200050978;723 225;7;0;2;1;2;1
202200050979;723 212;7;0;2;2;15;1
202200050979;723 216;10;0;0;8;1;1
202200050980;723 211;50;0;0;0;1;3
202200050981;723 210;7;0;1;7;1;0
202200050982;723 208;36;0;2;0;26;0
202200050983;723 206;10;0;2;1;19;1
202200050983;723 209;34;14;2;2;1;1
202200050984;723 201;7;0;2;3;1;1
202200050984;723 205;33;0;2;1;1;1
202200050985;723 202;2;0;1;1;1;1
202200050986;723 204;7;0;2;1;1;1
202200050986;723 207;7;0;2;1;13;1
202200050987;723 200;10;0;2;2;16;1
202200050987;723 203;1;0;2;8;1;5
202200050988;723 198;7;0;2;1;13;1
202200050988;723 199;17;0;2;3;1;1
202200050989;723 197;1;1;0;1;1;5
202200050990;723 194;7;0;2;1;19;1
202200050990;723 196;32;0;2;8;1;1
202200050991;723 193;10;0;1;2;1;1
202200050992;723 195;33;0;0;8;21;1
202200050993;723 191;7;0;2;7;15;1
202200050993;723 192;43;0;2;1;1;1
202200050994;723 188;2;0;0;0;0;1
202200050995;723 189;7;2;0;3;1;1
202200050996;723 184;7;0;0;9;13;1
202200050997;723 186;7;0;2;3;10;1
202200050997;723 190;32;0;2;1;17;1
202200050998;723 183;7;0;2;3;1;0
202200050998;723 185;2;0;2;4;15;0
202200050998;723 187;7;0;2;3;1;0
202200050999;723 181;7;0;2;3;15;2
202200050999;723 182;7;0;2;3;1;1
202200051000;723 179;10;0;1;3;1;1
202200051001;723 177;7;0;2;4;2;1
202200051001;723 178;7;0;2;4;16;1
202200051002;723 172;7;0;2;3;1;1
202200051002;723 180;31;0;2;1;1;1
202200051003;723 175;1;0;5;0;1;5
202200051004;723 174;15;1;0;6;0;1
202200051004;723 176;32;1;2;7;18;1
202200051005;723 171;7;0;2;1;1;1
202200051005;723 173;7;0;2;1;5;1
202200051006;723 170;50;0;0;0;21;3
202200051007;723 169;80;0;0;1;0;3
202200051008;723 167;7;5;0;0;1;1
202200051009;723 166;7;0;1;8;15;1
202200051010;723 163;7;0;1;3;1;1
202200051011;723 164;7;0;2;5;15;1
202200051011;723 165;30;0;2;1;1;1
202200051012;723 160;2;0;2;1;1;0
202200051012;723 162;7;0;2;2;15;0
202200051013;723 157;7;0;2;3;1;1
202200051013;723 161;7;13;2;7;17;1
202200051014;723 156;7;1;0;3;14;1
202200051015;723 155;7;0;0;0;15;1
202200051015;723 159;1;0;0;0;21;5
202200051016;723 154;2;0;2;1;5;1
202200051016;723 158;7;0;2;1;1;1
202200051017;723 152;43;0;2;3;1;1
202200051017;723 153;7;0;2;2;15;1
202200051018;723 150;7;0;1;3;20;1
202200051019;723 151;7;1;0;5;1;1
202200051020;723 144;7;0;2;6;15;1
202200051020;723 147;30;0;2;3;1;1
202200051021;723 143;33;0;2;0;1;1
202200051021;723 146;34;0;2;2;1;1
202200051021;723 149;7;0;2;3;1;1
202200051022;723 141;33;0;2;2;17;1
202200051022;723 145;7;0;0;6;15;1
202200051023;723 140;7;0;1;6;20;1
202200051024;723 142;43;0;2;1;0;1
202200051024;723 148;7;0;0;5;0;1
202200051025;723 133;33;0;0;1;1;1
202200051025;723 137;10;0;0;2;15;1
202200051026;723 131;10;0;2;1;1;1
202200051026;723 134;7;1;2;7;1;2
202200051027;723 132;10;0;1;3;26;1
202200051028;723 130;31;8;2;1;17;1
202200051029;723 129;7;0;0;0;14;1
202200051030;723 126;7;1;2;7;1;1
202200051031;723 123;7;0;2;3;1;1
202200051031;723 128;1;0;2;6;1;5
202200051032;723 122;10;0;2;8;0;0
202200051032;723 125;33;0;2;8;0;1
202200051033;723 119;2;0;2;8;6;3
202200051033;723 121;7;0;2;8;1;1
202200051034;723 118;7;0;2;1;1;1
202200051034;723 120;7;0;2;8;10;1
202200051035;723 117;7;11;1;3;15;1
202200051036;723 114;2;0;2;6;1;1
202200051036;723 116;7;0;2;1;1;1
202200051037;723 115;7;15;0;1;1;1
202200051038;723 110;7;0;2;5;15;1
202200051038;723 112;33;0;2;1;1;1
202200051039;723 108;7;0;2;4;2;1
202200051039;723 111;7;0;2;1;2;1
202200051040;723 107;33;0;0;0;2;1
202200051041;723 109;7;14;0;1;2;1
202200051041;723 113;7;0;2;4;23;1
202200051042;723 106;14;5;1;1;9;0
202200051043;723 103;7;0;2;7;15;1
202200051043;723 105;33;0;2;1;1;1
202200051044;723 101;7;0;1;3;1;1
202200051044;723 104;7;0;2;3;1;1
202200051045;723 099;7;0;2;8;1;2
202200051045;723 102;7;0;2;1;1;1
202200051046;723 095;32;0;2;7;9;1
202200051046;723 098;7;0;2;3;1;1
202200051047;723 096;7;0;2;1;13;1
202200051047;723 100;33;0;2;1;1;1
202200051048;723 091;33;0;2;1;1;1
202200051048;723 094;7;0;2;1;10;1
202200051049;723 090;2;0;0;0;0;1
202200051049;723 093;2;0;2;9;0;1
202200051049;723 097;31;13;2;9;0;1
202200051050;723 089;7;0;2;1;15;1
202200051050;723 092;7;0;2;3;1;1
202200051051;723 083;33;16;0;1;1;1
202200051052;723 085;2;12;0;0;1;1
202200051053;723 082;7;0;2;1;9;1
202200051053;723 087;7;0;2;1;1;1
202200051054;723 086;7;0;1;1;15;1
202200051055;723 084;2;0;0;7;1;1
202200051055;723 088;7;0;2;7;14;0
202200051056;723 079;7;0;1;2;15;1
202200051057;723 078;10;0;1;2;0;0
202200051058;723 077;3;13;2;7;26;3
202200051058;723 080;7;0;2;1;1;3
202200051059;723 074;7;10;0;0;0;1
202200051060;723 073;7;0;2;1;5;1
202200051060;723 081;7;0;2;1;2;1
202200051061;723 072;7;0;2;6;9;1
202200051061;723 075;33;0;2;1;1;1
202200051062;723 076;7;3;0;3;1;1
202200051063;723 071;33;13;0;1;21;1
202200051064;723 068;7;0;2;1;13;1
202200051064;723 070;7;0;2;1;1;1
202200051065;723 069;7;0;1;2;2;1
202200051066;723 066;7;0;1;3;1;1
202200051067;723 064;7;0;0;0;16;1
202200051067;723 067;80;0;0;9;21;3
202200051068;723 058;7;1;0;1;15;1
202200051069;723 059;7;0;1;7;1;2
202200051070;723 056;7;0;2;3;1;1
202200051070;723 061;10;0;2;2;1;1
202200051070;723 062;1;0;2;1;25;5
202200051071;723 054;3;6;0;1;14;1
202200051072;723 051;7;0;2;1;1;1
202200051072;723 055;7;0;2;9;1;1
202200051073;723 052;7;0;1;5;20;1
202200051074;723 050;14;0;2;4;2;1
202200051074;723 053;10;0;2;1;2;1
202200051075;723 046;7;0;1;2;14;1
202200051076;723 048;10;0;2;7;16;1
202200051076;723 049;1;0;2;1;1;5
202200051077;723 044;20;0;1;6;1;1
202200051078;723 043;7;0;2;1;1;2
202200051078;723 047;30;0;2;8;15;3
202200051079;723 040;17;0;2;3;1;1
202200051079;723 042;7;4;2;3;1;1
202200051079;723 045;17;4;2;6;13;1
202200051080;723 038;50;0;2;0;19;3
202200051080;723 041;2;0;2;0;1;1
202200051081;723 033;7;0;0;4;2;1
202200051081;723 036;10;0;2;4;2;1
202200051081;723 039;7;0;2;1;1;1
202200051082;723 035;1;0;1;8;1;5
202200051083;723 032;10;0;2;3;26;1
202200051083;723 037;7;0;2;3;26;1
202200051084;723 031;33;0;2;1;3;1
202200051084;723 034;7;0;0;6;15;1
202200051085;723 027;7;0;2;2;2;1
202200051085;723 030;80;0;2;3;11;3
202200051086;723 025;7;0;0;5;2;1
202200051086;723 028;30;0;2;1;2;1
202200051087;723 024;7;0;2;3;15;1
202200051087;723 029;1;0;2;1;1;5
202200051088;723 026;7;1;0;3;0;1
202200051089;723 023;7;0;1;2;15;1
202200051090;723 018;7;0;2;2;16;1
202200051090;723 021;1;0;2;1;1;5
202200051091;723 016;7;0;2;7;9;1
202200051091;723 022;7;0;2;1;9;1
202200051092;723 015;2;0;2;0;0;1
202200051092;723 020;7;0;2;1;1;1
202200051093;723 014;7;0;2;1;13;1
202200051093;723 019;1;0;2;1;1;5
202200051094;723 012;7;3;0;1;1;1
202200051095;723 009;7;0;1;3;15;1
202200051096;723 006;30;0;2;1;2;1
202200051096;723 011;15;0;2;4;2;0
202200051097;723 007;33;0;0;0;0;1
202200051097;723 010;33;0;0;0;0;1
202200051098;723 004;50;0;2;6;1;3
202200051098;723 008;10;0;2;2;21;1
202200051099;723 005;7;13;0;1;14;1
202200051100;723 001;7;0;2;3;20;1
202200051100;723 003;2;0;2;1;1;1
202200051101;723 000;7;0;1;1;1;1
202200051102;722 998;7;0;1;1;12;1
202200051103;722 997;7;0;2;5;17;1
202200051103;722 999;33;0;2;8;17;1
202200051103;723 002;7;0;2;3;1;3
202200051104;722 996;7;1;0;2;14;1
202200051105;722 992;1;0;2;8;2;5
202200051105;722 995;3;0;9;7;17;1
202200051106;722 991;31;0;2;4;23;1
202200051106;722 994;7;0;2;1;2;1
202200051107;722 989;7;0;2;2;16;1
202200051107;722 993;33;0;2;1;18;1
202200051108;722 988;7;0;2;1;1;1
202200051108;722 990;10;0;2;3;13;1
202200051109;722 987;34;8;0;1;13;1
202200051110;722 983;33;0;2;3;0;1
202200051110;722 986;7;0;2;5;15;1
202200051111;722 981;7;0;1;3;15;1
202200051112;722 980;30;0;2;5;1;1
202200051112;722 984;7;0;2;2;1;0
202200051113;722 982;7;0;2;2;12;2
202200051113;722 985;30;0;2;5;1;1
202200051114;722 979;10;13;0;3;13;1
202200051115;722 974;7;0;2;3;15;1
202200051115;722 977;33;0;2;2;1;1
202200051116;722 975;33;0;2;1;2;1
202200051116;722 978;10;0;2;5;15;1
202200051117;722 971;7;0;2;3;1;1
202200051117;722 973;7;0;2;3;23;1
202200051118;722 972;7;0;2;1;1;1
202200051118;722 976;7;0;2;1;1;0
202200051119;722 968;7;0;2;1;1;1
202200051119;722 970;2;0;2;0;9;1
202200051120;722 969;7;0;1;1;1;3
202200051121;722 967;50;0;0;0;2;3
202200051122;722 962;10;0;2;6;9;1
202200051122;722 965;31;0;2;1;1;1
202200051123;722 963;7;0;2;6;15;1
202200051123;722 966;7;0;2;1;1;1
202200051124;722 961;7;0;2;2;9;1
202200051124;722 964;34;0;2;3;1;1
202200051125;722 960;7;6;0;2;0;1
202200051126;722 958;7;0;1;1;1;1
202200051127;722 957;15;0;2;4;23;1
202200051127;722 959;7;0;2;1;2;1
202200051128;722 955;7;0;1;1;1;1
202200051129;722 951;3;0;1;1;1;1
202200051130;722 942;7;0;2;1;2;1
202200051130;722 945;7;0;2;4;2;1
202200051131;722 943;33;0;2;4;1;1
202200051131;722 946;7;0;2;1;2;1
202200051132;722 939;10;0;2;1;11;1
202200051132;722 941;7;0;2;4;23;1
202200051132;722 944;10;0;2;4;23;1
202200051133;722 940;7;2;0;3;5;1
202200051134;722 938;32;14;0;1;1;1
202200051135;722 935;7;0;1;1;1;1
202200051136;722 934;7;0;2;1;13;1
202200051136;722 937;7;0;2;1;1;0
202200051137;722 932;7;0;2;7;1;2
202200051137;722 936;33;0;2;1;9;0
202200051138;722 931;7;0;2;4;23;1
202200051138;722 933;7;0;2;1;2;1
202200051139;722 927;7;0;2;1;2;1
202200051139;722 930;7;0;2;4;1;1
202200051140;722 926;2;0;2;1;1;1
202200051140;722 928;7;0;0;6;15;1
202200051141;722 925;33;0;0;1;3;1
202200051142;722 924;33;0;2;1;3;1
202200051142;722 929;33;0;2;8;3;1
202200051143;722 921;7;0;2;4;1;1
202200051143;722 923;7;0;2;1;2;1
202200051144;722 917;15;0;0;6;2;1
202200051144;722 919;7;0;2;7;2;1
202200051145;722 916;1;0;2;8;1;5
202200051145;722 920;7;0;2;2;14;2
202200051146;722 915;7;0;2;1;2;1
202200051146;722 918;10;0;2;4;2;1
202200051146;722 922;10;0;2;4;2;1
202200051147;722 912;37;0;1;1;1;1
202200051148;722 909;7;0;2;1;1;2
202200051148;722 913;10;0;2;2;15;1
202200051149;722 907;33;0;2;1;13;1
202200051149;722 911;7;0;2;6;13;2
202200051150;722 908;10;0;2;1;2;1
202200051150;722 910;7;0;2;4;2;1
202200051150;722 914;13;0;2;6;1;1
202200051151;722 903;60;0;2;0;1;5
202200051151;722 906;7;0;2;1;1;1
202200051152;722 901;7;2;0;8;1;1
202200051153;722 902;1;0;2;4;1;5
202200051153;722 905;7;0;2;3;1;1
202200051154;722 900;7;0;2;1;3;1
202200051154;722 904;7;0;2;3;1;1
202200051155;722 898;10;0;1;1;2;1
202200051156;722 897;7;0;2;3;9;1
202200051156;722 899;31;0;2;7;1;1
202200051157;722 894;7;0;0;7;1;1
202200051158;722 895;7;0;2;2;21;1
202200051159;722 893;7;0;2;3;16;2
202200051159;722 896;50;0;2;1;1;3
202200051160;722 891;7;0;2;1;1;1
202200051160;722 892;7;0;2;4;13;1
202200051161;722 889;1;14;0;7;14;5
202200051162;722 887;32;0;2;8;2;1
202200051162;722 890;7;0;2;7;2;1
202200051163;722 886;33;0;2;1;1;1
202200051163;722 888;7;0;2;1;15;1
202200051164;722 885;7;2;0;2;1;1
202200051165;722 882;33;0;2;1;1;1
202200051165;722 883;7;0;2;4;1;1
202200051166;722 881;36;0;0;2;16;1
202200051167;722 879;10;8;0;1;26;1
202200051168;722 878;1;0;2;8;1;5
202200051168;722 880;7;0;2;1;16;1
202200051169;722 876;7;0;1;1;1;1
202200051170;722 875;33;0;0;8;2;1
202200051171;722 877;7;0;0;0;0;0
202200051171;722 884;60;0;2;1;0;5
202200051172;722 873;7;0;2;2;15;1
202200051172;722 874;30;0;2;2;1;1
202200051173;722 870;1;0;0;3;0;5
202200051173;722 872;0;0;2;0;2;0
202200051174;722 868;7;0;2;1;21;2
202200051174;722 871;7;0;2;1;0;1
202200051175;722 865;10;0;2;1;1;1
202200051175;722 869;7;0;2;3;5;1
202200051176;722 863;7;0;2;3;15;1
202200051176;722 864;33;0;2;3;1;1
202200051177;722 862;30;0;0;8;1;1
202200051178;722 861;33;0;0;7;9;1
202200051179;722 859;33;2;0;0;2;1
202200051180;722 858;1;0;2;7;1;5
202200051180;722 860;7;16;2;3;16;1
202200051181;722 857;7;0;1;1;1;1
202200051182;722 854;7;14;2;8;21;1
202200051182;722 856;7;0;2;3;13;1
202200051183;722 852;7;0;2;4;1;1
202200051183;722 855;7;0;2;1;1;1
202200051184;722 851;7;0;2;3;13;1
202200051184;722 853;7;0;2;3;1;1
202200051185;722 847;10;0;0;7;16;1
202200051185;722 850;7;0;2;3;2;1
202200051186;722 842;7;0;0;0;0;1
202200051186;722 844;17;0;0;0;0;1
202200051186;722 848;30;0;2;3;1;1
202200051187;722 841;31;6;0;0;13;1
202200051188;722 840;7;0;2;7;26;0
202200051188;722 843;33;0;2;1;26;0
202200051188;722 845;7;0;2;3;26;0
202200051188;722 846;7;0;2;4;26;0
202200051188;722 849;7;0;2;4;26;0
202200051189;722 839;7;0;1;0;0;1
202200051190;722 838;7;6;0;1;13;1
202200051191;722 837;50;0;0;1;1;3
202200051192;722 834;10;0;1;3;1;1
202200051193;722 835;1;0;2;3;1;5
202200051193;722 836;7;0;2;2;17;1
202200051194;722 831;7;0;2;4;1;1
202200051194;722 832;7;0;2;4;1;1
202200051194;722 833;7;0;2;1;1;1
202200051195;722 830;7;2;0;6;13;1
202200051196;722 828;10;0;2;7;17;1
202200051196;722 829;14;0;2;3;1;1
202200051197;722 825;7;0;2;1;9;1
202200051197;722 827;7;6;2;4;1;1
202200051198;722 826;7;0;1;2;1;1
202200051199;722 823;13;0;2;5;1;1
202200051199;722 824;7;1;2;1;1;1
202200051200;722 819;37;0;2;8;1;1
202200051200;722 821;7;0;2;2;6;4
202200051200;722 822;7;0;2;2;1;1
202200051201;722 816;15;0;2;2;1;1
202200051201;722 818;7;3;0;1;13;1
202200051202;722 817;33;0;2;1;1;1
202200051202;722 820;7;0;2;3;1;1
202200051203;722 815;1;0;2;1;1;5
202200051204;722 813;7;15;0;1;14;1
202200051205;722 811;7;0;2;8;1;1
202200051205;722 814;33;0;2;1;13;1
202200051206;722 808;7;0;2;4;2;1
202200051206;722 810;7;0;2;1;1;1
202200051206;722 812;10;0;2;1;2;1
202200051207;722 809;3;8;0;1;26;1
202200051208;722 807;33;7;0;1;16;1
202200051209;722 804;50;0;2;1;25;3
202200051209;722 806;7;0;2;1;26;1
202200051210;722 805;7;3;0;2;1;1
202200051211;722 802;31;0;2;1;1;1
202200051211;722 803;7;0;2;8;15;1
202200051212;722 800;7;0;0;4;1;1
202200051212;722 801;7;0;2;1;1;1
202200051213;722 797;7;0;2;6;1;1
202200051213;722 798;7;6;2;8;13;1
202200051214;722 796;7;0;2;3;13;1
202200051214;722 799;17;13;2;3;1;1
202200051215;722 793;7;0;2;1;13;1
202200051215;722 795;33;0;2;1;1;1
202200051216;722 792;7;0;2;0;9;1
202200051216;722 794;50;0;2;2;1;3
202200051217;722 789;2;0;2;1;1;1
202200051217;722 791;7;0;2;2;15;1
202200051218;722 787;0;0;2;4;2;0
202200051218;722 788;1;0;2;1;1;5
202200051219;722 786;2;0;2;8;1;1
202200051219;722 790;7;0;2;1;1;1
202200051220;722 783;7;0;2;3;1;1
202200051220;722 784;50;0;2;1;1;3
202200051221;722 782;10;0;2;1;1;1
202200051221;722 785;33;0;2;1;13;1
202200051222;722 781;14;4;0;1;16;1
202200051223;722 779;1;0;2;8;3;5
202200051223;722 780;10;0;2;7;1;1
202200051224;722 778;2;0;0;0;15;1
202200051225;722 777;30;0;1;1;1;1
202200051226;722 776;1;8;0;1;13;5
202200051227;722 775;7;4;0;9;16;1
202200051228;722 774;10;0;1;2;1;1
202200051229;722 773;10;6;0;1;1;1
202200051230;722 771;7;0;2;5;2;1
202200051230;722 772;7;0;2;3;0;1
202200051231;722 768;7;0;2;1;1;1
202200051231;722 769;1;0;2;1;1;5
202200051232;722 767;15;0;2;3;1;1
202200051232;722 770;7;0;2;1;13;1
202200051233;722 764;7;0;2;2;15;1
202200051233;722 765;33;0;2;1;17;1
202200051233;722 766;7;0;2;3;1;1
202200051234;722 761;7;0;2;3;1;1
202200051234;722 763;2;0;2;1;13;1
202200051235;722 760;7;0;1;1;1;0
202200051236;722 759;30;0;2;1;1;3
202200051236;722 762;7;0;2;2;15;1
202200051237;722 758;7;13;0;0;0;1
202200051238;722 755;7;0;1;5;20;2
202200051239;722 754;10;8;2;0;1;1
202200051239;722 757;7;11;2;1;1;1
202200051240;722 753;7;0;2;2;1;1
202200051240;722 756;7;0;0;6;9;1
202200051241;722 750;7;;2;;0;
202200051241;722 752;1;0;2;0;0;5
202200051242;722 749;7;0;2;2;15;2
202200051242;722 751;1;0;2;1;1;5
202200051243;722 746;33;0;0;0;16;1
202200051244;722 745;7;0;2;2;13;1
202200051244;722 747;7;10;2;3;1;1
202200051245;722 744;2;0;1;1;21;1
202200051246;722 742;7;5;0;1;2;1
202200051247;722 740;33;11;0;0;0;1
202200051248;722 741;50;0;2;1;1;3
202200051248;722 743;33;0;2;8;1;1
202200051249;722 739;7;1;0;2;14;1
202200051250;722 736;30;0;1;1;1;1
202200051251;722 735;21;0;2;3;1;1