Num_Acc;id_vehicule;categorie_vehicule;obstacle_fixe;obstacle_mobile;point_choc_initial;manoeuvre_principale;motorisation
202200051251;722 738;7;0;0;3;1;1
202200051252;722 734;14;0;2;5;2;1
202200051252;722 737;33;0;2;3;2;1
202200051253;722 732;7;17;0;1;14;1
202200051254;722 730;10;0;2;4;26;1
202200051254;722 733;2;0;2;1;1;1
202200051255;722 729;30;0;2;1;5;3
202200051255;722 731;7;0;2;3;1;2
202200051256;722 726;7;0;9;3;20;1
202200051256;722 728;60;0;2;1;1;5
202200051257;722 725;7;0;2;4;2;1
202200051257;722 727;7;0;2;1;21;1
202200051258;722 721;7;0;2;3;24;1
202200051258;722 723;7;1;2;3;13;1
202200051259;722 719;7;0;2;2;14;1
202200051259;722 722;32;0;2;1;1;1
202200051260;722 720;7;0;2;1;1;1
202200051260;722 724;21;0;0;5;15;0
202200051261;722 715;1;0;2;1;1;5
202200051261;722 717;7;0;2;3;15;1
202200051262;722 714;7;0;2;3;1;1
202200051262;722 716;7;0;2;1;19;1
202200051263;722 712;33;0;2;4;14;1
202200051263;722 713;7;0;2;1;1;1
202200051264;722 710;50;0;0;0;1;3
202200051265;722 709;7;0;2;1;1;1
202200051265;722 711;7;0;2;7;16;1
202200051266;722 708;80;0;1;1;5;3
202200051267;722 707;7;0;1;7;14;1
202200051268;722 706;7;0;1;4;20;0
202200051269;722 703;31;0;2;4;23;1
202200051269;722 705;7;0;2;7;2;0
202200051270;722 700;7;0;2;3;0;1
202200051270;722 702;33;0;2;1;1;1
202200051271;722 697;7;0;1;2;9;1
202200051272;722 695;32;0;2;1;1;1
202200051272;722 699;30;0;2;8;16;1
202200051273;722 696;31;0;0;8;1;1
202200051273;722 698;7;0;2;1;19;1
202200051274;722 691;30;0;1;1;16;0
202200051275;722 692;37;0;2;3;16;2
202200051275;722 694;2;0;2;3;16;4
202200051276;722 690;7;0;0;3;1;1
202200051276;722 693;7;0;0;2;19;1
202200051277;722 688;1;0;0;0;1;5
202200051278;722 689;31;0;2;0;18;1
202200051279;722 687;33;0;0;1;1;1
202200051280;722 686;7;4;0;1;1;1
202200051281;722 683;7;0;2;1;15;1
202200051281;722 685;50;0;2;8;1;3
202200051282;722 682;7;0;2;7;12;1
202200051282;722 684;34;0;2;8;1;1
202200051283;722 681;7;2;0;3;0;1
202200051284;722 678;7;0;2;2;14;1
202200051284;722 679;7;0;2;8;1;0
202200051285;722 677;7;0;2;6;23;1
202200051285;722 680;7;0;2;1;2;1
202200051286;722 675;7;13;2;5;1;1
202200051286;722 676;7;4;2;3;11;1
202200051287;722 672;7;0;2;8;22;1
202200051287;722 673;30;0;2;1;1;1
202200051288;722 671;10;0;2;4;1;1
202200051288;722 674;33;0;2;1;2;1
202200051289;722 668;7;0;2;1;1;1
202200051289;722 670;7;0;0;1;5;1
202200051290;722 667;32;4;0;0;16;1
202200051291;722 666;1;0;2;6;16;5
202200051291;722 669;30;0;2;2;1;1
202200051292;722 665;7;1;0;1;1;1
202200051293;722 664;34;5;0;1;1;1
202200051294;722 663;7;2;0;1;1;1
202200051295;722 662;30;0;1;1;1;1
202200051296;722 658;7;3;2;1;0;1
202200051296;722 661;7;0;2;0;1;1
202200051297;722 657;30;0;2;1;10;1
202200051297;722 660;7;0;2;3;1;1
202200051298;722 656;7;0;2;3;9;1
202200051298;722 659;1;0;2;1;1;5
202200051299;722 655;10;4;0;7;26;1
202200051300;722 652;7;0;2;1;1;1
202200051300;722 653;7;0;2;2;15;1
202200051301;722 651;37;0;2;3;2;1
202200051301;722 654;10;1;2;3;17;1
202200051302;722 649;10;0;2;1;1;1
202200051302;722 650;10;0;2;4;23;1
202200051303;722 645;7;0;2;2;15;1
202200051303;722 647;34;0;2;1;2;0
202200051304;722 644;10;0;2;1;1;1
202200051304;722 646;7;0;2;1;1;1
202200051304;722 648;7;0;2;6;17;1
202200051305;722 642;33;0;2;7;0;1
202200051305;722 643;7;0;2;8;13;1
202200051306;722 639;30;0;2;4;17;0
202200051306;722 641;3;0;2;1;1;0
202200051307;722 637;2;0;2;1;1;1
202200051307;722 640;7;0;2;2;15;1
202200051308;722 634;7;0;2;2;12;1
202200051308;722 636;7;0;2;6;1;1
202200051308;722 638;7;0;2;4;1;1
202200051309;722 633;10;1;0;4;2;1
202200051309;722 635;7;0;2;1;23;1
202200051310;722 632;7;0;1;1;1;1
202200051311;722 628;43;0;2;1;0;1
202200051311;722 630;7;0;2;4;0;0
202200051312;722 629;7;0;2;7;15;1
202200051312;722 631;30;0;2;1;1;1
202200051313;722 627;7;8;0;1;21;1
202200051314;722 624;7;0;2;3;15;1
202200051314;722 626;30;0;2;1;17;3
202200051315;722 625;7;0;1;1;1;1
202200051316;722 623;34;2;0;0;1;1
202200051317;722 621;7;6;0;1;1;1
202200051318;722 619;7;0;2;5;1;1
202200051318;722 622;7;0;2;1;16;1
202200051319;722 618;7;0;2;1;0;1
202200051319;722 620;21;0;2;2;0;1
202200051320;722 617;7;0;1;1;1;1
202200051321;722 616;33;12;0;1;16;1
202200051322;722 614;30;0;2;7;1;1
202200051322;722 615;7;0;2;3;9;1
202200051323;722 611;7;0;2;1;13;1
202200051323;722 613;7;0;2;3;1;1
202200051324;722 610;7;0;2;2;9;0
202200051324;722 612;31;8;2;7;9;1
202200051325;722 608;7;12;0;1;1;1
202200051326;722 607;7;0;2;3;9;1
202200051326;722 609;30;0;2;2;1;1
202200051327;722 605;7;13;0;1;14;1
202200051328;722 603;7;14;0;1;26;1
202200051328;722 606;7;0;0;4;1;1
202200051329;722 602;7;0;0;6;23;1
202200051329;722 604;34;0;2;1;0;1
202200051330;722 597;38;13;0;8;13;1
202200051331;722 598;33;0;2;3;13;1
202200051331;722 600;7;0;2;3;1;1
202200051332;722 599;7;4;2;1;1;1
202200051332;722 601;15;0;0;6;9;1
202200051333;722 594;33;0;2;8;18;1
202200051333;722 595;7;0;2;7;1;1
202200051334;722 593;7;0;2;3;1;1
202200051334;722 596;34;0;2;8;17;1
202200051335;722 590;7;0;1;2;1;1
202200051336;722 588;10;0;2;7;12;1
202200051336;722 591;31;0;2;7;1;1
202200051337;722 589;7;0;2;1;9;1
202200051337;722 592;1;0;2;4;1;5
202200051338;722 586;2;0;0;0;1;1
202200051339;722 585;33;0;2;7;1;1
202200051339;722 587;7;0;0;2;0;1
202200051340;722 583;60;0;2;8;11;5
202200051340;722 584;7;0;2;2;1;3
202200051341;722 582;7;2;0;3;1;1
202200051342;722 581;7;0;1;1;15;6
202200051343;722 578;7;0;2;4;2;1
202200051343;722 580;10;0;2;1;2;1
202200051344;722 576;15;0;2;1;1;1
202200051344;722 577;10;0;2;1;5;1
202200051345;722 575;7;8;0;9;1;1
202200051346;722 573;7;0;2;4;1;1
202200051346;722 574;7;0;2;1;1;1
202200051347;722 571;7;0;1;3;1;1
202200051348;722 570;7;0;2;3;13;1
202200051348;722 572;7;0;2;3;1;1
202200051349;722 565;37;0;2;3;1;1
202200051349;722 568;7;0;2;1;17;1
202200051350;722 564;7;0;2;3;9;1
202200051350;722 567;33;0;2;2;1;1
202200051351;722 562;36;2;0;1;0;0
202200051352;722 561;7;0;2;1;17;1
202200051352;722 563;7;0;2;8;26;1
202200051352;722 566;7;0;2;3;1;1
202200051352;722 569;7;0;2;2;26;1
202200051353;722 560;32;6;0;1;14;1
202200051354;722 557;7;0;2;3;0;1
202200051354;722 558;7;0;2;3;0;1
202200051354;722 559;7;0;2;3;5;1
202200051355;722 554;7;15;0;7;1;1
202200051356;722 552;10;0;2;3;1;0
202200051356;722 553;7;0;2;3;5;1
202200051357;722 551;7;7;2;3;1;1
202200051357;722 555;7;6;2;1;9;1
202200051358;722 549;7;2;0;1;13;1
202200051359;722 548;31;0;2;1;1;1
202200051359;722 550;10;0;2;7;19;1
202200051360;722 547;7;6;0;1;1;1
202200051361;722 544;7;0;2;3;1;1
202200051361;722 546;7;0;2;3;5;1
202200051362;722 543;7;0;2;2;2;1
202200051362;722 545;80;0;2;3;15;3
202200051363;722 540;7;6;0;1;0;1
202200051364;722 541;80;0;2;4;1;3
202200051364;722 542;7;0;2;1;1;1
202200051365;722 538;7;0;2;3;13;1
202200051365;722 539;7;0;2;3;1;1
202200051366;722 536;15;0;2;4;15;1
202200051366;722 537;7;0;2;1;17;1
202200051367;722 535;37;0;1;2;1;1
202200051368;722 532;7;0;2;4;2;1
202200051368;722 533;7;0;2;1;2;1
202200051369;722 531;33;1;2;1;1;1
202200051369;722 534;7;0;0;6;20;1
202200051370;722 528;34;0;2;0;0;1
202200051370;722 530;7;0;2;0;0;0
202200051371;722 527;7;0;2;0;9;1
202200051371;722 529;1;0;2;5;9;5
202200051372;722 524;10;0;1;2;25;0
202200051373;722 519;7;0;2;1;1;1
202200051373;722 521;7;0;2;1;1;1
202200051374;722 518;7;6;2;4;2;1
202200051374;722 520;7;6;2;4;2;1
202200051374;722 522;7;6;2;1;2;1
202200051374;722 523;7;6;2;4;2;1
202200051374;722 525;7;6;2;4;2;1
202200051374;722 526;10;6;2;1;2;1
202200051375;722 517;33;17;0;1;17;1
202200051376;722 516;33;0;0;2;13;1
202200051377;722 515;2;11;0;1;1;1
202200051378;722 514;43;4;2;3;1;1
202200051379;722 511;15;0;0;5;1;1
202200051379;722 513;33;0;2;1;3;1
202200051380;722 510;1;0;2;1;1;5
202200051380;722 512;7;0;9;7;1;1
202200051381;722 507;7;0;2;8;1;1
202200051381;722 509;7;0;2;2;14;1
202200051382;722 506;32;0;2;7;17;1
202200051382;722 508;7;0;2;3;15;1
202200051383;722 504;7;12;0;1;1;1
202200051384;722 505;7;15;0;1;1;1
202200051385;722 502;2;0;2;7;17;6
202200051385;722 503;7;0;2;3;15;1
202200051386;722 501;7;8;0;3;13;3
202200051387;722 500;7;0;1;4;10;1
202200051388;722 497;7;0;0;0;13;1
202200051389;722 498;33;0;2;1;1;1
202200051389;722 499;7;0;0;2;15;1
202200051390;722 495;7;0;1;3;1;1
202200051391;722 494;99;1;1;6;14;1
202200051392;722 492;7;0;1;3;1;1
202200051393;722 491;7;0;2;1;1;1
202200051393;722 493;10;0;2;8;14;1
202200051393;722 496;7;0;2;3;17;1
202200051394;722 489;33;0;0;0;1;1
202200051395;722 490;33;14;0;1;26;1
202200051396;722 488;7;8;0;3;1;1
202200051397;722 487;7;0;1;2;2;1
202200051398;722 482;7;0;2;3;1;1
202200051398;722 484;7;0;2;3;5;1
202200051398;722 485;7;0;2;3;1;1
202200051398;722 486;7;0;2;3;1;1
202200051399;722 483;7;0;1;3;1;2
202200051400;722 481;7;0;1;1;17;1
202200051401;722 480;7;8;0;1;21;1
202200051402;722 478;7;0;0;1;2;1
202200051402;722 479;7;0;0;4;2;1
202200051403;722 477;7;0;1;2;9;1
202200051404;722 474;7;0;2;2;5;1
202200051404;722 476;2;0;2;0;1;1
202200051405;722 473;7;0;2;1;1;1
202200051405;722 475;7;0;2;1;13;1
202200051406;722 470;17;0;0;6;24;1
202200051406;722 472;15;1;0;2;21;1
202200051407;722 468;7;0;1;4;0;1
202200051408;722 464;7;0;0;1;1;1
202200051408;722 466;7;0;0;2;1;1
202200051409;722 462;7;0;1;1;1;1
202200051410;722 461;7;0;0;6;2;1
202200051410;722 463;33;0;2;1;2;1
202200051411;722 459;7;0;2;1;13;1
202200051411;722 460;7;0;2;1;1;0
202200051412;722 457;7;0;2;1;26;1
202200051412;722 458;7;0;2;1;13;1
202200051413;722 455;32;1;0;6;1;1
202200051413;722 456;13;0;2;4;23;1
202200051414;722 454;33;15;0;3;17;1
202200051415;722 453;30;0;1;1;1;1
202200051416;722 451;31;0;2;7;17;1
202200051416;722 452;7;0;2;8;9;1
202200051417;722 449;31;0;0;0;1;1
202200051418;722 447;7;6;0;1;26;1
202200051419;722 444;10;0;2;1;1;1
202200051419;722 445;7;0;2;4;1;1
202200051419;722 446;10;0;0;4;1;1
202200051420;722 443;7;0;1;2;19;1
202200051421;722 438;7;0;2;8;3;1
202200051421;722 440;33;0;2;1;0;1
202200051421;722 442;7;0;9;1;1;1
202200051422;722 439;33;0;2;1;1;1
202200051422;722 441;7;0;2;3;15;1
202200051423;722 436;10;0;2;6;19;1
202200051423;722 437;2;0;2;1;17;1
202200051424;722 435;7;12;0;1;7;1
202200051425;722 434;7;0;1;1;15;1
202200051426;722 431;33;13;0;9;1;1
202200051427;722 430;7;0;2;4;1;1
202200051427;722 432;10;0;2;6;2;1
202200051427;722 433;7;0;2;1;2;1
202200051428;722 429;7;0;1;1;15;1
202200051429;722 427;7;0;2;1;15;1
202200051429;722 428;80;0;2;1;1;3
202200051430;722 425;31;0;2;1;16;1
202200051430;722 426;7;0;2;1;1;1
202200051431;722 423;10;0;2;1;1;1
202200051431;722 424;1;0;2;1;19;5
202200051432;722 422;7;8;9;1;13;0
202200051433;722 420;1;0;2;7;1;5
202200051433;722 421;7;0;2;1;9;1
202200051434;722 419;1;14;0;8;1;5
202200051435;722 418;7;4;0;1;9;1
202200051436;722 417;2;0;0;2;26;1
202200051437;722 416;10;0;1;1;1;1
202200051438;722 415;10;0;1;0;1;0
202200051439;722 414;7;0;1;2;1;1
202200051440;722 413;7;0;1;1;26;1
202200051441;722 412;7;4;0;1;1;1
202200051442;722 411;7;0;1;2;15;1
202200051443;722 409;7;0;2;1;17;1
202200051443;722 410;7;0;2;3;1;1
202200051444;722 408;30;0;2;1;1;1
202200051445;722 407;7;0;1;2;1;0
202200051446;722 405;10;0;2;3;15;1
202200051446;722 406;31;0;2;2;26;1
202200051447;722 401;7;0;2;1;1;1
202200051447;722 402;10;0;2;7;1;1
202200051447;722 403;15;0;2;2;1;1
202200051447;722 404;7;0;2;3;13;1
202200051448;722 400;33;0;0;0;16;1
202200051449;722 399;31;0;0;0;21;1
202200051450;722 398;33;14;0;7;14;1
202200051451;722 397;32;14;0;1;14;1
202200051452;722 396;7;0;1;1;1;1
202200051453;722 395;50;0;1;1;5;3
202200051454;722 394;1;0;1;1;1;5
202200051455;722 392;30;0;2;1;1;3
202200051455;722 393;7;0;2;7;1;3
202200051456;722 391;30;0;2;0;1;1
202200051457;722 389;32;0;2;7;1;1
202200051457;722 390;1;0;2;1;1;5
202200051458;722 387;7;0;2;6;15;1
202200051458;722 388;33;0;2;1;1;1
202200051459;722 385;1;0;2;1;5;5
202200051459;722 386;34;0;2;1;1;1
202200051460;722 383;1;0;2;1;1;5
202200051460;722 384;7;0;2;1;15;2
202200051461;722 381;60;0;2;3;19;5
202200051461;722 382;7;0;2;2;1;1
202200051462;722 380;7;0;1;3;26;1
202200051463;722 378;43;0;2;8;3;1
202200051463;722 379;7;0;2;0;15;1
202200051464;722 377;7;0;1;1;15;1
202200051465;722 375;7;0;2;1;9;2
202200051465;722 376;7;0;2;8;1;1
202200051466;722 373;7;0;2;3;15;1
202200051466;722 374;2;0;0;1;1;1
202200051467;722 371;2;0;2;0;26;1
202200051467;722 372;7;0;2;0;0;1
202200051468;722 369;50;0;2;7;26;3
202200051468;722 370;10;0;2;1;9;1
202200051469;722 368;10;0;1;1;1;1
202200051470;722 366;7;0;2;3;2;1
202200051470;722 367;7;0;2;2;15;1
202200051471;722 364;43;0;2;1;26;1
202200051471;722 365;7;0;0;2;10;1
202200051472;722 362;0;0;2;0;0;0
202200051472;722 363;7;0;2;0;0;0
202200051473;722 361;7;0;1;1;9;0
202200051474;722 360;7;0;1;1;15;1
202200051475;722 359;7;2;0;1;26;2
202200051476;722 358;10;0;1;2;21;1
202200051477;722 357;7;0;1;1;26;0
202200051478;722 355;7;0;2;7;12;1
202200051478;722 356;30;0;2;8;2;1
202200051479;722 353;10;0;9;2;2;1
202200051479;722 354;1;0;2;4;2;5
202200051480;722 352;2;0;6;2;1;1
202200051481;722 351;7;2;0;9;1;1
202200051482;722 348;7;14;2;9;1;1
202200051482;722 349;15;3;0;7;6;1
202200051482;722 350;10;0;2;1;1;1
202200051483;722 347;7;13;0;1;1;1
202200051484;722 346;33;0;0;7;1;1
202200051485;722 345;7;13;0;1;1;1
202200051486;722 344;7;0;1;2;1;1
202200051487;722 343;7;1;0;2;1;1
202200051488;722 342;31;0;1;1;1;0
202200051489;722 341;7;3;0;9;1;1
202200051490;722 339;7;0;2;2;16;1
202200051490;722 340;32;0;2;6;12;1
202200051491;722 337;7;2;0;3;26;1
202200051491;722 338;7;1;0;1;0;1
202200051492;722 335;7;0;2;1;2;1
202200051492;722 336;7;0;2;4;2;2
202200051493;722 331;7;0;2;2;26;1
202200051493;722 332;7;0;2;4;1;1
202200051493;722 333;7;0;2;4;1;1
202200051493;722 334;7;0;2;4;0;1
202200051494;722 328;7;0;2;1;24;1
202200051494;722 329;32;0;2;1;3;1
202200051494;722 330;7;0;2;2;19;1
202200051495;722 327;7;0;1;1;1;1
202200051496;722 325;7;0;2;1;1;1
202200051496;722 326;7;3;2;2;19;1
202200051497;722 324;10;0;1;1;26;1
202200051498;722 323;7;0;1;2;1;1
202200051499;722 322;7;0;1;3;15;1
202200051500;722 321;32;0;0;8;15;1
202200051501;722 320;7;0;0;2;1;1
202200051502;722 319;34;0;1;1;17;1
202200051503;722 317;7;0;2;1;5;1
202200051503;722 318;7;0;2;3;1;1
202200051504;722 315;7;8;0;3;1;1
202200051505;722 314;7;0;2;1;2;2
202200051505;722 316;2;0;2;9;11;1
202200051506;722 312;7;0;2;7;1;1
202200051506;722 313;10;0;2;1;9;1
202200051507;722 311;7;0;1;0;1;1
202200051508;722 308;7;0;2;3;13;1
202200051508;722 310;7;0;2;1;1;1
202200051509;722 307;2;16;2;6;1;1
202200051509;722 309;7;0;2;2;17;0
202200051510;722 306;33;0;1;1;16;1
202200051511;722 302;7;0;2;1;5;1
202200051511;722 303;13;0;2;1;1;1
202200051511;722 304;7;0;2;1;2;1
202200051512;722 300;30;0;1;7;1;0
202200051513;722 295;80;0;2;7;1;3
202200051513;722 299;7;0;2;1;9;1
202200051514;722 296;1;0;2;3;15;5
202200051514;722 298;33;0;0;2;1;1
202200051515;722 293;7;0;2;4;1;3
202200051515;722 294;34;0;2;4;1;1
202200051515;722 297;10;0;2;1;1;1
202200051516;722 290;16;0;0;1;1;1
202200051516;722 292;7;0;0;1;13;1
202200051517;722 289;2;12;0;3;13;1
202200051518;722 288;50;0;2;1;9;3
202200051518;722 291;7;0;2;1;0;1
202200051519;722 284;10;0;2;1;1;1
202200051519;722 287;33;0;2;1;1;1
202200051520;722 283;7;0;2;5;15;1
202200051520;722 286;1;0;2;1;1;5
202200051521;722 282;7;0;2;1;1;1
202200051521;722 285;7;0;2;7;15;1
202200051522;722 279;7;0;0;6;1;1
202200051522;722 281;7;3;2;2;12;1
202200051523;722 278;3;0;2;1;1;1
202200051523;722 280;7;0;2;4;1;3
202200051524;722 272;7;0;0;4;2;1
202200051524;722 275;33;0;2;1;2;1
202200051525;722 273;7;0;2;1;1;1
202200051525;722 276;7;0;2;4;23;1
202200051525;722 277;7;0;2;4;23;1
202200051526;722 270;43;0;2;4;23;1
202200051526;722 271;1;0;2;1;21;5
202200051526;722 274;14;0;2;6;23;1
202200051527;722 266;1;0;2;3;1;5
202200051527;722 268;7;0;2;2;1;1
202200051528;722 267;10;0;2;1;2;1
202200051528;722 269;0;0;2;4;;
202200051529;722 264;30;0;2;1;2;1
202200051529;722 265;7;0;2;3;22;1
202200051530;722 260;7;0;2;1;13;1
202200051530;722 262;7;0;2;1;1;1
202200051531;722 261;10;0;2;8;9;1
202200051531;722 263;2;0;2;2;2;1
202200051532;722 259;1;0;0;8;1;5
202200051533;722 258;7;0;1;1;1;3
202200051534;722 257;36;0;0;9;15;1
202200051535;722 255;14;0;2;7;16;6
202200051535;722 256;50;0;2;7;1;3
202200051536;722 253;7;6;0;9;1;1
202200051537;722 252;10;0;0;3;1;1
202200051537;722 254;2;0;2;1;13;1
202200051538;722 250;7;0;2;1;2;1
202200051538;722 251;7;0;2;4;2;1
202200051539;722 249;3;0;1;1;1;1
202200051540;722 248;7;3;0;1;1;1
202200051541;722 245;1;0;1;1;21;5
202200051541;722 247;1;0;2;0;2;5
202200051542;722 246;7;0;1;1;15;1
202200051543;722 244;15;6;0;2;1;1
202200051544;722 243;7;2;0;1;24;1
202200051545;722 241;1;0;1;8;7;5
202200051546;722 240;7;0;1;0;0;1
202200051547;722 238;10;0;0;4;2;1
202200051547;722 239;14;0;2;1;2;1
202200051547;722 242;10;0;2;1;2;1
202200051548;722 235;7;0;1;3;25;1
202200051549;722 236;50;15;0;1;13;3
202200051550;722 234;50;0;1;1;26;3
202200051551;722 233;36;0;0;0;1;1
202200051552;722 231;7;0;2;6;1;1
202200051552;722 237;30;0;2;1;1;1
202200051553;722 228;7;0;2;8;1;1
202200051553;722 232;7;0;2;0;15;1
202200051554;722 227;7;0;2;4;23;1
202200051554;722 229;33;0;2;1;1;1
202200051555;722 226;1;0;2;0;0;5
202200051555;722 230;7;0;2;2;1;1
202200051556;722 224;7;0;1;2;1;1
202200051557;722 223;7;1;0;2;9;1
202200051558;722 219;7;0;2;2;1;1
202200051558;722 222;7;0;2;8;9;1
202200051559;722 221;7;0;2;1;1;1
202200051559;722 225;7;6;2;8;1;1
202200051560;722 218;32;4;0;1;1;1
202200051561;722 216;1;0;2;7;1;5
202200051561;722 220;10;0;2;0;1;1
202200051562;722 214;7;0;2;1;1;1
202200051562;722 217;7;0;2;5;23;1
202200051563;722 213;10;0;1;2;1;1
202200051564;722 211;7;0;2;7;1;1
202200051564;722 212;7;0;2;8;15;1
202200051565;722 209;7;0;1;3;15;1
202200051566;722 206;1;0;2;1;5;5
202200051566;722 208;2;0;2;1;9;3
202200051567;722 207;7;0;2;3;1;1
202200051567;722 210;7;0;2;3;9;1
202200051568;722 204;32;0;1;1;1;1
202200051569;722 203;7;3;0;9;1;1
202200051570;722 201;7;0;2;1;2;1
202200051570;722 205;7;0;2;4;23;1
202200051571;722 198;7;0;2;7;1;1
202200051571;722 202;1;0;2;7;19;0
202200051572;722 195;32;0;0;0;0;1
202200051572;722 199;7;0;2;7;12;2
202200051573;722 194;7;0;1;3;19;1
202200051574;722 193;17;0;2;3;1;1
202200051574;722 196;7;0;2;1;13;1
202200051575;722 192;33;0;0;7;1;1
202200051576;722 191;31;0;6;7;1;1
202200051577;722 187;15;12;0;7;15;1
202200051578;722 188;7;0;0;0;0;1
202200051578;722 190;32;0;2;3;13;1
202200051579;722 185;7;8;0;1;1;1
202200051580;722 183;7;0;2;4;23;1
202200051580;722 186;7;0;2;4;23;0
202200051580;722 189;7;0;2;1;1;1
202200051581;722 182;7;0;2;4;26;1
202200051581;722 184;2;0;2;1;2;1
202200051582;722 180;33;0;6;8;1;1
202200051583;722 177;7;0;2;1;19;1
202200051583;722 179;1;0;0;6;1;5
202200051584;722 176;33;0;2;1;1;1
202200051584;722 181;7;0;2;2;15;2
202200051585;722 174;2;0;2;1;13;1
202200051585;722 178;10;0;2;2;26;6
202200051586;722 172;36;0;2;2;9;1
202200051586;722 175;7;0;2;1;1;1
202200051587;722 171;10;0;2;2;1;1
202200051587;722 173;30;0;0;5;15;1
202200051588;722 169;32;0;0;0;24;1
202200051589;722 168;7;0;2;4;4;1
202200051589;722 170;1;0;2;8;23;5
202200051590;722 165;34;0;2;6;1;1
202200051590;722 167;7;0;2;2;16;1
202200051591;722 162;7;0;2;1;1;1
202200051591;722 166;3;0;2;7;26;1
202200051592;722 161;33;0;2;1;0;1
202200051592;722 164;99;0;2;3;13;1
202200051593;722 158;7;0;2;3;1;1
202200051593;722 160;50;0;2;7;19;3
202200051594;722 159;1;0;2;2;1;5
202200051594;722 163;7;0;2;1;1;1
202200051595;722 156;7;0;2;7;15;1
202200051595;722 157;7;0;2;1;1;1
202200051596;722 155;13;0;1;4;26;1
202200051597;722 151;33;0;2;3;17;1
202200051597;722 154;7;0;2;3;1;1
202200051598;722 149;10;0;0;0;0;0
202200051598;722 152;1;0;0;0;0;5
202200051599;722 148;7;0;2;2;1;1
202200051599;722 153;7;0;2;3;19;1
202200051600;722 146;14;0;2;2;1;1
202200051600;722 150;7;0;2;3;9;1
202200051601;722 147;43;0;1;1;18;1
202200051602;722 144;7;0;1;2;1;1
202200051603;722 142;30;0;0;0;0;1
202200051603;722 145;7;0;0;5;1;1
202200051604;722 141;1;11;0;1;16;5
202200051605;722 139;7;0;2;3;15;0
202200051605;722 143;2;0;2;7;1;1
202200051606;722 138;10;0;2;1;1;1
202200051606;722 140;2;0;2;3;2;1
202200051607;722 132;7;0;2;1;2;1
202200051607;722 135;7;0;2;4;2;1
202200051607;722 137;10;0;2;4;2;1
202200051608;722 129;7;0;2;3;1;1
202200051608;722 134;7;0;2;3;13;1
202200051609;722 124;7;4;0;2;0;1
202200051609;722 127;7;14;0;1;1;1
202200051609;722 133;15;0;2;6;1;1
202200051610;722 126;10;0;2;4;23;1
202200051610;722 128;7;0;2;4;23;1
202200051610;722 131;7;0;2;1;2;1
202200051611;722 122;7;0;2;1;2;1
202200051611;722 125;7;0;0;6;1;2
202200051612;722 119;1;0;2;1;15;5
202200051612;722 121;7;0;2;1;1;1
202200051613;722 118;7;1;0;1;17;1
202200051613;722 120;7;1;0;4;23;1
202200051613;722 123;7;1;0;4;23;1
202200051613;722 130;7;1;0;4;23;1
202200051613;722 136;7;0;0;4;23;1
202200051614;722 115;7;0;2;3;2;1
202200051614;722 117;2;0;2;2;1;1
202200051615;722 114;31;0;2;5;1;1
202200051615;722 116;7;0;2;5;9;1
202200051616;722 110;32;13;0;1;1;1
202200051617;722 108;7;0;1;1;0;0
202200051618;722 109;7;0;2;2;17;1
202200051618;722 112;21;0;2;3;15;1
202200051619;722 107;7;0;2;3;9;1
202200051619;722 113;7;0;2;8;1;1
202200051620;722 106;1;0;2;2;1;5
202200051620;722 111;7;0;2;2;23;1
202200051621;722 105;7;2;0;3;9;1
202200051622;722 101;43;0;2;1;1;1
202200051622;722 104;7;0;2;2;13;1
202200051623;722 100;30;8;2;1;16;1
202200051623;722 103;7;0;2;6;16;1
202200051624;722 099;99;0;0;4;2;6
202200051624;722 102;33;0;2;1;21;6
202200051625;722 098;7;0;0;2;14;1
202200051626;722 097;31;13;0;9;13;1
202200051627;722 092;31;0;2;7;1;3
202200051627;722 095;0;0;2;0;17;0
202200051628;722 089;7;0;2;0;0;1
202200051628;722 093;33;0;2;0;0;1
202200051629;722 088;33;0;2;1;2;1
202200051629;722 090;10;0;2;5;2;1
202200051630;722 086;7;0;2;3;1;2
202200051630;722 094;7;0;2;3;13;1
202200051630;722 096;14;0;2;8;1;1
202200051631;722 087;31;0;2;7;1;1
202200051631;722 091;7;0;2;1;1;1
202200051632;722 084;7;8;0;2;1;1
202200051633;722 082;33;0;0;0;1;1
202200051634;722 081;7;12;0;0;9;1
202200051635;722 083;7;0;2;1;1;1
202200051635;722 085;10;0;2;4;1;1
202200051636;722 075;7;0;2;3;9;1
202200051636;722 077;10;0;2;2;1;1
202200051637;722 078;30;0;2;1;1;1
202200051637;722 080;7;0;2;2;15;1
202200051638;722 076;10;0;2;3;1;1
202200051638;722 079;15;0;2;3;13;1
202200051639;722 071;7;13;0;3;1;1
202200051640;722 072;7;13;0;1;16;1
202200051641;722 069;10;0;1;1;1;1
202200051642;722 067;7;0;1;3;26;1
202200051643;722 068;1;0;0;4;0;5
202200051643;722 073;7;0;2;8;1;1
202200051643;722 074;50;0;2;1;1;3
202200051644;722 070;7;6;0;1;9;1
202200051645;722 065;32;0;1;0;25;0
202200051646;722 063;7;0;2;3;1;1
202200051646;722 064;7;0;2;3;13;1
202200051647;722 062;10;0;9;0;0;0
202200051647;722 066;33;0;0;0;0;1
202200051648;722 061;7;6;0;3;26;1
202200051649;722 060;7;0;0;0;14;1
202200051650;722 059;1;0;1;1;1;5
202200051651;722 058;7;0;1;1;1;1
202200051652;722 055;7;8;0;6;2;1
202200051653;722 054;80;0;0;8;19;3
202200051653;722 057;7;0;2;1;1;1
202200051654;722 053;7;0;2;3;15;1
202200051654;722 056;2;0;2;7;1;1
202200051655;722 050;7;0;0;1;14;1
202200051656;722 049;37;0;2;3;1;1
202200051656;722 052;7;0;2;5;1;1
202200051657;722 051;7;0;1;1;1;1