Num_Acc;id_vehicule;categorie_vehicule;obstacle_fixe;obstacle_mobile;point_choc_initial;manoeuvre_principale;motorisation
202200051658;722 047;7;0;1;3;1;1
202200051659;722 044;7;0;2;3;13;1
202200051659;722 045;7;0;2;3;1;1
202200051660;722 043;7;0;2;1;15;1
202200051660;722 046;32;0;2;1;17;1
202200051661;722 042;33;0;2;3;1;1
202200051661;722 048;7;0;2;3;15;1
202200051662;722 037;7;0;2;1;1;3
202200051662;722 040;7;0;2;1;1;1
202200051663;722 031;33;0;0;2;3;1
202200051664;722 035;7;0;2;8;1;2
202200051664;722 041;7;15;2;1;1;2
202200051665;722 029;80;0;2;1;1;3
202200051665;722 034;7;0;9;1;1;1
202200051666;722 028;7;0;2;1;2;1
202200051666;722 033;2;0;2;1;2;1
202200051666;722 038;7;0;0;4;23;1
202200051667;722 027;7;8;0;0;21;1
202200051668;722 026;32;2;0;1;0;1
202200051669;722 021;15;0;2;2;11;1
202200051669;722 025;10;0;2;3;1;1
202200051670;722 020;30;12;2;8;18;1
202200051670;722 023;14;0;2;7;16;1
202200051671;722 019;33;0;2;2;17;1
202200051671;722 024;21;0;2;3;15;1
202200051672;722 017;13;0;2;0;0;0
202200051672;722 022;1;0;2;5;0;5
202200051673;722 018;33;0;6;1;0;1
202200051674;722 015;7;0;2;1;5;1
202200051674;722 016;31;0;2;1;1;1
202200051675;722 014;7;0;1;1;15;1
202200051676;722 011;33;3;0;0;2;1
202200051677;722 010;7;0;1;1;15;1
202200051678;722 007;2;13;6;1;1;1
202200051679;722 004;33;0;2;8;1;1
202200051679;722 006;7;0;2;2;15;1
202200051680;722 005;7;3;2;2;26;1
202200051680;722 008;10;0;2;0;21;1
202200051680;722 013;7;0;2;3;21;1
202200051681;722 002;32;0;0;0;15;3
202200051682;722 001;7;16;0;1;13;1
202200051683;722 000;7;0;2;1;1;1
202200051683;722 003;2;0;2;3;15;1
202200051684;721 997;7;2;0;1;13;1
202200051685;721 999;32;0;1;1;17;1
202200051686;721 995;15;13;0;7;1;1
202200051687;721 994;32;0;2;1;17;1
202200051687;721 998;7;0;2;8;5;1
202200051688;721 993;7;0;9;2;16;1
202200051688;721 996;50;0;2;1;16;3
202200051689;721 990;7;0;1;2;1;1
202200051690;721 989;33;2;0;7;1;1
202200051691;721 988;10;0;2;2;15;1
202200051691;721 991;1;0;2;3;1;5
202200051692;721 986;31;0;1;0;1;0
202200051693;721 985;7;0;2;2;1;1
202200051693;721 987;10;0;2;3;19;1
202200051694;721 982;43;0;2;7;1;1
202200051694;721 984;7;0;2;1;9;1
202200051695;721 981;7;13;0;3;26;1
202200051696;721 978;1;6;0;0;1;5
202200051697;721 980;3;0;2;3;1;1
202200051697;721 983;7;0;2;7;17;1
202200051698;721 977;7;0;2;4;0;3
202200051698;721 979;7;0;2;1;0;1
202200051699;721 974;7;0;2;7;15;0
202200051699;721 975;34;0;2;8;15;1
202200051700;721 973;7;0;2;3;1;1
202200051700;721 976;50;0;2;8;15;3
202200051701;721 972;7;13;0;2;14;1
202200051702;721 971;7;0;1;2;1;1
202200051703;721 970;7;6;0;1;13;1
202200051704;721 968;32;0;2;1;1;1
202200051704;721 969;7;0;2;3;10;3
202200051705;721 965;3;0;1;3;1;0
202200051706;721 963;1;0;2;4;1;5
202200051706;721 966;7;0;2;1;1;1
202200051707;721 962;7;0;2;5;16;1
202200051707;721 967;10;6;2;1;15;1
202200051708;721 961;7;7;0;1;1;1
202200051709;721 960;7;0;2;1;1;1
202200051709;721 964;7;0;2;1;1;1
202200051710;721 959;7;0;1;1;1;1
202200051711;721 958;7;1;0;3;2;1
202200051712;721 956;2;0;0;0;0;1
202200051713;721 955;7;7;0;1;14;1
202200051714;721 954;7;0;1;1;1;1
202200051715;721 951;7;13;0;1;13;1
202200051716;721 950;1;0;2;3;1;5
202200051716;721 953;7;0;2;2;17;1
202200051717;721 952;37;0;2;8;23;1
202200051717;721 957;7;0;2;2;14;1
202200051718;721 949;7;2;0;1;1;1
202200051719;721 946;1;0;2;1;1;5
202200051719;721 948;7;0;2;5;1;1
202200051720;721 942;7;0;2;1;1;0
202200051720;721 945;7;0;2;1;1;1
202200051721;721 939;10;0;9;0;0;1
202200051721;721 947;50;0;2;8;19;3
202200051722;721 940;10;0;2;6;15;3
202200051722;721 943;31;0;2;2;1;1
202200051723;721 938;7;0;2;2;1;1
202200051723;721 944;7;0;2;3;1;1
202200051724;721 937;10;0;2;6;10;1
202200051724;721 941;34;0;2;1;2;1
202200051725;721 933;7;0;2;1;2;1
202200051725;721 936;1;0;2;1;2;5
202200051726;721 928;7;13;0;3;26;1
202200051727;721 929;7;0;2;3;13;1
202200051727;721 934;7;0;2;3;1;1
202200051728;721 931;1;0;2;1;1;5
202200051728;721 935;7;0;2;3;15;1
202200051729;721 932;50;0;0;0;1;3
202200051730;721 927;7;0;2;3;1;1
202200051730;721 930;7;0;2;1;1;2
202200051731;721 920;7;0;2;2;5;1
202200051731;721 925;7;0;2;1;1;1
202200051732;721 917;3;0;2;5;12;1
202200051732;721 924;2;0;2;3;12;1
202200051733;721 921;7;0;2;7;15;1
202200051733;721 926;2;0;2;1;1;1
202200051734;721 919;30;0;2;3;18;3
202200051734;721 923;7;0;2;2;16;1
202200051735;721 915;7;0;2;3;1;1
202200051735;721 918;15;0;2;2;12;1
202200051736;721 916;33;1;0;3;1;1
202200051736;721 922;7;0;2;6;1;1
202200051737;721 907;7;0;2;8;15;1
202200051737;721 914;33;0;2;1;1;1
202200051738;721 908;32;0;2;1;2;1
202200051738;721 913;7;0;2;5;1;1
202200051739;721 905;2;0;2;2;1;1
202200051739;721 909;7;0;2;2;1;1
202200051740;721 903;37;0;9;5;1;1
202200051740;721 911;1;0;2;1;1;5
202200051741;721 904;10;0;2;8;23;0
202200051741;721 910;31;1;2;1;2;1
202200051742;721 906;7;0;2;4;2;2
202200051742;721 912;33;0;2;1;2;1
202200051743;721 899;32;15;0;1;1;1
202200051744;721 898;99;3;0;1;1;1
202200051745;721 897;7;0;2;1;0;1
202200051745;721 901;7;0;2;1;13;1
202200051746;721 895;7;0;2;1;1;1
202200051746;721 902;7;0;2;1;1;2
202200051747;721 894;1;0;2;1;1;5
202200051747;721 900;50;0;9;3;1;3
202200051748;721 893;7;0;2;1;2;1
202200051748;721 896;7;0;2;5;2;1
202200051749;721 891;7;0;2;4;19;1
202200051749;721 892;10;0;2;1;1;1
202200051750;721 890;7;0;1;1;21;1
202200051751;721 886;7;0;2;1;1;1
202200051751;721 889;7;0;2;1;17;1
202200051752;721 885;7;0;2;8;0;1
202200051752;721 888;10;0;2;2;0;1
202200051753;721 883;10;0;2;2;14;1
202200051753;721 887;2;0;2;3;18;1
202200051754;721 881;10;0;0;8;1;1
202200051755;721 882;32;0;2;1;1;1
202200051755;721 884;10;0;2;6;1;1
202200051756;721 877;10;0;2;2;1;1
202200051756;721 880;33;0;2;7;15;1
202200051757;721 874;2;0;2;7;1;2
202200051757;721 876;7;0;2;3;13;1
202200051758;721 873;7;0;2;1;26;1
202200051758;721 878;31;0;2;1;1;1
202200051759;721 871;7;0;2;4;2;2
202200051759;721 872;10;0;2;1;2;1
202200051760;721 870;7;0;2;1;2;1
202200051760;721 879;17;0;0;4;1;1
202200051761;721 867;10;0;2;3;13;1
202200051761;721 869;38;0;2;3;2;1
202200051762;721 865;7;0;2;3;13;1
202200051762;721 875;7;13;2;2;1;1
202200051763;721 863;7;0;9;1;9;1
202200051763;721 866;50;0;2;7;5;3
202200051764;721 862;7;0;2;5;15;1
202200051764;721 868;31;0;2;1;1;1
202200051765;721 859;7;6;0;3;13;1
202200051766;721 857;7;5;0;1;0;1
202200051767;721 856;7;0;2;6;1;1
202200051767;721 860;33;0;2;6;3;3
202200051767;721 864;7;0;2;7;12;1
202200051768;721 858;10;0;2;1;1;1
202200051768;721 861;7;0;2;3;15;1
202200051769;721 854;37;0;1;7;1;1
202200051770;721 852;7;0;2;6;1;1
202200051770;721 853;7;0;2;1;12;1
202200051771;721 851;10;0;2;5;12;1
202200051771;721 855;37;0;2;3;7;1
202200051772;721 848;50;0;0;1;1;3
202200051773;721 850;7;0;0;0;21;1
202200051774;721 847;7;0;2;3;9;1
202200051774;721 849;33;12;2;8;1;1
202200051775;721 846;7;0;1;2;1;1
202200051776;721 842;7;1;0;8;22;1
202200051776;721 845;1;0;2;8;26;5
202200051777;721 834;7;1;0;1;1;1
202200051777;721 840;7;1;0;1;1;1
202200051777;721 843;7;1;0;0;0;1
202200051778;721 832;7;0;2;3;23;1
202200051778;721 838;7;0;2;7;19;1
202200051778;721 844;7;0;2;1;1;1
202200051779;721 829;7;0;2;8;24;1
202200051779;721 835;7;1;0;3;21;1
202200051780;721 828;7;0;2;1;13;1
202200051780;721 836;7;0;2;3;1;1
202200051780;721 841;7;0;2;1;1;1
202200051781;721 830;1;0;2;1;1;5
202200051781;721 837;1;0;2;1;19;5
202200051782;721 827;7;0;2;8;1;1
202200051782;721 831;7;0;2;8;13;1
202200051783;721 823;50;0;2;8;19;3
202200051783;721 826;32;0;9;8;26;1
202200051784;721 822;7;0;0;3;1;3
202200051784;721 825;7;0;2;3;13;1
202200051785;721 821;33;0;2;9;1;1
202200051785;721 824;7;0;2;5;1;1
202200051786;721 817;7;0;0;0;0;1
202200051787;721 816;31;0;2;1;1;1
202200051787;721 820;7;0;2;0;0;1
202200051788;721 810;7;0;2;2;5;1
202200051788;721 818;2;0;0;7;16;1
202200051789;721 812;7;2;0;9;1;1
202200051790;721 809;34;0;2;1;3;1
202200051790;721 815;10;0;2;0;1;1
202200051790;721 819;33;0;2;0;1;1
202200051791;721 808;32;2;0;2;2;1
202200051792;721 807;7;13;0;9;17;1
202200051792;721 813;10;0;0;0;13;1
202200051793;721 811;7;15;2;2;13;1
202200051793;721 814;7;0;2;2;15;1
202200051794;721 801;7;0;2;1;2;2
202200051794;721 806;7;0;2;5;2;2
202200051795;721 803;7;16;0;9;0;1
202200051796;721 798;0;0;2;3;1;0
202200051796;721 804;7;0;2;3;0;1
202200051797;721 799;1;0;2;1;1;5
202200051797;721 805;50;0;2;1;14;3
202200051798;721 797;20;0;2;1;1;1
202200051798;721 802;7;0;2;1;13;1
202200051799;721 800;7;0;1;3;15;2
202200051800;721 795;7;0;2;3;26;1
202200051800;721 796;7;0;2;3;0;1
202200051801;721 791;7;0;1;3;1;1
202200051802;721 789;7;0;2;3;1;1
202200051802;721 793;7;0;2;3;21;1
202200051803;721 790;31;0;2;7;17;1
202200051803;721 794;7;0;2;8;15;1
202200051804;721 787;7;0;2;6;11;1
202200051804;721 792;33;0;2;1;1;1
202200051805;721 784;33;0;2;1;17;1
202200051805;721 786;10;0;2;8;15;1
202200051806;721 782;1;0;1;1;0;5
202200051807;721 779;7;0;2;2;0;0
202200051807;721 783;50;0;2;8;11;3
202200051808;721 778;7;0;1;1;1;1
202200051809;721 777;7;0;2;2;21;1
202200051809;721 780;10;0;2;3;0;1
202200051809;721 785;7;1;0;5;10;1
202200051810;721 775;7;0;0;0;23;1
202200051810;721 781;1;0;0;0;1;5
202200051811;721 773;1;13;0;1;1;5
202200051812;721 772;7;0;0;6;20;1
202200051812;721 776;2;0;0;6;20;1
202200051813;721 774;1;0;0;8;1;5
202200051814;721 767;7;0;2;8;3;2
202200051814;721 770;33;0;2;1;1;1
202200051815;721 769;10;1;0;0;0;1
202200051816;721 766;7;0;1;3;1;1
202200051817;721 768;7;0;2;2;1;1
202200051817;721 771;2;0;2;7;15;1
202200051818;721 764;31;13;0;1;1;1
202200051819;721 762;14;0;0;6;24;1
202200051819;721 765;7;1;0;2;14;1
202200051820;721 763;1;0;1;0;1;5
202200051821;721 759;7;15;0;1;1;1
202200051822;721 757;7;0;2;3;15;1
202200051822;721 761;80;0;2;1;1;3
202200051823;721 753;7;0;0;4;1;1
202200051823;721 756;7;0;2;4;1;1
202200051823;721 760;7;0;2;1;1;1
202200051824;721 750;7;0;9;1;15;1
202200051824;721 754;1;0;2;8;1;5
202200051825;721 752;7;0;2;2;19;3
202200051825;721 758;7;0;2;3;1;2
202200051826;721 748;10;0;2;8;19;1
202200051826;721 755;33;0;2;1;1;1
202200051827;721 749;7;0;1;2;1;1
202200051828;721 745;34;9;2;3;15;6
202200051829;721 747;2;0;2;1;2;1
202200051829;721 751;7;0;2;6;2;1
202200051830;721 744;3;1;0;3;1;1
202200051830;721 746;3;0;0;3;1;1
202200051831;721 742;2;13;0;0;14;1
202200051832;721 739;10;0;2;1;2;1
202200051832;721 743;7;0;2;4;2;1
202200051833;721 735;10;16;0;9;13;1
202200051834;721 732;7;3;0;2;17;1
202200051834;721 736;99;3;0;6;1;1
202200051835;721 733;7;2;0;3;13;1
202200051836;721 738;7;0;2;4;23;2
202200051836;721 741;7;0;2;1;26;1
202200051837;721 731;33;0;2;2;1;1
202200051837;721 737;50;0;2;2;1;3
202200051838;721 734;7;0;2;0;16;1
202200051838;721 740;7;8;2;1;14;1
202200051839;721 730;7;13;0;9;1;1
202200051840;721 721;17;0;2;1;2;1
202200051840;721 726;17;0;2;4;2;1
202200051840;721 729;7;0;2;4;2;1
202200051841;721 722;7;0;2;4;23;1
202200051841;721 728;2;0;2;1;2;1
202200051842;721 723;1;0;2;1;1;5
202200051842;721 725;7;0;2;2;15;1
202200051843;721 718;1;0;2;2;5;5
202200051843;721 724;7;0;2;2;1;1
202200051844;721 720;38;6;0;1;14;1
202200051845;721 719;50;0;1;8;1;3
202200051846;721 713;7;0;2;1;2;1
202200051846;721 717;7;0;2;4;2;1
202200051846;721 727;7;0;2;4;2;1
202200051847;721 711;33;16;0;1;2;1
202200051848;721 708;7;0;1;2;1;1
202200051849;721 706;7;0;2;1;2;1
202200051849;721 712;10;0;2;4;2;1
202200051849;721 716;7;0;2;4;2;1
202200051850;721 702;7;2;0;1;13;1
202200051851;721 704;7;0;2;3;10;2
202200051851;721 707;33;0;2;2;1;1
202200051852;721 697;7;0;2;2;12;1
202200051852;721 701;17;0;2;3;1;1
202200051853;721 695;7;0;2;2;19;1
202200051853;721 703;33;0;2;1;1;1
202200051854;721 693;7;0;2;2;1;1
202200051854;721 700;7;0;0;4;23;1
202200051854;721 705;7;14;0;1;2;1
202200051855;721 692;7;0;2;3;13;1
202200051855;721 696;7;0;2;3;1;1
202200051856;721 690;37;0;2;2;1;2
202200051856;721 698;7;0;2;7;16;1
202200051857;721 687;33;0;2;1;1;1
202200051857;721 689;2;0;2;1;1;1
202200051858;721 686;10;0;2;4;2;1
202200051858;721 688;7;0;2;1;2;1
202200051859;721 684;10;0;1;2;1;1
202200051860;721 681;7;13;0;1;0;1
202200051861;721 682;7;0;0;0;13;1
202200051861;721 685;33;0;0;0;1;1
202200051862;721 694;7;0;2;1;1;1
202200051862;721 699;10;0;2;3;21;1
202200051863;721 691;7;0;1;2;1;2
202200051864;721 677;7;14;2;1;0;1
202200051864;721 680;7;0;2;3;0;1
202200051865;721 678;80;0;2;1;1;3
202200051865;721 679;7;0;2;8;22;2
202200051865;721 683;7;0;2;3;1;1
202200051866;721 672;0;0;0;0;0;0
202200051866;721 676;7;0;1;3;1;1
202200051867;721 671;7;0;2;2;2;1
202200051867;721 675;1;0;2;2;2;5
202200051868;721 667;2;0;2;1;5;1
202200051868;721 670;7;0;2;1;1;1
202200051869;721 662;7;0;2;3;1;0
202200051869;721 666;32;0;2;1;1;1
202200051870;721 663;33;14;0;1;1;1
202200051871;721 661;7;0;2;9;1;1
202200051871;721 664;10;0;9;1;1;1
202200051871;721 669;7;0;2;1;1;1
202200051871;721 673;15;0;2;4;1;1
202200051872;721 665;10;0;2;1;16;1
202200051872;721 674;38;0;2;2;1;1
202200051873;721 660;7;0;2;4;2;1
202200051873;721 668;7;0;2;1;2;1
202200051874;721 658;37;0;1;2;21;2
202200051875;721 652;10;0;2;5;15;1
202200051875;721 656;33;0;2;1;1;1
202200051876;721 653;7;0;0;6;24;1
202200051876;721 657;7;1;0;2;14;1
202200051877;721 651;7;0;2;1;2;1
202200051877;721 655;7;4;2;8;2;1
202200051878;721 650;7;2;0;8;1;1
202200051879;721 648;7;0;2;1;1;1
202200051879;721 654;33;0;2;8;1;0
202200051879;721 659;7;0;2;1;15;1
202200051880;721 644;7;0;1;1;1;0
202200051881;721 643;30;0;2;3;13;1
202200051881;721 646;7;13;2;3;1;1
202200051882;721 637;7;13;0;9;14;1
202200051883;721 636;2;0;0;1;1;1
202200051883;721 641;7;0;0;2;15;1
202200051884;721 635;7;0;2;3;1;1
202200051884;721 639;7;0;2;3;1;1
202200051885;721 632;33;16;0;4;2;1
202200051885;721 640;13;0;2;3;2;1
202200051886;721 633;7;1;9;2;1;1
202200051887;721 634;7;4;2;4;2;1
202200051887;721 638;7;4;2;4;2;1
202200051887;721 642;7;4;2;4;2;1
202200051887;721 645;7;4;2;4;2;1
202200051887;721 647;7;4;2;4;2;1
202200051887;721 649;7;4;2;1;1;1
202200051888;721 628;7;6;0;7;1;1
202200051889;721 629;80;0;2;8;19;3
202200051889;721 631;7;0;2;1;1;2
202200051890;721 624;7;0;2;4;26;1
202200051890;721 626;10;0;2;1;21;1
202200051891;721 623;7;0;1;4;4;0
202200051892;721 621;2;0;0;0;0;1
202200051893;721 622;7;0;2;8;15;1
202200051893;721 627;14;0;2;1;1;1
202200051894;721 620;7;0;1;1;16;1
202200051894;721 625;7;14;0;0;0;0
202200051895;721 618;2;8;0;1;1;1
202200051896;721 617;7;0;0;3;26;1
202200051896;721 619;33;0;2;1;1;1
202200051897;721 613;7;0;0;0;0;1
202200051898;721 614;7;0;2;1;26;1
202200051898;721 616;7;0;2;6;0;2
202200051899;721 605;33;0;2;1;1;1
202200051899;721 610;7;0;2;3;5;0
202200051900;721 604;2;0;2;8;17;1
202200051900;721 611;7;0;2;3;16;1
202200051901;721 609;7;8;2;4;16;1
202200051901;721 612;7;0;2;1;2;1
202200051902;721 603;7;0;1;2;16;1
202200051903;721 602;1;0;2;2;1;5
202200051903;721 608;7;0;2;3;9;1
202200051904;721 601;7;0;2;3;14;1
202200051904;721 606;7;0;0;4;2;2
202200051905;721 600;7;0;2;1;23;1
202200051905;721 607;33;0;2;1;23;1
202200051905;721 615;7;0;2;1;15;1
202200051906;721 599;33;13;0;7;1;1
202200051907;721 598;7;13;0;1;1;1
202200051908;721 596;7;0;1;1;1;1
202200051909;721 597;2;0;0;0;0;1
202200051910;721 593;7;0;2;4;1;1
202200051910;721 595;7;0;2;1;9;2
202200051911;721 591;31;0;0;1;1;1
202200051912;721 588;7;16;0;0;20;0
202200051912;721 592;32;0;2;0;21;1
202200051913;721 585;10;0;2;1;5;1
202200051913;721 589;7;0;2;1;1;1
202200051914;721 586;7;0;1;2;17;1
202200051915;721 584;7;0;2;1;1;1
202200051915;721 590;7;0;2;1;5;1
202200051916;721 580;7;0;2;3;21;1
202200051916;721 583;33;0;2;1;17;1
202200051917;721 576;1;13;0;1;0;5
202200051918;721 573;2;0;0;8;1;1
202200051919;721 575;7;0;2;3;1;1
202200051919;721 578;7;0;0;8;1;0
202200051920;721 572;7;0;2;8;1;1
202200051920;721 579;10;0;2;2;0;1
202200051921;721 570;7;0;2;1;15;1
202200051921;721 577;33;0;2;1;1;1
202200051922;721 569;1;0;2;1;2;5
202200051922;721 571;7;0;0;4;23;1
202200051923;721 562;10;0;2;2;17;1
202200051923;721 567;1;0;2;4;19;5
202200051924;721 561;30;0;2;3;13;1
202200051924;721 568;33;0;2;3;1;1
202200051925;721 558;7;0;2;8;1;1
202200051925;721 566;7;0;2;4;1;1
202200051925;721 574;7;3;2;1;1;1
202200051926;721 557;1;0;2;1;1;5
202200051926;721 564;7;0;2;1;9;1
202200051927;721 559;7;0;0;4;1;1
202200051927;721 565;7;0;2;1;2;1
202200051928;721 560;7;0;2;6;1;1
202200051928;721 563;2;0;2;1;1;1
202200051929;721 554;7;2;0;7;15;1
202200051930;721 552;7;0;2;1;0;1
202200051930;721 556;33;0;2;7;1;1
202200051931;721 550;7;13;0;9;0;1
202200051932;721 551;7;0;2;1;1;1
202200051932;721 555;7;0;2;1;13;1
202200051933;721 547;7;8;0;6;13;1
202200051934;721 546;2;0;0;8;3;1
202200051934;721 553;7;0;0;8;1;1
202200051935;721 545;7;0;2;2;15;2
202200051935;721 549;33;0;2;9;1;1
202200051936;721 544;7;16;0;1;0;1
202200051937;721 548;37;5;0;2;15;1
202200051938;721 540;1;0;2;8;15;5
202200051938;721 543;43;0;2;1;3;1
202200051939;721 536;10;1;1;1;1;1
202200051940;721 534;7;0;2;1;1;1
202200051940;721 538;7;0;2;1;13;1
202200051941;721 532;17;0;2;3;1;1
202200051941;721 535;10;0;2;8;5;1
202200051942;721 531;1;0;0;7;1;5
202200051943;721 529;7;0;2;1;2;1
202200051943;721 533;7;0;2;1;2;1
202200051944;721 525;33;0;0;2;1;1
202200051945;721 523;7;13;0;9;2;1
202200051945;721 526;7;0;2;2;17;1
202200051946;721 524;2;0;2;8;1;1
202200051946;721 528;7;0;2;3;1;1
202200051947;721 522;33;0;2;2;1;1
202200051947;721 530;7;0;2;2;16;1
202200051948;721 520;7;2;0;6;1;6
202200051949;721 521;33;3;2;5;26;1
202200051949;721 527;7;0;2;3;14;1
202200051950;721 518;7;0;1;5;16;1
202200051951;721 515;80;0;0;4;1;3
202200051951;721 519;7;0;2;8;1;1
202200051952;721 512;7;6;0;2;14;1
202200051953;721 513;1;0;2;1;1;5
202200051953;721 516;7;0;2;5;16;1
202200051954;721 508;2;12;0;7;0;1
202200051955;721 506;7;0;2;2;12;1
202200051955;721 514;43;0;1;8;1;1
202200051956;721 504;2;0;2;7;1;1
202200051956;721 511;7;0;2;0;0;0
202200051957;721 503;7;0;2;7;17;1
202200051957;721 509;2;0;0;8;1;1
202200051958;721 505;7;8;0;8;0;1
202200051959;721 501;7;0;0;3;1;1
202200051960;721 499;7;0;0;1;13;1
202200051961;721 498;7;0;0;3;1;1
202200051961;721 502;7;0;2;1;15;1
202200051962;721 496;33;0;0;0;0;1
202200051963;721 497;10;0;1;1;20;1
202200051964;721 492;50;0;9;3;0;3
202200051964;721 495;80;0;9;1;0;3
202200051965;721 490;7;14;2;1;15;1
202200051965;721 494;7;0;2;3;12;1
202200051966;721 487;1;0;0;0;1;5
202200051967;721 488;7;0;2;1;9;1
202200051967;721 491;99;0;0;7;1;1
202200051968;721 486;7;0;2;8;19;1
202200051968;721 489;33;0;0;8;17;1
202200051969;721 485;7;13;0;9;13;1
202200051970;721 483;7;17;0;3;0;1
202200051971;721 480;7;0;9;3;1;1
202200051971;721 484;1;1;2;1;21;5
202200051972;721 482;7;0;1;2;15;1
202200051973;721 479;7;6;0;1;1;1
202200051974;721 478;7;2;0;3;17;1
202200051975;721 474;34;0;2;1;1;1
202200051975;721 481;7;0;2;4;16;1
202200051976;721 476;7;2;0;1;1;1
202200051977;721 471;7;0;1;1;1;1
202200051978;721 469;7;0;2;1;1;1
202200051978;721 475;7;8;2;5;1;1
202200051979;721 468;7;10;0;1;0;1
202200051980;721 467;7;2;0;2;26;1
202200051981;721 466;7;0;2;2;1;1
202200051981;721 470;7;0;0;6;10;1
202200051982;721 472;10;6;2;7;14;0
202200051982;721 473;15;3;0;8;1;0
202200051982;721 477;15;3;0;0;1;0
202200051983;721 463;36;16;0;9;0;1
202200051984;721 460;7;0;0;2;1;1
202200051985;721 458;34;14;0;1;1;1
202200051986;721 461;50;0;2;1;1;3
202200051986;721 465;7;0;2;1;1;1
202200051987;721 454;7;0;2;2;1;1
202200051987;721 457;7;0;2;1;15;1
202200051988;721 453;2;14;0;1;1;1
202200051989;721 451;7;0;2;4;2;1
202200051989;721 456;7;0;2;9;1;1
202200051989;721 464;10;0;2;1;2;1
202200051990;721 449;33;0;0;9;26;1
202200051991;721 447;7;8;0;1;1;1
202200051992;721 448;10;13;0;3;0;1
202200051993;721 445;33;0;2;1;1;1
202200051993;721 450;7;0;2;2;15;2
202200051994;721 446;10;0;2;8;10;1
202200051994;721 452;33;0;2;1;1;1
202200051995;721 444;2;0;0;0;1;1
202200051996;721 443;7;2;0;1;1;1
202200051997;721 442;7;6;0;3;1;1
202200051998;721 440;30;0;1;1;1;1
202200051999;721 439;7;0;2;3;1;1
202200051999;721 441;2;0;2;1;1;1
202200052000;721 438;10;15;0;1;1;1
202200052001;721 434;2;0;0;0;0;1
202200052002;721 433;7;0;2;4;2;1
202200052003;721 431;7;0;2;2;21;1
202200052003;721 435;7;0;0;6;23;1
202200052004;721 430;33;0;2;1;15;1
202200052004;721 437;7;0;2;3;13;1
202200052005;721 429;33;0;2;1;1;1
202200052005;721 432;7;0;2;6;11;1
202200052006;721 425;31;6;0;0;1;1
202200052007;721 428;7;0;1;1;1;1
202200052008;721 426;7;0;1;1;1;1
202200052009;721 423;7;1;2;2;16;1
202200052009;721 436;7;0;2;2;1;1
202200052010;721 424;7;0;2;9;2;1
202200052011;721 422;7;0;2;3;1;1
202200052011;721 427;7;0;0;3;1;1
202200052012;721 420;31;14;0;3;1;1
202200052013;721 417;7;0;0;6;1;1
202200052013;721 419;33;0;2;1;17;1
202200052014;721 416;30;16;0;8;1;1
202200052015;721 411;7;0;2;3;1;2
202200052015;721 415;43;0;2;8;1;1
202200052015;721 421;7;0;2;1;9;1
202200052016;721 412;36;13;0;1;1;1
202200052017;721 409;10;0;2;1;19;1
202200052017;721 418;10;0;2;2;1;1
202200052018;721 410;10;0;2;3;15;1
202200052018;721 414;3;0;0;1;1;0
202200052019;721 408;7;0;1;2;1;1
202200052020;721 407;7;0;2;3;15;1
202200052020;721 413;7;0;2;1;1;1
202200052021;721 406;7;13;0;1;2;1
202200052022;721 401;7;0;0;0;23;1
202200052022;721 405;7;0;0;0;26;1
202200052023;721 400;7;0;2;7;12;1
202200052023;721 403;33;0;2;8;3;0
202200052024;721 398;7;0;9;3;2;2
202200052024;721 404;1;0;2;4;1;5
202200052025;721 399;7;0;1;7;16;1
202200052026;721 395;15;0;1;2;0;1
202200052027;721 397;2;11;0;1;1;1
202200052028;721 394;7;0;1;4;20;1
202200052029;721 391;33;0;2;7;1;1
202200052029;721 393;7;0;2;8;11;1
202200052030;721 387;7;0;2;1;2;1
202200052030;721 392;7;0;2;4;1;1
202200052031;721 389;33;0;0;1;1;1
202200052032;721 384;7;0;2;1;13;1
202200052032;721 388;7;0;2;1;1;1
202200052033;721 386;21;0;0;0;15;1
202200052033;721 390;33;0;0;9;17;1
202200052034;721 383;99;13;0;9;1;1
202200052035;721 382;7;12;0;3;1;3
202200052036;721 381;10;0;2;8;1;1
202200052036;721 385;7;0;2;2;1;1
202200052037;721 375;7;0;2;1;2;1
202200052037;721 380;7;0;2;4;2;1
202200052038;721 378;31;0;6;1;0;1
202200052039;721 377;3;0;1;4;4;1
202200052040;721 373;7;0;9;2;1;1
202200052040;721 379;1;0;2;3;15;5
202200052041;721 396;7;7;0;8;19;3
202200052041;721 402;15;0;2;1;1;1
202200052042;721 371;7;15;0;1;26;1
202200052043;721 374;7;0;2;1;15;1
202200052043;721 376;1;0;2;1;1;5
202200052044;721 370;2;0;0;0;14;1
202200052045;721 369;7;0;0;0;0;1
202200052045;721 372;50;0;2;0;26;3
202200052046;721 366;31;12;0;1;15;1
202200052047;721 367;7;2;0;0;0;1
202200052048;721 364;7;0;1;1;9;1
202200052049;721 360;33;0;2;1;1;1
202200052049;721 363;7;0;2;1;15;1
202200052050;721 361;2;0;2;4;16;1
202200052050;721 365;2;0;2;4;18;1
202200052051;721 362;7;0;2;6;14;1
202200052051;721 368;7;0;2;2;1;1
202200052052;721 358;7;17;0;3;14;1
202200052053;721 359;10;0;1;2;1;1
202200052054;721 357;7;0;1;2;1;1
202200052055;721 355;1;0;0;1;1;5
202200052056;721 352;7;0;1;0;1;2
202200052057;721 351;7;0;2;1;1;1
202200052057;721 356;1;16;0;1;19;5
202200052058;721 350;7;0;2;6;1;1
202200052058;721 353;7;4;2;2;12;1
202200052059;721 349;7;0;0;9;0;1
202200052060;721 347;7;0;2;3;1;1
202200052060;721 354;7;0;2;2;15;1
202200052061;721 345;2;0;0;0;1;1