Num_Acc;id_vehicule;categorie_vehicule;obstacle_fixe;obstacle_mobile;point_choc_initial;manoeuvre_principale;motorisation
202200052062;721 341;7;2;1;1;14;1
202200052063;721 344;50;0;9;3;1;3
202200052063;721 348;7;0;9;2;16;1
202200052064;721 339;1;0;2;7;1;5
202200052064;721 346;7;0;2;3;19;1
202200052065;721 340;7;4;0;3;13;1
202200052066;721 336;2;0;2;7;26;1
202200052066;721 342;7;0;2;3;9;1
202200052067;721 338;1;6;0;1;0;5
202200052068;721 335;7;0;2;1;15;1
202200052068;721 343;7;0;2;1;15;1
202200052069;721 334;7;0;2;4;16;1
202200052069;721 337;7;0;2;2;1;1
202200052070;721 330;7;0;2;3;13;1
202200052070;721 333;80;0;2;8;1;3
202200052071;721 331;33;14;0;0;6;1
202200052072;721 329;7;4;0;3;1;1
202200052073;721 327;33;11;0;1;17;1
202200052074;721 328;7;0;2;3;0;1
202200052074;721 332;7;0;2;3;26;1
202200052075;721 326;7;4;0;3;12;1
202200052076;721 324;7;16;0;2;1;1
202200052077;721 323;7;8;0;1;13;1
202200052078;721 321;7;0;2;3;1;1
202200052078;721 325;3;3;2;3;1;1
202200052079;721 316;7;3;2;2;1;1
202200052079;721 322;7;0;2;3;13;1
202200052080;721 320;7;8;0;1;1;1
202200052081;721 315;3;0;2;1;15;1
202200052081;721 319;7;0;2;1;1;1
202200052082;721 313;7;0;2;1;1;1
202200052082;721 318;7;0;2;1;1;1
202200052083;721 307;3;0;2;1;13;1
202200052083;721 311;14;0;2;3;1;1
202200052084;721 304;32;0;2;3;1;1
202200052084;721 309;10;0;2;2;19;1
202200052085;721 302;1;0;2;8;1;5
202200052085;721 308;7;0;2;2;19;1
202200052086;721 305;2;0;2;1;1;1
202200052086;721 312;7;0;2;1;1;1
202200052087;721 301;7;0;9;0;1;1
202200052087;721 306;10;0;9;8;1;1
202200052087;721 310;7;14;2;1;1;1
202200052087;721 314;7;0;2;6;1;1
202200052087;721 317;7;0;2;2;2;1
202200052088;721 303;7;2;0;0;17;1
202200052089;721 300;10;0;1;2;21;1
202200052090;721 294;7;0;2;2;9;0
202200052090;721 299;7;0;2;1;1;1
202200052091;721 291;33;0;2;1;2;1
202200052091;721 298;7;0;2;4;2;1
202200052092;721 288;1;0;2;0;21;5
202200052092;721 295;7;0;2;8;19;0
202200052093;721 289;1;0;2;1;16;5
202200052093;721 296;7;0;2;7;1;1
202200052094;721 290;7;0;2;1;1;1
202200052094;721 297;33;0;2;2;13;1
202200052095;721 287;7;0;2;1;2;1
202200052095;721 293;7;0;2;4;2;1
202200052096;721 285;38;0;2;2;1;1
202200052096;721 292;7;0;2;1;15;1
202200052097;721 283;7;0;2;1;19;1
202200052097;721 286;7;0;2;2;21;1
202200052098;721 281;7;0;2;3;19;1
202200052098;721 284;2;0;2;1;1;1
202200052099;721 278;10;8;0;2;1;1
202200052100;721 280;7;2;0;1;1;1
202200052101;721 277;7;0;1;1;15;1
202200052102;721 274;7;13;0;2;1;1
202200052103;721 275;7;1;2;0;0;0
202200052103;721 282;7;1;2;8;2;0
202200052104;721 276;7;0;0;8;15;1
202200052104;721 279;33;0;2;1;1;1
202200052105;721 270;7;2;0;1;1;1
202200052106;721 269;30;0;2;1;9;1
202200052106;721 273;1;0;2;7;1;5
202200052107;721 268;32;0;0;0;0;0
202200052107;721 271;7;0;0;0;0;0
202200052108;721 265;7;0;2;1;1;3
202200052108;721 272;7;0;2;1;13;1
202200052109;721 263;7;13;0;3;17;1
202200052110;721 264;43;0;0;0;1;1
202200052111;721 261;7;0;2;1;0;1
202200052111;721 267;7;0;2;2;20;1
202200052112;721 260;7;0;2;1;9;1
202200052112;721 262;1;0;2;7;2;5
202200052113;721 259;7;0;1;1;1;1
202200052114;721 257;7;8;0;2;15;1
202200052115;721 256;7;1;0;2;1;1
202200052116;721 253;7;4;0;3;1;1
202200052117;721 251;33;3;2;8;13;1
202200052117;721 258;7;0;2;7;0;1
202200052118;721 250;33;0;2;7;2;1
202200052118;721 254;10;0;2;3;9;1
202200052119;721 247;7;0;0;1;1;1
202200052119;721 249;7;0;2;4;1;1
202200052119;721 255;7;0;2;1;1;1
202200052120;721 244;7;0;0;6;26;1
202200052120;721 248;34;0;2;1;2;1
202200052121;721 245;7;0;1;1;1;1
202200052122;721 241;2;0;0;0;1;1
202200052123;721 238;7;16;2;3;12;1
202200052123;721 243;7;0;2;1;1;1
202200052124;721 237;7;0;1;2;1;1
202200052125;721 236;2;0;2;7;2;1
202200052125;721 240;2;0;2;8;2;1
202200052126;721 235;7;0;2;3;1;1
202200052126;721 242;7;0;2;2;1;1
202200052126;721 246;7;0;2;1;23;1
202200052127;721 234;2;12;0;7;1;1
202200052128;721 233;7;0;2;3;1;1
202200052128;721 239;7;0;2;3;1;1
202200052129;721 231;7;0;1;3;26;1
202200052130;721 227;7;0;2;3;15;1
202200052130;721 232;33;0;2;1;17;1
202200052131;721 221;7;7;2;1;0;0
202200052131;721 228;10;0;2;3;1;1
202200052132;721 220;3;0;2;1;16;1
202200052132;721 230;7;0;2;2;1;1
202200052133;721 218;7;0;0;4;23;1
202200052133;721 225;1;0;2;1;1;5
202200052134;721 217;7;4;0;3;12;1
202200052135;721 216;33;0;0;0;0;1
202200052136;721 219;38;0;2;5;17;1
202200052136;721 226;1;0;2;8;2;5
202200052137;721 213;17;3;0;3;15;1
202200052138;721 214;2;4;0;7;2;1
202200052139;721 212;7;0;2;1;1;1
202200052139;721 222;7;15;0;2;1;1
202200052140;721 215;7;0;1;1;1;1
202200052141;721 211;7;0;1;2;26;1
202200052142;721 207;35;6;0;1;1;1
202200052143;721 205;7;0;2;3;1;1
202200052143;721 209;7;0;2;3;17;1
202200052144;721 206;10;0;2;7;12;1
202200052144;721 210;34;0;2;8;1;1
202200052145;721 201;7;0;1;3;1;0
202200052146;721 199;32;0;0;4;0;1
202200052146;721 203;7;0;2;1;0;1
202200052146;721 208;7;0;2;1;1;1
202200052147;721 202;7;12;0;2;15;1
202200052148;721 197;7;0;2;3;0;1
202200052148;721 204;30;0;2;1;26;1
202200052149;721 194;33;0;0;7;1;1
202200052150;721 193;33;0;0;7;0;1
202200052151;721 190;7;0;2;2;19;1
202200052151;721 196;33;0;2;5;1;1
202200052152;721 191;7;0;2;1;1;1
202200052152;721 198;7;0;0;2;1;1
202200052153;721 188;7;0;1;4;4;1
202200052154;721 186;7;2;0;1;13;1
202200052155;721 185;10;13;0;8;0;1
202200052156;721 181;7;0;1;1;1;1
202200052157;721 183;7;0;2;5;15;1
202200052157;721 187;43;0;2;1;1;1
202200052158;721 182;7;0;1;1;1;1
202200052159;721 177;38;0;2;3;21;1
202200052159;721 184;7;0;2;3;15;1
202200052160;721 174;1;0;4;8;19;5
202200052160;721 179;40;0;2;1;1;3
202200052161;721 175;7;0;2;0;0;1
202200052161;721 180;7;0;2;0;0;1
202200052162;721 172;7;2;0;1;15;1
202200052163;721 173;7;0;0;2;0;1
202200052163;721 178;34;0;0;4;0;1
202200052164;721 171;10;0;2;3;1;1
202200052164;721 176;7;0;2;3;5;1
202200052165;721 166;7;0;2;5;15;1
202200052165;721 169;33;0;2;1;21;1
202200052166;721 165;15;0;1;2;1;1
202200052167;721 163;10;0;0;3;1;1
202200052168;721 161;10;0;2;4;2;1
202200052168;721 167;7;0;2;4;2;1
202200052168;721 170;10;0;2;1;2;1
202200052169;721 162;7;0;1;2;1;1
202200052170;721 157;7;0;2;8;15;1
202200052170;721 164;33;0;2;1;17;1
202200052171;721 159;7;13;0;9;0;1
202200052172;721 158;7;0;2;3;9;1
202200052172;721 168;7;0;2;2;1;1
202200052173;721 155;50;0;2;1;26;3
202200052173;721 160;7;0;2;7;7;1
202200052174;721 154;10;15;0;3;1;1
202200052174;721 156;7;15;0;1;6;1
202200052175;721 153;7;13;0;9;14;1
202200052176;721 148;7;0;2;1;11;1
202200052176;721 152;7;0;2;1;5;1
202200052177;721 147;7;0;0;9;0;1
202200052178;721 146;14;0;2;1;0;1
202200052178;721 151;10;0;0;0;0;0
202200052179;721 144;33;0;2;1;1;1
202200052179;721 149;7;0;2;5;15;1
202200052180;721 145;50;0;1;1;1;3
202200052181;721 141;7;0;1;7;1;1
202200052182;721 140;7;0;2;7;1;1
202200052182;721 150;2;0;2;1;1;1
202200052183;721 139;15;0;2;4;2;1
202200052183;721 142;7;0;2;1;2;1
202200052184;721 137;7;13;0;1;14;1
202200052185;721 136;7;4;0;1;2;1
202200052186;721 135;7;0;2;7;19;1
202200052186;721 143;50;0;2;1;5;3
202200052187;721 134;7;0;1;2;9;1
202200052188;721 132;7;0;2;3;1;2
202200052188;721 138;33;0;1;1;1;1
202200052189;721 128;7;13;0;1;13;1
202200052190;721 131;7;0;1;1;1;1
202200052191;721 127;38;0;1;6;15;0
202200052192;721 125;7;0;2;3;2;1
202200052192;721 129;33;0;2;7;1;1
202200052193;721 119;33;0;2;8;1;1
202200052193;721 123;30;0;2;8;13;1
202200052194;721 117;7;0;1;2;1;1
202200052195;721 121;7;0;0;1;2;1
202200052195;721 130;7;0;0;1;15;1
202200052196;721 115;7;1;2;9;14;1
202200052196;721 118;2;0;2;1;1;1
202200052196;721 122;7;0;2;8;26;1
202200052196;721 126;7;0;2;8;26;1
202200052196;721 133;7;0;2;3;26;1
202200052197;721 120;33;4;0;8;13;1
202200052198;721 111;1;0;2;8;0;5
202200052198;721 113;7;0;2;8;17;0
202200052199;721 109;7;0;1;1;26;2
202200052200;721 114;2;0;2;1;1;1
202200052200;721 124;7;0;2;8;19;1
202200052201;721 112;1;0;0;0;15;5
202200052202;721 108;10;0;2;6;14;1
202200052202;721 116;7;0;2;1;1;1
202200052203;721 105;7;8;1;2;1;2
202200052204;721 103;7;0;2;1;13;1
202200052204;721 107;31;0;2;1;1;1
202200052204;721 110;7;0;2;2;24;1
202200052205;721 100;7;0;1;1;0;1
202200052206;721 097;7;0;9;8;16;1
202200052206;721 098;1;0;2;1;1;5
202200052207;721 104;7;13;0;3;1;1
202200052208;721 095;80;0;2;1;5;3
202200052208;721 096;7;0;2;1;1;1
202200052209;721 102;2;0;0;1;14;1
202200052210;721 092;7;2;0;2;1;1
202200052211;721 101;7;0;0;4;23;1
202200052211;721 106;7;1;0;1;2;1
202200052212;721 093;32;0;1;1;1;1
202200052213;721 090;7;1;1;4;20;1
202200052214;721 081;7;0;2;1;17;1
202200052214;721 087;31;0;2;1;1;1
202200052215;721 077;10;6;2;3;1;1
202200052215;721 083;7;15;2;2;1;1
202200052216;721 086;10;0;2;1;15;1
202200052216;721 094;1;0;0;8;1;5
202200052217;721 079;7;0;2;6;14;1
202200052217;721 085;7;0;2;3;1;2
202200052218;721 082;7;0;2;1;2;1
202200052218;721 091;7;0;2;4;1;1
202200052219;721 088;31;0;2;2;1;1
202200052219;721 099;7;0;2;3;0;1
202200052220;721 078;7;0;2;1;2;1
202200052220;721 089;10;3;2;4;2;1
202200052221;721 080;7;1;0;3;0;1
202200052222;721 073;30;0;2;1;5;1
202200052222;721 075;7;0;2;2;1;1
202200052223;721 071;7;0;1;5;0;1
202200052224;721 076;7;0;2;8;15;1
202200052224;721 084;31;0;2;7;17;1
202200052225;721 061;7;0;2;7;15;1
202200052225;721 066;7;0;2;1;1;1
202200052226;721 062;7;0;9;8;22;1
202200052226;721 067;1;1;0;1;1;5
202200052227;721 068;7;6;0;3;13;1
202200052228;721 058;7;0;2;3;23;1
202200052228;721 063;1;0;2;1;15;5
202200052229;721 065;7;0;2;3;1;1
202200052229;721 072;7;0;2;7;1;1
202200052230;721 054;7;0;2;4;23;1
202200052230;721 057;33;0;2;1;11;1
202200052231;721 053;7;0;0;6;23;1
202200052231;721 055;7;0;2;2;2;1
202200052232;721 059;33;0;2;0;21;1
202200052232;721 069;7;0;2;0;11;1
202200052233;721 051;15;3;0;2;2;1
202200052234;721 052;1;0;2;3;1;5
202200052234;721 060;7;0;2;2;1;1
202200052235;721 046;7;0;1;1;1;1
202200052236;721 049;10;8;4;2;16;1
202200052236;721 050;40;0;2;3;1;3
202200052237;721 044;7;0;2;1;17;1
202200052237;721 064;7;0;2;1;1;1
202200052238;721 048;31;0;2;1;15;1
202200052238;721 056;7;0;2;3;23;2
202200052239;721 038;7;0;0;3;23;1
202200052239;721 039;7;14;1;1;17;0
202200052240;721 035;7;0;2;0;0;1
202200052240;721 040;7;3;2;8;9;0
202200052241;721 041;7;0;2;2;15;1
202200052241;721 047;2;0;2;1;1;1
202200052242;721 034;7;0;2;4;2;1
202200052242;721 037;7;0;2;1;2;2
202200052243;721 025;7;0;2;7;14;1
202200052243;721 029;2;0;2;8;18;1
202200052244;721 024;37;0;2;1;2;1
202200052244;721 028;14;0;2;2;1;1
202200052244;721 030;2;0;2;1;5;1
202200052245;721 023;30;0;2;1;2;1
202200052245;721 027;7;0;2;6;2;2
202200052246;721 031;7;0;2;1;1;1
202200052246;721 036;7;0;2;6;2;1
202200052246;721 043;7;0;2;1;2;1
202200052247;721 022;7;2;0;9;1;1
202200052248;721 033;38;0;1;2;1;1
202200052249;721 016;7;13;0;1;9;1
202200052250;721 013;1;0;2;0;9;5
202200052250;721 014;7;0;2;0;1;0
202200052251;721 015;7;0;2;4;23;1
202200052251;721 019;7;0;2;1;2;1
202200052252;721 010;7;0;2;2;9;2
202200052252;721 012;80;0;2;2;1;3
202200052253;721 007;30;1;0;0;14;3
202200052254;721 005;1;0;2;8;1;5
202200052254;721 008;7;0;2;0;0;0
202200052255;721 018;2;0;0;7;23;1
202200052255;721 026;2;1;0;1;2;1
202200052256;721 017;7;0;1;2;1;1
202200052257;721 001;7;0;2;8;16;1
202200052257;721 003;33;0;2;2;1;1
202200052258;720 999;50;0;2;0;25;3
202200052258;721 002;60;0;2;1;25;5
202200052259;720 998;7;0;2;6;15;1
202200052259;721 000;7;0;2;1;26;3
202200052260;721 011;7;0;2;1;1;1
202200052260;721 032;2;0;0;4;1;1
202200052260;721 042;2;0;0;4;1;1
202200052261;721 004;7;0;2;3;1;1
202200052261;721 020;14;0;2;3;1;1
202200052262;720 989;1;0;2;2;1;5
202200052262;720 994;7;0;9;3;15;1
202200052263;720 988;7;0;2;3;17;1
202200052263;720 992;7;0;2;3;23;1
202200052263;720 995;10;0;9;1;1;1
202200052263;720 997;10;0;2;1;1;1
202200052264;720 982;7;1;1;1;14;1
202200052265;720 981;7;0;1;0;1;2
202200052266;720 983;7;0;1;1;1;0
202200052267;720 987;32;0;2;8;15;1
202200052267;721 006;7;0;2;3;1;1
202200052268;720 990;7;0;2;4;2;1
202200052268;720 996;33;0;2;8;3;1
202200052268;721 009;7;0;2;2;12;1
202200052269;720 977;7;0;1;4;4;0
202200052270;720 976;7;12;0;2;13;1
202200052271;720 973;7;0;1;2;1;1
202200052272;720 979;33;0;2;8;21;1
202200052272;720 985;7;0;2;3;1;1
202200052273;720 980;7;0;0;3;13;1
202200052273;720 986;7;9;0;6;1;1
202200052274;720 978;10;0;2;1;5;1
202200052274;720 984;2;0;2;1;1;1
202200052275;720 975;30;0;1;0;1;0
202200052276;720 974;10;0;2;1;1;1
202200052276;720 991;1;0;2;8;19;5
202200052277;720 967;7;0;2;0;0;1
202200052277;720 969;34;0;2;0;0;1
202200052278;720 970;7;0;2;1;23;1
202200052278;720 972;7;0;2;4;23;1
202200052279;720 966;2;0;0;0;1;1
202200052280;720 965;1;0;2;6;19;5
202200052280;720 971;7;0;2;7;1;1
202200052281;720 962;7;11;0;1;2;1
202200052282;720 961;32;0;2;9;13;1
202200052282;720 963;7;0;2;1;1;1
202200052283;720 958;7;0;2;1;1;1
202200052283;720 968;3;0;2;2;1;1
202200052284;720 956;1;0;0;0;0;5
202200052285;720 960;7;0;2;2;15;1
202200052285;720 964;33;0;2;1;1;1
202200052286;720 955;7;0;2;3;1;1
202200052286;720 959;7;0;2;3;13;1
202200052287;720 954;7;0;2;3;1;1
202200052287;720 957;15;0;2;2;12;1
202200052288;720 950;7;0;2;4;11;1
202200052288;720 952;33;0;2;1;1;1
202200052289;720 949;7;0;1;2;1;1
202200052290;720 946;7;2;0;1;1;1
202200052291;720 948;7;0;2;8;0;1
202200052291;720 953;7;0;2;1;0;1
202200052292;720 945;7;0;2;6;2;1
202200052292;720 951;7;0;2;2;21;1
202200052293;720 943;7;4;0;1;1;1
202200052294;720 944;7;0;1;1;1;0
202200052295;720 941;7;0;0;2;15;1
202200052295;720 947;2;0;2;1;1;1
202200052296;720 939;7;12;0;0;9;1
202200052297;720 929;7;0;2;1;1;0
202200052297;720 935;33;0;0;0;0;1
202200052298;720 930;10;0;2;3;23;1
202200052298;720 937;7;0;2;1;13;1
202200052299;720 934;7;0;2;1;1;1
202200052299;720 940;7;0;2;1;5;0
202200052300;720 926;7;0;2;1;13;1
202200052300;720 933;7;0;2;3;1;1
202200052301;720 928;7;0;2;2;1;1
202200052301;720 936;7;0;2;1;6;1
202200052302;720 922;2;0;2;1;1;1
202200052302;720 927;7;0;2;3;1;1
202200052303;720 921;7;3;2;4;1;1
202200052303;720 925;7;3;2;4;2;1
202200052303;720 931;7;3;2;4;2;1
202200052303;720 938;33;3;2;1;2;1
202200052304;720 924;33;0;0;4;2;1
202200052304;720 932;7;0;0;2;2;1
202200052305;720 916;7;3;0;3;13;1
202200052306;720 918;7;12;2;8;1;1
202200052306;720 923;7;12;2;3;13;1
202200052307;720 917;7;0;0;4;16;1
202200052307;720 920;33;0;2;1;1;1
202200052308;720 913;7;0;1;1;1;1
202200052309;720 914;7;8;9;2;21;3
202200052309;720 919;1;0;2;4;9;5
202200052310;720 915;7;13;0;9;14;1
202200052311;720 910;30;0;2;1;17;1
202200052311;720 912;7;0;2;6;23;1
202200052312;720 907;7;0;2;1;1;1
202200052312;720 908;7;0;2;2;9;1
202200052313;720 906;32;0;2;7;1;1
202200052313;720 909;7;0;2;7;15;1
202200052314;720 903;7;0;2;7;1;1
202200052314;720 911;7;0;2;1;19;1
202200052315;720 902;7;2;0;3;16;1
202200052316;720 901;33;0;1;1;14;1
202200052317;720 899;7;13;0;1;1;1
202200052318;720 898;7;0;2;3;15;1
202200052318;720 904;10;0;2;2;1;1
202200052319;720 896;3;6;0;3;1;1
202200052320;720 895;7;0;1;3;1;1
202200052321;720 890;7;13;0;2;0;1
202200052322;720 891;7;4;2;1;2;1
202200052322;720 897;7;4;2;4;2;1
202200052323;720 892;7;2;0;1;1;1
202200052324;720 886;31;0;2;1;1;1
202200052324;720 894;7;0;2;5;19;1
202200052325;720 888;7;8;0;1;14;1
202200052326;720 883;1;0;2;5;0;5
202200052326;720 889;7;0;2;1;9;1
202200052327;720 882;7;1;0;1;13;1
202200052328;720 878;7;0;0;6;10;2
202200052328;720 885;32;0;2;7;2;1
202200052329;720 877;10;0;2;1;2;1
202200052329;720 881;7;0;2;4;2;1
202200052329;720 887;10;0;2;4;2;1
202200052329;720 893;10;0;2;4;2;1
202200052330;720 874;7;0;2;3;21;1
202200052330;720 880;33;0;2;1;13;1
202200052331;720 876;7;8;0;3;1;1
202200052332;720 872;30;0;0;1;1;1
202200052332;720 884;10;0;0;4;4;1
202200052333;720 868;50;0;0;0;1;3
202200052334;720 867;7;4;0;1;15;0
202200052334;720 875;7;4;0;1;1;1
202200052335;720 864;10;0;2;4;2;1
202200052335;720 869;7;0;2;4;2;1
202200052335;720 873;7;0;2;6;2;1
202200052335;720 879;14;0;2;1;1;1
202200052336;720 865;7;0;2;4;2;2
202200052336;720 870;10;0;2;1;2;1
202200052337;720 862;1;0;2;1;1;5
202200052337;720 871;7;0;2;8;1;1
202200052338;720 861;7;0;2;3;1;2
202200052338;720 866;50;0;2;0;17;3
202200052339;720 858;7;0;2;1;1;1
202200052339;720 863;7;0;2;1;13;1
202200052340;720 857;7;0;1;2;1;1
202200052341;720 856;7;2;9;1;1;1
202200052342;720 851;7;0;2;1;15;1
202200052342;720 860;33;0;2;1;2;1
202200052343;720 848;15;0;2;1;1;1
202200052343;720 853;10;4;2;9;14;1
202200052344;720 854;7;0;1;1;1;2
202200052345;720 846;3;0;2;3;15;1
202200052345;720 849;7;0;2;2;17;1
202200052346;720 839;33;0;2;1;1;1
202200052346;720 844;7;0;0;6;19;1
202200052347;720 838;7;0;2;6;2;1
202200052347;720 845;31;0;2;2;2;1
202200052348;720 842;7;6;0;1;19;1
202200052349;720 837;31;0;2;1;1;1
202200052349;720 843;7;0;2;7;9;2
202200052350;720 836;33;0;2;3;3;1
202200052350;720 840;7;0;2;5;1;1
202200052351;720 833;33;5;0;1;1;1
202200052352;720 847;7;0;0;3;1;1
202200052352;720 855;7;0;2;3;1;1
202200052352;720 859;7;0;2;1;1;1
202200052353;720 828;7;0;1;1;1;1
202200052354;720 832;30;0;2;0;1;1
202200052355;720 841;7;0;2;3;16;1
202200052355;720 850;1;0;2;4;1;5
202200052356;720 826;1;0;2;1;1;5
202200052356;720 835;1;0;2;1;1;5
202200052357;720 824;2;0;2;0;17;1
202200052357;720 829;2;0;2;0;17;1
202200052358;720 822;33;0;2;1;1;1
202200052358;720 825;7;0;2;6;15;1
202200052359;720 823;30;0;2;1;25;1
202200052359;720 827;80;0;2;1;25;3
202200052360;720 820;7;0;2;8;1;1
202200052360;720 831;7;0;2;2;15;1
202200052361;720 816;7;0;1;2;1;0
202200052362;720 810;7;0;2;3;16;1
202200052362;720 817;32;0;2;1;1;1
202200052363;720 814;7;0;2;3;15;1
202200052363;720 821;2;0;2;1;1;1
202200052364;720 812;7;9;0;8;15;1
202200052364;720 818;7;0;0;2;1;1
202200052365;720 806;7;0;2;1;5;1
202200052365;720 811;10;0;2;1;1;1
202200052366;720 807;7;0;2;1;1;1
202200052366;720 815;7;0;2;1;1;1
202200052366;720 819;7;0;2;1;17;1
202200052367;720 804;7;0;1;3;15;1
202200052368;720 805;33;0;2;1;3;1
202200052368;720 809;7;0;2;7;11;1
202200052369;720 801;7;0;2;1;21;1
202200052369;720 808;7;0;2;1;5;1
202200052370;720 802;2;13;0;1;1;1
202200052371;720 799;7;0;1;3;4;2
202200052372;720 795;33;0;2;7;1;1
202200052372;720 803;7;0;2;8;11;0
202200052373;720 792;14;0;1;2;16;1
202200052374;720 793;7;0;2;4;1;1
202200052374;720 796;33;0;2;1;1;1
202200052375;720 794;10;0;2;1;1;1
202200052375;720 797;33;0;2;1;5;1
202200052376;720 790;7;9;0;7;1;1
202200052377;720 791;7;1;0;1;26;1
202200052377;720 800;14;0;2;4;23;1
202200052378;720 789;7;0;2;4;1;1
202200052378;720 798;7;0;2;1;12;2
202200052379;720 788;7;0;0;1;1;1
202200052380;720 784;7;7;0;3;13;1
202200052381;720 783;80;0;2;2;15;3
202200052381;720 787;21;0;0;6;1;1
202200052382;720 782;33;0;0;8;1;1
202200052383;720 780;30;0;2;3;17;1
202200052383;720 785;7;0;2;3;15;1
202200052384;720 777;0;0;1;0;0;0
202200052385;720 774;7;0;2;3;20;1
202200052385;720 781;2;0;2;1;1;1
202200052386;720 775;7;0;2;2;15;0
202200052386;720 786;1;0;2;3;1;5
202200052387;720 773;2;0;2;1;1;1
202200052387;720 778;7;0;0;5;23;1
202200052388;720 769;38;0;0;8;1;1
202200052388;720 779;7;0;2;8;16;1
202200052389;720 767;7;0;2;1;1;1
202200052389;720 770;7;0;2;8;23;1
202200052389;720 776;7;3;1;9;23;1
202200052390;720 768;7;16;2;1;16;1
202200052391;720 761;7;0;2;3;1;1
202200052391;720 765;7;0;2;3;13;1
202200052392;720 762;2;0;0;8;1;1
202200052392;720 771;7;0;2;2;19;1
202200052393;720 758;7;0;2;7;1;1
202200052393;720 766;7;0;2;1;15;1
202200052394;720 759;7;0;2;5;16;1
202200052394;720 764;30;0;2;1;18;1
202200052395;720 754;7;6;2;5;1;1
202200052395;720 760;21;0;2;3;19;1
202200052396;720 755;7;0;2;2;1;1
202200052396;720 763;50;0;2;1;9;3
202200052397;720 756;7;0;1;1;1;1
202200052398;720 750;7;0;2;2;1;1
202200052398;720 757;50;0;2;7;19;3
202200052399;720 752;7;0;1;3;9;1
202200052400;720 747;33;12;0;1;1;1
202200052401;720 744;7;0;2;1;1;1
202200052401;720 751;7;0;2;1;1;1
202200052402;720 743;1;0;1;1;1;5
202200052403;720 737;7;0;0;3;0;1
202200052403;720 742;7;0;0;3;0;1
202200052404;720 734;10;0;2;8;13;1
202200052404;720 740;7;0;2;8;13;1
202200052405;720 732;80;0;2;0;1;3
202200052405;720 735;30;0;2;1;5;1
202200052406;720 729;10;0;1;6;20;1
202200052407;720 726;7;6;0;8;26;1
202200052408;720 724;10;0;9;1;1;1
202200052408;720 733;1;0;2;3;5;5
202200052409;720 725;7;0;2;0;0;1
202200052409;720 730;7;0;2;0;0;1
202200052409;720 738;7;0;2;0;0;1
202200052409;720 745;7;0;2;0;0;1
202200052409;720 749;10;0;2;0;0;1
202200052409;720 753;17;4;2;1;6;1
202200052410;720 720;33;0;0;7;17;1
202200052411;720 719;32;0;2;1;13;1
202200052411;720 727;7;0;2;3;1;1
202200052412;720 718;1;0;2;1;1;5
202200052412;720 723;7;0;2;8;1;1
202200052413;720 717;7;0;2;7;2;1
202200052413;720 721;7;0;2;4;23;1
202200052413;720 728;14;0;2;1;1;1
202200052413;720 731;7;1;0;4;23;1
202200052413;720 739;10;1;0;4;23;1
202200052413;720 748;7;0;2;4;23;1
202200052414;720 715;7;0;2;7;19;1
202200052414;720 722;7;0;2;1;19;1
202200052414;720 736;7;0;2;1;23;1
202200052415;720 709;1;0;2;3;0;5
202200052415;720 714;7;0;2;7;1;1
202200052416;720 706;7;0;2;3;9;1
202200052416;720 713;31;6;2;7;1;1
202200052417;720 712;7;0;2;7;15;1
202200052417;720 716;2;0;2;2;1;1
202200052418;720 707;7;0;1;1;1;1
202200052419;720 704;7;0;2;1;13;1
202200052419;720 710;7;0;2;3;1;1
202200052420;720 703;80;0;2;1;1;3
202200052420;720 708;10;0;2;1;15;1
202200052421;720 701;7;0;2;1;1;1
202200052421;720 705;7;0;0;4;1;1
202200052422;720 695;2;0;2;1;13;1
202200052422;720 699;10;0;2;3;1;1
202200052423;720 696;7;0;2;4;2;1
202200052423;720 711;7;0;2;1;1;1
202200052424;720 692;15;0;2;1;1;1
202200052424;720 698;10;0;2;1;26;1
202200052424;720 700;7;0;2;2;15;1
202200052425;720 697;30;12;0;3;16;1
202200052426;720 694;7;0;2;2;11;1
202200052426;720 702;7;0;2;6;2;1
202200052427;720 688;7;0;2;2;1;1
202200052427;720 693;7;0;2;2;1;1
202200052428;720 687;7;0;2;3;9;2
202200052428;720 691;30;0;2;1;1;1
202200052429;720 686;43;0;2;1;2;1
202200052429;720 690;32;0;2;4;2;1
202200052430;720 682;7;4;0;9;1;1
202200052430;720 689;7;14;2;1;2;1
202200052431;720 680;7;0;2;1;5;1
202200052431;720 685;7;0;2;1;1;1
202200052432;720 678;7;0;2;2;1;1
202200052432;720 683;7;0;2;2;5;1
202200052433;720 679;10;0;0;3;15;1
202200052434;720 681;33;0;0;1;15;0
202200052435;720 675;7;0;2;4;2;1
202200052435;720 684;17;0;2;2;12;1
202200052436;720 668;1;0;2;8;1;5
202200052436;720 674;7;0;2;1;1;2
202200052437;720 671;1;0;2;4;23;5
202200052437;720 676;7;0;2;3;2;1
202200052438;720 664;7;0;2;2;1;1
202200052438;720 670;17;0;0;6;1;1
202200052439;720 660;7;0;2;5;26;1
202200052439;720 666;33;0;2;1;12;1
202200052440;720 663;17;0;2;1;1;0
202200052440;720 667;21;0;2;2;9;1
202200052441;720 658;7;0;2;8;1;2
202200052441;720 669;7;0;2;1;1;1
202200052441;720 672;7;3;2;1;1;1
202200052441;720 677;10;4;0;1;1;1
202200052442;720 656;2;0;2;1;13;3
202200052442;720 661;7;0;2;1;26;1
202200052443;720 654;7;4;0;3;26;1
202200052443;720 659;7;0;2;2;3;1
202200052443;720 665;7;4;0;6;1;1
202200052444;720 653;33;0;2;7;14;1
202200052444;720 662;7;0;2;3;9;1
202200052445;720 657;7;8;0;8;1;1
202200052446;720 652;10;0;2;2;9;1
202200052446;720 655;33;0;2;2;1;1
202200052447;720 650;50;0;1;1;1;3
202200052448;720 648;7;13;9;8;15;1
202200052448;720 651;7;13;2;1;1;1