Num_Acc;id_vehicule;categorie_vehicule;obstacle_fixe;obstacle_mobile;point_choc_initial;manoeuvre_principale;motorisation
202200052449;720 646;30;12;0;1;14;1
202200052450;720 645;7;0;2;3;10;1
202200052450;720 649;30;0;2;1;2;1
202200052451;720 644;7;13;0;1;2;1
202200052452;720 643;30;0;1;7;1;1
202200052453;720 637;7;0;2;1;5;1
202200052453;720 647;7;0;2;1;1;1
202200052454;720 639;7;14;0;0;13;2
202200052455;720 636;7;0;2;1;1;1
202200052455;720 642;7;0;2;4;1;1
202200052456;720 635;15;0;2;1;1;1
202200052456;720 640;7;0;0;4;1;1
202200052457;720 631;7;0;2;3;1;1
202200052457;720 638;32;0;2;1;13;1
202200052458;720 634;7;0;2;1;2;1
202200052458;720 641;2;0;2;1;1;1
202200052459;720 629;10;0;2;6;15;1
202200052459;720 632;32;0;2;1;17;1
202200052460;720 630;7;6;0;1;2;1
202200052461;720 627;7;0;2;6;15;1
202200052461;720 633;33;0;2;1;1;1
202200052462;720 624;7;17;0;1;26;2
202200052463;720 621;7;0;2;5;1;1
202200052463;720 628;7;0;2;1;1;1
202200052464;720 619;7;0;2;3;15;1
202200052464;720 625;2;0;2;1;1;1
202200052465;720 620;10;0;1;3;1;1
202200052466;720 618;7;5;0;1;9;1
202200052467;720 616;31;0;2;1;1;1
202200052467;720 626;10;0;2;3;1;1
202200052468;720 617;10;0;2;1;1;1
202200052468;720 622;7;0;2;1;13;1
202200052469;720 613;7;3;2;0;17;1
202200052469;720 623;7;3;2;1;1;1
202200052470;720 610;36;0;0;0;0;1
202200052471;720 609;7;0;2;2;13;1
202200052471;720 615;1;0;2;1;15;5
202200052472;720 608;7;0;1;1;19;1
202200052473;720 607;1;0;2;1;19;5
202200052473;720 614;7;0;2;2;1;1
202200052474;720 603;7;13;0;1;1;1
202200052475;720 601;7;0;2;2;1;2
202200052475;720 612;1;0;2;1;1;5
202200052476;720 600;7;0;2;4;23;1
202200052476;720 606;7;1;0;8;1;1
202200052477;720 598;7;0;0;9;0;1
202200052478;720 597;7;0;2;3;1;1
202200052478;720 602;7;0;2;1;19;1
202200052479;720 596;34;1;0;2;14;1
202200052480;720 593;7;13;0;3;1;1
202200052481;720 594;7;6;0;8;1;1
202200052482;720 587;7;0;2;7;1;1
202200052482;720 605;7;0;2;1;1;1
202200052483;720 589;7;4;0;1;1;1
202200052484;720 586;7;0;9;2;2;1
202200052484;720 588;1;0;2;4;1;5
202200052485;720 584;15;0;2;4;2;1
202200052485;720 590;15;0;2;4;2;1
202200052485;720 595;15;0;2;4;2;1
202200052485;720 599;15;0;2;4;2;1
202200052485;720 604;15;0;2;4;2;1
202200052485;720 611;15;0;2;1;2;1
202200052486;720 583;10;0;2;2;19;1
202200052486;720 592;7;0;2;3;15;1
202200052487;720 585;7;0;0;7;1;0
202200052487;720 591;7;0;2;1;1;2
202200052488;720 580;43;9;0;1;2;1
202200052489;720 579;7;0;2;1;1;1
202200052489;720 582;7;0;2;1;5;1
202200052490;720 578;7;0;1;4;11;1
202200052491;720 576;10;0;9;1;1;1
202200052491;720 581;1;0;2;7;26;5
202200052492;720 573;7;0;1;1;21;1
202200052493;720 575;7;0;0;0;1;1
202200052494;720 572;10;0;2;3;1;1
202200052494;720 577;2;0;2;1;5;1
202200052495;720 571;33;0;2;1;3;1
202200052495;720 574;33;0;2;4;2;1
202200052496;720 569;33;12;0;7;26;1
202200052497;720 567;7;0;1;1;1;1
202200052498;720 566;50;0;2;7;0;3
202200052498;720 570;7;0;2;3;16;1
202200052499;720 564;7;0;1;1;15;1
202200052500;720 563;7;0;2;0;1;1
202200052500;720 568;7;3;0;1;2;1
202200052501;720 558;7;0;2;4;26;1
202200052501;720 562;7;0;2;3;26;1
202200052502;720 556;7;0;2;5;15;1
202200052502;720 561;33;0;2;1;1;1
202200052503;720 554;7;0;2;1;1;1
202200052503;720 559;7;0;2;1;1;1
202200052504;720 560;7;0;1;3;15;1
202200052505;720 552;7;0;2;4;1;1
202200052505;720 557;7;0;2;1;2;1
202200052506;720 555;7;0;2;6;26;1
202200052506;720 565;33;0;2;1;26;1
202200052507;720 550;7;0;1;2;15;1
202200052508;720 548;7;0;2;2;1;1
202200052508;720 553;7;0;2;3;16;1
202200052509;720 547;7;0;2;1;2;1
202200052509;720 551;7;0;2;4;1;1
202200052510;720 546;40;0;1;2;2;3
202200052511;720 543;7;9;0;1;1;1
202200052512;720 544;7;0;2;1;19;1
202200052512;720 549;1;0;2;1;1;5
202200052513;720 538;7;0;2;4;1;2
202200052513;720 542;43;0;2;1;3;1
202200052514;720 539;7;0;2;6;23;1
202200052514;720 545;7;0;2;2;2;1
202200052515;720 535;7;0;1;1;1;1
202200052516;720 537;7;0;2;3;1;1
202200052516;720 541;10;0;2;3;1;1
202200052517;720 534;31;0;0;4;2;1
202200052517;720 540;2;0;0;1;2;1
202200052518;720 536;7;0;1;2;0;1
202200052519;720 529;33;0;2;1;1;1
202200052519;720 533;7;0;2;4;12;1
202200052520;720 530;7;3;0;1;14;1
202200052521;720 527;50;0;2;1;0;3
202200052521;720 532;10;0;2;2;1;1
202200052522;720 526;7;0;2;1;1;1
202200052522;720 531;7;0;2;1;13;1
202200052523;720 523;30;3;0;1;1;1
202200052524;720 522;7;2;0;3;1;1
202200052525;720 521;14;0;2;6;1;1
202200052525;720 528;10;0;2;2;13;1
202200052526;720 516;7;0;2;5;0;1
202200052526;720 520;30;0;2;7;1;1
202200052526;720 525;10;0;2;7;24;1
202200052527;720 509;10;0;2;1;1;1
202200052527;720 514;7;0;2;4;23;1
202200052527;720 518;7;0;2;4;23;1
202200052527;720 524;10;0;2;4;23;1
202200052528;720 508;7;0;2;3;13;1
202200052528;720 515;7;0;2;3;1;1
202200052529;720 506;7;0;2;1;1;1
202200052529;720 511;7;0;2;1;1;1
202200052529;720 519;7;0;2;1;15;1
202200052530;720 503;1;0;2;1;15;5
202200052530;720 512;10;0;2;2;1;1
202200052531;720 504;7;17;5;2;1;1
202200052532;720 500;33;0;2;1;2;1
202200052532;720 507;10;0;2;4;1;1
202200052533;720 502;7;0;2;2;15;1
202200052533;720 513;7;0;2;1;1;1
202200052534;720 499;7;0;0;2;15;1
202200052534;720 505;30;0;2;1;1;1
202200052535;720 497;7;0;2;0;26;1
202200052535;720 501;34;0;2;1;0;1
202200052536;720 496;33;0;2;4;2;1
202200052536;720 498;7;0;2;1;1;1
202200052536;720 510;7;0;9;1;2;1
202200052536;720 517;15;0;2;6;2;1
202200052537;720 494;7;8;0;0;1;1
202200052538;720 495;10;0;1;2;1;1
202200052539;720 492;7;13;0;2;14;2
202200052540;720 493;7;13;0;7;15;1
202200052541;720 489;7;1;0;0;14;1
202200052542;720 484;7;0;2;1;1;1
202200052542;720 488;7;0;2;1;1;1
202200052543;720 476;7;2;0;1;1;1
202200052544;720 479;31;0;2;1;3;1
202200052544;720 486;7;0;2;5;1;1
202200052544;720 490;7;0;2;3;1;1
202200052545;720 475;7;0;0;0;0;1
202200052546;720 474;2;13;0;0;1;1
202200052546;720 480;7;0;0;0;1;0
202200052547;720 477;7;0;2;0;0;1
202200052547;720 481;7;0;2;0;19;1
202200052548;720 467;32;0;2;1;2;3
202200052548;720 470;7;0;2;4;1;1
202200052549;720 469;7;0;0;4;0;1
202200052549;720 473;33;0;2;2;0;1
202200052549;720 478;7;0;2;1;1;6
202200052549;720 483;7;0;0;4;1;6
202200052550;720 465;33;0;2;1;1;1
202200052550;720 471;7;0;2;3;15;1
202200052551;720 463;7;0;0;0;1;1
202200052552;720 468;7;0;1;8;15;1
202200052553;720 459;7;0;2;2;1;1
202200052553;720 464;7;0;2;1;11;1
202200052554;720 457;2;0;2;1;1;1
202200052554;720 461;10;0;2;3;17;1
202200052555;720 456;1;0;2;8;1;5
202200052555;720 462;7;0;9;1;1;1
202200052556;720 448;7;0;2;4;2;2
202200052556;720 451;7;0;2;1;2;1
202200052556;720 458;10;0;2;1;2;1
202200052557;720 455;17;0;2;5;17;1
202200052557;720 460;7;0;2;2;1;1
202200052558;720 441;1;0;2;7;25;5
202200052558;720 444;10;0;2;1;9;1
202200052559;720 442;10;0;2;4;12;1
202200052559;720 446;33;0;2;1;3;1
202200052559;720 449;7;0;2;5;1;1
202200052560;720 443;7;0;2;3;0;1
202200052560;720 447;34;0;2;1;0;1
202200052561;720 450;7;0;2;2;15;1
202200052561;720 454;80;0;2;8;1;3
202200052562;720 445;7;8;2;1;25;1
202200052563;720 439;33;0;1;1;1;1
202200052564;720 452;7;0;1;3;15;1
202200052565;720 436;7;0;2;1;1;1
202200052565;720 440;7;0;2;1;1;1
202200052565;720 453;30;0;2;1;17;1
202200052566;720 432;7;0;2;0;0;1
202200052566;720 438;31;0;2;1;1;3
202200052567;720 429;34;0;2;1;1;1
202200052567;720 435;7;0;2;8;10;1
202200052568;720 428;33;0;2;1;2;1
202200052568;720 434;7;0;2;4;2;1
202200052569;720 427;10;0;2;3;1;1
202200052569;720 433;10;0;2;2;17;1
202200052570;720 426;7;2;0;3;0;1
202200052571;720 425;7;0;1;2;1;1
202200052572;720 420;7;0;2;1;13;1
202200052572;720 422;7;0;2;3;1;1
202200052573;720 419;7;6;0;3;13;1
202200052574;720 416;7;0;2;4;1;0
202200052574;720 423;7;0;2;1;1;0
202200052575;720 413;7;9;0;1;26;1
202200052576;720 411;31;0;2;8;1;1
202200052576;720 417;10;0;2;2;1;1
202200052576;720 421;10;0;2;3;1;1
202200052576;720 424;7;0;2;4;23;1
202200052576;720 430;7;0;2;1;1;2
202200052577;720 414;34;4;0;8;0;1
202200052578;720 408;15;0;0;0;1;1
202200052578;720 412;7;0;2;1;9;1
202200052579;720 410;7;0;2;8;1;1
202200052579;720 418;7;0;2;1;13;1
202200052580;720 415;7;0;1;3;26;1
202200052581;720 409;7;0;1;1;15;1
202200052582;720 404;33;0;2;3;11;1
202200052582;720 407;7;0;2;5;1;1
202200052583;720 403;7;0;2;3;1;1
202200052583;720 406;34;0;2;1;13;1
202200052584;720 397;7;0;0;4;1;1
202200052584;720 402;10;0;2;7;2;1
202200052585;720 396;7;8;0;1;0;1
202200052586;720 395;7;0;0;0;13;1
202200052587;720 394;7;0;2;1;1;1
202200052587;720 400;7;0;2;4;1;1
202200052588;720 392;7;0;2;3;9;1
202200052588;720 398;2;0;2;1;1;1
202200052589;720 393;2;6;0;1;1;1
202200052590;720 391;21;0;2;1;1;1
202200052590;720 401;7;0;2;3;1;1
202200052591;720 383;7;0;1;2;1;1
202200052592;720 384;7;0;2;3;1;2
202200052592;720 389;7;0;2;3;13;1
202200052593;720 382;7;0;2;0;19;0
202200052593;720 388;7;0;2;6;1;1
202200052593;720 390;33;0;2;7;1;1
202200052594;720 381;10;9;0;1;1;1
202200052595;720 379;7;0;1;0;0;1
202200052596;720 378;10;0;2;1;9;1
202200052596;720 385;33;0;2;2;1;1
202200052597;720 380;7;0;1;8;23;1
202200052598;720 375;3;0;2;1;19;1
202200052598;720 387;33;0;2;8;1;1
202200052599;720 377;7;0;1;3;23;1
202200052600;720 374;17;0;2;1;1;1
202200052600;720 376;7;0;2;4;2;1
202200052600;720 386;7;0;2;4;2;1
202200052601;720 370;7;13;0;1;1;1
202200052602;720 369;60;1;0;1;1;5
202200052602;720 373;7;0;9;3;24;1
202200052603;720 367;7;0;2;5;2;1
202200052603;720 372;31;0;2;1;3;1
202200052604;720 366;99;12;0;0;1;3
202200052605;720 363;7;0;1;1;1;2
202200052606;720 364;7;0;2;7;15;1
202200052606;720 371;7;0;2;1;0;1
202200052607;720 359;7;0;2;8;15;1
202200052607;720 368;33;0;2;2;1;1
202200052608;720 358;7;17;9;1;13;1
202200052608;720 362;1;0;2;1;1;5
202200052609;720 356;7;0;9;1;1;1
202200052609;720 361;7;3;0;1;2;1
202200052610;720 355;7;0;1;2;15;1
202200052611;720 352;10;0;2;4;2;1
202200052611;720 354;10;0;2;1;2;1
202200052612;720 350;7;1;0;3;1;1
202200052612;720 353;7;0;2;4;2;1
202200052612;720 357;7;0;2;1;2;1
202200052613;720 347;37;1;0;7;20;1
202200052614;720 346;33;0;2;1;0;1
202200052614;720 351;7;0;2;6;11;1
202200052615;720 345;7;0;0;9;1;1
202200052616;720 344;7;0;2;4;2;1
202200052616;720 349;7;0;2;1;2;1
202200052617;720 341;7;13;0;1;2;0
202200052618;720 339;7;0;9;1;11;1
202200052618;720 342;1;0;2;4;1;5
202200052619;720 337;20;0;0;2;12;1
202200052619;720 340;7;0;0;6;2;1
202200052620;720 338;7;0;2;4;23;1
202200052620;720 348;7;0;2;1;2;1
202200052621;720 333;7;0;2;3;9;1
202200052621;720 343;7;0;2;2;1;1
202200052622;720 331;7;0;2;1;1;1
202200052622;720 334;7;0;2;4;1;1
202200052623;720 330;33;8;0;1;1;1
202200052624;720 328;7;0;2;1;2;0
202200052624;720 332;7;0;0;4;1;1
202200052625;720 327;7;0;2;7;15;1
202200052625;720 335;30;0;2;1;1;1
202200052626;720 329;33;0;2;8;1;1
202200052626;720 336;7;0;2;1;1;1
202200052627;720 323;7;0;2;2;16;1
202200052627;720 326;32;1;2;1;18;1
202200052628;720 317;7;0;2;1;2;1
202200052628;720 322;7;0;2;4;2;1
202200052628;720 325;7;0;2;4;2;1
202200052629;720 318;7;8;0;3;1;1
202200052630;720 314;33;2;0;9;26;1
202200052631;720 316;33;0;0;0;1;1
202200052632;720 312;7;0;2;5;1;1
202200052632;720 319;7;0;2;3;1;1
202200052632;720 324;7;0;2;5;1;1
202200052633;720 311;30;0;2;1;0;1
202200052633;720 321;7;0;2;1;1;1
202200052634;720 309;2;0;2;8;17;1
202200052634;720 310;7;0;2;8;1;1
202200052634;720 315;7;0;2;8;1;1
202200052635;720 307;7;3;2;1;12;2
202200052635;720 313;7;3;2;4;1;1
202200052636;720 308;30;6;0;2;1;1
202200052637;720 305;7;4;0;3;2;1
202200052638;720 304;7;2;0;2;13;1
202200052639;720 301;33;0;2;1;1;1
202200052640;720 300;7;0;2;8;1;1
202200052640;720 306;33;0;2;3;13;1
202200052641;720 302;1;0;0;0;21;5
202200052642;720 298;7;0;2;2;26;1
202200052642;720 303;7;0;2;1;1;1
202200052643;720 295;7;3;0;1;0;1
202200052644;720 290;1;0;2;1;5;5
202200052644;720 297;3;0;2;1;1;4
202200052645;720 293;33;0;2;1;0;1
202200052645;720 296;3;0;2;4;0;1
202200052645;720 299;7;0;2;1;0;1
202200052646;720 283;7;0;2;3;15;1
202200052646;720 289;34;0;2;1;2;1
202200052647;720 286;7;0;9;4;1;1
202200052647;720 294;10;0;2;2;1;1
202200052648;720 282;7;0;2;2;15;1
202200052648;720 292;2;0;2;1;1;1
202200052649;720 281;7;0;9;2;0;1
202200052649;720 285;1;0;2;7;0;5
202200052650;720 279;10;0;2;8;21;1
202200052650;720 284;7;0;2;3;1;2
202200052650;720 291;7;0;2;9;5;1
202200052651;720 278;80;0;2;8;1;3
202200052651;720 287;33;0;2;1;1;1
202200052652;720 277;33;0;2;1;2;1
202200052652;720 280;7;0;2;7;9;1
202200052653;720 275;7;0;1;4;1;1
202200052654;720 276;7;13;0;2;1;1
202200052655;720 269;7;0;2;2;9;1
202200052655;720 274;7;6;2;2;1;1
202200052656;720 268;7;13;0;3;1;1
202200052657;720 266;7;4;0;9;1;1
202200052658;720 262;7;15;0;1;19;1
202200052659;720 267;10;0;2;3;13;1
202200052659;720 273;7;0;2;2;17;1
202200052660;720 264;33;0;2;1;1;1
202200052660;720 271;7;0;2;7;15;1
202200052661;720 260;1;0;1;0;1;5
202200052662;720 261;1;0;2;1;1;0
202200052662;720 265;7;0;2;2;15;1
202200052663;720 250;7;0;2;1;19;1
202200052663;720 258;33;0;2;8;1;1
202200052664;720 253;7;3;0;1;17;1
202200052665;720 252;7;0;2;1;1;1
202200052665;720 263;7;0;2;3;1;1
202200052665;720 270;7;0;2;3;1;1
202200052666;720 246;32;0;2;2;1;1
202200052666;720 254;7;0;2;3;26;1
202200052667;720 248;10;13;2;1;1;1
202200052667;720 255;7;12;2;1;13;1
202200052668;720 243;7;0;2;3;13;1
202200052668;720 251;7;0;2;3;1;0
202200052669;720 242;7;0;2;1;1;1
202200052669;720 247;7;0;2;1;1;1
202200052669;720 257;7;0;2;4;17;1
202200052670;720 240;7;0;2;1;15;1
202200052670;720 245;32;0;2;1;1;1
202200052671;720 237;7;3;6;1;1;1
202200052672;720 236;33;15;0;0;14;1
202200052673;720 234;30;0;1;1;19;1
202200052674;720 233;15;4;0;9;2;1
202200052675;720 232;7;0;2;2;0;1
202200052675;720 238;7;0;2;4;0;1
202200052675;720 241;7;0;2;4;0;1
202200052675;720 249;7;0;2;1;1;1
202200052675;720 256;10;0;2;4;0;1
202200052675;720 259;7;0;2;4;0;1
202200052675;720 272;33;0;2;4;0;1
202200052676;720 227;1;0;0;0;1;5
202200052677;720 228;7;0;2;1;13;1
202200052677;720 235;7;0;2;1;1;1
202200052678;720 229;33;9;0;0;1;1
202200052679;720 226;10;0;2;5;15;1
202200052679;720 231;2;0;2;1;1;1
202200052680;720 225;7;0;2;6;2;1
202200052680;720 230;32;0;2;1;2;1
202200052681;720 222;7;8;0;3;0;1
202200052682;720 220;7;0;1;4;4;1
202200052683;720 218;30;0;2;3;1;1
202200052683;720 224;7;0;2;1;1;1
202200052684;720 223;7;0;1;2;1;1
202200052685;720 216;33;0;2;2;17;1
202200052685;720 221;33;0;2;8;21;1
202200052686;720 215;7;15;0;1;1;1
202200052687;720 214;7;0;1;3;1;1
202200052688;720 213;7;0;2;1;1;1
202200052688;720 217;60;0;2;8;19;5
202200052689;720 212;31;0;2;1;1;1
202200052689;720 219;7;0;2;4;1;1
202200052690;720 210;7;0;1;1;17;1
202200052691;720 208;7;0;1;3;1;1
202200052692;720 207;1;0;0;0;1;5
202200052693;720 205;7;0;2;2;12;1
202200052693;720 211;33;0;2;8;3;1
202200052694;720 203;33;0;0;8;10;1
202200052694;720 206;7;0;0;3;1;1
202200052695;720 201;30;0;2;7;14;1
202200052695;720 209;7;0;2;1;9;1
202200052696;720 200;7;0;1;4;25;1
202200052697;720 196;7;0;0;4;23;1
202200052697;720 204;7;1;2;1;2;1
202200052698;720 195;7;17;0;9;0;1
202200052699;720 189;7;0;2;6;15;1
202200052699;720 198;33;0;2;1;17;1
202200052700;720 191;7;0;2;1;16;1
202200052700;720 202;1;0;2;3;0;5
202200052701;720 190;99;0;2;1;9;0
202200052701;720 199;7;0;2;3;9;1
202200052702;720 188;10;0;2;7;19;1
202200052702;720 193;2;0;2;1;1;1
202200052703;720 194;10;0;2;8;0;1
202200052703;720 197;37;0;2;3;0;1
202200052704;720 182;33;0;2;8;1;1
202200052704;720 186;7;0;2;1;16;1
202200052705;720 183;1;0;2;1;1;5
202200052705;720 187;7;0;2;6;20;1
202200052706;720 184;7;0;2;4;2;1
202200052706;720 192;10;0;2;3;2;1
202200052707;720 181;7;0;1;8;15;1
202200052708;720 178;7;0;1;2;1;1
202200052709;720 179;7;0;2;1;5;1
202200052709;720 185;7;0;2;1;1;1
202200052710;720 175;7;0;1;2;0;1
202200052711;720 176;7;12;0;1;19;1
202200052712;720 177;7;0;2;2;15;1
202200052712;720 180;33;0;2;3;1;1
202200052713;720 170;30;0;2;8;0;1
202200052713;720 173;7;0;2;7;14;1
202200052714;720 168;34;0;2;3;3;1
202200052714;720 174;7;0;2;7;12;1
202200052715;720 164;7;0;2;7;17;1
202200052715;720 171;1;0;2;8;1;5
202200052716;720 165;33;0;2;3;3;1
202200052716;720 172;7;0;2;2;14;1
202200052717;720 163;7;0;2;3;13;1
202200052717;720 167;17;0;2;3;1;1
202200052718;720 160;7;10;0;1;1;1
202200052719;720 161;7;0;2;1;19;1
202200052719;720 169;7;0;2;8;19;1
202200052720;720 158;2;0;2;8;26;1
202200052720;720 162;7;0;2;2;15;1
202200052721;720 156;30;0;0;1;1;1
202200052722;720 154;7;8;0;3;13;1
202200052723;720 155;7;0;1;2;1;1
202200052724;720 152;7;0;0;5;2;1
202200052724;720 157;30;0;2;1;2;1
202200052725;720 150;7;0;2;8;1;1
202200052725;720 153;7;0;2;5;12;1
202200052726;720 147;7;6;0;3;11;1
202200052727;720 148;7;12;2;1;0;1
202200052727;720 159;7;0;2;6;1;1
202200052727;720 166;7;0;2;1;15;1
202200052728;720 146;7;0;1;1;26;1
202200052729;720 144;34;0;2;7;1;1
202200052729;720 149;7;0;2;8;1;1
202200052729;720 151;14;0;2;2;12;1
202200052730;720 142;33;1;0;4;0;1
202200052731;720 139;7;0;2;2;9;2
202200052731;720 143;1;0;0;0;0;5
202200052732;720 140;7;4;0;1;0;1
202200052733;720 138;7;0;1;1;1;1
202200052734;720 137;7;0;2;3;1;1
202200052734;720 145;21;0;2;6;0;1
202200052735;720 136;7;0;2;0;1;1
202200052735;720 141;1;0;2;7;19;5
202200052736;720 131;7;13;0;1;1;1
202200052737;720 127;2;0;2;1;1;1
202200052737;720 132;7;0;2;7;15;1
202200052738;720 126;7;0;2;2;19;1
202200052738;720 135;10;0;2;3;1;1
202200052739;720 125;50;0;1;1;1;3
202200052740;720 123;1;0;2;0;0;5
202200052740;720 128;7;0;2;0;0;2
202200052741;720 121;7;0;2;1;1;2
202200052741;720 134;7;0;2;1;5;1
202200052742;720 119;10;0;0;2;0;1
202200052742;720 130;30;0;2;1;19;1
202200052743;720 118;7;0;2;4;1;1
202200052743;720 124;33;0;2;8;1;1
202200052743;720 129;7;0;2;7;26;1
202200052744;720 117;33;0;2;1;15;1
202200052744;720 122;33;0;2;0;15;1
202200052745;720 114;33;5;0;8;5;1
202200052746;720 111;7;0;9;2;15;1
202200052746;720 115;1;0;2;1;1;5
202200052747;720 110;31;0;2;1;2;1
202200052747;720 113;33;0;2;4;2;1
202200052748;720 109;50;0;2;0;1;3
202200052748;720 116;7;0;2;3;15;0
202200052749;720 104;10;4;0;9;1;1
202200052750;720 105;7;0;1;2;2;1
202200052751;720 106;7;2;0;1;1;1
202200052752;720 103;2;0;2;1;15;1
202200052752;720 112;7;0;2;2;1;1
202200052753;720 101;7;0;1;2;21;1
202200052754;720 102;17;6;0;1;1;1
202200052754;720 108;17;0;2;6;23;1
202200052755;720 100;7;0;2;3;0;1
202200052755;720 107;7;0;2;2;19;0
202200052756;720 092;50;0;2;1;13;3
202200052756;720 097;7;0;2;1;1;1
202200052757;720 094;33;0;2;1;1;1
202200052757;720 099;7;0;2;3;15;1
202200052758;720 093;14;0;1;1;16;1
202200052759;720 087;7;0;2;3;2;0
202200052759;720 096;32;0;2;1;1;1
202200052760;720 086;7;11;0;1;6;1
202200052761;720 088;10;0;2;1;1;1
202200052761;720 098;7;0;2;8;2;1
202200052762;720 085;17;0;2;4;2;1
202200052762;720 090;7;0;2;1;1;1
202200052763;720 084;10;0;2;2;2;1
202200052763;720 095;17;0;2;6;2;1
202200052764;720 082;30;0;2;6;1;1
202200052764;720 089;7;0;2;3;16;1
202200052765;720 083;7;0;2;5;1;1
202200052765;720 091;50;0;2;1;25;3
202200052766;720 079;33;0;0;7;1;1
202200052767;720 080;3;0;0;9;15;1
202200052768;720 076;7;2;0;4;2;1
202200052769;720 077;7;0;2;0;0;1
202200052769;720 081;60;0;2;0;0;5
202200052770;720 073;7;1;1;2;1;1
202200052771;720 072;7;0;2;1;5;1
202200052771;720 075;7;0;2;1;1;1
202200052772;720 070;7;15;0;8;1;1
202200052772;720 078;7;0;2;1;1;1
202200052773;720 071;37;0;2;6;24;1
202200052773;720 074;7;1;0;1;2;1
202200052774;720 069;2;1;0;1;13;1
202200052775;720 065;31;0;0;7;21;1
202200052776;720 066;10;0;1;3;1;1
202200052777;720 064;7;0;2;5;21;1
202200052777;720 067;33;0;2;3;1;1
202200052778;720 061;30;0;2;1;1;1
202200052778;720 068;7;0;2;3;26;1
202200052779;720 060;7;13;0;2;1;1
202200052780;720 057;7;0;2;4;23;1
202200052780;720 063;7;0;2;1;2;1
202200052781;720 056;36;6;0;3;2;1
202200052782;720 054;7;0;2;1;2;1
202200052782;720 062;7;0;2;4;2;1
202200052783;720 051;7;0;2;3;1;2
202200052783;720 058;50;0;2;1;19;3
202200052784;720 049;7;0;2;1;9;1
202200052784;720 059;33;0;2;7;1;1
202200052785;720 047;15;11;0;1;14;1
202200052786;720 046;10;0;2;2;1;1
202200052786;720 055;2;0;2;1;1;1
202200052787;720 048;7;0;2;1;1;1
202200052787;720 053;14;5;2;4;15;6
202200052788;720 043;33;8;0;3;1;1
202200052789;720 042;7;0;2;1;1;1
202200052789;720 052;33;0;2;1;1;1
202200052790;720 045;7;0;1;3;15;3
202200052791;720 038;7;0;2;5;2;1
202200052791;720 041;31;0;2;1;2;1
202200052792;720 037;7;1;0;3;13;1
202200052793;720 039;7;0;2;3;1;1
202200052793;720 044;7;0;2;3;1;1
202200052793;720 050;32;0;2;1;17;1
202200052794;720 036;7;0;2;8;1;1
202200052794;720 040;99;15;0;7;5;0
202200052795;720 027;33;0;2;1;1;1
202200052795;720 033;21;0;2;6;1;1
202200052796;720 023;31;0;2;1;1;1
202200052796;720 031;7;0;0;7;15;1
202200052797;720 022;1;0;2;1;9;5
202200052797;720 030;7;0;2;2;9;1
202200052798;720 021;7;0;2;4;2;1
202200052798;720 024;10;0;2;4;2;1
202200052798;720 032;10;0;2;1;2;1
202200052799;720 020;7;15;0;1;14;1
202200052800;720 016;1;0;0;2;1;5
202200052800;720 029;7;0;2;0;9;1
202200052801;720 017;7;0;2;8;1;1
202200052801;720 028;7;0;2;1;1;1
202200052802;720 018;7;0;2;4;2;2
202200052802;720 026;7;0;2;1;2;1
202200052803;720 015;31;0;2;1;2;1
202200052803;720 019;10;0;0;7;16;1
202200052804;720 014;1;0;0;0;1;5
202200052805;720 011;33;0;0;7;26;1
202200052806;720 008;7;0;2;3;9;1
202200052806;720 013;32;0;2;7;1;1
202200052807;720 007;33;0;2;8;23;1
202200052807;720 012;33;3;2;1;1;1
202200052808;720 003;7;13;0;8;0;1
202200052809;720 001;1;0;0;0;0;5
202200052809;720 009;2;0;9;7;1;1
202200052810;720 006;7;4;0;1;21;1
202200052811;719 999;1;0;2;1;1;5
202200052811;720 004;7;0;2;1;16;1
202200052812;719 994;1;0;2;1;19;5
202200052812;720 002;7;0;2;3;9;1
202200052813;719 992;43;0;2;3;1;1
202200052813;719 998;7;0;2;2;12;1
202200052814;719 988;37;0;0;0;1;1
202200052815;719 990;7;0;2;8;20;1
202200052815;719 997;32;0;2;1;1;1
202200052816;719 985;7;0;2;3;13;1
202200052816;719 995;7;0;2;3;21;1
202200052817;719 987;2;0;2;3;9;1
202200052817;719 996;7;0;2;2;1;1
202200052818;719 984;7;6;1;1;26;1
202200052819;719 981;36;0;2;2;1;1
202200052819;719 989;7;0;2;3;1;1
202200052820;719 980;7;0;2;2;16;1
202200052820;719 986;33;0;2;3;3;1
202200052820;719 991;10;0;2;4;2;1
202200052821;719 982;7;1;0;3;13;1
202200052822;719 978;2;7;0;1;2;1
202200052823;719 979;10;0;2;1;14;1
202200052823;719 983;7;0;2;6;1;1
202200052824;719 974;7;0;2;1;11;1
202200052824;719 977;31;0;2;1;1;1
202200052825;719 972;7;0;1;3;15;1
202200052826;719 975;7;0;1;1;9;1
202200052827;719 971;7;0;0;9;1;1
202200052828;719 968;7;1;1;3;1;0
202200052829;719 964;7;0;2;0;0;1
202200052829;719 973;33;0;2;0;26;1
202200052830;719 967;7;0;2;8;19;1
202200052830;719 970;34;0;2;1;0;1
202200052831;719 956;7;0;2;1;13;1
202200052831;719 961;10;0;2;1;2;1
202200052832;719 963;1;0;2;0;0;5
202200052832;719 965;7;0;2;1;1;1
202200052833;719 952;7;0;2;1;2;1
202200052833;719 960;7;0;2;3;1;1
202200052833;719 966;10;0;2;1;13;1
202200052834;719 953;7;4;0;3;1;1
202200052835;719 954;7;0;2;1;1;1
202200052835;719 958;7;0;2;1;15;1
202200052836;719 949;33;0;2;7;15;1
202200052836;719 957;7;0;2;3;1;1
202200052837;719 948;7;0;2;2;15;1
202200052837;719 955;34;0;2;3;19;0
202200052838;719 946;7;0;2;3;19;1
202200052838;719 951;2;0;2;2;19;1
202200052839;719 943;7;0;2;2;17;1