Num_Acc;id_vehicule;categorie_vehicule;obstacle_fixe;obstacle_mobile;point_choc_initial;manoeuvre_principale;motorisation
202200052839;719 947;1;0;2;4;13;5
202200052840;719 940;15;0;2;2;1;1
202200052840;719 945;7;6;0;8;16;1
202200052841;719 944;7;0;0;4;1;1
202200052841;719 950;7;0;2;1;2;1
202200052842;719 939;7;3;0;2;1;1
202200052843;719 935;7;0;2;2;1;1
202200052843;719 941;7;0;2;6;11;1
202200052844;719 934;7;0;0;0;0;1
202200052844;719 936;2;0;2;3;15;1
202200052845;719 933;32;0;2;1;0;1
202200052845;719 937;42;0;5;5;26;1
202200052846;719 932;33;0;0;8;20;1
202200052847;719 930;7;2;0;3;1;1
202200052848;719 931;80;0;2;1;1;3
202200052848;719 942;33;0;2;3;1;1
202200052849;719 928;7;0;0;9;17;1
202200052850;719 929;1;0;2;1;1;5
202200052850;719 938;7;0;2;3;0;1
202200052851;719 923;7;3;2;3;1;1
202200052851;719 926;7;0;2;3;13;1
202200052852;719 918;7;0;1;1;15;1
202200052853;719 917;7;0;2;4;2;1
202200052853;719 925;7;0;2;1;1;1
202200052854;719 913;7;8;0;2;1;1
202200052855;719 909;7;0;2;1;1;1
202200052855;719 919;7;0;2;1;17;0
202200052856;719 912;7;0;1;1;1;1
202200052857;719 908;7;0;2;1;1;1
202200052857;719 910;7;0;2;1;1;1
202200052857;719 914;7;0;2;2;1;1
202200052857;719 920;7;0;2;8;1;1
202200052857;719 924;7;4;2;9;1;1
202200052858;719 907;7;3;0;0;0;1
202200052859;719 906;7;0;2;1;0;1
202200052859;719 911;3;0;2;1;0;1
202200052860;719 905;7;1;1;1;14;1
202200052861;719 903;33;4;0;8;11;1
202200052862;719 902;7;1;0;2;1;1
202200052863;719 901;33;0;5;1;1;1
202200052864;719 900;7;0;2;2;1;1
202200052864;719 904;15;0;2;3;1;1
202200052865;719 897;7;0;1;1;1;1
202200052866;719 895;15;3;0;7;1;1
202200052867;719 893;7;0;0;7;1;1
202200052867;719 898;1;12;2;0;26;5
202200052868;719 892;7;0;2;5;1;1
202200052868;719 916;7;0;2;2;9;1
202200052869;719 890;7;0;2;2;5;1
202200052869;719 894;7;0;2;2;1;1
202200052870;719 891;1;0;2;1;1;5
202200052870;719 899;7;0;2;3;15;1
202200052871;719 889;33;0;0;1;1;1
202200052872;719 888;7;6;0;3;1;1
202200052873;719 885;2;8;0;1;0;1
202200052874;719 887;2;0;2;1;0;0
202200052874;719 896;7;0;2;0;0;0
202200052875;719 886;7;0;1;3;1;1
202200052876;719 882;7;13;0;9;0;1
202200052877;719 880;7;3;0;9;1;1
202200052878;719 878;7;3;0;6;1;1
202200052878;719 883;14;0;2;2;2;1
202200052879;719 881;7;0;1;1;15;1
202200052880;719 879;7;0;2;3;9;1
202200052880;719 884;33;0;2;8;1;1
202200052881;719 877;7;8;0;1;1;1
202200052882;719 875;1;0;1;1;1;5
202200052883;719 871;7;0;0;8;23;1
202200052883;719 876;7;1;2;3;14;1
202200052884;719 868;7;0;2;2;15;1
202200052884;719 874;30;0;2;1;1;1
202200052885;719 867;10;0;2;2;1;1
202200052885;719 872;7;0;2;3;1;1
202200052886;719 866;7;0;1;4;4;1
202200052887;719 864;7;0;1;1;1;1
202200052888;719 865;7;4;0;3;0;1
202200052889;719 861;7;0;2;6;1;1
202200052889;719 869;7;0;2;2;1;1
202200052890;719 860;7;0;0;4;1;1
202200052890;719 863;7;0;2;1;1;1
202200052890;719 870;7;0;2;1;1;1
202200052891;719 859;7;0;1;0;1;1
202200052892;719 858;7;0;2;1;1;1
202200052892;719 873;7;0;2;4;1;1
202200052893;719 856;15;0;2;3;16;1
202200052893;719 862;1;0;2;1;0;5
202200052894;719 851;30;0;2;1;17;1
202200052894;719 857;7;0;2;3;1;1
202200052895;719 845;7;0;2;1;17;1
202200052895;719 855;1;0;2;8;1;5
202200052896;719 844;7;0;1;1;2;1
202200052896;719 853;7;0;2;1;1;1
202200052897;719 847;32;0;2;8;18;1
202200052897;719 852;7;0;2;0;1;1
202200052898;719 842;10;0;2;1;2;1
202200052898;719 850;7;0;2;4;2;1
202200052898;719 854;7;0;2;4;2;1
202200052899;719 841;15;0;1;2;1;1
202200052900;719 838;7;0;2;1;9;1
202200052900;719 848;2;0;2;1;2;1
202200052901;719 840;50;0;2;1;17;3
202200052901;719 843;7;0;9;8;15;1
202200052902;719 832;7;0;2;4;23;0
202200052902;719 836;7;0;2;1;2;0
202200052902;719 839;7;0;2;1;2;0
202200052903;719 837;33;0;2;6;3;1
202200052903;719 846;7;0;2;6;11;1
202200052904;719 833;7;0;1;0;0;0
202200052905;719 831;7;0;1;7;9;0
202200052906;719 829;30;0;2;2;1;1
202200052906;719 835;10;0;2;3;9;1
202200052907;719 834;7;0;0;1;19;1
202200052907;719 849;7;0;0;5;19;1
202200052908;719 827;7;0;2;3;13;1
202200052908;719 828;7;0;2;3;1;1
202200052909;719 825;1;0;2;5;19;5
202200052909;719 830;7;0;2;3;12;3
202200052910;719 820;10;0;2;0;0;1
202200052910;719 824;1;0;2;0;0;5
202200052911;719 822;7;8;0;1;1;1
202200052912;719 818;7;0;2;3;9;1
202200052912;719 823;31;0;2;7;26;1
202200052913;719 815;7;0;2;8;13;1
202200052913;719 821;7;0;2;1;2;1
202200052914;719 816;7;4;0;4;23;1
202200052914;719 826;7;0;2;1;1;1
202200052915;719 813;7;0;2;1;1;1
202200052915;719 819;7;0;2;1;1;1
202200052916;719 812;33;0;2;7;0;1
202200052916;719 817;7;0;2;1;0;1
202200052917;719 809;7;0;1;3;15;0
202200052918;719 805;7;0;2;1;19;1
202200052918;719 811;7;0;2;5;1;1
202200052919;719 803;30;0;2;7;9;1
202200052919;719 808;7;0;2;3;13;1
202200052920;719 804;7;0;1;1;1;1
202200052921;719 800;10;0;2;8;15;1
202200052921;719 810;31;0;2;0;0;0
202200052922;719 798;7;0;1;1;1;1
202200052923;719 797;33;0;2;1;1;1
202200052923;719 802;7;0;2;3;15;1
202200052924;719 795;7;0;2;1;15;1
202200052924;719 801;7;0;2;1;1;1
202200052925;719 796;7;0;2;4;1;1
202200052925;719 807;10;0;2;1;1;1
202200052926;719 794;3;1;0;1;1;1
202200052927;719 792;10;0;2;1;2;1
202200052927;719 799;7;0;2;4;1;1
202200052927;719 806;7;0;2;4;1;1
202200052928;719 789;7;0;0;4;2;1
202200052928;719 793;10;0;2;1;2;1
202200052929;719 785;30;0;2;1;14;1
202200052929;719 791;7;0;2;5;10;1
202200052930;719 784;7;0;2;5;15;1
202200052930;719 790;10;0;2;1;2;1
202200052931;719 783;21;1;0;8;15;1
202200052931;719 786;33;0;9;1;17;1
202200052932;719 781;7;0;2;3;9;1
202200052932;719 788;2;0;2;7;1;1
202200052933;719 780;10;0;1;0;0;1
202200052934;719 778;7;6;0;1;1;1
202200052935;719 779;33;0;2;6;3;1
202200052936;719 774;7;0;2;5;10;1
202200052936;719 777;2;0;2;1;1;1
202200052937;719 775;7;4;0;1;1;1
202200052938;719 773;2;13;0;2;1;1
202200052939;719 768;7;0;2;3;1;1
202200052939;719 776;7;0;2;3;15;1
202200052940;719 770;7;0;1;1;1;1
202200052941;719 765;7;0;2;1;1;1
202200052941;719 769;7;0;2;1;13;1
202200052942;719 763;7;16;0;3;9;1
202200052942;719 772;50;16;0;1;0;3
202200052943;719 766;7;0;2;3;15;1
202200052943;719 771;1;0;2;1;2;0
202200052944;719 762;7;;0;1;0;1
202200052945;719 760;7;15;0;1;17;1
202200052946;719 759;50;0;2;1;19;3
202200052946;719 767;7;0;2;2;1;1
202200052947;719 757;7;0;0;4;1;1
202200052947;719 761;7;0;0;4;1;1
202200052948;719 756;7;0;2;1;12;1
202200052948;719 764;7;0;2;4;1;1
202200052949;719 752;7;0;2;2;15;1
202200052949;719 758;33;0;2;1;1;1
202200052950;719 748;7;0;2;2;15;1
202200052950;719 753;33;0;2;1;1;1
202200052951;719 747;1;0;2;1;25;5
202200052951;719 755;1;0;2;1;1;5
202200052952;719 749;7;0;0;4;2;1
202200052952;719 754;31;0;2;1;2;1
202200052953;719 746;7;0;0;1;1;1
202200052954;719 743;10;0;2;2;15;1
202200052954;719 750;33;0;2;1;1;1
202200052955;719 741;7;0;2;5;1;1
202200052955;719 745;33;0;2;1;3;1
202200052956;719 740;1;0;2;8;1;5
202200052956;719 744;7;0;2;1;13;0
202200052957;719 736;7;0;0;2;1;1
202200052958;719 735;7;0;2;2;13;1
202200052958;719 739;2;0;2;7;1;1
202200052959;719 734;7;0;2;2;0;1
202200052959;719 742;7;0;2;1;15;1
202200052960;719 733;7;0;2;3;0;1
202200052960;719 738;7;0;2;6;0;1
202200052960;719 751;7;3;2;2;0;1
202200052961;719 732;50;0;2;7;1;3
202200052961;719 737;7;0;2;2;16;1
202200052962;719 729;10;0;1;1;15;1
202200052963;719 727;32;0;2;1;18;1
202200052963;719 731;7;0;2;1;15;1
202200052964;719 728;33;15;0;1;1;1
202200052965;719 724;7;0;2;1;1;1
202200052965;719 730;7;0;2;1;1;1
202200052966;719 723;33;0;2;1;1;1
202200052966;719 726;7;0;2;2;1;1
202200052967;719 719;7;0;2;5;1;1
202200052967;719 722;33;0;2;1;1;1
202200052968;719 717;7;1;0;6;0;1
202200052969;719 718;7;0;2;4;12;1
202200052969;719 725;7;0;2;1;1;1
202200052970;719 714;7;0;2;1;1;1
202200052970;719 720;7;0;2;1;5;1
202200052971;719 715;7;0;2;4;12;1
202200052971;719 721;33;0;2;3;3;1
202200052972;719 712;7;2;0;7;21;1
202200052973;719 711;33;2;0;1;1;1
202200052974;719 713;7;0;1;3;1;1
202200052975;719 709;2;0;0;3;1;1
202200052976;719 708;7;0;1;8;1;1
202200052977;719 706;30;0;2;6;1;1
202200052977;719 710;30;0;2;1;1;1
202200052978;719 702;37;0;2;1;1;4
202200052978;719 716;1;0;0;0;1;5
202200052979;719 698;7;0;0;1;1;1
202200052980;719 700;7;0;2;0;0;1
202200052980;719 705;7;0;2;0;0;1
202200052981;719 701;31;0;6;1;1;1
202200052982;719 696;7;0;2;7;14;1
202200052982;719 703;7;0;2;8;18;1
202200052983;719 695;7;13;0;3;16;1
202200052984;719 691;30;0;2;2;17;1
202200052984;719 694;7;0;2;0;0;0
202200052985;719 687;7;0;1;1;1;1
202200052986;719 689;33;0;2;1;1;1
202200052986;719 697;10;0;2;8;15;1
202200052987;719 686;7;0;2;3;15;1
202200052987;719 692;30;0;2;7;17;3
202200052988;719 685;7;0;2;1;1;1
202200052988;719 690;15;0;0;7;9;1
202200052989;719 683;2;0;0;2;0;1
202200052990;719 682;32;0;0;8;17;1
202200052991;719 681;7;0;2;1;12;1
202200052991;719 688;33;0;2;1;3;1
202200052991;719 693;7;0;2;4;1;1
202200052991;719 699;7;0;2;4;0;1
202200052991;719 704;7;0;2;4;1;1
202200052991;719 707;7;0;2;4;1;1
202200052992;719 677;10;0;2;1;1;1
202200052992;719 680;7;0;2;1;1;1
202200052992;719 684;7;0;2;1;15;1
202200052993;719 676;7;0;2;1;1;1
202200052993;719 679;7;0;2;2;15;1
202200052994;719 672;33;11;2;2;1;1
202200052995;719 670;32;0;2;5;1;1
202200052995;719 674;7;0;2;5;20;1
202200052996;719 669;7;0;2;2;2;0
202200052996;719 678;7;0;2;3;2;0
202200052997;719 666;7;0;1;1;1;1
202200052998;719 667;33;2;0;1;1;1
202200052999;719 665;30;0;2;1;15;1
202200052999;719 671;7;0;2;1;1;1
202200053000;719 663;7;0;2;6;2;1
202200053000;719 664;7;0;2;2;2;1
202200053001;719 662;7;0;2;8;1;1
202200053001;719 673;7;0;2;1;19;1
202200053002;719 657;7;0;2;1;16;1
202200053002;719 660;33;0;2;1;1;1
202200053003;719 659;7;0;2;3;19;1
202200053003;719 675;7;0;2;1;1;1
202200053004;719 652;7;0;2;9;1;1
202200053004;719 656;7;0;2;1;17;1
202200053005;719 654;7;0;2;3;19;1
202200053005;719 661;33;0;2;1;17;1
202200053006;719 653;80;6;0;1;15;3
202200053007;719 651;33;0;2;0;10;1
202200053007;719 655;7;0;2;1;1;1
202200053008;719 649;7;0;1;1;26;1
202200053009;719 647;3;1;0;1;13;1
202200053010;719 646;7;0;2;8;15;1
202200053010;719 650;33;0;2;2;17;1
202200053011;719 643;1;0;1;1;1;5
202200053012;719 642;7;3;0;1;1;1
202200053013;719 640;33;0;0;8;14;1
202200053014;719 639;7;0;2;1;2;1
202200053014;719 644;32;14;2;7;1;1
202200053015;719 632;7;0;2;3;5;1
202200053015;719 636;2;0;2;1;1;1
202200053016;719 634;33;0;2;8;1;1
202200053016;719 638;7;0;2;1;1;1
202200053017;719 635;7;0;1;1;1;1
202200053018;719 628;33;0;2;1;17;1
202200053018;719 633;7;0;2;8;15;1
202200053019;719 629;7;0;2;4;23;1
202200053019;719 641;7;0;2;1;2;1
202200053019;719 648;7;0;2;4;2;1
202200053019;719 658;7;0;2;4;23;1
202200053019;719 668;7;0;2;4;23;1
202200053020;719 631;7;0;2;1;2;1
202200053020;719 637;37;0;2;4;2;1
202200053020;719 645;7;0;2;1;1;2
202200053021;719 626;50;0;2;1;19;3
202200053021;719 630;7;0;9;6;1;1
202200053022;719 627;10;0;1;5;16;1
202200053023;719 624;7;0;0;1;1;1
202200053024;719 623;10;4;0;1;1;0
202200053025;719 622;7;0;2;1;2;1
202200053025;719 625;1;0;2;1;19;5
202200053026;719 618;7;0;2;2;9;1
202200053027;719 619;7;0;0;0;2;1
202200053028;719 620;33;11;0;1;18;1
202200053029;719 617;33;0;2;7;1;1
202200053029;719 621;7;0;2;1;9;0
202200053030;719 611;2;0;2;1;1;1
202200053030;719 614;7;0;2;3;20;1
202200053031;719 609;7;0;2;1;2;1
202200053031;719 613;7;0;2;4;2;3
202200053031;719 616;10;0;2;4;2;1
202200053032;719 608;7;0;1;1;1;1
202200053033;719 607;7;0;0;1;13;1
202200053034;719 605;33;0;1;1;26;0
202200053035;719 599;33;0;2;5;1;1
202200053035;719 606;7;0;2;1;9;0
202200053036;719 598;7;0;0;0;0;0
202200053036;719 601;1;0;2;4;2;5
202200053037;719 597;7;0;2;3;15;1
202200053037;719 603;2;0;2;2;1;1
202200053038;719 596;33;0;2;1;1;1
202200053038;719 604;7;0;2;6;9;1
202200053039;719 595;7;1;0;1;26;1
202200053039;719 602;7;0;2;6;23;1
202200053040;719 593;33;0;0;1;1;1
202200053041;719 591;7;0;0;4;23;1
202200053041;719 594;7;14;0;4;23;1
202200053041;719 600;7;14;0;4;23;1
202200053041;719 610;7;14;0;1;1;1
202200053042;719 587;43;0;2;8;1;1
202200053042;719 592;7;0;2;7;12;1
202200053043;719 586;7;1;0;1;15;1
202200053043;719 590;33;0;2;2;1;1
202200053044;719 585;10;0;2;2;2;1
202200053044;719 588;1;0;2;4;1;5
202200053045;719 584;7;4;0;1;11;1
202200053046;719 582;10;0;1;1;16;1
202200053047;719 583;7;0;2;4;15;2
202200053047;719 589;7;0;2;1;1;1
202200053048;719 578;7;0;2;1;26;1
202200053048;719 581;50;0;2;0;1;3
202200053049;719 580;7;0;1;2;1;1
202200053050;719 576;7;0;2;7;16;1
202200053050;719 579;1;0;2;1;19;5
202200053051;719 572;10;0;2;2;16;1
202200053051;719 574;30;0;2;1;7;1
202200053052;719 569;7;0;0;6;26;1
202200053052;719 573;31;1;0;2;1;1
202200053053;719 568;33;0;0;0;26;1
202200053054;719 570;14;0;2;1;16;1
202200053054;719 577;1;0;2;4;0;5
202200053055;719 566;7;0;2;4;23;1
202200053055;719 571;7;0;2;4;23;1
202200053055;719 575;7;0;2;1;2;1
202200053056;719 567;7;0;1;0;1;1
202200053057;719 564;7;0;1;4;4;1
202200053058;719 560;7;0;2;1;13;1
202200053058;719 565;7;0;2;1;0;1
202200053059;719 557;33;0;2;1;13;1
202200053059;719 563;7;0;2;1;1;1
202200053060;719 556;7;1;0;7;1;2
202200053060;719 559;1;1;0;0;0;5
202200053061;719 554;7;3;0;3;17;1
202200053061;719 558;14;0;0;0;0;1
202200053062;719 555;7;0;2;3;15;1
202200053062;719 562;30;0;2;1;1;1
202200053063;719 552;7;0;2;8;9;3
202200053063;719 561;7;0;2;1;1;1
202200053064;719 551;33;0;0;3;2;1
202200053065;719 550;34;0;2;0;0;0
202200053065;719 553;30;0;2;8;17;1
202200053066;719 548;13;13;0;1;19;1
202200053067;719 549;7;8;0;1;1;1
202200053068;719 547;50;0;2;8;1;3
202200053069;719 545;7;0;1;4;4;1
202200053070;719 542;30;0;0;1;9;1
202200053071;719 538;7;0;2;1;1;1
202200053071;719 544;7;0;2;4;1;2
202200053071;719 546;7;0;2;4;1;1
202200053072;719 539;7;2;0;0;0;1
202200053073;719 543;32;0;1;0;1;1
202200053074;719 530;7;0;2;3;1;1
202200053074;719 537;7;0;2;1;19;1
202200053075;719 529;7;2;2;1;17;1
202200053075;719 535;7;0;2;3;15;1
202200053076;719 525;32;0;2;6;1;1
202200053076;719 531;7;0;2;6;20;1
202200053077;719 528;7;0;2;1;15;1
202200053077;719 540;7;0;2;1;1;1
202200053078;719 521;7;0;1;2;1;2
202200053079;719 523;7;0;2;5;1;1
202200053079;719 524;10;0;2;1;1;1
202200053080;719 520;7;0;2;1;26;1
202200053080;719 526;7;0;2;6;0;1
202200053080;719 534;7;0;2;4;0;1
202200053080;719 541;7;0;2;8;0;1
202200053081;719 517;10;0;2;1;1;1
202200053081;719 522;7;0;2;4;1;1
202200053081;719 527;7;0;2;4;1;1
202200053081;719 532;7;0;2;4;1;1
202200053082;719 515;7;0;2;8;1;3
202200053082;719 519;30;0;2;1;19;1
202200053083;719 514;7;0;2;3;15;1
202200053083;719 518;1;0;2;3;1;5
202200053084;719 509;7;0;2;2;1;1
202200053084;719 516;1;0;2;0;1;5
202200053085;719 511;60;0;2;7;19;5
202200053085;719 513;10;0;2;3;1;1
202200053086;719 506;7;0;2;5;2;1
202200053086;719 508;43;0;2;1;2;1
202200053087;719 504;7;0;1;1;1;0
202200053088;719 503;7;0;9;1;26;1
202200053088;719 505;1;0;2;7;0;5
202200053089;719 501;33;0;2;8;1;1
202200053089;719 507;7;0;2;0;13;1
202200053090;719 497;80;0;2;1;0;3
202200053090;719 500;7;0;9;7;15;2
202200053091;719 496;7;0;2;2;1;1
202200053091;719 499;60;0;2;1;19;5
202200053092;719 495;32;0;2;1;1;1
202200053092;719 502;80;0;2;4;16;3
202200053093;719 493;7;0;2;3;0;1
202200053093;719 498;7;0;2;4;1;2
202200053094;719 491;7;0;2;1;1;1
202200053094;719 494;7;0;2;1;1;1
202200053095;719 492;7;3;0;9;1;1
202200053096;719 488;32;0;1;2;1;1
202200053097;719 489;7;3;0;1;1;1
202200053098;719 485;1;0;1;1;1;5
202200053099;719 486;7;0;1;2;1;1
202200053100;719 484;2;10;0;0;0;3
202200053101;719 476;7;0;2;1;26;1
202200053101;719 482;2;0;2;7;25;3
202200053102;719 475;7;0;2;6;2;1
202200053102;719 480;7;0;2;5;2;1
202200053102;719 483;7;0;2;1;2;1
202200053103;719 474;7;0;2;8;1;1
202200053103;719 481;32;0;2;1;14;1
202200053104;719 472;7;0;2;1;12;1
202200053104;719 479;7;0;2;4;1;1
202200053105;719 470;7;0;2;4;2;1
202200053105;719 473;7;0;2;4;2;1
202200053105;719 478;7;0;2;1;2;1
202200053106;719 468;33;0;2;1;1;1
202200053106;719 471;7;0;2;1;1;1
202200053107;719 469;7;0;2;4;23;1
202200053107;719 477;7;0;2;1;2;1
202200053108;719 467;7;8;0;2;14;1
202200053109;719 466;7;1;1;4;20;1
202200053110;719 463;3;14;0;1;13;3
202200053111;719 464;33;0;2;3;3;1
202200053111;719 465;7;0;2;7;12;1
202200053112;719 460;7;0;1;3;1;1
202200053113;719 459;7;13;0;1;1;1
202200053114;719 458;2;0;2;1;1;1
202200053114;719 462;7;0;2;8;1;1
202200053115;719 456;33;0;2;1;2;1
202200053116;719 457;7;0;2;1;15;1
202200053116;719 461;1;0;2;9;5;5
202200053117;719 455;50;0;0;0;1;3
202200053118;719 454;7;13;0;1;0;1
202200053119;719 450;1;0;1;7;1;5
202200053120;719 447;32;0;2;1;1;1
202200053120;719 452;7;0;2;7;9;1
202200053121;719 449;1;0;0;7;1;5
202200053122;719 448;1;0;2;8;1;5
202200053122;719 453;7;0;2;1;15;1
202200053123;719 446;1;0;2;2;1;5
202200053123;719 451;7;0;2;3;15;1
202200053124;719 445;7;0;1;3;1;1
202200053125;719 443;7;0;1;4;4;1
202200053126;719 441;33;0;2;1;0;0
202200053126;719 444;7;0;2;4;1;1
202200053127;719 439;7;0;1;3;1;1
202200053128;719 437;7;0;2;2;20;1
202200053128;719 442;31;0;2;3;1;1
202200053129;719 436;7;0;2;1;1;1
202200053129;719 440;7;0;2;5;1;2
202200053130;719 435;7;0;2;2;17;1
202200053130;719 438;32;0;2;8;14;1
202200053131;719 431;7;0;1;0;1;0
202200053132;719 429;7;0;2;1;19;1
202200053132;719 434;31;0;2;3;19;1
202200053133;719 427;43;0;9;3;6;1
202200053133;719 428;99;0;2;8;1;6
202200053134;719 425;7;7;0;1;14;1
202200053134;719 432;7;0;0;0;0;1
202200053135;719 426;7;0;2;1;16;2
202200053135;719 430;7;0;2;1;1;1
202200053136;719 423;7;0;1;1;1;2
202200053137;719 421;2;0;2;0;0;1
202200053137;719 424;2;0;2;0;0;1
202200053138;719 420;7;0;1;3;1;1
202200053139;719 417;1;0;2;1;5;5
202200053139;719 422;7;0;2;1;16;1
202200053140;719 416;43;0;2;1;21;1
202200053140;719 419;7;0;2;3;16;1
202200053141;719 415;7;0;1;4;20;2
202200053142;719 414;10;0;9;2;1;1
202200053142;719 418;1;0;2;1;15;5
202200053143;719 413;31;0;0;2;1;1
202200053144;719 412;7;9;0;1;1;2
202200053145;719 410;7;8;0;2;1;2
202200053146;719 409;10;0;1;1;16;1
202200053147;719 408;7;0;1;1;1;1
202200053148;719 406;10;1;0;1;5;1
202200053148;719 411;7;1;2;4;5;1
202200053149;719 405;7;0;2;3;16;1
202200053149;719 407;33;0;2;2;9;1
202200053150;719 404;10;0;1;1;0;1
202200053151;719 400;7;0;0;0;0;1
202200053151;719 403;1;0;0;0;0;5
202200053152;719 399;7;0;2;1;1;1
202200053152;719 402;7;0;2;4;1;1
202200053153;719 397;7;12;0;1;1;1
202200053154;719 393;7;0;2;8;20;1
202200053154;719 396;2;0;0;0;0;1
202200053155;719 395;7;0;2;1;15;1
202200053155;719 401;7;0;2;5;1;1
202200053156;719 394;50;0;2;1;9;3
202200053156;719 398;7;0;2;3;16;1
202200053157;719 390;33;3;0;3;26;1
202200053158;719 389;7;0;2;4;2;1
202200053158;719 391;30;0;2;1;2;0
202200053159;719 388;33;0;2;1;2;1
202200053159;719 392;7;0;2;4;1;1
202200053160;719 386;50;0;1;0;0;3
202200053161;719 387;7;6;0;1;14;1
202200053162;719 382;7;0;0;1;1;1
202200053163;719 381;7;0;2;7;17;1
202200053163;719 384;2;0;0;8;17;1
202200053164;719 380;7;0;2;4;1;1
202200053164;719 383;10;0;2;1;2;1
202200053165;719 379;7;0;2;3;1;1
202200053165;719 385;7;0;2;1;15;1
202200053166;719 378;10;1;0;1;13;1
202200053167;719 375;7;0;2;6;1;1
202200053167;719 377;7;0;2;2;15;1
202200053168;719 374;7;0;2;3;0;1
202200053168;719 376;2;0;2;1;1;1
202200053169;719 373;7;0;1;1;26;1
202200053170;719 371;7;2;0;1;13;1
202200053171;719 372;32;0;0;0;21;1
202200053172;719 365;2;0;2;1;2;0
202200053172;719 370;7;0;2;4;2;0
202200053173;719 363;10;0;2;4;1;1
202200053173;719 367;7;0;2;1;1;1
202200053174;719 362;7;15;0;8;1;1
202200053175;719 361;7;0;2;3;15;1
202200053175;719 364;7;0;2;1;1;1
202200053176;719 359;7;13;0;1;1;1
202200053177;719 358;7;0;2;1;17;1
202200053177;719 360;7;0;2;4;11;1
202200053178;719 357;7;0;1;3;15;1
202200053179;719 354;10;0;2;3;11;1
202200053179;719 356;33;0;2;7;2;1
202200053180;719 351;7;0;2;4;0;1
202200053180;719 353;30;0;2;1;26;1
202200053181;719 352;7;0;0;5;15;1
202200053181;719 355;7;0;2;3;1;1
202200053182;719 349;7;0;1;7;26;1
202200053183;719 348;7;0;2;1;2;1
202200053183;719 350;10;0;2;3;15;1
202200053184;719 347;7;6;0;1;1;1
202200053185;719 346;7;0;1;3;15;0
202200053186;719 342;7;13;0;1;1;0
202200053187;719 341;33;0;0;1;23;1
202200053187;719 344;10;0;2;4;4;1
202200053188;719 343;7;0;2;4;12;1
202200053188;719 345;32;0;2;1;3;1
202200053189;719 340;7;0;1;1;2;1
202200053190;719 338;30;0;2;3;1;3
202200053190;719 339;7;0;2;1;15;1
202200053191;719 337;7;13;0;2;1;1
202200053192;719 336;7;0;1;2;1;1
202200053193;719 334;7;0;1;1;1;1
202200053194;719 333;10;0;2;2;15;1
202200053194;719 335;33;0;2;1;1;1
202200053195;719 331;7;8;0;1;0;1
202200053196;719 329;7;0;2;6;15;1
202200053196;719 332;1;0;2;1;2;5
202200053197;719 328;7;8;0;2;1;1
202200053198;719 327;37;0;1;2;15;2
202200053199;719 324;50;0;0;0;1;3
202200053200;719 323;32;0;1;1;1;1
202200053201;719 321;7;0;2;1;1;1
202200053201;719 326;7;0;2;1;5;1
202200053202;719 320;7;0;0;4;23;1
202200053202;719 325;7;0;2;1;1;1
202200053203;719 319;7;0;2;2;17;1
202200053203;719 322;21;0;2;3;15;1
202200053204;719 317;50;0;1;1;1;3
202200053205;719 314;7;0;2;1;2;1
202200053205;719 318;10;0;2;3;15;1
202200053206;719 312;30;0;2;1;1;1
202200053206;719 313;7;0;2;2;20;1
202200053207;719 309;7;0;1;3;1;1
202200053208;719 310;13;0;2;6;23;1
202200053208;719 315;17;0;2;2;2;1
202200053209;719 308;33;0;2;1;13;1
202200053209;719 311;7;0;2;3;1;1
202200053210;719 307;7;10;0;1;1;1
202200053211;719 306;7;0;1;1;15;1
202200053212;719 304;7;15;0;1;1;1
202200053213;719 305;2;1;0;2;17;1
202200053214;719 302;1;0;2;7;1;5
202200053214;719 303;7;0;2;3;22;1
202200053215;719 301;32;0;0;7;1;1
202200053216;719 299;7;0;2;4;23;1
202200053216;719 300;33;0;2;1;2;1
202200053217;719 295;7;1;1;1;1;1
202200053218;719 292;7;0;2;3;9;1
202200053218;719 296;33;0;2;2;1;1
202200053219;719 294;7;0;0;3;18;1
202200053219;719 297;2;0;0;0;1;1
202200053220;719 293;1;0;9;7;1;5
202200053220;719 298;1;0;0;1;1;5
202200053221;719 288;7;0;2;5;15;1
202200053221;719 291;7;0;2;1;1;1
202200053222;719 285;36;6;0;1;0;1
202200053223;719 286;50;0;2;0;0;3
202200053223;719 290;10;0;2;0;0;0
202200053224;719 284;33;0;2;7;17;1
202200053224;719 287;10;0;2;1;15;1
202200053225;719 283;2;0;2;8;1;1
202200053225;719 289;7;0;2;7;15;1
202200053226;719 282;7;0;1;1;1;1
202200053227;719 281;7;16;0;9;14;1
202200053228;719 277;31;0;2;1;2;1
202200053228;719 280;7;0;2;5;14;1
202200053229;719 276;7;0;2;8;1;1
202200053229;719 278;30;0;2;2;1;1
202200053230;719 274;7;0;9;6;1;1
202200053230;719 279;80;0;2;1;13;3
202200053231;719 271;7;2;0;1;17;1
202200053232;719 268;7;0;2;1;1;1
202200053232;719 270;7;0;2;8;1;1
202200053232;719 273;7;0;2;8;1;1
202200053232;719 275;7;0;2;9;13;1
202200053233;719 267;7;0;2;1;9;1
202200053233;719 272;30;0;2;8;0;1
202200053234;719 265;7;6;0;1;1;3
202200053235;719 266;7;0;2;2;22;1
202200053235;719 269;2;0;2;1;1;1
202200053236;719 262;7;8;0;3;13;1
202200053237;719 263;7;0;2;3;9;2
202200053237;719 264;31;0;2;7;15;1
202200053238;719 261;21;0;0;7;1;1
202200053239;719 260;7;0;1;3;1;1
202200053240;719 258;1;0;2;1;1;5
202200053240;719 259;7;0;2;6;4;1
202200053241;719 257;7;0;1;3;15;1
202200053242;719 255;0;0;1;0;1;0
202200053243;719 254;7;0;2;6;23;1
202200053243;719 256;32;1;0;2;1;1
202200053244;719 252;50;0;1;1;17;3