Num_Acc;id_vehicule;categorie_vehicule;obstacle_fixe;obstacle_mobile;point_choc_initial;manoeuvre_principale;motorisation
202200053245;719 250;2;0;2;2;10;0
202200053245;719 253;1;0;2;1;1;5
202200053246;719 251;7;3;0;9;16;1
202200053247;719 248;34;9;0;2;9;1
202200053248;719 246;7;8;0;1;14;1
202200053249;719 247;10;0;1;0;2;1
202200053250;719 245;10;0;2;1;1;1
202200053250;719 249;7;0;2;1;1;1
202200053251;719 244;33;2;0;1;13;1
202200053252;719 242;2;0;2;5;15;1
202200053252;719 243;1;0;2;1;1;5
202200053253;719 239;7;0;9;0;1;1
202200053253;719 241;33;0;2;7;1;1
202200053254;719 238;7;0;2;5;26;1
202200053254;719 240;30;1;0;1;26;1
202200053255;719 237;7;2;0;1;1;1
202200053256;719 235;1;0;1;1;1;5
202200053257;719 233;2;0;2;3;2;1
202200053257;719 236;7;0;2;5;11;1
202200053258;719 232;30;0;0;7;26;1
202200053259;719 231;1;0;0;4;1;5
202200053259;719 234;14;0;9;1;2;1
202200053260;719 228;7;0;2;5;22;2
202200053260;719 230;80;0;2;1;1;3
202200053261;719 227;7;0;1;1;1;1
202200053262;719 226;7;0;2;7;1;1
202200053262;719 229;31;0;2;1;1;1
202200053263;719 222;10;0;1;1;15;3
202200053264;719 223;7;0;2;6;23;1
202200053264;719 225;32;0;2;1;2;1
202200053265;719 220;7;7;2;2;15;1
202200053265;719 224;33;0;2;1;1;1
202200053266;719 219;7;0;2;8;1;1
202200053266;719 221;7;0;2;1;1;1
202200053267;719 218;30;0;0;7;1;1
202200053268;719 214;50;8;0;1;25;3
202200053269;719 212;7;0;2;8;1;1
202200053269;719 215;7;0;2;1;1;1
202200053270;719 213;10;0;2;3;1;1
202200053270;719 217;7;0;2;1;1;1
202200053271;719 210;7;0;2;1;19;1
202200053271;719 216;99;0;2;8;15;1
202200053272;719 206;7;2;0;1;16;1
202200053272;719 211;1;2;0;0;0;5
202200053273;719 207;1;0;2;7;1;5
202200053273;719 209;32;0;2;1;1;1
202200053274;719 208;7;13;0;0;1;1
202200053275;719 202;7;13;0;1;1;1
202200053276;719 201;1;0;2;1;1;5
202200053276;719 205;7;0;2;6;1;1
202200053277;719 203;1;0;1;1;1;5
202200053278;719 200;50;0;2;5;19;3
202200053278;719 204;30;0;2;0;1;
202200053279;719 194;7;0;2;1;16;1
202200053279;719 199;7;0;2;1;1;1
202200053280;719 193;1;1;2;1;22;5
202200053280;719 198;7;0;2;3;24;3
202200053281;719 191;33;0;0;7;18;1
202200053282;719 190;7;0;2;6;15;2
202200053282;719 192;7;0;2;4;1;2
202200053282;719 195;7;0;2;1;1;1
202200053283;719 188;7;6;0;2;1;1
202200053284;719 189;33;0;0;1;26;1
202200053285;719 186;7;0;1;2;1;1
202200053286;719 185;7;0;2;1;1;1
202200053286;719 187;7;0;2;2;16;1
202200053287;719 184;33;0;0;9;0;1
202200053288;719 181;7;0;2;2;2;1
202200053288;719 183;1;0;2;6;2;5
202200053289;719 178;33;0;2;7;2;1
202200053289;719 180;10;0;2;4;23;1
202200053289;719 182;33;0;2;8;2;1
202200053290;719 179;7;0;1;1;15;1
202200053291;719 177;7;0;1;0;1;1
202200053292;719 174;7;0;2;1;2;1
202200053292;719 176;1;0;2;8;2;5
202200053293;719 173;7;0;2;3;15;1
202200053293;719 175;7;0;2;3;1;1
202200053294;719 171;7;0;1;1;16;1
202200053295;719 167;7;8;0;5;1;1
202200053296;719 165;7;13;0;2;1;1
202200053297;719 162;33;0;2;3;1;1
202200053297;719 164;7;0;2;1;15;1
202200053298;719 161;7;2;0;2;1;1
202200053299;719 159;3;0;2;8;20;1
202200053299;719 160;7;0;2;2;1;1
202200053300;719 156;7;0;2;3;20;1
202200053300;719 158;30;0;2;7;17;1
202200053301;719 155;7;15;0;9;1;1
202200053302;719 153;7;8;0;2;21;0
202200053303;719 154;7;0;2;3;9;1
202200053303;719 157;7;0;0;0;0;1
202200053304;719 150;33;0;2;1;1;1
202200053304;719 152;7;0;2;1;16;1
202200053305;719 149;31;0;1;1;21;1
202200053306;719 148;7;0;9;1;2;2
202200053306;719 151;1;14;0;0;0;5
202200053307;719 146;33;0;0;7;1;1
202200053308;719 145;36;13;0;1;1;1
202200053309;719 147;7;0;1;1;16;1
202200053310;719 144;43;14;1;1;9;1
202200053311;719 142;7;15;1;1;20;1
202200053312;719 140;60;0;2;1;9;3
202200053312;719 143;7;0;0;5;1;1
202200053313;719 139;7;0;2;2;15;1
202200053313;719 141;2;0;2;1;1;0
202200053314;719 138;33;0;0;0;16;1
202200053315;719 134;33;1;0;1;1;1
202200053316;719 133;7;0;2;1;1;1
202200053316;719 135;33;0;2;4;2;1
202200053317;719 127;10;0;2;1;0;0
202200053317;719 132;30;0;2;7;0;0
202200053318;719 128;15;0;0;1;1;1
202200053318;719 130;7;0;2;8;13;1
202200053319;719 125;7;0;2;1;2;2
202200053319;719 126;7;0;2;4;23;1
202200053319;719 129;33;0;2;1;3;1
202200053319;719 131;7;0;2;8;23;1
202200053320;719 123;10;0;1;5;4;1
202200053321;719 121;7;0;2;3;9;1
202200053321;719 124;32;0;2;1;1;1
202200053322;719 118;17;1;0;1;1;1
202200053322;719 120;15;0;2;4;23;1
202200053323;719 117;10;0;2;5;1;1
202200053323;719 119;33;0;2;2;3;1
202200053323;719 122;34;0;2;7;11;0
202200053324;719 116;30;12;1;1;1;1
202200053325;719 115;7;0;1;2;19;1
202200053326;719 114;30;0;2;0;1;3
202200053327;719 111;32;0;2;1;1;1
202200053327;719 113;7;0;2;5;15;2
202200053328;719 110;2;0;2;1;1;1
202200053328;719 112;7;0;2;5;20;1
202200053329;719 108;2;0;2;4;23;1
202200053329;719 109;1;0;2;1;2;5
202200053330;719 105;7;0;2;2;15;0
202200053330;719 107;33;1;2;1;1;1
202200053331;719 106;7;0;1;0;1;1
202200053332;719 104;32;0;0;0;1;1
202200053333;719 103;7;2;0;6;1;1
202200053334;719 102;33;0;1;1;1;1
202200053335;719 098;7;0;2;1;2;1
202200053335;719 101;7;0;2;4;2;1
202200053336;719 099;7;0;2;3;1;3
202200053336;719 100;2;0;2;1;1;1
202200053337;719 096;10;0;2;8;22;1
202200053337;719 097;30;1;0;7;15;1
202200053338;719 095;7;0;1;1;16;2
202200053339;719 091;50;0;1;2;1;3
202200053340;719 090;2;0;2;2;17;1
202200053340;719 092;7;0;2;8;15;1
202200053341;719 089;10;0;2;3;23;1
202200053341;719 093;2;0;2;1;1;1
202200053341;719 094;7;0;0;2;15;1
202200053342;719 087;50;0;2;1;1;3
202200053342;719 088;7;0;2;2;16;1
202200053343;719 084;7;0;2;3;1;1
202200053343;719 086;7;0;2;5;17;1
202200053344;719 083;43;0;2;3;1;1
202200053344;719 085;10;0;2;5;9;1
202200053345;719 082;30;12;0;1;14;1
202200053346;719 079;7;0;2;3;2;1
202200053346;719 081;80;0;2;4;2;3
202200053347;719 078;7;0;2;3;1;2
202200053347;719 080;7;0;2;1;19;1
202200053348;719 077;7;0;1;3;1;1
202200053349;719 075;7;0;2;3;1;1
202200053349;719 076;7;0;2;8;13;1
202200053350;719 071;7;0;2;3;1;2
202200053350;719 074;7;0;2;2;1;2
202200053351;719 072;2;0;2;1;1;1
202200053351;719 073;7;0;2;3;10;1
202200053352;719 068;10;0;0;4;2;1
202200053352;719 070;17;0;2;1;0;1
202200053353;719 069;7;0;1;2;9;1
202200053354;719 067;2;0;1;0;25;0
202200053355;719 066;30;0;1;4;1;3
202200053356;719 064;7;0;2;5;9;1
202200053356;719 065;2;0;2;1;1;1
202200053357;719 062;31;0;2;5;16;1
202200053357;719 063;7;0;2;3;7;1
202200053358;719 060;7;0;2;1;1;1
202200053358;719 061;33;0;2;1;13;1
202200053359;719 057;10;0;2;7;15;1
202200053359;719 058;34;0;2;1;5;1
202200053360;719 056;32;0;2;2;1;1
202200053360;719 059;32;0;2;3;1;1
202200053361;719 055;7;2;0;3;1;1
202200053362;719 054;34;0;1;5;1;1
202200053363;719 051;7;0;0;4;2;1
202200053363;719 053;7;0;2;1;2;1
202200053364;719 052;33;0;0;8;1;1
202200053365;719 049;7;14;0;3;13;0
202200053366;719 050;50;0;0;0;21;3
202200053367;719 047;7;0;2;2;19;1
202200053367;719 048;30;0;2;1;1;1
202200053368;719 046;50;0;1;2;1;3
202200053369;719 043;33;0;2;1;1;1
202200053369;719 045;10;0;2;8;1;1
202200053370;719 042;7;0;2;5;22;1
202200053370;719 044;32;0;2;8;18;1
202200053371;719 040;7;0;2;4;12;1
202200053371;719 041;33;0;2;1;3;1
202200053372;719 039;7;4;0;2;2;1
202200053373;719 038;7;14;0;1;1;1
202200053374;719 037;50;0;2;1;1;3
202200053375;719 035;7;0;2;5;1;1
202200053375;719 036;7;0;2;3;1;1
202200053376;719 034;32;0;0;8;11;1
202200053377;719 032;7;0;2;8;11;2
202200053377;719 033;33;0;2;7;1;1
202200053378;719 030;7;0;2;5;2;1
202200053378;719 031;15;0;2;1;1;0
202200053379;719 029;7;3;0;1;1;1
202200053380;719 026;7;0;2;1;1;1
202200053380;719 027;7;0;2;4;2;1
202200053380;719 028;7;0;2;3;1;1
202200053381;719 025;7;4;0;2;26;1
202200053382;719 022;10;0;2;1;2;1
202200053382;719 023;33;0;2;3;2;1
202200053382;719 024;7;0;2;4;2;1
202200053383;719 021;30;14;0;1;1;1
202200053384;719 020;32;0;1;5;1;1
202200053385;719 018;80;0;2;1;1;3
202200053385;719 019;50;0;2;1;13;3
202200053386;719 017;32;0;1;1;1;1
202200053387;719 016;50;0;1;1;1;3
202200053388;719 014;10;0;2;2;15;1
202200053388;719 015;50;0;2;1;1;3
202200053389;719 012;7;0;2;7;15;1
202200053389;719 013;43;0;0;1;1;1
202200053390;719 011;7;0;1;2;1;1
202200053391;719 009;7;0;2;3;1;1
202200053391;719 010;2;0;2;1;1;1
202200053392;719 008;50;0;1;1;1;3
202200053393;719 007;10;0;1;2;1;1
202200053394;719 006;7;1;0;2;26;1
202200053395;719 005;10;14;0;2;14;0
202200053396;719 004;7;0;1;1;2;2
202200053397;719 003;7;0;1;1;15;1
202200053398;719 001;43;9;0;3;21;1
202200053398;719 002;10;0;0;0;9;1
202200053399;718 999;80;0;2;8;26;3
202200053399;719 000;7;0;2;7;2;1
202200053400;718 997;7;0;2;2;2;0
202200053400;718 998;30;0;0;6;18;0
202200053401;718 996;1;0;1;1;5;5
202200053402;718 994;33;0;2;3;0;1
202200053402;718 995;7;0;2;0;15;0
202200053403;718 992;7;0;2;2;19;1
202200053403;718 993;2;0;2;1;1;1
202200053404;718 991;7;0;1;2;26;1
202200053405;718 990;7;2;0;3;13;2
202200053406;718 989;7;2;0;8;1;1
202200053407;718 987;33;0;2;1;17;1
202200053407;718 988;7;0;0;6;15;1
202200053408;718 985;7;0;0;0;0;1
202200053408;718 986;7;0;2;1;0;1
202200053409;718 984;7;8;0;1;14;1
202200053410;718 983;7;13;0;1;1;1
202200053411;718 982;7;13;0;3;1;1
202200053412;718 981;31;14;0;1;0;1
202200053413;718 979;33;0;2;1;1;1
202200053413;718 980;7;0;2;7;15;1
202200053414;718 978;7;2;0;1;1;1
202200053415;718 976;33;0;2;1;1;1
202200053415;718 977;7;0;2;5;15;1
202200053416;718 975;7;13;0;9;1;1
202200053417;718 974;7;2;0;1;1;1
202200053418;718 972;7;0;0;8;10;1
202200053418;718 973;33;0;2;1;1;1
202200053419;718 971;14;0;1;1;2;1
202200053420;718 970;33;3;0;7;15;1
202200053421;718 968;7;0;2;3;1;1
202200053421;718 969;1;0;2;1;1;5
202200053422;718 967;2;1;0;0;1;1
202200053423;718 963;7;2;0;0;1;1
202200053424;718 964;33;0;2;2;0;1
202200053424;718 966;7;0;2;1;1;1
202200053425;718 962;10;0;2;1;1;1
202200053425;718 965;7;0;2;1;1;1
202200053426;718 961;33;0;0;0;0;1
202200053427;718 960;7;0;1;3;1;1
202200053428;718 958;7;0;0;6;2;2
202200053428;718 959;2;0;2;1;2;1
202200053429;718 956;31;0;1;1;1;1
202200053430;718 955;43;6;0;1;20;1
202200053431;718 953;7;0;2;1;1;1
202200053431;718 957;7;0;2;3;19;1
202200053432;718 952;50;0;2;1;1;3
202200053432;718 954;7;0;2;7;1;1
202200053433;718 951;7;0;1;2;1;1
202200053434;718 946;7;0;0;9;1;1
202200053435;718 947;7;0;1;1;15;1
202200053436;718 944;7;0;2;1;26;1
202200053436;718 948;7;0;2;9;0;1
202200053436;718 950;7;0;2;4;26;2
202200053437;718 941;7;0;2;3;13;1
202200053437;718 945;7;3;2;3;1;1
202200053437;718 949;7;0;2;6;1;1
202200053438;718 939;7;0;2;1;1;1
202200053438;718 943;1;0;2;8;9;5
202200053439;718 937;7;0;2;1;2;1
202200053439;718 938;7;0;2;4;0;1
202200053440;718 934;10;0;2;8;15;1
202200053440;718 936;34;0;2;1;17;1
202200053441;718 935;10;2;0;1;0;1
202200053442;718 933;7;3;0;1;2;1
202200053443;718 931;7;0;2;1;26;1
202200053443;718 932;7;0;2;4;26;1
202200053444;718 930;7;0;1;2;0;1
202200053445;718 927;7;7;0;2;3;1
202200053446;718 925;7;0;2;1;1;0
202200053446;718 929;7;0;0;4;1;1
202200053447;718 921;7;0;1;1;1;1
202200053448;718 920;7;0;1;1;1;1
202200053449;718 916;10;0;0;1;1;1
202200053450;718 917;7;0;2;1;1;2
202200053450;718 919;7;0;2;4;0;1
202200053451;718 915;7;0;2;3;19;2
202200053451;718 918;33;0;2;8;23;1
202200053451;718 922;33;0;2;8;23;1
202200053452;718 913;7;0;2;1;2;1
202200053452;718 914;7;0;0;4;2;1
202200053453;718 908;7;0;2;1;2;1
202200053453;718 911;7;0;0;4;2;1
202200053454;718 906;7;0;2;7;1;1
202200053454;718 909;7;0;2;1;1;1
202200053455;718 907;7;0;2;6;1;1
202200053455;718 912;7;6;2;9;17;1
202200053456;718 905;10;4;0;4;2;1
202200053456;718 910;10;0;2;1;2;1
202200053457;718 903;7;10;0;1;1;1
202200053458;718 898;32;0;0;0;15;0
202200053459;718 892;10;0;2;3;13;1
202200053459;718 896;7;0;2;2;1;1
202200053459;718 899;10;4;2;2;1;1
202200053459;718 902;10;0;2;3;1;1
202200053460;718 891;7;0;2;1;1;1
202200053460;718 893;7;0;2;1;1;1
202200053460;718 895;7;0;2;1;1;1
202200053461;718 890;7;0;1;0;16;1
202200053462;718 888;10;0;0;4;1;1
202200053462;718 889;7;0;2;4;1;1
202200053462;718 894;7;1;2;4;1;1
202200053462;718 897;7;0;2;4;1;1
202200053462;718 900;7;0;2;1;1;1
202200053463;718 885;7;0;2;3;11;1
202200053463;718 887;7;0;2;1;1;1
202200053464;718 884;7;0;2;2;16;1
202200053464;718 886;32;0;2;1;1;1
202200053465;718 883;7;15;0;3;1;1
202200053466;718 882;7;13;0;1;9;1
202200053467;718 879;33;13;0;2;14;1
202200053468;718 880;33;0;0;9;1;1
202200053469;718 877;7;0;2;2;1;1
202200053469;718 881;50;0;2;0;19;3
202200053470;718 874;7;0;0;1;1;1
202200053471;718 876;7;0;2;3;11;1
202200053471;718 878;31;0;2;2;17;3
202200053472;718 870;7;3;0;2;0;1
202200053473;718 873;7;0;2;4;23;1
202200053473;718 875;7;0;2;1;2;1
202200053474;718 869;80;0;2;1;5;3
202200053474;718 872;7;0;9;3;21;1
202200053475;718 866;32;0;2;1;23;1
202200053475;718 868;7;0;2;6;1;1
202200053475;718 871;7;0;2;3;13;1
202200053476;718 865;14;0;2;1;1;1
202200053476;718 867;7;0;2;1;13;1
202200053477;718 862;7;0;2;4;23;1
202200053477;718 864;7;0;2;1;1;0
202200053478;718 863;30;0;1;1;26;1
202200053479;718 858;34;1;2;1;5;1
202200053479;718 860;7;0;2;5;1;1
202200053480;718 854;43;0;2;1;17;1
202200053480;718 856;7;0;2;3;10;1
202200053481;718 853;10;0;1;1;12;1
202200053482;718 847;7;6;0;1;26;1
202200053483;718 846;7;0;2;8;24;1
202200053483;718 851;7;0;2;0;24;1
202200053483;718 852;7;0;2;0;24;1
202200053483;718 857;7;0;2;6;24;1
202200053483;718 861;7;1;2;1;13;1
202200053484;718 844;7;4;0;4;0;1
202200053484;718 848;7;0;2;1;1;1
202200053484;718 850;7;0;2;1;2;0
202200053485;718 842;7;0;2;7;16;1
202200053485;718 849;30;0;2;1;18;1
202200053486;718 839;15;3;0;1;1;1
202200053487;718 840;10;0;2;1;0;1
202200053487;718 843;10;0;2;1;0;1
202200053488;718 837;7;0;2;3;17;1
202200053488;718 838;2;0;2;1;1;1
202200053489;718 836;1;0;1;1;1;5
202200053490;718 832;7;16;0;1;1;1
202200053491;718 831;7;0;2;1;1;1
202200053491;718 835;7;0;2;1;13;1
202200053492;718 833;7;0;1;1;15;1
202200053493;718 830;7;0;2;3;9;1
202200053493;718 834;1;0;2;7;7;5
202200053494;718 827;2;0;2;1;2;1
202200053494;718 829;7;0;2;6;2;1
202200053495;718 826;7;0;1;1;1;1
202200053496;718 822;7;0;1;3;1;1
202200053497;718 825;7;0;2;5;16;1
202200053497;718 828;1;0;2;1;1;5
202200053498;718 819;30;0;0;0;26;1
202200053499;718 818;7;17;0;1;0;1
202200053500;718 815;33;0;0;3;16;1
202200053501;718 816;7;0;2;2;15;1
202200053501;718 823;7;0;2;3;1;1
202200053502;718 813;7;0;2;4;2;2
202200053502;718 817;7;0;2;4;1;1
202200053502;718 820;10;0;2;6;2;1
202200053502;718 821;7;0;2;2;2;1
202200053502;718 824;33;0;2;2;21;1
202200053503;718 812;7;0;2;1;2;1
202200053503;718 814;7;0;2;4;2;1
202200053504;718 808;33;14;0;1;17;1
202200053505;718 809;7;0;2;1;2;1
202200053505;718 811;32;0;2;4;0;1
202200053506;718 810;2;2;0;1;19;1
202200053507;718 806;7;3;0;1;14;1
202200053508;718 803;1;0;2;2;12;5
202200053508;718 807;7;0;2;2;11;1
202200053509;718 799;33;12;0;8;1;1
202200053510;718 798;7;15;0;3;14;1
202200053511;718 801;33;0;2;4;23;1
202200053511;718 805;10;0;2;1;2;1
202200053512;718 796;7;4;0;3;1;1
202200053513;718 797;7;0;2;1;17;1
202200053513;718 800;80;0;2;5;1;3
202200053514;718 794;7;15;0;1;2;1
202200053515;718 790;10;0;2;1;2;1
202200053515;718 795;7;0;2;4;2;1
202200053515;718 802;7;0;2;4;2;2
202200053515;718 804;10;0;2;4;2;1
202200053516;718 788;2;0;0;8;1;1
202200053517;718 787;7;0;2;0;9;1
202200053517;718 792;33;0;2;0;9;1
202200053518;718 786;33;0;2;1;1;1
202200053518;718 791;7;0;2;3;9;1
202200053519;718 781;7;0;2;3;13;1
202200053519;718 784;7;0;2;2;1;1
202200053520;718 780;7;0;2;9;19;1
202200053520;718 785;7;8;2;1;1;1
202200053520;718 793;10;0;2;1;1;2
202200053521;718 782;33;12;2;2;2;1
202200053521;718 789;33;5;2;2;1;1
202200053522;718 779;7;0;2;3;9;1
202200053522;718 783;31;0;2;1;1;1
202200053523;718 774;7;0;0;2;0;1
202200053523;718 778;7;0;0;6;0;1
202200053524;718 773;1;0;2;2;1;5
202200053524;718 776;7;0;2;3;15;1
202200053525;718 770;7;0;1;1;2;1
202200053526;718 769;21;0;2;6;4;1
202200053526;718 772;30;0;2;1;2;1
202200053527;718 768;7;0;2;3;0;0
202200053527;718 771;33;0;2;2;13;1
202200053528;718 764;33;0;2;1;1;1
202200053528;718 767;7;0;2;3;9;1
202200053529;718 762;7;0;1;1;1;1
202200053530;718 758;7;8;2;0;26;1
202200053530;718 760;7;8;2;0;26;1
202200053531;718 763;33;0;2;1;18;1
202200053531;718 765;7;0;2;5;16;1
202200053532;718 757;7;0;2;1;5;1
202200053532;718 761;7;0;2;1;1;1
202200053532;718 766;10;0;2;2;1;1
202200053533;718 754;1;1;0;0;0;5
202200053533;718 756;7;0;2;7;22;1
202200053534;718 755;10;0;2;1;15;1
202200053534;718 759;30;0;2;1;1;1
202200053535;718 752;3;0;1;2;1;1
202200053536;718 747;7;0;2;3;15;1
202200053536;718 750;32;0;2;1;1;1
202200053537;718 746;7;0;2;3;1;1
202200053537;718 753;7;0;2;1;13;1
202200053538;718 743;7;0;2;8;0;1
202200053538;718 748;2;0;2;1;0;1
202200053538;718 749;7;0;2;1;13;1
202200053539;718 744;7;0;2;1;1;1
202200053539;718 751;2;0;2;5;25;1
202200053540;718 742;3;13;0;1;1;3
202200053541;718 737;7;5;0;1;13;1
202200053542;718 740;7;0;1;3;15;0
202200053543;718 739;10;0;2;4;1;1
202200053543;718 741;7;0;2;1;1;1
202200053543;718 745;7;0;2;1;1;1
202200053544;718 735;7;0;2;1;1;1
202200053544;718 738;10;0;2;1;13;1
202200053545;718 733;7;0;1;1;1;0
202200053546;718 731;2;0;2;8;1;3
202200053546;718 736;7;0;2;2;14;1
202200053547;718 732;30;0;2;1;9;1
202200053547;718 734;7;0;0;5;23;1
202200053548;718 728;0;0;0;0;0;0
202200053549;718 725;7;0;2;2;16;1
202200053549;718 730;33;0;2;1;1;1
202200053550;718 727;43;0;2;1;1;1
202200053550;718 729;10;0;2;8;10;0
202200053551;718 723;7;6;0;1;1;1
202200053552;718 721;10;0;2;8;1;1
202200053552;718 724;7;0;2;3;5;1
202200053553;718 720;7;0;2;2;19;1
202200053553;718 726;7;0;2;1;1;1
202200053554;718 719;7;0;2;0;15;0
202200053554;718 722;31;0;2;1;17;0
202200053555;718 712;7;0;2;3;13;1
202200053555;718 717;34;0;2;8;23;1
202200053555;718 718;7;0;2;8;23;1
202200053556;718 713;7;13;0;0;14;1
202200053557;718 711;2;0;2;4;13;1
202200053557;718 715;10;0;2;2;2;1
202200053558;718 710;7;0;2;3;9;1
202200053558;718 716;1;0;2;1;1;5
202200053559;718 709;7;0;2;3;1;1
202200053559;718 714;7;0;2;1;16;1
202200053560;718 708;10;0;1;3;15;3
202200053561;718 704;7;3;2;0;21;1
202200053562;718 703;7;0;0;1;1;1
202200053562;718 706;32;0;2;1;13;1
202200053563;718 702;33;0;0;7;0;1
202200053564;718 698;33;1;2;1;17;1
202200053564;718 700;7;0;2;8;19;1
202200053564;718 705;7;0;2;4;24;1
202200053565;718 696;36;0;0;0;0;1
202200053566;718 695;7;0;2;1;1;1
202200053566;718 697;7;0;2;4;1;1
202200053566;718 701;7;0;2;4;1;1
202200053566;718 707;7;0;2;4;1;1
202200053567;718 694;7;0;1;1;15;0
202200053568;718 692;7;1;2;2;2;1
202200053569;718 691;7;1;2;1;1;1
202200053569;718 699;7;0;2;3;13;1
202200053570;718 688;7;9;0;0;1;1
202200053571;718 690;7;0;2;2;1;1
202200053571;718 693;7;0;2;2;5;1
202200053572;718 685;7;0;1;1;9;1
202200053573;718 683;7;0;1;3;1;1
202200053574;718 682;7;0;2;1;2;1
202200053574;718 687;7;0;2;3;10;1
202200053575;718 680;7;0;2;3;26;1
202200053575;718 684;1;0;2;2;1;5
202200053576;718 679;7;13;0;1;2;1
202200053577;718 678;10;0;2;1;2;1
202200053577;718 681;7;0;2;6;23;1
202200053577;718 686;7;0;2;1;23;1
202200053577;718 689;7;0;2;1;23;1
202200053578;718 676;7;6;0;2;0;1
202200053579;718 670;2;0;2;1;9;1
202200053579;718 677;7;0;2;2;1;1
202200053580;718 668;7;0;2;4;23;6
202200053580;718 672;1;0;2;0;1;5
202200053581;718 666;7;0;2;4;2;2
202200053581;718 671;2;0;2;4;2;1
202200053581;718 674;7;0;2;1;2;1
202200053582;718 667;30;12;0;2;14;1
202200053583;718 665;7;6;0;1;13;1
202200053584;718 664;10;0;2;1;9;1
202200053584;718 669;7;0;2;7;1;1
202200053585;718 662;31;0;0;8;13;1
202200053586;718 658;31;0;2;3;1;1
202200053587;718 660;7;0;2;1;13;1
202200053587;718 663;7;0;2;1;1;3
202200053588;718 656;7;0;2;1;2;1
202200053588;718 661;1;0;2;4;1;5
202200053589;718 657;7;0;2;1;0;1
202200053590;718 655;7;0;2;1;2;1
202200053590;718 659;3;0;2;4;2;1
202200053591;718 652;7;6;0;1;2;1
202200053592;718 649;7;0;2;3;16;1
202200053592;718 653;7;0;2;2;1;1
202200053593;718 647;7;8;0;3;1;1
202200053594;718 644;7;0;1;1;1;1
202200053595;718 646;7;0;2;3;10;1
202200053595;718 651;30;0;2;1;17;1
202200053596;718 648;32;0;2;8;11;1
202200053596;718 654;7;0;2;7;1;0
202200053597;718 645;1;0;2;3;1;5
202200053597;718 650;7;8;9;3;1;1
202200053598;718 637;7;0;2;1;15;1
202200053598;718 643;2;0;2;1;1;1
202200053599;718 636;7;2;0;1;1;1
202200053600;718 634;7;0;2;2;16;1
202200053600;718 640;80;0;2;1;1;3
202200053601;718 633;33;0;2;1;17;1
202200053601;718 638;7;0;2;3;15;1
202200053602;718 632;7;0;1;1;1;1
202200053602;718 641;7;0;2;4;23;1
202200053603;718 630;1;0;0;8;1;5
202200053603;718 635;7;0;0;2;17;1
202200053604;718 628;7;0;2;2;2;1
202200053604;718 629;1;0;0;6;1;5
202200053605;718 626;31;0;2;8;17;1
202200053605;718 631;2;0;2;1;17;1
202200053605;718 639;7;0;2;8;1;1
202200053605;718 642;7;0;2;8;1;2
202200053606;718 621;7;0;2;1;13;1
202200053606;718 627;7;0;2;1;1;1
202200053607;718 619;14;0;2;8;1;1
202200053607;718 625;7;4;2;7;17;1
202200053608;718 618;7;0;2;3;13;1
202200053608;718 622;33;0;2;1;17;1
202200053609;718 617;1;0;2;5;1;5
202200053609;718 623;7;0;2;3;1;3
202200053610;718 616;7;0;2;1;15;1
202200053610;718 624;30;0;2;1;1;1
202200053611;718 615;43;0;1;1;1;1
202200053612;718 613;33;0;2;1;1;1
202200053612;718 620;7;8;2;2;9;1
202200053613;718 610;7;0;2;1;1;1
202200053613;718 614;30;0;2;8;1;1
202200053614;718 607;7;0;1;2;1;1
202200053615;718 604;7;3;9;3;1;1
202200053616;718 605;7;0;2;3;1;1
202200053616;718 612;7;0;2;1;1;1
202200053617;718 606;33;0;2;8;0;1
202200053617;718 611;7;0;0;3;9;1
202200053618;718 603;33;0;0;1;17;1
202200053618;718 609;7;0;0;5;15;1
202200053619;718 601;33;0;0;1;17;1
202200053620;718 600;7;0;2;1;19;1
202200053620;718 608;7;0;2;3;1;1
202200053621;718 599;50;0;2;0;1;3
202200053621;718 602;1;0;2;7;15;5
202200053622;718 598;7;0;0;9;1;1
202200053623;718 593;7;12;0;1;0;1
202200053624;718 597;7;1;0;3;13;2
202200053625;718 592;7;0;9;2;23;1
202200053625;718 596;1;0;2;1;1;5
202200053626;718 589;7;0;2;2;1;1
202200053626;718 595;3;0;0;8;1;1
202200053627;718 588;7;0;2;3;15;1
202200053627;718 591;32;0;2;1;1;1
202200053628;718 587;7;0;1;3;1;1
202200053629;718 585;1;0;2;8;1;5
202200053629;718 590;14;0;2;1;1;1
202200053630;718 579;10;13;0;1;0;1
202200053631;718 576;33;0;2;7;17;1
202200053631;718 584;7;0;2;6;15;1
202200053632;718 577;7;1;0;1;0;1
202200053632;718 582;7;0;0;0;0;0
202200053632;718 586;7;0;0;0;0;0
202200053633;718 578;7;0;2;1;1;1
202200053633;718 583;1;0;2;7;1;5
202200053634;718 581;7;0;1;3;15;1
202200053635;718 572;7;0;2;1;15;1
202200053635;718 575;30;0;2;4;1;3
202200053636;718 574;7;8;0;3;0;1
202200053636;718 580;2;0;2;1;1;1
202200053637;718 570;7;0;2;1;2;1
202200053637;718 573;7;0;2;4;2;1
202200053638;718 563;1;0;2;0;1;5
202200053638;718 568;7;0;2;0;1;1
202200053639;718 565;7;15;0;2;1;1
202200053640;718 560;32;0;2;1;1;1
202200053640;718 567;7;0;2;3;16;1
202200053641;718 564;7;1;0;0;0;1
202200053641;718 571;7;0;0;1;1;1
202200053642;718 558;33;2;0;2;1;1
202200053643;718 559;7;0;2;8;1;2
202200053643;718 562;7;0;2;7;12;1
202200053644;718 556;7;0;2;8;11;1
202200053644;718 566;7;0;2;7;1;1
202200053644;718 569;15;0;2;8;23;1
202200053645;718 557;33;0;2;3;1;1
202200053645;718 561;7;0;2;7;1;1
202200053646;718 555;32;12;0;7;1;1
202200053647;718 553;1;1;0;1;0;5