Num_Acc;id_vehicule;categorie_vehicule;obstacle_fixe;obstacle_mobile;point_choc_initial;manoeuvre_principale;motorisation
202200053648;718 551;32;0;1;0;1;0
202200053649;718 552;7;4;0;3;1;1
202200053650;718 554;43;0;1;1;17;1
202200053651;718 548;30;0;2;8;0;1
202200053651;718 550;7;0;2;0;16;3
202200053652;718 546;7;1;1;2;0;1
202200053653;718 544;7;0;0;4;2;1
202200053653;718 549;7;0;2;2;2;1
202200053654;718 541;7;0;2;4;1;2
202200053654;718 547;7;0;2;1;1;1
202200053655;718 543;33;8;0;8;1;1
202200053656;718 539;1;6;0;1;16;5
202200053657;718 540;7;0;2;3;23;1
202200053657;718 545;1;14;2;1;0;5
202200053658;718 535;7;0;2;3;15;1
202200053658;718 542;30;0;2;1;1;3
202200053659;718 536;7;1;0;2;2;1
202200053659;718 538;7;1;0;3;16;1
202200053660;718 534;7;0;2;0;12;1
202200053660;718 537;7;0;2;1;2;1
202200053661;718 531;7;0;1;4;4;0
202200053662;718 526;7;13;0;1;6;1
202200053663;718 525;7;0;2;3;1;1
202200053663;718 528;7;0;2;1;13;1
202200053664;718 523;7;0;2;6;1;2
202200053664;718 527;1;0;2;1;1;5
202200053665;718 519;7;0;2;4;13;2
202200053665;718 529;13;0;2;1;2;1
202200053665;718 532;7;0;2;7;2;1
202200053666;718 517;3;0;9;7;2;1
202200053666;718 521;1;0;0;0;0;5
202200053667;718 518;50;0;2;7;1;3
202200053667;718 524;7;0;2;0;15;0
202200053668;718 514;7;2;0;7;1;1
202200053669;718 516;7;0;2;2;1;1
202200053669;718 520;36;0;2;1;1;1
202200053669;718 530;7;0;2;6;1;1
202200053669;718 533;7;0;2;1;13;1
202200053670;718 512;7;0;0;5;15;2
202200053670;718 515;2;0;2;1;1;1
202200053671;718 511;33;0;0;9;1;1
202200053672;718 510;7;8;0;3;13;1
202200053673;718 508;7;1;0;7;14;1
202200053674;718 509;7;0;2;1;1;1
202200053674;718 513;7;0;2;4;9;2
202200053675;718 506;7;0;1;1;1;2
202200053676;718 505;7;8;0;8;13;1
202200053677;718 502;60;0;2;1;1;5
202200053677;718 507;7;0;2;0;1;1
202200053678;718 501;7;0;1;1;1;1
202200053679;718 499;33;0;2;8;2;1
202200053679;718 504;7;0;2;7;12;1
202200053680;718 500;7;0;2;0;14;1
202200053680;718 503;7;1;2;7;21;3
202200053681;718 497;7;0;1;1;0;1
202200053682;718 494;7;0;2;0;0;1
202200053682;718 498;7;0;2;0;0;1
202200053683;718 493;7;2;0;1;15;1
202200053684;718 486;80;0;2;6;0;3
202200053684;718 490;10;0;2;1;15;1
202200053685;718 484;7;0;0;9;1;0
202200053686;718 483;7;0;2;4;2;1
202200053686;718 491;7;0;2;1;2;1
202200053687;718 481;7;0;2;8;22;1
202200053687;718 489;7;1;1;2;1;1
202200053688;718 478;7;0;2;2;1;1
202200053688;718 485;7;11;2;7;14;1
202200053689;718 480;7;0;2;1;2;1
202200053689;718 487;7;0;2;4;2;1
202200053689;718 492;7;0;0;4;2;1
202200053690;718 477;0;0;2;1;0;0
202200053690;718 482;1;0;2;0;0;5
202200053691;718 476;7;0;2;1;2;1
202200053691;718 479;7;0;2;4;2;1
202200053692;718 475;36;0;0;0;1;1
202200053693;718 473;1;0;0;0;0;5
202200053694;718 471;10;0;1;0;1;1
202200053695;718 470;60;0;2;1;1;5
202200053695;718 474;30;0;2;1;13;1
202200053696;718 466;7;3;2;2;19;1
202200053696;718 472;7;3;0;3;1;1
202200053697;718 467;7;0;2;3;1;2
202200053697;718 468;7;0;2;3;1;1
202200053698;718 465;7;13;0;3;1;1
202200053699;718 460;3;9;2;1;19;1
202200053699;718 469;7;9;2;2;1;1
202200053700;718 459;7;0;2;3;15;1
202200053700;718 464;32;0;0;2;17;1
202200053701;718 461;10;0;1;3;15;1
202200053702;718 458;30;1;2;3;18;1
202200053702;718 463;30;0;2;4;14;1
202200053703;718 454;43;0;2;2;1;1
202200053703;718 457;7;0;2;3;13;1
202200053704;718 453;7;0;2;1;2;1
202200053704;718 456;7;0;2;1;2;1
202200053704;718 462;7;0;2;4;2;0
202200053705;718 447;7;0;1;1;0;1
202200053706;718 452;7;0;2;8;15;1
202200053706;718 455;34;0;2;7;2;1
202200053707;718 448;80;0;0;0;16;3
202200053708;718 444;50;0;2;1;1;3
202200053708;718 446;80;0;2;6;13;3
202200053709;718 445;13;2;0;1;14;1
202200053710;718 443;7;1;2;1;1;1
202200053710;718 450;7;9;2;1;1;1
202200053711;718 442;7;0;0;7;1;1
202200053711;718 451;7;0;2;1;1;1
202200053712;718 441;7;0;1;1;1;1
202200053713;718 440;7;0;2;7;9;3
202200053713;718 449;7;0;2;5;1;1
202200053714;718 439;31;2;0;1;0;0
202200053715;718 438;7;0;1;0;1;1
202200053716;718 432;7;0;1;2;1;1
202200053717;718 434;34;0;2;1;1;1
202200053717;718 437;7;0;2;8;15;2
202200053718;718 435;7;2;0;1;1;1
202200053719;718 431;7;0;2;1;15;2
202200053719;718 433;1;0;2;8;1;5
202200053720;718 430;7;0;1;1;1;1
202200053721;718 429;14;0;1;2;1;1
202200053722;718 423;7;4;0;7;17;1
202200053723;718 424;7;2;0;2;1;1
202200053724;718 420;2;0;0;4;2;1
202200053724;718 425;7;0;2;3;2;1
202200053725;718 419;7;0;2;3;1;1
202200053725;718 422;33;0;0;8;2;1
202200053725;718 427;33;0;2;1;13;1
202200053725;718 436;7;0;0;0;16;1
202200053726;718 416;7;0;0;0;2;1
202200053727;718 417;7;0;2;1;9;1
202200053727;718 426;33;0;2;1;1;1
202200053728;718 418;10;0;1;7;16;1
202200053729;718 413;7;0;0;3;15;1
202200053730;718 414;50;0;2;7;1;3
202200053730;718 421;7;0;2;1;1;1
202200053731;718 411;32;13;0;0;14;1
202200053732;718 409;10;0;2;2;15;1
202200053732;718 412;33;0;2;1;1;1
202200053733;718 410;7;0;2;8;15;1
202200053733;718 415;2;0;2;1;17;1
202200053734;718 408;35;0;0;0;0;1
202200053735;718 404;7;0;1;2;0;1
202200053736;718 405;7;0;1;2;1;1
202200053737;718 402;37;0;1;7;20;1
202200053738;718 401;1;0;2;2;5;5
202200053738;718 407;7;0;2;1;1;1
202200053739;718 398;10;9;0;1;1;1
202200053740;718 397;7;0;2;6;13;1
202200053740;718 400;31;0;2;1;1;1
202200053741;718 395;32;6;0;2;2;1
202200053742;718 396;7;0;1;1;1;1
202200053743;718 392;7;0;1;1;1;1
202200053744;718 390;7;0;2;8;26;1
202200053744;718 393;30;0;2;1;1;1
202200053745;718 389;7;0;2;8;15;1
202200053745;718 399;7;0;2;1;1;1
202200053746;718 391;7;0;1;1;1;1
202200053747;718 388;10;1;0;2;14;3
202200053747;718 394;7;0;2;6;24;1
202200053748;718 387;7;0;1;3;15;1
202200053749;718 386;7;0;0;3;13;1
202200053750;718 385;7;13;0;9;1;0
202200053751;718 382;7;0;2;3;9;1
202200053751;718 384;1;0;2;1;1;5
202200053752;718 377;33;0;2;1;1;1
202200053752;718 381;7;0;2;3;15;1
202200053753;718 375;14;0;1;1;9;1
202200053754;718 376;7;0;2;8;15;1
202200053754;718 380;33;0;2;1;17;1
202200053755;718 374;31;0;0;0;21;1
202200053755;718 383;7;0;0;0;9;1
202200053756;718 369;10;0;1;2;25;0
202200053757;718 370;7;0;2;1;1;1
202200053757;718 379;7;0;2;4;23;1
202200053758;718 368;33;6;0;1;13;1
202200053759;718 364;7;0;2;1;2;1
202200053759;718 365;7;0;2;4;23;1
202200053760;718 363;7;0;9;1;1;1
202200053760;718 367;1;0;2;8;26;5
202200053761;718 362;7;0;1;1;1;1
202200053762;718 361;7;0;2;3;1;1
202200053762;718 366;7;0;2;3;13;1
202200053763;718 372;10;0;1;1;26;1
202200053764;718 360;7;12;0;1;1;1
202200053765;718 357;50;0;2;0;19;3
202200053765;718 359;32;0;2;8;1;1
202200053766;718 354;7;0;1;1;1;2
202200053767;718 353;7;0;2;2;1;1
202200053767;718 358;50;0;2;1;9;3
202200053768;718 355;7;0;1;4;4;2
202200053769;718 350;7;0;1;2;20;1
202200053770;718 345;7;1;1;1;14;1
202200053770;718 352;7;0;0;1;2;1
202200053771;718 341;7;0;1;1;1;1
202200053772;718 340;60;0;2;0;0;5
202200053772;718 346;7;0;2;1;1;1
202200053773;718 343;7;0;0;2;26;1
202200053774;718 339;7;0;2;4;1;1
202200053774;718 349;7;17;2;3;16;1
202200053775;718 344;30;0;2;1;1;1
202200053775;718 348;7;0;2;5;15;1
202200053776;718 337;1;0;1;0;1;5
202200053777;718 336;10;0;2;3;10;1
202200053777;718 342;33;0;2;7;21;1
202200053778;718 338;7;0;2;1;5;1
202200053778;718 347;33;0;2;7;1;1
202200053778;718 351;2;0;2;1;1;1
202200053778;718 356;33;0;2;1;1;1
202200053779;718 334;7;0;2;1;0;1
202200053779;718 335;7;0;0;1;0;1
202200053780;718 332;7;0;1;5;20;2
202200053781;718 328;10;0;1;5;4;1
202200053782;718 331;7;0;1;1;1;1
202200053783;718 330;7;0;2;3;2;1
202200053783;718 333;80;0;2;3;2;3
202200053784;718 325;7;0;1;5;16;1
202200053785;718 327;33;7;0;8;0;1
202200053786;718 326;7;0;1;1;19;0
202200053787;718 324;10;0;2;7;1;1
202200053787;718 329;7;0;2;1;1;1
202200053788;718 319;7;0;1;2;16;1
202200053789;718 323;17;0;1;3;13;1
202200053790;718 317;7;14;0;3;10;1
202200053791;718 318;80;6;0;1;0;3
202200053792;718 316;1;0;2;1;1;5
202200053792;718 320;60;0;2;1;13;5
202200053793;718 314;7;0;2;1;13;1
202200053793;718 322;7;0;2;8;1;1
202200053794;718 307;10;2;0;1;26;1
202200053795;718 313;7;0;2;4;23;1
202200053795;718 321;7;0;2;1;2;1
202200053796;718 303;7;0;2;4;2;1
202200053796;718 309;7;1;0;1;1;1
202200053797;718 304;7;0;1;1;1;1
202200053798;718 305;10;0;2;2;1;1
202200053798;718 311;7;0;2;6;9;1
202200053799;718 302;7;0;2;2;19;1
202200053799;718 308;2;0;2;0;0;1
202200053800;718 306;7;0;2;7;16;1
202200053800;718 310;1;0;2;1;1;5
202200053801;718 300;7;6;0;1;13;1
202200053802;718 299;2;0;2;8;9;1
202200053802;718 315;7;0;2;3;2;1
202200053803;718 298;7;0;2;3;1;1
202200053803;718 301;7;0;2;3;1;1
202200053804;718 296;7;0;1;2;1;1
202200053805;718 293;7;0;1;0;17;1
202200053806;718 291;33;0;1;1;1;1
202200053807;718 288;10;0;2;4;16;1
202200053807;718 292;33;0;2;1;1;1
202200053808;718 290;7;0;2;1;15;1
202200053808;718 294;1;0;2;2;1;5
202200053809;718 283;13;0;2;7;14;1
202200053809;718 286;13;0;2;6;1;1
202200053809;718 295;7;0;2;8;14;1
202200053810;718 284;7;0;1;2;1;1
202200053811;718 281;10;0;2;1;2;1
202200053811;718 287;15;0;2;4;23;6
202200053812;718 282;10;1;0;2;1;1
202200053812;718 289;10;0;0;6;23;1
202200053813;718 280;1;0;2;3;19;5
202200053813;718 285;7;0;9;3;15;1
202200053814;718 277;2;0;0;7;1;1
202200053815;718 274;80;0;2;2;17;3
202200053815;718 279;7;0;9;3;15;1
202200053816;718 275;7;1;1;2;17;1
202200053817;718 276;7;0;1;2;1;1
202200053818;718 273;2;16;0;1;1;1
202200053819;718 270;7;0;2;5;1;1
202200053819;718 278;30;0;2;1;18;1
202200053820;718 268;7;0;2;1;3;1
202200053820;718 271;7;0;2;3;1;1
202200053821;718 267;7;12;0;6;2;1
202200053821;718 272;7;0;2;2;17;1
202200053822;718 261;1;14;0;1;1;5
202200053823;718 265;7;0;2;1;2;1
202200053823;718 269;33;0;2;4;23;1
202200053824;718 257;7;0;2;1;1;1
202200053824;718 264;30;0;2;7;1;1
202200053825;718 258;7;13;0;3;1;1
202200053826;718 255;50;0;2;3;1;3
202200053826;718 259;10;0;2;1;2;1
202200053827;718 256;32;0;2;1;1;1
202200053827;718 263;7;0;2;6;15;1
202200053828;718 254;7;0;2;6;2;2
202200053828;718 260;2;0;2;1;2;3
202200053829;718 253;7;6;0;1;1;2
202200053830;718 262;7;16;0;4;2;1
202200053830;718 266;7;0;2;1;2;1
202200053831;718 250;33;0;0;7;16;1
202200053832;718 248;7;11;0;1;1;1
202200053833;718 247;7;0;2;1;1;1
202200053833;718 252;14;0;2;1;1;1
202200053834;718 249;7;17;0;2;1;1
202200053835;718 246;7;0;2;1;15;2
202200053835;718 251;7;0;2;1;1;1
202200053836;718 242;7;0;2;2;15;1
202200053836;718 245;33;0;2;1;1;1
202200053837;718 236;50;0;0;0;0;3
202200053838;718 238;7;0;2;3;17;1
202200053838;718 243;33;0;2;1;1;1
202200053839;718 235;7;0;2;5;14;1
202200053839;718 244;7;0;2;3;1;2
202200053840;718 234;7;0;2;0;0;1
202200053840;718 241;2;0;2;1;1;1
202200053841;718 232;7;0;2;2;2;1
202200053841;718 240;2;0;2;1;1;1
202200053842;718 233;50;0;2;1;2;3
202200053842;718 239;7;0;2;5;2;1
202200053843;718 231;7;0;1;1;1;1
202200053844;718 230;33;0;2;1;1;0
202200053844;718 237;7;0;2;3;19;1
202200053845;718 229;10;0;1;3;1;1
202200053846;718 223;7;0;0;3;1;1
202200053846;718 228;2;0;0;8;26;1
202200053847;718 222;7;0;2;0;1;1
202200053848;718 219;1;0;2;8;1;5
202200053848;718 226;7;0;2;8;17;1
202200053849;718 218;33;0;2;2;1;1
202200053849;718 227;7;16;0;2;23;1
202200053850;718 216;7;0;2;1;1;1
202200053850;718 221;33;0;2;4;23;1
202200053851;718 215;7;0;2;1;19;1
202200053851;718 224;1;0;2;1;1;5
202200053852;718 217;34;1;2;1;1;1
202200053852;718 225;7;0;2;1;15;1
202200053853;718 212;2;1;0;1;1;1
202200053854;718 213;7;0;1;2;1;3
202200053855;718 210;7;0;2;1;17;1
202200053855;718 214;10;3;2;1;1;1
202200053855;718 220;7;0;2;1;1;1
202200053856;718 207;31;0;2;1;26;1
202200053856;718 211;7;0;2;4;2;1
202200053857;718 206;7;1;0;3;1;1
202200053858;718 205;2;0;2;7;1;1
202200053858;718 209;10;0;2;8;15;0
202200053859;718 203;30;0;0;0;21;1
202200053860;718 204;7;0;2;3;15;1
202200053860;718 208;2;0;2;1;1;1
202200053861;718 198;7;2;0;9;1;1
202200053862;718 200;10;8;0;2;14;1
202200053863;718 194;7;0;1;1;14;1
202200053864;718 189;2;0;0;1;1;1
202200053865;718 186;7;0;9;1;1;1
202200053865;718 188;1;0;2;1;5;5
202200053866;718 197;32;0;0;0;0;1
202200053866;718 201;7;0;0;0;11;1
202200053867;718 180;7;0;2;6;9;1
202200053867;718 185;43;0;2;1;1;1
202200053868;718 181;7;2;0;8;13;1
202200053869;718 177;7;0;1;1;1;1
202200053870;718 184;7;0;2;8;15;1
202200053870;718 193;33;0;2;2;2;1
202200053871;718 179;7;0;2;0;0;1
202200053871;718 196;1;0;2;0;0;0
202200053872;718 176;7;0;2;3;3;1
202200053872;718 178;7;0;2;8;1;1
202200053873;718 175;7;4;2;3;0;1
202200053873;718 183;10;0;2;3;1;1
202200053874;718 173;10;0;2;3;15;1
202200053874;718 182;33;0;2;1;17;1
202200053875;718 172;33;0;0;0;1;1
202200053876;718 171;7;6;0;1;1;1
202200053877;718 168;1;0;2;5;15;5
202200053877;718 174;7;0;9;3;14;1
202200053878;718 167;10;8;0;3;1;1
202200053879;718 165;50;0;2;1;0;3
202200053879;718 169;10;0;2;1;1;1
202200053880;718 164;7;0;2;1;1;1
202200053880;718 170;7;0;2;7;1;1
202200053881;718 161;7;0;2;1;15;1
202200053881;718 166;33;0;2;7;1;1
202200053882;718 159;7;0;1;4;4;1
202200053883;718 158;15;0;2;6;1;1
202200053883;718 162;14;0;2;3;1;1
202200053883;718 163;7;0;2;1;17;1
202200053884;718 156;7;0;0;0;0;1
202200053885;718 155;7;0;2;2;2;1
202200053885;718 160;7;0;2;6;2;1
202200053886;718 153;80;0;0;5;1;3
202200053886;718 157;7;0;2;3;9;1
202200053887;718 151;10;13;0;1;15;1
202200053888;718 152;7;0;2;3;15;1
202200053888;718 154;33;0;2;3;17;1
202200053889;718 148;7;0;1;2;1;1
202200053890;718 142;7;0;1;1;1;1
202200053891;718 141;33;0;2;1;1;1
202200053891;718 147;7;0;2;3;10;1
202200053892;718 139;7;0;2;3;1;1
202200053892;718 145;30;0;2;6;11;1
202200053893;718 138;33;0;0;0;2;1
202200053894;718 140;7;0;2;2;21;1
202200053894;718 144;7;0;2;3;1;1
202200053895;718 132;34;0;2;4;1;1
202200053895;718 136;7;0;2;2;1;1
202200053896;718 135;34;0;2;4;1;1
202200053896;718 137;32;0;2;1;2;1
202200053897;718 149;50;0;1;1;1;3
202200053898;718 128;7;0;0;0;13;1
202200053899;718 129;7;0;2;3;5;1
202200053899;718 133;38;0;2;3;16;1
202200053900;718 127;7;0;2;1;15;2
202200053900;718 131;33;0;2;8;1;1
202200053901;718 122;34;0;2;1;1;1
202200053902;718 121;7;0;2;1;1;1
202200053902;718 126;7;0;2;7;26;1
202200053903;718 117;7;0;2;1;2;1
202200053903;718 123;7;0;2;4;2;0
202200053904;718 118;7;0;2;4;23;1
202200053904;718 124;7;0;2;4;23;1
202200053904;718 130;7;0;2;4;23;1
202200053904;718 134;7;0;2;1;1;1
202200053905;718 115;30;1;0;7;17;3
202200053905;718 120;7;0;2;0;24;1
202200053906;718 113;7;0;2;3;13;1
202200053906;718 125;7;0;2;3;1;1
202200053907;718 111;10;0;2;3;1;1
202200053907;718 116;2;0;2;0;0;1
202200053908;718 110;30;0;2;7;1;1
202200053908;718 119;7;0;2;1;16;1
202200053909;718 108;7;0;0;4;23;1
202200053909;718 112;7;0;2;1;2;6
202200053910;718 105;7;0;2;1;1;1
202200053910;718 114;7;0;2;1;21;3
202200053911;718 106;7;0;2;5;1;1
202200053911;718 109;33;0;2;1;1;1
202200053912;718 103;7;8;0;1;19;1
202200053913;718 101;43;16;0;8;13;1
202200053914;718 099;7;0;1;1;1;1
202200053915;718 100;7;4;2;1;1;1
202200053915;718 107;7;0;2;6;2;1
202200053916;718 104;10;8;0;1;6;1
202200053917;718 097;33;13;0;1;1;1
202200053918;718 094;33;0;2;1;17;1
202200053918;718 098;1;0;2;3;15;5
202200053919;718 095;7;7;0;7;19;1
202200053919;718 102;14;0;2;1;0;1
202200053920;718 086;2;0;2;2;1;1
202200053920;718 093;10;0;2;3;9;1
202200053921;718 085;2;0;2;1;1;1
202200053921;718 090;7;0;2;7;15;1
202200053922;718 083;30;0;2;1;1;1
202200053922;718 091;7;0;2;3;15;1
202200053923;718 081;10;0;2;3;1;1
202200053923;718 084;7;8;2;7;20;1
202200053924;718 082;7;2;0;1;1;1
202200053925;718 080;7;2;0;1;1;1
202200053926;718 077;32;0;2;1;1;1
202200053926;718 087;3;0;2;3;15;1
202200053927;718 071;13;0;2;3;1;1
202200053927;718 089;7;0;2;2;1;1
202200053928;718 068;7;0;2;2;15;1
202200053928;718 074;33;0;2;1;1;1
202200053929;718 062;7;0;2;2;1;1
202200053929;718 069;2;0;2;1;9;1
202200053930;718 064;7;0;0;3;15;1
202200053930;718 067;2;0;2;1;17;1
202200053931;718 061;7;0;2;8;20;1
202200053931;718 076;7;0;2;1;1;1
202200053932;718 063;7;0;2;2;16;1
202200053932;718 072;33;0;2;0;0;1
202200053933;718 055;10;0;2;2;1;1
202200053933;718 059;30;0;2;8;13;1
202200053934;718 056;31;0;1;1;1;0
202200053935;718 052;1;0;2;3;1;5
202200053935;718 060;33;0;2;1;1;1
202200053936;718 051;7;0;2;4;2;1
202200053936;718 066;14;0;2;1;2;1
202200053937;718 049;7;0;2;7;17;1
202200053937;718 054;2;0;2;7;1;1
202200053938;718 045;7;0;2;1;20;1
202200053938;718 050;34;1;2;1;1;1
202200053939;718 043;7;0;2;1;1;1
202200053939;718 047;7;0;2;1;1;1
202200053940;718 042;7;0;2;3;15;1
202200053940;718 048;31;0;2;1;9;1
202200053941;718 041;31;0;2;1;17;1
202200053941;718 046;7;0;2;0;15;1
202200053942;718 037;7;0;1;1;1;1
202200053943;718 034;7;0;2;3;10;2
202200053943;718 040;32;0;2;2;1;1
202200053944;718 033;7;0;2;2;15;1
202200053944;718 044;30;0;9;1;1;1
202200053945;718 030;7;0;2;4;4;1
202200053945;718 038;13;0;2;1;1;1
202200053946;718 027;7;0;2;1;2;1
202200053946;718 035;7;0;2;4;23;1
202200053946;718 039;7;0;2;4;23;1
202200053947;718 031;33;0;2;3;17;1
202200053947;718 036;7;0;0;6;15;3
202200053948;718 028;7;6;0;2;26;1
202200053949;718 025;1;0;2;1;1;5
202200053949;718 032;7;0;2;2;1;1
202200053950;718 024;7;0;2;4;26;1
202200053950;718 026;7;0;2;1;2;
202200053951;718 023;38;0;1;1;1;1
202200053952;718 022;36;0;2;3;1;1
202200053952;718 029;7;0;2;3;15;1
202200053953;718 018;33;1;0;1;0;1
202200053954;718 016;1;0;2;1;1;5
202200053954;718 021;7;0;2;2;15;2
202200053955;718 015;32;0;2;2;3;1
202200053955;718 020;7;0;2;8;11;1
202200053956;718 014;7;0;2;8;17;1
202200053956;718 019;33;0;2;7;17;1
202200053957;718 017;7;0;1;3;1;1
202200053958;718 010;30;0;1;1;25;1
202200053959;718 012;7;0;0;5;15;1
202200053959;718 013;2;0;2;1;1;1
202200053960;718 003;33;0;2;1;1;1
202200053960;718 011;7;0;2;1;15;1
202200053961;718 005;7;3;0;3;2;1
202200053962;718 004;7;0;2;2;17;1
202200053962;718 008;30;0;2;6;1;1
202200053963;718 002;99;0;0;7;1;0
202200053964;718 001;7;0;2;4;0;1
202200053964;718 006;32;0;2;1;2;1
202200053965;718 000;7;0;2;3;0;1
202200053965;718 009;37;0;2;2;0;0
202200053966;717 997;7;0;1;1;1;0
202200053967;717 999;7;0;2;8;22;0
202200053967;718 007;1;0;2;1;1;5
202200053968;717 998;30;0;1;2;1;1
202200053969;717 994;7;2;0;1;13;1
202200053970;717 990;7;1;1;1;1;1
202200053971;717 991;38;0;0;2;1;1
202200053972;717 986;33;0;2;1;2;1
202200053972;717 993;7;0;2;4;2;1
202200053973;717 985;7;0;2;1;1;1
202200053973;717 996;1;0;2;0;16;5
202200053974;717 983;7;0;2;3;10;1
202200053974;717 989;7;0;2;1;1;1
202200053975;717 984;7;12;0;1;12;1
202200053976;717 982;7;9;2;1;1;1
202200053976;717 987;1;9;2;1;1;5
202200053977;717 979;33;0;2;1;2;1
202200053977;717 981;7;0;2;6;2;1
202200053978;717 977;7;0;1;2;1;3
202200053979;717 972;2;0;2;1;1;1
202200053979;717 976;7;0;0;4;1;1
202200053980;717 971;1;12;0;1;14;5
202200053981;717 968;7;0;1;1;1;1
202200053982;717 967;10;0;2;3;13;1
202200053982;717 974;10;0;2;3;1;1
202200053983;717 966;7;0;2;3;1;1
202200053983;717 975;7;0;2;5;12;1
202200053984;717 963;7;0;2;1;5;1
202200053984;717 970;7;8;2;9;1;1
202200053984;717 978;7;0;2;1;1;1
202200053985;717 965;2;0;2;1;1;1
202200053985;717 973;7;0;2;3;15;1
202200053986;717 959;7;0;0;5;23;1
202200053986;717 962;7;0;0;6;26;1
202200053986;717 969;10;0;2;2;2;1
202200053987;717 961;7;0;2;1;2;1
202200053987;717 964;10;0;2;4;26;1
202200053988;717 952;7;0;2;2;14;0
202200053988;717 956;50;0;2;3;7;3
202200053989;717 953;7;0;1;1;1;1
202200053990;717 949;7;9;2;1;15;1
202200053990;717 957;31;9;2;8;1;3
202200053991;717 950;43;0;2;1;1;1
202200053991;717 958;7;0;0;6;1;1
202200053992;717 945;7;0;2;3;13;1
202200053992;717 955;7;0;2;3;1;1
202200053993;717 946;1;0;0;4;2;5
202200053993;717 954;7;0;2;2;2;1
202200053994;717 944;7;0;2;1;17;1
202200053994;717 951;7;0;2;4;1;1
202200053995;717 942;7;0;2;1;1;1
202200053995;717 947;80;0;2;1;1;3
202200053996;717 941;7;14;2;1;6;2
202200053996;717 948;7;0;2;1;1;1
202200053996;717 960;7;0;2;6;1;1
202200053997;717 936;7;0;2;1;13;1
202200053997;717 943;7;0;2;1;1;1
202200053998;717 935;7;0;0;2;1;1
202200053998;717 939;50;0;2;3;25;3
202200053999;717 933;7;0;0;6;1;1
202200053999;717 938;2;0;2;1;2;1
202200054000;717 934;7;0;1;1;9;1
202200054001;717 931;0;0;1;0;0;0
202200054002;717 930;7;0;2;1;1;1
202200054002;717 940;30;0;2;2;1;1
202200054003;717 932;7;0;1;3;16;1
202200054004;717 929;33;0;2;1;17;0
202200054004;717 937;7;0;2;3;19;1
202200054005;717 924;32;0;0;0;0;1
202200054006;717 925;7;0;0;0;0;1
202200054007;717 926;7;0;1;1;1;1
202200054008;717 923;7;13;0;2;2;1
202200054009;717 919;7;0;1;;;1
202200054010;717 915;30;0;2;8;13;1
202200054010;717 918;38;0;2;7;17;1
202200054011;717 913;7;1;0;1;14;1
202200054011;717 917;7;0;2;4;23;1
202200054011;717 921;33;0;0;4;23;0
202200054012;717 912;7;3;0;1;14;1
202200054013;717 916;7;0;2;1;1;1
202200054013;717 922;7;0;2;7;15;1
202200054014;717 910;1;0;2;7;16;5
202200054014;717 920;10;0;2;2;1;1
202200054015;717 906;7;0;2;2;1;1
202200054015;717 911;1;0;2;1;9;5
202200054016;717 909;7;0;9;4;2;1
202200054016;717 914;37;0;2;1;2;6
202200054017;717 904;7;0;1;3;1;1
202200054018;717 903;7;0;2;8;13;1
202200054018;717 907;7;0;2;3;1;1
202200054019;717 900;7;0;0;6;21;1
202200054019;717 905;7;0;0;3;13;1
202200054020;717 897;1;0;2;1;9;5
202200054020;717 901;7;0;2;2;1;1
202200054021;717 894;7;6;0;1;1;1
202200054022;717 892;7;2;0;1;14;1
202200054023;717 890;7;0;2;3;1;1
202200054023;717 895;33;0;2;7;12;1
202200054024;717 887;7;0;2;2;16;1
202200054024;717 898;50;0;2;1;5;3
202200054025;717 888;7;2;0;7;1;1
202200054026;717 885;7;0;2;3;1;1
202200054026;717 899;7;0;2;3;1;1
202200054026;717 908;7;0;2;3;13;1
202200054027;717 889;30;0;2;0;5;1
202200054027;717 893;7;0;2;5;15;1
202200054028;717 882;7;0;2;1;1;1
202200054028;717 886;2;0;0;4;1;1
202200054028;717 896;32;0;0;4;1;1
202200054028;717 902;10;0;2;1;21;1
202200054029;717 879;7;0;1;1;1;1
202200054030;717 880;10;0;2;1;1;1
202200054030;717 884;7;0;2;1;13;1
202200054031;717 877;7;0;2;3;2;1
202200054031;717 883;7;8;0;1;15;1
202200054032;717 875;2;0;2;1;1;1
202200054032;717 881;2;0;2;1;1;1
202200054033;717 874;7;0;2;2;0;2
202200054033;717 876;1;0;2;1;2;5
202200054034;717 872;7;2;0;1;1;1
202200054035;717 873;7;0;2;7;1;1
202200054035;717 878;7;0;2;8;6;1
202200054036;717 871;7;0;1;3;15;1
202200054037;717 867;0;0;1;7;1;0
202200054038;717 864;7;0;2;3;26;1
202200054038;717 869;31;0;2;1;13;1
202200054039;717 863;7;0;2;1;0;1
202200054039;717 868;7;0;0;7;1;1
202200054040;717 861;13;0;2;1;1;1
202200054040;717 866;7;0;2;8;15;1
202200054041;717 856;1;0;2;1;1;5
202200054041;717 860;7;0;9;1;15;0
202200054042;717 859;7;0;2;5;2;1
202200054042;717 870;7;0;2;1;1;1
202200054043;717 858;7;0;2;4;2;1
202200054043;717 865;7;0;2;1;2;1
202200054044;717 857;7;0;2;2;15;1
202200054044;717 862;1;0;2;1;1;5
202200054045;717 855;7;0;1;3;16;1
202200054046;717 852;7;8;0;3;2;1
202200054047;717 848;33;0;0;1;1;1
202200054047;717 853;7;0;0;1;15;1
202200054048;717 846;7;0;2;1;17;1
202200054048;717 851;1;0;2;5;2;5
202200054049;717 844;1;0;2;1;21;5
202200054049;717 850;10;0;2;2;13;1
202200054050;717 845;33;16;0;0;15;1
202200054051;717 841;17;0;2;4;23;1
202200054051;717 849;38;0;2;4;1;1
202200054051;717 854;7;0;2;1;1;1
202200054052;717 837;7;0;2;6;9;1
202200054052;717 847;15;0;2;2;21;1
202200054053;717 835;33;0;0;0;1;1
202200054054;717 836;30;0;2;3;18;3