Num_Acc;id_vehicule;categorie_vehicule;obstacle_fixe;obstacle_mobile;point_choc_initial;manoeuvre_principale;motorisation
202200054054;717 840;7;0;2;7;1;1
202200054055;717 834;7;0;2;1;3;1
202200054055;717 839;7;0;2;0;2;1
202200054055;717 842;13;0;2;8;0;1
202200054056;717 833;33;0;2;1;1;1
202200054056;717 843;7;0;2;3;23;1
202200054057;717 831;7;0;0;9;1;1
202200054058;717 830;33;0;2;8;1;1
202200054058;717 838;7;0;2;3;13;1
202200054059;717 829;10;0;1;8;1;1
202200054060;717 827;7;0;9;1;2;1
202200054060;717 832;50;0;0;4;2;3
202200054061;717 828;30;8;0;1;1;1
202200054062;717 826;7;15;0;1;1;1
202200054063;717 822;33;0;2;1;1;1
202200054063;717 825;7;0;0;8;19;1
202200054064;717 820;33;6;0;1;21;1
202200054064;717 824;3;0;2;6;1;1
202200054065;717 821;7;0;1;1;1;1
202200054066;717 817;2;0;2;6;1;1
202200054066;717 823;21;0;2;6;0;1
202200054067;717 819;7;0;1;2;1;1
202200054068;717 815;7;3;0;1;1;1
202200054069;717 813;7;0;2;3;1;0
202200054069;717 816;33;0;2;1;5;0
202200054070;717 810;7;0;2;0;0;1
202200054070;717 818;7;0;2;2;1;0
202200054071;717 811;7;0;2;2;15;1
202200054071;717 814;30;0;2;1;1;3
202200054072;717 804;7;0;9;2;1;0
202200054072;717 812;50;0;2;1;9;3
202200054073;717 803;7;0;2;0;13;1
202200054073;717 808;15;0;2;3;1;1
202200054074;717 805;7;0;1;2;19;1
202200054075;717 802;31;0;2;0;12;1
202200054075;717 807;7;0;2;0;1;1
202200054076;717 798;7;0;2;3;1;1
202200054076;717 801;13;1;2;1;13;1
202200054077;717 795;3;0;2;1;1;1
202200054077;717 799;7;0;0;4;15;1
202200054077;717 806;7;0;2;1;2;1
202200054078;717 794;10;0;1;6;4;1
202200054079;717 792;10;0;2;1;16;3
202200054079;717 796;1;0;2;7;25;5
202200054080;717 788;7;3;0;2;14;1
202200054081;717 789;31;6;9;3;0;1
202200054082;717 786;10;4;2;1;5;1
202200054082;717 791;7;4;2;1;1;1
202200054082;717 797;7;0;2;1;1;1
202200054083;717 785;7;0;2;8;0;1
202200054083;717 793;2;0;2;1;0;1
202200054084;717 782;33;0;0;2;23;1
202200054085;717 781;33;0;2;8;1;1
202200054085;717 784;7;0;2;7;2;0
202200054086;717 779;37;0;0;2;1;0
202200054086;717 787;7;0;2;1;9;2
202200054087;717 777;7;0;2;1;1;1
202200054087;717 783;7;0;2;1;13;2
202200054088;717 775;7;0;2;1;2;1
202200054088;717 780;7;0;2;4;2;1
202200054089;717 771;7;14;1;1;1;1
202200054090;717 768;10;0;2;1;1;1
202200054090;717 773;7;0;2;1;13;1
202200054091;717 769;7;0;2;1;2;1
202200054091;717 774;7;0;2;4;2;1
202200054091;717 778;7;0;0;4;2;1
202200054092;717 770;0;0;2;0;26;0
202200054092;717 776;0;0;2;0;0;6
202200054093;717 765;30;0;0;0;0;1
202200054094;717 766;7;0;2;8;13;1
202200054094;717 772;7;0;2;8;1;1
202200054095;717 760;7;0;2;3;11;1
202200054095;717 763;7;0;2;5;1;1
202200054096;717 757;1;0;2;3;9;5
202200054096;717 761;10;0;2;2;1;1
202200054097;717 759;10;0;2;4;15;1
202200054097;717 764;33;0;2;1;2;1
202200054098;717 752;7;0;2;3;1;1
202200054098;717 758;7;0;2;3;13;1
202200054099;717 749;7;0;2;1;21;1
202200054099;717 755;30;0;2;1;13;1
202200054100;717 753;7;0;1;1;1;1
202200054101;717 750;15;0;0;6;1;1
202200054101;717 756;10;0;2;1;1;1
202200054102;717 748;7;0;2;3;0;1
202200054102;717 751;7;0;2;3;1;2
202200054103;717 745;7;0;2;4;1;1
202200054103;717 747;30;0;2;1;1;1
202200054104;717 746;36;0;0;0;1;1
202200054105;717 739;7;0;1;0;1;1
202200054106;717 740;7;0;2;8;13;1
202200054106;717 744;1;0;2;7;13;5
202200054107;717 737;7;0;2;8;1;1
202200054107;717 743;33;0;2;8;13;1
202200054108;717 734;7;0;1;2;1;1
202200054109;717 733;7;0;9;5;17;1
202200054109;717 738;1;0;2;8;15;5
202200054110;717 732;7;0;2;1;0;2
202200054110;717 736;38;0;2;5;0;1
202200054111;717 735;7;6;0;1;13;1
202200054112;717 729;33;0;0;3;1;1
202200054113;717 730;7;0;2;1;0;6
202200054113;717 742;7;0;2;7;19;0
202200054114;717 727;33;6;0;1;13;1
202200054115;717 728;7;3;0;2;26;1
202200054116;717 726;7;2;0;8;13;1
202200054117;717 722;7;0;2;7;14;1
202200054117;717 725;50;0;2;8;1;3
202200054118;717 721;7;0;2;1;2;1
202200054118;717 724;7;0;0;4;2;1
202200054119;717 723;7;15;0;2;1;1
202200054120;717 720;7;0;0;9;1;1
202200054121;717 717;7;15;0;1;1;1
202200054122;717 715;34;0;2;1;1;0
202200054122;717 718;30;0;2;6;9;1
202200054123;717 716;1;0;2;1;1;5
202200054123;717 719;7;0;9;3;15;1
202200054124;717 711;33;0;2;1;1;1
202200054124;717 714;10;0;2;3;15;1
202200054125;717 713;7;0;1;1;15;1
202200054126;717 708;31;0;0;7;9;1
202200054127;717 709;7;6;0;2;1;1
202200054128;717 706;33;16;0;1;1;1
202200054129;717 704;2;0;2;1;1;1
202200054129;717 710;7;0;0;4;1;1
202200054130;717 707;33;11;0;0;0;1
202200054131;717 701;7;13;0;9;14;1
202200054132;717 698;33;0;6;1;1;1
202200054133;717 699;7;0;2;5;17;1
202200054133;717 703;1;0;2;3;1;5
202200054134;717 697;10;0;2;4;2;1
202200054134;717 702;7;0;2;4;2;1
202200054134;717 705;31;0;2;9;2;1
202200054134;717 712;7;0;2;2;2;1
202200054135;717 695;3;0;1;1;1;3
202200054136;717 696;31;13;0;1;1;1
202200054137;717 691;7;0;0;0;0;3
202200054138;717 690;2;0;2;8;1;1
202200054138;717 692;14;0;2;5;17;0
202200054139;717 693;33;0;2;1;1;1
202200054139;717 700;7;0;2;2;15;1
202200054140;717 686;7;0;0;3;1;1
202200054140;717 694;10;0;0;3;13;1
202200054141;717 683;33;13;0;0;1;1
202200054142;717 689;7;16;0;1;1;1
202200054143;717 681;2;0;2;1;1;1
202200054143;717 687;7;0;2;1;0;1
202200054144;717 682;31;0;2;1;1;1
202200054144;717 688;10;0;2;4;1;1
202200054145;717 680;2;2;2;8;13;1
202200054145;717 684;2;16;2;7;14;1
202200054146;717 679;80;0;2;1;1;3
202200054146;717 685;7;0;2;2;16;1
202200054147;717 674;20;0;1;2;1;1
202200054148;717 676;7;0;2;1;1;1
202200054148;717 678;2;0;2;8;19;1
202200054149;717 673;10;0;2;7;9;1
202200054149;717 677;33;0;2;1;1;0
202200054150;717 675;7;0;1;7;1;1
202200054151;717 670;33;0;1;2;1;1
202200054152;717 667;7;0;2;1;2;1
202200054152;717 672;7;0;0;4;9;1
202200054153;717 665;7;0;2;8;11;1
202200054153;717 671;33;4;2;1;3;1
202200054154;717 663;2;9;2;1;1;1
202200054154;717 668;7;0;2;1;13;1
202200054155;717 661;33;0;2;1;1;1
202200054155;717 666;7;0;0;8;15;1
202200054156;717 662;2;0;0;2;1;1
202200054157;717 658;7;0;1;1;10;1
202200054158;717 664;7;0;2;6;2;1
202200054158;717 669;7;1;0;2;2;1
202200054159;717 659;7;4;0;3;1;1
202200054160;717 654;2;0;2;1;1;1
202200054160;717 660;7;0;2;4;1;1
202200054161;717 653;10;0;2;2;17;1
202200054161;717 657;7;0;2;8;1;1
202200054162;717 652;7;0;1;1;2;1
202200054163;717 651;7;0;2;4;1;1
202200054163;717 655;33;0;2;2;3;1
202200054164;717 648;33;0;0;2;1;1
202200054165;717 647;7;11;0;1;6;1
202200054166;717 644;7;13;2;3;1;1
202200054166;717 649;7;8;2;3;13;1
202200054167;717 642;7;0;2;4;21;1
202200054167;717 646;7;0;2;1;2;1
202200054168;717 640;7;16;2;8;10;1
202200054168;717 643;7;14;2;8;2;1
202200054169;717 637;10;0;2;4;2;1
202200054169;717 641;7;0;2;1;2;1
202200054170;717 638;7;8;0;3;13;1
202200054171;717 635;7;0;2;1;26;1
202200054171;717 650;14;0;2;1;1;1
202200054171;717 656;7;0;2;1;13;1
202200054172;717 645;7;6;0;1;0;1
202200054173;717 632;38;13;0;7;1;6
202200054174;717 634;7;0;2;7;19;1
202200054174;717 639;33;0;2;1;1;1
202200054175;717 631;7;0;2;1;1;1
202200054175;717 633;33;0;0;0;1;1
202200054176;717 629;33;6;0;8;2;1
202200054177;717 627;7;8;2;3;1;1
202200054177;717 636;7;0;2;3;13;1
202200054178;717 626;30;0;1;1;1;1
202200054179;717 625;7;0;1;2;15;1
202200054180;717 624;7;0;2;4;1;1
202200054180;717 630;7;0;2;1;1;1
202200054181;717 620;31;0;0;7;2;1
202200054182;717 613;7;0;0;6;15;1
202200054182;717 616;33;0;2;1;2;1
202200054183;717 612;7;0;1;0;15;0
202200054184;717 611;3;1;0;8;26;1
202200054184;717 617;2;1;0;0;0;1
202200054185;717 609;10;17;0;7;0;1
202200054186;717 607;7;0;2;1;2;1
202200054186;717 614;7;0;2;4;2;1
202200054186;717 619;7;0;2;4;2;1
202200054187;717 604;7;6;0;1;1;1
202200054188;717 605;10;1;2;2;26;1
202200054188;717 606;7;0;0;6;2;1
202200054189;717 601;10;6;0;1;1;1
202200054190;717 603;7;3;0;3;0;1
202200054191;717 599;7;15;0;8;1;2
202200054191;717 610;7;0;2;1;9;1
202200054192;717 598;7;12;0;1;0;1
202200054193;717 600;10;0;2;1;1;1
202200054193;717 622;7;0;2;4;23;1
202200054194;717 596;7;0;2;1;1;1
202200054194;717 602;7;0;2;8;13;1
202200054195;717 593;7;0;0;1;1;1
202200054196;717 587;10;0;2;1;12;1
202200054196;717 594;7;0;2;4;1;1
202200054196;717 597;7;0;2;4;1;1
202200054197;717 588;7;0;0;3;23;1
202200054197;717 595;7;1;0;3;1;1
202200054198;717 586;17;3;2;8;1;1
202200054199;717 585;7;0;2;7;20;1
202200054199;717 592;30;0;2;5;2;1
202200054200;717 581;7;0;2;4;1;1
202200054200;717 589;7;0;2;1;2;1
202200054201;717 583;7;0;2;2;2;1
202200054201;717 591;7;0;0;6;2;1
202200054202;717 584;7;0;2;2;17;1
202200054202;717 590;1;0;2;8;1;5
202200054203;717 580;7;0;1;1;1;0
202200054204;717 579;7;0;2;6;1;1
202200054204;717 582;7;0;2;2;14;1
202200054205;717 575;7;0;2;6;15;1
202200054205;717 578;30;0;2;1;17;1
202200054206;717 574;99;0;0;0;5;1
202200054207;717 571;10;0;2;3;1;1
202200054207;717 576;7;0;2;3;1;1
202200054208;717 566;7;0;2;2;16;1
202200054208;717 572;1;0;2;3;1;5
202200054209;717 568;7;2;0;9;1;1
202200054210;717 564;7;0;2;8;1;1
202200054210;717 573;7;0;2;1;1;1
202200054211;717 563;10;0;2;3;1;1
202200054211;717 570;7;0;2;2;13;1
202200054212;717 560;7;0;2;1;1;1
202200054212;717 565;7;0;2;4;1;1
202200054213;717 562;7;0;2;3;1;1
202200054213;717 569;7;3;0;6;5;1
202200054214;717 561;7;0;2;1;1;1
202200054214;717 567;7;0;2;3;1;1
202200054214;717 577;7;0;2;1;13;1
202200054215;717 559;7;0;1;0;15;1
202200054216;717 556;21;0;2;2;15;1
202200054216;717 557;1;0;2;1;1;5
202200054217;717 553;7;15;0;1;1;1
202200054218;717 554;7;0;1;2;1;3
202200054219;717 555;10;16;0;1;0;1
202200054220;717 552;7;13;0;5;1;1
202200054221;717 545;7;0;2;3;15;1
202200054221;717 549;1;0;2;6;2;5
202200054222;717 543;1;13;0;1;1;5
202200054223;717 544;7;0;1;1;1;1
202200054224;717 546;30;0;2;1;1;1
202200054224;717 551;7;0;0;6;15;1
202200054225;717 541;7;3;0;8;1;1
202200054226;717 542;7;0;2;2;15;0
202200054226;717 547;2;0;2;1;1;0
202200054227;717 539;7;15;0;3;14;0
202200054228;717 538;7;0;2;3;23;1
202200054228;717 548;7;0;2;1;1;1
202200054228;717 550;7;0;2;8;23;2
202200054229;717 537;33;6;0;1;1;1
202200054230;717 536;33;0;2;1;1;1
202200054230;717 540;7;0;2;5;1;1
202200054231;717 534;34;0;0;3;1;1
202200054232;717 531;10;0;1;1;0;1
202200054233;717 529;33;0;2;1;1;6
202200054233;717 535;7;0;2;7;15;1
202200054234;717 532;1;16;0;1;1;5
202200054235;717 528;10;0;1;4;26;1
202200054236;717 526;7;0;2;2;15;1
202200054236;717 533;33;0;2;1;1;1
202200054237;717 525;7;2;0;3;1;1
202200054238;717 524;1;0;2;8;19;5
202200054238;717 530;7;0;2;1;1;1
202200054239;717 519;33;0;0;1;1;1
202200054240;717 521;7;0;0;3;1;1
202200054241;717 517;34;0;2;3;13;1
202200054241;717 522;14;0;2;6;1;1
202200054242;717 516;31;0;2;1;1;1
202200054242;717 523;7;0;2;3;9;1
202200054243;717 520;7;0;2;3;13;1
202200054243;717 527;7;0;2;3;0;1
202200054244;717 513;7;6;0;1;16;1
202200054245;717 511;10;0;1;4;20;1
202200054246;717 510;7;0;2;3;13;0
202200054246;717 515;7;0;0;3;9;1
202200054247;717 507;33;0;2;1;17;1
202200054247;717 512;10;0;2;3;13;1
202200054248;717 508;7;0;1;1;1;1
202200054249;717 509;7;0;2;1;2;1
202200054249;717 514;7;0;2;4;23;1
202200054249;717 518;7;0;0;4;23;1
202200054250;717 506;2;7;0;1;1;1
202200054251;717 504;7;8;0;2;15;1
202200054252;717 500;21;0;2;6;11;1
202200054252;717 505;7;0;2;1;17;1
202200054253;717 494;7;0;2;3;1;1
202200054253;717 501;7;0;2;1;13;1
202200054254;717 496;33;3;0;8;17;1
202200054255;717 495;7;0;2;1;21;1
202200054255;717 499;7;0;2;1;13;1
202200054256;717 498;7;0;2;1;2;1
202200054256;717 502;30;0;2;1;2;0
202200054257;717 493;7;16;0;9;0;1
202200054258;717 492;10;0;2;1;9;1
202200054258;717 503;7;0;2;4;23;1
202200054259;717 489;1;0;2;4;1;5
202200054259;717 497;7;0;2;2;1;1
202200054260;717 491;3;0;0;9;21;1
202200054261;717 488;10;13;0;1;1;1
202200054262;717 486;7;0;2;1;2;1
202200054262;717 490;7;0;2;4;2;1
202200054263;717 484;7;1;0;1;13;1
202200054264;717 482;17;12;0;2;1;1
202200054265;717 479;1;0;2;1;13;5
202200054265;717 483;7;0;2;3;1;1
202200054266;717 481;33;7;2;4;2;1
202200054266;717 487;33;7;0;1;2;1
202200054267;717 478;7;0;2;1;1;1
202200054267;717 485;1;0;2;0;23;5
202200054268;717 476;7;0;2;4;1;1
202200054268;717 480;10;0;2;1;26;1
202200054269;717 477;7;6;0;2;14;1
202200054270;717 475;7;1;0;2;26;1
202200054271;717 472;7;12;0;3;26;1
202200054272;717 474;33;13;0;1;1;1
202200054273;717 473;7;14;0;9;1;1
202200054274;717 471;7;6;0;2;14;3
202200054275;717 470;7;0;0;1;0;1
202200054276;717 463;7;1;0;1;14;1
202200054277;717 468;7;0;1;1;2;1
202200054278;717 465;7;2;0;0;14;1
202200054279;717 467;7;0;1;3;1;1
202200054280;717 461;33;0;2;3;1;1
202200054280;717 466;32;0;2;3;0;1
202200054281;717 458;7;0;2;2;15;1
202200054281;717 462;31;0;2;8;1;1
202200054282;717 459;33;12;0;1;13;1
202200054282;717 464;33;14;2;1;2;1
202200054283;717 456;7;14;0;1;1;1
202200054284;717 454;7;0;1;1;1;6
202200054285;717 457;7;13;0;9;0;1
202200054286;717 452;7;6;0;1;13;1
202200054287;717 450;1;0;2;8;1;5
202200054287;717 455;7;0;2;7;26;1
202200054288;717 448;32;0;2;4;23;1
202200054288;717 453;2;0;2;1;2;1
202200054289;717 447;7;0;1;3;1;1
202200054290;717 449;7;2;0;9;14;1
202200054291;717 445;1;0;0;0;2;5
202200054292;717 441;33;0;2;1;17;1
202200054292;717 446;10;0;2;8;15;1
202200054293;717 443;33;0;2;1;1;1
202200054293;717 451;33;0;2;3;15;1
202200054294;717 439;7;0;1;0;0;0
202200054295;717 434;7;0;1;1;1;3
202200054296;717 437;7;0;2;1;2;2
202200054296;717 444;7;0;2;5;1;1
202200054297;717 438;1;0;2;1;1;5
202200054297;717 440;7;0;2;1;1;1
202200054298;717 431;7;0;2;1;19;1
202200054298;717 442;7;6;2;6;1;2
202200054299;717 432;7;2;0;3;13;1
202200054300;717 430;1;0;2;9;1;5
202200054300;717 436;7;0;2;3;20;1
202200054301;717 429;7;0;2;3;15;1
202200054301;717 435;2;0;2;1;26;1
202200054302;717 427;1;0;2;8;9;5
202200054302;717 433;7;0;2;1;1;1
202200054303;717 426;7;6;0;1;13;1
202200054304;717 425;7;13;0;3;1;1
202200054305;717 420;7;0;2;6;1;1
202200054305;717 428;1;0;2;1;1;5
202200054306;717 416;33;0;2;1;1;1
202200054306;717 423;7;0;2;2;10;1
202200054307;717 418;7;0;2;1;1;1
202200054307;717 424;7;0;2;4;1;1
202200054308;717 414;33;9;0;1;1;1
202200054309;717 411;7;0;2;4;23;1
202200054309;717 417;7;0;2;4;23;1
202200054309;717 422;10;0;2;1;2;1
202200054310;717 410;10;0;2;1;1;1
202200054310;717 419;7;0;2;2;1;1
202200054311;717 409;7;0;2;3;9;1
202200054311;717 421;7;0;2;2;1;1
202200054312;717 407;7;0;2;1;15;1
202200054312;717 415;2;0;2;3;1;1
202200054313;717 406;2;0;2;1;2;1
202200054313;717 412;7;0;0;4;23;1
202200054314;717 403;3;1;0;2;1;1
202200054315;717 397;7;0;0;6;24;1
202200054315;717 408;7;0;0;5;24;1
202200054315;717 413;7;1;0;1;17;1
202200054316;717 398;7;0;2;7;1;1
202200054316;717 404;34;0;2;3;18;1
202200054317;717 396;7;0;2;3;9;1
202200054317;717 405;7;1;2;2;1;1
202200054318;717 395;7;6;2;8;1;1
202200054318;717 400;7;0;2;8;26;1
202200054319;717 393;36;0;0;1;1;1
202200054320;717 394;7;0;1;4;4;1
202200054321;717 391;7;2;0;1;13;1
202200054322;717 392;30;0;0;0;26;1
202200054323;717 389;7;16;0;9;0;1
202200054324;717 390;7;0;1;0;1;0
202200054325;717 384;33;0;2;0;0;1
202200054325;717 387;7;0;2;2;15;1
202200054326;717 381;7;0;0;5;2;1
202200054326;717 386;7;0;2;3;2;1
202200054327;717 385;7;0;0;1;1;1
202200054328;717 375;30;1;0;1;1;3
202200054329;717 374;10;0;2;1;1;1
202200054329;717 379;10;0;2;4;2;1
202200054330;717 372;7;0;2;1;1;1
202200054330;717 377;7;0;2;4;1;1
202200054330;717 382;7;0;2;4;2;3
202200054331;717 373;7;0;2;3;1;1
202200054331;717 378;2;0;2;1;13;1
202200054332;717 369;7;0;2;3;16;1
202200054332;717 380;33;0;2;8;1;1
202200054333;717 365;7;0;2;4;1;1
202200054333;717 371;33;0;2;1;3;1
202200054334;717 368;7;0;2;1;2;1
202200054334;717 376;7;0;2;4;2;1
202200054334;717 388;7;0;2;4;2;1
202200054335;717 364;33;0;2;1;13;1
202200054335;717 370;7;0;0;5;15;1
202200054336;717 362;7;0;2;1;15;1
202200054336;717 366;2;0;2;8;1;1
202200054337;717 361;1;0;2;1;1;5
202200054337;717 367;7;0;2;1;1;1
202200054338;717 360;7;0;2;3;15;1
202200054338;717 363;2;0;2;3;1;1
202200054339;717 359;7;0;1;2;26;1
202200054340;717 355;7;0;2;1;1;1
202200054340;717 358;7;0;2;4;1;1
202200054341;717 352;7;0;6;0;0;1
202200054342;717 348;7;0;2;1;1;1
202200054342;717 356;7;0;2;7;9;1
202200054343;717 347;7;9;0;1;2;0
202200054343;717 350;33;0;2;7;1;1
202200054344;717 345;7;2;0;9;1;1
202200054345;717 342;17;0;2;1;1;1
202200054345;717 346;7;4;2;1;1;1
202200054345;717 353;7;4;2;6;9;1
202200054346;717 341;7;0;2;4;1;1
202200054346;717 349;7;0;2;4;2;1
202200054346;717 354;7;0;2;1;2;1
202200054347;717 340;7;0;2;3;1;1
202200054347;717 351;10;0;2;3;1;1
202200054347;717 357;10;0;2;3;1;1
202200054348;717 338;30;0;2;2;5;1
202200054348;717 344;7;0;2;3;13;1
202200054349;717 337;7;0;2;4;2;1
202200054349;717 339;7;0;2;1;2;1
202200054350;717 333;7;0;2;1;1;1
202200054350;717 343;7;0;2;2;1;2
202200054351;717 335;7;2;0;2;13;1
202200054352;717 330;50;0;2;1;1;3
202200054352;717 336;7;0;2;6;9;1
202200054353;717 326;1;0;2;4;2;5
202200054353;717 331;7;0;2;2;2;1
202200054354;717 324;10;2;0;1;13;1
202200054355;717 321;7;0;2;1;1;1
202200054355;717 327;32;0;2;4;1;1
202200054356;717 318;33;0;0;0;2;1
202200054357;717 319;34;0;1;1;1;1
202200054358;717 317;7;0;2;1;2;1
202200054358;717 328;7;0;2;1;1;1
202200054358;717 332;7;0;2;4;2;1
202200054359;717 315;7;0;2;1;2;1
202200054359;717 323;7;0;2;4;2;1
202200054360;717 312;7;0;2;2;1;1
202200054360;717 316;7;0;2;5;14;1
202200054360;717 322;7;0;2;8;1;1
202200054360;717 329;33;0;2;8;3;1
202200054361;717 311;7;0;2;1;1;1
202200054361;717 320;30;0;2;8;1;1
202200054362;717 308;99;0;2;1;1;1
202200054362;717 314;7;0;2;3;1;1
202200054363;717 307;32;0;2;1;3;1
202200054363;717 313;7;0;2;3;16;1
202200054364;717 304;7;0;2;1;15;1
202200054364;717 310;33;0;2;1;17;1
202200054365;717 298;7;0;2;2;15;1
202200054365;717 303;10;2;2;7;1;1
202200054366;717 300;1;0;2;4;2;5
202200054366;717 309;1;0;2;1;2;5
202200054367;717 299;1;0;2;1;1;5
202200054367;717 305;50;0;2;1;1;3
202200054368;717 301;7;0;2;3;19;1
202200054368;717 306;31;0;2;1;17;1
202200054369;717 297;7;0;0;9;1;1
202200054370;717 294;7;0;2;1;1;1
202200054370;717 302;7;0;2;0;1;1
202200054371;717 293;7;13;0;1;1;1
202200054372;717 290;7;0;2;3;1;1
202200054372;717 296;7;0;2;3;13;1
202200054373;717 289;7;0;2;3;15;1
202200054373;717 295;7;0;2;2;1;1
202200054374;717 286;33;0;2;1;1;1
202200054374;717 291;1;0;0;7;10;5
202200054375;717 285;10;0;2;1;1;1
202200054375;717 292;1;0;2;7;9;5
202200054376;717 284;33;6;0;2;0;1
202200054377;717 277;33;0;0;0;0;1
202200054378;717 276;30;0;1;0;0;1
202200054379;717 275;7;0;2;1;1;1
202200054379;717 283;33;0;2;7;26;1
202200054380;717 279;7;0;2;3;1;1
202200054380;717 287;7;0;2;3;13;1
202200054381;717 274;7;0;2;3;13;1
202200054381;717 280;7;0;2;3;1;1
202200054382;717 273;7;0;2;1;15;1
202200054382;717 278;33;0;2;7;1;1
202200054383;717 270;7;0;2;6;1;1
202200054383;717 281;7;0;2;1;1;1
202200054384;717 268;35;6;0;2;0;1
202200054385;717 266;43;4;0;1;18;1
202200054386;717 271;1;0;2;1;1;5
202200054386;717 282;1;0;2;1;1;5
202200054386;717 288;7;0;0;8;15;1
202200054387;717 269;7;0;2;4;23;1
202200054387;717 272;7;0;2;1;1;1
202200054388;717 258;50;0;0;0;1;3
202200054389;717 257;7;0;2;4;1;1
202200054389;717 261;7;0;2;4;2;1
202200054389;717 264;7;0;2;4;2;1
202200054389;717 267;37;0;2;1;2;6
202200054390;717 255;33;0;0;8;15;1
202200054391;717 253;7;0;1;1;15;1
202200054392;717 252;33;0;2;2;1;1
202200054392;717 256;7;0;2;2;15;1
202200054393;717 249;7;2;0;9;1;1
202200054394;717 248;7;0;2;1;5;1
202200054394;717 262;7;0;2;2;1;1
202200054395;717 247;50;0;1;1;1;3
202200054396;717 243;7;3;2;2;12;1
202200054396;717 246;7;0;2;4;2;1
202200054397;717 250;7;0;1;1;1;1
202200054398;717 244;2;0;2;1;1;1
202200054398;717 251;7;0;2;7;15;1
202200054399;717 241;30;0;2;2;2;3
202200054399;717 245;7;0;2;3;1;1
202200054400;717 238;7;0;1;3;1;1
202200054401;717 237;13;0;2;3;1;1
202200054401;717 242;7;0;2;1;13;1
202200054402;717 236;7;0;2;1;17;1
202200054402;717 239;7;0;2;4;15;1
202200054403;717 235;33;0;2;1;5;1
202200054403;717 240;7;0;2;1;1;1
202200054404;717 232;10;4;0;1;14;1
202200054405;717 228;7;0;2;8;22;1
202200054405;717 233;1;0;2;1;1;5
202200054406;717 226;7;6;0;2;1;1
202200054407;717 224;7;0;2;1;1;1
202200054407;717 230;1;0;2;8;10;5
202200054408;717 222;7;2;0;3;1;1
202200054409;717 220;7;0;2;7;1;1
202200054409;717 231;10;0;2;1;9;1
202200054410;717 219;7;0;2;1;1;1
202200054410;717 225;7;0;2;4;2;1
202200054410;717 234;7;0;2;4;1;1
202200054411;717 218;7;0;2;1;13;1
202200054411;717 221;7;0;2;1;1;1
202200054412;717 213;33;13;0;9;1;1
202200054413;717 210;7;0;1;2;2;1
202200054414;717 215;7;0;2;6;2;1
202200054414;717 217;10;0;2;4;2;1
202200054414;717 223;7;0;2;1;1;1
202200054415;717 206;33;0;2;1;1;1
202200054415;717 212;7;0;2;1;15;1
202200054416;717 214;7;0;0;1;0;1
202200054417;717 207;7;0;1;5;4;0
202200054418;717 211;7;6;0;2;0;1
202200054419;717 208;7;0;2;3;17;1
202200054419;717 209;7;0;2;1;1;1
202200054420;717 204;33;0;0;7;2;1
202200054421;717 203;1;0;2;7;26;5
202200054421;717 205;7;0;2;3;15;1
202200054422;717 201;7;0;2;8;2;1
202200054422;717 216;30;0;2;1;2;1
202200054423;717 199;7;14;2;3;15;2
202200054423;717 202;33;14;0;4;1;1
202200054424;717 190;7;4;0;4;1;1
202200054424;717 196;7;0;2;1;2;1
202200054425;717 189;7;0;2;2;15;1
202200054425;717 192;7;0;2;1;9;1
202200054426;717 193;7;9;0;8;2;0
202200054426;717 200;30;0;2;8;13;0
202200054427;717 185;7;4;2;0;0;1
202200054427;717 191;33;3;2;3;3;1
202200054428;717 183;10;0;0;0;5;1
202200054428;717 186;7;2;0;8;21;1
202200054429;717 187;7;0;2;2;1;1
202200054429;717 197;2;0;2;1;15;1
202200054430;717 180;7;0;2;7;1;1
202200054430;717 188;7;6;2;2;0;1
202200054431;717 182;7;0;2;3;16;1
202200054431;717 195;7;0;2;2;16;1
202200054432;717 184;7;0;1;2;1;1
202200054433;717 176;2;0;2;4;23;1
202200054433;717 179;7;12;2;2;14;1
202200054434;717 178;33;0;2;7;17;1
202200054434;717 181;7;0;2;3;15;1
202200054435;717 173;30;0;2;4;0;1
202200054435;717 177;10;0;2;1;15;1
202200054436;717 170;7;0;1;3;1;0
202200054437;717 166;7;0;2;6;1;1
202200054437;717 175;7;0;2;1;14;1
202200054438;717 165;7;0;9;6;16;1
202200054438;717 172;1;0;2;3;1;5
202200054439;717 163;33;0;2;8;21;1
202200054439;717 168;99;0;0;0;0;0
202200054439;717 174;7;0;2;8;9;1
202200054440;717 162;21;0;2;8;19;1
202200054440;717 171;33;0;2;1;1;1
202200054441;717 160;17;0;0;0;1;1
202200054441;717 167;7;0;2;1;1;1
202200054442;717 158;7;2;0;1;1;1
202200054443;717 161;7;0;2;1;0;1
202200054443;717 169;7;0;0;4;24;1
202200054444;717 153;7;8;0;0;1;1
202200054445;717 155;7;0;2;3;1;2
202200054445;717 159;7;0;2;1;17;1
202200054446;717 156;7;0;0;0;0;1
202200054447;717 154;7;0;2;1;1;1
202200054447;717 164;10;0;2;3;15;1
202200054448;717 152;38;0;2;1;1;1
202200054448;717 157;3;0;2;1;1;1
202200054449;717 149;2;0;0;0;1;1
202200054450;717 144;1;0;2;1;1;5
202200054450;717 150;7;0;9;7;1;1
202200054451;717 142;7;0;2;1;2;1
202200054451;717 147;7;0;2;4;2;1
202200054451;717 151;7;0;2;1;2;1
202200054452;717 139;7;6;2;1;17;1
202200054452;717 146;21;0;0;8;15;1
202200054453;717 143;17;0;2;6;1;1
202200054453;717 148;33;0;2;1;2;1
202200054454;717 138;7;0;1;1;1;1
202200054455;717 137;43;0;2;2;2;1
202200054455;717 145;7;0;2;3;26;1
202200054456;717 136;7;2;0;1;1;1
202200054457;717 135;17;0;2;2;12;1
202200054457;717 141;7;0;2;6;1;1
202200054458;717 132;10;0;2;6;2;1