Num_Acc;id_vehicule;categorie_vehicule;obstacle_fixe;obstacle_mobile;point_choc_initial;manoeuvre_principale;motorisation
202200054458;717 134;7;0;2;1;2;1
202200054458;717 140;7;0;2;4;2;1
202200054459;717 129;7;0;1;5;4;1
202200054460;717 128;7;2;0;0;1;1
202200054461;717 120;13;0;2;1;2;1
202200054461;717 124;13;0;1;4;2;1
202200054461;717 131;7;0;2;6;23;1
202200054462;717 125;7;0;2;1;2;1
202200054462;717 130;7;0;2;4;2;2
202200054463;717 119;99;0;9;1;19;6
202200054463;717 126;1;0;5;6;1;5
202200054464;717 122;7;0;2;3;1;1
202200054464;717 133;7;0;2;3;15;1
202200054465;717 116;33;0;2;7;1;1
202200054465;717 123;7;0;2;8;11;1
202200054466;717 118;7;0;2;0;15;1
202200054466;717 127;7;0;1;1;26;
202200054467;717 115;33;0;2;9;11;1
202200054467;717 121;7;0;2;4;1;1
202200054468;717 113;7;0;2;3;1;2
202200054468;717 117;30;0;2;1;1;1
202200054469;717 109;1;0;0;4;0;5
202200054469;717 114;7;0;2;2;0;1
202200054470;717 110;34;4;0;1;2;1
202200054471;717 105;33;0;2;3;13;1
202200054471;717 111;33;0;2;6;13;1
202200054472;717 104;10;0;2;3;15;1
202200054472;717 112;1;0;2;1;26;5
202200054473;717 102;7;1;0;3;0;1
202200054474;717 103;33;0;2;2;17;1
202200054474;717 108;7;0;2;8;15;1
202200054475;717 101;17;0;2;4;2;1
202200054475;717 107;7;0;2;1;2;1
202200054476;717 099;7;0;1;1;1;1
202200054477;717 100;1;1;0;1;1;5
202200054477;717 106;7;0;2;3;24;1
202200054478;717 097;7;0;1;1;1;1
202200054479;717 095;2;0;0;0;21;1
202200054480;717 092;7;0;1;1;1;1
202200054481;717 089;7;0;1;2;1;1
202200054482;717 088;7;1;1;1;26;1
202200054483;717 084;7;0;2;4;1;1
202200054483;717 091;7;0;2;4;2;1
202200054483;717 096;7;0;2;1;1;1
202200054484;717 087;7;0;2;1;13;1
202200054484;717 094;1;0;2;1;0;5
202200054485;717 090;33;0;2;8;1;1
202200054485;717 098;7;0;2;1;1;1
202200054486;717 082;7;1;0;2;1;1
202200054486;717 085;10;0;1;2;24;1
202200054487;717 080;0;0;1;2;5;0
202200054488;717 079;7;6;0;1;1;1
202200054489;717 077;2;0;1;1;1;1
202200054490;717 072;7;0;1;1;26;1
202200054491;717 068;33;0;2;1;1;1
202200054491;717 074;7;0;2;2;5;1
202200054492;717 070;1;0;2;7;9;5
202200054492;717 075;7;0;2;3;9;0
202200054493;717 066;7;0;2;4;23;1
202200054493;717 073;7;0;2;4;23;1
202200054493;717 078;7;0;2;1;2;1
202200054494;717 065;7;6;0;1;1;1
202200054495;717 064;7;0;0;3;13;1
202200054495;717 071;7;0;2;8;1;1
202200054496;717 063;10;0;2;1;2;1
202200054496;717 067;7;0;2;4;2;1
202200054496;717 076;7;0;0;4;1;1
202200054497;717 061;7;0;2;1;2;1
202200054497;717 069;7;0;2;4;1;1
202200054498;717 060;7;0;1;1;1;1
202200054499;717 055;2;0;0;0;13;1
202200054500;717 050;7;0;2;2;9;0
202200054500;717 059;1;0;0;0;1;5
202200054501;717 052;33;5;0;2;1;1
202200054502;717 047;7;0;1;1;1;1
202200054503;717 048;7;0;2;1;1;1
202200054503;717 062;7;3;2;1;13;1
202200054504;717 045;7;0;2;1;0;1
202200054504;717 056;7;0;2;4;0;1
202200054504;717 058;7;0;0;4;0;1
202200054505;717 044;7;0;2;1;9;1
202200054505;717 051;33;0;2;1;3;1
202200054506;717 053;33;0;2;0;1;1
202200054507;717 042;7;0;2;8;1;1
202200054507;717 046;1;0;0;1;1;5
202200054507;717 054;1;0;0;1;1;5
202200054508;717 040;7;0;2;1;2;1
202200054508;717 043;7;0;2;4;1;1
202200054508;717 049;7;0;2;4;1;2
202200054508;717 057;7;0;2;4;1;1
202200054509;717 041;7;2;0;2;0;6
202200054510;717 035;7;0;0;1;1;1
202200054511;717 036;50;6;0;2;1;3
202200054512;717 034;7;0;1;2;2;1
202200054513;717 033;2;0;0;1;1;1
202200054513;717 037;7;0;0;4;2;1
202200054514;717 032;7;0;2;3;15;1
202200054514;717 039;33;0;2;1;1;1
202200054515;717 031;7;0;2;3;13;1
202200054515;717 038;33;0;2;7;1;1
202200054516;717 027;7;11;0;3;1;1
202200054517;717 028;7;13;0;1;14;1
202200054518;717 022;7;0;2;4;1;1
202200054518;717 026;7;0;2;1;0;1
202200054518;717 030;7;0;2;1;1;1
202200054519;717 025;10;6;0;1;1;1
202200054520;717 024;30;0;2;2;9;1
202200054520;717 029;7;0;2;3;9;1
202200054521;717 018;33;14;0;1;1;1
202200054522;717 019;7;6;0;2;1;1
202200054523;717 017;7;0;2;6;13;1
202200054523;717 023;33;0;2;7;2;1
202200054524;717 015;7;0;2;1;15;1
202200054524;717 020;30;0;2;6;0;1
202200054525;717 016;1;0;2;1;1;5
202200054525;717 021;17;0;2;7;15;1
202200054526;717 012;7;4;0;3;1;1
202200054527;717 009;34;0;2;1;1;1
202200054527;717 013;7;0;2;4;2;1
202200054528;717 006;7;0;0;9;21;1
202200054529;717 008;30;6;0;7;1;1
202200054530;717 001;7;0;0;9;14;1
202200054531;717 003;33;0;2;1;3;1
202200054531;717 007;7;0;2;6;11;1
202200054532;716 995;10;0;2;1;1;1
202200054532;716 998;31;0;2;8;1;1
202200054532;717 005;7;0;2;3;1;1
202200054532;717 010;7;0;2;3;1;1
202200054533;716 993;7;0;2;3;1;1
202200054533;717 002;30;0;2;1;9;1
202200054534;716 994;33;0;2;3;3;1
202200054534;716 996;7;0;2;7;12;1
202200054535;716 988;2;0;2;8;15;1
202200054535;716 999;7;0;2;1;1;1
202200054536;716 987;10;3;0;2;14;1
202200054537;716 985;7;0;2;3;13;1
202200054537;716 989;7;0;2;3;1;1
202200054538;716 986;15;0;0;8;1;1
202200054538;716 991;43;12;2;7;1;1
202200054539;716 984;7;0;2;9;1;
202200054539;716 992;7;0;4;2;17;1
202200054539;717 000;39;0;2;7;1;3
202200054540;716 982;10;0;2;6;15;1
202200054540;716 990;2;0;2;1;1;1
202200054541;716 983;7;1;1;2;1;1
202200054542;716 976;7;0;2;1;2;1
202200054542;716 980;7;0;2;4;2;1
202200054543;716 974;7;13;0;1;1;1
202200054544;716 972;36;0;9;1;0;1
202200054545;716 970;7;0;2;4;2;2
202200054545;716 978;7;0;2;1;2;1
202200054546;716 977;7;0;2;1;15;2
202200054546;716 981;34;0;2;1;1;1
202200054547;716 968;33;0;0;5;1;1
202200054548;716 971;7;0;2;1;1;1
202200054548;716 975;7;0;2;4;1;1
202200054549;716 965;7;0;2;2;2;1
202200054549;716 969;1;0;2;1;19;5
202200054550;716 964;10;3;0;9;18;1
202200054550;716 973;10;0;0;7;14;1
202200054551;716 962;33;10;0;8;1;1
202200054552;716 967;7;0;1;3;15;1
202200054553;716 958;7;0;2;4;2;1
202200054553;716 966;7;0;2;1;2;1
202200054554;716 953;7;0;0;9;1;1
202200054555;716 956;7;0;2;3;1;1
202200054555;716 960;7;0;2;5;2;1
202200054556;716 951;33;0;2;2;17;1
202200054556;716 961;7;0;2;3;15;1
202200054557;716 949;7;0;2;0;1;1
202200054557;716 957;2;0;2;1;1;1
202200054558;716 947;33;0;2;8;2;1
202200054558;716 954;33;1;0;0;0;1
202200054559;716 948;1;0;2;8;1;5
202200054559;716 955;7;0;9;2;1;1
202200054560;716 950;7;0;2;3;13;1
202200054560;716 963;7;0;2;3;1;1
202200054561;716 946;7;2;0;8;14;1
202200054562;716 944;2;0;2;9;9;1
202200054562;716 952;7;0;2;3;9;1
202200054563;716 940;7;0;2;3;15;1
202200054563;716 945;60;0;2;8;1;5
202200054564;716 941;7;0;2;1;1;1
202200054564;716 943;7;11;2;1;2;1
202200054565;716 936;7;0;2;1;1;1
202200054565;716 942;7;0;2;4;1;1
202200054566;716 935;7;0;2;1;15;1
202200054566;716 937;2;0;2;1;1;1
202200054567;716 934;7;0;2;1;2;1
202200054567;716 939;7;0;2;4;2;3
202200054568;716 929;7;0;0;3;2;0
202200054569;716 933;7;0;2;8;9;1
202200054569;716 938;80;0;2;1;1;0
202200054570;716 928;32;0;2;8;17;1
202200054570;716 931;7;0;2;5;1;1
202200054571;716 921;7;0;2;1;1;1
202200054571;716 923;7;0;2;1;11;1
202200054572;716 920;17;0;2;2;1;1
202200054572;716 930;7;0;2;8;16;1
202200054573;716 917;7;0;2;1;2;1
202200054573;716 927;7;0;2;2;15;1
202200054574;716 919;33;0;2;1;17;1
202200054574;716 925;7;0;0;6;17;1
202200054575;716 914;7;0;1;1;1;0
202200054576;716 908;7;0;2;1;2;1
202200054576;716 915;7;0;2;4;2;1
202200054576;716 922;7;0;2;0;2;1
202200054577;716 909;7;0;2;1;1;1
202200054577;716 913;7;0;0;8;1;1
202200054578;716 907;10;0;2;5;1;1
202200054578;716 912;7;0;2;1;1;1
202200054578;716 916;10;0;2;4;1;1
202200054578;716 926;7;0;2;5;1;1
202200054579;716 910;7;0;2;1;1;1
202200054579;716 918;7;0;2;7;1;1
202200054579;716 924;7;16;2;3;1;1
202200054579;716 932;7;2;2;9;17;2
202200054580;716 904;7;0;2;1;1;1
202200054580;716 911;7;0;2;4;26;1
202200054581;716 901;7;1;1;1;1;1
202200054582;716 900;7;0;1;2;1;1
202200054583;716 899;7;0;2;8;11;1
202200054583;716 902;32;12;2;7;1;1
202200054584;716 894;7;6;0;1;13;1
202200054585;716 897;1;0;2;4;1;5
202200054585;716 905;7;0;2;3;19;1
202200054586;716 891;33;0;2;2;17;1
202200054586;716 896;7;0;2;6;11;1
202200054587;716 892;7;2;1;1;13;1
202200054588;716 890;7;0;2;4;2;1
202200054588;716 898;7;0;2;1;2;1
202200054589;716 889;7;0;2;8;1;1
202200054589;716 893;1;0;2;7;1;5
202200054590;716 888;10;0;1;1;26;3
202200054591;716 885;1;0;2;1;15;5
202200054591;716 895;7;0;2;2;1;1
202200054592;716 883;7;0;2;3;12;1
202200054592;716 887;7;0;2;5;23;1
202200054593;716 877;7;3;0;3;1;1
202200054594;716 880;34;0;0;7;1;1
202200054595;716 876;10;0;2;3;1;1
202200054595;716 884;7;0;2;3;1;1
202200054596;716 882;10;0;9;2;1;1
202200054596;716 886;1;0;2;1;1;5
202200054597;716 875;7;0;2;1;1;1
202200054597;716 879;2;0;2;1;1;1
202200054598;716 874;7;0;1;2;16;1
202200054599;716 872;7;0;2;5;1;1
202200054599;716 881;7;0;2;1;9;1
202200054600;716 868;7;0;2;7;19;1
202200054600;716 878;7;0;2;1;1;1
202200054601;716 866;7;0;2;3;15;1
202200054601;716 871;33;0;2;1;1;1
202200054602;716 864;14;0;2;2;12;1
202200054602;716 865;7;0;2;6;1;1
202200054603;716 863;2;0;2;1;13;1
202200054603;716 867;7;0;2;3;1;1
202200054604;716 861;17;0;2;0;0;0
202200054604;716 869;33;0;2;7;1;1
202200054605;716 862;33;0;0;0;21;1
202200054605;716 873;7;0;0;0;13;0
202200054606;716 860;7;1;2;8;22;1
202200054606;716 870;1;0;2;1;1;5
202200054607;716 857;36;2;0;9;1;1
202200054608;716 853;7;0;2;2;2;1
202200054608;716 856;7;0;0;8;2;1
202200054609;716 855;7;0;2;3;1;1
202200054609;716 859;7;0;2;3;13;1
202200054610;716 849;7;0;2;4;2;1
202200054610;716 854;7;0;2;1;1;2
202200054611;716 850;7;7;0;0;0;1
202200054612;716 843;7;0;2;1;2;1
202200054612;716 845;14;0;0;4;2;1
202200054613;716 844;7;0;2;3;15;2
202200054613;716 848;33;0;2;2;17;0
202200054614;716 852;7;0;2;4;1;1
202200054614;716 858;7;0;2;1;0;1
202200054615;716 842;7;0;0;3;24;1
202200054615;716 847;7;1;0;2;1;1
202200054616;716 841;7;0;9;1;1;1
202200054616;716 846;7;0;1;1;1;1
202200054617;716 839;33;0;0;0;1;1
202200054618;716 840;7;0;1;1;1;1
202200054619;716 837;1;0;2;7;17;5
202200054619;716 851;80;0;2;8;2;3
202200054620;716 836;7;0;1;7;1;1
202200054621;716 830;7;14;0;1;5;1
202200054622;716 828;7;0;2;4;23;1
202200054622;716 834;7;0;2;1;1;1
202200054623;716 827;1;0;1;1;1;5
202200054624;716 825;1;0;2;1;1;5
202200054624;716 831;7;0;2;3;1;1
202200054624;716 835;7;0;2;8;17;1
202200054625;716 826;31;0;2;7;12;1
202200054626;716 823;7;0;2;1;1;1
202200054626;716 833;7;0;2;4;26;1
202200054627;716 824;10;0;2;1;15;1
202200054627;716 838;7;0;2;1;1;1
202200054628;716 821;37;0;1;2;9;1
202200054629;716 822;7;0;2;1;1;1
202200054629;716 829;33;0;2;1;13;1
202200054630;716 820;7;0;2;1;1;1
202200054630;716 832;7;0;2;3;13;1
202200054631;716 815;7;0;1;3;1;1
202200054632;716 818;33;0;0;1;0;1
202200054633;716 814;2;0;0;3;1;1
202200054633;716 819;7;0;0;3;1;1
202200054634;716 810;7;3;0;2;14;1
202200054635;716 812;7;15;1;1;16;1
202200054636;716 809;33;0;0;0;1;1
202200054637;716 808;50;0;2;1;1;3
202200054637;716 816;7;0;2;2;9;1
202200054638;716 807;7;0;2;1;1;1
202200054638;716 817;7;0;2;3;15;1
202200054639;716 804;30;0;2;1;1;1
202200054639;716 811;7;0;2;6;1;1
202200054640;716 802;33;0;2;3;3;1
202200054640;716 806;7;0;2;7;14;0
202200054641;716 800;7;0;1;3;1;1
202200054642;716 801;50;0;0;0;0;3
202200054643;716 798;10;0;1;8;15;1
202200054644;716 799;7;13;0;2;1;1
202200054645;716 796;1;0;1;1;2;5
202200054646;716 791;80;0;2;7;1;3
202200054646;716 797;10;0;2;3;9;1
202200054647;716 790;3;0;1;9;1;1
202200054648;716 788;33;0;2;8;3;1
202200054648;716 792;7;0;2;5;1;1
202200054649;716 786;7;0;1;1;17;1
202200054650;716 785;30;0;2;1;0;1
202200054650;716 793;7;0;2;3;0;1
202200054651;716 784;7;0;2;4;2;0
202200054651;716 795;7;0;2;1;26;1
202200054652;716 780;7;13;0;1;26;1
202200054653;716 779;7;12;0;0;13;1
202200054654;716 770;7;0;2;3;9;1
202200054654;716 775;2;0;2;1;1;1
202200054655;716 776;2;0;2;1;17;1
202200054655;716 781;2;0;2;8;15;1
202200054656;716 769;7;0;0;8;0;0
202200054656;716 774;2;12;0;4;0;0
202200054657;716 766;7;0;2;3;2;1
202200054657;716 771;33;0;2;3;3;1
202200054657;716 777;13;0;2;5;12;0
202200054658;716 765;7;12;2;1;19;1
202200054658;716 773;7;0;2;6;1;1
202200054659;716 762;7;0;2;3;17;1
202200054659;716 767;7;0;2;3;1;1
202200054660;716 760;7;4;2;1;2;1
202200054660;716 772;7;0;2;4;2;1
202200054660;716 778;7;0;2;9;2;1
202200054660;716 782;7;0;2;6;2;1
202200054660;716 789;7;0;2;6;2;1
202200054661;716 758;7;14;0;4;0;2
202200054661;716 763;32;0;2;1;26;1
202200054662;716 759;34;0;2;1;17;1
202200054662;716 764;7;0;2;3;15;1
202200054663;716 757;7;1;0;1;17;1
202200054664;716 761;50;12;0;0;0;3
202200054665;716 754;7;0;2;3;1;1
202200054665;716 768;7;0;2;3;13;2
202200054666;716 752;7;0;2;2;1;1
202200054666;716 755;32;0;2;8;21;1
202200054667;716 753;7;2;0;9;0;1
202200054668;716 751;10;0;1;1;15;1
202200054669;716 750;1;0;2;1;13;5
202200054669;716 756;7;0;2;8;1;1
202200054670;716 741;31;0;2;1;1;1
202200054670;716 748;7;0;2;7;15;1
202200054671;716 738;7;0;9;2;17;1
202200054671;716 746;1;0;2;1;26;5
202200054672;716 740;1;0;2;4;2;5
202200054672;716 747;7;0;2;2;2;1
202200054673;716 743;7;8;0;3;0;1
202200054674;716 734;7;0;2;1;2;1
202200054674;716 745;7;0;2;4;2;1
202200054675;716 732;10;0;2;7;5;1
202200054675;716 739;7;0;2;1;1;1
202200054676;716 736;7;0;2;1;2;1
202200054676;716 744;10;0;2;4;2;1
202200054676;716 749;7;0;2;4;2;1
202200054677;716 733;7;0;1;4;4;1
202200054678;716 728;7;4;0;4;1;1
202200054678;716 735;7;4;2;4;1;1
202200054678;716 742;7;4;2;2;1;1
202200054679;716 726;7;0;1;1;1;1
202200054680;716 727;33;12;0;3;1;1
202200054681;716 725;7;0;0;8;1;1
202200054681;716 737;7;0;2;2;1;1
202200054682;716 722;33;0;2;3;1;1
202200054682;716 729;7;17;2;3;1;1
202200054683;716 723;7;0;2;2;1;1
202200054683;716 730;80;0;2;8;15;3
202200054684;716 719;7;4;0;1;21;1
202200054685;716 724;7;0;0;0;17;1
202200054686;716 716;7;0;0;1;1;1
202200054686;716 721;33;0;2;2;1;1
202200054687;716 714;7;8;0;1;1;1
202200054688;716 718;7;0;2;2;15;1
202200054688;716 720;1;0;2;1;1;5
202200054689;716 713;2;12;0;1;14;1
202200054690;716 715;7;8;0;3;1;6
202200054691;716 708;1;0;0;0;1;5
202200054692;716 712;80;0;2;1;2;3
202200054692;716 717;7;0;9;4;2;1
202200054693;716 707;33;0;2;1;3;1
202200054693;716 710;7;0;2;2;12;3
202200054694;716 706;7;1;0;1;14;1
202200054695;716 704;7;0;2;3;15;3
202200054695;716 711;1;0;2;1;1;5
202200054696;716 701;10;0;2;3;17;1
202200054696;716 705;33;0;2;3;1;1
202200054697;716 700;7;0;2;1;2;1
202200054697;716 703;1;0;2;6;15;5
202200054698;716 695;1;0;2;9;17;5
202200054698;716 699;7;0;2;3;13;1
202200054699;716 698;7;0;2;2;1;1
202200054699;716 709;7;0;2;3;1;1
202200054700;716 691;7;8;0;3;1;1
202200054701;716 690;7;0;2;3;11;1
202200054701;716 697;33;0;2;7;1;1
202200054702;716 694;7;0;0;5;2;1
202200054702;716 702;7;0;2;1;1;1
202200054703;716 688;7;0;2;4;23;1
202200054703;716 692;7;0;2;1;1;1
202200054704;716 686;7;0;2;8;21;1
202200054704;716 689;7;0;2;3;1;1
202200054704;716 696;7;0;2;3;13;1
202200054705;716 682;7;0;1;1;1;1
202200054706;716 683;7;0;2;1;2;1
202200054706;716 687;7;0;2;4;23;1
202200054707;716 680;7;0;2;1;1;0
202200054707;716 685;7;0;2;4;1;0
202200054707;716 693;7;0;2;6;1;0
202200054708;716 679;10;8;0;1;0;1
202200054709;716 678;7;0;2;2;1;1
202200054709;716 684;7;0;2;1;1;1
202200054710;716 677;33;0;2;0;3;1
202200054710;716 681;10;0;2;0;0;0
202200054711;716 676;7;13;0;2;21;1
202200054712;716 674;10;0;1;2;1;1
202200054713;716 670;7;0;2;3;15;1
202200054713;716 675;30;0;2;8;1;1
202200054714;716 667;7;0;2;2;15;1
202200054714;716 671;30;0;2;8;10;3
202200054715;716 668;1;0;2;1;1;5
202200054715;716 672;7;0;0;2;15;1
202200054716;716 664;7;0;2;8;9;1
202200054716;716 673;80;0;2;7;1;3
202200054717;716 663;1;0;9;1;1;5
202200054717;716 669;1;0;9;1;1;5
202200054718;716 662;30;0;1;1;1;1
202200054719;716 657;3;1;1;1;20;1
202200054720;716 655;7;0;9;2;19;1
202200054720;716 660;1;0;2;1;19;5
202200054721;716 653;7;0;2;6;9;1
202200054721;716 658;1;0;2;1;1;5
202200054722;716 652;10;0;9;3;15;1
202200054722;716 654;1;0;2;2;17;5
202200054723;716 650;7;15;0;1;1;1
202200054724;716 646;10;0;1;4;20;1
202200054725;716 640;7;0;9;2;2;1
202200054725;716 644;1;0;2;4;2;5
202200054726;716 639;15;0;2;3;1;1
202200054726;716 643;7;0;2;3;13;1
202200054727;716 636;33;0;0;8;1;1
202200054728;716 637;1;0;2;7;13;5
202200054728;716 642;7;0;9;2;1;1
202200054729;716 661;32;0;2;7;3;1
202200054729;716 665;7;0;2;6;11;1
202200054730;716 634;1;0;9;4;15;5
202200054730;716 638;1;0;2;1;1;5
202200054731;716 628;7;4;0;3;2;1
202200054731;716 635;30;4;0;4;1;1
202200054732;716 625;7;0;2;5;15;1
202200054732;716 632;7;0;2;3;0;1
202200054733;716 624;7;0;2;3;10;1
202200054733;716 630;31;0;2;1;1;1
202200054734;716 626;7;0;0;8;15;1
202200054734;716 631;33;0;0;0;2;1
202200054735;716 620;1;0;2;1;1;0
202200054735;716 627;7;0;2;2;16;1
202200054736;716 621;7;2;0;1;16;1
202200054737;716 623;7;0;2;1;15;1
202200054737;716 629;2;0;2;7;1;1
202200054738;716 613;7;4;0;1;0;1
202200054739;716 614;7;0;2;4;2;1
202200054739;716 622;10;0;2;1;2;0
202200054740;716 608;7;0;0;3;1;0
202200054740;716 618;7;0;0;3;13;1
202200054741;716 607;14;14;2;1;23;1
202200054741;716 615;7;14;0;4;23;1
202200054742;716 611;7;0;2;8;17;1
202200054742;716 617;41;0;2;7;1;3
202200054743;716 604;1;0;2;7;1;5
202200054743;716 610;7;0;2;1;9;1
202200054744;716 603;7;0;9;1;1;1
202200054744;716 606;1;0;2;2;1;5
202200054745;716 601;33;2;0;1;1;1
202200054746;716 599;34;0;2;3;18;6
202200054746;716 602;7;0;2;5;16;6
202200054747;716 600;7;0;1;1;9;1
202200054748;716 598;33;0;1;1;1;1
202200054749;716 596;37;0;1;3;15;1
202200054750;716 589;7;0;2;1;2;1
202200054750;716 594;7;0;2;4;2;1
202200054751;716 588;7;0;2;2;1;1
202200054751;716 592;33;0;2;2;13;1
202200054752;716 587;7;0;1;1;2;1
202200054753;716 585;7;0;2;8;1;1
202200054753;716 591;7;0;2;5;1;1
202200054753;716 595;7;0;2;1;14;1
202200054754;716 582;7;4;0;1;1;1
202200054755;716 580;33;0;2;1;5;1
202200054755;716 586;7;0;2;3;1;1
202200054756;716 579;10;8;2;1;2;0
202200054756;716 584;7;8;0;4;2;1
202200054756;716 590;7;8;2;4;0;0
202200054757;716 578;7;0;2;2;1;1
202200054757;716 583;7;0;2;8;17;1
202200054758;716 572;7;0;2;4;2;0
202200054758;716 577;7;0;2;1;2;1
202200054759;716 570;1;0;2;5;9;5
202200054759;716 575;7;0;2;0;9;1
202200054760;716 569;43;0;2;1;3;1
202200054760;716 574;7;0;2;8;0;1
202200054761;716 568;7;0;2;2;5;1
202200054761;716 571;32;0;2;1;1;1
202200054762;716 563;7;0;1;3;15;1
202200054763;716 565;7;0;2;5;2;1
202200054763;716 576;7;0;2;1;10;1
202200054764;716 562;7;0;2;4;2;1
202200054764;716 564;7;0;2;4;2;1
202200054764;716 573;7;0;2;1;2;1
202200054765;716 559;7;4;0;2;21;1
202200054766;716 556;33;0;2;1;17;1
202200054766;716 560;7;0;2;3;1;1
202200054767;716 554;7;0;1;0;1;0
202200054768;716 553;37;0;2;7;0;1
202200054768;716 558;10;0;2;4;20;1
202200054769;716 550;7;0;2;2;16;1
202200054769;716 557;1;0;2;7;19;5
202200054770;716 545;7;0;2;6;1;1
202200054770;716 551;7;0;2;2;12;1
202200054771;716 543;7;0;2;6;11;1
202200054771;716 549;33;0;2;1;3;1
202200054772;716 542;7;0;2;4;2;1
202200054772;716 546;50;0;2;1;2;3
202200054773;716 540;43;0;2;1;1;1
202200054773;716 544;7;0;2;2;1;1
202200054774;716 539;37;0;1;3;15;1
202200054775;716 537;7;0;9;8;0;1
202200054775;716 541;1;0;2;0;0;5
202200054776;716 535;7;13;0;9;1;1
202200054777;716 534;7;0;2;4;2;1
202200054777;716 538;7;0;2;4;2;1
202200054777;716 547;7;0;2;4;2;1
202200054777;716 552;7;0;2;1;2;2
202200054778;716 533;32;0;2;1;11;1
202200054778;716 536;7;0;2;5;1;1
202200054779;716 532;7;8;0;1;14;1
202200054780;716 530;7;0;1;1;9;1
202200054781;716 548;2;0;2;1;16;1
202200054781;716 555;7;0;2;1;1;1
202200054782;716 528;7;0;2;1;13;1
202200054782;716 531;7;0;2;3;1;1
202200054783;716 529;1;0;1;1;1;5
202200054784;716 521;7;0;2;4;2;1
202200054784;716 526;7;0;2;1;2;1
202200054785;716 520;10;0;2;4;1;1
202200054785;716 524;7;0;2;1;1;1
202200054786;716 518;7;6;0;1;1;1
202200054787;716 519;7;0;2;3;15;1
202200054787;716 522;30;0;2;6;1;1
202200054788;716 515;7;0;2;2;1;2
202200054788;716 525;10;0;2;3;19;1
202200054789;716 513;7;0;2;4;2;1
202200054789;716 523;7;0;2;4;2;1
202200054789;716 527;7;0;2;1;2;1
202200054790;716 512;7;4;0;1;14;1
202200054791;716 510;7;0;2;7;17;1
202200054791;716 516;1;0;2;8;1;5
202200054792;716 511;2;0;2;7;15;1
202200054792;716 517;7;6;2;1;1;1
202200054793;716 508;7;0;2;2;9;1
202200054793;716 514;7;0;2;1;1;1
202200054794;716 507;7;0;0;1;15;1
202200054795;716 503;7;4;0;1;14;1
202200054796;716 501;7;0;2;4;2;1
202200054796;716 506;33;0;2;1;2;1
202200054797;716 498;10;0;2;6;1;1
202200054797;716 504;7;0;2;2;13;1
202200054798;716 500;7;2;0;6;1;1
202200054799;716 497;33;0;1;1;1;1
202200054800;716 496;34;0;2;1;3;1
202200054800;716 502;7;0;2;5;1;1
202200054800;716 509;10;0;2;3;1;1
202200054801;716 492;14;0;2;1;1;1
202200054801;716 495;7;0;2;1;15;1
202200054802;716 490;7;6;0;1;20;1
202200054803;716 487;33;0;2;1;1;1
202200054803;716 494;10;0;2;2;15;1
202200054804;716 488;7;3;0;2;18;1
202200054805;716 486;1;0;2;6;1;5
202200054805;716 493;10;0;9;3;9;1
202200054806;716 484;7;6;0;7;2;1
202200054807;716 485;7;0;2;8;11;1
202200054807;716 491;14;0;2;2;1;1
202200054808;716 482;1;0;2;8;15;5
202200054808;716 489;14;0;2;7;1;1
202200054809;716 479;15;0;2;5;11;1
202200054809;716 483;33;0;2;1;3;1
202200054810;716 477;10;0;2;7;15;1
202200054810;716 481;34;0;2;1;1;1
202200054811;716 475;33;16;0;2;21;1
202200054812;716 472;7;0;1;2;1;1
202200054813;716 470;10;0;2;1;2;1
202200054813;716 476;7;0;2;4;1;1
202200054814;716 469;7;0;2;1;11;1
202200054814;716 474;7;0;2;4;23;1
202200054815;716 468;7;0;0;1;1;1
202200054816;716 467;7;0;2;1;1;1
202200054816;716 471;7;0;2;4;2;1
202200054817;716 466;1;0;2;1;1;0
202200054817;716 473;7;0;2;1;17;1
202200054818;716 463;7;9;9;1;26;1
202200054819;716 459;38;12;1;1;19;1
202200054820;716 461;7;0;2;4;2;1
202200054820;716 465;7;0;2;1;2;1
202200054821;716 457;7;0;2;2;15;1
202200054821;716 462;32;0;2;3;1;1
202200054822;716 452;7;0;2;4;2;2
202200054822;716 460;7;0;2;4;2;1
202200054822;716 464;13;0;2;1;2;1
202200054823;716 453;30;12;0;1;21;1
202200054824;716 451;7;0;2;1;2;1
202200054824;716 458;7;0;2;4;2;1
202200054825;716 450;7;0;2;1;5;1
202200054825;716 456;33;0;2;1;21;1
202200054826;716 448;2;0;2;1;1;1
202200054826;716 455;7;0;2;3;15;1
202200054827;716 446;36;16;0;3;13;1
202200054828;716 442;7;0;2;2;15;1
202200054828;716 449;7;4;2;3;1;1
202200054829;716 443;7;0;2;4;2;1
202200054829;716 447;7;0;2;1;2;1
202200054829;716 454;7;0;2;4;2;0
202200054830;716 439;7;0;2;1;1;1
202200054830;716 445;7;0;2;4;2;1
202200054831;716 437;33;14;0;1;9;1
202200054832;716 435;33;0;9;0;21;1
202200054833;716 436;7;13;2;1;1;1
202200054833;716 441;10;13;2;7;13;1
202200054834;716 434;32;0;2;1;1;1
202200054834;716 440;7;0;2;6;15;1
202200054835;716 438;7;0;2;2;16;1
202200054835;716 444;1;0;2;4;19;5
202200054836;716 430;7;0;2;2;26;1
202200054836;716 433;7;6;2;6;1;1
202200054837;716 428;7;0;2;1;13;1
202200054837;716 431;7;0;2;1;1;1
202200054838;716 425;7;4;0;1;0;1
202200054839;716 420;7;0;1;4;26;1
202200054840;716 419;7;0;2;3;13;1
202200054840;716 424;43;0;2;2;1;1
202200054841;716 415;7;0;2;1;1;1
202200054841;716 429;14;0;2;3;1;1
202200054841;716 432;7;0;2;3;13;1
202200054842;716 413;7;0;2;7;17;1
202200054842;716 422;13;0;2;2;1;1
202200054842;716 427;7;0;2;5;2;1
202200054843;716 411;1;0;2;1;1;5
202200054843;716 418;7;0;2;7;16;1
202200054844;716 410;10;0;2;3;15;1