Num_Acc;id_vehicule;categorie_vehicule;obstacle_fixe;obstacle_mobile;point_choc_initial;manoeuvre_principale;motorisation
202200054844;716 417;80;1;2;1;1;3
202200054845;716 409;32;0;0;8;1;1
202200054846;716 408;7;0;2;4;23;1
202200054846;716 416;7;0;2;4;0;1
202200054846;716 423;7;0;2;1;26;1
202200054847;716 407;7;3;2;7;1;1
202200054847;716 414;7;0;2;7;1;1
202200054847;716 421;7;0;2;1;1;1
202200054847;716 426;7;0;2;6;23;1
202200054848;716 405;7;0;2;1;1;1
202200054848;716 412;30;0;2;7;1;1
202200054849;716 401;32;0;2;7;12;1
202200054849;716 406;10;0;2;8;1;1
202200054850;716 400;7;0;2;1;9;1
202200054850;716 404;31;0;2;5;1;1
202200054851;716 397;7;0;2;1;1;1
202200054851;716 403;7;0;2;1;1;1
202200054852;716 396;31;0;2;5;3;1
202200054852;716 402;7;0;2;3;1;1
202200054853;716 393;30;0;2;1;1;1
202200054853;716 398;7;0;2;7;15;1
202200054854;716 389;13;0;2;7;12;1
202200054854;716 394;7;0;2;8;1;1
202200054855;716 387;7;0;2;2;1;1
202200054855;716 395;31;0;2;6;23;1
202200054856;716 391;7;0;2;5;22;1
202200054856;716 399;1;0;2;1;1;5
202200054857;716 382;7;5;2;7;1;1
202200054857;716 392;7;4;2;3;1;1
202200054858;716 385;7;9;0;1;13;1
202200054859;716 381;37;0;2;7;13;1
202200054859;716 386;50;0;2;8;18;3
202200054860;716 380;7;0;2;4;1;1
202200054860;716 383;33;0;2;1;1;1
202200054861;716 378;7;0;2;0;12;1
202200054861;716 384;33;0;2;3;3;1
202200054862;716 376;7;2;0;2;13;1
202200054863;716 377;7;8;0;1;1;1
202200054864;716 374;7;0;1;4;4;1
202200054865;716 373;7;0;2;1;2;1
202200054865;716 379;7;0;2;5;0;1
202200054866;716 369;33;1;0;1;1;1
202200054867;716 372;7;0;2;7;16;2
202200054867;716 375;33;0;2;1;18;1
202200054868;716 360;7;3;2;4;1;1
202200054868;716 366;1;3;2;1;2;5
202200054869;716 361;50;0;2;1;1;3
202200054869;716 371;7;0;2;2;15;1
202200054870;716 362;7;0;2;1;2;3
202200054870;716 368;7;0;2;4;2;1
202200054870;716 370;10;0;2;4;2;1
202200054871;716 358;33;0;2;1;26;1
202200054871;716 367;7;0;2;4;9;1
202200054872;716 357;7;0;2;3;1;1
202200054872;716 364;7;0;2;2;1;1
202200054873;716 354;7;0;0;4;2;1
202200054873;716 359;7;0;0;4;2;1
202200054873;716 365;7;0;2;1;2;1
202200054874;716 353;7;0;1;1;1;0
202200054875;716 352;7;0;2;6;20;1
202200054875;716 363;7;0;2;2;2;2
202200054876;716 351;7;3;0;0;1;1
202200054877;716 348;7;0;2;3;1;1
202200054877;716 355;50;0;2;1;1;3
202200054878;716 347;7;0;2;3;1;1
202200054878;716 356;7;15;2;8;9;1
202200054879;716 345;32;0;2;1;2;1
202200054879;716 349;10;0;2;5;23;1
202200054880;716 342;7;0;2;1;26;1
202200054880;716 350;10;0;2;4;2;1
202200054881;716 340;7;0;1;2;1;2
202200054882;716 337;10;0;2;5;1;1
202200054882;716 343;33;0;2;1;3;1
202200054883;716 336;7;0;2;2;15;1
202200054883;716 346;33;0;2;1;21;1
202200054884;716 339;7;0;1;6;19;1
202200054885;716 335;1;15;0;0;5;5
202200054886;716 338;30;0;2;5;1;1
202200054886;716 344;32;0;2;5;15;1
202200054887;716 334;7;0;1;1;15;1
202200054888;716 330;7;0;2;6;11;1
202200054888;716 341;33;0;2;2;1;1
202200054889;716 327;7;0;1;2;1;1
202200054890;716 324;31;0;0;7;16;1
202200054891;716 323;33;0;2;4;1;1
202200054891;716 329;7;0;2;1;11;1
202200054892;716 325;13;0;2;1;16;1
202200054892;716 333;7;1;2;2;1;1
202200054893;716 321;10;0;9;5;16;1
202200054893;716 331;1;0;2;1;9;5
202200054894;716 322;7;4;2;9;17;1
202200054895;716 320;7;0;2;4;1;2
202200054895;716 328;7;0;2;1;1;1
202200054896;716 319;7;0;2;4;2;1
202200054896;716 326;7;1;2;4;2;2
202200054896;716 332;7;0;2;1;2;1
202200054897;716 317;80;0;1;8;5;3
202200054898;716 316;33;0;0;1;1;1
202200054899;716 311;7;0;1;5;26;1
202200054900;716 305;7;0;2;4;23;1
202200054900;716 312;7;0;2;1;1;1
202200054901;716 304;34;0;2;1;1;1
202200054901;716 313;2;0;0;4;1;1
202200054902;716 308;7;0;2;2;12;1
202200054902;716 315;10;0;2;3;1;1
202200054903;716 303;37;0;2;3;1;4
202200054903;716 310;1;0;2;1;16;5
202200054904;716 307;7;0;2;2;10;1
202200054904;716 314;32;0;2;1;1;1
202200054905;716 306;7;0;2;4;23;1
202200054905;716 318;7;0;2;1;2;1
202200054906;716 302;7;13;0;0;1;1
202200054907;716 301;7;0;2;2;1;1
202200054907;716 309;7;0;2;3;9;1
202200054908;716 297;7;0;0;1;14;1
202200054909;716 293;7;0;2;1;0;1
202200054909;716 300;7;0;2;4;26;1
202200054910;716 295;1;0;2;1;5;5
202200054910;716 299;7;0;2;3;15;1
202200054911;716 286;10;0;2;5;16;1
202200054911;716 292;30;0;2;1;1;1
202200054912;716 288;7;0;2;1;1;1
202200054912;716 298;7;0;2;1;1;1
202200054913;716 285;7;0;2;1;1;1
202200054913;716 290;7;0;2;9;1;1
202200054913;716 296;7;0;2;4;0;1
202200054914;716 283;7;0;2;3;2;1
202200054914;716 294;31;0;2;4;23;1
202200054915;716 284;7;0;2;1;5;1
202200054915;716 291;7;0;2;1;1;1
202200054916;716 280;7;2;0;1;14;1
202200054917;716 282;7;0;2;1;13;1
202200054917;716 289;7;0;2;3;1;2
202200054918;716 281;7;4;0;8;1;1
202200054919;716 278;7;0;2;4;23;1
202200054919;716 287;7;0;2;1;1;1
202200054920;716 275;7;0;1;2;1;1
202200054921;716 274;2;8;0;1;0;1
202200054922;716 269;14;0;1;3;1;1
202200054923;716 270;7;0;1;3;13;1
202200054924;716 267;21;0;2;2;17;1
202200054924;716 273;30;0;2;1;21;1
202200054925;716 265;1;0;2;7;1;5
202200054925;716 277;10;0;2;2;19;1
202200054926;716 266;33;0;2;2;1;0
202200054926;716 272;7;0;2;2;19;0
202200054927;716 268;7;0;2;3;17;1
202200054927;716 276;7;0;2;8;15;1
202200054928;716 262;7;0;2;4;1;1
202200054928;716 264;7;0;2;8;13;1
202200054928;716 271;33;4;2;1;3;1
202200054929;716 260;2;0;1;1;19;1
202200054930;716 256;10;0;1;4;4;1
202200054931;716 257;7;0;2;8;1;1
202200054931;716 263;50;0;2;1;19;3
202200054932;716 255;7;0;1;2;2;0
202200054933;716 253;7;0;1;3;15;1
202200054934;716 252;60;0;2;1;1;3
202200054934;716 261;7;0;2;3;1;1
202200054935;716 250;7;0;2;0;0;0
202200054935;716 254;1;0;2;0;1;5
202200054936;716 251;10;0;2;0;1;1
202200054936;716 259;80;0;2;7;5;3
202200054937;716 247;31;0;9;8;9;1
202200054938;716 246;7;0;1;1;16;1
202200054939;716 245;7;3;2;1;1;1
202200054939;716 249;7;0;2;1;17;1
202200054940;716 243;7;0;2;3;13;1
202200054940;716 248;7;0;2;1;1;3
202200054941;716 239;7;0;1;1;1;1
202200054942;716 240;7;0;1;5;1;1
202200054943;716 236;7;0;2;1;1;1
202200054943;716 241;7;0;2;1;5;1
202200054944;716 237;33;0;2;1;1;1
202200054944;716 244;7;0;2;3;15;1
202200054945;716 234;7;0;2;1;15;1
202200054945;716 242;50;0;2;0;1;3
202200054946;716 233;32;0;2;7;1;1
202200054946;716 238;2;0;2;3;15;1
202200054947;716 231;31;0;0;9;0;1
202200054948;716 230;7;0;1;1;1;1
202200054949;716 228;7;0;2;7;1;1
202200054949;716 235;7;0;2;1;15;1
202200054950;716 222;7;0;2;0;15;1
202200054950;716 227;2;0;2;1;1;1
202200054951;716 225;33;0;2;1;17;1
202200054951;716 229;7;0;2;8;15;1
202200054952;716 221;2;0;2;1;17;1
202200054952;716 224;7;0;2;3;19;1
202200054953;716 217;80;0;2;7;1;3
202200054953;716 226;7;0;2;3;1;1
202200054954;716 219;0;0;2;0;14;1
202200054954;716 223;31;0;2;8;14;1
202200054955;716 216;30;0;2;4;2;1
202200054955;716 220;7;0;2;1;0;1
202200054956;716 215;7;6;0;1;13;1
202200054957;716 213;7;0;1;1;1;1
202200054958;716 214;7;0;2;3;26;1
202200054958;716 218;7;0;2;2;1;1
202200054959;716 212;7;2;0;8;13;1
202200054960;716 211;34;0;1;1;26;1
202200054961;716 207;33;0;2;4;2;1
202200054961;716 210;7;0;2;1;2;2
202200054962;716 203;33;0;0;7;1;1
202200054963;716 202;7;0;2;1;19;1
202200054963;716 209;1;0;2;3;1;5
202200054964;716 201;7;0;1;2;1;1
202200054965;716 200;7;0;2;1;15;1
202200054965;716 206;30;0;2;3;1;1
202200054966;716 196;7;12;0;1;14;1
202200054967;716 191;32;0;0;1;1;1
202200054968;716 192;7;0;2;1;0;1
202200054968;716 197;7;0;2;3;0;1
202200054968;716 205;7;0;2;1;2;1
202200054968;716 208;7;0;2;3;13;1
202200054969;716 195;10;0;2;1;2;1
202200054969;716 199;7;0;2;4;20;2
202200054970;716 194;10;0;2;7;16;1
202200054970;716 198;1;0;2;1;15;5
202200054971;716 193;2;0;2;1;19;1
202200054971;716 204;2;0;2;4;15;1
202200054972;716 186;1;0;2;4;1;5
202200054972;716 188;7;0;2;1;2;1
202200054973;716 189;10;0;1;2;1;1
202200054974;716 187;10;13;0;9;13;1
202200054975;716 184;7;0;1;1;1;1
202200054976;716 181;7;0;2;1;9;0
202200054976;716 190;33;0;2;2;1;1
202200054977;716 182;7;0;9;1;9;1
202200054977;716 185;50;0;2;1;1;3
202200054978;716 178;7;0;2;7;10;1
202200054978;716 183;7;0;2;1;2;1
202200054979;716 175;30;0;1;1;25;1
202200054980;716 174;32;0;2;3;1;1
202200054980;716 180;7;0;2;5;12;1
202200054981;716 173;2;0;0;0;1;1
202200054982;716 171;2;0;2;7;7;1
202200054982;716 177;7;0;2;3;15;1
202200054983;716 170;7;0;2;8;10;1
202200054983;716 176;2;0;2;2;1;1
202200054984;716 172;50;0;0;0;21;3
202200054985;716 167;7;0;2;2;17;1
202200054985;716 169;1;0;2;8;26;5
202200054986;716 168;7;3;0;1;13;1
202200054987;716 164;7;0;1;2;17;2
202200054988;716 162;30;0;2;1;0;0
202200054988;716 166;7;0;2;3;0;0
202200054989;716 159;2;0;2;1;26;1
202200054989;716 163;7;0;2;2;10;1
202200054990;716 156;7;0;2;1;2;1
202200054990;716 161;7;0;2;1;2;1
202200054991;716 160;33;13;0;3;1;1
202200054992;716 155;7;0;1;2;16;1
202200054993;716 157;7;4;2;6;1;1
202200054993;716 165;7;0;2;2;26;1
202200054994;716 154;2;14;0;0;15;1
202200054995;716 152;1;0;2;1;1;5
202200054995;716 158;10;0;2;3;24;1
202200054996;716 147;7;0;2;2;26;1
202200054996;716 150;2;0;2;1;1;1
202200054997;716 149;7;0;0;1;9;1
202200054997;716 153;10;0;0;4;2;1
202200054998;716 146;7;15;0;1;14;1
202200054999;716 145;30;0;2;8;1;1
202200054999;716 151;7;0;2;1;1;0
202200055000;716 139;7;0;2;1;1;1
202200055000;716 144;37;0;2;4;23;1
202200055001;716 138;7;0;2;4;1;1
202200055001;716 140;7;0;9;3;1;1
202200055001;716 143;7;0;2;1;2;1
202200055002;716 136;10;0;0;0;1;1
202200055003;716 133;2;0;2;2;2;1
202200055003;716 137;10;0;2;8;2;1
202200055004;716 129;10;0;2;6;23;0
202200055004;716 135;10;0;2;5;23;0
202200055004;716 141;10;0;2;1;2;0
202200055004;716 148;10;0;2;2;2;0
202200055005;716 128;2;0;2;0;1;1
202200055005;716 134;7;0;9;3;26;1
202200055006;716 126;50;0;2;8;19;3
202200055006;716 132;7;0;2;1;9;1
202200055007;716 127;7;0;2;0;0;1
202200055007;716 130;2;0;2;0;0;0
202200055008;716 124;7;8;0;1;19;1
202200055009;716 122;7;0;2;1;1;1
202200055009;716 125;7;0;2;7;15;1
202200055010;716 117;7;0;2;8;15;1
202200055010;716 123;2;0;2;1;1;1
202200055011;716 119;33;0;2;4;1;1
202200055011;716 121;7;0;9;4;16;1
202200055012;716 115;7;0;2;2;15;1
202200055012;716 120;7;0;2;1;1;1
202200055013;716 113;7;0;0;3;19;1
202200055014;716 114;30;0;1;1;17;1
202200055015;716 111;7;0;2;2;15;1
202200055015;716 118;7;0;2;1;1;1
202200055016;716 110;7;0;2;7;11;1
202200055016;716 116;7;0;2;8;2;1
202200055017;716 107;7;0;1;1;1;1
202200055018;716 105;2;0;2;4;1;1
202200055018;716 108;7;0;2;0;16;1
202200055019;716 100;7;4;0;1;13;1
202200055020;716 099;30;6;0;1;26;1
202200055021;716 098;7;0;1;1;1;1
202200055022;716 096;30;16;0;1;1;1
202200055023;716 097;7;0;2;2;15;1
202200055023;716 103;7;0;2;1;1;1
202200055024;716 095;7;0;2;5;15;1
202200055024;716 101;33;0;2;1;2;1
202200055025;716 094;2;1;2;2;3;1
202200055025;716 104;10;0;2;3;15;1
202200055026;716 092;7;9;0;1;13;1
202200055027;716 090;7;2;0;1;17;1
202200055028;716 089;7;0;1;1;1;1
202200055029;716 088;50;12;0;1;14;3
202200055030;716 083;10;0;2;2;15;1
202200055030;716 086;33;0;2;1;1;1
202200055031;716 085;7;0;2;2;1;1
202200055031;716 091;7;0;2;3;16;1
202200055032;716 084;14;0;1;2;1;1
202200055033;716 080;7;0;1;1;1;1
202200055034;716 079;7;0;2;3;2;1
202200055034;716 082;7;0;2;3;1;1
202200055034;716 087;7;0;2;3;15;1
202200055035;716 077;50;17;0;1;1;3
202200055036;716 074;7;0;9;0;1;1
202200055036;716 078;33;11;2;0;1;1
202200055037;716 073;33;0;2;1;1;1
202200055037;716 076;7;0;2;2;9;1
202200055038;716 071;7;0;2;1;1;1
202200055038;716 075;1;0;2;1;13;5
202200055038;716 081;7;0;2;3;1;1
202200055039;716 070;7;1;0;7;26;1
202200055040;716 066;7;0;2;3;15;1
202200055040;716 072;33;0;2;8;19;1
202200055041;716 067;50;0;1;8;25;3
202200055042;716 065;34;0;9;1;1;1
202200055042;716 068;50;0;0;3;11;3
202200055043;716 064;50;0;2;0;26;3
202200055043;716 069;7;0;9;1;9;3
202200055044;716 063;7;17;0;1;1;1
202200055045;716 059;7;0;1;1;1;0
202200055046;716 060;7;0;2;4;1;3
202200055046;716 062;33;0;2;1;1;1
202200055047;716 057;99;15;0;1;25;3
202200055048;716 055;50;16;0;5;19;3
202200055048;716 058;99;16;0;2;15;1
202200055049;716 054;7;0;1;2;1;1
202200055050;716 053;7;0;2;1;1;2
202200055050;716 061;7;0;2;3;1;1
202200055051;716 052;31;0;6;1;0;1
202200055052;716 049;13;0;2;2;9;1
202200055052;716 056;2;0;2;3;1;1
202200055053;716 051;7;0;1;1;26;1
202200055054;716 045;7;0;2;1;1;1
202200055054;716 050;10;0;2;8;15;1
202200055055;716 042;7;0;2;6;4;1
202200055055;716 047;30;0;2;1;1;3
202200055056;716 044;7;0;2;2;2;1
202200055056;716 048;2;0;2;4;2;1
202200055057;716 040;10;0;2;4;2;0
202200055057;716 046;32;0;2;1;2;1
202200055058;716 043;7;0;1;3;1;2
202200055059;716 037;7;13;0;1;0;1
202200055060;716 036;33;0;2;4;17;1
202200055060;716 041;7;0;2;2;1;1
202200055061;716 034;1;0;0;1;1;5
202200055062;716 033;2;0;2;8;1;1
202200055062;716 039;7;0;9;7;15;1
202200055063;716 032;7;0;2;1;1;1
202200055063;716 038;7;0;2;1;5;1
202200055064;716 029;7;0;2;1;1;2
202200055064;716 035;7;0;2;1;11;1
202200055065;716 030;43;0;0;0;1;1
202200055066;716 026;10;0;2;6;1;1
202200055066;716 031;33;0;2;1;1;1
202200055067;716 023;7;0;0;0;0;1
202200055067;716 028;7;0;2;3;26;1
202200055068;716 018;7;12;2;7;1;1
202200055068;716 025;7;0;2;2;1;1
202200055069;716 020;37;0;2;3;2;1
202200055069;716 024;7;0;2;3;2;1
202200055070;716 015;30;11;0;7;13;3
202200055071;716 017;7;0;2;3;15;1
202200055071;716 021;33;0;2;1;2;1
202200055072;716 016;7;1;0;1;14;2
202200055073;716 013;7;0;2;3;13;1
202200055073;716 019;21;0;2;6;1;1
202200055074;716 009;30;0;0;0;0;1
202200055075;716 007;7;0;2;3;9;1
202200055075;716 012;33;1;2;2;13;1
202200055076;716 011;32;0;2;1;1;1
202200055076;716 014;1;0;2;8;19;5
202200055077;716 006;34;0;2;3;1;1
202200055077;716 010;7;0;2;7;16;1
202200055078;716 004;50;0;2;1;26;3
202200055078;716 008;7;0;2;3;26;1
202200055079;716 005;7;0;1;1;1;2
202200055080;716 001;31;0;2;1;1;1
202200055080;716 003;7;0;2;3;10;1
202200055081;715 998;7;0;1;4;20;1
202200055082;715 996;7;0;2;1;1;1
202200055082;716 002;7;0;2;1;1;1
202200055083;715 995;33;0;0;1;26;1
202200055084;715 993;7;0;2;6;2;1
202200055084;716 000;10;0;2;2;14;1
202200055085;715 991;1;0;2;1;1;5
202200055085;715 994;10;0;2;1;15;1
202200055086;715 997;10;1;2;2;14;1
202200055087;715 999;7;0;1;4;4;1
202200055088;715 990;10;0;2;1;19;1
202200055088;715 992;7;0;2;8;6;1
202200055089;715 985;30;0;0;8;21;1
202200055090;715 984;7;0;2;1;1;1
202200055090;715 988;33;0;2;1;1;1
202200055091;715 983;7;0;9;3;15;2
202200055091;715 987;1;0;2;1;1;5
202200055092;715 979;7;1;0;1;1;1
202200055093;715 978;50;0;0;1;1;3
202200055094;715 981;7;0;2;8;1;1
202200055094;715 989;7;0;2;1;1;1
202200055095;715 982;33;0;2;7;1;1
202200055095;715 986;21;0;2;1;9;1
202200055096;715 977;7;0;2;2;17;1
202200055096;715 980;7;0;2;6;15;1
202200055097;715 975;7;0;1;2;21;1
202200055098;715 973;1;0;2;6;1;5
202200055098;715 976;1;0;2;1;15;5
202200055099;715 970;7;2;0;3;13;1
202200055100;715 971;7;8;0;3;1;1
202200055101;715 965;7;0;2;3;15;1
202200055101;715 974;2;0;2;1;1;1
202200055102;715 963;30;0;2;1;5;3
202200055102;715 967;30;0;2;1;1;1
202200055103;715 964;7;0;2;2;1;1
202200055103;715 968;7;0;2;2;13;1
202200055104;715 962;7;0;2;3;1;1
202200055104;715 969;7;0;2;8;15;1
202200055105;715 959;33;6;0;2;1;1
202200055106;715 960;7;1;0;3;9;1
202200055107;715 956;30;0;2;3;1;1
202200055107;715 961;7;0;2;7;1;1
202200055108;715 954;38;2;0;1;6;1
202200055109;715 953;7;0;2;1;2;1
202200055109;715 958;99;0;2;7;19;3
202200055110;715 950;2;0;2;1;1;1
202200055110;715 955;99;0;2;7;26;1
202200055111;715 952;7;0;1;0;1;1
202200055112;715 942;33;0;2;1;1;1
202200055112;715 948;7;0;2;2;1;1
202200055113;715 939;7;0;2;4;2;1
202200055113;715 945;7;0;2;1;2;1
202200055114;715 938;7;0;2;3;9;1
202200055114;715 946;50;0;2;1;1;3
202200055115;715 941;7;0;2;1;2;1
202200055115;715 944;7;0;2;4;2;1
202200055115;715 949;7;0;2;4;2;1
202200055116;715 937;7;0;1;5;15;1
202200055117;715 936;7;0;2;8;1;1
202200055117;715 940;2;0;2;5;26;3
202200055118;715 935;10;15;0;3;6;1
202200055119;715 934;80;0;1;8;1;3
202200055120;715 932;2;12;0;1;16;1
202200055121;715 933;7;0;2;1;1;1
202200055121;715 943;10;0;2;7;1;1
202200055122;715 931;7;0;1;1;1;1
202200055123;715 929;80;14;0;1;1;3
202200055124;715 926;7;8;2;3;1;1
202200055124;715 930;7;0;2;2;19;1
202200055125;715 924;1;0;0;1;2;5
202200055126;715 919;7;0;0;5;16;1
202200055126;715 923;33;0;2;1;3;1
202200055127;715 922;30;0;2;1;1;1
202200055127;715 927;10;0;2;3;26;1
202200055128;715 915;10;0;2;5;16;1
202200055128;715 920;1;0;2;1;1;5
202200055129;715 916;15;0;2;4;2;1
202200055129;715 921;10;0;2;6;2;1
202200055129;715 928;10;0;0;0;0;1
202200055130;715 917;2;12;0;2;1;1
202200055131;715 913;7;0;2;7;15;1
202200055131;715 918;33;0;2;1;1;1
202200055132;715 912;3;0;2;1;1;1
202200055132;715 925;3;0;2;2;2;1
202200055133;715 910;7;0;2;3;15;1
202200055133;715 914;7;0;2;1;1;1
202200055134;715 906;32;0;2;7;1;1
202200055134;715 911;7;0;2;2;1;1
202200055135;715 908;7;0;1;1;21;1
202200055136;715 907;7;8;0;2;1;1
202200055137;715 904;7;0;0;0;0;0
202200055137;715 909;31;0;2;1;18;1
202200055138;715 901;7;0;2;3;13;1
202200055138;715 905;33;0;2;2;1;1
202200055139;715 899;99;0;0;0;0;0
202200055140;715 895;7;0;1;1;26;1
202200055141;715 891;7;0;2;3;1;1
202200055141;715 897;7;0;2;3;1;1
202200055142;715 898;7;0;2;4;23;1
202200055142;715 902;1;0;2;1;2;6
202200055143;715 894;7;0;0;1;1;1
202200055143;715 903;7;0;0;8;19;1
202200055144;715 893;7;0;2;1;1;1
202200055144;715 900;7;0;2;1;13;1
202200055145;715 888;7;0;2;8;15;1
202200055145;715 892;7;0;2;0;1;1
202200055146;715 890;7;0;2;3;10;0
202200055146;715 896;37;0;2;2;1;1
202200055147;715 887;30;14;0;1;1;1
202200055148;715 886;32;0;0;;0;1
202200055149;715 884;7;0;2;4;2;1
202200055149;715 889;7;0;2;1;1;1
202200055150;715 882;7;0;2;7;16;1
202200055150;715 885;33;0;2;1;18;1
202200055151;715 879;7;0;1;3;15;1
202200055152;715 875;7;0;1;3;1;1
202200055153;715 874;7;0;2;1;9;1
202200055153;715 883;80;0;2;7;1;3
202200055154;715 873;7;2;0;2;0;1
202200055155;715 876;10;0;2;3;10;1
202200055155;715 880;33;0;2;7;17;1
202200055156;715 878;7;4;0;8;21;1
202200055157;715 870;7;1;0;1;1;1
202200055158;715 866;7;12;2;8;16;6
202200055159;715 868;7;13;0;3;1;1
202200055160;715 864;1;0;4;1;9;5
202200055160;715 872;40;0;2;3;1;3
202200055161;715 862;33;0;2;1;8;1
202200055161;715 867;7;0;2;1;1;1
202200055162;715 856;7;0;2;0;16;1
202200055162;715 860;7;8;2;2;1;1
202200055163;715 858;7;0;2;5;15;1
202200055163;715 863;33;0;2;1;1;1
202200055164;715 853;7;8;1;2;1;1
202200055165;715 854;32;0;2;1;2;1
202200055165;715 859;34;0;2;4;2;1
202200055166;715 857;36;13;0;0;26;5
202200055167;715 850;7;0;1;3;9;1
202200055168;715 848;7;0;2;1;2;1
202200055168;715 851;7;0;2;4;2;1
202200055168;715 855;7;0;2;4;2;1
202200055169;715 847;7;0;2;2;21;1
202200055169;715 849;0;0;2;1;0;3
202200055170;715 852;7;6;0;1;13;1
202200055171;715 844;31;0;0;0;0;1
202200055172;715 843;33;0;0;0;2;6
202200055172;715 846;0;;;;;
202200055173;715 840;7;5;0;1;26;1
202200055174;715 841;10;12;0;3;1;1
202200055175;715 837;7;0;2;3;1;1
202200055175;715 842;33;0;2;1;1;1
202200055176;715 834;7;0;2;3;1;1
202200055176;715 839;33;0;2;1;13;1
202200055177;715 833;7;4;0;1;14;1
202200055178;715 835;40;0;2;8;1;3
202200055178;715 838;7;0;4;2;1;1
202200055179;715 829;7;3;0;9;1;1
202200055180;715 830;7;0;2;1;1;1
202200055180;715 845;7;0;2;2;1;1
202200055181;715 828;7;0;2;3;1;2
202200055181;715 831;34;0;2;7;3;1
202200055181;715 836;7;0;2;3;2;1
202200055182;715 825;7;0;1;1;1;1
202200055183;715 827;10;1;0;2;9;1
202200055184;715 822;7;1;0;1;2;1
202200055184;715 826;7;0;2;4;24;2
202200055185;715 821;7;0;1;2;1;1
202200055186;715 824;7;0;2;1;1;1
202200055186;715 832;7;15;2;8;17;1
202200055187;715 818;7;0;2;1;1;1
202200055187;715 820;7;0;2;4;1;2
202200055187;715 823;1;0;2;1;1;6
202200055188;715 816;7;0;1;8;1;1
202200055189;715 815;31;0;2;1;1;1
202200055189;715 819;7;0;2;1;15;1
202200055190;715 812;10;0;2;2;12;1
202200055190;715 813;33;0;2;2;1;1
202200055191;715 811;7;0;2;3;16;3
202200055191;715 814;1;0;2;4;1;5
202200055192;715 805;7;0;2;8;1;1
202200055192;715 809;10;0;2;1;15;1
202200055193;715 810;7;0;2;1;13;1
202200055193;715 817;7;0;2;1;1;1
202200055194;715 806;10;0;2;4;23;1
202200055194;715 808;33;0;2;7;2;1
202200055195;715 804;13;0;2;7;15;1
202200055195;715 807;7;0;2;3;1;1
202200055196;715 802;7;0;1;1;15;1
202200055197;715 801;50;0;2;1;1;3
202200055197;715 803;7;0;2;2;15;1
202200055198;715 796;7;2;0;2;1;1
202200055199;715 794;7;0;2;4;2;1
202200055199;715 798;7;0;2;1;2;1
202200055200;715 792;7;1;0;5;15;1
202200055200;715 795;2;0;2;1;1;1
202200055200;715 800;33;0;0;3;23;1
202200055201;715 790;2;0;2;1;1;1
202200055201;715 797;7;0;2;8;26;1
202200055202;715 793;7;0;2;3;1;1
202200055202;715 799;7;0;2;7;15;1
202200055203;715 789;7;0;0;0;0;0
202200055203;715 791;2;0;0;0;0;0
202200055204;715 786;7;0;2;1;0;1
202200055204;715 788;7;0;2;1;13;1
202200055205;715 782;7;0;2;7;13;1
202200055205;715 785;7;0;2;1;1;1
202200055206;715 779;7;0;2;3;0;1
202200055206;715 781;7;0;0;7;1;1
202200055207;715 780;7;0;2;2;2;1
202200055207;715 783;2;0;2;1;3;1
202200055208;715 775;7;0;4;6;23;1
202200055208;715 777;39;0;2;1;1;3
202200055209;715 774;7;0;2;1;0;1
202200055209;715 776;7;0;2;1;0;1
202200055210;715 771;7;6;0;1;1;1
202200055211;715 772;7;0;0;0;1;1
202200055212;715 770;7;0;0;0;0;1
202200055213;715 769;1;0;2;3;16;5
202200055213;715 773;7;0;2;2;16;1
202200055214;715 768;7;7;0;1;1;1
202200055215;715 767;36;2;0;0;0;1
202200055216;715 764;7;0;2;1;13;1
202200055216;715 766;7;0;2;1;1;1
202200055217;715 763;2;12;0;0;1;1
202200055218;715 762;30;0;2;1;1;1
202200055218;715 765;10;0;2;3;15;1
202200055219;715 760;7;17;0;2;1;1
202200055220;715 758;3;0;2;4;2;1
202200055220;715 761;7;0;2;1;1;1
202200055221;715 755;2;0;2;1;1;1
202200055221;715 759;7;0;2;2;1;1
202200055222;715 753;7;0;2;4;23;1
202200055222;715 754;7;0;2;4;2;1
202200055222;715 756;7;0;2;1;2;1
202200055223;715 752;80;0;0;0;0;3
202200055224;715 751;7;6;0;1;1;1
202200055225;715 746;7;8;0;1;1;1
202200055226;715 744;10;0;2;3;1;1
202200055226;715 747;7;0;2;1;15;1
202200055227;715 743;33;14;0;1;17;1
202200055228;715 749;10;4;0;1;2;1
202200055229;715 741;7;8;0;3;0;1
202200055230;715 740;2;0;2;1;5;1
202200055230;715 742;7;0;2;3;1;1
202200055231;715 738;7;0;2;1;2;1
202200055231;715 739;3;1;2;6;2;1
202200055232;715 735;7;15;0;1;13;1
202200055233;715 734;7;0;0;4;1;1
202200055233;715 737;33;0;2;8;2;1
202200055234;715 731;7;0;2;3;9;1
202200055234;715 733;33;0;2;2;0;1
202200055235;715 729;7;6;0;7;1;1
202200055236;715 728;33;0;2;1;1;1
202200055236;715 730;7;0;2;6;15;1
202200055237;715 732;7;0;2;1;13;1
202200055237;715 736;7;0;2;1;1;1
202200055238;715 726;33;6;0;1;1;1
202200055239;715 725;7;0;2;2;1;1
202200055239;715 727;50;0;2;2;1;3
202200055240;715 723;7;0;0;6;16;3
202200055240;715 724;31;0;2;2;26;1
202200055241;715 722;2;7;0;1;13;1
202200055242;715 720;7;2;0;1;0;1
202200055243;715 719;7;0;2;1;26;1
202200055243;715 721;7;0;2;1;1;1
202200055244;715 718;33;0;6;1;1;1
202200055245;715 717;31;0;0;7;21;1
202200055246;715 714;7;0;0;1;1;1
202200055247;715 715;7;1;0;2;0;1
202200055247;715 716;7;0;0;6;24;1
202200055248;715 711;7;13;0;0;1;1
202200055249;715 712;33;0;2;1;1;1