Num_Acc;id_vehicule;categorie_vehicule;obstacle_fixe;obstacle_mobile;point_choc_initial;manoeuvre_principale;motorisation
202200055249;715 713;7;0;2;1;15;1
202200055250;715 710;43;0;1;1;1;1
202200055251;715 709;31;16;0;7;1;1
202200055252;715 708;1;0;0;0;0;5
202200055253;715 707;32;0;1;1;17;1
202200055254;715 706;7;13;0;3;14;1
202200055255;715 705;2;0;0;8;1;1
202200055256;715 702;7;0;2;3;1;1
202200055256;715 704;32;0;2;2;1;1
202200055257;715 700;7;0;2;2;1;1
202200055257;715 703;33;0;2;3;9;1
202200055258;715 699;2;0;2;1;1;1
202200055258;715 701;7;0;2;6;15;1
202200055259;715 697;7;6;0;1;1;1
202200055260;715 698;40;0;1;1;1;3
202200055261;715 695;7;0;1;1;1;1
202200055262;715 693;10;0;1;5;26;0
202200055263;715 692;1;0;2;8;15;5
202200055263;715 694;1;0;0;4;11;5
202200055263;715 696;33;0;9;1;2;1
202200055264;715 690;99;0;2;2;1;1
202200055264;715 691;99;0;2;1;1;1
202200055265;715 687;7;0;2;1;2;1
202200055265;715 689;7;3;0;4;2;0
202200055266;715 686;7;0;9;2;15;1
202200055266;715 688;1;0;2;1;26;5
202200055267;715 681;7;4;0;1;17;1
202200055268;715 680;7;4;0;4;0;1
202200055268;715 683;7;0;0;9;2;1
202200055268;715 684;7;0;2;1;1;1
202200055268;715 685;7;0;0;8;1;1
202200055269;715 677;7;13;0;1;1;1
202200055270;715 678;33;0;0;1;1;1
202200055271;715 676;33;7;0;0;0;1
202200055272;715 679;7;0;2;1;1;1
202200055272;715 682;7;0;2;2;1;1
202200055273;715 672;2;0;2;1;1;1
202200055273;715 674;7;0;2;4;21;1
202200055273;715 675;7;0;2;6;9;1
202200055274;715 671;7;0;2;1;13;1
202200055274;715 673;7;0;2;1;13;1
202200055275;715 669;7;0;1;2;1;1
202200055276;715 668;7;13;0;1;1;1
202200055277;715 667;10;0;1;1;1;1
202200055278;715 663;10;0;2;0;0;0
202200055278;715 665;7;0;2;4;2;0
202200055279;715 664;10;0;2;1;1;1
202200055279;715 666;10;0;2;1;13;1
202200055280;715 661;7;0;2;5;1;1
202200055280;715 662;10;0;2;3;17;1
202200055281;715 660;7;0;9;1;26;1
202200055282;715 658;7;0;2;4;2;1
202200055282;715 659;7;0;2;1;1;1
202200055283;715 655;7;3;0;9;14;0
202200055284;715 656;33;0;2;8;1;1
202200055284;715 657;7;0;2;7;15;1
202200055285;715 654;50;12;0;1;1;3
202200055286;715 653;7;0;0;8;1;1
202200055287;715 651;7;0;2;1;1;1
202200055287;715 652;7;8;2;7;15;1
202200055288;715 650;31;0;0;0;0;1
202200055289;715 649;7;2;0;2;1;0
202200055290;715 648;7;6;0;1;1;1
202200055291;715 646;7;0;2;3;13;1
202200055291;715 647;7;0;2;3;1;1
202200055292;715 644;7;8;0;1;0;1
202200055293;715 643;10;0;0;8;13;1
202200055294;715 641;7;8;2;1;1;1
202200055294;715 642;7;0;2;3;1;1
202200055295;715 639;7;0;2;3;13;1
202200055295;715 640;7;0;2;3;1;1
202200055296;715 637;7;0;2;3;1;1
202200055296;715 638;33;0;2;7;15;1
202200055297;715 636;7;1;0;1;1;1
202200055298;715 635;7;0;0;9;1;1
202200055299;715 634;7;2;0;3;1;1
202200055300;715 633;7;2;0;1;1;1
202200055301;715 631;7;0;0;8;19;1
202200055301;715 632;7;0;2;1;1;1
202200055302;715 629;33;0;2;1;1;1
202200055302;715 630;7;0;0;4;21;1
202300000001;155 680 557;30;0;0;5;1;1
202300000002;155 680 556;7;0;1;1;1;1
202300000003;155 680 554;2;0;2;1;16;1
202300000003;155 680 555;7;0;2;2;15;1
202300000004;155 680 551;7;0;2;9;2;4
202300000004;155 680 552;7;0;2;4;0;4
202300000004;155 680 553;10;0;2;1;2;1
202300000005;155 680 549;7;0;2;2;1;1
202300000005;155 680 550;7;0;2;3;1;1
202300000006;155 680 548;7;0;1;3;15;1
202300000007;155 680 545;10;0;2;1;1;0
202300000007;155 680 546;7;0;2;4;23;2
202300000007;155 680 547;7;0;2;1;1;1
202300000008;155 680 543;7;0;2;1;1;1
202300000008;155 680 544;7;0;2;2;1;2
202300000009;155 680 541;7;0;2;2;15;0
202300000009;155 680 542;32;0;2;1;1;0
202300000010;155 680 540;7;0;1;1;1;1
202300000011;155 680 538;7;0;2;5;26;1
202300000011;155 680 539;7;0;2;2;1;1
202300000012;155 680 536;36;0;2;2;1;1
202300000012;155 680 537;33;0;2;0;0;1
202300000013;155 680 534;10;0;2;5;4;1
202300000013;155 680 535;50;0;2;8;1;3
202300000014;155 680 533;7;4;0;3;1;1
202300000015;155 680 531;7;0;2;1;1;1
202300000015;155 680 532;7;0;2;4;1;1
202300000016;155 680 529;7;0;2;8;11;2
202300000016;155 680 530;7;0;2;2;1;1
202300000017;155 680 527;1;0;2;1;13;5
202300000017;155 680 528;7;0;9;1;15;1
202300000018;155 680 525;7;0;2;1;15;1
202300000018;155 680 526;7;0;2;2;17;1
202300000019;155 680 524;36;0;0;9;9;1
202300000020;155 680 522;36;0;2;1;0;1
202300000020;155 680 523;31;0;2;1;1;1
202300000021;155 680 520;7;0;2;4;15;
202300000021;155 680 521;2;0;2;1;1;1
202300000022;155 680 518;33;0;2;1;17;1
202300000022;155 680 519;7;0;2;3;1;1
202300000023;155 680 516;7;0;2;1;26;1
202300000023;155 680 517;2;0;0;7;26;1
202300000024;155 680 515;3;7;0;2;1;1
202300000025;155 680 513;1;0;0;0;2;5
202300000025;155 680 514;15;0;0;0;2;1
202300000026;155 680 511;7;0;2;2;17;1
202300000026;155 680 512;80;0;2;0;1;3
202300000027;155 680 510;32;12;0;2;1;1
202300000028;155 680 508;7;0;0;6;23;1
202300000028;155 680 509;33;1;0;2;1;1
202300000029;155 680 506;10;0;2;6;1;1
202300000029;155 680 507;33;5;2;3;13;1
202300000030;155 680 504;7;0;2;1;13;1
202300000030;155 680 505;7;0;2;1;1;0
202300000031;155 680 503;7;13;0;1;0;1
202300000032;155 680 502;33;0;0;0;0;1
202300000033;155 680 500;1;0;2;0;2;5
202300000033;155 680 501;1;0;2;0;26;5
202300000034;155 680 498;7;0;2;1;1;1
202300000034;155 680 499;7;0;2;3;1;1
202300000035;155 680 496;7;0;2;4;15;1
202300000035;155 680 497;7;0;2;1;1;1
202300000036;155 680 495;33;2;0;0;1;1
202300000037;155 680 494;2;0;0;7;1;1
202300000038;155 680 493;7;13;0;2;6;1
202300000039;155 680 491;33;13;2;8;1;1
202300000039;155 680 492;7;0;2;8;1;1
202300000040;155 680 490;7;6;0;2;13;0
202300000041;155 680 488;7;0;2;3;15;1
202300000041;155 680 489;33;0;2;1;2;1
202300000042;155 680 487;1;0;1;1;2;5
202300000043;155 680 485;7;0;2;3;1;1
202300000043;155 680 486;7;0;2;1;1;1
202300000044;155 680 483;7;0;2;3;15;1
202300000044;155 680 484;33;0;2;2;1;1
202300000045;155 680 480;7;2;0;1;1;1
202300000046;155 680 478;7;0;0;4;2;1
202300000046;155 680 479;7;0;2;1;2;1
202300000047;155 680 476;1;0;0;7;0;5
202300000047;155 680 477;7;0;0;8;1;1
202300000048;155 680 474;7;0;0;6;1;1
202300000048;155 680 475;10;0;2;2;2;1
202300000049;155 680 471;1;0;0;4;0;5
202300000049;155 680 472;1;0;0;6;0;5
202300000049;155 680 473;7;0;9;1;1;1
202300000050;155 680 469;33;0;2;4;1;1
202300000050;155 680 470;33;0;2;1;1;1
202300000051;155 680 468;2;6;0;1;1;1
202300000052;155 680 466;2;6;2;1;13;1
202300000052;155 680 467;10;0;2;2;21;1
202300000053;155 680 465;10;0;1;3;1;1
202300000054;155 680 464;7;13;0;1;1;1
202300000055;155 680 463;7;12;0;6;1;0
202300000056;155 680 461;7;0;2;8;1;0
202300000056;155 680 462;33;0;2;1;13;0
202300000057;155 680 460;7;0;1;2;1;1
202300000058;155 680 459;10;0;1;5;0;1
202300000059;155 680 457;7;0;2;1;13;0
202300000059;155 680 458;7;0;2;1;0;0
202300000060;155 680 456;33;3;0;0;0;1
202300000061;155 680 455;33;14;0;0;1;1
202300000062;155 680 453;2;0;2;8;0;1
202300000062;155 680 454;7;0;2;1;0;1
202300000063;155 680 452;31;0;0;1;26;1
202300000064;155 680 450;1;0;2;1;1;5
202300000064;155 680 451;7;0;0;6;20;1
202300000065;155 680 449;7;2;0;2;1;1
202300000066;155 680 446;7;0;2;8;23;1
202300000066;155 680 447;14;13;2;1;0;1
202300000066;155 680 448;7;8;2;1;15;1
202300000067;155 680 443;7;3;0;1;2;0
202300000068;155 680 442;37;0;1;3;26;6
202300000069;155 680 435;7;0;2;3;1;1
202300000069;155 680 436;7;1;2;1;2;1
202300000069;155 680 437;7;0;2;6;23;1
202300000069;155 680 438;7;0;2;4;23;1
202300000070;155 680 433;33;0;2;1;2;1
202300000070;155 680 434;33;0;2;4;2;1
202300000071;155 680 431;7;1;0;4;11;1
202300000071;155 680 432;7;0;2;1;1;1
202300000072;155 680 429;33;0;2;1;2;1
202300000072;155 680 430;7;0;2;4;2;1
202300000073;155 680 428;30;0;0;2;26;1
202300000074;155 680 426;7;0;2;6;1;1
202300000074;155 680 427;7;0;2;2;12;1
202300000075;155 680 424;7;4;0;1;1;1
202300000076;155 680 423;50;0;2;1;19;3
202300000076;155 680 425;7;0;2;2;16;0
202300000077;155 680 420;7;0;2;1;1;1
202300000077;155 680 422;7;0;2;4;23;1
202300000078;155 680 419;7;0;2;3;1;1
202300000078;155 680 421;32;0;2;1;1;1
202300000079;155 680 418;7;4;0;1;1;1
202300000080;155 680 417;32;0;0;1;0;1
202300000081;155 680 415;7;0;2;1;1;1
202300000081;155 680 416;7;0;2;4;1;1
202300000082;155 680 414;7;0;2;4;9;1
202300000083;155 680 411;7;0;2;1;17;1
202300000083;155 680 413;7;0;2;4;1;1
202300000084;155 680 410;7;0;2;2;13;1
202300000084;155 680 412;7;0;2;8;1;1
202300000085;155 680 409;7;16;0;9;2;1
202300000086;155 680 408;7;0;1;0;26;1
202300000087;155 680 407;7;4;0;2;1;1
202300000088;155 680 406;32;14;0;7;21;1
202300000089;155 680 404;7;0;2;8;1;1
202300000089;155 680 405;7;0;2;2;14;1
202300000090;155 680 402;10;0;2;3;19;1
202300000090;155 680 403;33;0;2;1;3;1
202300000091;155 680 399;10;0;2;3;2;1
202300000091;155 680 400;7;0;2;4;2;2
202300000091;155 680 401;7;0;2;5;2;1
202300000092;155 680 398;7;0;1;1;1;1
202300000093;155 680 397;7;0;0;9;1;1
202300000094;155 680 395;10;0;2;1;2;1
202300000094;155 680 396;7;0;2;4;1;1
202300000095;155 680 393;7;0;2;1;2;1
202300000095;155 680 394;7;0;2;4;1;1
202300000096;155 680 391;7;0;2;2;15;1
202300000096;155 680 392;10;0;2;1;1;1
202300000097;155 680 389;33;0;2;1;1;1
202300000097;155 680 390;30;14;0;3;15;1
202300000098;155 680 386;7;0;2;2;9;1
202300000098;155 680 388;50;0;2;1;1;3
202300000099;155 680 385;7;0;2;5;2;1
202300000099;155 680 387;31;0;2;1;26;1
202300000100;155 680 383;7;0;1;1;1;1
202300000101;155 680 382;7;0;2;1;2;0
202300000101;155 680 384;10;0;2;6;1;1
202300000102;155 680 380;7;0;1;8;1;1
202300000103;155 680 379;7;0;2;3;15;1
202300000103;155 680 381;30;0;2;1;17;1
202300000104;155 680 377;7;0;1;4;4;1
202300000105;155 680 376;7;0;2;1;26;1
202300000105;155 680 378;7;0;2;4;0;0
202300000106;155 680 374;33;0;2;7;15;1
202300000106;155 680 375;31;0;2;1;1;1
202300000107;155 680 371;7;0;2;3;9;1
202300000107;155 680 372;7;0;2;2;1;1
202300000108;155 680 368;30;0;0;0;0;1
202300000109;155 680 366;10;0;2;3;9;1
202300000109;155 680 367;34;0;2;1;1;1
202300000110;155 680 364;7;0;1;1;15;6
202300000111;155 680 363;2;0;2;1;1;1
202300000111;155 680 365;7;0;2;3;9;1
202300000112;155 680 361;38;0;1;2;1;1
202300000113;155 680 360;7;0;2;1;15;1
202300000113;155 680 362;7;0;2;2;1;1
202300000114;155 680 357;7;13;0;0;1;1
202300000115;155 680 355;7;0;2;4;2;1
202300000115;155 680 358;7;0;2;1;2;1
202300000116;155 680 354;7;0;1;4;23;1
202300000117;155 680 350;7;0;2;2;15;1
202300000117;155 680 353;33;0;2;1;1;1
202300000118;155 680 349;10;0;2;2;1;1
202300000118;155 680 351;1;0;2;4;2;5
202300000119;155 680 345;7;1;0;1;1;1
202300000120;155 680 346;7;0;2;1;1;1
202300000120;155 680 347;7;0;2;4;23;1
202300000121;155 680 342;7;2;0;3;13;0
202300000122;155 680 340;7;0;2;4;2;1
202300000122;155 680 343;7;0;2;1;2;1
202300000122;155 680 344;38;0;2;4;2;1
202300000123;155 680 339;7;0;2;1;15;1
202300000123;155 680 341;33;0;2;1;1;1
202300000124;155 680 336;7;0;2;3;26;1
202300000124;155 680 338;7;0;2;3;13;1
202300000125;155 680 330;7;0;2;2;1;1
202300000125;155 680 332;7;0;2;2;1;1
202300000125;155 680 335;10;0;2;5;15;1
202300000126;155 680 329;7;0;2;4;1;1
202300000126;155 680 331;7;0;2;4;1;1
202300000126;155 680 334;37;1;2;3;9;1
202300000126;155 680 337;7;0;2;4;3;1
202300000127;155 680 328;99;0;2;1;1;1
202300000127;155 680 333;7;0;2;6;1;3
202300000128;155 680 327;7;13;0;1;1;1
202300000129;155 680 322;10;0;2;4;2;1
202300000129;155 680 325;7;0;2;4;2;1
202300000129;155 680 326;10;0;2;1;1;1
202300000130;155 680 321;14;0;2;2;15;1
202300000130;155 680 323;33;0;2;1;1;1
202300000131;155 680 319;30;0;0;0;1;1
202300000132;155 680 320;2;0;2;2;5;1
202300000132;155 680 324;10;0;2;3;16;1
202300000133;155 680 318;7;2;0;8;1;1
202300000134;155 680 316;7;0;1;3;1;1
202300000135;155 680 315;10;0;2;1;1;1
202300000135;155 680 317;7;0;2;1;13;1
202300000136;155 680 313;7;0;2;1;5;1
202300000136;155 680 314;17;0;2;1;1;1
202300000137;155 680 310;7;0;9;2;1;0
202300000137;155 680 311;80;0;2;4;1;3
202300000138;155 680 309;7;0;2;1;0;1
202300000138;155 680 312;7;0;2;8;0;1
202300000139;155 680 306;7;0;2;1;11;0
202300000139;155 680 308;33;0;2;1;0;1
202300000140;155 680 305;10;0;2;7;17;0
202300000140;155 680 307;1;0;2;8;1;5
202300000141;155 680 302;15;0;2;3;1;1
202300000141;155 680 303;7;0;2;1;11;1
202300000142;155 680 301;1;0;2;7;1;5
202300000142;155 680 304;7;0;2;1;1;1
202300000143;155 680 298;7;0;2;4;2;1
202300000143;155 680 299;7;0;2;1;2;0
202300000144;155 680 297;10;0;0;2;9;1
202300000144;155 680 300;14;7;0;1;1;1
202300000145;155 680 295;7;2;0;1;1;1
202300000146;155 680 294;1;0;2;8;15;5
202300000146;155 680 296;7;0;2;2;1;1
202300000147;155 680 292;33;0;2;1;1;1
202300000147;155 680 293;7;0;2;4;1;1
202300000148;155 680 291;7;13;0;9;1;1
202300000149;155 680 288;7;0;2;1;1;1
202300000149;155 680 290;50;0;2;0;1;3
202300000150;155 680 287;10;0;2;1;1;1
202300000150;155 680 289;10;0;2;1;1;1
202300000151;155 680 285;7;0;2;3;1;0
202300000151;155 680 286;60;0;2;3;26;5
202300000152;155 680 284;7;3;0;8;1;2
202300000153;155 680 283;7;0;1;8;15;1
202300000154;155 680 280;33;0;2;0;1;1
202300000154;155 680 282;7;0;2;2;12;1
202300000155;155 680 279;7;0;2;3;1;1
202300000155;155 680 281;7;0;2;2;1;1
202300000156;155 680 276;99;0;2;1;1;3
202300000156;155 680 277;99;0;2;4;1;0
202300000157;155 680 275;7;0;2;1;1;1
202300000157;155 680 278;3;0;2;7;13;1
202300000158;155 680 274;33;0;0;0;1;1
202300000159;155 680 273;7;2;0;2;1;1
202300000160;155 680 271;32;0;2;1;1;1
202300000160;155 680 272;14;0;2;5;0;1
202300000161;155 680 269;7;0;1;1;1;1
202300000162;155 680 270;7;0;1;3;1;3
202300000163;155 680 268;7;0;1;7;1;1
202300000164;155 680 267;7;4;0;2;6;3
202300000165;155 680 265;7;0;9;4;1;1
202300000165;155 680 266;7;0;2;1;1;1
202300000166;155 680 264;7;0;1;1;1;1
202300000167;155 680 261;7;0;2;2;2;1
202300000167;155 680 262;33;0;2;4;23;1
202300000168;155 680 258;33;0;2;1;17;1
202300000168;155 680 259;7;0;2;2;15;1
202300000169;155 680 257;7;0;2;2;1;1
202300000169;155 680 260;7;0;2;1;15;1
202300000170;155 680 252;7;0;2;6;15;1
202300000170;155 680 254;33;0;2;6;17;1
202300000171;155 680 253;7;0;1;2;1;1
202300000172;155 680 250;30;0;2;1;1;1
202300000172;155 680 251;1;0;0;0;0;5
202300000173;155 680 249;7;2;0;2;1;0
202300000174;155 680 247;10;0;2;1;15;0
202300000174;155 680 248;31;0;2;1;1;0
202300000175;155 680 245;7;0;2;7;17;1
202300000175;155 680 246;7;0;2;1;1;1
202300000176;155 680 244;31;0;1;2;1;1
202300000177;155 680 242;2;0;2;1;3;1
202300000177;155 680 243;7;0;2;3;15;1
202300000178;155 680 241;2;1;0;1;1;1
202300000179;155 680 239;7;0;1;1;1;1
202300000180;155 680 238;2;6;0;8;1;1
202300000180;155 680 240;7;0;0;2;1;1
202300000181;155 680 237;10;8;0;1;1;1
202300000182;155 680 235;7;0;9;2;16;1
202300000182;155 680 236;50;0;2;3;0;3
202300000183;155 680 234;38;0;0;2;21;1
202300000184;155 680 232;32;0;2;1;1;1
202300000184;155 680 233;7;0;2;3;20;1
202300000185;155 680 230;33;16;0;1;1;1
202300000186;155 680 229;7;0;2;3;19;1
202300000186;155 680 231;7;0;2;2;19;1
202300000187;155 680 227;80;0;2;1;2;3
202300000187;155 680 228;7;0;2;4;2;1
202300000188;155 680 224;99;0;2;4;1;1
202300000188;155 680 226;7;0;2;1;1;1
202300000189;155 680 223;2;0;2;2;0;1
202300000189;155 680 225;7;0;2;3;0;1
202300000190;155 680 220;33;0;2;3;19;1
202300000190;155 680 221;7;0;2;3;1;1
202300000191;155 680 219;7;0;2;4;1;1
202300000191;155 680 222;7;0;2;1;1;1
202300000192;155 680 218;30;0;0;0;26;1
202300000193;155 680 217;31;16;0;8;26;1
202300000194;155 680 215;30;0;2;7;17;1
202300000194;155 680 216;7;0;2;3;1;1
202300000195;155 680 214;7;4;0;3;1;1
202300000196;155 680 212;7;0;2;5;16;1
202300000196;155 680 213;31;0;2;1;1;1
202300000197;155 680 208;50;0;2;1;19;3
202300000197;155 680 210;7;0;2;8;19;1
202300000198;155 680 207;7;0;2;0;2;1
202300000198;155 680 209;7;0;2;1;2;1
202300000198;155 680 211;10;0;2;4;2;1
202300000199;155 680 206;30;0;1;1;7;1
202300000200;155 680 204;32;12;0;0;18;0
202300000201;155 680 201;7;0;2;5;12;1
202300000201;155 680 203;33;0;2;1;3;1
202300000201;155 680 205;7;0;2;6;12;1
202300000202;155 680 199;50;1;0;1;1;3
202300000203;155 680 200;99;0;9;3;1;1
202300000203;155 680 202;1;0;2;2;1;0
202300000204;155 680 197;14;0;2;2;1;1
202300000204;155 680 198;7;0;2;8;11;1
202300000205;155 680 194;32;0;2;6;17;1
202300000205;155 680 196;7;0;2;6;15;1
202300000206;155 680 193;7;0;0;5;15;0
202300000206;155 680 195;99;0;2;1;1;3
202300000207;155 680 192;33;0;9;2;1;1
202300000208;155 680 190;7;3;0;1;1;1
202300000209;155 680 189;7;0;1;7;16;0
202300000210;155 680 188;7;0;2;2;15;1
202300000210;155 680 191;33;0;2;1;1;1
202300000211;155 680 186;30;0;0;1;2;3
202300000212;155 680 184;7;0;1;2;21;1
202300000213;155 680 182;7;0;2;4;1;1
202300000213;155 680 183;7;0;2;1;1;1
202300000213;155 680 185;7;0;2;4;1;1
202300000213;155 680 187;7;0;2;4;1;1
202300000214;155 680 179;7;8;2;8;1;1
202300000214;155 680 180;7;0;2;1;15;1
202300000215;155 680 178;30;0;2;3;9;1
202300000215;155 680 181;7;0;2;3;1;1
202300000216;155 680 174;7;0;1;2;1;1
202300000217;155 680 172;7;0;2;0;1;1
202300000217;155 680 175;80;0;2;0;1;3
202300000218;155 680 170;10;0;2;1;2;1
202300000218;155 680 171;7;0;2;4;2;1
202300000218;155 680 173;7;0;2;4;2;1
202300000218;155 680 176;10;0;2;4;2;1
202300000218;155 680 177;15;0;2;4;0;0
202300000219;155 680 167;3;0;2;1;0;
202300000219;155 680 169;3;0;2;1;0;
202300000220;155 680 166;40;0;2;1;1;3
202300000220;155 680 168;7;0;4;2;1;1
202300000221;155 680 164;7;0;2;2;2;1
202300000221;155 680 165;1;0;0;6;2;5
202300000222;155 680 159;10;0;2;1;0;0
202300000222;155 680 163;7;0;2;8;9;1
202300000223;155 680 161;10;0;2;8;11;1
202300000223;155 680 162;7;0;2;2;1;1
202300000224;155 680 158;30;0;2;8;18;1
202300000224;155 680 160;7;0;2;2;1;1
202300000225;155 680 154;31;0;2;3;1;1
202300000225;155 680 156;7;0;2;2;1;1
202300000226;155 680 153;7;0;2;1;1;0
202300000226;155 680 155;7;0;2;1;1;0
202300000226;155 680 157;7;0;2;0;1;0
202300000227;155 680 152;37;0;1;1;1;1
202300000228;155 680 150;7;0;1;3;1;1
202300000229;155 680 149;50;0;2;1;1;3
202300000229;155 680 151;7;0;2;3;16;1
202300000230;155 680 148;10;0;1;2;0;1
202300000231;155 680 145;32;0;2;2;1;1
202300000231;155 680 147;7;0;2;8;20;1
202300000232;155 680 143;7;0;2;2;15;1
202300000232;155 680 146;33;0;2;1;1;1
202300000233;155 680 142;7;0;2;1;2;1
202300000233;155 680 144;7;0;2;4;2;1
202300000234;155 680 140;7;0;2;1;1;1
202300000234;155 680 141;7;0;2;4;1;1
202300000235;155 680 139;0;0;1;1;0;0
202300000236;155 680 137;30;1;0;2;14;1
202300000237;155 680 136;7;0;2;6;15;1
202300000237;155 680 138;33;0;2;2;17;1
202300000238;155 680 134;7;0;2;7;16;1
202300000238;155 680 135;33;10;2;0;1;1
202300000239;155 680 132;7;0;1;3;19;1
202300000240;155 680 131;31;0;2;1;3;1
202300000240;155 680 133;7;0;0;8;15;1
202300000241;155 680 129;7;0;2;2;12;1
202300000241;155 680 130;7;0;2;3;1;1
202300000242;155 680 127;7;0;1;1;1;0
202300000243;155 680 126;7;0;2;8;1;2
202300000243;155 680 128;7;0;2;3;13;1
202300000244;155 680 124;0;0;1;1;26;0
202300000245;155 680 122;7;0;2;3;1;1
202300000245;155 680 125;50;0;2;1;1;3
202300000246;155 680 121;7;0;2;4;2;1
202300000246;155 680 123;30;0;2;4;15;3
202300000247;155 680 120;7;0;1;4;20;2
202300000248;155 680 117;30;0;0;4;23;1
202300000249;155 680 116;7;0;2;1;5;1
202300000249;155 680 119;7;0;2;1;1;1
202300000250;155 680 115;7;0;2;1;1;1
202300000250;155 680 118;10;0;2;4;23;1
202300000251;155 680 114;7;0;1;5;20;0
202300000252;155 680 113;33;0;5;0;0;1
202300000253;155 680 111;10;0;1;4;26;1
202300000254;155 680 109;33;0;2;1;1;1
202300000254;155 680 112;10;0;2;2;15;1
202300000255;155 680 108;50;0;2;1;9;3
202300000255;155 680 110;7;0;2;2;1;1
202300000256;155 680 106;7;0;1;8;1;1
202300000257;155 680 105;32;0;2;2;9;0
202300000257;155 680 107;32;0;2;3;9;0
202300000258;155 680 103;50;0;2;1;1;3
202300000258;155 680 104;7;0;2;3;9;1
202300000259;155 680 100;7;0;1;2;1;1
202300000260;155 680 099;7;0;2;8;9;1
202300000260;155 680 101;7;0;2;1;1;1
202300000261;155 680 094;1;0;2;4;1;5
202300000261;155 680 097;7;0;2;1;1;1
202300000262;155 680 095;7;0;1;0;16;1
202300000263;155 680 091;10;0;0;3;26;1
202300000264;155 680 088;80;0;1;3;1;3
202300000265;155 680 085;7;0;1;3;1;1
202300000266;155 680 084;10;6;2;1;1;1
202300000266;155 680 086;7;0;2;6;1;1
202300000267;155 680 080;7;12;0;1;1;1
202300000268;155 680 077;7;0;2;7;15;1
202300000268;155 680 079;7;0;2;1;1;1
202300000269;155 680 075;7;0;1;1;1;1
202300000270;155 680 073;7;0;2;3;15;1
202300000270;155 680 076;32;0;2;1;3;1
202300000271;155 680 071;7;0;1;2;1;0
202300000272;155 680 069;10;0;1;1;17;1
202300000273;155 680 070;7;3;0;7;1;1
202300000274;155 680 067;7;1;0;2;2;2
202300000275;155 680 066;33;0;2;1;17;1
202300000275;155 680 068;7;0;2;6;1;1
202300000276;155 680 064;7;0;1;2;1;1
202300000277;155 680 063;40;0;1;3;1;3
202300000278;155 680 059;7;1;0;1;15;1
202300000279;155 680 061;1;0;2;4;19;5
202300000279;155 680 062;7;0;2;3;16;1
202300000280;155 680 058;7;0;2;1;26;1
202300000280;155 680 060;7;0;2;1;2;1
202300000281;155 680 055;30;0;2;3;2;1
202300000281;155 680 057;7;0;2;3;9;1
202300000282;155 680 054;7;15;0;1;1;1
202300000283;155 680 053;7;0;2;8;1;1
202300000283;155 680 056;7;0;2;7;1;
202300000284;155 680 050;7;0;1;2;26;1
202300000284;155 680 052;1;0;2;0;26;5
202300000285;155 680 049;1;0;2;1;1;5
202300000285;155 680 051;7;0;2;4;1;3
202300000286;155 680 047;1;0;2;1;1;5
202300000286;155 680 048;7;0;2;8;22;1
202300000287;155 680 041;37;0;0;0;0;0
202300000287;155 680 044;10;0;2;1;15;0
202300000287;155 680 046;2;0;2;1;1;0
202300000288;155 680 040;7;0;2;4;23;1
202300000288;155 680 043;7;0;2;1;1;1
202300000288;155 680 045;7;0;2;4;23;1
202300000289;155 680 039;60;0;2;8;19;5
202300000289;155 680 042;33;0;2;1;1;
202300000290;155 680 034;7;0;2;2;1;1
202300000290;155 680 038;50;0;2;4;0;3
202300000291;155 680 035;7;0;2;2;1;1
202300000291;155 680 037;1;0;2;4;0;5
202300000292;155 680 033;10;0;2;5;1;1
202300000292;155 680 036;7;0;2;1;1;1
202300000293;155 680 029;7;0;2;1;2;1
202300000293;155 680 030;7;0;2;4;2;1
202300000293;155 680 032;7;0;2;4;2;1
202300000294;155 680 027;7;0;0;3;15;1
202300000294;155 680 031;1;0;2;1;1;5
202300000295;155 680 026;7;0;2;4;1;
202300000295;155 680 028;7;0;2;1;1;1
202300000296;155 680 025;1;0;9;0;2;5
202300000297;155 680 024;7;0;1;1;1;1
202300000298;155 680 021;10;0;2;1;2;1
202300000298;155 680 022;7;0;2;4;1;1
202300000298;155 680 023;7;0;2;6;23;1
202300000299;155 680 016;7;0;2;1;10;1
202300000299;155 680 018;10;0;2;1;1;1
202300000300;155 680 014;7;0;2;4;23;1
202300000300;155 680 015;7;0;2;4;23;1
202300000300;155 680 017;7;0;2;4;23;1
202300000300;155 680 019;7;0;2;1;1;1
202300000300;155 680 020;7;0;2;4;23;1
202300000301;155 680 013;7;0;1;2;1;1
202300000302;155 680 012;7;9;0;9;1;
202300000303;155 680 011;37;0;1;2;16;1
202300000304;155 680 009;1;0;2;1;19;5
202300000304;155 680 010;7;0;2;1;1;1
202300000305;155 680 007;7;0;2;8;15;1
202300000305;155 680 008;32;0;2;1;17;1
202300000306;155 680 004;1;0;2;8;19;5
202300000306;155 680 006;33;0;2;1;1;
202300000307;155 680 003;7;0;2;3;1;1
202300000307;155 680 005;7;0;2;3;15;2
202300000308;155 680 000;7;0;2;3;1;1
202300000308;155 680 002;7;0;2;1;19;1
202300000309;155 679 999;10;0;2;1;19;1
202300000309;155 680 001;33;0;2;8;21;1
202300000310;155 679 997;7;2;0;1;1;1
202300000311;155 679 995;30;0;2;9;1;
202300000311;155 679 996;7;0;2;8;9;1