Num_Acc;id_vehicule;categorie_vehicule;obstacle_fixe;obstacle_mobile;point_choc_initial;manoeuvre_principale;motorisation
202300000311;155 679 998;7;0;2;8;1;
202300000312;155 679 994;50;0;1;1;25;3
202300000313;155 679 992;33;0;2;1;9;1
202300000313;155 679 993;7;0;2;6;1;1
202300000314;155 679 990;30;0;2;1;1;1
202300000314;155 679 991;7;0;2;6;15;1
202300000315;155 679 987;30;0;2;8;1;
202300000315;155 679 989;10;0;2;7;1;
202300000316;155 679 986;7;0;2;2;15;1
202300000316;155 679 988;33;0;2;1;1;1
202300000317;155 679 985;7;9;0;1;1;
202300000318;155 679 983;50;0;2;1;19;3
202300000318;155 679 984;37;0;2;2;1;1
202300000319;155 679 980;10;0;2;8;9;
202300000319;155 679 982;7;0;2;7;1;1
202300000320;155 679 979;7;0;2;1;0;1
202300000320;155 679 981;7;0;0;0;0;1
202300000321;155 679 976;7;0;2;2;16;1
202300000321;155 679 978;50;0;2;3;25;3
202300000322;155 679 974;7;0;2;4;1;1
202300000322;155 679 975;7;0;2;2;14;1
202300000322;155 679 977;7;9;2;4;1;1
202300000323;155 679 972;40;0;1;1;1;3
202300000324;155 679 971;7;0;2;3;15;1
202300000324;155 679 973;7;0;2;2;1;1
202300000325;155 679 969;7;0;1;1;1;1
202300000326;155 679 968;7;0;2;8;16;
202300000326;155 679 970;1;0;2;7;1;5
202300000327;155 679 967;10;0;1;2;9;1
202300000328;155 679 966;7;0;1;1;16;2
202300000329;155 679 964;50;0;2;7;15;2
202300000329;155 679 965;37;0;9;1;1;1
202300000330;155 679 962;7;0;2;1;13;1
202300000330;155 679 963;7;0;2;1;1;1
202300000331;155 679 961;7;8;0;1;14;1
202300000332;155 679 959;7;0;1;2;1;1
202300000333;155 679 958;31;0;2;1;17;1
202300000333;155 679 960;7;;2;;1;
202300000334;155 679 954;7;0;2;1;13;1
202300000334;155 679 955;7;0;2;1;1;1
202300000335;155 679 953;7;0;1;1;16;0
202300000336;155 679 951;7;0;2;4;2;1
202300000336;155 679 952;10;0;2;1;2;1
202300000337;155 679 947;10;0;2;7;0;1
202300000337;155 679 948;2;0;2;1;26;1
202300000338;155 679 949;7;0;2;2;1;1
202300000338;155 679 950;7;0;2;3;9;1
202300000339;155 679 945;7;0;2;1;15;1
202300000339;155 679 946;7;0;2;1;1;1
202300000340;155 679 943;7;0;1;2;1;1
202300000341;155 679 940;7;0;1;1;1;1
202300000342;155 679 939;7;0;2;1;19;1
202300000342;155 679 941;7;0;2;0;0;1
202300000343;155 679 938;7;0;1;3;1;1
202300000344;155 679 936;30;0;2;1;17;1
202300000344;155 679 937;3;0;2;3;9;1
202300000345;155 679 930;20;0;2;1;1;0
202300000345;155 679 932;7;0;2;8;1;0
202300000346;155 679 928;7;0;0;6;1;1
202300000346;155 679 929;10;0;0;4;1;1
202300000346;155 679 931;7;0;2;7;13;2
202300000346;155 679 933;7;0;2;8;1;1
202300000346;155 679 934;33;0;2;4;1;1
202300000346;155 679 935;33;0;2;4;1;1
202300000347;155 679 927;33;13;0;1;1;1
202300000348;155 679 923;7;0;2;1;1;1
202300000348;155 679 926;10;0;2;1;5;1
202300000349;155 679 924;7;0;2;3;15;1
202300000349;155 679 925;1;0;2;1;26;5
202300000350;155 679 922;33;0;0;9;1;1
202300000351;155 679 921;7;0;1;7;2;1
202300000352;155 679 919;10;0;2;3;15;1
202300000352;155 679 920;33;6;2;1;17;1
202300000353;155 679 918;31;0;1;1;1;1
202300000354;155 679 915;7;0;2;3;15;1
202300000354;155 679 917;10;0;2;2;1;1
202300000355;155 679 914;7;0;2;3;26;2
202300000355;155 679 916;2;0;2;1;1;1
202300000356;155 679 913;7;8;0;7;1;1
202300000357;155 679 910;7;0;2;4;26;1
202300000357;155 679 912;0;0;2;1;1;1
202300000358;155 679 907;7;0;2;4;1;1
202300000358;155 679 909;7;0;2;1;1;1
202300000358;155 679 911;7;0;2;4;1;1
202300000359;155 679 906;7;0;0;4;2;1
202300000359;155 679 908;33;0;2;1;2;1
202300000360;155 679 902;7;0;2;1;19;1
202300000360;155 679 904;7;0;2;7;1;1
202300000361;155 679 903;60;0;2;7;19;5
202300000361;155 679 905;7;0;9;1;1;0
202300000362;155 679 901;7;2;0;8;13;1
202300000363;155 679 900;7;0;1;3;1;1
202300000364;155 679 898;7;8;2;2;15;1
202300000364;155 679 899;10;0;2;3;17;1
202300000365;155 679 897;7;0;1;1;1;1
202300000366;155 679 895;7;0;2;2;0;1
202300000366;155 679 896;30;0;2;2;0;1
202300000367;155 679 893;50;0;2;0;14;3
202300000367;155 679 894;7;0;2;8;1;1
202300000368;155 679 891;7;0;2;3;1;1
202300000368;155 679 892;33;0;2;3;5;1
202300000369;155 679 890;40;0;1;2;1;3
202300000370;155 679 888;7;0;2;3;15;1
202300000370;155 679 889;2;0;2;1;1;1
202300000371;155 679 887;7;1;1;2;1;1
202300000372;155 679 886;7;2;0;2;1;0
202300000373;155 679 882;33;0;2;1;17;1
202300000373;155 679 884;33;0;0;1;1;1
202300000374;155 679 883;7;0;2;1;5;1
202300000374;155 679 885;7;0;2;1;1;2
202300000375;155 679 881;33;0;1;8;26;1
202300000376;155 679 880;7;1;1;3;1;1
202300000377;155 679 879;7;6;0;1;1;1
202300000378;155 679 878;7;8;0;0;1;1
202300000379;155 679 877;30;0;1;1;0;3
202300000380;155 679 875;7;0;2;3;13;1
202300000380;155 679 876;7;0;2;3;0;1
202300000381;155 679 873;43;0;2;8;15;1
202300000381;155 679 874;32;0;2;2;1;1
202300000382;155 679 869;7;0;2;7;1;0
202300000382;155 679 870;36;0;2;1;11;1
202300000382;155 679 871;7;0;0;0;15;0
202300000382;155 679 872;7;0;2;1;1;0
202300000383;155 679 868;7;0;1;3;1;1
202300000384;155 679 867;7;2;0;1;1;1
202300000385;155 679 865;7;0;2;7;24;0
202300000385;155 679 866;34;1;0;1;18;1
202300000386;155 679 863;7;0;2;3;1;1
202300000386;155 679 864;7;0;2;3;13;1
202300000387;155 679 861;7;2;0;1;1;0
202300000388;155 679 860;7;0;2;8;1;1
202300000388;155 679 862;7;0;2;3;19;1
202300000389;155 679 859;7;0;1;2;1;1
202300000390;155 679 856;7;1;0;2;26;2
202300000390;155 679 858;1;16;0;7;25;5
202300000391;155 679 852;39;0;1;;1;
202300000392;155 679 853;7;0;2;2;19;0
202300000392;155 679 854;7;0;2;1;1;0
202300000392;155 679 855;7;0;0;8;23;0
202300000393;155 679 850;7;0;2;3;11;0
202300000393;155 679 851;2;1;2;6;1;1
202300000394;155 679 849;39;0;1;1;1;
202300000395;155 679 847;7;0;2;7;14;1
202300000395;155 679 848;33;3;2;8;1;1
202300000396;155 679 845;30;0;4;1;1;1
202300000396;155 679 846;39;0;2;1;1;3
202300000397;155 679 843;10;0;2;6;2;1
202300000397;155 679 844;7;0;2;1;2;1
202300000398;155 679 842;39;0;1;0;1;3
202300000399;155 679 839;33;0;2;1;21;1
202300000399;155 679 840;7;0;0;3;1;1
202300000399;155 679 841;7;0;2;0;14;1
202300000400;155 679 838;39;0;1;1;1;3
202300000401;155 679 836;17;0;2;2;15;1
202300000401;155 679 837;33;0;2;6;0;1
202300000402;155 679 835;39;0;1;1;1;3
202300000403;155 679 833;14;0;2;1;1;1
202300000403;155 679 834;7;0;2;4;1;2
202300000404;155 679 832;39;0;1;0;1;1
202300000405;155 679 830;7;0;2;1;2;1
202300000405;155 679 831;7;0;2;4;2;1
202300000406;155 679 829;39;0;1;1;1;3
202300000407;155 679 828;7;4;0;0;1;1
202300000408;155 679 824;7;0;2;3;1;1
202300000408;155 679 827;32;0;2;1;3;1
202300000409;155 679 821;10;0;2;1;2;1
202300000409;155 679 822;7;0;2;4;2;1
202300000410;155 679 820;10;0;0;0;0;0
202300000410;155 679 823;10;0;2;4;2;1
202300000411;155 679 819;7;3;0;1;1;1
202300000412;155 679 816;33;0;2;3;18;1
202300000412;155 679 817;7;0;2;5;14;1
202300000413;155 679 815;33;0;2;4;1;1
202300000413;155 679 818;7;0;2;1;26;1
202300000414;155 679 810;10;0;2;1;2;1
202300000414;155 679 812;7;0;2;4;2;1
202300000414;155 679 813;7;0;2;4;2;1
202300000414;155 679 814;7;0;2;4;2;1
202300000415;155 679 811;39;0;1;1;1;3
202300000416;155 679 807;7;0;2;4;2;1
202300000416;155 679 809;33;0;2;1;3;1
202300000417;155 679 806;39;0;2;1;1;
202300000417;155 679 808;7;0;4;1;1;1
202300000418;155 679 803;7;0;2;4;1;1
202300000418;155 679 804;7;0;2;1;11;1
202300000418;155 679 805;7;0;2;1;1;1
202300000419;155 679 801;43;0;2;2;14;0
202300000419;155 679 802;7;0;2;3;1;1
202300000420;155 679 800;7;0;1;1;1;1
202300000421;155 679 798;7;0;2;1;7;1
202300000421;155 679 799;7;15;0;5;16;1
202300000422;155 679 795;7;0;1;2;9;1
202300000423;155 679 796;1;0;2;8;19;5
202300000423;155 679 797;31;0;9;1;2;1
202300000424;155 679 794;7;0;1;0;1;1
202300000425;155 679 792;7;0;2;8;13;2
202300000425;155 679 793;32;0;2;2;17;1
202300000426;155 679 791;2;0;1;2;1;3
202300000427;155 679 789;33;2;0;1;13;1
202300000427;155 679 790;33;8;0;1;13;1
202300000428;155 679 787;7;0;0;1;1;1
202300000428;155 679 788;7;0;0;0;23;1
202300000429;155 679 786;7;0;1;0;0;1
202300000430;155 679 784;2;0;2;3;15;1
202300000430;155 679 785;7;0;2;2;17;1
202300000431;155 679 783;39;0;1;0;;
202300000432;155 679 781;7;0;1;1;17;1
202300000432;155 679 782;7;0;1;8;1;1
202300000433;155 679 780;1;0;0;0;1;5
202300000434;155 679 777;7;0;2;9;0;1
202300000434;155 679 778;7;0;2;9;0;1
202300000434;155 679 779;7;0;2;4;26;1
202300000435;155 679 774;33;0;2;1;3;1
202300000435;155 679 775;7;0;2;8;15;1
202300000436;155 679 773;7;0;1;2;1;1
202300000437;155 679 771;1;0;0;1;1;5
202300000438;155 679 770;7;0;2;1;1;1
202300000438;155 679 772;7;1;2;4;1;1
202300000439;155 679 766;7;0;2;1;1;1
202300000439;155 679 767;7;0;2;4;1;2
202300000439;155 679 768;7;0;2;4;1;1
202300000440;155 679 769;7;2;0;1;1;1
202300000441;155 679 764;33;0;2;1;26;1
202300000441;155 679 765;7;0;2;4;0;1
202300000442;155 679 763;7;0;1;4;20;1
202300000443;155 679 761;7;0;2;0;0;1
202300000443;155 679 762;50;0;2;1;1;3
202300000444;155 679 760;2;12;0;1;1;1
202300000445;155 679 756;10;0;2;1;2;1
202300000445;155 679 757;7;0;2;4;2;1
202300000445;155 679 759;10;0;2;4;2;1
202300000446;155 679 755;7;0;2;3;1;1
202300000446;155 679 758;30;0;2;1;1;3
202300000447;155 679 754;7;0;1;1;26;1
202300000448;155 679 750;7;0;2;3;2;1
202300000448;155 679 752;33;0;2;2;15;1
202300000449;155 679 751;7;0;2;3;5;0
202300000449;155 679 753;7;0;2;3;1;0
202300000450;155 679 748;10;0;2;4;1;1
202300000450;155 679 749;10;0;2;1;2;1
202300000451;155 679 746;7;9;0;1;16;1
202300000452;155 679 744;7;0;1;3;15;1
202300000453;155 679 742;7;0;2;3;1;1
202300000453;155 679 745;10;0;2;1;1;1
202300000453;155 679 747;7;0;2;1;13;1
202300000454;155 679 741;7;0;1;2;1;1
202300000455;155 679 739;37;0;0;0;1;6
202300000456;155 679 740;7;13;0;1;1;1
202300000457;155 679 737;7;0;2;3;1;1
202300000457;155 679 738;10;0;2;3;15;1
202300000458;155 679 735;10;0;2;1;1;0
202300000458;155 679 736;7;8;0;2;1;1
202300000459;155 679 734;7;0;1;1;9;1
202300000460;155 679 733;2;0;0;0;1;1
202300000461;155 679 731;50;0;0;0;1;3
202300000462;155 679 732;7;13;0;1;14;1
202300000463;155 679 730;31;1;0;1;1;1
202300000464;155 679 728;7;0;2;2;1;1
202300000464;155 679 729;80;0;2;2;1;3
202300000465;155 679 726;1;0;2;2;1;5
202300000465;155 679 727;10;0;2;3;1;1
202300000466;155 679 725;7;0;1;3;1;1
202300000467;155 679 723;33;0;0;0;21;1
202300000467;155 679 724;14;0;0;0;26;0
202300000468;155 679 719;7;0;2;1;5;1
202300000468;155 679 720;15;0;2;2;1;0
202300000469;155 679 717;33;0;2;3;16;1
202300000469;155 679 718;7;0;2;3;13;1
202300000470;155 679 715;7;0;2;6;23;1
202300000470;155 679 716;33;12;2;1;14;1
202300000471;155 679 714;30;4;0;2;1;1
202300000472;155 679 713;34;0;1;1;26;1
202300000473;155 679 711;10;0;2;1;1;0
202300000473;155 679 712;7;0;2;4;1;0
202300000474;155 679 710;7;0;0;2;14;1
202300000475;155 679 709;10;3;0;3;14;1
202300000476;155 679 708;7;0;1;1;1;2
202300000477;155 679 707;7;0;1;1;15;1
202300000478;155 679 706;32;0;2;3;1;1
202300000479;155 679 703;15;0;2;5;16;1
202300000479;155 679 704;10;0;2;1;1;1
202300000479;155 679 705;7;0;2;4;1;1
202300000480;155 679 702;7;2;0;1;9;1
202300000481;155 679 700;7;0;2;3;1;1
202300000481;155 679 701;31;0;2;0;0;1
202300000482;155 679 699;7;0;1;2;1;1
202300000483;155 679 696;7;0;2;1;12;1
202300000483;155 679 697;7;0;2;4;2;1
202300000483;155 679 698;7;0;2;4;0;0
202300000484;155 679 694;7;0;2;3;13;1
202300000484;155 679 695;1;0;2;1;1;5
202300000485;155 679 693;7;1;0;2;14;1
202300000486;155 679 692;10;0;1;4;20;1
202300000487;155 679 690;7;0;2;3;1;1
202300000487;155 679 691;7;0;2;3;1;1
202300000488;155 679 689;10;0;1;1;15;1
202300000489;155 679 687;1;0;2;1;1;5
202300000489;155 679 688;7;0;2;4;2;1
202300000490;155 679 685;7;0;2;2;16;3
202300000490;155 679 686;50;0;2;1;19;3
202300000491;155 679 683;7;0;2;2;15;1
202300000491;155 679 684;33;0;2;1;1;1
202300000492;155 679 682;7;0;1;1;1;1
202300000493;155 679 679;7;6;2;9;1;1
202300000493;155 679 680;7;0;2;4;5;1
202300000493;155 679 681;37;0;2;1;2;1
202300000494;155 679 677;1;0;2;1;1;5
202300000494;155 679 678;7;0;2;1;15;1
202300000495;155 679 674;30;0;2;4;23;1
202300000495;155 679 675;7;1;0;1;1;1
202300000495;155 679 676;31;0;2;4;24;1
202300000496;155 679 672;7;0;2;3;0;1
202300000496;155 679 673;33;0;2;8;0;1
202300000497;155 679 671;7;0;1;8;21;1
202300000498;155 679 670;7;0;1;2;1;1
202300000499;155 679 669;1;0;1;1;5;5
202300000500;155 679 667;7;0;2;1;15;1
202300000500;155 679 668;7;0;2;1;1;1
202300000501;155 679 664;3;0;2;1;1;1
202300000501;155 679 666;10;0;2;3;13;1
202300000502;155 679 663;7;1;2;5;1;1
202300000502;155 679 665;10;0;2;1;19;1
202300000503;155 679 661;2;0;2;1;1;1
202300000503;155 679 662;7;0;2;1;15;1
202300000504;155 679 659;7;0;2;1;2;1
202300000504;155 679 660;7;0;2;4;23;3
202300000505;155 679 657;7;0;2;3;9;2
202300000505;155 679 658;2;0;2;4;1;1
202300000506;155 679 655;7;0;2;1;2;1
202300000506;155 679 656;7;0;2;5;2;1
202300000507;155 679 653;7;0;1;1;1;1
202300000508;155 679 651;37;0;2;3;2;1
202300000508;155 679 652;7;0;2;7;14;1
202300000509;155 679 650;37;0;1;1;15;3
202300000510;155 679 648;7;0;1;2;1;1
202300000511;155 679 646;10;0;2;4;1;1
202300000511;155 679 647;7;0;2;1;1;1
202300000511;155 679 649;7;0;2;6;1;1
202300000512;155 679 643;7;0;2;1;13;1
202300000512;155 679 644;7;0;2;3;1;1
202300000513;155 679 642;13;0;2;2;2;1
202300000513;155 679 645;50;0;2;6;26;3
202300000514;155 679 641;7;0;0;0;13;1
202300000515;155 679 637;33;0;2;1;1;1
202300000515;155 679 640;7;0;2;5;1;1
202300000516;155 679 638;7;0;2;5;15;1
202300000516;155 679 639;3;0;2;1;16;1
202300000517;155 679 634;7;0;2;1;1;1
202300000517;155 679 635;7;0;2;9;1;1
202300000518;155 679 629;7;0;2;8;11;1
202300000518;155 679 631;7;0;2;2;1;1
202300000519;155 679 628;50;0;0;0;21;3
202300000520;155 679 627;7;0;9;3;15;3
202300000520;155 679 630;1;0;2;1;1;5
202300000520;155 679 632;1;0;2;1;0;5
202300000521;155 679 626;3;0;1;1;15;3
202300000522;155 679 625;10;0;1;4;26;1
202300000523;155 679 623;33;0;1;3;3;1
202300000524;155 679 622;50;0;2;1;1;3
202300000524;155 679 624;1;0;2;3;19;5
202300000525;155 679 621;7;9;0;2;1;1
202300000526;155 679 618;7;0;2;3;1;2
202300000526;155 679 620;1;0;2;2;19;5
202300000527;155 679 617;7;0;2;3;23;1
202300000527;155 679 619;30;1;0;1;1;1
202300000528;155 679 614;7;0;2;2;16;1
202300000528;155 679 616;1;0;2;1;19;5
202300000529;155 679 613;7;0;2;6;9;1
202300000529;155 679 615;33;0;2;1;1;1
202300000530;155 679 612;31;11;0;1;1;1
202300000531;155 679 608;7;0;2;3;1;1
202300000531;155 679 610;1;0;2;8;1;5
202300000532;155 679 609;7;0;2;2;1;1
202300000532;155 679 611;10;0;2;2;9;1
202300000533;155 679 606;0;0;0;0;26;0
202300000534;155 679 605;7;0;2;6;10;1
202300000534;155 679 607;33;0;2;1;1;1
202300000535;155 679 599;7;9;0;2;14;1
202300000536;155 679 598;37;0;0;0;1;1
202300000536;155 679 600;7;0;0;0;9;0
202300000537;155 679 596;1;0;2;1;1;5
202300000537;155 679 597;7;0;2;2;16;1
202300000538;155 679 595;7;0;1;2;5;1
202300000539;155 679 592;10;0;1;1;1;0
202300000540;155 679 593;50;0;2;1;19;3
202300000540;155 679 594;7;0;2;3;1;1
202300000541;155 679 591;1;0;1;1;1;5
202300000542;155 679 590;7;6;0;1;16;1
202300000543;155 679 587;32;0;2;4;1;1
202300000543;155 679 589;7;0;2;1;2;1
202300000544;155 679 588;30;1;0;6;0;1
202300000545;155 679 585;1;0;2;8;19;5
202300000545;155 679 586;10;0;2;1;1;1
202300000546;155 679 584;37;0;1;6;26;1
202300000547;155 679 583;7;0;1;3;1;1
202300000548;155 679 582;7;0;1;2;1;1
202300000549;155 679 580;10;0;2;1;2;1
202300000549;155 679 581;7;0;2;4;1;1
202300000550;155 679 577;7;0;1;2;1;1
202300000551;155 679 578;7;0;2;8;1;1
202300000551;155 679 579;7;0;2;1;1;1
202300000552;155 679 573;7;0;2;3;15;0
202300000552;155 679 575;32;0;2;2;1;0
202300000553;155 679 574;10;0;2;1;15;1
202300000553;155 679 576;2;0;2;1;1;1
202300000554;155 679 570;7;0;2;1;2;1
202300000554;155 679 571;7;0;0;0;26;1
202300000555;155 679 572;7;3;0;3;2;1
202300000556;155 679 567;7;0;2;1;1;1
202300000556;155 679 569;7;0;2;1;1;1
202300000557;155 679 566;7;0;2;8;15;1
202300000557;155 679 568;7;0;2;1;1;1
202300000558;155 679 565;10;0;1;3;1;1
202300000559;155 679 563;2;0;2;2;1;1
202300000559;155 679 564;7;0;2;3;9;1
202300000560;155 679 562;10;0;1;2;16;1
202300000561;155 679 559;7;0;1;1;1;1
202300000562;155 679 560;33;12;2;3;1;1
202300000562;155 679 561;7;0;2;6;1;1
202300000563;155 679 556;7;0;2;1;1;1
202300000563;155 679 558;7;0;2;1;1;1
202300000564;155 679 555;7;12;0;2;14;1
202300000565;155 679 554;10;0;2;3;15;1
202300000565;155 679 557;7;0;2;6;1;1
202300000566;155 679 553;7;1;0;1;15;1
202300000567;155 679 551;40;0;2;1;24;
202300000567;155 679 552;1;0;4;8;18;5
202300000568;155 679 549;10;0;2;3;14;0
202300000568;155 679 550;7;0;2;5;1;1
202300000569;155 679 545;7;0;2;1;1;1
202300000569;155 679 547;7;0;2;9;1;1
202300000569;155 679 548;7;0;2;4;1;0
202300000570;155 679 544;7;0;2;1;15;1
202300000570;155 679 546;1;0;2;1;0;5
202300000571;155 679 542;10;0;2;0;0;1
202300000571;155 679 543;2;0;2;7;0;1
202300000572;155 679 540;7;0;2;1;2;1
202300000572;155 679 541;7;0;2;4;2;1
202300000573;155 679 538;33;0;2;7;1;1
202300000573;155 679 539;33;0;2;7;10;1
202300000574;155 679 536;80;0;2;1;13;3
202300000574;155 679 537;80;0;2;1;21;3
202300000575;155 679 533;7;0;2;1;15;1
202300000575;155 679 535;2;0;2;1;1;1
202300000576;155 679 531;7;0;2;5;1;0
202300000576;155 679 532;7;0;2;3;1;0
202300000577;155 679 530;30;0;2;1;1;1
202300000577;155 679 534;7;0;2;7;15;2
202300000578;155 679 526;33;14;2;2;1;1
202300000578;155 679 528;33;0;2;5;1;1
202300000579;155 679 524;7;0;1;1;16;1
202300000580;155 679 522;7;0;1;1;1;1
202300000581;155 679 523;7;0;2;3;2;1
202300000581;155 679 525;31;0;2;1;2;1
202300000582;155 679 520;7;12;0;1;1;1
202300000583;155 679 518;7;0;2;1;2;1
202300000583;155 679 519;7;0;2;4;26;1
202300000583;155 679 521;7;0;2;4;15;1
202300000584;155 679 514;7;0;2;1;1;1
202300000584;155 679 516;1;0;2;7;19;5
202300000584;155 679 517;1;0;2;7;19;5
202300000585;155 679 515;7;6;0;1;14;1
202300000586;155 679 513;1;0;0;0;1;5
202300000587;155 679 509;7;0;2;1;15;1
202300000587;155 679 511;7;0;2;0;0;1
202300000588;155 679 510;7;0;2;3;26;1
202300000588;155 679 512;7;0;2;2;1;1
202300000589;155 679 507;33;0;2;2;17;1
202300000589;155 679 508;10;0;2;3;19;1
202300000590;155 679 503;10;0;2;1;1;1
202300000590;155 679 504;7;1;2;4;1;1
202300000590;155 679 506;7;0;0;4;1;1
202300000591;155 679 502;10;0;2;3;1;1
202300000591;155 679 505;7;0;2;2;15;1
202300000592;155 679 500;7;1;0;1;16;1
202300000593;155 679 497;80;12;0;2;0;3
202300000594;155 679 498;7;0;2;1;17;0
202300000594;155 679 499;16;0;2;0;0;0
202300000594;155 679 501;7;0;0;0;0;0
202300000595;155 679 495;33;0;2;3;15;1
202300000595;155 679 496;1;0;2;1;17;5
202300000596;155 679 494;7;0;1;2;20;0
202300000597;155 679 492;30;0;2;4;1;1
202300000597;155 679 493;7;0;2;1;1;1
202300000598;155 679 491;7;0;1;1;1;0
202300000599;155 679 489;33;0;2;6;1;1
202300000599;155 679 490;7;0;2;1;1;2
202300000600;155 679 487;32;;2;;;1
202300000600;155 679 488;7;0;2;7;15;1
202300000601;155 679 485;7;0;0;0;2;0
202300000601;155 679 486;33;0;2;4;2;1
202300000602;155 679 483;7;0;2;2;15;1
202300000602;155 679 484;33;0;2;1;1;1
202300000603;155 679 479;7;0;0;6;9;1
202300000603;155 679 480;7;0;2;1;1;1
202300000604;155 679 481;7;0;2;3;10;2
202300000604;155 679 482;32;0;2;1;17;1
202300000605;155 679 477;7;0;9;3;2;1
202300000605;155 679 478;50;0;2;4;0;3
202300000606;155 679 475;17;0;2;4;26;1
202300000606;155 679 476;1;0;2;1;1;5
202300000607;155 679 473;7;0;2;2;9;1
202300000607;155 679 474;1;0;2;6;1;5
202300000608;155 679 471;7;0;1;2;1;0
202300000609;155 679 470;7;0;2;6;1;2
202300000609;155 679 472;31;0;2;7;12;1
202300000610;155 679 469;7;0;1;1;1;1
202300000611;155 679 467;7;1;0;9;1;1
202300000612;155 679 468;7;0;1;1;26;1
202300000613;155 679 464;10;0;2;2;15;0
202300000613;155 679 466;7;0;2;1;1;1
202300000614;155 679 463;1;0;2;1;1;5
202300000614;155 679 465;7;0;2;1;15;0
202300000615;155 679 461;31;0;2;4;2;1
202300000615;155 679 462;7;0;2;1;2;0
202300000616;155 679 457;7;0;2;5;16;1
202300000616;155 679 459;50;0;2;1;1;3
202300000617;155 679 458;7;0;2;7;12;1
202300000617;155 679 460;33;0;2;8;1;1
202300000618;155 679 455;7;0;2;6;15;1
202300000618;155 679 456;33;0;2;2;1;1
202300000619;155 679 453;33;0;2;3;2;1
202300000619;155 679 454;7;0;2;5;2;1
202300000620;155 679 451;7;0;2;2;16;3
202300000620;155 679 452;80;0;2;1;1;3
202300000621;155 679 450;32;0;0;0;1;1
202300000622;155 679 448;1;0;2;1;1;5
202300000622;155 679 449;7;0;2;1;15;1
202300000623;155 679 446;10;0;2;5;1;1
202300000623;155 679 447;80;0;2;8;1;3
202300000624;155 679 445;7;0;1;0;1;1
202300000625;155 679 443;32;0;2;1;1;1
202300000625;155 679 444;1;8;2;8;1;5
202300000626;155 679 441;1;0;2;7;1;5
202300000626;155 679 442;43;0;2;8;15;1
202300000627;155 679 438;1;0;2;7;17;5
202300000627;155 679 440;50;0;2;8;13;3
202300000628;155 679 437;1;0;2;1;1;5
202300000628;155 679 439;7;0;2;2;16;1
202300000629;155 679 434;32;0;2;3;1;1
202300000629;155 679 435;7;0;2;1;10;1
202300000630;155 679 433;7;0;2;2;15;1
202300000630;155 679 436;31;0;2;1;2;1
202300000631;155 679 431;7;0;2;1;0;1
202300000631;155 679 432;30;0;2;1;0;1
202300000632;155 679 430;32;0;1;0;17;0
202300000633;155 679 427;7;0;1;1;1;1
202300000634;155 679 424;1;0;2;8;1;5
202300000634;155 679 426;7;12;2;7;14;1
202300000635;155 679 425;10;0;1;1;15;1
202300000636;155 679 422;50;0;2;1;1;3
202300000636;155 679 423;7;0;2;1;15;1
202300000637;155 679 421;7;0;1;2;16;1
202300000638;155 679 420;7;9;1;2;0;1
202300000639;155 679 418;10;0;1;4;2;0
202300000640;155 679 417;0;0;1;7;16;0
202300000641;155 679 419;32;0;1;1;7;1
202300000642;155 679 416;7;11;0;1;11;1
202300000643;155 679 413;32;0;2;7;17;1
202300000643;155 679 415;7;0;2;3;15;1
202300000644;155 679 412;7;1;1;2;2;1
202300000644;155 679 414;7;0;0;0;0;1
202300000645;155 679 409;30;12;0;2;13;1
202300000645;155 679 411;7;0;0;0;0;0
202300000646;155 679 410;30;0;0;2;20;1
202300000647;155 679 407;32;0;2;1;1;1
202300000647;155 679 408;7;0;2;3;15;1
202300000648;155 679 406;31;0;1;1;21;1
202300000649;155 679 405;7;0;1;1;1;1
202300000650;155 679 401;2;0;2;7;17;1
202300000650;155 679 403;7;0;2;3;15;1
202300000651;155 679 402;10;0;2;2;5;1
202300000651;155 679 404;10;0;2;8;15;1
202300000652;155 679 399;33;0;2;1;1;1
202300000652;155 679 400;7;0;2;6;19;1
202300000653;155 679 398;10;1;1;5;13;1
202300000654;155 679 396;7;0;2;6;1;1
202300000654;155 679 397;32;0;2;1;1;1
202300000655;155 679 394;30;0;2;1;1;3
202300000655;155 679 395;7;0;2;3;15;1
202300000656;155 679 392;32;0;2;0;0;0
202300000656;155 679 393;7;0;2;3;1;1
202300000657;155 679 388;14;0;2;8;2;0
202300000657;155 679 389;33;0;2;7;2;0
202300000658;155 679 390;7;0;0;8;1;1
202300000658;155 679 391;1;0;2;8;1;5
202300000659;155 679 386;10;0;2;0;24;0
202300000659;155 679 387;33;0;2;0;1;0
202300000660;155 679 384;1;0;1;1;1;5
202300000661;155 679 383;50;0;2;1;26;3
202300000661;155 679 385;7;0;2;1;2;1
202300000662;155 679 381;13;0;2;7;16;1
202300000662;155 679 382;2;0;2;8;18;1
202300000663;155 679 380;7;1;1;1;1;1
202300000664;155 679 377;99;0;2;8;2;0
202300000664;155 679 379;7;0;2;2;21;1
202300000665;155 679 376;1;0;2;1;2;5
202300000665;155 679 378;50;0;2;8;9;3
202300000666;155 679 374;7;0;2;6;23;1
202300000666;155 679 375;2;0;2;1;2;1
202300000667;155 679 371;2;0;2;1;21;1