Num_Acc;id_vehicule;categorie_vehicule;obstacle_fixe;obstacle_mobile;point_choc_initial;manoeuvre_principale;motorisation
202300000667;155 679 372;7;0;2;6;19;1
202300000668;155 679 370;1;0;2;4;1;5
202300000668;155 679 373;7;0;2;1;2;1
202300000669;155 679 368;7;0;2;1;1;2
202300000669;155 679 369;7;0;2;1;13;1
202300000670;155 679 367;32;0;0;0;1;1
202300000671;155 679 365;7;0;9;2;17;1
202300000671;155 679 366;1;0;2;0;26;5
202300000672;155 679 363;10;0;0;6;2;1
202300000672;155 679 364;33;0;2;1;2;1
202300000673;155 679 361;7;0;2;1;15;1
202300000673;155 679 362;34;0;2;1;16;1
202300000674;155 679 359;10;0;2;2;0;1
202300000674;155 679 360;17;0;0;6;2;1
202300000675;155 679 356;7;0;2;1;1;1
202300000675;155 679 357;7;0;2;1;13;1
202300000676;155 679 355;10;0;2;1;2;1
202300000676;155 679 358;7;0;2;4;23;3
202300000677;155 679 354;10;0;1;4;4;3
202300000678;155 679 352;40;0;2;2;0;3
202300000678;155 679 353;7;0;4;3;16;1
202300000679;155 679 350;7;0;0;6;15;0
202300000679;155 679 351;2;0;0;1;17;1
202300000680;155 679 349;7;0;1;4;4;1
202300000681;155 679 347;14;0;2;2;1;1
202300000681;155 679 348;7;0;0;4;1;1
202300000682;155 679 345;7;0;2;7;26;1
202300000682;155 679 346;38;0;2;1;26;1
202300000683;155 679 344;7;7;0;1;15;1
202300000684;155 679 342;7;0;2;3;1;1
202300000684;155 679 343;7;0;2;4;1;1
202300000685;155 679 340;7;0;2;7;13;1
202300000685;155 679 341;17;0;2;1;1;1
202300000686;155 679 339;7;3;0;2;1;1
202300000687;155 679 338;7;2;0;1;0;1
202300000688;155 679 337;7;2;0;3;17;3
202300000689;155 679 335;2;0;2;7;17;6
202300000689;155 679 336;2;0;0;8;13;6
202300000690;155 679 333;15;1;0;2;1;1
202300000690;155 679 334;10;0;0;6;0;1
202300000691;155 679 331;1;0;2;1;1;5
202300000691;155 679 332;7;0;2;3;9;1
202300000692;155 679 329;7;0;2;1;1;1
202300000692;155 679 330;1;0;2;1;9;5
202300000693;155 679 327;7;0;2;3;0;1
202300000693;155 679 328;7;0;2;8;15;1
202300000694;155 679 324;7;0;2;5;23;1
202300000694;155 679 325;7;8;2;0;0;1
202300000694;155 679 326;7;1;2;1;12;1
202300000695;155 679 322;33;0;2;0;0;0
202300000695;155 679 323;7;0;2;8;13;0
202300000696;155 679 319;7;0;2;3;1;1
202300000696;155 679 320;7;0;2;3;23;1
202300000696;155 679 321;7;0;2;3;17;1
202300000697;155 679 318;7;0;1;1;1;1
202300000698;155 679 316;2;0;2;1;21;1
202300000698;155 679 317;7;0;2;8;9;1
202300000699;155 679 314;7;0;2;8;15;1
202300000699;155 679 315;33;0;2;7;17;1
202300000700;155 679 312;30;0;2;1;2;1
202300000700;155 679 313;7;0;2;4;23;1
202300000701;155 679 310;80;0;2;7;1;3
202300000701;155 679 311;7;0;2;2;1;1
202300000702;155 679 309;7;0;1;2;1;1
202300000703;155 679 307;7;0;2;8;1;1
202300000703;155 679 308;7;0;2;1;1;1
202300000704;155 679 305;7;0;2;2;9;1
202300000704;155 679 306;50;0;2;3;1;3
202300000705;155 679 304;7;0;0;9;1;1
202300000706;155 679 303;7;0;1;1;2;0
202300000707;155 679 302;7;13;0;1;19;1
202300000708;155 679 301;7;12;0;1;1;1
202300000709;155 679 299;1;0;0;7;1;5
202300000709;155 679 300;7;0;2;1;19;1
202300000710;155 679 297;7;0;2;2;9;1
202300000710;155 679 298;80;0;2;2;9;3
202300000711;155 679 296;10;0;1;0;4;1
202300000712;155 679 293;7;0;0;0;0;0
202300000712;155 679 294;32;0;2;1;17;0
202300000712;155 679 295;7;0;2;8;1;0
202300000713;155 679 291;7;0;2;3;26;1
202300000713;155 679 292;7;0;2;2;21;1
202300000714;155 679 289;7;0;2;1;1;1
202300000714;155 679 290;7;0;2;3;16;0
202300000715;155 679 287;43;0;2;1;13;1
202300000715;155 679 288;7;0;2;1;23;1
202300000716;155 679 286;7;6;0;8;14;1
202300000717;155 679 284;33;0;2;1;3;1
202300000717;155 679 285;7;0;2;5;12;1
202300000718;155 679 283;33;0;1;1;1;1
202300000719;155 679 281;1;0;2;8;18;5
202300000719;155 679 282;7;0;2;2;1;1
202300000720;155 679 278;10;0;2;5;1;1
202300000720;155 679 279;32;0;2;1;3;1
202300000720;155 679 280;7;0;2;5;1;1
202300000721;155 679 276;33;0;2;1;21;1
202300000721;155 679 277;7;0;2;7;19;1
202300000722;155 679 275;1;0;0;0;1;5
202300000723;155 679 273;1;0;2;1;1;5
202300000723;155 679 274;7;0;2;3;15;1
202300000724;155 679 271;7;0;2;3;15;1
202300000724;155 679 272;2;0;2;1;1;3
202300000725;155 679 269;80;12;2;1;9;3
202300000725;155 679 270;33;12;2;2;16;1
202300000726;155 679 268;31;9;0;1;21;1
202300000727;155 679 267;7;8;0;1;1;1
202300000728;155 679 265;1;0;2;1;19;5
202300000728;155 679 266;2;0;2;1;1;0
202300000729;155 679 263;7;0;2;1;0;0
202300000729;155 679 264;7;0;2;8;1;1
202300000730;155 679 261;7;0;2;4;26;1
202300000730;155 679 262;30;0;2;1;1;1
202300000731;155 679 259;10;0;2;2;1;1
202300000731;155 679 260;33;0;2;1;1;1
202300000732;155 679 257;7;0;2;6;10;1
202300000732;155 679 258;30;0;2;1;17;1
202300000733;155 679 256;37;1;1;0;1;0
202300000734;155 679 254;7;0;2;2;1;1
202300000734;155 679 255;50;0;2;4;1;3
202300000735;155 679 253;7;14;0;4;4;1
202300000736;155 679 251;2;0;2;2;0;1
202300000736;155 679 252;7;0;2;2;16;1
202300000737;155 679 249;7;0;2;8;10;2
202300000737;155 679 250;33;0;2;1;1;1
202300000738;155 679 248;2;0;1;2;1;1
202300000739;155 679 247;7;2;0;2;1;1
202300000740;155 679 246;36;0;0;0;0;1
202300000741;155 679 243;7;0;2;1;0;1
202300000741;155 679 244;7;0;2;1;0;2
202300000742;155 679 241;7;8;0;1;2;1
202300000742;155 679 242;7;0;0;8;9;1
202300000743;155 679 239;7;0;2;3;9;6
202300000743;155 679 240;2;0;2;7;1;1
202300000744;155 679 238;7;3;0;1;1;1
202300000745;155 679 237;2;0;0;9;1;1
202300000746;155 679 235;33;0;2;1;2;1
202300000746;155 679 236;10;0;0;4;2;1
202300000747;155 679 234;7;2;0;3;14;1
202300000748;155 679 230;7;0;2;7;15;1
202300000748;155 679 232;7;0;2;2;1;1
202300000749;155 679 229;7;2;0;1;1;1
202300000750;155 679 227;7;0;2;3;13;3
202300000750;155 679 228;10;0;2;3;1;1
202300000751;155 679 225;10;0;2;2;2;1
202300000751;155 679 226;2;0;2;6;2;1
202300000752;155 679 224;2;0;0;1;0;1
202300000753;155 679 221;14;0;1;1;1;1
202300000754;155 679 219;1;0;2;0;1;5
202300000754;155 679 220;1;0;2;0;1;5
202300000754;155 679 222;1;0;2;0;1;5
202300000754;155 679 223;1;0;2;0;1;5
202300000755;155 679 216;2;13;0;0;0;1
202300000756;155 679 215;7;0;2;7;12;1
202300000756;155 679 217;33;0;2;8;3;1
202300000756;155 679 218;14;0;2;1;1;1
202300000757;155 679 214;7;13;0;9;1;1
202300000758;155 679 211;33;13;0;1;14;1
202300000759;155 679 212;33;0;2;1;1;1
202300000759;155 679 213;7;0;2;4;2;1
202300000760;155 679 209;43;8;0;2;0;1
202300000761;155 679 208;7;0;2;3;1;1
202300000761;155 679 210;7;0;2;5;12;2
202300000762;155 679 207;31;15;0;1;1;1
202300000763;155 679 206;50;0;1;8;1;3
202300000764;155 679 203;7;0;0;3;1;1
202300000764;155 679 204;7;0;2;1;1;1
202300000764;155 679 205;7;0;2;1;15;1
202300000765;155 679 201;1;0;2;8;1;5
202300000765;155 679 202;7;0;2;7;22;3
202300000766;155 679 198;33;0;2;3;15;1
202300000766;155 679 200;7;0;2;2;21;1
202300000767;155 679 197;10;0;2;2;15;1
202300000767;155 679 199;33;0;2;3;1;1
202300000768;155 679 196;2;15;0;0;0;1
202300000769;155 679 193;7;0;2;3;16;1
202300000769;155 679 195;33;0;2;1;1;1
202300000770;155 679 194;10;0;1;3;1;3
202300000771;155 679 190;33;0;2;7;1;1
202300000771;155 679 191;7;0;2;3;11;1
202300000772;155 679 188;7;0;2;2;17;1
202300000772;155 679 189;7;0;2;2;17;1
202300000772;155 679 192;7;1;2;4;1;1
202300000773;155 679 185;7;0;2;1;1;3
202300000773;155 679 187;50;0;2;7;1;3
202300000774;155 679 186;7;6;0;1;0;0
202300000775;155 679 182;7;13;0;9;21;1
202300000775;155 679 183;7;0;0;0;13;0
202300000776;155 679 181;1;0;2;2;19;5
202300000776;155 679 184;7;0;2;3;15;1
202300000777;155 679 180;7;2;0;0;1;0
202300000778;155 679 179;10;0;1;0;17;0
202300000779;155 679 178;7;16;0;9;1;0
202300000780;155 679 177;33;1;0;7;14;1
202300000781;155 679 175;7;0;0;6;15;1
202300000781;155 679 176;33;0;2;1;1;1
202300000782;155 679 173;7;0;0;5;16;1
202300000782;155 679 174;1;0;0;1;1;5
202300000783;155 679 171;7;0;2;3;13;1
202300000783;155 679 172;7;0;2;3;1;1
202300000784;155 679 170;7;1;0;1;2;1
202300000785;155 679 166;10;0;2;4;23;1
202300000785;155 679 168;80;0;2;1;2;3
202300000786;155 679 167;7;0;0;3;1;1
202300000786;155 679 169;7;3;0;2;14;1
202300000787;155 679 164;7;0;2;2;25;1
202300000787;155 679 165;50;0;2;1;25;3
202300000788;155 679 162;10;0;1;2;15;3
202300000789;155 679 161;7;0;2;6;15;1
202300000789;155 679 163;7;0;2;2;1;1
202300000790;155 679 159;33;0;2;4;17;1
202300000790;155 679 160;7;0;2;3;15;1
202300000791;155 679 158;80;0;1;1;1;3
202300000792;155 679 157;7;0;1;1;13;1
202300000793;155 679 154;10;0;2;1;15;1
202300000793;155 679 156;1;0;2;4;1;5
202300000794;155 679 152;2;0;2;3;1;3
202300000794;155 679 155;2;0;2;0;1;0
202300000795;155 679 151;7;0;2;3;13;1
202300000795;155 679 153;10;0;2;3;1;1
202300000796;155 679 150;7;8;0;2;14;1
202300000797;155 679 149;7;2;0;9;14;1
202300000798;155 679 148;42;0;1;1;1;0
202300000799;155 679 147;10;3;1;6;1;1
202300000800;155 679 146;43;0;0;0;1;1
202300000801;155 679 144;33;0;0;0;16;1
202300000802;155 679 142;1;0;4;3;21;5
202300000802;155 679 145;40;0;2;2;1;3
202300000803;155 679 143;10;0;1;1;15;1
202300000804;155 679 141;33;8;0;7;2;1
202300000805;155 679 138;32;0;2;0;1;3
202300000805;155 679 139;7;0;2;0;12;1
202300000806;155 679 137;7;0;2;2;1;1
202300000806;155 679 140;80;0;2;1;1;3
202300000807;155 679 136;36;12;0;2;14;1
202300000808;155 679 134;80;0;0;0;1;3
202300000809;155 679 133;7;0;2;6;1;1
202300000809;155 679 135;10;0;2;2;15;1
202300000810;155 679 132;7;0;0;0;26;1
202300000811;155 679 130;7;0;0;3;24;1
202300000811;155 679 131;1;1;0;1;2;5
202300000812;155 679 128;7;0;2;1;15;2
202300000812;155 679 129;32;0;2;1;1;1
202300000813;155 679 127;7;13;0;0;0;1
202300000814;155 679 126;7;0;1;1;1;1
202300000815;155 679 123;7;0;2;3;1;1
202300000815;155 679 125;2;0;2;3;1;1
202300000816;155 679 122;34;0;2;9;2;3
202300000816;155 679 124;7;0;2;2;16;2
202300000817;155 679 120;17;0;2;4;4;1
202300000817;155 679 121;33;0;2;1;23;1
202300000818;155 679 119;7;2;0;1;1;1
202300000819;155 679 118;7;3;0;9;0;1
202300000820;155 679 116;15;0;2;2;1;1
202300000820;155 679 117;7;0;2;3;18;2
202300000821;155 679 113;7;0;0;1;1;1
202300000821;155 679 115;1;0;2;1;15;5
202300000822;155 679 112;10;0;0;3;1;1
202300000822;155 679 114;31;0;2;1;26;1
202300000823;155 679 110;80;0;2;6;1;3
202300000823;155 679 111;10;0;2;0;17;1
202300000824;155 679 109;7;0;1;5;20;1
202300000825;155 679 104;36;0;2;4;1;1
202300000825;155 679 106;15;0;2;1;1;1
202300000826;155 679 105;1;0;2;0;1;5
202300000826;155 679 107;33;0;2;2;16;1
202300000827;155 679 103;7;0;0;8;24;1
202300000827;155 679 108;7;1;1;1;14;1
202300000828;155 679 101;7;0;0;2;1;1
202300000829;155 679 100;1;0;1;0;21;5
202300000830;155 679 097;7;0;2;2;21;1
202300000830;155 679 099;7;0;2;2;5;1
202300000831;155 679 096;7;0;2;3;13;1
202300000831;155 679 098;7;0;2;3;14;1
202300000832;155 679 094;80;9;2;7;17;3
202300000832;155 679 095;1;9;2;8;15;5
202300000833;155 679 092;7;0;2;8;13;1
202300000833;155 679 093;14;0;2;3;1;1
202300000834;155 679 091;7;4;0;3;0;1
202300000835;155 679 090;7;1;0;1;21;1
202300000836;155 679 088;33;0;2;3;1;1
202300000836;155 679 089;7;0;2;8;15;1
202300000837;155 679 086;37;0;1;2;1;1
202300000838;155 679 083;10;0;2;0;0;0
202300000838;155 679 085;7;0;2;4;1;1
202300000838;155 679 087;7;0;2;4;1;1
202300000839;155 679 082;7;0;2;3;1;1
202300000839;155 679 084;1;0;0;4;1;5
202300000840;155 679 078;43;0;2;8;19;1
202300000840;155 679 080;14;0;2;0;0;1
202300000841;155 679 076;33;0;2;7;17;1
202300000841;155 679 079;7;0;2;0;18;0
202300000842;155 679 077;1;0;2;1;1;5
202300000842;155 679 081;99;0;2;1;15;0
202300000843;155 679 074;7;4;2;8;1;1
202300000843;155 679 075;7;3;2;9;11;1
202300000844;155 679 073;7;0;1;2;1;1
202300000845;155 679 070;40;0;2;7;0;3
202300000845;155 679 072;1;0;4;0;0;5
202300000846;155 679 068;7;0;2;2;12;1
202300000846;155 679 071;7;0;2;8;1;1
202300000847;155 679 067;7;0;0;2;1;1
202300000847;155 679 069;7;0;0;3;1;1
202300000848;155 679 065;7;0;0;2;16;1
202300000849;155 679 064;50;0;2;1;1;3
202300000849;155 679 066;1;0;2;1;1;5
202300000850;155 679 062;7;4;0;1;14;1
202300000851;155 679 061;7;0;9;1;1;1
202300000851;155 679 063;50;0;2;4;2;3
202300000852;155 679 057;50;0;2;3;17;3
202300000852;155 679 060;10;0;2;0;0;0
202300000853;155 679 056;7;0;2;1;1;1
202300000853;155 679 058;7;0;2;3;1;1
202300000854;155 679 051;80;0;1;8;1;3
202300000855;155 679 052;7;3;2;1;1;1
202300000855;155 679 054;7;3;2;4;1;1
202300000855;155 679 055;7;3;2;4;1;1
202300000855;155 679 059;7;3;2;4;1;1
202300000856;155 679 050;7;0;2;1;13;1
202300000856;155 679 053;7;0;2;1;1;1
202300000857;155 679 049;7;1;0;3;2;3
202300000858;155 679 048;33;3;0;8;2;0
202300000859;155 679 047;7;4;5;3;1;1
202300000860;155 679 045;32;0;2;4;23;1
202300000860;155 679 046;7;0;2;1;1;1
202300000861;155 679 043;7;13;0;8;1;1
202300000862;155 679 044;33;3;0;0;1;1
202300000863;155 679 042;10;8;0;3;13;1
202300000864;155 679 041;50;0;0;1;1;3
202300000865;155 679 040;7;0;1;2;1;1
202300000866;155 679 039;7;12;0;9;1;1
202300000867;155 679 037;30;0;1;1;2;1
202300000868;155 679 036;32;0;2;7;1;1
202300000868;155 679 038;7;0;2;1;26;1
202300000869;155 679 034;10;0;2;1;5;1
202300000869;155 679 035;7;0;2;1;1;1
202300000870;155 679 032;10;0;2;3;9;1
202300000870;155 679 033;7;0;2;1;13;1
202300000871;155 679 031;7;0;1;1;0;1
202300000872;155 679 029;33;0;2;1;2;1
202300000872;155 679 030;7;0;2;4;23;1
202300000873;155 679 028;33;0;1;1;1;1
202300000874;155 679 026;7;0;1;3;15;1
202300000875;155 679 024;7;0;2;1;1;1
202300000875;155 679 027;7;0;2;1;5;1
202300000876;155 679 025;37;0;1;4;24;1
202300000877;155 679 023;2;0;0;0;14;1
202300000878;155 679 022;7;2;0;2;13;1
202300000879;155 679 020;33;0;2;2;2;0
202300000879;155 679 021;7;0;9;8;15;1
202300000880;155 679 017;13;13;0;2;1;1
202300000881;155 679 015;10;0;2;3;13;1
202300000881;155 679 016;37;0;2;3;1;1
202300000882;155 679 014;10;11;0;3;0;1
202300000883;155 679 012;2;0;2;1;1;0
202300000883;155 679 013;7;0;2;8;15;2
202300000884;155 679 010;10;0;1;0;0;1
202300000885;155 679 009;7;0;2;3;13;1
202300000885;155 679 011;7;0;2;8;1;1
202300000886;155 679 008;7;6;0;1;0;1
202300000887;155 679 007;7;1;0;2;14;1
202300000888;155 679 005;7;3;2;6;23;1
202300000888;155 679 006;7;0;0;2;1;1
202300000889;155 679 002;7;0;2;3;5;1
202300000889;155 679 004;7;0;2;3;1;1
202300000890;155 679 001;7;0;2;5;15;1
202300000890;155 679 003;34;0;2;1;1;1
202300000891;155 679 000;7;4;0;2;0;1
202300000892;155 678 999;7;0;1;4;4;1
202300000893;155 678 996;17;1;0;1;1;1
202300000893;155 678 997;14;0;0;6;24;1
202300000894;155 678 993;2;0;1;1;17;1
202300000895;155 678 994;7;0;1;2;1;1
202300000896;155 678 992;7;0;1;8;1;3
202300000897;155 678 991;10;0;1;7;17;0
202300000898;155 678 989;3;0;1;2;17;1
202300000899;155 678 988;7;0;9;8;19;1
202300000899;155 678 990;1;0;2;1;1;5
202300000900;155 678 985;7;0;0;4;2;0
202300000900;155 678 987;1;0;0;1;2;5
202300000901;155 678 983;32;0;2;4;1;1
202300000901;155 678 986;10;0;2;0;23;1
202300000902;155 678 981;7;0;1;2;1;1
202300000903;155 678 980;7;0;1;8;1;1
202300000904;155 678 977;33;0;0;7;16;1
202300000904;155 678 979;7;0;0;1;16;1
202300000905;155 678 976;33;0;2;3;13;1
202300000905;155 678 978;7;0;2;3;13;1
202300000906;155 678 975;0;0;1;0;0;0
202300000907;155 678 973;7;0;1;2;1;1
202300000908;155 678 972;10;0;2;3;19;1
202300000908;155 678 974;7;0;2;1;1;1
202300000909;155 678 971;30;0;1;0;19;0
202300000910;155 678 969;7;0;2;3;1;0
202300000910;155 678 970;7;0;2;3;17;0
202300000911;155 678 968;7;0;1;3;1;1
202300000912;155 678 967;80;0;1;1;1;3
202300000913;155 678 963;10;0;9;7;1;1
202300000913;155 678 965;1;0;2;1;1;5
202300000914;155 678 962;33;0;1;1;2;1
202300000915;155 678 961;33;0;2;0;1;1
202300000915;155 678 964;10;0;2;3;1;1
202300000915;155 678 966;10;0;2;3;1;1
202300000916;155 678 960;2;0;0;3;2;1
202300000917;155 678 959;7;6;0;1;26;1
202300000918;155 678 954;7;0;2;8;1;1
202300000918;155 678 957;7;0;2;3;26;1
202300000919;155 678 955;1;0;2;1;19;5
202300000919;155 678 958;7;0;2;2;1;1
202300000920;155 678 952;10;0;2;4;2;1
202300000920;155 678 953;7;0;2;4;2;1
202300000920;155 678 956;7;0;2;1;2;1
202300000921;155 678 950;10;0;2;7;1;1
202300000921;155 678 951;1;0;2;8;1;5
202300000922;155 678 947;7;0;0;8;23;1
202300000922;155 678 949;2;0;2;2;13;1
202300000923;155 678 943;10;0;2;0;0;0
202300000923;155 678 945;7;0;2;4;2;1
202300000923;155 678 948;7;0;2;4;0;1
202300000924;155 678 944;7;0;2;3;17;1
202300000924;155 678 946;2;0;2;4;15;1
202300000925;155 678 942;7;0;1;2;26;1
202300000926;155 678 939;1;0;2;1;0;5
202300000926;155 678 941;7;0;2;2;15;1
202300000927;155 678 938;33;0;2;2;0;0
202300000927;155 678 940;7;0;2;8;21;1
202300000928;155 678 937;7;0;1;2;1;1
202300000929;155 678 932;7;0;2;9;1;1
202300000929;155 678 934;7;2;0;6;16;1
202300000929;155 678 936;7;6;0;1;1;1
202300000930;155 678 933;7;0;2;2;16;1
202300000930;155 678 935;30;0;2;3;18;1
202300000931;155 678 930;14;0;2;1;5;1
202300000931;155 678 931;7;0;2;1;1;1
202300000932;155 678 928;7;0;2;3;0;1
202300000932;155 678 929;7;0;2;3;0;1
202300000933;155 678 925;15;0;2;2;2;1
202300000933;155 678 926;1;0;0;4;1;5
202300000934;155 678 924;7;1;1;1;1;1
202300000934;155 678 927;7;0;2;0;0;0
202300000935;155 678 922;7;0;2;3;15;1
202300000935;155 678 923;33;0;2;1;16;1
202300000936;155 678 920;7;8;0;3;1;1
202300000937;155 678 919;2;0;2;1;1;1
202300000937;155 678 921;7;0;2;3;9;1
202300000938;155 678 917;7;0;2;2;15;1
202300000938;155 678 918;2;0;2;1;1;1
202300000939;155 678 914;7;0;2;8;11;0
202300000939;155 678 916;33;0;2;8;1;1
202300000940;155 678 913;7;0;1;1;1;1
202300000941;155 678 912;7;0;2;3;26;1
202300000941;155 678 915;7;0;2;1;1;1
202300000942;155 678 909;7;0;2;3;1;1
202300000942;155 678 911;7;0;2;3;1;1
202300000943;155 678 910;7;0;1;4;4;1
202300000944;155 678 908;32;0;0;8;15;1
202300000945;155 678 904;50;0;2;3;5;3
202300000945;155 678 907;7;0;2;2;16;1
202300000946;155 678 903;7;0;9;1;9;1
202300000946;155 678 905;50;0;2;7;26;3
202300000947;155 678 902;7;0;2;2;15;0
202300000947;155 678 906;2;0;2;1;1;0
202300000948;155 678 897;7;0;2;3;15;1
202300000948;155 678 900;7;0;2;3;1;1
202300000949;155 678 896;33;0;0;4;2;1
202300000949;155 678 898;7;0;0;8;15;1
202300000949;155 678 901;33;6;0;1;2;1
202300000950;155 678 895;7;0;9;0;0;1
202300000950;155 678 899;1;0;2;2;0;5
202300000951;155 678 894;7;2;0;3;1;1
202300000952;155 678 892;10;0;1;4;4;1
202300000953;155 678 888;7;0;0;5;2;1
202300000953;155 678 890;1;0;2;1;2;5
202300000954;155 678 887;7;3;2;9;2;1
202300000954;155 678 889;10;0;2;2;0;1
202300000954;155 678 891;10;0;2;1;2;1
202300000955;155 678 883;0;0;1;2;13;0
202300000956;155 678 880;7;0;2;4;1;1
202300000956;155 678 882;7;0;2;0;2;1
202300000956;155 678 884;7;0;2;1;2;1
202300000956;155 678 886;7;0;2;1;1;1
202300000957;155 678 879;7;15;0;1;1;1
202300000958;155 678 881;7;15;2;8;21;2
202300000958;155 678 885;10;0;2;7;0;1
202300000959;155 678 878;7;4;0;2;14;1
202300000960;155 678 876;7;0;2;1;17;1
202300000960;155 678 877;7;6;0;4;17;1
202300000961;155 678 873;7;15;0;2;1;1
202300000962;155 678 872;7;3;0;2;14;1
202300000963;155 678 871;33;0;2;1;2;1
202300000963;155 678 874;7;0;2;3;9;1
202300000963;155 678 875;7;0;2;7;24;1
202300000964;155 678 870;7;1;0;2;21;0
202300000965;155 678 868;1;0;0;0;1;5
202300000966;155 678 867;7;0;2;5;0;1
202300000966;155 678 869;32;0;2;3;11;1
202300000967;155 678 865;32;0;2;3;13;1
202300000967;155 678 866;33;0;2;1;1;1
202300000968;155 678 861;7;0;2;2;12;1
202300000968;155 678 864;31;0;2;3;17;1
202300000969;155 678 859;7;0;0;4;2;1
202300000969;155 678 862;2;0;2;1;2;1
202300000970;155 678 858;7;0;2;4;23;1
202300000970;155 678 860;7;0;0;4;2;1
202300000970;155 678 863;7;0;2;1;2;1
202300000971;155 678 856;43;0;1;1;1;1
202300000972;155 678 855;7;0;2;3;15;0
202300000972;155 678 857;2;0;2;1;15;1
202300000973;155 678 853;33;0;2;1;3;1
202300000973;155 678 854;7;0;2;8;11;1
202300000974;155 678 848;50;0;2;1;1;3
202300000974;155 678 852;7;0;2;3;9;1
202300000975;155 678 846;33;0;2;1;13;1
202300000975;155 678 849;10;0;2;5;1;1
202300000976;155 678 845;7;0;2;1;13;1
202300000976;155 678 847;7;0;2;6;21;1
202300000976;155 678 850;7;0;2;8;21;1
202300000976;155 678 851;10;0;2;3;21;1
202300000977;155 678 840;7;0;2;4;23;0
202300000977;155 678 843;10;0;2;1;2;1
202300000978;155 678 841;7;0;2;5;15;1
202300000978;155 678 842;33;0;2;1;1;1
202300000979;155 678 835;7;0;2;5;20;1
202300000979;155 678 838;30;0;2;1;1;1
202300000980;155 678 836;33;0;2;1;18;1
202300000980;155 678 839;7;0;2;2;16;1
202300000981;155 678 834;7;0;2;7;17;1
202300000981;155 678 837;50;0;2;8;15;3
202300000982;155 678 833;7;3;0;1;14;1
202300000983;155 678 831;10;0;1;4;4;0
202300000984;155 678 830;7;0;2;4;15;0
202300000984;155 678 832;33;0;2;1;17;0
202300000985;155 678 827;10;0;2;1;2;1
202300000985;155 678 828;10;0;2;1;2;1
202300000985;155 678 829;15;0;2;4;2;1
202300000986;155 678 825;7;0;9;0;23;1
202300000986;155 678 826;50;15;0;3;25;3
202300000987;155 678 824;36;12;0;8;2;1
202300000988;155 678 822;7;4;0;6;1;1
202300000988;155 678 823;14;0;2;2;12;1
202300000989;155 678 820;15;3;0;3;2;1
202300000990;155 678 818;50;0;2;1;14;3
202300000990;155 678 821;50;0;2;4;1;3
202300000991;155 678 815;31;0;2;1;13;1
202300000991;155 678 817;7;0;2;3;1;1
202300000992;155 678 814;14;0;2;3;14;1
202300000992;155 678 816;17;0;2;4;1;1
202300000992;155 678 819;15;0;0;4;1;1
202300000993;155 678 812;7;0;1;2;1;1
202300000994;155 678 811;7;0;2;1;2;1
202300000994;155 678 813;7;0;2;4;23;1
202300000995;155 678 808;33;0;2;1;21;1
202300000995;155 678 809;7;0;2;8;1;2
202300000995;155 678 810;10;0;2;4;23;1
202300000996;155 678 806;14;13;0;1;1;1
202300000997;155 678 804;1;0;1;1;1;5
202300000998;155 678 803;32;0;2;1;1;1
202300000998;155 678 805;13;0;2;1;1;1
202300000998;155 678 807;10;0;2;6;1;1
202300000999;155 678 802;2;8;0;1;14;1
202300001000;155 678 799;10;0;2;4;2;1
202300001000;155 678 801;30;0;2;1;26;1
202300001001;155 678 798;7;0;2;2;14;1
202300001001;155 678 800;1;0;2;4;2;5
202300001002;155 678 796;7;0;2;1;5;1
202300001002;155 678 797;15;0;2;1;1;1
202300001003;155 678 793;10;0;2;3;1;1
202300001003;155 678 795;33;0;2;1;1;1
202300001004;155 678 790;33;0;2;3;17;1
202300001004;155 678 792;7;0;2;3;1;1
202300001005;155 678 791;37;0;2;3;0;0
202300001005;155 678 794;7;0;2;3;1;1
202300001006;155 678 788;33;13;0;1;1;0
202300001007;155 678 786;7;0;2;3;13;1
202300001007;155 678 789;7;0;2;3;1;1
202300001008;155 678 783;7;0;2;3;9;1
202300001008;155 678 785;1;0;2;2;1;5
202300001009;155 678 784;10;0;2;1;17;1
202300001009;155 678 787;30;0;2;4;1;1
202300001010;155 678 782;7;0;1;3;15;1
202300001011;155 678 780;7;0;2;6;15;1
202300001011;155 678 781;2;0;2;2;15;1
202300001012;155 678 779;30;0;0;9;1;3
202300001013;155 678 777;7;2;0;3;1;1
202300001014;155 678 776;7;0;1;3;15;1
202300001015;155 678 774;7;5;0;1;14;1
202300001016;155 678 775;7;0;2;3;5;1
202300001016;155 678 778;7;0;2;3;1;1
202300001017;155 678 770;7;0;2;1;1;0
202300001017;155 678 772;1;0;2;7;19;5
202300001018;155 678 768;3;0;2;4;1;1
202300001018;155 678 771;31;0;2;1;2;1
202300001019;155 678 769;30;0;2;0;15;1
202300001019;155 678 773;7;0;2;5;1;1
202300001020;155 678 766;7;0;9;2;20;0
202300001020;155 678 767;1;0;2;4;1;5
202300001021;155 678 764;7;0;1;1;1;1
202300001022;155 678 763;1;0;2;7;1;5
202300001022;155 678 765;7;0;2;3;1;1
202300001023;155 678 761;7;0;2;4;2;1
202300001023;155 678 762;10;0;2;3;2;1