Num_Acc;id_vehicule;categorie_vehicule;obstacle_fixe;obstacle_mobile;point_choc_initial;manoeuvre_principale;motorisation
202300001024;155 678 760;7;0;1;0;26;0
202300001025;155 678 756;10;0;2;1;1;1
202300001025;155 678 758;7;0;2;4;1;1
202300001026;155 678 757;1;0;2;1;1;5
202300001026;155 678 759;50;0;2;3;1;3
202300001027;155 678 754;7;0;2;8;11;1
202300001027;155 678 755;2;0;2;8;17;1
202300001028;155 678 752;10;0;2;1;5;1
202300001028;155 678 753;7;0;2;3;15;1
202300001029;155 678 749;7;0;2;1;6;1
202300001029;155 678 750;7;0;2;1;1;1
202300001030;155 678 748;37;0;2;4;23;1
202300001030;155 678 751;30;0;2;1;1;1
202300001031;155 678 744;10;0;2;3;1;0
202300001031;155 678 746;7;0;2;5;1;1
202300001031;155 678 747;7;0;2;4;1;0
202300001032;155 678 742;10;0;2;2;12;1
202300001032;155 678 745;7;0;2;6;1;1
202300001033;155 678 740;7;0;2;4;12;1
202300001033;155 678 741;33;0;2;1;3;1
202300001034;155 678 738;7;0;1;2;26;1
202300001035;155 678 737;7;0;0;0;0;2
202300001035;155 678 739;37;0;2;0;1;6
202300001036;155 678 735;33;0;2;1;1;1
202300001036;155 678 736;7;0;2;4;1;1
202300001037;155 678 734;7;0;1;1;2;0
202300001038;155 678 733;10;0;1;1;1;1
202300001039;155 678 731;7;0;2;3;1;1
202300001039;155 678 732;10;4;2;1;19;1
202300001040;155 678 730;33;0;0;0;0;1
202300001041;155 678 728;7;0;2;1;1;1
202300001042;155 678 727;7;0;2;3;2;1
202300001042;155 678 729;7;0;2;5;2;1
202300001043;155 678 723;7;4;2;3;1;1
202300001043;155 678 725;14;4;2;2;14;1
202300001044;155 678 722;7;0;2;8;23;1
202300001044;155 678 724;7;8;2;1;6;1
202300001045;155 678 721;1;0;2;8;9;5
202300001045;155 678 726;7;0;2;2;1;0
202300001046;155 678 716;7;0;2;1;2;1
202300001046;155 678 719;7;0;2;1;1;1
202300001046;155 678 720;7;0;2;4;23;3
202300001047;155 678 717;7;0;1;1;1;1
202300001048;155 678 715;7;0;2;8;1;1
202300001048;155 678 718;50;0;2;1;19;3
202300001049;155 678 713;7;0;1;1;1;1
202300001050;155 678 711;33;0;2;8;3;1
202300001050;155 678 714;10;0;2;2;14;1
202300001051;155 678 709;7;0;2;2;1;1
202300001051;155 678 712;7;0;2;8;19;1
202300001052;155 678 708;7;0;2;2;9;1
202300001052;155 678 710;50;0;2;1;25;3
202300001053;155 678 704;7;0;2;2;21;1
202300001053;155 678 706;7;0;0;6;20;1
202300001054;155 678 703;7;4;2;3;1;1
202300001055;155 678 700;7;0;9;1;1;1
202300001055;155 678 702;1;0;2;1;19;5
202300001056;155 678 697;7;0;2;8;9;1
202300001056;155 678 699;14;0;2;2;1;1
202300001057;155 678 694;7;0;0;9;14;1
202300001058;155 678 701;7;12;0;0;1;0
202300001059;155 678 693;80;0;2;1;1;3
202300001059;155 678 695;10;0;2;3;15;1
202300001060;155 678 689;7;2;2;2;13;1
202300001060;155 678 691;7;0;2;6;0;1
202300001061;155 678 688;7;8;0;2;2;1
202300001062;155 678 687;10;0;2;8;26;1
202300001062;155 678 692;7;0;2;1;0;1
202300001063;155 678 686;10;1;2;3;9;1
202300001063;155 678 690;7;1;2;1;9;1
202300001064;155 678 683;7;0;1;1;1;1
202300001065;155 678 682;7;0;2;2;16;1
202300001065;155 678 684;7;0;2;8;1;1
202300001066;155 678 680;7;0;2;1;2;1
202300001066;155 678 685;33;0;2;9;1;1
202300001067;155 678 679;7;1;0;1;1;3
202300001067;155 678 681;30;0;2;8;24;1
202300001068;155 678 675;50;0;0;0;1;3
202300001069;155 678 676;50;0;2;1;1;3
202300001069;155 678 678;7;0;2;3;1;1
202300001070;155 678 672;2;0;0;0;1;1
202300001071;155 678 674;43;0;2;8;1;1
202300001071;155 678 677;7;0;2;2;15;1
202300001072;155 678 671;33;0;2;1;2;1
202300001072;155 678 673;7;0;2;5;1;1
202300001073;155 678 670;7;0;1;1;1;1
202300001074;155 678 665;1;0;2;2;1;5
202300001074;155 678 669;10;0;2;8;0;1
202300001075;155 678 666;34;0;1;1;1;1
202300001076;155 678 664;7;0;0;5;2;1
202300001076;155 678 668;2;0;2;0;0;1
202300001077;155 678 663;7;0;2;2;1;1
202300001077;155 678 667;10;0;2;3;1;1
202300001078;155 678 659;7;0;2;3;1;2
202300001078;155 678 661;7;0;2;3;1;1
202300001079;155 678 657;7;0;2;2;19;1
202300001079;155 678 662;30;0;2;8;1;1
202300001080;155 678 656;7;0;2;1;1;1
202300001080;155 678 660;33;0;2;8;15;1
202300001081;155 678 655;1;0;2;8;1;5
202300001081;155 678 658;1;0;2;7;14;5
202300001082;155 678 651;7;0;1;3;1;1
202300001083;155 678 652;7;0;2;1;9;1
202300001083;155 678 654;33;0;2;7;1;1
202300001084;155 678 646;33;4;2;1;1;1
202300001084;155 678 648;7;0;2;3;11;1
202300001085;155 678 647;7;0;1;3;1;1
202300001086;155 678 644;7;0;1;3;26;1
202300001087;155 678 645;10;0;1;2;1;1
202300001088;155 678 643;50;0;1;1;1;3
202300001089;155 678 642;7;0;1;1;16;1
202300001090;155 678 640;32;0;1;1;1;0
202300001091;155 678 638;31;0;0;7;26;1
202300001092;155 678 637;1;0;2;7;1;5
202300001092;155 678 641;10;0;2;7;9;3
202300001093;155 678 634;7;0;2;1;0;1
202300001093;155 678 636;7;0;2;5;0;1
202300001093;155 678 639;7;0;2;4;0;1
202300001094;155 678 633;50;0;2;4;2;3
202300001094;155 678 635;7;0;2;2;2;0
202300001095;155 678 627;7;9;2;1;17;1
202300001095;155 678 630;7;0;2;1;1;1
202300001096;155 678 624;7;0;2;2;21;1
202300001096;155 678 628;33;0;2;6;23;1
202300001097;155 678 623;7;0;2;1;1;1
202300001097;155 678 625;7;0;2;4;2;1
202300001098;155 678 626;7;0;2;5;23;2
202300001098;155 678 629;10;0;2;3;1;1
202300001099;155 678 621;2;0;2;4;1;1
202300001099;155 678 622;7;0;2;1;10;3
202300001100;155 678 618;33;0;2;1;2;1
202300001100;155 678 620;14;0;2;6;4;1
202300001101;155 678 617;31;0;1;1;1;1
202300001102;155 678 614;1;0;2;3;1;5
202300001102;155 678 619;10;0;2;1;10;3
202300001103;155 678 615;2;0;2;1;1;1
202300001103;155 678 616;7;0;2;6;9;1
202300001104;155 678 613;7;1;0;2;1;1
202300001105;155 678 611;7;0;2;3;15;3
202300001105;155 678 612;33;0;2;1;17;1
202300001106;155 678 607;7;0;2;2;1;1
202300001106;155 678 610;7;0;2;6;1;1
202300001107;155 678 608;1;0;1;1;1;5
202300001108;155 678 605;7;0;1;0;1;1
202300001109;155 678 604;10;0;1;1;2;1
202300001110;155 678 603;7;14;0;1;1;1
202300001111;155 678 601;10;0;2;1;15;1
202300001111;155 678 602;10;0;2;1;1;1
202300001112;155 678 597;10;0;2;4;4;3
202300001112;155 678 600;80;0;2;1;23;3
202300001113;155 678 596;50;0;2;1;2;3
202300001113;155 678 599;7;0;2;5;2;1
202300001114;155 678 595;7;0;2;1;1;1
202300001114;155 678 598;7;0;2;4;23;1
202300001115;155 678 592;33;0;2;1;1;1
202300001115;155 678 594;7;0;2;7;15;1
202300001116;155 678 591;7;0;1;1;0;1
202300001117;155 678 590;10;0;1;3;1;1
202300001118;155 678 589;7;0;2;3;1;1
202300001118;155 678 593;7;0;2;1;9;1
202300001119;155 678 587;7;0;0;2;1;1
202300001120;155 678 583;7;0;2;5;23;1
202300001120;155 678 586;1;14;0;1;26;5
202300001121;155 678 582;7;0;2;2;9;1
202300001121;155 678 585;43;0;2;1;16;1
202300001122;155 678 584;30;0;2;1;1;1
202300001122;155 678 588;7;0;2;4;1;1
202300001123;155 678 578;3;0;0;1;5;1
202300001123;155 678 581;37;0;0;1;23;1
202300001124;155 678 575;7;0;2;1;16;1
202300001124;155 678 580;50;0;2;0;0;3
202300001125;155 678 576;2;0;2;1;16;1
202300001125;155 678 579;7;0;2;2;15;1
202300001126;155 678 573;50;0;2;7;1;3
202300001126;155 678 577;7;0;2;1;9;1
202300001127;155 678 572;10;0;0;2;1;1
202300001127;155 678 574;37;0;0;3;1;1
202300001128;155 678 571;14;0;1;1;9;1
202300001129;155 678 570;7;0;1;3;17;1
202300001130;155 678 566;1;0;1;1;1;5
202300001131;155 678 565;7;0;2;3;16;1
202300001131;155 678 569;1;0;2;1;1;5
202300001132;155 678 563;34;0;2;1;1;6
202300001132;155 678 567;7;0;2;1;9;1
202300001133;155 678 564;10;0;2;1;1;1
202300001133;155 678 568;7;0;2;4;1;1
202300001134;155 678 562;7;0;1;3;16;1
202300001135;155 678 559;7;0;2;1;1;1
202300001135;155 678 561;10;0;2;5;20;
202300001136;155 678 557;7;0;2;2;15;1
202300001136;155 678 560;33;0;2;1;1;1
202300001137;155 678 556;7;0;2;4;2;1
202300001137;155 678 558;7;0;2;1;2;1
202300001138;155 678 551;7;0;2;1;0;0
202300001138;155 678 554;10;0;2;5;20;3
202300001139;155 678 553;10;0;0;3;1;0
202300001139;155 678 555;30;0;0;0;0;0
202300001140;155 678 550;10;0;2;3;0;1
202300001140;155 678 552;10;0;2;1;5;1
202300001141;155 678 548;7;0;1;1;1;1
202300001142;155 678 545;7;0;2;1;2;1
202300001142;155 678 549;7;0;2;1;13;1
202300001143;155 678 541;31;0;2;4;2;1
202300001143;155 678 544;7;0;2;1;0;1
202300001143;155 678 547;7;0;0;1;2;1
202300001144;155 678 542;10;0;2;2;16;1
202300001144;155 678 546;1;0;2;8;1;5
202300001145;155 678 540;7;0;2;4;1;1
202300001145;155 678 543;13;0;2;4;1;1
202300001146;155 678 536;7;0;1;1;0;1
202300001147;155 678 535;33;0;1;1;18;1
202300001148;155 678 533;7;0;2;3;1;1
202300001148;155 678 538;33;0;2;4;15;1
202300001149;155 678 528;7;8;2;1;9;2
202300001149;155 678 532;15;0;2;5;1;1
202300001150;155 678 530;7;0;0;4;23;1
202300001150;155 678 534;7;0;2;4;23;1
202300001150;155 678 537;13;0;2;1;21;1
202300001151;155 678 527;7;0;2;7;12;1
202300001151;155 678 531;30;0;2;8;1;1
202300001152;155 678 525;7;4;2;8;9;1
202300001152;155 678 526;7;0;2;1;1;1
202300001153;155 678 523;30;14;0;1;1;1
202300001154;155 678 522;7;8;0;1;26;1
202300001155;155 678 520;32;0;2;8;3;1
202300001155;155 678 524;10;0;2;2;12;1
202300001156;155 678 519;33;0;2;1;1;1
202300001156;155 678 521;32;0;2;1;13;1
202300001157;155 678 517;50;0;2;1;1;3
202300001157;155 678 518;10;0;2;1;13;1
202300001158;155 678 515;32;0;0;7;21;1
202300001159;155 678 516;43;8;0;3;17;1
202300001160;155 678 514;60;0;1;1;1;5
202300001161;155 678 513;7;0;1;2;14;1
202300001162;155 678 506;60;0;2;2;19;5
202300001162;155 678 511;33;0;2;1;1;1
202300001163;155 678 508;7;0;2;3;1;1
202300001163;155 678 512;1;0;2;7;15;5
202300001164;155 678 507;7;0;2;0;1;0
202300001164;155 678 510;30;0;2;0;1;1
202300001165;155 678 505;99;0;1;5;26;1
202300001166;155 678 504;7;0;0;3;1;1
202300001166;155 678 509;7;0;2;2;15;1
202300001167;155 678 501;7;0;1;2;1;1
202300001168;155 678 500;2;0;2;1;2;1
202300001168;155 678 503;7;0;2;4;23;1
202300001169;155 678 498;7;14;1;3;11;1
202300001170;155 678 499;1;1;2;1;2;5
202300001170;155 678 502;10;0;0;8;22;1
202300001171;155 678 496;10;0;1;3;2;1
202300001172;155 678 494;37;0;2;2;21;1
202300001172;155 678 497;1;0;2;7;9;5
202300001173;155 678 493;37;0;0;3;0;1
202300001174;155 678 491;7;0;2;5;13;1
202300001174;155 678 495;33;0;2;1;3;1
202300001175;155 678 490;1;1;0;6;1;5
202300001175;155 678 492;13;0;2;6;24;1
202300001176;155 678 489;7;2;0;0;3;0
202300001177;155 678 487;10;13;0;3;1;1
202300001178;155 678 485;7;0;2;4;16;1
202300001178;155 678 488;7;0;2;1;2;1
202300001179;155 678 482;7;2;0;1;0;1
202300001180;155 678 480;32;0;2;2;17;1
202300001180;155 678 483;7;0;2;3;10;2
202300001181;155 678 477;7;0;2;3;15;1
202300001181;155 678 478;7;0;2;1;1;1
202300001182;155 678 475;7;13;2;3;1;1
202300001182;155 678 476;7;0;2;3;13;1
202300001183;155 678 479;7;0;2;1;2;1
202300001183;155 678 481;7;0;2;4;2;1
202300001183;155 678 484;7;0;2;4;2;1
202300001183;155 678 486;7;0;2;4;2;1
202300001184;155 678 472;1;0;1;1;1;5
202300001185;155 678 471;7;0;1;0;0;0
202300001186;155 678 466;7;0;2;4;23;2
202300001186;155 678 468;80;0;2;1;1;3
202300001187;155 678 465;10;15;1;4;20;1
202300001188;155 678 463;7;0;2;3;1;1
202300001188;155 678 469;32;0;2;1;1;1
202300001189;155 678 462;32;0;2;1;2;1
202300001189;155 678 464;7;0;2;4;23;0
202300001190;155 678 458;31;0;2;7;17;0
202300001190;155 678 460;7;0;2;8;13;0
202300001191;155 678 455;1;0;2;8;1;5
202300001191;155 678 459;7;0;2;3;9;0
202300001192;155 678 454;7;0;1;3;1;1
202300001193;155 678 457;7;0;2;1;1;1
202300001193;155 678 461;32;0;2;4;23;3
202300001194;155 678 453;7;0;2;5;12;1
202300001194;155 678 456;32;0;2;8;1;1
202300001195;155 678 452;7;2;0;1;1;1
202300001196;155 678 451;7;4;0;3;1;1
202300001197;155 678 448;10;0;2;2;16;1
202300001197;155 678 450;33;0;2;1;7;1
202300001198;155 678 447;1;0;2;1;1;5
202300001198;155 678 449;10;0;2;8;22;1
202300001199;155 678 445;10;0;1;5;1;1
202300001200;155 678 444;7;6;2;1;26;1
202300001200;155 678 446;7;0;2;1;1;1
202300001201;155 678 441;2;0;2;2;1;1
202300001201;155 678 443;7;0;2;3;11;1
202300001202;155 678 442;7;0;1;1;1;1
202300001203;155 678 438;7;0;2;3;1;1
202300001203;155 678 440;7;0;2;8;1;1
202300001204;155 678 437;1;0;2;1;1;5
202300001204;155 678 439;7;0;0;4;1;1
202300001205;155 678 435;7;0;1;1;1;1
202300001206;155 678 434;32;0;2;1;17;1
202300001206;155 678 436;7;0;2;2;15;2
202300001207;155 678 433;7;6;0;2;1;1
202300001208;155 678 432;30;0;1;0;0;
202300001209;155 678 430;1;0;2;2;1;5
202300001209;155 678 431;7;0;2;2;17;0
202300001210;155 678 429;7;0;1;4;4;1
202300001211;155 678 428;7;0;1;3;1;1
202300001212;155 678 425;7;0;2;1;2;0
202300001212;155 678 427;33;0;2;6;1;1
202300001213;155 678 424;30;0;2;1;1;3
202300001213;155 678 426;10;0;2;2;1;1
202300001214;155 678 422;36;13;0;3;1;1
202300001215;155 678 421;7;0;0;1;1;1
202300001215;155 678 423;7;0;0;1;1;1
202300001216;155 678 419;1;0;2;8;19;5
202300001216;155 678 420;10;0;2;2;16;1
202300001217;155 678 416;7;0;2;1;16;1
202300001217;155 678 418;50;0;2;8;1;3
202300001218;155 678 413;21;0;2;3;15;1
202300001218;155 678 417;2;0;2;1;1;0
202300001219;155 678 414;7;0;2;1;16;1
202300001219;155 678 415;7;0;2;1;2;1
202300001220;155 678 412;7;0;1;1;1;1
202300001221;155 678 408;32;0;2;2;1;1
202300001221;155 678 411;1;0;0;4;15;5
202300001222;155 678 407;7;4;2;1;1;1
202300001222;155 678 410;32;4;2;4;12;1
202300001223;155 678 406;33;0;2;1;26;1
202300001223;155 678 409;14;0;2;7;19;1
202300001224;155 678 405;7;0;1;1;26;1
202300001225;155 678 399;10;0;2;2;16;1
202300001225;155 678 403;1;0;2;2;1;5
202300001226;155 678 400;7;0;0;0;0;0
202300001226;155 678 404;7;0;0;0;0;0
202300001227;155 678 398;33;0;2;3;1;1
202300001227;155 678 402;7;0;2;1;15;1
202300001228;155 678 401;7;0;1;1;15;1
202300001229;155 678 394;13;0;2;7;1;0
202300001229;155 678 397;1;0;2;8;1;5
202300001230;155 678 391;7;0;2;2;15;3
202300001230;155 678 395;33;0;2;1;17;1
202300001231;155 678 390;7;0;0;0;0;0
202300001231;155 678 392;7;0;2;1;26;1
202300001231;155 678 396;7;0;2;4;0;1
202300001232;155 678 389;7;0;2;2;15;1
202300001232;155 678 393;31;0;2;1;1;1
202300001233;155 678 386;7;0;1;3;17;0
202300001234;155 678 387;7;0;2;3;15;1
202300001234;155 678 388;34;0;2;3;17;1
202300001235;155 678 383;1;0;2;1;1;5
202300001235;155 678 384;7;0;2;3;15;1
202300001236;155 678 382;7;0;2;1;21;1
202300001236;155 678 385;7;0;2;1;1;1
202300001237;155 678 381;43;0;0;1;13;0
202300001238;155 678 379;7;0;2;2;12;1
202300001238;155 678 380;33;0;2;3;1;1
202300001239;155 678 376;7;4;0;8;13;1
202300001240;155 678 375;34;0;2;1;5;1
202300001240;155 678 377;7;0;2;1;1;1
202300001241;155 678 373;7;0;1;3;1;0
202300001242;155 678 372;33;0;2;1;1;1
202300001242;155 678 374;7;0;2;6;16;1
202300001243;155 678 370;2;3;0;7;1;1
202300001244;155 678 371;7;15;0;1;15;1
202300001245;155 678 365;30;0;2;2;1;1
202300001245;155 678 368;7;0;2;8;20;1
202300001246;155 678 367;10;1;2;1;6;1
202300001246;155 678 369;7;0;2;0;23;1
202300001247;155 678 363;7;0;2;1;1;1
202300001247;155 678 366;7;0;2;1;13;1
202300001248;155 678 362;7;0;2;1;26;1
202300001248;155 678 364;7;0;0;4;26;1
202300001249;155 678 360;32;11;0;1;1;1
202300001250;155 678 359;33;0;2;1;2;1
202300001250;155 678 361;7;0;2;4;2;0
202300001251;155 678 357;10;0;0;2;19;1
202300001251;155 678 358;2;0;0;1;1;1
202300001252;155 678 354;33;0;2;1;2;1
202300001252;155 678 356;7;0;2;4;2;1
202300001253;155 678 353;32;8;0;8;15;1
202300001254;155 678 352;32;0;2;7;19;0
202300001254;155 678 355;7;0;2;1;1;0
202300001255;155 678 350;37;0;0;0;1;0
202300001256;155 678 348;7;0;0;4;2;1
202300001256;155 678 351;33;0;0;4;15;1
202300001257;155 678 347;7;0;1;2;1;1
202300001258;155 678 343;30;0;1;1;1;1
202300001259;155 678 342;10;0;2;1;2;1
202300001259;155 678 345;7;0;2;6;15;1
202300001259;155 678 346;7;0;2;4;23;1
202300001259;155 678 349;7;0;2;4;23;1
202300001260;155 678 340;7;0;2;3;1;0
202300001260;155 678 344;33;0;2;1;13;0
202300001261;155 678 336;7;0;2;1;2;1
202300001261;155 678 339;37;0;2;6;24;2
202300001261;155 678 341;50;0;2;8;19;3
202300001262;155 678 334;7;0;2;1;16;0
202300001262;155 678 337;7;0;2;3;15;1
202300001263;155 678 333;7;0;2;1;14;1
202300001263;155 678 338;17;0;2;4;1;1
202300001264;155 678 332;7;0;2;4;4;1
202300001264;155 678 335;37;0;2;3;1;1
202300001265;155 678 328;7;0;2;1;20;1
202300001265;155 678 331;7;0;2;7;1;1
202300001266;155 678 327;7;0;2;8;1;1
202300001266;155 678 330;15;0;2;7;12;1
202300001267;155 678 326;7;0;2;4;2;1
202300001267;155 678 329;7;0;2;4;2;1
202300001268;155 678 324;7;4;0;0;1;1
202300001269;155 678 323;7;0;1;2;11;2
202300001270;155 678 322;7;0;2;3;9;1
202300001270;155 678 325;2;0;2;1;1;1
202300001271;155 678 320;7;13;0;3;21;1
202300001271;155 678 321;7;0;0;0;17;1
202300001272;155 678 318;33;0;2;1;2;1
202300001272;155 678 319;7;0;2;6;2;1
202300001273;155 678 317;30;8;0;1;1;1
202300001274;155 678 316;7;1;0;3;13;0
202300001275;155 678 315;7;8;0;1;14;1
202300001276;155 678 313;7;0;5;1;1;1
202300001277;155 678 311;33;0;2;1;3;1
202300001277;155 678 314;7;0;2;2;1;1
202300001278;155 678 310;7;7;0;1;1;1
202300001279;155 678 309;99;0;2;1;1;0
202300001279;155 678 312;33;5;0;7;0;1
202300001280;155 678 307;31;0;0;8;3;3
202300001281;155 678 306;7;13;0;2;2;1
202300001282;155 678 303;7;4;2;1;2;0
202300001282;155 678 305;10;4;2;4;2;1
202300001282;155 678 308;7;4;2;4;2;3
202300001283;155 678 302;50;0;2;1;21;3
202300001283;155 678 304;50;0;2;1;21;3
202300001284;155 678 301;7;0;0;0;0;
202300001285;155 678 298;7;0;2;4;2;1
202300001285;155 678 300;7;0;2;1;2;1
202300001286;155 678 299;7;0;1;1;1;1
202300001287;155 678 296;7;0;2;8;11;1
202300001287;155 678 297;36;0;2;7;2;1
202300001288;155 678 293;7;0;2;1;15;1
202300001288;155 678 295;2;0;2;1;1;1
202300001289;155 678 292;7;0;1;1;1;1
202300001290;155 678 291;7;0;1;0;0;3
202300001291;155 678 288;7;0;2;4;1;1
202300001291;155 678 290;7;0;2;2;12;1
202300001291;155 678 294;7;0;2;4;1;1
202300001292;155 678 287;7;0;0;3;1;2
202300001292;155 678 289;7;0;2;1;5;1
202300001293;155 678 285;3;0;1;1;2;0
202300001294;155 678 281;7;0;2;4;1;1
202300001294;155 678 283;7;0;2;1;1;1
202300001295;155 678 282;7;0;2;3;11;1
202300001295;155 678 284;32;0;2;8;1;1
202300001295;155 678 286;7;0;2;3;24;3
202300001296;155 678 277;7;0;2;1;1;1
202300001296;155 678 280;32;0;2;1;1;1
202300001297;155 678 276;7;3;0;1;1;1
202300001298;155 678 274;7;0;2;1;2;2
202300001298;155 678 278;7;0;2;9;2;1
202300001298;155 678 279;7;0;0;4;2;1
202300001299;155 678 273;32;0;2;3;18;1
202300001299;155 678 275;7;0;2;2;16;1
202300001300;155 678 270;7;0;0;4;24;0
202300001300;155 678 272;7;1;0;1;2;1
202300001301;155 678 268;10;0;1;4;4;1
202300001302;155 678 263;10;0;2;1;2;1
202300001302;155 678 266;7;0;2;1;2;1
202300001302;155 678 269;7;0;2;4;2;0
202300001302;155 678 271;7;0;2;4;2;1
202300001303;155 678 265;10;0;2;8;15;1
202300001303;155 678 267;34;0;2;1;17;1
202300001304;155 678 262;7;0;2;3;15;0
202300001304;155 678 264;31;0;2;1;17;0
202300001305;155 678 261;7;0;1;2;1;1
202300001306;155 678 260;7;0;1;1;1;1
202300001307;155 678 259;50;0;1;1;25;3
202300001308;155 678 257;33;0;1;7;25;0
202300001309;155 678 258;7;13;0;1;1;1
202300001310;155 678 256;7;4;0;2;1;1
202300001311;155 678 253;7;0;0;1;19;1
202300001311;155 678 255;7;0;2;8;1;1
202300001312;155 678 252;1;0;2;5;14;5
202300001312;155 678 254;1;0;2;6;1;5
202300001313;155 678 249;7;0;2;1;1;1
202300001313;155 678 251;7;0;2;4;23;1
202300001314;155 678 248;7;0;2;1;13;1
202300001314;155 678 250;7;0;2;1;1;1
202300001315;155 678 247;43;2;0;1;1;1
202300001316;155 678 241;1;0;2;1;13;5
202300001316;155 678 242;1;0;2;1;16;5
202300001317;155 678 244;7;0;2;7;22;1
202300001317;155 678 246;1;0;2;1;1;5
202300001318;155 678 239;7;0;2;1;1;1
202300001318;155 678 243;80;0;2;8;9;3
202300001319;155 678 238;7;0;2;1;1;1
202300001319;155 678 240;7;0;2;4;1;1
202300001319;155 678 245;7;0;2;4;23;2
202300001320;155 678 237;10;9;0;2;0;1
202300001321;155 678 236;50;0;1;8;1;3
202300001322;155 678 233;7;0;2;6;1;1
202300001322;155 678 235;7;0;2;2;13;1
202300001323;155 678 232;7;0;2;1;1;1
202300001324;155 678 231;7;15;0;1;0;1
202300001324;155 678 234;3;16;0;5;1;0
202300001325;155 678 230;30;0;1;1;17;1
202300001326;155 678 229;7;0;0;8;13;1
202300001327;155 678 228;37;0;1;1;1;1
202300001328;155 678 226;2;0;2;1;1;1
202300001328;155 678 227;7;0;2;1;1;1
202300001329;155 678 225;32;0;1;1;1;0
202300001330;155 678 224;7;2;0;3;1;1
202300001331;155 678 222;2;1;0;0;0;0
202300001332;155 678 221;7;0;2;1;1;1
202300001332;155 678 223;7;0;2;1;13;1
202300001333;155 678 219;7;0;2;1;1;0
202300001333;155 678 220;41;0;2;4;1;1
202300001334;155 678 217;2;0;2;8;1;1
202300001334;155 678 218;14;0;2;1;15;1
202300001335;155 678 215;7;4;0;3;13;1
202300001336;155 678 213;7;0;2;3;13;1
202300001336;155 678 216;2;0;2;1;1;1
202300001337;155 678 212;7;0;2;2;2;1
202300001337;155 678 214;80;0;2;4;2;3
202300001338;155 678 210;33;0;0;7;0;1
202300001339;155 678 209;30;0;2;1;5;0
202300001339;155 678 211;7;0;2;3;0;0
202300001340;155 678 207;1;0;1;1;1;5
202300001341;155 678 208;7;0;1;2;1;1
202300001342;155 678 202;32;0;2;1;1;0
202300001342;155 678 205;30;0;2;5;6;0
202300001343;155 678 201;34;0;0;0;26;1
202300001344;155 678 204;1;0;2;1;2;5
202300001344;155 678 206;7;0;9;7;15;1
202300001345;155 678 200;7;0;2;2;17;1
202300001345;155 678 203;50;0;2;3;15;3
202300001346;155 678 196;1;0;2;1;1;5
202300001346;155 678 199;7;0;9;4;1;1
202300001347;155 678 195;7;0;0;0;0;1
202300001347;155 678 198;7;0;0;4;1;2
202300001348;155 678 194;7;0;2;4;2;1
202300001348;155 678 197;7;0;2;1;2;1
202300001349;155 678 193;43;0;1;7;1;1
202300001350;155 678 188;7;0;1;1;9;0
202300001351;155 678 189;7;0;2;3;1;1
202300001351;155 678 191;1;0;2;1;14;5
202300001352;155 678 187;1;1;0;1;1;5
202300001353;155 678 182;7;0;2;7;16;1
202300001353;155 678 186;1;0;2;8;2;5
202300001354;155 678 181;7;0;2;4;1;1
202300001354;155 678 185;7;0;2;1;1;1
202300001355;155 678 179;32;0;2;1;9;1
202300001355;155 678 184;31;0;0;0;0;1
202300001356;155 678 177;7;15;0;3;13;1
202300001357;155 678 176;7;0;2;1;2;1
202300001357;155 678 178;7;0;2;4;2;1
202300001357;155 678 180;10;0;2;4;2;1
202300001357;155 678 183;7;0;2;4;2;1
202300001358;155 678 172;7;0;2;4;23;1
202300001358;155 678 175;7;0;2;1;2;1
202300001359;155 678 169;7;0;2;4;2;1
202300001359;155 678 174;1;0;2;4;1;5
202300001360;155 678 170;1;0;2;3;1;5
202300001360;155 678 171;43;0;2;2;15;1
202300001361;155 678 167;33;0;0;0;1;1
202300001362;155 678 166;7;0;2;3;1;1
202300001362;155 678 168;7;0;2;8;0;1
202300001363;155 678 164;7;0;2;1;2;0
202300001363;155 678 165;32;0;2;4;1;1
202300001364;155 678 163;50;0;1;1;25;3
202300001365;155 678 160;7;0;2;1;0;1
202300001365;155 678 162;1;0;2;8;9;5
202300001366;155 678 159;7;0;2;1;19;1
202300001366;155 678 161;32;0;2;8;1;1
202300001367;155 678 158;7;0;1;2;16;1
202300001368;155 678 156;33;5;0;3;13;1
202300001369;155 678 155;7;13;0;1;1;1
202300001370;155 678 154;7;0;2;6;12;1
202300001370;155 678 157;31;0;2;1;12;1
202300001371;155 678 149;7;0;2;1;26;0
202300001371;155 678 153;50;0;2;1;0;3
202300001372;155 678 150;7;0;2;1;16;0
202300001372;155 678 152;43;0;2;7;1;1
202300001373;155 678 148;32;0;0;7;17;1
202300001374;155 678 147;7;0;2;8;21;1
202300001374;155 678 151;7;14;2;1;6;1
202300001375;155 678 145;2;0;2;2;2;1
202300001375;155 678 146;7;0;2;3;15;1
202300001376;155 678 142;7;6;0;1;13;1
202300001377;155 678 141;7;0;1;8;20;0
202300001377;155 678 144;7;1;0;8;24;0
202300001378;155 678 140;33;0;2;1;21;1
202300001378;155 678 143;7;0;2;3;15;1
202300001379;155 678 139;7;8;0;8;1;1