Num_Acc;id_vehicule;categorie_vehicule;obstacle_fixe;obstacle_mobile;point_choc_initial;manoeuvre_principale;motorisation
202300001380;155 678 138;7;0;1;2;16;1
202300001381;155 678 136;1;0;0;;1;5
202300001382;155 678 135;7;0;2;4;1;1
202300001382;155 678 137;33;0;2;1;1;1
202300001383;155 678 133;33;0;2;1;17;1
202300001383;155 678 134;7;0;2;8;15;1
202300001384;155 678 130;33;4;0;7;1;1
202300001385;155 678 128;7;0;2;4;1;1
202300001385;155 678 132;7;0;2;1;1;1
202300001386;155 678 127;7;0;2;3;15;1
202300001386;155 678 129;7;0;2;8;1;1
202300001386;155 678 131;34;0;2;3;1;1
202300001387;155 678 124;1;0;2;8;1;5
202300001387;155 678 126;7;0;2;1;19;1
202300001388;155 678 122;31;0;2;3;17;1
202300001388;155 678 125;7;1;2;3;15;1
202300001389;155 678 121;33;0;0;0;1;1
202300001390;155 678 120;32;0;2;1;15;0
202300001390;155 678 123;14;0;2;3;1;0
202300001391;155 678 117;2;0;2;2;2;1
202300001391;155 678 119;7;0;2;3;15;1
202300001392;155 678 116;1;0;0;;1;5
202300001393;155 678 115;1;0;2;1;26;5
202300001393;155 678 118;7;0;2;3;9;1
202300001394;155 678 112;10;8;0;3;13;1
202300001395;155 678 110;7;0;2;6;16;1
202300001395;155 678 114;7;0;2;6;21;1
202300001396;155 678 111;2;0;2;1;15;1
202300001396;155 678 113;7;0;2;8;1;1
202300001397;155 678 108;10;0;0;0;0;0
202300001397;155 678 109;33;0;2;0;0;0
202300001398;155 678 105;10;0;2;1;1;1
202300001398;155 678 107;32;0;2;1;5;1
202300001399;155 678 104;7;6;1;1;25;1
202300001400;155 678 103;7;0;0;1;1;1
202300001400;155 678 106;31;0;0;8;1;1
202300001401;155 678 102;7;0;1;1;1;1
202300001402;155 678 100;10;0;2;7;12;1
202300001402;155 678 101;33;0;2;3;2;1
202300001403;155 678 097;7;0;0;1;1;1
202300001404;155 678 096;7;0;0;3;9;1
202300001404;155 678 098;1;0;0;7;1;5
202300001405;155 678 099;7;0;1;3;15;0
202300001406;155 678 094;31;0;2;6;12;1
202300001406;155 678 095;15;0;2;2;2;1
202300001407;155 678 093;10;6;0;1;14;1
202300001408;155 678 090;1;0;2;3;1;5
202300001408;155 678 092;7;0;2;8;13;1
202300001409;155 678 089;7;0;2;1;26;0
202300001409;155 678 091;10;0;2;6;2;1
202300001410;155 678 087;7;13;0;0;0;1
202300001411;155 678 086;80;0;2;7;1;3
202300001411;155 678 088;7;0;2;2;15;1
202300001412;155 678 084;33;0;2;1;1;1
202300001412;155 678 085;21;0;2;1;15;1
202300001413;155 678 083;30;0;1;1;1;1
202300001414;155 678 079;33;0;2;1;1;1
202300001414;155 678 082;7;0;2;7;19;1
202300001415;155 678 078;7;0;2;3;9;1
202300001415;155 678 080;2;0;2;7;9;3
202300001416;155 678 077;7;0;2;2;5;2
202300001416;155 678 081;1;0;2;1;1;5
202300001417;155 678 076;7;0;1;2;1;1
202300001418;155 678 071;35;0;2;1;9;1
202300001418;155 678 074;10;0;2;3;1;1
202300001419;155 678 072;7;0;2;3;1;1
202300001419;155 678 075;7;0;2;3;13;1
202300001420;155 678 070;7;0;2;8;15;1
202300001420;155 678 073;30;0;2;1;1;1
202300001421;155 678 069;7;0;1;1;1;1
202300001422;155 678 066;7;0;1;1;1;1
202300001423;155 678 065;7;0;9;2;2;1
202300001423;155 678 068;1;0;0;8;1;5
202300001424;155 678 064;50;0;2;1;7;3
202300001424;155 678 067;7;0;2;3;1;1
202300001425;155 678 062;21;0;0;0;14;1
202300001426;155 678 061;31;0;1;1;1;1
202300001427;155 678 060;7;0;2;1;17;1
202300001427;155 678 063;31;0;2;7;19;1
202300001428;155 678 059;10;14;0;1;9;1
202300001429;155 678 058;33;8;0;1;1;1
202300001430;155 678 055;7;0;2;3;9;1
202300001430;155 678 057;1;0;2;2;9;5
202300001431;155 678 050;10;0;2;2;1;1
202300001431;155 678 052;33;0;2;1;26;1
202300001432;155 678 048;7;0;2;8;9;1
202300001432;155 678 053;7;0;2;1;1;0
202300001433;155 678 049;7;0;2;2;2;1
202300001433;155 678 051;7;0;2;6;23;1
202300001433;155 678 054;7;0;2;8;23;1
202300001433;155 678 056;7;0;2;5;23;1
202300001434;155 678 046;7;1;0;9;1;1
202300001435;155 678 044;30;0;1;0;3;1
202300001435;155 678 047;60;0;1;8;0;5
202300001436;155 678 045;33;0;0;9;1;1
202300001437;155 678 043;3;0;1;0;26;
202300001438;155 678 041;7;0;2;3;20;1
202300001438;155 678 042;30;1;2;2;0;1
202300001439;155 678 039;7;2;0;3;0;1
202300001440;155 678 040;7;0;1;4;20;0
202300001441;155 678 037;7;2;0;7;0;1
202300001442;155 678 036;10;0;1;5;26;1
202300001443;155 678 035;10;0;2;2;15;1
202300001443;155 678 038;33;0;2;1;1;1
202300001444;155 678 033;7;0;2;3;17;1
202300001444;155 678 034;7;0;2;3;1;1
202300001445;155 678 032;7;0;1;1;1;1
202300001446;155 678 031;7;17;0;1;1;1
202300001447;155 678 030;7;2;0;7;1;1
202300001448;155 678 027;7;0;2;3;11;1
202300001448;155 678 029;7;0;2;1;14;0
202300001449;155 678 025;7;2;0;7;1;1
202300001450;155 678 026;7;0;2;1;17;1
202300001450;155 678 028;7;0;2;4;1;1
202300001451;155 678 022;10;0;1;4;20;1
202300001452;155 678 020;7;8;2;1;1;1
202300001452;155 678 024;7;0;2;3;0;1
202300001453;155 678 021;33;0;2;8;13;1
202300001453;155 678 023;7;0;2;3;1;1
202300001454;155 678 017;33;15;0;3;1;1
202300001455;155 678 016;50;0;2;4;2;3
202300001455;155 678 019;7;0;2;4;2;0
202300001456;155 678 014;10;0;0;6;2;1
202300001456;155 678 015;33;0;2;1;0;1
202300001456;155 678 018;7;0;9;0;0;1
202300001457;155 678 012;2;0;2;1;13;1
202300001457;155 678 013;7;0;2;3;1;1
202300001458;155 678 011;7;0;1;3;15;1
202300001459;155 678 010;7;0;1;2;0;1
202300001460;155 678 009;1;14;0;1;1;5
202300001461;155 678 007;7;1;2;4;23;1
202300001461;155 678 008;7;0;2;1;2;1
202300001462;155 678 005;33;0;2;1;2;1
202300001462;155 678 006;10;0;0;4;2;0
202300001463;155 678 002;31;12;0;1;1;1
202300001464;155 678 003;7;0;2;3;15;1
202300001464;155 678 004;1;0;2;1;1;5
202300001465;155 678 000;7;0;2;3;9;0
202300001465;155 678 001;33;1;2;1;1;1
202300001466;155 677 998;10;0;2;1;0;1
202300001466;155 677 999;50;0;2;1;0;3
202300001467;155 677 997;7;0;0;0;1;1
202300001468;155 677 994;50;0;2;1;19;3
202300001468;155 677 996;7;0;2;2;1;0
202300001469;155 677 991;7;0;2;3;15;3
202300001469;155 677 993;33;0;2;3;1;1
202300001470;155 677 988;50;0;2;5;25;3
202300001470;155 677 990;7;0;2;2;1;1
202300001471;155 677 987;30;0;2;8;1;1
202300001471;155 677 989;7;0;2;0;15;1
202300001472;155 677 986;7;0;1;1;2;2
202300001473;155 677 984;7;0;2;6;2;1
202300001473;155 677 985;10;0;2;2;0;1
202300001474;155 677 982;33;0;2;3;5;1
202300001474;155 677 983;7;0;2;7;1;1
202300001475;155 677 980;7;0;2;1;5;1
202300001475;155 677 981;7;0;2;1;1;1
202300001476;155 677 978;2;0;2;8;8;1
202300001476;155 677 979;7;0;2;1;15;1
202300001477;155 677 977;7;17;0;7;1;1
202300001478;155 677 976;7;0;1;1;25;1
202300001479;155 677 972;30;0;2;1;17;1
202300001479;155 677 974;7;0;0;6;23;1
202300001479;155 677 975;21;0;2;3;1;1
202300001480;155 677 971;50;0;2;1;5;3
202300001480;155 677 973;7;0;2;3;15;1
202300001481;155 677 967;17;0;2;1;2;1
202300001481;155 677 968;7;0;2;4;2;1
202300001481;155 677 970;17;0;2;1;2;1
202300001482;155 677 966;2;0;2;1;17;1
202300001482;155 677 969;7;0;0;6;15;1
202300001483;155 677 965;7;0;1;1;1;1
202300001484;155 677 963;1;0;0;0;25;5
202300001485;155 677 962;10;0;2;8;1;1
202300001485;155 677 964;1;0;2;1;19;5
202300001486;155 677 959;7;0;2;8;1;1
202300001486;155 677 960;7;0;2;3;1;1
202300001486;155 677 961;7;0;2;8;13;1
202300001487;155 677 954;33;0;2;1;1;1
202300001487;155 677 955;7;0;2;1;5;1
202300001487;155 677 956;33;0;2;1;1;1
202300001488;155 677 957;7;0;9;1;15;1
202300001488;155 677 958;80;0;2;8;1;3
202300001489;155 677 952;31;13;0;2;1;1
202300001490;155 677 950;7;0;2;6;1;1
202300001490;155 677 951;1;0;2;0;0;5
202300001490;155 677 953;33;0;2;1;2;1
202300001491;155 677 947;30;0;2;1;2;1
202300001491;155 677 949;7;0;0;5;2;1
202300001492;155 677 948;33;15;0;1;14;1
202300001493;155 677 946;31;0;1;1;2;0
202300001494;155 677 943;7;0;1;1;1;0
202300001495;155 677 944;2;0;2;3;15;1
202300001495;155 677 945;2;0;2;2;17;1
202300001496;155 677 942;34;0;1;1;1;0
202300001497;155 677 938;30;0;2;7;16;1
202300001497;155 677 940;7;0;2;3;15;2
202300001498;155 677 939;2;0;2;7;0;1
202300001498;155 677 941;0;0;0;0;0;0
202300001499;155 677 936;7;16;0;0;1;1
202300001499;155 677 937;7;0;0;0;17;0
202300001500;155 677 934;7;0;2;1;1;1
202300001500;155 677 935;7;0;2;8;19;1
202300001501;155 677 933;2;0;0;0;1;0
202300001502;155 677 931;7;0;2;1;9;1
202300001502;155 677 932;2;0;0;7;1;1
202300001503;155 677 929;7;0;2;2;9;1
202300001503;155 677 930;50;0;2;1;1;3
202300001504;155 677 926;7;0;2;8;15;0
202300001504;155 677 927;1;0;2;1;23;5
202300001505;155 677 925;7;0;2;4;1;1
202300001505;155 677 928;7;0;2;1;0;1
202300001506;155 677 922;30;0;2;1;9;0
202300001506;155 677 924;10;0;2;6;1;1
202300001507;155 677 918;7;0;2;5;2;1
202300001507;155 677 920;7;0;2;3;2;1
202300001507;155 677 923;7;0;2;1;0;1
202300001508;155 677 919;60;0;2;1;0;5
202300001508;155 677 921;7;0;2;1;25;1
202300001509;155 677 914;7;0;2;1;1;1
202300001509;155 677 917;7;0;2;4;1;2
202300001510;155 677 912;40;0;2;1;2;3
202300001510;155 677 913;1;0;4;8;26;5
202300001511;155 677 911;31;0;2;1;2;1
202300001512;155 677 909;40;0;2;2;1;2
202300001512;155 677 910;7;0;4;3;15;1
202300001513;155 677 907;7;0;2;1;2;1
202300001513;155 677 908;10;0;2;4;2;1
202300001514;155 677 906;10;;1;4;25;1
202300001515;155 677 903;7;0;2;0;14;1
202300001515;155 677 905;33;0;2;3;1;1
202300001516;155 677 902;32;0;2;1;1;1
202300001516;155 677 904;7;0;2;1;1;0
202300001517;155 677 901;33;0;2;1;1;1
202300001518;155 677 899;3;0;2;5;19;1
202300001518;155 677 900;1;0;2;1;1;5
202300001519;155 677 898;32;0;2;7;1;3
202300001520;155 677 896;7;0;2;1;2;0
202300001520;155 677 897;14;0;2;4;0;0
202300001521;155 677 893;7;0;1;3;16;0
202300001522;155 677 892;10;0;2;4;2;1
202300001522;155 677 894;7;0;2;1;2;1
202300001522;155 677 895;10;0;2;4;2;1
202300001523;155 677 891;7;0;1;3;1;2
202300001524;155 677 887;7;0;2;7;15;0
202300001524;155 677 889;33;0;2;1;1;0
202300001525;155 677 886;33;0;2;9;1;1
202300001525;155 677 888;7;0;2;2;1;1
202300001525;155 677 890;7;0;2;8;26;1
202300001526;155 677 883;33;0;0;1;21;1
202300001526;155 677 884;7;0;0;0;1;1
202300001526;155 677 885;7;0;0;0;13;1
202300001527;155 677 882;32;0;2;7;3;1
202300001528;155 677 878;7;0;2;3;11;1
202300001528;155 677 880;33;0;2;1;3;1
202300001529;155 677 877;7;0;2;0;17;0
202300001529;155 677 879;31;0;2;3;1;1
202300001529;155 677 881;38;0;2;5;17;1
202300001530;155 677 875;7;15;0;1;1;0
202300001531;155 677 874;7;0;2;5;14;1
202300001531;155 677 876;33;0;2;8;3;1
202300001532;155 677 872;7;0;2;3;1;1
202300001532;155 677 873;2;0;2;1;19;3
202300001533;155 677 869;10;0;2;1;2;1
202300001533;155 677 870;7;0;2;4;2;1
202300001533;155 677 871;7;0;2;4;2;1
202300001534;155 677 867;7;0;2;8;1;1
202300001534;155 677 868;50;0;2;1;13;3
202300001535;155 677 865;7;0;2;1;2;1
202300001535;155 677 866;7;0;2;4;2;1
202300001536;155 677 863;7;0;2;1;1;1
202300001536;155 677 864;7;0;2;4;2;1
202300001537;155 677 862;7;13;0;1;0;1
202300001538;155 677 859;7;0;2;2;14;1
202300001538;155 677 860;7;0;2;6;1;1
202300001539;155 677 858;7;0;2;3;9;1
202300001539;155 677 861;2;0;2;1;1;1
202300001540;155 677 856;0;0;1;1;26;0
202300001541;155 677 855;7;0;2;7;1;1
202300001541;155 677 857;7;0;2;1;1;0
202300001542;155 677 852;7;0;1;1;16;1
202300001543;155 677 851;15;14;2;0;9;1
202300001543;155 677 853;33;0;2;2;21;1
202300001544;155 677 850;32;0;1;1;3;1
202300001545;155 677 848;50;0;2;7;26;3
202300001545;155 677 849;7;0;2;2;1;1
202300001546;155 677 845;1;0;0;0;0;5
202300001547;155 677 843;7;0;1;0;0;0
202300001548;155 677 842;7;0;2;3;15;1
202300001548;155 677 844;33;0;2;1;17;1
202300001549;155 677 841;7;7;0;5;2;1
202300001550;155 677 837;7;0;2;5;2;0
202300001550;155 677 839;7;8;2;3;12;0
202300001550;155 677 840;7;0;2;4;0;0
202300001551;155 677 838;7;6;0;1;1;1
202300001552;155 677 835;7;0;2;1;1;1
202300001552;155 677 836;7;0;2;8;1;1
202300001553;155 677 834;7;0;1;3;15;1
202300001554;155 677 829;50;0;2;1;1;3
202300001554;155 677 831;33;0;9;2;1;1
202300001555;155 677 823;30;0;2;1;2;1
202300001555;155 677 826;7;0;2;4;16;1
202300001556;155 677 815;7;0;2;1;1;1
202300001556;155 677 816;2;0;2;5;1;1
202300001557;155 677 817;7;14;0;1;2;1
202300001557;155 677 820;7;1;0;4;23;0
202300001557;155 677 821;7;0;2;4;23;1
202300001558;155 677 814;7;14;0;2;6;1
202300001559;155 677 811;60;0;0;0;1;5
202300001560;155 677 812;7;0;2;1;9;1
202300001560;155 677 813;7;0;2;5;0;1
202300001561;155 677 808;10;0;2;6;0;1
202300001561;155 677 809;7;0;2;2;2;1
202300001561;155 677 810;10;0;2;2;2;1
202300001562;155 677 806;7;0;2;1;5;0
202300001562;155 677 807;7;0;2;8;19;0
202300001563;155 677 804;2;0;2;1;18;1
202300001563;155 677 805;10;0;0;5;20;1
202300001564;155 677 800;7;16;2;1;1;1
202300001564;155 677 802;7;8;2;7;15;1
202300001565;155 677 801;30;0;2;1;2;1
202300001565;155 677 803;7;0;2;8;15;1
202300001566;155 677 797;80;12;2;1;1;3
202300001566;155 677 798;80;0;2;1;1;3
202300001567;155 677 795;7;4;2;1;1;1
202300001567;155 677 796;7;0;2;1;1;1
202300001567;155 677 799;14;0;2;1;1;1
202300001568;155 677 793;1;0;2;1;1;0
202300001568;155 677 794;10;0;2;1;26;1
202300001569;155 677 791;10;0;2;2;15;1
202300001569;155 677 792;33;0;2;1;1;1
202300001570;155 677 790;33;0;1;1;19;1
202300001571;155 677 788;1;0;0;3;1;5
202300001571;155 677 789;10;0;2;3;15;1
202300001572;155 677 785;10;0;2;1;1;1
202300001572;155 677 787;7;0;2;4;1;1
202300001573;155 677 784;7;0;2;7;10;1
202300001573;155 677 786;99;0;2;1;2;3
202300001574;155 677 783;33;1;0;1;1;1
202300001575;155 677 781;33;0;2;8;1;1
202300001575;155 677 782;7;0;2;7;12;1
202300001576;155 677 779;17;0;1;3;1;1
202300001577;155 677 778;7;0;2;1;0;1
202300001577;155 677 780;7;0;2;3;0;1
202300001578;155 677 777;7;0;1;1;2;1
202300001579;155 677 774;7;0;2;3;0;1
202300001579;155 677 776;2;0;2;3;15;1
202300001580;155 677 773;7;0;2;3;1;1
202300001580;155 677 775;50;0;0;2;0;3
202300001581;155 677 771;7;0;1;1;1;1
202300001582;155 677 772;7;0;1;3;15;1
202300001583;155 677 770;1;3;0;4;2;5
202300001584;155 677 768;7;3;0;2;2;4
202300001585;155 677 767;7;0;2;3;15;1
202300001585;155 677 769;33;0;2;1;17;1
202300001586;155 677 765;30;0;2;1;5;6
202300001586;155 677 766;14;0;2;6;15;6
202300001587;155 677 764;7;0;1;1;1;3
202300001588;155 677 760;7;1;0;1;2;1
202300001588;155 677 762;10;0;2;4;2;1
202300001588;155 677 763;7;1;0;4;2;1
202300001589;155 677 761;7;0;1;3;15;1
202300001590;155 677 759;7;4;0;3;1;1
202300001591;155 677 755;10;0;2;4;1;1
202300001591;155 677 756;33;0;2;1;3;1
202300001591;155 677 757;33;0;2;4;3;1
202300001592;155 677 750;10;0;2;1;1;1
202300001592;155 677 752;10;0;2;4;1;1
202300001592;155 677 753;7;0;2;4;1;1
202300001593;155 677 749;14;0;2;8;15;1
202300001593;155 677 751;33;0;2;7;17;1
202300001594;155 677 748;7;4;0;1;1;1
202300001595;155 677 746;31;0;2;1;1;1
202300001595;155 677 747;7;0;2;2;5;1
202300001596;155 677 741;99;0;0;0;1;1
202300001596;155 677 742;7;0;9;1;1;1
202300001596;155 677 744;7;0;9;3;0;1
202300001596;155 677 745;7;0;9;1;1;1
202300001597;155 677 740;7;0;2;7;13;1
202300001597;155 677 743;7;0;2;8;15;1
202300001598;155 677 738;50;0;2;4;2;3
202300001598;155 677 739;7;0;2;1;2;1
202300001599;155 677 736;7;0;2;3;1;1
202300001599;155 677 737;2;0;2;8;13;1
202300001600;155 677 735;7;0;1;1;1;1
202300001601;155 677 732;7;0;2;1;2;1
202300001601;155 677 734;7;0;2;0;2;1
202300001602;155 677 731;7;0;2;1;1;1
202300001602;155 677 733;7;0;2;8;16;1
202300001603;155 677 730;10;0;1;2;1;1
202300001604;155 677 729;17;0;0;1;14;1
202300001605;155 677 728;33;12;0;2;1;1
202300001606;155 677 725;7;0;2;2;16;0
202300001606;155 677 726;1;0;0;1;1;5
202300001607;155 677 724;30;0;2;2;21;1
202300001607;155 677 727;10;0;2;7;15;1
202300001608;155 677 721;7;0;2;1;1;2
202300001608;155 677 722;1;0;2;8;1;5
202300001609;155 677 718;1;0;2;8;16;5
202300001609;155 677 719;7;0;0;1;16;1
202300001610;155 677 715;7;0;2;3;1;3
202300001610;155 677 716;15;0;2;8;1;1
202300001610;155 677 717;7;0;2;3;13;1
202300001611;155 677 714;7;0;1;;0;
202300001612;155 677 713;14;0;1;1;16;1
202300001613;155 677 711;7;0;2;7;15;1
202300001613;155 677 712;33;0;2;2;1;1
202300001614;155 677 710;7;0;2;1;1;1
202300001615;155 677 706;33;1;0;2;3;1
202300001615;155 677 708;15;0;2;6;24;1
202300001616;155 677 707;10;0;2;7;15;0
202300001616;155 677 709;7;0;0;0;0;0
202300001617;155 677 704;7;0;1;7;1;1
202300001618;155 677 703;7;0;2;2;2;1
202300001618;155 677 705;1;0;2;9;1;5
202300001619;155 677 701;7;0;1;1;1;1
202300001620;155 677 700;50;0;2;0;0;3
202300001620;155 677 702;10;0;2;2;16;1
202300001621;155 677 699;1;0;0;0;1;5
202300001622;155 677 698;7;0;1;1;1;1
202300001623;155 677 697;1;0;0;1;1;5
202300001624;155 677 695;7;0;1;1;9;1
202300001625;155 677 694;7;0;2;2;16;1
202300001625;155 677 696;31;0;2;3;1;1
202300001626;155 677 692;50;0;0;0;1;3
202300001627;155 677 691;32;0;2;1;1;1
202300001627;155 677 693;7;0;2;1;15;1
202300001628;155 677 689;7;2;0;1;2;1
202300001629;155 677 690;30;12;0;2;19;1
202300001630;155 677 688;1;0;0;1;1;5
202300001631;155 677 685;1;0;0;1;1;5
202300001632;155 677 686;7;0;2;1;15;0
202300001632;155 677 687;1;0;2;0;19;5
202300001633;155 677 684;1;0;0;1;23;5
202300001634;155 677 681;1;0;2;1;1;5
202300001634;155 677 683;7;0;2;2;15;1
202300001635;155 677 680;33;0;2;8;16;1
202300001635;155 677 682;10;0;2;7;1;1
202300001636;155 677 677;50;0;2;7;19;3
202300001636;155 677 678;7;0;2;2;16;1
202300001637;155 677 674;10;0;2;3;1;1
202300001637;155 677 675;7;0;2;5;1;1
202300001638;155 677 676;33;0;2;1;1;1
202300001638;155 677 679;7;0;2;2;15;1
202300001639;155 677 672;7;0;2;3;0;1
202300001639;155 677 673;7;0;2;1;0;1
202300001640;155 677 670;7;0;2;7;26;1
202300001640;155 677 671;15;0;2;7;17;1
202300001641;155 677 667;13;0;2;3;13;1
202300001641;155 677 668;7;0;2;3;1;2
202300001642;155 677 666;7;8;0;7;1;1
202300001643;155 677 665;37;0;1;3;7;6
202300001644;155 677 662;7;0;1;2;0;1
202300001645;155 677 661;7;0;1;1;1;1
202300001646;155 677 660;7;0;0;9;1;1
202300001647;155 677 656;7;0;2;1;13;1
202300001647;155 677 657;7;0;2;8;1;1
202300001648;155 677 654;7;12;2;8;9;1
202300001648;155 677 655;7;0;2;1;1;1
202300001649;155 677 649;1;0;2;1;15;5
202300001649;155 677 650;7;0;2;8;1;1
202300001650;155 677 648;7;0;0;2;1;6
202300001651;155 677 647;7;0;0;0;1;1
202300001652;155 677 644;7;0;2;1;17;0
202300001652;155 677 645;7;0;2;1;1;0
202300001652;155 677 646;7;0;0;6;23;0
202300001653;155 677 643;7;1;1;2;20;6
202300001654;155 677 640;7;13;0;9;13;1
202300001655;155 677 639;7;0;2;1;13;1
202300001655;155 677 641;14;0;2;1;1;1
202300001655;155 677 642;7;0;2;1;1;1
202300001656;155 677 635;7;0;2;4;2;1
202300001656;155 677 638;7;0;2;2;1;0
202300001657;155 677 633;7;0;2;1;2;1
202300001657;155 677 634;7;0;2;4;23;1
202300001657;155 677 636;7;0;2;4;1;1
202300001657;155 677 637;17;0;0;4;1;1
202300001658;155 677 632;7;13;0;1;14;1
202300001659;155 677 629;33;0;2;1;26;1
202300001659;155 677 630;7;0;2;3;15;1
202300001660;155 677 627;7;0;2;7;13;1
202300001660;155 677 628;7;0;2;1;1;1
202300001661;155 677 625;7;0;2;1;1;1
202300001661;155 677 626;38;0;2;8;15;1
202300001662;155 677 624;2;0;0;0;15;1
202300001663;155 677 622;7;0;9;2;17;1
202300001663;155 677 623;80;0;2;3;1;3
202300001664;155 677 621;7;8;0;8;2;1
202300001665;155 677 620;7;3;0;3;0;1
202300001666;155 677 618;15;0;0;2;1;1
202300001666;155 677 619;7;0;2;2;13;1
202300001667;155 677 617;2;0;0;0;1;1
202300001668;155 677 615;7;0;1;1;1;1
202300001669;155 677 614;7;0;2;3;13;1
202300001669;155 677 616;7;0;2;3;1;1
202300001670;155 677 612;1;0;0;8;1;5
202300001670;155 677 613;7;0;2;1;15;1
202300001671;155 677 610;7;0;2;3;0;0
202300001671;155 677 611;10;0;2;3;0;1
202300001672;155 677 606;7;4;2;3;1;1
202300001672;155 677 607;7;6;2;3;1;1
202300001673;155 677 605;7;0;2;3;1;1
202300001673;155 677 608;7;0;2;5;15;1
202300001673;155 677 609;7;12;2;3;21;1
202300001674;155 677 603;7;3;0;9;1;1
202300001675;155 677 602;3;0;2;1;15;1
202300001675;155 677 604;7;0;2;3;1;1
202300001676;155 677 599;7;0;0;0;1;1
202300001676;155 677 600;33;0;0;0;21;1
202300001677;155 677 601;7;0;1;2;1;1
202300001678;155 677 597;10;0;0;2;1;1
202300001679;155 677 598;7;13;0;9;6;0
202300001680;155 677 596;7;13;0;2;14;1
202300001681;155 677 593;7;0;2;3;15;1
202300001681;155 677 595;2;0;2;1;1;1
202300001682;155 677 590;7;2;2;1;13;1
202300001682;155 677 591;7;0;2;3;1;1
202300001683;155 677 587;7;0;0;2;1;1
202300001684;155 677 588;7;0;2;1;2;1
202300001684;155 677 589;7;0;0;4;1;3
202300001685;155 677 584;7;0;2;1;13;1
202300001685;155 677 586;13;0;0;1;1;1
202300001686;155 677 583;31;0;2;7;1;0
202300001686;155 677 585;7;0;2;2;15;0
202300001687;155 677 581;15;0;2;4;26;1
202300001687;155 677 582;2;0;2;1;23;1
202300001688;155 677 579;7;0;2;2;17;1
202300001688;155 677 580;33;0;2;1;1;1
202300001689;155 677 576;10;0;2;1;1;0
202300001689;155 677 577;10;0;2;2;14;0
202300001690;155 677 575;7;0;2;1;1;1
202300001690;155 677 578;1;0;2;1;0;5
202300001691;155 677 574;17;3;0;0;1;1
202300001692;155 677 572;7;0;2;2;1;1
202300001692;155 677 573;7;0;2;3;1;1
202300001693;155 677 569;7;2;0;7;1;0
202300001694;155 677 570;7;13;2;3;1;1
202300001694;155 677 571;17;0;2;6;20;1
202300001695;155 677 568;10;0;1;1;1;1
202300001696;155 677 567;33;0;0;8;0;1
202300001697;155 677 565;7;8;2;1;1;1
202300001697;155 677 566;7;0;2;3;1;1
202300001698;155 677 563;7;3;0;9;0;1
202300001699;155 677 564;7;0;0;1;1;1
202300001700;155 677 561;7;0;1;3;1;1
202300001701;155 677 557;33;0;2;1;1;1
202300001701;155 677 560;10;0;2;8;9;1
202300001702;155 677 558;7;0;9;3;1;1
202300001702;155 677 559;10;8;2;9;16;1
202300001702;155 677 562;7;0;2;4;1;1
202300001703;155 677 555;10;0;1;4;4;1
202300001704;155 677 554;1;0;2;4;1;5
202300001704;155 677 556;7;0;2;2;1;1
202300001705;155 677 553;7;13;0;2;16;0
202300001706;155 677 548;7;0;2;3;1;1
202300001706;155 677 549;10;0;2;6;9;1
202300001706;155 677 551;7;0;0;3;23;1
202300001706;155 677 552;7;0;0;3;23;1
202300001707;155 677 547;7;0;2;1;13;1
202300001707;155 677 550;15;0;2;1;1;0
202300001708;155 677 546;7;13;0;2;1;1
202300001709;155 677 545;7;2;0;9;1;1
202300001710;155 677 542;7;0;2;1;13;1
202300001710;155 677 544;7;0;2;1;13;1
202300001711;155 677 541;7;0;2;3;0;1
202300001711;155 677 543;7;0;2;2;1;1
202300001712;155 677 540;7;0;1;2;1;1
202300001713;155 677 539;33;0;0;0;1;0
202300001714;155 677 537;7;0;2;1;2;1
202300001714;155 677 538;7;0;0;4;1;1
202300001715;155 677 535;7;0;2;5;2;1
202300001715;155 677 536;7;0;2;1;2;1
202300001716;155 677 533;7;0;2;1;12;0
202300001716;155 677 534;7;0;2;4;1;0
202300001717;155 677 530;7;0;2;1;21;1
202300001717;155 677 532;7;0;2;4;2;1
202300001718;155 677 529;10;0;2;1;14;1
202300001718;155 677 531;15;0;0;5;1;1
202300001719;155 677 528;7;13;0;2;14;1
202300001720;155 677 526;7;0;2;9;11;1
202300001720;155 677 527;7;0;2;2;1;1
202300001721;155 677 525;10;0;1;1;0;1
202300001722;155 677 522;99;0;2;1;2;1
202300001722;155 677 523;99;0;2;1;2;1
202300001722;155 677 524;99;0;2;4;2;1
202300001723;155 677 521;7;4;0;1;15;0
202300001724;155 677 519;10;0;0;6;10;1
202300001724;155 677 520;31;0;0;2;17;1
202300001725;155 677 516;7;0;2;4;2;1
202300001725;155 677 518;7;0;2;1;0;1
202300001726;155 677 513;32;0;2;3;1;1
202300001726;155 677 517;7;0;2;1;9;2
202300001727;155 677 512;10;0;2;4;1;1
202300001727;155 677 514;7;0;2;1;2;1
202300001727;155 677 515;31;1;2;1;3;1
202300001728;155 677 507;7;0;2;8;12;1
202300001728;155 677 508;43;0;2;0;0;1
202300001728;155 677 510;7;0;2;6;0;1
202300001729;155 677 504;2;0;0;8;26;1
202300001730;155 677 505;31;0;2;1;3;1
202300001730;155 677 506;7;0;2;0;11;0