Num_Acc;id_vehicule;categorie_vehicule;obstacle_fixe;obstacle_mobile;point_choc_initial;manoeuvre_principale;motorisation
202300002444;155 676 254;7;0;2;3;13;1
202300002444;155 676 257;13;0;2;3;1;1
202300002445;155 676 252;1;0;2;7;1;5
202300002445;155 676 255;7;0;2;3;9;0
202300002446;155 676 250;32;0;2;7;3;3
202300002446;155 676 251;33;0;2;1;1;1
202300002446;155 676 253;7;0;2;4;2;1
202300002447;155 676 247;1;0;2;1;25;5
202300002447;155 676 249;7;0;9;3;9;1
202300002448;155 676 245;33;0;2;1;3;1
202300002448;155 676 248;7;0;2;4;1;1
202300002449;155 676 244;7;0;2;1;1;1
202300002449;155 676 246;7;0;2;4;1;1
202300002450;155 676 240;43;0;2;1;1;1
202300002450;155 676 241;7;0;2;5;9;1
202300002451;155 676 239;7;4;0;2;1;1
202300002452;155 676 236;37;0;2;3;1;1
202300002452;155 676 238;7;0;2;1;9;1
202300002453;155 676 235;1;0;2;1;1;5
202300002453;155 676 237;7;0;2;2;15;1
202300002454;155 676 234;7;13;0;0;1;1
202300002455;155 676 232;7;6;0;3;20;1
202300002456;155 676 229;7;0;2;1;1;1
202300002456;155 676 230;15;0;2;4;1;1
202300002457;155 676 228;2;0;2;1;1;1
202300002457;155 676 231;37;0;2;2;10;1
202300002458;155 676 227;7;0;1;1;15;3
202300002459;155 676 225;7;13;0;7;0;1
202300002460;155 676 224;7;0;2;2;15;1
202300002460;155 676 226;1;0;2;1;1;5
202300002461;155 676 222;33;0;2;4;23;1
202300002461;155 676 223;7;0;2;1;2;1
202300002462;155 676 219;7;0;0;1;1;1
202300002462;155 676 221;10;0;0;1;1;1
202300002463;155 676 217;37;0;2;1;1;1
202300002463;155 676 220;7;0;0;0;1;1
202300002464;155 676 218;1;0;1;1;1;5
202300002465;155 676 215;33;0;2;1;1;1
202300002465;155 676 216;7;0;2;8;9;0
202300002466;155 676 213;10;0;1;3;1;1
202300002467;155 676 214;31;0;0;2;1;1
202300002468;155 676 209;15;0;2;2;17;1
202300002468;155 676 212;7;0;0;4;1;1
202300002469;155 676 211;7;8;0;3;14;1
202300002470;155 676 208;7;0;2;8;15;1
202300002470;155 676 210;30;0;2;1;1;1
202300002471;155 676 207;7;8;0;1;1;1
202300002472;155 676 205;10;0;2;1;0;0
202300002472;155 676 206;1;0;2;1;1;5
202300002473;155 676 201;7;0;2;1;1;1
202300002473;155 676 203;7;0;2;4;1;1
202300002473;155 676 204;7;0;2;4;1;1
202300002474;155 676 199;7;0;0;8;15;0
202300002474;155 676 202;7;0;0;2;17;0
202300002475;155 676 195;7;0;2;1;21;1
202300002475;155 676 198;7;0;2;3;23;1
202300002475;155 676 200;10;0;2;6;24;1
202300002476;155 676 194;7;0;2;2;1;1
202300002476;155 676 196;7;0;2;2;1;1
202300002477;155 676 193;7;0;2;4;2;1
202300002477;155 676 197;7;0;2;1;2;1
202300002478;155 676 191;7;0;1;1;15;0
202300002479;155 676 189;7;0;2;1;2;1
202300002479;155 676 192;7;0;2;5;2;1
202300002480;155 676 188;10;13;2;5;9;1
202300002480;155 676 190;7;9;2;1;1;1
202300002481;155 676 184;7;0;2;5;1;1
202300002481;155 676 186;7;1;0;4;4;1
202300002481;155 676 187;7;1;0;5;24;1
202300002482;155 676 183;7;0;2;1;2;1
202300002482;155 676 185;7;0;2;4;2;1
202300002483;155 676 182;7;13;0;9;1;0
202300002484;155 676 177;7;0;2;1;1;1
202300002484;155 676 180;7;0;2;4;1;1
202300002484;155 676 181;7;0;2;4;23;2
202300002485;155 676 179;7;0;1;3;19;2
202300002486;155 676 174;7;0;1;3;15;0
202300002487;155 676 173;7;6;0;5;1;1
202300002488;155 676 172;7;0;2;3;15;1
202300002488;155 676 175;33;0;2;2;21;1
202300002489;155 676 168;7;0;1;4;4;1
202300002490;155 676 167;7;0;2;2;16;1
202300002490;155 676 170;50;0;2;1;1;3
202300002491;155 676 169;7;0;2;3;1;1
202300002491;155 676 171;50;0;2;0;19;3
202300002492;155 676 165;7;9;0;1;1;1
202300002493;155 676 166;10;0;1;2;26;1
202300002494;155 676 163;50;0;2;8;19;3
202300002494;155 676 164;7;0;9;1;15;1
202300002495;155 676 158;7;0;2;0;1;1
202300002495;155 676 160;7;0;2;0;1;1
202300002495;155 676 161;7;0;2;0;1;1
202300002496;155 676 157;7;0;1;1;15;1
202300002497;155 676 154;7;0;2;2;15;1
202300002497;155 676 156;33;0;2;8;1;1
202300002498;155 676 153;7;0;1;1;9;3
202300002499;155 676 150;7;0;2;4;2;1
202300002499;155 676 152;7;0;2;3;2;1
202300002499;155 676 155;7;0;2;8;1;1
202300002500;155 676 149;10;0;2;3;2;1
202300002500;155 676 151;14;0;0;5;23;1
202300002501;155 676 148;7;0;1;2;16;1
202300002502;155 676 146;13;0;0;8;24;1
202300002502;155 676 147;13;1;0;5;17;1
202300002503;155 676 144;7;0;2;1;13;0
202300002503;155 676 145;7;0;2;1;21;0
202300002504;155 676 141;7;0;2;6;0;1
202300002504;155 676 143;14;0;2;0;0;1
202300002505;155 676 138;7;0;2;1;2;3
202300002505;155 676 140;7;0;2;4;2;1
202300002506;155 676 139;7;0;2;3;11;1
202300002506;155 676 142;33;0;2;5;3;1
202300002507;155 676 136;7;4;0;1;1;1
202300002508;155 676 134;7;0;2;1;15;1
202300002508;155 676 137;1;0;2;7;1;5
202300002509;155 676 133;7;0;2;2;12;1
202300002509;155 676 135;31;0;2;8;3;1
202300002510;155 676 131;80;0;1;1;1;3
202300002511;155 676 132;37;0;1;2;1;1
202300002512;155 676 129;7;0;2;8;1;0
202300002512;155 676 130;7;11;2;2;1;0
202300002513;155 676 128;10;0;1;1;1;1
202300002514;155 676 125;7;0;2;7;16;1
202300002514;155 676 127;1;0;2;0;0;5
202300002515;155 676 124;33;14;0;1;1;1
202300002516;155 676 123;2;0;2;3;2;1
202300002516;155 676 126;7;0;2;6;1;0
202300002517;155 676 121;7;6;0;1;14;0
202300002518;155 676 122;32;0;1;1;1;1
202300002519;155 676 118;7;0;1;1;1;1
202300002519;155 676 120;43;0;2;1;1;1
202300002520;155 676 117;1;16;2;3;0;0
202300002520;155 676 119;7;0;2;2;16;1
202300002521;155 676 115;33;0;2;2;1;1
202300002521;155 676 116;10;0;2;8;19;1
202300002522;155 676 113;50;14;0;0;1;3
202300002523;155 676 111;7;0;2;1;5;1
202300002523;155 676 112;7;0;2;1;5;1
202300002523;155 676 114;7;0;2;1;5;1
202300002524;155 676 110;7;0;1;1;1;1
202300002525;155 676 107;7;0;2;3;1;1
202300002525;155 676 109;43;0;2;3;7;1
202300002526;155 676 106;7;0;2;0;5;0
202300002526;155 676 108;2;0;2;0;1;3
202300002527;155 676 104;7;0;2;3;0;1
202300002527;155 676 105;30;0;2;3;1;3
202300002528;155 676 103;1;0;1;1;1;5
202300002529;155 676 102;7;0;1;2;17;1
202300002530;155 676 100;7;0;1;3;15;1
202300002531;155 676 098;7;0;2;2;15;1
202300002531;155 676 101;2;0;2;1;17;3
202300002532;155 676 099;7;0;1;2;1;1
202300002533;155 676 095;43;0;2;2;21;1
202300002534;155 676 094;7;0;2;1;1;1
202300002534;155 676 097;7;0;2;1;5;1
202300002535;155 676 093;32;0;2;1;1;0
202300002535;155 676 096;7;0;2;3;15;0
202300002536;155 676 091;80;0;2;1;21;3
202300002536;155 676 092;10;0;2;3;10;1
202300002537;155 676 088;7;0;2;3;1;1
202300002537;155 676 090;33;0;2;1;17;1
202300002538;155 676 087;7;0;2;2;15;1
202300002538;155 676 089;2;0;2;3;1;1
202300002539;155 676 085;1;0;2;4;1;5
202300002539;155 676 086;1;0;2;1;1;5
202300002540;155 676 083;7;0;1;3;26;1
202300002541;155 676 084;30;0;0;3;2;6
202300002542;155 676 082;7;2;0;8;1;1
202300002543;155 676 078;34;0;2;1;16;1
202300002543;155 676 080;7;0;2;2;15;1
202300002544;155 676 077;33;0;2;1;21;1
202300002544;155 676 079;10;0;2;3;1;1
202300002544;155 676 081;33;0;2;1;13;1
202300002545;155 676 073;7;0;2;1;21;1
202300002545;155 676 074;7;0;2;4;0;1
202300002546;155 676 071;7;0;2;2;1;1
202300002546;155 676 072;7;0;2;5;1;1
202300002546;155 676 075;7;0;2;3;24;1
202300002546;155 676 076;7;1;0;1;0;1
202300002547;155 676 070;30;0;2;4;2;3
202300002548;155 676 065;43;0;2;1;13;1
202300002548;155 676 067;7;0;2;2;15;1
202300002549;155 676 063;36;0;2;3;0;6
202300002549;155 676 064;36;0;2;6;0;6
202300002549;155 676 066;36;0;0;0;1;6
202300002549;155 676 068;10;0;0;2;1;6
202300002549;155 676 069;7;0;2;9;5;0
202300002550;155 676 058;10;2;0;2;13;0
202300002551;155 676 059;1;1;0;0;1;5
202300002551;155 676 060;7;0;2;5;1;1
202300002552;155 676 055;7;0;2;3;15;0
202300002552;155 676 057;7;0;2;1;1;0
202300002553;155 676 054;7;0;2;2;1;1
202300002553;155 676 056;7;0;2;3;19;1
202300002554;155 676 053;7;0;1;1;1;0
202300002555;155 676 052;7;0;1;3;1;1
202300002556;155 676 049;30;0;2;1;1;0
202300002556;155 676 051;7;0;2;6;15;0
202300002557;155 676 048;7;0;2;3;13;1
202300002557;155 676 050;7;0;2;3;0;1
202300002558;155 676 047;7;0;1;3;16;0
202300002559;155 676 043;7;0;2;2;15;1
202300002559;155 676 045;30;0;2;1;1;1
202300002560;155 676 044;7;0;2;6;13;1
202300002560;155 676 046;7;0;2;8;1;1
202300002561;155 676 041;2;0;0;7;1;1
202300002562;155 676 040;7;0;2;7;15;1
202300002562;155 676 042;2;0;2;2;1;1
202300002563;155 676 038;7;0;1;1;1;4
202300002564;155 676 037;7;8;1;7;2;1
202300002564;155 676 039;7;12;2;1;1;1
202300002565;155 676 036;33;13;0;0;2;1
202300002566;155 676 034;7;5;2;2;13;1
202300002566;155 676 035;7;0;2;2;1;1
202300002567;155 676 031;7;0;2;8;1;1
202300002567;155 676 033;7;0;2;8;9;1
202300002568;155 676 030;7;0;2;2;15;1
202300002568;155 676 032;2;0;2;1;1;1
202300002569;155 676 028;7;0;1;1;1;1
202300002570;155 676 027;1;0;2;7;26;5
202300002570;155 676 029;7;0;2;3;0;1
202300002571;155 676 025;50;1;0;1;1;3
202300002572;155 676 024;7;4;2;3;14;1
202300002572;155 676 026;7;4;2;3;15;1
202300002573;155 676 022;7;1;;1;1;1
202300002573;155 676 023;7;0;;4;24;1
202300002574;155 676 021;7;0;1;2;1;1
202300002575;155 676 019;33;0;2;1;1;1
202300002575;155 676 020;7;0;2;3;15;1
202300002576;155 676 016;7;0;1;3;1;1
202300002577;155 676 017;10;0;2;3;13;1
202300002577;155 676 018;15;0;2;3;1;1
202300002578;155 676 015;7;0;1;2;1;1
202300002579;155 676 013;7;1;0;1;26;1
202300002580;155 676 010;7;0;2;1;1;1
202300002580;155 676 012;7;0;2;1;16;1
202300002581;155 676 011;7;0;2;8;1;1
202300002581;155 676 014;7;0;2;1;1;1
202300002582;155 676 008;7;1;0;3;5;1
202300002583;155 676 006;1;12;0;7;26;5
202300002584;155 676 005;7;0;1;3;1;1
202300002585;155 676 004;7;2;0;1;14;1
202300002586;155 676 000;7;0;2;1;1;1
202300002586;155 676 003;7;0;2;3;15;1
202300002587;155 675 998;2;0;0;1;2;1
202300002587;155 676 001;38;0;0;4;1;1
202300002588;155 675 994;7;0;2;4;15;1
202300002588;155 675 996;7;5;2;1;1;1
202300002589;155 675 995;50;0;2;6;1;3
202300002589;155 675 997;7;0;2;1;26;1
202300002590;155 675 992;3;15;2;3;13;1
202300002590;155 675 993;7;15;2;2;1;1
202300002591;155 675 989;7;0;1;1;1;1
202300002592;155 675 988;2;0;2;1;0;1
202300002592;155 675 991;7;0;2;8;1;1
202300002593;155 675 987;7;0;2;1;1;1
202300002593;155 675 990;7;0;2;1;13;1
202300002594;155 675 985;3;0;0;9;15;1
202300002595;155 675 984;7;0;2;2;1;1
202300002595;155 675 986;7;0;2;3;9;1
202300002596;155 675 983;33;0;0;0;0;0
202300002597;155 675 981;33;0;1;0;1;0
202300002598;155 675 982;7;0;1;1;1;1
202300002599;155 675 980;34;0;1;1;1;1
202300002600;155 675 979;50;1;0;1;1;3
202300002601;155 675 977;1;0;2;1;1;5
202300002601;155 675 978;7;0;2;5;15;1
202300002602;155 675 973;7;1;0;1;1;2
202300002602;155 675 976;7;0;2;2;9;0
202300002603;155 675 974;7;0;2;3;0;1
202300002603;155 675 975;7;1;2;1;9;1
202300002604;155 675 972;10;0;1;7;16;1
202300002605;155 675 970;7;0;1;2;1;1
202300002606;155 675 968;32;0;2;3;10;1
202300002606;155 675 971;7;0;2;2;1;1
202300002607;155 675 967;7;0;9;6;1;1
202300002607;155 675 969;7;3;2;1;17;1
202300002608;155 675 964;7;6;0;1;1;1
202300002609;155 675 963;7;0;2;5;16;1
202300002609;155 675 966;1;0;2;0;0;5
202300002610;155 675 962;7;0;2;4;2;1
202300002610;155 675 965;10;0;2;2;2;1
202300002611;155 675 959;30;0;1;1;0;1
202300002612;155 675 958;7;0;1;1;15;1
202300002613;155 675 955;7;0;0;1;2;0
202300002613;155 675 956;33;0;0;4;2;1
202300002614;155 675 954;33;0;0;8;1;1
202300002615;155 675 953;30;0;0;0;9;1
202300002616;155 675 952;10;3;9;2;2;2
202300002617;155 675 950;7;0;2;4;0;0
202300002617;155 675 951;10;0;2;1;1;1
202300002618;155 675 948;33;0;0;7;21;1
202300002619;155 675 947;7;0;2;6;1;1
202300002619;155 675 949;2;0;2;1;1;1
202300002620;155 675 943;7;0;2;2;12;1
202300002620;155 675 945;7;0;2;6;2;2
202300002621;155 675 942;7;0;2;3;15;1
202300002621;155 675 946;34;0;2;7;15;0
202300002622;155 675 941;7;0;2;3;1;1
202300002622;155 675 944;7;0;2;6;1;1
202300002623;155 675 939;32;12;0;1;13;1
202300002624;155 675 938;7;0;2;3;1;1
202300002624;155 675 940;7;0;2;3;1;1
202300002625;155 675 936;7;0;2;4;23;1
202300002625;155 675 937;7;0;2;1;2;1
202300002626;155 675 934;10;0;2;6;24;1
202300002626;155 675 935;43;0;2;3;17;1
202300002627;155 675 931;7;4;2;2;17;1
202300002627;155 675 933;17;0;0;6;1;6
202300002628;155 675 930;10;0;1;4;4;1
202300002629;155 675 929;33;0;2;3;1;1
202300002629;155 675 932;7;0;2;1;15;1
202300002630;155 675 928;7;0;1;1;1;2
202300002631;155 675 927;50;0;1;1;0;3
202300002632;155 675 926;7;0;1;1;1;1
202300002633;155 675 924;14;0;1;3;1;1
202300002634;155 675 922;3;5;0;0;1;1
202300002635;155 675 921;7;0;2;6;15;0
202300002635;155 675 925;33;0;2;1;1;1
202300002636;155 675 920;80;0;2;8;15;3
202300002636;155 675 923;2;0;2;0;17;1
202300002637;155 675 918;7;1;0;2;14;1
202300002638;155 675 919;7;0;1;1;1;1
202300002639;155 675 917;7;0;1;2;1;0
202300002640;155 675 915;7;2;0;1;14;1
202300002641;155 675 914;7;0;2;1;9;1
202300002641;155 675 916;31;0;2;8;1;3
202300002642;155 675 912;7;0;2;1;1;1
202300002642;155 675 913;7;0;2;1;17;1
202300002643;155 675 909;31;0;2;3;1;1
202300002643;155 675 911;7;0;2;0;15;0
202300002644;155 675 907;7;0;2;5;19;1
202300002644;155 675 910;33;0;2;1;1;1
202300002645;155 675 906;7;3;0;4;2;1
202300002645;155 675 908;7;3;2;1;2;1
202300002646;155 675 904;7;0;1;2;1;1
202300002647;155 675 903;7;0;1;3;26;1
202300002648;155 675 901;10;0;1;1;1;1
202300002649;155 675 900;1;0;2;7;25;5
202300002649;155 675 902;7;0;9;2;26;1
202300002650;155 675 899;7;2;0;2;1;2
202300002651;155 675 896;7;0;2;8;10;1
202300002651;155 675 898;33;0;2;1;1;1
202300002652;155 675 895;7;0;2;3;2;1
202300002652;155 675 897;30;1;2;2;21;1
202300002653;155 675 892;10;0;2;7;15;1
202300002653;155 675 893;50;0;2;1;1;3
202300002654;155 675 891;2;0;2;1;1;1
202300002654;155 675 894;7;0;2;2;19;1
202300002655;155 675 889;80;1;0;1;1;3
202300002655;155 675 890;10;0;2;8;22;1
202300002656;155 675 887;7;2;0;1;1;0
202300002657;155 675 886;50;0;2;3;1;3
202300002657;155 675 888;7;0;2;2;16;1
202300002658;155 675 885;1;8;0;2;14;5
202300002659;155 675 882;7;0;2;3;23;1
202300002659;155 675 884;1;1;0;1;0;5
202300002660;155 675 881;7;0;1;8;15;2
202300002661;155 675 879;1;0;2;6;13;5
202300002661;155 675 880;33;0;2;1;2;1
202300002662;155 675 876;7;0;2;3;15;1
202300002662;155 675 878;2;0;2;1;13;1
202300002663;155 675 875;34;0;2;4;1;1
202300002663;155 675 877;7;0;2;0;1;0
202300002664;155 675 874;33;3;0;3;13;1
202300002665;155 675 872;33;3;0;0;1;1
202300002666;155 675 870;7;12;0;2;14;1
202300002667;155 675 871;7;0;2;2;1;2
202300002667;155 675 873;1;0;2;4;9;5
202300002668;155 675 864;1;0;2;1;1;5
202300002668;155 675 866;80;0;2;3;9;3
202300002669;155 675 867;3;6;0;1;16;1
202300002670;155 675 863;7;0;2;6;9;1
202300002670;155 675 865;15;0;2;2;1;1
202300002670;155 675 868;10;3;2;2;1;1
202300002670;155 675 869;7;0;2;1;1;1
202300002671;155 675 860;1;0;2;3;2;5
202300002671;155 675 862;30;0;2;2;2;3
202300002672;155 675 859;7;0;2;3;1;1
202300002672;155 675 861;10;0;2;3;13;3
202300002673;155 675 855;34;0;2;1;1;1
202300002673;155 675 857;7;0;2;7;9;1
202300002674;155 675 853;7;3;0;4;2;2
202300002674;155 675 856;7;0;0;1;2;1
202300002674;155 675 858;7;0;0;0;2;1
202300002675;155 675 850;34;12;0;0;6;1
202300002676;155 675 851;7;0;2;1;1;1
202300002676;155 675 852;1;0;2;8;1;5
202300002677;155 675 848;1;0;1;1;1;5
202300002678;155 675 847;7;0;1;1;12;1
202300002679;155 675 844;7;0;2;4;0;0
202300002679;155 675 846;7;0;2;1;0;1
202300002680;155 675 842;7;0;2;3;17;1
202300002680;155 675 845;7;0;2;3;1;3
202300002681;155 675 838;10;0;2;0;0;1
202300002681;155 675 840;33;0;2;7;26;1
202300002682;155 675 839;10;0;2;1;2;3
202300002682;155 675 841;7;0;2;4;2;1
202300002682;155 675 843;7;0;2;4;23;1
202300002683;155 675 836;1;0;0;7;15;5
202300002683;155 675 837;10;0;2;8;19;1
202300002684;155 675 834;7;2;0;3;2;1
202300002685;155 675 832;33;0;2;1;1;1
202300002685;155 675 835;7;0;2;6;1;1
202300002686;155 675 829;7;0;0;1;13;1
202300002686;155 675 831;7;0;2;1;1;1
202300002687;155 675 830;7;0;0;4;0;1
202300002687;155 675 833;15;0;2;2;11;1
202300002688;155 675 827;7;0;2;1;1;1
202300002688;155 675 828;7;0;2;9;1;1
202300002689;155 675 826;7;0;0;0;1;1
202300002690;155 675 820;7;0;2;9;1;1
202300002690;155 675 821;7;0;0;4;1;1
202300002690;155 675 824;7;0;2;1;1;1
202300002691;155 675 818;7;0;2;1;1;1
202300002691;155 675 822;7;0;2;8;1;1
202300002692;155 675 819;7;0;0;3;2;1
202300002692;155 675 823;7;0;2;3;0;1
202300002692;155 675 825;33;0;2;1;13;0
202300002693;155 675 815;10;0;2;0;0;1
202300002693;155 675 817;30;0;2;0;0;1
202300002694;155 675 813;7;0;2;8;9;1
202300002694;155 675 816;33;0;2;7;1;1
202300002695;155 675 814;7;1;0;6;0;0
202300002696;155 675 812;1;1;0;0;1;5
202300002697;155 675 811;2;14;0;0;9;1
202300002698;155 675 807;7;0;2;4;23;1
202300002698;155 675 809;30;0;2;1;1;1
202300002699;155 675 805;37;0;2;7;0;1
202300002699;155 675 808;30;0;2;0;1;1
202300002700;155 675 806;32;0;2;1;1;1
202300002700;155 675 810;7;0;2;6;15;1
202300002701;155 675 802;3;0;2;3;15;1
202300002701;155 675 803;33;0;2;1;1;1
202300002702;155 675 801;7;0;2;7;1;1
202300002702;155 675 804;1;0;2;8;1;5
202300002703;155 675 799;7;0;2;4;23;1
202300002703;155 675 800;7;0;2;1;2;1
202300002704;155 675 796;43;12;0;0;0;1
202300002705;155 675 795;7;0;2;4;2;1
202300002705;155 675 797;7;0;2;4;2;1
202300002705;155 675 798;7;0;2;4;1;1
202300002706;155 675 793;33;3;0;0;1;1
202300002707;155 675 791;31;0;2;1;13;0
202300002707;155 675 794;7;0;2;3;1;0
202300002708;155 675 790;10;0;2;6;4;1
202300002708;155 675 792;7;0;2;2;1;0
202300002709;155 675 787;7;0;2;0;0;1
202300002709;155 675 789;1;0;2;0;0;5
202300002710;155 675 785;50;0;2;1;25;3
202300002710;155 675 788;31;0;2;2;16;1
202300002711;155 675 782;7;0;2;0;0;1
202300002711;155 675 783;33;0;2;0;0;1
202300002712;155 675 780;33;0;2;1;0;0
202300002712;155 675 784;7;1;2;4;0;0
202300002712;155 675 786;30;0;2;4;0;1
202300002713;155 675 779;1;0;2;1;26;5
202300002713;155 675 781;7;0;2;6;0;1
202300002714;155 675 776;10;0;2;0;0;1
202300002714;155 675 777;32;0;2;0;0;1
202300002715;155 675 773;10;0;2;1;2;0
202300002715;155 675 775;7;0;2;4;2;1
202300002716;155 675 772;7;0;2;1;1;1
202300002716;155 675 774;7;0;2;4;1;1
202300002716;155 675 778;7;0;2;4;1;1
202300002717;155 675 770;7;0;1;2;2;1
202300002718;155 675 768;30;0;2;1;2;1
202300002718;155 675 769;7;0;2;4;16;1
202300002719;155 675 767;7;0;2;7;15;1
202300002719;155 675 771;7;0;2;2;1;1
202300002720;155 675 762;7;0;2;1;2;1
202300002720;155 675 764;33;0;2;4;2;1
202300002721;155 675 761;7;0;2;1;1;1
202300002721;155 675 765;7;0;2;1;19;1
202300002722;155 675 760;33;0;2;7;2;1
202300002722;155 675 763;7;0;2;3;2;1
202300002722;155 675 766;7;0;2;3;5;1
202300002723;155 675 757;7;0;2;3;22;1
202300002723;155 675 759;1;0;2;1;1;5
202300002724;155 675 756;7;0;2;3;15;1
202300002724;155 675 758;2;0;2;3;1;1
202300002725;155 675 754;14;0;2;1;1;6
202300002725;155 675 755;33;0;2;4;1;1
202300002726;155 675 751;1;0;2;0;15;5
202300002726;155 675 752;33;0;2;1;1;1
202300002727;155 675 750;32;0;2;0;0;3
202300002727;155 675 753;60;0;2;0;0;3
202300002728;155 675 747;7;0;1;1;1;1
202300002729;155 675 746;7;0;2;3;15;1
202300002729;155 675 749;34;0;2;1;0;1
202300002730;155 675 745;7;0;2;3;25;1
202300002730;155 675 748;50;0;2;1;1;3
202300002731;155 675 741;7;0;2;0;0;1
202300002731;155 675 743;1;0;2;0;1;5
202300002732;155 675 740;1;1;0;1;2;5
202300002732;155 675 744;13;1;0;8;22;1
202300002733;155 675 739;1;0;2;8;1;5
202300002733;155 675 742;7;0;2;1;1;0
202300002734;155 675 738;10;8;0;3;1;1
202300002735;155 675 736;34;0;1;1;1;1
202300002736;155 675 735;32;0;2;1;7;1
202300002736;155 675 737;7;0;2;2;16;1
202300002737;155 675 734;30;0;0;0;1;1
202300002738;155 675 733;10;0;1;1;1;1
202300002739;155 675 728;7;0;2;3;22;1
202300002739;155 675 729;1;0;2;1;1;5
202300002740;155 675 731;1;0;1;0;0;5
202300002741;155 675 730;7;0;2;3;10;1
202300002741;155 675 732;32;0;2;2;17;1
202300002742;155 675 725;33;1;2;1;1;1
202300002742;155 675 727;7;0;0;2;9;1
202300002743;155 675 724;7;0;2;1;1;1
202300002743;155 675 726;7;0;2;4;23;1
202300002744;155 675 720;7;0;0;9;0;1
202300002744;155 675 722;2;0;0;0;9;0
202300002745;155 675 719;7;0;2;2;1;1
202300002745;155 675 721;7;0;2;3;24;1
202300002745;155 675 723;7;0;2;3;9;1
202300002746;155 675 718;7;0;1;1;1;1
202300002747;155 675 716;7;0;0;1;1;0
202300002747;155 675 717;7;0;0;1;1;0
202300002748;155 675 715;7;8;0;1;15;1
202300002749;155 675 711;7;0;2;1;15;0
202300002749;155 675 712;33;6;2;1;1;1
202300002750;155 675 713;50;0;2;8;1;3
202300002750;155 675 714;7;0;2;8;22;1
202300002751;155 675 706;10;0;2;5;4;0
202300002751;155 675 710;7;0;2;2;1;0
202300002752;155 675 707;7;0;2;1;1;1
202300002752;155 675 708;10;0;2;4;1;1
202300002753;155 675 705;7;0;2;3;22;1
202300002753;155 675 709;30;1;0;3;1;1
202300002754;155 675 703;7;0;2;4;1;1
202300002754;155 675 704;10;0;2;1;2;1
202300002755;155 675 700;7;0;1;4;4;1
202300002756;155 675 699;34;0;1;0;21;1
202300002757;155 675 701;50;0;2;2;26;3
202300002757;155 675 702;7;0;2;1;1;1
202300002758;155 675 698;7;0;1;3;1;2
202300002759;155 675 695;34;0;2;0;1;1
202300002759;155 675 697;7;0;2;0;23;1
202300002760;155 675 696;30;0;0;7;0;1
202300002761;155 675 694;7;0;1;1;1;1
202300002762;155 675 692;7;0;1;1;1;1
202300002763;155 675 691;7;0;2;7;1;1
202300002763;155 675 693;7;0;2;1;1;3
202300002764;155 675 690;7;0;1;2;0;1
202300002765;155 675 689;1;0;0;0;21;5
202300002766;155 675 688;32;0;1;1;1;1
202300002767;155 675 687;7;0;1;0;1;1
202300002768;155 675 683;30;0;0;0;0;1
202300002769;155 675 684;7;1;1;2;1;0
202300002770;155 675 685;7;0;2;2;17;1
202300002770;155 675 686;50;0;2;1;11;3
202300002771;155 675 681;7;0;1;1;1;1
202300002772;155 675 680;30;0;2;3;15;1
202300002772;155 675 682;7;0;2;5;1;1
202300002773;155 675 677;7;0;2;0;1;1
202300002773;155 675 678;60;0;2;0;1;5
202300002774;155 675 674;1;0;0;0;21;5
202300002775;155 675 676;7;0;2;3;2;2
202300002775;155 675 679;50;0;2;0;0;3
202300002776;155 675 672;7;0;1;1;1;1
202300002777;155 675 673;7;0;2;4;1;1
202300002777;155 675 675;7;0;2;1;2;1
202300002778;155 675 668;37;0;2;1;2;1
202300002778;155 675 671;15;0;2;5;1;1
202300002779;155 675 670;10;0;1;4;4;1
202300002780;155 675 665;7;0;2;8;1;1
202300002780;155 675 666;80;0;2;1;15;3
202300002781;155 675 667;7;1;0;2;1;1
202300002781;155 675 669;7;0;2;6;24;1
202300002782;155 675 662;33;2;0;3;15;1
202300002783;155 675 661;60;0;2;7;15;5
202300002783;155 675 664;7;0;2;8;26;
202300002784;155 675 663;7;0;1;2;1;1
202300002785;155 675 657;7;0;2;2;15;1
202300002785;155 675 660;7;0;2;3;1;1
202300002786;155 675 656;7;0;2;3;15;1
202300002786;155 675 658;32;0;2;5;1;1
202300002787;155 675 654;60;0;0;0;0;5
202300002788;155 675 655;60;0;2;1;0;5
202300002788;155 675 659;7;0;2;2;1;1
202300002789;155 675 652;10;1;2;7;12;1
202300002789;155 675 653;31;0;2;8;3;1
202300002790;155 675 649;7;0;2;4;0;1
202300002790;155 675 651;10;0;2;1;2;1
202300002791;155 675 647;7;0;2;0;0;1
202300002791;155 675 650;60;0;2;7;1;5
202300002792;155 675 643;15;0;2;2;19;1
202300002792;155 675 646;7;0;2;6;1;1
202300002793;155 675 644;7;0;2;1;1;1
202300002793;155 675 645;80;0;2;0;1;3
202300002794;155 675 642;30;0;2;1;1;1
202300002794;155 675 648;7;0;2;8;1;0
202300002795;155 675 640;7;0;2;3;1;1
202300002795;155 675 641;32;0;2;7;1;0
202300002796;155 675 638;7;0;2;1;1;1
202300002796;155 675 639;7;0;2;4;1;1
202300002797;155 675 634;7;0;2;0;26;1
202300002797;155 675 635;42;0;2;0;1;1
202300002798;155 675 637;7;0;1;3;2;1