Num_Acc;id_vehicule;categorie_vehicule;obstacle_fixe;obstacle_mobile;point_choc_initial;manoeuvre_principale;motorisation
202300002799;155 675 630;33;0;2;1;2;1
202300002799;155 675 632;7;0;0;5;2;1
202300002800;155 675 633;7;0;2;3;9;0
202300002800;155 675 636;10;0;2;2;1;0
202300002801;155 675 629;7;0;2;3;15;1
202300002801;155 675 631;31;0;2;1;17;1
202300002802;155 675 628;7;0;1;2;1;1
202300002803;155 675 625;50;0;1;2;1;3
202300002804;155 675 624;7;0;2;7;1;1
202300002804;155 675 627;7;0;2;8;1;1
202300002805;155 675 626;7;1;1;1;13;1
202300002806;155 675 621;7;5;0;1;16;1
202300002807;155 675 622;7;0;2;1;1;1
202300002807;155 675 623;50;0;2;2;1;3
202300002808;155 675 618;7;0;9;0;0;0
202300002809;155 675 619;10;0;2;3;15;0
202300002809;155 675 620;43;0;2;1;17;0
202300002810;155 675 616;7;0;2;3;15;1
202300002810;155 675 617;33;1;2;6;1;1
202300002811;155 675 614;7;0;2;3;13;1
202300002811;155 675 615;7;0;2;3;1;1
202300002812;155 675 611;7;0;1;1;26;1
202300002813;155 675 610;7;0;2;3;15;0
202300002813;155 675 613;33;0;2;7;1;0
202300002814;155 675 609;7;0;2;1;13;1
202300002814;155 675 612;7;0;2;1;1;2
202300002815;155 675 607;7;0;1;1;15;1
202300002816;155 675 606;33;0;2;1;15;1
202300002816;155 675 608;37;0;2;3;1;2
202300002817;155 675 604;7;0;1;3;9;1
202300002818;155 675 603;33;0;2;2;2;1
202300002818;155 675 605;7;0;2;6;2;1
202300002819;155 675 601;10;0;0;7;14;1
202300002820;155 675 600;2;0;2;5;15;1
202300002820;155 675 602;7;0;2;2;2;1
202300002821;155 675 599;7;0;1;1;1;1
202300002822;155 675 596;1;0;2;1;1;5
202300002822;155 675 597;7;0;2;3;20;1
202300002823;155 675 595;33;0;0;1;0;0
202300002824;155 675 594;7;0;2;2;15;1
202300002824;155 675 598;30;0;2;3;1;1
202300002825;155 675 587;7;0;2;0;14;3
202300002825;155 675 588;7;3;2;6;23;1
202300002825;155 675 591;7;0;2;4;23;1
202300002825;155 675 593;7;0;2;4;23;1
202300002826;155 675 589;32;0;2;1;1;1
202300002826;155 675 590;17;0;2;7;12;1
202300002826;155 675 592;7;0;2;8;16;1
202300002827;155 675 584;7;0;0;3;15;1
202300002827;155 675 586;7;0;2;1;1;1
202300002828;155 675 583;7;0;2;4;1;1
202300002828;155 675 585;7;0;2;1;1;1
202300002829;155 675 582;34;0;1;1;3;1
202300002830;155 675 579;7;0;2;2;1;1
202300002830;155 675 581;7;0;2;1;23;1
202300002831;155 675 576;7;0;2;1;2;1
202300002831;155 675 577;7;0;2;4;2;1
202300002831;155 675 578;7;0;2;4;2;1
202300002831;155 675 580;7;0;2;4;2;1
202300002832;155 675 574;7;0;2;1;1;1
202300002832;155 675 575;7;0;2;7;13;1
202300002833;155 675 573;7;0;1;1;15;1
202300002834;155 675 571;7;0;1;2;1;1
202300002835;155 675 570;7;0;2;3;1;1
202300002835;155 675 572;7;0;2;3;1;1
202300002836;155 675 569;7;0;1;1;1;1
202300002837;155 675 563;7;0;2;0;1;1
202300002837;155 675 565;37;0;2;0;1;1
202300002838;155 675 566;7;0;2;1;9;1
202300002838;155 675 568;7;0;0;5;1;1
202300002839;155 675 564;7;0;2;4;23;1
202300002839;155 675 567;7;0;2;1;2;1
202300002840;155 675 561;7;0;2;3;1;1
202300002840;155 675 562;7;0;2;2;1;1
202300002841;155 675 559;7;0;9;8;16;1
202300002841;155 675 560;1;0;2;8;1;5
202300002842;155 675 558;7;0;1;1;1;1
202300002843;155 675 555;7;0;2;2;16;1
202300002843;155 675 557;50;0;2;1;25;3
202300002844;155 675 552;7;0;2;3;15;1
202300002844;155 675 554;30;0;2;2;17;1
202300002845;155 675 553;7;0;2;1;9;1
202300002845;155 675 556;33;0;2;8;17;1
202300002846;155 675 551;60;0;0;0;0;5
202300002847;155 675 547;60;1;0;1;1;5
202300002847;155 675 549;7;0;2;8;22;1
202300002848;155 675 548;7;0;1;6;20;1
202300002849;155 675 543;7;0;2;2;15;1
202300002849;155 675 545;60;0;2;1;1;5
202300002850;155 675 546;7;0;9;8;1;1
202300002850;155 675 550;60;0;2;8;0;5
202300002851;155 675 542;7;0;2;2;1;1
202300002851;155 675 544;10;0;2;3;1;1
202300002852;155 675 540;80;0;2;0;0;3
202300002852;155 675 541;7;0;2;0;0;1
202300002853;155 675 536;7;0;2;0;1;1
202300002853;155 675 537;1;0;2;0;0;5
202300002854;155 675 535;7;0;2;2;1;1
202300002854;155 675 539;14;0;2;3;1;1
202300002855;155 675 532;7;0;2;4;1;2
202300002855;155 675 534;7;0;2;1;3;1
202300002856;155 675 533;7;0;9;8;2;1
202300002856;155 675 538;1;0;2;1;16;5
202300002857;155 675 531;2;0;0;9;1;1
202300002858;155 675 528;2;0;0;1;1;1
202300002859;155 675 526;7;0;2;2;1;1
202300002859;155 675 527;10;0;2;1;1;1
202300002859;155 675 529;7;0;2;8;1;2
202300002859;155 675 530;10;0;2;2;5;1
202300002860;155 675 525;50;0;1;1;1;3
202300002861;155 675 522;7;0;2;1;11;1
202300002861;155 675 523;7;0;2;5;23;2
202300002862;155 675 519;7;8;0;3;13;1
202300002863;155 675 521;7;0;2;1;1;1
202300002863;155 675 524;7;0;2;7;;1
202300002864;155 675 515;2;13;0;1;0;0
202300002865;155 675 517;7;0;2;3;2;0
202300002865;155 675 520;7;0;2;2;2;1
202300002866;155 675 514;7;0;2;7;2;1
202300002866;155 675 516;7;0;2;5;2;1
202300002866;155 675 518;7;0;2;9;0;1
202300002867;155 675 512;7;0;9;7;0;1
202300002867;155 675 513;17;6;2;7;0;1
202300002868;155 675 508;32;0;2;4;2;1
202300002868;155 675 509;10;0;2;2;2;1
202300002869;155 675 506;7;0;1;1;1;1
202300002870;155 675 507;33;0;2;2;1;1
202300002870;155 675 511;7;0;2;3;15;1
202300002871;155 675 505;7;0;2;1;1;1
202300002871;155 675 510;7;0;2;1;13;1
202300002872;155 675 502;33;0;2;1;2;1
202300002872;155 675 504;7;0;2;6;2;3
202300002873;155 675 500;7;0;2;4;1;1
202300002873;155 675 503;7;1;0;0;1;0
202300002874;155 675 497;7;13;0;3;13;1
202300002875;155 675 493;7;0;2;4;1;1
202300002875;155 675 496;33;0;2;1;2;1
202300002876;155 675 492;1;0;2;1;1;5
202300002876;155 675 494;1;0;2;1;1;5
202300002876;155 675 498;7;0;2;1;5;1
202300002876;155 675 499;1;0;2;1;1;5
202300002877;155 675 489;7;0;2;3;1;1
202300002877;155 675 491;15;0;2;3;1;1
202300002878;155 675 490;2;0;2;1;19;1
202300002878;155 675 495;99;0;2;3;1;0
202300002879;155 675 487;16;0;2;2;12;1
202300002879;155 675 488;7;0;2;8;1;1
202300002880;155 675 486;7;16;0;0;1;1
202300002881;155 675 485;7;0;6;3;0;1
202300002882;155 675 484;7;13;0;2;21;1
202300002883;155 675 482;7;0;2;4;1;1
202300002883;155 675 483;7;0;2;1;1;1
202300002884;155 675 480;7;4;0;3;1;1
202300002885;155 675 479;2;0;0;0;0;0
202300002886;155 675 476;7;0;2;4;1;1
202300002886;155 675 478;7;0;2;1;1;1
202300002887;155 675 477;14;0;2;1;2;1
202300002887;155 675 481;7;0;2;1;13;1
202300002888;155 675 475;7;6;0;3;1;2
202300002889;155 675 473;2;0;0;8;1;0
202300002890;155 675 472;10;0;2;2;1;1
202300002890;155 675 474;7;0;2;4;1;1
202300002891;155 675 465;7;0;2;3;1;1
202300002891;155 675 468;15;0;2;3;1;1
202300002891;155 675 470;7;0;2;3;13;1
202300002892;155 675 463;7;0;2;3;15;1
202300002892;155 675 466;1;0;2;8;1;5
202300002893;155 675 464;2;0;2;3;15;1
202300002893;155 675 467;7;0;2;2;17;1
202300002894;155 675 462;10;3;0;1;1;1
202300002895;155 675 461;7;0;1;1;1;1
202300002896;155 675 460;10;2;0;2;14;1
202300002897;155 675 456;33;0;2;1;0;0
202300002897;155 675 458;36;0;2;3;0;0
202300002898;155 675 452;33;0;2;7;3;1
202300002898;155 675 455;7;0;2;6;11;1
202300002899;155 675 453;14;0;2;2;1;1
202300002899;155 675 457;7;3;2;4;1;1
202300002899;155 675 459;7;3;2;1;1;1
202300002900;155 675 451;7;0;2;1;15;1
202300002900;155 675 454;33;0;2;3;1;1
202300002901;155 675 450;2;8;0;1;1;1
202300002902;155 675 447;15;0;2;7;1;1
202300002902;155 675 449;7;0;2;8;13;1
202300002903;155 675 448;7;0;0;0;2;1
202300002904;155 675 444;7;0;2;3;9;1
202300002904;155 675 446;33;0;2;1;1;1
202300002905;155 675 443;7;4;0;3;13;1
202300002906;155 675 440;31;16;0;2;1;1
202300002907;155 675 441;33;0;2;1;0;1
202300002907;155 675 442;7;0;0;4;0;1
202300002908;155 675 438;7;0;2;3;15;1
202300002908;155 675 445;34;0;2;5;17;1
202300002909;155 675 437;7;0;2;3;11;1
202300002909;155 675 439;10;0;2;2;1;1
202300002910;155 675 435;31;0;0;1;0;0
202300002911;155 675 434;7;2;0;7;1;1
202300002911;155 675 436;7;0;2;1;23;1
202300002912;155 675 432;40;0;1;1;1;3
202300002913;155 675 431;33;0;2;1;1;1
202300002913;155 675 433;7;0;2;7;19;1
202300002914;155 675 429;1;0;0;0;26;5
202300002915;155 675 428;7;0;2;2;19;3
202300002915;155 675 430;2;0;2;1;19;1
202300002916;155 675 423;7;0;2;8;26;1
202300002916;155 675 425;1;0;2;7;1;5
202300002917;155 675 424;2;0;0;7;19;1
202300002917;155 675 426;7;0;2;1;1;1
202300002918;155 675 422;7;0;0;6;1;1
202300002918;155 675 427;7;0;1;1;1;1
202300002919;155 675 419;7;0;2;8;13;1
202300002919;155 675 420;15;0;2;8;1;1
202300002920;155 675 417;7;0;0;9;1;1
202300002921;155 675 418;7;0;2;2;13;1
202300002921;155 675 421;7;6;2;3;1;1
202300002922;155 675 415;7;2;0;0;0;1
202300002923;155 675 414;7;16;2;1;13;1
202300002923;155 675 416;7;0;2;3;1;2
202300002924;155 675 411;33;0;2;1;1;1
202300002924;155 675 413;7;0;2;8;15;1
202300002925;155 675 408;15;0;2;1;1;1
202300002925;155 675 412;10;0;0;8;19;1
202300002926;155 675 409;33;0;0;7;23;1
202300002927;155 675 407;7;0;9;2;15;1
202300002927;155 675 410;30;0;2;8;0;1
202300002928;155 675 405;10;0;2;8;0;1
202300002928;155 675 406;33;0;2;1;0;1
202300002929;155 675 400;7;0;0;1;13;1
202300002929;155 675 404;7;2;0;1;1;0
202300002930;155 675 401;7;0;2;1;2;1
202300002930;155 675 403;21;0;0;4;15;1
202300002931;155 675 399;7;0;2;3;2;2
202300002931;155 675 402;7;0;2;3;5;1
202300002932;155 675 397;7;0;2;1;13;1
202300002932;155 675 398;7;0;2;1;1;1
202300002933;155 675 395;7;0;0;1;13;1
202300002934;155 675 396;7;2;0;3;1;1
202300002935;155 675 393;7;0;2;8;2;1
202300002935;155 675 394;14;0;2;2;14;1
202300002936;155 675 392;7;0;1;2;1;1
202300002937;155 675 391;7;0;1;2;1;1
202300002938;155 675 390;7;8;0;1;0;1
202300002939;155 675 386;7;0;2;1;13;0
202300002939;155 675 389;7;0;2;1;1;0
202300002940;155 675 387;7;0;1;0;1;0
202300002941;155 675 383;7;0;2;3;13;1
202300002941;155 675 385;7;0;2;2;1;1
202300002941;155 675 388;7;0;2;3;1;1
202300002942;155 675 381;7;6;0;3;1;1
202300002943;155 675 382;7;15;0;1;0;1
202300002944;155 675 379;7;0;2;3;1;6
202300002944;155 675 380;16;0;2;3;15;6
202300002945;155 675 378;7;13;2;5;9;6
202300002945;155 675 384;7;13;2;1;1;6
202300002946;155 675 376;2;4;0;3;13;1
202300002947;155 675 375;34;0;2;1;17;1
202300002947;155 675 377;7;0;2;1;9;1
202300002948;155 675 373;33;0;2;8;1;1
202300002948;155 675 374;7;0;2;8;10;1
202300002949;155 675 370;1;0;2;1;2;5
202300002949;155 675 372;1;0;2;4;2;5
202300002950;155 675 367;7;0;2;4;11;1
202300002950;155 675 369;7;0;2;1;1;1
202300002950;155 675 371;7;0;2;1;2;1
202300002951;155 675 366;33;0;2;2;2;1
202300002951;155 675 368;7;0;2;3;2;1
202300002952;155 675 364;10;13;0;1;1;1
202300002953;155 675 362;7;0;2;1;1;1
202300002953;155 675 365;7;8;0;3;20;1
202300002954;155 675 360;7;0;2;8;1;1
202300002954;155 675 363;7;0;2;1;1;1
202300002955;155 675 361;33;3;0;7;0;1
202300002956;155 675 357;7;0;1;1;1;1
202300002957;155 675 358;7;0;1;2;1;1
202300002958;155 675 355;7;0;0;5;19;1
202300002958;155 675 359;7;0;2;1;1;1
202300002959;155 675 351;7;0;0;6;1;1
202300002959;155 675 354;34;0;2;1;1;1
202300002959;155 675 356;7;14;0;1;1;1
202300002960;155 675 352;1;0;2;1;1;5
202300002960;155 675 353;7;0;2;8;15;1
202300002961;155 675 349;7;0;0;3;1;1
202300002961;155 675 350;10;0;2;1;1;1
202300002962;155 675 348;7;12;1;3;1;1
202300002963;155 675 345;7;13;0;2;0;3
202300002964;155 675 344;7;0;2;4;1;1
202300002964;155 675 347;7;0;2;1;2;1
202300002965;155 675 339;7;0;2;4;1;1
202300002965;155 675 342;7;0;2;1;2;1
202300002965;155 675 346;7;0;2;4;1;1
202300002966;155 675 337;7;0;2;0;0;
202300002966;155 675 341;60;0;2;0;1;5
202300002967;155 675 338;7;0;2;1;0;0
202300002967;155 675 343;10;0;2;1;1;0
202300002968;155 675 340;7;0;0;9;1;1
202300002969;155 675 335;7;2;0;2;1;1
202300002970;155 675 332;1;0;2;1;15;5
202300002970;155 675 336;7;0;2;2;1;1
202300002971;155 675 331;7;0;2;2;1;1
202300002971;155 675 334;7;0;2;3;1;1
202300002972;155 675 330;7;0;2;1;1;1
202300002972;155 675 333;10;0;2;7;19;1
202300002973;155 675 326;7;0;2;3;15;1
202300002973;155 675 328;34;0;2;1;1;1
202300002974;155 675 325;7;0;2;1;13;1
202300002974;155 675 327;15;0;2;3;1;1
202300002975;155 675 324;2;0;2;1;19;1
202300002975;155 675 329;0;0;0;5;1;0
202300002976;155 675 323;7;9;0;1;1;1
202300002977;155 675 322;7;6;0;2;1;1
202300002978;155 675 320;60;0;2;0;0;5
202300002978;155 675 321;7;0;2;0;1;1
202300002979;155 675 317;33;0;0;7;17;1
202300002980;155 675 313;2;1;2;1;1;1
202300002980;155 675 316;7;0;2;0;0;1
202300002981;155 675 314;7;0;2;1;13;1
202300002981;155 675 319;7;0;2;1;1;1
202300002982;155 675 312;7;0;2;3;26;1
202300002982;155 675 315;15;0;2;1;1;1
202300002982;155 675 318;10;0;9;7;1;1
202300002983;155 675 310;1;14;0;0;1;5
202300002984;155 675 311;7;8;0;1;1;1
202300002985;155 675 309;7;13;0;2;2;1
202300002986;155 675 306;7;0;2;4;23;1
202300002986;155 675 307;7;0;2;1;2;1
202300002987;155 675 303;33;0;0;0;1;1
202300002988;155 675 304;7;0;2;3;15;1
202300002988;155 675 308;7;0;2;7;17;1
202300002989;155 675 305;33;12;0;2;1;1
202300002990;155 675 301;60;0;2;0;0;5
202300002990;155 675 302;7;0;2;0;1;1
202300002991;155 675 300;33;0;0;8;1;1
202300002992;155 675 297;1;0;0;0;0;5
202300002993;155 675 296;7;0;1;1;1;0
202300002993;155 675 299;7;0;1;2;11;0
202300002994;155 675 294;7;2;0;3;0;1
202300002995;155 675 293;7;0;2;3;1;1
202300002995;155 675 295;7;0;2;3;1;1
202300002995;155 675 298;7;0;2;6;1;1
202300002996;155 675 292;7;8;0;2;14;1
202300002997;155 675 291;7;1;0;2;1;1
202300002998;155 675 286;7;0;2;0;0;1
202300002998;155 675 289;60;0;2;0;0;5
202300002999;155 675 288;7;0;2;1;1;0
202300002999;155 675 290;7;0;2;1;13;0
202300003000;155 675 285;33;0;0;0;14;1
202300003001;155 675 284;2;0;2;2;15;1
202300003001;155 675 287;7;0;2;3;17;1
202300003002;155 675 282;1;0;2;7;19;5
202300003002;155 675 283;7;0;9;3;21;1
202300003003;155 675 280;2;0;1;2;0;1
202300003004;155 675 279;7;0;2;3;1;1
202300003004;155 675 281;7;0;2;3;1;1
202300003005;155 675 276;10;0;2;1;1;1
202300003005;155 675 278;7;0;2;4;2;1
202300003006;155 675 277;31;9;0;7;1;1
202300003007;155 675 275;33;7;0;1;1;1
202300003008;155 675 271;7;0;2;1;2;1
202300003008;155 675 274;7;15;0;7;1;1
202300003009;155 675 270;7;0;2;0;26;1
202300003009;155 675 273;30;0;2;0;1;1
202300003010;155 675 269;21;0;0;3;19;1
202300003010;155 675 272;33;13;0;2;21;1
202300003011;155 675 267;1;0;0;0;0;5
202300003012;155 675 268;7;2;0;7;1;2
202300003013;155 675 266;7;2;0;2;1;1
202300003014;155 675 263;1;0;2;0;5;5
202300003014;155 675 264;7;0;2;0;1;1
202300003015;155 675 260;31;0;2;1;1;1
202300003015;155 675 262;7;0;2;3;13;1
202300003015;155 675 265;7;0;2;1;1;1
202300003016;155 675 259;7;0;2;3;17;1
202300003016;155 675 261;7;0;2;3;1;1
202300003017;155 675 257;33;0;0;0;0;1
202300003018;155 675 254;7;0;2;1;2;0
202300003018;155 675 255;1;0;2;4;1;5
202300003019;155 675 253;7;0;2;1;1;1
202300003019;155 675 258;7;0;2;8;1;1
202300003020;155 675 252;31;0;2;1;1;1
202300003020;155 675 256;7;0;2;3;15;1
202300003021;155 675 250;1;0;2;8;1;5
202300003021;155 675 251;7;0;2;7;1;1
202300003022;155 675 249;33;0;0;8;1;1
202300003023;155 675 244;7;13;0;7;1;
202300003024;155 675 246;7;0;2;3;26;1
202300003024;155 675 248;7;0;2;2;1;1
202300003025;155 675 243;7;0;2;1;1;0
202300003025;155 675 247;50;0;2;0;0;3
202300003026;155 675 242;7;9;2;1;1;1
202300003026;155 675 245;2;0;2;7;19;1
202300003027;155 675 238;33;0;2;3;1;0
202300003027;155 675 241;7;0;2;8;17;1
202300003028;155 675 236;7;0;2;6;26;1
202300003028;155 675 239;7;0;2;1;0;1
202300003029;155 675 240;7;16;0;1;1;1
202300003030;155 675 234;7;0;2;0;0;1
202300003030;155 675 235;80;0;2;0;0;3
202300003031;155 675 237;7;7;0;1;1;2
202300003032;155 675 233;7;0;1;2;1;0
202300003033;155 675 230;33;0;2;2;3;1
202300003033;155 675 232;7;0;2;6;1;1
202300003034;155 675 231;33;0;0;0;1;1
202300003035;155 675 228;15;0;2;5;1;6
202300003035;155 675 229;15;0;2;3;2;0
202300003036;155 675 226;7;3;0;0;0;1
202300003037;155 675 227;7;13;0;2;1;1
202300003038;155 675 224;33;0;1;1;1;1
202300003039;155 675 222;33;0;2;1;17;1
202300003039;155 675 225;7;0;2;6;15;1
202300003040;155 675 220;60;0;2;7;25;5
202300003040;155 675 223;10;0;2;1;16;1
202300003041;155 675 221;32;0;0;7;1;1
202300003042;155 675 215;7;0;2;1;2;1
202300003042;155 675 217;7;0;2;4;23;1
202300003043;155 675 214;7;0;5;3;1;1
202300003043;155 675 218;7;0;5;2;1;1
202300003044;155 675 216;7;16;0;2;0;1
202300003045;155 675 212;33;0;2;1;2;1
202300003045;155 675 213;7;0;2;4;23;1
202300003046;155 675 211;7;0;2;1;17;0
202300003046;155 675 219;15;0;2;3;21;1
202300003047;155 675 210;7;2;0;3;1;1
202300003048;155 675 207;7;0;2;7;21;1
202300003048;155 675 209;1;0;2;8;21;5
202300003049;155 675 206;2;0;0;0;1;1
202300003050;155 675 204;7;0;2;1;1;0
202300003050;155 675 205;7;0;0;4;1;0
202300003051;155 675 203;60;0;0;0;0;5
202300003052;155 675 201;7;0;1;1;1;1
202300003053;155 675 199;1;13;0;0;1;5
202300003054;155 675 198;1;12;0;0;0;5
202300003055;155 675 200;1;0;0;2;2;5
202300003055;155 675 202;7;0;2;3;2;1
202300003056;155 675 196;1;0;0;0;0;5
202300003057;155 675 192;7;0;9;2;2;1
202300003057;155 675 195;1;0;0;4;15;5
202300003058;155 675 193;7;13;2;3;13;0
202300003058;155 675 197;10;13;2;3;1;1
202300003059;155 675 191;2;0;2;1;5;0
202300003059;155 675 194;7;0;2;1;1;1
202300003060;155 675 190;7;0;2;1;1;1
202300003061;155 675 186;41;0;0;0;0;0
202300003061;155 675 189;10;0;2;8;1;1
202300003062;155 675 183;7;0;2;7;2;
202300003062;155 675 187;1;0;2;8;1;5
202300003063;155 675 184;33;0;2;1;1;1
202300003063;155 675 188;33;6;0;4;16;1
202300003064;155 675 185;7;0;1;3;15;1
202300003065;155 675 181;1;0;1;1;1;5
202300003066;155 675 178;33;0;0;7;16;1
202300003066;155 675 182;43;0;2;3;18;1
202300003067;155 675 177;7;0;2;1;2;1
202300003067;155 675 179;33;6;0;4;23;1
202300003068;155 675 176;10;0;2;3;15;1
202300003068;155 675 180;2;0;2;7;17;1
202300003069;155 675 174;30;0;2;1;1;1
202300003069;155 675 175;7;0;2;4;1;1
202300003070;155 675 172;33;12;0;1;0;1
202300003071;155 675 171;30;0;0;0;0;1
202300003072;155 675 170;33;0;2;1;2;1
202300003072;155 675 173;7;0;0;5;15;1
202300003073;155 675 169;80;0;0;8;15;3
202300003074;155 675 168;7;0;1;1;1;1
202300003075;155 675 167;33;7;0;3;1;1
202300003076;155 675 166;33;5;0;7;14;1
202300003077;155 675 162;7;0;2;0;1;1
202300003077;155 675 164;1;0;2;0;1;5
202300003078;155 675 163;33;0;6;1;1;1
202300003079;155 675 160;7;13;0;0;1;1
202300003080;155 675 159;33;0;0;0;0;1
202300003081;155 675 158;7;11;0;1;1;1
202300003082;155 675 157;7;0;2;1;17;0
202300003082;155 675 161;7;0;2;2;1;1
202300003082;155 675 165;37;0;2;3;1;1
202300003083;155 675 155;50;0;2;0;1;3
202300003083;155 675 156;1;0;2;0;1;5
202300003084;155 675 154;33;6;0;1;1;1
202300003085;155 675 153;7;4;0;6;1;1
202300003086;155 675 152;7;2;0;0;0;1
202300003087;155 675 150;7;0;2;1;1;1
202300003087;155 675 151;7;0;2;3;1;1
202300003088;155 675 146;7;0;2;1;1;1
202300003088;155 675 147;37;0;2;4;1;1
202300003089;155 675 145;7;0;2;2;15;1
202300003089;155 675 149;2;0;2;1;1;1
202300003090;155 675 144;7;0;2;1;1;1
202300003090;155 675 148;7;8;0;7;1;1
202300003091;155 675 141;7;2;0;1;14;1
202300003092;155 675 137;10;0;2;1;1;1
202300003092;155 675 142;7;0;2;7;17;1
202300003092;155 675 143;7;0;2;6;1;1
202300003093;155 675 138;33;0;0;0;2;1
202300003094;155 675 135;7;0;2;7;19;1
202300003094;155 675 139;7;0;2;8;23;1
202300003094;155 675 140;7;0;2;1;1;1
202300003095;155 675 134;7;0;2;1;1;1
202300003095;155 675 136;1;0;2;8;1;5
202300003096;155 675 132;2;0;2;7;15;1
202300003096;155 675 133;7;0;2;8;15;1
202300003097;155 675 130;1;0;0;0;0;5
202300003098;155 675 127;50;0;1;1;1;3
202300003099;155 675 124;7;0;2;2;1;1
202300003099;155 675 128;7;0;2;1;15;1
202300003100;155 675 125;7;0;2;8;11;1
202300003100;155 675 126;14;0;2;0;0;1
202300003101;155 675 121;7;0;2;4;1;1
202300003101;155 675 122;7;0;0;4;1;1
202300003101;155 675 123;7;0;2;1;2;1
202300003102;155 675 119;7;3;0;0;0;1
202300003103;155 675 118;10;0;2;3;13;1
202300003103;155 675 120;33;0;2;1;1;1
202300003104;155 675 117;1;0;0;0;0;5
202300003105;155 675 114;60;0;2;0;1;5
202300003105;155 675 116;7;0;2;0;15;1
202300003106;155 675 113;7;3;2;8;1;1
202300003106;155 675 115;7;3;2;2;14;1
202300003107;155 675 110;10;13;0;2;13;1
202300003107;155 675 112;7;0;0;1;1;1
202300003108;155 675 109;60;0;2;0;0;5
202300003108;155 675 111;7;0;2;0;0;1
202300003109;155 675 108;33;0;0;0;14;1
202300003110;155 675 106;1;0;0;0;1;5
202300003111;155 675 105;7;0;2;8;15;1
202300003111;155 675 107;31;0;2;1;1;1
202300003112;155 675 102;7;0;2;1;2;0
202300003112;155 675 104;7;0;0;4;2;1
202300003113;155 675 101;7;0;2;0;0;1
202300003113;155 675 103;2;0;2;0;0;1
202300003114;155 675 099;7;0;0;1;1;1
202300003115;155 675 096;7;0;2;3;3;1
202300003115;155 675 098;7;0;2;5;26;1
202300003115;155 675 100;7;12;2;5;23;1
202300003116;155 675 095;10;0;2;7;1;1
202300003116;155 675 097;1;0;2;1;26;5
202300003117;155 675 093;7;0;2;7;12;1
202300003117;155 675 094;33;0;2;1;1;1
202300003118;155 675 092;31;0;0;0;0;1
202300003119;155 675 090;7;0;2;7;15;1
202300003119;155 675 091;7;0;2;1;1;1
202300003120;155 675 088;2;0;0;0;2;0
202300003121;155 675 085;7;0;2;1;1;1
202300003121;155 675 086;7;0;2;4;1;1
202300003121;155 675 087;10;0;2;4;1;1
202300003121;155 675 089;7;0;2;4;1;2
202300003122;155 675 083;7;0;2;1;1;1
202300003122;155 675 084;7;0;2;4;1;1
202300003123;155 675 081;7;0;2;5;19;1
202300003123;155 675 082;30;0;2;1;1;1
202300003124;155 675 079;7;0;2;7;15;1
202300003124;155 675 080;1;0;2;8;1;5
202300003125;155 675 074;7;0;2;8;13;1
202300003125;155 675 077;32;0;2;2;1;1
202300003126;155 675 073;7;0;2;0;1;1
202300003126;155 675 075;1;0;2;0;0;5
202300003127;155 675 071;7;0;2;9;2;1
202300003127;155 675 072;7;0;2;6;11;1
202300003127;155 675 076;7;0;9;1;1;1
202300003127;155 675 078;7;0;9;1;1;1
202300003128;155 675 067;33;0;2;2;12;1
202300003128;155 675 069;33;0;2;0;1;1
202300003129;155 675 065;1;0;0;0;1;5
202300003130;155 675 062;7;0;2;2;17;1
202300003130;155 675 066;7;0;2;6;1;1
202300003131;155 675 060;7;0;2;6;0;1
202300003131;155 675 063;7;0;2;5;12;1
202300003131;155 675 064;33;0;2;1;3;1
202300003132;155 675 059;7;0;2;1;6;2
202300003132;155 675 061;7;0;2;3;1;1
202300003133;155 675 058;33;4;0;8;3;1
202300003134;155 675 054;7;0;2;8;1;1
202300003134;155 675 056;60;0;2;7;1;5
202300003135;155 675 053;7;2;0;2;14;1
202300003136;155 675 052;7;0;2;7;14;1
202300003136;155 675 055;33;0;2;6;3;1
202300003136;155 675 057;7;0;2;8;1;1
202300003137;155 675 050;7;4;0;2;12;1
202300003138;155 675 048;33;3;0;0;0;1
202300003139;155 675 049;7;0;2;1;1;1
202300003139;155 675 051;7;0;2;8;16;1
202300003140;155 675 045;60;0;0;0;0;5
202300003141;155 675 046;7;4;0;1;1;1
202300003142;155 675 044;33;0;2;8;3;1
202300003142;155 675 047;7;0;2;0;12;0
202300003143;155 675 041;7;4;2;8;13;1
202300003143;155 675 042;33;4;2;2;2;1
202300003144;155 675 038;33;0;2;8;3;1
202300003144;155 675 039;10;0;2;2;2;1
202300003144;155 675 040;10;0;2;4;2;1
202300003145;155 675 036;7;0;2;1;2;1
202300003145;155 675 037;7;0;2;4;2;1
202300003146;155 675 035;33;0;2;7;16;1
202300003146;155 675 043;7;0;2;3;1;1
202300003147;155 675 032;15;0;2;4;1;1
202300003147;155 675 034;10;0;2;1;2;1
202300003148;155 675 031;43;0;2;1;1;1
202300003148;155 675 033;7;0;2;6;1;2
202300003149;155 675 028;7;4;2;8;11;1
202300003149;155 675 029;33;4;2;7;1;1
202300003150;155 675 027;31;0;0;8;3;1
202300003150;155 675 030;7;0;2;4;12;1
202300003151;155 675 026;33;0;0;1;1;1
202300003152;155 675 025;10;9;1;1;1;1