Num_Acc;id_vehicule;categorie_vehicule;obstacle_fixe;obstacle_mobile;point_choc_initial;manoeuvre_principale;motorisation
202300003153;155 675 023;33;0;2;1;3;1
202300003153;155 675 024;13;0;2;6;1;1
202300003154;155 675 022;10;0;1;3;22;1
202300003155;155 675 020;7;0;2;1;1;1
202300003155;155 675 021;10;0;2;4;1;1
202300003156;155 675 019;7;0;1;7;1;0
202300003157;155 675 017;31;0;2;8;3;1
202300003157;155 675 018;7;0;2;0;0;0
202300003158;155 675 015;7;0;2;2;12;0
202300003158;155 675 016;43;0;2;3;3;1
202300003159;155 675 012;7;0;2;1;11;1
202300003159;155 675 014;7;0;2;5;1;1
202300003160;155 675 010;7;4;0;1;1;1
202300003161;155 675 005;14;0;2;2;12;1
202300003161;155 675 007;7;0;2;6;1;1
202300003161;155 675 009;7;0;2;1;1;1
202300003162;155 675 006;7;0;2;8;15;1
202300003162;155 675 008;43;0;2;2;0;1
202300003163;155 675 004;7;4;0;2;0;1
202300003164;155 675 000;7;0;0;5;12;1
202300003164;155 675 002;33;0;2;8;3;1
202300003165;155 675 001;7;0;2;1;1;0
202300003165;155 675 003;7;0;2;2;2;6
202300003166;155 674 999;7;4;0;1;26;1
202300003167;155 674 998;7;4;0;8;11;1
202300003168;155 674 995;7;9;0;1;13;1
202300003169;155 674 996;31;0;2;7;1;1
202300003169;155 674 997;7;0;2;3;15;1
202300003170;155 674 994;7;11;0;7;16;1
202300003171;155 674 992;7;0;0;0;15;1
202300003171;155 674 993;31;14;2;0;17;1
202300003172;155 674 990;7;3;0;1;1;1
202300003173;155 674 989;7;0;2;8;2;2
202300003173;155 674 991;7;0;2;1;15;1
202300003174;155 674 987;7;0;0;2;1;1
202300003175;155 674 986;7;0;2;5;13;1
202300003175;155 674 988;30;0;2;3;13;1
202300003176;155 674 985;30;0;0;0;0;1
202300003177;155 674 984;7;8;0;2;14;1
202300003178;155 674 982;7;0;2;7;1;1
202300003178;155 674 983;7;0;2;3;9;1
202300003179;155 674 980;7;4;0;8;26;1
202300003180;155 674 979;7;0;2;3;15;1
202300003180;155 674 981;33;0;2;7;2;1
202300003181;155 674 976;31;1;0;7;15;1
202300003181;155 674 978;7;0;2;6;23;1
202300003182;155 674 975;32;1;2;1;1;1
202300003182;155 674 977;7;0;2;2;22;1
202300003183;155 674 973;7;0;2;2;11;3
202300003183;155 674 974;33;0;2;0;0;1
202300003184;155 674 972;7;14;1;1;16;1
202300003185;155 674 969;7;0;2;8;1;6
202300003185;155 674 970;7;0;2;2;1;1
202300003185;155 674 971;7;0;2;3;5;1
202300003186;155 674 968;7;6;0;1;13;0
202300003187;155 674 966;34;0;2;8;8;1
202300003187;155 674 967;7;0;2;2;12;1
202300003188;155 674 963;7;0;2;2;2;1
202300003188;155 674 965;10;0;2;5;15;1
202300003189;155 674 962;30;0;2;1;1;0
202300003189;155 674 964;7;0;2;2;15;1
202300003190;155 674 960;7;1;0;1;14;1
202300003191;155 674 959;7;0;2;3;0;1
202300003191;155 674 961;50;0;2;1;0;3
202300003192;155 674 956;7;0;2;2;16;1
202300003192;155 674 958;50;0;2;1;1;3
202300003193;155 674 955;7;0;2;2;1;1
202300003193;155 674 957;7;0;0;0;0;0
202300003194;155 674 954;31;0;0;1;9;1
202300003195;155 674 952;30;0;2;1;1;1
202300003195;155 674 953;7;0;2;3;5;1
202300003196;155 674 950;7;0;2;4;2;1
202300003196;155 674 951;30;0;2;1;1;1
202300003197;155 674 948;33;1;0;1;1;1
202300003198;155 674 947;7;0;2;5;15;1
202300003198;155 674 949;34;0;2;1;1;1
202300003199;155 674 943;33;0;2;1;1;1
202300003199;155 674 944;7;0;2;4;20;1
202300003199;155 674 946;7;0;2;3;1;1
202300003200;155 674 942;7;0;2;3;1;1
202300003200;155 674 945;7;0;2;3;5;1
202300003201;155 674 939;38;0;2;0;15;1
202300003201;155 674 941;10;0;2;6;1;1
202300003202;155 674 938;7;0;2;2;1;1
202300003202;155 674 940;7;0;2;1;1;1
202300003203;155 674 937;10;0;1;2;16;1
202300003204;155 674 936;7;0;1;7;2;1
202300003205;155 674 931;7;0;2;1;2;0
202300003205;155 674 933;7;0;2;4;1;0
202300003205;155 674 935;7;0;2;1;2;0
202300003206;155 674 932;1;0;2;4;15;0
202300003206;155 674 934;7;0;2;1;1;1
202300003207;155 674 928;7;0;2;1;1;0
202300003207;155 674 930;7;0;2;4;1;0
202300003208;155 674 927;7;0;2;7;17;1
202300003208;155 674 929;7;0;2;8;1;1
202300003209;155 674 926;7;2;0;1;14;0
202300003210;155 674 925;7;0;1;2;9;1
202300003211;155 674 923;7;0;2;5;15;0
202300003211;155 674 924;33;0;2;1;1;1
202300003212;155 674 921;7;0;2;1;1;1
202300003212;155 674 922;7;15;2;7;1;1
202300003213;155 674 920;7;0;1;1;15;1
202300003214;155 674 919;7;3;0;3;1;1
202300003215;155 674 917;50;0;2;1;1;3
202300003215;155 674 918;7;0;2;3;1;1
202300003216;155 674 914;7;0;2;7;2;1
202300003216;155 674 915;1;0;2;7;0;5
202300003217;155 674 913;7;0;2;3;1;1
202300003217;155 674 916;7;0;2;1;15;1
202300003218;155 674 911;1;0;2;1;16;5
202300003218;155 674 912;7;0;2;1;15;1
202300003219;155 674 910;7;0;1;5;20;1
202300003220;155 674 909;7;0;1;7;16;1
202300003221;155 674 907;7;2;2;1;1;1
202300003222;155 674 906;7;0;2;8;16;1
202300003222;155 674 908;7;0;2;2;19;1
202300003223;155 674 904;7;0;2;7;19;0
202300003223;155 674 905;7;0;2;8;1;0
202300003224;155 674 903;7;8;0;1;5;1
202300003225;155 674 901;14;0;1;0;1;0
202300003226;155 674 899;7;0;0;6;2;1
202300003226;155 674 902;33;0;2;1;26;1
202300003227;155 674 898;7;0;2;3;1;2
202300003227;155 674 900;7;0;2;1;9;1
202300003228;155 674 896;10;0;2;4;2;1
202300003228;155 674 897;33;0;2;1;2;1
202300003229;155 674 895;7;6;0;1;15;1
202300003230;155 674 891;38;0;2;4;1;0
202300003230;155 674 892;7;0;2;1;1;0
202300003230;155 674 894;7;0;2;1;1;0
202300003231;155 674 890;7;0;2;3;15;1
202300003231;155 674 893;80;0;2;2;1;3
202300003232;155 674 886;7;0;2;6;1;1
202300003232;155 674 888;7;0;2;1;1;1
202300003233;155 674 885;7;0;2;1;2;1
202300003233;155 674 887;7;0;2;9;23;1
202300003233;155 674 889;7;0;2;4;23;1
202300003234;155 674 883;50;0;1;1;13;3
202300003235;155 674 881;7;0;2;3;1;1
202300003235;155 674 882;7;0;2;1;17;1
202300003235;155 674 884;7;3;2;1;5;0
202300003236;155 674 878;33;0;2;7;1;1
202300003236;155 674 879;7;0;2;4;2;1
202300003236;155 674 880;10;0;2;8;13;0
202300003237;155 674 876;7;0;2;3;10;3
202300003237;155 674 877;7;0;2;5;0;3
202300003238;155 674 873;7;0;2;0;3;1
202300003238;155 674 875;37;0;2;2;1;1
202300003239;155 674 872;7;0;2;4;2;1
202300003239;155 674 874;33;0;2;1;2;1
202300003240;155 674 871;33;1;0;7;1;1
202300003241;155 674 869;7;0;2;1;13;1
202300003241;155 674 870;7;0;2;1;1;1
202300003242;155 674 867;7;0;2;1;1;1
202300003242;155 674 868;7;0;2;4;1;1
202300003243;155 674 866;7;1;0;1;14;1
202300003244;155 674 863;7;0;1;3;1;1
202300003245;155 674 862;7;0;2;1;1;0
202300003245;155 674 865;10;0;2;7;1;0
202300003246;155 674 860;7;6;0;1;1;1
202300003247;155 674 859;7;0;2;1;1;1
202300003247;155 674 861;33;0;2;0;0;1
202300003248;155 674 855;7;0;2;2;1;1
202300003248;155 674 858;32;0;2;1;1;1
202300003249;155 674 856;7;0;2;6;15;1
202300003249;155 674 857;31;0;2;7;17;1
202300003250;155 674 852;1;0;2;1;1;5
202300003250;155 674 854;7;0;9;2;1;1
202300003251;155 674 851;30;0;2;1;15;3
202300003251;155 674 853;7;0;2;0;1;0
202300003252;155 674 848;34;0;2;3;15;1
202300003252;155 674 850;7;0;2;3;0;1
202300003253;155 674 847;7;0;2;1;13;1
202300003253;155 674 849;7;0;2;1;1;1
202300003254;155 674 844;7;0;2;3;0;1
202300003254;155 674 846;7;0;2;3;13;1
202300003255;155 674 843;7;0;2;7;1;2
202300003255;155 674 845;30;0;2;7;5;1
202300003256;155 674 841;30;0;2;1;1;1
202300003256;155 674 842;30;0;2;7;23;1
202300003257;155 674 840;33;0;0;0;0;1
202300003258;155 674 839;7;0;1;0;0;1
202300003259;155 674 836;30;0;2;1;2;1
202300003259;155 674 838;7;0;2;3;2;1
202300003260;155 674 835;2;0;2;0;0;1
202300003260;155 674 837;7;0;2;0;0;2
202300003261;155 674 832;1;0;2;4;0;5
202300003261;155 674 834;7;0;2;1;0;0
202300003262;155 674 831;7;0;2;1;2;1
202300003262;155 674 833;7;0;2;1;13;1
202300003263;155 674 829;7;2;0;3;2;1
202300003264;155 674 828;7;1;2;1;1;1
202300003264;155 674 830;7;0;2;2;15;3
202300003265;155 674 825;7;0;2;1;15;1
202300003265;155 674 826;7;0;2;1;1;1
202300003266;155 674 824;7;0;2;2;1;1
202300003266;155 674 827;7;0;2;1;1;1
202300003267;155 674 823;31;12;0;1;14;1
202300003268;155 674 821;7;0;2;0;0;0
202300003268;155 674 822;7;0;2;0;0;0
202300003269;155 674 818;7;0;1;1;16;1
202300003270;155 674 816;10;0;2;3;2;1
202300003270;155 674 817;7;0;2;6;2;1
202300003270;155 674 819;33;0;2;5;2;1
202300003270;155 674 820;7;0;2;6;1;1
202300003271;155 674 811;1;0;2;6;19;5
202300003271;155 674 813;33;0;2;1;1;1
202300003272;155 674 810;33;0;2;3;1;1
202300003272;155 674 812;7;0;2;5;1;1
202300003273;155 674 807;7;0;2;1;1;1
202300003273;155 674 808;33;0;2;1;1;1
202300003273;155 674 809;7;0;2;8;1;1
202300003274;155 674 806;1;0;1;1;1;5
202300003275;155 674 802;7;0;2;5;16;1
202300003275;155 674 803;30;0;2;3;18;1
202300003276;155 674 800;7;0;2;1;1;1
202300003276;155 674 801;7;0;2;1;11;1
202300003276;155 674 804;7;0;2;3;1;1
202300003277;155 674 797;7;0;2;1;1;1
202300003277;155 674 799;7;0;2;8;15;1
202300003278;155 674 798;7;1;0;1;12;1
202300003279;155 674 796;7;0;1;1;1;1
202300003280;155 674 795;7;8;0;2;1;1
202300003281;155 674 793;10;0;2;1;1;1
202300003281;155 674 794;7;0;2;7;15;1
202300003282;155 674 791;7;0;2;2;1;1
202300003282;155 674 792;7;0;2;1;19;1
202300003283;155 674 789;7;0;2;1;1;1
202300003283;155 674 790;2;0;2;7;1;1
202300003284;155 674 786;33;0;2;9;1;1
202300003284;155 674 788;7;0;2;4;1;0
202300003285;155 674 785;43;12;2;1;13;1
202300003285;155 674 787;7;0;2;8;1;1
202300003286;155 674 782;7;0;2;1;1;1
202300003286;155 674 783;1;0;2;0;15;5
202300003287;155 674 781;10;0;2;3;26;1
202300003287;155 674 784;7;0;2;2;1;1
202300003288;155 674 779;33;0;2;1;1;1
202300003288;155 674 780;7;0;2;2;15;1
202300003289;155 674 778;7;1;0;0;0;0
202300003290;155 674 776;50;0;2;4;1;3
202300003290;155 674 777;7;0;2;1;26;0
202300003291;155 674 772;7;0;2;3;13;0
202300003291;155 674 774;2;0;2;7;1;0
202300003292;155 674 773;50;0;2;8;1;3
202300003292;155 674 775;7;0;2;1;1;1
202300003293;155 674 769;7;0;2;1;13;1
202300003293;155 674 771;7;0;2;3;1;1
202300003294;155 674 767;7;0;1;4;4;0
202300003295;155 674 768;7;0;2;8;1;1
202300003295;155 674 770;7;0;2;1;1;1
202300003296;155 674 764;1;0;2;1;1;5
202300003296;155 674 766;7;0;0;2;19;1
202300003297;155 674 763;7;0;2;3;2;1
202300003297;155 674 765;7;0;2;1;19;1
202300003298;155 674 761;1;0;2;4;1;5
202300003298;155 674 762;7;0;2;1;2;1
202300003299;155 674 757;50;0;2;8;0;3
202300003299;155 674 759;7;0;2;1;9;1
202300003300;155 674 754;7;0;2;4;0;1
202300003300;155 674 755;7;0;2;4;0;1
202300003300;155 674 756;7;0;2;1;26;1
202300003300;155 674 758;7;0;2;9;1;1
202300003300;155 674 760;7;0;2;4;0;1
202300003301;155 674 752;7;0;2;7;16;1
202300003301;155 674 753;32;0;2;1;1;1
202300003302;155 674 750;13;0;2;1;1;1
202300003302;155 674 751;1;0;2;2;15;5
202300003303;155 674 748;7;0;2;1;1;1
202300003303;155 674 749;7;0;2;4;23;1
202300003304;155 674 747;7;13;0;1;21;0
202300003305;155 674 746;30;8;0;1;1;0
202300003306;155 674 744;7;0;1;1;1;1
202300003307;155 674 745;7;0;0;9;0;1
202300003308;155 674 742;30;0;2;1;1;1
202300003308;155 674 743;7;0;2;2;15;1
202300003309;155 674 739;7;4;0;0;1;1
202300003310;155 674 738;7;0;2;4;2;1
202300003310;155 674 740;7;0;2;1;2;1
202300003310;155 674 741;7;0;2;4;0;1
202300003311;155 674 736;7;0;2;7;26;1
202300003311;155 674 737;7;0;2;1;26;1
202300003312;155 674 731;7;0;0;2;1;5
202300003312;155 674 733;32;0;0;8;0;1
202300003313;155 674 730;7;0;2;5;1;1
202300003313;155 674 734;7;0;2;6;1;1
202300003313;155 674 735;33;0;2;3;3;1
202300003314;155 674 729;80;0;2;1;5;3
202300003314;155 674 732;7;0;2;2;1;1
202300003315;155 674 725;1;0;2;4;0;5
202300003315;155 674 728;10;0;2;1;0;1
202300003316;155 674 724;7;0;2;1;1;1
202300003316;155 674 726;2;0;2;8;1;1
202300003317;155 674 723;33;0;2;8;3;1
202300003317;155 674 727;7;0;2;2;14;1
202300003318;155 674 721;7;0;2;1;15;1
202300003318;155 674 722;50;0;2;3;16;3
202300003319;155 674 718;1;0;0;0;0;5
202300003319;155 674 720;7;0;9;1;1;1
202300003320;155 674 717;7;0;2;3;12;1
202300003320;155 674 719;7;0;2;6;1;1
202300003321;155 674 715;7;16;0;1;17;1
202300003321;155 674 716;7;16;0;1;26;1
202300003322;155 674 712;7;0;2;1;2;1
202300003322;155 674 714;7;0;2;4;2;1
202300003323;155 674 711;50;0;2;4;1;3
202300003323;155 674 713;7;0;9;1;1;1
202300003324;155 674 709;7;0;9;2;2;1
202300003324;155 674 710;50;0;2;8;1;3
202300003325;155 674 703;7;0;2;1;1;1
202300003325;155 674 707;7;0;2;6;9;1
202300003326;155 674 702;15;0;2;0;0;1
202300003326;155 674 705;7;0;2;0;0;1
202300003326;155 674 708;15;0;2;1;17;1
202300003327;155 674 700;33;0;2;2;17;0
202300003327;155 674 701;7;0;2;6;23;0
202300003327;155 674 704;7;0;2;3;9;0
202300003327;155 674 706;7;0;2;1;1;0
202300003328;155 674 698;33;0;2;1;17;1
202300003328;155 674 699;7;0;2;3;15;1
202300003329;155 674 696;3;1;1;2;1;1
202300003330;155 674 694;60;0;2;7;19;5
202300003330;155 674 697;7;0;2;2;19;1
202300003331;155 674 695;7;1;1;2;19;1
202300003332;155 674 693;13;0;1;2;1;1
202300003333;155 674 692;7;8;0;3;13;1
202300003334;155 674 691;30;0;1;1;25;1
202300003335;155 674 688;7;0;2;0;25;0
202300003335;155 674 690;50;0;0;1;1;3
202300003336;155 674 687;7;0;2;1;1;1
202300003336;155 674 689;1;0;2;1;9;5
202300003337;155 674 684;10;0;2;8;1;1
202300003337;155 674 686;7;12;2;3;19;1
202300003338;155 674 683;10;1;0;5;20;3
202300003338;155 674 685;30;0;2;1;2;1
202300003339;155 674 682;7;0;0;0;0;1
202300003340;155 674 680;2;0;2;1;2;1
202300003340;155 674 681;10;0;2;6;1;1
202300003341;155 674 678;7;0;1;2;1;1
202300003342;155 674 677;7;0;2;3;20;1
202300003342;155 674 679;31;0;2;1;1;1
202300003343;155 674 673;7;0;2;7;1;1
202300003343;155 674 676;50;0;2;1;25;3
202300003344;155 674 672;7;0;2;3;15;1
202300003344;155 674 674;7;0;2;9;1;1
202300003345;155 674 671;7;1;2;2;0;6
202300003345;155 674 675;31;1;2;0;18;1
202300003346;155 674 669;33;0;2;2;1;1
202300003346;155 674 670;7;0;2;3;0;1
202300003347;155 674 667;7;0;2;1;15;1
202300003347;155 674 668;33;0;2;1;1;1
202300003348;155 674 665;7;0;9;2;9;1
202300003348;155 674 666;50;0;2;1;1;3
202300003349;155 674 664;7;0;1;0;0;0
202300003350;155 674 661;7;0;2;8;15;1
202300003350;155 674 663;33;0;2;1;1;1
202300003351;155 674 659;32;0;2;8;0;1
202300003351;155 674 662;7;0;2;1;0;0
202300003352;155 674 658;7;0;2;1;1;1
202300003352;155 674 660;7;0;2;4;1;1
202300003353;155 674 657;10;0;1;3;15;1
202300003354;155 674 654;34;8;2;1;18;1
202300003354;155 674 656;32;0;2;2;16;1
202300003355;155 674 653;7;0;2;1;1;1
202300003355;155 674 655;7;0;2;3;0;1
202300003356;155 674 650;7;0;2;2;19;1
202300003356;155 674 652;33;0;2;1;5;1
202300003357;155 674 649;7;0;1;3;9;1
202300003358;155 674 648;7;0;2;1;16;0
202300003358;155 674 651;1;0;2;1;1;5
202300003359;155 674 646;33;4;0;8;13;1
202300003360;155 674 641;7;1;0;1;1;1
202300003360;155 674 644;7;0;0;6;26;1
202300003360;155 674 645;7;0;0;4;23;1
202300003361;155 674 640;7;0;2;6;24;1
202300003361;155 674 642;7;1;0;2;14;1
202300003362;155 674 643;7;0;2;1;2;1
202300003362;155 674 647;7;0;2;4;2;1
202300003363;155 674 638;7;0;2;2;1;1
202300003363;155 674 639;2;0;2;1;13;0
202300003364;155 674 637;30;15;0;2;16;1
202300003365;155 674 636;7;0;0;0;26;0
202300003366;155 674 634;7;0;2;3;5;1
202300003366;155 674 635;7;0;2;3;1;1
202300003367;155 674 630;2;1;2;3;0;1
202300003367;155 674 633;10;1;2;5;16;1
202300003368;155 674 629;7;0;2;1;1;2
202300003368;155 674 632;7;8;2;1;1;2
202300003369;155 674 628;7;0;2;3;13;0
202300003369;155 674 631;50;0;2;1;1;3
202300003370;155 674 624;7;15;2;8;1;1
202300003370;155 674 627;7;0;2;3;1;1
202300003371;155 674 625;7;0;2;4;23;1
202300003371;155 674 626;33;0;2;1;1;1
202300003372;155 674 621;31;0;2;1;1;1
202300003372;155 674 623;7;0;2;1;15;1
202300003373;155 674 620;37;0;1;1;1;1
202300003374;155 674 618;1;0;0;3;1;0
202300003375;155 674 619;7;0;2;7;9;2
202300003375;155 674 622;7;0;2;0;1;1
202300003376;155 674 616;21;0;2;3;15;1
202300003376;155 674 617;7;0;2;2;17;1
202300003377;155 674 613;7;0;2;3;5;1
202300003377;155 674 615;7;0;2;2;9;1
202300003378;155 674 612;7;0;2;1;9;1
202300003378;155 674 614;33;0;2;7;3;1
202300003379;155 674 611;1;0;0;0;0;5
202300003380;155 674 610;10;15;0;1;1;1
202300003381;155 674 608;7;0;2;3;26;1
202300003381;155 674 609;7;0;2;3;26;1
202300003382;155 674 606;7;0;2;3;9;1
202300003382;155 674 607;1;0;2;1;1;5
202300003383;155 674 605;7;6;0;1;1;2
202300003384;155 674 600;7;0;2;2;15;1
202300003384;155 674 603;33;0;2;1;1;1
202300003385;155 674 598;33;0;2;7;13;1
202300003385;155 674 602;7;0;2;7;13;1
202300003385;155 674 604;7;0;2;1;23;1
202300003386;155 674 599;30;0;2;2;1;0
202300003386;155 674 601;7;0;2;3;11;0
202300003387;155 674 594;7;0;2;7;15;1
202300003387;155 674 597;2;0;2;1;1;1
202300003388;155 674 593;2;1;0;1;2;1
202300003388;155 674 596;7;0;0;4;23;1
202300003389;155 674 591;7;15;0;1;26;1
202300003390;155 674 592;7;0;2;1;2;1
202300003390;155 674 595;32;0;2;4;2;1
202300003391;155 674 590;7;13;0;3;13;0
202300003392;155 674 585;1;0;2;7;1;5
202300003392;155 674 589;7;0;2;1;9;1
202300003393;155 674 583;34;0;0;0;1;1
202300003393;155 674 586;10;0;0;0;1;1
202300003393;155 674 588;33;0;0;0;1;1
202300003394;155 674 584;7;13;2;8;1;1
202300003394;155 674 587;7;2;2;1;13;1
202300003395;155 674 578;7;0;2;1;2;1
202300003395;155 674 582;2;0;2;0;2;1
202300003396;155 674 577;7;0;2;5;19;1
202300003396;155 674 580;33;0;2;1;1;1
202300003397;155 674 575;10;6;0;1;6;1
202300003398;155 674 572;7;0;2;3;1;1
202300003398;155 674 574;2;0;2;1;1;1
202300003399;155 674 570;7;13;0;1;0;1
202300003399;155 674 571;7;13;0;4;0;1
202300003400;155 674 567;17;0;0;6;1;1
202300003400;155 674 568;10;0;2;2;2;1
202300003401;155 674 563;7;14;2;3;1;1
202300003401;155 674 566;50;0;0;0;1;3
202300003402;155 674 562;50;0;2;1;9;3
202300003402;155 674 565;7;0;9;3;9;1
202300003403;155 674 561;7;0;2;6;17;1
202300003403;155 674 564;33;0;2;4;3;1
202300003404;155 674 558;2;8;0;1;19;1
202300003405;155 674 556;7;0;2;3;13;1
202300003405;155 674 557;7;0;2;3;1;1
202300003406;155 674 559;1;0;2;1;5;5
202300003406;155 674 560;7;0;2;3;1;1
202300003407;155 674 555;33;3;0;0;21;1
202300003408;155 674 550;7;0;2;0;0;2
202300003408;155 674 552;50;0;2;0;0;3
202300003409;155 674 551;10;15;0;1;1;1
202300003410;155 674 549;7;0;2;1;1;1
202300003410;155 674 553;7;0;2;6;15;1
202300003411;155 674 546;7;0;2;2;15;0
202300003411;155 674 548;33;0;2;1;17;0
202300003412;155 674 544;33;15;0;7;1;1
202300003412;155 674 547;7;0;2;0;15;1
202300003413;155 674 541;7;0;2;1;1;1
202300003413;155 674 543;10;0;2;2;1;1
202300003414;155 674 545;7;0;1;1;1;1
202300003415;155 674 538;33;0;2;1;17;1
202300003415;155 674 539;7;0;2;5;15;1
202300003416;155 674 536;2;0;2;1;13;1
202300003416;155 674 537;7;0;2;3;21;1
202300003417;155 674 534;14;0;2;1;1;1
202300003417;155 674 535;10;16;0;4;23;1
202300003418;155 674 533;7;15;0;2;1;1
202300003419;155 674 531;7;0;2;3;21;1
202300003419;155 674 532;21;0;2;3;15;1
202300003420;155 674 527;31;0;2;9;1;1
202300003420;155 674 529;7;0;2;3;13;2
202300003421;155 674 528;21;0;2;1;15;1
202300003421;155 674 530;1;0;2;1;1;5
202300003422;155 674 526;7;0;1;3;1;1
202300003423;155 674 523;7;0;0;9;1;1
202300003424;155 674 519;7;6;2;3;16;1
202300003424;155 674 521;15;0;0;7;1;1
202300003425;155 674 518;80;0;0;0;0;3
202300003426;155 674 516;32;0;2;1;19;1
202300003426;155 674 517;43;0;2;7;1;1
202300003427;155 674 515;7;13;0;1;15;1
202300003428;155 674 513;7;0;2;1;5;1
202300003428;155 674 514;7;0;2;1;1;0
202300003429;155 674 512;7;13;0;3;1;1
202300003430;155 674 511;7;6;1;1;15;1
202300003431;155 674 510;7;13;0;9;1;0
202300003432;155 674 508;32;0;2;1;1;1
202300003432;155 674 509;7;0;2;1;15;1
202300003433;155 674 506;7;0;0;5;23;1
202300003433;155 674 507;34;10;2;3;2;1
202300003434;155 674 502;1;0;2;1;1;5
202300003434;155 674 503;7;0;2;8;15;6
202300003435;155 674 504;7;0;2;3;15;3
202300003435;155 674 505;32;0;2;1;1;1
202300003436;155 674 500;7;0;2;2;17;1
202300003436;155 674 501;17;0;2;6;1;1
202300003437;155 674 498;14;6;0;1;1;1
202300003438;155 674 499;7;1;0;1;16;1
202300003439;155 674 496;14;0;2;6;15;1
202300003439;155 674 497;7;0;2;3;1;3
202300003440;155 674 494;14;0;2;3;1;1
202300003440;155 674 495;7;0;2;1;13;1
202300003441;155 674 493;7;3;0;1;1;1
202300003442;155 674 491;80;0;2;1;9;3
202300003442;155 674 492;7;0;2;5;20;1
202300003443;155 674 489;7;0;2;3;15;1
202300003443;155 674 490;33;0;2;1;17;1
202300003444;155 674 487;7;0;2;1;1;1
202300003444;155 674 488;7;0;2;4;23;1
202300003445;155 674 485;7;0;2;1;9;0
202300003445;155 674 486;1;0;2;7;15;5
202300003446;155 674 483;1;0;2;4;1;5
202300003446;155 674 484;7;14;0;0;0;1
202300003447;155 674 481;7;0;2;5;23;1
202300003447;155 674 482;32;0;2;1;2;1
202300003448;155 674 480;7;0;1;1;1;1
202300003449;155 674 478;7;0;2;4;1;1
202300003449;155 674 479;7;0;2;1;1;1
202300003450;155 674 476;10;0;2;4;2;1
202300003450;155 674 477;7;0;2;1;2;1
202300003451;155 674 475;7;0;2;3;1;1
202300003452;155 674 473;33;0;2;1;3;1
202300003452;155 674 474;7;0;2;5;1;3
202300003453;155 674 471;7;10;0;2;14;1
202300003454;155 674 469;33;0;2;1;3;1
202300003454;155 674 470;7;0;2;5;12;1
202300003455;155 674 467;7;4;0;3;13;1
202300003456;155 674 466;10;0;2;3;1;1
202300003456;155 674 468;7;16;2;1;13;1
202300003456;155 674 472;7;0;2;1;1;1
202300003457;155 674 464;33;0;2;2;26;1
202300003457;155 674 465;7;0;2;8;11;1
202300003458;155 674 460;7;0;2;4;2;1
202300003458;155 674 461;7;0;2;1;2;1
202300003458;155 674 463;7;0;2;4;13;1
202300003459;155 674 458;7;0;2;1;1;1
202300003459;155 674 462;7;0;2;7;13;3
202300003460;155 674 457;33;0;2;1;3;1
202300003460;155 674 459;7;0;2;8;1;1
202300003461;155 674 453;7;0;2;5;12;1
202300003461;155 674 455;33;0;2;1;18;1
202300003462;155 674 454;1;0;2;4;1;5
202300003462;155 674 456;10;0;2;1;1;1
202300003463;155 674 451;7;0;2;6;11;1
202300003463;155 674 452;33;0;2;1;2;1
202300003464;155 674 448;7;0;2;2;1;1
202300003464;155 674 449;7;0;2;3;1;1
202300003465;155 674 447;7;0;2;5;9;1
202300003465;155 674 450;33;1;2;1;1;1
202300003466;155 674 446;7;3;9;3;1;1
202300003467;155 674 443;7;0;1;4;20;2
202300003468;155 674 439;7;0;2;1;1;1
202300003468;155 674 441;7;0;2;1;0;1
202300003468;155 674 442;7;0;2;6;21;1
202300003468;155 674 444;7;0;2;1;1;1
202300003468;155 674 445;7;0;2;1;1;1
202300003469;155 674 440;50;0;0;0;21;3
202300003470;155 674 436;7;0;2;2;1;1
202300003470;155 674 438;7;1;2;8;1;1
202300003471;155 674 433;7;0;2;7;14;1
202300003471;155 674 434;30;0;2;1;1;1
202300003472;155 674 435;50;0;2;1;2;3
202300003472;155 674 437;37;0;2;4;2;1
202300003473;155 674 431;7;0;2;6;23;1
202300003473;155 674 432;33;0;2;1;2;1
202300003474;155 674 430;7;0;1;3;15;1
202300003475;155 674 428;33;0;2;4;1;1
202300003475;155 674 429;7;0;2;1;2;1
202300003476;155 674 427;2;0;0;0;1;3
202300003477;155 674 426;0;0;0;0;26;0
202300003478;155 674 424;10;0;1;4;4;1
202300003479;155 674 423;7;0;2;4;20;1
202300003479;155 674 425;1;0;2;1;1;5
202300003480;155 674 422;99;0;0;0;0;0
202300003481;155 674 420;7;0;2;1;2;1
202300003481;155 674 421;7;0;2;4;23;1
202300003482;155 674 419;1;6;0;1;2;5
202300003483;155 674 417;7;0;5;9;2;0
202300003484;155 674 416;2;0;2;1;2;3
202300003484;155 674 418;7;0;2;2;2;0
202300003485;155 674 414;7;0;1;2;1;1
202300003486;155 674 409;7;0;2;2;15;1
202300003486;155 674 410;31;0;2;1;1;1
202300003487;155 674 411;7;0;2;1;2;1
202300003487;155 674 412;7;0;2;4;2;1
202300003488;155 674 405;7;0;2;1;2;1
202300003488;155 674 406;7;0;2;4;2;1
202300003488;155 674 408;7;0;2;4;2;1
202300003489;155 674 404;2;0;2;1;17;3
202300003489;155 674 407;7;0;2;8;15;2
202300003490;155 674 401;10;0;2;3;1;1