Num_Acc;id_vehicule;categorie_vehicule;obstacle_fixe;obstacle_mobile;point_choc_initial;manoeuvre_principale;motorisation
202300003490;155 674 403;31;0;2;1;1;1
202300003491;155 674 399;10;0;1;1;0;1
202300003492;155 674 400;7;0;2;2;0;1
202300003492;155 674 402;1;0;2;7;19;5
202300003493;155 674 397;2;0;2;1;17;1
202300003493;155 674 398;7;0;2;6;15;1
202300003494;155 674 394;7;0;2;4;1;1
202300003494;155 674 395;31;0;2;1;1;1
202300003495;155 674 393;7;0;2;1;1;1
202300003495;155 674 396;7;0;2;4;1;1
202300003496;155 674 391;2;14;0;1;1;1
202300003496;155 674 392;7;0;2;0;23;1
202300003497;155 674 390;33;0;1;1;1;1
202300003498;155 674 388;7;0;2;3;9;1
202300003498;155 674 389;7;0;2;1;1;1
202300003499;155 674 385;33;0;2;1;1;1
202300003499;155 674 387;32;0;2;4;1;1
202300003500;155 674 383;33;0;2;3;21;0
202300003500;155 674 384;7;0;2;3;13;0
202300003501;155 674 381;7;0;2;1;26;1
202300003501;155 674 382;7;0;2;1;1;1
202300003502;155 674 380;7;0;1;1;2;1
202300003503;155 674 378;7;12;0;2;1;1
202300003504;155 674 376;33;0;9;1;0;1
202300003505;155 674 374;7;0;2;6;9;1
202300003505;155 674 375;33;0;2;1;1;1
202300003506;155 674 377;7;0;2;3;15;1
202300003506;155 674 379;3;0;2;1;26;1
202300003507;155 674 371;7;0;2;1;13;1
202300003507;155 674 373;7;0;2;1;1;1
202300003508;155 674 370;7;12;2;1;2;1
202300003508;155 674 372;7;0;2;4;23;1
202300003509;155 674 369;14;0;0;0;26;0
202300003510;155 674 367;10;0;9;5;18;0
202300003510;155 674 368;50;0;2;3;2;3
202300003511;155 674 364;80;0;2;4;0;3
202300003511;155 674 366;7;0;9;1;1;1
202300003512;155 674 363;10;9;0;2;1;1
202300003512;155 674 365;3;0;2;1;1;3
202300003513;155 674 360;10;0;2;2;2;1
202300003513;155 674 362;1;0;2;6;2;5
202300003514;155 674 359;7;0;2;1;1;3
202300003514;155 674 361;2;0;2;7;1;1
202300003515;155 674 355;7;0;2;4;1;1
202300003515;155 674 357;37;0;2;1;1;1
202300003516;155 674 356;30;0;2;1;1;1
202300003516;155 674 358;7;0;2;2;15;1
202300003517;155 674 351;7;0;2;3;0;1
202300003517;155 674 353;10;0;2;7;0;1
202300003517;155 674 354;7;0;2;1;13;1
202300003518;155 674 350;1;0;2;4;1;5
202300003518;155 674 352;30;0;2;1;17;0
202300003519;155 674 349;33;0;0;0;1;1
202300003520;155 674 348;7;0;1;1;1;1
202300003521;155 674 347;7;14;0;1;1;1
202300003522;155 674 346;7;0;1;2;16;1
202300003523;155 674 345;7;11;0;3;13;1
202300003524;155 674 343;7;0;1;1;1;1
202300003525;155 674 339;7;0;2;0;26;0
202300003525;155 674 340;1;0;2;0;0;5
202300003526;155 674 337;7;0;1;1;1;1
202300003527;155 674 336;30;14;0;1;17;1
202300003528;155 674 334;7;0;2;6;11;1
202300003528;155 674 335;30;0;2;3;1;1
202300003529;155 674 331;2;16;2;0;2;1
202300003529;155 674 333;7;16;0;3;2;1
202300003530;155 674 330;7;0;2;1;16;1
202300003530;155 674 332;50;0;2;0;0;3
202300003531;155 674 327;7;6;2;1;1;1
202300003531;155 674 329;7;0;2;3;1;0
202300003532;155 674 326;2;0;2;7;1;1
202300003532;155 674 328;7;0;2;3;1;1
202300003533;155 674 324;30;0;2;1;1;1
202300003533;155 674 325;7;0;2;3;15;1
202300003534;155 674 321;31;14;0;1;1;1
202300003535;155 674 323;7;0;1;3;1;1
202300003536;155 674 319;80;0;2;2;1;3
202300003536;155 674 320;7;0;2;8;1;1
202300003537;155 674 315;43;0;2;8;1;1
202300003537;155 674 316;7;0;2;1;15;1
202300003538;155 674 317;7;0;9;6;1;1
202300003538;155 674 318;50;0;2;2;1;3
202300003539;155 674 314;43;0;1;8;21;1
202300003540;155 674 311;7;0;2;1;2;1
202300003540;155 674 313;7;0;2;4;2;1
202300003541;155 674 312;7;8;0;2;1;1
202300003542;155 674 310;7;13;0;1;26;1
202300003543;155 674 307;7;0;2;8;26;1
202300003543;155 674 308;1;0;2;1;9;5
202300003544;155 674 306;13;0;2;1;19;1
202300003544;155 674 309;7;0;2;7;1;1
202300003545;155 674 305;7;0;1;1;1;2
202300003546;155 674 303;33;0;2;3;1;1
202300003546;155 674 304;7;0;2;0;0;0
202300003547;155 674 302;7;0;1;2;1;1
202300003548;155 674 301;7;12;0;1;16;1
202300003549;155 674 300;10;1;0;2;1;1
202300003550;155 674 297;7;0;2;3;0;2
202300003550;155 674 298;7;0;2;2;15;1
202300003551;155 674 296;7;0;2;4;2;1
202300003551;155 674 299;10;0;2;1;2;1
202300003552;155 674 294;7;0;2;1;2;1
202300003552;155 674 295;7;0;0;4;2;1
202300003553;155 674 289;7;0;2;1;1;0
202300003553;155 674 291;7;0;2;4;1;1
202300003554;155 674 290;15;0;2;2;12;1
202300003554;155 674 292;7;0;2;8;1;1
202300003554;155 674 293;33;0;2;1;2;1
202300003555;155 674 287;7;0;2;2;16;1
202300003555;155 674 288;7;0;2;3;1;1
202300003556;155 674 284;7;0;2;6;2;1
202300003556;155 674 286;31;0;2;1;2;1
202300003557;155 674 283;7;0;2;3;1;1
202300003557;155 674 285;32;0;2;2;9;1
202300003558;155 674 282;50;0;0;1;1;3
202300003559;155 674 280;30;5;0;0;2;1
202300003560;155 674 279;7;0;0;9;2;1
202300003561;155 674 278;7;0;2;1;1;1
202300003561;155 674 281;7;0;2;8;1;2
202300003562;155 674 277;7;0;0;1;1;1
202300003563;155 674 275;50;1;2;1;5;3
202300003563;155 674 276;10;1;2;8;15;1
202300003564;155 674 274;33;0;1;0;2;0
202300003565;155 674 272;32;0;1;2;17;1
202300003565;155 674 273;7;0;2;6;1;1
202300003566;155 674 271;10;0;1;1;1;1
202300003567;155 674 270;30;0;1;2;17;1
202300003568;155 674 268;7;0;2;1;1;1
202300003568;155 674 269;7;0;2;3;20;1
202300003569;155 674 265;7;0;2;3;15;1
202300003569;155 674 267;30;0;2;2;17;3
202300003570;155 674 264;43;0;4;7;1;1
202300003570;155 674 266;40;0;2;1;1;3
202300003571;155 674 261;7;0;2;3;1;1
202300003571;155 674 263;34;0;2;1;1;1
202300003572;155 674 262;7;0;1;3;2;2
202300003573;155 674 259;1;0;2;1;1;5
202300003573;155 674 260;7;0;2;1;5;0
202300003574;155 674 258;7;9;0;1;14;1
202300003575;155 674 256;1;0;2;2;1;5
202300003575;155 674 257;1;0;2;2;1;5
202300003576;155 674 253;7;0;2;1;5;0
202300003576;155 674 254;1;0;2;1;1;5
202300003577;155 674 252;1;0;2;3;15;5
202300003577;155 674 255;1;0;2;1;5;5
202300003578;155 674 250;50;0;2;1;15;3
202300003578;155 674 251;7;0;2;3;16;1
202300003579;155 674 249;1;0;1;1;1;5
202300003580;155 674 247;7;0;2;7;17;1
202300003580;155 674 248;1;0;2;8;15;5
202300003581;155 674 246;7;0;1;3;16;1
202300003582;155 674 243;10;0;2;1;2;1
202300003582;155 674 245;2;0;2;4;2;1
202300003583;155 674 242;33;0;2;2;21;1
202300003583;155 674 244;1;0;2;3;11;5
202300003584;155 674 240;7;0;2;3;15;0
202300003584;155 674 241;33;0;2;1;1;1
202300003585;155 674 239;1;0;1;1;1;5
202300003586;155 674 237;7;0;2;1;1;1
202300003586;155 674 238;7;0;2;3;26;1
202300003587;155 674 234;7;0;2;1;26;1
202300003587;155 674 236;33;0;2;1;0;0
202300003588;155 674 233;7;0;2;8;20;2
202300003588;155 674 235;80;0;2;7;1;3
202300003589;155 674 231;7;1;0;8;17;1
202300003589;155 674 232;33;0;2;0;1;1
202300003590;155 674 230;1;14;2;3;13;5
202300003591;155 674 227;7;0;1;1;1;0
202300003592;155 674 228;30;0;1;1;19;1
202300003593;155 674 225;7;0;2;2;9;1
202300003593;155 674 226;2;0;2;1;1;1
202300003594;155 674 222;7;0;2;2;9;1
202300003594;155 674 223;7;0;2;3;1;1
202300003595;155 674 220;36;0;0;0;16;1
202300003596;155 674 221;32;0;2;8;13;1
202300003596;155 674 224;7;0;2;7;1;1
202300003597;155 674 219;50;0;1;3;2;3
202300003598;155 674 217;7;0;9;2;15;1
202300003599;155 674 216;43;0;2;8;1;1
202300003599;155 674 218;7;0;2;3;13;1
202300003600;155 674 215;7;2;0;3;1;1
202300003601;155 674 212;7;0;2;5;0;0
202300003601;155 674 214;33;0;2;1;2;0
202300003602;155 674 211;10;0;1;4;4;1
202300003603;155 674 210;7;3;0;3;1;1
202300003604;155 674 213;34;0;1;3;0;0
202300003605;155 674 206;7;0;2;5;2;1
202300003605;155 674 208;7;1;2;3;2;1
202300003605;155 674 209;7;1;0;6;23;1
202300003606;155 674 205;7;0;2;2;0;0
202300003606;155 674 207;7;0;2;6;0;0
202300003607;155 674 200;14;0;2;1;0;1
202300003607;155 674 202;7;0;2;4;0;1
202300003607;155 674 203;7;0;0;4;0;0
202300003608;155 674 197;7;0;2;3;13;1
202300003608;155 674 198;7;3;2;3;1;1
202300003608;155 674 199;7;0;0;4;1;1
202300003608;155 674 201;7;3;0;7;1;1
202300003608;155 674 204;7;0;2;1;1;1
202300003609;155 674 195;7;0;2;1;1;1
202300003609;155 674 196;10;0;2;4;2;1
202300003610;155 674 193;7;0;2;3;1;0
202300003610;155 674 194;7;0;2;2;15;0
202300003611;155 674 192;7;13;0;2;1;1
202300003612;155 674 189;36;0;0;6;0;0
202300003612;155 674 190;36;1;0;2;0;0
202300003613;155 674 188;7;6;0;1;1;1
202300003614;155 674 187;7;0;2;3;1;1
202300003614;155 674 191;7;0;2;2;19;1
202300003615;155 674 186;7;13;0;1;1;1
202300003616;155 674 181;7;0;2;8;1;1
202300003616;155 674 182;7;0;2;2;1;1
202300003616;155 674 185;10;0;2;1;13;1
202300003617;155 674 180;13;6;0;1;1;1
202300003618;155 674 183;3;0;2;1;15;0
202300003618;155 674 184;3;0;2;1;2;0
202300003619;155 674 177;10;2;0;1;13;1
202300003620;155 674 175;7;16;0;0;14;1
202300003621;155 674 176;15;0;0;5;15;1
202300003621;155 674 178;7;0;2;6;1;1
202300003622;155 674 173;33;0;2;2;17;1
202300003622;155 674 174;7;0;2;3;15;1
202300003623;155 674 171;7;0;2;0;17;0
202300003623;155 674 172;37;0;2;8;9;1
202300003624;155 674 170;7;2;0;7;1;1
202300003625;155 674 169;33;0;0;7;15;1
202300003626;155 674 168;10;0;1;1;16;1
202300003627;155 674 166;7;0;2;3;1;0
202300003627;155 674 167;7;0;0;5;0;0
202300003628;155 674 165;7;0;1;1;9;0
202300003629;155 674 163;10;0;1;4;4;1
202300003630;155 674 162;7;0;2;1;1;1
202300003630;155 674 164;7;0;2;2;15;1
202300003631;155 674 159;32;0;2;5;1;1
202300003631;155 674 161;7;0;2;2;9;1
202300003632;155 674 158;7;0;2;3;19;1
202300003632;155 674 160;34;0;2;1;1;1
202300003633;155 674 156;21;0;2;4;1;1
202300003633;155 674 157;7;0;2;1;1;1
202300003634;155 674 154;2;0;0;0;14;1
202300003634;155 674 155;7;0;0;0;0;1
202300003635;155 674 153;7;8;0;1;1;1
202300003636;155 674 152;7;2;0;0;0;2
202300003637;155 674 149;13;0;2;2;1;1
202300003637;155 674 151;7;0;2;1;1;1
202300003638;155 674 148;7;8;0;2;1;1
202300003638;155 674 150;7;0;2;1;1;1
202300003639;155 674 146;7;0;2;2;1;1
202300003639;155 674 147;3;0;0;3;1;1
202300003640;155 674 144;7;0;2;1;13;1
202300003640;155 674 145;7;0;2;1;1;1
202300003641;155 674 142;7;0;0;3;19;0
202300003641;155 674 143;33;0;2;1;2;0
202300003642;155 674 141;7;0;1;4;4;1
202300003643;155 674 137;7;0;2;3;13;1
202300003643;155 674 139;33;0;2;8;1;1
202300003644;155 674 136;7;0;2;5;16;1
202300003644;155 674 138;50;0;2;1;1;3
202300003645;155 674 131;7;1;0;1;1;1
202300003646;155 674 130;7;0;2;3;1;1
202300003646;155 674 134;2;0;2;3;1;1
202300003647;155 674 132;7;0;2;3;1;1
202300003647;155 674 133;7;4;0;4;0;1
202300003647;155 674 135;7;0;2;1;0;1
202300003647;155 674 140;7;0;2;1;2;1
202300003648;155 674 129;7;6;0;1;1;1
202300003649;155 674 126;7;0;2;3;9;1
202300003649;155 674 128;33;0;2;2;1;1
202300003650;155 674 125;10;15;0;0;0;0
202300003651;155 674 124;7;0;2;2;15;1
202300003651;155 674 127;1;0;2;1;1;5
202300003652;155 674 120;7;0;2;3;1;1
202300003652;155 674 122;7;0;2;5;15;1
202300003652;155 674 123;33;0;2;1;17;1
202300003653;155 674 121;33;3;0;1;2;1
202300003654;155 674 119;7;3;0;9;1;1
202300003655;155 674 117;1;0;2;8;19;5
202300003655;155 674 118;7;0;9;1;1;1
202300003656;155 674 116;7;16;0;0;0;1
202300003657;155 674 115;7;2;0;3;1;1
202300003658;155 674 113;7;3;0;1;26;1
202300003659;155 674 112;80;0;2;8;1;3
202300003659;155 674 114;7;0;2;7;9;1
202300003660;155 674 111;7;0;1;2;1;1
202300003661;155 674 108;30;0;2;1;1;0
202300003661;155 674 110;7;0;2;2;15;1
202300003662;155 674 107;7;0;2;1;0;1
202300003662;155 674 109;50;0;2;8;26;3
202300003663;155 674 106;7;0;1;3;1;0
202300003664;155 674 103;7;0;2;6;11;1
202300003664;155 674 105;2;0;2;1;1;1
202300003665;155 674 102;7;0;9;2;15;1
202300003665;155 674 104;1;0;2;1;1;5
202300003666;155 674 101;2;0;0;7;1;1
202300003667;155 674 098;7;0;2;2;0;1
202300003667;155 674 099;10;5;0;6;0;1
202300003668;155 674 097;7;0;2;1;1;1
202300003668;155 674 100;1;0;2;7;1;5
202300003669;155 674 093;7;0;2;6;1;1
202300003669;155 674 095;7;0;2;3;1;1
202300003670;155 674 094;7;12;2;3;1;1
202300003670;155 674 096;7;0;2;8;1;1
202300003671;155 674 091;17;0;0;6;17;1
202300003671;155 674 092;7;4;2;1;17;1
202300003672;155 674 089;7;0;1;1;26;1
202300003673;155 674 087;10;0;9;0;1;1
202300003673;155 674 090;30;0;2;0;2;1
202300003674;155 674 086;1;;2;1;13;5
202300003674;155 674 088;7;0;2;3;1;1
202300003675;155 674 083;7;0;2;2;16;1
202300003675;155 674 085;1;0;2;8;1;5
202300003676;155 674 081;7;0;2;2;15;1
202300003676;155 674 084;31;0;2;1;1;1
202300003677;155 674 080;2;0;2;8;13;1
202300003677;155 674 082;7;0;2;1;1;1
202300003678;155 674 077;31;0;2;1;17;1
202300003678;155 674 078;10;0;2;6;2;0
202300003678;155 674 079;7;0;2;8;20;1
202300003679;155 674 074;7;0;2;3;17;1
202300003679;155 674 075;7;0;2;3;16;1
202300003680;155 674 072;0;0;2;8;3;0
202300003680;155 674 073;33;0;2;7;1;1
202300003681;155 674 071;7;0;1;1;1;1
202300003682;155 674 070;33;0;2;7;19;1
202300003682;155 674 076;7;0;2;2;1;1
202300003683;155 674 067;33;0;2;1;1;1
202300003683;155 674 068;7;0;2;5;23;1
202300003684;155 674 066;7;0;2;6;19;1
202300003684;155 674 069;31;0;2;1;1;1
202300003685;155 674 062;7;0;2;1;13;1
202300003685;155 674 063;7;0;2;1;2;1
202300003686;155 674 061;7;4;0;3;1;1
202300003687;155 674 064;7;0;2;1;17;1
202300003687;155 674 065;7;2;0;6;15;1
202300003688;155 674 059;33;0;0;9;1;1
202300003689;155 674 060;7;0;1;1;1;1
202300003690;155 674 057;1;0;0;0;2;5
202300003690;155 674 058;7;0;2;3;2;0
202300003691;155 674 055;33;0;0;9;1;1
202300003691;155 674 056;33;0;0;9;1;1
202300003692;155 674 053;7;0;2;2;15;1
202300003692;155 674 054;31;0;2;1;1;1
202300003693;155 674 052;7;0;1;2;1;0
202300003694;155 674 051;31;13;0;3;1;1
202300003695;155 674 049;7;0;2;4;1;1
202300003695;155 674 050;2;12;2;1;2;1
202300003696;155 674 047;7;0;0;9;2;1
202300003697;155 674 044;7;0;2;2;1;1
202300003697;155 674 046;1;0;2;1;15;5
202300003698;155 674 042;7;0;0;4;2;1
202300003698;155 674 045;7;0;2;1;1;1
202300003699;155 674 040;31;4;0;8;15;1
202300003700;155 674 039;2;0;2;3;1;1
202300003700;155 674 043;10;0;2;3;20;1
202300003701;155 674 038;7;0;2;3;26;1
202300003701;155 674 041;7;7;2;1;1;1
202300003702;155 674 032;7;0;2;6;2;1
202300003702;155 674 035;7;0;2;3;2;1
202300003702;155 674 037;7;0;2;5;2;1
202300003703;155 674 033;7;13;2;1;1;1
202300003703;155 674 036;10;0;2;1;13;1
202300003704;155 674 031;7;0;2;3;1;1
202300003704;155 674 034;10;0;2;3;13;1
202300003705;155 674 027;7;0;2;1;1;1
202300003705;155 674 028;7;7;2;7;19;1
202300003706;155 674 024;50;0;2;1;13;3
202300003706;155 674 026;7;0;9;7;17;1
202300003707;155 674 025;7;0;2;1;5;1
202300003707;155 674 029;7;0;2;1;1;1
202300003708;155 674 022;7;0;2;1;1;1
202300003708;155 674 023;10;0;2;1;21;1
202300003709;155 674 019;7;0;2;1;1;1
202300003709;155 674 020;7;0;2;7;15;1
202300003710;155 674 018;33;0;2;1;1;1
202300003710;155 674 021;10;0;2;1;15;1
202300003711;155 674 015;7;0;0;4;1;1
202300003711;155 674 016;7;0;2;1;2;1
202300003711;155 674 017;7;0;2;4;2;1
202300003712;155 674 013;7;0;2;4;1;1
202300003712;155 674 014;7;0;2;4;1;1
202300003713;155 674 012;10;10;0;3;13;1
202300003714;155 674 011;7;3;0;3;1;1
202300003715;155 674 009;7;0;2;3;15;1
202300003715;155 674 010;43;0;2;7;6;1
202300003716;155 674 006;7;0;1;1;1;2
202300003717;155 674 000;7;0;2;1;2;1
202300003717;155 674 003;10;0;2;4;2;1
202300003717;155 674 005;7;0;2;4;0;1
202300003717;155 674 007;7;0;2;4;2;1
202300003717;155 674 008;7;0;2;4;2;1
202300003718;155 674 002;7;0;2;2;15;1
202300003718;155 674 004;30;0;2;2;1;1
202300003719;155 673 998;7;0;2;1;2;1
202300003719;155 673 999;7;0;2;4;2;1
202300003720;155 673 996;10;0;2;6;2;1
202300003720;155 674 001;33;0;2;3;3;1
202300003721;155 673 995;7;0;2;2;15;1
202300003721;155 673 997;2;0;2;1;18;1
202300003722;155 673 990;7;0;0;1;2;1
202300003722;155 673 992;7;0;9;1;1;1
202300003723;155 673 987;0;0;2;0;0;0
202300003723;155 673 989;0;0;2;0;0;0
202300003723;155 673 991;7;0;2;4;0;0
202300003723;155 673 993;10;0;2;4;0;0
202300003723;155 673 994;7;0;2;6;0;0
202300003724;155 673 982;7;0;2;6;1;1
202300003724;155 673 985;10;0;2;1;1;1
202300003724;155 673 986;7;0;2;6;1;1
202300003725;155 673 980;7;0;2;0;0;1
202300003725;155 673 983;33;4;2;0;0;1
202300003726;155 673 976;7;0;2;1;1;1
202300003726;155 673 978;7;0;2;8;16;1
202300003727;155 673 975;7;0;2;3;11;1
202300003727;155 673 977;32;0;2;2;3;1
202300003728;155 673 979;7;0;2;1;13;1
202300003728;155 673 981;7;0;2;1;1;1
202300003728;155 673 984;7;0;2;1;1;1
202300003729;155 673 972;33;0;2;3;1;1
202300003729;155 673 974;37;0;2;3;15;1
202300003730;155 673 970;33;0;2;1;2;1
202300003730;155 673 973;7;0;2;4;2;1
202300003731;155 673 969;7;0;2;3;9;1
202300003731;155 673 971;33;0;2;1;1;0
202300003732;155 673 965;32;0;2;8;3;1
202300003732;155 673 967;7;0;2;7;12;1
202300003733;155 673 964;7;0;2;1;1;1
202300003733;155 673 968;7;9;2;3;1;1
202300003734;155 673 960;7;0;1;2;16;1
202300003735;155 673 962;7;0;2;2;19;1
202300003735;155 673 966;7;0;2;1;1;0
202300003736;155 673 961;7;0;2;1;2;1
202300003736;155 673 963;7;0;2;4;2;1
202300003737;155 673 958;2;0;0;9;0;1
202300003738;155 673 956;7;0;2;1;1;1
202300003738;155 673 959;34;0;2;4;1;1
202300003739;155 673 955;7;0;2;1;15;3
202300003739;155 673 957;1;0;2;8;16;5
202300003740;155 673 951;7;0;2;1;26;1
202300003740;155 673 953;7;0;2;4;0;1
202300003741;155 673 952;7;8;0;1;1;1
202300003742;155 673 947;7;0;2;5;12;1
202300003742;155 673 949;33;0;2;3;2;1
202300003743;155 673 945;30;0;2;1;1;6
202300003743;155 673 948;7;0;2;3;15;6
202300003744;155 673 944;7;0;2;2;13;1
202300003744;155 673 946;7;0;2;3;0;1
202300003745;155 673 942;7;0;2;1;2;1
202300003745;155 673 943;7;0;2;4;2;1
202300003746;155 673 939;7;0;2;7;15;1
202300003746;155 673 941;7;0;2;1;1;1
202300003747;155 673 937;33;0;2;7;1;1
202300003747;155 673 938;7;0;2;8;11;1
202300003748;155 673 940;7;13;0;1;14;1
202300003749;155 673 932;7;0;2;6;1;0
202300003749;155 673 933;15;0;2;3;1;0
202300003749;155 673 935;7;0;2;4;1;0
202300003749;155 673 936;10;0;2;6;1;0
202300003750;155 673 931;7;0;2;4;2;1
202300003750;155 673 934;31;0;2;1;2;1
202300003751;155 673 926;7;0;2;7;15;1
202300003751;155 673 929;7;0;2;1;2;1
202300003752;155 673 925;7;0;2;1;1;1
202300003752;155 673 928;32;0;2;1;26;1
202300003753;155 673 927;7;0;9;1;26;0
202300003753;155 673 930;1;0;2;7;1;5
202300003754;155 673 921;32;0;2;6;13;1
202300003754;155 673 924;7;0;2;6;0;1
202300003755;155 673 919;7;0;0;4;23;1
202300003755;155 673 922;7;0;2;1;23;1
202300003755;155 673 923;7;0;1;3;4;1
202300003756;155 673 920;2;1;0;1;21;1
202300003757;155 673 914;31;0;2;1;3;1
202300003757;155 673 917;10;0;2;5;1;1
202300003758;155 673 915;7;0;2;3;13;1
202300003758;155 673 918;7;0;2;1;1;1
202300003759;155 673 911;32;0;2;8;3;1
202300003759;155 673 913;33;0;2;7;1;1
202300003760;155 673 910;7;0;2;3;24;0
202300003760;155 673 912;33;1;2;1;1;0
202300003761;155 673 908;7;0;2;1;1;1
202300003761;155 673 916;1;0;2;8;1;5
202300003762;155 673 907;33;0;2;1;3;1
202300003762;155 673 909;7;0;2;4;12;1
202300003763;155 673 906;7;0;1;1;0;1
202300003764;155 673 904;33;3;0;1;1;1
202300003765;155 673 903;7;0;2;3;15;1
202300003765;155 673 905;1;0;2;1;1;5
202300003766;155 673 902;7;0;1;0;1;1
202300003767;155 673 901;33;0;0;7;1;1
202300003768;155 673 898;33;0;2;4;1;1
202300003768;155 673 900;7;0;2;1;2;1
202300003769;155 673 897;7;4;2;1;13;1
202300003769;155 673 899;10;0;2;7;1;1
202300003770;155 673 895;7;0;1;2;1;1
202300003771;155 673 894;7;0;1;3;1;1
202300003772;155 673 892;37;0;0;0;21;1
202300003773;155 673 893;15;0;2;2;1;0
202300003773;155 673 896;7;0;2;3;9;0
202300003774;155 673 890;7;0;2;2;15;1
202300003774;155 673 891;2;0;2;1;1;1
202300003775;155 673 887;7;0;2;1;15;1
202300003775;155 673 889;31;0;2;7;1;1
202300003776;155 673 886;7;0;0;4;17;1
202300003776;155 673 888;33;0;2;1;17;1
202300003777;155 673 884;2;0;2;1;3;1
202300003777;155 673 885;10;0;9;6;23;1
202300003778;155 673 883;7;0;1;6;4;2
202300003779;155 673 880;33;0;2;1;1;1
202300003779;155 673 881;7;0;2;4;23;1
202300003780;155 673 878;7;0;2;2;2;1
202300003780;155 673 882;7;0;0;6;1;1
202300003781;155 673 875;10;0;2;1;2;1
202300003781;155 673 877;7;0;2;4;2;0
202300003781;155 673 879;99;0;2;4;2;1
202300003782;155 673 874;7;0;1;3;2;1
202300003783;155 673 873;7;0;2;3;22;1
202300003783;155 673 876;1;0;2;1;1;5
202300003784;155 673 872;7;4;0;1;1;1
202300003785;155 673 871;32;0;1;8;18;1
202300003786;155 673 870;7;0;0;1;15;1
202300003787;155 673 866;17;0;2;2;16;1
202300003787;155 673 868;1;0;0;0;0;5
202300003788;155 673 865;1;0;2;0;2;5
202300003788;155 673 869;7;0;2;0;16;0
202300003789;155 673 863;1;0;0;0;5;5
202300003790;155 673 862;7;15;0;1;1;1
202300003791;155 673 861;7;0;2;1;2;1
202300003791;155 673 864;7;0;2;4;1;1
202300003791;155 673 867;7;0;2;1;2;1
202300003792;155 673 858;10;0;2;3;15;1
202300003792;155 673 860;31;0;2;3;1;1
202300003793;155 673 856;7;0;2;1;1;1
202300003793;155 673 857;33;0;2;4;1;1
202300003794;155 673 852;10;0;2;2;15;3
202300003794;155 673 853;31;14;2;6;1;1
202300003795;155 673 847;7;0;2;1;2;1
202300003795;155 673 849;7;0;2;4;1;1
202300003795;155 673 851;7;0;2;4;2;0
202300003796;155 673 845;7;0;2;8;22;1
202300003796;155 673 848;2;0;2;1;17;1
202300003797;155 673 846;7;0;2;4;2;1
202300003797;155 673 850;10;0;2;1;2;1
202300003798;155 673 843;80;0;1;1;1;3
202300003799;155 673 841;1;0;2;1;5;5
202300003799;155 673 844;7;0;9;2;1;1
202300003800;155 673 839;1;0;1;1;1;5
202300003801;155 673 837;7;0;2;4;1;1
202300003801;155 673 838;7;0;2;3;1;1
202300003801;155 673 840;7;0;2;1;13;1
202300003801;155 673 842;10;0;2;5;1;1
202300003802;155 673 836;30;0;0;7;1;1
202300003803;155 673 834;1;0;2;3;1;5
202300003803;155 673 835;31;0;2;2;1;0
202300003804;155 673 832;7;2;0;2;1;1
202300003805;155 673 831;10;0;0;6;23;0
202300003805;155 673 833;7;1;2;2;14;0
202300003806;155 673 828;7;0;2;1;0;0
202300003806;155 673 830;10;0;2;3;13;0
202300003807;155 673 826;7;0;2;2;15;1
202300003807;155 673 829;33;0;2;1;1;1
202300003808;155 673 825;17;0;2;1;1;1
202300003808;155 673 827;7;0;2;7;12;1
202300003809;155 673 823;7;0;2;3;22;1
202300003809;155 673 824;1;1;0;1;2;5
202300003810;155 673 820;7;0;2;1;2;0
202300003810;155 673 822;43;0;2;4;2;1
202300003811;155 673 818;10;0;1;1;5;0
202300003812;155 673 819;7;4;2;5;1;1
202300003812;155 673 821;7;4;2;1;1;1
202300003813;155 673 817;7;0;1;1;11;1
202300003814;155 673 816;1;1;0;0;1;5
202300003815;155 673 815;7;4;0;1;1;1
202300003816;155 673 813;1;1;0;1;26;5
202300003817;155 673 812;7;0;9;2;23;1
202300003817;155 673 814;7;0;9;2;13;1
202300003818;155 673 809;7;0;1;1;0;0
202300003819;155 673 808;33;0;2;7;0;1
202300003819;155 673 810;7;0;2;4;1;1
202300003819;155 673 811;7;0;2;3;13;2
202300003820;155 673 807;7;0;1;1;1;1
202300003821;155 673 804;7;0;2;3;15;1
202300003821;155 673 806;1;0;2;3;19;5
202300003822;155 673 802;7;0;1;1;1;1
202300003823;155 673 800;34;1;0;0;14;1
202300003824;155 673 801;33;0;2;1;26;1
202300003824;155 673 803;7;0;2;2;1;1
202300003824;155 673 805;7;0;2;5;1;1
202300003825;155 673 797;7;0;2;3;13;1
202300003825;155 673 799;7;0;2;6;0;1
202300003826;155 673 795;32;0;2;1;2;1
202300003826;155 673 798;7;0;2;3;15;1
202300003827;155 673 793;7;4;2;3;1;1
202300003827;155 673 794;7;0;2;8;1;1
202300003827;155 673 796;17;0;2;1;1;1
202300003828;155 673 790;33;0;2;1;1;1
202300003828;155 673 792;7;0;2;6;23;1
202300003829;155 673 787;17;3;2;3;1;1
202300003829;155 673 788;7;3;2;1;1;1
202300003830;155 673 789;7;0;2;3;20;1
202300003830;155 673 791;33;0;2;2;13;1
202300003831;155 673 786;30;0;0;1;14;1