Num_Acc;id_vehicule;categorie_vehicule;obstacle_fixe;obstacle_mobile;point_choc_initial;manoeuvre_principale;motorisation
202300003832;155 673 785;7;0;2;1;21;1
202300003833;155 673 784;7;0;1;1;2;1
202300003834;155 673 780;31;12;2;1;13;1
202300003834;155 673 781;7;0;2;5;23;1
202300003835;155 673 779;7;0;2;2;21;1
202300003835;155 673 782;7;0;2;3;1;1
202300003835;155 673 783;7;0;2;4;1;1
202300003836;155 673 778;50;0;1;1;26;3
202300003837;155 673 775;14;0;2;1;2;1
202300003837;155 673 776;7;0;2;4;2;1
202300003837;155 673 777;15;0;2;4;2;1
202300003838;155 673 773;34;8;0;1;17;6
202300003838;155 673 774;99;0;0;2;16;0
202300003839;155 673 769;10;0;2;2;20;1
202300003839;155 673 771;2;0;2;1;18;1
202300003840;155 673 765;7;0;9;2;16;1
202300003840;155 673 766;50;0;2;3;18;3
202300003841;155 673 764;7;0;2;1;2;1
202300003841;155 673 767;7;0;2;4;2;1
202300003841;155 673 768;7;0;2;4;2;1
202300003841;155 673 770;7;0;2;4;2;0
202300003841;155 673 772;7;0;2;4;2;1
202300003842;155 673 762;1;0;2;1;1;5
202300003842;155 673 763;7;2;0;5;16;1
202300003843;155 673 761;7;4;0;1;0;1
202300003844;155 673 759;7;4;2;3;17;1
202300003844;155 673 760;10;0;0;0;0;0
202300003845;155 673 758;7;4;0;1;26;1
202300003846;155 673 757;1;0;0;0;15;5
202300003847;155 673 755;7;0;2;1;1;1
202300003847;155 673 756;7;3;2;3;1;1
202300003848;155 673 753;37;0;2;7;0;1
202300003848;155 673 754;37;0;2;3;0;1
202300003849;155 673 752;7;4;9;8;26;0
202300003850;155 673 750;7;0;2;2;20;1
202300003850;155 673 751;50;0;2;3;0;3
202300003851;155 673 748;10;0;2;1;2;1
202300003851;155 673 749;7;0;2;4;23;1
202300003852;155 673 746;7;2;2;7;1;1
202300003852;155 673 747;34;2;2;1;1;1
202300003853;155 673 745;7;4;0;1;16;1
202300003854;155 673 744;10;0;1;2;21;1
202300003855;155 673 742;7;0;2;1;2;1
202300003855;155 673 743;7;0;2;4;23;1
202300003856;155 673 740;7;0;2;7;14;1
202300003856;155 673 741;2;0;2;8;1;1
202300003857;155 673 739;7;4;0;1;2;1
202300003858;155 673 737;2;0;2;3;1;2
202300003858;155 673 738;7;0;2;2;17;1
202300003859;155 673 733;7;0;2;4;2;2
202300003859;155 673 735;37;0;2;1;2;1
202300003860;155 673 734;33;0;2;3;11;1
202300003860;155 673 736;7;0;2;7;12;1
202300003861;155 673 731;7;0;1;1;1;1
202300003862;155 673 730;10;0;2;4;1;1
202300003862;155 673 732;31;0;2;1;1;1
202300003863;155 673 729;36;0;0;9;1;1
202300003864;155 673 726;7;0;0;4;23;1
202300003864;155 673 728;2;1;0;1;1;1
202300003865;155 673 723;33;0;0;0;21;1
202300003865;155 673 724;33;0;0;4;1;1
202300003865;155 673 725;7;0;0;0;1;1
202300003865;155 673 727;33;3;0;8;21;1
202300003866;155 673 721;7;0;9;1;1;1
202300003866;155 673 722;60;0;2;7;19;5
202300003867;155 673 720;99;4;0;8;1;1
202300003868;155 673 718;7;4;0;8;13;0
202300003869;155 673 716;7;13;0;9;1;1
202300003870;155 673 712;7;0;2;8;11;1
202300003870;155 673 713;33;3;2;7;17;1
202300003871;155 673 711;33;0;2;1;1;1
202300003871;155 673 714;7;0;2;2;15;1
202300003871;155 673 715;7;0;2;2;23;1
202300003871;155 673 717;7;0;2;1;23;1
202300003871;155 673 719;7;0;2;6;23;1
202300003872;155 673 708;7;0;2;5;15;6
202300003872;155 673 710;33;0;2;1;1;1
202300003873;155 673 707;33;0;2;1;1;1
202300003873;155 673 709;21;0;2;3;1;1
202300003874;155 673 705;7;0;0;2;17;1
202300003874;155 673 706;2;0;0;4;13;1
202300003875;155 673 703;10;0;2;1;16;1
202300003875;155 673 704;80;0;2;8;1;3
202300003876;155 673 702;7;16;0;9;5;1
202300003877;155 673 701;7;16;0;3;1;1
202300003878;155 673 700;0;0;1;0;0;0
202300003879;155 673 699;33;0;0;9;1;1
202300003880;155 673 697;7;0;2;1;15;1
202300003880;155 673 698;31;0;2;8;1;1
202300003881;155 673 694;7;13;0;1;1;1
202300003882;155 673 695;7;0;2;3;15;1
202300003882;155 673 696;33;0;2;3;16;1
202300003883;155 673 692;1;0;0;1;17;5
202300003883;155 673 693;1;0;0;1;1;5
202300003884;155 673 690;1;0;2;1;1;5
202300003884;155 673 691;1;0;2;1;5;5
202300003885;155 673 687;7;0;2;5;1;1
202300003885;155 673 688;7;0;2;3;0;1
202300003885;155 673 689;37;0;2;2;2;1
202300003886;155 673 685;14;0;2;2;1;1
202300003886;155 673 686;7;0;2;6;13;1
202300003887;155 673 684;7;1;1;4;4;1
202300003888;155 673 682;1;0;2;0;0;5
202300003888;155 673 683;99;0;2;0;0;0
202300003889;155 673 680;2;0;2;5;1;1
202300003889;155 673 681;7;0;2;3;1;1
202300003890;155 673 678;0;0;2;0;0;
202300003890;155 673 679;1;0;0;4;0;5
202300003891;155 673 676;7;0;2;3;10;1
202300003891;155 673 677;33;0;2;3;1;1
202300003892;155 673 674;33;0;2;7;17;1
202300003892;155 673 675;7;0;2;3;15;1
202300003893;155 673 672;1;1;0;1;1;5
202300003893;155 673 673;7;0;2;3;22;1
202300003894;155 673 670;33;0;2;1;21;1
202300003894;155 673 671;1;0;2;1;1;5
202300003895;155 673 668;7;1;0;6;23;2
202300003895;155 673 669;13;0;0;0;0;1
202300003896;155 673 667;37;0;1;1;15;1
202300003897;155 673 665;50;0;2;1;1;3
202300003897;155 673 666;10;0;2;2;16;0
202300003898;155 673 663;50;0;2;1;1;3
202300003898;155 673 664;7;0;2;1;10;1
202300003899;155 673 661;33;0;2;2;15;1
202300003899;155 673 662;10;0;2;8;15;1
202300003900;155 673 659;7;0;2;7;15;1
202300003900;155 673 660;7;0;2;1;1;1
202300003901;155 673 657;1;0;2;1;1;5
202300003901;155 673 658;7;0;0;3;15;1
202300003902;155 673 655;7;0;2;1;15;1
202300003902;155 673 656;33;0;2;7;1;1
202300003903;155 673 654;7;16;0;0;0;1
202300003904;155 673 652;7;3;2;2;0;1
202300003904;155 673 653;7;4;2;6;1;1
202300003905;155 673 650;1;1;0;1;1;5
202300003905;155 673 651;10;0;0;4;26;1
202300003906;155 673 648;7;0;2;1;9;1
202300003906;155 673 649;33;0;0;7;1;1
202300003907;155 673 647;32;7;0;1;6;1
202300003908;155 673 645;10;0;9;2;1;1
202300003908;155 673 646;1;0;2;4;19;5
202300003909;155 673 643;30;0;0;1;1;1
202300003909;155 673 644;14;0;0;0;2;0
202300003910;155 673 641;7;0;2;3;1;0
202300003910;155 673 642;7;0;2;3;1;0
202300003911;155 673 640;7;0;1;1;0;1
202300003912;155 673 638;34;0;1;7;23;1
202300003912;155 673 639;7;1;2;3;1;1
202300003913;155 673 636;7;0;2;3;0;1
202300003913;155 673 637;7;0;2;3;1;1
202300003914;155 673 635;7;12;0;2;2;1
202300003915;155 673 634;33;0;1;1;3;1
202300003916;155 673 632;21;0;2;3;1;1
202300003916;155 673 633;7;0;2;1;13;1
202300003917;155 673 630;7;2;0;2;21;1
202300003918;155 673 631;2;13;0;0;16;1
202300003919;155 673 627;7;0;2;3;1;1
202300003919;155 673 629;7;0;2;1;13;1
202300003920;155 673 625;36;8;0;3;26;6
202300003921;155 673 626;7;0;2;2;15;1
202300003921;155 673 628;1;0;2;8;1;5
202300003922;155 673 623;7;0;2;7;13;1
202300003922;155 673 624;7;0;0;1;1;1
202300003923;155 673 622;1;0;0;0;1;5
202300003924;155 673 621;7;13;0;1;1;1
202300003925;155 673 620;7;0;1;1;1;1
202300003926;155 673 619;3;1;0;1;14;1
202300003927;155 673 617;1;0;0;0;16;5
202300003928;155 673 614;7;1;0;1;20;1
202300003928;155 673 615;7;0;1;4;24;1
202300003929;155 673 612;14;0;1;2;1;1
202300003930;155 673 611;7;0;0;8;11;1
202300003930;155 673 613;33;0;0;1;2;1
202300003931;155 673 609;31;0;2;1;1;1
202300003931;155 673 610;7;0;2;8;9;1
202300003932;155 673 608;33;0;0;0;1;1
202300003933;155 673 606;7;0;2;1;1;1
202300003933;155 673 607;7;0;2;1;23;1
202300003934;155 673 604;7;13;0;2;1;1
202300003935;155 673 603;7;0;2;3;15;1
202300003935;155 673 605;2;0;2;1;1;1
202300003936;155 673 602;33;1;0;0;0;1
202300003937;155 673 601;33;15;0;0;1;1
202300003938;155 673 599;7;0;2;1;1;0
202300003938;155 673 600;7;0;2;1;13;0
202300003939;155 673 597;7;1;0;1;13;1
202300003940;155 673 596;33;0;2;8;2;1
202300003940;155 673 598;21;0;0;6;2;1
202300003941;155 673 594;10;0;2;2;19;1
202300003941;155 673 595;7;0;2;3;13;1
202300003942;155 673 593;33;5;0;2;1;1
202300003943;155 673 592;7;6;6;1;0;0
202300003944;155 673 590;33;0;0;7;21;1
202300003944;155 673 591;33;0;2;1;17;1
202300003945;155 673 589;7;13;0;1;15;1
202300003946;155 673 585;7;0;2;2;1;1
202300003946;155 673 586;3;0;2;4;1;1
202300003947;155 673 584;7;0;1;2;1;1
202300003948;155 673 583;1;8;0;1;14;5
202300003949;155 673 581;2;0;2;8;10;1
202300003949;155 673 582;7;0;2;1;17;1
202300003950;155 673 580;7;1;0;1;0;1
202300003951;155 673 579;7;0;0;1;1;1
202300003952;155 673 578;7;0;1;3;1;1
202300003953;155 673 577;33;8;0;8;1;1
202300003954;155 673 574;2;6;0;7;21;1
202300003954;155 673 575;7;0;0;8;23;1
202300003955;155 673 573;7;0;2;1;1;1
202300003955;155 673 576;7;0;2;1;13;1
202300003956;155 673 572;7;13;0;1;1;1
202300003957;155 673 569;33;0;2;4;1;1
202300003957;155 673 571;7;0;2;1;1;1
202300003958;155 673 568;7;0;2;3;13;0
202300003958;155 673 570;33;0;2;1;1;0
202300003959;155 673 566;7;0;0;2;1;1
202300003959;155 673 567;7;0;0;2;13;1
202300003960;155 673 562;7;0;2;8;2;1
202300003960;155 673 564;33;7;2;7;17;1
202300003961;155 673 563;7;0;2;3;1;1
202300003961;155 673 565;10;11;2;3;6;1
202300003962;155 673 560;33;0;2;8;1;0
202300003962;155 673 561;7;0;2;3;13;0
202300003963;155 673 559;2;0;0;0;1;1
202300003964;155 673 558;7;13;0;1;1;1
202300003965;155 673 553;10;0;0;0;1;1
202300003965;155 673 555;7;0;9;1;1;1
202300003965;155 673 556;7;0;2;2;1;0
202300003966;155 673 554;33;0;2;3;13;6
202300003966;155 673 557;7;0;0;5;2;6
202300003967;155 673 552;43;13;0;1;26;1
202300003968;155 673 550;7;0;2;3;9;0
202300003968;155 673 551;2;0;2;1;18;1
202300003969;155 673 548;7;0;2;3;13;0
202300003969;155 673 549;7;0;2;3;1;0
202300003970;155 673 545;10;0;0;4;2;1
202300003970;155 673 547;7;0;2;1;2;1
202300003971;155 673 544;7;0;2;1;1;1
202300003971;155 673 546;7;0;2;2;13;1
202300003972;155 673 543;32;0;0;7;2;1
202300003973;155 673 541;7;0;2;4;9;1
202300003973;155 673 542;7;0;2;1;16;1
202300003974;155 673 536;7;4;2;3;15;1
202300003974;155 673 537;7;0;2;1;1;1
202300003975;155 673 533;7;0;2;3;13;1
202300003975;155 673 534;7;0;2;1;1;1
202300003975;155 673 535;7;0;2;1;1;1
202300003976;155 673 532;33;13;0;1;1;1
202300003977;155 673 530;7;0;2;1;2;1
202300003977;155 673 531;15;0;2;4;2;1
202300003978;155 673 525;31;0;2;2;17;1
202300003978;155 673 527;7;0;2;3;15;1
202300003979;155 673 526;7;0;2;6;23;1
202300003979;155 673 528;33;0;2;3;1;1
202300003979;155 673 529;7;0;2;3;21;1
202300003980;155 673 522;33;2;2;1;1;1
202300003980;155 673 523;34;0;2;1;1;1
202300003980;155 673 524;33;0;2;0;14;1
202300003981;155 673 519;7;3;2;6;13;1
202300003981;155 673 520;7;0;2;1;1;1
202300003982;155 673 518;7;0;0;3;19;1
202300003982;155 673 521;33;0;2;1;1;1
202300003983;155 673 515;10;8;2;2;1;1
202300003983;155 673 517;7;0;2;1;1;1
202300003984;155 673 516;33;13;0;7;1;1
202300003985;155 673 513;7;3;0;3;1;0
202300003985;155 673 514;7;0;0;3;13;0
202300003986;155 673 509;7;0;9;3;9;1
202300003986;155 673 511;1;0;0;7;1;5
202300003987;155 673 510;7;0;2;1;15;1
202300003987;155 673 512;7;0;2;3;1;1
202300003988;155 673 508;7;13;0;3;1;1
202300003989;155 673 504;13;0;0;0;2;1
202300003989;155 673 506;7;6;0;1;21;1
202300003990;155 673 505;34;0;2;7;17;1
202300003990;155 673 507;7;0;2;3;10;1
202300003991;155 673 503;31;0;0;7;1;1
202300003992;155 673 499;7;0;2;1;1;1
202300003992;155 673 500;7;0;2;2;1;1
202300003993;155 673 501;7;0;2;3;15;1
202300003993;155 673 502;33;0;2;1;17;1
202300003994;155 673 497;0;0;2;1;1;0
202300003994;155 673 498;7;0;2;4;1;1
202300003995;155 673 491;7;0;2;1;2;1
202300003995;155 673 492;7;0;2;4;1;1
202300003995;155 673 494;7;0;2;4;1;1
202300003996;155 673 488;2;0;2;1;1;1
202300003996;155 673 490;10;0;2;2;19;1
202300003997;155 673 487;7;0;2;8;1;1
202300003997;155 673 489;7;0;2;2;12;1
202300003998;155 673 485;7;0;2;4;1;1
202300003998;155 673 486;7;0;2;1;1;1
202300003999;155 673 483;7;0;2;7;10;1
202300003999;155 673 484;2;0;2;1;1;1
202300004000;155 673 480;7;0;2;8;1;1
202300004000;155 673 481;7;0;2;1;2;1
202300004000;155 673 482;7;0;2;1;2;1
202300004001;155 673 479;7;0;0;9;0;0
202300004002;155 673 478;7;13;0;1;12;1
202300004003;155 673 473;7;0;2;1;1;0
202300004003;155 673 475;7;0;2;6;0;0
202300004003;155 673 476;7;0;2;4;1;0
202300004004;155 673 474;15;0;2;2;1;0
202300004004;155 673 477;7;0;2;7;19;1
202300004005;155 673 471;7;0;2;2;14;1
202300004005;155 673 472;33;0;2;4;2;1
202300004006;155 673 467;7;0;2;8;11;1
202300004006;155 673 468;7;0;2;7;2;1
202300004006;155 673 469;7;0;2;4;2;2
202300004006;155 673 470;7;0;2;6;2;1
202300004007;155 673 465;10;6;1;2;1;1
202300004008;155 673 464;10;0;2;8;9;1
202300004008;155 673 466;38;0;2;2;1;1
202300004009;155 673 463;7;8;0;1;13;1
202300004010;155 673 461;7;0;2;2;12;1
202300004010;155 673 462;32;0;2;8;1;1
202300004011;155 673 460;7;0;1;3;1;1
202300004012;155 673 458;7;0;2;4;11;1
202300004012;155 673 459;33;0;2;1;1;0
202300004013;155 673 455;7;0;2;3;2;1
202300004013;155 673 457;31;0;2;2;17;1
202300004014;155 673 454;7;0;2;5;12;0
202300004014;155 673 456;31;0;2;1;26;0
202300004015;155 673 451;7;0;2;4;2;1
202300004015;155 673 452;10;0;2;1;2;1
202300004015;155 673 453;7;0;2;1;2;1
202300004016;155 673 448;7;0;2;2;12;1
202300004016;155 673 450;33;0;2;8;3;1
202300004017;155 673 447;10;0;2;2;10;1
202300004017;155 673 449;33;0;2;8;1;1
202300004018;155 673 443;7;8;2;1;2;2
202300004018;155 673 444;7;0;2;4;2;1
202300004019;155 673 445;7;0;2;1;2;1
202300004019;155 673 446;7;0;2;4;2;1
202300004020;155 673 440;7;0;2;8;22;1
202300004020;155 673 442;30;0;2;1;17;1
202300004021;155 673 439;50;14;0;2;25;3
202300004022;155 673 436;32;0;0;3;1;1
202300004023;155 673 437;15;0;2;2;12;1
202300004023;155 673 438;7;0;2;8;2;1
202300004024;155 673 433;2;0;2;3;18;3
202300004024;155 673 434;7;0;2;7;20;1
202300004025;155 673 432;10;0;2;4;1;1
202300004025;155 673 435;7;0;2;1;1;1
202300004026;155 673 429;7;1;0;3;15;1
202300004026;155 673 431;33;1;2;1;1;1
202300004027;155 673 428;33;0;2;1;2;1
202300004027;155 673 430;7;0;2;4;2;2
202300004028;155 673 424;7;0;0;4;15;1
202300004028;155 673 426;10;0;0;1;1;1
202300004028;155 673 427;33;0;0;4;23;1
202300004029;155 673 421;7;0;2;1;1;1
202300004029;155 673 422;7;0;2;4;10;0
202300004030;155 673 423;7;0;2;4;2;1
202300004030;155 673 425;7;0;2;1;2;1
202300004031;155 673 419;30;0;2;7;1;0
202300004031;155 673 420;7;0;2;3;16;1
202300004032;155 673 418;7;16;0;0;1;1
202300004033;155 673 416;7;0;2;1;2;0
202300004033;155 673 417;7;0;0;4;2;0
202300004034;155 673 414;7;4;0;2;14;1
202300004035;155 673 413;7;0;2;6;2;0
202300004035;155 673 415;1;0;2;0;0;5
202300004036;155 673 410;7;0;2;1;13;1
202300004036;155 673 411;7;0;2;1;1;1
202300004037;155 673 412;2;0;0;8;1;1
202300004038;155 673 407;10;0;2;8;20;1
202300004038;155 673 409;31;1;2;7;1;1
202300004039;155 673 408;50;8;0;1;25;3
202300004040;155 673 403;7;0;2;1;1;2
202300004040;155 673 404;7;0;2;4;23;1
202300004041;155 673 401;50;8;0;0;1;3
202300004042;155 673 402;33;0;2;3;1;1
202300004042;155 673 405;7;0;2;7;1;1
202300004043;155 673 399;34;0;2;1;1;1
202300004043;155 673 400;7;0;2;2;15;1
202300004044;155 673 396;80;0;2;1;15;3
202300004044;155 673 398;10;0;2;1;16;1
202300004045;155 673 394;31;0;2;1;0;0
202300004045;155 673 397;10;0;2;2;0;0
202300004046;155 673 393;7;0;2;3;13;1
202300004046;155 673 395;7;0;2;6;1;1
202300004047;155 673 389;7;0;2;0;11;1
202300004047;155 673 391;34;15;0;8;19;1
202300004048;155 673 390;33;0;2;1;1;1
202300004048;155 673 392;7;0;2;2;15;1
202300004049;155 673 388;7;0;1;3;1;1
202300004050;155 673 383;7;6;2;6;1;1
202300004050;155 673 387;7;0;2;2;19;1
202300004051;155 673 384;7;0;2;4;1;1
202300004051;155 673 386;10;0;2;1;1;1
202300004052;155 673 382;7;3;2;1;17;1
202300004052;155 673 385;10;0;2;8;1;1
202300004053;155 673 380;7;0;1;3;2;1
202300004054;155 673 379;7;3;0;8;1;1
202300004055;155 673 378;7;13;9;1;14;1
202300004056;155 673 377;10;0;1;2;1;1
202300004057;155 673 376;17;3;0;3;1;1
202300004058;155 673 374;2;0;2;8;1;1
202300004058;155 673 375;7;0;2;1;19;1
202300004059;155 673 372;7;0;0;9;1;1
202300004060;155 673 371;7;2;0;8;1;1
202300004061;155 673 368;10;0;2;1;1;1
202300004061;155 673 370;7;1;0;2;1;1
202300004062;155 673 369;33;3;0;0;0;1
202300004063;155 673 366;7;0;0;4;0;1
202300004063;155 673 367;7;0;2;1;2;1
202300004064;155 673 363;7;15;0;1;0;1
202300004065;155 673 365;10;8;0;0;1;1
202300004066;155 673 362;7;0;2;3;16;1
202300004066;155 673 364;33;0;2;2;1;1
202300004067;155 673 361;7;13;0;1;13;1
202300004068;155 673 356;7;0;2;8;13;1
202300004068;155 673 358;33;13;2;3;1;1
202300004069;155 673 357;7;0;2;3;2;1
202300004069;155 673 360;1;0;2;4;16;5
202300004070;155 673 355;7;0;2;8;1;1
202300004070;155 673 359;7;0;2;3;17;1
202300004071;155 673 351;7;0;2;1;1;1
202300004071;155 673 354;33;0;2;1;13;1
202300004072;155 673 353;7;1;0;1;1;1
202300004073;155 673 350;2;0;2;1;2;1
202300004073;155 673 352;7;0;0;4;0;1
202300004074;155 673 348;7;0;2;3;13;1
202300004074;155 673 349;2;0;2;1;1;1
202300004075;155 673 347;10;1;0;1;1;1
202300004076;155 673 346;7;4;0;1;1;0
202300004077;155 673 345;7;7;0;1;1;1
202300004078;155 673 344;2;3;0;0;1;1
202300004079;155 673 340;7;0;2;1;17;1
202300004079;155 673 343;7;0;2;3;1;1
202300004080;155 673 341;30;1;2;1;26;1
202300004080;155 673 342;7;1;2;2;20;1
202300004081;155 673 339;7;6;0;2;1;1
202300004082;155 673 338;7;2;0;1;13;1
202300004083;155 673 336;7;0;1;3;1;1
202300004084;155 673 335;7;0;2;3;15;1
202300004084;155 673 337;43;0;2;3;1;1
202300004085;155 673 334;33;16;0;0;14;1
202300004086;155 673 330;7;0;2;2;1;1
202300004086;155 673 332;7;0;2;2;1;1
202300004087;155 673 329;33;0;2;1;9;1
202300004087;155 673 333;7;0;2;3;9;1
202300004088;155 673 328;7;0;2;1;13;2
202300004088;155 673 331;7;0;2;1;1;1
202300004089;155 673 327;7;2;0;1;1;1
202300004090;155 673 324;7;16;0;9;1;1
202300004091;155 673 323;7;0;2;4;1;1
202300004091;155 673 325;7;0;2;4;1;1
202300004091;155 673 326;7;0;2;1;1;1
202300004092;155 673 322;7;7;0;1;0;1
202300004093;155 673 320;7;0;1;0;0;0
202300004094;155 673 318;10;0;2;1;15;6
202300004094;155 673 321;30;0;2;0;17;6
202300004095;155 673 317;7;0;2;2;19;1
202300004095;155 673 319;7;0;2;3;1;1
202300004096;155 673 315;7;15;0;0;1;1
202300004097;155 673 316;7;15;0;1;13;1
202300004098;155 673 313;21;0;2;8;16;1
202300004098;155 673 314;7;0;2;2;1;1
202300004099;155 673 311;7;0;1;1;1;1
202300004100;155 673 308;7;8;0;2;1;1
202300004101;155 673 307;33;0;2;1;1;1
202300004101;155 673 309;7;0;2;1;15;1
202300004102;155 673 303;7;0;9;7;2;1
202300004102;155 673 306;1;0;2;0;2;5
202300004103;155 673 302;7;0;2;1;2;1
202300004103;155 673 305;7;0;2;4;2;1
202300004104;155 673 301;7;0;9;1;0;1
202300004104;155 673 304;1;0;2;1;1;5
202300004105;155 673 299;7;2;0;3;1;1
202300004106;155 673 298;7;0;9;7;1;1
202300004106;155 673 300;60;0;2;1;16;3
202300004107;155 673 296;7;2;0;1;0;1
202300004108;155 673 295;10;0;2;3;2;1
202300004108;155 673 297;7;0;2;2;2;1
202300004109;155 673 294;7;0;1;1;1;1
202300004110;155 673 293;7;0;1;1;17;1
202300004111;155 673 292;15;0;1;1;1;0
202300004112;155 673 290;50;0;1;1;17;3
202300004113;155 673 291;7;0;1;3;1;1
202300004114;155 673 289;7;1;0;1;1;1
202300004115;155 673 288;7;0;1;7;1;1
202300004116;155 673 287;7;12;0;0;1;1
202300004117;155 673 285;31;0;2;1;11;1
202300004117;155 673 286;7;0;2;8;15;1
202300004118;155 673 284;7;0;1;1;20;1
202300004119;155 673 282;33;0;2;8;13;1
202300004119;155 673 283;7;0;0;1;1;1
202300004120;155 673 278;1;0;2;2;1;5
202300004120;155 673 280;7;0;2;3;9;6
202300004121;155 673 279;7;0;1;3;1;0
202300004122;155 673 277;7;0;2;2;9;1
202300004122;155 673 281;7;0;2;7;1;1
202300004123;155 673 275;7;0;2;3;1;1
202300004123;155 673 276;7;0;2;3;5;1
202300004124;155 673 273;7;0;1;1;1;1
202300004125;155 673 272;7;2;0;2;14;1
202300004126;155 673 271;7;0;2;1;1;1
202300004126;155 673 274;7;8;2;7;1;1
202300004127;155 673 268;7;3;0;9;0;1
202300004128;155 673 269;7;0;0;0;17;1
202300004128;155 673 270;7;0;0;0;0;1
202300004129;155 673 266;1;0;2;1;17;5
202300004129;155 673 267;14;0;2;3;23;1
202300004130;155 673 265;31;0;0;0;0;1
202300004131;155 673 261;15;3;0;8;0;0
202300004132;155 673 262;7;0;2;1;1;1
202300004132;155 673 264;7;0;2;3;0;1
202300004133;155 673 260;1;0;2;1;15;5
202300004133;155 673 263;7;0;2;3;1;3
202300004134;155 673 258;7;0;1;1;1;1
202300004135;155 673 256;7;0;1;2;1;1
202300004136;155 673 255;7;0;2;1;1;0
202300004136;155 673 257;7;0;2;1;1;1
202300004136;155 673 259;7;0;2;1;13;0
202300004137;155 673 252;7;0;2;1;1;1
202300004137;155 673 253;33;0;2;4;23;1
202300004138;155 673 250;7;6;0;3;13;0
202300004139;155 673 251;7;0;2;3;17;1
202300004139;155 673 254;7;0;2;3;1;1
202300004140;155 673 248;7;13;0;2;1;1
202300004141;155 673 246;7;0;2;3;9;1
202300004141;155 673 249;31;0;2;2;1;1
202300004142;155 673 245;7;4;2;6;1;1
202300004142;155 673 247;17;0;2;2;12;1
202300004143;155 673 243;7;0;2;3;1;1
202300004143;155 673 244;7;0;2;3;13;1
202300004144;155 673 238;10;0;2;2;11;1
202300004144;155 673 241;7;0;2;6;1;1
202300004145;155 673 239;7;4;0;1;1;1
202300004146;155 673 237;2;0;2;3;17;1
202300004146;155 673 240;30;0;2;1;2;1
202300004146;155 673 242;30;0;2;3;17;1
202300004147;155 673 235;7;0;2;8;1;1
202300004147;155 673 236;17;0;2;2;12;1
202300004148;155 673 233;7;0;0;0;1;1
202300004149;155 673 232;7;0;2;7;12;1
202300004149;155 673 234;34;0;2;8;3;1
202300004150;155 673 230;7;0;2;1;1;1
202300004150;155 673 231;7;0;2;4;1;1
202300004151;155 673 229;7;0;1;2;1;1
202300004152;155 673 227;33;0;2;2;3;1
202300004152;155 673 228;7;0;2;3;11;3
202300004153;155 673 224;7;0;2;4;1;1
202300004153;155 673 226;7;0;2;1;1;1
202300004154;155 673 223;32;0;2;1;0;1
202300004154;155 673 225;7;0;2;8;15;1
202300004155;155 673 220;7;0;2;5;2;1
202300004155;155 673 222;7;0;2;3;2;1
202300004156;155 673 221;7;4;0;8;13;1
202300004157;155 673 218;33;0;2;8;7;1
202300004157;155 673 219;7;0;2;0;9;1
202300004158;155 673 214;7;0;2;1;1;1
202300004158;155 673 217;7;0;2;4;1;3
202300004159;155 673 212;7;3;0;2;26;1
202300004160;155 673 211;7;0;2;1;1;1
202300004160;155 673 213;7;3;2;4;1;1
202300004160;155 673 216;7;0;2;6;1;1
202300004161;155 673 210;10;0;2;7;9;1
202300004161;155 673 215;7;0;2;1;1;1
202300004162;155 673 208;7;0;2;1;2;1
202300004162;155 673 209;7;0;2;4;2;3
202300004163;155 673 203;7;4;0;3;11;1
202300004164;155 673 201;7;0;2;4;1;1
202300004164;155 673 204;7;0;2;7;0;1
202300004164;155 673 206;33;0;2;8;1;1
202300004165;155 673 202;43;0;0;0;26;1
202300004165;155 673 205;7;0;0;0;26;1
202300004165;155 673 207;7;0;0;0;26;1
202300004166;155 673 197;7;0;2;4;2;1
202300004166;155 673 199;7;0;2;1;2;1
202300004166;155 673 200;7;0;2;6;1;1
202300004167;155 673 195;2;0;2;1;1;1
202300004167;155 673 198;2;5;2;4;23;1
202300004168;155 673 194;17;0;2;2;12;1
202300004168;155 673 196;7;4;2;6;1;1
202300004169;155 673 192;33;0;2;4;2;1
202300004169;155 673 193;7;0;2;1;1;1
202300004170;155 673 187;10;0;2;0;0;0
202300004170;155 673 191;7;0;2;1;1;1
202300004171;155 673 185;7;0;2;1;1;1
202300004171;155 673 189;7;0;2;4;1;1
202300004171;155 673 190;7;0;2;4;1;1
202300004172;155 673 184;7;0;2;4;2;1
202300004172;155 673 186;7;0;2;1;2;1
202300004172;155 673 188;7;0;2;1;2;1
202300004173;155 673 180;7;0;1;2;16;1
202300004174;155 673 179;31;0;2;1;3;1
202300004174;155 673 182;7;0;2;3;15;1
202300004175;155 673 178;7;0;2;1;1;1
202300004175;155 673 181;10;0;2;4;1;1
202300004175;155 673 183;7;0;2;3;13;1
202300004176;155 673 177;7;0;1;1;20;1
202300004177;155 673 175;1;0;2;1;1;5
202300004177;155 673 176;7;0;2;2;15;1
202300004178;155 673 173;7;3;2;1;17;1
202300004178;155 673 174;10;3;0;6;26;1
202300004179;155 673 172;7;1;1;1;17;1
202300004180;155 673 170;0;0;1;0;0;0
202300004181;155 673 168;32;12;2;8;1;1
202300004181;155 673 171;7;0;2;1;1;1