Num_Acc;id_vehicule;categorie_vehicule;obstacle_fixe;obstacle_mobile;point_choc_initial;manoeuvre_principale;motorisation
202300004182;155 673 167;7;0;2;1;1;1
202300004182;155 673 169;0;0;2;0;0;0
202300004183;155 673 165;7;15;9;2;13;1
202300004183;155 673 166;1;0;0;7;19;5
202300004184;155 673 164;7;0;1;1;1;1
202300004185;155 673 163;10;1;1;2;24;1
202300004186;155 673 161;36;0;2;1;26;3
202300004187;155 673 160;2;0;2;1;1;1
202300004187;155 673 162;7;0;2;4;23;
202300004188;155 673 159;50;0;1;1;1;3
202300004189;155 673 156;7;0;1;2;16;1
202300004190;155 673 158;33;0;0;7;16;1
202300004191;155 673 155;7;0;2;5;15;1
202300004191;155 673 157;7;0;2;3;1;1
202300004192;155 673 153;7;0;1;1;1;1
202300004193;155 673 152;7;0;1;3;1;1
202300004194;155 673 150;10;8;1;3;24;1
202300004195;155 673 151;7;0;2;3;1;1
202300004195;155 673 154;7;0;2;1;19;1
202300004196;155 673 144;7;0;2;1;2;0
202300004196;155 673 146;7;0;2;4;2;0
202300004196;155 673 148;7;0;2;4;2;0
202300004197;155 673 147;7;0;2;2;19;1
202300004197;155 673 149;31;0;2;8;1;1
202300004198;155 673 145;30;14;0;3;26;1
202300004199;155 673 143;7;0;1;2;26;1
202300004200;155 673 141;1;0;2;0;19;5
202300004200;155 673 142;7;0;2;1;1;1
202300004201;155 673 140;7;3;0;0;26;1
202300004202;155 673 138;7;0;1;2;1;1
202300004203;155 673 135;7;0;1;0;26;
202300004204;155 673 136;30;0;0;7;16;1
202300004205;155 673 134;50;0;1;7;21;3
202300004206;155 673 131;31;0;2;4;1;0
202300004206;155 673 133;2;14;0;1;1;1
202300004207;155 673 130;7;6;2;1;1;1
202300004207;155 673 132;7;6;2;6;1;1
202300004208;155 673 129;7;0;1;0;0;1
202300004209;155 673 127;33;0;2;1;2;1
202300004209;155 673 128;7;0;2;5;23;1
202300004210;155 673 124;7;0;2;2;16;3
202300004210;155 673 125;1;0;2;6;1;5
202300004211;155 673 121;7;0;2;1;2;1
202300004211;155 673 122;7;0;2;4;2;1
202300004212;155 673 123;33;0;2;7;17;1
202300004212;155 673 126;7;0;2;8;15;1
202300004213;155 673 118;50;0;2;1;1;3
202300004213;155 673 120;7;0;2;2;1;1
202300004214;155 673 117;7;0;2;2;26;1
202300004214;155 673 119;30;0;2;2;18;3
202300004215;155 673 113;30;12;0;7;0;1
202300004216;155 673 112;33;0;2;3;26;1
202300004216;155 673 114;7;0;2;3;15;1
202300004217;155 673 111;7;0;9;0;26;1
202300004217;155 673 115;7;0;2;1;21;1
202300004217;155 673 116;7;0;2;4;1;1
202300004218;155 673 110;50;1;0;3;21;3
202300004219;155 673 108;7;0;2;3;5;2
202300004219;155 673 109;7;0;2;1;1;1
202300004220;155 673 103;7;0;2;3;15;1
202300004220;155 673 106;2;0;2;1;3;1
202300004221;155 673 102;38;0;2;3;13;1
202300004221;155 673 105;7;0;2;7;1;2
202300004222;155 673 101;7;0;2;1;5;0
202300004222;155 673 104;10;0;2;0;0;0
202300004222;155 673 107;7;0;2;1;0;1
202300004223;155 673 100;7;0;1;1;1;1
202300004224;155 673 099;50;0;1;1;26;3
202300004225;155 673 096;7;12;2;8;1;1
202300004225;155 673 098;7;0;2;1;15;1
202300004226;155 673 095;7;0;2;1;26;1
202300004226;155 673 097;7;0;2;4;0;1
202300004227;155 673 092;50;0;2;6;26;3
202300004227;155 673 094;7;0;9;2;1;1
202300004228;155 673 093;33;0;1;1;2;1
202300004229;155 673 086;7;0;2;1;2;0
202300004229;155 673 088;3;0;2;4;2;1
202300004229;155 673 090;7;0;2;4;2;1
202300004230;155 673 087;7;8;0;1;1;1
202300004231;155 673 084;7;6;0;1;14;1
202300004232;155 673 083;7;0;1;1;1;0
202300004233;155 673 082;7;14;0;1;1;1
202300004233;155 673 085;7;0;2;1;1;1
202300004233;155 673 089;7;14;0;4;23;1
202300004234;155 673 080;10;0;2;2;1;1
202300004234;155 673 081;1;0;2;1;1;5
202300004235;155 673 079;7;3;0;3;21;1
202300004236;155 673 076;7;0;2;1;2;1
202300004236;155 673 078;2;0;2;4;2;1
202300004237;155 673 077;0;0;1;1;1;0
202300004238;155 673 075;7;0;1;8;15;1
202300004239;155 673 072;7;0;2;2;13;1
202300004239;155 673 074;7;0;2;2;1;2
202300004240;155 673 069;7;0;2;4;1;1
202300004240;155 673 070;7;0;2;1;1;1
202300004240;155 673 073;7;0;2;4;1;1
202300004241;155 673 067;7;0;2;2;1;1
202300004241;155 673 071;7;0;2;3;15;1
202300004242;155 673 065;7;0;2;5;16;1
202300004242;155 673 068;1;0;2;1;1;5
202300004243;155 673 064;50;0;2;1;1;3
202300004243;155 673 066;7;0;2;5;0;1
202300004244;155 673 063;7;9;1;1;26;0
202300004245;155 673 062;31;0;1;3;1;1
202300004246;155 673 059;31;12;0;0;16;1
202300004247;155 673 057;7;0;1;2;2;1
202300004248;155 673 056;7;0;2;6;1;1
202300004248;155 673 058;1;0;2;1;1;5
202300004249;155 673 060;7;0;2;1;1;1
202300004249;155 673 061;7;0;2;1;1;1
202300004250;155 673 055;33;16;2;0;1;0
202300004251;155 673 052;1;0;2;3;26;5
202300004251;155 673 054;7;0;2;2;26;1
202300004252;155 673 051;7;4;0;1;1;1
202300004253;155 673 048;7;4;0;1;2;3
202300004253;155 673 053;7;4;0;9;2;1
202300004254;155 673 046;7;9;0;5;1;1
202300004255;155 673 049;37;0;2;3;1;1
202300004255;155 673 050;7;0;2;1;13;1
202300004256;155 673 044;7;0;2;2;15;1
202300004256;155 673 047;33;0;2;1;1;1
202300004257;155 673 043;7;0;2;1;1;1
202300004257;155 673 045;7;0;2;1;1;1
202300004258;155 673 042;7;13;0;1;1;1
202300004259;155 673 039;7;0;1;1;1;1
202300004260;155 673 037;1;0;2;1;1;5
202300004260;155 673 041;7;0;2;2;1;1
202300004261;155 673 036;7;0;2;6;1;1
202300004261;155 673 038;33;0;2;1;21;1
202300004262;155 673 040;7;8;0;2;16;1
202300004263;155 673 035;7;7;0;2;21;1
202300004264;155 673 032;7;0;2;6;2;1
202300004264;155 673 034;2;0;2;1;2;3
202300004265;155 673 030;2;0;2;1;2;1
202300004265;155 673 033;7;0;2;3;15;1
202300004266;155 673 029;7;0;0;0;15;1
202300004266;155 673 031;33;0;0;0;21;1
202300004267;155 673 025;7;0;2;8;22;1
202300004267;155 673 026;80;1;0;1;1;3
202300004268;155 673 022;10;0;2;1;1;1
202300004268;155 673 024;7;0;2;4;1;1
202300004268;155 673 027;7;0;2;4;1;1
202300004269;155 673 021;7;0;2;1;1;1
202300004269;155 673 023;7;0;2;1;5;1
202300004270;155 673 017;7;0;2;8;22;1
202300004270;155 673 019;1;1;0;2;1;5
202300004271;155 673 020;2;0;2;1;2;1
202300004271;155 673 028;7;0;2;5;15;1
202300004272;155 673 012;7;0;2;1;2;1
202300004272;155 673 014;7;0;2;4;1;1
202300004272;155 673 016;7;0;2;1;12;1
202300004272;155 673 018;7;0;2;1;1;1
202300004273;155 673 013;7;0;2;3;1;1
202300004273;155 673 015;7;0;2;5;15;1
202300004274;155 673 010;7;0;2;5;13;1
202300004274;155 673 011;43;0;2;3;1;1
202300004275;155 673 009;7;0;1;1;2;1
202300004276;155 673 006;7;0;2;3;11;1
202300004276;155 673 007;2;0;2;1;1;1
202300004277;155 673 004;7;0;2;2;15;1
202300004277;155 673 005;1;0;2;8;1;5
202300004278;155 673 001;7;4;0;8;12;1
202300004279;155 673 003;3;0;1;2;16;1
202300004280;155 673 000;7;0;2;2;1;1
202300004280;155 673 002;1;0;2;1;19;5
202300004281;155 672 998;32;0;2;2;1;1
202300004281;155 672 999;7;0;2;2;15;1
202300004282;155 672 995;31;0;2;7;1;1
202300004282;155 672 997;33;0;2;8;13;1
202300004283;155 672 993;7;0;2;2;1;1
202300004283;155 672 996;7;0;2;1;16;1
202300004284;155 672 991;50;0;2;8;19;3
202300004284;155 672 994;7;0;2;1;1;1
202300004285;155 672 992;1;9;1;1;0;5
202300004286;155 672 988;7;0;2;5;2;1
202300004286;155 672 989;7;0;2;5;2;1
202300004286;155 672 990;7;4;2;3;2;1
202300004287;155 672 984;7;0;2;1;13;1
202300004288;155 672 983;7;0;2;1;1;1
202300004288;155 672 986;7;0;2;3;2;1
202300004288;155 672 987;33;0;2;7;12;1
202300004289;155 672 982;7;0;2;7;15;1
202300004289;155 672 985;31;0;2;1;1;1
202300004290;155 672 979;32;0;1;0;0;0
202300004291;155 672 981;7;2;0;5;15;1
202300004292;155 672 977;7;0;2;2;0;1
202300004292;155 672 980;7;0;2;2;1;1
202300004293;155 672 975;7;1;0;3;14;1
202300004294;155 672 976;32;0;2;1;1;1
202300004294;155 672 978;1;0;2;8;19;5
202300004295;155 672 971;7;0;1;2;1;1
202300004296;155 672 970;7;0;2;2;1;1
202300004296;155 672 974;7;0;2;6;15;1
202300004297;155 672 968;7;0;2;8;15;1
202300004297;155 672 972;30;0;2;0;17;1
202300004298;155 672 969;17;0;2;2;16;1
202300004298;155 672 973;1;0;2;8;19;5
202300004299;155 672 967;31;0;1;1;1;1
202300004300;155 672 963;1;0;2;2;1;5
202300004300;155 672 965;60;0;2;1;21;5
202300004301;155 672 966;43;1;0;2;14;1
202300004302;155 672 962;1;0;2;1;2;5
202300004302;155 672 964;7;0;2;3;15;1
202300004303;155 672 958;7;0;2;3;15;1
202300004303;155 672 960;33;0;2;1;17;1
202300004304;155 672 953;7;0;2;3;9;3
202300004304;155 672 956;2;0;2;5;14;1
202300004305;155 672 954;33;0;2;1;17;1
202300004305;155 672 957;7;0;2;3;15;2
202300004305;155 672 959;7;0;2;4;1;3
202300004306;155 672 952;7;0;2;4;1;1
202300004306;155 672 955;7;0;2;1;2;1
202300004307;155 672 951;7;14;0;1;1;1
202300004308;155 672 950;30;0;0;0;1;0
202300004309;155 672 948;10;13;0;2;1;1
202300004310;155 672 947;37;0;1;8;7;0
202300004311;155 672 946;7;0;1;1;1;1
202300004312;155 672 945;7;0;1;1;13;1
202300004313;155 672 942;50;0;2;7;1;3
202300004313;155 672 944;50;0;2;8;13;3
202300004314;155 672 940;50;0;1;1;1;3
202300004315;155 672 939;7;0;2;1;1;1
202300004315;155 672 943;7;0;2;1;5;1
202300004316;155 672 938;7;0;2;1;2;1
202300004316;155 672 941;7;0;2;4;2;1
202300004317;155 672 935;7;1;;1;14;1
202300004318;155 672 937;80;0;1;7;1;3
202300004319;155 672 933;7;0;2;4;2;4
202300004319;155 672 936;7;0;2;1;1;4
202300004320;155 672 929;7;0;2;6;15;1
202300004320;155 672 932;43;0;2;1;1;1
202300004321;155 672 928;7;0;2;5;10;0
202300004321;155 672 931;33;0;2;1;1;0
202300004322;155 672 926;7;0;2;1;9;1
202300004322;155 672 930;1;0;2;7;1;5
202300004323;155 672 924;7;13;0;9;1;1
202300004324;155 672 921;32;0;2;2;15;0
202300004324;155 672 922;7;0;2;1;1;0
202300004325;155 672 920;0;0;1;0;0;0
202300004326;155 672 919;7;0;1;1;1;1
202300004327;155 672 915;7;0;9;3;1;1
202300004327;155 672 918;1;0;2;0;1;5
202300004328;155 672 916;1;1;2;8;2;5
202300004328;155 672 917;7;1;2;2;17;1
202300004329;155 672 912;7;0;2;8;15;1
202300004329;155 672 914;34;0;2;2;17;1
202300004330;155 672 911;7;0;0;0;0;0
202300004330;155 672 913;1;0;2;0;0;5
202300004331;155 672 910;7;6;0;1;1;1
202300004332;155 672 909;7;0;1;8;16;0
202300004333;155 672 907;7;0;2;1;15;1
202300004333;155 672 908;37;0;2;3;1;1
202300004334;155 672 904;30;0;0;0;26;1
202300004335;155 672 902;32;0;2;3;9;1
202300004335;155 672 906;7;0;2;2;1;1
202300004336;155 672 901;10;0;2;2;0;0
202300004336;155 672 905;30;0;2;1;0;1
202300004337;155 672 900;2;0;2;4;17;1
202300004337;155 672 903;7;0;2;1;17;1
202300004338;155 672 897;34;8;0;1;13;1
202300004339;155 672 896;31;1;1;1;17;1
202300004340;155 672 894;7;0;2;3;15;1
202300004340;155 672 898;32;0;2;8;26;1
202300004341;155 672 892;7;0;2;1;13;1
202300004341;155 672 893;7;0;2;1;1;1
202300004342;155 672 895;7;0;2;4;23;1
202300004342;155 672 899;30;0;2;1;2;1
202300004343;155 672 891;7;8;0;9;1;1
202300004344;155 672 890;0;0;1;0;1;0
202300004345;155 672 884;7;0;2;6;4;1
202300004345;155 672 887;7;0;2;5;1;1
202300004346;155 672 883;7;0;2;7;1;1
202300004346;155 672 886;7;0;2;3;26;1
202300004347;155 672 882;50;0;2;8;19;3
202300004347;155 672 888;7;0;2;2;15;1
202300004347;155 672 889;7;0;2;3;15;1
202300004348;155 672 878;7;0;2;3;13;1
202300004348;155 672 880;7;0;2;2;1;1
202300004349;155 672 881;7;0;2;1;5;1
202300004349;155 672 885;7;0;2;1;1;1
202300004350;155 672 879;43;0;1;1;1;1
202300004351;155 672 877;14;0;1;1;5;1
202300004352;155 672 874;7;0;2;7;17;1
202300004352;155 672 876;1;0;2;8;1;5
202300004353;155 672 873;7;0;1;2;15;1
202300004354;155 672 871;50;0;2;1;2;3
202300004354;155 672 875;7;0;2;4;1;1
202300004355;155 672 869;7;0;2;3;1;1
202300004355;155 672 872;7;0;2;1;13;1
202300004356;155 672 864;33;0;2;1;3;1
202300004356;155 672 867;7;0;2;0;13;1
202300004356;155 672 870;7;0;2;2;1;1
202300004357;155 672 865;60;0;2;1;1;5
202300004357;155 672 868;32;0;2;0;26;1
202300004358;155 672 861;7;0;2;8;0;1
202300004358;155 672 863;1;0;2;1;1;5
202300004359;155 672 859;7;1;0;2;0;1
202300004360;155 672 860;7;0;2;1;15;1
202300004360;155 672 866;33;0;2;1;1;1
202300004361;155 672 858;42;0;2;1;2;1
202300004361;155 672 862;7;0;2;6;2;1
202300004362;155 672 854;7;0;2;1;1;1
202300004362;155 672 857;1;0;2;7;19;5
202300004363;155 672 851;7;0;2;7;16;1
202300004363;155 672 852;34;0;2;8;18;1
202300004364;155 672 853;33;0;0;0;0;0
202300004364;155 672 856;1;0;0;0;0;5
202300004365;155 672 850;7;0;2;4;2;1
202300004365;155 672 855;7;0;2;1;2;1
202300004366;155 672 848;50;0;1;1;2;3
202300004367;155 672 846;37;0;0;5;23;0
202300004368;155 672 844;7;9;0;3;26;1
202300004369;155 672 841;7;0;2;8;11;1
202300004369;155 672 843;31;0;2;7;3;1
202300004370;155 672 839;3;0;2;7;17;1
202300004370;155 672 840;7;0;2;8;1;3
202300004371;155 672 838;99;8;2;2;2;1
202300004371;155 672 842;32;8;9;4;26;1
202300004372;155 672 835;7;0;1;4;4;1
202300004373;155 672 834;7;0;2;6;15;1
202300004373;155 672 837;33;1;0;1;17;1
202300004374;155 672 832;7;8;2;2;5;1
202300004374;155 672 836;37;0;2;1;10;1
202300004375;155 672 831;2;0;2;1;23;0
202300004375;155 672 833;10;0;2;4;4;0
202300004376;155 672 826;80;0;2;0;0;3
202300004376;155 672 829;7;0;2;2;16;1
202300004377;155 672 825;7;0;2;3;26;2
202300004377;155 672 828;33;0;2;1;1;1
202300004378;155 672 827;30;0;1;1;16;1
202300004379;155 672 824;7;0;2;3;5;1
202300004379;155 672 830;7;0;2;1;1;1
202300004380;155 672 821;7;0;2;3;15;1
202300004380;155 672 823;50;0;2;1;1;3
202300004381;155 672 822;34;9;0;1;2;1
202300004382;155 672 819;33;0;0;8;26;1
202300004383;155 672 820;7;8;0;1;14;1
202300004384;155 672 814;7;0;0;8;26;1
202300004385;155 672 812;7;0;2;1;1;1
202300004385;155 672 815;15;0;2;1;1;1
202300004385;155 672 816;7;0;2;1;5;1
202300004386;155 672 810;1;0;2;1;1;5
202300004386;155 672 813;33;0;2;1;1;1
202300004387;155 672 809;7;1;2;3;9;1
202300004387;155 672 811;7;0;2;1;1;1
202300004388;155 672 803;7;0;2;3;9;1
202300004388;155 672 807;30;0;2;3;1;1
202300004389;155 672 806;7;0;2;1;1;1
202300004389;155 672 808;10;0;2;1;5;1
202300004390;155 672 804;32;12;0;2;13;1
202300004391;155 672 802;7;0;2;1;1;1
202300004391;155 672 805;7;0;2;4;23;1
202300004392;155 672 799;7;0;2;3;13;1
202300004392;155 672 800;7;0;2;3;1;1
202300004393;155 672 798;80;0;2;3;19;3
202300004393;155 672 801;2;0;2;1;17;1
202300004394;155 672 795;7;0;2;2;15;1
202300004394;155 672 797;31;0;2;3;1;1
202300004395;155 672 796;1;0;0;0;1;5
202300004396;155 672 794;7;2;0;1;16;1
202300004397;155 672 792;2;0;2;1;14;1
202300004397;155 672 793;7;0;2;4;9;1
202300004398;155 672 790;7;4;0;2;1;1
202300004399;155 672 788;7;0;2;1;15;1
202300004399;155 672 791;1;12;2;8;1;5
202300004400;155 672 786;10;0;2;3;15;1
202300004400;155 672 789;34;0;2;1;1;1
202300004401;155 672 784;7;0;2;3;9;1
202300004401;155 672 787;1;0;2;1;1;5
202300004402;155 672 782;7;0;1;1;1;1
202300004403;155 672 783;32;0;1;1;1;1
202300004404;155 672 781;7;0;2;2;0;1
202300004404;155 672 785;7;4;2;9;1;1
202300004405;155 672 779;7;11;0;1;1;1
202300004406;155 672 776;7;0;2;3;15;1
202300004406;155 672 778;42;0;2;1;17;0
202300004407;155 672 777;7;0;2;2;19;1
202300004407;155 672 780;2;0;2;1;1;1
202300004408;155 672 774;7;0;0;1;13;1
202300004409;155 672 771;50;0;1;1;2;3
202300004410;155 672 773;7;0;2;3;15;1
202300004410;155 672 775;2;0;0;0;0;1
202300004411;155 672 770;7;0;2;6;15;1
202300004411;155 672 772;2;0;2;1;1;1
202300004412;155 672 767;33;0;2;1;1;1
202300004412;155 672 769;7;0;2;1;23;1
202300004413;155 672 766;7;0;1;1;2;0
202300004414;155 672 765;7;0;2;1;26;3
202300004414;155 672 768;7;0;2;1;13;1
202300004415;155 672 764;1;0;0;0;0;5
202300004416;155 672 763;7;8;1;3;1;1
202300004417;155 672 760;10;0;2;1;1;1
202300004417;155 672 762;7;0;2;2;15;0
202300004418;155 672 759;7;0;2;2;1;1
202300004418;155 672 761;7;0;2;3;16;1
202300004419;155 672 756;7;0;2;3;13;1
202300004419;155 672 758;7;0;2;3;1;1
202300004420;155 672 754;7;0;2;7;16;1
202300004420;155 672 757;50;0;2;1;19;3
202300004421;155 672 753;7;0;2;3;13;1
202300004421;155 672 755;7;0;0;3;1;1
202300004422;155 672 751;2;0;2;7;2;1
202300004422;155 672 752;7;0;2;3;9;1
202300004423;155 672 750;7;3;0;7;14;1
202300004424;155 672 748;1;0;0;8;1;5
202300004425;155 672 746;7;0;0;0;1;1
202300004425;155 672 747;33;0;0;0;17;1
202300004426;155 672 745;7;0;2;1;1;1
202300004426;155 672 749;7;0;2;7;1;1
202300004427;155 672 743;13;0;2;4;2;1
202300004427;155 672 744;7;0;2;1;2;1
202300004428;155 672 741;7;0;1;1;1;1
202300004429;155 672 739;7;0;2;4;10;1
202300004429;155 672 742;32;0;2;1;2;1
202300004430;155 672 738;32;0;2;1;1;3
202300004430;155 672 740;7;0;2;4;1;1
202300004431;155 672 737;7;8;0;1;1;1
202300004432;155 672 734;7;0;2;1;2;1
202300004432;155 672 736;7;0;2;4;23;1
202300004433;155 672 732;50;0;2;1;1;3
202300004433;155 672 735;7;0;2;2;1;1
202300004434;155 672 730;7;0;1;1;1;1
202300004435;155 672 729;7;0;0;1;1;1
202300004435;155 672 731;7;0;0;1;13;0
202300004435;155 672 733;7;0;0;3;1;1
202300004436;155 672 726;7;0;1;3;1;1
202300004437;155 672 728;7;0;1;1;1;1
202300004438;155 672 725;7;0;2;1;1;0
202300004438;155 672 727;2;0;2;1;5;0
202300004439;155 672 721;1;0;2;1;2;5
202300004439;155 672 724;7;0;9;4;0;1
202300004440;155 672 720;33;0;2;1;1;1
202300004440;155 672 723;7;0;2;7;15;1
202300004441;155 672 719;10;12;0;6;23;1
202300004441;155 672 722;10;0;2;2;0;1
202300004442;155 672 716;2;0;2;1;1;3
202300004442;155 672 717;7;0;2;3;15;1
202300004443;155 672 715;7;0;1;2;1;1
202300004444;155 672 711;7;16;0;1;21;1
202300004445;155 672 710;7;0;2;3;16;1
202300004445;155 672 712;32;0;2;8;1;1
202300004446;155 672 705;15;0;2;8;19;1
202300004446;155 672 707;7;0;2;8;1;1
202300004447;155 672 704;7;0;2;2;16;1
202300004447;155 672 706;80;0;2;8;1;3
202300004448;155 672 698;7;0;2;2;1;1
202300004448;155 672 701;7;0;2;2;5;1
202300004449;155 672 697;99;0;2;0;2;1
202300004449;155 672 699;7;0;2;1;2;1
202300004449;155 672 702;33;0;2;4;2;1
202300004450;155 672 695;7;2;0;1;0;1
202300004451;155 672 692;2;0;2;4;2;1
202300004451;155 672 694;10;0;2;1;2;1
202300004452;155 672 691;1;0;9;1;1;5
202300004453;155 672 687;32;0;2;7;1;1
202300004453;155 672 689;7;0;2;2;9;1
202300004454;155 672 684;7;0;2;3;21;1
202300004454;155 672 688;7;0;2;3;21;0
202300004455;155 672 685;30;0;2;1;2;1
202300004455;155 672 686;7;0;2;4;2;1
202300004456;155 672 682;31;0;2;1;1;1
202300004456;155 672 683;7;0;2;5;15;1
202300004457;155 672 678;7;0;2;7;13;1
202300004457;155 672 680;7;0;2;1;1;3
202300004458;155 672 679;7;0;2;6;13;2
202300004458;155 672 681;33;0;2;2;1;1
202300004459;155 672 675;33;0;2;2;2;0
202300004459;155 672 676;7;0;2;8;10;1
202300004460;155 672 674;1;0;2;0;15;5
202300004460;155 672 677;7;0;2;3;2;3
202300004461;155 672 673;7;0;6;2;1;1
202300004462;155 672 670;33;0;2;1;17;1
202300004462;155 672 672;7;0;2;6;15;1
202300004463;155 672 666;36;0;2;5;1;1
202300004463;155 672 669;7;0;2;1;15;1
202300004464;155 672 663;7;0;2;3;9;1
202300004464;155 672 667;2;0;2;1;1;1
202300004465;155 672 662;7;0;2;1;1;1
202300004465;155 672 665;99;1;2;1;5;1
202300004466;155 672 657;7;1;0;3;13;1
202300004467;155 672 655;33;0;2;4;1;1
202300004467;155 672 659;10;0;2;1;2;1
202300004467;155 672 661;10;0;2;5;1;1
202300004467;155 672 664;10;0;2;5;0;1
202300004468;155 672 650;7;0;1;1;1;1
202300004469;155 672 651;80;0;2;1;19;3
202300004469;155 672 653;14;0;2;0;16;1
202300004470;155 672 647;7;0;0;1;0;1
202300004471;155 672 645;7;0;2;1;15;1
202300004471;155 672 646;30;0;2;8;1;1
202300004472;155 672 644;7;0;2;3;1;1
202300004472;155 672 648;7;0;2;2;19;0
202300004473;155 672 643;7;0;1;8;1;1
202300004474;155 672 640;7;0;2;1;5;1
202300004474;155 672 642;10;0;2;1;5;1
202300004475;155 672 639;31;0;2;2;3;1
202300004475;155 672 641;10;0;2;1;0;1
202300004476;155 672 637;7;0;1;2;1;1
202300004477;155 672 636;7;0;2;3;1;0
202300004477;155 672 638;33;0;2;8;13;1
202300004478;155 672 634;7;4;0;9;6;1
202300004479;155 672 635;7;17;0;2;14;1
202300004480;155 672 633;7;0;1;1;1;1
202300004481;155 672 629;50;0;2;1;2;3
202300004481;155 672 631;7;0;2;7;20;1
202300004482;155 672 630;7;0;2;2;15;1
202300004482;155 672 632;33;0;2;1;1;1
202300004483;155 672 627;7;2;0;1;1;1
202300004484;155 672 625;7;0;2;1;1;0
202300004484;155 672 628;50;0;2;8;0;3
202300004485;155 672 624;7;0;2;5;17;1
202300004485;155 672 626;34;8;2;5;1;1
202300004486;155 672 620;2;0;2;7;9;1
202300004486;155 672 623;7;0;2;3;9;1
202300004487;155 672 621;7;2;0;7;1;1
202300004488;155 672 619;7;8;0;1;2;1
202300004489;155 672 614;10;0;2;3;15;1
202300004489;155 672 616;7;0;0;3;1;1
202300004490;155 672 612;2;0;2;8;15;1
202300004490;155 672 617;7;8;2;7;1;1
202300004491;155 672 611;32;0;2;8;1;0
202300004491;155 672 615;7;0;2;1;15;0
202300004492;155 672 608;7;0;1;2;1;0
202300004493;155 672 604;7;0;2;1;9;1
202300004493;155 672 609;7;0;2;8;26;1
202300004494;155 672 603;7;0;2;2;19;1
202300004494;155 672 607;7;8;2;3;1;1
202300004495;155 672 602;3;0;0;0;0;1
202300004495;155 672 605;34;0;2;8;13;1
202300004495;155 672 606;3;0;2;8;1;1
202300004496;155 672 600;7;15;0;2;14;1
202300004497;155 672 601;2;12;0;8;15;1
202300004498;155 672 598;50;0;1;1;25;3
202300004499;155 672 596;10;0;2;4;1;1
202300004499;155 672 599;2;0;2;1;2;1
202300004500;155 672 593;30;0;2;1;2;1
202300004500;155 672 595;32;0;2;1;0;1
202300004500;155 672 597;7;1;2;4;15;1
202300004501;155 672 591;10;0;2;4;26;1
202300004501;155 672 594;31;0;2;1;1;1
202300004502;155 672 589;7;0;2;2;23;1
202300004502;155 672 590;7;0;2;3;22;1
202300004502;155 672 592;80;1;0;1;1;3
202300004503;155 672 587;33;0;1;1;1;1
202300004504;155 672 588;7;2;0;2;1;1
202300004505;155 672 586;7;3;0;1;1;1
202300004506;155 672 581;7;8;0;5;1;1
202300004507;155 672 580;31;0;2;8;17;1
202300004507;155 672 584;7;0;2;3;15;1
202300004508;155 672 583;33;0;2;1;16;1
202300004508;155 672 585;7;0;2;1;23;1
202300004509;155 672 573;7;0;2;2;15;1
202300004509;155 672 577;7;0;2;1;1;1
202300004510;155 672 576;10;3;0;9;1;1
202300004511;155 672 575;7;0;2;6;1;1
202300004511;155 672 578;2;0;2;3;17;1
202300004512;155 672 572;7;3;2;1;13;1
202300004512;155 672 574;7;0;2;1;1;1
202300004513;155 672 570;33;0;0;4;17;1
202300004514;155 672 569;32;0;1;1;17;1
202300004515;155 672 568;7;0;2;2;1;1
202300004515;155 672 571;10;9;2;1;1;0
202300004516;155 672 564;34;14;1;2;19;6
202300004517;155 672 562;10;0;2;1;2;1
202300004517;155 672 565;7;0;2;4;2;1
202300004517;155 672 567;7;0;2;4;2;1
202300004518;155 672 561;7;0;2;3;21;1
202300004518;155 672 563;1;0;2;7;19;5
202300004519;155 672 558;33;0;2;2;0;1
202300004519;155 672 560;10;0;2;6;9;1
202300004520;155 672 556;7;0;1;1;0;1
202300004521;155 672 552;7;8;0;0;0;1
202300004522;155 672 550;1;0;2;2;17;5
202300004522;155 672 554;7;0;2;6;15;1
202300004523;155 672 548;7;0;2;1;1;1
202300004523;155 672 549;7;0;2;1;5;1
202300004524;155 672 547;7;0;2;7;19;1
202300004524;155 672 551;33;0;2;1;1;1
202300004525;155 672 546;30;0;0;0;0;1
202300004526;155 672 545;7;13;0;8;13;1
202300004527;155 672 544;10;0;1;3;5;1
202300004528;155 672 542;60;15;0;7;26;5
202300004529;155 672 543;7;0;1;3;1;1
202300004530;155 672 538;7;0;2;1;5;1
202300004530;155 672 541;33;0;0;1;1;1
202300004531;155 672 539;10;0;4;8;1;1
202300004531;155 672 540;40;0;2;1;1;3
202300004532;155 672 533;80;0;2;1;5;3
202300004532;155 672 535;7;0;2;1;9;1
202300004533;155 672 534;7;0;2;1;13;1
202300004533;155 672 537;7;0;2;1;1;1
202300004534;155 672 532;7;0;2;1;1;1
202300004534;155 672 536;1;0;2;7;1;5
202300004535;155 672 530;1;0;1;0;1;5
202300004536;155 672 528;7;0;0;8;0;0
202300004536;155 672 531;7;0;0;8;0;0
202300004537;155 672 527;7;0;2;7;1;2
202300004537;155 672 529;1;0;2;1;15;5
202300004538;155 672 526;10;0;1;6;4;1
202300004539;155 672 523;7;0;2;1;19;1
202300004539;155 672 525;7;0;0;8;1;1