Num_Acc;id_vehicule;categorie_vehicule;obstacle_fixe;obstacle_mobile;point_choc_initial;manoeuvre_principale;motorisation
202300004540;155 672 520;7;0;0;1;0;1
202300004541;155 672 517;7;0;2;7;23;1
202300004541;155 672 524;7;0;2;1;16;2
202300004542;155 672 519;50;0;2;1;17;3
202300004542;155 672 522;7;0;2;3;15;1
202300004543;155 672 518;7;0;2;2;15;1
202300004543;155 672 521;30;0;2;1;1;1
202300004544;155 672 512;2;0;0;8;15;1
202300004545;155 672 511;17;0;0;1;2;1
202300004545;155 672 514;17;0;0;4;2;1
202300004545;155 672 516;14;0;0;4;2;1
202300004546;155 672 510;7;0;0;4;1;1
202300004546;155 672 515;7;8;2;1;0;1
202300004547;155 672 507;10;0;2;1;2;1
202300004547;155 672 513;7;0;2;1;1;1
202300004548;155 672 508;7;0;2;1;17;1
202300004548;155 672 509;7;0;2;1;1;1
202300004549;155 672 506;7;13;0;3;1;1
202300004550;155 672 503;7;0;2;3;15;1
202300004550;155 672 505;33;0;2;1;3;1
202300004551;155 672 502;30;12;2;8;16;1
202300004551;155 672 504;7;0;2;2;15;1
202300004552;155 672 498;7;0;1;2;1;1
202300004553;155 672 495;7;0;2;3;11;1
202300004553;155 672 497;33;0;2;5;1;1
202300004554;155 672 493;10;0;2;6;23;1
202300004554;155 672 496;14;0;2;1;1;1
202300004554;155 672 500;7;0;2;1;2;1
202300004554;155 672 501;7;0;2;2;2;1
202300004555;155 672 492;7;0;1;6;9;1
202300004556;155 672 494;7;0;2;3;15;1
202300004556;155 672 499;33;0;2;1;1;1
202300004557;155 672 491;7;2;0;9;1;1
202300004558;155 672 490;7;2;0;2;14;1
202300004559;155 672 489;0;0;1;0;1;0
202300004560;155 672 487;33;0;0;;26;1
202300004561;155 672 486;7;0;2;3;1;1
202300004561;155 672 488;32;0;2;1;13;1
202300004562;155 672 484;7;0;0;0;0;1
202300004563;155 672 485;7;0;0;1;0;1
202300004564;155 672 482;10;0;9;2;25;1
202300004564;155 672 483;1;0;2;1;25;5
202300004565;155 672 481;7;2;0;3;15;1
202300004566;155 672 479;7;0;1;1;1;1
202300004567;155 672 477;7;0;2;1;1;1
202300004567;155 672 480;7;0;2;6;1;1
202300004568;155 672 476;7;0;2;2;15;1
202300004568;155 672 478;33;0;2;0;0;1
202300004569;155 672 475;21;16;0;3;13;1
202300004570;155 672 472;1;0;2;0;26;5
202300004570;155 672 473;7;0;2;1;1;1
202300004571;155 672 470;7;0;0;9;19;1
202300004572;155 672 469;37;0;2;1;1;1
202300004572;155 672 474;7;0;2;7;16;1
202300004573;155 672 468;7;0;2;1;17;1
202300004573;155 672 471;7;0;2;3;15;1
202300004574;155 672 466;31;0;2;2;1;1
202300004574;155 672 467;7;0;2;3;9;1
202300004575;155 672 463;7;0;2;3;1;1
202300004575;155 672 465;2;0;2;7;1;1
202300004576;155 672 464;7;13;0;1;1;1
202300004577;155 672 460;0;0;1;0;0;0
202300004578;155 672 458;7;0;2;7;15;1
202300004578;155 672 462;33;0;2;1;1;1
202300004579;155 672 459;7;0;9;0;0;1
202300004579;155 672 461;60;0;2;0;15;5
202300004580;155 672 456;7;0;1;1;1;1
202300004581;155 672 450;7;0;2;2;1;1
202300004581;155 672 454;1;1;2;8;19;5
202300004582;155 672 449;7;0;2;6;2;1
202300004582;155 672 453;33;0;2;6;2;1
202300004583;155 672 448;7;16;2;3;26;1
202300004583;155 672 451;7;0;2;1;2;1
202300004584;155 672 447;1;0;2;1;0;5
202300004584;155 672 452;7;0;9;8;26;1
202300004585;155 672 443;34;0;2;1;13;1
202300004585;155 672 446;7;0;2;3;1;1
202300004586;155 672 442;34;0;0;0;0;1
202300004587;155 672 441;50;0;2;3;1;3
202300004587;155 672 444;7;0;9;3;26;1
202300004588;155 672 439;10;0;9;3;9;0
202300004588;155 672 445;50;0;2;2;9;3
202300004589;155 672 438;1;0;2;0;0;5
202300004589;155 672 440;7;0;9;6;1;1
202300004590;155 672 434;7;0;2;0;0;1
202300004590;155 672 436;1;0;2;0;0;5
202300004591;155 672 435;40;0;1;2;1;3
202300004592;155 672 432;7;4;2;1;1;1
202300004592;155 672 437;7;0;2;4;23;1
202300004593;155 672 431;7;8;0;1;14;1
202300004594;155 672 430;10;0;2;2;1;1
202300004594;155 672 433;2;0;2;1;1;1
202300004595;155 672 425;1;0;2;7;1;5
202300004595;155 672 429;7;0;2;8;22;1
202300004596;155 672 427;33;3;0;3;12;1
202300004597;155 672 423;10;0;2;8;15;1
202300004597;155 672 426;33;0;2;7;17;1
202300004598;155 672 421;7;0;2;1;1;1
202300004598;155 672 428;7;0;2;8;0;1
202300004599;155 672 418;7;3;2;2;0;1
202300004599;155 672 422;7;0;2;6;0;1
202300004599;155 672 424;7;0;2;8;0;1
202300004600;155 672 417;7;0;2;7;22;1
202300004600;155 672 420;1;0;2;3;1;5
202300004601;155 672 416;7;0;2;2;2;1
202300004601;155 672 419;1;0;2;4;13;5
202300004602;155 672 413;31;0;0;0;0;1
202300004603;155 672 411;7;0;2;1;1;1
202300004603;155 672 415;80;0;2;8;19;3
202300004604;155 672 407;10;0;2;3;16;1
202300004604;155 672 412;1;0;2;2;1;5
202300004605;155 672 405;7;0;2;5;1;1
202300004605;155 672 409;7;0;2;1;15;1
202300004606;155 672 404;7;0;2;3;1;1
202300004606;155 672 408;80;0;2;1;1;3
202300004607;155 672 401;1;0;2;8;13;5
202300004607;155 672 403;7;0;9;7;17;2
202300004608;155 672 402;1;0;9;0;16;5
202300004608;155 672 406;1;0;9;0;15;5
202300004609;155 672 397;7;0;2;4;1;1
202300004609;155 672 400;7;0;2;1;1;1
202300004610;155 672 396;7;0;2;8;22;1
202300004610;155 672 398;1;1;0;2;1;5
202300004611;155 672 394;10;0;1;3;13;1
202300004612;155 672 392;33;0;2;7;1;1
202300004612;155 672 395;7;0;2;3;9;1
202300004613;155 672 388;10;0;2;7;16;1
202300004613;155 672 390;1;0;2;8;1;5
202300004614;155 672 387;7;0;2;8;1;0
202300004614;155 672 389;13;0;2;3;13;0
202300004614;155 672 393;7;0;2;8;1;0
202300004615;155 672 386;10;0;2;6;18;1
202300004615;155 672 391;7;0;2;2;1;1
202300004616;155 672 383;7;0;2;2;1;1
202300004617;155 672 381;7;0;2;3;17;1
202300004617;155 672 384;7;0;0;3;21;1
202300004617;155 672 385;7;0;0;8;1;1
202300004618;155 672 380;7;0;1;2;1;1
202300004619;155 672 379;7;0;2;7;15;1
202300004619;155 672 382;50;0;2;1;1;3
202300004620;155 672 378;7;12;0;1;0;1
202300004621;155 672 373;43;0;2;1;5;1
202300004621;155 672 377;7;0;2;3;15;2
202300004622;155 672 371;7;0;2;8;15;1
202300004622;155 672 375;31;0;2;1;1;1
202300004623;155 672 369;33;0;2;3;13;1
202300004623;155 672 374;7;0;2;6;1;1
202300004624;155 672 372;7;0;2;0;1;1
202300004624;155 672 376;7;0;2;2;15;1
202300004625;155 672 367;3;0;2;8;1;1
202300004625;155 672 370;50;0;2;8;1;3
202300004626;155 672 365;7;0;2;3;2;1
202300004626;155 672 368;7;9;2;1;9;1
202300004627;155 672 363;10;0;2;8;16;1
202300004627;155 672 366;50;0;2;1;1;3
202300004628;155 672 361;7;0;2;6;1;1
202300004628;155 672 364;7;0;2;1;0;0
202300004629;155 672 360;7;7;2;7;17;1
202300004629;155 672 362;38;5;0;3;1;1
202300004630;155 672 357;7;4;0;0;0;1
202300004631;155 672 354;7;0;2;1;15;1
202300004631;155 672 358;7;0;2;2;17;1
202300004632;155 672 352;7;0;2;1;5;1
202300004632;155 672 355;7;0;2;0;16;1
202300004632;155 672 359;7;0;2;1;1;1
202300004633;155 672 350;7;0;2;2;1;1
202300004633;155 672 356;7;0;2;9;18;1
202300004634;155 672 348;7;0;2;1;15;1
202300004634;155 672 353;2;0;2;1;1;1
202300004635;155 672 347;7;0;1;2;1;1
202300004636;155 672 344;7;0;2;4;1;1
202300004636;155 672 349;10;8;2;1;1;1
202300004636;155 672 351;7;0;2;7;15;1
202300004637;155 672 343;7;0;2;1;2;3
202300004637;155 672 345;7;0;2;4;2;1
202300004638;155 672 340;43;2;0;1;26;1
202300004639;155 672 342;10;0;2;2;1;0
202300004639;155 672 346;30;0;2;0;16;0
202300004640;155 672 339;7;0;1;1;1;1
202300004641;155 672 336;7;0;2;1;3;1
202300004641;155 672 338;10;0;2;0;2;1
202300004641;155 672 341;7;0;2;4;2;1
202300004642;155 672 330;7;0;2;3;21;1
202300004642;155 672 333;7;0;2;2;1;1
202300004642;155 672 337;7;0;2;5;2;1
202300004643;155 672 331;7;0;0;8;15;1
202300004643;155 672 334;33;0;0;1;1;1
202300004644;155 672 328;2;0;2;1;1;
202300004644;155 672 332;7;0;2;1;13;0
202300004645;155 672 324;7;0;2;5;15;1
202300004645;155 672 327;30;0;2;1;1;1
202300004646;155 672 323;7;5;9;0;1;6
202300004647;155 672 321;7;0;2;1;2;1
202300004647;155 672 325;7;0;2;4;2;1
202300004648;155 672 320;2;0;2;1;19;1
202300004648;155 672 326;10;0;0;8;1;1
202300004649;155 672 319;1;0;2;2;13;5
202300004649;155 672 322;50;0;2;1;1;3
202300004650;155 672 315;7;0;2;3;9;1
202300004650;155 672 318;30;0;2;1;26;1
202300004651;155 672 311;7;0;2;3;19;1
202300004651;155 672 316;33;0;2;1;1;1
202300004652;155 672 309;7;0;2;3;1;1
202300004652;155 672 314;7;0;2;3;1;1
202300004653;155 672 308;10;0;2;2;1;1
202300004653;155 672 312;33;0;2;4;9;1
202300004654;155 672 307;7;0;0;4;2;1
202300004654;155 672 310;7;0;2;1;1;1
202300004654;155 672 313;7;0;2;4;1;1
202300004654;155 672 317;7;0;2;1;2;1
202300004655;155 672 303;7;0;2;1;1;1
202300004655;155 672 306;7;0;2;0;0;3
202300004656;155 672 301;7;0;9;6;9;1
202300004656;155 672 304;1;0;2;7;1;5
202300004657;155 672 299;7;3;0;0;1;1
202300004658;155 672 298;7;0;2;4;23;1
202300004658;155 672 302;7;0;2;4;23;1
202300004658;155 672 305;7;0;2;1;21;1
202300004659;155 672 297;15;0;2;1;2;0
202300004659;155 672 300;7;15;2;1;0;0
202300004660;155 672 294;7;3;0;1;14;1
202300004661;155 672 292;7;0;2;2;1;1
202300004661;155 672 296;33;0;2;4;2;1
202300004662;155 672 293;7;0;2;7;16;1
202300004662;155 672 295;1;0;2;8;1;5
202300004663;155 672 291;7;4;0;1;1;1
202300004664;155 672 283;60;0;2;8;1;5
202300004664;155 672 287;7;0;2;1;1;1
202300004665;155 672 284;33;0;2;7;3;1
202300004665;155 672 288;7;0;2;3;11;1
202300004666;155 672 286;31;0;2;1;2;1
202300004666;155 672 289;7;0;2;4;1;1
202300004667;155 672 285;2;0;2;8;2;0
202300004667;155 672 290;7;0;2;5;17;0
202300004668;155 672 281;7;0;2;4;12;1
202300004668;155 672 282;33;0;2;9;3;1
202300004669;155 672 276;50;0;2;7;17;3
202300004669;155 672 280;7;0;2;3;15;3
202300004670;155 672 275;7;0;2;3;9;1
202300004670;155 672 279;17;0;2;2;1;0
202300004671;155 672 273;1;0;2;1;14;5
202300004671;155 672 278;7;0;2;2;1;1
202300004672;155 672 270;50;0;2;4;0;3
202300004672;155 672 277;7;0;2;1;19;1
202300004673;155 672 268;2;0;2;0;1;1
202300004673;155 672 271;7;0;2;0;15;1
202300004674;155 672 263;7;0;2;4;2;1
202300004674;155 672 266;7;0;2;1;2;1
202300004675;155 672 262;2;0;2;8;1;1
202300004675;155 672 265;10;0;2;7;16;1
202300004676;155 672 264;7;0;2;1;2;1
202300004676;155 672 267;7;0;2;4;2;1
202300004676;155 672 269;7;0;2;4;2;1
202300004677;155 672 260;7;0;4;8;1;1
202300004677;155 672 261;40;0;2;1;1;3
202300004678;155 672 257;7;0;2;2;15;1
202300004678;155 672 259;2;0;2;1;1;3
202300004679;155 672 252;7;0;2;1;26;1
202300004679;155 672 256;7;0;2;6;26;1
202300004679;155 672 258;7;0;2;8;26;1
202300004680;155 672 251;7;0;2;1;1;1
202300004680;155 672 255;33;0;2;8;1;1
202300004681;155 672 249;7;0;2;2;16;1
202300004681;155 672 253;33;0;2;8;1;1
202300004682;155 672 247;7;0;2;4;23;2
202300004682;155 672 250;7;0;2;1;1;1
202300004682;155 672 254;10;0;2;4;23;1
202300004683;155 672 246;7;0;2;8;10;1
202300004683;155 672 248;33;0;2;1;1;1
202300004684;155 672 242;7;0;2;1;2;1
202300004684;155 672 245;7;0;2;4;2;3
202300004685;155 672 240;7;0;2;0;0;1
202300004685;155 672 243;1;0;2;0;0;5
202300004686;155 672 238;7;0;2;1;1;1
202300004686;155 672 241;7;0;2;4;1;1
202300004687;155 672 236;50;0;0;0;1;3
202300004688;155 672 237;7;0;2;3;1;1
202300004688;155 672 239;7;9;2;9;1;1
202300004688;155 672 244;1;0;2;1;1;5
202300004689;155 672 232;33;0;2;1;0;1
202300004689;155 672 234;7;0;0;8;26;1
202300004690;155 672 233;60;0;2;8;26;5
202300004690;155 672 235;7;0;2;1;1;1
202300004691;155 672 229;10;4;2;2;12;1
202300004691;155 672 231;34;4;2;1;3;1
202300004692;155 672 228;2;0;0;7;1;1
202300004693;155 672 227;7;0;2;1;1;1
202300004693;155 672 230;7;0;2;2;5;1
202300004694;155 672 225;10;12;0;4;23;0
202300004694;155 672 226;10;12;0;1;2;1
202300004695;155 672 219;33;0;2;1;13;1
202300004695;155 672 223;7;0;2;6;16;1
202300004696;155 672 220;33;0;2;2;3;1
202300004696;155 672 224;7;0;2;8;11;1
202300004697;155 672 217;7;2;0;7;0;1
202300004698;155 672 216;1;0;2;1;1;5
202300004698;155 672 221;7;0;2;7;1;1
202300004699;155 672 218;7;0;2;8;13;1
202300004699;155 672 222;1;0;2;7;13;5
202300004700;155 672 215;7;6;0;1;1;1
202300004701;155 672 211;7;0;2;5;1;1
202300004701;155 672 214;32;0;2;1;11;1
202300004702;155 672 209;33;6;0;1;11;1
202300004703;155 672 207;7;0;2;3;1;1
202300004703;155 672 213;1;0;2;1;1;5
202300004704;155 672 206;7;0;2;6;2;1
202300004704;155 672 210;31;0;2;1;2;1
202300004705;155 672 208;33;0;2;1;1;1
202300004705;155 672 212;7;0;2;1;9;1
202300004706;155 672 201;7;0;2;0;0;1
202300004706;155 672 204;1;0;2;0;0;5
202300004707;155 672 202;7;0;1;5;16;1
202300004708;155 672 199;10;0;2;5;2;1
202300004708;155 672 203;31;0;2;5;3;1
202300004708;155 672 205;31;0;2;1;3;1
202300004709;155 672 198;7;0;1;1;16;1
202300004710;155 672 197;1;0;2;1;1;5
202300004710;155 672 200;2;0;2;1;12;1
202300004711;155 672 194;7;0;2;1;1;1
202300004711;155 672 196;1;0;2;0;1;5
202300004712;155 672 193;7;0;2;1;2;1
202300004712;155 672 195;2;0;2;4;2;1
202300004713;155 672 187;7;4;0;8;0;1
202300004714;155 672 189;7;0;2;8;22;1
202300004714;155 672 191;1;0;2;1;1;5
202300004715;155 672 185;34;0;2;2;1;1
202300004715;155 672 192;7;0;2;3;16;1
202300004716;155 672 184;7;0;2;3;15;1
202300004716;155 672 188;1;0;2;8;1;5
202300004717;155 672 186;14;0;2;7;16;1
202300004717;155 672 190;1;0;2;1;17;5
202300004718;155 672 183;7;13;0;7;17;1
202300004719;155 672 181;7;0;2;1;13;1
202300004719;155 672 182;7;0;2;1;1;1
202300004720;155 672 179;50;0;1;7;25;3
202300004721;155 672 173;7;0;2;3;1;1
202300004721;155 672 177;7;0;2;1;13;1
202300004722;155 672 176;7;0;2;3;15;1
202300004722;155 672 180;30;0;2;2;21;1
202300004723;155 672 174;7;0;2;3;1;1
202300004723;155 672 178;2;0;2;1;13;1
202300004724;155 672 170;80;0;1;1;1;3
202300004725;155 672 169;7;0;2;8;1;1
202300004725;155 672 171;7;0;2;4;1;1
202300004725;155 672 172;7;0;2;4;1;1
202300004725;155 672 175;7;0;2;0;12;1
202300004726;155 672 167;7;5;1;3;19;6
202300004727;155 672 161;7;0;2;1;0;1
202300004727;155 672 164;60;0;2;7;1;5
202300004728;155 672 163;2;0;2;7;1;1
202300004728;155 672 168;10;0;2;1;15;1
202300004729;155 672 160;33;3;0;8;17;0
202300004730;155 672 159;7;0;2;1;1;1
202300004730;155 672 166;7;0;2;3;1;1
202300004731;155 672 162;14;0;2;1;2;1
202300004731;155 672 165;2;0;0;4;2;3
202300004732;155 672 158;7;1;0;2;0;1
202300004733;155 672 156;1;0;0;2;1;5
202300004734;155 672 152;7;0;9;2;14;0
202300004734;155 672 155;60;0;2;1;1;5
202300004735;155 672 151;1;0;2;3;2;5
202300004735;155 672 154;7;0;2;2;14;1
202300004736;155 672 149;32;0;2;0;26;1
202300004736;155 672 150;10;0;2;7;16;1
202300004737;155 672 153;33;0;2;7;12;1
202300004737;155 672 157;7;0;2;3;16;1
202300004738;155 672 146;30;0;2;1;17;1
202300004738;155 672 148;10;0;2;3;15;1
202300004739;155 672 145;33;0;2;0;1;0
202300004739;155 672 147;7;0;2;3;1;0
202300004740;155 672 142;7;0;0;0;0;1
202300004741;155 672 138;1;12;0;1;1;5
202300004742;155 672 141;7;0;2;3;22;1
202300004742;155 672 144;1;0;2;0;1;5
202300004743;155 672 137;7;0;2;2;18;1
202300004743;155 672 140;2;0;2;3;18;1
202300004744;155 672 136;1;0;0;0;0;5
202300004745;155 672 135;34;11;0;1;17;1
202300004746;155 672 134;1;14;0;0;1;5
202300004747;155 672 132;10;0;0;2;26;1
202300004748;155 672 131;30;0;0;0;0;1
202300004749;155 672 126;2;0;2;1;0;1
202300004749;155 672 130;7;0;2;2;9;1
202300004750;155 672 124;7;0;2;3;6;1
202300004750;155 672 129;50;0;0;1;1;3
202300004751;155 672 123;7;0;2;1;1;1
202300004751;155 672 127;1;0;2;8;1;5
202300004752;155 672 122;7;0;2;1;1;1
202300004752;155 672 128;7;0;2;4;15;0
202300004753;155 672 121;7;0;2;6;22;2
202300004753;155 672 125;2;1;0;7;17;1
202300004754;155 672 118;7;0;0;8;1;0
202300004754;155 672 120;1;0;2;1;19;5
202300004755;155 672 116;10;0;1;1;1;1
202300004756;155 672 114;33;0;1;1;2;0
202300004757;155 672 115;7;0;2;1;13;1
202300004757;155 672 117;7;0;2;1;1;1
202300004758;155 672 112;7;0;2;3;9;1
202300004758;155 672 119;7;0;2;1;1;1
202300004759;155 672 110;33;0;4;7;9;1
202300004759;155 672 113;39;0;2;1;1;3
202300004760;155 672 108;33;0;2;1;2;1
202300004760;155 672 111;7;0;2;4;1;1
202300004761;155 672 106;50;0;2;8;13;3
202300004761;155 672 109;7;0;9;2;2;1
202300004762;155 672 104;7;14;0;1;1;0
202300004763;155 672 101;7;2;0;1;1;1
202300004763;155 672 105;99;8;2;3;0;1
202300004764;155 672 097;2;0;2;0;0;1
202300004764;155 672 100;7;0;2;0;0;1
202300004765;155 672 096;7;0;2;4;2;1
202300004765;155 672 099;30;0;2;1;2;1
202300004766;155 672 095;7;0;2;3;15;1
202300004766;155 672 098;34;0;2;1;17;1
202300004767;155 672 093;7;0;1;1;1;1
202300004768;155 672 092;1;0;2;0;0;5
202300004768;155 672 094;10;0;9;2;2;1
202300004769;155 672 088;7;0;2;2;16;1
202300004769;155 672 091;60;0;2;8;1;5
202300004770;155 672 087;7;16;2;1;0;0
202300004770;155 672 090;7;16;2;1;0;1
202300004771;155 672 083;7;0;2;1;1;0
202300004771;155 672 085;7;0;2;4;23;0
202300004771;155 672 089;7;0;2;4;1;1
202300004772;155 672 081;7;13;0;1;1;1
202300004773;155 672 076;7;0;2;3;0;1
202300004773;155 672 080;7;0;2;7;1;1
202300004774;155 672 079;7;0;2;3;15;0
202300004774;155 672 082;33;0;2;1;1;0
202300004775;155 672 074;0;0;2;0;26;0
202300004775;155 672 077;50;0;2;1;5;3
202300004776;155 672 073;7;0;2;8;1;1
202300004776;155 672 075;7;0;2;8;1;1
202300004777;155 672 072;1;0;2;1;1;5
202300004777;155 672 078;7;0;2;3;1;1
202300004778;155 672 067;7;0;2;1;1;0
202300004778;155 672 068;7;0;2;2;0;0
202300004779;155 672 065;1;1;2;4;1;5
202300004779;155 672 071;7;0;2;1;16;1
202300004780;155 672 064;99;0;2;1;19;0
202300004780;155 672 069;99;0;2;5;1;1
202300004781;155 672 063;7;0;2;1;2;1
202300004781;155 672 066;7;0;2;4;23;2
202300004782;155 672 062;31;0;2;1;19;1
202300004782;155 672 070;7;0;2;3;15;1
202300004783;155 672 060;33;0;0;0;0;0
202300004784;155 672 059;10;0;1;3;15;1
202300004785;155 672 058;2;0;2;1;21;1
202300004785;155 672 061;10;0;2;3;21;1
202300004786;155 672 057;7;0;1;0;11;1
202300004787;155 672 055;10;0;2;3;1;1
202300004787;155 672 056;7;0;2;1;1;1
202300004788;155 672 054;7;9;2;2;1;1
202300004789;155 672 053;7;2;0;0;1;1
202300004790;155 672 050;0;0;2;1;2;0
202300004790;155 672 052;37;0;2;6;2;0
202300004791;155 672 049;7;0;2;3;15;1
202300004791;155 672 051;33;0;2;1;17;1
202300004792;155 672 048;33;1;0;0;0;1
202300004793;155 672 047;7;0;1;1;1;0
202300004794;155 672 046;7;3;0;2;1;1
202300004795;155 672 043;7;10;0;1;20;3
202300004796;155 672 038;7;0;2;4;1;1
202300004796;155 672 044;7;0;2;1;1;1
202300004797;155 672 041;33;0;2;4;23;1
202300004797;155 672 045;15;0;2;1;1;1
202300004798;155 672 039;7;0;2;0;1;1
202300004798;155 672 042;60;0;2;0;1;5
202300004799;155 672 040;7;1;0;7;2;0
202300004800;155 672 037;33;0;0;1;1;1
202300004801;155 672 033;1;0;2;0;9;5
202300004801;155 672 035;7;0;9;0;9;1
202300004802;155 672 032;7;11;0;3;1;1
202300004803;155 672 031;7;0;2;1;13;0
202300004803;155 672 036;7;0;2;1;0;0
202300004804;155 672 030;7;0;2;2;0;1
202300004804;155 672 034;30;0;2;0;0;1
202300004805;155 672 028;30;0;2;1;2;1
202300004805;155 672 029;7;0;2;4;2;1
202300004806;155 672 024;7;1;0;0;0;1
202300004807;155 672 023;7;14;0;4;23;0
202300004807;155 672 025;2;14;0;4;23;1
202300004807;155 672 027;7;14;0;1;1;0
202300004808;155 672 022;2;0;2;1;2;1
202300004808;155 672 026;2;0;2;4;18;1
202300004809;155 672 021;7;0;1;1;1;3
202300004810;155 672 020;7;0;1;1;1;1
202300004811;155 672 019;7;6;1;0;0;1
202300004812;155 672 017;7;0;1;3;1;1
202300004813;155 672 012;7;0;2;1;2;1
202300004813;155 672 015;7;0;2;4;23;1
202300004814;155 672 011;7;0;2;0;0;1
202300004814;155 672 014;60;0;2;0;1;5
202300004815;155 672 008;7;0;1;2;1;1
202300004816;155 672 010;7;0;2;3;11;1
202300004816;155 672 013;7;0;2;1;1;1
202300004817;155 672 006;7;0;2;5;16;1
202300004817;155 672 009;34;0;2;1;9;1
202300004818;155 672 007;7;0;1;3;15;1
202300004819;155 672 003;7;0;2;0;15;1
202300004819;155 672 005;7;0;2;0;0;1
202300004820;155 672 002;2;0;2;1;1;0
202300004820;155 672 004;7;0;2;5;15;1
202300004821;155 671 998;32;0;2;4;2;1
202300004821;155 672 000;7;0;2;2;2;1
202300004822;155 671 999;13;0;2;7;2;0
202300004822;155 672 001;33;0;2;8;2;0
202300004823;155 671 996;7;0;2;4;2;1
202300004823;155 671 997;7;0;2;1;2;1
202300004824;155 671 995;7;13;0;0;1;1
202300004825;155 671 992;7;0;1;1;1;1
202300004826;155 671 993;7;0;1;3;1;1
202300004827;155 671 991;50;0;2;1;15;3
202300004827;155 671 994;1;0;2;2;1;5
202300004828;155 671 989;7;0;1;2;1;1
202300004829;155 671 986;7;0;2;0;0;1
202300004829;155 671 990;1;0;2;0;0;5
202300004830;155 671 985;7;0;9;5;16;1
202300004830;155 671 987;50;0;2;2;2;3
202300004831;155 671 978;7;0;2;4;2;1
202300004831;155 671 981;10;0;2;1;2;1
202300004831;155 671 984;15;0;2;1;2;1
202300004832;155 671 980;3;1;0;2;16;0
202300004832;155 671 982;30;1;2;0;18;1
202300004833;155 671 976;33;0;2;2;3;1
202300004833;155 671 979;10;0;2;5;2;1
202300004834;155 671 977;7;3;2;3;13;1
202300004834;155 671 983;7;0;2;2;2;1
202300004835;155 671 974;7;0;2;5;15;1
202300004836;155 671 972;1;0;2;1;9;5
202300004836;155 671 975;1;0;2;1;1;5
202300004837;155 671 969;7;0;2;1;2;1
202300004837;155 671 971;7;0;2;4;1;1
202300004838;155 671 970;7;0;0;1;26;1
202300004838;155 671 973;80;9;2;7;19;3
202300004839;155 671 967;7;0;2;1;1;1
202300004839;155 671 968;7;0;2;7;0;1
202300004840;155 671 965;33;15;0;1;1;1
202300004841;155 671 963;7;0;1;1;1;1
202300004842;155 671 964;7;0;2;2;16;1
202300004842;155 671 966;50;0;0;1;1;3
202300004843;155 671 961;7;0;2;5;15;1
202300004843;155 671 962;33;0;2;1;1;1
202300004844;155 671 956;7;0;2;1;2;1
202300004844;155 671 959;33;0;2;4;2;1
202300004845;155 671 958;7;0;2;1;26;1
202300004845;155 671 960;2;0;0;0;13;0
202300004846;155 671 954;7;0;2;1;1;1
202300004846;155 671 957;30;0;2;3;1;1
202300004847;155 671 953;31;0;0;0;1;1
202300004848;155 671 952;7;0;2;6;19;0
202300004848;155 671 955;34;0;2;1;2;1
202300004849;155 671 949;30;12;0;0;26;1
202300004850;155 671 946;7;1;0;2;14;0
202300004851;155 671 947;7;0;2;4;2;1
202300004851;155 671 951;7;1;0;1;2;1
202300004852;155 671 945;33;0;2;9;26;1
202300004852;155 671 948;7;0;2;6;2;1
202300004852;155 671 950;7;0;2;8;2;1
202300004853;155 671 944;7;0;1;1;1;1
202300004854;155 671 943;7;8;0;1;13;1
202300004855;155 671 941;7;0;1;1;10;1
202300004856;155 671 939;15;0;1;1;1;1
202300004857;155 671 940;33;0;0;9;1;1
202300004857;155 671 942;33;0;0;9;1;1
202300004858;155 671 934;99;0;2;5;16;0
202300004858;155 671 936;17;0;2;3;16;0
202300004858;155 671 937;7;0;2;7;16;0
202300004859;155 671 932;7;0;0;3;2;1
202300004859;155 671 935;7;0;0;3;2;0
202300004860;155 671 930;7;0;0;7;1;1
202300004860;155 671 933;2;0;2;1;19;1
202300004861;155 671 928;7;0;2;8;11;1
202300004861;155 671 931;7;0;2;2;2;1
202300004862;155 671 925;7;0;2;3;15;1
202300004862;155 671 927;32;0;2;7;1;1
202300004863;155 671 924;10;9;2;1;2;1
202300004863;155 671 926;7;0;2;4;2;1
202300004863;155 671 929;7;0;2;4;2;1
202300004864;155 671 921;7;0;1;3;1;1
202300004865;155 671 919;7;0;2;1;10;1
202300004865;155 671 923;34;0;2;2;1;1
202300004866;155 671 918;7;0;2;3;19;1
202300004866;155 671 920;2;0;2;1;17;1
202300004867;155 671 917;10;0;2;2;10;1
202300004867;155 671 922;31;0;2;1;21;1
202300004868;155 671 916;7;0;2;1;1;1
202300004869;155 671 915;7;2;0;1;13;1
202300004870;155 671 909;13;16;0;3;3;1
202300004870;155 671 912;37;16;0;1;3;1
202300004871;155 671 908;7;0;2;8;14;1
202300004871;155 671 913;32;0;2;5;1;1
202300004872;155 671 906;7;13;0;1;21;1
202300004873;155 671 903;60;0;9;1;0;5
202300004873;155 671 905;1;0;2;1;1;5
202300004874;155 671 902;10;0;2;1;1;1
202300004874;155 671 904;7;0;2;4;1;1
202300004875;155 671 898;7;0;2;3;1;1
202300004875;155 671 900;7;0;2;3;1;1
202300004876;155 671 895;13;0;9;4;2;1
202300004876;155 671 897;7;0;9;4;2;1
202300004876;155 671 901;7;0;9;4;0;1