Num_Acc;id_vehicule;categorie_vehicule;obstacle_fixe;obstacle_mobile;point_choc_initial;manoeuvre_principale;motorisation
202300004877;155 671 896;7;0;1;2;1;1
202300004878;155 671 894;10;0;2;1;15;1
202300004878;155 671 899;1;0;2;1;1;5
202300004879;155 671 890;80;0;0;0;0;3
202300004879;155 671 893;34;0;2;1;1;1
202300004880;155 671 892;35;0;0;0;0;1
202300004881;155 671 888;7;0;1;7;15;1
202300004882;155 671 889;33;14;2;1;17;1
202300004882;155 671 891;14;0;2;6;12;1
202300004883;155 671 884;33;0;2;1;2;1
202300004883;155 671 887;37;0;2;2;16;1
202300004884;155 671 882;7;0;9;3;1;1
202300004884;155 671 886;33;0;2;1;1;1
202300004885;155 671 881;50;0;2;1;1;3
202300004885;155 671 883;2;0;2;0;3;0
202300004886;155 671 880;7;0;2;2;1;1
202300004886;155 671 885;7;0;2;2;1;1
202300004887;155 671 879;32;0;1;1;1;0
202300004888;155 671 876;1;12;0;1;21;5
202300004889;155 671 874;33;0;0;1;2;0
202300004889;155 671 878;7;0;0;3;9;3
202300004890;155 671 873;7;0;2;2;1;1
202300004890;155 671 877;7;0;2;3;19;1
202300004891;155 671 870;7;0;9;4;1;0
202300004891;155 671 871;7;0;2;1;1;0
202300004892;155 671 868;10;6;0;2;17;1
202300004893;155 671 869;7;0;2;1;17;1
202300004893;155 671 872;7;0;2;1;26;1
202300004893;155 671 875;7;0;2;7;21;1
202300004894;155 671 866;7;0;9;1;21;1
202300004894;155 671 867;1;0;2;4;2;5
202300004895;155 671 864;7;15;0;2;0;1
202300004896;155 671 863;7;15;2;3;26;1
202300004896;155 671 865;7;0;2;7;1;1
202300004897;155 671 862;1;0;1;2;25;5
202300004898;155 671 857;7;0;2;3;9;1
202300004898;155 671 860;33;0;2;1;2;1
202300004899;155 671 856;30;0;2;7;1;1
202300004899;155 671 859;7;0;2;8;15;1
202300004900;155 671 855;7;0;9;2;1;1
202300004900;155 671 858;1;0;2;1;9;5
202300004901;155 671 854;7;0;0;9;21;1
202300004902;155 671 852;7;0;1;2;1;1
202300004903;155 671 850;7;0;2;3;9;3
202300004903;155 671 853;1;0;2;2;1;5
202300004904;155 671 847;1;0;2;1;1;5
202300004904;155 671 848;7;0;2;1;26;1
202300004905;155 671 846;7;0;2;3;9;1
202300004905;155 671 849;7;0;2;2;1;0
202300004906;155 671 843;7;0;2;3;16;1
202300004906;155 671 845;1;0;2;2;16;5
202300004907;155 671 842;7;0;1;1;1;1
202300004908;155 671 838;40;0;1;1;1;3
202300004909;155 671 836;30;0;2;1;2;1
202300004909;155 671 839;7;0;2;4;0;1
202300004910;155 671 837;7;0;2;1;0;0
202300004910;155 671 840;7;0;2;1;0;0
202300004910;155 671 844;7;3;0;1;0;0
202300004911;155 671 834;7;0;0;5;26;1
202300004911;155 671 835;33;1;0;1;1;1
202300004912;155 671 832;37;0;1;0;1;4
202300004913;155 671 831;7;0;2;7;15;1
202300004913;155 671 833;31;0;2;1;1;1
202300004914;155 671 830;7;8;1;1;14;0
202300004915;155 671 827;7;4;0;3;1;1
202300004916;155 671 826;7;0;2;2;1;1
202300004916;155 671 829;7;13;2;7;17;1
202300004917;155 671 825;1;0;2;1;1;5
202300004917;155 671 828;7;0;2;3;15;1
202300004918;155 671 824;7;0;1;3;1;0
202300004919;155 671 820;33;0;2;3;13;1
202300004919;155 671 823;7;3;2;3;1;1
202300004920;155 671 821;7;2;0;3;1;1
202300004921;155 671 819;7;6;0;2;1;1
202300004922;155 671 818;7;0;2;3;1;1
202300004922;155 671 822;7;0;2;2;15;1
202300004923;155 671 815;10;0;2;6;1;1
202300004923;155 671 817;80;0;2;1;1;3
202300004924;155 671 813;7;0;9;8;15;1
202300004924;155 671 816;1;0;2;7;16;5
202300004925;155 671 812;7;0;2;3;1;1
202300004925;155 671 814;2;0;2;7;1;1
202300004926;155 671 811;7;8;0;8;1;1
202300004927;155 671 809;33;0;6;1;1;1
202300004928;155 671 808;30;7;0;1;1;1
202300004929;155 671 806;7;0;2;6;15;1
202300004929;155 671 810;33;0;2;1;1;1
202300004930;155 671 805;30;0;2;3;15;1
202300004930;155 671 807;7;0;2;3;16;1
202300004931;155 671 802;7;0;2;3;13;1
202300004931;155 671 804;7;0;2;3;1;1
202300004932;155 671 800;17;0;1;1;1;1
202300004933;155 671 801;7;0;0;6;1;0
202300004933;155 671 803;50;0;2;2;19;3
202300004934;155 671 797;7;0;2;7;15;1
202300004934;155 671 799;32;0;2;1;1;1
202300004935;155 671 796;13;0;2;5;16;1
202300004935;155 671 798;1;0;2;3;1;5
202300004936;155 671 795;7;0;1;2;1;1
202300004937;155 671 792;10;0;2;2;1;1
202300004937;155 671 794;7;0;2;6;10;1
202300004938;155 671 790;37;0;2;5;1;6
202300004938;155 671 793;1;0;2;8;1;5
202300004939;155 671 789;7;6;0;1;1;1
202300004940;155 671 788;1;0;2;8;1;5
202300004940;155 671 791;7;0;2;7;16;1
202300004941;155 671 784;1;0;2;1;1;5
202300004941;155 671 786;1;0;2;1;13;5
202300004942;155 671 785;7;0;2;1;17;1
202300004942;155 671 787;7;0;2;3;1;1
202300004943;155 671 782;7;15;0;1;1;1
202300004944;155 671 781;7;0;2;8;15;1
202300004944;155 671 783;30;0;2;1;1;1
202300004945;155 671 778;0;0;2;1;0;0
202300004945;155 671 780;1;0;2;1;0;5
202300004946;155 671 776;1;0;0;0;1;5
202300004947;155 671 777;31;0;2;3;13;1
202300004947;155 671 779;7;0;2;3;5;1
202300004948;155 671 774;7;0;2;1;2;1
202300004948;155 671 775;7;0;1;4;1;1
202300004949;155 671 772;43;0;2;1;1;1
202300004949;155 671 773;10;0;2;4;1;1
202300004950;155 671 771;7;0;1;1;1;1
202300004951;155 671 770;7;2;0;1;13;1
202300004952;155 671 767;10;0;1;8;26;1
202300004953;155 671 768;3;0;0;0;1;1
202300004954;155 671 765;7;0;2;3;15;1
202300004954;155 671 769;1;0;2;3;5;5
202300004955;155 671 764;7;0;9;5;9;1
202300004955;155 671 766;1;0;2;5;14;5
202300004956;155 671 763;2;1;0;1;0;1
202300004957;155 671 757;33;0;2;8;26;1
202300004957;155 671 759;10;0;2;3;1;1
202300004958;155 671 756;7;0;2;4;1;1
202300004958;155 671 760;7;0;2;4;1;1
202300004958;155 671 762;7;0;2;1;1;0
202300004959;155 671 755;7;1;0;1;26;1
202300004959;155 671 758;7;0;2;0;0;0
202300004959;155 671 761;7;0;2;0;0;1
202300004960;155 671 754;7;13;0;3;1;1
202300004961;155 671 749;60;0;2;3;26;5
202300004961;155 671 752;7;0;2;1;23;1
202300004962;155 671 748;7;0;2;1;2;1
202300004962;155 671 753;7;0;2;5;2;1
202300004963;155 671 746;33;0;2;2;17;1
202300004963;155 671 750;7;0;2;6;17;1
202300004964;155 671 747;7;0;2;1;1;1
202300004964;155 671 751;7;0;2;2;13;1
202300004965;155 671 745;10;0;1;1;1;1
202300004966;155 671 743;33;0;1;1;1;0
202300004967;155 671 742;1;0;0;7;21;0
202300004968;155 671 741;2;0;2;0;2;1
202300004968;155 671 744;10;0;2;7;15;1
202300004969;155 671 739;7;1;1;3;1;2
202300004970;155 671 738;7;0;2;8;15;1
202300004970;155 671 740;15;0;2;2;1;1
202300004971;155 671 736;30;0;0;0;1;1
202300004972;155 671 735;14;0;2;1;1;1
202300004972;155 671 737;10;0;2;1;13;1
202300004973;155 671 733;10;0;2;2;0;1
202300004973;155 671 734;7;0;0;6;1;1
202300004974;155 671 732;7;0;1;6;26;3
202300004975;155 671 731;7;0;1;3;16;1
202300004976;155 671 730;38;6;0;2;2;1
202300004977;155 671 727;7;0;2;1;1;1
202300004977;155 671 729;33;0;0;4;1;1
202300004978;155 671 726;7;0;2;4;15;1
202300004978;155 671 728;10;0;2;1;2;1
202300004979;155 671 725;7;0;0;3;1;1
202300004980;155 671 724;33;0;0;8;1;1
202300004981;155 671 720;7;0;2;6;2;1
202300004981;155 671 723;31;0;2;1;2;1
202300004982;155 671 719;7;0;2;3;15;1
202300004983;155 671 722;33;0;0;8;15;1
202300004984;155 671 721;7;10;0;9;1;1
202300004985;155 671 715;7;12;0;3;26;0
202300004986;155 671 714;7;0;2;1;1;1
202300004986;155 671 718;7;0;2;1;13;1
202300004987;155 671 712;7;0;2;1;2;1
202300004987;155 671 717;7;0;2;4;23;1
202300004988;155 671 713;7;0;2;1;0;1
202300004988;155 671 716;7;4;2;5;1;1
202300004989;155 671 708;33;0;2;3;1;1
202300004989;155 671 711;7;0;2;8;1;1
202300004990;155 671 706;7;0;2;1;2;1
202300004991;155 671 704;7;0;2;4;2;2
202300004991;155 671 707;10;0;2;1;2;1
202300004991;155 671 709;7;0;2;1;2;1
202300004992;155 671 705;7;0;1;1;1;1
202300004993;155 671 703;10;0;1;1;1;1
202300004994;155 671 700;33;0;0;8;1;1
202300004995;155 671 699;7;0;2;0;14;1
202300004995;155 671 701;7;0;2;0;1;1
202300004996;155 671 698;7;3;0;6;13;1
202300004996;155 671 702;7;14;0;0;0;1
202300004997;155 671 695;30;0;0;0;0;1
202300004998;155 671 693;7;0;2;1;2;1
202300004998;155 671 696;7;0;2;4;2;3
202300004999;155 671 694;7;0;2;4;17;1
202300004999;155 671 697;1;0;2;1;1;5
202300005000;155 671 692;7;4;2;1;2;1
202300005001;155 671 689;7;0;2;1;1;
202300005001;155 671 691;7;0;2;4;1;
202300005002;155 671 687;43;0;1;1;1;1
202300005003;155 671 686;1;0;2;1;5;5
202300005003;155 671 690;7;0;2;1;1;1
202300005004;155 671 685;10;0;2;1;1;1
202300005004;155 671 688;10;0;2;1;5;1
202300005005;155 671 683;7;3;0;1;0;1
202300005006;155 671 680;33;0;2;1;1;1
202300005006;155 671 682;7;0;2;6;15;1
202300005007;155 671 679;7;0;2;1;2;1
202300005007;155 671 681;7;0;2;5;2;1
202300005008;155 671 678;7;0;1;8;1;1
202300005009;155 671 676;10;0;2;5;23;1
202300005009;155 671 677;43;0;2;1;18;1
202300005010;155 671 672;43;0;2;7;1;
202300005010;155 671 684;7;0;2;3;15;1
202300005011;155 671 671;7;0;2;3;11;1
202300005011;155 671 674;7;0;0;5;1;1
202300005012;155 671 669;7;0;2;1;2;1
202300005012;155 671 673;7;0;2;4;2;1
202300005012;155 671 675;7;0;2;4;2;1
202300005013;155 671 668;7;0;2;3;13;1
202300005013;155 671 670;7;0;2;6;1;1
202300005014;155 671 664;31;0;2;1;1;1
202300005014;155 671 667;7;0;2;7;15;1
202300005015;155 671 662;7;0;2;2;12;1
202300005015;155 671 666;33;0;2;3;3;1
202300005016;155 671 661;33;0;2;8;3;1
202300005016;155 671 665;7;0;2;7;1;1
202300005017;155 671 660;7;0;1;3;1;1
202300005018;155 671 656;33;0;2;1;3;1
202300005018;155 671 659;7;0;0;4;12;1
202300005019;155 671 655;1;0;2;0;5;5
202300005019;155 671 657;7;0;2;8;16;1
202300005020;155 671 653;7;0;2;5;12;1
202300005020;155 671 658;31;0;2;3;0;1
202300005021;155 671 652;7;0;2;8;10;1
202300005021;155 671 654;34;0;2;1;17;1
202300005022;155 671 646;7;6;0;1;9;2
202300005023;155 671 648;1;0;0;0;21;5
202300005024;155 671 647;7;0;2;4;2;1
202300005024;155 671 650;7;0;2;4;2;1
202300005024;155 671 651;10;0;2;1;1;1
202300005025;155 671 645;33;0;2;8;3;1
202300005025;155 671 649;7;0;2;5;12;1
202300005026;155 671 642;7;0;1;1;1;1
202300005027;155 671 640;7;0;2;3;11;1
202300005027;155 671 643;43;0;2;7;1;1
202300005028;155 671 641;43;4;2;1;2;1
202300005029;155 671 639;7;0;2;1;25;1
202300005029;155 671 644;80;0;2;8;25;3
202300005030;155 671 635;7;0;2;5;16;1
202300005030;155 671 638;50;0;2;1;19;3
202300005031;155 671 634;33;0;2;1;2;1
202300005031;155 671 637;31;0;2;4;2;1
202300005032;155 671 631;34;0;2;1;1;1
202300005032;155 671 632;7;0;2;4;23;1
202300005033;155 671 626;7;0;2;3;24;1
202300005033;155 671 629;2;0;2;1;1;1
202300005034;155 671 627;14;0;2;2;1;1
202300005034;155 671 630;7;0;2;8;11;1
202300005034;155 671 633;10;0;2;7;1;1
202300005034;155 671 636;7;0;2;1;21;1
202300005035;155 671 620;7;8;0;1;1;1
202300005036;155 671 619;7;0;2;3;15;1
202300005036;155 671 623;34;0;2;3;1;3
202300005037;155 671 621;14;0;2;4;2;1
202300005037;155 671 624;15;0;2;4;1;1
202300005037;155 671 625;13;0;2;1;2;1
202300005037;155 671 628;7;0;2;1;2;1
202300005038;155 671 622;7;3;0;1;1;1
202300005039;155 671 615;7;0;0;1;1;1
202300005040;155 671 614;36;1;2;1;13;1
202300005040;155 671 618;7;0;2;1;1;1
202300005041;155 671 613;33;0;2;2;3;1
202300005041;155 671 616;7;0;2;8;11;1
202300005042;155 671 610;7;0;0;3;1;1
202300005043;155 671 609;80;0;1;7;7;3
202300005044;155 671 607;7;0;2;1;2;1
202300005044;155 671 611;7;0;2;4;2;1
202300005045;155 671 608;7;0;2;7;12;1
202300005045;155 671 612;31;0;2;8;1;1
202300005046;155 671 605;33;0;0;7;14;1
202300005047;155 671 604;1;0;0;0;21;5
202300005048;155 671 602;33;0;0;0;3;1
202300005049;155 671 601;33;0;2;1;17;1
202300005049;155 671 603;7;0;2;4;11;1
202300005049;155 671 606;33;0;2;0;17;1
202300005050;155 671 596;30;0;2;8;9;1
202300005050;155 671 600;7;0;2;2;21;1
202300005051;155 671 597;30;0;1;1;1;3
202300005052;155 671 595;7;0;2;3;19;1
202300005052;155 671 598;50;0;2;3;25;3
202300005053;155 671 594;7;0;2;1;1;1
202300005053;155 671 599;10;0;2;4;1;1
202300005054;155 671 593;30;0;1;1;1;1
202300005055;155 671 591;7;0;2;2;15;1
202300005055;155 671 592;2;0;2;1;1;1
202300005056;155 671 589;7;0;2;3;11;1
202300005056;155 671 590;15;0;2;2;1;1
202300005057;155 671 586;7;0;2;7;16;1
202300005057;155 671 587;7;0;2;1;1;4
202300005058;155 671 584;7;0;2;1;1;1
202300005058;155 671 585;1;12;0;0;1;5
202300005059;155 671 579;7;0;2;6;12;1
202300005059;155 671 588;33;0;2;1;3;0
202300005060;155 671 577;7;0;2;4;0;1
202300005060;155 671 582;30;0;2;1;0;1
202300005061;155 671 578;7;0;2;1;0;1
202300005061;155 671 580;7;0;2;4;0;1
202300005061;155 671 583;7;0;2;4;0;1
202300005062;155 671 576;10;0;2;1;1;1
202300005062;155 671 581;7;0;2;7;1;1
202300005063;155 671 573;7;0;9;1;13;1
202300005063;155 671 575;17;0;2;1;1;1
202300005064;155 671 571;15;0;1;1;11;1
202300005065;155 671 566;1;0;0;0;26;5
202300005066;155 671 568;33;0;2;1;3;1
202300005066;155 671 570;10;0;2;5;14;1
202300005066;155 671 572;33;0;2;1;3;1
202300005066;155 671 574;33;0;2;1;3;1
202300005067;155 671 563;10;0;2;1;1;1
202300005067;155 671 564;7;0;2;8;13;1
202300005067;155 671 565;7;0;2;1;1;0
202300005067;155 671 567;7;13;2;8;1;1
202300005067;155 671 569;7;0;2;1;1;1
202300005068;155 671 560;32;0;2;1;1;1
202300005068;155 671 562;14;0;2;5;15;1
202300005069;155 671 559;14;0;2;3;1;1
202300005069;155 671 561;10;0;2;7;2;1
202300005070;155 671 557;13;0;2;4;23;1
202300005070;155 671 558;7;0;2;1;2;1
202300005071;155 671 555;7;0;2;3;19;1
202300005071;155 671 556;7;0;2;2;1;1
202300005072;155 671 552;41;0;1;1;1;1
202300005073;155 671 550;34;8;0;1;5;1
202300005074;155 671 551;7;0;2;4;2;2
202300005074;155 671 553;7;0;2;1;2;1
202300005074;155 671 554;7;0;2;4;2;1
202300005075;155 671 549;7;8;0;0;0;1
202300005076;155 671 548;7;0;1;7;1;2
202300005077;155 671 547;7;0;1;4;9;1
202300005078;155 671 545;1;0;2;0;1;5
202300005078;155 671 546;10;0;2;0;15;1
202300005079;155 671 540;7;0;2;1;5;1
202300005079;155 671 543;7;0;2;1;1;1
202300005080;155 671 542;7;0;2;2;26;0
202300005080;155 671 544;7;0;0;1;0;0
202300005081;155 671 539;60;0;2;8;1;5
202300005081;155 671 541;7;0;2;4;26;3
202300005082;155 671 538;33;0;0;2;14;1
202300005083;155 671 536;33;0;0;0;0;1
202300005084;155 671 535;7;0;2;2;1;1
202300005084;155 671 537;7;7;2;1;1;0
202300005085;155 671 533;33;0;2;0;1;1
202300005085;155 671 534;7;0;2;0;0;1
202300005086;155 671 532;7;0;1;7;1;1
202300005087;155 671 530;50;0;2;0;0;3
202300005087;155 671 531;7;0;2;5;20;1
202300005088;155 671 528;1;0;2;1;1;5
202300005088;155 671 529;7;0;2;8;1;1
202300005089;155 671 525;99;0;2;0;9;0
202300005089;155 671 527;7;0;0;3;1;3
202300005090;155 671 522;7;0;2;3;19;1
202300005090;155 671 526;2;0;2;3;1;1
202300005091;155 671 521;7;0;2;4;1;1
202300005091;155 671 523;7;0;2;1;1;1
202300005091;155 671 524;30;0;2;4;1;1
202300005092;155 671 519;7;0;1;3;19;0
202300005093;155 671 518;7;0;2;6;13;1
202300005093;155 671 520;13;0;2;2;1;1
202300005094;155 671 517;60;12;0;0;1;5
202300005095;155 671 514;33;1;0;0;1;1
202300005096;155 671 516;7;1;1;4;20;1
202300005097;155 671 513;7;0;2;3;2;1
202300005097;155 671 515;32;0;2;4;2;0
202300005098;155 671 512;30;0;0;0;1;1
202300005099;155 671 510;7;15;0;7;1;1
202300005100;155 671 508;7;0;2;2;9;1
202300005100;155 671 509;7;0;2;2;14;1
202300005100;155 671 511;99;0;2;4;23;1
202300005101;155 671 507;7;0;1;2;1;1
202300005102;155 671 506;37;0;1;2;1;1
202300005103;155 671 505;7;0;1;1;2;1
202300005104;155 671 502;7;0;2;1;16;1
202300005104;155 671 504;60;0;2;7;1;5
202300005105;155 671 501;7;0;2;2;1;1
202300005105;155 671 503;50;0;2;1;1;3
202300005106;155 671 499;1;0;0;0;0;5
202300005106;155 671 500;7;0;0;0;0;1
202300005107;155 671 495;7;0;2;0;0;
202300005107;155 671 498;7;0;2;5;23;1
202300005108;155 671 494;17;0;2;3;1;1
202300005108;155 671 497;33;4;2;2;14;1
202300005109;155 671 491;1;0;2;1;25;5
202300005109;155 671 493;7;0;2;0;0;6
202300005109;155 671 496;7;0;2;2;16;0
202300005110;155 671 489;30;0;2;0;26;1
202300005110;155 671 492;10;0;2;8;15;1
202300005111;155 671 485;7;0;2;2;2;0
202300005111;155 671 487;7;0;2;6;1;0
202300005112;155 671 482;32;0;2;1;26;1
202300005112;155 671 486;7;0;2;4;0;1
202300005113;155 671 481;10;0;2;7;1;1
202300005113;155 671 484;1;0;2;2;0;5
202300005114;155 671 478;7;4;2;1;13;1
202300005114;155 671 480;7;0;0;7;2;1
202300005114;155 671 483;7;14;0;1;2;1
202300005115;155 671 476;10;0;2;2;19;1
202300005115;155 671 479;31;0;2;2;1;1
202300005116;155 671 475;7;0;1;2;17;1
202300005117;155 671 473;7;0;2;3;9;1
202300005117;155 671 477;1;0;2;1;1;5
202300005118;155 671 472;2;0;1;1;1;1
202300005119;155 671 471;7;6;0;2;14;1
202300005120;155 671 470;7;0;2;3;1;1
202300005120;155 671 474;7;0;2;2;19;1
202300005121;155 671 466;10;0;2;1;0;1
202300005121;155 671 469;7;0;2;1;0;1
202300005122;155 671 468;7;14;0;3;9;1
202300005123;155 671 465;7;0;1;1;1;
202300005124;155 671 464;7;0;0;1;0;1
202300005124;155 671 467;7;0;2;1;5;1
202300005125;155 671 461;10;0;0;0;1;1
202300005126;155 671 462;7;0;1;2;1;3
202300005127;155 671 460;7;1;2;1;2;0
202300005127;155 671 463;7;0;0;5;23;0
202300005128;155 671 459;7;0;0;8;1;1
202300005129;155 671 457;43;1;0;2;14;1
202300005130;155 671 456;33;0;1;1;17;1
202300005131;155 671 455;10;0;2;5;2;1
202300005131;155 671 458;50;0;2;1;2;3
202300005132;155 671 454;33;0;0;9;15;1
202300005133;155 671 453;30;0;0;0;0;1
202300005134;155 671 447;7;0;2;3;13;3
202300005134;155 671 450;7;0;2;3;1;1
202300005134;155 671 452;7;12;0;1;13;1
202300005135;155 671 446;7;0;9;7;17;1
202300005135;155 671 449;1;0;0;6;1;5
202300005136;155 671 448;7;0;2;2;16;1
202300005136;155 671 451;2;0;2;8;18;1
202300005137;155 671 445;30;0;0;0;1;1
202300005138;155 671 438;7;0;2;1;1;1
202300005138;155 671 444;7;0;2;1;13;1
202300005139;155 671 441;2;6;2;1;2;0
202300005139;155 671 443;7;0;0;2;16;0
202300005140;155 671 439;30;0;2;0;0;1
202300005140;155 671 442;1;0;2;0;0;5
202300005141;155 671 437;1;0;2;4;1;5
202300005141;155 671 440;7;0;2;2;1;1
202300005142;155 671 435;1;0;0;0;1;5
202300005143;155 671 433;1;0;0;0;1;5
202300005144;155 671 434;33;0;2;1;1;1
202300005144;155 671 436;7;0;0;3;1;1
202300005145;155 671 431;30;0;2;1;2;1
202300005145;155 671 432;10;0;2;4;2;1
202300005146;155 671 430;33;0;0;3;1;0
202300005147;155 671 429;30;0;0;0;1;1
202300005148;155 671 426;33;9;2;1;17;1
202300005148;155 671 428;10;0;2;3;15;1
202300005149;155 671 424;7;3;0;6;1;1
202300005149;155 671 425;10;0;2;2;14;1
202300005150;155 671 422;30;0;2;3;1;1
202300005150;155 671 427;7;0;2;2;15;1
202300005151;155 671 421;7;0;2;1;13;1
202300005151;155 671 423;3;0;2;1;1;1
202300005152;155 671 419;7;0;2;6;15;1
202300005152;155 671 420;33;0;2;1;17;1
202300005153;155 671 417;30;0;0;0;1;1
202300005154;155 671 415;30;0;2;1;13;1
202300005154;155 671 418;30;0;2;1;26;1
202300005155;155 671 413;33;0;2;3;17;1
202300005155;155 671 414;10;0;2;3;1;0
202300005155;155 671 416;7;0;2;1;1;0
202300005156;155 671 410;7;0;2;4;9;1
202300005156;155 671 412;2;0;0;4;1;1
202300005157;155 671 408;7;16;0;2;1;1
202300005158;155 671 409;31;0;0;0;26;0
202300005159;155 671 407;7;0;2;1;1;1
202300005159;155 671 411;7;0;2;2;0;1
202300005160;155 671 405;7;0;2;3;1;1
202300005160;155 671 406;80;0;2;1;1;3
202300005161;155 671 404;1;0;0;0;1;5
202300005162;155 671 399;7;0;1;1;1;1
202300005163;155 671 398;7;0;0;1;13;1
202300005163;155 671 400;7;0;2;1;1;1
202300005164;155 671 397;7;0;2;3;15;1
202300005164;155 671 401;50;0;2;1;2;3
202300005165;155 671 394;7;13;0;1;14;1
202300005166;155 671 393;32;0;0;0;1;1
202300005167;155 671 395;7;0;0;4;23;1
202300005167;155 671 396;17;0;2;1;1;1
202300005168;155 671 389;7;15;0;2;1;1
202300005169;155 671 388;7;0;9;3;15;1
202300005169;155 671 391;1;0;2;1;1;5
202300005170;155 671 387;1;0;0;1;1;5
202300005170;155 671 390;7;0;2;1;1;1
202300005171;155 671 386;34;0;2;1;1;1
202300005171;155 671 392;7;0;2;1;1;1
202300005172;155 671 385;7;0;0;0;1;1
202300005173;155 671 383;7;9;2;3;0;0
202300005173;155 671 384;10;9;0;1;0;0
202300005174;155 671 381;7;6;0;1;1;1
202300005175;155 671 380;7;2;0;1;1;0
202300005176;155 671 379;10;0;2;2;15;1
202300005176;155 671 382;7;0;2;3;1;1
202300005177;155 671 377;7;0;1;1;1;1
202300005178;155 671 374;7;0;0;8;1;1
202300005178;155 671 376;33;0;2;8;9;1
202300005179;155 671 371;7;8;0;7;14;1
202300005180;155 671 369;7;0;2;4;1;1
202300005180;155 671 370;10;0;2;4;0;0
202300005180;155 671 373;7;0;2;1;1;1
202300005181;155 671 368;7;0;1;1;2;1
202300005182;155 671 364;41;0;2;8;13;1
202300005182;155 671 366;7;0;2;7;15;1
202300005183;155 671 365;7;0;2;3;1;1
202300005183;155 671 367;7;0;2;3;1;1
202300005184;155 671 361;0;0;0;0;26;0
202300005185;155 671 359;7;0;0;6;15;1
202300005185;155 671 360;30;0;2;7;1;1
202300005186;155 671 357;7;0;2;4;9;1
202300005186;155 671 358;7;0;2;1;2;1
202300005187;155 671 356;7;4;2;7;14;1
202300005187;155 671 362;7;3;2;8;1;1
202300005188;155 671 355;33;13;0;1;14;1
202300005189;155 671 352;99;0;1;0;1;0
202300005190;155 671 350;10;0;0;0;7;1
202300005190;155 671 353;7;2;2;2;1;1
202300005191;155 671 348;7;0;2;1;1;1
202300005191;155 671 351;7;0;2;4;23;1
202300005191;155 671 354;7;0;2;4;15;1
202300005192;155 671 346;7;0;2;1;13;0
202300005192;155 671 349;7;0;2;1;1;0
202300005193;155 671 344;7;0;2;4;26;1
202300005193;155 671 347;7;0;2;2;26;1
202300005194;155 671 345;7;0;1;1;16;1
202300005195;155 671 343;7;6;1;1;14;1
202300005196;155 671 342;7;0;1;3;2;1
202300005197;155 671 340;7;0;2;4;1;1
202300005197;155 671 341;7;0;2;1;1;1
202300005198;155 671 339;7;0;0;9;1;1
202300005199;155 671 338;7;0;1;1;1;1
202300005200;155 671 333;2;0;0;1;1;5
202300005201;155 671 332;7;0;2;6;26;1
202300005201;155 671 335;43;14;0;3;14;1
202300005202;155 671 330;7;0;2;5;23;1
202300005202;155 671 336;7;0;2;1;1;1
202300005202;155 671 337;7;0;2;6;23;1
202300005203;155 671 328;7;0;2;1;1;1
202300005203;155 671 331;10;0;2;1;1;1
202300005203;155 671 334;7;0;2;1;13;1
202300005204;155 671 326;7;0;2;4;2;1
202300005204;155 671 329;7;0;2;1;2;1
202300005205;155 671 324;7;4;2;1;1;1
202300005205;155 671 327;7;0;2;3;21;1
202300005206;155 671 323;7;13;0;1;15;1
202300005207;155 671 322;30;0;2;7;16;1
202300005207;155 671 325;10;0;2;7;16;1
202300005208;155 671 321;1;0;0;0;0;5
202300005209;155 671 320;7;0;1;3;1;1
202300005210;155 671 319;2;0;0;0;1;1
202300005211;155 671 318;33;0;0;1;0;1
202300005212;155 671 316;7;1;0;1;16;1
202300005213;155 671 314;10;0;2;4;2;1
202300005213;155 671 317;33;0;2;1;1;1
202300005214;155 671 313;1;0;2;1;0;5
202300005214;155 671 315;20;0;0;5;15;1
202300005215;155 671 312;32;0;0;0;0;0
202300005216;155 671 309;30;0;2;1;1;3
202300005216;155 671 311;7;0;2;2;15;1
202300005217;155 671 305;33;0;2;1;1;1
202300005217;155 671 308;21;0;2;6;15;1
202300005218;155 671 304;7;0;2;8;15;1
202300005218;155 671 307;30;0;2;2;17;1
202300005219;155 671 303;7;0;1;0;0;1
202300005219;155 671 306;7;0;1;1;1;1
202300005219;155 671 310;7;0;1;0;0;1
202300005220;155 671 301;7;0;2;0;1;1
202300005220;155 671 302;7;0;2;1;1;1
202300005221;155 671 299;7;0;1;1;1;1
202300005222;155 671 297;7;0;0;0;24;1
202300005222;155 671 300;30;7;0;1;1;1
202300005223;155 671 296;7;3;2;3;1;1
202300005223;155 671 298;7;0;2;1;1;1
202300005224;155 671 294;7;15;0;2;14;1
202300005225;155 671 293;10;0;2;2;11;1
202300005225;155 671 295;33;0;2;1;1;1
202300005226;155 671 288;30;0;0;7;15;1
202300005227;155 671 285;7;0;2;1;9;1
202300005227;155 671 289;7;0;2;2;13;1
202300005228;155 671 284;7;0;2;0;2;1
202300005228;155 671 286;7;0;2;4;2;1
202300005228;155 671 290;33;0;2;1;1;1
202300005228;155 671 291;7;0;2;0;2;1
202300005229;155 671 280;33;0;0;0;0;1
202300005230;155 671 279;7;0;2;4;2;1
202300005230;155 671 283;7;0;2;1;2;1
202300005231;155 671 278;30;14;0;1;2;1