Num_Acc;id_vehicule;categorie_vehicule;obstacle_fixe;obstacle_mobile;point_choc_initial;manoeuvre_principale;motorisation
202300005231;155 671 281;7;0;2;4;2;1
202300005232;155 671 271;7;0;1;1;1;1
202300005233;155 671 273;30;0;2;1;21;1
202300005233;155 671 275;7;0;2;5;15;1
202300005234;155 671 270;50;0;0;0;0;3
202300005234;155 671 272;7;0;2;0;1;0
202300005235;155 671 269;7;0;2;1;2;1
202300005235;155 671 274;7;0;2;4;2;1
202300005235;155 671 276;7;0;2;4;2;1
202300005236;155 671 266;2;0;2;1;0;0
202300005236;155 671 268;7;0;0;5;23;0
202300005237;155 671 262;7;0;2;0;14;1
202300005237;155 671 265;33;0;2;8;16;1
202300005237;155 671 267;7;0;2;6;1;1
202300005238;155 671 261;7;0;2;8;13;1
202300005238;155 671 264;7;0;2;7;1;1
202300005239;155 671 259;7;0;2;4;1;1
202300005239;155 671 260;7;0;2;1;1;1
202300005239;155 671 263;7;0;2;4;1;1
202300005240;155 671 258;33;3;0;1;13;1
202300005241;155 671 256;7;0;1;1;1;1
202300005242;155 671 252;7;0;2;3;1;1
202300005242;155 671 255;7;3;2;2;1;1
202300005243;155 671 251;7;0;2;4;2;1
202300005243;155 671 253;7;0;2;4;2;1
202300005244;155 671 250;7;0;1;1;1;1
202300005245;155 671 246;7;0;2;3;13;1
202300005245;155 671 254;7;0;2;3;21;1
202300005245;155 671 257;7;0;2;3;1;1
202300005246;155 671 245;7;0;2;8;11;1
202300005246;155 671 248;33;0;2;1;3;1
202300005247;155 671 244;10;0;2;3;2;1
202300005247;155 671 247;7;0;2;4;2;1
202300005247;155 671 249;7;0;2;4;2;1
202300005248;155 671 243;80;0;0;9;1;3
202300005249;155 671 239;10;0;2;1;5;1
202300005249;155 671 241;7;0;2;1;1;1
202300005250;155 671 238;10;0;2;3;9;1
202300005250;155 671 242;7;4;0;4;0;1
202300005251;155 671 236;13;0;2;7;12;1
202300005251;155 671 237;33;0;2;8;1;1
202300005251;155 671 240;7;0;2;8;1;1
202300005252;155 671 233;7;0;0;9;14;0
202300005253;155 671 234;50;0;2;1;1;3
202300005254;155 671 232;7;0;1;3;1;1
202300005255;155 671 229;1;0;2;1;1;5
202300005255;155 671 231;13;0;0;4;23;1
202300005256;155 671 227;34;0;2;1;19;1
202300005256;155 671 228;7;0;2;0;0;1
202300005257;155 671 226;10;13;0;8;13;3
202300005258;155 671 223;7;15;2;1;2;3
202300005258;155 671 225;7;0;0;4;2;1
202300005259;155 671 221;50;0;2;0;2;3
202300005259;155 671 224;7;0;2;0;26;1
202300005260;155 671 219;33;0;2;1;5;1
202300005260;155 671 220;7;0;2;3;1;1
202300005261;155 671 217;10;0;2;1;1;1
202300005261;155 671 222;99;0;2;3;15;1
202300005262;155 671 214;7;0;2;1;1;1
202300005262;155 671 215;7;0;2;4;1;1
202300005263;155 671 213;7;0;2;2;26;1
202300005264;155 671 211;7;0;2;0;0;0
202300005264;155 671 212;31;0;2;4;1;1
202300005265;155 671 209;31;0;2;3;26;1
202300005265;155 671 210;7;0;2;3;1;1
202300005266;155 671 207;7;0;2;4;2;1
202300005266;155 671 208;7;0;2;1;2;1
202300005267;155 671 205;7;0;2;1;2;1
202300005267;155 671 206;7;0;2;4;2;1
202300005268;155 671 203;7;0;2;2;1;1
202300005268;155 671 204;7;0;2;4;1;1
202300005269;155 671 200;7;0;2;2;12;1
202300005269;155 671 201;32;0;2;3;3;1
202300005269;155 671 202;7;0;2;4;1;1
202300005270;155 671 198;7;0;2;3;5;1
202300005270;155 671 199;7;0;2;1;1;1
202300005271;155 671 196;7;0;2;8;1;1
202300005271;155 671 197;7;0;2;2;15;1
202300005272;155 671 194;1;0;2;7;19;5
202300005272;155 671 195;30;0;9;1;17;1
202300005273;155 671 193;33;12;0;1;1;1
202300005274;155 671 192;50;0;2;2;0;3
202300005275;155 671 191;7;4;0;3;1;1
202300005276;155 671 189;7;12;2;1;1;1
202300005276;155 671 190;7;0;2;1;15;1
202300005277;155 671 188;7;8;1;1;16;1
202300005278;155 671 187;30;15;0;2;1;1
202300005279;155 671 185;7;0;2;1;2;1
202300005279;155 671 186;7;0;2;4;2;1
202300005280;155 671 183;50;0;2;1;25;3
202300005280;155 671 184;7;0;2;2;16;1
202300005281;155 671 181;7;0;2;1;13;1
202300005281;155 671 182;7;14;0;4;13;1
202300005282;155 671 179;7;0;2;5;16;1
202300005282;155 671 180;2;0;2;8;1;1
202300005283;155 671 177;7;0;9;1;1;1
202300005283;155 671 178;1;0;2;1;19;5
202300005284;155 671 176;30;0;0;0;1;1
202300005285;155 671 174;7;0;2;3;26;1
202300005285;155 671 175;2;0;2;3;26;1
202300005286;155 671 173;33;1;0;1;13;1
202300005287;155 671 171;50;0;2;7;1;3
202300005287;155 671 172;7;0;2;3;1;2
202300005288;155 671 169;7;0;2;2;1;1
202300005288;155 671 170;7;0;2;1;1;1
202300005289;155 671 167;7;0;2;3;15;1
202300005289;155 671 168;50;0;2;1;1;3
202300005290;155 671 165;7;0;2;1;19;1
202300005290;155 671 166;32;0;2;7;1;1
202300005291;155 671 163;10;0;2;1;1;1
202300005291;155 671 164;7;0;2;2;1;1
202300005292;155 671 161;7;0;2;1;1;1
202300005292;155 671 162;7;0;2;4;2;1
202300005293;155 671 160;34;4;0;8;13;1
202300005294;155 671 158;13;0;2;3;12;1
202300005294;155 671 159;7;0;2;8;1;1
202300005295;155 671 156;7;0;2;3;0;1
202300005295;155 671 157;7;0;2;5;0;1
202300005296;155 671 152;7;0;2;4;2;1
202300005296;155 671 153;7;0;2;4;15;1
202300005296;155 671 154;7;0;2;1;2;1
202300005296;155 671 155;7;0;2;0;2;1
202300005297;155 671 150;50;0;2;1;1;3
202300005297;155 671 151;7;0;2;3;9;1
202300005298;155 671 148;33;0;2;8;2;1
202300005298;155 671 149;7;0;2;5;13;1
202300005299;155 671 146;7;0;2;1;15;1
202300005299;155 671 147;33;0;2;0;1;1
202300005300;155 671 144;7;0;2;1;0;1
202300005300;155 671 145;7;0;0;0;0;2
202300005301;155 671 143;7;1;1;1;26;1
202300005302;155 671 141;7;0;2;2;17;0
202300005302;155 671 142;1;0;2;2;14;5
202300005303;155 671 140;7;0;1;0;26;0
202300005304;155 671 137;99;0;2;1;2;1
202300005304;155 671 138;7;0;2;4;2;1
202300005304;155 671 139;7;0;2;4;1;1
202300005305;155 671 135;33;0;2;1;1;1
202300005305;155 671 136;7;0;2;5;0;1
202300005306;155 671 133;7;0;2;1;13;1
202300005306;155 671 134;10;0;2;0;0;1
202300005307;155 671 131;7;0;2;2;1;1
202300005307;155 671 132;1;0;2;8;19;5
202300005308;155 671 129;7;0;2;1;1;1
202300005308;155 671 130;7;1;2;1;13;1
202300005309;155 671 128;7;2;0;3;14;1
202300005310;155 671 127;10;0;1;1;1;3
202300005311;155 671 125;10;15;2;8;19;1
202300005311;155 671 126;7;0;2;1;1;1
202300005312;155 671 124;7;0;1;1;1;1
202300005313;155 671 123;7;13;0;5;14;1
202300005314;155 671 122;7;13;0;1;13;1
202300005315;155 671 121;15;0;1;1;1;1
202300005316;155 671 119;7;0;2;3;13;1
202300005316;155 671 120;7;0;2;3;1;1
202300005317;155 671 117;7;0;2;1;9;1
202300005317;155 671 118;7;0;2;1;1;1
202300005318;155 671 116;7;0;1;1;1;3
202300005319;155 671 115;7;0;1;4;4;1
202300005320;155 671 113;7;0;2;1;15;1
202300005320;155 671 114;43;0;2;2;1;1
202300005321;155 671 111;33;11;2;2;17;1
202300005321;155 671 112;7;0;2;8;1;1
202300005322;155 671 109;2;0;2;8;1;1
202300005322;155 671 110;7;0;2;1;15;1
202300005323;155 671 108;7;11;0;3;1;1
202300005324;155 671 107;7;7;0;1;6;1
202300005325;155 671 105;7;0;2;1;2;1
202300005325;155 671 106;33;0;2;4;2;1
202300005326;155 671 103;7;0;9;1;1;1
202300005326;155 671 104;50;0;2;7;19;3
202300005327;155 671 099;7;0;2;2;1;3
202300005327;155 671 100;7;0;2;1;1;1
202300005328;155 671 097;7;0;2;1;13;1
202300005328;155 671 098;7;0;2;3;1;1
202300005329;155 671 096;33;0;0;1;26;1
202300005330;155 671 094;7;0;2;1;2;1
202300005330;155 671 095;7;0;2;4;2;1
202300005331;155 671 093;33;0;0;0;1;1
202300005332;155 671 091;10;0;2;6;9;1
202300005332;155 671 092;33;0;2;1;1;1
202300005333;155 671 090;50;0;1;1;1;3
202300005334;155 671 088;7;0;2;0;0;1
202300005334;155 671 089;1;0;2;4;15;5
202300005335;155 671 087;30;14;0;1;5;1
202300005336;155 671 086;7;6;0;1;14;1
202300005337;155 671 084;7;0;2;7;15;1
202300005337;155 671 085;33;0;2;1;1;1
202300005338;155 671 082;32;0;2;1;1;1
202300005338;155 671 083;7;0;2;4;1;1
202300005339;155 671 080;37;0;2;8;1;1
202300005339;155 671 081;14;0;2;1;1;1
202300005340;155 671 077;33;0;2;2;14;1
202300005340;155 671 078;7;0;2;5;2;1
202300005340;155 671 079;7;0;2;2;2;1
202300005341;155 671 075;1;1;2;4;1;5
202300005341;155 671 076;7;0;2;1;1;1
202300005342;155 671 073;7;0;2;1;1;1
202300005342;155 671 074;13;0;2;4;26;1
202300005343;155 671 072;7;0;1;6;16;1
202300005344;155 671 070;7;0;2;3;1;1
202300005344;155 671 071;80;0;2;1;1;3
202300005345;155 671 068;7;0;2;4;23;1
202300005345;155 671 069;7;0;2;1;1;1
202300005346;155 671 066;7;0;2;3;10;1
202300005346;155 671 067;33;0;2;1;1;1
202300005347;155 671 065;50;0;1;1;1;3
202300005348;155 671 063;1;0;2;1;2;5
202300005348;155 671 064;7;0;2;4;23;1
202300005349;155 671 061;80;0;2;8;1;3
202300005349;155 671 062;7;0;2;2;15;1
202300005350;155 671 060;10;0;1;2;15;3
202300005351;155 671 058;32;0;2;1;1;1
202300005351;155 671 059;7;0;2;7;15;1
202300005352;155 671 056;30;0;2;1;2;1
202300005352;155 671 057;7;0;2;4;2;1
202300005353;155 671 055;80;12;0;1;14;3
202300005354;155 671 053;50;0;2;1;2;3
202300005354;155 671 054;7;0;9;3;2;1
202300005355;155 671 051;7;0;2;7;17;0
202300005355;155 671 052;1;0;2;8;13;5
202300005356;155 671 050;7;0;0;0;1;
202300005357;155 671 048;33;0;2;1;17;1
202300005357;155 671 049;7;0;2;0;0;1
202300005358;155 671 045;7;0;2;4;2;1
202300005358;155 671 046;7;1;2;7;1;1
202300005358;155 671 047;7;0;2;7;2;1
202300005359;155 671 043;7;0;2;1;0;1
202300005359;155 671 044;50;0;2;1;0;3
202300005360;155 671 042;7;1;0;2;14;1
202300005361;155 671 040;7;0;2;7;15;1
202300005361;155 671 041;33;0;2;1;2;1
202300005362;155 671 038;7;14;0;4;0;1
202300005362;155 671 039;7;14;0;1;0;0
202300005363;155 671 036;50;1;0;1;2;3
202300005363;155 671 037;7;1;0;0;0;1
202300005364;155 671 035;7;2;0;1;1;2
202300005365;155 671 033;7;0;2;2;14;1
202300005365;155 671 034;50;0;2;4;1;3
202300005366;155 671 032;7;0;1;2;1;1
202300005367;155 671 031;7;0;1;4;4;1
202300005368;155 671 028;7;0;2;3;15;1
202300005368;155 671 030;50;0;2;1;5;3
202300005369;155 671 027;1;0;2;1;25;5
202300005369;155 671 029;7;0;2;8;9;1
202300005370;155 671 026;7;1;0;1;1;1
202300005371;155 671 025;7;0;1;1;1;1
202300005372;155 671 024;7;0;1;1;2;1
202300005373;155 671 022;30;0;2;1;17;1
202300005373;155 671 023;7;0;2;3;15;1
202300005374;155 671 021;7;2;0;1;13;1
202300005375;155 671 020;7;0;1;1;1;1
202300005376;155 671 019;7;14;0;1;1;1
202300005377;155 671 016;7;0;2;1;19;1
202300005377;155 671 018;1;0;2;8;1;5
202300005378;155 671 015;7;0;2;2;1;3
202300005378;155 671 017;2;;2;1;;1
202300005379;155 671 014;30;0;0;8;16;1
202300005380;155 671 012;7;0;2;8;2;1
202300005380;155 671 013;2;0;2;7;17;1
202300005381;155 671 010;7;0;2;3;15;1
202300005381;155 671 011;7;0;2;3;1;1
202300005382;155 671 009;7;0;1;4;4;1
202300005383;155 671 008;30;0;1;8;1;1
202300005384;155 671 006;10;0;2;1;1;1
202300005384;155 671 007;1;0;2;7;16;5
202300005385;155 671 004;50;0;2;1;25;3
202300005385;155 671 005;7;2;2;1;15;1
202300005386;155 671 003;33;0;0;9;1;1
202300005387;155 670 999;34;0;2;2;1;1
202300005387;155 671 002;7;0;2;8;10;1
202300005388;155 671 000;1;0;2;1;1;5
202300005388;155 671 001;1;0;2;1;1;5
202300005389;155 670 997;7;0;1;1;1;1
202300005390;155 670 996;33;0;2;2;17;1
202300005390;155 670 998;7;0;2;6;0;1
202300005391;155 670 994;7;0;2;2;1;1
202300005391;155 670 995;7;0;2;3;20;1
202300005392;155 670 992;32;0;2;8;13;1
202300005392;155 670 993;7;0;2;2;1;1
202300005393;155 670 990;7;0;2;0;1;1
202300005393;155 670 991;1;0;2;2;1;5
202300005394;155 670 989;10;0;1;4;4;1
202300005395;155 670 988;7;0;1;1;1;1
202300005396;155 670 987;10;9;0;1;9;1
202300005397;155 670 985;7;0;2;2;1;1
202300005397;155 670 986;50;0;2;1;19;3
202300005398;155 670 984;31;12;0;1;1;1
202300005399;155 670 983;7;0;1;8;1;1
202300005400;155 670 979;10;0;2;4;1;1
202300005400;155 670 980;7;0;2;3;11;1
202300005400;155 670 982;33;0;2;2;3;1
202300005401;155 670 977;7;4;0;1;1;1
202300005402;155 670 975;7;0;2;3;1;1
202300005402;155 670 976;15;0;2;8;1;1
202300005403;155 670 974;2;0;0;8;15;1
202300005404;155 670 972;7;0;2;3;26;1
202300005404;155 670 973;1;0;2;1;1;5
202300005405;155 670 970;7;0;2;1;1;1
202300005405;155 670 971;7;0;2;4;1;1
202300005406;155 670 969;2;0;0;0;1;1
202300005407;155 670 968;7;9;0;3;15;1
202300005408;155 670 966;7;2;0;2;1;1
202300005409;155 670 965;33;11;2;1;17;1
202300005409;155 670 967;7;0;2;1;1;1
202300005410;155 670 964;7;2;0;4;14;1
202300005411;155 670 962;37;0;2;3;15;1
202300005411;155 670 963;7;0;2;8;14;6
202300005412;155 670 960;7;0;2;1;1;1
202300005412;155 670 961;7;0;2;4;1;1
202300005413;155 670 959;7;4;0;3;1;1
202300005414;155 670 957;2;0;0;8;1;1
202300005415;155 670 956;7;0;2;1;1;0
202300005415;155 670 958;50;0;2;7;1;3
202300005416;155 670 955;7;0;1;2;1;1
202300005417;155 670 953;10;0;2;1;16;1
202300005417;155 670 954;7;0;2;4;16;1
202300005418;155 670 951;30;0;0;8;16;1
202300005419;155 670 950;7;1;2;7;1;1
202300005419;155 670 952;10;0;2;1;16;1
202300005420;155 670 947;37;0;2;2;2;1
202300005420;155 670 949;1;0;2;0;2;5
202300005421;155 670 946;1;0;2;1;21;5
202300005421;155 670 948;10;0;2;5;15;1
202300005422;155 670 943;7;0;2;1;1;1
202300005422;155 670 945;10;0;2;4;1;1
202300005423;155 670 942;7;0;2;1;1;1
202300005423;155 670 944;50;0;2;7;19;3
202300005424;155 670 940;37;0;2;0;1;1
202300005424;155 670 941;1;0;2;8;1;5
202300005425;155 670 938;7;0;2;3;18;1
202300005425;155 670 939;7;0;2;7;16;1
202300005426;155 670 937;7;7;0;8;1;1
202300005427;155 670 934;7;0;0;0;0;1
202300005427;155 670 936;7;0;0;0;0;1
202300005428;155 670 933;7;0;9;1;9;0
202300005428;155 670 935;1;0;2;7;1;5
202300005429;155 670 932;1;0;1;0;0;5
202300005430;155 670 929;1;0;2;1;1;5
202300005430;155 670 931;7;0;2;1;5;1
202300005431;155 670 928;7;0;2;1;1;1
202300005431;155 670 930;7;0;2;2;15;1
202300005432;155 670 925;10;0;2;5;15;1
202300005432;155 670 926;30;0;2;1;1;1
202300005433;155 670 924;7;0;2;2;1;1
202300005433;155 670 927;32;0;2;3;13;1
202300005434;155 670 922;32;0;2;1;1;1
202300005434;155 670 923;7;0;2;3;1;3
202300005435;155 670 920;7;0;2;3;16;1
202300005435;155 670 921;33;0;2;1;1;1
202300005436;155 670 919;7;9;0;1;15;1
202300005437;155 670 916;7;0;2;1;9;1
202300005437;155 670 918;50;0;2;1;9;3
202300005438;155 670 915;14;0;2;1;1;0
202300005438;155 670 917;34;0;2;8;19;1
202300005439;155 670 913;33;0;2;0;1;1
202300005439;155 670 914;7;0;2;0;11;1
202300005440;155 670 910;7;0;2;7;0;1
202300005440;155 670 912;31;0;2;1;1;1
202300005441;155 670 909;7;0;2;1;1;1
202300005441;155 670 911;7;0;2;4;1;3
202300005442;155 670 905;33;0;2;1;15;1
202300005442;155 670 908;7;0;2;1;1;1
202300005443;155 670 902;7;0;2;5;12;1
202300005443;155 670 904;1;0;2;8;1;5
202300005444;155 670 901;7;0;2;8;15;2
202300005444;155 670 903;33;0;2;1;1;1
202300005445;155 670 899;7;0;2;1;1;1
202300005445;155 670 900;7;0;2;4;1;1
202300005446;155 670 896;1;0;0;1;1;5
202300005447;155 670 897;36;0;2;2;17;1
202300005447;155 670 898;7;0;2;3;15;1
202300005448;155 670 895;10;0;1;3;1;
202300005449;155 670 892;7;0;2;1;1;1
202300005449;155 670 894;7;0;2;1;1;1
202300005450;155 670 891;7;0;2;2;1;1
202300005450;155 670 893;2;0;2;1;1;1
202300005451;155 670 890;7;0;1;1;12;1
202300005452;155 670 888;7;0;2;1;9;2
202300005452;155 670 889;50;0;2;1;1;3
202300005453;155 670 886;7;0;2;6;10;1
202300005453;155 670 887;33;0;2;1;2;1
202300005454;155 670 885;7;7;0;1;0;1
202300005455;155 670 883;7;1;0;2;0;1
202300005456;155 670 881;7;0;2;8;0;0
202300005456;155 670 882;7;0;2;5;0;0
202300005456;155 670 884;7;0;2;3;0;0
202300005457;155 670 880;30;0;1;0;0;1
202300005458;155 670 878;7;0;2;4;2;0
202300005458;155 670 879;7;0;2;1;2;0
202300005459;155 670 876;7;0;2;8;1;0
202300005459;155 670 877;32;0;2;7;1;1
202300005460;155 670 875;10;0;1;3;1;1
202300005461;155 670 872;7;0;2;2;1;1
202300005461;155 670 874;15;0;2;3;1;1
202300005462;155 670 871;7;0;2;1;9;1
202300005462;155 670 873;7;0;2;1;13;1
202300005463;155 670 869;10;0;2;3;24;1
202300005463;155 670 870;50;1;0;8;21;3
202300005464;155 670 867;10;0;2;1;2;1
202300005464;155 670 868;7;0;2;4;1;1
202300005465;155 670 866;3;8;0;1;26;1
202300005466;155 670 865;7;13;0;3;13;1
202300005467;155 670 863;7;0;2;3;11;1
202300005467;155 670 864;32;0;2;8;3;1
202300005468;155 670 861;7;0;2;8;15;1
202300005468;155 670 862;32;0;2;2;17;1
202300005469;155 670 859;7;0;2;3;9;1
202300005469;155 670 860;33;0;2;1;1;1
202300005470;155 670 857;7;0;2;2;12;1
202300005470;155 670 858;1;0;2;3;1;5
202300005471;155 670 855;80;0;2;1;1;3
202300005471;155 670 856;50;0;2;1;13;3
202300005472;155 670 854;7;0;1;7;1;2
202300005473;155 670 852;60;0;2;1;19;5
202300005473;155 670 853;7;0;2;3;1;1
202300005474;155 670 851;31;0;1;1;1;1
202300005475;155 670 850;7;0;1;2;1;1
202300005476;155 670 848;50;0;2;1;17;3
202300005476;155 670 849;80;0;2;1;15;3
202300005477;155 670 847;7;12;0;0;13;1
202300005478;155 670 846;1;0;0;0;15;5
202300005479;155 670 844;7;0;2;8;1;1
202300005479;155 670 845;32;0;2;8;15;1
202300005480;155 670 843;7;0;1;1;1;1
202300005481;155 670 842;1;0;0;1;1;5
202300005482;155 670 841;1;0;0;8;13;5
202300005483;155 670 839;32;0;2;8;18;1
202300005483;155 670 840;7;0;2;5;23;2
202300005484;155 670 836;10;0;2;1;2;1
202300005484;155 670 837;7;0;2;4;2;1
202300005484;155 670 838;7;0;2;4;2;1
202300005485;155 670 834;7;0;2;5;15;1
202300005485;155 670 835;2;0;2;1;1;1
202300005486;155 670 833;7;1;0;2;14;0
202300005487;155 670 831;7;0;2;1;15;1
202300005487;155 670 832;2;0;2;0;0;1
202300005488;155 670 829;33;0;2;4;26;1
202300005488;155 670 830;7;0;2;1;1;1
202300005489;155 670 827;7;0;2;3;11;1
202300005489;155 670 828;32;0;2;2;1;1
202300005490;155 670 825;1;0;2;1;9;5
202300005490;155 670 826;7;0;2;0;0;1
202300005491;155 670 823;10;0;2;4;1;1
202300005491;155 670 824;33;0;2;1;11;1
202300005492;155 670 821;10;0;2;7;15;0
202300005492;155 670 822;30;0;2;1;1;1
202300005493;155 670 819;40;0;2;1;1;0
202300005493;155 670 820;3;0;4;8;15;1
202300005494;155 670 817;7;0;2;3;13;1
202300005494;155 670 818;33;0;2;1;17;1
202300005495;155 670 815;7;0;2;3;1;0
202300005495;155 670 816;7;0;0;0;15;0
202300005496;155 670 812;7;0;2;2;15;1
202300005496;155 670 813;7;0;2;1;2;0
202300005496;155 670 814;2;0;2;3;1;0
202300005497;155 670 811;7;0;1;5;1;0
202300005498;155 670 809;7;0;2;3;9;1
202300005498;155 670 810;1;0;2;1;1;5
202300005499;155 670 808;30;1;0;2;1;1
202300005500;155 670 807;7;0;1;1;1;2
202300005501;155 670 805;32;0;9;3;1;1
202300005501;155 670 806;80;0;2;1;19;3
202300005502;155 670 803;50;0;2;0;0;3
202300005502;155 670 804;0;0;2;0;0;0
202300005503;155 670 801;14;0;2;4;1;1
202300005503;155 670 802;30;0;2;4;1;1
202300005504;155 670 800;7;0;1;2;1;1
202300005505;155 670 799;7;0;1;1;15;1
202300005506;155 670 797;7;0;2;3;9;0
202300005506;155 670 798;2;0;2;5;2;0
202300005507;155 670 796;7;2;0;1;1;1
202300005508;155 670 795;50;0;1;1;18;3
202300005509;155 670 793;80;0;2;8;0;3
202300005509;155 670 794;10;0;2;7;0;1
202300005510;155 670 789;7;0;2;1;1;0
202300005510;155 670 790;7;0;2;4;2;0
202300005510;155 670 791;7;0;2;4;2;0
202300005510;155 670 792;7;0;0;4;2;0
202300005511;155 670 787;1;0;2;1;5;5
202300005511;155 670 788;7;0;2;5;2;0
202300005512;155 670 785;7;0;2;3;19;1
202300005512;155 670 786;7;13;2;1;1;1
202300005513;155 670 783;7;0;0;7;11;1
202300005513;155 670 784;7;0;0;3;15;1
202300005514;155 670 781;7;0;2;2;1;1
202300005514;155 670 782;10;0;2;2;1;1
202300005515;155 670 780;7;2;0;9;1;1
202300005516;155 670 779;2;7;0;1;1;1
202300005517;155 670 778;7;6;0;1;13;2
202300005518;155 670 777;7;0;1;4;4;1
202300005519;155 670 776;7;2;0;3;13;1
202300005520;155 670 775;7;13;0;3;2;3
202300005521;155 670 772;2;0;2;1;1;1
202300005521;155 670 773;3;0;9;1;11;1
202300005522;155 670 771;2;0;0;7;1;1
202300005523;155 670 768;7;0;2;3;13;1
202300005523;155 670 769;7;0;2;3;1;1
202300005524;155 670 770;7;0;2;2;1;1
202300005524;155 670 774;1;0;2;8;19;5
202300005525;155 670 766;7;0;2;2;4;1
202300005525;155 670 767;2;0;2;7;1;1
202300005526;155 670 764;2;12;0;1;14;1
202300005527;155 670 762;7;13;0;1;1;1
202300005528;155 670 761;7;6;0;1;1;1
202300005529;155 670 763;2;0;2;1;1;1
202300005529;155 670 765;7;0;2;5;15;1
202300005530;155 670 758;2;0;0;0;1;3
202300005531;155 670 757;7;15;0;1;1;1
202300005532;155 670 754;7;0;2;1;5;1
202300005532;155 670 755;7;0;2;1;1;1
202300005533;155 670 751;7;14;9;1;21;1
202300005533;155 670 752;7;2;0;7;0;1
202300005534;155 670 753;7;0;2;3;1;1
202300005534;155 670 756;7;0;2;3;15;1
202300005535;155 670 749;21;0;2;8;9;1
202300005535;155 670 750;7;0;9;1;1;1
202300005536;155 670 747;2;0;0;0;10;1
202300005537;155 670 748;99;2;0;3;14;1
202300005538;155 670 746;7;0;1;2;1;1
202300005539;155 670 744;7;0;1;1;1;0
202300005540;155 670 743;33;0;2;1;17;1
202300005540;155 670 745;7;0;2;1;16;1
202300005541;155 670 739;7;0;2;1;1;1
202300005541;155 670 741;7;0;0;8;9;1
202300005542;155 670 740;7;0;2;6;2;0
202300005542;155 670 742;7;0;2;2;2;0
202300005543;155 670 736;7;0;2;1;1;1
202300005543;155 670 738;7;0;2;1;5;1
202300005544;155 670 734;10;0;2;3;1;1
202300005544;155 670 735;10;0;2;3;13;1
202300005545;155 670 731;7;0;2;6;1;1
202300005545;155 670 733;1;0;2;1;1;5
202300005546;155 670 732;7;0;2;1;1;1
202300005546;155 670 737;7;0;2;2;1;1
202300005547;155 670 729;7;0;2;1;1;1
202300005547;155 670 730;7;0;2;2;5;1
202300005548;155 670 728;2;8;0;8;14;1
202300005549;155 670 725;14;0;0;8;1;1
202300005549;155 670 726;7;2;2;8;13;1
202300005550;155 670 723;7;3;0;8;0;1
202300005551;155 670 720;7;0;2;3;9;1
202300005551;155 670 721;2;0;2;1;1;1
202300005552;155 670 719;10;0;2;1;1;1
202300005552;155 670 722;7;0;2;7;12;1
202300005553;155 670 717;10;0;2;1;2;1
202300005553;155 670 718;7;0;2;4;2;1
202300005554;155 670 716;7;0;1;1;1;0
202300005555;155 670 715;7;13;0;7;1;1
202300005556;155 670 713;7;0;2;5;15;1
202300005556;155 670 714;30;0;2;1;1;1
202300005557;155 670 711;7;0;2;1;2;1
202300005557;155 670 712;7;0;0;4;1;1
202300005558;155 670 710;7;3;0;9;1;1
202300005559;155 670 709;7;6;0;1;1;1
202300005560;155 670 708;7;10;0;2;14;1
202300005561;155 670 706;7;4;0;3;1;1
202300005562;155 670 705;10;0;2;2;17;1
202300005562;155 670 707;1;0;2;8;1;5
202300005563;155 670 701;7;0;0;4;2;1
202300005563;155 670 703;7;0;2;1;2;1
202300005563;155 670 704;7;0;2;4;2;1
202300005564;155 670 699;7;11;0;1;1;1
202300005565;155 670 697;7;9;0;3;1;1
202300005566;155 670 695;7;0;2;1;15;1
202300005566;155 670 696;33;0;2;1;1;1
202300005567;155 670 694;7;0;2;1;1;1
202300005567;155 670 698;7;0;2;1;13;1
202300005568;155 670 691;7;0;1;4;26;1
202300005569;155 670 689;50;0;2;1;0;3
202300005569;155 670 690;33;0;2;1;21;1
202300005570;155 670 686;7;0;2;1;1;2
202300005570;155 670 688;7;0;2;1;13;1
202300005571;155 670 687;7;1;0;1;1;1
202300005572;155 670 684;7;0;0;4;15;1
202300005572;155 670 685;33;0;2;1;1;1
202300005573;155 670 679;7;0;2;5;17;1
202300005573;155 670 681;2;0;2;8;1;1
202300005574;155 670 676;33;0;2;1;3;1
202300005574;155 670 677;7;0;2;5;12;1
202300005575;155 670 672;7;0;2;2;2;1
202300005575;155 670 674;7;0;2;4;2;1
202300005575;155 670 675;10;0;2;4;2;1
202300005576;155 670 671;10;4;0;3;13;1
202300005577;155 670 667;7;0;2;1;2;1
202300005577;155 670 668;7;0;2;4;2;1
202300005577;155 670 669;7;0;2;4;2;1
202300005578;155 670 664;10;0;2;7;11;1
202300005578;155 670 665;32;0;2;7;3;1
202300005579;155 670 662;7;0;2;1;1;1
202300005579;155 670 666;7;0;2;1;13;1
202300005580;155 670 661;7;0;2;4;2;1
202300005580;155 670 663;33;0;2;1;1;1
202300005581;155 670 658;7;0;2;0;0;1
202300005581;155 670 659;34;0;2;0;3;1
202300005581;155 670 660;7;0;2;0;0;1
202300005582;155 670 656;7;0;1;1;1;1
202300005583;155 670 655;7;0;2;3;1;1
202300005583;155 670 657;7;0;2;5;14;1
202300005584;155 670 654;33;0;0;8;1;1
202300005585;155 670 653;7;0;2;0;1;1