Num_Acc;id_vehicule;categorie_vehicule;obstacle_fixe;obstacle_mobile;point_choc_initial;manoeuvre_principale;motorisation
202300005586;155 670 651;7;0;2;6;1;1
202300005586;155 670 652;15;0;2;1;12;1
202300005587;155 670 649;10;15;2;1;17;1
202300005587;155 670 650;10;0;2;3;15;2
202300005588;155 670 647;1;0;1;0;0;5
202300005589;155 670 646;1;0;2;8;1;5
202300005589;155 670 648;7;0;2;1;15;1
202300005590;155 670 645;7;0;1;1;1;1
202300005591;155 670 642;2;0;2;1;18;1
202300005591;155 670 644;7;0;9;7;15;1
202300005592;155 670 643;7;0;1;0;0;0
202300005593;155 670 641;7;0;1;4;4;0
202300005594;155 670 640;7;0;1;1;1;6
202300005595;155 670 636;32;0;2;1;15;1
202300005595;155 670 637;7;0;2;8;1;1
202300005595;155 670 638;7;0;2;1;1;1
202300005596;155 670 634;7;9;0;1;1;1
202300005597;155 670 633;30;0;2;1;15;0
202300005597;155 670 635;7;0;2;8;15;0
202300005598;155 670 631;2;0;2;8;18;1
202300005598;155 670 632;7;0;2;7;1;1
202300005599;155 670 630;7;0;0;1;14;1
202300005600;155 670 627;7;0;2;1;1;1
202300005600;155 670 629;10;0;2;1;1;1
202300005601;155 670 628;7;8;0;1;26;1
202300005602;155 670 625;7;0;2;2;1;1
202300005602;155 670 626;10;0;2;8;16;1
202300005603;155 670 622;7;0;2;3;9;1
202300005603;155 670 623;10;0;2;1;1;1
202300005604;155 670 618;10;0;2;2;1;0
202300005604;155 670 619;7;0;2;4;0;0
202300005605;155 670 616;10;0;1;2;1;1
202300005606;155 670 617;7;7;2;1;26;1
202300005606;155 670 620;7;8;2;4;1;1
202300005606;155 670 621;7;0;2;4;1;1
202300005607;155 670 614;7;1;2;3;20;1
202300005607;155 670 615;7;0;2;2;1;1
202300005608;155 670 613;33;0;0;0;1;1
202300005609;155 670 611;7;0;2;3;9;0
202300005609;155 670 612;7;0;2;2;1;0
202300005610;155 670 607;7;0;2;8;24;1
202300005610;155 670 608;1;0;2;1;1;5
202300005611;155 670 604;10;0;2;2;15;1
202300005611;155 670 605;31;0;2;1;1;1
202300005612;155 670 603;7;1;0;1;1;1
202300005613;155 670 600;10;0;2;1;1;1
202300005613;155 670 602;7;0;2;7;13;1
202300005614;155 670 598;7;0;2;2;1;1
202300005614;155 670 599;7;1;2;8;9;1
202300005615;155 670 601;7;0;1;1;1;1
202300005616;155 670 597;7;0;1;3;1;1
202300005617;155 670 595;30;12;0;7;1;1
202300005618;155 670 594;7;16;0;0;0;1
202300005618;155 670 596;1;1;0;2;14;5
202300005619;155 670 592;7;0;1;1;1;0
202300005620;155 670 591;0;0;9;0;0;0
202300005620;155 670 593;1;0;2;0;0;5
202300005621;155 670 587;50;0;2;1;1;3
202300005621;155 670 588;37;0;2;2;15;1
202300005622;155 670 582;31;0;2;7;18;1
202300005622;155 670 584;14;0;2;0;1;1
202300005623;155 670 577;13;0;1;2;26;1
202300005624;155 670 578;7;0;2;5;1;1
202300005624;155 670 579;30;0;2;1;1;1
202300005625;155 670 576;7;0;1;1;1;1
202300005626;155 670 573;7;0;9;2;16;1
202300005626;155 670 575;50;0;2;8;19;3
202300005627;155 670 574;7;0;1;0;1;1
202300005628;155 670 569;7;0;2;1;1;1
202300005628;155 670 571;7;0;2;3;1;1
202300005629;155 670 567;7;0;2;3;10;0
202300005629;155 670 568;31;0;2;1;1;0
202300005630;155 670 566;80;0;0;1;1;3
202300005631;155 670 565;7;0;1;1;15;1
202300005632;155 670 564;37;0;1;7;0;0
202300005633;155 670 563;7;13;0;2;1;1
202300005634;155 670 560;37;0;2;3;1;1
202300005634;155 670 561;1;0;2;0;5;5
202300005635;155 670 559;3;0;1;1;16;0
202300005636;155 670 558;15;0;2;3;21;1
202300005636;155 670 562;7;0;2;3;13;1
202300005637;155 670 556;1;0;2;1;13;5
202300005637;155 670 557;7;0;2;4;1;1
202300005638;155 670 553;31;0;2;8;1;1
202300005638;155 670 555;7;0;2;3;15;1
202300005639;155 670 554;17;0;1;3;1;1
202300005640;155 670 552;7;0;1;3;15;1
202300005641;155 670 549;10;0;2;1;1;1
202300005641;155 670 551;7;0;2;4;1;1
202300005642;155 670 548;7;0;1;1;1;1
202300005643;155 670 547;7;0;2;1;15;1
202300005643;155 670 550;7;0;2;0;1;1
202300005644;155 670 545;7;0;2;1;15;1
202300005644;155 670 546;2;0;2;1;2;1
202300005645;155 670 542;10;0;1;2;1;1
202300005646;155 670 543;50;0;2;5;26;3
202300005646;155 670 544;7;0;9;3;9;1
202300005647;155 670 538;30;0;2;1;1;1
202300005647;155 670 539;7;0;2;3;9;1
202300005648;155 670 540;7;0;2;8;2;1
202300005648;155 670 541;32;0;2;2;2;1
202300005649;155 670 536;7;0;2;0;1;1
202300005649;155 670 537;50;0;2;0;19;3
202300005650;155 670 534;7;0;1;1;1;1
202300005651;155 670 535;33;0;0;0;1;1
202300005652;155 670 532;7;0;2;8;11;1
202300005652;155 670 533;31;0;2;2;3;1
202300005653;155 670 530;7;0;2;1;2;1
202300005653;155 670 531;7;0;2;4;2;1
202300005654;155 670 528;33;0;2;1;3;1
202300005654;155 670 529;7;0;2;5;11;2
202300005655;155 670 526;37;0;2;2;1;1
202300005655;155 670 527;10;0;2;4;16;1
202300005656;155 670 524;30;0;2;1;1;1
202300005656;155 670 525;7;0;2;4;1;1
202300005657;155 670 522;1;0;2;1;19;5
202300005657;155 670 523;7;0;2;3;1;1
202300005658;155 670 521;7;0;1;1;1;2
202300005659;155 670 520;30;0;0;0;1;3
202300005660;155 670 519;7;0;1;1;1;1
202300005661;155 670 518;50;0;0;1;17;3
202300005662;155 670 516;1;0;2;3;19;5
202300005662;155 670 517;7;0;2;1;1;1
202300005663;155 670 514;32;0;2;1;1;1
202300005663;155 670 515;7;0;2;2;15;1
202300005664;155 670 513;2;0;0;0;1;1
202300005665;155 670 512;7;0;1;1;1;1
202300005666;155 670 510;7;0;2;8;22;1
202300005666;155 670 511;1;0;2;1;1;5
202300005667;155 670 509;13;0;1;8;4;1
202300005668;155 670 508;10;0;1;1;15;1
202300005669;155 670 506;7;0;2;1;15;1
202300005669;155 670 507;32;0;2;1;1;1
202300005670;155 670 505;7;0;1;1;1;0
202300005671;155 670 503;31;0;2;1;21;1
202300005671;155 670 504;7;0;2;3;23;1
202300005672;155 670 501;10;0;2;1;15;1
202300005672;155 670 502;10;0;2;1;1;1
202300005673;155 670 499;2;0;2;2;26;1
202300005673;155 670 500;7;0;2;2;15;1
202300005674;155 670 497;32;0;2;7;3;1
202300005674;155 670 498;10;0;2;1;15;1
202300005675;155 670 495;50;0;0;0;0;3
202300005675;155 670 496;37;0;2;7;17;1
202300005676;155 670 494;43;0;1;8;1;1
202300005677;155 670 493;7;0;1;7;15;0
202300005678;155 670 491;40;0;2;3;19;0
202300005678;155 670 492;7;0;4;2;19;1
202300005679;155 670 489;7;0;2;1;1;0
202300005679;155 670 490;10;0;2;2;1;0
202300005680;155 670 487;1;0;2;1;1;5
202300005680;155 670 488;10;0;9;1;15;1
202300005681;155 670 485;32;0;0;0;1;0
202300005681;155 670 486;7;0;0;8;9;1
202300005682;155 670 483;7;0;9;8;23;1
202300005682;155 670 484;1;1;0;2;17;5
202300005683;155 670 481;7;0;2;3;19;0
202300005683;155 670 482;50;0;2;2;1;3
202300005684;155 670 479;1;0;2;2;1;5
202300005684;155 670 480;7;0;9;2;16;1
202300005685;155 670 477;1;1;0;1;22;5
202300005685;155 670 478;10;0;2;3;24;1
202300005686;155 670 475;30;0;2;1;1;1
202300005686;155 670 476;7;0;2;8;15;1
202300005687;155 670 473;7;1;0;3;10;1
202300005687;155 670 474;60;1;2;1;1;5
202300005688;155 670 472;7;0;1;1;1;2
202300005689;155 670 471;7;0;1;3;1;1
202300005690;155 670 470;7;16;0;0;2;1
202300005691;155 670 468;13;0;0;1;0;1
202300005691;155 670 469;99;0;2;2;13;1
202300005692;155 670 466;17;0;2;4;2;1
202300005692;155 670 467;10;0;2;1;2;1
202300005693;155 670 465;7;4;0;2;17;1
202300005694;155 670 464;31;5;0;1;26;1
202300005695;155 670 462;7;0;2;1;1;0
202300005695;155 670 463;1;0;0;4;1;5
202300005696;155 670 460;2;0;2;1;2;1
202300005696;155 670 461;2;0;0;4;2;1
202300005697;155 670 459;33;2;0;1;0;1
202300005698;155 670 457;7;13;0;2;0;1
202300005699;155 670 455;7;0;2;1;13;1
202300005699;155 670 456;21;0;2;3;1;1
202300005700;155 670 453;7;0;2;3;1;1
202300005700;155 670 454;10;0;2;1;15;1
202300005701;155 670 451;7;0;2;3;15;1
202300005701;155 670 452;21;0;0;6;16;1
202300005702;155 670 449;7;0;2;3;13;1
202300005702;155 670 450;10;0;2;1;1;1
202300005703;155 670 447;7;12;2;1;1;1
202300005703;155 670 448;7;0;2;1;1;1
202300005704;155 670 446;7;0;0;9;1;1
202300005705;155 670 444;7;0;2;1;23;1
202300005705;155 670 445;2;0;2;7;1;1
202300005706;155 670 442;7;0;2;3;19;1
202300005706;155 670 443;2;0;2;1;1;1
202300005707;155 670 441;7;2;0;3;13;1
202300005708;155 670 440;33;0;0;9;1;1
202300005709;155 670 439;7;0;1;0;0;0
202300005710;155 670 438;7;1;0;1;0;1
202300005711;155 670 436;7;0;2;1;1;1
202300005711;155 670 437;13;0;2;1;1;1
202300005712;155 670 434;7;0;9;2;1;1
202300005712;155 670 435;1;0;0;4;1;5
202300005713;155 670 433;7;0;1;2;1;0
202300005714;155 670 431;7;0;2;2;2;1
202300005714;155 670 432;7;0;2;6;2;1
202300005715;155 670 429;7;2;0;1;6;0
202300005716;155 670 427;43;3;2;1;1;1
202300005716;155 670 428;15;0;2;6;1;1
202300005717;155 670 424;7;0;2;5;2;1
202300005717;155 670 425;7;0;2;2;2;1
202300005717;155 670 426;7;0;6;3;0;1
202300005718;155 670 423;7;4;0;1;21;1
202300005719;155 670 422;7;3;0;9;1;1
202300005720;155 670 421;7;4;0;2;1;1
202300005721;155 670 420;31;0;0;0;21;1
202300005722;155 670 417;7;4;2;1;17;1
202300005722;155 670 418;7;0;2;8;1;1
202300005722;155 670 419;7;0;2;1;1;1
202300005723;155 670 415;7;0;2;8;11;1
202300005723;155 670 416;7;0;2;7;1;1
202300005724;155 670 414;99;8;0;1;0;1
202300005725;155 670 412;7;0;2;1;0;1
202300005725;155 670 413;10;0;2;1;1;1
202300005726;155 670 411;7;2;0;0;0;1
202300005727;155 670 409;7;0;2;3;15;1
202300005727;155 670 410;31;0;2;2;17;1
202300005728;155 670 406;7;2;0;0;1;1
202300005729;155 670 404;7;0;2;2;15;1
202300005729;155 670 405;33;0;2;1;1;1
202300005730;155 670 402;15;0;2;1;1;1
202300005730;155 670 403;2;0;2;4;1;1
202300005731;155 670 400;2;0;2;1;1;1
202300005731;155 670 401;7;0;2;3;20;1
202300005732;155 670 398;1;13;2;7;19;5
202300005732;155 670 399;7;0;9;1;1;1
202300005733;155 670 394;7;0;2;3;21;0
202300005733;155 670 395;7;0;2;1;5;1
202300005733;155 670 396;7;0;2;1;21;0
202300005733;155 670 397;7;0;2;3;21;0
202300005734;155 670 393;7;0;1;2;1;1
202300005735;155 670 391;7;0;2;3;1;1
202300005735;155 670 392;7;0;2;3;13;1
202300005736;155 670 388;7;0;2;8;13;1
202300005736;155 670 389;7;3;0;3;1;1
202300005736;155 670 390;7;0;2;2;3;1
202300005737;155 670 387;7;4;0;3;13;0
202300005738;155 670 384;7;0;2;1;2;0
202300005738;155 670 385;7;0;2;1;2;0
202300005738;155 670 386;7;0;0;0;0;0
202300005739;155 670 381;7;0;2;1;2;1
202300005739;155 670 382;7;0;2;4;2;1
202300005739;155 670 383;7;0;2;4;2;1
202300005740;155 670 379;7;0;2;1;2;1
202300005740;155 670 380;7;0;2;4;2;1
202300005741;155 670 377;7;0;2;5;12;1
202300005741;155 670 378;33;0;2;1;3;0
202300005742;155 670 374;7;0;2;1;1;1
202300005742;155 670 375;7;0;2;4;1;1
202300005742;155 670 376;7;0;2;4;1;1
202300005743;155 670 373;7;3;0;9;1;1
202300005744;155 670 372;7;4;0;3;26;1
202300005745;155 670 370;32;0;2;0;0;1
202300005745;155 670 371;0;0;0;0;0;0
202300005746;155 670 369;7;3;0;3;0;1
202300005747;155 670 366;10;0;2;3;1;1
202300005747;155 670 367;7;0;2;6;23;1
202300005747;155 670 368;7;0;2;5;2;1
202300005748;155 670 363;7;0;2;4;1;1
202300005748;155 670 364;7;0;2;1;1;1
202300005748;155 670 365;7;0;2;4;0;1
202300005749;155 670 361;7;0;0;4;2;1
202300005749;155 670 362;10;0;2;1;2;1
202300005750;155 670 359;15;0;0;6;24;0
202300005750;155 670 360;80;1;0;1;0;3
202300005751;155 670 357;1;0;2;7;1;5
202300005751;155 670 358;7;0;9;1;2;1
202300005752;155 670 355;7;0;2;1;5;1
202300005752;155 670 356;7;0;2;1;1;1
202300005753;155 670 352;10;0;2;1;2;1
202300005753;155 670 353;7;0;0;4;2;1
202300005753;155 670 354;7;0;0;4;2;1
202300005754;155 670 350;33;0;2;1;19;0
202300005754;155 670 351;7;0;2;8;19;1
202300005755;155 670 348;99;0;2;3;19;1
202300005755;155 670 349;10;0;2;1;1;1
202300005756;155 670 346;7;0;2;1;0;0
202300005756;155 670 347;2;0;2;0;0;0
202300005757;155 670 344;2;0;2;1;2;0
202300005757;155 670 345;7;0;2;4;1;0
202300005758;155 670 342;7;0;2;4;20;1
202300005758;155 670 343;2;0;2;1;1;1
202300005759;155 670 340;50;0;2;7;2;3
202300005759;155 670 341;7;0;2;8;10;1
202300005760;155 670 339;7;5;0;3;16;1
202300005761;155 670 335;7;0;2;5;9;0
202300005761;155 670 336;7;0;2;3;1;0
202300005762;155 670 334;7;0;1;2;1;1
202300005763;155 670 333;7;2;0;2;14;1
202300005764;155 670 331;2;0;2;8;2;1
202300005764;155 670 332;2;0;2;7;2;1
202300005765;155 670 330;7;0;1;1;1;1
202300005766;155 670 327;7;1;0;2;14;2
202300005766;155 670 328;7;0;2;2;23;1
202300005767;155 670 325;7;0;2;3;13;1
202300005767;155 670 326;7;0;2;3;1;1
202300005768;155 670 323;7;0;2;1;1;1
202300005768;155 670 324;7;0;2;1;1;1
202300005769;155 670 321;7;0;2;1;1;1
202300005769;155 670 322;33;0;2;1;13;1
202300005770;155 670 319;7;0;2;1;1;1
202300005770;155 670 320;7;0;2;2;12;1
202300005771;155 670 317;7;0;2;7;17;1
202300005771;155 670 318;7;0;2;3;2;1
202300005772;155 670 315;1;0;2;1;15;5
202300005772;155 670 316;7;0;2;3;9;1
202300005773;155 670 313;50;0;2;1;1;3
202300005773;155 670 314;7;14;9;3;16;1
202300005774;155 670 312;2;0;0;0;26;1
202300005775;155 670 311;7;3;0;2;1;1
202300005776;155 670 310;1;0;1;1;1;5
202300005777;155 670 309;7;12;0;2;13;1
202300005778;155 670 307;1;0;2;2;1;5
202300005778;155 670 308;7;0;2;3;9;1
202300005779;155 670 306;7;0;1;2;9;1
202300005780;155 670 305;7;8;0;2;1;1
202300005781;155 670 302;7;0;1;3;1;1
202300005782;155 670 300;1;0;2;1;16;5
202300005782;155 670 301;7;0;2;3;1;1
202300005783;155 670 298;7;0;2;1;0;1
202300005783;155 670 299;7;0;2;1;0;1
202300005784;155 670 297;7;0;0;2;1;1
202300005785;155 670 296;7;0;0;0;13;1
202300005786;155 670 293;7;9;0;2;14;0
202300005787;155 670 290;7;0;2;2;15;0
202300005787;155 670 291;33;0;2;0;1;1
202300005787;155 670 292;7;0;2;1;1;1
202300005788;155 670 288;7;0;2;7;15;1
202300005788;155 670 289;33;0;2;1;1;1
202300005789;155 670 286;30;0;2;1;1;1
202300005789;155 670 287;7;0;2;7;15;1
202300005790;155 670 285;30;0;1;1;1;3
202300005791;155 670 283;7;0;2;1;5;1
202300005791;155 670 284;7;0;2;1;1;1
202300005792;155 670 281;2;0;2;2;17;1
202300005792;155 670 282;10;0;2;3;10;1
202300005793;155 670 279;33;15;2;2;17;1
202300005793;155 670 280;7;0;2;3;15;1
202300005794;155 670 277;7;0;2;2;2;1
202300005794;155 670 278;36;0;2;6;2;1
202300005795;155 670 275;7;0;9;2;2;1
202300005795;155 670 276;50;0;2;4;1;3
202300005796;155 670 274;33;0;0;0;2;1
202300005797;155 670 272;50;0;2;7;6;3
202300005797;155 670 273;7;0;9;1;1;1
202300005798;155 670 270;34;0;2;7;17;1
202300005798;155 670 271;10;0;2;3;10;1
202300005799;155 670 268;7;0;0;0;0;0
202300005799;155 670 269;2;0;0;0;0;1
202300005800;155 670 266;7;0;2;2;16;1
202300005800;155 670 267;2;0;2;1;1;1
202300005801;155 670 265;7;0;1;2;1;1
202300005802;155 670 264;10;0;1;4;4;1
202300005803;155 670 263;33;0;1;1;1;1
202300005804;155 670 261;7;0;0;0;15;1
202300005804;155 670 262;33;0;0;0;16;1
202300005805;155 670 259;7;0;2;1;26;1
202300005805;155 670 260;7;0;2;4;26;1
202300005806;155 670 258;7;8;0;1;14;1
202300005807;155 670 256;7;0;2;3;9;1
202300005807;155 670 257;50;0;2;1;9;3
202300005808;155 670 254;7;0;2;1;1;1
202300005808;155 670 255;7;0;2;1;15;1
202300005809;155 670 253;7;0;1;4;20;1
202300005810;155 670 251;30;0;2;7;9;
202300005810;155 670 252;7;0;2;1;9;
202300005811;155 670 250;7;0;1;1;1;1
202300005812;155 670 249;7;0;1;1;1;1
202300005813;155 670 247;2;0;0;4;2;1
202300005813;155 670 248;7;0;2;1;2;1
202300005814;155 670 245;7;0;2;1;2;1
202300005814;155 670 246;33;0;2;4;1;1
202300005815;155 670 244;7;1;0;2;1;1
202300005816;155 670 242;7;0;2;2;1;1
202300005816;155 670 243;7;0;2;1;5;1
202300005817;155 670 241;7;0;1;1;9;3
202300005818;155 670 240;43;0;1;1;1;1
202300005819;155 670 239;7;0;1;3;9;1
202300005820;155 670 237;33;0;2;1;1;1
202300005820;155 670 238;7;0;2;6;9;1
202300005821;155 670 235;7;0;2;1;1;1
202300005821;155 670 236;7;0;2;3;2;1
202300005822;155 670 233;10;0;2;2;11;1
202300005822;155 670 234;7;0;2;6;1;1
202300005823;155 670 231;1;0;2;1;1;5
202300005823;155 670 232;50;0;2;1;5;3
202300005824;155 670 229;31;0;2;1;26;0
202300005824;155 670 230;7;0;2;3;23;1
202300005825;155 670 227;7;0;2;8;10;1
202300005825;155 670 228;7;0;2;1;1;1
202300005826;155 670 226;7;0;1;1;1;1
202300005827;155 670 224;7;0;2;1;15;1
202300005827;155 670 225;7;0;2;1;1;1
202300005828;155 670 223;7;0;1;1;1;1
202300005829;155 670 222;7;0;1;3;15;1
202300005830;155 670 221;10;0;1;1;1;1
202300005831;155 670 220;30;0;0;0;26;1
202300005832;155 670 218;7;9;2;1;1;1
202300005832;155 670 219;7;0;2;1;1;1
202300005833;155 670 216;7;0;2;3;1;1
202300005833;155 670 217;2;0;2;7;1;1
202300005834;155 670 214;7;0;2;1;2;1
202300005834;155 670 215;7;0;2;4;23;2
202300005835;155 670 213;7;0;1;2;16;1
202300005836;155 670 212;7;8;0;0;1;1
202300005837;155 670 210;50;0;2;1;19;3
202300005837;155 670 211;7;0;2;7;1;1
202300005838;155 670 208;37;0;2;1;1;1
202300005838;155 670 209;1;0;2;7;19;5
202300005839;155 670 206;30;0;2;3;17;0
202300005839;155 670 207;80;0;2;7;15;3
202300005840;155 670 204;7;0;2;1;2;1
202300005840;155 670 205;7;0;0;4;23;1
202300005841;155 670 202;33;0;2;2;2;1
202300005841;155 670 203;10;0;2;3;11;1
202300005842;155 670 201;7;5;0;1;1;1
202300005843;155 670 199;7;0;2;1;1;1
202300005843;155 670 200;7;0;2;1;13;1
202300005844;155 670 198;7;0;1;2;1;1
202300005845;155 670 194;10;0;2;4;4;1
202300005845;155 670 196;2;0;2;2;1;1
202300005846;155 670 195;7;0;0;4;26;1
202300005846;155 670 197;7;0;2;1;2;1
202300005847;155 670 191;60;0;9;1;1;5
202300005847;155 670 193;1;0;9;8;19;5
202300005848;155 670 190;7;0;2;3;1;1
202300005848;155 670 192;1;0;2;4;9;5
202300005849;155 670 188;7;0;2;3;1;2
202300005849;155 670 189;7;0;2;3;17;1
202300005850;155 670 187;7;8;0;1;1;1
202300005851;155 670 185;7;0;2;4;2;1
202300005851;155 670 186;7;0;2;1;2;1
202300005852;155 670 184;7;0;1;4;4;1
202300005853;155 670 182;50;0;2;8;17;3
202300005853;155 670 183;7;0;2;5;17;1
202300005854;155 670 180;7;6;0;1;24;1
202300005855;155 670 181;2;0;0;9;1;1
202300005856;155 670 178;31;0;2;1;0;1
202300005856;155 670 179;7;0;2;3;9;1
202300005857;155 670 177;7;2;0;1;1;1
202300005858;155 670 174;10;0;2;0;0;1
202300005858;155 670 176;7;0;2;1;2;1
202300005859;155 670 175;1;6;0;8;16;5
202300005860;155 670 171;7;0;2;3;1;1
202300005860;155 670 173;7;0;2;3;1;1
202300005861;155 670 172;10;2;0;1;1;1
202300005862;155 670 169;7;0;2;7;15;1
202300005862;155 670 170;33;0;2;1;1;1
202300005863;155 670 167;31;0;2;1;13;1
202300005863;155 670 168;7;0;2;3;21;1
202300005864;155 670 165;7;0;2;2;2;1
202300005864;155 670 166;7;0;2;6;2;1
202300005865;155 670 164;7;8;0;1;1;1
202300005866;155 670 163;7;0;1;2;15;2
202300005867;155 670 160;7;0;2;1;2;1
202300005867;155 670 162;10;0;0;4;16;1
202300005868;155 670 158;33;3;0;9;1;1
202300005869;155 670 159;7;0;2;0;1;1
202300005869;155 670 161;7;0;2;2;1;1
202300005870;155 670 155;7;0;2;1;2;1
202300005870;155 670 156;10;0;2;4;2;1
202300005870;155 670 157;7;0;2;4;2;1
202300005871;155 670 153;7;0;1;4;20;1
202300005872;155 670 154;36;13;0;3;0;0
202300005873;155 670 151;2;0;2;1;1;1
202300005873;155 670 152;10;0;2;3;15;1
202300005874;155 670 149;10;0;1;1;1;1
202300005875;155 670 150;2;0;0;3;1;1
202300005876;155 670 146;7;0;2;1;1;2
202300005876;155 670 148;7;7;2;1;13;1
202300005877;155 670 145;33;0;2;2;17;1
202300005877;155 670 147;7;0;0;6;15;1
202300005878;155 670 143;7;0;2;2;16;2
202300005878;155 670 144;30;0;2;3;18;1
202300005879;155 670 141;7;0;2;3;15;1
202300005879;155 670 142;33;0;2;8;1;1
202300005880;155 670 139;1;0;2;5;19;5
202300005880;155 670 140;2;0;2;1;1;0
202300005881;155 670 137;10;0;2;1;23;1
202300005881;155 670 138;7;0;0;4;23;1
202300005882;155 670 135;1;0;2;8;19;5
202300005882;155 670 136;7;0;2;1;1;6
202300005883;155 670 134;10;13;0;1;26;1
202300005884;155 670 132;1;1;0;1;1;5
202300005884;155 670 133;7;0;2;3;22;1
202300005885;155 670 131;7;0;1;1;1;1
202300005886;155 670 130;1;0;0;0;1;5
202300005887;155 670 125;7;0;2;8;13;1
202300005887;155 670 127;30;0;2;4;2;3
202300005887;155 670 128;31;0;2;2;2;1
202300005888;155 670 123;31;0;2;1;1;1
202300005888;155 670 124;7;0;2;2;15;1
202300005889;155 670 120;30;0;2;4;16;3
202300005889;155 670 121;7;0;2;2;16;1
202300005890;155 670 119;7;2;0;1;1;1
202300005891;155 670 117;7;0;2;2;10;2
202300005891;155 670 118;1;0;2;8;1;5
202300005892;155 670 115;7;0;2;2;14;1
202300005892;155 670 116;15;0;0;6;2;1
202300005893;155 670 113;80;0;2;6;1;3
202300005893;155 670 114;7;0;2;5;16;1
202300005894;155 670 110;7;0;2;1;1;1
202300005894;155 670 112;15;0;2;5;1;1
202300005895;155 670 108;32;0;2;1;1;1
202300005895;155 670 109;33;0;2;5;16;1
202300005895;155 670 111;7;0;2;5;23;1
202300005896;155 670 106;7;8;1;1;14;1
202300005897;155 670 105;7;0;2;1;13;1
202300005897;155 670 107;15;0;2;1;1;1
202300005898;155 670 101;10;0;2;4;2;1
202300005898;155 670 103;7;0;2;4;2;2
202300005898;155 670 104;7;0;2;1;2;1
202300005899;155 670 100;7;0;0;4;12;1
202300005899;155 670 102;33;0;2;1;18;1
202300005900;155 670 099;7;14;1;7;1;1
202300005901;155 670 097;7;1;1;2;16;2
202300005902;155 670 098;31;0;0;4;26;1
202300005903;155 670 095;15;0;2;3;9;1
202300005903;155 670 096;1;0;2;0;26;5
202300005904;155 670 092;10;1;1;2;1;1
202300005905;155 670 093;21;0;2;3;2;6
202300005905;155 670 094;33;0;2;2;2;1
202300005906;155 670 091;7;0;1;2;16;1
202300005907;155 670 089;10;14;0;2;26;0
202300005908;155 670 088;7;0;0;1;1;0
202300005908;155 670 090;2;0;0;2;15;0
202300005909;155 670 086;32;0;2;2;1;1
202300005909;155 670 087;7;0;2;8;11;1
202300005910;155 670 083;30;0;2;1;1;0
202300005910;155 670 084;10;0;0;2;15;1
202300005911;155 670 082;2;0;0;8;1;1
202300005911;155 670 085;7;0;2;3;15;1
202300005912;155 670 079;7;0;2;1;1;1
202300005912;155 670 081;7;0;2;3;26;1
202300005913;155 670 076;1;0;2;1;1;5
202300005913;155 670 077;1;0;2;4;1;5
202300005914;155 670 078;7;0;0;2;15;1
202300005914;155 670 080;33;0;2;1;1;1
202300005915;155 670 074;1;0;2;1;1;5
202300005915;155 670 075;7;0;2;2;16;1
202300005916;155 670 072;37;0;1;2;0;1
202300005917;155 670 071;17;0;2;3;1;1
202300005917;155 670 073;7;0;2;4;1;1
202300005918;155 670 069;50;0;2;0;19;3
202300005918;155 670 070;7;0;2;1;1;1
202300005919;155 670 067;7;0;2;3;13;1
202300005919;155 670 068;10;0;2;3;1;1
202300005920;155 670 065;7;0;2;3;2;1
202300005920;155 670 066;7;0;2;2;0;1
202300005921;155 670 062;7;0;2;3;16;1
202300005921;155 670 064;14;0;2;3;1;1
202300005922;155 670 060;7;0;2;3;1;1
202300005922;155 670 061;7;0;2;3;1;1
202300005922;155 670 063;7;0;2;1;13;1
202300005923;155 670 056;7;0;2;3;1;2
202300005923;155 670 057;2;0;2;1;10;1
202300005924;155 670 058;7;0;2;1;15;1
202300005924;155 670 059;34;0;2;1;1;1
202300005925;155 670 054;32;0;2;3;16;1
202300005925;155 670 055;15;0;0;2;16;1
202300005926;155 670 053;7;6;1;6;4;1
202300005927;155 670 049;7;0;2;1;15;1
202300005927;155 670 052;31;0;2;3;1;1
202300005928;155 670 050;10;0;2;8;15;1
202300005928;155 670 051;33;0;2;2;17;1
202300005929;155 670 047;7;0;9;3;1;1
202300005929;155 670 048;1;0;2;7;15;5
202300005930;155 670 045;37;0;1;2;1;0
202300005931;155 670 044;7;14;0;3;0;0
202300005932;155 670 043;33;0;0;9;1;1
202300005933;155 670 042;7;2;0;1;1;1
202300005934;155 670 040;7;0;2;1;16;1
202300005934;155 670 041;7;0;2;2;1;1
202300005935;155 670 039;7;7;0;3;12;1
202300005936;155 670 037;7;0;2;1;0;1
202300005936;155 670 038;7;0;2;3;1;1
202300005937;155 670 035;2;0;0;0;26;3
202300005938;155 670 033;7;7;0;9;1;1
202300005939;155 670 034;7;0;2;4;2;1
202300005939;155 670 036;7;0;2;1;2;1
202300005940;155 670 032;7;6;0;3;1;1
202300005941;155 670 029;7;0;2;7;12;1
202300005941;155 670 031;33;0;2;3;3;1
202300005942;155 670 025;7;0;2;1;16;1
202300005942;155 670 026;1;0;2;7;1;5
202300005943;155 670 019;7;0;2;8;5;2
202300005943;155 670 022;21;0;2;6;1;1
202300005944;155 670 018;10;0;2;1;2;1
202300005944;155 670 020;7;0;2;4;2;1
202300005944;155 670 021;7;0;2;4;2;1
202300005944;155 670 023;7;0;2;4;2;1