Num_Acc;id_vehicule;categorie_vehicule;obstacle_fixe;obstacle_mobile;point_choc_initial;manoeuvre_principale;motorisation
202300005944;155 670 024;7;0;2;4;2;1
202300005945;155 670 015;2;0;2;4;1;1
202300005945;155 670 017;7;0;2;1;1;1
202300005946;155 670 014;7;0;2;6;11;0
202300005946;155 670 016;33;0;2;2;3;0
202300005947;155 670 013;2;14;0;1;1;1
202300005948;155 670 011;33;0;2;2;3;0
202300005948;155 670 012;7;0;2;6;11;0
202300005949;155 670 010;7;2;9;6;0;1
202300005950;155 670 008;7;13;0;1;17;1
202300005951;155 670 007;10;0;2;2;1;0
202300005951;155 670 009;7;4;2;2;14;0
202300005952;155 670 006;2;13;0;8;1;1
202300005953;155 670 003;10;3;2;4;2;1
202300005953;155 670 005;7;3;2;1;2;1
202300005954;155 670 002;7;0;2;1;19;1
202300005954;155 670 004;30;0;2;1;1;1
202300005955;155 670 000;7;0;2;1;1;1
202300005955;155 670 001;21;0;2;1;1;1
202300005956;155 669 997;7;0;2;2;15;1
202300005956;155 669 998;2;0;2;1;1;1
202300005957;155 669 995;7;0;2;4;2;1
202300005957;155 669 996;7;0;2;1;2;1
202300005958;155 669 994;7;13;0;3;17;1
202300005959;155 669 993;33;0;0;0;1;1
202300005960;155 669 990;7;0;1;2;1;1
202300005961;155 669 991;10;0;2;8;26;1
202300005961;155 669 992;7;0;2;1;1;1
202300005962;155 669 987;7;14;0;0;1;1
202300005962;155 669 988;7;0;2;2;0;1
202300005962;155 669 989;15;0;2;6;1;1
202300005963;155 669 986;40;0;1;1;1;3
202300005964;155 669 984;7;0;2;1;5;1
202300005964;155 669 985;10;0;2;3;1;1
202300005965;155 669 981;2;0;2;8;9;1
202300005965;155 669 982;10;0;2;2;1;1
202300005966;155 669 980;32;0;2;3;1;1
202300005966;155 669 983;7;0;2;2;15;1
202300005967;155 669 979;7;0;1;3;1;1
202300005968;155 669 978;7;0;1;2;1;1
202300005969;155 669 975;33;0;2;9;0;0
202300005969;155 669 976;7;0;0;4;15;0
202300005969;155 669 977;7;0;2;1;1;0
202300005970;155 669 972;7;0;2;7;15;1
202300005970;155 669 974;33;0;2;1;9;1
202300005971;155 669 971;1;0;0;0;1;5
202300005971;155 669 973;7;0;0;2;17;1
202300005972;155 669 967;10;0;2;3;17;1
202300005972;155 669 969;7;0;2;3;1;1
202300005973;155 669 968;33;0;2;3;3;1
202300005973;155 669 970;7;0;2;2;16;1
202300005974;155 669 966;34;13;0;2;14;1
202300005975;155 669 962;1;0;2;0;1;5
202300005975;155 669 964;7;0;2;6;17;1
202300005976;155 669 961;7;0;0;0;0;0
202300005976;155 669 963;7;0;0;0;;
202300005976;155 669 965;34;0;2;1;1;1
202300005977;155 669 959;7;0;2;1;1;1
202300005977;155 669 960;7;0;0;4;2;1
202300005978;155 669 955;7;0;0;4;1;1
202300005978;155 669 957;7;0;0;1;2;1
202300005979;155 669 956;7;0;2;1;2;1
202300005979;155 669 958;7;0;2;4;2;1
202300005980;155 669 954;7;6;0;2;14;1
202300005981;155 669 953;7;0;1;1;1;1
202300005982;155 669 952;7;15;0;1;1;1
202300005983;155 669 951;7;1;0;1;2;3
202300005984;155 669 950;33;13;0;9;1;1
202300005985;155 669 948;1;0;2;1;1;5
202300005985;155 669 949;0;0;0;0;0;
202300005986;155 669 947;7;0;1;3;1;1
202300005987;155 669 944;7;0;2;2;26;1
202300005987;155 669 946;33;0;2;2;1;1
202300005988;155 669 943;1;0;9;2;1;5
202300005988;155 669 945;10;1;0;8;22;1
202300005989;155 669 942;7;0;1;3;1;1
202300005990;155 669 938;7;0;2;1;26;1
202300005990;155 669 940;33;0;2;7;2;1
202300005990;155 669 941;7;0;2;4;0;1
202300005991;155 669 937;7;0;0;3;15;1
202300005991;155 669 939;33;0;2;1;17;1
202300005992;155 669 936;7;0;1;1;2;1
202300005993;155 669 934;50;0;2;7;19;3
202300005993;155 669 935;7;0;9;3;1;1
202300005994;155 669 928;7;13;0;1;26;2
202300005995;155 669 925;7;0;2;3;2;1
202300005995;155 669 927;17;0;2;4;1;1
202300005996;155 669 924;7;0;2;1;1;1
202300005996;155 669 926;7;0;2;3;0;1
202300005997;155 669 923;7;5;0;1;20;1
202300005998;155 669 922;7;4;0;3;1;1
202300005999;155 669 916;17;0;2;4;2;1
202300005999;155 669 918;17;0;2;4;2;0
202300005999;155 669 919;17;0;2;4;2;1
202300005999;155 669 921;17;0;2;1;1;1
202300006000;155 669 915;7;0;2;1;1;1
202300006000;155 669 917;7;0;2;4;2;1
202300006000;155 669 920;7;0;2;4;1;1
202300006001;155 669 913;7;0;2;8;11;1
202300006001;155 669 914;33;0;2;7;3;1
202300006002;155 669 910;32;0;2;7;3;1
202300006002;155 669 911;7;0;2;3;11;1
202300006003;155 669 908;7;0;2;0;0;1
202300006003;155 669 909;31;0;2;0;0;1
202300006004;155 669 906;7;0;2;1;1;1
202300006004;155 669 907;10;0;2;4;1;1
202300006005;155 669 905;40;0;1;1;1;3
202300006006;155 669 903;10;0;2;4;2;1
202300006006;155 669 904;38;0;2;1;2;1
202300006007;155 669 899;0;0;2;0;0;0
202300006007;155 669 901;33;0;2;4;0;1
202300006008;155 669 900;7;0;2;2;15;1
202300006008;155 669 902;7;0;2;1;1;3
202300006009;155 669 896;7;0;2;4;11;1
202300006009;155 669 898;33;0;2;1;1;1
202300006010;155 669 897;7;0;1;7;1;1
202300006011;155 669 893;32;0;2;1;3;3
202300006011;155 669 895;7;0;2;2;12;1
202300006012;155 669 894;10;0;1;4;4;1
202300006013;155 669 891;7;0;2;8;11;1
202300006013;155 669 892;43;0;2;2;3;1
202300006014;155 669 887;33;0;2;3;3;1
202300006014;155 669 888;7;0;2;7;12;1
202300006015;155 669 889;2;0;2;2;1;1
202300006015;155 669 890;7;0;2;3;9;1
202300006016;155 669 885;33;0;2;7;3;1
202300006016;155 669 886;7;0;2;8;11;1
202300006017;155 669 884;36;0;0;0;15;1
202300006018;155 669 880;7;0;2;1;1;1
202300006018;155 669 882;7;0;2;4;1;1
202300006019;155 669 881;7;0;2;4;2;1
202300006019;155 669 883;33;0;2;1;2;1
202300006020;155 669 879;7;0;1;3;0;1
202300006021;155 669 875;10;0;9;1;0;1
202300006021;155 669 877;1;0;2;8;0;5
202300006022;155 669 874;7;0;2;4;1;2
202300006022;155 669 876;7;0;2;4;1;1
202300006022;155 669 878;7;0;2;1;1;2
202300006023;155 669 871;32;0;2;1;3;1
202300006023;155 669 872;7;0;2;2;12;1
202300006024;155 669 870;7;0;2;6;15;1
202300006024;155 669 873;33;0;2;1;1;1
202300006025;155 669 867;1;0;2;3;1;5
202300006025;155 669 869;15;0;2;2;16;1
202300006026;155 669 864;7;0;2;3;9;1
202300006026;155 669 865;1;0;2;1;5;5
202300006027;155 669 866;7;0;2;1;1;1
202300006027;155 669 868;7;0;2;4;1;1
202300006028;155 669 862;7;0;2;1;1;1
202300006028;155 669 863;32;0;1;1;15;1
202300006029;155 669 860;1;0;0;0;1;5
202300006030;155 669 859;7;0;2;6;23;1
202300006030;155 669 861;7;0;2;2;15;1
202300006031;155 669 858;1;0;0;0;1;5
202300006032;155 669 857;7;0;1;1;9;1
202300006033;155 669 855;7;0;2;2;1;2
202300006033;155 669 856;1;0;2;8;19;5
202300006034;155 669 852;7;0;2;7;1;1
202300006034;155 669 853;50;0;2;1;15;3
202300006035;155 669 851;37;0;2;3;1;1
202300006035;155 669 854;10;0;2;2;16;1
202300006036;155 669 849;7;0;1;5;4;1
202300006037;155 669 848;7;0;2;8;9;1
202300006037;155 669 850;1;0;2;1;9;5
202300006038;155 669 847;1;0;1;1;8;5
202300006039;155 669 845;3;0;2;8;15;1
202300006039;155 669 846;30;0;2;7;17;1
202300006040;155 669 843;10;0;2;2;16;1
202300006040;155 669 844;1;0;2;1;1;5
202300006041;155 669 841;1;0;2;1;1;5
202300006041;155 669 842;7;0;2;3;9;1
202300006042;155 669 839;50;0;2;1;15;3
202300006042;155 669 840;7;0;2;2;16;1
202300006043;155 669 837;33;0;2;1;1;1
202300006043;155 669 838;7;0;2;1;15;1
202300006044;155 669 835;50;1;0;8;1;3
202300006045;155 669 834;7;0;1;1;26;0
202300006046;155 669 832;7;8;0;2;1;1
202300006047;155 669 831;31;0;2;3;2;1
202300006047;155 669 833;10;0;2;6;4;1
202300006048;155 669 829;7;0;1;1;1;1
202300006049;155 669 828;7;0;2;3;16;1
202300006049;155 669 830;30;0;2;3;13;1
202300006050;155 669 826;7;0;2;1;10;1
202300006050;155 669 827;30;0;2;8;1;0
202300006051;155 669 823;1;0;2;1;5;5
202300006051;155 669 824;10;0;2;1;2;1
202300006052;155 669 821;7;0;2;3;15;3
202300006052;155 669 822;30;0;2;1;3;1
202300006052;155 669 825;7;0;2;4;23;1
202300006053;155 669 820;7;0;1;8;0;2
202300006054;155 669 817;7;0;2;1;0;1
202300006054;155 669 818;33;0;0;4;0;1
202300006055;155 669 816;7;0;2;1;1;1
202300006055;155 669 819;2;0;2;7;1;1
202300006056;155 669 815;10;0;1;3;1;1
202300006057;155 669 813;7;0;1;2;1;1
202300006058;155 669 812;2;0;2;1;1;1
202300006058;155 669 814;7;0;2;3;15;1
202300006059;155 669 809;2;0;0;4;18;1
202300006059;155 669 810;14;0;2;1;26;1
202300006060;155 669 808;7;0;2;3;9;1
202300006060;155 669 811;1;0;2;1;1;5
202300006061;155 669 806;2;0;2;1;1;1
202300006061;155 669 807;7;0;2;6;1;1
202300006062;155 669 805;30;0;1;7;1;3
202300006063;155 669 803;7;0;2;2;14;1
202300006063;155 669 804;31;0;2;8;1;1
202300006064;155 669 801;7;0;2;1;1;1
202300006064;155 669 802;50;0;2;8;19;3
202300006065;155 669 799;32;0;2;8;18;1
202300006065;155 669 800;1;0;2;2;17;5
202300006066;155 669 795;10;0;2;6;18;1
202300006066;155 669 796;10;0;2;3;1;1
202300006067;155 669 792;7;0;2;2;15;1
202300006067;155 669 793;2;0;2;1;1;1
202300006068;155 669 786;10;0;2;3;1;1
202300006068;155 669 788;10;0;2;3;1;1
202300006068;155 669 789;7;0;2;2;15;1
202300006069;155 669 782;17;3;2;2;1;1
202300006069;155 669 784;7;3;2;2;13;1
202300006070;155 669 779;7;0;2;3;13;1
202300006070;155 669 781;14;0;2;3;1;1
202300006071;155 669 780;7;0;1;3;16;1
202300006072;155 669 778;7;0;1;2;1;1
202300006073;155 669 776;7;0;0;9;2;1
202300006074;155 669 777;7;0;1;2;1;1
202300006075;155 669 774;40;0;1;3;1;3
202300006076;155 669 773;1;0;2;3;11;5
202300006076;155 669 775;7;0;2;2;1;1
202300006077;155 669 771;7;0;1;1;17;1
202300006078;155 669 772;1;8;0;1;1;5
202300006079;155 669 769;7;0;1;3;25;1
202300006080;155 669 768;1;0;2;1;1;5
202300006080;155 669 770;50;0;2;8;19;3
202300006081;155 669 765;7;0;2;1;2;1
202300006081;155 669 766;7;0;2;4;23;1
202300006081;155 669 767;7;3;0;4;23;1
202300006082;155 669 763;7;0;1;2;1;0
202300006083;155 669 762;7;0;2;3;1;0
202300006083;155 669 764;7;0;2;2;9;0
202300006084;155 669 760;33;0;2;1;1;1
202300006084;155 669 761;7;0;2;7;15;1
202300006085;155 669 758;7;0;0;3;1;1
202300006085;155 669 759;3;0;0;1;1;1
202300006086;155 669 757;10;9;0;1;1;0
202300006087;155 669 755;7;0;2;2;0;1
202300006087;155 669 756;33;0;2;1;1;1
202300006088;155 669 752;7;0;2;4;1;1
202300006088;155 669 753;7;0;2;4;1;1
202300006088;155 669 754;7;0;2;1;1;1
202300006089;155 669 748;7;0;2;1;2;1
202300006089;155 669 749;7;0;2;4;2;1
202300006089;155 669 750;7;0;2;4;2;1
202300006089;155 669 751;7;0;2;4;2;1
202300006090;155 669 746;50;0;2;1;14;3
202300006090;155 669 747;7;0;2;2;1;1
202300006091;155 669 744;7;0;2;3;1;0
202300006091;155 669 745;32;0;2;1;15;0
202300006092;155 669 742;33;0;2;7;1;1
202300006092;155 669 743;7;0;9;3;15;1
202300006093;155 669 741;7;0;1;1;1;1
202300006094;155 669 739;10;0;2;1;13;1
202300006094;155 669 740;7;0;2;1;1;1
202300006095;155 669 737;32;0;2;1;2;3
202300006095;155 669 738;42;0;2;4;2;1
202300006096;155 669 735;10;0;2;1;2;1
202300006096;155 669 736;10;0;2;4;2;1
202300006097;155 669 733;1;0;2;1;1;5
202300006097;155 669 734;7;0;2;2;16;2
202300006098;155 669 732;7;0;1;4;4;1
202300006099;155 669 730;1;0;2;7;19;5
202300006099;155 669 731;7;0;2;1;1;1
202300006100;155 669 729;2;0;1;1;1;3
202300006101;155 669 727;7;0;2;3;13;1
202300006101;155 669 728;2;0;2;2;17;3
202300006102;155 669 725;7;0;2;7;16;1
202300006102;155 669 726;30;0;2;7;7;3
202300006103;155 669 723;7;0;2;1;15;0
202300006103;155 669 724;31;0;2;4;15;1
202300006104;155 669 721;50;0;2;7;14;3
202300006104;155 669 722;33;0;2;3;1;1
202300006105;155 669 719;33;0;2;1;9;1
202300006105;155 669 720;7;0;2;3;1;1
202300006106;155 669 717;10;1;0;4;4;1
202300006106;155 669 718;7;0;2;1;23;1
202300006107;155 669 715;42;0;2;3;1;3
202300006107;155 669 716;7;0;2;2;1;1
202300006108;155 669 713;30;0;2;1;13;1
202300006108;155 669 714;7;0;2;3;13;1
202300006109;155 669 712;10;0;1;3;1;0
202300006110;155 669 711;7;0;1;1;15;1
202300006111;155 669 709;10;0;2;1;2;1
202300006111;155 669 710;7;0;2;4;2;1
202300006112;155 669 707;10;0;2;3;15;1
202300006112;155 669 708;7;0;2;1;1;1
202300006113;155 669 705;7;0;2;1;11;1
202300006113;155 669 706;50;0;2;1;1;3
202300006114;155 669 703;80;0;2;1;2;3
202300006114;155 669 704;10;0;2;2;16;1
202300006115;155 669 701;50;0;2;3;2;3
202300006115;155 669 702;7;0;2;3;2;1
202300006116;155 669 699;32;0;2;1;16;0
202300006116;155 669 700;1;0;2;8;2;5
202300006117;155 669 696;7;0;2;4;11;0
202300006117;155 669 697;7;0;2;1;1;0
202300006117;155 669 698;10;0;2;1;1;0
202300006118;155 669 694;7;0;2;2;9;1
202300006118;155 669 695;43;0;2;8;1;1
202300006119;155 669 693;60;12;0;1;25;5
202300006120;155 669 691;7;0;2;3;11;0
202300006120;155 669 692;30;0;2;7;1;3
202300006121;155 669 689;32;0;0;1;15;1
202300006121;155 669 690;32;0;2;1;16;1
202300006122;155 669 688;33;0;1;1;17;1
202300006123;155 669 687;7;0;1;3;1;1
202300006124;155 669 685;1;0;2;1;19;5
202300006124;155 669 686;7;0;2;3;9;1
202300006125;155 669 683;33;0;2;7;0;1
202300006125;155 669 684;7;0;2;1;0;0
202300006126;155 669 682;7;1;0;3;14;2
202300006127;155 669 681;33;3;0;1;14;1
202300006128;155 669 677;34;4;0;1;1;1
202300006129;155 669 676;7;0;2;2;9;1
202300006129;155 669 678;30;0;2;1;1;1
202300006130;155 669 675;7;3;0;1;0;1
202300006131;155 669 673;7;0;0;1;2;1
202300006131;155 669 674;7;8;2;7;1;1
202300006132;155 669 669;7;0;2;7;19;1
202300006132;155 669 670;33;0;2;1;1;1
202300006133;155 669 667;10;0;2;1;17;1
202300006133;155 669 668;7;0;2;8;15;1
202300006134;155 669 666;33;13;0;2;1;1
202300006135;155 669 665;7;2;0;1;14;1
202300006136;155 669 663;1;1;0;1;2;5
202300006136;155 669 664;7;0;9;4;24;1
202300006137;155 669 661;33;15;0;1;17;1
202300006138;155 669 660;7;0;1;3;1;1
202300006139;155 669 659;33;0;2;1;1;1
202300006139;155 669 662;1;0;2;8;15;5
202300006140;155 669 656;37;0;1;7;16;1
202300006141;155 669 650;7;0;2;1;2;1
202300006141;155 669 653;7;0;2;4;2;1
202300006142;155 669 651;7;1;0;8;;0
202300006142;155 669 654;32;6;0;2;1;1
202300006143;155 669 649;7;0;2;1;19;1
202300006143;155 669 652;50;0;2;1;19;3
202300006144;155 669 648;1;17;0;1;1;5
202300006145;155 669 645;7;0;2;3;19;1
202300006145;155 669 647;31;0;2;1;1;1
202300006146;155 669 644;7;0;1;3;1;1
202300006147;155 669 643;7;0;2;1;1;2
202300006147;155 669 646;7;0;2;4;19;0
202300006148;155 669 639;1;1;2;8;1;5
202300006148;155 669 641;7;0;9;2;19;3
202300006149;155 669 638;7;0;2;1;1;1
202300006149;155 669 640;7;0;2;1;5;1
202300006150;155 669 637;7;4;0;2;16;1
202300006151;155 669 636;2;12;0;1;1;1
202300006152;155 669 633;7;0;1;1;0;1
202300006153;155 669 634;2;0;2;3;1;1
202300006153;155 669 635;7;0;2;1;6;1
202300006154;155 669 631;7;0;2;3;1;1
202300006154;155 669 632;7;0;2;5;15;1
202300006155;155 669 628;7;3;2;3;5;1
202300006155;155 669 630;7;3;2;3;1;1
202300006156;155 669 626;7;0;2;1;19;1
202300006156;155 669 629;7;0;2;1;1;1
202300006157;155 669 625;7;0;2;5;19;1
202300006157;155 669 627;33;0;2;1;1;1
202300006158;155 669 621;7;17;0;1;1;1
202300006159;155 669 622;7;0;2;1;2;1
202300006159;155 669 623;7;0;2;4;23;1
202300006160;155 669 620;2;0;0;1;1;1
202300006160;155 669 624;21;0;0;3;26;1
202300006161;155 669 619;7;13;0;1;14;1
202300006162;155 669 618;10;0;1;3;1;1
202300006163;155 669 617;30;0;0;0;0;1
202300006164;155 669 615;7;0;2;1;13;1
202300006164;155 669 616;7;0;2;1;1;1
202300006165;155 669 613;1;0;5;0;0;5
202300006166;155 669 611;7;0;2;4;1;1
202300006166;155 669 614;7;0;2;1;23;1
202300006167;155 669 610;7;0;2;1;1;1
202300006167;155 669 612;7;0;2;1;1;1
202300006168;155 669 608;7;0;2;7;19;1
202300006168;155 669 609;2;0;2;3;1;1
202300006169;155 669 606;7;8;0;9;1;1
202300006170;155 669 604;38;0;1;2;1;1
202300006171;155 669 605;7;0;2;1;13;1
202300006171;155 669 607;7;0;2;1;1;1
202300006172;155 669 601;7;0;2;3;15;1
202300006172;155 669 603;31;0;2;2;17;1
202300006173;155 669 599;7;2;0;1;16;1
202300006174;155 669 600;2;0;2;1;1;1
202300006174;155 669 602;7;0;2;2;1;1
202300006175;155 669 598;7;6;0;3;14;1
202300006176;155 669 595;2;0;2;1;1;1
202300006176;155 669 597;7;0;2;3;15;1
202300006177;155 669 593;33;0;2;1;1;1
202300006177;155 669 594;7;0;2;5;15;1
202300006178;155 669 591;30;0;2;4;2;1
202300006178;155 669 592;17;0;2;7;2;1
202300006179;155 669 596;7;0;1;0;2;1
202300006180;155 669 590;31;14;0;8;1;1
202300006181;155 669 586;10;0;2;1;13;1
202300006181;155 669 588;7;0;2;1;1;1
202300006182;155 669 585;7;0;2;1;2;1
202300006182;155 669 587;10;0;2;4;1;1
202300006182;155 669 589;7;0;2;4;2;1
202300006183;155 669 583;7;0;2;5;17;1
202300006183;155 669 584;7;0;2;3;1;1
202300006184;155 669 580;7;0;2;5;12;0
202300006184;155 669 581;33;0;2;1;3;1
202300006185;155 669 578;7;0;2;7;1;1
202300006185;155 669 582;7;0;2;1;1;1
202300006186;155 669 579;31;0;0;0;1;1
202300006187;155 669 576;33;0;0;7;15;1
202300006188;155 669 574;7;0;2;4;0;0
202300006188;155 669 575;7;0;2;4;26;1
202300006189;155 669 573;7;0;2;1;1;1
202300006189;155 669 577;17;0;2;4;1;0
202300006190;155 669 571;1;0;0;4;1;5
202300006190;155 669 572;7;0;0;2;9;1
202300006191;155 669 568;2;0;2;1;17;1
202300006191;155 669 570;7;0;2;8;15;1
202300006192;155 669 567;10;13;0;1;1;1
202300006193;155 669 566;7;0;2;6;11;1
202300006193;155 669 569;43;0;2;1;3;1
202300006194;155 669 563;33;0;2;1;17;1
202300006194;155 669 564;7;0;2;1;1;1
202300006195;155 669 562;7;0;2;2;16;1
202300006195;155 669 565;7;0;2;8;16;1
202300006196;155 669 557;33;0;2;8;1;1
202300006196;155 669 558;7;0;2;8;1;1
202300006197;155 669 554;33;0;2;1;1;1
202300006197;155 669 556;7;0;2;6;15;1
202300006198;155 669 551;31;13;0;0;0;1
202300006199;155 669 552;7;4;0;3;23;1
202300006199;155 669 553;7;0;2;5;23;1
202300006199;155 669 555;7;0;2;3;1;1
202300006199;155 669 559;10;0;2;3;1;1
202300006199;155 669 560;7;0;2;6;1;1
202300006199;155 669 561;14;0;2;3;1;1
202300006200;155 669 547;7;0;2;8;15;1
202300006200;155 669 550;33;0;2;7;17;1
202300006201;155 669 546;10;0;2;4;3;1
202300006201;155 669 548;7;0;2;1;2;1
202300006202;155 669 544;7;0;2;6;1;1
202300006202;155 669 545;7;0;2;3;13;1
202300006203;155 669 540;34;0;2;8;2;1
202300006203;155 669 542;7;0;2;2;12;1
202300006204;155 669 541;7;0;2;2;1;2
202300006204;155 669 543;7;0;2;3;1;1
202300006205;155 669 538;7;0;2;3;13;1
202300006205;155 669 539;7;0;2;3;1;1
202300006206;155 669 535;33;0;2;1;12;1
202300006206;155 669 537;1;0;2;4;1;5
202300006207;155 669 531;33;13;0;0;21;1
202300006207;155 669 534;10;0;0;0;5;0
202300006208;155 669 532;10;0;1;1;1;1
202300006209;155 669 533;32;0;2;7;15;1
202300006209;155 669 536;32;0;2;1;1;1
202300006210;155 669 529;80;0;0;0;0;3
202300006211;155 669 526;7;0;2;1;0;0
202300006211;155 669 528;7;;;;;
202300006212;155 669 525;3;0;2;1;19;1
202300006212;155 669 527;0;0;2;0;0;0
202300006213;155 669 522;10;0;2;3;13;1
202300006213;155 669 524;17;0;2;3;1;1
202300006214;155 669 523;1;0;0;0;1;5
202300006215;155 669 520;7;0;2;1;13;1
202300006215;155 669 521;10;0;2;1;1;1
202300006216;155 669 518;33;3;9;0;1;1
202300006217;155 669 517;1;0;1;1;1;5
202300006218;155 669 515;10;0;1;3;1;1
202300006219;155 669 514;7;0;2;4;26;1
202300006219;155 669 516;7;0;2;1;26;1
202300006219;155 669 519;7;0;2;4;26;1
202300006220;155 669 509;7;0;2;1;2;0
202300006220;155 669 512;7;0;0;4;2;0
202300006221;155 669 510;80;0;2;4;23;3
202300006221;155 669 513;7;0;2;1;1;1
202300006222;155 669 508;14;0;2;1;1;1
202300006222;155 669 511;7;0;0;8;15;1
202300006223;155 669 506;1;0;2;0;2;5
202300006223;155 669 507;7;0;2;7;16;1
202300006224;155 669 503;7;0;2;7;10;2
202300006224;155 669 505;32;0;2;1;1;1
202300006225;155 669 498;50;0;2;1;1;3
202300006225;155 669 500;10;0;2;3;20;1
202300006226;155 669 497;30;0;0;1;0;3
202300006227;155 669 499;7;0;2;1;1;1
202300006227;155 669 502;2;0;2;3;15;0
202300006228;155 669 496;7;0;1;1;10;1
202300006229;155 669 495;7;0;1;4;4;1
202300006230;155 669 494;32;13;0;8;0;1
202300006231;155 669 492;14;0;1;1;1;1
202300006232;155 669 489;34;0;0;8;1;1
202300006233;155 669 488;33;0;2;1;1;1
202300006233;155 669 490;7;0;2;2;15;0
202300006234;155 669 485;7;0;2;7;22;2
202300006234;155 669 487;50;0;2;8;1;3
202300006235;155 669 483;7;0;2;1;2;1
202300006235;155 669 484;7;0;0;4;2;1
202300006236;155 669 481;33;0;2;1;2;1
202300006236;155 669 486;7;0;2;4;1;1
202300006237;155 669 480;7;0;2;1;1;1
202300006237;155 669 482;50;0;2;8;13;3
202300006238;155 669 479;80;12;0;2;14;3
202300006239;155 669 476;10;0;2;3;15;1
202300006239;155 669 477;33;0;2;3;1;1
202300006240;155 669 475;7;2;0;2;0;1
202300006241;155 669 473;10;0;2;1;2;1
202300006241;155 669 478;17;0;0;4;1;1
202300006242;155 669 472;7;0;2;2;9;1
202300006242;155 669 474;1;0;2;1;1;5
202300006243;155 669 470;33;13;0;3;1;1
202300006244;155 669 469;7;0;2;1;2;1
202300006244;155 669 471;2;0;2;4;15;1
202300006245;155 669 466;2;0;0;8;0;1
202300006246;155 669 464;7;0;2;2;26;1
202300006246;155 669 468;7;0;2;3;15;1
202300006247;155 669 463;7;0;2;1;1;1
202300006247;155 669 467;7;0;0;4;1;1
202300006248;155 669 462;7;0;2;1;13;1
202300006248;155 669 465;2;0;2;1;0;1
202300006249;155 669 460;2;0;0;0;2;1
202300006250;155 669 458;10;0;2;2;1;3
202300006250;155 669 461;34;0;2;1;1;1
202300006251;155 669 457;7;0;2;1;2;2
202300006251;155 669 459;80;0;2;4;1;3
202300006252;155 669 453;7;0;2;2;15;1
202300006252;155 669 456;7;0;2;2;1;1
202300006253;155 669 451;7;0;2;2;15;1
202300006253;155 669 454;43;0;2;1;1;1
202300006254;155 669 450;10;0;2;1;1;1
202300006254;155 669 455;10;0;2;8;15;1
202300006255;155 669 449;7;5;0;3;1;1
202300006256;155 669 448;7;14;0;1;1;1
202300006256;155 669 452;7;1;0;4;26;1
202300006257;155 669 444;7;0;1;1;1;1
202300006258;155 669 445;7;0;0;0;0;0
202300006259;155 669 443;10;0;1;1;1;1
202300006260;155 669 441;7;0;0;0;26;0
202300006261;155 669 438;7;6;0;2;1;1
202300006262;155 669 435;31;8;0;1;11;1
202300006263;155 669 436;7;0;2;3;15;1
202300006263;155 669 439;1;0;2;3;1;5
202300006264;155 669 434;7;0;2;1;1;1
202300006264;155 669 437;7;0;2;4;1;1
202300006264;155 669 440;7;0;2;4;1;1
202300006264;155 669 442;7;0;2;4;1;1
202300006265;155 669 432;33;0;2;1;2;1
202300006265;155 669 433;7;0;2;3;10;1
202300006266;155 669 429;7;0;2;7;15;1
202300006266;155 669 430;7;0;2;3;2;1
202300006267;155 669 428;30;0;1;2;1;1
202300006268;155 669 427;33;0;2;4;0;0
202300006268;155 669 431;7;0;0;0;0;0
202300006269;155 669 424;10;0;1;1;1;1
202300006270;155 669 422;7;0;2;3;15;1
202300006270;155 669 425;32;0;2;1;17;1
202300006271;155 669 423;7;0;1;2;0;1
202300006272;155 669 421;1;0;2;4;15;5
202300006272;155 669 426;1;0;2;1;17;5
202300006273;155 669 420;34;14;0;1;1;1
202300006274;155 669 418;7;0;1;1;1;0
202300006275;155 669 416;7;0;2;3;13;1
202300006275;155 669 419;10;0;2;3;0;1
202300006276;155 669 415;7;0;2;2;12;1
202300006276;155 669 417;7;0;2;3;1;1
202300006277;155 669 412;7;0;2;1;1;1
202300006277;155 669 414;7;0;2;1;1;1
202300006278;155 669 409;32;0;2;1;2;1
202300006278;155 669 411;7;0;2;4;2;1
202300006279;155 669 413;10;0;1;1;15;1
202300006280;155 669 408;7;0;2;3;1;1
202300006280;155 669 410;7;0;2;2;15;1
202300006281;155 669 405;30;0;2;1;3;1
202300006281;155 669 407;30;0;2;1;11;1
202300006282;155 669 402;7;0;1;1;1;6
202300006283;155 669 404;7;0;2;0;0;1
202300006283;155 669 406;34;0;2;0;0;1
202300006284;155 669 401;7;0;2;3;15;1
202300006284;155 669 403;7;6;2;1;17;1
202300006285;155 669 399;30;0;2;1;2;0
202300006285;155 669 400;0;0;2;1;12;0
202300006286;155 669 394;1;0;2;1;1;5
202300006286;155 669 397;7;0;2;5;15;1
202300006287;155 669 396;7;0;2;6;1;1
202300006287;155 669 398;15;0;2;2;12;1
202300006288;155 669 393;7;0;2;8;1;1
202300006288;155 669 395;2;0;2;1;1;1
202300006289;155 669 392;7;0;1;1;26;0
202300006290;155 669 390;14;0;1;3;1;1
202300006291;155 669 386;30;0;2;1;1;1
202300006291;155 669 389;7;0;2;4;23;1
202300006292;155 669 385;7;0;2;3;1;1
202300006292;155 669 387;7;0;0;3;23;1
202300006293;155 669 383;33;0;1;6;1;1