Num_Acc;id_vehicule;categorie_vehicule;obstacle_fixe;obstacle_mobile;point_choc_initial;manoeuvre_principale;motorisation
202300006294;155 669 382;7;0;2;8;2;1
202300006294;155 669 384;43;0;2;7;3;1
202300006294;155 669 388;7;0;2;2;12;1
202300006294;155 669 391;33;0;2;1;3;1
202300006295;155 669 378;33;0;2;1;3;1
202300006295;155 669 380;33;0;2;4;11;1
202300006296;155 669 376;2;0;2;1;13;1
202300006296;155 669 379;7;0;2;3;1;1
202300006297;155 669 377;33;0;2;1;1;1
202300006297;155 669 381;7;0;2;2;15;1
202300006298;155 669 372;7;0;2;3;1;1
202300006298;155 669 374;32;0;2;1;5;1
202300006299;155 669 370;60;0;2;8;0;5
202300006299;155 669 375;7;0;2;2;1;0
202300006300;155 669 368;33;0;2;1;2;1
202300006300;155 669 371;7;0;2;4;2;1
202300006300;155 669 373;7;0;2;4;23;1
202300006301;155 669 369;10;0;1;3;5;1
202300006302;155 669 364;33;0;2;3;16;1
202300006302;155 669 366;13;0;2;5;1;1
202300006303;155 669 363;7;0;1;4;2;1
202300006303;155 669 367;7;0;2;1;2;1
202300006304;155 669 362;7;0;2;1;2;1
202300006304;155 669 365;31;0;2;4;2;1
202300006305;155 669 361;1;0;1;1;1;5
202300006306;155 669 357;1;0;2;1;1;5
202300006306;155 669 359;7;0;2;1;9;2
202300006307;155 669 356;50;0;2;3;13;3
202300006307;155 669 358;7;0;2;3;1;1
202300006308;155 669 355;2;0;2;1;16;1
202300006308;155 669 360;7;1;0;3;1;1
202300006309;155 669 353;7;0;1;3;1;0
202300006310;155 669 350;1;0;1;0;0;5
202300006311;155 669 351;10;0;2;2;1;1
202300006311;155 669 354;7;0;2;8;15;1
202300006312;155 669 349;10;0;2;3;1;1
202300006312;155 669 352;7;0;2;3;1;1
202300006313;155 669 348;30;0;1;0;1;1
202300006314;155 669 345;10;0;1;2;1;0
202300006315;155 669 344;10;0;2;1;13;1
202300006315;155 669 347;7;0;2;3;1;1
202300006316;155 669 343;7;13;0;1;2;1
202300006317;155 669 342;10;0;2;7;15;1
202300006317;155 669 346;2;0;2;1;1;1
202300006318;155 669 340;32;14;0;1;1;1
202300006319;155 669 338;33;0;2;1;5;1
202300006319;155 669 341;7;0;2;3;9;1
202300006320;155 669 335;7;0;2;1;1;1
202300006320;155 669 339;2;0;2;7;1;1
202300006321;155 669 332;30;0;2;1;1;1
202300006321;155 669 333;7;0;2;5;15;1
202300006322;155 669 331;30;0;2;1;1;1
202300006322;155 669 334;30;0;2;1;15;1
202300006323;155 669 327;7;0;2;3;15;0
202300006323;155 669 329;43;0;2;2;17;1
202300006324;155 669 328;33;0;2;0;1;1
202300006324;155 669 330;7;0;2;0;15;1
202300006325;155 669 323;0;0;1;0;0;1
202300006326;155 669 322;2;0;2;4;2;0
202300006326;155 669 324;7;0;2;3;1;2
202300006327;155 669 321;7;1;1;1;1;1
202300006328;155 669 320;10;0;1;3;1;1
202300006329;155 669 317;7;0;2;1;15;1
202300006329;155 669 319;7;0;2;6;1;1
202300006330;155 669 313;7;0;2;1;5;0
202300006330;155 669 316;7;0;2;1;1;0
202300006331;155 669 315;7;0;2;3;13;1
202300006331;155 669 318;80;0;2;7;5;3
202300006332;155 669 312;2;0;2;1;1;1
202300006332;155 669 314;7;0;2;2;1;1
202300006333;155 669 309;7;17;0;3;17;1
202300006333;155 669 310;37;0;0;0;17;1
202300006334;155 669 308;7;0;2;2;0;0
202300006334;155 669 311;7;0;2;3;1;0
202300006335;155 669 304;40;0;1;1;1;3
202300006336;155 669 305;7;0;2;3;10;1
202300006336;155 669 307;30;0;2;2;2;1
202300006337;155 669 302;7;11;0;2;1;1
202300006338;155 669 301;39;0;2;2;1;3
202300006338;155 669 306;32;0;4;9;1;1
202300006339;155 669 300;7;0;2;3;15;1
202300006339;155 669 303;1;0;2;1;1;5
202300006340;155 669 295;7;0;2;3;1;1
202300006340;155 669 298;1;0;2;4;19;5
202300006341;155 669 292;7;0;2;1;15;1
202300006341;155 669 296;31;0;2;1;1;1
202300006342;155 669 293;7;1;0;1;1;1
202300006343;155 669 291;7;0;9;3;15;1
202300006343;155 669 297;1;14;2;1;17;5
202300006344;155 669 294;7;0;2;1;16;1
202300006344;155 669 299;1;0;2;8;13;5
202300006345;155 669 289;31;13;0;1;13;1
202300006346;155 669 288;50;0;2;2;15;3
202300006346;155 669 290;7;0;2;3;1;1
202300006347;155 669 284;7;0;2;1;13;1
202300006347;155 669 286;7;0;2;1;1;1
202300006348;155 669 279;10;0;2;1;1;1
202300006348;155 669 281;7;0;2;4;1;1
202300006349;155 669 280;7;0;2;3;11;1
202300006349;155 669 282;7;0;2;2;11;1
202300006350;155 669 283;7;0;2;3;15;2
202300006350;155 669 285;1;0;2;1;1;5
202300006351;155 669 276;7;0;2;3;11;1
202300006351;155 669 278;33;0;2;6;1;1
202300006352;155 669 273;7;0;2;4;2;1
202300006352;155 669 277;7;0;2;1;2;1
202300006353;155 669 271;7;0;2;3;15;1
202300006353;155 669 275;32;0;2;1;1;1
202300006354;155 669 272;10;0;1;1;2;1
202300006355;155 669 264;7;7;0;4;2;1
202300006355;155 669 267;7;0;2;1;2;1
202300006356;155 669 266;33;0;2;1;2;1
202300006356;155 669 269;10;0;2;6;2;1
202300006357;155 669 263;7;0;2;1;2;1
202300006357;155 669 268;32;0;2;4;23;1
202300006358;155 669 261;15;2;0;1;13;1
202300006359;155 669 255;31;0;2;7;1;1
202300006359;155 669 260;10;0;2;8;9;1
202300006360;155 669 257;10;0;2;4;2;1
202300006360;155 669 259;7;0;2;4;2;2
202300006360;155 669 262;7;0;2;1;2;1
202300006361;155 669 256;7;6;0;2;1;1
202300006362;155 669 254;1;0;0;1;5;5
202300006362;155 669 258;0;0;9;0;1;0
202300006363;155 669 252;7;0;2;2;26;1
202300006363;155 669 253;7;0;2;1;9;1
202300006364;155 669 251;7;2;0;3;1;1
202300006365;155 669 249;10;0;1;4;4;1
202300006366;155 669 247;33;1;0;3;1;1
202300006366;155 669 250;7;0;2;5;24;1
202300006367;155 669 246;7;0;2;1;1;1
202300006367;155 669 248;7;0;2;4;23;1
202300006368;155 669 243;7;2;9;1;1;1
202300006369;155 669 242;7;0;2;5;17;0
202300006369;155 669 245;21;0;2;3;15;6
202300006370;155 669 241;50;0;0;0;1;3
202300006371;155 669 240;80;0;1;1;1;3
202300006372;155 669 238;15;0;1;0;1;1
202300006373;155 669 234;7;0;2;1;11;1
202300006373;155 669 237;7;0;2;2;1;1
202300006373;155 669 239;7;0;2;2;1;1
202300006374;155 669 232;10;2;0;1;14;1
202300006375;155 669 230;7;0;2;3;1;1
202300006375;155 669 236;7;0;2;4;5;1
202300006376;155 669 229;7;0;2;4;23;1
202300006376;155 669 231;7;0;2;4;23;1
202300006376;155 669 235;7;0;2;1;1;1
202300006377;155 669 228;7;0;2;3;1;0
202300006377;155 669 233;30;0;2;2;1;1
202300006378;155 669 227;7;13;0;0;0;1
202300006379;155 669 226;10;0;1;3;16;0
202300006380;155 669 222;10;0;2;1;11;1
202300006380;155 669 224;10;0;2;1;0;1
202300006381;155 669 219;7;0;2;3;22;0
202300006381;155 669 223;1;0;2;1;1;5
202300006382;155 669 217;7;0;2;3;1;1
202300006382;155 669 221;7;0;2;3;0;1
202300006383;155 669 220;7;1;2;1;1;1
202300006383;155 669 225;7;0;2;4;23;1
202300006384;155 669 214;7;0;2;6;1;1
202300006384;155 669 216;7;0;2;1;26;1
202300006384;155 669 218;7;0;2;1;1;1
202300006385;155 669 213;7;0;1;3;1;0
202300006386;155 669 211;99;0;2;1;1;1
202300006386;155 669 215;33;0;2;7;1;1
202300006387;155 669 210;7;2;0;1;1;1
202300006388;155 669 209;7;0;2;8;20;1
202300006388;155 669 212;2;0;2;1;1;1
202300006389;155 669 205;7;0;2;3;1;1
202300006389;155 669 208;1;0;2;1;19;5
202300006390;155 669 203;7;0;0;0;0;0
202300006390;155 669 207;1;0;0;0;0;5
202300006391;155 669 199;7;0;2;1;15;1
202300006391;155 669 204;33;0;2;1;17;1
202300006392;155 669 198;15;0;2;1;1;1
202300006392;155 669 201;7;0;2;1;13;1
202300006392;155 669 206;43;0;0;0;17;1
202300006393;155 669 200;10;0;2;3;15;1
202300006393;155 669 202;33;0;2;7;17;1
202300006394;155 669 196;7;0;1;2;2;1
202300006395;155 669 195;7;0;0;4;26;0
202300006395;155 669 197;7;0;0;1;2;0
202300006396;155 669 193;7;0;1;8;0;4
202300006397;155 669 192;7;1;0;2;1;1
202300006398;155 669 190;21;0;2;8;1;1
202300006398;155 669 194;7;0;2;1;9;1
202300006399;155 669 188;33;0;2;3;17;1
202300006399;155 669 191;7;0;2;6;15;1
202300006400;155 669 184;7;0;1;3;1;0
202300006401;155 669 186;30;0;2;1;17;1
202300006401;155 669 189;7;0;2;3;15;1
202300006402;155 669 183;7;0;0;6;10;0
202300006402;155 669 185;33;0;2;1;17;1
202300006403;155 669 187;50;0;0;9;1;3
202300006404;155 669 182;7;0;1;1;1;1
202300006405;155 669 181;7;6;0;5;1;1
202300006406;155 669 179;7;0;1;1;26;1
202300006407;155 669 176;80;8;0;1;17;3
202300006408;155 669 174;10;0;2;2;1;3
202300006408;155 669 178;7;0;2;0;0;0
202300006409;155 669 172;7;0;2;1;2;1
202300006409;155 669 175;7;0;2;4;2;1
202300006410;155 669 168;7;0;2;6;23;1
202300006410;155 669 170;7;0;2;2;2;1
202300006411;155 669 167;7;13;0;1;1;0
202300006412;155 669 165;7;0;2;1;1;0
202300006412;155 669 169;7;0;2;1;5;0
202300006413;155 669 163;7;0;2;1;16;1
202300006413;155 669 166;50;0;2;8;7;3
202300006414;155 669 159;7;0;2;2;2;0
202300006414;155 669 162;1;0;2;8;2;5
202300006415;155 669 161;7;0;2;2;16;1
202300006415;155 669 164;1;0;2;8;1;5
202300006416;155 669 158;33;0;0;2;9;1
202300006417;155 669 157;7;0;1;3;1;1
202300006418;155 669 156;7;0;0;3;1;1
202300006418;155 669 160;7;0;2;1;1;1
202300006419;155 669 155;7;0;1;7;1;1
202300006420;155 669 152;7;1;0;1;1;1
202300006421;155 669 149;7;0;2;3;5;1
202300006421;155 669 153;7;0;2;3;24;6
202300006422;155 669 148;7;0;2;1;9;1
202300006422;155 669 151;33;0;2;7;1;1
202300006423;155 669 145;7;0;0;9;0;1
202300006424;155 669 144;50;0;2;7;19;3
202300006424;155 669 147;7;0;2;1;9;1
202300006425;155 669 142;7;0;1;0;0;0
202300006426;155 669 143;7;0;2;6;15;0
202300006426;155 669 146;33;0;2;6;1;0
202300006427;155 669 140;7;0;2;6;20;2
202300006427;155 669 141;7;0;2;1;1;1
202300006428;155 669 138;7;9;0;1;0;0
202300006429;155 669 136;1;0;0;0;23;5
202300006430;155 669 131;1;0;0;0;26;5
202300006431;155 669 130;7;0;2;1;15;1
202300006431;155 669 133;30;0;2;8;1;1
202300006432;155 669 127;7;3;2;2;0;0
202300006432;155 669 132;7;3;0;4;9;0
202300006433;155 669 126;7;0;2;2;15;1
202300006433;155 669 129;1;0;2;1;1;5
202300006434;155 669 125;36;0;2;1;13;1
202300006434;155 669 128;7;0;2;1;1;1
202300006435;155 669 124;1;0;0;0;26;5
202300006436;155 669 120;7;0;2;3;13;1
202300006436;155 669 122;7;0;2;3;0;2
202300006437;155 669 119;50;0;2;1;1;3
202300006437;155 669 121;7;0;2;1;1;1
202300006438;155 669 117;37;0;2;4;1;1
202300006438;155 669 123;7;0;2;4;9;1
202300006439;155 669 112;7;2;0;9;17;1
202300006440;155 669 110;7;14;2;9;1;1
202300006440;155 669 114;7;0;2;1;1;1
202300006440;155 669 116;14;0;2;3;0;1
202300006441;155 669 109;30;0;2;2;2;1
202300006441;155 669 113;7;0;2;6;2;1
202300006442;155 669 108;7;8;2;1;21;3
202300006442;155 669 111;7;0;0;0;0;1
202300006443;155 669 106;10;0;2;1;2;1
202300006443;155 669 115;7;0;2;4;1;1
202300006443;155 669 118;10;0;2;1;2;1
202300006444;155 669 103;33;0;2;1;3;1
202300006444;155 669 107;7;0;0;5;1;1
202300006445;155 669 101;1;0;2;1;16;5
202300006445;155 669 105;2;0;2;2;1;1
202300006446;155 669 099;7;0;2;1;16;1
202300006446;155 669 104;43;1;2;7;19;1
202300006447;155 669 098;7;0;0;5;23;1
202300006447;155 669 102;33;0;2;1;2;1
202300006448;155 669 095;14;0;2;3;1;1
202300006448;155 669 097;7;0;2;3;1;1
202300006449;155 669 096;33;0;2;1;1;1
202300006449;155 669 100;7;0;2;2;15;1
202300006450;155 669 093;7;9;0;2;1;1
202300006451;155 669 090;10;0;2;4;1;1
202300006451;155 669 094;7;0;2;1;1;1
202300006452;155 669 089;0;0;1;0;0;0
202300006453;155 669 087;17;0;2;6;13;1
202300006453;155 669 091;7;0;2;6;2;1
202300006454;155 669 088;7;0;2;5;1;1
202300006454;155 669 092;7;0;2;0;2;1
202300006455;155 669 086;7;6;0;1;13;1
202300006456;155 669 084;7;0;1;1;21;1
202300006457;155 669 083;7;0;2;6;13;1
202300006457;155 669 085;33;0;2;1;1;1
202300006458;155 669 078;7;0;2;8;1;0
202300006458;155 669 082;7;0;2;1;1;1
202300006459;155 669 077;10;0;9;0;0;0
202300006459;155 669 080;1;0;2;0;0;5
202300006460;155 669 079;1;0;2;1;1;5
202300006460;155 669 081;7;0;2;1;15;1
202300006461;155 669 075;7;0;2;1;1;1
202300006462;155 669 074;7;0;2;8;19;1
202300006462;155 669 076;32;0;2;1;1;1
202300006463;155 669 073;1;0;0;0;0;5
202300006464;155 669 069;7;0;9;2;15;1
202300006464;155 669 071;1;0;2;8;1;5
202300006465;155 669 067;7;0;2;3;11;1
202300006465;155 669 070;33;0;2;3;1;1
202300006466;155 669 065;2;0;1;1;26;0
202300006467;155 669 064;7;0;2;1;1;1
202300006467;155 669 068;1;0;2;0;0;5
202300006468;155 669 066;7;0;1;3;1;0
202300006469;155 669 063;7;15;0;7;1;1
202300006470;155 669 059;7;0;1;1;1;1
202300006471;155 669 057;10;0;2;6;2;1
202300006471;155 669 061;33;0;2;1;2;1
202300006472;155 669 058;2;0;0;4;2;1
202300006472;155 669 062;2;0;0;1;2;1
202300006473;155 669 056;50;0;2;1;19;3
202300006473;155 669 060;7;0;9;3;1;1
202300006474;155 669 055;7;13;0;1;13;1
202300006475;155 669 050;7;0;0;3;1;1
202300006475;155 669 053;7;0;2;3;5;1
202300006476;155 669 051;7;0;1;1;1;1
202300006477;155 669 049;7;0;1;1;1;0
202300006478;155 669 052;7;0;2;1;0;1
202300006478;155 669 054;7;0;2;1;0;1
202300006479;155 669 047;7;0;2;2;1;1
202300006479;155 669 048;7;0;2;8;20;1
202300006480;155 669 044;7;0;0;6;1;1
202300006480;155 669 046;7;0;2;1;1;1
202300006481;155 669 045;10;12;1;5;16;1
202300006482;155 669 040;7;0;2;3;0;0
202300006482;155 669 042;7;0;2;3;1;0
202300006483;155 669 039;7;0;2;9;2;1
202300006483;155 669 041;7;0;2;4;1;1
202300006483;155 669 043;7;0;2;1;2;1
202300006484;155 669 034;38;0;2;3;1;1
202300006484;155 669 037;7;0;2;1;13;1
202300006485;155 669 035;7;0;2;2;16;1
202300006485;155 669 038;1;0;2;8;0;5
202300006486;155 669 033;10;0;2;1;13;1
202300006486;155 669 036;7;0;2;1;1;1
202300006487;155 669 030;1;0;2;7;15;5
202300006487;155 669 032;10;0;2;1;9;1
202300006488;155 669 031;7;0;0;0;1;1
202300006489;155 669 029;33;7;0;1;1;1
202300006490;155 669 028;14;0;1;2;1;1
202300006491;155 669 024;10;0;2;4;1;1
202300006491;155 669 026;10;0;2;1;2;1
202300006492;155 669 023;7;0;2;1;15;1
202300006492;155 669 027;1;0;2;1;2;5
202300006493;155 669 021;7;15;0;1;1;1
202300006494;155 669 022;7;0;2;1;17;1
202300006494;155 669 025;7;0;2;1;1;1
202300006495;155 669 018;7;6;0;3;16;1
202300006496;155 669 017;7;0;1;1;1;1
202300006497;155 669 015;10;0;9;3;22;1
202300006497;155 669 019;50;1;0;2;1;3
202300006498;155 669 013;31;0;2;1;1;1
202300006498;155 669 020;10;1;2;8;19;1
202300006499;155 669 014;33;0;2;1;2;1
202300006499;155 669 016;7;0;0;4;15;1
202300006500;155 669 008;7;0;2;1;26;1
202300006500;155 669 011;33;0;2;8;1;1
202300006501;155 669 009;1;0;2;7;15;5
202300006501;155 669 012;7;0;2;2;1;0
202300006502;155 669 007;7;0;2;2;19;1
202300006502;155 669 010;30;0;2;1;1;1
202300006503;155 669 006;7;0;1;3;1;1
202300006504;155 669 003;7;0;9;1;1;1
202300006504;155 669 004;1;0;2;4;1;5
202300006505;155 669 000;7;0;1;1;20;1
202300006506;155 668 999;7;13;0;2;14;1
202300006507;155 668 997;7;0;9;9;1;0
202300006508;155 668 996;7;9;0;1;1;1
202300006509;155 668 995;7;13;0;0;26;1
202300006510;155 668 994;34;0;1;1;1;1
202300006511;155 668 991;7;0;2;3;2;1
202300006511;155 668 992;7;0;2;3;13;1
202300006512;155 668 989;1;0;0;9;1;5
202300006513;155 668 987;43;0;2;3;3;1
202300006513;155 668 990;14;0;2;8;1;1
202300006513;155 668 993;7;0;2;5;1;1
202300006514;155 668 984;80;0;2;1;1;3
202300006514;155 668 988;7;0;2;3;15;1
202300006515;155 668 981;15;0;2;8;1;1
202300006515;155 668 983;7;0;0;2;1;2
202300006515;155 668 985;10;0;2;8;1;1
202300006516;155 668 980;33;0;0;0;12;1
202300006517;155 668 982;34;0;2;1;1;1
202300006517;155 668 986;10;0;0;6;15;1
202300006518;155 668 978;7;0;2;7;10;1
202300006518;155 668 979;7;0;2;3;1;1
202300006519;155 668 976;7;0;1;1;1;1
202300006520;155 668 973;43;12;0;1;26;1
202300006521;155 668 972;7;0;2;8;23;1
202300006521;155 668 975;7;0;2;2;16;1
202300006521;155 668 977;2;0;2;1;18;1
202300006522;155 668 970;36;13;0;1;23;1
202300006523;155 668 971;60;0;2;4;1;5
202300006523;155 668 974;7;0;9;1;1;1
202300006524;155 668 967;7;0;1;1;1;1
202300006525;155 668 964;7;8;0;1;1;1
202300006526;155 668 963;10;0;2;1;;1
202300006526;155 668 969;10;0;2;1;;1
202300006527;155 668 960;7;0;2;6;2;1
202300006527;155 668 962;7;0;2;1;14;1
202300006527;155 668 966;10;0;2;8;2;1
202300006527;155 668 968;7;0;2;8;2;1
202300006528;155 668 961;7;0;9;1;17;1
202300006528;155 668 965;1;0;2;7;15;5
202300006529;155 668 958;7;2;0;3;13;1
202300006530;155 668 957;7;15;0;1;14;1
202300006531;155 668 956;7;0;2;1;13;1
202300006531;155 668 959;7;0;2;3;1;1
202300006532;155 668 953;7;0;1;1;1;1
202300006533;155 668 952;33;12;0;8;1;1
202300006534;155 668 950;7;0;0;6;23;1
202300006534;155 668 954;7;0;0;2;11;1
202300006535;155 668 951;7;0;2;9;17;1
202300006535;155 668 955;10;0;2;4;2;1
202300006536;155 668 946;33;15;0;1;26;1
202300006537;155 668 944;7;0;2;1;2;1
202300006537;155 668 948;30;0;0;4;2;1
202300006538;155 668 949;7;2;0;9;1;1
202300006539;155 668 945;7;0;2;2;1;1
202300006539;155 668 947;7;0;0;0;0;0
202300006540;155 668 938;7;0;2;3;5;1
202300006540;155 668 942;7;0;2;3;1;1
202300006541;155 668 939;50;0;2;8;1;3
202300006541;155 668 943;7;0;2;3;15;1
202300006542;155 668 935;30;0;0;0;1;1
202300006543;155 668 933;7;0;2;1;2;2
202300006543;155 668 934;10;0;2;4;2;1
202300006544;155 668 932;7;0;2;4;2;1
202300006544;155 668 937;7;0;2;4;2;1
202300006544;155 668 940;7;0;2;1;2;1
202300006545;155 668 928;33;0;2;0;0;1
202300006545;155 668 930;33;0;2;0;0;1
202300006546;155 668 927;50;0;2;1;19;3
202300006546;155 668 929;7;0;2;3;1;1
202300006547;155 668 931;14;0;2;4;2;1
202300006547;155 668 941;10;0;2;1;2;1
202300006548;155 668 924;7;0;2;5;1;1
202300006548;155 668 926;7;0;2;2;1;0
202300006549;155 668 921;7;0;2;2;1;2
202300006549;155 668 925;1;0;2;2;1;5
202300006550;155 668 920;7;0;2;3;13;1
202300006550;155 668 923;7;0;2;6;17;1
202300006551;155 668 922;7;0;2;3;1;1
202300006551;155 668 936;7;0;2;1;1;1
202300006552;155 668 919;7;0;1;1;1;3
202300006553;155 668 915;7;0;2;4;1;1
202300006553;155 668 918;10;0;2;1;2;1
202300006554;155 668 914;10;0;2;1;1;1
202300006554;155 668 917;7;0;2;9;1;1
202300006555;155 668 911;7;0;2;3;1;1
202300006555;155 668 913;7;0;2;2;15;1
202300006556;155 668 908;2;0;0;8;1;1
202300006557;155 668 907;7;0;2;2;19;0
202300006557;155 668 909;33;0;2;1;1;1
202300006558;155 668 912;7;0;2;2;12;1
202300006558;155 668 916;34;0;2;8;1;1
202300006559;155 668 905;2;0;2;1;13;1
202300006559;155 668 906;7;0;2;3;0;1
202300006560;155 668 904;7;0;1;1;1;1
202300006561;155 668 902;1;0;1;1;1;5
202300006562;155 668 901;7;0;2;1;19;1
202300006562;155 668 903;1;0;0;8;0;5
202300006563;155 668 900;7;10;0;1;13;1
202300006564;155 668 898;7;0;1;1;1;1
202300006565;155 668 897;7;0;2;1;13;1
202300006565;155 668 899;7;0;2;1;1;1
202300006565;155 668 910;7;13;0;0;14;0
202300006566;155 668 892;1;0;2;1;1;5
202300006566;155 668 895;7;0;9;1;1;0
202300006567;155 668 891;33;0;2;2;17;1
202300006567;155 668 894;7;0;2;3;11;1
202300006568;155 668 893;10;0;2;2;16;1
202300006568;155 668 896;1;0;2;1;16;5
202300006569;155 668 890;7;2;0;8;0;0
202300006570;155 668 888;7;3;2;6;2;1
202300006570;155 668 889;7;0;2;1;2;1
202300006571;155 668 885;7;2;0;9;26;1
202300006572;155 668 883;10;0;2;8;1;1
202300006572;155 668 887;1;0;2;1;1;5
202300006573;155 668 884;7;0;1;4;1;1
202300006574;155 668 882;7;0;2;8;15;
202300006574;155 668 886;7;0;2;2;1;1
202300006575;155 668 874;30;0;2;1;1;3
202300006575;155 668 879;7;0;2;4;1;3
202300006576;155 668 875;14;0;2;2;2;1
202300006576;155 668 880;7;0;2;2;14;1
202300006576;155 668 881;7;0;2;6;1;3
202300006577;155 668 873;10;0;2;5;4;1
202300006577;155 668 878;33;0;2;1;1;1
202300006578;155 668 872;7;0;2;1;2;1
202300006578;155 668 877;7;0;2;4;2;1
202300006579;155 668 871;7;0;2;2;1;1
202300006579;155 668 876;10;0;2;8;13;1
202300006580;155 668 864;7;0;2;5;9;1
202300006580;155 668 870;50;0;2;1;1;3
202300006581;155 668 865;50;0;1;1;1;3
202300006582;155 668 863;7;0;2;2;14;1
202300006582;155 668 867;15;0;2;8;1;1
202300006582;155 668 869;7;0;2;8;1;1
202300006583;155 668 860;10;0;1;4;20;3
202300006584;155 668 859;10;0;2;2;14;1
202300006584;155 668 861;32;0;2;3;0;1
202300006585;155 668 855;34;0;0;7;3;3
202300006586;155 668 854;7;0;2;2;1;1
202300006586;155 668 856;7;0;2;8;1;1
202300006586;155 668 857;7;0;2;1;1;1
202300006586;155 668 858;7;0;2;4;1;1
202300006586;155 668 862;10;0;2;7;1;1
202300006587;155 668 868;7;13;0;3;0;1
202300006588;155 668 866;7;0;1;3;15;1
202300006589;155 668 849;33;0;2;6;11;1
202300006589;155 668 851;7;0;2;1;3;1
202300006590;155 668 847;33;6;0;1;1;1
202300006591;155 668 846;7;0;2;3;2;1
202300006591;155 668 848;33;0;2;5;2;1
202300006592;155 668 852;7;0;2;0;15;2
202300006592;155 668 853;32;0;2;0;21;0
202300006593;155 668 845;7;7;0;1;1;1
202300006594;155 668 844;7;13;0;1;1;1
202300006595;155 668 840;7;0;2;3;23;1
202300006595;155 668 842;7;0;2;4;4;1
202300006596;155 668 837;36;0;0;0;0;1
202300006597;155 668 838;99;0;2;3;11;1
202300006597;155 668 839;7;0;2;5;1;1
202300006597;155 668 841;33;0;2;2;3;1
202300006598;155 668 843;7;0;2;4;1;1
202300006598;155 668 850;10;0;2;1;1;1
202300006599;155 668 832;7;0;2;2;5;1
202300006599;155 668 834;33;0;2;1;1;1
202300006600;155 668 830;7;1;0;8;26;1
202300006600;155 668 835;7;1;0;1;26;1
202300006601;155 668 827;7;0;2;1;2;1
202300006601;155 668 829;7;0;2;4;2;1
202300006601;155 668 831;7;0;2;4;2;1
202300006601;155 668 833;7;0;2;0;0;0
202300006602;155 668 826;7;0;1;3;1;1
202300006603;155 668 824;7;7;6;1;1;2
202300006604;155 668 819;10;0;2;4;2;1
202300006604;155 668 821;7;0;2;4;2;1
202300006604;155 668 823;7;0;2;4;2;1
202300006604;155 668 825;7;0;2;1;0;1
202300006605;155 668 828;14;0;2;1;1;1
202300006605;155 668 836;60;0;2;7;19;5
202300006606;155 668 818;30;0;2;1;2;0
202300006606;155 668 820;7;0;2;3;26;0
202300006607;155 668 816;7;3;0;9;2;1
202300006608;155 668 814;7;0;2;8;1;1
202300006608;155 668 815;15;0;2;2;12;1
202300006609;155 668 811;7;0;2;1;1;1
202300006609;155 668 813;1;0;2;1;1;5
202300006610;155 668 812;2;12;0;1;1;1
202300006611;155 668 817;1;0;2;8;1;5
202300006611;155 668 822;7;0;2;7;16;1
202300006612;155 668 809;33;0;2;8;1;1
202300006612;155 668 810;7;0;2;7;12;1
202300006613;155 668 808;1;0;0;;1;5
202300006614;155 668 807;32;12;0;0;13;1
202300006615;155 668 800;7;0;2;2;1;1
202300006615;155 668 803;7;0;2;1;1;1
202300006615;155 668 805;15;0;2;6;2;1
202300006616;155 668 802;7;0;2;1;15;1
202300006616;155 668 806;34;0;2;8;1;1
202300006617;155 668 799;50;0;2;3;1;3
202300006617;155 668 804;7;0;2;1;9;1
202300006618;155 668 798;7;0;1;8;8;2
202300006619;155 668 792;2;0;2;1;5;1
202300006619;155 668 797;36;0;0;8;26;1
202300006620;155 668 793;7;0;2;4;1;1
202300006620;155 668 796;43;0;2;1;1;1
202300006621;155 668 790;7;0;2;1;1;3
202300006621;155 668 794;31;0;2;5;16;1
202300006622;155 668 789;50;0;1;2;1;3
202300006623;155 668 784;7;0;1;2;1;1
202300006624;155 668 785;7;0;0;0;20;1
202300006624;155 668 788;35;0;0;0;1;1
202300006625;155 668 781;7;0;0;0;0;1
202300006625;155 668 787;7;0;0;0;0;1
202300006626;155 668 780;1;0;2;1;1;5
202300006626;155 668 783;1;0;2;4;16;5
202300006627;155 668 778;1;12;0;7;26;5
202300006628;155 668 777;7;0;2;1;3;1
202300006628;155 668 779;32;0;2;1;1;1
202300006629;155 668 775;32;0;1;1;1;1
202300006630;155 668 772;7;0;1;4;4;1
202300006631;155 668 770;2;0;2;2;15;1
202300006631;155 668 773;10;0;2;3;1;0
202300006632;155 668 767;7;0;1;2;19;1
202300006633;155 668 769;7;2;0;1;1;1
202300006634;155 668 764;37;0;1;1;1;6
202300006635;155 668 762;7;0;2;1;9;1
202300006635;155 668 765;50;0;2;7;1;3
202300006636;155 668 763;7;0;1;4;4;1
202300006637;155 668 756;7;0;2;2;2;0
202300006637;155 668 759;7;0;2;6;2;0
202300006637;155 668 760;33;0;2;3;2;1
202300006638;155 668 753;7;0;2;3;15;1
202300006638;155 668 757;1;0;2;0;19;5
202300006639;155 668 761;33;14;1;2;19;6
202300006640;155 668 751;7;0;1;5;1;1
202300006641;155 668 749;33;0;2;3;1;1
202300006641;155 668 752;7;0;2;2;15;1
202300006642;155 668 755;7;6;0;3;1;1
202300006643;155 668 748;7;0;9;3;9;1