Num_Acc;id_vehicule;categorie_vehicule;obstacle_fixe;obstacle_mobile;point_choc_initial;manoeuvre_principale;motorisation
202300006643;155 668 750;80;0;2;1;0;3
202300006644;155 668 745;7;3;0;3;12;1
202300006645;155 668 743;7;0;2;1;2;1
202300006645;155 668 747;7;0;2;4;2;1
202300006646;155 668 741;7;15;0;1;16;1
202300006647;155 668 742;7;0;2;4;23;1
202300006647;155 668 746;7;0;2;1;1;1
202300006648;155 668 738;7;0;2;1;1;1
202300006648;155 668 739;2;0;2;6;2;1
202300006649;155 668 737;10;0;1;2;1;1
202300006650;155 668 734;10;0;2;1;6;0
202300006650;155 668 736;7;0;0;7;1;1
202300006651;155 668 732;7;0;2;4;9;1
202300006651;155 668 735;7;0;2;1;0;1
202300006652;155 668 729;1;0;9;7;19;5
202300006652;155 668 731;7;0;9;1;1;1
202300006653;155 668 730;80;0;2;8;1;3
202300006653;155 668 733;7;0;2;7;16;0
202300006654;155 668 740;7;0;2;2;1;1
202300006654;155 668 744;1;0;0;4;1;5
202300006655;155 668 727;7;0;0;6;15;1
202300006655;155 668 728;33;0;2;1;17;1
202300006656;155 668 725;10;0;2;1;1;0
202300006656;155 668 726;7;0;0;4;1;0
202300006657;155 668 720;14;0;1;2;20;1
202300006658;155 668 721;7;0;2;1;1;1
202300006658;155 668 724;1;0;2;2;15;5
202300006659;155 668 718;33;1;0;9;18;1
202300006659;155 668 719;10;0;2;5;24;1
202300006660;155 668 713;7;13;0;1;13;1
202300006661;155 668 716;33;0;2;2;17;1
202300006661;155 668 723;7;0;2;3;15;2
202300006662;155 668 712;7;0;2;8;22;1
202300006662;155 668 715;80;1;0;1;1;3
202300006663;155 668 710;7;0;2;0;0;0
202300006663;155 668 717;7;0;2;7;18;1
202300006664;155 668 711;15;0;2;2;12;1
202300006664;155 668 722;7;0;2;6;1;1
202300006665;155 668 709;7;0;2;2;16;1
202300006665;155 668 714;80;0;2;8;1;3
202300006666;155 668 705;34;0;2;1;2;1
202300006666;155 668 708;7;0;2;6;15;1
202300006667;155 668 703;7;0;1;5;26;1
202300006668;155 668 702;10;0;2;7;22;1
202300006668;155 668 706;1;1;0;1;1;5
202300006669;155 668 699;7;0;1;2;0;2
202300006670;155 668 698;60;0;2;1;1;5
202300006670;155 668 701;7;0;2;1;15;1
202300006670;155 668 704;50;0;2;1;1;3
202300006671;155 668 695;7;0;0;0;0;0
202300006671;155 668 697;33;0;2;0;0;0
202300006672;155 668 696;34;2;0;2;17;1
202300006673;155 668 694;7;0;1;1;1;1
202300006674;155 668 690;7;0;2;3;1;1
202300006674;155 668 693;2;0;2;1;1;1
202300006675;155 668 685;1;0;2;1;1;5
202300006675;155 668 687;7;0;2;7;16;1
202300006676;155 668 686;2;16;0;3;1;1
202300006677;155 668 684;1;0;2;1;16;5
202300006677;155 668 689;7;0;2;1;13;1
202300006678;155 668 683;7;0;2;2;2;1
202300006678;155 668 691;10;0;2;3;15;1
202300006679;155 668 681;7;0;2;4;23;1
202300006679;155 668 688;7;0;2;1;1;0
202300006680;155 668 682;7;0;1;2;16;1
202300006681;155 668 676;1;0;1;0;15;5
202300006682;155 668 678;33;13;0;1;1;0
202300006683;155 668 679;7;0;1;4;4;1
202300006684;155 668 675;7;0;2;1;26;1
202300006684;155 668 677;7;0;2;3;23;1
202300006685;155 668 673;7;0;2;1;26;1
202300006685;155 668 674;33;0;2;0;1;1
202300006686;155 668 671;7;16;0;9;14;1
202300006687;155 668 670;50;0;2;8;19;3
202300006688;155 668 672;7;7;2;7;5;1
202300006688;155 668 680;7;7;2;1;15;1
202300006689;155 668 669;7;0;0;0;26;1
202300006690;155 668 666;7;0;2;5;15;1
202300006690;155 668 668;7;0;2;2;1;1
202300006691;155 668 664;7;15;0;1;1;1
202300006692;155 668 662;60;0;2;7;19;5
202300006692;155 668 665;7;0;2;1;1;1
202300006693;155 668 659;7;0;2;2;11;1
202300006693;155 668 663;32;0;2;1;1;1
202300006694;155 668 660;31;0;0;0;0;0
202300006694;155 668 667;7;0;0;0;0;1
202300006695;155 668 658;33;0;2;1;1;1
202300006695;155 668 661;7;0;2;5;10;1
202300006696;155 668 657;7;1;0;1;1;4
202300006697;155 668 655;50;0;1;1;5;3
202300006698;155 668 654;7;8;0;1;1;1
202300006699;155 668 653;7;11;2;1;6;1
202300006699;155 668 656;7;0;2;1;1;1
202300006700;155 668 650;7;0;1;3;1;1
202300006701;155 668 649;30;0;2;1;1;1
202300006701;155 668 652;7;0;2;1;15;1
202300006702;155 668 647;7;0;2;3;10;1
202300006702;155 668 651;30;0;2;1;1;1
202300006703;155 668 645;7;0;2;4;26;1
202300006703;155 668 648;2;0;2;1;26;3
202300006704;155 668 644;7;2;0;6;1;1
202300006705;155 668 642;37;0;1;0;1;0
202300006706;155 668 639;7;0;0;4;23;1
202300006706;155 668 641;15;0;2;1;2;1
202300006707;155 668 640;7;0;1;1;1;1
202300006708;155 668 637;33;0;0;7;0;1
202300006709;155 668 635;7;0;2;5;1;0
202300006709;155 668 638;7;0;0;5;1;0
202300006710;155 668 634;7;0;1;1;2;1
202300006711;155 668 636;7;0;2;7;15;1
202300006711;155 668 643;7;0;2;1;1;1
202300006712;155 668 630;7;1;2;1;13;1
202300006713;155 668 629;7;0;1;4;20;1
202300006714;155 668 628;7;6;0;2;14;1
202300006715;155 668 626;80;0;2;8;2;3
202300006715;155 668 627;7;0;2;1;1;1
202300006716;155 668 624;7;1;0;3;26;1
202300006717;155 668 622;7;0;2;2;14;1
202300006717;155 668 625;15;0;2;6;1;1
202300006718;155 668 620;13;0;2;5;19;0
202300006718;155 668 623;2;0;2;1;1;0
202300006719;155 668 616;1;0;2;1;1;5
202300006719;155 668 619;7;0;0;2;1;1
202300006720;155 668 615;30;0;0;0;15;1
202300006721;155 668 613;7;0;0;1;14;1
202300006721;155 668 618;7;3;2;1;0;1
202300006721;155 668 621;7;0;2;1;0;1
202300006722;155 668 614;50;0;0;1;23;3
202300006722;155 668 617;7;0;0;1;13;6
202300006723;155 668 612;1;0;0;0;;5
202300006724;155 668 609;2;0;2;7;0;1
202300006724;155 668 611;7;0;2;0;0;1
202300006725;155 668 607;1;0;0;0;0;5
202300006726;155 668 608;1;12;0;0;25;5
202300006727;155 668 605;33;0;2;1;18;1
202300006727;155 668 610;7;0;2;2;16;1
202300006728;155 668 604;7;8;0;1;13;1
202300006729;155 668 603;1;0;2;4;2;5
202300006729;155 668 606;7;0;2;2;2;0
202300006730;155 668 601;1;0;0;0;0;5
202300006731;155 668 599;30;0;2;0;12;1
202300006732;155 668 598;43;0;2;8;1;1
202300006732;155 668 602;1;0;2;8;19;5
202300006733;155 668 596;7;0;1;1;1;1
202300006734;155 668 597;7;2;6;1;1;1
202300006735;155 668 595;1;0;2;1;1;5
202300006735;155 668 600;10;0;2;3;1;1
202300006736;155 668 591;13;0;2;3;1;0
202300006736;155 668 593;7;0;2;2;1;0
202300006737;155 668 586;7;0;2;3;15;1
202300006737;155 668 592;7;0;2;6;15;1
202300006738;155 668 585;34;0;2;7;2;1
202300006738;155 668 589;7;0;2;8;2;1
202300006739;155 668 584;10;0;2;1;2;1
202300006739;155 668 588;7;0;2;4;2;1
202300006740;155 668 580;7;12;0;2;1;1
202300006741;155 668 578;7;0;2;2;16;1
202300006741;155 668 581;34;0;2;3;7;1
202300006742;155 668 579;33;3;2;8;2;1
202300006743;155 668 572;2;0;2;8;15;1
202300006743;155 668 575;16;0;2;7;17;1
202300006744;155 668 567;10;0;2;1;19;1
202300006744;155 668 573;50;0;2;8;1;3
202300006745;155 668 569;7;0;2;3;15;1
202300006745;155 668 576;2;0;2;1;0;1
202300006746;155 668 566;60;0;2;0;0;5
202300006746;155 668 571;1;0;2;1;15;5
202300006747;155 668 559;7;0;0;6;2;0
202300006747;155 668 564;7;0;2;2;2;0
202300006748;155 668 561;7;0;2;1;1;1
202300006748;155 668 565;7;0;2;6;2;1
202300006748;155 668 568;7;0;2;5;2;1
202300006749;155 668 558;7;0;2;3;1;1
202300006749;155 668 563;3;0;2;3;1;1
202300006750;155 668 557;7;3;0;2;14;1
202300006751;155 668 556;7;0;2;8;9;1
202300006751;155 668 560;37;0;2;2;0;1
202300006752;155 668 554;7;4;0;8;0;1
202300006753;155 668 552;30;9;0;1;26;1
202300006754;155 668 550;7;0;2;1;2;1
202300006754;155 668 555;7;0;0;9;2;1
202300006755;155 668 549;7;8;0;1;1;1
202300006756;155 668 548;33;0;2;0;1;1
202300006757;155 668 546;15;0;2;2;12;1
202300006757;155 668 551;7;0;2;6;1;2
202300006758;155 668 544;7;0;2;3;1;1
202300006758;155 668 547;34;0;2;3;1;1
202300006759;155 668 542;7;0;2;3;19;1
202300006759;155 668 545;37;0;2;3;15;1
202300006760;155 668 540;7;0;2;2;2;1
202300006760;155 668 543;7;0;2;4;1;1
202300006761;155 668 539;33;0;2;2;1;1
202300006761;155 668 541;7;0;2;1;9;1
202300006762;155 668 537;34;9;0;1;1;1
202300006763;155 668 536;31;0;0;0;1;1
202300006764;155 668 535;7;0;2;2;12;1
202300006764;155 668 538;33;0;2;8;3;1
202300006765;155 668 530;7;0;2;3;16;1
202300006765;155 668 533;32;0;2;1;17;1
202300006766;155 668 531;99;0;2;1;1;3
202300006766;155 668 534;1;0;2;0;23;5
202300006767;155 668 529;30;0;1;1;24;1
202300006768;155 668 528;7;0;2;2;9;1
202300006768;155 668 532;33;0;2;2;1;1
202300006769;155 668 527;7;2;0;2;1;1
202300006770;155 668 522;7;0;2;1;9;0
202300006770;155 668 526;7;0;2;4;1;1
202300006771;155 668 519;7;0;2;1;2;0
202300006771;155 668 524;1;0;2;1;5;5
202300006772;155 668 521;1;0;2;8;1;5
202300006772;155 668 525;14;0;2;7;16;1
202300006773;155 668 518;1;0;2;1;2;5
202300006773;155 668 523;7;0;2;6;2;1
202300006774;155 668 516;7;0;2;8;15;1
202300006774;155 668 520;33;0;2;1;17;1
202300006775;155 668 515;7;0;2;8;19;1
202300006775;155 668 517;33;0;2;1;1;1
202300006776;155 668 512;7;12;1;3;26;6
202300006777;155 668 510;7;0;2;1;1;1
202300006777;155 668 513;10;0;2;1;1;1
202300006778;155 668 506;2;0;2;8;15;1
202300006778;155 668 511;7;0;2;1;1;1
202300006779;155 668 504;7;0;2;3;12;1
202300006779;155 668 508;7;0;2;2;1;1
202300006779;155 668 514;7;0;2;6;0;1
202300006780;155 668 502;32;0;2;1;1;1
202300006780;155 668 505;50;0;2;1;5;3
202300006781;155 668 500;7;0;2;1;2;1
202300006781;155 668 503;33;0;2;4;9;1
202300006782;155 668 499;37;0;2;0;21;6
202300006782;155 668 509;50;0;0;0;19;3
202300006783;155 668 501;14;2;0;3;0;1
202300006784;155 668 498;33;0;0;0;1;1
202300006785;155 668 494;10;0;2;5;23;1
202300006785;155 668 496;31;0;2;1;1;1
202300006786;155 668 495;7;0;2;4;1;1
202300006786;155 668 497;7;0;2;1;1;1
202300006787;155 668 493;21;0;1;1;26;1
202300006788;155 668 492;30;11;0;6;26;1
202300006789;155 668 491;33;0;1;1;1;1
202300006790;155 668 490;14;6;0;1;26;1
202300006791;155 668 489;10;8;1;5;4;1
202300006792;155 668 486;7;6;1;1;16;2
202300006793;155 668 487;10;0;2;2;1;1
202300006793;155 668 488;1;0;2;1;5;5
202300006794;155 668 483;7;10;0;1;1;1
202300006795;155 668 481;7;0;0;8;1;1
202300006795;155 668 485;7;0;0;0;0;1
202300006796;155 668 479;7;0;2;1;1;1
202300006796;155 668 482;34;0;2;2;9;1
202300006797;155 668 477;7;0;2;1;15;0
202300006797;155 668 480;7;0;2;1;1;1
202300006797;155 668 484;7;0;2;3;23;1
202300006798;155 668 475;10;0;2;3;1;1
202300006798;155 668 478;33;0;2;4;1;1
202300006799;155 668 476;7;0;1;3;2;1
202300006800;155 668 472;31;12;0;1;17;1
202300006801;155 668 471;7;14;0;5;1;1
202300006801;155 668 474;7;0;2;3;1;1
202300006802;155 668 468;7;6;0;1;1;6
202300006803;155 668 467;33;0;2;7;1;1
202300006803;155 668 470;7;0;2;8;11;1
202300006803;155 668 473;7;0;2;4;1;1
202300006804;155 668 465;7;0;2;2;2;1
202300006804;155 668 469;7;0;2;1;1;1
202300006805;155 668 461;7;0;2;2;1;1
202300006805;155 668 463;1;0;2;1;5;5
202300006806;155 668 457;34;0;2;1;26;1
202300006806;155 668 462;7;0;2;4;1;1
202300006806;155 668 464;7;0;2;2;1;1
202300006807;155 668 459;7;0;2;1;9;6
202300006807;155 668 466;1;0;2;4;1;5
202300006808;155 668 455;7;0;2;3;2;1
202300006808;155 668 460;7;0;2;5;2;1
202300006809;155 668 456;1;13;0;7;0;5
202300006810;155 668 454;34;0;2;8;13;1
202300006810;155 668 458;37;0;2;2;1;1
202300006811;155 668 450;2;12;0;1;1;1
202300006812;155 668 449;7;0;1;3;15;1
202300006813;155 668 451;7;0;1;1;26;1
202300006814;155 668 448;34;0;2;7;17;1
202300006814;155 668 452;7;0;2;8;10;1
202300006815;155 668 445;7;13;0;0;0;1
202300006816;155 668 444;30;0;2;1;13;2
202300006816;155 668 447;33;0;2;3;1;1
202300006817;155 668 439;7;6;0;1;16;1
202300006818;155 668 438;13;0;2;1;1;1
202300006818;155 668 443;7;0;2;4;15;1
202300006819;155 668 434;7;13;0;0;0;1
202300006819;155 668 440;33;0;2;7;17;1
202300006820;155 668 431;7;0;0;9;1;1
202300006821;155 668 430;7;0;1;1;25;1
202300006822;155 668 429;33;3;0;9;17;1
202300006823;155 668 428;34;0;2;1;17;1
202300006823;155 668 433;7;0;2;3;9;1
202300006824;155 668 422;7;0;2;2;1;1
202300006824;155 668 426;30;0;2;3;19;1
202300006825;155 668 421;7;0;0;3;1;1
202300006825;155 668 424;7;0;2;3;5;1
202300006826;155 668 420;32;0;2;1;3;1
202300006826;155 668 423;7;0;2;5;1;1
202300006827;155 668 419;33;12;0;8;1;1
202300006828;155 668 417;7;0;1;3;2;1
202300006829;155 668 418;10;0;2;6;23;1
202300006829;155 668 425;10;0;2;3;0;1
202300006829;155 668 427;10;0;2;4;23;1
202300006829;155 668 432;7;0;2;1;2;1
202300006829;155 668 436;7;0;2;4;23;1
202300006829;155 668 441;7;0;2;4;0;1
202300006829;155 668 442;7;0;2;4;0;1
202300006830;155 668 411;10;0;2;5;1;1
202300006830;155 668 415;31;0;2;1;3;1
202300006831;155 668 413;7;0;2;1;2;1
202300006831;155 668 416;7;0;2;4;2;0
202300006832;155 668 410;7;0;2;3;11;1
202300006832;155 668 414;31;0;2;2;1;1
202300006833;155 668 409;33;0;2;2;1;1
202300006833;155 668 412;33;0;2;1;1;1
202300006834;155 668 405;7;16;0;9;14;1
202300006835;155 668 404;7;0;2;8;1;1
202300006835;155 668 408;30;0;2;1;26;1
202300006836;155 668 402;10;0;2;4;1;1
202300006836;155 668 407;7;3;2;1;1;1
202300006837;155 668 403;1;0;0;4;2;5
202300006837;155 668 406;50;0;0;4;2;3
202300006838;155 668 401;2;0;0;0;0;1
202300006839;155 668 398;7;0;2;1;13;1
202300006839;155 668 400;10;0;2;2;1;1
202300006840;155 668 397;50;0;0;0;26;3
202300006841;155 668 396;30;0;0;0;1;1
202300006842;155 668 393;7;8;0;1;0;1
202300006843;155 668 392;7;0;2;3;1;2
202300006843;155 668 395;50;0;2;2;15;3
202300006844;155 668 391;1;0;2;0;2;5
202300006844;155 668 394;7;0;9;0;2;
202300006845;155 668 389;7;13;0;0;1;1
202300006846;155 668 388;7;7;0;2;14;0
202300006847;155 668 387;30;0;0;0;1;1
202300006848;155 668 384;7;3;0;4;10;1
202300006849;155 668 386;7;0;2;8;1;1
202300006849;155 668 390;50;0;2;1;26;3
202300006850;155 668 383;1;0;2;1;26;5
202300006850;155 668 385;7;0;2;4;26;1
202300006851;155 668 382;10;0;1;1;9;1
202300006852;155 668 381;50;0;1;1;1;3
202300006853;155 668 379;2;0;1;1;1;0
202300006854;155 668 376;7;0;2;8;1;1
202300006854;155 668 378;7;13;2;1;1;1
202300006855;155 668 375;7;0;2;2;16;1
202300006855;155 668 380;50;0;2;8;1;3
202300006856;155 668 374;7;0;2;7;1;1
202300006856;155 668 377;7;0;2;6;9;1
202300006857;155 668 370;31;0;1;1;7;1
202300006858;155 668 368;33;0;2;1;2;1
202300006858;155 668 373;7;0;0;3;15;1
202300006859;155 668 366;7;0;2;3;15;1
202300006859;155 668 371;2;0;2;1;1;1
202300006860;155 668 365;30;0;2;1;2;1
202300006860;155 668 367;7;0;2;4;2;1
202300006861;155 668 364;1;0;2;7;2;5
202300006861;155 668 369;7;0;2;1;2;3
202300006862;155 668 356;37;0;2;3;0;0
202300006862;155 668 360;7;0;2;4;0;1
202300006862;155 668 363;7;0;2;4;0;1
202300006863;155 668 357;7;0;2;8;10;1
202300006863;155 668 361;31;0;2;1;1;0
202300006864;155 668 355;33;1;0;1;1;1
202300006864;155 668 359;7;0;2;8;22;1
202300006864;155 668 362;38;0;2;5;1;1
202300006865;155 668 354;7;0;0;1;13;1
202300006866;155 668 353;7;0;2;3;9;1
202300006866;155 668 358;2;0;2;2;1;1
202300006867;155 668 351;7;0;0;2;1;1
202300006868;155 668 350;7;0;2;3;1;1
202300006868;155 668 352;60;0;2;1;1;5
202300006869;155 668 347;32;0;9;0;1;1
202300006870;155 668 346;7;0;2;2;15;3
202300006870;155 668 349;1;0;2;1;1;5
202300006871;155 668 345;7;0;1;2;0;1
202300006872;155 668 344;7;0;2;8;19;1
202300006872;155 668 348;7;0;2;1;1;1
202300006873;155 668 339;7;0;0;4;2;1
202300006873;155 668 342;7;0;2;1;2;1
202300006874;155 668 335;7;0;2;1;1;2
202300006874;155 668 341;1;0;2;4;1;5
202300006875;155 668 334;7;0;2;3;1;1
202300006875;155 668 337;7;0;2;3;23;1
202300006876;155 668 333;17;0;0;3;1;1
202300006876;155 668 336;10;0;0;3;13;1
202300006877;155 668 332;7;0;1;3;15;1
202300006878;155 668 331;7;0;1;1;2;1
202300006879;155 668 329;30;1;0;1;21;1
202300006880;155 668 326;7;0;2;1;1;1
202300006880;155 668 330;7;0;2;2;15;1
202300006881;155 668 321;33;0;2;7;17;1
202300006881;155 668 324;7;0;2;8;13;1
202300006882;155 668 320;7;0;2;3;15;1
202300006882;155 668 322;33;0;2;1;17;1
202300006883;155 668 325;2;0;2;4;15;1
202300006883;155 668 328;2;0;2;1;17;1
202300006884;155 668 323;7;0;2;3;17;1
202300006884;155 668 327;7;0;2;3;15;1
202300006885;155 668 318;7;0;2;1;15;1
202300006885;155 668 319;31;0;2;8;1;1
202300006886;155 668 312;7;0;2;3;9;2
202300006886;155 668 317;2;0;2;1;3;1
202300006887;155 668 309;32;0;2;2;17;1
202300006887;155 668 316;7;0;2;8;1;1
202300006888;155 668 313;7;0;2;1;2;1
202300006888;155 668 315;7;0;2;4;2;1
202300006889;155 668 308;7;0;2;2;1;1
202300006889;155 668 314;1;0;2;3;15;5
202300006890;155 668 303;7;0;2;1;1;1
202300006890;155 668 307;7;0;2;4;23;1
202300006890;155 668 310;32;0;2;4;23;1
202300006891;155 668 300;1;0;2;4;16;5
202300006891;155 668 304;10;0;9;1;26;0
202300006892;155 668 301;7;0;2;3;5;0
202300006892;155 668 305;7;0;2;3;1;0
202300006892;155 668 311;7;0;2;3;1;0
202300006893;155 668 298;34;0;2;1;13;1
202300006893;155 668 302;7;0;2;1;1;1
202300006893;155 668 306;7;0;2;6;1;1
202300006894;155 668 295;33;0;2;2;16;1
202300006894;155 668 299;7;0;2;2;1;1
202300006895;155 668 294;7;0;2;3;22;3
202300006895;155 668 296;50;0;2;7;21;3
202300006896;155 668 292;30;6;2;1;14;1
202300006896;155 668 297;30;0;2;0;1;1
202300006897;155 668 291;7;0;0;1;1;1
202300006898;155 668 289;10;0;1;2;1;1
202300006899;155 668 290;7;0;0;3;15;1
202300006899;155 668 293;33;0;2;1;17;1
202300006900;155 668 287;37;0;0;2;1;1
202300006900;155 668 288;7;0;2;1;26;1
202300006901;155 668 284;7;0;2;2;16;2
202300006901;155 668 286;50;0;2;3;1;3
202300006902;155 668 279;7;0;2;3;16;1
202300006902;155 668 282;33;0;2;2;3;1
202300006903;155 668 280;7;0;2;2;1;1
202300006903;155 668 283;7;0;2;1;19;1
202300006904;155 668 275;7;0;1;2;1;1
202300006905;155 668 281;1;0;2;2;15;5
202300006905;155 668 285;1;0;2;1;1;5
202300006906;155 668 278;10;0;1;3;1;0
202300006907;155 668 273;7;17;0;1;1;1
202300006908;155 668 272;7;0;2;4;23;2
202300006908;155 668 274;1;1;0;1;1;5
202300006909;155 668 271;7;0;2;2;15;0
202300006909;155 668 276;33;0;2;1;1;0
202300006910;155 668 270;7;15;0;2;14;1
202300006911;155 668 268;33;0;0;8;15;1
202300006912;155 668 267;32;0;0;0;1;1
202300006913;155 668 266;7;0;2;3;22;1
202300006913;155 668 269;80;0;2;5;1;3
202300006914;155 668 264;10;0;1;4;26;1
202300006915;155 668 265;1;0;1;0;10;5
202300006916;155 668 263;99;0;1;0;0;0
202300006917;155 668 259;7;0;0;0;0;1
202300006917;155 668 262;7;0;0;0;0;1
202300006918;155 668 258;50;0;2;1;3;3
202300006918;155 668 261;10;0;2;3;23;1
202300006919;155 668 255;2;0;2;4;2;1
202300006919;155 668 256;7;0;2;1;0;0
202300006920;155 668 253;7;1;0;0;21;0
202300006921;155 668 254;1;0;2;7;19;5
202300006921;155 668 257;30;0;2;1;1;0
202300006922;155 668 251;10;0;2;4;11;1
202300006922;155 668 252;33;0;2;1;1;1
202300006923;155 668 249;7;7;0;3;13;1
202300006924;155 668 247;15;0;2;6;1;1
202300006924;155 668 250;7;0;2;2;14;1
202300006924;155 668 260;10;14;0;1;1;1
202300006925;155 668 246;31;6;0;1;0;1
202300006926;155 668 245;37;0;1;2;1;1
202300006927;155 668 242;7;0;2;1;1;2
202300006927;155 668 248;7;0;2;6;1;3
202300006928;155 668 241;33;0;2;3;1;0
202300006928;155 668 244;7;0;2;5;12;1
202300006929;155 668 240;33;0;2;7;1;1
202300006929;155 668 243;7;0;2;6;11;1
202300006930;155 668 238;15;0;0;6;1;1
202300006930;155 668 239;31;0;2;0;17;1
202300006931;155 668 235;7;13;0;9;1;1
202300006932;155 668 231;33;0;1;2;3;1
202300006933;155 668 232;7;0;2;1;1;2
202300006933;155 668 237;37;0;2;4;23;1
202300006934;155 668 230;2;0;2;6;18;1
202300006934;155 668 236;7;0;2;2;16;1
202300006935;155 668 227;7;0;2;1;1;1
202300006935;155 668 229;33;0;2;1;13;1
202300006936;155 668 224;32;0;2;8;3;1
202300006936;155 668 225;7;0;2;0;12;0
202300006937;155 668 219;1;0;2;1;1;5
202300006937;155 668 223;10;1;2;3;24;0
202300006938;155 668 220;50;0;2;1;1;3
202300006938;155 668 222;7;0;2;3;1;1
202300006939;155 668 215;2;0;2;1;13;1
202300006939;155 668 217;7;0;2;3;1;1
202300006940;155 668 214;7;0;2;5;1;1
202300006940;155 668 221;30;0;2;1;1;1
202300006941;155 668 216;30;0;2;1;1;1
202300006941;155 668 218;10;0;2;1;15;1
202300006942;155 668 212;7;0;2;1;2;1
202300006942;155 668 213;14;0;2;4;2;1
202300006943;155 668 206;7;0;2;3;1;1
202300006943;155 668 209;33;0;2;8;23;1
202300006944;155 668 207;7;0;2;2;1;1
202300006944;155 668 211;33;0;2;3;16;1
202300006945;155 668 205;7;2;0;1;19;1
202300006946;155 668 203;7;12;2;3;15;2
202300006946;155 668 208;50;8;2;4;1;3
202300006947;155 668 202;7;0;2;1;2;2
202300006947;155 668 210;7;0;2;4;2;1
202300006948;155 668 197;7;0;2;2;1;1
202300006948;155 668 201;2;0;2;8;9;3
202300006949;155 668 198;7;0;2;2;15;1
202300006949;155 668 200;2;0;2;1;1;1
202300006950;155 668 195;10;0;2;6;1;1
202300006950;155 668 204;7;0;2;1;1;1
202300006951;155 668 192;7;0;2;2;13;1
202300006951;155 668 199;17;0;2;4;1;1
202300006952;155 668 191;7;0;2;1;1;1
202300006952;155 668 194;7;0;2;4;23;1
202300006953;155 668 193;7;0;2;7;1;3
202300006953;155 668 196;7;0;2;0;1;1
202300006954;155 668 189;7;0;1;2;16;1
202300006955;155 668 185;50;0;0;0;5;3
202300006955;155 668 188;33;0;0;8;1;1
202300006956;155 668 186;7;0;2;2;15;1
202300006956;155 668 190;34;0;2;3;1;1
202300006957;155 668 183;7;0;1;1;1;1
202300006958;155 668 182;7;4;2;7;3;1
202300006958;155 668 184;15;0;2;8;1;1
202300006959;155 668 180;50;0;0;0;1;3
202300006960;155 668 173;2;0;2;1;1;3
202300006960;155 668 179;7;0;2;2;1;1
202300006961;155 668 175;1;0;2;0;15;5
202300006961;155 668 177;7;0;2;0;15;0
202300006962;155 668 171;7;0;2;7;1;2
202300006962;155 668 178;2;0;2;1;1;3
202300006963;155 668 172;7;6;0;1;13;1
202300006964;155 668 169;30;0;2;1;1;1
202300006964;155 668 176;37;0;2;3;1;1
202300006965;155 668 170;7;7;2;7;9;1
202300006965;155 668 174;17;0;2;1;1;1
202300006966;155 668 166;7;0;1;3;1;2
202300006967;155 668 164;7;0;1;3;1;1
202300006968;155 668 163;1;0;2;0;1;5
202300006968;155 668 168;7;0;2;8;1;1
202300006969;155 668 161;10;0;9;1;1;1
202300006969;155 668 167;1;0;2;8;19;5
202300006970;155 668 160;50;8;0;1;1;3
202300006970;155 668 165;32;8;0;2;1;1
202300006971;155 668 159;30;0;2;4;2;1
202300006971;155 668 162;7;0;2;1;0;0
202300006972;155 668 158;7;0;1;7;1;2
202300006973;155 668 155;10;0;2;1;13;1
202300006973;155 668 157;7;0;2;1;1;1
202300006974;155 668 153;34;0;1;0;1;0
202300006975;155 668 152;1;0;1;1;1;5
202300006976;155 668 145;7;0;2;1;1;1
202300006976;155 668 149;7;0;2;2;19;1
202300006977;155 668 144;33;0;2;5;1;1
202300006977;155 668 150;7;0;2;2;1;2
202300006978;155 668 141;50;0;2;0;1;3
202300006978;155 668 146;7;0;2;5;16;1
202300006979;155 668 142;7;8;2;1;5;0
202300006979;155 668 148;10;0;2;3;1;0
202300006979;155 668 151;7;0;2;1;1;0
202300006979;155 668 154;7;0;9;3;1;0
202300006979;155 668 156;33;0;9;0;0;1
202300006980;155 668 140;2;0;2;1;1;0
202300006980;155 668 147;7;0;2;1;15;1
202300006981;155 668 139;7;0;2;1;26;1
202300006981;155 668 143;7;0;2;4;2;1
202300006982;155 668 136;7;0;1;2;0;0
202300006983;155 668 133;50;0;0;0;1;3
202300006984;155 668 134;7;0;0;6;1;1
202300006984;155 668 138;31;0;0;1;1;1
202300006985;155 668 132;7;6;2;6;13;1
202300006985;155 668 135;7;0;2;3;1;1
202300006986;155 668 131;7;0;2;3;1;1
202300006986;155 668 137;7;0;2;2;19;1
202300006987;155 668 128;1;0;2;1;17;5
202300006987;155 668 130;7;0;2;3;15;1
202300006988;155 668 126;30;0;2;2;17;1
202300006988;155 668 129;7;0;2;1;15;1
202300006989;155 668 124;7;0;2;3;1;0
202300006989;155 668 127;7;0;2;3;1;0
202300006990;155 668 121;7;0;2;7;14;1
202300006990;155 668 125;31;0;2;6;1;1
202300006991;155 668 123;7;0;1;1;16;1
202300006992;155 668 120;30;0;2;1;1;1
202300006992;155 668 122;7;0;2;6;16;2
202300006993;155 668 119;7;0;1;1;1;1
202300006994;155 668 114;10;0;1;4;4;1
202300006995;155 668 112;1;0;2;2;15;5
202300006995;155 668 118;7;0;2;3;9;1
202300006996;155 668 111;7;11;2;1;21;1