Num_Acc;id_vehicule;categorie_vehicule;obstacle_fixe;obstacle_mobile;point_choc_initial;manoeuvre_principale;motorisation
202300006996;155 668 115;1;0;2;7;19;5
202300006996;155 668 117;7;0;2;5;23;1
202300006997;155 668 109;7;0;1;1;16;0
202300006998;155 668 110;7;0;2;7;23;0
202300006998;155 668 116;1;14;2;7;1;5
202300006999;155 668 108;7;0;2;0;0;1
202300006999;155 668 113;7;1;1;0;0;0
202300007000;155 668 107;34;0;1;2;1;1
202300007001;155 668 103;7;0;1;1;0;1
202300007002;155 668 100;7;0;2;2;0;1
202300007002;155 668 105;50;0;2;1;1;3
202300007003;155 668 101;7;0;1;1;2;1
202300007004;155 668 102;7;0;0;5;19;1
202300007004;155 668 106;33;0;2;1;1;1
202300007005;155 668 099;50;12;0;1;14;3
202300007006;155 668 098;10;0;2;8;1;1
202300007006;155 668 104;10;0;2;2;1;1
202300007007;155 668 095;7;0;2;6;1;1
202300007007;155 668 097;10;0;2;1;26;1
202300007008;155 668 094;7;6;0;6;1;1
202300007009;155 668 091;7;0;2;1;20;1
202300007009;155 668 096;33;0;0;9;21;1
202300007010;155 668 093;43;0;1;2;3;1
202300007011;155 668 090;7;0;1;3;15;1
202300007012;155 668 089;7;0;2;3;1;0
202300007012;155 668 092;33;0;2;5;3;0
202300007013;155 668 087;33;0;0;0;1;1
202300007014;155 668 084;1;0;2;8;1;5
202300007014;155 668 088;7;8;2;2;16;0
202300007015;155 668 083;50;0;2;3;15;3
202300007015;155 668 085;10;0;2;3;1;3
202300007016;155 668 076;7;0;2;5;12;1
202300007016;155 668 079;33;0;2;3;1;1
202300007017;155 668 078;7;0;2;3;13;1
202300007017;155 668 082;7;0;2;3;1;1
202300007017;155 668 086;33;0;2;1;1;1
202300007018;155 668 077;30;0;2;2;26;0
202300007018;155 668 080;30;0;2;6;21;2
202300007019;155 668 073;7;0;2;1;26;1
202300007019;155 668 075;7;0;2;4;0;1
202300007019;155 668 081;7;0;2;4;26;1
202300007020;155 668 072;7;0;1;1;1;1
202300007021;155 668 069;33;4;0;9;1;1
202300007022;155 668 066;7;0;2;6;11;1
202300007022;155 668 070;7;0;2;2;1;1
202300007023;155 668 067;7;0;2;1;1;1
202300007023;155 668 071;7;0;2;4;1;1
202300007023;155 668 074;7;0;2;4;1;0
202300007024;155 668 065;34;0;2;7;13;0
202300007024;155 668 068;99;0;2;3;10;0
202300007025;155 668 063;30;0;0;8;13;1
202300007026;155 668 060;7;0;0;1;1;1
202300007026;155 668 064;32;0;2;4;1;1
202300007027;155 668 059;7;0;0;8;15;1
202300007027;155 668 062;32;0;2;7;17;1
202300007028;155 668 055;7;0;2;1;0;1
202300007028;155 668 057;7;0;2;4;0;1
202300007029;155 668 052;1;0;2;6;15;5
202300007029;155 668 054;33;0;2;5;1;0
202300007030;155 668 049;7;0;2;4;1;1
202300007030;155 668 058;7;0;2;4;2;1
202300007030;155 668 061;14;0;2;1;2;1
202300007031;155 668 050;33;;;;;
202300007032;155 668 051;10;0;2;2;1;1
202300007032;155 668 056;7;0;2;2;1;1
202300007033;155 668 047;10;0;2;7;1;1
202300007033;155 668 053;7;0;2;3;9;1
202300007034;155 668 046;1;0;2;0;0;5
202300007034;155 668 048;7;0;2;0;0;1
202300007035;155 668 043;7;0;2;1;1;1
202300007035;155 668 045;1;0;2;7;26;5
202300007036;155 668 044;7;6;2;4;1;1
202300007037;155 668 042;7;8;0;1;13;1
202300007038;155 668 037;7;0;2;8;22;1
202300007038;155 668 040;1;1;0;1;1;5
202300007039;155 668 038;14;0;2;5;15;1
202300007039;155 668 041;7;0;2;1;0;1
202300007040;155 668 034;7;0;1;1;1;1
202300007041;155 668 032;7;16;2;3;15;0
202300007041;155 668 036;50;9;2;2;21;3
202300007042;155 668 035;7;0;2;3;1;1
202300007042;155 668 039;7;0;2;2;15;2
202300007043;155 668 030;10;12;0;1;26;1
202300007044;155 668 025;33;0;0;7;16;1
202300007045;155 668 024;7;0;2;1;1;1
202300007045;155 668 028;7;0;2;3;1;1
202300007046;155 668 021;7;0;2;5;1;1
202300007046;155 668 023;7;0;2;3;2;1
202300007046;155 668 031;0;0;2;0;0;0
202300007046;155 668 033;10;0;2;8;1;1
202300007047;155 668 020;10;0;2;1;1;1
202300007047;155 668 026;7;0;2;4;23;1
202300007047;155 668 029;7;0;2;4;1;3
202300007048;155 668 022;7;14;0;6;23;1
202300007048;155 668 027;7;0;2;3;0;0
202300007049;155 668 017;7;4;0;9;1;1
202300007050;155 668 014;33;0;2;1;1;1
202300007050;155 668 019;1;0;2;8;1;5
202300007051;155 668 011;7;0;2;1;13;1
202300007051;155 668 016;7;0;2;1;1;1
202300007051;155 668 018;7;0;2;3;1;0
202300007052;155 668 010;7;0;2;2;12;1
202300007052;155 668 015;33;0;2;8;3;1
202300007053;155 668 007;7;1;5;1;1;1
202300007054;155 668 008;3;0;2;1;0;0
202300007054;155 668 012;7;0;2;1;1;1
202300007055;155 668 004;7;0;2;1;1;0
202300007055;155 668 009;7;0;2;1;1;0
202300007055;155 668 013;7;0;2;1;0;0
202300007056;155 668 003;7;0;1;1;1;1
202300007057;155 668 002;15;0;2;0;16;1
202300007057;155 668 005;7;13;9;3;15;2
202300007058;155 668 000;33;0;2;1;21;1
202300007058;155 668 006;7;0;2;5;19;1
202300007059;155 667 999;1;0;2;3;16;5
202300007059;155 668 001;7;0;2;3;16;1
202300007060;155 667 994;7;0;2;3;13;1
202300007060;155 667 996;7;0;2;5;1;1
202300007061;155 667 993;7;14;0;4;2;1
202300007061;155 667 998;7;14;0;1;2;1
202300007062;155 667 992;7;0;2;1;17;1
202300007062;155 667 995;7;0;2;1;1;1
202300007063;155 667 987;2;0;2;1;17;1
202300007063;155 667 990;7;0;2;4;15;1
202300007064;155 667 991;10;0;2;1;1;1
202300007064;155 667 997;33;0;2;7;1;1
202300007065;155 667 983;7;0;2;3;1;1
202300007065;155 667 989;33;0;2;2;15;1
202300007066;155 667 981;7;0;2;1;13;1
202300007066;155 667 985;7;0;2;1;1;1
202300007067;155 667 982;30;0;2;1;1;1
202300007067;155 667 986;7;0;2;5;1;1
202300007068;155 667 980;7;3;2;8;13;1
202300007068;155 667 984;14;3;2;2;2;1
202300007068;155 667 988;7;3;2;2;1;1
202300007069;155 667 973;7;0;2;2;1;1
202300007069;155 667 979;10;4;2;3;13;1
202300007070;155 667 971;10;0;2;2;16;1
202300007070;155 667 977;7;0;2;8;1;1
202300007071;155 667 970;1;0;2;4;17;5
202300007071;155 667 974;7;0;2;3;2;1
202300007072;155 667 966;7;0;2;1;2;1
202300007072;155 667 968;7;0;0;4;23;1
202300007072;155 667 972;7;0;2;1;2;1
202300007072;155 667 976;2;0;2;1;2;1
202300007073;155 667 967;7;0;2;3;11;1
202300007073;155 667 969;33;0;2;3;3;1
202300007073;155 667 975;7;0;2;0;0;1
202300007073;155 667 978;20;0;2;0;0;0
202300007074;155 667 963;7;0;1;8;1;4
202300007075;155 667 960;31;0;2;7;2;1
202300007075;155 667 965;7;0;2;1;9;1
202300007076;155 667 959;7;0;2;3;5;1
202300007076;155 667 962;7;0;2;3;1;1
202300007077;155 667 957;7;0;2;1;1;1
202300007077;155 667 964;7;0;2;8;1;1
202300007078;155 667 958;3;0;2;8;1;1
202300007078;155 667 961;7;0;2;2;15;1
202300007079;155 667 954;7;9;4;1;16;1
202300007079;155 667 956;40;0;2;8;1;3
202300007080;155 667 951;7;0;1;2;1;1
202300007081;155 667 949;50;0;2;1;0;3
202300007081;155 667 953;7;0;2;3;15;2
202300007082;155 667 952;7;0;0;8;10;1
202300007082;155 667 955;7;0;2;1;1;1
202300007083;155 667 947;7;0;2;1;2;1
202300007083;155 667 948;7;0;2;4;23;2
202300007083;155 667 950;7;0;2;4;24;1
202300007084;155 667 946;32;0;0;0;9;1
202300007085;155 667 944;7;0;1;1;1;1
202300007086;155 667 943;30;0;2;1;1;1
202300007086;155 667 945;7;0;2;3;0;1
202300007087;155 667 942;7;0;0;0;1;1
202300007088;155 667 940;34;0;1;1;2;0
202300007089;155 667 939;10;0;2;1;1;1
202300007089;155 667 941;7;0;2;4;23;1
202300007090;155 667 935;60;0;2;2;1;5
202300007090;155 667 938;7;0;2;2;16;1
202300007091;155 667 934;7;0;2;1;2;1
202300007091;155 667 937;33;0;0;4;1;1
202300007092;155 667 936;7;0;1;2;15;1
202300007093;155 667 932;1;0;1;3;1;5
202300007094;155 667 930;37;0;1;2;1;1
202300007095;155 667 931;34;0;2;1;1;1
202300007095;155 667 933;7;9;0;3;1;1
202300007096;155 667 927;50;0;2;8;1;3
202300007096;155 667 928;50;0;2;3;19;3
202300007097;155 667 926;7;0;2;2;1;1
202300007097;155 667 929;7;0;2;3;9;1
202300007098;155 667 924;10;0;1;3;1;1
202300007099;155 667 922;7;0;2;3;26;0
202300007099;155 667 925;30;0;2;1;26;0
202300007100;155 667 921;7;6;2;8;1;1
202300007100;155 667 923;10;0;2;1;1;1
202300007101;155 667 919;7;0;1;2;1;1
202300007102;155 667 917;32;0;1;1;1;1
202300007103;155 667 918;7;0;1;2;1;1
202300007104;155 667 916;7;0;2;2;16;1
202300007104;155 667 920;7;0;2;3;9;1
202300007105;155 667 913;1;0;0;0;1;5
202300007106;155 667 911;7;0;2;8;1;1
202300007106;155 667 915;10;0;0;8;1;1
202300007107;155 667 910;7;0;2;1;1;0
202300007107;155 667 912;7;0;0;3;15;0
202300007108;155 667 909;7;0;1;2;1;1
202300007109;155 667 907;13;0;0;0;2;1
202300007109;155 667 914;80;0;0;0;2;3
202300007110;155 667 906;7;0;1;1;1;1
202300007111;155 667 904;2;0;2;0;0;0
202300007111;155 667 908;7;0;2;0;0;1
202300007112;155 667 905;7;0;1;1;0;1
202300007113;155 667 902;7;0;1;1;1;1
202300007114;155 667 898;50;0;2;1;1;3
202300007114;155 667 901;7;0;2;2;23;1
202300007115;155 667 899;7;0;2;7;15;1
202300007115;155 667 903;33;0;2;1;1;1
202300007116;155 667 896;7;4;0;6;2;1
202300007116;155 667 897;7;4;2;2;2;1
202300007117;155 667 895;1;0;2;1;26;5
202300007117;155 667 900;7;0;2;3;15;1
202300007118;155 667 893;7;0;1;1;15;1
202300007119;155 667 892;31;0;2;1;1;1
202300007119;155 667 894;7;0;2;8;15;1
202300007120;155 667 891;38;2;1;8;15;1
202300007121;155 667 890;30;0;1;3;18;1
202300007122;155 667 887;10;0;1;2;1;1
202300007123;155 667 886;32;6;0;1;19;1
202300007124;155 667 884;31;0;2;1;1;1
202300007124;155 667 889;7;0;0;1;16;1
202300007125;155 667 883;33;0;2;1;1;1
202300007125;155 667 888;10;0;2;3;9;1
202300007126;155 667 882;7;0;2;1;26;1
202300007126;155 667 885;99;0;2;8;25;3
202300007127;155 667 881;42;12;0;2;1;1
202300007128;155 667 879;7;0;0;9;0;1
202300007129;155 667 878;7;0;1;1;2;1
202300007130;155 667 877;7;0;1;5;20;1
202300007131;155 667 876;7;0;1;3;1;1
202300007132;155 667 875;50;0;0;0;26;3
202300007133;155 667 873;7;0;1;1;1;1
202300007134;155 667 872;33;0;0;9;2;1
202300007134;155 667 874;10;0;0;0;10;1
202300007135;155 667 871;10;1;1;6;20;1
202300007136;155 667 870;7;0;1;2;1;1
202300007137;155 667 868;33;0;1;1;1;1
202300007138;155 667 867;7;0;2;0;0;0
202300007138;155 667 869;10;0;2;0;0;1
202300007139;155 667 863;7;0;1;2;1;1
202300007140;155 667 861;7;0;1;1;1;1
202300007141;155 667 858;7;0;2;3;13;1
202300007141;155 667 864;33;0;2;2;2;1
202300007142;155 667 857;7;0;2;1;1;1
202300007142;155 667 860;15;5;0;1;1;1
202300007142;155 667 865;7;0;2;1;1;1
202300007142;155 667 866;7;0;2;0;1;1
202300007143;155 667 859;10;0;2;2;16;1
202300007143;155 667 862;50;0;2;8;19;3
202300007144;155 667 855;10;0;2;0;12;1
202300007144;155 667 856;10;0;2;1;0;1
202300007145;155 667 854;2;0;0;2;16;1
202300007146;155 667 852;7;0;1;1;15;1
202300007147;155 667 851;33;0;2;3;18;1
202300007147;155 667 853;7;0;2;2;14;1
202300007148;155 667 848;7;13;0;1;2;1
202300007149;155 667 849;50;0;2;1;5;3
202300007149;155 667 850;7;0;2;2;16;1
202300007150;155 667 845;7;1;0;1;16;1
202300007151;155 667 843;7;0;2;1;1;1
202300007151;155 667 847;7;0;2;2;0;1
202300007152;155 667 844;7;0;2;1;26;0
202300007152;155 667 846;31;15;2;7;16;0
202300007153;155 667 842;33;12;0;1;14;1
202300007154;155 667 840;7;9;0;3;13;0
202300007155;155 667 838;50;1;0;1;2;3
202300007155;155 667 841;7;0;2;7;23;1
202300007156;155 667 836;7;0;2;2;10;0
202300007156;155 667 839;33;0;2;1;1;0
202300007157;155 667 835;7;15;0;1;1;1
202300007158;155 667 834;7;0;2;1;1;1
202300007158;155 667 837;7;1;2;1;1;1
202300007159;155 667 832;2;12;0;2;1;1
202300007160;155 667 831;7;0;1;7;1;1
202300007161;155 667 830;2;0;2;1;0;0
202300007161;155 667 833;7;0;2;1;15;1
202300007162;155 667 827;7;0;2;1;2;1
202300007162;155 667 829;7;0;0;4;2;1
202300007163;155 667 824;33;0;6;9;0;1
202300007164;155 667 826;7;0;9;8;15;1
202300007164;155 667 828;2;0;2;1;2;1
202300007165;155 667 822;10;0;2;1;1;1
202300007165;155 667 825;7;0;2;7;1;1
202300007166;155 667 821;7;0;2;3;1;1
202300007166;155 667 823;7;0;0;1;1;1
202300007167;155 667 819;7;0;0;0;0;1
202300007168;155 667 818;7;0;1;4;4;1
202300007169;155 667 817;50;0;0;8;1;3
202300007169;155 667 820;10;0;0;7;2;0
202300007170;155 667 814;7;0;2;3;15;1
202300007170;155 667 815;33;0;2;1;1;1
202300007171;155 667 813;21;0;2;6;1;1
202300007171;155 667 816;7;0;2;3;1;1
202300007172;155 667 811;10;0;2;1;2;1
202300007172;155 667 812;7;0;2;4;2;1
202300007173;155 667 809;2;0;0;0;0;1
202300007174;155 667 807;7;0;2;3;2;1
202300007174;155 667 810;7;0;2;5;2;3
202300007175;155 667 805;30;12;0;0;0;1
202300007176;155 667 804;7;0;2;1;1;1
202300007176;155 667 806;7;0;2;2;15;1
202300007177;155 667 802;7;0;2;1;1;1
202300007177;155 667 808;7;9;2;1;1;2
202300007178;155 667 801;33;0;2;2;0;1
202300007178;155 667 803;1;0;0;6;0;5
202300007179;155 667 800;7;0;1;1;1;1
202300007180;155 667 796;7;0;2;2;15;2
202300007180;155 667 799;33;0;0;5;1;1
202300007181;155 667 798;37;0;9;2;16;1
202300007182;155 667 797;7;0;1;3;15;0
202300007183;155 667 795;7;0;1;7;1;2
202300007184;155 667 791;7;2;0;1;1;1
202300007185;155 667 790;7;0;2;1;15;1
202300007185;155 667 793;50;0;0;8;1;3
202300007186;155 667 789;7;0;2;3;1;1
202300007186;155 667 792;7;0;2;2;5;1
202300007187;155 667 788;39;0;1;1;1;1
202300007188;155 667 786;33;0;0;0;1;1
202300007189;155 667 783;7;0;0;1;1;1
202300007189;155 667 787;7;0;0;6;9;1
202300007190;155 667 782;2;0;2;7;17;1
202300007190;155 667 785;7;0;2;8;15;1
202300007191;155 667 780;7;0;1;5;1;1
202300007192;155 667 775;10;0;2;3;5;1
202300007192;155 667 778;7;0;2;3;0;1
202300007193;155 667 777;10;0;1;2;26;1
202300007194;155 667 776;33;0;0;0;18;0
202300007195;155 667 774;7;0;2;3;1;0
202300007195;155 667 779;7;0;2;6;13;0
202300007196;155 667 772;7;0;1;1;1;1
202300007197;155 667 770;7;0;2;3;9;0
202300007197;155 667 773;2;0;0;8;1;0
202300007198;155 667 769;7;0;2;1;19;1
202300007198;155 667 771;7;0;0;3;1;1
202300007199;155 667 768;7;8;0;1;1;1
202300007200;155 667 767;7;8;0;1;1;1
202300007201;155 667 763;7;0;2;5;15;1
202300007201;155 667 765;33;0;2;7;2;1
202300007202;155 667 764;7;0;2;1;15;1
202300007202;155 667 766;33;0;2;1;1;1
202300007203;155 667 762;7;0;1;2;1;1
202300007204;155 667 761;33;16;0;3;1;1
202300007205;155 667 759;7;2;0;1;0;0
202300007206;155 667 758;31;0;2;1;17;1
202300007206;155 667 760;7;0;2;3;1;1
202300007207;155 667 757;33;0;0;0;1;1
202300007208;155 667 753;7;13;2;1;1;1
202300007208;155 667 755;7;15;2;1;13;1
202300007209;155 667 754;7;0;0;6;20;1
202300007209;155 667 756;43;0;2;2;1;1
202300007210;155 667 752;7;2;0;1;1;3
202300007211;155 667 749;7;13;0;2;14;1
202300007212;155 667 747;7;0;2;9;15;6
202300007212;155 667 750;7;0;2;1;17;6
202300007213;155 667 748;7;0;2;3;17;1
202300007213;155 667 751;15;0;2;1;1;1
202300007214;155 667 744;7;0;1;2;2;0
202300007215;155 667 742;7;0;2;3;13;1
202300007215;155 667 746;13;0;0;3;0;1
202300007216;155 667 743;7;0;9;2;19;1
202300007216;155 667 745;1;0;0;8;1;5
202300007217;155 667 740;33;0;0;9;1;1
202300007218;155 667 739;7;0;2;3;15;1
202300007218;155 667 741;31;0;2;1;13;1
202300007219;155 667 738;7;0;0;0;4;1
202300007220;155 667 737;7;2;0;1;14;1
202300007221;155 667 735;7;0;0;0;0;0
202300007222;155 667 734;7;0;2;2;15;1
202300007222;155 667 736;31;0;2;1;17;1
202300007223;155 667 732;1;0;2;4;1;5
202300007223;155 667 733;7;0;2;2;1;1
202300007224;155 667 729;50;0;2;7;1;3
202300007224;155 667 731;0;0;2;7;1;0
202300007225;155 667 727;7;0;2;9;5;1
202300007225;155 667 730;7;0;2;7;1;1
202300007226;155 667 726;33;0;2;5;1;1
202300007226;155 667 728;7;0;2;2;15;1
202300007227;155 667 720;7;0;2;8;24;0
202300007227;155 667 722;7;0;2;8;1;2
202300007227;155 667 724;7;0;2;4;1;2
202300007227;155 667 725;7;0;2;1;2;1
202300007228;155 667 719;7;0;2;3;15;1
202300007228;155 667 723;7;0;2;1;1;1
202300007229;155 667 718;7;0;2;1;1;1
202300007229;155 667 721;7;0;0;4;1;1
202300007230;155 667 716;31;0;0;0;16;1
202300007231;155 667 714;1;0;0;7;1;5
202300007231;155 667 717;7;0;9;2;1;1
202300007232;155 667 713;1;0;2;9;1;5
202300007232;155 667 715;17;0;2;8;1;1
202300007233;155 667 712;7;0;0;0;1;1
202300007234;155 667 711;7;0;0;9;13;1
202300007235;155 667 710;7;0;1;3;15;1
202300007236;155 667 708;7;0;1;8;1;1
202300007237;155 667 707;7;0;2;7;15;1
202300007237;155 667 709;31;0;2;1;1;1
202300007238;155 667 706;10;13;0;2;1;1
202300007239;155 667 704;32;0;2;1;1;1
202300007239;155 667 705;7;0;2;2;15;1
202300007240;155 667 702;7;0;2;3;1;1
202300007240;155 667 703;31;0;2;1;1;1
202300007241;155 667 700;7;0;2;6;2;1
202300007241;155 667 701;7;0;0;9;2;1
202300007242;155 667 699;1;6;0;0;1;5
202300007243;155 667 697;7;0;2;2;11;1
202300007243;155 667 698;7;0;2;1;1;1
202300007244;155 667 696;7;3;0;8;13;0
202300007245;155 667 694;7;0;2;1;5;2
202300007245;155 667 695;7;0;2;1;1;1
202300007246;155 667 692;7;0;9;1;1;1
202300007246;155 667 693;1;0;2;8;1;5
202300007247;155 667 691;7;0;0;0;26;1
202300007248;155 667 689;7;0;2;1;0;0
202300007248;155 667 690;30;0;2;4;0;1
202300007249;155 667 688;7;0;1;2;1;1
202300007250;155 667 686;33;0;2;1;2;1
202300007250;155 667 687;33;0;2;4;2;1
202300007251;155 667 685;33;0;6;6;0;1
202300007252;155 667 683;7;0;2;3;15;1
202300007252;155 667 684;7;2;2;3;1;1
202300007253;155 667 682;10;7;0;1;0;1
202300007254;155 667 680;7;0;2;3;5;1
202300007254;155 667 681;7;0;2;6;1;1
202300007255;155 667 679;33;4;0;9;14;1
202300007256;155 667 677;1;0;2;1;1;5
202300007256;155 667 678;7;0;9;2;19;0
202300007257;155 667 676;7;3;9;1;1;1
202300007258;155 667 674;33;0;2;1;2;1
202300007258;155 667 675;17;0;0;4;2;1
202300007259;155 667 672;7;0;2;2;1;0
202300007259;155 667 673;2;0;0;4;15;0
202300007260;155 667 669;7;0;2;2;15;1
202300007260;155 667 670;7;0;2;3;15;1
202300007260;155 667 671;7;0;2;3;1;1
202300007261;155 667 668;7;6;0;2;14;1
202300007262;155 667 666;33;0;2;2;2;1
202300007262;155 667 667;33;0;2;8;2;1
202300007263;155 667 664;7;0;0;6;1;1
202300007263;155 667 665;7;0;2;1;13;1
202300007264;155 667 663;7;13;0;3;19;1
202300007265;155 667 661;33;0;2;1;1;1
202300007265;155 667 662;7;0;2;8;9;1
202300007266;155 667 659;33;0;0;7;1;1
202300007267;155 667 658;7;3;0;0;1;1
202300007268;155 667 655;7;9;0;1;1;1
202300007268;155 667 656;7;15;2;7;1;1
202300007268;155 667 657;7;0;2;1;1;1
202300007269;155 667 653;7;0;2;2;12;1
202300007269;155 667 654;17;0;2;6;1;1
202300007270;155 667 652;7;2;0;1;13;1
202300007271;155 667 650;7;0;2;7;19;1
202300007271;155 667 651;7;0;2;2;1;1
202300007272;155 667 648;7;0;2;1;13;1
202300007272;155 667 649;7;0;2;8;1;1
202300007273;155 667 646;31;0;2;1;1;0
202300007273;155 667 647;7;0;2;2;15;1
202300007274;155 667 645;31;0;0;0;0;1
202300007275;155 667 644;33;1;0;7;1;1
202300007276;155 667 642;7;0;2;8;1;1
202300007276;155 667 643;7;0;2;3;13;1
202300007277;155 667 641;7;2;0;8;1;1
202300007278;155 667 640;7;13;0;2;1;1
202300007279;155 667 639;7;0;0;1;21;1
202300007280;155 667 638;7;14;0;1;1;0
202300007281;155 667 636;31;0;2;1;1;1
202300007281;155 667 637;7;0;0;4;1;1
202300007282;155 667 634;7;0;0;4;0;1
202300007282;155 667 635;7;0;2;1;1;1
202300007283;155 667 632;1;0;2;1;19;5
202300007283;155 667 633;33;0;2;2;1;1
202300007284;155 667 629;16;0;2;6;1;1
202300007284;155 667 630;7;0;2;8;13;1
202300007284;155 667 631;7;0;2;7;17;1
202300007285;155 667 628;7;6;0;3;13;1
202300007286;155 667 627;7;0;1;4;20;1
202300007287;155 667 624;7;0;2;4;1;1
202300007287;155 667 625;7;0;2;1;2;1
202300007287;155 667 626;7;0;2;1;23;1
202300007288;155 667 622;10;0;2;5;13;1
202300007288;155 667 623;7;0;2;1;1;0
202300007289;155 667 621;33;15;0;9;0;1
202300007290;155 667 619;43;0;2;1;1;1
202300007290;155 667 620;7;0;2;8;19;1
202300007291;155 667 617;7;0;2;1;13;0
202300007291;155 667 618;7;0;2;1;0;0
202300007292;155 667 615;2;0;0;8;1;1
202300007292;155 667 616;7;0;0;1;6;1
202300007293;155 667 614;15;0;1;3;1;1
202300007294;155 667 611;7;0;2;8;19;1
202300007294;155 667 613;43;0;2;1;1;1
202300007295;155 667 610;30;0;2;1;2;1
202300007295;155 667 612;7;0;2;4;2;1
202300007296;155 667 609;7;2;0;3;1;1
202300007297;155 667 607;7;0;9;1;5;1
202300007297;155 667 608;15;0;2;3;1;1
202300007298;155 667 605;7;0;2;2;15;1
202300007298;155 667 606;33;0;2;1;1;1
202300007299;155 667 602;7;0;2;7;1;1
202300007299;155 667 604;7;0;2;1;9;1
202300007300;155 667 600;35;0;2;8;15;1
202300007300;155 667 601;33;0;2;1;21;1
202300007300;155 667 603;7;0;2;1;1;1
202300007301;155 667 597;7;0;0;1;1;1
202300007301;155 667 598;7;0;2;1;15;1
202300007302;155 667 596;7;0;2;3;15;1
202300007302;155 667 599;33;0;2;1;1;1
202300007303;155 667 594;10;0;1;1;1;1
202300007304;155 667 593;7;3;2;1;0;1
202300007304;155 667 595;7;0;2;1;1;1
202300007305;155 667 592;7;0;1;2;1;1
202300007306;155 667 591;7;2;0;1;1;1
202300007307;155 667 590;7;0;2;9;17;1
202300007308;155 667 588;33;0;2;1;13;1
202300007308;155 667 589;33;0;2;1;1;1
202300007309;155 667 587;2;0;0;0;1;1
202300007310;155 667 586;7;6;0;1;1;1
202300007311;155 667 585;7;13;0;9;13;1
202300007312;155 667 582;7;0;2;3;1;1
202300007312;155 667 584;2;0;0;6;1;1
202300007313;155 667 581;7;0;2;1;1;1
202300007313;155 667 583;7;0;2;3;15;1
202300007314;155 667 580;33;0;0;1;1;1
202300007315;155 667 577;33;0;2;3;2;1
202300007315;155 667 578;7;0;2;7;2;1
202300007316;155 667 576;7;0;2;1;1;1
202300007316;155 667 579;1;0;2;5;1;5
202300007317;155 667 575;1;0;0;7;26;5
202300007318;155 667 574;32;0;0;0;1;1
202300007319;155 667 571;1;0;2;8;13;5
202300007319;155 667 573;10;0;2;2;17;1
202300007320;155 667 570;7;0;2;4;23;0
202300007320;155 667 572;7;0;2;1;2;1
202300007321;155 667 569;7;13;0;1;1;1
202300007322;155 667 568;17;3;0;1;9;1
202300007323;155 667 564;99;6;2;1;1;1
202300007323;155 667 567;10;0;2;7;15;1
202300007324;155 667 565;7;0;2;1;6;1
202300007324;155 667 566;10;0;2;1;1;1
202300007325;155 667 562;7;13;0;9;1;1
202300007326;155 667 561;7;0;2;1;2;1
202300007326;155 667 563;7;0;2;4;23;1
202300007327;155 667 560;31;0;0;0;0;1
202300007328;155 667 558;7;0;2;0;2;2
202300007328;155 667 559;30;0;2;0;18;1
202300007329;155 667 557;2;8;0;1;1;1
202300007330;155 667 555;7;13;0;9;14;1
202300007331;155 667 554;50;0;0;0;0;3
202300007331;155 667 556;7;12;0;0;16;1
202300007332;155 667 553;7;17;0;1;1;1
202300007333;155 667 552;7;0;1;2;1;1
202300007334;155 667 551;7;13;0;9;14;1
202300007335;155 667 550;1;0;1;1;1;5
202300007336;155 667 549;33;13;0;1;14;1
202300007337;155 667 547;7;0;2;7;15;1
202300007337;155 667 548;33;0;2;1;1;1
202300007338;155 667 546;1;16;0;8;0;5
202300007339;155 667 543;7;0;2;2;2;1
202300007339;155 667 545;10;0;2;4;2;1
202300007340;155 667 544;33;2;0;2;1;1
202300007341;155 667 541;33;0;2;7;16;1
202300007341;155 667 542;7;0;2;8;2;1
202300007342;155 667 539;7;0;2;1;11;1
202300007342;155 667 540;7;0;2;1;1;1
202300007343;155 667 537;33;0;2;1;26;1
202300007343;155 667 538;7;0;2;5;26;1
202300007344;155 667 535;7;0;2;1;9;3
202300007344;155 667 536;7;0;2;1;1;1
202300007345;155 667 529;7;0;2;3;23;1
202300007345;155 667 530;7;0;2;1;0;1
202300007346;155 667 527;1;0;2;1;2;5
202300007346;155 667 528;7;0;9;4;1;1
202300007347;155 667 525;80;0;2;3;9;3
202300007347;155 667 526;7;0;2;3;9;1
202300007348;155 667 524;30;0;0;3;1;1
202300007349;155 667 523;1;1;0;3;1;5
202300007350;155 667 522;7;13;0;2;14;1
202300007351;155 667 520;7;0;0;4;1;1
202300007351;155 667 521;10;0;2;1;1;1
202300007352;155 667 519;7;12;0;0;1;1
202300007353;155 667 518;7;0;1;1;1;2
202300007354;155 667 516;32;0;2;7;1;1
202300007354;155 667 517;10;0;2;8;11;0
202300007355;155 667 514;7;0;2;6;11;1
202300007355;155 667 515;33;0;2;2;1;1
202300007356;155 667 513;33;0;0;8;21;1
202300007357;155 667 511;33;0;2;1;3;1
202300007357;155 667 512;33;0;0;4;3;1
202300007358;155 667 509;33;0;2;1;3;1
202300007358;155 667 510;7;0;2;4;12;1
202300007359;155 667 507;2;0;2;1;2;3
202300007359;155 667 508;38;0;2;4;2;1
202300007360;155 667 506;7;0;1;1;17;1
202300007361;155 667 504;7;0;2;3;20;1