Num_Acc;id_vehicule;categorie_vehicule;obstacle_fixe;obstacle_mobile;point_choc_initial;manoeuvre_principale;motorisation
202300007361;155 667 505;33;0;2;2;17;1
202300007362;155 667 502;60;0;2;8;19;5
202300007362;155 667 503;7;0;2;2;7;1
202300007363;155 667 501;31;0;9;7;1;1
202300007364;155 667 499;33;0;2;1;16;1
202300007364;155 667 500;50;0;2;2;1;3
202300007365;155 667 497;7;0;2;0;15;0
202300007365;155 667 498;1;0;2;1;1;5
202300007366;155 667 495;7;0;2;8;22;3
202300007366;155 667 496;80;0;2;7;1;3
202300007367;155 667 493;10;0;2;1;15;1
202300007367;155 667 494;32;0;2;8;1;1
202300007368;155 667 491;7;0;2;2;15;1
202300007368;155 667 492;80;0;2;1;1;3
202300007369;155 667 489;7;0;2;1;1;1
202300007369;155 667 490;33;0;2;4;23;1
202300007370;155 667 487;10;0;2;3;22;1
202300007370;155 667 488;1;0;2;5;1;5
202300007371;155 667 486;30;0;0;0;1;3
202300007372;155 667 485;1;0;1;0;7;5
202300007373;155 667 483;50;0;2;7;1;3
202300007373;155 667 484;7;0;2;2;15;1
202300007374;155 667 481;7;0;2;7;22;2
202300007374;155 667 482;1;0;2;1;1;5
202300007375;155 667 479;7;0;2;7;1;1
202300007375;155 667 480;43;0;2;1;1;1
202300007376;155 667 478;30;0;0;1;1;3
202300007377;155 667 477;1;0;0;3;1;5
202300007378;155 667 475;1;;2;0;1;5
202300007378;155 667 476;7;0;0;0;1;1
202300007379;155 667 473;1;0;2;1;2;5
202300007379;155 667 474;7;0;2;5;2;1
202300007380;155 667 472;2;0;1;1;1;1
202300007381;155 667 470;32;0;2;1;1;1
202300007381;155 667 471;7;0;2;3;9;0
202300007382;155 667 469;7;0;1;3;1;1
202300007383;155 667 468;34;0;1;8;2;0
202300007384;155 667 466;7;0;2;1;1;0
202300007384;155 667 467;33;0;2;4;1;0
202300007385;155 667 465;7;0;1;2;1;1
202300007386;155 667 463;15;0;2;1;1;1
202300007386;155 667 464;7;0;2;4;1;1
202300007387;155 667 461;7;0;2;1;1;1
202300007387;155 667 462;7;0;2;4;1;1
202300007388;155 667 459;7;0;2;3;1;1
202300007388;155 667 460;7;0;2;2;1;1
202300007389;155 667 458;7;0;1;2;1;1
202300007390;155 667 456;33;0;2;1;1;0
202300007390;155 667 457;7;0;2;4;1;1
202300007391;155 667 455;33;0;0;7;1;1
202300007392;155 667 452;43;0;2;1;2;1
202300007392;155 667 453;10;0;2;2;16;1
202300007392;155 667 454;7;0;2;6;16;1
202300007393;155 667 450;13;0;2;1;0;0
202300007393;155 667 451;10;0;2;4;1;
202300007394;155 667 449;7;0;2;3;15;0
202300007395;155 667 447;7;0;0;6;1;1
202300007395;155 667 448;7;0;0;0;0;1
202300007396;155 667 446;7;12;0;7;1;1
202300007397;155 667 445;7;0;1;2;16;1
202300007398;155 667 444;10;0;1;2;11;1
202300007399;155 667 442;7;0;2;2;15;1
202300007399;155 667 443;2;0;2;1;2;3
202300007400;155 667 441;7;0;1;1;1;1
202300007401;155 667 439;50;0;2;1;1;3
202300007401;155 667 440;7;0;2;3;1;0
202300007402;155 667 437;7;0;2;8;11;1
202300007402;155 667 438;33;0;2;7;17;1
202300007403;155 667 436;7;0;1;2;16;1
202300007404;155 667 434;7;0;2;7;1;1
202300007404;155 667 435;14;0;2;2;1;1
202300007405;155 667 433;7;8;0;1;0;1
202300007406;155 667 431;7;0;2;3;15;0
202300007406;155 667 432;7;0;2;1;17;0
202300007407;155 667 429;7;0;0;3;13;1
202300007407;155 667 430;7;6;0;3;13;1
202300007408;155 667 428;36;13;0;6;0;1
202300007409;155 667 426;2;0;2;1;1;1
202300007409;155 667 427;7;0;2;3;1;1
202300007410;155 667 424;33;0;2;0;1;1
202300007410;155 667 425;7;0;2;3;23;0
202300007411;155 667 422;7;0;2;3;9;0
202300007411;155 667 423;1;0;2;0;1;5
202300007412;155 667 421;7;13;0;3;13;0
202300007413;155 667 420;33;0;2;1;21;0
202300007414;155 667 418;7;7;2;1;26;1
202300007414;155 667 419;7;7;2;3;26;1
202300007415;155 667 416;33;0;2;8;1;1
202300007415;155 667 417;7;0;2;1;19;1
202300007416;155 667 414;10;1;0;2;2;1
202300007416;155 667 415;7;13;0;6;23;1
202300007417;155 667 412;7;0;9;8;13;1
202300007417;155 667 413;80;0;2;3;1;3
202300007418;155 667 410;7;0;2;3;9;1
202300007418;155 667 411;10;0;2;3;1;1
202300007419;155 667 409;7;0;1;2;1;1
202300007420;155 667 408;7;0;1;1;1;1
202300007421;155 667 406;7;0;2;1;17;1
202300007421;155 667 407;7;0;2;1;1;3
202300007422;155 667 405;7;2;0;2;0;1
202300007423;155 667 404;7;13;0;3;13;1
202300007424;155 667 402;7;0;2;1;15;1
202300007424;155 667 403;50;0;2;3;1;3
202300007425;155 667 401;2;0;0;7;1;1
202300007426;155 667 399;7;0;2;1;13;1
202300007426;155 667 400;7;0;2;3;1;2
202300007427;155 667 397;7;0;2;1;13;1
202300007427;155 667 398;7;0;2;8;1;1
202300007428;155 667 396;7;0;0;0;1;1
202300007429;155 667 394;2;0;0;4;1;3
202300007429;155 667 395;7;0;2;2;1;1
202300007430;155 667 393;7;13;0;2;1;1
202300007431;155 667 391;1;0;2;1;0;5
202300007431;155 667 392;7;0;9;8;26;0
202300007432;155 667 389;60;0;2;8;16;5
202300007432;155 667 390;10;0;2;2;1;1
202300007433;155 667 388;7;6;0;1;1;1
202300007434;155 667 387;7;3;0;2;26;1
202300007435;155 667 386;7;13;0;1;1;1
202300007436;155 667 385;33;0;0;8;23;1
202300007437;155 667 384;7;0;1;3;1;1
202300007438;155 667 382;7;0;0;4;11;1
202300007438;155 667 383;7;0;2;1;1;1
202300007439;155 667 379;15;0;0;8;1;1
202300007439;155 667 380;7;0;2;1;2;0
202300007439;155 667 381;7;3;0;4;1;0
202300007440;155 667 377;2;0;2;9;17;1
202300007440;155 667 378;10;0;2;0;1;1
202300007441;155 667 375;7;0;2;3;1;1
202300007441;155 667 376;7;0;2;2;15;1
202300007442;155 667 373;7;0;2;1;13;1
202300007442;155 667 374;7;0;0;1;1;1
202300007443;155 667 371;7;0;2;3;10;2
202300007443;155 667 372;33;0;2;1;26;1
202300007444;155 667 369;33;0;2;7;1;1
202300007444;155 667 370;10;0;2;2;9;1
202300007445;155 667 368;99;0;1;7;16;1
202300007446;155 667 366;7;0;0;1;1;1
202300007446;155 667 367;7;0;2;1;13;1
202300007447;155 667 364;1;0;2;1;17;5
202300007447;155 667 365;10;0;0;8;15;1
202300007448;155 667 363;33;3;0;3;13;1
202300007449;155 667 360;1;0;2;7;9;5
202300007449;155 667 361;7;0;2;3;1;1
202300007450;155 667 358;7;0;2;3;1;1
202300007450;155 667 359;7;0;2;3;13;1
202300007451;155 667 357;31;0;2;1;1;1
202300007452;155 667 356;7;0;1;2;0;1
202300007453;155 667 355;7;2;0;8;1;1
202300007454;155 667 354;2;8;0;1;13;1
202300007455;155 667 352;31;0;2;7;1;1
202300007455;155 667 353;15;0;2;8;1;1
202300007456;155 667 350;7;0;2;4;23;1
202300007456;155 667 351;13;1;0;1;1;1
202300007457;155 667 348;7;0;2;7;2;1
202300007457;155 667 349;7;0;2;8;1;1
202300007458;155 667 347;7;4;0;1;0;1
202300007459;155 667 345;10;0;2;1;11;1
202300007459;155 667 346;7;0;2;4;23;1
202300007460;155 667 343;7;0;2;1;1;1
202300007460;155 667 344;33;0;2;4;23;1
202300007461;155 667 340;10;0;2;3;1;0
202300007461;155 667 341;7;0;2;1;1;0
202300007461;155 667 342;7;0;2;2;6;0
202300007462;155 667 339;7;4;0;1;14;0
202300007463;155 667 338;43;0;0;0;1;1
202300007464;155 667 336;7;0;2;3;11;1
202300007464;155 667 337;33;0;2;2;3;1
202300007465;155 667 333;7;0;2;2;14;1
202300007465;155 667 334;7;0;2;6;12;1
202300007465;155 667 335;10;0;2;2;0;1
202300007466;155 667 332;7;4;0;1;11;1
202300007467;155 667 330;7;0;2;3;11;1
202300007467;155 667 331;33;0;2;2;3;1
202300007468;155 667 328;33;0;2;2;3;1
202300007468;155 667 329;7;0;2;6;12;1
202300007469;155 667 327;31;0;0;5;14;1
202300007470;155 667 323;7;0;2;4;2;1
202300007470;155 667 324;7;0;2;4;2;1
202300007470;155 667 325;7;0;2;6;2;1
202300007470;155 667 326;10;0;2;1;1;1
202300007471;155 667 321;7;3;0;3;1;1
202300007471;155 667 322;7;0;2;3;1;1
202300007472;155 667 320;17;0;1;0;1;1
202300007473;155 667 319;32;3;0;0;0;1
202300007474;155 667 317;33;0;2;7;1;1
202300007474;155 667 318;7;0;2;8;11;1
202300007475;155 667 314;7;0;2;4;2;1
202300007475;155 667 315;10;0;2;1;2;1
202300007475;155 667 316;7;0;2;4;2;1
202300007476;155 667 311;10;0;2;4;2;1
202300007476;155 667 312;7;0;2;1;2;1
202300007476;155 667 313;10;0;2;4;2;1
202300007477;155 667 309;7;0;2;1;1;1
202300007477;155 667 310;50;0;2;1;19;3
202300007478;155 667 307;37;0;2;0;0;1
202300007478;155 667 308;10;0;0;0;0;0
202300007479;155 667 306;2;0;0;2;2;1
202300007480;155 667 305;34;1;0;2;14;3
202300007481;155 667 303;2;0;2;8;1;3
202300007481;155 667 304;7;0;2;7;13;0
202300007482;155 667 301;1;0;4;8;1;5
202300007482;155 667 302;40;0;2;1;1;3
202300007483;155 667 299;33;2;2;1;1;1
202300007483;155 667 300;33;0;2;1;1;1
202300007484;155 667 298;32;0;1;8;17;1
202300007485;155 667 296;30;0;2;1;3;1
202300007485;155 667 297;7;0;0;8;15;1
202300007486;155 667 291;7;0;2;9;12;2
202300007486;155 667 292;7;0;2;7;1;2
202300007486;155 667 293;7;0;2;8;1;2
202300007486;155 667 294;7;0;2;8;1;1
202300007487;155 667 290;7;0;1;2;11;1
202300007488;155 667 288;7;0;2;1;2;1
202300007488;155 667 289;2;0;2;4;26;1
202300007489;155 667 286;33;0;2;1;1;1
202300007489;155 667 287;7;0;2;3;19;1
202300007490;155 667 284;2;0;2;1;17;1
202300007490;155 667 285;7;0;2;6;15;1
202300007491;155 667 282;30;0;2;7;1;1
202300007491;155 667 283;7;0;2;3;9;1
202300007492;155 667 280;7;0;2;3;20;1
202300007492;155 667 281;2;0;2;1;17;1
202300007493;155 667 279;7;0;1;4;4;1
202300007494;155 667 278;7;0;1;8;1;1
202300007495;155 667 276;7;0;2;2;16;1
202300007495;155 667 277;32;0;2;8;7;1
202300007496;155 667 274;7;0;2;4;1;1
202300007496;155 667 275;7;0;2;1;1;1
202300007497;155 667 270;7;0;2;3;9;1
202300007497;155 667 271;50;0;2;1;25;3
202300007498;155 667 268;33;0;2;1;2;1
202300007498;155 667 269;7;0;2;3;2;1
202300007499;155 667 267;7;0;1;0;1;1
202300007500;155 667 265;7;0;2;3;1;1
202300007500;155 667 266;50;0;2;1;19;3
202300007501;155 667 263;7;0;2;6;1;1
202300007501;155 667 264;32;0;2;1;16;1
202300007502;155 667 261;7;0;2;1;16;1
202300007502;155 667 262;33;0;2;7;17;1
202300007503;155 667 259;7;0;2;2;9;0
202300007503;155 667 260;1;0;2;3;1;0
202300007504;155 667 257;10;0;2;1;16;1
202300007504;155 667 258;3;0;2;4;16;1
202300007505;155 667 256;50;0;1;7;0;3
202300007506;155 667 254;7;0;2;1;2;1
202300007506;155 667 255;7;0;2;6;2;1
202300007507;155 667 252;14;0;2;7;2;1
202300007507;155 667 253;80;0;2;8;2;3
202300007508;155 667 250;7;0;2;2;1;1
202300007508;155 667 251;80;0;2;7;19;3
202300007509;155 667 249;7;0;1;1;1;1
202300007510;155 667 247;7;0;2;3;1;2
202300007510;155 667 248;7;0;2;1;1;1
202300007511;155 667 246;7;0;1;1;1;1
202300007512;155 667 245;7;0;1;4;20;1
202300007513;155 667 243;2;0;2;7;1;1
202300007513;155 667 244;7;0;2;1;9;1
202300007514;155 667 241;7;0;2;1;26;1
202300007514;155 667 242;33;0;2;7;17;1
202300007515;155 667 240;33;0;0;8;0;0
202300007516;155 667 238;7;0;2;1;13;1
202300007516;155 667 239;7;0;2;1;1;1
202300007517;155 667 236;7;0;2;3;15;1
202300007517;155 667 237;50;0;2;1;2;3
202300007518;155 667 235;7;1;0;7;4;1
202300007519;155 667 232;7;0;2;8;11;1
202300007519;155 667 233;7;0;0;4;1;2
202300007519;155 667 234;43;0;2;1;3;1
202300007520;155 667 230;33;0;2;1;3;1
202300007520;155 667 231;10;0;2;8;11;1
202300007521;155 667 228;7;0;2;1;2;1
202300007521;155 667 229;7;0;2;4;2;2
202300007522;155 667 226;7;0;2;0;12;1
202300007522;155 667 227;33;0;2;1;3;1
202300007523;155 667 224;10;0;2;1;11;1
202300007523;155 667 225;7;0;2;4;1;2
202300007524;155 667 223;17;0;1;3;1;1
202300007525;155 667 222;7;0;1;1;14;2
202300007526;155 667 218;7;0;2;4;23;1
202300007526;155 667 219;7;0;2;4;23;1
202300007526;155 667 220;43;0;2;1;14;1
202300007526;155 667 221;7;0;2;8;23;1
202300007527;155 667 216;7;0;2;1;15;1
202300007527;155 667 217;32;0;2;8;1;1
202300007528;155 667 215;7;0;1;1;15;1
202300007529;155 667 214;7;0;1;3;1;1
202300007530;155 667 212;7;0;2;3;15;1
202300007530;155 667 213;7;0;2;3;1;1
202300007531;155 667 211;7;8;0;3;13;0
202300007532;155 667 209;7;0;2;7;15;2
202300007532;155 667 210;33;0;2;1;1;1
202300007533;155 667 207;30;0;2;2;17;1
202300007533;155 667 208;7;0;0;8;9;1
202300007534;155 667 206;50;0;1;1;1;3
202300007535;155 667 205;7;0;1;3;15;1
202300007536;155 667 204;7;0;1;1;17;1
202300007537;155 667 202;1;0;2;1;1;5
202300007537;155 667 203;34;0;2;3;1;1
202300007538;155 667 201;7;0;1;2;1;0
202300007539;155 667 200;7;1;0;2;14;1
202300007540;155 667 198;7;0;2;3;1;2
202300007540;155 667 199;1;0;2;2;19;5
202300007541;155 667 197;7;0;1;2;2;0
202300007542;155 667 195;1;0;2;1;19;5
202300007542;155 667 196;32;0;2;1;1;1
202300007543;155 667 193;7;0;2;2;15;1
202300007543;155 667 194;2;0;2;1;1;1
202300007544;155 667 191;7;0;2;1;26;1
202300007544;155 667 192;99;0;0;0;0;0
202300007545;155 667 189;7;0;2;8;11;1
202300007545;155 667 190;34;0;2;6;1;1
202300007546;155 667 187;7;0;2;4;1;1
202300007546;155 667 188;7;0;2;1;1;0
202300007547;155 667 185;7;0;2;3;2;1
202300007547;155 667 186;1;0;2;1;25;5
202300007548;155 667 183;7;0;2;2;1;1
202300007548;155 667 184;1;0;2;8;19;5
202300007549;155 667 182;60;12;0;1;1;5
202300007550;155 667 181;17;0;0;0;1;1
202300007551;155 667 179;7;0;2;1;9;1
202300007551;155 667 180;33;0;2;8;1;1
202300007552;155 667 177;7;0;0;6;23;1
202300007552;155 667 178;33;0;2;7;1;1
202300007553;155 667 175;7;0;2;1;13;0
202300007553;155 667 176;7;0;2;1;0;0
202300007554;155 667 174;7;0;1;1;1;0
202300007555;155 667 172;7;0;2;1;1;1
202300007555;155 667 173;3;0;2;1;1;1
202300007556;155 667 170;1;0;2;1;19;5
202300007556;155 667 171;1;0;2;1;1;5
202300007557;155 667 169;33;0;9;0;1;0
202300007558;155 667 167;7;5;2;2;17;0
202300007558;155 667 168;10;5;0;6;1;0
202300007559;155 667 165;33;0;2;7;17;0
202300007559;155 667 166;7;0;2;3;13;0
202300007560;155 667 164;10;13;0;3;1;1
202300007561;155 667 163;7;15;0;1;1;0
202300007562;155 667 162;10;6;0;1;1;1
202300007563;155 667 160;2;0;9;1;1;1
202300007563;155 667 161;1;0;2;1;1;5
202300007564;155 667 158;7;13;0;0;1;0
202300007565;155 667 156;7;0;2;1;17;1
202300007565;155 667 157;7;0;2;3;1;1
202300007566;155 667 154;1;0;2;4;2;5
202300007566;155 667 155;10;0;2;2;2;1
202300007567;155 667 152;7;0;2;3;15;1
202300007567;155 667 153;7;0;2;2;17;1
202300007568;155 667 151;14;1;1;2;1;1
202300007569;155 667 150;7;8;0;1;1;1
202300007570;155 667 149;36;12;0;7;10;1
202300007571;155 667 147;14;0;0;4;23;1
202300007571;155 667 148;7;0;2;1;1;1
202300007572;155 667 145;7;0;2;8;15;1
202300007572;155 667 146;7;0;2;1;1;3
202300007573;155 667 144;7;13;0;0;1;1
202300007574;155 667 142;7;0;2;7;19;1
202300007574;155 667 143;1;0;2;2;1;5
202300007575;155 667 141;2;3;0;7;1;1
202300007576;155 667 139;36;0;2;2;2;1
202300007576;155 667 140;36;0;0;5;2;1
202300007577;155 667 138;7;16;0;9;1;1
202300007578;155 667 137;7;16;0;9;1;1
202300007579;155 667 135;7;0;0;3;1;1
202300007579;155 667 136;7;0;2;3;13;1
202300007580;155 667 134;33;16;0;7;1;1
202300007581;155 667 132;10;0;2;1;3;1
202300007581;155 667 133;10;0;0;6;2;1
202300007582;155 667 131;7;0;1;1;1;1
202300007583;155 667 130;7;0;1;1;1;1
202300007584;155 667 129;7;6;0;1;1;1
202300007585;155 667 127;7;0;2;2;19;1
202300007585;155 667 128;31;0;2;7;1;1
202300007586;155 667 125;7;0;2;3;15;2
202300007586;155 667 126;1;0;2;3;1;5
202300007587;155 667 123;7;0;2;4;9;1
202300007587;155 667 124;10;0;2;1;1;1
202300007588;155 667 121;7;0;2;1;13;1
202300007588;155 667 122;7;0;2;1;1;1
202300007589;155 667 119;7;0;2;7;19;1
202300007589;155 667 120;10;0;2;1;1;1
202300007590;155 667 118;7;6;0;2;0;1
202300007591;155 667 116;32;0;2;1;1;1
202300007591;155 667 117;7;0;9;5;15;1
202300007592;155 667 115;7;2;0;3;13;1
202300007593;155 667 113;7;0;9;2;2;1
202300007593;155 667 114;1;0;0;4;2;5
202300007594;155 667 112;10;0;1;3;0;1
202300007595;155 667 111;2;13;0;1;14;1
202300007596;155 667 108;7;0;2;4;0;1
202300007596;155 667 109;7;0;2;1;0;1
202300007596;155 667 110;7;0;0;4;15;1
202300007597;155 667 106;1;0;0;0;26;5
202300007597;155 667 107;36;0;0;0;26;1
202300007598;155 667 105;7;0;1;2;1;1
202300007599;155 667 101;10;14;2;1;1;0
202300007599;155 667 102;7;0;2;4;24;1
202300007599;155 667 103;7;0;2;1;23;1
202300007599;155 667 104;7;0;2;3;1;1
202300007600;155 667 100;7;4;0;9;0;1
202300007601;155 667 098;7;3;2;1;2;1
202300007601;155 667 099;15;3;2;1;13;1
202300007602;155 667 096;7;3;2;2;2;1
202300007602;155 667 097;7;1;2;3;2;1
202300007603;155 667 095;7;13;0;1;0;1
202300007604;155 667 091;7;3;2;1;1;1
202300007604;155 667 092;7;3;2;1;1;1
202300007604;155 667 093;7;3;2;1;1;1
202300007604;155 667 094;7;3;2;2;1;1
202300007605;155 667 090;7;4;0;2;0;1
202300007606;155 667 087;7;14;0;0;0;1
202300007606;155 667 088;7;14;0;0;0;1
202300007606;155 667 089;7;14;0;0;0;1
202300007607;155 667 084;7;0;2;4;11;1
202300007607;155 667 085;7;0;2;1;1;1
202300007607;155 667 086;99;0;2;1;1;1
202300007608;155 667 083;34;12;0;2;1;1
202300007609;155 667 082;10;1;1;1;13;1
202300007610;155 667 080;7;0;2;9;0;1
202300007610;155 667 081;10;0;2;2;0;1
202300007611;155 667 079;7;;1;1;1;1
202300007612;155 667 077;7;0;2;7;19;1
202300007612;155 667 078;33;0;2;1;1;1
202300007613;155 667 074;7;1;0;1;1;1
202300007613;155 667 075;7;1;0;4;23;1
202300007613;155 667 076;7;0;0;4;23;1
202300007614;155 667 072;33;0;2;1;1;1
202300007614;155 667 073;7;0;2;5;2;1
202300007615;155 667 071;7;0;1;5;20;1
202300007616;155 667 070;10;13;0;2;1;1
202300007617;155 667 069;7;13;2;2;21;1
202300007618;155 667 067;37;0;2;2;1;1
202300007618;155 667 068;7;0;2;3;16;1
202300007619;155 667 065;7;0;2;3;24;1
202300007619;155 667 066;30;1;0;1;0;1
202300007620;155 667 063;7;0;2;1;2;1
202300007620;155 667 064;7;0;2;4;17;1
202300007621;155 667 061;7;0;2;1;1;1
202300007621;155 667 062;1;0;2;4;19;5
202300007622;155 667 059;60;0;2;8;1;5
202300007622;155 667 060;7;0;2;1;15;1
202300007623;155 667 057;7;0;2;1;2;1
202300007623;155 667 058;7;0;2;7;2;1
202300007624;155 667 056;7;0;1;2;19;1
202300007625;155 667 055;7;15;0;0;14;1
202300007626;155 667 053;7;0;2;1;19;1
202300007626;155 667 054;3;0;2;3;0;1
202300007627;155 667 052;7;0;1;1;1;1
202300007628;155 667 050;10;0;2;3;15;0
202300007628;155 667 051;50;0;2;1;17;3
202300007629;155 667 048;10;0;2;2;0;1
202300007629;155 667 049;7;0;2;2;1;1
202300007630;155 667 046;7;0;2;1;5;1
202300007630;155 667 047;37;0;2;1;1;1
202300007631;155 667 043;7;0;1;1;1;1
202300007632;155 667 040;2;0;2;7;1;1
202300007632;155 667 041;7;0;2;8;26;1
202300007633;155 667 039;7;1;0;1;21;1
202300007634;155 667 038;10;0;1;7;1;1
202300007635;155 667 036;7;0;2;1;2;1
202300007635;155 667 037;7;16;0;4;0;1
202300007636;155 667 034;7;0;2;2;1;1
202300007636;155 667 035;7;1;2;3;26;1
202300007637;155 667 033;7;0;1;2;1;1
202300007638;155 667 031;30;0;2;6;16;1
202300007638;155 667 032;7;0;2;7;1;1
202300007639;155 667 030;7;0;1;3;16;1
202300007640;155 667 028;7;0;2;7;1;1
202300007640;155 667 029;7;0;2;1;19;1
202300007641;155 667 026;7;0;2;4;23;1
202300007641;155 667 027;7;0;2;1;2;1
202300007642;155 667 024;34;0;2;2;2;1
202300007642;155 667 025;7;0;2;6;16;1
202300007643;155 667 023;33;0;0;0;1;1
202300007644;155 667 022;0;0;1;1;1;0
202300007645;155 667 020;7;0;2;1;1;1
202300007645;155 667 021;50;0;2;7;19;3
202300007646;155 667 019;7;8;0;0;26;1
202300007647;155 667 017;10;0;2;0;0;0
202300007647;155 667 018;1;0;2;4;2;5
202300007648;155 667 015;7;0;2;2;15;1
202300007648;155 667 016;50;0;2;1;1;3
202300007649;155 667 014;31;6;0;1;1;1
202300007650;155 667 013;50;0;1;1;1;3
202300007651;155 667 012;7;8;0;3;1;1
202300007652;155 667 011;7;13;0;2;9;1
202300007653;155 667 009;7;0;0;0;1;1
202300007653;155 667 010;33;0;0;0;11;1
202300007654;155 667 008;7;0;1;4;20;1
202300007655;155 667 006;30;0;2;1;1;1
202300007655;155 667 007;7;0;2;5;15;1
202300007656;155 667 003;7;0;2;1;2;1
202300007656;155 667 004;32;0;2;4;2;1
202300007656;155 667 005;7;0;2;4;2;1
202300007657;155 667 000;7;0;2;1;26;1
202300007657;155 667 001;10;0;2;4;0;1
202300007657;155 667 002;10;0;2;1;26;1
202300007658;155 666 998;7;0;2;4;1;2
202300007658;155 666 999;7;0;2;1;2;1
202300007659;155 666 997;7;13;0;0;16;1
202300007660;155 666 994;7;0;2;5;17;1
202300007660;155 666 995;7;0;2;3;15;1
202300007661;155 666 993;7;0;1;3;20;1
202300007662;155 666 991;7;0;2;1;13;0
202300007662;155 666 992;30;0;2;1;9;1
202300007663;155 666 990;7;1;0;3;21;1
202300007664;155 666 988;7;8;2;2;2;1
202300007664;155 666 989;7;0;2;3;2;1
202300007665;155 666 987;33;8;0;1;26;1
202300007666;155 666 985;43;0;0;8;26;0
202300007666;155 666 986;43;0;0;8;26;0
202300007667;155 666 984;33;0;1;1;1;0
202300007668;155 666 982;7;0;2;3;16;1
202300007668;155 666 983;2;0;2;1;21;1
202300007669;155 666 980;7;0;1;1;1;1
202300007669;155 666 981;7;0;1;1;1;1
202300007670;155 666 977;10;0;2;6;1;1
202300007670;155 666 978;7;0;2;7;1;1
202300007670;155 666 979;33;0;2;2;1;1
202300007671;155 666 976;30;0;1;1;1;3
202300007672;155 666 974;7;0;2;7;22;1
202300007672;155 666 975;1;0;2;1;1;5
202300007673;155 666 972;2;0;2;1;15;1
202300007673;155 666 973;50;0;2;1;1;3
202300007674;155 666 970;30;0;2;7;15;1
202300007674;155 666 971;7;0;2;1;2;1
202300007675;155 666 968;7;0;2;8;10;3
202300007675;155 666 969;2;0;2;7;17;3
202300007676;155 666 967;1;0;1;1;1;5
202300007677;155 666 966;30;0;1;1;1;1
202300007678;155 666 965;7;8;0;1;13;1
202300007679;155 666 963;7;0;2;4;1;1
202300007679;155 666 964;7;0;2;1;1;0
202300007680;155 666 962;7;0;1;7;9;1
202300007681;155 666 961;2;0;0;0;1;3
202300007682;155 666 959;13;0;2;0;1;0
202300007682;155 666 960;7;0;2;4;1;1
202300007683;155 666 957;33;0;2;1;1;1
202300007683;155 666 958;1;0;2;4;1;5
202300007684;155 666 955;1;0;2;1;18;5
202300007684;155 666 956;7;0;2;7;16;1
202300007685;155 666 954;33;0;0;7;1;1
202300007686;155 666 952;7;0;2;3;15;1
202300007686;155 666 953;30;0;2;8;1;1
202300007687;155 666 950;32;0;2;8;3;0
202300007687;155 666 951;7;0;2;7;1;0
202300007688;155 666 949;7;1;0;1;5;1
202300007689;155 666 948;7;14;0;1;1;1
202300007690;155 666 946;7;0;2;1;1;1
202300007690;155 666 947;7;0;2;4;1;1
202300007691;155 666 944;33;0;2;1;1;1
202300007691;155 666 945;7;0;2;6;23;0
202300007692;155 666 942;10;0;2;8;9;1
202300007692;155 666 943;2;0;2;7;1;0
202300007693;155 666 940;1;0;2;1;1;5
202300007693;155 666 941;30;0;9;1;1;0
202300007694;155 666 939;7;11;1;1;15;2
202300007695;155 666 936;7;0;2;6;20;1
202300007695;155 666 937;34;0;0;0;0;1
202300007696;155 666 934;30;0;2;1;18;1
202300007696;155 666 935;7;0;2;2;14;2
202300007697;155 666 932;7;0;0;4;23;1
202300007697;155 666 933;7;1;0;1;9;1
202300007698;155 666 929;7;0;2;1;2;1
202300007698;155 666 930;7;0;2;1;1;1
202300007698;155 666 931;10;5;2;1;1;1
202300007699;155 666 927;34;0;2;1;17;1
202300007699;155 666 928;7;0;2;3;15;1
202300007700;155 666 926;7;0;1;3;1;1
202300007701;155 666 924;31;0;2;1;26;1
202300007701;155 666 925;7;0;2;1;1;1
202300007702;155 666 923;7;3;0;6;2;1
202300007703;155 666 921;7;0;2;3;13;1
202300007703;155 666 922;7;0;2;6;1;1
202300007704;155 666 920;7;8;0;1;1;1
202300007705;155 666 919;7;17;0;8;13;1
202300007706;155 666 917;7;0;0;5;15;3
202300007706;155 666 918;33;0;2;1;1;1
202300007707;155 666 916;7;0;1;2;1;1
202300007708;155 666 915;7;0;1;5;26;1
202300007709;155 666 913;7;0;2;3;1;1
202300007709;155 666 914;2;0;2;1;13;1
202300007710;155 666 912;7;17;0;1;1;1
202300007711;155 666 910;7;0;2;1;1;1
202300007711;155 666 911;7;0;2;3;9;1
202300007712;155 666 908;21;0;2;1;19;0
202300007712;155 666 909;7;0;2;8;1;0
202300007713;155 666 904;7;0;2;2;17;1
202300007713;155 666 905;21;0;0;8;15;1
202300007714;155 666 902;7;0;2;3;15;1
202300007714;155 666 903;1;0;2;8;1;5
202300007715;155 666 901;33;0;0;7;1;1
202300007716;155 666 900;33;13;0;1;1;1
202300007717;155 666 898;1;0;2;1;17;5
202300007717;155 666 899;7;0;9;3;15;0
202300007718;155 666 896;7;0;0;0;2;1
202300007718;155 666 897;33;12;0;8;14;1
202300007719;155 666 895;7;6;0;1;13;1
202300007720;155 666 891;7;0;9;3;1;1
202300007720;155 666 892;7;0;9;1;1;1
202300007720;155 666 893;7;13;2;3;1;1