Num_Acc;id_vehicule;categorie_vehicule;obstacle_fixe;obstacle_mobile;point_choc_initial;manoeuvre_principale;motorisation
202300007720;155 666 894;33;0;2;1;17;1
202300007721;155 666 889;7;0;2;3;13;2
202300007721;155 666 890;7;0;2;3;1;1
202300007722;155 666 888;7;8;1;2;1;2
202300007723;155 666 886;14;0;2;8;1;1
202300007723;155 666 887;33;0;2;4;1;1
202300007724;155 666 885;7;0;1;2;2;1
202300007725;155 666 883;7;13;2;2;19;1
202300007725;155 666 884;3;13;2;3;1;1
202300007726;155 666 881;7;0;0;1;1;1
202300007726;155 666 882;7;0;0;4;1;1
202300007727;155 666 880;33;0;0;7;0;1
202300007728;155 666 878;15;0;0;6;1;1
202300007728;155 666 879;7;0;2;2;12;2
202300007729;155 666 876;10;0;2;2;1;1
202300007729;155 666 877;2;0;2;1;5;1
202300007730;155 666 875;7;12;0;1;14;1
202300007731;155 666 873;7;0;2;3;1;1
202300007731;155 666 874;7;3;2;3;1;1
202300007732;155 666 871;7;0;2;2;13;1
202300007732;155 666 872;7;0;2;2;1;1
202300007733;155 666 869;7;0;2;2;1;1
202300007733;155 666 870;7;0;2;3;15;1
202300007734;155 666 867;7;0;2;1;1;1
202300007734;155 666 868;50;0;2;8;5;3
202300007735;155 666 865;1;0;0;8;1;5
202300007735;155 666 866;10;0;9;2;1;1
202300007736;155 666 864;3;8;0;1;14;1
202300007737;155 666 863;7;14;0;1;1;0
202300007738;155 666 860;10;0;2;5;1;1
202300007738;155 666 861;36;0;2;1;3;1
202300007739;155 666 859;7;0;1;2;1;1
202300007740;155 666 857;7;0;2;1;2;1
202300007740;155 666 858;7;0;2;4;2;1
202300007741;155 666 855;7;0;2;5;2;1
202300007741;155 666 856;33;0;2;1;1;1
202300007742;155 666 852;7;0;2;4;1;0
202300007742;155 666 853;7;0;2;4;1;0
202300007742;155 666 854;10;0;2;1;1;0
202300007743;155 666 850;7;0;2;2;12;1
202300007743;155 666 851;33;0;2;1;3;1
202300007744;155 666 848;7;0;2;5;1;1
202300007744;155 666 849;33;0;2;3;3;1
202300007745;155 666 846;7;0;2;1;1;1
202300007745;155 666 847;7;0;2;4;1;3
202300007746;155 666 844;7;0;2;1;1;1
202300007746;155 666 845;7;0;2;4;14;1
202300007747;155 666 841;7;0;0;4;0;1
202300007747;155 666 842;10;0;2;5;12;1
202300007747;155 666 843;33;0;2;2;1;1
202300007748;155 666 839;7;0;2;8;21;1
202300007748;155 666 840;15;1;0;7;23;1
202300007749;155 666 836;7;0;2;6;1;1
202300007749;155 666 837;33;0;2;5;0;1
202300007749;155 666 838;7;0;2;7;11;1
202300007750;155 666 833;7;0;2;0;0;0
202300007750;155 666 834;7;0;2;0;0;1
202300007750;155 666 835;7;0;2;1;0;1
202300007751;155 666 832;7;4;0;2;14;1
202300007752;155 666 830;33;0;2;0;0;1
202300007752;155 666 831;7;0;2;1;2;1
202300007753;155 666 828;7;0;2;8;1;2
202300007753;155 666 829;14;0;2;7;12;1
202300007754;155 666 825;7;0;2;4;1;1
202300007754;155 666 826;7;0;2;4;1;1
202300007754;155 666 827;7;0;2;1;1;1
202300007755;155 666 823;33;0;2;1;1;1
202300007755;155 666 824;7;0;2;3;11;1
202300007756;155 666 821;10;0;2;1;2;1
202300007756;155 666 822;7;0;2;4;2;1
202300007757;155 666 819;7;0;2;8;1;1
202300007757;155 666 820;43;0;2;2;3;1
202300007758;155 666 816;10;0;2;1;1;1
202300007758;155 666 817;7;0;2;4;1;2
202300007758;155 666 818;7;0;2;4;1;1
202300007759;155 666 815;7;3;0;1;26;1
202300007760;155 666 811;10;0;2;7;12;1
202300007760;155 666 812;33;0;2;1;3;1
202300007760;155 666 813;33;0;2;1;1;1
202300007760;155 666 814;7;0;2;4;1;1
202300007761;155 666 808;7;0;1;2;15;1
202300007762;155 666 806;60;0;9;8;15;5
202300007762;155 666 807;80;0;2;2;1;3
202300007763;155 666 804;7;0;2;8;1;1
202300007763;155 666 805;33;0;2;2;17;1
202300007764;155 666 802;7;0;2;1;9;1
202300007764;155 666 803;7;0;2;6;1;1
202300007765;155 666 800;80;0;2;8;1;3
202300007765;155 666 801;10;0;2;7;1;0
202300007766;155 666 797;7;0;2;4;14;1
202300007766;155 666 798;7;0;0;0;0;0
202300007766;155 666 799;7;0;9;6;1;1
202300007767;155 666 795;33;0;2;1;1;1
202300007767;155 666 796;7;0;2;2;15;1
202300007768;155 666 794;7;0;1;3;1;1
202300007769;155 666 793;7;0;1;3;1;1
202300007770;155 666 791;7;0;2;5;10;1
202300007770;155 666 792;7;0;2;1;1;1
202300007771;155 666 789;7;0;2;5;1;1
202300007771;155 666 790;80;0;2;0;1;3
202300007772;155 666 787;7;0;2;4;23;1
202300007772;155 666 788;10;0;2;1;2;1
202300007773;155 666 784;10;0;1;1;13;1
202300007774;155 666 782;7;0;0;2;17;0
202300007774;155 666 783;7;0;0;0;1;0
202300007775;155 666 780;7;0;1;2;16;2
202300007776;155 666 778;7;0;1;0;1;1
202300007777;155 666 777;7;9;0;3;5;1
202300007778;155 666 775;7;0;2;1;1;1
202300007778;155 666 776;7;0;2;4;1;1
202300007779;155 666 774;7;0;1;1;15;1
202300007780;155 666 772;7;0;2;3;0;1
202300007780;155 666 773;7;0;2;2;15;1
202300007781;155 666 770;50;0;2;1;17;3
202300007781;155 666 771;7;0;2;3;1;1
202300007782;155 666 769;7;1;0;1;1;1
202300007783;155 666 768;3;0;1;1;16;1
202300007784;155 666 766;7;0;2;5;1;1
202300007784;155 666 767;7;0;0;6;10;1
202300007785;155 666 765;7;0;1;3;1;0
202300007786;155 666 764;7;0;1;1;1;1
202300007787;155 666 763;7;0;1;1;1;1
202300007788;155 666 761;7;0;9;3;1;1
202300007788;155 666 762;1;0;2;7;19;5
202300007789;155 666 760;7;0;1;1;1;1
202300007790;155 666 758;7;16;0;8;19;1
202300007790;155 666 759;7;0;2;0;0;1
202300007791;155 666 755;7;0;1;2;1;1
202300007792;155 666 754;60;0;0;0;1;5
202300007793;155 666 753;7;0;1;1;9;1
202300007794;155 666 752;7;0;1;1;1;1
202300007795;155 666 751;7;8;0;1;13;1
202300007796;155 666 749;2;0;2;1;1;0
202300007796;155 666 750;7;0;2;7;19;1
202300007797;155 666 746;7;0;0;0;0;0
202300007798;155 666 744;10;0;2;4;4;1
202300007798;155 666 745;7;0;2;4;4;1
202300007799;155 666 742;7;0;2;2;2;1
202300007799;155 666 743;7;0;2;2;2;1
202300007800;155 666 739;7;0;2;1;1;1
202300007800;155 666 740;7;0;2;4;1;1
202300007800;155 666 741;7;0;2;4;1;1
202300007801;155 666 738;7;0;1;1;1;1
202300007802;155 666 737;7;0;1;2;15;1
202300007803;155 666 735;33;0;2;3;1;1
202300007803;155 666 736;7;0;2;5;12;1
202300007804;155 666 734;7;0;1;1;15;1
202300007805;155 666 733;7;2;0;1;21;1
202300007806;155 666 732;7;0;1;1;19;1
202300007807;155 666 730;37;0;2;1;1;1
202300007807;155 666 731;7;0;2;4;18;1
202300007808;155 666 728;7;0;2;4;2;1
202300007808;155 666 729;37;0;2;1;2;2
202300007809;155 666 727;7;0;1;1;1;1
202300007810;155 666 725;33;0;2;1;1;1
202300007810;155 666 726;7;0;2;8;10;1
202300007811;155 666 723;1;1;0;1;1;5
202300007811;155 666 724;7;0;2;8;22;1
202300007812;155 666 722;1;0;1;3;1;5
202300007813;155 666 720;33;0;2;8;20;1
202300007813;155 666 721;32;0;2;1;1;1
202300007814;155 666 718;10;0;2;2;1;1
202300007814;155 666 719;43;0;2;3;1;1
202300007815;155 666 717;1;0;1;1;1;5
202300007816;155 666 716;1;0;1;4;5;5
202300007817;155 666 714;7;0;2;2;1;1
202300007817;155 666 715;1;0;2;3;19;5
202300007818;155 666 712;1;0;2;7;11;5
202300007818;155 666 713;1;0;2;8;1;5
202300007819;155 666 710;31;0;2;1;1;1
202300007819;155 666 711;7;0;2;8;10;2
202300007820;155 666 708;7;0;2;1;1;1
202300007820;155 666 709;33;0;2;2;15;0
202300007821;155 666 706;33;0;2;1;1;0
202300007821;155 666 707;7;0;2;8;20;0
202300007822;155 666 703;37;0;2;4;23;0
202300007822;155 666 704;7;0;2;1;1;0
202300007822;155 666 705;7;0;2;1;1;0
202300007823;155 666 701;40;0;2;1;1;3
202300007823;155 666 702;14;0;4;5;15;0
202300007824;155 666 700;7;0;1;1;1;1
202300007825;155 666 699;7;4;0;2;15;2
202300007826;155 666 697;1;0;2;1;1;5
202300007826;155 666 698;7;0;0;3;1;1
202300007827;155 666 695;7;0;2;8;0;1
202300007827;155 666 696;31;1;2;1;3;1
202300007828;155 666 693;7;0;2;1;1;1
202300007828;155 666 694;7;0;2;1;1;1
202300007829;155 666 691;37;0;2;1;2;2
202300007829;155 666 692;7;0;2;0;0;0
202300007830;155 666 689;7;0;0;8;1;1
202300007830;155 666 690;7;0;2;1;1;1
202300007831;155 666 688;7;0;1;3;1;1
202300007832;155 666 686;7;0;2;2;16;1
202300007832;155 666 687;7;0;2;1;2;1
202300007833;155 666 684;7;0;2;0;9;1
202300007833;155 666 685;50;0;2;0;1;3
202300007834;155 666 683;7;0;1;0;0;1
202300007835;155 666 682;0;0;1;5;26;0
202300007836;155 666 681;10;0;1;3;16;1
202300007837;155 666 679;30;14;2;5;17;1
202300007837;155 666 680;7;0;2;6;2;1
202300007838;155 666 678;7;1;0;3;0;1
202300007839;155 666 676;7;1;9;8;0;1
202300007839;155 666 677;1;1;0;1;0;5
202300007840;155 666 675;7;0;1;1;1;1
202300007841;155 666 673;33;1;2;1;18;1
202300007841;155 666 674;7;16;0;2;20;1
202300007842;155 666 672;30;0;1;7;17;0
202300007843;155 666 671;7;0;1;1;1;0
202300007844;155 666 670;7;0;1;3;15;1
202300007845;155 666 669;50;0;0;1;1;3
202300007846;155 666 667;7;0;2;3;15;1
202300007846;155 666 668;33;0;2;1;1;1
202300007847;155 666 663;7;0;2;3;15;1
202300007847;155 666 664;33;0;2;2;17;1
202300007848;155 666 662;7;0;1;3;1;1
202300007849;155 666 661;34;12;0;7;1;1
202300007850;155 666 659;7;0;2;3;1;1
202300007850;155 666 660;7;0;2;3;1;1
202300007851;155 666 657;7;0;2;1;5;1
202300007851;155 666 658;7;0;2;3;1;1
202300007852;155 666 656;7;0;1;0;10;1
202300007853;155 666 655;7;2;0;9;17;1
202300007854;155 666 654;10;15;0;1;0;0
202300007855;155 666 652;31;0;2;1;2;1
202300007855;155 666 653;7;0;0;4;2;1
202300007856;155 666 650;7;0;2;1;13;0
202300007856;155 666 651;7;0;2;1;1;0
202300007857;155 666 648;7;0;2;1;1;1
202300007857;155 666 649;31;0;2;1;5;1
202300007858;155 666 646;7;0;2;7;15;1
202300007858;155 666 647;43;0;2;2;1;1
202300007859;155 666 645;10;0;1;1;1;1
202300007860;155 666 644;2;12;0;0;1;1
202300007861;155 666 643;7;13;0;0;1;1
202300007862;155 666 641;7;0;2;3;13;1
202300007862;155 666 642;7;0;2;3;1;1
202300007863;155 666 639;7;0;2;3;13;1
202300007863;155 666 640;7;0;2;3;1;1
202300007864;155 666 637;7;0;2;1;9;1
202300007864;155 666 638;50;0;2;7;0;3
202300007865;155 666 635;7;0;2;1;0;0
202300007865;155 666 636;7;0;2;1;1;0
202300007866;155 666 634;7;0;0;1;1;1
202300007867;155 666 633;2;0;0;0;0;0
202300007868;155 666 632;7;0;0;0;1;1
202300007869;155 666 630;7;0;2;1;1;1
202300007869;155 666 631;7;0;2;1;13;1
202300007870;155 666 629;7;0;1;3;1;1
202300007871;155 666 628;7;0;1;4;4;1
202300007872;155 666 626;7;0;2;7;14;1
202300007872;155 666 627;7;0;2;3;16;1
202300007873;155 666 624;7;0;2;0;17;0
202300007873;155 666 625;1;0;0;6;2;5
202300007874;155 666 623;32;3;0;2;1;1
202300007875;155 666 621;17;1;0;6;24;1
202300007875;155 666 622;7;1;0;2;14;1
202300007876;155 666 620;33;13;0;7;1;1
202300007877;155 666 619;7;0;1;2;2;1
202300007878;155 666 617;7;0;2;3;1;1
202300007878;155 666 618;7;0;2;2;17;1
202300007879;155 666 615;7;0;0;5;2;1
202300007879;155 666 616;33;0;2;1;2;1
202300007880;155 666 614;7;0;0;0;1;1
202300007881;155 666 612;7;0;2;7;19;1
202300007881;155 666 613;7;0;2;1;1;1
202300007882;155 666 610;7;0;2;2;0;1
202300007882;155 666 611;10;0;2;8;1;1
202300007883;155 666 608;7;0;2;4;1;1
202300007883;155 666 609;10;0;2;1;1;2
202300007884;155 666 605;10;0;2;4;2;1
202300007884;155 666 606;7;0;2;4;2;1
202300007884;155 666 607;7;0;2;1;1;1
202300007885;155 666 603;7;0;2;1;2;1
202300007885;155 666 604;7;0;2;4;2;1
202300007886;155 666 600;7;0;2;1;2;1
202300007886;155 666 601;7;0;2;4;2;1
202300007886;155 666 602;7;0;2;4;2;1
202300007887;155 666 599;7;3;0;1;6;1
202300007888;155 666 597;7;0;2;1;2;1
202300007888;155 666 598;14;0;2;4;13;1
202300007889;155 666 595;7;0;2;2;1;1
202300007889;155 666 596;33;0;2;3;3;1
202300007890;155 666 593;31;0;2;7;1;1
202300007890;155 666 594;7;0;2;8;11;1
202300007891;155 666 591;7;0;2;4;2;1
202300007891;155 666 592;7;0;2;1;1;1
202300007892;155 666 589;7;0;2;3;11;1
202300007892;155 666 590;33;0;2;1;3;1
202300007893;155 666 586;7;0;2;1;1;1
202300007893;155 666 587;33;0;2;8;3;1
202300007893;155 666 588;10;0;2;7;12;1
202300007894;155 666 585;7;0;1;3;15;1
202300007895;155 666 584;7;0;1;3;15;1
202300007896;155 666 582;7;0;2;3;15;1
202300007896;155 666 583;7;0;2;2;1;1
202300007897;155 666 581;7;0;1;4;20;1
202300007898;155 666 580;7;0;1;1;1;0
202300007899;155 666 578;7;16;0;6;26;1
202300007899;155 666 579;14;0;2;3;26;1
202300007900;155 666 577;10;0;0;9;2;1
202300007901;155 666 576;43;0;0;0;0;0
202300007902;155 666 574;7;0;2;3;20;0
202300007902;155 666 575;43;0;2;7;1;1
202300007903;155 666 572;1;0;0;4;15;5
202300007903;155 666 573;15;0;2;2;1;1
202300007904;155 666 567;7;0;2;4;2;1
202300007904;155 666 568;10;0;2;1;2;1
202300007904;155 666 569;7;0;2;4;2;1
202300007904;155 666 570;7;0;2;4;2;1
202300007904;155 666 571;7;0;2;4;2;1
202300007905;155 666 565;10;4;2;5;1;1
202300007905;155 666 566;31;4;2;1;1;1
202300007906;155 666 563;7;0;2;1;2;1
202300007906;155 666 564;7;0;2;4;2;2
202300007907;155 666 561;14;0;2;4;24;1
202300007907;155 666 562;15;1;0;2;21;1
202300007908;155 666 560;7;4;0;1;21;1
202300007909;155 666 558;7;0;2;1;2;1
202300007909;155 666 559;7;0;2;5;23;3
202300007910;155 666 555;7;0;2;5;23;1
202300007910;155 666 556;7;14;2;4;21;1
202300007910;155 666 557;37;0;2;1;1;1
202300007911;155 666 553;7;0;2;3;1;1
202300007911;155 666 554;7;0;2;5;1;1
202300007912;155 666 551;14;0;9;7;15;1
202300007912;155 666 552;1;0;2;1;19;5
202300007913;155 666 549;7;0;2;1;0;0
202300007913;155 666 550;31;0;2;4;2;1
202300007914;155 666 548;7;4;0;1;14;1
202300007915;155 666 547;7;6;0;1;1;1
202300007916;155 666 545;33;0;2;0;0;1
202300007916;155 666 546;7;0;2;2;16;1
202300007917;155 666 543;7;0;2;3;13;1
202300007917;155 666 544;7;0;2;3;1;1
202300007918;155 666 541;7;0;2;2;1;1
202300007918;155 666 542;7;0;2;6;1;1
202300007919;155 666 540;7;0;1;1;1;2
202300007920;155 666 538;7;0;2;4;2;1
202300007920;155 666 539;7;0;2;1;2;1
202300007921;155 666 536;34;0;2;1;1;1
202300007921;155 666 537;10;0;2;5;15;1
202300007922;155 666 534;1;0;2;4;0;5
202300007922;155 666 535;7;0;2;2;1;1
202300007923;155 666 532;7;12;0;1;15;6
202300007923;155 666 533;31;0;9;8;1;6
202300007924;155 666 530;7;0;2;4;23;1
202300007924;155 666 531;7;0;2;1;1;1
202300007925;155 666 528;30;0;2;0;26;0
202300007925;155 666 529;99;0;2;0;0;0
202300007926;155 666 527;7;1;0;2;21;1
202300007927;155 666 526;10;4;0;1;26;1
202300007928;155 666 524;7;0;2;2;1;0
202300007928;155 666 525;33;0;2;8;1;0
202300007929;155 666 522;1;0;2;3;1;5
202300007929;155 666 523;7;0;2;2;15;1
202300007930;155 666 521;7;0;1;3;1;1
202300007931;155 666 519;7;0;2;1;16;1
202300007931;155 666 520;7;0;2;2;1;1
202300007932;155 666 518;7;0;1;1;1;1
202300007933;155 666 516;7;0;2;3;0;1
202300007933;155 666 517;7;0;2;2;15;1
202300007934;155 666 515;7;4;0;3;1;6
202300007935;155 666 513;7;0;2;3;1;1
202300007935;155 666 514;10;0;2;4;1;1
202300007936;155 666 512;7;13;0;2;14;2
202300007937;155 666 510;7;0;2;7;1;1
202300007937;155 666 511;7;0;2;1;1;1
202300007938;155 666 509;7;0;1;1;14;0
202300007939;155 666 507;7;0;2;2;15;1
202300007939;155 666 508;33;0;2;1;1;1
202300007940;155 666 505;7;0;2;1;1;1
202300007940;155 666 506;7;0;2;2;15;1
202300007941;155 666 503;1;0;2;7;1;5
202300007941;155 666 504;7;0;2;3;15;1
202300007942;155 666 501;50;0;2;8;7;3
202300007942;155 666 502;7;0;2;1;12;1
202300007943;155 666 499;80;0;2;5;2;3
202300007943;155 666 500;37;0;2;5;2;1
202300007944;155 666 497;50;1;0;1;1;3
202300007944;155 666 498;7;0;2;4;24;1
202300007945;155 666 495;43;0;2;1;1;1
202300007945;155 666 496;50;0;2;7;15;3
202300007946;155 666 494;50;1;0;1;1;3
202300007947;155 666 492;7;0;2;1;1;1
202300007947;155 666 493;7;0;0;0;15;1
202300007948;155 666 490;7;0;2;1;20;1
202300007948;155 666 491;7;0;2;1;1;1
202300007949;155 666 488;37;0;2;2;1;1
202300007949;155 666 489;7;0;2;8;1;1
202300007950;155 666 486;33;0;2;1;1;1
202300007950;155 666 487;7;0;2;8;9;1
202300007951;155 666 483;7;11;2;1;6;1
202300007951;155 666 484;10;0;2;2;2;1
202300007951;155 666 485;10;0;9;2;2;1
202300007952;155 666 481;99;0;2;3;10;1
202300007952;155 666 482;34;0;2;5;17;1
202300007953;155 666 479;7;0;2;4;23;1
202300007953;155 666 480;7;1;2;1;2;1
202300007954;155 666 477;7;0;0;1;1;1
202300007954;155 666 478;7;0;0;6;9;1
202300007955;155 666 475;7;0;2;8;15;1
202300007955;155 666 476;31;0;2;1;15;1
202300007956;155 666 473;7;0;2;1;15;1
202300007956;155 666 474;37;0;2;3;1;1
202300007957;155 666 468;7;1;0;1;14;1
202300007957;155 666 469;7;1;0;3;5;1
202300007958;155 666 467;7;0;1;7;1;1
202300007959;155 666 465;7;0;9;8;22;0
202300007959;155 666 466;1;1;2;1;22;5
202300007960;155 666 464;7;1;0;1;21;2
202300007961;155 666 462;7;9;2;1;21;0
202300007961;155 666 463;7;0;2;0;15;0
202300007962;155 666 459;7;0;1;4;4;0
202300007963;155 666 456;7;0;0;4;2;1
202300007963;155 666 457;15;0;2;1;12;1
202300007963;155 666 458;7;0;2;4;2;1
202300007964;155 666 455;33;14;0;9;1;1
202300007965;155 666 454;2;0;0;0;1;1
202300007966;155 666 453;2;0;0;8;15;1
202300007967;155 666 452;33;0;0;0;1;1
202300007968;155 666 451;33;0;0;7;15;1
202300007969;155 666 450;7;13;0;3;1;1
202300007970;155 666 448;7;0;0;5;15;0
202300007970;155 666 449;33;14;2;1;1;0
202300007971;155 666 446;31;0;2;3;13;1
202300007971;155 666 447;21;0;2;6;1;1
202300007972;155 666 444;7;0;2;1;2;1
202300007972;155 666 445;7;0;2;4;2;1
202300007973;155 666 443;7;13;0;2;1;1
202300007974;155 666 441;7;0;2;1;13;1
202300007974;155 666 442;14;0;2;3;1;1
202300007975;155 666 439;10;0;2;1;2;1
202300007975;155 666 440;14;0;2;4;2;1
202300007976;155 666 437;7;0;2;1;1;1
202300007976;155 666 438;10;0;2;1;13;1
202300007977;155 666 435;7;0;2;8;19;3
202300007977;155 666 436;33;0;2;7;1;1
202300007978;155 666 434;7;4;0;1;1;1
202300007979;155 666 432;7;0;2;3;13;1
202300007979;155 666 433;7;0;2;3;1;1
202300007980;155 666 431;36;0;0;9;1;1
202300007981;155 666 430;7;2;0;1;0;1
202300007982;155 666 427;7;0;2;4;2;0
202300007982;155 666 428;7;0;2;1;2;0
202300007982;155 666 429;7;0;2;4;2;0
202300007983;155 666 426;33;0;0;7;1;1
202300007984;155 666 423;14;0;2;1;1;1
202300007984;155 666 424;7;0;2;4;1;1
202300007984;155 666 425;7;0;2;4;1;1
202300007985;155 666 421;7;0;1;1;1;1
202300007985;155 666 422;20;0;2;4;23;6
202300007986;155 666 419;7;0;2;6;15;1
202300007986;155 666 420;33;0;2;1;17;1
202300007987;155 666 418;21;1;0;0;15;1
202300007988;155 666 417;31;0;0;8;1;1
202300007989;155 666 415;2;0;2;1;15;1
202300007989;155 666 416;10;0;2;1;1;1
202300007990;155 666 414;7;0;1;1;1;1
202300007991;155 666 412;7;0;2;1;1;1
202300007991;155 666 413;2;0;2;8;1;1
202300007992;155 666 410;39;0;2;2;19;3
202300007992;155 666 411;7;0;4;3;1;1
202300007993;155 666 408;7;0;2;2;19;1
202300007993;155 666 409;7;0;2;7;1;1
202300007994;155 666 406;31;0;2;1;1;1
202300007994;155 666 407;7;0;2;2;15;1
202300007995;155 666 405;7;5;0;9;17;1
202300007996;155 666 402;7;4;2;9;2;0
202300007996;155 666 403;7;0;2;1;2;0
202300007996;155 666 404;7;14;0;1;2;0
202300007997;155 666 400;7;0;2;1;13;1
202300007997;155 666 401;7;0;2;1;1;1
202300007998;155 666 399;7;0;1;2;1;1
202300007999;155 666 398;7;2;0;1;16;1
202300008000;155 666 397;33;5;0;8;2;1
202300008001;155 666 396;1;0;0;0;0;5
202300008002;155 666 395;33;1;2;0;1;1
202300008003;155 666 394;33;0;0;0;0;1
202300008004;155 666 393;7;15;1;5;4;1
202300008005;155 666 391;80;0;2;3;1;3
202300008005;155 666 392;7;0;2;2;1;1
202300008006;155 666 390;33;0;0;4;26;1
202300008007;155 666 388;7;0;2;3;24;1
202300008007;155 666 389;7;1;0;1;6;1
202300008008;155 666 387;33;3;0;1;1;1
202300008009;155 666 386;36;1;0;1;15;1
202300008010;155 666 385;7;0;1;1;1;1
202300008011;155 666 384;7;1;1;2;1;1
202300008012;155 666 383;7;2;0;1;14;1
202300008013;155 666 381;7;0;2;8;1;1
202300008013;155 666 382;33;0;2;7;1;1
202300008014;155 666 378;7;0;2;1;14;1
202300008014;155 666 379;7;0;2;4;23;1
202300008014;155 666 380;7;0;2;8;21;1
202300008015;155 666 377;7;4;0;1;9;1
202300008016;155 666 376;7;4;0;3;1;1
202300008017;155 666 375;33;0;0;8;1;1
202300008018;155 666 374;7;0;2;1;0;0
202300008019;155 666 372;1;0;2;0;1;5
202300008019;155 666 373;7;0;2;1;1;1
202300008020;155 666 370;7;0;2;8;1;2
202300008020;155 666 371;7;0;2;1;1;2
202300008021;155 666 369;7;14;0;3;1;1
202300008022;155 666 367;7;2;0;8;2;1
202300008023;155 666 366;33;0;0;0;0;1
202300008023;155 666 368;7;0;2;8;15;1
202300008024;155 666 365;7;13;0;1;1;1
202300008025;155 666 363;32;6;0;1;26;1
202300008026;155 666 362;7;0;2;1;23;1
202300008026;155 666 364;34;0;2;1;21;1
202300008027;155 666 361;33;0;6;1;0;1
202300008028;155 666 360;7;6;0;1;1;1
202300008029;155 666 359;7;3;0;2;1;1
202300008030;155 666 358;31;12;0;2;1;1
202300008031;155 666 356;7;0;2;2;26;1
202300008031;155 666 357;7;0;2;6;1;1
202300008032;155 666 353;7;1;0;1;15;1
202300008033;155 666 354;7;3;2;1;13;1
202300008033;155 666 355;15;0;2;3;1;1
202300008034;155 666 352;7;0;1;2;1;1
202300008035;155 666 351;2;13;0;0;1;1
202300008036;155 666 347;7;0;2;3;1;1
202300008036;155 666 348;7;0;2;3;13;1
202300008037;155 666 345;10;0;2;3;1;1
202300008037;155 666 346;14;0;2;5;21;1
202300008037;155 666 349;10;0;2;4;23;1
202300008037;155 666 350;7;0;2;4;15;1
202300008038;155 666 343;1;0;2;8;1;5
202300008038;155 666 344;1;0;2;7;17;5
202300008039;155 666 339;32;0;1;1;0;1
202300008040;155 666 336;7;0;2;4;2;1
202300008040;155 666 337;7;0;2;1;2;1
202300008041;155 666 338;99;0;9;8;15;1
202300008041;155 666 340;2;0;2;1;1;1
202300008042;155 666 334;7;0;1;2;1;1
202300008043;155 666 327;7;0;1;7;26;2
202300008044;155 666 329;7;0;1;2;13;1
202300008045;155 666 328;7;0;2;4;2;1
202300008045;155 666 330;15;0;2;1;2;1
202300008045;155 666 333;7;0;2;4;2;1
202300008046;155 666 323;7;0;2;1;2;1
202300008046;155 666 325;33;0;0;4;2;1
202300008047;155 666 324;7;0;2;1;1;1
202300008047;155 666 326;7;0;2;5;15;1
202300008048;155 666 322;7;0;1;7;1;2
202300008049;155 666 319;7;2;1;3;6;1
202300008050;155 666 321;7;0;0;1;11;1
202300008051;155 666 318;10;0;1;3;15;0
202300008052;155 666 317;7;0;2;2;15;1
202300008052;155 666 320;7;0;2;3;1;2
202300008053;155 666 309;2;0;2;1;13;1
202300008053;155 666 314;7;0;2;3;1;1
202300008054;155 666 307;2;0;0;0;1;1
202300008055;155 666 306;31;13;0;1;1;1
202300008056;155 666 304;7;0;2;1;1;1
202300008056;155 666 308;7;0;2;4;23;1
202300008056;155 666 311;7;0;2;4;23;2
202300008056;155 666 315;7;0;2;4;23;1
202300008057;155 666 305;7;0;2;1;12;1
202300008057;155 666 310;7;0;2;4;1;1
202300008058;155 666 301;7;0;2;1;1;1
202300008058;155 666 303;7;0;2;2;15;1
202300008059;155 666 300;7;0;1;1;1;1
202300008060;155 666 299;2;0;2;1;5;1
202300008060;155 666 302;7;0;2;2;1;1
202300008061;155 666 297;7;0;1;1;1;1
202300008062;155 666 296;7;0;2;7;12;1
202300008062;155 666 298;7;0;2;6;1;1
202300008063;155 666 293;32;12;0;1;14;1
202300008064;155 666 292;50;0;0;0;26;3
202300008065;155 666 289;30;12;0;4;13;1
202300008066;155 666 290;7;0;2;3;1;1
202300008066;155 666 291;7;0;2;2;1;1
202300008067;155 666 288;34;0;2;1;3;1
202300008067;155 666 294;10;0;2;5;1;1
202300008068;155 666 286;7;0;2;1;2;1
202300008068;155 666 287;7;0;2;4;2;1
202300008069;155 666 284;7;0;1;3;1;1
202300008070;155 666 282;33;0;2;1;5;1
202300008070;155 666 283;33;0;2;1;26;1
202300008070;155 666 285;33;0;2;0;21;1
202300008071;155 666 278;1;0;2;1;5;5
202300008071;155 666 281;7;0;2;3;0;1
202300008072;155 666 276;33;0;2;1;1;1
202300008072;155 666 280;33;0;0;8;26;1
202300008073;155 666 272;33;0;0;2;1;1
202300008074;155 666 270;1;0;2;1;1;5
202300008074;155 666 274;7;0;2;3;15;1
202300008075;155 666 269;7;0;2;1;1;1
202300008075;155 666 273;7;0;2;1;1;1
202300008075;155 666 275;7;0;2;4;1;1
202300008075;155 666 277;7;0;2;4;1;1
202300008076;155 666 271;7;0;2;1;2;1
202300008076;155 666 279;10;0;2;4;1;1
202300008077;155 666 263;31;0;2;7;1;1
202300008077;155 666 266;7;0;2;6;13;1
202300008077;155 666 268;43;0;2;7;3;1
202300008078;155 666 262;7;0;2;0;1;1
202300008078;155 666 265;33;0;2;7;14;0