Num_Acc;id_vehicule;categorie_vehicule;obstacle_fixe;obstacle_mobile;point_choc_initial;manoeuvre_principale;motorisation
202300008079;155 666 261;7;14;2;1;2;1
202300008079;155 666 264;7;14;0;4;2;1
202300008079;155 666 267;7;0;0;4;2;1
202300008080;155 666 255;10;0;2;1;9;1
202300008080;155 666 259;2;0;2;7;1;1
202300008081;155 666 258;7;0;2;1;1;1
202300008081;155 666 260;10;0;2;4;1;1
202300008082;155 666 254;7;0;2;3;1;2
202300008082;155 666 257;50;0;2;8;5;3
202300008083;155 666 253;7;0;2;3;1;1
202300008083;155 666 256;14;0;2;8;1;1
202300008084;155 666 252;30;1;0;6;21;1
202300008085;155 666 250;7;0;1;8;1;1
202300008086;155 666 247;7;0;2;3;0;0
202300008086;155 666 249;17;0;2;3;0;0
202300008087;155 666 245;7;0;1;1;16;1
202300008088;155 666 241;7;0;2;1;15;1
202300008088;155 666 244;7;0;2;3;1;1
202300008089;155 666 239;7;0;2;1;17;1
202300008089;155 666 242;7;0;2;1;1;1
202300008090;155 666 238;7;0;2;4;2;1
202300008090;155 666 243;7;0;2;0;23;1
202300008090;155 666 246;99;0;2;1;2;1
202300008090;155 666 248;7;0;2;4;2;1
202300008090;155 666 251;7;0;2;4;13;1
202300008091;155 666 234;37;0;2;8;9;1
202300008091;155 666 236;33;0;2;1;1;1
202300008092;155 666 231;1;0;2;4;26;5
202300008092;155 666 233;14;0;2;3;1;0
202300008093;155 666 229;7;0;2;1;1;1
202300008093;155 666 232;7;0;0;0;0;1
202300008093;155 666 235;7;0;2;4;1;1
202300008093;155 666 237;7;0;2;1;1;1
202300008093;155 666 240;7;0;2;1;1;1
202300008094;155 666 228;37;0;1;1;1;4
202300008095;155 666 227;33;2;0;1;1;1
202300008096;155 666 224;7;0;2;4;2;1
202300008096;155 666 226;7;0;2;1;2;1
202300008097;155 666 225;7;0;2;2;12;1
202300008097;155 666 230;43;0;2;3;3;1
202300008098;155 666 221;30;0;2;2;5;3
202300008098;155 666 223;10;0;2;6;1;1
202300008099;155 666 219;7;0;2;5;13;1
202300008099;155 666 222;7;0;2;1;1;1
202300008100;155 666 218;7;0;2;2;15;1
202300008100;155 666 220;33;0;2;1;1;1
202300008101;155 666 215;7;4;0;8;1;1
202300008102;155 666 212;7;0;2;5;4;1
202300008102;155 666 216;7;0;2;3;2;1
202300008103;155 666 211;10;0;2;1;1;1
202300008103;155 666 214;7;0;2;4;23;1
202300008104;155 666 209;50;12;0;1;9;3
202300008105;155 666 210;32;0;2;3;3;1
202300008105;155 666 213;10;0;2;2;1;1
202300008105;155 666 217;7;0;2;3;1;1
202300008106;155 666 208;2;0;0;8;1;1
202300008107;155 666 206;7;0;1;0;0;1
202300008108;155 666 205;7;0;2;3;20;1
202300008108;155 666 207;7;0;2;2;1;1
202300008109;155 666 200;7;0;1;0;1;1
202300008110;155 666 201;7;0;2;3;2;1
202300008110;155 666 204;7;0;2;5;2;1
202300008111;155 666 202;7;0;2;2;15;1
202300008111;155 666 203;32;0;2;1;1;1
202300008112;155 666 198;7;0;2;1;1;1
202300008112;155 666 199;7;0;2;4;2;1
202300008113;155 666 194;99;13;0;1;1;1
202300008114;155 666 193;7;0;1;1;1;1
202300008115;155 666 191;7;0;2;4;1;1
202300008115;155 666 195;13;0;2;1;1;1
202300008115;155 666 197;7;0;2;9;1;1
202300008116;155 666 192;10;0;0;4;1;1
202300008116;155 666 196;7;0;2;1;2;1
202300008117;155 666 190;33;0;0;0;0;1
202300008118;155 666 189;7;0;1;1;1;1
202300008119;155 666 186;7;0;2;1;1;1
202300008119;155 666 188;7;0;0;4;1;1
202300008120;155 666 183;7;0;9;5;18;1
202300008120;155 666 185;1;0;2;8;2;5
202300008121;155 666 181;7;0;2;0;20;1
202300008121;155 666 184;2;12;0;7;2;1
202300008122;155 666 180;10;0;2;0;0;1
202300008122;155 666 182;10;0;9;1;1;1
202300008122;155 666 187;33;0;9;1;1;1
202300008123;155 666 177;7;0;2;1;26;1
202300008123;155 666 179;7;0;2;7;26;1
202300008124;155 666 175;7;2;0;1;1;1
202300008125;155 666 174;99;0;2;8;1;1
202300008125;155 666 178;7;0;2;1;1;1
202300008126;155 666 172;7;0;1;1;1;1
202300008127;155 666 173;7;0;2;1;13;1
202300008127;155 666 176;7;0;2;1;1;1
202300008128;155 666 170;7;2;0;3;1;1
202300008129;155 666 171;7;0;1;1;1;1
202300008130;155 666 169;36;0;0;0;1;1
202300008131;155 666 165;7;0;2;7;15;1
202300008131;155 666 166;7;12;2;1;2;1
202300008132;155 666 161;33;0;2;8;1;1
202300008132;155 666 163;10;0;2;8;13;1
202300008133;155 666 160;33;0;0;0;1;1
202300008134;155 666 159;7;0;1;1;0;1
202300008135;155 666 158;7;6;9;1;1;1
202300008136;155 666 157;2;0;0;7;1;1
202300008137;155 666 155;7;0;2;8;15;1
202300008137;155 666 156;2;0;2;2;17;1
202300008138;155 666 153;7;0;2;2;1;1
202300008138;155 666 154;10;0;2;3;15;1
202300008139;155 666 149;31;0;2;1;17;1
202300008139;155 666 152;7;0;2;1;1;1
202300008140;155 666 147;7;0;2;3;9;1
202300008140;155 666 150;7;0;2;2;1;1
202300008141;155 666 148;33;0;2;1;2;1
202300008141;155 666 151;10;0;2;4;2;1
202300008142;155 666 145;7;0;2;3;2;1
202300008142;155 666 146;43;0;2;1;16;1
202300008143;155 666 141;32;0;2;8;3;1
202300008143;155 666 143;7;0;2;7;12;2
202300008144;155 666 140;14;0;0;0;17;0
202300008144;155 666 142;1;0;0;0;1;5
202300008144;155 666 144;33;0;0;0;1;1
202300008145;155 666 138;33;0;2;1;1;1
202300008145;155 666 139;7;0;2;2;15;1
202300008146;155 666 135;32;0;2;4;2;1
202300008146;155 666 136;7;0;2;5;12;0
202300008147;155 666 130;15;0;1;1;1;1
202300008148;155 666 129;7;0;2;1;1;1
202300008148;155 666 132;1;0;2;1;1;5
202300008149;155 666 128;7;0;0;4;23;1
202300008149;155 666 133;7;0;2;1;2;1
202300008149;155 666 134;7;0;2;4;23;1
202300008150;155 666 126;7;0;1;2;1;1
202300008151;155 666 125;7;0;2;1;2;1
202300008151;155 666 127;34;0;2;4;23;1
202300008152;155 666 131;30;0;2;2;9;1
202300008152;155 666 137;7;0;2;6;1;1
202300008153;155 666 122;1;12;0;1;16;5
202300008154;155 666 121;33;0;2;1;1;1
202300008154;155 666 123;33;0;2;3;13;1
202300008154;155 666 124;33;0;2;7;21;1
202300008155;155 666 119;37;0;9;7;1;2
202300008155;155 666 120;50;0;2;8;2;3
202300008156;155 666 117;32;0;1;6;23;1
202300008157;155 666 114;7;0;2;2;19;1
202300008157;155 666 116;31;0;2;3;1;1
202300008158;155 666 113;7;0;1;1;21;1
202300008159;155 666 112;7;0;2;2;15;3
202300008159;155 666 115;2;0;2;1;1;1
202300008160;155 666 111;2;0;2;8;14;1
202300008160;155 666 118;7;0;2;1;16;1
202300008161;155 666 107;7;0;2;2;13;1
202300008161;155 666 110;60;0;2;0;1;5
202300008162;155 666 105;33;0;2;1;1;1
202300008162;155 666 108;30;0;2;7;9;1
202300008163;155 666 104;7;0;2;4;2;2
202300008163;155 666 106;10;0;2;1;2;1
202300008163;155 666 109;10;0;2;1;2;1
202300008164;155 666 103;30;0;0;8;14;1
202300008165;155 666 101;1;0;2;6;23;5
202300008165;155 666 102;50;0;2;2;2;3
202300008166;155 666 099;10;0;1;3;1;1
202300008167;155 666 097;7;0;2;1;2;1
202300008167;155 666 100;7;0;2;6;2;1
202300008168;155 666 095;32;0;2;3;1;1
202300008168;155 666 096;1;0;2;2;12;5
202300008169;155 666 093;7;0;2;7;26;0
202300008169;155 666 094;33;0;2;3;1;1
202300008170;155 666 090;30;0;2;2;17;3
202300008170;155 666 091;7;0;2;3;9;2
202300008171;155 666 087;33;0;2;4;2;1
202300008171;155 666 092;10;0;2;1;2;1
202300008172;155 666 086;31;0;2;1;2;1
202300008172;155 666 089;7;0;2;5;1;1
202300008173;155 666 082;7;0;2;2;1;2
202300008173;155 666 085;33;0;2;1;1;0
202300008174;155 666 088;7;0;2;3;1;1
202300008174;155 666 098;50;0;2;7;19;3
202300008175;155 666 079;7;0;2;2;12;1
202300008175;155 666 081;43;0;2;8;3;1
202300008175;155 666 083;10;0;2;5;1;1
202300008176;155 666 077;10;0;1;2;1;1
202300008177;155 666 076;7;0;2;8;23;1
202300008177;155 666 078;7;0;2;7;23;1
202300008177;155 666 080;7;0;2;4;23;1
202300008177;155 666 084;10;0;2;1;2;1
202300008178;155 666 073;32;0;2;1;1;1
202300008178;155 666 075;7;0;2;5;23;2
202300008179;155 666 070;0;0;2;0;2;0
202300008179;155 666 072;7;12;2;1;2;2
202300008180;155 666 069;33;0;2;1;14;1
202300008180;155 666 071;10;0;2;5;2;1
202300008181;155 666 068;7;0;1;2;17;2
202300008182;155 666 065;7;0;2;1;15;0
202300008182;155 666 066;34;0;2;1;1;0
202300008183;155 666 061;7;0;2;5;12;1
202300008183;155 666 063;33;0;2;3;14;1
202300008184;155 666 067;31;0;2;7;0;1
202300008184;155 666 074;7;0;2;8;17;1
202300008185;155 666 060;32;0;2;1;10;1
202300008185;155 666 064;50;0;2;1;1;3
202300008186;155 666 058;7;1;2;3;5;1
202300008186;155 666 059;7;0;2;3;1;1
202300008186;155 666 062;7;1;2;6;0;1
202300008187;155 666 055;33;0;2;2;17;1
202300008187;155 666 056;7;0;2;3;9;1
202300008188;155 666 054;7;0;2;7;12;0
202300008188;155 666 057;33;0;2;3;3;0
202300008189;155 666 051;7;1;0;3;0;2
202300008189;155 666 052;7;0;0;2;2;1
202300008190;155 666 050;7;0;2;3;0;1
202300008190;155 666 053;7;0;2;1;1;1
202300008191;155 666 047;7;0;2;8;1;1
202300008191;155 666 049;10;0;2;1;1;1
202300008192;155 666 044;7;0;2;5;16;1
202300008192;155 666 046;1;0;2;1;1;5
202300008193;155 666 045;7;0;2;4;23;1
202300008193;155 666 048;7;0;2;1;2;1
202300008194;155 666 041;50;0;1;1;25;3
202300008195;155 666 042;2;0;2;1;1;1
202300008195;155 666 043;7;0;2;2;15;1
202300008196;155 666 038;33;0;2;8;18;1
202300008196;155 666 040;7;0;2;7;0;1
202300008197;155 666 035;7;0;2;3;9;1
202300008197;155 666 037;33;0;2;1;1;1
202300008198;155 666 032;2;0;2;0;17;1
202300008198;155 666 036;7;0;2;6;15;1
202300008199;155 666 031;7;0;2;6;12;0
202300008199;155 666 033;33;0;2;2;3;0
202300008199;155 666 034;7;0;2;4;23;0
202300008200;155 666 029;7;9;2;1;10;1
202300008200;155 666 030;7;9;2;1;1;1
202300008201;155 666 024;37;0;2;5;16;4
202300008201;155 666 027;33;0;2;8;16;1
202300008202;155 666 025;32;12;0;2;2;1
202300008203;155 666 028;7;0;2;4;0;1
202300008203;155 666 039;7;0;2;1;1;1
202300008204;155 666 021;1;0;1;8;1;5
202300008205;155 666 018;7;0;2;6;22;1
202300008205;155 666 020;37;1;2;5;1;1
202300008206;155 666 017;10;0;2;1;2;1
202300008206;155 666 019;7;0;2;4;1;1
202300008206;155 666 022;7;0;2;4;2;1
202300008206;155 666 023;7;0;2;1;2;1
202300008206;155 666 026;7;0;2;4;2;3
202300008207;155 666 014;30;1;0;1;0;1
202300008208;155 666 008;7;0;2;4;23;1
202300008208;155 666 011;7;1;0;1;1;1
202300008208;155 666 013;7;0;2;4;23;1
202300008208;155 666 015;7;0;2;4;23;1
202300008209;155 666 009;7;4;2;4;12;1
202300008209;155 666 012;31;4;2;1;3;1
202300008210;155 666 006;1;0;2;8;2;5
202300008210;155 666 010;7;0;2;7;16;3
202300008211;155 666 005;7;0;2;4;23;0
202300008211;155 666 007;30;1;0;1;1;0
202300008212;155 666 003;7;3;0;3;14;1
202300008213;155 666 002;7;0;2;3;11;1
202300008213;155 666 004;33;0;2;2;1;1
202300008214;155 666 001;7;4;0;1;1;1
202300008215;155 666 000;7;0;1;3;1;1
202300008216;155 665 996;10;0;2;8;13;1
202300008216;155 665 999;7;0;2;1;0;1
202300008217;155 665 994;7;0;2;1;2;1
202300008217;155 665 998;10;0;2;6;1;1
202300008218;155 665 995;7;9;0;1;1;1
202300008219;155 665 991;33;0;0;0;13;1
202300008220;155 665 993;7;0;2;4;23;1
202300008220;155 665 997;10;1;2;1;2;1
202300008221;155 665 988;7;0;2;1;2;1
202300008221;155 665 990;30;0;2;4;2;1
202300008222;155 665 987;7;0;2;6;1;1
202300008222;155 665 989;7;0;2;0;0;0
202300008222;155 665 992;7;3;2;4;1;1
202300008223;155 665 984;7;4;2;1;18;1
202300008223;155 665 986;7;0;2;4;1;1
202300008224;155 665 985;7;6;0;1;1;1
202300008225;155 665 982;7;0;1;2;1;1
202300008226;155 665 983;1;0;1;1;17;5
202300008227;155 665 979;7;4;2;1;2;1
202300008227;155 665 980;7;4;2;4;2;1
202300008227;155 665 981;7;4;2;4;2;1
202300008228;155 665 973;10;0;2;1;2;1
202300008228;155 665 975;7;0;2;4;2;1
202300008228;155 665 978;7;0;2;4;2;1
202300008229;155 665 974;7;0;2;3;2;2
202300008229;155 665 977;31;0;2;5;2;1
202300008230;155 665 972;50;0;2;1;1;3
202300008230;155 665 976;10;0;2;1;15;0
202300008231;155 665 967;7;4;2;4;1;1
202300008231;155 665 970;33;4;2;1;3;1
202300008232;155 665 965;7;0;2;1;26;1
202300008232;155 665 971;7;0;2;4;0;2
202300008233;155 665 966;7;0;2;1;1;1
202300008233;155 665 969;1;0;2;1;1;5
202300008234;155 665 964;33;0;2;1;0;1
202300008234;155 665 968;7;0;2;1;9;1
202300008235;155 665 959;15;0;2;1;2;1
202300008235;155 665 962;7;0;2;4;2;1
202300008235;155 665 963;15;0;2;4;2;1
202300008236;155 665 961;31;11;0;3;1;1
202300008237;155 665 954;7;3;2;7;12;1
202300008237;155 665 957;33;3;2;1;3;1
202300008238;155 665 958;7;0;2;1;12;1
202300008238;155 665 960;7;0;2;4;9;1
202300008239;155 665 953;1;0;2;1;21;5
202300008239;155 665 956;10;0;2;8;10;1
202300008240;155 665 952;7;0;2;8;1;2
202300008240;155 665 955;7;0;2;1;1;2
202300008241;155 665 949;10;0;2;5;12;1
202300008241;155 665 951;43;0;2;8;1;1
202300008242;155 665 947;7;0;2;2;1;1
202300008242;155 665 950;7;0;2;3;1;1
202300008243;155 665 944;7;0;2;1;2;1
202300008243;155 665 946;7;0;2;4;2;1
202300008243;155 665 948;7;0;2;4;2;1
202300008244;155 665 945;7;0;1;1;1;1
202300008245;155 665 940;7;11;0;3;1;1
202300008246;155 665 941;7;0;2;1;1;1
202300008246;155 665 943;33;0;2;7;1;1
202300008247;155 665 939;7;0;2;1;1;1
202300008247;155 665 942;33;14;2;6;16;1
202300008248;155 665 936;7;0;2;2;2;1
202300008248;155 665 938;32;0;2;4;23;1
202300008249;155 665 937;7;0;1;3;1;1
202300008250;155 665 934;37;0;2;2;7;1
202300008250;155 665 935;7;0;2;3;15;1
202300008251;155 665 933;7;1;1;4;4;1
202300008252;155 665 928;7;0;2;5;15;6
202300008252;155 665 929;36;0;2;1;1;6
202300008253;155 665 930;7;0;2;1;2;1
202300008253;155 665 932;7;0;2;4;23;1
202300008254;155 665 927;1;0;2;8;19;5
202300008254;155 665 931;7;0;9;3;1;1
202300008255;155 665 925;7;6;0;1;1;1
202300008256;155 665 924;33;0;2;1;1;1
202300008256;155 665 926;7;0;2;8;1;1
202300008257;155 665 921;7;0;2;1;0;0
202300008257;155 665 922;2;0;2;1;0;0
202300008258;155 665 919;1;0;2;8;1;5
202300008258;155 665 920;7;0;2;2;16;1
202300008259;155 665 916;7;0;2;4;11;1
202300008259;155 665 918;33;0;2;1;3;1
202300008260;155 665 915;50;0;2;8;13;3
202300008260;155 665 917;7;0;2;5;17;1
202300008261;155 665 911;7;0;2;1;2;1
202300008261;155 665 913;7;0;2;4;2;1
202300008262;155 665 914;10;0;2;2;1;1
202300008262;155 665 923;31;0;2;4;0;1
202300008263;155 665 910;7;12;2;7;2;1
202300008263;155 665 912;7;12;2;1;2;1
202300008264;155 665 907;33;0;2;0;1;0
202300008264;155 665 908;10;0;2;0;12;0
202300008265;155 665 905;7;0;2;1;1;1
202300008265;155 665 909;7;0;2;1;1;1
202300008266;155 665 906;7;0;1;1;1;1
202300008267;155 665 903;7;0;2;8;10;0
202300008267;155 665 904;32;0;2;1;1;0
202300008268;155 665 902;33;0;1;2;17;1
202300008269;155 665 901;43;0;1;1;21;1
202300008270;155 665 899;7;0;1;1;1;2
202300008271;155 665 897;7;0;2;3;15;1
202300008271;155 665 900;50;0;2;1;1;3
202300008272;155 665 896;10;0;1;1;1;1
202300008273;155 665 893;7;0;2;4;2;2
202300008273;155 665 894;31;0;2;1;2;1
202300008274;155 665 890;7;14;2;7;0;1
202300008274;155 665 891;7;0;2;1;26;1
202300008275;155 665 895;7;0;2;1;1;1
202300008275;155 665 898;10;0;2;4;1;1
202300008276;155 665 889;33;0;1;1;17;1
202300008277;155 665 887;7;0;0;1;0;
202300008278;155 665 885;7;0;1;1;1;1
202300008279;155 665 886;7;0;2;2;1;0
202300008279;155 665 888;1;0;2;3;1;5
202300008280;155 665 883;7;0;1;2;1;1
202300008281;155 665 882;10;0;1;1;0;0
202300008282;155 665 878;10;0;2;6;15;1
202300008282;155 665 881;1;0;2;7;1;5
202300008283;155 665 876;7;0;2;3;15;1
202300008283;155 665 879;50;0;2;1;1;3
202300008284;155 665 875;7;0;2;1;15;1
202300008284;155 665 880;33;0;2;1;1;0
202300008285;155 665 874;33;0;2;0;1;1
202300008285;155 665 877;7;0;0;7;15;1
202300008286;155 665 873;10;0;1;1;1;1
202300008287;155 665 868;33;9;2;6;18;1
202300008287;155 665 871;7;0;2;2;16;1
202300008288;155 665 867;7;0;2;2;12;1
202300008288;155 665 872;34;0;2;3;0;1
202300008289;155 665 866;7;0;2;1;1;1
202300008289;155 665 869;7;4;2;1;5;1
202300008290;155 665 865;7;0;2;1;17;1
202300008290;155 665 870;1;0;2;4;1;5
202300008291;155 665 864;7;7;0;1;6;1
202300008292;155 665 859;30;0;1;1;1;1
202300008293;155 665 857;50;0;2;1;5;3
202300008293;155 665 862;7;0;2;1;26;1
202300008294;155 665 858;33;0;2;2;17;1
202300008294;155 665 863;7;0;2;8;15;1
202300008295;155 665 856;7;0;2;2;19;1
202300008295;155 665 861;1;0;2;1;1;5
202300008296;155 665 853;7;0;2;4;2;1
202300008296;155 665 855;7;0;2;4;2;1
202300008296;155 665 860;7;0;2;1;2;1
202300008297;155 665 854;7;0;1;2;15;1
202300008298;155 665 849;7;0;2;1;1;1
202300008298;155 665 852;1;0;2;8;19;5
202300008299;155 665 847;7;0;0;0;10;1
202300008299;155 665 851;31;0;0;0;1;1
202300008300;155 665 848;2;0;2;1;1;1
202300008300;155 665 850;7;0;2;3;9;1
202300008301;155 665 844;7;0;2;1;1;0
202300008301;155 665 846;7;0;2;4;1;0
202300008302;155 665 842;7;0;0;9;1;0
202300008302;155 665 845;7;13;2;2;1;1
202300008303;155 665 841;7;0;2;3;9;1
202300008303;155 665 843;2;0;2;1;1;1
202300008304;155 665 839;7;13;0;2;1;1
202300008305;155 665 836;1;0;2;0;15;5
202300008305;155 665 840;33;0;2;1;17;1
202300008306;155 665 833;2;0;2;4;2;1
202300008306;155 665 837;7;0;2;1;2;1
202300008307;155 665 834;33;0;2;3;1;1
202300008307;155 665 838;7;0;2;3;15;1
202300008308;155 665 832;7;1;0;3;15;1
202300008308;155 665 835;1;0;2;1;1;5
202300008309;155 665 828;30;16;0;0;1;1
202300008310;155 665 830;2;0;2;2;1;1
202300008310;155 665 831;7;0;2;2;9;1
202300008311;155 665 825;7;0;1;1;19;1
202300008312;155 665 827;7;0;2;7;16;1
202300008312;155 665 829;33;0;2;8;18;1
202300008313;155 665 824;7;0;2;3;15;0
202300008313;155 665 826;32;0;2;1;1;0
202300008314;155 665 822;33;0;2;1;0;1
202300008314;155 665 823;1;0;2;0;0;5
202300008315;155 665 818;15;0;2;2;1;1
202300008315;155 665 821;7;0;2;1;13;1
202300008316;155 665 819;7;14;2;8;1;1
202300008316;155 665 820;13;0;2;5;4;1
202300008317;155 665 816;10;0;1;2;1;0
202300008318;155 665 814;2;0;0;0;21;1
202300008318;155 665 817;43;0;0;0;21;1
202300008319;155 665 811;7;0;2;1;1;1
202300008319;155 665 813;7;0;2;4;1;1
202300008320;155 665 808;7;2;0;1;14;1
202300008321;155 665 809;1;12;0;3;6;5
202300008322;155 665 805;7;0;1;2;16;1
202300008323;155 665 806;7;0;2;2;19;1
202300008323;155 665 807;1;0;2;8;1;5
202300008324;155 665 802;14;0;2;2;1;1
202300008324;155 665 804;10;0;2;8;9;1
202300008325;155 665 803;7;0;0;2;1;2
202300008326;155 665 797;7;0;2;3;1;1
202300008326;155 665 800;7;0;2;6;13;1
202300008327;155 665 799;80;0;2;6;11;3
202300008327;155 665 801;80;0;2;2;1;3
202300008328;155 665 796;33;0;2;1;1;1
202300008328;155 665 798;7;0;2;1;15;1
202300008329;155 665 793;7;16;0;1;13;1
202300008330;155 665 791;50;1;0;1;13;3
202300008331;155 665 792;7;0;1;6;4;1
202300008332;155 665 794;7;0;1;3;1;1
202300008333;155 665 788;7;0;2;1;1;1
202300008333;155 665 795;17;0;0;4;1;1
202300008334;155 665 789;1;0;2;1;1;5
202300008334;155 665 790;7;0;2;1;15;1
202300008335;155 665 786;7;0;0;9;14;1
202300008336;155 665 787;7;1;0;1;0;1
202300008337;155 665 784;33;0;6;1;2;1
202300008338;155 665 782;7;0;2;1;1;1
202300008338;155 665 785;50;0;2;8;15;3
202300008339;155 665 781;7;0;2;1;13;1
202300008339;155 665 783;7;0;2;1;21;1
202300008340;155 665 779;7;9;0;1;1;1
202300008341;155 665 780;33;1;0;1;1;1
202300008342;155 665 777;7;13;0;1;21;1
202300008343;155 665 774;34;12;0;0;1;1
202300008344;155 665 775;7;0;2;1;13;1
202300008344;155 665 778;15;0;2;1;1;1
202300008345;155 665 773;7;0;2;3;13;1
202300008345;155 665 776;7;5;2;6;1;1
202300008346;155 665 768;33;13;0;1;0;1
202300008347;155 665 770;80;0;2;7;1;3
202300008347;155 665 772;7;0;2;1;9;2
202300008348;155 665 767;7;0;2;1;15;1
202300008348;155 665 771;32;0;2;1;1;1
202300008349;155 665 766;7;0;9;5;16;6
202300008349;155 665 769;80;0;2;3;1;3
202300008350;155 665 765;7;2;0;1;13;1
202300008351;155 665 759;50;0;2;2;1;3
202300008351;155 665 764;7;0;9;3;1;1
202300008352;155 665 760;7;0;1;1;21;0
202300008353;155 665 758;33;0;2;1;2;1
202300008353;155 665 763;7;0;2;8;15;1
202300008354;155 665 757;32;0;2;1;1;1
202300008354;155 665 762;7;0;2;1;17;1
202300008355;155 665 755;7;16;0;9;0;1
202300008356;155 665 756;10;0;2;2;1;1
202300008356;155 665 761;1;0;2;6;1;5
202300008357;155 665 749;2;0;0;8;1;1
202300008358;155 665 750;7;1;0;3;26;1
202300008359;155 665 748;7;0;2;3;15;1
202300008359;155 665 752;7;0;2;1;1;1
202300008360;155 665 746;7;0;2;1;17;1
202300008360;155 665 751;34;0;2;9;1;1
202300008360;155 665 754;10;0;2;8;1;1
202300008361;155 665 747;7;0;2;3;2;0
202300008361;155 665 753;7;0;2;2;15;0
202300008362;155 665 745;7;13;0;3;13;1
202300008363;155 665 741;7;0;2;7;15;1
202300008363;155 665 744;33;0;2;1;1;1
202300008364;155 665 740;33;0;2;8;1;5
202300008364;155 665 743;7;0;2;1;15;2
202300008365;155 665 739;10;0;1;2;4;1
202300008366;155 665 738;7;0;2;1;2;1
202300008366;155 665 742;7;0;2;4;2;1
202300008367;155 665 735;31;0;2;1;1;1
202300008367;155 665 736;7;0;2;2;15;1
202300008368;155 665 737;7;8;0;2;14;1
202300008369;155 665 734;7;1;0;4;20;1
202300008370;155 665 730;7;0;2;1;15;1
202300008370;155 665 733;31;0;2;1;1;1
202300008371;155 665 728;50;0;2;0;0;3
202300008371;155 665 732;7;0;2;3;1;1
202300008372;155 665 727;33;0;2;2;0;1
202300008372;155 665 731;10;0;2;6;11;1
202300008373;155 665 725;80;0;0;0;1;3
202300008374;155 665 726;7;0;1;2;1;1
202300008375;155 665 724;7;0;2;1;13;1
202300008375;155 665 729;14;0;2;1;1;1
202300008376;155 665 719;7;0;2;3;17;1
202300008376;155 665 722;7;0;2;3;1;1
202300008377;155 665 723;33;3;0;0;1;1
202300008378;155 665 716;7;0;2;8;1;2
202300008378;155 665 720;7;0;2;1;1;2
202300008379;155 665 718;7;0;2;2;15;0
202300008379;155 665 721;32;0;2;1;13;0
202300008380;155 665 713;10;0;2;1;2;0
202300008380;155 665 715;10;0;2;4;2;0
202300008381;155 665 711;33;0;2;1;1;1
202300008381;155 665 714;7;0;2;7;10;1
202300008382;155 665 707;7;0;1;1;19;1
202300008383;155 665 710;7;6;0;1;13;1
202300008384;155 665 709;7;11;2;3;1;1
202300008384;155 665 712;7;0;2;2;16;1
202300008385;155 665 704;1;0;0;1;0;5
202300008385;155 665 705;7;0;9;2;16;1
202300008386;155 665 706;7;0;2;1;0;3
202300008386;155 665 708;32;0;0;0;0;0
202300008387;155 665 702;7;0;1;1;26;6
202300008388;155 665 701;3;2;0;0;0;1
202300008389;155 665 700;7;0;2;3;6;1
202300008389;155 665 703;7;0;2;1;26;0
202300008390;155 665 695;10;1;2;2;14;1
202300008390;155 665 699;1;0;2;0;0;5
202300008391;155 665 694;7;0;2;1;13;1
202300008391;155 665 698;7;0;2;1;1;1
202300008392;155 665 689;1;0;2;0;1;5
202300008392;155 665 692;7;8;2;0;17;1
202300008393;155 665 690;15;0;2;7;14;1
202300008393;155 665 693;7;0;2;8;1;1
202300008394;155 665 691;7;0;2;1;1;1
202300008394;155 665 696;7;0;2;3;9;1
202300008395;155 665 684;7;0;2;4;2;1
202300008395;155 665 686;1;0;2;3;2;5
202300008396;155 665 683;7;0;2;3;1;1
202300008396;155 665 687;7;0;2;3;1;3
202300008397;155 665 681;7;0;2;3;15;1
202300008397;155 665 688;33;0;2;2;17;1
202300008398;155 665 678;33;0;0;8;15;1
202300008399;155 665 679;7;1;2;2;15;1
202300008399;155 665 682;7;1;2;1;1;3
202300008400;155 665 676;7;0;0;0;13;1
202300008401;155 665 674;10;0;2;7;1;1
202300008401;155 665 677;7;0;2;6;1;1
202300008401;155 665 680;10;0;2;2;11;1
202300008401;155 665 685;10;0;2;2;1;1
202300008402;155 665 671;50;0;2;1;26;3
202300008402;155 665 673;3;0;2;1;26;3
202300008403;155 665 672;7;0;0;2;15;1
202300008403;155 665 675;50;0;2;2;0;3
202300008404;155 665 668;7;13;0;2;14;1
202300008405;155 665 666;7;1;0;2;0;1
202300008406;155 665 664;2;0;2;1;1;1
202300008406;155 665 669;7;0;2;2;9;1
202300008407;155 665 663;32;0;2;1;2;1
202300008407;155 665 667;7;0;2;4;2;1
202300008408;155 665 665;7;1;0;3;2;1
202300008408;155 665 670;10;0;0;5;23;1
202300008409;155 665 660;7;0;1;1;1;1
202300008410;155 665 657;7;0;2;3;19;1
202300008410;155 665 662;33;0;2;1;19;1
202300008411;155 665 655;10;0;2;1;1;1
202300008411;155 665 658;7;0;2;4;1;2
202300008412;155 665 654;7;0;2;7;15;1
202300008412;155 665 659;2;0;2;1;1;1
202300008413;155 665 652;33;0;1;3;19;1
202300008414;155 665 650;7;2;6;6;14;1
202300008415;155 665 649;7;0;2;1;1;2
202300008415;155 665 653;7;0;2;2;1;1
202300008416;155 665 646;7;0;1;1;1;1