Num_Acc;id_vehicule;categorie_vehicule;obstacle_fixe;obstacle_mobile;point_choc_initial;manoeuvre_principale;motorisation
202300008417;155 665 643;37;0;2;0;1;1
202300008417;155 665 647;50;0;2;1;9;3
202300008418;155 665 641;15;9;0;2;1;1
202300008418;155 665 642;32;0;2;0;1;1
202300008419;155 665 640;7;0;2;1;13;1
202300008419;155 665 644;15;0;2;1;1;1
202300008420;155 665 637;7;4;0;1;2;1
202300008421;155 665 638;10;0;2;6;1;1
202300008421;155 665 645;7;0;2;4;23;1
202300008421;155 665 648;10;0;2;4;23;1
202300008421;155 665 651;10;0;2;1;1;1
202300008422;155 665 635;7;0;2;4;1;1
202300008422;155 665 639;10;0;2;1;1;1
202300008423;155 665 632;7;1;2;4;2;1
202300008423;155 665 636;10;1;2;4;1;1
202300008424;155 665 629;30;0;2;1;13;1
202300008424;155 665 630;7;0;2;1;1;1
202300008425;155 665 628;7;0;2;0;11;1
202300008425;155 665 631;33;0;2;1;3;1
202300008426;155 665 627;7;0;2;1;1;1
202300008426;155 665 634;7;0;2;3;9;1
202300008427;155 665 626;2;0;2;1;1;1
202300008427;155 665 633;10;0;2;3;15;1
202300008428;155 665 625;7;0;1;3;0;0
202300008429;155 665 622;7;0;2;3;1;2
202300008429;155 665 623;99;0;2;3;1;1
202300008430;155 665 621;42;0;9;3;15;1
202300008430;155 665 624;1;0;2;8;1;5
202300008431;155 665 616;7;0;9;1;1;1
202300008431;155 665 619;1;0;2;1;5;5
202300008432;155 665 614;7;0;2;1;1;1
202300008432;155 665 620;99;0;2;9;1;1
202300008433;155 665 612;7;0;2;3;1;1
202300008433;155 665 618;7;0;2;3;15;1
202300008434;155 665 610;7;13;0;9;1;1
202300008435;155 665 611;7;0;2;4;1;1
202300008435;155 665 615;7;0;2;4;1;1
202300008435;155 665 617;7;0;2;1;1;1
202300008436;155 665 609;10;0;2;0;10;1
202300008436;155 665 613;31;0;2;1;1;1
202300008437;155 665 608;7;6;0;2;15;1
202300008438;155 665 605;33;0;2;7;0;1
202300008438;155 665 607;7;0;2;0;0;2
202300008439;155 665 604;1;0;2;8;19;5
202300008439;155 665 606;7;0;2;1;1;1
202300008440;155 665 602;3;6;0;1;2;1
202300008441;155 665 600;7;0;2;2;9;1
202300008441;155 665 601;33;0;2;3;1;1
202300008442;155 665 598;7;0;2;4;1;3
202300008442;155 665 603;15;0;2;1;1;1
202300008443;155 665 596;10;0;2;2;2;1
202300008443;155 665 599;1;0;2;6;1;5
202300008444;155 665 594;2;0;2;1;1;1
202300008444;155 665 597;7;0;2;3;9;1
202300008445;155 665 591;10;0;2;6;1;1
202300008445;155 665 592;34;0;2;2;26;1
202300008446;155 665 588;7;0;9;2;1;1
202300008446;155 665 595;2;0;2;8;19;1
202300008447;155 665 589;15;0;2;1;2;1
202300008447;155 665 593;15;3;2;4;23;1
202300008448;155 665 585;7;2;0;1;1;1
202300008449;155 665 584;34;0;1;1;26;1
202300008450;155 665 583;10;0;2;6;0;1
202300008450;155 665 587;7;0;2;0;0;0
202300008450;155 665 590;33;0;2;1;2;1
202300008451;155 665 582;10;0;2;2;12;0
202300008451;155 665 586;2;0;2;8;7;1
202300008452;155 665 577;7;0;1;0;1;1
202300008453;155 665 576;32;0;2;1;15;1
202300008453;155 665 579;7;0;2;3;13;1
202300008454;155 665 574;7;0;2;0;1;1
202300008454;155 665 580;7;13;0;6;1;0
202300008455;155 665 572;10;0;2;1;15;1
202300008455;155 665 581;31;0;2;1;1;1
202300008456;155 665 570;10;0;2;1;2;1
202300008456;155 665 573;7;0;2;6;2;1
202300008456;155 665 578;13;0;2;2;1;1
202300008457;155 665 567;2;0;2;7;26;1
202300008457;155 665 571;7;0;2;2;20;1
202300008458;155 665 566;21;0;0;0;1;0
202300008459;155 665 568;33;0;2;1;1;1
202300008459;155 665 575;7;0;2;3;19;1
202300008460;155 665 565;7;9;2;2;15;1
202300008460;155 665 569;2;9;2;1;2;1
202300008461;155 665 564;7;2;0;1;13;1
202300008462;155 665 561;32;0;5;9;1;1
202300008463;155 665 556;7;0;2;6;2;1
202300008463;155 665 562;7;0;2;2;2;1
202300008464;155 665 560;1;0;2;8;1;5
202300008465;155 665 558;10;0;2;;1;
202300008465;155 665 563;7;4;2;3;1;1
202300008466;155 665 555;33;0;2;1;1;1
202300008466;155 665 559;1;0;2;4;23;5
202300008467;155 665 551;7;0;2;1;17;1
202300008467;155 665 553;7;0;0;9;21;1
202300008467;155 665 557;7;0;2;1;1;1
202300008468;155 665 549;50;1;0;1;1;3
202300008468;155 665 552;14;0;0;0;23;1
202300008469;155 665 548;7;0;2;2;1;1
202300008469;155 665 554;32;0;2;1;13;1
202300008470;155 665 547;7;4;2;1;1;1
202300008471;155 665 542;7;0;1;4;20;1
202300008472;155 665 545;7;0;2;1;19;1
202300008472;155 665 546;1;0;2;1;1;5
202300008473;155 665 543;7;13;0;3;1;0
202300008473;155 665 550;7;0;2;1;9;0
202300008474;155 665 539;33;0;2;1;17;1
202300008474;155 665 544;7;0;2;6;15;1
202300008475;155 665 531;7;0;2;1;1;1
202300008475;155 665 535;10;0;2;4;23;1
202300008476;155 665 533;17;13;2;1;1;1
202300008476;155 665 537;7;4;2;2;17;1
202300008477;155 665 532;7;8;0;2;14;1
202300008478;155 665 534;7;0;2;4;1;1
202300008478;155 665 538;15;0;2;1;2;1
202300008478;155 665 540;7;0;2;4;1;1
202300008479;155 665 528;7;0;1;1;1;2
202300008480;155 665 530;7;0;2;1;13;1
202300008480;155 665 536;7;0;2;1;1;3
202300008481;155 665 527;30;8;0;1;1;1
202300008482;155 665 525;10;0;2;1;17;1
202300008482;155 665 529;7;8;2;6;15;1
202300008483;155 665 524;7;15;0;1;1;1
202300008484;155 665 523;2;0;2;1;5;1
202300008484;155 665 526;7;0;2;2;21;1
202300008485;155 665 521;1;0;2;1;19;5
202300008485;155 665 522;31;1;2;1;1;1
202300008486;155 665 520;7;2;0;1;1;1
202300008487;155 665 517;34;0;0;0;0;1
202300008488;155 665 514;7;0;2;4;1;1
202300008488;155 665 518;7;0;2;1;1;1
202300008489;155 665 515;2;0;2;2;1;3
202300008489;155 665 519;1;0;2;1;1;5
202300008490;155 665 513;50;12;0;0;13;3
202300008490;155 665 516;80;12;0;8;0;3
202300008491;155 665 509;14;0;2;7;16;1
202300008491;155 665 512;80;0;2;8;1;3
202300008492;155 665 508;80;0;0;0;0;3
202300008493;155 665 506;7;0;1;2;1;1
202300008494;155 665 505;7;0;2;7;1;2
202300008494;155 665 511;7;0;2;1;1;1
202300008495;155 665 504;7;0;1;0;11;1
202300008496;155 665 502;7;0;2;1;1;1
202300008496;155 665 503;99;0;2;7;19;3
202300008497;155 665 500;7;0;1;0;9;1
202300008498;155 665 499;7;0;1;3;20;1
202300008499;155 665 496;7;0;1;2;2;2
202300008500;155 665 497;7;0;2;2;15;1
202300008500;155 665 498;33;0;2;1;1;1
202300008501;155 665 494;7;1;0;2;14;1
202300008501;155 665 495;7;0;1;4;24;1
202300008502;155 665 487;7;8;0;8;0;1
202300008503;155 665 488;2;0;2;1;9;1
202300008503;155 665 492;7;0;2;3;1;1
202300008504;155 665 485;13;0;2;2;1;4
202300008504;155 665 489;7;0;2;4;23;1
202300008505;155 665 484;33;0;2;1;13;1
202300008505;155 665 490;33;0;2;1;13;1
202300008505;155 665 491;7;0;2;2;1;1
202300008506;155 665 483;7;0;2;3;15;1
202300008506;155 665 493;7;0;2;2;1;1
202300008507;155 665 482;7;0;2;2;16;1
202300008507;155 665 486;31;0;2;3;2;1
202300008508;155 665 478;10;0;2;2;16;1
202300008508;155 665 480;33;0;2;1;1;1
202300008509;155 665 477;50;13;0;1;19;3
202300008510;155 665 475;32;0;2;7;15;1
202300008510;155 665 479;1;0;2;1;1;5
202300008511;155 665 473;7;0;2;1;1;1
202300008511;155 665 481;7;0;2;7;13;1
202300008512;155 665 469;7;13;0;3;13;1
202300008513;155 665 472;7;0;2;2;1;1
202300008513;155 665 476;7;0;2;0;1;1
202300008514;155 665 466;10;0;2;3;22;1
202300008514;155 665 471;80;0;2;2;1;3
202300008515;155 665 468;1;0;2;1;1;5
202300008515;155 665 474;7;0;2;3;1;1
202300008516;155 665 464;7;3;2;4;1;1
202300008516;155 665 470;7;3;2;1;2;1
202300008517;155 665 463;7;8;0;1;21;1
202300008518;155 665 461;7;0;1;2;15;1
202300008519;155 665 460;43;0;2;7;1;1
202300008519;155 665 462;1;0;2;7;11;5
202300008520;155 665 457;2;0;0;0;1;1
202300008521;155 665 455;1;0;2;1;3;0
202300008521;155 665 459;7;0;2;5;23;1
202300008522;155 665 454;7;0;1;1;1;0
202300008523;155 665 453;7;0;2;4;1;1
202300008523;155 665 458;7;0;2;1;1;0
202300008524;155 665 451;2;0;2;1;1;1
202300008524;155 665 456;7;0;2;3;15;1
202300008525;155 665 450;7;13;0;1;1;1
202300008526;155 665 447;7;0;2;3;22;0
202300008526;155 665 449;1;1;2;2;17;5
202300008527;155 665 444;33;0;0;7;16;1
202300008528;155 665 443;50;0;2;1;15;3
202300008528;155 665 448;33;0;2;1;1;1
202300008529;155 665 442;15;0;2;6;26;1
202300008529;155 665 446;15;1;0;5;21;1
202300008530;155 665 440;7;0;2;3;13;1
202300008530;155 665 445;7;0;2;3;1;1
202300008530;155 665 452;7;0;2;3;2;1
202300008531;155 665 439;1;0;2;8;2;5
202300008531;155 665 441;15;0;2;7;17;1
202300008532;155 665 438;7;0;1;1;15;1
202300008533;155 665 436;21;13;0;7;1;1
202300008534;155 665 434;7;14;0;1;1;1
202300008535;155 665 430;33;1;1;3;1;1
202300008535;155 665 435;33;0;0;6;24;1
202300008536;155 665 431;2;0;2;5;0;1
202300008536;155 665 433;10;0;0;0;0;0
202300008537;155 665 429;7;0;1;7;1;1
202300008538;155 665 432;7;0;0;8;15;1
202300008538;155 665 437;7;0;2;2;17;1
202300008539;155 665 426;7;13;0;0;14;1
202300008540;155 665 421;30;0;2;7;19;1
202300008540;155 665 425;7;0;2;3;1;1
202300008541;155 665 423;7;0;2;1;2;1
202300008541;155 665 428;7;0;2;4;2;1
202300008542;155 665 422;7;0;2;2;11;1
202300008542;155 665 427;7;1;0;3;20;1
202300008543;155 665 420;2;2;0;0;26;1
202300008544;155 665 419;99;0;2;4;1;1
202300008544;155 665 424;32;0;2;1;17;1
202300008545;155 665 418;7;0;0;0;0;1
202300008546;155 665 415;7;0;2;3;13;0
202300008546;155 665 417;7;0;2;3;2;0
202300008547;155 665 413;7;8;0;2;1;1
202300008548;155 665 410;37;0;1;1;1;1
202300008549;155 665 409;7;0;2;1;19;1
202300008549;155 665 414;2;0;2;2;9;1
202300008550;155 665 407;7;0;2;1;0;1
202300008550;155 665 412;7;0;2;7;5;1
202300008551;155 665 404;7;0;2;1;2;0
202300008551;155 665 408;7;0;2;4;2;0
202300008551;155 665 411;7;0;2;4;2;0
202300008551;155 665 416;7;0;2;4;2;0
202300008552;155 665 403;7;0;2;2;1;1
202300008552;155 665 406;33;0;2;1;5;1
202300008553;155 665 405;50;0;1;1;1;3
202300008554;155 665 400;7;0;2;1;15;1
202300008554;155 665 402;33;0;2;8;1;1
202300008555;155 665 399;7;6;0;1;1;1
202300008556;155 665 395;7;0;2;3;20;1
202300008556;155 665 401;33;1;0;2;1;1
202300008557;155 665 394;7;0;2;1;1;1
202300008557;155 665 396;80;0;2;2;15;3
202300008558;155 665 390;7;0;2;3;13;1
202300008558;155 665 393;7;0;2;6;2;1
202300008558;155 665 398;7;0;2;3;1;1
202300008559;155 665 387;7;0;2;7;1;1
202300008559;155 665 391;1;0;2;8;1;5
202300008560;155 665 389;7;0;2;8;11;0
202300008560;155 665 392;31;0;2;2;3;1
202300008560;155 665 397;7;0;2;4;2;1
202300008561;155 665 385;7;9;0;1;1;1
202300008562;155 665 384;7;0;2;1;2;1
202300008562;155 665 388;7;0;2;4;1;1
202300008563;155 665 382;7;0;9;1;9;1
202300008563;155 665 383;1;0;2;7;1;5
202300008564;155 665 378;7;13;0;1;13;1
202300008565;155 665 379;2;13;0;1;13;1
202300008566;155 665 380;30;0;2;1;1;1
202300008566;155 665 386;7;0;2;5;1;1
202300008567;155 665 376;33;14;0;6;1;1
202300008568;155 665 377;10;0;2;2;12;1
202300008568;155 665 381;33;0;2;8;3;1
202300008569;155 665 372;7;0;2;1;15;1
202300008569;155 665 375;33;0;2;8;1;1
202300008570;155 665 371;7;13;0;1;1;1
202300008571;155 665 370;33;12;0;1;14;1
202300008572;155 665 374;7;6;0;0;0;1
202300008573;155 665 368;7;0;2;2;0;2
202300008573;155 665 373;7;0;2;1;1;1
202300008574;155 665 367;33;0;2;8;17;0
202300008575;155 665 366;33;0;2;1;3;1
202300008575;155 665 369;7;0;2;4;12;1
202300008576;155 665 365;7;6;0;8;13;1
202300008577;155 665 362;7;0;2;1;19;1
202300008577;155 665 364;33;0;0;3;1;1
202300008578;155 665 359;10;0;2;3;10;1
202300008578;155 665 363;43;0;2;2;1;1
202300008579;155 665 361;7;0;1;7;1;1
202300008580;155 665 357;14;0;2;4;2;1
202300008580;155 665 360;7;0;2;1;2;1
202300008581;155 665 356;33;0;2;2;17;1
202300008581;155 665 358;7;0;0;3;15;1
202300008582;155 665 351;7;4;0;3;1;1
202300008583;155 665 349;1;12;0;1;21;5
202300008584;155 665 350;7;0;2;6;19;1
202300008584;155 665 354;7;0;2;1;1;1
202300008585;155 665 346;7;0;2;2;17;1
202300008585;155 665 353;33;0;2;1;1;1
202300008585;155 665 355;15;0;2;2;1;1
202300008586;155 665 347;7;0;2;3;15;1
202300008586;155 665 352;7;0;2;1;17;1
202300008587;155 665 342;7;0;2;1;1;0
202300008587;155 665 348;7;0;2;3;19;0
202300008588;155 665 338;7;0;2;1;0;1
202300008588;155 665 344;33;0;2;1;0;1
202300008589;155 665 337;1;0;9;1;1;5
202300008589;155 665 341;1;0;9;8;15;5
202300008590;155 665 340;31;0;2;1;16;1
202300008590;155 665 343;15;0;2;3;1;1
202300008591;155 665 339;10;0;2;8;11;1
202300008591;155 665 345;32;0;2;7;3;1
202300008592;155 665 335;7;0;2;1;26;1
202300008592;155 665 336;14;0;2;1;26;1
202300008593;155 665 334;33;0;6;1;19;1
202300008594;155 665 328;7;0;0;3;1;0
202300008594;155 665 330;2;0;2;1;19;1
202300008595;155 665 326;33;0;2;0;13;1
202300008595;155 665 329;7;0;0;8;1;1
202300008595;155 665 333;10;0;0;2;1;1
202300008596;155 665 324;2;0;2;1;0;3
202300008596;155 665 332;7;0;9;8;15;0
202300008597;155 665 320;33;0;2;8;1;1
202300008597;155 665 323;7;0;9;1;1;1
202300008598;155 665 322;7;0;2;3;13;1
202300008598;155 665 327;32;0;2;7;1;1
202300008598;155 665 331;7;0;2;3;14;1
202300008599;155 665 316;10;0;2;1;19;1
202300008599;155 665 318;7;0;2;2;1;1
202300008600;155 665 315;33;0;2;3;1;1
202300008600;155 665 319;7;0;2;6;15;1
202300008601;155 665 317;13;0;2;8;22;6
202300008601;155 665 321;33;0;2;1;2;1
202300008601;155 665 325;7;0;2;7;23;2
202300008602;155 665 314;1;12;0;1;0;5
202300008603;155 665 312;33;0;1;1;1;1
202300008604;155 665 310;33;6;0;9;1;1
202300008605;155 665 313;7;8;0;1;13;1
202300008606;155 665 308;15;0;2;3;1;1
202300008606;155 665 311;7;0;2;3;13;2
202300008607;155 665 305;7;0;2;3;0;1
202300008607;155 665 307;10;0;2;3;0;1
202300008608;155 665 306;7;0;2;3;5;1
202300008608;155 665 309;17;12;2;3;1;1
202300008609;155 665 304;37;0;1;2;26;1
202300008610;155 665 303;33;15;9;1;1;0
202300008611;155 665 302;80;0;0;0;2;3
202300008612;155 665 300;7;8;0;1;13;1
202300008613;155 665 299;10;0;2;3;1;1
202300008613;155 665 301;7;0;2;3;13;1
202300008614;155 665 294;7;0;2;1;17;1
202300008614;155 665 296;7;0;2;1;2;1
202300008615;155 665 292;2;12;0;1;1;1
202300008616;155 665 293;21;0;2;5;17;1
202300008616;155 665 295;1;0;2;3;1;5
202300008617;155 665 290;1;0;2;8;1;5
202300008617;155 665 297;7;0;2;2;15;1
202300008618;155 665 287;33;0;0;1;0;1
202300008619;155 665 286;7;0;2;1;2;1
202300008619;155 665 289;17;0;0;4;2;1
202300008620;155 665 288;50;0;0;0;1;3
202300008621;155 665 285;10;0;2;4;2;1
202300008621;155 665 291;7;0;2;4;1;1
202300008621;155 665 298;7;0;2;1;2;1
202300008622;155 665 282;7;6;0;7;0;1
202300008623;155 665 280;10;0;2;1;9;1
202300008623;155 665 283;33;0;2;1;0;1
202300008624;155 665 276;7;0;2;1;17;1
202300008624;155 665 281;17;0;2;6;1;1
202300008625;155 665 278;30;0;9;7;1;1
202300008626;155 665 279;1;0;0;7;1;5
202300008627;155 665 275;7;0;4;8;1;1
202300008627;155 665 284;40;0;2;1;1;3
202300008628;155 665 274;33;0;2;1;1;1
202300008628;155 665 277;7;0;2;2;19;1
202300008629;155 665 273;7;6;0;3;13;1
202300008630;155 665 271;7;3;0;3;1;1
202300008631;155 665 267;7;0;2;1;1;1
202300008631;155 665 272;7;0;2;1;1;1
202300008632;155 665 270;7;2;9;1;0;6
202300008633;155 665 264;7;0;2;3;13;1
202300008633;155 665 266;17;6;2;2;1;1
202300008634;155 665 265;7;0;2;1;16;1
202300008634;155 665 269;1;0;2;7;2;5
202300008635;155 665 263;7;13;0;2;1;1
202300008636;155 665 268;7;0;1;1;15;1
202300008637;155 665 262;50;0;1;1;1;3
202300008638;155 665 259;7;0;2;2;17;1
202300008638;155 665 261;7;0;2;6;1;1
202300008639;155 665 258;33;0;2;1;1;0
202300008639;155 665 260;21;0;2;6;15;0
202300008640;155 665 254;33;0;2;4;4;1
202300008640;155 665 257;33;0;2;1;1;1
202300008641;155 665 255;7;0;1;3;1;1
202300008642;155 665 253;33;1;0;6;1;1
202300008642;155 665 256;7;0;0;6;0;1
202300008643;155 665 251;7;0;1;1;1;1
202300008644;155 665 249;1;0;2;7;16;5
202300008644;155 665 252;7;0;2;1;16;0
202300008645;155 665 250;10;2;0;1;19;1
202300008646;155 665 247;50;0;2;4;2;3
202300008647;155 665 245;33;0;2;3;13;1
202300008647;155 665 248;7;0;2;2;1;1
202300008648;155 665 244;2;0;0;0;1;1
202300008649;155 665 242;7;0;2;1;1;0
202300008649;155 665 246;7;0;2;1;13;1
202300008650;155 665 239;50;12;0;0;15;3
202300008651;155 665 240;10;0;2;2;17;1
202300008651;155 665 243;7;0;2;3;15;1
202300008652;155 665 237;10;0;2;1;15;1
202300008652;155 665 241;7;0;2;2;23;1
202300008653;155 665 235;7;0;0;2;1;1
202300008654;155 665 234;7;0;2;2;16;1
202300008654;155 665 238;31;0;2;1;18;1
202300008655;155 665 232;7;0;2;1;1;1
202300008655;155 665 236;1;0;2;1;1;5
202300008656;155 665 228;7;0;2;2;15;1
202300008656;155 665 231;33;0;2;1;1;1
202300008657;155 665 229;10;16;0;1;1;1
202300008658;155 665 230;10;0;1;2;16;1
202300008659;155 665 226;1;0;0;3;1;5
202300008659;155 665 233;10;0;9;2;16;1
202300008660;155 665 225;7;0;9;2;0;1
202300008660;155 665 227;1;0;2;3;0;5
202300008661;155 665 223;15;3;0;2;14;1
202300008662;155 665 224;10;11;0;1;26;1
202300008663;155 665 222;50;0;0;0;1;3
202300008664;155 665 220;1;0;0;1;1;5
202300008665;155 665 215;7;0;2;6;3;1
202300008665;155 665 219;7;0;2;2;1;1
202300008666;155 665 217;7;2;2;2;17;1
202300008666;155 665 221;7;0;2;6;2;1
202300008667;155 665 214;7;0;2;3;13;3
202300008667;155 665 218;10;0;2;3;1;1
202300008668;155 665 212;7;15;0;1;1;1
202300008669;155 665 211;1;0;1;1;2;5
202300008670;155 665 213;31;0;2;1;1;1
202300008670;155 665 216;7;0;2;6;15;1
202300008671;155 665 210;33;13;0;2;1;1
202300008672;155 665 208;7;10;0;3;1;1
202300008673;155 665 207;7;0;2;1;13;1
202300008673;155 665 209;10;0;2;1;21;1
202300008674;155 665 204;7;6;0;1;1;1
202300008675;155 665 205;7;12;0;7;0;1
202300008676;155 665 203;7;0;1;1;0;1
202300008677;155 665 202;7;0;2;3;1;1
202300008677;155 665 206;7;0;2;3;5;1
202300008678;155 665 201;7;13;0;0;1;1
202300008679;155 665 196;7;0;2;3;13;1
202300008679;155 665 200;7;0;0;5;1;1
202300008680;155 665 193;7;6;0;1;1;1
202300008681;155 665 195;10;0;2;4;2;1
202300008681;155 665 198;33;0;2;1;2;1
202300008682;155 665 191;7;0;2;3;1;1
202300008682;155 665 197;3;0;2;2;1;1
202300008683;155 665 190;7;0;2;3;1;1
202300008683;155 665 194;33;0;2;5;1;1
202300008684;155 665 189;1;0;0;1;15;5
202300008684;155 665 192;7;0;0;7;1;1
202300008685;155 665 186;7;0;1;2;0;1
202300008686;155 665 184;7;13;0;2;0;1
202300008687;155 665 183;21;0;0;8;1;1
202300008688;155 665 182;7;0;2;1;15;1
202300008688;155 665 188;2;3;2;7;1;1
202300008689;155 665 181;7;0;2;2;0;1
202300008689;155 665 187;7;0;0;6;1;1
202300008690;155 665 179;7;16;0;0;13;1
202300008691;155 665 176;7;0;2;3;13;1
202300008691;155 665 178;14;0;2;6;2;1
202300008692;155 665 175;31;13;0;1;2;1
202300008693;155 665 172;1;0;2;1;1;5
202300008693;155 665 174;10;0;2;3;4;1
202300008694;155 665 171;10;0;1;3;26;1
202300008695;155 665 168;7;15;0;1;1;1
202300008696;155 665 165;7;2;0;1;14;1
202300008697;155 665 166;33;0;2;1;1;1
202300008697;155 665 170;7;0;2;8;10;1
202300008698;155 665 164;32;0;2;1;1;0
202300008698;155 665 169;7;0;2;8;9;0
202300008699;155 665 163;7;0;1;1;15;1
202300008700;155 665 162;7;0;2;1;13;1
202300008700;155 665 167;7;0;2;1;1;2
202300008701;155 665 157;33;0;2;1;1;1
202300008701;155 665 161;10;0;2;3;15;1
202300008702;155 665 155;2;0;2;2;1;1
202300008702;155 665 159;7;0;2;3;9;1
202300008703;155 665 156;7;0;2;4;1;1
202300008703;155 665 160;7;0;2;1;2;1
202300008704;155 665 153;33;0;2;3;13;1
202300008704;155 665 158;10;0;2;3;1;1
202300008705;155 665 151;7;0;5;1;1;0
202300008705;155 665 154;7;0;2;1;2;1
202300008706;155 665 147;2;0;2;1;13;1
202300008706;155 665 150;7;0;9;1;1;1
202300008707;155 665 146;13;0;2;3;1;1
202300008707;155 665 152;33;0;2;2;1;1
202300008708;155 665 143;7;0;2;4;1;1
202300008708;155 665 148;32;0;2;1;1;1
202300008709;155 665 142;7;0;2;1;19;1
202300008709;155 665 145;7;0;0;8;1;1
202300008710;155 665 141;33;3;2;2;13;1
202300008710;155 665 144;7;0;0;2;1;1
202300008710;155 665 149;7;0;0;2;1;1
202300008711;155 665 140;7;3;0;2;1;1
202300008712;155 665 135;80;1;0;1;0;3
202300008713;155 665 136;7;0;2;4;2;1
202300008713;155 665 139;7;0;2;1;2;1
202300008714;155 665 131;7;0;2;3;1;1
202300008714;155 665 134;2;0;2;1;15;1
202300008715;155 665 128;7;0;2;7;16;1
202300008715;155 665 133;1;0;2;4;1;5
202300008716;155 665 130;7;2;0;0;1;1
202300008717;155 665 126;7;0;2;4;0;1
202300008717;155 665 129;7;0;2;1;2;1
202300008717;155 665 132;7;0;2;4;2;1
202300008717;155 665 137;7;0;2;4;2;1
202300008718;155 665 125;7;0;2;1;1;1
202300008718;155 665 127;7;0;2;4;1;1
202300008719;155 665 121;7;2;0;1;0;1
202300008720;155 665 120;13;0;2;5;15;1
202300008720;155 665 123;33;0;2;1;1;1
202300008721;155 665 118;7;0;2;2;1;1
202300008721;155 665 124;7;17;2;3;15;1
202300008722;155 665 115;7;15;0;1;5;1
202300008723;155 665 116;7;3;0;3;1;1
202300008724;155 665 114;7;0;2;2;1;1
202300008724;155 665 117;50;0;2;1;19;3
202300008725;155 665 110;33;16;0;0;1;1
202300008726;155 665 111;7;0;2;2;15;1
202300008726;155 665 113;33;0;2;1;1;1
202300008727;155 665 107;10;0;2;8;24;6
202300008727;155 665 109;37;0;2;1;1;1
202300008727;155 665 112;7;1;0;9;1;6
202300008728;155 665 102;50;0;2;0;0;3
202300008728;155 665 105;33;0;2;1;0;1
202300008729;155 665 101;33;0;2;5;1;1
202300008729;155 665 106;7;0;2;1;15;1
202300008730;155 665 099;7;0;2;4;1;1
202300008730;155 665 104;7;0;2;4;2;1
202300008730;155 665 108;7;0;2;1;2;1
202300008731;155 665 098;33;13;0;1;21;1
202300008731;155 665 100;0;0;2;1;17;0
202300008732;155 665 097;13;0;2;1;2;1
202300008732;155 665 103;7;0;0;4;2;1
202300008733;155 665 092;60;0;0;0;0;5
202300008734;155 665 093;33;13;0;2;1;1
202300008735;155 665 095;7;0;2;1;1;1
202300008735;155 665 096;10;0;2;7;1;1
202300008736;155 665 088;2;0;0;0;0;1
202300008736;155 665 094;7;0;2;3;13;1
202300008737;155 665 089;7;0;2;1;13;1
202300008737;155 665 091;7;0;2;1;1;1
202300008738;155 665 087;7;2;0;2;1;1
202300008739;155 665 086;21;13;0;0;1;1
202300008740;155 665 081;7;2;0;1;13;1
202300008741;155 665 082;7;0;2;1;1;1
202300008741;155 665 084;7;0;2;7;15;1
202300008742;155 665 080;7;0;1;6;4;1
202300008743;155 665 075;33;13;0;1;1;1
202300008744;155 665 076;7;0;2;2;15;1
202300008744;155 665 079;33;0;2;1;1;1
202300008745;155 665 070;33;12;0;2;1;1
202300008746;155 665 069;10;12;0;4;26;3
202300008747;155 665 071;7;0;2;3;9;1
202300008747;155 665 073;2;0;2;1;1;1
202300008748;155 665 066;7;14;0;0;26;1
202300008749;155 665 067;33;0;2;7;3;1
202300008749;155 665 072;7;0;0;6;1;1
202300008749;155 665 074;10;0;0;8;1;1
202300008749;155 665 078;7;0;0;5;1;1
202300008749;155 665 085;7;0;0;2;1;1
202300008749;155 665 090;7;0;0;6;1;1
202300008750;155 665 065;7;0;2;7;15;0
202300008750;155 665 068;7;0;2;3;1;0
202300008751;155 665 064;1;0;0;0;1;5
202300008752;155 665 054;7;0;2;1;1;1
202300008752;155 665 060;31;0;2;4;23;1
202300008753;155 665 058;33;0;2;1;2;1
202300008753;155 665 063;7;0;0;4;15;1
202300008754;155 665 055;33;0;2;1;1;1
202300008754;155 665 059;7;0;2;5;11;1
202300008755;155 665 053;2;0;2;2;17;1
202300008755;155 665 061;7;0;2;8;15;1
202300008756;155 665 051;7;0;2;1;2;0
202300008756;155 665 057;7;0;2;2;2;0
202300008756;155 665 062;7;0;2;4;2;0
202300008757;155 665 052;10;0;2;8;23;1
202300008757;155 665 056;33;0;2;8;2;1
202300008758;155 665 048;10;6;0;3;0;0
202300008759;155 665 043;7;15;2;2;5;1
202300008759;155 665 047;7;0;2;6;15;1
202300008760;155 665 042;7;0;2;8;11;1
202300008760;155 665 046;32;0;2;2;1;1
202300008761;155 665 045;10;0;2;1;1;1
202300008761;155 665 050;10;0;2;4;19;1
202300008762;155 665 044;33;0;2;1;0;1
202300008762;155 665 049;7;0;2;5;11;1
202300008763;155 665 038;31;0;2;1;1;1
202300008763;155 665 040;7;0;2;7;15;1
202300008764;155 665 039;7;0;2;7;1;1
202300008764;155 665 041;7;0;2;1;16;1
202300008765;155 665 036;7;2;0;1;14;1
202300008766;155 665 035;7;0;1;1;1;1
202300008767;155 665 034;40;0;1;1;1;3
202300008768;155 665 030;7;0;2;3;10;1
202300008768;155 665 032;32;0;2;7;17;1