Num_Acc;id_vehicule;categorie_vehicule;obstacle_fixe;obstacle_mobile;point_choc_initial;manoeuvre_principale;motorisation
202300008769;155 665 029;7;0;1;1;9;3
202300008770;155 665 031;7;4;2;3;5;1
202300008770;155 665 033;7;3;2;3;1;1
202300008770;155 665 037;7;3;2;3;1;1
202300008771;155 665 027;1;0;2;1;1;5
202300008771;155 665 028;7;0;2;2;16;1
202300008772;155 665 025;7;6;0;1;1;1
202300008773;155 665 021;1;0;2;7;1;5
202300008773;155 665 024;7;0;2;1;9;1
202300008774;155 665 018;7;0;2;4;23;1
202300008774;155 665 022;7;0;2;4;23;1
202300008774;155 665 026;7;0;2;1;1;1
202300008775;155 665 020;33;0;2;2;21;1
202300008775;155 665 023;7;0;2;6;1;1
202300008776;155 665 015;7;6;0;1;0;0
202300008777;155 665 016;7;0;2;1;26;1
202300008777;155 665 019;7;0;2;1;1;1
202300008778;155 665 014;31;0;2;7;21;1
202300008778;155 665 017;10;0;2;3;15;1
202300008779;155 665 012;3;0;2;4;1;1
202300008780;155 665 008;10;0;2;2;2;1
202300008780;155 665 011;17;0;2;6;2;1
202300008781;155 665 009;32;0;2;2;17;1
202300008781;155 665 013;7;0;2;3;16;1
202300008782;155 665 003;7;0;2;2;10;0
202300008782;155 665 007;31;0;2;1;1;1
202300008783;155 665 001;10;0;2;6;13;0
202300008783;155 665 005;33;0;2;1;1;0
202300008784;155 665 002;31;0;2;7;3;1
202300008784;155 665 006;7;0;2;8;1;0
202300008784;155 665 010;7;0;2;7;1;1
202300008785;155 664 999;33;0;2;1;17;0
202300008785;155 665 004;7;0;2;3;26;1
202300008786;155 664 997;15;0;2;7;16;1
202300008786;155 665 000;1;0;2;3;23;5
202300008787;155 664 996;7;0;2;8;15;1
202300008787;155 664 998;2;0;2;1;1;1
202300008788;155 664 991;7;0;2;6;11;1
202300008788;155 664 995;34;0;2;2;3;1
202300008789;155 664 989;7;0;2;3;1;1
202300008789;155 664 993;50;0;2;1;5;3
202300008790;155 664 988;7;0;9;3;15;1
202300008790;155 664 994;1;0;2;1;0;5
202300008791;155 664 986;7;0;2;3;11;1
202300008791;155 664 992;31;0;2;4;1;1
202300008792;155 664 984;33;0;2;1;1;1
202300008792;155 664 987;7;0;2;2;15;1
202300008793;155 664 983;2;0;1;1;1;1
202300008794;155 664 980;7;0;2;4;1;1
202300008794;155 664 982;7;0;2;5;1;1
202300008794;155 664 985;7;0;2;1;1;1
202300008795;155 664 979;37;0;1;1;1;3
202300008796;155 664 978;7;0;2;1;1;1
202300008796;155 664 981;7;0;2;8;15;1
202300008797;155 664 975;1;0;2;1;15;5
202300008797;155 664 977;7;0;9;3;1;1
202300008798;155 664 973;7;1;0;1;14;1
202300008799;155 664 972;7;0;2;2;1;1
202300008799;155 664 974;33;0;2;8;3;1
202300008800;155 664 971;7;0;1;0;1;0
202300008801;155 664 970;7;0;1;4;20;0
202300008802;155 664 967;33;0;2;1;2;0
202300008802;155 664 969;7;0;0;7;16;1
202300008803;155 664 966;33;0;2;1;2;1
202300008803;155 664 968;7;0;2;4;2;1
202300008804;155 664 964;7;0;1;1;15;1
202300008805;155 664 963;30;8;0;3;26;1
202300008806;155 664 961;7;0;2;3;1;2
202300008806;155 664 965;7;0;2;1;0;1
202300008807;155 664 960;7;1;0;1;1;1
202300008808;155 664 958;7;0;1;1;1;1
202300008809;155 664 957;33;2;1;1;26;1
202300008810;155 664 956;1;0;2;4;2;5
202300008810;155 664 959;7;0;2;2;2;1
202300008810;155 664 962;1;0;2;4;2;5
202300008811;155 664 949;3;0;2;1;0;1
202300008811;155 664 954;1;0;2;4;1;5
202300008812;155 664 946;33;0;2;1;3;1
202300008812;155 664 950;10;0;2;5;1;1
202300008812;155 664 955;33;0;2;1;3;1
202300008813;155 664 948;7;0;2;5;10;1
202300008813;155 664 951;43;0;2;1;1;1
202300008814;155 664 943;38;0;2;3;1;1
202300008814;155 664 990;7;0;2;1;16;1
202300008815;155 664 938;14;3;0;7;14;1
202300008816;155 664 937;1;0;2;1;1;5
202300008816;155 664 941;7;0;2;6;1;1
202300008817;155 664 935;7;0;2;1;17;1
202300008817;155 664 940;7;0;2;1;1;2
202300008818;155 664 936;7;0;2;1;1;1
202300008818;155 664 942;10;0;2;1;1;1
202300008819;155 664 934;7;0;1;2;1;1
202300008820;155 664 933;7;0;2;8;15;1
202300008820;155 664 939;33;0;2;1;17;1
202300008821;155 664 931;36;13;0;3;26;1
202300008822;155 664 925;7;0;2;3;15;0
202300008822;155 664 930;30;0;2;1;1;0
202300008823;155 664 923;33;0;2;2;1;1
202300008823;155 664 929;7;0;2;3;15;1
202300008824;155 664 920;7;0;2;1;13;1
202300008824;155 664 924;15;0;2;1;1;1
202300008825;155 664 921;33;0;2;1;3;1
202300008825;155 664 926;33;0;2;4;3;1
202300008826;155 664 918;31;0;2;0;1;1
202300008826;155 664 922;31;0;2;0;9;1
202300008827;155 664 915;7;0;2;3;7;1
202300008827;155 664 919;7;0;2;5;16;1
202300008828;155 664 916;7;1;0;2;14;0
202300008829;155 664 917;7;0;1;1;19;1
202300008830;155 664 914;7;2;0;1;1;0
202300008831;155 664 908;7;0;2;3;1;1
202300008831;155 664 912;33;0;2;1;13;1
202300008832;155 664 907;7;2;0;1;18;1
202300008833;155 664 906;7;13;0;1;20;1
202300008834;155 664 904;34;0;2;6;17;1
202300008834;155 664 909;7;0;2;6;2;1
202300008835;155 664 905;31;0;2;3;3;1
202300008835;155 664 911;7;0;2;0;1;1
202300008835;155 664 913;10;0;2;7;14;1
202300008836;155 664 903;7;8;2;3;1;1
202300008836;155 664 910;7;0;2;3;13;1
202300008837;155 664 901;32;16;0;0;1;1
202300008838;155 664 899;2;0;2;1;1;0
202300008838;155 664 902;7;0;2;7;1;0
202300008839;155 664 900;0;0;1;0;1;0
202300008840;155 664 895;7;0;2;4;1;1
202300008840;155 664 898;7;0;2;1;2;1
202300008841;155 664 894;33;0;2;4;2;1
202300008841;155 664 897;33;0;2;1;2;1
202300008842;155 664 891;30;0;0;0;1;1
202300008843;155 664 893;7;0;2;2;15;1
202300008843;155 664 896;2;0;2;1;1;1
202300008844;155 664 890;14;0;2;3;1;1
202300008844;155 664 892;7;0;2;3;13;1
202300008845;155 664 888;7;0;0;9;1;1
202300008846;155 664 885;36;15;0;1;26;1
202300008847;155 664 880;7;0;2;2;1;1
202300008847;155 664 884;10;0;2;2;17;1
202300008848;155 664 883;7;15;0;1;0;2
202300008848;155 664 886;7;1;0;2;0;1
202300008849;155 664 882;7;0;2;2;15;2
202300008849;155 664 889;1;0;2;2;1;5
202300008850;155 664 881;7;0;2;8;11;1
202300008850;155 664 887;32;0;2;1;3;1
202300008851;155 664 876;1;0;2;1;2;5
202300008851;155 664 879;7;0;2;5;23;1
202300008852;155 664 871;33;0;2;1;17;1
202300008852;155 664 873;7;0;2;6;1;2
202300008852;155 664 878;7;0;2;6;1;1
202300008853;155 664 868;7;0;2;8;1;1
202300008853;155 664 877;7;0;2;2;15;1
202300008854;155 664 867;10;12;2;1;26;1
202300008854;155 664 872;7;0;0;5;21;1
202300008855;155 664 869;30;0;2;3;18;1
202300008855;155 664 874;10;0;2;2;16;1
202300008856;155 664 866;7;0;2;1;2;2
202300008856;155 664 870;10;0;2;4;23;1
202300008856;155 664 875;7;0;2;1;2;1
202300008857;155 664 863;7;0;1;0;1;1
202300008858;155 664 864;7;0;2;3;1;1
202300008858;155 664 865;7;0;2;2;1;1
202300008859;155 664 858;7;3;2;3;1;3
202300008859;155 664 862;7;4;2;3;13;1
202300008860;155 664 856;7;0;2;3;1;1
202300008860;155 664 861;7;0;2;3;1;1
202300008861;155 664 853;7;0;2;3;1;1
202300008861;155 664 860;50;0;2;1;1;3
202300008862;155 664 854;31;0;2;3;1;1
202300008862;155 664 857;7;0;0;2;15;3
202300008863;155 664 851;7;0;2;2;1;6
202300008863;155 664 855;7;0;2;6;23;2
202300008863;155 664 859;7;0;2;5;23;3
202300008864;155 664 850;7;16;0;3;1;1
202300008865;155 664 849;2;0;2;4;10;1
202300008865;155 664 852;7;0;2;2;21;1
202300008866;155 664 845;7;15;0;6;9;1
202300008866;155 664 846;7;0;2;2;1;1
202300008867;155 664 842;7;2;0;1;1;1
202300008868;155 664 841;7;0;2;1;15;1
202300008868;155 664 848;7;0;2;8;1;1
202300008869;155 664 843;7;0;2;1;1;1
202300008869;155 664 847;33;0;2;7;1;1
202300008870;155 664 839;7;0;2;3;15;1
202300008870;155 664 844;32;0;2;1;17;1
202300008871;155 664 836;7;0;2;3;1;1
202300008871;155 664 838;7;0;2;6;1;1
202300008872;155 664 837;7;17;0;2;1;1
202300008873;155 664 835;33;0;2;1;1;1
202300008873;155 664 840;10;0;0;7;19;1
202300008874;155 664 831;33;5;0;0;2;1
202300008875;155 664 832;31;0;2;1;17;1
202300008875;155 664 833;7;0;2;6;15;0
202300008876;155 664 829;38;0;2;2;2;0
202300008877;155 664 828;33;3;0;3;1;1
202300008878;155 664 827;7;0;2;1;1;1
202300008878;155 664 834;7;0;2;8;1;1
202300008879;155 664 825;33;13;0;8;1;1
202300008880;155 664 823;7;0;2;8;1;2
202300008880;155 664 826;50;0;2;8;15;3
202300008880;155 664 830;34;0;2;1;1;1
202300008881;155 664 821;1;0;0;8;1;5
202300008882;155 664 818;10;0;1;2;16;1
202300008883;155 664 819;7;0;9;3;1;2
202300008883;155 664 824;1;0;2;1;5;5
202300008884;155 664 816;7;10;0;2;1;1
202300008884;155 664 820;7;0;2;1;1;1
202300008885;155 664 815;33;0;6;1;1;1
202300008886;155 664 814;7;0;1;1;17;1
202300008887;155 664 810;7;0;2;3;20;1
202300008887;155 664 813;31;0;2;2;1;1
202300008888;155 664 808;7;0;2;1;1;1
202300008888;155 664 812;7;0;2;8;1;1
202300008889;155 664 805;2;0;2;1;1;1
202300008889;155 664 809;7;0;2;5;1;1
202300008890;155 664 806;7;14;1;4;4;1
202300008890;155 664 811;7;1;0;7;1;0
202300008891;155 664 804;50;0;1;0;1;3
202300008892;155 664 802;7;0;0;3;13;1
202300008892;155 664 807;7;0;0;3;1;1
202300008893;155 664 803;10;1;0;2;1;1
202300008894;155 664 800;7;0;0;7;1;0
202300008895;155 664 799;1;0;2;2;1;5
202300008895;155 664 801;7;0;9;3;15;1
202300008896;155 664 796;7;0;2;2;20;1
202300008896;155 664 798;30;0;2;7;21;1
202300008897;155 664 794;14;0;2;1;1;1
202300008897;155 664 797;10;0;2;1;13;1
202300008898;155 664 790;7;0;2;3;5;1
202300008898;155 664 793;1;0;2;1;1;5
202300008899;155 664 789;7;0;2;1;15;1
202300008899;155 664 792;2;0;2;1;1;1
202300008900;155 664 791;7;0;2;4;26;1
202300008900;155 664 795;7;0;2;1;1;1
202300008901;155 664 788;7;0;1;1;1;1
202300008902;155 664 785;7;9;1;3;14;1
202300008903;155 664 786;7;15;0;1;13;1
202300008904;155 664 783;50;0;0;7;2;3
202300008904;155 664 787;7;0;2;3;2;1
202300008905;155 664 780;7;0;1;2;1;1
202300008906;155 664 779;32;0;2;4;23;0
202300008906;155 664 782;7;0;2;2;1;0
202300008907;155 664 781;7;0;2;3;15;1
202300008907;155 664 784;33;0;2;1;17;1
202300008908;155 664 775;33;0;2;4;2;1
202300008908;155 664 778;33;0;2;1;2;1
202300008909;155 664 776;7;0;2;2;15;1
202300008909;155 664 777;31;0;2;2;1;1
202300008910;155 664 774;7;4;0;1;1;1
202300008911;155 664 773;10;0;1;6;20;1
202300008912;155 664 771;7;0;1;3;1;2
202300008913;155 664 772;7;0;1;1;1;1
202300008914;155 664 767;33;12;2;2;17;1
202300008914;155 664 769;7;0;2;3;15;1
202300008915;155 664 766;60;0;2;4;23;5
202300008915;155 664 770;10;0;2;6;15;1
202300008916;155 664 764;7;0;2;1;9;1
202300008916;155 664 768;33;0;2;2;19;1
202300008917;155 664 762;7;0;1;1;15;1
202300008918;155 664 759;10;0;2;4;1;1
202300008918;155 664 763;7;0;2;1;1;1
202300008919;155 664 757;50;0;2;1;1;3
202300008919;155 664 760;7;0;9;8;1;1
202300008920;155 664 758;32;12;2;7;13;1
202300008920;155 664 761;10;0;2;3;15;1
202300008921;155 664 755;7;0;2;1;1;1
202300008921;155 664 765;7;0;2;7;1;1
202300008922;155 664 754;7;13;0;8;14;1
202300008923;155 664 753;7;0;2;2;0;1
202300008923;155 664 756;33;0;2;7;0;1
202300008924;155 664 751;2;0;0;0;1;1
202300008925;155 664 750;7;13;0;1;0;1
202300008926;155 664 749;13;0;2;6;13;1
202300008926;155 664 752;43;4;2;1;1;1
202300008927;155 664 748;33;12;0;2;1;1
202300008928;155 664 745;7;0;2;3;1;2
202300008928;155 664 746;7;0;2;3;1;1
202300008929;155 664 744;7;0;1;1;1;1
202300008930;155 664 742;7;8;0;2;1;1
202300008931;155 664 743;7;0;1;7;26;1
202300008931;155 664 747;7;0;0;0;0;1
202300008932;155 664 738;10;0;2;5;17;1
202300008932;155 664 740;1;0;2;8;1;5
202300008933;155 664 734;7;0;1;1;1;1
202300008934;155 664 733;7;0;1;1;15;1
202300008934;155 664 739;7;0;2;3;15;0
202300008934;155 664 741;10;0;2;6;0;1
202300008935;155 664 731;1;0;2;1;15;5
202300008935;155 664 732;33;0;2;1;1;1
202300008936;155 664 730;33;8;0;7;2;1
202300008937;155 664 729;7;0;2;4;15;1
202300008937;155 664 736;10;0;2;1;1;1
202300008938;155 664 728;7;0;2;5;1;1
202300008938;155 664 735;7;0;2;2;15;1
202300008939;155 664 727;7;0;1;1;15;1
202300008940;155 664 722;7;0;2;2;1;1
202300008940;155 664 726;7;0;2;7;15;1
202300008941;155 664 721;1;0;2;0;21;5
202300008941;155 664 725;1;0;2;2;21;5
202300008942;155 664 720;7;13;0;1;26;1
202300008943;155 664 718;7;0;2;2;1;1
202300008943;155 664 724;7;0;2;8;0;1
202300008944;155 664 719;7;0;2;1;17;1
202300008944;155 664 723;7;0;2;8;15;3
202300008945;155 664 717;7;0;1;1;2;1
202300008946;155 664 715;1;0;9;0;14;5
202300008946;155 664 716;1;0;0;0;13;5
202300008947;155 664 714;80;0;0;0;1;3
202300008948;155 664 712;32;0;1;1;0;3
202300008949;155 664 711;1;0;2;1;1;5
202300008949;155 664 713;1;0;2;0;0;5
202300008950;155 664 706;50;0;2;1;1;3
202300008950;155 664 709;7;0;2;5;16;1
202300008951;155 664 704;7;0;2;1;21;1
202300008951;155 664 710;15;0;2;1;21;1
202300008952;155 664 705;33;0;2;1;17;1
202300008952;155 664 708;10;0;2;3;10;1
202300008953;155 664 699;7;0;2;3;13;1
202300008953;155 664 702;7;0;2;3;1;1
202300008953;155 664 707;7;0;2;1;1;1
202300008954;155 664 700;7;0;2;6;15;0
202300008954;155 664 703;50;0;2;2;1;3
202300008955;155 664 698;7;0;2;1;1;1
202300008955;155 664 701;7;0;2;2;1;1
202300008956;155 664 695;7;15;0;2;1;1
202300008957;155 664 693;1;12;0;0;0;5
202300008958;155 664 694;30;0;2;1;11;1
202300008958;155 664 696;30;0;2;4;11;1
202300008959;155 664 692;7;0;2;8;15;1
202300008959;155 664 697;33;0;2;1;1;1
202300008960;155 664 690;7;0;2;2;1;1
202300008960;155 664 691;33;0;2;0;0;1
202300008961;155 664 688;7;1;0;1;0;0
202300008962;155 664 687;7;0;1;3;2;0
202300008963;155 664 685;50;0;2;1;1;3
202300008963;155 664 689;7;0;2;3;15;1
202300008964;155 664 683;7;0;2;1;1;1
202300008964;155 664 686;2;0;2;4;1;1
202300008965;155 664 680;7;0;1;1;26;1
202300008966;155 664 675;7;0;2;1;2;0
202300008966;155 664 679;7;0;2;1;2;0
202300008966;155 664 682;7;0;2;4;1;0
202300008967;155 664 676;33;0;2;1;1;1
202300008967;155 664 681;7;0;2;3;19;1
202300008968;155 664 674;7;2;0;1;26;1
202300008969;155 664 673;7;0;2;2;2;2
202300008969;155 664 678;1;0;2;3;2;5
202300008970;155 664 670;43;4;0;7;14;1
202300008971;155 664 671;7;0;2;2;2;1
202300008971;155 664 677;7;0;2;4;2;1
202300008972;155 664 668;2;0;0;0;1;1
202300008973;155 664 672;31;0;0;0;0;1
202300008974;155 664 667;7;1;0;3;1;1
202300008975;155 664 660;10;0;2;3;13;1
202300008975;155 664 664;33;0;2;1;1;1
202300008976;155 664 662;30;0;1;2;9;1
202300008977;155 664 658;7;0;2;1;0;1
202300008977;155 664 663;7;0;2;4;2;1
202300008978;155 664 657;7;0;2;1;2;1
202300008978;155 664 661;10;0;2;1;2;1
202300008978;155 664 665;10;0;2;3;2;1
202300008978;155 664 666;7;0;2;4;2;1
202300008979;155 664 656;31;0;2;1;1;3
202300008980;155 664 655;1;0;2;1;16;5
202300008980;155 664 659;1;0;2;8;1;5
202300008981;155 664 654;7;2;0;1;1;1
202300008982;155 664 653;32;14;0;1;1;1
202300008983;155 664 652;7;6;0;1;1;1
202300008984;155 664 650;7;0;2;1;1;1
202300008984;155 664 651;7;0;2;4;23;0
202300008985;155 664 646;7;0;2;3;9;1
202300008985;155 664 649;2;0;2;1;1;1
202300008986;155 664 645;15;0;2;8;1;0
202300008986;155 664 647;33;0;2;3;1;0
202300008987;155 664 643;7;0;1;1;2;0
202300008988;155 664 644;7;0;2;3;15;1
202300008988;155 664 648;30;0;2;1;1;1
202300008989;155 664 641;10;0;2;1;1;1
202300008989;155 664 642;7;0;2;4;23;1
202300008990;155 664 639;33;2;0;0;2;1
202300008991;155 664 638;33;0;2;1;18;1
202300008991;155 664 640;10;0;0;0;0;0
202300008992;155 664 637;43;4;0;8;1;1
202300008993;155 664 636;7;0;1;3;19;1
202300008994;155 664 634;33;4;2;8;3;1
202300008994;155 664 635;7;4;2;7;14;1
202300008995;155 664 631;33;0;2;1;2;1
202300008995;155 664 633;10;0;0;4;2;1
202300008996;155 664 632;7;0;1;1;1;1
202300008997;155 664 628;3;0;1;1;1;0
202300008998;155 664 625;7;0;2;1;2;1
202300008998;155 664 626;7;0;2;4;2;1
202300008998;155 664 630;7;0;2;4;2;1
202300008999;155 664 624;7;0;2;1;2;1
202300008999;155 664 627;7;0;2;4;2;1
202300008999;155 664 629;7;0;2;6;0;1
202300009000;155 664 623;7;13;0;3;14;1
202300009001;155 664 622;7;0;1;1;;
202300009002;155 664 616;7;0;2;7;12;1
202300009002;155 664 620;33;3;2;8;1;1
202300009003;155 664 617;31;0;1;1;1;1
202300009004;155 664 618;31;0;0;7;1;1
202300009005;155 664 619;32;0;2;1;1;1
202300009005;155 664 621;7;0;2;2;10;1
202300009006;155 664 614;15;14;0;3;1;1
202300009007;155 664 613;7;0;2;0;15;1
202300009007;155 664 615;33;0;2;1;1;1
202300009008;155 664 612;7;0;1;1;1;1
202300009009;155 664 608;33;0;2;1;16;1
202300009009;155 664 611;7;0;2;1;15;1
202300009010;155 664 610;7;0;0;9;1;1
202300009011;155 664 609;7;0;1;2;1;1
202300009012;155 664 606;50;0;2;1;26;3
202300009012;155 664 607;7;0;2;2;1;1
202300009013;155 664 603;7;0;2;4;1;1
202300009013;155 664 605;32;0;2;1;2;1
202300009014;155 664 600;33;0;2;3;21;1
202300009014;155 664 602;7;0;0;5;2;1
202300009015;155 664 599;7;0;2;6;11;1
202300009015;155 664 604;32;0;2;1;3;1
202300009016;155 664 598;13;0;1;2;16;1
202300009017;155 664 595;7;2;0;2;1;1
202300009018;155 664 591;1;0;2;0;1;5
202300009018;155 664 596;7;0;2;1;16;1
202300009019;155 664 590;7;0;2;1;1;1
202300009019;155 664 593;7;0;2;1;13;1
202300009020;155 664 587;10;0;2;5;1;1
202300009020;155 664 589;33;0;2;1;2;1
202300009020;155 664 592;32;0;2;1;2;1
202300009020;155 664 594;34;0;2;4;2;1
202300009021;155 664 583;7;0;2;0;0;1
202300009021;155 664 585;7;0;2;2;17;0
202300009022;155 664 582;7;0;2;3;15;1
202300009022;155 664 584;10;0;2;2;1;1
202300009023;155 664 581;7;0;2;2;1;0
202300009023;155 664 586;7;0;9;0;5;0
202300009023;155 664 588;7;3;2;9;1;0
202300009024;155 664 579;7;1;0;8;1;1
202300009025;155 664 577;7;1;0;4;0;0
202300009025;155 664 580;37;0;2;1;2;0
202300009026;155 664 576;43;0;2;1;2;1
202300009026;155 664 578;7;0;2;4;2;1
202300009027;155 664 573;7;14;0;1;6;1
202300009028;155 664 572;7;0;2;3;13;1
202300009028;155 664 575;7;0;2;3;1;1
202300009029;155 664 571;32;0;2;1;0;1
202300009029;155 664 574;7;0;2;2;26;1
202300009030;155 664 570;33;6;0;1;1;1
202300009031;155 664 566;7;1;0;1;2;1
202300009031;155 664 568;7;0;0;4;23;1
202300009032;155 664 567;7;0;2;1;15;1
202300009032;155 664 569;30;0;2;1;1;1
202300009033;155 664 562;10;0;1;5;4;1
202300009034;155 664 561;7;0;2;2;1;1
202300009034;155 664 563;31;0;2;1;13;1
202300009034;155 664 564;7;0;2;8;1;1
202300009034;155 664 565;7;0;2;8;1;1
202300009035;155 664 558;7;0;2;1;16;1
202300009035;155 664 560;7;0;2;2;1;1
202300009036;155 664 556;7;0;2;1;13;0
202300009036;155 664 559;30;0;2;1;1;0
202300009037;155 664 555;32;0;2;4;23;0
202300009037;155 664 557;7;0;2;1;1;0
202300009038;155 664 552;2;0;2;1;1;1
202300009038;155 664 554;7;0;2;7;15;1
202300009039;155 664 551;1;0;2;1;1;5
202300009039;155 664 553;7;0;9;3;15;1
202300009040;155 664 550;33;0;1;1;1;1
202300009041;155 664 547;7;0;2;4;15;0
202300009041;155 664 549;7;0;2;1;2;1
202300009042;155 664 546;15;8;0;1;1;1
202300009043;155 664 545;36;0;0;2;1;1
202300009044;155 664 544;7;2;0;1;1;1
202300009045;155 664 543;7;0;1;2;1;1
202300009046;155 664 542;31;0;0;8;1;6
202300009047;155 664 540;7;0;2;1;1;0
202300009047;155 664 541;7;0;2;6;1;0
202300009048;155 664 536;7;0;0;3;1;1
202300009048;155 664 537;7;0;0;2;15;1
202300009048;155 664 539;7;0;0;1;1;1
202300009049;155 664 535;33;3;2;7;17;1
202300009049;155 664 538;7;0;2;8;1;1
202300009050;155 664 533;7;0;2;2;10;1
202300009050;155 664 534;2;0;2;9;1;1
202300009051;155 664 530;2;0;2;2;2;1
202300009051;155 664 531;7;0;2;3;1;1
202300009052;155 664 528;7;0;2;4;4;1
202300009052;155 664 532;7;0;2;1;2;1
202300009053;155 664 527;7;0;2;3;15;1
202300009053;155 664 529;2;0;2;1;17;1
202300009054;155 664 526;7;0;1;5;1;0
202300009055;155 664 523;7;0;0;4;2;1
202300009055;155 664 525;7;0;2;2;1;1
202300009056;155 664 520;7;0;2;2;5;1
202300009056;155 664 522;1;0;2;3;1;5
202300009057;155 664 521;7;0;2;0;15;1
202300009057;155 664 524;7;0;2;1;1;1
202300009058;155 664 516;7;2;0;0;1;1
202300009059;155 664 514;7;0;2;7;1;1
202300009059;155 664 517;7;0;2;2;1;1
202300009060;155 664 515;38;13;2;1;19;1
202300009060;155 664 518;7;13;2;8;1;1
202300009061;155 664 510;7;0;0;8;9;0
202300009061;155 664 512;7;0;2;1;1;0
202300009062;155 664 509;1;0;2;1;1;5
202300009062;155 664 511;10;0;2;7;15;1
202300009063;155 664 506;15;4;0;2;1;1
202300009063;155 664 507;10;3;0;8;23;1
202300009064;155 664 504;7;0;2;1;1;1
202300009064;155 664 508;7;0;2;7;19;1
202300009064;155 664 513;7;0;2;8;23;1
202300009065;155 664 505;2;0;0;4;26;1
202300009066;155 664 501;7;8;0;3;1;1
202300009067;155 664 502;1;0;0;1;2;5
202300009068;155 664 500;7;6;2;1;1;2
202300009068;155 664 503;7;0;2;1;1;1
202300009069;155 664 497;1;0;2;3;13;5
202300009069;155 664 499;2;0;2;3;1;3
202300009070;155 664 496;1;0;2;7;1;5
202300009070;155 664 498;7;0;2;3;9;1
202300009071;155 664 494;7;0;2;1;2;1
202300009071;155 664 495;7;4;0;4;2;1
202300009072;155 664 490;7;0;2;0;0;1
202300009072;155 664 492;33;0;2;0;0;1
202300009073;155 664 487;7;0;2;4;23;1
202300009073;155 664 488;1;0;2;1;1;5
202300009074;155 664 491;7;0;2;7;2;1
202300009074;155 664 493;1;0;2;8;2;5
202300009075;155 664 486;7;3;0;2;12;1
202300009076;155 664 485;7;9;2;1;13;2
202300009077;155 664 484;7;14;0;1;1;1
202300009078;155 664 481;7;1;0;1;1;1
202300009078;155 664 482;7;0;2;4;23;1
202300009078;155 664 483;7;0;2;2;1;1
202300009079;155 664 480;7;0;1;1;19;4
202300009080;155 664 478;7;0;2;3;1;1
202300009080;155 664 479;7;0;2;3;1;1
202300009081;155 664 476;7;13;0;1;0;1
202300009082;155 664 475;31;0;2;8;1;1
202300009082;155 664 477;7;0;2;1;1;1
202300009083;155 664 474;7;6;0;1;15;1
202300009084;155 664 473;7;4;0;3;1;1
202300009085;155 664 471;37;0;1;1;1;1
202300009086;155 664 472;7;6;0;1;1;1
202300009087;155 664 468;7;16;0;9;6;1
202300009088;155 664 467;7;0;0;8;10;1
202300009088;155 664 470;2;0;2;8;17;1
202300009089;155 664 466;7;0;2;6;1;1
202300009089;155 664 469;10;0;2;1;19;1
202300009090;155 664 465;10;13;0;1;1;1
202300009091;155 664 463;10;0;0;4;2;1
202300009091;155 664 464;2;0;2;1;2;1
202300009092;155 664 461;2;13;0;0;0;1
202300009093;155 664 460;7;0;2;1;5;1
202300009093;155 664 462;13;0;2;1;1;1
202300009094;155 664 459;7;0;1;2;1;1
202300009095;155 664 457;7;16;0;1;14;0
202300009096;155 664 456;1;1;2;8;1;5
202300009096;155 664 458;7;0;0;5;24;1
202300009097;155 664 455;0;7;0;0;2;1
202300009098;155 664 454;1;1;0;6;2;5
202300009099;155 664 453;7;0;1;4;4;0
202300009100;155 664 451;33;13;0;1;1;1
202300009101;155 664 452;2;0;1;1;3;1
202300009102;155 664 450;7;0;1;3;0;1
202300009103;155 664 446;7;0;2;1;1;1
202300009103;155 664 448;1;0;2;1;13;5
202300009104;155 664 447;7;0;9;7;2;1
202300009104;155 664 449;1;0;2;8;1;5
202300009105;155 664 444;7;0;2;2;1;1
202300009105;155 664 445;10;14;0;6;26;1
202300009106;155 664 442;7;0;1;2;1;1
202300009107;155 664 441;7;0;2;4;4;1
202300009107;155 664 443;1;0;2;8;19;5
202300009108;155 664 438;2;0;2;2;5;1
202300009108;155 664 440;7;0;2;3;1;1
202300009109;155 664 436;7;0;0;5;15;1
202300009109;155 664 439;33;0;0;7;1;1
202300009110;155 664 435;10;0;2;3;15;1
202300009110;155 664 437;2;0;2;7;1;1
202300009111;155 664 433;7;4;0;3;1;1
202300009112;155 664 434;7;0;1;1;1;1
202300009113;155 664 431;7;0;2;1;13;1
202300009113;155 664 432;7;0;2;1;1;1
202300009114;155 664 430;33;8;0;7;1;0
202300009115;155 664 429;33;0;0;8;2;1
202300009116;155 664 428;7;13;0;1;17;1
202300009117;155 664 426;7;2;0;1;1;1
202300009118;155 664 423;21;0;2;3;0;1
202300009118;155 664 425;33;0;2;1;0;1
202300009119;155 664 424;33;0;2;1;0;1
202300009119;155 664 427;10;0;2;3;15;1
202300009120;155 664 422;7;0;0;0;1;1
202300009121;155 664 419;7;0;2;2;16;1
202300009121;155 664 421;1;0;2;8;1;5
202300009122;155 664 418;10;0;0;5;0;0
202300009122;155 664 420;1;0;0;1;0;5
202300009123;155 664 417;7;13;0;1;1;3
202300009124;155 664 413;7;5;0;1;13;1
202300009125;155 664 412;7;0;2;6;9;1
202300009125;155 664 415;7;0;2;2;1;1
202300009126;155 664 410;33;6;0;1;17;1