Num_Acc;id_vehicule;categorie_vehicule;obstacle_fixe;obstacle_mobile;point_choc_initial;manoeuvre_principale;motorisation
202300009127;155 664 411;7;0;2;1;1;1
202300009127;155 664 414;7;0;2;3;23;1
202300009127;155 664 416;7;0;2;2;19;2
202300009128;155 664 409;7;6;0;1;16;1
202300009129;155 664 405;7;5;2;3;5;1
202300009129;155 664 407;7;0;2;3;1;1
202300009130;155 664 402;37;0;2;5;15;1
202300009130;155 664 404;10;0;2;1;0;1
202300009131;155 664 401;7;0;2;1;1;1
202300009131;155 664 403;13;0;2;4;1;1
202300009131;155 664 406;7;0;2;4;21;1
202300009131;155 664 408;7;0;2;1;1;1
202300009132;155 664 398;7;0;0;1;5;0
202300009132;155 664 400;7;0;0;1;2;0
202300009133;155 664 396;7;0;2;1;5;1
202300009133;155 664 399;7;0;2;3;1;1
202300009134;155 664 395;7;0;2;3;15;1
202300009134;155 664 397;32;0;2;2;17;3
202300009135;155 664 393;33;2;0;1;1;1
202300009136;155 664 391;7;15;0;1;0;0
202300009137;155 664 390;7;0;2;1;1;1
202300009137;155 664 392;14;0;2;1;1;1
202300009137;155 664 394;7;0;2;4;1;1
202300009138;155 664 389;7;0;1;1;15;1
202300009139;155 664 387;31;16;0;8;15;1
202300009140;155 664 386;7;13;0;2;1;2
202300009141;155 664 385;10;1;1;3;1;1
202300009141;155 664 388;7;0;2;8;24;1
202300009142;155 664 384;33;4;0;2;2;1
202300009143;155 664 383;7;0;1;1;1;0
202300009144;155 664 380;7;0;1;2;2;1
202300009145;155 664 378;7;0;0;0;1;0
202300009146;155 664 377;7;4;2;2;2;1
202300009146;155 664 379;7;4;2;5;2;1
202300009146;155 664 381;7;4;2;3;13;1
202300009146;155 664 382;7;4;2;6;2;1
202300009147;155 664 375;2;9;0;1;26;1
202300009148;155 664 372;7;0;2;2;12;1
202300009148;155 664 374;33;0;2;3;1;1
202300009149;155 664 373;33;0;2;1;17;1
202300009149;155 664 376;10;0;2;1;1;1
202300009150;155 664 371;7;13;0;3;13;1
202300009151;155 664 367;2;0;2;1;15;1
202300009151;155 664 369;7;0;2;1;1;1
202300009152;155 664 364;33;0;2;8;1;1
202300009152;155 664 366;0;0;2;8;13;0
202300009153;155 664 361;7;0;2;7;1;1
202300009153;155 664 363;13;0;2;1;1;1
202300009154;155 664 360;36;6;0;2;1;1
202300009155;155 664 357;7;15;0;9;2;1
202300009156;155 664 355;1;0;2;8;13;5
202300009156;155 664 356;33;0;0;1;1;1
202300009157;155 664 352;7;0;2;1;1;1
202300009157;155 664 353;50;0;2;4;1;3
202300009158;155 664 351;7;10;2;2;18;1
202300009158;155 664 354;7;0;2;1;2;1
202300009158;155 664 358;7;9;2;6;2;1
202300009158;155 664 359;7;0;2;8;1;1
202300009158;155 664 362;7;0;2;0;1;1
202300009159;155 664 349;31;0;2;1;1;1
202300009159;155 664 350;33;0;0;8;10;3
202300009160;155 664 345;7;0;1;2;14;1
202300009161;155 664 344;1;0;2;1;1;5
202300009161;155 664 347;7;0;2;3;15;1
202300009161;155 664 348;1;0;2;1;1;5
202300009162;155 664 343;33;3;2;7;2;1
202300009162;155 664 346;7;3;0;1;1;1
202300009163;155 664 340;7;8;0;1;0;1
202300009164;155 664 339;7;0;2;1;15;1
202300009164;155 664 341;33;0;2;8;1;1
202300009165;155 664 334;33;0;2;1;1;1
202300009165;155 664 337;7;0;2;3;15;1
202300009166;155 664 335;33;0;0;0;1;1
202300009167;155 664 328;10;0;2;1;1;1
202300009167;155 664 331;50;0;2;4;2;3
202300009168;155 664 326;10;0;2;5;23;1
202300009168;155 664 332;0;1;0;2;9;0
202300009169;155 664 329;31;0;2;1;1;1
202300009169;155 664 330;10;0;2;7;15;1
202300009169;155 664 333;10;0;2;1;1;1
202300009170;155 664 325;7;0;2;3;15;1
202300009170;155 664 327;1;0;2;1;26;5
202300009171;155 664 321;7;0;2;3;9;1
202300009171;155 664 324;33;0;0;5;1;1
202300009172;155 664 320;7;0;2;1;2;1
202300009172;155 664 323;7;0;2;4;1;1
202300009173;155 664 318;2;0;2;0;1;0
202300009173;155 664 322;7;0;2;0;0;1
202300009174;155 664 317;7;0;2;3;1;1
202300009174;155 664 319;50;0;2;6;1;3
202300009175;155 664 315;7;3;0;1;12;1
202300009176;155 664 313;7;0;2;6;1;1
202300009176;155 664 316;1;0;2;1;1;5
202300009177;155 664 312;7;0;2;4;1;1
202300009177;155 664 314;2;0;2;1;1;1
202300009178;155 664 310;7;3;0;1;13;1
202300009179;155 664 308;7;0;2;4;1;1
202300009179;155 664 311;7;0;2;1;2;1
202300009180;155 664 307;7;4;2;1;2;1
202300009180;155 664 309;15;0;2;6;1;1
202300009181;155 664 305;7;0;2;1;26;1
202300009181;155 664 306;31;0;2;4;1;1
202300009182;155 664 303;7;4;0;3;13;1
202300009183;155 664 300;33;13;0;7;1;1
202300009183;155 664 302;33;0;2;1;1;1
202300009184;155 664 301;50;0;2;2;1;3
202300009184;155 664 304;7;0;2;3;9;1
202300009185;155 664 298;41;0;0;1;1;1
202300009185;155 664 299;7;0;0;2;11;1
202300009186;155 664 296;7;0;2;1;2;1
202300009186;155 664 297;10;0;2;4;2;1
202300009187;155 664 295;2;0;1;1;1;1
202300009188;155 664 292;1;0;2;1;1;5
202300009188;155 664 294;7;0;2;8;1;1
202300009189;155 664 291;7;0;0;1;9;6
202300009189;155 664 293;50;0;2;0;15;3
202300009190;155 664 288;7;0;0;3;13;1
202300009190;155 664 290;7;0;0;3;1;1
202300009191;155 664 287;7;0;2;1;2;1
202300009191;155 664 289;7;0;2;4;23;1
202300009192;155 664 285;7;0;1;2;15;1
202300009193;155 664 284;33;7;0;2;1;1
202300009194;155 664 286;7;0;1;1;1;1
202300009195;155 664 283;7;4;0;3;13;1
202300009196;155 664 281;2;17;0;1;1;1
202300009197;155 664 279;7;4;2;2;1;1
202300009198;155 664 278;7;0;2;2;15;1
202300009198;155 664 282;1;0;2;1;1;5
202300009199;155 664 277;30;0;2;8;2;1
202300009199;155 664 280;30;0;9;0;1;1
202300009200;155 664 276;2;0;0;2;1;1
202300009201;155 664 273;7;0;2;4;1;1
202300009201;155 664 275;0;0;2;0;0;0
202300009202;155 664 271;7;8;0;1;15;1
202300009203;155 664 270;17;0;2;4;1;1
202300009203;155 664 274;10;0;2;1;1;1
202300009204;155 664 265;7;0;2;3;23;1
202300009204;155 664 268;7;0;2;3;1;1
202300009204;155 664 269;7;0;2;6;23;1
202300009204;155 664 272;7;0;2;3;1;1
202300009205;155 664 263;7;0;1;2;9;1
202300009206;155 664 262;7;0;2;1;2;1
202300009206;155 664 267;7;0;2;4;2;1
202300009207;155 664 261;7;0;2;1;1;1
202300009207;155 664 264;7;0;2;7;1;1
202300009207;155 664 266;33;0;2;4;1;1
202300009208;155 664 259;1;0;2;3;13;5
202300009208;155 664 260;33;0;9;3;1;1
202300009209;155 664 256;30;0;0;7;1;1
202300009210;155 664 255;43;0;2;1;3;1
202300009210;155 664 258;7;0;2;7;12;1
202300009211;155 664 254;33;4;0;3;17;1
202300009212;155 664 253;7;8;1;2;14;1
202300009213;155 664 248;7;7;2;2;1;2
202300009213;155 664 252;34;0;2;1;1;1
202300009214;155 664 249;7;0;1;1;1;0
202300009215;155 664 247;33;0;2;1;3;1
202300009215;155 664 250;10;0;2;4;12;1
202300009215;155 664 251;7;0;2;5;23;1
202300009216;155 664 246;7;0;0;6;0;1
202300009217;155 664 243;7;0;1;4;4;1
202300009218;155 664 241;7;0;2;2;15;1
202300009218;155 664 245;7;0;2;1;1;1
202300009219;155 664 240;7;0;2;5;12;1
202300009219;155 664 244;33;0;2;1;1;1
202300009220;155 664 239;50;0;2;3;19;3
202300009220;155 664 242;7;0;2;2;1;1
202300009221;155 664 238;7;8;0;1;1;1
202300009222;155 664 233;7;0;1;1;1;1
202300009223;155 664 232;14;0;2;8;11;1
202300009223;155 664 234;33;0;2;7;3;1
202300009223;155 664 236;7;0;2;2;1;1
202300009224;155 664 230;7;0;2;3;1;1
202300009224;155 664 235;7;0;2;8;6;1
202300009224;155 664 237;7;0;2;2;23;1
202300009225;155 664 228;7;0;1;1;0;1
202300009226;155 664 229;7;0;2;3;21;1
202300009226;155 664 231;43;0;2;4;2;1
202300009227;155 664 225;37;0;1;2;16;1
202300009228;155 664 226;7;0;2;1;15;1
202300009228;155 664 227;1;0;2;1;26;5
202300009229;155 664 222;7;0;2;1;1;1
202300009229;155 664 223;7;0;2;3;1;1
202300009230;155 664 221;33;12;0;1;1;1
202300009231;155 664 220;30;0;2;1;17;1
202300009231;155 664 224;7;0;2;8;16;1
202300009232;155 664 219;7;0;1;2;1;1
202300009233;155 664 218;1;0;0;1;1;5
202300009234;155 664 213;1;0;2;7;9;5
202300009234;155 664 217;7;0;2;3;16;1
202300009235;155 664 211;1;0;2;6;1;5
202300009235;155 664 215;1;0;2;2;1;5
202300009236;155 664 210;7;0;2;1;2;0
202300009236;155 664 214;30;0;2;4;2;1
202300009237;155 664 209;7;0;1;1;1;3
202300009238;155 664 207;2;0;2;1;1;1
202300009238;155 664 208;7;0;2;3;9;1
202300009239;155 664 205;7;13;0;9;14;1
202300009240;155 664 204;7;16;0;0;0;1
202300009240;155 664 206;7;0;2;3;1;1
202300009241;155 664 203;7;0;1;3;1;1
202300009242;155 664 200;60;0;2;8;1;5
202300009242;155 664 202;7;0;2;1;15;1
202300009243;155 664 199;31;8;0;2;21;1
202300009244;155 664 198;33;0;2;1;1;1
202300009244;155 664 201;7;0;2;8;10;1
202300009245;155 664 190;7;0;2;4;2;1
202300009245;155 664 193;7;0;2;4;2;1
202300009245;155 664 196;7;0;2;4;2;1
202300009245;155 664 197;7;0;2;1;2;1
202300009246;155 664 189;33;0;2;7;23;1
202300009246;155 664 192;1;0;0;3;19;5
202300009246;155 664 195;33;0;2;8;21;1
202300009247;155 664 187;2;8;0;2;2;1
202300009248;155 664 186;7;13;2;1;6;1
202300009249;155 664 185;7;0;2;2;26;1
202300009249;155 664 188;7;0;2;6;0;1
202300009250;155 664 182;1;0;2;4;1;5
202300009250;155 664 184;7;0;2;2;1;1
202300009251;155 664 180;7;15;0;4;20;1
202300009252;155 664 181;7;0;2;2;1;1
202300009252;155 664 183;7;0;2;3;1;1
202300009253;155 664 179;7;17;0;1;14;1
202300009254;155 664 178;7;4;0;1;26;1
202300009255;155 664 177;7;0;1;1;1;1
202300009256;155 664 176;7;6;0;1;1;1
202300009257;155 664 170;7;0;2;4;23;1
202300009257;155 664 173;7;0;2;4;1;1
202300009257;155 664 175;7;0;2;1;2;0
202300009258;155 664 171;7;0;2;2;1;1
202300009258;155 664 172;2;0;2;8;9;1
202300009259;155 664 169;7;0;9;3;9;1
202300009259;155 664 174;1;0;2;0;0;5
202300009260;155 664 168;7;1;0;3;1;1
202300009261;155 664 167;33;0;6;1;1;1
202300009262;155 664 161;7;0;2;2;15;1
202300009262;155 664 163;33;0;2;3;1;1
202300009263;155 664 159;7;0;2;4;2;1
202300009263;155 664 162;7;0;2;4;2;1
202300009263;155 664 164;7;0;2;1;2;1
202300009264;155 664 157;31;1;2;1;23;1
202300009265;155 664 156;7;0;2;4;2;0
202300009265;155 664 158;7;0;2;4;2;1
202300009265;155 664 160;7;0;2;4;0;1
202300009265;155 664 165;7;0;2;2;11;1
202300009265;155 664 166;7;0;2;4;2;1
202300009266;155 664 154;7;0;2;8;19;1
202300009266;155 664 155;32;0;2;2;1;1
202300009267;155 664 153;2;0;0;0;1;1
202300009268;155 664 152;1;0;1;8;19;5
202300009269;155 664 150;7;0;2;1;15;1
202300009269;155 664 151;33;0;0;0;0;1
202300009270;155 664 147;33;0;1;0;13;1
202300009271;155 664 145;7;2;0;2;1;1
202300009272;155 664 144;2;0;2;4;1;1
202300009272;155 664 146;7;0;2;4;23;1
202300009272;155 664 148;7;0;2;1;23;1
202300009272;155 664 149;7;0;2;1;2;1
202300009273;155 664 143;50;12;0;0;0;3
202300009274;155 664 141;10;0;1;3;1;1
202300009275;155 664 140;50;0;2;1;17;3
202300009275;155 664 142;7;0;2;3;15;3
202300009276;155 664 138;50;0;2;4;2;3
202300009276;155 664 139;33;0;2;1;2;1
202300009277;155 664 136;7;1;0;4;24;1
202300009277;155 664 137;7;1;0;1;1;1
202300009278;155 664 134;7;0;2;3;15;1
202300009278;155 664 135;30;0;2;2;5;1
202300009279;155 664 133;7;0;1;3;14;1
202300009280;155 664 131;7;0;9;2;16;1
202300009280;155 664 132;1;0;2;1;15;5
202300009281;155 664 130;31;0;2;1;21;1
202300009282;155 664 128;15;6;0;6;23;1
202300009282;155 664 129;7;0;2;5;17;1
202300009283;155 664 125;33;0;2;3;1;1
202300009283;155 664 126;32;0;2;1;26;1
202300009284;155 664 122;33;0;2;2;1;1
202300009284;155 664 123;7;0;2;3;19;1
202300009285;155 664 119;7;8;0;4;1;1
202300009285;155 664 120;15;0;2;1;1;1
202300009285;155 664 121;7;0;2;3;26;1
202300009286;155 664 117;32;0;2;1;26;1
202300009286;155 664 118;7;0;2;3;26;1
202300009287;155 664 115;33;0;2;3;17;1
202300009287;155 664 116;32;0;2;8;15;1
202300009288;155 664 113;7;0;2;3;1;1
202300009288;155 664 114;7;0;2;3;13;1
202300009289;155 664 111;33;0;2;0;0;0
202300009289;155 664 112;7;0;2;0;9;0
202300009290;155 664 109;33;0;2;1;1;1
202300009290;155 664 110;7;0;2;1;15;1
202300009291;155 664 107;33;0;2;7;3;1
202300009291;155 664 108;7;0;2;3;11;1
202300009292;155 664 104;7;0;2;1;1;1
202300009292;155 664 105;33;0;2;9;12;1
202300009292;155 664 106;33;0;2;4;3;1
202300009293;155 664 102;33;3;2;3;18;1
202300009293;155 664 103;7;0;2;2;16;2
202300009294;155 664 101;80;0;1;1;1;3
202300009295;155 664 100;7;0;1;2;1;1
202300009296;155 664 099;7;1;0;9;14;1
202300009297;155 664 097;1;16;2;1;25;5
202300009297;155 664 098;7;0;2;7;16;1
202300009298;155 664 095;32;0;2;1;17;1
202300009298;155 664 096;30;0;2;1;1;3
202300009299;155 664 093;31;0;2;3;2;1
202300009299;155 664 094;1;0;2;2;19;5
202300009300;155 664 092;7;1;0;3;1;1
202300009301;155 664 090;50;0;2;1;1;3
202300009301;155 664 091;14;0;2;7;16;1
202300009302;155 664 088;7;0;2;0;13;1
202300009302;155 664 089;33;0;2;1;1;1
202300009303;155 664 086;80;0;2;1;15;3
202300009303;155 664 087;80;0;2;1;1;3
202300009304;155 664 084;2;0;1;1;1;3
202300009304;155 664 085;7;0;0;3;1;1
202300009305;155 664 082;34;0;2;8;1;1
202300009305;155 664 083;10;0;2;7;9;1
202300009306;155 664 081;7;0;1;1;16;1
202300009307;155 664 080;7;0;1;8;1;1
202300009308;155 664 078;50;0;2;8;11;3
202300009308;155 664 079;10;0;2;1;1;1
202300009309;155 664 077;30;0;1;1;1;1
202300009310;155 664 075;1;0;2;8;19;5
202300009310;155 664 076;34;14;2;1;1;1
202300009311;155 664 073;7;0;2;1;9;1
202300009311;155 664 074;2;0;2;7;1;1
202300009312;155 664 071;7;1;2;2;14;1
202300009312;155 664 072;50;1;2;1;0;3
202300009313;155 664 070;7;0;1;1;0;1
202300009314;155 664 068;1;0;2;8;19;5
202300009314;155 664 069;7;0;2;8;1;3
202300009315;155 664 066;7;0;2;1;1;0
202300009315;155 664 067;34;0;2;3;21;0
202300009316;155 664 064;7;0;2;3;0;1
202300009316;155 664 065;34;0;2;7;5;1
202300009317;155 664 062;3;1;9;3;2;1
202300009317;155 664 063;99;1;2;1;2;0
202300009318;155 664 060;7;0;2;1;10;1
202300009318;155 664 061;34;0;2;9;1;1
202300009319;155 664 059;3;0;1;2;1;1
202300009320;155 664 057;32;0;2;2;17;1
202300009320;155 664 058;7;0;2;6;1;1
202300009321;155 664 056;1;15;0;0;26;5
202300009322;155 664 054;10;0;0;0;0;1
202300009322;155 664 055;30;0;2;0;0;1
202300009323;155 664 052;10;0;0;6;15;1
202300009323;155 664 053;34;0;2;1;17;1
202300009324;155 664 051;10;0;1;1;1;1
202300009325;155 664 050;1;0;0;0;25;5
202300009326;155 664 049;34;0;0;1;21;1
202300009327;155 664 047;7;0;2;1;2;1
202300009327;155 664 048;7;0;2;4;2;2
202300009328;155 664 045;7;0;2;1;2;1
202300009328;155 664 046;30;0;2;4;2;1
202300009329;155 664 043;33;0;2;1;13;1
202300009329;155 664 044;7;0;2;3;1;1
202300009330;155 664 041;50;0;2;2;2;3
202300009330;155 664 042;7;14;2;1;26;1
202300009331;155 664 039;33;0;2;8;1;1
202300009331;155 664 040;7;0;2;2;26;1
202300009332;155 664 035;7;0;2;4;2;1
202300009332;155 664 036;7;0;2;4;2;1
202300009332;155 664 037;7;0;2;4;2;1
202300009332;155 664 038;7;0;2;1;2;1
202300009333;155 664 034;7;2;0;3;1;1
202300009334;155 664 032;7;0;2;1;5;1
202300009334;155 664 033;10;0;2;1;17;1
202300009335;155 664 031;7;1;0;1;14;1
202300009336;155 664 029;7;0;2;1;1;1
202300009336;155 664 030;2;0;2;7;19;1
202300009337;155 664 027;7;0;2;1;5;1
202300009337;155 664 028;7;0;0;2;1;1
202300009338;155 664 024;7;0;2;1;5;1
202300009338;155 664 025;7;0;2;1;1;1
202300009338;155 664 026;7;0;2;1;1;1
202300009339;155 664 023;7;0;1;8;2;0
202300009340;155 664 022;17;4;0;9;1;1
202300009341;155 664 020;7;0;2;7;14;0
202300009341;155 664 021;1;0;2;3;21;5
202300009342;155 664 017;14;0;2;6;15;1
202300009342;155 664 018;7;0;2;3;21;1
202300009342;155 664 019;7;0;2;3;1;1
202300009343;155 664 016;7;0;0;0;1;1
202300009344;155 664 015;7;0;1;2;1;1
202300009345;155 664 014;10;2;0;8;1;1
202300009346;155 664 013;32;12;0;2;1;1
202300009347;155 664 012;2;0;0;3;1;1
202300009348;155 664 010;7;0;2;1;13;1
202300009348;155 664 011;15;0;2;3;1;1
202300009349;155 664 008;7;0;2;2;9;1
202300009349;155 664 009;2;0;2;4;1;1
202300009350;155 664 007;10;0;1;2;1;1
202300009351;155 664 005;7;0;2;3;13;1
202300009351;155 664 006;7;0;2;3;1;1
202300009352;155 664 003;7;0;2;7;5;1
202300009352;155 664 004;7;0;2;7;1;1
202300009353;155 664 001;10;0;2;2;21;1
202300009353;155 664 002;7;0;2;2;1;1
202300009354;155 663 999;10;0;2;1;1;1
202300009354;155 664 000;17;0;0;4;1;1
202300009355;155 663 997;7;0;2;3;13;1
202300009355;155 663 998;7;0;2;2;0;1
202300009356;155 663 994;7;0;2;1;1;1
202300009356;155 663 995;7;12;2;7;0;1
202300009357;155 663 992;31;0;2;1;2;1
202300009357;155 663 993;10;0;0;4;2;1
202300009358;155 663 990;17;0;0;4;2;1
202300009358;155 663 991;7;0;2;1;2;1
202300009359;155 663 988;38;0;2;3;1;1
202300009359;155 663 989;32;0;2;3;3;1
202300009360;155 663 986;17;0;2;2;1;1
202300009360;155 663 987;7;4;2;8;21;1
202300009361;155 663 983;2;0;2;8;19;1
202300009361;155 663 984;7;0;2;2;1;1
202300009362;155 663 981;7;0;2;2;1;1
202300009362;155 663 982;2;0;2;0;10;0
202300009363;155 663 978;7;0;9;2;1;3
202300009363;155 663 979;1;0;9;4;1;5
202300009363;155 663 980;1;0;0;4;1;5
202300009364;155 663 976;7;0;2;4;16;1
202300009364;155 663 977;7;0;2;1;1;1
202300009365;155 663 975;7;1;0;1;1;1
202300009366;155 663 974;33;2;0;1;2;1
202300009367;155 663 971;7;0;0;4;2;1
202300009367;155 663 972;7;0;0;4;2;1
202300009367;155 663 973;7;0;2;1;2;1
202300009368;155 663 969;7;0;2;8;2;1
202300009368;155 663 970;80;0;2;1;1;3
202300009369;155 663 967;7;0;2;3;9;1
202300009369;155 663 968;1;0;2;1;26;5
202300009370;155 663 966;7;0;1;1;1;1
202300009371;155 663 965;7;14;0;1;1;1
202300009372;155 663 963;7;0;2;3;15;1
202300009372;155 663 964;31;0;2;1;13;1
202300009373;155 663 961;7;0;2;1;1;0
202300009373;155 663 962;17;0;0;5;1;0
202300009374;155 663 960;43;14;0;1;17;1
202300009375;155 663 957;33;0;2;4;2;1
202300009375;155 663 958;7;0;2;1;2;1
202300009375;155 663 959;7;0;2;1;2;1
202300009376;155 663 954;17;0;2;2;12;1
202300009376;155 663 955;7;0;2;3;1;1
202300009376;155 663 956;34;0;2;1;1;1
202300009377;155 663 952;7;0;2;8;13;1
202300009377;155 663 953;33;4;2;2;3;1
202300009378;155 663 951;7;0;2;3;21;1
202300009379;155 663 949;33;0;2;1;3;1
202300009379;155 663 950;10;0;2;6;11;1
202300009380;155 663 947;7;0;2;1;13;1
202300009380;155 663 948;7;0;2;4;1;1
202300009381;155 663 946;7;3;0;0;0;1
202300009382;155 663 945;7;13;0;7;1;1
202300009383;155 663 944;7;8;0;1;1;1
202300009384;155 663 943;7;0;1;1;1;1
202300009385;155 663 942;7;0;1;1;19;1
202300009386;155 663 940;7;15;2;1;1;1
202300009386;155 663 941;7;0;2;3;1;1
202300009387;155 663 938;7;0;2;3;11;1
202300009387;155 663 939;7;0;2;3;0;1
202300009388;155 663 936;50;0;2;1;15;3
202300009388;155 663 937;7;0;9;2;1;1
202300009389;155 663 933;7;0;2;3;19;1
202300009389;155 663 934;7;0;2;0;26;1
202300009389;155 663 935;7;1;2;4;23;1
202300009390;155 663 932;0;0;1;0;0;
202300009391;155 663 929;7;0;2;1;23;1
202300009391;155 663 930;10;0;2;1;2;1
202300009391;155 663 931;10;0;2;4;2;1
202300009392;155 663 928;7;0;1;5;26;1
202300009393;155 663 926;37;0;2;2;1;3
202300009393;155 663 927;7;0;2;3;19;1
202300009394;155 663 924;43;0;2;1;1;1
202300009394;155 663 925;7;0;2;5;9;1
202300009395;155 663 922;10;0;2;8;13;1
202300009395;155 663 923;7;0;2;6;0;1
202300009396;155 663 920;10;1;2;4;20;6
202300009396;155 663 921;10;0;2;1;2;6
202300009397;155 663 919;10;0;1;2;1;6
202300009398;155 663 918;7;0;1;1;1;1
202300009399;155 663 917;50;0;0;0;1;3
202300009400;155 663 915;7;0;2;8;9;2
202300009400;155 663 916;32;0;2;1;26;1
202300009401;155 663 912;7;0;2;3;1;1
202300009401;155 663 913;7;0;2;5;15;1
202300009402;155 663 910;7;0;2;2;2;1
202300009402;155 663 911;33;0;2;5;16;1
202300009403;155 663 908;33;0;2;7;16;1
202300009403;155 663 909;2;0;2;8;18;1
202300009404;155 663 906;10;0;2;3;13;1
202300009404;155 663 907;15;0;2;8;1;1
202300009405;155 663 904;7;0;2;3;9;1
202300009405;155 663 905;1;0;2;7;26;5
202300009406;155 663 902;7;0;2;3;9;1
202300009406;155 663 903;50;0;2;2;0;3
202300009407;155 663 901;7;13;0;9;1;1
202300009408;155 663 900;7;0;2;2;1;1
202300009409;155 663 898;34;0;2;1;1;1
202300009409;155 663 899;7;0;2;3;15;1
202300009410;155 663 897;7;0;1;1;1;1
202300009411;155 663 895;33;0;2;0;0;1
202300009411;155 663 896;10;0;2;2;19;1
202300009412;155 663 893;80;0;2;5;1;3
202300009412;155 663 894;7;0;9;5;16;0
202300009413;155 663 891;1;0;2;2;1;5
202300009413;155 663 892;7;0;2;3;9;2
202300009414;155 663 889;10;0;2;1;9;1
202300009414;155 663 890;32;0;2;7;1;1
202300009415;155 663 886;37;0;2;3;19;1
202300009415;155 663 887;7;0;2;1;1;1
202300009416;155 663 884;7;0;2;1;15;1
202300009416;155 663 885;33;0;2;1;1;1
202300009417;155 663 882;10;0;2;1;1;3
202300009417;155 663 883;30;0;2;1;1;0
202300009418;155 663 881;7;0;1;3;9;1
202300009419;155 663 880;7;9;0;1;1;1
202300009420;155 663 878;7;0;2;3;9;1
202300009420;155 663 879;1;0;2;1;1;5
202300009421;155 663 876;7;0;2;4;2;1
202300009421;155 663 877;7;0;2;1;2;0
202300009422;155 663 874;7;0;2;4;1;1
202300009422;155 663 875;3;0;2;1;2;1
202300009423;155 663 873;7;1;0;2;1;1
202300009424;155 663 872;1;0;1;1;19;5
202300009425;155 663 870;7;0;2;1;1;1
202300009425;155 663 871;33;0;2;3;1;1
202300009426;155 663 868;33;0;2;8;18;1
202300009426;155 663 869;1;0;2;7;2;5
202300009427;155 663 866;7;0;2;1;1;1
202300009427;155 663 867;1;0;2;1;0;5
202300009428;155 663 865;7;13;0;1;26;1
202300009429;155 663 863;33;0;2;1;1;1
202300009429;155 663 864;7;0;2;3;15;1
202300009430;155 663 862;7;2;0;9;1;1
202300009431;155 663 860;7;0;2;4;0;1
202300009431;155 663 861;10;0;2;1;2;1
202300009432;155 663 858;30;0;2;1;17;1
202300009432;155 663 859;7;0;2;3;15;1
202300009433;155 663 857;7;2;0;1;2;1
202300009434;155 663 855;13;0;2;3;15;1
202300009434;155 663 856;2;0;2;2;17;3
202300009435;155 663 852;7;0;2;4;2;1
202300009435;155 663 853;10;0;2;2;2;1
202300009435;155 663 854;7;0;2;4;2;1
202300009436;155 663 851;2;0;0;7;1;1
202300009437;155 663 850;7;2;0;1;13;1
202300009438;155 663 848;30;0;2;5;1;1
202300009438;155 663 849;7;0;2;5;17;0
202300009439;155 663 846;2;0;2;7;1;1
202300009439;155 663 847;14;0;2;3;9;0
202300009440;155 663 845;10;0;1;1;2;1
202300009441;155 663 843;3;0;2;7;16;1
202300009441;155 663 844;37;0;2;1;1;1
202300009442;155 663 841;7;0;2;1;1;0
202300009442;155 663 842;7;0;2;8;19;0
202300009443;155 663 840;2;0;0;6;1;1
202300009444;155 663 838;7;0;2;2;15;1
202300009444;155 663 839;30;0;2;1;1;1
202300009445;155 663 837;7;0;1;2;1;1
202300009446;155 663 835;31;0;2;8;3;1
202300009446;155 663 836;7;0;2;7;12;0
202300009447;155 663 833;7;0;2;1;1;1
202300009447;155 663 834;10;0;2;1;15;1
202300009448;155 663 831;33;0;2;1;1;1
202300009448;155 663 832;7;0;2;2;13;1
202300009449;155 663 830;7;0;0;0;1;6
202300009450;155 663 828;7;0;2;1;1;1
202300009450;155 663 829;7;0;2;1;13;1
202300009451;155 663 827;33;6;0;0;1;1
202300009452;155 663 826;7;6;0;1;1;0
202300009453;155 663 824;2;1;0;1;14;1
202300009453;155 663 825;7;0;2;2;24;1
202300009454;155 663 822;1;0;0;6;1;5
202300009454;155 663 823;3;0;0;3;19;1
202300009455;155 663 821;32;0;0;0;0;1
202300009456;155 663 820;7;17;0;2;1;1
202300009457;155 663 819;10;8;0;1;14;1
202300009458;155 663 816;7;0;1;3;23;1
202300009458;155 663 817;7;0;1;6;23;1
202300009458;155 663 818;7;1;2;2;1;1
202300009459;155 663 814;7;0;2;3;1;1
202300009459;155 663 815;7;0;2;3;1;1
202300009460;155 663 812;7;3;2;3;13;1
202300009460;155 663 813;7;10;2;3;1;1
202300009461;155 663 811;7;3;0;1;1;1
202300009462;155 663 808;7;0;2;2;21;1
202300009462;155 663 809;7;0;2;6;2;1
202300009462;155 663 810;7;0;0;4;2;1
202300009463;155 663 806;10;0;2;1;1;1
202300009463;155 663 807;2;0;2;7;15;1
202300009464;155 663 805;7;0;0;9;1;1
202300009465;155 663 803;15;0;2;7;15;1
202300009465;155 663 804;2;0;2;1;1;1
202300009466;155 663 802;33;9;0;1;6;1
202300009467;155 663 800;31;0;2;1;13;1
202300009467;155 663 801;33;0;2;1;1;1
202300009468;155 663 799;33;0;9;0;1;1
202300009469;155 663 797;7;0;2;9;15;1
202300009469;155 663 798;7;0;2;1;1;1
202300009470;155 663 795;15;0;2;1;1;1
202300009470;155 663 796;33;0;2;8;9;1