Num_Acc;id_vehicule;categorie_vehicule;obstacle_fixe;obstacle_mobile;point_choc_initial;manoeuvre_principale;motorisation
202300009471;155 663 793;7;0;2;3;15;1
202300009471;155 663 794;33;0;0;6;15;1
202300009472;155 663 792;7;7;0;1;2;1
202300009473;155 663 790;33;6;2;1;21;1
202300009473;155 663 791;7;0;0;5;23;1
202300009474;155 663 787;7;0;2;8;1;1
202300009474;155 663 788;7;0;2;3;1;1
202300009474;155 663 789;7;0;2;3;13;1
202300009475;155 663 785;7;0;2;8;1;0
202300009475;155 663 786;1;0;0;8;1;5
202300009476;155 663 784;7;13;0;1;1;1
202300009477;155 663 782;7;0;2;1;15;1
202300009477;155 663 783;7;0;2;8;1;2
202300009478;155 663 780;7;0;2;1;13;1
202300009478;155 663 781;7;0;2;1;1;1
202300009479;155 663 776;7;0;2;4;1;1
202300009479;155 663 777;7;1;0;4;1;1
202300009479;155 663 778;7;0;2;4;1;1
202300009479;155 663 779;7;0;2;1;1;1
202300009480;155 663 775;7;0;1;2;26;1
202300009481;155 663 774;7;0;0;0;0;1
202300009482;155 663 773;7;16;0;1;14;1
202300009483;155 663 771;7;0;2;4;1;1
202300009483;155 663 772;7;0;2;1;1;1
202300009484;155 663 769;7;0;2;7;17;1
202300009484;155 663 770;7;0;2;2;2;1
202300009485;155 663 767;7;0;2;6;2;1
202300009485;155 663 768;33;0;2;5;2;1
202300009486;155 663 765;7;0;2;7;12;1
202300009486;155 663 766;31;0;2;1;1;1
202300009487;155 663 761;7;0;2;1;2;1
202300009487;155 663 762;7;0;2;4;2;1
202300009487;155 663 763;7;0;2;4;2;1
202300009487;155 663 764;7;0;2;4;2;1
202300009488;155 663 759;10;4;0;3;12;1
202300009488;155 663 760;7;1;0;8;21;1
202300009489;155 663 758;7;4;0;1;21;1
202300009490;155 663 757;1;1;0;1;14;5
202300009491;155 663 756;99;0;1;6;0;0
202300009492;155 663 754;32;0;2;1;1;1
202300009492;155 663 755;7;0;2;3;11;1
202300009493;155 663 752;7;0;9;2;1;1
202300009493;155 663 753;80;0;2;8;15;3
202300009494;155 663 749;7;0;2;4;23;1
202300009494;155 663 750;10;0;2;1;1;1
202300009494;155 663 751;7;0;2;4;23;1
202300009495;155 663 748;7;0;1;1;0;1
202300009496;155 663 746;7;0;2;4;1;1
202300009496;155 663 747;7;0;2;4;2;1
202300009497;155 663 744;7;0;2;1;1;1
202300009497;155 663 745;7;0;2;4;15;1
202300009498;155 663 742;2;0;2;1;1;1
202300009498;155 663 743;7;0;2;3;1;1
202300009499;155 663 740;7;0;2;1;1;1
202300009499;155 663 741;10;0;2;4;23;1
202300009500;155 663 738;7;3;2;6;2;1
202300009500;155 663 739;7;3;0;0;0;1
202300009501;155 663 736;1;0;2;1;21;5
202300009501;155 663 737;2;0;2;1;1;1
202300009502;155 663 732;7;0;2;2;19;1
202300009502;155 663 733;10;0;2;5;19;1
202300009503;155 663 730;32;0;2;1;13;1
202300009503;155 663 731;7;0;2;1;1;1
202300009504;155 663 727;7;0;0;1;14;1
202300009505;155 663 725;34;0;2;1;1;1
202300009505;155 663 726;7;0;2;3;15;1
202300009506;155 663 723;7;0;2;1;15;1
202300009506;155 663 724;30;0;2;1;1;1
202300009507;155 663 721;7;0;2;5;1;1
202300009507;155 663 722;7;0;2;3;1;1
202300009508;155 663 719;7;0;2;4;2;1
202300009508;155 663 720;7;0;2;1;0;1
202300009509;155 663 713;7;0;2;6;23;1
202300009509;155 663 714;33;1;0;1;1;1
202300009510;155 663 710;7;0;2;1;1;1
202300009510;155 663 711;7;0;2;8;15;1
202300009510;155 663 712;7;0;2;0;23;1
202300009511;155 663 709;7;0;1;1;15;1
202300009512;155 663 708;7;14;0;8;26;1
202300009513;155 663 707;1;0;1;1;1;5
202300009514;155 663 705;7;0;2;8;1;1
202300009514;155 663 706;50;0;2;1;15;3
202300009515;155 663 703;7;0;2;3;1;1
202300009515;155 663 704;7;0;2;6;15;1
202300009516;155 663 702;7;0;1;1;1;1
202300009517;155 663 701;7;0;1;8;1;1
202300009518;155 663 699;7;0;2;3;1;1
202300009518;155 663 700;10;0;2;3;15;1
202300009519;155 663 697;7;0;2;7;15;1
202300009519;155 663 698;7;0;2;1;15;1
202300009520;155 663 696;7;0;1;2;1;1
202300009521;155 663 694;1;0;2;7;1;5
202300009521;155 663 695;7;0;2;1;9;6
202300009522;155 663 692;80;0;2;0;0;3
202300009522;155 663 693;7;0;2;7;15;1
202300009523;155 663 690;7;0;2;2;15;1
202300009523;155 663 691;1;0;2;1;1;5
202300009524;155 663 688;7;0;2;1;0;1
202300009524;155 663 689;7;0;2;6;0;1
202300009525;155 663 687;7;0;1;1;1;1
202300009526;155 663 685;50;0;2;0;0;3
202300009526;155 663 686;7;0;2;2;14;1
202300009527;155 663 683;7;0;2;0;0;1
202300009527;155 663 684;7;0;2;0;0;1
202300009528;155 663 681;7;0;2;2;15;1
202300009528;155 663 682;1;0;2;1;1;5
202300009529;155 663 680;7;0;1;1;1;1
202300009530;155 663 678;1;0;2;6;19;5
202300009530;155 663 679;10;0;2;1;1;1
202300009531;155 663 677;7;1;0;1;1;1
202300009532;155 663 676;7;0;1;1;1;1
202300009533;155 663 674;1;0;2;2;15;5
202300009533;155 663 675;7;0;2;3;9;3
202300009534;155 663 673;7;6;0;3;13;1
202300009535;155 663 671;7;0;2;1;13;1
202300009535;155 663 672;7;0;2;3;1;1
202300009536;155 663 669;7;0;9;3;1;1
202300009536;155 663 670;50;0;2;1;1;3
202300009537;155 663 668;38;0;1;6;15;1
202300009538;155 663 667;7;0;1;1;1;1
202300009539;155 663 666;7;0;1;3;1;1
202300009540;155 663 664;1;8;2;4;1;5
202300009540;155 663 665;10;0;2;2;1;1
202300009541;155 663 663;7;0;1;2;1;1
202300009542;155 663 662;10;0;1;1;1;1
202300009543;155 663 659;7;0;2;1;1;1
202300009543;155 663 660;7;0;2;4;23;1
202300009543;155 663 661;7;0;2;4;23;1
202300009544;155 663 658;7;0;1;1;15;0
202300009545;155 663 656;7;0;2;1;1;1
202300009545;155 663 657;80;0;2;8;1;3
202300009546;155 663 655;7;14;0;7;9;1
202300009547;155 663 653;7;0;2;1;19;1
202300009547;155 663 654;3;0;2;7;1;1
202300009548;155 663 652;7;1;1;2;1;1
202300009549;155 663 648;7;0;2;4;1;3
202300009549;155 663 650;2;0;2;1;2;1
202300009550;155 663 649;10;0;2;7;16;1
202300009550;155 663 651;1;0;2;1;1;5
202300009551;155 663 644;7;0;2;4;1;3
202300009551;155 663 645;7;3;2;3;1;1
202300009551;155 663 646;7;0;2;5;1;1
202300009551;155 663 647;7;0;2;1;1;1
202300009552;155 663 642;7;0;2;6;10;1
202300009552;155 663 643;31;0;2;1;0;1
202300009553;155 663 640;7;0;2;3;17;1
202300009553;155 663 641;7;0;2;3;1;1
202300009554;155 663 637;31;2;2;7;3;0
202300009554;155 663 639;7;2;2;8;2;1
202300009555;155 663 636;7;0;2;2;14;1
202300009555;155 663 638;50;0;2;4;1;3
202300009556;155 663 633;7;0;2;4;0;1
202300009556;155 663 634;7;8;2;1;26;1
202300009556;155 663 635;7;0;2;6;9;1
202300009557;155 663 631;50;0;2;0;0;3
202300009557;155 663 632;7;0;2;0;0;1
202300009558;155 663 630;30;5;2;0;0;1
202300009559;155 663 629;7;0;1;2;26;1
202300009560;155 663 627;32;12;0;1;1;0
202300009561;155 663 626;7;0;2;7;1;2
202300009561;155 663 628;7;0;2;1;1;1
202300009562;155 663 625;50;0;1;1;1;3
202300009563;155 663 623;7;0;2;6;19;1
202300009563;155 663 624;2;0;2;1;17;1
202300009564;155 663 619;7;0;1;4;20;1
202300009565;155 663 618;7;0;2;0;1;1
202300009565;155 663 620;30;0;2;1;1;1
202300009565;155 663 621;7;0;2;7;1;1
202300009565;155 663 622;10;0;2;4;1;1
202300009566;155 663 617;7;0;1;1;1;1
202300009567;155 663 615;7;0;2;1;2;1
202300009567;155 663 616;34;0;2;4;1;1
202300009568;155 663 613;33;0;2;1;3;1
202300009568;155 663 614;7;0;2;3;15;1
202300009569;155 663 610;34;0;2;1;1;1
202300009569;155 663 612;7;0;2;2;15;1
202300009570;155 663 609;10;0;2;8;9;1
202300009570;155 663 611;30;0;2;1;1;1
202300009571;155 663 604;10;0;2;1;1;1
202300009571;155 663 606;7;0;2;4;2;1
202300009571;155 663 608;7;0;2;4;2;1
202300009572;155 663 603;7;0;2;1;1;1
202300009572;155 663 605;33;0;2;2;16;1
202300009572;155 663 607;7;0;2;1;1;1
202300009573;155 663 597;31;0;2;1;1;1
202300009573;155 663 600;10;0;2;3;1;1
202300009574;155 663 598;7;0;2;7;16;1
202300009574;155 663 599;43;0;2;3;18;1
202300009575;155 663 595;37;0;2;3;1;1
202300009575;155 663 596;7;0;2;7;19;1
202300009576;155 663 590;10;0;2;1;1;1
202300009576;155 663 593;7;0;2;8;1;1
202300009577;155 663 591;30;0;9;1;26;3
202300009577;155 663 592;1;0;2;1;1;5
202300009578;155 663 587;7;0;2;1;1;1
202300009578;155 663 589;7;0;2;6;1;2
202300009579;155 663 584;7;0;2;3;1;1
202300009579;155 663 586;7;0;2;4;23;1
202300009579;155 663 588;7;0;2;4;23;1
202300009580;155 663 583;33;0;2;1;1;1
202300009580;155 663 585;7;0;2;3;15;1
202300009581;155 663 582;7;0;1;1;1;1
202300009582;155 663 581;7;0;1;1;1;1
202300009583;155 663 579;10;0;1;3;26;1
202300009584;155 663 576;7;0;2;7;16;1
202300009584;155 663 577;50;0;2;3;18;3
202300009585;155 663 575;7;0;1;2;1;1
202300009586;155 663 574;7;13;0;9;1;1
202300009587;155 663 572;7;0;2;3;1;1
202300009587;155 663 573;7;0;2;3;1;1
202300009588;155 663 571;7;0;1;3;1;1
202300009589;155 663 569;50;0;2;1;1;3
202300009589;155 663 570;7;0;2;2;15;1
202300009590;155 663 568;7;0;1;3;2;1
202300009591;155 663 567;7;0;1;1;1;1
202300009592;155 663 565;7;0;1;1;1;1
202300009593;155 663 564;7;0;2;1;15;1
202300009593;155 663 566;30;0;2;1;1;1
202300009594;155 663 563;50;0;1;1;1;3
202300009595;155 663 560;7;0;2;3;15;1
202300009595;155 663 562;1;0;2;1;15;5
202300009596;155 663 559;7;0;2;7;26;1
202300009596;155 663 561;7;0;2;7;13;1
202300009597;155 663 557;7;0;2;8;9;1
202300009597;155 663 558;2;0;2;1;1;1
202300009598;155 663 555;7;0;2;1;0;0
202300009598;155 663 556;7;0;0;0;0;0
202300009599;155 663 553;0;0;2;1;9;0
202300009599;155 663 554;1;0;2;0;0;5
202300009600;155 663 549;7;0;2;1;2;1
202300009600;155 663 551;7;0;2;4;2;1
202300009601;155 663 548;7;0;2;4;23;1
202300009601;155 663 550;7;0;2;4;23;1
202300009601;155 663 552;7;0;2;1;1;1
202300009602;155 663 547;7;0;1;2;26;1
202300009603;155 663 544;7;0;2;1;2;1
202300009603;155 663 546;7;0;2;4;2;1
202300009604;155 663 543;7;0;2;8;23;1
202300009604;155 663 545;99;0;2;7;17;1
202300009605;155 663 540;7;0;2;1;1;1
202300009605;155 663 542;50;0;2;7;1;3
202300009606;155 663 539;7;0;2;8;13;1
202300009606;155 663 541;13;0;2;3;1;1
202300009607;155 663 537;7;0;2;5;15;1
202300009607;155 663 538;7;0;2;1;1;1
202300009608;155 663 535;7;0;2;2;2;1
202300009608;155 663 536;33;0;2;5;2;1
202300009609;155 663 533;80;0;2;1;1;3
202300009609;155 663 534;7;0;2;6;15;1
202300009610;155 663 528;7;0;2;6;2;1
202300009610;155 663 530;33;0;2;4;3;1
202300009610;155 663 531;31;0;2;1;3;1
202300009610;155 663 532;10;0;2;2;2;1
202300009611;155 663 527;7;0;2;1;1;1
202300009611;155 663 529;7;0;2;8;1;1
202300009612;155 663 525;7;1;0;0;0;1
202300009613;155 663 524;7;0;2;8;11;1
202300009613;155 663 526;31;0;2;2;3;1
202300009614;155 663 523;37;0;1;2;1;0
202300009615;155 663 521;10;0;1;8;1;1
202300009616;155 663 518;7;0;2;3;1;1
202300009616;155 663 520;10;0;2;1;14;1
202300009616;155 663 522;31;6;2;7;25;1
202300009617;155 663 517;2;0;2;1;1;1
202300009617;155 663 519;7;0;2;7;19;1
202300009618;155 663 516;80;0;1;1;1;3
202300009619;155 663 515;7;0;1;3;9;1
202300009620;155 663 512;37;0;2;0;1;3
202300009620;155 663 514;1;0;2;0;1;5
202300009621;155 663 513;7;0;1;1;1;1
202300009622;155 663 510;50;0;2;1;1;3
202300009622;155 663 511;7;0;2;2;16;1
202300009623;155 663 507;7;0;2;5;15;1
202300009623;155 663 509;33;0;2;2;1;1
202300009624;155 663 506;10;0;1;1;1;1
202300009625;155 663 505;7;0;2;2;19;1
202300009625;155 663 508;1;0;2;1;1;5
202300009626;155 663 503;7;0;2;2;5;2
202300009626;155 663 504;10;0;2;2;5;0
202300009627;155 663 501;50;14;0;1;1;3
202300009628;155 663 498;7;0;2;3;20;3
202300009628;155 663 500;1;0;2;1;5;5
202300009629;155 663 499;1;0;2;8;19;5
202300009629;155 663 502;7;0;2;2;1;1
202300009630;155 663 495;50;0;1;1;1;3
202300009631;155 663 496;7;0;2;1;15;1
202300009631;155 663 497;1;0;2;1;1;5
202300009632;155 663 492;7;0;2;2;17;1
202300009632;155 663 494;7;0;2;3;15;1
202300009633;155 663 491;7;0;2;2;15;1
202300009633;155 663 493;43;0;2;3;1;1
202300009634;155 663 490;7;0;1;1;1;1
202300009635;155 663 489;80;12;0;2;9;3
202300009636;155 663 487;1;0;2;1;0;5
202300009636;155 663 488;7;0;2;7;15;1
202300009637;155 663 485;7;0;1;0;26;1
202300009638;155 663 484;30;0;2;1;2;1
202300009638;155 663 486;7;0;2;6;2;1
202300009639;155 663 483;7;0;1;2;1;1
202300009640;155 663 481;30;0;1;1;1;0
202300009641;155 663 480;10;0;2;3;1;1
202300009641;155 663 482;7;9;2;3;1;1
202300009642;155 663 477;7;0;2;7;1;2
202300009642;155 663 479;33;0;2;1;18;1
202300009643;155 663 476;7;0;2;2;1;1
202300009643;155 663 478;50;0;2;1;19;3
202300009644;155 663 475;7;0;1;1;1;1
202300009645;155 663 472;7;0;2;1;0;2
202300009645;155 663 474;7;0;2;1;1;1
202300009646;155 663 471;7;1;2;3;22;1
202300009646;155 663 473;1;1;2;1;1;5
202300009647;155 663 468;30;0;1;1;5;1
202300009648;155 663 465;33;0;2;1;18;1
202300009648;155 663 467;7;0;2;5;15;1
202300009649;155 663 466;33;0;0;0;1;1
202300009650;155 663 464;1;0;1;0;1;5
202300009651;155 663 462;2;0;2;7;1;3
202300009651;155 663 463;7;0;2;6;13;2
202300009652;155 663 459;7;0;1;2;1;1
202300009653;155 663 458;7;0;2;1;2;1
202300009653;155 663 460;7;0;2;7;1;1
202300009653;155 663 461;7;0;2;4;1;1
202300009654;155 663 455;30;0;2;1;1;1
202300009654;155 663 457;10;0;2;1;1;3
202300009655;155 663 453;33;0;2;4;2;1
202300009655;155 663 454;14;0;2;4;2;1
202300009655;155 663 456;7;0;2;1;2;1
202300009656;155 663 449;7;0;9;3;15;1
202300009656;155 663 451;1;0;2;1;8;5
202300009657;155 663 450;34;0;1;1;17;1
202300009658;155 663 447;7;0;2;1;1;1
202300009658;155 663 448;7;0;2;3;9;2
202300009659;155 663 445;50;0;2;5;2;3
202300009659;155 663 446;7;0;2;2;2;0
202300009660;155 663 442;7;0;2;1;15;1
202300009660;155 663 444;7;0;2;8;1;1
202300009661;155 663 441;7;0;0;5;1;1
202300009661;155 663 443;1;0;2;1;1;5
202300009662;155 663 440;33;14;0;1;9;1
202300009663;155 663 437;50;0;9;7;16;3
202300009663;155 663 439;7;0;2;8;26;2
202300009664;155 663 438;7;2;0;1;1;1
202300009665;155 663 434;7;0;2;1;0;1
202300009665;155 663 435;2;0;2;1;0;1
202300009666;155 663 433;7;0;2;3;26;1
202300009666;155 663 436;7;0;2;3;0;1
202300009667;155 663 430;7;0;2;1;1;1
202300009667;155 663 431;7;0;2;1;1;0
202300009668;155 663 429;60;0;9;7;0;5
202300009668;155 663 432;2;0;9;0;0;1
202300009669;155 663 427;7;0;2;2;16;1
202300009669;155 663 428;2;0;2;7;16;1
202300009670;155 663 425;7;0;2;2;17;1
202300009670;155 663 426;7;0;2;6;1;1
202300009671;155 663 422;7;0;2;5;1;1
202300009671;155 663 424;7;0;2;2;26;1
202300009672;155 663 423;7;0;1;4;20;1
202300009673;155 663 418;30;0;2;7;19;1
202300009673;155 663 421;7;0;2;2;1;2
202300009674;155 663 419;7;0;9;7;16;1
202300009674;155 663 420;99;0;2;1;18;0
202300009675;155 663 415;7;0;2;0;0;0
202300009675;155 663 417;7;14;0;1;2;0
202300009676;155 663 414;7;0;1;5;4;1
202300009677;155 663 413;10;0;1;1;16;1
202300009678;155 663 409;7;0;2;5;2;1
202300009678;155 663 410;10;0;2;1;2;1
202300009678;155 663 411;7;0;2;4;2;1
202300009678;155 663 412;7;0;2;4;2;1
202300009679;155 663 405;7;0;2;2;15;1
202300009679;155 663 407;7;0;2;1;16;1
202300009680;155 663 406;7;0;2;3;19;1
202300009680;155 663 408;33;14;2;1;1;1
202300009681;155 663 401;2;0;2;1;17;1
202300009681;155 663 403;7;0;2;3;15;1
202300009682;155 663 398;7;0;2;2;0;1
202300009682;155 663 400;7;0;2;8;2;1
202300009683;155 663 397;34;0;2;1;14;3
202300009683;155 663 399;7;0;2;5;14;1
202300009684;155 663 396;7;8;0;1;1;1
202300009685;155 663 393;7;0;2;1;10;1
202300009685;155 663 395;32;8;2;8;21;1
202300009686;155 663 392;60;0;2;0;0;5
202300009686;155 663 394;10;0;2;2;2;1
202300009687;155 663 390;7;0;2;2;15;1
202300009687;155 663 391;30;0;2;1;1;0
202300009688;155 663 389;10;0;1;1;11;1
202300009689;155 663 386;7;0;2;8;1;1
202300009689;155 663 388;7;0;2;3;15;1
202300009690;155 663 385;7;1;2;1;1;0
202300009690;155 663 387;7;0;2;3;13;1
202300009691;155 663 384;7;0;1;3;15;1
202300009692;155 663 383;10;1;1;4;4;1
202300009693;155 663 382;7;0;1;3;1;1
202300009694;155 663 379;33;0;2;1;1;1
202300009694;155 663 380;7;9;0;5;15;3
202300009695;155 663 378;34;0;2;8;1;1
202300009695;155 663 381;50;0;2;0;19;3
202300009696;155 663 376;2;0;2;1;1;1
202300009696;155 663 377;7;0;2;1;15;0
202300009697;155 663 375;37;0;1;1;15;1
202300009698;155 663 373;7;3;2;4;1;1
202300009698;155 663 374;7;3;2;1;2;1
202300009699;155 663 372;7;2;0;3;14;1
202300009700;155 663 370;1;0;2;1;2;5
202300009700;155 663 371;7;0;2;5;23;2
202300009701;155 663 368;7;0;2;3;21;1
202300009701;155 663 369;7;0;2;6;10;1
202300009702;155 663 367;7;15;0;2;1;1
202300009703;155 663 365;2;0;2;1;1;1
202300009703;155 663 366;80;0;2;6;15;3
202300009704;155 663 361;7;0;2;1;2;1
202300009704;155 663 363;7;0;2;5;1;1
202300009705;155 663 362;15;13;2;1;5;1
202300009705;155 663 364;7;0;2;1;1;1
202300009706;155 663 358;1;0;2;1;1;5
202300009706;155 663 360;2;0;9;1;1;1
202300009707;155 663 357;7;0;0;6;11;1
202300009707;155 663 359;2;0;2;2;17;1
202300009708;155 663 355;30;0;2;3;1;1
202300009708;155 663 356;7;0;2;3;15;1
202300009709;155 663 353;7;0;1;1;1;1
202300009710;155 663 352;7;0;2;3;13;1
202300009710;155 663 354;7;0;2;3;1;1
202300009711;155 663 350;10;0;2;2;15;1
202300009711;155 663 351;32;0;2;1;1;1
202300009712;155 663 347;7;0;2;1;2;1
202300009712;155 663 348;17;0;2;4;1;1
202300009713;155 663 344;30;0;2;3;17;3
202300009713;155 663 346;7;0;2;3;15;1
202300009714;155 663 343;33;0;2;1;1;1
202300009714;155 663 345;7;0;2;2;15;1
202300009715;155 663 340;7;0;2;1;1;1
202300009715;155 663 341;7;0;2;5;1;1
202300009715;155 663 342;10;0;2;4;1;1
202300009716;155 663 336;7;2;0;1;1;1
202300009717;155 663 335;7;0;2;1;1;1
202300009717;155 663 337;7;0;2;6;0;1
202300009717;155 663 338;7;0;2;5;6;1
202300009718;155 663 333;10;0;1;2;16;1
202300009719;155 663 332;7;0;9;1;1;1
202300009719;155 663 334;1;0;2;3;15;5
202300009720;155 663 330;7;0;2;1;1;1
202300009720;155 663 331;7;0;2;1;23;1
202300009721;155 663 326;7;0;2;2;5;1
202300009721;155 663 328;7;0;2;2;1;1
202300009721;155 663 329;7;0;2;1;1;1
202300009722;155 663 325;1;0;2;1;1;5
202300009722;155 663 327;7;0;2;2;15;1
202300009723;155 663 323;10;0;1;4;4;3
202300009724;155 663 322;7;0;2;1;15;1
202300009724;155 663 324;7;0;2;1;1;1
202300009725;155 663 321;3;0;1;1;16;3
202300009726;155 663 320;7;2;0;1;15;1
202300009727;155 663 318;33;0;2;7;1;1
202300009727;155 663 319;7;0;2;1;9;1
202300009728;155 663 316;7;14;0;1;1;1
202300009729;155 663 317;2;9;0;7;1;1
202300009730;155 663 311;7;0;2;1;13;1
202300009730;155 663 313;7;0;2;3;21;1
202300009730;155 663 315;7;0;2;1;1;1
202300009731;155 663 312;2;0;2;4;15;1
202300009731;155 663 314;7;0;2;3;9;1
202300009732;155 663 310;7;2;0;1;14;1
202300009733;155 663 308;7;0;1;3;15;1
202300009734;155 663 307;2;0;2;1;17;1
202300009734;155 663 309;7;0;9;8;15;1
202300009735;155 663 304;10;0;1;2;1;1
202300009736;155 663 302;43;13;0;1;0;1
202300009737;155 663 301;7;0;1;1;26;1
202300009738;155 663 299;2;0;0;9;15;1
202300009738;155 663 300;7;0;2;2;17;1
202300009739;155 663 297;7;0;2;3;13;1
202300009739;155 663 298;7;0;2;3;1;1
202300009740;155 663 295;7;0;2;1;0;1
202300009740;155 663 296;7;0;2;1;1;1
202300009741;155 663 293;33;0;2;1;1;1
202300009741;155 663 294;10;0;2;2;1;1
202300009742;155 663 289;7;0;2;3;1;1
202300009742;155 663 291;2;0;2;1;1;1
202300009743;155 663 288;7;0;2;3;1;1
202300009743;155 663 290;7;0;2;2;2;1
202300009743;155 663 292;7;0;2;3;13;1
202300009744;155 663 286;10;0;2;4;23;1
202300009744;155 663 287;1;0;2;0;0;5
202300009745;155 663 284;7;0;0;6;1;1
202300009745;155 663 285;2;0;2;1;1;1
202300009746;155 663 280;7;0;2;1;13;1
202300009746;155 663 282;10;0;2;1;1;1
202300009747;155 663 278;7;0;2;3;23;1
202300009747;155 663 279;7;0;2;3;1;1
202300009747;155 663 281;7;0;2;3;15;1
202300009748;155 663 276;10;0;0;0;0;0
202300009749;155 663 277;2;8;0;1;14;1
202300009750;155 663 273;7;0;2;3;13;1
202300009750;155 663 274;7;0;2;3;1;1
202300009750;155 663 275;7;0;2;3;1;1
202300009751;155 663 271;31;0;2;7;1;3
202300009751;155 663 272;7;0;2;2;9;1
202300009752;155 663 270;7;0;1;3;15;1
202300009753;155 663 268;7;0;2;2;2;1
202300009753;155 663 269;10;0;2;6;2;1
202300009754;155 663 265;7;0;2;1;13;1
202300009754;155 663 266;7;0;2;3;0;1
202300009754;155 663 267;7;0;2;1;1;1
202300009755;155 663 264;7;0;1;1;1;1
202300009756;155 663 263;7;0;2;1;1;1
202300009757;155 663 262;7;8;1;3;21;1
202300009758;155 663 260;30;1;2;6;2;1
202300009758;155 663 261;7;1;0;0;0;1
202300009759;155 663 259;7;0;0;1;21;1
202300009760;155 663 258;7;0;1;1;1;0
202300009761;155 663 257;7;0;1;2;16;0
202300009762;155 663 256;7;0;1;1;19;1
202300009763;155 663 255;41;1;0;1;2;
202300009764;155 663 254;7;5;0;2;14;1
202300009765;155 663 253;7;13;0;2;1;1
202300009766;155 663 251;2;0;2;1;1;1
202300009766;155 663 252;1;0;2;8;19;5
202300009767;155 663 250;7;0;1;1;1;1
202300009768;155 663 248;7;0;2;2;19;1
202300009768;155 663 249;7;0;2;6;1;1
202300009769;155 663 246;7;0;2;4;2;1
202300009769;155 663 247;10;0;2;1;2;1
202300009770;155 663 244;7;0;2;4;2;1
202300009770;155 663 245;7;0;2;1;2;1
202300009771;155 663 243;7;13;0;1;13;1
202300009772;155 663 241;33;0;2;1;2;1
202300009772;155 663 242;7;0;0;6;15;1
202300009773;155 663 239;7;0;2;2;15;1
202300009773;155 663 240;7;0;2;2;0;1
202300009774;155 663 237;99;0;2;1;1;1
202300009774;155 663 238;7;0;2;6;1;1
202300009775;155 663 236;7;0;1;7;1;1
202300009776;155 663 234;7;0;2;5;12;0
202300009776;155 663 235;7;0;2;3;17;1
202300009777;155 663 233;7;0;1;1;26;1
202300009778;155 663 232;7;0;1;1;16;1
202300009779;155 663 231;33;0;1;2;1;1
202300009780;155 663 229;7;0;2;1;9;1
202300009780;155 663 230;7;0;2;7;1;1
202300009781;155 663 228;50;0;0;1;1;3
202300009782;155 663 226;30;0;2;1;1;1
202300009782;155 663 227;10;0;2;4;1;0
202300009783;155 663 225;7;0;1;3;16;0
202300009784;155 663 223;7;0;2;5;9;2
202300009784;155 663 224;7;0;2;3;1;1
202300009785;155 663 222;7;0;1;1;2;1
202300009786;155 663 220;31;0;2;7;1;1
202300009786;155 663 221;7;0;2;1;16;0
202300009787;155 663 218;7;0;0;4;1;1
202300009787;155 663 219;7;0;2;1;2;1
202300009788;155 663 217;7;8;0;1;13;1
202300009789;155 663 215;7;0;2;1;1;1
202300009789;155 663 216;33;0;2;1;13;1
202300009790;155 663 213;7;0;0;4;26;1
202300009790;155 663 214;7;0;2;1;1;1
202300009791;155 663 211;7;0;2;5;15;3
202300009791;155 663 212;33;14;0;7;1;1
202300009792;155 663 209;10;0;0;2;1;1
202300009792;155 663 210;30;0;2;1;1;1
202300009793;155 663 207;7;0;2;2;12;2
202300009793;155 663 208;32;12;2;9;1;1
202300009794;155 663 205;7;0;2;1;15;1
202300009794;155 663 206;7;5;2;7;0;1
202300009795;155 663 203;32;0;2;1;17;1
202300009795;155 663 204;7;0;2;3;15;1
202300009796;155 663 202;7;0;1;2;0;1
202300009797;155 663 201;7;0;1;1;26;1
202300009798;155 663 199;43;0;2;1;2;1
202300009798;155 663 200;10;0;2;6;2;1
202300009799;155 663 197;7;0;2;5;2;2
202300009799;155 663 198;10;0;2;3;2;1
202300009800;155 663 195;31;0;2;4;2;3
202300009800;155 663 196;7;0;2;2;2;1
202300009801;155 663 194;1;0;5;2;1;5
202300009802;155 663 193;30;0;1;7;1;
202300009803;155 663 191;33;0;2;1;1;0
202300009803;155 663 192;1;0;2;7;1;5
202300009804;155 663 190;50;0;1;1;1;3
202300009805;155 663 188;7;0;2;3;15;2
202300009805;155 663 189;50;0;2;1;1;3
202300009806;155 663 186;7;0;2;2;16;2
202300009806;155 663 187;1;0;2;1;19;5
202300009807;155 663 185;7;0;1;7;1;1
202300009808;155 663 184;1;0;1;1;1;5
202300009809;155 663 182;1;0;2;0;15;5
202300009809;155 663 183;10;0;2;0;17;1
202300009810;155 663 181;7;0;1;3;0;1
202300009811;155 663 179;33;0;2;1;17;1
202300009811;155 663 180;7;0;2;7;15;1
202300009812;155 663 177;50;0;2;1;1;3
202300009812;155 663 178;7;0;2;7;1;2
202300009813;155 663 175;7;0;2;7;20;1
202300009813;155 663 176;50;0;2;7;0;3
202300009814;155 663 173;7;0;2;1;2;1
202300009814;155 663 174;7;0;2;4;2;1
202300009815;155 663 172;7;0;2;0;0;1
202300009816;155 663 171;10;0;1;2;2;1
202300009817;155 663 169;50;0;2;1;1;3
202300009817;155 663 170;7;0;2;5;16;1
202300009818;155 663 167;2;0;2;1;17;1