Num_Acc;id_vehicule;categorie_vehicule;obstacle_fixe;obstacle_mobile;point_choc_initial;manoeuvre_principale;motorisation
202300009818;155 663 168;7;0;2;3;15;1
202300009819;155 663 165;7;0;2;2;1;1
202300009819;155 663 166;7;0;2;1;1;1
202300009820;155 663 163;7;0;2;3;16;1
202300009820;155 663 164;7;0;2;2;21;1
202300009821;155 663 162;7;0;1;2;1;0
202300009822;155 663 160;10;0;2;6;20;1
202300009822;155 663 161;33;0;2;3;21;1
202300009823;155 663 157;7;1;0;6;2;0
202300009823;155 663 158;10;1;0;1;2;3
202300009823;155 663 159;43;1;0;1;2;1
202300009824;155 663 155;50;0;2;2;1;3
202300009824;155 663 156;7;0;2;3;20;1
202300009825;155 663 153;7;0;2;3;15;0
202300009825;155 663 154;42;0;2;1;1;1
202300009826;155 663 152;10;0;1;1;1;1
202300009827;155 663 150;33;0;2;7;1;1
202300009827;155 663 151;7;0;2;1;15;1
202300009828;155 663 149;7;0;1;1;1;1
202300009829;155 663 147;39;0;2;1;1;3
202300009829;155 663 148;7;15;4;7;5;1
202300009830;155 663 145;7;0;2;8;1;1
202300009830;155 663 146;7;0;2;1;15;1
202300009831;155 663 143;10;13;2;6;24;1
202300009831;155 663 144;7;0;2;2;21;1
202300009832;155 663 141;7;0;2;4;1;1
202300009832;155 663 142;33;0;2;1;2;1
202300009833;155 663 140;7;4;0;3;0;1
202300009834;155 663 138;34;0;2;8;2;1
202300009834;155 663 139;7;0;2;7;12;1
202300009835;155 663 136;7;0;2;7;12;1
202300009835;155 663 137;33;0;2;8;3;1
202300009836;155 663 135;10;0;1;3;15;1
202300009837;155 663 133;7;0;2;2;1;1
202300009837;155 663 134;32;;2;1;15;
202300009838;155 663 131;7;0;2;8;0;1
202300009838;155 663 132;7;0;2;1;19;1
202300009839;155 663 129;7;0;2;6;11;0
202300009839;155 663 130;7;0;2;2;1;1
202300009840;155 663 128;7;4;0;9;9;1
202300009841;155 663 126;7;0;2;4;1;1
202300009841;155 663 127;10;0;2;1;1;1
202300009842;155 663 125;50;0;0;7;21;3
202300009843;155 663 123;10;0;2;3;11;1
202300009843;155 663 124;7;0;2;2;1;1
202300009844;155 663 122;7;0;1;3;9;1
202300009845;155 663 121;7;0;1;1;1;1
202300009846;155 663 119;7;0;2;1;2;1
202300009846;155 663 120;7;0;2;4;15;1
202300009847;155 663 117;1;0;2;0;0;5
202300009847;155 663 118;7;0;9;1;26;0
202300009848;155 663 115;30;0;2;1;1;1
202300009848;155 663 116;7;0;2;4;1;1
202300009849;155 663 114;7;13;0;1;13;1
202300009850;155 663 109;7;0;2;1;2;1
202300009850;155 663 110;7;0;2;1;2;1
202300009851;155 663 107;7;0;2;3;15;1
202300009851;155 663 108;33;0;2;3;1;1
202300009852;155 663 102;7;0;2;1;26;1
202300009852;155 663 103;7;0;2;4;23;1
202300009852;155 663 104;7;0;2;4;26;1
202300009852;155 663 105;7;0;2;4;26;1
202300009852;155 663 106;7;0;2;0;10;1
202300009853;155 663 100;1;0;2;2;1;5
202300009853;155 663 101;7;0;2;6;24;1
202300009854;155 663 098;2;0;2;1;2;1
202300009854;155 663 099;7;0;2;8;10;1
202300009855;155 663 096;50;0;0;0;0;5
202300009855;155 663 097;7;0;0;1;16;1
202300009856;155 663 094;30;0;2;3;1;1
202300009856;155 663 095;7;0;2;2;15;1
202300009857;155 663 092;7;0;2;4;0;1
202300009857;155 663 093;10;0;2;1;26;0
202300009858;155 663 090;7;0;2;1;9;1
202300009858;155 663 091;2;0;2;7;1;1
202300009859;155 663 088;7;0;2;4;1;1
202300009859;155 663 089;7;0;2;1;1;1
202300009860;155 663 087;7;8;0;1;0;1
202300009861;155 663 085;30;1;0;8;1;3
202300009861;155 663 086;7;0;2;2;15;1
202300009862;155 663 083;7;0;2;3;1;1
202300009862;155 663 084;7;0;2;2;1;1
202300009863;155 663 082;7;0;1;2;1;0
202300009864;155 663 080;7;0;2;1;1;1
202300009864;155 663 081;1;0;2;3;1;5
202300009865;155 663 078;50;0;2;8;1;3
202300009865;155 663 079;7;0;2;2;1;1
202300009866;155 663 076;7;0;2;1;13;1
202300009866;155 663 077;10;0;2;1;1;1
202300009867;155 663 074;7;0;2;1;1;1
202300009867;155 663 075;99;0;2;1;1;0
202300009868;155 663 073;7;3;0;1;14;1
202300009869;155 663 071;7;0;2;8;1;1
202300009869;155 663 072;10;0;2;1;9;1
202300009870;155 663 069;7;0;2;1;2;1
202300009870;155 663 070;7;0;2;4;23;2
202300009871;155 663 067;7;0;2;2;2;1
202300009871;155 663 068;30;0;2;3;13;1
202300009872;155 663 066;7;0;1;0;26;1
202300009873;155 663 064;33;0;2;4;16;1
202300009873;155 663 065;7;0;2;3;9;1
202300009874;155 663 062;1;0;2;5;1;5
202300009874;155 663 063;7;0;2;1;9;1
202300009875;155 663 061;7;0;1;2;26;6
202300009876;155 663 060;7;0;0;9;1;1
202300009877;155 663 058;7;0;2;1;2;1
202300009877;155 663 059;7;0;2;4;2;1
202300009878;155 663 056;33;0;2;1;1;1
202300009878;155 663 057;7;0;2;3;15;1
202300009879;155 663 054;7;0;2;2;16;1
202300009879;155 663 055;2;0;2;3;16;1
202300009880;155 663 052;7;3;2;7;15;1
202300009880;155 663 053;7;0;2;1;2;1
202300009881;155 663 050;7;0;2;1;2;1
202300009881;155 663 051;7;0;2;4;2;1
202300009882;155 663 048;37;0;2;5;1;1
202300009882;155 663 049;1;0;2;0;1;5
202300009883;155 663 046;32;0;0;8;9;1
202300009883;155 663 047;31;0;2;1;1;1
202300009884;155 663 044;7;0;2;5;20;1
202300009884;155 663 045;30;0;2;1;18;1
202300009885;155 663 042;50;0;2;1;16;3
202300009885;155 663 043;7;0;2;1;1;3
202300009886;155 663 041;80;12;0;8;15;3
202300009887;155 663 040;30;12;0;1;13;1
202300009888;155 663 038;32;0;2;1;1;1
202300009888;155 663 039;7;0;2;2;15;1
202300009889;155 663 036;7;0;2;2;1;1
202300009889;155 663 037;33;0;2;2;1;1
202300009890;155 663 033;33;2;0;1;17;1
202300009891;155 663 031;30;1;2;1;1;1
202300009891;155 663 032;7;0;2;6;23;1
202300009892;155 663 029;7;4;0;4;2;2
202300009892;155 663 030;7;4;2;1;26;1
202300009893;155 663 027;7;0;2;2;16;0
202300009893;155 663 028;31;0;2;3;1;0
202300009894;155 663 024;7;0;2;0;0;1
202300009894;155 663 025;3;0;2;0;0;1
202300009894;155 663 026;7;0;2;4;0;1
202300009895;155 663 022;7;0;2;2;15;0
202300009895;155 663 023;32;0;2;3;1;3
202300009896;155 663 021;34;0;1;1;1;1
202300009897;155 663 019;10;0;2;3;1;1
202300009897;155 663 020;2;0;2;1;1;1
202300009898;155 663 017;7;0;2;1;1;0
202300009898;155 663 018;7;0;2;0;0;0
202300009899;155 663 015;7;0;2;1;15;1
202300009899;155 663 016;7;0;2;0;0;1
202300009900;155 663 014;33;1;0;1;1;1
202300009901;155 663 011;2;13;0;1;14;1
202300009902;155 663 008;7;0;2;4;9;0
202300009902;155 663 009;7;0;0;2;1;0
202300009902;155 663 010;7;0;2;1;9;0
202300009903;155 663 006;33;0;2;1;1;1
202300009903;155 663 007;7;0;2;5;15;1
202300009904;155 663 004;7;0;2;1;5;1
202300009904;155 663 005;10;0;2;1;5;1
202300009905;155 663 002;7;0;2;1;1;1
202300009905;155 663 003;7;0;2;3;1;0
202300009906;155 663 001;33;13;0;3;1;1
202300009907;155 663 000;7;13;0;9;1;0
202300009908;155 662 998;7;0;2;3;1;1
202300009908;155 662 999;7;0;2;3;1;1
202300009909;155 662 997;7;0;0;1;1;1
202300009910;155 662 996;33;13;0;1;1;1
202300009911;155 662 994;7;0;2;2;15;1
202300009911;155 662 995;33;0;2;1;1;1
202300009912;155 662 993;33;15;0;9;1;1
202300009913;155 662 991;1;0;0;7;14;5
202300009914;155 662 988;7;14;0;1;1;1
202300009914;155 662 989;7;0;2;3;1;1
202300009914;155 662 990;7;0;2;3;13;1
202300009915;155 662 986;7;0;2;3;15;0
202300009915;155 662 987;1;0;2;8;15;5
202300009916;155 662 984;7;0;2;7;17;1
202300009916;155 662 985;33;0;2;8;11;1
202300009917;155 662 983;7;0;0;9;1;1
202300009918;155 662 982;33;13;0;8;10;1
202300009919;155 662 979;2;13;0;1;1;1
202300009920;155 662 978;7;0;0;9;1;1
202300009921;155 662 976;7;1;0;1;1;1
202300009921;155 662 977;7;0;0;4;23;1
202300009922;155 662 974;33;0;0;1;0;1
202300009922;155 662 975;7;0;0;1;15;1
202300009923;155 662 972;2;14;0;0;1;1
202300009924;155 662 971;7;0;1;1;1;1
202300009925;155 662 969;33;0;2;1;13;1
202300009925;155 662 970;7;0;2;1;1;1
202300009926;155 662 968;7;0;0;1;1;0
202300009927;155 662 966;7;0;2;8;9;1
202300009927;155 662 967;33;0;2;1;1;1
202300009928;155 662 964;7;0;2;8;1;1
202300009928;155 662 965;7;8;2;8;13;1
202300009929;155 662 962;33;0;2;1;13;1
202300009929;155 662 963;7;0;2;1;1;1
202300009930;155 662 960;2;0;2;3;13;1
202300009930;155 662 961;10;0;2;8;1;1
202300009931;155 662 957;7;0;0;6;15;1
202300009931;155 662 958;7;0;2;1;1;1
202300009932;155 662 956;33;0;0;0;0;0
202300009933;155 662 955;36;0;0;0;1;1
202300009934;155 662 952;7;0;2;1;15;1
202300009934;155 662 953;7;0;2;1;1;1
202300009934;155 662 954;33;0;2;2;1;1
202300009935;155 662 951;31;13;0;0;0;1
202300009936;155 662 949;33;3;0;9;1;1
202300009936;155 662 950;33;0;0;9;1;1
202300009937;155 662 947;1;0;2;1;9;5
202300009937;155 662 948;7;0;9;2;1;0
202300009938;155 662 946;7;2;0;3;13;0
202300009939;155 662 944;7;0;2;6;9;1
202300009939;155 662 945;1;0;2;7;26;5
202300009940;155 662 943;32;1;0;1;1;1
202300009941;155 662 942;33;3;0;2;2;1
202300009942;155 662 940;7;0;2;1;1;1
202300009942;155 662 941;7;0;2;2;19;1
202300009943;155 662 939;33;12;0;1;0;1
202300009944;155 662 938;7;0;1;2;1;1
202300009945;155 662 936;7;0;2;9;1;1
202300009945;155 662 937;7;0;2;3;19;1
202300009946;155 662 935;7;0;0;9;21;1
202300009947;155 662 933;7;0;2;1;17;0
202300009947;155 662 934;33;0;0;6;1;1
202300009948;155 662 932;7;3;0;5;2;1
202300009949;155 662 929;7;0;2;3;5;1
202300009949;155 662 930;7;0;2;3;1;1
202300009949;155 662 931;7;0;9;1;1;1
202300009950;155 662 927;7;0;2;4;26;0
202300009950;155 662 928;10;0;2;1;26;1
202300009951;155 662 925;7;0;2;6;13;1
202300009951;155 662 926;33;0;2;2;3;1
202300009952;155 662 924;7;0;1;2;1;1
202300009953;155 662 923;33;6;0;1;1;1
202300009954;155 662 920;7;0;2;1;2;1
202300009954;155 662 921;7;0;2;4;2;1
202300009954;155 662 922;7;0;2;4;2;1
202300009955;155 662 918;7;3;2;1;1;1
202300009955;155 662 919;7;3;2;1;1;1
202300009956;155 662 916;7;4;2;1;11;1
202300009956;155 662 917;7;4;2;5;1;1
202300009957;155 662 914;33;0;2;3;3;1
202300009957;155 662 915;7;0;2;2;12;1
202300009958;155 662 910;7;0;2;8;10;1
202300009958;155 662 911;10;0;2;2;2;1
202300009959;155 662 908;32;0;2;2;1;1
202300009959;155 662 909;10;0;2;7;0;1
202300009960;155 662 906;7;1;2;5;1;1
202300009960;155 662 907;7;1;2;9;18;2
202300009961;155 662 904;33;0;2;1;1;1
202300009961;155 662 905;7;0;2;3;15;1
202300009962;155 662 902;80;0;2;8;2;3
202300009962;155 662 903;7;0;2;2;17;1
202300009963;155 662 900;7;0;2;4;23;1
202300009963;155 662 901;7;0;2;1;1;1
202300009964;155 662 899;7;1;0;1;1;1
202300009965;155 662 898;33;13;0;1;1;1
202300009966;155 662 896;7;0;2;3;1;1
202300009966;155 662 897;50;0;2;7;9;3
202300009967;155 662 895;33;5;0;7;1;1
202300009968;155 662 893;1;0;2;1;16;0
202300009968;155 662 894;7;0;2;2;16;1
202300009969;155 662 891;2;0;2;8;19;1
202300009969;155 662 892;37;0;2;2;1;3
202300009970;155 662 890;7;0;1;3;1;1
202300009971;155 662 888;7;0;2;1;1;1
202300009971;155 662 889;7;0;2;1;1;1
202300009972;155 662 887;7;3;0;1;9;1
202300009973;155 662 886;33;13;0;7;15;1
202300009974;155 662 883;10;0;0;0;0;1
202300009974;155 662 885;17;0;0;1;1;1
202300009975;155 662 882;7;0;2;3;21;1
202300009975;155 662 884;7;0;2;2;21;1
202300009976;155 662 877;7;0;2;3;9;1
202300009976;155 662 879;50;0;2;1;25;3
202300009977;155 662 875;7;0;2;6;1;1
202300009977;155 662 876;7;0;2;1;9;1
202300009978;155 662 873;7;0;2;7;1;1
202300009978;155 662 874;7;0;2;1;2;3
202300009979;155 662 871;7;0;2;2;16;1
202300009979;155 662 872;1;0;2;8;15;5
202300009980;155 662 870;7;1;0;2;14;1
202300009981;155 662 868;10;0;2;2;16;1
202300009981;155 662 869;2;0;2;8;18;1
202300009982;155 662 866;33;0;2;1;1;1
202300009982;155 662 867;7;0;9;1;15;1
202300009983;155 662 864;33;0;2;1;1;1
202300009983;155 662 865;7;0;2;1;15;1
202300009984;155 662 863;7;0;1;1;1;1
202300009985;155 662 862;7;0;1;3;1;1
202300009986;155 662 861;7;1;0;2;14;1
202300009987;155 662 858;7;0;2;1;2;1
202300009987;155 662 859;7;0;2;6;2;1
202300009988;155 662 857;7;15;0;7;14;0
202300009989;155 662 852;7;0;2;1;16;1
202300009989;155 662 854;32;0;2;3;5;1
202300009990;155 662 853;7;0;2;7;1;1
202300009990;155 662 855;7;0;2;1;1;1
202300009991;155 662 849;31;0;2;1;1;1
202300009991;155 662 851;7;0;2;1;15;1
202300009992;155 662 848;7;0;2;3;1;1
202300009992;155 662 850;10;0;2;7;15;1
202300009993;155 662 845;7;0;2;1;15;1
202300009994;155 662 846;33;0;2;1;1;1
202300009994;155 662 847;7;0;2;5;15;1
202300009995;155 662 842;7;0;2;1;15;1
202300009995;155 662 843;36;0;2;3;1;0
202300009996;155 662 841;7;0;2;1;16;1
202300009996;155 662 844;7;0;2;3;1;1
202300009997;155 662 839;2;0;2;1;17;1
202300009997;155 662 840;7;0;2;3;15;1
202300009998;155 662 835;43;0;2;3;17;1
202300009998;155 662 837;7;0;2;1;11;1
202300009999;155 662 834;7;0;2;2;2;0
202300009999;155 662 836;7;0;2;4;2;0
202300009999;155 662 838;7;0;2;4;2;0
202300010000;155 662 831;80;0;2;1;1;3
202300010000;155 662 832;7;0;9;5;1;1
202300010001;155 662 830;33;0;2;2;3;1
202300010001;155 662 833;7;0;2;8;11;1
202300010002;155 662 829;30;16;0;0;1;1
202300010003;155 662 826;7;0;1;1;1;1
202300010004;155 662 827;7;0;2;5;2;1
202300010004;155 662 828;7;0;2;3;2;1
202300010005;155 662 823;7;0;2;8;1;1
202300010005;155 662 825;2;0;2;1;1;1
202300010006;155 662 822;80;0;2;3;1;3
202300010006;155 662 824;7;0;2;1;15;1
202300010007;155 662 819;80;0;2;7;1;3
202300010007;155 662 821;7;0;2;3;9;1
202300010008;155 662 817;50;0;0;0;15;3
202300010009;155 662 818;50;0;2;1;1;3
202300010009;155 662 820;7;0;2;3;1;2
202300010010;155 662 814;7;0;2;3;1;1
202300010010;155 662 816;3;0;2;1;13;1
202300010011;155 662 813;50;0;2;7;1;3
202300010011;155 662 815;7;0;2;3;1;1
202300010012;155 662 811;7;0;2;2;15;1
202300010012;155 662 812;30;0;2;3;1;1
202300010013;155 662 807;7;0;9;7;1;1
202300010013;155 662 809;33;0;2;3;13;1
202300010014;155 662 808;32;0;0;9;1;0
202300010014;155 662 810;7;0;2;3;10;1
202300010015;155 662 805;50;0;1;7;25;3
202300010016;155 662 804;1;0;0;0;0;5
202300010016;155 662 806;7;0;2;0;1;1
202300010017;155 662 802;7;0;1;0;1;1
202300010018;155 662 801;7;0;2;1;15;1
202300010018;155 662 803;1;0;2;8;1;5
202300010019;155 662 798;7;0;2;1;1;1
202300010019;155 662 799;7;0;0;4;1;1
202300010020;155 662 797;7;0;2;1;11;1
202300010020;155 662 800;1;0;2;2;1;5
202300010021;155 662 796;7;1;0;1;14;1
202300010022;155 662 795;7;0;1;2;0;1
202300010023;155 662 792;43;16;0;3;15;1
202300010023;155 662 794;80;0;2;2;5;3
202300010024;155 662 791;1;0;2;7;1;5
202300010024;155 662 793;7;0;2;1;9;1
202300010025;155 662 789;7;0;1;2;1;1
202300010026;155 662 788;7;0;2;8;15;1
202300010026;155 662 790;34;0;2;7;1;1
202300010027;155 662 786;7;0;2;1;26;1
202300010027;155 662 787;7;0;2;1;15;1
202300010028;155 662 782;7;0;2;4;2;1
202300010028;155 662 784;7;0;2;1;1;1
202300010029;155 662 783;7;0;1;1;0;0
202300010029;155 662 785;7;0;1;3;0;0
202300010030;155 662 779;10;0;2;1;1;1
202300010030;155 662 781;10;0;2;4;1;1
202300010031;155 662 778;7;0;2;3;16;1
202300010031;155 662 780;7;0;2;1;1;1
202300010032;155 662 776;7;0;9;7;1;1
202300010032;155 662 777;1;0;2;8;26;5
202300010033;155 662 773;0;0;0;0;0;0
202300010034;155 662 774;7;0;2;2;15;1
202300010034;155 662 775;80;0;2;1;19;3
202300010035;155 662 772;10;0;1;1;0;0
202300010036;155 662 771;7;6;0;1;2;1
202300010037;155 662 770;10;0;1;1;1;1
202300010038;155 662 769;7;12;1;2;1;1
202300010039;155 662 768;2;8;0;1;13;1
202300010040;155 662 766;7;13;0;1;1;1
202300010041;155 662 764;7;0;2;4;23;1
202300010041;155 662 765;7;0;2;1;1;1
202300010041;155 662 767;7;0;2;4;23;1
202300010042;155 662 763;33;12;0;8;2;1
202300010043;155 662 762;7;6;0;9;2;1
202300010044;155 662 761;7;2;0;9;1;1
202300010045;155 662 759;7;0;2;2;2;1
202300010045;155 662 760;7;4;2;3;13;1
202300010046;155 662 756;7;0;2;2;2;2
202300010046;155 662 757;10;0;2;8;13;1
202300010047;155 662 755;2;0;0;0;0;0
202300010047;155 662 758;7;0;0;0;0;0
202300010048;155 662 753;43;0;2;3;3;1
202300010048;155 662 754;7;0;2;7;12;1
202300010049;155 662 748;31;0;2;1;3;1
202300010049;155 662 750;10;0;2;4;12;1
202300010049;155 662 751;7;4;0;8;1;1
202300010050;155 662 749;99;1;2;1;13;3
202300010050;155 662 752;7;1;2;4;17;1
202300010051;155 662 744;7;0;2;1;2;1
202300010051;155 662 746;10;0;2;4;2;1
202300010051;155 662 747;10;0;2;4;1;1
202300010052;155 662 742;30;0;0;7;16;1
202300010053;155 662 743;7;0;2;1;15;1
202300010053;155 662 745;50;0;2;8;0;3
202300010054;155 662 741;1;0;0;1;9;5
202300010055;155 662 739;34;0;0;1;1;1
202300010056;155 662 738;7;0;2;3;16;0
202300010056;155 662 740;2;0;2;0;0;
202300010057;155 662 737;7;0;1;1;1;1
202300010058;155 662 735;1;0;2;2;17;5
202300010058;155 662 736;1;0;2;3;1;5
202300010059;155 662 733;7;0;2;1;1;2
202300010059;155 662 734;7;0;2;8;1;1
202300010060;155 662 730;7;0;2;0;13;0
202300010060;155 662 731;33;0;2;2;18;1
202300010061;155 662 729;7;0;2;1;1;1
202300010061;155 662 732;7;0;2;1;1;1
202300010062;155 662 726;1;1;2;9;1;5
202300010062;155 662 727;7;0;2;8;22;1
202300010062;155 662 728;1;1;0;9;1;5
202300010063;155 662 724;7;0;2;0;16;2
202300010063;155 662 725;1;0;2;1;1;5
202300010064;155 662 721;7;0;2;8;1;3
202300010064;155 662 723;30;0;2;1;1;1
202300010065;155 662 722;7;1;0;1;21;1
202300010066;155 662 719;31;0;2;1;2;1
202300010066;155 662 720;1;0;2;4;2;5
202300010067;155 662 717;33;0;2;8;3;1
202300010067;155 662 718;7;0;2;7;1;1
202300010068;155 662 715;7;0;2;3;10;1
202300010068;155 662 716;50;0;2;1;2;3
202300010069;155 662 712;7;0;2;5;1;1
202300010069;155 662 713;7;0;2;1;1;1
202300010069;155 662 714;7;0;2;1;1;1
202300010070;155 662 709;7;0;2;4;1;1
202300010070;155 662 711;7;0;2;1;1;4
202300010071;155 662 708;7;0;2;2;12;1
202300010071;155 662 710;32;0;2;8;2;1
202300010072;155 662 704;7;0;2;1;2;1
202300010072;155 662 706;7;0;0;4;0;1
202300010073;155 662 703;7;0;2;7;1;2
202300010073;155 662 705;15;0;2;2;12;1
202300010073;155 662 707;7;0;2;6;1;1
202300010074;155 662 701;7;9;0;5;15;1
202300010074;155 662 702;7;0;0;1;1;1
202300010075;155 662 699;33;0;2;1;3;1
202300010075;155 662 700;7;0;2;6;11;1
202300010076;155 662 698;33;0;0;8;1;0
202300010077;155 662 696;7;0;2;4;4;1
202300010077;155 662 697;2;0;2;1;2;1
202300010078;155 662 694;34;0;2;7;17;1
202300010078;155 662 695;7;0;2;8;13;1
202300010079;155 662 692;15;0;2;2;16;1
202300010079;155 662 693;80;0;2;4;1;3
202300010080;155 662 691;31;0;0;9;21;1
202300010081;155 662 689;7;0;2;2;1;2
202300010081;155 662 690;7;0;2;8;16;1
202300010082;155 662 688;43;0;6;1;1;1
202300010083;155 662 686;7;0;2;6;15;1
202300010083;155 662 687;31;0;2;1;21;3
202300010084;155 662 685;7;7;0;3;14;1
202300010085;155 662 683;7;0;2;3;10;2
202300010085;155 662 684;43;0;2;1;1;1
202300010086;155 662 682;33;13;0;7;1;1
202300010087;155 662 681;7;6;0;4;4;1
202300010088;155 662 677;37;0;2;8;1;1
202300010088;155 662 679;30;0;2;8;13;3
202300010089;155 662 678;7;0;2;2;11;1
202300010089;155 662 680;2;0;2;1;1;1
202300010090;155 662 676;33;0;1;1;1;1
202300010091;155 662 674;1;0;0;1;1;5
202300010092;155 662 673;30;0;2;1;17;1
202300010092;155 662 675;7;0;0;3;15;1
202300010093;155 662 669;31;0;2;2;9;1
202300010093;155 662 671;7;0;2;3;1;1
202300010093;155 662 672;7;0;2;6;1;1
202300010094;155 662 667;7;0;1;5;20;1
202300010095;155 662 666;7;0;2;1;1;1
202300010095;155 662 668;7;0;2;3;11;1
202300010095;155 662 670;7;0;2;5;11;1
202300010096;155 662 663;10;0;2;5;22;1
202300010096;155 662 665;1;0;2;2;1;5
202300010097;155 662 662;7;0;2;7;12;1
202300010097;155 662 664;7;0;2;1;1;1
202300010098;155 662 660;15;0;2;5;1;1
202300010098;155 662 661;1;0;2;3;16;5
202300010099;155 662 658;32;12;0;7;16;1
202300010100;155 662 657;7;0;2;2;15;1
202300010100;155 662 659;7;0;0;3;1;1
202300010101;155 662 655;7;0;2;2;1;1
202300010101;155 662 656;34;0;2;1;1;3
202300010102;155 662 653;31;0;2;1;17;1
202300010102;155 662 654;7;0;2;1;1;1
202300010103;155 662 650;7;0;2;2;15;1
202300010103;155 662 652;10;0;2;3;1;1
202300010104;155 662 649;7;0;2;2;21;1
202300010104;155 662 651;7;0;2;0;0;1
202300010105;155 662 645;7;0;2;3;17;1
202300010105;155 662 648;32;0;2;2;3;1
202300010106;155 662 644;7;0;2;0;0;0
202300010106;155 662 646;7;0;2;0;0;0
202300010107;155 662 647;7;13;0;1;0;1
202300010108;155 662 641;7;0;2;1;1;1
202300010108;155 662 643;31;0;2;8;1;1
202300010109;155 662 640;2;0;2;0;0;0
202300010109;155 662 642;33;0;2;0;0;0
202300010110;155 662 638;7;0;1;2;20;2
202300010111;155 662 637;7;0;1;7;1;2
202300010112;155 662 639;10;0;9;2;1;1
202300010113;155 662 632;7;1;2;3;14;1
202300010113;155 662 634;7;0;2;3;1;1
202300010114;155 662 631;7;0;2;4;2;1
202300010114;155 662 633;7;0;2;4;2;1
202300010114;155 662 635;7;0;2;4;2;1
202300010114;155 662 636;7;0;2;1;2;1
202300010115;155 662 627;7;15;0;0;0;1
202300010116;155 662 628;7;0;2;1;7;2
202300010116;155 662 629;50;0;2;7;13;3
202300010117;155 662 624;7;0;1;3;9;1
202300010118;155 662 623;7;0;2;1;13;1
202300010118;155 662 625;7;0;2;1;1;1
202300010118;155 662 630;7;0;2;1;1;1
202300010119;155 662 622;7;0;2;1;15;1
202300010119;155 662 626;32;0;2;3;1;1
202300010120;155 662 620;7;0;9;2;15;1
202300010120;155 662 621;1;0;2;1;1;5
202300010121;155 662 618;33;0;2;1;5;1
202300010121;155 662 619;7;0;2;6;15;2
202300010122;155 662 616;2;0;1;3;1;1
202300010123;155 662 615;1;0;2;1;1;5
202300010123;155 662 617;7;0;2;5;15;0
202300010124;155 662 611;7;0;2;1;26;1
202300010124;155 662 613;30;0;2;8;15;1
202300010125;155 662 610;32;0;2;1;1;1
202300010125;155 662 614;7;0;2;2;15;1
202300010126;155 662 609;7;0;2;3;2;1
202300010126;155 662 612;17;0;0;5;0;1
202300010127;155 662 608;10;0;1;1;15;1
202300010128;155 662 603;10;0;2;1;1;1
202300010128;155 662 605;7;0;2;3;0;2
202300010128;155 662 607;7;0;2;1;1;1
202300010129;155 662 602;2;0;2;1;1;1
202300010129;155 662 606;7;0;2;5;9;1
202300010130;155 662 600;10;0;2;1;26;1
202300010130;155 662 601;10;0;2;4;0;1
202300010131;155 662 595;7;0;2;1;1;0
202300010131;155 662 597;7;0;2;0;16;0
202300010132;155 662 593;7;0;2;4;2;1
202300010132;155 662 598;7;0;2;1;2;3
202300010132;155 662 599;7;0;2;1;2;1
202300010132;155 662 604;7;0;2;1;2;1
202300010133;155 662 592;50;0;2;8;1;3
202300010133;155 662 596;10;0;2;1;15;1
202300010134;155 662 591;7;0;2;1;2;2
202300010134;155 662 594;7;0;2;4;15;1
202300010135;155 662 589;7;16;0;1;14;1
202300010136;155 662 588;1;0;2;2;0;5
202300010136;155 662 590;10;0;2;2;21;1
202300010137;155 662 587;7;0;0;9;1;1
202300010138;155 662 585;7;7;0;3;1;1
202300010139;155 662 586;7;0;1;3;1;1
202300010140;155 662 582;10;0;2;3;15;1
202300010140;155 662 584;33;0;2;3;1;1
202300010141;155 662 581;7;0;0;6;2;1
202300010141;155 662 583;7;0;2;2;2;1
202300010142;155 662 579;10;0;2;3;15;1
202300010142;155 662 580;33;0;2;1;17;1
202300010143;155 662 578;0;0;1;0;0;0
202300010144;155 662 577;7;9;0;1;16;1
202300010145;155 662 575;43;12;0;1;1;1
202300010146;155 662 574;7;0;2;3;15;1
202300010146;155 662 576;43;0;0;7;17;1
202300010147;155 662 569;7;0;2;8;9;0
202300010147;155 662 573;7;0;2;1;1;1
202300010148;155 662 570;33;10;0;1;0;1
202300010149;155 662 568;7;0;2;5;1;2
202300010149;155 662 572;43;0;2;1;0;1
202300010150;155 662 566;10;0;2;1;2;1
202300010150;155 662 567;7;0;2;4;2;1
202300010150;155 662 571;7;0;0;4;2;1
202300010151;155 662 563;7;0;1;8;4;1
202300010152;155 662 562;31;0;2;8;1;1
202300010152;155 662 564;7;0;2;3;19;1
202300010153;155 662 560;7;0;1;5;19;1
202300010154;155 662 561;7;0;2;8;23;1
202300010154;155 662 565;7;0;2;2;1;1
202300010155;155 662 556;33;15;0;1;0;1
202300010156;155 662 552;7;12;0;3;16;2
202300010157;155 662 551;0;14;2;4;1;0
202300010157;155 662 554;7;0;2;4;0;1
202300010157;155 662 555;7;14;0;1;1;1
202300010157;155 662 557;7;14;0;1;1;1
202300010158;155 662 550;7;0;2;0;1;1
202300010158;155 662 553;14;0;0;8;1;1
202300010159;155 662 548;7;0;0;7;15;1
202300010159;155 662 549;33;0;2;1;1;1
202300010160;155 662 546;1;0;0;1;13;5
202300010161;155 662 544;33;0;2;1;1;1