Num_Acc;id_vehicule;categorie_vehicule;obstacle_fixe;obstacle_mobile;point_choc_initial;manoeuvre_principale;motorisation
202300010161;155 662 547;7;0;2;7;10;1
202300010162;155 662 543;2;0;2;1;5;1
202300010162;155 662 545;7;0;2;3;5;1
202300010163;155 662 541;99;0;2;1;1;1
202300010163;155 662 542;7;0;2;1;13;1
202300010164;155 662 538;31;0;2;3;1;0
202300010164;155 662 540;7;0;2;8;1;1
202300010165;155 662 537;15;2;0;1;26;1
202300010166;155 662 535;7;13;0;1;1;1
202300010167;155 662 534;7;1;2;4;2;1
202300010167;155 662 536;7;1;2;2;2;0
202300010167;155 662 539;7;1;2;5;2;1
202300010168;155 662 529;33;0;2;1;17;1
202300010168;155 662 533;7;0;2;6;15;1
202300010169;155 662 527;7;0;2;3;15;1
202300010169;155 662 531;2;0;2;3;1;1
202300010170;155 662 526;7;0;2;2;17;1
202300010170;155 662 530;7;0;2;3;1;1
202300010171;155 662 525;33;0;2;1;2;1
202300010171;155 662 528;7;0;0;4;2;1
202300010171;155 662 532;33;0;2;3;2;1
202300010172;155 662 519;31;0;1;1;17;1
202300010173;155 662 517;7;0;2;4;1;1
202300010173;155 662 521;7;0;2;1;1;1
202300010173;155 662 523;7;0;2;1;1;1
202300010174;155 662 518;7;0;2;1;1;1
202300010174;155 662 522;7;0;2;3;13;1
202300010174;155 662 524;7;0;2;1;1;1
202300010175;155 662 516;33;0;2;1;1;1
202300010175;155 662 520;7;0;2;8;16;1
202300010176;155 662 512;30;0;2;1;2;1
202300010176;155 662 514;7;0;0;5;1;1
202300010177;155 662 513;7;2;0;3;1;0
202300010178;155 662 511;7;0;2;1;2;1
202300010178;155 662 515;7;0;2;8;1;1
202300010179;155 662 510;7;4;0;9;1;1
202300010180;155 662 507;33;0;2;1;13;1
202300010180;155 662 509;7;0;2;1;1;1
202300010181;155 662 506;7;0;0;6;2;1
202300010181;155 662 508;2;1;0;2;17;1
202300010182;155 662 504;7;3;0;1;1;1
202300010183;155 662 505;7;2;0;1;1;1
202300010184;155 662 503;7;1;0;9;13;1
202300010185;155 662 498;7;0;0;4;23;1
202300010185;155 662 500;7;1;2;9;23;1
202300010185;155 662 502;7;1;2;1;1;1
202300010186;155 662 497;33;0;2;1;1;1
202300010186;155 662 501;7;0;0;5;0;1
202300010187;155 662 496;7;0;2;1;15;0
202300010187;155 662 499;34;0;2;1;1;0
202300010188;155 662 494;1;0;2;1;5;5
202300010188;155 662 495;7;0;9;2;16;1
202300010189;155 662 493;7;13;0;2;1;2
202300010190;155 662 490;33;13;0;0;14;1
202300010191;155 662 488;10;0;2;3;1;1
202300010191;155 662 489;33;0;2;3;17;1
202300010192;155 662 486;7;17;0;1;13;1
202300010193;155 662 485;33;0;2;8;1;1
202300010193;155 662 487;7;0;2;3;1;1
202300010194;155 662 482;7;2;0;1;1;1
202300010195;155 662 480;99;0;2;1;13;1
202300010195;155 662 483;31;0;2;1;21;1
202300010196;155 662 479;7;4;0;9;1;1
202300010197;155 662 475;7;0;2;5;5;0
202300010197;155 662 477;7;0;2;1;1;0
202300010198;155 662 474;7;0;2;4;0;1
202300010198;155 662 478;7;0;2;1;14;1
202300010198;155 662 481;7;0;2;4;0;0
202300010198;155 662 484;7;0;2;4;0;1
202300010198;155 662 491;7;0;2;4;0;0
202300010199;155 662 476;7;0;1;3;1;1
202300010200;155 662 473;7;13;0;1;1;0
202300010201;155 662 471;10;0;2;1;13;1
202300010201;155 662 472;7;0;2;1;1;1
202300010202;155 662 470;7;0;1;1;17;1
202300010203;155 662 468;7;7;0;1;0;1
202300010204;155 662 466;7;0;1;5;4;1
202300010205;155 662 467;7;8;2;1;1;1
202300010205;155 662 469;10;0;2;3;1;1
202300010206;155 662 465;7;0;1;3;15;1
202300010207;155 662 460;7;0;2;3;5;1
202300010207;155 662 463;7;0;2;8;5;1
202300010208;155 662 457;7;0;2;0;0;1
202300010208;155 662 459;50;0;2;1;25;3
202300010209;155 662 455;7;0;2;3;1;1
202300010209;155 662 462;10;0;2;2;1;1
202300010210;155 662 456;7;0;2;1;1;1
202300010210;155 662 458;7;0;2;4;15;1
202300010210;155 662 461;10;0;2;1;1;1
202300010210;155 662 464;7;0;2;1;1;1
202300010211;155 662 454;33;0;0;8;1;1
202300010212;155 662 448;33;0;6;1;1;1
202300010212;155 662 451;7;0;2;1;1;1
202300010213;155 662 449;7;0;2;3;26;1
202300010213;155 662 452;33;0;2;1;1;1
202300010214;155 662 450;7;0;2;2;14;1
202300010214;155 662 453;33;0;2;3;1;1
202300010215;155 662 445;7;0;2;3;1;1
202300010215;155 662 447;15;0;2;3;1;1
202300010216;155 662 443;2;0;2;1;5;1
202300010216;155 662 444;7;0;2;3;1;1
202300010217;155 662 440;7;3;0;2;14;1
202300010218;155 662 441;7;0;2;1;9;1
202300010218;155 662 446;7;0;2;7;1;1
202300010219;155 662 439;7;0;2;1;19;1
202300010219;155 662 442;80;0;2;8;15;3
202300010220;155 662 436;80;0;0;7;14;3
202300010221;155 662 438;7;13;0;0;1;1
202300010222;155 662 435;36;0;2;3;0;1
202300010222;155 662 437;7;0;2;3;21;1
202300010223;155 662 433;33;0;2;1;2;1
202300010223;155 662 434;7;0;2;1;9;1
202300010224;155 662 432;30;0;0;9;1;1
202300010225;155 662 431;32;7;0;2;1;1
202300010226;155 662 430;7;17;0;1;1;1
202300010227;155 662 428;33;0;0;8;1;1
202300010228;155 662 426;7;0;2;1;17;1
202300010228;155 662 429;7;0;2;1;1;1
202300010229;155 662 425;7;0;2;1;2;1
202300010229;155 662 427;7;3;0;4;2;1
202300010230;155 662 422;33;0;0;8;26;1
202300010231;155 662 421;7;0;2;1;1;1
202300010231;155 662 424;7;0;2;1;1;1
202300010232;155 662 420;7;0;2;3;1;1
202300010232;155 662 423;7;0;2;2;9;1
202300010233;155 662 419;7;0;1;4;20;1
202300010234;155 662 417;31;0;0;0;0;1
202300010235;155 662 414;7;0;2;3;20;1
202300010235;155 662 416;80;0;2;1;13;3
202300010236;155 662 413;7;0;2;7;15;1
202300010236;155 662 418;7;0;2;1;15;1
202300010237;155 662 411;33;0;0;9;1;1
202300010238;155 662 410;7;13;0;8;13;1
202300010239;155 662 408;7;13;0;2;1;1
202300010240;155 662 407;7;0;1;4;4;1
202300010241;155 662 404;32;0;0;8;1;1
202300010242;155 662 397;7;0;1;7;2;1
202300010243;155 662 400;7;0;9;8;1;1
202300010243;155 662 402;1;0;2;1;5;5
202300010244;155 662 395;7;0;2;1;1;1
202300010244;155 662 398;7;0;2;1;17;1
202300010245;155 662 394;7;0;2;1;1;1
202300010245;155 662 396;7;0;2;4;2;1
202300010245;155 662 399;7;0;2;4;2;1
202300010245;155 662 401;3;0;0;4;15;1
202300010246;155 662 391;33;0;2;1;7;1
202300010246;155 662 393;7;0;2;7;16;1
202300010247;155 662 390;33;2;0;1;1;1
202300010248;155 662 386;10;2;0;1;13;1
202300010249;155 662 385;10;0;2;3;1;1
202300010249;155 662 389;15;0;2;3;13;1
202300010249;155 662 392;7;0;2;7;1;2
202300010250;155 662 387;7;0;2;1;1;1
202300010250;155 662 388;43;0;1;0;1;1
202300010251;155 662 384;7;13;0;1;1;0
202300010252;155 662 382;7;0;2;1;13;1
202300010252;155 662 383;10;0;2;3;1;1
202300010253;155 662 381;7;13;0;1;1;1
202300010254;155 662 380;7;0;1;3;15;1
202300010255;155 662 378;34;0;2;1;1;1
202300010255;155 662 379;7;0;2;2;15;1
202300010256;155 662 376;0;0;2;0;2;0
202300010256;155 662 377;33;0;2;0;2;0
202300010257;155 662 374;7;16;0;1;26;0
202300010258;155 662 373;2;0;0;0;1;1
202300010259;155 662 372;7;0;2;4;26;0
202300010259;155 662 375;32;0;2;1;2;1
202300010260;155 662 370;33;0;2;1;1;1
202300010260;155 662 371;7;0;2;7;2;1
202300010261;155 662 369;7;13;0;0;13;1
202300010262;155 662 366;7;0;2;3;13;1
202300010262;155 662 368;7;0;2;3;1;1
202300010263;155 662 365;7;0;1;3;1;3
202300010264;155 662 364;7;2;0;2;11;1
202300010265;155 662 362;7;2;0;2;0;1
202300010266;155 662 363;50;0;2;7;1;3
202300010266;155 662 367;7;0;9;7;17;0
202300010267;155 662 361;7;0;0;0;2;1
202300010268;155 662 355;7;0;9;6;1;1
202300010268;155 662 359;50;0;2;9;1;3
202300010268;155 662 360;7;0;9;3;1;1
202300010269;155 662 354;2;0;2;0;0;0
202300010269;155 662 356;2;0;2;0;0;0
202300010270;155 662 353;31;0;2;1;1;1
202300010270;155 662 357;7;0;2;1;20;1
202300010271;155 662 351;2;0;0;0;0;0
202300010272;155 662 352;1;0;2;8;0;5
202300010272;155 662 358;7;0;2;1;1;1
202300010273;155 662 348;7;17;0;2;14;1
202300010274;155 662 345;1;0;0;0;1;5
202300010275;155 662 347;7;0;2;3;13;1
202300010275;155 662 350;7;0;2;8;1;3
202300010276;155 662 346;34;0;2;1;17;3
202300010276;155 662 349;7;0;2;3;9;1
202300010277;155 662 340;7;0;2;1;5;1
202300010277;155 662 344;7;0;2;1;1;1
202300010278;155 662 341;7;0;1;1;1;3
202300010279;155 662 339;31;0;2;1;3;1
202300010279;155 662 343;7;0;2;4;12;1
202300010280;155 662 338;38;0;1;2;10;1
202300010281;155 662 342;7;0;1;1;1;1
202300010282;155 662 335;7;0;2;8;11;2
202300010282;155 662 337;7;4;2;2;1;2
202300010283;155 662 333;2;13;0;0;1;1
202300010284;155 662 332;7;0;2;3;13;1
202300010284;155 662 336;7;0;0;2;23;1
202300010285;155 662 331;7;0;2;2;15;1
202300010285;155 662 334;33;0;2;9;1;1
202300010286;155 662 325;7;0;1;3;1;1
202300010287;155 662 323;33;0;2;1;21;1
202300010287;155 662 328;7;0;2;6;1;1
202300010287;155 662 330;10;0;2;7;1;1
202300010288;155 662 322;7;0;2;1;5;1
202300010288;155 662 327;7;0;2;1;1;1
202300010289;155 662 324;7;0;2;4;15;1
202300010289;155 662 329;31;0;2;1;2;1
202300010290;155 662 321;7;0;0;5;15;1
202300010290;155 662 326;33;0;2;1;2;1
202300010291;155 662 318;43;6;0;2;1;1
202300010292;155 662 319;7;0;1;1;1;0
202300010293;155 662 315;1;0;0;7;1;5
202300010294;155 662 314;10;0;2;2;12;1
202300010294;155 662 317;33;0;2;3;3;0
202300010294;155 662 320;7;0;2;4;1;1
202300010295;155 662 313;1;0;2;0;15;5
202300010295;155 662 316;7;0;2;3;15;1
202300010296;155 662 311;7;15;0;1;26;1
202300010297;155 662 308;10;0;2;2;0;1
202300010297;155 662 312;10;0;2;3;0;1
202300010298;155 662 307;33;0;2;4;2;1
202300010298;155 662 309;7;0;2;6;2;1
202300010299;155 662 306;2;0;2;8;1;1
202300010299;155 662 310;7;0;2;1;15;1
202300010300;155 662 303;7;0;0;3;0;1
202300010300;155 662 305;7;0;2;3;5;1
202300010301;155 662 301;7;0;2;1;1;1
202300010301;155 662 304;7;0;2;3;1;1
202300010302;155 662 300;80;8;0;0;2;3
202300010303;155 662 298;7;0;2;2;16;1
202300010303;155 662 302;50;0;2;1;5;3
202300010304;155 662 296;33;3;0;7;1;1
202300010305;155 662 297;7;0;0;2;0;0
202300010306;155 662 291;7;0;2;3;16;1
202300010306;155 662 295;7;0;2;1;1;1
202300010307;155 662 290;7;0;0;6;19;1
202300010307;155 662 294;33;0;2;3;1;1
202300010308;155 662 288;33;0;2;1;17;1
202300010308;155 662 292;7;0;2;6;13;1
202300010309;155 662 289;10;0;1;1;9;1
202300010310;155 662 285;7;13;0;1;1;1
202300010311;155 662 286;2;0;0;0;21;1
202300010312;155 662 284;7;3;0;2;1;1
202300010313;155 662 283;7;0;2;6;15;1
202300010313;155 662 287;2;0;2;2;1;1
202300010314;155 662 282;7;0;5;3;1;1
202300010315;155 662 278;7;0;2;1;9;1
202300010315;155 662 281;7;0;2;7;0;1
202300010316;155 662 277;99;1;0;8;0;1
202300010316;155 662 280;7;1;0;1;17;1
202300010317;155 662 273;2;0;0;8;2;1
202300010318;155 662 276;7;0;2;1;1;1
202300010318;155 662 279;7;0;2;1;16;1
202300010319;155 662 272;7;0;2;1;15;2
202300010319;155 662 275;31;0;2;2;3;1
202300010320;155 662 270;7;0;2;1;15;1
202300010320;155 662 274;33;0;2;1;1;1
202300010321;155 662 271;7;13;0;3;13;1
202300010322;155 662 269;43;0;0;0;1;1
202300010323;155 662 267;37;15;0;1;1;1
202300010324;155 662 266;7;8;2;1;19;1
202300010324;155 662 268;7;8;2;8;1;1
202300010325;155 662 264;7;9;0;1;1;1
202300010326;155 662 263;10;0;1;4;4;1
202300010327;155 662 262;7;0;2;5;15;1
202300010327;155 662 265;7;0;2;2;1;1
202300010328;155 662 259;7;0;2;1;1;0
202300010328;155 662 261;1;0;2;3;9;5
202300010329;155 662 257;1;0;2;1;13;5
202300010329;155 662 260;7;0;2;3;1;1
202300010330;155 662 256;7;0;0;9;14;1
202300010331;155 662 255;7;8;0;1;1;1
202300010332;155 662 254;7;0;2;0;0;1
202300010332;155 662 258;7;0;2;6;0;1
202300010333;155 662 251;7;0;1;1;1;1
202300010334;155 662 250;7;0;2;7;1;0
202300010334;155 662 253;30;0;2;1;5;0
202300010335;155 662 249;7;0;2;1;1;1
202300010335;155 662 252;2;0;2;4;23;1
202300010336;155 662 247;7;0;1;1;1;1
202300010337;155 662 243;33;0;2;3;5;1
202300010337;155 662 245;7;0;2;3;1;1
202300010338;155 662 242;2;0;2;1;1;1
202300010338;155 662 244;7;0;2;5;1;1
202300010339;155 662 234;33;0;0;8;17;1
202300010340;155 662 238;33;0;0;9;17;1
202300010340;155 662 241;10;0;0;3;10;1
202300010341;155 662 236;34;0;2;2;1;1
202300010341;155 662 240;7;0;2;3;26;1
202300010342;155 662 235;15;0;2;7;12;1
202300010342;155 662 239;7;0;2;8;1;1
202300010343;155 662 233;7;0;2;3;1;1
202300010343;155 662 237;7;0;2;3;1;2
202300010344;155 662 230;1;0;2;1;1;5
202300010344;155 662 232;1;0;2;4;1;5
202300010345;155 662 226;7;8;0;3;0;1
202300010346;155 662 228;50;0;1;1;1;3
202300010347;155 662 225;31;12;0;1;21;1
202300010348;155 662 224;7;0;2;3;13;1
202300010348;155 662 227;7;0;2;3;23;1
202300010349;155 662 223;7;0;2;8;9;1
202300010349;155 662 229;7;0;2;6;1;1
202300010349;155 662 231;15;0;2;5;1;1
202300010350;155 662 222;33;12;0;1;1;1
202300010351;155 662 220;2;6;0;8;13;1
202300010352;155 662 218;7;0;2;8;15;2
202300010352;155 662 221;2;0;2;2;17;1
202300010353;155 662 215;7;0;2;1;1;0
202300010353;155 662 219;7;0;2;2;15;0
202300010354;155 662 213;10;0;2;3;5;1
202300010354;155 662 217;50;0;2;1;1;3
202300010355;155 662 212;7;0;1;1;1;2
202300010356;155 662 214;7;0;2;7;12;1
202300010356;155 662 216;31;0;2;3;3;1
202300010357;155 662 211;7;0;1;1;1;0
202300010358;155 662 210;7;0;1;2;1;6
202300010359;155 662 207;7;0;2;3;1;1
202300010359;155 662 209;33;0;2;7;1;1
202300010360;155 662 204;7;0;1;2;1;0
202300010361;155 662 203;7;0;2;1;2;1
202300010361;155 662 208;50;0;2;4;1;3
202300010362;155 662 202;7;0;2;4;12;1
202300010362;155 662 206;33;0;2;1;3;1
202300010363;155 662 198;7;0;2;2;1;2
202300010363;155 662 201;33;0;2;8;9;1
202300010364;155 662 196;7;0;9;1;1;1
202300010364;155 662 199;1;0;2;4;2;5
202300010365;155 662 195;7;0;2;3;9;1
202300010365;155 662 200;7;0;2;8;1;1
202300010365;155 662 205;7;0;2;3;17;1
202300010366;155 662 194;7;2;0;2;14;1
202300010367;155 662 192;7;0;2;7;2;1
202300010367;155 662 197;7;0;2;6;2;1
202300010368;155 662 193;7;0;5;9;13;1
202300010369;155 662 191;43;12;0;1;26;1
202300010370;155 662 190;7;2;0;3;14;1
202300010371;155 662 186;7;0;2;1;15;1
202300010371;155 662 189;1;0;2;8;1;5
202300010372;155 662 184;17;0;2;2;14;1
202300010372;155 662 188;7;4;2;8;11;1
202300010373;155 662 183;7;0;2;7;0;1
202300010373;155 662 187;50;0;2;0;0;3
202300010374;155 662 181;13;0;2;1;2;1
202300010374;155 662 185;7;0;2;4;1;1
202300010375;155 662 180;31;12;0;1;1;0
202300010376;155 662 177;7;0;2;3;1;1
202300010376;155 662 182;10;0;2;3;13;1
202300010377;155 662 175;33;0;2;1;3;1
202300010377;155 662 178;7;0;0;4;11;1
202300010378;155 662 172;7;0;2;1;13;1
202300010378;155 662 179;7;0;2;7;21;0
202300010379;155 662 169;37;0;2;0;9;1
202300010379;155 662 174;33;0;2;1;0;1
202300010380;155 662 168;7;0;2;4;2;1
202300010380;155 662 173;7;0;2;1;2;3
202300010381;155 662 170;1;0;9;8;1;5
202300010381;155 662 176;7;0;9;8;1;1
202300010382;155 662 166;7;0;2;7;1;1
202300010382;155 662 171;1;0;2;1;1;5
202300010383;155 662 165;7;0;2;1;2;1
202300010383;155 662 167;10;0;2;4;2;3
202300010384;155 662 160;33;6;0;1;1;1
202300010385;155 662 157;10;0;2;6;1;1
202300010385;155 662 162;7;0;2;2;14;1
202300010386;155 662 159;33;0;2;1;7;1
202300010386;155 662 163;10;0;2;3;10;1
202300010387;155 662 158;10;0;0;4;23;1
202300010387;155 662 164;7;0;2;1;2;1
202300010388;155 662 155;14;0;2;4;2;1
202300010388;155 662 156;7;0;2;1;2;1
202300010389;155 662 154;7;0;2;1;1;0
202300010389;155 662 161;10;0;2;1;1;1
202300010390;155 662 149;33;0;2;1;1;1
202300010390;155 662 153;7;0;2;5;15;1
202300010391;155 662 146;7;0;2;4;1;1
202300010391;155 662 151;7;0;2;1;1;1
202300010392;155 662 145;7;0;2;4;23;1
202300010392;155 662 150;10;0;2;4;23;1
202300010392;155 662 152;10;0;2;1;1;1
202300010393;155 662 143;7;0;2;2;20;1
202300010393;155 662 147;43;0;2;3;1;1
202300010394;155 662 141;7;0;2;1;11;1
202300010394;155 662 144;7;0;2;4;23;3
202300010394;155 662 148;7;0;2;4;23;1
202300010395;155 662 137;7;2;0;3;1;1
202300010396;155 662 136;7;1;0;1;1;1
202300010397;155 662 134;7;0;2;0;9;1
202300010397;155 662 140;31;0;2;0;1;1
202300010398;155 662 129;7;0;2;4;1;1
202300010398;155 662 132;7;0;2;4;2;1
202300010398;155 662 135;7;0;2;4;2;1
202300010398;155 662 138;7;0;2;1;2;1
202300010399;155 662 127;7;0;2;3;15;1
202300010399;155 662 139;33;0;2;1;1;1
202300010399;155 662 142;7;0;2;1;1;1
202300010400;155 662 125;10;0;2;1;2;1
202300010400;155 662 128;10;0;2;4;2;1
202300010400;155 662 133;10;0;2;4;2;1
202300010401;155 662 122;7;0;2;8;1;1
202300010401;155 662 126;7;0;2;8;1;1
202300010401;155 662 131;7;2;2;9;17;1
202300010402;155 662 124;33;0;2;1;1;0
202300010402;155 662 130;7;9;0;7;6;1
202300010403;155 662 119;7;0;2;7;12;1
202300010403;155 662 121;33;0;2;1;1;1
202300010404;155 662 120;7;0;2;3;9;1
202300010404;155 662 123;1;0;2;1;1;0
202300010405;155 662 113;7;0;2;1;2;1
202300010405;155 662 115;7;0;2;4;2;1
202300010406;155 662 111;7;0;2;2;15;0
202300010406;155 662 116;7;0;2;1;0;0
202300010407;155 662 107;7;0;2;7;2;1
202300010407;155 662 110;7;0;2;4;2;1
202300010407;155 662 117;7;0;2;1;2;1
202300010408;155 662 112;7;0;2;2;15;1
202300010408;155 662 118;33;0;2;1;1;1
202300010409;155 662 103;7;0;2;4;2;2
202300010409;155 662 105;7;0;2;4;2;1
202300010409;155 662 109;7;0;2;4;2;1
202300010409;155 662 114;7;0;2;1;2;1
202300010410;155 662 102;7;0;1;1;1;1
202300010411;155 662 100;7;0;2;8;1;1
202300010411;155 662 101;14;0;2;2;12;1
202300010412;155 662 097;7;0;2;1;1;1
202300010412;155 662 104;7;0;2;1;13;1
202300010413;155 662 095;7;0;2;1;13;1
202300010413;155 662 098;7;0;2;3;1;1
202300010414;155 662 094;7;0;2;1;2;0
202300010414;155 662 096;7;0;2;4;2;0
202300010415;155 662 092;7;0;2;6;9;1
202300010415;155 662 099;7;0;2;1;9;1
202300010416;155 662 090;7;0;1;3;21;1
202300010417;155 662 089;32;0;2;7;1;1
202300010417;155 662 093;10;0;2;5;4;1
202300010418;155 662 088;10;0;2;1;1;4
202300010418;155 662 091;7;0;2;4;14;1
202300010419;155 662 085;7;0;2;1;2;0
202300010419;155 662 087;7;0;2;4;2;0
202300010420;155 662 081;7;0;1;8;15;1
202300010421;155 662 083;7;0;2;3;15;1
202300010421;155 662 086;33;0;2;2;17;1
202300010422;155 662 078;7;0;2;1;13;1
202300010422;155 662 084;7;0;2;1;1;1
202300010423;155 662 080;50;0;2;1;5;3
202300010423;155 662 082;7;0;2;2;9;1
202300010424;155 662 075;7;0;2;2;2;1
202300010424;155 662 077;7;0;2;6;1;3
202300010425;155 662 073;7;0;2;1;2;1
202300010425;155 662 076;10;0;2;4;2;1
202300010425;155 662 079;10;0;2;4;2;1
202300010426;155 662 072;10;2;0;1;1;1
202300010427;155 662 071;7;2;0;1;1;1
202300010428;155 662 070;7;0;2;1;1;6
202300010428;155 662 074;7;0;2;1;15;0
202300010429;155 662 064;7;0;1;1;2;1
202300010430;155 662 066;99;0;2;8;19;1
202300010430;155 662 068;7;0;2;1;9;1
202300010431;155 662 063;7;0;2;4;2;0
202300010431;155 662 067;7;0;2;1;1;0
202300010431;155 662 069;7;0;2;1;1;0
202300010432;155 662 062;33;0;2;2;3;1
202300010432;155 662 065;7;0;2;6;11;0
202300010433;155 662 060;7;0;1;3;26;1
202300010434;155 662 058;7;4;0;2;2;1
202300010435;155 662 056;7;0;2;1;13;1
202300010435;155 662 061;33;0;0;8;15;1
202300010436;155 662 055;7;0;2;1;1;1
202300010436;155 662 059;7;0;2;7;13;1
202300010437;155 662 052;10;0;2;1;1;1
202300010437;155 662 057;7;0;2;1;11;1
202300010438;155 662 051;7;0;2;1;1;1
202300010438;155 662 054;7;0;2;4;1;1
202300010439;155 662 049;1;0;2;7;1;5
202300010439;155 662 053;10;0;2;1;15;1
202300010440;155 662 048;7;13;0;2;1;1
202300010441;155 662 047;33;0;2;1;2;1
202300010441;155 662 050;10;0;2;4;11;1
202300010442;155 662 046;2;12;0;1;2;1
202300010443;155 662 042;7;13;0;1;1;1
202300010444;155 662 040;33;0;2;5;26;0
202300010444;155 662 044;7;0;2;3;0;1
202300010445;155 662 039;7;0;1;1;1;1
202300010446;155 662 037;10;0;2;1;2;1
202300010446;155 662 041;7;0;2;4;2;1
202300010447;155 662 035;7;0;0;1;21;1
202300010447;155 662 038;7;0;0;2;21;1
202300010448;155 662 032;7;0;2;3;13;1
202300010448;155 662 034;7;0;2;3;1;1
202300010449;155 662 033;32;0;2;1;3;1
202300010449;155 662 036;7;0;2;1;9;1
202300010450;155 662 030;7;0;1;1;1;1
202300010451;155 662 029;99;0;2;8;22;1
202300010451;155 662 031;30;0;2;2;17;3
202300010452;155 662 028;7;0;1;4;26;1
202300010453;155 662 027;7;13;0;2;1;1
202300010454;155 662 026;7;6;0;1;19;1
202300010455;155 662 024;33;5;0;8;1;1
202300010456;155 662 021;10;0;2;8;11;1
202300010456;155 662 023;33;0;2;7;2;1
202300010457;155 662 020;7;0;2;3;15;1
202300010457;155 662 025;7;0;2;2;1;1
202300010458;155 662 018;7;0;2;3;15;1
202300010458;155 662 022;30;0;2;1;1;1
202300010459;155 662 014;1;10;0;4;2;5
202300010460;155 662 013;7;0;2;3;11;1
202300010460;155 662 015;33;0;2;2;1;1
202300010461;155 662 011;7;0;2;5;17;1
202300010461;155 662 019;7;0;2;3;1;1
202300010462;155 662 012;37;0;2;1;1;2
202300010462;155 662 017;30;0;2;1;1;1
202300010463;155 662 010;10;0;1;1;15;1
202300010464;155 662 009;7;0;2;3;15;2
202300010464;155 662 016;7;0;2;1;15;1
202300010465;155 662 003;7;0;2;1;1;1
202300010465;155 662 007;7;0;2;4;1;1
202300010466;155 662 002;7;0;1;1;1;1
202300010467;155 662 008;33;3;0;0;0;1
202300010468;155 662 000;7;0;0;3;0;1
202300010468;155 662 006;7;0;2;1;1;1
202300010469;155 662 001;7;0;2;1;16;1
202300010469;155 662 004;7;0;2;8;15;1
202300010470;155 661 999;33;0;2;1;13;1
202300010470;155 662 005;7;0;2;3;15;1
202300010471;155 661 996;31;0;2;1;3;1
202300010471;155 661 998;10;0;2;4;1;1
202300010472;155 661 993;7;0;2;8;15;1
202300010472;155 661 997;2;0;2;1;1;1
202300010473;155 661 991;7;10;0;2;14;1
202300010473;155 661 994;21;0;0;0;1;0
202300010474;155 661 988;2;0;2;8;15;1
202300010474;155 661 995;10;0;2;2;1;1
202300010475;155 661 990;50;0;1;1;25;3
202300010476;155 661 987;80;0;2;1;1;3
202300010476;155 661 992;7;0;2;8;1;1
202300010477;155 661 982;7;0;2;2;1;1
202300010477;155 661 986;7;0;2;6;20;1
202300010478;155 661 981;2;0;2;1;1;1
202300010478;155 661 984;2;0;2;1;13;1
202300010479;155 661 980;7;0;2;1;1;1
202300010479;155 661 983;7;0;2;4;1;1
202300010479;155 661 985;7;0;2;4;1;1
202300010479;155 661 989;7;0;2;4;1;1
202300010480;155 661 979;7;0;0;1;2;1
202300010481;155 661 975;7;0;2;4;20;1
202300010481;155 661 978;7;0;2;1;2;1
202300010482;155 661 973;37;0;1;0;26;1
202300010483;155 661 972;7;4;2;8;0;1
202300010483;155 661 974;7;4;2;7;26;1
202300010484;155 661 971;21;0;2;1;16;1
202300010484;155 661 977;33;0;2;8;17;1
202300010485;155 661 970;2;15;0;8;26;1
202300010486;155 661 965;7;14;2;1;26;1
202300010486;155 661 969;7;0;2;3;26;6
202300010487;155 661 963;1;14;2;7;26;5
202300010487;155 661 968;10;14;2;1;9;0
202300010488;155 661 964;7;0;2;7;2;0
202300010488;155 661 967;2;0;2;8;2;1
202300010489;155 661 962;7;0;2;4;12;1
202300010489;155 661 966;34;0;2;1;3;1
202300010490;155 661 961;33;0;0;8;26;1
202300010491;155 661 956;7;15;0;1;1;1
202300010492;155 661 954;7;4;2;1;2;1
202300010492;155 661 957;14;4;2;4;2;1
202300010493;155 661 955;50;0;2;1;19;3
202300010494;155 661 951;2;0;2;7;17;1
202300010494;155 661 952;10;0;2;3;15;1
202300010495;155 661 945;7;14;0;1;2;1
202300010496;155 661 948;43;0;2;2;3;1
202300010496;155 661 949;33;0;2;3;2;1
202300010496;155 661 953;7;0;2;7;2;1
202300010496;155 661 958;7;0;2;7;2;1
202300010497;155 661 947;7;0;2;2;20;1
202300010497;155 661 950;33;0;2;1;2;1
202300010498;155 661 942;2;0;2;1;1;1
202300010498;155 661 946;7;0;2;7;15;0
202300010499;155 661 940;33;0;2;1;13;1
202300010499;155 661 943;34;0;2;1;1;1
202300010500;155 661 941;33;0;2;2;1;1
202300010500;155 661 944;7;0;2;2;15;1
202300010501;155 661 937;7;3;2;3;1;1
202300010501;155 661 939;7;3;2;8;1;1
202300010502;155 661 935;33;0;6;1;2;1
202300010503;155 661 934;7;0;1;1;2;1
202300010504;155 661 936;7;0;2;1;2;1
202300010504;155 661 938;7;0;2;4;2;1
202300010505;155 661 933;7;13;0;2;14;1
202300010506;155 661 932;7;14;0;1;16;1
202300010507;155 661 931;7;0;1;2;12;0
202300010508;155 661 929;7;13;0;3;0;1
202300010509;155 661 930;7;6;0;1;13;1
202300010510;155 661 925;7;0;2;1;15;1
202300010510;155 661 927;33;0;2;3;1;1