Num_Acc;id_vehicule;categorie_vehicule;obstacle_fixe;obstacle_mobile;point_choc_initial;manoeuvre_principale;motorisation
202300010511;155 661 924;7;0;2;4;2;1
202300010511;155 661 926;7;0;2;1;2;1
202300010512;155 661 923;32;0;2;1;1;1
202300010512;155 661 928;33;0;2;4;16;1
202300010513;155 661 920;7;0;1;1;15;1
202300010514;155 661 921;33;6;0;1;14;6
202300010515;155 661 917;7;0;2;6;12;1
202300010515;155 661 918;33;0;2;2;3;1
202300010516;155 661 919;7;12;0;1;1;1
202300010517;155 661 913;7;0;2;1;23;1
202300010517;155 661 916;7;0;1;1;13;1
202300010517;155 661 922;7;0;0;3;23;1
202300010518;155 661 911;7;0;2;0;10;1
202300010518;155 661 915;33;0;2;1;1;1
202300010519;155 661 907;33;0;2;1;3;1
202300010519;155 661 912;7;0;2;4;11;1
202300010520;155 661 909;7;0;2;5;15;0
202300010520;155 661 914;1;0;2;1;1;5
202300010521;155 661 905;7;0;2;1;1;1
202300010521;155 661 908;7;0;2;7;15;1
202300010522;155 661 906;50;0;2;3;1;3
202300010522;155 661 910;7;0;2;3;1;0
202300010523;155 661 902;7;0;1;4;4;1
202300010524;155 661 897;1;0;6;5;26;5
202300010525;155 661 896;7;0;2;4;2;1
202300010525;155 661 900;7;0;2;4;2;1
202300010525;155 661 903;7;0;2;1;2;1
202300010526;155 661 894;7;0;2;1;0;1
202300010526;155 661 899;7;0;2;8;1;1
202300010527;155 661 895;7;0;2;8;10;1
202300010527;155 661 898;30;0;2;1;1;1
202300010528;155 661 893;7;0;2;3;17;1
202300010528;155 661 901;7;0;2;3;1;1
202300010529;155 661 891;33;0;0;8;17;1
202300010530;155 661 890;15;15;2;7;26;1
202300010530;155 661 892;7;0;2;7;1;1
202300010531;155 661 888;7;0;2;3;1;1
202300010531;155 661 889;7;0;2;4;1;1
202300010532;155 661 886;7;0;1;1;1;1
202300010533;155 661 884;33;0;0;8;1;1
202300010534;155 661 887;7;0;1;1;1;0
202300010535;155 661 883;7;0;2;7;19;1
202300010535;155 661 885;10;0;2;1;1;1
202300010536;155 661 879;7;0;2;3;1;1
202300010536;155 661 882;7;4;2;1;12;1
202300010537;155 661 880;7;13;0;9;0;1
202300010538;155 661 877;7;0;2;3;10;1
202300010538;155 661 881;33;0;2;1;1;1
202300010539;155 661 874;34;0;2;1;17;1
202300010539;155 661 876;1;0;2;4;15;5
202300010540;155 661 871;7;1;2;9;26;1
202300010541;155 661 872;7;13;0;2;1;1
202300010542;155 661 868;33;0;2;1;3;1
202300010542;155 661 870;7;0;2;4;1;1
202300010542;155 661 873;7;0;2;4;1;1
202300010543;155 661 866;7;0;2;8;1;1
202300010543;155 661 869;10;0;2;1;1;1
202300010544;155 661 865;7;0;2;1;26;1
202300010544;155 661 867;7;0;0;4;1;1
202300010545;155 661 863;32;1;0;1;1;1
202300010546;155 661 859;33;0;2;7;1;1
202300010546;155 661 862;7;0;2;2;15;1
202300010547;155 661 860;50;0;2;1;1;3
202300010547;155 661 864;7;0;2;2;1;1
202300010548;155 661 855;7;2;0;0;1;1
202300010549;155 661 856;7;1;0;1;26;1
202300010549;155 661 858;7;0;2;4;24;1
202300010550;155 661 853;7;15;0;1;14;1
202300010551;155 661 854;7;0;2;4;1;1
202300010551;155 661 861;7;0;2;1;2;1
202300010552;155 661 852;60;0;2;1;19;5
202300010552;155 661 857;7;0;2;2;1;1
202300010553;155 661 849;1;0;2;3;15;5
202300010553;155 661 851;7;0;2;2;1;1
202300010554;155 661 847;10;8;0;2;1;1
202300010555;155 661 846;1;0;2;4;2;5
202300010555;155 661 850;33;0;9;1;2;1
202300010556;155 661 845;7;0;2;6;11;1
202300010556;155 661 848;43;0;2;2;1;1
202300010557;155 661 842;7;0;2;3;1;1
202300010557;155 661 843;7;0;2;3;1;1
202300010558;155 661 840;7;0;2;1;1;1
202300010558;155 661 844;7;0;2;1;1;1
202300010559;155 661 835;7;0;2;3;15;1
202300010559;155 661 839;32;0;2;7;17;1
202300010560;155 661 834;10;0;2;5;14;1
202300010560;155 661 837;33;0;2;1;3;1
202300010561;155 661 836;7;0;2;1;15;1
202300010561;155 661 841;33;0;2;1;1;1
202300010562;155 661 828;7;2;2;2;2;1
202300010562;155 661 830;1;0;2;8;2;5
202300010563;155 661 825;7;0;2;1;1;1
202300010563;155 661 829;10;0;2;4;1;1
202300010564;155 661 826;10;0;2;3;1;1
202300010564;155 661 832;10;0;2;3;13;1
202300010565;155 661 823;10;0;2;1;9;1
202300010565;155 661 827;7;0;2;7;2;1
202300010566;155 661 824;50;0;1;1;1;3
202300010567;155 661 822;7;0;1;6;4;1
202300010568;155 661 819;2;0;2;8;17;1
202300010568;155 661 821;7;0;2;1;16;1
202300010569;155 661 818;7;0;2;8;1;1
202300010569;155 661 820;15;0;2;2;12;1
202300010570;155 661 817;7;8;0;5;26;1
202300010571;155 661 815;7;0;1;8;17;1
202300010572;155 661 810;7;0;2;1;2;1
202300010572;155 661 814;7;0;2;4;2;1
202300010573;155 661 811;7;0;2;3;15;1
202300010573;155 661 816;1;0;2;2;5;5
202300010574;155 661 807;7;0;2;3;13;1
202300010574;155 661 812;7;0;2;3;1;1
202300010575;155 661 806;33;0;2;1;3;1
202300010575;155 661 809;10;0;2;0;12;1
202300010575;155 661 813;7;0;2;6;1;1
202300010576;155 661 803;30;12;0;8;1;1
202300010577;155 661 804;33;0;2;7;17;1
202300010577;155 661 808;7;0;2;8;15;1
202300010578;155 661 801;7;0;2;3;10;1
202300010578;155 661 805;43;0;2;1;1;1
202300010579;155 661 802;31;12;2;7;14;3
202300010580;155 661 797;7;0;2;3;18;1
202300010580;155 661 799;7;3;2;2;12;1
202300010581;155 661 796;7;0;0;6;15;1
202300010581;155 661 798;33;0;2;1;17;1
202300010581;155 661 800;33;0;2;1;17;1
202300010582;155 661 794;31;12;0;1;1;1
202300010583;155 661 791;13;0;2;7;16;1
202300010583;155 661 795;50;0;2;1;25;3
202300010584;155 661 787;43;0;2;1;12;1
202300010584;155 661 792;7;0;2;4;1;1
202300010585;155 661 790;7;0;2;2;16;1
202300010585;155 661 793;80;0;2;3;1;3
202300010586;155 661 786;7;0;2;8;10;1
202300010586;155 661 789;7;0;2;1;1;1
202300010587;155 661 784;15;0;2;6;1;0
202300010587;155 661 788;7;0;2;3;1;0
202300010588;155 661 779;7;16;0;0;1;1
202300010589;155 661 780;33;0;0;0;1;1
202300010590;155 661 778;99;0;2;0;0;3
202300010590;155 661 781;7;0;2;0;9;1
202300010590;155 661 783;7;0;2;0;0;1
202300010591;155 661 782;2;0;2;1;13;1
202300010591;155 661 785;7;0;2;3;1;1
202300010592;155 661 777;7;0;1;2;0;1
202300010593;155 661 775;21;13;0;9;15;1
202300010594;155 661 774;7;1;0;7;14;3
202300010595;155 661 770;7;0;2;3;13;1
202300010595;155 661 772;13;13;2;8;1;1
202300010595;155 661 776;10;8;2;8;1;1
202300010596;155 661 768;10;0;2;0;15;1
202300010596;155 661 773;7;0;2;1;21;2
202300010597;155 661 765;7;1;0;2;14;2
202300010598;155 661 766;33;0;2;1;1;1
202300010598;155 661 771;10;0;2;3;13;1
202300010599;155 661 764;7;0;2;1;1;1
202300010599;155 661 769;2;0;2;4;1;1
202300010600;155 661 763;2;0;2;0;16;1
202300010600;155 661 767;2;0;2;0;12;1
202300010601;155 661 759;7;0;2;1;1;1
202300010601;155 661 762;33;0;2;1;17;1
202300010602;155 661 758;7;8;0;1;2;1
202300010603;155 661 753;2;0;2;1;1;1
202300010603;155 661 756;50;0;2;4;2;3
202300010604;155 661 752;34;0;2;7;1;1
202300010604;155 661 761;10;0;2;1;1;1
202300010605;155 661 754;1;0;2;2;1;5
202300010605;155 661 757;1;0;2;1;0;5
202300010606;155 661 750;17;0;0;2;2;1
202300010606;155 661 751;1;0;0;4;2;5
202300010607;155 661 748;33;13;0;1;1;1
202300010608;155 661 746;10;0;2;5;24;0
202300010608;155 661 749;7;1;1;1;21;0
202300010609;155 661 745;7;6;1;2;1;2
202300010610;155 661 742;10;0;2;3;13;0
202300010610;155 661 744;33;0;2;3;1;1
202300010611;155 661 741;7;0;2;2;1;1
202300010611;155 661 747;33;0;2;8;1;1
202300010612;155 661 739;10;0;2;1;2;0
202300010612;155 661 743;7;0;0;0;0;0
202300010613;155 661 736;14;0;2;1;23;1
202300010613;155 661 740;7;0;2;1;13;1
202300010614;155 661 734;10;0;2;3;1;1
202300010614;155 661 738;7;0;2;3;13;1
202300010615;155 661 732;7;0;2;6;15;1
202300010615;155 661 737;1;0;2;1;1;5
202300010616;155 661 730;7;0;2;3;0;1
202300010616;155 661 733;33;0;2;3;0;1
202300010617;155 661 731;1;0;2;0;1;5
202300010617;155 661 735;7;0;2;8;22;1
202300010618;155 661 729;7;0;1;6;20;0
202300010619;155 661 728;7;0;1;1;26;1
202300010620;155 661 727;38;2;0;7;16;1
202300010621;155 661 721;7;0;0;3;1;0
202300010621;155 661 726;7;0;0;3;1;0
202300010622;155 661 722;7;0;2;1;5;0
202300010622;155 661 725;7;0;2;1;1;1
202300010623;155 661 719;7;0;2;5;22;1
202300010623;155 661 723;1;1;0;1;1;5
202300010624;155 661 720;7;0;2;3;2;1
202300010624;155 661 724;7;0;2;5;23;1
202300010625;155 661 718;7;0;1;5;23;1
202300010626;155 661 717;2;7;0;3;26;0
202300010627;155 661 714;7;0;9;1;1;0
202300010627;155 661 716;1;0;0;4;1;5
202300010628;155 661 713;10;0;1;1;1;0
202300010629;155 661 711;33;0;2;1;12;1
202300010629;155 661 715;17;0;0;6;2;0
202300010630;155 661 712;10;0;1;2;0;1
202300010631;155 661 707;7;0;1;2;21;1
202300010632;155 661 708;7;0;2;5;16;1
202300010632;155 661 709;1;0;2;1;1;5
202300010633;155 661 705;33;0;2;8;16;1
202300010633;155 661 710;7;0;2;7;14;1
202300010634;155 661 706;33;14;0;8;1;1
202300010635;155 661 703;7;1;0;3;1;1
202300010635;155 661 704;17;0;0;0;24;1
202300010636;155 661 699;10;0;2;1;26;1
202300010636;155 661 702;1;0;2;0;0;5
202300010637;155 661 697;7;0;2;4;26;1
202300010637;155 661 700;30;0;2;4;26;1
202300010638;155 661 696;32;0;2;2;1;1
202300010638;155 661 701;7;0;2;3;13;1
202300010639;155 661 694;1;1;2;7;1;5
202300010639;155 661 698;10;0;2;4;4;1
202300010640;155 661 692;7;0;2;8;1;1
202300010640;155 661 695;7;0;2;1;1;1
202300010641;155 661 693;7;4;0;2;14;1
202300010642;155 661 687;10;0;2;1;2;1
202300010642;155 661 690;7;0;2;4;23;1
202300010643;155 661 688;1;0;2;7;1;5
202300010643;155 661 691;7;0;2;1;9;1
202300010644;155 661 683;7;0;2;3;10;1
202300010644;155 661 686;33;1;2;1;2;1
202300010644;155 661 689;7;0;2;3;23;1
202300010645;155 661 682;7;0;1;4;4;1
202300010646;155 661 681;7;14;2;2;1;1
202300010646;155 661 685;7;0;2;3;9;1
202300010647;155 661 679;34;0;0;1;9;1
202300010648;155 661 676;80;0;2;7;19;3
202300010648;155 661 680;7;0;2;3;1;1
202300010649;155 661 678;7;5;2;0;0;0
202300010649;155 661 684;7;5;2;0;0;0
202300010650;155 661 674;10;0;1;1;16;1
202300010651;155 661 673;3;0;2;3;26;1
202300010651;155 661 675;50;0;0;0;0;3
202300010652;155 661 668;7;0;2;4;26;1
202300010652;155 661 670;1;0;2;1;2;5
202300010653;155 661 665;50;0;0;8;1;3
202300010653;155 661 672;7;0;9;3;1;1
202300010654;155 661 663;7;1;0;0;0;1
202300010654;155 661 671;32;1;0;3;16;0
202300010655;155 661 664;7;0;2;1;2;1
202300010655;155 661 669;7;0;0;4;1;1
202300010656;155 661 662;2;0;2;1;1;1
202300010656;155 661 667;10;0;2;8;10;1
202300010657;155 661 661;10;0;2;2;2;1
202300010657;155 661 666;3;0;2;3;2;1
202300010658;155 661 657;7;0;2;3;13;1
202300010658;155 661 660;7;0;2;3;1;1
202300010659;155 661 658;7;0;1;3;12;0
202300010660;155 661 655;40;0;2;3;1;3
202300010660;155 661 659;1;0;4;3;17;5
202300010661;155 661 650;30;0;2;1;3;1
202300010661;155 661 654;7;0;2;2;1;1
202300010661;155 661 656;7;0;2;8;0;1
202300010662;155 661 647;7;0;2;1;1;1
202300010662;155 661 652;7;0;2;2;15;1
202300010663;155 661 649;33;0;2;6;1;1
202300010663;155 661 653;7;0;2;2;14;1
202300010664;155 661 644;7;0;4;3;15;1
202300010664;155 661 646;40;0;2;2;1;3
202300010665;155 661 642;7;6;0;3;1;1
202300010666;155 661 643;7;0;2;3;1;1
202300010666;155 661 645;32;0;2;2;19;1
202300010667;155 661 640;3;0;0;1;0;
202300010668;155 661 639;7;0;1;1;1;1
202300010669;155 661 638;1;0;1;1;1;5
202300010670;155 661 637;2;0;2;1;1;1
202300010670;155 661 641;7;0;2;3;1;1
202300010671;155 661 633;7;0;2;1;1;1
202300010671;155 661 635;7;0;2;1;1;1
202300010672;155 661 632;7;0;2;3;13;1
202300010672;155 661 636;7;0;2;3;1;1
202300010673;155 661 628;1;0;0;8;26;5
202300010673;155 661 634;30;0;0;1;1;1
202300010674;155 661 631;32;1;0;4;1;0
202300010675;155 661 627;7;13;0;2;1;1
202300010676;155 661 625;7;0;2;1;2;1
202300010676;155 661 630;7;0;2;4;2;1
202300010677;155 661 623;7;0;2;3;1;1
202300010677;155 661 626;7;0;2;3;13;1
202300010678;155 661 622;2;0;2;1;21;1
202300010678;155 661 629;7;0;2;3;1;1
202300010679;155 661 621;32;0;2;2;13;0
202300010679;155 661 624;7;0;2;2;1;0
202300010680;155 661 620;50;0;0;0;25;3
202300010681;155 661 617;7;0;1;2;1;1
202300010682;155 661 615;7;0;0;8;0;0
202300010682;155 661 618;32;0;2;1;1;0
202300010683;155 661 611;2;0;2;1;17;0
202300010683;155 661 616;10;0;0;8;26;0
202300010684;155 661 610;30;0;2;1;1;1
202300010684;155 661 614;32;0;2;1;13;1
202300010685;155 661 608;7;0;2;3;13;1
202300010685;155 661 612;7;8;2;8;1;0
202300010685;155 661 619;10;0;2;1;1;1
202300010686;155 661 607;33;3;5;1;21;1
202300010687;155 661 606;7;0;2;2;1;1
202300010687;155 661 613;30;0;2;3;3;1
202300010688;155 661 605;7;0;2;1;1;1
202300010688;155 661 609;7;0;2;4;1;1
202300010689;155 661 603;2;0;0;7;1;1
202300010690;155 661 602;2;0;2;8;18;1
202300010690;155 661 604;7;0;2;2;16;1
202300010691;155 661 598;7;2;0;1;1;1
202300010692;155 661 597;80;0;2;1;1;3
202300010692;155 661 600;7;0;2;7;20;1
202300010693;155 661 601;10;8;1;2;14;1
202300010694;155 661 595;7;0;0;9;21;1
202300010695;155 661 596;0;0;0;0;0;0
202300010695;155 661 599;2;0;0;0;0;1
202300010696;155 661 592;34;0;2;7;0;1
202300010696;155 661 594;7;0;2;1;9;1
202300010697;155 661 589;50;16;0;0;1;3
202300010698;155 661 587;7;6;0;8;0;1
202300010699;155 661 588;7;0;0;2;15;1
202300010699;155 661 593;7;0;2;1;1;1
202300010700;155 661 586;7;0;2;7;17;1
202300010700;155 661 590;30;0;2;8;1;1
202300010701;155 661 583;10;0;2;3;2;1
202300010701;155 661 585;7;0;2;4;1;1
202300010701;155 661 591;7;0;2;1;2;1
202300010702;155 661 582;7;0;2;1;15;1
202300010702;155 661 584;32;0;2;1;2;1
202300010703;155 661 581;7;1;0;1;13;1
202300010704;155 661 580;33;0;0;0;15;1
202300010705;155 661 577;7;0;1;2;23;2
202300010706;155 661 575;7;0;0;0;0;2
202300010707;155 661 578;7;13;0;1;1;1
202300010708;155 661 574;7;0;2;1;5;1
202300010708;155 661 579;7;0;2;1;1;1
202300010709;155 661 572;1;0;2;1;9;5
202300010709;155 661 576;7;0;2;8;9;0
202300010710;155 661 571;7;0;2;1;1;1
202300010710;155 661 573;15;0;2;4;1;1
202300010711;155 661 569;7;2;0;3;13;1
202300010712;155 661 568;7;15;0;1;13;1
202300010713;155 661 570;7;0;1;1;15;1
202300010714;155 661 564;10;0;0;9;14;1
202300010715;155 661 563;7;0;2;1;2;1
202300010715;155 661 566;7;0;2;4;1;1
202300010716;155 661 562;7;0;2;2;15;1
202300010716;155 661 565;33;0;2;1;1;1
202300010717;155 661 560;7;16;0;9;13;1
202300010718;155 661 559;7;0;0;3;17;1
202300010718;155 661 567;7;0;0;3;1;1
202300010719;155 661 558;30;0;2;1;1;3
202300010719;155 661 561;7;0;2;3;15;1
202300010720;155 661 553;3;0;2;3;16;1
202300010720;155 661 557;7;0;2;2;1;1
202300010721;155 661 552;7;0;2;3;16;1
202300010721;155 661 556;1;0;2;7;1;5
202300010722;155 661 550;33;0;1;1;0;1
202300010723;155 661 548;7;0;2;1;0;1
202300010723;155 661 551;7;0;2;4;0;1
202300010723;155 661 555;7;0;2;0;0;1
202300010724;155 661 549;7;0;2;4;15;1
202300010724;155 661 554;33;0;2;1;1;1
202300010725;155 661 545;7;0;9;4;10;0
202300010725;155 661 547;50;0;2;4;1;3
202300010726;155 661 543;7;0;1;2;1;1
202300010727;155 661 540;33;12;0;1;1;1
202300010728;155 661 538;7;3;2;1;12;1
202300010728;155 661 541;7;0;0;4;1;1
202300010729;155 661 537;7;0;2;2;15;1
202300010729;155 661 542;33;0;2;8;1;1
202300010730;155 661 532;10;3;2;1;1;1
202300010730;155 661 536;7;0;0;4;2;1
202300010730;155 661 539;7;0;0;4;2;1
202300010730;155 661 544;7;0;0;4;2;1
202300010730;155 661 546;7;0;0;4;2;1
202300010731;155 661 531;7;16;0;9;13;1
202300010732;155 661 529;7;13;0;1;14;1
202300010733;155 661 530;33;0;2;0;26;1
202300010733;155 661 534;7;0;2;0;23;1
202300010734;155 661 526;7;0;2;1;11;1
202300010734;155 661 528;7;0;2;4;1;1
202300010734;155 661 533;7;0;2;2;1;1
202300010734;155 661 535;7;0;2;0;1;1
202300010735;155 661 524;34;0;2;3;1;1
202300010735;155 661 527;7;0;0;8;2;0
202300010736;155 661 520;7;0;2;1;1;1
202300010736;155 661 525;33;0;2;1;13;1
202300010737;155 661 519;7;0;0;4;23;1
202300010737;155 661 523;7;0;2;1;2;1
202300010738;155 661 517;1;0;2;1;1;5
202300010738;155 661 521;7;0;2;1;15;1
202300010739;155 661 514;33;0;0;0;2;1
202300010740;155 661 511;33;0;0;4;1;1
202300010741;155 661 510;10;0;2;1;2;1
202300010741;155 661 513;13;0;2;4;2;1
202300010742;155 661 505;1;0;2;3;1;5
202300010742;155 661 509;7;0;9;3;15;1
202300010743;155 661 507;7;0;1;1;2;1
202300010744;155 661 504;7;0;2;1;1;1
202300010744;155 661 508;7;0;2;1;1;1
202300010745;155 661 503;33;13;0;1;1;1
202300010746;155 661 501;7;2;2;1;14;1
202300010747;155 661 500;7;0;2;1;2;1
202300010747;155 661 506;7;0;2;1;23;1
202300010747;155 661 512;7;0;0;4;23;1
202300010747;155 661 515;7;0;2;3;21;1
202300010747;155 661 522;10;0;2;3;1;1
202300010748;155 661 497;7;0;2;1;1;1
202300010748;155 661 502;7;0;0;4;2;1
202300010749;155 661 496;33;0;2;1;1;1
202300010749;155 661 499;7;0;0;8;10;1
202300010750;155 661 492;7;0;1;1;1;1
202300010751;155 661 493;7;0;2;3;13;1
202300010751;155 661 494;7;4;2;3;1;1
202300010752;155 661 491;1;0;2;3;1;5
202300010752;155 661 495;7;0;2;2;19;1
202300010753;155 661 486;7;0;2;6;1;1
202300010753;155 661 490;33;0;2;1;1;1
202300010754;155 661 484;37;0;1;1;1;6
202300010755;155 661 489;7;12;0;1;1;1
202300010756;155 661 487;7;2;0;3;1;1
202300010757;155 661 483;7;13;2;2;17;1
202300010757;155 661 488;14;0;0;3;1;1
202300010758;155 661 482;7;0;2;1;13;1
202300010758;155 661 485;7;0;2;1;1;1
202300010759;155 661 481;7;17;0;2;14;1
202300010760;155 661 479;7;11;0;2;1;1
202300010761;155 661 477;7;0;1;3;1;1
202300010762;155 661 475;7;12;2;7;26;1
202300010763;155 661 476;33;0;2;3;1;1
202300010763;155 661 480;7;0;2;1;19;1
202300010764;155 661 474;1;0;2;8;19;5
202300010764;155 661 478;10;0;9;3;1;1
202300010765;155 661 472;33;13;0;1;1;1
202300010766;155 661 468;7;0;2;1;13;1
202300010766;155 661 473;38;0;2;1;1;1
202300010767;155 661 467;7;0;2;1;0;6
202300010767;155 661 469;7;0;2;4;0;0
202300010768;155 661 466;7;0;2;3;1;1
202300010768;155 661 471;7;0;2;8;1;1
202300010769;155 661 465;7;0;1;6;20;1
202300010770;155 661 461;7;0;2;6;10;1
202300010770;155 661 470;7;0;2;1;1;1
202300010771;155 661 459;0;0;2;3;1;0
202300010771;155 661 463;34;0;2;6;1;1
202300010772;155 661 462;7;13;0;1;1;1
202300010773;155 661 458;7;0;2;1;17;1
202300010773;155 661 464;7;0;2;1;1;1
202300010774;155 661 456;7;0;2;3;13;1
202300010774;155 661 460;7;0;2;1;1;1
202300010775;155 661 455;15;0;2;1;1;1
202300010775;155 661 457;7;0;2;1;13;1
202300010776;155 661 451;7;0;1;1;1;1
202300010777;155 661 450;7;2;0;0;0;1
202300010778;155 661 448;7;0;2;1;1;1
202300010778;155 661 453;32;0;2;1;1;1
202300010779;155 661 449;7;0;9;1;0;1
202300010779;155 661 454;60;0;2;1;1;5
202300010780;155 661 447;31;0;2;1;0;1
202300010780;155 661 452;7;0;2;3;19;2
202300010781;155 661 442;7;0;2;1;13;1
202300010781;155 661 446;7;0;2;1;1;1
202300010782;155 661 440;7;12;0;1;1;1
202300010783;155 661 437;7;0;2;1;17;1
202300010783;155 661 443;2;0;2;4;2;1
202300010784;155 661 438;7;0;2;1;2;1
202300010784;155 661 441;7;0;2;4;2;1
202300010784;155 661 444;7;0;0;4;1;1
202300010785;155 661 436;7;13;2;3;5;1
202300010785;155 661 439;7;0;2;3;1;1
202300010785;155 661 445;7;0;2;3;1;1
202300010786;155 661 434;33;0;2;1;1;1
202300010786;155 661 435;7;0;2;2;15;0
202300010787;155 661 428;7;0;2;3;1;1
202300010787;155 661 432;7;0;2;2;1;1
202300010788;155 661 425;7;0;2;2;9;1
202300010788;155 661 431;7;0;2;8;1;1
202300010789;155 661 426;7;0;2;1;1;1
202300010789;155 661 433;7;0;2;3;19;1
202300010790;155 661 424;7;0;2;4;2;1
202300010790;155 661 427;7;0;2;4;2;1
202300010790;155 661 429;7;0;2;1;2;1
202300010791;155 661 422;7;0;2;5;15;1
202300010791;155 661 430;7;0;2;1;1;0
202300010792;155 661 420;7;9;0;1;1;1
202300010793;155 661 419;7;0;2;1;1;1
202300010793;155 661 423;7;0;2;1;1;1
202300010794;155 661 417;7;1;0;3;13;1
202300010795;155 661 416;33;0;2;1;13;1
202300010795;155 661 418;7;0;2;3;1;1
202300010796;155 661 414;7;0;2;2;1;1
202300010796;155 661 421;33;0;2;1;1;1
202300010797;155 661 412;10;0;2;0;16;1
202300010797;155 661 415;50;0;2;7;16;3
202300010798;155 661 411;15;0;2;3;13;1
202300010798;155 661 413;7;0;2;3;1;1
202300010799;155 661 409;7;1;1;1;1;1
202300010800;155 661 407;7;0;2;2;19;1
202300010800;155 661 410;7;0;2;8;19;1
202300010801;155 661 406;33;0;2;2;17;1
202300010801;155 661 408;33;0;2;1;1;1
202300010802;155 661 405;10;6;0;3;1;1
202300010803;155 661 403;2;2;0;1;1;1
202300010804;155 661 402;7;0;2;4;23;1
202300010804;155 661 404;7;0;2;1;2;1
202300010805;155 661 400;7;0;1;9;1;1
202300010806;155 661 398;7;0;9;2;2;0
202300010806;155 661 401;1;0;0;4;2;5
202300010807;155 661 396;7;0;2;8;13;1
202300010807;155 661 399;7;0;2;8;1;1
202300010808;155 661 395;33;0;0;7;2;1
202300010809;155 661 393;7;0;2;1;13;1
202300010809;155 661 397;7;0;2;1;1;1
202300010810;155 661 390;60;0;2;1;1;5
202300010810;155 661 394;7;0;9;1;1;1
202300010811;155 661 389;7;0;2;1;1;1
202300010811;155 661 392;7;0;2;3;16;1
202300010812;155 661 387;7;6;0;1;1;1
202300010813;155 661 386;7;6;0;2;1;1
202300010814;155 661 385;33;6;2;1;18;1
202300010814;155 661 388;7;0;2;6;15;1
202300010814;155 661 391;7;0;2;3;1;1
202300010815;155 661 383;7;0;1;3;1;0
202300010816;155 661 384;50;0;1;1;2;3
202300010817;155 661 381;7;2;0;3;0;2
202300010818;155 661 380;7;2;0;1;14;1
202300010819;155 661 378;7;0;2;1;13;1
202300010819;155 661 382;7;0;2;1;1;3
202300010820;155 661 375;33;0;2;1;1;1
202300010820;155 661 379;7;0;2;3;15;1
202300010821;155 661 374;7;2;0;2;0;1
202300010822;155 661 373;33;0;2;1;1;1
202300010822;155 661 377;7;0;2;7;10;0
202300010823;155 661 372;7;8;0;1;17;1
202300010824;155 661 370;32;8;0;1;15;1
202300010825;155 661 367;32;0;0;9;1;1
202300010826;155 661 368;7;15;0;1;0;1
202300010827;155 661 364;7;0;1;1;1;1
202300010828;155 661 365;7;0;2;1;5;1
202300010828;155 661 369;7;0;2;1;1;1
202300010829;155 661 362;7;0;2;3;9;0
202300010829;155 661 366;7;0;2;1;1;0
202300010830;155 661 361;7;0;2;2;17;1
202300010830;155 661 363;15;0;0;6;13;1
202300010831;155 661 360;7;3;0;1;0;1
202300010832;155 661 357;7;0;1;3;2;1
202300010833;155 661 355;7;0;9;1;9;1
202300010833;155 661 358;1;0;2;8;2;5
202300010834;155 661 356;7;0;2;1;17;1
202300010834;155 661 359;10;0;2;1;1;1
202300010835;155 661 348;15;8;0;2;14;1
202300010836;155 661 347;10;0;2;1;5;1
202300010836;155 661 350;33;0;2;1;1;1
202300010837;155 661 351;7;0;2;5;1;2
202300010837;155 661 354;1;0;2;4;1;5
202300010838;155 661 343;7;0;0;3;15;1
202300010838;155 661 346;33;7;0;2;17;1
202300010839;155 661 342;7;3;0;1;1;1
202300010840;155 661 340;10;0;0;6;0;1
202300010840;155 661 344;7;0;2;2;0;1
202300010840;155 661 352;7;0;2;1;1;1
202300010841;155 661 339;7;0;2;6;1;1
202300010841;155 661 345;7;0;2;8;1;1
202300010841;155 661 349;7;0;2;1;1;1
202300010841;155 661 353;17;6;2;1;1;1
202300010842;155 661 338;7;0;2;1;15;1
202300010842;155 661 341;2;0;2;1;1;1
202300010843;155 661 337;7;8;0;1;1;1
202300010844;155 661 333;7;0;9;2;16;1
202300010844;155 661 336;1;0;0;7;17;5
202300010845;155 661 326;7;4;2;3;17;1
202300010845;155 661 331;7;0;2;6;1;1
202300010846;155 661 327;7;0;0;6;1;1
202300010846;155 661 334;15;0;2;2;2;1
202300010847;155 661 323;7;0;2;1;13;1
202300010847;155 661 325;7;0;2;1;1;1
202300010848;155 661 324;1;0;2;1;1;5
202300010848;155 661 329;1;0;2;1;1;5
202300010849;155 661 319;7;0;2;8;22;3
202300010849;155 661 321;7;0;2;3;1;1
202300010850;155 661 320;7;0;2;2;1;1
202300010850;155 661 322;2;0;2;0;10;1
202300010851;155 661 318;7;17;0;3;1;1
202300010852;155 661 315;7;0;2;8;1;1
202300010852;155 661 317;7;0;2;3;5;1
202300010853;155 661 312;33;0;0;7;1;1
202300010854;155 661 311;33;0;2;1;17;1
202300010854;155 661 316;10;0;2;6;15;1
202300010855;155 661 310;33;0;2;3;1;1
202300010855;155 661 314;7;0;2;2;2;1
202300010856;155 661 307;7;13;0;7;1;1
202300010857;155 661 306;10;0;2;3;1;1
202300010857;155 661 308;33;0;2;8;1;1
202300010858;155 661 304;2;0;0;0;0;1
202300010859;155 661 303;7;0;9;2;15;1