Num_Acc;id_vehicule;categorie_vehicule;obstacle_fixe;obstacle_mobile;point_choc_initial;manoeuvre_principale;motorisation
202300010859;155 661 305;1;0;2;1;1;5
202300010860;155 661 302;7;0;1;1;1;1
202300010861;155 661 297;10;0;2;7;1;1
202300010861;155 661 300;34;0;2;1;1;1
202300010862;155 661 295;15;3;2;3;1;1
202300010862;155 661 296;7;0;2;3;13;1
202300010862;155 661 298;7;0;2;1;1;1
202300010863;155 661 299;7;0;2;1;15;1
202300010863;155 661 301;7;0;2;2;13;1
202300010864;155 661 293;7;0;1;1;1;1
202300010865;155 661 290;30;0;2;2;1;1
202300010865;155 661 292;7;0;2;3;15;1
202300010866;155 661 289;7;1;0;1;1;1
202300010866;155 661 291;7;4;0;3;1;1
202300010866;155 661 294;7;0;0;6;23;2
202300010867;155 661 285;7;0;2;4;1;1
202300010867;155 661 287;7;0;2;1;1;1
202300010868;155 661 281;7;0;0;2;9;1
202300010868;155 661 288;1;0;0;1;1;5
202300010869;155 661 279;1;0;2;1;5;5
202300010869;155 661 283;7;0;2;3;15;1
202300010870;155 661 278;7;0;0;4;1;1
202300010870;155 661 282;7;0;2;4;2;1
202300010870;155 661 286;7;0;2;1;2;1
202300010871;155 661 277;1;0;0;0;1;5
202300010872;155 661 272;7;0;2;6;11;1
202300010872;155 661 274;33;0;2;1;1;1
202300010873;155 661 273;7;0;2;4;1;1
202300010873;155 661 276;7;0;2;1;2;1
202300010874;155 661 271;7;0;2;2;9;3
202300010874;155 661 275;33;0;2;1;2;1
202300010875;155 661 270;50;0;0;7;2;3
202300010876;155 661 269;7;0;1;3;1;2
202300010877;155 661 266;33;0;2;1;1;1
202300010877;155 661 268;7;0;2;4;1;1
202300010878;155 661 264;30;0;1;2;1;1
202300010879;155 661 263;14;0;2;6;2;1
202300010879;155 661 267;7;0;2;1;2;1
202300010880;155 661 265;7;0;0;1;15;0
202300010881;155 661 260;30;14;0;8;11;3
202300010882;155 661 257;7;6;0;1;0;3
202300010883;155 661 256;33;0;2;8;1;1
202300010883;155 661 262;7;0;2;5;12;1
202300010884;155 661 258;7;0;2;6;1;1
202300010884;155 661 261;31;0;2;1;2;1
202300010885;155 661 250;7;0;2;1;2;1
202300010885;155 661 254;7;0;2;1;2;1
202300010885;155 661 255;7;0;2;1;2;1
202300010885;155 661 259;7;0;2;4;2;1
202300010886;155 661 249;7;0;2;2;13;1
202300010886;155 661 253;7;0;2;1;1;1
202300010887;155 661 248;7;4;0;2;1;1
202300010888;155 661 251;7;0;1;0;1;0
202300010889;155 661 245;10;4;0;3;13;1
202300010890;155 661 247;2;0;2;1;1;1
202300010890;155 661 252;7;0;2;5;15;1
202300010891;155 661 244;7;4;0;3;1;1
202300010892;155 661 242;10;4;0;1;14;1
202300010893;155 661 241;7;0;0;9;0;0
202300010894;155 661 240;7;0;2;3;26;1
202300010894;155 661 243;43;0;2;5;1;1
202300010895;155 661 238;7;13;0;0;13;1
202300010896;155 661 232;10;0;2;1;2;1
202300010896;155 661 235;7;0;2;4;2;2
202300010896;155 661 237;7;0;2;4;2;1
202300010897;155 661 231;7;0;2;1;2;1
202300010897;155 661 234;7;0;2;4;2;1
202300010898;155 661 228;7;0;9;1;15;1
202300010898;155 661 233;1;0;2;1;2;5
202300010899;155 661 227;7;0;2;6;1;1
202300010899;155 661 230;7;0;2;1;12;1
202300010900;155 661 223;7;0;2;1;1;1
202300010900;155 661 226;7;0;2;4;1;1
202300010901;155 661 224;2;0;0;0;2;0
202300010901;155 661 229;7;0;2;3;2;0
202300010901;155 661 236;2;0;0;4;2;1
202300010901;155 661 239;7;0;2;3;2;1
202300010902;155 661 219;7;8;1;2;1;1
202300010903;155 661 220;7;0;1;2;2;1
202300010904;155 661 217;7;0;2;1;2;1
202300010904;155 661 221;7;0;2;4;2;1
202300010904;155 661 222;7;0;0;4;2;1
202300010904;155 661 225;7;0;2;4;2;2
202300010905;155 661 213;31;1;0;0;1;1
202300010906;155 661 210;33;0;2;1;3;1
202300010906;155 661 214;7;0;2;2;2;3
202300010906;155 661 215;7;0;2;6;2;3
202300010906;155 661 218;7;0;2;2;0;1
202300010907;155 661 211;2;0;2;7;13;0
202300010907;155 661 216;7;0;0;7;1;1
202300010908;155 661 208;10;0;2;1;2;1
202300010908;155 661 212;7;0;2;4;1;1
202300010909;155 661 209;34;0;1;2;1;1
202300010910;155 661 204;7;3;0;3;1;1
202300010911;155 661 205;30;8;0;0;0;1
202300010912;155 661 207;10;0;1;2;15;1
202300010913;155 661 202;7;0;2;7;12;1
202300010913;155 661 206;43;0;2;8;3;1
202300010914;155 661 203;30;0;0;0;1;1
202300010915;155 661 199;10;6;0;1;15;1
202300010916;155 661 196;7;0;2;4;23;1
202300010916;155 661 201;7;0;2;1;1;1
202300010917;155 661 194;7;0;2;1;1;1
202300010917;155 661 198;7;0;2;4;1;1
202300010918;155 661 193;7;0;2;3;21;1
202300010918;155 661 197;7;0;2;5;14;1
202300010919;155 661 189;7;0;2;4;2;1
202300010919;155 661 192;10;0;2;1;2;1
202300010919;155 661 195;17;0;2;4;2;1
202300010919;155 661 200;10;0;2;4;2;1
202300010920;155 661 190;7;0;1;3;1;1
202300010921;155 661 185;7;1;2;2;1;1
202300010921;155 661 188;7;0;2;6;23;1
202300010921;155 661 191;7;0;2;6;2;2
202300010922;155 661 183;7;0;2;4;2;0
202300010922;155 661 186;15;0;2;1;2;0
202300010923;155 661 182;7;0;2;3;1;1
202300010923;155 661 184;33;0;2;8;3;1
202300010923;155 661 187;7;0;2;7;1;1
202300010924;155 661 179;10;0;2;2;16;1
202300010924;155 661 181;60;0;2;1;1;5
202300010925;155 661 174;33;0;2;1;3;1
202300010925;155 661 177;7;0;2;7;12;1
202300010926;155 661 171;1;0;2;0;1;5
202300010926;155 661 175;50;0;2;0;15;3
202300010927;155 661 170;32;0;2;7;1;1
202300010927;155 661 173;7;0;2;8;17;0
202300010928;155 661 172;7;0;2;9;1;1
202300010928;155 661 178;10;0;2;6;12;1
202300010928;155 661 180;7;0;2;2;0;1
202300010929;155 661 169;31;0;2;1;1;1
202300010929;155 661 176;7;0;2;2;1;1
202300010930;155 661 167;7;0;1;5;20;1
202300010931;155 661 165;7;0;2;4;2;1
202300010931;155 661 168;34;0;2;1;2;1
202300010932;155 661 164;30;0;1;1;1;1
202300010933;155 661 161;7;12;0;4;26;1
202300010933;155 661 162;7;0;9;4;26;1
202300010934;155 661 160;10;0;2;4;1;1
202300010934;155 661 163;10;0;2;1;1;1
202300010934;155 661 166;10;0;2;4;1;1
202300010935;155 661 156;7;0;2;1;1;1
202300010935;155 661 159;7;0;2;1;1;1
202300010936;155 661 155;7;0;2;2;20;1
202300010936;155 661 158;33;0;2;8;1;1
202300010937;155 661 153;7;0;2;1;1;1
202300010937;155 661 157;50;0;2;7;0;3
202300010938;155 661 151;2;11;2;7;12;1
202300010938;155 661 154;10;0;9;3;1;1
202300010939;155 661 145;7;0;2;4;2;2
202300010939;155 661 149;7;0;2;4;2;1
202300010939;155 661 152;10;0;2;1;2;1
202300010940;155 661 146;2;0;2;1;1;3
202300010940;155 661 148;10;0;2;3;15;1
202300010941;155 661 147;1;0;2;3;19;5
202300010941;155 661 150;7;0;2;1;1;2
202300010942;155 661 143;30;0;0;0;2;1
202300010943;155 661 140;7;0;2;3;1;1
202300010943;155 661 142;10;0;2;4;2;1
202300010943;155 661 144;32;0;2;8;10;1
202300010944;155 661 138;33;0;2;0;17;1
202300010945;155 661 139;7;0;1;1;1;
202300010946;155 661 136;31;0;2;8;3;1
202300010946;155 661 141;7;0;2;7;1;2
202300010947;155 661 135;30;0;2;1;0;1
202300010947;155 661 137;7;0;2;5;2;1
202300010948;155 661 134;60;8;0;1;25;5
202300010949;155 661 128;1;0;2;1;1;5
202300010949;155 661 132;7;0;2;3;1;3
202300010950;155 661 127;7;0;2;8;9;1
202300010950;155 661 133;7;0;2;3;13;1
202300010951;155 661 125;33;0;2;1;1;1
202300010951;155 661 130;7;0;2;6;11;1
202300010952;155 661 122;37;0;9;5;1;1
202300010952;155 661 126;60;0;2;3;1;5
202300010953;155 661 123;7;0;2;3;9;1
202300010953;155 661 129;34;0;2;1;1;1
202300010954;155 661 121;7;0;2;1;1;1
202300010954;155 661 124;7;0;2;9;1;1
202300010954;155 661 131;7;0;2;4;9;1
202300010955;155 661 119;7;0;1;0;0;0
202300010956;155 661 117;7;0;2;8;1;3
202300010956;155 661 120;32;0;2;7;17;0
202300010957;155 661 116;7;1;0;2;1;1
202300010958;155 661 110;7;0;2;2;13;1
202300010958;155 661 112;7;14;2;1;23;1
202300010958;155 661 115;33;0;0;7;16;1
202300010958;155 661 118;7;14;2;4;23;1
202300010959;155 661 109;33;0;2;0;1;0
202300010959;155 661 114;7;0;2;6;19;1
202300010960;155 661 108;33;0;2;0;1;1
202300010961;155 661 105;2;0;2;1;17;3
202300010961;155 661 111;7;0;2;3;1;1
202300010962;155 661 107;7;0;2;3;15;0
202300010962;155 661 113;34;0;2;1;1;1
202300010963;155 661 102;7;0;2;1;1;1
202300010963;155 661 103;50;0;2;7;19;3
202300010964;155 661 101;13;0;1;2;16;0
202300010965;155 661 100;7;0;2;2;1;1
202300010965;155 661 106;34;0;2;1;19;1
202300010966;155 661 098;7;0;2;2;26;1
202300010966;155 661 104;1;0;2;1;1;5
202300010967;155 661 096;7;0;2;3;15;1
202300010967;155 661 099;7;0;2;2;1;1
202300010968;155 661 097;1;0;1;7;1;5
202300010969;155 661 093;7;0;1;1;1;1
202300010970;155 661 092;33;0;2;1;1;1
202300010970;155 661 095;7;0;2;6;19;1
202300010971;155 661 091;50;0;2;7;19;3
202300010971;155 661 094;7;0;9;1;16;1
202300010972;155 661 088;34;0;2;1;26;1
202300010972;155 661 090;10;0;2;3;15;1
202300010973;155 661 085;7;13;0;1;13;1
202300010974;155 661 087;1;0;1;1;21;5
202300010975;155 661 084;33;0;2;7;1;1
202300010975;155 661 089;7;0;2;2;9;1
202300010976;155 661 082;2;0;2;1;1;1
202300010976;155 661 086;7;0;2;1;16;1
202300010977;155 661 080;31;0;2;0;0;0
202300010977;155 661 083;7;0;2;0;0;0
202300010978;155 661 079;10;0;1;1;1;1
202300010979;155 661 076;50;9;2;0;25;3
202300010979;155 661 081;1;9;2;0;25;5
202300010980;155 661 078;30;0;0;0;21;1
202300010981;155 661 075;7;0;2;3;1;2
202300010981;155 661 077;7;0;2;3;1;1
202300010982;155 661 072;32;0;2;8;7;1
202300010982;155 661 074;7;0;2;7;16;1
202300010983;155 661 069;33;0;2;1;1;1
202300010983;155 661 073;7;0;2;3;9;1
202300010984;155 661 070;32;0;2;2;1;1
202300010984;155 661 071;7;0;2;3;9;1
202300010985;155 661 067;7;15;0;1;0;3
202300010986;155 661 066;7;0;1;1;1;1
202300010987;155 661 068;80;0;1;1;1;3
202300010988;155 661 064;10;0;2;8;1;1
202300010988;155 661 065;7;0;2;1;19;1
202300010989;155 661 063;7;0;1;1;1;0
202300010990;155 661 062;7;15;1;1;25;1
202300010991;155 661 055;7;0;0;4;1;1
202300010991;155 661 058;7;0;2;1;1;1
202300010992;155 661 059;7;0;2;1;26;1
202300010992;155 661 060;33;0;2;7;26;1
202300010993;155 661 056;80;0;0;1;1;3
202300010994;155 661 057;7;0;2;3;1;1
202300010994;155 661 061;7;0;2;6;1;1
202300010995;155 661 054;7;0;1;3;1;1
202300010996;155 661 051;7;0;2;3;2;1
202300010996;155 661 053;7;0;2;5;2;1
202300010997;155 661 049;7;0;1;1;1;1
202300010998;155 661 050;30;14;0;1;1;1
202300010999;155 661 046;10;0;2;1;12;1
202300010999;155 661 048;33;0;2;2;3;3
202300011000;155 661 044;7;0;2;2;17;1
202300011000;155 661 047;33;0;2;1;1;0
202300011000;155 661 052;7;0;2;6;2;1
202300011001;155 661 045;3;0;1;1;21;1
202300011002;155 661 043;33;7;0;1;1;1
202300011003;155 661 041;7;0;1;7;2;1
202300011004;155 661 034;10;0;0;1;1;0
202300011005;155 661 032;7;0;2;1;9;1
202300011005;155 661 039;7;0;2;4;1;1
202300011005;155 661 042;7;0;2;0;0;1
202300011006;155 661 031;1;0;2;0;1;5
202300011006;155 661 033;7;0;0;0;13;1
202300011007;155 661 029;30;0;2;1;17;1
202300011007;155 661 037;7;0;2;8;1;1
202300011008;155 661 036;17;4;0;1;1;1
202300011008;155 661 038;7;0;0;0;1;1
202300011008;155 661 040;7;0;0;0;0;1
202300011009;155 661 026;7;9;0;1;0;1
202300011010;155 661 027;7;0;1;2;1;1
202300011011;155 661 023;7;0;2;4;26;1
202300011011;155 661 028;7;0;2;1;26;1
202300011012;155 661 021;30;0;2;7;1;1
202300011012;155 661 025;7;0;2;6;15;2
202300011013;155 661 019;7;0;1;3;13;1
202300011014;155 661 017;7;5;1;1;1;1
202300011015;155 661 015;7;0;2;0;15;2
202300011015;155 661 018;34;0;2;2;17;0
202300011016;155 661 016;7;0;2;7;19;0
202300011016;155 661 020;34;0;2;8;19;0
202300011017;155 661 013;7;13;0;1;13;1
202300011018;155 661 014;7;0;1;1;2;0
202300011019;155 661 011;30;7;0;1;13;0
202300011020;155 661 008;34;0;2;1;1;1
202300011020;155 661 012;34;0;2;4;1;1
202300011021;155 661 006;7;0;2;5;15;1
202300011021;155 661 010;32;0;2;1;1;1
202300011022;155 661 007;43;0;1;1;1;1
202300011023;155 661 005;2;0;2;1;18;1
202300011023;155 661 009;7;0;2;5;15;1
202300011024;155 661 000;0;0;2;1;1;0
202300011024;155 661 003;1;0;2;4;1;0
202300011025;155 660 997;33;0;2;1;5;0
202300011025;155 661 002;7;0;2;3;9;1
202300011026;155 660 998;50;0;2;1;1;3
202300011026;155 661 001;1;0;2;8;1;5
202300011027;155 660 996;7;0;2;1;13;1
202300011027;155 660 999;32;0;2;1;1;1
202300011028;155 660 994;7;0;2;8;22;1
202300011028;155 660 995;50;1;2;1;17;3
202300011029;155 660 991;7;4;0;1;0;1
202300011030;155 660 987;10;0;2;1;16;1
202300011030;155 660 990;7;0;1;1;2;1
202300011031;155 660 986;7;0;2;1;2;1
202300011031;155 660 989;7;0;2;4;2;1
202300011031;155 660 992;7;0;2;4;2;0
202300011032;155 660 985;7;0;1;3;15;1
202300011033;155 660 983;7;0;2;1;15;1
202300011033;155 660 988;7;0;2;1;16;1
202300011034;155 660 981;33;1;2;1;1;1
202300011034;155 660 984;3;0;2;8;1;1
202300011035;155 660 979;7;0;2;3;1;1
202300011035;155 660 980;7;0;2;3;1;1
202300011036;155 660 974;7;0;2;2;1;1
202300011036;155 660 977;7;0;2;8;15;1
202300011037;155 660 971;7;0;1;8;1;0
202300011037;155 660 978;7;0;2;3;23;0
202300011038;155 660 969;7;0;2;1;1;1
202300011038;155 660 973;7;0;2;4;23;1
202300011038;155 660 975;7;0;2;4;23;1
202300011038;155 660 976;10;0;2;4;23;1
202300011039;155 660 967;37;0;1;2;16;1
202300011040;155 660 968;7;0;2;3;15;1
202300011040;155 660 972;30;0;2;7;17;1
202300011041;155 660 966;1;0;1;1;21;5
202300011042;155 660 963;10;0;1;2;1;1
202300011043;155 660 962;33;0;2;1;1;0
202300011043;155 660 964;7;0;2;2;5;1
202300011044;155 660 960;7;0;2;2;1;0
202300011044;155 660 961;50;0;2;3;1;3
202300011045;155 660 959;33;13;0;1;1;1
202300011046;155 660 965;7;0;2;3;1;1
202300011046;155 660 970;7;0;2;1;13;1
202300011046;155 660 982;7;0;2;3;1;1
202300011046;155 660 993;7;0;2;1;1;1
202300011047;155 660 956;10;12;2;7;1;1
202300011047;155 660 958;3;0;0;0;0;1
202300011048;155 660 954;7;13;0;1;1;1
202300011049;155 660 955;7;0;1;0;25;0
202300011050;155 660 953;7;0;2;1;1;1
202300011050;155 660 957;7;0;2;6;4;1
202300011051;155 660 951;7;1;0;1;13;1
202300011052;155 660 952;7;12;0;0;0;1
202300011053;155 660 949;7;0;1;1;9;1
202300011054;155 660 943;7;0;1;2;2;0
202300011055;155 660 947;7;0;2;3;0;1
202300011055;155 660 950;30;0;2;1;13;1
202300011056;155 660 941;7;0;2;3;17;1
202300011056;155 660 942;7;0;2;1;1;1
202300011056;155 660 945;7;0;2;3;1;1
202300011057;155 660 940;7;0;2;4;23;1
202300011057;155 660 946;10;0;2;1;0;1
202300011058;155 660 944;7;0;2;7;1;1
202300011058;155 660 948;7;0;2;1;1;1
202300011059;155 660 937;31;0;2;7;26;0
202300011059;155 660 939;7;0;9;1;26;0
202300011060;155 660 933;10;0;1;1;15;3
202300011061;155 660 932;7;0;1;1;5;0
202300011062;155 660 931;30;1;0;2;1;3
202300011063;155 660 935;7;0;2;1;10;1
202300011063;155 660 938;33;0;2;8;1;1
202300011064;155 660 930;7;0;2;1;5;1
202300011064;155 660 934;7;0;2;1;1;1
202300011064;155 660 936;7;0;2;1;1;1
202300011065;155 660 926;7;0;2;3;10;1
202300011065;155 660 929;2;0;2;3;1;1
202300011066;155 660 925;7;0;2;1;21;1
202300011066;155 660 928;7;0;2;3;1;1
202300011067;155 660 923;7;0;0;4;1;1
202300011067;155 660 927;13;0;2;1;1;1
202300011068;155 660 922;7;12;0;2;14;1
202300011069;155 660 917;1;0;2;4;9;5
202300011069;155 660 920;7;0;2;1;1;1
202300011070;155 660 916;30;0;2;1;2;1
202300011070;155 660 918;7;0;2;4;2;1
202300011070;155 660 919;7;0;2;1;2;1
202300011071;155 660 915;7;0;1;8;1;1
202300011072;155 660 910;7;0;9;4;4;1
202300011072;155 660 913;33;0;2;1;1;1
202300011073;155 660 912;32;1;2;1;1;1
202300011073;155 660 914;1;1;2;8;1;5
202300011074;155 660 906;7;0;2;7;2;1
202300011074;155 660 911;37;0;2;1;2;1
202300011075;155 660 907;7;0;2;8;15;1
202300011075;155 660 909;34;0;2;1;1;1
202300011076;155 660 908;7;0;1;7;16;1
202300011077;155 660 900;13;0;2;1;1;0
202300011077;155 660 902;3;0;2;4;1;0
202300011078;155 660 901;7;0;2;2;15;1
202300011078;155 660 904;33;0;2;1;1;1
202300011079;155 660 897;7;0;2;1;1;1
202300011079;155 660 903;7;0;2;1;9;1
202300011080;155 660 896;30;0;2;7;1;1
202300011080;155 660 899;50;0;2;1;14;3
202300011081;155 660 894;33;0;0;7;2;1
202300011082;155 660 893;7;0;2;8;2;1
202300011082;155 660 895;31;0;2;8;15;1
202300011083;155 660 898;7;0;0;4;9;0
202300011083;155 660 905;7;0;2;1;2;1
202300011084;155 660 890;7;5;0;1;1;1
202300011085;155 660 889;7;0;2;1;1;0
202300011085;155 660 892;7;0;2;8;9;1
202300011086;155 660 888;7;0;2;2;5;1
202300011086;155 660 891;1;0;2;8;14;5
202300011087;155 660 886;33;0;0;0;21;1
202300011088;155 660 884;7;0;1;2;26;1
202300011089;155 660 885;7;0;2;3;13;1
202300011089;155 660 887;33;0;2;1;1;1
202300011090;155 660 882;7;0;1;2;16;4
202300011091;155 660 883;7;0;1;2;2;1
202300011092;155 660 880;7;0;2;2;15;1
202300011092;155 660 881;31;0;2;1;19;1
202300011093;155 660 879;7;2;0;1;2;1
202300011094;155 660 877;33;0;2;1;1;1
202300011094;155 660 878;7;0;2;3;1;1
202300011095;155 660 875;7;3;0;1;13;1
202300011096;155 660 873;7;0;2;3;15;0
202300011096;155 660 876;32;0;2;1;1;1
202300011097;155 660 872;1;0;2;8;1;5
202300011097;155 660 874;7;0;2;7;16;1
202300011098;155 660 870;7;2;0;3;14;1
202300011099;155 660 868;7;0;2;5;17;0
202300011099;155 660 871;33;0;2;1;1;0
202300011100;155 660 863;30;0;2;1;1;6
202300011100;155 660 865;7;0;2;2;2;6
202300011101;155 660 864;31;1;0;0;0;0
202300011102;155 660 867;7;8;0;3;1;1
202300011103;155 660 860;10;0;1;3;1;1
202300011104;155 660 859;10;0;2;1;2;1
202300011104;155 660 862;7;0;2;4;2;1
202300011105;155 660 857;60;0;2;0;0;5
202300011105;155 660 861;7;0;2;1;0;1
202300011106;155 660 855;1;1;0;3;21;5
202300011107;155 660 854;1;0;1;1;1;5
202300011108;155 660 852;50;0;1;3;21;3
202300011109;155 660 853;7;0;0;6;1;1
202300011109;155 660 856;33;0;2;1;1;1
202300011109;155 660 858;7;0;2;1;0;1
202300011110;155 660 849;7;0;2;6;16;1
202300011110;155 660 851;30;0;2;2;1;1
202300011111;155 660 848;50;0;2;1;13;3
202300011111;155 660 850;80;0;2;1;1;3
202300011112;155 660 847;10;0;1;2;1;3
202300011113;155 660 845;50;14;0;1;21;3
202300011114;155 660 843;7;0;2;5;9;0
202300011114;155 660 846;30;0;2;3;1;1
202300011115;155 660 841;7;0;2;1;1;3
202300011115;155 660 844;7;0;2;3;1;2
202300011116;155 660 838;10;0;2;3;10;1
202300011116;155 660 840;2;0;2;1;17;1
202300011117;155 660 836;7;0;2;8;1;1
202300011117;155 660 839;33;0;2;7;3;1
202300011117;155 660 842;10;0;2;7;1;1
202300011118;155 660 835;7;0;1;2;1;1
202300011119;155 660 834;7;0;2;1;15;1
202300011119;155 660 837;7;7;2;1;1;1
202300011120;155 660 833;7;8;0;1;1;1
202300011121;155 660 832;7;0;1;2;1;1
202300011122;155 660 831;33;4;0;2;14;1
202300011123;155 660 830;30;1;0;1;14;3
202300011124;155 660 824;43;0;2;7;1;1
202300011124;155 660 827;7;0;2;8;13;1
202300011125;155 660 825;7;0;2;2;15;3
202300011125;155 660 828;33;0;2;1;1;1
202300011126;155 660 822;7;0;2;2;15;1
202300011126;155 660 826;32;0;2;1;1;1
202300011127;155 660 823;7;0;2;4;1;1
202300011127;155 660 829;7;0;2;1;1;1
202300011128;155 660 821;7;1;0;2;14;1
202300011129;155 660 818;7;0;2;3;10;1
202300011129;155 660 820;33;0;2;2;1;1
202300011130;155 660 816;7;0;2;3;16;0
202300011130;155 660 819;30;0;2;8;23;0
202300011131;155 660 813;32;0;2;8;2;1
202300011131;155 660 815;30;0;2;1;2;3
202300011132;155 660 814;7;0;2;8;1;0
202300011132;155 660 817;33;0;2;8;1;1
202300011133;155 660 810;7;15;0;1;19;1
202300011133;155 660 812;7;0;2;5;1;1
202300011134;155 660 809;37;0;9;2;17;0
202300011134;155 660 811;1;0;2;6;13;5
202300011135;155 660 806;7;0;2;1;1;1
202300011135;155 660 808;7;0;2;1;15;1
202300011136;155 660 804;7;0;2;6;0;1
202300011136;155 660 807;32;0;2;2;2;1
202300011137;155 660 803;1;0;1;1;1;5
202300011138;155 660 802;7;0;2;1;1;6
202300011138;155 660 805;60;0;2;0;0;5
202300011139;155 660 799;10;0;2;2;1;0
202300011139;155 660 801;32;0;2;8;18;1
202300011140;155 660 797;7;1;2;1;1;1
202300011140;155 660 800;7;0;2;0;19;1
202300011141;155 660 795;7;0;2;2;15;2
202300011141;155 660 798;7;0;2;3;1;1
202300011142;155 660 796;7;0;1;5;1;1
202300011143;155 660 792;43;0;2;1;1;1
202300011143;155 660 794;7;0;2;6;15;2
202300011144;155 660 791;10;0;2;1;1;1
202300011144;155 660 793;7;0;2;2;26;3
202300011145;155 660 790;7;12;1;1;1;1
202300011146;155 660 787;7;0;2;4;2;1
202300011146;155 660 789;7;0;2;2;2;1
202300011147;155 660 786;7;0;2;3;9;1
202300011147;155 660 788;43;0;2;1;1;1
202300011148;155 660 782;7;0;2;6;1;1
202300011148;155 660 784;7;0;2;8;1;1
202300011148;155 660 785;34;0;2;1;17;1
202300011149;155 660 781;7;2;0;3;1;1
202300011150;155 660 780;7;0;2;8;15;1
202300011150;155 660 783;33;0;2;1;2;1
202300011151;155 660 779;7;13;0;9;1;1
202300011152;155 660 778;33;14;2;1;1;1
202300011153;155 660 777;7;1;1;2;13;1
202300011154;155 660 773;7;0;2;5;12;0
202300011154;155 660 776;7;0;2;3;1;0
202300011155;155 660 774;7;13;0;1;1;1
202300011156;155 660 772;7;0;2;1;2;1
202300011156;155 660 775;7;0;2;4;2;2
202300011157;155 660 770;15;3;0;2;20;1
202300011158;155 660 768;33;0;2;1;17;1
202300011158;155 660 771;21;0;0;3;11;1
202300011159;155 660 766;7;0;2;1;2;1
202300011159;155 660 767;7;0;0;4;23;1
202300011159;155 660 769;7;0;0;4;23;1
202300011160;155 660 762;7;0;2;2;1;1
202300011160;155 660 764;1;0;2;8;1;5
202300011161;155 660 763;7;0;2;8;0;1
202300011161;155 660 765;43;0;2;2;0;1
202300011162;155 660 761;7;1;1;2;1;1
202300011163;155 660 760;7;0;1;2;2;1
202300011164;155 660 759;2;6;0;7;1;1
202300011165;155 660 756;7;0;2;3;20;1
202300011165;155 660 758;32;0;2;2;1;1
202300011166;155 660 755;7;0;2;3;1;1
202300011166;155 660 757;7;0;2;3;1;2
202300011167;155 660 754;32;0;0;2;1;1
202300011168;155 660 753;7;0;1;3;1;1
202300011169;155 660 752;7;12;1;1;20;1
202300011170;155 660 751;7;13;0;3;0;1
202300011171;155 660 749;2;6;0;7;1;1
202300011172;155 660 747;33;13;0;1;1;1
202300011173;155 660 748;7;0;9;1;1;1
202300011173;155 660 750;80;0;0;4;11;3
202300011174;155 660 746;2;6;0;1;1;1
202300011175;155 660 743;7;3;2;1;1;1
202300011175;155 660 745;1;3;2;0;0;5
202300011176;155 660 744;7;2;0;1;1;1
202300011177;155 660 741;1;0;2;8;1;5
202300011177;155 660 742;7;0;2;7;1;1
202300011178;155 660 740;7;15;0;1;1;1
202300011179;155 660 737;7;4;0;3;2;1
202300011180;155 660 736;7;13;0;9;14;1
202300011181;155 660 738;37;0;2;7;1;1
202300011181;155 660 739;60;0;2;1;5;5
202300011182;155 660 735;33;0;0;7;2;1
202300011183;155 660 734;7;14;0;1;1;0
202300011184;155 660 733;33;4;0;7;16;1
202300011185;155 660 731;7;0;0;3;2;1
202300011186;155 660 730;7;0;2;1;13;1
202300011186;155 660 732;21;0;2;1;1;1
202300011187;155 660 728;33;0;2;1;17;1
202300011187;155 660 729;20;0;0;3;15;1
202300011188;155 660 725;7;0;2;1;1;1
202300011188;155 660 727;7;0;2;3;1;1
202300011189;155 660 724;2;0;2;1;0;1
202300011189;155 660 726;2;0;0;1;0;1
202300011190;155 660 722;7;13;2;3;21;1
202300011190;155 660 723;7;0;2;3;13;1
202300011191;155 660 719;7;0;2;1;2;1
202300011191;155 660 721;0;0;2;4;2;
202300011192;155 660 718;1;0;2;1;26;5
202300011192;155 660 720;7;0;2;2;26;1
202300011193;155 660 714;7;0;2;2;9;1
202300011193;155 660 716;34;0;2;3;1;1
202300011194;155 660 715;7;0;0;1;1;1
202300011194;155 660 717;7;0;0;1;13;1
202300011195;155 660 712;7;0;2;1;2;1
202300011195;155 660 713;1;0;2;4;1;5
202300011196;155 660 711;7;6;0;1;1;1
202300011197;155 660 710;7;0;0;0;1;1
202300011198;155 660 709;32;0;0;8;1;1
202300011199;155 660 706;33;0;2;3;1;1
202300011199;155 660 708;7;0;2;3;1;1
202300011200;155 660 705;7;0;2;3;15;1
202300011200;155 660 707;3;0;2;1;1;1
202300011201;155 660 700;7;0;2;1;1;1
202300011201;155 660 702;7;0;2;8;1;1
202300011201;155 660 703;7;0;2;1;1;1
202300011201;155 660 704;7;0;2;1;13;1
202300011202;155 660 699;7;0;0;6;15;1
202300011202;155 660 701;32;0;2;1;1;1
202300011203;155 660 698;7;2;0;1;0;4
202300011204;155 660 696;14;0;1;2;26;1
202300011205;155 660 695;21;0;2;8;15;1
202300011205;155 660 697;31;0;2;3;1;1
202300011206;155 660 693;7;2;0;2;0;0
202300011207;155 660 691;7;0;2;3;13;1
202300011207;155 660 692;7;0;2;3;1;1
202300011208;155 660 689;2;0;2;1;1;1