Num_Acc;id_vehicule;categorie_vehicule;obstacle_fixe;obstacle_mobile;point_choc_initial;manoeuvre_principale;motorisation
202300011208;155 660 690;7;0;0;4;1;1
202300011209;155 660 688;36;13;0;3;1;0
202300011210;155 660 686;7;13;0;1;1;1
202300011211;155 660 685;7;0;2;3;13;1
202300011211;155 660 687;7;0;2;3;1;1
202300011212;155 660 683;7;0;2;7;1;1
202300011212;155 660 684;1;0;2;1;9;5
202300011213;155 660 682;7;13;0;1;26;1
202300011214;155 660 681;7;0;1;3;1;1
202300011215;155 660 680;7;0;1;3;1;1
202300011216;155 660 678;33;0;2;1;1;1
202300011216;155 660 679;7;0;2;1;15;1
202300011217;155 660 677;10;2;0;3;17;1
202300011218;155 660 676;7;15;0;1;1;1
202300011219;155 660 675;7;2;0;2;1;3
202300011220;155 660 674;33;6;9;1;1;1
202300011221;155 660 671;7;0;2;3;1;1
202300011221;155 660 673;7;0;2;3;13;2
202300011222;155 660 670;7;0;2;2;1;1
202300011222;155 660 672;7;0;2;3;1;1
202300011223;155 660 668;33;0;0;3;1;1
202300011224;155 660 667;10;0;2;1;1;1
202300011224;155 660 669;7;0;0;6;19;1
202300011225;155 660 663;7;2;0;1;17;1
202300011226;155 660 662;2;0;0;0;2;0
202300011226;155 660 664;7;0;2;0;17;0
202300011227;155 660 660;7;17;0;9;1;1
202300011228;155 660 656;7;0;2;7;1;1
202300011228;155 660 658;7;0;2;8;1;1
202300011228;155 660 659;7;0;2;8;1;1
202300011228;155 660 661;7;0;2;1;1;1
202300011229;155 660 655;7;0;2;1;1;1
202300011229;155 660 657;7;0;2;3;1;1
202300011230;155 660 651;7;0;2;4;17;1
202300011230;155 660 653;13;0;2;1;2;1
202300011230;155 660 654;7;0;2;6;1;1
202300011231;155 660 652;7;0;1;3;1;1
202300011232;155 660 650;7;13;0;1;1;1
202300011233;155 660 647;17;6;0;2;14;1
202300011234;155 660 646;7;0;2;1;2;1
202300011234;155 660 648;7;0;2;4;1;1
202300011234;155 660 649;7;0;2;1;2;1
202300011235;155 660 644;2;13;0;1;2;1
202300011236;155 660 643;7;13;2;1;11;1
202300011236;155 660 645;7;0;2;0;11;1
202300011237;155 660 640;7;4;0;3;13;0
202300011237;155 660 642;7;3;2;1;13;1
202300011238;155 660 638;7;0;2;3;9;1
202300011238;155 660 639;2;0;2;1;1;1
202300011238;155 660 641;7;0;2;1;1;1
202300011239;155 660 636;7;0;2;1;14;1
202300011239;155 660 637;7;0;2;1;1;1
202300011240;155 660 635;15;13;0;2;14;1
202300011241;155 660 634;33;3;0;1;3;1
202300011242;155 660 629;7;0;2;1;1;1
202300011242;155 660 631;7;0;2;7;15;1
202300011243;155 660 630;33;0;2;1;2;1
202300011243;155 660 632;7;0;2;1;2;1
202300011243;155 660 633;7;0;2;5;2;1
202300011244;155 660 626;7;13;0;2;1;1
202300011245;155 660 625;7;0;1;4;4;1
202300011246;155 660 623;7;6;0;1;14;1
202300011247;155 660 622;2;0;2;8;0;1
202300011247;155 660 624;7;0;2;3;5;0
202300011248;155 660 619;7;0;2;1;1;0
202300011248;155 660 621;33;0;2;1;13;0
202300011249;155 660 620;33;12;0;2;1;1
202300011250;155 660 616;33;0;2;1;17;1
202300011250;155 660 618;10;0;2;8;15;1
202300011251;155 660 615;7;0;2;3;1;1
202300011251;155 660 617;33;0;2;1;13;1
202300011252;155 660 614;7;11;0;1;1;1
202300011253;155 660 612;33;0;2;1;17;1
202300011253;155 660 613;14;0;2;3;1;1
202300011254;155 660 610;7;0;2;1;5;1
202300011254;155 660 611;7;0;2;1;1;1
202300011255;155 660 609;2;12;0;2;14;1
202300011256;155 660 607;1;0;2;4;2;5
202300011256;155 660 608;7;0;2;1;2;1
202300011257;155 660 605;7;0;2;6;19;1
202300011257;155 660 606;7;0;2;1;2;1
202300011258;155 660 603;33;0;2;1;2;1
202300011258;155 660 604;7;0;0;6;2;1
202300011259;155 660 601;7;0;2;5;3;1
202300011259;155 660 602;33;0;2;2;1;1
202300011260;155 660 599;7;0;2;1;12;1
202300011260;155 660 600;7;0;2;4;1;1
202300011261;155 660 597;80;0;2;1;0;3
202300011261;155 660 598;7;0;2;1;0;1
202300011262;155 660 595;7;0;2;3;1;1
202300011262;155 660 596;7;0;2;1;1;1
202300011263;155 660 593;7;0;2;2;2;1
202300011263;155 660 594;7;0;2;6;2;1
202300011264;155 660 591;7;0;2;1;2;1
202300011264;155 660 592;7;0;2;4;2;1
202300011265;155 660 589;7;3;2;0;1;1
202300011265;155 660 590;7;0;2;1;1;1
202300011266;155 660 588;7;0;0;0;9;1
202300011267;155 660 586;7;0;2;2;14;2
202300011267;155 660 587;33;0;2;1;18;1
202300011268;155 660 584;7;0;2;4;1;1
202300011268;155 660 585;7;0;2;1;2;1
202300011269;155 660 579;7;0;2;4;1;1
202300011269;155 660 581;7;0;2;1;2;1
202300011270;155 660 578;7;0;2;4;2;1
202300011270;155 660 580;10;0;2;4;1;1
202300011270;155 660 582;10;0;0;0;0;1
202300011270;155 660 583;7;0;2;4;2;1
202300011271;155 660 572;7;6;0;2;1;1
202300011272;155 660 569;7;4;0;3;13;1
202300011273;155 660 568;7;0;2;4;1;1
202300011273;155 660 570;7;0;2;5;1;1
202300011273;155 660 571;33;3;2;1;3;1
202300011273;155 660 573;7;0;2;7;1;1
202300011273;155 660 574;34;0;2;4;3;1
202300011273;155 660 575;7;0;2;4;1;1
202300011274;155 660 565;7;0;2;1;13;1
202300011274;155 660 567;37;0;2;1;0;1
202300011275;155 660 564;33;4;2;8;3;1
202300011275;155 660 566;7;4;2;5;14;1
202300011276;155 660 562;33;0;2;7;1;1
202300011276;155 660 563;7;0;2;3;11;1
202300011277;155 660 559;33;0;2;1;3;1
202300011277;155 660 560;7;0;2;8;13;1
202300011277;155 660 561;7;0;2;4;2;1
202300011278;155 660 558;33;3;0;8;12;1
202300011279;155 660 555;10;0;2;5;12;1
202300011279;155 660 556;33;0;2;8;1;1
202300011279;155 660 557;7;0;2;5;1;1
202300011280;155 660 553;33;0;2;3;3;1
202300011280;155 660 554;10;0;2;2;12;1
202300011281;155 660 552;7;4;0;1;1;1
202300011282;155 660 551;7;0;1;0;0;0
202300011283;155 660 550;7;4;0;1;26;1
202300011284;155 660 545;33;0;2;1;3;1
202300011284;155 660 546;10;0;2;3;2;1
202300011284;155 660 547;7;0;2;2;2;1
202300011284;155 660 548;7;0;2;4;2;1
202300011284;155 660 549;7;0;2;4;2;1
202300011285;155 660 543;10;0;2;3;15;1
202300011285;155 660 544;1;0;2;2;13;5
202300011286;155 660 541;7;7;0;7;1;1
202300011286;155 660 542;7;0;2;1;1;1
202300011287;155 660 538;33;0;2;1;5;0
202300011287;155 660 539;7;0;2;1;1;0
202300011287;155 660 540;7;0;2;1;1;0
202300011288;155 660 536;80;0;2;1;1;3
202300011288;155 660 537;1;0;2;1;1;5
202300011289;155 660 534;80;0;2;1;21;3
202300011289;155 660 535;7;0;0;5;23;1
202300011290;155 660 533;1;0;1;1;1;5
202300011291;155 660 532;50;12;0;0;2;3
202300011292;155 660 530;1;0;2;1;2;5
202300011292;155 660 531;7;0;2;4;1;2
202300011293;155 660 528;7;0;2;2;23;1
202300011293;155 660 529;43;0;2;1;1;1
202300011294;155 660 526;7;0;2;5;22;1
202300011294;155 660 527;2;0;2;3;18;3
202300011295;155 660 525;10;0;1;3;1;6
202300011296;155 660 523;7;0;2;3;10;1
202300011296;155 660 524;50;0;2;1;17;3
202300011297;155 660 522;7;0;1;7;1;1
202300011298;155 660 520;50;0;2;4;2;3
202300011298;155 660 521;1;0;0;0;2;5
202300011299;155 660 519;13;0;1;3;1;1
202300011300;155 660 518;14;0;1;1;2;1
202300011301;155 660 517;31;0;0;3;16;1
202300011302;155 660 516;7;0;1;3;1;1
202300011303;155 660 514;7;0;2;1;15;2
202300011303;155 660 515;33;0;2;1;15;1
202300011304;155 660 512;7;0;2;1;1;1
202300011304;155 660 513;31;0;2;4;1;1
202300011305;155 660 511;7;0;1;1;15;1
202300011306;155 660 509;31;0;2;6;1;1
202300011306;155 660 510;30;0;2;1;2;1
202300011307;155 660 508;50;0;1;0;1;3
202300011308;155 660 507;31;0;1;1;1;1
202300011309;155 660 505;33;0;2;0;13;1
202300011309;155 660 506;1;0;2;0;1;5
202300011310;155 660 504;80;0;1;1;1;3
202300011311;155 660 502;7;0;2;4;1;1
202300011311;155 660 503;32;0;2;1;1;1
202300011312;155 660 500;1;0;0;1;1;5
202300011312;155 660 501;7;0;0;1;5;3
202300011313;155 660 499;7;0;1;7;1;1
202300011314;155 660 498;10;0;1;6;4;1
202300011315;155 660 497;1;0;0;0;9;5
202300011316;155 660 495;7;0;2;3;2;2
202300011316;155 660 496;43;0;2;6;1;1
202300011317;155 660 493;7;0;2;4;15;2
202300011317;155 660 494;7;0;2;3;23;2
202300011318;155 660 491;7;0;2;0;1;1
202300011318;155 660 492;33;0;2;0;1;1
202300011319;155 660 489;33;0;2;7;1;1
202300011319;155 660 490;7;0;2;3;1;1
202300011320;155 660 488;1;0;0;0;1;5
202300011321;155 660 487;1;0;1;7;1;5
202300011322;155 660 485;50;0;2;1;1;3
202300011322;155 660 486;1;0;2;8;1;5
202300011323;155 660 482;1;0;0;0;1;5
202300011324;155 660 481;30;0;0;7;1;3
202300011325;155 660 479;32;0;2;3;16;1
202300011325;155 660 480;7;0;2;2;1;3
202300011326;155 660 477;80;0;2;7;1;3
202300011326;155 660 478;7;0;2;3;1;2
202300011327;155 660 476;30;0;0;1;1;1
202300011328;155 660 474;7;0;2;2;15;0
202300011328;155 660 475;1;0;2;8;15;5
202300011329;155 660 473;60;0;0;0;1;5
202300011330;155 660 472;32;12;0;0;1;1
202300011331;155 660 470;1;0;2;8;1;5
202300011331;155 660 471;7;0;2;3;15;1
202300011332;155 660 468;60;0;2;1;1;5
202300011332;155 660 469;7;0;2;2;15;1
202300011333;155 660 467;10;0;1;1;1;1
202300011334;155 660 466;7;0;0;0;12;1
202300011335;155 660 464;60;0;2;0;0;5
202300011335;155 660 465;7;0;2;3;15;1
202300011336;155 660 463;7;0;1;1;2;1
202300011337;155 660 462;7;12;0;8;0;1
202300011338;155 660 460;31;0;2;1;18;1
202300011338;155 660 461;7;0;2;5;14;1
202300011339;155 660 458;7;0;2;2;1;1
202300011339;155 660 459;7;0;2;6;1;1
202300011340;155 660 456;3;0;2;2;19;1
202300011340;155 660 457;7;0;2;3;19;1
202300011341;155 660 454;1;0;2;8;19;5
202300011341;155 660 455;7;0;2;3;19;1
202300011342;155 660 453;7;6;0;1;14;1
202300011343;155 660 451;43;0;2;2;19;1
202300011343;155 660 452;7;0;2;3;0;1
202300011344;155 660 450;7;0;1;4;7;1
202300011345;155 660 448;50;0;2;0;1;3
202300011345;155 660 449;7;0;9;0;0;1
202300011346;155 660 443;2;0;0;8;15;1
202300011347;155 660 442;7;0;1;1;16;1
202300011348;155 660 440;7;0;0;0;0;1
202300011348;155 660 441;33;0;0;1;1;1
202300011349;155 660 439;7;0;1;3;1;1
202300011350;155 660 437;7;9;2;1;9;1
202300011350;155 660 438;33;0;2;1;1;1
202300011351;155 660 436;7;0;1;1;1;1
202300011352;155 660 434;34;0;2;8;13;1
202300011352;155 660 435;33;0;2;7;1;1
202300011353;155 660 432;1;0;2;1;19;5
202300011353;155 660 433;7;0;2;5;21;1
202300011354;155 660 431;7;6;0;1;1;1
202300011355;155 660 429;50;0;2;7;1;3
202300011355;155 660 430;7;0;2;3;19;1
202300011356;155 660 428;7;0;1;2;19;1
202300011357;155 660 426;50;0;2;1;18;3
202300011357;155 660 427;7;0;2;2;16;1
202300011358;155 660 425;7;6;0;0;13;1
202300011359;155 660 424;33;16;0;1;1;1
202300011360;155 660 423;7;0;1;1;1;1
202300011361;155 660 422;50;0;0;0;1;3
202300011362;155 660 421;7;1;0;2;14;2
202300011363;155 660 419;7;1;0;1;1;1
202300011363;155 660 420;7;0;2;4;16;1
202300011364;155 660 417;7;0;2;1;15;1
202300011364;155 660 418;50;0;2;7;19;3
202300011365;155 660 415;1;0;2;4;15;5
202300011365;155 660 416;7;0;2;1;1;1
202300011366;155 660 414;33;0;0;0;1;1
202300011367;155 660 412;7;0;2;5;23;1
202300011367;155 660 413;7;0;2;3;1;1
202300011368;155 660 410;7;0;2;3;1;1
202300011368;155 660 411;1;0;2;1;1;5
202300011369;155 660 409;7;1;1;1;13;1
202300011370;155 660 407;7;0;2;1;19;1
202300011370;155 660 408;7;0;2;1;0;1
202300011371;155 660 405;33;0;2;1;2;1
202300011371;155 660 406;7;0;2;4;1;1
202300011372;155 660 403;7;0;2;1;1;1
202300011372;155 660 404;7;0;2;1;15;1
202300011373;155 660 401;7;0;2;8;1;1
202300011373;155 660 402;7;0;2;1;1;1
202300011374;155 660 399;2;0;2;1;2;1
202300011374;155 660 400;7;0;2;2;10;1
202300011375;155 660 398;7;1;0;2;0;2
202300011376;155 660 397;7;0;1;2;1;1
202300011377;155 660 395;33;0;2;3;3;1
202300011377;155 660 396;7;0;2;7;12;2
202300011378;155 660 392;7;0;2;2;1;1
202300011378;155 660 393;31;0;2;1;3;1
202300011378;155 660 394;10;0;2;6;1;1
202300011379;155 660 390;7;0;2;8;1;1
202300011379;155 660 391;7;0;2;3;1;1
202300011380;155 660 387;33;0;2;1;1;1
202300011380;155 660 388;7;0;2;5;12;0
202300011380;155 660 389;33;0;2;2;1;1
202300011381;155 660 386;7;0;1;3;15;2
202300011382;155 660 385;7;0;0;3;11;1
202300011383;155 660 384;7;2;0;0;13;1
202300011384;155 660 382;7;0;2;2;1;1
202300011384;155 660 383;7;0;2;2;13;1
202300011385;155 660 380;7;0;2;1;13;3
202300011385;155 660 381;7;0;2;1;13;1
202300011386;155 660 378;7;13;2;3;13;1
202300011386;155 660 379;7;13;2;3;1;1
202300011387;155 660 377;7;0;1;2;1;0
202300011388;155 660 375;33;0;2;7;17;1
202300011388;155 660 376;7;0;2;8;15;1
202300011389;155 660 373;13;0;2;1;1;1
202300011389;155 660 374;2;0;2;2;13;1
202300011390;155 660 372;7;13;0;9;13;1
202300011391;155 660 371;7;2;0;1;13;1
202300011392;155 660 369;7;0;2;2;1;0
202300011392;155 660 370;7;2;2;6;17;0
202300011393;155 660 368;7;2;0;1;1;1
202300011394;155 660 367;33;5;0;1;1;1
202300011395;155 660 366;7;2;0;2;1;0
202300011396;155 660 365;10;0;1;3;1;1
202300011397;155 660 363;7;13;2;5;26;1
202300011397;155 660 364;10;4;0;6;0;1
202300011398;155 660 354;7;0;0;8;0;0
202300011398;155 660 355;10;0;2;1;0;0
202300011398;155 660 356;10;0;2;1;0;0
202300011398;155 660 357;7;0;0;1;1;0
202300011398;155 660 358;7;0;0;7;0;0
202300011399;155 660 352;7;4;2;7;1;1
202300011399;155 660 353;7;4;2;8;11;1
202300011400;155 660 351;10;2;0;2;14;1
202300011401;155 660 349;13;0;0;4;15;0
202300011401;155 660 350;31;0;0;3;17;0
202300011402;155 660 348;7;8;0;1;1;1
202300011403;155 660 346;10;1;1;1;2;1
202300011403;155 660 347;13;0;2;4;24;1
202300011404;155 660 345;7;16;0;8;13;1
202300011405;155 660 344;36;6;1;3;26;1
202300011406;155 660 342;37;0;2;3;1;1
202300011406;155 660 343;7;0;2;3;1;1
202300011407;155 660 340;7;8;2;1;5;1
202300011407;155 660 341;7;0;0;1;1;1
202300011408;155 660 339;2;0;0;7;0;1
202300011409;155 660 338;7;13;0;0;0;1
202300011410;155 660 337;7;0;1;2;16;1
202300011411;155 660 335;7;0;2;3;1;1
202300011411;155 660 336;1;0;2;7;9;5
202300011412;155 660 334;7;0;1;2;1;1
202300011413;155 660 332;7;0;2;4;1;1
202300011413;155 660 333;7;0;0;3;1;1
202300011414;155 660 331;7;8;0;1;2;1
202300011415;155 660 330;7;3;0;2;1;1
202300011416;155 660 328;99;0;2;2;1;1
202300011416;155 660 329;7;0;2;3;1;1
202300011417;155 660 327;7;4;0;1;1;1
202300011418;155 660 326;7;3;0;3;13;1
202300011419;155 660 324;7;0;2;3;11;1
202300011419;155 660 325;7;0;2;2;1;1
202300011420;155 660 322;7;0;2;2;12;1
202300011420;155 660 323;7;0;2;3;1;1
202300011421;155 660 320;33;0;2;1;3;1
202300011421;155 660 321;7;0;2;5;1;1
202300011422;155 660 316;7;13;2;3;13;1
202300011422;155 660 318;7;13;2;1;2;1
202300011422;155 660 319;7;13;2;3;1;1
202300011423;155 660 315;31;0;2;4;3;1
202300011423;155 660 317;7;0;2;1;12;1
202300011424;155 660 314;31;1;9;1;1;1
202300011425;155 660 312;7;0;1;3;16;1
202300011426;155 660 311;7;0;1;2;1;1
202300011427;155 660 309;7;0;2;1;2;1
202300011427;155 660 310;7;0;2;4;2;1
202300011427;155 660 313;7;0;2;4;2;1
202300011428;155 660 307;7;0;2;1;0;0
202300011428;155 660 308;17;0;2;6;26;0
202300011429;155 660 304;7;0;2;5;1;1
202300011429;155 660 306;31;0;2;1;1;1
202300011430;155 660 305;7;8;0;3;13;0
202300011431;155 660 302;10;4;0;1;26;1
202300011432;155 660 301;10;0;2;3;1;1
202300011432;155 660 303;7;0;2;3;1;1
202300011433;155 660 299;7;2;0;3;13;1
202300011434;155 660 297;7;0;2;2;2;1
202300011434;155 660 300;7;0;2;6;11;1
202300011435;155 660 296;33;0;2;1;1;1
202300011435;155 660 298;7;0;2;7;15;1
202300011436;155 660 295;7;14;0;3;12;1
202300011437;155 660 293;7;0;2;3;1;3
202300011437;155 660 294;7;0;2;3;1;1
202300011438;155 660 290;1;1;0;1;1;5
202300011439;155 660 289;7;4;2;6;1;0
202300011439;155 660 291;7;0;2;1;2;0
202300011439;155 660 292;17;0;2;2;12;0
202300011440;155 660 285;2;0;0;3;25;1
202300011441;155 660 283;7;12;0;3;1;1
202300011442;155 660 284;10;0;2;4;1;1
202300011442;155 660 286;7;4;2;9;1;1
202300011442;155 660 287;10;0;2;4;0;1
202300011443;155 660 282;7;0;1;1;1;0
202300011444;155 660 280;7;10;0;0;24;1
202300011445;155 660 278;15;0;2;1;1;1
202300011445;155 660 279;15;0;2;4;1;1
202300011445;155 660 281;15;0;2;4;1;1
202300011446;155 660 277;2;0;0;0;1;1
202300011447;155 660 275;33;0;0;6;1;1
202300011448;155 660 274;33;0;2;2;3;1
202300011448;155 660 276;7;0;2;3;11;1
202300011449;155 660 271;7;0;0;4;23;1
202300011449;155 660 272;7;0;2;1;2;1
202300011449;155 660 273;10;0;2;1;2;0
202300011450;155 660 270;38;10;0;1;1;1
202300011451;155 660 267;7;0;1;4;4;1
202300011452;155 660 268;7;0;2;5;2;1
202300011452;155 660 269;31;0;2;1;18;1
202300011453;155 660 264;7;0;2;1;13;1
202300011453;155 660 266;7;0;2;1;1;1
202300011454;155 660 260;7;0;2;3;13;1
202300011454;155 660 262;2;0;2;1;1;1
202300011455;155 660 259;7;9;0;8;1;1
202300011456;155 660 261;10;0;2;4;23;1
202300011456;155 660 263;7;0;2;4;1;1
202300011456;155 660 265;10;0;2;1;1;1
202300011457;155 660 257;7;15;0;3;13;1
202300011458;155 660 254;7;0;2;1;1;1
202300011458;155 660 255;7;3;2;4;1;1
202300011458;155 660 256;7;3;2;4;1;1
202300011458;155 660 258;7;3;2;7;1;1
202300011459;155 660 252;17;0;2;1;1;1
202300011459;155 660 253;10;0;0;7;1;1
202300011460;155 660 249;10;3;2;2;2;1
202300011460;155 660 250;15;0;2;6;2;1
202300011461;155 660 245;7;3;0;8;0;1
202300011461;155 660 247;7;14;0;1;1;1
202300011462;155 660 246;10;0;2;6;1;3
202300011462;155 660 248;7;14;0;3;1;1
202300011462;155 660 251;33;0;2;1;0;1
202300011463;155 660 242;7;0;2;2;14;1
202300011463;155 660 244;17;0;2;8;1;1
202300011464;155 660 238;7;0;2;4;23;1
202300011464;155 660 241;7;0;2;1;2;1
202300011464;155 660 243;10;0;2;3;1;1
202300011465;155 660 234;10;0;2;3;1;1
202300011465;155 660 236;14;3;2;2;19;1
202300011466;155 660 230;7;14;0;2;1;1
202300011466;155 660 232;7;14;0;1;1;1
202300011466;155 660 233;7;0;0;0;0;1
202300011467;155 660 229;7;0;2;1;1;1
202300011467;155 660 231;7;0;2;1;9;1
202300011468;155 660 227;10;0;2;2;1;1
202300011468;155 660 228;2;0;2;3;10;1
202300011469;155 660 225;7;13;0;2;14;1
202300011470;155 660 224;50;0;2;1;1;3
202300011470;155 660 226;7;0;2;7;1;1
202300011471;155 660 222;7;0;2;1;13;3
202300011471;155 660 223;7;0;2;3;1;1
202300011472;155 660 218;7;0;2;1;1;1
202300011472;155 660 219;7;0;2;1;1;1
202300011472;155 660 220;7;0;2;2;13;1
202300011473;155 660 217;7;0;2;1;1;1
202300011473;155 660 221;3;0;2;1;16;1
202300011474;155 660 216;35;12;0;5;2;1
202300011475;155 660 213;7;3;0;1;26;1
202300011476;155 660 214;7;0;2;3;1;0
202300011476;155 660 215;7;0;2;2;15;0
202300011477;155 660 211;7;0;2;1;17;1
202300011477;155 660 212;10;0;2;1;1;1
202300011478;155 660 207;7;0;2;1;0;1
202300011478;155 660 210;7;0;2;2;1;1
202300011479;155 660 205;7;0;2;1;1;1
202300011479;155 660 206;7;0;2;1;1;1
202300011479;155 660 208;7;0;2;1;5;1
202300011479;155 660 209;7;0;2;1;1;1
202300011480;155 660 204;7;0;1;1;1;1
202300011481;155 660 202;7;0;2;1;13;1
202300011481;155 660 203;7;0;2;1;1;1
202300011482;155 660 199;33;0;2;7;1;1
202300011482;155 660 201;80;12;2;1;2;3
202300011483;155 660 198;7;7;2;1;2;1
202300011483;155 660 200;7;7;2;1;2;1
202300011484;155 660 195;50;0;2;7;19;3
202300011484;155 660 196;7;0;2;1;9;1
202300011485;155 660 194;7;0;2;1;2;1
202300011485;155 660 197;7;0;2;0;0;1
202300011486;155 660 193;7;0;1;8;1;0
202300011487;155 660 191;17;0;2;2;1;1
202300011487;155 660 192;7;0;2;3;9;1
202300011488;155 660 187;15;0;2;5;12;1
202300011488;155 660 189;7;0;2;7;1;1
202300011489;155 660 188;7;0;2;1;13;1
202300011489;155 660 190;7;0;2;1;1;1
202300011490;155 660 185;7;0;2;4;23;1
202300011490;155 660 186;15;1;0;1;2;1
202300011491;155 660 182;7;4;2;1;2;1
202300011491;155 660 183;7;4;2;4;2;0
202300011492;155 660 184;32;12;0;6;13;1
202300011493;155 660 177;7;0;2;4;23;2
202300011493;155 660 178;7;0;2;1;23;1
202300011493;155 660 179;7;0;2;4;23;1
202300011493;155 660 181;10;0;2;1;2;1
202300011494;155 660 176;3;0;2;2;0;1
202300011494;155 660 180;1;0;2;0;0;5
202300011495;155 660 174;17;0;2;7;12;1
202300011495;155 660 175;7;4;2;8;1;1
202300011496;155 660 171;7;0;2;7;11;1
202300011496;155 660 172;43;0;2;5;26;1
202300011497;155 660 169;31;0;0;0;1;1
202300011498;155 660 168;50;0;2;1;5;3
202300011498;155 660 170;7;0;2;2;9;1
202300011499;155 660 166;31;14;0;1;1;1
202300011500;155 660 164;7;0;2;4;2;1
202300011500;155 660 165;7;0;2;0;2;1
202300011500;155 660 167;7;0;2;1;2;1
202300011501;155 660 162;50;0;2;2;1;3
202300011501;155 660 163;7;0;2;1;19;1
202300011502;155 660 161;7;0;1;2;1;2
202300011503;155 660 159;1;0;1;1;1;5
202300011504;155 660 158;30;0;2;3;17;1
202300011504;155 660 160;7;0;9;3;15;1
202300011505;155 660 156;7;0;2;7;22;2
202300011505;155 660 157;80;0;2;1;1;3
202300011506;155 660 155;7;0;1;1;1;1
202300011507;155 660 152;14;0;2;0;23;1
202300011507;155 660 154;7;0;2;2;17;1
202300011508;155 660 153;10;4;0;1;26;1
202300011509;155 660 150;30;0;1;1;1;3
202300011510;155 660 149;7;0;2;5;15;1
202300011510;155 660 151;2;0;2;1;1;1
202300011511;155 660 147;7;0;1;4;4;1
202300011512;155 660 145;30;0;2;2;17;1
202300011512;155 660 146;7;0;2;0;16;1
202300011512;155 660 148;10;0;2;0;16;1
202300011513;155 660 143;7;5;0;3;0;0
202300011513;155 660 144;50;3;0;0;0;3
202300011514;155 660 141;7;0;2;3;15;1
202300011514;155 660 142;50;0;2;1;1;3
202300011515;155 660 140;7;0;1;3;0;3
202300011516;155 660 138;7;0;2;0;15;0
202300011516;155 660 139;34;0;2;1;1;1
202300011517;155 660 135;7;0;2;4;2;1
202300011517;155 660 137;7;0;2;1;2;1
202300011518;155 660 134;7;0;2;7;16;2
202300011518;155 660 136;50;0;2;2;1;3
202300011519;155 660 131;7;0;2;6;15;1
202300011519;155 660 133;32;0;2;1;2;1
202300011520;155 660 132;7;0;1;1;1;1
202300011521;155 660 128;7;0;2;3;1;1
202300011521;155 660 129;34;0;2;7;13;1
202300011521;155 660 130;10;0;2;3;1;1
202300011522;155 660 126;60;0;2;8;5;5
202300011522;155 660 127;7;0;9;3;16;1
202300011523;155 660 124;7;0;2;8;22;1
202300011523;155 660 125;1;0;2;0;1;5
202300011524;155 660 121;1;0;2;1;1;5
202300011524;155 660 122;7;0;2;1;15;1
202300011525;155 660 120;7;0;2;7;17;1
202300011525;155 660 123;7;0;2;2;15;1
202300011526;155 660 119;50;0;0;7;1;3
202300011527;155 660 117;7;0;2;4;2;1
202300011527;155 660 118;7;0;2;1;2;1
202300011528;155 660 116;50;12;0;1;13;3
202300011529;155 660 115;2;13;0;1;1;1
202300011530;155 660 113;7;0;2;3;9;1
202300011530;155 660 114;37;0;2;2;1;1
202300011531;155 660 111;7;0;2;2;15;0
202300011531;155 660 112;1;0;2;0;0;5
202300011532;155 660 110;7;0;1;2;1;2
202300011533;155 660 107;7;0;2;1;15;0
202300011533;155 660 109;33;0;2;8;16;0
202300011534;155 660 108;30;0;0;0;1;1
202300011535;155 660 105;7;0;2;4;23;1
202300011535;155 660 106;7;0;2;1;1;1
202300011536;155 660 104;1;13;0;1;15;5
202300011537;155 660 102;7;0;2;2;16;1
202300011537;155 660 103;33;0;2;1;1;1
202300011538;155 660 101;7;0;1;1;10;1
202300011539;155 660 098;7;0;2;3;2;1
202300011539;155 660 099;32;0;2;2;2;1
202300011540;155 660 095;1;0;9;0;0;5
202300011540;155 660 097;7;0;9;1;15;1
202300011541;155 660 093;32;0;2;4;1;1
202300011542;155 660 094;7;0;2;0;0;3
202300011542;155 660 096;30;0;2;1;0;3
202300011543;155 660 091;1;8;2;8;2;5
202300011543;155 660 092;14;0;9;7;11;0
202300011544;155 660 088;1;0;2;8;1;5
202300011544;155 660 089;7;0;9;3;13;3
202300011545;155 660 087;34;12;2;5;1;1
202300011545;155 660 090;7;0;2;6;1;1
202300011546;155 660 085;10;0;2;3;15;0
202300011546;155 660 086;34;0;2;1;1;0
202300011547;155 660 082;30;0;2;1;3;1
202300011547;155 660 083;7;0;2;8;15;1
202300011548;155 660 081;7;0;2;1;2;1
202300011548;155 660 084;30;0;2;3;0;1
202300011549;155 660 078;1;0;2;1;1;5
202300011549;155 660 080;7;0;9;2;15;1
202300011550;155 660 077;33;0;2;1;1;1
202300011550;155 660 079;10;0;2;6;11;1
202300011551;155 660 076;80;8;0;1;1;3
202300011552;155 660 074;7;0;2;2;1;1
202300011552;155 660 075;7;0;2;3;15;1
202300011553;155 660 073;2;0;1;1;21;1
202300011554;155 660 071;10;0;1;2;1;1
202300011555;155 660 068;7;0;2;1;0;1
202300011555;155 660 069;17;0;0;6;1;1
202300011556;155 660 066;7;15;9;3;1;1
202300011557;155 660 064;7;0;1;2;15;1
202300011558;155 660 063;36;1;0;3;1;0
202300011559;155 660 060;99;0;2;1;1;1