Num_Acc;id_vehicule;categorie_vehicule;obstacle_fixe;obstacle_mobile;point_choc_initial;manoeuvre_principale;motorisation
202300011559;155 660 061;7;15;0;4;15;1
202300011559;155 660 062;7;0;9;3;1;1
202300011560;155 660 059;7;0;1;1;1;1
202300011561;155 660 057;7;4;0;6;0;1
202300011561;155 660 058;7;0;2;2;17;1
202300011562;155 660 055;2;0;0;1;0;1
202300011563;155 660 054;2;0;2;1;19;0
202300011563;155 660 056;7;0;2;8;2;1
202300011564;155 660 051;7;0;2;1;2;1
202300011564;155 660 052;7;0;2;4;2;1
202300011564;155 660 053;7;0;2;4;2;1
202300011565;155 660 049;7;0;2;1;1;1
202300011565;155 660 050;2;0;2;4;1;1
202300011566;155 660 048;7;12;0;1;1;1
202300011567;155 660 046;7;0;1;3;15;1
202300011568;155 660 045;7;0;2;1;1;1
202300011568;155 660 047;1;0;2;0;26;5
202300011569;155 660 043;7;0;2;8;1;1
202300011569;155 660 044;33;0;2;8;1;1
202300011570;155 660 040;7;0;2;3;15;1
202300011570;155 660 041;7;0;2;3;1;1
202300011571;155 660 039;32;7;0;1;1;1
202300011572;155 660 038;7;14;0;1;26;1
202300011573;155 660 037;7;13;0;2;1;1
202300011574;155 660 034;7;0;2;2;1;1
202300011574;155 660 036;10;0;2;5;15;1
202300011575;155 660 033;2;0;2;4;26;0
202300011575;155 660 035;3;0;2;0;0;0
202300011576;155 660 030;50;0;2;1;1;3
202300011576;155 660 032;7;0;2;3;9;1
202300011577;155 660 029;7;0;2;4;1;1
202300011577;155 660 031;10;0;2;1;1;1
202300011578;155 660 027;7;0;2;2;1;0
202300011578;155 660 028;7;0;2;3;9;0
202300011579;155 660 024;7;0;2;1;1;1
202300011579;155 660 026;7;0;2;2;1;1
202300011580;155 660 023;7;4;0;0;0;1
202300011581;155 660 021;7;0;1;6;4;1
202300011582;155 660 020;7;0;2;1;1;1
202300011582;155 660 022;7;0;2;1;1;1
202300011583;155 660 018;7;2;0;1;0;1
202300011584;155 660 017;7;0;2;3;9;1
202300011584;155 660 019;1;0;2;0;1;5
202300011585;155 660 016;7;2;0;9;1;1
202300011586;155 660 011;7;2;0;1;0;1
202300011587;155 660 012;1;0;2;1;23;5
202300011587;155 660 015;7;0;2;3;15;1
202300011588;155 660 009;1;0;0;7;19;5
202300011588;155 660 010;7;0;9;1;1;0
202300011589;155 660 007;50;0;2;7;17;3
202300011589;155 660 008;21;0;2;6;0;1
202300011590;155 660 006;7;2;0;2;1;1
202300011591;155 660 005;7;13;0;1;13;1
202300011592;155 660 003;7;0;2;1;2;1
202300011592;155 660 004;2;0;2;4;2;0
202300011593;155 659 998;7;0;2;3;2;1
202300011593;155 659 999;32;0;2;4;1;1
202300011593;155 660 000;14;0;2;3;2;1
202300011594;155 659 997;7;12;0;1;13;1
202300011595;155 659 995;7;0;1;2;1;1
202300011596;155 659 994;10;15;0;4;4;1
202300011597;155 659 990;7;0;2;1;1;1
202300011597;155 659 991;7;0;2;8;19;1
202300011598;155 659 989;30;0;0;7;1;1
202300011599;155 659 986;2;0;2;1;1;1
202300011599;155 659 988;7;0;0;4;1;1
202300011600;155 659 987;30;0;0;0;1;1
202300011601;155 659 985;7;0;1;1;2;1
202300011602;155 659 981;1;0;2;1;1;5
202300011602;155 659 982;7;0;2;3;16;1
202300011603;155 659 983;7;0;2;1;2;1
202300011603;155 659 984;7;0;2;4;1;1
202300011604;155 659 979;7;0;2;1;13;1
202300011604;155 659 980;7;0;2;3;13;1
202300011605;155 659 978;7;15;0;2;1;3
202300011606;155 659 977;10;0;1;1;0;1
202300011607;155 659 976;31;0;0;0;1;0
202300011608;155 659 975;33;16;0;0;2;1
202300011609;155 659 974;1;0;1;1;1;5
202300011610;155 659 972;33;0;2;0;1;1
202300011610;155 659 973;7;0;2;0;11;1
202300011611;155 659 968;7;0;2;2;14;0
202300011611;155 659 970;7;0;2;8;1;0
202300011612;155 659 969;34;0;2;3;1;1
202300011612;155 659 971;7;0;2;2;15;1
202300011613;155 659 967;7;3;2;1;17;1
202300011614;155 659 966;10;0;1;1;15;0
202300011615;155 659 964;10;0;2;4;2;1
202300011615;155 659 965;7;0;2;1;14;1
202300011616;155 659 962;7;0;2;2;1;1
202300011616;155 659 963;14;0;2;3;1;1
202300011617;155 659 959;7;0;2;1;2;1
202300011617;155 659 960;7;0;2;4;2;1
202300011617;155 659 961;7;0;2;4;2;1
202300011618;155 659 957;7;0;2;3;15;1
202300011618;155 659 958;2;0;2;8;1;1
202300011619;155 659 955;7;0;2;4;2;1
202300011619;155 659 956;7;0;2;1;2;1
202300011620;155 659 954;7;0;1;1;1;1
202300011621;155 659 951;7;0;2;7;16;1
202300011621;155 659 953;50;0;2;1;25;3
202300011622;155 659 948;7;0;1;3;15;1
202300011623;155 659 947;7;0;2;4;1;1
202300011623;155 659 949;7;0;2;6;1;1
202300011623;155 659 950;7;0;2;2;1;1
202300011623;155 659 952;33;0;2;2;3;1
202300011624;155 659 946;7;0;1;7;20;1
202300011625;155 659 942;7;0;2;1;2;1
202300011625;155 659 944;7;0;2;4;2;1
202300011625;155 659 945;7;0;2;4;2;1
202300011626;155 659 941;2;14;0;7;1;1
202300011626;155 659 943;7;0;2;1;9;1
202300011627;155 659 940;7;0;1;3;1;1
202300011628;155 659 938;41;13;0;0;13;1
202300011629;155 659 935;37;0;2;7;0;1
202300011629;155 659 936;1;0;2;7;0;5
202300011630;155 659 934;50;12;0;1;13;3
202300011631;155 659 932;1;0;2;1;1;5
202300011631;155 659 933;7;0;2;3;17;1
202300011632;155 659 931;7;4;0;1;1;0
202300011633;155 659 929;2;0;2;1;2;1
202300011633;155 659 930;10;0;2;4;2;1
202300011634;155 659 928;80;8;;1;21;3
202300011635;155 659 924;7;0;2;1;17;1
202300011635;155 659 926;10;0;2;3;1;1
202300011636;155 659 925;7;0;0;0;0;1
202300011636;155 659 927;30;0;0;8;21;1
202300011637;155 659 921;7;0;2;3;26;1
202300011637;155 659 923;2;0;2;1;17;3
202300011638;155 659 920;7;0;1;1;26;1
202300011639;155 659 922;7;13;0;9;1;1
202300011640;155 659 919;33;0;0;0;21;1
202300011641;155 659 915;7;0;2;8;2;3
202300011641;155 659 916;33;0;2;7;17;1
202300011642;155 659 917;30;0;2;1;26;3
202300011642;155 659 918;10;0;2;4;0;0
202300011643;155 659 912;7;2;0;1;0;1
202300011644;155 659 913;7;0;1;3;19;1
202300011645;155 659 908;7;4;0;1;9;1
202300011646;155 659 907;7;0;2;1;13;1
202300011646;155 659 909;17;0;2;1;1;1
202300011646;155 659 911;7;0;2;2;0;3
202300011647;155 659 905;7;0;2;8;15;1
202300011647;155 659 906;7;0;2;1;1;1
202300011648;155 659 902;7;0;2;1;1;1
202300011648;155 659 903;7;0;2;4;10;1
202300011649;155 659 900;7;15;0;1;13;1
202300011650;155 659 899;7;0;2;1;1;1
202300011650;155 659 901;30;0;2;2;15;1
202300011651;155 659 896;7;0;2;1;1;0
202300011651;155 659 898;99;0;2;7;1;0
202300011652;155 659 895;7;0;2;2;16;1
202300011652;155 659 897;1;0;2;3;1;5
202300011653;155 659 893;50;0;2;1;19;3
202300011653;155 659 894;7;0;9;1;1;1
202300011654;155 659 892;7;0;0;1;14;1
202300011655;155 659 890;7;0;2;8;1;1
202300011655;155 659 891;30;0;2;8;9;1
202300011656;155 659 887;7;0;2;3;1;2
202300011656;155 659 888;7;0;2;1;13;1
202300011657;155 659 886;7;0;2;1;1;1
202300011657;155 659 889;10;0;2;7;1;1
202300011658;155 659 884;7;0;2;1;1;1
202300011658;155 659 885;7;0;2;1;5;1
202300011659;155 659 882;7;0;2;3;15;1
202300011659;155 659 883;33;0;2;2;0;1
202300011660;155 659 880;7;0;2;7;0;1
202300011660;155 659 881;33;0;2;1;0;1
202300011661;155 659 878;1;0;1;1;25;5
202300011662;155 659 877;7;0;2;3;1;0
202300011662;155 659 879;7;3;0;8;13;0
202300011663;155 659 874;7;13;1;1;1;1
202300011664;155 659 873;7;0;2;1;1;1
202300011664;155 659 875;7;0;2;1;13;1
202300011665;155 659 872;7;9;0;1;1;1
202300011666;155 659 871;50;14;0;1;1;3
202300011667;155 659 868;50;0;2;1;1;3
202300011667;155 659 870;10;0;2;8;1;1
202300011668;155 659 867;7;0;2;1;1;1
202300011668;155 659 869;7;0;2;3;1;0
202300011669;155 659 864;7;0;2;4;2;1
202300011669;155 659 866;7;0;2;1;2;1
202300011670;155 659 862;7;0;2;1;23;1
202300011670;155 659 863;7;0;2;1;23;1
202300011670;155 659 865;7;0;2;1;1;1
202300011671;155 659 860;7;0;2;4;2;1
202300011671;155 659 861;7;0;2;3;2;1
202300011672;155 659 858;7;0;2;6;20;1
202300011672;155 659 859;33;0;2;1;2;1
202300011673;155 659 857;2;0;0;1;20;1
202300011674;155 659 855;7;0;9;2;16;0
202300011674;155 659 856;1;0;0;0;0;5
202300011675;155 659 852;33;6;0;1;2;1
202300011676;155 659 850;7;9;0;1;15;1
202300011677;155 659 849;7;0;2;0;0;1
202300011677;155 659 851;7;0;2;0;0;1
202300011678;155 659 847;7;0;2;3;1;1
202300011678;155 659 848;1;0;0;0;0;5
202300011679;155 659 844;0;0;2;5;12;0
202300011679;155 659 845;32;1;2;1;1;1
202300011680;155 659 843;10;0;1;5;26;3
202300011681;155 659 846;7;8;1;1;16;1
202300011682;155 659 841;10;0;2;1;19;1
202300011682;155 659 842;10;0;2;2;1;1
202300011683;155 659 839;7;14;2;9;26;0
202300011684;155 659 840;33;9;0;1;1;0
202300011685;155 659 837;7;0;2;0;9;0
202300011685;155 659 838;2;0;2;0;0;1
202300011686;155 659 835;2;0;0;8;0;1
202300011687;155 659 834;33;9;2;8;1;1
202300011687;155 659 836;7;9;2;2;1;1
202300011688;155 659 832;7;0;2;2;2;0
202300011689;155 659 831;7;6;2;4;2;2
202300011689;155 659 833;10;0;2;1;2;1
202300011690;155 659 827;7;0;2;1;0;1
202300011690;155 659 829;7;0;2;3;0;1
202300011691;155 659 824;33;1;0;1;1;1
202300011691;155 659 825;7;1;0;8;20;1
202300011692;155 659 820;7;0;2;4;23;1
202300011692;155 659 822;10;0;2;1;9;1
202300011692;155 659 823;7;0;2;4;23;1
202300011693;155 659 818;7;0;2;5;15;0
202300011693;155 659 819;2;0;2;1;1;0
202300011694;155 659 814;7;0;0;1;1;1
202300011694;155 659 816;7;0;2;2;15;1
202300011695;155 659 813;7;0;2;1;13;1
202300011695;155 659 815;7;0;2;1;1;1
202300011696;155 659 811;10;0;2;7;1;1
202300011696;155 659 812;7;0;2;1;1;1
202300011697;155 659 809;7;0;2;8;12;1
202300011697;155 659 810;31;0;2;8;1;1
202300011698;155 659 807;10;0;2;8;16;1
202300011698;155 659 808;60;0;2;8;19;5
202300011699;155 659 805;10;0;1;1;1;1
202300011700;155 659 803;7;0;2;5;1;1
202300011700;155 659 804;43;0;2;4;3;1
202300011700;155 659 806;32;0;2;1;3;0
202300011701;155 659 801;7;0;2;1;2;1
202300011701;155 659 802;7;0;2;6;17;1
202300011702;155 659 799;33;0;2;1;1;1
202300011702;155 659 800;10;0;2;4;11;0
202300011703;155 659 798;7;0;1;3;9;1
202300011704;155 659 797;7;0;1;2;15;1
202300011705;155 659 793;33;0;2;1;1;1
202300011705;155 659 794;7;0;2;3;15;1
202300011706;155 659 795;7;0;2;4;2;1
202300011706;155 659 796;33;0;2;3;2;1
202300011707;155 659 790;33;0;2;0;21;1
202300011707;155 659 792;7;0;0;0;15;1
202300011708;155 659 787;7;1;0;1;14;1
202300011709;155 659 785;7;0;2;2;1;4
202300011709;155 659 788;33;0;2;9;3;1
202300011709;155 659 789;33;0;2;9;9;1
202300011709;155 659 791;7;0;2;3;1;1
202300011710;155 659 784;50;0;2;3;26;3
202300011710;155 659 786;7;0;2;8;15;1
202300011711;155 659 780;33;1;2;1;17;1
202300011711;155 659 783;7;0;2;3;15;6
202300011712;155 659 779;0;0;0;1;2;1
202300011713;155 659 777;7;0;2;5;1;1
202300011713;155 659 778;7;0;2;3;1;1
202300011714;155 659 776;7;0;1;2;9;1
202300011715;155 659 774;30;0;2;1;2;1
202300011715;155 659 775;1;0;2;4;1;5
202300011716;155 659 771;80;0;2;1;1;2
202300011716;155 659 773;7;0;2;4;23;1
202300011717;155 659 772;7;0;1;3;19;1
202300011718;155 659 770;30;16;0;1;1;1
202300011719;155 659 768;33;15;0;2;16;1
202300011720;155 659 765;7;0;1;2;16;1
202300011721;155 659 766;10;0;2;1;1;1
202300011721;155 659 767;7;0;2;4;1;1
202300011721;155 659 769;7;0;2;4;1;1
202300011722;155 659 763;30;0;2;4;23;1
202300011722;155 659 764;7;0;2;1;1;1
202300011723;155 659 760;7;0;2;7;1;1
202300011723;155 659 762;7;0;0;2;1;1
202300011724;155 659 761;7;0;1;1;1;2
202300011725;155 659 757;13;0;2;8;22;1
202300011725;155 659 759;1;0;2;1;1;5
202300011726;155 659 758;33;0;0;0;1;1
202300011727;155 659 753;7;1;0;1;1;1
202300011727;155 659 755;10;1;0;4;23;3
202300011728;155 659 754;10;0;2;3;22;1
202300011728;155 659 756;1;1;0;1;1;5
202300011729;155 659 752;1;0;1;0;5;5
202300011730;155 659 750;1;0;2;0;19;5
202300011730;155 659 751;33;0;2;1;1;1
202300011731;155 659 749;80;0;0;0;7;3
202300011732;155 659 748;1;0;0;0;1;5
202300011733;155 659 747;10;0;1;3;1;3
202300011734;155 659 745;13;0;2;0;15;0
202300011734;155 659 746;1;0;2;4;1;5
202300011735;155 659 743;7;0;2;5;12;1
202300011735;155 659 744;32;0;2;3;1;1
202300011736;155 659 741;7;0;2;8;15;1
202300011736;155 659 742;50;0;2;8;11;3
202300011737;155 659 739;7;8;2;2;15;0
202300011737;155 659 740;10;8;2;1;1;0
202300011738;155 659 736;34;0;2;1;1;0
202300011738;155 659 737;7;0;2;1;19;1
202300011739;155 659 734;7;0;2;1;1;3
202300011739;155 659 735;7;0;2;4;26;1
202300011740;155 659 730;7;0;2;3;16;1
202300011740;155 659 731;80;0;2;1;1;3
202300011741;155 659 728;7;0;2;3;9;1
202300011741;155 659 729;7;0;2;0;0;1
202300011742;155 659 727;7;6;0;2;26;1
202300011743;155 659 726;2;0;0;3;26;1
202300011744;155 659 725;7;1;0;2;1;0
202300011745;155 659 723;7;0;2;3;1;1
202300011745;155 659 724;7;0;2;3;1;1
202300011746;155 659 722;7;0;1;3;1;1
202300011747;155 659 720;7;0;2;1;1;2
202300011747;155 659 721;50;0;2;7;1;3
202300011748;155 659 718;30;0;9;4;2;1
202300011748;155 659 719;50;0;0;4;2;3
202300011749;155 659 714;7;0;2;4;2;0
202300011749;155 659 715;7;0;2;4;2;0
202300011749;155 659 716;7;0;2;1;2;0
202300011749;155 659 717;7;0;2;4;2;0
202300011750;155 659 712;33;0;2;1;9;1
202300011750;155 659 713;7;0;2;2;1;1
202300011751;155 659 711;33;0;1;1;1;1
202300011752;155 659 709;7;0;2;4;23;1
202300011752;155 659 710;43;0;2;1;2;1
202300011753;155 659 707;30;0;2;1;18;1
202300011753;155 659 708;37;0;2;7;16;1
202300011754;155 659 705;80;0;2;1;1;3
202300011754;155 659 706;7;0;2;3;15;2
202300011755;155 659 704;50;12;0;0;1;3
202300011756;155 659 702;7;0;2;1;16;1
202300011756;155 659 703;1;0;2;3;1;5
202300011757;155 659 700;50;0;2;2;25;3
202300011757;155 659 701;37;0;2;2;9;1
202300011758;155 659 696;7;0;2;2;2;1
202300011758;155 659 697;7;0;2;6;15;2
202300011759;155 659 694;7;0;2;4;16;1
202300011759;155 659 695;7;0;2;1;1;1
202300011760;155 659 692;1;0;2;4;1;5
202300011760;155 659 693;10;1;2;2;14;1
202300011761;155 659 690;7;0;2;2;16;1
202300011761;155 659 691;1;0;2;7;26;5
202300011762;155 659 687;7;0;2;1;0;1
202300011762;155 659 688;7;6;2;4;1;1
202300011762;155 659 689;7;12;2;7;1;1
202300011763;155 659 685;1;0;2;1;0;5
202300011763;155 659 686;10;0;2;1;0;1
202300011764;155 659 683;7;0;2;3;9;1
202300011764;155 659 684;43;0;2;1;1;1
202300011765;155 659 681;10;0;2;8;15;1
202300011765;155 659 682;33;0;2;7;17;1
202300011766;155 659 679;7;0;2;2;16;1
202300011766;155 659 680;1;0;2;8;19;5
202300011767;155 659 678;1;0;0;0;0;5
202300011768;155 659 676;7;12;2;1;1;1
202300011768;155 659 677;7;0;2;6;15;1
202300011769;155 659 675;33;0;0;7;21;1
202300011770;155 659 673;33;0;2;3;1;0
202300011770;155 659 674;7;0;2;2;9;0
202300011771;155 659 671;3;0;2;2;1;1
202300011771;155 659 672;1;0;0;1;16;5
202300011772;155 659 670;1;8;0;1;1;5
202300011773;155 659 669;34;0;2;1;3;1
202300011774;155 659 667;7;0;2;4;2;1
202300011774;155 659 668;2;0;2;1;2;1
202300011775;155 659 664;7;0;2;4;0;1
202300011775;155 659 665;7;0;2;1;0;1
202300011775;155 659 666;7;0;2;4;1;0
202300011776;155 659 662;34;0;2;7;15;1
202300011776;155 659 663;7;0;2;6;15;1
202300011777;155 659 660;7;0;2;2;26;1
202300011777;155 659 661;30;0;2;1;16;1
202300011778;155 659 657;10;0;2;2;1;1
202300011778;155 659 658;10;0;2;3;1;3
202300011778;155 659 659;7;0;2;5;1;1
202300011779;155 659 655;7;0;2;1;13;0
202300011779;155 659 656;7;0;2;1;1;0
202300011780;155 659 654;7;6;0;3;26;1
202300011781;155 659 653;7;3;0;1;0;1
202300011782;155 659 651;7;3;2;9;11;1
202300011782;155 659 652;7;0;2;3;2;1
202300011783;155 659 649;7;0;2;4;1;1
202300011783;155 659 650;7;6;2;1;1;1
202300011784;155 659 648;36;0;0;0;1;1
202300011785;155 659 647;7;2;0;2;1;1
202300011786;155 659 645;32;0;2;1;5;1
202300011786;155 659 646;7;0;2;3;1;1
202300011787;155 659 644;7;13;0;1;1;1
202300011788;155 659 643;7;6;0;1;1;1
202300011789;155 659 641;7;0;2;7;13;1
202300011789;155 659 642;1;0;2;1;1;5
202300011790;155 659 640;7;15;0;1;1;1
202300011791;155 659 637;7;0;0;1;0;1
202300011792;155 659 636;7;6;0;3;13;2
202300011793;155 659 633;31;0;0;0;1;1
202300011793;155 659 634;33;0;0;5;1;1
202300011793;155 659 635;33;0;2;3;1;1
202300011794;155 659 631;7;0;2;4;15;1
202300011794;155 659 632;7;0;2;1;2;1
202300011795;155 659 630;33;0;0;9;14;1
202300011796;155 659 628;7;0;2;3;15;0
202300011796;155 659 629;7;0;2;3;1;0
202300011797;155 659 627;7;8;0;2;0;1
202300011798;155 659 625;7;0;2;1;1;1
202300011798;155 659 626;7;0;2;1;5;1
202300011799;155 659 624;33;13;0;9;1;1
202300011800;155 659 622;7;0;2;1;13;1
202300011800;155 659 623;7;3;2;1;21;1
202300011801;155 659 621;33;8;0;1;14;1
202300011802;155 659 620;7;13;0;0;2;1
202300011803;155 659 618;7;0;2;2;15;1
202300011803;155 659 619;2;0;2;1;1;1
202300011804;155 659 617;7;8;0;7;0;1
202300011805;155 659 612;7;0;0;4;2;1
202300011805;155 659 613;10;0;2;1;2;1
202300011806;155 659 611;33;3;0;8;13;1
202300011807;155 659 609;7;0;2;3;19;1
202300011807;155 659 610;32;0;2;1;17;1
202300011808;155 659 608;7;4;0;3;13;3
202300011809;155 659 607;2;8;0;1;14;1
202300011810;155 659 604;15;0;0;8;24;1
202300011810;155 659 605;15;0;0;5;24;1
202300011810;155 659 606;7;1;0;1;9;2
202300011811;155 659 603;7;6;0;0;1;1
202300011812;155 659 602;32;13;0;1;14;1
202300011813;155 659 600;33;0;2;1;1;1
202300011813;155 659 601;10;0;2;7;15;1
202300011814;155 659 597;31;0;0;4;9;1
202300011814;155 659 598;7;0;2;1;2;1
202300011815;155 659 596;7;2;0;0;19;1
202300011816;155 659 594;33;0;2;1;19;1
202300011816;155 659 595;7;0;2;1;1;1
202300011817;155 659 593;33;3;0;7;1;1
202300011818;155 659 591;7;0;2;3;15;1
202300011818;155 659 592;33;0;2;1;17;1
202300011819;155 659 589;31;0;2;1;1;1
202300011819;155 659 590;10;0;2;6;10;1
202300011820;155 659 587;7;0;2;2;1;1
202300011820;155 659 588;7;13;2;7;1;1
202300011821;155 659 585;7;0;0;1;1;1
202300011821;155 659 586;7;0;0;3;1;1
202300011822;155 659 583;7;2;0;1;0;0
202300011823;155 659 581;7;0;2;3;13;1
202300011823;155 659 582;7;0;2;3;1;1
202300011824;155 659 580;30;2;0;1;1;1
202300011825;155 659 576;10;0;2;4;2;1
202300011825;155 659 577;7;0;2;1;2;1
202300011825;155 659 578;7;0;2;1;2;1
202300011825;155 659 579;7;0;2;6;2;1
202300011826;155 659 574;15;0;2;7;12;1
202300011826;155 659 575;7;0;2;8;1;1
202300011827;155 659 571;7;0;2;5;14;1
202300011827;155 659 572;33;0;2;1;3;1
202300011827;155 659 573;7;0;2;3;2;1
202300011828;155 659 568;10;0;2;4;1;1
202300011828;155 659 569;7;0;2;1;1;1
202300011828;155 659 570;7;0;2;4;1;1
202300011829;155 659 566;7;0;2;4;1;1
202300011829;155 659 567;7;0;2;1;1;1
202300011830;155 659 564;7;4;2;1;21;1
202300011830;155 659 565;10;0;2;8;1;1
202300011831;155 659 562;7;0;2;7;12;1
202300011831;155 659 563;43;0;2;8;3;1
202300011832;155 659 561;7;1;0;1;1;1
202300011833;155 659 559;7;3;0;4;1;1
202300011833;155 659 560;7;1;2;1;1;1
202300011834;155 659 557;7;0;2;6;15;1
202300011834;155 659 558;32;0;2;6;1;1
202300011835;155 659 555;2;0;2;1;17;1
202300011835;155 659 556;7;0;2;3;15;1
202300011836;155 659 554;33;15;0;3;26;1
202300011837;155 659 553;7;0;1;2;0;0
202300011838;155 659 552;7;3;0;1;0;1
202300011839;155 659 550;50;0;2;1;1;3
202300011839;155 659 551;7;0;2;5;15;1
202300011840;155 659 548;10;0;9;3;0;1
202300011840;155 659 549;34;0;2;7;15;1
202300011841;155 659 546;7;0;2;3;0;1
202300011841;155 659 547;1;0;2;0;0;5
202300011842;155 659 544;50;0;2;7;1;3
202300011842;155 659 545;10;0;2;1;9;1
202300011843;155 659 542;7;0;2;1;1;1
202300011843;155 659 543;7;0;2;3;1;1
202300011844;155 659 541;10;0;1;0;16;1
202300011845;155 659 539;7;0;2;1;1;1
202300011845;155 659 540;7;0;1;1;1;1
202300011846;155 659 537;7;0;0;6;13;1
202300011846;155 659 538;33;0;2;1;13;1
202300011847;155 659 536;7;0;1;4;4;1
202300011848;155 659 535;7;0;1;0;1;1
202300011849;155 659 533;50;0;2;1;1;3
202300011849;155 659 534;7;0;9;3;19;1
202300011850;155 659 531;7;0;2;0;15;1
202300011850;155 659 532;34;0;2;8;1;1
202300011851;155 659 530;7;0;1;1;2;1
202300011852;155 659 528;7;0;2;3;15;1
202300011852;155 659 529;33;0;2;5;11;1
202300011853;155 659 527;50;0;0;0;14;3
202300011854;155 659 525;7;0;2;2;1;1
202300011854;155 659 526;7;0;9;3;16;1
202300011855;155 659 524;7;1;0;2;0;1
202300011856;155 659 522;7;0;2;2;15;1
202300011856;155 659 523;7;0;2;1;1;1
202300011857;155 659 519;7;1;2;1;26;1
202300011857;155 659 520;1;0;2;1;1;5
202300011857;155 659 521;1;0;2;1;1;5
202300011858;155 659 517;7;0;2;8;1;1
202300011858;155 659 518;7;0;2;1;1;1
202300011859;155 659 513;7;0;2;4;2;2
202300011859;155 659 514;7;0;2;4;2;1
202300011859;155 659 515;7;0;2;4;2;1
202300011859;155 659 516;7;0;2;4;2;1
202300011860;155 659 512;7;0;2;1;2;1
202300011861;155 659 510;50;0;2;5;4;3
202300011861;155 659 511;7;0;2;5;20;1
202300011862;155 659 509;0;0;1;1;1;0
202300011863;155 659 507;31;0;2;7;1;1
202300011863;155 659 508;7;0;2;8;15;1
202300011864;155 659 505;7;0;2;3;9;1
202300011864;155 659 506;33;0;2;5;1;1
202300011865;155 659 504;7;0;1;7;15;1
202300011866;155 659 503;7;0;1;1;1;1
202300011867;155 659 501;7;0;2;1;19;1
202300011867;155 659 502;1;0;2;8;1;5
202300011868;155 659 500;2;0;0;3;17;3
202300011869;155 659 498;7;0;2;4;2;1
202300011869;155 659 499;10;0;2;1;2;1
202300011870;155 659 496;10;0;2;1;1;1
202300011870;155 659 497;7;0;2;4;1;1
202300011871;155 659 495;7;0;1;2;5;1
202300011872;155 659 493;33;0;2;1;1;1
202300011872;155 659 494;7;0;2;8;10;1
202300011873;155 659 491;30;0;0;8;7;0
202300011873;155 659 492;7;0;0;2;20;0
202300011874;155 659 489;1;0;2;8;1;5
202300011874;155 659 490;7;0;9;2;14;1
202300011875;155 659 488;1;0;0;8;15;5
202300011876;155 659 486;7;0;2;1;2;1
202300011876;155 659 487;7;0;0;5;1;1
202300011877;155 659 485;31;12;0;1;1;1
202300011878;155 659 483;7;0;2;3;1;1
202300011878;155 659 484;7;0;2;3;13;1
202300011879;155 659 482;7;0;2;1;1;1
202300011880;155 659 480;7;0;2;4;4;1
202300011880;155 659 481;80;0;2;5;1;3
202300011881;155 659 479;7;6;0;1;15;1
202300011882;155 659 476;7;1;0;1;1;1
202300011882;155 659 477;7;0;2;6;24;1
202300011882;155 659 478;7;0;2;4;23;1
202300011883;155 659 473;7;0;2;4;1;1
202300011883;155 659 474;2;0;2;1;2;1
202300011883;155 659 475;10;0;2;1;1;1
202300011884;155 659 471;7;0;2;1;1;1
202300011884;155 659 472;1;0;2;7;1;5
202300011885;155 659 469;1;0;2;6;1;5
202300011885;155 659 470;7;0;2;1;16;1
202300011886;155 659 467;7;0;2;7;19;1
202300011886;155 659 468;37;0;2;2;1;1
202300011887;155 659 466;7;0;1;0;1;1
202300011888;155 659 464;7;0;2;3;13;0
202300011888;155 659 465;7;0;2;3;1;1
202300011889;155 659 462;32;0;2;1;1;1
202300011889;155 659 463;7;0;2;7;15;1
202300011890;155 659 460;7;0;2;1;2;1
202300011890;155 659 461;7;0;2;4;2;1
202300011891;155 659 458;10;0;2;1;1;1
202300011891;155 659 459;7;0;2;5;13;1
202300011892;155 659 456;7;0;2;1;13;1
202300011892;155 659 457;7;0;2;1;1;1
202300011893;155 659 454;10;0;2;1;1;1
202300011893;155 659 455;7;0;2;1;17;1
202300011894;155 659 452;7;0;2;2;19;1
202300011894;155 659 453;2;0;2;1;0;1
202300011895;155 659 451;7;1;1;1;16;1
202300011896;155 659 450;7;0;1;1;1;1
202300011897;155 659 449;7;0;2;1;1;1
202300011898;155 659 447;7;0;2;3;15;1
202300011898;155 659 448;2;0;2;1;1;0
202300011899;155 659 445;7;0;2;2;0;1
202300011899;155 659 446;7;14;2;6;26;1
202300011900;155 659 443;7;0;2;1;2;1
202300011900;155 659 444;7;0;2;4;2;1
202300011901;155 659 441;34;0;2;1;1;1
202300011901;155 659 442;7;0;2;3;15;1
202300011902;155 659 439;7;0;2;2;1;1
202300011902;155 659 440;33;0;2;1;1;1
202300011903;155 659 438;40;0;1;1;1;3
202300011904;155 659 434;7;0;2;1;17;0
202300011904;155 659 435;7;0;2;1;13;0
202300011905;155 659 433;7;0;1;2;1;1
202300011906;155 659 431;7;0;2;3;1;1
202300011906;155 659 432;10;0;2;1;1;1
202300011907;155 659 428;7;0;2;1;1;1
202300011907;155 659 429;7;0;2;4;1;1
202300011907;155 659 430;7;0;2;4;15;3
202300011908;155 659 426;7;0;2;0;1;1
202300011908;155 659 427;10;0;2;1;15;1
202300011909;155 659 424;7;0;2;3;15;1
202300011909;155 659 425;30;0;2;1;1;1
202300011910;155 659 422;7;0;2;8;15;1