Num_Acc;id_vehicule;categorie_vehicule;obstacle_fixe;obstacle_mobile;point_choc_initial;manoeuvre_principale;motorisation
202300011910;155 659 423;33;0;2;1;17;1
202300011911;155 659 420;43;0;2;1;2;1
202300011911;155 659 421;10;0;2;4;2;1
202300011912;155 659 417;7;0;2;1;2;2
202300011912;155 659 418;7;0;2;4;2;1
202300011912;155 659 419;7;0;2;4;2;2
202300011913;155 659 414;33;12;2;1;1;1
202300011913;155 659 415;7;0;2;8;23;1
202300011913;155 659 416;7;0;2;8;23;1
202300011914;155 659 412;2;0;0;0;1;0
202300011914;155 659 413;30;0;1;0;1;1
202300011915;155 659 410;7;0;2;0;13;1
202300011915;155 659 411;1;0;2;1;1;5
202300011916;155 659 408;7;0;2;8;11;1
202300011916;155 659 409;34;0;2;2;3;1
202300011917;155 659 406;10;0;2;2;1;3
202300011917;155 659 407;1;0;2;0;13;5
202300011918;155 659 404;50;0;2;8;1;3
202300011918;155 659 405;7;0;2;2;14;3
202300011919;155 659 403;1;0;0;0;1;5
202300011920;155 659 401;1;0;2;7;15;5
202300011920;155 659 402;33;0;2;1;7;1
202300011921;155 659 399;10;0;2;2;1;1
202300011921;155 659 400;7;0;0;6;23;1
202300011922;155 659 397;80;0;2;3;15;3
202300011922;155 659 398;31;0;2;1;1;3
202300011923;155 659 396;1;0;1;1;1;5
202300011924;155 659 394;32;0;2;1;21;1
202300011924;155 659 395;7;0;2;3;1;2
202300011925;155 659 393;1;0;1;1;1;5
202300011926;155 659 391;80;0;2;1;1;3
202300011926;155 659 392;7;0;2;8;22;1
202300011927;155 659 389;34;0;2;1;26;1
202300011927;155 659 390;10;0;2;4;0;1
202300011928;155 659 387;2;0;2;5;17;1
202300011928;155 659 388;7;0;2;3;20;1
202300011929;155 659 385;10;0;2;2;1;1
202300011929;155 659 386;7;0;2;3;1;1
202300011930;155 659 384;40;0;1;1;1;3
202300011931;155 659 382;7;0;2;8;1;1
202300011931;155 659 383;7;6;2;1;15;1
202300011932;155 659 380;30;0;2;2;15;0
202300011932;155 659 381;3;0;2;2;2;0
202300011933;155 659 379;2;0;0;7;1;1
202300011934;155 659 378;60;1;0;1;1;5
202300011935;155 659 377;43;0;1;7;5;1
202300011936;155 659 375;50;0;2;1;1;3
202300011936;155 659 376;7;0;2;2;1;1
202300011937;155 659 373;7;0;2;1;2;1
202300011937;155 659 374;34;0;2;4;2;1
202300011938;155 659 372;7;0;1;2;1;1
202300011939;155 659 370;10;0;2;0;0;1
202300011939;155 659 371;7;0;2;0;0;1
202300011940;155 659 368;7;0;2;2;15;0
202300011940;155 659 369;33;0;2;1;1;1
202300011941;155 659 367;7;12;0;2;1;1
202300011942;155 659 365;7;0;2;6;15;1
202300011942;155 659 366;31;0;2;1;1;1
202300011943;155 659 363;7;6;2;1;1;1
202300011943;155 659 364;10;15;2;7;1;1
202300011944;155 659 362;2;0;0;0;1;1
202300011945;155 659 360;7;0;2;8;5;1
202300011945;155 659 361;7;0;2;3;1;1
202300011946;155 659 359;36;6;0;2;1;1
202300011947;155 659 357;7;0;2;4;2;1
202300011947;155 659 358;7;0;2;1;2;1
202300011948;155 659 355;1;1;2;8;19;5
202300011948;155 659 356;7;0;2;2;1;1
202300011949;155 659 354;7;0;9;2;1;1
202300011950;155 659 352;7;0;2;1;13;1
202300011950;155 659 353;7;0;2;1;1;1
202300011951;155 659 351;31;7;0;1;15;1
202300011952;155 659 349;10;0;0;3;19;1
202300011952;155 659 350;33;0;0;1;1;0
202300011953;155 659 348;31;0;6;1;1;1
202300011954;155 659 346;32;0;2;1;21;6
202300011954;155 659 347;7;0;2;3;16;6
202300011955;155 659 345;33;2;0;1;0;1
202300011956;155 659 344;7;13;0;3;0;1
202300011957;155 659 342;30;0;2;6;2;0
202300011957;155 659 343;7;0;2;3;2;1
202300011958;155 659 340;50;12;0;1;26;3
202300011959;155 659 339;33;0;2;3;13;1
202300011959;155 659 341;7;0;2;3;14;1
202300011960;155 659 337;33;0;0;9;1;1
202300011961;155 659 336;2;0;2;1;9;1
202300011961;155 659 338;7;0;2;7;1;1
202300011962;155 659 332;10;0;2;2;15;1
202300011962;155 659 334;33;0;2;1;1;1
202300011963;155 659 330;7;0;2;0;1;1
202300011963;155 659 331;37;0;2;4;1;4
202300011963;155 659 333;34;0;2;0;1;1
202300011963;155 659 335;7;0;2;0;1;1
202300011964;155 659 328;80;0;2;1;0;3
202300011964;155 659 329;7;0;9;1;0;1
202300011965;155 659 326;7;0;2;5;15;1
202300011965;155 659 327;32;0;2;1;1;1
202300011966;155 659 324;7;5;0;1;6;1
202300011967;155 659 322;7;0;2;3;21;1
202300011967;155 659 325;7;0;2;8;19;1
202300011968;155 659 321;7;0;0;0;26;1
202300011969;155 659 319;7;6;0;1;2;1
202300011970;155 659 320;7;0;2;2;1;1
202300011970;155 659 323;7;0;2;3;15;1
202300011971;155 659 316;33;0;2;3;1;1
202300011971;155 659 317;7;0;2;3;3;1
202300011972;155 659 315;7;0;2;2;15;1
202300011972;155 659 318;7;0;2;2;1;1
202300011973;155 659 311;7;17;0;1;1;3
202300011974;155 659 310;7;0;2;6;15;1
202300011974;155 659 312;7;0;2;3;1;1
202300011975;155 659 313;7;0;2;1;13;1
202300011975;155 659 314;7;0;2;1;1;1
202300011976;155 659 308;7;13;2;8;1;1
202300011976;155 659 309;10;0;2;1;19;1
202300011977;155 659 306;7;0;2;3;1;0
202300011977;155 659 307;2;0;2;1;3;1
202300011978;155 659 304;7;0;2;1;1;1
202300011978;155 659 305;7;0;0;4;23;1
202300011979;155 659 302;7;0;1;1;1;1
202300011980;155 659 300;2;0;2;9;1;1
202300011980;155 659 301;21;0;2;3;1;1
202300011981;155 659 296;7;0;2;1;1;1
202300011981;155 659 298;1;0;2;7;19;5
202300011982;155 659 294;33;0;2;1;1;1
202300011982;155 659 297;7;0;2;2;15;1
202300011983;155 659 293;1;0;2;8;0;5
202300011983;155 659 295;7;0;0;3;0;1
202300011984;155 659 290;33;2;0;1;1;1
202300011985;155 659 289;50;0;2;1;5;3
202300011985;155 659 291;7;0;0;3;1;3
202300011986;155 659 299;32;6;2;6;17;1
202300011986;155 659 303;7;0;2;6;16;1
202300011987;155 659 288;7;0;2;1;9;1
202300011987;155 659 292;7;0;0;0;0;1
202300011988;155 659 285;7;0;1;1;1;1
202300011989;155 659 283;7;0;2;2;1;1
202300011989;155 659 286;1;0;2;1;19;5
202300011990;155 659 279;31;14;0;1;1;1
202300011991;155 659 278;7;0;1;1;17;1
202300011992;155 659 277;7;0;2;3;1;1
202300011992;155 659 280;2;0;2;1;13;1
202300011993;155 659 281;7;0;0;3;5;1
202300011993;155 659 282;10;0;0;3;1;1
202300011994;155 659 275;7;6;0;1;1;1
202300011995;155 659 273;33;0;2;1;1;1
202300011995;155 659 276;7;0;2;3;9;1
202300011996;155 659 272;20;0;2;1;24;1
202300011996;155 659 274;10;14;0;1;1;1
202300011997;155 659 271;7;16;0;9;13;1
202300011998;155 659 270;7;0;1;1;1;1
202300011999;155 659 264;7;0;2;6;1;1
202300011999;155 659 266;7;14;0;1;1;1
202300012000;155 659 262;7;0;2;2;1;1
202300012000;155 659 269;10;0;2;3;9;1
202300012001;155 659 259;7;8;0;1;15;1
202300012002;155 659 260;15;0;0;5;1;1
202300012002;155 659 261;33;0;0;1;1;1
202300012002;155 659 263;7;4;0;3;1;1
202300012002;155 659 268;10;0;2;1;12;1
202300012003;155 659 265;7;0;2;3;13;1
202300012003;155 659 267;7;0;2;8;1;1
202300012004;155 659 257;7;0;2;1;0;1
202300012004;155 659 258;14;0;0;8;1;1
202300012005;155 659 253;7;0;2;3;17;1
202300012005;155 659 256;33;0;2;3;1;1
202300012006;155 659 252;33;0;2;2;13;1
202300012006;155 659 254;7;0;2;3;13;1
202300012007;155 659 251;7;0;1;1;1;1
202300012008;155 659 248;31;0;2;1;1;1
202300012008;155 659 249;7;0;2;7;15;1
202300012009;155 659 246;21;0;1;7;1;1
202300012010;155 659 244;10;0;2;1;1;1
202300012010;155 659 247;7;0;2;4;1;1
202300012010;155 659 250;7;0;2;4;2;1
202300012010;155 659 255;7;0;2;1;2;1
202300012011;155 659 243;7;0;1;1;1;1
202300012012;155 659 245;7;6;1;2;14;1
202300012013;155 659 240;7;0;2;2;9;1
202300012013;155 659 242;1;0;2;7;16;5
202300012014;155 659 239;1;0;2;1;0;5
202300012014;155 659 241;7;0;2;7;1;1
202300012015;155 659 236;7;0;2;2;15;1
202300012015;155 659 238;33;0;2;1;1;1
202300012016;155 659 234;7;0;2;1;21;1
202300012016;155 659 237;13;0;2;2;13;1
202300012017;155 659 232;7;0;2;3;13;0
202300012017;155 659 235;7;0;2;3;0;0
202300012018;155 659 231;32;0;2;1;1;1
202300012018;155 659 233;7;0;2;8;23;1
202300012019;155 659 229;7;1;2;1;5;1
202300012020;155 659 225;7;0;2;2;2;1
202300012020;155 659 228;7;0;6;9;1;1
202300012021;155 659 226;33;0;2;1;1;1
202300012021;155 659 230;7;0;0;6;16;1
202300012022;155 659 223;7;0;2;7;10;1
202300012022;155 659 227;31;0;2;1;1;1
202300012023;155 659 222;33;0;2;1;17;1
202300012023;155 659 224;7;0;0;8;15;1
202300012024;155 659 221;21;0;1;1;1;1
202300012025;155 659 219;7;6;0;2;0;1
202300012026;155 659 218;7;0;2;3;1;1
202300012026;155 659 220;1;0;2;1;13;5
202300012027;155 659 214;7;4;0;3;0;1
202300012028;155 659 210;15;0;2;3;1;1
202300012028;155 659 212;7;0;2;3;13;1
202300012029;155 659 208;7;0;1;1;16;1
202300012030;155 659 206;10;0;2;4;2;1
202300012030;155 659 209;17;0;2;4;2;1
202300012030;155 659 211;14;0;0;4;1;1
202300012030;155 659 213;17;0;2;2;2;1
202300012030;155 659 216;7;0;2;4;2;1
202300012031;155 659 205;2;0;0;4;0;1
202300012031;155 659 207;7;0;2;1;14;1
202300012032;155 659 203;50;0;2;1;1;3
202300012032;155 659 204;7;0;2;7;15;1
202300012033;155 659 201;7;0;2;4;2;1
202300012034;155 659 200;33;0;2;2;17;1
202300012034;155 659 202;7;0;2;5;13;1
202300012035;155 659 199;7;13;0;9;1;1
202300012036;155 659 195;7;0;2;4;2;0
202300012036;155 659 197;7;0;2;1;2;0
202300012037;155 659 193;7;0;2;2;1;1
202300012037;155 659 196;7;0;2;3;1;1
202300012038;155 659 194;7;0;1;1;15;0
202300012039;155 659 192;7;3;0;1;21;1
202300012040;155 659 190;7;0;2;3;10;1
202300012040;155 659 198;7;0;2;1;1;1
202300012041;155 659 188;2;0;2;1;1;1
202300012041;155 659 191;7;0;2;3;19;1
202300012042;155 659 186;7;0;2;3;13;1
202300012042;155 659 189;7;0;2;3;1;1
202300012043;155 659 180;1;0;2;1;13;5
202300012043;155 659 182;80;0;2;1;13;3
202300012044;155 659 183;7;0;2;3;1;1
202300012044;155 659 185;1;0;2;6;26;5
202300012045;155 659 177;7;0;2;2;2;2
202300012045;155 659 179;1;0;2;4;1;5
202300012046;155 659 175;33;0;0;3;1;1
202300012047;155 659 170;7;0;2;4;2;1
202300012047;155 659 173;7;0;2;9;0;1
202300012047;155 659 176;7;0;2;9;2;1
202300012047;155 659 178;7;0;2;1;2;1
202300012047;155 659 181;7;0;2;9;2;1
202300012047;155 659 184;7;0;2;9;1;1
202300012047;155 659 187;7;0;2;4;2;1
202300012048;155 659 169;7;0;9;2;9;1
202300012048;155 659 172;50;0;2;4;1;3
202300012049;155 659 168;7;0;2;3;15;1
202300012049;155 659 174;2;0;2;3;1;3
202300012050;155 659 167;14;12;0;2;16;1
202300012050;155 659 171;7;12;0;3;16;1
202300012051;155 659 162;43;14;0;1;13;1
202300012052;155 659 161;0;0;2;0;0;0
202300012052;155 659 164;7;0;2;4;2;1
202300012052;155 659 166;7;0;2;4;2;1
202300012053;155 659 160;31;0;2;1;21;1
202300012053;155 659 165;7;0;2;1;21;1
202300012054;155 659 159;32;0;2;2;12;0
202300012054;155 659 163;7;0;0;6;1;0
202300012055;155 659 157;33;16;0;9;14;1
202300012056;155 659 153;7;0;2;2;15;1
202300012056;155 659 156;7;0;2;3;1;1
202300012057;155 659 152;7;3;0;6;1;1
202300012057;155 659 155;10;0;2;2;13;1
202300012058;155 659 150;7;0;2;4;1;1
202300012058;155 659 151;7;0;0;0;0;1
202300012058;155 659 154;7;0;2;4;1;1
202300012058;155 659 158;7;0;2;1;1;1
202300012059;155 659 148;7;0;2;2;26;1
202300012059;155 659 149;7;0;0;6;23;1
202300012060;155 659 147;7;1;0;3;1;1
202300012061;155 659 144;7;3;2;6;12;1
202300012061;155 659 146;7;0;2;2;2;1
202300012062;155 659 143;7;0;2;6;11;1
202300012062;155 659 145;34;0;2;1;1;1
202300012063;155 659 141;33;0;1;8;21;1
202300012064;155 659 142;50;0;0;0;1;3
202300012065;155 659 139;7;0;0;8;19;1
202300012065;155 659 140;33;0;2;1;1;1
202300012066;155 659 135;7;0;2;3;1;1
202300012066;155 659 137;80;0;2;3;1;3
202300012067;155 659 133;7;1;0;2;1;5
202300012068;155 659 132;7;0;2;8;1;1
202300012068;155 659 134;7;0;2;1;13;1
202300012068;155 659 136;7;0;2;1;1;1
202300012069;155 659 129;7;1;0;3;0;0
202300012070;155 659 130;33;1;0;1;13;0
202300012071;155 659 131;7;13;0;1;13;1
202300012072;155 659 125;10;0;2;6;13;1
202300012072;155 659 127;33;0;2;1;17;1
202300012073;155 659 124;7;0;1;1;16;1
202300012074;155 659 123;1;0;2;4;2;5
202300012074;155 659 126;0;0;9;2;1;0
202300012075;155 659 119;7;0;1;0;26;1
202300012076;155 659 121;7;0;2;8;0;0
202300012076;155 659 122;7;0;2;7;1;1
202300012077;155 659 118;7;13;0;1;1;1
202300012078;155 659 117;1;0;2;8;1;5
202300012078;155 659 120;7;0;2;1;15;2
202300012079;155 659 112;7;0;2;1;0;1
202300012079;155 659 116;7;0;2;3;26;1
202300012080;155 659 110;50;0;2;1;5;3
202300012080;155 659 114;7;0;2;7;15;1
202300012081;155 659 108;7;0;2;7;26;1
202300012081;155 659 113;7;0;2;1;1;1
202300012082;155 659 107;7;0;2;8;1;1
202300012082;155 659 109;7;0;2;1;1;1
202300012083;155 659 105;7;15;0;8;1;1
202300012084;155 659 111;7;0;2;1;2;0
202300012084;155 659 115;7;0;2;4;2;0
202300012085;155 659 104;7;0;2;6;9;1
202300012085;155 659 106;30;0;2;1;1;1
202300012086;155 659 102;10;0;2;1;1;1
202300012086;155 659 103;10;0;2;1;5;1
202300012087;155 659 098;2;0;0;5;1;1
202300012087;155 659 101;7;0;2;3;9;1
202300012088;155 659 097;1;0;2;7;13;5
202300012088;155 659 100;14;0;2;2;16;1
202300012089;155 659 094;7;0;2;3;9;1
202300012089;155 659 096;33;0;2;2;15;1
202300012090;155 659 090;7;0;2;3;1;1
202300012090;155 659 093;7;0;2;2;1;1
202300012091;155 659 091;7;0;2;2;2;0
202300012091;155 659 095;7;0;2;6;0;0
202300012091;155 659 099;7;0;2;4;0;0
202300012092;155 659 088;7;0;2;3;13;1
202300012092;155 659 092;7;0;2;3;1;1
202300012093;155 659 086;7;0;2;2;19;1
202300012093;155 659 089;7;0;2;3;1;1
202300012094;155 659 083;7;0;2;3;13;1
202300012094;155 659 087;32;0;2;3;1;1
202300012095;155 659 082;7;0;2;8;12;1
202300012095;155 659 084;15;0;2;7;11;1
202300012096;155 659 077;33;0;2;7;0;1
202300012096;155 659 081;7;0;2;3;0;1
202300012097;155 659 075;30;0;2;1;18;1
202300012097;155 659 079;7;0;2;0;0;1
202300012098;155 659 076;33;0;2;2;13;0
202300012098;155 659 080;7;0;2;6;1;0
202300012098;155 659 085;7;0;2;2;1;0
202300012099;155 659 074;7;0;2;1;2;1
202300012099;155 659 078;7;0;2;4;2;1
202300012100;155 659 071;7;0;2;3;15;1
202300012100;155 659 072;33;0;2;7;2;1
202300012101;155 659 069;7;0;0;4;2;1
202300012101;155 659 073;7;4;2;3;2;3
202300012102;155 659 067;33;0;2;8;1;1
202300012102;155 659 070;10;0;2;7;12;1
202300012103;155 659 066;7;0;1;1;26;1
202300012104;155 659 064;7;0;2;1;14;1
202300012104;155 659 068;7;0;2;4;0;1
202300012105;155 659 063;7;0;2;1;13;1
202300012105;155 659 065;30;0;2;1;1;3
202300012106;155 659 059;33;0;2;1;3;1
202300012106;155 659 061;33;0;2;4;3;1
202300012106;155 659 062;7;0;2;4;12;1
202300012107;155 659 058;2;0;2;1;2;0
202300012107;155 659 060;7;0;2;5;23;1
202300012108;155 659 056;33;0;2;2;1;1
202300012108;155 659 057;7;0;2;3;15;1
202300012109;155 659 053;7;0;2;1;2;1
202300012109;155 659 055;7;0;2;4;2;0
202300012110;155 659 050;7;4;0;1;1;1
202300012111;155 659 049;7;8;2;1;16;1
202300012111;155 659 054;50;0;2;7;26;3
202300012112;155 659 048;7;0;2;5;16;1
202300012112;155 659 051;32;0;2;1;5;1
202300012113;155 659 044;7;0;2;2;10;2
202300012113;155 659 046;32;0;2;1;1;1
202300012114;155 659 047;7;0;2;2;12;1
202300012114;155 659 052;7;0;2;6;1;1
202300012115;155 659 039;10;0;2;1;2;0
202300012115;155 659 040;7;0;2;4;2;0
202300012115;155 659 042;7;0;2;4;2;0
202300012115;155 659 045;7;0;2;4;2;0
202300012116;155 659 038;7;0;1;2;20;1
202300012117;155 659 033;31;14;0;2;0;1
202300012118;155 659 034;7;0;2;1;1;1
202300012118;155 659 036;7;0;2;4;1;1
202300012119;155 659 032;1;0;0;0;2;5
202300012120;155 659 026;43;0;2;7;3;1
202300012120;155 659 028;7;0;2;8;0;1
202300012121;155 659 025;7;0;2;2;1;1
202300012121;155 659 030;7;0;2;4;1;1
202300012121;155 659 031;7;0;2;1;1;1
202300012122;155 659 022;33;0;2;8;15;1
202300012122;155 659 027;33;0;2;1;17;1
202300012123;155 659 020;7;0;9;2;17;0
202300012123;155 659 023;1;0;2;8;19;5
202300012124;155 659 013;7;0;2;1;3;1
202300012124;155 659 018;7;0;2;1;3;1
202300012125;155 659 015;30;12;0;1;1;3
202300012126;155 659 014;7;0;2;4;1;1
202300012126;155 659 017;7;0;2;4;1;1
202300012126;155 659 021;7;0;2;4;1;1
202300012126;155 659 024;7;0;2;1;1;1
202300012126;155 659 029;7;0;2;4;1;1
202300012127;155 659 012;34;0;2;1;3;1
202300012127;155 659 016;10;0;2;4;2;1
202300012127;155 659 019;10;0;2;4;2;1
202300012128;155 659 011;7;0;1;8;1;1
202300012129;155 659 008;7;4;0;1;1;1
202300012130;155 659 006;1;0;2;1;5;5
202300012130;155 659 010;7;0;2;2;1;1
202300012131;155 659 007;7;0;9;1;15;2
202300012131;155 659 009;1;0;2;1;1;5
202300012132;155 659 003;7;0;2;1;2;1
202300012132;155 659 005;7;0;2;4;2;1
202300012133;155 659 001;10;0;2;7;13;1
202300012133;155 659 002;15;0;2;2;1;1
202300012134;155 658 997;37;0;2;4;2;1
202300012134;155 659 004;7;0;2;1;1;1
202300012135;155 658 995;2;0;2;7;1;1
202300012135;155 658 999;7;0;2;2;15;1
202300012136;155 658 993;7;0;9;2;1;1
202300012136;155 658 998;1;0;2;1;1;5
202300012137;155 658 994;7;0;2;1;1;1
202300012137;155 659 000;7;0;2;3;16;1
202300012138;155 658 992;7;0;2;6;1;1
202300012138;155 658 996;7;0;2;2;11;1
202300012139;155 658 989;7;0;1;3;16;1
202300012140;155 658 988;33;0;0;9;1;1
202300012140;155 658 991;33;0;0;9;1;1
202300012141;155 658 984;10;0;2;1;1;1
202300012141;155 658 986;7;0;2;4;1;1
202300012142;155 658 983;34;0;2;1;2;
202300012142;155 658 985;7;0;0;6;23;0
202300012142;155 658 990;3;0;0;0;23;1
202300012143;155 658 982;43;0;2;1;18;0
202300012143;155 658 987;7;0;2;5;16;0
202300012144;155 658 981;7;0;0;9;13;1
202300012145;155 658 977;7;0;2;3;15;0
202300012145;155 658 980;7;0;2;3;1;0
202300012146;155 658 975;2;0;0;0;1;1
202300012147;155 658 976;7;0;1;2;0;1
202300012148;155 658 974;7;0;2;3;1;0
202300012148;155 658 979;7;0;2;3;1;0
202300012149;155 658 973;7;0;2;1;1;1
202300012149;155 658 978;3;0;2;7;19;1
202300012150;155 658 972;7;0;1;3;1;1
202300012151;155 658 968;2;12;0;0;0;1
202300012152;155 658 966;2;0;0;7;1;1
202300012152;155 658 969;7;0;2;1;20;1
202300012153;155 658 965;7;13;0;9;14;1
202300012154;155 658 967;7;0;2;2;16;1
202300012154;155 658 971;50;0;2;1;1;3
202300012155;155 658 964;7;0;1;1;19;1
202300012156;155 658 963;7;0;1;2;15;1
202300012157;155 658 959;7;0;1;1;1;1
202300012158;155 658 957;7;0;2;6;2;1
202300012158;155 658 960;33;0;2;1;2;1
202300012159;155 658 956;2;0;1;1;21;1
202300012160;155 658 955;1;15;0;1;1;5
202300012161;155 658 953;7;2;0;2;1;1
202300012162;155 658 949;7;2;0;2;1;1
202300012163;155 658 952;7;0;2;1;1;1
202300012163;155 658 954;7;0;2;7;15;1
202300012164;155 658 945;7;0;2;1;13;1
202300012164;155 658 947;7;0;2;6;1;2
202300012164;155 658 950;7;0;2;5;1;1
202300012165;155 658 937;7;8;0;1;1;1
202300012166;155 658 938;7;0;2;1;2;1
202300012166;155 658 941;7;0;2;4;0;1
202300012166;155 658 944;10;0;2;4;2;1
202300012167;155 658 939;33;0;2;1;1;1
202300012167;155 658 943;7;0;0;7;15;1
202300012168;155 658 936;7;0;2;3;9;1
202300012168;155 658 940;2;0;2;7;1;1
202300012169;155 658 933;37;0;0;6;0;1
202300012169;155 658 935;7;0;2;2;17;1
202300012170;155 658 932;7;1;0;2;1;1
202300012170;155 658 934;7;0;2;3;24;1
202300012171;155 658 928;7;0;1;2;1;1
202300012172;155 658 929;7;0;2;1;1;1
202300012172;155 658 931;7;0;2;4;1;1
202300012173;155 658 926;7;6;0;1;0;1
202300012174;155 658 925;7;0;2;8;15;1
202300012174;155 658 930;33;0;2;7;2;1
202300012175;155 658 923;40;0;1;7;1;3
202300012176;155 658 924;7;0;2;7;16;1
202300012176;155 658 927;1;0;2;8;1;5
202300012177;155 658 922;33;12;0;0;0;1
202300012178;155 658 920;2;0;2;1;1;1
202300012178;155 658 921;7;0;2;4;1;1
202300012179;155 658 915;2;0;2;7;1;1
202300012179;155 658 919;7;0;2;1;0;0
202300012180;155 658 916;7;0;2;4;2;1
202300012180;155 658 917;33;0;2;5;21;1
202300012181;155 658 914;7;0;2;8;19;0
202300012181;155 658 918;7;0;2;1;1;0
202300012182;155 658 912;37;2;0;2;1;1
202300012183;155 658 911;33;0;2;0;15;0
202300012183;155 658 913;7;0;2;2;1;1
202300012184;155 658 909;7;0;2;3;1;1
202300012184;155 658 910;7;1;2;4;20;1
202300012185;155 658 908;2;10;0;7;1;1
202300012186;155 658 906;50;0;0;0;1;3
202300012187;155 658 905;33;0;2;1;1;1
202300012187;155 658 907;7;0;2;7;15;2
202300012188;155 658 900;7;0;2;1;15;0
202300012188;155 658 904;80;0;2;7;1;3
202300012189;155 658 899;7;13;2;1;13;1
202300012189;155 658 903;7;0;2;5;1;1
202300012190;155 658 898;7;0;0;0;23;1
202300012191;155 658 897;0;;;;;
202300012191;155 658 901;50;0;2;5;0;3
202300012192;155 658 896;30;0;2;1;17;1
202300012192;155 658 902;7;0;2;3;15;1
202300012193;155 658 893;33;2;0;1;1;1
202300012194;155 658 891;31;0;2;7;0;1
202300012194;155 658 892;7;0;2;2;0;1
202300012195;155 658 889;7;8;2;1;2;1
202300012195;155 658 894;7;8;0;4;2;1
202300012196;155 658 888;7;0;2;1;15;1
202300012196;155 658 895;1;0;2;8;1;5
202300012197;155 658 890;32;10;0;2;0;1
202300012198;155 658 887;33;0;0;0;26;1
202300012199;155 658 885;10;2;0;1;1;1
202300012200;155 658 884;7;2;0;1;1;1
202300012201;155 658 883;7;0;2;2;1;1
202300012201;155 658 886;7;0;2;3;9;1
202300012202;155 658 881;50;0;0;7;1;3
202300012203;155 658 880;30;14;0;7;1;1
202300012204;155 658 879;7;0;2;3;1;1
202300012204;155 658 882;1;0;2;1;0;5
202300012205;155 658 875;7;6;0;1;1;0
202300012206;155 658 873;2;0;2;1;1;1
202300012206;155 658 877;7;0;2;3;1;1
202300012207;155 658 874;7;0;1;2;15;1
202300012208;155 658 871;7;2;0;2;1;1
202300012209;155 658 870;7;0;2;2;1;6
202300012209;155 658 872;7;0;2;3;9;6
202300012210;155 658 866;1;0;2;4;1;5
202300012210;155 658 867;0;0;2;1;1;0
202300012211;155 658 865;33;16;0;0;0;1
202300012212;155 658 863;1;0;2;1;1;5
202300012212;155 658 868;10;0;2;7;16;1
202300012213;155 658 864;1;0;2;4;1;5
202300012213;155 658 869;7;0;9;1;1;1
202300012214;155 658 861;7;0;1;3;1;1
202300012215;155 658 856;7;0;2;3;1;1
202300012215;155 658 859;7;0;2;1;1;2
202300012216;155 658 854;7;0;2;3;9;1
202300012216;155 658 858;1;0;2;7;1;5
202300012217;155 658 855;7;0;2;1;17;1
202300012217;155 658 857;33;0;2;1;0;1
202300012217;155 658 862;7;1;0;0;23;1
202300012218;155 658 851;33;0;2;3;3;1
202300012218;155 658 853;10;0;2;7;1;1
202300012219;155 658 850;33;13;0;2;1;1
202300012220;155 658 849;99;14;2;3;13;1
202300012220;155 658 852;7;0;2;0;1;1
202300012221;155 658 847;7;0;2;1;2;1
202300012221;155 658 848;7;1;0;6;23;1
202300012222;155 658 846;33;14;0;8;19;6
202300012223;155 658 842;1;0;2;2;11;5
202300012223;155 658 845;7;0;2;3;17;1
202300012224;155 658 843;33;0;2;1;21;1
202300012224;155 658 844;7;0;2;5;19;1
202300012225;155 658 840;7;0;2;0;0;1
202300012225;155 658 841;2;0;2;8;17;1
202300012226;155 658 839;7;0;1;1;2;1
202300012227;155 658 835;2;0;2;2;1;1
202300012227;155 658 837;7;0;2;3;9;1
202300012228;155 658 836;33;13;0;1;19;1
202300012229;155 658 833;7;0;2;2;1;6
202300012229;155 658 838;7;0;2;3;15;6
202300012230;155 658 832;7;0;2;1;19;2
202300012230;155 658 834;7;16;0;7;15;1
202300012231;155 658 829;7;0;1;3;1;1
202300012232;155 658 827;7;0;2;1;2;1
202300012232;155 658 831;7;0;2;4;2;1
202300012233;155 658 828;7;0;0;5;6;1
202300012233;155 658 830;1;0;0;5;1;5
202300012234;155 658 826;7;0;9;1;12;1
202300012235;155 658 824;33;3;0;0;21;1
202300012236;155 658 823;10;0;1;8;1;1
202300012237;155 658 821;50;0;2;1;1;3
202300012237;155 658 822;7;0;2;2;1;1
202300012238;155 658 820;10;0;2;3;1;1
202300012238;155 658 825;7;0;2;8;1;1
202300012239;155 658 817;7;0;1;0;1;0
202300012240;155 658 816;7;0;9;7;16;2
202300012240;155 658 819;50;0;2;1;1;3
202300012241;155 658 815;7;0;2;1;13;1
202300012241;155 658 818;10;0;2;1;1;1
202300012242;155 658 812;10;0;2;7;16;1
202300012242;155 658 814;1;0;2;8;1;5
202300012243;155 658 808;7;0;2;3;9;1
202300012243;155 658 813;7;0;2;1;1;1
202300012244;155 658 807;7;0;2;7;19;1
202300012244;155 658 811;30;0;2;1;16;1
202300012245;155 658 806;7;0;0;5;9;1
202300012245;155 658 810;30;0;2;1;1;1
202300012246;155 658 805;7;0;2;7;16;1
202300012246;155 658 809;34;0;2;8;1;1
202300012247;155 658 801;33;0;2;7;1;1
202300012247;155 658 804;7;0;2;1;9;0
202300012248;155 658 799;1;0;2;1;1;5
202300012248;155 658 802;7;0;2;7;1;1
202300012249;155 658 798;1;0;2;5;19;5