Num_Acc;id_vehicule;categorie_vehicule;obstacle_fixe;obstacle_mobile;point_choc_initial;manoeuvre_principale;motorisation
202300012249;155 658 803;7;0;2;1;1;1
202300012250;155 658 796;10;0;2;7;17;1
202300012250;155 658 800;7;0;2;3;13;1
202300012251;155 658 794;30;9;0;1;26;0
202300012252;155 658 792;50;0;2;1;5;3
202300012252;155 658 795;7;0;2;3;16;1
202300012253;155 658 791;7;0;2;3;1;1
202300012253;155 658 797;32;0;2;1;1;1
202300012254;155 658 789;7;1;0;3;17;1
202300012254;155 658 793;32;0;0;1;2;1
202300012255;155 658 788;7;0;2;7;1;6
202300012255;155 658 790;1;0;2;0;19;5
202300012256;155 658 785;7;2;0;2;2;1
202300012257;155 658 787;7;1;1;2;16;1
202300012258;155 658 784;7;0;1;1;1;1
202300012259;155 658 782;1;0;2;7;1;5
202300012259;155 658 786;10;0;2;1;16;1
202300012260;155 658 777;7;0;2;8;11;1
202300012260;155 658 780;33;4;2;7;21;1
202300012261;155 658 779;7;0;2;3;15;1
202300012261;155 658 781;1;0;2;1;1;5
202300012262;155 658 775;2;0;2;1;1;1
202300012262;155 658 778;7;0;2;7;15;1
202300012263;155 658 773;7;0;2;2;1;1
202300012263;155 658 774;7;0;2;2;15;1
202300012264;155 658 770;7;0;1;4;20;1
202300012265;155 658 771;10;0;1;2;10;0
202300012266;155 658 765;7;0;2;2;20;1
202300012266;155 658 767;1;0;2;8;1;5
202300012267;155 658 766;7;0;2;1;2;1
202300012267;155 658 769;7;0;2;1;2;1
202300012267;155 658 772;7;0;2;1;2;3
202300012267;155 658 776;7;0;2;4;1;2
202300012268;155 658 761;2;1;0;6;10;1
202300012268;155 658 763;33;0;2;1;2;1
202300012269;155 658 762;7;0;2;5;2;1
202300012269;155 658 768;30;0;2;1;2;1
202300012270;155 658 760;7;0;2;3;13;1
202300012270;155 658 764;7;0;2;2;1;1
202300012271;155 658 756;7;16;2;1;2;1
202300012271;155 658 758;1;0;2;1;13;5
202300012272;155 658 752;7;0;2;8;15;1
202300012272;155 658 754;31;0;2;7;17;1
202300012273;155 658 751;7;0;2;1;14;1
202300012273;155 658 759;10;0;2;2;23;1
202300012274;155 658 753;7;1;0;1;14;1
202300012274;155 658 757;7;0;2;4;23;1
202300012275;155 658 750;7;0;2;8;1;0
202300012275;155 658 755;10;0;2;1;19;0
202300012276;155 658 749;7;15;1;2;17;1
202300012277;155 658 748;7;6;0;1;1;1
202300012278;155 658 745;7;0;2;7;26;1
202300012278;155 658 747;7;0;2;8;26;1
202300012279;155 658 743;1;0;2;0;15;5
202300012279;155 658 746;7;0;2;5;17;0
202300012280;155 658 742;7;4;0;1;1;1
202300012281;155 658 740;7;2;0;3;13;0
202300012282;155 658 737;7;0;2;1;16;1
202300012282;155 658 741;50;0;2;8;1;3
202300012283;155 658 734;7;0;2;3;15;1
202300012283;155 658 738;1;0;2;1;1;5
202300012284;155 658 732;7;0;2;1;1;1
202300012284;155 658 736;7;0;2;4;2;1
202300012284;155 658 739;7;0;2;4;2;1
202300012285;155 658 733;7;8;9;1;17;1
202300012286;155 658 729;10;0;1;4;26;0
202300012287;155 658 728;7;2;0;8;1;1
202300012288;155 658 724;7;0;0;6;2;0
202300012288;155 658 726;7;0;0;4;2;0
202300012288;155 658 730;7;0;0;4;2;0
202300012288;155 658 731;7;0;0;2;17;0
202300012288;155 658 735;7;0;0;2;1;3
202300012289;155 658 727;7;1;2;3;0;1
202300012290;155 658 722;2;0;2;0;1;1
202300012290;155 658 725;7;0;2;1;1;1
202300012291;155 658 720;7;1;2;1;5;1
202300012291;155 658 723;7;0;2;1;1;0
202300012292;155 658 719;7;0;2;3;0;1
202300012292;155 658 721;7;0;2;3;0;1
202300012293;155 658 718;7;2;0;1;1;1
202300012294;155 658 717;7;9;0;1;26;1
202300012295;155 658 716;33;13;0;2;1;1
202300012296;155 658 712;7;0;2;3;20;1
202300012296;155 658 714;33;9;2;2;1;1
202300012297;155 658 709;30;0;2;3;15;1
202300012297;155 658 713;7;0;2;5;17;1
202300012298;155 658 708;7;13;0;2;1;1
202300012299;155 658 706;33;0;2;0;1;1
202300012299;155 658 711;7;0;0;0;19;1
202300012300;155 658 702;33;0;0;3;2;1
202300012301;155 658 700;7;0;2;3;10;1
202300012301;155 658 704;7;0;2;2;2;0
202300012302;155 658 699;7;0;2;1;2;1
202300012302;155 658 701;7;4;0;4;23;1
202300012303;155 658 697;7;0;1;3;16;1
202300012304;155 658 696;2;0;2;1;1;1
202300012304;155 658 698;10;0;2;7;15;1
202300012305;155 658 693;7;1;0;1;1;1
202300012306;155 658 691;7;0;2;3;1;1
202300012306;155 658 694;7;0;2;1;13;1
202300012307;155 658 692;34;0;2;1;1;1
202300012307;155 658 695;7;0;2;7;15;2
202300012308;155 658 689;7;8;0;1;14;1
202300012309;155 658 688;1;0;2;1;19;5
202300012309;155 658 690;7;0;0;6;1;1
202300012310;155 658 683;7;0;0;6;0;1
202300012310;155 658 686;33;0;2;1;1;1
202300012311;155 658 685;33;0;1;3;1;0
202300012312;155 658 684;7;0;2;2;15;2
202300012312;155 658 687;7;0;2;1;1;1
202300012313;155 658 681;7;2;0;3;0;1
202300012314;155 658 680;7;0;2;1;16;1
202300012314;155 658 682;30;0;2;1;0;1
202300012315;155 658 676;33;0;2;1;17;1
202300012315;155 658 679;7;0;2;8;15;1
202300012316;155 658 675;7;0;9;7;15;1
202300012316;155 658 677;1;0;2;1;1;5
202300012317;155 658 674;17;0;1;2;1;1
202300012318;155 658 672;7;2;0;3;13;0
202300012319;155 658 673;14;0;2;6;13;1
202300012319;155 658 678;10;0;2;1;15;1
202300012320;155 658 669;7;0;2;7;9;1
202300012320;155 658 671;1;0;2;7;1;5
202300012321;155 658 667;7;0;1;1;16;1
202300012322;155 658 664;7;0;2;6;24;1
202300012322;155 658 665;7;1;0;2;14;1
202300012323;155 658 663;31;0;2;7;1;1
202300012323;155 658 668;7;0;2;1;1;1
202300012324;155 658 661;7;0;1;2;1;1
202300012325;155 658 662;7;0;1;2;1;2
202300012326;155 658 660;7;6;0;1;1;1
202300012327;155 658 659;7;0;1;3;1;1
202300012328;155 658 658;2;12;0;1;1;1
202300012329;155 658 657;7;6;0;1;1;0
202300012330;155 658 656;7;1;0;1;14;1
202300012331;155 658 652;7;0;2;1;15;1
202300012331;155 658 654;31;0;2;7;2;1
202300012332;155 658 651;33;0;2;8;1;1
202300012332;155 658 655;7;0;2;7;12;1
202300012333;155 658 650;7;2;0;1;14;1
202300012334;155 658 649;7;0;1;2;1;2
202300012335;155 658 648;7;13;0;1;14;1
202300012336;155 658 644;7;0;2;1;26;2
202300012336;155 658 647;7;0;2;7;26;1
202300012337;155 658 642;7;8;0;1;13;2
202300012338;155 658 643;32;0;2;3;3;1
202300012338;155 658 646;10;0;2;8;1;1
202300012339;155 658 641;80;0;2;1;13;3
202300012339;155 658 645;7;0;9;1;1;3
202300012340;155 658 637;33;0;0;1;17;1
202300012341;155 658 635;7;0;1;1;1;1
202300012342;155 658 632;7;0;2;2;1;2
202300012342;155 658 638;1;0;2;1;1;5
202300012343;155 658 629;7;0;2;1;19;1
202300012343;155 658 634;31;0;2;7;1;1
202300012344;155 658 631;33;0;2;4;2;1
202300012344;155 658 633;33;0;2;1;2;0
202300012344;155 658 636;10;0;2;4;2;1
202300012345;155 658 628;7;0;0;4;2;1
202300012345;155 658 630;7;0;0;1;2;1
202300012346;155 658 626;37;0;1;2;1;1
202300012347;155 658 625;32;0;2;1;5;1
202300012347;155 658 627;7;0;2;3;9;2
202300012348;155 658 622;7;0;1;2;1;1
202300012349;155 658 621;7;2;0;0;1;1
202300012350;155 658 623;10;0;2;5;1;1
202300012350;155 658 624;43;0;2;3;3;1
202300012351;155 658 616;7;2;0;1;1;0
202300012352;155 658 617;50;0;2;1;1;3
202300012352;155 658 620;7;0;2;1;15;1
202300012353;155 658 618;7;0;2;5;22;3
202300012353;155 658 619;33;0;2;1;1;1
202300012354;155 658 615;1;0;1;0;1;5
202300012355;155 658 612;10;0;2;2;1;1
202300012355;155 658 614;31;0;2;6;13;1
202300012356;155 658 608;2;0;2;7;17;1
202300012356;155 658 613;7;0;2;3;15;1
202300012357;155 658 607;3;0;2;2;15;1
202300012357;155 658 610;2;0;2;1;0;1
202300012358;155 658 605;7;0;2;1;15;1
202300012358;155 658 606;7;0;2;1;1;3
202300012358;155 658 609;10;0;2;1;1;1
202300012359;155 658 604;7;0;4;5;19;1
202300012359;155 658 611;40;0;2;1;19;3
202300012360;155 658 597;31;7;0;1;0;0
202300012361;155 658 599;7;0;2;8;1;1
202300012361;155 658 603;31;0;2;7;5;1
202300012362;155 658 595;7;0;2;4;23;1
202300012362;155 658 600;7;0;2;4;23;1
202300012362;155 658 602;7;0;2;1;1;1
202300012363;155 658 592;7;0;0;1;1;1
202300012364;155 658 594;2;0;2;1;26;1
202300012364;155 658 596;15;0;2;2;1;1
202300012365;155 658 591;7;0;2;1;2;1
202300012365;155 658 593;7;0;2;4;23;1
202300012365;155 658 598;10;0;2;4;2;1
202300012365;155 658 601;7;0;2;4;2;1
202300012366;155 658 590;7;0;1;1;1;2
202300012367;155 658 589;10;2;0;1;0;1
202300012368;155 658 587;7;1;0;6;14;1
202300012369;155 658 586;33;0;2;7;1;1
202300012369;155 658 588;7;0;2;3;15;1
202300012370;155 658 582;7;2;0;1;1;1
202300012371;155 658 581;7;0;2;1;1;1
202300012371;155 658 583;7;0;2;0;1;1
202300012371;155 658 585;7;0;2;4;0;1
202300012372;155 658 578;37;0;0;0;1;0
202300012372;155 658 584;10;0;0;0;10;1
202300012373;155 658 577;33;5;0;3;14;1
202300012373;155 658 580;33;0;2;3;1;1
202300012374;155 658 579;7;0;1;1;15;3
202300012375;155 658 574;17;0;2;4;24;1
202300012375;155 658 575;7;1;0;1;0;1
202300012376;155 658 571;7;0;2;2;1;0
202300012376;155 658 576;15;0;2;6;14;1
202300012377;155 658 569;33;0;2;1;16;1
202300012377;155 658 572;7;0;0;8;1;0
202300012378;155 658 568;2;0;2;1;9;5
202300012378;155 658 573;33;0;0;8;2;1
202300012379;155 658 567;1;0;2;1;1;5
202300012379;155 658 570;7;0;2;1;1;1
202300012380;155 658 565;33;0;2;1;3;1
202300012380;155 658 566;7;0;2;4;11;1
202300012381;155 658 563;7;0;0;1;2;1
202300012382;155 658 562;13;0;0;4;1;0
202300012382;155 658 564;7;0;2;1;1;0
202300012383;155 658 560;1;12;0;1;19;5
202300012384;155 658 559;7;0;2;2;1;1
202300012384;155 658 561;1;0;2;8;15;5
202300012385;155 658 555;7;0;0;2;0;0
202300012385;155 658 557;33;8;0;2;0;0
202300012386;155 658 552;7;6;0;1;1;1
202300012387;155 658 550;7;0;2;7;1;0
202300012387;155 658 554;7;0;2;5;2;1
202300012387;155 658 556;7;0;9;0;1;1
202300012387;155 658 558;7;0;2;1;1;2
202300012388;155 658 553;50;0;1;1;1;3
202300012389;155 658 547;7;0;2;3;1;1
202300012389;155 658 549;2;0;2;3;1;1
202300012390;155 658 548;33;0;2;1;1;1
202300012390;155 658 551;7;0;2;1;15;1
202300012391;155 658 546;33;13;0;0;2;1
202300012392;155 658 544;33;4;0;1;1;1
202300012393;155 658 543;31;0;2;2;17;1
202300012393;155 658 545;7;0;2;3;15;1
202300012394;155 658 539;7;0;2;3;17;1
202300012394;155 658 541;33;0;0;0;1;1
202300012395;155 658 537;7;0;2;4;2;2
202300012395;155 658 542;7;0;2;4;2;1
202300012396;155 658 536;10;0;2;4;11;1
202300012396;155 658 538;33;0;2;1;3;1
202300012397;155 658 535;7;0;2;8;1;1
202300012397;155 658 540;7;0;2;8;1;1
202300012398;155 658 534;2;7;0;2;0;0
202300012399;155 658 532;7;0;1;3;23;2
202300012400;155 658 530;7;0;2;1;9;1
202300012400;155 658 533;1;0;2;4;1;5
202300012401;155 658 528;33;0;2;1;3;1
202300012401;155 658 531;7;0;2;4;0;0
202300012402;155 658 527;7;17;0;1;21;0
202300012403;155 658 526;33;0;2;8;1;1
202300012403;155 658 529;7;0;0;8;9;1
202300012404;155 658 523;1;0;1;2;1;5
202300012405;155 658 520;10;0;2;1;2;1
202300012405;155 658 521;10;0;2;4;2;1
202300012405;155 658 522;7;0;2;4;2;1
202300012405;155 658 525;7;0;2;4;2;1
202300012406;155 658 519;7;13;0;5;14;1
202300012407;155 658 518;43;1;0;3;0;1
202300012408;155 658 517;7;14;0;2;1;1
202300012409;155 658 515;17;0;2;1;1;1
202300012409;155 658 516;7;0;2;4;12;1
202300012410;155 658 510;7;6;0;2;14;1
202300012411;155 658 509;30;0;1;0;1;0
202300012412;155 658 508;7;0;2;2;13;1
202300012412;155 658 513;7;0;2;2;21;1
202300012413;155 658 507;7;0;2;8;15;1
202300012413;155 658 512;31;0;2;1;17;1
202300012414;155 658 506;7;0;2;1;2;1
202300012414;155 658 511;7;0;2;4;2;3
202300012414;155 658 514;7;0;2;4;2;1
202300012415;155 658 505;7;0;1;1;15;1
202300012416;155 658 501;7;6;0;1;1;1
202300012417;155 658 500;1;12;2;6;1;5
202300012417;155 658 503;14;0;2;2;26;1
202300012418;155 658 502;30;0;0;0;9;1
202300012419;155 658 499;7;0;2;2;1;1
202300012419;155 658 504;7;12;2;1;19;1
202300012420;155 658 494;10;0;1;1;1;1
202300012421;155 658 495;7;0;2;1;1;1
202300012421;155 658 498;50;0;2;8;19;3
202300012422;155 658 491;33;0;0;9;21;1
202300012423;155 658 490;7;0;2;1;0;1
202300012423;155 658 493;7;0;2;4;0;1
202300012424;155 658 489;7;1;0;1;1;1
202300012425;155 658 486;33;4;0;1;0;1
202300012426;155 658 485;7;0;2;8;1;1
202300012426;155 658 488;13;0;2;1;1;0
202300012427;155 658 484;7;0;0;1;1;1
202300012427;155 658 487;60;0;2;4;15;5
202300012428;155 658 483;7;0;1;1;1;1
202300012429;155 658 482;7;0;1;1;1;1
202300012430;155 658 481;13;0;1;2;1;1
202300012431;155 658 478;7;0;1;1;2;1
202300012432;155 658 477;7;0;2;1;0;0
202300012432;155 658 480;7;0;2;4;0;0
202300012433;155 658 476;2;0;1;2;1;1
202300012434;155 658 475;99;0;2;1;1;1
202300012434;155 658 479;7;0;2;8;19;1
202300012435;155 658 473;7;0;1;1;1;0
202300012436;155 658 472;7;0;2;4;2;1
202300012436;155 658 474;7;0;2;1;2;1
202300012437;155 658 471;7;0;1;1;1;0
202300012438;155 658 470;30;0;2;8;21;1
202300012439;155 658 468;7;2;0;8;1;0
202300012440;155 658 469;7;3;0;8;2;1
202300012441;155 658 467;7;0;1;1;0;1
202300012442;155 658 464;7;0;2;6;21;1
202300012442;155 658 466;33;0;2;7;2;1
202300012443;155 658 462;7;0;1;7;1;1
202300012444;155 658 460;10;0;2;3;1;1
202300012444;155 658 465;21;0;2;5;1;1
202300012445;155 658 461;7;0;0;0;1;1
202300012446;155 658 456;10;0;2;4;2;1
202300012446;155 658 458;10;0;2;4;2;1
202300012446;155 658 459;7;0;2;1;2;1
202300012446;155 658 463;7;0;2;4;1;1
202300012447;155 658 454;7;0;2;1;15;1
202300012447;155 658 457;7;0;2;1;1;1
202300012448;155 658 452;7;0;2;2;1;1
202300012448;155 658 455;7;0;2;1;15;1
202300012449;155 658 451;7;13;0;9;26;1
202300012450;155 658 450;37;0;2;2;15;0
202300012450;155 658 453;80;0;2;0;0;3
202300012451;155 658 448;7;0;2;7;14;0
202300012451;155 658 449;33;0;2;3;1;1
202300012452;155 658 446;7;0;2;7;16;1
202300012452;155 658 447;33;0;2;7;7;1
202300012453;155 658 440;2;0;2;2;1;1
202300012453;155 658 445;7;0;2;4;16;1
202300012454;155 658 441;30;8;0;4;15;1
202300012454;155 658 443;7;8;2;1;0;1
202300012455;155 658 439;7;0;2;2;1;1
202300012455;155 658 444;50;0;2;7;1;3
202300012456;155 658 438;7;0;2;4;2;1
202300012456;155 658 442;7;0;2;1;2;1
202300012457;155 658 432;2;0;2;1;1;1
202300012457;155 658 436;7;0;2;1;1;1
202300012458;155 658 433;10;0;1;2;16;1
202300012459;155 658 430;2;0;2;1;13;1
202300012459;155 658 435;7;0;2;3;15;1
202300012460;155 658 428;7;0;2;6;1;0
202300012460;155 658 431;31;0;2;1;1;1
202300012461;155 658 429;7;0;2;1;2;1
202300012461;155 658 434;7;0;2;4;23;1
202300012461;155 658 437;7;0;2;1;2;1
202300012462;155 658 422;7;0;2;6;11;2
202300012462;155 658 426;33;0;2;1;3;1
202300012463;155 658 423;10;0;1;1;1;1
202300012464;155 658 425;30;0;2;1;13;1
202300012464;155 658 427;50;0;2;8;15;3
202300012465;155 658 420;7;0;2;0;0;
202300012465;155 658 424;50;0;0;4;0;3
202300012466;155 658 419;43;0;2;1;1;1
202300012466;155 658 421;7;0;2;8;16;1
202300012467;155 658 414;30;0;2;1;18;1
202300012467;155 658 418;7;0;2;5;2;1
202300012468;155 658 413;14;0;2;4;1;1
202300012468;155 658 417;7;0;2;0;12;1
202300012469;155 658 412;33;14;9;8;17;1
202300012470;155 658 411;7;0;2;8;1;1
202300012470;155 658 416;10;0;2;2;1;1
202300012471;155 658 410;7;0;2;3;1;1
202300012471;155 658 415;7;0;2;1;1;1
202300012472;155 658 405;30;0;2;1;2;1
202300012472;155 658 409;37;0;2;3;1;1
202300012473;155 658 404;10;0;2;2;17;1
202300012473;155 658 407;7;0;2;8;15;1
202300012474;155 658 401;7;0;2;1;2;1
202300012474;155 658 403;10;0;2;4;23;1
202300012475;155 658 400;33;0;0;0;0;1
202300012475;155 658 402;7;0;2;2;0;1
202300012476;155 658 397;7;0;2;6;2;1
202300012476;155 658 398;7;0;2;4;2;1
202300012476;155 658 406;7;0;2;4;2;1
202300012476;155 658 408;7;0;2;1;2;1
202300012477;155 658 395;7;0;2;3;1;1
202300012477;155 658 399;1;0;2;1;1;5
202300012478;155 658 393;7;0;2;2;20;1
202300012478;155 658 396;1;0;2;1;1;5
202300012479;155 658 392;50;0;0;0;2;3
202300012480;155 658 391;7;0;2;4;1;1
202300012480;155 658 394;7;0;2;1;1;1
202300012481;155 658 388;7;0;2;8;15;1
202300012481;155 658 390;31;6;2;1;17;1
202300012482;155 658 386;7;0;2;3;15;1
202300012482;155 658 389;30;0;2;1;3;1
202300012483;155 658 387;7;6;0;2;14;1
202300012484;155 658 384;31;15;0;1;13;1
202300012485;155 658 382;32;0;2;2;0;3
202300012485;155 658 385;1;0;2;3;19;5
202300012486;155 658 381;30;0;0;0;0;0
202300012486;155 658 383;7;0;0;0;0;1
202300012487;155 658 377;10;17;0;2;1;1
202300012488;155 658 378;10;0;2;1;2;1
202300012488;155 658 380;7;0;2;4;0;1
202300012489;155 658 376;7;0;1;3;1;1
202300012489;155 658 379;10;0;1;8;23;1
202300012490;155 658 374;14;0;1;1;1;
202300012491;155 658 371;7;0;2;5;1;1
202300012491;155 658 375;34;0;2;1;1;1
202300012492;155 658 368;33;0;2;2;1;1
202300012492;155 658 372;7;0;0;3;15;1
202300012493;155 658 366;7;16;0;1;14;1
202300012494;155 658 363;7;0;0;3;1;1
202300012494;155 658 369;7;0;0;1;15;1
202300012495;155 658 361;1;0;2;3;13;5
202300012495;155 658 362;15;0;2;5;17;1
202300012496;155 658 360;33;0;2;3;1;0
202300012496;155 658 364;7;0;2;3;15;0
202300012497;155 658 355;31;14;0;9;26;1
202300012497;155 658 358;31;0;2;0;0;0
202300012498;155 658 353;7;0;2;3;15;1
202300012498;155 658 359;1;0;2;1;1;5
202300012499;155 658 352;7;0;0;2;16;1
202300012499;155 658 356;7;0;0;1;1;1
202300012500;155 658 349;7;0;2;0;1;0
202300012500;155 658 351;50;0;2;4;2;3
202300012501;155 658 346;7;0;2;3;15;0
202300012501;155 658 348;31;0;2;0;0;0
202300012502;155 658 344;31;13;0;1;1;1
202300012503;155 658 343;30;0;2;4;9;1
202300012503;155 658 347;7;0;2;1;9;1
202300012504;155 658 338;60;0;2;3;1;5
202300012504;155 658 341;7;0;2;0;1;0
202300012505;155 658 337;7;10;0;1;1;1
202300012506;155 658 336;7;0;0;1;15;1
202300012507;155 658 335;7;0;2;0;0;1
202300012507;155 658 340;7;0;2;1;1;1
202300012507;155 658 342;7;0;2;4;1;1
202300012508;155 658 334;7;0;2;2;15;1
202300012508;155 658 339;7;0;2;1;2;1
202300012509;155 658 333;21;13;0;0;14;1
202300012510;155 658 330;10;0;2;0;0;1
202300012510;155 658 332;1;0;2;0;0;5
202300012511;155 658 329;7;0;0;3;2;1
202300012512;155 658 326;7;0;1;1;1;1
202300012513;155 658 324;7;0;2;2;0;1
202300012513;155 658 328;7;0;2;1;2;1
202300012513;155 658 331;7;0;0;6;23;1
202300012514;155 658 325;7;0;2;6;13;1
202300012514;155 658 327;33;0;2;3;2;1
202300012515;155 658 323;33;0;1;1;17;1
202300012516;155 658 322;7;0;1;2;12;1
202300012517;155 658 319;1;9;0;7;16;5
202300012518;155 658 316;15;0;2;6;11;1
202300012518;155 658 318;7;0;2;7;9;1
202300012519;155 658 314;2;0;2;1;26;1
202300012519;155 658 320;10;0;2;3;15;1
202300012520;155 658 313;7;0;2;1;1;1
202300012520;155 658 321;7;0;2;8;0;0
202300012521;155 658 312;7;0;2;6;17;1
202300012521;155 658 315;33;0;2;7;17;1
202300012521;155 658 317;7;0;2;6;1;1
202300012522;155 658 308;50;15;0;1;1;3
202300012523;155 658 306;7;0;2;2;12;2
202300012523;155 658 310;32;0;2;3;3;1
202300012524;155 658 307;7;0;9;0;1;1
202300012524;155 658 311;2;0;2;0;1;1
202300012525;155 658 304;7;0;2;1;0;1
202300012525;155 658 309;7;0;2;1;0;1
202300012526;155 658 302;7;0;2;1;15;1
202300012526;155 658 305;50;0;2;8;19;3
202300012527;155 658 301;7;0;1;1;15;1
202300012528;155 658 298;7;0;2;1;1;1
202300012528;155 658 299;7;0;2;4;1;1
202300012529;155 658 296;7;0;2;4;23;1
202300012529;155 658 300;10;0;2;4;23;1
202300012529;155 658 303;10;0;2;1;1;1
202300012530;155 658 294;7;0;2;1;1;1
202300012530;155 658 297;7;4;2;9;11;1
202300012531;155 658 293;7;0;2;5;15;1
202300012531;155 658 295;2;0;2;1;1;1
202300012532;155 658 292;34;6;0;1;15;1
202300012533;155 658 290;7;0;1;3;1;1
202300012534;155 658 284;34;0;2;2;17;1
202300012534;155 658 287;7;0;2;8;15;1
202300012535;155 658 285;7;0;2;1;2;1
202300012535;155 658 289;7;0;2;4;2;1
202300012535;155 658 291;7;0;2;4;2;1
202300012536;155 658 282;7;0;2;1;2;0
202300012536;155 658 283;7;0;2;4;2;1
202300012536;155 658 288;7;0;2;4;2;1
202300012537;155 658 278;7;0;2;7;1;0
202300012537;155 658 281;31;0;2;8;1;0
202300012538;155 658 274;7;0;2;1;26;1
202300012538;155 658 277;7;0;2;8;1;1
202300012539;155 658 273;7;0;2;1;0;1
202300012539;155 658 279;7;0;2;4;0;1
202300012540;155 658 275;30;0;2;1;17;1
202300012540;155 658 280;7;0;2;3;15;1
202300012541;155 658 270;7;0;2;1;2;0
202300012541;155 658 272;7;0;2;3;11;0
202300012541;155 658 276;32;0;2;2;3;0
202300012542;155 658 268;10;0;2;2;17;1
202300012542;155 658 271;31;0;2;4;1;1
202300012543;155 658 267;31;0;5;1;1;1
202300012544;155 658 266;7;0;2;1;13;1
202300012544;155 658 269;7;0;2;1;1;1
202300012545;155 658 265;7;0;1;2;16;1
202300012546;155 658 264;2;12;0;1;1;1
202300012547;155 658 263;7;2;0;9;1;1
202300012548;155 658 260;20;0;2;2;1;1
202300012548;155 658 262;80;0;2;0;1;3
202300012549;155 658 259;7;0;2;1;1;1
202300012549;155 658 261;31;0;2;4;23;1
202300012550;155 658 257;1;3;0;1;1;5
202300012551;155 658 255;1;0;2;4;2;5
202300012551;155 658 258;1;0;2;1;2;5
202300012552;155 658 254;7;4;2;1;2;1
202300012552;155 658 256;7;4;2;4;3;1
202300012553;155 658 253;7;0;1;1;1;1
202300012554;155 658 251;7;0;1;3;1;0
202300012555;155 658 250;3;0;2;0;5;0
202300012555;155 658 252;33;0;2;8;1;1
202300012556;155 658 246;7;0;2;3;13;1
202300012556;155 658 249;7;0;2;3;1;1
202300012557;155 658 247;33;1;0;9;26;1
202300012558;155 658 245;7;0;2;1;2;1
202300012558;155 658 248;7;0;2;4;2;1
202300012559;155 658 243;7;4;0;1;3;1
202300012560;155 658 242;7;0;2;2;1;1
202300012560;155 658 244;7;0;2;3;16;1
202300012561;155 658 240;7;4;0;1;1;1
202300012562;155 658 238;7;0;2;2;17;1
202300012562;155 658 241;1;0;2;3;11;5
202300012563;155 658 237;7;0;2;3;1;1
202300012563;155 658 239;7;0;2;2;12;0
202300012564;155 658 233;7;0;2;4;20;1
202300012564;155 658 235;7;0;2;1;2;1
202300012565;155 658 234;7;0;2;3;1;1
202300012565;155 658 236;7;0;2;2;1;1
202300012566;155 658 229;7;0;1;2;1;1
202300012567;155 658 228;33;0;2;1;17;1
202300012567;155 658 231;7;0;2;3;1;1
202300012568;155 658 225;7;0;2;1;9;1
202300012568;155 658 227;1;0;2;7;0;5
202300012569;155 658 219;10;6;0;1;19;1
202300012570;155 658 221;7;0;2;2;19;1
202300012570;155 658 226;1;0;2;1;1;5
202300012571;155 658 223;7;0;2;4;23;1
202300012571;155 658 224;7;0;2;1;2;2
202300012572;155 658 218;30;0;2;7;2;1
202300012572;155 658 222;10;0;2;3;15;1
202300012573;155 658 217;30;0;2;2;9;1
202300012573;155 658 220;7;0;2;3;9;2
202300012574;155 658 213;7;0;2;3;12;1
202300012574;155 658 216;7;9;2;2;15;1
202300012575;155 658 214;7;0;1;4;24;1
202300012576;155 658 215;7;6;0;1;1;1
202300012577;155 658 209;7;0;2;7;1;1
202300012577;155 658 212;7;0;2;1;1;1
202300012578;155 658 210;7;0;1;1;16;0
202300012579;155 658 207;7;0;0;6;1;1
202300012580;155 658 208;1;0;2;1;12;5
202300012580;155 658 211;2;0;2;1;1;1
202300012581;155 658 203;7;0;2;4;2;1
202300012581;155 658 205;2;0;2;1;2;1
202300012582;155 658 202;10;0;2;2;15;1
202300012582;155 658 206;33;0;2;1;1;1
202300012583;155 658 200;10;0;1;4;20;1
202300012584;155 658 198;50;0;2;7;1;3
202300012584;155 658 204;7;0;2;1;1;1
202300012585;155 658 196;7;0;2;3;23;1
202300012585;155 658 199;7;0;2;2;19;1
202300012585;155 658 201;7;0;2;1;1;1
202300012586;155 658 193;34;0;2;6;1;0
202300012586;155 658 197;7;0;2;3;11;1
202300012587;155 658 191;10;1;0;2;1;1
202300012588;155 658 190;30;0;2;1;17;
202300012588;155 658 194;34;0;2;1;1;
202300012589;155 658 192;33;0;2;1;17;1
202300012589;155 658 195;7;0;2;1;1;1
202300012590;155 658 185;7;2;0;1;1;1
202300012591;155 658 187;7;0;2;2;2;1
202300012591;155 658 189;7;0;2;6;2;1
202300012592;155 658 183;7;0;2;2;15;1
202300012592;155 658 184;1;0;2;1;19;5
202300012593;155 658 182;7;0;2;1;2;1
202300012593;155 658 188;7;0;2;3;16;1
202300012594;155 658 181;33;0;0;0;1;1
202300012595;155 658 177;7;14;0;1;1;1
202300012595;155 658 178;7;14;0;1;1;1
202300012596;155 658 176;33;0;0;0;14;1
202300012597;155 658 173;10;0;9;3;26;1
202300012597;155 658 175;1;0;2;7;26;5
202300012598;155 658 174;3;0;0;0;0;0
202300012598;155 658 179;7;0;2;4;2;0
202300012598;155 658 180;7;0;2;0;0;0
202300012599;155 658 172;7;0;2;6;15;1
202300012599;155 658 186;30;0;2;6;1;1