Num_Acc;id_vehicule;categorie_vehicule;obstacle_fixe;obstacle_mobile;point_choc_initial;manoeuvre_principale;motorisation
202300012600;155 658 171;7;0;1;4;23;1
202300012601;155 658 167;7;0;2;3;13;1
202300012601;155 658 170;10;0;2;3;1;1
202300012602;155 658 164;7;9;2;0;0;0
202300012602;155 658 169;7;9;2;0;0;0
202300012603;155 658 162;38;0;2;3;9;1
202300012603;155 658 168;7;0;2;7;0;0
202300012604;155 658 163;7;0;2;1;1;1
202300012604;155 658 166;7;0;2;1;0;1
202300012605;155 658 161;7;0;2;1;1;1
202300012605;155 658 165;3;0;2;4;2;1
202300012606;155 658 158;7;0;2;2;0;1
202300012606;155 658 160;2;0;2;8;1;1
202300012607;155 658 157;30;0;0;1;1;1
202300012608;155 658 156;3;0;1;2;1;1
202300012609;155 658 154;7;0;2;1;1;1
202300012609;155 658 159;7;0;2;1;13;1
202300012610;155 658 153;7;0;2;2;15;1
202300012610;155 658 155;33;0;2;1;1;1
202300012611;155 658 152;7;8;0;9;1;1
202300012612;155 658 150;50;1;0;1;14;3
202300012613;155 658 149;1;0;2;3;14;5
202300012613;155 658 151;7;0;0;2;1;1
202300012614;155 658 148;7;2;0;3;13;1
202300012615;155 658 147;7;6;0;2;14;2
202300012616;155 658 146;10;0;1;3;19;1
202300012617;155 658 141;2;0;2;1;1;1
202300012617;155 658 145;7;0;2;1;15;1
202300012618;155 658 139;33;0;2;1;17;1
202300012618;155 658 144;7;0;0;6;19;0
202300012619;155 658 138;7;0;2;3;11;1
202300012619;155 658 142;7;0;2;2;1;1
202300012620;155 658 136;7;0;2;3;15;1
202300012620;155 658 140;33;0;2;7;3;1
202300012621;155 658 135;1;14;0;0;0;5
202300012622;155 658 137;37;9;2;7;16;1
202300012622;155 658 143;10;0;2;4;23;1
202300012623;155 658 133;7;0;1;2;1;1
202300012624;155 658 132;7;0;2;3;15;1
202300012624;155 658 134;33;0;2;0;1;1
202300012625;155 658 129;7;6;0;1;1;1
202300012626;155 658 128;50;0;2;1;1;3
202300012626;155 658 130;7;0;2;5;16;1
202300012627;155 658 127;7;0;1;3;1;1
202300012628;155 658 126;7;0;2;0;16;1
202300012628;155 658 131;37;0;2;3;1;1
202300012629;155 658 124;7;0;2;3;1;1
202300012629;155 658 125;7;0;0;0;0;0
202300012630;155 658 120;2;0;2;1;2;1
202300012630;155 658 123;2;0;0;4;1;1
202300012631;155 658 118;30;0;2;1;1;1
202300012631;155 658 122;7;0;2;2;15;1
202300012632;155 658 115;7;0;2;1;6;1
202300012632;155 658 116;7;0;2;1;1;1
202300012633;155 658 114;7;0;0;7;1;3
202300012633;155 658 117;50;0;2;1;1;3
202300012634;155 658 112;33;0;0;0;0;1
202300012635;155 658 110;7;0;2;3;13;1
202300012635;155 658 113;7;0;2;2;1;1
202300012636;155 658 109;7;0;2;3;16;1
202300012636;155 658 111;33;0;2;1;1;1
202300012637;155 658 108;7;0;1;1;1;1
202300012638;155 658 106;7;0;1;1;1;1
202300012639;155 658 104;10;0;0;1;1;1
202300012640;155 658 096;33;0;2;1;26;1
202300012640;155 658 100;7;0;2;5;15;1
202300012641;155 658 095;7;0;2;8;1;1
202300012641;155 658 103;30;0;2;1;1;1
202300012642;155 658 098;32;0;2;1;1;0
202300012642;155 658 102;7;0;2;2;15;0
202300012643;155 658 101;7;0;2;4;1;2
202300012643;155 658 105;7;0;2;4;1;1
202300012643;155 658 107;7;0;2;1;1;1
202300012644;155 658 094;7;3;2;4;1;0
202300012644;155 658 097;7;0;2;0;0;0
202300012644;155 658 099;7;0;2;1;26;1
202300012645;155 658 092;10;0;1;2;1;0
202300012646;155 658 089;7;0;1;2;1;0
202300012647;155 658 088;2;0;2;8;18;1
202300012647;155 658 091;7;0;2;2;1;1
202300012648;155 658 090;10;0;2;3;22;1
202300012648;155 658 093;50;0;2;1;1;3
202300012649;155 658 086;33;0;2;1;1;1
202300012649;155 658 087;7;0;2;5;12;1
202300012650;155 658 084;33;8;0;1;1;1
202300012651;155 658 083;7;0;2;1;1;1
202300012651;155 658 085;7;0;2;4;23;1
202300012652;155 658 081;7;0;2;0;15;1
202300012652;155 658 082;30;0;2;1;0;1
202300012653;155 658 079;31;0;0;7;1;1
202300012654;155 658 077;7;15;0;1;1;1
202300012655;155 658 076;7;0;1;1;1;1
202300012656;155 658 078;10;0;2;6;9;1
202300012656;155 658 080;7;0;2;2;16;1
202300012657;155 658 075;10;0;1;4;20;1
202300012658;155 658 070;7;0;2;2;26;1
202300012658;155 658 074;7;0;2;1;1;1
202300012659;155 658 072;10;13;0;3;13;1
202300012660;155 658 071;10;16;0;0;1;1
202300012661;155 658 069;31;0;2;1;17;1
202300012661;155 658 073;7;0;2;8;19;1
202300012662;155 658 067;10;0;2;2;15;1
202300012662;155 658 068;2;0;2;1;1;1
202300012663;155 658 061;7;0;2;3;1;1
202300012663;155 658 065;32;0;2;7;1;1
202300012664;155 658 059;7;0;2;2;16;0
202300012664;155 658 062;50;0;2;1;1;3
202300012665;155 658 060;7;0;2;3;1;1
202300012665;155 658 063;7;0;2;1;1;1
202300012665;155 658 066;38;0;2;7;15;1
202300012666;155 658 058;31;0;0;0;1;3
202300012667;155 658 057;1;0;2;1;1;5
202300012667;155 658 064;7;0;9;3;1;1
202300012668;155 658 054;7;0;1;1;1;0
202300012669;155 658 055;3;0;9;8;21;1
202300012670;155 658 052;7;13;0;9;9;1
202300012671;155 658 051;30;0;2;1;13;1
202300012671;155 658 056;7;0;2;3;9;1
202300012672;155 658 050;1;0;2;1;13;5
202300012672;155 658 053;1;0;2;1;1;5
202300012673;155 658 043;99;0;1;0;26;0
202300012674;155 658 045;7;0;2;6;9;1
202300012674;155 658 048;32;0;2;1;1;1
202300012675;155 658 042;7;0;2;1;1;1
202300012675;155 658 047;7;0;2;4;2;1
202300012675;155 658 049;7;0;2;4;2;1
202300012676;155 658 041;7;0;2;8;9;1
202300012676;155 658 046;50;0;0;0;0;3
202300012677;155 658 040;7;0;2;8;15;3
202300012677;155 658 044;1;0;2;1;1;5
202300012678;155 658 038;7;0;1;1;1;1
202300012679;155 658 036;7;0;1;1;1;0
202300012680;155 658 035;15;0;2;2;1;1
202300012680;155 658 037;7;0;2;8;1;1
202300012681;155 658 029;50;0;2;7;1;3
202300012681;155 658 034;7;0;2;1;9;0
202300012682;155 658 033;33;0;2;1;1;1
202300012682;155 658 039;7;0;2;3;15;1
202300012683;155 658 030;7;0;2;1;1;1
202300012683;155 658 032;7;0;2;2;19;2
202300012684;155 658 027;7;0;2;3;1;1
202300012684;155 658 031;7;0;2;3;1;1
202300012685;155 658 026;32;0;2;7;1;1
202300012685;155 658 028;7;0;2;2;15;1
202300012686;155 658 024;7;0;2;3;13;1
202300012686;155 658 025;1;0;2;2;17;5
202300012687;155 658 021;1;0;2;1;1;5
202300012687;155 658 023;1;0;2;1;13;5
202300012688;155 658 018;7;0;2;2;12;1
202300012688;155 658 022;32;0;2;8;3;1
202300012689;155 658 017;31;0;0;0;0;1
202300012690;155 658 019;7;0;2;1;17;0
202300012691;155 658 013;7;0;2;1;5;1
202300012691;155 658 016;7;0;2;1;1;1
202300012692;155 658 015;33;0;2;6;11;1
202300012692;155 658 020;7;0;2;1;11;1
202300012693;155 658 011;33;0;2;1;18;1
202300012693;155 658 014;7;0;0;4;1;1
202300012694;155 658 008;2;0;2;4;2;1
202300012694;155 658 012;0;0;2;4;0;0
202300012695;155 658 006;30;0;0;0;21;3
202300012696;155 658 009;14;0;2;0;0;0
202300012696;155 658 010;7;0;2;3;15;1
202300012697;155 658 005;7;0;1;2;26;1
202300012698;155 658 003;7;0;2;2;19;1
202300012698;155 658 007;7;0;2;7;1;1
202300012699;155 658 000;15;14;0;3;0;1
202300012699;155 658 002;7;0;2;2;11;1
202300012700;155 657 999;10;9;0;1;1;1
202300012701;155 658 001;37;0;0;8;15;1
202300012701;155 658 004;33;0;2;1;7;1
202300012702;155 657 997;7;1;0;9;26;1
202300012703;155 657 996;7;0;2;6;23;1
202300012703;155 657 998;7;0;2;3;21;1
202300012704;155 657 993;31;0;1;8;1;1
202300012705;155 657 991;1;0;2;2;1;5
202300012705;155 657 995;7;0;2;3;11;0
202300012706;155 657 992;7;0;2;4;23;1
202300012706;155 657 994;7;0;2;1;1;1
202300012707;155 657 989;30;0;1;7;1;0
202300012708;155 657 990;1;0;0;3;26;5
202300012709;155 657 987;7;0;2;3;9;3
202300012709;155 657 988;1;0;2;1;1;5
202300012710;155 657 985;32;0;0;8;13;1
202300012711;155 657 986;7;0;1;1;1;2
202300012712;155 657 984;7;0;1;2;1;1
202300012713;155 657 982;2;1;0;2;1;1
202300012714;155 657 981;33;14;0;0;17;1
202300012715;155 657 978;7;0;2;4;23;1
202300012715;155 657 980;7;0;2;1;1;1
202300012716;155 657 979;43;0;2;1;2;1
202300012716;155 657 983;7;16;0;6;2;1
202300012717;155 657 973;7;0;2;5;1;1
202300012717;155 657 977;7;0;2;1;9;1
202300012718;155 657 974;2;0;2;2;18;1
202300012718;155 657 976;10;0;2;2;1;1
202300012719;155 657 971;7;0;2;3;1;1
202300012719;155 657 975;7;0;2;2;19;1
202300012720;155 657 969;7;0;2;3;1;0
202300012720;155 657 970;14;0;2;3;15;0
202300012721;155 657 968;30;0;2;1;1;3
202300012721;155 657 972;7;0;2;4;1;1
202300012722;155 657 964;7;0;2;2;1;1
202300012722;155 657 967;50;0;2;8;26;3
202300012723;155 657 966;10;9;0;1;2;1
202300012724;155 657 962;7;0;2;2;14;1
202300012724;155 657 965;7;0;2;3;1;0
202300012725;155 657 961;7;0;2;4;23;1
202300012725;155 657 963;43;0;2;1;2;1
202300012726;155 657 960;7;6;0;9;14;1
202300012727;155 657 957;7;0;2;3;1;1
202300012727;155 657 959;7;0;2;3;13;1
202300012728;155 657 956;30;0;1;1;3;1
202300012729;155 657 955;7;0;1;0;0;1
202300012730;155 657 953;50;0;2;1;1;3
202300012730;155 657 958;7;0;2;3;16;6
202300012731;155 657 952;33;0;2;7;1;1
202300012731;155 657 954;7;0;2;1;15;1
202300012732;155 657 950;7;0;1;2;1;1
202300012733;155 657 949;7;0;1;1;1;3
202300012734;155 657 946;7;4;0;9;1;1
202300012735;155 657 947;7;0;2;2;15;1
202300012735;155 657 951;2;0;2;1;1;1
202300012736;155 657 948;1;1;0;1;1;5
202300012737;155 657 945;7;2;0;7;14;1
202300012738;155 657 940;7;0;2;1;5;0
202300012738;155 657 944;13;0;2;1;1;0
202300012739;155 657 938;7;0;0;2;15;1
202300012739;155 657 943;30;0;0;8;1;1
202300012740;155 657 936;7;0;2;0;0;1
202300012740;155 657 941;33;0;2;2;2;1
202300012741;155 657 937;50;12;0;1;26;3
202300012742;155 657 934;7;0;2;1;9;1
202300012742;155 657 942;32;0;2;4;1;1
202300012743;155 657 930;7;0;2;1;13;1
202300012743;155 657 933;7;0;2;6;1;1
202300012744;155 657 931;7;0;1;1;15;1
202300012745;155 657 932;7;0;1;1;15;1
202300012746;155 657 926;7;0;2;1;9;1
202300012746;155 657 928;2;0;2;7;1;1
202300012747;155 657 925;7;0;2;3;10;1
202300012747;155 657 929;33;0;2;2;1;1
202300012748;155 657 922;7;0;2;2;1;1
202300012748;155 657 927;7;0;2;3;15;1
202300012749;155 657 920;33;0;2;1;17;1
202300012749;155 657 924;7;0;2;3;15;1
202300012750;155 657 919;10;0;2;1;2;1
202300012750;155 657 921;14;0;2;4;1;1
202300012751;155 657 918;7;3;2;1;2;1
202300012751;155 657 923;17;0;0;4;2;1
202300012752;155 657 914;14;0;2;7;17;0
202300012752;155 657 916;50;1;2;8;1;3
202300012753;155 657 912;1;0;2;1;1;5
202300012753;155 657 917;7;0;2;3;15;1
202300012754;155 657 910;30;0;2;2;17;1
202300012754;155 657 915;7;0;2;6;15;1
202300012755;155 657 908;33;8;2;1;13;1
202300012755;155 657 909;7;0;0;3;15;1
202300012756;155 657 907;7;0;9;1;16;0
202300012756;155 657 911;1;0;2;8;1;5
202300012757;155 657 905;7;0;2;1;2;1
202300012757;155 657 913;7;0;2;7;1;1
202300012758;155 657 902;30;14;2;3;1;6
202300012758;155 657 904;7;14;0;2;0;0
202300012759;155 657 901;50;0;2;8;5;3
202300012759;155 657 906;10;0;2;0;1;0
202300012760;155 657 899;30;0;2;1;2;1
202300012760;155 657 903;7;0;2;4;2;1
202300012761;155 657 896;7;0;1;1;1;1
202300012762;155 657 897;3;15;0;1;19;1
202300012763;155 657 893;7;6;0;1;9;1
202300012764;155 657 892;7;16;0;8;0;1
202300012765;155 657 894;7;0;2;6;22;1
202300012765;155 657 895;1;1;0;1;22;5
202300012766;155 657 888;7;0;2;4;16;1
202300012766;155 657 890;30;0;2;1;2;1
202300012767;155 657 887;7;0;2;3;13;1
202300012767;155 657 891;33;0;2;7;17;1
202300012768;155 657 884;7;0;2;1;1;1
202300012768;155 657 889;7;0;2;1;1;1
202300012769;155 657 882;2;0;2;3;2;1
202300012769;155 657 885;10;0;2;7;2;1
202300012770;155 657 878;33;0;2;3;18;1
202300012770;155 657 881;10;0;2;2;16;1
202300012771;155 657 876;30;0;1;3;11;1
202300012772;155 657 872;7;0;0;4;1;2
202300012772;155 657 879;7;0;2;1;2;1
202300012772;155 657 883;7;0;2;4;23;1
202300012772;155 657 886;7;0;2;1;2;1
202300012773;155 657 870;7;1;2;1;1;1
202300012773;155 657 875;7;6;2;1;15;1
202300012774;155 657 868;7;16;2;7;16;6
202300012774;155 657 871;1;0;2;1;1;5
202300012775;155 657 867;7;0;2;4;2;1
202300012775;155 657 869;7;0;2;1;2;1
202300012775;155 657 874;7;0;2;4;2;1
202300012776;155 657 863;7;0;0;1;14;1
202300012777;155 657 865;7;6;0;1;1;1
202300012778;155 657 864;7;14;9;7;16;1
202300012778;155 657 866;1;1;0;0;0;5
202300012779;155 657 862;7;0;1;2;12;1
202300012780;155 657 860;50;14;0;1;1;3
202300012781;155 657 859;33;0;2;1;1;1
202300012781;155 657 861;7;0;2;2;15;1
202300012782;155 657 855;7;1;0;0;0;1
202300012782;155 657 858;30;0;2;7;23;3
202300012783;155 657 856;7;1;1;3;20;1
202300012784;155 657 853;34;0;2;1;1;1
202300012784;155 657 857;7;0;2;8;1;2
202300012785;155 657 851;7;0;2;3;13;1
202300012785;155 657 854;2;0;2;1;1;1
202300012786;155 657 850;7;0;2;2;1;1
202300012786;155 657 852;10;0;2;2;15;1
202300012787;155 657 848;1;0;2;0;2;5
202300012787;155 657 849;1;0;2;0;1;5
202300012788;155 657 847;32;0;0;8;1;1
202300012789;155 657 844;1;0;2;1;1;5
202300012789;155 657 846;7;0;9;7;19;1
202300012790;155 657 843;10;0;2;4;23;1
202300012790;155 657 845;10;0;2;1;1;1
202300012791;155 657 842;7;8;0;1;0;1
202300012792;155 657 839;7;0;2;3;15;1
202300012792;155 657 841;10;0;2;2;1;1
202300012793;155 657 838;21;0;2;5;0;1
202300012793;155 657 840;1;0;2;1;0;5
202300012794;155 657 837;1;0;1;1;1;5
202300012795;155 657 832;7;0;1;1;1;1
202300012796;155 657 833;7;7;2;6;1;1
202300012796;155 657 836;7;0;2;3;1;1
202300012797;155 657 830;7;0;2;4;1;1
202300012797;155 657 834;7;0;2;1;1;1
202300012798;155 657 829;7;0;2;1;26;1
202300012798;155 657 835;1;0;2;7;25;5
202300012799;155 657 828;37;0;2;3;1;6
202300012799;155 657 831;7;0;2;7;16;1
202300012800;155 657 823;33;0;2;1;1;1
202300012800;155 657 826;7;0;2;6;1;1
202300012801;155 657 822;7;0;2;1;1;0
202300012801;155 657 827;7;0;2;4;23;0
202300012802;155 657 824;7;0;1;1;15;1
202300012803;155 657 821;7;0;2;3;15;1
202300012803;155 657 825;1;0;2;1;17;5
202300012804;155 657 819;10;0;2;1;1;2
202300012804;155 657 820;10;0;2;4;1;1
202300012805;155 657 816;7;2;0;1;6;1
202300012806;155 657 814;7;0;2;4;1;0
202300012806;155 657 817;10;0;2;1;9;0
202300012807;155 657 811;7;0;2;1;2;1
202300012807;155 657 813;7;0;2;1;1;1
202300012807;155 657 818;7;0;2;4;2;1
202300012808;155 657 812;50;0;2;1;1;3
202300012808;155 657 815;7;0;2;7;16;1
202300012809;155 657 810;7;0;1;1;1;3
202300012810;155 657 807;33;0;2;4;1;1
202300012810;155 657 809;10;0;2;1;1;1
202300012811;155 657 806;7;0;2;1;15;1
202300012811;155 657 808;1;0;2;1;1;5
202300012812;155 657 802;37;0;2;4;2;1
202300012812;155 657 805;7;0;2;1;2;1
202300012813;155 657 800;1;0;2;0;0;5
202300012813;155 657 804;30;0;2;1;1;1
202300012814;155 657 798;33;16;2;1;1;1
202300012814;155 657 801;7;16;2;8;9;1
202300012815;155 657 794;7;0;2;4;1;1
202300012815;155 657 796;7;0;2;1;1;1
202300012816;155 657 795;7;0;2;0;1;1
202300012816;155 657 799;7;0;2;3;13;0
202300012816;155 657 803;7;0;2;3;5;0
202300012817;155 657 793;10;0;2;2;1;1
202300012817;155 657 797;7;0;2;2;13;1
202300012818;155 657 790;7;9;0;1;1;1
202300012819;155 657 789;50;0;2;0;0;3
202300012819;155 657 791;7;0;2;1;1;1
202300012820;155 657 787;7;0;2;1;15;3
202300012820;155 657 792;7;0;2;1;1;1
202300012821;155 657 786;7;6;0;1;14;1
202300012822;155 657 782;15;0;2;5;17;1
202300012822;155 657 784;1;0;2;3;1;5
202300012823;155 657 785;50;0;2;1;7;3
202300012823;155 657 788;99;0;2;3;16;0
202300012824;155 657 781;10;0;2;3;1;1
202300012824;155 657 783;7;0;2;1;1;1
202300012825;155 657 779;7;8;0;1;14;0
202300012826;155 657 775;7;0;1;2;15;1
202300012827;155 657 778;7;0;2;1;17;1
202300012827;155 657 780;33;0;2;1;1;1
202300012828;155 657 774;33;0;2;6;17;1
202300012828;155 657 777;7;0;9;8;15;2
202300012829;155 657 776;7;0;1;1;1;1
202300012830;155 657 770;10;0;2;4;23;0
202300012830;155 657 772;7;0;2;1;1;0
202300012831;155 657 768;7;0;2;1;1;1
202300012831;155 657 773;2;6;2;7;1;1
202300012832;155 657 766;7;0;2;2;15;1
202300012832;155 657 769;99;0;2;1;1;3
202300012833;155 657 767;7;0;2;8;22;1
202300012833;155 657 771;80;1;0;5;1;3
202300012834;155 657 762;7;0;2;3;1;1
202300012834;155 657 764;1;0;2;6;26;5
202300012835;155 657 761;7;0;2;1;13;1
202300012835;155 657 763;7;0;2;1;1;1
202300012836;155 657 760;33;0;2;1;1;1
202300012836;155 657 765;7;0;2;2;15;1
202300012837;155 657 757;33;0;2;1;2;1
202300012837;155 657 758;7;0;2;3;15;1
202300012838;155 657 756;7;0;2;3;13;1
202300012838;155 657 759;7;0;2;3;1;1
202300012839;155 657 751;7;0;2;1;13;1
202300012839;155 657 754;30;0;2;1;13;1
202300012840;155 657 747;7;0;2;4;23;1
202300012840;155 657 752;7;0;2;4;2;1
202300012840;155 657 755;10;0;2;1;2;1
202300012841;155 657 748;7;0;2;3;13;1
202300012841;155 657 750;10;0;2;3;1;1
202300012842;155 657 746;7;3;0;1;26;1
202300012843;155 657 749;7;1;0;4;10;1
202300012843;155 657 753;7;0;2;2;24;1
202300012844;155 657 744;32;0;2;2;17;1
202300012844;155 657 745;7;0;2;3;15;1
202300012845;155 657 741;7;8;0;2;13;1
202300012846;155 657 740;32;0;2;8;2;1
202300012846;155 657 743;7;0;2;1;19;1
202300012847;155 657 739;10;0;1;1;15;1
202300012848;155 657 736;43;0;2;8;15;1
202300012848;155 657 737;30;0;2;0;17;0
202300012849;155 657 735;31;0;2;1;9;1
202300012849;155 657 738;7;0;2;7;1;1
202300012850;155 657 732;7;0;2;5;16;1
202300012850;155 657 734;37;0;2;1;0;1
202300012851;155 657 733;7;8;0;8;13;1
202300012852;155 657 731;10;0;1;3;1;1
202300012853;155 657 729;7;15;0;1;14;1
202300012854;155 657 728;7;0;2;4;1;1
202300012854;155 657 730;7;0;2;1;1;1
202300012855;155 657 727;34;0;9;0;1;1
202300012856;155 657 724;7;0;2;1;13;1
202300012856;155 657 726;7;0;2;1;1;1
202300012857;155 657 723;7;0;0;9;13;1
202300012858;155 657 721;7;0;2;0;1;1
202300012858;155 657 725;7;0;2;1;0;1
202300012859;155 657 720;50;0;2;1;9;3
202300012859;155 657 722;7;0;2;3;16;1
202300012860;155 657 717;10;0;2;4;4;1
202300012860;155 657 719;2;0;2;1;23;1
202300012861;155 657 715;7;2;0;7;1;1
202300012862;155 657 716;7;0;1;1;16;0
202300012863;155 657 713;7;0;0;0;0;1
202300012864;155 657 714;7;0;2;2;1;1
202300012864;155 657 718;7;0;2;3;1;1
202300012865;155 657 712;7;1;1;4;20;1
202300012866;155 657 711;7;0;1;3;1;1
202300012867;155 657 709;32;12;0;1;1;1
202300012868;155 657 707;7;0;2;1;1;1
202300012868;155 657 710;1;0;2;7;1;5
202300012869;155 657 706;1;0;2;5;0;5
202300012869;155 657 708;3;0;9;3;15;1
202300012870;155 657 704;7;0;1;4;16;1
202300012871;155 657 702;1;0;2;0;0;5
202300012871;155 657 705;7;0;2;3;1;1
202300012872;155 657 701;37;0;2;4;23;1
202300012872;155 657 703;30;0;2;1;1;3
202300012873;155 657 700;7;13;0;1;26;0
202300012874;155 657 696;7;0;2;3;13;6
202300012874;155 657 699;10;0;2;3;21;6
202300012875;155 657 695;7;0;2;3;15;0
202300012875;155 657 698;31;0;2;7;17;1
202300012876;155 657 694;1;0;2;7;1;5
202300012876;155 657 697;3;0;2;3;9;0
202300012877;155 657 689;10;0;2;1;1;1
202300012877;155 657 691;7;0;2;4;1;1
202300012877;155 657 693;7;0;2;4;1;1
202300012878;155 657 690;7;0;1;1;0;1
202300012879;155 657 688;7;0;2;3;13;1
202300012879;155 657 692;7;0;2;3;1;1
202300012880;155 657 686;7;9;0;1;9;2
202300012881;155 657 685;7;0;2;1;1;1
202300012881;155 657 687;7;0;2;4;1;1
202300012882;155 657 682;7;0;2;1;15;0
202300012882;155 657 684;7;0;2;4;1;0
202300012883;155 657 681;33;0;2;1;13;1
202300012883;155 657 683;7;0;2;1;1;1
202300012884;155 657 680;7;0;1;2;2;1
202300012885;155 657 678;32;0;0;7;1;1
202300012886;155 657 677;7;8;0;5;19;1
202300012886;155 657 679;1;8;0;1;19;5
202300012887;155 657 675;7;0;1;1;1;1
202300012888;155 657 674;7;8;0;1;14;1
202300012889;155 657 671;7;0;2;3;24;1
202300012889;155 657 672;50;1;0;1;1;3
202300012890;155 657 670;10;0;1;3;15;1
202300012891;155 657 669;7;0;2;3;1;1
202300012891;155 657 673;7;0;2;1;1;1
202300012892;155 657 668;7;2;0;2;1;1
202300012893;155 657 666;10;0;2;8;15;1
202300012893;155 657 667;32;0;2;7;17;1
202300012894;155 657 665;10;0;1;3;20;1
202300012895;155 657 663;7;0;2;8;15;1
202300012895;155 657 664;30;0;2;7;1;1
202300012896;155 657 662;7;0;1;1;26;1
202300012897;155 657 655;10;2;2;3;1;1
202300012897;155 657 659;7;0;2;1;1;1
202300012898;155 657 654;1;0;0;4;1;5
202300012898;155 657 657;7;0;9;2;2;1
202300012899;155 657 656;7;0;2;2;16;1
202300012899;155 657 658;50;0;2;1;1;3
202300012900;155 657 651;7;0;2;3;1;0
202300012900;155 657 653;7;7;2;2;26;0
202300012901;155 657 650;7;0;2;3;15;1
202300012901;155 657 652;32;0;2;3;1;1
202300012902;155 657 645;31;0;2;1;1;1
202300012902;155 657 649;7;0;2;2;15;1
202300012903;155 657 646;7;0;2;1;15;1
202300012903;155 657 648;32;0;2;1;1;1
202300012904;155 657 644;15;0;2;3;21;1
202300012904;155 657 647;2;0;2;1;13;1
202300012905;155 657 643;30;1;0;1;14;1
202300012906;155 657 639;7;0;2;1;1;1
202300012906;155 657 642;7;0;2;4;1;1
202300012907;155 657 637;30;0;2;8;13;3
202300012907;155 657 640;32;0;2;7;14;1
202300012908;155 657 635;10;0;2;2;15;1
202300012908;155 657 638;7;0;2;1;1;1
202300012909;155 657 636;7;0;2;3;13;1
202300012909;155 657 641;7;0;2;3;1;1
202300012910;155 657 631;7;2;0;2;1;1
202300012911;155 657 630;7;0;2;1;1;1
202300012911;155 657 633;7;0;2;4;23;2
202300012912;155 657 628;14;0;2;1;1;1
202300012912;155 657 629;7;0;2;4;2;1
202300012912;155 657 632;7;0;2;4;2;1
202300012912;155 657 634;14;0;2;4;2;1
202300012913;155 657 625;33;0;2;1;1;1
202300012913;155 657 627;10;0;2;8;10;1
202300012914;155 657 624;7;0;2;3;9;1
202300012914;155 657 626;32;0;2;1;5;1
202300012915;155 657 620;7;0;2;1;2;1
202300012915;155 657 623;10;0;2;4;2;1
202300012916;155 657 618;7;0;2;3;9;2
202300012916;155 657 621;50;0;2;2;1;3
202300012917;155 657 619;31;0;2;7;17;1
202300012917;155 657 622;7;0;2;8;15;1
202300012918;155 657 616;7;4;0;3;26;1
202300012919;155 657 614;7;0;2;2;1;0
202300012919;155 657 617;1;0;2;1;1;5
202300012920;155 657 613;2;0;2;1;1;1
202300012920;155 657 615;7;0;9;3;15;1
202300012921;155 657 611;1;0;1;1;1;5
202300012922;155 657 608;7;0;0;3;17;0
202300012922;155 657 610;7;0;0;1;0;0
202300012922;155 657 612;7;0;0;4;0;0
202300012923;155 657 607;7;0;2;5;0;1
202300012923;155 657 609;33;0;2;1;0;1
202300012924;155 657 605;7;0;2;2;15;2
202300012924;155 657 606;43;0;2;1;1;1
202300012925;155 657 604;7;2;0;3;13;1
202300012926;155 657 602;7;0;2;2;1;1
202300012926;155 657 603;2;0;0;4;1;1
202300012927;155 657 600;7;0;2;1;14;0
202300012927;155 657 601;7;0;2;1;1;0
202300012928;155 657 599;2;1;9;1;1;1
202300012929;155 657 596;7;0;1;1;1;1
202300012930;155 657 595;7;0;2;8;11;1
202300012930;155 657 598;33;0;2;7;3;1
202300012931;155 657 589;7;0;2;6;0;0
202300012931;155 657 592;34;0;2;3;5;0
202300012932;155 657 588;33;0;2;2;1;1
202300012932;155 657 590;7;0;2;2;15;1
202300012933;155 657 591;7;0;2;3;13;1
202300012933;155 657 593;7;0;2;3;1;1
202300012934;155 657 587;7;0;1;2;1;0
202300012935;155 657 585;32;0;2;4;23;1
202300012935;155 657 586;7;0;2;1;1;1
202300012936;155 657 582;7;0;2;5;1;1
202300012936;155 657 583;2;0;2;3;11;1
202300012937;155 657 581;7;5;0;0;0;1
202300012937;155 657 584;10;5;0;3;1;1
202300012938;155 657 580;1;0;1;1;1;5
202300012939;155 657 579;2;0;0;7;1;1
202300012940;155 657 574;1;0;2;7;1;5
202300012940;155 657 577;7;0;2;1;1;1
202300012941;155 657 573;7;0;2;2;15;1
202300012941;155 657 576;31;0;2;3;2;1
202300012942;155 657 575;31;0;2;1;26;1
202300012942;155 657 578;7;0;2;3;15;1
202300012943;155 657 572;7;0;1;1;1;3
202300012944;155 657 571;10;0;1;1;15;0
202300012945;155 657 570;10;0;1;1;9;1
202300012946;155 657 568;7;0;2;6;15;1
202300012946;155 657 569;32;0;2;1;17;1
202300012947;155 657 567;7;2;0;3;1;1
202300012948;155 657 566;7;0;1;1;1;1
202300012949;155 657 563;14;0;2;3;2;1
202300012949;155 657 565;7;0;0;5;2;1
202300012950;155 657 564;7;1;0;3;15;1
202300012951;155 657 558;34;0;2;9;3;1
202300012951;155 657 561;14;0;2;8;1;1
202300012951;155 657 562;7;0;2;7;1;1
202300012952;155 657 556;7;0;2;5;1;3
202300012952;155 657 560;2;0;2;1;1;1
202300012953;155 657 557;33;0;2;1;1;1