Num_Acc;id_vehicule;categorie_vehicule;obstacle_fixe;obstacle_mobile;point_choc_initial;manoeuvre_principale;motorisation
202300012953;155 657 559;1;0;2;1;5;5
202300012954;155 657 554;7;13;0;9;1;1
202300012955;155 657 553;1;0;2;8;15;5
202300012955;155 657 555;7;0;2;1;1;1
202300012956;155 657 552;2;7;0;1;13;1
202300012957;155 657 551;2;0;0;0;0;1
202300012958;155 657 550;34;0;1;2;7;0
202300012959;155 657 549;7;0;1;3;9;1
202300012960;155 657 547;34;0;1;1;0;0
202300012961;155 657 548;30;0;2;1;21;2
202300012962;155 657 543;7;0;2;4;2;6
202300012962;155 657 545;10;0;2;1;2;6
202300012963;155 657 542;7;0;2;1;1;1
202300012963;155 657 546;99;0;2;1;1;1
202300012964;155 657 541;7;14;2;3;1;1
202300012964;155 657 544;10;0;2;3;1;1
202300012965;155 657 539;7;3;0;1;26;1
202300012966;155 657 538;7;0;2;1;2;1
202300012966;155 657 540;10;0;2;5;2;1
202300012967;155 657 534;33;0;2;1;13;1
202300012967;155 657 537;7;0;2;3;1;1
202300012968;155 657 533;7;0;2;0;0;0
202300012968;155 657 536;7;0;2;0;0;0
202300012969;155 657 531;7;2;0;3;1;1
202300012970;155 657 532;7;0;2;3;1;1
202300012970;155 657 535;7;0;2;2;0;1
202300012971;155 657 530;50;12;0;0;0;3
202300012972;155 657 529;7;0;1;3;13;1
202300012973;155 657 527;7;0;5;1;1;1
202300012974;155 657 526;7;0;2;1;1;1
202300012974;155 657 528;7;0;2;5;26;1
202300012975;155 657 525;7;6;0;2;14;1
202300012976;155 657 520;7;0;2;1;19;2
202300012976;155 657 523;13;0;2;1;26;1
202300012977;155 657 522;50;0;2;1;1;3
202300012977;155 657 524;7;0;2;3;1;1
202300012978;155 657 519;1;0;0;8;26;5
202300012978;155 657 521;7;0;9;1;15;1
202300012979;155 657 517;7;12;0;1;25;2
202300012980;155 657 515;32;0;2;1;1;1
202300012980;155 657 518;1;0;2;8;26;5
202300012981;155 657 514;10;0;2;1;13;1
202300012981;155 657 516;7;0;2;1;13;1
202300012982;155 657 511;10;13;0;2;26;1
202300012983;155 657 510;10;0;2;8;1;1
202300012983;155 657 513;7;0;2;7;14;1
202300012984;155 657 509;7;0;2;5;15;1
202300012984;155 657 512;50;0;2;1;1;3
202300012985;155 657 506;7;0;2;2;1;1
202300012985;155 657 508;50;0;2;8;19;3
202300012986;155 657 507;7;0;2;1;1;1
202300012987;155 657 505;50;0;0;0;14;3
202300012988;155 657 503;1;0;1;7;13;5
202300012989;155 657 502;7;0;0;7;14;1
202300012990;155 657 500;7;0;0;1;23;1
202300012990;155 657 501;7;0;2;2;15;1
202300012990;155 657 504;7;0;2;1;1;1
202300012991;155 657 497;2;0;2;4;1;1
202300012991;155 657 499;0;0;2;1;1;0
202300012992;155 657 495;7;13;0;2;1;1
202300012993;155 657 496;50;0;2;7;1;3
202300012993;155 657 498;7;0;2;1;16;0
202300012994;155 657 493;43;0;2;1;1;1
202300012994;155 657 494;50;0;2;5;1;3
202300012995;155 657 491;7;0;2;1;13;1
202300012995;155 657 492;7;0;2;2;1;1
202300012996;155 657 489;33;14;0;2;11;1
202300012997;155 657 488;7;0;2;2;1;1
202300012997;155 657 490;7;0;2;1;9;1
202300012998;155 657 484;2;0;2;3;18;0
202300012998;155 657 486;7;0;2;1;15;1
202300012999;155 657 481;7;2;0;1;14;1
202300013000;155 657 483;30;0;5;1;1;1
202300013001;155 657 479;7;0;2;1;1;1
202300013001;155 657 480;7;0;2;4;1;1
202300013001;155 657 482;7;0;2;4;1;1
202300013002;155 657 478;7;0;1;3;15;1
202300013003;155 657 477;7;2;0;2;1;1
202300013004;155 657 475;1;0;2;4;2;5
202300013004;155 657 476;7;0;2;0;0;0
202300013005;155 657 472;7;0;2;1;0;1
202300013005;155 657 474;7;0;2;1;0;1
202300013006;155 657 470;7;1;0;1;2;1
202300013006;155 657 473;7;0;0;4;2;1
202300013007;155 657 469;7;0;2;3;1;1
202300013007;155 657 471;15;0;2;3;1;1
202300013008;155 657 468;7;0;1;2;1;1
202300013009;155 657 466;30;0;2;1;1;1
202300013009;155 657 467;7;0;2;3;13;1
202300013010;155 657 465;7;0;0;3;1;0
202300013011;155 657 462;7;13;0;1;1;1
202300013012;155 657 460;7;2;0;8;10;1
202300013012;155 657 463;7;15;2;1;1;1
202300013013;155 657 457;7;13;0;3;1;1
202300013014;155 657 458;7;0;2;1;1;0
202300013014;155 657 461;7;0;2;1;1;0
202300013014;155 657 464;7;0;2;4;1;0
202300013015;155 657 455;10;0;1;2;1;1
202300013016;155 657 454;7;4;2;2;12;1
202300013016;155 657 456;7;4;2;6;1;1
202300013017;155 657 453;7;0;1;2;1;1
202300013018;155 657 451;15;0;0;4;2;0
202300013018;155 657 452;10;0;2;1;2;0
202300013019;155 657 450;10;16;0;0;26;6
202300013020;155 657 449;33;0;0;8;1;1
202300013021;155 657 446;7;0;2;1;1;1
202300013021;155 657 448;7;0;2;4;23;1
202300013022;155 657 443;7;0;2;2;16;0
202300013022;155 657 444;33;0;2;3;1;0
202300013023;155 657 440;7;0;2;7;15;1
202300013023;155 657 442;7;7;2;1;1;1
202300013024;155 657 438;7;0;2;3;1;1
202300013024;155 657 441;7;0;2;5;15;1
202300013025;155 657 437;7;0;2;3;1;1
202300013025;155 657 439;33;0;2;1;17;1
202300013026;155 657 436;7;13;0;9;1;1
202300013027;155 657 433;10;2;0;3;0;1
202300013028;155 657 432;7;0;2;5;11;2
202300013028;155 657 434;33;0;2;1;1;1
202300013029;155 657 431;7;9;2;3;9;1
202300013029;155 657 435;7;0;2;2;1;1
202300013030;155 657 428;7;0;2;1;1;1
202300013030;155 657 430;2;0;2;1;1;1
202300013031;155 657 426;7;0;2;1;1;1
202300013031;155 657 429;7;0;2;1;17;1
202300013032;155 657 424;33;0;2;1;13;1
202300013032;155 657 425;7;0;2;1;23;1
202300013033;155 657 423;7;0;2;1;1;1
202300013033;155 657 427;7;0;2;1;13;1
202300013034;155 657 420;21;0;2;1;19;1
202300013034;155 657 422;7;0;2;8;1;1
202300013035;155 657 421;7;6;0;3;0;1
202300013036;155 657 419;36;13;0;2;1;1
202300013037;155 657 417;10;0;0;7;19;1
202300013037;155 657 418;7;7;2;1;1;1
202300013038;155 657 416;2;0;0;9;1;1
202300013039;155 657 415;33;0;0;0;1;1
202300013040;155 657 414;33;0;0;0;0;1
202300013041;155 657 413;7;0;1;3;1;1
202300013042;155 657 412;7;16;0;1;14;1
202300013043;155 657 411;7;0;1;1;24;1
202300013044;155 657 410;10;6;0;1;0;1
202300013045;155 657 408;2;0;2;1;1;1
202300013045;155 657 409;7;0;2;8;15;1
202300013046;155 657 407;10;2;0;1;14;1
202300013047;155 657 406;7;6;0;1;0;0
202300013048;155 657 404;7;0;9;3;9;0
202300013048;155 657 405;80;0;2;2;0;6
202300013049;155 657 403;33;0;0;0;0;1
202300013050;155 657 402;7;1;0;1;15;1
202300013051;155 657 399;1;0;2;8;16;5
202300013051;155 657 401;7;0;9;7;16;1
202300013052;155 657 398;33;0;2;1;17;1
202300013052;155 657 400;7;0;2;8;1;1
202300013053;155 657 397;33;0;0;8;14;0
202300013054;155 657 393;7;3;0;9;17;1
202300013055;155 657 392;7;0;2;4;2;1
202300013055;155 657 394;7;0;2;4;2;1
202300013055;155 657 395;7;0;0;4;15;1
202300013055;155 657 396;7;0;2;1;2;1
202300013056;155 657 387;7;0;0;9;1;0
202300013057;155 657 384;7;0;2;4;26;1
202300013057;155 657 385;7;0;2;5;1;1
202300013057;155 657 386;7;0;2;4;1;1
202300013057;155 657 388;7;0;2;4;1;1
202300013057;155 657 389;10;0;2;4;1;1
202300013057;155 657 391;38;0;2;1;1;1
202300013058;155 657 383;33;15;0;1;1;1
202300013059;155 657 380;10;0;2;7;2;1
202300013059;155 657 382;34;0;2;3;3;1
202300013060;155 657 379;2;0;2;1;2;1
202300013060;155 657 381;7;0;0;4;2;1
202300013061;155 657 377;14;0;2;1;2;0
202300013061;155 657 378;7;0;2;4;2;1
202300013062;155 657 375;33;0;0;9;26;1
202300013062;155 657 376;7;0;0;;15;1
202300013063;155 657 374;31;0;0;0;1;1
202300013064;155 657 373;7;2;0;3;0;1
202300013065;155 657 371;7;0;0;9;13;1
202300013066;155 657 370;7;0;2;3;1;1
202300013066;155 657 372;7;0;2;2;1;1
202300013067;155 657 369;7;3;0;0;0;1
202300013068;155 657 367;7;0;2;6;15;1
202300013068;155 657 368;33;0;2;2;17;1
202300013069;155 657 366;7;0;0;1;1;1
202300013070;155 657 362;7;3;0;6;11;1
202300013070;155 657 364;33;3;2;2;3;1
202300013071;155 657 363;7;0;2;2;15;1
202300013071;155 657 365;31;0;2;1;1;1
202300013072;155 657 361;7;4;0;1;1;1
202300013073;155 657 358;7;0;2;3;13;1
202300013073;155 657 359;38;0;2;3;1;1
202300013073;155 657 360;7;0;9;8;1;1
202300013074;155 657 354;33;0;2;8;1;1
202300013074;155 657 355;7;0;2;2;9;3
202300013075;155 657 356;7;0;2;1;2;1
202300013075;155 657 357;7;0;2;4;1;1
202300013076;155 657 352;10;3;2;2;17;1
202300013076;155 657 353;17;0;2;4;1;1
202300013077;155 657 351;7;3;0;1;1;1
202300013078;155 657 347;7;3;2;3;2;1
202300013078;155 657 350;7;0;2;5;2;0
202300013079;155 657 346;7;0;2;4;2;1
202300013079;155 657 348;14;0;2;1;2;1
202300013079;155 657 349;37;0;2;4;23;1
202300013080;155 657 342;10;3;0;4;23;1
202300013080;155 657 343;10;4;2;3;1;1
202300013080;155 657 345;7;3;0;8;1;3
202300013081;155 657 341;7;3;0;5;1;1
202300013081;155 657 344;7;0;0;1;1;1
202300013082;155 657 338;33;0;2;2;17;1
202300013082;155 657 340;7;0;2;3;15;1
202300013083;155 657 337;7;0;2;4;2;1
202300013083;155 657 339;7;0;2;1;1;1
202300013084;155 657 335;33;1;2;2;1;1
202300013084;155 657 336;7;0;0;2;13;1
202300013085;155 657 334;7;4;0;1;12;1
202300013086;155 657 333;7;0;1;1;1;1
202300013087;155 657 332;7;4;0;8;21;1
202300013088;155 657 331;7;3;0;1;1;1
202300013089;155 657 330;7;0;1;2;1;1
202300013090;155 657 329;7;15;0;1;14;1
202300013091;155 657 328;10;4;0;1;26;1
202300013092;155 657 325;7;0;2;1;1;1
202300013092;155 657 327;7;0;2;4;1;1
202300013093;155 657 324;7;7;2;3;1;1
202300013093;155 657 326;7;0;2;3;15;1
202300013094;155 657 323;7;6;1;1;20;1
202300013095;155 657 322;7;0;1;2;0;0
202300013096;155 657 319;7;0;2;1;13;1
202300013096;155 657 321;2;0;2;0;1;1
202300013097;155 657 318;7;0;2;2;1;1
202300013097;155 657 320;33;0;2;3;0;1
202300013098;155 657 314;50;14;0;1;1;3
202300013099;155 657 315;7;0;2;1;23;1
202300013099;155 657 316;1;0;2;1;9;5
202300013100;155 657 312;7;0;1;3;1;1
202300013101;155 657 311;33;0;2;1;13;1
202300013101;155 657 313;14;0;2;3;1;1
202300013102;155 657 308;7;0;2;1;26;1
202300013102;155 657 310;3;3;0;4;26;1
202300013103;155 657 307;7;12;2;3;1;1
202300013103;155 657 309;33;6;2;1;13;1
202300013104;155 657 304;7;0;2;3;19;1
202300013104;155 657 306;2;0;2;1;1;1
202300013105;155 657 303;7;0;2;7;15;1
202300013105;155 657 305;30;0;2;1;1;1
202300013106;155 657 302;33;13;0;9;14;1
202300013107;155 657 300;7;0;2;1;2;1
202300013107;155 657 301;33;16;2;4;2;1
202300013108;155 657 299;1;0;0;0;0;5
202300013109;155 657 297;7;0;0;0;1;1
202300013110;155 657 296;7;6;2;1;1;1
202300013110;155 657 298;7;0;2;1;13;1
202300013111;155 657 294;7;0;1;1;15;1
202300013112;155 657 292;7;0;2;4;2;1
202300013112;155 657 293;7;0;2;1;1;1
202300013112;155 657 295;7;0;2;4;2;1
202300013113;155 657 291;32;0;1;1;1;1
202300013114;155 657 289;7;0;2;1;1;1
202300013114;155 657 290;15;3;2;1;14;1
202300013115;155 657 287;2;0;2;1;1;1
202300013115;155 657 288;10;0;2;2;15;1
202300013116;155 657 286;7;0;1;1;1;1
202300013117;155 657 285;7;0;1;1;19;1
202300013118;155 657 284;7;15;0;1;14;0
202300013119;155 657 280;7;0;2;0;0;1
202300013119;155 657 283;33;0;2;0;0;0
202300013120;155 657 281;33;0;2;8;3;1
202300013120;155 657 282;7;0;2;7;12;1
202300013121;155 657 276;7;0;2;6;1;1
202300013121;155 657 279;7;0;2;1;1;1
202300013122;155 657 274;7;0;2;7;12;1
202300013122;155 657 275;7;0;2;6;2;1
202300013122;155 657 277;7;0;2;6;2;1
202300013122;155 657 278;31;0;2;1;3;1
202300013123;155 657 272;33;0;2;3;1;1
202300013123;155 657 273;10;0;2;5;12;1
202300013124;155 657 270;31;0;2;1;3;1
202300013124;155 657 271;7;0;2;4;12;1
202300013125;155 657 267;7;0;2;3;13;1
202300013125;155 657 269;37;0;2;3;1;1
202300013126;155 657 266;7;0;2;2;2;1
202300013126;155 657 268;32;0;2;3;9;1
202300013127;155 657 263;7;0;2;1;1;1
202300013127;155 657 264;7;0;2;4;1;1
202300013128;155 657 257;13;0;2;1;2;1
202300013128;155 657 259;7;0;2;4;2;1
202300013128;155 657 260;7;0;2;4;2;1
202300013128;155 657 261;7;0;2;4;2;2
202300013129;155 657 256;7;0;2;1;1;2
202300013129;155 657 258;7;0;2;7;15;1
202300013130;155 657 253;33;0;2;1;3;1
202300013130;155 657 255;7;0;2;5;12;1
202300013131;155 657 252;50;0;2;7;19;3
202300013131;155 657 254;7;0;2;1;1;1
202300013132;155 657 250;33;0;2;2;2;1
202300013132;155 657 251;7;0;2;5;12;1
202300013133;155 657 247;50;0;2;1;2;3
202300013133;155 657 249;7;0;2;0;0;0
202300013134;155 657 246;10;0;2;5;12;1
202300013134;155 657 248;33;0;2;8;3;1
202300013135;155 657 243;7;0;2;1;1;1
202300013135;155 657 245;7;0;2;4;23;1
202300013136;155 657 242;7;0;2;4;2;1
202300013136;155 657 244;7;0;2;1;0;1
202300013137;155 657 241;50;0;1;1;25;3
202300013138;155 657 239;7;0;2;1;1;1
202300013138;155 657 240;7;0;2;4;1;1
202300013139;155 657 237;7;0;2;1;16;1
202300013139;155 657 238;7;0;2;1;1;5
202300013140;155 657 235;7;0;2;8;11;1
202300013140;155 657 236;33;0;2;2;1;1
202300013141;155 657 233;7;0;2;1;1;1
202300013141;155 657 234;7;0;2;1;15;1
202300013142;155 657 231;32;0;2;4;26;1
202300013142;155 657 232;7;0;2;1;2;1
202300013143;155 657 229;10;0;2;1;1;1
202300013143;155 657 230;10;0;2;4;1;1
202300013144;155 657 227;10;0;2;1;9;1
202300013144;155 657 228;50;0;2;8;19;3
202300013145;155 657 222;7;0;2;1;1;1
202300013145;155 657 224;7;0;2;4;1;1
202300013145;155 657 226;7;0;2;4;1;1
202300013146;155 657 221;7;2;0;7;1;1
202300013147;155 657 220;7;0;1;4;4;1
202300013148;155 657 218;30;;2;1;16;
202300013148;155 657 219;7;;2;6;1;
202300013149;155 657 217;31;0;0;7;21;1
202300013150;155 657 214;7;0;2;1;24;1
202300013150;155 657 215;30;0;2;7;1;1
202300013151;155 657 213;7;0;2;2;1;1
202300013151;155 657 216;7;0;2;1;5;1
202300013152;155 657 212;7;0;1;2;1;1
202300013153;155 657 210;7;0;2;2;17;1
202300013153;155 657 211;7;0;0;6;1;1
202300013154;155 657 208;2;0;2;1;17;1
202300013154;155 657 209;7;0;2;8;15;2
202300013155;155 657 207;7;0;0;2;26;1
202300013156;155 657 206;7;0;1;1;1;1
202300013157;155 657 204;1;0;2;1;9;5
202300013157;155 657 205;7;0;2;7;16;1
202300013158;155 657 202;7;0;2;3;1;1
202300013158;155 657 203;7;0;2;3;13;1
202300013159;155 657 200;2;0;2;1;1;1
202300013159;155 657 201;7;0;2;8;15;1
202300013160;155 657 197;1;0;2;1;1;5
202300013160;155 657 199;7;0;9;7;1;1
202300013161;155 657 196;30;0;2;1;15;1
202300013161;155 657 198;7;0;2;2;1;1
202300013162;155 657 193;7;1;2;9;1;1
202300013162;155 657 195;7;0;2;8;23;1
202300013163;155 657 192;7;0;2;8;10;1
202300013163;155 657 194;7;0;2;1;1;1
202300013164;155 657 190;7;0;2;5;23;1
202300013164;155 657 191;30;0;2;1;2;1
202300013165;155 657 188;7;0;2;8;15;1
202300013165;155 657 189;7;0;2;1;1;1
202300013166;155 657 187;7;0;0;2;14;1
202300013167;155 657 183;7;14;0;1;26;1
202300013168;155 657 182;7;0;2;8;15;1
202300013168;155 657 184;7;0;2;6;1;1
202300013168;155 657 185;50;0;2;0;1;3
202300013169;155 657 179;33;0;2;5;15;1
202300013169;155 657 181;7;0;2;3;1;1
202300013170;155 657 178;50;0;2;1;1;3
202300013170;155 657 180;7;0;2;5;16;6
202300013171;155 657 177;1;0;0;0;16;5
202300013172;155 657 176;7;0;1;7;1;1
202300013173;155 657 174;7;0;1;2;1;1
202300013174;155 657 173;7;0;2;3;15;1
202300013174;155 657 175;2;0;2;8;17;1
202300013175;155 657 172;7;0;1;4;20;1
202300013176;155 657 171;7;0;1;1;1;1
202300013177;155 657 168;3;0;2;2;16;1
202300013177;155 657 170;50;0;2;1;1;3
202300013178;155 657 167;7;0;2;6;1;1
202300013178;155 657 169;7;15;2;1;1;1
202300013179;155 657 164;7;0;2;4;2;2
202300013179;155 657 165;10;0;2;1;2;1
202300013179;155 657 166;7;0;2;4;2;1
202300013180;155 657 162;2;0;2;1;17;0
202300013180;155 657 163;1;0;2;1;0;5
202300013181;155 657 159;7;0;2;7;26;1
202300013181;155 657 161;37;0;2;1;1;1
202300013182;155 657 158;7;0;2;1;9;1
202300013182;155 657 160;1;0;2;7;1;5
202300013183;155 657 154;50;0;2;0;0;3
202300013183;155 657 155;7;0;9;0;11;0
202300013184;155 657 153;7;12;0;1;1;1
202300013185;155 657 151;7;6;0;3;1;1
202300013186;155 657 150;33;0;9;7;25;1
202300013186;155 657 152;1;0;2;1;25;5
202300013187;155 657 147;33;0;2;1;1;1
202300013187;155 657 149;7;0;2;8;9;1
202300013188;155 657 146;7;0;9;5;23;1
202300013188;155 657 148;50;0;0;0;0;3
202300013189;155 657 144;7;6;0;3;13;1
202300013190;155 657 143;1;0;2;8;0;5
202300013190;155 657 145;7;0;2;1;17;2
202300013191;155 657 139;33;0;2;1;1;1
202300013191;155 657 141;7;0;2;7;9;1
202300013192;155 657 136;0;0;2;7;2;0
202300013192;155 657 138;7;0;2;3;2;1
202300013193;155 657 135;33;12;2;2;1;1
202300013193;155 657 137;7;0;2;1;1;0
202300013194;155 657 133;7;0;2;7;10;1
202300013194;155 657 134;33;0;2;1;1;1
202300013195;155 657 132;33;0;0;0;1;1
202300013196;155 657 131;7;0;1;1;1;1
202300013197;155 657 130;7;6;0;2;14;1
202300013198;155 657 129;10;0;1;1;1;1
202300013199;155 657 127;7;0;2;2;1;1
202300013199;155 657 128;50;0;2;8;19;3
202300013200;155 657 125;33;0;2;4;2;1
202300013200;155 657 126;7;0;2;2;1;1
202300013201;155 657 124;7;13;0;3;1;1
202300013202;155 657 122;1;0;2;1;2;5
202300013202;155 657 123;7;16;0;3;15;1
202300013203;155 657 119;7;0;2;1;26;1
202300013203;155 657 121;7;0;2;6;26;1
202300013204;155 657 118;2;0;2;7;2;1
202300013204;155 657 120;7;0;2;3;2;1
202300013205;155 657 115;3;4;0;1;5;1
202300013206;155 657 114;7;0;2;1;9;1
202300013206;155 657 116;80;0;2;7;1;3
202300013207;155 657 111;7;0;0;0;0;0
202300013207;155 657 113;2;0;2;6;21;1
202300013208;155 657 110;2;0;2;1;17;1
202300013208;155 657 112;7;0;2;3;15;1
202300013209;155 657 107;7;0;2;3;23;1
202300013209;155 657 109;30;0;2;3;1;1
202300013210;155 657 106;7;0;2;4;23;1
202300013210;155 657 108;15;1;0;1;1;1
202300013211;155 657 103;2;0;2;1;26;1
202300013211;155 657 105;7;14;2;4;2;1
202300013212;155 657 102;3;0;2;8;1;1
202300013212;155 657 104;32;0;2;2;14;1
202300013213;155 657 101;33;0;0;0;13;1
202300013214;155 657 099;31;0;2;2;17;1
202300013214;155 657 100;10;0;2;6;13;1
202300013215;155 657 097;43;0;2;1;3;1
202300013215;155 657 098;7;0;2;4;1;1
202300013216;155 657 094;34;0;2;1;1;0
202300013216;155 657 095;10;0;2;5;15;0
202300013216;155 657 096;7;0;2;1;1;0
202300013217;155 657 092;7;0;2;4;12;1
202300013217;155 657 093;31;0;2;1;3;1
202300013218;155 657 090;2;0;2;1;1;1
202300013218;155 657 091;7;0;2;3;19;1
202300013219;155 657 089;37;1;0;5;9;3
202300013220;155 657 088;7;1;0;1;14;1
202300013221;155 657 086;7;0;2;8;15;1
202300013221;155 657 087;1;0;2;1;1;5
202300013222;155 657 085;7;12;0;1;0;1
202300013223;155 657 084;32;0;1;2;1;1
202300013224;155 657 082;7;0;2;1;1;1
202300013224;155 657 083;7;0;2;4;1;1
202300013225;155 657 080;50;0;2;6;19;3
202300013225;155 657 081;30;0;2;1;1;1
202300013226;155 657 078;1;0;2;1;1;5
202300013226;155 657 079;7;0;2;3;1;1
202300013227;155 657 076;1;0;2;1;1;5
202300013227;155 657 077;7;0;2;8;9;1
202300013228;155 657 074;7;8;2;7;17;1
202300013228;155 657 075;7;0;2;8;1;1
202300013229;155 657 072;7;0;2;1;5;1
202300013229;155 657 073;7;0;2;3;1;1
202300013230;155 657 070;7;0;2;2;15;1
202300013230;155 657 071;7;0;2;2;1;1
202300013231;155 657 069;32;0;1;1;19;3
202300013232;155 657 068;3;0;1;1;1;1
202300013233;155 657 067;1;0;0;1;1;5
202300013234;155 657 066;30;0;1;1;17;1
202300013235;155 657 065;7;0;1;2;16;1
202300013236;155 657 063;7;0;0;2;2;1
202300013236;155 657 064;1;8;2;2;18;5
202300013237;155 657 060;7;0;1;1;1;0
202300013238;155 657 058;7;0;2;1;0;4
202300013238;155 657 059;7;0;2;2;2;1
202300013238;155 657 061;7;0;2;5;2;1
202300013238;155 657 062;7;0;2;1;0;1
202300013239;155 657 056;7;0;2;8;11;1
202300013239;155 657 057;31;0;2;7;3;1
202300013240;155 657 054;33;0;2;3;1;0
202300013240;155 657 055;7;0;2;2;10;0
202300013241;155 657 051;7;0;2;7;12;1
202300013241;155 657 052;33;0;2;3;2;1
202300013241;155 657 053;7;0;2;4;2;1
202300013242;155 657 047;10;0;2;3;11;1
202300013242;155 657 049;7;0;2;5;2;2
202300013242;155 657 050;7;0;2;4;23;1
202300013243;155 657 046;7;0;2;1;2;1
202300013243;155 657 048;7;0;2;4;2;1
202300013244;155 657 045;7;0;1;1;1;1
202300013245;155 657 044;32;0;0;7;1;1
202300013246;155 657 041;33;0;2;1;1;1
202300013246;155 657 043;7;0;2;8;1;1
202300013247;155 657 040;2;0;2;8;1;1
202300013247;155 657 042;7;0;2;3;15;1
202300013248;155 657 038;7;0;2;3;15;0
202300013248;155 657 039;1;0;2;0;0;5
202300013249;155 657 036;30;0;2;8;18;1
202300013249;155 657 037;7;0;2;7;14;1
202300013250;155 657 034;33;0;2;1;1;1
202300013250;155 657 035;7;0;2;7;15;1
202300013251;155 657 032;50;13;0;1;19;3
202300013252;155 657 033;1;0;1;1;1;5
202300013253;155 657 031;50;1;0;2;14;3
202300013254;155 657 029;7;0;2;8;22;1
202300013254;155 657 030;1;0;0;0;0;5
202300013255;155 657 027;7;0;2;0;0;0
202300013255;155 657 028;7;1;0;0;0;0
202300013256;155 657 026;7;0;1;3;17;0
202300013257;155 657 025;31;0;6;7;2;1
202300013258;155 657 023;7;0;2;3;1;1
202300013258;155 657 024;2;0;2;1;1;1
202300013259;155 657 022;7;0;0;9;1;1
202300013260;155 657 020;2;0;2;2;17;1
202300013260;155 657 021;7;0;2;2;15;1
202300013261;155 657 019;7;0;1;2;1;1
202300013262;155 657 017;17;0;0;0;2;1
202300013262;155 657 018;7;0;2;1;2;1
202300013263;155 657 015;7;0;2;1;1;1
202300013263;155 657 016;7;0;2;8;1;1
202300013264;155 657 013;2;0;2;1;2;1
202300013264;155 657 014;7;0;2;4;2;1
202300013265;155 657 010;33;3;0;9;21;1
202300013266;155 657 009;7;13;0;2;1;0
202300013267;155 657 008;7;0;1;1;1;0
202300013268;155 657 006;7;0;2;4;19;1
202300013268;155 657 007;15;0;2;2;1;1
202300013269;155 657 005;50;0;0;0;1;3
202300013270;155 657 004;7;2;0;1;21;2
202300013271;155 657 003;7;2;0;1;1;1
202300013272;155 657 002;7;13;0;1;1;1
202300013273;155 657 000;31;0;2;5;2;1
202300013273;155 657 001;31;0;2;3;2;1
202300013274;155 656 999;33;3;0;0;1;1
202300013275;155 656 997;7;0;2;3;19;1
202300013275;155 656 998;7;0;2;3;1;1
202300013276;155 656 996;7;0;0;0;1;1
202300013277;155 656 995;33;8;0;1;1;1
202300013278;155 656 993;7;0;2;3;9;1
202300013278;155 656 994;33;0;0;4;1;1
202300013279;155 656 992;7;14;0;1;0;1
202300013280;155 656 990;10;0;2;3;1;1
202300013280;155 656 991;7;0;2;3;13;1
202300013281;155 656 989;33;0;6;1;1;1
202300013282;155 656 987;7;0;2;1;1;1
202300013282;155 656 988;7;0;2;8;19;1
202300013283;155 656 984;2;5;0;1;14;1
202300013284;155 656 982;7;0;2;3;13;1
202300013284;155 656 983;7;0;0;3;0;1
202300013285;155 656 981;7;0;1;3;1;1
202300013286;155 656 980;7;14;0;1;0;0
202300013287;155 656 978;7;0;2;2;15;0
202300013287;155 656 979;7;0;2;2;1;0
202300013288;155 656 976;7;13;2;2;19;1
202300013288;155 656 977;7;0;2;3;1;1
202300013289;155 656 975;2;8;0;1;2;1
202300013290;155 656 973;7;0;0;4;23;1
202300013290;155 656 974;10;1;0;1;2;1
202300013291;155 656 971;7;0;2;1;1;1
202300013291;155 656 972;7;0;2;1;9;1
202300013292;155 656 969;7;0;2;3;10;0
202300013292;155 656 970;7;0;2;2;1;1
202300013293;155 656 968;7;13;0;1;1;1
202300013294;155 656 967;7;1;0;1;5;1
202300013295;155 656 965;33;0;2;3;1;1
202300013295;155 656 966;7;0;2;2;15;1
202300013296;155 656 963;7;0;2;1;15;3
202300013296;155 656 964;33;0;2;2;17;1
202300013297;155 656 961;7;0;2;1;13;3
202300013297;155 656 962;7;0;2;1;1;1
202300013298;155 656 960;7;0;1;3;1;1
202300013299;155 656 959;33;9;1;2;14;1
202300013300;155 656 957;2;0;2;1;1;1
202300013300;155 656 958;7;0;2;5;15;1
202300013301;155 656 956;7;0;1;1;26;1
202300013302;155 656 955;7;15;0;1;26;1
202300013303;155 656 954;2;1;0;1;2;0
202300013304;155 656 952;7;0;2;1;14;1
202300013304;155 656 953;50;0;2;4;1;3
202300013305;155 656 951;7;0;1;2;1;1
202300013306;155 656 949;7;0;2;8;1;1
202300013306;155 656 950;7;0;2;1;15;1
202300013307;155 656 945;42;0;2;1;3;1
202300013307;155 656 946;33;0;2;4;3;1
202300013307;155 656 947;7;0;2;0;2;1
202300013307;155 656 948;10;0;2;7;2;1
202300013308;155 656 943;7;0;2;4;12;1
202300013308;155 656 944;32;0;2;1;2;1
202300013309;155 656 941;31;0;2;7;3;3
202300013309;155 656 942;15;0;2;8;13;6
202300013310;155 656 939;7;0;2;1;1;1
202300013310;155 656 940;7;0;2;8;1;1
202300013311;155 656 937;7;0;2;0;22;1
202300013311;155 656 938;30;0;2;0;21;1
202300013312;155 656 936;1;0;1;1;1;5
202300013313;155 656 934;33;0;2;1;2;1