Num_Acc;id_vehicule;categorie_vehicule;obstacle_fixe;obstacle_mobile;point_choc_initial;manoeuvre_principale;motorisation
202300013313;155 656 935;7;0;2;6;2;0
202300013314;155 656 933;37;0;1;7;16;1
202300013315;155 656 931;32;0;2;8;1;1
202300013315;155 656 932;7;0;2;7;14;1
202300013316;155 656 928;7;0;2;8;1;1
202300013316;155 656 929;33;0;2;1;1;1
202300013316;155 656 930;7;0;2;6;15;1
202300013317;155 656 926;43;0;2;7;19;1
202300013317;155 656 927;7;0;2;2;1;1
202300013318;155 656 924;34;0;2;5;1;1
202300013318;155 656 925;7;0;2;0;10;1
202300013319;155 656 923;32;1;0;3;13;1
202300013320;155 656 922;7;6;0;1;13;1
202300013321;155 656 921;7;13;0;1;0;1
202300013322;155 656 919;10;0;2;3;13;1
202300013322;155 656 920;7;0;2;3;1;1
202300013323;155 656 918;7;6;0;1;1;1
202300013324;155 656 917;7;13;0;1;1;0
202300013325;155 656 916;7;4;0;3;21;1
202300013326;155 656 915;7;0;1;1;1;1
202300013327;155 656 913;7;0;1;1;9;1
202300013328;155 656 911;7;16;2;1;1;1
202300013328;155 656 912;7;0;2;7;1;1
202300013329;155 656 909;14;0;0;4;1;1
202300013329;155 656 910;7;0;2;1;2;1
202300013330;155 656 907;7;0;2;6;15;1
202300013330;155 656 908;7;0;2;1;1;1
202300013331;155 656 906;33;13;6;3;1;1
202300013332;155 656 905;1;0;9;9;26;5
202300013333;155 656 904;7;13;0;1;17;0
202300013334;155 656 903;7;13;0;1;1;1
202300013335;155 656 901;10;0;2;3;13;1
202300013335;155 656 902;99;0;2;3;1;1
202300013336;155 656 900;7;0;0;0;1;1
202300013337;155 656 898;7;0;2;3;1;1
202300013337;155 656 899;33;0;2;3;5;1
202300013338;155 656 897;7;0;0;0;13;1
202300013339;155 656 894;7;6;0;9;1;1
202300013340;155 656 892;7;0;2;3;15;1
202300013340;155 656 893;34;0;2;1;17;1
202300013341;155 656 890;7;0;2;1;5;1
202300013341;155 656 891;7;0;2;1;23;1
202300013342;155 656 889;7;7;0;1;1;1
202300013343;155 656 887;33;0;2;5;1;1
202300013343;155 656 888;33;0;2;3;14;1
202300013344;155 656 885;1;0;2;1;1;5
202300013344;155 656 886;7;0;9;2;13;0
202300013345;155 656 884;7;13;0;1;1;1
202300013346;155 656 883;10;6;1;3;20;1
202300013347;155 656 881;2;0;0;7;1;1
202300013347;155 656 882;7;0;0;1;9;1
202300013348;155 656 880;7;2;0;9;1;1
202300013349;155 656 876;7;4;0;6;1;1
202300013349;155 656 877;7;4;2;6;1;1
202300013349;155 656 878;0;0;2;2;0;0
202300013349;155 656 879;15;0;2;3;1;1
202300013350;155 656 875;7;0;0;4;20;1
202300013351;155 656 874;33;0;6;7;1;1
202300013352;155 656 872;7;0;2;3;9;1
202300013352;155 656 873;33;0;2;1;1;1
202300013353;155 656 870;7;0;2;7;15;1
202300013353;155 656 871;31;0;2;2;1;1
202300013354;155 656 869;7;0;1;1;1;1
202300013355;155 656 868;7;0;0;0;0;1
202300013356;155 656 867;7;0;0;0;14;1
202300013357;155 656 866;2;15;0;1;0;1
202300013358;155 656 864;7;0;2;8;15;1
202300013358;155 656 865;33;0;2;1;1;1
202300013359;155 656 863;7;0;1;2;1;1
202300013360;155 656 862;7;0;1;1;1;1
202300013361;155 656 860;10;0;0;7;10;1
202300013361;155 656 861;7;0;2;3;1;0
202300013362;155 656 858;7;0;2;8;1;1
202300013362;155 656 859;7;0;2;2;12;1
202300013363;155 656 856;33;4;2;1;0;1
202300013363;155 656 857;32;4;2;7;12;1
202300013364;155 656 855;7;3;0;1;13;1
202300013365;155 656 852;7;0;2;4;0;1
202300013365;155 656 853;7;3;2;2;1;1
202300013365;155 656 854;7;0;2;4;1;1
202300013366;155 656 844;7;0;2;4;2;1
202300013366;155 656 845;7;0;2;1;2;1
202300013366;155 656 847;7;0;2;4;2;1
202300013366;155 656 848;7;0;2;4;2;1
202300013366;155 656 849;7;0;2;4;2;1
202300013366;155 656 850;7;0;2;4;2;1
202300013366;155 656 851;7;0;2;1;2;1
202300013367;155 656 843;1;0;2;1;1;5
202300013367;155 656 846;10;0;9;8;24;1
202300013368;155 656 841;7;0;2;1;2;1
202300013368;155 656 842;7;0;2;6;2;1
202300013369;155 656 840;7;4;0;9;1;1
202300013370;155 656 839;7;0;1;1;1;1
202300013371;155 656 837;7;0;2;5;1;1
202300013371;155 656 838;33;0;2;3;3;1
202300013372;155 656 833;7;0;2;5;12;2
202300013372;155 656 835;32;0;2;1;3;1
202300013373;155 656 834;30;0;2;2;21;1
202300013373;155 656 836;7;0;0;0;1;1
202300013374;155 656 831;7;0;9;2;2;1
202300013374;155 656 832;10;0;0;0;2;1
202300013375;155 656 829;7;0;9;1;1;1
202300013375;155 656 830;50;0;2;8;19;3
202300013376;155 656 827;7;4;2;1;2;1
202300013376;155 656 828;7;4;2;4;2;1
202300013377;155 656 824;33;0;2;1;1;1
202300013377;155 656 825;7;0;2;2;11;1
202300013378;155 656 823;14;0;2;6;15;1
202300013378;155 656 826;33;14;2;7;1;1
202300013379;155 656 821;7;0;2;4;23;1
202300013379;155 656 822;7;0;2;1;1;1
202300013380;155 656 816;7;0;2;3;0;0
202300013380;155 656 819;7;0;2;1;0;0
202300013380;155 656 820;7;0;0;0;0;0
202300013381;155 656 817;1;0;2;7;1;5
202300013381;155 656 818;7;0;2;1;14;0
202300013382;155 656 813;7;0;2;3;4;1
202300013382;155 656 815;1;0;2;8;1;5
202300013383;155 656 812;50;0;0;4;2;3
202300013383;155 656 814;7;0;2;1;2;6
202300013384;155 656 811;30;0;0;0;1;1
202300013385;155 656 808;7;0;2;3;1;1
202300013385;155 656 810;7;0;2;2;1;1
202300013386;155 656 807;7;0;2;3;1;1
202300013386;155 656 809;7;0;2;1;1;2
202300013387;155 656 804;7;0;0;1;9;1
202300013387;155 656 805;10;0;0;1;1;1
202300013388;155 656 803;7;0;2;1;13;1
202300013388;155 656 806;7;0;2;1;1;1
202300013389;155 656 801;30;0;2;1;2;1
202300013389;155 656 802;7;0;2;4;2;1
202300013390;155 656 798;7;0;2;1;2;2
202300013390;155 656 800;7;4;2;4;1;2
202300013391;155 656 797;1;0;2;2;1;5
202300013391;155 656 799;7;0;2;2;15;1
202300013392;155 656 793;13;0;2;3;15;1
202300013392;155 656 795;7;0;2;3;1;1
202300013393;155 656 794;10;0;2;2;15;1
202300013393;155 656 796;2;0;2;1;1;1
202300013394;155 656 792;7;0;1;1;17;1
202300013395;155 656 789;7;0;1;4;4;0
202300013396;155 656 790;7;0;2;1;15;1
202300013396;155 656 791;7;0;2;1;1;2
202300013397;155 656 788;10;0;1;1;1;3
202300013398;155 656 787;2;14;0;1;16;1
202300013399;155 656 785;33;0;2;1;0;1
202300013399;155 656 786;7;0;2;1;15;1
202300013400;155 656 784;7;0;1;2;1;1
202300013401;155 656 783;7;13;0;3;16;1
202300013402;155 656 779;7;0;2;3;13;1
202300013402;155 656 781;7;0;2;1;13;1
202300013402;155 656 782;7;0;2;1;1;1
202300013403;155 656 780;10;0;1;2;1;1
202300013404;155 656 777;2;0;0;6;15;0
202300013404;155 656 778;2;0;2;1;1;0
202300013405;155 656 776;36;0;0;1;0;0
202300013406;155 656 773;10;0;2;2;17;0
202300013406;155 656 774;7;4;2;8;1;1
202300013407;155 656 771;7;13;0;2;1;0
202300013408;155 656 772;7;0;2;3;13;1
202300013408;155 656 775;7;0;2;3;1;1
202300013409;155 656 770;2;8;0;1;1;1
202300013410;155 656 768;36;13;0;2;15;1
202300013411;155 656 767;7;0;2;3;13;1
202300013411;155 656 769;7;0;2;3;1;1
202300013412;155 656 766;7;2;0;4;1;1
202300013413;155 656 765;7;6;0;8;1;1
202300013414;155 656 764;7;2;0;8;1;1
202300013415;155 656 762;2;0;2;1;1;1
202300013415;155 656 763;7;0;2;2;15;1
202300013416;155 656 761;7;0;1;3;15;0
202300013417;155 656 760;2;3;0;8;1;1
202300013418;155 656 759;7;2;0;1;0;1
202300013419;155 656 758;7;2;0;3;1;2
202300013420;155 656 754;7;0;2;7;14;1
202300013420;155 656 755;7;0;2;1;1;1
202300013421;155 656 756;7;0;9;7;17;1
202300013421;155 656 757;80;0;2;8;15;3
202300013422;155 656 752;7;0;2;1;1;1
202300013422;155 656 753;7;0;2;3;13;1
202300013423;155 656 751;33;2;0;1;1;1
202300013424;155 656 749;7;2;0;2;26;0
202300013425;155 656 747;33;0;2;1;13;1
202300013425;155 656 748;7;0;2;1;1;1
202300013426;155 656 746;10;0;2;3;26;1
202300013426;155 656 750;7;0;2;2;1;1
202300013427;155 656 745;7;13;0;3;1;1
202300013428;155 656 744;7;10;0;1;1;0
202300013429;155 656 743;7;13;0;1;1;1
202300013430;155 656 742;7;6;0;1;1;1
202300013431;155 656 741;7;0;1;1;1;1
202300013432;155 656 739;33;0;2;1;13;1
202300013432;155 656 740;7;0;2;3;1;1
202300013433;155 656 737;99;3;0;1;1;1
202300013434;155 656 736;7;0;2;4;1;1
202300013434;155 656 738;7;0;2;1;15;1
202300013435;155 656 734;7;0;2;1;1;1
202300013435;155 656 735;10;0;2;1;14;1
202300013436;155 656 731;7;16;0;1;13;1
202300013437;155 656 732;7;0;2;2;1;1
202300013437;155 656 733;33;0;2;8;1;1
202300013438;155 656 730;7;4;0;3;13;1
202300013439;155 656 726;7;0;2;9;1;1
202300013439;155 656 728;7;0;2;3;13;1
202300013439;155 656 729;7;0;2;1;1;1
202300013440;155 656 725;33;5;0;9;1;1
202300013441;155 656 723;33;13;0;9;2;1
202300013442;155 656 724;7;0;2;1;9;1
202300013442;155 656 727;7;0;2;1;1;1
202300013443;155 656 721;1;0;0;4;1;5
202300013443;155 656 722;7;0;2;2;1;1
202300013444;155 656 720;2;13;0;2;1;1
202300013445;155 656 717;7;0;2;1;17;1
202300013445;155 656 719;7;0;2;1;1;1
202300013446;155 656 716;15;0;2;3;1;1
202300013446;155 656 718;1;0;2;1;11;5
202300013447;155 656 714;30;0;2;2;17;1
202300013447;155 656 715;10;0;2;3;15;1
202300013448;155 656 712;7;2;0;9;16;0
202300013449;155 656 709;7;0;2;1;1;1
202300013449;155 656 710;10;0;2;4;1;1
202300013450;155 656 707;7;0;1;2;1;1
202300013451;155 656 705;7;0;0;2;1;1
202300013452;155 656 706;31;0;2;3;21;1
202300013452;155 656 708;7;0;2;3;15;1
202300013453;155 656 701;33;7;2;1;1;1
202300013453;155 656 703;2;0;2;1;15;1
202300013453;155 656 704;7;0;2;1;2;1
202300013454;155 656 700;7;0;2;2;1;1
202300013454;155 656 702;7;0;2;1;19;3
202300013455;155 656 699;7;13;0;1;1;1
202300013456;155 656 698;7;8;0;1;1;1
202300013457;155 656 694;7;0;2;3;5;1
202300013457;155 656 695;7;0;2;3;2;1
202300013458;155 656 696;10;0;2;2;2;1
202300013458;155 656 697;1;0;2;6;13;5
202300013459;155 656 692;10;0;2;1;2;1
202300013459;155 656 693;3;0;2;4;11;1
202300013460;155 656 691;7;16;0;0;13;1
202300013461;155 656 689;7;0;2;3;0;1
202300013461;155 656 690;7;0;2;1;15;1
202300013462;155 656 688;7;0;1;1;1;2
202300013463;155 656 685;7;0;2;1;0;1
202300013463;155 656 686;7;0;2;4;2;1
202300013463;155 656 687;7;0;2;4;2;1
202300013464;155 656 682;7;0;2;4;1;1
202300013464;155 656 683;7;0;2;1;1;1
202300013464;155 656 684;7;0;2;4;1;1
202300013465;155 656 680;10;0;2;5;2;0
202300013465;155 656 681;33;4;2;1;2;1
202300013466;155 656 679;10;0;1;2;1;1
202300013467;155 656 677;7;0;2;8;11;1
202300013467;155 656 678;33;0;2;7;2;1
202300013468;155 656 672;7;4;2;6;2;1
202300013468;155 656 674;10;4;2;4;2;1
202300013468;155 656 675;10;4;2;1;1;1
202300013469;155 656 673;17;0;2;2;1;1
202300013469;155 656 676;17;0;2;3;15;1
202300013470;155 656 671;7;4;0;1;1;1
202300013471;155 656 670;7;0;9;8;1;1
202300013472;155 656 666;7;0;2;1;2;1
202300013472;155 656 668;7;0;2;4;2;1
202300013472;155 656 669;7;0;2;4;2;1
202300013473;155 656 661;7;0;2;1;2;1
202300013473;155 656 662;7;0;2;4;2;1
202300013473;155 656 663;7;0;2;9;1;1
202300013473;155 656 664;7;0;2;4;2;1
202300013474;155 656 659;10;0;2;1;1;1
202300013474;155 656 660;7;0;2;1;21;1
202300013474;155 656 665;7;3;2;4;23;1
202300013474;155 656 667;15;0;2;1;21;1
202300013475;155 656 656;7;0;2;1;1;1
202300013475;155 656 657;7;0;2;4;2;1
202300013475;155 656 658;7;0;2;4;2;1
202300013476;155 656 654;7;3;0;1;2;1
202300013477;155 656 653;7;0;2;1;13;1
202300013477;155 656 655;7;0;2;1;21;1
202300013478;155 656 651;7;0;2;2;1;1
202300013478;155 656 652;7;0;2;6;23;1
202300013479;155 656 648;2;0;2;1;17;1
202300013479;155 656 650;7;0;2;3;1;1
202300013480;155 656 646;7;0;2;1;1;1
202300013480;155 656 647;7;0;2;4;2;1
202300013480;155 656 649;7;0;2;4;2;1
202300013481;155 656 644;7;0;1;1;1;0
202300013482;155 656 643;7;0;2;5;17;1
202300013482;155 656 645;7;0;2;3;15;1
202300013483;155 656 642;7;0;1;2;1;1
202300013484;155 656 640;7;0;2;4;23;1
202300013484;155 656 641;37;0;2;1;9;1
202300013485;155 656 638;33;0;2;1;13;1
202300013485;155 656 639;10;0;2;1;1;1
202300013486;155 656 636;7;0;2;3;2;1
202300013486;155 656 637;33;0;2;2;14;1
202300013487;155 656 632;37;0;2;2;1;1
202300013487;155 656 634;10;0;2;3;9;1
202300013488;155 656 633;7;0;2;2;1;1
202300013488;155 656 635;1;0;2;8;1;5
202300013489;155 656 630;7;0;2;1;1;1
202300013489;155 656 631;7;0;2;4;1;1
202300013490;155 656 629;37;0;1;5;1;0
202300013491;155 656 627;2;0;2;7;17;1
202300013491;155 656 628;7;0;2;8;15;1
202300013492;155 656 624;7;0;2;2;1;1
202300013493;155 656 622;7;0;2;3;1;1
202300013493;155 656 625;7;0;2;6;11;1
202300013493;155 656 626;7;0;0;3;1;1
202300013494;155 656 620;80;0;2;1;12;3
202300013494;155 656 621;7;0;2;2;2;1
202300013494;155 656 623;33;0;2;3;1;1
202300013495;155 656 615;7;0;2;2;1;1
202300013495;155 656 618;10;0;2;3;2;1
202300013496;155 656 614;7;0;1;1;19;1
202300013497;155 656 616;7;0;0;4;2;1
202300013497;155 656 617;7;0;2;1;2;1
202300013497;155 656 619;10;0;2;4;2;1
202300013498;155 656 613;7;12;0;0;1;1
202300013499;155 656 610;7;0;1;2;13;1
202300013500;155 656 609;7;0;2;4;1;1
202300013500;155 656 611;7;0;2;4;1;1
202300013500;155 656 612;7;0;2;1;1;1
202300013501;155 656 608;7;0;1;3;15;1
202300013502;155 656 607;33;0;0;7;1;1
202300013503;155 656 603;7;0;2;8;15;0
202300013503;155 656 604;50;0;2;1;0;3
202300013504;155 656 599;7;0;2;2;15;1
202300013504;155 656 601;31;0;2;1;1;1
202300013505;155 656 600;7;0;9;2;1;1
202300013505;155 656 602;1;0;2;4;2;5
202300013506;155 656 597;33;0;2;1;2;1
202300013506;155 656 598;7;0;2;4;2;1
202300013507;155 656 594;7;0;2;1;1;1
202300013507;155 656 596;7;0;2;3;9;1
202300013508;155 656 595;7;0;1;7;13;1
202300013509;155 656 592;7;0;2;1;1;1
202300013509;155 656 593;30;0;2;1;13;1
202300013510;155 656 590;7;13;2;3;13;1
202300013510;155 656 591;14;13;2;3;21;1
202300013511;155 656 589;7;0;1;1;19;1
202300013512;155 656 587;34;0;2;1;8;1
202300013512;155 656 588;37;0;2;3;8;1
202300013513;155 656 585;2;0;1;1;1;1
202300013514;155 656 583;7;8;0;2;1;1
202300013515;155 656 584;7;0;0;1;1;1
202300013515;155 656 586;7;0;0;8;9;1
202300013516;155 656 581;7;0;0;1;1;1
202300013516;155 656 582;10;0;2;8;9;3
202300013517;155 656 577;41;6;2;8;14;1
202300013517;155 656 578;7;0;2;7;1;1
202300013518;155 656 579;7;0;2;1;19;1
202300013518;155 656 580;33;4;2;7;17;1
202300013519;155 656 575;33;0;2;4;1;1
202300013519;155 656 576;7;0;2;1;12;1
202300013520;155 656 573;7;0;2;3;13;1
202300013520;155 656 574;7;0;2;3;14;1
202300013521;155 656 571;33;0;0;0;1;1
202300013522;155 656 572;7;0;1;1;15;1
202300013523;155 656 570;7;13;0;2;14;1
202300013524;155 656 568;10;0;1;1;1;0
202300013525;155 656 564;7;0;2;1;13;3
202300013525;155 656 566;7;0;2;1;9;2
202300013526;155 656 565;7;0;2;3;13;1
202300013526;155 656 567;15;0;2;1;1;1
202300013526;155 656 569;7;0;2;1;1;1
202300013527;155 656 562;7;0;2;1;1;1
202300013527;155 656 563;7;0;2;4;23;1
202300013528;155 656 560;7;0;2;1;13;1
202300013528;155 656 561;7;0;2;2;1;1
202300013529;155 656 559;7;0;1;1;1;1
202300013530;155 656 558;7;13;0;0;1;1
202300013531;155 656 556;10;0;2;2;15;1
202300013531;155 656 557;30;0;2;1;9;1
202300013532;155 656 554;7;0;2;5;11;1
202300013532;155 656 555;2;0;2;1;2;1
202300013533;155 656 552;1;1;0;1;14;5
202300013534;155 656 551;7;0;2;1;13;1
202300013534;155 656 553;10;0;2;1;1;1
202300013535;155 656 550;33;8;0;1;1;1
202300013536;155 656 548;7;5;0;3;1;1
202300013537;155 656 549;7;13;0;9;1;1
202300013538;155 656 546;7;0;9;7;26;2
202300013538;155 656 547;99;0;2;7;26;6
202300013539;155 656 543;40;1;2;1;1;3
202300013539;155 656 544;7;0;4;5;1;1
202300013540;155 656 541;7;0;1;1;1;0
202300013541;155 656 540;7;1;0;1;17;1
202300013542;155 656 542;7;0;2;2;1;2
202300013542;155 656 545;2;0;2;1;1;1
202300013543;155 656 539;7;1;1;1;1;1
202300013544;155 656 538;7;0;1;3;1;1
202300013545;155 656 536;10;0;2;7;16;1
202300013545;155 656 537;37;0;2;1;1;4
202300013546;155 656 533;10;0;2;1;1;1
202300013546;155 656 534;1;0;2;4;15;5
202300013547;155 656 532;7;0;2;1;1;1
202300013547;155 656 535;7;0;2;1;1;1
202300013548;155 656 530;43;0;2;1;1;0
202300013548;155 656 531;7;0;2;1;15;1
202300013549;155 656 528;7;0;2;9;0;1
202300013549;155 656 529;7;0;2;9;0;1
202300013550;155 656 527;7;0;1;3;15;1
202300013551;155 656 525;7;13;0;9;17;1
202300013552;155 656 524;7;0;2;9;26;1
202300013552;155 656 526;7;0;2;7;12;2
202300013553;155 656 522;30;0;2;1;1;1
202300013553;155 656 523;7;0;2;1;15;1
202300013554;155 656 518;7;0;2;6;1;1
202300013554;155 656 519;10;0;2;2;2;1
202300013555;155 656 514;7;0;2;3;2;1
202300013555;155 656 516;7;0;2;4;2;1
202300013555;155 656 517;7;0;2;1;2;1
202300013555;155 656 520;10;0;2;4;2;1
202300013555;155 656 521;7;0;2;8;2;1
202300013556;155 656 512;7;0;2;1;2;1
202300013556;155 656 513;43;0;2;2;3;1
202300013557;155 656 515;33;12;0;0;17;1
202300013558;155 656 510;7;0;2;7;12;1
202300013558;155 656 511;7;0;2;8;1;1
202300013559;155 656 507;7;0;1;3;1;1
202300013560;155 656 508;7;0;2;5;12;1
202300013560;155 656 509;33;0;2;8;3;1
202300013561;155 656 505;7;0;2;6;13;1
202300013561;155 656 506;2;0;2;1;3;0
202300013562;155 656 504;7;4;0;1;1;1
202300013563;155 656 503;10;3;0;1;0;2
202300013564;155 656 498;10;0;2;4;2;1
202300013564;155 656 499;7;0;2;3;2;1
202300013564;155 656 500;7;0;2;5;2;1
202300013564;155 656 501;7;0;2;4;2;1
202300013564;155 656 502;7;0;2;4;2;1
202300013565;155 656 496;7;0;2;5;1;1
202300013565;155 656 497;7;0;2;5;1;1
202300013566;155 656 494;10;0;2;1;18;1
202300013566;155 656 495;43;0;2;7;14;1
202300013567;155 656 490;10;0;2;7;1;1
202300013567;155 656 491;7;0;2;4;1;1
202300013567;155 656 492;10;0;2;1;2;1
202300013567;155 656 493;15;0;2;8;13;1
202300013568;155 656 489;7;4;0;3;1;1
202300013569;155 656 487;7;0;2;6;1;1
202300013569;155 656 488;7;0;2;2;2;1
202300013570;155 656 485;50;0;2;1;1;3
202300013570;155 656 486;7;0;2;2;1;1
202300013571;155 656 483;7;0;2;1;13;1
202300013571;155 656 484;7;0;2;1;0;1
202300013572;155 656 482;7;0;0;1;16;1
202300013573;155 656 480;7;0;2;8;15;1
202300013573;155 656 481;1;0;2;1;1;5
202300013574;155 656 479;14;12;0;7;9;1
202300013575;155 656 477;7;0;9;1;26;1
202300013575;155 656 478;50;0;2;2;26;3
202300013576;155 656 476;50;0;2;0;5;3
202300013577;155 656 475;2;0;0;8;15;1
202300013578;155 656 474;7;0;1;2;15;0
202300013579;155 656 472;2;1;2;7;1;1
202300013579;155 656 473;7;0;2;1;1;1
202300013580;155 656 471;33;1;1;8;21;1
202300013581;155 656 469;1;0;2;4;1;5
202300013581;155 656 470;0;0;2;4;0;0
202300013582;155 656 467;7;0;2;3;15;1
202300013582;155 656 468;34;0;2;1;25;1
202300013583;155 656 465;7;0;2;1;2;1
202300013583;155 656 466;7;0;2;4;0;1
202300013584;155 656 461;50;0;0;0;1;3
202300013585;155 656 460;33;0;0;7;26;1
202300013586;155 656 458;7;0;2;4;23;1
202300013586;155 656 459;7;1;0;1;1;1
202300013587;155 656 456;10;0;2;3;5;1
202300013587;155 656 457;7;0;2;3;1;1
202300013588;155 656 454;7;3;2;1;26;3
202300013588;155 656 455;10;3;0;0;15;1
202300013589;155 656 452;30;0;2;1;1;1
202300013589;155 656 453;7;0;2;3;15;1
202300013590;155 656 451;1;0;0;0;1;5
202300013591;155 656 449;34;0;2;2;1;1
202300013591;155 656 450;7;0;2;8;10;1
202300013592;155 656 448;10;0;1;0;2;1
202300013593;155 656 446;50;0;2;1;26;3
202300013593;155 656 447;7;0;2;1;26;1
202300013594;155 656 444;50;0;2;8;1;3
202300013594;155 656 445;10;0;2;7;16;1
202300013595;155 656 442;21;0;2;8;1;0
202300013595;155 656 443;38;0;2;8;1;1
202300013596;155 656 441;33;0;0;8;0;1
202300013597;155 656 439;50;0;2;1;1;3
202300013597;155 656 440;7;0;2;2;14;1
202300013598;155 656 437;1;0;2;2;19;0
202300013598;155 656 438;7;0;2;2;2;1
202300013599;155 656 435;7;0;9;2;26;1
202300013599;155 656 436;1;0;2;4;15;5
202300013600;155 656 433;7;0;2;5;9;0
202300013600;155 656 434;30;0;2;1;2;0
202300013601;155 656 431;7;0;2;1;9;1
202300013601;155 656 432;2;0;2;4;1;1
202300013602;155 656 430;10;0;1;3;1;1
202300013603;155 656 429;7;;1;3;1;1
202300013604;155 656 428;7;0;1;4;4;0
202300013605;155 656 427;7;0;1;2;1;1
202300013606;155 656 425;80;0;2;1;15;3
202300013606;155 656 426;7;0;2;3;9;1
202300013607;155 656 424;7;0;1;3;1;1
202300013608;155 656 422;7;0;2;1;13;0
202300013608;155 656 423;7;0;2;3;0;1
202300013609;155 656 420;10;0;2;2;15;1
202300013609;155 656 421;2;0;2;1;1;1
202300013610;155 656 418;50;0;2;1;1;3
202300013610;155 656 419;14;0;2;5;16;1
202300013611;155 656 416;7;0;2;3;15;1
202300013611;155 656 417;33;0;2;8;1;1
202300013612;155 656 414;7;0;2;4;10;1
202300013612;155 656 415;33;0;2;0;0;1
202300013613;155 656 410;7;0;2;3;1;1
202300013613;155 656 411;17;0;2;8;13;1
202300013614;155 656 408;7;0;2;1;1;1
202300013614;155 656 409;7;0;2;7;9;1
202300013615;155 656 406;7;0;2;2;1;1
202300013615;155 656 407;7;0;2;5;15;1
202300013616;155 656 405;7;0;1;5;1;1
202300013617;155 656 403;7;0;2;3;1;1
202300013617;155 656 404;7;0;2;2;15;3
202300013618;155 656 401;31;0;2;1;1;1
202300013618;155 656 402;10;0;2;2;15;1
202300013619;155 656 399;7;0;2;5;1;1
202300013619;155 656 400;7;0;2;1;16;1
202300013620;155 656 397;10;0;2;1;1;1
202300013620;155 656 398;1;12;2;9;1;5
202300013621;155 656 395;37;0;9;1;15;1
202300013621;155 656 396;1;0;2;1;1;5
202300013622;155 656 394;10;0;1;3;15;1
202300013623;155 656 392;7;0;2;3;0;0
202300013623;155 656 393;33;0;2;1;0;0
202300013624;155 656 390;7;0;2;4;23;1
202300013624;155 656 391;7;0;2;1;2;1
202300013625;155 656 389;37;0;1;2;1;1
202300013626;155 656 387;7;0;2;3;13;1
202300013626;155 656 388;10;0;2;6;21;1
202300013627;155 656 384;10;0;2;4;1;1
202300013627;155 656 385;7;0;2;4;23;1
202300013627;155 656 386;7;0;0;4;23;1
202300013628;155 656 383;7;0;1;6;20;3
202300013629;155 656 381;7;;;;;
202300013629;155 656 382;1;0;2;8;1;5
202300013630;155 656 379;33;0;2;1;1;1
202300013630;155 656 380;7;0;2;4;0;1
202300013631;155 656 378;1;0;1;8;1;5
202300013632;155 656 376;7;0;2;3;4;2
202300013632;155 656 377;1;0;2;8;19;5
202300013633;155 656 374;7;0;2;3;15;2
202300013633;155 656 375;30;0;2;7;1;1
202300013634;155 656 373;1;0;1;1;25;5
202300013635;155 656 372;1;0;1;2;16;5
202300013636;155 656 371;30;0;1;1;1;1
202300013637;155 656 370;1;0;1;1;1;5
202300013638;155 656 368;7;0;2;5;22;1
202300013638;155 656 369;1;0;2;1;1;5
202300013639;155 656 366;1;0;2;1;1;5
202300013639;155 656 367;7;0;2;3;15;2
202300013640;155 656 365;32;0;1;1;18;1
202300013641;155 656 364;7;0;1;3;1;0
202300013642;155 656 363;7;0;1;1;15;1
202300013643;155 656 360;37;0;2;1;1;1
202300013643;155 656 361;10;0;2;4;23;1
202300013643;155 656 362;7;0;2;4;23;1
202300013644;155 656 358;13;0;2;1;2;1
202300013644;155 656 359;13;0;2;4;2;1
202300013645;155 656 356;15;0;2;5;1;1
202300013645;155 656 357;37;0;2;6;9;1
202300013646;155 656 354;7;0;2;1;2;1
202300013646;155 656 355;7;0;2;4;1;1
202300013647;155 656 353;1;0;1;1;13;5
202300013648;155 656 351;10;0;2;2;2;1
202300013648;155 656 352;7;0;2;6;23;1
202300013649;155 656 350;7;6;0;3;13;1
202300013650;155 656 348;7;0;2;2;15;1
202300013650;155 656 349;7;0;2;1;1;1
202300013651;155 656 345;17;0;0;4;2;1
202300013651;155 656 347;7;0;2;1;2;1
202300013652;155 656 342;10;0;2;3;2;1
202300013652;155 656 344;7;0;2;4;2;1
202300013652;155 656 346;7;0;2;4;2;1
202300013653;155 656 341;7;0;2;1;1;1
202300013653;155 656 343;7;0;2;8;19;1
202300013654;155 656 338;32;0;2;2;1;1
202300013654;155 656 339;7;0;2;6;1;1
202300013654;155 656 340;7;0;2;3;5;1
202300013655;155 656 337;7;3;0;1;1;1
202300013656;155 656 336;7;9;0;2;1;1
202300013657;155 656 335;7;0;0;0;1;1
202300013658;155 656 332;33;0;9;3;9;1
202300013658;155 656 334;1;0;2;1;25;5
202300013659;155 656 331;2;0;2;1;19;1
202300013659;155 656 333;7;0;0;7;1;1
202300013660;155 656 329;7;0;2;1;1;1
202300013660;155 656 330;1;0;2;1;1;5
202300013661;155 656 328;36;0;0;0;10;0
202300013662;155 656 326;7;0;2;5;11;1
202300013662;155 656 327;33;0;2;6;2;1
202300013663;155 656 324;33;0;2;4;2;1
202300013663;155 656 325;33;0;2;1;2;1
202300013664;155 656 322;2;0;2;1;2;1
202300013664;155 656 323;7;0;2;4;23;1
202300013665;155 656 320;7;0;2;1;15;1