Num_Acc;id_vehicule;categorie_vehicule;obstacle_fixe;obstacle_mobile;point_choc_initial;manoeuvre_principale;motorisation
202300013665;155 656 321;33;0;2;1;1;1
202300013666;155 656 318;3;0;9;3;13;0
202300013666;155 656 319;1;0;2;3;1;5
202300013667;155 656 317;7;13;0;1;1;1
202300013668;155 656 314;7;2;0;1;13;1
202300013669;155 656 313;7;0;2;7;2;1
202300013669;155 656 315;32;0;2;7;3;3
202300013669;155 656 316;10;0;0;8;1;0
202300013670;155 656 312;34;2;0;1;1;1
202300013671;155 656 309;7;0;2;1;0;2
202300013671;155 656 311;7;0;0;4;1;2
202300013672;155 656 308;1;13;0;1;16;5
202300013673;155 656 306;7;0;2;2;9;0
202300013673;155 656 307;31;0;2;1;2;1
202300013674;155 656 304;7;0;2;1;17;1
202300013674;155 656 305;1;0;2;6;15;5
202300013675;155 656 302;31;0;2;2;1;1
202300013675;155 656 303;7;0;2;1;2;1
202300013676;155 656 301;31;2;0;2;1;1
202300013677;155 656 299;10;0;2;1;1;1
202300013677;155 656 300;7;0;2;4;23;1
202300013678;155 656 297;7;0;2;2;1;1
202300013678;155 656 298;3;0;2;3;1;1
202300013679;155 656 295;7;14;0;6;2;1
202300013679;155 656 296;43;0;2;3;2;1
202300013680;155 656 293;32;0;2;1;1;1
202300013680;155 656 294;7;0;2;3;15;1
202300013681;155 656 289;32;0;2;8;18;1
202300013681;155 656 291;10;0;2;0;0;1
202300013681;155 656 292;7;0;2;1;15;0
202300013682;155 656 288;7;0;2;2;19;1
202300013682;155 656 290;7;0;2;3;1;1
202300013683;155 656 285;33;0;2;1;3;1
202300013683;155 656 287;7;0;2;5;11;1
202300013684;155 656 284;7;0;2;1;15;1
202300013684;155 656 286;7;0;2;1;1;1
202300013685;155 656 281;7;1;2;8;20;1
202300013685;155 656 283;7;8;2;1;1;1
202300013686;155 656 279;33;0;2;1;1;1
202300013686;155 656 280;33;0;2;1;21;1
202300013686;155 656 282;7;0;2;6;23;1
202300013687;155 656 274;7;0;2;1;1;0
202300013687;155 656 275;7;0;2;1;1;0
202300013688;155 656 276;7;0;2;1;1;1
202300013688;155 656 277;7;0;2;4;1;1
202300013688;155 656 278;7;0;2;4;15;1
202300013689;155 656 271;1;0;2;1;1;5
202300013689;155 656 273;7;0;2;3;9;3
202300013690;155 656 270;33;2;2;1;5;1
202300013690;155 656 272;99;0;2;8;15;1
202300013691;155 656 268;7;0;1;1;1;1
202300013692;155 656 267;33;0;2;1;1;1
202300013692;155 656 269;7;0;2;5;1;1
202300013693;155 656 265;7;13;0;0;0;0
202300013694;155 656 262;1;0;2;2;1;5
202300013694;155 656 263;1;0;0;0;21;5
202300013694;155 656 264;1;0;2;2;21;5
202300013694;155 656 266;10;0;9;3;15;1
202300013695;155 656 260;7;0;2;8;1;1
202300013695;155 656 261;7;13;2;3;13;1
202300013696;155 656 258;2;11;0;1;1;1
202300013697;155 656 257;7;0;2;3;5;1
202300013697;155 656 259;30;0;2;1;1;1
202300013698;155 656 254;7;6;0;1;1;1
202300013698;155 656 255;7;0;0;6;15;1
202300013698;155 656 256;10;0;2;1;13;1
202300013699;155 656 253;7;3;0;2;1;1
202300013700;155 656 251;7;0;2;7;17;1
202300013700;155 656 252;1;0;0;8;1;5
202300013701;155 656 249;33;0;2;6;1;0
202300013701;155 656 250;7;0;2;2;15;1
202300013702;155 656 248;30;6;0;1;13;1
202300013703;155 656 247;31;0;0;0;26;1
202300013704;155 656 246;33;8;0;1;13;1
202300013705;155 656 243;15;0;0;4;23;1
202300013705;155 656 245;37;1;0;2;21;1
202300013706;155 656 241;7;0;2;3;15;1
202300013706;155 656 242;7;0;2;3;1;1
202300013707;155 656 240;10;13;0;3;13;1
202300013708;155 656 239;7;0;2;1;13;1
202300013708;155 656 244;10;0;2;2;1;1
202300013709;155 656 237;7;6;2;1;2;1
202300013709;155 656 238;2;6;2;4;1;1
202300013710;155 656 236;10;0;1;4;4;0
202300013711;155 656 235;7;8;0;1;13;0
202300013712;155 656 233;7;0;2;2;1;1
202300013712;155 656 234;7;0;2;1;19;1
202300013713;155 656 231;33;0;2;1;1;1
202300013713;155 656 232;7;0;2;8;16;1
202300013714;155 656 229;7;2;0;1;1;0
202300013715;155 656 228;10;14;0;2;13;1
202300013716;155 656 225;2;0;2;3;1;1
202300013716;155 656 227;7;0;2;3;17;3
202300013717;155 656 222;7;0;2;2;15;1
202300013717;155 656 224;33;0;2;1;1;1
202300013718;155 656 223;7;0;2;1;1;0
202300013718;155 656 226;7;0;2;3;15;0
202300013719;155 656 220;7;0;2;7;17;1
202300013719;155 656 221;2;0;2;8;15;1
202300013720;155 656 218;32;0;2;1;17;1
202300013720;155 656 219;7;0;0;3;15;0
202300013721;155 656 215;7;0;2;1;1;1
202300013721;155 656 217;30;0;2;4;2;1
202300013722;155 656 212;7;0;2;1;2;1
202300013722;155 656 213;7;0;2;4;1;1
202300013722;155 656 214;7;1;2;4;2;1
202300013722;155 656 216;7;1;0;1;2;1
202300013723;155 656 210;7;0;0;1;13;1
202300013723;155 656 211;7;0;0;1;1;1
202300013724;155 656 208;7;0;2;3;13;1
202300013724;155 656 209;17;0;2;3;1;1
202300013725;155 656 207;33;13;0;1;1;1
202300013726;155 656 204;7;0;2;1;5;1
202300013726;155 656 206;7;0;2;1;1;1
202300013727;155 656 203;7;2;0;1;1;1
202300013728;155 656 201;7;1;0;1;2;1
202300013729;155 656 202;15;0;2;3;13;0
202300013729;155 656 205;7;0;2;3;13;0
202300013730;155 656 200;31;0;0;0;26;1
202300013731;155 656 199;7;2;0;1;14;1
202300013732;155 656 197;33;0;2;1;1;1
202300013732;155 656 198;7;0;2;1;15;1
202300013733;155 656 194;7;0;2;1;1;1
202300013733;155 656 196;2;0;2;7;19;1
202300013734;155 656 193;7;13;2;3;1;1
202300013734;155 656 195;7;13;2;3;13;1
202300013735;155 656 192;2;0;1;1;17;1
202300013736;155 656 191;7;6;0;3;13;1
202300013737;155 656 190;33;8;0;1;16;1
202300013738;155 656 188;31;0;2;1;1;1
202300013738;155 656 189;7;0;2;5;23;1
202300013739;155 656 187;7;0;1;1;26;1
202300013740;155 656 185;7;12;0;1;13;1
202300013741;155 656 183;7;0;2;6;1;1
202300013741;155 656 184;17;0;2;2;12;1
202300013742;155 656 182;33;14;0;1;1;1
202300013743;155 656 180;7;0;2;8;14;1
202300013743;155 656 181;15;0;2;2;1;1
202300013744;155 656 178;7;0;2;4;1;1
202300013744;155 656 179;7;0;2;0;0;0
202300013745;155 656 176;0;0;2;8;0;0
202300013745;155 656 177;7;3;2;7;1;1
202300013746;155 656 174;7;0;2;1;1;1
202300013746;155 656 175;7;0;2;4;1;1
202300013747;155 656 172;7;0;2;1;1;1
202300013747;155 656 173;7;0;2;4;1;1
202300013748;155 656 171;7;4;0;2;1;1
202300013749;155 656 169;7;0;2;5;0;2
202300013749;155 656 170;7;0;2;3;0;0
202300013750;155 656 168;7;13;0;1;0;1
202300013751;155 656 167;32;0;0;8;2;1
202300013752;155 656 165;14;0;2;2;14;1
202300013752;155 656 166;7;0;2;8;1;1
202300013753;155 656 163;99;0;2;7;14;1
202300013753;155 656 164;33;0;2;8;18;1
202300013754;155 656 161;7;5;2;7;16;1
202300013754;155 656 162;7;0;2;8;1;1
202300013755;155 656 159;7;0;2;4;2;1
202300013755;155 656 160;7;0;2;1;2;1
202300013756;155 656 157;10;0;2;4;2;1
202300013756;155 656 158;10;0;2;1;2;1
202300013757;155 656 155;7;0;2;6;9;1
202300013757;155 656 156;7;0;2;1;1;1
202300013758;155 656 154;7;0;1;2;1;1
202300013759;155 656 152;7;0;2;3;15;1
202300013759;155 656 153;7;0;2;1;1;1
202300013760;155 656 150;7;0;2;1;15;1
202300013760;155 656 151;10;0;0;1;1;0
202300013761;155 656 147;32;0;2;1;17;1
202300013761;155 656 148;7;0;2;3;1;1
202300013761;155 656 149;7;0;2;8;2;1
202300013762;155 656 146;7;1;0;1;0;1
202300013763;155 656 145;7;13;0;1;1;1
202300013764;155 656 143;7;0;2;6;9;1
202300013764;155 656 144;33;0;2;9;1;1
202300013765;155 656 141;33;0;0;0;1;1
202300013766;155 656 140;33;14;0;3;1;1
202300013767;155 656 137;7;0;2;2;1;1
202300013767;155 656 138;1;0;2;8;19;5
202300013768;155 656 136;7;2;0;3;13;1
202300013769;155 656 134;7;0;2;2;13;1
202300013769;155 656 135;33;9;0;8;1;1
202300013770;155 656 131;33;6;0;3;13;1
202300013771;155 656 130;2;0;0;0;1;1
202300013772;155 656 129;7;2;0;3;1;1
202300013773;155 656 126;2;0;2;1;17;1
202300013773;155 656 127;7;6;2;1;1;1
202300013773;155 656 128;7;0;2;3;1;1
202300013774;155 656 124;7;0;2;2;17;1
202300013774;155 656 125;1;0;2;3;1;5
202300013775;155 656 123;1;0;0;7;1;5
202300013776;155 656 122;33;13;0;0;0;1
202300013777;155 656 120;7;0;2;3;15;1
202300013777;155 656 121;50;0;2;1;1;3
202300013778;155 656 118;1;0;2;0;16;5
202300013778;155 656 119;13;0;2;8;1;1
202300013779;155 656 114;7;0;2;3;1;1
202300013779;155 656 115;7;0;2;1;1;1
202300013779;155 656 116;7;0;2;1;5;1
202300013779;155 656 117;7;0;2;3;1;2
202300013780;155 656 112;31;0;2;1;1;1
202300013780;155 656 113;7;0;2;1;1;1
202300013781;155 656 111;31;0;0;0;1;1
202300013782;155 656 109;7;0;2;3;1;1
202300013782;155 656 110;31;0;2;3;17;1
202300013783;155 656 107;7;0;2;1;1;1
202300013783;155 656 108;7;0;2;7;19;1
202300013784;155 656 106;31;7;0;8;1;1
202300013785;155 656 104;32;0;2;1;1;1
202300013785;155 656 105;7;0;2;4;2;1
202300013786;155 656 103;7;6;0;1;0;1
202300013787;155 656 101;7;4;2;3;21;1
202300013787;155 656 102;7;4;0;0;0;1
202300013788;155 656 099;17;0;0;4;2;1
202300013788;155 656 100;10;0;2;1;2;1
202300013789;155 656 097;33;0;2;1;1;1
202300013789;155 656 098;10;0;2;2;10;1
202300013790;155 656 095;7;0;2;3;11;3
202300013790;155 656 096;33;0;2;2;3;1
202300013791;155 656 094;7;0;0;0;0;1
202300013792;155 656 093;33;0;0;0;1;1
202300013793;155 656 090;7;0;2;3;1;1
202300013793;155 656 091;7;0;2;3;15;1
202300013793;155 656 092;7;0;2;3;23;1
202300013794;155 656 089;7;0;1;2;17;1
202300013795;155 656 087;7;0;2;1;5;1
202300013795;155 656 088;7;0;2;1;1;1
202300013796;155 656 085;2;0;2;1;1;0
202300013796;155 656 086;7;0;2;3;1;0
202300013797;155 656 083;7;0;0;2;1;0
202300013797;155 656 084;7;0;0;1;1;0
202300013798;155 656 082;7;6;0;1;1;1
202300013799;155 656 080;1;0;2;2;1;5
202300013799;155 656 081;3;0;2;3;1;1
202300013800;155 656 078;33;0;2;8;1;1
202300013800;155 656 079;7;0;2;2;10;1
202300013801;155 656 077;14;8;0;3;1;1
202300013802;155 656 075;7;0;2;3;15;1
202300013802;155 656 076;33;0;2;1;17;1
202300013803;155 656 074;10;0;1;1;1;1
202300013804;155 656 071;7;0;2;1;1;1
202300013804;155 656 072;7;0;0;8;23;1
202300013804;155 656 073;7;0;2;4;15;1
202300013805;155 656 063;1;0;2;8;1;5
202300013805;155 656 064;7;0;0;3;1;1
202300013805;155 656 065;1;0;2;8;1;5
202300013805;155 656 066;1;0;2;8;1;5
202300013805;155 656 067;1;0;2;8;1;5
202300013805;155 656 068;1;0;2;8;1;5
202300013805;155 656 069;1;0;2;8;1;5
202300013805;155 656 070;1;0;2;8;1;5
202300013806;155 656 061;7;0;2;1;1;1
202300013806;155 656 062;7;0;2;1;13;1
202300013807;155 656 060;7;8;0;9;17;0
202300013808;155 656 058;7;0;2;1;2;1
202300013808;155 656 059;7;3;0;4;2;1
202300013809;155 656 057;10;0;1;2;1;1
202300013810;155 656 055;7;0;0;3;1;0
202300013810;155 656 056;7;0;2;3;13;0
202300013811;155 656 053;34;0;2;8;18;1
202300013811;155 656 054;7;0;2;7;23;1
202300013812;155 656 052;7;0;1;1;19;1
202300013813;155 656 051;7;0;1;0;0;2
202300013814;155 656 050;0;0;1;1;1;1
202300013815;155 656 049;7;16;0;7;1;6
202300013816;155 656 048;33;12;0;2;26;1
202300013817;155 656 047;10;9;0;1;2;1
202300013818;155 656 045;50;1;2;6;2;3
202300013818;155 656 046;7;0;2;6;23;0
202300013819;155 656 043;7;0;2;1;2;1
202300013819;155 656 044;7;0;0;4;2;1
202300013820;155 656 041;7;0;2;3;13;1
202300013820;155 656 042;7;0;2;3;1;1
202300013821;155 656 040;7;4;0;1;1;1
202300013822;155 656 038;31;11;2;7;17;1
202300013822;155 656 039;7;0;2;8;13;1
202300013823;155 656 036;7;0;2;1;0;1
202300013823;155 656 037;7;0;2;7;19;1
202300013824;155 656 034;7;0;2;1;19;1
202300013824;155 656 035;7;0;2;6;1;1
202300013825;155 656 033;7;1;0;2;0;1
202300013826;155 656 031;7;0;2;3;15;0
202300013826;155 656 032;32;0;2;7;17;0
202300013827;155 656 030;2;0;0;8;1;1
202300013828;155 656 028;7;0;2;3;9;1
202300013828;155 656 029;7;0;2;1;9;1
202300013829;155 656 026;7;0;2;2;15;1
202300013829;155 656 027;33;0;2;8;1;1
202300013830;155 656 024;7;0;2;8;1;1
202300013830;155 656 025;7;0;2;1;6;1
202300013831;155 656 022;7;0;2;1;9;1
202300013831;155 656 023;30;0;2;4;26;1
202300013832;155 656 020;10;0;2;2;15;3
202300013832;155 656 021;34;0;2;1;1;1
202300013833;155 656 017;7;0;2;1;14;1
202300013833;155 656 018;7;0;2;5;14;1
202300013833;155 656 019;10;0;9;4;14;1
202300013834;155 656 016;7;0;1;1;16;1
202300013835;155 656 015;34;12;0;0;1;1
202300013836;155 656 013;7;0;2;1;15;1
202300013836;155 656 014;30;0;2;4;1;1
202300013837;155 656 011;33;0;2;4;16;1
202300013837;155 656 012;32;0;2;1;1;1
202300013838;155 656 009;1;0;2;3;1;5
202300013838;155 656 010;7;0;2;2;12;1
202300013839;155 656 007;7;0;2;6;11;1
202300013839;155 656 008;33;0;2;0;0;1
202300013840;155 656 005;7;0;2;3;1;1
202300013840;155 656 006;30;0;2;2;17;1
202300013841;155 656 004;7;0;0;1;1;1
202300013842;155 656 003;80;1;0;1;14;3
202300013843;155 656 001;7;0;2;1;2;1
202300013843;155 656 002;7;0;2;4;2;1
202300013844;155 656 000;7;14;0;8;13;1
202300013845;155 655 998;1;0;2;8;1;5
202300013845;155 655 999;7;0;2;2;15;0
202300013846;155 655 997;7;6;0;1;1;1
202300013847;155 655 996;7;0;1;1;2;1
202300013848;155 655 991;7;0;2;1;5;1
202300013848;155 655 992;2;0;2;1;15;1
202300013849;155 655 989;7;0;2;1;1;1
202300013849;155 655 990;7;0;2;1;15;1
202300013850;155 655 987;80;0;2;1;1;3
202300013850;155 655 988;7;0;2;7;1;1
202300013851;155 655 985;32;0;2;1;1;1
202300013851;155 655 986;7;0;2;0;0;1
202300013852;155 655 983;31;0;2;1;1;1
202300013852;155 655 984;7;0;2;2;15;1
202300013853;155 655 981;7;0;2;4;1;1
202300013853;155 655 982;7;0;2;1;1;1
202300013854;155 655 979;33;13;2;1;1;1
202300013854;155 655 980;7;0;2;3;1;1
202300013855;155 655 977;33;0;2;1;1;1
202300013855;155 655 978;7;0;2;2;1;1
202300013856;155 655 976;7;0;1;1;1;1
202300013857;155 655 974;7;0;2;2;1;1
202300013857;155 655 975;31;0;2;1;1;1
202300013858;155 655 972;2;0;2;1;1;0
202300013858;155 655 973;7;0;0;0;0;1
202300013859;155 655 971;7;0;1;4;4;1
202300013860;155 655 968;10;0;2;4;9;0
202300013860;155 655 969;33;0;2;1;1;1
202300013861;155 655 966;31;0;2;6;11;1
202300013861;155 655 967;7;0;2;2;1;1
202300013862;155 655 963;10;0;2;3;1;1
202300013862;155 655 964;1;0;2;8;1;5
202300013862;155 655 965;7;0;2;2;15;1
202300013863;155 655 962;37;0;1;2;16;2
202300013864;155 655 961;1;0;0;0;2;5
202300013865;155 655 959;7;0;0;7;16;1
202300013865;155 655 960;1;0;2;1;1;5
202300013866;155 655 957;1;0;2;8;1;5
202300013866;155 655 958;80;0;2;7;17;3
202300013867;155 655 955;50;0;2;1;17;3
202300013867;155 655 956;34;0;2;3;11;1
202300013868;155 655 954;7;0;1;4;4;1
202300013869;155 655 953;7;4;0;1;14;1
202300013870;155 655 951;1;0;2;8;11;5
202300013870;155 655 952;37;0;2;7;7;1
202300013871;155 655 949;7;0;2;2;16;3
202300013871;155 655 950;1;0;2;1;1;5
202300013872;155 655 948;50;0;1;1;1;3
202300013873;155 655 946;7;0;2;1;2;1
202300013873;155 655 947;7;0;2;4;2;1
202300013874;155 655 945;33;0;0;1;1;1
202300013875;155 655 944;7;0;1;2;1;1
202300013876;155 655 941;32;0;2;3;18;1
202300013876;155 655 942;7;1;0;7;0;1
202300013876;155 655 943;7;1;0;2;16;1
202300013877;155 655 939;0;0;2;2;2;6
202300013877;155 655 940;42;0;2;3;1;1
202300013878;155 655 937;7;0;2;3;9;1
202300013878;155 655 938;7;0;2;2;1;1
202300013879;155 655 934;1;0;2;7;3;5
202300013879;155 655 935;10;0;0;5;1;1
202300013879;155 655 936;7;0;0;3;1;0
202300013880;155 655 932;32;0;2;1;2;1
202300013880;155 655 933;60;0;0;2;19;5
202300013881;155 655 930;33;0;2;1;1;1
202300013881;155 655 931;2;0;1;5;0;1
202300013882;155 655 928;80;0;0;8;1;3
202300013882;155 655 929;7;0;2;2;26;3
202300013883;155 655 926;7;0;2;5;9;1
202300013883;155 655 927;1;0;2;7;1;5
202300013884;155 655 924;7;0;2;5;1;1
202300013884;155 655 925;7;0;2;1;1;1
202300013885;155 655 923;33;0;1;1;2;1
202300013886;155 655 921;33;8;0;9;17;1
202300013886;155 655 922;7;0;2;7;1;1
202300013887;155 655 919;7;0;2;1;15;1
202300013887;155 655 920;32;0;2;0;17;1
202300013888;155 655 917;33;0;2;1;2;1
202300013888;155 655 918;30;0;2;4;2;1
202300013889;155 655 915;33;0;2;3;1;1
202300013889;155 655 916;50;0;2;1;13;3
202300013890;155 655 913;33;0;2;2;17;1
202300013890;155 655 914;10;0;2;3;13;1
202300013891;155 655 912;7;0;1;6;4;2
202300013892;155 655 910;7;0;2;4;23;1
202300013892;155 655 911;7;0;2;1;1;0
202300013893;155 655 909;50;0;0;9;1;3
202300013894;155 655 908;37;0;1;2;1;1
202300013895;155 655 904;2;0;2;8;23;1
202300013895;155 655 905;10;0;2;2;1;1
202300013895;155 655 906;10;0;2;6;23;1
202300013895;155 655 907;10;0;2;5;23;1
202300013896;155 655 902;10;0;2;6;4;1
202300013896;155 655 903;1;0;2;1;23;5
202300013897;155 655 901;7;7;0;2;14;1
202300013898;155 655 899;7;0;2;2;16;1
202300013898;155 655 900;43;0;2;6;1;1
202300013899;155 655 898;33;0;2;7;1;1
202300013900;155 655 896;33;0;0;7;1;1
202300013901;155 655 895;7;0;2;4;1;1
202300013901;155 655 897;7;0;2;1;1;1
202300013902;155 655 894;33;0;9;7;1;1
202300013903;155 655 893;33;0;0;3;0;1
202300013904;155 655 892;80;0;1;1;1;3
202300013905;155 655 889;7;0;2;1;1;1
202300013905;155 655 891;7;1;0;1;17;1
202300013906;155 655 888;7;0;2;1;2;1
202300013906;155 655 890;7;0;2;4;2;1
202300013907;155 655 885;7;0;1;7;1;2
202300013908;155 655 882;34;14;0;8;1;0
202300013909;155 655 881;50;0;2;6;2;3
202300013909;155 655 883;50;0;2;7;2;3
202300013910;155 655 878;1;0;2;4;11;5
202300013910;155 655 880;1;0;2;1;17;5
202300013911;155 655 877;7;0;2;1;15;1
202300013911;155 655 879;7;0;2;3;1;1
202300013912;155 655 874;7;0;2;4;16;2
202300013912;155 655 876;7;0;2;4;1;0
202300013913;155 655 873;99;0;0;7;15;1
202300013913;155 655 875;33;0;9;1;1;1
202300013914;155 655 872;10;2;0;3;13;1
202300013915;155 655 870;7;0;2;1;5;1
202300013915;155 655 871;7;0;2;2;1;2
202300013916;155 655 868;7;4;0;4;23;1
202300013916;155 655 869;7;4;2;1;11;1
202300013917;155 655 866;50;0;2;1;1;3
202300013917;155 655 867;1;0;2;2;15;5
202300013918;155 655 865;7;9;0;0;16;1
202300013919;155 655 861;10;0;2;7;23;1
202300013919;155 655 863;33;0;2;4;23;1
202300013919;155 655 864;33;0;2;1;2;1
202300013920;155 655 860;7;6;2;1;17;1
202300013920;155 655 862;7;0;2;0;15;1
202300013921;155 655 858;7;0;2;3;1;1
202300013921;155 655 859;10;0;2;2;17;2
202300013922;155 655 857;1;6;0;2;1;5
202300013923;155 655 855;7;6;0;1;1;1
202300013924;155 655 854;1;0;2;1;13;5
202300013924;155 655 856;1;0;2;1;1;5
202300013925;155 655 850;7;0;2;1;13;1
202300013925;155 655 852;7;13;2;1;1;1
202300013926;155 655 851;10;0;2;0;14;1
202300013926;155 655 853;80;0;2;0;1;3
202300013927;155 655 849;7;2;0;1;5;1
202300013928;155 655 848;50;0;1;1;1;3
202300013929;155 655 845;7;0;2;1;1;1
202300013929;155 655 847;7;0;2;3;15;1
202300013930;155 655 844;7;0;9;1;1;0
202300013930;155 655 846;7;0;2;4;1;0
202300013931;155 655 841;7;1;2;3;15;1
202300013931;155 655 843;43;0;2;1;1;1
202300013932;155 655 840;2;0;2;7;17;1
202300013932;155 655 842;7;0;2;8;15;1
202300013933;155 655 839;7;2;0;1;13;1
202300013934;155 655 837;50;0;2;1;2;3
202300013934;155 655 838;7;0;2;2;16;1
202300013935;155 655 836;7;0;1;1;1;1
202300013936;155 655 832;7;0;2;1;2;1
202300013936;155 655 834;30;0;2;4;23;1
202300013936;155 655 835;7;0;2;4;23;1
202300013937;155 655 829;2;0;2;3;13;1
202300013937;155 655 831;7;0;2;8;1;1
202300013937;155 655 833;7;0;2;8;1;1
202300013938;155 655 828;10;0;2;7;15;0
202300013938;155 655 830;34;0;2;1;1;0
202300013939;155 655 827;7;2;0;1;6;1
202300013940;155 655 824;17;16;0;8;1;1
202300013941;155 655 823;7;0;2;3;11;1
202300013941;155 655 825;33;0;2;7;3;1
202300013941;155 655 826;7;0;2;3;2;1
202300013942;155 655 820;1;0;2;0;1;5
202300013942;155 655 821;1;0;2;0;0;5
202300013943;155 655 818;33;0;2;7;17;1
202300013943;155 655 819;7;0;2;8;15;1
202300013944;155 655 816;37;0;2;2;26;0
202300013944;155 655 817;7;0;2;7;0;1
202300013945;155 655 814;10;0;2;4;20;1
202300013945;155 655 815;1;0;2;1;2;5
202300013946;155 655 813;7;0;1;2;2;1
202300013947;155 655 812;33;7;0;0;1;0
202300013948;155 655 809;43;0;2;1;3;1
202300013948;155 655 811;10;0;2;2;15;1
202300013949;155 655 808;33;0;2;1;17;1
202300013949;155 655 810;7;0;2;3;15;1
202300013950;155 655 805;7;0;0;7;21;1
202300013951;155 655 806;7;0;2;8;15;1
202300013951;155 655 807;33;0;2;7;1;1
202300013952;155 655 804;21;0;0;0;15;1
202300013953;155 655 803;7;0;1;2;1;1
202300013954;155 655 802;7;16;0;9;1;1
202300013955;155 655 800;7;8;2;3;15;1
202300013955;155 655 801;1;8;2;1;16;5
202300013956;155 655 798;33;0;2;2;17;1
202300013956;155 655 799;7;0;2;8;15;1
202300013957;155 655 796;13;0;2;2;1;1
202300013957;155 655 797;1;0;2;8;10;5
202300013958;155 655 794;7;0;2;3;1;1
202300013958;155 655 795;30;0;2;1;0;1
202300013959;155 655 793;7;0;1;3;1;1
202300013960;155 655 791;2;0;2;1;13;1
202300013960;155 655 792;21;0;2;6;1;1
202300013961;155 655 788;7;0;2;2;13;1
202300013961;155 655 789;7;0;0;6;0;1
202300013962;155 655 786;7;6;0;3;17;1
202300013963;155 655 785;1;0;0;0;15;5
202300013963;155 655 787;50;0;0;0;2;3
202300013964;155 655 784;50;0;0;1;0;3
202300013965;155 655 783;7;3;0;7;1;1
202300013966;155 655 782;7;3;0;2;1;0
202300013967;155 655 780;2;0;2;1;21;3
202300013967;155 655 781;7;0;2;8;15;1
202300013968;155 655 778;7;1;0;3;26;1
202300013968;155 655 779;30;0;2;5;24;1
202300013969;155 655 776;10;0;2;3;1;1
202300013969;155 655 777;2;0;2;2;1;1
202300013970;155 655 775;13;0;1;2;1;1
202300013971;155 655 774;40;0;1;7;26;3
202300013972;155 655 773;7;0;1;1;1;1
202300013973;155 655 772;7;2;0;0;0;1
202300013974;155 655 769;7;0;2;3;15;1
202300013974;155 655 771;33;0;2;3;15;1
202300013975;155 655 767;7;0;2;3;1;1
202300013975;155 655 768;7;0;2;1;1;1
202300013975;155 655 770;7;0;2;3;24;1
202300013976;155 655 765;60;0;2;5;19;5
202300013976;155 655 766;7;0;2;2;1;1
202300013977;155 655 763;7;3;2;3;1;1
202300013977;155 655 764;7;3;2;3;1;1
202300013978;155 655 762;50;0;1;1;1;3
202300013979;155 655 760;7;0;2;8;1;1
202300013979;155 655 761;1;0;2;3;1;5
202300013980;155 655 758;7;0;2;5;11;1
202300013980;155 655 759;33;0;2;1;2;1
202300013981;155 655 756;33;0;2;3;26;1
202300013981;155 655 757;7;0;2;3;2;1
202300013982;155 655 755;7;0;1;0;1;3
202300013983;155 655 754;7;0;0;1;0;1
202300013984;155 655 752;7;0;2;2;2;2
202300013984;155 655 753;50;0;0;6;2;3
202300013985;155 655 751;7;2;0;7;1;1
202300013986;155 655 749;2;0;0;0;1;1
202300013987;155 655 748;7;0;2;3;1;1
202300013987;155 655 750;7;0;2;6;15;2
202300013988;155 655 747;1;5;0;2;1;5
202300013989;155 655 744;17;0;2;1;1;1
202300013989;155 655 746;10;0;2;1;19;1
202300013990;155 655 743;7;0;2;5;15;1
202300013990;155 655 745;7;0;2;2;1;1
202300013991;155 655 740;2;0;2;1;13;1
202300013991;155 655 742;7;0;2;3;1;1
202300013992;155 655 739;33;0;2;1;1;0
202300013992;155 655 741;7;8;2;2;10;1
202300013993;155 655 738;31;0;0;7;0;1
202300013994;155 655 736;7;13;0;0;1;0
202300013995;155 655 735;7;0;2;3;15;1
202300013995;155 655 737;33;0;2;8;1;1
202300013996;155 655 734;7;15;0;6;1;2
202300013997;155 655 732;7;1;0;2;14;1
202300013997;155 655 733;7;0;0;2;24;1
202300013998;155 655 731;33;12;0;2;1;1
202300013999;155 655 730;7;2;0;2;0;1
202300014000;155 655 728;33;0;2;2;26;1
202300014000;155 655 729;7;0;2;2;15;1
202300014001;155 655 727;7;6;0;1;1;1
202300014002;155 655 724;2;0;0;7;2;1
202300014003;155 655 722;7;2;0;1;13;1
202300014004;155 655 723;7;0;2;2;15;1
202300014004;155 655 725;50;0;2;1;1;3
202300014005;155 655 720;7;0;0;1;17;1
202300014006;155 655 717;7;0;2;1;13;1
202300014006;155 655 719;7;0;2;1;1;1
202300014007;155 655 718;10;0;1;9;2;1
202300014007;155 655 721;7;0;2;1;2;1
202300014008;155 655 715;7;0;2;3;5;1
202300014008;155 655 716;1;0;2;1;1;5
202300014009;155 655 713;7;4;0;1;1;1
202300014010;155 655 712;33;0;2;1;5;1
202300014010;155 655 714;7;0;2;2;5;1
202300014011;155 655 710;33;0;2;2;3;1
202300014011;155 655 711;7;0;2;6;11;1
202300014012;155 655 706;7;0;2;1;2;1
202300014012;155 655 709;7;0;2;4;2;0
202300014013;155 655 704;7;0;2;3;1;1
202300014013;155 655 708;2;0;2;0;0;0
202300014014;155 655 703;33;0;2;3;13;1
202300014014;155 655 707;7;13;2;3;1;0