Num_Acc;id_vehicule;categorie_vehicule;obstacle_fixe;obstacle_mobile;point_choc_initial;manoeuvre_principale;motorisation
202300014015;155 655 702;50;0;2;1;5;3
202300014015;155 655 705;7;0;9;2;1;1
202300014016;155 655 700;2;8;0;1;14;1
202300014017;155 655 699;7;4;0;1;13;1
202300014018;155 655 698;7;0;2;4;1;3
202300014018;155 655 701;7;0;2;2;1;1
202300014019;155 655 695;21;0;2;3;1;1
202300014019;155 655 697;7;0;2;3;1;1
202300014020;155 655 692;7;0;2;4;1;1
202300014020;155 655 694;7;0;2;1;1;1
202300014021;155 655 691;7;0;2;4;15;1
202300014021;155 655 693;30;0;2;1;1;1
202300014022;155 655 689;7;0;2;1;13;1
202300014022;155 655 690;7;0;2;1;1;1
202300014023;155 655 687;7;3;0;9;1;1
202300014024;155 655 684;7;0;2;1;16;1
202300014024;155 655 686;80;0;2;8;1;3
202300014025;155 655 685;7;0;2;1;19;1
202300014025;155 655 688;7;0;2;1;1;1
202300014026;155 655 681;7;0;2;3;1;1
202300014026;155 655 683;7;0;2;3;1;1
202300014027;155 655 682;7;3;0;9;0;1
202300014028;155 655 679;7;0;1;1;1;1
202300014029;155 655 680;7;6;0;2;1;1
202300014030;155 655 677;7;3;0;1;1;1
202300014031;155 655 673;7;0;2;3;1;1
202300014031;155 655 678;7;0;2;3;13;1
202300014032;155 655 671;7;4;0;1;1;1
202300014033;155 655 672;7;0;2;3;13;1
202300014033;155 655 675;21;0;2;8;1;1
202300014034;155 655 667;7;4;0;1;1;1
202300014035;155 655 668;31;0;2;1;13;1
202300014035;155 655 670;7;0;2;6;15;1
202300014036;155 655 666;7;0;1;2;0;1
202300014037;155 655 665;7;0;2;1;13;1
202300014037;155 655 669;7;2;2;1;1;1
202300014038;155 655 662;7;0;2;3;1;1
202300014038;155 655 664;33;11;2;6;13;1
202300014039;155 655 659;7;0;2;3;13;1
202300014039;155 655 661;7;0;2;3;1;1
202300014040;155 655 658;99;0;2;0;0;0
202300014040;155 655 663;7;0;9;5;1;1
202300014041;155 655 657;7;0;2;1;1;0
202300014041;155 655 660;7;0;2;3;13;1
202300014042;155 655 656;7;13;0;3;1;1
202300014043;155 655 655;7;2;0;3;0;1
202300014044;155 655 653;7;0;2;1;1;1
202300014044;155 655 654;7;0;2;1;13;1
202300014045;155 655 652;2;6;0;1;19;1
202300014046;155 655 651;7;2;0;7;1;1
202300014047;155 655 649;7;6;0;1;1;1
202300014048;155 655 647;2;0;2;1;0;1
202300014048;155 655 650;7;0;2;2;19;1
202300014049;155 655 646;7;2;0;1;1;1
202300014050;155 655 645;7;0;2;5;15;1
202300014050;155 655 648;33;0;2;1;1;1
202300014051;155 655 644;10;0;1;2;1;1
202300014052;155 655 642;7;8;0;1;1;1
202300014053;155 655 643;7;2;0;1;13;1
202300014054;155 655 638;7;2;0;2;1;1
202300014055;155 655 640;7;0;2;2;15;1
202300014055;155 655 641;7;8;2;1;1;1
202300014056;155 655 636;31;0;2;1;0;1
202300014056;155 655 639;2;0;2;1;0;1
202300014057;155 655 634;7;16;0;1;1;1
202300014058;155 655 635;7;0;2;2;15;1
202300014058;155 655 637;33;0;2;1;1;1
202300014059;155 655 633;7;0;0;1;0;1
202300014060;155 655 632;10;14;1;3;1;1
202300014061;155 655 631;7;0;0;1;1;1
202300014062;155 655 630;3;0;1;1;1;1
202300014063;155 655 629;3;2;0;1;0;1
202300014064;155 655 625;10;0;2;7;15;1
202300014064;155 655 628;30;0;2;1;1;1
202300014065;155 655 622;7;0;2;3;15;1
202300014065;155 655 627;7;0;0;2;1;1
202300014066;155 655 623;30;0;2;0;0;1
202300014066;155 655 626;7;0;2;0;0;2
202300014067;155 655 621;7;0;0;1;0;1
202300014068;155 655 620;7;13;0;2;1;1
202300014069;155 655 618;7;2;0;9;13;1
202300014070;155 655 617;10;0;2;7;14;1
202300014070;155 655 619;43;0;2;8;1;1
202300014071;155 655 615;7;13;2;3;1;1
202300014071;155 655 616;7;13;2;6;21;1
202300014072;155 655 612;7;0;2;3;5;2
202300014072;155 655 614;7;0;2;3;1;1
202300014073;155 655 613;7;13;0;2;0;1
202300014074;155 655 611;7;2;0;8;26;1
202300014075;155 655 607;7;0;2;8;13;1
202300014075;155 655 609;7;0;2;8;1;1
202300014076;155 655 608;33;16;0;1;1;1
202300014077;155 655 605;7;0;2;6;16;1
202300014077;155 655 610;7;0;2;6;19;1
202300014078;155 655 604;50;0;2;0;0;3
202300014078;155 655 606;7;0;2;0;0;1
202300014079;155 655 603;33;6;0;2;3;1
202300014080;155 655 598;2;0;2;1;1;1
202300014080;155 655 602;7;0;2;1;15;1
202300014081;155 655 597;7;0;2;1;17;1
202300014081;155 655 600;7;0;2;4;15;1
202300014082;155 655 595;7;0;2;1;11;1
202300014082;155 655 596;7;0;2;1;1;1
202300014083;155 655 594;7;2;0;1;17;1
202300014084;155 655 592;7;1;0;1;26;1
202300014085;155 655 591;7;1;0;3;13;1
202300014085;155 655 593;17;0;0;7;24;1
202300014086;155 655 588;7;2;0;8;1;0
202300014087;155 655 589;7;0;2;3;13;1
202300014087;155 655 590;15;0;2;3;1;1
202300014088;155 655 583;36;6;0;1;1;1
202300014089;155 655 582;33;0;2;1;17;1
202300014089;155 655 585;7;0;2;8;15;1
202300014090;155 655 579;31;0;0;0;0;1
202300014090;155 655 581;13;0;2;0;1;1
202300014090;155 655 584;7;0;0;0;1;0
202300014091;155 655 580;7;0;1;2;1;1
202300014092;155 655 576;33;0;2;1;1;1
202300014092;155 655 578;7;0;2;7;15;1
202300014093;155 655 573;33;2;0;1;15;1
202300014094;155 655 570;33;0;0;3;1;1
202300014094;155 655 574;10;0;0;3;1;1
202300014095;155 655 571;7;2;0;3;26;1
202300014096;155 655 572;7;3;2;1;1;1
202300014096;155 655 575;10;0;2;3;26;1
202300014097;155 655 568;33;13;0;2;1;1
202300014098;155 655 567;7;0;1;3;26;1
202300014099;155 655 566;7;0;2;1;5;1
202300014099;155 655 569;13;0;2;1;1;1
202300014100;155 655 563;7;0;5;9;21;1
202300014101;155 655 561;7;0;2;1;13;6
202300014101;155 655 564;15;0;2;1;1;1
202300014102;155 655 562;13;0;2;2;2;1
202300014102;155 655 565;7;12;2;3;9;1
202300014103;155 655 556;7;3;2;1;2;1
202300014103;155 655 559;33;13;2;4;2;1
202300014103;155 655 560;10;0;2;3;2;1
202300014104;155 655 554;7;0;2;1;1;1
202300014104;155 655 557;7;0;2;8;15;1
202300014105;155 655 553;33;0;2;1;12;1
202300014105;155 655 558;7;0;2;5;1;2
202300014106;155 655 552;7;0;0;4;23;1
202300014106;155 655 555;3;0;0;1;2;1
202300014107;155 655 550;33;3;0;8;26;1
202300014108;155 655 548;10;6;2;8;1;1
202300014108;155 655 551;7;0;2;1;9;1
202300014109;155 655 547;32;12;0;1;1;1
202300014110;155 655 546;14;0;2;8;13;1
202300014110;155 655 549;7;3;2;2;1;2
202300014111;155 655 541;7;0;2;1;0;1
202300014111;155 655 544;7;0;2;1;0;1
202300014112;155 655 537;7;0;2;2;17;1
202300014112;155 655 540;7;0;2;3;1;1
202300014112;155 655 545;7;0;2;2;17;2
202300014113;155 655 539;80;0;2;1;1;3
202300014113;155 655 543;14;0;2;3;15;6
202300014114;155 655 536;1;13;0;0;1;5
202300014115;155 655 534;7;0;0;0;1;0
202300014116;155 655 533;7;0;2;1;19;1
202300014116;155 655 535;1;0;2;6;1;5
202300014117;155 655 532;7;0;1;1;1;1
202300014118;155 655 531;7;14;0;1;1;0
202300014119;155 655 530;33;0;0;0;1;1
202300014120;155 655 528;33;0;0;8;1;1
202300014121;155 655 527;1;0;0;8;2;5
202300014121;155 655 529;7;0;9;2;2;1
202300014122;155 655 524;7;0;2;8;13;1
202300014122;155 655 526;33;0;2;0;1;1
202300014123;155 655 523;33;13;0;7;16;1
202300014124;155 655 521;7;0;0;3;10;1
202300014124;155 655 525;33;0;2;1;17;1
202300014125;155 655 520;10;0;2;1;1;1
202300014125;155 655 522;2;0;2;2;19;1
202300014126;155 655 517;7;6;0;2;17;1
202300014127;155 655 518;14;0;2;4;24;1
202300014127;155 655 519;37;1;2;1;21;1
202300014128;155 655 516;32;0;1;1;1;1
202300014129;155 655 514;7;3;0;1;1;1
202300014130;155 655 513;7;0;0;3;15;0
202300014130;155 655 515;33;0;2;1;17;0
202300014131;155 655 509;7;0;2;1;15;1
202300014131;155 655 512;80;0;2;2;1;3
202300014132;155 655 508;33;0;2;1;2;1
202300014132;155 655 511;7;0;0;4;2;1
202300014133;155 655 506;37;0;0;3;1;1
202300014133;155 655 510;7;0;2;3;1;1
202300014134;155 655 505;7;0;0;3;1;1
202300014134;155 655 507;7;0;0;3;2;1
202300014135;155 655 504;32;0;1;3;21;1
202300014136;155 655 503;33;16;1;1;2;1
202300014137;155 655 501;7;0;9;1;1;1
202300014137;155 655 502;1;0;2;5;19;5
202300014138;155 655 498;7;0;2;3;10;0
202300014138;155 655 500;2;0;2;1;1;1
202300014139;155 655 494;7;0;2;6;1;1
202300014139;155 655 497;7;0;2;5;15;1
202300014139;155 655 499;7;0;2;2;1;1
202300014140;155 655 493;7;0;2;2;1;1
202300014140;155 655 495;2;13;2;4;1;1
202300014141;155 655 492;32;0;9;2;1;1
202300014142;155 655 490;7;13;0;2;1;1
202300014143;155 655 488;7;2;0;1;1;1
202300014144;155 655 489;7;0;2;2;1;0
202300014144;155 655 491;1;0;2;8;1;5
202300014145;155 655 484;7;6;0;3;2;1
202300014146;155 655 485;1;0;2;1;1;5
202300014146;155 655 487;7;0;2;2;9;3
202300014147;155 655 482;7;0;9;3;9;1
202300014147;155 655 486;1;0;2;7;0;5
202300014148;155 655 481;7;13;2;3;13;0
202300014148;155 655 483;7;16;2;3;1;0
202300014149;155 655 478;7;0;2;3;13;1
202300014149;155 655 479;7;0;2;7;1;1
202300014150;155 655 475;7;0;0;3;16;1
202300014150;155 655 480;7;0;0;3;1;0
202300014151;155 655 474;7;0;2;2;15;1
202300014151;155 655 477;7;0;2;3;1;1
202300014152;155 655 473;7;0;2;7;17;1
202300014152;155 655 476;33;0;2;0;1;1
202300014153;155 655 469;2;0;0;0;1;1
202300014154;155 655 468;33;13;0;2;0;1
202300014154;155 655 471;7;0;0;3;15;1
202300014155;155 655 470;10;0;2;1;15;1
202300014155;155 655 472;2;0;2;3;1;1
202300014156;155 655 467;31;0;0;0;1;1
202300014157;155 655 466;7;4;0;8;17;1
202300014158;155 655 465;7;0;1;2;1;1
202300014159;155 655 463;1;8;2;4;2;5
202300014159;155 655 464;1;0;2;1;2;5
202300014160;155 655 460;7;0;2;3;10;1
202300014160;155 655 462;2;0;2;1;1;1
202300014161;155 655 459;50;0;2;1;1;3
202300014161;155 655 461;7;0;0;0;1;0
202300014162;155 655 456;10;0;2;1;1;1
202300014162;155 655 458;7;0;2;7;1;1
202300014163;155 655 455;10;0;2;4;23;1
202300014163;155 655 457;10;0;2;0;1;1
202300014164;155 655 452;7;0;2;3;9;1
202300014164;155 655 453;33;0;2;1;1;1
202300014165;155 655 451;33;0;2;1;17;1
202300014165;155 655 454;7;0;2;2;9;2
202300014166;155 655 448;7;0;2;4;1;1
202300014166;155 655 450;7;0;0;0;0;1
202300014167;155 655 449;34;0;0;0;21;1
202300014168;155 655 446;33;0;0;8;1;1
202300014169;155 655 445;31;0;2;3;0;1
202300014169;155 655 447;10;0;2;7;17;1
202300014170;155 655 443;31;4;0;0;1;1
202300014171;155 655 442;43;0;2;2;3;1
202300014171;155 655 444;7;0;2;5;13;1
202300014172;155 655 438;15;0;2;6;1;1
202300014172;155 655 441;7;0;2;5;14;1
202300014173;155 655 437;7;0;2;1;5;1
202300014173;155 655 439;7;0;2;1;1;1
202300014174;155 655 436;1;0;0;0;1;5
202300014175;155 655 435;33;2;0;1;17;1
202300014176;155 655 434;7;13;0;3;17;1
202300014177;155 655 432;1;0;0;0;19;5
202300014178;155 655 431;7;0;0;0;0;0
202300014179;155 655 430;7;0;2;5;12;1
202300014179;155 655 433;33;0;2;3;3;1
202300014180;155 655 428;7;0;2;1;21;1
202300014180;155 655 429;7;0;2;2;19;1
202300014181;155 655 427;1;13;0;0;1;5
202300014182;155 655 424;50;0;2;1;13;3
202300014182;155 655 426;1;0;2;1;1;5
202300014183;155 655 423;7;0;2;2;18;1
202300014183;155 655 425;7;0;2;6;1;1
202300014184;155 655 420;10;0;2;2;11;1
202300014184;155 655 422;7;0;2;1;16;1
202300014185;155 655 419;1;0;2;1;13;5
202300014185;155 655 421;7;0;9;3;1;2
202300014186;155 655 414;33;0;0;1;1;1
202300014187;155 655 417;10;0;2;2;15;1
202300014187;155 655 418;33;0;2;6;1;1
202300014188;155 655 412;7;0;2;1;9;1
202300014188;155 655 415;7;0;2;4;9;1
202300014189;155 655 406;33;0;2;7;17;1
202300014189;155 655 408;17;0;0;4;23;1
202300014189;155 655 411;7;0;2;9;23;1
202300014189;155 655 413;99;0;2;1;2;1
202300014189;155 655 416;21;0;2;8;15;1
202300014190;155 655 407;50;0;2;2;1;3
202300014190;155 655 409;7;0;2;1;1;2
202300014191;155 655 403;7;0;2;1;17;1
202300014191;155 655 405;32;0;2;1;1;1
202300014192;155 655 402;7;0;2;1;1;1
202300014192;155 655 404;7;0;2;4;1;1
202300014193;155 655 397;7;0;2;1;9;3
202300014193;155 655 399;7;1;0;8;1;1
202300014193;155 655 401;7;0;0;3;23;1
202300014194;155 655 400;10;0;1;3;16;1
202300014195;155 655 395;7;3;2;1;2;1
202300014195;155 655 396;7;3;2;4;1;1
202300014196;155 655 391;7;0;2;1;26;1
202300014196;155 655 392;7;0;2;1;0;1
202300014197;155 655 389;7;0;1;2;1;1
202300014198;155 655 386;7;0;2;0;0;1
202300014198;155 655 388;7;0;2;1;2;1
202300014198;155 655 390;7;0;2;4;1;1
202300014199;155 655 384;33;13;2;7;17;1
202300014199;155 655 385;7;0;2;8;1;1
202300014200;155 655 379;7;0;0;4;2;1
202300014200;155 655 382;7;0;2;1;2;1
202300014201;155 655 380;1;0;2;1;15;5
202300014201;155 655 383;1;0;2;1;1;5
202300014202;155 655 378;7;0;2;1;2;1
202300014202;155 655 381;7;0;2;4;2;1
202300014203;155 655 376;35;0;2;2;15;1
202300014203;155 655 377;7;0;2;1;1;1
202300014204;155 655 374;33;0;0;8;21;1
202300014205;155 655 373;1;0;1;1;1;5
202300014206;155 655 371;7;0;2;2;2;1
202300014206;155 655 375;7;0;2;6;2;1
202300014207;155 655 370;7;0;2;4;23;1
202300014207;155 655 372;1;0;2;1;2;5
202300014208;155 655 366;33;0;0;0;1;1
202300014209;155 655 368;33;0;0;0;21;1
202300014210;155 655 364;7;0;2;6;11;1
202300014210;155 655 367;33;0;2;2;3;1
202300014210;155 655 369;7;0;2;8;1;1
202300014211;155 655 365;7;0;1;1;9;1
202300014212;155 655 363;7;4;0;1;1;1
202300014213;155 655 362;33;7;0;1;6;1
202300014214;155 655 360;10;13;0;1;15;1
202300014215;155 655 357;7;2;0;8;1;1
202300014216;155 655 359;7;0;2;2;1;1
202300014216;155 655 361;2;0;0;8;13;1
202300014217;155 655 358;34;0;0;8;26;1
202300014218;155 655 355;33;13;0;1;13;1
202300014219;155 655 353;7;4;0;8;13;1
202300014220;155 655 352;2;0;2;1;1;1
202300014220;155 655 356;7;0;2;3;16;1
202300014221;155 655 351;34;1;2;2;26;1
202300014221;155 655 354;7;1;2;2;1;1
202300014222;155 655 347;15;0;2;1;2;1
202300014222;155 655 349;14;0;0;4;2;1
202300014223;155 655 345;16;0;0;8;15;1
202300014223;155 655 348;2;0;2;1;17;1
202300014224;155 655 344;7;0;2;1;1;1
202300014224;155 655 350;7;0;2;6;19;1
202300014225;155 655 343;32;0;2;1;7;1
202300014225;155 655 346;7;0;2;5;16;1
202300014226;155 655 335;7;0;2;4;2;1
202300014226;155 655 340;3;0;2;9;2;1
202300014226;155 655 342;7;0;2;1;2;1
202300014227;155 655 338;33;14;0;1;6;1
202300014228;155 655 333;7;0;2;4;1;1
202300014228;155 655 336;7;0;2;5;23;1
202300014228;155 655 341;7;0;2;1;12;1
202300014229;155 655 331;1;0;2;4;1;5
202300014229;155 655 332;1;0;2;4;1;5
202300014229;155 655 334;7;1;9;1;1;1
202300014229;155 655 337;1;0;2;4;1;5
202300014229;155 655 339;1;0;2;4;1;5
202300014230;155 655 330;7;2;0;2;0;1
202300014231;155 655 328;7;0;1;4;20;0
202300014232;155 655 327;7;0;2;2;2;1
202300014232;155 655 329;14;0;2;6;1;1
202300014233;155 655 325;80;0;0;0;0;3
202300014234;155 655 324;7;0;2;3;13;1
202300014234;155 655 326;34;0;2;1;1;1
202300014235;155 655 323;32;0;0;0;26;1
202300014236;155 655 321;33;0;2;1;1;1
202300014236;155 655 322;7;0;2;5;12;1
202300014237;155 655 320;7;0;1;1;1;1
202300014238;155 655 317;33;0;2;1;17;1
202300014238;155 655 318;7;0;2;8;19;1
202300014239;155 655 316;7;2;2;1;2;1
202300014239;155 655 319;7;0;2;4;2;1
202300014240;155 655 314;7;13;0;2;1;1
202300014241;155 655 311;7;1;2;2;11;1
202300014241;155 655 313;13;1;0;1;2;1
202300014241;155 655 315;7;3;2;1;23;1
202300014242;155 655 308;7;0;2;5;15;1
202300014242;155 655 310;33;0;2;1;1;1
202300014243;155 655 307;7;0;2;6;9;0
202300014243;155 655 312;7;0;2;1;9;0
202300014244;155 655 306;7;0;2;5;15;1
202300014244;155 655 309;33;0;2;1;1;1
202300014245;155 655 304;30;0;2;1;17;1
202300014245;155 655 305;7;0;2;8;10;1
202300014246;155 655 303;7;4;0;0;0;1
202300014247;155 655 300;7;0;2;1;1;1
202300014247;155 655 302;7;0;2;3;9;1
202300014248;155 655 299;33;0;2;1;17;1
202300014248;155 655 301;7;0;2;8;10;1
202300014249;155 655 296;7;0;2;8;2;1
202300014249;155 655 298;10;6;0;0;2;1
202300014250;155 655 293;7;0;2;4;1;1
202300014250;155 655 295;7;0;2;1;1;1
202300014250;155 655 297;10;0;2;1;1;1
202300014251;155 655 291;10;6;0;8;1;1
202300014252;155 655 290;7;0;2;8;15;1
202300014252;155 655 294;33;0;2;2;17;1
202300014253;155 655 289;7;0;2;3;1;1
202300014253;155 655 292;60;0;2;1;19;5
202300014254;155 655 288;7;4;0;3;1;1
202300014255;155 655 284;1;0;2;1;1;5
202300014255;155 655 287;1;0;0;4;5;5
202300014256;155 655 282;15;3;2;1;13;1
202300014256;155 655 286;7;3;0;1;1;1
202300014257;155 655 281;33;0;2;1;1;1
202300014257;155 655 285;33;0;2;5;0;1
202300014258;155 655 276;7;0;0;8;15;1
202300014258;155 655 278;33;0;2;1;3;1
202300014259;155 655 280;7;0;2;3;2;1
202300014259;155 655 283;30;0;2;1;15;1
202300014260;155 655 275;32;0;2;1;2;1
202300014260;155 655 277;10;0;2;5;2;1
202300014261;155 655 274;1;0;2;1;15;5
202300014261;155 655 279;32;0;2;1;17;1
202300014262;155 655 270;1;0;2;1;1;5
202300014262;155 655 273;32;0;2;0;1;1
202300014263;155 655 268;7;0;2;1;2;1
202300014263;155 655 272;10;0;2;4;2;1
202300014264;155 655 269;33;0;2;1;21;1
202300014264;155 655 271;7;0;0;6;11;0
202300014265;155 655 266;31;0;2;8;19;1
202300014265;155 655 267;7;0;2;1;1;1
202300014266;155 655 264;33;3;0;0;0;1
202300014267;155 655 263;33;0;1;1;26;0
202300014268;155 655 262;1;0;2;3;15;5
202300014268;155 655 265;7;0;2;2;1;1
202300014269;155 655 260;17;0;0;0;0;1
202300014270;155 655 259;7;0;2;1;15;1
202300014270;155 655 261;10;0;2;1;1;1
202300014271;155 655 257;31;0;1;1;17;1
202300014272;155 655 255;7;4;0;1;13;1
202300014273;155 655 254;10;0;1;1;1;1
202300014274;155 655 253;7;0;0;4;0;1
202300014274;155 655 256;10;0;0;4;0;1
202300014274;155 655 258;14;0;2;1;0;1
202300014275;155 655 252;7;0;2;1;21;3
202300014276;155 655 250;7;0;2;1;1;1
202300014276;155 655 251;7;0;2;4;1;1
202300014277;155 655 246;1;0;2;8;9;5
202300014278;155 655 247;34;0;2;2;15;1
202300014278;155 655 249;7;0;2;3;1;3
202300014279;155 655 243;7;0;2;7;19;1
202300014279;155 655 248;34;0;0;3;1;1
202300014280;155 655 244;10;0;2;1;1;1
202300014280;155 655 245;7;0;2;4;1;1
202300014281;155 655 238;33;0;0;8;3;1
202300014282;155 655 237;10;0;0;0;0;
202300014282;155 655 241;1;0;0;0;26;5
202300014283;155 655 240;7;0;0;2;2;1
202300014283;155 655 242;1;0;2;0;0;5
202300014284;155 655 236;7;0;2;8;2;1
202300014284;155 655 239;15;0;2;2;17;1
202300014285;155 655 232;10;0;2;1;1;1
202300014285;155 655 235;31;0;2;4;1;1
202300014286;155 655 229;2;0;2;1;1;1
202300014286;155 655 234;7;0;2;2;19;1
202300014287;155 655 230;7;0;2;7;15;1
202300014287;155 655 233;32;0;2;1;1;1
202300014288;155 655 226;30;0;0;0;7;1
202300014289;155 655 227;31;0;0;0;26;1
202300014290;155 655 224;7;0;2;1;0;1
202300014290;155 655 231;31;0;2;8;25;1
202300014291;155 655 225;33;0;0;7;3;1
202300014291;155 655 228;7;0;2;8;1;1
202300014292;155 655 222;7;2;0;1;1;1
202300014293;155 655 223;32;0;2;0;1;1
202300014294;155 655 219;7;0;2;2;2;1
202300014294;155 655 221;32;0;2;6;2;1
202300014295;155 655 218;33;4;2;1;3;1
202300014295;155 655 220;7;4;2;8;1;1
202300014296;155 655 216;7;0;2;4;0;0
202300014296;155 655 217;31;0;2;4;23;0
202300014297;155 655 215;33;0;0;9;1;1
202300014298;155 655 212;2;0;2;1;9;1
202300014298;155 655 213;2;0;0;0;21;1
202300014299;155 655 211;32;0;2;7;3;1
202300014299;155 655 214;7;0;2;7;12;1
202300014300;155 655 210;7;4;0;3;0;1
202300014301;155 655 207;7;0;2;1;19;1
202300014301;155 655 208;7;0;2;3;2;1
202300014302;155 655 200;7;0;2;2;15;1
202300014302;155 655 204;32;0;2;1;1;1
202300014303;155 655 201;7;8;0;7;16;1
202300014304;155 655 199;7;0;2;3;11;1
202300014304;155 655 203;7;0;2;7;1;1
202300014304;155 655 206;33;0;2;7;3;1
202300014305;155 655 198;7;0;9;7;1;1
202300014305;155 655 202;7;0;9;8;1;1
202300014305;155 655 205;7;0;2;1;2;1
202300014305;155 655 209;15;0;0;0;2;1
202300014306;155 655 196;7;0;1;1;1;1
202300014307;155 655 194;7;0;2;3;23;1
202300014307;155 655 197;7;16;2;6;2;1
202300014308;155 655 192;33;0;2;1;1;1
202300014308;155 655 195;7;0;2;3;13;1
202300014309;155 655 190;7;3;0;1;1;1
202300014310;155 655 193;7;0;2;7;1;1
202300014311;155 655 188;7;0;2;8;15;0
202300014311;155 655 191;31;0;2;5;3;1
202300014312;155 655 185;7;0;2;2;0;1
202300014312;155 655 189;7;0;2;1;1;1
202300014313;155 655 183;33;6;0;2;2;1
202300014314;155 655 184;7;3;0;1;1;1
202300014315;155 655 186;10;0;2;6;4;1
202300014315;155 655 187;1;0;2;1;1;5
202300014316;155 655 180;7;2;0;1;1;1
202300014317;155 655 182;3;0;1;1;11;1
202300014318;155 655 179;7;0;2;1;26;1
202300014318;155 655 181;7;0;2;4;26;1
202300014319;155 655 178;30;0;1;1;1;3
202300014320;155 655 174;33;0;2;1;1;1
202300014320;155 655 177;10;0;2;7;15;1
202300014321;155 655 172;7;0;0;3;1;1
202300014321;155 655 176;7;0;0;2;1;1
202300014322;155 655 173;7;0;2;7;12;1
202300014322;155 655 175;31;0;2;8;3;1
202300014323;155 655 170;10;0;2;1;2;1
202300014323;155 655 171;7;0;2;4;2;3
202300014324;155 655 169;7;0;1;1;15;1
202300014325;155 655 165;7;13;0;1;21;1
202300014326;155 655 164;30;0;1;1;1;0
202300014327;155 655 161;7;0;2;0;1;1
202300014327;155 655 167;10;0;2;2;10;1
202300014328;155 655 160;7;0;2;1;2;1
202300014328;155 655 163;7;0;2;4;2;1
202300014328;155 655 166;7;0;2;4;2;1
202300014328;155 655 168;15;0;2;8;1;1
202300014329;155 655 159;7;0;2;3;15;1
202300014329;155 655 162;50;0;2;1;1;3
202300014330;155 655 158;50;0;0;8;1;3
202300014331;155 655 157;7;0;0;0;0;1
202300014332;155 655 156;33;0;0;7;1;1
202300014333;155 655 155;7;6;0;1;14;1
202300014334;155 655 154;1;14;0;0;1;5
202300014335;155 655 148;7;0;1;3;15;1
202300014336;155 655 150;7;0;2;4;2;1
202300014336;155 655 153;7;0;2;1;2;1
202300014337;155 655 149;31;0;0;7;14;1
202300014338;155 655 146;7;0;2;3;2;3
202300014338;155 655 152;37;0;2;5;1;1
202300014339;155 655 147;33;0;2;1;1;1
202300014339;155 655 151;7;0;0;3;15;1
202300014340;155 655 142;80;0;2;1;1;3
202300014340;155 655 145;7;0;2;4;1;1
202300014341;155 655 140;7;6;0;6;1;1
202300014341;155 655 144;30;1;0;1;1;1
202300014342;155 655 139;7;0;2;1;1;1
202300014342;155 655 143;7;0;2;1;9;1
202300014343;155 655 138;33;0;2;2;1;1
202300014343;155 655 141;10;0;0;5;15;1
202300014344;155 655 137;37;8;0;3;16;1
202300014345;155 655 135;7;6;0;1;14;1
202300014346;155 655 132;7;0;2;1;13;1
202300014346;155 655 136;7;0;2;1;1;2
202300014347;155 655 131;33;0;2;1;17;1
202300014347;155 655 133;21;0;2;3;15;1
202300014348;155 655 130;33;0;1;0;3;1
202300014349;155 655 134;7;0;1;3;15;3
202300014350;155 655 126;7;0;2;3;9;1
202300014350;155 655 128;7;0;2;2;1;2
202300014351;155 655 127;7;0;2;3;23;1
202300014351;155 655 129;7;0;2;2;0;1
202300014352;155 655 123;2;0;2;7;15;1
202300014352;155 655 125;7;0;2;1;1;1
202300014353;155 655 120;2;0;1;0;1;1
202300014354;155 655 121;10;0;2;1;2;1
202300014354;155 655 124;10;0;2;3;1;1
202300014355;155 655 119;7;13;0;7;14;0
202300014356;155 655 117;1;0;2;7;1;5
202300014356;155 655 122;7;0;2;2;1;1
202300014357;155 655 116;7;0;2;1;1;1
202300014357;155 655 118;33;0;2;4;3;1
202300014358;155 655 115;38;0;1;3;17;1
202300014359;155 655 113;37;0;1;1;1;1
202300014360;155 655 112;2;0;2;3;15;1
202300014360;155 655 114;7;0;2;2;17;1
202300014361;155 655 110;10;0;1;1;1;1
202300014362;155 655 109;7;0;1;0;15;1
202300014363;155 655 108;7;0;2;2;15;0
202300014363;155 655 111;10;0;2;1;0;0
202300014364;155 655 107;7;2;0;2;1;1
202300014365;155 655 106;7;0;1;4;4;1
202300014366;155 655 103;33;8;0;1;19;1
202300014367;155 655 104;7;0;1;2;1;1
202300014368;155 655 101;7;0;1;1;15;1
202300014369;155 655 100;7;0;2;4;2;1
202300014369;155 655 102;30;0;2;1;2;1
202300014370;155 655 099;7;0;2;1;15;1
202300014370;155 655 105;33;0;2;2;1;1
202300014371;155 655 096;34;0;1;0;1;1
202300014372;155 655 094;7;0;2;8;26;2
202300014372;155 655 097;7;0;2;2;1;1
202300014373;155 655 092;1;0;2;7;25;5
202300014374;155 655 093;7;0;1;1;1;1
202300014375;155 655 091;2;0;2;1;1;1
202300014375;155 655 095;7;0;2;7;1;1
202300014376;155 655 086;10;0;0;0;0;0
202300014376;155 655 089;7;0;2;1;2;1
202300014376;155 655 090;7;0;2;4;2;1
202300014377;155 655 085;7;0;2;1;1;1
202300014377;155 655 088;7;0;2;1;13;1
202300014378;155 655 083;7;0;2;0;0;1
202300014378;155 655 087;7;0;2;1;1;1