Num_Acc;id_vehicule;categorie_vehicule;obstacle_fixe;obstacle_mobile;point_choc_initial;manoeuvre_principale;motorisation
202300014379;155 655 082;1;0;0;9;1;5
202300014380;155 655 080;7;0;2;3;9;1
202300014380;155 655 084;7;0;2;2;7;1
202300014381;155 655 079;1;0;2;0;1;5
202300014381;155 655 081;7;0;2;2;12;1
202300014382;155 655 078;7;0;1;3;12;1
202300014383;155 655 077;7;15;0;1;2;1
202300014384;155 655 073;7;0;1;1;1;1
202300014385;155 655 071;30;0;2;1;1;1
202300014385;155 655 074;7;0;2;7;15;1
202300014386;155 655 069;7;1;2;4;1;1
202300014386;155 655 075;7;0;2;1;1;1
202300014387;155 655 068;30;1;1;1;21;3
202300014388;155 655 070;7;0;2;2;16;1
202300014388;155 655 076;7;0;2;3;1;1
202300014389;155 655 067;7;8;2;1;1;1
202300014389;155 655 072;7;0;2;0;0;0
202300014390;155 655 066;33;0;1;1;1;1
202300014391;155 655 063;7;2;0;1;19;1
202300014392;155 655 062;1;0;0;0;10;5
202300014393;155 655 061;7;0;2;2;9;1
202300014393;155 655 064;33;0;2;3;1;1
202300014394;155 655 056;3;0;2;4;13;1
202300014394;155 655 060;7;0;2;0;16;1
202300014394;155 655 065;7;0;2;1;1;1
202300014395;155 655 055;10;0;2;1;2;1
202300014395;155 655 057;7;0;2;4;0;1
202300014396;155 655 059;7;0;0;2;1;1
202300014397;155 655 053;7;0;2;3;13;1
202300014397;155 655 054;37;0;2;3;1;1
202300014398;155 655 046;7;0;2;6;1;1
202300014398;155 655 050;43;0;2;3;21;1
202300014399;155 655 048;7;0;2;1;2;1
202300014399;155 655 051;1;0;2;8;2;5
202300014400;155 655 045;31;0;2;1;2;1
202300014400;155 655 049;7;0;2;4;2;1
202300014401;155 655 043;7;0;2;4;1;1
202300014401;155 655 044;7;0;2;1;1;1
202300014402;155 655 040;10;0;2;1;15;1
202300014402;155 655 047;7;0;2;3;1;1
202300014403;155 655 038;33;0;2;1;2;1
202300014403;155 655 041;7;0;2;4;2;3
202300014404;155 655 036;10;0;2;2;15;1
202300014404;155 655 042;33;0;2;8;2;1
202300014405;155 655 037;15;0;2;7;17;1
202300014405;155 655 039;1;0;2;8;1;5
202300014406;155 655 034;7;0;2;0;0;1
202300014406;155 655 035;1;0;2;0;19;5
202300014407;155 655 031;30;0;0;0;16;3
202300014408;155 655 024;7;0;2;2;26;0
202300014408;155 655 027;7;0;2;3;11;0
202300014409;155 655 025;43;0;2;3;17;1
202300014409;155 655 029;7;0;2;8;1;1
202300014409;155 655 033;7;0;2;3;1;1
202300014410;155 655 028;33;0;2;7;3;1
202300014410;155 655 032;10;0;2;3;23;1
202300014411;155 655 022;1;0;2;1;1;5
202300014411;155 655 023;80;0;2;1;1;3
202300014412;155 655 026;7;0;2;3;15;0
202300014412;155 655 030;33;0;2;2;17;0
202300014413;155 655 020;33;0;2;1;21;1
202300014413;155 655 021;80;0;2;0;13;3
202300014414;155 655 016;2;0;2;7;2;1
202300014414;155 655 019;7;0;2;3;9;1
202300014415;155 655 018;1;13;0;0;13;5
202300014416;155 655 017;33;13;0;1;1;1
202300014417;155 655 015;33;0;0;0;0;0
202300014418;155 655 009;7;0;2;1;1;1
202300014418;155 655 012;2;0;2;7;1;1
202300014419;155 655 010;7;0;2;1;1;1
202300014419;155 655 013;7;0;2;1;23;1
202300014419;155 655 014;7;0;2;4;23;1
202300014420;155 655 008;7;0;1;2;0;1
202300014421;155 655 006;30;0;2;0;0;
202300014421;155 655 011;30;0;2;1;2;1
202300014422;155 655 004;7;0;2;4;2;1
202300014422;155 655 007;33;0;2;1;2;1
202300014423;155 655 003;7;0;2;0;1;1
202300014423;155 655 005;7;0;2;3;1;1
202300014424;155 655 002;7;0;1;2;1;2
202300014425;155 654 994;30;0;2;7;5;1
202300014425;155 654 997;7;0;2;1;9;1
202300014426;155 654 995;7;0;2;1;13;1
202300014426;155 654 999;37;0;2;5;21;3
202300014427;155 654 996;33;13;2;7;1;1
202300014427;155 655 000;7;0;2;1;9;1
202300014428;155 654 993;7;0;2;2;19;1
202300014428;155 655 001;2;0;2;1;19;1
202300014429;155 654 992;7;0;2;1;13;1
202300014429;155 654 998;7;0;2;1;1;1
202300014430;155 654 989;1;12;0;1;1;5
202300014431;155 654 991;7;0;1;1;15;1
202300014432;155 654 983;2;15;0;7;15;1
202300014433;155 654 986;10;14;2;1;2;1
202300014433;155 654 988;7;14;2;1;17;1
202300014433;155 654 990;7;14;2;1;5;1
202300014434;155 654 981;7;0;2;3;20;1
202300014434;155 654 982;10;0;2;7;2;1
202300014434;155 654 984;1;1;0;1;2;5
202300014435;155 654 979;7;0;1;3;1;1
202300014436;155 654 980;1;0;2;7;1;5
202300014436;155 654 987;7;0;2;1;9;1
202300014437;155 654 975;7;0;2;5;15;2
202300014437;155 654 978;7;0;2;2;1;1
202300014438;155 654 974;7;0;2;1;13;1
202300014438;155 654 976;10;0;2;1;1;1
202300014439;155 654 970;7;0;1;1;1;1
202300014440;155 654 969;7;0;1;3;17;1
202300014441;155 654 972;7;0;2;1;21;1
202300014441;155 654 977;33;0;2;8;9;1
202300014442;155 654 968;10;0;2;1;1;0
202300014442;155 654 971;1;0;2;2;19;5
202300014443;155 654 967;7;0;0;2;1;1
202300014444;155 654 966;7;4;0;1;26;1
202300014445;155 654 965;7;1;0;1;1;1
202300014446;155 654 961;7;2;0;2;0;1
202300014447;155 654 959;7;0;2;1;15;1
202300014447;155 654 963;10;0;2;8;1;1
202300014448;155 654 962;3;13;0;1;0;1
202300014449;155 654 958;7;0;2;8;13;1
202300014449;155 654 960;32;0;2;8;1;1
202300014450;155 654 957;10;0;2;7;1;1
202300014450;155 654 964;7;0;2;2;1;1
202300014451;155 654 956;33;16;0;8;14;1
202300014452;155 654 951;10;0;0;0;22;1
202300014452;155 654 953;1;0;0;0;1;5
202300014453;155 654 950;7;2;0;4;1;1
202300014454;155 654 954;10;4;0;2;14;1
202300014455;155 654 947;33;10;0;1;17;1
202300014456;155 654 944;15;0;0;0;1;1
202300014456;155 654 948;1;0;0;0;1;5
202300014457;155 654 945;7;0;2;1;2;1
202300014457;155 654 949;7;0;2;4;1;1
202300014458;155 654 941;10;1;0;1;2;1
202300014459;155 654 940;7;3;0;1;1;1
202300014460;155 654 939;7;0;2;1;3;1
202300014460;155 654 943;7;0;2;2;1;1
202300014460;155 654 946;7;0;2;4;1;1
202300014460;155 654 952;7;0;2;4;1;1
202300014460;155 654 955;7;0;2;4;1;1
202300014461;155 654 942;7;8;0;1;0;1
202300014462;155 654 938;33;13;0;1;0;1
202300014463;155 654 934;7;0;1;2;1;1
202300014464;155 654 933;60;0;2;0;1;5
202300014464;155 654 935;7;0;2;0;20;1
202300014465;155 654 931;7;0;2;2;15;1
202300014465;155 654 936;7;0;2;7;1;1
202300014466;155 654 932;3;0;2;6;24;1
202300014466;155 654 937;3;0;2;5;1;1
202300014467;155 654 927;7;0;2;2;10;1
202300014467;155 654 930;33;0;2;1;1;1
202300014468;155 654 929;7;0;1;1;0;0
202300014469;155 654 925;15;0;1;2;1;1
202300014470;155 654 923;7;0;2;2;5;1
202300014470;155 654 926;7;0;2;2;1;1
202300014471;155 654 922;7;0;2;1;1;1
202300014471;155 654 924;7;0;2;1;13;1
202300014471;155 654 928;7;0;2;1;1;1
202300014472;155 654 919;7;0;2;6;23;2
202300014472;155 654 921;2;0;2;1;12;1
202300014473;155 654 916;34;0;2;7;17;1
202300014473;155 654 917;10;0;2;3;1;0
202300014474;155 654 920;7;6;0;1;13;1
202300014475;155 654 915;7;0;2;3;15;1
202300014475;155 654 918;33;0;2;1;17;1
202300014476;155 654 914;7;0;1;2;1;0
202300014477;155 654 911;7;0;2;1;19;1
202300014477;155 654 913;7;0;2;3;19;1
202300014478;155 654 907;30;0;2;7;1;1
202300014478;155 654 909;7;0;2;8;16;1
202300014479;155 654 906;7;0;0;0;9;1
202300014479;155 654 910;7;13;0;3;1;1
202300014480;155 654 904;7;15;0;2;1;1
202300014481;155 654 905;7;16;1;3;2;0
202300014482;155 654 908;33;8;0;2;9;1
202300014483;155 654 901;7;0;9;1;1;1
202300014483;155 654 902;50;0;2;1;26;3
202300014483;155 654 903;32;0;2;1;1;1
202300014484;155 654 900;7;0;1;2;1;1
202300014485;155 654 899;7;0;1;2;1;1
202300014486;155 654 896;7;13;0;1;1;1
202300014487;155 654 893;7;0;2;3;1;1
202300014487;155 654 897;7;0;2;3;13;1
202300014488;155 654 895;7;0;2;3;1;1
202300014488;155 654 898;38;0;0;3;1;1
202300014489;155 654 892;7;0;2;1;13;1
202300014489;155 654 894;7;3;2;1;1;1
202300014490;155 654 891;7;0;1;2;1;2
202300014491;155 654 890;32;0;0;0;0;1
202300014492;155 654 884;7;0;1;2;16;1
202300014493;155 654 885;7;9;0;3;19;1
202300014493;155 654 889;7;9;0;2;21;1
202300014494;155 654 883;7;0;2;4;1;1
202300014494;155 654 887;7;0;2;1;1;1
202300014495;155 654 886;7;0;2;3;1;1
202300014495;155 654 888;7;0;2;1;15;1
202300014496;155 654 882;33;0;0;0;1;1
202300014497;155 654 880;7;0;0;4;23;3
202300014497;155 654 881;33;0;2;1;1;1
202300014498;155 654 876;33;0;1;1;1;1
202300014499;155 654 875;1;0;2;1;13;5
202300014499;155 654 879;10;0;2;1;1;1
202300014500;155 654 877;10;0;1;2;15;1
202300014501;155 654 874;7;0;2;2;1;1
202300014501;155 654 878;2;0;2;4;1;1
202300014502;155 654 873;7;4;0;2;1;1
202300014503;155 654 870;7;0;1;2;1;1
202300014504;155 654 869;33;0;0;0;9;1
202300014505;155 654 868;7;0;0;5;15;1
202300014505;155 654 872;33;0;2;1;0;1
202300014506;155 654 867;33;1;2;2;17;1
202300014506;155 654 871;7;0;2;3;15;1
202300014507;155 654 862;10;0;2;1;2;1
202300014507;155 654 865;7;0;2;4;2;1
202300014508;155 654 859;33;0;2;1;1;1
202300014508;155 654 864;7;3;2;2;13;1
202300014509;155 654 863;7;0;2;3;1;1
202300014509;155 654 866;7;0;2;2;15;1
202300014510;155 654 858;7;0;2;1;1;1
202300014510;155 654 860;7;0;2;3;9;1
202300014511;155 654 855;10;0;1;4;4;1
202300014512;155 654 854;33;0;0;1;0;1
202300014513;155 654 851;7;8;0;1;14;1
202300014514;155 654 853;2;8;0;0;21;1
202300014514;155 654 856;7;0;2;3;13;1
202300014515;155 654 850;33;0;0;2;1;1
202300014515;155 654 852;7;0;0;1;9;1
202300014516;155 654 847;7;4;0;3;13;1
202300014517;155 654 846;10;10;0;9;1;0
202300014518;155 654 844;7;12;2;8;1;1
202300014518;155 654 845;7;0;2;3;16;0
202300014519;155 654 840;10;0;0;1;0;1
202300014519;155 654 842;99;0;0;0;0;5
202300014520;155 654 841;7;0;2;1;1;1
202300014520;155 654 843;7;0;0;3;1;1
202300014521;155 654 838;7;0;2;1;19;1
202300014521;155 654 839;7;0;2;1;1;1
202300014522;155 654 836;7;2;0;1;13;1
202300014523;155 654 835;33;13;0;1;1;1
202300014524;155 654 837;7;0;2;2;21;1
202300014524;155 654 849;50;0;2;1;0;3
202300014525;155 654 834;7;0;2;7;1;1
202300014525;155 654 848;7;2;2;2;13;1
202300014526;155 654 833;31;7;0;0;1;1
202300014527;155 654 829;33;0;2;1;0;1
202300014527;155 654 832;7;0;2;2;15;1
202300014528;155 654 827;7;0;2;5;1;1
202300014528;155 654 830;30;0;2;1;1;1
202300014529;155 654 825;10;0;2;2;1;1
202300014529;155 654 828;7;0;2;1;5;1
202300014529;155 654 831;15;0;2;1;1;1
202300014530;155 654 824;7;2;0;1;1;1
202300014531;155 654 820;50;0;1;1;5;3
202300014532;155 654 823;7;0;2;1;15;1
202300014532;155 654 826;50;0;2;1;19;3
202300014533;155 654 818;10;0;2;3;9;1
202300014533;155 654 819;2;0;2;7;21;1
202300014534;155 654 817;7;2;0;7;1;1
202300014535;155 654 821;7;0;2;8;9;1
202300014535;155 654 822;7;0;2;2;1;2
202300014536;155 654 816;7;0;1;3;15;1
202300014537;155 654 813;2;1;0;1;14;1
202300014538;155 654 809;7;0;2;3;19;0
202300014538;155 654 814;33;0;2;1;1;1
202300014539;155 654 807;7;0;2;1;15;1
202300014539;155 654 812;7;0;2;3;0;1
202300014540;155 654 802;7;6;0;2;13;1
202300014541;155 654 801;34;0;2;1;9;1
202300014541;155 654 804;7;0;2;2;26;1
202300014542;155 654 800;7;0;2;1;26;1
202300014542;155 654 805;7;0;2;4;26;1
202300014542;155 654 806;7;0;2;4;26;1
202300014542;155 654 808;7;0;2;1;26;1
202300014542;155 654 811;10;0;2;4;26;1
202300014543;155 654 798;7;13;2;3;9;1
202300014543;155 654 803;10;12;2;1;1;1
202300014544;155 654 797;7;0;2;5;16;1
202300014544;155 654 799;80;0;2;1;1;3
202300014545;155 654 794;7;0;0;0;0;1
202300014546;155 654 791;7;0;2;8;1;1
202300014546;155 654 796;10;0;2;1;1;1
202300014547;155 654 792;10;0;2;3;16;1
202300014547;155 654 795;1;0;2;6;19;5
202300014548;155 654 789;2;0;2;1;1;1
202300014548;155 654 793;7;0;2;3;15;1
202300014549;155 654 787;40;0;2;2;1;3
202300014549;155 654 790;1;0;4;1;14;5
202300014550;155 654 788;7;16;0;9;1;1
202300014551;155 654 785;7;0;2;1;1;1
202300014551;155 654 786;7;3;2;1;5;1
202300014552;155 654 784;7;0;1;1;1;0
202300014553;155 654 783;7;0;1;1;1;1
202300014554;155 654 780;32;0;2;1;13;1
202300014554;155 654 782;7;0;2;3;1;1
202300014555;155 654 775;7;0;2;2;0;1
202300014555;155 654 778;80;0;2;1;5;3
202300014556;155 654 773;10;0;9;3;11;6
202300014556;155 654 777;50;0;2;2;13;3
202300014557;155 654 770;7;0;2;6;24;1
202300014557;155 654 774;32;0;2;1;1;1
202300014558;155 654 771;7;0;2;4;2;1
202300014558;155 654 776;31;0;2;1;2;1
202300014559;155 654 769;7;0;2;3;1;1
202300014559;155 654 772;33;0;2;1;1;1
202300014560;155 654 762;7;0;2;1;9;1
202300014561;155 654 763;7;0;1;3;1;1
202300014562;155 654 761;7;0;2;7;19;1
202300014562;155 654 767;10;0;2;1;1;1
202300014563;155 654 760;7;0;2;3;9;1
202300014563;155 654 765;80;0;2;7;1;3
202300014564;155 654 758;7;15;0;1;0;1
202300014565;155 654 756;7;0;2;0;1;1
202300014565;155 654 759;7;0;2;1;2;1
202300014566;155 654 755;7;0;2;0;0;1
202300014566;155 654 757;34;0;2;1;1;1
202300014567;155 654 754;43;12;0;2;1;1
202300014568;155 654 753;7;0;1;2;1;1
202300014569;155 654 751;7;0;1;3;1;1
202300014570;155 654 749;7;0;0;6;23;1
202300014570;155 654 752;17;1;0;2;14;1
202300014571;155 654 747;7;8;0;1;26;1
202300014572;155 654 746;7;0;2;1;0;0
202300014572;155 654 748;7;0;2;4;0;0
202300014572;155 654 750;7;0;2;4;0;0
202300014573;155 654 744;7;0;2;2;1;1
202300014573;155 654 745;2;0;2;4;23;1
202300014574;155 654 743;33;4;0;8;0;1
202300014575;155 654 742;7;9;0;1;26;1
202300014576;155 654 739;16;0;2;2;12;1
202300014576;155 654 741;7;4;2;6;1;1
202300014577;155 654 737;32;0;2;1;2;1
202300014577;155 654 740;10;0;2;4;2;1
202300014578;155 654 735;7;0;2;8;15;0
202300014578;155 654 738;33;0;2;1;17;1
202300014579;155 654 734;50;14;0;1;21;3
202300014580;155 654 732;10;0;2;2;15;1
202300014580;155 654 736;10;0;2;3;1;1
202300014581;155 654 729;7;0;2;1;1;0
202300014581;155 654 731;7;0;2;1;1;0
202300014582;155 654 725;7;0;2;1;2;1
202300014582;155 654 728;7;0;2;4;2;3
202300014583;155 654 724;30;0;2;1;1;1
202300014583;155 654 726;7;0;2;5;16;0
202300014584;155 654 723;7;0;2;3;1;1
202300014584;155 654 727;7;0;2;1;19;1
202300014585;155 654 730;7;4;2;1;17;1
202300014585;155 654 733;7;4;0;4;1;1
202300014586;155 654 721;7;2;0;2;1;1
202300014587;155 654 720;50;0;2;8;;3
202300014587;155 654 722;33;0;2;7;1;0
202300014588;155 654 718;7;12;0;1;14;2
202300014589;155 654 717;7;4;0;1;1;1
202300014590;155 654 715;7;1;0;3;1;1
202300014591;155 654 716;7;0;2;1;1;1
202300014591;155 654 719;7;0;2;1;5;1
202300014592;155 654 714;7;3;0;3;17;1
202300014593;155 654 713;33;16;0;7;16;1
202300014594;155 654 709;7;0;1;1;1;1
202300014595;155 654 710;32;0;2;1;3;1
202300014595;155 654 712;7;0;2;4;12;1
202300014596;155 654 708;7;0;1;1;1;0
202300014597;155 654 707;31;0;2;1;3;1
202300014597;155 654 711;7;0;2;1;15;1
202300014598;155 654 705;30;0;0;7;1;1
202300014599;155 654 702;7;0;2;4;1;1
202300014599;155 654 704;10;0;2;4;1;1
202300014599;155 654 706;7;0;2;1;1;1
202300014600;155 654 700;80;0;0;7;2;3
202300014601;155 654 699;10;0;2;1;15;1
202300014601;155 654 701;33;0;2;1;1;1
202300014602;155 654 698;2;0;2;1;1;1
202300014602;155 654 703;10;0;2;4;15;0
202300014603;155 654 694;7;0;2;1;17;1
202300014603;155 654 696;7;0;2;3;2;1
202300014604;155 654 691;14;0;2;2;1;1
202300014604;155 654 695;7;0;2;3;15;1
202300014605;155 654 689;42;0;2;8;1;1
202300014605;155 654 692;7;0;2;7;1;1
202300014606;155 654 688;7;0;1;1;15;1
202300014607;155 654 683;7;0;2;2;25;1
202300014607;155 654 685;50;0;2;1;25;3
202300014608;155 654 682;14;0;2;7;1;1
202300014608;155 654 686;33;0;2;1;9;1
202300014609;155 654 678;10;0;2;2;12;1
202300014609;155 654 681;33;0;2;3;3;1
202300014610;155 654 675;7;0;2;8;1;1
202300014610;155 654 679;7;0;2;5;1;1
202300014610;155 654 680;7;0;2;4;14;0
202300014610;155 654 684;10;0;2;1;1;1
202300014611;155 654 673;31;0;2;7;3;1
202300014611;155 654 677;7;0;2;3;11;1
202300014612;155 654 676;32;0;1;1;1;1
202300014613;155 654 667;7;0;2;4;2;1
202300014613;155 654 671;17;0;2;1;2;1
202300014614;155 654 668;7;0;2;8;11;1
202300014614;155 654 672;34;0;2;7;3;1
202300014615;155 654 669;7;0;2;1;1;1
202300014615;155 654 674;7;0;2;7;1;1
202300014616;155 654 666;7;0;2;3;1;1
202300014616;155 654 670;33;0;2;8;12;1
202300014617;155 654 664;1;0;2;8;18;5
202300014617;155 654 665;14;0;2;7;1;1
202300014618;155 654 660;7;4;2;1;2;1
202300014618;155 654 663;7;4;2;4;2;1
202300014619;155 654 658;7;0;2;4;1;1
202300014619;155 654 661;31;0;2;1;3;1
202300014620;155 654 656;7;0;2;5;12;2
202300014620;155 654 659;33;0;2;1;3;1
202300014620;155 654 662;14;0;2;8;1;1
202300014621;155 654 657;7;14;0;1;1;1
202300014622;155 654 653;33;4;2;8;1;1
202300014622;155 654 655;7;3;2;7;12;1
202300014623;155 654 650;7;0;2;1;2;1
202300014623;155 654 654;7;0;2;4;2;1
202300014624;155 654 651;7;7;0;1;13;1
202300014625;155 654 646;13;0;2;2;12;1
202300014625;155 654 647;7;0;2;6;1;3
202300014626;155 654 644;7;0;2;1;9;1
202300014626;155 654 649;33;0;0;5;1;1
202300014627;155 654 640;7;0;2;8;23;1
202300014627;155 654 643;33;1;2;1;1;1
202300014627;155 654 645;7;0;2;1;12;1
202300014628;155 654 637;7;0;2;2;12;1
202300014628;155 654 641;33;0;2;3;3;1
202300014629;155 654 633;7;0;2;1;2;1
202300014629;155 654 636;7;0;0;4;2;1
202300014630;155 654 631;33;0;2;1;3;1
202300014630;155 654 635;7;0;2;3;11;1
202300014630;155 654 638;7;0;2;4;1;3
202300014631;155 654 634;2;0;2;1;1;1
202300014631;155 654 639;7;0;2;3;1;1
202300014631;155 654 642;7;0;2;6;24;1
202300014632;155 654 629;2;0;2;4;1;1
202300014632;155 654 632;7;0;2;3;2;1
202300014633;155 654 625;7;0;2;1;2;1
202300014633;155 654 628;7;0;2;6;18;1
202300014633;155 654 630;15;0;2;2;12;1
202300014634;155 654 627;33;13;0;1;2;1
202300014635;155 654 624;7;0;2;8;11;1
202300014635;155 654 626;33;0;2;7;3;1
202300014636;155 654 623;1;0;1;1;1;5
202300014637;155 654 620;7;0;1;3;1;1
202300014638;155 654 622;10;0;1;3;1;1
202300014639;155 654 619;33;0;2;1;18;1
202300014639;155 654 621;7;0;2;2;12;1
202300014640;155 654 616;7;0;2;4;2;1
202300014640;155 654 618;7;0;2;1;2;2
202300014641;155 654 617;33;0;1;2;0;0
202300014642;155 654 613;7;0;2;2;12;1
202300014642;155 654 615;33;0;2;1;3;1
202300014643;155 654 611;7;0;2;5;16;1
202300014643;155 654 614;50;0;2;1;1;3
202300014644;155 654 609;7;0;2;5;1;1
202300014644;155 654 612;33;0;2;3;3;1
202300014645;155 654 606;10;0;2;4;2;1
202300014645;155 654 608;7;0;2;1;1;1
202300014646;155 654 607;7;0;2;7;2;1
202300014646;155 654 610;7;0;2;1;1;1
202300014647;155 654 604;2;0;4;1;15;1
202300014647;155 654 605;40;0;2;2;1;3
202300014648;155 654 601;32;0;2;3;1;1
202300014648;155 654 602;7;0;2;7;12;1
202300014649;155 654 600;7;0;2;3;2;1
202300014649;155 654 603;7;0;2;5;2;1
202300014650;155 654 599;30;0;1;0;0;1
202300014651;155 654 598;7;9;0;3;1;1
202300014652;155 654 597;7;4;0;3;1;1
202300014653;155 654 594;7;0;2;1;2;1
202300014653;155 654 596;14;0;2;4;2;1
202300014654;155 654 593;50;0;1;1;2;3
202300014655;155 654 592;7;0;2;1;19;2
202300014655;155 654 595;50;0;2;7;5;3
202300014656;155 654 589;7;0;2;3;11;1
202300014656;155 654 590;33;0;2;2;3;1
202300014657;155 654 588;7;0;2;8;1;1
202300014657;155 654 591;14;0;2;3;21;1
202300014658;155 654 585;33;0;2;3;19;1
202300014658;155 654 587;1;0;2;0;19;5
202300014659;155 654 581;7;4;2;8;11;1
202300014659;155 654 584;33;4;2;1;3;1
202300014660;155 654 583;7;0;2;4;1;0
202300014660;155 654 586;7;0;2;1;1;0
202300014661;155 654 579;33;14;0;0;1;1
202300014662;155 654 578;7;0;2;4;1;1
202300014662;155 654 580;15;0;2;1;1;1
202300014662;155 654 582;10;0;2;4;1;1
202300014663;155 654 577;7;4;0;3;21;1
202300014664;155 654 576;7;14;0;0;0;0
202300014665;155 654 574;50;0;0;1;1;3
202300014666;155 654 573;7;0;2;2;12;1
202300014666;155 654 575;33;0;2;1;1;1
202300014667;155 654 571;33;0;2;1;3;1
202300014667;155 654 572;7;0;2;3;11;1
202300014668;155 654 569;7;0;1;1;16;1
202300014669;155 654 570;2;0;1;1;1;1
202300014670;155 654 566;1;0;1;1;1;5
202300014671;155 654 567;7;0;2;1;5;1
202300014671;155 654 568;37;0;2;3;5;1
202300014672;155 654 564;7;0;2;3;1;1
202300014672;155 654 565;7;0;2;5;1;1
202300014673;155 654 562;7;1;0;1;1;1
202300014674;155 654 561;50;0;2;1;1;3
202300014674;155 654 563;7;0;2;2;16;1
202300014675;155 654 558;10;0;1;4;4;1
202300014676;155 654 555;3;1;0;3;20;1
202300014676;155 654 557;30;1;2;2;1;1
202300014677;155 654 556;2;0;2;1;1;1
202300014677;155 654 560;7;0;2;5;15;1
202300014678;155 654 549;7;0;0;0;20;0
202300014678;155 654 551;1;0;2;1;26;5
202300014679;155 654 548;7;0;2;3;3;1
202300014679;155 654 553;10;0;2;8;2;1
202300014679;155 654 554;7;0;2;5;2;1
202300014680;155 654 547;2;0;2;3;9;1
202300014680;155 654 550;2;0;0;1;9;6
202300014681;155 654 552;10;0;2;1;1;1
202300014681;155 654 559;7;0;2;4;1;1
202300014682;155 654 544;33;0;2;1;1;1
202300014682;155 654 546;7;0;2;3;13;1
202300014683;155 654 545;33;0;1;3;1;1
202300014684;155 654 541;30;0;2;8;2;3
202300014684;155 654 543;13;0;2;7;2;1
202300014685;155 654 542;7;14;0;1;1;1
202300014686;155 654 540;7;0;1;3;15;1
202300014687;155 654 536;7;0;9;6;15;1
202300014687;155 654 538;60;0;2;1;1;5
202300014688;155 654 535;7;0;2;3;1;1
202300014688;155 654 537;37;0;2;3;15;1
202300014689;155 654 533;33;0;2;1;3;1
202300014689;155 654 539;10;0;2;5;12;1
202300014690;155 654 531;7;0;2;1;1;1
202300014690;155 654 534;7;0;0;4;15;1
202300014691;155 654 530;2;0;2;8;18;1
202300014691;155 654 532;7;0;2;3;15;1
202300014692;155 654 528;32;6;0;1;1;6
202300014693;155 654 527;43;0;0;8;1;1
202300014694;155 654 526;99;0;2;1;0;0
202300014694;155 654 529;99;0;2;0;0;0
202300014695;155 654 525;7;1;0;0;1;1
202300014696;155 654 524;7;13;0;9;1;1
202300014697;155 654 522;7;0;2;6;9;1
202300014697;155 654 523;33;0;2;1;2;1
202300014698;155 654 521;30;0;1;1;9;1
202300014699;155 654 520;7;2;0;9;12;1
202300014700;155 654 517;7;0;2;6;15;1
202300014700;155 654 519;80;0;2;1;2;3
202300014701;155 654 516;33;0;2;0;26;1
202300014702;155 654 515;7;0;1;2;15;1
202300014703;155 654 513;7;0;2;6;1;1
202300014703;155 654 514;7;0;2;1;1;2
202300014703;155 654 518;7;0;2;1;1;1
202300014704;155 654 511;34;0;1;1;7;1
202300014705;155 654 507;33;1;2;1;16;1
202300014705;155 654 510;10;0;2;1;13;1
202300014706;155 654 506;7;0;2;1;9;1
202300014706;155 654 509;7;0;2;3;9;1
202300014707;155 654 503;30;0;2;7;17;1
202300014707;155 654 505;7;0;2;8;1;1
202300014708;155 654 500;1;0;2;1;13;5
202300014708;155 654 504;10;0;2;2;2;1
202300014709;155 654 501;7;0;0;1;1;1
202300014709;155 654 508;7;0;0;1;1;1
202300014709;155 654 512;7;0;0;1;13;1
202300014710;155 654 499;30;0;0;0;0;1
202300014711;155 654 498;7;0;2;1;2;1
202300014711;155 654 502;10;0;2;4;2;1
202300014712;155 654 497;7;0;0;1;14;1
202300014713;155 654 491;3;0;2;1;2;1
202300014713;155 654 494;7;0;2;4;2;1
202300014714;155 654 490;31;0;2;1;15;1
202300014714;155 654 495;7;0;2;3;15;1
202300014715;155 654 492;7;0;1;3;1;1
202300014716;155 654 489;7;0;0;1;1;1
202300014716;155 654 493;7;0;0;1;5;1
202300014716;155 654 496;7;0;0;3;1;1
202300014717;155 654 488;32;14;0;1;26;1
202300014718;155 654 483;7;0;1;2;17;1
202300014719;155 654 485;7;0;2;2;17;1
202300014719;155 654 487;80;0;2;8;13;3
202300014720;155 654 481;7;0;2;5;19;1
202300014720;155 654 486;10;0;2;2;1;1
202300014721;155 654 482;7;0;1;3;1;1
202300014722;155 654 480;7;0;2;2;2;0
202300014722;155 654 484;1;0;0;1;2;5
202300014723;155 654 475;1;0;2;2;1;5
202300014723;155 654 477;7;0;2;2;15;1
202300014724;155 654 476;34;0;1;2;3;1
202300014725;155 654 474;7;17;0;1;1;1
202300014726;155 654 467;2;15;0;1;5;1
202300014727;155 654 471;7;0;0;6;15;0
202300014727;155 654 473;7;0;0;1;17;0
202300014728;155 654 464;7;0;1;1;1;1
202300014729;155 654 465;7;4;2;1;11;1
202300014729;155 654 469;7;4;2;2;0;2
202300014730;155 654 463;33;13;0;0;16;1
202300014731;155 654 462;1;0;0;0;1;5
202300014732;155 654 457;7;0;2;1;13;1
202300014732;155 654 460;7;0;2;6;1;1
202300014733;155 654 458;7;0;2;1;15;0
202300014733;155 654 461;32;0;2;1;1;3