Num_Acc;id_vehicule;categorie_vehicule;obstacle_fixe;obstacle_mobile;point_choc_initial;manoeuvre_principale;motorisation
202300014734;155 654 455;7;0;2;3;13;1
202300014734;155 654 459;2;0;2;1;1;1
202300014735;155 654 454;2;14;0;1;1;1
202300014736;155 654 452;7;0;2;2;2;1
202300014736;155 654 453;7;0;2;9;2;1
202300014736;155 654 456;7;0;2;5;2;1
202300014737;155 654 448;7;0;9;3;15;1
202300014737;155 654 450;80;0;2;1;1;3
202300014738;155 654 442;33;0;0;0;0;1
202300014738;155 654 447;7;0;2;3;10;1
202300014739;155 654 443;7;0;2;3;21;1
202300014739;155 654 445;99;0;0;8;1;1
202300014740;155 654 441;7;0;2;1;5;0
202300014740;155 654 444;7;0;2;1;2;0
202300014741;155 654 438;7;0;0;1;2;1
202300014741;155 654 440;7;0;0;4;2;1
202300014742;155 654 439;7;0;0;1;0;1
202300014743;155 654 435;1;0;2;1;1;5
202300014743;155 654 437;7;0;2;8;1;1
202300014744;155 654 436;7;6;0;1;17;1
202300014745;155 654 429;10;0;2;1;1;1
202300014745;155 654 433;7;0;2;4;15;1
202300014746;155 654 428;7;0;2;1;5;1
202300014746;155 654 432;7;0;2;3;1;1
202300014747;155 654 430;7;0;2;1;21;1
202300014747;155 654 434;7;0;2;1;1;1
202300014748;155 654 426;50;0;2;7;15;3
202300014748;155 654 431;37;0;2;1;1;1
202300014749;155 654 424;31;0;2;1;1;1
202300014749;155 654 427;80;0;2;6;15;3
202300014750;155 654 423;7;0;2;1;1;1
202300014750;155 654 425;17;0;2;4;1;1
202300014751;155 654 420;34;12;0;1;14;1
202300014752;155 654 419;7;0;2;2;15;2
202300014752;155 654 421;2;0;2;1;3;1
202300014753;155 654 418;7;0;9;1;16;0
202300014753;155 654 422;50;0;2;7;19;3
202300014754;155 654 411;2;0;2;1;13;1
202300014754;155 654 414;37;0;2;1;1;1
202300014755;155 654 412;7;0;2;2;17;1
202300014755;155 654 415;7;0;2;6;2;1
202300014756;155 654 410;7;0;2;1;1;1
202300014756;155 654 416;80;0;2;0;19;3
202300014757;155 654 409;7;0;2;8;1;0
202300014757;155 654 417;10;0;2;2;1;0
202300014758;155 654 408;7;0;2;7;10;1
202300014758;155 654 413;7;0;2;1;1;1
202300014759;155 654 406;7;3;0;1;16;1
202300014760;155 654 404;15;3;2;1;6;1
202300014760;155 654 407;15;0;2;1;1;1
202300014761;155 654 405;7;13;0;2;14;1
202300014762;155 654 403;7;2;0;1;14;1
202300014763;155 654 401;50;0;2;1;1;0
202300014763;155 654 402;7;0;9;5;16;0
202300014764;155 654 399;10;4;0;3;13;1
202300014765;155 654 398;33;12;0;0;1;1
202300014766;155 654 397;34;0;2;7;3;1
202300014766;155 654 400;7;0;2;3;15;1
202300014767;155 654 396;7;13;0;0;0;0
202300014768;155 654 394;7;15;0;1;14;1
202300014769;155 654 388;7;0;2;1;2;1
202300014769;155 654 393;7;0;0;4;26;1
202300014770;155 654 390;7;1;0;2;14;1
202300014770;155 654 395;7;0;2;6;0;1
202300014771;155 654 389;7;0;0;0;0;1
202300014772;155 654 391;7;0;2;3;9;1
202300014772;155 654 392;33;0;2;1;1;1
202300014773;155 654 386;1;0;2;4;1;5
202300014773;155 654 387;7;0;2;4;15;1
202300014774;155 654 385;50;1;0;0;1;3
202300014775;155 654 381;32;0;1;3;17;1
202300014776;155 654 382;7;0;1;3;1;1
202300014777;155 654 380;7;0;2;1;1;1
202300014777;155 654 383;7;0;2;1;1;1
202300014778;155 654 378;31;0;1;1;16;1
202300014779;155 654 376;15;3;0;1;0;1
202300014780;155 654 375;32;0;2;1;1;1
202300014780;155 654 377;7;0;2;6;23;1
202300014781;155 654 368;7;0;1;1;1;1
202300014782;155 654 370;1;0;0;1;2;5
202300014782;155 654 374;7;0;2;4;4;1
202300014783;155 654 366;7;0;2;4;2;1
202300014783;155 654 369;7;0;2;4;2;2
202300014783;155 654 373;7;0;2;1;2;0
202300014783;155 654 379;7;0;2;9;2;1
202300014783;155 654 384;7;0;2;4;2;0
202300014784;155 654 365;2;0;2;3;1;1
202300014784;155 654 371;10;0;2;2;9;1
202300014785;155 654 367;10;0;1;1;23;1
202300014785;155 654 372;7;0;2;1;2;1
202300014786;155 654 363;7;0;2;5;15;1
202300014786;155 654 364;33;0;2;1;1;1
202300014787;155 654 362;33;4;0;8;1;1
202300014788;155 654 360;7;13;0;1;1;0
202300014789;155 654 359;7;0;2;1;15;1
202300014789;155 654 361;33;0;2;1;17;1
202300014790;155 654 358;7;0;1;3;1;1
202300014791;155 654 357;7;6;0;1;0;1
202300014792;155 654 347;1;0;2;1;1;5
202300014792;155 654 351;10;0;2;2;1;1
202300014793;155 654 346;1;0;2;1;16;5
202300014793;155 654 353;7;0;2;2;15;1
202300014794;155 654 344;7;0;2;4;1;1
202300014794;155 654 349;7;0;2;4;0;1
202300014794;155 654 355;7;0;2;1;0;0
202300014794;155 654 356;7;0;2;1;1;1
202300014795;155 654 343;7;0;2;9;13;1
202300014795;155 654 350;7;0;2;1;18;1
202300014795;155 654 354;7;0;2;1;1;1
202300014796;155 654 342;7;0;2;4;2;1
202300014796;155 654 345;7;0;2;4;2;1
202300014796;155 654 348;7;0;2;4;2;1
202300014796;155 654 352;7;0;2;1;2;1
202300014797;155 654 341;7;8;0;1;0;0
202300014798;155 654 340;33;0;1;1;1;1
202300014799;155 654 339;10;3;0;0;26;1
202300014800;155 654 337;7;9;2;1;1;1
202300014800;155 654 338;7;0;2;2;15;1
202300014801;155 654 336;14;0;1;1;1;1
202300014802;155 654 335;10;0;1;1;1;1
202300014803;155 654 334;7;8;0;1;1;1
202300014804;155 654 330;7;0;2;2;15;1
202300014804;155 654 332;1;0;2;1;1;5
202300014805;155 654 327;7;0;2;3;15;1
202300014805;155 654 333;7;0;2;2;1;1
202300014806;155 654 328;7;0;2;1;2;1
202300014806;155 654 331;7;0;2;4;2;1
202300014807;155 654 322;33;0;0;8;1;1
202300014808;155 654 320;7;14;2;4;23;1
202300014808;155 654 324;7;14;2;1;2;1
202300014809;155 654 323;7;13;2;3;1;1
202300014809;155 654 325;7;13;2;3;13;1
202300014810;155 654 321;7;0;0;7;1;1
202300014811;155 654 314;7;0;2;2;1;1
202300014811;155 654 318;7;0;2;3;9;1
202300014812;155 654 313;15;0;2;1;1;1
202300014812;155 654 319;10;0;2;4;1;1
202300014813;155 654 315;2;11;0;1;17;1
202300014814;155 654 312;7;0;2;0;1;0
202300014814;155 654 317;33;0;2;8;1;1
202300014815;155 654 311;7;0;2;8;1;1
202300014815;155 654 316;7;0;2;1;1;1
202300014816;155 654 307;7;13;0;9;1;1
202300014817;155 654 306;7;0;2;2;1;1
202300014817;155 654 310;32;0;2;6;1;1
202300014818;155 654 305;2;0;2;2;1;1
202300014818;155 654 308;7;0;2;3;10;1
202300014819;155 654 304;7;0;2;4;1;1
202300014819;155 654 309;7;0;2;1;1;1
202300014820;155 654 301;34;0;0;7;1;1
202300014821;155 654 296;7;0;1;1;15;1
202300014822;155 654 298;7;8;0;2;0;1
202300014823;155 654 295;7;0;2;1;1;1
202300014823;155 654 297;7;0;2;4;1;1
202300014823;155 654 300;7;0;2;9;1;1
202300014824;155 654 294;7;0;1;3;1;1
202300014825;155 654 293;7;0;2;1;1;1
202300014826;155 654 291;2;0;1;1;1;1
202300014827;155 654 287;7;0;2;1;2;1
202300014827;155 654 292;7;0;2;4;2;1
202300014827;155 654 299;7;0;2;4;2;1
202300014827;155 654 302;7;0;2;4;2;1
202300014827;155 654 303;7;0;0;4;2;1
202300014828;155 654 284;7;0;1;2;15;1
202300014829;155 654 283;31;0;2;7;1;1
202300014829;155 654 289;7;0;2;1;1;0
202300014830;155 654 282;50;0;2;1;5;3
202300014830;155 654 286;7;0;2;1;1;1
202300014831;155 654 281;50;0;0;0;1;3
202300014832;155 654 280;7;13;0;2;0;1
202300014833;155 654 277;10;0;1;1;1;1
202300014834;155 654 276;7;0;2;7;17;1
202300014834;155 654 279;30;0;2;8;1;1
202300014835;155 654 275;1;0;2;1;26;5
202300014835;155 654 278;33;0;2;0;1;1
202300014836;155 654 273;7;3;0;9;1;1
202300014837;155 654 268;7;0;2;1;2;1
202300014837;155 654 270;7;0;2;6;1;1
202300014838;155 654 266;7;8;2;1;6;1
202300014838;155 654 271;10;15;2;0;0;1
202300014838;155 654 274;7;0;2;8;1;1
202300014839;155 654 264;7;0;2;3;13;1
202300014839;155 654 267;17;0;2;1;1;1
202300014840;155 654 263;7;3;0;1;1;1
202300014841;155 654 260;10;0;2;3;13;1
202300014841;155 654 265;10;0;2;3;1;1
202300014842;155 654 259;7;0;2;3;15;3
202300014842;155 654 262;50;0;2;1;1;3
202300014843;155 654 257;50;0;0;1;1;3
202300014843;155 654 261;7;0;9;2;15;1
202300014844;155 654 258;30;0;0;7;16;1
202300014845;155 654 256;7;0;1;1;1;1
202300014846;155 654 253;7;0;0;2;1;0
202300014847;155 654 254;7;0;1;1;1;1
202300014848;155 654 251;7;10;0;3;13;1
202300014849;155 654 250;10;0;2;1;1;1
202300014849;155 654 255;7;0;2;3;15;1
202300014850;155 654 249;7;0;2;3;1;1
202300014850;155 654 252;7;0;2;3;13;0
202300014851;155 654 247;7;0;1;3;1;1
202300014852;155 654 246;1;0;2;4;15;5
202300014852;155 654 248;33;0;2;7;1;1
202300014853;155 654 244;7;8;0;1;14;1
202300014854;155 654 245;10;0;1;1;19;1
202300014855;155 654 242;7;0;0;5;1;1
202300014855;155 654 243;7;0;0;6;2;1
202300014856;155 654 238;7;0;2;1;9;0
202300014856;155 654 241;2;0;2;1;1;0
202300014857;155 654 239;1;0;0;0;;5
202300014858;155 654 237;7;0;2;2;1;1
202300014858;155 654 240;7;0;2;2;1;1
202300014859;155 654 234;7;0;2;8;13;1
202300014859;155 654 236;33;0;2;1;1;1
202300014860;155 654 231;7;4;2;1;2;1
202300014860;155 654 235;10;0;2;4;1;1
202300014861;155 654 233;2;0;1;1;1;0
202300014862;155 654 229;10;0;2;4;2;0
202300014862;155 654 232;17;0;2;1;2;1
202300014863;155 654 228;7;0;2;6;1;1
202300014863;155 654 230;7;2;2;3;1;1
202300014864;155 654 224;7;0;2;1;16;1
202300014864;155 654 227;33;0;2;1;2;1
202300014865;155 654 221;7;0;1;2;1;1
202300014866;155 654 220;7;0;2;1;13;1
202300014866;155 654 225;7;0;2;1;2;1
202300014867;155 654 223;33;0;2;2;17;1
202300014867;155 654 226;7;0;2;6;11;1
202300014868;155 654 219;7;0;1;2;1;1
202300014869;155 654 215;50;0;0;6;2;3
202300014869;155 654 218;7;0;9;3;2;1
202300014870;155 654 210;33;0;2;1;17;1
202300014870;155 654 212;10;16;0;3;15;1
202300014871;155 654 211;50;0;2;1;1;3
202300014871;155 654 216;7;0;2;6;1;1
202300014872;155 654 214;31;0;0;0;1;1
202300014873;155 654 207;7;0;2;1;1;1
202300014873;155 654 209;7;0;2;4;1;1
202300014874;155 654 213;33;0;2;1;1;0
202300014874;155 654 217;7;0;2;4;1;1
202300014875;155 654 206;33;15;0;1;26;1
202300014876;155 654 203;10;0;2;1;1;1
202300014876;155 654 208;7;0;2;5;1;1
202300014877;155 654 200;7;0;2;2;13;1
202300014877;155 654 201;7;0;2;1;1;1
202300014878;155 654 194;7;0;1;2;1;1
202300014879;155 654 193;50;0;2;1;0;3
202300014879;155 654 196;7;0;2;7;9;0
202300014880;155 654 195;7;0;1;3;1;0
202300014881;155 654 189;7;0;2;8;9;1
202300014881;155 654 192;2;0;2;1;1;1
202300014882;155 654 188;7;0;2;2;13;1
202300014882;155 654 191;7;0;2;3;1;1
202300014882;155 654 198;7;0;2;6;23;2
202300014883;155 654 187;33;0;2;1;17;1
202300014883;155 654 190;7;0;2;8;15;1
202300014884;155 654 183;30;0;2;6;2;1
202300014884;155 654 185;7;0;2;8;0;1
202300014884;155 654 186;7;0;2;6;0;1
202300014885;155 654 184;7;14;0;1;0;1
202300014886;155 654 182;7;13;0;8;13;1
202300014887;155 654 178;7;0;2;3;2;1
202300014887;155 654 181;1;0;2;0;9;5
202300014888;155 654 177;1;0;2;1;1;5
202300014888;155 654 180;10;0;2;8;15;1
202300014889;155 654 176;7;0;0;2;1;1
202300014890;155 654 175;7;0;2;1;0;1
202300014890;155 654 179;1;0;2;0;0;5
202300014891;155 654 172;10;6;2;1;9;1
202300014891;155 654 174;7;0;2;3;9;1
202300014892;155 654 170;7;0;2;1;13;0
202300014892;155 654 173;43;0;2;1;1;1
202300014893;155 654 169;7;0;2;1;1;3
202300014893;155 654 171;33;0;2;4;1;1
202300014894;155 654 168;7;0;1;1;15;1
202300014895;155 654 165;7;0;2;1;1;0
202300014895;155 654 166;10;0;2;5;9;0
202300014896;155 654 164;7;0;2;2;1;1
202300014896;155 654 167;1;0;2;1;1;5
202300014897;155 654 162;31;0;1;1;25;1
202300014898;155 654 161;7;0;1;2;1;1
202300014899;155 654 159;2;0;0;0;1;1
202300014900;155 654 157;7;0;1;2;1;1
202300014901;155 654 156;7;0;2;1;9;1
202300014901;155 654 158;7;0;2;7;9;1
202300014902;155 654 160;7;0;2;1;2;1
202300014902;155 654 163;7;0;2;4;2;1
202300014903;155 654 155;30;0;0;1;1;1
202300014904;155 654 154;7;0;1;1;15;1
202300014905;155 654 152;7;0;1;1;1;1
202300014906;155 654 151;30;0;0;0;1;1
202300014907;155 654 150;7;0;2;1;1;1
202300014907;155 654 153;7;0;2;4;9;1
202300014908;155 654 147;32;0;2;1;1;1
202300014908;155 654 149;7;0;2;8;10;1
202300014909;155 654 146;7;0;0;3;1;1
202300014910;155 654 145;1;0;2;4;1;5
202300014910;155 654 148;33;0;2;1;21;1
202300014911;155 654 141;7;0;2;3;1;1
202300014911;155 654 144;7;0;0;4;1;1
202300014912;155 654 139;7;0;2;5;24;1
202300014912;155 654 142;2;1;2;1;1;1
202300014912;155 654 143;10;0;2;8;4;1
202300014913;155 654 137;33;0;2;8;1;1
202300014913;155 654 140;7;0;2;1;15;1
202300014914;155 654 136;2;0;2;1;1;1
202300014914;155 654 138;7;0;2;7;15;1
202300014915;155 654 134;7;0;1;1;9;1
202300014916;155 654 132;7;0;2;4;2;1
202300014916;155 654 135;33;0;2;1;2;1
202300014917;155 654 129;7;0;2;3;10;1
202300014917;155 654 131;33;0;2;1;21;1
202300014918;155 654 127;33;15;2;1;1;1
202300014918;155 654 130;7;0;2;6;15;3
202300014918;155 654 133;7;0;2;3;1;1
202300014919;155 654 126;31;0;2;1;17;1
202300014919;155 654 128;3;0;2;8;15;1
202300014920;155 654 124;7;3;0;2;1;3
202300014921;155 654 123;2;0;0;0;26;1
202300014922;155 654 125;7;0;1;2;1;1
202300014923;155 654 117;33;0;2;8;1;1
202300014923;155 654 121;7;0;2;2;14;1
202300014924;155 654 118;33;0;2;8;1;1
202300014924;155 654 120;10;0;2;1;15;1
202300014925;155 654 115;10;0;2;1;1;1
202300014925;155 654 116;10;15;2;4;1;1
202300014926;155 654 114;7;11;0;9;1;1
202300014927;155 654 119;7;0;2;4;20;0
202300014927;155 654 122;1;0;2;7;1;5
202300014928;155 654 113;7;6;0;1;0;1
202300014929;155 654 110;7;0;2;1;26;1
202300014929;155 654 112;2;0;2;1;1;1
202300014930;155 654 105;33;0;2;0;1;1
202300014930;155 654 107;30;0;2;0;0;0
202300014931;155 654 106;7;9;0;1;6;1
202300014932;155 654 103;60;0;1;0;0;5
202300014933;155 654 104;33;0;0;3;2;1
202300014933;155 654 108;7;0;2;3;13;1
202300014934;155 654 101;30;0;2;1;1;1
202300014934;155 654 102;7;0;2;5;1;1
202300014935;155 654 100;50;0;1;0;7;3
202300014936;155 654 096;33;0;0;5;9;1
202300014936;155 654 099;7;0;0;3;1;3
202300014937;155 654 094;7;0;2;1;1;1
202300014937;155 654 095;7;0;1;1;23;1
202300014938;155 654 093;7;0;2;4;1;1
202300014938;155 654 097;7;0;2;1;1;1
202300014938;155 654 098;7;0;2;4;1;1
202300014939;155 654 091;7;0;2;3;13;1
202300014939;155 654 092;7;0;2;1;26;1
202300014940;155 654 090;7;0;1;7;1;1
202300014941;155 654 085;1;0;2;7;19;5
202300014941;155 654 086;10;0;2;2;1;1
202300014942;155 654 084;7;0;2;3;9;1
202300014942;155 654 088;7;0;2;2;1;1
202300014943;155 654 087;7;0;2;1;2;1
202300014943;155 654 089;7;0;0;4;1;1
202300014944;155 654 082;0;12;0;0;26;0
202300014945;155 654 083;7;6;0;1;16;1
202300014946;155 654 078;7;0;0;0;0;1
202300014946;155 654 079;31;0;2;1;21;1
202300014947;155 654 080;7;0;2;3;5;0
202300014947;155 654 081;7;0;2;8;1;0
202300014948;155 654 077;7;0;1;3;1;0
202300014949;155 654 075;7;0;1;1;15;0
202300014950;155 654 074;7;0;1;1;16;1
202300014951;155 654 072;7;1;0;2;14;1
202300014952;155 654 071;7;0;1;1;1;1
202300014953;155 654 073;7;0;2;3;1;1
202300014953;155 654 076;33;0;2;1;0;1
202300014954;155 654 070;34;0;0;7;1;1
202300014955;155 654 064;7;0;0;4;23;0
202300014955;155 654 065;7;0;2;1;2;0
202300014956;155 654 066;7;8;0;7;2;1
202300014957;155 654 063;50;0;2;1;19;3
202300014957;155 654 067;37;0;2;7;16;1
202300014958;155 654 062;7;1;0;7;19;0
202300014959;155 654 061;7;0;1;3;1;1
202300014960;155 654 060;7;0;1;3;1;1
202300014961;155 654 059;60;8;0;0;14;5
202300014962;155 654 057;7;0;1;1;1;1
202300014963;155 654 053;7;0;2;1;2;1
202300014963;155 654 055;7;0;2;3;15;1
202300014964;155 654 052;7;0;2;4;23;1
202300014964;155 654 054;10;0;2;1;2;1
202300014965;155 654 051;15;0;9;7;15;1
202300014966;155 654 047;7;0;2;1;2;1
202300014966;155 654 049;7;0;2;7;2;1
202300014967;155 654 046;33;0;2;8;1;1
202300014967;155 654 050;7;0;2;3;15;1
202300014968;155 654 045;7;0;2;3;9;1
202300014968;155 654 048;2;0;2;7;1;1
202300014969;155 654 041;0;0;2;0;0;0
202300014969;155 654 043;10;0;2;5;1;1
202300014970;155 654 042;7;0;2;2;16;1
202300014970;155 654 044;1;0;2;6;1;5
202300014971;155 654 040;7;0;1;1;0;0
202300014972;155 654 038;7;0;1;2;13;1
202300014973;155 654 037;80;0;2;2;14;3
202300014973;155 654 039;7;0;2;3;1;2
202300014974;155 654 034;7;0;2;3;16;1
202300014974;155 654 036;37;0;2;2;1;1
202300014975;155 654 033;7;9;2;7;17;1
202300014975;155 654 035;7;9;2;6;15;1
202300014976;155 654 032;7;0;2;3;15;1
202300014977;155 654 029;7;0;1;2;1;3
202300014978;155 654 028;7;0;2;3;15;2
202300014978;155 654 031;34;0;2;2;17;1
202300014979;155 654 026;7;12;0;9;1;1
202300014980;155 654 030;10;0;0;7;26;1
202300014981;155 654 025;7;0;2;1;2;1
202300014981;155 654 027;7;0;2;4;2;1
202300014982;155 654 024;7;0;1;2;1;1
202300014983;155 654 023;0;0;1;1;1;0
202300014984;155 654 022;31;8;0;1;13;1
202300014985;155 654 019;7;0;2;2;1;1
202300014985;155 654 021;7;0;2;8;1;1
202300014986;155 654 018;7;0;2;3;15;1
202300014986;155 654 020;30;7;2;7;17;1
202300014987;155 654 015;7;0;2;3;9;1
202300014987;155 654 017;7;8;2;5;9;1
202300014988;155 654 014;7;0;2;1;1;1
202300014988;155 654 016;30;0;2;1;13;1
202300014989;155 654 011;7;11;0;1;19;1
202300014990;155 654 010;7;0;2;0;20;0
202300014990;155 654 012;7;0;2;1;1;1
202300014991;155 654 007;7;0;2;8;1;1
202300014991;155 654 009;10;0;2;2;1;1
202300014992;155 654 006;32;0;2;1;3;1
202300014992;155 654 008;7;0;2;3;12;1
202300014993;155 654 005;33;0;0;0;3;1
202300014994;155 654 004;7;3;0;1;6;1
202300014995;155 654 001;7;0;1;4;4;1
202300014996;155 654 000;43;0;2;7;3;1
202300014996;155 654 002;7;0;2;8;11;0
202300014997;155 653 999;33;0;2;1;1;0
202300014997;155 654 003;7;0;2;6;4;1
202300014998;155 653 997;1;0;2;1;1;5
202300014998;155 653 998;7;0;2;8;15;0
202300014999;155 653 996;7;4;0;1;1;1
202300015000;155 653 993;1;0;2;1;2;5
202300015000;155 653 994;1;0;2;4;2;5
202300015001;155 653 991;7;0;2;3;15;1
202300015001;155 653 992;7;0;2;3;1;1
202300015002;155 653 989;7;0;1;1;23;1
202300015002;155 653 995;7;14;0;1;2;3
202300015003;155 653 987;1;0;2;1;19;5
202300015003;155 653 990;7;0;2;2;1;1
202300015004;155 653 986;2;0;2;1;1;1
202300015004;155 653 988;7;0;2;3;15;1
202300015005;155 653 985;7;0;1;0;9;1
202300015006;155 653 982;80;0;2;8;1;3
202300015006;155 653 984;37;0;2;5;1;6
202300015007;155 653 981;7;0;2;1;1;1
202300015007;155 653 983;7;0;2;2;15;1
202300015008;155 653 980;7;8;0;1;1;1
202300015009;155 653 979;7;0;0;3;13;1
202300015010;155 653 977;7;0;2;3;15;1
202300015010;155 653 978;30;0;2;1;17;1
202300015011;155 653 976;7;0;1;0;15;1
202300015012;155 653 973;2;0;2;1;1;1
202300015012;155 653 975;7;0;2;3;1;1
202300015013;155 653 974;7;0;1;2;1;1
202300015014;155 653 972;7;0;1;7;1;3
202300015015;155 653 969;10;0;2;3;9;1
202300015015;155 653 971;2;0;2;1;3;1
202300015016;155 653 968;7;0;2;2;1;1
202300015016;155 653 970;32;0;2;8;10;1
202300015017;155 653 964;7;0;2;1;1;1
202300015017;155 653 967;7;0;2;1;15;1
202300015018;155 653 962;1;0;2;1;1;5
202300015018;155 653 965;7;0;2;7;22;1
202300015019;155 653 963;7;0;2;8;9;1
202300015019;155 653 966;2;0;2;1;9;1
202300015020;155 653 961;7;0;1;7;1;1
202300015021;155 653 959;7;1;0;2;14;2
202300015022;155 653 958;33;0;2;1;1;1
202300015022;155 653 960;10;0;2;2;15;1
202300015023;155 653 957;3;13;0;1;2;1
202300015024;155 653 955;7;0;1;1;1;1
202300015025;155 653 956;7;0;1;2;1;1
202300015026;155 653 950;7;0;2;4;26;1
202300015026;155 653 953;30;0;2;1;1;1
202300015027;155 653 951;3;0;0;4;0;3
202300015027;155 653 954;7;0;0;1;2;1
202300015028;155 653 949;1;1;0;8;1;5
202300015028;155 653 952;7;0;0;5;24;1
202300015029;155 653 948;7;0;1;2;1;1
202300015030;155 653 945;50;0;2;1;1;3
202300015030;155 653 946;1;0;2;8;9;5
202300015031;155 653 944;7;0;2;1;1;1
202300015031;155 653 947;7;0;2;8;1;1
202300015032;155 653 943;7;17;0;2;14;1
202300015033;155 653 942;1;12;0;8;1;5
202300015034;155 653 938;7;0;0;1;1;1
202300015034;155 653 941;7;0;0;2;15;1
202300015035;155 653 937;1;0;2;7;19;5
202300015035;155 653 940;7;0;2;1;15;2
202300015036;155 653 936;1;0;2;0;1;5
202300015036;155 653 939;7;0;2;3;22;2
202300015037;155 653 935;10;0;1;4;4;1
202300015038;155 653 933;32;0;1;1;1;1
202300015039;155 653 932;7;0;2;5;11;1
202300015039;155 653 934;34;0;2;2;1;1
202300015040;155 653 929;30;0;1;1;3;1
202300015041;155 653 928;7;0;2;1;1;1
202300015041;155 653 930;7;0;2;4;23;1
202300015042;155 653 927;7;0;2;1;1;1
202300015042;155 653 931;1;1;2;8;0;5
202300015043;155 653 926;7;0;1;2;1;1
202300015044;155 653 925;34;0;1;1;1;0
202300015045;155 653 923;7;0;2;3;16;1
202300015045;155 653 924;1;0;2;1;15;5
202300015046;155 653 920;33;0;2;7;17;1
202300015046;155 653 921;14;0;2;8;15;6
202300015047;155 653 919;7;0;2;3;1;1
202300015047;155 653 922;7;0;2;1;9;1
202300015048;155 653 918;7;2;0;1;15;2
202300015049;155 653 915;7;0;2;1;1;1
202300015049;155 653 916;7;0;2;4;1;1
202300015049;155 653 917;7;0;2;4;1;1
202300015050;155 653 914;30;9;0;1;26;0
202300015051;155 653 912;1;0;2;1;1;5
202300015051;155 653 913;7;0;2;4;23;1
202300015052;155 653 911;7;3;0;2;1;1
202300015053;155 653 910;1;0;0;1;1;5
202300015054;155 653 908;7;0;2;9;1;1
202300015054;155 653 909;7;0;2;1;15;1
202300015055;155 653 907;1;9;0;3;2;5
202300015056;155 653 906;32;0;0;2;1;1
202300015057;155 653 905;7;0;1;1;1;0
202300015058;155 653 903;7;0;2;8;15;0
202300015058;155 653 904;33;0;2;7;17;1
202300015059;155 653 901;7;0;2;1;13;1
202300015059;155 653 902;7;0;2;1;1;1
202300015060;155 653 899;33;0;2;0;26;1
202300015060;155 653 900;33;0;2;0;0;1
202300015061;155 653 896;7;0;2;3;15;1
202300015061;155 653 898;33;1;2;1;2;1
202300015062;155 653 895;32;0;2;1;2;1
202300015062;155 653 897;7;0;2;2;15;1
202300015063;155 653 894;7;1;0;2;5;1
202300015064;155 653 892;10;0;2;2;26;1
202300015064;155 653 893;0;0;2;0;19;0
202300015065;155 653 891;7;4;0;8;1;1
202300015066;155 653 888;33;0;9;1;1;0
202300015066;155 653 890;7;0;2;2;16;0
202300015067;155 653 887;7;0;2;3;15;1
202300015067;155 653 889;2;0;2;1;1;1
202300015068;155 653 884;36;16;0;0;1;1
202300015069;155 653 885;7;0;2;5;15;1
202300015069;155 653 886;80;0;2;1;1;3
202300015070;155 653 883;7;13;0;2;1;1
202300015071;155 653 881;33;0;0;0;0;0
202300015071;155 653 882;7;0;2;0;0;0
202300015072;155 653 880;7;13;0;9;1;1
202300015073;155 653 879;7;0;1;1;0;1
202300015074;155 653 875;7;0;2;1;1;1
202300015074;155 653 877;7;0;2;1;2;1
202300015074;155 653 878;7;3;2;4;0;1
202300015075;155 653 874;7;0;2;0;0;0
202300015075;155 653 876;7;6;0;5;19;1
202300015076;155 653 872;7;0;2;3;1;0
202300015076;155 653 873;7;0;2;3;1;0
202300015077;155 653 870;2;0;1;1;0;1
202300015078;155 653 869;7;0;2;7;1;0
202300015078;155 653 871;7;0;2;1;1;0
202300015079;155 653 867;7;0;2;3;1;0
202300015079;155 653 868;7;0;2;3;1;0
202300015080;155 653 866;7;0;1;1;1;1
202300015081;155 653 865;7;13;0;2;1;1
202300015082;155 653 864;33;0;0;0;0;0
202300015083;155 653 863;2;16;0;0;1;1
202300015084;155 653 862;7;0;2;2;14;1
202300015085;155 653 861;50;0;1;1;1;3
202300015086;155 653 858;7;0;2;1;1;1
202300015086;155 653 860;7;0;2;5;15;1
202300015087;155 653 856;7;0;2;3;1;1
202300015087;155 653 857;7;0;2;3;1;1
202300015087;155 653 859;7;0;9;3;1;1
202300015088;155 653 855;33;0;0;8;10;1
202300015089;155 653 851;7;8;0;8;26;1
202300015090;155 653 849;31;0;0;0;0;1
202300015091;155 653 848;7;0;2;8;15;1
202300015091;155 653 850;7;0;2;1;17;1
202300015092;155 653 846;7;0;2;1;15;1
202300015092;155 653 847;2;0;2;1;1;1
202300015093;155 653 844;7;0;2;1;1;1
202300015093;155 653 845;7;0;2;7;1;1
202300015094;155 653 843;33;13;0;0;1;0
202300015095;155 653 842;7;0;1;2;1;1
202300015096;155 653 841;2;0;0;0;26;1
202300015097;155 653 840;7;0;0;9;1;1
202300015098;155 653 838;7;0;2;2;1;1
202300015098;155 653 839;7;0;2;3;15;1
202300015099;155 653 836;7;0;2;1;13;0
202300015099;155 653 837;7;0;2;1;26;3
202300015100;155 653 835;31;0;1;1;3;1
202300015101;155 653 834;7;2;0;3;1;1
202300015102;155 653 832;7;0;0;3;0;0
202300015102;155 653 833;7;0;0;1;0;2
202300015103;155 653 831;7;13;0;0;0;1
202300015104;155 653 828;7;0;0;3;13;0