Num_Acc;id_vehicule;categorie_vehicule;obstacle_fixe;obstacle_mobile;point_choc_initial;manoeuvre_principale;motorisation
202300015104;155 653 830;33;0;0;7;2;0
202300015105;155 653 827;10;0;2;1;13;1
202300015105;155 653 829;7;0;2;1;1;1
202300015106;155 653 824;7;0;2;6;11;1
202300015106;155 653 826;33;0;2;2;17;1
202300015107;155 653 823;7;0;2;1;16;1
202300015107;155 653 825;7;0;2;2;1;1
202300015108;155 653 820;2;0;2;3;1;1
202300015108;155 653 821;7;0;2;2;15;1
202300015109;155 653 819;7;0;2;3;15;1
202300015109;155 653 822;7;0;2;2;1;1
202300015110;155 653 817;7;0;1;1;1;1
202300015111;155 653 816;7;0;2;1;2;1
202300015111;155 653 818;1;0;2;4;1;5
202300015112;155 653 814;7;0;2;1;1;1
202300015112;155 653 815;7;0;2;1;13;1
202300015113;155 653 813;7;8;0;1;1;1
202300015114;155 653 812;7;2;0;3;0;1
202300015115;155 653 809;33;0;2;1;1;1
202300015115;155 653 811;7;0;2;8;9;1
202300015116;155 653 806;33;0;0;1;1;1
202300015117;155 653 805;7;3;2;1;13;1
202300015117;155 653 807;7;0;2;1;1;1
202300015118;155 653 804;7;0;1;2;1;1
202300015119;155 653 802;7;8;0;7;1;1
202300015119;155 653 803;10;8;2;2;19;1
202300015120;155 653 800;7;0;1;1;26;1
202300015121;155 653 798;7;0;0;0;0;1
202300015122;155 653 797;7;2;0;1;1;1
202300015123;155 653 796;2;0;0;2;1;1
202300015124;155 653 795;7;0;1;2;1;1
202300015125;155 653 794;7;17;0;1;1;1
202300015126;155 653 792;7;0;2;8;13;1
202300015126;155 653 793;10;0;2;8;1;1
202300015127;155 653 791;7;2;0;1;12;1
202300015128;155 653 790;30;0;0;0;1;1
202300015129;155 653 788;10;13;0;7;13;1
202300015130;155 653 787;10;13;2;1;13;1
202300015130;155 653 789;7;0;2;1;1;1
202300015131;155 653 783;31;0;0;0;0;1
202300015132;155 653 784;33;0;2;6;26;1
202300015132;155 653 785;38;0;2;2;23;1
202300015132;155 653 786;33;4;2;3;26;1
202300015133;155 653 782;33;8;0;0;0;1
202300015134;155 653 780;2;0;2;1;5;1
202300015134;155 653 781;7;0;2;3;16;1
202300015135;155 653 779;7;0;1;2;1;1
202300015136;155 653 777;7;8;0;4;1;1
202300015136;155 653 778;10;0;2;1;1;1
202300015137;155 653 776;7;13;0;1;1;1
202300015138;155 653 775;32;0;0;1;1;1
202300015139;155 653 773;7;0;2;3;13;1
202300015139;155 653 774;7;0;2;3;1;1
202300015140;155 653 771;7;0;2;1;15;1
202300015140;155 653 772;33;0;2;1;1;1
202300015141;155 653 770;37;15;0;3;9;1
202300015142;155 653 769;7;0;1;4;4;0
202300015143;155 653 767;33;0;2;1;17;1
202300015143;155 653 768;21;0;2;3;15;1
202300015144;155 653 766;7;0;1;2;1;1
202300015145;155 653 765;1;13;0;1;1;5
202300015146;155 653 763;34;0;2;1;1;1
202300015146;155 653 764;7;0;0;4;15;1
202300015147;155 653 762;1;0;0;0;1;5
202300015148;155 653 760;7;6;9;1;15;1
202300015148;155 653 761;1;0;0;8;1;5
202300015149;155 653 759;7;13;0;9;1;1
202300015150;155 653 757;2;0;2;4;2;1
202300015150;155 653 758;7;0;2;1;2;1
202300015151;155 653 755;7;0;2;3;10;1
202300015151;155 653 756;33;0;2;1;26;1
202300015152;155 653 754;10;0;1;1;1;1
202300015153;155 653 753;1;14;1;1;1;5
202300015154;155 653 751;7;0;2;7;19;1
202300015154;155 653 752;31;0;2;1;1;1
202300015155;155 653 750;7;2;0;1;1;1
202300015156;155 653 748;33;0;2;3;1;1
202300015156;155 653 749;7;0;2;3;17;0
202300015157;155 653 746;7;0;0;3;24;1
202300015157;155 653 747;7;1;0;2;0;1
202300015158;155 653 744;10;0;2;1;1;1
202300015158;155 653 745;36;0;2;1;1;1
202300015159;155 653 743;7;0;1;1;15;1
202300015160;155 653 742;7;15;0;1;19;0
202300015161;155 653 740;7;0;2;1;1;1
202300015161;155 653 741;7;0;0;7;15;1
202300015162;155 653 738;7;0;2;6;2;1
202300015162;155 653 739;33;0;2;1;2;1
202300015163;155 653 735;7;8;0;0;1;0
202300015164;155 653 736;7;0;2;3;14;1
202300015164;155 653 737;7;4;2;2;21;1
202300015165;155 653 733;2;0;2;1;13;1
202300015165;155 653 734;7;0;2;6;1;1
202300015166;155 653 728;3;0;9;8;1;0
202300015166;155 653 729;1;0;2;8;1;5
202300015166;155 653 731;1;0;2;8;1;5
202300015167;155 653 726;13;0;2;1;19;1
202300015167;155 653 727;7;0;2;7;1;1
202300015168;155 653 722;7;17;0;1;13;1
202300015169;155 653 723;7;0;2;4;23;1
202300015169;155 653 724;7;1;0;1;14;1
202300015170;155 653 721;10;13;0;2;14;1
202300015171;155 653 719;7;0;2;6;1;3
202300015171;155 653 720;7;0;2;2;1;1
202300015172;155 653 717;7;4;0;1;0;1
202300015172;155 653 718;7;0;2;1;11;1
202300015173;155 653 714;33;0;2;1;2;1
202300015173;155 653 716;43;0;0;4;2;1
202300015174;155 653 715;7;0;2;4;26;1
202300015175;155 653 711;7;0;0;6;1;0
202300015175;155 653 713;7;0;2;2;12;0
202300015176;155 653 710;7;0;0;3;1;1
202300015176;155 653 712;7;0;9;1;1;1
202300015177;155 653 708;1;0;2;1;1;5
202300015177;155 653 709;7;0;2;7;15;1
202300015178;155 653 705;7;0;2;8;0;1
202300015178;155 653 707;17;0;2;1;0;1
202300015179;155 653 704;7;0;2;2;1;1
202300015179;155 653 706;7;0;2;1;1;1
202300015180;155 653 702;7;8;1;1;0;1
202300015181;155 653 700;7;0;2;1;1;1
202300015181;155 653 701;7;0;2;4;1;1
202300015181;155 653 703;7;0;2;4;1;1
202300015182;155 653 697;33;0;2;7;17;1
202300015182;155 653 699;33;0;2;8;15;1
202300015183;155 653 698;2;0;0;0;13;1
202300015184;155 653 696;7;0;1;1;9;1
202300015185;155 653 695;7;0;1;1;1;1
202300015186;155 653 693;7;0;1;2;1;1
202300015187;155 653 692;7;0;2;2;15;
202300015187;155 653 694;7;0;2;1;2;1
202300015188;155 653 690;7;0;0;6;23;1
202300015188;155 653 691;33;0;2;1;26;1
202300015189;155 653 688;43;0;0;0;0;1
202300015190;155 653 685;7;0;2;3;2;1
202300015190;155 653 686;80;0;0;4;1;3
202300015191;155 653 687;7;0;2;1;15;1
202300015191;155 653 689;32;0;2;1;17;1
202300015192;155 653 684;7;3;0;1;1;1
202300015193;155 653 682;0;0;2;0;26;0
202300015193;155 653 683;2;0;2;8;0;3
202300015194;155 653 680;31;0;2;1;2;1
202300015194;155 653 681;33;0;2;4;1;1
202300015195;155 653 678;7;2;0;1;14;1
202300015196;155 653 677;7;0;2;3;1;1
202300015196;155 653 679;7;0;2;8;0;0
202300015197;155 653 676;7;0;1;2;1;1
202300015198;155 653 675;31;0;0;9;1;1
202300015199;155 653 674;10;0;1;3;2;1
202300015200;155 653 672;7;13;0;0;0;1
202300015201;155 653 671;7;0;2;1;13;1
202300015201;155 653 673;31;0;2;1;1;1
202300015202;155 653 669;7;0;2;1;1;1
202300015202;155 653 670;7;0;2;3;1;2
202300015203;155 653 666;30;0;2;1;5;1
202300015203;155 653 668;7;0;2;1;1;1
202300015204;155 653 662;7;0;2;2;1;1
202300015204;155 653 664;1;0;0;4;1;5
202300015205;155 653 661;7;0;2;2;1;1
202300015205;155 653 663;7;0;2;3;18;1
202300015206;155 653 658;7;0;2;5;12;1
202300015206;155 653 660;7;0;2;3;1;1
202300015207;155 653 656;7;0;2;8;1;1
202300015207;155 653 659;7;0;2;1;9;1
202300015208;155 653 655;37;0;2;6;1;1
202300015208;155 653 657;7;0;2;2;14;1
202300015209;155 653 654;7;13;0;2;1;1
202300015210;155 653 652;33;0;2;1;3;1
202300015210;155 653 653;7;0;2;6;12;1
202300015211;155 653 650;32;3;0;8;0;1
202300015212;155 653 649;7;0;2;3;15;1
202300015212;155 653 651;33;0;2;1;21;1
202300015213;155 653 647;32;3;2;1;2;1
202300015213;155 653 648;10;3;2;4;1;1
202300015214;155 653 646;7;1;0;6;1;1
202300015215;155 653 643;33;0;2;1;3;1
202300015215;155 653 645;7;0;2;6;11;1
202300015216;155 653 642;7;0;2;1;1;1
202300015216;155 653 644;7;0;2;7;15;1
202300015217;155 653 641;32;0;0;7;14;1
202300015218;155 653 639;7;0;1;1;1;1
202300015219;155 653 638;1;0;2;1;2;5
202300015219;155 653 640;1;0;2;4;2;5
202300015220;155 653 637;7;0;1;3;1;1
202300015221;155 653 636;50;0;1;3;1;3
202300015222;155 653 635;7;0;1;1;15;2
202300015223;155 653 634;7;0;1;4;4;2
202300015224;155 653 631;32;15;0;8;15;1
202300015225;155 653 629;7;0;1;1;1;1
202300015226;155 653 627;7;0;2;1;2;1
202300015226;155 653 628;7;0;2;4;23;1
202300015227;155 653 625;7;0;0;1;1;0
202300015228;155 653 624;33;0;2;1;2;1
202300015228;155 653 626;7;0;2;4;23;1
202300015229;155 653 622;33;0;2;1;10;0
202300015229;155 653 623;30;0;2;8;2;1
202300015230;155 653 621;1;0;1;1;1;5
202300015231;155 653 620;7;3;0;1;15;1
202300015232;155 653 618;1;0;2;1;2;5
202300015232;155 653 619;1;0;0;4;2;5
202300015233;155 653 617;7;1;0;1;14;1
202300015234;155 653 615;30;0;2;7;1;1
202300015234;155 653 616;7;0;2;1;1;1
202300015235;155 653 614;10;0;1;1;1;1
202300015236;155 653 612;7;0;2;1;1;1
202300015236;155 653 613;7;0;2;7;0;1
202300015237;155 653 611;7;0;0;0;0;1
202300015238;155 653 610;7;1;2;2;1;1
202300015239;155 653 609;7;0;1;1;1;1
202300015240;155 653 606;7;0;1;3;1;1
202300015241;155 653 605;0;0;1;1;1;0
202300015242;155 653 603;7;13;0;9;0;1
202300015242;155 653 604;7;0;2;7;1;1
202300015243;155 653 600;7;0;0;4;2;0
202300015243;155 653 601;7;0;2;1;2;1
202300015243;155 653 602;7;0;2;1;2;1
202300015244;155 653 596;7;0;2;0;0;1
202300015244;155 653 597;7;8;2;2;0;1
202300015245;155 653 594;10;0;2;2;1;1
202300015245;155 653 595;7;0;2;3;1;1
202300015246;155 653 593;7;2;0;1;14;1
202300015247;155 653 591;30;0;2;8;18;1
202300015247;155 653 592;7;0;2;2;1;1
202300015248;155 653 589;31;0;2;1;17;1
202300015248;155 653 590;7;0;2;8;15;3
202300015249;155 653 588;33;15;0;1;1;1
202300015250;155 653 586;32;0;2;2;1;3
202300015250;155 653 587;7;0;2;3;9;3
202300015251;155 653 584;33;0;2;7;3;1
202300015251;155 653 585;7;0;2;8;11;1
202300015252;155 653 581;10;0;2;4;2;1
202300015252;155 653 582;7;0;2;4;2;1
202300015252;155 653 583;14;0;2;1;2;1
202300015253;155 653 579;33;0;2;1;2;1
202300015253;155 653 580;7;0;2;6;2;3
202300015254;155 653 577;50;0;2;1;1;3
202300015254;155 653 578;10;0;2;6;1;1
202300015255;155 653 576;1;0;1;1;1;5
202300015256;155 653 575;7;0;1;1;16;2
202300015257;155 653 573;10;0;2;4;23;1
202300015257;155 653 574;50;1;1;9;21;3
202300015258;155 653 571;80;0;2;8;1;3
202300015258;155 653 572;7;0;2;1;1;1
202300015259;155 653 569;7;0;2;3;9;1
202300015259;155 653 570;7;0;2;2;1;1
202300015260;155 653 567;50;0;2;8;13;3
202300015260;155 653 568;37;0;2;7;17;1
202300015261;155 653 566;37;0;1;2;1;1
202300015262;155 653 564;80;0;2;1;1;3
202300015262;155 653 565;7;0;2;3;15;1
202300015263;155 653 562;33;0;2;8;1;1
202300015263;155 653 563;7;0;2;1;15;1
202300015264;155 653 561;1;4;0;8;15;5
202300015265;155 653 559;34;0;2;1;17;1
202300015265;155 653 560;7;0;2;1;1;3
202300015266;155 653 557;7;0;2;2;12;2
202300015266;155 653 558;7;8;2;1;7;1
202300015267;155 653 556;31;0;0;3;21;1
202300015268;155 653 555;7;0;1;7;1;1
202300015269;155 653 553;50;0;2;1;1;3
202300015269;155 653 554;7;0;2;1;1;2
202300015270;155 653 551;10;0;2;1;1;1
202300015270;155 653 552;2;0;2;1;17;1
202300015271;155 653 549;7;0;0;0;0;0
202300015271;155 653 550;7;0;0;0;0;1
202300015272;155 653 548;32;0;1;0;0;1
202300015273;155 653 547;32;15;1;1;1;0
202300015274;155 653 545;7;0;2;1;15;1
202300015274;155 653 546;7;0;2;2;15;1
202300015275;155 653 543;7;0;2;1;15;1
202300015275;155 653 544;7;9;2;8;1;1
202300015276;155 653 541;7;0;2;1;16;1
202300015276;155 653 542;33;0;2;5;1;1
202300015277;155 653 539;7;0;9;1;15;1
202300015277;155 653 540;50;0;2;1;1;3
202300015278;155 653 538;33;15;0;1;13;1
202300015279;155 653 536;1;0;2;5;19;5
202300015279;155 653 537;32;0;9;1;19;0
202300015280;155 653 534;33;0;2;2;1;1
202300015280;155 653 535;7;0;2;1;26;2
202300015281;155 653 533;37;0;1;7;1;4
202300015282;155 653 531;1;0;2;0;1;5
202300015282;155 653 532;7;0;9;0;20;1
202300015283;155 653 529;10;0;2;4;23;1
202300015283;155 653 530;2;0;2;1;2;1
202300015284;155 653 528;7;0;1;6;15;1
202300015285;155 653 526;7;0;2;3;13;1
202300015285;155 653 527;7;0;2;1;1;1
202300015286;155 653 525;7;2;0;2;0;0
202300015287;155 653 524;7;0;1;3;1;1
202300015288;155 653 523;7;0;1;2;1;1
202300015289;155 653 520;7;0;2;1;1;1
202300015289;155 653 521;7;0;2;2;19;1
202300015290;155 653 519;7;0;1;1;1;1
202300015291;155 653 517;7;0;0;1;0;0
202300015291;155 653 518;2;0;2;8;15;1
202300015292;155 653 515;7;0;2;1;1;0
202300015292;155 653 516;10;0;2;7;1;6
202300015293;155 653 510;7;0;2;1;13;1
202300015293;155 653 511;7;0;2;8;1;1
202300015293;155 653 512;7;0;2;2;1;1
202300015293;155 653 513;7;0;2;2;0;1
202300015293;155 653 514;7;0;2;1;1;1
202300015294;155 653 508;38;0;0;7;17;1
202300015294;155 653 509;1;12;0;8;1;5
202300015295;155 653 507;33;10;0;0;1;1
202300015296;155 653 506;31;0;0;8;15;1
202300015297;155 653 505;10;13;0;3;13;1
202300015298;155 653 504;7;0;1;2;2;1
202300015299;155 653 502;7;0;9;1;9;1
202300015299;155 653 503;1;0;0;7;1;5
202300015300;155 653 500;7;0;2;1;1;3
202300015300;155 653 501;7;0;2;2;13;1
202300015301;155 653 499;7;2;0;9;14;1
202300015302;155 653 497;7;0;2;3;17;1
202300015302;155 653 498;7;0;2;3;1;1
202300015303;155 653 496;7;6;0;1;1;1
202300015304;155 653 494;7;0;2;3;13;1
202300015304;155 653 495;7;0;2;3;1;1
202300015305;155 653 492;7;0;2;1;1;1
202300015305;155 653 493;7;0;2;1;1;1
202300015306;155 653 490;7;0;0;3;16;1
202300015306;155 653 491;7;0;2;1;1;1
202300015307;155 653 488;7;0;2;1;1;1
202300015307;155 653 489;7;0;2;2;15;1
202300015308;155 653 485;7;0;2;1;1;1
202300015308;155 653 486;7;0;2;8;1;1
202300015308;155 653 487;7;0;2;3;13;1
202300015309;155 653 484;7;0;1;2;1;1
202300015310;155 653 483;7;13;0;2;14;4
202300015311;155 653 482;7;0;0;3;1;1
202300015312;155 653 480;1;0;2;1;1;5
202300015312;155 653 481;7;0;9;7;16;0
202300015313;155 653 478;7;0;2;3;1;1
202300015313;155 653 479;7;0;2;5;17;1
202300015314;155 653 477;7;0;0;9;13;1
202300015315;155 653 475;7;0;2;1;1;0
202300015315;155 653 476;7;0;2;1;13;0
202300015316;155 653 473;15;0;2;2;1;1
202300015316;155 653 474;7;7;2;5;15;1
202300015317;155 653 471;7;0;0;4;2;1
202300015317;155 653 472;10;0;2;1;2;1
202300015318;155 653 469;33;0;2;1;2;1
202300015318;155 653 470;15;0;0;6;2;1
202300015319;155 653 466;17;0;2;4;1;1
202300015319;155 653 467;17;3;2;1;2;1
202300015319;155 653 468;17;0;2;2;2;1
202300015320;155 653 463;15;0;0;6;24;1
202300015320;155 653 464;15;1;;3;1;1
202300015320;155 653 465;10;0;2;2;1;1
202300015321;155 653 460;7;0;2;4;16;1
202300015321;155 653 461;33;0;2;1;1;1
202300015321;155 653 462;10;0;2;1;21;1
202300015322;155 653 459;7;0;1;3;1;1
202300015323;155 653 458;7;2;0;2;14;1
202300015324;155 653 457;7;15;0;2;14;0
202300015325;155 653 456;7;0;1;2;1;1
202300015326;155 653 455;10;0;1;3;1;1
202300015327;155 653 453;2;0;2;1;2;1
202300015327;155 653 454;31;0;0;8;26;1
202300015328;155 653 451;7;6;2;1;13;3
202300015328;155 653 452;7;9;2;8;1;1
202300015329;155 653 449;7;0;2;2;19;1
202300015329;155 653 450;7;0;2;3;1;1
202300015330;155 653 447;7;0;2;3;1;1
202300015330;155 653 448;10;0;2;3;13;1
202300015331;155 653 445;33;0;2;3;5;1
202300015331;155 653 446;10;0;2;3;1;1
202300015332;155 653 444;33;8;0;1;17;1
202300015333;155 653 442;7;0;2;3;2;1
202300015333;155 653 443;1;0;2;5;2;5
202300015334;155 653 439;7;0;2;1;0;1
202300015334;155 653 440;7;0;2;4;0;1
202300015335;155 653 430;7;0;2;6;2;1
202300015335;155 653 431;7;0;2;1;1;1
202300015335;155 653 432;33;0;2;1;2;1
202300015336;155 653 426;7;0;2;6;1;1
202300015336;155 653 427;7;0;2;1;1;2
202300015336;155 653 428;7;0;2;1;1;1
202300015336;155 653 429;14;0;2;2;12;0
202300015337;155 653 425;7;0;2;1;1;1
202300015338;155 653 424;7;0;0;9;14;1
202300015339;155 653 422;7;0;2;3;18;1
202300015339;155 653 423;7;0;2;5;1;1
202300015340;155 653 420;7;0;2;7;14;
202300015340;155 653 421;33;0;2;8;1;1
202300015341;155 653 419;33;0;9;7;1;1
202300015342;155 653 416;7;0;2;1;2;1
202300015342;155 653 417;7;0;2;4;2;1
202300015342;155 653 418;7;0;2;4;2;1
202300015343;155 653 414;7;0;2;4;2;1
202300015343;155 653 415;7;0;2;1;1;1
202300015344;155 653 413;7;0;1;1;1;1
202300015345;155 653 411;37;0;2;2;1;1
202300015345;155 653 412;7;0;2;1;19;1
202300015346;155 653 409;7;0;2;2;1;1
202300015346;155 653 410;33;0;2;4;9;1
202300015347;155 653 408;7;8;0;1;1;1
202300015348;155 653 406;1;0;2;3;0;5
202300015348;155 653 407;60;0;2;1;0;5
202300015349;155 653 404;37;0;2;1;1;1
202300015349;155 653 405;7;0;2;8;1;1
202300015350;155 653 403;10;0;1;2;1;1
202300015351;155 653 401;7;0;2;7;16;0
202300015351;155 653 402;32;0;2;8;26;0
202300015352;155 653 400;7;0;1;2;1;0
202300015353;155 653 398;10;0;2;3;15;1
202300015353;155 653 399;31;0;2;1;1;1
202300015354;155 653 396;50;0;2;1;14;3
202300015354;155 653 397;7;0;2;2;15;1
202300015355;155 653 394;32;0;2;1;1;1
202300015355;155 653 395;80;0;2;7;15;3
202300015356;155 653 392;34;0;2;8;3;1
202300015356;155 653 393;7;0;2;5;2;1
202300015357;155 653 390;7;0;2;3;9;1
202300015357;155 653 391;7;0;2;1;1;1
202300015358;155 653 384;7;0;2;7;2;1
202300015358;155 653 385;14;0;2;3;14;1
202300015359;155 653 380;31;0;2;1;17;1
202300015359;155 653 381;10;0;2;3;11;1
202300015360;155 653 377;7;0;2;1;1;1
202300015360;155 653 378;7;0;2;4;1;1
202300015360;155 653 379;7;0;2;4;1;1
202300015361;155 653 376;7;13;0;8;1;1
202300015362;155 653 375;32;0;1;1;1;1
202300015363;155 653 373;7;0;2;8;1;1
202300015363;155 653 374;7;0;2;1;1;1
202300015364;155 653 372;7;0;1;4;4;1
202300015365;155 653 370;7;0;2;1;1;3
202300015365;155 653 371;7;0;2;2;15;1
202300015366;155 653 369;31;0;5;1;1;1
202300015367;155 653 366;7;11;0;4;23;1
202300015367;155 653 367;7;0;2;1;1;1
202300015367;155 653 368;7;11;0;4;23;1
202300015368;155 653 365;7;0;0;9;2;1
202300015369;155 653 364;7;0;1;2;1;1
202300015370;155 653 362;7;0;2;2;15;1
202300015370;155 653 363;30;0;2;1;1;1
202300015371;155 653 361;7;1;0;2;14;1
202300015372;155 653 360;7;0;0;0;26;1
202300015373;155 653 357;7;0;2;1;2;1
202300015373;155 653 358;7;0;2;4;2;1
202300015373;155 653 359;7;0;2;4;2;1
202300015374;155 653 356;7;0;1;1;1;1
202300015375;155 653 354;10;0;2;3;10;1
202300015375;155 653 355;43;0;2;2;17;1
202300015376;155 653 351;7;0;2;4;2;1
202300015376;155 653 352;7;0;2;4;2;1
202300015376;155 653 353;7;0;2;1;2;1
202300015377;155 653 349;31;0;2;1;1;1
202300015377;155 653 350;7;0;2;3;15;1
202300015378;155 653 345;7;0;2;4;1;1
202300015378;155 653 346;7;0;2;4;1;1
202300015378;155 653 347;7;0;2;4;1;1
202300015378;155 653 348;10;0;2;1;1;1
202300015379;155 653 343;10;0;2;4;1;1
202300015379;155 653 344;7;0;2;1;1;2
202300015380;155 653 342;2;12;0;3;15;1
202300015381;155 653 339;33;0;2;1;2;1
202300015381;155 653 340;7;0;2;3;5;1
202300015381;155 653 341;2;0;2;4;2;1
202300015382;155 653 338;7;0;1;2;15;1
202300015383;155 653 336;10;0;2;1;15;1
202300015383;155 653 337;7;0;2;1;1;1
202300015384;155 653 334;34;0;0;1;1;1
202300015384;155 653 335;7;0;0;5;10;1
202300015385;155 653 332;7;0;2;4;20;1
202300015385;155 653 333;2;0;2;1;1;1
202300015386;155 653 331;7;0;1;3;15;1
202300015387;155 653 329;7;0;2;1;2;1
202300015387;155 653 330;7;0;2;0;0;1
202300015388;155 653 328;7;1;0;1;1;1
202300015389;155 653 326;2;0;2;7;1;1
202300015389;155 653 327;7;0;2;1;15;1
202300015390;155 653 324;7;0;2;3;9;1
202300015390;155 653 325;1;0;2;2;1;5
202300015391;155 653 323;10;0;1;7;20;1
202300015392;155 653 321;7;0;2;1;26;1
202300015392;155 653 322;7;1;2;7;0;1
202300015393;155 653 320;7;12;0;2;1;1
202300015394;155 653 319;7;0;1;3;16;1
202300015395;155 653 318;10;0;1;1;15;3
202300015396;155 653 316;37;0;2;1;7;1
202300015396;155 653 317;10;0;2;4;9;1
202300015397;155 653 315;7;0;1;2;1;1
202300015398;155 653 313;30;0;2;1;2;1
202300015398;155 653 314;7;0;2;4;23;1
202300015399;155 653 311;34;6;0;2;1;0
202300015400;155 653 310;31;0;2;1;1;1
202300015400;155 653 312;7;0;2;7;15;1
202300015401;155 653 308;7;0;1;3;19;1
202300015402;155 653 307;14;0;2;3;13;1
202300015402;155 653 309;17;0;2;7;1;1
202300015403;155 653 305;7;0;2;3;13;1
202300015403;155 653 306;2;0;2;3;1;1
202300015404;155 653 304;7;0;1;3;1;1
202300015405;155 653 302;2;0;2;1;15;1
202300015405;155 653 303;7;0;2;3;9;1
202300015406;155 653 300;7;0;1;8;1;1
202300015407;155 653 297;7;0;2;1;23;1
202300015407;155 653 299;7;0;2;1;1;1
202300015407;155 653 301;7;0;2;7;15;1
202300015408;155 653 295;33;0;0;0;0;1
202300015408;155 653 296;31;12;2;1;13;1
202300015409;155 653 293;7;0;1;1;1;1
202300015410;155 653 292;7;0;2;2;2;0
202300015410;155 653 294;2;0;2;4;2;0
202300015411;155 653 290;7;14;2;5;15;1
202300015411;155 653 291;32;0;2;1;1;1
202300015412;155 653 289;7;13;0;1;1;0
202300015413;155 653 287;40;0;2;1;1;3
202300015413;155 653 288;7;0;4;8;19;1
202300015414;155 653 284;7;0;2;1;14;1
202300015414;155 653 285;7;0;2;4;1;1
202300015415;155 653 283;7;0;2;1;1;0
202300015415;155 653 286;7;0;2;7;13;0
202300015416;155 653 281;33;0;2;1;1;1
202300015416;155 653 282;7;0;2;2;15;1
202300015417;155 653 277;7;0;0;0;15;1
202300015417;155 653 279;30;0;0;0;1;1
202300015418;155 653 275;7;0;2;3;23;0
202300015418;155 653 276;10;0;2;6;23;1
202300015418;155 653 278;7;0;0;0;0;0
202300015418;155 653 280;30;0;2;3;23;1
202300015419;155 653 273;7;0;2;1;15;1
202300015419;155 653 274;7;0;2;3;1;1
202300015420;155 653 271;7;0;2;2;1;1
202300015420;155 653 272;7;3;2;1;1;2
202300015421;155 653 270;7;0;1;3;26;1
202300015422;155 653 268;7;11;0;2;1;1
202300015423;155 653 267;7;0;2;1;16;1
202300015423;155 653 269;2;0;2;1;2;1
202300015424;155 653 265;7;0;1;2;1;1
202300015425;155 653 264;10;0;2;7;15;1
202300015425;155 653 266;33;0;2;1;1;1
202300015426;155 653 261;7;0;2;3;9;1
202300015426;155 653 262;33;0;2;1;1;1
202300015427;155 653 260;2;0;2;1;1;1
202300015427;155 653 263;7;0;2;2;15;0
202300015428;155 653 258;33;0;2;1;1;1
202300015428;155 653 259;7;0;2;7;15;1
202300015429;155 653 254;32;0;2;0;1;1
202300015429;155 653 256;34;0;2;0;1;0
202300015430;155 653 255;15;0;2;3;26;1
202300015430;155 653 257;7;0;2;7;26;1
202300015431;155 653 252;2;0;2;1;2;1
202300015431;155 653 253;7;14;0;6;2;1
202300015432;155 653 248;10;0;2;1;1;1
202300015432;155 653 249;15;4;0;2;0;1
202300015432;155 653 251;7;0;9;1;0;1
202300015433;155 653 247;7;0;2;2;1;1
202300015433;155 653 250;1;0;2;6;19;5
202300015434;155 653 245;13;0;0;2;16;1
202300015434;155 653 246;2;0;2;1;18;1
202300015435;155 653 243;50;0;2;1;26;3
202300015435;155 653 244;7;0;2;8;26;1
202300015436;155 653 241;10;0;1;1;2;1
202300015437;155 653 240;21;0;0;3;0;1
202300015437;155 653 242;32;0;0;1;0;1
202300015438;155 653 236;43;0;2;5;1;1
202300015438;155 653 238;7;0;2;0;11;1
202300015438;155 653 239;7;0;2;3;21;1
202300015439;155 653 234;7;0;0;6;23;1
202300015439;155 653 237;7;1;0;2;2;1
202300015440;155 653 233;7;0;2;4;1;1
202300015440;155 653 235;31;0;2;1;11;1
202300015441;155 653 230;7;0;2;1;5;1
202300015441;155 653 232;7;0;2;3;1;1
202300015442;155 653 229;80;0;2;8;1;3
202300015442;155 653 231;7;0;2;1;16;1
202300015443;155 653 227;33;0;2;7;17;1
202300015443;155 653 228;2;0;2;8;10;3
202300015444;155 653 225;7;0;2;1;17;1
202300015444;155 653 226;7;0;2;1;1;1
202300015445;155 653 223;10;0;2;3;1;1
202300015445;155 653 224;7;0;2;3;1;1
202300015446;155 653 222;2;4;0;1;19;1
202300015447;155 653 221;7;2;0;8;15;0
202300015448;155 653 220;10;0;1;1;15;1
202300015449;155 653 219;7;0;1;3;1;1
202300015450;155 653 217;33;0;0;7;1;1
202300015450;155 653 218;7;0;2;3;1;1
202300015451;155 653 216;50;15;0;1;0;3
202300015452;155 653 215;7;13;0;9;1;1
202300015453;155 653 214;2;0;0;0;23;1
202300015454;155 653 212;7;0;2;6;2;1
202300015454;155 653 213;7;0;2;2;2;1
202300015455;155 653 211;33;16;0;7;26;1
202300015456;155 653 208;7;0;2;4;23;1
202300015456;155 653 209;7;0;2;1;1;1
202300015456;155 653 210;10;0;2;9;21;1
202300015457;155 653 206;7;0;2;1;2;1
202300015457;155 653 207;7;0;2;4;2;1
202300015458;155 653 203;31;0;2;1;3;1
202300015458;155 653 204;7;0;2;6;1;1
202300015458;155 653 205;7;0;2;8;1;1
202300015459;155 653 201;42;0;2;8;3;1
202300015459;155 653 202;7;0;2;7;12;1
202300015460;155 653 199;7;0;2;2;12;3
202300015460;155 653 200;33;0;2;1;3;1
202300015461;155 653 198;43;0;0;0;3;1