Num_Acc;id_vehicule;categorie_vehicule;obstacle_fixe;obstacle_mobile;point_choc_initial;manoeuvre_principale;motorisation
202300015462;155 653 196;10;0;2;3;14;1
202300015462;155 653 197;7;0;2;5;1;1
202300015463;155 653 194;7;0;2;4;12;1
202300015463;155 653 195;43;0;2;1;3;1
202300015464;155 653 192;31;0;2;1;2;1
202300015464;155 653 193;10;0;2;4;1;1
202300015465;155 653 190;10;0;2;1;2;1
202300015465;155 653 191;7;0;2;4;1;1
202300015466;155 653 185;10;0;2;2;12;1
202300015466;155 653 186;7;0;2;5;2;1
202300015466;155 653 187;33;0;2;3;3;1
202300015466;155 653 188;7;0;2;5;2;2
202300015466;155 653 189;7;0;2;8;2;1
202300015467;155 653 183;7;8;0;3;16;1
202300015468;155 653 180;7;0;2;2;1;2
202300015468;155 653 181;7;0;2;7;1;1
202300015468;155 653 182;7;0;2;2;26;1
202300015469;155 653 178;15;0;2;3;13;1
202300015469;155 653 179;7;0;2;1;0;1
202300015470;155 653 177;7;15;0;0;1;1
202300015471;155 653 176;7;0;1;3;1;1
202300015472;155 653 175;2;0;1;1;0;0
202300015473;155 653 173;2;0;2;1;21;1
202300015473;155 653 174;34;0;2;7;15;1
202300015474;155 653 172;1;1;0;1;15;5
202300015475;155 653 170;7;0;2;1;15;1
202300015475;155 653 171;2;0;2;1;1;1
202300015476;155 653 168;7;0;9;8;19;1
202300015476;155 653 169;50;0;2;1;19;3
202300015477;155 653 166;7;0;2;1;2;0
202300015477;155 653 167;7;0;2;4;2;6
202300015478;155 653 164;31;0;2;0;17;1
202300015478;155 653 165;7;0;9;0;0;1
202300015479;155 653 162;7;0;2;3;15;1
202300015479;155 653 163;31;0;2;1;1;1
202300015480;155 653 160;7;0;2;3;2;1
202300015480;155 653 161;30;0;2;2;2;1
202300015481;155 653 157;7;0;2;3;15;1
202300015481;155 653 158;37;0;2;0;0;1
202300015481;155 653 159;34;0;2;8;1;1
202300015482;155 653 155;7;0;2;6;9;1
202300015482;155 653 156;7;0;2;2;1;1
202300015483;155 653 154;7;0;1;2;21;1
202300015484;155 653 153;7;1;0;1;2;0
202300015485;155 653 151;7;14;0;5;23;0
202300015485;155 653 152;7;9;2;1;2;0
202300015486;155 653 150;7;0;1;2;1;1
202300015487;155 653 147;7;0;2;2;0;1
202300015487;155 653 148;10;0;2;3;0;1
202300015487;155 653 149;7;11;0;1;0;1
202300015488;155 653 142;7;0;2;4;23;1
202300015488;155 653 143;7;0;2;4;1;1
202300015488;155 653 144;7;0;2;1;1;1
202300015488;155 653 145;7;0;2;4;1;1
202300015488;155 653 146;7;0;2;4;1;1
202300015489;155 653 140;10;0;2;2;1;1
202300015489;155 653 141;50;0;2;8;11;3
202300015490;155 653 139;33;13;0;0;1;1
202300015491;155 653 137;32;0;2;1;1;1
202300015491;155 653 138;7;0;2;3;9;1
202300015492;155 653 135;10;6;0;3;19;0
202300015492;155 653 136;33;6;0;2;1;1
202300015493;155 653 134;7;0;1;4;26;1
202300015494;155 653 132;7;0;2;1;1;1
202300015494;155 653 133;30;0;2;1;5;1
202300015495;155 653 129;7;0;1;1;1;1
202300015496;155 653 128;7;0;1;1;15;1
202300015497;155 653 126;7;0;9;1;1;1
202300015497;155 653 127;1;0;2;1;19;5
202300015498;155 653 120;13;0;2;4;2;1
202300015498;155 653 121;30;0;2;1;2;0
202300015499;155 653 118;7;0;2;8;1;1
202300015499;155 653 119;7;0;2;1;19;1
202300015500;155 653 117;7;0;1;1;1;1
202300015501;155 653 115;7;0;2;1;1;1
202300015501;155 653 116;30;0;2;1;13;1
202300015502;155 653 114;7;0;1;2;1;1
202300015503;155 653 112;33;0;2;3;1;1
202300015503;155 653 113;7;0;2;3;15;1
202300015504;155 653 111;33;0;0;7;16;1
202300015505;155 653 109;1;0;2;1;1;5
202300015505;155 653 110;7;0;2;3;1;1
202300015506;155 653 107;7;0;2;4;2;1
202300015506;155 653 108;30;0;2;1;2;1
202300015507;155 653 106;2;0;0;0;21;1
202300015508;155 653 105;7;8;0;1;13;1
202300015509;155 653 103;7;0;2;8;19;1
202300015509;155 653 104;33;0;2;1;1;1
202300015510;155 653 101;60;0;2;7;26;5
202300015510;155 653 102;7;0;2;1;16;0
202300015511;155 653 100;7;6;0;1;9;1
202300015512;155 653 098;7;0;2;2;23;1
202300015512;155 653 099;50;14;2;1;5;3
202300015513;155 653 097;7;0;1;2;1;1
202300015514;155 653 095;7;0;2;4;15;1
202300015514;155 653 096;50;0;2;1;21;3
202300015515;155 653 093;7;0;2;1;9;1
202300015515;155 653 094;80;0;2;1;1;3
202300015516;155 653 091;7;0;2;1;1;1
202300015516;155 653 092;7;0;2;3;15;1
202300015517;155 653 090;7;13;0;3;13;3
202300015518;155 653 088;80;0;2;7;2;3
202300015518;155 653 089;7;0;2;3;2;1
202300015519;155 653 086;33;0;2;7;17;1
202300015519;155 653 087;7;0;2;8;15;1
202300015520;155 653 084;7;0;2;1;1;1
202300015520;155 653 085;1;0;2;1;1;5
202300015521;155 653 083;30;12;0;8;11;1
202300015522;155 653 080;7;0;2;1;1;1
202300015522;155 653 081;7;0;2;4;1;1
202300015522;155 653 082;7;0;2;6;1;1
202300015523;155 653 078;7;0;2;7;16;1
202300015523;155 653 079;1;0;2;8;1;5
202300015524;155 653 076;33;0;0;1;1;1
202300015524;155 653 077;7;0;0;3;1;1
202300015525;155 653 075;7;0;1;5;0;1
202300015526;155 653 074;3;0;1;1;0;1
202300015527;155 653 072;7;0;2;1;1;1
202300015527;155 653 073;99;0;2;7;1;1
202300015528;155 653 071;7;0;1;7;26;1
202300015529;155 653 070;10;0;1;2;21;1
202300015530;155 653 068;30;0;2;1;2;1
202300015530;155 653 069;7;0;2;4;1;1
202300015531;155 653 066;7;0;2;2;1;0
202300015531;155 653 067;1;0;2;3;19;5
202300015532;155 653 063;7;0;2;8;13;1
202300015532;155 653 064;7;0;2;3;0;1
202300015532;155 653 065;7;0;2;1;1;1
202300015533;155 653 062;30;0;0;0;1;1
202300015534;155 653 061;30;12;0;2;20;1
202300015535;155 653 059;7;0;2;1;1;1
202300015535;155 653 060;7;0;2;7;1;1
202300015536;155 653 057;33;3;2;3;21;1
202300015536;155 653 058;10;0;2;8;1;1
202300015537;155 653 055;33;0;2;3;1;1
202300015537;155 653 056;7;0;2;3;15;1
202300015538;155 653 054;7;13;0;1;1;1
202300015539;155 653 051;7;0;2;3;1;1
202300015539;155 653 052;7;0;2;1;1;1
202300015539;155 653 053;7;0;2;4;1;1
202300015540;155 653 049;33;0;2;2;3;1
202300015540;155 653 050;7;0;2;8;11;1
202300015541;155 653 047;30;0;2;1;12;1
202300015541;155 653 048;7;0;2;5;1;1
202300015542;155 653 046;7;1;0;1;13;1
202300015543;155 653 044;1;0;2;7;14;5
202300015543;155 653 045;7;0;2;8;1;1
202300015544;155 653 042;7;0;2;5;12;1
202300015544;155 653 043;33;0;2;3;1;1
202300015545;155 653 039;10;0;2;3;1;1
202300015545;155 653 040;10;0;2;6;1;1
202300015545;155 653 041;10;0;2;3;13;1
202300015546;155 653 037;7;0;2;2;1;0
202300015546;155 653 038;50;0;2;0;0;3
202300015547;155 653 033;7;0;2;8;15;1
202300015547;155 653 034;10;0;2;2;17;1
202300015548;155 653 031;7;0;2;1;1;1
202300015548;155 653 032;7;0;2;1;1;1
202300015549;155 653 029;99;0;2;4;1;1
202300015549;155 653 030;7;0;2;1;1;1
202300015550;155 653 027;7;0;2;3;15;1
202300015550;155 653 028;30;0;2;1;1;1
202300015551;155 653 026;7;0;1;3;1;1
202300015552;155 653 024;7;0;2;3;15;1
202300015552;155 653 025;1;0;2;1;1;5
202300015553;155 653 023;7;15;0;1;1;1
202300015554;155 653 021;50;0;2;4;1;3
202300015554;155 653 022;7;0;2;2;15;1
202300015555;155 653 020;7;0;1;7;26;1
202300015556;155 653 019;7;0;1;1;1;0
202300015557;155 653 018;50;0;1;1;25;3
202300015558;155 653 017;30;0;0;7;14;1
202300015559;155 653 015;32;0;2;4;23;1
202300015559;155 653 016;7;0;2;1;2;1
202300015560;155 653 013;33;0;2;1;1;1
202300015560;155 653 014;7;0;2;2;9;1
202300015561;155 653 012;7;0;1;2;1;1
202300015562;155 653 008;7;0;2;4;2;1
202300015562;155 653 009;10;0;2;1;21;1
202300015562;155 653 010;7;0;2;1;2;1
202300015562;155 653 011;10;0;2;4;2;1
202300015563;155 653 005;33;0;2;3;3;1
202300015563;155 653 006;7;0;2;7;1;1
202300015563;155 653 007;31;0;2;5;12;1
202300015564;155 653 002;7;0;2;6;2;2
202300015564;155 653 003;7;0;2;1;2;1
202300015564;155 653 004;7;0;2;5;2;1
202300015565;155 653 000;7;0;2;1;2;1
202300015565;155 653 001;31;0;2;1;2;1
202300015566;155 652 999;1;0;1;1;1;5
202300015567;155 652 997;10;0;2;4;1;1
202300015567;155 652 998;7;0;2;4;23;1
202300015568;155 652 996;7;0;1;5;1;1
202300015569;155 652 994;7;0;2;3;1;1
202300015569;155 652 995;1;0;2;7;1;5
202300015570;155 652 992;7;0;2;7;22;1
202300015570;155 652 993;1;0;2;1;1;5
202300015571;155 652 990;7;0;2;0;15;3
202300015571;155 652 991;2;0;2;0;1;3
202300015572;155 652 987;7;0;2;8;1;1
202300015572;155 652 988;7;0;2;3;1;1
202300015572;155 652 989;1;0;2;3;21;5
202300015573;155 652 985;1;0;2;8;13;5
202300015573;155 652 986;7;0;2;2;23;3
202300015574;155 652 983;31;0;2;2;1;1
202300015574;155 652 984;7;0;2;3;10;1
202300015575;155 652 981;7;0;0;3;22;1
202300015575;155 652 982;1;1;0;1;1;5
202300015576;155 652 980;50;0;1;1;2;3
202300015577;155 652 977;7;0;2;1;1;1
202300015577;155 652 978;7;0;2;1;1;1
202300015577;155 652 979;7;0;2;1;1;1
202300015578;155 652 975;7;4;2;8;2;1
202300015578;155 652 976;2;4;2;7;2;1
202300015579;155 652 973;33;0;2;0;1;1
202300015579;155 652 974;7;0;2;2;15;1
202300015580;155 652 971;7;0;2;3;2;1
202300015580;155 652 972;31;0;2;2;2;1
202300015581;155 652 970;50;9;0;0;1;3
202300015582;155 652 969;7;0;1;1;1;1
202300015583;155 652 967;7;0;2;6;15;2
202300015583;155 652 968;30;0;2;1;1;1
202300015584;155 652 965;1;0;9;1;2;5
202300015584;155 652 966;1;0;0;4;2;5
202300015585;155 652 963;7;1;0;2;17;1
202300015585;155 652 964;13;0;2;8;26;1
202300015586;155 652 961;7;0;9;6;11;0
202300015586;155 652 962;33;0;2;1;3;1
202300015587;155 652 959;32;0;2;1;0;1
202300015587;155 652 960;7;0;2;3;6;1
202300015588;155 652 958;7;0;1;1;1;1
202300015589;155 652 956;80;0;2;6;1;3
202300015589;155 652 957;0;0;9;2;1;0
202300015590;155 652 954;30;0;2;1;11;1
202300015590;155 652 955;7;0;2;8;11;1
202300015591;155 652 953;34;0;1;2;2;1
202300015592;155 652 952;30;8;0;1;1;1
202300015593;155 652 950;33;0;1;1;21;1
202300015593;155 652 951;7;0;2;5;0;1
202300015594;155 652 949;32;0;1;1;1;1
202300015595;155 652 947;7;1;2;1;14;1
202300015595;155 652 948;7;0;2;4;23;3
202300015596;155 652 946;2;0;0;0;2;1
202300015597;155 652 945;7;16;0;3;0;1
202300015598;155 652 944;2;12;0;1;1;1
202300015599;155 652 942;33;0;2;1;2;1
202300015599;155 652 943;7;0;2;8;15;1
202300015600;155 652 940;33;0;2;7;2;1
202300015600;155 652 941;7;0;2;8;2;1
202300015601;155 652 938;33;0;2;1;17;1
202300015601;155 652 939;10;0;2;6;15;1
202300015602;155 652 937;7;0;1;1;1;1
202300015603;155 652 934;7;2;0;1;1;1
202300015604;155 652 933;33;0;0;0;0;0
202300015605;155 652 932;1;0;0;0;1;5
202300015606;155 652 929;7;0;2;3;1;1
202300015606;155 652 930;7;0;2;1;1;1
202300015606;155 652 931;10;0;2;3;1;1
202300015607;155 652 928;7;17;0;1;1;1
202300015608;155 652 927;7;2;0;8;13;1
202300015609;155 652 925;7;0;2;1;13;1
202300015609;155 652 926;7;0;2;1;1;1
202300015610;155 652 923;7;0;2;2;2;0
202300015610;155 652 924;7;0;2;3;26;0
202300015611;155 652 922;7;6;0;1;0;1
202300015612;155 652 920;33;0;0;2;2;1
202300015612;155 652 921;7;0;0;6;2;1
202300015613;155 652 918;7;3;2;2;2;1
202300015613;155 652 919;13;0;2;2;2;1
202300015614;155 652 917;7;6;0;3;1;6
202300015615;155 652 916;7;13;0;1;14;1
202300015616;155 652 915;7;3;0;1;14;1
202300015617;155 652 913;7;0;2;2;12;1
202300015617;155 652 914;7;3;0;6;1;1
202300015618;155 652 909;7;0;2;3;9;1
202300015618;155 652 912;50;0;2;0;1;3
202300015619;155 652 910;7;0;2;1;15;1
202300015619;155 652 911;7;0;2;1;1;1
202300015620;155 652 906;7;0;2;1;1;1
202300015620;155 652 907;7;0;2;4;0;1
202300015620;155 652 908;7;0;2;4;1;1
202300015621;155 652 904;7;0;2;1;1;1
202300015621;155 652 905;7;0;2;8;1;1
202300015622;155 652 902;7;0;2;1;2;1
202300015622;155 652 903;7;0;2;4;2;1
202300015623;155 652 901;7;0;1;1;1;2
202300015624;155 652 900;33;13;0;9;1;1
202300015625;155 652 898;2;0;2;1;13;1
202300015625;155 652 899;10;0;2;3;1;1
202300015626;155 652 897;7;2;0;3;0;1
202300015627;155 652 895;7;0;2;3;9;0
202300015627;155 652 896;32;0;2;1;17;0
202300015628;155 652 893;10;0;2;1;2;1
202300015628;155 652 894;17;0;2;4;1;0
202300015629;155 652 891;2;9;0;1;17;1
202300015629;155 652 892;7;0;0;8;1;0
202300015630;155 652 889;7;6;0;1;0;1
202300015631;155 652 887;7;0;2;1;5;0
202300015631;155 652 888;7;0;2;1;1;0
202300015632;155 652 886;33;0;0;0;0;1
202300015633;155 652 885;7;2;0;1;1;1
202300015634;155 652 883;50;0;2;1;17;3
202300015634;155 652 884;7;0;9;6;15;1
202300015635;155 652 881;7;0;2;2;1;1
202300015635;155 652 882;50;0;2;0;25;3
202300015636;155 652 880;7;3;0;3;17;1
202300015637;155 652 878;7;0;2;1;1;1
202300015637;155 652 879;10;0;2;3;19;1
202300015638;155 652 877;7;0;5;3;21;1
202300015639;155 652 876;7;6;0;3;0;1
202300015640;155 652 875;33;6;0;1;0;1
202300015641;155 652 872;7;1;2;9;3;1
202300015641;155 652 873;10;0;0;8;0;1
202300015641;155 652 874;10;0;0;5;0;1
202300015642;155 652 870;7;0;2;2;17;1
202300015642;155 652 871;7;0;2;3;15;1
202300015643;155 652 868;7;0;2;3;1;1
202300015643;155 652 869;7;0;2;1;13;1
202300015644;155 652 867;2;0;0;1;1;1
202300015645;155 652 866;7;0;1;3;1;1
202300015646;155 652 864;7;0;2;8;9;1
202300015646;155 652 865;33;0;2;2;1;1
202300015647;155 652 863;33;10;0;1;1;1
202300015648;155 652 861;7;0;2;3;13;1
202300015648;155 652 862;7;0;2;3;1;1
202300015649;155 652 860;7;13;0;2;1;4
202300015650;155 652 855;7;0;2;1;13;1
202300015650;155 652 856;10;0;2;3;1;1
202300015650;155 652 857;7;0;2;1;1;1
202300015650;155 652 858;7;0;2;9;1;1
202300015650;155 652 859;7;0;2;3;1;1
202300015651;155 652 854;7;0;0;0;0;0
202300015652;155 652 852;7;0;2;6;17;1
202300015652;155 652 853;2;0;0;8;2;1
202300015653;155 652 851;10;2;0;5;1;1
202300015654;155 652 849;7;0;2;3;1;1
202300015654;155 652 850;7;13;2;3;1;1
202300015655;155 652 848;7;0;1;1;0;1
202300015656;155 652 847;33;0;0;0;16;1
202300015657;155 652 843;7;0;0;4;23;1
202300015657;155 652 844;7;0;2;1;1;1
202300015657;155 652 845;7;0;2;2;1;1
202300015657;155 652 846;7;0;2;1;1;1
202300015658;155 652 842;31;0;0;9;1;1
202300015659;155 652 839;7;0;2;7;13;1
202300015659;155 652 840;13;0;2;1;1;1
202300015660;155 652 837;10;0;2;2;1;1
202300015660;155 652 838;50;0;2;7;9;3
202300015661;155 652 835;7;0;2;1;1;1
202300015661;155 652 836;15;0;2;1;1;1
202300015662;155 652 831;7;0;2;1;2;1
202300015662;155 652 832;7;0;2;4;2;1
202300015662;155 652 833;33;0;2;4;2;0
202300015662;155 652 834;7;0;2;4;2;1
202300015663;155 652 829;7;0;2;3;1;1
202300015663;155 652 830;7;0;2;3;1;1
202300015664;155 652 827;33;12;2;1;1;1
202300015664;155 652 828;7;0;2;1;1;1
202300015665;155 652 825;7;0;2;3;13;1
202300015665;155 652 826;33;0;0;8;1;1
202300015666;155 652 824;33;0;0;0;1;1
202300015667;155 652 822;31;0;0;7;15;1
202300015667;155 652 823;10;0;2;1;1;1
202300015668;155 652 820;7;0;2;8;1;1
202300015668;155 652 821;33;0;2;8;1;1
202300015669;155 652 819;2;0;0;0;26;1
202300015670;155 652 818;7;3;0;1;1;1
202300015671;155 652 817;1;1;0;1;0;5
202300015672;155 652 816;33;7;0;1;1;1
202300015673;155 652 815;7;0;0;1;1;1
202300015674;155 652 814;7;8;0;1;14;1
202300015675;155 652 812;7;13;2;3;13;1
202300015675;155 652 813;7;13;2;3;0;1
202300015676;155 652 810;7;1;2;3;15;1
202300015676;155 652 811;2;0;2;1;1;1
202300015677;155 652 808;7;0;2;3;5;1
202300015677;155 652 809;7;0;2;3;5;1
202300015678;155 652 806;31;0;2;1;1;1
202300015678;155 652 807;7;0;2;3;1;1
202300015679;155 652 804;7;0;2;7;1;1
202300015679;155 652 805;80;0;2;8;15;3
202300015680;155 652 802;7;0;2;1;19;1
202300015680;155 652 803;15;0;0;8;1;1
202300015681;155 652 801;14;0;1;1;1;1
202300015682;155 652 797;15;0;9;8;1;1
202300015682;155 652 798;1;0;2;1;19;5
202300015683;155 652 796;7;6;0;9;1;1
202300015684;155 652 792;7;0;2;4;2;1
202300015684;155 652 793;7;0;2;1;2;1
202300015684;155 652 794;7;0;2;4;2;1
202300015685;155 652 791;2;4;0;0;1;1
202300015686;155 652 789;7;0;0;8;1;1
202300015686;155 652 790;7;0;2;3;9;1
202300015687;155 652 787;7;0;2;7;15;1
202300015687;155 652 788;33;0;2;1;1;1
202300015688;155 652 784;7;0;0;5;3;1
202300015688;155 652 785;7;0;0;4;1;1
202300015688;155 652 786;10;0;0;1;2;1
202300015689;155 652 780;7;0;0;4;1;1
202300015689;155 652 781;7;0;2;1;1;1
202300015689;155 652 782;7;0;2;1;1;1
202300015689;155 652 783;7;0;2;3;1;1
202300015690;155 652 778;33;0;2;8;13;1
202300015690;155 652 779;7;0;0;7;2;1
202300015691;155 652 776;31;0;2;1;1;1
202300015691;155 652 777;7;0;2;3;15;1
202300015692;155 652 774;7;0;2;1;13;1
202300015692;155 652 775;7;0;2;1;16;1
202300015693;155 652 773;7;13;0;1;21;1
202300015694;155 652 771;2;0;2;3;0;1
202300015694;155 652 772;10;0;2;5;17;1
202300015695;155 652 768;7;0;2;1;2;1
202300015695;155 652 769;7;0;2;6;15;1
202300015696;155 652 766;7;0;2;1;14;1
202300015696;155 652 767;7;0;2;1;1;1
202300015697;155 652 763;7;8;0;2;14;1
202300015698;155 652 761;7;0;2;7;1;1
202300015698;155 652 762;7;0;2;1;1;1
202300015699;155 652 760;7;6;0;1;14;1
202300015700;155 652 759;33;0;0;8;15;0
202300015701;155 652 757;7;3;2;1;13;3
202300015701;155 652 758;7;3;2;1;0;1
202300015702;155 652 755;7;0;0;3;5;1
202300015702;155 652 756;7;0;0;3;1;3
202300015703;155 652 753;7;0;0;5;1;1
202300015703;155 652 754;7;2;2;2;5;1
202300015704;155 652 751;10;0;2;2;13;0
202300015704;155 652 752;7;0;2;7;13;0
202300015705;155 652 750;33;6;0;1;1;1
202300015706;155 652 748;7;0;2;3;1;1
202300015706;155 652 749;33;0;2;7;13;1
202300015707;155 652 746;7;0;2;3;11;1
202300015707;155 652 747;33;1;2;2;2;1
202300015708;155 652 744;10;0;2;2;13;1
202300015708;155 652 745;7;13;2;2;1;1
202300015709;155 652 742;10;0;2;8;1;1
202300015709;155 652 743;7;0;2;1;1;1
202300015710;155 652 739;7;0;2;3;11;1
202300015710;155 652 740;2;0;2;1;1;1
202300015710;155 652 741;7;0;0;3;23;1
202300015711;155 652 738;10;0;1;4;4;1
202300015712;155 652 736;33;0;2;1;1;1
202300015712;155 652 737;7;0;2;7;15;1
202300015713;155 652 734;7;0;2;2;12;1
202300015713;155 652 735;31;0;2;3;1;1
202300015714;155 652 732;7;0;2;4;2;1
202300015714;155 652 733;31;0;2;1;2;1
202300015715;155 652 730;10;3;2;6;2;1
202300015715;155 652 731;43;3;2;7;2;1
202300015716;155 652 728;33;0;2;1;3;1
202300015716;155 652 729;7;0;2;4;11;1
202300015717;155 652 726;7;0;2;6;13;1
202300015717;155 652 727;33;0;2;2;12;1
202300015718;155 652 725;7;1;0;3;1;1
202300015719;155 652 724;7;4;0;1;1;1
202300015720;155 652 721;10;0;2;3;15;1
202300015720;155 652 722;2;0;2;4;1;1
202300015720;155 652 723;7;0;2;4;1;1
202300015721;155 652 719;7;0;2;1;1;1
202300015721;155 652 720;2;0;2;3;1;1
202300015722;155 652 718;33;0;1;1;2;1
202300015723;155 652 716;99;0;2;1;1;1
202300015723;155 652 717;7;0;2;7;19;1
202300015724;155 652 714;7;0;2;1;1;1
202300015724;155 652 715;7;0;2;7;19;1
202300015725;155 652 713;7;0;1;3;15;1
202300015726;155 652 711;7;0;2;1;2;1
202300015726;155 652 712;7;0;2;2;15;1
202300015727;155 652 709;31;0;2;6;0;6
202300015727;155 652 710;7;0;2;3;0;6
202300015728;155 652 708;30;0;1;1;1;1
202300015729;155 652 706;7;1;2;7;0;0
202300015729;155 652 707;7;0;2;8;0;1
202300015730;155 652 704;7;0;2;0;2;0
202300015730;155 652 705;7;0;2;0;2;0
202300015731;155 652 702;7;0;2;1;1;1
202300015731;155 652 703;7;0;2;2;19;1
202300015732;155 652 700;30;0;2;0;0;0
202300015732;155 652 701;3;0;2;7;17;3
202300015733;155 652 698;2;0;2;8;9;1
202300015733;155 652 699;7;0;2;2;1;1
202300015734;155 652 697;2;0;0;0;1;1
202300015735;155 652 695;33;0;2;8;1;0
202300015735;155 652 696;7;0;2;0;10;1
202300015736;155 652 689;7;0;2;7;23;1
202300015736;155 652 690;33;14;0;0;3;1
202300015736;155 652 691;7;0;2;5;23;3
202300015736;155 652 692;10;0;2;5;23;1
202300015737;155 652 687;50;0;2;1;1;3
202300015737;155 652 688;7;0;2;6;1;1
202300015738;155 652 685;10;0;2;4;1;1
202300015738;155 652 686;10;0;2;1;1;1
202300015739;155 652 683;7;0;2;1;1;1
202300015739;155 652 684;7;0;2;4;0;1
202300015740;155 652 681;10;0;2;4;23;1
202300015740;155 652 682;7;0;2;1;2;1
202300015741;155 652 679;7;0;2;1;15;1
202300015741;155 652 680;2;0;2;3;1;1
202300015742;155 652 677;30;0;2;1;15;1
202300015742;155 652 678;7;0;2;3;1;1
202300015743;155 652 676;7;0;1;1;1;1
202300015744;155 652 674;10;13;2;3;2;1
202300015744;155 652 675;7;0;2;5;2;1
202300015745;155 652 672;7;0;2;1;1;1
202300015745;155 652 673;10;6;2;7;1;1
202300015746;155 652 671;7;6;0;1;1;1
202300015747;155 652 669;7;0;2;2;15;1
202300015747;155 652 670;33;0;2;1;1;1
202300015748;155 652 668;7;0;2;0;0;1
202300015749;155 652 667;7;6;0;1;14;1
202300015750;155 652 665;7;0;2;1;1;1
202300015750;155 652 666;7;0;2;6;1;1
202300015751;155 652 663;7;0;2;5;9;1
202300015751;155 652 664;7;0;2;3;1;1
202300015752;155 652 661;7;0;2;2;1;1
202300015752;155 652 662;7;0;2;3;9;1
202300015753;155 652 659;7;0;2;2;1;1
202300015753;155 652 660;10;0;2;8;1;1
202300015754;155 652 657;31;11;2;9;17;1
202300015754;155 652 658;7;0;2;1;1;1
202300015755;155 652 655;7;13;0;2;1;1
202300015755;155 652 656;7;0;0;0;16;1
202300015756;155 652 653;7;0;2;1;21;1
202300015756;155 652 654;7;0;2;4;1;1
202300015757;155 652 651;33;0;2;1;12;1
202300015757;155 652 652;7;0;2;3;1;1
202300015758;155 652 649;7;0;2;2;1;1
202300015758;155 652 650;7;0;2;3;1;1
202300015759;155 652 645;7;0;2;4;2;1
202300015759;155 652 646;7;0;2;1;2;1
202300015760;155 652 644;7;0;1;1;20;1
202300015761;155 652 642;7;0;2;1;1;1
202300015761;155 652 643;7;0;2;4;23;1
202300015762;155 652 640;10;0;2;6;11;1
202300015762;155 652 641;43;0;2;1;1;1
202300015763;155 652 638;7;0;2;5;1;6
202300015763;155 652 639;32;0;2;3;1;1
202300015764;155 652 635;31;0;0;1;1;1
202300015764;155 652 636;7;0;2;2;1;1
202300015764;155 652 637;7;0;9;3;1;1
202300015765;155 652 633;7;0;2;3;5;1
202300015765;155 652 634;7;0;2;3;26;1
202300015766;155 652 632;7;0;1;4;4;1
202300015767;155 652 630;7;0;2;2;20;1
202300015767;155 652 631;1;0;2;2;1;5
202300015768;155 652 629;7;0;1;3;15;1
202300015769;155 652 627;7;0;2;1;2;1
202300015769;155 652 628;7;0;1;4;26;1
202300015770;155 652 625;39;0;0;0;0;0
202300015770;155 652 626;7;0;4;2;19;1
202300015771;155 652 623;7;0;2;1;13;0
202300015771;155 652 624;7;0;2;1;1;0
202300015772;155 652 622;30;0;1;1;1;1
202300015773;155 652 620;7;0;2;0;16;1
202300015773;155 652 621;7;0;2;6;13;1
202300015774;155 652 618;0;0;2;3;15;1
202300015774;155 652 619;7;0;2;3;1;1
202300015775;155 652 616;1;0;2;5;0;5
202300015775;155 652 617;7;0;9;3;1;1
202300015776;155 652 615;3;9;0;1;2;0
202300015777;155 652 614;7;0;1;1;2;1
202300015778;155 652 612;31;0;2;7;2;1
202300015778;155 652 613;7;0;2;3;11;1
202300015779;155 652 610;7;0;2;8;11;1
202300015779;155 652 611;43;0;2;2;1;1
202300015780;155 652 608;7;0;2;1;1;1
202300015780;155 652 609;30;0;2;9;18;1
202300015781;155 652 606;7;0;2;4;2;1
202300015781;155 652 607;7;0;2;1;2;1
202300015782;155 652 604;10;0;2;1;15;1
202300015782;155 652 605;32;0;2;1;1;1
202300015783;155 652 602;32;0;2;7;1;1
202300015783;155 652 603;10;0;2;3;9;1
202300015784;155 652 601;43;0;1;3;9;1
202300015785;155 652 600;10;0;1;4;4;3
202300015786;155 652 598;50;1;0;1;1;3
202300015786;155 652 599;7;0;2;8;24;1
202300015787;155 652 596;7;0;2;8;22;1
202300015787;155 652 597;1;1;0;1;1;5
202300015788;155 652 594;1;0;2;1;1;5
202300015788;155 652 595;99;0;2;6;15;1
202300015789;155 652 593;1;0;1;1;1;5
202300015790;155 652 592;30;14;0;2;14;1
202300015791;155 652 591;50;0;0;0;1;3
202300015792;155 652 589;7;0;2;5;9;1
202300015792;155 652 590;33;0;2;1;1;1
202300015793;155 652 587;80;8;2;1;1;3
202300015793;155 652 588;7;0;2;1;9;1
202300015794;155 652 584;7;0;2;4;2;1
202300015794;155 652 585;7;0;2;1;2;1
202300015794;155 652 586;10;0;2;9;1;1
202300015795;155 652 582;7;0;2;3;15;1
202300015795;155 652 583;33;0;2;1;21;1
202300015796;155 652 580;30;0;2;1;2;1
202300015796;155 652 581;10;0;2;8;9;1
202300015797;155 652 578;7;0;2;6;1;1
202300015797;155 652 579;33;0;2;1;9;1
202300015798;155 652 576;7;8;2;1;1;2
202300015798;155 652 577;7;0;2;0;0;1
202300015799;155 652 574;43;0;2;6;2;1
202300015799;155 652 575;7;1;2;0;0;0