Num_Acc;id_vehicule;categorie_vehicule;obstacle_fixe;obstacle_mobile;point_choc_initial;manoeuvre_principale;motorisation
202300015800;155 652 572;31;0;0;4;0;1
202300015800;155 652 573;7;0;2;1;16;1
202300015801;155 652 570;10;0;1;1;1;1
202300015802;155 652 569;7;0;9;4;23;1
202300015802;155 652 571;1;0;2;1;2;5
202300015803;155 652 566;7;0;2;0;0;0
202300015803;155 652 567;7;0;2;0;0;
202300015804;155 652 565;10;0;2;7;15;1
202300015804;155 652 568;33;0;2;3;1;1
202300015805;155 652 564;37;0;1;2;16;2
202300015806;155 652 560;7;0;2;3;10;1
202300015806;155 652 562;33;0;2;1;17;1
202300015807;155 652 561;33;0;2;1;9;1
202300015807;155 652 563;7;0;2;2;9;1
202300015808;155 652 557;0;0;2;2;0;1
202300015808;155 652 559;50;0;2;3;0;3
202300015809;155 652 552;7;0;2;1;18;1
202300015809;155 652 554;7;0;2;5;1;1
202300015809;155 652 556;7;0;2;8;1;1
202300015809;155 652 558;10;0;2;5;1;1
202300015810;155 652 551;7;0;1;2;2;1
202300015811;155 652 548;7;0;2;4;1;1
202300015811;155 652 550;7;0;2;1;1;1
202300015812;155 652 549;7;0;1;3;26;1
202300015813;155 652 545;7;0;2;1;2;1
202300015813;155 652 546;7;0;2;4;2;1
202300015813;155 652 547;10;0;2;1;2;1
202300015814;155 652 543;33;0;2;1;1;1
202300015814;155 652 544;7;0;0;2;15;1
202300015815;155 652 540;10;0;2;0;0;0
202300015815;155 652 541;7;0;2;1;1;1
202300015815;155 652 542;7;0;2;4;0;1
202300015816;155 652 538;7;0;2;1;1;0
202300015816;155 652 539;7;0;2;4;2;0
202300015817;155 652 537;34;0;1;1;1;1
202300015818;155 652 536;7;0;1;2;1;1
202300015819;155 652 534;7;0;2;3;1;1
202300015819;155 652 535;7;0;2;8;15;1
202300015820;155 652 533;7;6;0;1;16;1
202300015821;155 652 531;34;0;2;7;17;1
202300015821;155 652 532;7;0;2;3;15;1
202300015822;155 652 529;2;0;2;2;26;1
202300015822;155 652 530;7;0;2;2;19;1
202300015823;155 652 528;31;14;0;7;3;1
202300015824;155 652 524;33;0;2;7;23;1
202300015824;155 652 527;17;0;2;6;16;1
202300015825;155 652 525;7;0;2;1;15;1
202300015825;155 652 526;7;0;2;1;1;1
202300015826;155 652 521;80;0;2;1;1;3
202300015826;155 652 523;1;0;2;1;1;5
202300015827;155 652 520;7;0;2;1;1;1
202300015827;155 652 522;7;0;2;4;1;1
202300015828;155 652 516;31;0;2;1;2;1
202300015828;155 652 517;10;0;2;4;1;1
202300015829;155 652 515;7;0;1;4;9;2
202300015830;155 652 514;7;0;1;1;1;3
202300015831;155 652 511;7;0;2;3;16;1
202300015831;155 652 512;50;0;2;1;1;3
202300015832;155 652 513;7;0;1;2;1;0
202300015833;155 652 510;33;8;0;3;7;1
202300015834;155 652 508;7;0;2;4;1;1
202300015834;155 652 509;10;0;2;4;2;1
202300015835;155 652 506;7;0;2;7;15;1
202300015835;155 652 507;30;0;2;1;1;1
202300015836;155 652 504;1;1;0;1;1;5
202300015836;155 652 505;7;0;2;2;22;1
202300015837;155 652 502;7;0;2;1;9;1
202300015837;155 652 503;2;0;2;8;9;1
202300015838;155 652 500;7;0;1;2;1;1
202300015839;155 652 501;7;0;1;8;1;1
202300015840;155 652 498;10;0;2;8;13;1
202300015840;155 652 499;33;0;2;7;17;1
202300015841;155 652 495;3;0;1;4;4;1
202300015842;155 652 496;1;1;0;1;1;5
202300015842;155 652 497;10;0;2;3;24;1
202300015843;155 652 491;33;0;2;3;18;1
202300015843;155 652 494;10;0;0;2;14;1
202300015844;155 652 492;7;0;2;2;1;2
202300015844;155 652 493;1;0;2;0;1;5
202300015845;155 652 488;50;0;2;1;1;3
202300015845;155 652 490;7;0;2;2;1;2
202300015846;155 652 487;33;8;2;9;18;1
202300015846;155 652 489;7;0;2;7;2;1
202300015847;155 652 484;34;0;2;3;18;1
202300015847;155 652 486;7;0;2;2;1;1
202300015848;155 652 483;33;0;2;4;23;1
202300015848;155 652 485;7;0;2;1;1;1
202300015849;155 652 481;2;0;0;4;23;3
202300015849;155 652 482;7;0;2;2;2;3
202300015850;155 652 479;2;0;2;7;5;3
202300015850;155 652 480;7;0;2;1;1;1
202300015851;155 652 476;1;0;2;5;1;5
202300015851;155 652 478;7;0;2;0;1;0
202300015852;155 652 475;32;0;2;1;1;1
202300015852;155 652 477;7;0;2;3;26;3
202300015853;155 652 472;33;0;2;1;17;1
202300015853;155 652 474;7;12;2;3;15;1
202300015854;155 652 471;14;0;2;2;16;1
202300015854;155 652 473;1;0;2;4;1;5
202300015855;155 652 466;7;0;2;2;1;1
202300015855;155 652 470;7;0;2;3;15;1
202300015856;155 652 467;14;0;2;1;1;1
202300015856;155 652 469;10;0;2;6;24;1
202300015857;155 652 465;30;0;2;0;1;1
202300015857;155 652 468;10;0;2;6;1;1
202300015858;155 652 462;7;13;0;1;13;1
202300015859;155 652 461;33;0;2;1;3;1
202300015859;155 652 463;7;0;2;5;1;2
202300015860;155 652 459;7;0;1;4;4;1
202300015861;155 652 460;7;0;2;3;1;3
202300015861;155 652 464;7;0;2;2;19;0
202300015862;155 652 457;33;0;2;1;9;1
202300015862;155 652 458;7;0;2;4;9;1
202300015863;155 652 456;7;0;1;2;26;0
202300015864;155 652 453;7;0;2;3;11;2
202300015864;155 652 454;31;0;2;2;2;3
202300015865;155 652 448;7;0;2;2;15;1
202300015865;155 652 451;1;0;2;8;2;5
202300015866;155 652 450;7;0;2;1;19;6
202300015866;155 652 452;7;0;2;7;19;6
202300015867;155 652 449;7;0;2;2;9;1
202300015867;155 652 455;7;0;2;3;0;1
202300015868;155 652 446;80;0;2;8;19;3
202300015868;155 652 447;7;0;2;2;1;1
202300015869;155 652 445;3;0;0;1;1;1
202300015870;155 652 443;1;0;0;0;1;5
202300015871;155 652 439;7;0;1;0;20;0
202300015872;155 652 440;7;0;2;1;15;1
202300015872;155 652 442;7;0;2;1;1;1
202300015873;155 652 437;7;4;0;9;1;1
202300015874;155 652 441;1;0;2;1;1;5
202300015874;155 652 444;10;0;2;3;1;1
202300015875;155 652 436;7;0;2;3;1;1
202300015875;155 652 438;33;6;2;1;26;1
202300015876;155 652 432;7;0;0;3;15;1
202300015876;155 652 433;2;0;2;2;1;1
202300015877;155 652 430;10;0;2;1;26;1
202300015877;155 652 434;13;0;2;2;1;1
202300015878;155 652 428;10;4;0;0;26;1
202300015879;155 652 425;33;0;2;1;1;0
202300015879;155 652 426;7;0;2;7;0;1
202300015880;155 652 424;50;0;1;1;1;3
202300015881;155 652 427;7;0;2;1;1;1
202300015881;155 652 429;7;0;2;4;1;1
202300015882;155 652 422;10;0;2;4;1;1
202300015882;155 652 423;7;0;2;1;1;1
202300015883;155 652 420;1;0;2;4;2;5
202300015883;155 652 421;32;0;2;1;2;1
202300015884;155 652 417;1;1;2;1;1;5
202300015884;155 652 419;1;1;2;1;21;5
202300015885;155 652 415;31;0;2;7;1;1
202300015885;155 652 416;21;0;2;8;15;1
202300015886;155 652 412;33;0;0;9;0;1
202300015887;155 652 411;7;4;2;1;11;1
202300015887;155 652 413;7;0;2;6;13;1
202300015887;155 652 414;7;4;2;1;1;1
202300015888;155 652 409;10;0;2;7;14;1
202300015888;155 652 410;31;0;2;8;1;1
202300015889;155 652 407;7;0;1;5;4;1
202300015890;155 652 406;2;0;2;1;1;1
202300015890;155 652 408;7;0;2;4;23;1
202300015891;155 652 405;33;0;0;7;2;1
202300015892;155 652 402;15;0;2;2;14;1
202300015892;155 652 404;7;0;2;6;1;2
202300015893;155 652 401;1;0;2;1;0;5
202300015893;155 652 403;7;0;9;1;19;1
202300015894;155 652 400;7;0;1;2;1;1
202300015895;155 652 397;60;0;2;3;1;5
202300015895;155 652 398;7;0;2;2;15;1
202300015896;155 652 396;7;4;2;2;17;1
202300015896;155 652 399;7;3;2;8;1;1
202300015897;155 652 395;7;0;0;9;2;1
202300015898;155 652 393;7;1;0;2;0;1
202300015899;155 652 392;7;13;0;9;1;1
202300015900;155 652 394;7;4;2;2;1;1
202300015901;155 652 390;7;0;1;1;1;0
202300015902;155 652 387;7;0;2;7;12;1
202300015902;155 652 389;32;0;2;8;3;1
202300015903;155 652 386;2;3;0;2;1;1
202300015904;155 652 383;7;0;2;1;2;1
202300015904;155 652 385;7;0;2;4;2;2
202300015905;155 652 382;33;2;0;1;1;1
202300015906;155 652 384;32;0;0;0;3;1
202300015907;155 652 381;33;0;0;1;1;1
202300015908;155 652 380;80;0;9;1;17;3
202300015909;155 652 378;33;0;0;0;15;1
202300015910;155 652 375;14;0;2;3;16;1
202300015910;155 652 377;7;0;0;3;16;1
202300015911;155 652 374;7;0;2;4;1;1
202300015911;155 652 376;10;0;2;4;1;1
202300015911;155 652 379;43;0;2;1;21;1
202300015912;155 652 371;7;0;2;3;2;1
202300015912;155 652 373;33;0;2;2;13;1
202300015913;155 652 370;30;0;2;1;0;1
202300015913;155 652 372;7;0;2;3;15;1
202300015914;155 652 362;7;0;2;1;9;0
202300015914;155 652 365;7;0;2;2;1;0
202300015915;155 652 361;7;0;2;1;2;0
202300015915;155 652 364;33;0;2;4;1;1
202300015915;155 652 366;7;0;2;1;21;1
202300015915;155 652 368;7;0;2;1;2;0
202300015916;155 652 360;7;0;2;8;5;1
202300015916;155 652 363;7;0;2;8;1;1
202300015917;155 652 354;50;0;2;1;1;3
202300015917;155 652 359;10;0;2;5;15;1
202300015918;155 652 355;33;0;2;3;1;1
202300015918;155 652 357;7;0;2;3;1;1
202300015919;155 652 352;7;6;0;1;26;1
202300015920;155 652 351;1;0;2;0;1;5
202300015920;155 652 353;10;0;2;5;14;1
202300015921;155 652 350;7;1;0;4;13;1
202300015922;155 652 349;7;15;0;1;1;1
202300015923;155 652 347;33;0;2;6;23;1
202300015923;155 652 348;7;0;2;3;23;1
202300015924;155 652 344;7;0;0;4;19;0
202300015924;155 652 345;15;0;0;1;17;1
202300015925;155 652 340;33;16;0;1;1;1
202300015926;155 652 341;7;0;2;3;13;1
202300015926;155 652 342;7;0;2;3;1;1
202300015927;155 652 343;7;0;2;2;1;1
202300015927;155 652 346;50;0;2;1;9;3
202300015928;155 652 337;7;0;2;6;15;1
202300015928;155 652 339;33;0;2;1;14;1
202300015929;155 652 336;15;0;2;1;21;1
202300015929;155 652 338;7;0;2;6;19;1
202300015930;155 652 331;10;0;2;1;1;1
202300015930;155 652 334;15;0;0;4;15;1
202300015931;155 652 332;7;0;9;7;1;0
202300015931;155 652 335;50;0;2;1;1;3
202300015932;155 652 329;7;0;1;3;1;1
202300015933;155 652 325;7;0;2;1;15;1
202300015933;155 652 327;1;1;2;1;1;5
202300015933;155 652 328;7;0;0;3;23;1
202300015934;155 652 324;7;0;1;3;1;1
202300015935;155 652 323;7;16;0;9;14;1
202300015936;155 652 322;7;0;2;3;9;1
202300015936;155 652 326;7;0;2;3;1;1
202300015937;155 652 320;1;0;2;1;1;5
202300015937;155 652 321;7;0;0;8;9;1
202300015938;155 652 319;43;0;0;0;1;1
202300015939;155 652 316;33;13;0;1;1;1
202300015940;155 652 314;7;0;1;2;17;1
202300015941;155 652 313;7;0;2;6;0;1
202300015941;155 652 317;32;0;2;1;1;1
202300015942;155 652 312;7;0;2;3;9;1
202300015942;155 652 315;2;0;0;7;1;1
202300015943;155 652 310;33;0;2;1;1;1
202300015943;155 652 311;7;0;2;3;15;1
202300015944;155 652 308;7;0;2;3;13;1
202300015944;155 652 309;7;0;2;3;1;2
202300015945;155 652 305;7;0;2;3;15;1
202300015945;155 652 306;31;0;2;1;17;1
202300015946;155 652 307;7;0;1;1;16;2
202300015947;155 652 304;14;14;0;7;16;1
202300015948;155 652 301;7;0;0;6;1;1
202300015948;155 652 303;32;0;2;1;0;3
202300015949;155 652 299;2;0;2;1;2;1
202300015949;155 652 302;10;0;2;4;2;1
202300015950;155 652 297;32;0;0;0;21;0
202300015951;155 652 298;2;0;2;4;2;1
202300015951;155 652 300;7;0;2;3;2;1
202300015952;155 652 295;1;13;0;1;1;5
202300015953;155 652 294;50;0;0;0;26;3
202300015954;155 652 293;7;0;2;2;1;1
202300015954;155 652 296;7;0;2;2;1;0
202300015955;155 652 292;7;7;0;9;1;1
202300015956;155 652 289;80;0;2;8;13;3
202300015956;155 652 291;14;0;2;5;17;1
202300015957;155 652 288;21;0;2;8;23;1
202300015957;155 652 290;7;0;2;1;1;1
202300015958;155 652 281;80;12;0;2;5;3
202300015959;155 652 282;7;0;2;3;1;1
202300015959;155 652 283;7;0;2;3;13;1
202300015959;155 652 285;33;0;2;1;1;1
202300015960;155 652 275;7;0;2;1;0;1
202300015960;155 652 280;7;0;2;4;1;1
202300015960;155 652 286;7;0;2;4;1;3
202300015961;155 652 276;7;0;2;1;1;1
202300015961;155 652 278;7;0;2;1;13;1
202300015962;155 652 277;7;0;2;1;1;1
202300015962;155 652 279;1;0;2;7;1;5
202300015963;155 652 272;7;0;2;7;17;1
202300015963;155 652 274;7;0;2;8;1;1
202300015964;155 652 270;50;0;2;7;17;3
202300015964;155 652 271;80;0;2;8;15;3
202300015965;155 652 269;33;0;2;1;1;1
202300015965;155 652 273;7;0;2;7;1;1
202300015966;155 652 268;7;2;0;1;13;1
202300015967;155 652 264;34;0;2;1;1;1
202300015967;155 652 267;7;0;2;7;19;1
202300015968;155 652 263;7;17;2;1;1;1
202300015968;155 652 266;7;0;2;1;19;1
202300015969;155 652 262;7;0;2;3;1;1
202300015969;155 652 265;2;0;0;6;1;1
202300015970;155 652 261;33;0;0;0;1;1
202300015971;155 652 258;7;0;2;3;1;1
202300015971;155 652 259;7;0;2;1;13;1
202300015972;155 652 257;7;0;9;2;1;1
202300015972;155 652 260;50;0;2;0;0;3
202300015973;155 652 254;1;0;2;1;11;5
202300015973;155 652 256;7;0;9;3;1;1
202300015974;155 652 252;7;2;0;1;2;1
202300015975;155 652 253;7;0;2;1;9;1
202300015975;155 652 255;7;0;2;5;1;1
202300015976;155 652 251;7;0;1;2;1;1
202300015977;155 652 249;50;16;0;0;1;3
202300015978;155 652 246;7;0;2;3;13;1
202300015978;155 652 247;17;2;2;1;1;1
202300015978;155 652 250;7;0;2;1;1;1
202300015979;155 652 243;7;0;2;1;13;1
202300015979;155 652 248;7;0;2;1;1;1
202300015980;155 652 241;36;13;0;0;2;1
202300015981;155 652 238;7;0;0;9;1;1
202300015982;155 652 237;10;0;2;1;2;1
202300015982;155 652 239;7;0;2;4;23;1
202300015982;155 652 242;7;0;2;4;23;1
202300015983;155 652 235;7;13;0;3;13;1
202300015984;155 652 236;7;1;0;1;1;1
202300015984;155 652 240;7;0;2;0;23;
202300015985;155 652 229;7;2;0;2;1;1
202300015986;155 652 227;7;0;2;3;15;1
202300015986;155 652 230;33;0;2;8;1;1
202300015986;155 652 234;7;0;2;2;23;1
202300015987;155 652 226;7;13;2;1;13;1
202300015987;155 652 228;7;0;2;3;1;1
202300015987;155 652 231;7;0;2;2;1;1
202300015987;155 652 233;7;0;2;6;1;1
202300015988;155 652 225;10;0;2;1;1;1
202300015989;155 652 224;7;16;9;1;1;1
202300015990;155 652 222;7;15;0;3;1;0
202300015991;155 652 221;80;1;2;8;1;3
202300015991;155 652 223;7;0;2;2;17;1
202300015992;155 652 220;7;0;1;3;0;1
202300015993;155 652 219;7;0;1;3;1;1
202300015994;155 652 217;7;1;0;1;1;1
202300015995;155 652 214;7;0;2;3;13;1
202300015995;155 652 218;7;0;2;3;1;1
202300015996;155 652 211;7;0;0;5;1;1
202300015996;155 652 213;7;0;0;4;1;1
202300015996;155 652 216;33;0;2;1;1;1
202300015997;155 652 210;2;0;0;0;1;1
202300015998;155 652 207;33;0;2;1;1;1
202300015998;155 652 209;7;0;2;1;15;1
202300015999;155 652 204;33;4;0;7;26;1
202300016000;155 652 205;7;0;2;1;2;1
202300016000;155 652 208;7;0;2;5;2;2
202300016000;155 652 212;7;0;2;4;2;1
202300016000;155 652 215;7;0;2;8;1;1
202300016001;155 652 203;33;0;2;2;2;1
202300016001;155 652 206;7;0;2;5;2;1
202300016002;155 652 201;10;0;2;8;13;1
202300016002;155 652 202;33;0;2;8;1;1
202300016003;155 652 199;7;2;0;8;13;1
202300016004;155 652 196;7;0;2;3;1;1
202300016004;155 652 198;7;0;2;3;1;1
202300016005;155 652 194;7;0;2;2;1;1
202300016005;155 652 200;30;0;2;1;1;1
202300016006;155 652 192;7;0;2;1;1;2
202300016006;155 652 197;50;0;2;7;1;3
202300016007;155 652 191;7;13;0;2;14;1
202300016008;155 652 193;1;0;2;1;15;5
202300016008;155 652 195;7;0;2;1;1;1
202300016009;155 652 188;32;0;2;4;23;1
202300016009;155 652 190;7;0;2;1;2;1
202300016010;155 652 187;7;13;0;3;1;0
202300016011;155 652 186;33;0;0;1;1;1
202300016011;155 652 189;7;0;0;4;1;1
202300016012;155 652 185;7;0;1;1;15;1
202300016013;155 652 183;7;0;1;3;1;2
202300016014;155 652 181;7;0;1;1;2;1
202300016015;155 652 180;10;0;2;3;15;0
202300016015;155 652 184;10;0;0;5;2;0
202300016016;155 652 179;7;0;2;4;2;1
202300016016;155 652 182;7;0;2;1;2;1
202300016017;155 652 177;33;0;2;1;0;4
202300016017;155 652 178;7;0;2;3;0;4
202300016018;155 652 176;2;15;0;1;1;1
202300016019;155 652 174;3;0;1;4;4;1
202300016020;155 652 172;7;0;2;3;16;1
202300016020;155 652 173;2;0;2;1;11;1
202300016021;155 652 168;15;3;0;1;14;1
202300016022;155 652 167;7;1;2;1;2;0
202300016022;155 652 170;7;0;0;4;23;0
202300016023;155 652 166;10;0;2;1;15;1
202300016023;155 652 169;32;0;2;2;1;1
202300016024;155 652 163;33;0;0;7;1;0
202300016025;155 652 161;7;0;9;2;1;1
202300016025;155 652 164;50;0;2;1;5;3
202300016026;155 652 158;7;0;2;2;1;1
202300016026;155 652 160;7;0;2;3;1;1
202300016026;155 652 165;7;0;2;8;16;1
202300016027;155 652 159;7;0;2;2;16;1
202300016027;155 652 162;1;0;2;8;1;5
202300016028;155 652 155;33;0;2;2;17;1
202300016028;155 652 157;7;0;2;8;15;1
202300016029;155 652 154;7;0;0;7;15;1
202300016029;155 652 156;30;0;0;1;1;1
202300016030;155 652 151;50;12;0;1;1;3
202300016031;155 652 150;7;0;2;2;9;1
202300016031;155 652 153;1;0;2;4;1;5
202300016032;155 652 149;13;0;0;4;1;0
202300016032;155 652 152;7;0;2;1;12;1
202300016033;155 652 146;7;0;2;3;15;1
202300016033;155 652 148;33;0;2;1;17;1
202300016034;155 652 141;2;0;0;5;2;1
202300016034;155 652 144;7;0;2;3;2;0
202300016034;155 652 147;7;0;9;2;11;0
202300016035;155 652 142;7;0;2;3;15;1
202300016035;155 652 145;33;0;2;1;1;1
202300016036;155 652 140;33;16;0;2;1;1
202300016037;155 652 139;33;0;2;7;1;1
202300016037;155 652 143;7;0;2;1;9;1
202300016038;155 652 135;7;0;2;6;1;1
202300016038;155 652 138;7;8;2;8;1;1
202300016039;155 652 134;32;0;2;7;17;1
202300016039;155 652 137;7;0;2;6;15;1
202300016040;155 652 133;7;0;2;3;21;1
202300016040;155 652 136;15;0;2;6;0;1
202300016041;155 652 131;7;17;0;3;1;1
202300016042;155 652 132;7;0;1;3;15;1
202300016043;155 652 127;31;0;2;1;1;1
202300016043;155 652 129;7;0;2;4;15;1
202300016044;155 652 126;33;8;0;1;1;1
202300016045;155 652 128;1;0;2;1;2;5
202300016045;155 652 130;7;0;2;5;1;1
202300016046;155 652 125;7;0;1;2;1;1
202300016047;155 652 121;7;0;2;6;9;1
202300016047;155 652 124;31;0;2;1;1;1
202300016048;155 652 122;1;0;2;8;19;5
202300016048;155 652 123;7;0;2;3;1;1
202300016049;155 652 118;1;0;2;4;19;5
202300016049;155 652 120;7;0;2;1;1;0
202300016050;155 652 114;7;0;0;3;13;1
202300016050;155 652 116;33;0;0;7;17;1
202300016051;155 652 115;7;0;2;3;15;1
202300016051;155 652 119;7;0;2;3;0;1
202300016052;155 652 109;7;0;0;3;15;0
202300016052;155 652 113;10;0;0;1;1;0
202300016053;155 652 110;30;0;2;1;5;3
202300016053;155 652 112;7;0;2;6;15;1
202300016054;155 652 108;7;0;1;1;1;6
202300016055;155 652 107;7;0;2;3;5;1
202300016055;155 652 111;7;0;2;3;1;1
202300016056;155 652 106;7;8;0;2;1;1
202300016057;155 652 105;10;0;1;2;1;1
202300016058;155 652 101;1;8;0;3;1;5
202300016059;155 652 099;10;0;2;2;1;1
202300016059;155 652 104;10;0;2;1;1;1
202300016060;155 652 098;7;0;2;1;1;1
202300016060;155 652 100;7;0;2;3;5;1
202300016061;155 652 094;7;0;2;3;1;1
202300016061;155 652 097;7;0;2;6;1;1
202300016061;155 652 102;7;0;2;3;15;1
202300016061;155 652 103;7;0;2;2;1;1
202300016062;155 652 095;7;0;2;2;19;1
202300016062;155 652 096;31;0;2;7;1;1
202300016063;155 652 090;7;0;2;1;1;1
202300016063;155 652 093;10;0;2;1;15;1
202300016064;155 652 092;7;14;0;1;13;0
202300016065;155 652 088;7;0;2;2;2;1
202300016065;155 652 089;7;0;0;4;2;1
202300016066;155 652 085;15;0;2;2;12;1
202300016066;155 652 087;7;0;2;8;1;1
202300016067;155 652 084;7;0;0;2;1;1
202300016068;155 652 082;36;0;0;0;0;1
202300016069;155 652 080;7;0;2;4;1;3
202300016069;155 652 081;7;0;2;1;14;1
202300016070;155 652 079;7;13;0;0;17;1
202300016071;155 652 077;7;0;1;2;20;1
202300016072;155 652 075;7;0;2;1;2;1
202300016072;155 652 076;7;0;2;4;2;1
202300016073;155 652 074;31;0;2;1;21;1
202300016073;155 652 078;20;0;2;1;15;1
202300016074;155 652 073;7;14;0;3;1;1
202300016075;155 652 072;33;3;0;2;0;1
202300016076;155 652 069;33;0;2;1;1;1
202300016076;155 652 071;7;0;2;4;11;1
202300016077;155 652 067;7;0;2;2;19;1
202300016077;155 652 070;2;0;2;3;16;1
202300016078;155 652 066;33;0;2;1;1;1
202300016078;155 652 068;7;0;2;3;10;1
202300016079;155 652 063;33;13;0;1;1;1
202300016080;155 652 060;14;0;2;2;1;1
202300016080;155 652 062;7;0;2;8;1;1
202300016081;155 652 059;34;0;1;1;26;1
202300016082;155 652 057;2;0;0;0;1;1
202300016083;155 652 058;7;0;2;5;1;1
202300016083;155 652 061;15;0;2;3;1;1
202300016083;155 652 064;7;0;2;9;1;1
202300016083;155 652 065;7;0;2;9;1;1
202300016084;155 652 051;7;0;2;1;2;1
202300016084;155 652 055;10;0;2;4;2;1
202300016084;155 652 056;7;0;2;4;2;1
202300016085;155 652 054;32;0;1;1;0;1
202300016086;155 652 050;7;0;2;3;17;0
202300016086;155 652 052;50;0;2;1;1;3
202300016087;155 652 046;7;0;2;1;2;1
202300016087;155 652 048;7;0;2;9;2;1
202300016087;155 652 049;7;0;2;9;0;1
202300016087;155 652 053;7;0;2;4;2;1
202300016088;155 652 044;7;0;2;3;2;1
202300016088;155 652 047;7;0;2;5;2;1
202300016089;155 652 045;7;6;0;1;14;1
202300016090;155 652 043;1;0;0;0;1;5
202300016091;155 652 038;7;0;2;8;15;1
202300016091;155 652 042;1;0;2;7;17;5
202300016092;155 652 037;33;0;0;4;2;1
202300016092;155 652 040;7;0;2;1;2;1
202300016093;155 652 035;7;9;0;1;16;1
202300016094;155 652 034;7;0;2;1;2;1
202300016094;155 652 036;7;0;2;4;2;1
202300016094;155 652 039;7;0;2;4;2;2
202300016094;155 652 041;7;0;2;4;2;1
202300016095;155 652 031;7;0;2;1;2;1
202300016095;155 652 033;7;0;2;4;2;1
202300016096;155 652 026;7;0;2;1;2;1
202300016096;155 652 029;7;0;2;4;1;2
202300016096;155 652 032;7;0;2;4;1;1
202300016097;155 652 027;7;0;2;2;5;1
202300016097;155 652 030;7;0;2;7;21;1
202300016098;155 652 024;7;0;2;1;13;1
202300016098;155 652 025;7;0;2;1;1;1
202300016099;155 652 023;17;0;2;1;1;1
202300016099;155 652 028;7;0;2;2;19;1
202300016100;155 652 020;32;0;2;7;1;1
202300016100;155 652 022;10;0;2;8;11;1
202300016101;155 652 016;7;0;2;3;1;1
202300016101;155 652 018;33;0;2;3;5;1
202300016102;155 652 015;10;0;2;3;1;1
202300016102;155 652 019;7;0;2;3;1;1
202300016103;155 652 017;7;0;2;7;12;2
202300016103;155 652 021;43;0;2;3;3;1
202300016104;155 652 014;10;0;1;1;1;2
202300016105;155 652 013;10;0;1;2;13;1
202300016106;155 652 010;7;0;9;2;1;1
202300016106;155 652 012;1;0;2;1;19;5
202300016107;155 652 009;7;0;1;6;20;1
202300016108;155 652 006;34;0;0;8;3;1
202300016109;155 652 005;7;0;2;6;19;1
202300016109;155 652 008;32;0;2;1;1;1
202300016110;155 652 007;43;8;0;1;26;3
202300016111;155 652 004;7;0;1;0;1;0
202300016112;155 651 999;7;0;2;4;2;2
202300016112;155 652 002;7;0;2;1;2;2
202300016113;155 651 997;32;0;2;4;1;0
202300016113;155 652 000;34;0;2;4;1;0
202300016114;155 651 998;32;0;2;1;2;1
202300016114;155 652 003;7;0;2;3;1;1
202300016115;155 651 994;7;0;2;3;1;1
202300016115;155 651 996;15;0;2;3;15;1
202300016115;155 652 001;33;0;2;2;11;1
202300016116;155 651 993;7;6;0;3;1;1
202300016117;155 651 991;7;0;2;1;2;1
202300016117;155 651 995;7;0;2;4;2;1
202300016118;155 651 990;7;0;0;6;0;1
202300016118;155 651 992;7;0;2;2;2;1
202300016119;155 651 989;7;8;0;2;14;1
202300016120;155 651 986;32;0;2;1;18;1
202300016120;155 651 988;10;0;2;2;15;1
202300016121;155 651 984;7;0;2;1;1;1
202300016121;155 651 987;7;0;2;4;23;1
202300016122;155 651 983;10;0;2;3;2;1
202300016122;155 651 985;50;0;2;2;1;3
202300016123;155 651 982;7;0;1;4;4;1
202300016124;155 651 975;7;0;1;1;1;1
202300016125;155 651 977;33;0;2;8;3;1
202300016125;155 651 980;7;0;2;7;23;1
202300016126;155 651 976;32;0;2;3;18;1
202300016126;155 651 979;7;0;2;2;20;1
202300016127;155 651 974;7;0;2;1;19;1
202300016127;155 651 978;7;0;2;0;23;1
202300016127;155 651 981;33;0;2;8;1;1
202300016128;155 651 972;33;0;1;3;21;1
202300016129;155 651 971;7;0;1;1;16;1
202300016130;155 651 969;1;0;2;1;1;5
202300016130;155 651 973;7;0;2;8;1;1
202300016131;155 651 970;7;0;1;8;1;2
202300016132;155 651 962;33;0;2;6;18;1
202300016132;155 651 966;32;0;2;2;3;1
202300016133;155 651 964;50;0;1;1;25;3
202300016134;155 651 963;10;0;2;6;23;1
202300016134;155 651 967;2;0;2;1;2;1
202300016135;155 651 961;33;0;2;1;13;1
202300016135;155 651 965;20;0;2;1;23;1
202300016135;155 651 968;10;0;0;3;15;1
202300016136;155 651 958;2;0;0;0;1;1
202300016137;155 651 957;7;0;1;0;1;0
202300016138;155 651 955;1;0;2;7;1;5
202300016138;155 651 960;7;0;2;3;9;1
202300016139;155 651 953;7;0;2;7;2;1
202300016139;155 651 956;7;0;2;6;2;1
202300016139;155 651 959;7;0;2;3;10;1
202300016140;155 651 949;1;0;2;6;10;5
202300016140;155 651 952;1;0;2;1;1;5
202300016141;155 651 951;33;0;2;1;1;1
202300016141;155 651 954;7;0;0;7;15;1
202300016142;155 651 945;30;9;0;7;0;1
202300016143;155 651 947;80;0;2;1;1;3
202300016143;155 651 948;30;0;2;1;1;1
202300016144;155 651 943;7;0;2;6;1;1
202300016144;155 651 946;7;0;2;6;23;1