Num_Acc;id_vehicule;categorie_vehicule;obstacle_fixe;obstacle_mobile;point_choc_initial;manoeuvre_principale;motorisation
202300016144;155 651 950;7;0;2;1;9;1
202300016145;155 651 941;7;0;2;1;1;1
202300016145;155 651 944;1;0;2;2;19;5
202300016146;155 651 940;7;6;2;1;1;1
202300016146;155 651 942;7;0;2;1;1;1
202300016147;155 651 938;7;8;0;1;1;1
202300016148;155 651 939;31;0;0;8;21;1
202300016149;155 651 936;80;0;2;8;19;3
202300016149;155 651 937;7;0;2;1;1;1
202300016150;155 651 932;7;0;2;1;19;1
202300016150;155 651 935;7;0;2;2;1;1
202300016151;155 651 930;50;0;2;3;19;3
202300016151;155 651 933;7;0;2;3;1;1
202300016152;155 651 931;7;0;2;1;1;1
202300016152;155 651 934;33;0;2;4;1;1
202300016153;155 651 927;33;0;0;7;1;1
202300016154;155 651 928;1;0;2;0;1;5
202300016154;155 651 929;7;0;2;3;15;3
202300016155;155 651 925;43;0;2;6;2;1
202300016155;155 651 926;10;0;2;6;1;1
202300016156;155 651 921;7;0;2;1;1;1
202300016156;155 651 922;7;0;0;0;17;0
202300016156;155 651 923;7;0;2;1;21;1
202300016157;155 651 919;7;0;1;2;1;1
202300016158;155 651 918;7;12;0;3;2;1
202300016158;155 651 920;33;12;0;7;12;1
202300016159;155 651 917;7;0;2;7;15;1
202300016159;155 651 924;7;0;2;1;1;1
202300016160;155 651 915;33;0;0;9;1;1
202300016161;155 651 913;7;0;1;3;1;1
202300016162;155 651 912;33;0;0;1;1;1
202300016163;155 651 910;10;2;0;1;13;1
202300016164;155 651 909;1;0;2;1;0;5
202300016164;155 651 911;7;0;2;5;24;1
202300016165;155 651 908;1;0;1;1;1;5
202300016166;155 651 907;33;0;0;0;1;1
202300016167;155 651 904;7;0;1;2;2;1
202300016168;155 651 903;30;0;2;1;13;1
202300016168;155 651 905;7;0;2;5;2;2
202300016169;155 651 901;2;0;2;2;17;1
202300016169;155 651 902;21;0;2;5;15;1
202300016170;155 651 898;80;0;2;1;1;3
202300016170;155 651 899;80;0;2;4;20;3
202300016171;155 651 896;7;0;2;4;1;1
202300016171;155 651 900;7;0;2;1;2;1
202300016172;155 651 906;1;14;0;0;23;5
202300016173;155 651 895;10;8;0;4;4;1
202300016174;155 651 892;7;0;2;1;15;1
202300016174;155 651 894;7;0;2;8;26;1
202300016174;155 651 897;7;0;0;1;23;1
202300016175;155 651 890;10;0;2;2;26;1
202300016175;155 651 893;7;0;2;1;16;1
202300016176;155 651 891;7;0;1;2;1;2
202300016177;155 651 886;15;0;2;3;11;0
202300016177;155 651 888;7;0;2;5;2;6
202300016178;155 651 887;50;0;2;1;1;3
202300016178;155 651 889;10;0;2;2;16;1
202300016179;155 651 884;50;0;1;1;25;3
202300016180;155 651 881;7;0;2;3;21;1
202300016180;155 651 885;34;0;0;5;2;1
202300016181;155 651 880;7;0;2;4;2;1
202300016181;155 651 883;7;0;0;1;2;1
202300016182;155 651 879;31;0;2;2;15;1
202300016182;155 651 882;10;0;2;6;15;1
202300016183;155 651 878;50;14;0;1;0;3
202300016184;155 651 875;7;0;2;4;2;1
202300016184;155 651 876;7;0;2;1;2;1
202300016185;155 651 877;7;1;0;2;1;0
202300016186;155 651 873;1;0;2;1;2;5
202300016186;155 651 874;1;0;2;4;15;5
202300016187;155 651 870;7;0;2;4;1;1
202300016187;155 651 871;7;0;2;1;2;1
202300016188;155 651 868;7;0;2;0;15;1
202300016188;155 651 869;7;0;2;0;0;1
202300016188;155 651 872;7;0;2;4;4;1
202300016189;155 651 865;2;0;1;3;1;3
202300016190;155 651 866;7;8;0;1;1;1
202300016191;155 651 861;17;0;2;4;2;1
202300016191;155 651 863;33;0;2;1;2;1
202300016192;155 651 860;7;0;1;2;17;1
202300016193;155 651 859;7;0;2;5;2;1
202300016193;155 651 862;33;0;2;1;2;1
202300016194;155 651 854;50;0;2;7;19;3
202300016194;155 651 857;7;0;2;1;1;1
202300016195;155 651 852;10;0;2;1;0;1
202300016195;155 651 856;33;0;2;0;0;1
202300016196;155 651 851;1;0;2;8;0;5
202300016196;155 651 858;33;0;9;1;21;1
202300016197;155 651 849;7;0;2;1;1;1
202300016197;155 651 850;7;0;2;4;1;2
202300016197;155 651 853;7;0;2;4;2;1
202300016197;155 651 855;7;0;2;0;2;2
202300016198;155 651 846;30;0;2;1;1;1
202300016198;155 651 848;7;0;0;7;15;1
202300016199;155 651 842;7;0;2;5;0;1
202300016199;155 651 845;31;0;2;6;12;1
202300016200;155 651 843;32;0;2;1;17;1
202300016200;155 651 847;10;0;2;8;0;1
202300016201;155 651 841;1;0;2;8;1;5
202300016201;155 651 844;10;0;2;1;1;3
202300016202;155 651 837;33;0;2;1;13;1
202300016202;155 651 840;7;0;2;1;1;1
202300016203;155 651 835;1;0;2;1;0;5
202300016203;155 651 838;7;0;2;3;9;1
202300016204;155 651 831;10;0;2;1;2;1
202300016204;155 651 833;10;0;2;1;2;1
202300016204;155 651 836;7;0;2;1;2;1
202300016204;155 651 839;7;0;2;4;2;1
202300016205;155 651 832;50;0;2;2;17;3
202300016205;155 651 834;7;0;2;3;15;0
202300016206;155 651 828;15;0;2;2;0;1
202300016206;155 651 830;33;0;2;1;2;1
202300016207;155 651 826;10;1;2;5;9;1
202300016207;155 651 829;33;1;2;3;23;1
202300016208;155 651 825;7;0;2;1;1;1
202300016208;155 651 827;7;0;2;4;1;3
202300016209;155 651 824;7;2;0;1;1;1
202300016210;155 651 823;7;1;0;2;1;1
202300016211;155 651 819;7;0;2;2;1;1
202300016211;155 651 821;7;0;2;6;1;1
202300016212;155 651 818;7;0;2;2;9;1
202300016212;155 651 822;1;0;2;8;1;5
202300016213;155 651 817;7;0;2;3;9;1
202300016213;155 651 820;33;0;2;1;1;1
202300016214;155 651 815;10;0;2;1;1;1
202300016214;155 651 816;7;0;2;4;1;1
202300016215;155 651 808;7;8;2;6;1;1
202300016215;155 651 811;10;9;2;2;9;1
202300016216;155 651 809;7;9;2;2;1;1
202300016217;155 651 807;7;0;2;9;1;1
202300016217;155 651 810;7;0;2;4;1;1
202300016217;155 651 813;7;0;2;9;1;1
202300016217;155 651 814;31;0;2;1;1;1
202300016218;155 651 806;7;15;0;8;7;1
202300016219;155 651 805;7;0;1;1;1;1
202300016220;155 651 800;7;0;2;1;2;1
202300016220;155 651 804;17;0;2;4;2;1
202300016221;155 651 799;7;0;2;7;26;1
202300016221;155 651 802;7;0;2;1;26;1
202300016222;155 651 801;7;0;2;3;9;1
202300016222;155 651 803;7;0;2;1;1;0
202300016223;155 651 795;7;0;2;2;12;1
202300016223;155 651 798;34;0;2;1;3;1
202300016224;155 651 792;7;0;9;1;15;1
202300016224;155 651 796;32;0;2;2;1;1
202300016225;155 651 793;2;0;2;1;1;1
202300016225;155 651 797;7;0;2;7;1;1
202300016226;155 651 791;10;0;2;3;1;0
202300016226;155 651 794;34;0;2;2;26;0
202300016227;155 651 789;10;0;2;1;0;1
202300016227;155 651 790;7;0;2;4;0;1
202300016228;155 651 788;7;0;1;8;15;1
202300016229;155 651 784;7;0;2;3;1;2
202300016229;155 651 787;7;0;2;1;9;1
202300016230;155 651 780;38;0;2;3;1;1
202300016230;155 651 812;7;0;2;3;13;1
202300016231;155 651 779;10;0;2;6;1;1
202300016231;155 651 781;10;0;2;6;1;1
202300016231;155 651 783;7;0;2;2;1;2
202300016232;155 651 778;7;0;2;3;15;1
202300016232;155 651 782;34;0;0;1;23;1
202300016232;155 651 785;7;0;2;0;0;1
202300016232;155 651 786;43;0;2;1;0;1
202300016233;155 651 777;7;0;1;1;1;1
202300016234;155 651 776;7;1;0;1;1;1
202300016235;155 651 774;7;13;0;1;1;1
202300016236;155 651 773;7;0;2;7;12;1
202300016236;155 651 775;33;0;2;3;3;1
202300016237;155 651 772;7;0;1;3;9;0
202300016238;155 651 769;50;0;2;8;1;3
202300016238;155 651 771;7;0;2;2;0;1
202300016239;155 651 768;7;14;0;1;1;1
202300016240;155 651 766;1;0;2;8;9;5
202300016240;155 651 770;7;0;9;1;26;1
202300016241;155 651 765;10;0;2;1;2;1
202300016241;155 651 767;7;0;2;4;1;1
202300016242;155 651 763;7;2;0;1;14;1
202300016243;155 651 762;7;0;2;4;23;1
202300016243;155 651 764;43;0;2;1;1;1
202300016244;155 651 760;7;11;0;1;17;1
202300016245;155 651 758;7;0;2;3;26;1
202300016245;155 651 759;7;0;2;5;26;1
202300016246;155 651 757;10;0;2;1;9;1
202300016246;155 651 761;50;0;2;4;1;3
202300016247;155 651 756;31;0;0;0;20;1
202300016248;155 651 754;50;0;2;7;7;3
202300016248;155 651 755;7;0;2;1;15;1
202300016249;155 651 751;7;0;1;1;21;1
202300016250;155 651 752;7;0;2;1;5;1
202300016250;155 651 753;7;0;2;1;1;0
202300016251;155 651 750;33;0;1;1;17;1
202300016252;155 651 748;7;0;9;3;15;1
202300016252;155 651 749;1;0;2;3;1;5
202300016253;155 651 746;7;13;0;2;13;0
202300016254;155 651 743;7;1;2;1;1;1
202300016254;155 651 747;34;1;2;4;23;1
202300016255;155 651 742;31;0;2;7;17;1
202300016255;155 651 745;7;0;2;8;15;1
202300016256;155 651 741;7;0;0;4;1;1
202300016256;155 651 744;2;0;2;1;1;1
202300016257;155 651 738;7;0;2;4;1;0
202300016257;155 651 740;7;0;2;1;2;0
202300016258;155 651 736;31;12;0;1;13;1
202300016259;155 651 737;7;0;2;3;1;2
202300016259;155 651 739;7;0;2;6;13;1
202300016260;155 651 735;7;0;1;2;1;0
202300016261;155 651 731;7;0;1;2;1;1
202300016262;155 651 732;7;0;2;1;1;1
202300016262;155 651 734;50;0;2;3;15;3
202300016263;155 651 729;37;0;2;1;1;1
202300016263;155 651 733;7;0;2;4;1;1
202300016264;155 651 727;10;0;2;7;17;1
202300016264;155 651 730;7;0;2;8;15;1
202300016265;155 651 726;7;0;2;1;2;1
202300016265;155 651 728;7;0;2;6;11;1
202300016266;155 651 725;7;0;1;0;26;1
202300016267;155 651 722;2;0;2;1;0;1
202300016267;155 651 724;2;0;2;1;0;1
202300016268;155 651 721;2;0;6;1;1;1
202300016269;155 651 720;33;0;2;6;2;0
202300016269;155 651 723;33;0;2;0;0;0
202300016270;155 651 717;10;14;0;0;16;1
202300016271;155 651 715;7;0;2;4;2;1
202300016271;155 651 719;7;0;2;4;2;1
202300016272;155 651 712;7;0;2;1;15;1
202300016272;155 651 714;33;0;2;1;1;1
202300016273;155 651 711;2;0;9;1;18;1
202300016274;155 651 709;7;0;2;3;15;1
202300016274;155 651 713;50;0;2;8;16;3
202300016275;155 651 706;7;0;2;6;19;1
202300016275;155 651 708;30;0;2;1;2;1
202300016276;155 651 702;7;0;2;5;0;1
202300016276;155 651 704;33;0;2;8;17;1
202300016277;155 651 703;7;0;0;2;13;1
202300016277;155 651 705;7;4;0;2;21;1
202300016278;155 651 699;50;0;2;4;13;3
202300016278;155 651 701;33;0;2;1;2;1
202300016279;155 651 698;10;0;2;3;15;1
202300016279;155 651 700;2;0;2;2;26;1
202300016280;155 651 696;30;0;0;1;26;1
202300016281;155 651 695;7;2;0;2;2;1
202300016282;155 651 694;7;0;2;3;0;1
202300016282;155 651 697;7;0;2;1;0;1
202300016283;155 651 691;7;0;2;3;15;1
202300016283;155 651 693;32;0;2;3;1;1
202300016284;155 651 689;7;8;0;0;1;1
202300016285;155 651 687;7;0;2;7;15;1
202300016285;155 651 690;33;0;2;1;21;1
202300016286;155 651 686;7;0;2;1;2;1
202300016286;155 651 688;7;0;2;4;2;1
202300016287;155 651 684;3;0;1;3;5;0
202300016288;155 651 683;50;0;0;2;1;3
202300016289;155 651 681;7;0;1;7;1;0
202300016290;155 651 679;31;0;2;8;1;1
202300016290;155 651 682;7;0;2;2;12;1
202300016291;155 651 680;7;0;2;1;9;1
202300016291;155 651 685;1;0;2;1;1;5
202300016292;155 651 678;7;4;0;2;1;1
202300016293;155 651 677;7;0;1;2;2;0
202300016294;155 651 675;33;6;0;1;0;0
202300016295;155 651 671;1;0;0;1;0;5
202300016296;155 651 674;7;0;0;6;16;1
202300016296;155 651 676;2;0;2;1;1;1
202300016297;155 651 670;7;0;2;0;17;1
202300016297;155 651 672;31;0;2;8;15;1
202300016298;155 651 669;7;0;2;6;15;1
202300016298;155 651 673;33;0;2;1;17;1
202300016299;155 651 668;7;6;0;1;1;1
202300016300;155 651 664;1;0;2;1;9;5
202300016300;155 651 667;7;0;2;3;1;2
202300016301;155 651 663;31;0;0;4;0;1
202300016301;155 651 666;34;0;2;3;2;3
202300016302;155 651 661;7;0;2;1;21;1
202300016302;155 651 665;7;0;2;1;0;1
202300016303;155 651 662;1;0;2;3;19;5
202300016304;155 651 660;7;0;0;9;1;1
202300016305;155 651 657;10;0;0;1;0;1
202300016306;155 651 658;7;0;1;1;1;1
202300016307;155 651 656;7;0;1;1;0;0
202300016308;155 651 655;37;0;2;2;1;1
202300016308;155 651 659;7;0;2;3;22;6
202300016309;155 651 654;1;0;0;0;0;5
202300016310;155 651 652;7;7;0;1;14;0
202300016311;155 651 651;7;4;0;1;1;1
202300016312;155 651 650;7;0;0;2;1;2
202300016312;155 651 653;1;0;0;1;2;5
202300016313;155 651 649;7;0;1;1;15;1
202300016314;155 651 645;7;0;2;2;26;1
202300016314;155 651 648;2;0;0;4;1;1
202300016315;155 651 643;30;0;2;5;9;1
202300016315;155 651 646;7;0;2;3;9;2
202300016316;155 651 644;31;0;1;1;1;1
202300016317;155 651 642;7;0;1;1;1;1
202300016318;155 651 640;7;0;1;2;0;0
202300016319;155 651 637;7;8;0;1;13;1
202300016320;155 651 638;7;0;1;2;1;1
202300016321;155 651 639;7;0;0;7;19;1
202300016321;155 651 641;7;0;0;1;19;1
202300016322;155 651 636;30;0;0;1;26;1
202300016323;155 651 635;7;13;0;1;0;1
202300016324;155 651 634;7;6;0;1;1;1
202300016325;155 651 629;7;0;2;2;1;1
202300016325;155 651 633;50;0;2;1;19;3
202300016326;155 651 631;10;0;2;4;4;1
202300016326;155 651 632;33;0;2;1;23;1
202300016327;155 651 627;43;0;0;1;0;1
202300016328;155 651 628;7;0;2;0;0;1
202300016328;155 651 630;7;0;2;1;0;1
202300016329;155 651 624;7;1;0;3;5;3
202300016330;155 651 622;33;0;0;1;1;1
202300016331;155 651 623;17;0;2;1;1;0
202300016331;155 651 626;7;0;2;8;5;0
202300016332;155 651 620;7;16;2;0;0;1
202300016332;155 651 625;1;16;2;0;0;5
202300016333;155 651 619;7;1;2;5;15;1
202300016333;155 651 621;7;0;2;1;1;1
202300016334;155 651 616;7;0;2;2;1;2
202300016334;155 651 618;7;0;2;3;5;2
202300016335;155 651 614;7;0;0;2;10;3
202300016335;155 651 617;34;0;2;1;21;1
202300016336;155 651 613;7;0;1;1;17;2
202300016337;155 651 611;33;0;2;1;12;1
202300016337;155 651 612;7;0;2;3;2;3
202300016337;155 651 615;7;0;0;0;1;1
202300016338;155 651 607;33;0;2;3;17;1
202300016338;155 651 608;7;0;2;6;11;1
202300016338;155 651 610;7;0;2;5;23;1
202300016339;155 651 606;80;0;2;7;1;3
202300016339;155 651 609;7;0;2;3;16;1
202300016340;155 651 601;15;3;2;8;1;1
202300016340;155 651 605;7;0;2;2;14;1
202300016341;155 651 599;7;0;2;3;15;1
202300016341;155 651 603;43;0;2;1;1;1
202300016342;155 651 598;10;0;2;1;13;0
202300016342;155 651 600;7;0;2;1;1;1
202300016343;155 651 597;7;14;2;2;1;1
202300016344;155 651 594;17;0;2;2;12;1
202300016344;155 651 596;7;4;2;6;1;1
202300016345;155 651 591;1;0;2;7;1;5
202300016345;155 651 595;7;0;2;1;9;1
202300016346;155 651 589;10;0;1;5;4;0
202300016347;155 651 587;33;0;2;1;3;3
202300016347;155 651 590;10;0;2;0;0;1
202300016347;155 651 593;10;0;2;0;0;0
202300016348;155 651 588;7;0;2;3;10;1
202300016348;155 651 592;7;0;2;1;1;1
202300016349;155 651 584;7;4;0;4;1;1
202300016350;155 651 579;1;0;2;1;1;5
202300016350;155 651 583;37;0;2;6;1;1
202300016351;155 651 582;10;0;2;2;16;1
202300016351;155 651 586;1;0;2;0;1;5
202300016352;155 651 581;7;0;2;5;15;1
202300016352;155 651 585;33;0;2;1;1;1
202300016353;155 651 578;13;0;2;3;10;6
202300016353;155 651 580;7;0;2;1;1;6
202300016354;155 651 577;50;0;0;0;2;3
202300016355;155 651 570;7;0;2;8;1;1
202300016355;155 651 574;7;0;2;8;1;1
202300016356;155 651 572;7;0;2;5;23;1
202300016356;155 651 576;43;1;0;1;18;1
202300016357;155 651 569;7;0;1;0;26;1
202300016358;155 651 571;80;0;2;1;5;3
202300016358;155 651 575;7;0;2;3;15;1
202300016359;155 651 568;7;0;2;1;1;0
202300016359;155 651 573;13;0;0;4;1;0
202300016360;155 651 565;34;0;0;1;1;1
202300016361;155 651 564;7;0;2;1;1;1
202300016361;155 651 567;1;0;2;8;19;5
202300016362;155 651 562;30;0;4;8;21;1
202300016362;155 651 566;40;0;2;3;1;3
202300016363;155 651 563;1;0;0;1;14;5
202300016364;155 651 560;50;0;1;1;1;3
202300016365;155 651 558;7;0;2;1;1;1
202300016365;155 651 561;7;0;2;7;19;1
202300016366;155 651 555;33;0;2;3;1;1
202300016366;155 651 559;7;0;2;8;17;1
202300016367;155 651 554;60;0;2;8;19;5
202300016367;155 651 557;7;1;0;1;2;1
202300016368;155 651 553;7;0;2;3;15;2
202300016368;155 651 556;50;0;2;7;17;3
202300016369;155 651 552;10;13;0;1;0;1
202300016370;155 651 551;10;16;0;0;1;1
202300016371;155 651 548;7;0;1;2;1;2
202300016372;155 651 550;7;0;1;1;1;1
202300016373;155 651 545;7;0;2;1;1;1
202300016373;155 651 547;2;0;2;1;5;1
202300016374;155 651 546;10;0;2;1;1;1
202300016374;155 651 549;1;0;2;4;1;5
202300016375;155 651 544;30;0;0;0;0;0
202300016376;155 651 539;1;0;2;8;1;5
202300016376;155 651 542;7;0;2;1;15;1
202300016377;155 651 538;10;6;0;1;16;1
202300016378;155 651 540;10;0;2;1;9;1
202300016378;155 651 543;80;0;2;4;1;3
202300016379;155 651 535;1;1;0;2;1;5
202300016379;155 651 537;1;0;0;8;23;5
202300016380;155 651 536;1;0;2;7;1;5
202300016380;155 651 541;50;0;2;8;1;3
202300016381;155 651 531;32;0;2;1;1;1
202300016381;155 651 534;7;0;2;5;15;1
202300016382;155 651 530;7;0;2;1;1;1
202300016382;155 651 532;7;0;2;3;20;1
202300016383;155 651 529;7;0;2;2;15;6
202300016383;155 651 533;2;0;2;2;13;1
202300016384;155 651 525;32;0;2;1;2;1
202300016384;155 651 528;7;0;0;4;0;1
202300016385;155 651 526;1;0;1;7;1;5
202300016386;155 651 522;7;0;2;3;1;1
202300016386;155 651 524;7;0;2;2;10;1
202300016387;155 651 521;7;0;2;3;5;1
202300016387;155 651 523;17;0;2;3;1;1
202300016388;155 651 517;7;13;0;0;1;1
202300016389;155 651 515;7;0;2;4;2;1
202300016389;155 651 519;1;0;2;1;2;5
202300016390;155 651 514;7;0;2;2;1;2
202300016390;155 651 518;43;0;2;3;1;1
202300016391;155 651 512;31;0;2;1;1;0
202300016391;155 651 516;7;0;2;3;9;1
202300016392;155 651 513;7;0;2;1;1;1
202300016392;155 651 520;7;0;2;2;13;1
202300016393;155 651 509;33;0;2;1;13;1
202300016393;155 651 510;7;0;2;3;1;2
202300016394;155 651 506;7;0;1;5;1;2
202300016395;155 651 505;33;0;2;3;1;1
202300016395;155 651 508;7;0;2;2;12;1
202300016396;155 651 503;7;0;2;4;23;1
202300016396;155 651 504;7;0;2;1;2;1
202300016396;155 651 507;7;0;2;1;2;1
202300016396;155 651 511;7;0;2;4;2;1
202300016397;155 651 502;7;0;1;2;1;1
202300016398;155 651 500;7;2;0;9;1;1
202300016399;155 651 499;33;13;0;9;1;1
202300016400;155 651 498;7;0;0;3;11;1
202300016400;155 651 501;34;0;0;2;1;1
202300016401;155 651 497;33;0;0;2;2;1
202300016402;155 651 496;7;0;1;4;4;1
202300016403;155 651 494;7;8;0;2;21;1
202300016404;155 651 492;7;0;1;1;1;1
202300016405;155 651 493;7;0;2;3;1;1
202300016405;155 651 495;7;0;2;3;13;1
202300016406;155 651 489;7;0;9;3;15;1
202300016406;155 651 491;80;0;2;2;1;3
202300016407;155 651 488;80;0;0;7;1;3
202300016408;155 651 483;7;0;2;1;2;1
202300016408;155 651 487;7;0;2;4;1;1
202300016409;155 651 481;33;0;2;1;1;1
202300016409;155 651 484;7;0;2;5;1;1
202300016410;155 651 480;7;0;2;1;13;0
202300016410;155 651 485;7;0;2;2;1;0
202300016411;155 651 479;7;0;2;3;17;1
202300016411;155 651 482;7;0;2;3;1;1
202300016412;155 651 477;7;17;0;1;21;1
202300016413;155 651 472;7;1;9;1;2;1
202300016413;155 651 478;1;1;2;7;2;5
202300016414;155 651 473;17;0;2;3;2;1
202300016414;155 651 476;10;0;2;1;13;3
202300016415;155 651 470;33;0;0;1;1;1
202300016416;155 651 469;10;0;0;1;2;1
202300016416;155 651 471;3;0;0;6;2;1
202300016416;155 651 475;10;0;0;3;2;1
202300016417;155 651 468;7;0;2;2;15;1
202300016417;155 651 474;0;0;2;1;1;0
202300016418;155 651 464;7;0;0;4;1;1
202300016418;155 651 466;2;0;2;1;1;1
202300016419;155 651 462;31;0;0;0;1;1
202300016420;155 651 458;7;0;2;7;13;1
202300016420;155 651 460;80;0;2;0;0;3
202300016421;155 651 457;7;0;2;4;1;1
202300016421;155 651 459;10;0;2;1;2;1
202300016422;155 651 455;7;0;1;2;1;1
202300016423;155 651 454;7;0;2;2;1;1
202300016423;155 651 461;30;0;2;1;9;1
202300016424;155 651 450;7;0;2;3;1;1
202300016424;155 651 452;7;0;2;3;17;1
202300016425;155 651 451;30;0;2;6;26;0
202300016425;155 651 453;7;0;2;1;0;0
202300016426;155 651 449;7;0;1;1;16;0
202300016427;155 651 446;15;0;2;2;2;1
202300016427;155 651 448;1;0;2;8;2;5
202300016428;155 651 444;7;0;2;1;17;1
202300016428;155 651 447;7;0;2;6;13;1
202300016429;155 651 442;32;0;2;1;17;1
202300016430;155 651 443;7;0;1;2;2;1
202300016431;155 651 440;31;13;0;3;1;1
202300016432;155 651 437;7;3;0;1;21;1
202300016433;155 651 435;33;13;0;7;0;1
202300016434;155 651 433;7;0;2;2;15;1
202300016434;155 651 439;32;0;2;8;1;1
202300016435;155 651 434;7;0;1;2;1;1
202300016436;155 651 428;7;0;1;1;1;2
202300016437;155 651 426;7;0;2;8;13;1
202300016437;155 651 430;1;13;2;8;1;5
202300016438;155 651 425;7;0;1;4;20;1
202300016439;155 651 424;50;11;2;1;1;3
202300016439;155 651 429;30;11;9;1;1;1
202300016440;155 651 423;7;0;2;4;1;1
202300016440;155 651 427;7;0;2;4;1;1
202300016440;155 651 431;7;0;2;1;1;1
202300016441;155 651 421;7;4;0;2;1;1
202300016442;155 651 419;33;0;2;1;1;1
202300016442;155 651 422;7;0;2;1;9;1
202300016443;155 651 418;32;0;1;7;26;1
202300016444;155 651 417;33;0;0;7;1;1
202300016445;155 651 416;7;0;2;3;0;1
202300016445;155 651 420;7;0;2;2;19;1
202300016446;155 651 411;7;2;2;9;17;1
202300016446;155 651 414;15;0;2;2;1;0
202300016447;155 651 413;33;13;2;9;1;1
202300016447;155 651 415;33;13;0;9;1;1
202300016448;155 651 409;32;0;2;1;1;1
202300016448;155 651 410;7;0;2;1;17;2
202300016449;155 651 405;7;0;2;3;13;1
202300016449;155 651 408;7;0;2;3;1;1
202300016450;155 651 407;7;0;2;1;18;1
202300016450;155 651 412;33;0;2;4;1;1
202300016451;155 651 406;1;0;0;0;1;5
202300016452;155 651 403;33;0;0;1;1;1
202300016453;155 651 402;7;0;1;1;15;0
202300016454;155 651 401;7;0;1;2;1;1
202300016455;155 651 400;7;0;2;8;1;1
202300016455;155 651 404;7;0;2;2;12;1
202300016456;155 651 395;2;0;2;1;1;1
202300016456;155 651 399;21;0;2;3;1;1
202300016457;155 651 396;7;3;0;1;1;1
202300016458;155 651 394;7;0;2;3;5;1
202300016458;155 651 397;15;0;2;3;1;1
202300016459;155 651 393;37;0;2;4;0;0
202300016459;155 651 398;50;0;2;1;0;3
202300016460;155 651 392;7;2;0;1;13;1
202300016461;155 651 389;7;0;2;1;1;1
202300016461;155 651 391;7;0;2;4;1;1
202300016462;155 651 387;33;15;0;1;21;1
202300016463;155 651 388;30;0;2;1;13;3
202300016463;155 651 390;7;0;2;2;1;1
202300016464;155 651 386;7;0;1;3;1;1
202300016465;155 651 381;7;0;2;1;13;0
202300016465;155 651 385;7;8;2;1;1;0
202300016466;155 651 382;30;0;2;1;1;1
202300016466;155 651 383;10;0;2;3;1;1
202300016467;155 651 380;7;0;1;1;25;0
202300016468;155 651 379;7;0;2;1;1;0
202300016468;155 651 384;7;0;2;4;1;0
202300016469;155 651 378;7;0;1;1;1;1
202300016470;155 651 377;7;0;1;2;1;1
202300016471;155 651 373;7;1;0;1;0;1
202300016472;155 651 370;15;0;2;6;1;1
202300016472;155 651 374;7;0;2;3;1;1
202300016473;155 651 372;7;0;2;5;20;1
202300016473;155 651 376;1;0;2;2;18;5
202300016474;155 651 371;7;0;2;1;2;1
202300016474;155 651 375;7;0;2;4;2;1
202300016475;155 651 367;43;9;0;1;1;1
202300016476;155 651 365;7;0;0;3;1;1
202300016476;155 651 369;33;0;0;1;26;1
202300016477;155 651 364;7;0;2;1;1;1
202300016477;155 651 368;7;0;2;1;1;1
202300016478;155 651 363;7;0;2;1;2;1
202300016478;155 651 366;7;0;2;4;2;1
202300016479;155 651 362;7;2;0;1;14;1
202300016480;155 651 360;7;16;0;1;13;1
202300016481;155 651 361;7;0;1;3;1;1
202300016482;155 651 359;7;4;0;1;2;1
202300016483;155 651 357;80;0;0;4;1;3
202300016483;155 651 358;7;0;2;1;1;1
202300016484;155 651 356;7;4;0;2;0;1
202300016485;155 651 352;33;0;2;1;1;1
202300016486;155 651 354;10;0;2;3;15;1
202300016486;155 651 355;7;0;2;3;2;1
202300016487;155 651 351;7;0;2;8;22;1
202300016487;155 651 353;1;1;0;1;2;5
202300016488;155 651 350;7;4;0;3;2;1
202300016489;155 651 349;7;13;0;2;14;1
202300016490;155 651 346;14;0;9;1;13;1
202300016490;155 651 348;1;0;2;1;1;5
202300016491;155 651 345;7;0;0;0;15;2
202300016491;155 651 347;33;0;0;0;1;1
202300016492;155 651 344;7;4;0;1;1;1
202300016493;155 651 341;7;13;0;1;0;1
202300016494;155 651 340;7;4;0;0;1;1
202300016495;155 651 342;2;0;2;5;15;1
202300016495;155 651 343;15;0;2;2;1;1
202300016496;155 651 335;7;0;2;1;2;1
202300016496;155 651 338;10;0;2;4;2;0
202300016497;155 651 334;31;0;2;1;1;0
202300016497;155 651 337;7;0;2;3;1;0
202300016498;155 651 332;33;0;2;1;1;1
202300016498;155 651 333;10;0;2;7;11;1
202300016498;155 651 336;10;0;2;2;1;1
202300016499;155 651 331;7;4;0;2;1;1
202300016500;155 651 330;33;3;0;7;1;1
202300016501;155 651 329;7;0;2;2;15;1
202300016501;155 651 339;31;0;2;1;1;1
202300016502;155 651 328;10;3;0;1;1;1
202300016503;155 651 325;7;0;2;3;13;1
202300016503;155 651 327;7;0;2;3;1;1
202300016504;155 651 324;21;0;0;6;1;1
202300016504;155 651 326;7;8;2;1;2;1
202300016505;155 651 323;1;0;1;1;15;5
202300016506;155 651 322;7;4;0;2;2;1
202300016507;155 651 321;7;2;0;3;1;0
202300016508;155 651 320;33;0;0;0;1;1