Num_Acc;id_vehicule;categorie_vehicule;obstacle_fixe;obstacle_mobile;point_choc_initial;manoeuvre_principale;motorisation
202300016509;155 651 318;21;9;0;2;14;1
202300016510;155 651 315;33;0;0;0;1;1
202300016511;155 651 314;7;0;2;3;2;1
202300016511;155 651 317;34;0;2;2;26;1
202300016512;155 651 313;7;0;2;1;1;1
202300016512;155 651 316;7;0;2;3;1;1
202300016512;155 651 319;7;0;2;6;1;1
202300016513;155 651 311;31;0;2;8;19;1
202300016513;155 651 312;7;0;2;1;1;1
202300016514;155 651 309;7;2;0;1;1;0
202300016515;155 651 308;7;0;1;0;0;1
202300016516;155 651 307;7;0;2;4;2;1
202300016516;155 651 310;7;0;2;1;2;1
202300016517;155 651 304;33;0;0;0;1;1
202300016518;155 651 301;7;0;0;4;1;1
202300016518;155 651 305;7;0;2;1;1;1
202300016518;155 651 306;7;0;0;4;1;1
202300016519;155 651 303;7;6;0;1;1;1
202300016520;155 651 300;1;0;2;2;1;5
202300016520;155 651 302;7;0;2;3;16;1
202300016521;155 651 299;33;0;0;0;1;1
202300016522;155 651 298;7;0;1;2;16;1
202300016523;155 651 294;7;4;0;1;1;1
202300016524;155 651 295;33;0;2;1;1;1
202300016524;155 651 297;7;0;2;6;15;1
202300016525;155 651 292;17;0;0;5;1;0
202300016525;155 651 296;30;0;2;7;2;0
202300016526;155 651 291;7;0;2;1;1;1
202300016526;155 651 293;33;0;2;1;1;1
202300016527;155 651 286;7;4;2;3;2;1
202300016527;155 651 290;7;3;2;3;1;1
202300016528;155 651 287;7;0;2;2;15;6
202300016528;155 651 289;33;0;2;1;1;6
202300016529;155 651 285;99;0;0;0;14;6
202300016530;155 651 284;7;5;0;1;1;1
202300016531;155 651 280;38;13;0;2;14;1
202300016532;155 651 279;7;12;1;3;1;1
202300016533;155 651 276;7;0;2;1;1;1
202300016533;155 651 277;33;0;2;1;13;1
202300016534;155 651 272;10;0;2;3;18;1
202300016534;155 651 274;7;3;2;1;12;1
202300016534;155 651 278;10;3;2;1;1;1
202300016535;155 651 271;7;0;2;1;2;1
202300016535;155 651 273;7;0;2;4;23;1
202300016535;155 651 275;7;0;2;4;23;1
202300016536;155 651 268;7;0;1;2;1;1
202300016537;155 651 267;7;3;0;3;15;1
202300016537;155 651 270;10;0;0;1;1;1
202300016538;155 651 265;10;0;9;1;1;0
202300016538;155 651 266;10;0;1;2;1;0
202300016538;155 651 269;7;0;0;0;23;0
202300016539;155 651 262;7;0;0;3;11;1
202300016539;155 651 263;50;0;2;0;2;3
202300016540;155 651 261;33;0;2;1;13;1
202300016540;155 651 264;7;0;2;3;1;1
202300016541;155 651 259;7;0;2;1;1;1
202300016541;155 651 260;7;0;2;2;18;1
202300016542;155 651 258;10;1;0;5;1;1
202300016543;155 651 257;7;13;0;0;1;0
202300016544;155 651 255;14;0;2;4;2;1
202300016544;155 651 256;33;0;2;1;2;1
202300016545;155 651 252;7;4;2;7;17;1
202300016545;155 651 254;7;0;0;3;1;1
202300016546;155 651 251;7;0;2;3;1;1
202300016546;155 651 253;7;0;2;3;0;1
202300016547;155 651 250;2;13;0;1;14;1
202300016548;155 651 248;10;0;1;4;20;1
202300016549;155 651 247;1;0;0;0;1;5
202300016550;155 651 246;7;0;2;3;13;1
202300016550;155 651 249;7;0;2;1;1;1
202300016551;155 651 242;7;0;2;3;2;1
202300016551;155 651 244;33;0;2;5;23;1
202300016552;155 651 240;7;0;2;1;1;1
202300016552;155 651 245;7;0;2;2;1;1
202300016553;155 651 238;14;0;2;3;1;1
202300016553;155 651 239;33;0;2;3;1;1
202300016554;155 651 237;31;0;0;2;9;1
202300016555;155 651 236;33;0;0;0;1;1
202300016556;155 651 241;7;0;2;1;15;1
202300016556;155 651 243;7;0;2;1;1;1
202300016557;155 651 234;2;0;2;2;2;1
202300016557;155 651 235;7;0;2;3;20;1
202300016558;155 651 232;1;0;1;1;1;5
202300016559;155 651 233;7;0;1;2;1;1
202300016560;155 651 230;10;0;1;4;4;1
202300016561;155 651 228;1;0;2;1;2;5
202300016561;155 651 231;14;0;2;5;2;1
202300016562;155 651 227;10;0;0;1;1;1
202300016563;155 651 226;7;0;2;2;21;1
202300016563;155 651 229;1;0;2;1;9;5
202300016564;155 651 224;7;0;9;1;26;1
202300016564;155 651 225;60;0;2;7;0;5
202300016565;155 651 222;7;15;0;1;13;2
202300016566;155 651 220;33;0;2;1;2;1
202300016566;155 651 223;13;0;0;6;2;1
202300016567;155 651 217;7;0;2;2;1;1
202300016567;155 651 219;50;0;2;8;26;3
202300016568;155 651 218;7;0;2;2;1;1
202300016568;155 651 221;7;0;2;1;1;1
202300016569;155 651 215;2;0;2;1;13;1
202300016569;155 651 216;7;0;2;3;1;1
202300016570;155 651 214;7;0;1;1;16;1
202300016571;155 651 213;33;13;0;0;9;1
202300016572;155 651 212;7;0;1;8;1;0
202300016573;155 651 211;33;6;0;3;0;1
202300016574;155 651 210;10;0;1;2;16;1
202300016575;155 651 209;30;0;0;7;1;3
202300016576;155 651 208;2;12;0;0;0;1
202300016577;155 651 207;7;13;0;9;1;1
202300016578;155 651 204;7;0;2;1;9;1
202300016578;155 651 205;7;8;0;5;1;1
202300016579;155 651 202;32;0;0;1;0;0
202300016579;155 651 203;7;0;0;3;0;0
202300016580;155 651 201;7;2;0;9;14;1
202300016581;155 651 197;7;0;2;1;0;1
202300016581;155 651 199;7;0;2;1;0;1
202300016582;155 651 196;33;0;2;1;17;0
202300016582;155 651 198;7;0;2;3;1;0
202300016583;155 651 195;7;0;2;8;1;1
202300016583;155 651 200;7;0;2;1;1;1
202300016584;155 651 192;7;0;2;2;0;0
202300016584;155 651 194;7;0;2;1;13;0
202300016585;155 651 190;7;16;0;4;15;1
202300016585;155 651 193;10;1;0;1;1;1
202300016586;155 651 189;43;0;2;7;18;1
202300016586;155 651 191;7;0;2;3;15;1
202300016587;155 651 187;1;1;0;1;1;5
202300016588;155 651 184;7;0;2;7;10;1
202300016588;155 651 185;7;0;2;1;1;1
202300016589;155 651 183;7;0;1;1;15;1
202300016590;155 651 182;7;0;9;3;1;0
202300016590;155 651 186;33;0;2;1;1;0
202300016590;155 651 188;7;0;2;5;15;0
202300016591;155 651 181;7;0;1;2;1;0
202300016592;155 651 180;50;0;0;0;1;3
202300016593;155 651 175;32;0;2;5;9;1
202300016593;155 651 177;7;0;2;6;1;1
202300016594;155 651 174;50;0;2;1;19;3
202300016594;155 651 178;7;0;2;8;12;1
202300016595;155 651 173;7;8;1;1;20;1
202300016596;155 651 176;7;0;2;2;1;1
202300016596;155 651 179;7;0;2;8;9;1
202300016597;155 651 169;2;0;2;3;17;1
202300016597;155 651 171;7;0;2;3;1;1
202300016598;155 651 166;7;0;2;1;2;1
202300016598;155 651 168;7;0;2;4;1;2
202300016598;155 651 172;7;0;2;4;1;1
202300016599;155 651 164;7;7;0;9;1;1
202300016600;155 651 163;7;0;2;1;1;0
202300016600;155 651 165;7;0;2;6;1;0
202300016600;155 651 170;17;0;2;2;12;0
202300016601;155 651 161;7;6;0;1;1;1
202300016602;155 651 160;14;6;0;1;0;1
202300016603;155 651 162;7;0;2;4;2;1
202300016603;155 651 167;7;0;0;1;13;1
202300016604;155 651 158;7;0;0;6;0;0
202300016604;155 651 159;31;0;0;1;17;0
202300016605;155 651 155;7;0;2;3;2;1
202300016605;155 651 157;7;0;0;0;2;1
202300016606;155 651 154;7;0;2;3;1;1
202300016606;155 651 156;7;0;2;3;15;1
202300016607;155 651 151;10;0;2;8;11;1
202300016607;155 651 153;33;0;2;7;3;1
202300016608;155 651 148;3;0;2;4;2;1
202300016608;155 651 152;7;0;2;1;2;0
202300016609;155 651 143;7;0;2;3;1;1
202300016609;155 651 145;33;0;2;1;13;1
202300016610;155 651 142;10;0;2;4;2;1
202300016610;155 651 144;7;0;2;1;2;1
202300016610;155 651 146;10;0;2;1;2;1
202300016611;155 651 141;7;0;2;8;1;1
202300016611;155 651 147;7;0;2;8;1;1
202300016611;155 651 149;7;0;2;1;26;1
202300016612;155 651 137;43;3;2;3;3;1
202300016612;155 651 139;16;3;2;2;12;1
202300016613;155 651 138;7;0;2;1;2;1
202300016613;155 651 140;17;0;0;4;2;1
202300016614;155 651 136;7;1;0;2;14;1
202300016615;155 651 133;33;0;2;3;21;1
202300016615;155 651 135;7;0;0;4;23;0
202300016616;155 651 132;33;0;2;8;18;1
202300016616;155 651 134;7;0;2;7;16;1
202300016617;155 651 127;7;1;0;3;0;1
202300016617;155 651 130;1;1;0;2;1;5
202300016618;155 651 124;7;0;2;6;11;1
202300016618;155 651 125;7;0;2;2;1;1
202300016618;155 651 129;15;0;2;2;1;1
202300016619;155 651 128;10;0;2;1;1;1
202300016619;155 651 131;7;0;2;1;26;1
202300016620;155 651 122;99;0;2;2;26;1
202300016620;155 651 123;32;0;9;8;1;1
202300016621;155 651 121;7;4;0;3;13;3
202300016622;155 651 119;7;7;9;1;1;1
202300016623;155 651 120;50;0;2;7;0;3
202300016623;155 651 126;7;0;2;3;1;1
202300016624;155 651 116;10;0;2;1;1;1
202300016624;155 651 117;7;0;2;4;1;1
202300016625;155 651 115;33;12;0;1;1;1
202300016626;155 651 114;7;0;2;1;26;1
202300016626;155 651 118;7;0;2;1;1;1
202300016627;155 651 110;7;0;2;4;0;1
202300016627;155 651 111;33;0;2;8;0;1
202300016627;155 651 113;10;0;2;7;12;1
202300016628;155 651 109;7;0;2;2;15;1
202300016628;155 651 112;34;0;2;1;1;1
202300016629;155 651 104;7;0;2;6;11;0
202300016629;155 651 107;32;0;2;2;3;1
202300016630;155 651 105;7;15;2;1;13;1
202300016630;155 651 108;7;0;2;3;1;1
202300016631;155 651 102;7;0;2;2;15;1
202300016631;155 651 106;7;0;2;3;1;1
202300016632;155 651 101;7;0;2;2;0;1
202300016632;155 651 103;1;0;2;0;0;5
202300016633;155 651 096;7;0;2;4;1;1
202300016633;155 651 099;7;0;2;1;2;1
202300016634;155 651 094;7;0;2;1;1;1
202300016634;155 651 098;7;0;2;1;1;1
202300016634;155 651 100;7;0;2;4;1;1
202300016635;155 651 093;60;0;2;7;26;5
202300016635;155 651 095;7;0;2;2;1;1
202300016636;155 651 092;7;0;2;1;13;1
202300016636;155 651 097;32;0;2;1;13;1
202300016637;155 651 091;7;0;1;2;1;1
202300016638;155 651 088;7;0;2;1;2;1
202300016638;155 651 090;7;0;2;4;1;1
202300016639;155 651 087;80;0;2;8;1;3
202300016639;155 651 089;7;0;2;7;14;1
202300016640;155 651 082;33;0;2;7;21;1
202300016640;155 651 086;7;0;2;3;11;1
202300016641;155 651 083;33;10;0;1;1;1
202300016642;155 651 080;3;0;2;1;9;2
202300016642;155 651 085;1;0;2;0;16;5
202300016643;155 651 076;10;0;2;4;1;1
202300016643;155 651 078;7;0;2;1;1;1
202300016643;155 651 079;7;0;2;4;1;1
202300016643;155 651 081;7;0;2;4;1;1
202300016643;155 651 084;7;0;2;4;1;1
202300016644;155 651 075;1;0;0;1;1;5
202300016645;155 651 074;7;0;2;7;12;0
202300016645;155 651 077;33;0;2;3;3;1
202300016646;155 651 073;7;0;1;4;26;6
202300016647;155 651 072;10;13;0;0;1;1
202300016648;155 651 070;33;14;2;2;17;1
202300016648;155 651 071;10;0;2;3;15;1
202300016649;155 651 069;7;10;0;1;13;1
202300016650;155 651 068;7;0;1;0;26;1
202300016651;155 651 066;7;0;1;1;1;1
202300016652;155 651 061;10;0;2;1;1;1
202300016652;155 651 065;7;0;2;1;1;1
202300016653;155 651 059;33;0;2;1;15;1
202300016653;155 651 063;7;0;2;3;10;1
202300016654;155 651 060;33;0;2;3;1;1
202300016654;155 651 064;7;0;2;5;12;1
202300016655;155 651 058;30;12;0;9;1;1
202300016656;155 651 054;37;0;2;3;1;1
202300016656;155 651 057;7;0;2;3;1;1
202300016657;155 651 052;7;0;0;2;1;0
202300016658;155 651 050;2;0;2;3;1;1
202300016658;155 651 055;7;1;2;3;13;1
202300016659;155 651 051;7;0;2;3;1;1
202300016659;155 651 056;10;0;2;2;1;1
202300016660;155 651 049;33;0;2;8;3;1
202300016660;155 651 053;7;0;2;4;12;2
202300016661;155 651 047;7;0;0;3;2;0
202300016661;155 651 048;33;0;2;7;2;0
202300016662;155 651 041;31;0;2;1;9;1
202300016662;155 651 046;2;0;2;7;15;1
202300016663;155 651 042;7;0;2;3;1;1
202300016663;155 651 045;7;0;2;3;1;1
202300016664;155 651 043;7;0;1;0;0;0
202300016665;155 651 040;7;0;2;3;10;1
202300016665;155 651 044;33;0;2;1;17;1
202300016666;155 651 039;7;2;0;1;1;1
202300016667;155 651 033;7;0;2;3;15;1
202300016667;155 651 037;1;0;2;3;25;5
202300016668;155 651 035;7;0;2;7;15;1
202300016668;155 651 038;32;0;2;1;1;1
202300016669;155 651 032;7;6;0;1;1;1
202300016670;155 651 031;7;0;2;3;10;2
202300016670;155 651 036;1;0;2;7;5;5
202300016671;155 651 030;2;0;2;7;1;1
202300016671;155 651 034;7;0;2;1;19;1
202300016672;155 651 028;37;0;1;1;1;1
202300016673;155 651 024;7;0;2;6;1;1
202300016673;155 651 027;0;0;2;0;12;0
202300016673;155 651 029;33;0;2;0;0;1
202300016674;155 651 025;32;0;0;0;21;1
202300016675;155 651 023;31;0;2;4;2;1
202300016675;155 651 026;10;0;2;2;2;1
202300016676;155 651 022;36;8;0;1;0;1
202300016677;155 651 019;7;0;1;1;1;1
202300016678;155 651 018;7;0;2;1;15;1
202300016678;155 651 021;7;0;2;3;1;2
202300016679;155 651 017;50;11;0;1;1;3
202300016680;155 651 015;7;0;2;1;2;1
202300016680;155 651 020;7;0;2;4;2;1
202300016681;155 651 011;7;8;0;1;1;0
202300016682;155 651 009;10;0;2;4;15;1
202300016682;155 651 013;7;0;2;2;2;1
202300016682;155 651 016;3;0;2;4;2;1
202300016683;155 651 008;10;0;2;1;1;1
202300016683;155 651 014;2;0;2;8;5;1
202300016684;155 651 006;7;0;2;2;17;1
202300016684;155 651 010;7;0;2;6;1;1
202300016684;155 651 012;33;0;2;1;1;1
202300016685;155 651 005;7;0;2;1;1;1
202300016685;155 651 007;7;0;2;4;1;1
202300016686;155 650 999;33;0;2;2;2;1
202300016686;155 651 002;7;0;2;3;1;2
202300016687;155 651 000;10;1;1;5;4;1
202300016688;155 650 997;2;0;2;1;1;0
202300016688;155 651 004;7;0;2;1;15;0
202300016689;155 650 998;50;0;2;3;9;3
202300016689;155 651 003;31;0;2;0;0;1
202300016690;155 650 994;7;0;2;4;2;1
202300016690;155 650 996;7;0;2;4;2;1
202300016690;155 651 001;7;0;2;1;2;1
202300016691;155 650 995;2;0;0;1;16;1
202300016692;155 650 992;40;0;1;2;1;3
202300016693;155 650 990;33;1;2;1;1;1
202300016693;155 650 993;7;0;2;3;15;1
202300016694;155 650 988;7;0;2;2;2;1
202300016694;155 650 991;7;0;2;3;9;1
202300016695;155 650 984;7;0;2;2;15;1
202300016695;155 650 987;32;0;2;3;16;1
202300016696;155 650 983;7;3;2;4;2;1
202300016696;155 650 986;7;3;2;4;2;1
202300016696;155 650 989;10;3;2;1;2;1
202300016697;155 650 982;7;0;2;3;15;1
202300016697;155 650 985;1;0;2;1;1;0
202300016698;155 650 980;30;0;0;1;0;0
202300016699;155 650 978;7;0;2;1;2;1
202300016699;155 650 979;7;0;2;4;2;1
202300016700;155 650 977;2;0;2;1;9;1
202300016700;155 650 981;7;0;2;4;26;0
202300016701;155 650 975;7;2;0;7;1;1
202300016702;155 650 973;7;0;2;6;19;1
202300016702;155 650 976;7;0;2;1;1;1
202300016703;155 650 972;7;0;2;4;2;1
202300016703;155 650 974;7;0;2;1;1;1
202300016704;155 650 971;7;0;1;1;1;1
202300016705;155 650 967;7;0;2;1;1;1
202300016705;155 650 969;7;0;2;4;23;1
202300016706;155 650 966;7;0;2;0;13;1
202300016706;155 650 968;33;0;2;0;1;1
202300016707;155 650 964;7;0;2;1;1;1
202300016707;155 650 970;7;0;2;1;13;1
202300016708;155 650 963;33;0;2;8;9;1
202300016708;155 650 965;33;0;2;0;26;0
202300016709;155 650 961;17;3;0;7;14;1
202300016710;155 650 960;33;0;1;1;1;1
202300016711;155 650 958;10;0;1;3;15;1
202300016712;155 650 957;7;0;2;3;13;1
202300016712;155 650 959;7;0;2;3;1;1
202300016712;155 650 962;10;0;2;8;1;1
202300016713;155 650 955;7;0;1;4;4;1
202300016714;155 650 953;33;0;2;8;5;1
202300016714;155 650 956;10;0;2;7;16;1
202300016715;155 650 952;7;0;2;2;19;1
202300016715;155 650 954;33;0;2;1;0;1
202300016716;155 650 951;7;0;0;0;13;1
202300016717;155 650 950;7;0;1;1;1;1
202300016718;155 650 949;14;0;1;3;16;1
202300016719;155 650 947;1;0;2;0;0;5
202300016719;155 650 948;7;0;0;0;0;0
202300016720;155 650 944;50;0;2;4;1;3
202300016720;155 650 946;7;0;2;1;1;1
202300016721;155 650 943;33;0;2;1;2;1
202300016721;155 650 945;7;0;2;6;17;1
202300016722;155 650 940;1;0;2;3;15;5
202300016722;155 650 942;43;0;2;2;1;1
202300016723;155 650 939;10;0;2;8;15;0
202300016723;155 650 941;34;0;2;7;1;0
202300016724;155 650 937;7;0;1;0;0;1
202300016725;155 650 936;7;0;2;1;13;1
202300016725;155 650 938;7;0;2;1;1;1
202300016726;155 650 932;7;0;2;1;26;1
202300016726;155 650 934;13;0;2;1;26;1
202300016727;155 650 933;1;0;2;7;14;5
202300016727;155 650 935;1;0;2;8;1;5
202300016728;155 650 930;7;0;2;8;15;1
202300016728;155 650 931;34;0;2;3;0;1
202300016729;155 650 929;7;13;0;1;14;1
202300016730;155 650 926;50;0;1;1;5;3
202300016731;155 650 924;7;1;2;1;15;1
202300016731;155 650 927;7;0;2;1;1;1
202300016731;155 650 928;7;0;0;0;0;3
202300016732;155 650 923;7;14;2;1;11;1
202300016732;155 650 925;7;14;0;5;23;1
202300016733;155 650 920;7;0;2;6;11;1
202300016733;155 650 922;7;0;2;2;1;1
202300016734;155 650 921;7;6;0;7;26;1
202300016735;155 650 916;34;0;2;0;0;1
202300016735;155 650 918;10;0;2;0;0;1
202300016736;155 650 917;10;0;2;3;15;1
202300016736;155 650 919;7;0;2;2;1;1
202300016737;155 650 915;7;0;2;1;19;3
202300016738;155 650 912;33;0;1;1;1;1
202300016739;155 650 911;33;0;2;1;1;1
202300016739;155 650 914;7;10;0;3;6;0
202300016740;155 650 910;1;6;0;7;9;5
202300016740;155 650 913;7;6;0;1;1;1
202300016741;155 650 905;7;0;0;4;0;1
202300016741;155 650 908;7;0;0;0;0;1
202300016742;155 650 904;7;0;2;7;1;1
202300016742;155 650 909;7;0;2;1;1;1
202300016743;155 650 903;7;0;2;3;5;1
202300016743;155 650 907;7;0;2;3;0;1
202300016744;155 650 902;7;0;1;8;1;1
202300016745;155 650 899;80;0;2;5;2;3
202300016745;155 650 901;7;0;9;5;1;1
202300016746;155 650 897;7;0;2;6;17;1
202300016746;155 650 900;31;0;2;1;17;1
202300016747;155 650 898;32;4;0;3;0;1
202300016748;155 650 891;33;0;2;3;1;1
202300016748;155 650 895;7;0;2;3;5;0
202300016749;155 650 892;30;0;2;1;1;1
202300016749;155 650 894;7;0;2;5;15;1
202300016750;155 650 888;7;0;1;1;1;1
202300016751;155 650 887;1;0;2;1;1;5
202300016751;155 650 889;7;0;2;4;1;0
202300016752;155 650 886;7;8;0;0;0;2
202300016753;155 650 883;7;0;2;1;1;0
202300016753;155 650 885;7;0;2;1;5;0
202300016754;155 650 878;7;0;2;3;11;1
202300016754;155 650 880;33;0;2;2;2;1
202300016755;155 650 881;2;0;2;3;13;0
202300016755;155 650 884;7;0;2;3;1;1
202300016756;155 650 877;7;0;2;1;2;1
202300016756;155 650 879;7;0;2;1;26;1
202300016757;155 650 875;7;0;2;1;0;1
202300016757;155 650 876;15;0;2;4;0;1
202300016758;155 650 872;10;0;2;1;15;1
202300016758;155 650 874;7;0;2;1;1;1
202300016759;155 650 873;2;6;0;8;1;1
202300016760;155 650 870;10;0;9;4;16;1
202300016760;155 650 871;33;0;2;1;1;1
202300016761;155 650 868;7;0;1;2;1;1
202300016762;155 650 865;7;0;2;4;23;0
202300016762;155 650 866;7;0;2;1;23;1
202300016762;155 650 867;7;0;2;1;2;1
202300016763;155 650 869;7;11;0;1;2;1
202300016764;155 650 863;10;0;2;3;15;1
202300016764;155 650 864;2;0;2;1;1;0
202300016765;155 650 859;7;0;2;4;23;1
202300016765;155 650 861;7;0;2;1;1;1
202300016765;155 650 862;7;0;0;4;23;1
202300016766;155 650 857;30;0;2;2;1;1
202300016766;155 650 858;7;0;2;3;9;1
202300016767;155 650 860;7;6;0;2;0;1
202300016768;155 650 854;7;0;2;3;9;1
202300016768;155 650 856;50;0;2;1;1;3
202300016769;155 650 853;7;0;2;2;26;1
202300016769;155 650 855;37;0;2;3;1;1
202300016770;155 650 850;7;0;2;3;10;1
202300016770;155 650 852;34;0;2;2;1;1
202300016771;155 650 848;7;0;2;1;2;1
202300016771;155 650 849;7;0;2;4;1;1
202300016772;155 650 845;7;0;2;2;9;1
202300016772;155 650 846;50;0;2;1;25;3
202300016773;155 650 847;7;0;2;4;2;1
202300016773;155 650 851;7;1;2;1;2;1
202300016774;155 650 844;7;0;1;3;1;1
202300016775;155 650 843;7;0;1;1;1;1
202300016776;155 650 841;7;0;2;7;15;1
202300016776;155 650 842;31;0;2;1;1;1
202300016777;155 650 838;7;0;2;3;15;1
202300016777;155 650 839;34;0;2;7;2;1
202300016778;155 650 840;7;0;1;7;1;1
202300016779;155 650 836;60;15;0;0;1;5
202300016780;155 650 835;30;0;2;3;18;1
202300016780;155 650 837;17;0;2;7;16;1
202300016781;155 650 834;7;0;0;0;0;1
202300016782;155 650 831;1;1;2;1;5;5
202300016782;155 650 833;50;0;2;0;0;3
202300016783;155 650 830;7;0;2;1;0;2
202300016783;155 650 832;7;0;2;8;0;1
202300016784;155 650 829;7;6;0;1;26;1
202300016785;155 650 825;7;0;2;4;1;1
202300016785;155 650 827;3;0;2;1;1;1
202300016785;155 650 828;10;0;2;1;1;1
202300016786;155 650 823;7;0;2;3;15;1
202300016786;155 650 826;7;0;2;2;1;1
202300016787;155 650 818;7;0;2;0;0;1
202300016787;155 650 821;31;0;2;0;0;1
202300016788;155 650 817;7;0;2;1;1;1
202300016788;155 650 819;7;0;2;1;5;1
202300016789;155 650 815;7;0;1;2;16;1
202300016790;155 650 814;33;12;0;7;1;1
202300016791;155 650 816;7;0;2;4;2;1
202300016791;155 650 820;7;0;2;4;2;1
202300016791;155 650 822;7;0;2;1;2;1
202300016791;155 650 824;7;0;2;1;2;1
202300016792;155 650 812;1;0;2;1;1;5
202300016792;155 650 813;7;0;2;3;22;1
202300016793;155 650 810;7;3;0;2;0;1
202300016794;155 650 809;50;0;2;5;19;3
202300016794;155 650 811;10;0;2;1;0;0
202300016795;155 650 807;7;0;2;0;2;1
202300016795;155 650 808;33;0;2;1;1;1
202300016796;155 650 806;30;1;0;1;1;1
202300016797;155 650 804;7;0;1;1;1;1
202300016797;155 650 805;7;0;0;0;1;1
202300016798;155 650 802;7;4;0;1;1;1
202300016799;155 650 801;7;0;2;1;1;1
202300016799;155 650 803;7;0;2;8;19;3
202300016800;155 650 800;7;1;0;3;26;1
202300016801;155 650 795;7;0;0;6;2;0
202300016801;155 650 797;31;0;2;1;2;0
202300016802;155 650 796;7;6;2;6;15;1
202300016802;155 650 799;7;0;2;1;1;1
202300016803;155 650 794;7;8;0;2;1;1
202300016804;155 650 798;7;0;2;3;1;1
202300016805;155 650 792;15;0;9;2;16;1
202300016805;155 650 793;1;0;9;3;1;5
202300016806;155 650 791;7;8;0;1;13;1
202300016807;155 650 787;7;0;1;2;1;1
202300016808;155 650 785;7;0;2;3;1;0
202300016808;155 650 788;7;0;2;1;9;0
202300016809;155 650 786;32;0;2;1;3;1
202300016809;155 650 789;7;0;2;6;2;1
202300016809;155 650 790;7;0;2;2;1;1
202300016810;155 650 783;33;0;2;1;1;1
202300016810;155 650 784;7;0;2;3;15;1
202300016811;155 650 781;7;0;2;2;16;1
202300016811;155 650 782;7;0;2;3;1;1
202300016812;155 650 778;2;0;2;1;1;1
202300016812;155 650 780;7;0;2;3;15;1
202300016813;155 650 776;7;0;2;1;1;1
202300016813;155 650 777;7;0;2;7;2;0
202300016814;155 650 774;7;16;0;9;14;1
202300016815;155 650 775;30;0;2;1;17;
202300016815;155 650 779;7;0;2;8;1;
202300016816;155 650 772;7;0;2;2;16;1
202300016816;155 650 773;50;0;2;1;2;3
202300016817;155 650 769;7;0;2;3;9;1
202300016817;155 650 771;33;1;2;2;2;1
202300016818;155 650 768;7;16;2;1;25;0
202300016818;155 650 770;2;0;2;0;26;0
202300016819;155 650 764;7;0;2;3;9;1
202300016819;155 650 767;2;0;2;2;12;1
202300016820;155 650 765;7;0;1;4;26;1
202300016821;155 650 763;7;0;2;2;1;1
202300016821;155 650 766;7;0;2;3;16;1
202300016822;155 650 760;7;0;2;3;9;0
202300016822;155 650 762;80;0;2;7;26;3
202300016823;155 650 759;7;0;1;1;1;1
202300016824;155 650 757;7;2;0;7;1;1
202300016825;155 650 758;31;0;2;1;17;1
202300016825;155 650 761;7;0;2;3;15;1
202300016826;155 650 755;1;0;2;0;1;5
202300016826;155 650 756;50;0;2;1;1;3
202300016827;155 650 752;10;0;2;1;1;1
202300016827;155 650 754;10;0;2;2;1;1
202300016828;155 650 750;7;0;2;1;1;1
202300016828;155 650 751;7;0;2;4;1;1
202300016829;155 650 749;7;0;1;2;1;1
202300016830;155 650 746;7;0;2;5;1;1
202300016830;155 650 747;7;0;2;1;1;1
202300016831;155 650 748;7;0;2;5;1;1
202300016831;155 650 753;30;0;2;1;1;1
202300016832;155 650 745;7;13;0;7;1;1
202300016833;155 650 743;14;0;2;1;15;1
202300016833;155 650 744;1;0;2;0;0;5
202300016834;155 650 738;7;0;2;6;1;1
202300016834;155 650 740;50;0;2;1;1;3
202300016835;155 650 739;7;0;2;3;1;0
202300016835;155 650 741;7;8;2;1;1;1
202300016836;155 650 734;7;0;2;8;1;1
202300016836;155 650 736;50;0;2;2;1;3
202300016837;155 650 733;7;8;2;1;1;1
202300016837;155 650 737;7;0;2;2;10;6
202300016838;155 650 735;7;0;2;2;0;1
202300016838;155 650 742;50;0;9;8;19;3
202300016839;155 650 731;7;0;2;3;15;1
202300016839;155 650 732;32;0;2;8;19;1
202300016840;155 650 730;7;15;0;1;1;1
202300016841;155 650 728;7;0;0;0;0;1
202300016841;155 650 729;33;0;2;1;18;1
202300016842;155 650 727;7;0;0;1;1;1
202300016843;155 650 722;7;0;2;2;1;1
202300016843;155 650 725;7;0;2;6;1;1
202300016844;155 650 721;7;0;2;4;2;0
202300016844;155 650 724;7;0;2;1;2;0
202300016844;155 650 726;7;0;2;4;2;0
202300016845;155 650 719;7;0;2;2;15;1
202300016845;155 650 723;1;0;2;0;0;5
202300016846;155 650 716;7;0;2;8;15;1
202300016846;155 650 717;10;0;2;3;23;1
202300016846;155 650 720;7;0;2;1;1;1
202300016847;155 650 714;7;0;2;1;1;1
202300016847;155 650 715;33;0;2;1;1;1
202300016847;155 650 718;7;0;2;7;19;1
202300016848;155 650 711;10;0;2;7;15;1
202300016848;155 650 713;33;0;2;2;1;1
202300016849;155 650 709;7;0;2;1;2;1
202300016849;155 650 710;7;0;2;5;2;1
202300016850;155 650 707;7;0;2;1;1;1
202300016850;155 650 708;32;0;2;1;13;1
202300016851;155 650 712;10;0;1;3;15;1
202300016852;155 650 705;7;0;2;3;1;1