Num_Acc;id_vehicule;categorie_vehicule;obstacle_fixe;obstacle_mobile;point_choc_initial;manoeuvre_principale;motorisation
202300016852;155 650 706;1;0;2;1;1;5
202300016853;155 650 703;60;0;2;7;15;5
202300016853;155 650 704;7;0;2;3;1;1
202300016854;155 650 701;7;13;0;0;15;1
202300016855;155 650 700;15;0;1;2;1;0
202300016856;155 650 702;7;0;1;2;1;1
202300016857;155 650 697;50;0;2;1;19;3
202300016857;155 650 699;7;0;2;8;1;1
202300016858;155 650 696;80;0;2;6;13;3
202300016858;155 650 698;7;0;2;1;17;1
202300016859;155 650 690;7;0;2;1;1;6
202300016859;155 650 693;7;0;2;8;13;0
202300016860;155 650 691;1;0;2;4;1;5
202300016860;155 650 694;7;0;2;1;16;1
202300016861;155 650 692;7;0;2;3;1;1
202300016861;155 650 695;7;0;2;3;13;1
202300016862;155 650 688;17;0;0;7;1;1
202300016863;155 650 689;1;1;0;9;26;5
202300016864;155 650 682;7;14;2;6;10;1
202300016864;155 650 685;7;0;2;2;1;1
202300016865;155 650 684;33;0;2;1;1;1
202300016865;155 650 686;7;1;2;7;20;1
202300016866;155 650 683;7;0;2;6;1;1
202300016866;155 650 687;33;0;2;2;21;1
202300016867;155 650 679;32;0;2;1;17;1
202300016867;155 650 680;7;0;2;1;1;1
202300016868;155 650 681;7;2;0;2;13;1
202300016869;155 650 677;10;0;1;2;15;3
202300016870;155 650 675;7;0;2;8;10;1
202300016870;155 650 676;34;0;2;1;1;1
202300016871;155 650 672;7;0;2;6;20;1
202300016871;155 650 674;33;0;2;1;17;1
202300016872;155 650 673;7;0;2;2;13;1
202300016872;155 650 678;7;0;2;3;2;1
202300016873;155 650 670;7;0;1;0;1;1
202300016874;155 650 668;34;0;2;8;1;1
202300016874;155 650 669;7;0;2;2;1;1
202300016875;155 650 663;7;0;2;1;2;0
202300016875;155 650 665;33;0;2;4;2;1
202300016876;155 650 661;7;0;2;4;23;1
202300016876;155 650 664;7;0;2;2;2;1
202300016877;155 650 662;7;0;2;2;15;1
202300016877;155 650 666;7;0;2;1;1;1
202300016878;155 650 658;33;0;0;4;1;1
202300016879;155 650 659;7;9;0;1;1;1
202300016880;155 650 655;7;0;2;3;13;1
202300016880;155 650 657;10;0;2;3;1;1
202300016881;155 650 650;10;0;2;4;2;1
202300016881;155 650 653;10;0;2;1;2;1
202300016881;155 650 654;7;0;2;0;0;1
202300016882;155 650 649;2;0;2;1;5;1
202300016882;155 650 652;7;0;2;2;1;1
202300016883;155 650 651;7;1;2;6;4;1
202300016883;155 650 656;7;1;2;1;13;1
202300016884;155 650 646;33;0;2;1;2;1
202300016884;155 650 647;7;0;2;5;2;1
202300016885;155 650 643;7;0;2;4;2;1
202300016885;155 650 645;37;0;2;1;2;1
202300016885;155 650 648;7;0;2;4;2;1
202300016886;155 650 641;32;0;0;7;2;0
202300016886;155 650 644;7;0;2;2;15;1
202300016887;155 650 640;2;0;2;7;1;1
202300016887;155 650 642;7;0;2;1;26;1
202300016888;155 650 638;15;1;0;4;24;1
202300016888;155 650 639;7;1;0;1;2;1
202300016889;155 650 637;7;6;0;1;20;1
202300016890;155 650 633;7;0;1;1;1;1
202300016891;155 650 634;7;0;1;2;1;1
202300016892;155 650 632;7;4;0;3;1;1
202300016893;155 650 631;7;0;2;4;1;1
202300016893;155 650 635;7;0;2;4;1;1
202300016893;155 650 636;7;0;2;1;1;1
202300016894;155 650 629;7;0;2;3;15;1
202300016894;155 650 630;2;0;2;1;1;1
202300016895;155 650 627;10;0;2;4;2;1
202300016895;155 650 628;7;0;2;1;2;1
202300016896;155 650 623;7;0;2;1;2;1
202300016896;155 650 624;17;0;2;4;2;1
202300016897;155 650 622;7;0;2;4;23;1
202300016897;155 650 625;33;0;2;1;2;1
202300016898;155 650 620;7;3;0;0;1;1
202300016899;155 650 621;33;0;2;1;1;1
202300016899;155 650 626;7;0;2;0;0;1
202300016900;155 650 619;7;8;1;1;1;0
202300016901;155 650 617;7;0;2;5;12;1
202300016901;155 650 618;33;0;2;3;3;1
202300016902;155 650 613;7;0;2;3;13;0
202300016902;155 650 615;33;0;2;1;2;0
202300016903;155 650 612;7;0;2;1;0;1
202300016903;155 650 614;43;0;2;4;0;1
202300016904;155 650 616;7;0;1;3;1;1
202300016905;155 650 607;7;4;2;5;1;1
202300016905;155 650 610;34;4;2;1;1;1
202300016906;155 650 606;33;0;2;1;2;1
202300016906;155 650 608;7;0;0;4;2;1
202300016907;155 650 603;7;0;2;4;1;1
202300016907;155 650 605;7;0;2;4;1;1
202300016907;155 650 609;7;0;2;1;1;1
202300016907;155 650 611;7;0;2;4;1;1
202300016908;155 650 601;7;0;2;1;1;1
202300016908;155 650 602;7;0;0;7;1;1
202300016908;155 650 604;7;0;2;1;26;1
202300016909;155 650 597;33;0;2;4;2;1
202300016909;155 650 599;7;0;2;1;2;1
202300016910;155 650 596;7;0;1;2;2;1
202300016911;155 650 598;7;0;2;3;1;1
202300016911;155 650 600;43;0;2;1;17;1
202300016912;155 650 593;14;0;2;4;1;1
202300016912;155 650 595;33;0;2;6;3;1
202300016913;155 650 594;7;2;0;1;14;1
202300016914;155 650 589;31;0;2;1;2;1
202300016914;155 650 592;7;0;2;4;2;1
202300016915;155 650 590;7;0;1;1;1;1
202300016916;155 650 588;7;0;2;1;2;1
202300016916;155 650 591;7;0;2;4;2;0
202300016917;155 650 584;7;0;2;3;1;1
202300016917;155 650 586;7;0;2;3;1;1
202300016918;155 650 585;7;0;2;3;11;1
202300016918;155 650 587;33;4;2;7;26;1
202300016919;155 650 582;7;8;0;1;1;1
202300016920;155 650 581;33;0;2;1;1;1
202300016920;155 650 583;7;0;2;8;20;1
202300016921;155 650 580;7;0;2;7;26;1
202300016922;155 650 576;50;0;2;1;1;3
202300016922;155 650 579;10;0;2;3;9;1
202300016923;155 650 577;7;0;2;4;1;1
202300016923;155 650 578;7;0;2;1;2;0
202300016924;155 650 574;7;0;9;3;1;1
202300016924;155 650 575;1;0;2;2;1;5
202300016925;155 650 572;7;0;2;1;2;1
202300016925;155 650 573;7;0;2;4;2;1
202300016926;155 650 571;30;0;1;1;2;0
202300016927;155 650 568;33;0;2;0;0;0
202300016927;155 650 570;7;0;2;8;26;0
202300016928;155 650 567;33;0;1;0;17;1
202300016929;155 650 565;7;0;2;1;1;1
202300016929;155 650 566;7;0;2;1;1;1
202300016929;155 650 569;7;0;2;8;15;1
202300016930;155 650 564;7;0;1;1;1;1
202300016931;155 650 563;7;0;1;1;1;1
202300016932;155 650 561;7;0;2;2;12;1
202300016932;155 650 562;33;0;2;3;3;1
202300016933;155 650 557;17;0;2;2;12;1
202300016933;155 650 558;7;0;2;8;1;1
202300016934;155 650 559;7;0;2;2;12;1
202300016934;155 650 560;7;9;2;6;2;1
202300016935;155 650 554;33;0;2;1;11;3
202300016935;155 650 555;7;0;2;2;1;1
202300016935;155 650 556;7;0;2;4;1;1
202300016936;155 650 552;7;0;2;1;15;1
202300016936;155 650 553;7;0;2;2;1;1
202300016937;155 650 551;10;0;1;1;16;1
202300016938;155 650 550;10;0;0;2;0;1
202300016939;155 650 548;40;0;1;7;1;3
202300016940;155 650 549;50;0;1;1;25;3
202300016941;155 650 546;32;0;1;1;1;1
202300016942;155 650 545;33;14;2;1;13;1
202300016942;155 650 547;7;0;2;1;23;1
202300016943;155 650 543;7;0;0;2;1;1
202300016944;155 650 542;80;0;2;7;19;3
202300016944;155 650 544;43;0;2;1;1;1
202300016945;155 650 540;7;0;2;3;9;1
202300016945;155 650 541;33;0;2;2;1;1
202300016946;155 650 539;14;0;1;2;1;1
202300016947;155 650 537;1;0;0;1;1;5
202300016948;155 650 538;10;0;1;1;15;0
202300016949;155 650 536;32;0;1;1;15;1
202300016950;155 650 534;10;0;2;1;1;0
202300016950;155 650 535;10;0;2;8;15;0
202300016951;155 650 531;7;0;2;3;9;1
202300016951;155 650 533;50;0;2;1;15;3
202300016952;155 650 532;33;0;1;3;16;1
202300016953;155 650 527;1;0;2;1;15;5
202300016953;155 650 528;7;0;2;2;16;1
202300016954;155 650 526;7;0;1;8;16;1
202300016955;155 650 524;7;0;1;1;20;1
202300016956;155 650 525;1;12;0;2;16;5
202300016957;155 650 521;7;0;2;4;23;0
202300016957;155 650 522;7;0;2;1;2;0
202300016958;155 650 520;32;0;2;5;17;3
202300016958;155 650 523;7;0;2;1;13;1
202300016959;155 650 519;7;1;0;1;26;1
202300016960;155 650 518;80;0;1;1;1;3
202300016961;155 650 516;7;0;2;1;1;1
202300016961;155 650 517;7;0;2;1;1;1
202300016962;155 650 515;7;4;0;1;1;1
202300016963;155 650 514;50;12;0;0;14;3
202300016964;155 650 513;7;0;1;4;26;1
202300016965;155 650 511;2;0;2;1;1;1
202300016965;155 650 512;7;0;2;5;15;0
202300016966;155 650 509;7;0;0;1;5;1
202300016966;155 650 510;33;0;1;1;17;1
202300016967;155 650 505;10;0;2;1;19;1
202300016967;155 650 508;7;0;2;8;0;1
202300016968;155 650 506;13;0;2;7;0;
202300016968;155 650 507;30;0;2;6;0;1
202300016969;155 650 502;7;0;2;8;15;1
202300016969;155 650 504;7;7;2;3;1;1
202300016970;155 650 503;7;1;0;1;11;1
202300016971;155 650 499;7;0;2;3;5;1
202300016971;155 650 500;7;0;2;1;1;1
202300016972;155 650 498;7;0;2;4;0;1
202300016972;155 650 501;7;0;2;1;0;1
202300016973;155 650 497;7;0;1;1;26;1
202300016974;155 650 495;7;0;2;1;1;0
202300016974;155 650 496;10;0;2;2;2;0
202300016975;155 650 493;7;0;2;2;17;1
202300016975;155 650 494;7;0;2;8;15;1
202300016976;155 650 491;32;0;2;1;5;1
202300016976;155 650 492;37;0;2;3;1;1
202300016977;155 650 488;7;0;2;3;2;1
202300016977;155 650 490;7;0;2;4;0;1
202300016978;155 650 487;7;0;2;3;15;1
202300016978;155 650 489;60;0;2;1;1;5
202300016979;155 650 485;50;0;2;1;3;3
202300016979;155 650 486;7;0;0;4;9;1
202300016980;155 650 484;7;0;1;1;1;1
202300016981;155 650 482;7;0;2;3;15;1
202300016981;155 650 483;2;0;2;1;5;1
202300016982;155 650 479;7;0;2;3;2;1
202300016982;155 650 481;1;0;2;1;19;5
202300016983;155 650 475;7;0;9;3;15;1
202300016983;155 650 477;1;0;2;1;1;5
202300016984;155 650 476;7;14;1;5;4;1
202300016985;155 650 473;7;0;1;4;20;1
202300016986;155 650 474;7;1;0;2;1;1
202300016987;155 650 470;7;0;2;2;14;
202300016987;155 650 472;7;0;2;3;1;
202300016988;155 650 469;7;8;0;1;15;1
202300016989;155 650 468;32;0;2;8;15;1
202300016989;155 650 471;7;0;2;2;26;1
202300016990;155 650 466;7;0;0;6;1;0
202300016990;155 650 467;30;0;2;6;17;1
202300016991;155 650 465;7;0;1;3;1;1
202300016992;155 650 462;7;0;2;3;1;1
202300016992;155 650 464;7;0;2;3;13;1
202300016993;155 650 463;7;0;1;3;15;1
202300016994;155 650 461;7;15;0;9;1;1
202300016995;155 650 459;7;0;1;2;16;1
202300016996;155 650 458;7;0;2;8;15;1
202300016996;155 650 460;33;0;2;1;3;1
202300016997;155 650 457;10;0;1;3;16;1
202300016998;155 650 456;7;1;0;1;0;1
202300016999;155 650 454;10;0;2;1;15;1
202300016999;155 650 455;43;8;0;4;1;1
202300017000;155 650 452;7;0;2;2;15;1
202300017000;155 650 453;7;0;2;3;1;1
202300017001;155 650 450;7;0;2;3;14;1
202300017001;155 650 451;33;0;2;7;1;1
202300017002;155 650 448;15;0;2;8;1;1
202300017002;155 650 449;33;0;2;2;12;1
202300017003;155 650 444;7;0;2;2;1;2
202300017003;155 650 446;43;0;2;1;18;1
202300017004;155 650 445;14;0;2;2;0;4
202300017004;155 650 447;7;16;0;9;6;1
202300017005;155 650 442;32;0;2;1;1;1
202300017005;155 650 443;7;0;2;3;9;1
202300017006;155 650 439;10;0;2;3;1;1
202300017006;155 650 440;1;0;2;1;5;5
202300017007;155 650 438;7;0;2;1;2;1
202300017007;155 650 441;33;0;2;4;0;1
202300017008;155 650 437;7;1;1;2;1;1
202300017009;155 650 436;33;0;0;0;21;1
202300017010;155 650 434;7;0;2;2;15;2
202300017010;155 650 435;33;0;2;1;1;1
202300017011;155 650 432;7;0;2;3;13;1
202300017011;155 650 433;10;0;2;2;21;1
202300017012;155 650 430;7;0;2;3;22;1
202300017012;155 650 431;2;0;2;1;16;1
202300017013;155 650 429;7;0;1;1;1;1
202300017014;155 650 428;36;0;0;9;1;1
202300017015;155 650 427;7;0;1;1;1;1
202300017016;155 650 426;1;0;6;0;0;5
202300017017;155 650 424;7;0;2;6;1;2
202300017017;155 650 425;7;0;2;3;13;1
202300017018;155 650 423;33;1;0;1;21;1
202300017019;155 650 422;33;0;1;1;1;3
202300017020;155 650 421;7;4;0;9;14;1
202300017021;155 650 419;32;0;4;1;1;0
202300017021;155 650 420;40;0;2;1;1;3
202300017022;155 650 417;1;1;1;1;1;5
202300017023;155 650 416;7;0;2;3;2;0
202300017023;155 650 418;2;0;2;1;1;0
202300017024;155 650 414;7;0;2;8;1;1
202300017024;155 650 415;37;0;2;1;1;1
202300017025;155 650 413;7;0;0;0;0;0
202300017026;155 650 411;7;0;2;7;1;1
202300017026;155 650 412;7;0;2;1;26;1
202300017027;155 650 409;7;8;0;2;14;0
202300017028;155 650 408;7;0;2;7;0;1
202300017028;155 650 410;10;0;2;1;1;1
202300017029;155 650 406;7;0;2;3;15;1
202300017029;155 650 407;7;0;2;1;2;1
202300017030;155 650 405;7;8;0;1;1;1
202300017031;155 650 404;7;0;1;0;19;1
202300017032;155 650 402;7;0;2;3;1;0
202300017032;155 650 403;0;0;2;0;12;0
202300017033;155 650 400;7;0;2;8;15;1
202300017033;155 650 401;33;0;2;1;17;1
202300017034;155 650 398;7;0;2;2;1;1
202300017034;155 650 399;7;0;2;3;15;1
202300017035;155 650 395;7;12;0;1;1;2
202300017035;155 650 397;10;6;2;3;9;1
202300017036;155 650 396;7;16;0;1;14;1
202300017037;155 650 393;7;0;2;1;9;1
202300017037;155 650 394;7;0;2;8;1;1
202300017038;155 650 390;7;0;2;3;1;0
202300017038;155 650 392;7;0;2;3;1;0
202300017039;155 650 389;10;0;2;7;26;1
202300017039;155 650 391;2;0;2;1;2;1
202300017040;155 650 388;33;4;0;3;17;6
202300017041;155 650 386;7;2;0;2;14;1
202300017042;155 650 385;7;0;2;8;0;1
202300017042;155 650 387;7;0;2;1;9;0
202300017043;155 650 383;7;11;2;8;1;1
202300017043;155 650 384;7;0;2;1;1;0
202300017044;155 650 381;21;0;2;2;19;1
202300017044;155 650 382;7;0;2;3;1;1
202300017045;155 650 379;30;0;2;1;17;1
202300017045;155 650 380;7;0;2;6;9;1
202300017046;155 650 376;30;0;0;0;0;1
202300017046;155 650 377;7;0;2;0;0;1
202300017047;155 650 375;33;0;2;8;10;1
202300017047;155 650 378;7;0;2;1;1;1
202300017048;155 650 372;30;0;2;1;2;1
202300017048;155 650 374;7;0;2;4;2;1
202300017049;155 650 371;2;0;2;1;13;1
202300017049;155 650 373;7;0;2;3;1;1
202300017050;155 650 369;7;0;9;1;2;1
202300017050;155 650 370;1;0;2;4;1;5
202300017051;155 650 366;33;0;2;1;1;1
202300017051;155 650 367;7;0;2;1;15;1
202300017052;155 650 364;7;0;2;3;13;1
202300017052;155 650 365;7;0;2;3;1;1
202300017053;155 650 363;7;15;0;3;1;1
202300017054;155 650 360;33;0;2;1;1;1
202300017054;155 650 362;10;0;2;3;15;1
202300017055;155 650 358;7;0;2;1;13;1
202300017055;155 650 359;7;0;2;1;1;1
202300017055;155 650 361;7;0;2;1;2;1
202300017056;155 650 354;7;0;2;4;23;1
202300017056;155 650 356;7;0;0;1;1;1
202300017057;155 650 353;7;0;2;3;1;1
202300017057;155 650 355;7;0;2;1;1;1
202300017057;155 650 357;7;0;2;7;1;1
202300017058;155 650 352;7;3;0;1;1;1
202300017059;155 650 350;7;0;2;3;1;1
202300017059;155 650 351;1;0;0;1;1;5
202300017060;155 650 348;2;0;2;1;1;1
202300017060;155 650 349;7;0;2;3;15;1
202300017061;155 650 347;7;0;1;5;1;1
202300017062;155 650 344;80;0;2;8;1;3
202300017062;155 650 346;7;0;9;3;17;1
202300017063;155 650 345;2;0;0;7;9;1
202300017064;155 650 341;7;0;2;1;1;1
202300017064;155 650 343;10;0;2;1;13;1
202300017065;155 650 342;7;2;0;3;13;1
202300017066;155 650 340;7;0;1;1;1;1
202300017067;155 650 339;33;0;0;9;1;1
202300017068;155 650 337;7;0;2;3;13;1
202300017068;155 650 338;7;0;2;3;1;1
202300017069;155 650 335;7;0;2;3;19;1
202300017069;155 650 336;7;0;2;2;1;1
202300017070;155 650 332;33;11;0;0;1;1
202300017070;155 650 333;7;0;0;0;9;1
202300017071;155 650 331;7;0;2;1;1;1
202300017071;155 650 334;7;0;2;1;13;1
202300017072;155 650 329;33;3;9;8;0;1
202300017073;155 650 330;10;13;0;1;13;1
202300017074;155 650 324;2;0;2;8;5;1
202300017074;155 650 327;7;0;2;2;1;1
202300017075;155 650 325;7;0;2;1;1;1
202300017075;155 650 326;7;0;2;1;16;1
202300017075;155 650 328;10;0;2;1;1;1
202300017076;155 650 322;7;13;0;1;1;1
202300017077;155 650 321;7;1;0;1;1;1
202300017077;155 650 323;10;0;2;6;23;1
202300017078;155 650 319;7;2;0;3;13;1
202300017079;155 650 318;7;0;2;3;1;1
202300017079;155 650 320;7;0;2;2;1;1
202300017080;155 650 316;7;0;2;1;15;1
202300017080;155 650 317;2;0;0;8;1;1
202300017081;155 650 315;7;17;0;3;1;1
202300017082;155 650 312;7;0;2;1;1;1
202300017082;155 650 314;2;0;0;0;1;1
202300017083;155 650 311;7;0;1;1;1;1
202300017084;155 650 307;7;0;2;1;1;1
202300017084;155 650 309;30;0;2;1;1;1
202300017085;155 650 306;7;0;2;7;15;1
202300017085;155 650 308;7;0;2;1;1;0
202300017086;155 650 302;31;0;6;8;1;1
202300017087;155 650 301;7;2;0;9;1;1
202300017088;155 650 299;7;16;0;9;0;1
202300017089;155 650 296;10;0;2;3;13;1
202300017089;155 650 297;7;0;2;3;1;1
202300017089;155 650 298;10;0;2;8;1;1
202300017089;155 650 300;7;0;2;8;1;1
202300017090;155 650 295;7;0;0;0;1;1
202300017091;155 650 293;2;0;0;0;0;1
202300017092;155 650 292;7;0;0;4;0;1
202300017092;155 650 294;37;0;2;3;2;1
202300017093;155 650 290;10;0;0;4;24;1
202300017093;155 650 291;10;1;0;2;1;1
202300017094;155 650 285;7;0;2;4;2;1
202300017094;155 650 288;7;0;2;1;1;1
202300017094;155 650 289;7;0;2;1;1;1
202300017095;155 650 282;7;0;2;3;1;1
202300017095;155 650 283;7;0;2;3;3;1
202300017096;155 650 281;7;13;0;1;0;1
202300017097;155 650 278;7;2;0;5;0;1
202300017098;155 650 277;7;0;2;2;2;1
202300017098;155 650 279;7;0;2;3;2;1
202300017098;155 650 280;7;0;2;4;2;1
202300017099;155 650 276;15;4;0;7;9;1
202300017100;155 650 274;2;0;2;1;5;1
202300017100;155 650 275;10;0;2;1;1;1
202300017101;155 650 272;2;0;2;1;1;1
202300017101;155 650 273;10;0;2;2;13;1
202300017102;155 650 271;31;6;0;1;0;1
202300017103;155 650 269;7;0;2;3;19;1
202300017103;155 650 270;2;0;2;1;17;1
202300017104;155 650 268;7;2;0;0;14;1
202300017105;155 650 267;7;0;0;0;1;1
202300017106;155 650 264;7;0;0;4;1;1
202300017106;155 650 266;7;0;2;1;2;1
202300017107;155 650 263;33;0;2;9;1;1
202300017107;155 650 265;37;0;2;3;1;1
202300017108;155 650 262;2;6;9;1;1;1
202300017109;155 650 261;33;0;0;1;26;1
202300017110;155 650 258;7;15;1;1;2;0
202300017111;155 650 257;7;0;1;4;20;1
202300017112;155 650 254;7;0;2;2;5;1
202300017112;155 650 256;7;0;2;1;1;1
202300017113;155 650 253;2;8;2;2;17;1
202300017113;155 650 255;7;12;2;3;15;1
202300017114;155 650 250;7;0;2;1;19;0
202300017114;155 650 252;7;0;0;3;1;0
202300017115;155 650 251;7;0;0;1;16;1
202300017116;155 650 248;7;0;2;3;13;1
202300017116;155 650 249;7;0;2;3;21;1
202300017117;155 650 247;7;2;0;9;13;1
202300017118;155 650 245;7;0;2;2;15;3
202300017118;155 650 246;33;0;2;1;1;1
202300017119;155 650 243;33;0;2;8;13;0
202300017119;155 650 244;7;0;0;1;1;0
202300017120;155 650 242;36;8;0;2;1;0
202300017121;155 650 240;33;13;0;1;1;1
202300017121;155 650 241;33;13;0;1;1;1
202300017122;155 650 239;7;2;0;8;1;1
202300017123;155 650 235;10;1;0;1;2;1
202300017123;155 650 238;7;0;2;3;23;1
202300017124;155 650 236;2;0;2;1;9;1
202300017124;155 650 237;10;0;0;3;9;1
202300017125;155 650 233;7;0;2;8;15;1
202300017125;155 650 234;33;0;2;1;1;1
202300017126;155 650 230;7;0;2;5;1;0
202300017126;155 650 231;33;0;2;1;3;1
202300017127;155 650 232;2;1;0;1;1;1
202300017128;155 650 227;33;0;0;9;0;1
202300017129;155 650 226;7;0;2;1;2;1
202300017129;155 650 228;7;0;2;4;1;1
202300017129;155 650 229;7;0;2;4;1;1
202300017130;155 650 223;7;0;2;3;1;1
202300017130;155 650 224;7;0;2;2;0;0
202300017131;155 650 221;7;0;2;6;13;1
202300017131;155 650 222;7;0;2;6;13;1
202300017131;155 650 225;7;0;2;2;1;1
202300017132;155 650 219;7;0;2;4;0;1
202300017132;155 650 220;7;0;2;1;0;2
202300017133;155 650 217;7;4;0;1;1;1
202300017134;155 650 215;7;0;9;3;2;1
202300017134;155 650 216;7;0;0;5;17;1
202300017134;155 650 218;1;0;0;8;1;5
202300017135;155 650 213;7;0;2;1;15;1
202300017135;155 650 214;30;0;2;8;1;1
202300017136;155 650 210;7;0;2;1;1;0
202300017136;155 650 211;7;0;0;4;0;0
202300017137;155 650 209;7;0;2;2;15;1
202300017137;155 650 212;33;0;2;1;1;1
202300017138;155 650 207;7;0;1;1;1;1
202300017139;155 650 206;7;0;2;6;9;1
202300017139;155 650 208;33;0;2;1;1;1
202300017140;155 650 205;7;1;0;2;1;1
202300017141;155 650 202;16;0;2;5;19;0
202300017141;155 650 203;2;0;2;1;1;1
202300017142;155 650 201;7;0;2;7;1;1
202300017142;155 650 204;30;0;2;1;1;1
202300017143;155 650 199;33;7;0;1;1;1
202300017144;155 650 198;30;0;2;1;1;1
202300017144;155 650 200;7;0;2;0;0;0
202300017145;155 650 195;1;0;2;1;1;5
202300017145;155 650 197;7;0;0;8;1;1
202300017146;155 650 194;34;0;2;1;17;1
202300017146;155 650 196;7;0;2;3;15;1
202300017147;155 650 193;7;13;0;1;1;1
202300017148;155 650 190;7;0;2;2;13;1
202300017148;155 650 191;7;0;2;1;0;1
202300017148;155 650 192;7;0;2;8;0;1
202300017149;155 650 188;7;0;2;2;1;0
202300017149;155 650 189;1;0;2;6;15;5
202300017150;155 650 186;7;0;2;2;12;1
202300017150;155 650 187;33;0;2;3;1;1
202300017151;155 650 184;10;0;2;3;2;1
202300017151;155 650 185;32;0;0;9;1;1
202300017152;155 650 182;20;0;2;5;1;1
202300017152;155 650 183;33;0;2;3;2;1
202300017153;155 650 177;10;0;2;4;2;1
202300017153;155 650 179;10;0;2;1;2;1
202300017153;155 650 180;7;0;2;4;2;1
202300017153;155 650 181;7;0;2;4;2;1
202300017154;155 650 174;33;0;2;1;21;1
202300017154;155 650 176;10;14;0;4;26;1
202300017155;155 650 175;7;0;9;1;16;1
202300017155;155 650 178;30;0;9;6;1;1
202300017156;155 650 172;33;0;2;1;3;1
202300017156;155 650 173;7;0;2;4;23;1
202300017157;155 650 168;7;0;2;4;2;1
202300017157;155 650 169;7;0;2;1;2;1
202300017157;155 650 170;10;0;2;2;2;1
202300017157;155 650 171;7;0;2;4;2;1
202300017158;155 650 165;15;0;2;7;12;1
202300017158;155 650 166;7;0;2;8;1;1
202300017158;155 650 167;33;0;2;7;1;1
202300017159;155 650 163;1;0;2;7;1;5
202300017159;155 650 164;32;0;2;1;9;1
202300017160;155 650 162;7;0;1;3;9;1
202300017161;155 650 161;30;0;0;0;21;1
202300017162;155 650 160;30;0;1;1;1;3
202300017163;155 650 158;50;0;2;3;1;3
202300017163;155 650 159;33;0;2;2;1;1
202300017164;155 650 157;1;0;0;0;1;5
202300017165;155 650 156;50;0;1;1;5;3
202300017166;155 650 155;7;0;1;1;1;1
202300017167;155 650 153;10;0;2;7;1;0
202300017167;155 650 154;32;0;2;3;13;1
202300017168;155 650 151;7;0;2;4;2;1
202300017168;155 650 152;7;0;2;1;2;1
202300017169;155 650 150;7;0;1;1;20;1
202300017170;155 650 148;7;0;2;2;14;1
202300017170;155 650 149;31;0;0;3;3;1
202300017171;155 650 146;7;0;2;5;16;1
202300017171;155 650 147;14;0;2;3;1;1
202300017172;155 650 144;7;0;2;2;1;1
202300017172;155 650 145;7;0;2;3;11;1
202300017173;155 650 142;7;0;2;3;10;1
202300017173;155 650 143;43;0;2;1;1;1
202300017174;155 650 140;33;0;2;2;15;1
202300017174;155 650 141;7;0;2;8;15;0
202300017175;155 650 136;37;8;2;1;5;6
202300017175;155 650 137;7;0;2;1;1;1
202300017175;155 650 138;7;0;2;1;1;1
202300017175;155 650 139;7;0;2;1;2;1
202300017176;155 650 135;7;0;1;3;1;0
202300017177;155 650 133;7;9;2;2;16;5
202300017177;155 650 134;1;0;0;0;0;5
202300017178;155 650 131;1;0;2;1;2;5
202300017178;155 650 132;7;0;2;4;23;1
202300017179;155 650 129;14;0;2;2;1;1
202300017179;155 650 130;30;0;2;8;0;3
202300017180;155 650 127;33;0;9;0;0;0
202300017180;155 650 128;50;0;2;7;15;3
202300017181;155 650 125;43;8;0;1;21;1
202300017181;155 650 126;1;0;0;0;0;5
202300017182;155 650 123;7;0;2;0;1;0
202300017182;155 650 124;2;0;2;7;17;3
202300017183;155 650 122;43;0;1;3;21;1
202300017184;155 650 120;7;0;0;8;24;1
202300017184;155 650 121;7;1;0;2;14;2
202300017185;155 650 118;38;0;2;7;16;1
202300017185;155 650 119;1;0;2;8;16;5
202300017186;155 650 116;7;0;2;3;1;1
202300017186;155 650 117;7;0;2;1;1;1
202300017187;155 650 114;7;0;2;3;10;1
202300017187;155 650 115;32;0;2;1;17;1
202300017188;155 650 113;33;0;0;8;15;1
202300017189;155 650 111;7;0;2;1;1;1
202300017189;155 650 112;7;0;2;6;1;1
202300017190;155 650 110;7;0;1;3;26;1
202300017191;155 650 109;36;0;0;9;0;1
202300017192;155 650 108;80;0;1;0;26;3
202300017193;155 650 107;10;16;0;9;14;1
202300017194;155 650 106;10;0;1;3;1;1
202300017195;155 650 104;33;0;2;7;17;0
202300017195;155 650 105;7;0;2;8;11;0
202300017196;155 650 102;10;0;0;6;10;1
202300017196;155 650 103;32;0;2;1;1;1
202300017197;155 650 100;2;0;0;1;0;0
202300017197;155 650 101;7;0;0;8;0;0
202300017198;155 650 098;7;0;2;2;1;0
202300017198;155 650 099;7;0;2;4;1;0
202300017199;155 650 097;7;2;0;1;14;1
202300017200;155 650 096;7;0;1;1;1;1
202300017201;155 650 095;7;2;0;9;14;1
202300017202;155 650 092;7;0;2;9;23;0
202300017202;155 650 093;7;0;2;4;23;0
202300017202;155 650 094;10;0;2;1;1;1
202300017203;155 650 090;7;0;2;6;15;1
202300017203;155 650 091;7;0;2;1;1;1
202300017204;155 650 088;7;0;2;1;11;1
202300017204;155 650 089;10;0;2;1;2;1
202300017205;155 650 087;7;0;0;9;14;1