Num_Acc;id_vehicule;categorie_vehicule;obstacle_fixe;obstacle_mobile;point_choc_initial;manoeuvre_principale;motorisation
202300017206;155 650 085;7;0;2;3;19;1
202300017206;155 650 086;7;0;2;1;1;1
202300017207;155 650 083;7;0;9;2;2;1
202300017207;155 650 084;1;0;2;4;2;5
202300017208;155 650 081;7;0;2;1;2;1
202300017208;155 650 082;10;0;0;4;11;1
202300017209;155 650 080;2;0;0;6;1;1
202300017210;155 650 079;21;0;0;0;12;1
202300017211;155 650 078;7;13;0;1;14;1
202300017212;155 650 077;7;17;0;2;1;1
202300017213;155 650 076;7;1;0;1;0;1
202300017214;155 650 075;7;0;1;3;26;1
202300017215;155 650 074;7;5;0;2;0;1
202300017216;155 650 073;7;0;1;8;1;3
202300017217;155 650 072;7;16;0;0;1;1
202300017218;155 650 071;7;0;1;5;1;1
202300017219;155 650 070;7;0;0;8;1;1
202300017220;155 650 067;7;0;2;1;15;1
202300017220;155 650 068;7;0;2;1;1;1
202300017220;155 650 069;7;0;2;3;2;1
202300017221;155 650 065;7;0;2;1;13;1
202300017221;155 650 066;7;0;2;1;1;1
202300017222;155 650 064;7;0;1;1;0;1
202300017223;155 650 062;2;0;2;8;1;1
202300017223;155 650 063;7;0;2;3;15;1
202300017224;155 650 061;10;3;0;3;0;1
202300017225;155 650 058;13;0;2;4;1;1
202300017225;155 650 059;7;3;2;1;17;1
202300017225;155 650 060;7;3;2;4;17;1
202300017226;155 650 057;7;0;1;1;1;1
202300017227;155 650 056;37;0;1;1;17;1
202300017228;155 650 055;7;0;1;3;1;1
202300017229;155 650 053;7;0;2;2;21;1
202300017229;155 650 054;14;0;2;6;15;1
202300017230;155 650 052;34;12;0;1;1;0
202300017231;155 650 051;7;2;0;7;14;1
202300017232;155 650 050;7;6;0;2;1;1
202300017233;155 650 047;7;0;2;2;17;1
202300017233;155 650 048;7;0;2;1;1;1
202300017233;155 650 049;7;0;2;1;1;1
202300017234;155 650 046;7;0;0;0;0;0
202300017235;155 650 044;2;0;2;1;13;1
202300017235;155 650 045;7;0;0;8;21;1
202300017236;155 650 043;7;9;0;1;1;1
202300017237;155 650 042;7;6;0;3;1;1
202300017238;155 650 039;10;0;2;3;1;0
202300017238;155 650 040;33;0;2;1;2;6
202300017238;155 650 041;7;0;0;6;2;0
202300017239;155 650 037;7;0;2;1;1;1
202300017239;155 650 038;7;0;2;1;11;1
202300017240;155 650 035;50;0;2;2;19;3
202300017240;155 650 036;7;0;2;1;1;1
202300017241;155 650 033;1;16;2;8;13;5
202300017241;155 650 034;1;0;2;7;2;5
202300017242;155 650 032;7;13;0;2;26;1
202300017243;155 650 031;10;0;0;1;26;1
202300017244;155 650 029;7;0;2;8;1;1
202300017244;155 650 030;14;0;2;7;12;1
202300017245;155 650 024;7;4;2;1;2;1
202300017245;155 650 025;7;4;2;4;2;1
202300017245;155 650 026;7;4;2;1;2;1
202300017245;155 650 027;7;4;2;1;2;1
202300017245;155 650 028;7;4;2;4;2;1
202300017246;155 650 020;7;0;2;4;1;1
202300017246;155 650 021;7;0;2;4;1;1
202300017246;155 650 022;7;0;2;1;1;1
202300017246;155 650 023;7;0;2;4;1;1
202300017247;155 650 018;7;0;0;4;2;1
202300017247;155 650 019;10;0;2;1;1;1
202300017248;155 650 016;31;0;2;7;0;1
202300017248;155 650 017;7;0;2;0;0;0
202300017249;155 650 015;7;2;0;1;1;1
202300017250;155 650 013;7;0;2;2;26;1
202300017250;155 650 014;7;0;2;5;17;1
202300017251;155 650 011;7;0;2;1;2;1
202300017251;155 650 012;7;0;2;4;1;1
202300017252;155 650 009;7;0;2;3;1;1
202300017252;155 650 010;1;0;2;3;19;5
202300017253;155 650 007;2;0;2;1;1;1
202300017253;155 650 008;7;0;2;3;15;2
202300017254;155 650 005;80;0;2;1;15;3
202300017254;155 650 006;7;0;2;3;1;1
202300017255;155 650 003;7;0;2;2;2;1
202300017255;155 650 004;33;0;2;4;2;1
202300017256;155 650 001;7;0;2;2;1;1
202300017256;155 650 002;7;0;2;1;2;1
202300017257;155 649 997;7;0;2;6;1;1
202300017257;155 649 998;7;0;2;6;1;1
202300017257;155 649 999;7;0;2;4;1;1
202300017257;155 650 000;7;0;2;1;1;1
202300017258;155 649 995;7;0;2;2;1;1
202300017258;155 649 996;99;0;2;3;1;5
202300017259;155 649 990;7;0;2;1;2;6
202300017259;155 649 991;10;0;2;4;2;1
202300017260;155 649 989;7;0;1;1;1;1
202300017261;155 649 988;37;0;1;5;7;1
202300017262;155 649 986;7;0;2;6;19;1
202300017262;155 649 987;7;0;2;6;0;1
202300017263;155 649 984;7;3;2;2;26;1
202300017263;155 649 985;7;0;2;3;26;1
202300017264;155 649 981;7;0;2;1;2;1
202300017264;155 649 982;7;0;2;9;2;1
202300017264;155 649 983;7;0;2;3;26;1
202300017265;155 649 980;37;0;1;2;1;1
202300017266;155 649 978;10;0;1;5;4;1
202300017267;155 649 976;35;0;2;4;20;3
202300017267;155 649 977;50;0;2;1;1;3
202300017268;155 649 975;7;0;1;3;1;1
202300017269;155 649 974;7;0;1;3;13;1
202300017270;155 649 972;80;0;2;1;1;3
202300017270;155 649 973;7;0;2;2;15;1
202300017271;155 649 971;7;0;1;1;1;1
202300017272;155 649 970;30;0;0;7;21;1
202300017273;155 649 968;7;0;2;3;1;1
202300017273;155 649 969;7;8;2;2;10;1
202300017274;155 649 967;7;0;1;1;1;1
202300017275;155 649 965;10;0;2;1;1;1
202300017275;155 649 966;7;0;2;4;1;1
202300017276;155 649 964;30;1;5;1;9;1
202300017277;155 649 961;7;0;2;4;23;1
202300017277;155 649 962;7;0;2;1;1;1
202300017277;155 649 963;7;0;2;1;1;1
202300017278;155 649 960;37;1;1;3;22;1
202300017279;155 649 958;7;0;9;2;16;1
202300017279;155 649 959;50;0;2;8;1;3
202300017280;155 649 956;7;0;2;8;15;1
202300017280;155 649 957;32;0;2;1;1;1
202300017281;155 649 954;7;0;2;5;1;1
202300017281;155 649 955;3;0;2;1;2;1
202300017282;155 649 953;7;0;1;1;1;1
202300017283;155 649 952;7;0;1;1;15;1
202300017284;155 649 950;7;0;0;0;0;1
202300017284;155 649 951;7;2;2;2;14;1
202300017285;155 649 949;31;0;1;1;0;1
202300017286;155 649 947;7;0;2;8;15;1
202300017286;155 649 948;33;0;2;7;17;1
202300017287;155 649 944;14;0;2;8;1;1
202300017287;155 649 945;7;0;2;1;1;1
202300017287;155 649 946;7;0;2;6;1;1
202300017288;155 649 942;33;0;2;1;1;1
202300017288;155 649 943;7;0;2;4;1;1
202300017289;155 649 941;7;0;1;2;1;1
202300017290;155 649 939;33;0;2;2;12;1
202300017290;155 649 940;43;0;2;3;18;1
202300017291;155 649 937;7;0;2;2;15;1
202300017291;155 649 938;7;0;2;1;1;1
202300017292;155 649 936;7;0;1;3;1;1
202300017293;155 649 934;7;0;2;3;16;1
202300017293;155 649 935;7;0;2;8;1;1
202300017294;155 649 932;2;0;2;1;17;1
202300017294;155 649 933;7;0;2;3;15;1
202300017295;155 649 930;1;0;2;0;25;5
202300017295;155 649 931;7;0;2;2;1;1
202300017296;155 649 928;7;0;2;3;15;6
202300017296;155 649 929;32;0;2;2;17;1
202300017297;155 649 926;7;0;2;4;2;1
202300017297;155 649 927;7;0;2;1;2;1
202300017298;155 649 923;7;0;2;4;1;1
202300017298;155 649 924;7;0;2;1;1;0
202300017298;155 649 925;7;0;2;4;2;3
202300017299;155 649 919;50;0;2;1;25;3
202300017299;155 649 920;10;0;9;2;2;1
202300017300;155 649 915;7;0;2;4;1;1
202300017300;155 649 916;7;0;2;4;2;1
202300017300;155 649 917;7;0;2;1;2;1
202300017300;155 649 918;7;0;2;1;2;1
202300017301;155 649 914;10;0;1;1;1;3
202300017302;155 649 913;7;9;1;1;1;1
202300017303;155 649 912;7;0;1;2;17;1
202300017304;155 649 910;0;0;2;0;0;0
202300017304;155 649 911;1;0;2;0;0;5
202300017305;155 649 909;10;0;0;7;1;1
202300017306;155 649 908;7;0;1;3;16;1
202300017307;155 649 906;7;0;0;0;1;6
202300017307;155 649 907;50;0;2;4;2;3
202300017308;155 649 904;7;0;2;8;11;1
202300017308;155 649 905;32;0;2;1;3;3
202300017309;155 649 903;7;1;1;2;21;1
202300017310;155 649 902;1;8;0;1;14;5
202300017311;155 649 900;80;0;2;7;12;3
202300017311;155 649 901;2;0;2;1;1;3
202300017312;155 649 899;1;12;0;8;13;5
202300017313;155 649 897;7;0;2;2;1;2
202300017313;155 649 898;10;0;2;6;4;1
202300017314;155 649 895;10;0;2;5;22;1
202300017314;155 649 896;1;0;2;3;1;5
202300017315;155 649 893;1;0;2;1;1;5
202300017315;155 649 894;7;0;2;3;1;1
202300017316;155 649 891;7;0;2;2;1;1
202300017316;155 649 892;50;0;2;1;1;3
202300017317;155 649 890;10;0;1;4;4;1
202300017318;155 649 889;2;0;1;1;1;0
202300017319;155 649 887;7;0;2;2;1;1
202300017319;155 649 888;32;0;2;7;6;1
202300017320;155 649 884;7;0;2;4;2;0
202300017320;155 649 885;7;0;2;4;2;2
202300017320;155 649 886;7;0;2;1;2;0
202300017321;155 649 882;33;0;2;2;1;1
202300017321;155 649 883;7;0;2;3;9;1
202300017322;155 649 880;7;0;2;3;13;3
202300017322;155 649 881;7;0;2;3;1;1
202300017323;155 649 878;10;0;2;4;1;1
202300017323;155 649 879;1;0;2;4;1;5
202300017324;155 649 876;7;0;2;3;13;1
202300017324;155 649 877;2;1;2;2;0;1
202300017325;155 649 875;7;0;1;7;0;3
202300017326;155 649 872;7;0;2;1;15;1
202300017326;155 649 873;7;8;2;1;1;1
202300017326;155 649 874;7;0;2;6;1;1
202300017327;155 649 870;30;0;2;1;19;1
202300017327;155 649 871;99;0;2;6;1;1
202300017328;155 649 868;7;0;2;1;2;1
202300017328;155 649 869;7;0;2;4;2;1
202300017329;155 649 867;80;0;1;3;0;3
202300017330;155 649 866;37;0;1;2;1;1
202300017331;155 649 864;7;0;2;1;0;0
202300017331;155 649 865;10;0;2;7;13;0
202300017332;155 649 862;32;0;2;1;1;1
202300017332;155 649 863;7;0;2;3;15;1
202300017333;155 649 860;7;0;2;3;24;1
202300017333;155 649 861;1;1;0;1;1;5
202300017334;155 649 858;7;1;2;1;1;1
202300017334;155 649 859;10;0;2;1;10;1
202300017335;155 649 857;7;15;0;1;15;1
202300017336;155 649 855;7;0;2;3;15;1
202300017336;155 649 856;7;0;2;3;16;1
202300017337;155 649 854;7;0;1;2;9;1
202300017338;155 649 852;15;0;2;3;1;1
202300017338;155 649 853;10;0;2;1;13;1
202300017339;155 649 851;7;0;1;1;1;1
202300017340;155 649 849;1;0;0;4;2;5
202300017340;155 649 850;7;0;9;2;2;1
202300017341;155 649 847;10;0;2;1;2;1
202300017341;155 649 848;15;0;0;6;2;1
202300017342;155 649 845;7;0;0;3;15;1
202300017342;155 649 846;7;0;0;1;1;1
202300017343;155 649 843;7;0;2;4;0;1
202300017343;155 649 844;7;0;2;1;1;1
202300017344;155 649 842;7;2;0;5;0;1
202300017345;155 649 841;7;0;1;3;2;0
202300017346;155 649 839;2;0;2;1;17;0
202300017346;155 649 840;7;0;2;3;9;0
202300017347;155 649 837;7;0;0;4;2;1
202300017347;155 649 838;7;0;2;1;2;1
202300017348;155 649 835;7;0;2;3;1;1
202300017348;155 649 836;7;0;0;7;15;1
202300017349;155 649 833;10;0;2;2;17;1
202300017349;155 649 834;33;0;2;8;15;1
202300017350;155 649 832;33;8;0;1;1;1
202300017351;155 649 829;7;0;2;7;1;1
202300017351;155 649 830;3;0;2;2;1;1
202300017351;155 649 831;7;0;2;2;13;1
202300017352;155 649 827;39;0;2;2;19;3
202300017352;155 649 828;7;0;4;1;26;1
202300017353;155 649 824;7;0;9;1;1;1
202300017353;155 649 825;15;0;2;3;1;1
202300017353;155 649 826;7;0;2;3;13;1
202300017354;155 649 823;10;3;0;1;2;1
202300017355;155 649 822;7;1;0;3;13;3
202300017356;155 649 820;32;0;2;1;17;1
202300017356;155 649 821;7;0;2;6;15;1
202300017357;155 649 817;33;0;0;4;2;0
202300017357;155 649 818;33;0;2;5;2;0
202300017357;155 649 819;33;0;2;3;1;0
202300017358;155 649 816;10;8;0;3;1;1
202300017359;155 649 814;7;0;0;4;1;1
202300017359;155 649 815;32;0;2;1;1;1
202300017360;155 649 812;7;0;2;4;15;1
202300017360;155 649 813;33;0;2;1;1;1
202300017361;155 649 810;10;0;2;3;1;1
202300017361;155 649 811;33;11;2;1;17;1
202300017362;155 649 808;7;0;2;1;1;1
202300017362;155 649 809;7;0;2;1;1;0
202300017363;155 649 805;10;0;1;1;23;1
202300017364;155 649 804;7;0;1;3;0;1
202300017365;155 649 803;31;0;0;7;1;1
202300017366;155 649 802;33;0;0;9;1;1
202300017367;155 649 800;2;0;2;0;1;1
202300017367;155 649 801;21;0;2;3;1;1
202300017368;155 649 798;33;0;2;1;1;1
202300017368;155 649 799;7;0;2;5;15;1
202300017369;155 649 797;2;1;0;1;1;1
202300017370;155 649 796;7;2;0;0;1;2
202300017371;155 649 795;10;0;1;1;16;1
202300017372;155 649 790;7;0;2;1;2;1
202300017372;155 649 791;7;0;2;4;1;1
202300017372;155 649 792;7;0;2;4;2;1
202300017373;155 649 788;7;0;2;8;9;1
202300017373;155 649 789;7;0;2;7;2;1
202300017374;155 649 786;7;4;2;4;2;1
202300017374;155 649 787;31;4;2;1;2;1
202300017375;155 649 784;31;0;2;1;3;1
202300017375;155 649 785;7;0;2;4;11;1
202300017376;155 649 780;10;0;2;4;1;1
202300017376;155 649 781;10;0;2;1;1;1
202300017376;155 649 782;17;0;2;4;2;1
202300017376;155 649 783;14;0;2;1;1;1
202300017377;155 649 779;33;0;0;2;21;1
202300017378;155 649 776;7;0;2;1;2;1
202300017378;155 649 777;7;0;2;4;2;1
202300017378;155 649 778;7;0;2;4;2;1
202300017379;155 649 773;10;0;2;1;2;1
202300017379;155 649 774;7;0;2;4;2;1
202300017379;155 649 775;7;0;2;4;2;1
202300017380;155 649 771;33;0;2;0;0;1
202300017380;155 649 772;7;0;2;0;0;2
202300017381;155 649 769;7;0;2;1;1;1
202300017381;155 649 770;7;0;1;1;1;0
202300017382;155 649 767;7;0;2;3;15;1
202300017382;155 649 768;30;0;2;1;1;1
202300017383;155 649 764;1;0;2;9;17;5
202300017383;155 649 765;38;0;2;8;1;1
202300017383;155 649 766;7;0;2;3;1;1
202300017384;155 649 763;7;4;0;2;2;1
202300017385;155 649 762;33;9;0;8;0;1
202300017386;155 649 760;7;0;0;4;23;1
202300017386;155 649 761;7;0;2;1;2;1
202300017387;155 649 758;7;0;2;4;2;1
202300017387;155 649 759;7;0;2;1;2;1
202300017388;155 649 756;31;0;2;1;1;0
202300017388;155 649 757;7;0;2;3;19;0
202300017389;155 649 753;7;0;2;3;1;1
202300017389;155 649 754;7;0;2;3;5;1
202300017389;155 649 755;14;0;2;1;1;1
202300017390;155 649 752;7;0;0;3;13;1
202300017391;155 649 750;7;0;0;6;23;1
202300017391;155 649 751;33;0;2;1;1;1
202300017392;155 649 749;33;3;0;8;16;1
202300017393;155 649 747;33;0;2;1;1;3
202300017393;155 649 748;7;0;0;8;15;0
202300017394;155 649 746;7;0;1;2;1;1
202300017395;155 649 742;7;0;2;8;1;1
202300017395;155 649 743;7;0;2;1;1;1
202300017395;155 649 744;3;0;0;4;15;1
202300017396;155 649 740;33;0;2;1;15;1
202300017396;155 649 741;7;0;2;3;1;1
202300017397;155 649 738;60;0;2;7;19;5
202300017397;155 649 739;7;0;2;1;1;1
202300017398;155 649 736;7;0;2;2;2;1
202300017398;155 649 737;30;0;2;3;2;0
202300017399;155 649 734;30;1;0;1;1;1
202300017399;155 649 735;10;0;0;0;0;1
202300017400;155 649 732;7;0;2;2;19;1
202300017400;155 649 733;2;0;2;8;1;1
202300017401;155 649 731;7;8;0;3;13;1
202300017402;155 649 730;33;0;0;0;0;1
202300017403;155 649 729;7;0;1;0;0;1
202300017404;155 649 728;7;0;1;7;17;1
202300017405;155 649 727;7;0;1;1;16;1
202300017406;155 649 725;7;0;2;1;19;1
202300017406;155 649 726;7;0;2;7;1;1
202300017407;155 649 723;7;0;2;3;1;1
202300017407;155 649 724;7;0;2;3;1;1
202300017408;155 649 721;7;0;2;1;2;1
202300017408;155 649 722;7;0;2;0;2;1
202300017409;155 649 720;7;0;1;3;19;1
202300017410;155 649 715;50;0;0;7;1;3
202300017411;155 649 714;7;0;1;1;1;1
202300017412;155 649 712;10;14;0;1;23;0
202300017412;155 649 713;10;14;0;4;23;0
202300017413;155 649 711;43;14;0;1;0;1
202300017414;155 649 710;10;0;1;2;1;1
202300017415;155 649 709;39;0;1;3;26;3
202300017416;155 649 707;10;0;2;5;1;1
202300017416;155 649 708;7;0;2;0;23;1
202300017417;155 649 703;1;0;0;0;0;5
202300017417;155 649 704;33;0;2;1;26;0
202300017418;155 649 699;7;0;2;3;15;1
202300017418;155 649 700;7;0;2;7;17;1
202300017419;155 649 698;50;0;0;0;14;3
202300017420;155 649 697;7;0;1;1;14;1
202300017421;155 649 695;10;0;2;3;15;1
202300017421;155 649 696;7;0;2;0;0;1
202300017422;155 649 694;7;1;0;0;0;0
202300017423;155 649 691;7;0;2;4;2;1
202300017423;155 649 692;7;0;2;8;18;1
202300017423;155 649 693;7;12;2;7;1;1
202300017424;155 649 688;7;0;2;4;1;1
202300017424;155 649 689;7;0;2;1;1;1
202300017424;155 649 690;7;0;2;4;1;1
202300017425;155 649 687;7;6;0;1;14;1
202300017426;155 649 685;50;0;2;1;1;3
202300017426;155 649 686;7;0;2;7;16;1
202300017427;155 649 683;1;0;2;1;1;5
202300017427;155 649 684;10;0;2;0;9;1
202300017428;155 649 682;7;0;1;2;15;1
202300017429;155 649 680;15;0;2;1;16;1
202300017429;155 649 681;7;0;2;2;1;1
202300017430;155 649 678;3;0;2;2;15;1
202300017430;155 649 679;33;0;2;1;1;1
202300017431;155 649 676;30;0;2;1;17;1
202300017431;155 649 677;7;0;2;1;21;1
202300017432;155 649 674;2;0;2;1;1;1
202300017432;155 649 675;10;0;2;3;15;1
202300017433;155 649 672;10;0;0;4;23;1
202300017433;155 649 673;7;0;2;1;1;1
202300017434;155 649 671;7;0;1;4;20;1
202300017435;155 649 669;2;0;2;1;1;1
202300017435;155 649 670;7;0;2;3;15;3
202300017436;155 649 667;7;0;2;1;26;0
202300017436;155 649 668;2;0;2;1;1;1
202300017437;155 649 665;7;0;2;5;16;1
202300017437;155 649 666;1;0;2;0;1;5
202300017438;155 649 664;7;0;1;1;1;2
202300017439;155 649 662;7;0;2;1;13;1
202300017439;155 649 663;7;0;2;1;1;1
202300017440;155 649 660;50;0;2;8;0;3
202300017440;155 649 661;7;0;2;2;0;1
202300017441;155 649 659;21;0;1;3;1;1
202300017442;155 649 658;10;0;1;1;9;1
202300017443;155 649 657;7;0;1;1;1;1
202300017444;155 649 655;2;0;2;3;1;1
202300017444;155 649 656;7;0;2;7;20;1
202300017445;155 649 654;10;15;5;0;21;0
202300017446;155 649 653;7;0;1;3;0;1
202300017447;155 649 650;33;0;2;1;1;1
202300017447;155 649 651;7;0;2;8;19;2
202300017448;155 649 648;7;0;2;1;15;1
202300017448;155 649 649;1;0;2;6;1;5
202300017449;155 649 646;7;0;2;2;1;1
202300017449;155 649 647;30;0;2;3;1;1
202300017450;155 649 644;7;0;2;4;2;1
202300017450;155 649 645;7;0;2;1;2;1
202300017451;155 649 642;33;0;2;1;26;1
202300017451;155 649 643;7;0;2;6;12;1
202300017452;155 649 640;7;0;2;1;1;1
202300017452;155 649 641;7;0;2;6;1;1
202300017453;155 649 638;7;0;2;4;2;1
202300017453;155 649 639;7;1;0;1;2;1
202300017454;155 649 637;7;6;0;1;14;1
202300017455;155 649 635;7;0;2;2;2;1
202300017455;155 649 636;7;0;2;4;2;1
202300017456;155 649 634;7;0;1;1;1;1
202300017457;155 649 632;7;0;2;7;15;1
202300017457;155 649 633;7;0;2;1;1;2
202300017458;155 649 628;7;0;0;4;15;1
202300017458;155 649 629;7;0;2;1;2;1
202300017459;155 649 626;1;0;2;1;17;5
202300017459;155 649 627;50;0;2;8;1;3
202300017460;155 649 625;7;0;1;3;1;1
202300017461;155 649 624;7;0;1;3;15;1
202300017462;155 649 623;7;0;1;3;2;1
202300017463;155 649 619;33;0;2;1;2;0
202300017463;155 649 620;7;0;2;1;23;0
202300017463;155 649 621;7;0;2;7;23;0
202300017463;155 649 622;7;0;2;3;17;0
202300017464;155 649 618;32;0;1;8;0;0
202300017465;155 649 616;7;0;2;3;5;1
202300017465;155 649 617;10;0;2;6;1;1
202300017466;155 649 614;99;0;2;3;16;1
202300017466;155 649 615;10;0;2;2;16;1
202300017467;155 649 612;30;0;2;7;17;1
202300017467;155 649 613;7;0;2;6;15;1
202300017468;155 649 610;50;0;2;1;1;3
202300017468;155 649 611;7;0;2;8;22;2
202300017469;155 649 609;2;9;0;1;14;1
202300017470;155 649 608;37;0;1;2;1;3
202300017471;155 649 606;7;0;2;8;15;1
202300017471;155 649 607;30;0;2;2;17;1
202300017472;155 649 605;7;0;1;5;4;1
202300017473;155 649 604;7;0;1;1;13;1
202300017474;155 649 602;1;0;2;1;1;5
202300017474;155 649 603;1;0;2;5;15;5
202300017475;155 649 601;34;0;1;2;17;1
202300017476;155 649 599;7;0;2;7;12;1
202300017476;155 649 600;33;0;2;3;2;1
202300017477;155 649 597;7;0;2;1;0;1
202300017477;155 649 598;33;0;2;8;0;1
202300017478;155 649 595;7;0;2;5;14;1
202300017478;155 649 596;33;0;2;1;1;1
202300017479;155 649 594;7;0;1;3;16;0
202300017480;155 649 592;1;0;2;8;9;5
202300017480;155 649 593;31;0;2;1;2;1
202300017481;155 649 590;7;0;2;1;1;1
202300017481;155 649 591;3;0;2;4;1;1
202300017482;155 649 588;7;0;2;2;9;1
202300017482;155 649 589;7;0;2;8;26;1
202300017483;155 649 586;7;0;2;1;1;0
202300017483;155 649 587;7;0;2;3;15;0
202300017484;155 649 585;7;0;1;2;1;1
202300017485;155 649 583;7;0;9;1;1;1
202300017486;155 649 581;10;0;2;4;20;0
202300017486;155 649 582;32;0;2;2;1;0
202300017487;155 649 579;7;0;2;3;2;1
202300017487;155 649 580;33;0;2;2;2;1
202300017488;155 649 577;33;0;2;7;3;1
202300017488;155 649 578;7;0;2;1;15;1
202300017489;155 649 575;50;0;2;7;1;3
202300017489;155 649 576;7;0;2;8;15;1
202300017490;155 649 573;7;0;2;2;1;1
202300017490;155 649 574;10;0;2;3;15;1
202300017491;155 649 570;10;0;2;8;22;0
202300017491;155 649 571;60;0;0;0;0;5
202300017492;155 649 567;7;0;2;1;1;1
202300017492;155 649 568;7;0;2;5;20;1
202300017493;155 649 566;7;6;0;1;2;1
202300017494;155 649 565;30;1;2;8;21;0
202300017495;155 649 563;10;0;2;1;1;1
202300017495;155 649 564;32;0;2;1;15;1
202300017496;155 649 562;42;0;1;1;1;1
202300017497;155 649 561;43;12;0;2;1;1
202300017498;155 649 559;7;0;2;2;15;1
202300017498;155 649 560;7;0;2;8;1;2
202300017499;155 649 558;7;15;0;1;14;1
202300017500;155 649 557;7;2;0;1;14;2
202300017501;155 649 556;7;0;1;4;20;0
202300017502;155 649 552;7;0;2;3;1;1
202300017502;155 649 553;7;0;2;1;5;1
202300017502;155 649 554;7;0;0;2;26;1
202300017502;155 649 555;7;0;0;2;26;1
202300017503;155 649 550;7;0;2;3;13;1
202300017503;155 649 551;7;0;2;3;1;1
202300017504;155 649 549;7;2;0;8;1;1
202300017505;155 649 547;7;0;2;3;1;1
202300017505;155 649 548;36;0;2;2;1;1
202300017506;155 649 546;7;8;0;1;0;1
202300017507;155 649 545;7;3;;1;0;1
202300017508;155 649 544;10;15;9;2;26;1
202300017509;155 649 542;7;0;2;8;19;1
202300017509;155 649 543;10;0;2;1;1;1
202300017510;155 649 541;7;13;0;1;1;0
202300017511;155 649 539;2;0;2;2;1;1
202300017511;155 649 540;7;0;2;4;26;1
202300017512;155 649 538;7;6;6;1;1;1
202300017513;155 649 536;2;0;2;1;17;1
202300017513;155 649 537;7;0;2;1;1;3
202300017514;155 649 533;7;0;2;1;13;1
202300017514;155 649 534;7;0;2;1;13;1
202300017514;155 649 535;16;0;2;1;1;1
202300017515;155 649 532;15;13;0;7;1;1
202300017516;155 649 531;7;15;;1;1;1
202300017517;155 649 530;7;2;0;0;1;1
202300017518;155 649 529;7;0;1;1;1;1
202300017519;155 649 527;33;0;2;7;3;1
202300017519;155 649 528;7;0;2;8;13;3
202300017520;155 649 526;7;2;0;1;1;1
202300017521;155 649 523;7;0;2;3;1;1
202300017521;155 649 525;2;0;2;7;1;1
202300017522;155 649 522;33;0;2;1;3;1
202300017522;155 649 524;33;0;2;4;1;0
202300017523;155 649 519;7;0;2;2;15;1
202300017523;155 649 521;2;0;2;7;21;1
202300017524;155 649 517;7;0;2;8;11;1
202300017524;155 649 518;7;0;2;7;1;1
202300017524;155 649 520;33;0;2;6;1;1
202300017525;155 649 514;7;0;2;2;16;0
202300017525;155 649 516;31;0;2;6;7;1
202300017526;155 649 513;7;0;2;4;1;2
202300017526;155 649 515;10;0;2;1;2;1
202300017527;155 649 512;7;0;0;;26;1
202300017528;155 649 511;21;0;0;7;10;1
202300017529;155 649 508;33;11;0;1;17;1
202300017530;155 649 507;17;0;2;4;1;1
202300017530;155 649 509;17;0;2;1;1;1
202300017530;155 649 510;99;0;2;1;1;1
202300017531;155 649 504;14;3;2;1;2;1
202300017531;155 649 506;7;0;2;1;13;1
202300017532;155 649 503;7;3;2;1;2;1
202300017532;155 649 505;7;0;2;4;2;1
202300017533;155 649 501;1;0;2;4;2;5
202300017533;155 649 502;7;0;9;2;2;0
202300017534;155 649 499;7;0;2;2;12;1
202300017534;155 649 500;33;0;2;3;3;1
202300017535;155 649 495;7;0;2;1;2;1
202300017535;155 649 497;7;0;2;4;1;1
202300017536;155 649 493;31;0;0;1;3;1
202300017537;155 649 491;7;0;2;2;14;1
202300017538;155 649 490;37;0;2;2;1;1
202300017538;155 649 492;1;0;2;4;1;5
202300017539;155 649 485;33;0;2;1;11;1
202300017539;155 649 487;7;4;2;6;1;1
202300017539;155 649 489;33;4;2;1;3;0
202300017540;155 649 486;7;14;0;1;2;1
202300017540;155 649 488;10;0;0;4;23;1
202300017541;155 649 482;7;0;2;8;1;1
202300017541;155 649 484;14;0;2;1;12;1
202300017542;155 649 481;7;0;0;4;1;1
202300017542;155 649 483;7;0;2;1;2;1
202300017543;155 649 477;7;0;2;1;5;1
202300017543;155 649 479;7;0;2;1;1;1
202300017544;155 649 475;7;0;2;5;1;1
202300017544;155 649 476;7;0;2;3;1;1
202300017544;155 649 478;7;0;2;3;12;1
202300017544;155 649 480;33;0;2;3;3;1
202300017545;155 649 474;37;0;1;3;24;1
202300017546;155 649 472;10;0;2;1;1;1
202300017546;155 649 473;7;0;2;4;23;1
202300017547;155 649 470;10;0;2;3;2;1
202300017547;155 649 471;17;0;0;5;2;1
202300017548;155 649 469;7;4;0;2;14;1
202300017549;155 649 467;32;0;1;1;26;1
202300017550;155 649 465;50;0;1;1;1;3
202300017551;155 649 463;2;0;2;1;9;1
202300017551;155 649 464;2;0;2;5;26;1
202300017552;155 649 462;7;4;0;2;17;1
202300017553;155 649 460;13;0;2;7;1;1
202300017553;155 649 461;1;0;2;8;1;5
202300017554;155 649 458;33;0;2;5;16;1
202300017554;155 649 459;13;0;2;3;1;1
202300017555;155 649 456;7;0;2;3;1;4
202300017555;155 649 457;7;0;2;3;13;1
202300017556;155 649 454;7;0;2;3;9;1