Num_Acc;id_vehicule;categorie_vehicule;obstacle_fixe;obstacle_mobile;point_choc_initial;manoeuvre_principale;motorisation
202300017556;155 649 455;2;0;2;1;1;1
202300017557;155 649 451;2;0;2;6;1;1
202300017557;155 649 452;7;0;9;2;12;1
202300017558;155 649 450;7;0;2;1;1;1
202300017558;155 649 453;7;0;2;8;9;1
202300017559;155 649 447;7;0;9;2;1;1
202300017559;155 649 449;50;0;2;8;15;3
202300017560;155 649 446;7;0;0;8;19;1
202300017560;155 649 448;33;0;2;1;1;1
202300017561;155 649 442;7;0;2;2;1;1
202300017561;155 649 444;7;0;2;6;24;1
202300017561;155 649 445;30;0;2;3;19;1
202300017562;155 649 443;33;0;0;9;1;1
202300017563;155 649 441;1;14;0;0;16;5
202300017564;155 649 437;31;0;2;1;1;0
202300017564;155 649 438;7;0;2;2;15;0
202300017565;155 649 436;7;12;0;2;1;1
202300017566;155 649 439;10;0;2;1;1;1
202300017566;155 649 440;7;0;2;1;5;0
202300017567;155 649 435;33;0;9;0;0;1
202300017568;155 649 434;7;8;0;3;1;1
202300017569;155 649 433;33;0;0;0;26;0
202300017570;155 649 429;50;0;2;0;0;3
202300017570;155 649 430;7;0;9;1;1;1
202300017571;155 649 428;7;0;1;2;1;1
202300017572;155 649 426;7;0;2;2;1;1
202300017572;155 649 427;7;0;2;1;1;1
202300017573;155 649 424;37;0;2;2;1;1
202300017573;155 649 425;7;0;2;5;1;1
202300017574;155 649 423;7;1;0;2;14;1
202300017575;155 649 422;7;0;1;1;1;1
202300017576;155 649 420;43;0;2;2;1;1
202300017576;155 649 421;7;0;2;3;10;1
202300017577;155 649 419;7;14;0;1;6;1
202300017578;155 649 417;33;0;2;1;17;1
202300017578;155 649 418;7;0;2;3;15;1
202300017579;155 649 415;32;0;2;1;18;1
202300017579;155 649 416;7;0;2;2;15;1
202300017580;155 649 413;2;0;2;1;19;1
202300017580;155 649 414;7;0;2;3;1;1
202300017581;155 649 411;7;0;2;1;1;1
202300017581;155 649 412;7;0;2;4;1;1
202300017582;155 649 409;7;0;2;2;1;1
202300017582;155 649 410;7;0;2;7;1;1
202300017583;155 649 405;7;0;2;4;1;1
202300017583;155 649 406;7;0;2;4;1;1
202300017583;155 649 407;7;0;2;4;1;1
202300017583;155 649 408;7;0;2;1;1;1
202300017584;155 649 404;7;0;1;2;17;1
202300017585;155 649 402;7;0;2;3;15;1
202300017585;155 649 403;30;0;2;1;1;1
202300017586;155 649 400;7;0;2;0;1;1
202300017586;155 649 401;1;0;2;2;1;5
202300017587;155 649 399;1;16;0;0;1;5
202300017588;155 649 398;10;8;0;1;2;1
202300017589;155 649 396;7;0;2;6;26;1
202300017589;155 649 397;2;0;2;1;9;1
202300017590;155 649 394;7;1;0;1;1;1
202300017590;155 649 395;7;0;2;4;23;1
202300017591;155 649 392;7;0;2;1;1;1
202300017591;155 649 393;1;0;2;8;0;5
202300017592;155 649 390;30;0;2;8;1;1
202300017592;155 649 391;7;0;2;2;2;1
202300017593;155 649 388;10;0;2;3;1;1
202300017593;155 649 389;1;0;2;2;15;5
202300017594;155 649 387;30;0;0;0;1;0
202300017595;155 649 386;30;0;0;0;15;1
202300017596;155 649 384;10;0;9;2;19;1
202300017596;155 649 385;1;0;2;1;1;5
202300017597;155 649 383;30;1;0;1;13;1
202300017598;155 649 382;7;1;0;3;13;1
202300017599;155 649 378;34;14;0;0;0;0
202300017599;155 649 379;3;0;2;2;1;0
202300017600;155 649 376;7;0;2;2;15;1
202300017600;155 649 377;32;0;2;1;1;1
202300017601;155 649 374;7;0;2;5;15;1
202300017601;155 649 375;50;0;2;1;0;3
202300017602;155 649 371;7;16;0;6;15;0
202300017602;155 649 372;7;0;2;0;0;2
202300017602;155 649 373;7;0;2;9;1;1
202300017603;155 649 370;7;0;0;7;1;1
202300017604;155 649 368;2;0;0;4;23;1
202300017604;155 649 369;7;0;2;1;2;1
202300017605;155 649 366;7;0;2;2;2;1
202300017605;155 649 367;7;0;2;6;2;1
202300017606;155 649 365;7;0;1;4;4;0
202300017607;155 649 363;7;0;2;2;1;1
202300017607;155 649 364;1;0;2;8;1;5
202300017608;155 649 361;32;0;2;7;1;1
202300017608;155 649 362;1;0;2;1;1;5
202300017609;155 649 360;30;0;0;0;9;3
202300017610;155 649 358;7;0;2;3;9;2
202300017610;155 649 359;31;0;2;7;1;1
202300017611;155 649 356;7;0;2;5;23;1
202300017611;155 649 357;10;0;2;6;1;1
202300017612;155 649 355;1;0;1;1;1;5
202300017613;155 649 353;10;0;2;2;1;1
202300017613;155 649 354;43;0;2;0;1;1
202300017614;155 649 351;7;0;2;3;2;1
202300017614;155 649 352;1;0;2;1;17;5
202300017615;155 649 350;14;0;1;0;1;1
202300017616;155 649 348;10;0;2;2;14;1
202300017616;155 649 349;7;0;2;6;1;2
202300017617;155 649 346;99;0;2;1;1;1
202300017617;155 649 347;33;0;2;4;23;1
202300017618;155 649 344;7;0;2;1;1;1
202300017618;155 649 345;7;0;2;7;1;1
202300017619;155 649 342;50;0;2;1;1;3
202300017619;155 649 343;7;0;2;2;16;1
202300017620;155 649 340;2;0;2;5;26;1
202300017620;155 649 341;7;0;2;3;26;0
202300017621;155 649 339;60;12;0;1;1;5
202300017622;155 649 338;33;14;0;1;6;1
202300017623;155 649 337;10;0;0;0;0;1
202300017624;155 649 335;7;0;2;5;0;1
202300017624;155 649 336;7;0;2;1;5;3
202300017625;155 649 333;33;12;2;6;9;1
202300017625;155 649 334;33;1;2;1;13;1
202300017626;155 649 331;1;0;9;0;9;5
202300017626;155 649 332;7;0;9;3;9;1
202300017627;155 649 330;7;13;0;7;1;1
202300017628;155 649 328;7;0;2;1;17;1
202300017628;155 649 329;7;0;2;6;15;1
202300017629;155 649 327;7;3;0;2;14;1
202300017630;155 649 325;1;0;2;7;1;5
202300017630;155 649 326;7;0;9;4;26;0
202300017631;155 649 323;7;0;2;1;13;3
202300017631;155 649 324;10;0;2;1;1;0
202300017632;155 649 321;7;0;2;1;1;1
202300017632;155 649 322;7;0;2;8;21;1
202300017633;155 649 320;7;15;9;1;1;1
202300017634;155 649 319;7;0;1;2;16;0
202300017635;155 649 318;7;14;0;1;0;1
202300017636;155 649 316;7;0;2;7;1;1
202300017636;155 649 317;7;0;2;1;1;1
202300017637;155 649 314;7;0;2;2;1;1
202300017637;155 649 315;2;0;2;1;13;1
202300017638;155 649 312;7;0;2;2;15;1
202300017638;155 649 313;7;15;2;1;1;1
202300017639;155 649 311;7;2;0;1;14;1
202300017640;155 649 310;7;0;1;2;1;1
202300017641;155 649 309;7;6;0;2;1;1
202300017642;155 649 307;7;6;2;7;1;1
202300017642;155 649 308;7;6;2;1;1;1
202300017643;155 649 305;3;0;2;7;17;1
202300017643;155 649 306;31;12;0;3;14;1
202300017644;155 649 304;7;4;0;9;2;0
202300017645;155 649 303;7;0;1;2;1;1
202300017646;155 649 301;7;0;2;2;15;1
202300017646;155 649 302;33;0;2;7;1;1
202300017647;155 649 300;7;0;1;1;1;1
202300017648;155 649 298;7;0;2;3;1;1
202300017648;155 649 299;17;0;2;8;1;1
202300017649;155 649 296;7;0;9;2;16;1
202300017649;155 649 297;1;0;2;4;5;5
202300017650;155 649 294;7;0;0;7;10;1
202300017650;155 649 295;33;0;2;1;1;1
202300017651;155 649 292;1;0;2;4;15;5
202300017651;155 649 293;38;0;2;2;2;1
202300017652;155 649 290;15;0;0;6;1;1
202300017652;155 649 291;7;0;2;1;0;1
202300017653;155 649 288;7;0;2;0;13;1
202300017653;155 649 289;7;0;2;1;1;1
202300017654;155 649 286;7;0;9;3;1;1
202300017654;155 649 287;1;0;2;1;26;5
202300017655;155 649 284;7;0;2;2;19;1
202300017655;155 649 285;7;0;2;2;21;1
202300017656;155 649 283;34;3;0;9;1;1
202300017657;155 649 281;7;0;2;8;10;0
202300017657;155 649 282;31;0;2;1;2;1
202300017658;155 649 279;7;0;2;1;1;0
202300017658;155 649 280;7;0;2;1;1;0
202300017659;155 649 278;7;2;0;8;1;1
202300017660;155 649 276;32;0;0;4;1;1
202300017660;155 649 277;10;0;2;3;9;1
202300017661;155 649 275;7;6;0;3;1;0
202300017662;155 649 274;33;0;6;1;1;1
202300017663;155 649 267;7;3;0;7;14;1
202300017664;155 649 265;7;0;2;5;26;1
202300017664;155 649 266;7;0;2;3;21;1
202300017665;155 649 264;33;0;1;8;0;1
202300017666;155 649 263;10;0;1;7;19;1
202300017667;155 649 261;7;0;2;3;5;1
202300017667;155 649 262;7;0;2;3;1;1
202300017668;155 649 260;30;0;1;1;26;1
202300017669;155 649 259;7;0;1;1;1;1
202300017670;155 649 257;33;0;2;0;11;1
202300017670;155 649 258;10;0;2;1;2;1
202300017671;155 649 256;10;0;1;2;16;6
202300017672;155 649 253;7;0;2;1;23;1
202300017672;155 649 254;31;0;2;1;21;1
202300017672;155 649 255;7;0;2;8;1;0
202300017673;155 649 251;32;0;2;0;1;1
202300017673;155 649 252;7;0;2;0;19;1
202300017674;155 649 250;7;0;1;1;1;1
202300017675;155 649 248;1;0;2;3;1;5
202300017675;155 649 249;7;0;2;3;11;1
202300017676;155 649 247;33;12;0;8;0;1
202300017677;155 649 244;7;0;2;1;18;1
202300017677;155 649 245;7;3;2;7;1;1
202300017677;155 649 246;7;3;2;7;1;1
202300017678;155 649 242;7;0;2;5;15;1
202300017678;155 649 243;33;0;2;1;1;1
202300017679;155 649 241;7;8;1;2;1;1
202300017680;155 649 239;7;0;2;4;2;1
202300017680;155 649 240;10;0;2;1;2;1
202300017681;155 649 237;7;0;2;2;15;1
202300017681;155 649 238;33;0;2;7;1;1
202300017682;155 649 235;7;1;0;1;14;1
202300017682;155 649 236;7;0;2;4;23;1
202300017683;155 649 234;7;2;0;2;26;0
202300017684;155 649 231;30;0;2;8;1;1
202300017684;155 649 233;7;0;2;0;15;1
202300017685;155 649 229;0;0;1;4;4;0
202300017686;155 649 227;33;3;0;1;26;1
202300017687;155 649 224;7;0;2;1;1;1
202300017687;155 649 225;7;0;2;4;1;1
202300017688;155 649 222;7;0;2;3;9;1
202300017688;155 649 223;80;0;2;0;0;3
202300017689;155 649 220;7;0;2;5;10;0
202300017689;155 649 221;7;0;2;1;1;1
202300017690;155 649 219;10;0;1;1;1;1
202300017691;155 649 217;7;0;2;2;0;0
202300017691;155 649 218;7;0;2;8;0;0
202300017692;155 649 214;7;0;2;3;11;1
202300017692;155 649 216;7;2;2;0;0;1
202300017693;155 649 215;7;0;0;9;1;1
202300017694;155 649 212;10;0;2;7;1;1
202300017694;155 649 213;7;0;2;0;16;1
202300017695;155 649 211;7;1;0;2;1;1
202300017696;155 649 207;7;0;2;1;15;1
202300017696;155 649 209;7;0;2;2;1;1
202300017697;155 649 206;10;0;2;1;5;1
202300017697;155 649 208;17;0;2;3;1;1
202300017697;155 649 210;7;0;2;1;1;1
202300017698;155 649 204;7;0;2;6;1;1
202300017698;155 649 205;7;0;2;1;11;0
202300017699;155 649 198;7;0;2;1;13;1
202300017699;155 649 200;7;0;2;6;23;1
202300017699;155 649 202;7;0;2;1;23;1
202300017699;155 649 203;7;0;2;1;23;1
202300017700;155 649 197;7;0;2;3;19;1
202300017700;155 649 199;7;0;2;2;1;1
202300017700;155 649 201;10;0;2;1;1;1
202300017701;155 649 193;7;0;2;1;1;1
202300017701;155 649 195;10;0;2;4;1;1
202300017701;155 649 196;7;0;2;4;1;1
202300017702;155 649 192;7;0;2;3;9;1
202300017702;155 649 194;33;8;2;1;16;1
202300017703;155 649 190;7;0;1;1;1;1
202300017704;155 649 191;33;8;0;8;1;1
202300017705;155 649 188;32;0;2;3;1;1
202300017705;155 649 189;7;0;2;2;15;1
202300017706;155 649 187;34;0;1;1;1;1
202300017707;155 649 185;10;0;1;2;19;1
202300017708;155 649 186;7;1;0;0;1;1
202300017709;155 649 183;32;0;1;0;3;1
202300017710;155 649 182;7;0;2;2;2;1
202300017710;155 649 184;7;0;2;6;2;1
202300017711;155 649 181;34;6;0;1;1;1
202300017712;155 649 173;7;1;0;1;1;1
202300017712;155 649 175;7;1;0;4;23;1
202300017712;155 649 176;7;0;0;2;23;1
202300017713;155 649 174;7;0;2;7;1;1
202300017713;155 649 177;31;0;2;2;14;
202300017713;155 649 178;10;0;2;3;1;1
202300017713;155 649 179;7;0;2;7;1;1
202300017713;155 649 180;33;0;2;1;3;1
202300017714;155 649 172;7;0;0;1;13;1
202300017715;155 649 171;33;15;0;8;1;1
202300017716;155 649 166;10;0;2;1;1;0
202300017716;155 649 168;31;0;2;2;1;3
202300017716;155 649 170;10;0;2;3;11;1
202300017717;155 649 165;1;0;2;1;19;5
202300017717;155 649 167;7;0;2;7;1;1
202300017718;155 649 164;7;1;0;1;1;1
202300017719;155 649 163;2;0;1;1;1;1
202300017720;155 649 161;7;0;2;2;1;1
202300017720;155 649 162;7;0;2;3;16;1
202300017721;155 649 159;7;0;1;4;4;0
202300017722;155 649 157;30;0;0;0;0;1
202300017723;155 649 158;7;0;2;1;1;1
202300017723;155 649 160;7;0;2;5;20;1
202300017724;155 649 155;7;1;2;4;2;1
202300017724;155 649 156;33;0;2;4;2;1
202300017725;155 649 153;7;0;1;0;15;1
202300017726;155 649 154;1;0;1;1;5;5
202300017727;155 649 151;7;0;2;2;26;1
202300017727;155 649 152;7;0;2;4;2;1
202300017728;155 649 149;33;6;0;1;0;1
202300017729;155 649 148;33;16;0;7;20;1
202300017730;155 649 150;10;0;1;4;25;1
202300017731;155 649 146;7;0;2;2;15;1
202300017731;155 649 147;7;0;2;3;2;1
202300017732;155 649 144;80;0;2;3;2;3
202300017732;155 649 145;7;0;2;2;16;2
202300017733;155 649 143;7;0;1;1;15;2
202300017734;155 649 139;31;0;2;1;0;1
202300017734;155 649 142;7;0;2;3;15;1
202300017735;155 649 140;7;0;2;1;1;1
202300017735;155 649 141;1;0;2;8;19;5
202300017736;155 649 134;31;0;2;8;9;1
202300017736;155 649 137;1;0;2;1;1;5
202300017737;155 649 133;7;0;2;1;1;1
202300017737;155 649 135;7;0;2;9;1;1
202300017737;155 649 136;7;0;2;9;1;1
202300017737;155 649 138;7;0;2;4;1;1
202300017738;155 649 131;1;0;2;2;1;5
202300017738;155 649 132;31;0;2;1;9;3
202300017739;155 649 127;7;0;2;2;2;1
202300017739;155 649 129;7;0;2;1;9;1
202300017740;155 649 125;33;0;2;1;1;1
202300017740;155 649 128;7;0;2;5;15;2
202300017741;155 649 126;7;0;2;5;15;1
202300017741;155 649 130;7;0;2;2;1;1
202300017742;155 649 123;7;0;1;3;22;0
202300017743;155 649 122;1;0;9;1;0;5
202300017743;155 649 124;1;0;2;8;0;5
202300017744;155 649 119;17;0;1;1;1;1
202300017745;155 649 118;7;0;2;1;26;1
202300017745;155 649 120;50;0;2;6;13;3
202300017746;155 649 117;7;0;2;3;0;1
202300017746;155 649 121;7;0;2;1;5;1
202300017747;155 649 116;50;6;0;1;1;3
202300017748;155 649 115;10;0;1;4;4;1
202300017749;155 649 114;2;15;0;0;15;1
202300017750;155 649 113;7;11;0;1;2;1
202300017751;155 649 111;34;0;2;1;0;0
202300017751;155 649 112;32;0;2;4;0;1
202300017752;155 649 110;2;8;0;1;0;1
202300017753;155 649 109;30;9;0;1;1;1
202300017754;155 649 107;7;0;2;1;1;1
202300017754;155 649 108;7;0;0;4;0;1
202300017755;155 649 105;7;0;2;1;2;1
202300017755;155 649 106;13;0;0;4;2;1
202300017756;155 649 104;7;1;0;1;2;1
202300017757;155 649 101;7;0;2;2;1;1
202300017757;155 649 103;1;0;0;4;1;5
202300017758;155 649 099;14;0;2;8;15;1
202300017758;155 649 102;37;0;2;3;1;1
202300017759;155 649 098;2;0;2;4;1;1
202300017759;155 649 100;2;0;2;1;2;1
202300017760;155 649 095;7;0;2;4;4;1
202300017760;155 649 096;30;0;2;1;1;1
202300017761;155 649 094;1;0;2;1;1;5
202300017761;155 649 097;13;0;2;5;15;1
202300017762;155 649 092;7;0;2;2;16;1
202300017762;155 649 093;7;0;2;0;0;1
202300017763;155 649 090;1;0;2;8;1;5
202300017763;155 649 091;7;0;2;5;18;1
202300017764;155 649 088;10;4;2;3;21;0
202300017765;155 649 087;7;0;2;1;1;1
202300017765;155 649 089;7;0;2;1;17;1
202300017766;155 649 084;99;0;0;0;1;1
202300017767;155 649 083;7;0;2;6;0;1
202300017767;155 649 086;32;0;2;2;0;1
202300017768;155 649 082;10;0;2;1;13;1
202300017768;155 649 085;10;0;2;1;1;1
202300017769;155 649 076;7;14;0;2;13;1
202300017769;155 649 077;10;0;2;8;1;1
202300017769;155 649 080;7;0;2;3;1;1
202300017770;155 649 078;7;0;9;2;15;0
202300017770;155 649 081;99;0;2;1;1;0
202300017771;155 649 075;7;0;2;1;1;3
202300017771;155 649 079;7;0;2;1;5;1
202300017772;155 649 072;14;2;0;2;13;1
202300017773;155 649 071;7;0;2;1;26;1
202300017773;155 649 074;33;0;2;2;0;1
202300017774;155 649 068;33;0;0;0;1;1
202300017775;155 649 066;7;0;2;6;1;1
202300017775;155 649 069;7;0;2;4;1;1
202300017775;155 649 070;7;0;2;6;11;1
202300017775;155 649 073;33;0;2;9;3;1
202300017776;155 649 065;32;0;2;1;2;1
202300017776;155 649 067;7;0;2;7;2;1
202300017777;155 649 064;7;13;0;3;13;6
202300017778;155 649 062;33;0;0;8;10;1
202300017779;155 649 060;7;0;2;1;1;2
202300017779;155 649 063;7;0;2;3;1;1
202300017780;155 649 059;7;0;2;6;1;1
202300017780;155 649 061;7;7;2;7;1;1
202300017781;155 649 056;33;0;2;1;1;1
202300017781;155 649 058;7;0;2;3;13;1
202300017782;155 649 055;7;0;9;2;10;1
202300017782;155 649 057;1;0;2;1;19;5
202300017783;155 649 053;7;0;2;3;0;1
202300017783;155 649 054;7;0;2;3;0;1
202300017784;155 649 049;10;0;2;8;19;0
202300017784;155 649 051;7;0;2;1;1;0
202300017785;155 649 050;33;0;2;1;17;1
202300017785;155 649 052;7;0;2;8;15;1
202300017786;155 649 048;33;0;0;7;1;1
202300017787;155 649 045;7;0;1;1;2;1
202300017788;155 649 044;7;0;2;1;2;1
202300017788;155 649 046;7;0;2;7;2;1
202300017788;155 649 047;10;0;2;1;5;1
202300017789;155 649 043;7;0;1;4;4;1
202300017790;155 649 041;31;15;0;1;2;1
202300017791;155 649 040;1;0;0;3;2;5
202300017791;155 649 042;37;0;0;3;2;3
202300017792;155 649 035;2;0;2;8;1;1
202300017792;155 649 038;7;0;2;7;1;1
202300017793;155 649 034;1;1;2;8;1;5
202300017793;155 649 037;7;0;9;3;10;0
202300017794;155 649 036;33;0;2;1;2;0
202300017794;155 649 039;7;0;2;1;5;6
202300017795;155 649 030;60;0;2;5;19;5
202300017795;155 649 032;7;0;2;1;1;1
202300017796;155 649 029;7;0;2;2;1;1
202300017796;155 649 033;1;0;2;7;2;5
202300017797;155 649 027;7;0;9;3;9;1
202300017797;155 649 031;1;0;2;7;1;5
202300017798;155 649 026;1;0;2;1;5;5
202300017798;155 649 028;33;0;2;3;15;1
202300017799;155 649 024;7;0;2;2;17;1
202300017799;155 649 025;7;0;2;3;15;1
202300017800;155 649 022;2;0;2;3;2;1
202300017800;155 649 023;3;0;2;2;2;1
202300017801;155 649 020;7;0;2;3;9;1
202300017801;155 649 021;1;0;2;8;1;5
202300017802;155 649 019;10;0;1;1;15;0
202300017803;155 649 017;1;0;2;1;1;5
202300017803;155 649 018;10;0;2;8;15;0
202300017804;155 649 013;7;0;2;1;26;0
202300017804;155 649 015;7;0;2;4;23;0
202300017804;155 649 016;7;0;9;4;23;0
202300017805;155 649 010;43;0;2;8;11;1
202300017805;155 649 012;43;0;2;7;1;1
202300017806;155 649 009;30;0;2;1;1;1
202300017806;155 649 011;7;0;2;2;9;1
202300017807;155 649 006;33;0;2;8;16;1
202300017807;155 649 008;7;0;2;2;1;1
202300017808;155 649 004;7;0;2;1;2;1
202300017808;155 649 005;7;0;2;1;2;1
202300017808;155 649 007;7;0;2;4;23;1
202300017809;155 649 002;7;0;2;8;15;1
202300017809;155 649 003;33;0;2;1;17;1
202300017810;155 649 000;17;0;2;4;0;1
202300017810;155 649 001;7;0;2;1;0;1
202300017811;155 648 999;10;17;0;9;14;1
202300017812;155 648 995;7;0;2;4;2;0
202300017812;155 648 997;7;0;2;1;2;2
202300017812;155 648 998;7;0;2;4;2;1
202300017813;155 648 994;20;0;9;1;26;1
202300017813;155 648 996;1;0;2;1;1;5
202300017814;155 648 992;7;0;6;2;21;1
202300017815;155 648 991;33;0;2;7;3;1
202300017815;155 648 993;7;0;2;6;11;1
202300017816;155 648 988;80;0;2;3;0;2
202300017816;155 648 989;10;0;2;5;17;1
202300017817;155 648 987;7;0;1;1;1;1
202300017818;155 648 985;7;0;2;4;1;1
202300017818;155 648 986;7;0;2;4;1;1
202300017819;155 648 983;10;0;2;1;13;1
202300017819;155 648 984;7;0;2;1;1;1
202300017820;155 648 981;10;0;2;8;19;1
202300017820;155 648 982;37;0;2;1;1;1
202300017821;155 648 980;33;0;0;8;14;1
202300017822;155 648 978;33;12;0;0;0;1
202300017823;155 648 977;1;0;2;1;2;5
202300017823;155 648 979;7;0;2;4;1;1
202300017824;155 648 974;33;0;2;1;2;1
202300017824;155 648 976;7;0;0;6;23;1
202300017825;155 648 973;7;0;0;0;0;1
202300017825;155 648 975;7;0;0;0;0;1
202300017826;155 648 972;2;0;0;0;0;1
202300017827;155 648 968;7;0;2;4;2;1
202300017827;155 648 970;7;0;2;1;2;1
202300017827;155 648 971;7;0;2;4;2;2
202300017828;155 648 967;99;0;2;1;13;1
202300017828;155 648 969;7;0;2;3;1;1
202300017829;155 648 965;34;0;2;7;21;1
202300017829;155 648 966;7;0;2;5;20;1
202300017830;155 648 962;14;0;2;1;15;1
202300017830;155 648 964;1;0;2;7;1;5
202300017831;155 648 960;7;0;2;3;23;1
202300017831;155 648 961;33;1;0;2;3;1
202300017831;155 648 963;7;0;2;0;9;1
202300017832;155 648 959;7;2;0;1;14;0
202300017833;155 648 957;7;0;1;3;1;1
202300017834;155 648 956;1;0;2;1;7;5
202300017834;155 648 958;37;0;9;1;17;1
202300017835;155 648 953;7;0;2;2;16;1
202300017835;155 648 954;33;0;2;8;0;1
202300017836;155 648 950;7;0;2;2;1;1
202300017836;155 648 952;2;0;2;8;15;1
202300017837;155 648 949;7;0;2;3;11;1
202300017837;155 648 951;7;0;2;2;1;1
202300017838;155 648 948;7;8;0;1;1;1
202300017839;155 648 945;7;0;2;2;9;1
202300017839;155 648 946;7;0;2;1;1;1
202300017840;155 648 943;7;2;2;4;0;1
202300017840;155 648 944;7;0;2;4;2;1
202300017840;155 648 947;7;2;2;1;2;1
202300017841;155 648 941;7;0;0;4;1;1
202300017841;155 648 942;10;0;2;1;1;1
202300017842;155 648 939;2;0;0;6;21;2
202300017842;155 648 940;7;0;9;6;15;1
202300017843;155 648 937;17;0;0;6;9;1
202300017843;155 648 938;17;0;2;1;1;1
202300017844;155 648 935;7;0;2;7;16;1
202300017844;155 648 936;33;0;2;1;1;1
202300017845;155 648 934;7;0;1;1;1;1
202300017846;155 648 930;7;0;2;1;1;1
202300017846;155 648 932;1;0;2;8;9;5
202300017847;155 648 931;31;0;0;3;3;1
202300017847;155 648 933;7;0;0;5;3;2
202300017848;155 648 928;2;8;0;2;1;0
202300017849;155 648 929;30;8;0;1;1;1
202300017850;155 648 925;14;15;0;1;1;1
202300017850;155 648 927;17;0;2;7;21;1
202300017851;155 648 922;7;0;2;3;16;0
202300017851;155 648 923;31;0;2;3;17;1
202300017852;155 648 920;3;0;0;8;0;
202300017853;155 648 919;7;0;2;1;19;1
202300017853;155 648 921;30;0;2;1;19;1
202300017854;155 648 917;15;0;2;7;17;1
202300017854;155 648 918;2;0;2;8;15;1
202300017855;155 648 916;7;6;0;1;1;1
202300017856;155 648 914;7;0;2;2;15;1
202300017856;155 648 915;7;0;2;3;1;1
202300017857;155 648 911;7;8;0;1;1;1
202300017858;155 648 912;7;0;2;7;1;1
202300017858;155 648 913;7;0;2;1;9;1
202300017859;155 648 910;2;12;0;2;16;1
202300017860;155 648 908;10;0;2;1;15;1
202300017860;155 648 909;31;0;2;1;1;1
202300017861;155 648 905;7;0;2;1;1;1
202300017861;155 648 907;7;0;2;7;9;1
202300017862;155 648 904;10;0;2;2;14;1
202300017862;155 648 906;15;0;0;8;1;1
202300017863;155 648 901;32;0;2;3;1;1
202300017863;155 648 903;7;0;2;1;9;1
202300017864;155 648 899;7;0;0;7;23;1
202300017864;155 648 900;7;0;0;6;12;1
202300017864;155 648 902;33;0;2;2;3;1
202300017865;155 648 897;7;0;1;3;1;1
202300017866;155 648 896;7;0;1;4;1;1
202300017866;155 648 898;7;0;2;2;2;1
202300017867;155 648 895;7;10;0;1;1;1
202300017868;155 648 892;7;0;2;8;22;1
202300017868;155 648 894;1;0;2;1;1;5
202300017869;155 648 889;7;0;2;7;19;1
202300017869;155 648 890;2;0;2;1;1;1
202300017870;155 648 886;7;13;0;2;26;1
202300017871;155 648 884;7;2;0;1;0;1
202300017872;155 648 882;7;0;1;1;1;0
202300017873;155 648 883;7;0;2;4;1;1
202300017873;155 648 885;7;0;2;5;1;1
202300017873;155 648 887;7;0;2;1;2;1
202300017873;155 648 888;7;0;2;4;1;1
202300017874;155 648 880;33;0;2;1;6;1
202300017874;155 648 881;7;0;2;8;19;1
202300017875;155 648 877;7;0;2;8;0;1
202300017875;155 648 879;33;0;2;0;1;1
202300017876;155 648 875;33;0;2;6;17;1
202300017876;155 648 876;2;0;0;1;10;1
202300017877;155 648 872;7;0;2;1;5;1
202300017877;155 648 873;7;0;2;1;1;1
202300017877;155 648 874;7;0;2;1;1;1
202300017878;155 648 870;7;4;0;8;14;1
202300017879;155 648 869;7;0;2;2;1;1
202300017879;155 648 871;31;0;2;8;1;1
202300017880;155 648 866;2;0;9;8;0;1
202300017880;155 648 867;7;0;0;0;0;1
202300017881;155 648 862;7;0;0;7;15;1
202300017881;155 648 863;7;7;0;1;1;1
202300017882;155 648 864;10;0;2;1;2;1
202300017882;155 648 865;7;0;2;9;2;1
202300017882;155 648 868;7;14;0;4;23;1
202300017883;155 648 861;50;0;0;0;25;3
202300017884;155 648 859;30;0;0;3;1;1
202300017884;155 648 860;10;0;2;5;15;1
202300017885;155 648 858;2;0;0;3;1;1
202300017886;155 648 856;7;0;2;3;13;1
202300017886;155 648 857;31;0;2;0;0;1
202300017887;155 648 854;32;0;2;8;26;3
202300017887;155 648 855;7;0;2;7;1;1
202300017888;155 648 852;1;0;2;4;1;5
202300017888;155 648 853;7;0;2;1;1;0
202300017889;155 648 849;7;0;2;1;2;1
202300017889;155 648 850;7;0;2;4;23;1
202300017889;155 648 851;7;0;2;3;1;1
202300017890;155 648 846;43;0;0;7;0;1
202300017891;155 648 845;21;0;2;6;15;1
202300017891;155 648 847;33;0;2;1;17;1
202300017892;155 648 843;7;0;2;1;2;1
202300017892;155 648 844;33;0;2;4;2;1
202300017893;155 648 842;7;2;0;2;1;1
202300017894;155 648 840;7;2;0;8;0;0
202300017895;155 648 839;10;0;2;0;9;1
202300017895;155 648 841;1;0;2;5;1;5
202300017896;155 648 836;7;0;0;1;14;1
202300017897;155 648 835;7;0;2;9;13;1
202300017897;155 648 837;7;0;2;1;1;2
202300017898;155 648 834;7;0;2;2;5;1
202300017898;155 648 838;7;0;2;1;16;1
202300017899;155 648 830;33;0;2;1;1;1
202300017899;155 648 832;7;0;2;3;15;1
202300017900;155 648 828;7;0;2;1;1;0
202300017900;155 648 829;7;14;2;4;23;0