Num_Acc;id_vehicule;categorie_vehicule;obstacle_fixe;obstacle_mobile;point_choc_initial;manoeuvre_principale;motorisation
202300017900;155 648 831;7;0;0;4;23;0
202300017901;155 648 827;30;0;2;5;21;1
202300017901;155 648 833;7;0;2;5;0;1
202300017902;155 648 825;50;0;0;4;1;3
202300017902;155 648 826;7;0;2;1;1;1
202300017903;155 648 823;10;0;2;4;1;1
202300017903;155 648 824;10;0;2;1;2;1
202300017904;155 648 822;7;0;1;7;1;1
202300017905;155 648 820;7;0;9;3;16;1
202300017905;155 648 821;1;0;2;4;2;5
202300017906;155 648 819;33;0;2;1;26;1
202300017907;155 648 817;32;2;0;2;0;1
202300017908;155 648 815;7;0;2;2;2;6
202300017908;155 648 818;7;0;9;4;1;6
202300017909;155 648 813;7;0;2;1;26;1
202300017909;155 648 814;10;0;2;1;0;1
202300017910;155 648 812;7;6;2;8;9;1
202300017910;155 648 816;14;0;2;2;1;1
202300017911;155 648 809;21;16;0;9;26;1
202300017912;155 648 808;33;0;2;1;2;1
202300017912;155 648 810;7;0;2;4;23;1
202300017913;155 648 806;7;0;2;1;15;1
202300017913;155 648 811;2;0;2;1;1;1
202300017914;155 648 805;33;0;2;3;3;1
202300017914;155 648 807;7;0;2;2;12;1
202300017915;155 648 804;1;0;1;1;1;5
202300017916;155 648 801;1;0;1;0;1;5
202300017917;155 648 800;15;0;2;1;2;1
202300017917;155 648 802;7;0;2;4;2;1
202300017917;155 648 803;7;0;0;4;26;1
202300017918;155 648 799;7;0;2;1;1;1
202300017919;155 648 795;7;0;2;1;1;1
202300017919;155 648 798;15;0;2;4;1;0
202300017920;155 648 796;1;0;2;7;1;5
202300017920;155 648 797;10;0;2;1;1;1
202300017921;155 648 794;30;12;0;1;14;1
202300017922;155 648 793;1;0;0;8;21;5
202300017923;155 648 792;7;4;0;1;26;1
202300017924;155 648 787;7;0;2;1;15;3
202300017924;155 648 791;32;0;2;8;1;1
202300017925;155 648 786;2;0;2;1;1;1
202300017925;155 648 788;7;0;2;6;10;1
202300017926;155 648 785;7;0;2;3;2;1
202300017926;155 648 789;7;0;2;5;0;1
202300017926;155 648 790;43;0;2;3;3;1
202300017927;155 648 784;7;0;1;2;1;3
202300017928;155 648 781;33;0;2;1;3;1
202300017928;155 648 782;7;0;2;4;1;1
202300017929;155 648 779;33;12;0;1;14;1
202300017930;155 648 780;7;0;2;3;1;1
202300017930;155 648 783;7;0;2;5;23;1
202300017931;155 648 777;7;0;2;1;0;1
202300017931;155 648 778;7;0;2;4;0;1
202300017932;155 648 775;33;0;2;4;15;1
202300017932;155 648 776;7;0;2;1;1;1
202300017933;155 648 774;33;16;0;3;2;1
202300017934;155 648 771;50;12;0;1;1;3
202300017935;155 648 769;33;0;2;1;3;1
202300017935;155 648 770;7;0;2;6;11;1
202300017936;155 648 767;7;0;0;4;1;0
202300017936;155 648 768;1;0;2;4;2;5
202300017937;155 648 772;7;0;2;6;10;1
202300017937;155 648 773;2;0;2;1;1;3
202300017938;155 648 764;33;0;2;1;3;1
202300017938;155 648 765;7;0;2;7;16;1
202300017938;155 648 766;7;0;2;4;1;1
202300017939;155 648 762;7;0;2;1;26;0
202300017939;155 648 763;7;0;2;7;26;3
202300017940;155 648 759;7;0;2;1;2;1
202300017940;155 648 760;7;0;2;4;2;1
202300017941;155 648 761;50;1;0;1;5;3
202300017942;155 648 757;7;0;2;2;15;1
202300017942;155 648 758;2;0;2;3;1;1
202300017943;155 648 756;10;0;1;2;1;1
202300017944;155 648 755;80;0;0;0;21;3
202300017945;155 648 753;7;0;0;0;9;1
202300017945;155 648 754;7;0;2;6;1;1
202300017946;155 648 749;7;0;9;4;4;1
202300017946;155 648 751;60;0;2;8;0;5
202300017947;155 648 750;7;0;2;6;1;1
202300017947;155 648 752;7;0;2;1;15;1
202300017948;155 648 747;32;0;2;1;1;1
202300017948;155 648 748;7;0;2;4;1;1
202300017949;155 648 743;7;0;2;2;15;1
202300017949;155 648 745;33;0;2;1;1;1
202300017950;155 648 744;7;0;2;7;15;1
202300017950;155 648 746;15;0;2;1;1;1
202300017951;155 648 742;7;6;0;2;16;1
202300017952;155 648 739;7;0;0;4;16;1
202300017952;155 648 741;10;0;2;1;2;1
202300017953;155 648 738;10;0;0;6;15;6
202300017953;155 648 740;33;0;2;1;15;0
202300017954;155 648 732;33;0;0;4;1;1
202300017954;155 648 736;7;0;0;1;2;1
202300017955;155 648 731;7;1;0;1;26;1
202300017955;155 648 734;7;1;0;4;0;1
202300017955;155 648 735;7;1;2;4;0;1
202300017955;155 648 737;10;1;2;4;0;1
202300017956;155 648 729;7;0;1;4;4;1
202300017957;155 648 730;7;0;2;1;1;0
202300017957;155 648 733;7;0;2;6;15;0
202300017958;155 648 727;7;0;2;7;16;1
202300017958;155 648 728;50;0;2;1;1;3
202300017959;155 648 725;15;0;0;7;12;1
202300017959;155 648 726;7;0;0;8;1;1
202300017960;155 648 724;34;1;0;0;2;1
202300017961;155 648 721;33;0;0;0;17;1
202300017962;155 648 722;7;0;2;1;2;1
202300017962;155 648 723;33;0;2;4;2;1
202300017963;155 648 717;33;0;2;9;1;1
202300017963;155 648 720;17;0;2;8;13;1
202300017964;155 648 714;7;0;2;5;19;1
202300017964;155 648 718;7;0;2;3;1;1
202300017965;155 648 715;7;0;2;1;1;0
202300017965;155 648 719;7;0;2;1;5;0
202300017966;155 648 713;7;0;2;4;1;1
202300017966;155 648 716;7;0;2;1;1;1
202300017967;155 648 712;7;0;1;3;1;1
202300017968;155 648 704;7;0;2;1;2;1
202300017968;155 648 708;7;0;2;4;2;1
202300017968;155 648 711;7;0;2;4;2;1
202300017969;155 648 707;80;0;2;8;25;3
202300017969;155 648 710;10;16;2;0;20;1
202300017970;155 648 705;7;9;0;2;0;1
202300017971;155 648 703;7;0;2;1;13;1
202300017971;155 648 706;7;0;2;1;21;1
202300017971;155 648 709;7;0;2;6;1;1
202300017972;155 648 699;33;0;2;2;17;0
202300017972;155 648 702;7;0;2;6;15;0
202300017973;155 648 698;34;0;2;1;1;1
202300017973;155 648 701;7;0;2;6;1;1
202300017974;155 648 696;7;0;2;1;17;1
202300017974;155 648 700;7;0;2;1;1;1
202300017975;155 648 695;15;0;2;3;21;1
202300017975;155 648 697;7;8;0;1;13;1
202300017976;155 648 691;10;0;0;0;20;1
202300017976;155 648 694;1;1;0;0;21;5
202300017977;155 648 689;7;0;1;3;1;1
202300017978;155 648 687;2;0;2;1;15;1
202300017978;155 648 690;7;0;2;3;1;1
202300017979;155 648 692;32;0;2;7;1;1
202300017979;155 648 693;7;0;2;7;15;1
202300017980;155 648 686;7;0;2;5;23;1
202300017980;155 648 688;30;0;2;1;1;1
202300017981;155 648 683;33;0;2;1;19;1
202300017981;155 648 685;7;0;0;6;19;1
202300017982;155 648 682;36;9;0;1;0;1
202300017983;155 648 677;7;0;2;7;15;1
202300017983;155 648 681;33;0;2;1;1;1
202300017984;155 648 678;7;0;2;1;15;0
202300017984;155 648 680;33;0;2;7;17;6
202300017985;155 648 676;15;0;1;0;0;0
202300017986;155 648 675;7;1;2;2;1;1
202300017986;155 648 679;10;1;2;8;1;1
202300017987;155 648 673;7;13;0;2;1;1
202300017988;155 648 672;7;0;2;1;26;1
202300017988;155 648 674;34;0;2;3;1;1
202300017989;155 648 668;7;0;2;1;19;1
202300017989;155 648 669;7;0;2;2;1;1
202300017990;155 648 667;7;0;2;4;23;1
202300017990;155 648 671;50;0;2;1;23;3
202300017991;155 648 664;10;0;9;0;0;0
202300017991;155 648 666;1;0;2;0;2;5
202300017992;155 648 663;7;0;2;2;2;1
202300017992;155 648 665;14;14;0;6;23;1
202300017992;155 648 670;7;0;2;1;2;1
202300017993;155 648 659;7;0;2;5;26;1
202300017993;155 648 661;7;0;2;6;26;1
202300017994;155 648 657;7;0;2;1;15;1
202300017994;155 648 660;7;0;2;2;1;1
202300017995;155 648 658;7;16;2;2;1;1
202300017995;155 648 662;7;0;2;1;16;1
202300017996;155 648 656;33;0;0;0;1;1
202300017997;155 648 653;7;13;0;3;1;1
202300017998;155 648 655;7;0;1;1;15;1
202300017999;155 648 652;7;0;2;3;10;1
202300017999;155 648 654;33;0;2;7;1;1
202300018000;155 648 651;7;0;1;1;1;1
202300018001;155 648 650;36;0;5;1;0;0
202300018002;155 648 647;33;0;2;1;1;1
202300018002;155 648 649;7;0;2;5;15;1
202300018003;155 648 645;7;0;2;1;2;1
202300018003;155 648 648;7;0;2;4;2;1
202300018004;155 648 640;7;0;2;3;17;1
202300018004;155 648 643;7;0;2;1;17;1
202300018004;155 648 644;21;0;2;6;1;1
202300018005;155 648 639;7;0;2;3;26;1
202300018005;155 648 641;31;0;2;2;1;1
202300018006;155 648 638;30;1;0;2;1;1
202300018007;155 648 637;7;0;2;8;0;1
202300018007;155 648 642;7;0;2;8;0;1
202300018007;155 648 646;7;0;2;8;13;1
202300018008;155 648 635;7;2;0;2;14;1
202300018009;155 648 634;7;0;2;3;15;1
202300018009;155 648 636;2;0;2;7;2;1
202300018010;155 648 631;7;0;1;2;0;1
202300018011;155 648 632;7;0;2;2;20;1
202300018011;155 648 633;33;0;2;8;18;1
202300018012;155 648 630;7;7;0;1;21;1
202300018013;155 648 629;7;0;1;1;1;0
202300018014;155 648 623;7;0;9;2;1;1
202300018014;155 648 626;80;0;2;4;1;3
202300018015;155 648 625;1;0;2;7;1;5
202300018015;155 648 627;7;0;2;8;9;1
202300018016;155 648 621;1;0;0;0;0;5
202300018016;155 648 624;7;0;0;0;0;5
202300018016;155 648 628;10;0;2;1;9;1
202300018017;155 648 619;7;0;2;1;2;1
202300018017;155 648 620;10;0;2;1;2;1
202300018017;155 648 622;10;0;0;0;0;0
202300018018;155 648 614;7;0;2;2;15;1
202300018018;155 648 617;33;0;2;1;1;1
202300018019;155 648 612;31;0;2;1;1;1
202300018019;155 648 616;7;0;0;0;0;1
202300018020;155 648 613;7;0;1;1;26;1
202300018021;155 648 615;7;0;2;3;1;1
202300018021;155 648 618;30;0;2;8;2;1
202300018022;155 648 611;33;17;0;1;1;1
202300018023;155 648 610;2;0;0;8;1;1
202300018024;155 648 608;7;13;0;2;2;1
202300018025;155 648 606;7;0;1;2;9;1
202300018026;155 648 607;10;0;2;2;2;1
202300018026;155 648 609;1;0;2;4;1;5
202300018027;155 648 604;13;0;2;2;13;1
202300018027;155 648 605;7;0;2;1;1;3
202300018028;155 648 601;34;0;2;1;17;0
202300018028;155 648 603;10;0;2;8;15;1
202300018029;155 648 600;2;0;2;7;1;1
202300018029;155 648 602;10;0;2;1;1;1
202300018030;155 648 599;7;0;1;2;17;1
202300018031;155 648 598;7;0;1;3;1;6
202300018032;155 648 597;10;3;0;1;2;1
202300018033;155 648 596;7;5;0;1;1;1
202300018034;155 648 595;33;3;0;8;1;0
202300018035;155 648 592;7;2;0;3;1;1
202300018036;155 648 591;7;0;9;3;9;1
202300018036;155 648 593;1;0;2;3;1;5
202300018037;155 648 590;7;0;2;1;17;1
202300018037;155 648 594;10;0;0;4;1;1
202300018038;155 648 586;50;0;2;3;1;3
202300018038;155 648 589;7;0;2;2;1;1
202300018039;155 648 584;7;0;2;3;15;1
202300018039;155 648 587;33;0;2;1;17;1
202300018040;155 648 582;7;0;9;5;26;1
202300018040;155 648 583;1;0;2;1;1;5
202300018041;155 648 579;7;6;0;1;26;0
202300018042;155 648 578;1;0;2;1;1;5
202300018042;155 648 580;7;0;2;5;1;1
202300018043;155 648 577;7;0;2;7;1;1
202300018043;155 648 581;7;0;2;1;9;1
202300018044;155 648 573;13;0;2;2;12;1
202300018044;155 648 575;7;0;2;8;1;1
202300018045;155 648 570;37;0;1;1;19;0
202300018046;155 648 569;32;0;2;4;2;1
202300018046;155 648 572;7;0;2;4;2;1
202300018046;155 648 574;7;0;2;1;2;1
202300018047;155 648 571;7;0;2;1;0;1
202300018047;155 648 576;7;0;2;1;13;1
202300018048;155 648 566;7;14;0;1;13;1
202300018049;155 648 565;33;0;0;9;1;1
202300018050;155 648 562;10;0;2;5;15;0
202300018050;155 648 563;2;0;2;1;1;0
202300018051;155 648 558;2;0;9;1;17;1
202300018051;155 648 561;37;0;9;3;1;0
202300018052;155 648 557;7;0;2;3;9;1
202300018052;155 648 559;43;0;2;1;26;1
202300018053;155 648 556;7;0;2;2;21;1
202300018053;155 648 560;1;0;2;6;1;5
202300018054;155 648 550;7;0;9;1;1;1
202300018054;155 648 554;50;0;2;7;0;3
202300018055;155 648 548;1;0;2;1;1;5
202300018055;155 648 552;10;0;2;8;13;1
202300018056;155 648 549;7;0;2;6;15;1
202300018056;155 648 553;34;0;2;1;1;1
202300018057;155 648 547;10;0;0;4;21;1
202300018057;155 648 551;2;0;2;9;21;1
202300018057;155 648 555;7;0;2;1;2;1
202300018058;155 648 544;7;2;0;1;1;1
202300018059;155 648 543;10;0;2;6;2;1
202300018059;155 648 546;33;0;2;2;2;1
202300018060;155 648 542;7;0;2;4;1;1
202300018060;155 648 545;7;0;2;1;1;1
202300018061;155 648 541;7;0;1;2;1;1
202300018062;155 648 540;7;0;0;0;1;1
202300018063;155 648 536;10;0;2;1;1;0
202300018063;155 648 538;7;0;2;1;1;1
202300018064;155 648 534;7;13;0;9;14;1
202300018065;155 648 535;10;0;0;1;1;1
202300018065;155 648 539;7;0;0;7;19;3
202300018066;155 648 533;50;0;2;1;26;3
202300018066;155 648 537;7;0;2;0;0;0
202300018067;155 648 530;2;13;0;0;1;1
202300018068;155 648 528;30;0;2;1;1;3
202300018068;155 648 531;7;0;2;3;5;1
202300018069;155 648 526;7;0;2;3;10;1
202300018069;155 648 529;31;0;2;2;1;0
202300018070;155 648 527;0;0;2;3;0;0
202300018070;155 648 532;7;0;2;3;1;1
202300018071;155 648 525;2;0;0;8;1;1
202300018072;155 648 524;7;0;1;1;1;1
202300018073;155 648 523;7;0;1;1;1;1
202300018074;155 648 521;7;13;0;3;1;1
202300018075;155 648 520;7;0;2;4;2;1
202300018075;155 648 522;7;0;2;1;1;1
202300018076;155 648 516;7;6;0;1;14;1
202300018077;155 648 513;1;0;2;0;0;5
202300018077;155 648 518;7;0;2;3;16;1
202300018078;155 648 514;7;1;2;3;1;1
202300018078;155 648 517;7;0;2;2;1;1
202300018078;155 648 519;80;1;2;7;1;3
202300018079;155 648 512;7;0;2;3;1;6
202300018079;155 648 515;7;0;2;3;13;6
202300018080;155 648 511;33;13;0;7;1;1
202300018081;155 648 508;7;2;0;1;14;1
202300018082;155 648 507;7;2;0;8;14;1
202300018083;155 648 506;34;0;2;1;18;1
202300018083;155 648 509;7;0;2;2;15;1
202300018084;155 648 505;7;0;2;2;1;2
202300018084;155 648 510;7;0;2;3;1;1
202300018085;155 648 502;7;0;0;4;23;1
202300018085;155 648 503;2;0;0;1;1;1
202300018086;155 648 499;2;5;0;7;14;6
202300018087;155 648 496;33;0;2;1;17;1
202300018087;155 648 501;10;0;2;8;15;1
202300018088;155 648 498;1;0;2;1;1;5
202300018088;155 648 500;1;0;2;1;15;5
202300018089;155 648 497;21;13;0;0;1;1
202300018090;155 648 492;1;1;0;0;0;5
202300018090;155 648 494;10;0;2;8;22;1
202300018091;155 648 491;7;0;0;6;23;1
202300018091;155 648 495;99;0;2;1;1;3
202300018092;155 648 487;15;3;0;3;0;1
202300018093;155 648 486;7;0;1;7;1;1
202300018094;155 648 489;7;0;2;1;2;1
202300018094;155 648 490;7;0;2;4;2;1
202300018095;155 648 485;33;0;2;1;1;1
202300018095;155 648 488;33;0;2;1;1;1
202300018096;155 648 484;32;13;0;0;1;1
202300018097;155 648 483;7;0;1;4;20;1
202300018098;155 648 482;33;7;0;1;1;1
202300018099;155 648 479;1;0;2;3;1;5
202300018099;155 648 481;7;0;2;7;15;1
202300018100;155 648 473;7;1;0;4;23;0
202300018100;155 648 476;10;0;0;4;23;0
202300018100;155 648 478;7;0;0;6;23;0
202300018100;155 648 480;17;11;2;1;1;6
202300018101;155 648 475;30;0;2;4;2;1
202300018101;155 648 477;7;0;2;1;2;1
202300018102;155 648 471;3;2;0;3;1;1
202300018103;155 648 469;50;0;2;3;1;3
202300018103;155 648 472;30;0;2;1;1;1
202300018104;155 648 468;7;6;0;1;17;1
202300018105;155 648 467;1;0;2;1;19;5
202300018105;155 648 470;7;0;2;3;1;1
202300018106;155 648 466;3;6;0;1;14;1
202300018107;155 648 463;33;0;2;1;0;0
202300018107;155 648 465;7;0;2;6;0;0
202300018108;155 648 462;30;12;0;8;1;1
202300018109;155 648 461;10;0;2;1;1;1
202300018109;155 648 464;50;0;2;3;1;3
202300018110;155 648 459;15;8;0;7;0;1
202300018111;155 648 455;7;0;2;1;1;1
202300018111;155 648 458;7;0;2;4;1;1
202300018112;155 648 457;7;0;0;8;1;0
202300018112;155 648 460;7;0;2;1;15;0
202300018113;155 648 454;2;0;1;2;2;3
202300018114;155 648 453;10;0;2;2;14;1
202300018114;155 648 456;17;0;0;6;1;1
202300018115;155 648 452;7;13;0;3;13;1
202300018116;155 648 449;10;0;1;4;20;1
202300018117;155 648 448;31;0;2;1;0;1
202300018117;155 648 451;7;0;2;7;15;0
202300018118;155 648 447;7;0;2;2;0;0
202300018118;155 648 450;15;0;0;5;1;1
202300018119;155 648 445;1;1;0;1;1;5
202300018119;155 648 446;7;1;9;3;24;0
202300018120;155 648 443;10;0;1;3;1;3
202300018121;155 648 442;10;0;1;1;26;1
202300018122;155 648 441;33;0;2;7;1;1
202300018122;155 648 444;7;0;2;0;0;1
202300018123;155 648 438;7;0;9;3;1;1
202300018123;155 648 440;1;0;2;4;5;5
202300018124;155 648 436;1;0;0;7;0;5
202300018124;155 648 439;7;0;2;3;9;1
202300018125;155 648 435;30;8;0;1;14;1
202300018126;155 648 437;7;0;1;3;15;1
202300018127;155 648 433;7;2;0;2;21;1
202300018128;155 648 431;7;0;2;1;1;1
202300018128;155 648 432;7;0;2;4;1;1
202300018129;155 648 429;7;0;2;1;13;0
202300018129;155 648 434;7;0;2;1;1;0
202300018130;155 648 427;50;0;2;2;1;3
202300018130;155 648 430;7;0;2;1;1;6
202300018131;155 648 426;33;0;0;0;21;1
202300018131;155 648 428;17;0;0;0;26;1
202300018132;155 648 425;2;0;0;8;14;1
202300018133;155 648 424;7;0;1;1;1;1
202300018134;155 648 421;1;0;2;6;19;5
202300018134;155 648 423;32;0;2;3;1;1
202300018135;155 648 419;10;13;2;3;1;1
202300018135;155 648 422;7;8;2;1;1;0
202300018136;155 648 417;50;0;2;7;1;3
202300018136;155 648 420;7;0;2;1;15;2
202300018137;155 648 416;50;0;1;1;2;3
202300018138;155 648 415;7;0;2;1;1;1
202300018138;155 648 418;7;0;2;2;19;1
202300018139;155 648 414;33;6;0;1;1;1
202300018140;155 648 413;50;0;0;0;0;3
202300018141;155 648 407;33;0;2;7;1;0
202300018141;155 648 410;7;0;2;3;16;1
202300018142;155 648 409;10;0;2;1;1;1
202300018142;155 648 412;1;0;2;7;19;5
202300018143;155 648 406;7;0;9;7;1;1
202300018143;155 648 411;1;0;2;8;1;5
202300018144;155 648 405;2;0;2;3;13;1
202300018144;155 648 408;10;0;2;8;1;1
202300018145;155 648 399;7;0;2;7;13;1
202300018145;155 648 403;33;0;2;8;1;1
202300018146;155 648 402;7;6;0;1;1;1
202300018147;155 648 400;7;0;2;1;2;1
202300018147;155 648 404;7;0;2;4;2;1
202300018148;155 648 398;2;0;2;0;0;0
202300018148;155 648 401;7;0;2;7;15;1
202300018149;155 648 396;33;0;6;1;1;1
202300018150;155 648 393;1;0;2;7;15;5
202300018150;155 648 397;7;0;9;1;19;0
202300018151;155 648 392;30;;2;;0;
202300018151;155 648 395;60;0;2;0;1;5
202300018152;155 648 394;31;0;1;1;1;1
202300018153;155 648 390;7;0;2;1;5;1
202300018153;155 648 391;10;0;2;3;1;1
202300018154;155 648 388;10;0;9;0;26;0
202300018155;155 648 386;2;0;2;8;19;1
202300018155;155 648 389;7;0;2;1;1;1
202300018156;155 648 385;7;0;2;3;2;1
202300018156;155 648 387;1;0;2;7;2;5
202300018157;155 648 384;7;6;0;9;1;1
202300018158;155 648 382;33;5;0;1;1;1
202300018159;155 648 381;7;0;2;1;1;1
202300018159;155 648 383;3;0;2;2;15;1
202300018160;155 648 378;7;0;2;3;19;3
202300018160;155 648 380;7;0;2;1;13;1
202300018161;155 648 377;7;0;2;3;17;1
202300018161;155 648 379;7;0;2;3;6;1
202300018162;155 648 376;50;0;1;0;1;3
202300018163;155 648 372;2;0;2;3;13;1
202300018163;155 648 373;7;0;2;3;17;1
202300018164;155 648 371;7;0;2;1;1;1
202300018164;155 648 374;7;0;2;4;23;1
202300018165;155 648 368;7;2;0;1;1;1
202300018166;155 648 366;2;13;0;1;1;1
202300018167;155 648 367;1;0;2;1;1;5
202300018167;155 648 369;7;0;2;7;22;1
202300018168;155 648 365;7;8;0;7;13;1
202300018169;155 648 363;7;9;0;1;1;1
202300018170;155 648 361;50;0;1;2;21;3
202300018171;155 648 359;33;15;0;8;1;1
202300018172;155 648 357;7;0;2;6;1;1
202300018172;155 648 360;7;0;2;3;1;1
202300018173;155 648 356;7;0;2;1;1;1
202300018173;155 648 358;33;0;2;4;15;1
202300018174;155 648 354;50;0;0;2;17;3
202300018174;155 648 355;10;1;0;8;22;0
202300018175;155 648 352;33;12;0;0;1;0
202300018176;155 648 350;7;0;2;1;1;1
202300018176;155 648 353;7;0;2;4;0;1
202300018177;155 648 349;33;0;2;3;1;1
202300018177;155 648 351;7;0;2;5;12;1
202300018178;155 648 347;1;0;2;7;17;5
202300018178;155 648 348;10;0;2;3;15;0
202300018179;155 648 342;30;0;2;1;19;1
202300018179;155 648 345;7;0;2;7;26;1
202300018180;155 648 344;16;1;0;2;1;1
202300018180;155 648 346;7;4;0;4;1;1
202300018181;155 648 338;7;0;2;1;2;1
202300018181;155 648 341;7;0;2;5;2;1
202300018181;155 648 343;7;0;2;6;2;1
202300018182;155 648 339;7;0;2;8;13;1
202300018182;155 648 340;2;0;2;7;3;1
202300018183;155 648 336;7;0;2;4;23;1
202300018183;155 648 337;1;0;2;1;1;5
202300018184;155 648 333;7;1;;1;26;1
202300018185;155 648 332;15;0;2;2;12;1
202300018185;155 648 335;7;0;2;6;1;1
202300018186;155 648 330;7;0;2;1;11;1
202300018186;155 648 334;7;0;0;4;1;1
202300018187;155 648 329;33;0;2;1;2;1
202300018187;155 648 331;13;0;0;6;2;1
202300018188;155 648 328;7;0;1;1;1;0
202300018189;155 648 327;7;6;0;3;2;1
202300018190;155 648 326;10;3;0;3;1;1
202300018191;155 648 324;10;13;0;9;0;1
202300018192;155 648 323;7;0;1;0;0;0
202300018193;155 648 325;1;6;0;1;1;5
202300018194;155 648 322;7;13;0;1;2;1
202300018195;155 648 318;7;0;2;8;11;1
202300018195;155 648 321;7;0;2;2;1;1
202300018196;155 648 319;33;0;2;7;7;1
202300018196;155 648 320;7;0;2;3;15;1
202300018197;155 648 314;10;0;2;0;0;1
202300018197;155 648 317;1;0;2;1;1;5
202300018198;155 648 315;15;0;2;3;2;1
202300018198;155 648 316;7;0;0;4;2;1
202300018199;155 648 310;7;0;1;2;21;1
202300018200;155 648 311;7;13;0;9;1;1
202300018201;155 648 309;34;0;2;1;1;1
202300018201;155 648 313;7;0;2;8;10;1
202300018202;155 648 308;7;0;2;1;1;1
202300018202;155 648 312;7;0;2;7;1;1
202300018203;155 648 307;7;1;1;7;0;1
202300018204;155 648 304;7;0;2;0;1;0
202300018204;155 648 306;7;0;2;3;1;0
202300018205;155 648 303;30;0;0;8;26;1
202300018206;155 648 300;33;13;2;1;0;1
202300018206;155 648 302;7;0;2;8;1;1
202300018207;155 648 297;10;0;2;0;0;0
202300018207;155 648 299;7;0;2;0;0;1
202300018207;155 648 301;7;0;2;0;0;3
202300018207;155 648 305;7;0;2;0;0;1
202300018208;155 648 298;10;0;1;3;15;1
202300018209;155 648 295;7;0;2;1;2;1
202300018209;155 648 296;7;0;9;4;23;1
202300018210;155 648 292;1;0;1;9;1;5
202300018211;155 648 291;37;0;2;1;1;0
202300018211;155 648 293;31;0;2;0;0;0
202300018212;155 648 288;7;0;2;3;13;3
202300018212;155 648 290;7;0;2;3;1;3
202300018213;155 648 286;7;0;1;2;15;1
202300018214;155 648 287;33;0;9;1;2;1
202300018214;155 648 289;1;0;0;8;2;5
202300018215;155 648 285;7;0;1;1;16;1
202300018216;155 648 283;7;0;2;1;24;1
202300018216;155 648 284;7;1;0;1;5;1
202300018217;155 648 281;7;1;0;1;1;1
202300018218;155 648 280;1;0;2;1;2;5
202300018218;155 648 282;7;1;2;5;2;1
202300018219;155 648 278;7;0;9;2;15;1
202300018219;155 648 279;1;0;2;0;0;5
202300018220;155 648 277;7;0;1;0;1;0
202300018221;155 648 276;7;2;0;1;1;1
202300018222;155 648 272;7;0;9;6;1;1
202300018222;155 648 275;50;0;2;2;2;3
202300018223;155 648 270;7;0;2;1;1;1
202300018223;155 648 273;10;0;2;3;13;1
202300018224;155 648 269;34;0;2;3;17;1
202300018224;155 648 271;7;0;2;5;1;1
202300018225;155 648 265;7;0;2;2;1;1
202300018225;155 648 268;7;0;2;1;1;1
202300018226;155 648 263;30;0;0;8;1;1
202300018227;155 648 261;7;0;2;4;2;1
202300018227;155 648 262;7;0;2;1;2;1
202300018227;155 648 266;7;0;2;4;2;1
202300018228;155 648 257;10;0;9;2;16;1
202300018228;155 648 259;1;0;2;1;1;5
202300018229;155 648 255;7;0;2;3;15;1
202300018229;155 648 260;30;0;2;3;1;1
202300018230;155 648 253;33;0;2;1;3;1
202300018230;155 648 256;7;0;2;8;17;0
202300018230;155 648 258;7;0;2;4;1;1
202300018231;155 648 251;7;9;2;8;16;1
202300018231;155 648 254;7;0;0;3;23;1
202300018232;155 648 250;7;1;0;2;2;1
202300018233;155 648 247;7;0;2;7;15;1
202300018233;155 648 249;31;0;2;1;0;1
202300018234;155 648 248;1;0;2;7;26;5
202300018234;155 648 252;7;0;2;3;0;1
202300018235;155 648 244;80;0;2;4;2;3
202300018235;155 648 246;7;0;2;4;1;1
202300018236;155 648 242;50;0;2;4;1;3
202300018236;155 648 245;7;0;2;1;1;1
202300018237;155 648 243;10;13;0;9;13;1
202300018238;155 648 239;34;0;2;7;0;1
202300018238;155 648 240;7;0;2;8;15;1
202300018239;155 648 238;7;0;2;3;13;1
202300018239;155 648 241;7;0;2;3;1;1
202300018240;155 648 236;10;0;1;2;1;3
202300018241;155 648 235;42;0;2;2;3;1
202300018241;155 648 237;7;0;2;6;11;1
202300018242;155 648 231;7;0;2;3;15;1
202300018242;155 648 234;1;0;2;0;0;5
202300018243;155 648 232;16;13;0;7;1;1
202300018244;155 648 230;31;0;2;1;17;1
202300018244;155 648 233;7;0;2;3;15;1
202300018245;155 648 228;33;15;0;7;1;1
202300018246;155 648 227;30;0;0;2;1;1
202300018247;155 648 226;7;1;2;1;1;2
202300018247;155 648 229;7;1;2;8;1;1
202300018248;155 648 225;7;6;0;2;14;1
202300018249;155 648 223;33;0;2;3;1;1
202300018249;155 648 224;7;0;2;2;0;1
202300018250;155 648 222;7;8;0;2;1;0
202300018251;155 648 221;33;12;0;7;2;1
202300018252;155 648 219;7;0;2;7;17;1
202300018252;155 648 220;1;0;2;8;1;5
202300018253;155 648 218;7;0;1;1;1;1
202300018254;155 648 213;7;0;2;4;0;0
202300018254;155 648 215;7;0;2;4;2;1
202300018254;155 648 217;7;0;2;1;2;1
202300018255;155 648 211;7;0;1;3;1;1
202300018256;155 648 209;10;1;0;2;21;1