Num_Acc;id_vehicule;categorie_vehicule;obstacle_fixe;obstacle_mobile;point_choc_initial;manoeuvre_principale;motorisation
202300018256;155 648 210;7;0;2;6;23;1
202300018257;155 648 208;7;0;1;1;1;1
202300018258;155 648 205;2;2;0;2;1;1
202300018259;155 648 204;7;14;2;1;16;1
202300018259;155 648 207;10;0;2;7;15;1
202300018260;155 648 203;7;0;2;3;1;1
202300018260;155 648 206;50;0;2;7;1;3
202300018261;155 648 199;7;0;2;2;1;1
202300018261;155 648 200;1;0;2;4;25;5
202300018262;155 648 198;60;0;0;0;0;5
202300018262;155 648 201;3;0;9;2;0;0
202300018263;155 648 197;1;0;2;1;1;5
202300018264;155 648 195;7;0;0;0;1;1
202300018265;155 648 194;7;0;2;5;1;1
202300018265;155 648 196;33;0;2;3;18;1
202300018266;155 648 193;1;0;0;0;16;5
202300018267;155 648 191;7;3;0;1;1;1
202300018268;155 648 189;7;0;2;5;13;1
202300018268;155 648 192;7;0;2;1;1;1
202300018269;155 648 188;60;0;2;2;19;5
202300018269;155 648 190;7;0;9;5;1;1
202300018270;155 648 187;7;0;2;8;1;1
202300018271;155 648 185;7;0;0;9;1;1
202300018272;155 648 184;7;0;1;2;1;1
202300018273;155 648 179;1;0;2;1;25;5
202300018273;155 648 181;7;0;2;2;26;3
202300018274;155 648 177;7;0;2;4;2;1
202300018274;155 648 182;7;0;2;1;2;1
202300018275;155 648 178;7;0;2;5;12;1
202300018275;155 648 180;33;0;2;0;0;1
202300018276;155 648 175;7;4;0;8;2;1
202300018277;155 648 174;7;2;0;0;0;1
202300018278;155 648 173;30;0;2;5;1;1
202300018278;155 648 176;30;0;2;1;1;1
202300018279;155 648 170;7;0;2;5;15;1
202300018279;155 648 171;2;0;2;1;1;1
202300018280;155 648 167;7;0;0;6;23;2
202300018280;155 648 169;7;1;0;7;0;1
202300018280;155 648 172;7;1;0;2;0;1
202300018281;155 648 166;7;0;2;4;23;1
202300018281;155 648 168;7;0;2;1;1;1
202300018282;155 648 162;50;0;0;0;1;3
202300018283;155 648 161;7;0;2;4;1;1
202300018283;155 648 164;7;0;2;1;1;1
202300018283;155 648 165;7;0;2;4;1;1
202300018284;155 648 160;7;0;2;1;11;1
202300018284;155 648 163;10;0;2;4;1;1
202300018285;155 648 158;7;0;1;1;1;1
202300018286;155 648 157;7;0;2;1;1;1
202300018286;155 648 159;7;0;2;2;17;1
202300018287;155 648 155;7;0;2;1;2;1
202300018287;155 648 156;7;0;2;4;2;1
202300018288;155 648 154;7;0;1;1;2;1
202300018289;155 648 150;7;8;0;1;1;1
202300018290;155 648 151;33;0;2;1;2;1
202300018290;155 648 153;7;0;2;6;15;1
202300018291;155 648 149;7;0;2;1;1;1
202300018291;155 648 152;15;0;2;4;1;1
202300018292;155 648 146;7;0;2;1;15;1
202300018292;155 648 148;33;0;2;1;1;1
202300018293;155 648 145;7;4;0;1;1;1
202300018294;155 648 144;7;0;2;3;9;1
202300018294;155 648 147;7;0;2;1;1;1
202300018295;155 648 142;7;3;0;9;1;1
202300018296;155 648 141;10;0;2;1;2;1
202300018296;155 648 143;7;0;2;4;1;1
202300018297;155 648 140;7;0;1;2;1;0
202300018298;155 648 138;10;0;1;1;11;1
202300018299;155 648 137;7;0;2;1;0;1
202300018299;155 648 139;7;0;2;4;2;1
202300018300;155 648 135;7;0;2;1;1;1
202300018300;155 648 136;1;0;2;7;19;5
202300018301;155 648 132;39;0;2;3;1;3
202300018301;155 648 134;7;0;4;6;23;1
202300018302;155 648 131;31;0;2;5;0;1
202300018302;155 648 133;7;0;2;3;0;1
202300018303;155 648 127;33;0;2;3;21;1
202300018303;155 648 129;7;0;2;5;2;1
202300018304;155 648 125;33;0;0;8;1;1
202300018305;155 648 126;7;0;2;1;2;1
202300018305;155 648 128;10;0;2;4;1;1
202300018306;155 648 122;2;0;1;1;17;1
202300018307;155 648 120;7;0;2;5;1;1
202300018307;155 648 124;7;0;2;1;9;1
202300018308;155 648 117;33;7;0;1;1;1
202300018309;155 648 115;7;0;2;1;1;1
202300018309;155 648 116;7;0;2;4;1;1
202300018309;155 648 118;7;0;2;4;1;1
202300018309;155 648 119;7;0;2;4;1;2
202300018309;155 648 121;7;0;2;4;1;1
202300018309;155 648 123;7;0;2;4;1;1
202300018310;155 648 111;2;0;0;0;16;1
202300018310;155 648 114;0;0;0;3;0;0
202300018311;155 648 108;7;6;2;3;15;1
202300018311;155 648 110;1;6;2;1;1;5
202300018312;155 648 107;7;0;2;1;21;2
202300018312;155 648 109;7;0;2;1;21;1
202300018313;155 648 106;7;13;0;2;26;1
202300018314;155 648 105;33;13;0;0;1;1
202300018315;155 648 103;33;0;9;1;1;1
202300018315;155 648 104;50;0;2;2;6;3
202300018316;155 648 102;7;16;0;8;0;1
202300018317;155 648 099;7;0;1;5;16;2
202300018318;155 648 098;33;0;2;0;0;1
202300018318;155 648 101;7;0;2;2;19;0
202300018319;155 648 097;7;0;2;1;13;0
202300018319;155 648 100;10;0;2;1;1;1
202300018320;155 648 094;7;6;0;3;1;1
202300018321;155 648 092;2;12;0;1;13;6
202300018322;155 648 091;7;0;2;1;2;1
202300018322;155 648 095;7;0;2;6;23;3
202300018323;155 648 090;7;0;2;3;19;1
202300018323;155 648 093;7;0;2;1;1;1
202300018324;155 648 088;2;0;0;7;1;1
202300018325;155 648 086;7;0;2;7;1;1
202300018325;155 648 089;50;0;2;8;1;3
202300018326;155 648 085;33;0;2;2;18;1
202300018326;155 648 087;7;0;2;2;19;1
202300018327;155 648 082;1;0;1;0;1;6
202300018328;155 648 081;7;0;2;3;15;1
202300018328;155 648 083;31;0;2;1;17;1
202300018329;155 648 080;7;0;2;5;1;1
202300018329;155 648 084;1;0;2;1;1;5
202300018330;155 648 079;7;0;1;6;15;1
202300018331;155 648 077;7;0;1;1;1;1
202300018332;155 648 076;7;0;2;7;15;1
202300018332;155 648 078;7;0;2;1;1;1
202300018333;155 648 073;7;0;2;7;16;1
202300018333;155 648 075;32;0;2;8;18;1
202300018334;155 648 072;50;0;2;1;5;3
202300018334;155 648 074;7;0;9;1;1;0
202300018335;155 648 071;7;0;1;8;16;1
202300018336;155 648 070;39;0;1;2;1;3
202300018337;155 648 067;7;0;2;1;5;1
202300018337;155 648 069;21;0;2;3;1;1
202300018338;155 648 065;33;0;2;1;5;1
202300018338;155 648 066;7;0;2;6;20;1
202300018339;155 648 064;7;0;2;6;9;1
202300018339;155 648 068;33;0;2;1;15;1
202300018340;155 648 061;33;0;2;8;7;1
202300018340;155 648 063;7;0;2;1;26;1
202300018341;155 648 060;32;0;2;6;1;1
202300018341;155 648 062;7;0;2;1;1;1
202300018342;155 648 059;14;0;1;0;15;0
202300018343;155 648 054;7;0;2;3;20;1
202300018343;155 648 058;33;0;2;7;1;1
202300018344;155 648 056;50;0;2;1;26;3
202300018344;155 648 057;7;0;2;1;1;1
202300018345;155 648 053;33;0;2;1;13;1
202300018345;155 648 055;7;0;2;0;1;1
202300018346;155 648 050;7;0;2;3;20;1
202300018346;155 648 052;33;0;2;1;1;1
202300018347;155 648 049;7;15;2;6;24;1
202300018347;155 648 051;38;1;0;2;14;1
202300018348;155 648 046;50;0;2;1;25;3
202300018348;155 648 048;7;0;2;3;1;1
202300018349;155 648 043;33;0;2;1;1;1
202300018349;155 648 044;7;0;2;3;9;1
202300018350;155 648 040;7;0;2;3;10;1
202300018350;155 648 042;1;0;2;7;1;5
202300018351;155 648 039;37;0;2;8;1;1
202300018351;155 648 041;50;0;2;1;1;3
202300018352;155 648 037;2;12;0;1;1;1
202300018353;155 648 035;7;14;0;1;1;1
202300018354;155 648 036;7;0;0;3;16;1
202300018354;155 648 038;7;0;0;2;1;1
202300018355;155 648 034;7;0;1;1;1;1
202300018356;155 648 030;2;0;2;1;1;1
202300018356;155 648 032;7;0;2;4;15;1
202300018357;155 648 028;32;0;2;1;3;1
202300018357;155 648 029;7;0;2;2;15;1
202300018358;155 648 026;7;0;1;3;1;1
202300018359;155 648 025;7;0;0;6;1;1
202300018359;155 648 027;7;0;2;1;2;1
202300018360;155 648 023;7;0;2;2;2;1
202300018360;155 648 024;7;0;2;6;1;1
202300018361;155 648 021;37;0;1;1;16;1
202300018362;155 648 020;15;0;0;6;2;1
202300018362;155 648 022;36;0;2;2;2;1
202300018363;155 648 018;7;9;0;2;21;1
202300018364;155 648 016;10;0;2;2;17;1
202300018364;155 648 019;50;0;2;4;2;3
202300018365;155 648 014;7;6;0;1;1;1
202300018366;155 648 009;17;0;2;1;2;1
202300018366;155 648 011;7;0;0;5;2;1
202300018366;155 648 012;7;0;0;4;2;1
202300018366;155 648 015;7;0;0;4;2;1
202300018366;155 648 017;7;0;0;5;1;1
202300018367;155 648 010;7;0;2;1;2;1
202300018367;155 648 013;7;0;2;4;2;1
202300018368;155 648 007;2;0;2;4;15;1
202300018368;155 648 008;7;0;2;1;16;1
202300018369;155 648 006;7;3;0;1;14;1
202300018370;155 648 005;7;0;1;3;1;0
202300018371;155 648 003;7;2;0;1;11;1
202300018372;155 648 002;1;0;0;4;1;5
202300018372;155 648 004;7;0;2;1;1;0
202300018373;155 648 001;7;0;1;1;1;1
202300018374;155 648 000;7;13;0;7;1;1
202300018375;155 647 997;15;0;2;3;1;1
202300018375;155 647 998;7;0;2;3;1;1
202300018376;155 647 996;7;0;2;2;2;1
202300018376;155 647 999;33;0;2;6;2;1
202300018377;155 647 994;2;0;2;8;15;1
202300018377;155 647 995;7;0;2;1;1;1
202300018378;155 647 993;7;0;1;2;2;2
202300018379;155 647 991;1;0;2;1;1;5
202300018379;155 647 992;10;0;2;2;15;1
202300018380;155 647 989;7;0;1;1;1;1
202300018381;155 647 988;7;0;1;3;1;1
202300018382;155 647 986;37;0;2;2;1;1
202300018382;155 647 990;7;0;2;3;16;1
202300018383;155 647 985;37;0;2;3;1;1
202300018383;155 647 987;7;0;2;3;13;1
202300018384;155 647 983;7;2;2;8;13;1
202300018384;155 647 984;7;0;2;7;1;6
202300018385;155 647 981;7;0;1;2;1;1
202300018386;155 647 982;7;2;0;1;2;1
202300018387;155 647 980;1;14;0;0;1;5
202300018388;155 647 976;7;0;2;5;16;1
202300018388;155 647 979;1;0;2;5;1;5
202300018389;155 647 977;50;0;9;8;15;3
202300018389;155 647 978;7;0;9;2;1;1
202300018390;155 647 974;7;3;2;1;1;1
202300018390;155 647 975;7;3;2;4;23;1
202300018391;155 647 972;7;0;1;1;1;1
202300018392;155 647 971;33;0;2;2;17;1
202300018392;155 647 973;10;0;2;3;9;1
202300018393;155 647 966;7;0;2;3;2;1
202300018393;155 647 968;7;0;2;3;2;1
202300018394;155 647 965;7;0;2;3;9;1
202300018394;155 647 970;7;0;2;2;1;1
202300018395;155 647 967;7;0;2;1;17;1
202300018395;155 647 969;1;0;2;8;15;5
202300018396;155 647 962;21;0;2;3;13;1
202300018396;155 647 964;33;0;2;1;1;1
202300018397;155 647 960;7;0;2;1;19;1
202300018397;155 647 963;7;0;2;6;23;1
202300018398;155 647 959;15;0;2;0;16;1
202300018398;155 647 961;1;0;2;1;1;5
202300018399;155 647 956;7;0;2;8;2;1
202300018399;155 647 958;33;0;2;7;17;1
202300018400;155 647 955;7;0;2;2;15;1
202300018400;155 647 957;1;0;2;1;1;5
202300018401;155 647 953;3;0;9;1;16;3
202300018401;155 647 954;1;0;2;7;1;5
202300018402;155 647 950;7;0;2;3;13;1
202300018402;155 647 952;7;0;2;3;1;1
202300018403;155 647 948;31;0;2;1;1;6
202300018403;155 647 951;7;0;2;5;15;1
202300018404;155 647 947;7;0;2;2;15;1
202300018404;155 647 949;1;0;2;1;1;5
202300018405;155 647 946;7;4;0;1;1;1
202300018406;155 647 944;7;0;2;2;15;2
202300018406;155 647 945;33;0;2;3;1;1
202300018407;155 647 943;30;0;1;1;16;1
202300018408;155 647 942;7;0;1;2;1;0
202300018409;155 647 941;7;0;0;1;1;1
202300018410;155 647 939;7;9;0;1;15;1
202300018411;155 647 937;7;0;2;6;2;1
202300018411;155 647 938;7;0;2;1;1;1
202300018411;155 647 940;7;0;2;1;2;1
202300018412;155 647 936;31;15;0;1;15;1
202300018413;155 647 935;7;0;1;3;1;1
202300018414;155 647 931;33;0;2;1;2;1
202300018414;155 647 934;1;0;2;4;11;5
202300018415;155 647 929;7;0;2;7;12;1
202300018415;155 647 933;7;0;2;3;1;1
202300018416;155 647 930;50;0;2;1;1;3
202300018416;155 647 932;7;0;2;2;15;1
202300018417;155 647 927;7;0;1;2;1;1
202300018418;155 647 925;7;0;2;8;13;1
202300018418;155 647 928;15;0;2;2;1;1
202300018419;155 647 923;7;0;2;1;1;1
202300018419;155 647 924;7;0;2;1;1;1
202300018419;155 647 926;7;0;2;4;23;1
202300018420;155 647 920;50;0;2;1;25;3
202300018420;155 647 922;7;0;2;2;9;1
202300018421;155 647 918;7;0;2;5;12;0
202300018421;155 647 921;33;0;2;1;1;1
202300018422;155 647 917;7;0;2;1;16;1
202300018422;155 647 919;1;0;2;3;1;5
202300018423;155 647 915;7;0;2;1;2;1
202300018423;155 647 916;7;0;2;4;2;1
202300018424;155 647 913;7;0;1;1;1;1
202300018425;155 647 908;1;0;2;1;19;5
202300018425;155 647 911;7;0;9;3;19;1
202300018426;155 647 906;7;4;2;8;2;1
202300018426;155 647 907;7;4;2;6;0;3
202300018426;155 647 910;17;4;2;1;2;1
202300018426;155 647 912;7;4;2;9;2;1
202300018426;155 647 914;7;4;2;4;2;1
202300018427;155 647 905;1;0;2;3;1;5
202300018427;155 647 909;7;0;2;2;16;1
202300018428;155 647 902;7;5;2;5;1;1
202300018428;155 647 904;10;0;2;3;1;1
202300018429;155 647 900;33;0;2;1;3;1
202300018429;155 647 903;7;0;2;5;1;1
202300018430;155 647 899;31;0;2;8;23;1
202300018430;155 647 901;37;0;2;2;15;1
202300018431;155 647 897;7;0;0;1;1;0
202300018432;155 647 894;7;0;2;1;1;1
202300018432;155 647 896;7;0;2;0;0;1
202300018432;155 647 898;7;0;2;0;0;1
202300018433;155 647 891;7;0;2;1;2;0
202300018433;155 647 893;7;0;2;0;0;1
202300018434;155 647 888;10;0;2;3;11;1
202300018434;155 647 890;42;0;2;2;26;1
202300018435;155 647 887;7;2;0;8;14;1
202300018436;155 647 886;7;0;2;3;0;1
202300018436;155 647 889;7;0;2;2;1;1
202300018437;155 647 880;7;0;2;4;2;1
202300018437;155 647 883;7;0;2;1;2;1
202300018438;155 647 882;50;0;2;7;15;3
202300018438;155 647 885;7;0;2;1;1;1
202300018439;155 647 881;7;4;2;1;1;1
202300018439;155 647 884;7;4;2;5;1;1
202300018440;155 647 878;7;13;0;1;17;1
202300018441;155 647 879;33;1;0;1;19;1
202300018442;155 647 875;10;0;2;3;2;1
202300018442;155 647 876;7;0;2;4;2;1
202300018442;155 647 877;7;0;2;6;2;1
202300018443;155 647 872;50;0;2;1;25;3
202300018443;155 647 873;7;0;2;7;16;1
202300018444;155 647 871;50;0;2;1;9;3
202300018444;155 647 874;21;0;2;6;9;4
202300018445;155 647 870;7;7;0;2;14;1
202300018446;155 647 869;10;0;0;0;0;1
202300018447;155 647 867;7;0;1;4;20;1
202300018448;155 647 866;7;4;0;2;1;1
202300018449;155 647 863;10;1;0;6;20;1
202300018449;155 647 865;10;0;2;2;2;1
202300018450;155 647 862;7;0;2;3;21;1
202300018450;155 647 864;34;0;2;3;1;1
202300018451;155 647 860;7;0;2;1;1;1
202300018451;155 647 861;7;0;2;4;1;1
202300018452;155 647 856;7;0;2;7;1;1
202300018452;155 647 859;10;0;2;3;1;0
202300018453;155 647 857;80;0;2;4;11;3
202300018453;155 647 858;31;0;2;7;13;3
202300018454;155 647 855;7;0;1;3;1;2
202300018455;155 647 852;7;0;1;1;16;1
202300018456;155 647 853;33;0;2;1;1;1
202300018456;155 647 854;7;0;2;6;15;1
202300018457;155 647 850;50;0;2;8;2;3
202300018457;155 647 851;15;0;2;7;2;1
202300018458;155 647 847;10;0;2;3;24;1
202300018458;155 647 849;50;1;2;1;1;3
202300018459;155 647 846;1;0;2;1;19;5
202300018459;155 647 848;7;0;9;5;0;1
202300018460;155 647 845;40;0;1;7;1;3
202300018461;155 647 844;7;0;1;1;1;1
202300018462;155 647 841;1;0;2;7;1;5
202300018462;155 647 843;7;0;2;3;16;2
202300018463;155 647 840;2;0;2;1;13;3
202300018463;155 647 842;10;0;2;5;1;1
202300018464;155 647 839;7;0;0;7;15;1
202300018465;155 647 838;7;0;1;1;9;1
202300018466;155 647 837;10;0;1;2;16;1
202300018467;155 647 834;7;0;2;1;19;1
202300018467;155 647 836;7;0;2;1;0;1
202300018468;155 647 833;7;0;0;0;0;1
202300018468;155 647 835;50;0;0;0;0;3
202300018469;155 647 830;1;0;0;1;1;5
202300018470;155 647 831;7;0;2;5;22;1
202300018470;155 647 832;1;0;2;1;18;5
202300018471;155 647 828;7;1;0;2;1;1
202300018472;155 647 827;7;0;0;4;0;1
202300018472;155 647 829;10;0;2;1;26;1
202300018473;155 647 824;7;0;2;3;10;1
202300018473;155 647 825;32;0;2;2;17;1
202300018474;155 647 821;32;0;0;1;1;1
202300018474;155 647 823;7;0;2;3;9;1
202300018475;155 647 822;7;0;1;1;1;1
202300018476;155 647 817;80;0;2;2;9;3
202300018476;155 647 820;7;0;2;1;1;1
202300018477;155 647 818;1;0;2;2;14;5
202300018477;155 647 819;10;0;2;3;1;1
202300018478;155 647 815;7;0;1;2;16;1
202300018479;155 647 813;7;0;1;1;1;1
202300018480;155 647 811;7;0;1;2;1;1
202300018481;155 647 809;7;3;2;8;11;1
202300018481;155 647 812;7;0;2;2;0;1
202300018482;155 647 808;7;6;0;1;26;1
202300018483;155 647 804;10;0;2;6;9;1
202300018483;155 647 807;33;0;2;1;17;1
202300018484;155 647 803;32;0;2;0;17;0
202300018484;155 647 805;7;2;2;6;15;1
202300018485;155 647 802;1;0;2;4;19;5
202300018485;155 647 806;33;0;2;1;1;1
202300018486;155 647 799;7;0;0;9;26;1
202300018487;155 647 798;7;0;2;8;1;1
202300018487;155 647 801;7;0;2;1;1;1
202300018488;155 647 796;37;0;2;1;1;1
202300018488;155 647 800;7;0;2;3;19;1
202300018489;155 647 797;1;0;0;1;21;5
202300018490;155 647 793;33;5;0;1;16;1
202300018491;155 647 791;7;14;0;8;26;1
202300018491;155 647 795;7;0;2;8;23;1
202300018492;155 647 790;1;0;2;3;9;5
202300018492;155 647 792;33;0;2;3;1;1
202300018493;155 647 789;10;0;2;3;9;1
202300018493;155 647 794;50;0;2;1;9;3
202300018494;155 647 786;30;0;2;1;1;1
202300018494;155 647 788;7;0;2;8;10;1
202300018495;155 647 785;7;0;2;1;1;1
202300018495;155 647 787;1;0;2;1;1;5
202300018496;155 647 784;7;0;1;1;1;3
202300018497;155 647 781;43;0;1;1;2;1
202300018498;155 647 782;7;0;2;2;15;1
202300018498;155 647 783;7;0;2;1;1;1
202300018499;155 647 779;7;0;1;1;1;1
202300018500;155 647 778;50;0;0;0;19;3
202300018500;155 647 780;7;8;0;1;21;1
202300018501;155 647 775;2;0;0;0;1;1
202300018502;155 647 773;31;0;2;7;1;1
202300018502;155 647 777;7;0;2;3;1;2
202300018503;155 647 772;7;0;2;1;1;1
202300018503;155 647 774;7;9;2;5;15;1
202300018504;155 647 771;2;0;2;7;0;1
202300018504;155 647 776;7;0;2;2;15;1
202300018505;155 647 770;30;14;0;1;1;1
202300018506;155 647 768;7;0;0;6;11;1
202300018506;155 647 769;30;0;2;0;3;1
202300018507;155 647 767;41;0;1;1;16;1
202300018508;155 647 764;7;0;2;2;17;1
202300018508;155 647 766;2;0;2;6;1;1
202300018509;155 647 763;7;0;2;0;1;1
202300018509;155 647 765;32;0;2;0;0;1
202300018510;155 647 759;7;0;1;3;1;1
202300018511;155 647 762;7;0;1;8;1;1
202300018512;155 647 760;7;0;1;1;15;1
202300018513;155 647 758;7;0;2;3;22;1
202300018513;155 647 761;1;1;0;1;1;5
202300018514;155 647 756;7;0;2;1;2;1
202300018514;155 647 757;7;0;2;4;2;1
202300018515;155 647 755;1;0;0;0;1;5
202300018516;155 647 752;7;0;2;5;1;0
202300018516;155 647 754;7;0;2;3;1;0
202300018517;155 647 750;7;0;2;1;1;1
202300018517;155 647 753;7;0;2;4;1;1
202300018518;155 647 749;7;1;0;2;0;1
202300018519;155 647 748;1;0;2;7;1;5
202300018519;155 647 751;7;0;2;3;9;1
202300018520;155 647 743;7;0;1;1;2;0
202300018521;155 647 741;7;0;2;6;15;1
202300018521;155 647 747;2;0;2;1;1;1
202300018522;155 647 740;7;0;2;3;10;1
202300018522;155 647 744;32;0;2;1;2;1
202300018523;155 647 739;7;0;2;8;11;1
202300018523;155 647 746;7;8;2;7;1;1
202300018524;155 647 738;32;0;2;9;21;1
202300018524;155 647 742;7;0;2;4;21;2
202300018524;155 647 745;15;0;2;4;1;1
202300018525;155 647 734;37;0;2;0;1;2
202300018526;155 647 736;2;0;0;7;16;3
202300018527;155 647 735;7;0;1;1;1;1
202300018528;155 647 733;33;0;2;3;1;1
202300018528;155 647 737;7;0;2;2;14;1
202300018529;155 647 731;7;2;0;1;14;1
202300018530;155 647 727;7;0;2;7;12;2
202300018530;155 647 732;33;0;2;8;1;1
202300018531;155 647 728;33;0;1;1;3;1
202300018532;155 647 726;7;0;2;2;16;1
202300018532;155 647 730;50;0;2;1;18;3
202300018533;155 647 723;13;12;0;8;24;1
202300018533;155 647 725;50;1;0;1;21;3
202300018533;155 647 729;7;0;2;2;1;1
202300018534;155 647 722;33;0;2;8;1;0
202300018534;155 647 724;7;0;2;2;15;0
202300018535;155 647 718;31;8;0;1;1;1
202300018536;155 647 720;7;0;1;1;26;0
202300018537;155 647 719;7;0;2;2;12;1
202300018537;155 647 721;33;0;2;0;0;1
202300018538;155 647 716;34;0;1;1;0;0
202300018539;155 647 715;31;6;0;1;13;1
202300018540;155 647 714;33;0;2;3;1;1
202300018540;155 647 717;7;0;2;3;15;1
202300018541;155 647 711;7;0;2;1;5;1
202300018541;155 647 713;7;0;2;1;1;1
202300018542;155 647 709;7;0;1;1;16;1
202300018543;155 647 708;7;0;2;1;0;2
202300018543;155 647 712;43;0;2;8;0;1
202300018544;155 647 706;10;0;2;2;12;1
202300018544;155 647 710;7;0;2;3;1;0
202300018545;155 647 704;33;0;2;1;1;0
202300018545;155 647 707;7;0;2;3;10;1
202300018546;155 647 703;7;6;0;1;14;1
202300018547;155 647 702;7;0;2;1;9;1
202300018547;155 647 705;43;0;2;1;1;1
202300018548;155 647 701;7;0;1;1;16;1
202300018549;155 647 696;30;0;2;1;2;1
202300018549;155 647 699;7;0;2;4;1;1
202300018550;155 647 698;7;0;2;1;2;1
202300018550;155 647 700;10;0;2;4;2;1
202300018551;155 647 694;50;0;1;1;1;3
202300018552;155 647 691;7;0;2;1;5;1
202300018552;155 647 693;7;0;2;1;1;3
202300018553;155 647 689;7;0;2;2;1;1
202300018553;155 647 695;7;0;2;1;1;1
202300018553;155 647 697;7;8;0;8;1;1
202300018554;155 647 688;33;0;2;1;9;1
202300018554;155 647 692;7;0;2;3;9;1
202300018555;155 647 686;33;0;2;2;3;1
202300018555;155 647 690;10;0;2;6;11;1
202300018556;155 647 685;34;0;2;1;1;1
202300018556;155 647 687;7;1;0;5;15;1
202300018557;155 647 680;34;0;2;3;13;1
202300018557;155 647 683;32;0;2;3;1;1
202300018558;155 647 679;33;0;2;3;3;0
202300018558;155 647 681;7;0;2;7;12;1
202300018559;155 647 673;7;0;2;1;9;1
202300018559;155 647 677;7;0;2;7;1;1
202300018560;155 647 676;7;0;2;1;15;1
202300018560;155 647 678;7;0;2;8;1;1
202300018561;155 647 675;7;4;0;1;1;1
202300018562;155 647 668;50;0;2;3;1;3
202300018562;155 647 670;7;0;2;0;1;0
202300018563;155 647 666;34;0;2;1;17;0
202300018564;155 647 664;7;0;2;8;1;1
202300018564;155 647 667;7;0;1;1;1;1
202300018565;155 647 663;7;4;0;3;1;1
202300018566;155 647 662;7;0;1;2;1;1
202300018567;155 647 661;7;13;2;3;1;1
202300018567;155 647 665;7;13;2;1;14;1
202300018567;155 647 669;7;13;2;4;1;1
202300018568;155 647 660;10;0;1;2;2;1
202300018569;155 647 658;7;0;1;2;1;0
202300018570;155 647 656;1;0;2;1;0;5
202300018570;155 647 659;7;0;2;3;0;1
202300018571;155 647 655;7;12;2;1;2;2
202300018571;155 647 657;14;12;9;5;2;1
202300018572;155 647 652;7;0;2;4;11;6
202300018572;155 647 654;43;0;2;1;3;1
202300018573;155 647 650;7;0;2;3;15;1
202300018573;155 647 653;32;0;2;2;1;3
202300018574;155 647 648;7;0;2;1;1;0
202300018574;155 647 651;7;0;0;0;0;0
202300018575;155 647 649;7;0;1;1;1;0
202300018576;155 647 644;7;17;0;2;1;1
202300018577;155 647 646;50;0;2;1;1;3
202300018577;155 647 647;7;0;2;2;15;1
202300018578;155 647 641;33;0;0;0;3;1
202300018578;155 647 645;10;0;0;0;1;1
202300018579;155 647 640;7;0;2;2;19;1
202300018579;155 647 643;1;0;2;1;19;5
202300018580;155 647 639;7;0;2;1;1;1
202300018580;155 647 642;2;0;0;4;1;1
202300018581;155 647 636;10;13;2;1;1;1
202300018581;155 647 637;10;0;2;8;1;1
202300018582;155 647 631;7;0;0;4;23;1
202300018582;155 647 634;10;0;2;1;2;1
202300018582;155 647 638;43;0;2;8;18;1
202300018583;155 647 632;7;0;2;1;1;1
202300018583;155 647 635;10;0;2;4;1;1
202300018584;155 647 627;50;0;0;0;0;3
202300018584;155 647 630;7;0;2;3;1;1
202300018585;155 647 626;7;0;2;3;15;1
202300018585;155 647 629;7;0;2;3;1;0
202300018586;155 647 628;33;13;0;9;1;1
202300018587;155 647 624;38;0;1;2;1;1
202300018588;155 647 623;7;0;2;3;13;1
202300018588;155 647 625;7;0;2;3;1;1
202300018589;155 647 620;1;0;1;1;1;5
202300018590;155 647 621;1;9;0;1;1;5
202300018591;155 647 617;7;0;2;1;2;1
202300018591;155 647 622;32;0;2;1;2;1
202300018592;155 647 616;7;0;2;4;13;1
202300018592;155 647 619;7;0;2;1;1;1
202300018593;155 647 613;32;0;1;8;1;1
202300018594;155 647 615;2;0;2;1;17;1
202300018594;155 647 618;3;0;2;1;15;1
202300018595;155 647 614;7;1;0;1;1;1
202300018596;155 647 610;34;0;1;2;2;1
202300018597;155 647 607;31;0;2;1;1;0
202300018597;155 647 611;7;0;2;5;16;1
202300018598;155 647 609;7;1;0;1;26;1
202300018599;155 647 606;7;1;0;7;13;1
202300018599;155 647 612;10;0;2;7;23;1
202300018600;155 647 605;1;0;2;0;1;5
202300018600;155 647 608;7;0;2;1;1;0
202300018601;155 647 603;7;0;2;4;1;1
202300018601;155 647 604;33;0;2;1;1;1
202300018602;155 647 602;7;2;0;3;1;1
202300018603;155 647 599;33;0;2;3;18;1
202300018603;155 647 601;7;0;2;2;16;1
202300018604;155 647 595;7;0;2;1;15;1
202300018604;155 647 598;30;0;2;1;1;0
202300018605;155 647 597;37;0;2;2;16;1
202300018605;155 647 600;50;0;2;1;1;3
202300018606;155 647 594;7;0;1;3;15;1
202300018607;155 647 593;1;0;2;8;1;5
202300018607;155 647 596;7;0;9;8;1;1
202300018608;155 647 592;30;0;1;1;21;3
202300018609;155 647 590;50;0;2;1;1;3
202300018609;155 647 591;7;0;9;1;15;1
202300018610;155 647 588;7;0;1;1;1;1
202300018611;155 647 584;7;1;0;2;14;1
202300018612;155 647 583;31;0;2;8;1;1
202300018612;155 647 587;10;0;2;7;16;1
202300018613;155 647 585;1;0;2;1;15;5