Num_Acc;id_vehicule;categorie_vehicule;obstacle_fixe;obstacle_mobile;point_choc_initial;manoeuvre_principale;motorisation
202300018613;155 647 589;7;0;2;1;15;0
202300018614;155 647 582;7;0;2;7;0;1
202300018614;155 647 586;7;0;2;1;1;1
202300018615;155 647 579;7;0;1;1;5;1
202300018616;155 647 578;33;0;2;1;2;1
202300018616;155 647 581;7;0;2;4;23;1
202300018617;155 647 577;7;0;2;3;0;1
202300018617;155 647 580;33;0;2;1;0;1
202300018618;155 647 574;33;0;2;1;3;1
202300018618;155 647 576;7;0;2;1;12;1
202300018619;155 647 573;32;0;2;2;17;1
202300018619;155 647 575;7;0;2;3;10;1
202300018620;155 647 569;7;0;2;1;1;1
202300018620;155 647 571;7;0;2;4;16;1
202300018621;155 647 564;7;0;2;1;2;1
202300018621;155 647 568;7;0;2;1;1;1
202300018621;155 647 572;7;0;2;4;2;1
202300018622;155 647 562;7;7;2;2;19;1
202300018622;155 647 566;15;0;2;1;1;1
202300018622;155 647 570;15;0;2;1;1;1
202300018623;155 647 563;7;0;2;1;2;1
202300018623;155 647 567;7;0;2;4;1;1
202300018624;155 647 559;7;0;2;1;0;1
202300018624;155 647 561;7;0;0;0;0;0
202300018625;155 647 560;7;0;2;1;15;1
202300018625;155 647 565;1;0;2;1;1;5
202300018626;155 647 557;7;0;1;2;1;1
202300018627;155 647 555;37;0;1;5;4;1
202300018628;155 647 556;31;0;2;7;5;1
202300018628;155 647 558;7;0;2;1;1;1
202300018629;155 647 554;7;0;1;3;1;1
202300018630;155 647 552;7;2;0;2;0;1
202300018631;155 647 551;7;0;2;3;15;1
202300018631;155 647 553;33;0;2;2;1;1
202300018632;155 647 550;10;0;1;1;1;1
202300018633;155 647 546;7;0;2;1;1;1
202300018633;155 647 549;7;0;2;4;1;1
202300018634;155 647 547;10;2;0;1;0;1
202300018635;155 647 548;31;0;1;0;1;1
202300018636;155 647 545;7;0;1;0;2;1
202300018637;155 647 539;7;8;0;2;15;1
202300018638;155 647 537;7;0;2;8;1;1
202300018638;155 647 541;30;0;2;7;1;1
202300018639;155 647 538;7;0;2;2;16;2
202300018639;155 647 542;1;0;2;1;1;5
202300018640;155 647 536;7;0;2;1;15;1
202300018640;155 647 543;33;0;2;1;1;1
202300018641;155 647 534;7;0;2;1;1;1
202300018641;155 647 535;7;0;2;4;1;1
202300018641;155 647 540;7;0;2;4;1;1
202300018641;155 647 544;7;0;2;4;1;1
202300018642;155 647 527;7;0;2;3;13;1
202300018642;155 647 531;7;0;2;1;1;1
202300018643;155 647 533;1;0;0;0;1;5
202300018644;155 647 526;7;0;2;6;23;1
202300018644;155 647 528;10;0;2;1;2;1
202300018644;155 647 529;7;0;2;4;23;1
202300018644;155 647 530;7;0;2;4;2;1
202300018645;155 647 523;33;0;2;1;1;1
202300018645;155 647 532;32;0;2;8;15;1
202300018646;155 647 524;7;0;0;0;1;1
202300018647;155 647 521;7;0;2;3;1;2
202300018647;155 647 525;7;0;2;3;1;1
202300018648;155 647 522;30;1;0;3;13;3
202300018649;155 647 515;33;0;1;1;21;1
202300018650;155 647 517;7;0;1;3;18;1
202300018651;155 647 516;33;0;2;1;1;1
202300018651;155 647 520;30;0;2;7;1;1
202300018652;155 647 512;7;0;2;5;15;2
202300018652;155 647 518;7;0;2;3;1;1
202300018653;155 647 506;10;0;2;1;2;1
202300018653;155 647 508;10;0;2;6;0;1
202300018654;155 647 504;7;17;0;2;1;1
202300018655;155 647 503;7;0;2;3;15;1
202300018655;155 647 505;33;0;2;2;17;1
202300018656;155 647 507;7;0;2;3;8;1
202300018656;155 647 511;60;0;2;8;19;5
202300018657;155 647 501;7;0;1;1;1;1
202300018658;155 647 500;7;0;2;1;1;1
202300018658;155 647 502;7;0;2;4;23;1
202300018659;155 647 496;15;0;2;3;1;1
202300018659;155 647 497;7;0;2;3;13;1
202300018660;155 647 498;7;0;2;3;13;0
202300018660;155 647 499;7;10;2;8;1;0
202300018661;155 647 495;7;1;1;1;20;1
202300018662;155 647 492;7;0;2;2;1;1
202300018662;155 647 494;60;0;2;1;19;5
202300018663;155 647 493;7;0;1;1;1;1
202300018664;155 647 490;7;0;2;6;15;1
202300018664;155 647 491;43;0;2;2;3;1
202300018665;155 647 488;7;0;2;4;1;1
202300018665;155 647 489;7;0;2;1;1;1
202300018666;155 647 487;7;6;0;1;1;2
202300018667;155 647 483;7;12;0;4;2;1
202300018667;155 647 485;7;0;2;2;2;1
202300018668;155 647 484;43;0;2;5;1;1
202300018668;155 647 486;7;1;0;2;1;1
202300018669;155 647 481;7;0;1;2;1;1
202300018670;155 647 479;7;0;1;2;15;1
202300018671;155 647 480;7;0;2;5;17;1
202300018671;155 647 482;37;0;2;2;1;1
202300018672;155 647 476;7;0;2;1;2;1
202300018672;155 647 478;2;0;2;4;15;1
202300018673;155 647 477;33;2;0;1;1;1
202300018674;155 647 474;2;0;2;0;1;1
202300018674;155 647 475;7;0;2;0;15;1
202300018675;155 647 472;7;8;0;1;13;1
202300018676;155 647 471;10;13;0;1;1;1
202300018677;155 647 470;7;0;2;4;20;1
202300018677;155 647 473;2;0;2;1;1;1
202300018678;155 647 465;7;0;2;1;14;1
202300018678;155 647 469;7;0;2;3;23;1
202300018679;155 647 466;7;0;2;1;1;1
202300018679;155 647 468;7;0;0;6;0;1
202300018680;155 647 467;7;0;0;1;1;1
202300018681;155 647 462;1;0;0;0;0;5
202300018682;155 647 461;7;0;2;1;5;0
202300018682;155 647 463;33;13;2;1;1;1
202300018683;155 647 460;33;0;2;4;9;0
202300018683;155 647 464;7;0;2;3;9;0
202300018684;155 647 459;7;13;0;1;19;1
202300018685;155 647 456;7;1;0;1;2;1
202300018685;155 647 458;15;0;0;4;23;1
202300018686;155 647 457;7;0;1;1;1;1
202300018687;155 647 455;7;0;1;1;1;1
202300018688;155 647 453;7;13;0;8;19;6
202300018689;155 647 454;50;0;1;1;1;3
202300018690;155 647 452;7;0;1;1;1;1
202300018691;155 647 447;10;0;2;1;2;1
202300018691;155 647 449;7;0;2;4;1;1
202300018691;155 647 451;7;0;2;1;2;1
202300018692;155 647 448;10;0;2;3;15;1
202300018692;155 647 450;37;0;2;2;1;1
202300018693;155 647 446;7;0;0;9;1;1
202300018694;155 647 443;7;0;1;2;1;6
202300018695;155 647 442;10;0;2;4;2;1
202300018695;155 647 445;33;0;2;1;2;1
202300018696;155 647 441;50;0;2;1;1;3
202300018696;155 647 444;7;0;2;5;15;2
202300018697;155 647 438;7;0;1;1;1;1
202300018698;155 647 434;7;0;2;7;9;1
202300018698;155 647 436;1;0;2;3;1;5
202300018699;155 647 432;7;0;2;7;23;1
202300018699;155 647 433;7;0;2;6;23;1
202300018699;155 647 435;7;0;2;5;23;1
202300018699;155 647 437;15;0;2;3;23;1
202300018699;155 647 439;7;0;2;5;23;1
202300018699;155 647 440;10;0;2;3;21;1
202300018700;155 647 427;10;0;2;2;0;1
202300018700;155 647 429;33;0;2;2;1;1
202300018701;155 647 426;30;0;2;1;15;1
202300018701;155 647 428;7;0;2;6;1;1
202300018702;155 647 430;10;0;2;5;15;1
202300018702;155 647 431;41;0;2;2;1;1
202300018703;155 647 425;7;1;0;3;13;1
202300018704;155 647 422;1;0;2;7;1;5
202300018704;155 647 424;7;0;2;3;9;1
202300018705;155 647 418;1;0;2;4;1;5
202300018705;155 647 420;7;0;2;4;2;1
202300018705;155 647 423;7;0;9;0;0;1
202300018706;155 647 419;7;4;2;4;2;1
202300018706;155 647 421;7;0;2;1;2;1
202300018707;155 647 416;7;0;2;2;19;1
202300018707;155 647 417;1;0;9;3;19;5
202300018708;155 647 414;7;0;2;4;2;1
202300018708;155 647 415;7;0;2;1;26;0
202300018709;155 647 412;7;12;1;1;1;1
202300018710;155 647 407;7;0;2;4;2;1
202300018710;155 647 410;10;0;2;1;2;1
202300018710;155 647 411;7;0;2;4;2;1
202300018710;155 647 413;10;0;2;4;2;1
202300018711;155 647 406;1;0;2;8;13;5
202300018711;155 647 409;7;0;2;7;17;1
202300018712;155 647 405;32;0;2;1;18;1
202300018712;155 647 408;7;0;2;2;15;1
202300018713;155 647 404;36;0;0;0;1;1
202300018714;155 647 403;7;2;0;1;0;1
202300018715;155 647 400;7;0;2;5;13;1
202300018715;155 647 402;33;0;2;1;3;1
202300018716;155 647 401;10;0;1;7;4;1
202300018717;155 647 392;7;0;2;2;1;1
202300018717;155 647 393;7;0;2;1;2;1
202300018717;155 647 394;7;0;2;4;2;1
202300018717;155 647 396;7;0;2;2;1;1
202300018717;155 647 397;15;0;2;3;1;1
202300018717;155 647 398;7;0;2;2;1;1
202300018717;155 647 399;7;0;2;1;2;1
202300018718;155 647 391;7;0;2;1;1;0
202300018718;155 647 395;7;0;2;1;16;0
202300018719;155 647 388;32;0;2;1;1;1
202300018719;155 647 389;7;0;2;5;12;1
202300018720;155 647 390;10;2;0;1;0;0
202300018721;155 647 386;1;0;2;1;21;5
202300018721;155 647 387;7;0;2;6;23;1
202300018722;155 647 384;13;0;2;4;2;1
202300018722;155 647 385;7;0;2;1;2;1
202300018723;155 647 381;33;0;2;4;2;1
202300018723;155 647 382;7;0;2;1;1;1
202300018724;155 647 380;31;0;2;1;2;1
202300018724;155 647 383;20;0;2;3;15;1
202300018725;155 647 378;7;4;0;4;2;1
202300018726;155 647 376;7;0;2;8;1;1
202300018726;155 647 379;30;0;2;1;1;1
202300018727;155 647 374;17;0;2;4;0;1
202300018727;155 647 377;37;0;2;1;2;3
202300018728;155 647 373;1;0;2;0;21;5
202300018728;155 647 375;7;0;2;0;20;1
202300018729;155 647 369;7;0;2;4;1;1
202300018729;155 647 371;7;0;2;1;2;1
202300018730;155 647 370;50;0;2;1;2;3
202300018730;155 647 372;7;0;2;6;1;2
202300018731;155 647 368;1;0;1;0;1;5
202300018732;155 647 365;7;0;2;3;11;1
202300018732;155 647 366;7;0;2;7;1;1
202300018732;155 647 367;7;0;2;5;1;1
202300018733;155 647 361;7;0;2;1;1;1
202300018733;155 647 363;7;0;0;4;1;1
202300018734;155 647 362;7;0;1;1;26;1
202300018735;155 647 360;7;0;2;5;1;1
202300018735;155 647 364;7;0;2;2;9;1
202300018736;155 647 358;10;0;2;4;2;1
202300018736;155 647 359;7;0;2;4;23;1
202300018737;155 647 354;7;0;2;4;23;0
202300018737;155 647 356;7;0;2;1;2;0
202300018738;155 647 353;13;0;2;1;1;1
202300018738;155 647 355;7;0;2;4;9;3
202300018739;155 647 350;7;0;2;6;1;1
202300018739;155 647 352;7;0;2;4;1;1
202300018739;155 647 357;10;0;2;2;9;1
202300018740;155 647 348;7;0;2;1;2;1
202300018740;155 647 349;7;0;2;9;2;1
202300018740;155 647 351;7;0;2;4;2;1
202300018741;155 647 345;33;0;0;7;1;1
202300018742;155 647 344;7;0;1;3;15;1
202300018743;155 647 341;7;0;2;8;14;1
202300018743;155 647 342;1;14;2;1;16;5
202300018744;155 647 340;7;0;1;2;15;0
202300018745;155 647 338;2;0;2;0;0;0
202300018745;155 647 339;7;0;2;3;1;1
202300018746;155 647 337;7;0;2;1;2;1
202300018746;155 647 343;80;0;2;4;15;3
202300018747;155 647 336;7;0;1;7;15;0
202300018748;155 647 333;10;0;2;1;2;1
202300018748;155 647 334;10;0;2;4;2;1
202300018748;155 647 335;10;0;2;6;23;1
202300018749;155 647 329;10;0;1;3;15;1
202300018750;155 647 330;10;0;2;7;16;1
202300018750;155 647 332;1;0;2;8;1;5
202300018751;155 647 325;7;0;2;1;5;1
202300018751;155 647 327;50;0;2;8;19;3
202300018752;155 647 323;7;0;2;6;16;1
202300018752;155 647 326;1;0;2;1;0;5
202300018753;155 647 321;10;0;2;2;2;1
202300018753;155 647 322;7;0;0;6;23;3
202300018754;155 647 319;7;3;0;7;1;1
202300018755;155 647 320;7;0;2;3;2;0
202300018755;155 647 324;7;0;2;2;15;0
202300018756;155 647 317;7;0;2;1;1;1
202300018756;155 647 318;7;0;2;2;15;1
202300018757;155 647 314;50;0;0;1;1;3
202300018758;155 647 316;7;0;1;1;19;1
202300018759;155 647 313;33;3;2;1;1;1
202300018759;155 647 315;10;0;2;1;10;1
202300018760;155 647 312;10;0;2;1;1;0
202300018761;155 647 310;2;0;2;4;1;1
202300018761;155 647 311;7;0;2;2;2;1
202300018762;155 647 308;7;8;0;6;0;0
202300018763;155 647 307;2;0;2;1;1;1
202300018763;155 647 309;7;0;2;3;15;1
202300018764;155 647 306;7;0;1;2;1;1
202300018765;155 647 303;7;0;2;4;16;1
202300018765;155 647 305;7;0;2;1;0;0
202300018766;155 647 301;30;0;2;7;26;1
202300018766;155 647 304;7;0;2;8;15;1
202300018767;155 647 299;7;0;2;1;1;1
202300018767;155 647 302;7;0;2;1;1;1
202300018768;155 647 298;7;0;2;3;15;1
202300018768;155 647 300;31;0;2;2;1;1
202300018769;155 647 297;7;0;2;9;1;1
202300018770;155 647 296;7;0;1;3;1;1
202300018771;155 647 292;7;0;1;3;1;1
202300018772;155 647 291;7;0;2;1;15;1
202300018772;155 647 293;7;0;2;3;1;1
202300018773;155 647 294;38;0;2;1;1;1
202300018773;155 647 295;7;0;2;1;1;1
202300018774;155 647 290;7;0;1;1;1;0
202300018775;155 647 288;7;0;2;4;23;1
202300018775;155 647 289;7;0;2;1;2;1
202300018776;155 647 286;10;0;1;1;0;0
202300018777;155 647 285;7;0;2;1;9;1
202300018777;155 647 287;2;0;2;1;1;1
202300018778;155 647 281;7;0;2;4;0;1
202300018778;155 647 282;7;0;2;1;26;1
202300018779;155 647 280;33;11;0;1;17;1
202300018780;155 647 283;7;0;2;8;11;1
202300018780;155 647 284;30;0;2;2;17;1
202300018781;155 647 276;7;0;2;3;15;1
202300018781;155 647 279;33;0;2;7;1;1
202300018782;155 647 275;7;0;9;3;13;1
202300018782;155 647 277;31;0;0;8;1;1
202300018783;155 647 273;7;13;0;7;14;1
202300018784;155 647 272;7;9;0;2;1;1
202300018785;155 647 270;7;0;2;0;17;0
202300018785;155 647 271;2;0;2;3;1;3
202300018786;155 647 268;10;0;2;1;15;1
202300018786;155 647 269;2;0;2;7;15;3
202300018787;155 647 265;7;0;2;7;1;1
202300018787;155 647 266;50;0;2;7;19;3
202300018788;155 647 262;7;0;2;7;17;1
202300018788;155 647 264;1;0;2;8;2;5
202300018789;155 647 260;1;0;2;8;5;5
202300018789;155 647 261;1;0;2;0;1;5
202300018790;155 647 255;7;0;2;1;1;1
202300018790;155 647 258;50;0;2;4;1;3
202300018791;155 647 253;7;0;2;1;2;1
202300018791;155 647 257;7;0;2;4;2;1
202300018791;155 647 259;7;0;2;4;2;1
202300018792;155 647 251;7;15;0;3;10;1
202300018793;155 647 249;7;0;2;3;0;1
202300018793;155 647 250;14;0;2;2;12;1
202300018793;155 647 252;7;0;2;1;1;1
202300018794;155 647 246;33;0;0;8;1;1
202300018795;155 647 248;7;8;0;1;14;0
202300018796;155 647 243;7;3;2;6;15;1
202300018796;155 647 245;7;0;2;1;1;1
202300018796;155 647 247;10;0;2;2;17;1
202300018797;155 647 240;7;0;2;1;1;1
202300018797;155 647 241;7;0;2;5;1;1
202300018797;155 647 242;7;0;2;6;1;1
202300018797;155 647 244;7;0;2;1;5;1
202300018798;155 647 238;7;0;1;1;9;1
202300018799;155 647 237;32;0;0;0;0;1
202300018800;155 647 236;7;0;2;1;1;1
202300018800;155 647 239;7;0;2;8;1;1
202300018801;155 647 234;33;13;0;0;0;1
202300018802;155 647 233;7;1;0;3;13;1
202300018803;155 647 230;7;2;2;3;13;1
202300018803;155 647 231;7;0;2;3;1;1
202300018804;155 647 227;7;0;2;8;9;1
202300018804;155 647 229;33;0;2;1;1;1
202300018805;155 647 228;7;0;2;1;2;1
202300018805;155 647 232;7;0;2;1;26;1
202300018805;155 647 235;7;0;0;4;2;2
202300018806;155 647 225;7;0;2;8;1;1
202300018806;155 647 226;7;0;2;1;15;1
202300018807;155 647 222;10;0;2;1;9;1
202300018807;155 647 224;33;0;2;1;1;1
202300018808;155 647 220;3;0;2;1;1;1
202300018808;155 647 221;7;0;2;1;1;1
202300018809;155 647 215;0;0;2;0;0;0
202300018809;155 647 218;7;0;2;4;16;0
202300018810;155 647 219;10;0;2;7;2;4
202300018810;155 647 223;10;0;2;9;2;1
202300018811;155 647 216;7;0;2;4;2;1
202300018811;155 647 217;7;0;2;1;2;1
202300018812;155 647 210;7;0;2;1;26;1
202300018812;155 647 213;7;0;2;7;2;1
202300018813;155 647 212;30;12;0;0;21;1
202300018813;155 647 214;7;0;2;0;0;0
202300018814;155 647 207;7;0;1;2;16;1
202300018815;155 647 209;7;0;2;2;17;1
202300018815;155 647 211;30;0;2;3;15;1
202300018816;155 647 206;1;0;0;4;2;5
202300018816;155 647 208;7;0;0;2;2;1
202300018817;155 647 205;7;8;0;2;1;0
202300018818;155 647 203;13;0;1;7;1;0
202300018819;155 647 202;14;0;2;1;1;0
202300018819;155 647 204;7;0;2;8;26;1
202300018820;155 647 198;7;14;0;1;1;1
202300018820;155 647 200;7;0;0;0;0;1
202300018820;155 647 201;7;0;2;4;1;1
202300018821;155 647 197;7;0;0;3;13;1
202300018822;155 647 194;31;1;0;1;1;1
202300018822;155 647 195;7;0;2;4;23;1
202300018823;155 647 196;33;0;2;1;1;1
202300018823;155 647 199;7;0;2;7;15;1
202300018824;155 647 192;7;0;1;3;15;1
202300018825;155 647 191;7;0;2;3;15;1
202300018825;155 647 193;7;0;2;3;1;1
202300018826;155 647 188;7;0;2;8;22;1
202300018826;155 647 189;1;1;0;1;1;5
202300018827;155 647 186;33;0;2;9;0;1
202300018827;155 647 190;7;0;2;6;1;1
202300018828;155 647 187;7;0;1;2;15;1
202300018829;155 647 184;7;0;2;2;1;1
202300018829;155 647 185;33;0;2;3;11;1
202300018830;155 647 183;7;8;0;1;1;1
202300018831;155 647 180;33;0;2;1;2;1
202300018831;155 647 181;7;0;2;4;2;1
202300018832;155 647 179;33;0;5;1;1;1
202300018833;155 647 177;10;0;2;5;11;6
202300018833;155 647 182;50;0;2;1;13;3
202300018834;155 647 178;33;0;0;0;14;1
202300018835;155 647 176;7;0;1;1;1;1
202300018836;155 647 174;32;0;2;1;1;0
202300018836;155 647 175;80;0;2;7;15;3
202300018837;155 647 171;10;0;2;5;1;1
202300018837;155 647 173;33;0;2;3;3;1
202300018838;155 647 169;7;0;2;1;1;6
202300018838;155 647 172;14;0;2;3;23;1
202300018839;155 647 168;50;0;2;1;5;3
202300018839;155 647 170;7;0;9;2;1;1
202300018840;155 647 166;32;0;1;1;25;1
202300018841;155 647 165;7;0;2;1;2;1
202300018841;155 647 167;7;0;2;4;2;1
202300018842;155 647 162;7;9;1;1;1;1
202300018843;155 647 164;30;0;0;0;1;3
202300018844;155 647 160;50;0;2;0;2;3
202300018844;155 647 161;50;0;2;4;2;3
202300018845;155 647 157;7;0;2;5;16;1
202300018845;155 647 159;50;0;2;1;1;3
202300018846;155 647 158;38;0;2;0;0;0
202300018846;155 647 163;7;0;1;0;0;0
202300018847;155 647 156;30;0;0;7;21;3
202300018848;155 647 151;7;0;2;4;1;1
202300018848;155 647 154;15;0;2;1;1;0
202300018849;155 647 153;43;0;2;1;1;1
202300018849;155 647 155;7;0;2;1;1;2
202300018850;155 647 150;14;0;2;1;2;1
202300018850;155 647 152;7;0;2;4;23;1
202300018851;155 647 147;50;0;1;1;1;3
202300018852;155 647 145;32;0;2;1;1;1
202300018852;155 647 149;7;0;2;3;15;1
202300018853;155 647 144;7;0;2;1;3;1
202300018853;155 647 146;10;0;2;4;23;1
202300018853;155 647 148;7;0;2;3;24;1
202300018854;155 647 140;7;0;2;9;2;2
202300018854;155 647 142;7;0;2;9;2;1
202300018854;155 647 143;7;0;2;4;2;1
202300018855;155 647 139;50;0;2;8;1;3
202300018855;155 647 141;7;0;2;1;16;1
202300018856;155 647 135;10;0;2;6;15;1
202300018856;155 647 138;33;0;2;1;1;1
202300018857;155 647 134;7;0;2;2;15;1
202300018857;155 647 137;32;0;2;2;1;0
202300018858;155 647 133;7;0;2;3;22;3
202300018858;155 647 136;80;0;2;1;1;3
202300018859;155 647 131;7;0;2;1;2;1
202300018859;155 647 132;60;0;2;7;1;5
202300018860;155 647 127;32;0;0;8;1;3
202300018861;155 647 129;7;0;1;1;15;1
202300018862;155 647 128;33;0;2;4;18;1
202300018862;155 647 130;50;0;2;4;14;3
202300018863;155 647 126;31;0;0;0;21;1
202300018864;155 647 124;1;0;9;0;23;5
202300018865;155 647 123;33;0;2;1;5;1
202300018865;155 647 125;7;0;2;1;1;1
202300018866;155 647 120;80;0;2;8;19;3
202300018866;155 647 122;41;0;2;1;1;0
202300018867;155 647 119;50;0;2;1;5;3
202300018867;155 647 121;7;0;9;2;16;1
202300018868;155 647 117;32;0;2;7;1;1
202300018868;155 647 118;7;0;2;8;23;1
202300018869;155 647 115;37;0;1;2;1;1
202300018870;155 647 116;7;9;1;2;1;1
202300018871;155 647 111;37;0;2;2;17;1
202300018871;155 647 114;7;0;2;6;23;2
202300018872;155 647 110;80;0;2;2;1;3
202300018872;155 647 113;7;0;2;8;22;0
202300018873;155 647 109;50;1;0;8;11;3
202300018873;155 647 112;7;1;0;5;1;1
202300018874;155 647 104;7;0;2;7;17;1
202300018874;155 647 107;1;14;0;8;21;5
202300018875;155 647 106;1;0;1;2;1;5
202300018876;155 647 105;80;8;2;8;19;3
202300018876;155 647 108;33;0;2;1;1;1
202300018877;155 647 102;7;0;1;3;7;2
202300018878;155 647 101;7;0;2;8;1;1
202300018878;155 647 103;30;0;2;1;1;1
202300018879;155 647 100;37;0;0;0;20;3
202300018880;155 647 097;7;0;1;2;1;1
202300018881;155 647 096;7;0;2;8;1;0
202300018881;155 647 099;30;0;2;7;1;0
202300018882;155 647 095;1;0;2;2;19;5
202300018882;155 647 098;31;0;2;3;1;1
202300018883;155 647 094;7;0;1;1;1;0
202300018884;155 647 090;7;0;2;1;15;1
202300018884;155 647 093;1;0;2;1;1;5
202300018885;155 647 088;10;0;2;1;2;1
202300018885;155 647 091;14;0;0;4;23;1
202300018886;155 647 089;7;0;2;3;11;1
202300018886;155 647 092;43;0;2;7;1;1
202300018887;155 647 087;60;0;0;0;2;5
202300018888;155 647 084;14;0;2;8;2;1
202300018888;155 647 085;33;0;2;7;13;1
202300018889;155 647 083;10;0;2;6;15;1
202300018889;155 647 086;33;0;2;1;1;1
202300018890;155 647 081;10;0;1;1;19;1
202300018891;155 647 080;33;0;2;7;17;1
202300018891;155 647 082;7;0;2;3;0;1
202300018892;155 647 078;7;0;1;1;15;1
202300018893;155 647 076;33;1;1;1;1;1
202300018894;155 647 077;7;0;2;2;15;1
202300018894;155 647 079;31;0;2;3;1;1
202300018895;155 647 074;7;8;0;1;1;1
202300018896;155 647 071;7;0;2;1;15;3
202300018896;155 647 072;60;0;2;0;0;5
202300018897;155 647 073;10;0;2;1;2;1
202300018897;155 647 075;7;0;2;4;1;1
202300018898;155 647 067;7;0;2;4;23;1
202300018898;155 647 069;7;0;2;1;1;1
202300018899;155 647 068;7;0;2;1;0;0
202300018899;155 647 070;43;0;2;4;23;1
202300018900;155 647 065;50;0;2;1;1;3
202300018900;155 647 066;7;0;9;2;1;1
202300018901;155 647 062;10;0;2;7;15;1
202300018901;155 647 063;31;0;2;1;1;1
202300018902;155 647 060;43;0;2;7;1;1
202300018902;155 647 061;7;0;2;3;15;1
202300018903;155 647 058;7;0;1;3;9;1
202300018904;155 647 057;60;0;0;0;0;5
202300018905;155 647 059;31;0;2;8;1;1
202300018905;155 647 064;7;0;2;7;16;1
202300018906;155 647 055;50;1;9;1;2;3
202300018906;155 647 056;7;0;2;2;22;1
202300018907;155 647 050;7;0;2;1;2;0
202300018907;155 647 052;2;0;0;4;2;0
202300018908;155 647 051;7;0;0;4;23;1
202300018908;155 647 053;7;0;2;4;23;1
202300018908;155 647 054;10;0;2;1;1;1
202300018909;155 647 048;31;0;2;2;2;1
202300018909;155 647 049;7;0;2;6;13;1
202300018910;155 647 047;2;12;0;1;2;1
202300018911;155 647 043;7;0;0;0;1;1
202300018912;155 647 042;1;0;2;4;0;5
202300018912;155 647 044;7;0;2;1;0;0
202300018913;155 647 040;7;0;2;1;13;1
202300018913;155 647 041;7;0;2;3;1;1
202300018914;155 647 038;7;13;0;1;1;1
202300018915;155 647 039;33;0;1;0;1;1
202300018916;155 647 036;7;0;2;3;1;1
202300018916;155 647 037;7;0;2;3;1;1
202300018917;155 647 034;50;0;2;1;5;3
202300018917;155 647 035;32;0;2;0;9;1
202300018918;155 647 032;14;0;2;3;0;1
202300018918;155 647 033;7;0;2;3;0;1
202300018919;155 647 028;7;0;0;1;15;1
202300018919;155 647 030;2;0;2;1;17;1
202300018920;155 647 029;30;0;2;8;1;1
202300018920;155 647 031;7;0;2;0;12;1
202300018921;155 647 027;7;7;0;1;15;1
202300018922;155 647 025;7;0;2;4;2;1
202300018922;155 647 026;10;0;2;8;1;1
202300018923;155 647 021;33;0;2;1;2;1
202300018923;155 647 022;7;0;0;6;2;1
202300018924;155 647 023;7;0;2;1;1;1
202300018924;155 647 024;37;0;2;6;1;1
202300018925;155 647 019;14;0;2;1;1;1
202300018925;155 647 020;7;4;0;9;13;1
202300018926;155 647 014;2;0;2;8;13;1
202300018926;155 647 015;7;0;2;8;1;1
202300018926;155 647 017;7;0;2;8;1;1
202300018927;155 647 013;1;0;2;0;13;5
202300018928;155 647 012;7;2;0;1;14;0
202300018929;155 647 011;7;0;1;1;1;1
202300018930;155 647 007;32;14;0;8;1;1
202300018931;155 647 006;33;0;0;0;1;0
202300018932;155 647 004;7;13;0;0;0;1
202300018933;155 647 002;7;0;2;1;2;1
202300018933;155 647 003;7;0;2;4;23;1
202300018933;155 647 005;7;0;0;4;23;1
202300018934;155 647 001;7;0;9;5;1;1
202300018935;155 646 998;7;0;2;2;19;1
202300018935;155 647 000;33;0;2;8;15;1
202300018936;155 646 999;36;0;0;0;0;1
202300018937;155 646 996;1;0;2;8;19;5
202300018937;155 646 997;17;0;2;2;21;1
202300018938;155 646 993;7;0;2;3;9;1
202300018938;155 646 995;2;0;0;7;1;1
202300018939;155 646 991;7;0;2;3;3;1
202300018939;155 646 992;13;0;2;3;1;1
202300018940;155 646 994;7;0;0;0;1;1
202300018941;155 646 989;7;0;2;1;2;1
202300018941;155 646 990;7;0;2;4;2;1
202300018942;155 646 987;7;8;0;5;2;1
202300018943;155 646 988;7;6;0;0;0;1
202300018944;155 646 986;7;13;0;2;21;1
202300018945;155 646 985;7;2;0;1;1;1
202300018946;155 646 982;7;0;2;6;1;1
202300018946;155 646 984;7;0;2;2;17;1
202300018947;155 646 981;7;0;2;0;0;1
202300018947;155 646 983;7;3;2;0;1;1
202300018948;155 646 978;10;0;2;6;4;1
202300018948;155 646 980;33;0;2;2;13;1
202300018949;155 646 977;7;8;2;2;19;1
202300018949;155 646 979;20;0;2;3;1;1
202300018950;155 646 975;7;0;2;3;1;1
202300018950;155 646 976;7;0;2;3;1;1
202300018951;155 646 974;7;0;1;1;1;1
202300018952;155 646 973;7;0;0;7;1;1
202300018953;155 646 971;1;0;0;0;1;5
202300018953;155 646 972;1;0;2;0;1;5
202300018954;155 646 970;7;0;1;2;15;1
202300018955;155 646 969;7;2;0;2;1;1
202300018956;155 646 968;7;0;1;2;1;1
202300018957;155 646 966;7;0;2;3;10;1
202300018957;155 646 967;33;0;2;1;1;1
202300018958;155 646 964;10;8;0;8;13;1
202300018959;155 646 962;2;0;2;3;11;1
202300018959;155 646 965;7;0;2;7;17;1
202300018960;155 646 961;7;0;2;1;1;1