Num_Acc;id_vehicule;categorie_vehicule;obstacle_fixe;obstacle_mobile;point_choc_initial;manoeuvre_principale;motorisation
202300018960;155 646 963;7;0;2;1;1;1
202300018961;155 646 960;7;13;0;1;1;1
202300018962;155 646 959;33;0;0;0;1;1
202300018963;155 646 957;10;0;6;1;11;1
202300018964;155 646 958;7;3;0;1;2;1
202300018965;155 646 956;7;2;0;1;1;0
202300018966;155 646 952;60;0;2;1;0;5
202300018966;155 646 954;10;0;2;2;0;1
202300018967;155 646 950;7;3;0;1;1;1
202300018968;155 646 949;7;0;2;7;0;1
202300018968;155 646 951;7;0;2;9;1;1
202300018968;155 646 953;7;14;0;0;1;1
202300018968;155 646 955;7;0;2;9;5;1
202300018969;155 646 948;7;6;0;1;21;1
202300018970;155 646 944;2;0;2;1;1;1
202300018970;155 646 947;7;0;2;1;15;1
202300018971;155 646 942;7;0;2;2;1;1
202300018971;155 646 945;2;0;2;1;1;1
202300018972;155 646 941;7;14;0;1;1;1
202300018972;155 646 943;7;4;0;4;23;1
202300018972;155 646 946;10;14;0;1;1;1
202300018973;155 646 940;7;0;0;3;1;1
202300018974;155 646 939;2;12;0;9;6;1
202300018975;155 646 938;7;2;0;4;1;1
202300018976;155 646 936;7;0;2;3;1;1
202300018976;155 646 937;30;0;2;7;1;1
202300018977;155 646 934;7;0;0;1;11;1
202300018977;155 646 935;7;0;2;1;23;1
202300018978;155 646 930;33;0;2;1;17;1
202300018978;155 646 933;7;0;2;8;1;1
202300018979;155 646 929;7;13;0;1;14;1
202300018980;155 646 928;7;0;2;1;26;0
202300018980;155 646 931;7;0;2;1;6;1
202300018980;155 646 932;7;0;2;6;2;0
202300018981;155 646 922;10;0;2;3;17;1
202300018981;155 646 926;7;0;2;2;2;0
202300018982;155 646 924;7;0;2;3;1;1
202300018982;155 646 927;7;0;2;2;9;1
202300018983;155 646 921;33;8;0;1;21;1
202300018984;155 646 923;10;1;0;2;2;1
202300018984;155 646 925;30;0;0;4;23;1
202300018985;155 646 919;7;0;2;3;1;1
202300018985;155 646 920;33;0;2;1;17;1
202300018986;155 646 917;7;0;2;1;13;1
202300018986;155 646 918;14;0;2;1;1;1
202300018987;155 646 916;7;3;0;0;1;1
202300018988;155 646 912;32;0;2;3;1;1
202300018988;155 646 914;7;0;2;2;9;1
202300018989;155 646 910;7;0;2;1;1;0
202300018989;155 646 913;7;0;2;3;1;0
202300018990;155 646 911;2;0;0;4;15;1
202300018990;155 646 915;7;0;2;3;9;1
202300018991;155 646 906;7;0;2;3;15;1
202300018991;155 646 908;7;0;2;2;21;1
202300018992;155 646 904;7;0;2;1;1;0
202300018992;155 646 905;7;0;2;4;26;0
202300018992;155 646 907;7;0;2;1;1;0
202300018993;155 646 899;1;0;0;4;2;5
202300018993;155 646 900;33;0;9;1;0;1
202300018993;155 646 902;17;14;0;1;1;1
202300018994;155 646 901;7;0;2;1;1;1
202300018994;155 646 903;7;0;0;1;1;1
202300018995;155 646 898;7;16;0;3;1;1
202300018996;155 646 897;2;0;0;0;1;1
202300018997;155 646 896;7;0;1;1;1;1
202300018998;155 646 893;15;0;2;2;12;1
202300018998;155 646 894;7;0;2;4;1;1
202300018999;155 646 890;7;0;2;3;17;1
202300018999;155 646 892;7;0;2;3;21;1
202300019000;155 646 889;7;4;0;2;1;1
202300019001;155 646 888;7;13;0;1;14;1
202300019002;155 646 884;10;12;2;1;1;1
202300019002;155 646 887;7;12;2;4;1;1
202300019003;155 646 882;7;0;2;3;13;1
202300019003;155 646 885;37;0;2;3;1;1
202300019004;155 646 883;7;0;2;7;9;1
202300019004;155 646 886;7;0;2;1;1;1
202300019005;155 646 880;7;0;2;6;2;1
202300019005;155 646 881;7;0;2;1;1;1
202300019006;155 646 876;7;0;2;4;2;1
202300019006;155 646 878;7;0;2;1;2;1
202300019006;155 646 879;7;4;0;4;1;1
202300019007;155 646 873;10;0;2;4;2;1
202300019007;155 646 874;10;4;2;4;2;2
202300019007;155 646 877;10;0;2;1;1;1
202300019008;155 646 872;7;0;0;9;1;1
202300019009;155 646 875;7;0;1;3;15;1
202300019010;155 646 870;14;0;2;1;1;
202300019010;155 646 871;7;4;0;4;1;1
202300019011;155 646 868;10;0;2;6;2;1
202300019011;155 646 869;33;3;2;1;2;1
202300019012;155 646 866;32;0;2;2;3;1
202300019012;155 646 867;10;0;2;6;11;1
202300019013;155 646 864;7;10;0;6;23;1
202300019013;155 646 865;15;1;0;2;2;1
202300019014;155 646 862;7;6;0;4;1;1
202300019015;155 646 860;7;0;2;1;1;1
202300019015;155 646 861;10;0;2;4;1;1
202300019015;155 646 863;7;0;2;4;1;2
202300019016;155 646 856;7;0;2;7;15;1
202300019016;155 646 859;33;0;2;1;17;1
202300019017;155 646 855;33;0;2;7;3;1
202300019017;155 646 857;10;0;2;3;13;1
202300019018;155 646 854;7;0;2;1;19;1
202300019018;155 646 858;7;0;2;1;1;1
202300019019;155 646 852;7;0;2;3;13;1
202300019019;155 646 853;33;0;2;3;1;1
202300019020;155 646 851;7;0;1;1;15;1
202300019021;155 646 850;10;13;0;2;1;1
202300019022;155 646 848;7;0;1;3;19;1
202300019023;155 646 847;7;0;0;8;19;1
202300019023;155 646 849;7;0;0;1;1;1
202300019024;155 646 845;10;0;1;4;4;1
202300019025;155 646 844;7;0;2;4;23;1
202300019025;155 646 846;7;0;2;1;2;1
202300019026;155 646 842;7;0;2;2;16;0
202300019026;155 646 843;32;0;2;7;1;0
202300019027;155 646 840;15;0;2;3;1;1
202300019027;155 646 841;7;0;2;1;11;1
202300019028;155 646 839;7;0;2;3;17;1
202300019029;155 646 837;7;0;2;4;13;1
202300019029;155 646 838;7;0;2;1;1;1
202300019030;155 646 835;33;0;2;1;1;1
202300019030;155 646 836;7;0;2;4;1;1
202300019031;155 646 834;7;13;0;3;0;1
202300019032;155 646 831;33;0;2;3;13;1
202300019032;155 646 832;7;0;2;3;1;1
202300019033;155 646 830;7;0;2;4;2;1
202300019033;155 646 833;7;0;2;1;2;1
202300019034;155 646 827;1;0;0;8;21;5
202300019035;155 646 829;7;0;1;2;1;1
202300019036;155 646 826;7;0;2;5;15;1
202300019036;155 646 828;2;0;2;1;1;1
202300019037;155 646 824;21;0;2;1;1;1
202300019037;155 646 825;2;0;2;1;1;1
202300019038;155 646 823;7;14;1;1;1;1
202300019039;155 646 820;2;0;2;1;2;1
202300019039;155 646 821;7;0;0;4;2;1
202300019040;155 646 817;7;0;2;8;1;1
202300019040;155 646 819;50;0;2;1;1;3
202300019041;155 646 816;33;13;0;1;1;1
202300019042;155 646 814;7;0;2;8;11;1
202300019042;155 646 815;7;0;2;7;1;1
202300019043;155 646 813;7;13;0;9;1;1
202300019044;155 646 811;2;0;2;3;13;1
202300019044;155 646 812;10;0;2;8;1;1
202300019045;155 646 806;7;0;2;3;1;1
202300019045;155 646 808;10;0;2;1;13;1
202300019046;155 646 805;7;0;2;1;1;1
202300019046;155 646 809;7;0;0;8;19;1
202300019047;155 646 803;10;14;0;1;15;1
202300019048;155 646 804;7;0;2;3;12;1
202300019048;155 646 807;7;0;2;7;6;1
202300019048;155 646 810;7;0;2;1;1;1
202300019049;155 646 801;33;0;2;2;17;1
202300019049;155 646 802;13;0;2;6;17;0
202300019050;155 646 799;2;15;0;4;23;2
202300019050;155 646 800;10;0;2;1;2;1
202300019051;155 646 797;33;0;6;1;1;1
202300019052;155 646 795;7;0;1;0;1;1
202300019053;155 646 790;1;0;2;8;15;5
202300019053;155 646 793;7;0;2;1;1;1
202300019054;155 646 791;7;2;0;1;13;1
202300019055;155 646 789;7;0;2;1;3;1
202300019055;155 646 792;7;0;0;6;1;1
202300019055;155 646 794;7;0;2;5;1;1
202300019055;155 646 796;7;0;2;5;1;1
202300019055;155 646 798;7;0;2;7;1;1
202300019056;155 646 785;7;0;2;8;1;1
202300019056;155 646 788;7;0;2;1;9;1
202300019057;155 646 784;33;0;2;1;1;1
202300019057;155 646 786;7;0;2;5;19;1
202300019058;155 646 783;33;0;0;8;1;1
202300019059;155 646 782;2;0;0;8;1;1
202300019060;155 646 780;10;0;1;1;1;1
202300019061;155 646 778;7;0;0;3;2;0
202300019061;155 646 779;1;0;0;2;2;5
202300019062;155 646 774;7;0;2;1;9;1
202300019062;155 646 777;2;0;2;8;9;1
202300019063;155 646 776;7;0;2;4;2;0
202300019063;155 646 781;7;0;2;1;2;1
202300019064;155 646 773;7;0;2;8;15;1
202300019064;155 646 775;43;0;2;1;3;1
202300019065;155 646 769;7;0;2;3;15;1
202300019065;155 646 772;33;0;2;1;1;1
202300019066;155 646 767;7;0;2;1;0;1
202300019066;155 646 770;7;0;2;4;0;1
202300019067;155 646 764;7;0;2;1;1;1
202300019067;155 646 766;32;0;2;4;1;1
202300019068;155 646 761;7;0;2;0;11;1
202300019068;155 646 762;7;0;2;5;1;1
202300019068;155 646 765;10;0;2;3;1;1
202300019069;155 646 759;32;0;0;0;17;1
202300019069;155 646 760;7;0;9;1;15;1
202300019070;155 646 756;7;0;2;8;1;1
202300019070;155 646 757;15;0;0;0;12;0
202300019071;155 646 758;17;0;1;1;1;1
202300019071;155 646 763;7;0;1;1;1;1
202300019071;155 646 768;33;0;1;8;1;1
202300019071;155 646 771;7;0;1;1;0;1
202300019072;155 646 751;17;0;2;0;1;1
202300019072;155 646 753;7;0;2;9;12;1
202300019073;155 646 750;7;0;1;1;0;2
202300019074;155 646 747;7;0;0;0;1;1
202300019074;155 646 749;31;0;0;0;1;1
202300019075;155 646 745;33;0;2;1;3;1
202300019075;155 646 748;7;0;2;3;15;1
202300019076;155 646 743;7;0;2;6;1;1
202300019076;155 646 744;7;0;2;1;1;1
202300019076;155 646 746;7;0;2;3;1;1
202300019077;155 646 741;17;0;2;1;2;1
202300019077;155 646 742;17;0;2;4;2;1
202300019078;155 646 739;7;0;1;3;1;2
202300019079;155 646 736;1;0;0;0;1;5
202300019080;155 646 735;10;0;2;7;0;1
202300019080;155 646 737;33;0;2;8;0;1
202300019080;155 646 738;10;0;2;8;0;1
202300019081;155 646 734;10;0;2;3;13;1
202300019081;155 646 740;33;0;2;1;1;1
202300019082;155 646 732;7;4;0;1;21;1
202300019083;155 646 730;7;0;2;4;23;1
202300019083;155 646 731;7;0;2;1;1;1
202300019083;155 646 733;7;0;2;4;23;2
202300019084;155 646 726;7;0;1;3;1;1
202300019085;155 646 725;7;0;2;4;1;1
202300019085;155 646 727;33;0;2;3;3;1
202300019085;155 646 729;7;0;2;2;12;2
202300019086;155 646 728;7;0;1;1;0;1
202300019087;155 646 722;1;0;2;1;1;5
202300019087;155 646 724;7;0;9;7;15;1
202300019088;155 646 720;7;0;2;1;2;1
202300019088;155 646 721;7;0;2;4;2;1
202300019088;155 646 723;10;0;2;4;2;1
202300019089;155 646 718;7;0;2;8;15;1
202300019089;155 646 719;30;0;2;1;17;1
202300019090;155 646 712;33;0;2;1;3;1
202300019090;155 646 715;7;0;2;6;1;1
202300019090;155 646 717;10;0;2;5;1;1
202300019091;155 646 711;7;0;2;2;15;1
202300019091;155 646 713;7;0;2;1;1;1
202300019092;155 646 714;33;6;2;7;17;1
202300019092;155 646 716;10;0;2;8;1;1
202300019093;155 646 707;7;0;2;4;21;1
202300019093;155 646 709;10;0;2;1;1;3
202300019093;155 646 710;7;0;2;1;1;1
202300019094;155 646 706;7;0;2;1;2;1
202300019094;155 646 708;7;0;2;4;1;1
202300019095;155 646 704;31;0;2;2;23;1
202300019096;155 646 703;32;0;2;1;3;1
202300019096;155 646 705;7;0;2;8;11;1
202300019097;155 646 699;2;0;2;4;1;1
202300019098;155 646 698;7;0;2;3;1;1
202300019098;155 646 701;10;0;2;3;13;1
202300019099;155 646 700;33;0;0;4;1;1
202300019099;155 646 702;7;0;2;1;2;0
202300019100;155 646 695;7;0;2;2;12;2
202300019100;155 646 697;7;0;2;6;1;1
202300019101;155 646 694;7;0;2;3;1;1
202300019101;155 646 696;7;0;2;1;15;1
202300019102;155 646 689;50;0;2;4;1;3
202300019102;155 646 691;7;0;9;3;1;1
202300019103;155 646 690;7;0;2;7;26;1
202300019103;155 646 692;7;0;2;1;9;1
202300019104;155 646 693;7;6;0;1;1;1
202300019105;155 646 688;1;0;1;1;1;5
202300019106;155 646 686;31;0;2;1;25;1
202300019106;155 646 687;7;0;2;2;26;1
202300019107;155 646 683;37;0;2;3;1;1
202300019107;155 646 684;7;0;2;1;13;1
202300019108;155 646 685;33;13;0;8;1;1
202300019109;155 646 681;7;6;0;1;26;6
202300019110;155 646 680;31;0;2;3;1;1
202300019110;155 646 682;7;0;2;1;15;1
202300019111;155 646 677;30;0;0;3;15;1
202300019112;155 646 676;7;0;2;1;1;0
202300019112;155 646 678;7;0;2;6;23;1
202300019113;155 646 672;33;0;0;0;0;0
202300019113;155 646 675;7;0;2;0;13;0
202300019114;155 646 673;7;0;2;3;13;1
202300019114;155 646 679;33;0;2;1;1;1
202300019115;155 646 671;7;0;0;0;0;1
202300019115;155 646 674;7;0;0;7;1;1
202300019116;155 646 668;7;13;0;0;1;1
202300019117;155 646 667;7;0;2;3;15;1
202300019117;155 646 670;33;0;2;3;1;1
202300019118;155 646 666;1;0;2;1;1;5
202300019118;155 646 669;7;0;2;7;15;1
202300019119;155 646 663;10;0;1;2;2;1
202300019120;155 646 662;7;0;2;8;15;1
202300019120;155 646 665;7;0;2;1;5;1
202300019121;155 646 664;7;0;1;8;1;1
202300019122;155 646 659;7;0;2;3;15;1
202300019122;155 646 661;1;0;2;1;1;5
202300019123;155 646 658;33;0;2;8;0;1
202300019123;155 646 660;7;0;2;8;0;1
202300019124;155 646 656;30;0;0;0;1;1
202300019125;155 646 657;7;0;1;1;1;1
202300019126;155 646 655;7;0;0;9;1;1
202300019127;155 646 652;1;0;2;0;1;5
202300019127;155 646 654;7;0;2;0;1;0
202300019128;155 646 653;7;0;1;8;1;3
202300019129;155 646 649;7;2;0;1;1;1
202300019130;155 646 648;7;6;0;1;13;1
202300019131;155 646 644;7;0;2;3;19;1
202300019131;155 646 646;50;0;2;7;1;3
202300019132;155 646 645;7;0;2;1;1;1
202300019132;155 646 647;50;0;2;7;19;3
202300019133;155 646 643;7;0;1;2;1;1
202300019134;155 646 642;2;6;0;2;0;1
202300019135;155 646 640;17;0;2;2;17;1
202300019135;155 646 641;1;0;2;8;11;5
202300019136;155 646 639;7;3;0;1;1;1
202300019137;155 646 637;7;0;2;1;1;1
202300019137;155 646 638;7;0;2;1;15;1
202300019138;155 646 633;3;4;0;9;0;1
202300019138;155 646 634;10;0;2;2;0;1
202300019139;155 646 631;7;0;2;3;1;1
202300019139;155 646 632;7;0;2;8;1;1
202300019139;155 646 635;7;0;2;3;1;1
202300019139;155 646 636;3;3;2;8;1;1
202300019140;155 646 630;7;0;1;1;26;1
202300019141;155 646 628;2;0;2;8;1;1
202300019141;155 646 629;7;0;2;1;1;1
202300019142;155 646 627;7;0;1;1;19;1
202300019143;155 646 623;7;1;2;1;0;0
202300019143;155 646 625;7;0;2;3;24;1
202300019144;155 646 622;13;0;2;8;1;1
202300019144;155 646 624;10;0;2;1;1;1
202300019144;155 646 626;10;0;0;3;23;1
202300019145;155 646 620;7;0;2;3;15;1
202300019145;155 646 621;33;0;2;3;1;1
202300019146;155 646 619;7;1;0;2;1;2
202300019147;155 646 618;7;0;1;1;15;1
202300019148;155 646 617;7;3;0;1;9;1
202300019149;155 646 613;1;0;2;1;17;5
202300019149;155 646 614;7;0;2;8;22;0
202300019150;155 646 612;7;0;2;4;1;1
202300019150;155 646 615;7;0;2;1;1;1
202300019150;155 646 616;10;0;2;6;1;1
202300019151;155 646 608;7;0;2;1;1;1
202300019151;155 646 610;7;0;2;4;1;1
202300019151;155 646 611;10;0;2;1;0;1
202300019152;155 646 607;7;0;2;8;1;1
202300019152;155 646 609;17;0;2;2;12;1
202300019153;155 646 604;7;0;2;3;21;1
202300019153;155 646 606;7;0;2;1;19;1
202300019154;155 646 603;7;0;2;0;0;0
202300019154;155 646 605;7;0;2;7;1;3
202300019155;155 646 602;7;0;1;1;2;1
202300019156;155 646 600;7;0;1;1;15;1
202300019157;155 646 601;7;3;0;1;1;1
202300019158;155 646 598;7;0;2;2;15;1
202300019158;155 646 599;43;0;2;1;1;1
202300019159;155 646 595;10;0;1;1;2;1
202300019160;155 646 596;7;0;2;3;11;1
202300019160;155 646 597;7;0;2;5;1;1
202300019161;155 646 591;14;0;2;2;1;1
202300019161;155 646 592;7;0;2;4;1;1
202300019161;155 646 594;7;0;2;0;1;1
202300019162;155 646 590;15;0;2;2;14;1
202300019162;155 646 593;7;0;2;3;1;1
202300019163;155 646 587;50;0;2;4;1;3
202300019163;155 646 589;10;0;2;1;1;1
202300019164;155 646 584;7;0;2;4;1;1
202300019164;155 646 585;7;0;2;4;1;1
202300019164;155 646 586;7;0;2;1;1;1
202300019165;155 646 580;99;0;2;1;15;1
202300019165;155 646 581;30;0;2;1;15;1
202300019166;155 646 582;10;0;2;4;2;1
202300019166;155 646 583;7;0;2;1;2;1
202300019166;155 646 588;7;0;2;1;2;1
202300019167;155 646 577;7;0;2;7;1;1
202300019167;155 646 579;10;0;2;1;1;1
202300019168;155 646 576;7;0;2;3;11;1
202300019168;155 646 578;7;0;2;2;1;1
202300019169;155 646 575;1;0;1;4;5;5
202300019170;155 646 573;50;0;1;1;1;3
202300019171;155 646 570;30;0;1;1;1;1
202300019172;155 646 566;43;0;2;1;1;1
202300019172;155 646 567;7;0;2;8;1;1
202300019173;155 646 568;10;0;2;5;2;1
202300019173;155 646 569;33;0;2;1;1;1
202300019173;155 646 571;10;0;2;1;2;1
202300019173;155 646 572;10;0;2;4;2;1
202300019173;155 646 574;7;0;2;1;2;1
202300019174;155 646 561;80;0;1;1;1;3
202300019175;155 646 560;7;0;2;4;2;1
202300019175;155 646 562;7;0;2;4;2;1
202300019175;155 646 563;10;0;2;1;1;1
202300019176;155 646 558;60;0;2;8;19;5
202300019176;155 646 559;7;0;2;2;16;2
202300019177;155 646 556;7;0;2;1;1;1
202300019177;155 646 557;7;0;2;4;1;1
202300019178;155 646 554;7;0;2;1;1;3
202300019178;155 646 555;31;0;2;4;23;1
202300019179;155 646 552;7;0;1;2;21;1
202300019180;155 646 551;40;0;2;5;1;3
202300019180;155 646 553;7;0;4;1;9;2
202300019181;155 646 550;33;0;0;7;1;1
202300019182;155 646 548;30;0;2;2;17;1
202300019182;155 646 549;7;0;2;3;11;1
202300019183;155 646 546;7;11;0;1;13;1
202300019184;155 646 542;7;0;2;6;1;1
202300019184;155 646 543;33;0;2;1;1;1
202300019185;155 646 541;10;0;2;4;2;1
202300019185;155 646 544;7;0;2;4;2;1
202300019185;155 646 545;7;0;2;4;2;1
202300019185;155 646 547;10;0;2;1;2;1
202300019186;155 646 540;30;7;0;1;17;1
202300019187;155 646 538;33;0;2;2;3;1
202300019187;155 646 539;10;0;2;3;11;1
202300019188;155 646 536;50;0;2;3;1;3
202300019188;155 646 537;7;0;2;2;16;1
202300019189;155 646 534;7;0;9;1;15;1
202300019189;155 646 535;1;9;0;1;1;5
202300019190;155 646 532;7;0;2;4;1;1
202300019190;155 646 533;7;15;2;1;1;1
202300019191;155 646 531;7;0;1;1;1;1
202300019192;155 646 529;7;0;2;3;2;1
202300019192;155 646 530;7;0;2;1;16;1
202300019193;155 646 528;7;0;1;2;1;0
202300019194;155 646 526;7;0;2;3;15;1
202300019194;155 646 527;31;0;0;0;0;1
202300019195;155 646 524;33;0;2;1;2;1
202300019195;155 646 525;7;0;2;3;15;1
202300019196;155 646 522;37;0;2;3;1;1
202300019196;155 646 523;10;0;2;5;17;1
202300019197;155 646 521;7;1;0;3;21;1
202300019198;155 646 519;50;0;2;8;1;3
202300019198;155 646 520;7;0;2;7;17;1
202300019199;155 646 517;31;0;2;1;0;1
202300019199;155 646 518;7;0;2;1;15;1
202300019200;155 646 516;7;0;1;1;16;1
202300019201;155 646 515;31;0;9;1;16;1
202300019202;155 646 514;2;13;0;1;1;1
202300019203;155 646 513;7;13;0;1;1;1
202300019204;155 646 512;7;6;0;1;1;1
202300019205;155 646 510;14;0;2;7;2;1
202300019205;155 646 511;1;12;0;8;1;5
202300019206;155 646 508;7;12;2;1;1;0
202300019206;155 646 509;7;16;2;1;1;0
202300019207;155 646 506;7;0;2;1;1;0
202300019207;155 646 507;10;0;2;2;1;1
202300019208;155 646 505;7;0;1;6;1;1
202300019209;155 646 503;10;0;2;6;19;1
202300019209;155 646 504;33;0;2;1;0;1
202300019210;155 646 502;1;6;0;9;1;5
202300019211;155 646 501;7;13;0;9;1;1
202300019212;155 646 500;7;7;0;9;1;1
202300019213;155 646 499;7;0;1;3;1;1
202300019214;155 646 498;7;13;0;1;1;1
202300019215;155 646 497;7;13;0;2;14;1
202300019216;155 646 495;2;0;2;1;26;6
202300019216;155 646 496;10;0;2;1;1;1
202300019217;155 646 494;7;2;0;3;1;2
202300019218;155 646 492;7;13;0;7;15;1
202300019218;155 646 493;7;13;2;1;1;1
202300019219;155 646 489;7;0;2;1;17;1
202300019219;155 646 490;7;0;2;1;1;1
202300019219;155 646 491;21;0;2;8;1;1
202300019220;155 646 487;7;0;2;1;1;1
202300019220;155 646 488;7;0;2;3;1;1
202300019221;155 646 485;7;0;2;3;1;1
202300019221;155 646 486;50;0;2;0;0;3
202300019222;155 646 484;7;13;0;4;1;1
202300019223;155 646 482;3;8;2;1;1;0
202300019223;155 646 483;7;0;2;3;1;0
202300019224;155 646 480;99;0;0;6;2;1
202300019224;155 646 481;10;0;2;1;2;1
202300019225;155 646 479;31;3;0;2;12;1
202300019226;155 646 478;7;0;1;2;1;1
202300019227;155 646 476;37;0;2;1;1;1
202300019227;155 646 477;10;0;2;7;26;1
202300019228;155 646 474;15;0;2;1;2;1
202300019228;155 646 475;15;0;2;1;2;1
202300019229;155 646 471;7;14;2;1;1;1
202300019229;155 646 472;17;4;2;1;6;1
202300019229;155 646 473;10;14;2;1;1;1
202300019230;155 646 469;7;0;2;1;2;1
202300019230;155 646 470;7;0;0;4;1;1
202300019231;155 646 468;7;0;1;2;1;1
202300019232;155 646 467;7;2;0;9;1;1
202300019233;155 646 464;2;0;0;3;1;1
202300019234;155 646 463;7;0;0;3;1;1
202300019235;155 646 462;7;13;0;2;0;1
202300019236;155 646 460;7;0;2;3;26;1
202300019236;155 646 461;2;0;2;1;1;3
202300019237;155 646 458;7;0;2;4;2;2
202300019237;155 646 459;7;0;2;1;2;1
202300019238;155 646 456;7;0;2;3;11;1
202300019238;155 646 457;7;0;2;5;1;0
202300019239;155 646 455;7;0;5;1;1;1
202300019240;155 646 453;32;0;2;1;3;1
202300019240;155 646 454;7;0;2;5;12;1
202300019241;155 646 450;7;0;2;1;1;1
202300019241;155 646 451;7;0;2;4;12;1
202300019241;155 646 452;7;0;2;1;12;1
202300019242;155 646 447;15;0;2;1;1;1
202300019242;155 646 448;7;0;2;4;1;2
202300019242;155 646 449;15;0;2;4;1;1
202300019243;155 646 446;7;3;0;1;26;1
202300019244;155 646 445;7;0;1;1;15;1
202300019245;155 646 443;7;0;9;1;9;1
202300019245;155 646 444;1;0;2;4;1;5
202300019246;155 646 441;14;0;2;1;2;1
202300019246;155 646 442;7;0;2;4;23;1
202300019247;155 646 439;10;0;2;1;1;1
202300019247;155 646 440;10;0;2;4;1;1
202300019248;155 646 437;33;0;2;1;2;1
202300019248;155 646 438;10;0;2;3;11;1
202300019249;155 646 435;7;0;2;3;3;1
202300019249;155 646 436;50;0;2;5;1;3
202300019250;155 646 434;34;0;1;1;1;1
202300019251;155 646 432;7;0;2;4;0;0
202300019251;155 646 433;7;0;2;2;0;0
202300019252;155 646 429;7;0;1;2;1;1
202300019253;155 646 427;2;0;2;9;1;1
202300019253;155 646 428;7;0;2;1;1;1
202300019254;155 646 426;7;6;0;1;3;1
202300019255;155 646 424;7;0;2;4;2;1
202300019255;155 646 425;7;0;2;1;2;1
202300019256;155 646 422;7;0;2;1;13;1
202300019256;155 646 423;15;0;2;1;1;1
202300019257;155 646 421;7;0;1;2;1;1
202300019258;155 646 420;7;0;1;4;1;1
202300019259;155 646 418;7;0;2;1;2;0
202300019259;155 646 419;1;0;2;6;1;5
202300019260;155 646 416;2;0;2;7;2;1
202300019260;155 646 417;1;0;2;6;2;5
202300019261;155 646 415;13;0;1;1;1;1
202300019262;155 646 413;10;0;2;2;1;1
202300019262;155 646 414;7;0;2;1;16;1
202300019263;155 646 411;7;0;2;3;15;3
202300019263;155 646 412;32;0;2;2;17;1
202300019264;155 646 409;7;0;2;8;2;1
202300019264;155 646 410;30;0;2;1;12;1
202300019265;155 646 406;32;0;2;1;26;1
202300019265;155 646 407;7;0;2;2;1;1
202300019265;155 646 408;7;0;2;6;1;1
202300019266;155 646 404;50;0;2;2;1;3
202300019266;155 646 405;7;0;2;1;1;1
202300019267;155 646 402;7;0;2;0;0;1
202300019267;155 646 403;33;0;2;0;0;1
202300019268;155 646 401;7;6;0;9;26;1
202300019269;155 646 400;7;3;0;2;14;1
202300019270;155 646 398;50;0;2;1;1;3
202300019270;155 646 399;7;0;2;3;16;1
202300019271;155 646 397;7;0;1;2;1;1
202300019272;155 646 396;7;8;0;2;1;1
202300019273;155 646 394;1;0;2;1;18;5
202300019273;155 646 395;7;0;0;7;22;1
202300019274;155 646 393;7;0;1;1;1;1
202300019275;155 646 392;7;0;1;2;14;0
202300019276;155 646 391;50;0;0;0;1;3
202300019277;155 646 390;32;0;1;1;1;0
202300019278;155 646 388;7;8;2;1;13;0
202300019278;155 646 389;15;0;2;2;1;1
202300019279;155 646 386;37;0;2;1;1;1
202300019279;155 646 387;10;0;0;4;15;1
202300019280;155 646 383;7;0;2;3;17;1
202300019280;155 646 384;7;0;2;3;1;1
202300019280;155 646 385;7;0;2;8;1;1
202300019281;155 646 381;7;0;2;3;15;1
202300019281;155 646 382;32;0;2;1;17;1
202300019282;155 646 379;7;0;2;8;15;1
202300019282;155 646 380;99;0;2;7;19;3
202300019283;155 646 377;7;0;1;3;1;1
202300019284;155 646 376;7;4;0;2;14;1
202300019285;155 646 374;7;0;2;4;1;1
202300019285;155 646 375;7;0;2;1;1;1
202300019286;155 646 373;7;3;0;8;2;1
202300019287;155 646 369;10;0;2;4;1;1
202300019287;155 646 370;10;0;2;1;2;1
202300019287;155 646 371;7;0;2;4;2;1
202300019287;155 646 372;7;0;2;8;1;2
202300019288;155 646 364;7;0;2;1;1;1
202300019288;155 646 365;7;0;2;3;1;1
202300019288;155 646 366;7;0;2;2;1;1
202300019288;155 646 367;2;0;2;4;23;1
202300019288;155 646 368;7;0;2;2;2;1
202300019289;155 646 363;10;3;0;2;12;1
202300019290;155 646 361;10;0;2;5;23;1
202300019290;155 646 362;31;0;2;3;3;3
202300019291;155 646 358;7;0;2;4;2;2
202300019291;155 646 359;10;0;2;4;1;4
202300019291;155 646 360;7;0;2;1;2;1
202300019292;155 646 354;7;0;2;4;1;1
202300019292;155 646 355;7;0;2;4;1;1
202300019292;155 646 356;7;0;2;1;12;1
202300019292;155 646 357;7;0;2;4;1;1
202300019293;155 646 352;3;0;2;2;19;1
202300019293;155 646 353;7;0;2;3;1;1
202300019294;155 646 351;33;3;0;1;1;1
202300019295;155 646 350;7;13;0;7;1;1
202300019296;155 646 347;7;0;9;1;1;1
202300019296;155 646 348;7;0;0;7;24;1
202300019296;155 646 349;7;1;0;7;14;1
202300019297;155 646 345;7;0;2;1;13;0
202300019297;155 646 346;7;1;9;0;26;0
202300019298;155 646 343;2;0;2;0;0;0
202300019298;155 646 344;1;0;2;0;3;0
202300019299;155 646 342;7;4;9;3;1;1