Num_Acc;id_vehicule;categorie_vehicule;obstacle_fixe;obstacle_mobile;point_choc_initial;manoeuvre_principale;motorisation
202300019300;155 646 340;7;4;2;1;1;1
202300019300;155 646 341;7;0;2;4;1;2
202300019301;155 646 338;1;0;2;0;0;5
202300019301;155 646 339;7;0;2;1;1;1
202300019302;155 646 336;7;4;2;4;24;0
202300019302;155 646 337;7;1;2;1;1;1
202300019303;155 646 335;7;1;0;1;5;1
202300019304;155 646 333;7;0;2;3;15;1
202300019304;155 646 334;7;0;2;2;21;1
202300019305;155 646 331;7;4;2;4;18;1
202300019305;155 646 332;7;4;2;1;2;1
202300019306;155 646 329;7;0;2;8;15;1
202300019306;155 646 330;2;0;2;0;0;0
202300019307;155 646 326;7;1;0;2;9;1
202300019308;155 646 325;7;12;0;2;14;1
202300019309;155 646 324;7;9;0;2;26;1
202300019310;155 646 322;7;0;2;5;1;1
202300019310;155 646 323;2;0;2;1;2;1
202300019311;155 646 320;7;0;2;2;1;1
202300019311;155 646 321;80;0;2;1;1;3
202300019312;155 646 313;7;0;2;3;10;1
202300019312;155 646 314;33;0;2;1;1;1
202300019313;155 646 311;40;0;2;7;1;3
202300019313;155 646 312;1;0;4;1;1;5
202300019314;155 646 309;7;0;2;1;2;1
202300019314;155 646 310;7;0;2;4;15;1
202300019315;155 646 308;7;3;0;9;1;1
202300019316;155 646 307;0;0;1;0;15;0
202300019317;155 646 305;33;0;2;1;13;1
202300019317;155 646 306;33;0;2;1;1;1
202300019318;155 646 301;7;2;2;6;18;1
202300019318;155 646 302;7;0;2;2;1;1
202300019319;155 646 300;7;6;0;1;1;1
202300019320;155 646 298;7;0;2;2;15;1
202300019320;155 646 299;7;0;2;1;17;1
202300019321;155 646 297;7;0;1;2;1;1
202300019322;155 646 294;7;0;2;4;1;0
202300019322;155 646 295;7;0;2;1;1;0
202300019322;155 646 296;7;0;2;4;1;0
202300019323;155 646 292;7;0;2;1;1;1
202300019323;155 646 293;7;0;2;7;15;1
202300019324;155 646 290;10;0;2;1;11;1
202300019324;155 646 291;7;0;2;1;2;1
202300019325;155 646 288;32;0;2;3;1;1
202300019325;155 646 289;7;0;2;2;15;1
202300019326;155 646 287;33;12;0;1;1;1
202300019327;155 646 285;7;0;2;1;1;1
202300019327;155 646 286;7;11;2;7;15;1
202300019328;155 646 283;7;0;2;1;1;1
202300019328;155 646 284;7;0;2;4;1;1
202300019329;155 646 279;99;0;2;8;1;3
202300019329;155 646 280;10;0;2;1;1;1
202300019330;155 646 277;7;0;2;3;1;0
202300019330;155 646 278;7;0;2;1;1;0
202300019331;155 646 276;7;0;9;1;1;1
202300019332;155 646 274;33;0;2;1;2;1
202300019332;155 646 275;33;0;2;4;2;1
202300019333;155 646 272;33;0;2;1;16;1
202300019333;155 646 273;7;0;2;0;0;1
202300019334;155 646 270;7;0;2;3;13;1
202300019334;155 646 271;33;0;2;2;17;1
202300019335;155 646 268;7;0;2;1;2;2
202300019335;155 646 269;7;0;2;4;2;2
202300019336;155 646 266;7;0;2;6;23;1
202300019336;155 646 267;33;0;2;5;1;1
202300019337;155 646 264;7;0;2;3;19;1
202300019337;155 646 265;50;0;2;8;1;3
202300019338;155 646 263;2;0;0;0;21;1
202300019339;155 646 262;32;0;1;3;1;3
202300019340;155 646 260;32;0;2;1;1;1
202300019340;155 646 261;7;0;2;5;1;2
202300019341;155 646 259;7;0;1;1;1;1
202300019342;155 646 257;99;0;2;0;1;5
202300019342;155 646 258;7;0;2;0;1;1
202300019343;155 646 255;7;0;2;2;26;1
202300019343;155 646 256;1;0;2;6;15;5
202300019344;155 646 254;32;0;1;1;17;1
202300019345;155 646 252;10;0;2;3;15;3
202300019345;155 646 253;37;0;2;0;0;6
202300019346;155 646 250;7;0;2;3;9;0
202300019346;155 646 251;34;0;2;2;0;1
202300019347;155 646 248;7;0;9;1;0;0
202300019347;155 646 249;0;0;2;8;0;0
202300019348;155 646 246;32;0;2;1;1;1
202300019348;155 646 247;7;0;2;7;15;1
202300019349;155 646 245;7;0;1;1;1;1
202300019350;155 646 243;7;0;2;3;1;1
202300019350;155 646 244;7;0;2;2;15;1
202300019351;155 646 242;10;0;1;5;4;0
202300019352;155 646 241;30;0;0;0;1;0
202300019353;155 646 240;10;0;0;2;1;1
202300019354;155 646 239;1;14;0;2;14;5
202300019355;155 646 237;7;0;9;3;9;1
202300019355;155 646 238;1;0;2;7;1;5
202300019356;155 646 236;7;0;1;2;16;1
202300019357;155 646 235;32;1;2;6;16;1
202300019358;155 646 234;7;13;0;1;0;1
202300019359;155 646 232;7;13;9;2;13;1
202300019359;155 646 233;1;0;2;1;1;5
202300019360;155 646 230;7;0;2;1;1;1
202300019360;155 646 231;7;0;2;3;19;1
202300019361;155 646 228;7;0;2;1;15;6
202300019361;155 646 229;31;0;2;1;1;6
202300019362;155 646 226;10;0;2;2;12;1
202300019362;155 646 227;10;0;2;6;1;1
202300019363;155 646 224;10;0;2;1;12;1
202300019363;155 646 225;32;0;0;4;2;1
202300019364;155 646 222;31;0;2;8;1;1
202300019364;155 646 223;10;0;2;5;15;1
202300019365;155 646 220;38;0;2;3;0;0
202300019365;155 646 221;33;0;2;1;0;0
202300019366;155 646 218;7;0;2;3;15;1
202300019366;155 646 219;2;0;2;1;1;1
202300019367;155 646 216;7;0;2;5;15;0
202300019367;155 646 217;31;0;2;1;1;0
202300019368;155 646 214;7;0;2;5;19;1
202300019368;155 646 215;33;0;2;1;1;1
202300019369;155 646 212;7;0;2;1;13;1
202300019369;155 646 213;7;3;2;3;1;1
202300019370;155 646 210;33;0;2;3;1;1
202300019370;155 646 211;7;0;2;8;13;1
202300019371;155 646 208;7;0;2;2;1;1
202300019371;155 646 209;7;0;2;1;19;1
202300019372;155 646 207;7;13;0;2;0;1
202300019373;155 646 205;7;0;2;2;0;1
202300019373;155 646 206;7;0;2;3;13;1
202300019374;155 646 204;31;13;0;0;1;1
202300019375;155 646 202;7;0;2;1;2;1
202300019375;155 646 203;21;0;0;4;2;0
202300019376;155 646 201;2;0;0;9;21;1
202300019377;155 646 199;2;0;2;8;9;1
202300019377;155 646 200;7;0;2;2;1;1
202300019378;155 646 197;7;0;2;3;16;1
202300019378;155 646 198;7;0;2;3;15;1
202300019379;155 646 196;7;0;1;2;1;1
202300019380;155 646 195;7;10;0;2;1;1
202300019381;155 646 194;7;0;0;9;1;1
202300019382;155 646 193;7;2;0;1;13;1
202300019383;155 646 191;1;0;2;8;2;5
202300019383;155 646 192;7;0;2;7;2;1
202300019384;155 646 190;33;13;0;0;0;1
202300019385;155 646 188;33;0;2;1;5;1
202300019385;155 646 189;7;8;2;1;1;1
202300019386;155 646 187;33;13;6;1;1;0
202300019387;155 646 183;10;0;2;2;17;1
202300019387;155 646 184;10;0;2;6;1;1
202300019388;155 646 182;1;0;0;1;0;5
202300019389;155 646 180;33;0;2;1;2;1
202300019389;155 646 181;7;0;2;4;11;1
202300019390;155 646 178;7;0;2;3;1;1
202300019390;155 646 179;7;0;2;1;15;1
202300019391;155 646 177;7;17;0;1;1;1
202300019392;155 646 176;1;1;0;1;1;5
202300019393;155 646 174;7;0;2;5;15;1
202300019393;155 646 175;1;0;2;1;1;5
202300019394;155 646 173;7;11;0;2;1;1
202300019395;155 646 171;7;0;2;1;1;1
202300019395;155 646 172;7;0;2;3;1;1
202300019396;155 646 168;7;0;2;4;1;1
202300019396;155 646 169;7;0;2;1;2;1
202300019396;155 646 170;7;0;0;4;24;1
202300019397;155 646 166;7;0;0;3;13;1
202300019397;155 646 167;7;0;0;3;2;1
202300019398;155 646 164;7;0;2;1;13;1
202300019398;155 646 165;7;0;2;1;1;1
202300019399;155 646 162;2;0;2;1;15;1
202300019399;155 646 163;7;0;2;8;1;1
202300019400;155 646 161;34;3;0;1;2;1
202300019401;155 646 159;10;9;2;2;19;1
202300019401;155 646 160;7;0;2;3;1;1
202300019402;155 646 158;1;8;9;1;1;5
202300019403;155 646 157;32;0;6;3;0;1
202300019404;155 646 156;7;0;0;0;0;1
202300019405;155 646 154;1;0;2;1;19;5
202300019405;155 646 155;7;0;9;2;1;1
202300019406;155 646 152;10;0;0;3;19;1
202300019406;155 646 153;1;0;0;2;1;5
202300019407;155 646 151;7;13;0;9;1;6
202300019408;155 646 150;7;0;1;1;1;1
202300019409;155 646 149;33;0;0;0;0;1
202300019410;155 646 148;7;13;1;3;1;1
202300019411;155 646 147;7;2;0;1;13;1
202300019412;155 646 146;33;0;0;7;2;1
202300019413;155 646 144;7;0;0;1;0;1
202300019413;155 646 145;7;0;0;1;0;1
202300019414;155 646 142;7;0;2;1;1;1
202300019414;155 646 143;2;0;2;1;5;1
202300019415;155 646 140;10;0;0;3;0;1
202300019415;155 646 141;33;0;0;1;0;0
202300019416;155 646 138;7;0;2;1;2;1
202300019416;155 646 139;7;4;2;4;1;1
202300019417;155 646 134;7;0;2;3;23;1
202300019417;155 646 135;7;4;2;1;21;1
202300019417;155 646 136;7;14;2;4;23;1
202300019417;155 646 137;10;14;2;4;23;1
202300019418;155 646 132;7;0;2;1;1;1
202300019418;155 646 133;7;0;0;4;1;1
202300019419;155 646 131;7;4;0;1;0;1
202300019420;155 646 128;7;0;2;4;2;1
202300019420;155 646 129;7;0;2;1;2;1
202300019420;155 646 130;7;0;2;1;2;1
202300019421;155 646 125;7;0;2;8;11;1
202300019421;155 646 126;33;0;2;3;3;1
202300019421;155 646 127;7;0;2;4;1;3
202300019422;155 646 123;7;0;2;4;1;1
202300019422;155 646 124;7;0;2;1;2;1
202300019423;155 646 121;7;0;2;4;2;1
202300019423;155 646 122;7;0;2;1;2;1
202300019424;155 646 120;33;3;0;1;1;1
202300019425;155 646 119;36;1;0;3;0;1
202300019426;155 646 118;50;0;0;0;1;3
202300019427;155 646 115;7;0;2;8;17;1
202300019427;155 646 116;7;0;2;8;1;1
202300019427;155 646 117;7;0;2;4;1;1
202300019428;155 646 113;33;0;2;8;15;1
202300019428;155 646 114;10;0;2;2;2;1
202300019429;155 646 112;7;3;0;3;1;0
202300019430;155 646 109;7;0;2;8;15;1
202300019430;155 646 111;34;0;2;2;17;1
202300019431;155 646 107;10;0;2;2;1;1
202300019431;155 646 108;33;0;2;8;1;1
202300019432;155 646 106;7;1;1;2;1;1
202300019433;155 646 104;30;0;2;1;2;1
202300019433;155 646 105;7;0;2;6;1;1
202300019434;155 646 100;33;0;2;1;1;1
202300019434;155 646 103;7;0;2;3;15;1
202300019435;155 646 101;99;0;2;0;0;0
202300019435;155 646 102;7;0;2;3;1;0
202300019436;155 646 099;7;4;0;3;11;1
202300019437;155 646 098;7;0;1;2;1;1
202300019438;155 646 097;7;7;0;1;1;1
202300019439;155 646 095;7;0;2;8;13;0
202300019439;155 646 096;32;0;2;7;17;1
202300019440;155 646 093;7;0;2;1;9;
202300019440;155 646 094;30;0;2;7;1;1
202300019441;155 646 091;7;0;2;7;15;1
202300019441;155 646 092;33;0;2;1;9;1
202300019442;155 646 090;50;12;0;7;18;3
202300019443;155 646 087;1;0;2;1;19;5
202300019443;155 646 089;7;0;2;5;23;3
202300019444;155 646 086;31;0;2;1;1;1
202300019444;155 646 088;7;0;2;3;15;2
202300019445;155 646 083;7;0;2;1;1;2
202300019445;155 646 085;7;0;2;4;1;1
202300019446;155 646 082;7;0;2;4;23;1
202300019446;155 646 084;7;0;2;3;2;1
202300019447;155 646 079;1;1;0;1;21;5
202300019447;155 646 081;7;0;2;8;22;1
202300019448;155 646 078;10;0;2;3;1;1
202300019448;155 646 080;33;0;2;7;1;1
202300019449;155 646 074;7;1;2;5;23;1
202300019449;155 646 076;7;1;2;5;23;2
202300019449;155 646 077;7;1;2;1;13;1
202300019450;155 646 070;7;0;2;1;1;1
202300019450;155 646 072;7;0;2;4;23;1
202300019451;155 646 069;7;0;2;1;2;1
202300019451;155 646 071;43;0;2;4;23;1
202300019452;155 646 068;32;6;0;1;1;1
202300019453;155 646 067;7;1;0;2;14;1
202300019454;155 646 063;7;1;0;1;1;1
202300019454;155 646 064;7;0;2;4;2;1
202300019454;155 646 066;7;0;2;4;2;1
202300019455;155 646 062;7;0;2;1;15;1
202300019455;155 646 065;80;0;2;1;1;3
202300019456;155 646 060;80;12;0;7;14;3
202300019457;155 646 059;2;0;2;8;1;1
202300019457;155 646 061;7;0;2;0;16;1
202300019458;155 646 056;1;0;1;3;1;5
202300019459;155 646 052;7;0;2;2;1;1
202300019459;155 646 054;1;0;2;0;0;5
202300019460;155 646 050;7;0;2;3;1;1
202300019460;155 646 051;50;0;2;7;15;3
202300019460;155 646 053;7;0;2;1;1;1
202300019461;155 646 049;7;0;1;2;1;0
202300019462;155 646 047;7;0;2;2;15;1
202300019462;155 646 048;32;0;2;3;1;1
202300019463;155 646 045;37;0;2;2;15;1
202300019463;155 646 046;34;0;2;1;7;1
202300019464;155 646 043;37;0;2;1;26;1
202300019464;155 646 044;37;0;2;4;11;1
202300019465;155 646 041;7;0;2;1;1;1
202300019465;155 646 042;50;0;2;1;1;3
202300019466;155 646 038;7;0;1;1;15;1
202300019467;155 646 037;7;14;0;0;16;1
202300019468;155 646 036;30;0;1;1;26;1
202300019469;155 646 034;50;1;0;2;1;3
202300019470;155 646 032;80;0;0;1;1;3
202300019471;155 646 030;7;1;0;2;1;1
202300019472;155 646 029;7;4;2;1;1;1
202300019473;155 646 025;2;0;2;1;13;0
202300019473;155 646 027;7;0;2;3;1;1
202300019473;155 646 028;7;0;2;3;2;0
202300019474;155 646 024;7;0;2;1;5;1
202300019474;155 646 026;7;0;2;1;1;1
202300019475;155 646 023;31;4;0;3;1;0
202300019476;155 646 022;7;0;1;4;4;1
202300019477;155 646 019;7;0;2;4;2;1
202300019477;155 646 020;30;0;2;4;2;1
202300019478;155 646 016;33;0;0;0;0;1
202300019478;155 646 017;7;0;2;3;11;1
202300019478;155 646 018;10;0;0;8;1;1
202300019478;155 646 021;32;0;2;1;2;1
202300019479;155 646 014;50;0;2;1;25;3
202300019479;155 646 015;7;0;2;3;9;1
202300019480;155 646 010;7;0;2;1;15;1
202300019480;155 646 013;7;0;2;1;1;1
202300019481;155 646 009;7;0;2;3;1;0
202300019481;155 646 011;7;0;2;6;1;0
202300019481;155 646 012;7;0;2;2;2;0
202300019482;155 646 007;7;0;2;1;13;1
202300019482;155 646 008;50;0;2;1;1;3
202300019483;155 646 005;32;0;2;3;21;1
202300019483;155 646 006;7;0;2;3;1;1
202300019484;155 646 003;33;0;0;3;1;1
202300019484;155 646 004;7;0;2;2;9;1
202300019485;155 646 001;30;0;2;2;5;1
202300019485;155 646 002;7;0;2;2;1;0
202300019486;155 645 998;7;0;0;2;19;1
202300019486;155 646 000;34;0;0;1;19;3
202300019487;155 645 997;17;0;2;1;1;0
202300019487;155 645 999;7;0;2;1;5;0
202300019488;155 645 995;7;0;2;2;13;1
202300019488;155 645 996;7;0;2;6;2;0
202300019489;155 645 993;32;0;2;1;13;1
202300019489;155 645 994;7;0;2;3;1;2
202300019490;155 645 991;33;0;2;1;1;1
202300019490;155 645 992;7;0;2;0;0;1
202300019491;155 645 990;7;17;0;8;1;1
202300019492;155 645 988;7;13;0;1;0;1
202300019493;155 645 987;7;0;2;1;1;0
202300019493;155 645 989;7;0;2;3;1;0
202300019494;155 645 986;7;2;0;1;13;1
202300019495;155 645 983;33;0;0;8;1;1
202300019496;155 645 982;15;0;1;5;1;1
202300019497;155 645 984;7;0;2;8;11;1
202300019497;155 645 985;7;9;2;7;1;2
202300019498;155 645 981;7;13;0;1;1;1
202300019499;155 645 978;7;0;2;4;1;1
202300019499;155 645 979;7;0;2;1;10;1
202300019499;155 645 980;7;0;2;4;0;1
202300019500;155 645 975;7;0;2;1;5;1
202300019500;155 645 977;7;0;2;1;1;1
202300019501;155 645 974;7;0;2;8;15;1
202300019501;155 645 976;50;0;2;3;1;3
202300019502;155 645 973;7;0;1;1;1;1
202300019503;155 645 972;33;6;0;1;0;1
202300019504;155 645 970;7;0;0;5;16;1
202300019504;155 645 971;1;0;2;1;2;5
202300019505;155 645 969;7;7;0;1;6;1
202300019506;155 645 968;7;2;0;3;5;1
202300019507;155 645 965;7;0;2;1;13;1
202300019507;155 645 966;7;0;2;1;1;1
202300019508;155 645 964;2;0;2;3;1;1
202300019508;155 645 967;7;0;2;3;15;1
202300019509;155 645 961;33;0;2;1;1;1
202300019509;155 645 963;10;0;2;8;15;1
202300019510;155 645 960;7;0;2;2;1;1
202300019510;155 645 962;7;0;2;3;15;2
202300019511;155 645 958;7;0;2;3;19;1
202300019511;155 645 959;7;0;2;1;1;1
202300019512;155 645 956;7;0;2;2;15;1
202300019512;155 645 957;14;0;2;1;1;1
202300019513;155 645 953;14;0;2;3;2;1
202300019513;155 645 954;7;0;2;5;2;1
202300019513;155 645 955;14;0;2;1;1;1
202300019514;155 645 951;7;0;2;1;1;1
202300019514;155 645 952;7;0;2;7;15;1
202300019515;155 645 950;33;3;0;1;1;1
202300019516;155 645 949;7;6;0;7;1;1
202300019517;155 645 948;10;6;0;2;1;0
202300019518;155 645 947;7;13;0;1;13;1
202300019519;155 645 945;7;0;2;3;13;1
202300019519;155 645 946;7;0;2;8;1;1
202300019520;155 645 943;7;0;2;8;11;1
202300019520;155 645 944;33;0;2;2;3;1
202300019521;155 645 939;1;0;2;7;1;5
202300019521;155 645 941;33;0;2;1;1;1
202300019522;155 645 938;7;5;0;1;1;1
202300019523;155 645 936;80;1;0;1;9;3
202300019524;155 645 935;7;14;0;4;2;1
202300019524;155 645 937;10;14;0;1;2;1
202300019525;155 645 930;15;0;0;6;24;0
202300019525;155 645 932;7;4;0;1;0;0
202300019526;155 645 929;7;0;2;6;24;1
202300019526;155 645 931;1;0;2;3;1;5
202300019526;155 645 933;7;1;2;1;2;0
202300019526;155 645 934;7;0;2;6;1;1
202300019527;155 645 927;13;0;2;3;1;1
202300019527;155 645 928;7;0;2;3;13;1
202300019528;155 645 926;7;0;1;1;1;0
202300019529;155 645 924;7;0;2;3;9;1
202300019529;155 645 925;15;0;2;2;1;1
202300019530;155 645 921;43;0;2;8;18;1
202300019530;155 645 923;7;0;2;3;15;4
202300019531;155 645 920;7;0;2;1;13;1
202300019531;155 645 922;7;0;2;1;1;1
202300019532;155 645 918;33;0;2;4;2;1
202300019532;155 645 919;1;0;0;1;2;5
202300019533;155 645 915;7;0;2;3;11;1
202300019533;155 645 917;1;0;2;1;17;5
202300019534;155 645 914;50;0;2;8;1;3
202300019534;155 645 916;7;0;2;3;1;1
202300019535;155 645 910;33;0;2;3;1;1
202300019535;155 645 912;7;0;2;3;1;1
202300019535;155 645 913;10;0;2;3;1;1
202300019536;155 645 909;1;0;2;3;13;5
202300019536;155 645 911;1;0;2;3;1;5
202300019537;155 645 906;7;0;2;3;0;0
202300019537;155 645 908;7;0;2;3;1;0
202300019538;155 645 905;31;0;2;8;9;1
202300019538;155 645 907;7;0;2;2;1;0
202300019539;155 645 903;2;0;2;3;13;1
202300019539;155 645 904;7;0;0;7;1;1
202300019540;155 645 901;7;15;0;1;1;1
202300019541;155 645 900;7;0;2;4;1;3
202300019541;155 645 902;7;0;2;1;2;2
202300019542;155 645 897;7;0;1;1;1;1
202300019543;155 645 896;7;0;2;9;17;1
202300019543;155 645 898;7;0;2;6;15;1
202300019543;155 645 899;10;15;2;3;1;1
202300019544;155 645 895;7;0;1;3;1;1
202300019545;155 645 892;30;14;0;3;16;1
202300019546;155 645 890;7;0;2;2;13;1
202300019546;155 645 891;7;0;2;2;1;1
202300019547;155 645 887;7;0;2;5;2;3
202300019547;155 645 889;33;0;1;2;2;1
202300019548;155 645 888;7;6;0;3;19;1
202300019549;155 645 884;1;0;2;7;1;5
202300019549;155 645 886;1;0;2;1;19;5
202300019550;155 645 882;7;0;2;3;1;1
202300019550;155 645 883;7;0;2;5;1;3
202300019550;155 645 885;43;0;2;5;12;1
202300019551;155 645 880;7;0;2;2;16;1
202300019551;155 645 881;1;0;2;3;1;5
202300019552;155 645 877;15;0;2;2;1;1
202300019552;155 645 879;7;0;2;4;11;1
202300019553;155 645 876;50;0;2;1;13;3
202300019553;155 645 878;1;0;2;1;13;5
202300019554;155 645 874;37;0;1;2;2;4
202300019555;155 645 872;7;0;2;1;2;1
202300019555;155 645 873;7;0;2;1;2;1
202300019555;155 645 875;7;0;2;4;2;1
202300019556;155 645 870;7;0;2;2;15;1
202300019556;155 645 871;34;0;2;1;1;1
202300019557;155 645 868;7;0;2;4;1;1
202300019557;155 645 869;7;0;2;1;1;1
202300019558;155 645 866;50;0;2;8;11;3
202300019558;155 645 867;37;0;2;7;2;0
202300019559;155 645 864;7;3;2;0;0;1
202300019559;155 645 865;7;3;2;0;0;1
202300019560;155 645 860;1;1;0;1;1;5
202300019560;155 645 862;10;0;0;8;24;1
202300019560;155 645 863;7;0;0;3;1;1
202300019561;155 645 861;7;4;0;2;1;1
202300019562;155 645 858;7;3;0;1;1;1
202300019563;155 645 857;7;0;2;3;1;1
202300019563;155 645 859;7;0;2;1;9;1
202300019564;155 645 855;7;0;2;2;14;1
202300019564;155 645 856;10;0;2;6;1;1
202300019565;155 645 853;7;0;2;2;1;1
202300019565;155 645 854;7;0;2;5;15;1
202300019566;155 645 852;3;3;0;3;1;1
202300019567;155 645 850;31;3;0;7;1;1
202300019568;155 645 849;1;0;2;3;15;5
202300019568;155 645 851;7;0;2;2;1;1
202300019569;155 645 845;31;0;1;1;1;1
202300019570;155 645 844;7;0;2;8;26;1
202300019570;155 645 846;7;0;2;8;1;1
202300019570;155 645 847;7;0;0;7;0;0
202300019570;155 645 848;7;0;2;7;1;1
202300019571;155 645 842;7;3;0;1;1;1
202300019572;155 645 843;7;0;1;1;26;1
202300019573;155 645 840;37;0;1;7;1;1
202300019574;155 645 839;7;0;2;0;0;1
202300019574;155 645 841;32;0;2;2;17;3
202300019575;155 645 838;30;0;1;1;0;1
202300019576;155 645 836;32;0;1;5;17;1
202300019577;155 645 835;37;0;2;1;2;0
202300019577;155 645 837;7;0;2;1;13;1
202300019578;155 645 832;33;0;2;1;0;1
202300019578;155 645 834;7;0;2;3;1;1
202300019579;155 645 833;1;0;2;0;1;5
202300019580;155 645 828;1;0;2;0;0;5
202300019580;155 645 830;1;0;2;0;0;5
202300019581;155 645 829;34;0;2;1;1;1
202300019581;155 645 831;7;0;2;3;15;1
202300019582;155 645 825;7;0;2;2;15;1
202300019582;155 645 827;1;0;2;1;2;5
202300019583;155 645 824;50;0;2;8;1;3
202300019583;155 645 826;7;0;2;3;1;1
202300019584;155 645 822;99;12;0;1;1;1
202300019585;155 645 821;37;1;0;1;1;1
202300019585;155 645 823;37;0;2;4;24;1
202300019586;155 645 817;1;0;2;3;1;5
202300019586;155 645 819;37;0;2;3;1;0
202300019587;155 645 815;10;0;1;1;1;1
202300019588;155 645 814;7;0;2;3;1;1
202300019588;155 645 816;1;0;2;1;1;5
202300019589;155 645 813;30;13;0;1;26;1
202300019590;155 645 811;32;0;2;1;2;1
202300019590;155 645 812;10;0;2;2;15;1
202300019591;155 645 810;10;0;1;2;17;1
202300019592;155 645 808;7;0;2;7;1;1
202300019592;155 645 809;7;0;2;1;1;1
202300019593;155 645 806;7;6;0;1;1;1
202300019594;155 645 805;7;0;2;1;13;0
202300019594;155 645 807;7;8;0;3;1;0
202300019595;155 645 802;2;0;2;1;1;1
202300019595;155 645 804;2;0;2;4;15;1
202300019596;155 645 798;7;0;2;3;2;1
202300019596;155 645 800;7;0;2;2;2;3
202300019597;155 645 799;7;0;1;2;1;1
202300019598;155 645 796;33;0;2;6;3;1
202300019598;155 645 797;0;0;2;3;1;0
202300019599;155 645 793;7;0;2;3;9;1
202300019599;155 645 794;33;0;2;7;1;1
202300019600;155 645 792;7;0;2;2;1;1
202300019600;155 645 795;36;0;2;3;19;1
202300019601;155 645 789;33;0;2;1;1;1
202300019601;155 645 791;7;0;2;8;26;1
202300019602;155 645 788;10;0;2;1;2;1
202300019602;155 645 790;15;0;0;5;2;1
202300019603;155 645 787;7;10;0;2;14;1
202300019604;155 645 785;7;0;2;2;9;1
202300019604;155 645 786;50;0;2;1;19;3
202300019605;155 645 783;50;0;2;8;19;3
202300019605;155 645 784;7;0;2;1;15;0
202300019606;155 645 780;17;0;2;5;14;1
202300019606;155 645 781;33;3;2;8;1;1
202300019606;155 645 782;33;3;2;5;1;1
202300019607;155 645 778;7;0;2;2;2;0
202300019607;155 645 779;33;0;2;4;1;0
202300019608;155 645 777;7;13;0;2;14;1
202300019609;155 645 774;7;0;2;1;2;1
202300019609;155 645 775;7;0;0;4;2;1
202300019610;155 645 773;7;0;2;3;1;1
202300019610;155 645 776;7;0;2;1;1;1
202300019611;155 645 771;7;9;0;9;26;1
202300019612;155 645 770;7;0;2;8;0;1
202300019612;155 645 772;33;0;2;1;0;1
202300019613;155 645 768;7;0;2;5;15;1
202300019613;155 645 769;7;0;2;1;15;1
202300019614;155 645 766;7;0;2;6;1;1
202300019614;155 645 767;33;0;2;7;17;1
202300019615;155 645 765;32;0;0;8;1;1
202300019616;155 645 764;33;0;0;8;1;1
202300019617;155 645 762;7;0;2;3;1;1
202300019617;155 645 763;7;0;2;3;13;1
202300019618;155 645 761;7;3;0;1;14;1
202300019619;155 645 759;33;5;0;1;0;1
202300019620;155 645 758;7;0;2;8;1;1
202300019620;155 645 760;7;0;2;1;26;1
202300019621;155 645 755;7;0;2;1;2;1
202300019621;155 645 756;7;0;2;0;0;1
202300019622;155 645 754;7;0;2;1;5;1
202300019622;155 645 757;17;0;2;1;1;1
202300019623;155 645 753;7;13;0;1;13;1
202300019624;155 645 752;7;0;1;1;16;1
202300019625;155 645 750;7;11;0;3;1;1
202300019626;155 645 749;7;0;2;2;16;0
202300019626;155 645 751;2;0;2;7;1;1
202300019627;155 645 748;7;0;1;7;1;1
202300019628;155 645 747;17;4;0;2;13;1
202300019629;155 645 745;7;0;0;9;13;1
202300019630;155 645 744;7;0;2;3;9;1
202300019630;155 645 746;2;0;2;2;1;1
202300019631;155 645 742;7;0;2;1;16;0
202300019631;155 645 743;50;0;2;0;0;3
202300019632;155 645 740;21;0;2;1;21;1
202300019632;155 645 741;7;0;2;3;1;1
202300019633;155 645 739;10;0;1;1;1;1
202300019634;155 645 736;10;0;2;2;15;1
202300019634;155 645 738;33;0;2;1;1;1
202300019635;155 645 735;1;0;2;8;1;5
202300019635;155 645 737;7;0;2;2;14;1
202300019636;155 645 734;7;2;0;1;0;1
202300019637;155 645 733;7;0;1;3;15;1
202300019638;155 645 732;7;0;1;2;1;1
202300019639;155 645 730;50;0;2;1;1;3
202300019639;155 645 731;7;0;2;8;15;1
202300019640;155 645 728;15;0;9;6;1;1
202300019640;155 645 729;1;0;2;1;13;5
202300019641;155 645 726;2;0;2;1;2;1
202300019641;155 645 727;7;0;9;4;2;1
202300019642;155 645 725;2;12;0;0;1;1
202300019643;155 645 723;33;0;0;7;15;1
202300019644;155 645 722;7;1;0;2;1;1
202300019644;155 645 724;1;0;2;0;23;5
202300019645;155 645 719;7;0;2;1;15;1
202300019645;155 645 721;2;0;0;7;1;1
202300019646;155 645 716;60;0;2;1;0;5
202300019646;155 645 718;7;0;9;0;0;0
202300019647;155 645 714;7;0;0;9;1;1
202300019648;155 645 712;7;0;1;4;2;1
202300019648;155 645 713;7;0;2;1;2;1
202300019649;155 645 710;50;0;2;3;11;3
202300019649;155 645 711;10;0;2;2;3;1
202300019650;155 645 708;7;0;2;1;1;1
202300019650;155 645 709;7;12;0;4;0;1
202300019651;155 645 706;33;0;2;0;2;1
202300019651;155 645 707;10;0;0;6;2;1