Num_Acc;id_vehicule;categorie_vehicule;obstacle_fixe;obstacle_mobile;point_choc_initial;manoeuvre_principale;motorisation
202300019652;155 645 705;30;16;0;0;1;1
202300019653;155 645 703;7;0;2;8;26;1
202300019653;155 645 704;33;0;2;2;1;1
202300019654;155 645 702;7;13;0;3;13;1
202300019655;155 645 701;2;6;0;1;1;1
202300019656;155 645 697;2;0;2;1;9;1
202300019656;155 645 699;7;0;2;8;15;1
202300019657;155 645 698;7;0;2;1;13;1
202300019657;155 645 700;15;0;2;1;1;1
202300019658;155 645 695;1;0;2;1;1;5
202300019658;155 645 696;7;0;2;4;23;1
202300019659;155 645 693;10;0;2;8;14;1
202300019659;155 645 694;15;0;0;6;1;1
202300019660;155 645 692;2;11;0;1;6;1
202300019661;155 645 691;7;12;0;7;1;1
202300019662;155 645 688;33;0;2;1;17;1
202300019662;155 645 690;7;0;2;3;15;0
202300019663;155 645 687;31;0;2;7;3;1
202300019663;155 645 689;7;0;2;3;9;1
202300019664;155 645 686;33;0;0;8;15;0
202300019665;155 645 684;7;0;2;7;9;1
202300019665;155 645 685;7;0;2;1;1;1
202300019666;155 645 683;33;0;0;0;1;1
202300019667;155 645 681;33;0;2;4;1;1
202300019667;155 645 682;7;0;2;1;1;1
202300019668;155 645 680;33;13;0;0;1;1
202300019669;155 645 677;7;0;2;3;13;3
202300019669;155 645 679;7;0;2;6;1;6
202300019670;155 645 676;7;0;2;3;15;1
202300019670;155 645 678;2;0;2;1;1;1
202300019671;155 645 674;7;0;2;4;2;1
202300019671;155 645 675;10;0;2;1;2;1
202300019672;155 645 673;33;0;6;1;1;1
202300019673;155 645 670;7;0;2;3;1;1
202300019673;155 645 672;7;0;2;3;1;1
202300019674;155 645 669;7;0;2;2;2;1
202300019674;155 645 671;2;0;2;4;2;1
202300019675;155 645 667;2;0;2;1;1;1
202300019675;155 645 668;7;0;2;3;17;1
202300019676;155 645 665;7;0;2;3;15;1
202300019676;155 645 666;33;0;2;8;19;1
202300019677;155 645 663;33;1;0;8;17;1
202300019678;155 645 661;1;6;0;1;0;5
202300019679;155 645 659;7;0;2;6;1;1
202300019679;155 645 660;7;0;2;4;2;1
202300019679;155 645 662;7;0;2;1;1;1
202300019679;155 645 664;7;0;2;1;1;1
202300019680;155 645 658;1;6;0;0;21;5
202300019681;155 645 657;7;0;1;3;15;3
202300019682;155 645 653;10;0;2;4;2;1
202300019682;155 645 654;7;0;2;1;2;1
202300019683;155 645 655;1;0;2;1;23;5
202300019683;155 645 656;7;1;0;2;15;1
202300019684;155 645 652;7;15;0;3;13;1
202300019685;155 645 650;7;0;1;2;1;1
202300019686;155 645 649;7;0;2;1;2;2
202300019686;155 645 651;7;0;2;6;2;1
202300019687;155 645 644;7;0;2;5;2;1
202300019687;155 645 646;33;0;2;8;11;1
202300019687;155 645 647;31;0;2;7;2;1
202300019688;155 645 643;7;7;2;0;1;1
202300019688;155 645 645;1;0;2;4;1;5
202300019688;155 645 648;1;0;2;4;1;5
202300019689;155 645 639;33;0;2;1;17;1
202300019689;155 645 641;7;0;0;6;17;1
202300019690;155 645 640;33;0;2;7;1;1
202300019690;155 645 642;7;0;2;8;11;1
202300019691;155 645 638;33;13;0;2;1;1
202300019692;155 645 636;33;0;2;1;3;1
202300019692;155 645 637;7;0;2;6;11;1
202300019693;155 645 634;7;0;2;2;1;1
202300019693;155 645 635;2;0;2;1;1;1
202300019694;155 645 630;33;0;1;1;1;1
202300019695;155 645 631;7;0;2;1;9;1
202300019695;155 645 632;1;0;2;7;16;5
202300019696;155 645 627;7;0;2;1;1;1
202300019696;155 645 629;1;0;2;7;1;5
202300019697;155 645 626;2;0;2;2;17;1
202300019697;155 645 628;7;0;2;8;15;1
202300019698;155 645 624;34;0;1;1;1;1
202300019699;155 645 621;7;0;2;1;1;1
202300019699;155 645 622;10;0;2;1;1;1
202300019699;155 645 623;7;0;2;4;1;1
202300019699;155 645 625;7;0;2;4;0;1
202300019700;155 645 618;30;0;2;4;2;3
202300019700;155 645 620;7;0;2;0;2;0
202300019701;155 645 617;7;0;2;5;23;1
202300019701;155 645 619;7;0;2;1;2;1
202300019702;155 645 615;7;0;2;2;22;1
202300019702;155 645 616;31;1;0;1;1;3
202300019703;155 645 612;7;0;2;2;12;1
202300019703;155 645 614;7;0;2;6;1;1
202300019704;155 645 611;1;0;2;8;19;5
202300019704;155 645 613;7;0;2;1;2;3
202300019705;155 645 609;15;0;2;2;12;1
202300019705;155 645 610;7;0;2;6;1;1
202300019706;155 645 608;50;12;0;1;13;3
202300019707;155 645 606;7;0;2;1;1;1
202300019707;155 645 607;10;0;2;3;10;1
202300019708;155 645 604;7;0;2;2;15;1
202300019708;155 645 605;32;0;2;3;1;1
202300019709;155 645 603;7;4;0;1;2;1
202300019710;155 645 600;33;0;2;5;1;1
202300019710;155 645 602;7;0;2;3;10;1
202300019711;155 645 599;33;0;2;1;3;1
202300019711;155 645 601;7;0;2;6;11;1
202300019712;155 645 596;1;0;2;1;1;5
202300019712;155 645 598;7;0;2;4;23;3
202300019713;155 645 597;31;0;9;1;1;1
202300019714;155 645 592;7;0;2;2;2;1
202300019714;155 645 593;10;0;2;4;2;1
202300019715;155 645 591;10;14;0;4;2;1
202300019715;155 645 594;34;14;0;4;2;1
202300019715;155 645 595;10;3;0;1;2;1
202300019716;155 645 590;7;4;0;2;0;1
202300019717;155 645 589;30;8;0;1;1;1
202300019718;155 645 587;34;4;2;3;3;1
202300019718;155 645 588;7;4;2;2;12;1
202300019719;155 645 586;7;1;0;6;14;1
202300019720;155 645 584;30;0;2;8;25;1
202300019720;155 645 585;1;0;2;7;25;5
202300019721;155 645 580;7;0;2;1;2;3
202300019721;155 645 581;7;0;2;4;2;1
202300019721;155 645 582;33;0;2;4;1;1
202300019721;155 645 583;7;0;2;4;2;1
202300019722;155 645 579;7;0;1;0;0;0
202300019723;155 645 578;31;0;1;1;2;1
202300019724;155 645 576;32;8;0;2;2;1
202300019725;155 645 575;10;0;2;1;0;1
202300019725;155 645 577;7;0;2;4;0;1
202300019726;155 645 574;10;0;1;4;26;1
202300019727;155 645 573;7;3;0;1;0;1
202300019728;155 645 570;7;0;2;1;2;2
202300019728;155 645 572;15;0;2;4;0;0
202300019729;155 645 571;7;2;0;1;1;0
202300019730;155 645 566;7;7;0;1;19;0
202300019730;155 645 568;7;7;0;8;1;1
202300019731;155 645 562;21;0;2;1;1;1
202300019731;155 645 563;7;0;2;1;13;1
202300019732;155 645 561;10;0;2;1;1;1
202300019732;155 645 564;10;0;2;4;2;1
202300019732;155 645 565;7;0;2;4;1;1
202300019732;155 645 567;7;0;2;4;1;1
202300019732;155 645 569;7;0;2;4;2;1
202300019733;155 645 560;7;0;1;3;1;1
202300019734;155 645 558;10;0;2;7;12;1
202300019734;155 645 559;33;0;2;8;3;1
202300019735;155 645 557;7;2;0;2;1;1
202300019736;155 645 554;7;13;0;1;13;1
202300019737;155 645 555;7;0;2;1;2;1
202300019737;155 645 556;7;0;2;4;2;1
202300019738;155 645 553;7;13;0;2;14;1
202300019739;155 645 551;14;0;2;1;1;1
202300019739;155 645 552;7;0;2;8;11;1
202300019740;155 645 549;7;2;0;1;1;1
202300019740;155 645 550;33;0;2;8;19;1
202300019741;155 645 547;14;0;2;1;2;1
202300019741;155 645 548;7;0;2;4;2;1
202300019742;155 645 545;7;0;2;1;1;1
202300019742;155 645 546;10;0;2;1;13;1
202300019743;155 645 542;7;0;2;2;17;1
202300019743;155 645 544;7;0;2;6;1;1
202300019744;155 645 543;7;4;0;1;0;1
202300019745;155 645 541;7;2;0;8;1;1
202300019746;155 645 539;7;0;2;1;2;1
202300019746;155 645 540;7;0;2;4;0;1
202300019747;155 645 538;7;8;0;1;14;1
202300019748;155 645 534;30;0;2;4;1;1
202300019748;155 645 536;7;0;2;1;1;1
202300019749;155 645 532;15;0;2;7;12;1
202300019749;155 645 533;15;0;2;4;1;1
202300019749;155 645 535;15;0;2;1;1;1
202300019749;155 645 537;10;0;2;8;1;1
202300019750;155 645 530;15;0;2;4;2;1
202300019750;155 645 531;7;0;2;1;2;1
202300019751;155 645 528;10;0;2;6;1;1
202300019751;155 645 529;33;0;2;2;21;1
202300019752;155 645 526;7;0;2;8;0;0
202300019752;155 645 527;7;0;2;2;1;6
202300019753;155 645 525;7;17;0;1;14;
202300019754;155 645 524;7;0;1;3;20;1
202300019755;155 645 523;7;0;1;3;1;1
202300019756;155 645 520;2;0;2;1;15;1
202300019756;155 645 522;7;0;2;2;1;1
202300019757;155 645 519;7;12;2;1;1;1
202300019757;155 645 521;7;0;2;1;1;1
202300019758;155 645 517;7;8;2;8;1;1
202300019758;155 645 518;7;0;2;3;15;1
202300019759;155 645 516;7;0;0;7;1;1
202300019760;155 645 515;7;0;1;1;1;1
202300019761;155 645 513;33;8;2;0;1;1
202300019761;155 645 514;7;0;2;3;1;1
202300019762;155 645 510;2;0;1;1;1;1
202300019763;155 645 509;33;0;0;0;1;1
202300019764;155 645 511;7;0;2;2;1;1
202300019764;155 645 512;7;0;2;1;9;1
202300019765;155 645 505;7;2;0;9;1;1
202300019766;155 645 506;1;0;2;1;1;5
202300019766;155 645 507;10;0;2;2;16;1
202300019767;155 645 504;7;13;0;1;17;1
202300019768;155 645 503;33;0;0;8;1;1
202300019769;155 645 500;7;13;0;1;1;1
202300019770;155 645 501;50;0;2;1;1;3
202300019770;155 645 502;10;0;2;3;15;1
202300019771;155 645 499;7;3;0;9;2;1
202300019772;155 645 497;7;3;0;1;21;1
202300019773;155 645 496;10;0;2;3;15;1
202300019773;155 645 498;30;0;2;1;1;1
202300019774;155 645 495;14;0;1;3;15;1
202300019775;155 645 490;7;0;9;1;2;1
202300019775;155 645 492;10;0;9;4;2;1
202300019775;155 645 494;7;0;9;1;2;1
202300019776;155 645 491;33;0;2;1;17;1
202300019776;155 645 493;30;0;2;1;1;1
202300019777;155 645 488;7;0;0;0;1;1
202300019778;155 645 489;7;8;0;3;13;1
202300019779;155 645 487;7;6;0;2;0;1
202300019780;155 645 485;33;13;0;3;17;0
202300019781;155 645 484;30;0;2;1;1;1
202300019781;155 645 486;1;0;0;1;1;5
202300019782;155 645 481;2;0;2;1;13;1
202300019782;155 645 483;7;0;2;3;1;1
202300019783;155 645 480;13;0;2;1;1;0
202300019783;155 645 482;33;0;2;8;1;0
202300019784;155 645 478;7;0;2;1;5;0
202300019784;155 645 479;7;0;2;1;1;0
202300019785;155 645 475;7;0;0;0;22;1
202300019785;155 645 476;80;0;0;0;21;3
202300019786;155 645 474;7;0;2;1;1;1
202300019786;155 645 477;31;0;2;4;1;1
202300019787;155 645 472;7;8;0;1;0;1
202300019788;155 645 471;7;0;2;0;0;1
202300019788;155 645 473;7;0;2;0;0;2
202300019789;155 645 470;7;12;0;1;15;1
202300019790;155 645 469;7;0;1;5;4;1
202300019791;155 645 468;7;12;1;3;5;1
202300019792;155 645 465;7;0;2;7;12;1
202300019792;155 645 467;7;0;2;8;1;1
202300019793;155 645 461;7;0;2;3;1;1
202300019793;155 645 463;1;0;2;7;19;5
202300019794;155 645 460;7;0;2;7;1;1
202300019794;155 645 462;7;0;2;3;9;1
202300019795;155 645 457;30;0;2;1;1;1
202300019795;155 645 459;7;0;2;3;1;1
202300019796;155 645 456;7;0;2;3;15;1
202300019796;155 645 458;7;0;2;2;1;1
202300019797;155 645 454;7;13;0;9;1;1
202300019798;155 645 453;33;0;2;1;1;1
202300019798;155 645 455;7;0;2;2;15;1
202300019799;155 645 452;2;8;0;8;26;1
202300019800;155 645 450;33;0;2;4;1;1
202300019800;155 645 451;7;0;2;1;1;1
202300019801;155 645 446;7;0;2;7;1;1
202300019801;155 645 447;30;0;2;8;1;1
202300019802;155 645 445;1;0;1;1;1;5
202300019803;155 645 441;1;0;2;1;1;5
202300019803;155 645 443;7;0;2;7;1;1
202300019804;155 645 442;7;0;2;1;19;1
202300019804;155 645 444;7;0;2;3;19;0
202300019805;155 645 438;50;0;2;0;15;3
202300019805;155 645 440;7;0;2;8;16;1
202300019806;155 645 439;0;0;1;0;26;0
202300019807;155 645 436;33;4;0;8;1;1
202300019808;155 645 435;7;0;2;1;16;1
202300019808;155 645 437;1;0;2;1;2;5
202300019809;155 645 432;7;0;2;3;13;1
202300019809;155 645 434;10;0;2;3;1;1
202300019810;155 645 431;7;0;2;8;15;1
202300019810;155 645 433;33;0;2;1;5;1
202300019811;155 645 428;33;0;2;7;17;1
202300019811;155 645 430;7;0;2;6;15;1
202300019812;155 645 426;7;0;2;1;23;1
202300019812;155 645 427;7;0;2;1;15;1
202300019812;155 645 429;1;0;2;1;1;5
202300019813;155 645 424;33;0;2;1;17;1
202300019813;155 645 425;7;0;2;8;10;1
202300019814;155 645 423;7;0;1;2;1;1
202300019815;155 645 421;30;12;0;0;1;1
202300019816;155 645 420;7;0;2;3;15;1
202300019816;155 645 422;33;0;2;1;1;1
202300019817;155 645 418;7;0;2;4;4;1
202300019817;155 645 419;32;0;2;9;1;1
202300019818;155 645 416;10;0;1;3;0;1
202300019819;155 645 415;7;0;2;2;12;1
202300019819;155 645 417;33;0;2;8;1;1
202300019820;155 645 412;33;0;2;1;0;1
202300019820;155 645 413;10;0;2;5;2;1
202300019821;155 645 411;7;0;2;6;1;1
202300019821;155 645 414;7;0;2;1;1;1
202300019822;155 645 408;42;0;9;1;1;1
202300019822;155 645 410;31;0;2;1;7;1
202300019823;155 645 407;7;0;2;3;13;1
202300019823;155 645 409;1;0;2;1;1;5
202300019824;155 645 406;2;14;0;1;26;1
202300019825;155 645 404;7;0;2;6;9;0
202300019825;155 645 405;33;0;2;2;1;1
202300019826;155 645 402;33;0;2;1;1;1
202300019826;155 645 403;7;0;2;5;10;1
202300019827;155 645 401;2;0;0;2;5;1
202300019828;155 645 400;33;6;0;3;13;1
202300019829;155 645 397;50;0;2;1;1;3
202300019829;155 645 399;7;0;2;2;1;1
202300019830;155 645 396;2;0;2;1;1;1
202300019830;155 645 398;7;0;2;2;15;1
202300019831;155 645 395;7;0;1;3;16;1
202300019832;155 645 393;33;0;2;8;3;1
202300019832;155 645 394;7;0;2;7;12;0
202300019833;155 645 392;7;1;0;1;15;1
202300019834;155 645 388;7;0;2;1;1;1
202300019834;155 645 390;2;0;2;7;1;1
202300019835;155 645 387;7;0;2;1;2;1
202300019835;155 645 389;7;0;2;4;2;1
202300019835;155 645 391;7;0;2;4;2;1
202300019836;155 645 384;1;0;2;1;13;5
202300019836;155 645 386;80;0;2;1;1;3
202300019837;155 645 383;33;1;2;0;0;1
202300019837;155 645 385;7;0;2;1;0;1
202300019838;155 645 381;10;0;2;8;22;1
202300019838;155 645 382;1;0;2;1;1;5
202300019839;155 645 378;2;0;2;7;1;1
202300019839;155 645 379;7;0;2;0;15;0
202300019840;155 645 377;50;0;2;1;9;3
202300019840;155 645 380;7;0;0;2;15;1
202300019841;155 645 375;50;0;1;1;1;3
202300019842;155 645 376;33;0;1;1;1;1
202300019843;155 645 374;2;0;0;1;16;1
202300019844;155 645 372;7;0;2;6;4;1
202300019844;155 645 373;33;0;2;1;1;1
202300019845;155 645 370;31;0;2;0;0;3
202300019845;155 645 371;7;0;2;0;0;1
202300019846;155 645 368;1;0;2;1;7;5
202300019846;155 645 369;10;0;2;4;23;3
202300019847;155 645 365;7;0;2;0;15;1
202300019847;155 645 367;31;0;2;0;15;1
202300019848;155 645 363;30;1;0;1;26;1
202300019849;155 645 364;80;0;2;7;1;3
202300019849;155 645 366;2;0;2;2;16;1
202300019850;155 645 361;7;0;2;1;2;1
202300019850;155 645 362;15;0;2;4;1;1
202300019851;155 645 357;32;0;2;1;1;1
202300019851;155 645 358;7;0;2;3;17;1
202300019852;155 645 355;1;0;2;1;1;5
202300019852;155 645 356;10;0;2;3;9;1
202300019853;155 645 353;10;0;2;1;1;1
202300019853;155 645 354;10;3;0;6;23;1
202300019854;155 645 351;7;0;2;1;1;1
202300019854;155 645 352;7;0;2;1;5;3
202300019855;155 645 348;10;0;2;3;1;1
202300019855;155 645 350;1;0;2;1;1;5
202300019856;155 645 347;7;0;2;3;1;1
202300019856;155 645 349;10;0;2;0;1;0
202300019857;155 645 346;50;13;0;1;1;3
202300019858;155 645 344;7;0;2;1;21;1
202300019858;155 645 345;1;0;2;7;1;5
202300019859;155 645 342;7;0;2;3;15;0
202300019859;155 645 343;34;0;2;2;17;0
202300019860;155 645 340;7;0;2;3;17;1
202300019860;155 645 341;33;0;2;8;15;1
202300019861;155 645 339;33;0;1;1;1;1
202300019862;155 645 337;7;6;0;1;14;1
202300019863;155 645 336;7;0;2;8;1;1
202300019863;155 645 338;7;0;2;1;1;1
202300019864;155 645 334;7;0;2;3;21;1
202300019864;155 645 335;1;0;2;1;1;5
202300019865;155 645 332;7;1;0;2;1;2
202300019866;155 645 331;10;0;2;3;1;1
202300019866;155 645 333;50;0;2;7;19;3
202300019867;155 645 330;7;13;0;1;1;1
202300019868;155 645 328;7;1;0;3;1;1
202300019869;155 645 324;31;0;2;2;2;0
202300019869;155 645 326;7;0;2;3;15;0
202300019870;155 645 325;7;0;2;9;21;0
202300019871;155 645 320;7;0;2;0;0;0
202300019871;155 645 321;7;0;0;4;23;0
202300019871;155 645 323;7;0;0;4;23;1
202300019872;155 645 319;7;1;2;2;16;1
202300019872;155 645 322;33;1;2;1;3;1
202300019873;155 645 316;34;0;2;1;2;1
202300019873;155 645 318;34;0;2;0;0;1
202300019874;155 645 315;7;0;2;3;9;1
202300019874;155 645 317;50;0;2;1;9;3
202300019875;155 645 311;10;0;2;2;15;1
202300019875;155 645 313;33;0;2;1;2;1
202300019876;155 645 310;17;0;2;1;1;1
202300019876;155 645 312;10;0;2;1;1;1
202300019876;155 645 314;7;0;2;0;0;1
202300019877;155 645 307;7;0;2;3;15;1
202300019877;155 645 309;33;0;2;1;17;1
202300019878;155 645 306;7;0;2;1;15;1
202300019878;155 645 308;50;0;2;0;0;3
202300019879;155 645 303;7;0;2;5;12;1
202300019879;155 645 305;10;0;2;1;1;1
202300019880;155 645 302;33;0;2;1;3;1
202300019880;155 645 304;10;0;2;5;2;1
202300019881;155 645 299;30;0;2;1;1;1
202300019881;155 645 301;7;0;2;1;1;1
202300019882;155 645 298;7;0;2;4;12;1
202300019882;155 645 300;33;0;2;1;3;1
202300019883;155 645 296;7;0;0;5;2;1
202300019883;155 645 297;33;0;2;3;2;1
202300019884;155 645 293;7;14;0;3;15;1
202300019884;155 645 295;33;14;0;8;1;1
202300019885;155 645 294;33;0;1;1;17;1
202300019886;155 645 291;7;0;2;1;2;1
202300019886;155 645 292;7;0;2;4;23;1
202300019887;155 645 289;7;0;2;1;1;1
202300019887;155 645 290;7;0;2;1;5;1
202300019888;155 645 287;34;0;2;8;1;0
202300019888;155 645 288;7;0;2;1;1;0
202300019889;155 645 284;31;0;2;4;2;1
202300019889;155 645 285;7;0;2;1;2;1
202300019890;155 645 283;33;0;2;1;1;1
202300019890;155 645 286;33;0;2;7;14;1
202300019891;155 645 281;10;0;2;8;22;1
202300019891;155 645 282;80;1;0;1;1;3
202300019892;155 645 278;10;0;2;1;1;1
202300019892;155 645 279;33;0;2;8;9;1
202300019893;155 645 280;7;3;0;3;1;1
202300019894;155 645 276;1;0;1;1;5;5
202300019895;155 645 275;10;0;2;0;1;3
202300019895;155 645 277;31;0;2;0;1;1
202300019896;155 645 274;33;0;0;2;1;1
202300019897;155 645 272;14;0;0;0;23;6
202300019897;155 645 273;1;0;0;0;17;5
202300019898;155 645 271;31;12;0;2;0;1
202300019899;155 645 270;2;0;1;1;1;0
202300019900;155 645 269;10;0;1;4;4;3
202300019901;155 645 265;33;0;2;1;3;1
202300019901;155 645 267;7;0;2;3;10;1
202300019902;155 645 268;7;2;0;8;0;6
202300019903;155 645 264;7;0;2;7;1;2
202300019903;155 645 266;32;0;2;8;18;1
202300019904;155 645 262;80;0;2;1;1;3
202300019904;155 645 263;10;0;2;5;14;1
202300019905;155 645 259;7;0;2;2;15;1
202300019905;155 645 261;7;0;2;3;1;1
202300019906;155 645 258;7;0;2;1;5;1
202300019906;155 645 260;7;0;2;1;1;1
202300019907;155 645 253;7;0;2;1;1;1
202300019907;155 645 256;7;0;2;8;1;1
202300019908;155 645 255;43;0;2;1;15;1
202300019908;155 645 257;7;0;2;3;15;1
202300019909;155 645 249;7;0;2;2;1;1
202300019909;155 645 251;50;0;2;3;3;3
202300019910;155 645 248;7;0;2;1;1;1
202300019910;155 645 252;7;0;2;4;1;1
202300019910;155 645 254;7;0;2;1;1;2
202300019911;155 645 247;7;0;2;3;1;1
202300019911;155 645 250;50;0;2;1;15;3
202300019912;155 645 243;33;0;2;1;1;0
202300019912;155 645 246;7;0;2;8;15;0
202300019913;155 645 241;10;0;9;2;22;1
202300019913;155 645 245;1;0;2;1;26;5
202300019914;155 645 242;50;0;2;1;1;3
202300019914;155 645 244;7;0;2;3;15;1
202300019915;155 645 239;43;0;2;1;17;1
202300019915;155 645 240;7;0;2;3;13;3
202300019916;155 645 238;0;9;0;1;1;0
202300019917;155 645 237;10;0;1;7;1;1
202300019918;155 645 236;30;0;1;1;1;3
202300019919;155 645 233;32;0;0;0;0;3
202300019919;155 645 234;7;8;9;0;13;1
202300019920;155 645 230;7;0;2;3;19;0
202300019920;155 645 232;32;0;2;1;1;0
202300019921;155 645 231;1;0;2;6;1;5
202300019921;155 645 235;7;0;2;1;15;1
202300019922;155 645 228;1;0;0;1;1;5
202300019923;155 645 229;7;2;0;2;1;1
202300019924;155 645 226;2;0;2;5;1;1
202300019924;155 645 227;7;0;2;5;15;1
202300019925;155 645 225;33;7;0;0;1;1
202300019926;155 645 221;7;0;2;1;19;1
202300019926;155 645 224;7;0;2;3;1;1
202300019927;155 645 222;7;0;1;1;15;3
202300019928;155 645 220;10;0;0;3;1;1
202300019928;155 645 223;17;0;9;3;1;1
202300019929;155 645 217;32;0;1;1;1;1
202300019930;155 645 216;10;0;2;3;13;1
202300019930;155 645 219;10;0;2;3;1;1
202300019931;155 645 215;31;0;2;1;1;1
202300019931;155 645 218;7;0;2;6;19;1
202300019932;155 645 214;7;6;0;1;26;1
202300019933;155 645 213;33;0;0;9;15;1
202300019934;155 645 211;2;0;2;1;1;1
202300019934;155 645 212;7;0;2;4;23;1
202300019935;155 645 206;10;0;2;1;2;1
202300019935;155 645 210;17;0;0;4;2;1
202300019936;155 645 208;7;0;0;5;15;1
202300019936;155 645 209;33;0;2;1;2;1
202300019937;155 645 207;1;0;1;3;1;5
202300019938;155 645 205;7;4;0;1;1;1
202300019939;155 645 203;1;0;1;1;7;5
202300019940;155 645 202;7;0;2;3;16;1
202300019940;155 645 204;33;0;2;1;1;1
202300019941;155 645 197;33;0;2;1;23;1
202300019941;155 645 200;33;0;0;4;23;1
202300019942;155 645 198;1;0;2;1;1;5
202300019942;155 645 201;1;0;0;0;18;5
202300019943;155 645 196;7;0;2;1;1;1
202300019943;155 645 199;7;0;2;3;1;1
202300019944;155 645 195;33;13;0;1;0;1
202300019945;155 645 194;1;0;0;1;21;5
202300019946;155 645 193;2;0;1;1;1;1
202300019947;155 645 190;33;0;2;1;21;1
202300019947;155 645 191;7;0;0;6;2;1
202300019947;155 645 192;7;0;9;1;1;1
202300019948;155 645 189;1;8;0;1;21;5
202300019949;155 645 186;7;0;2;1;2;1
202300019949;155 645 188;7;0;2;4;1;1
202300019950;155 645 185;7;10;2;6;21;1
202300019950;155 645 187;31;0;2;3;1;1
202300019951;155 645 184;32;0;1;1;1;1
202300019952;155 645 181;34;0;2;2;17;1
202300019952;155 645 183;10;0;2;8;15;1
202300019953;155 645 180;7;0;2;3;15;1
202300019953;155 645 182;1;0;2;7;1;5
202300019954;155 645 179;7;0;1;3;1;1
202300019955;155 645 177;33;0;2;6;13;1
202300019955;155 645 178;7;0;2;3;1;1
202300019956;155 645 176;13;0;1;0;1;0
202300019957;155 645 174;33;5;0;2;1;1
202300019958;155 645 173;7;0;2;1;1;1
202300019958;155 645 175;10;0;2;4;0;1
202300019959;155 645 170;7;0;2;1;1;2
202300019959;155 645 172;1;0;2;7;1;5
202300019960;155 645 168;50;0;2;1;0;3
202300019960;155 645 171;7;0;2;1;1;1
202300019961;155 645 167;7;0;2;2;15;1
202300019961;155 645 169;33;0;2;1;1;1
202300019962;155 645 165;7;0;1;2;1;1
202300019963;155 645 164;7;0;2;3;15;1
202300019963;155 645 166;32;0;2;1;17;1
202300019964;155 645 162;7;0;2;4;2;0
202300019964;155 645 163;7;0;2;1;0;0
202300019965;155 645 158;7;0;2;1;1;1
202300019965;155 645 160;7;3;2;1;13;1
202300019965;155 645 161;7;0;2;3;21;1
202300019966;155 645 156;7;0;2;2;22;3
202300019966;155 645 159;1;0;2;2;1;5
202300019967;155 645 155;10;0;2;3;15;0
202300019967;155 645 157;31;0;2;1;17;0
202300019968;155 645 152;7;0;2;3;10;0
202300019968;155 645 154;33;0;0;1;17;1
202300019969;155 645 151;7;0;1;1;1;6
202300019970;155 645 150;33;0;2;3;16;1
202300019970;155 645 153;7;0;2;0;1;1
202300019971;155 645 148;7;0;2;4;1;1
202300019971;155 645 149;33;0;2;1;1;1
202300019972;155 645 146;40;0;2;1;1;3
202300019972;155 645 147;50;0;4;3;19;3
202300019973;155 645 145;1;0;1;1;1;5
202300019974;155 645 142;7;0;2;1;15;1
202300019974;155 645 144;7;8;2;1;1;1
202300019975;155 645 141;10;0;2;1;2;1
202300019975;155 645 143;7;0;2;4;2;1
202300019976;155 645 138;10;13;0;1;0;1
202300019977;155 645 139;10;0;2;1;1;1
202300019977;155 645 140;7;0;2;4;1;1
202300019978;155 645 137;10;0;1;4;4;0
202300019979;155 645 133;32;0;2;8;2;1
202300019979;155 645 135;7;0;2;4;2;0
202300019980;155 645 132;7;0;2;1;1;1
202300019980;155 645 136;7;7;0;8;19;1
202300019981;155 645 131;30;0;2;1;1;1
202300019981;155 645 134;7;0;2;8;1;1
202300019982;155 645 130;1;0;0;1;21;5
202300019983;155 645 127;7;0;2;2;17;1
202300019983;155 645 129;1;0;2;8;1;5
202300019984;155 645 126;34;0;2;2;16;0
202300019984;155 645 128;7;0;9;6;16;0
202300019985;155 645 125;10;0;1;2;1;1
202300019986;155 645 121;43;0;2;2;1;1
202300019986;155 645 123;31;0;2;8;15;1
202300019987;155 645 120;7;0;2;1;1;1
202300019987;155 645 124;7;0;2;1;15;1
202300019988;155 645 119;10;0;2;3;2;1
202300019988;155 645 122;34;0;2;4;23;1
202300019989;155 645 116;7;0;1;1;0;0
202300019990;155 645 114;32;0;2;7;1;1
202300019990;155 645 117;10;0;2;8;20;1
202300019991;155 645 113;7;0;2;3;15;1
202300019991;155 645 115;7;0;2;3;1;1
202300019991;155 645 118;33;0;2;1;1;1
202300019992;155 645 106;33;3;2;9;1;1
202300019992;155 645 109;7;0;0;3;1;1
202300019993;155 645 108;33;1;0;2;19;0
202300019993;155 645 110;7;9;0;2;19;0
202300019993;155 645 112;7;14;0;0;0;0
202300019994;155 645 107;10;0;2;5;16;1
202300019994;155 645 111;50;0;2;1;1;3
202300019995;155 645 102;7;0;2;3;17;1
202300019995;155 645 104;1;0;2;1;1;5
202300019996;155 645 101;7;0;2;3;1;1
202300019996;155 645 105;7;0;2;3;1;1
202300019997;155 645 100;7;0;2;6;1;2
202300019997;155 645 103;32;0;2;1;1;1
202300019998;155 645 099;31;6;0;3;1;1
202300019999;155 645 097;99;0;2;7;19;0
202300019999;155 645 098;1;0;1;1;1;5
202300020000;155 645 094;7;0;0;5;0;0