Num_Acc;id_vehicule;categorie_vehicule;obstacle_fixe;obstacle_mobile;point_choc_initial;manoeuvre_principale;motorisation
202300020000;155 645 095;33;0;2;1;1;1
202300020001;155 645 093;1;0;2;1;19;5
202300020001;155 645 096;10;0;2;7;16;1
202300020002;155 645 092;31;0;1;1;3;0
202300020003;155 645 090;1;0;2;3;9;5
202300020003;155 645 091;7;0;2;2;1;1
202300020004;155 645 087;7;13;0;0;0;1
202300020005;155 645 088;10;0;1;3;15;1
202300020006;155 645 086;30;0;2;1;1;1
202300020006;155 645 089;7;0;2;1;15;1
202300020007;155 645 084;7;0;1;1;1;0
202300020008;155 645 083;2;0;2;8;15;0
202300020008;155 645 085;7;0;2;7;17;0
202300020009;155 645 080;33;0;6;1;1;1
202300020010;155 645 079;37;1;0;2;2;4
202300020010;155 645 081;7;0;2;5;2;2
202300020011;155 645 077;33;0;0;0;1;1
202300020012;155 645 078;2;0;2;0;0;1
202300020012;155 645 082;7;0;2;1;1;1
202300020013;155 645 074;7;0;0;9;0;1
202300020014;155 645 075;33;0;2;1;3;1
202300020014;155 645 076;1;0;2;4;12;5
202300020015;155 645 072;10;0;2;1;15;1
202300020015;155 645 073;50;0;2;1;1;3
202300020016;155 645 069;7;3;2;1;1;1
202300020016;155 645 071;7;0;0;4;1;1
202300020017;155 645 068;34;0;2;1;1;1
202300020017;155 645 070;7;0;2;4;15;1
202300020018;155 645 066;7;1;0;3;1;3
202300020018;155 645 067;7;0;2;1;0;1
202300020019;155 645 061;7;0;2;1;1;1
202300020019;155 645 064;7;0;2;8;1;1
202300020020;155 645 063;15;0;2;1;2;1
202300020020;155 645 065;7;0;0;4;1;1
202300020021;155 645 062;10;0;1;1;16;1
202300020022;155 645 056;7;3;0;4;23;1
202300020022;155 645 059;17;0;2;1;1;1
202300020023;155 645 057;7;0;2;3;15;1
202300020023;155 645 060;33;0;2;8;1;1
202300020024;155 645 055;1;0;2;1;1;5
202300020024;155 645 058;7;0;9;1;9;1
202300020025;155 645 052;33;0;2;1;1;1
202300020025;155 645 053;7;0;2;4;26;1
202300020026;155 645 051;10;0;2;1;1;1
202300020026;155 645 054;7;0;2;1;16;1
202300020027;155 645 046;7;0;2;6;23;1
202300020027;155 645 048;7;0;2;3;1;1
202300020027;155 645 050;32;0;2;1;17;1
202300020028;155 645 044;7;0;2;8;1;0
202300020028;155 645 049;10;0;2;1;19;1
202300020029;155 645 045;7;0;2;0;0;0
202300020029;155 645 047;50;0;2;0;0;3
202300020030;155 645 040;7;0;2;2;1;1
202300020030;155 645 043;7;0;2;3;9;1
202300020031;155 645 038;7;0;2;3;13;1
202300020031;155 645 042;7;0;2;3;1;1
202300020032;155 645 036;7;0;2;1;1;1
202300020032;155 645 039;10;0;2;1;0;1
202300020032;155 645 041;7;0;2;1;1;1
202300020033;155 645 035;1;0;0;4;11;5
202300020033;155 645 037;7;0;2;2;9;1
202300020034;155 645 033;33;0;0;6;21;1
202300020034;155 645 034;7;0;2;3;15;1
202300020035;155 645 030;7;0;2;3;2;1
202300020035;155 645 032;7;6;2;5;15;1
202300020036;155 645 029;7;0;2;1;2;1
202300020036;155 645 031;50;0;2;8;19;3
202300020037;155 645 028;31;0;0;7;19;1
202300020038;155 645 026;7;0;2;3;9;1
202300020038;155 645 027;2;0;2;1;6;1
202300020039;155 645 025;7;0;1;1;1;1
202300020040;155 645 022;7;0;2;5;17;1
202300020040;155 645 024;33;0;2;1;18;1
202300020041;155 645 021;7;0;2;3;15;1
202300020041;155 645 023;33;0;2;1;17;1
202300020042;155 645 020;7;0;0;1;0;1
202300020043;155 645 015;10;4;2;3;11;1
202300020043;155 645 018;2;0;2;1;1;3
202300020044;155 645 013;33;0;2;9;26;1
202300020044;155 645 014;99;0;2;3;1;1
202300020045;155 645 012;7;0;1;1;23;1
202300020046;155 645 010;15;0;2;1;2;1
202300020046;155 645 011;10;0;0;4;19;1
202300020047;155 645 007;32;0;2;1;13;1
202300020047;155 645 008;10;0;2;3;1;1
202300020048;155 645 005;10;0;2;2;1;1
202300020048;155 645 006;7;0;2;3;15;1
202300020049;155 645 009;2;0;0;0;1;1
202300020050;155 645 003;33;4;0;1;0;1
202300020051;155 645 002;10;0;1;3;15;1
202300020052;155 645 001;10;0;2;3;13;1
202300020052;155 645 004;13;0;2;3;1;1
202300020053;155 644 998;15;0;2;2;2;0
202300020053;155 645 000;1;0;2;3;2;5
202300020054;155 644 997;30;0;2;5;1;0
202300020054;155 644 999;7;0;2;3;15;1
202300020055;155 644 995;10;0;2;1;1;1
202300020055;155 644 996;7;0;0;4;1;1
202300020056;155 644 991;7;0;2;3;1;1
202300020056;155 644 994;10;0;2;3;13;1
202300020057;155 644 990;7;0;2;2;25;2
202300020057;155 644 993;2;0;2;0;0;0
202300020058;155 644 989;7;0;2;1;15;1
202300020058;155 644 992;7;0;2;1;1;1
202300020059;155 644 984;7;0;2;3;15;1
202300020059;155 644 988;33;0;2;7;21;1
202300020060;155 644 985;7;1;2;2;1;0
202300020060;155 644 987;33;1;2;1;5;0
202300020061;155 644 983;7;0;2;1;17;1
202300020061;155 644 986;7;0;0;8;15;1
202300020062;155 644 982;7;0;1;1;1;1
202300020063;155 644 980;1;0;2;8;16;5
202300020063;155 644 981;7;0;0;0;0;3
202300020064;155 644 977;7;0;9;2;1;1
202300020064;155 644 979;1;0;2;4;1;5
202300020065;155 644 976;7;1;1;4;23;1
202300020065;155 644 978;14;1;0;2;1;1
202300020066;155 644 975;7;0;1;1;1;0
202300020067;155 644 974;7;13;0;0;1;1
202300020068;155 644 973;7;1;0;1;13;1
202300020069;155 644 970;30;0;2;8;16;1
202300020069;155 644 972;7;0;2;1;0;1
202300020070;155 644 969;7;0;2;1;1;1
202300020070;155 644 971;7;0;2;8;1;1
202300020071;155 644 966;33;0;2;1;17;1
202300020072;155 644 965;7;0;2;1;2;1
202300020072;155 644 967;7;0;2;4;2;1
202300020072;155 644 968;7;0;2;4;2;1
202300020073;155 644 963;7;0;2;1;1;1
202300020073;155 644 964;7;0;2;1;9;1
202300020074;155 644 960;7;0;2;3;11;1
202300020074;155 644 961;7;0;2;5;12;1
202300020075;155 644 959;7;0;2;2;15;1
202300020075;155 644 962;30;0;2;1;1;1
202300020076;155 644 955;30;0;2;1;1;2
202300020076;155 644 958;7;0;2;3;15;1
202300020077;155 644 954;7;3;2;2;18;1
202300020077;155 644 957;7;3;2;5;1;1
202300020078;155 644 953;7;0;2;3;19;1
202300020078;155 644 956;30;0;2;2;19;1
202300020079;155 644 949;7;0;2;8;13;1
202300020079;155 644 952;7;0;2;8;13;1
202300020080;155 644 947;7;0;2;7;12;1
202300020080;155 644 950;33;0;2;8;3;1
202300020080;155 644 951;10;0;2;7;1;1
202300020081;155 644 946;30;0;2;2;17;1
202300020081;155 644 948;7;0;2;3;1;1
202300020082;155 644 940;7;0;2;4;1;1
202300020082;155 644 942;7;0;2;1;1;1
202300020082;155 644 944;7;0;2;4;1;1
202300020083;155 644 939;2;0;2;1;17;1
202300020083;155 644 943;7;0;2;3;1;1
202300020084;155 644 938;7;0;2;3;13;1
202300020084;155 644 941;7;0;2;3;1;1
202300020085;155 644 935;33;0;2;1;18;1
202300020085;155 644 936;7;0;2;1;1;1
202300020086;155 644 934;7;0;1;1;16;1
202300020087;155 644 932;7;2;0;1;1;0
202300020088;155 644 931;33;12;2;1;1;1
202300020088;155 644 933;10;0;2;2;1;1
202300020089;155 644 930;7;0;1;0;26;1
202300020090;155 644 926;7;0;2;3;13;1
202300020090;155 644 928;7;6;2;3;1;1
202300020091;155 644 923;7;0;1;1;1;1
202300020092;155 644 922;2;0;2;3;15;1
202300020092;155 644 924;7;0;2;2;1;1
202300020093;155 644 920;7;0;2;0;9;0
202300020094;155 644 919;2;0;2;1;2;0
202300020094;155 644 921;7;0;2;4;2;0
202300020095;155 644 916;7;6;2;2;17;1
202300020095;155 644 918;7;0;2;2;1;1
202300020096;155 644 914;3;0;2;1;26;1
202300020096;155 644 917;3;0;2;1;26;1
202300020097;155 644 913;7;13;2;7;12;1
202300020097;155 644 915;7;0;2;5;1;1
202300020098;155 644 911;7;0;1;1;16;3
202300020099;155 644 909;7;0;2;1;15;2
202300020099;155 644 912;7;0;2;1;1;1
202300020100;155 644 908;7;0;2;1;0;1
202300020100;155 644 910;7;0;2;1;0;1
202300020101;155 644 907;50;0;1;1;1;3
202300020102;155 644 905;7;7;9;0;0;1
202300020103;155 644 901;7;0;2;7;1;1
202300020103;155 644 903;7;9;2;1;1;1
202300020104;155 644 900;7;0;2;9;21;1
202300020104;155 644 904;7;0;0;8;1;1
202300020104;155 644 906;7;0;2;1;19;1
202300020105;155 644 899;7;0;9;1;1;1
202300020105;155 644 902;1;0;2;1;1;5
202300020106;155 644 897;7;0;2;4;2;1
202300020106;155 644 898;7;0;0;4;2;1
202300020107;155 644 895;7;0;0;0;9;1
202300020108;155 644 894;7;0;2;1;13;1
202300020108;155 644 896;38;0;2;1;1;1
202300020109;155 644 893;7;0;1;2;26;1
202300020110;155 644 892;2;0;0;0;21;1
202300020111;155 644 890;7;0;2;3;15;1
202300020111;155 644 891;30;0;2;6;1;1
202300020112;155 644 889;7;13;0;2;1;1
202300020113;155 644 888;7;2;2;1;14;1
202300020114;155 644 885;7;0;0;5;15;1
202300020114;155 644 887;33;0;2;2;1;1
202300020115;155 644 883;7;0;2;3;15;1
202300020115;155 644 886;7;0;2;6;1;1
202300020116;155 644 881;2;0;0;1;0;1
202300020117;155 644 877;7;0;2;3;15;1
202300020117;155 644 880;7;0;2;1;1;1
202300020118;155 644 876;7;13;0;3;13;1
202300020119;155 644 874;7;0;1;3;1;1
202300020120;155 644 873;7;0;0;2;1;1
202300020121;155 644 872;7;0;2;3;1;1
202300020121;155 644 875;34;0;2;1;1;1
202300020122;155 644 871;7;0;1;3;0;1
202300020123;155 644 869;7;0;2;3;1;1
202300020123;155 644 870;2;0;2;3;1;1
202300020124;155 644 868;10;0;1;1;26;1
202300020125;155 644 866;7;0;2;3;17;0
202300020125;155 644 867;7;0;2;6;1;0
202300020126;155 644 863;33;0;2;1;13;0
202300020126;155 644 864;33;0;2;1;2;0
202300020127;155 644 865;17;0;1;2;15;1
202300020128;155 644 862;7;6;9;3;1;1
202300020129;155 644 860;7;0;2;6;19;0
202300020129;155 644 861;7;0;2;1;15;1
202300020130;155 644 854;7;0;2;9;1;1
202300020130;155 644 857;7;0;2;4;1;1
202300020131;155 644 855;7;0;2;3;23;1
202300020131;155 644 858;21;0;2;3;1;1
202300020131;155 644 859;7;0;2;1;17;1
202300020132;155 644 856;7;1;0;3;1;0
202300020133;155 644 852;7;2;0;1;1;1
202300020134;155 644 851;33;0;2;5;16;1
202300020134;155 644 853;7;0;2;1;1;1
202300020135;155 644 850;7;0;1;3;1;1
202300020136;155 644 849;7;13;0;9;1;1
202300020137;155 644 846;34;0;2;2;1;1
202300020137;155 644 848;7;0;2;3;10;1
202300020138;155 644 843;7;0;2;3;21;1
202300020138;155 644 845;2;0;2;1;13;1
202300020139;155 644 844;31;0;0;8;1;1
202300020140;155 644 841;7;15;1;2;14;1
202300020141;155 644 839;2;0;0;1;5;1
202300020141;155 644 842;21;0;2;1;1;1
202300020142;155 644 837;7;9;0;1;1;1
202300020143;155 644 838;7;0;2;1;1;1
202300020143;155 644 840;7;0;2;4;2;1
202300020144;155 644 836;7;13;0;2;1;1
202300020145;155 644 832;7;0;2;2;1;1
202300020145;155 644 834;7;0;2;0;0;0
202300020146;155 644 833;7;0;2;1;15;1
202300020146;155 644 835;2;0;2;7;17;1
202300020147;155 644 830;7;0;2;3;15;0
202300020147;155 644 831;33;0;2;1;1;1
202300020148;155 644 828;7;0;0;9;1;1
202300020149;155 644 827;7;0;2;2;15;1
202300020149;155 644 829;33;0;2;1;1;1
202300020150;155 644 825;2;0;2;1;1;1
202300020150;155 644 826;7;0;0;0;15;1
202300020151;155 644 823;30;0;2;1;1;1
202300020151;155 644 824;7;0;2;2;15;1
202300020152;155 644 822;7;0;1;2;1;1
202300020153;155 644 818;7;0;2;3;10;1
202300020153;155 644 820;32;0;2;1;1;1
202300020154;155 644 819;7;0;2;1;1;1
202300020154;155 644 821;7;0;2;1;1;1
202300020155;155 644 813;13;0;2;8;1;1
202300020155;155 644 815;7;0;2;3;13;1
202300020156;155 644 814;7;0;2;2;19;2
202300020156;155 644 817;7;0;2;3;1;1
202300020157;155 644 812;7;0;2;3;15;1
202300020157;155 644 816;32;0;2;1;15;1
202300020158;155 644 808;7;0;0;4;1;1
202300020158;155 644 811;7;0;2;1;2;1
202300020159;155 644 807;30;0;2;1;17;1
202300020159;155 644 810;7;0;2;8;15;1
202300020160;155 644 806;1;0;2;8;15;5
202300020160;155 644 809;7;0;0;2;17;0
202300020161;155 644 805;15;4;0;1;1;1
202300020162;155 644 803;7;0;2;1;2;1
202300020162;155 644 804;43;0;2;4;23;1
202300020163;155 644 800;33;0;2;1;2;1
202300020163;155 644 802;10;0;0;4;2;1
202300020164;155 644 799;7;0;2;1;1;1
202300020164;155 644 801;7;0;2;1;17;1
202300020165;155 644 798;7;4;0;3;15;0
202300020166;155 644 797;7;0;1;3;2;1
202300020167;155 644 794;7;0;0;3;5;0
202300020167;155 644 795;7;0;0;3;1;0
202300020168;155 644 793;33;0;2;2;21;1
202300020168;155 644 796;7;0;2;6;9;1
202300020169;155 644 791;2;0;2;1;13;1
202300020169;155 644 792;38;0;2;3;0;1
202300020170;155 644 790;7;13;0;3;1;1
202300020171;155 644 789;7;0;1;1;1;1
202300020172;155 644 786;3;0;2;1;2;1
202300020172;155 644 788;7;0;2;4;23;1
202300020173;155 644 784;17;0;0;4;2;1
202300020173;155 644 787;7;0;2;1;12;1
202300020174;155 644 783;10;0;2;3;1;1
202300020174;155 644 785;7;0;2;3;1;1
202300020175;155 644 781;2;0;2;1;2;1
202300020175;155 644 782;7;0;2;0;0;1
202300020176;155 644 779;7;0;1;1;16;1
202300020177;155 644 776;10;0;2;2;1;1
202300020177;155 644 778;1;0;2;6;2;5
202300020178;155 644 777;7;0;2;1;2;0
202300020178;155 644 780;31;0;0;4;23;1
202300020179;155 644 772;7;0;2;1;1;0
202300020179;155 644 774;7;0;2;2;15;1
202300020180;155 644 770;7;0;2;1;13;1
202300020180;155 644 771;7;0;2;1;1;1
202300020181;155 644 769;7;2;0;1;13;1
202300020182;155 644 768;31;12;0;1;1;1
202300020183;155 644 764;7;4;2;1;2;1
202300020183;155 644 766;7;0;0;6;2;2
202300020184;155 644 763;13;0;2;1;15;1
202300020184;155 644 767;7;0;2;7;1;1
202300020185;155 644 762;7;0;2;2;15;3
202300020185;155 644 765;32;0;2;1;1;1
202300020186;155 644 761;7;2;0;7;0;1
202300020187;155 644 758;7;0;2;1;1;1
202300020187;155 644 760;37;0;2;1;1;1
202300020188;155 644 757;7;0;2;1;1;1
202300020188;155 644 759;3;0;0;4;23;1
202300020189;155 644 755;7;0;2;1;13;2
202300020189;155 644 756;33;0;2;1;1;1
202300020190;155 644 750;7;0;2;3;0;1
202300020190;155 644 753;7;0;2;1;0;1
202300020191;155 644 752;31;0;2;1;1;1
202300020191;155 644 754;7;0;2;1;19;1
202300020192;155 644 751;7;2;0;1;1;0
202300020193;155 644 749;7;0;0;9;1;1
202300020194;155 644 745;7;0;2;2;11;1
202300020194;155 644 747;7;0;2;6;1;1
202300020195;155 644 746;33;0;2;3;1;1
202300020195;155 644 748;7;0;2;3;13;1
202300020196;155 644 742;31;0;2;3;20;1
202300020196;155 644 744;1;0;2;1;1;5
202300020197;155 644 740;7;0;0;5;15;1
202300020197;155 644 741;33;0;2;1;1;1
202300020198;155 644 738;7;0;1;1;1;1
202300020199;155 644 737;43;0;2;8;1;1
202300020199;155 644 739;7;0;2;2;15;1
202300020200;155 644 736;7;3;0;3;2;1
202300020201;155 644 734;7;0;1;3;1;1
202300020202;155 644 733;7;0;2;6;9;1
202300020202;155 644 735;2;0;2;2;1;3
202300020203;155 644 732;7;9;0;1;13;1
202300020204;155 644 728;33;8;2;8;1;1
202300020204;155 644 731;7;0;2;3;19;1
202300020205;155 644 727;7;0;2;3;1;1
202300020205;155 644 730;13;0;2;2;1;1
202300020206;155 644 726;7;0;2;8;9;1
202300020206;155 644 729;7;0;2;1;1;1
202300020207;155 644 723;7;0;2;3;11;1
202300020207;155 644 724;33;0;2;7;2;1
202300020208;155 644 722;7;0;2;5;9;1
202300020208;155 644 725;43;0;2;1;1;1
202300020209;155 644 720;7;0;2;5;15;1
202300020209;155 644 721;33;0;2;1;1;1
202300020210;155 644 718;33;2;0;0;0;0
202300020211;155 644 717;7;0;2;3;1;2
202300020211;155 644 719;31;0;2;2;1;1
202300020212;155 644 711;7;0;2;4;24;1
202300020212;155 644 714;7;0;2;1;2;1
202300020212;155 644 715;7;0;2;3;2;1
202300020213;155 644 710;7;0;2;5;1;1
202300020213;155 644 713;30;0;2;1;1;1
202300020214;155 644 709;7;0;2;3;6;1
202300020214;155 644 712;7;0;0;5;1;1
202300020214;155 644 716;7;0;2;1;1;1
202300020215;155 644 706;31;8;0;1;13;1
202300020216;155 644 707;7;0;0;9;1;1
202300020217;155 644 705;37;0;2;2;13;1
202300020217;155 644 708;1;0;2;3;13;5
202300020218;155 644 703;15;0;2;3;1;1
202300020218;155 644 704;7;0;2;1;5;1
202300020219;155 644 700;50;12;2;1;1;3
202300020219;155 644 702;37;0;2;8;1;6
202300020220;155 644 699;7;0;1;1;15;0
202300020221;155 644 698;10;0;2;4;4;1
202300020221;155 644 701;33;0;2;1;1;1
202300020222;155 644 697;7;2;0;1;1;0
202300020223;155 644 693;37;8;0;1;13;1
202300020224;155 644 692;1;0;2;7;1;5
202300020224;155 644 696;7;0;9;1;9;0
202300020225;155 644 694;7;0;2;0;0;1
202300020225;155 644 695;33;0;2;0;0;1
202300020226;155 644 688;50;0;2;1;2;3
202300020226;155 644 689;7;0;2;4;0;0
202300020227;155 644 687;10;0;2;1;1;1
202300020227;155 644 690;10;3;2;7;1;1
202300020228;155 644 685;7;0;2;5;1;1
202300020228;155 644 686;33;0;2;1;21;1
202300020229;155 644 684;33;0;1;1;9;1
202300020230;155 644 681;7;0;2;1;13;1
202300020230;155 644 683;7;0;2;1;1;1
202300020231;155 644 680;33;0;0;1;0;1
202300020231;155 644 682;33;0;0;1;0;1
202300020232;155 644 679;7;1;1;2;1;1
202300020233;155 644 678;7;8;0;1;1;1
202300020234;155 644 676;33;0;2;7;21;1
202300020234;155 644 677;7;0;2;1;20;1
202300020235;155 644 674;33;0;0;8;1;1
202300020236;155 644 673;10;0;2;3;15;1
202300020236;155 644 675;34;0;2;2;17;1
202300020237;155 644 672;7;0;1;0;13;1
202300020238;155 644 670;7;0;1;1;1;1
202300020239;155 644 668;30;0;2;0;0;0
202300020239;155 644 671;7;0;2;3;9;0
202300020240;155 644 667;7;0;2;8;1;1
202300020240;155 644 669;10;0;2;2;12;1
202300020241;155 644 665;7;0;2;3;13;1
202300020241;155 644 666;33;0;2;1;0;1
202300020242;155 644 664;7;0;1;1;1;1
202300020243;155 644 662;7;14;0;1;1;1
202300020244;155 644 659;30;0;2;8;1;1
202300020244;155 644 661;7;0;2;2;16;1
202300020245;155 644 655;10;0;2;8;11;1
202300020245;155 644 657;7;0;2;4;1;1
202300020245;155 644 658;33;0;2;2;3;1
202300020246;155 644 653;7;0;2;4;23;1
202300020246;155 644 656;10;0;2;1;1;1
202300020247;155 644 652;34;0;2;1;3;1
202300020247;155 644 654;7;0;2;6;1;1
202300020248;155 644 650;7;0;2;1;2;1
202300020248;155 644 651;10;0;2;4;2;1
202300020249;155 644 648;7;0;2;1;1;1
202300020249;155 644 649;10;0;2;4;1;1
202300020250;155 644 645;30;0;2;1;0;1
202300020250;155 644 647;30;0;2;0;0;1
202300020251;155 644 644;7;0;2;4;1;1
202300020251;155 644 646;7;0;2;1;2;1
202300020252;155 644 641;31;4;2;7;2;1
202300020253;155 644 640;7;0;1;1;1;1
202300020254;155 644 639;13;0;2;1;1;1
202300020254;155 644 642;7;0;2;4;1;1
202300020254;155 644 643;7;0;2;6;1;1
202300020255;155 644 633;33;0;2;0;3;1
202300020255;155 644 634;7;0;2;0;12;1
202300020256;155 644 632;7;0;2;4;0;1
202300020256;155 644 636;7;0;2;1;2;1
202300020256;155 644 637;10;0;2;4;2;1
202300020257;155 644 630;7;13;2;1;13;1
202300020257;155 644 631;15;0;2;3;21;1
202300020258;155 644 627;33;0;2;1;1;1
202300020258;155 644 629;7;0;2;5;1;1
202300020259;155 644 626;7;0;2;7;11;1
202300020259;155 644 628;7;0;2;8;2;1
202300020260;155 644 624;15;0;0;6;2;1
202300020260;155 644 625;10;0;2;1;2;1
202300020261;155 644 618;7;0;2;4;2;1
202300020261;155 644 620;10;0;2;1;2;1
202300020261;155 644 622;10;0;2;4;2;1
202300020262;155 644 617;10;0;2;1;2;1
202300020262;155 644 619;7;0;2;4;23;1
202300020262;155 644 623;10;0;2;4;2;1
202300020263;155 644 616;7;3;2;1;2;1
202300020263;155 644 621;7;3;2;4;2;1
202300020264;155 644 614;7;0;2;1;2;1
202300020264;155 644 615;7;0;2;4;2;1
202300020265;155 644 609;7;0;2;1;1;1
202300020265;155 644 612;7;0;2;5;1;0
202300020265;155 644 613;7;0;2;2;1;1
202300020266;155 644 607;33;0;2;3;3;1
202300020266;155 644 610;7;0;2;5;2;1
202300020266;155 644 611;15;0;2;3;2;1
202300020267;155 644 606;7;0;2;4;26;0
202300020267;155 644 608;7;0;2;1;2;1
202300020268;155 644 603;7;13;9;2;1;1
202300020269;155 644 601;33;0;2;8;3;1
202300020269;155 644 604;7;0;2;7;12;1
202300020270;155 644 602;34;0;2;3;3;1
202300020270;155 644 605;10;0;2;7;11;1
202300020271;155 644 597;7;0;9;8;9;0
202300020271;155 644 600;1;0;2;7;1;5
202300020272;155 644 596;7;0;2;4;2;3
202300020272;155 644 599;7;0;2;1;2;1
202300020273;155 644 594;7;0;2;1;12;1
202300020273;155 644 595;7;0;2;4;1;1
202300020273;155 644 598;7;0;2;6;1;1
202300020274;155 644 592;2;0;2;1;2;1
202300020274;155 644 593;7;0;2;5;0;1
202300020275;155 644 588;7;3;0;0;0;0
202300020275;155 644 590;99;0;0;5;2;0
202300020275;155 644 591;7;14;0;1;2;0
202300020276;155 644 586;17;4;2;2;1;1
202300020276;155 644 589;7;4;2;6;11;1
202300020277;155 644 585;2;0;2;1;2;1
202300020277;155 644 587;7;0;2;4;2;1
202300020278;155 644 584;7;13;0;3;26;1
202300020279;155 644 580;7;0;2;1;2;1
202300020279;155 644 582;7;0;2;1;2;1
202300020279;155 644 583;7;0;0;4;15;1
202300020280;155 644 581;99;4;0;0;14;1
202300020281;155 644 579;7;0;1;3;16;0
202300020282;155 644 574;50;0;2;1;1;3
202300020282;155 644 578;7;0;2;3;1;1
202300020283;155 644 575;7;0;2;3;0;1
202300020283;155 644 577;7;0;2;2;0;0
202300020284;155 644 572;99;3;0;2;1;1
202300020285;155 644 573;7;0;0;7;15;1
202300020285;155 644 576;2;0;2;1;21;1
202300020286;155 644 570;7;0;2;4;21;1
202300020286;155 644 571;7;0;2;1;0;1
202300020287;155 644 568;7;0;2;1;2;1
202300020288;155 644 564;10;0;2;1;2;1
202300020288;155 644 565;7;0;2;4;0;1
202300020289;155 644 563;7;3;0;0;1;1
202300020290;155 644 561;7;0;2;1;2;1
202300020290;155 644 562;7;0;2;4;23;1
202300020291;155 644 560;7;8;0;1;2;1
202300020292;155 644 558;34;0;2;1;1;1
202300020292;155 644 559;7;0;2;7;1;1
202300020293;155 644 556;7;0;2;3;15;1
202300020293;155 644 557;34;0;2;3;1;1
202300020294;155 644 552;7;0;2;2;1;1
202300020294;155 644 553;7;0;2;6;20;1
202300020295;155 644 551;32;0;2;2;2;1
202300020295;155 644 554;10;0;2;6;4;0
202300020296;155 644 549;7;0;2;3;15;1
202300020296;155 644 550;33;0;2;2;1;1
202300020297;155 644 547;7;0;2;1;1;1
202300020297;155 644 548;7;0;2;5;15;1
202300020298;155 644 546;7;0;1;1;2;0
202300020299;155 644 545;37;1;1;1;1;2
202300020300;155 644 543;14;2;0;1;1;1
202300020301;155 644 540;30;0;2;7;1;
202300020301;155 644 542;30;0;2;1;10;
202300020302;155 644 537;7;0;2;3;26;1
202300020302;155 644 539;7;0;2;1;1;1
202300020302;155 644 541;7;0;2;4;1;1
202300020303;155 644 536;7;0;2;1;2;1
202300020303;155 644 538;7;0;2;1;5;1
202300020304;155 644 534;3;0;2;1;9;1
202300020304;155 644 535;7;0;2;1;0;1
202300020305;155 644 532;7;2;0;1;0;1
202300020306;155 644 533;30;0;1;1;26;0
202300020307;155 644 530;7;6;0;1;1;0
202300020308;155 644 529;30;0;2;1;1;1
202300020308;155 644 531;7;0;2;5;1;1
202300020309;155 644 528;10;0;1;2;1;1
202300020310;155 644 526;7;0;2;2;1;0
202300020310;155 644 527;7;0;2;1;1;0
202300020311;155 644 523;7;1;0;3;24;
202300020311;155 644 525;7;1;0;2;14;1
202300020312;155 644 524;7;14;0;1;1;3
202300020313;155 644 522;7;0;0;2;1;1
202300020314;155 644 519;33;4;0;3;0;1
202300020315;155 644 518;7;0;0;4;23;1
202300020315;155 644 521;10;0;2;1;1;1
202300020316;155 644 517;7;6;2;1;1;1
202300020316;155 644 520;7;0;2;3;1;1
202300020317;155 644 514;7;0;2;3;1;1
202300020317;155 644 515;20;0;2;7;17;1
202300020318;155 644 513;7;0;2;5;1;1
202300020318;155 644 516;10;0;2;3;10;1
202300020319;155 644 512;7;0;1;3;15;1
202300020320;155 644 511;10;0;1;3;1;1
202300020321;155 644 509;2;0;2;1;13;0
202300020321;155 644 510;14;0;2;8;1;0
202300020322;155 644 506;10;0;2;1;1;1
202300020322;155 644 507;7;0;2;1;15;1
202300020323;155 644 505;7;0;2;3;21;1
202300020323;155 644 508;7;0;2;2;1;3
202300020324;155 644 503;7;0;2;3;1;0
202300020324;155 644 504;7;0;2;3;13;0
202300020325;155 644 501;7;0;2;0;15;1
202300020325;155 644 502;33;0;2;1;15;1
202300020326;155 644 498;30;0;2;1;26;1
202300020326;155 644 500;7;0;2;5;26;1
202300020327;155 644 497;7;0;2;2;15;1
202300020327;155 644 499;32;0;2;1;1;1
202300020328;155 644 493;7;0;2;3;16;1
202300020328;155 644 496;1;0;2;1;1;5
202300020329;155 644 491;7;0;2;8;9;0
202300020329;155 644 494;15;0;2;3;1;0
202300020329;155 644 495;37;0;2;2;1;0
202300020330;155 644 492;7;0;1;2;16;1
202300020331;155 644 488;7;16;0;0;1;1
202300020332;155 644 489;32;0;2;1;1;1
202300020332;155 644 490;7;0;2;2;15;1
202300020333;155 644 487;7;0;1;2;1;6
202300020334;155 644 486;2;0;0;0;0;0
202300020335;155 644 484;7;0;1;2;26;1
202300020336;155 644 483;7;0;2;3;24;3
202300020336;155 644 485;10;1;0;3;13;1
202300020337;155 644 478;7;2;0;1;1;1
202300020338;155 644 479;7;0;2;4;1;1
202300020338;155 644 481;7;0;2;4;1;1
202300020338;155 644 482;7;0;2;1;1;1
202300020339;155 644 477;7;0;2;7;1;2
202300020339;155 644 480;7;0;2;3;1;1
202300020340;155 644 473;7;0;2;6;11;1
202300020340;155 644 475;33;0;2;2;1;1
202300020341;155 644 474;10;0;2;1;15;1
202300020341;155 644 476;2;0;2;3;1;1
202300020342;155 644 471;7;0;2;3;14;1
202300020342;155 644 472;50;0;2;5;14;3
202300020343;155 644 468;7;0;2;1;2;1
202300020343;155 644 470;33;0;2;4;2;1