Num_Acc;id_vehicule;categorie_vehicule;obstacle_fixe;obstacle_mobile;point_choc_initial;manoeuvre_principale;motorisation
202300020344;155 644 466;7;0;1;1;1;1
202300020345;155 644 467;2;0;2;5;1;1
202300020345;155 644 469;7;0;2;2;9;1
202300020346;155 644 464;10;0;1;1;26;1
202300020347;155 644 465;50;0;0;0;1;3
202300020348;155 644 463;7;6;0;1;13;1
202300020349;155 644 461;2;1;0;2;13;1
202300020350;155 644 459;7;0;2;1;1;1
202300020350;155 644 462;10;0;2;8;1;1
202300020351;155 644 458;7;0;2;1;1;1
202300020351;155 644 460;7;0;2;1;15;1
202300020352;155 644 455;1;1;0;1;1;5
202300020352;155 644 457;7;0;2;8;22;1
202300020353;155 644 453;7;0;2;3;13;1
202300020353;155 644 456;10;0;2;3;1;1
202300020354;155 644 452;7;0;2;3;1;0
202300020354;155 644 454;7;0;2;3;5;2
202300020355;155 644 450;1;0;2;1;1;5
202300020355;155 644 451;7;0;2;3;13;1
202300020356;155 644 449;14;0;1;5;4;1
202300020357;155 644 448;7;0;9;7;14;1
202300020358;155 644 446;1;0;2;2;1;5
202300020358;155 644 447;7;0;2;1;1;1
202300020359;155 644 443;30;0;2;1;17;1
202300020359;155 644 445;7;0;2;3;15;1
202300020360;155 644 442;7;8;2;2;1;0
202300020360;155 644 444;7;0;2;1;1;0
202300020361;155 644 440;34;0;2;7;17;1
202300020361;155 644 441;7;0;0;0;10;1
202300020362;155 644 437;7;0;2;0;0;1
202300020362;155 644 439;50;0;2;0;1;3
202300020363;155 644 435;7;0;2;1;1;1
202300020363;155 644 438;7;0;2;1;5;1
202300020364;155 644 433;7;0;0;1;15;1
202300020364;155 644 436;31;0;2;8;1;1
202300020365;155 644 431;7;0;1;3;1;1
202300020366;155 644 432;31;0;2;1;1;1
202300020366;155 644 434;7;0;2;2;15;6
202300020367;155 644 430;36;8;0;3;25;1
202300020368;155 644 427;50;0;1;1;1;3
202300020369;155 644 426;31;0;2;1;1;1
202300020369;155 644 428;7;0;2;2;15;1
202300020370;155 644 425;20;0;2;1;17;1
202300020370;155 644 429;7;15;2;8;15;1
202300020371;155 644 423;7;0;1;1;1;1
202300020372;155 644 422;7;2;2;1;2;1
202300020372;155 644 424;7;0;2;4;2;1
202300020373;155 644 418;7;0;1;1;1;1
202300020374;155 644 417;33;0;2;8;2;1
202300020374;155 644 419;7;0;2;1;15;1
202300020375;155 644 416;10;0;2;3;1;1
202300020375;155 644 420;33;0;2;1;1;1
202300020376;155 644 413;2;0;2;0;1;1
202300020376;155 644 415;7;0;2;0;16;1
202300020377;155 644 411;7;0;2;3;19;1
202300020377;155 644 414;32;0;2;1;3;1
202300020378;155 644 405;7;0;2;2;1;1
202300020378;155 644 408;50;0;2;1;1;3
202300020379;155 644 406;10;0;1;1;15;0
202300020380;155 644 407;7;0;2;8;26;0
202300020380;155 644 409;32;0;2;1;1;1
202300020381;155 644 403;2;0;0;3;1;0
202300020381;155 644 404;7;0;2;2;17;1
202300020382;155 644 401;7;0;1;4;4;1
202300020383;155 644 400;7;2;0;1;13;1
202300020384;155 644 399;7;0;2;1;1;1
202300020384;155 644 402;7;0;2;1;19;1
202300020385;155 644 398;50;0;1;1;1;3
202300020386;155 644 397;7;2;0;9;1;1
202300020387;155 644 396;10;6;0;2;0;0
202300020388;155 644 394;33;15;0;1;26;1
202300020389;155 644 393;33;0;2;2;17;1
202300020389;155 644 395;7;0;2;3;15;1
202300020390;155 644 391;7;0;2;2;2;0
202300020390;155 644 392;1;0;2;8;26;5
202300020391;155 644 390;7;0;0;9;0;1
202300020392;155 644 389;7;0;1;0;2;0
202300020393;155 644 387;7;2;0;3;1;1
202300020394;155 644 386;33;0;2;1;1;1
202300020394;155 644 388;10;0;2;3;15;1
202300020395;155 644 384;7;0;2;3;1;1
202300020395;155 644 385;50;0;2;1;19;3
202300020396;155 644 383;7;0;1;3;15;1
202300020397;155 644 380;10;0;2;8;15;1
202300020397;155 644 382;10;0;2;2;17;1
202300020398;155 644 378;7;0;2;2;21;1
202300020398;155 644 379;36;0;2;3;25;1
202300020399;155 644 377;13;0;2;1;1;0
202300020399;155 644 381;7;0;2;1;15;2
202300020400;155 644 376;7;13;0;2;14;1
202300020401;155 644 375;7;2;0;1;13;1
202300020402;155 644 373;7;2;0;3;0;1
202300020403;155 644 372;60;0;2;8;25;5
202300020403;155 644 374;7;0;1;1;1;1
202300020404;155 644 370;7;6;0;1;1;1
202300020405;155 644 369;7;0;2;1;11;1
202300020405;155 644 371;14;0;2;1;1;1
202300020406;155 644 366;7;0;2;2;1;1
202300020406;155 644 368;50;0;2;8;10;3
202300020407;155 644 364;7;0;0;2;13;1
202300020407;155 644 367;7;0;2;2;14;1
202300020408;155 644 365;7;13;0;9;14;1
202300020409;155 644 362;1;0;4;0;0;5
202300020409;155 644 363;40;0;2;1;26;0
202300020410;155 644 361;7;0;1;3;13;0
202300020411;155 644 360;7;0;1;2;1;4
202300020412;155 644 359;7;0;1;3;1;2
202300020413;155 644 357;7;13;0;2;1;1
202300020414;155 644 355;7;0;2;9;1;1
202300020414;155 644 356;7;0;2;1;1;1
202300020414;155 644 358;7;0;2;4;1;1
202300020415;155 644 354;1;2;0;0;1;5
202300020416;155 644 353;33;12;0;1;1;1
202300020417;155 644 352;2;16;0;0;0;1
202300020418;155 644 351;38;17;0;1;14;1
202300020419;155 644 344;7;0;2;1;2;0
202300020419;155 644 347;7;0;2;1;1;0
202300020419;155 644 350;7;0;2;3;26;1
202300020420;155 644 343;7;0;2;1;17;1
202300020420;155 644 346;10;0;2;1;17;1
202300020420;155 644 348;7;0;2;0;12;1
202300020420;155 644 349;7;0;2;1;17;1
202300020421;155 644 342;7;0;2;1;23;1
202300020421;155 644 345;7;0;2;6;26;1
202300020422;155 644 339;80;0;2;1;19;3
202300020422;155 644 340;7;0;2;3;16;3
202300020423;155 644 338;7;0;2;2;0;1
202300020423;155 644 341;7;0;0;6;0;1
202300020424;155 644 333;1;0;2;4;2;5
202300020424;155 644 334;10;0;2;2;2;1
202300020425;155 644 332;7;0;2;4;2;1
202300020425;155 644 335;7;0;2;1;2;1
202300020426;155 644 331;2;0;0;0;1;1
202300020427;155 644 328;17;0;2;1;2;1
202300020427;155 644 330;21;0;0;4;2;1
202300020428;155 644 326;30;0;2;4;1;1
202300020428;155 644 329;7;0;2;2;1;1
202300020429;155 644 325;33;0;2;1;13;1
202300020429;155 644 327;7;0;2;3;15;1
202300020430;155 644 323;99;0;1;3;26;6
202300020431;155 644 322;1;0;2;1;1;5
202300020431;155 644 324;1;14;2;1;1;5
202300020432;155 644 319;33;0;0;7;16;1
202300020433;155 644 318;7;0;2;0;0;1
202300020433;155 644 320;7;0;2;4;1;1
202300020434;155 644 317;7;0;2;3;13;1
202300020434;155 644 321;10;0;2;8;1;1
202300020435;155 644 315;30;12;0;1;1;1
202300020436;155 644 313;7;0;2;1;13;1
202300020436;155 644 316;7;0;2;1;1;1
202300020437;155 644 312;7;12;2;1;1;1
202300020437;155 644 314;7;12;2;1;13;1
202300020438;155 644 310;7;0;2;4;1;1
202300020438;155 644 311;7;14;2;1;1;1
202300020439;155 644 309;21;0;1;5;4;1
202300020440;155 644 308;7;2;0;3;1;1
202300020441;155 644 305;7;0;2;3;15;1
202300020441;155 644 307;30;0;2;1;1;1
202300020442;155 644 306;80;0;0;1;1;3
202300020443;155 644 304;7;1;0;2;14;1
202300020444;155 644 302;7;0;1;1;26;1
202300020445;155 644 298;7;0;2;2;17;2
202300020445;155 644 300;7;6;0;5;11;1
202300020446;155 644 299;33;0;2;1;1;1
202300020446;155 644 301;10;0;2;4;23;1
202300020446;155 644 303;7;0;2;1;1;1
202300020447;155 644 295;2;13;0;7;1;1
202300020448;155 644 296;7;0;2;1;2;1
202300020448;155 644 297;7;0;2;4;1;1
202300020449;155 644 293;3;0;1;1;1;1
202300020450;155 644 294;7;6;0;1;1;1
202300020451;155 644 291;7;0;2;1;2;1
202300020451;155 644 292;7;0;2;4;2;1
202300020452;155 644 284;10;0;2;1;1;0
202300020452;155 644 286;7;0;2;1;1;0
202300020452;155 644 287;15;0;2;1;13;0
202300020453;155 644 283;3;0;2;3;5;1
202300020453;155 644 285;7;0;2;3;1;1
202300020454;155 644 282;33;0;0;9;9;1
202300020455;155 644 279;7;0;2;4;2;1
202300020455;155 644 281;10;0;2;1;2;1
202300020456;155 644 277;10;0;2;5;23;1
202300020456;155 644 278;14;1;1;2;13;1
202300020456;155 644 280;7;0;2;1;1;1
202300020457;155 644 276;7;0;1;1;1;1
202300020458;155 644 275;33;0;9;0;1;1
202300020459;155 644 273;10;7;0;1;2;1
202300020460;155 644 272;3;0;2;4;1;1
202300020460;155 644 274;0;0;2;1;0;0
202300020461;155 644 271;7;0;1;2;2;1
202300020462;155 644 270;33;1;0;3;1;1
202300020463;155 644 267;7;0;2;2;1;1
202300020463;155 644 269;1;0;2;4;15;5
202300020464;155 644 266;7;15;2;4;1;1
202300020464;155 644 268;7;0;2;1;2;1
202300020465;155 644 264;10;15;0;1;1;1
202300020466;155 644 263;50;0;2;2;1;3
202300020466;155 644 265;7;14;2;2;9;1
202300020467;155 644 261;7;0;2;3;2;0
202300020467;155 644 262;7;0;2;3;2;0
202300020468;155 644 260;7;0;1;2;1;1
202300020469;155 644 256;31;0;2;3;1;1
202300020469;155 644 259;7;0;2;2;10;1
202300020470;155 644 254;38;0;2;7;16;1
202300020470;155 644 257;50;0;2;3;1;3
202300020471;155 644 253;50;0;2;6;1;3
202300020471;155 644 255;7;0;2;2;17;1
202300020472;155 644 251;7;0;2;1;26;0
202300020472;155 644 252;80;0;2;1;25;3
202300020473;155 644 249;7;0;2;3;16;1
202300020473;155 644 250;2;0;2;1;15;1
202300020474;155 644 248;7;0;1;1;26;0
202300020475;155 644 246;7;0;2;4;2;1
202300020475;155 644 247;7;0;2;1;2;1
202300020476;155 644 245;1;0;0;0;23;5
202300020477;155 644 243;7;13;0;2;1;1
202300020478;155 644 242;7;0;2;2;0;2
202300020478;155 644 244;1;0;2;0;0;5
202300020479;155 644 241;7;0;1;2;1;1
202300020480;155 644 237;15;0;2;2;1;1
202300020480;155 644 238;7;4;2;9;9;1
202300020480;155 644 240;15;0;2;2;1;1
202300020481;155 644 239;7;0;1;1;0;0
202300020482;155 644 232;10;0;2;2;16;1
202300020482;155 644 235;50;0;2;0;0;3
202300020483;155 644 230;7;0;2;1;2;1
202300020483;155 644 231;7;0;2;4;2;1
202300020483;155 644 233;7;0;2;4;2;1
202300020483;155 644 236;7;0;2;4;1;1
202300020484;155 644 234;80;0;1;1;1;3
202300020485;155 644 227;7;0;2;4;2;1
202300020485;155 644 228;10;0;2;1;2;1
202300020486;155 644 226;7;0;2;0;1;1
202300020486;155 644 229;30;0;2;0;1;1
202300020487;155 644 223;7;0;1;2;1;1
202300020488;155 644 222;10;0;2;6;1;1
202300020488;155 644 224;10;0;2;5;0;1
202300020488;155 644 225;10;0;2;1;1;1
202300020489;155 644 221;7;0;1;2;1;1
202300020490;155 644 218;7;0;0;5;23;1
202300020490;155 644 220;33;14;2;1;1;1
202300020491;155 644 215;7;3;0;1;26;1
202300020492;155 644 216;7;0;9;3;18;1
202300020492;155 644 217;1;0;2;2;2;5
202300020493;155 644 214;7;0;2;1;2;1
202300020493;155 644 219;10;0;2;4;2;1
202300020494;155 644 213;7;3;0;1;14;2
202300020495;155 644 212;7;0;1;7;17;1
202300020496;155 644 209;7;0;2;4;2;1
202300020496;155 644 211;7;0;2;1;26;1
202300020497;155 644 210;7;0;1;8;16;1
202300020498;155 644 207;7;1;;1;1;1
202300020498;155 644 208;14;0;2;4;24;1
202300020499;155 644 202;30;0;0;0;0;1
202300020499;155 644 205;7;0;2;4;2;1
202300020500;155 644 203;10;0;2;3;2;1
202300020500;155 644 206;7;0;0;6;1;1
202300020501;155 644 200;15;0;2;1;2;1
202300020501;155 644 201;7;0;2;4;2;1
202300020501;155 644 204;7;0;2;1;2;1
202300020502;155 644 198;33;0;1;1;26;1
202300020503;155 644 196;17;0;2;4;1;1
202300020503;155 644 197;7;0;2;1;12;1
202300020504;155 644 199;7;0;1;1;1;1
202300020505;155 644 193;17;0;2;2;12;1
202300020505;155 644 195;7;0;2;8;2;1
202300020506;155 644 194;7;0;1;1;20;1
202300020507;155 644 189;1;0;2;1;5;5
202300020507;155 644 192;7;0;2;1;26;1
202300020508;155 644 188;17;4;2;1;1;1
202300020508;155 644 191;7;0;2;4;2;1
202300020509;155 644 187;1;0;2;8;21;5
202300020509;155 644 190;7;0;2;2;19;1
202300020510;155 644 186;7;3;0;1;1;1
202300020511;155 644 184;7;0;2;3;1;1
202300020511;155 644 185;50;0;2;1;19;3
202300020512;155 644 183;7;4;0;1;1;1
202300020513;155 644 178;15;0;2;4;2;1
202300020513;155 644 181;10;0;2;1;2;1
202300020514;155 644 179;7;0;2;6;2;1
202300020514;155 644 182;33;0;2;2;2;1
202300020515;155 644 177;10;0;2;1;2;1
202300020515;155 644 180;7;0;2;4;1;1
202300020516;155 644 176;7;4;0;1;1;1
202300020517;155 644 175;7;13;0;7;14;1
202300020518;155 644 169;7;0;2;4;2;1
202300020518;155 644 170;7;0;2;1;2;1
202300020518;155 644 172;7;0;2;1;2;1
202300020519;155 644 168;7;0;2;4;1;1
202300020519;155 644 171;1;0;2;1;1;5
202300020520;155 644 173;50;0;2;1;2;3
202300020520;155 644 174;7;0;9;4;2;1
202300020521;155 644 167;7;0;1;1;26;1
202300020522;155 644 163;7;0;2;8;1;1
202300020522;155 644 165;7;0;2;2;17;1
202300020523;155 644 162;10;0;2;1;1;1
202300020523;155 644 164;7;0;2;4;1;1
202300020523;155 644 166;7;0;2;4;1;1
202300020524;155 644 159;7;0;0;5;0;1
202300020525;155 644 160;7;0;0;1;15;1
202300020525;155 644 161;50;0;2;8;1;3
202300020526;155 644 156;7;0;2;6;1;1
202300020526;155 644 158;33;0;2;1;1;1
202300020527;155 644 155;7;0;2;1;1;1
202300020527;155 644 157;7;0;2;4;1;1
202300020528;155 644 154;33;0;1;1;14;1
202300020529;155 644 150;1;0;2;1;1;5
202300020529;155 644 152;7;0;2;2;15;1
202300020530;155 644 148;7;0;2;1;1;1
202300020530;155 644 149;7;0;2;4;1;1
202300020530;155 644 151;17;0;2;1;1;1
202300020530;155 644 153;7;0;2;4;1;1
202300020531;155 644 143;7;0;1;2;21;1
202300020532;155 644 144;7;0;2;1;1;1
202300020532;155 644 146;7;0;2;4;1;1
202300020533;155 644 142;7;4;0;3;1;1
202300020534;155 644 141;30;0;0;0;1;1
202300020535;155 644 140;7;3;9;1;1;1
202300020536;155 644 145;7;0;2;2;15;1
202300020536;155 644 147;7;0;2;1;1;2
202300020537;155 644 136;14;0;2;3;1;1
202300020537;155 644 139;7;0;2;3;13;1
202300020538;155 644 134;1;0;2;1;1;5
202300020538;155 644 137;7;0;2;2;15;1
202300020539;155 644 133;30;0;2;1;1;1
202300020539;155 644 138;7;0;2;2;1;1
202300020540;155 644 127;7;0;2;8;10;1
202300020540;155 644 130;2;0;2;1;1;1
202300020541;155 644 128;7;0;2;2;16;0
202300020541;155 644 131;1;0;2;8;1;5
202300020542;155 644 129;33;14;0;1;1;1
202300020543;155 644 126;7;0;1;7;9;0
202300020544;155 644 125;30;0;0;7;0;1
202300020545;155 644 124;7;0;1;7;16;1
202300020546;155 644 118;7;0;2;1;1;2
202300020546;155 644 123;7;0;2;6;1;1
202300020547;155 644 120;1;0;2;1;1;5
202300020547;155 644 122;7;0;2;2;15;1
202300020548;155 644 119;33;0;2;3;1;1
202300020548;155 644 121;7;0;2;1;15;1
202300020549;155 644 115;10;0;2;1;1;1
202300020549;155 644 117;7;0;2;9;1;1
202300020549;155 644 132;10;0;2;1;1;1
202300020549;155 644 135;7;0;2;4;1;1
202300020550;155 644 114;7;0;1;1;1;1
202300020551;155 644 112;31;0;2;1;17;1
202300020551;155 644 113;30;0;2;1;0;3
202300020552;155 644 111;1;0;2;1;15;5
202300020552;155 644 116;1;0;2;1;25;5
202300020553;155 644 107;7;0;2;8;9;1
202300020553;155 644 110;7;0;2;3;1;1
202300020554;155 644 106;1;0;2;4;2;5
202300020554;155 644 108;30;0;9;4;26;0
202300020555;155 644 105;7;0;2;2;15;1
202300020555;155 644 109;32;0;2;1;1;3
202300020556;155 644 102;7;0;2;2;0;1
202300020556;155 644 104;1;0;2;0;0;5
202300020557;155 644 100;7;0;0;1;1;0
202300020558;155 644 099;7;0;2;2;11;1
202300020558;155 644 101;7;0;2;3;1;1
202300020559;155 644 103;7;0;1;3;1;1
202300020560;155 644 097;7;13;0;1;1;1
202300020561;155 644 094;1;0;2;0;0;5
202300020561;155 644 096;10;6;0;3;9;1
202300020562;155 644 093;7;0;1;7;1;1
202300020563;155 644 092;7;0;2;4;1;1
202300020563;155 644 095;7;0;2;4;1;1
202300020563;155 644 098;10;0;2;1;2;1
202300020564;155 644 089;40;0;1;2;1;2
202300020565;155 644 086;7;0;2;8;1;1
202300020565;155 644 088;7;0;2;1;1;1
202300020566;155 644 085;31;0;2;0;9;1
202300020567;155 644 084;33;0;2;8;1;1
202300020567;155 644 087;80;0;2;1;19;3
202300020568;155 644 081;7;0;1;1;16;1
202300020569;155 644 079;7;0;2;2;1;1
202300020569;155 644 083;10;0;2;1;15;1
202300020570;155 644 080;30;0;1;3;1;1
202300020571;155 644 077;30;1;0;1;1;1
202300020572;155 644 074;7;0;2;2;15;1
202300020572;155 644 078;35;0;2;7;1;3
202300020573;155 644 075;7;14;2;3;15;1
202300020573;155 644 076;1;0;2;1;21;5
202300020574;155 644 072;1;0;2;9;0;5
202300020574;155 644 073;7;0;2;3;1;1
202300020575;155 644 071;10;0;1;1;2;1
202300020576;155 644 070;10;0;1;1;15;1
202300020577;155 644 069;7;13;0;2;1;1
202300020578;155 644 066;7;0;9;3;1;1
202300020578;155 644 067;1;0;2;1;1;5
202300020579;155 644 063;7;0;2;2;16;1
202300020579;155 644 064;50;0;2;3;16;3
202300020580;155 644 062;7;0;2;3;1;0
202300020580;155 644 065;15;0;2;1;19;1
202300020581;155 644 061;7;0;1;2;16;1
202300020582;155 644 068;7;0;2;2;13;1
202300020582;155 644 082;10;0;2;2;1;1
202300020583;155 644 058;7;0;1;1;20;1
202300020584;155 644 056;7;0;2;1;1;1
202300020584;155 644 057;2;0;2;4;15;1
202300020585;155 644 053;7;2;0;1;13;1
202300020586;155 644 050;7;0;2;0;0;0
202300020586;155 644 052;7;12;2;3;0;1
202300020587;155 644 049;7;0;2;6;0;1
202300020587;155 644 051;7;0;2;4;15;0
202300020587;155 644 054;7;0;2;1;0;1
202300020588;155 644 047;31;0;2;1;0;1
202300020588;155 644 048;7;0;2;3;0;1
202300020589;155 644 044;7;0;2;3;1;1
202300020589;155 644 046;10;0;2;1;1;1
202300020590;155 644 043;7;0;2;3;5;1
202300020590;155 644 045;7;0;2;3;1;1
202300020591;155 644 042;7;0;0;0;26;1
202300020592;155 644 039;7;4;2;0;1;1
202300020592;155 644 040;7;0;2;6;11;1
202300020593;155 644 036;7;0;2;8;1;1
202300020593;155 644 037;7;0;2;8;1;1
202300020594;155 644 033;7;0;2;3;15;1
202300020594;155 644 035;0;;2;;;
202300020595;155 644 031;2;0;2;1;1;0
202300020595;155 644 032;7;0;2;1;1;0
202300020596;155 644 034;7;0;2;2;1;1
202300020596;155 644 038;7;0;2;1;1;1
202300020597;155 644 027;7;0;2;3;15;1
202300020597;155 644 028;2;0;2;2;1;1
202300020598;155 644 024;7;6;0;2;1;1
202300020599;155 644 026;31;0;2;1;1;3
202300020599;155 644 029;7;0;2;5;1;1
202300020600;155 644 023;7;0;1;3;1;1
202300020601;155 644 021;7;0;2;1;9;1
202300020601;155 644 022;30;0;2;5;0;1
202300020602;155 644 019;7;0;1;1;1;1
202300020603;155 644 020;7;0;9;5;16;0
202300020603;155 644 025;1;0;2;1;1;5
202300020604;155 644 016;14;0;1;4;4;1
202300020605;155 644 018;7;8;0;2;1;1
202300020606;155 644 013;1;0;2;0;0;5
202300020606;155 644 014;7;0;2;0;0;1
202300020607;155 644 015;30;0;2;1;2;1
202300020607;155 644 017;15;0;2;4;1;1
202300020608;155 644 010;7;0;1;1;1;1
202300020609;155 644 011;7;0;1;2;15;1
202300020610;155 644 007;7;0;2;3;1;1
202300020610;155 644 008;7;0;2;7;12;2
202300020611;155 644 003;7;0;2;2;1;2
202300020611;155 644 004;32;0;2;1;1;1
202300020612;155 644 002;7;0;2;1;2;1
202300020612;155 644 006;7;0;2;4;2;1
202300020613;155 643 998;10;0;2;1;23;3
202300020613;155 644 000;7;0;2;8;15;3
202300020613;155 644 001;33;0;2;7;17;1
202300020614;155 643 999;7;0;2;8;1;1
202300020614;155 644 005;7;0;2;3;13;1
202300020615;155 643 996;7;0;2;3;15;1
202300020615;155 643 997;30;0;2;2;17;3
202300020616;155 643 995;33;0;0;7;26;1
202300020617;155 643 994;7;0;1;1;1;3
202300020618;155 643 992;50;0;2;1;1;3
202300020618;155 643 993;7;8;2;3;15;1
202300020619;155 643 988;10;0;2;3;2;1
202300020619;155 643 990;7;0;2;4;2;3
202300020620;155 643 986;7;0;2;4;2;1
202300020620;155 643 989;7;0;2;1;2;1
202300020620;155 643 991;7;0;2;4;2;1
202300020621;155 643 985;1;0;0;0;16;5
202300020622;155 643 978;7;0;2;2;1;1
202300020622;155 643 982;37;0;2;7;1;6
202300020622;155 643 984;7;0;2;1;1;3
202300020623;155 643 979;7;0;2;4;1;6
202300020623;155 643 981;7;0;2;8;1;1
202300020623;155 643 983;43;0;2;1;3;1
202300020624;155 643 977;7;0;2;4;2;4
202300020624;155 643 980;10;0;2;1;2;4
202300020625;155 643 974;7;0;2;1;2;1
202300020625;155 643 975;7;0;2;4;23;1
202300020626;155 643 973;10;0;2;6;11;1
202300020626;155 643 976;33;0;2;2;3;1
202300020627;155 643 971;1;0;2;1;0;5
202300020627;155 643 972;7;0;2;1;5;1
202300020628;155 643 968;7;4;2;2;6;1
202300020628;155 643 970;7;0;2;1;1;1
202300020629;155 643 966;7;0;2;7;1;1
202300020629;155 643 967;10;0;2;8;1;1
202300020629;155 643 969;33;0;2;8;3;1
202300020630;155 643 962;7;0;2;1;1;1
202300020630;155 643 964;7;0;2;3;10;1
202300020631;155 643 963;33;0;2;1;17;1
202300020631;155 643 965;7;0;2;8;11;0
202300020632;155 643 960;7;0;2;6;9;1
202300020632;155 643 961;30;0;2;1;1;1
202300020633;155 643 959;32;0;1;1;2;1
202300020634;155 643 956;7;0;2;1;1;1
202300020634;155 643 958;7;0;2;2;19;1
202300020635;155 643 957;31;11;0;1;13;1
202300020636;155 643 952;30;0;2;7;15;1
202300020636;155 643 954;30;0;2;1;1;1
202300020637;155 643 951;33;0;2;1;2;1
202300020637;155 643 953;7;0;0;4;2;1
202300020637;155 643 955;7;0;2;1;2;1
202300020638;155 643 949;7;0;2;2;9;1
202300020638;155 643 950;2;0;2;1;1;1
202300020639;155 643 946;30;0;2;2;6;1
202300020639;155 643 948;7;0;2;3;6;1
202300020640;155 643 943;33;0;2;7;16;1
202300020640;155 643 944;10;0;2;7;1;1
202300020641;155 643 941;33;0;0;7;1;1
202300020642;155 643 938;7;0;2;1;1;1
202300020642;155 643 940;7;0;2;1;5;1
202300020642;155 643 942;7;0;0;8;1;1
202300020643;155 643 937;7;1;0;2;14;1
202300020644;155 643 936;32;0;2;2;1;1
202300020644;155 643 939;1;0;2;3;11;5
202300020645;155 643 935;10;1;0;1;16;1
202300020646;155 643 932;7;0;2;1;1;1
202300020646;155 643 934;7;0;2;7;10;1
202300020647;155 643 931;1;0;2;1;1;5
202300020647;155 643 933;7;0;2;1;22;3
202300020648;155 643 930;7;8;0;1;0;0
202300020649;155 643 925;10;2;0;1;2;1
202300020650;155 643 927;32;0;2;1;3;1
202300020650;155 643 929;10;0;2;5;1;1
202300020651;155 643 924;7;0;2;7;13;1
202300020651;155 643 926;13;0;2;1;1;1
202300020652;155 643 923;10;0;2;1;1;1
202300020652;155 643 928;7;0;2;7;1;1
202300020653;155 643 919;7;0;2;3;20;2
202300020653;155 643 922;43;0;2;1;17;1
202300020654;155 643 918;7;0;2;1;1;1
202300020654;155 643 920;10;0;2;3;1;1
202300020655;155 643 916;32;0;0;2;16;1
202300020656;155 643 914;1;0;2;7;0;5
202300020656;155 643 915;7;0;2;2;1;2
202300020657;155 643 912;7;0;1;7;1;1
202300020658;155 643 911;30;0;2;3;15;3
202300020658;155 643 913;7;0;2;1;1;3
202300020659;155 643 910;7;12;1;3;13;0
202300020660;155 643 908;7;0;1;1;1;1
202300020661;155 643 903;33;0;2;1;1;1
202300020661;155 643 904;10;0;2;3;9;1
202300020662;155 643 902;2;1;2;4;15;0
202300020662;155 643 906;2;0;2;4;17;6
202300020662;155 643 907;7;0;0;6;24;0
202300020663;155 643 901;1;0;2;1;5;5
202300020663;155 643 905;7;0;2;1;15;1
202300020664;155 643 909;7;0;2;0;0;1
202300020664;155 643 917;10;0;2;4;1;1
202300020664;155 643 921;10;0;2;1;1;1
202300020665;155 643 899;7;2;0;1;0;1
202300020666;155 643 897;10;0;2;7;16;1
202300020666;155 643 900;32;0;2;1;18;1
202300020667;155 643 896;42;0;0;2;3;1
202300020668;155 643 894;33;2;0;1;16;1
202300020669;155 643 893;50;0;0;1;16;3
202300020670;155 643 891;31;0;1;1;5;1
202300020671;155 643 892;7;13;0;1;26;6
202300020672;155 643 890;7;12;0;1;16;1
202300020673;155 643 887;7;9;2;2;1;1
202300020673;155 643 889;7;0;2;1;1;1
202300020674;155 643 888;7;0;1;1;1;1
202300020675;155 643 886;33;0;0;7;10;1
202300020676;155 643 884;7;13;0;9;1;1
202300020677;155 643 883;1;0;0;1;0;5
202300020678;155 643 885;37;0;1;5;26;1
202300020679;155 643 881;7;1;1;1;1;2
202300020680;155 643 879;7;0;2;3;9;1
202300020680;155 643 882;2;0;2;7;1;1
202300020681;155 643 876;7;0;2;1;1;1
202300020681;155 643 878;50;0;2;3;9;3
202300020682;155 643 877;7;0;9;3;0;0
202300020682;155 643 880;1;0;2;1;16;5
202300020683;155 643 873;7;0;1;2;1;1
202300020684;155 643 870;7;0;2;3;1;1
202300020684;155 643 874;7;0;2;0;0;1
202300020685;155 643 867;2;0;0;7;1;1
202300020686;155 643 866;7;2;0;1;14;1
202300020687;155 643 865;7;0;2;5;5;1
202300020687;155 643 868;7;0;2;2;26;1
202300020688;155 643 869;7;0;2;3;1;1
202300020688;155 643 872;33;0;2;1;17;1
202300020688;155 643 875;7;0;2;6;1;1
202300020689;155 643 864;7;0;1;2;15;1
202300020690;155 643 861;31;0;2;2;1;3
202300020690;155 643 863;7;0;2;3;15;2
202300020691;155 643 857;7;0;2;2;1;1
202300020691;155 643 862;7;0;2;1;0;1
202300020692;155 643 856;7;0;2;4;2;1
202300020692;155 643 859;7;0;2;1;2;1
202300020693;155 643 855;30;0;1;1;1;0
202300020694;155 643 853;7;0;1;1;1;1
202300020695;155 643 852;33;13;0;1;17;1
202300020695;155 643 854;10;0;0;4;17;1
202300020696;155 643 850;34;0;2;4;2;1
202300020696;155 643 851;43;0;2;1;2;1
202300020697;155 643 847;7;0;1;2;0;1
202300020698;155 643 845;7;0;2;2;21;1
202300020698;155 643 849;7;0;2;2;1;1
202300020699;155 643 841;7;0;2;1;17;1
202300020699;155 643 844;7;0;2;4;15;1
202300020700;155 643 846;7;0;2;1;9;1
202300020700;155 643 848;2;0;2;8;1;1
202300020701;155 643 838;7;0;2;1;2;1