Num_Acc;id_vehicule;categorie_vehicule;obstacle_fixe;obstacle_mobile;point_choc_initial;manoeuvre_principale;motorisation
202300020701;155 643 840;7;0;2;4;2;1
202300020701;155 643 842;7;0;2;1;2;1
202300020702;155 643 836;7;0;2;1;9;6
202300020702;155 643 839;7;0;2;3;0;0
202300020703;155 643 837;50;0;1;1;1;3
202300020704;155 643 834;7;3;0;1;1;1
202300020705;155 643 830;7;0;2;1;1;2
202300020705;155 643 833;7;0;2;8;1;2
202300020706;155 643 835;7;1;0;3;1;1
202300020707;155 643 828;7;13;0;8;1;1
202300020707;155 643 832;7;0;2;1;19;1
202300020708;155 643 826;7;0;2;4;2;1
202300020708;155 643 827;7;0;2;2;2;1
202300020708;155 643 829;7;0;2;1;2;1
202300020708;155 643 831;10;0;2;2;2;1
202300020709;155 643 824;7;0;2;4;23;1
202300020709;155 643 825;7;7;2;1;1;1
202300020710;155 643 822;7;13;1;3;26;1
202300020711;155 643 823;7;0;1;1;1;1
202300020712;155 643 820;7;0;2;0;0;0
202300020712;155 643 821;7;0;2;4;2;1
202300020713;155 643 817;60;0;2;1;19;5
202300020713;155 643 819;7;0;2;7;16;2
202300020714;155 643 815;1;0;2;1;1;5
202300020714;155 643 818;7;0;2;3;19;1
202300020715;155 643 813;7;0;2;4;2;1
202300020715;155 643 816;7;0;2;1;2;1
202300020716;155 643 811;7;0;2;4;2;1
202300020716;155 643 812;1;0;2;1;2;5
202300020717;155 643 807;1;0;0;3;0;5
202300020717;155 643 810;13;0;0;5;0;0
202300020718;155 643 808;1;14;0;7;14;5
202300020719;155 643 805;10;0;2;7;14;1
202300020719;155 643 806;17;0;2;7;23;1
202300020719;155 643 809;7;0;2;1;26;1
202300020720;155 643 814;7;0;1;1;1;1
202300020721;155 643 804;7;0;1;1;2;0
202300020722;155 643 802;32;0;2;7;17;1
202300020722;155 643 803;37;0;2;0;15;2
202300020723;155 643 800;7;4;0;2;1;1
202300020724;155 643 799;7;3;2;1;2;1
202300020725;155 643 801;7;12;0;2;1;6
202300020726;155 643 797;7;0;2;3;1;1
202300020726;155 643 798;30;0;2;2;12;1
202300020727;155 643 796;7;13;0;7;14;1
202300020728;155 643 795;7;13;0;2;9;1
202300020729;155 643 793;7;0;2;9;2;2
202300020729;155 643 794;7;0;2;6;2;1
202300020730;155 643 790;7;0;2;1;1;1
202300020730;155 643 792;7;0;2;1;1;1
202300020731;155 643 789;36;0;0;2;2;1
202300020731;155 643 791;7;0;0;2;1;1
202300020732;155 643 787;10;0;1;1;15;1
202300020733;155 643 786;7;0;2;4;1;1
202300020733;155 643 788;7;0;2;7;1;1
202300020734;155 643 784;33;6;0;1;1;1
202300020735;155 643 783;7;0;2;1;1;1
202300020735;155 643 785;7;0;2;4;1;1
202300020736;155 643 782;1;0;1;1;1;5
202300020737;155 643 781;17;15;0;7;1;1
202300020738;155 643 776;33;0;2;3;3;0
202300020738;155 643 778;7;0;2;6;1;0
202300020738;155 643 779;7;0;2;2;12;0
202300020739;155 643 775;7;0;2;7;15;1
202300020739;155 643 777;32;0;2;1;1;1
202300020740;155 643 772;7;0;0;8;16;1
202300020740;155 643 773;7;0;2;1;1;1
202300020741;155 643 767;7;0;2;4;1;0
202300020741;155 643 770;7;0;2;1;2;0
202300020742;155 643 766;7;0;0;0;19;1
202300020743;155 643 765;7;0;2;4;1;0
202300020743;155 643 769;15;0;2;1;1;0
202300020743;155 643 771;7;0;2;4;1;0
202300020744;155 643 768;7;0;2;4;2;1
202300020744;155 643 774;0;0;2;1;2;1
202300020744;155 643 780;7;0;2;6;2;1
202300020745;155 643 761;7;0;2;7;14;0
202300020745;155 643 762;7;0;2;8;1;0
202300020746;155 643 760;7;0;2;0;0;0
202300020746;155 643 764;7;0;2;1;2;1
202300020747;155 643 759;1;0;2;2;1;5
202300020747;155 643 763;17;0;2;3;9;1
202300020748;155 643 756;31;0;2;0;21;0
202300020749;155 643 753;7;0;2;4;2;1
202300020749;155 643 757;7;0;2;1;13;1
202300020750;155 643 758;7;0;1;3;15;1
202300020751;155 643 754;10;0;2;2;1;1
202300020751;155 643 755;7;0;2;7;15;1
202300020752;155 643 751;50;0;2;1;1;3
202300020752;155 643 752;7;0;2;1;15;1
202300020753;155 643 748;7;0;2;4;2;2
202300020753;155 643 750;7;0;2;1;2;1
202300020754;155 643 747;7;0;2;1;2;1
202300020754;155 643 749;15;0;2;4;1;1
202300020755;155 643 742;7;0;2;7;0;1
202300020755;155 643 744;7;0;2;8;0;2
202300020756;155 643 743;80;0;0;8;19;3
202300020756;155 643 746;7;0;2;1;15;1
202300020757;155 643 740;30;0;2;8;1;1
202300020757;155 643 745;7;0;2;3;15;1
202300020758;155 643 739;7;0;2;4;15;2
202300020758;155 643 741;33;0;2;1;17;1
202300020759;155 643 735;33;0;2;8;18;1
202300020759;155 643 738;7;0;2;7;14;1
202300020760;155 643 733;10;0;2;4;2;1
202300020760;155 643 736;7;0;2;4;2;1
202300020760;155 643 737;7;0;2;1;2;1
202300020761;155 643 732;7;0;2;2;17;0
202300020761;155 643 734;7;13;2;6;2;1
202300020762;155 643 730;33;0;0;8;1;1
202300020763;155 643 729;10;0;2;2;1;1
202300020763;155 643 731;33;0;2;8;3;1
202300020764;155 643 728;7;0;1;0;1;1
202300020765;155 643 727;10;0;1;1;0;0
202300020766;155 643 724;1;0;0;0;1;5
202300020767;155 643 725;7;2;0;3;1;1
202300020768;155 643 723;33;0;2;1;2;1
202300020768;155 643 726;7;0;2;4;2;1
202300020769;155 643 721;7;0;1;3;1;1
202300020770;155 643 715;7;0;2;4;2;1
202300020770;155 643 719;10;0;2;1;2;1
202300020770;155 643 720;7;0;2;1;2;1
202300020771;155 643 716;2;0;2;1;1;1
202300020771;155 643 717;7;0;9;2;1;1
202300020772;155 643 714;7;0;1;1;1;1
202300020773;155 643 713;7;0;2;4;23;1
202300020773;155 643 718;7;0;2;1;2;1
202300020774;155 643 709;10;0;2;5;1;1
202300020774;155 643 712;33;0;2;1;1;1
202300020775;155 643 707;7;0;2;1;1;1
202300020775;155 643 711;50;0;2;8;15;3
202300020776;155 643 706;37;0;2;8;1;1
202300020776;155 643 710;30;0;2;1;1;1
202300020777;155 643 705;7;0;2;4;15;1
202300020777;155 643 708;7;0;2;1;2;0
202300020778;155 643 704;7;4;0;1;1;1
202300020779;155 643 703;7;8;0;3;26;1
202300020780;155 643 701;7;0;2;1;2;1
202300020780;155 643 702;7;8;2;4;2;1
202300020781;155 643 700;7;2;0;8;21;1
202300020782;155 643 696;7;16;0;4;12;1
202300020782;155 643 699;17;0;2;1;21;1
202300020783;155 643 695;30;0;2;8;10;1
202300020783;155 643 697;32;0;2;1;1;1
202300020784;155 643 694;2;0;0;4;14;1
202300020785;155 643 691;7;15;0;3;1;1
202300020786;155 643 689;33;13;0;1;1;1
202300020787;155 643 687;10;0;1;4;4;1
202300020788;155 643 685;21;13;0;3;0;1
202300020789;155 643 684;7;0;2;4;23;1
202300020789;155 643 686;7;0;2;4;23;1
202300020789;155 643 688;7;0;2;1;2;1
202300020789;155 643 690;7;0;2;1;2;1
202300020789;155 643 692;7;0;2;1;2;1
202300020790;155 643 683;17;0;0;8;1;1
202300020791;155 643 693;7;0;2;7;15;1
202300020791;155 643 698;33;0;2;1;1;1
202300020792;155 643 681;7;0;1;0;23;1
202300020793;155 643 680;7;0;1;1;15;1
202300020794;155 643 677;7;3;2;1;1;1
202300020794;155 643 679;7;0;2;1;1;1
202300020794;155 643 682;7;3;2;1;5;1
202300020795;155 643 675;10;0;1;1;1;1
202300020796;155 643 674;35;0;2;3;1;3
202300020796;155 643 676;1;0;2;0;1;5
202300020797;155 643 678;7;0;1;1;15;1
202300020798;155 643 673;1;0;1;1;1;5
202300020799;155 643 671;33;0;0;0;26;1
202300020800;155 643 672;33;0;1;3;1;1
202300020801;155 643 669;7;13;2;4;1;1
202300020801;155 643 670;10;0;2;2;2;1
202300020802;155 643 667;10;3;0;2;1;1
202300020803;155 643 666;7;0;2;6;23;1
202300020803;155 643 668;31;0;2;7;11;1
202300020804;155 643 664;7;0;1;1;1;1
202300020805;155 643 665;7;0;1;1;15;1
202300020806;155 643 662;2;0;2;1;5;1
202300020806;155 643 663;7;0;2;2;1;1
202300020807;155 643 660;2;0;2;1;1;1
202300020808;155 643 658;33;0;2;1;1;1
202300020808;155 643 661;7;0;2;8;9;1
202300020809;155 643 659;33;16;0;0;14;1
202300020810;155 643 654;33;0;0;9;0;1
202300020811;155 643 656;10;0;2;3;15;1
202300020811;155 643 657;43;0;2;3;1;1
202300020812;155 643 653;60;13;0;7;1;5
202300020813;155 643 652;10;0;2;1;24;1
202300020813;155 643 655;7;11;0;1;13;1
202300020814;155 643 649;7;3;2;1;2;1
202300020814;155 643 651;14;0;2;4;1;1
202300020815;155 643 647;7;0;2;3;15;1
202300020815;155 643 650;33;0;2;4;15;1
202300020816;155 643 646;15;0;2;8;11;1
202300020816;155 643 648;7;3;2;7;1;1
202300020817;155 643 643;2;0;2;1;1;1
202300020817;155 643 645;10;0;2;3;13;1
202300020818;155 643 644;7;0;1;1;1;1
202300020819;155 643 642;7;0;1;2;1;1
202300020820;155 643 640;7;0;2;1;5;1
202300020820;155 643 641;7;0;2;1;1;1
202300020821;155 643 639;7;15;0;2;21;1
202300020822;155 643 638;99;0;9;0;0;6
202300020823;155 643 637;7;0;1;1;1;0
202300020824;155 643 636;7;8;0;1;15;1
202300020825;155 643 634;10;0;2;1;2;1
202300020825;155 643 635;7;0;2;4;2;1
202300020826;155 643 632;7;6;0;3;1;1
202300020827;155 643 631;10;0;1;6;26;1
202300020828;155 643 630;30;0;2;1;1;1
202300020828;155 643 633;32;0;2;2;15;1
202300020829;155 643 628;7;0;2;8;9;1
202300020829;155 643 629;33;0;2;1;1;1
202300020830;155 643 627;7;15;1;1;26;1
202300020831;155 643 623;7;2;0;1;13;1
202300020832;155 643 621;7;0;2;2;15;0
202300020832;155 643 626;50;0;0;0;0;3
202300020833;155 643 620;7;0;2;3;0;1
202300020833;155 643 624;7;0;2;3;15;1
202300020834;155 643 619;1;6;0;1;1;5
202300020835;155 643 618;7;2;0;1;0;1
202300020836;155 643 616;7;0;2;3;15;1
202300020836;155 643 617;31;0;2;1;1;1
202300020837;155 643 615;7;13;0;1;0;1
202300020838;155 643 614;7;0;1;1;1;1
202300020839;155 643 613;7;3;0;9;16;0
202300020840;155 643 610;38;0;2;1;1;1
202300020840;155 643 612;7;0;2;7;13;1
202300020841;155 643 608;7;1;0;1;1;1
202300020842;155 643 607;7;0;2;1;1;1
202300020842;155 643 611;1;0;2;7;1;5
202300020843;155 643 606;33;0;2;7;2;0
202300020843;155 643 609;7;0;2;3;2;0
202300020844;155 643 603;7;0;2;2;17;1
202300020844;155 643 605;7;0;2;3;1;1
202300020845;155 643 600;10;0;0;0;1;1
202300020846;155 643 598;7;15;0;1;19;1
202300020847;155 643 599;7;0;2;4;2;1
202300020847;155 643 602;7;0;2;1;2;1
202300020848;155 643 591;7;3;0;4;1;1
202300020848;155 643 594;10;3;2;1;2;1
202300020849;155 643 589;7;0;2;1;1;1
202300020849;155 643 593;10;0;2;1;13;1
202300020849;155 643 596;7;0;2;1;1;1
202300020850;155 643 590;7;0;1;1;1;1
202300020851;155 643 588;33;11;0;1;1;1
202300020852;155 643 586;7;0;0;0;0;1
202300020853;155 643 585;7;0;0;4;1;1
202300020853;155 643 587;33;0;2;1;2;1
202300020854;155 643 583;10;0;2;0;0;1
202300020854;155 643 584;7;0;2;3;0;1
202300020855;155 643 577;7;0;2;1;1;1
202300020855;155 643 580;7;0;2;1;6;1
202300020856;155 643 578;31;0;2;7;1;1
202300020856;155 643 581;7;0;2;2;15;1
202300020857;155 643 574;7;0;0;4;1;0
202300020857;155 643 576;7;0;2;4;1;0
202300020857;155 643 579;7;0;2;1;1;0
202300020857;155 643 582;7;0;2;1;1;0
202300020858;155 643 573;7;8;0;9;1;1
202300020859;155 643 572;7;0;1;3;20;1
202300020860;155 643 575;7;0;1;3;15;1
202300020861;155 643 570;7;0;2;2;1;0
202300020861;155 643 571;33;0;2;8;1;1
202300020862;155 643 569;31;13;0;1;21;1
202300020863;155 643 568;7;0;1;1;2;1
202300020864;155 643 565;7;0;2;5;2;0
202300020864;155 643 566;7;3;2;3;2;0
202300020865;155 643 563;7;0;9;1;16;1
202300020865;155 643 567;1;0;2;5;1;5
202300020866;155 643 562;2;0;0;8;15;1
202300020867;155 643 560;2;0;2;1;5;1
202300020867;155 643 561;7;0;2;2;1;1
202300020868;155 643 559;2;6;0;1;1;3
202300020869;155 643 558;7;2;0;7;1;1
202300020870;155 643 556;7;0;9;2;1;0
202300020870;155 643 557;1;0;2;8;19;5
202300020871;155 643 554;32;0;2;1;13;1
202300020871;155 643 555;7;0;2;3;1;1
202300020872;155 643 551;1;0;2;8;19;5
202300020872;155 643 552;7;0;9;1;16;1
202300020873;155 643 550;7;0;2;0;15;1
202300020873;155 643 553;30;0;2;6;1;1
202300020874;155 643 547;30;0;2;1;2;1
202300020874;155 643 549;7;0;2;4;2;1
202300020875;155 643 542;7;0;2;1;1;1
202300020875;155 643 544;7;0;2;1;5;1
202300020875;155 643 546;7;0;2;1;1;1
202300020875;155 643 548;7;0;9;1;1;1
202300020876;155 643 541;7;0;0;2;16;0
202300020876;155 643 545;1;0;2;1;1;5
202300020877;155 643 540;10;0;2;1;1;1
202300020877;155 643 543;30;0;2;5;0;1
202300020878;155 643 535;7;0;2;6;1;1
202300020878;155 643 538;7;0;2;1;1;1
202300020879;155 643 537;10;0;2;3;1;1
202300020879;155 643 539;7;0;2;3;5;1
202300020880;155 643 534;7;0;2;1;21;1
202300020880;155 643 536;7;0;2;3;13;1
202300020881;155 643 531;33;0;2;0;1;1
202300020882;155 643 532;7;0;0;4;26;0
202300020882;155 643 533;7;0;2;1;26;1
202300020883;155 643 528;80;0;2;3;1;3
202300020883;155 643 530;7;0;9;8;13;0
202300020884;155 643 526;7;0;1;3;0;1
202300020885;155 643 525;33;0;2;1;17;1
202300020885;155 643 527;10;0;2;1;1;1
202300020885;155 643 529;7;0;2;1;1;1
202300020886;155 643 521;7;0;2;3;1;1
202300020886;155 643 523;7;0;2;3;1;1
202300020887;155 643 522;7;0;2;3;12;1
202300020887;155 643 524;3;0;2;5;0;1
202300020888;155 643 520;7;6;0;1;1;1
202300020889;155 643 519;33;0;0;0;0;1
202300020890;155 643 517;33;13;0;9;1;1
202300020891;155 643 516;2;0;2;1;1;1
202300020891;155 643 518;7;0;2;3;15;1
202300020892;155 643 514;7;0;2;2;2;1
202300020892;155 643 515;2;0;0;4;9;1
202300020893;155 643 511;7;13;0;1;1;1
202300020894;155 643 510;7;0;2;1;17;1
202300020894;155 643 513;99;0;2;8;1;1
202300020895;155 643 509;32;0;2;2;1;1
202300020895;155 643 512;7;0;2;3;15;1
202300020896;155 643 504;7;0;2;3;1;1
202300020896;155 643 506;7;0;2;3;1;1
202300020896;155 643 508;7;0;2;1;1;1
202300020897;155 643 505;7;0;2;1;2;1
202300020897;155 643 507;10;0;2;6;1;1
202300020898;155 643 503;3;0;1;1;1;3
202300020899;155 643 502;10;13;0;1;1;1
202300020900;155 643 499;17;0;2;1;2;1
202300020900;155 643 500;10;0;2;4;2;1
202300020900;155 643 501;10;0;2;4;2;1
202300020901;155 643 498;7;13;0;2;14;1
202300020902;155 643 497;7;0;1;1;1;1
202300020903;155 643 493;7;0;2;1;1;1
202300020903;155 643 496;7;0;2;1;5;1
202300020904;155 643 491;7;0;2;9;1;2
202300020904;155 643 492;7;0;2;9;11;2
202300020904;155 643 495;7;0;2;1;13;1
202300020905;155 643 490;1;0;2;1;5;5
202300020905;155 643 494;7;0;2;3;1;1
202300020906;155 643 489;7;0;0;0;1;0
202300020907;155 643 488;32;16;0;7;1;1
202300020908;155 643 485;1;0;9;7;2;5
202300020908;155 643 487;1;0;9;8;2;5
202300020909;155 643 483;7;8;2;8;13;1
202300020909;155 643 486;7;0;2;8;1;1
202300020910;155 643 480;7;0;2;1;2;1
202300020910;155 643 482;7;0;2;4;1;1
202300020911;155 643 481;7;0;2;1;1;1
202300020911;155 643 484;15;0;2;4;1;1
202300020912;155 643 476;7;0;2;3;13;1
202300020912;155 643 479;7;0;2;3;1;1
202300020913;155 643 474;7;0;2;4;0;1
202300020913;155 643 477;7;0;2;1;0;1
202300020914;155 643 473;7;0;2;2;1;1
202300020914;155 643 475;7;0;2;1;1;1
202300020914;155 643 478;7;0;2;4;1;1
202300020915;155 643 468;7;3;2;8;2;1
202300020915;155 643 471;7;0;2;2;14;1
202300020916;155 643 469;14;0;2;3;1;0
202300020916;155 643 472;7;0;2;1;13;1
202300020917;155 643 467;33;0;2;7;1;1
202300020917;155 643 470;7;0;2;0;11;2
202300020918;155 643 465;7;6;0;3;13;1
202300020919;155 643 463;7;0;2;0;2;1
202300020919;155 643 466;7;0;2;0;0;1
202300020920;155 643 464;7;4;0;1;1;1
202300020921;155 643 460;17;3;0;2;1;1
202300020922;155 643 461;7;6;0;1;1;1
202300020923;155 643 459;30;0;2;5;1;1
202300020923;155 643 462;7;0;2;3;9;1
202300020924;155 643 457;7;0;0;3;1;1
202300020925;155 643 453;30;0;2;2;1;1
202300020925;155 643 455;7;0;2;3;15;1
202300020926;155 643 452;10;0;2;1;1;1
202300020926;155 643 454;7;0;2;4;2;1
202300020926;155 643 456;10;0;2;4;2;1
202300020926;155 643 458;7;0;2;4;2;2
202300020927;155 643 450;10;0;2;4;11;1
202300020927;155 643 451;10;0;2;1;1;1
202300020928;155 643 448;3;0;1;1;1;3
202300020929;155 643 446;7;0;2;1;2;1
202300020929;155 643 447;7;0;2;4;2;1
202300020929;155 643 449;7;0;0;4;0;1
202300020930;155 643 443;7;0;2;4;12;1
202300020930;155 643 445;31;0;2;1;3;1
202300020931;155 643 442;7;3;0;1;13;0
202300020932;155 643 440;7;0;2;1;1;1
202300020932;155 643 441;10;0;2;1;1;1
202300020932;155 643 444;60;0;2;3;1;5
202300020933;155 643 438;33;0;2;1;3;1
202300020933;155 643 439;7;0;2;5;12;1
202300020934;155 643 436;7;0;2;2;14;1
202300020934;155 643 437;7;0;2;6;1;3
202300020935;155 643 434;33;13;0;1;1;1
202300020936;155 643 431;7;0;2;6;11;1
202300020936;155 643 433;43;4;2;2;1;1
202300020937;155 643 432;7;0;2;7;15;1
202300020937;155 643 435;7;0;2;1;1;1
202300020938;155 643 430;7;4;0;9;14;1
202300020939;155 643 425;33;0;2;1;1;1
202300020939;155 643 429;33;0;0;6;1;1
202300020940;155 643 426;1;0;0;0;0;5
202300020940;155 643 428;7;0;2;4;20;2
202300020941;155 643 424;30;0;2;1;1;1
202300020941;155 643 427;32;0;2;2;1;1
202300020942;155 643 422;7;8;2;1;17;1
202300020942;155 643 423;7;0;2;1;1;1
202300020943;155 643 420;10;0;1;1;1;1
202300020944;155 643 419;32;0;2;8;13;1
202300020944;155 643 421;7;0;2;7;1;1
202300020945;155 643 415;7;0;2;6;1;1
202300020945;155 643 418;30;0;2;0;0;1
202300020946;155 643 416;30;0;2;1;17;1
202300020946;155 643 417;7;0;2;8;15;1
202300020947;155 643 413;10;0;2;2;26;1
202300020947;155 643 414;3;0;2;1;26;1
202300020948;155 643 409;50;6;2;1;1;3
202300020948;155 643 411;7;8;2;1;1;1
202300020949;155 643 410;50;0;2;1;19;3
202300020949;155 643 412;7;0;2;3;16;1
202300020950;155 643 408;7;6;0;7;14;1
202300020951;155 643 407;30;0;1;1;1;0
202300020952;155 643 405;7;0;2;6;2;2
202300020952;155 643 406;30;0;2;1;2;1
202300020953;155 643 400;31;0;2;1;1;0
202300020953;155 643 403;7;0;2;3;2;0
202300020954;155 643 398;7;0;2;1;1;1
202300020954;155 643 401;7;0;2;2;15;1
202300020955;155 643 395;1;0;2;3;1;5
202300020955;155 643 397;7;0;2;3;15;1
202300020956;155 643 391;7;0;2;4;1;1
202300020956;155 643 394;10;0;2;1;1;1
202300020956;155 643 396;7;0;2;0;0;1
202300020956;155 643 399;7;0;0;0;0;1
202300020957;155 643 390;32;0;2;2;17;3
202300020957;155 643 392;7;0;2;3;15;0
202300020958;155 643 389;7;0;2;1;1;3
202300020958;155 643 393;7;0;2;3;1;1
202300020959;155 643 386;33;0;2;2;1;1
202300020959;155 643 388;1;0;2;1;1;5
202300020960;155 643 384;7;12;0;5;15;1
202300020961;155 643 385;1;0;2;8;19;5
202300020961;155 643 387;7;0;9;2;1;1
202300020962;155 643 383;7;12;0;1;21;1
202300020963;155 643 381;7;0;2;1;0;0
202300020963;155 643 382;2;0;2;1;1;1
202300020964;155 643 377;7;0;2;4;23;0
202300020964;155 643 379;7;0;2;1;2;1
202300020964;155 643 380;7;0;2;1;23;1
202300020965;155 643 375;10;0;2;1;0;1
202300020965;155 643 378;7;0;2;4;23;1
202300020966;155 643 374;7;0;2;4;23;1
202300020966;155 643 376;7;0;2;1;1;1
202300020967;155 643 373;30;0;2;0;0;1
202300020968;155 643 372;33;0;0;3;0;1
202300020969;155 643 371;7;0;1;1;1;1
202300020970;155 643 369;7;0;2;8;10;1
202300020970;155 643 370;2;0;2;7;17;1
202300020971;155 643 363;7;0;2;1;2;1
202300020971;155 643 366;7;0;2;4;2;1
202300020971;155 643 368;7;0;2;1;2;1
202300020972;155 643 365;7;0;2;5;15;1
202300020972;155 643 367;7;0;2;2;1;1
202300020973;155 643 362;30;0;2;3;1;3
202300020973;155 643 364;7;0;2;2;1;1
202300020974;155 643 361;7;6;0;1;1;1
202300020975;155 643 360;7;0;1;1;1;1
202300020976;155 643 358;7;0;2;1;1;0
202300020976;155 643 359;1;0;2;1;1;0
202300020977;155 643 356;7;0;0;9;1;1
202300020978;155 643 353;10;0;2;1;0;1
202300020978;155 643 354;7;0;2;6;2;1
202300020978;155 643 355;7;0;2;0;0;0
202300020979;155 643 351;7;10;0;1;1;1
202300020980;155 643 350;7;0;2;1;1;1
202300020980;155 643 352;7;4;2;6;9;1
202300020980;155 643 357;17;0;2;1;1;1
202300020981;155 643 349;33;0;0;1;19;1
202300020982;155 643 348;7;0;1;2;1;1
202300020983;155 643 344;7;13;0;9;1;1
202300020984;155 643 345;10;0;2;2;1;1
202300020984;155 643 347;7;0;2;6;15;1
202300020985;155 643 343;10;0;2;0;1;1
202300020985;155 643 346;7;8;2;5;1;1
202300020986;155 643 342;7;6;0;1;1;1
202300020987;155 643 341;31;14;2;0;1;1
202300020988;155 643 339;7;0;1;2;1;2
202300020989;155 643 338;7;3;2;1;2;1
202300020989;155 643 340;7;3;2;4;1;1
202300020990;155 643 337;50;0;1;1;5;3
202300020991;155 643 335;7;0;1;1;16;1
202300020992;155 643 333;7;0;2;2;1;1
202300020992;155 643 336;2;0;2;1;19;1
202300020993;155 643 334;10;0;1;3;1;1
202300020994;155 643 332;7;2;9;1;1;1
202300020995;155 643 331;7;0;1;1;2;1
202300020996;155 643 328;7;13;0;9;13;1
202300020997;155 643 329;7;0;2;1;1;3
202300020997;155 643 330;1;0;2;1;1;5
202300020998;155 643 326;7;0;2;8;15;1
202300020998;155 643 327;33;0;2;1;1;1
202300020999;155 643 325;14;10;0;1;1;1
202300021000;155 643 322;7;0;2;5;15;1
202300021000;155 643 324;34;0;2;1;1;1
202300021001;155 643 318;7;0;2;2;0;0
202300021001;155 643 320;30;0;0;4;1;3
202300021002;155 643 319;7;0;2;6;15;1
202300021002;155 643 321;1;0;2;0;1;5
202300021003;155 643 316;7;0;2;2;15;1
202300021003;155 643 317;1;0;2;1;0;5
202300021004;155 643 315;2;0;0;0;0;0
202300021005;155 643 312;7;13;0;2;16;1
202300021005;155 643 313;7;0;2;6;1;1
202300021005;155 643 314;7;0;2;0;26;1
202300021006;155 643 310;7;4;0;1;1;1
202300021007;155 643 308;10;0;2;1;13;1
202300021007;155 643 311;7;0;2;1;1;1
202300021008;155 643 307;30;0;1;1;21;1
202300021009;155 643 306;1;0;2;3;25;5
202300021009;155 643 309;80;0;2;2;25;3
202300021010;155 643 305;7;0;1;1;1;1
202300021011;155 643 303;2;0;0;0;21;1
202300021012;155 643 302;7;0;2;6;9;1
202300021012;155 643 304;99;0;2;2;2;1
202300021013;155 643 301;1;0;5;1;1;5
202300021014;155 643 300;7;0;1;1;1;1
202300021015;155 643 297;7;0;2;8;15;1
202300021015;155 643 299;33;0;2;7;1;1
202300021016;155 643 295;7;0;1;2;15;1
202300021017;155 643 293;33;0;0;8;1;1
202300021018;155 643 292;7;0;2;3;15;1
202300021018;155 643 294;33;0;2;2;1;1
202300021019;155 643 291;7;0;1;1;1;1
202300021020;155 643 289;20;0;2;1;1;1
202300021020;155 643 290;7;3;2;7;13;1
202300021021;155 643 286;7;0;2;1;1;1
202300021021;155 643 287;30;14;2;1;13;1
202300021022;155 643 285;7;2;0;3;1;0
202300021023;155 643 283;7;0;2;2;21;1
202300021023;155 643 284;7;0;2;6;0;1
202300021023;155 643 288;7;0;2;6;16;1
202300021024;155 643 282;7;13;0;3;13;1
202300021025;155 643 280;33;0;2;1;1;6
202300021025;155 643 281;7;0;2;3;15;3
202300021026;155 643 277;7;0;2;1;15;1
202300021026;155 643 279;33;0;2;8;2;1
202300021027;155 643 275;7;1;0;6;2;1
202300021027;155 643 278;50;0;2;1;2;3
202300021028;155 643 274;7;0;2;3;9;1
202300021028;155 643 276;1;0;2;5;1;5
202300021029;155 643 270;7;2;0;1;13;1
202300021030;155 643 271;34;0;2;7;17;1
202300021030;155 643 273;10;0;2;3;10;0
202300021031;155 643 269;7;0;2;3;1;1
202300021031;155 643 272;7;0;2;3;1;1
202300021032;155 643 268;7;14;0;1;6;1
202300021033;155 643 267;34;1;0;0;1;1
202300021034;155 643 263;13;0;2;3;2;1
202300021034;155 643 265;7;0;2;9;2;1
202300021034;155 643 266;7;0;2;4;0;1
202300021035;155 643 262;7;0;2;2;15;1
202300021035;155 643 264;1;0;2;1;1;5
202300021036;155 643 257;34;0;2;7;17;1
202300021036;155 643 260;7;0;2;8;19;1
202300021037;155 643 259;7;0;2;1;26;6
202300021037;155 643 261;7;8;0;4;15;1
202300021038;155 643 256;7;0;2;2;19;1
202300021038;155 643 258;1;0;2;1;1;5
202300021039;155 643 254;7;2;0;2;1;1
202300021040;155 643 253;43;0;2;1;2;0
202300021040;155 643 255;7;0;2;4;1;1
202300021041;155 643 251;7;0;2;2;0;0
202300021041;155 643 252;34;0;2;1;1;1
202300021042;155 643 246;7;0;2;2;15;1
202300021042;155 643 248;30;0;2;2;2;1
202300021043;155 643 245;2;0;2;8;17;1
202300021043;155 643 247;2;0;2;5;15;1
202300021044;155 643 242;7;0;0;0;1;6
202300021045;155 643 237;7;0;2;2;15;1
202300021045;155 643 238;2;0;2;1;2;1
202300021046;155 643 235;33;0;2;1;17;1
202300021046;155 643 236;7;0;2;3;26;1
202300021047;155 643 234;37;13;0;7;2;1
202300021048;155 643 239;7;0;1;4;20;1
202300021049;155 643 233;7;0;1;1;1;1
202300021050;155 643 230;2;0;2;1;13;1
202300021050;155 643 232;10;0;2;1;1;1
202300021051;155 643 226;7;0;9;2;16;1
202300021051;155 643 228;60;0;2;1;18;5
202300021052;155 643 227;7;1;2;4;2;0
202300021052;155 643 229;7;0;0;4;2;1
202300021052;155 643 231;7;1;2;1;2;1
202300021053;155 643 225;7;13;0;1;0;1
202300021054;155 643 223;30;0;2;3;11;1
202300021054;155 643 224;7;0;2;2;1;1
202300021055;155 643 222;7;0;1;0;0;0
202300021056;155 643 220;33;1;0;9;1;1
202300021057;155 643 219;7;0;1;2;1;0
202300021058;155 643 218;7;0;2;3;14;1