Num_Acc;id_vehicule;categorie_vehicule;obstacle_fixe;obstacle_mobile;point_choc_initial;manoeuvre_principale;motorisation
202300021407;155 642 591;33;4;0;3;0;1
202300021408;155 642 590;7;7;2;5;15;1
202300021408;155 642 592;10;0;2;1;1;1
202300021409;155 642 589;7;4;0;1;15;1
202300021410;155 642 587;33;0;2;1;1;1
202300021410;155 642 588;7;0;2;2;13;1
202300021411;155 642 582;7;0;2;1;13;1
202300021411;155 642 585;7;8;0;8;1;1
202300021412;155 642 583;7;0;2;2;15;1
202300021412;155 642 584;7;12;2;8;23;1
202300021412;155 642 586;7;9;2;3;1;2
202300021413;155 642 579;7;0;2;3;19;1
202300021413;155 642 580;7;0;2;3;1;1
202300021414;155 642 578;10;0;0;8;1;1
202300021414;155 642 581;7;0;2;1;1;1
202300021415;155 642 573;7;0;2;3;13;1
202300021415;155 642 575;7;0;2;8;1;2
202300021415;155 642 577;2;0;2;7;21;1
202300021416;155 642 574;7;0;2;1;13;0
202300021416;155 642 576;2;0;2;1;1;0
202300021417;155 642 570;7;0;2;8;15;1
202300021417;155 642 571;33;0;2;1;1;1
202300021418;155 642 569;7;6;2;1;1;1
202300021418;155 642 572;7;0;2;3;1;1
202300021419;155 642 567;32;0;2;4;23;1
202300021419;155 642 568;7;0;2;1;1;1
202300021420;155 642 565;50;0;9;1;1;3
202300021420;155 642 566;99;0;9;1;15;5
202300021421;155 642 563;33;13;0;1;2;1
202300021422;155 642 562;33;0;2;1;1;1
202300021422;155 642 564;7;0;2;1;13;1
202300021423;155 642 561;7;0;1;2;15;1
202300021424;155 642 559;7;3;0;3;13;1
202300021425;155 642 555;7;6;0;3;1;1
202300021426;155 642 554;7;0;2;3;13;1
202300021426;155 642 556;14;0;2;8;1;1
202300021427;155 642 553;7;0;0;5;1;1
202300021427;155 642 557;50;0;0;0;1;3
202300021428;155 642 552;33;0;0;7;1;1
202300021429;155 642 551;38;0;1;2;2;1
202300021430;155 642 548;7;0;2;2;15;1
202300021430;155 642 550;30;0;2;3;1;1
202300021431;155 642 547;7;0;2;1;0;0
202300021431;155 642 549;1;0;0;4;0;5
202300021432;155 642 546;7;0;1;2;19;1
202300021433;155 642 544;2;0;1;2;1;1
202300021434;155 642 542;17;1;0;2;1;1
202300021434;155 642 543;17;0;0;1;24;1
202300021434;155 642 545;7;14;0;1;2;1
202300021435;155 642 538;13;0;1;2;1;0
202300021436;155 642 535;7;0;2;8;1;1
202300021436;155 642 537;33;0;2;8;17;1
202300021437;155 642 533;7;0;9;1;1;1
202300021437;155 642 536;15;0;2;4;1;1
202300021438;155 642 532;7;0;2;2;15;1
202300021438;155 642 534;34;0;2;1;1;1
202300021439;155 642 528;7;0;1;2;1;1
202300021440;155 642 529;10;0;1;2;9;1
202300021441;155 642 527;10;0;0;0;1;1
202300021442;155 642 526;10;0;1;7;1;3
202300021443;155 642 525;7;0;1;1;26;1
202300021444;155 642 522;7;0;2;1;0;0
202300021444;155 642 524;7;0;2;1;1;0
202300021445;155 642 521;30;0;2;2;2;1
202300021446;155 642 520;7;0;2;3;9;1
202300021446;155 642 523;7;0;2;1;1;1
202300021447;155 642 517;10;0;2;8;10;1
202300021447;155 642 519;33;0;2;1;1;1
202300021448;155 642 515;7;0;2;2;1;1
202300021448;155 642 516;7;0;2;3;15;1
202300021449;155 642 512;7;0;2;5;26;1
202300021449;155 642 514;1;0;2;1;9;5
202300021450;155 642 511;7;0;2;1;1;1
202300021450;155 642 513;33;8;2;8;1;3
202300021451;155 642 508;30;0;2;1;17;1
202300021451;155 642 509;7;0;2;8;15;1
202300021452;155 642 506;7;0;2;1;1;1
202300021452;155 642 510;30;0;2;8;1;1
202300021453;155 642 505;7;0;2;1;1;1
202300021453;155 642 507;7;0;2;1;26;1
202300021454;155 642 504;31;0;0;0;1;1
202300021455;155 642 501;7;0;2;8;15;1
202300021455;155 642 503;2;0;2;1;2;1
202300021456;155 642 499;7;0;2;3;16;1
202300021456;155 642 502;33;0;2;1;1;1
202300021457;155 642 494;7;0;2;7;19;1
202300021457;155 642 495;7;0;2;2;1;1
202300021458;155 642 493;7;1;0;1;26;6
202300021458;155 642 496;7;0;2;7;23;6
202300021458;155 642 498;7;3;0;4;23;6
202300021459;155 642 491;7;4;0;9;9;1
202300021460;155 642 490;31;0;2;2;2;1
202300021460;155 642 492;7;0;2;8;13;1
202300021461;155 642 497;10;0;2;6;23;1
202300021461;155 642 500;7;0;2;0;0;0
202300021462;155 642 489;7;3;0;1;1;1
202300021463;155 642 488;7;13;0;2;1;1
202300021464;155 642 485;10;0;2;2;16;1
202300021464;155 642 487;1;0;2;8;2;5
202300021465;155 642 486;7;3;0;1;1;1
202300021466;155 642 484;31;0;0;8;13;1
202300021467;155 642 483;7;6;0;1;13;1
202300021468;155 642 480;33;13;0;7;1;1
202300021469;155 642 479;7;0;2;8;11;1
202300021469;155 642 481;33;0;2;2;1;1
202300021469;155 642 482;7;0;2;8;1;1
202300021470;155 642 476;7;0;2;3;1;0
202300021470;155 642 478;50;0;2;1;16;3
202300021471;155 642 475;7;0;2;1;2;2
202300021471;155 642 477;7;0;2;4;2;1
202300021472;155 642 470;7;0;2;4;26;1
202300021472;155 642 472;7;0;2;1;2;1
202300021473;155 642 469;7;0;2;4;1;1
202300021473;155 642 471;33;0;2;1;1;1
202300021474;155 642 468;7;3;0;3;1;1
202300021475;155 642 466;7;0;2;4;2;1
202300021475;155 642 467;7;0;2;1;2;1
202300021476;155 642 465;7;4;0;1;14;1
202300021477;155 642 464;7;3;0;0;1;1
202300021478;155 642 463;30;0;0;7;1;1
202300021479;155 642 461;33;0;2;0;1;1
202300021479;155 642 462;7;0;2;0;11;1
202300021480;155 642 460;1;0;0;0;1;5
202300021481;155 642 459;33;3;0;3;13;0
202300021482;155 642 455;7;0;2;6;2;1
202300021482;155 642 457;33;0;2;1;2;1
202300021483;155 642 456;1;0;2;8;1;5
202300021483;155 642 458;7;0;2;2;15;1
202300021484;155 642 453;10;0;1;0;1;1
202300021485;155 642 452;7;0;2;4;1;1
202300021485;155 642 454;99;0;2;1;1;1
202300021486;155 642 449;7;0;2;1;1;1
202300021486;155 642 450;7;0;5;1;1;1
202300021487;155 642 448;30;0;0;0;26;1
202300021487;155 642 451;7;0;0;0;15;1
202300021488;155 642 446;7;0;2;5;14;3
202300021488;155 642 447;34;0;2;1;3;1
202300021489;155 642 442;7;0;2;3;19;2
202300021489;155 642 445;32;0;2;1;2;1
202300021490;155 642 435;14;0;2;3;9;1
202300021490;155 642 437;38;0;2;5;1;1
202300021490;155 642 438;7;0;2;5;1;1
202300021490;155 642 440;10;0;2;8;1;1
202300021490;155 642 441;7;0;2;4;1;2
202300021490;155 642 443;7;0;2;5;1;2
202300021490;155 642 444;7;0;2;6;1;1
202300021491;155 642 436;7;0;2;1;15;1
202300021491;155 642 439;43;0;2;1;1;1
202300021492;155 642 433;7;0;2;2;12;1
202300021492;155 642 434;33;0;2;8;1;1
202300021493;155 642 431;7;0;2;1;1;1
202300021493;155 642 432;10;0;0;4;1;1
202300021494;155 642 430;7;0;1;6;4;1
202300021495;155 642 429;7;15;0;3;1;1
202300021496;155 642 427;7;13;0;4;1;1
202300021496;155 642 428;13;0;2;1;2;1
202300021497;155 642 424;7;0;2;1;1;0
202300021497;155 642 425;10;0;2;1;13;1
202300021498;155 642 423;7;1;0;3;13;0
202300021498;155 642 426;7;0;2;8;23;1
202300021499;155 642 422;33;0;0;8;0;1
202300021500;155 642 421;10;1;0;0;1;0
202300021501;155 642 417;7;0;2;3;5;1
202300021501;155 642 418;7;0;2;6;1;0
202300021501;155 642 420;7;0;2;3;1;1
202300021502;155 642 416;7;0;2;3;1;1
202300021502;155 642 419;7;0;2;1;15;0
202300021503;155 642 415;7;2;0;3;21;1
202300021504;155 642 414;7;1;0;2;1;1
202300021505;155 642 412;14;0;2;3;1;1
202300021505;155 642 413;7;13;2;3;1;1
202300021506;155 642 410;7;6;0;8;1;1
202300021507;155 642 411;7;0;1;7;19;0
202300021508;155 642 407;10;14;0;1;1;1
202300021508;155 642 408;7;0;2;1;13;1
202300021509;155 642 406;30;0;2;1;26;1
202300021509;155 642 409;7;0;2;1;1;2
202300021510;155 642 403;7;15;2;3;11;1
202300021510;155 642 405;7;0;2;2;1;1
202300021511;155 642 404;7;0;1;4;20;0
202300021512;155 642 402;7;1;0;1;1;1
202300021513;155 642 399;7;0;2;3;1;1
202300021513;155 642 401;7;0;2;5;15;1
202300021514;155 642 398;30;0;2;2;15;1
202300021514;155 642 400;30;0;2;1;1;1
202300021515;155 642 397;80;6;0;1;1;3
202300021516;155 642 396;33;12;0;1;5;1
202300021517;155 642 394;10;0;2;3;1;0
202300021517;155 642 395;10;0;2;1;1;0
202300021518;155 642 393;7;0;1;3;21;1
202300021519;155 642 392;30;10;0;1;14;1
202300021520;155 642 391;32;3;0;1;0;1
202300021521;155 642 390;7;0;1;1;26;0
202300021522;155 642 389;0;0;0;0;0;0
202300021523;155 642 388;10;0;1;1;15;1
202300021524;155 642 387;7;8;0;2;26;1
202300021525;155 642 384;7;0;2;4;9;1
202300021525;155 642 385;33;0;2;7;1;1
202300021526;155 642 383;33;0;2;5;9;1
202300021526;155 642 386;10;0;2;2;9;1
202300021527;155 642 382;7;0;2;4;2;1
202300021528;155 642 380;7;0;2;3;1;1
202300021528;155 642 381;7;0;2;5;12;1
202300021529;155 642 376;7;0;2;8;19;1
202300021529;155 642 377;10;0;2;1;1;1
202300021530;155 642 374;7;0;2;1;13;1
202300021530;155 642 375;7;0;2;1;1;1
202300021531;155 642 372;7;0;2;6;15;1
202300021531;155 642 373;33;0;2;2;0;1
202300021532;155 642 368;7;8;0;1;14;1
202300021533;155 642 367;10;0;2;4;1;1
202300021533;155 642 369;7;0;2;4;1;1
202300021533;155 642 370;7;0;2;1;1;1
202300021533;155 642 371;7;0;2;4;1;1
202300021534;155 642 364;10;0;2;8;10;1
202300021534;155 642 366;31;0;2;1;2;1
202300021535;155 642 363;7;0;2;3;13;1
202300021535;155 642 365;33;0;2;1;1;1
202300021536;155 642 360;7;0;2;1;1;1
202300021536;155 642 362;1;0;2;1;0;5
202300021537;155 642 359;7;0;2;1;1;1
202300021537;155 642 361;99;0;2;1;1;3
202300021538;155 642 358;38;0;1;1;1;1
202300021539;155 642 357;50;0;0;0;1;3
202300021540;155 642 356;7;0;2;3;7;1
202300021541;155 642 354;7;0;2;6;15;1
202300021541;155 642 355;33;0;2;1;17;1
202300021542;155 642 351;7;0;2;1;13;1
202300021542;155 642 353;7;0;2;1;1;1
202300021543;155 642 350;7;0;2;1;15;1
202300021543;155 642 352;7;0;2;3;1;1
202300021544;155 642 348;7;1;2;6;20;0
202300021544;155 642 349;33;0;2;1;0;0
202300021545;155 642 345;7;0;1;5;20;2
202300021546;155 642 343;14;7;2;1;13;0
202300021546;155 642 344;7;0;2;1;15;1
202300021546;155 642 346;7;0;2;1;23;1
202300021546;155 642 347;7;0;2;1;23;1
202300021547;155 642 342;30;0;0;8;1;1
202300021548;155 642 339;33;0;2;1;2;1
202300021548;155 642 341;7;0;2;5;2;0
202300021549;155 642 340;7;0;1;1;1;1
202300021550;155 642 337;7;0;1;1;26;1
202300021551;155 642 335;7;0;0;3;2;1
202300021551;155 642 336;1;0;2;1;5;5
202300021552;155 642 334;2;0;2;1;2;1
202300021552;155 642 338;7;0;2;4;2;1
202300021553;155 642 330;50;0;2;1;2;3
202300021553;155 642 331;10;8;0;7;16;1
202300021554;155 642 329;7;0;2;5;1;1
202300021554;155 642 332;7;0;2;1;19;1
202300021555;155 642 326;33;0;2;1;1;1
202300021555;155 642 328;7;0;2;2;15;1
202300021556;155 642 325;1;0;2;1;1;5
202300021556;155 642 327;7;0;2;3;1;1
202300021557;155 642 323;7;0;2;1;1;1
202300021557;155 642 324;7;0;2;4;1;1
202300021558;155 642 321;10;0;2;3;15;1
202300021558;155 642 322;1;0;2;8;1;5
202300021559;155 642 319;7;0;2;7;2;1
202300021559;155 642 320;1;0;2;8;2;5
202300021560;155 642 316;10;0;2;8;15;1
202300021560;155 642 318;33;0;2;1;17;1
202300021561;155 642 315;7;0;2;1;1;1
202300021561;155 642 317;7;0;1;1;23;1
202300021562;155 642 312;7;0;2;3;1;1
202300021562;155 642 314;7;0;2;2;23;1
202300021563;155 642 311;7;0;2;7;1;1
202300021563;155 642 313;7;0;2;1;1;1
202300021564;155 642 309;31;0;2;8;0;0
202300021564;155 642 310;7;0;2;1;23;1
202300021565;155 642 308;7;15;1;2;20;1
202300021566;155 642 305;33;0;2;1;1;1
202300021566;155 642 306;7;0;2;5;15;1
202300021567;155 642 304;99;1;2;4;23;1
202300021567;155 642 307;7;0;2;1;1;1
202300021568;155 642 302;50;0;1;4;26;3
202300021569;155 642 303;7;7;0;1;19;1
202300021570;155 642 300;1;0;2;7;17;5
202300021570;155 642 301;7;0;2;3;15;1
202300021571;155 642 298;7;0;2;5;16;1
202300021571;155 642 299;1;0;2;1;1;5
202300021572;155 642 296;7;0;1;1;26;1
202300021572;155 642 297;7;0;2;2;2;1
202300021573;155 642 294;7;0;2;1;0;1
202300021573;155 642 295;50;0;2;7;26;3
202300021574;155 642 293;30;12;0;1;1;1
202300021575;155 642 289;7;0;2;1;15;1
202300021575;155 642 292;7;0;2;3;1;1
202300021576;155 642 290;31;0;2;4;2;1
202300021576;155 642 291;16;0;2;3;2;1
202300021577;155 642 287;7;0;2;4;23;1
202300021577;155 642 288;3;0;2;1;1;1
202300021578;155 642 284;31;0;2;1;2;1
202300021578;155 642 286;7;0;2;3;11;1
202300021579;155 642 283;7;0;0;0;0;0
202300021579;155 642 285;30;12;0;0;14;1
202300021580;155 642 281;7;9;0;1;13;1
202300021581;155 642 280;7;0;2;4;1;3
202300021581;155 642 282;7;0;2;1;1;1
202300021582;155 642 275;7;0;0;2;1;1
202300021582;155 642 277;31;0;2;3;1;1
202300021583;155 642 274;7;0;2;1;1;1
202300021583;155 642 276;7;0;2;1;1;1
202300021583;155 642 278;7;0;2;1;1;1
202300021583;155 642 279;7;0;0;0;1;1
202300021584;155 642 271;33;13;0;0;1;1
202300021585;155 642 272;30;12;2;4;1;1
202300021585;155 642 273;7;9;2;0;1;0
202300021586;155 642 266;7;0;2;4;1;1
202300021586;155 642 268;7;0;2;4;0;1
202300021586;155 642 270;7;0;2;1;1;1
202300021587;155 642 267;7;0;2;8;15;1
202300021587;155 642 269;32;0;2;7;17;1
202300021588;155 642 263;7;0;2;3;1;0
202300021588;155 642 265;7;0;2;2;1;0
202300021589;155 642 262;31;0;2;1;1;1
202300021589;155 642 264;7;0;2;5;16;1
202300021590;155 642 259;7;0;2;3;1;1
202300021590;155 642 261;7;0;2;2;15;1
202300021591;155 642 260;7;0;1;2;1;1
202300021592;155 642 257;32;11;0;1;1;1
202300021593;155 642 256;2;0;2;4;1;1
202300021593;155 642 258;7;0;2;1;26;1
202300021594;155 642 255;1;0;0;0;21;5
202300021595;155 642 253;7;0;1;4;23;1
202300021595;155 642 254;7;0;2;1;1;1
202300021596;155 642 250;1;0;2;8;15;5
202300021596;155 642 252;31;0;2;2;1;1
202300021597;155 642 249;7;0;2;6;1;1
202300021597;155 642 251;2;0;2;1;2;1
202300021598;155 642 247;1;0;2;1;1;5
202300021598;155 642 248;1;0;2;4;1;5
202300021599;155 642 244;7;0;2;2;1;0
202300021599;155 642 246;7;0;2;6;1;0
202300021600;155 642 243;1;0;2;7;1;5
202300021600;155 642 245;7;0;2;8;1;1
202300021601;155 642 240;10;0;1;4;4;3
202300021602;155 642 241;1;0;2;1;15;5
202300021602;155 642 242;7;0;9;3;1;1
202300021603;155 642 238;2;0;1;1;26;6
202300021604;155 642 237;7;0;2;5;24;1
202300021604;155 642 239;33;0;2;1;1;1
202300021605;155 642 236;10;0;1;4;4;1
202300021606;155 642 234;30;0;2;4;23;1
202300021606;155 642 235;1;0;2;1;1;5
202300021607;155 642 232;1;0;1;1;1;5
202300021608;155 642 231;7;0;2;1;15;0
202300021608;155 642 233;2;0;2;7;17;0
202300021609;155 642 229;2;0;2;2;2;1
202300021609;155 642 230;7;0;2;1;1;2
202300021610;155 642 226;1;12;2;7;17;5
202300021610;155 642 227;1;12;2;8;1;5
202300021611;155 642 225;7;0;2;7;0;1
202300021611;155 642 228;33;0;2;1;11;1
202300021612;155 642 223;7;0;2;1;1;1
202300021612;155 642 224;7;0;2;4;1;1
202300021613;155 642 220;7;0;2;8;11;0
202300021613;155 642 221;43;0;2;7;3;1
202300021613;155 642 222;7;0;2;8;1;1
202300021614;155 642 219;7;13;0;3;2;1
202300021615;155 642 215;10;0;2;8;20;1
202300021615;155 642 217;30;0;2;1;2;1
202300021616;155 642 216;7;0;2;1;2;1
202300021616;155 642 218;10;0;2;4;2;1
202300021617;155 642 214;7;0;1;5;20;1
202300021618;155 642 213;80;8;0;1;14;3
202300021619;155 642 212;1;0;0;0;16;5
202300021620;155 642 210;7;8;0;0;1;1
202300021621;155 642 211;1;0;0;0;1;5
202300021622;155 642 207;15;0;2;5;1;1
202300021622;155 642 209;32;0;2;8;18;1
202300021623;155 642 203;7;15;0;1;14;1
202300021624;155 642 204;1;0;2;1;2;5
202300021624;155 642 205;1;0;2;4;2;5
202300021624;155 642 206;1;0;2;1;2;5
202300021624;155 642 208;10;0;2;0;14;1
202300021625;155 642 199;30;0;2;8;1;1
202300021625;155 642 201;7;0;2;1;1;2
202300021626;155 642 198;7;0;2;1;13;1
202300021626;155 642 200;7;0;2;8;1;1
202300021626;155 642 202;7;0;2;1;1;1
202300021627;155 642 195;7;0;0;0;0;1
202300021628;155 642 196;1;0;2;3;1;5
202300021628;155 642 197;37;0;2;7;9;2
202300021629;155 642 194;33;13;0;8;1;1
202300021630;155 642 193;10;13;0;1;1;1
202300021631;155 642 191;1;0;1;1;2;5
202300021632;155 642 189;33;0;2;1;1;1
202300021632;155 642 190;7;0;2;8;11;1
202300021633;155 642 188;50;0;1;1;1;3
202300021634;155 642 186;7;0;2;2;0;1
202300021634;155 642 187;2;0;2;3;1;1
202300021635;155 642 184;1;0;0;0;21;5
202300021636;155 642 183;7;0;2;6;1;1
202300021636;155 642 185;10;0;2;2;21;1
202300021637;155 642 180;33;0;2;1;1;1
202300021637;155 642 182;1;0;2;5;14;5
202300021638;155 642 179;7;0;2;1;13;1
202300021638;155 642 181;7;0;2;1;1;1
202300021639;155 642 176;33;0;2;1;1;1
202300021639;155 642 177;7;0;2;2;15;1
202300021640;155 642 175;32;0;2;1;1;1
202300021640;155 642 178;1;0;2;5;16;5
202300021641;155 642 172;31;0;2;1;13;1
202300021641;155 642 174;7;0;2;3;11;1
202300021642;155 642 171;32;0;2;8;1;1
202300021642;155 642 173;7;1;2;1;0;1
202300021643;155 642 170;33;0;0;0;1;1
202300021644;155 642 169;7;1;0;1;1;0
202300021645;155 642 167;7;0;2;3;1;1
202300021645;155 642 168;7;0;2;3;1;1
202300021646;155 642 163;10;6;0;1;13;1
202300021647;155 642 164;0;;2;4;23;0
202300021647;155 642 166;30;0;2;1;1;0
202300021648;155 642 162;20;0;0;8;4;6
202300021649;155 642 160;0;0;2;4;1;0
202300021649;155 642 161;32;0;2;1;1;1
202300021650;155 642 158;33;0;2;3;0;0
202300021650;155 642 159;7;0;0;4;10;1
202300021651;155 642 156;10;0;2;7;1;1
202300021651;155 642 157;99;0;2;1;1;0
202300021652;155 642 154;2;0;2;1;1;1
202300021652;155 642 155;7;0;2;3;9;1
202300021653;155 642 153;50;0;1;1;0;3
202300021654;155 642 151;7;0;2;8;0;1
202300021654;155 642 152;2;0;2;8;0;1
202300021655;155 642 149;10;0;2;1;1;1
202300021655;155 642 150;33;0;2;4;16;1
202300021656;155 642 147;33;13;0;2;1;1
202300021657;155 642 146;7;0;2;3;1;1
202300021657;155 642 148;50;0;2;1;15;3
202300021658;155 642 144;7;0;2;1;1;1
202300021658;155 642 145;1;0;0;4;1;5
202300021659;155 642 141;7;6;0;3;2;1
202300021660;155 642 142;7;0;2;3;0;0
202300021660;155 642 143;2;0;2;3;0;1
202300021661;155 642 140;2;0;0;0;26;1
202300021662;155 642 137;2;0;0;0;0;1
202300021663;155 642 138;3;0;2;5;15;1
202300021663;155 642 139;33;0;2;1;1;1
202300021664;155 642 134;7;0;9;1;2;1
202300021664;155 642 136;80;0;0;4;2;3
202300021665;155 642 133;10;0;2;1;2;1
202300021665;155 642 135;10;0;2;6;2;1
202300021666;155 642 131;7;0;2;1;1;1
202300021666;155 642 132;7;0;2;1;13;1
202300021667;155 642 130;7;0;1;1;1;1
202300021668;155 642 129;7;8;0;1;1;1
202300021669;155 642 128;7;0;1;2;1;1
202300021670;155 642 127;33;2;0;1;1;1
202300021671;155 642 123;2;1;2;7;1;1
202300021671;155 642 124;38;0;2;0;24;1
202300021671;155 642 126;7;0;2;3;9;1
202300021672;155 642 121;7;0;2;3;13;1
202300021672;155 642 122;7;0;2;3;1;1
202300021673;155 642 119;1;0;0;0;1;5
202300021673;155 642 120;7;0;0;0;16;0
202300021674;155 642 118;50;0;1;1;1;3
202300021675;155 642 116;0;0;0;0;0;0
202300021676;155 642 115;7;0;2;2;2;1
202300021676;155 642 117;50;0;2;0;0;3
202300021677;155 642 114;2;10;0;2;2;1
202300021678;155 642 113;7;1;0;2;1;0
202300021679;155 642 111;7;15;0;1;17;1
202300021679;155 642 112;7;0;0;1;1;1
202300021680;155 642 110;7;13;0;3;1;6
202300021681;155 642 109;7;0;1;1;16;1
202300021682;155 642 108;7;8;0;1;1;1
202300021683;155 642 106;13;0;0;4;1;1
202300021683;155 642 107;7;0;2;1;2;1
202300021684;155 642 105;7;6;0;2;14;1
202300021685;155 642 103;7;0;0;5;1;1
202300021685;155 642 104;33;0;2;1;0;1
202300021686;155 642 102;50;0;0;0;0;3
202300021687;155 642 100;7;0;0;1;19;1
202300021688;155 642 099;7;0;2;8;17;1
202300021688;155 642 101;33;0;2;7;17;1
202300021689;155 642 097;33;0;2;1;1;1
202300021689;155 642 098;7;0;2;1;15;1
202300021690;155 642 095;7;0;2;3;16;1
202300021690;155 642 096;2;0;2;1;18;1
202300021691;155 642 094;7;0;0;1;0;1
202300021692;155 642 092;50;0;1;0;1;3
202300021693;155 642 093;7;4;0;3;2;1
202300021694;155 642 091;10;2;0;3;1;1
202300021695;155 642 088;7;0;2;1;13;1
202300021695;155 642 089;10;0;2;1;1;1
202300021696;155 642 087;7;0;2;8;19;1
202300021696;155 642 090;7;0;2;2;1;1
202300021697;155 642 085;7;0;2;3;13;1
202300021697;155 642 086;7;0;2;3;1;1
202300021698;155 642 083;7;0;2;3;15;1
202300021698;155 642 084;33;0;2;1;1;1
202300021699;155 642 082;2;15;0;1;15;1
202300021700;155 642 080;7;13;0;1;1;1
202300021701;155 642 079;1;0;2;1;19;5
202300021701;155 642 081;7;0;2;1;1;1
202300021702;155 642 078;7;13;0;1;1;0
202300021703;155 642 076;7;0;2;0;13;0
202300021703;155 642 077;7;10;2;3;1;0
202300021704;155 642 072;7;0;2;1;1;0
202300021704;155 642 074;7;0;2;1;13;0
202300021704;155 642 075;7;0;2;1;1;0
202300021705;155 642 073;7;6;0;1;14;1
202300021706;155 642 071;1;0;0;1;0;5
202300021707;155 642 068;7;0;2;8;15;3
202300021707;155 642 070;1;0;2;1;1;5
202300021708;155 642 067;7;0;2;1;13;1
202300021708;155 642 069;21;0;2;1;1;1
202300021709;155 642 065;7;0;1;2;15;1
202300021710;155 642 062;7;0;2;1;23;0
202300021710;155 642 064;7;0;2;1;1;0
202300021710;155 642 066;10;8;0;5;19;0
202300021711;155 642 059;7;0;2;3;1;1
202300021711;155 642 060;7;0;2;3;1;1
202300021712;155 642 061;33;0;0;4;17;1
202300021712;155 642 063;7;0;2;1;17;1
202300021713;155 642 058;7;8;0;1;1;1
202300021714;155 642 057;7;0;1;2;1;1
202300021715;155 642 055;33;0;2;1;17;1
202300021715;155 642 056;7;0;2;6;15;1
202300021716;155 642 053;21;0;2;3;15;1
202300021716;155 642 054;30;0;2;1;1;1
202300021717;155 642 052;31;0;0;0;0;1
202300021718;155 642 050;33;0;2;3;1;1
202300021718;155 642 051;7;0;0;5;16;1
202300021719;155 642 049;2;0;0;0;2;1
202300021720;155 642 047;2;0;0;8;15;1
202300021720;155 642 048;7;6;2;1;2;1
202300021721;155 642 046;7;0;1;4;4;1
202300021722;155 642 044;33;0;2;1;17;1
202300021722;155 642 045;21;0;2;3;15;1
202300021723;155 642 043;7;1;0;1;1;1
202300021724;155 642 040;7;0;2;1;1;1
202300021724;155 642 041;7;0;0;4;1;1
202300021725;155 642 038;7;0;2;1;17;1
202300021725;155 642 039;7;0;2;1;1;1
202300021726;155 642 036;7;0;0;8;18;1
202300021726;155 642 037;14;0;2;1;1;1
202300021727;155 642 034;7;8;0;2;1;1
202300021728;155 642 032;7;3;2;1;2;1
202300021728;155 642 033;10;0;0;6;2;1
202300021729;155 642 031;7;0;1;2;21;1
202300021730;155 642 030;99;13;0;2;1;1
202300021731;155 642 029;7;3;0;4;1;1
202300021732;155 642 028;32;3;0;2;0;1
202300021733;155 642 027;15;0;0;7;1;6
202300021734;155 642 024;33;0;2;1;1;1
202300021734;155 642 026;21;0;2;8;15;1
202300021735;155 642 023;15;0;2;5;1;1
202300021735;155 642 025;7;0;2;1;1;1
202300021736;155 642 022;7;13;0;1;1;1
202300021737;155 642 020;7;0;2;3;19;1
202300021737;155 642 021;32;0;2;2;13;1
202300021738;155 642 018;7;0;1;4;4;1
202300021739;155 642 017;7;0;0;2;15;1
202300021739;155 642 019;33;0;2;1;1;1
202300021740;155 642 014;7;0;2;1;2;0
202300021740;155 642 016;2;0;0;4;1;1
202300021741;155 642 011;80;0;0;0;0;3
202300021742;155 642 010;31;0;2;7;1;1
202300021742;155 642 012;7;0;2;1;9;1
202300021743;155 642 008;1;0;2;8;10;5
202300021743;155 642 009;10;0;2;1;2;1
202300021744;155 642 006;7;0;2;1;1;1
202300021744;155 642 007;7;0;2;1;13;1
202300021745;155 642 004;7;0;2;1;1;1
202300021745;155 642 005;33;0;2;1;1;1
202300021746;155 642 003;15;3;0;1;26;1
202300021747;155 642 002;7;2;0;1;13;0
202300021748;155 642 001;2;0;0;9;15;1
202300021749;155 642 000;80;6;0;1;1;3
202300021750;155 641 996;33;0;2;1;1;1
202300021750;155 641 998;7;0;2;3;15;1
202300021751;155 641 995;7;0;2;1;13;1
202300021751;155 641 997;7;13;2;8;1;1
202300021752;155 641 993;2;15;9;3;1;1
202300021753;155 641 994;33;0;0;0;1;1
202300021754;155 641 992;7;2;0;3;0;0
202300021755;155 641 990;7;0;2;3;10;1
202300021755;155 641 991;7;0;2;2;1;1
202300021756;155 641 989;7;13;0;0;17;1
202300021757;155 641 988;7;0;1;3;1;1
202300021758;155 641 987;7;13;0;1;1;1
202300021759;155 641 985;33;7;0;1;1;1
202300021760;155 641 984;15;0;2;1;1;1
202300021760;155 641 986;7;0;2;1;1;1
202300021761;155 641 983;7;0;0;3;0;1
202300021762;155 641 980;7;0;1;0;1;1
202300021763;155 641 981;7;0;2;3;15;1
202300021763;155 641 982;2;0;2;8;1;1
202300021764;155 641 977;2;0;2;1;1;1
202300021764;155 641 979;7;0;2;1;15;0
202300021765;155 641 975;7;0;2;3;1;1
202300021765;155 641 976;7;0;2;1;1;1
202300021765;155 641 978;33;0;2;1;13;1
202300021766;155 641 974;33;0;0;2;1;1
202300021767;155 641 972;7;0;2;8;21;6
202300021767;155 641 973;7;1;2;3;5;1
202300021768;155 641 970;7;0;9;1;9;0