Num_Acc;id_vehicule;categorie_vehicule;obstacle_fixe;obstacle_mobile;point_choc_initial;manoeuvre_principale;motorisation
202300021768;155 641 971;1;0;2;7;1;5
202300021769;155 641 968;7;0;2;1;15;1
202300021769;155 641 969;31;0;2;1;1;1
202300021770;155 641 966;33;0;2;7;17;1
202300021770;155 641 967;21;0;2;8;1;1
202300021771;155 641 964;7;0;2;0;1;1
202300021771;155 641 965;1;0;0;8;15;5
202300021772;155 641 962;1;0;0;0;0;5
202300021773;155 641 960;7;0;2;1;1;1
202300021773;155 641 961;7;0;2;9;13;1
202300021773;155 641 963;15;0;2;2;1;1
202300021774;155 641 959;33;17;0;1;1;1
202300021775;155 641 957;14;0;2;2;1;0
202300021775;155 641 958;7;0;2;6;11;1
202300021776;155 641 955;33;0;2;1;17;1
202300021776;155 641 956;7;0;2;1;1;1
202300021777;155 641 953;7;0;2;4;2;1
202300021777;155 641 954;10;0;2;1;2;1
202300021778;155 641 951;33;0;0;7;1;1
202300021779;155 641 950;7;0;9;7;26;1
202300021779;155 641 952;1;0;2;1;1;5
202300021780;155 641 948;33;13;0;8;13;1
202300021781;155 641 947;33;0;2;3;1;1
202300021781;155 641 949;7;0;2;5;21;1
202300021782;155 641 944;2;0;2;7;1;1
202300021782;155 641 946;7;0;2;1;19;1
202300021783;155 641 943;31;0;2;1;1;1
202300021783;155 641 945;38;0;2;6;1;1
202300021784;155 641 939;34;0;2;1;3;1
202300021784;155 641 941;7;0;2;4;2;1
202300021785;155 641 938;7;0;2;2;21;1
202300021785;155 641 940;7;0;0;4;23;1
202300021785;155 641 942;10;0;2;1;0;1
202300021786;155 641 935;7;0;2;4;21;1
202300021786;155 641 936;7;0;2;4;1;1
202300021787;155 641 933;7;0;2;1;5;1
202300021787;155 641 934;7;0;2;5;1;1
202300021787;155 641 937;7;0;2;1;1;1
202300021788;155 641 926;7;0;2;6;4;1
202300021788;155 641 928;7;0;2;7;1;1
202300021788;155 641 930;7;0;2;1;1;1
202300021789;155 641 925;7;0;2;4;2;2
202300021789;155 641 927;7;0;2;4;2;3
202300021789;155 641 929;13;0;2;1;2;1
202300021790;155 641 922;1;0;2;0;1;5
202300021790;155 641 924;7;0;9;3;1;1
202300021791;155 641 919;7;0;6;1;1;1
202300021792;155 641 918;7;0;2;5;2;1
202300021792;155 641 920;10;0;2;4;2;1
202300021792;155 641 921;7;0;2;4;13;2
202300021792;155 641 923;7;0;2;1;2;1
202300021793;155 641 915;10;0;2;4;9;6
202300021793;155 641 917;33;0;2;1;9;1
202300021794;155 641 912;50;0;1;1;1;3
202300021795;155 641 911;99;0;2;7;11;1
202300021795;155 641 913;33;0;2;1;1;1
202300021795;155 641 914;7;0;2;2;1;1
202300021795;155 641 916;15;0;2;3;1;1
202300021796;155 641 907;7;0;2;7;1;1
202300021796;155 641 908;7;0;0;0;1;0
202300021796;155 641 910;30;0;2;8;1;1
202300021797;155 641 905;7;3;2;1;1;1
202300021797;155 641 906;7;0;2;1;13;1
202300021798;155 641 903;7;0;2;8;24;1
202300021798;155 641 904;32;1;0;7;1;1
202300021799;155 641 901;7;16;0;0;0;1
202300021800;155 641 900;32;0;2;3;15;1
202300021800;155 641 902;30;0;2;2;1;3
202300021801;155 641 899;31;0;0;0;2;1
202300021802;155 641 897;50;0;0;0;1;3
202300021803;155 641 898;7;0;1;2;2;3
202300021804;155 641 894;33;0;2;3;15;1
202300021804;155 641 896;31;0;2;1;1;1
202300021805;155 641 895;80;0;0;1;21;3
202300021806;155 641 893;7;16;0;1;21;1
202300021807;155 641 891;1;0;0;1;1;5
202300021808;155 641 890;10;0;2;2;16;1
202300021808;155 641 892;33;0;2;8;1;1
202300021809;155 641 888;7;0;2;4;15;1
202300021809;155 641 889;2;0;2;1;1;1
202300021810;155 641 886;50;0;2;1;13;3
202300021810;155 641 887;1;0;2;1;1;5
202300021811;155 641 883;7;0;2;8;17;1
202300021811;155 641 885;33;0;2;2;17;1
202300021812;155 641 882;80;0;2;2;17;3
202300021812;155 641 884;80;0;2;6;21;3
202300021813;155 641 881;7;1;0;1;1;1
202300021814;155 641 879;32;0;2;3;17;1
202300021814;155 641 880;7;0;2;2;15;1
202300021815;155 641 878;7;0;1;1;1;1
202300021816;155 641 874;3;0;2;1;26;1
202300021816;155 641 876;7;0;2;1;1;1
202300021817;155 641 875;10;0;2;6;20;1
202300021817;155 641 877;30;0;2;7;1;1
202300021818;155 641 872;7;0;2;3;15;1
202300021818;155 641 873;31;0;2;2;17;1
202300021819;155 641 871;10;0;1;4;20;1
202300021820;155 641 869;7;0;2;8;1;1
202300021820;155 641 870;14;0;2;7;12;1
202300021821;155 641 866;7;13;0;1;14;1
202300021822;155 641 867;37;0;2;2;13;1
202300021822;155 641 868;7;0;0;0;14;1
202300021823;155 641 863;7;1;0;1;2;0
202300021823;155 641 865;7;0;2;4;23;0
202300021824;155 641 862;34;0;2;2;13;1
202300021824;155 641 864;7;0;2;3;1;1
202300021825;155 641 861;7;3;0;3;1;1
202300021826;155 641 860;7;3;0;1;1;1
202300021827;155 641 858;7;0;1;1;21;1
202300021828;155 641 859;7;0;1;1;15;1
202300021829;155 641 856;7;0;1;2;2;2
202300021830;155 641 855;7;0;2;1;1;1
202300021830;155 641 857;7;0;2;1;1;1
202300021831;155 641 854;7;0;1;1;15;1
202300021832;155 641 853;7;0;1;1;1;2
202300021833;155 641 851;32;0;2;1;21;1
202300021833;155 641 852;10;0;2;2;9;1
202300021834;155 641 849;7;0;2;1;1;1
202300021834;155 641 850;10;0;2;1;13;1
202300021835;155 641 847;33;9;2;8;1;1
202300021835;155 641 848;7;1;2;6;1;2
202300021836;155 641 845;7;0;2;2;15;1
202300021836;155 641 846;33;0;2;1;26;1
202300021837;155 641 843;7;0;2;1;15;1
202300021837;155 641 844;31;0;2;8;1;1
202300021838;155 641 842;7;8;0;0;0;1
202300021839;155 641 840;7;0;2;3;1;1
202300021839;155 641 841;7;0;2;2;1;1
202300021840;155 641 838;7;0;2;3;1;1
202300021840;155 641 839;7;0;2;2;15;1
202300021841;155 641 836;99;0;0;3;1;1
202300021841;155 641 837;50;0;2;1;1;3
202300021842;155 641 835;7;0;1;1;16;1
202300021843;155 641 833;30;0;2;7;15;1
202300021843;155 641 834;7;0;2;1;1;1
202300021844;155 641 831;7;0;2;1;1;1
202300021844;155 641 832;2;0;2;7;1;1
202300021845;155 641 829;7;1;0;1;14;1
202300021845;155 641 830;7;0;2;4;24;2
202300021846;155 641 827;7;0;2;8;1;1
202300021846;155 641 828;7;0;2;1;1;1
202300021847;155 641 825;30;0;2;8;13;1
202300021847;155 641 826;7;0;2;7;17;1
202300021848;155 641 824;7;0;1;1;1;0
202300021849;155 641 823;7;1;2;1;13;1
202300021850;155 641 821;7;0;2;4;23;1
202300021850;155 641 822;30;0;2;1;2;1
202300021851;155 641 820;7;0;1;2;1;1
202300021852;155 641 819;1;1;0;1;2;5
202300021853;155 641 817;1;0;2;1;1;0
202300021853;155 641 818;7;0;2;1;15;0
202300021854;155 641 815;7;0;2;7;0;3
202300021854;155 641 816;60;0;2;0;0;5
202300021855;155 641 814;7;3;0;3;0;1
202300021856;155 641 813;7;3;0;1;11;1
202300021857;155 641 811;7;0;2;1;13;0
202300021857;155 641 812;7;0;2;1;1;0
202300021858;155 641 809;7;0;2;1;2;1
202300021858;155 641 810;7;0;2;4;2;1
202300021859;155 641 807;7;0;2;6;0;1
202300021859;155 641 808;7;0;2;2;0;0
202300021860;155 641 805;10;0;2;1;2;1
202300021860;155 641 806;7;0;0;4;2;1
202300021861;155 641 804;7;0;1;1;1;1
202300021862;155 641 802;7;0;2;3;13;2
202300021862;155 641 803;10;0;2;8;1;1
202300021863;155 641 800;33;0;2;1;18;1
202300021863;155 641 801;10;0;2;6;15;1
202300021864;155 641 798;10;0;2;2;10;0
202300021864;155 641 799;33;0;2;1;10;0
202300021865;155 641 796;7;0;2;3;15;1
202300021865;155 641 797;10;0;2;2;0;1
202300021866;155 641 794;60;0;2;1;1;5
202300021866;155 641 795;7;0;2;8;15;1
202300021867;155 641 792;14;1;9;7;1;1
202300021867;155 641 793;99;0;2;4;23;1
202300021868;155 641 791;2;15;0;0;0;1
202300021869;155 641 788;7;0;0;4;23;1
202300021869;155 641 789;7;1;0;4;23;1
202300021869;155 641 790;7;1;0;1;1;1
202300021870;155 641 786;7;0;2;2;1;1
202300021870;155 641 787;50;0;2;2;5;3
202300021871;155 641 784;7;0;2;2;9;3
202300021871;155 641 785;7;0;2;1;1;1
202300021872;155 641 782;7;0;2;7;13;1
202300021872;155 641 783;7;0;2;1;1;1
202300021873;155 641 781;7;2;0;8;1;1
202300021874;155 641 780;15;3;0;1;14;1
202300021875;155 641 778;33;0;2;1;2;1
202300021875;155 641 779;7;0;2;6;15;1
202300021876;155 641 776;43;0;2;1;13;1
202300021876;155 641 777;7;0;2;1;15;1
202300021877;155 641 774;33;0;2;1;2;1
202300021877;155 641 775;7;0;2;4;15;1
202300021878;155 641 772;33;0;2;1;1;1
202300021878;155 641 773;7;0;2;3;15;1
202300021879;155 641 770;7;0;2;2;1;1
202300021879;155 641 771;7;0;2;3;9;1
202300021880;155 641 768;50;0;2;1;3;3
202300021880;155 641 769;7;0;9;3;1;1
202300021881;155 641 766;7;4;0;1;2;1
202300021882;155 641 764;37;0;2;2;1;1
202300021882;155 641 765;7;0;2;2;11;1
202300021883;155 641 762;7;11;0;5;1;1
202300021883;155 641 763;30;11;2;1;1;1
202300021884;155 641 761;7;1;1;0;1;0
202300021885;155 641 760;31;0;0;8;0;1
202300021886;155 641 758;33;0;2;1;1;1
202300021886;155 641 759;7;0;2;7;1;1
202300021887;155 641 756;10;0;2;3;1;1
202300021887;155 641 757;7;0;2;2;1;2
202300021888;155 641 755;7;0;1;1;1;1
202300021889;155 641 752;80;0;2;8;2;3
202300021889;155 641 753;7;0;9;7;2;1
202300021890;155 641 751;7;13;0;9;1;1
202300021891;155 641 749;7;2;0;2;15;1
202300021891;155 641 750;7;2;0;1;1;1
202300021892;155 641 748;35;0;1;1;1;3
202300021893;155 641 746;7;0;2;1;12;0
202300021893;155 641 747;33;0;2;3;0;1
202300021894;155 641 743;30;0;2;8;2;1
202300021894;155 641 744;33;0;2;1;2;1
202300021894;155 641 745;30;0;2;8;2;1
202300021895;155 641 741;7;0;2;1;2;1
202300021895;155 641 742;7;0;2;4;1;1
202300021896;155 641 739;7;0;2;0;0;0
202300021896;155 641 740;1;0;2;8;2;
202300021897;155 641 737;30;0;9;1;16;0
202300021897;155 641 738;50;0;2;1;16;3
202300021898;155 641 734;7;0;2;3;15;1
202300021898;155 641 735;31;0;2;2;17;1
202300021899;155 641 732;7;0;2;1;1;1
202300021899;155 641 733;7;0;2;5;1;1
202300021900;155 641 730;7;0;2;5;0;1
202300021900;155 641 731;7;0;2;1;0;1
202300021901;155 641 728;7;0;2;8;1;1
202300021901;155 641 729;7;0;2;1;1;1
202300021902;155 641 726;7;0;2;0;26;0
202300021902;155 641 727;7;0;2;0;0;0
202300021903;155 641 724;7;0;2;1;21;1
202300021903;155 641 725;7;1;0;6;23;1
202300021904;155 641 722;7;0;2;8;22;1
202300021904;155 641 723;50;0;2;1;1;3
202300021905;155 641 720;7;0;2;4;1;1
202300021905;155 641 721;7;0;2;1;1;1
202300021906;155 641 719;7;0;1;1;1;1
202300021907;155 641 717;30;0;2;7;1;1
202300021907;155 641 718;7;0;2;1;15;1
202300021908;155 641 716;7;0;1;5;1;1
202300021909;155 641 715;32;11;0;1;17;1
202300021910;155 641 714;7;11;0;1;19;1
202300021911;155 641 713;10;0;1;1;1;1
202300021912;155 641 712;2;12;0;2;1;1
202300021913;155 641 711;7;0;1;7;1;1
202300021914;155 641 710;31;0;0;8;1;1
202300021915;155 641 708;33;0;2;1;1;1
202300021915;155 641 709;7;0;2;7;15;1
202300021916;155 641 707;7;0;1;3;16;1
202300021917;155 641 705;33;0;2;1;1;1
202300021917;155 641 706;10;0;2;6;15;1
202300021918;155 641 703;31;12;0;2;1;1
202300021919;155 641 702;7;0;0;4;0;0
202300021919;155 641 704;33;0;0;1;1;1
202300021920;155 641 700;33;0;2;3;1;1
202300021920;155 641 701;15;0;2;6;1;1
202300021921;155 641 698;7;0;2;1;17;1
202300021921;155 641 699;1;0;2;8;0;5
202300021922;155 641 695;7;13;0;9;1;1
202300021923;155 641 696;7;0;2;2;1;0
202300021923;155 641 697;7;0;2;3;1;0
202300021924;155 641 694;2;16;0;1;1;1
202300021925;155 641 692;7;0;2;8;2;1
202300021925;155 641 693;7;0;2;1;2;1
202300021926;155 641 689;7;0;2;1;1;1
202300021926;155 641 690;7;0;2;7;1;1
202300021927;155 641 688;7;0;2;1;1;1
202300021927;155 641 691;10;0;2;8;19;1
202300021928;155 641 687;7;8;0;1;1;1
202300021929;155 641 685;7;0;2;8;1;3
202300021929;155 641 686;7;0;2;1;9;1
202300021930;155 641 683;10;0;2;2;1;1
202300021930;155 641 684;7;0;0;4;1;1
202300021931;155 641 680;7;0;1;3;1;1
202300021932;155 641 681;7;0;2;1;13;1
202300021932;155 641 682;14;0;2;8;1;6
202300021933;155 641 677;33;0;2;1;3;1
202300021933;155 641 679;7;0;2;3;13;1
202300021934;155 641 676;7;0;2;3;0;1
202300021934;155 641 678;60;0;2;0;0;5
202300021935;155 641 675;33;0;0;0;0;1
202300021936;155 641 674;7;0;1;1;13;1
202300021937;155 641 672;2;0;2;1;1;1
202300021937;155 641 673;7;0;2;2;1;0
202300021938;155 641 670;1;0;2;1;2;5
202300021938;155 641 671;7;0;2;6;1;0
202300021939;155 641 664;7;0;1;1;2;1
202300021940;155 641 666;7;0;0;4;15;1
202300021940;155 641 668;7;0;2;1;1;1
202300021940;155 641 669;7;0;2;4;1;1
202300021941;155 641 665;7;0;2;4;1;1
202300021941;155 641 667;7;0;2;1;2;1
202300021942;155 641 659;7;0;2;3;9;1
202300021942;155 641 663;1;0;2;5;16;5
202300021943;155 641 661;7;13;0;3;1;1
202300021944;155 641 660;80;0;2;3;19;3
202300021944;155 641 662;7;0;2;1;1;1
202300021945;155 641 657;7;15;0;3;13;1
202300021946;155 641 655;7;0;1;6;1;1
202300021947;155 641 656;7;0;0;2;2;0
202300021947;155 641 658;1;0;2;3;2;5
202300021948;155 641 653;7;0;2;1;1;1
202300021948;155 641 654;7;0;2;4;23;1
202300021949;155 641 652;7;13;0;2;1;1
202300021950;155 641 651;7;0;1;3;1;1
202300021951;155 641 648;7;0;2;1;1;1
202300021951;155 641 650;7;0;2;4;1;1
202300021952;155 641 647;30;0;0;7;1;1
202300021953;155 641 646;7;0;0;8;15;1
202300021953;155 641 649;7;0;0;1;17;1
202300021954;155 641 645;7;8;0;1;1;1
202300021955;155 641 640;7;0;2;7;1;1
202300021955;155 641 644;7;0;2;1;1;1
202300021956;155 641 641;7;0;0;5;15;1
202300021956;155 641 643;33;0;2;3;14;1
202300021957;155 641 639;3;0;2;3;9;1
202300021957;155 641 642;7;0;2;2;1;1
202300021958;155 641 638;7;0;1;1;1;1
202300021959;155 641 636;2;0;0;0;0;1
202300021960;155 641 635;33;0;2;1;1;1
202300021960;155 641 637;7;0;2;3;1;1
202300021961;155 641 634;50;0;1;1;25;3
202300021962;155 641 632;30;0;2;1;17;1
202300021962;155 641 633;7;0;2;8;15;1
202300021963;155 641 626;7;0;2;1;2;1
202300021963;155 641 629;7;0;2;1;23;2
202300021963;155 641 630;7;0;2;4;2;1
202300021964;155 641 627;33;0;2;1;1;1
202300021964;155 641 631;7;0;2;3;19;1
202300021965;155 641 621;50;0;2;7;1;3
202300021965;155 641 625;7;0;2;1;1;1
202300021966;155 641 620;7;0;1;1;1;2
202300021967;155 641 622;50;0;2;1;13;3
202300021967;155 641 624;7;0;9;2;1;1
202300021968;155 641 619;7;0;2;6;15;0
202300021968;155 641 623;43;0;2;1;1;1
202300021969;155 641 615;7;0;2;2;1;1
202300021969;155 641 618;1;0;2;1;1;5
202300021970;155 641 613;7;0;2;3;10;1
202300021970;155 641 616;50;0;2;0;1;3
202300021971;155 641 614;7;0;2;1;1;0
202300021971;155 641 617;7;0;2;7;15;1
202300021972;155 641 610;7;0;2;7;16;1
202300021972;155 641 612;31;0;2;8;15;1
202300021973;155 641 609;7;0;2;1;6;1
202300021973;155 641 611;2;0;2;8;1;1
202300021974;155 641 607;21;0;2;1;1;1
202300021974;155 641 608;7;0;9;1;13;1
202300021975;155 641 605;33;0;1;3;1;1
202300021976;155 641 603;7;0;2;4;26;1
202300021976;155 641 606;7;0;2;1;26;1
202300021977;155 641 601;7;0;1;2;2;1
202300021978;155 641 602;7;0;2;3;9;1
202300021978;155 641 604;30;0;2;1;14;1
202300021979;155 641 596;7;2;0;1;1;1
202300021980;155 641 597;1;0;2;8;15;5
202300021980;155 641 600;7;0;2;1;1;1
202300021981;155 641 595;32;0;2;7;1;1
202300021981;155 641 599;7;0;2;8;1;1
202300021982;155 641 594;7;0;2;4;1;1
202300021982;155 641 598;7;0;2;1;1;1
202300021983;155 641 592;40;0;2;1;1;1
202300021983;155 641 593;7;0;4;8;15;1
202300021984;155 641 591;3;0;0;2;0;0
202300021985;155 641 590;7;0;1;1;1;1
202300021986;155 641 583;7;0;0;1;0;1
202300021987;155 641 585;7;0;2;7;14;1
202300021987;155 641 589;7;0;2;8;1;1
202300021988;155 641 581;7;0;1;3;1;1
202300021989;155 641 582;7;0;2;1;2;1
202300021989;155 641 586;7;0;2;1;13;1
202300021989;155 641 588;7;0;2;1;1;1
202300021990;155 641 579;7;0;1;1;2;1
202300021991;155 641 575;10;0;2;8;22;1
202300021991;155 641 577;1;1;0;1;26;5
202300021992;155 641 573;2;0;2;1;0;1
202300021992;155 641 576;7;16;0;7;19;1
202300021993;155 641 572;7;0;2;6;15;1
202300021993;155 641 574;33;0;2;1;1;1
202300021994;155 641 570;7;0;2;3;15;0
202300021994;155 641 571;7;0;2;2;1;1
202300021995;155 641 567;7;0;2;1;15;1
202300021995;155 641 569;7;0;2;1;1;1
202300021996;155 641 565;7;0;2;1;1;1
202300021996;155 641 566;7;0;2;1;1;1
202300021996;155 641 568;7;0;2;4;1;1
202300021997;155 641 564;7;7;0;6;0;1
202300021998;155 641 561;7;0;2;1;1;1
202300021998;155 641 562;7;4;2;5;1;1
202300021999;155 641 558;33;0;2;1;1;1
202300021999;155 641 559;32;0;2;1;1;1
202300022000;155 641 552;30;1;2;2;10;1
202300022000;155 641 555;33;0;2;1;1;1
202300022001;155 641 554;1;0;2;7;1;5
202300022001;155 641 556;7;0;9;3;2;1
202300022002;155 641 553;7;0;2;0;0;0
202300022002;155 641 557;7;0;2;3;0;0
202300022002;155 641 560;7;0;2;0;0;0
202300022002;155 641 563;7;0;0;1;17;1
202300022003;155 641 551;7;0;1;1;1;1
202300022004;155 641 550;33;5;2;1;1;1
202300022005;155 641 548;33;0;0;0;1;1
202300022005;155 641 549;33;0;0;0;1;1
202300022006;155 641 546;7;0;1;3;21;1
202300022007;155 641 544;7;0;2;4;1;0
202300022007;155 641 547;7;0;2;1;1;1
202300022008;155 641 543;7;0;2;6;9;1
202300022008;155 641 545;33;0;2;5;1;1
202300022009;155 641 542;7;0;0;1;1;1
202300022010;155 641 540;33;1;0;1;26;0
202300022011;155 641 539;7;0;0;9;14;1
202300022012;155 641 541;7;0;1;2;1;1
202300022013;155 641 537;7;0;2;5;15;1
202300022013;155 641 538;7;0;2;1;1;1
202300022014;155 641 534;30;0;2;4;11;3
202300022014;155 641 536;7;0;2;1;1;1
202300022015;155 641 533;33;0;2;1;1;1
202300022015;155 641 535;1;0;2;7;19;5
202300022016;155 641 531;7;0;0;1;1;1
202300022017;155 641 528;7;0;2;1;2;1
202300022017;155 641 529;7;0;0;4;15;1
202300022018;155 641 527;7;0;2;8;15;1
202300022018;155 641 530;33;0;2;8;21;1
202300022018;155 641 532;7;0;0;0;19;0
202300022019;155 641 526;7;12;0;1;0;1
202300022020;155 641 524;7;6;1;1;26;1
202300022021;155 641 521;10;0;2;1;1;1
202300022021;155 641 525;10;0;2;8;9;1
202300022022;155 641 518;7;0;2;1;1;1
202300022022;155 641 520;7;0;2;4;23;1
202300022023;155 641 517;33;0;2;1;17;1
202300022023;155 641 519;7;0;2;1;1;1
202300022023;155 641 523;15;0;2;5;16;1
202300022024;155 641 516;1;0;2;7;1;5
202300022024;155 641 522;7;0;2;1;19;1
202300022025;155 641 512;7;0;2;8;11;1
202300022025;155 641 513;33;0;2;2;1;1
202300022026;155 641 510;7;0;2;1;5;1
202300022026;155 641 514;10;0;2;1;5;1
202300022027;155 641 508;32;0;1;1;1;1
202300022028;155 641 506;2;0;2;1;17;1
202300022028;155 641 509;10;0;2;8;10;1
202300022029;155 641 503;7;0;2;4;2;1
202300022029;155 641 507;7;0;2;1;1;1
202300022030;155 641 501;7;2;0;2;1;1
202300022031;155 641 500;1;0;9;8;1;5
202300022031;155 641 504;99;0;9;1;26;5
202300022032;155 641 498;7;0;1;1;1;1
202300022033;155 641 499;37;0;2;1;23;1
202300022033;155 641 502;7;0;2;4;2;1
202300022033;155 641 505;7;0;2;1;2;1
202300022034;155 641 496;7;0;0;9;11;1
202300022035;155 641 494;7;0;2;1;1;1
202300022035;155 641 497;7;0;2;1;13;1
202300022036;155 641 492;7;0;2;0;0;0
202300022036;155 641 495;32;0;2;1;2;1
202300022037;155 641 489;7;1;1;1;13;1
202300022038;155 641 490;7;0;2;1;0;1
202300022038;155 641 493;7;0;2;1;0;1
202300022039;155 641 491;7;0;1;1;1;1
202300022040;155 641 487;7;0;2;3;1;1
202300022040;155 641 488;7;0;2;2;1;1
202300022041;155 641 482;10;0;9;7;15;1
202300022041;155 641 486;31;0;2;1;1;1
202300022042;155 641 481;7;0;2;4;23;2
202300022042;155 641 484;7;0;2;1;2;1
202300022043;155 641 480;7;0;2;1;15;2
202300022043;155 641 485;7;0;2;1;1;1
202300022044;155 641 479;30;0;2;1;8;1
202300022044;155 641 483;10;0;2;5;15;1
202300022045;155 641 477;7;0;1;3;26;1
202300022046;155 641 475;33;0;2;1;1;1
202300022046;155 641 478;7;0;2;3;6;1
202300022047;155 641 473;32;0;2;5;1;1
202300022047;155 641 476;13;0;2;3;1;1
202300022048;155 641 470;7;0;2;3;16;1
202300022048;155 641 474;2;0;2;2;1;1
202300022049;155 641 471;33;10;0;2;14;1
202300022050;155 641 469;33;0;2;7;1;1
202300022050;155 641 472;7;0;2;8;11;1
202300022051;155 641 467;33;12;0;1;16;1
202300022052;155 641 464;30;1;0;1;14;1
202300022053;155 641 465;7;0;1;2;16;1
202300022054;155 641 466;33;12;2;1;1;1
202300022054;155 641 468;3;0;2;8;15;1
202300022055;155 641 460;7;0;2;1;2;1
202300022055;155 641 462;7;0;2;4;1;1
202300022056;155 641 461;7;0;2;6;13;1
202300022056;155 641 463;33;0;2;2;1;1
202300022057;155 641 458;7;0;2;3;15;1
202300022057;155 641 459;33;0;2;2;17;6
202300022058;155 641 457;7;13;0;3;19;1
202300022059;155 641 454;32;0;0;7;3;1
202300022060;155 641 449;7;0;2;1;2;1
202300022060;155 641 452;7;0;2;3;21;1
202300022060;155 641 453;7;0;2;6;1;1
202300022060;155 641 455;7;0;2;1;13;1
202300022061;155 641 450;7;0;1;4;20;1
202300022062;155 641 448;7;0;2;1;13;1
202300022062;155 641 451;7;0;2;1;1;1
202300022063;155 641 445;7;0;2;3;9;1
202300022063;155 641 447;7;0;2;1;1;1
202300022064;155 641 443;7;0;0;0;0;1
202300022065;155 641 446;7;0;1;1;15;2
202300022066;155 641 441;1;0;2;1;19;5
202300022066;155 641 442;7;0;2;3;1;0
202300022067;155 641 438;31;0;2;0;17;6
202300022067;155 641 440;7;0;2;0;0;1
202300022068;155 641 437;10;4;0;3;13;1
202300022069;155 641 431;7;0;2;1;15;1
202300022069;155 641 435;2;0;2;8;1;1
202300022070;155 641 430;33;0;2;1;1;1
202300022070;155 641 434;7;0;2;2;10;1
202300022071;155 641 433;2;0;2;1;2;1
202300022071;155 641 436;7;0;2;4;2;1
202300022072;155 641 429;7;12;0;0;1;1
202300022073;155 641 426;7;0;1;7;9;1
202300022074;155 641 425;7;0;2;3;22;1
202300022074;155 641 427;1;0;2;0;0;5
202300022075;155 641 423;1;0;0;0;3;5
202300022076;155 641 422;1;0;2;1;1;5
202300022076;155 641 428;7;0;2;7;1;1
202300022077;155 641 421;33;0;2;1;13;1
202300022077;155 641 424;37;0;2;8;1;2
202300022078;155 641 419;7;0;2;1;1;1
202300022078;155 641 420;7;0;2;1;1;1
202300022079;155 641 417;7;2;0;1;14;1
202300022080;155 641 413;7;0;2;4;23;1
202300022080;155 641 416;7;0;2;1;2;1
202300022081;155 641 412;1;0;2;2;15;5
202300022081;155 641 415;50;0;2;1;1;3
202300022082;155 641 406;80;0;2;1;19;3
202300022082;155 641 410;7;0;2;1;1;0
202300022083;155 641 407;7;0;0;0;0;1
202300022083;155 641 409;10;0;0;0;0;1
202300022083;155 641 411;15;0;2;1;1;0
202300022084;155 641 405;15;0;0;0;0;1
202300022084;155 641 408;33;0;0;1;1;1
202300022085;155 641 402;7;0;1;4;4;1
202300022086;155 641 400;33;0;2;1;17;1
202300022086;155 641 404;7;0;2;8;15;1
202300022087;155 641 399;7;0;2;3;24;1
202300022087;155 641 403;80;0;2;1;13;3
202300022088;155 641 398;7;0;2;8;21;1
202300022088;155 641 401;7;0;2;3;1;1
202300022089;155 641 392;7;0;2;1;1;0
202300022089;155 641 397;7;0;2;3;15;1
202300022090;155 641 394;1;0;2;1;17;5
202300022090;155 641 396;7;0;2;8;13;0
202300022091;155 641 390;7;0;2;3;9;1
202300022091;155 641 391;7;0;2;5;1;1
202300022092;155 641 389;7;0;2;3;1;1
202300022092;155 641 395;30;0;2;1;1;1
202300022093;155 641 388;10;0;2;0;0;0
202300022093;155 641 393;10;0;2;3;13;0
202300022094;155 641 386;7;0;2;1;1;1
202300022094;155 641 387;7;0;2;8;10;1
202300022095;155 641 383;7;0;1;3;1;1
202300022096;155 641 379;7;0;1;2;1;1
202300022097;155 641 378;7;0;2;2;15;1
202300022097;155 641 381;7;0;2;1;1;1
202300022098;155 641 377;10;0;2;1;16;1
202300022098;155 641 384;1;0;2;7;19;5
202300022099;155 641 374;7;0;2;7;23;3
202300022099;155 641 375;7;0;2;7;23;1
202300022099;155 641 376;7;0;2;8;23;2
202300022099;155 641 380;7;0;2;7;23;1
202300022099;155 641 382;7;6;2;7;13;1
202300022099;155 641 385;7;0;2;7;0;1
202300022100;155 641 370;7;0;2;3;15;1
202300022100;155 641 373;33;0;2;1;1;1
202300022101;155 641 371;7;0;1;1;21;1
202300022102;155 641 368;7;0;2;1;20;1
202300022102;155 641 372;1;0;2;1;5;5
202300022103;155 641 367;7;0;0;6;2;1
202300022103;155 641 369;2;0;2;1;2;1
202300022104;155 641 363;7;0;2;7;1;1
202300022104;155 641 366;7;0;0;3;16;1
202300022105;155 641 362;7;0;1;2;0;3
202300022106;155 641 361;7;0;2;7;1;1
202300022106;155 641 365;7;0;2;1;9;1
202300022107;155 641 364;33;0;1;1;1;1
202300022108;155 641 360;7;4;0;2;1;1
202300022109;155 641 358;1;14;0;1;1;5
202300022110;155 641 355;33;0;2;1;1;6
202300022110;155 641 357;7;0;2;3;15;1
202300022111;155 641 354;7;0;2;1;1;1
202300022111;155 641 359;7;0;2;1;1;0
202300022112;155 641 356;31;0;0;0;21;3
202300022113;155 641 352;7;0;2;3;5;1
202300022113;155 641 353;7;0;2;8;1;1
202300022114;155 641 347;1;0;2;8;13;5