Num_Acc;id_vehicule;categorie_vehicule;obstacle_fixe;obstacle_mobile;point_choc_initial;manoeuvre_principale;motorisation
202300022114;155 641 349;7;0;2;2;1;1
202300022115;155 641 346;50;0;2;1;1;3
202300022115;155 641 350;3;0;2;7;23;0
202300022116;155 641 345;7;0;2;4;2;1
202300022116;155 641 351;7;0;2;1;2;1
202300022117;155 641 344;1;0;2;1;1;5
202300022117;155 641 348;1;0;2;1;13;5
202300022118;155 641 340;7;14;0;1;19;1
202300022119;155 641 339;7;0;2;8;1;1
202300022119;155 641 341;7;0;2;1;1;1
202300022119;155 641 343;10;0;2;1;13;1
202300022120;155 641 338;1;0;0;2;2;5
202300022121;155 641 337;7;0;2;7;1;1
202300022121;155 641 342;7;0;2;1;1;1
202300022122;155 641 333;7;0;2;1;16;1
202300022122;155 641 335;7;0;2;1;26;3
202300022123;155 641 332;7;0;2;3;0;1
202300022123;155 641 336;80;0;2;1;0;3
202300022124;155 641 331;7;0;2;3;13;1
202300022124;155 641 334;7;0;2;3;1;1
202300022125;155 641 328;7;0;2;2;17;1
202300022125;155 641 329;1;0;2;1;13;5
202300022126;155 641 325;7;0;2;1;1;1
202300022126;155 641 327;7;0;2;8;1;1
202300022127;155 641 326;7;0;1;3;1;1
202300022128;155 641 324;7;0;2;0;0;1
202300022128;155 641 330;10;0;2;1;16;1
202300022129;155 641 323;7;0;1;7;1;1
202300022130;155 641 322;7;0;1;1;1;1
202300022131;155 641 320;1;0;1;1;1;5
202300022132;155 641 319;7;0;2;6;23;1
202300022132;155 641 321;7;0;2;1;2;1
202300022133;155 641 316;7;0;1;1;0;1
202300022134;155 641 315;7;11;2;9;1;1
202300022134;155 641 317;10;0;2;6;1;1
202300022134;155 641 318;7;0;2;4;16;1
202300022135;155 641 313;10;0;1;7;1;1
202300022136;155 641 312;7;11;0;2;1;1
202300022137;155 641 311;7;3;0;1;1;1
202300022138;155 641 310;7;0;2;6;1;3
202300022138;155 641 314;50;0;2;1;1;3
202300022139;155 641 307;10;0;1;0;0;0
202300022140;155 641 306;7;0;2;3;1;1
202300022140;155 641 308;1;0;2;1;19;5
202300022141;155 641 305;7;0;0;4;2;1
202300022141;155 641 309;7;14;0;1;2;1
202300022142;155 641 304;7;0;1;1;1;0
202300022143;155 641 300;7;0;2;3;1;1
202300022143;155 641 302;7;0;2;2;14;1
202300022144;155 641 301;2;0;2;8;1;1
202300022144;155 641 303;7;0;2;0;1;1
202300022145;155 641 296;2;0;2;1;1;1
202300022145;155 641 299;37;0;2;5;9;1
202300022146;155 641 294;7;0;2;4;0;1
202300022146;155 641 297;7;4;2;1;2;1
202300022147;155 641 293;7;0;2;3;14;1
202300022147;155 641 298;1;0;2;8;1;5
202300022148;155 641 292;30;0;2;4;15;1
202300022148;155 641 295;10;0;2;1;1;1
202300022149;155 641 288;32;0;2;1;15;1
202300022149;155 641 291;7;0;2;2;16;1
202300022150;155 641 287;30;0;0;0;1;1
202300022151;155 641 286;7;12;2;2;15;3
202300022151;155 641 290;7;12;2;1;1;1
202300022152;155 641 285;37;0;2;7;1;1
202300022152;155 641 289;10;0;2;1;1;0
202300022153;155 641 283;2;0;2;1;1;3
202300022153;155 641 284;7;0;2;3;16;1
202300022154;155 641 281;7;0;2;1;9;1
202300022154;155 641 282;99;0;2;7;19;3
202300022155;155 641 276;3;0;2;3;1;0
202300022155;155 641 279;7;0;2;1;19;1
202300022156;155 641 277;7;0;0;0;26;1
202300022157;155 641 274;7;0;2;1;19;1
202300022157;155 641 280;7;0;2;2;1;1
202300022158;155 641 275;10;0;2;8;15;1
202300022158;155 641 278;33;0;2;0;1;1
202300022159;155 641 273;37;0;1;2;1;1
202300022160;155 641 272;7;0;1;4;20;0
202300022161;155 641 269;7;13;0;1;13;1
202300022161;155 641 271;7;0;2;1;1;1
202300022162;155 641 267;50;0;2;1;1;3
202300022162;155 641 270;10;0;2;2;9;1
202300022163;155 641 264;7;8;0;1;1;1
202300022164;155 641 262;7;0;1;3;1;1
202300022165;155 641 263;31;0;2;1;5;1
202300022165;155 641 265;7;0;2;2;1;1
202300022166;155 641 261;7;0;1;2;2;1
202300022167;155 641 260;37;0;0;0;0;0
202300022168;155 641 258;7;0;1;2;1;1
202300022169;155 641 257;7;4;0;1;13;1
202300022170;155 641 256;10;9;0;1;16;1
202300022171;155 641 255;7;0;2;1;13;1
202300022171;155 641 259;7;0;2;1;1;1
202300022172;155 641 253;30;0;0;7;14;1
202300022173;155 641 252;7;0;2;1;2;1
202300022173;155 641 254;7;0;2;4;1;1
202300022174;155 641 247;7;0;2;3;6;1
202300022174;155 641 249;7;0;2;3;1;1
202300022175;155 641 248;99;0;2;1;0;0
202300022175;155 641 251;7;0;2;7;0;0
202300022176;155 641 245;31;0;2;1;1;1
202300022176;155 641 250;7;8;2;3;15;1
202300022177;155 641 243;37;0;2;3;16;1
202300022177;155 641 246;38;0;2;3;16;1
202300022178;155 641 242;30;0;2;1;0;1
202300022178;155 641 244;7;0;2;2;0;1
202300022179;155 641 241;3;0;1;3;1;1
202300022180;155 641 238;32;0;2;4;2;1
202300022180;155 641 239;7;0;2;1;2;1
202300022181;155 641 237;7;9;0;8;16;1
202300022182;155 641 236;7;0;2;3;15;1
202300022182;155 641 240;2;0;2;1;17;1
202300022183;155 641 235;10;0;1;3;19;1
202300022184;155 641 233;7;0;2;7;1;2
202300022184;155 641 234;31;0;2;8;13;3
202300022185;155 641 231;2;0;9;0;2;1
202300022185;155 641 232;1;0;2;0;0;5
202300022186;155 641 227;32;0;2;4;1;1
202300022186;155 641 229;43;0;2;1;18;1
202300022187;155 641 226;7;0;2;2;15;1
202300022187;155 641 230;33;0;2;1;1;1
202300022188;155 641 225;7;0;2;3;2;1
202300022188;155 641 228;2;0;2;4;1;0
202300022189;155 641 222;33;0;2;1;1;1
202300022189;155 641 223;7;0;2;5;23;1
202300022190;155 641 220;33;0;2;1;17;1
202300022190;155 641 224;7;0;2;3;10;1
202300022191;155 641 217;10;0;2;3;1;1
202300022191;155 641 221;50;0;2;1;16;3
202300022192;155 641 218;33;0;2;1;1;1
202300022192;155 641 219;10;0;2;1;15;1
202300022193;155 641 215;43;0;1;1;1;1
202300022194;155 641 214;7;0;2;1;1;6
202300022194;155 641 216;7;0;2;1;13;0
202300022195;155 641 209;2;0;0;0;17;1
202300022196;155 641 207;7;0;2;3;1;1
202300022196;155 641 208;7;0;2;8;1;1
202300022197;155 641 211;7;0;4;1;1;1
202300022197;155 641 212;40;0;2;2;1;3
202300022198;155 641 210;7;0;1;1;1;1
202300022199;155 641 205;7;0;0;0;26;1
202300022199;155 641 206;1;0;0;0;1;5
202300022200;155 641 201;1;0;2;1;1;5
202300022200;155 641 204;30;0;2;2;15;3
202300022201;155 641 200;33;0;2;1;1;1
202300022201;155 641 203;10;0;2;1;15;1
202300022202;155 641 199;30;0;2;1;7;1
202300022202;155 641 202;7;0;2;3;10;0
202300022203;155 641 196;7;0;0;0;0;1
202300022203;155 641 198;43;0;0;0;0;1
202300022204;155 641 194;7;0;2;5;1;2
202300022204;155 641 197;33;0;2;1;1;1
202300022205;155 641 192;7;0;2;3;15;1
202300022205;155 641 195;1;0;2;1;1;5
202300022206;155 641 191;7;0;2;8;10;0
202300022206;155 641 193;2;0;2;1;1;0
202300022207;155 641 190;1;12;0;1;13;5
202300022208;155 641 187;7;0;2;2;5;2
202300022208;155 641 189;37;0;2;2;1;1
202300022209;155 641 186;30;14;0;1;1;1
202300022210;155 641 184;7;0;2;5;26;1
202300022210;155 641 188;33;0;2;1;18;0
202300022211;155 641 181;7;0;2;7;1;1
202300022211;155 641 185;50;0;2;1;1;3
202300022212;155 641 177;7;0;2;2;1;1
202300022212;155 641 183;7;0;2;1;0;1
202300022213;155 641 179;2;0;2;0;0;1
202300022213;155 641 182;43;0;0;0;0;1
202300022214;155 641 176;7;0;2;4;1;1
202300022214;155 641 178;7;0;2;1;1;1
202300022214;155 641 180;7;0;2;4;1;1
202300022215;155 641 173;7;0;1;2;13;1
202300022216;155 641 169;7;0;2;3;26;1
202300022216;155 641 172;2;0;2;1;0;1
202300022217;155 641 168;1;0;2;1;1;5
202300022217;155 641 170;7;0;2;3;1;1
202300022218;155 641 167;30;0;0;7;1;1
202300022219;155 641 164;7;0;2;6;15;1
202300022219;155 641 166;33;0;2;2;17;1
202300022220;155 641 162;31;0;0;0;1;1
202300022221;155 641 161;31;0;2;8;17;1
202300022221;155 641 165;7;0;2;5;3;1
202300022222;155 641 160;7;0;0;0;0;0
202300022222;155 641 163;2;0;2;1;0;1
202300022223;155 641 158;50;0;0;7;9;3
202300022224;155 641 157;7;13;0;2;1;1
202300022225;155 641 154;50;0;2;2;9;3
202300022225;155 641 156;7;0;2;3;9;1
202300022226;155 641 155;7;0;2;3;9;1
202300022226;155 641 159;2;0;2;5;1;1
202300022227;155 641 153;7;0;1;0;15;0
202300022228;155 641 151;40;0;1;1;1;3
202300022229;155 641 150;7;0;2;1;1;1
202300022229;155 641 152;7;0;2;8;17;1
202300022230;155 641 148;50;0;0;0;25;3
202300022231;155 641 146;7;0;2;2;16;1
202300022231;155 641 149;50;0;2;1;1;3
202300022232;155 641 145;7;0;2;1;1;1
202300022232;155 641 147;10;0;2;4;23;1
202300022233;155 641 144;7;1;0;1;0;1
202300022234;155 641 140;32;0;2;1;1;1
202300022234;155 641 142;3;0;2;6;13;0
202300022235;155 641 139;7;0;2;1;2;1
202300022235;155 641 141;10;0;2;4;2;1
202300022236;155 641 138;7;0;2;8;1;1
202300022236;155 641 143;33;0;2;3;1;1
202300022237;155 641 135;33;12;0;1;2;0
202300022237;155 641 136;33;0;0;0;0;0
202300022238;155 641 130;32;0;2;3;3;1
202300022238;155 641 133;7;0;2;7;12;1
202300022239;155 641 131;33;0;0;6;1;1
202300022239;155 641 134;33;0;1;8;17;1
202300022239;155 641 137;10;0;0;8;1;1
202300022240;155 641 128;7;1;2;1;2;1
202300022240;155 641 132;7;1;0;4;2;1
202300022241;155 641 127;7;0;2;4;1;0
202300022241;155 641 129;30;0;2;4;18;1
202300022242;155 641 125;7;0;1;2;14;0
202300022243;155 641 123;33;0;2;8;3;1
202300022243;155 641 124;7;0;2;7;12;1
202300022243;155 641 126;10;0;2;8;1;1
202300022244;155 641 121;43;0;2;1;17;1
202300022244;155 641 122;7;0;2;8;15;1
202300022245;155 641 120;7;0;1;3;16;1
202300022246;155 641 117;7;0;2;1;1;1
202300022246;155 641 119;7;0;2;1;1;1
202300022247;155 641 116;33;0;2;2;3;1
202300022247;155 641 118;7;0;2;6;1;1
202300022248;155 641 114;30;0;2;1;1;1
202300022248;155 641 115;34;0;2;4;20;1
202300022249;155 641 113;7;8;0;1;19;1
202300022250;155 641 112;7;4;0;3;13;1
202300022251;155 641 110;7;0;2;3;9;1
202300022251;155 641 111;33;0;2;8;2;1
202300022252;155 641 106;1;0;0;8;25;5
202300022252;155 641 108;7;0;2;2;26;1
202300022253;155 641 104;32;0;2;1;2;1
202300022253;155 641 107;10;0;2;4;2;1
202300022254;155 641 105;50;0;2;1;1;3
202300022254;155 641 109;37;0;2;3;15;1
202300022255;155 641 101;33;0;2;8;13;1
202300022255;155 641 103;10;4;2;3;14;1
202300022256;155 641 100;7;0;1;1;1;1
202300022257;155 641 099;7;0;0;0;13;1
202300022257;155 641 102;32;0;0;0;1;1
202300022258;155 641 094;10;0;2;2;1;1
202300022258;155 641 097;7;0;2;2;15;1
202300022259;155 641 092;7;0;2;2;17;1
202300022259;155 641 096;1;0;2;4;0;5
202300022260;155 641 090;7;0;2;1;1;1
202300022260;155 641 091;7;0;2;1;17;1
202300022260;155 641 093;7;0;2;2;1;1
202300022260;155 641 095;7;3;2;1;1;1
202300022260;155 641 098;7;8;2;3;1;1
202300022261;155 641 089;1;0;0;1;1;5
202300022262;155 641 086;10;17;0;2;1;0
202300022263;155 641 087;37;2;0;7;26;1
202300022264;155 641 083;7;2;0;7;1;1
202300022265;155 641 084;1;0;2;7;1;5
202300022265;155 641 085;80;0;2;8;18;3
202300022266;155 641 081;7;4;2;3;17;1
202300022266;155 641 082;7;0;0;6;1;1
202300022267;155 641 079;37;0;2;8;1;1
202300022267;155 641 088;7;0;2;1;1;1
202300022268;155 641 078;1;0;1;1;1;5
202300022269;155 641 076;7;2;0;1;0;1
202300022270;155 641 072;7;2;0;7;1;1
202300022271;155 641 071;1;0;2;3;1;5
202300022271;155 641 075;7;0;2;2;1;1
202300022272;155 641 070;7;1;0;1;1;1
202300022272;155 641 074;7;0;2;4;23;1
202300022272;155 641 077;7;1;0;1;1;1
202300022273;155 641 069;7;0;2;2;1;2
202300022273;155 641 073;31;0;2;2;1;1
202300022274;155 641 068;7;0;0;2;1;1
202300022275;155 641 065;10;14;0;1;0;1
202300022276;155 641 061;7;0;2;3;13;1
202300022276;155 641 064;7;0;2;3;1;1
202300022277;155 641 062;33;0;2;1;1;1
202300022277;155 641 067;7;0;2;6;1;1
202300022278;155 641 063;80;0;2;2;1;3
202300022278;155 641 066;7;0;2;2;22;0
202300022279;155 641 060;33;0;0;8;1;1
202300022280;155 641 058;1;0;0;1;21;5
202300022281;155 641 059;7;8;0;1;1;1
202300022282;155 641 057;1;0;1;1;1;5
202300022283;155 641 056;7;0;0;0;1;1
202300022284;155 641 054;7;0;2;1;15;1
202300022284;155 641 055;1;0;2;1;1;5
202300022285;155 641 051;7;0;2;0;15;1
202300022285;155 641 053;32;0;2;1;17;1
202300022286;155 641 050;7;15;0;1;1;1
202300022287;155 641 049;7;7;0;3;1;1
202300022287;155 641 052;7;6;0;1;16;1
202300022288;155 641 047;7;0;1;6;1;1
202300022289;155 641 046;7;0;2;1;1;1
202300022289;155 641 048;7;0;2;8;15;1
202300022290;155 641 041;7;0;2;3;13;1
202300022290;155 641 045;7;0;2;3;1;1
202300022291;155 641 040;7;0;0;0;1;1
202300022292;155 641 042;7;1;0;1;26;1
202300022293;155 641 037;10;0;0;1;1;1
202300022294;155 641 035;7;0;2;3;15;1
202300022294;155 641 038;33;0;2;8;1;1
202300022295;155 641 036;50;0;0;1;1;3
202300022295;155 641 039;10;0;2;2;15;1
202300022296;155 641 033;7;0;2;1;1;1
202300022296;155 641 034;7;0;2;2;9;1
202300022297;155 641 031;7;0;2;5;17;1
202300022297;155 641 032;14;0;2;3;1;1
202300022298;155 641 027;7;0;2;1;2;0
202300022298;155 641 029;7;0;0;4;23;0
202300022299;155 641 026;50;0;2;1;15;3
202300022299;155 641 030;7;0;2;2;2;1
202300022300;155 641 025;7;0;2;8;15;1
202300022300;155 641 028;30;0;2;1;1;1
202300022301;155 641 023;31;8;0;1;1;1
202300022302;155 641 022;7;9;0;7;1;1
202300022303;155 641 020;7;0;2;2;2;0
202300022303;155 641 024;80;0;0;4;1;3
202300022304;155 641 018;10;8;0;9;1;1
202300022305;155 641 016;7;0;2;1;21;1
202300022305;155 641 019;7;14;0;4;2;1
202300022305;155 641 021;7;14;0;4;2;1
202300022306;155 641 015;2;0;2;3;18;1
202300022306;155 641 017;7;0;2;5;23;1
202300022307;155 641 013;30;3;0;0;1;1
202300022308;155 641 011;7;0;2;3;1;1
202300022308;155 641 014;7;0;2;3;1;1
202300022309;155 641 010;7;0;1;0;0;0
202300022310;155 641 009;7;0;2;4;1;1
202300022310;155 641 012;7;0;2;1;1;1
202300022311;155 641 007;7;0;2;7;9;1
202300022311;155 641 008;7;0;2;2;5;1
202300022312;155 641 006;7;0;1;3;1;1
202300022313;155 641 003;7;0;2;1;1;1
202300022313;155 641 004;7;0;2;4;1;1
202300022314;155 641 001;7;0;2;2;1;1
202300022314;155 641 005;7;0;2;3;1;1
202300022315;155 640 998;50;0;2;1;1;3
202300022315;155 640 999;7;0;2;7;1;1
202300022316;155 640 995;7;0;1;1;1;1
202300022317;155 640 993;7;2;0;1;0;2
202300022318;155 640 992;2;16;0;7;1;1
202300022319;155 640 990;7;4;0;1;14;1
202300022320;155 640 988;10;0;2;1;0;1
202300022320;155 640 991;33;0;2;1;15;1
202300022321;155 640 987;0;0;2;0;17;1
202300022321;155 640 989;2;0;0;8;2;1
202300022322;155 640 986;7;2;0;8;21;1
202300022323;155 640 985;14;0;0;7;1;1
202300022324;155 640 982;7;8;0;0;1;1
202300022325;155 640 980;7;2;0;3;1;1
202300022326;155 640 981;50;0;2;7;1;3
202300022326;155 640 984;7;0;9;1;26;1
202300022327;155 640 977;30;0;0;0;1;1
202300022328;155 640 975;7;0;2;3;9;1
202300022328;155 640 978;32;0;2;1;1;1
202300022329;155 640 976;10;16;0;0;13;1
202300022330;155 640 973;7;0;2;3;1;1
202300022330;155 640 974;7;0;2;4;15;1
202300022331;155 640 969;2;0;0;1;1;1
202300022331;155 640 971;7;0;0;3;1;1
202300022332;155 640 968;3;0;0;2;0;1
202300022333;155 640 967;33;0;2;1;1;1
202300022333;155 640 970;7;0;2;1;13;1
202300022333;155 640 972;10;0;2;3;1;1
202300022334;155 640 966;7;3;0;3;13;1
202300022335;155 640 963;2;0;1;1;1;1
202300022336;155 640 965;7;0;0;8;1;1
202300022337;155 640 964;33;6;0;1;1;1
202300022338;155 640 960;33;0;2;1;17;1
202300022338;155 640 961;7;0;2;3;2;1
202300022338;155 640 962;7;0;2;1;0;1
202300022339;155 640 956;7;0;2;3;1;1
202300022339;155 640 959;7;0;2;3;13;1
202300022340;155 640 952;7;0;2;3;1;1
202300022340;155 640 955;7;0;2;1;1;3
202300022340;155 640 958;7;0;2;3;1;1
202300022341;155 640 951;7;0;2;1;1;0
202300022341;155 640 954;7;14;0;1;1;0
202300022341;155 640 957;2;0;0;0;1;0
202300022342;155 640 949;7;0;2;7;1;1
202300022342;155 640 953;31;0;2;1;1;1
202300022343;155 640 948;7;0;0;2;15;1
202300022343;155 640 950;34;0;2;1;1;1
202300022344;155 640 946;7;3;0;3;1;1
202300022345;155 640 944;7;0;1;3;1;2
202300022346;155 640 945;7;0;2;1;9;1
202300022346;155 640 947;7;0;2;7;1;1
202300022347;155 640 941;10;0;0;2;17;0
202300022347;155 640 943;7;0;0;3;15;2
202300022348;155 640 940;7;6;2;3;13;1
202300022348;155 640 942;7;0;2;3;1;1
202300022349;155 640 938;7;2;0;1;1;1
202300022350;155 640 937;33;0;2;1;3;1
202300022350;155 640 939;33;0;2;4;3;1
202300022351;155 640 936;38;0;1;1;1;1
202300022352;155 640 935;7;3;0;1;1;1
202300022353;155 640 933;10;0;1;2;1;1
202300022354;155 640 932;43;0;2;7;13;1
202300022354;155 640 934;7;0;2;7;13;
202300022355;155 640 930;7;13;0;0;5;1
202300022356;155 640 928;7;0;2;3;9;1
202300022356;155 640 931;1;0;2;1;1;5
202300022357;155 640 925;33;0;2;7;3;1
202300022357;155 640 927;7;0;2;8;11;1
202300022358;155 640 926;7;0;0;8;15;0
202300022358;155 640 929;30;0;2;1;1;1
202300022359;155 640 924;33;0;0;8;1;1
202300022360;155 640 923;7;0;1;1;16;1
202300022361;155 640 921;7;1;0;1;5;1
202300022362;155 640 918;7;0;2;1;2;1
202300022362;155 640 920;7;0;2;4;2;1
202300022362;155 640 922;7;0;2;4;2;2
202300022363;155 640 917;7;17;0;1;21;1
202300022364;155 640 916;7;16;0;5;10;1
202300022364;155 640 919;33;0;2;1;1;1
202300022365;155 640 915;7;14;0;1;1;1
202300022366;155 640 913;10;2;0;8;13;1
202300022367;155 640 912;10;0;2;5;12;1
202300022367;155 640 914;33;0;2;3;3;1
202300022368;155 640 909;7;4;2;3;5;1
202300022368;155 640 911;7;4;2;3;1;1
202300022369;155 640 908;7;0;2;3;1;0
202300022369;155 640 910;2;0;2;0;5;1
202300022370;155 640 905;2;0;2;2;2;1
202300022370;155 640 907;7;0;2;5;2;1
202300022371;155 640 904;7;13;0;9;1;1
202300022372;155 640 903;7;0;2;1;1;1
202300022372;155 640 906;10;0;2;3;21;1
202300022373;155 640 901;31;12;0;1;1;1
202300022374;155 640 896;7;0;2;3;13;1
202300022374;155 640 899;7;0;2;8;1;1
202300022375;155 640 895;7;0;2;9;15;1
202300022375;155 640 898;7;0;2;3;1;1
202300022375;155 640 902;7;0;2;1;2;1
202300022376;155 640 897;7;0;2;3;26;1
202300022376;155 640 900;30;0;2;2;1;1
202300022377;155 640 890;7;0;0;9;1;1
202300022378;155 640 889;7;0;0;1;1;1
202300022378;155 640 891;7;8;2;3;1;1
202300022379;155 640 888;7;3;0;8;1;1
202300022380;155 640 886;33;14;0;1;6;1
202300022381;155 640 884;7;6;0;3;0;1
202300022382;155 640 883;7;0;2;5;15;1
202300022382;155 640 887;7;0;2;2;1;1
202300022383;155 640 882;30;0;2;1;1;1
202300022383;155 640 885;7;0;2;1;15;1
202300022384;155 640 879;7;0;2;1;1;1
202300022384;155 640 881;7;8;0;2;1;1
202300022385;155 640 876;7;0;2;4;2;1
202300022385;155 640 878;7;0;2;4;2;1
202300022385;155 640 880;7;0;2;1;2;1
202300022386;155 640 874;1;0;2;2;14;5
202300022386;155 640 877;7;0;2;1;1;1
202300022387;155 640 871;33;0;2;3;1;1
202300022387;155 640 873;7;0;2;8;1;1
202300022388;155 640 872;7;0;2;8;15;1
202300022388;155 640 875;33;0;2;1;17;1
202300022389;155 640 867;1;0;0;0;0;5
202300022390;155 640 866;7;0;2;2;15;0
202300022390;155 640 870;2;0;2;3;1;0
202300022391;155 640 864;7;0;2;1;1;1
202300022391;155 640 868;13;0;2;1;1;1
202300022391;155 640 869;7;0;2;4;2;1
202300022392;155 640 863;7;4;2;4;1;1
202300022392;155 640 865;7;0;2;1;1;1
202300022393;155 640 860;7;0;2;6;15;1
202300022393;155 640 862;33;0;2;1;1;1
202300022394;155 640 859;50;0;2;8;19;3
202300022394;155 640 861;33;0;2;1;1;0
202300022395;155 640 858;7;8;0;1;;1
202300022396;155 640 856;15;0;0;4;2;1
202300022396;155 640 857;7;0;2;1;2;1
202300022397;155 640 854;7;0;1;7;19;1
202300022398;155 640 853;7;0;2;7;13;1
202300022398;155 640 855;7;0;2;1;1;1
202300022399;155 640 850;30;0;2;1;1;1
202300022399;155 640 852;7;0;2;1;16;0
202300022400;155 640 848;34;0;0;2;0;1
202300022400;155 640 851;7;0;0;3;9;0
202300022401;155 640 847;7;12;0;3;13;1
202300022402;155 640 846;7;0;1;3;1;1
202300022402;155 640 849;7;0;2;8;23;1
202300022403;155 640 845;33;16;9;1;21;1
202300022404;155 640 842;7;9;0;1;0;0
202300022405;155 640 840;33;0;2;8;1;1
202300022405;155 640 843;7;0;2;7;16;1
202300022406;155 640 838;33;1;2;1;2;1
202300022406;155 640 841;7;0;2;1;2;1
202300022407;155 640 837;7;2;0;1;1;1
202300022408;155 640 831;7;0;0;1;1;1
202300022408;155 640 834;7;0;0;1;13;1
202300022409;155 640 830;7;12;1;1;15;1
202300022410;155 640 832;30;0;2;1;17;1
202300022410;155 640 835;7;0;2;8;0;1
202300022411;155 640 829;33;3;2;0;3;1
202300022411;155 640 833;15;0;2;0;9;1
202300022411;155 640 836;7;0;2;5;1;1
202300022412;155 640 828;30;0;0;8;1;1
202300022413;155 640 825;7;0;0;4;23;1
202300022413;155 640 827;7;1;0;1;1;1
202300022414;155 640 824;7;0;0;4;2;0
202300022414;155 640 826;7;0;0;1;2;0
202300022415;155 640 823;1;0;2;5;1;5
202300022416;155 640 821;60;0;2;1;5;5
202300022416;155 640 822;7;0;9;5;1;1
202300022417;155 640 818;7;0;1;3;0;1
202300022418;155 640 817;7;0;0;3;23;1
202300022418;155 640 820;15;1;1;2;1;1
202300022419;155 640 815;7;0;2;0;0;1
202300022419;155 640 816;7;0;2;0;0;1
202300022419;155 640 819;33;0;2;0;0;1
202300022420;155 640 812;7;1;0;2;1;1
202300022421;155 640 806;7;1;0;2;1;2
202300022422;155 640 807;7;0;2;3;1;1
202300022422;155 640 810;7;0;2;1;1;2
202300022422;155 640 814;7;0;2;3;1;1
202300022423;155 640 805;7;4;0;0;0;3
202300022423;155 640 809;7;0;2;1;1;1
202300022423;155 640 811;7;0;2;1;1;1
202300022423;155 640 813;7;0;2;2;1;1
202300022424;155 640 804;32;0;2;1;26;1
202300022424;155 640 808;7;0;9;4;0;1
202300022425;155 640 802;7;0;1;1;1;1
202300022426;155 640 799;33;15;2;8;1;1
202300022426;155 640 803;7;0;2;3;15;1
202300022427;155 640 798;50;0;2;1;1;3
202300022427;155 640 801;7;0;0;3;16;0
202300022428;155 640 796;7;0;2;1;2;1
202300022428;155 640 800;1;0;2;7;19;5
202300022429;155 640 794;33;0;2;1;1;1
202300022429;155 640 797;7;0;2;7;15;1
202300022430;155 640 795;7;8;0;8;1;6
202300022431;155 640 791;7;0;9;3;1;1
202300022431;155 640 793;2;0;2;1;13;1
202300022432;155 640 789;7;8;0;9;1;1
202300022433;155 640 788;2;0;2;3;18;1
202300022433;155 640 792;7;0;2;2;2;1
202300022434;155 640 787;7;9;2;3;15;1
202300022434;155 640 790;7;0;2;2;1;1
202300022435;155 640 786;7;0;1;2;1;1
202300022436;155 640 785;7;0;1;7;1;1
202300022437;155 640 783;7;0;1;1;1;2
202300022438;155 640 782;7;0;2;1;1;1
202300022438;155 640 784;30;0;2;7;1;1
202300022439;155 640 781;33;0;0;3;1;1
202300022440;155 640 778;33;9;2;1;17;1
202300022440;155 640 780;7;0;2;8;15;1
202300022441;155 640 779;7;0;1;3;16;1
202300022442;155 640 775;7;0;2;5;2;1
202300022442;155 640 777;32;0;2;1;21;1
202300022443;155 640 772;7;0;2;3;1;1
202300022443;155 640 776;32;0;2;1;1;1
202300022444;155 640 771;7;0;2;1;1;1
202300022444;155 640 774;33;0;2;1;13;1
202300022445;155 640 769;7;0;2;3;5;1
202300022445;155 640 770;7;0;2;3;1;3
202300022445;155 640 773;33;0;2;1;1;1
202300022446;155 640 768;32;0;1;1;17;1
202300022447;155 640 765;2;0;2;5;10;1
202300022447;155 640 767;2;10;2;1;5;1
202300022448;155 640 764;7;0;2;7;17;1
202300022448;155 640 766;1;0;2;8;2;5
202300022449;155 640 762;7;0;1;2;1;1
202300022450;155 640 759;33;0;0;7;0;1
202300022451;155 640 758;7;0;2;3;1;1
202300022451;155 640 761;7;0;2;3;13;1
202300022451;155 640 763;7;1;2;8;1;1
202300022452;155 640 760;7;0;1;1;1;1
202300022453;155 640 754;7;11;0;2;1;1
202300022454;155 640 756;7;0;1;2;15;1
202300022455;155 640 752;7;0;2;1;1;1
202300022455;155 640 755;7;0;2;7;15;1
202300022456;155 640 751;7;0;9;1;23;1
202300022456;155 640 753;7;0;2;2;19;1
202300022456;155 640 757;33;0;9;1;1;1
202300022457;155 640 748;1;0;2;8;18;5
202300022457;155 640 750;7;0;2;2;16;0
202300022458;155 640 746;7;16;0;2;21;1
202300022459;155 640 747;7;16;2;6;13;2
202300022459;155 640 749;7;16;2;3;17;1
202300022460;155 640 744;1;0;2;0;2;5
202300022460;155 640 745;7;0;2;2;1;1
202300022461;155 640 741;32;0;2;1;3;1
202300022461;155 640 743;7;0;2;7;12;1
202300022462;155 640 738;7;6;0;2;1;1
202300022463;155 640 736;2;0;0;7;1;1
202300022463;155 640 739;7;0;2;1;15;1
202300022464;155 640 735;10;0;2;1;1;0
202300022464;155 640 737;10;0;2;3;9;1
202300022464;155 640 740;7;0;2;1;1;1
202300022464;155 640 742;7;0;2;1;1;1
202300022465;155 640 732;43;0;2;1;17;1
202300022465;155 640 734;37;0;0;3;15;1
202300022466;155 640 731;7;0;2;3;11;0
202300022466;155 640 733;33;0;2;1;1;1
202300022467;155 640 727;30;0;0;0;15;1
202300022468;155 640 728;1;0;2;8;1;5