Num_Acc;id_vehicule;categorie_vehicule;obstacle_fixe;obstacle_mobile;point_choc_initial;manoeuvre_principale;motorisation
202300022468;155 640 729;7;0;9;7;2;1
202300022469;155 640 724;7;0;9;3;26;1
202300022469;155 640 725;2;0;0;1;0;1
202300022470;155 640 722;7;8;2;8;19;2
202300022470;155 640 726;7;0;2;1;1;1
202300022471;155 640 721;30;0;2;7;16;1
202300022471;155 640 723;1;0;2;1;1;5
202300022472;155 640 717;7;6;0;3;0;1
202300022473;155 640 718;1;0;1;1;1;5
202300022474;155 640 719;7;0;2;3;16;1
202300022474;155 640 720;15;0;2;8;1;1
202300022475;155 640 715;7;10;0;2;14;1
202300022476;155 640 714;7;1;2;2;1;0
202300022476;155 640 716;7;0;2;2;1;3
202300022477;155 640 712;7;3;0;8;0;1
202300022478;155 640 711;7;0;2;2;1;1
202300022478;155 640 713;10;0;2;6;10;1
202300022479;155 640 709;7;0;1;1;1;1
202300022480;155 640 708;7;0;1;1;15;1
202300022481;155 640 707;7;0;2;3;15;1
202300022481;155 640 710;43;0;2;7;17;1
202300022482;155 640 704;7;0;2;1;17;1
202300022482;155 640 706;7;0;2;1;1;1
202300022483;155 640 703;7;0;2;8;15;1
202300022483;155 640 705;7;0;2;2;1;0
202300022484;155 640 700;7;2;0;9;0;1
202300022485;155 640 701;7;0;2;3;15;1
202300022485;155 640 702;32;0;2;3;1;3
202300022486;155 640 697;50;0;2;7;1;3
202300022486;155 640 699;7;0;9;3;1;1
202300022487;155 640 695;7;0;2;3;15;3
202300022487;155 640 698;1;0;2;8;1;5
202300022488;155 640 693;1;0;2;8;1;5
202300022488;155 640 696;7;0;2;1;15;6
202300022489;155 640 692;7;0;2;7;1;1
202300022489;155 640 694;33;0;2;1;13;1
202300022490;155 640 690;10;6;1;1;20;1
202300022491;155 640 689;7;0;2;3;15;1
202300022491;155 640 691;33;9;0;2;2;1
202300022492;155 640 688;80;0;1;1;1;3
202300022493;155 640 687;33;0;0;9;1;1
202300022494;155 640 685;10;0;1;1;1;1
202300022495;155 640 683;7;2;0;9;14;0
202300022496;155 640 682;7;0;0;7;16;1
202300022496;155 640 686;1;0;2;1;1;5
202300022497;155 640 681;30;0;2;3;1;3
202300022497;155 640 684;7;0;2;1;15;2
202300022498;155 640 676;7;0;2;1;1;1
202300022498;155 640 679;7;0;2;4;1;1
202300022498;155 640 680;10;0;2;4;1;1
202300022499;155 640 675;1;0;1;1;1;5
202300022500;155 640 674;7;0;2;6;11;1
202300022500;155 640 677;7;0;2;2;2;1
202300022501;155 640 672;7;0;0;7;1;1
202300022501;155 640 678;10;0;2;1;1;1
202300022502;155 640 669;7;0;2;4;0;1
202300022502;155 640 673;30;0;2;1;0;1
202300022503;155 640 671;7;0;1;0;15;0
202300022504;155 640 668;7;0;2;1;1;1
202300022504;155 640 670;7;0;2;4;1;1
202300022505;155 640 664;30;0;1;1;1;1
202300022506;155 640 663;7;0;2;3;1;1
202300022506;155 640 665;33;0;2;3;1;1
202300022506;155 640 667;33;0;2;3;1;1
202300022507;155 640 662;7;0;2;1;1;1
202300022507;155 640 666;2;0;2;1;16;1
202300022508;155 640 661;7;13;0;1;26;1
202300022509;155 640 656;7;0;2;1;1;1
202300022509;155 640 660;7;0;2;7;1;2
202300022510;155 640 654;7;0;2;1;2;1
202300022510;155 640 657;7;0;2;4;1;1
202300022511;155 640 655;7;0;2;8;1;1
202300022511;155 640 658;33;0;2;9;1;1
202300022512;155 640 651;7;2;0;1;12;1
202300022513;155 640 648;33;0;2;0;13;1
202300022513;155 640 650;7;0;2;0;1;1
202300022514;155 640 647;50;10;2;8;19;3
202300022514;155 640 652;7;10;2;1;9;1
202300022515;155 640 646;31;0;2;1;13;1
202300022515;155 640 649;7;0;2;3;1;1
202300022516;155 640 645;7;8;0;1;1;1
202300022517;155 640 642;33;0;0;0;1;1
202300022518;155 640 640;37;0;1;1;2;6
202300022519;155 640 639;7;0;2;8;11;1
202300022519;155 640 644;17;0;2;2;2;1
202300022520;155 640 637;7;0;2;1;1;1
202300022520;155 640 638;7;0;2;1;1;1
202300022520;155 640 641;10;0;2;4;1;1
202300022520;155 640 643;7;0;2;4;1;1
202300022521;155 640 636;7;15;0;1;1;1
202300022522;155 640 634;31;0;1;3;2;1
202300022523;155 640 633;31;0;0;2;15;1
202300022524;155 640 632;7;0;2;3;21;1
202300022524;155 640 635;7;0;2;2;17;1
202300022525;155 640 631;37;4;0;2;2;1
202300022526;155 640 630;30;12;0;2;16;1
202300022527;155 640 626;7;7;2;1;1;1
202300022527;155 640 629;7;0;2;2;15;1
202300022528;155 640 625;7;12;1;6;20;1
202300022529;155 640 621;80;1;0;1;1;3
202300022529;155 640 623;7;0;2;8;22;1
202300022530;155 640 619;7;6;0;8;1;1
202300022531;155 640 618;7;0;2;4;2;0
202300022531;155 640 622;14;3;2;9;1;1
202300022531;155 640 624;7;0;2;4;2;1
202300022531;155 640 627;7;0;2;4;2;1
202300022531;155 640 628;7;0;2;4;2;1
202300022532;155 640 617;7;0;2;6;15;0
202300022532;155 640 620;33;0;2;2;3;1
202300022533;155 640 616;7;13;0;1;9;1
202300022534;155 640 615;33;0;0;3;1;1
202300022535;155 640 611;10;1;0;1;0;1
202300022535;155 640 614;7;0;2;4;23;1
202300022536;155 640 609;10;0;2;1;1;1
202300022536;155 640 612;7;0;2;4;1;2
202300022536;155 640 613;7;0;2;4;1;1
202300022537;155 640 607;1;0;2;8;1;5
202300022537;155 640 610;7;0;2;1;15;2
202300022538;155 640 606;7;0;2;3;2;1
202300022538;155 640 608;1;0;2;2;2;5
202300022539;155 640 605;34;0;0;7;16;1
202300022540;155 640 604;10;0;1;5;4;0
202300022541;155 640 601;33;0;2;1;26;1
202300022541;155 640 603;10;0;2;0;15;1
202300022542;155 640 599;7;0;2;2;15;1
202300022542;155 640 602;33;0;2;8;1;1
202300022543;155 640 597;33;0;2;1;2;1
202300022543;155 640 600;10;0;2;4;2;1
202300022544;155 640 596;7;0;2;1;11;1
202300022544;155 640 598;7;0;0;4;1;1
202300022545;155 640 595;7;0;1;3;13;1
202300022546;155 640 594;10;8;0;1;1;1
202300022547;155 640 591;7;0;2;7;12;1
202300022547;155 640 592;32;0;2;8;3;1
202300022548;155 640 590;7;0;2;3;1;1
202300022548;155 640 593;33;0;2;1;1;1
202300022549;155 640 589;3;0;1;1;2;3
202300022550;155 640 588;33;16;0;0;1;1
202300022551;155 640 587;7;4;0;3;1;3
202300022552;155 640 586;37;0;1;2;1;0
202300022553;155 640 585;7;6;0;0;1;1
202300022554;155 640 582;7;0;2;1;1;1
202300022554;155 640 584;7;0;2;6;9;1
202300022555;155 640 580;30;0;1;1;18;1
202300022556;155 640 581;10;0;2;3;2;1
202300022556;155 640 583;7;0;2;5;1;1
202300022557;155 640 579;7;0;0;0;0;1
202300022558;155 640 573;2;0;2;0;1;0
202300022558;155 640 578;7;0;2;1;1;0
202300022559;155 640 574;7;0;2;1;15;1
202300022559;155 640 577;33;0;2;1;1;1
202300022560;155 640 572;33;0;2;1;1;1
202300022560;155 640 576;7;0;2;5;12;0
202300022561;155 640 571;10;0;2;1;19;1
202300022561;155 640 575;33;0;2;8;1;1
202300022562;155 640 570;7;3;0;1;26;1
202300022563;155 640 569;7;0;1;3;1;2
202300022564;155 640 567;7;0;2;7;9;1
202300022564;155 640 568;43;8;2;1;1;1
202300022565;155 640 566;7;0;1;1;1;1
202300022566;155 640 563;33;0;2;4;23;1
202300022566;155 640 565;15;0;2;0;0;0
202300022567;155 640 560;31;0;2;7;1;1
202300022567;155 640 562;10;0;2;1;19;1
202300022568;155 640 557;7;0;2;3;15;1
202300022568;155 640 561;2;0;2;2;1;1
202300022569;155 640 558;7;0;0;2;1;1
202300022569;155 640 564;7;0;2;1;1;1
202300022570;155 640 556;30;0;2;0;1;1
202300022570;155 640 559;7;0;0;0;10;1
202300022571;155 640 553;7;0;1;2;1;1
202300022572;155 640 550;7;14;0;1;1;1
202300022573;155 640 552;7;0;2;1;1;1
202300022573;155 640 554;7;0;2;8;10;1
202300022574;155 640 551;43;9;2;8;1;1
202300022574;155 640 555;7;0;2;2;19;1
202300022575;155 640 549;7;17;0;3;17;1
202300022576;155 640 547;7;0;1;1;2;1
202300022577;155 640 546;7;12;0;7;1;1
202300022578;155 640 545;1;0;2;0;0;0
202300022578;155 640 548;7;1;2;4;0;1
202300022579;155 640 544;43;0;0;0;0;1
202300022580;155 640 541;2;0;2;1;17;1
202300022580;155 640 543;7;0;2;8;15;1
202300022581;155 640 540;7;0;2;1;15;1
202300022581;155 640 542;2;0;2;1;1;1
202300022582;155 640 538;7;0;1;2;1;1
202300022583;155 640 536;7;16;0;3;0;6
202300022584;155 640 534;7;0;2;3;15;1
202300022584;155 640 537;33;0;2;2;17;1
202300022585;155 640 535;7;0;2;3;1;1
202300022585;155 640 539;7;1;2;1;1;1
202300022586;155 640 531;7;0;2;4;1;1
202300022586;155 640 533;37;0;2;1;1;2
202300022587;155 640 528;15;0;2;6;23;1
202300022587;155 640 530;32;1;0;1;1;1
202300022588;155 640 525;99;0;1;1;5;3
202300022589;155 640 524;7;0;2;9;2;0
202300022589;155 640 526;7;0;2;4;2;0
202300022589;155 640 529;7;0;2;1;2;6
202300022590;155 640 521;7;0;2;3;1;0
202300022590;155 640 523;33;0;0;4;1;0
202300022590;155 640 527;33;12;2;1;1;0
202300022591;155 640 519;7;0;2;3;15;1
202300022591;155 640 522;7;2;2;1;1;1
202300022592;155 640 517;7;0;2;1;5;1
202300022592;155 640 520;7;0;2;3;1;1
202300022593;155 640 518;7;14;0;0;0;1
202300022594;155 640 516;10;1;0;2;1;1
202300022595;155 640 515;7;0;1;2;16;2
202300022596;155 640 514;7;3;0;2;1;1
202300022597;155 640 511;7;0;0;0;1;1
202300022598;155 640 508;10;2;0;1;1;1
202300022599;155 640 509;14;0;2;3;1;1
202300022599;155 640 512;7;4;2;1;13;1
202300022599;155 640 513;10;0;2;1;1;1
202300022600;155 640 507;30;0;2;1;9;1
202300022600;155 640 510;7;0;2;7;1;1
202300022601;155 640 506;7;0;1;2;1;1
202300022602;155 640 503;2;0;2;8;1;3
202300022602;155 640 504;80;0;2;1;1;3
202300022603;155 640 502;10;0;2;2;12;1
202300022603;155 640 505;33;0;2;1;1;1
202300022604;155 640 498;33;0;6;1;1;1
202300022605;155 640 499;21;0;2;3;15;1
202300022605;155 640 500;2;0;2;1;17;1
202300022606;155 640 497;32;0;2;7;17;1
202300022606;155 640 501;7;0;2;8;15;1
202300022607;155 640 495;7;13;0;3;1;1
202300022608;155 640 493;1;0;0;0;1;5
202300022609;155 640 491;7;0;2;0;0;1
202300022609;155 640 494;2;0;2;8;1;1
202300022609;155 640 496;7;0;2;1;15;1
202300022610;155 640 489;7;13;0;1;1;1
202300022611;155 640 488;30;0;2;1;18;1
202300022611;155 640 490;7;0;2;8;22;1
202300022611;155 640 492;10;0;2;7;23;1
202300022612;155 640 486;33;0;2;7;1;1
202300022612;155 640 487;33;0;2;1;1;1
202300022613;155 640 484;30;0;2;2;15;0
202300022613;155 640 485;10;0;2;3;9;1
202300022614;155 640 482;7;0;1;7;26;1
202300022615;155 640 483;7;0;1;3;1;1
202300022616;155 640 479;13;0;2;2;1;1
202300022616;155 640 481;7;0;2;1;26;1
202300022617;155 640 478;7;0;2;2;15;1
202300022617;155 640 480;1;0;2;1;1;5
202300022618;155 640 476;7;0;1;3;1;0
202300022619;155 640 475;7;6;0;9;17;1
202300022620;155 640 474;2;0;0;1;0;1
202300022620;155 640 477;99;0;2;8;0;1
202300022621;155 640 472;7;2;0;3;18;1
202300022622;155 640 471;33;0;2;1;13;1
202300022622;155 640 473;7;0;2;3;1;1
202300022623;155 640 470;30;0;1;8;1;1
202300022624;155 640 469;7;15;0;2;1;1
202300022625;155 640 464;7;1;0;1;1;6
202300022626;155 640 465;7;0;2;3;11;1
202300022626;155 640 467;33;0;0;0;1;1
202300022627;155 640 463;1;0;1;1;1;5
202300022628;155 640 466;7;0;2;2;9;1
202300022628;155 640 468;33;0;2;1;1;1
202300022629;155 640 461;7;0;2;1;5;1
202300022629;155 640 462;7;0;2;1;1;1
202300022630;155 640 459;7;0;1;2;11;1
202300022631;155 640 457;32;0;2;4;23;1
202300022631;155 640 458;2;0;2;1;1;3
202300022632;155 640 454;7;0;0;1;1;1
202300022632;155 640 455;7;0;1;2;0;1
202300022633;155 640 450;50;0;2;1;18;3
202300022633;155 640 452;7;0;2;2;16;1
202300022634;155 640 448;7;13;0;1;1;1
202300022635;155 640 447;7;0;2;1;13;1
202300022635;155 640 449;7;0;0;1;15;1
202300022636;155 640 443;34;0;2;1;1;1
202300022636;155 640 446;10;0;2;3;9;1
202300022637;155 640 442;7;13;0;0;0;1
202300022638;155 640 440;7;0;2;1;2;1
202300022638;155 640 445;17;0;2;5;1;1
202300022639;155 640 441;7;0;2;1;9;2
202300022639;155 640 444;30;0;2;1;17;1
202300022640;155 640 439;30;0;1;1;17;3
202300022641;155 640 438;7;0;1;1;2;1
202300022642;155 640 436;2;0;2;2;15;1
202300022642;155 640 437;32;0;0;1;9;1
202300022643;155 640 435;7;0;1;3;21;1
202300022644;155 640 432;7;0;2;2;15;1
202300022644;155 640 434;30;0;2;1;1;1
202300022645;155 640 429;33;0;2;1;1;1
202300022645;155 640 433;7;0;2;7;15;1
202300022646;155 640 428;7;0;2;8;10;1
202300022646;155 640 431;2;0;2;1;1;1
202300022647;155 640 427;7;0;2;1;13;1
202300022647;155 640 430;7;0;2;1;1;1
202300022648;155 640 424;30;0;2;2;2;1
202300022648;155 640 426;7;0;2;3;10;2
202300022649;155 640 422;30;0;2;5;2;1
202300022649;155 640 423;7;0;2;1;0;0
202300022650;155 640 421;7;6;0;1;1;1
202300022651;155 640 420;7;0;0;9;1;1
202300022652;155 640 419;1;0;1;1;1;5
202300022653;155 640 417;7;0;1;3;1;1
202300022654;155 640 418;30;0;0;0;0;1
202300022655;155 640 415;7;0;1;1;1;1
202300022656;155 640 412;7;3;0;1;0;1
202300022657;155 640 410;7;0;1;3;1;1
202300022657;155 640 414;1;1;0;1;1;5
202300022657;155 640 416;7;0;2;2;23;1
202300022658;155 640 409;7;0;2;1;26;2
202300022658;155 640 413;2;0;2;1;21;1
202300022659;155 640 408;2;0;2;1;0;1
202300022659;155 640 411;7;0;2;5;15;1
202300022660;155 640 403;7;0;1;1;1;1
202300022661;155 640 402;7;0;0;6;15;1
202300022661;155 640 406;7;0;0;2;17;1
202300022662;155 640 398;7;0;0;0;0;1
202300022663;155 640 399;7;0;2;2;26;1
202300022663;155 640 405;7;8;2;1;9;1
202300022664;155 640 396;7;0;2;1;21;1
202300022664;155 640 400;7;0;2;0;21;1
202300022664;155 640 401;10;0;2;1;2;1
202300022664;155 640 404;7;0;2;4;2;2
202300022664;155 640 407;7;0;2;4;2;1
202300022665;155 640 393;7;0;2;6;11;1
202300022665;155 640 394;33;0;2;2;3;1
202300022666;155 640 392;7;0;2;3;2;1
202300022666;155 640 395;7;0;2;1;2;1
202300022666;155 640 397;33;0;2;1;2;1
202300022667;155 640 391;7;0;1;3;1;1
202300022668;155 640 387;7;0;1;1;1;1
202300022669;155 640 388;7;17;0;1;1;1
202300022670;155 640 385;7;0;1;1;1;1
202300022671;155 640 384;7;0;2;4;1;1
202300022671;155 640 386;7;0;2;4;1;1
202300022671;155 640 389;7;0;2;1;9;1
202300022671;155 640 390;7;0;2;4;1;1
202300022672;155 640 383;7;0;1;2;1;1
202300022673;155 640 382;7;6;0;1;1;1
202300022674;155 640 379;7;0;1;7;16;1
202300022675;155 640 376;37;0;2;3;26;0
202300022675;155 640 380;7;0;2;5;17;1
202300022676;155 640 375;7;0;2;7;15;1
202300022676;155 640 377;2;0;2;1;1;1
202300022677;155 640 370;7;0;2;2;15;1
202300022677;155 640 373;7;0;2;1;1;1
202300022678;155 640 369;7;0;2;3;15;0
202300022678;155 640 372;33;0;2;6;1;1
202300022679;155 640 367;7;0;2;2;19;3
202300022679;155 640 374;33;0;2;3;1;1
202300022680;155 640 368;7;0;2;1;15;1
202300022680;155 640 371;2;0;2;1;1;1
202300022681;155 640 366;10;0;1;1;1;0
202300022682;155 640 365;7;0;0;7;21;1
202300022683;155 640 362;7;0;1;2;1;1
202300022684;155 640 360;7;0;2;1;1;1
202300022684;155 640 363;7;0;2;1;1;1
202300022685;155 640 359;7;0;2;4;1;1
202300022685;155 640 361;7;0;2;4;1;1
202300022685;155 640 364;7;0;2;1;1;1
202300022686;155 640 357;1;0;1;1;2;5
202300022687;155 640 356;10;0;2;6;1;1
202300022687;155 640 358;30;0;2;1;9;1
202300022688;155 640 354;1;0;1;1;0;5
202300022689;155 640 353;37;0;1;3;1;6
202300022690;155 640 352;7;0;2;2;1;1
202300022690;155 640 355;1;0;2;8;19;5
202300022691;155 640 350;7;0;1;1;1;1
202300022692;155 640 348;7;0;2;7;1;1
202300022692;155 640 349;43;1;2;7;3;1
202300022692;155 640 351;7;0;2;3;24;3
202300022693;155 640 347;31;0;0;7;1;0
202300022694;155 640 346;7;1;1;1;14;1
202300022695;155 640 345;2;0;1;1;2;3
202300022696;155 640 341;99;0;2;4;2;1
202300022696;155 640 344;99;0;2;1;1;1
202300022697;155 640 342;7;13;0;3;19;1
202300022698;155 640 343;7;0;1;3;15;1
202300022699;155 640 339;7;0;2;3;12;1
202300022699;155 640 340;33;0;2;8;3;1
202300022700;155 640 337;7;0;2;1;17;1
202300022700;155 640 338;7;0;2;1;13;1
202300022701;155 640 335;7;0;1;1;1;1
202300022702;155 640 333;36;0;0;7;0;1
202300022703;155 640 332;7;0;2;2;1;1
202300022703;155 640 336;2;0;2;2;1;1
202300022704;155 640 330;7;0;1;1;17;1
202300022704;155 640 334;7;12;0;6;16;1
202300022705;155 640 331;7;16;0;1;14;1
202300022706;155 640 328;7;0;0;1;1;1
202300022706;155 640 329;7;0;0;3;1;1
202300022707;155 640 324;7;0;2;4;1;1
202300022707;155 640 327;7;0;2;1;1;1
202300022708;155 640 325;3;0;1;2;17;1
202300022709;155 640 322;7;0;2;8;15;1
202300022709;155 640 326;2;0;2;1;2;1
202300022710;155 640 316;7;0;2;7;9;1
202300022710;155 640 319;33;0;2;1;1;1
202300022711;155 640 318;50;0;2;1;0;3
202300022711;155 640 320;7;0;2;5;16;1
202300022712;155 640 315;7;0;2;1;1;0
202300022712;155 640 317;7;0;2;4;1;1
202300022713;155 640 314;7;0;1;1;17;1
202300022714;155 640 310;7;0;2;3;13;1
202300022714;155 640 312;7;0;2;3;1;1
202300022715;155 640 308;31;0;2;0;26;1
202300022715;155 640 311;7;0;2;1;1;1
202300022716;155 640 306;33;0;0;9;1;1
202300022717;155 640 305;43;0;2;1;1;1
202300022717;155 640 307;0;0;2;7;15;0
202300022718;155 640 304;7;4;0;2;15;1
202300022719;155 640 301;2;0;2;1;11;0
202300022719;155 640 303;7;0;0;2;1;1
202300022720;155 640 300;43;3;0;1;1;1
202300022721;155 640 297;33;0;2;4;16;0
202300022721;155 640 299;7;0;2;4;16;1
202300022722;155 640 298;10;0;2;1;1;1
202300022722;155 640 302;7;0;2;3;2;1
202300022723;155 640 293;15;0;2;7;17;0
202300022723;155 640 296;1;0;2;3;1;5
202300022724;155 640 294;7;13;0;9;14;1
202300022725;155 640 292;7;0;2;1;1;1
202300022725;155 640 295;7;0;0;4;1;1
202300022726;155 640 287;33;0;2;1;1;1
202300022726;155 640 291;7;0;2;1;15;1
202300022727;155 640 286;7;3;0;1;2;1
202300022728;155 640 285;7;1;0;2;1;0
202300022728;155 640 289;7;0;2;6;23;1
202300022729;155 640 288;7;0;2;1;1;1
202300022729;155 640 290;7;0;2;4;23;1
202300022730;155 640 282;7;0;2;1;2;1
202300022730;155 640 284;7;0;2;4;23;1
202300022731;155 640 281;7;4;2;1;2;1
202300022731;155 640 283;7;4;2;4;1;1
202300022732;155 640 279;7;0;1;1;1;1
202300022733;155 640 278;7;0;2;4;2;1
202300022733;155 640 280;33;0;2;1;2;1
202300022734;155 640 276;7;4;0;3;11;1
202300022735;155 640 277;7;0;1;2;1;1
202300022736;155 640 274;7;4;0;2;1;1
202300022737;155 640 275;14;0;1;2;1;1
202300022738;155 640 273;7;0;1;2;2;1
202300022739;155 640 271;7;2;0;3;13;1
202300022740;155 640 268;7;0;1;4;20;1
202300022741;155 640 269;10;0;2;3;15;0
202300022741;155 640 270;7;0;2;2;1;0
202300022742;155 640 267;7;0;1;1;16;1
202300022743;155 640 266;7;0;1;0;0;0
202300022744;155 640 265;7;6;0;1;1;1
202300022745;155 640 260;7;0;2;1;1;1
202300022745;155 640 264;7;0;2;4;1;1
202300022746;155 640 261;7;0;2;1;13;1
202300022746;155 640 263;7;0;2;1;21;1
202300022747;155 640 259;7;0;2;2;1;1
202300022747;155 640 262;10;0;2;1;1;0
202300022748;155 640 256;10;0;2;2;5;1
202300022748;155 640 257;10;0;2;2;1;1
202300022749;155 640 254;7;0;2;2;1;1
202300022749;155 640 258;7;0;2;3;16;1
202300022750;155 640 253;1;0;2;2;0;5
202300022750;155 640 255;7;0;9;2;26;1
202300022751;155 640 250;7;0;1;2;1;1
202300022752;155 640 248;7;0;2;1;26;1
202300022752;155 640 251;50;0;2;7;1;3
202300022753;155 640 247;10;0;2;8;1;1
202300022753;155 640 249;7;0;2;3;2;1
202300022753;155 640 252;7;2;2;5;12;1
202300022754;155 640 246;10;0;1;2;1;1
202300022755;155 640 243;7;0;2;3;13;1
202300022755;155 640 245;32;0;2;1;1;1
202300022756;155 640 242;7;0;2;1;2;4
202300022756;155 640 244;7;1;2;8;1;2
202300022757;155 640 240;10;0;2;6;23;1
202300022757;155 640 241;7;0;2;2;1;1
202300022758;155 640 238;7;0;1;1;1;1
202300022759;155 640 235;7;0;1;1;1;1
202300022760;155 640 237;10;0;2;2;1;1
202300022760;155 640 239;7;0;2;3;1;1
202300022761;155 640 234;7;0;2;1;2;1
202300022761;155 640 236;7;0;2;4;2;3
202300022762;155 640 232;7;5;0;2;0;1
202300022763;155 640 233;7;0;1;8;1;1
202300022764;155 640 229;30;0;2;7;1;3
202300022764;155 640 231;37;0;2;1;1;1
202300022765;155 640 227;7;0;2;3;2;1
202300022765;155 640 230;1;0;2;2;19;5
202300022766;155 640 226;50;0;2;0;21;3
202300022766;155 640 228;7;0;2;0;15;1
202300022767;155 640 223;7;0;2;1;1;1
202300022767;155 640 225;50;0;2;3;19;3
202300022768;155 640 222;7;0;2;1;2;1
202300022768;155 640 224;7;0;2;4;23;1
202300022769;155 640 219;33;0;2;1;1;1
202300022769;155 640 221;7;0;2;8;15;1
202300022770;155 640 217;7;0;2;2;15;1
202300022770;155 640 220;7;0;2;1;1;2
202300022771;155 640 215;7;0;2;4;2;1
202300022771;155 640 216;7;0;2;4;2;1
202300022771;155 640 218;7;0;2;1;2;1
202300022772;155 640 212;7;0;2;1;1;0
202300022772;155 640 213;7;0;2;4;2;1
202300022773;155 640 211;33;0;2;1;1;1
202300022773;155 640 214;7;0;2;7;1;1
202300022774;155 640 209;15;0;2;1;9;1
202300022774;155 640 210;10;0;2;4;9;1
202300022775;155 640 208;7;0;1;8;1;1
202300022776;155 640 207;7;0;1;3;1;1
202300022777;155 640 205;7;0;9;1;1;1
202300022777;155 640 206;1;0;2;1;19;5
202300022778;155 640 202;7;0;2;7;1;1
202300022778;155 640 204;7;0;2;1;0;1
202300022779;155 640 201;7;0;2;3;10;1
202300022779;155 640 203;33;0;2;2;1;1
202300022780;155 640 199;30;0;2;8;1;1
202300022780;155 640 200;7;0;2;0;15;1
202300022781;155 640 197;7;0;1;2;1;1
202300022782;155 640 196;7;0;2;4;1;1
202300022782;155 640 198;10;0;2;1;1;1
202300022783;155 640 192;7;0;9;0;1;1
202300022783;155 640 194;50;0;2;1;1;3
202300022784;155 640 191;7;0;2;4;1;1
202300022784;155 640 193;7;0;2;1;2;1
202300022784;155 640 195;7;0;2;4;2;1
202300022785;155 640 188;33;0;2;1;1;1
202300022785;155 640 190;7;0;2;5;1;1
202300022786;155 640 185;7;0;2;7;15;1
202300022786;155 640 187;7;0;2;1;1;1
202300022787;155 640 186;1;0;2;7;1;5
202300022787;155 640 189;7;0;2;7;15;0
202300022788;155 640 184;30;8;0;5;14;5
202300022789;155 640 182;7;0;2;4;26;1
202300022790;155 640 180;7;0;2;2;1;1
202300022790;155 640 183;7;0;2;1;15;0
202300022791;155 640 179;7;0;2;3;1;1
202300022791;155 640 181;7;0;2;7;9;1
202300022792;155 640 178;7;0;1;3;1;1
202300022793;155 640 174;32;0;2;8;1;1
202300022793;155 640 177;7;0;2;1;15;1
202300022794;155 640 173;7;0;2;6;24;1
202300022794;155 640 176;1;1;0;1;1;5
202300022795;155 640 172;7;0;2;7;15;1
202300022795;155 640 175;7;0;2;2;1;1
202300022796;155 640 168;10;0;1;3;1;1
202300022797;155 640 169;7;0;2;3;13;1
202300022797;155 640 171;7;0;2;8;1;1
202300022798;155 640 167;10;0;2;3;15;1
202300022798;155 640 170;7;0;2;7;1;1
202300022799;155 640 164;7;0;2;1;16;1
202300022799;155 640 166;7;0;2;2;15;1
202300022800;155 640 162;7;0;2;8;10;1
202300022800;155 640 165;17;0;2;1;1;1
202300022801;155 640 163;7;9;0;2;1;1
202300022802;155 640 161;7;0;1;1;1;1
202300022803;155 640 158;7;0;2;3;9;2
202300022803;155 640 160;50;0;2;1;15;3
202300022804;155 640 157;7;0;2;0;2;3
202300022804;155 640 159;50;0;2;1;1;3
202300022805;155 640 155;50;0;2;7;1;3
202300022805;155 640 156;7;0;2;1;1;1
202300022806;155 640 154;7;0;1;2;1;1
202300022807;155 640 153;7;2;0;7;1;1
202300022808;155 640 152;7;0;1;1;15;1
202300022809;155 640 150;7;0;2;3;0;0
202300022809;155 640 151;30;0;2;1;13;0
202300022810;155 640 148;10;0;1;7;16;1
202300022811;155 640 147;7;0;2;2;15;1
202300022811;155 640 149;1;0;2;1;26;5
202300022812;155 640 142;43;14;0;1;13;1
202300022813;155 640 141;10;13;2;1;1;1
202300022813;155 640 143;10;13;2;1;1;1
202300022814;155 640 139;7;0;2;1;1;0
202300022814;155 640 140;7;0;2;7;15;0
202300022815;155 640 137;7;9;0;1;14;1
202300022816;155 640 136;7;9;0;1;13;1
202300022817;155 640 135;10;0;2;2;15;0
202300022817;155 640 138;1;0;2;0;1;5
202300022818;155 640 132;7;0;1;2;1;0
202300022819;155 640 130;30;0;2;3;2;1
202300022819;155 640 131;7;0;2;7;20;1
202300022820;155 640 133;1;0;2;4;5;5
202300022820;155 640 134;10;0;2;4;4;1
202300022821;155 640 128;7;0;2;2;20;1
202300022821;155 640 129;1;0;2;0;1;5
202300022822;155 640 126;2;0;1;2;1;0
202300022823;155 640 123;7;0;2;8;1;1
202300022823;155 640 127;7;0;2;1;26;1
202300022824;155 640 124;1;0;2;8;17;5
202300022824;155 640 125;7;0;2;1;1;1
202300022825;155 640 122;7;0;1;8;20;1
202300022826;155 640 121;7;0;1;1;1;1
202300022827;155 640 120;7;0;1;8;1;6
202300022828;155 640 118;7;0;1;3;1;1
202300022829;155 640 119;7;0;1;3;1;1
202300022830;155 640 115;2;0;2;1;1;1
202300022830;155 640 117;7;0;2;3;1;1
202300022831;155 640 114;37;0;0;0;0;1
202300022831;155 640 116;7;0;0;0;0;1
202300022832;155 640 112;33;0;2;7;1;0
202300022832;155 640 113;7;0;2;1;1;1
202300022833;155 640 110;7;0;2;1;26;1
202300022833;155 640 111;7;0;2;1;0;1
202300022834;155 640 108;7;0;2;2;1;1
202300022834;155 640 109;1;0;2;8;5;5