Num_Acc;id_vehicule;categorie_vehicule;obstacle_fixe;obstacle_mobile;point_choc_initial;manoeuvre_principale;motorisation
202300022835;155 640 106;7;1;0;1;14;1
202300022836;155 640 105;7;0;2;1;1;1
202300022836;155 640 107;30;0;2;1;9;1
202300022837;155 640 104;33;16;0;8;1;1
202300022838;155 640 101;7;4;2;9;13;1
202300022838;155 640 102;7;0;2;1;1;1
202300022839;155 640 100;7;0;1;1;15;1
202300022840;155 640 097;10;0;2;1;5;1
202300022840;155 640 099;7;0;2;1;16;1
202300022841;155 640 096;1;0;2;1;9;5
202300022841;155 640 098;7;0;2;3;9;1
202300022842;155 640 094;7;0;2;5;16;1
202300022842;155 640 095;50;0;2;3;1;3
202300022843;155 640 091;7;0;1;1;26;0
202300022844;155 640 090;50;0;2;2;26;3
202300022844;155 640 092;1;0;2;8;26;5
202300022845;155 640 089;33;0;1;2;1;1
202300022846;155 640 088;7;2;0;1;1;1
202300022847;155 640 087;7;0;1;3;1;1
202300022848;155 640 082;15;0;2;4;2;1
202300022848;155 640 084;17;0;2;1;2;0
202300022848;155 640 086;15;0;2;1;2;1
202300022849;155 640 083;50;0;2;7;10;3
202300022849;155 640 085;32;0;9;1;1;1
202300022850;155 640 079;30;0;2;1;5;1
202300022850;155 640 080;7;0;2;3;0;1
202300022851;155 640 078;7;0;2;4;1;1
202300022851;155 640 081;7;0;2;1;1;1
202300022852;155 640 077;14;0;9;2;16;1
202300022853;155 640 075;10;0;2;2;16;1
202300022853;155 640 076;80;0;0;1;19;3
202300022854;155 640 072;32;0;2;1;1;1
202300022854;155 640 074;7;0;2;3;19;1
202300022855;155 640 071;10;0;0;0;0;0
202300022855;155 640 073;50;0;2;7;0;3
202300022856;155 640 069;7;9;0;1;2;1
202300022857;155 640 068;7;0;9;3;2;1
202300022857;155 640 070;1;0;2;1;1;5
202300022858;155 640 064;7;0;2;3;13;1
202300022858;155 640 065;14;0;2;3;1;1
202300022859;155 640 063;33;13;0;8;1;1
202300022860;155 640 062;7;0;1;7;1;1
202300022861;155 640 061;7;0;1;3;1;0
202300022862;155 640 059;50;12;0;7;1;3
202300022863;155 640 058;7;1;0;1;1;1
202300022863;155 640 060;7;1;2;6;24;1
202300022864;155 640 056;30;0;2;1;1;1
202300022864;155 640 057;7;0;2;2;15;1
202300022865;155 640 055;7;16;0;1;1;1
202300022866;155 640 052;30;0;2;1;1;1
202300022866;155 640 053;7;0;2;6;10;1
202300022867;155 640 054;7;0;1;2;15;1
202300022868;155 640 048;7;0;2;2;16;1
202300022868;155 640 050;2;1;0;1;21;1
202300022868;155 640 051;7;0;2;4;24;1
202300022869;155 640 047;7;1;2;7;2;1
202300022869;155 640 049;7;0;2;4;2;1
202300022870;155 640 044;7;0;2;1;1;1
202300022870;155 640 046;31;0;2;7;1;1
202300022871;155 640 043;7;0;2;7;15;0
202300022871;155 640 045;33;0;2;1;1;0
202300022872;155 640 041;7;0;2;2;15;1
202300022872;155 640 042;1;0;2;1;2;5
202300022873;155 640 039;10;0;1;2;26;1
202300022874;155 640 040;33;0;1;1;1;1
202300022875;155 640 038;50;0;1;1;0;3
202300022876;155 640 036;7;0;2;0;0;0
202300022876;155 640 037;50;0;2;1;26;3
202300022877;155 640 033;2;0;2;0;0;1
202300022877;155 640 035;10;0;2;0;0;1
202300022878;155 640 032;30;0;2;4;9;1
202300022878;155 640 034;33;0;2;4;1;1
202300022879;155 640 031;33;1;0;0;1;1
202300022880;155 640 030;7;13;0;1;1;1
202300022881;155 640 027;7;0;2;1;1;1
202300022881;155 640 029;50;0;2;7;1;3
202300022882;155 640 026;31;0;2;3;1;1
202300022882;155 640 028;7;0;2;3;15;2
202300022883;155 640 022;7;0;2;4;1;1
202300022883;155 640 024;7;0;2;4;1;1
202300022883;155 640 025;7;0;2;1;1;1
202300022884;155 640 019;31;0;2;1;5;1
202300022884;155 640 020;7;0;2;3;19;1
202300022885;155 640 021;1;0;2;2;15;5
202300022885;155 640 023;2;0;2;3;1;0
202300022886;155 640 017;99;0;9;0;0;0
202300022886;155 640 018;1;0;2;8;1;5
202300022887;155 640 014;7;0;2;1;2;1
202300022887;155 640 015;7;0;2;4;23;1
202300022887;155 640 016;7;0;2;4;23;1
202300022888;155 640 013;40;0;1;3;1;3
202300022889;155 640 012;50;16;0;9;1;3
202300022890;155 640 008;33;0;2;8;1;1
202300022890;155 640 009;7;0;2;6;11;1
202300022890;155 640 010;7;0;2;7;1;1
202300022891;155 640 011;80;0;1;1;1;3
202300022892;155 640 007;30;0;0;0;1;1
202300022893;155 640 006;1;0;1;1;1;5
202300022894;155 640 002;33;15;0;7;0;1
202300022894;155 640 003;37;0;2;1;0;1
202300022895;155 639 999;7;0;2;1;1;1
202300022895;155 640 000;1;0;2;1;1;5
202300022896;155 639 997;7;13;0;1;1;1
202300022897;155 639 998;10;0;2;4;4;1
202300022897;155 640 001;1;0;2;1;1;5
202300022898;155 639 996;7;0;1;2;17;1
202300022899;155 639 995;7;0;1;1;1;1
202300022900;155 639 992;1;0;2;1;0;5
202300022900;155 639 993;7;0;2;5;1;1
202300022901;155 639 989;7;0;2;5;1;1
202300022901;155 639 991;7;0;2;1;9;2
202300022902;155 639 990;10;0;2;2;16;0
202300022902;155 639 994;30;0;2;3;1;3
202300022903;155 639 987;7;0;2;8;2;1
202300022903;155 639 988;7;0;2;7;19;1
202300022904;155 639 986;7;0;1;3;1;1
202300022905;155 639 985;7;0;1;5;9;1
202300022906;155 639 984;7;0;1;8;1;1
202300022907;155 639 982;7;0;2;1;15;1
202300022907;155 639 983;1;0;2;1;1;5
202300022908;155 639 981;7;0;1;1;16;1
202300022909;155 639 980;10;0;1;2;15;1
202300022910;155 639 979;7;0;1;2;1;1
202300022911;155 639 978;99;3;0;1;14;1
202300022912;155 639 974;33;0;2;8;1;1
202300022912;155 639 975;7;0;2;3;17;1
202300022913;155 639 976;80;0;2;1;13;3
202300022913;155 639 977;80;0;2;1;1;3
202300022914;155 639 970;10;0;2;1;15;1
202300022914;155 639 972;33;0;2;1;1;1
202300022914;155 639 973;31;0;2;1;1;1
202300022915;155 639 969;7;0;1;3;21;1
202300022916;155 639 971;43;0;1;1;17;1
202300022917;155 639 967;33;0;2;4;2;0
202300022917;155 639 968;33;0;2;1;2;1
202300022918;155 639 964;7;0;2;8;15;1
202300022918;155 639 966;32;0;2;7;17;1
202300022919;155 639 963;7;0;2;3;10;1
202300022919;155 639 965;33;0;2;2;2;1
202300022920;155 639 962;10;0;1;6;20;3
202300022921;155 639 961;34;13;0;1;1;1
202300022922;155 639 960;60;1;0;2;25;5
202300022923;155 639 959;1;0;1;1;1;5
202300022924;155 639 958;33;0;0;7;26;0
202300022925;155 639 954;7;0;0;1;0;3
202300022925;155 639 956;50;0;2;1;13;3
202300022926;155 639 955;7;0;2;2;9;1
202300022926;155 639 957;33;0;2;1;1;1
202300022927;155 639 951;7;0;2;2;15;1
202300022927;155 639 953;7;0;2;3;1;1
202300022928;155 639 950;30;0;2;0;23;1
202300022928;155 639 952;7;0;2;1;2;1
202300022929;155 639 949;10;0;1;4;20;1
202300022930;155 639 948;10;0;1;0;0;0
202300022931;155 639 945;7;0;2;1;1;1
202300022931;155 639 947;33;0;2;8;1;1
202300022932;155 639 944;7;0;2;2;15;2
202300022932;155 639 946;7;9;2;8;1;0
202300022933;155 639 943;7;0;1;1;15;1
202300022934;155 639 941;7;0;2;2;10;1
202300022934;155 639 942;32;0;2;1;1;1
202300022935;155 639 940;3;2;1;1;1;1
202300022936;155 639 938;10;0;1;3;9;0
202300022937;155 639 937;7;9;2;4;4;1
202300022937;155 639 939;7;0;2;1;1;1
202300022938;155 639 935;38;0;2;3;2;1
202300022938;155 639 936;7;0;2;5;16;0
202300022939;155 639 932;7;0;2;4;2;1
202300022939;155 639 933;7;0;2;1;1;1
202300022940;155 639 930;7;0;2;2;1;1
202300022940;155 639 931;32;0;2;0;0;1
202300022941;155 639 925;17;0;2;8;1;1
202300022941;155 639 926;7;0;2;2;2;1
202300022941;155 639 928;7;0;2;6;11;1
202300022941;155 639 929;7;0;2;6;1;1
202300022942;155 639 924;7;0;9;1;1;1
202300022942;155 639 927;99;0;2;2;1;0
202300022943;155 639 922;3;0;1;1;0;0
202300022944;155 639 921;10;0;0;0;16;1
202300022944;155 639 923;80;0;0;8;2;3
202300022945;155 639 918;7;0;2;2;2;4
202300022945;155 639 920;1;0;2;1;2;5
202300022946;155 639 917;7;0;2;8;13;1
202300022946;155 639 919;31;0;2;7;2;1
202300022947;155 639 914;10;0;2;1;1;1
202300022947;155 639 915;7;0;2;4;23;1
202300022948;155 639 913;43;0;2;1;1;1
202300022948;155 639 916;50;1;2;7;26;3
202300022949;155 639 910;31;0;2;2;17;2
202300022949;155 639 912;7;0;2;3;15;2
202300022950;155 639 909;50;0;2;1;1;3
202300022950;155 639 911;7;0;2;8;15;1
202300022951;155 639 908;1;0;1;1;2;5
202300022952;155 639 906;14;0;2;1;12;1
202300022952;155 639 907;7;0;2;8;1;2
202300022953;155 639 904;2;0;2;8;7;3
202300022953;155 639 905;10;0;2;2;16;3
202300022954;155 639 902;33;0;4;1;1;1
202300022954;155 639 903;39;0;2;1;1;1
202300022955;155 639 898;7;0;2;8;23;1
202300022955;155 639 900;14;0;2;1;5;1
202300022955;155 639 901;31;0;2;2;1;1
202300022956;155 639 897;2;0;2;2;19;1
202300022956;155 639 899;7;0;2;1;1;1
202300022957;155 639 895;7;0;0;8;9;2
202300022957;155 639 896;1;0;0;0;1;5
202300022958;155 639 893;7;0;2;3;13;1
202300022958;155 639 894;7;0;2;3;1;1
202300022959;155 639 891;7;0;2;6;23;1
202300022959;155 639 892;7;0;2;2;1;0
202300022960;155 639 887;1;0;2;8;6;5
202300022960;155 639 888;7;0;2;1;15;2
202300022961;155 639 885;7;0;2;8;5;1
202300022961;155 639 886;7;0;2;3;1;1
202300022962;155 639 883;1;0;2;1;5;5
202300022962;155 639 884;1;0;2;1;1;5
202300022963;155 639 880;7;0;1;0;1;1
202300022963;155 639 882;7;0;1;2;1;1
202300022964;155 639 879;31;0;2;2;2;1
202300022964;155 639 881;7;0;2;6;2;1
202300022965;155 639 876;7;0;2;6;22;3
202300022965;155 639 878;31;0;2;1;2;1
202300022966;155 639 875;7;0;2;1;1;1
202300022966;155 639 877;7;0;2;2;15;1
202300022967;155 639 871;10;0;2;3;9;1
202300022967;155 639 874;10;0;2;8;2;1
202300022968;155 639 872;7;0;2;2;5;1
202300022968;155 639 873;7;0;2;1;1;1
202300022969;155 639 869;43;0;1;1;1;1
202300022970;155 639 868;7;0;2;2;13;1
202300022970;155 639 870;7;0;2;1;1;1
202300022971;155 639 867;7;0;1;3;1;3
202300022972;155 639 863;50;0;2;4;1;3
202300022972;155 639 864;80;0;2;1;1;3
202300022973;155 639 858;7;0;2;3;1;0
202300022973;155 639 860;30;0;2;1;1;0
202300022974;155 639 859;7;0;2;3;0;1
202300022974;155 639 861;7;0;2;2;1;1
202300022975;155 639 857;10;0;1;2;5;1
202300022976;155 639 855;7;0;0;3;1;1
202300022976;155 639 856;7;0;0;2;15;1
202300022977;155 639 853;50;0;2;1;0;3
202300022977;155 639 854;7;0;2;2;15;1
202300022978;155 639 852;7;2;0;1;0;1
202300022979;155 639 851;10;0;1;1;15;1
202300022980;155 639 849;7;0;2;3;1;3
202300022980;155 639 850;7;0;2;3;1;0
202300022981;155 639 847;50;12;2;1;1;3
202300022981;155 639 848;7;1;2;2;14;1
202300022982;155 639 842;7;0;2;3;10;1
202300022982;155 639 844;33;0;2;1;3;1
202300022983;155 639 843;7;0;2;3;13;1
202300022983;155 639 845;7;0;2;3;1;1
202300022983;155 639 846;7;0;2;1;1;1
202300022984;155 639 841;10;0;6;3;2;1
202300022985;155 639 839;32;0;0;0;1;1
202300022985;155 639 840;7;0;0;2;1;0
202300022986;155 639 837;7;0;2;1;13;1
202300022986;155 639 838;7;0;2;1;1;1
202300022987;155 639 835;1;0;2;7;18;5
202300022987;155 639 836;7;0;0;7;22;2
202300022988;155 639 832;7;0;2;0;0;0
202300022988;155 639 834;31;0;2;0;0;1
202300022989;155 639 831;7;0;2;3;1;1
202300022989;155 639 833;7;0;2;1;1;1
202300022990;155 639 829;7;0;2;2;0;0
202300022990;155 639 830;30;0;2;0;1;0
202300022991;155 639 828;80;12;0;1;13;3
202300022992;155 639 826;33;8;2;1;1;0
202300022992;155 639 827;33;8;2;4;2;0
202300022993;155 639 825;10;0;1;1;0;1
202300022994;155 639 822;10;0;2;1;1;1
202300022994;155 639 824;7;0;2;1;1;1
202300022995;155 639 821;7;0;2;2;1;1
202300022995;155 639 823;7;0;2;3;1;0
202300022996;155 639 820;33;2;0;7;1;1
202300022997;155 639 819;7;0;1;1;1;1
202300022998;155 639 818;7;15;0;9;14;1
202300022999;155 639 816;31;0;9;7;17;3
202300022999;155 639 817;99;0;2;8;13;0
202300023000;155 639 814;7;0;5;2;2;1
202300023001;155 639 812;2;0;2;6;21;1
202300023001;155 639 813;7;0;2;2;1;1
202300023001;155 639 815;7;0;0;0;9;2
202300023002;155 639 808;32;0;1;1;1;1
202300023003;155 639 809;7;6;2;3;5;1
202300023003;155 639 810;7;6;2;3;2;1
202300023003;155 639 811;7;6;2;3;2;1
202300023004;155 639 807;7;15;0;9;1;0
202300023005;155 639 806;7;0;1;1;26;1
202300023006;155 639 805;1;0;5;8;1;5
202300023007;155 639 802;10;0;2;1;2;1
202300023007;155 639 803;7;0;2;4;23;1
202300023007;155 639 804;7;0;2;4;23;1
202300023008;155 639 801;33;6;0;1;1;1
202300023009;155 639 798;33;0;2;1;1;1
202300023009;155 639 800;10;0;2;1;1;2
202300023010;155 639 797;7;0;2;3;15;1
202300023010;155 639 799;33;0;2;1;17;1
202300023011;155 639 794;2;12;0;2;1;3
202300023012;155 639 793;42;0;2;1;0;0
202300023012;155 639 795;7;0;2;8;0;0
202300023012;155 639 796;7;0;2;2;10;0
202300023013;155 639 792;7;0;1;3;1;1
202300023014;155 639 790;33;0;2;1;3;1
202300023014;155 639 791;7;0;2;5;12;1
202300023015;155 639 787;7;2;0;1;1;1
202300023016;155 639 788;7;0;2;5;0;1
202300023016;155 639 789;7;4;2;3;1;1
202300023017;155 639 784;7;0;2;3;1;1
202300023017;155 639 786;7;1;2;1;5;1
202300023018;155 639 783;7;0;2;2;2;0
202300023018;155 639 785;7;0;0;6;1;0
202300023019;155 639 782;15;13;0;7;14;1
202300023020;155 639 779;7;0;9;1;2;1
202300023020;155 639 781;10;0;0;4;2;1
202300023021;155 639 778;7;0;9;7;1;1
202300023021;155 639 780;80;0;2;1;19;3
202300023022;155 639 775;7;0;2;3;13;1
202300023022;155 639 776;33;0;2;7;1;1
202300023023;155 639 773;7;0;0;4;9;1
202300023023;155 639 774;7;0;2;1;9;1
202300023023;155 639 777;7;14;2;1;9;1
202300023024;155 639 771;7;0;2;6;1;1
202300023024;155 639 772;7;0;2;2;14;1
202300023025;155 639 769;33;0;2;1;1;1
202300023025;155 639 770;7;0;2;4;1;1
202300023026;155 639 768;17;15;0;7;15;1
202300023027;155 639 764;7;0;2;3;1;1
202300023027;155 639 767;1;0;2;5;15;5
202300023028;155 639 761;7;0;2;3;9;0
202300023028;155 639 762;33;0;0;5;1;0
202300023029;155 639 760;33;14;0;1;0;1
202300023030;155 639 757;7;0;0;2;1;1
202300023031;155 639 758;7;6;1;2;2;1
202300023032;155 639 752;7;0;0;9;1;1
202300023033;155 639 751;7;0;2;1;12;1
202300023033;155 639 755;13;0;0;4;1;1
202300023034;155 639 749;10;0;0;1;1;1
202300023035;155 639 748;37;0;9;2;1;1
202300023035;155 639 750;1;0;2;3;26;5
202300023036;155 639 747;7;8;0;1;1;1
202300023037;155 639 743;7;13;2;3;1;1
202300023037;155 639 744;7;0;2;1;1;1
202300023037;155 639 745;7;0;2;2;1;3
202300023037;155 639 746;15;3;2;3;1;1
202300023038;155 639 742;7;6;0;1;1;1
202300023039;155 639 741;7;0;1;1;1;1
202300023040;155 639 738;7;3;2;1;1;1
202300023040;155 639 739;7;0;2;4;23;1
202300023040;155 639 740;7;0;2;4;23;1
202300023041;155 639 734;14;0;2;5;15;1
202300023041;155 639 736;33;0;2;1;2;1
202300023042;155 639 735;15;12;2;6;1;1
202300023042;155 639 737;7;0;2;3;1;1
202300023043;155 639 732;7;0;2;3;1;1
202300023043;155 639 733;7;0;2;1;13;1
202300023044;155 639 729;31;0;2;1;1;1
202300023044;155 639 731;10;0;2;4;1;1
202300023045;155 639 728;7;0;0;1;23;1
202300023045;155 639 730;7;0;0;2;1;1
202300023046;155 639 727;1;0;0;0;1;5
202300023047;155 639 724;10;;1;3;23;1
202300023048;155 639 725;7;0;2;3;15;1
202300023048;155 639 726;43;0;2;3;1;1
202300023049;155 639 723;7;13;0;1;1;1
202300023050;155 639 722;7;2;0;1;21;1
202300023051;155 639 719;7;0;9;1;2;1
202300023051;155 639 721;1;0;0;4;2;5
202300023052;155 639 718;1;0;2;1;1;5
202300023052;155 639 720;7;0;2;2;16;1
202300023053;155 639 716;7;0;2;2;1;1
202300023053;155 639 717;3;0;0;6;2;1
202300023054;155 639 715;7;0;1;3;1;1
202300023055;155 639 714;33;0;0;0;1;1
202300023056;155 639 713;33;0;6;1;0;1
202300023057;155 639 709;7;0;2;4;1;1
202300023057;155 639 711;7;0;0;0;1;1
202300023057;155 639 712;10;0;2;1;1;1
202300023058;155 639 708;33;0;2;2;1;1
202300023058;155 639 710;7;0;2;2;15;1
202300023059;155 639 706;1;0;0;0;1;5
202300023060;155 639 705;1;0;2;1;2;5
202300023061;155 639 704;7;1;0;3;1;1
202300023062;155 639 702;10;0;2;3;1;1
202300023062;155 639 703;7;10;2;3;1;1
202300023063;155 639 698;1;0;2;1;5;5
202300023063;155 639 700;7;0;2;3;1;1
202300023064;155 639 699;7;0;2;6;1;1
202300023064;155 639 701;33;0;2;1;1;1
202300023065;155 639 697;33;0;1;2;1;1
202300023066;155 639 695;7;0;2;2;1;1
202300023066;155 639 696;7;4;2;6;1;1
202300023067;155 639 694;7;13;0;1;1;1
202300023068;155 639 692;;;;;;
202300023068;155 639 693;33;0;0;7;16;1
202300023069;155 639 689;7;15;0;1;0;0
202300023070;155 639 685;7;0;2;3;1;0
202300023070;155 639 686;7;0;2;3;1;0
202300023071;155 639 687;13;0;2;1;1;1
202300023071;155 639 688;7;0;2;1;1;1
202300023071;155 639 690;13;0;2;1;1;1
202300023071;155 639 691;15;0;2;1;1;1
202300023072;155 639 681;7;0;2;8;13;1
202300023072;155 639 683;33;0;2;8;1;1
202300023073;155 639 682;7;0;2;4;2;1
202300023073;155 639 684;43;0;2;1;3;1
202300023074;155 639 678;7;0;2;1;13;1
202300023074;155 639 679;2;0;2;1;0;1
202300023074;155 639 680;2;0;2;1;0;1
202300023075;155 639 677;7;4;0;1;2;1
202300023076;155 639 676;3;8;0;2;1;1
202300023077;155 639 675;7;13;0;3;13;1
202300023078;155 639 673;7;4;2;2;12;1
202300023078;155 639 674;33;4;2;8;1;1
202300023079;155 639 671;7;0;0;3;0;1
202300023079;155 639 672;16;0;2;3;1;1
202300023080;155 639 668;7;0;2;1;1;1
202300023080;155 639 669;1;0;0;8;19;5
202300023081;155 639 666;10;0;2;5;1;1
202300023081;155 639 667;7;0;2;0;11;1
202300023081;155 639 670;33;0;2;8;3;1
202300023082;155 639 665;50;0;0;0;1;3
202300023083;155 639 664;7;0;0;0;14;1
202300023084;155 639 662;7;0;2;8;11;2
202300023084;155 639 663;7;3;2;2;17;1
202300023085;155 639 661;7;2;0;0;2;1
202300023086;155 639 659;7;0;0;8;0;1
202300023086;155 639 660;43;0;2;2;2;1
202300023087;155 639 656;33;0;2;1;1;1
202300023087;155 639 657;14;0;0;5;1;1
202300023088;155 639 658;33;0;0;1;2;0
202300023089;155 639 654;7;0;2;3;13;1
202300023089;155 639 655;15;0;2;3;1;1
202300023090;155 639 652;7;0;2;4;2;1
202300023090;155 639 653;7;0;2;1;2;2
202300023091;155 639 647;10;0;2;4;2;1
202300023091;155 639 648;7;0;2;5;15;1
202300023091;155 639 649;14;0;2;1;1;1
202300023091;155 639 650;10;0;2;3;2;1
202300023091;155 639 651;7;3;2;5;2;1
202300023092;155 639 644;7;4;0;1;1;1
202300023093;155 639 643;10;0;2;1;0;1
202300023093;155 639 645;14;0;2;4;0;1
202300023093;155 639 646;17;0;2;1;0;1
202300023094;155 639 641;7;1;0;1;1;1
202300023094;155 639 642;7;0;0;5;23;1
202300023095;155 639 640;7;13;0;2;1;1
202300023096;155 639 637;7;0;2;1;5;1
202300023096;155 639 638;33;0;2;1;1;1
202300023097;155 639 636;7;0;2;0;0;0
202300023097;155 639 639;30;0;2;3;0;1
202300023098;155 639 635;99;8;0;1;0;3
202300023099;155 639 634;7;0;1;1;17;2
202300023100;155 639 632;7;0;2;1;1;1
202300023100;155 639 633;30;0;2;7;1;1
202300023101;155 639 631;34;0;2;0;17;1
202300023102;155 639 629;33;0;2;1;0;1
202300023102;155 639 630;7;0;2;4;26;1
202300023103;155 639 627;7;0;2;3;15;1
202300023103;155 639 628;34;0;2;7;0;1
202300023104;155 639 626;7;0;1;4;26;1
202300023105;155 639 624;7;0;2;1;1;1
202300023105;155 639 625;7;0;2;1;1;1
202300023106;155 639 623;37;0;1;5;26;0
202300023107;155 639 622;7;0;1;1;15;1
202300023108;155 639 620;7;0;2;2;14;1
202300023108;155 639 621;37;0;2;3;1;1
202300023109;155 639 618;7;0;2;1;5;1
202300023109;155 639 619;7;0;2;1;1;1
202300023110;155 639 617;10;0;1;1;1;0
202300023111;155 639 616;7;0;1;3;26;1
202300023112;155 639 615;35;1;0;1;21;
202300023113;155 639 613;7;0;2;7;17;1
202300023113;155 639 614;7;0;2;3;2;1
202300023114;155 639 612;10;0;1;2;1;1
202300023115;155 639 611;33;1;1;0;1;0
202300023116;155 639 609;7;0;2;5;1;1
202300023116;155 639 610;10;0;0;1;1;1
202300023117;155 639 607;7;0;2;1;19;3
202300023117;155 639 608;7;0;2;3;1;1
202300023118;155 639 606;7;0;1;2;1;1
202300023119;155 639 605;7;0;1;1;1;0
202300023120;155 639 597;7;4;0;7;1;3
202300023120;155 639 598;7;4;2;1;1;1
202300023121;155 639 595;99;0;2;4;1;3
202300023121;155 639 596;7;0;2;0;0;0
202300023122;155 639 594;37;0;1;1;1;0
202300023123;155 639 593;7;0;1;1;1;3
202300023124;155 639 591;2;0;2;1;1;1
202300023124;155 639 592;7;0;2;8;15;1
202300023125;155 639 590;7;4;0;2;14;1
202300023126;155 639 588;7;0;0;0;0;1
202300023126;155 639 589;7;0;2;2;15;1
202300023127;155 639 587;50;0;0;0;1;3
202300023128;155 639 585;7;0;2;8;1;1
202300023128;155 639 586;14;0;2;2;11;1
202300023129;155 639 583;7;0;2;3;1;1
202300023129;155 639 584;7;0;2;3;15;1
202300023130;155 639 582;33;13;0;0;1;1
202300023131;155 639 581;7;15;0;1;13;1
202300023132;155 639 580;7;0;0;0;1;1
202300023133;155 639 578;31;0;0;8;0;1
202300023134;155 639 577;7;0;2;1;1;1
202300023134;155 639 579;7;;;;;
202300023135;155 639 576;7;0;0;9;26;1
202300023136;155 639 573;33;0;1;1;1;1
202300023137;155 639 574;7;0;2;2;15;1
202300023137;155 639 575;2;0;2;1;1;1
202300023138;155 639 570;10;0;2;3;15;0
202300023138;155 639 572;33;0;2;0;17;1
202300023139;155 639 568;33;6;0;1;1;1
202300023140;155 639 569;7;1;2;1;17;1
202300023140;155 639 571;7;1;2;3;15;1
202300023141;155 639 566;7;0;1;1;1;1
202300023142;155 639 563;7;0;0;4;23;1
202300023142;155 639 565;50;0;2;1;1;3
202300023143;155 639 564;7;1;0;4;2;1
202300023143;155 639 567;7;8;2;1;2;1
202300023144;155 639 559;3;0;2;3;15;1
202300023144;155 639 562;33;0;2;1;17;1
202300023145;155 639 560;7;0;2;2;2;1
202300023145;155 639 561;7;0;2;6;2;1
202300023146;155 639 556;30;0;2;1;1;0
202300023146;155 639 558;7;0;2;7;15;0
202300023147;155 639 555;7;0;2;1;26;1
202300023147;155 639 557;7;0;2;5;0;1
202300023148;155 639 554;7;13;0;9;14;1
202300023149;155 639 552;32;0;2;3;15;1
202300023149;155 639 553;7;0;2;3;16;1
202300023150;155 639 548;7;0;2;6;2;1
202300023150;155 639 550;31;0;2;1;3;1
202300023151;155 639 549;33;0;2;3;16;1
202300023151;155 639 551;7;0;2;2;1;1
202300023152;155 639 544;10;0;2;1;1;1
202300023152;155 639 546;7;0;2;4;1;1
202300023153;155 639 545;7;0;2;1;2;1
202300023153;155 639 547;7;0;2;4;2;1
202300023154;155 639 541;2;0;2;7;1;1
202300023154;155 639 543;7;0;2;1;15;1
202300023155;155 639 540;7;0;2;3;2;1
202300023155;155 639 542;33;0;2;2;3;1
202300023156;155 639 536;7;0;2;4;1;1
202300023156;155 639 538;31;0;2;1;1;1
202300023157;155 639 535;7;0;2;1;1;1
202300023157;155 639 537;7;0;2;4;2;1
202300023157;155 639 539;7;0;0;0;0;1
202300023158;155 639 533;7;0;2;3;1;2
202300023158;155 639 534;50;0;2;1;13;3
202300023159;155 639 531;34;0;2;3;3;1
202300023159;155 639 532;7;0;2;5;15;1
202300023160;155 639 528;1;0;0;0;1;5
202300023160;155 639 530;7;8;0;0;15;1
202300023161;155 639 526;7;4;2;9;11;1
202300023161;155 639 527;7;0;2;1;1;1
202300023161;155 639 529;14;0;2;2;1;0
202300023162;155 639 525;1;0;1;1;1;5
202300023163;155 639 519;7;3;2;2;3;1
202300023163;155 639 521;7;0;2;8;1;1
202300023163;155 639 523;7;3;2;7;1;1
202300023163;155 639 524;7;5;0;1;1;1
202300023164;155 639 520;7;0;2;2;16;2
202300023164;155 639 522;50;0;2;1;1;3
202300023165;155 639 518;10;3;0;1;1;1
202300023166;155 639 517;34;0;1;1;15;1
202300023167;155 639 515;33;0;2;1;3;1
202300023167;155 639 516;33;0;2;4;1;1
202300023168;155 639 514;80;0;0;1;1;3
202300023169;155 639 513;33;0;0;1;1;1
202300023170;155 639 511;50;0;2;2;5;3
202300023170;155 639 512;7;0;9;1;1;1
202300023171;155 639 509;30;0;2;1;13;1
202300023171;155 639 510;33;1;2;1;1;1
202300023172;155 639 507;7;0;9;2;2;1
202300023172;155 639 508;1;0;2;4;15;5
202300023173;155 639 504;10;1;0;4;4;1
202300023173;155 639 506;43;1;0;7;24;1
202300023174;155 639 503;7;13;2;3;13;1
202300023174;155 639 505;7;0;2;3;1;1
202300023175;155 639 501;30;0;2;1;2;1
202300023175;155 639 502;30;0;2;6;15;1
202300023176;155 639 499;7;0;2;3;15;1
202300023176;155 639 500;34;0;2;1;21;1
202300023177;155 639 496;7;0;2;1;10;1
202300023177;155 639 497;33;0;2;8;2;1
202300023178;155 639 494;33;0;2;1;2;1
202300023178;155 639 495;2;14;2;1;19;1
202300023178;155 639 498;7;0;0;6;23;1
202300023179;155 639 490;30;0;2;3;9;1
202300023179;155 639 492;7;0;2;2;23;1
202300023180;155 639 491;13;0;2;2;12;1
202300023180;155 639 493;7;0;2;3;16;1
202300023181;155 639 489;7;4;0;2;14;1
202300023182;155 639 486;7;0;2;6;10;1
202300023182;155 639 487;33;0;2;1;1;1
202300023183;155 639 485;7;0;2;3;2;2
202300023183;155 639 488;2;0;2;3;7;3
202300023184;155 639 484;7;1;0;2;14;1
202300023185;155 639 481;30;0;2;1;1;1
202300023185;155 639 483;7;0;2;1;15;1
202300023186;155 639 480;7;0;2;0;0;0