Num_Acc;id_vehicule;categorie_vehicule;obstacle_fixe;obstacle_mobile;point_choc_initial;manoeuvre_principale;motorisation
202300023186;155 639 482;7;0;2;0;0;1
202300023187;155 639 476;7;1;2;2;1;1
202300023187;155 639 478;10;1;2;3;0;1
202300023188;155 639 477;50;0;2;1;5;3
202300023188;155 639 479;7;0;2;7;2;1
202300023189;155 639 474;7;13;0;1;14;0
202300023190;155 639 472;7;0;2;1;1;1
202300023190;155 639 475;7;6;2;6;1;1
202300023191;155 639 471;7;0;1;4;16;1
202300023191;155 639 473;7;0;2;1;16;1
202300023192;155 639 470;7;15;0;1;1;1
202300023193;155 639 469;7;1;1;4;20;1
202300023194;155 639 467;30;0;2;1;2;1
202300023194;155 639 468;7;0;2;4;26;1
202300023195;155 639 465;31;14;0;1;17;1
202300023195;155 639 466;7;16;0;6;15;1
202300023196;155 639 462;7;0;2;0;1;0
202300023196;155 639 464;7;0;2;1;0;1
202300023197;155 639 461;7;0;2;6;0;1
202300023197;155 639 463;7;0;2;4;4;1
202300023198;155 639 458;7;0;2;5;12;0
202300023198;155 639 460;33;0;2;6;1;0
202300023199;155 639 457;3;0;2;1;1;1
202300023199;155 639 459;10;0;2;2;1;1
202300023200;155 639 454;7;0;2;3;5;1
202300023200;155 639 456;7;0;2;3;1;1
202300023201;155 639 451;50;0;2;1;9;3
202300023201;155 639 452;7;0;2;2;0;1
202300023202;155 639 449;7;0;2;3;15;1
202300023202;155 639 450;7;1;2;1;1;1
202300023203;155 639 447;1;0;1;1;21;5
202300023204;155 639 446;10;0;2;1;1;1
202300023204;155 639 448;7;0;2;5;15;1
202300023205;155 639 444;7;0;1;1;1;1
202300023206;155 639 443;7;0;2;1;15;0
202300023206;155 639 445;31;0;2;7;1;0
202300023207;155 639 439;10;0;2;6;1;1
202300023207;155 639 440;7;14;2;1;9;1
202300023208;155 639 438;7;0;2;3;17;2
202300023208;155 639 441;7;0;2;8;1;1
202300023208;155 639 442;33;0;2;1;1;1
202300023209;155 639 434;10;0;2;3;9;0
202300023209;155 639 437;50;0;2;7;1;3
202300023210;155 639 431;50;0;2;2;19;3
202300023210;155 639 433;10;0;2;1;1;0
202300023211;155 639 430;30;0;2;7;9;1
202300023211;155 639 432;7;0;2;3;1;1
202300023212;155 639 427;30;0;2;2;0;1
202300023212;155 639 429;7;0;2;3;1;1
202300023213;155 639 426;7;0;2;3;15;2
202300023213;155 639 428;31;0;2;1;1;1
202300023214;155 639 425;31;0;1;1;1;1
202300023215;155 639 424;30;16;0;7;1;1
202300023216;155 639 420;30;0;2;1;1;1
202300023216;155 639 422;7;0;2;6;9;3
202300023217;155 639 419;34;0;2;1;11;0
202300023217;155 639 421;7;0;2;7;15;0
202300023217;155 639 423;7;0;2;3;1;0
202300023218;155 639 417;31;0;2;1;25;0
202300023218;155 639 418;50;0;2;1;25;3
202300023219;155 639 416;7;0;1;1;16;0
202300023220;155 639 414;1;0;2;1;15;5
202300023220;155 639 415;7;0;9;6;26;1
202300023221;155 639 412;50;0;2;1;25;3
202300023221;155 639 413;1;0;2;1;1;5
202300023222;155 639 411;7;2;0;1;1;1
202300023223;155 639 409;50;14;0;1;1;3
202300023224;155 639 407;50;0;2;1;1;3
202300023224;155 639 410;7;0;2;3;1;0
202300023225;155 639 406;7;0;2;2;1;3
202300023225;155 639 408;1;0;2;3;15;5
202300023226;155 639 404;7;0;1;1;1;2
202300023227;155 639 403;7;0;2;1;0;1
202300023227;155 639 405;33;0;2;4;2;1
202300023228;155 639 401;30;0;2;7;17;1
202300023228;155 639 402;7;0;2;3;15;1
202300023229;155 639 400;7;0;2;1;1;1
202300023230;155 639 398;7;0;2;1;1;1
202300023230;155 639 399;7;0;2;5;1;1
202300023231;155 639 397;7;0;1;2;1;1
202300023232;155 639 396;32;0;0;8;1;1
202300023233;155 639 392;7;0;2;6;15;1
202300023233;155 639 394;1;0;2;1;1;5
202300023234;155 639 393;1;0;2;8;1;5
202300023234;155 639 395;7;0;2;8;17;1
202300023235;155 639 390;7;0;0;4;11;2
202300023235;155 639 391;7;14;0;1;1;1
202300023236;155 639 388;3;0;2;3;10;1
202300023236;155 639 389;34;0;2;1;5;1
202300023237;155 639 385;80;1;0;7;25;3
202300023237;155 639 387;7;0;9;7;24;1
202300023238;155 639 384;7;0;2;1;1;1
202300023238;155 639 386;7;0;2;0;0;1
202300023239;155 639 383;33;0;0;2;21;1
202300023240;155 639 381;7;0;2;1;1;1
202300023240;155 639 382;7;0;2;1;1;1
202300023241;155 639 378;7;0;2;7;1;2
202300023241;155 639 380;7;0;2;1;1;1
202300023242;155 639 377;33;0;2;9;1;1
202300023242;155 639 379;7;0;2;1;9;1
202300023243;155 639 375;7;0;0;2;0;1
202300023244;155 639 374;33;0;2;1;1;1
202300023244;155 639 376;10;0;2;1;15;1
202300023245;155 639 373;7;6;0;1;26;1
202300023246;155 639 372;7;1;1;2;1;1
202300023247;155 639 371;7;13;0;1;1;1
202300023248;155 639 369;32;0;2;7;1;1
202300023248;155 639 370;7;0;2;0;0;0
202300023249;155 639 367;34;0;2;2;1;1
202300023249;155 639 368;7;0;2;1;16;1
202300023250;155 639 366;7;13;0;2;1;1
202300023251;155 639 364;1;0;2;1;5;5
202300023251;155 639 365;7;0;2;2;1;2
202300023252;155 639 363;33;0;0;0;16;1
202300023253;155 639 361;1;0;2;4;1;5
202300023253;155 639 362;7;0;2;1;0;0
202300023254;155 639 358;0;0;2;0;0;0
202300023254;155 639 360;7;0;2;3;1;1
202300023255;155 639 357;7;0;2;2;1;1
202300023255;155 639 359;1;9;0;4;15;5
202300023256;155 639 353;33;0;2;3;1;1
202300023256;155 639 355;7;0;2;3;13;1
202300023257;155 639 351;31;0;2;4;3;1
202300023257;155 639 352;7;0;2;4;1;1
202300023257;155 639 354;31;0;2;2;3;1
202300023257;155 639 356;7;0;2;6;1;1
202300023258;155 639 348;7;0;2;2;2;1
202300023258;155 639 349;33;0;2;1;11;1
202300023259;155 639 346;13;0;2;2;1;1
202300023259;155 639 347;7;0;2;6;9;1
202300023260;155 639 345;7;0;2;8;1;1
202300023260;155 639 350;7;8;2;1;1;1
202300023261;155 639 344;7;1;0;7;14;1
202300023262;155 639 341;30;0;2;1;1;1
202300023262;155 639 342;32;0;2;4;1;1
202300023263;155 639 340;10;0;2;3;15;1
202300023263;155 639 343;33;0;2;1;1;1
202300023264;155 639 338;7;0;2;1;15;1
202300023264;155 639 339;32;0;2;8;1;3
202300023265;155 639 335;7;0;2;8;15;1
202300023265;155 639 337;31;0;2;1;1;1
202300023266;155 639 334;7;0;2;2;15;1
202300023266;155 639 336;33;0;2;3;1;1
202300023267;155 639 332;7;0;2;7;15;1
202300023267;155 639 333;31;0;2;0;1;1
202300023268;155 639 331;7;6;0;1;0;1
202300023269;155 639 328;7;0;2;1;2;3
202300023269;155 639 330;7;0;2;4;2;1
202300023270;155 639 327;7;0;2;8;13;1
202300023270;155 639 329;33;0;2;7;17;1
202300023271;155 639 326;50;12;0;3;13;3
202300023272;155 639 324;2;0;2;2;1;3
202300023272;155 639 325;14;0;2;6;1;6
202300023273;155 639 320;7;0;2;3;11;1
202300023273;155 639 321;1;0;2;7;1;5
202300023274;155 639 319;7;0;2;1;2;1
202300023274;155 639 322;7;0;2;4;23;1
202300023274;155 639 323;7;0;0;4;23;1
202300023275;155 639 317;10;0;2;1;2;1
202300023275;155 639 318;1;0;2;4;13;5
202300023276;155 639 315;7;1;0;2;26;1
202300023277;155 639 316;7;2;0;1;1;1
202300023278;155 639 312;7;0;2;7;23;0
202300023278;155 639 314;50;1;2;1;18;3
202300023279;155 639 311;33;0;2;1;2;1
202300023279;155 639 313;7;0;0;8;15;1
202300023280;155 639 309;7;0;2;2;10;1
202300023280;155 639 310;2;0;2;8;0;1
202300023281;155 639 308;7;8;0;7;0;1
202300023282;155 639 307;10;2;0;1;1;1
202300023283;155 639 306;7;0;1;1;1;1
202300023284;155 639 303;7;0;0;4;1;1
202300023284;155 639 305;7;0;2;1;1;1
202300023285;155 639 304;33;0;6;2;1;1
202300023286;155 639 302;7;0;1;3;1;0
202300023287;155 639 299;7;0;2;4;2;1
202300023287;155 639 300;7;0;2;1;2;1
202300023288;155 639 301;2;7;0;0;1;1
202300023289;155 639 297;7;0;2;1;2;1
202300023289;155 639 298;7;0;0;4;2;1
202300023290;155 639 296;7;16;0;9;0;6
202300023291;155 639 293;32;0;2;1;1;1
202300023291;155 639 295;7;0;2;2;15;1
202300023292;155 639 294;7;3;0;2;14;1
202300023293;155 639 291;7;0;0;1;1;1
202300023293;155 639 292;7;0;2;1;13;2
202300023294;155 639 288;7;16;2;8;1;6
202300023294;155 639 289;33;0;2;1;1;6
202300023295;155 639 290;7;0;1;1;15;1
202300023296;155 639 285;15;0;2;2;21;1
202300023296;155 639 287;7;0;2;3;15;1
202300023297;155 639 284;7;0;2;5;26;1
202300023297;155 639 286;2;0;2;2;1;1
202300023298;155 639 282;34;0;2;9;0;1
202300023298;155 639 283;33;0;2;0;0;1
202300023299;155 639 281;2;12;0;1;1;1
202300023300;155 639 280;7;6;0;1;1;1
202300023301;155 639 276;7;3;2;1;2;1
202300023301;155 639 278;7;3;0;4;1;1
202300023301;155 639 279;7;0;9;0;2;1
202300023302;155 639 275;1;0;2;7;17;5
202300023302;155 639 277;1;0;2;8;1;5
202300023303;155 639 271;7;8;0;0;0;1
202300023304;155 639 270;31;0;2;7;17;0
202300023304;155 639 272;7;0;0;8;15;0
202300023305;155 639 269;7;13;0;2;1;0
202300023306;155 639 265;33;0;2;1;1;1
202300023306;155 639 267;1;0;2;0;10;5
202300023307;155 639 266;2;0;2;1;1;1
202300023307;155 639 268;7;0;2;7;19;1
202300023308;155 639 264;7;2;0;2;14;1
202300023309;155 639 261;33;0;0;0;0;1
202300023310;155 639 262;7;0;2;5;2;1
202300023310;155 639 263;31;0;2;8;2;1
202300023311;155 639 260;43;15;0;1;0;1
202300023312;155 639 259;7;0;0;0;1;1
202300023313;155 639 258;7;13;0;1;0;1
202300023314;155 639 257;7;0;1;2;1;1
202300023315;155 639 256;33;13;0;1;1;1
202300023316;155 639 254;2;0;2;7;1;1
202300023316;155 639 255;7;0;2;6;15;1
202300023317;155 639 252;7;2;0;7;1;1
202300023318;155 639 251;7;0;2;3;1;1
202300023318;155 639 253;7;0;2;3;15;1
202300023319;155 639 250;7;13;0;1;1;1
202300023320;155 639 248;36;13;0;2;2;1
202300023321;155 639 249;7;13;0;0;0;1
202300023322;155 639 247;7;13;0;1;1;1
202300023323;155 639 244;7;0;0;9;1;1
202300023324;155 639 245;7;0;2;8;1;1
202300023324;155 639 246;2;0;2;1;1;1
202300023325;155 639 242;7;0;2;2;17;1
202300023325;155 639 243;7;0;2;6;1;3
202300023326;155 639 239;7;0;2;3;13;1
202300023326;155 639 240;7;0;2;3;1;1
202300023327;155 639 238;33;0;6;1;1;1
202300023328;155 639 235;33;0;2;4;23;1
202300023328;155 639 236;33;0;2;1;1;1
202300023329;155 639 234;7;0;2;4;23;1
202300023329;155 639 237;7;0;2;1;2;1
202300023329;155 639 241;10;0;2;6;23;1
202300023330;155 639 233;7;2;0;1;0;1
202300023331;155 639 231;7;7;0;2;2;0
202300023332;155 639 232;7;16;0;0;23;1
202300023333;155 639 230;10;13;0;2;1;1
202300023334;155 639 226;7;0;2;1;13;1
202300023334;155 639 227;7;0;2;1;1;1
202300023334;155 639 229;7;0;2;1;1;1
202300023335;155 639 228;31;12;0;1;13;1
202300023336;155 639 225;2;12;0;7;1;1
202300023337;155 639 223;2;0;2;2;15;1
202300023337;155 639 224;2;0;2;3;1;1
202300023338;155 639 222;7;13;0;1;1;0
202300023339;155 639 220;7;0;2;1;13;1
202300023339;155 639 221;38;0;0;1;1;1
202300023340;155 639 219;7;2;6;1;0;1
202300023341;155 639 213;7;0;2;1;21;1
202300023341;155 639 216;7;14;0;3;1;1
202300023341;155 639 217;7;0;2;1;21;1
202300023341;155 639 218;7;3;0;3;0;2
202300023342;155 639 214;10;0;2;4;4;1
202300023342;155 639 215;30;0;2;1;23;1
202300023343;155 639 211;31;0;2;8;26;1
202300023343;155 639 212;7;0;2;3;1;1
202300023344;155 639 209;7;0;0;0;0;1
202300023345;155 639 210;10;17;0;3;1;1
202300023346;155 639 208;7;8;0;7;1;1
202300023347;155 639 207;7;17;0;9;1;1
202300023348;155 639 206;32;0;1;4;1;1
202300023349;155 639 205;33;13;0;1;1;1
202300023350;155 639 202;10;0;2;1;2;1
202300023350;155 639 204;10;0;0;4;2;1
202300023351;155 639 200;7;0;0;6;23;0
202300023351;155 639 201;7;1;0;9;1;0
202300023351;155 639 203;7;3;0;1;1;0
202300023352;155 639 197;7;0;9;1;1;0
202300023352;155 639 198;1;0;2;1;5;5
202300023353;155 639 196;1;0;0;0;25;5
202300023353;155 639 199;7;0;0;1;0;0
202300023354;155 639 195;1;0;0;1;1;5
202300023355;155 639 192;33;0;2;8;13;1
202300023355;155 639 194;33;0;2;8;1;1
202300023356;155 639 188;7;0;2;3;13;1
202300023356;155 639 190;33;0;2;1;1;1
202300023357;155 639 184;7;0;2;1;1;1
202300023357;155 639 185;7;0;0;3;1;1
202300023358;155 639 181;7;13;0;8;16;0
202300023359;155 639 182;7;0;9;1;2;1
202300023359;155 639 183;7;14;0;0;2;1
202300023359;155 639 186;7;14;0;0;2;1
202300023359;155 639 187;7;14;0;0;2;1
202300023359;155 639 189;7;0;2;1;2;1
202300023359;155 639 191;7;0;2;4;2;1
202300023359;155 639 193;7;14;0;0;2;1
202300023360;155 639 180;7;6;0;8;1;1
202300023361;155 639 179;10;16;0;3;13;1
202300023362;155 639 175;7;0;2;1;0;2
202300023362;155 639 177;7;0;0;1;0;1
202300023363;155 639 174;7;0;0;2;15;1
202300023363;155 639 176;7;0;2;3;1;1
202300023364;155 639 172;7;0;2;1;1;1
202300023364;155 639 173;7;0;2;8;10;1
202300023365;155 639 171;7;1;2;1;20;1
202300023366;155 639 169;7;0;0;5;9;1
202300023366;155 639 170;80;0;0;2;26;3
202300023367;155 639 166;7;0;0;4;2;1
202300023367;155 639 168;33;0;2;1;2;1
202300023368;155 639 165;10;0;2;1;13;1
202300023368;155 639 167;7;0;2;1;1;1
202300023369;155 639 162;2;0;2;2;1;1
202300023369;155 639 164;7;0;2;2;1;1
202300023370;155 639 160;7;3;0;1;1;1
202300023371;155 639 161;7;0;2;2;19;1
202300023371;155 639 163;33;0;2;1;1;1
202300023372;155 639 159;32;0;0;1;1;1
202300023373;155 639 158;7;5;0;1;0;1
202300023374;155 639 157;31;0;2;6;1;1
202300023375;155 639 155;7;4;0;1;1;1
202300023376;155 639 151;7;0;2;1;1;1
202300023376;155 639 153;7;0;2;3;1;1
202300023376;155 639 154;7;0;2;4;1;1
202300023377;155 639 150;10;0;2;3;5;1
202300023377;155 639 152;7;0;2;3;1;1
202300023378;155 639 149;7;3;0;2;1;1
202300023379;155 639 148;7;0;1;3;0;1
202300023380;155 639 145;7;0;2;4;2;1
202300023380;155 639 146;10;0;2;1;2;1
202300023380;155 639 147;7;0;2;4;2;1
202300023381;155 639 142;10;4;0;3;0;1
202300023382;155 639 143;7;0;2;3;11;1
202300023382;155 639 144;33;0;2;1;1;1
202300023383;155 639 141;7;3;0;1;0;1
202300023384;155 639 140;7;6;0;1;15;1
202300023385;155 639 136;7;0;2;8;1;1
202300023385;155 639 138;10;0;2;7;1;1
202300023385;155 639 139;7;0;2;4;1;1
202300023386;155 639 135;7;0;2;2;16;1
202300023386;155 639 137;2;0;2;1;18;1
202300023387;155 639 133;10;0;2;1;2;1
202300023387;155 639 134;10;0;2;4;2;1
202300023388;155 639 129;7;0;2;3;17;1
202300023388;155 639 132;33;0;2;7;17;1
202300023389;155 639 128;33;4;2;1;3;1
202300023389;155 639 130;33;4;0;4;11;1
202300023389;155 639 131;7;4;0;4;1;1
202300023390;155 639 127;99;14;1;3;19;6
202300023391;155 639 123;0;0;0;0;0;0
202300023391;155 639 125;31;0;2;1;0;0
202300023392;155 639 124;7;0;2;2;17;1
202300023392;155 639 126;10;0;2;8;15;1
202300023393;155 639 122;30;0;1;1;1;1
202300023394;155 639 121;7;13;0;1;1;1
202300023395;155 639 120;7;0;1;4;4;1
202300023396;155 639 117;7;1;0;3;13;1
202300023397;155 639 118;33;0;2;1;17;1
202300023397;155 639 119;10;0;2;2;19;1
202300023398;155 639 116;7;0;1;1;0;0
202300023399;155 639 115;2;0;0;0;2;6
202300023400;155 639 114;2;0;0;7;1;1
202300023401;155 639 110;30;0;2;1;1;1
202300023401;155 639 112;7;0;2;1;1;0
202300023402;155 639 111;7;0;2;1;5;1
202300023402;155 639 113;7;0;2;1;1;1
202300023403;155 639 109;7;0;1;2;1;1
202300023404;155 639 107;7;0;2;8;2;1
202300023404;155 639 108;34;0;2;7;2;1
202300023405;155 639 106;7;1;0;2;0;1
202300023406;155 639 100;7;0;2;1;2;
202300023406;155 639 102;7;0;0;4;2;0
202300023407;155 639 095;10;0;2;3;5;1
202300023407;155 639 097;7;0;2;3;1;1
202300023408;155 639 094;7;0;2;1;2;1
202300023408;155 639 096;7;0;2;4;2;1
202300023408;155 639 098;7;0;2;4;2;1
202300023409;155 639 092;7;0;2;8;9;1
202300023409;155 639 093;1;0;2;1;15;5
202300023410;155 639 090;7;8;0;1;13;1
202300023411;155 639 089;10;14;2;3;0;1
202300023411;155 639 091;7;0;2;4;23;1
202300023412;155 639 086;33;0;2;1;1;1
202300023412;155 639 088;7;0;2;2;19;1
202300023413;155 639 084;7;0;1;1;20;1
202300023414;155 639 083;7;0;2;5;2;1
202300023414;155 639 085;7;0;2;1;2;1
202300023414;155 639 087;7;0;2;4;2;2
202300023415;155 639 081;10;0;2;4;26;1
202300023415;155 639 082;33;0;2;1;23;1
202300023416;155 639 079;7;0;2;1;2;0
202300023416;155 639 080;7;0;2;4;1;0
202300023417;155 639 076;33;0;0;7;0;1
202300023418;155 639 073;7;0;2;0;0;1
202300023418;155 639 074;7;0;2;0;0;1
202300023418;155 639 075;7;0;2;1;2;1
202300023419;155 639 071;10;3;2;3;1;1
202300023419;155 639 072;13;0;2;5;9;1
202300023420;155 639 069;33;0;2;8;18;1
202300023420;155 639 070;7;0;2;7;16;1
202300023421;155 639 065;7;0;2;5;0;1
202300023421;155 639 067;7;14;2;1;1;1
202300023422;155 639 066;10;0;2;1;1;1
202300023422;155 639 068;7;0;2;4;1;1
202300023423;155 639 064;7;0;1;2;1;1
202300023424;155 639 062;7;1;0;1;2;2
202300023424;155 639 063;7;0;2;4;23;1
202300023425;155 639 060;1;0;2;1;19;5
202300023425;155 639 061;7;0;2;8;19;1
202300023426;155 639 055;1;0;2;1;1;5
202300023426;155 639 057;30;0;2;7;16;1
202300023427;155 639 054;7;0;2;1;1;1
202300023427;155 639 056;7;0;2;4;23;1
202300023427;155 639 058;7;0;2;4;23;1
202300023427;155 639 059;7;0;2;4;23;1
202300023428;155 639 052;14;0;2;0;1;1
202300023428;155 639 053;80;0;2;1;19;3
202300023429;155 639 049;7;0;2;1;1;0
202300023429;155 639 050;2;0;2;1;1;0
202300023430;155 639 048;7;0;2;4;1;1
202300023430;155 639 051;7;0;2;0;0;0
202300023431;155 639 047;7;6;0;3;1;1
202300023432;155 639 045;7;0;2;2;1;1
202300023432;155 639 046;33;0;2;6;11;1
202300023433;155 639 043;7;0;2;3;13;1
202300023433;155 639 044;50;0;2;1;15;3
202300023434;155 639 039;7;0;2;3;26;1
202300023434;155 639 041;7;0;2;7;15;1
202300023435;155 639 038;10;0;2;2;1;1
202300023435;155 639 040;7;0;2;1;1;1
202300023435;155 639 042;7;4;2;0;1;1
202300023436;155 639 036;7;0;2;1;2;1
202300023436;155 639 037;7;0;2;4;1;1
202300023437;155 639 035;33;0;0;0;1;1
202300023438;155 639 031;7;0;2;8;9;1
202300023438;155 639 033;50;0;2;1;0;3
202300023439;155 639 030;7;0;2;2;26;1
202300023439;155 639 032;7;0;2;7;5;1
202300023440;155 639 028;33;0;2;2;17;1
202300023440;155 639 029;7;0;2;3;1;1
202300023441;155 639 025;7;0;2;1;1;1
202300023441;155 639 026;7;0;2;2;15;1
202300023442;155 639 027;7;13;0;9;1;1
202300023443;155 639 023;7;0;1;2;1;1
202300023444;155 639 022;50;0;2;8;1;3
202300023444;155 639 024;7;0;2;1;1;1
202300023445;155 639 021;7;0;0;1;10;1
202300023446;155 639 019;7;0;2;1;15;1
202300023446;155 639 020;1;0;2;1;5;5
202300023447;155 639 017;7;0;2;1;1;1
202300023447;155 639 018;50;0;2;1;5;3
202300023448;155 639 015;7;0;2;5;16;1
202300023448;155 639 016;2;0;2;1;1;1
202300023449;155 639 013;33;9;2;7;17;1
202300023449;155 639 014;7;0;2;8;15;1
202300023450;155 639 011;1;0;2;4;1;5
202300023450;155 639 012;7;0;9;1;1;1
202300023451;155 639 010;7;0;1;3;1;1
202300023452;155 639 008;31;0;2;1;2;1
202300023452;155 639 009;7;0;2;6;2;1
202300023453;155 639 006;7;0;2;7;10;1
202300023453;155 639 007;31;0;2;1;18;1
202300023454;155 639 004;33;0;2;1;7;1
202300023454;155 639 005;7;0;2;2;16;1
202300023455;155 639 002;33;0;2;1;13;1
202300023455;155 639 003;7;0;2;3;1;1
202300023456;155 639 000;7;0;2;1;9;1
202300023456;155 639 001;33;0;2;5;15;1
202300023457;155 638 998;7;0;2;8;9;1
202300023457;155 638 999;7;0;2;1;1;1
202300023458;155 638 996;7;12;0;1;16;1
202300023458;155 638 997;60;12;0;1;25;5
202300023459;155 638 994;33;0;2;1;7;1
202300023459;155 638 995;7;0;2;5;16;1
202300023460;155 638 992;10;0;2;1;15;1
202300023460;155 638 993;2;0;2;2;1;1
202300023461;155 638 991;7;0;1;3;1;1
202300023462;155 638 990;0;0;1;1;1;0
202300023463;155 638 988;10;0;2;6;17;1
202300023463;155 638 989;34;0;2;2;17;1
202300023464;155 638 987;2;0;0;0;0;1
202300023465;155 638 985;7;0;2;1;1;1
202300023465;155 638 986;1;0;2;6;19;5
202300023466;155 638 984;7;0;1;0;1;1
202300023467;155 638 982;7;0;2;2;15;2
202300023467;155 638 983;33;0;2;1;1;1
202300023468;155 638 980;2;0;2;1;1;1
202300023468;155 638 981;7;0;2;3;15;2
202300023469;155 638 977;7;0;2;7;12;1
202300023469;155 638 978;31;0;2;1;3;1
202300023470;155 638 975;1;0;2;1;1;5
202300023470;155 638 976;7;0;2;3;0;1
202300023471;155 638 974;37;0;1;2;16;6
202300023472;155 638 972;7;0;2;8;0;0
202300023472;155 638 973;7;8;2;8;26;0
202300023473;155 638 970;1;0;2;1;19;5
202300023473;155 638 971;10;0;2;5;16;1
202300023474;155 638 968;7;0;2;5;15;1
202300023474;155 638 969;33;0;2;1;1;1
202300023475;155 638 966;7;0;2;8;22;1
202300023475;155 638 967;50;0;2;1;1;3
202300023476;155 638 962;10;0;2;8;1;3
202300023476;155 638 963;10;0;2;2;1;3
202300023476;155 638 964;7;0;2;1;5;1
202300023476;155 638 965;7;0;2;1;1;1
202300023477;155 638 960;7;0;2;3;1;1
202300023477;155 638 961;50;0;2;1;26;3
202300023478;155 638 958;7;1;0;3;13;1
202300023478;155 638 959;7;1;2;5;24;1
202300023479;155 638 956;33;0;2;8;1;1
202300023479;155 638 957;7;0;2;8;15;1
202300023480;155 638 954;7;0;2;4;4;1
202300023480;155 638 955;7;0;2;1;23;0
202300023481;155 638 952;80;16;0;0;1;3
202300023482;155 638 951;7;0;2;2;26;1
202300023482;155 638 953;1;0;2;1;1;5
202300023483;155 638 949;33;0;2;7;17;1
202300023483;155 638 950;7;0;2;8;15;1
202300023484;155 638 947;7;0;2;2;10;1
202300023484;155 638 948;33;1;2;1;1;1
202300023485;155 638 945;30;0;2;8;13;1
202300023485;155 638 946;33;0;2;7;17;1
202300023486;155 638 943;10;0;2;8;15;1
202300023486;155 638 944;32;0;2;7;13;1
202300023487;155 638 942;7;1;0;0;9;1
202300023488;155 638 941;10;0;1;1;5;1
202300023489;155 638 940;3;0;1;2;9;1
202300023490;155 638 936;7;0;2;1;0;1
202300023490;155 638 939;2;0;2;3;16;1
202300023491;155 638 935;33;0;2;3;17;1
202300023491;155 638 937;7;0;2;6;23;1
202300023491;155 638 938;7;0;2;3;15;1
202300023492;155 638 932;32;0;2;1;17;0
202300023492;155 638 934;7;0;2;3;15;0
202300023493;155 638 931;7;0;2;2;2;1
202300023493;155 638 933;7;13;0;6;2;0
202300023494;155 638 929;7;0;2;4;2;1
202300023494;155 638 930;10;0;2;1;1;1
202300023495;155 638 927;7;0;1;0;19;0
202300023496;155 638 926;7;0;1;1;1;1
202300023497;155 638 925;7;0;1;1;1;1
202300023498;155 638 923;33;0;1;3;3;1
202300023499;155 638 922;0;0;2;5;17;0
202300023499;155 638 924;1;0;2;1;1;5
202300023500;155 638 921;7;13;0;1;1;1
202300023501;155 638 919;7;0;2;8;10;1
202300023501;155 638 920;2;0;2;1;1;1
202300023502;155 638 916;7;0;2;3;15;3
202300023502;155 638 918;10;0;2;2;21;1
202300023503;155 638 915;33;0;2;8;1;1
202300023503;155 638 917;7;0;2;2;15;1
202300023504;155 638 912;7;0;2;3;13;1
202300023504;155 638 914;15;0;2;3;1;1
202300023505;155 638 911;1;0;2;1;25;5
202300023505;155 638 913;15;0;1;6;1;1
202300023506;155 638 910;7;15;0;1;10;1
202300023507;155 638 908;7;0;2;8;1;0
202300023507;155 638 909;99;0;2;2;1;1
202300023508;155 638 906;7;0;2;5;15;1
202300023508;155 638 907;33;0;2;1;1;1
202300023509;155 638 904;7;0;2;8;24;2
202300023509;155 638 905;1;1;0;2;1;5
202300023510;155 638 901;10;4;2;8;13;1
202300023510;155 638 903;7;4;2;7;17;1
202300023511;155 638 900;7;0;9;3;1;1
202300023511;155 638 902;50;0;2;2;19;3
202300023512;155 638 897;7;0;0;1;15;1
202300023513;155 638 896;10;0;2;2;12;1
202300023513;155 638 898;21;0;2;6;1;1
202300023513;155 638 899;7;0;2;1;1;1
202300023514;155 638 895;7;0;1;4;20;1
202300023515;155 638 894;7;0;1;1;1;1
202300023516;155 638 891;7;0;2;8;1;1
202300023516;155 638 893;80;0;0;1;1;3
202300023517;155 638 890;31;0;2;1;17;1
202300023517;155 638 892;7;0;2;3;15;1
202300023518;155 638 889;33;0;0;9;1;1
202300023519;155 638 888;33;0;1;1;1;1
202300023520;155 638 885;7;0;2;3;1;1
202300023520;155 638 887;10;0;2;1;13;1
202300023521;155 638 886;7;0;1;3;1;1
202300023522;155 638 883;10;0;2;8;22;1
202300023522;155 638 884;1;1;0;1;1;5
202300023523;155 638 881;7;0;2;1;13;1
202300023523;155 638 882;7;0;2;1;1;2
202300023524;155 638 878;7;0;2;1;0;1
202300023524;155 638 880;50;0;2;4;1;3
202300023525;155 638 877;7;0;2;3;1;1
202300023525;155 638 879;10;0;2;1;9;1
202300023526;155 638 874;2;13;0;1;1;1
202300023527;155 638 875;7;0;2;1;1;1
202300023527;155 638 876;7;0;2;4;15;1
202300023528;155 638 873;2;0;0;0;2;1
202300023529;155 638 871;2;12;0;2;0;1
202300023530;155 638 870;7;0;2;7;15;1
202300023530;155 638 872;7;0;2;2;1;1
202300023531;155 638 869;15;0;1;1;1;0
202300023532;155 638 867;7;0;2;4;23;1
202300023532;155 638 868;10;0;2;1;2;1
202300023533;155 638 864;7;0;2;1;1;2
202300023533;155 638 865;7;0;2;1;13;1
202300023533;155 638 866;7;0;2;1;1;1
202300023534;155 638 863;7;0;0;9;0;1