Num_Acc;id_vehicule;categorie_vehicule;obstacle_fixe;obstacle_mobile;point_choc_initial;manoeuvre_principale;motorisation
202300023535;155 638 861;2;0;2;3;2;0
202300023535;155 638 862;7;0;2;5;2;0
202300023536;155 638 860;30;0;1;1;17;1
202300023537;155 638 859;7;0;1;7;2;1
202300023538;155 638 856;7;1;2;8;24;0
202300023538;155 638 858;50;1;2;1;2;3
202300023539;155 638 855;7;0;2;1;2;1
202300023539;155 638 857;7;0;2;4;15;1
202300023540;155 638 853;33;7;0;2;14;1
202300023541;155 638 852;7;0;2;2;15;1
202300023541;155 638 854;1;0;2;1;13;5
202300023542;155 638 851;7;16;0;9;26;0
202300023543;155 638 849;1;8;0;9;1;5
202300023544;155 638 848;99;0;2;1;1;1
202300023544;155 638 850;7;0;2;8;19;1
202300023545;155 638 845;3;0;2;1;1;1
202300023545;155 638 846;7;0;9;4;21;1
202300023546;155 638 843;33;1;0;3;1;1
202300023546;155 638 844;7;0;2;3;15;1
202300023547;155 638 842;7;0;1;0;0;1
202300023548;155 638 841;15;4;0;3;13;1
202300023549;155 638 837;7;0;0;6;13;1
202300023549;155 638 839;33;0;2;1;17;1
202300023550;155 638 838;99;0;2;1;1;3
202300023550;155 638 840;7;0;2;7;1;1
202300023551;155 638 836;7;0;0;2;1;1
202300023552;155 638 834;31;11;0;0;0;1
202300023553;155 638 833;10;0;2;6;9;1
202300023553;155 638 835;7;0;2;1;1;1
202300023554;155 638 829;7;0;0;1;15;1
202300023554;155 638 832;33;0;0;1;1;1
202300023555;155 638 830;40;0;2;3;1;3
202300023555;155 638 831;1;0;4;2;0;5
202300023556;155 638 827;7;0;2;3;0;1
202300023556;155 638 828;7;0;0;3;1;1
202300023557;155 638 823;7;4;0;3;1;1
202300023558;155 638 822;10;0;1;6;20;1
202300023559;155 638 820;2;0;2;1;2;0
202300023559;155 638 821;10;0;0;6;9;1
202300023560;155 638 818;7;0;2;1;2;1
202300023560;155 638 819;7;0;0;4;23;1
202300023561;155 638 817;33;12;0;8;17;1
202300023562;155 638 814;14;0;0;6;2;1
202300023562;155 638 815;7;0;2;7;17;1
202300023563;155 638 812;33;1;0;1;2;0
202300023563;155 638 813;7;0;2;4;23;0
202300023564;155 638 810;7;0;2;3;26;1
202300023564;155 638 811;31;0;2;1;1;1
202300023565;155 638 807;7;0;0;3;1;1
202300023565;155 638 808;7;0;0;3;13;1
202300023565;155 638 809;10;0;2;3;1;1
202300023566;155 638 805;7;0;2;1;13;1
202300023566;155 638 806;15;0;2;1;1;1
202300023567;155 638 803;7;0;2;1;2;1
202300023567;155 638 804;1;0;2;8;15;5
202300023568;155 638 802;33;6;0;1;1;1
202300023569;155 638 801;7;0;0;1;1;1
202300023570;155 638 799;7;0;2;3;9;1
202300023570;155 638 800;1;0;2;7;1;5
202300023571;155 638 797;7;0;0;3;13;0
202300023571;155 638 798;7;0;0;3;1;0
202300023572;155 638 795;7;12;0;1;1;1
202300023573;155 638 793;7;0;0;4;9;1
202300023573;155 638 794;37;0;2;1;2;1
202300023574;155 638 792;7;10;0;3;1;1
202300023575;155 638 790;10;0;2;5;12;0
202300023575;155 638 791;7;0;2;3;1;1
202300023576;155 638 789;33;0;0;0;2;1
202300023577;155 638 784;7;0;2;4;2;0
202300023577;155 638 785;7;0;2;4;2;1
202300023577;155 638 786;7;0;2;4;2;1
202300023577;155 638 787;7;0;2;4;2;1
202300023577;155 638 788;7;0;2;1;2;1
202300023578;155 638 782;14;0;2;7;12;1
202300023578;155 638 783;7;0;2;6;1;1
202300023579;155 638 780;7;0;2;4;1;1
202300023579;155 638 781;7;0;2;1;2;3
202300023580;155 638 778;7;0;2;3;1;0
202300023580;155 638 779;7;0;2;3;13;0
202300023581;155 638 776;7;0;2;6;2;1
202300023581;155 638 777;17;0;2;2;12;1
202300023582;155 638 774;14;0;2;1;2;1
202300023582;155 638 775;7;0;2;4;2;1
202300023583;155 638 773;33;0;0;0;21;1
202300023584;155 638 771;7;0;2;1;1;1
202300023584;155 638 772;14;0;2;4;1;1
202300023585;155 638 769;33;0;2;7;1;1
202300023585;155 638 770;7;0;2;8;11;1
202300023586;155 638 767;15;0;2;6;23;1
202300023586;155 638 768;32;0;2;7;18;1
202300023587;155 638 765;33;3;2;1;3;1
202300023587;155 638 766;7;3;2;7;12;1
202300023588;155 638 762;7;0;2;1;2;1
202300023588;155 638 763;7;0;2;4;2;2
202300023588;155 638 764;7;0;2;4;2;1
202300023589;155 638 761;31;0;0;7;1;1
202300023590;155 638 759;33;0;2;2;3;1
202300023590;155 638 760;10;0;2;1;2;3
202300023591;155 638 757;33;0;2;2;26;1
202300023591;155 638 758;7;0;2;6;1;0
202300023592;155 638 754;7;0;2;2;14;1
202300023592;155 638 755;15;0;2;8;1;1
202300023592;155 638 756;7;0;2;4;1;1
202300023593;155 638 752;7;0;2;4;11;1
202300023593;155 638 753;33;0;2;1;3;1
202300023594;155 638 749;10;0;2;4;2;1
202300023594;155 638 750;10;0;2;1;2;1
202300023594;155 638 751;7;0;2;1;2;1
202300023595;155 638 747;7;0;0;9;1;1
202300023595;155 638 748;7;0;2;1;1;1
202300023596;155 638 744;31;0;2;1;3;1
202300023596;155 638 745;33;0;2;4;3;1
202300023596;155 638 746;10;0;2;5;1;1
202300023597;155 638 741;15;0;2;8;1;1
202300023597;155 638 742;10;0;2;8;1;1
202300023597;155 638 743;7;0;2;9;13;1
202300023598;155 638 734;33;0;1;1;17;1
202300023599;155 638 732;10;0;2;3;15;0
202300023599;155 638 733;31;0;2;8;16;1
202300023600;155 638 730;50;0;2;1;19;3
202300023600;155 638 731;7;0;2;2;1;2
202300023601;155 638 728;50;0;2;5;19;3
202300023601;155 638 729;7;0;2;1;1;1
202300023602;155 638 726;31;0;2;1;17;1
202300023602;155 638 727;7;0;2;4;15;1
202300023603;155 638 725;7;8;0;1;5;1
202300023604;155 638 723;7;0;2;3;1;1
202300023604;155 638 724;3;0;2;3;5;1
202300023605;155 638 722;10;0;1;4;4;1
202300023606;155 638 719;7;0;2;3;5;1
202300023606;155 638 720;7;0;2;8;21;1
202300023606;155 638 721;7;0;2;3;21;1
202300023607;155 638 716;7;0;2;3;13;1
202300023607;155 638 717;7;0;2;6;0;1
202300023608;155 638 714;50;0;2;7;1;3
202300023608;155 638 715;7;0;2;1;1;1
202300023609;155 638 713;7;0;1;3;1;1
202300023610;155 638 711;7;0;2;1;5;1
202300023610;155 638 712;7;0;2;1;1;1
202300023611;155 638 709;31;0;2;6;1;1
202300023611;155 638 710;7;0;2;1;9;1
202300023612;155 638 706;10;6;1;2;0;1
202300023613;155 638 704;33;0;2;1;1;1
202300023613;155 638 705;7;0;2;8;5;1
202300023614;155 638 703;7;0;1;1;1;1
202300023615;155 638 702;7;0;1;2;11;1
202300023616;155 638 700;31;0;2;3;0;0
202300023616;155 638 701;7;0;2;2;13;0
202300023617;155 638 698;7;0;2;1;1;0
202300023617;155 638 699;7;0;2;3;0;0
202300023618;155 638 696;7;13;2;1;1;1
202300023618;155 638 697;7;0;2;1;13;1
202300023619;155 638 694;37;0;2;5;17;1
202300023619;155 638 695;99;0;2;8;15;3
202300023620;155 638 692;30;0;2;1;1;1
202300023620;155 638 693;7;0;2;1;15;1
202300023621;155 638 690;32;0;2;1;26;1
202300023621;155 638 691;7;0;2;4;23;1
202300023622;155 638 688;7;0;2;1;2;1
202300023622;155 638 689;7;0;1;4;23;1
202300023623;155 638 687;7;0;0;1;1;1
202300023624;155 638 685;33;0;2;1;1;1
202300023624;155 638 686;7;0;2;8;1;1
202300023625;155 638 683;7;0;2;4;1;1
202300023625;155 638 684;7;0;2;1;1;1
202300023626;155 638 682;7;8;0;1;26;1
202300023627;155 638 680;2;0;2;8;1;1
202300023627;155 638 681;7;0;2;2;16;1
202300023628;155 638 677;1;0;2;4;15;5
202300023628;155 638 678;7;0;2;1;13;0
202300023629;155 638 676;7;0;2;1;1;1
202300023629;155 638 679;10;0;2;4;23;1
202300023630;155 638 674;7;0;0;0;0;1
202300023631;155 638 673;7;0;2;1;1;1
202300023631;155 638 675;7;0;0;5;12;1
202300023632;155 638 671;7;0;2;7;17;1
202300023632;155 638 672;50;0;2;8;1;3
202300023633;155 638 670;7;0;1;2;1;1
202300023634;155 638 668;7;0;2;4;4;1
202300023634;155 638 669;30;1;2;1;1;1
202300023635;155 638 665;7;0;2;7;15;1
202300023635;155 638 667;33;0;2;1;1;1
202300023636;155 638 663;30;0;0;0;26;1
202300023637;155 638 664;33;12;2;2;17;1
202300023637;155 638 666;7;0;2;3;15;1
202300023638;155 638 660;7;0;2;3;12;1
202300023638;155 638 662;1;0;2;7;1;5
202300023639;155 638 659;7;0;2;8;0;1
202300023639;155 638 661;7;0;2;8;1;1
202300023640;155 638 658;7;0;1;1;26;0
202300023641;155 638 657;7;8;0;1;14;1
202300023642;155 638 656;7;0;1;8;1;1
202300023643;155 638 653;7;0;2;2;1;1
202300023643;155 638 655;7;0;2;8;1;1
202300023644;155 638 649;7;0;2;2;1;1
202300023644;155 638 651;7;0;2;3;1;1
202300023645;155 638 647;7;0;1;2;1;0
202300023646;155 638 648;10;0;2;1;15;1
202300023646;155 638 650;1;0;2;3;1;5
202300023647;155 638 646;7;1;0;4;1;2
202300023648;155 638 644;50;0;2;1;15;3
202300023648;155 638 645;7;0;2;2;1;1
202300023649;155 638 642;7;0;2;5;23;1
202300023649;155 638 643;7;0;2;3;3;1
202300023650;155 638 640;2;0;2;1;1;1
202300023650;155 638 641;7;0;2;3;15;1
202300023651;155 638 638;30;0;2;1;26;1
202300023651;155 638 639;7;0;2;2;15;1
202300023652;155 638 636;30;0;2;1;1;1
202300023652;155 638 637;7;0;2;3;16;1
202300023653;155 638 633;7;0;0;2;16;1
202300023653;155 638 634;99;0;0;1;13;3
202300023654;155 638 631;7;0;1;1;10;1
202300023655;155 638 632;7;0;2;2;9;1
202300023655;155 638 635;33;0;2;3;2;1
202300023656;155 638 629;34;0;2;0;2;1
202300023656;155 638 630;7;0;2;3;15;1
202300023657;155 638 627;33;0;2;3;1;1
202300023657;155 638 628;14;0;2;2;4;1
202300023658;155 638 625;7;0;2;1;1;1
202300023658;155 638 626;50;0;2;7;1;3
202300023659;155 638 623;10;0;1;0;0;1
202300023660;155 638 622;7;0;1;3;1;1
202300023661;155 638 621;10;0;0;8;1;1
202300023662;155 638 619;33;0;2;1;21;1
202300023662;155 638 620;99;0;0;0;0;1
202300023663;155 638 616;7;0;2;2;2;1
202300023663;155 638 618;7;0;2;6;1;1
202300023664;155 638 614;7;0;2;1;13;1
202300023664;155 638 615;7;0;2;1;1;6
202300023665;155 638 611;33;0;2;5;26;1
202300023665;155 638 613;10;0;2;5;2;0
202300023666;155 638 612;7;0;2;3;1;1
202300023666;155 638 617;7;0;2;2;9;1
202300023667;155 638 610;30;0;0;3;26;1
202300023668;155 638 607;99;0;2;1;1;3
202300023668;155 638 609;7;0;2;7;15;1
202300023669;155 638 606;30;0;2;4;15;1
202300023669;155 638 608;7;0;2;1;1;3
202300023670;155 638 604;7;0;0;1;1;1
202300023670;155 638 605;7;0;0;2;15;1
202300023671;155 638 602;99;16;0;4;15;3
202300023672;155 638 601;7;0;2;3;1;1
202300023672;155 638 603;30;0;2;1;13;1
202300023673;155 638 599;7;0;2;1;26;1
202300023673;155 638 600;33;0;2;1;26;1
202300023674;155 638 598;7;0;1;1;1;1
202300023675;155 638 595;7;0;2;6;15;1
202300023675;155 638 597;30;0;2;5;17;1
202300023676;155 638 594;34;0;2;8;1;1
202300023676;155 638 596;7;0;2;1;1;1
202300023677;155 638 592;33;0;2;1;17;1
202300023677;155 638 593;7;0;2;1;15;1
202300023678;155 638 591;10;1;0;3;0;1
202300023679;155 638 590;14;6;0;4;20;1
202300023680;155 638 589;7;0;1;1;1;1
202300023681;155 638 587;7;0;2;1;13;0
202300023681;155 638 588;33;0;2;1;1;0
202300023682;155 638 584;7;0;2;3;1;1
202300023682;155 638 586;10;0;2;2;1;1
202300023683;155 638 583;7;0;2;3;1;1
202300023683;155 638 585;7;0;2;3;1;1
202300023684;155 638 581;33;0;0;7;3;1
202300023685;155 638 580;1;0;2;1;1;5
202300023685;155 638 582;7;0;2;2;16;1
202300023686;155 638 577;34;0;2;8;9;1
202300023686;155 638 579;7;0;2;7;12;1
202300023687;155 638 576;7;0;2;8;15;1
202300023687;155 638 578;2;0;2;1;1;1
202300023688;155 638 574;33;0;2;3;2;1
202300023688;155 638 575;7;0;2;5;1;1
202300023689;155 638 572;7;0;2;3;15;1
202300023689;155 638 573;32;0;2;8;1;1
202300023690;155 638 570;31;0;2;8;3;1
202300023690;155 638 571;7;0;2;7;12;1
202300023691;155 638 566;31;0;2;2;14;1
202300023691;155 638 568;33;0;2;8;3;1
202300023692;155 638 567;15;0;0;3;16;1
202300023692;155 638 569;1;0;0;2;1;5
202300023693;155 638 564;7;0;1;2;1;1
202300023694;155 638 563;30;0;2;2;1;3
202300023694;155 638 565;10;0;2;2;1;3
202300023695;155 638 561;7;6;1;1;14;1
202300023696;155 638 560;7;0;2;4;4;1
202300023696;155 638 562;30;0;2;7;9;3
202300023697;155 638 556;7;0;1;2;15;1
202300023698;155 638 555;2;0;2;2;17;1
202300023698;155 638 557;43;0;2;1;1;1
202300023698;155 638 558;7;0;2;8;1;1
202300023699;155 638 553;1;0;2;3;15;5
202300023699;155 638 554;10;0;2;2;1;1
202300023700;155 638 551;13;0;2;4;23;1
202300023700;155 638 552;43;0;2;1;1;1
202300023701;155 638 548;7;0;2;8;2;2
202300023701;155 638 550;7;0;2;1;2;1
202300023702;155 638 546;1;1;2;2;1;5
202300023702;155 638 547;7;0;0;5;2;1
202300023702;155 638 549;10;0;0;8;22;1
202300023703;155 638 545;7;0;1;5;4;1
202300023704;155 638 541;7;0;2;1;1;1
202300023704;155 638 543;1;0;2;1;5;5
202300023705;155 638 542;1;0;2;1;1;5
202300023705;155 638 544;10;0;2;2;9;1
202300023706;155 638 540;30;11;0;2;14;1
202300023707;155 638 537;7;0;2;3;15;1
202300023707;155 638 539;30;0;2;2;17;3
202300023708;155 638 536;7;16;0;4;1;0
202300023708;155 638 538;7;16;0;1;1;0
202300023709;155 638 532;1;0;2;7;1;5
202300023709;155 638 534;1;0;2;8;18;5
202300023710;155 638 533;7;0;0;3;10;2
202300023710;155 638 535;33;0;2;2;2;1
202300023711;155 638 529;1;0;2;1;13;5
202300023711;155 638 530;7;0;2;1;1;1
202300023712;155 638 528;2;0;2;1;5;3
202300023712;155 638 531;7;0;2;8;10;2
202300023713;155 638 525;7;0;1;3;15;1
202300023714;155 638 526;1;0;0;6;17;5
202300023714;155 638 527;1;0;0;2;17;5
202300023715;155 638 523;7;0;2;7;15;1
202300023715;155 638 524;2;0;2;1;2;1
202300023716;155 638 522;7;0;1;2;16;1
202300023717;155 638 519;7;0;1;2;26;1
202300023718;155 638 514;10;0;2;3;1;1
202300023718;155 638 515;7;0;2;8;1;1
202300023719;155 638 513;13;0;2;2;26;1
202300023719;155 638 516;34;0;2;1;0;1
202300023720;155 638 509;7;0;2;0;1;3
202300023720;155 638 512;1;0;2;5;1;5
202300023721;155 638 510;7;0;2;3;1;0
202300023721;155 638 511;7;0;2;1;9;0
202300023722;155 638 505;33;0;2;1;1;1
202300023722;155 638 508;7;0;2;3;10;1
202300023723;155 638 506;7;0;2;2;15;1
202300023723;155 638 507;2;0;2;1;1;1
202300023724;155 638 502;13;0;2;2;12;1
202300023724;155 638 504;7;0;2;8;1;0
202300023725;155 638 501;7;0;2;6;1;2
202300023725;155 638 503;7;0;2;1;15;1
202300023726;155 638 498;7;0;2;0;1;1
202300023726;155 638 500;10;0;2;3;9;1
202300023727;155 638 497;7;0;2;3;1;2
202300023727;155 638 499;7;0;2;6;1;2
202300023728;155 638 494;7;0;2;2;17;0
202300023728;155 638 495;7;0;2;6;17;1
202300023728;155 638 496;7;0;2;4;1;1
202300023729;155 638 492;32;0;2;8;1;1
202300023729;155 638 493;7;0;2;0;17;0
202300023730;155 638 491;7;0;1;1;1;1
202300023731;155 638 488;10;0;2;3;1;0
202300023731;155 638 490;60;0;2;8;19;5
202300023732;155 638 489;7;0;1;2;1;1
202300023733;155 638 486;10;0;2;2;14;1
202300023733;155 638 487;50;0;2;1;1;3
202300023734;155 638 483;30;0;0;0;0;
202300023735;155 638 482;7;8;0;2;2;1
202300023736;155 638 481;1;0;1;1;3;5
202300023737;155 638 484;80;16;1;1;19;3
202300023738;155 638 479;14;0;2;4;26;1
202300023738;155 638 480;33;0;2;1;2;1
202300023739;155 638 477;37;0;1;1;1;0
202300023740;155 638 478;1;0;1;1;1;5
202300023741;155 638 475;30;0;2;1;2;1
202300023741;155 638 476;7;0;2;2;2;2
202300023742;155 638 474;7;0;1;3;16;1
202300023743;155 638 472;3;0;2;1;1;0
202300023743;155 638 473;3;0;2;1;11;1
202300023744;155 638 470;2;0;2;1;18;3
202300023744;155 638 471;7;0;2;2;16;1
202300023745;155 638 467;7;0;2;3;1;1
202300023745;155 638 469;2;0;2;3;16;1
202300023746;155 638 468;30;0;0;1;11;1
202300023747;155 638 464;31;0;0;8;1;1
202300023747;155 638 466;10;0;0;0;0;1
202300023748;155 638 463;10;0;2;7;12;1
202300023748;155 638 465;34;0;2;6;16;1
202300023749;155 638 462;7;0;1;1;1;2
202300023750;155 638 460;50;0;2;7;1;3
202300023750;155 638 461;7;0;2;8;10;1
202300023751;155 638 458;1;0;1;1;1;5
202300023752;155 638 457;7;0;2;5;1;1
202300023752;155 638 459;7;0;2;1;15;1
202300023753;155 638 456;50;0;0;0;1;3
202300023754;155 638 455;7;0;1;1;1;1
202300023755;155 638 454;7;2;0;3;13;1
202300023756;155 638 453;10;0;1;2;16;3
202300023757;155 638 450;2;0;2;1;6;1
202300023757;155 638 452;50;0;2;1;1;3
202300023758;155 638 449;1;0;2;1;1;5
202300023758;155 638 451;7;0;2;1;15;1
202300023759;155 638 447;7;0;2;8;15;2
202300023759;155 638 448;50;0;2;2;1;3
202300023760;155 638 444;10;0;2;1;2;1
202300023760;155 638 445;7;0;2;4;1;1
202300023761;155 638 443;7;0;2;1;19;1
202300023761;155 638 446;7;0;2;2;1;1
202300023762;155 638 442;7;0;1;3;9;2
202300023763;155 638 440;7;1;0;0;0;1
202300023764;155 638 439;7;0;0;4;2;1
202300023764;155 638 441;7;0;2;1;2;1
202300023765;155 638 436;80;0;2;1;19;3
202300023765;155 638 438;7;0;2;2;23;0
202300023766;155 638 435;7;4;2;1;2;1
202300023766;155 638 437;10;3;0;4;2;1
202300023767;155 638 432;7;0;0;4;16;1
202300023767;155 638 433;7;0;2;1;2;1
202300023768;155 638 431;7;0;2;1;2;1
202300023768;155 638 434;7;0;2;4;2;1
202300023769;155 638 429;7;0;9;5;23;1
202300023769;155 638 430;10;14;0;3;2;1
202300023770;155 638 427;99;0;2;8;26;1
202300023770;155 638 428;7;0;2;1;1;1
202300023771;155 638 426;7;2;0;3;1;1
202300023772;155 638 424;7;0;1;1;1;1
202300023773;155 638 423;10;0;2;2;1;1
202300023773;155 638 425;7;0;2;3;1;1
202300023774;155 638 420;10;3;2;2;2;1
202300023774;155 638 422;15;0;2;6;1;1
202300023775;155 638 421;7;2;0;1;0;1
202300023776;155 638 417;7;0;2;3;26;1
202300023776;155 638 419;7;0;2;2;1;1
202300023777;155 638 416;2;16;0;1;17;0
202300023777;155 638 418;7;16;2;2;15;1
202300023778;155 638 414;1;0;2;1;1;5
202300023778;155 638 415;7;0;2;1;13;1
202300023779;155 638 412;15;0;1;6;1;1
202300023780;155 638 411;2;4;2;1;11;1
202300023780;155 638 413;7;0;2;8;1;1
202300023781;155 638 410;7;3;0;9;2;1
202300023782;155 638 409;7;17;0;1;17;1
202300023783;155 638 408;7;9;0;2;2;1
202300023784;155 638 406;7;0;9;2;15;1
202300023784;155 638 407;80;0;2;3;1;3
202300023785;155 638 405;7;0;1;2;1;1
202300023786;155 638 402;7;0;2;1;13;1
202300023786;155 638 404;7;0;2;1;1;1
202300023787;155 638 399;7;0;2;3;9;1
202300023787;155 638 400;34;0;2;1;17;1
202300023788;155 638 397;10;0;2;1;1;1
202300023788;155 638 398;7;0;9;4;1;1
202300023789;155 638 395;7;13;0;9;21;1
202300023789;155 638 396;7;0;0;0;1;1
202300023790;155 638 394;7;1;0;1;21;1
202300023791;155 638 392;2;0;1;3;1;1
202300023792;155 638 391;10;0;2;7;2;1
202300023792;155 638 393;1;0;0;8;2;5
202300023793;155 638 389;7;0;2;3;22;1
202300023793;155 638 390;50;1;0;1;17;3
202300023794;155 638 388;7;3;0;3;1;1
202300023795;155 638 385;1;0;0;0;0;5
202300023795;155 638 387;7;0;0;0;0;1
202300023796;155 638 383;7;0;2;1;2;1
202300023796;155 638 384;7;0;2;9;21;1
202300023796;155 638 386;7;0;2;3;23;1
202300023797;155 638 381;30;0;2;1;1;3
202300023797;155 638 382;7;0;0;4;23;1
202300023798;155 638 380;7;13;0;1;0;1
202300023799;155 638 378;33;0;5;1;21;1
202300023800;155 638 376;7;0;0;0;21;1
202300023801;155 638 373;31;0;2;7;3;1
202300023801;155 638 374;10;0;2;8;11;1
202300023801;155 638 375;7;0;0;8;2;1
202300023802;155 638 370;2;0;2;8;1;0
202300023802;155 638 371;7;0;2;8;15;0
202300023803;155 638 369;7;0;1;1;1;1
202300023804;155 638 368;7;0;2;7;1;1
202300023804;155 638 372;1;0;2;1;0;5
202300023805;155 638 367;32;17;0;1;1;1
202300023806;155 638 363;10;0;2;6;1;1
202300023806;155 638 364;7;0;2;4;1;1
202300023806;155 638 366;7;0;2;1;1;2
202300023807;155 638 362;2;0;0;0;0;1
202300023808;155 638 361;7;0;2;1;16;1
202300023808;155 638 365;7;8;2;1;26;1
202300023809;155 638 359;7;0;2;8;15;1
202300023809;155 638 360;33;0;2;1;17;1
202300023810;155 638 356;7;0;2;1;1;1
202300023810;155 638 357;7;0;2;4;1;1
202300023811;155 638 355;0;0;1;4;0;0
202300023812;155 638 353;30;0;2;1;14;1
202300023812;155 638 354;7;0;2;0;26;0
202300023813;155 638 351;33;0;0;2;0;1
202300023814;155 638 350;50;0;1;1;1;3
202300023815;155 638 352;7;0;2;1;1;1
202300023815;155 638 358;7;0;2;4;1;1
202300023816;155 638 348;7;0;1;1;1;1
202300023817;155 638 347;7;0;2;1;26;1
202300023817;155 638 349;7;0;2;2;15;1
202300023818;155 638 346;7;0;1;2;1;1
202300023819;155 638 344;2;0;2;1;15;1
202300023819;155 638 345;7;0;9;3;1;1
202300023820;155 638 341;7;0;2;1;2;1
202300023820;155 638 343;7;0;1;4;23;1
202300023821;155 638 339;7;0;2;4;1;1
202300023821;155 638 340;7;0;2;5;1;1
202300023822;155 638 335;10;0;2;7;22;0
202300023822;155 638 337;7;0;2;3;23;1
202300023822;155 638 338;30;0;2;7;3;1
202300023823;155 638 333;7;0;9;2;1;1
202300023823;155 638 334;1;0;2;8;19;5
202300023824;155 638 330;7;0;2;8;15;2
202300023824;155 638 332;7;0;2;1;1;1
202300023825;155 638 336;7;0;2;1;0;1
202300023825;155 638 342;37;0;2;3;15;1
202300023826;155 638 329;30;0;2;1;1;1
202300023826;155 638 331;7;0;2;2;0;1
202300023827;155 638 327;7;0;0;0;0;1
202300023827;155 638 328;30;0;0;0;0;0
202300023828;155 638 323;7;0;1;2;19;1
202300023829;155 638 322;7;0;2;1;26;1
202300023829;155 638 325;7;0;2;1;26;1
202300023829;155 638 326;7;0;2;1;26;1
202300023830;155 638 319;7;0;2;5;4;0
202300023830;155 638 321;31;0;2;1;1;1
202300023831;155 638 320;7;0;0;1;0;1
202300023832;155 638 318;2;0;2;1;2;1
202300023832;155 638 324;10;0;2;5;1;1
202300023833;155 638 317;7;1;0;2;1;1
202300023834;155 638 315;7;0;2;1;1;1
202300023834;155 638 316;7;0;0;4;1;1
202300023835;155 638 313;33;0;0;2;1;1
202300023836;155 638 312;7;1;2;6;1;2
202300023836;155 638 314;7;1;2;1;5;1
202300023837;155 638 308;7;0;2;3;16;1
202300023837;155 638 311;1;0;2;4;2;5
202300023838;155 638 305;7;0;2;5;2;1
202300023838;155 638 307;10;0;2;3;2;1
202300023838;155 638 309;7;0;2;6;2;1
202300023839;155 638 304;7;9;0;1;1;1
202300023840;155 638 306;1;0;2;1;1;5
202300023840;155 638 310;3;0;9;3;1;1
202300023841;155 638 303;7;0;1;3;1;2
202300023842;155 638 301;7;0;1;2;1;2
202300023843;155 638 298;7;0;2;7;1;1
202300023843;155 638 302;7;0;2;2;1;1
202300023844;155 638 297;37;0;2;3;1;1
202300023844;155 638 299;7;0;2;5;12;1
202300023845;155 638 296;7;0;2;3;15;1
202300023845;155 638 300;1;0;2;8;1;5
202300023846;155 638 294;7;12;0;1;26;1
202300023847;155 638 293;43;0;1;3;1;1
202300023848;155 638 292;33;0;2;2;9;1
202300023848;155 638 295;7;0;2;3;1;1
202300023849;155 638 291;7;9;0;0;0;0
202300023850;155 638 288;7;0;2;3;9;1
202300023850;155 638 290;2;0;2;4;2;1
202300023851;155 638 287;7;0;2;2;15;2
202300023851;155 638 289;34;0;2;1;1;1
202300023852;155 638 286;7;0;1;4;20;1
202300023853;155 638 284;7;0;0;1;0;1
202300023854;155 638 282;1;0;2;1;1;5
202300023854;155 638 285;7;0;2;2;15;1
202300023855;155 638 283;7;0;1;1;1;1
202300023856;155 638 281;33;0;1;1;19;1
202300023857;155 638 278;10;0;2;6;9;1
202300023857;155 638 280;80;0;2;1;1;3
202300023858;155 638 277;50;0;2;2;9;3
202300023858;155 638 279;7;0;2;2;9;0
202300023859;155 638 275;10;0;1;2;19;1
202300023860;155 638 274;33;0;2;1;2;1
202300023860;155 638 276;7;0;2;4;2;1
202300023861;155 638 272;7;2;0;1;0;1
202300023862;155 638 271;33;0;2;4;9;1
202300023862;155 638 273;7;0;2;1;1;1
202300023863;155 638 268;7;0;2;1;2;1
202300023863;155 638 270;21;0;2;4;15;1
202300023864;155 638 269;7;0;2;3;1;1
202300023865;155 638 264;7;1;0;1;0;1
202300023865;155 638 267;7;0;2;1;24;1
202300023866;155 638 263;7;0;2;1;1;1
202300023866;155 638 266;7;0;2;1;13;1
202300023867;155 638 262;7;0;2;3;9;1
202300023867;155 638 265;30;0;2;2;17;1
202300023868;155 638 259;7;0;9;1;9;0
202300023868;155 638 261;50;0;2;8;1;3
202300023869;155 638 257;7;0;2;1;1;1
202300023869;155 638 260;15;0;0;6;1;1
202300023870;155 638 258;7;0;1;2;2;1
202300023871;155 638 251;7;0;0;1;1;0
202300023871;155 638 254;1;0;0;1;19;5
202300023872;155 638 253;7;0;1;3;9;1
202300023873;155 638 252;1;0;2;7;19;5
202300023873;155 638 256;7;0;2;1;1;1
202300023874;155 638 250;7;0;0;6;15;1
202300023874;155 638 255;31;0;2;1;1;1
202300023875;155 638 249;7;0;1;1;15;1
202300023876;155 638 247;33;5;0;1;13;1
202300023877;155 638 246;7;0;1;2;1;1
202300023878;155 638 245;7;0;2;8;13;1
202300023878;155 638 248;7;0;2;8;1;1
202300023879;155 638 243;7;6;0;1;0;1
202300023880;155 638 241;7;0;2;1;11;1
202300023880;155 638 244;7;0;2;1;1;1
202300023881;155 638 238;7;0;2;4;23;1
202300023881;155 638 240;33;0;2;1;2;1
202300023881;155 638 242;7;0;2;8;0;1
202300023882;155 638 237;7;13;0;7;1;1
202300023883;155 638 236;7;0;2;7;1;1
202300023883;155 638 239;7;0;2;1;1;1
202300023884;155 638 235;7;6;0;7;14;1
202300023885;155 638 232;7;15;0;2;1;1