Num_Acc;id_vehicule;categorie_vehicule;obstacle_fixe;obstacle_mobile;point_choc_initial;manoeuvre_principale;motorisation
202300023886;155 638 230;7;1;0;3;13;1
202300023886;155 638 234;17;0;0;4;24;1
202300023887;155 638 231;7;0;1;2;1;6
202300023888;155 638 229;7;0;2;1;1;1
202300023888;155 638 233;1;0;2;7;19;5
202300023889;155 638 228;7;16;0;1;0;1
202300023890;155 638 227;7;2;0;1;1;1
202300023891;155 638 224;2;1;0;1;1;1
202300023892;155 638 222;33;0;2;1;1;1
202300023892;155 638 226;7;0;2;6;15;1
202300023893;155 638 220;7;8;0;6;1;1
202300023893;155 638 223;3;0;2;3;15;1
202300023894;155 638 221;10;0;2;3;16;1
202300023894;155 638 225;1;0;2;7;0;5
202300023895;155 638 218;7;0;2;2;1;1
202300023895;155 638 219;10;0;2;2;5;1
202300023896;155 638 215;7;0;2;6;11;1
202300023896;155 638 217;33;0;2;1;1;1
202300023897;155 638 216;7;0;1;3;1;1
202300023898;155 638 214;7;10;0;9;0;1
202300023899;155 638 213;7;13;0;1;19;0
202300023900;155 638 212;7;17;0;1;13;6
202300023901;155 638 209;10;0;2;4;2;1
202300023901;155 638 211;33;0;2;1;2;1
202300023902;155 638 205;10;3;0;1;11;0
202300023902;155 638 208;60;0;2;1;5;5
202300023903;155 638 207;50;0;2;1;1;3
202300023903;155 638 210;7;6;9;2;1;1
202300023904;155 638 203;7;6;0;1;1;1
202300023905;155 638 199;7;17;0;2;1;1
202300023906;155 638 198;7;8;2;1;1;1
202300023906;155 638 202;7;0;2;8;1;1
202300023907;155 638 201;7;0;2;2;1;1
202300023907;155 638 204;7;0;2;3;9;1
202300023908;155 638 197;7;0;2;4;2;1
202300023908;155 638 200;7;0;2;1;2;1
202300023909;155 638 196;7;2;0;1;0;0
202300023910;155 638 194;7;0;1;1;2;1
202300023911;155 638 193;7;0;2;8;15;1
202300023911;155 638 195;2;0;2;1;17;1
202300023912;155 638 191;33;0;0;9;1;1
202300023913;155 638 189;33;0;2;1;13;1
202300023913;155 638 192;7;0;2;3;1;2
202300023914;155 638 185;30;0;2;1;1;1
202300023914;155 638 187;7;0;2;3;19;1
202300023915;155 638 183;2;13;0;1;2;1
202300023916;155 638 184;7;0;2;3;9;1
202300023916;155 638 188;1;0;2;1;1;5
202300023917;155 638 182;7;3;0;1;0;1
202300023918;155 638 180;7;6;1;3;13;1
202300023919;155 638 181;99;0;0;0;1;3
202300023920;155 638 178;30;0;2;1;1;6
202300023920;155 638 179;10;0;2;8;26;1
202300023921;155 638 175;7;0;2;1;17;1
202300023921;155 638 177;50;0;2;3;19;3
202300023922;155 638 174;1;0;2;7;14;5
202300023922;155 638 176;7;0;2;6;1;1
202300023923;155 638 169;33;0;0;9;13;1
202300023924;155 638 168;7;0;2;3;2;1
202300023924;155 638 172;7;0;2;5;2;1
202300023925;155 638 170;7;0;2;1;5;1
202300023925;155 638 173;7;0;2;1;1;1
202300023926;155 638 163;7;0;2;1;2;1
202300023926;155 638 166;7;0;0;4;1;1
202300023927;155 638 167;7;0;2;1;1;1
202300023927;155 638 171;2;0;2;8;0;0
202300023928;155 638 162;50;0;2;1;1;3
202300023928;155 638 164;7;0;2;5;15;1
202300023929;155 638 161;15;0;0;4;2;1
202300023929;155 638 165;7;3;2;1;1;1
202300023930;155 638 159;31;0;2;1;13;1
202300023930;155 638 160;7;0;2;3;1;1
202300023931;155 638 158;17;0;1;5;1;1
202300023932;155 638 155;31;0;0;7;1;1
202300023932;155 638 157;7;0;0;1;16;0
202300023933;155 638 153;7;0;2;7;15;1
202300023933;155 638 156;7;0;2;3;1;1
202300023934;155 638 152;7;12;0;9;11;1
202300023935;155 638 151;7;13;0;9;1;1
202300023936;155 638 149;7;0;9;7;26;1
202300023936;155 638 150;33;0;2;8;23;1
202300023937;155 638 148;7;0;1;7;1;1
202300023938;155 638 146;7;0;2;3;1;1
202300023938;155 638 154;7;0;2;8;15;1
202300023939;155 638 147;2;13;0;0;0;1
202300023940;155 638 142;7;1;2;2;1;1
202300023940;155 638 145;7;0;2;3;20;1
202300023941;155 638 144;33;0;6;0;0;1
202300023942;155 638 141;7;2;0;1;13;1
202300023943;155 638 140;10;0;2;8;15;1
202300023943;155 638 143;7;0;2;7;1;1
202300023944;155 638 138;33;0;0;9;1;1
202300023945;155 638 137;7;0;2;1;5;1
202300023945;155 638 139;7;0;2;1;1;1
202300023946;155 638 135;7;0;2;8;10;1
202300023946;155 638 136;2;0;2;7;9;1
202300023947;155 638 131;7;0;2;8;10;1
202300023947;155 638 134;33;0;2;1;17;1
202300023948;155 638 130;7;0;2;3;13;1
202300023948;155 638 133;10;0;2;3;1;1
202300023949;155 638 129;7;0;2;1;1;1
202300023949;155 638 132;7;0;2;1;1;1
202300023950;155 638 124;7;0;2;1;15;1
202300023950;155 638 125;33;0;2;1;1;1
202300023951;155 638 123;7;0;2;2;21;1
202300023951;155 638 126;30;0;2;6;23;1
202300023952;155 638 122;7;2;2;1;1;1
202300023952;155 638 128;7;0;2;3;26;1
202300023953;155 638 121;7;0;2;2;1;1
202300023953;155 638 127;7;0;2;7;4;1
202300023954;155 638 120;30;0;0;0;1;1
202300023955;155 638 118;7;2;0;2;1;2
202300023956;155 638 116;7;0;1;3;15;1
202300023957;155 638 117;7;0;2;2;1;1
202300023957;155 638 119;1;0;2;4;11;5
202300023958;155 638 114;7;0;2;2;12;1
202300023958;155 638 115;7;0;2;6;1;2
202300023959;155 638 110;2;0;2;1;5;1
202300023959;155 638 113;2;0;2;1;5;1
202300023960;155 638 109;14;0;2;2;16;1
202300023960;155 638 112;1;0;2;1;1;5
202300023961;155 638 108;7;0;0;6;20;1
202300023961;155 638 111;7;1;0;2;2;1
202300023962;155 638 106;7;2;0;1;21;6
202300023963;155 638 105;7;0;1;1;1;1
202300023964;155 638 103;7;0;0;0;10;0
202300023964;155 638 107;50;12;0;2;21;3
202300023965;155 638 101;7;0;2;1;2;1
202300023965;155 638 104;7;0;2;4;2;1
202300023966;155 638 099;7;0;0;1;1;1
202300023967;155 638 098;7;0;2;1;13;1
202300023967;155 638 102;7;0;2;2;1;1
202300023968;155 638 097;37;1;0;7;17;1
202300023968;155 638 100;50;0;0;3;1;3
202300023969;155 638 094;7;0;0;2;0;1
202300023970;155 638 092;1;13;0;4;2;5
202300023970;155 638 095;7;0;2;2;2;1
202300023971;155 638 093;7;1;0;1;0;1
202300023971;155 638 096;7;0;2;1;17;1
202300023972;155 638 091;7;14;0;1;0;1
202300023973;155 638 090;31;0;0;2;1;1
202300023974;155 638 089;7;2;0;1;6;1
202300023975;155 638 085;2;0;0;0;1;1
202300023976;155 638 087;7;0;2;2;15;1
202300023976;155 638 088;33;0;2;1;1;1
202300023977;155 638 086;31;0;1;1;17;3
202300023978;155 638 084;7;3;0;2;2;1
202300023979;155 638 082;7;0;1;2;1;1
202300023980;155 638 079;2;12;0;1;1;1
202300023981;155 638 080;7;0;2;5;2;1
202300023981;155 638 083;33;0;2;1;2;1
202300023982;155 638 078;7;0;1;2;1;3
202300023983;155 638 076;7;0;2;3;1;1
202300023983;155 638 081;7;0;2;2;1;1
202300023984;155 638 073;10;4;2;1;2;1
202300023984;155 638 075;7;4;2;4;2;3
202300023984;155 638 077;7;4;2;4;2;1
202300023985;155 638 074;31;0;0;0;1;0
202300023986;155 638 069;33;0;2;2;1;1
202300023986;155 638 072;7;0;2;3;19;1
202300023987;155 638 067;7;0;2;2;12;1
202300023987;155 638 070;7;0;2;4;2;1
202300023988;155 638 066;1;0;2;0;9;5
202300023988;155 638 071;7;0;2;2;9;1
202300023989;155 638 065;33;0;2;3;11;1
202300023989;155 638 068;7;0;2;5;1;1
202300023990;155 638 061;7;8;0;2;1;1
202300023991;155 638 059;10;0;2;4;2;0
202300023991;155 638 062;7;0;2;4;2;0
202300023991;155 638 064;10;0;2;1;2;0
202300023992;155 638 058;7;0;0;3;13;1
202300023992;155 638 063;32;0;2;1;1;6
202300023993;155 638 055;7;0;2;3;1;1
202300023993;155 638 057;2;0;2;3;1;1
202300023994;155 638 056;7;0;2;5;19;1
202300023994;155 638 060;10;0;2;2;1;1
202300023995;155 638 051;7;2;0;5;0;1
202300023996;155 638 050;7;0;2;7;21;1
202300023996;155 638 053;50;0;2;7;16;3
202300023997;155 638 049;7;0;1;2;1;1
202300023998;155 638 047;7;0;2;1;1;1
202300023998;155 638 048;10;0;2;4;2;1
202300023998;155 638 052;7;0;2;4;1;1
202300023998;155 638 054;10;0;2;4;2;1
202300023999;155 638 045;7;0;2;3;15;1
202300023999;155 638 046;7;0;2;1;1;1
202300024000;155 638 042;7;0;2;4;2;1
202300024000;155 638 044;7;0;2;1;2;1
202300024001;155 638 039;7;0;2;1;2;1
202300024001;155 638 041;7;0;2;4;2;1
202300024002;155 638 038;7;0;2;3;1;1
202300024002;155 638 040;7;0;2;3;13;1
202300024003;155 638 037;7;0;1;2;1;1
202300024004;155 638 035;7;0;1;1;26;1
202300024005;155 638 032;33;0;2;1;13;1
202300024005;155 638 034;7;0;2;1;1;1
202300024006;155 638 033;7;0;2;4;2;1
202300024006;155 638 036;7;0;2;1;2;1
202300024007;155 638 026;33;0;2;1;2;1
202300024007;155 638 030;7;0;2;7;16;1
202300024008;155 638 025;7;0;2;2;15;1
202300024008;155 638 029;33;0;2;1;1;1
202300024009;155 638 024;33;0;2;1;1;1
202300024009;155 638 028;10;0;2;8;10;1
202300024010;155 638 022;0;0;1;0;1;0
202300024011;155 638 021;7;0;1;3;9;2
202300024012;155 638 020;7;0;2;1;15;1
202300024012;155 638 023;34;0;2;3;1;1
202300024013;155 638 018;10;0;0;0;0;1
202300024014;155 638 017;37;0;2;1;9;1
202300024015;155 638 016;7;0;2;3;1;1
202300024015;155 638 019;1;0;2;1;15;5
202300024016;155 638 012;7;0;2;8;0;1
202300024016;155 638 015;10;0;2;8;1;1
202300024017;155 638 010;7;0;2;2;1;1
202300024017;155 638 014;7;0;2;2;19;1
202300024018;155 638 009;7;0;1;2;1;1
202300024019;155 638 008;7;1;2;2;20;1
202300024019;155 638 011;7;0;2;3;23;1
202300024019;155 638 013;7;0;2;2;24;1
202300024020;155 638 007;7;15;0;2;14;1
202300024021;155 638 003;0;0;0;0;1;0
202300024021;155 638 006;34;0;0;8;15;1
202300024022;155 638 002;10;0;2;2;15;1
202300024022;155 638 005;7;0;2;8;1;1
202300024023;155 638 001;7;0;2;2;1;0
202300024023;155 638 004;7;0;2;1;1;1
202300024024;155 637 999;7;0;2;1;5;1
202300024024;155 638 000;7;0;2;1;1;1
202300024025;155 637 996;7;1;0;3;1;1
202300024025;155 637 998;7;0;2;3;23;1
202300024026;155 637 993;7;0;2;0;0;1
202300024026;155 637 997;13;0;1;8;2;1
202300024027;155 637 994;7;0;1;3;1;1
202300024028;155 637 992;33;0;2;1;1;1
202300024028;155 637 995;10;0;0;6;15;1
202300024029;155 637 988;2;0;0;0;1;1
202300024030;155 637 989;14;0;2;7;16;1
202300024030;155 637 991;1;0;2;3;1;5
202300024031;155 637 987;80;0;2;4;1;3
202300024031;155 637 990;7;0;2;1;9;1
202300024032;155 637 985;33;13;0;1;1;1
202300024033;155 637 986;7;0;1;2;15;1
202300024034;155 637 983;10;0;2;3;13;1
202300024034;155 637 984;7;0;2;3;5;1
202300024035;155 637 982;7;0;9;1;26;1
202300024036;155 637 980;7;0;1;1;26;0
202300024037;155 637 976;7;0;2;6;15;1
202300024037;155 637 979;7;0;2;1;26;1
202300024038;155 637 978;7;0;2;8;1;1
202300024038;155 637 981;7;0;2;3;1;1
202300024039;155 637 973;1;0;2;1;0;5
202300024039;155 637 977;50;0;2;0;0;3
202300024040;155 637 972;7;0;1;2;0;1
202300024041;155 637 970;33;0;2;1;1;1
202300024041;155 637 974;7;0;2;8;15;1
202300024042;155 637 971;7;0;2;2;1;1
202300024042;155 637 975;2;0;2;0;0;1
202300024043;155 637 967;0;0;1;0;0;0
202300024044;155 637 965;7;0;2;4;15;1
202300024044;155 637 968;7;0;2;1;1;1
202300024045;155 637 964;30;0;1;1;1;1
202300024046;155 637 962;7;0;2;7;17;1
202300024046;155 637 966;33;0;2;8;17;1
202300024046;155 637 969;7;0;2;8;1;1
202300024047;155 637 957;7;2;0;7;26;1
202300024048;155 637 956;7;0;2;1;9;1
202300024048;155 637 959;7;0;2;1;1;1
202300024049;155 637 955;7;0;2;3;1;1
202300024049;155 637 958;2;0;2;3;1;1
202300024050;155 637 953;7;0;2;3;9;1
202300024050;155 637 954;32;0;2;6;1;1
202300024051;155 637 949;7;0;2;6;23;1
202300024051;155 637 952;10;0;2;2;2;1
202300024052;155 637 948;7;0;1;3;1;1
202300024053;155 637 946;7;0;2;3;1;1
202300024053;155 637 950;7;0;2;2;1;1
202300024054;155 637 947;7;0;2;4;2;1
202300024054;155 637 951;10;0;2;1;2;1
202300024055;155 637 945;10;12;0;1;1;1
202300024056;155 637 941;7;0;2;3;9;1
202300024056;155 637 943;33;0;2;1;1;1
202300024057;155 637 942;33;0;2;8;16;1
202300024057;155 637 944;7;0;2;1;19;0
202300024058;155 637 937;33;0;2;1;3;1
202300024058;155 637 939;7;0;2;5;1;1
202300024059;155 637 933;14;0;2;4;12;
202300024059;155 637 936;33;0;2;3;1;1
202300024060;155 637 932;7;0;2;3;9;1
202300024060;155 637 935;31;0;2;1;1;1
202300024061;155 637 930;7;0;2;2;9;1
202300024061;155 637 934;7;0;2;1;1;1
202300024062;155 637 928;7;12;0;3;13;1
202300024063;155 637 929;32;0;2;1;1;1
202300024063;155 637 931;7;0;2;1;15;1
202300024064;155 637 926;7;0;2;1;1;1
202300024064;155 637 927;7;0;2;1;13;1
202300024065;155 637 922;10;0;2;0;1;1
202300024065;155 637 924;33;0;9;1;1;1
202300024066;155 637 921;7;0;1;2;1;1
202300024067;155 637 919;1;0;2;2;1;5
202300024067;155 637 923;30;0;2;1;1;1
202300024068;155 637 917;7;0;2;1;1;1
202300024068;155 637 920;7;0;2;3;13;1
202300024069;155 637 911;7;0;2;3;9;1
202300024069;155 637 914;32;0;2;1;1;1
202300024070;155 637 909;1;0;2;1;16;5
202300024070;155 637 913;7;0;2;1;1;1
202300024071;155 637 908;7;0;2;1;12;1
202300024071;155 637 910;7;0;2;4;23;1
202300024072;155 637 905;7;0;2;3;15;2
202300024072;155 637 907;32;0;2;3;1;1
202300024073;155 637 900;7;0;1;2;21;3
202300024074;155 637 902;7;0;2;1;13;1
202300024074;155 637 903;7;0;2;1;1;1
202300024075;155 637 899;10;0;1;1;15;3
202300024076;155 637 898;7;0;2;1;1;1
202300024076;155 637 901;7;0;2;8;1;1
202300024077;155 637 897;34;1;1;7;1;1
202300024078;155 637 895;7;15;0;9;14;1
202300024079;155 637 892;7;2;0;1;1;1
202300024080;155 637 893;10;0;2;2;1;1
202300024080;155 637 896;80;0;2;3;5;3
202300024081;155 637 888;15;0;2;8;1;1
202300024081;155 637 889;7;0;2;7;1;1
202300024082;155 637 890;33;0;2;2;17;1
202300024082;155 637 894;50;0;0;0;13;3
202300024083;155 637 883;7;0;2;4;23;1
202300024083;155 637 884;7;0;2;1;2;1
202300024083;155 637 885;7;0;2;4;23;1
202300024084;155 637 887;33;0;2;2;1;1
202300024084;155 637 891;7;0;2;3;1;1
202300024085;155 637 880;33;0;2;1;17;1
202300024085;155 637 881;13;0;2;8;15;1
202300024086;155 637 873;7;0;2;3;13;1
202300024086;155 637 875;15;0;2;3;1;1
202300024086;155 637 876;7;0;2;8;1;1
202300024087;155 637 878;33;0;2;8;16;1
202300024087;155 637 886;1;0;2;7;1;5
202300024088;155 637 877;31;0;2;4;23;1
202300024088;155 637 882;7;0;2;1;1;1
202300024089;155 637 872;7;0;1;1;15;1
202300024090;155 637 874;33;0;2;7;17;1
202300024090;155 637 879;7;0;2;8;15;1
202300024091;155 637 870;10;0;2;5;16;1
202300024091;155 637 871;50;0;2;1;1;3
202300024092;155 637 868;50;1;0;1;1;3
202300024093;155 637 863;1;0;2;8;13;5
202300024093;155 637 865;7;0;2;0;0;0
202300024094;155 637 869;7;0;1;3;15;1
202300024095;155 637 859;7;0;0;0;9;0
202300024095;155 637 860;7;0;2;0;23;1
202300024095;155 637 861;33;0;2;1;15;1
202300024096;155 637 862;1;2;0;1;0;5
202300024096;155 637 866;1;2;0;1;0;5
202300024097;155 637 858;30;6;0;1;1;1
202300024098;155 637 854;7;0;2;5;15;1
202300024098;155 637 855;2;0;2;1;26;1
202300024099;155 637 857;30;6;0;1;13;1
202300024100;155 637 853;7;0;1;3;6;0
202300024101;155 637 851;2;0;2;3;1;6
202300024101;155 637 852;7;0;2;3;1;6
202300024102;155 637 848;7;1;1;2;1;1
202300024103;155 637 845;33;0;0;8;26;1
202300024104;155 637 850;50;0;2;3;9;3
202300024104;155 637 856;10;0;2;2;1;0
202300024105;155 637 847;31;16;0;1;1;1
202300024106;155 637 844;7;3;0;2;14;1
202300024107;155 637 846;1;0;2;8;18;5
202300024107;155 637 849;50;1;2;1;1;3
202300024108;155 637 841;7;0;2;1;1;1
202300024108;155 637 842;7;0;2;4;1;1
202300024109;155 637 840;7;0;2;7;12;0
202300024109;155 637 843;33;0;2;8;1;1
202300024110;155 637 837;7;0;2;5;15;1
202300024110;155 637 838;33;0;2;1;1;1
202300024111;155 637 831;50;0;2;2;9;3
202300024111;155 637 833;7;0;2;3;9;1
202300024112;155 637 830;7;0;2;8;19;1
202300024112;155 637 834;32;0;2;7;17;1
202300024113;155 637 835;7;3;2;8;19;1
202300024113;155 637 839;7;3;2;1;1;1
202300024114;155 637 829;7;0;1;3;15;1
202300024115;155 637 832;7;0;2;1;1;1
202300024115;155 637 836;7;0;2;3;1;2
202300024116;155 637 828;7;6;0;1;19;1
202300024117;155 637 825;7;0;1;1;15;0
202300024118;155 637 826;7;0;0;0;1;1
202300024119;155 637 823;80;0;2;8;1;3
202300024119;155 637 824;7;0;2;2;19;1
202300024120;155 637 821;7;0;1;1;1;1
202300024121;155 637 817;7;0;2;3;15;1
202300024121;155 637 819;7;0;2;1;1;1
202300024122;155 637 822;7;0;2;2;1;3
202300024122;155 637 827;7;0;2;3;1;1
202300024123;155 637 818;33;13;0;7;1;1
202300024124;155 637 814;7;0;2;1;12;0
202300024124;155 637 815;2;0;2;4;1;0
202300024125;155 637 816;7;0;2;2;2;1
202300024125;155 637 820;7;0;2;8;2;1
202300024126;155 637 811;7;0;0;4;2;1
202300024126;155 637 813;7;0;2;1;2;1
202300024127;155 637 810;34;4;0;1;17;3
202300024128;155 637 807;7;0;9;1;1;6
202300024128;155 637 809;1;0;2;1;1;5
202300024129;155 637 805;7;1;0;2;1;1
202300024130;155 637 802;1;0;2;7;1;5
202300024130;155 637 806;10;0;0;3;1;1
202300024131;155 637 799;7;0;0;1;26;1
202300024131;155 637 804;7;0;0;3;20;1
202300024132;155 637 800;7;0;0;5;15;1
202300024132;155 637 803;33;0;2;1;1;1
202300024133;155 637 797;1;0;2;1;1;5
202300024133;155 637 801;10;0;2;3;1;1
202300024134;155 637 796;80;0;0;0;21;3
202300024135;155 637 795;7;0;1;1;1;1
202300024136;155 637 793;7;0;2;1;1;1
202300024136;155 637 798;7;0;0;4;0;1
202300024137;155 637 792;10;0;2;1;1;1
202300024137;155 637 794;7;7;2;3;1;1
202300024138;155 637 788;7;0;2;1;9;1
202300024138;155 637 791;30;0;2;1;1;1
202300024139;155 637 790;7;9;0;1;1;1
202300024140;155 637 789;50;0;1;1;1;3
202300024141;155 637 785;7;2;0;2;14;1
202300024141;155 637 787;10;0;2;1;23;1
202300024142;155 637 783;7;0;2;7;9;1
202300024142;155 637 786;7;0;2;3;1;1
202300024143;155 637 778;7;0;2;1;0;0
202300024143;155 637 782;7;0;1;1;26;1
202300024143;155 637 784;7;0;2;1;26;1
202300024144;155 637 780;30;0;1;1;1;4
202300024145;155 637 779;7;0;2;2;1;1
202300024145;155 637 781;7;0;2;3;1;1
202300024146;155 637 776;7;0;2;6;23;1
202300024146;155 637 777;1;0;2;1;1;5
202300024147;155 637 773;7;16;0;1;6;3
202300024148;155 637 772;50;0;2;1;1;3
202300024148;155 637 774;7;0;2;3;9;1
202300024149;155 637 771;7;3;2;7;9;1
202300024149;155 637 775;7;0;2;1;1;1
202300024150;155 637 770;34;0;0;2;1;1
202300024151;155 637 768;7;0;1;1;16;2
202300024152;155 637 767;14;0;1;7;1;1
202300024153;155 637 765;30;0;2;1;1;0
202300024153;155 637 769;0;0;2;8;18;0
202300024154;155 637 763;7;0;1;2;1;1
202300024155;155 637 761;7;0;2;1;5;1
202300024155;155 637 762;30;0;2;1;21;1
202300024156;155 637 759;7;8;2;7;0;0
202300024156;155 637 760;10;8;2;3;26;1
202300024157;155 637 756;7;0;2;2;26;0
202300024157;155 637 758;7;0;2;1;21;0
202300024158;155 637 755;7;0;1;1;1;1
202300024159;155 637 753;7;0;2;1;1;1
202300024159;155 637 757;7;0;2;4;23;0
202300024160;155 637 752;7;0;2;8;10;1
202300024160;155 637 754;43;0;2;2;1;1
202300024161;155 637 751;10;0;0;4;24;1
202300024162;155 637 748;33;0;0;1;0;1
202300024163;155 637 750;50;0;0;8;1;3
202300024164;155 637 746;7;0;1;4;24;1
202300024164;155 637 749;10;1;0;2;1;1
202300024165;155 637 747;7;14;0;1;13;1
202300024166;155 637 744;7;2;0;7;1;1
202300024167;155 637 745;7;0;1;1;15;1
202300024168;155 637 742;7;8;0;1;1;1
202300024169;155 637 741;33;0;2;1;2;1
202300024169;155 637 743;7;0;0;6;21;1
202300024170;155 637 739;7;0;2;2;16;1
202300024170;155 637 740;1;0;2;1;1;5
202300024171;155 637 734;7;0;2;1;1;1
202300024171;155 637 738;7;0;0;5;1;1
202300024172;155 637 732;1;0;2;0;1;5
202300024172;155 637 736;7;0;9;0;1;0
202300024173;155 637 733;30;0;2;1;1;1
202300024173;155 637 737;7;0;2;5;9;1
202300024174;155 637 731;7;0;2;3;1;1
202300024174;155 637 735;7;0;2;1;1;1
202300024175;155 637 728;30;0;1;0;17;1
202300024176;155 637 729;10;0;1;4;20;1
202300024177;155 637 727;7;0;1;2;1;1
202300024178;155 637 726;7;13;2;1;1;1
202300024178;155 637 730;7;13;2;8;1;1
202300024179;155 637 724;30;0;1;1;1;1
202300024180;155 637 725;35;15;0;8;1;1
202300024181;155 637 721;7;2;0;1;1;1
202300024182;155 637 722;32;0;1;1;2;1
202300024183;155 637 718;17;0;2;7;1;1
202300024183;155 637 720;7;0;2;3;9;1
202300024184;155 637 719;10;0;2;3;1;1
202300024184;155 637 723;7;0;2;2;1;1
202300024185;155 637 715;2;0;2;1;1;1
202300024185;155 637 717;7;0;2;2;1;1
202300024186;155 637 714;7;2;0;1;2;1
202300024187;155 637 712;1;0;2;8;1;5
202300024187;155 637 716;7;0;9;1;16;1
202300024188;155 637 710;31;0;2;7;12;1
202300024188;155 637 713;7;0;2;8;1;1
202300024189;155 637 709;7;0;2;3;26;0
202300024189;155 637 711;1;0;2;1;21;5
202300024190;155 637 702;33;0;2;4;17;1
202300024190;155 637 705;34;0;2;1;13;1
202300024191;155 637 704;7;0;2;4;1;1
202300024191;155 637 708;2;0;2;1;1;1
202300024192;155 637 701;7;0;2;3;2;1
202300024192;155 637 706;15;0;2;6;2;1
202300024193;155 637 703;33;0;2;1;2;1
202300024193;155 637 707;7;0;2;4;2;1
202300024194;155 637 696;7;0;1;1;1;1
202300024195;155 637 697;33;0;0;8;1;1
202300024196;155 637 699;7;0;2;1;2;1
202300024196;155 637 700;7;0;2;4;23;1
202300024197;155 637 695;7;0;1;1;1;1
202300024198;155 637 694;33;0;2;1;1;1
202300024198;155 637 698;33;0;0;4;1;1
202300024199;155 637 692;10;0;0;0;1;1
202300024200;155 637 690;33;0;1;1;1;1
202300024201;155 637 689;3;15;0;2;26;1
202300024202;155 637 688;10;0;2;2;1;1
202300024202;155 637 691;15;0;2;5;23;1
202300024203;155 637 687;7;0;0;3;16;0
202300024203;155 637 693;31;0;2;1;2;0
202300024204;155 637 686;7;2;0;1;14;1
202300024205;155 637 685;10;0;1;2;1;1
202300024206;155 637 682;7;0;2;0;0;0
202300024206;155 637 683;7;6;2;0;21;1
202300024207;155 637 681;7;0;1;2;1;1
202300024208;155 637 680;10;0;2;7;10;1
202300024208;155 637 684;33;0;2;9;1;1
202300024209;155 637 679;7;0;1;3;1;1
202300024210;155 637 678;7;14;0;2;2;0
202300024211;155 637 675;30;0;1;3;1;1
202300024212;155 637 674;2;0;2;1;1;1
202300024212;155 637 677;7;0;2;3;15;1
202300024213;155 637 672;7;0;2;8;19;1
202300024213;155 637 676;7;0;2;1;1;1
202300024214;155 637 670;10;0;2;6;16;1
202300024214;155 637 673;33;0;2;1;1;1
202300024215;155 637 667;7;0;2;2;1;1
202300024215;155 637 669;7;0;2;6;15;1
202300024216;155 637 668;7;0;9;2;0;1
202300024217;155 637 666;7;0;2;1;1;0
202300024217;155 637 671;7;0;2;3;1;1
202300024218;155 637 664;7;0;2;8;9;1
202300024218;155 637 665;7;0;2;1;1;2
202300024219;155 637 662;10;13;0;1;21;1
202300024220;155 637 658;7;0;1;1;1;1
202300024221;155 637 660;7;0;1;3;1;2
202300024222;155 637 656;14;0;9;1;1;1
202300024222;155 637 657;1;0;2;1;19;5
202300024223;155 637 653;7;0;1;1;15;1
202300024224;155 637 655;33;8;0;1;1;1
202300024225;155 637 651;7;0;1;3;1;2
202300024226;155 637 652;31;0;2;7;12;1
202300024226;155 637 654;10;0;2;0;0;0
202300024227;155 637 650;7;0;1;0;0;1
202300024228;155 637 647;7;0;2;2;17;1
202300024228;155 637 649;7;0;2;3;1;1
202300024229;155 637 645;31;0;2;3;13;1
202300024229;155 637 648;7;0;2;3;1;1
202300024230;155 637 644;7;0;1;7;0;1
202300024231;155 637 643;7;0;2;8;1;1
202300024231;155 637 646;33;0;2;1;1;1
202300024232;155 637 642;7;8;0;3;1;1
202300024233;155 637 640;7;13;0;9;13;1
202300024234;155 637 635;1;0;2;7;1;5
202300024234;155 637 637;7;0;2;1;1;1
202300024235;155 637 636;7;0;2;1;19;0
202300024235;155 637 638;32;0;2;5;1;0
202300024236;155 637 634;10;6;0;1;14;1
202300024237;155 637 629;7;0;2;8;1;1
202300024237;155 637 632;7;0;2;2;9;1
202300024238;155 637 628;32;0;2;3;1;1
202300024238;155 637 631;7;0;2;2;15;1
202300024239;155 637 626;7;0;2;3;19;1
202300024239;155 637 633;7;0;2;1;1;1
202300024240;155 637 621;7;0;2;1;2;1
202300024240;155 637 624;7;0;2;2;15;1
202300024241;155 637 622;33;0;2;1;1;1
202300024241;155 637 623;7;0;2;3;15;1
202300024242;155 637 620;7;0;0;0;1;1
202300024243;155 637 618;7;0;1;1;17;1
202300024244;155 637 617;7;0;0;6;1;1
202300024244;155 637 619;33;0;2;7;15;1
202300024245;155 637 616;33;13;0;1;9;4
202300024246;155 637 615;7;12;1;4;23;1
202300024247;155 637 613;30;0;2;1;1;1
202300024247;155 637 614;7;0;2;3;15;1
202300024248;155 637 610;7;0;2;0;15;0
202300024248;155 637 611;7;0;2;3;0;1
202300024249;155 637 609;33;0;0;4;23;1
202300024249;155 637 612;7;0;2;1;2;1
202300024250;155 637 606;1;0;2;7;2;5
202300024250;155 637 607;7;0;2;1;16;1
202300024251;155 637 605;7;2;0;1;0;1
202300024252;155 637 603;7;0;2;3;13;1
202300024252;155 637 608;7;0;2;3;1;1
202300024253;155 637 600;3;13;0;3;14;1
202300024254;155 637 601;7;0;2;1;26;1
202300024254;155 637 604;7;3;2;1;26;1