Num_Acc;id_vehicule;categorie_vehicule;obstacle_fixe;obstacle_mobile;point_choc_initial;manoeuvre_principale;motorisation
202300024255;155 637 599;7;0;2;1;1;1
202300024255;155 637 602;7;0;2;7;1;1
202300024256;155 637 598;7;2;0;3;1;1
202300024257;155 637 595;7;0;1;1;1;1
202300024258;155 637 594;7;0;2;3;13;1
202300024258;155 637 597;3;0;2;1;1;1
202300024259;155 637 593;7;0;2;4;1;1
202300024259;155 637 596;13;0;2;1;1;1
202300024260;155 637 591;7;8;0;3;13;1
202300024261;155 637 587;10;0;2;7;15;1
202300024261;155 637 590;2;0;2;1;1;1
202300024262;155 637 586;33;0;2;1;1;1
202300024262;155 637 592;7;0;2;3;19;1
202300024263;155 637 588;7;0;2;3;2;1
202300024263;155 637 589;7;0;0;4;15;1
202300024264;155 637 584;10;0;2;1;13;0
202300024264;155 637 585;7;0;2;1;1;1
202300024265;155 637 582;15;0;2;2;12;1
202300024265;155 637 583;7;0;2;6;1;1
202300024266;155 637 580;7;0;1;1;1;1
202300024267;155 637 577;7;3;0;1;1;1
202300024268;155 637 576;17;0;2;1;1;0
202300024268;155 637 579;7;0;2;8;19;1
202300024269;155 637 575;7;0;2;1;2;1
202300024269;155 637 578;7;0;2;1;1;1
202300024269;155 637 581;10;0;2;4;1;1
202300024270;155 637 573;7;2;0;3;1;1
202300024271;155 637 572;7;0;0;5;2;1
202300024271;155 637 574;7;0;2;3;2;1
202300024272;155 637 569;7;0;2;3;1;1
202300024272;155 637 571;7;0;2;1;1;1
202300024273;155 637 566;1;0;2;1;1;5
202300024273;155 637 568;7;0;9;3;17;3
202300024274;155 637 565;7;13;0;9;1;1
202300024275;155 637 567;7;0;2;3;9;0
202300024275;155 637 570;1;0;2;7;2;5
202300024276;155 637 564;14;13;0;8;1;1
202300024277;155 637 563;7;0;1;7;0;1
202300024278;155 637 560;2;0;0;9;1;1
202300024279;155 637 561;33;12;0;0;1;1
202300024280;155 637 559;1;0;2;1;1;5
202300024280;155 637 562;7;0;2;2;15;1
202300024281;155 637 557;31;0;2;2;5;1
202300024281;155 637 558;7;0;2;2;1;1
202300024282;155 637 555;7;2;;1;1;1
202300024283;155 637 554;7;0;1;2;9;0
202300024284;155 637 551;7;0;0;0;1;1
202300024285;155 637 550;7;0;2;1;1;1
202300024285;155 637 552;7;0;2;2;13;1
202300024286;155 637 549;7;7;0;1;14;1
202300024287;155 637 548;7;13;0;9;1;1
202300024288;155 637 547;7;0;1;1;1;1
202300024289;155 637 546;7;0;1;7;1;1
202300024290;155 637 543;7;6;0;9;1;0
202300024291;155 637 541;3;5;0;8;1;1
202300024292;155 637 539;7;0;1;1;1;0
202300024293;155 637 540;7;0;2;1;1;1
202300024293;155 637 544;7;0;2;5;15;1
202300024293;155 637 545;7;0;2;3;1;1
202300024294;155 637 538;7;0;2;7;23;1
202300024294;155 637 542;7;13;2;2;1;1
202300024295;155 637 535;33;16;0;0;1;1
202300024296;155 637 532;7;2;0;7;1;1
202300024297;155 637 533;33;0;2;1;1;1
202300024297;155 637 536;14;0;2;4;4;1
202300024298;155 637 530;1;13;0;0;1;5
202300024299;155 637 531;7;0;2;1;13;2
202300024299;155 637 534;7;0;2;6;1;1
202300024299;155 637 537;7;0;2;1;1;1
202300024300;155 637 528;10;2;0;3;13;1
202300024301;155 637 526;7;0;2;2;15;1
202300024301;155 637 527;30;0;2;1;1;1
202300024302;155 637 524;2;0;2;8;1;1
202300024302;155 637 529;7;0;2;8;1;1
202300024303;155 637 523;14;0;2;3;1;1
202300024303;155 637 525;7;0;2;3;13;1
202300024304;155 637 521;10;0;0;8;15;1
202300024304;155 637 522;32;0;2;2;17;1
202300024305;155 637 519;31;0;0;0;1;1
202300024306;155 637 517;33;0;2;3;15;1
202300024306;155 637 520;7;0;2;1;13;1
202300024307;155 637 516;2;0;2;8;1;1
202300024307;155 637 518;7;7;2;8;17;1
202300024308;155 637 514;7;0;2;3;1;1
202300024308;155 637 515;7;0;2;3;1;1
202300024309;155 637 512;7;13;0;3;1;0
202300024310;155 637 511;7;14;0;9;14;1
202300024311;155 637 510;7;0;2;1;1;1
202300024311;155 637 513;7;0;2;8;15;2
202300024312;155 637 507;7;6;0;1;1;1
202300024313;155 637 508;7;1;0;1;5;1
202300024313;155 637 509;14;0;2;4;24;1
202300024314;155 637 506;7;12;0;1;17;1
202300024315;155 637 503;7;0;2;2;0;0
202300024315;155 637 505;15;0;2;3;13;0
202300024316;155 637 502;7;17;0;2;1;1
202300024317;155 637 501;33;15;0;1;14;1
202300024318;155 637 500;33;0;2;1;1;1
202300024318;155 637 504;7;0;2;3;15;0
202300024319;155 637 498;7;0;2;1;9;0
202300024319;155 637 499;2;0;2;7;1;
202300024320;155 637 496;7;15;0;9;13;1
202300024321;155 637 495;7;4;0;2;1;1
202300024322;155 637 494;33;13;2;1;17;1
202300024322;155 637 497;17;0;2;2;13;1
202300024323;155 637 493;7;0;1;1;2;1
202300024324;155 637 490;7;2;0;3;0;0
202300024325;155 637 492;7;2;0;0;2;1
202300024326;155 637 485;7;0;2;3;1;1
202300024326;155 637 486;7;0;2;3;1;1
202300024327;155 637 487;7;0;2;1;1;1
202300024327;155 637 491;7;0;2;5;19;1
202300024328;155 637 483;7;0;1;1;1;1
202300024329;155 637 482;7;0;1;1;1;1
202300024330;155 637 481;7;0;2;8;2;3
202300024330;155 637 484;7;0;2;1;15;1
202300024331;155 637 480;7;13;9;0;1;1
202300024332;155 637 478;15;13;0;0;13;1
202300024333;155 637 477;7;0;2;1;5;1
202300024333;155 637 479;15;0;2;1;1;1
202300024334;155 637 472;7;0;2;1;1;1
202300024334;155 637 473;15;0;0;6;1;1
202300024334;155 637 476;33;0;0;1;1;1
202300024335;155 637 471;7;0;9;2;17;1
202300024335;155 637 474;1;0;2;3;1;5
202300024336;155 637 470;7;0;2;8;1;1
202300024336;155 637 475;7;0;2;1;1;1
202300024337;155 637 468;10;4;1;3;1;1
202300024338;155 637 467;7;13;0;1;1;1
202300024339;155 637 466;7;0;0;2;17;1
202300024339;155 637 469;10;0;0;2;15;0
202300024340;155 637 463;7;0;2;3;19;2
202300024340;155 637 465;2;0;2;1;13;1
202300024341;155 637 460;7;2;0;8;1;1
202300024342;155 637 457;7;4;0;1;1;1
202300024342;155 637 458;7;1;2;3;1;1
202300024342;155 637 461;7;4;0;5;1;1
202300024342;155 637 462;10;0;2;4;1;1
202300024342;155 637 464;17;0;0;6;24;1
202300024343;155 637 456;7;0;2;1;1;1
202300024343;155 637 459;7;0;2;1;1;1
202300024344;155 637 453;7;0;2;2;2;1
202300024344;155 637 454;17;0;2;4;2;1
202300024345;155 637 452;7;0;2;3;1;1
202300024345;155 637 455;7;0;2;6;9;1
202300024346;155 637 449;33;0;2;8;13;1
202300024346;155 637 450;32;0;2;3;15;1
202300024347;155 637 447;80;0;0;0;0;3
202300024348;155 637 448;7;0;2;1;1;1
202300024348;155 637 451;7;0;2;1;1;1
202300024349;155 637 441;7;0;2;3;5;1
202300024349;155 637 444;7;0;2;2;1;1
202300024350;155 637 442;2;0;0;8;26;1
202300024351;155 637 440;7;0;2;3;0;1
202300024351;155 637 445;7;0;2;8;1;1
202300024352;155 637 439;7;0;2;8;19;1
202300024352;155 637 443;38;7;2;2;1;1
202300024352;155 637 446;7;0;0;0;1;1
202300024353;155 637 437;34;0;2;1;1;1
202300024353;155 637 438;32;0;2;1;17;1
202300024354;155 637 435;7;13;0;3;11;1
202300024355;155 637 434;10;0;2;2;21;1
202300024355;155 637 436;1;0;2;4;0;5
202300024356;155 637 433;7;0;1;1;1;1
202300024357;155 637 432;7;0;1;1;21;1
202300024358;155 637 431;13;0;0;0;17;1
202300024359;155 637 429;7;0;1;1;1;1
202300024360;155 637 428;7;2;0;8;1;1
202300024361;155 637 427;10;0;2;1;17;1
202300024361;155 637 430;38;0;2;1;1;1
202300024362;155 637 426;7;15;0;2;1;1
202300024363;155 637 424;7;2;2;1;5;1
202300024363;155 637 425;7;0;2;1;1;1
202300024364;155 637 420;2;0;0;7;1;1
202300024365;155 637 419;7;0;2;2;18;1
202300024365;155 637 423;7;0;2;3;15;1
202300024366;155 637 418;33;0;0;1;1;1
202300024366;155 637 422;15;0;0;6;19;1
202300024367;155 637 417;10;0;2;1;1;1
202300024367;155 637 421;17;3;0;9;6;1
202300024368;155 637 416;7;0;1;3;16;1
202300024369;155 637 412;7;0;2;1;1;1
202300024369;155 637 414;14;0;0;4;1;1
202300024370;155 637 410;10;0;2;3;19;1
202300024370;155 637 413;7;1;2;2;1;1
202300024371;155 637 411;2;0;2;1;1;1
202300024371;155 637 415;7;0;2;2;19;1
202300024372;155 637 408;7;0;2;3;13;1
202300024372;155 637 409;7;0;2;3;1;1
202300024373;155 637 406;7;2;0;1;14;1
202300024374;155 637 405;7;0;1;3;1;1
202300024375;155 637 404;10;3;2;1;11;1
202300024375;155 637 407;13;0;0;0;1;1
202300024376;155 637 403;33;0;0;0;1;1
202300024377;155 637 399;7;0;0;4;26;1
202300024377;155 637 402;20;0;2;1;2;1
202300024378;155 637 398;7;0;2;1;1;1
202300024378;155 637 401;7;0;2;4;1;1
202300024379;155 637 397;7;0;6;7;21;1
202300024380;155 637 394;7;6;0;1;0;1
202300024381;155 637 392;7;0;2;3;1;1
202300024381;155 637 395;7;0;0;0;1;1
202300024381;155 637 396;7;14;0;1;1;1
202300024381;155 637 400;7;0;0;1;2;1
202300024382;155 637 390;7;0;2;1;1;1
202300024382;155 637 391;31;0;2;1;1;1
202300024383;155 637 386;17;0;2;3;1;6
202300024383;155 637 389;17;0;2;2;13;1
202300024384;155 637 384;7;0;2;1;13;1
202300024384;155 637 387;31;0;2;1;13;0
202300024385;155 637 385;1;0;2;6;1;5
202300024385;155 637 388;0;0;2;0;1;0
202300024386;155 637 380;14;0;2;1;2;1
202300024386;155 637 381;7;0;2;9;2;1
202300024386;155 637 383;17;0;2;4;2;1
202300024387;155 637 378;7;6;0;1;14;2
202300024388;155 637 377;7;0;2;2;19;1
202300024388;155 637 382;7;0;2;3;1;1
202300024389;155 637 376;7;0;2;2;0;1
202300024389;155 637 379;1;0;0;4;0;5
202300024390;155 637 374;7;0;2;4;9;1
202300024390;155 637 375;7;0;2;1;9;1
202300024391;155 637 371;7;0;9;2;15;1
202300024391;155 637 373;1;0;2;1;1;5
202300024392;155 637 372;7;11;0;1;1;1
202300024393;155 637 368;7;0;2;4;2;1
202300024393;155 637 369;7;0;2;1;2;1
202300024394;155 637 366;33;0;0;1;0;1
202300024395;155 637 363;7;0;1;3;0;1
202300024396;155 637 365;7;0;2;7;1;1
202300024396;155 637 367;33;0;2;1;1;1
202300024397;155 637 359;7;0;2;5;1;1
202300024397;155 637 360;7;0;2;4;2;1
202300024397;155 637 361;7;0;2;6;2;1
202300024397;155 637 362;14;0;2;2;2;1
202300024397;155 637 364;7;0;2;2;21;1
202300024398;155 637 358;7;13;0;2;1;3
202300024399;155 637 357;17;0;1;2;1;1
202300024400;155 637 354;7;0;2;6;9;0
202300024400;155 637 356;15;0;2;2;1;0
202300024401;155 637 352;31;3;0;1;1;1
202300024402;155 637 353;7;0;2;6;19;1
202300024402;155 637 355;7;0;2;1;19;1
202300024403;155 637 348;33;0;2;8;13;1
202300024403;155 637 350;7;1;2;7;1;1
202300024404;155 637 349;7;0;2;2;2;0
202300024404;155 637 351;7;0;0;6;1;0
202300024405;155 637 346;10;2;0;2;14;1
202300024406;155 637 344;2;0;2;2;1;3
202300024406;155 637 347;7;0;2;3;1;1
202300024407;155 637 342;15;0;2;4;1;1
202300024407;155 637 345;7;0;2;1;1;1
202300024408;155 637 338;7;4;0;1;1;4
202300024409;155 637 337;7;2;0;1;1;1
202300024410;155 637 334;7;0;2;2;12;1
202300024410;155 637 336;7;0;2;6;1;1
202300024411;155 637 335;1;0;0;0;23;5
202300024412;155 637 330;7;3;0;1;9;1
202300024413;155 637 332;10;2;0;1;0;1
202300024414;155 637 331;7;0;2;7;19;1
202300024414;155 637 333;7;0;2;1;1;1
202300024415;155 637 328;7;4;0;1;1;1
202300024416;155 637 329;10;0;1;1;1;1
202300024417;155 637 325;7;4;0;1;14;1
202300024418;155 637 327;7;2;0;1;1;1
202300024419;155 637 324;10;0;1;5;4;1
202300024420;155 637 323;7;0;2;3;13;1
202300024420;155 637 326;7;0;2;3;1;1
202300024421;155 637 322;7;4;0;2;1;1
202300024422;155 637 320;33;0;1;3;1;1
202300024423;155 637 318;7;4;0;8;17;1
202300024424;155 637 319;7;0;2;3;11;1
202300024424;155 637 321;34;0;2;7;17;1
202300024425;155 637 315;32;0;1;1;11;1
202300024426;155 637 316;7;0;2;1;1;1
202300024426;155 637 317;30;0;2;4;1;1
202300024427;155 637 312;7;0;2;1;1;1
202300024427;155 637 313;7;0;2;4;1;1
202300024427;155 637 314;7;0;2;1;1;1
202300024428;155 637 311;33;0;0;0;0;1
202300024429;155 637 310;10;0;1;4;20;1
202300024430;155 637 307;31;0;2;8;1;1
202300024430;155 637 308;7;0;2;7;0;0
202300024431;155 637 306;15;0;2;6;23;1
202300024431;155 637 309;7;0;2;1;2;1
202300024432;155 637 304;2;0;0;1;1;0
202300024433;155 637 303;33;0;2;1;3;1
202300024433;155 637 305;7;0;2;6;15;1
202300024434;155 637 302;10;2;0;8;0;1
202300024435;155 637 299;7;0;2;5;16;1
202300024435;155 637 301;60;0;0;0;1;5
202300024436;155 637 297;7;0;1;1;1;1
202300024437;155 637 295;7;0;2;1;23;1
202300024437;155 637 298;7;1;0;1;13;1
202300024438;155 637 292;7;0;1;1;1;1
202300024439;155 637 291;33;0;2;0;0;1
202300024439;155 637 294;7;0;2;3;1;1
202300024440;155 637 288;7;8;0;1;13;1
202300024441;155 637 286;30;8;0;1;1;1
202300024442;155 637 285;7;0;2;7;19;1
202300024442;155 637 287;7;0;2;1;19;1
202300024443;155 637 281;7;0;2;1;19;1
202300024443;155 637 283;7;0;2;7;1;1
202300024444;155 637 282;10;0;2;3;21;1
202300024444;155 637 284;10;0;2;1;2;1
202300024444;155 637 289;7;0;2;5;2;1
202300024444;155 637 290;10;0;2;7;2;1
202300024444;155 637 293;7;0;2;6;2;1
202300024444;155 637 296;10;0;2;4;0;1
202300024444;155 637 300;7;0;2;7;21;1
202300024445;155 637 280;1;0;0;0;21;5
202300024446;155 637 279;7;0;1;1;15;3
202300024447;155 637 277;7;0;2;3;11;1
202300024447;155 637 278;31;0;2;2;1;1
202300024448;155 637 276;33;0;9;1;16;1
202300024449;155 637 272;7;0;1;3;15;1
202300024450;155 637 273;7;0;2;2;16;1
202300024450;155 637 274;30;0;2;3;18;1
202300024451;155 637 271;33;13;0;0;1;0
202300024452;155 637 270;7;0;2;4;2;1
202300024452;155 637 275;7;0;2;1;1;1
202300024453;155 637 269;50;0;0;1;14;3
202300024454;155 637 267;10;0;2;3;14;1
202300024454;155 637 268;50;0;2;8;23;3
202300024455;155 637 265;7;0;1;1;1;1
202300024456;155 637 262;31;0;2;1;8;1
202300024456;155 637 264;7;0;2;7;15;1
202300024456;155 637 266;7;0;2;2;26;0
202300024457;155 637 259;7;0;1;5;20;0
202300024458;155 637 256;17;0;2;1;1;1
202300024458;155 637 258;17;0;2;4;1;1
202300024458;155 637 260;7;0;2;4;1;1
202300024459;155 637 252;7;0;2;3;15;1
202300024459;155 637 257;32;0;2;2;1;1
202300024460;155 637 253;7;0;2;3;1;1
202300024460;155 637 255;1;0;2;2;1;5
202300024461;155 637 251;7;0;2;1;1;1
202300024461;155 637 254;7;0;2;3;1;2
202300024462;155 637 250;7;14;0;1;26;1
202300024463;155 637 248;7;0;1;1;1;1
202300024464;155 637 246;31;0;2;1;1;1
202300024464;155 637 247;7;0;2;2;15;1
202300024465;155 637 245;7;0;2;8;1;1
202300024465;155 637 249;7;0;2;1;1;1
202300024466;155 637 244;17;0;1;1;1;1
202300024467;155 637 236;1;0;2;6;2;5
202300024467;155 637 238;1;0;2;5;2;5
202300024467;155 637 241;10;0;2;2;2;1
202300024468;155 637 235;34;0;2;1;2;1
202300024468;155 637 239;10;0;2;6;2;1
202300024469;155 637 232;7;8;2;1;15;1
202300024469;155 637 233;7;0;2;8;1;1
202300024469;155 637 237;37;0;2;8;0;0
202300024470;155 637 228;7;0;2;1;1;1
202300024470;155 637 229;14;0;2;4;1;1
202300024471;155 637 227;21;1;0;1;1;1
202300024471;155 637 231;35;0;0;4;24;1
202300024472;155 637 226;10;0;1;1;12;1
202300024473;155 637 221;7;0;1;1;1;1
202300024474;155 637 222;7;0;2;8;11;1
202300024474;155 637 223;34;0;2;7;3;1
202300024475;155 637 219;7;12;0;3;13;1
202300024476;155 637 218;7;0;2;0;0;0
202300024476;155 637 220;7;0;2;0;0;1
202300024477;155 637 216;7;0;1;1;15;1
202300024478;155 637 214;7;8;0;1;1;1
202300024479;155 637 213;2;0;2;7;1;1
202300024479;155 637 217;7;0;2;1;1;1
202300024480;155 637 212;7;0;2;4;2;1
202300024480;155 637 215;7;0;2;1;2;1
202300024481;155 637 210;7;0;2;3;1;1
202300024481;155 637 211;7;0;2;3;1;1
202300024482;155 637 208;7;0;1;2;0;1
202300024483;155 637 207;17;4;0;1;1;1
202300024484;155 637 206;7;0;2;4;2;1
202300024484;155 637 209;7;0;2;1;2;1
202300024485;155 637 204;7;0;0;3;1;0
202300024485;155 637 205;10;0;0;3;1;1
202300024486;155 637 200;7;0;2;1;2;1
202300024486;155 637 203;7;0;2;4;23;1
202300024487;155 637 199;7;0;2;4;2;1
202300024487;155 637 202;7;0;2;1;2;1
202300024488;155 637 198;7;0;2;8;26;1
202300024488;155 637 201;7;0;2;2;1;1
202300024489;155 637 197;7;0;1;2;0;1
202300024490;155 637 194;37;0;0;4;1;1
202300024490;155 637 196;7;0;0;1;0;0
202300024491;155 637 193;10;0;2;1;2;1
202300024491;155 637 195;10;0;0;4;1;1
202300024492;155 637 190;7;0;2;4;1;0
202300024492;155 637 192;7;0;2;1;1;0
202300024493;155 637 189;1;0;2;7;1;5
202300024493;155 637 191;10;0;9;1;2;1
202300024494;155 637 186;7;0;2;1;2;1
202300024494;155 637 188;13;0;2;4;1;1
202300024495;155 637 185;2;0;2;4;1;0
202300024495;155 637 187;7;0;0;4;1;
202300024496;155 637 181;7;0;2;1;1;1
202300024496;155 637 183;7;0;2;8;1;1
202300024497;155 637 182;33;0;2;1;1;1
202300024497;155 637 184;7;0;2;5;15;1
202300024498;155 637 179;33;0;2;1;3;1
202300024498;155 637 180;7;0;2;5;1;0
202300024499;155 637 178;17;3;0;3;0;1
202300024500;155 637 175;7;0;2;7;1;1
202300024500;155 637 177;1;0;2;1;11;5
202300024501;155 637 174;31;0;2;1;1;1
202300024501;155 637 176;7;0;2;3;1;1
202300024502;155 637 168;7;0;2;4;2;1
202300024502;155 637 171;7;0;2;4;2;3
202300024502;155 637 173;10;0;2;1;2;1
202300024503;155 637 166;7;0;2;3;23;1
202300024503;155 637 170;33;0;2;7;23;1
202300024504;155 637 164;7;13;0;1;1;0
202300024505;155 637 160;7;0;2;2;12;0
202300024505;155 637 163;33;0;2;8;3;0
202300024506;155 637 159;7;0;2;2;14;0
202300024506;155 637 161;32;0;2;6;1;0
202300024507;155 637 155;10;0;1;1;15;1
202300024508;155 637 153;33;0;2;2;21;1
202300024508;155 637 156;7;0;2;6;1;1
202300024509;155 637 152;2;0;2;1;19;1
202300024509;155 637 157;7;0;2;3;19;1
202300024510;155 637 154;7;0;2;3;9;1
202300024510;155 637 158;33;0;2;1;17;3
202300024511;155 637 150;7;4;0;2;2;1
202300024512;155 637 151;7;0;1;0;15;1
202300024513;155 637 149;7;0;1;1;17;1
202300024514;155 637 146;33;0;0;8;1;1
202300024515;155 637 145;7;13;0;1;1;1
202300024516;155 637 144;37;0;1;1;1;1
202300024517;155 637 138;16;4;2;4;2;1
202300024517;155 637 141;17;4;2;1;2;1
202300024518;155 637 137;7;0;2;1;1;1
202300024518;155 637 142;10;0;2;8;19;1
202300024519;155 637 135;32;13;0;9;1;6
202300024520;155 637 131;7;0;1;3;15;1
202300024521;155 637 129;7;2;0;3;1;1
202300024522;155 637 128;14;0;2;1;1;1
202300024522;155 637 132;7;0;2;1;1;0
202300024522;155 637 134;10;0;2;4;1;1
202300024522;155 637 136;7;0;2;4;2;
202300024522;155 637 140;7;0;2;4;2;0
202300024522;155 637 143;7;0;2;4;2;0
202300024522;155 637 147;7;0;2;4;0;0
202300024522;155 637 148;10;0;2;4;2;0
202300024523;155 637 126;7;1;1;1;1;1
202300024524;155 637 125;7;0;2;4;2;1
202300024524;155 637 127;7;0;2;4;2;1
202300024524;155 637 130;7;0;2;4;2;1
202300024524;155 637 133;7;0;2;1;2;1
202300024525;155 637 123;7;0;0;6;2;1
202300024525;155 637 124;7;1;2;1;2;1
202300024526;155 637 122;10;0;1;1;1;1
202300024527;155 637 116;1;0;1;1;1;5
202300024528;155 637 117;7;0;2;2;1;1
202300024528;155 637 120;32;16;0;4;1;1
202300024529;155 637 115;7;0;9;3;9;1
202300024529;155 637 119;33;0;2;1;17;1
202300024530;155 637 113;10;0;2;1;1;1
202300024530;155 637 114;10;0;2;4;1;1
202300024530;155 637 118;7;0;2;4;1;1
202300024530;155 637 121;7;0;2;4;1;1
202300024531;155 637 109;7;0;2;3;15;1
202300024531;155 637 112;7;0;2;1;1;1
202300024532;155 637 107;7;0;1;1;1;1
202300024533;155 637 108;7;1;0;1;1;1
202300024534;155 637 106;7;0;2;4;1;1
202300024534;155 637 110;7;0;2;4;2;1
202300024534;155 637 111;7;0;2;3;2;1
202300024535;155 637 102;7;0;2;1;15;1
202300024535;155 637 105;7;0;2;1;1;1
202300024536;155 637 099;7;0;2;5;2;1
202300024536;155 637 101;10;0;2;3;2;1
202300024536;155 637 103;7;0;2;3;1;1
202300024537;155 637 097;1;0;2;7;1;5
202300024537;155 637 104;7;0;2;1;1;1
202300024538;155 637 096;7;0;2;1;2;1
202300024538;155 637 098;7;0;2;4;23;1
202300024539;155 637 095;7;0;9;1;15;1
202300024539;155 637 100;1;0;2;1;1;5
202300024540;155 637 093;7;0;2;2;12;1
202300024540;155 637 094;33;0;2;8;3;1
202300024541;155 637 090;7;0;9;3;15;1
202300024541;155 637 092;2;0;2;7;1;0
202300024542;155 637 089;7;0;2;2;15;1
202300024542;155 637 091;7;0;2;1;1;1
202300024543;155 637 086;7;0;2;2;15;0
202300024543;155 637 088;32;0;2;1;1;1
202300024544;155 637 085;7;0;2;4;2;1
202300024544;155 637 087;7;0;2;1;2;1
202300024545;155 637 082;7;0;2;3;15;1
202300024545;155 637 084;1;0;2;3;23;0
202300024546;155 637 081;7;0;2;3;1;0
202300024546;155 637 083;7;0;2;6;4;0
202300024547;155 637 080;7;0;0;3;20;1
202300024548;155 637 079;7;4;0;1;21;1
202300024549;155 637 074;7;0;2;7;19;1
202300024549;155 637 077;1;0;2;1;1;5
202300024550;155 637 071;33;0;2;0;1;1
202300024550;155 637 075;7;0;2;6;1;1
202300024551;155 637 069;10;0;9;1;2;1
202300024551;155 637 072;33;0;2;4;2;1
202300024552;155 637 068;7;0;2;8;0;1
202300024552;155 637 070;31;0;2;1;21;1
202300024552;155 637 073;7;0;2;1;1;2
202300024552;155 637 076;7;0;2;1;1;1
202300024552;155 637 078;7;0;2;1;1;1
202300024553;155 637 066;7;0;2;3;1;1
202300024553;155 637 067;7;0;2;3;15;1
202300024554;155 637 065;1;0;0;0;0;5
202300024555;155 637 064;10;3;0;3;13;1
202300024556;155 637 062;7;0;2;7;1;1
202300024556;155 637 063;7;0;2;8;20;1
202300024557;155 637 061;7;0;1;2;26;1
202300024558;155 637 058;7;0;2;1;2;0
202300024558;155 637 060;17;0;2;4;2;0
202300024559;155 637 057;7;0;2;3;16;1
202300024559;155 637 059;10;0;2;2;1;1
202300024560;155 637 055;7;0;1;3;1;1
202300024561;155 637 054;7;0;2;1;16;1
202300024561;155 637 056;7;0;2;1;1;1
202300024562;155 637 053;37;0;1;7;23;0
202300024563;155 637 051;7;0;1;2;1;1
202300024564;155 637 050;7;0;2;8;1;1
202300024564;155 637 052;7;0;2;3;15;1
202300024565;155 637 047;7;0;2;3;5;1
202300024565;155 637 049;33;0;2;3;1;1
202300024566;155 637 046;10;0;2;1;1;1
202300024566;155 637 048;34;0;2;4;1;1
202300024567;155 637 045;3;15;0;9;9;1
202300024568;155 637 041;7;0;2;1;2;1
202300024568;155 637 044;7;0;2;4;2;1
202300024569;155 637 040;7;0;0;3;0;0
202300024569;155 637 043;2;0;2;3;17;0
202300024570;155 637 038;33;0;1;1;1;1
202300024571;155 637 037;33;0;0;2;1;1
202300024572;155 637 035;7;0;1;2;1;1
202300024573;155 637 030;10;0;2;2;2;0
202300024573;155 637 032;17;0;0;6;1;0
202300024574;155 637 029;7;0;2;3;1;1
202300024574;155 637 031;7;0;2;3;1;1
202300024575;155 637 025;7;0;1;1;1;1
202300024576;155 637 024;10;0;2;3;11;1
202300024576;155 637 027;32;0;2;2;1;1
202300024577;155 637 023;7;0;2;3;9;1
202300024577;155 637 034;1;0;2;2;1;5
202300024578;155 637 022;7;0;0;6;1;0
202300024578;155 637 026;31;0;2;1;1;0
202300024579;155 637 018;32;0;2;6;1;1
202300024579;155 637 020;7;0;2;2;12;1
202300024580;155 637 017;7;2;0;5;0;1
202300024581;155 637 015;7;0;2;4;2;1
202300024581;155 637 016;7;0;2;4;2;1
202300024581;155 637 019;7;0;2;4;2;1
202300024581;155 637 021;7;0;2;1;2;1
202300024582;155 637 013;7;0;0;4;1;1
202300024583;155 637 009;7;0;2;8;23;1
202300024583;155 637 011;31;0;2;5;1;1
202300024584;155 637 007;33;0;2;7;3;1
202300024584;155 637 010;7;0;2;8;1;1
202300024584;155 637 012;7;0;2;0;1;1
202300024584;155 637 014;10;0;2;3;12;1
202300024585;155 637 006;50;0;2;1;2;3
202300024585;155 637 008;7;0;2;4;23;0
202300024586;155 637 005;7;3;0;1;1;1
202300024587;155 637 003;7;0;1;2;1;1
202300024588;155 637 001;37;0;0;6;0;1
202300024588;155 637 002;1;0;2;1;1;5
202300024588;155 637 004;7;0;0;2;1;1
202300024589;155 636 998;7;0;1;1;1;0
202300024590;155 636 997;10;0;2;3;1;1
202300024590;155 636 999;33;3;2;2;1;1
202300024590;155 637 000;7;0;2;8;11;1
202300024591;155 636 995;1;0;2;8;13;5
202300024591;155 636 996;17;0;9;7;1;1
202300024592;155 636 994;7;1;0;1;14;3
202300024593;155 636 993;7;4;0;3;26;1
202300024594;155 636 991;7;4;0;1;0;1
202300024595;155 636 989;7;0;2;1;19;2
202300024595;155 636 992;2;0;2;7;1;1
202300024596;155 636 986;10;0;2;4;1;1
202300024596;155 636 988;34;0;2;1;3;1
202300024596;155 636 990;7;0;2;8;11;0
202300024597;155 636 984;7;0;2;4;2;1
202300024597;155 636 985;7;0;2;1;2;1
202300024598;155 636 980;7;0;2;2;0;1
202300024598;155 636 982;7;0;0;6;11;1
202300024599;155 636 981;7;0;1;1;26;2
202300024600;155 636 978;10;0;2;2;23;1
202300024600;155 636 979;2;0;0;0;26;1
202300024601;155 636 977;50;0;0;0;19;3
202300024602;155 636 983;7;0;2;3;15;1
202300024602;155 636 987;2;0;2;1;2;1
202300024603;155 636 976;33;12;0;0;1;1
202300024604;155 636 972;7;0;0;5;2;1
202300024604;155 636 973;7;0;2;3;2;1
202300024605;155 636 970;33;0;0;0;1;0
202300024606;155 636 971;30;0;2;1;0;1
202300024606;155 636 974;7;0;2;7;2;1
202300024607;155 636 968;7;0;2;2;1;1
202300024607;155 636 969;2;0;0;1;1;1