Num_Acc;id_vehicule;categorie_vehicule;obstacle_fixe;obstacle_mobile;point_choc_initial;manoeuvre_principale;motorisation
202300024608;155 636 965;7;0;2;3;15;1
202300024608;155 636 967;1;0;2;1;1;5
202300024609;155 636 964;7;0;2;2;15;1
202300024609;155 636 966;1;0;2;1;1;5
202300024610;155 636 962;7;0;2;5;4;6
202300024610;155 636 963;7;0;2;2;1;6
202300024611;155 636 961;7;0;1;1;2;0
202300024612;155 636 958;1;0;2;8;1;5
202300024612;155 636 959;7;0;9;2;15;1
202300024613;155 636 956;7;2;0;1;1;1
202300024614;155 636 957;33;0;2;1;17;1
202300024614;155 636 960;7;0;2;6;15;1
202300024615;155 636 954;7;0;2;2;13;1
202300024615;155 636 955;33;0;2;3;1;1
202300024616;155 636 952;3;0;2;3;9;1
202300024616;155 636 953;33;0;2;1;1;1
202300024617;155 636 951;7;0;1;1;2;1
202300024618;155 636 950;7;8;0;1;0;6
202300024619;155 636 947;10;0;2;1;1;1
202300024619;155 636 948;7;0;2;8;1;1
202300024620;155 636 949;7;0;1;2;16;1
202300024621;155 636 942;10;0;2;2;2;1
202300024621;155 636 943;7;0;2;6;2;1
202300024622;155 636 940;7;4;0;1;21;0
202300024623;155 636 938;7;0;2;5;2;6
202300024623;155 636 939;33;0;2;1;3;1
202300024624;155 636 941;7;0;2;4;1;1
202300024624;155 636 944;7;1;2;1;2;1
202300024625;155 636 936;7;0;2;6;11;1
202300024625;155 636 937;33;0;2;1;3;1
202300024626;155 636 934;7;0;1;2;1;1
202300024627;155 636 933;1;0;1;1;1;5
202300024628;155 636 931;14;0;2;1;1;1
202300024628;155 636 932;7;0;2;4;23;1
202300024628;155 636 935;10;0;2;4;1;1
202300024629;155 636 930;30;0;0;0;1;1
202300024630;155 636 928;7;0;0;3;1;1
202300024630;155 636 929;7;0;0;3;13;1
202300024631;155 636 925;7;0;2;0;1;1
202300024631;155 636 926;10;0;0;1;1;1
202300024632;155 636 923;7;0;1;3;2;1
202300024633;155 636 922;7;0;2;4;1;1
202300024633;155 636 924;7;0;2;1;2;1
202300024633;155 636 927;7;0;2;1;2;1
202300024634;155 636 920;1;0;2;4;1;5
202300024634;155 636 921;10;0;2;1;1;1
202300024635;155 636 919;10;0;1;1;1;1
202300024636;155 636 916;32;1;0;1;2;1
202300024636;155 636 917;7;0;2;8;24;1
202300024637;155 636 915;7;0;2;3;13;1
202300024637;155 636 918;7;0;2;3;1;1
202300024638;155 636 913;7;0;2;3;1;1
202300024638;155 636 914;7;0;2;3;0;1
202300024639;155 636 912;10;0;1;1;1;3
202300024640;155 636 910;1;0;2;4;9;5
202300024640;155 636 911;7;0;2;1;1;1
202300024641;155 636 909;7;0;1;2;1;1
202300024642;155 636 907;30;0;4;3;19;1
202300024642;155 636 908;40;0;2;2;1;3
202300024643;155 636 906;10;2;0;1;13;1
202300024644;155 636 905;7;0;1;1;1;1
202300024645;155 636 904;7;5;0;1;1;1
202300024646;155 636 902;7;0;1;2;1;1
202300024647;155 636 900;7;0;1;2;1;1
202300024648;155 636 901;7;0;2;1;1;2
202300024648;155 636 903;7;0;2;4;1;1
202300024649;155 636 894;7;0;0;0;14;0
202300024649;155 636 896;1;0;0;0;18;5
202300024650;155 636 893;7;1;2;1;2;1
202300024650;155 636 897;7;0;2;4;1;1
202300024651;155 636 891;1;12;0;1;25;5
202300024652;155 636 890;14;8;2;1;1;1
202300024652;155 636 892;7;0;2;1;0;1
202300024652;155 636 895;14;0;2;4;1;1
202300024652;155 636 898;7;0;2;4;1;1
202300024652;155 636 899;14;0;2;8;1;1
202300024653;155 636 888;32;0;0;8;18;1
202300024653;155 636 889;7;0;0;0;7;1
202300024654;155 636 887;30;0;0;8;15;3
202300024655;155 636 885;1;1;0;7;2;5
202300024655;155 636 886;7;0;2;8;20;1
202300024656;155 636 884;7;0;1;1;1;1
202300024657;155 636 883;7;3;0;3;1;1
202300024658;155 636 881;7;0;2;8;22;2
202300024658;155 636 882;1;0;2;1;17;5
202300024659;155 636 879;7;0;1;1;1;1
202300024660;155 636 880;7;1;0;2;2;1
202300024661;155 636 877;33;0;2;4;23;1
202300024661;155 636 878;7;0;2;1;2;2
202300024662;155 636 876;80;12;0;0;20;3
202300024663;155 636 874;7;0;2;2;15;1
202300024663;155 636 875;33;0;2;1;7;1
202300024664;155 636 873;10;0;1;1;16;1
202300024665;155 636 871;7;0;2;7;15;1
202300024665;155 636 872;7;0;2;3;1;1
202300024666;155 636 868;7;0;2;0;0;1
202300024666;155 636 870;13;0;2;1;1;0
202300024667;155 636 867;33;0;2;1;1;1
202300024667;155 636 869;7;0;2;7;19;2
202300024668;155 636 864;7;0;2;4;1;1
202300024668;155 636 865;7;0;2;4;1;1
202300024668;155 636 866;10;0;2;1;2;1
202300024669;155 636 862;7;0;1;1;16;1
202300024670;155 636 861;7;0;2;1;5;1
202300024670;155 636 863;34;0;2;1;1;1
202300024671;155 636 860;7;1;1;1;1;1
202300024672;155 636 857;34;0;2;1;1;1
202300024672;155 636 859;7;0;2;7;19;1
202300024673;155 636 855;7;0;2;7;16;1
202300024673;155 636 858;37;0;2;3;7;1
202300024674;155 636 854;7;0;2;7;1;1
202300024674;155 636 856;1;0;2;1;19;5
202300024675;155 636 852;7;0;2;1;1;1
202300024675;155 636 853;1;0;2;4;1;5
202300024676;155 636 849;7;0;1;0;16;0
202300024677;155 636 848;7;0;2;1;2;1
202300024677;155 636 851;7;0;2;4;1;1
202300024678;155 636 847;2;0;2;7;10;1
202300024678;155 636 850;31;0;2;1;1;1
202300024679;155 636 844;7;0;1;1;1;1
202300024680;155 636 843;1;0;2;2;1;5
202300024680;155 636 846;7;0;2;1;19;1
202300024681;155 636 842;7;0;2;2;1;1
202300024681;155 636 845;7;0;2;1;15;1
202300024682;155 636 840;7;15;2;1;1;1
202300024682;155 636 841;7;0;2;2;1;1
202300024683;155 636 838;7;8;0;1;1;1
202300024684;155 636 839;7;4;0;9;9;1
202300024685;155 636 836;30;0;0;0;0;0
202300024685;155 636 837;50;0;2;1;1;3
202300024686;155 636 834;7;0;1;1;16;1
202300024687;155 636 835;7;13;0;1;16;1
202300024688;155 636 832;7;0;2;1;1;1
202300024688;155 636 833;7;0;1;1;1;1
202300024689;155 636 830;1;0;2;0;0;5
202300024689;155 636 831;7;0;2;0;1;1
202300024690;155 636 827;7;0;2;2;16;1
202300024690;155 636 828;34;0;2;3;1;1
202300024691;155 636 825;50;0;2;0;19;3
202300024691;155 636 826;7;0;2;0;1;1
202300024692;155 636 824;7;0;1;1;17;1
202300024693;155 636 823;99;0;0;1;0;3
202300024694;155 636 819;7;0;1;1;1;0
202300024695;155 636 820;7;0;2;7;15;1
202300024695;155 636 821;7;0;2;1;1;1
202300024696;155 636 818;2;0;2;2;12;1
202300024696;155 636 822;7;0;2;3;1;1
202300024697;155 636 815;7;0;2;1;1;1
202300024697;155 636 817;7;0;2;2;15;1
202300024698;155 636 814;7;0;2;3;15;1
202300024698;155 636 816;33;0;2;1;13;1
202300024699;155 636 812;7;0;2;0;15;1
202300024699;155 636 813;7;0;2;3;1;1
202300024700;155 636 810;7;0;2;1;1;1
202300024700;155 636 811;7;0;2;8;1;1
202300024701;155 636 809;7;0;1;1;1;1
202300024702;155 636 805;0;0;1;0;0;0
202300024703;155 636 804;7;0;2;1;19;1
202300024703;155 636 807;7;0;2;1;1;1
202300024704;155 636 806;7;0;1;3;1;0
202300024705;155 636 802;7;0;1;1;1;1
202300024706;155 636 801;33;0;2;2;1;1
202300024706;155 636 803;7;0;2;6;9;1
202300024707;155 636 800;7;0;1;2;1;1
202300024708;155 636 799;7;3;0;3;14;1
202300024709;155 636 797;33;0;2;7;17;1
202300024709;155 636 798;7;0;2;3;15;1
202300024710;155 636 795;2;0;2;3;16;1
202300024710;155 636 796;33;0;2;3;13;1
202300024711;155 636 794;7;9;0;1;13;1
202300024712;155 636 792;7;0;0;3;0;6
202300024712;155 636 793;7;0;0;3;0;6
202300024713;155 636 790;2;0;2;1;17;1
202300024713;155 636 791;7;0;2;8;15;1
202300024714;155 636 787;7;8;0;1;1;1
202300024714;155 636 789;10;0;2;0;15;1
202300024715;155 636 786;33;0;2;1;1;1
202300024715;155 636 788;10;0;2;8;15;1
202300024716;155 636 781;10;0;2;3;21;1
202300024716;155 636 783;7;0;2;3;15;1
202300024716;155 636 785;32;0;2;1;17;1
202300024717;155 636 780;7;0;2;1;1;1
202300024717;155 636 784;7;6;2;7;1;1
202300024718;155 636 777;7;0;0;4;23;2
202300024718;155 636 778;7;0;2;1;1;1
202300024718;155 636 779;7;0;2;1;2;1
202300024718;155 636 782;7;0;2;1;2;1
202300024719;155 636 775;7;0;1;4;20;1
202300024720;155 636 772;7;0;2;1;1;1
202300024720;155 636 774;7;0;2;1;1;1
202300024720;155 636 776;7;0;2;4;1;3
202300024721;155 636 770;7;0;2;1;1;1
202300024721;155 636 773;7;0;2;1;13;1
202300024722;155 636 767;7;9;0;3;21;1
202300024723;155 636 765;7;0;2;1;26;1
202300024723;155 636 768;7;0;2;1;26;1
202300024724;155 636 763;7;0;2;1;1;1
202300024724;155 636 764;7;0;2;4;1;1
202300024725;155 636 762;32;0;1;1;1;1
202300024726;155 636 760;32;0;6;1;1;1
202300024727;155 636 759;7;0;2;1;15;1
202300024727;155 636 761;7;0;2;1;1;1
202300024728;155 636 755;33;0;2;1;2;1
202300024728;155 636 757;7;0;0;6;15;1
202300024729;155 636 756;7;0;2;1;2;1
202300024729;155 636 758;1;0;2;8;11;5
202300024730;155 636 754;21;0;1;3;1;1
202300024731;155 636 753;7;13;0;1;1;1
202300024732;155 636 752;10;0;1;0;13;1
202300024733;155 636 749;31;13;0;7;2;1
202300024733;155 636 750;7;0;0;8;2;1
202300024734;155 636 748;7;6;0;1;13;1
202300024735;155 636 745;7;0;2;2;1;1
202300024735;155 636 746;7;0;2;3;1;1
202300024736;155 636 747;7;0;2;8;15;1
202300024736;155 636 751;7;0;2;1;17;1
202300024737;155 636 743;30;0;2;1;1;1
202300024737;155 636 744;7;0;2;7;16;1
202300024738;155 636 742;7;3;0;3;1;1
202300024739;155 636 739;7;8;0;1;1;1
202300024739;155 636 741;7;0;2;0;18;0
202300024740;155 636 737;7;0;1;7;1;1
202300024741;155 636 738;7;0;2;3;1;1
202300024741;155 636 740;7;0;2;3;13;1
202300024742;155 636 734;37;0;9;1;2;1
202300024742;155 636 736;50;0;2;3;19;3
202300024743;155 636 733;7;9;0;1;1;1
202300024744;155 636 732;7;0;2;6;15;1
202300024744;155 636 735;7;0;2;1;1;1
202300024745;155 636 731;7;0;1;2;1;1
202300024746;155 636 729;7;0;1;1;26;0
202300024747;155 636 728;33;0;2;1;0;1
202300024747;155 636 730;7;0;0;6;0;1
202300024748;155 636 725;7;0;2;8;26;1
202300024748;155 636 726;30;0;2;1;1;1
202300024749;155 636 723;7;0;9;2;1;1
202300024749;155 636 727;1;0;2;2;1;5
202300024750;155 636 722;2;0;2;2;15;1
202300024750;155 636 724;7;0;2;1;1;1
202300024751;155 636 721;1;15;0;1;25;5
202300024752;155 636 719;7;0;1;1;1;1
202300024753;155 636 718;50;0;2;1;5;3
202300024753;155 636 720;7;0;2;1;1;1
202300024754;155 636 716;20;13;0;1;1;1
202300024755;155 636 714;30;0;0;0;26;1
202300024756;155 636 715;7;0;2;1;1;1
202300024756;155 636 717;10;0;2;4;1;1
202300024757;155 636 713;7;0;1;1;14;1
202300024758;155 636 712;7;0;1;3;1;1
202300024759;155 636 711;7;0;1;1;1;1
202300024760;155 636 709;7;13;0;8;1;1
202300024760;155 636 710;7;0;2;3;1;1
202300024761;155 636 708;7;1;0;1;9;1
202300024762;155 636 707;7;14;0;1;19;1
202300024763;155 636 704;7;0;2;3;1;1
202300024763;155 636 705;7;0;2;3;16;1
202300024764;155 636 706;7;0;1;0;1;
202300024765;155 636 702;7;0;0;0;19;1
202300024766;155 636 703;38;0;1;1;1;1
202300024767;155 636 700;7;8;6;2;1;1
202300024768;155 636 697;1;0;2;8;1;5
202300024768;155 636 699;7;0;2;1;9;1
202300024769;155 636 698;7;1;0;4;24;1
202300024769;155 636 701;13;1;0;4;1;1
202300024770;155 636 694;7;0;2;1;15;1
202300024770;155 636 696;31;0;2;1;1;1
202300024771;155 636 693;1;0;2;0;0;5
202300024771;155 636 695;1;0;2;0;0;5
202300024772;155 636 692;7;2;0;1;1;1
202300024773;155 636 690;7;0;2;1;1;1
202300024774;155 636 689;7;0;2;2;1;1
202300024774;155 636 691;7;0;2;8;1;1
202300024775;155 636 688;14;0;1;2;1;1
202300024776;155 636 683;7;0;2;1;16;1
202300024776;155 636 686;1;0;2;8;1;5
202300024777;155 636 685;7;0;2;3;1;1
202300024777;155 636 687;7;0;2;2;15;1
202300024778;155 636 682;7;0;2;3;15;1
202300024778;155 636 684;33;0;2;1;1;1
202300024779;155 636 678;7;0;2;8;13;1
202300024779;155 636 681;7;0;2;1;21;2
202300024780;155 636 679;37;0;1;2;1;3
202300024781;155 636 677;7;0;2;1;0;1
202300024781;155 636 680;3;0;2;1;1;1
202300024782;155 636 673;10;0;2;3;19;1
202300024782;155 636 676;17;0;2;2;1;1
202300024783;155 636 674;37;0;0;8;0;1
202300024784;155 636 672;60;0;2;4;1;5
202300024784;155 636 675;7;0;2;1;1;0
202300024785;155 636 669;7;0;2;1;13;1
202300024785;155 636 671;7;0;2;1;1;1
202300024786;155 636 668;1;0;2;1;1;5
202300024786;155 636 670;7;0;2;1;9;1
202300024787;155 636 667;7;0;1;0;16;0
202300024788;155 636 665;7;0;0;5;23;1
202300024788;155 636 666;2;0;2;1;1;1
202300024789;155 636 662;7;7;0;9;14;1
202300024790;155 636 661;7;0;2;0;0;1
202300024790;155 636 664;50;0;2;3;1;3
202300024791;155 636 660;7;0;2;3;15;1
202300024791;155 636 663;43;0;2;1;1;1
202300024792;155 636 656;7;0;2;3;1;1
202300024792;155 636 657;7;0;2;1;13;1
202300024793;155 636 653;7;0;0;4;2;1
202300024793;155 636 655;7;0;0;1;11;1
202300024793;155 636 658;10;0;0;0;21;1
202300024793;155 636 659;7;0;0;1;2;1
202300024794;155 636 650;1;0;2;1;1;5
202300024794;155 636 652;7;0;2;2;9;3
202300024794;155 636 654;33;0;2;1;1;1
202300024795;155 636 648;7;0;2;3;1;1
202300024795;155 636 651;7;0;2;2;15;1
202300024796;155 636 647;7;4;2;0;0;1
202300024796;155 636 649;7;0;2;8;2;1
202300024797;155 636 645;7;8;0;6;13;1
202300024798;155 636 643;33;16;0;9;1;1
202300024799;155 636 644;1;0;2;1;1;5
202300024799;155 636 646;7;0;2;5;16;1
202300024800;155 636 642;10;0;1;1;1;1
202300024801;155 636 641;33;0;0;0;0;1
202300024802;155 636 640;7;0;1;3;1;1
202300024803;155 636 638;10;0;1;1;15;3
202300024804;155 636 636;7;0;2;3;15;1
202300024804;155 636 637;33;0;2;1;1;1
202300024804;155 636 639;33;13;2;1;1;1
202300024805;155 636 634;7;9;0;1;5;1
202300024806;155 636 633;7;0;2;7;2;1
202300024806;155 636 635;30;0;2;3;3;1
202300024807;155 636 631;7;0;2;3;13;1
202300024807;155 636 632;33;0;2;2;1;1
202300024808;155 636 630;34;0;1;1;1;1
202300024809;155 636 628;7;0;2;4;23;1
202300024809;155 636 629;7;0;2;1;2;1
202300024810;155 636 623;7;0;2;1;2;1
202300024810;155 636 626;7;0;2;1;2;1
202300024810;155 636 627;7;4;2;6;2;1
202300024811;155 636 621;7;0;2;3;13;1
202300024811;155 636 624;37;0;2;3;1;3
202300024812;155 636 622;7;1;2;1;0;1
202300024812;155 636 625;7;1;2;4;19;1
202300024813;155 636 620;7;13;0;1;1;0
202300024814;155 636 618;33;2;0;1;1;1
202300024815;155 636 617;7;0;2;3;1;1
202300024815;155 636 619;7;0;2;1;1;1
202300024816;155 636 616;33;9;9;9;1;1
202300024817;155 636 611;7;0;2;3;10;1
202300024817;155 636 613;31;0;2;1;1;1
202300024818;155 636 612;7;0;2;1;13;1
202300024818;155 636 614;7;0;2;3;1;0
202300024819;155 636 609;7;0;1;1;1;0
202300024820;155 636 608;7;0;2;7;19;1
202300024820;155 636 610;1;0;2;8;1;5
202300024821;155 636 606;7;4;0;1;14;1
202300024822;155 636 605;37;0;2;2;1;1
202300024822;155 636 615;7;0;2;3;0;1
202300024823;155 636 604;7;0;2;3;13;1
202300024823;155 636 607;7;0;2;1;1;2
202300024824;155 636 603;33;12;0;0;11;1
202300024825;155 636 601;32;0;1;1;1;1
202300024826;155 636 602;7;0;1;1;1;1
202300024827;155 636 600;1;0;0;8;2;5
202300024828;155 636 599;7;0;1;3;1;2
202300024829;155 636 598;7;9;0;3;16;1
202300024830;155 636 596;10;0;0;6;16;0
202300024830;155 636 597;33;0;2;1;1;0
202300024831;155 636 595;34;11;2;1;5;1
202300024832;155 636 592;10;0;2;3;9;0
202300024832;155 636 593;7;0;2;2;1;0
202300024833;155 636 591;7;0;2;0;23;1
202300024833;155 636 594;7;0;2;8;1;1
202300024834;155 636 589;7;0;2;3;1;0
202300024834;155 636 590;7;0;2;3;13;0
202300024835;155 636 588;7;10;0;1;12;0
202300024836;155 636 587;7;8;0;0;1;1
202300024837;155 636 585;7;0;9;3;1;1
202300024837;155 636 586;1;0;2;6;1;5
202300024838;155 636 582;50;0;0;0;0;3
202300024838;155 636 584;7;0;2;0;26;6
202300024839;155 636 580;7;0;2;4;15;1
202300024839;155 636 583;2;0;2;8;2;1
202300024840;155 636 578;7;0;2;4;1;1
202300024840;155 636 581;13;0;2;1;1;1
202300024841;155 636 576;1;0;2;7;1;5
202300024841;155 636 579;10;0;9;1;15;1
202300024842;155 636 575;7;0;2;3;15;1
202300024842;155 636 577;7;0;2;8;1;1
202300024843;155 636 573;7;4;2;9;1;1
202300024843;155 636 574;17;0;2;3;11;1
202300024844;155 636 572;2;14;0;0;5;1
202300024845;155 636 569;7;0;2;7;12;1
202300024845;155 636 570;31;0;2;0;0;1
202300024846;155 636 566;7;0;2;1;16;1
202300024846;155 636 567;50;0;0;8;1;3
202300024847;155 636 565;33;0;2;9;1;1
202300024847;155 636 568;7;0;2;1;15;1
202300024848;155 636 563;10;0;2;1;1;0
202300024848;155 636 564;7;0;2;5;1;0
202300024849;155 636 561;7;0;1;1;1;1
202300024850;155 636 559;7;5;0;1;21;1
202300024851;155 636 560;1;0;2;0;1;5
202300024851;155 636 562;7;0;2;8;9;2
202300024852;155 636 558;32;12;0;8;2;1
202300024853;155 636 557;7;11;0;1;3;1
202300024854;155 636 554;2;0;2;1;2;1
202300024854;155 636 556;34;0;2;4;1;3
202300024855;155 636 553;7;0;2;1;15;1
202300024855;155 636 555;33;0;2;8;1;1
202300024856;155 636 552;33;0;0;2;2;1
202300024857;155 636 551;33;0;0;1;26;1
202300024858;155 636 548;1;0;2;3;13;5
202300024858;155 636 549;2;0;2;1;1;1
202300024859;155 636 547;43;0;2;3;17;1
202300024859;155 636 550;7;0;2;3;15;1
202300024860;155 636 544;7;0;2;1;13;1
202300024860;155 636 546;33;0;2;7;17;1
202300024861;155 636 542;31;0;2;1;2;1
202300024861;155 636 543;7;0;2;4;2;1
202300024862;155 636 541;7;0;2;3;26;1
202300024862;155 636 545;1;0;2;1;26;5
202300024863;155 636 539;15;0;2;2;12;1
202300024863;155 636 540;7;0;2;8;1;0
202300024864;155 636 537;7;0;1;1;1;1
202300024865;155 636 536;7;0;2;2;19;1
202300024865;155 636 538;1;0;2;1;1;5
202300024866;155 636 534;10;0;2;5;1;1
202300024866;155 636 535;32;0;2;3;9;1
202300024867;155 636 530;10;0;1;3;1;0
202300024868;155 636 529;7;0;2;3;11;2
202300024868;155 636 532;7;0;2;2;0;1
202300024869;155 636 524;3;0;2;1;1;1
202300024869;155 636 527;34;0;2;1;11;1
202300024870;155 636 522;2;0;2;8;1;1
202300024870;155 636 526;7;0;2;1;19;2
202300024871;155 636 520;7;2;0;3;1;1
202300024872;155 636 517;7;0;2;1;13;1
202300024872;155 636 519;7;0;2;1;1;1
202300024873;155 636 516;7;0;2;3;1;1
202300024873;155 636 518;32;0;2;3;15;1
202300024874;155 636 515;1;0;0;0;0;5
202300024875;155 636 512;7;0;2;1;13;1
202300024875;155 636 514;7;0;2;1;1;1
202300024876;155 636 513;32;0;0;0;0;1
202300024877;155 636 510;33;0;2;1;2;1
202300024877;155 636 511;10;0;0;8;15;1
202300024878;155 636 506;7;0;2;1;0;1
202300024878;155 636 508;7;0;2;1;13;1
202300024879;155 636 507;2;6;0;3;17;0
202300024880;155 636 505;7;0;2;3;1;1
202300024880;155 636 509;30;0;2;2;1;1
202300024881;155 636 501;7;0;2;1;1;1
202300024881;155 636 504;7;0;2;3;9;1
202300024882;155 636 500;7;0;2;3;11;1
202300024882;155 636 503;33;0;2;2;17;1
202300024883;155 636 499;99;0;2;2;2;1
202300024883;155 636 502;60;0;2;0;0;5
202300024884;155 636 496;7;0;1;3;19;1
202300024885;155 636 495;2;0;2;1;2;1
202300024885;155 636 498;7;0;2;2;16;1
202300024886;155 636 494;7;0;2;1;1;3
202300024886;155 636 497;7;0;2;8;15;1
202300024887;155 636 490;7;0;2;7;1;0
202300024887;155 636 492;60;0;2;1;19;5
202300024888;155 636 488;1;0;2;7;1;5
202300024888;155 636 491;7;0;9;7;12;1
202300024889;155 636 489;7;0;2;2;1;1
202300024889;155 636 493;7;0;2;1;1;1
202300024890;155 636 484;33;0;2;1;1;1
202300024890;155 636 487;7;0;2;3;16;1
202300024891;155 636 482;50;0;2;7;1;3
202300024891;155 636 486;7;0;2;1;9;0
202300024892;155 636 481;7;0;2;4;2;1
202300024892;155 636 483;7;0;2;4;2;1
202300024892;155 636 485;7;0;2;1;2;1
202300024893;155 636 480;35;15;0;2;0;0
202300024894;155 636 479;33;4;0;2;2;1
202300024895;155 636 478;7;0;1;2;1;1
202300024896;155 636 477;7;0;1;2;1;1
202300024897;155 636 476;33;16;0;7;1;1
202300024898;155 636 473;33;0;9;2;17;0
202300024898;155 636 474;1;0;2;3;1;5
202300024899;155 636 472;34;0;0;1;1;1
202300024899;155 636 475;7;0;0;4;15;1
202300024900;155 636 470;7;2;0;1;0;2
202300024901;155 636 471;32;0;1;2;1;3
202300024902;155 636 466;7;0;9;1;1;1
202300024902;155 636 468;1;0;2;8;9;5
202300024903;155 636 467;33;0;2;1;5;0
202300024903;155 636 469;7;0;2;7;1;0
202300024904;155 636 464;31;0;2;3;1;1
202300024904;155 636 465;7;0;2;7;17;0
202300024905;155 636 460;7;8;0;4;15;1
202300024905;155 636 461;7;0;2;1;26;1
202300024906;155 636 462;33;0;2;7;17;1
202300024906;155 636 463;7;0;2;3;1;1
202300024907;155 636 458;7;0;0;4;1;1
202300024907;155 636 459;33;0;2;1;2;1
202300024908;155 636 457;7;0;1;3;1;1
202300024909;155 636 456;33;0;0;0;16;1
202300024910;155 636 455;7;4;0;2;1;1
202300024911;155 636 454;2;6;0;1;13;1
202300024912;155 636 453;7;4;2;1;1;1
202300024913;155 636 447;7;1;0;4;23;1
202300024913;155 636 449;7;0;2;4;23;0
202300024913;155 636 450;7;0;0;4;1;1
202300024913;155 636 451;7;0;2;1;1;1
202300024913;155 636 452;7;0;2;8;2;1
202300024914;155 636 448;7;0;1;2;1;1
202300024915;155 636 446;7;9;0;3;13;1
202300024916;155 636 443;33;0;2;1;17;1
202300024916;155 636 444;7;0;2;3;15;1
202300024917;155 636 441;7;0;2;4;23;0
202300024917;155 636 442;7;0;2;1;26;0
202300024918;155 636 440;7;0;1;8;15;1
202300024919;155 636 439;1;13;0;6;13;5
202300024919;155 636 445;10;0;2;2;1;1
202300024920;155 636 438;33;0;0;8;1;1
202300024921;155 636 436;33;3;0;7;1;1
202300024922;155 636 435;10;0;2;1;1;1
202300024922;155 636 437;7;0;2;7;13;1
202300024923;155 636 433;33;0;9;1;0;1
202300024923;155 636 434;21;0;9;8;15;1
202300024924;155 636 428;7;13;0;3;1;1
202300024925;155 636 426;7;13;0;1;0;1
202300024926;155 636 421;7;15;0;0;1;1
202300024926;155 636 423;7;0;2;1;1;1
202300024927;155 636 419;7;0;2;3;16;1
202300024927;155 636 420;30;0;2;6;1;1
202300024928;155 636 418;7;0;0;3;1;1
202300024928;155 636 422;7;0;2;6;15;1
202300024929;155 636 415;10;0;2;2;26;1
202300024929;155 636 416;1;0;2;1;0;0
202300024929;155 636 417;10;0;2;4;0;1
202300024930;155 636 413;7;0;2;2;15;0
202300024930;155 636 414;30;1;2;1;1;1
202300024931;155 636 411;50;0;2;8;15;3
202300024931;155 636 412;10;0;9;7;1;1
202300024932;155 636 409;7;0;2;7;15;1
202300024932;155 636 410;31;0;2;8;15;1
202300024933;155 636 408;30;15;0;0;1;1
202300024934;155 636 406;7;0;2;4;15;1
202300024934;155 636 407;10;0;2;1;2;1
202300024935;155 636 404;7;0;2;1;13;1
202300024935;155 636 405;10;0;2;3;1;1
202300024936;155 636 403;7;7;0;1;16;1
202300024937;155 636 401;7;0;1;3;1;1
202300024938;155 636 400;10;0;2;8;1;1
202300024938;155 636 402;7;0;0;0;0;1
202300024939;155 636 396;7;0;2;7;1;1
202300024939;155 636 398;7;0;2;1;1;1
202300024940;155 636 397;10;0;2;8;1;1
202300024940;155 636 399;7;0;2;3;11;1
202300024941;155 636 393;7;0;2;1;1;3
202300024941;155 636 395;33;0;2;4;1;1
202300024942;155 636 391;7;4;0;2;14;1
202300024943;155 636 390;7;0;0;1;1;1
202300024943;155 636 392;7;0;2;3;13;1
202300024943;155 636 394;7;0;2;3;1;1
202300024944;155 636 388;7;0;2;6;15;1
202300024944;155 636 389;7;0;2;1;1;1
202300024945;155 636 380;7;0;2;3;18;1
202300024945;155 636 382;37;0;2;1;1;0
202300024945;155 636 384;7;0;2;5;15;0
202300024945;155 636 387;7;0;2;1;1;1
202300024946;155 636 378;1;0;2;8;13;5
202300024946;155 636 379;99;0;2;7;1;1
202300024947;155 636 377;33;0;0;7;0;1
202300024948;155 636 375;7;0;2;2;15;2
202300024948;155 636 376;50;0;2;1;1;3
202300024949;155 636 373;7;0;2;3;1;1
202300024949;155 636 374;7;0;2;3;15;1
202300024950;155 636 372;33;12;0;1;1;1
202300024951;155 636 371;10;13;0;1;1;1
202300024952;155 636 367;7;0;2;4;2;1
202300024952;155 636 369;7;0;2;1;1;1
202300024952;155 636 370;7;0;2;4;2;1
202300024953;155 636 368;7;0;1;4;4;1
202300024954;155 636 364;38;0;2;1;1;1
202300024954;155 636 365;7;0;2;3;15;1
202300024955;155 636 362;7;0;2;1;0;1
202300024955;155 636 363;17;0;0;6;1;1
202300024956;155 636 360;7;0;2;5;2;1
202300024956;155 636 361;1;0;2;4;2;5
202300024957;155 636 359;7;0;1;1;1;1
202300024958;155 636 358;7;0;1;1;1;1
202300024959;155 636 357;7;0;1;3;1;1
202300024960;155 636 354;7;0;2;3;13;1
202300024960;155 636 355;7;0;2;3;1;1
202300024960;155 636 356;10;0;2;1;1;1
202300024961;155 636 352;7;0;2;3;1;3
202300024961;155 636 353;10;0;2;3;13;1
202300024962;155 636 351;7;0;1;2;2;1
202300024963;155 636 350;7;13;0;2;1;1
202300024964;155 636 348;15;2;2;3;1;1
202300024964;155 636 349;7;0;2;3;13;1
202300024965;155 636 345;7;0;2;1;2;1
202300024965;155 636 346;7;0;2;4;2;1
202300024965;155 636 347;7;0;0;0;0;1
202300024966;155 636 343;14;0;2;6;1;1
202300024966;155 636 344;7;0;2;1;1;1
202300024967;155 636 342;7;4;0;1;16;1
202300024968;155 636 339;7;0;2;4;2;3
202300024968;155 636 340;10;0;2;4;2;1