Num_Acc;id_vehicule;categorie_vehicule;obstacle_fixe;obstacle_mobile;point_choc_initial;manoeuvre_principale;motorisation
202300024968;155 636 341;7;0;2;1;2;1
202300024969;155 636 336;15;3;2;1;1;1
202300024969;155 636 337;10;0;2;4;1;1
202300024969;155 636 338;14;0;2;4;1;1
202300024970;155 636 333;7;0;0;4;26;1
202300024970;155 636 334;7;0;2;1;2;1
202300024970;155 636 335;7;0;2;3;2;1
202300024971;155 636 330;7;0;2;3;1;1
202300024971;155 636 331;7;0;2;2;12;1
202300024971;155 636 332;14;0;2;3;1;1
202300024972;155 636 329;7;4;0;1;1;1
202300024973;155 636 328;33;0;0;7;3;1
202300024974;155 636 326;7;0;2;3;11;1
202300024974;155 636 327;33;0;2;2;3;1
202300024975;155 636 324;10;0;2;6;16;0
202300024975;155 636 325;33;0;2;2;3;1
202300024976;155 636 321;7;0;2;4;2;1
202300024976;155 636 322;14;0;2;4;2;1
202300024976;155 636 323;7;0;2;1;2;1
202300024977;155 636 318;17;0;2;4;9;1
202300024977;155 636 319;14;0;2;1;1;1
202300024977;155 636 320;17;0;2;4;24;1
202300024978;155 636 316;10;0;2;1;1;1
202300024978;155 636 317;7;4;0;4;1;1
202300024979;155 636 315;33;0;0;3;3;1
202300024980;155 636 313;15;0;2;4;23;1
202300024980;155 636 314;7;0;0;1;2;1
202300024981;155 636 311;7;0;2;1;1;1
202300024981;155 636 312;15;0;2;4;1;1
202300024982;155 636 310;7;0;1;3;20;1
202300024983;155 636 308;33;6;2;3;18;1
202300024983;155 636 309;7;0;2;2;1;1
202300024984;155 636 306;2;6;2;8;13;1
202300024984;155 636 307;10;0;0;6;1;1
202300024985;155 636 304;7;0;0;1;15;1
202300024985;155 636 305;7;0;0;1;23;1
202300024986;155 636 302;7;0;2;2;15;0
202300024986;155 636 303;7;0;2;3;1;0
202300024987;155 636 300;7;0;2;1;2;1
202300024987;155 636 301;10;0;2;0;0;1
202300024988;155 636 298;33;0;2;2;1;1
202300024988;155 636 299;7;0;2;1;19;1
202300024989;155 636 296;7;0;2;1;0;1
202300024989;155 636 297;7;0;2;1;0;1
202300024990;155 636 295;7;13;0;0;2;1
202300024991;155 636 291;7;0;2;3;13;1
202300024991;155 636 292;7;0;2;3;1;1
202300024992;155 636 289;7;0;2;0;15;3
202300024992;155 636 290;1;12;2;1;21;5
202300024993;155 636 288;7;12;0;1;16;1
202300024994;155 636 286;7;0;2;3;22;2
202300024994;155 636 287;1;0;2;1;17;5
202300024995;155 636 284;30;0;2;1;2;1
202300024995;155 636 285;7;0;2;6;26;1
202300024996;155 636 282;7;0;9;3;26;1
202300024996;155 636 283;1;0;2;4;1;5
202300024997;155 636 280;7;0;2;3;13;1
202300024997;155 636 281;7;0;2;3;1;1
202300024998;155 636 278;7;0;2;7;14;1
202300024998;155 636 279;2;0;2;8;0;2
202300024999;155 636 277;7;0;1;1;0;1
202300025000;155 636 275;7;0;2;3;9;1
202300025000;155 636 276;32;0;2;2;1;1
202300025001;155 636 274;7;0;1;1;1;1
202300025002;155 636 273;7;0;1;3;19;6
202300025003;155 636 272;7;0;1;2;1;1
202300025004;155 636 271;16;0;1;8;15;1
202300025005;155 636 269;7;0;2;2;26;1
202300025005;155 636 270;34;0;2;1;1;1
202300025006;155 636 267;7;0;2;1;1;1
202300025006;155 636 268;7;0;2;4;1;1
202300025007;155 636 266;33;0;0;9;1;1
202300025008;155 636 265;7;0;1;3;2;1
202300025009;155 636 264;7;8;0;1;1;1
202300025010;155 636 263;37;8;0;2;1;1
202300025011;155 636 261;7;0;1;1;15;0
202300025012;155 636 259;7;0;2;1;1;0
202300025012;155 636 260;7;0;2;1;15;0
202300025013;155 636 257;7;0;2;3;2;1
202300025013;155 636 258;7;0;2;2;2;1
202300025014;155 636 256;7;3;0;2;14;1
202300025015;155 636 255;10;0;1;1;15;1
202300025016;155 636 254;7;4;0;1;26;1
202300025017;155 636 253;7;0;1;8;1;1
202300025018;155 636 251;30;0;2;3;5;1
202300025018;155 636 252;7;0;2;3;23;1
202300025019;155 636 249;7;0;2;3;1;1
202300025019;155 636 250;30;0;2;1;12;1
202300025020;155 636 247;7;0;9;2;15;0
202300025020;155 636 248;1;0;2;1;1;5
202300025021;155 636 245;30;0;2;1;1;1
202300025021;155 636 246;7;0;2;6;1;1
202300025022;155 636 242;7;16;0;1;1;1
202300025022;155 636 243;7;0;2;1;1;1
202300025022;155 636 244;7;0;2;1;13;1
202300025023;155 636 241;7;1;0;9;1;1
202300025024;155 636 239;7;0;2;5;1;1
202300025024;155 636 240;7;0;2;1;1;1
202300025025;155 636 238;33;9;0;9;1;1
202300025026;155 636 236;30;0;2;0;1;1
202300025026;155 636 237;10;0;9;0;1;0
202300025027;155 636 234;7;1;0;2;2;1
202300025027;155 636 235;7;1;0;6;24;1
202300025028;155 636 233;7;13;0;0;1;1
202300025029;155 636 232;50;0;1;0;1;3
202300025030;155 636 231;30;1;0;0;1;1
202300025031;155 636 230;10;0;1;3;1;1
202300025032;155 636 228;14;0;2;0;2;1
202300025032;155 636 229;1;0;2;0;1;5
202300025033;155 636 226;7;0;2;3;9;1
202300025033;155 636 227;1;0;2;7;9;5
202300025034;155 636 225;7;3;0;2;1;1
202300025035;155 636 223;7;0;2;1;1;1
202300025035;155 636 224;33;0;2;7;1;1
202300025036;155 636 221;7;0;2;1;15;2
202300025036;155 636 222;7;0;2;3;1;1
202300025037;155 636 219;50;0;2;1;1;3
202300025037;155 636 220;7;0;2;2;15;1
202300025038;155 636 217;32;0;2;4;1;1
202300025038;155 636 218;14;0;2;3;1;1
202300025039;155 636 215;7;0;9;3;1;1
202300025039;155 636 216;50;0;2;2;1;3
202300025040;155 636 213;7;0;0;7;24;1
202300025040;155 636 214;7;1;1;2;14;1
202300025041;155 636 207;7;0;2;4;2;1
202300025041;155 636 208;7;0;2;1;2;1
202300025042;155 636 205;7;0;9;8;26;1
202300025042;155 636 206;1;0;2;1;1;5
202300025043;155 636 204;7;0;1;1;2;1
202300025044;155 636 203;7;3;0;1;6;1
202300025045;155 636 199;7;0;2;3;15;0
202300025045;155 636 200;43;9;2;1;17;1
202300025046;155 636 198;7;6;0;1;1;0
202300025047;155 636 196;1;0;2;8;1;5
202300025047;155 636 197;7;0;2;2;1;3
202300025048;155 636 194;7;0;2;3;13;1
202300025048;155 636 195;7;0;2;3;1;1
202300025049;155 636 192;50;0;2;3;15;3
202300025049;155 636 193;7;0;2;1;2;1
202300025050;155 636 190;7;0;2;6;1;1
202300025050;155 636 191;33;0;2;1;1;1
202300025051;155 636 188;7;0;0;0;11;1
202300025051;155 636 189;31;0;0;0;21;1
202300025052;155 636 186;32;0;2;1;1;1
202300025052;155 636 187;10;0;2;6;15;1
202300025053;155 636 183;7;0;2;9;23;1
202300025053;155 636 184;13;0;2;4;23;1
202300025053;155 636 185;10;0;2;1;1;1
202300025054;155 636 181;7;0;2;7;0;2
202300025054;155 636 182;30;0;2;1;9;3
202300025055;155 636 180;50;0;1;1;1;3
202300025056;155 636 178;7;0;2;1;1;1
202300025056;155 636 179;7;0;2;1;15;1
202300025057;155 636 176;10;0;2;1;13;1
202300025057;155 636 177;7;0;2;1;1;1
202300025058;155 636 175;7;0;1;4;15;3
202300025059;155 636 173;7;0;2;1;16;0
202300025059;155 636 174;1;0;2;0;0;5
202300025060;155 636 171;7;0;2;6;11;1
202300025060;155 636 172;33;0;2;1;3;1
202300025061;155 636 170;34;0;0;7;21;3
202300025062;155 636 169;7;0;1;3;1;1
202300025063;155 636 168;7;0;0;1;1;1
202300025064;155 636 166;7;0;0;3;22;1
202300025064;155 636 167;50;1;0;1;1;3
202300025065;155 636 164;7;0;2;8;1;1
202300025065;155 636 165;1;0;2;1;19;5
202300025066;155 636 163;33;12;0;1;14;1
202300025067;155 636 162;50;0;1;1;1;3
202300025068;155 636 160;7;0;2;2;1;1
202300025068;155 636 161;80;0;2;8;11;3
202300025069;155 636 158;33;0;2;1;17;1
202300025069;155 636 159;7;0;2;8;15;1
202300025070;155 636 156;7;0;9;1;1;1
202300025070;155 636 157;32;0;2;7;0;1
202300025071;155 636 154;1;0;2;1;1;5
202300025071;155 636 155;7;0;2;1;15;1
202300025072;155 636 152;7;0;2;5;12;1
202300025072;155 636 153;80;0;2;1;1;3
202300025073;155 636 151;7;15;0;3;1;1
202300025074;155 636 149;7;0;2;1;1;1
202300025074;155 636 150;33;0;2;0;1;1
202300025075;155 636 147;7;0;2;1;1;1
202300025075;155 636 148;1;0;2;3;19;5
202300025076;155 636 145;7;0;2;1;13;1
202300025076;155 636 146;7;0;2;0;1;1
202300025077;155 636 144;10;0;1;8;16;1
202300025078;155 636 142;7;0;2;0;0;0
202300025078;155 636 143;10;1;0;2;1;0
202300025079;155 636 139;7;0;2;1;10;1
202300025079;155 636 140;34;0;2;9;1;1
202300025079;155 636 141;7;0;2;3;23;1
202300025080;155 636 138;33;13;0;7;1;1
202300025081;155 636 137;7;13;0;2;1;0
202300025082;155 636 136;10;13;0;2;1;1
202300025083;155 636 134;7;0;9;3;2;0
202300025083;155 636 135;1;0;2;1;2;5
202300025084;155 636 133;2;12;0;7;1;1
202300025085;155 636 132;7;2;0;1;1;1
202300025086;155 636 130;7;0;2;1;15;2
202300025086;155 636 131;33;0;2;1;1;1
202300025087;155 636 126;7;0;2;1;13;1
202300025087;155 636 127;17;0;2;1;0;1
202300025088;155 636 125;33;13;0;1;1;1
202300025089;155 636 124;7;0;0;3;26;1
202300025090;155 636 121;10;0;2;1;2;1
202300025090;155 636 122;7;0;2;4;1;1
202300025090;155 636 123;7;0;2;9;1;1
202300025091;155 636 120;30;15;0;1;14;1
202300025092;155 636 118;7;0;2;1;15;1
202300025092;155 636 119;10;0;2;2;1;1
202300025093;155 636 117;7;0;1;1;1;1
202300025094;155 636 115;2;0;2;5;19;1
202300025094;155 636 116;7;0;0;1;1;1
202300025095;155 636 114;15;13;0;1;2;0
202300025096;155 636 113;7;13;0;1;1;1
202300025097;155 636 112;33;8;0;1;0;1
202300025098;155 636 111;33;3;0;8;1;1
202300025099;155 636 109;7;0;2;2;1;1
202300025099;155 636 110;7;0;2;1;13;1
202300025100;155 636 107;7;0;2;1;15;1
202300025100;155 636 108;31;0;2;7;1;1
202300025101;155 636 106;7;8;0;3;14;1
202300025102;155 636 103;7;15;0;2;14;1
202300025103;155 636 100;7;4;9;2;1;1
202300025104;155 636 098;7;0;2;2;3;1
202300025104;155 636 099;7;0;2;2;21;1
202300025105;155 636 097;7;6;0;8;1;1
202300025106;155 636 095;7;0;2;1;1;1
202300025106;155 636 096;7;0;2;8;9;1
202300025107;155 636 093;7;0;9;1;1;0
202300025107;155 636 094;1;0;2;1;19;5
202300025108;155 636 092;10;0;0;0;21;1
202300025109;155 636 091;7;4;0;1;1;1
202300025110;155 636 090;14;13;0;7;1;1
202300025111;155 636 088;7;3;0;4;1;1
202300025111;155 636 089;10;0;2;1;2;1
202300025112;155 636 086;7;4;0;2;17;1
202300025112;155 636 087;10;0;2;2;18;1
202300025113;155 636 085;14;0;0;8;0;1
202300025114;155 636 083;7;2;2;2;14;1
202300025114;155 636 084;30;0;2;6;1;1
202300025115;155 636 082;7;6;0;7;0;1
202300025116;155 636 081;33;13;0;7;14;1
202300025117;155 636 079;1;0;2;1;26;5
202300025117;155 636 080;10;0;9;2;15;1
202300025118;155 636 078;1;0;0;1;0;5
202300025119;155 636 077;7;2;0;2;1;1
202300025120;155 636 076;33;0;0;9;1;1
202300025121;155 636 074;7;0;2;1;2;1
202300025121;155 636 075;7;0;2;1;2;1
202300025122;155 636 071;7;0;2;3;13;1
202300025122;155 636 072;7;0;2;8;1;1
202300025122;155 636 073;1;0;2;8;1;5
202300025123;155 636 069;21;0;2;0;1;1
202300025123;155 636 070;2;7;2;0;13;1
202300025124;155 636 067;16;0;2;3;1;0
202300025124;155 636 068;7;0;2;3;13;0
202300025125;155 636 065;7;2;2;1;1;1
202300025125;155 636 066;7;0;2;1;1;1
202300025126;155 636 064;33;0;0;8;1;1
202300025127;155 636 062;7;0;2;2;21;1
202300025127;155 636 063;7;0;2;2;13;1
202300025128;155 636 060;7;0;2;3;1;1
202300025128;155 636 061;7;0;2;3;1;1
202300025129;155 636 059;7;8;0;7;13;1
202300025130;155 636 057;7;0;2;1;2;1
202300025130;155 636 058;7;0;2;4;1;1
202300025131;155 636 055;7;0;2;0;21;1
202300025131;155 636 056;7;0;2;6;1;1
202300025132;155 636 053;17;0;2;5;12;1
202300025132;155 636 054;7;0;2;8;2;1
202300025133;155 636 052;7;4;5;2;14;0
202300025134;155 636 051;32;4;0;2;14;1
202300025135;155 636 049;31;0;2;7;3;1
202300025135;155 636 050;7;0;2;8;1;1
202300025136;155 636 047;7;0;2;6;11;0
202300025136;155 636 048;34;0;2;2;3;0
202300025137;155 636 046;33;0;0;0;1;1
202300025138;155 636 044;7;0;2;4;2;1
202300025138;155 636 045;7;0;2;1;2;1
202300025139;155 636 042;33;0;2;7;3;1
202300025139;155 636 043;7;0;2;6;11;1
202300025140;155 636 040;7;0;2;4;1;1
202300025140;155 636 041;7;0;2;1;1;1
202300025141;155 636 038;7;3;0;1;26;1
202300025141;155 636 039;7;0;9;1;1;1
202300025142;155 636 036;43;0;2;7;1;1
202300025142;155 636 037;31;0;2;8;13;3
202300025143;155 636 034;10;0;2;1;2;1
202300025143;155 636 035;7;0;2;4;1;1
202300025144;155 636 032;7;0;2;8;11;1
202300025144;155 636 033;15;0;2;2;1;1
202300025145;155 636 030;7;0;2;1;1;1
202300025145;155 636 031;7;14;0;4;1;1
202300025146;155 636 028;10;0;2;1;15;1
202300025146;155 636 029;33;0;2;1;1;1
202300025147;155 636 027;30;14;1;2;13;6
202300025148;155 636 022;7;0;2;9;26;1
202300025148;155 636 023;7;0;2;1;26;1
202300025148;155 636 024;7;0;2;4;26;1
202300025148;155 636 025;7;0;2;9;26;1
202300025148;155 636 026;10;0;2;9;26;1
202300025149;155 636 020;7;0;2;1;1;1
202300025149;155 636 021;7;0;2;4;1;1
202300025150;155 636 018;1;0;2;1;1;5
202300025150;155 636 019;7;0;2;2;15;1
202300025151;155 636 016;2;0;2;1;5;1
202300025151;155 636 017;10;0;2;2;1;1
202300025152;155 636 014;7;0;9;3;15;1
202300025152;155 636 015;2;0;2;1;2;1
202300025153;155 636 012;7;0;2;3;15;1
202300025153;155 636 013;7;0;2;2;1;1
202300025154;155 636 010;7;0;2;2;14;1
202300025154;155 636 011;33;0;2;3;1;1
202300025155;155 636 008;7;0;2;7;1;1
202300025155;155 636 009;2;0;2;1;1;1
202300025156;155 636 007;30;0;0;0;25;3
202300025157;155 636 005;1;0;2;0;1;5
202300025157;155 636 006;7;0;2;0;26;1
202300025158;155 636 003;30;0;2;1;2;1
202300025158;155 636 004;7;0;2;5;15;1
202300025159;155 636 002;7;0;0;9;1;1
202300025160;155 636 001;7;16;0;3;26;1
202300025161;155 635 999;15;0;2;3;1;1
202300025161;155 636 000;7;0;2;1;13;1
202300025162;155 635 997;33;0;2;1;2;1
202300025162;155 635 998;7;0;9;4;2;1
202300025163;155 635 996;7;6;0;3;13;1
202300025164;155 635 994;7;0;9;3;15;1
202300025164;155 635 995;50;0;2;1;1;3
202300025165;155 635 992;7;0;2;4;0;1
202300025165;155 635 993;2;0;0;0;0;0
202300025166;155 635 990;7;0;2;4;2;1
202300025166;155 635 991;7;14;2;1;2;1
202300025167;155 635 988;7;0;2;7;17;1
202300025167;155 635 989;32;0;2;1;1;1
202300025168;155 635 986;7;0;2;2;1;1
202300025168;155 635 987;7;0;2;8;19;1
202300025169;155 635 984;10;0;2;8;0;1
202300025169;155 635 985;2;0;2;1;1;3
202300025170;155 635 981;7;0;2;4;2;0
202300025170;155 635 982;7;0;2;1;1;1
202300025170;155 635 983;7;0;2;4;2;1
202300025171;155 635 979;7;0;2;4;2;1
202300025171;155 635 980;33;0;2;1;2;1
202300025172;155 635 977;7;0;2;0;1;
202300025172;155 635 978;2;0;2;2;19;
202300025173;155 635 975;7;0;2;1;9;1
202300025173;155 635 976;1;0;2;1;1;5
202300025174;155 635 973;7;0;2;2;15;1
202300025174;155 635 974;7;0;2;1;1;1
202300025175;155 635 972;31;0;1;1;1;1
202300025176;155 635 969;7;0;2;1;1;1
202300025176;155 635 970;7;0;2;4;1;1
202300025176;155 635 971;7;0;2;4;1;1
202300025177;155 635 967;10;0;2;3;15;1
202300025177;155 635 968;1;0;2;1;1;5
202300025178;155 635 965;7;0;2;7;15;1
202300025178;155 635 966;7;0;2;2;1;1
202300025179;155 635 963;7;0;2;1;2;0
202300025179;155 635 964;10;0;2;4;23;1
202300025180;155 635 961;7;0;0;0;26;5
202300025180;155 635 962;1;0;0;0;26;5
202300025181;155 635 958;7;0;2;3;1;1
202300025181;155 635 959;7;0;2;1;2;1
202300025181;155 635 960;7;0;2;4;2;1
202300025182;155 635 957;10;2;0;1;17;1
202300025183;155 635 955;7;0;2;6;16;1
202300025183;155 635 956;7;0;2;2;17;1
202300025184;155 635 954;33;0;0;0;1;1
202300025185;155 635 953;7;0;1;1;1;0
202300025186;155 635 951;7;0;2;4;1;1
202300025186;155 635 952;33;0;2;1;1;1
202300025187;155 635 950;7;0;1;1;1;1
202300025188;155 635 949;7;0;1;2;15;1
202300025189;155 635 947;40;0;2;3;23;3
202300025189;155 635 948;7;0;4;3;13;1
202300025190;155 635 943;33;0;0;1;14;1
202300025191;155 635 941;1;0;0;8;16;5
202300025191;155 635 942;7;0;0;1;15;1
202300025192;155 635 940;7;1;0;4;1;1
202300025193;155 635 938;7;0;2;1;1;1
202300025193;155 635 939;10;0;2;4;1;1
202300025194;155 635 937;7;1;0;0;1;1
202300025195;155 635 936;15;0;1;0;1;1
202300025196;155 635 935;7;0;1;1;1;3
202300025197;155 635 933;7;6;2;1;1;1
202300025197;155 635 934;37;0;2;5;1;1
202300025198;155 635 931;32;0;2;2;17;0
202300025198;155 635 932;7;0;2;3;15;0
202300025199;155 635 929;10;0;2;8;15;1
202300025199;155 635 930;33;0;2;1;17;1
202300025200;155 635 927;7;0;2;1;1;1
202300025200;155 635 928;7;0;0;4;1;1
202300025201;155 635 926;7;13;0;9;1;1
202300025202;155 635 924;7;0;1;2;1;1
202300025203;155 635 923;30;0;2;1;1;1
202300025203;155 635 925;7;0;2;6;19;1
202300025204;155 635 921;7;0;1;0;0;1
202300025205;155 635 919;7;0;2;1;2;0
202300025205;155 635 920;7;0;2;1;5;0
202300025205;155 635 922;7;0;2;5;1;0
202300025206;155 635 918;7;13;0;9;19;1
202300025207;155 635 916;33;0;2;8;1;1
202300025207;155 635 917;10;0;2;2;14;1
202300025208;155 635 914;32;0;9;1;1;1
202300025208;155 635 915;50;0;2;1;17;3
202300025209;155 635 913;7;1;0;1;19;1
202300025210;155 635 911;7;0;2;1;1;1
202300025210;155 635 912;30;0;2;4;1;1
202300025211;155 635 909;7;0;2;1;1;1
202300025211;155 635 910;10;0;2;4;1;1
202300025212;155 635 907;43;0;2;1;3;1
202300025212;155 635 908;7;0;2;5;12;2
202300025213;155 635 906;7;0;1;1;1;1
202300025214;155 635 904;33;0;2;4;2;1
202300025214;155 635 905;7;0;2;4;1;0
202300025215;155 635 901;7;0;2;2;15;1
202300025215;155 635 903;1;0;2;1;1;5
202300025216;155 635 900;1;0;2;1;13;5
202300025216;155 635 902;1;0;2;1;1;5
202300025217;155 635 897;7;0;2;7;22;1
202300025217;155 635 899;50;0;2;8;1;3
202300025218;155 635 898;50;0;1;1;5;3
202300025219;155 635 895;7;0;2;3;9;1
202300025219;155 635 896;2;0;2;1;1;1
202300025220;155 635 894;7;0;1;3;1;1
202300025221;155 635 893;10;0;0;2;21;1
202300025222;155 635 892;7;1;0;2;1;1
202300025223;155 635 891;7;0;1;1;1;1
202300025224;155 635 889;33;0;0;1;1;1
202300025225;155 635 888;10;0;2;3;15;0
202300025225;155 635 890;7;0;2;1;1;0
202300025226;155 635 887;7;0;1;8;4;1
202300025227;155 635 886;50;0;0;0;25;3
202300025228;155 635 883;80;1;0;1;1;3
202300025228;155 635 885;7;0;2;7;22;1
202300025229;155 635 881;7;0;1;2;16;3
202300025230;155 635 882;34;0;2;1;1;0
202300025230;155 635 884;7;0;2;2;19;1
202300025231;155 635 880;1;0;1;1;1;5
202300025232;155 635 879;7;0;1;3;15;1
202300025233;155 635 877;80;0;2;1;1;3
202300025233;155 635 878;7;0;2;7;22;1
202300025234;155 635 874;7;0;2;1;1;2
202300025234;155 635 876;43;0;2;8;1;1
202300025235;155 635 875;7;0;1;1;25;1
202300025236;155 635 873;80;0;1;1;1;3
202300025237;155 635 870;10;0;2;2;15;1
202300025237;155 635 872;33;0;2;1;1;1
202300025238;155 635 868;7;14;0;1;5;1
202300025239;155 635 869;10;0;2;1;2;1
202300025239;155 635 871;7;0;2;4;2;1
202300025240;155 635 867;32;0;1;2;5;0
202300025241;155 635 863;30;0;2;4;2;4
202300025241;155 635 864;7;0;2;1;2;4
202300025242;155 635 861;1;0;2;8;0;5
202300025242;155 635 862;10;0;2;8;16;0
202300025243;155 635 860;7;0;1;3;14;1
202300025244;155 635 859;7;0;1;1;13;1
202300025245;155 635 857;7;0;0;0;0;0
202300025245;155 635 858;1;0;0;0;0;5
202300025246;155 635 854;32;0;2;1;2;1
202300025246;155 635 855;10;0;2;0;0;0
202300025247;155 635 853;7;0;2;1;0;0
202300025247;155 635 856;7;0;2;3;9;0
202300025248;155 635 851;7;0;2;2;16;2
202300025248;155 635 852;32;0;2;8;1;1
202300025249;155 635 850;7;0;1;1;1;1
202300025250;155 635 847;10;0;2;1;2;3
202300025250;155 635 848;7;0;2;4;2;2
202300025250;155 635 849;7;0;2;4;2;1
202300025251;155 635 844;33;0;2;2;17;1
202300025251;155 635 845;7;0;2;3;1;1
202300025252;155 635 843;2;0;1;1;1;1
202300025253;155 635 842;32;1;0;1;1;1
202300025253;155 635 846;7;0;2;2;24;1
202300025254;155 635 840;7;0;0;7;16;1
202300025254;155 635 841;7;2;0;1;21;1
202300025255;155 635 839;7;8;0;1;19;1
202300025256;155 635 838;2;0;0;0;2;1
202300025257;155 635 834;10;0;2;2;0;1
202300025257;155 635 835;7;0;2;1;1;1
202300025258;155 635 836;7;8;2;8;1;2
202300025258;155 635 837;7;0;2;0;0;0
202300025259;155 635 832;7;0;1;1;4;1
202300025260;155 635 833;7;0;1;2;14;1
202300025261;155 635 830;7;0;2;3;13;1
202300025261;155 635 831;7;9;2;8;1;1
202300025262;155 635 829;7;13;0;1;21;1
202300025263;155 635 827;33;0;2;1;1;1
202300025263;155 635 828;7;0;2;1;1;1
202300025264;155 635 826;35;0;1;1;15;1
202300025265;155 635 824;7;16;0;5;19;1
202300025265;155 635 825;7;0;2;1;19;1
202300025266;155 635 822;7;0;2;1;1;1
202300025266;155 635 823;7;0;2;8;0;1
202300025267;155 635 821;7;0;1;3;1;1
202300025268;155 635 819;33;0;2;1;5;1
202300025268;155 635 820;7;0;2;6;0;1
202300025269;155 635 816;32;0;2;4;2;0
202300025269;155 635 817;7;0;0;4;2;1
202300025269;155 635 818;7;0;2;1;0;1
202300025270;155 635 814;7;0;2;1;1;1
202300025270;155 635 815;7;0;2;4;1;1
202300025271;155 635 812;33;0;2;1;2;1
202300025271;155 635 813;7;0;2;6;2;2
202300025272;155 635 811;50;0;1;8;5;3
202300025273;155 635 810;7;0;1;1;1;1
202300025274;155 635 809;7;0;1;1;1;3
202300025275;155 635 808;33;0;0;0;2;1
202300025276;155 635 806;33;0;2;1;12;1
202300025276;155 635 807;7;0;2;6;1;1
202300025277;155 635 804;7;0;2;5;2;1
202300025277;155 635 805;33;0;2;1;3;1
202300025278;155 635 802;7;0;1;0;15;1
202300025279;155 635 801;10;0;1;2;15;1
202300025280;155 635 799;2;0;2;8;1;3
202300025280;155 635 800;7;0;2;7;17;3
202300025281;155 635 797;33;0;2;3;1;1
202300025281;155 635 798;10;0;2;3;15;1
202300025282;155 635 796;50;0;1;1;1;3
202300025283;155 635 794;7;0;2;7;15;1
202300025283;155 635 795;32;0;2;1;2;3
202300025284;155 635 793;80;1;0;2;1;3
202300025285;155 635 792;30;0;1;1;5;1
202300025286;155 635 791;7;0;1;7;1;1
202300025287;155 635 789;7;0;2;2;1;1
202300025287;155 635 790;50;0;2;3;13;3
202300025288;155 635 787;1;0;2;1;13;5
202300025288;155 635 788;7;0;2;0;0;1
202300025289;155 635 785;7;0;2;2;15;1
202300025289;155 635 786;31;0;2;2;17;1
202300025290;155 635 784;7;0;1;1;1;1
202300025291;155 635 783;7;9;0;1;1;1
202300025292;155 635 781;7;0;2;4;15;0
202300025292;155 635 782;30;0;2;0;0;0
202300025293;155 635 780;7;0;1;3;1;1
202300025294;155 635 779;7;0;1;5;1;1
202300025295;155 635 777;7;0;2;3;13;0
202300025295;155 635 778;32;0;2;2;1;1
202300025296;155 635 775;7;0;2;1;1;1
202300025296;155 635 776;7;9;2;8;2;1
202300025297;155 635 773;7;0;2;2;20;1
202300025297;155 635 774;30;0;2;1;1;1
202300025298;155 635 771;7;0;2;5;15;1
202300025298;155 635 772;30;0;2;3;1;1
202300025299;155 635 769;33;0;2;8;11;1
202300025299;155 635 770;33;0;2;8;11;1
202300025300;155 635 768;7;6;0;0;0;1
202300025301;155 635 766;7;0;2;1;1;1
202300025301;155 635 767;7;1;2;7;19;1
202300025302;155 635 765;7;1;1;2;2;0
202300025303;155 635 763;33;0;2;0;0;1
202300025303;155 635 764;7;0;2;3;15;1
202300025304;155 635 760;7;0;2;4;1;1
202300025304;155 635 761;3;0;2;1;0;0
202300025304;155 635 762;7;0;2;4;1;1
202300025305;155 635 758;7;0;2;5;16;1
202300025305;155 635 759;2;0;2;1;18;1
202300025306;155 635 756;20;0;0;3;0;1
202300025306;155 635 757;30;1;0;0;2;1
202300025307;155 635 754;2;0;2;1;1;3
202300025307;155 635 755;7;0;2;3;1;1
202300025308;155 635 752;7;0;2;6;0;1
202300025308;155 635 753;7;1;0;3;5;1
202300025309;155 635 750;7;0;2;4;23;1
202300025309;155 635 751;7;0;2;1;1;1
202300025310;155 635 748;7;0;2;5;15;1
202300025310;155 635 749;30;0;2;1;1;0
202300025311;155 635 746;33;0;2;1;3;1
202300025311;155 635 747;7;0;0;6;23;1
202300025312;155 635 744;7;0;2;2;16;1
202300025312;155 635 745;1;0;2;1;1;5
202300025313;155 635 742;7;0;2;3;15;1
202300025313;155 635 743;1;0;2;1;2;5
202300025314;155 635 740;1;1;0;0;0;5
202300025314;155 635 741;7;16;0;0;0;0
202300025315;155 635 738;31;0;2;3;1;1
202300025315;155 635 739;10;0;2;2;15;1
202300025316;155 635 736;50;0;2;8;19;3
202300025316;155 635 737;33;0;2;2;1;0
202300025317;155 635 734;7;0;2;2;2;1
202300025317;155 635 735;30;0;2;4;2;1
202300025318;155 635 733;7;0;1;1;1;1
202300025319;155 635 730;7;8;2;1;21;1
202300025319;155 635 731;7;0;0;6;15;1
202300025319;155 635 732;7;0;2;9;2;1
202300025320;155 635 728;10;0;2;2;1;1
202300025320;155 635 729;21;0;2;6;1;1
202300025321;155 635 726;7;0;2;1;1;1
202300025321;155 635 727;2;0;2;1;5;1
202300025322;155 635 724;7;0;2;1;14;1
202300025322;155 635 725;17;0;0;4;1;1
202300025323;155 635 722;7;0;2;1;1;1
202300025323;155 635 723;7;0;2;5;16;1
202300025324;155 635 721;2;0;0;0;1;1
202300025325;155 635 719;7;0;2;1;1;0
202300025325;155 635 720;7;0;2;1;13;0
202300025326;155 635 718;7;13;0;1;1;1