Num_Acc;id_vehicule;categorie_vehicule;obstacle_fixe;obstacle_mobile;point_choc_initial;manoeuvre_principale;motorisation
202300025327;155 635 717;14;0;1;6;16;1
202300025328;155 635 716;2;0;0;0;1;1
202300025329;155 635 714;7;13;0;4;15;1
202300025329;155 635 715;7;0;2;1;1;1
202300025330;155 635 712;7;0;0;1;9;1
202300025330;155 635 713;7;0;0;1;21;1
202300025331;155 635 711;3;13;0;1;16;0
202300025332;155 635 710;1;0;0;9;1;5
202300025333;155 635 709;33;13;0;2;1;1
202300025334;155 635 707;7;0;2;3;9;0
202300025334;155 635 708;7;0;2;2;1;0
202300025335;155 635 705;7;0;2;1;9;1
202300025335;155 635 706;1;0;2;5;1;5
202300025336;155 635 703;7;0;2;1;23;0
202300025336;155 635 704;7;12;0;3;1;0
202300025337;155 635 702;7;0;1;0;1;0
202300025338;155 635 700;7;0;0;1;0;1
202300025338;155 635 701;7;0;0;1;17;1
202300025339;155 635 698;7;0;2;1;13;1
202300025339;155 635 699;7;0;2;1;1;1
202300025340;155 635 696;7;0;2;2;15;1
202300025340;155 635 697;1;0;2;1;1;5
202300025341;155 635 694;21;0;2;3;15;1
202300025341;155 635 695;33;0;0;3;17;1
202300025342;155 635 693;7;0;1;1;1;1
202300025343;155 635 691;33;0;2;3;2;1
202300025343;155 635 692;7;0;2;6;2;1
202300025344;155 635 689;7;0;2;3;1;1
202300025344;155 635 690;2;0;2;1;13;1
202300025345;155 635 688;31;0;6;1;0;1
202300025346;155 635 686;33;0;2;1;1;1
202300025346;155 635 687;7;0;2;5;15;1
202300025347;155 635 683;15;0;2;2;1;1
202300025347;155 635 684;7;0;2;8;3;1
202300025347;155 635 685;7;0;2;6;1;1
202300025348;155 635 682;7;0;0;8;24;1
202300025349;155 635 681;33;7;0;0;1;1
202300025350;155 635 680;10;13;0;1;0;1
202300025351;155 635 679;2;0;0;3;1;1
202300025352;155 635 677;15;0;2;2;1;1
202300025352;155 635 678;1;0;2;4;1;5
202300025353;155 635 675;7;0;2;6;1;1
202300025353;155 635 676;7;6;2;3;1;1
202300025354;155 635 673;7;6;0;1;0;0
202300025354;155 635 674;7;7;0;1;0;0
202300025355;155 635 671;7;0;2;2;17;1
202300025355;155 635 672;1;0;2;3;1;5
202300025356;155 635 670;33;0;0;0;0;1
202300025357;155 635 668;7;13;2;8;1;1
202300025357;155 635 669;7;13;2;1;1;1
202300025358;155 635 667;7;6;0;3;1;0
202300025359;155 635 666;7;0;1;3;1;1
202300025360;155 635 665;7;2;0;1;1;1
202300025361;155 635 664;7;0;0;0;0;1
202300025362;155 635 662;33;0;2;2;17;1
202300025362;155 635 663;7;0;0;3;15;1
202300025363;155 635 661;7;4;0;8;1;1
202300025364;155 635 659;17;0;9;3;15;1
202300025364;155 635 660;1;0;2;7;15;5
202300025365;155 635 657;10;0;2;6;1;1
202300025365;155 635 658;2;0;2;3;1;1
202300025366;155 635 655;7;0;2;1;13;1
202300025366;155 635 656;33;0;2;1;1;1
202300025367;155 635 653;7;0;2;1;0;1
202300025367;155 635 654;14;0;0;5;1;1
202300025368;155 635 652;7;4;0;3;1;1
202300025369;155 635 650;17;0;0;6;2;1
202300025369;155 635 651;10;0;2;1;2;1
202300025370;155 635 648;10;0;0;4;24;1
202300025370;155 635 649;33;1;0;1;18;1
202300025371;155 635 646;7;0;2;6;9;1
202300025371;155 635 647;32;0;2;1;1;1
202300025372;155 635 645;2;0;1;1;1;1
202300025373;155 635 643;7;0;2;1;10;3
202300025373;155 635 644;33;0;2;3;21;1
202300025374;155 635 640;7;0;2;1;1;1
202300025374;155 635 641;7;0;0;4;0;1
202300025374;155 635 642;7;0;2;4;1;1
202300025375;155 635 639;7;0;1;2;15;1
202300025376;155 635 637;80;0;2;8;0;3
202300025376;155 635 638;7;0;2;7;12;1
202300025377;155 635 635;3;0;2;2;13;6
202300025377;155 635 636;7;0;2;3;1;6
202300025378;155 635 633;7;0;2;1;13;1
202300025378;155 635 634;7;0;2;3;21;2
202300025379;155 635 631;7;6;2;3;21;1
202300025379;155 635 632;7;0;2;1;26;1
202300025380;155 635 628;7;0;2;4;23;1
202300025380;155 635 629;14;0;2;1;21;1
202300025380;155 635 630;7;0;2;1;21;1
202300025381;155 635 626;7;0;2;1;2;0
202300025381;155 635 627;32;0;2;4;2;1
202300025382;155 635 624;7;0;2;5;1;1
202300025382;155 635 625;2;0;2;3;1;1
202300025383;155 635 622;1;0;0;4;2;5
202300025383;155 635 623;10;0;2;2;2;1
202300025384;155 635 620;2;0;2;1;1;1
202300025384;155 635 621;7;0;2;2;15;1
202300025385;155 635 619;33;12;0;1;17;1
202300025386;155 635 617;2;0;2;1;1;1
202300025386;155 635 618;10;0;2;5;10;1
202300025387;155 635 616;7;2;0;8;0;1
202300025388;155 635 614;7;0;2;5;1;1
202300025388;155 635 615;33;0;2;1;1;1
202300025389;155 635 611;34;0;2;1;3;1
202300025389;155 635 612;33;0;2;7;1;1
202300025389;155 635 613;7;0;2;6;1;1
202300025390;155 635 609;31;0;2;7;3;1
202300025390;155 635 610;7;0;2;8;11;1
202300025391;155 635 607;15;0;2;2;12;1
202300025391;155 635 608;7;0;2;8;1;1
202300025392;155 635 606;7;4;0;3;13;1
202300025393;155 635 603;7;0;2;1;2;2
202300025393;155 635 604;7;0;2;4;2;1
202300025393;155 635 605;7;0;2;4;2;1
202300025394;155 635 601;7;0;2;1;2;1
202300025394;155 635 602;7;0;2;4;2;1
202300025395;155 635 599;31;0;2;1;26;1
202300025395;155 635 600;10;4;2;5;1;1
202300025396;155 635 597;7;0;2;6;11;1
202300025396;155 635 598;32;0;2;1;3;1
202300025397;155 635 595;33;0;2;1;1;1
202300025397;155 635 596;7;0;2;4;12;1
202300025398;155 635 592;7;0;2;1;1;1
202300025398;155 635 593;7;0;2;4;2;1
202300025398;155 635 594;10;0;2;1;1;1
202300025399;155 635 590;33;0;2;2;1;1
202300025399;155 635 591;7;0;2;4;13;1
202300025400;155 635 589;7;0;0;0;2;1
202300025401;155 635 587;31;0;2;3;3;1
202300025401;155 635 588;99;0;2;5;1;1
202300025402;155 635 585;33;0;2;7;2;1
202300025402;155 635 586;10;0;2;8;11;1
202300025403;155 635 583;10;0;0;0;0;1
202300025403;155 635 584;17;0;0;5;23;1
202300025404;155 635 578;17;0;2;1;1;1
202300025404;155 635 579;10;0;2;1;1;1
202300025404;155 635 580;10;3;2;8;1;1
202300025404;155 635 581;10;0;2;5;23;1
202300025404;155 635 582;7;1;0;3;2;1
202300025405;155 635 577;1;0;1;1;26;5
202300025406;155 635 575;33;0;2;1;2;1
202300025406;155 635 576;7;0;2;5;2;3
202300025407;155 635 573;7;0;2;4;2;1
202300025407;155 635 574;7;0;1;1;1;1
202300025408;155 635 571;3;0;2;0;15;3
202300025408;155 635 572;1;0;2;7;1;5
202300025409;155 635 569;10;0;2;2;11;1
202300025409;155 635 570;7;0;2;3;1;1
202300025410;155 635 567;7;0;2;4;1;0
202300025410;155 635 568;31;0;2;1;2;1
202300025411;155 635 565;7;0;2;1;1;6
202300025411;155 635 566;2;14;0;2;14;6
202300025412;155 635 564;7;14;0;1;1;1
202300025413;155 635 562;7;0;2;1;1;1
202300025413;155 635 563;7;0;2;2;15;1
202300025414;155 635 561;7;0;1;2;25;1
202300025415;155 635 559;14;0;9;0;1;1
202300025415;155 635 560;1;0;0;0;1;5
202300025416;155 635 557;7;0;2;3;10;1
202300025416;155 635 558;33;1;2;1;1;1
202300025417;155 635 555;50;0;0;1;1;3
202300025417;155 635 556;7;0;0;3;9;1
202300025418;155 635 553;33;14;2;6;17;1
202300025418;155 635 554;7;0;2;6;1;1
202300025419;155 635 552;7;16;0;1;16;1
202300025420;155 635 550;7;0;0;2;2;1
202300025420;155 635 551;1;0;2;8;1;5
202300025421;155 635 549;2;0;0;8;26;1
202300025422;155 635 547;7;0;2;1;2;1
202300025422;155 635 548;2;0;2;4;2;1
202300025423;155 635 546;7;10;0;3;13;1
202300025424;155 635 544;30;0;2;1;1;1
202300025424;155 635 545;7;0;2;4;1;1
202300025425;155 635 542;1;0;2;1;19;5
202300025425;155 635 543;7;0;2;3;15;1
202300025426;155 635 541;7;0;1;3;1;1
202300025427;155 635 538;2;0;2;1;2;1
202300025427;155 635 539;2;0;2;2;2;2
202300025427;155 635 540;10;0;2;3;15;1
202300025428;155 635 536;13;0;0;0;0;1
202300025428;155 635 537;7;0;2;4;23;1
202300025429;155 635 534;1;0;2;8;1;5
202300025429;155 635 535;10;0;2;1;9;1
202300025430;155 635 532;33;0;2;7;13;1
202300025430;155 635 533;10;0;2;8;13;1
202300025431;155 635 530;7;0;2;7;26;1
202300025431;155 635 531;1;0;0;8;26;5
202300025432;155 635 528;7;0;2;0;13;1
202300025432;155 635 529;7;0;2;0;1;1
202300025433;155 635 527;10;1;1;1;26;1
202300025434;155 635 526;7;0;1;0;1;0
202300025435;155 635 525;7;4;0;8;17;1
202300025436;155 635 523;7;0;2;2;0;1
202300025436;155 635 524;7;0;2;0;26;1
202300025437;155 635 521;33;0;2;7;17;1
202300025437;155 635 522;7;0;2;8;15;0
202300025438;155 635 519;33;0;2;1;1;1
202300025438;155 635 520;7;0;2;1;15;1
202300025439;155 635 518;10;0;1;1;1;1
202300025440;155 635 517;7;0;1;3;2;1
202300025441;155 635 516;21;0;0;0;1;1
202300025442;155 635 513;7;0;2;1;1;1
202300025442;155 635 514;7;0;2;8;1;1
202300025442;155 635 515;7;0;2;1;1;1
202300025443;155 635 510;7;0;2;1;13;1
202300025443;155 635 511;7;0;2;1;1;1
202300025443;155 635 512;10;0;2;6;1;1
202300025444;155 635 509;7;4;0;2;14;1
202300025445;155 635 507;50;0;2;1;1;3
202300025445;155 635 508;7;0;0;2;23;1
202300025446;155 635 503;15;0;2;1;1;1
202300025446;155 635 504;7;0;0;0;23;1
202300025446;155 635 505;7;0;2;7;13;1
202300025446;155 635 506;7;0;2;3;1;1
202300025447;155 635 501;20;0;0;4;2;1
202300025447;155 635 502;15;0;2;1;2;1
202300025448;155 635 498;7;0;2;3;13;1
202300025448;155 635 499;7;0;2;3;1;1
202300025448;155 635 500;7;0;2;3;2;1
202300025449;155 635 496;10;0;2;3;13;1
202300025449;155 635 497;14;0;2;3;1;1
202300025450;155 635 493;7;0;2;5;1;0
202300025450;155 635 494;7;0;2;2;12;0
202300025450;155 635 495;33;0;2;3;1;0
202300025451;155 635 491;7;0;2;3;1;1
202300025451;155 635 492;7;12;2;8;1;1
202300025452;155 635 489;33;0;2;2;17;1
202300025452;155 635 490;7;0;2;8;15;0
202300025453;155 635 488;10;0;0;0;1;1
202300025454;155 635 486;1;0;2;1;26;5
202300025454;155 635 487;7;0;2;3;9;1
202300025455;155 635 485;1;0;0;0;1;5
202300025456;155 635 482;7;0;2;3;1;1
202300025456;155 635 483;7;0;2;3;1;1
202300025457;155 635 480;7;0;0;5;1;1
202300025457;155 635 481;43;0;2;1;3;1
202300025458;155 635 478;15;0;2;6;23;1
202300025458;155 635 479;7;0;2;1;2;1
202300025459;155 635 476;7;0;2;8;1;1
202300025459;155 635 477;7;0;2;1;26;1
202300025460;155 635 475;7;0;1;1;1;1
202300025461;155 635 473;10;0;2;3;0;1
202300025461;155 635 474;10;0;2;4;1;1
202300025462;155 635 472;7;0;1;1;1;1
202300025463;155 635 470;2;0;2;1;15;3
202300025463;155 635 471;7;0;2;4;4;1
202300025464;155 635 468;7;0;2;2;26;1
202300025464;155 635 469;33;0;2;1;26;1
202300025465;155 635 467;7;0;1;3;1;1
202300025466;155 635 466;7;0;1;1;1;1
202300025467;155 635 464;7;0;2;1;26;1
202300025467;155 635 465;31;0;2;4;26;1
202300025468;155 635 463;7;0;1;2;1;1
202300025469;155 635 461;7;0;2;8;15;1
202300025469;155 635 462;2;0;2;7;0;3
202300025470;155 635 460;1;0;1;1;1;5
202300025471;155 635 459;7;0;1;6;4;3
202300025472;155 635 458;7;15;0;7;14;1
202300025473;155 635 455;7;0;2;6;2;1
202300025473;155 635 456;7;0;2;6;1;1
202300025473;155 635 457;7;0;2;2;18;1
202300025474;155 635 453;33;0;2;2;13;1
202300025474;155 635 454;10;0;2;6;1;1
202300025475;155 635 451;7;0;2;1;0;1
202300025475;155 635 452;7;0;2;1;0;1
202300025476;155 635 449;7;0;2;3;15;1
202300025476;155 635 450;30;0;2;1;17;1
202300025477;155 635 447;99;0;2;3;15;1
202300025477;155 635 448;30;0;2;2;5;1
202300025478;155 635 445;33;0;2;1;17;1
202300025478;155 635 446;7;0;2;8;21;1
202300025479;155 635 443;7;0;2;4;1;1
202300025479;155 635 444;34;0;2;1;0;1
202300025480;155 635 441;7;0;2;3;17;1
202300025480;155 635 442;7;0;2;6;1;1
202300025481;155 635 439;7;0;2;3;1;1
202300025481;155 635 440;7;4;0;1;6;1
202300025482;155 635 437;7;0;2;3;13;1
202300025482;155 635 438;38;0;2;3;1;1
202300025483;155 635 435;1;0;2;2;1;5
202300025483;155 635 436;10;0;2;3;1;1
202300025484;155 635 429;7;0;2;8;15;1
202300025484;155 635 430;2;0;2;1;1;1
202300025485;155 635 427;7;0;2;1;1;1
202300025485;155 635 428;50;0;2;0;0;3
202300025486;155 635 425;15;0;2;1;1;1
202300025486;155 635 426;15;0;2;4;1;1
202300025487;155 635 422;7;2;0;1;1;1
202300025488;155 635 419;10;0;2;1;1;1
202300025488;155 635 420;21;0;0;4;1;1
202300025489;155 635 421;30;0;2;1;2;1
202300025489;155 635 423;0;0;2;4;1;0
202300025489;155 635 424;7;0;2;1;1;1
202300025490;155 635 416;16;0;2;3;1;1
202300025490;155 635 418;7;0;2;8;1;1
202300025491;155 635 414;7;0;2;8;1;1
202300025491;155 635 417;7;0;2;1;1;1
202300025492;155 635 409;33;0;2;1;21;1
202300025492;155 635 411;33;13;0;3;21;1
202300025492;155 635 412;7;0;2;1;1;1
202300025493;155 635 407;33;0;2;3;26;1
202300025493;155 635 408;7;0;2;2;26;2
202300025494;155 635 405;7;8;0;1;15;1
202300025495;155 635 404;7;13;0;1;1;1
202300025496;155 635 406;7;0;2;1;19;1
202300025496;155 635 410;50;0;2;3;1;3
202300025497;155 635 403;2;16;0;8;15;1
202300025498;155 635 401;33;12;0;1;17;1
202300025499;155 635 399;7;0;1;3;1;1
202300025500;155 635 400;7;0;2;2;0;1
202300025500;155 635 402;7;0;2;1;0;1
202300025501;155 635 397;7;0;2;1;1;1
202300025501;155 635 398;33;0;2;1;13;1
202300025502;155 635 395;7;0;0;9;15;1
202300025503;155 635 394;1;0;0;1;1;5
202300025504;155 635 391;7;0;2;4;13;1
202300025504;155 635 392;7;0;2;1;1;1
202300025505;155 635 390;7;0;1;3;15;1
202300025506;155 635 389;7;6;0;1;0;1
202300025507;155 635 388;7;0;2;1;1;1
202300025507;155 635 393;7;0;2;5;1;1
202300025508;155 635 386;33;16;2;1;17;1
202300025508;155 635 387;7;0;0;6;19;1
202300025509;155 635 385;32;16;0;8;13;1
202300025510;155 635 382;7;0;9;2;2;0
202300025510;155 635 384;1;0;2;6;2;5
202300025511;155 635 383;30;12;0;1;9;0
202300025512;155 635 379;15;0;2;1;21;1
202300025512;155 635 381;7;0;2;1;11;1
202300025513;155 635 378;30;0;2;0;13;1
202300025513;155 635 380;10;0;2;0;0;1
202300025514;155 635 377;7;13;0;1;1;1
202300025515;155 635 376;7;15;0;1;1;1
202300025516;155 635 373;7;6;0;1;1;1
202300025517;155 635 374;7;12;2;6;15;1
202300025517;155 635 375;14;0;2;2;13;1
202300025518;155 635 372;33;7;0;0;1;1
202300025519;155 635 370;7;0;2;8;15;1
202300025519;155 635 371;33;0;2;7;1;1
202300025520;155 635 368;10;0;2;3;1;1
202300025520;155 635 369;10;0;2;8;1;1
202300025521;155 635 367;33;13;0;1;1;1
202300025522;155 635 364;31;0;0;8;1;1
202300025523;155 635 365;50;0;2;1;1;3
202300025523;155 635 366;7;0;9;3;1;1
202300025524;155 635 359;1;0;2;1;1;5
202300025524;155 635 361;7;0;2;3;1;1
202300025524;155 635 363;1;0;2;1;1;5
202300025525;155 635 360;7;0;2;4;;
202300025525;155 635 362;7;0;0;4;;
202300025526;155 635 355;7;0;2;1;1;1
202300025526;155 635 358;10;0;1;1;26;1
202300025527;155 635 356;10;0;2;1;26;1
202300025527;155 635 357;7;0;2;4;26;1
202300025528;155 635 352;2;0;2;1;1;1
202300025528;155 635 354;7;0;2;7;19;1
202300025529;155 635 351;7;0;9;6;15;1
202300025529;155 635 353;99;0;2;1;17;3
202300025530;155 635 350;10;3;0;2;1;1
202300025531;155 635 348;33;0;2;2;17;1
202300025531;155 635 349;7;0;2;3;15;1
202300025532;155 635 346;10;0;1;1;1;1
202300025533;155 635 345;7;8;2;7;19;1
202300025533;155 635 347;7;0;2;1;1;1
202300025534;155 635 343;7;0;2;1;2;1
202300025534;155 635 344;7;0;0;4;2;1
202300025535;155 635 339;7;0;2;1;1;1
202300025535;155 635 340;33;3;2;1;13;1
202300025536;155 635 337;7;0;2;4;23;1
202300025536;155 635 338;7;0;2;4;23;1
202300025536;155 635 341;17;0;2;3;1;1
202300025536;155 635 342;7;0;2;4;23;1
202300025537;155 635 336;3;0;0;1;0;1
202300025538;155 635 334;33;11;0;7;1;1
202300025539;155 635 335;7;0;1;2;1;1
202300025540;155 635 330;7;0;2;1;9;1
202300025540;155 635 333;33;0;2;2;1;1
202300025541;155 635 331;7;0;2;1;1;1
202300025541;155 635 332;7;0;2;4;1;1
202300025542;155 635 329;10;8;0;1;1;1
202300025543;155 635 327;7;0;2;0;9;1
202300025543;155 635 328;1;0;2;0;1;5
202300025544;155 635 326;7;16;0;1;2;1
202300025545;155 635 322;99;0;2;1;0;1
202300025545;155 635 323;7;0;2;1;1;1
202300025546;155 635 324;31;0;2;8;1;0
202300025546;155 635 325;7;0;2;1;15;1
202300025547;155 635 321;7;2;0;1;1;1
202300025548;155 635 319;7;2;0;1;14;1
202300025549;155 635 317;33;0;0;8;2;1
202300025550;155 635 316;33;8;0;0;0;1
202300025551;155 635 318;1;1;2;7;19;5
202300025551;155 635 320;7;0;2;2;19;1
202300025552;155 635 315;33;0;0;1;1;1
202300025553;155 635 312;10;0;0;9;1;1
202300025554;155 635 313;7;0;0;2;1;1
202300025554;155 635 314;50;0;0;1;1;3
202300025555;155 635 310;7;2;0;1;0;1
202300025556;155 635 308;7;0;1;2;14;0
202300025557;155 635 307;7;0;2;1;1;1
202300025557;155 635 309;7;0;2;2;1;1
202300025558;155 635 304;7;0;2;3;9;1
202300025558;155 635 306;1;0;2;7;2;5
202300025559;155 635 303;2;0;2;7;1;1
202300025559;155 635 305;7;0;2;8;26;1
202300025560;155 635 300;7;0;2;3;5;1
202300025560;155 635 302;7;0;2;3;5;1
202300025561;155 635 299;7;0;2;5;2;1
202300025561;155 635 301;7;0;2;1;1;1
202300025562;155 635 296;33;0;2;8;1;1
202300025562;155 635 297;7;0;2;2;1;1
202300025563;155 635 294;10;0;2;3;1;1
202300025563;155 635 295;33;0;0;4;1;1
202300025563;155 635 298;33;0;2;3;13;1
202300025564;155 635 292;7;0;2;1;1;1
202300025564;155 635 293;7;0;2;5;15;1
202300025565;155 635 291;7;13;0;0;13;1
202300025566;155 635 289;7;0;2;8;9;3
202300025566;155 635 290;1;0;2;1;1;5
202300025567;155 635 287;7;0;2;1;1;1
202300025567;155 635 288;7;0;2;1;1;1
202300025568;155 635 285;34;0;2;2;1;1
202300025568;155 635 286;7;0;2;1;16;2
202300025569;155 635 283;7;1;0;2;14;1
202300025570;155 635 282;7;0;2;1;1;1
202300025570;155 635 284;7;0;2;1;9;1
202300025571;155 635 280;33;0;2;4;12;1
202300025571;155 635 281;7;0;2;1;1;1
202300025572;155 635 279;7;6;0;2;1;1
202300025573;155 635 277;7;0;2;0;13;1
202300025573;155 635 278;30;0;2;2;17;3
202300025574;155 635 275;7;0;1;4;26;1
202300025575;155 635 274;2;0;2;1;19;1
202300025575;155 635 276;7;0;2;3;1;1
202300025576;155 635 272;2;0;2;1;1;1
202300025576;155 635 273;7;0;2;3;9;1
202300025577;155 635 270;2;0;0;8;2;1
202300025577;155 635 271;21;0;2;5;26;0
202300025578;155 635 268;30;0;2;1;1;1
202300025578;155 635 269;7;0;2;3;1;3
202300025579;155 635 267;32;14;0;0;0;0
202300025580;155 635 266;7;15;0;1;1;1
202300025581;155 635 265;7;0;1;4;4;
202300025582;155 635 264;33;17;0;1;1;1
202300025583;155 635 261;50;0;2;4;2;3
202300025583;155 635 262;30;0;2;1;2;0
202300025584;155 635 259;7;0;2;2;15;1
202300025584;155 635 260;2;0;2;8;1;1
202300025585;155 635 256;7;0;2;1;1;1
202300025585;155 635 257;7;0;2;4;1;1
202300025585;155 635 258;7;0;2;9;1;1
202300025586;155 635 253;7;13;0;9;1;1
202300025587;155 635 254;7;0;0;6;10;1
202300025587;155 635 255;33;0;0;1;1;1
202300025588;155 635 249;7;0;2;5;1;1
202300025588;155 635 252;1;0;2;1;1;5
202300025589;155 635 250;14;0;2;2;15;0
202300025589;155 635 251;10;0;2;1;1;0
202300025590;155 635 246;7;0;2;1;1;1
202300025590;155 635 248;7;0;0;4;1;1
202300025591;155 635 247;7;13;0;7;26;1
202300025592;155 635 244;34;0;0;0;0;0
202300025592;155 635 245;7;0;2;1;15;0
202300025593;155 635 241;37;0;2;3;13;6
202300025593;155 635 242;7;0;2;2;0;1
202300025594;155 635 240;33;0;2;6;15;1
202300025594;155 635 243;33;0;2;1;1;1
202300025595;155 635 238;7;0;2;3;1;1
202300025595;155 635 239;33;0;2;1;15;1
202300025596;155 635 237;7;14;0;1;1;1
202300025597;155 635 236;30;0;0;0;1;1
202300025598;155 635 234;7;9;1;2;1;1
202300025599;155 635 231;33;0;2;1;1;1
202300025599;155 635 233;7;0;2;3;16;1
202300025600;155 635 232;7;0;2;8;1;1
202300025600;155 635 235;7;0;2;7;17;1
202300025601;155 635 229;7;0;2;3;11;1
202300025601;155 635 230;33;0;2;1;3;1
202300025602;155 635 225;43;0;2;1;3;1
202300025602;155 635 226;7;0;2;5;1;1
202300025603;155 635 227;7;0;2;6;1;1
202300025603;155 635 228;2;0;2;1;1;1
202300025604;155 635 223;43;0;2;1;3;1
202300025604;155 635 224;33;0;2;4;11;1
202300025605;155 635 221;7;0;2;6;1;1
202300025605;155 635 222;14;0;2;2;12;1
202300025606;155 635 217;1;0;2;7;15;5
202300025606;155 635 218;50;0;2;1;1;3
202300025607;155 635 219;7;0;0;4;23;1
202300025607;155 635 220;7;0;2;1;0;1
202300025608;155 635 215;7;0;2;3;1;1
202300025608;155 635 216;30;0;2;7;17;3
202300025609;155 635 214;7;0;0;;1;1
202300025610;155 635 213;7;0;1;0;1;1
202300025611;155 635 212;7;13;0;1;0;0
202300025612;155 635 210;43;0;2;2;5;1
202300025612;155 635 211;7;0;2;3;15;1
202300025613;155 635 206;7;0;2;2;16;1
202300025613;155 635 208;7;0;2;1;1;1
202300025614;155 635 205;7;0;2;1;1;1
202300025614;155 635 207;7;0;2;4;23;2
202300025614;155 635 209;7;0;2;4;23;1
202300025615;155 635 202;1;0;2;8;15;5
202300025615;155 635 204;1;0;2;7;14;5
202300025616;155 635 200;7;0;0;1;1;1
202300025616;155 635 201;7;0;0;1;2;1
202300025616;155 635 203;7;0;0;4;15;1
202300025617;155 635 198;7;0;2;3;15;1
202300025617;155 635 199;1;0;2;1;1;5
202300025618;155 635 195;1;0;0;4;23;5
202300025618;155 635 196;7;0;2;1;1;2
202300025618;155 635 197;30;0;2;4;1;3
202300025619;155 635 193;10;0;2;2;2;1
202300025619;155 635 194;7;4;0;6;1;1
202300025620;155 635 191;30;0;2;0;21;1
202300025620;155 635 192;7;0;2;0;10;1
202300025621;155 635 190;33;3;0;8;0;1
202300025622;155 635 189;10;0;1;2;16;1
202300025623;155 635 187;7;0;2;1;1;1
202300025623;155 635 188;7;3;2;4;1;1
202300025624;155 635 185;7;0;2;3;15;2
202300025624;155 635 186;50;0;2;2;1;3
202300025625;155 635 183;7;0;1;1;1;1
202300025626;155 635 184;10;0;1;5;13;1
202300025627;155 635 181;7;0;2;8;9;0
202300025627;155 635 182;1;0;2;1;5;5
202300025628;155 635 177;7;0;2;7;16;1
202300025628;155 635 179;43;0;2;8;1;1
202300025629;155 635 178;7;0;2;2;16;1
202300025629;155 635 180;2;0;2;3;18;1
202300025630;155 635 174;32;0;0;0;0;1
202300025630;155 635 176;7;0;2;0;0;1
202300025631;155 635 175;7;3;0;2;1;1
202300025632;155 635 173;7;15;0;1;26;1
202300025633;155 635 172;7;4;0;3;2;1
202300025634;155 635 170;30;0;2;1;1;1
202300025634;155 635 171;7;0;2;4;15;1
202300025635;155 635 167;7;0;2;1;1;1
202300025635;155 635 168;7;0;2;7;15;1
202300025636;155 635 164;7;0;0;0;0;1
202300025636;155 635 165;50;0;2;8;1;3
202300025637;155 635 163;7;0;2;6;10;1
202300025637;155 635 166;33;0;2;1;9;1
202300025638;155 635 161;7;0;2;3;1;1
202300025638;155 635 162;7;0;2;1;13;1
202300025639;155 635 159;34;0;2;1;5;1
202300025639;155 635 160;34;0;2;1;1;1
202300025640;155 635 157;7;0;2;1;2;1
202300025640;155 635 158;7;0;0;4;2;1
202300025641;155 635 155;7;0;2;1;19;1
202300025641;155 635 156;7;1;2;6;1;1
202300025642;155 635 154;33;0;1;1;1;1
202300025643;155 635 151;7;0;2;1;1;1
202300025643;155 635 152;30;0;2;2;15;1
202300025644;155 635 149;1;0;1;1;1;5
202300025645;155 635 147;33;0;0;4;23;1
202300025645;155 635 148;14;0;2;1;16;1
202300025646;155 635 150;7;0;2;1;2;1
202300025646;155 635 153;33;0;2;4;2;1
202300025647;155 635 146;1;0;1;0;0;0
202300025648;155 635 145;33;0;0;8;1;1
202300025649;155 635 142;34;0;2;3;13;1
202300025649;155 635 144;80;0;2;3;1;3
202300025650;155 635 141;7;0;0;0;0;0
202300025651;155 635 140;7;0;2;8;15;1
202300025651;155 635 143;31;0;2;1;17;1
202300025652;155 635 139;7;0;1;1;1;1
202300025653;155 635 138;7;6;0;1;1;1
202300025654;155 635 135;32;0;2;1;1;0
202300025654;155 635 137;7;0;2;3;15;1
202300025655;155 635 134;7;0;2;3;10;1
202300025655;155 635 136;2;0;2;9;2;1
202300025656;155 635 133;10;0;1;2;1;1
202300025657;155 635 130;33;0;0;0;0;1
202300025658;155 635 128;7;0;2;3;9;1
202300025658;155 635 132;1;0;2;7;1;5
202300025659;155 635 127;7;0;2;1;13;1
202300025659;155 635 129;7;0;2;1;1;1
202300025659;155 635 131;7;0;2;9;0;1
202300025660;155 635 124;7;0;1;2;1;1
202300025661;155 635 123;7;0;2;0;1;1
202300025661;155 635 126;30;0;2;0;21;3
202300025662;155 635 121;7;0;2;1;1;1
202300025662;155 635 122;7;0;2;1;17;1
202300025662;155 635 125;7;0;2;5;1;1
202300025663;155 635 120;7;2;0;1;14;0
202300025664;155 635 119;7;0;1;1;1;1
202300025665;155 635 115;33;0;2;7;17;1
202300025665;155 635 118;10;0;2;8;15;1
202300025666;155 635 114;7;0;2;3;21;1
202300025666;155 635 117;7;0;2;3;16;1
202300025667;155 635 113;7;0;0;8;1;1
202300025667;155 635 116;7;0;0;1;1;1
202300025668;155 635 111;7;2;0;1;17;1
202300025669;155 635 110;33;12;0;1;1;1
202300025670;155 635 109;33;0;2;1;17;1
202300025670;155 635 112;7;0;0;6;15;1
202300025671;155 635 106;7;0;2;1;1;1
202300025671;155 635 108;7;0;2;3;16;1