Num_Acc;id_vehicule;categorie_vehicule;obstacle_fixe;obstacle_mobile;point_choc_initial;manoeuvre_principale;motorisation
202300025672;155 635 104;7;0;2;5;15;1
202300025672;155 635 107;2;0;2;1;1;1
202300025673;155 635 101;7;0;9;1;1;1
202300025673;155 635 103;50;0;2;1;16;3
202300025674;155 635 099;7;0;2;5;17;1
202300025674;155 635 102;7;12;2;3;2;1
202300025675;155 635 098;7;0;2;1;13;1
202300025675;155 635 100;7;0;2;1;1;1
202300025676;155 635 096;33;0;1;7;1;1
202300025677;155 635 094;7;0;2;0;1;1
202300025677;155 635 097;7;0;2;2;1;1
202300025678;155 635 092;1;0;2;3;19;5
202300025678;155 635 095;15;0;2;1;1;1
202300025679;155 635 091;7;0;2;3;13;1
202300025679;155 635 093;7;8;2;3;0;1
202300025680;155 635 088;7;0;2;1;1;1
202300025680;155 635 090;7;0;2;6;1;3
202300025681;155 635 086;7;0;2;3;1;1
202300025681;155 635 089;7;0;2;3;1;1
202300025682;155 635 087;7;2;0;1;1;1
202300025683;155 635 083;7;12;2;8;1;0
202300025683;155 635 085;7;0;2;8;5;0
202300025684;155 635 084;37;0;1;2;9;6
202300025685;155 635 080;17;13;0;0;1;1
202300025686;155 635 081;33;0;2;1;1;1
202300025686;155 635 082;7;0;2;3;15;1
202300025687;155 635 074;7;0;2;4;2;1
202300025687;155 635 078;7;0;2;4;2;1
202300025687;155 635 079;7;0;2;1;2;1
202300025688;155 635 073;7;0;2;4;23;1
202300025688;155 635 075;10;0;2;8;15;1
202300025688;155 635 077;7;0;2;1;1;1
202300025689;155 635 072;7;0;2;1;15;1
202300025689;155 635 076;2;0;2;1;1;1
202300025690;155 635 071;33;14;0;1;0;1
202300025691;155 635 070;7;2;0;1;13;1
202300025692;155 635 069;7;8;0;8;13;1
202300025693;155 635 067;7;13;0;2;14;1
202300025694;155 635 065;7;0;2;1;15;1
202300025694;155 635 068;50;0;2;8;19;3
202300025695;155 635 064;7;14;0;6;0;1
202300025695;155 635 066;7;1;0;2;1;1
202300025696;155 635 061;7;0;2;3;15;1
202300025696;155 635 063;33;0;2;8;17;1
202300025697;155 635 058;7;0;2;1;1;0
202300025697;155 635 059;7;0;0;4;23;0
202300025697;155 635 060;7;0;2;4;23;0
202300025697;155 635 062;7;0;2;4;1;0
202300025698;155 635 055;7;0;2;1;5;1
202300025698;155 635 057;7;0;2;1;1;1
202300025699;155 635 056;7;0;1;3;26;1
202300025700;155 635 052;7;2;0;1;0;0
202300025701;155 635 051;33;0;2;8;1;1
202300025701;155 635 053;7;0;2;2;15;1
202300025702;155 635 050;7;15;2;2;5;1
202300025702;155 635 054;7;0;2;1;1;1
202300025703;155 635 046;1;0;2;1;1;5
202300025703;155 635 049;10;0;2;8;15;1
202300025704;155 635 048;33;13;0;1;1;1
202300025705;155 635 044;10;8;0;1;1;1
202300025706;155 635 043;7;0;2;1;13;1
202300025706;155 635 045;10;0;2;6;1;1
202300025706;155 635 047;7;0;2;1;1;1
202300025707;155 635 041;30;0;2;2;17;1
202300025707;155 635 042;7;0;2;8;15;1
202300025708;155 635 038;7;0;2;5;23;1
202300025708;155 635 040;31;0;2;1;1;1
202300025709;155 635 035;7;0;2;1;1;1
202300025709;155 635 037;7;0;2;4;1;1
202300025710;155 635 036;33;0;2;2;2;1
202300025710;155 635 039;7;0;0;4;2;2
202300025711;155 635 032;7;0;2;1;1;1
202300025711;155 635 034;7;0;2;4;1;1
202300025712;155 635 031;36;0;0;7;1;1
202300025713;155 635 030;7;0;2;8;10;1
202300025713;155 635 033;33;0;2;1;13;1
202300025714;155 635 029;33;0;2;2;17;1
202300025715;155 635 028;7;13;0;9;1;1
202300025716;155 635 027;7;6;0;3;13;1
202300025717;155 635 018;7;0;2;1;1;1
202300025717;155 635 020;7;0;2;4;1;2
202300025717;155 635 023;7;0;2;4;1;1
202300025717;155 635 025;7;0;2;4;1;1
202300025717;155 635 026;7;0;2;4;1;1
202300025718;155 635 021;7;0;2;2;9;1
202300025718;155 635 024;33;0;2;1;1;1
202300025719;155 635 019;2;0;2;1;1;1
202300025719;155 635 022;7;0;2;6;1;1
202300025720;155 635 014;50;0;2;8;1;3
202300025720;155 635 017;7;0;9;1;9;1
202300025721;155 635 015;7;0;2;1;5;1
202300025721;155 635 016;7;0;2;1;5;1
202300025722;155 635 010;7;2;0;1;13;1
202300025723;155 635 011;7;0;2;3;9;1
202300025723;155 635 013;33;0;2;7;1;1
202300025724;155 635 009;7;0;9;2;0;1
202300025724;155 635 012;80;0;2;8;0;5
202300025725;155 635 006;33;0;2;1;18;1
202300025725;155 635 008;7;0;2;6;15;1
202300025726;155 635 005;7;0;2;1;1;1
202300025726;155 635 007;14;0;2;3;1;1
202300025727;155 635 004;7;15;0;9;17;1
202300025728;155 635 002;7;0;2;1;1;1
202300025728;155 635 003;7;0;2;1;9;1
202300025729;155 634 999;32;0;0;0;1;1
202300025730;155 635 000;7;0;2;3;1;1
202300025730;155 635 001;7;0;2;3;13;1
202300025731;155 634 998;50;0;0;7;1;3
202300025732;155 634 995;7;0;0;3;13;1
202300025732;155 634 997;10;0;0;3;1;1
202300025733;155 634 993;13;0;2;1;1;1
202300025733;155 634 994;7;0;2;4;15;1
202300025734;155 634 990;7;0;2;3;13;1
202300025734;155 634 996;7;0;2;3;1;1
202300025735;155 634 991;7;0;2;1;19;0
202300025735;155 634 992;7;0;2;3;1;0
202300025736;155 634 988;30;0;2;4;23;0
202300025736;155 634 989;7;0;2;4;2;0
202300025737;155 634 984;7;0;2;3;10;1
202300025737;155 634 987;33;0;2;1;17;1
202300025738;155 634 983;10;0;2;2;1;1
202300025738;155 634 985;7;0;2;3;9;1
202300025739;155 634 980;7;0;2;8;13;1
202300025739;155 634 982;43;0;2;7;17;0
202300025740;155 634 979;7;0;0;4;1;1
202300025740;155 634 981;2;0;2;1;2;1
202300025741;155 634 977;7;12;0;1;1;1
202300025741;155 634 978;7;0;2;1;1;1
202300025742;155 634 973;33;0;2;1;17;1
202300025742;155 634 975;7;0;2;8;15;1
202300025743;155 634 971;7;0;2;4;2;1
202300025743;155 634 972;10;0;2;1;1;1
202300025744;155 634 974;7;3;2;1;1;1
202300025744;155 634 976;7;3;2;8;1;1
202300025745;155 634 969;7;0;2;4;26;1
202300025746;155 634 967;7;4;2;3;26;1
202300025746;155 634 970;7;0;2;1;1;1
202300025747;155 634 965;10;0;2;2;2;1
202300025747;155 634 968;14;0;0;6;9;1
202300025748;155 634 963;7;0;2;1;2;1
202300025748;155 634 966;15;0;2;4;23;1
202300025749;155 634 962;7;0;0;3;1;0
202300025749;155 634 964;7;0;0;1;1;0
202300025750;155 634 960;7;0;2;1;1;1
202300025750;155 634 961;2;0;2;1;11;1
202300025751;155 634 958;33;13;0;7;0;1
202300025752;155 634 957;50;0;2;1;1;3
202300025752;155 634 959;7;0;2;3;15;1
202300025753;155 634 953;7;0;2;2;2;1
202300025753;155 634 956;14;0;0;6;2;1
202300025754;155 634 952;2;0;2;7;1;1
202300025754;155 634 954;7;0;2;1;19;1
202300025755;155 634 950;7;13;0;3;1;1
202300025756;155 634 951;7;0;2;2;13;1
202300025756;155 634 955;7;0;2;2;1;1
202300025757;155 634 947;33;0;2;1;2;1
202300025757;155 634 948;7;0;2;4;2;1
202300025758;155 634 944;7;0;2;1;5;1
202300025758;155 634 946;10;0;2;1;14;1
202300025759;155 634 945;7;0;2;2;11;1
202300025759;155 634 949;7;0;2;3;12;1
202300025760;155 634 941;50;0;2;1;1;3
202300025760;155 634 943;7;0;2;5;16;1
202300025761;155 634 942;10;0;0;0;1;1
202300025762;155 634 939;7;0;1;1;2;1
202300025763;155 634 936;34;0;1;1;1;1
202300025764;155 634 938;7;0;2;3;0;0
202300025764;155 634 940;7;0;2;2;1;1
202300025765;155 634 935;50;0;2;7;2;3
202300025765;155 634 937;7;0;9;3;9;1
202300025766;155 634 931;7;4;0;1;17;1
202300025767;155 634 928;7;0;2;3;0;1
202300025767;155 634 933;7;0;2;1;1;1
202300025768;155 634 929;2;0;2;1;1;1
202300025768;155 634 930;7;0;2;3;19;1
202300025769;155 634 925;7;0;2;6;23;1
202300025769;155 634 927;1;1;0;1;21;5
202300025770;155 634 923;7;0;4;1;21;1
202300025770;155 634 926;39;0;2;3;1;3
202300025771;155 634 919;7;0;1;3;10;1
202300025772;155 634 920;33;0;2;1;3;1
202300025772;155 634 921;10;0;2;6;2;1
202300025773;155 634 918;7;4;0;3;13;0
202300025774;155 634 914;7;0;2;1;15;1
202300025774;155 634 916;50;0;2;1;13;3
202300025775;155 634 913;7;8;0;9;0;0
202300025776;155 634 915;7;0;9;1;1;1
202300025776;155 634 917;1;0;2;1;1;5
202300025777;155 634 912;7;0;1;1;1;1
202300025778;155 634 910;7;1;1;3;1;1
202300025779;155 634 908;2;0;0;9;1;1
202300025780;155 634 906;33;0;2;1;0;1
202300025780;155 634 909;7;0;2;3;10;1
202300025781;155 634 904;7;0;1;1;1;1
202300025782;155 634 905;7;0;2;3;9;1
202300025782;155 634 911;30;0;2;7;0;1
202300025783;155 634 903;7;0;2;2;15;1
202300025783;155 634 907;7;11;2;2;1;1
202300025784;155 634 901;7;2;0;2;1;1
202300025785;155 634 900;7;0;2;1;9;1
202300025785;155 634 902;7;0;2;6;1;3
202300025786;155 634 898;10;0;1;1;1;1
202300025787;155 634 897;7;0;2;8;2;1
202300025787;155 634 899;7;0;2;1;2;1
202300025788;155 634 895;7;0;0;9;14;0
202300025789;155 634 892;7;13;0;2;1;1
202300025790;155 634 891;2;0;2;1;9;1
202300025790;155 634 893;10;0;2;3;15;1
202300025791;155 634 889;30;0;2;7;1;1
202300025792;155 634 888;10;1;0;2;1;1
202300025792;155 634 890;10;0;2;0;24;1
202300025793;155 634 881;7;3;2;1;9;1
202300025793;155 634 887;7;0;2;7;2;1
202300025794;155 634 879;7;0;2;1;1;1
202300025794;155 634 882;7;0;2;5;2;1
202300025794;155 634 885;33;0;2;0;2;1
202300025795;155 634 878;31;0;2;3;3;1
202300025795;155 634 884;10;0;2;4;1;1
202300025795;155 634 886;7;0;2;5;12;1
202300025796;155 634 877;7;0;2;6;11;2
202300025796;155 634 883;7;0;2;2;1;1
202300025797;155 634 875;7;0;2;3;17;1
202300025797;155 634 876;7;0;2;3;20;2
202300025797;155 634 880;7;0;2;1;1;1
202300025798;155 634 868;2;0;2;1;1;1
202300025798;155 634 874;7;0;2;3;13;1
202300025799;155 634 869;33;0;2;1;21;1
202300025799;155 634 872;7;0;2;5;2;1
202300025800;155 634 867;7;0;2;3;13;1
202300025800;155 634 871;33;0;2;3;26;1
202300025801;155 634 864;99;0;2;1;2;1
202300025801;155 634 866;7;1;0;4;23;1
202300025801;155 634 870;7;0;0;1;1;1
202300025801;155 634 873;7;0;0;5;23;1
202300025802;155 634 859;7;0;2;2;16;1
202300025802;155 634 863;99;0;2;1;0;3
202300025803;155 634 861;7;2;0;1;1;0
202300025804;155 634 857;7;0;2;4;2;3
202300025804;155 634 860;7;0;2;1;2;1
202300025805;155 634 858;10;0;2;3;23;1
202300025805;155 634 862;7;0;2;3;1;1
202300025805;155 634 865;10;0;2;1;15;1
202300025806;155 634 856;31;0;1;1;2;1
202300025807;155 634 854;7;0;2;3;1;1
202300025807;155 634 855;7;5;2;3;1;1
202300025808;155 634 850;7;0;2;1;2;1
202300025808;155 634 851;7;0;2;4;2;1
202300025809;155 634 848;33;0;2;1;2;1
202300025809;155 634 853;10;0;0;5;13;1
202300025810;155 634 847;43;0;2;0;0;0
202300025810;155 634 852;7;0;2;3;0;1
202300025811;155 634 846;36;0;0;0;1;1
202300025812;155 634 843;7;0;2;6;15;1
202300025812;155 634 845;7;0;2;0;15;1
202300025813;155 634 841;7;0;2;8;6;1
202300025813;155 634 844;1;0;2;0;0;5
202300025814;155 634 842;7;0;1;7;1;1
202300025815;155 634 840;33;13;0;0;1;1
202300025816;155 634 837;7;0;2;3;9;1
202300025816;155 634 839;7;0;2;1;1;1
202300025817;155 634 833;7;2;0;3;14;1
202300025818;155 634 835;7;6;2;1;1;1
202300025819;155 634 831;1;0;2;7;19;5
202300025819;155 634 832;7;0;2;1;1;1
202300025820;155 634 830;33;0;0;0;15;1
202300025821;155 634 829;7;0;1;3;1;1
202300025822;155 634 827;32;0;0;2;1;1
202300025823;155 634 825;7;0;2;8;0;1
202300025823;155 634 828;2;0;2;1;26;1
202300025824;155 634 823;15;0;0;7;15;1
202300025825;155 634 822;32;4;0;2;14;1
202300025826;155 634 820;7;0;1;1;2;0
202300025827;155 634 819;7;0;2;6;2;1
202300025827;155 634 821;7;0;2;2;2;1
202300025828;155 634 817;7;4;0;1;1;1
202300025829;155 634 814;7;0;2;4;2;0
202300025829;155 634 816;7;0;2;4;2;0
202300025829;155 634 818;7;0;2;1;2;0
202300025830;155 634 811;1;2;0;1;1;5
202300025831;155 634 810;7;6;1;1;26;1
202300025832;155 634 808;7;0;2;1;13;1
202300025832;155 634 812;7;0;2;1;1;1
202300025832;155 634 815;7;0;2;3;24;1
202300025833;155 634 809;7;0;2;3;13;1
202300025833;155 634 813;30;0;2;2;1;1
202300025834;155 634 802;7;0;2;4;1;2
202300025834;155 634 805;7;0;2;1;1;1
202300025834;155 634 807;10;0;2;4;1;1
202300025835;155 634 804;7;0;2;5;15;1
202300025835;155 634 806;2;0;2;1;1;1
202300025836;155 634 798;1;0;2;1;1;5
202300025836;155 634 801;7;0;2;7;15;1
202300025837;155 634 800;7;0;2;1;1;1
202300025837;155 634 803;7;0;2;8;15;1
202300025838;155 634 799;7;9;1;1;15;1
202300025839;155 634 795;7;1;1;1;0;1
202300025840;155 634 791;1;0;2;1;5;5
202300025840;155 634 796;7;0;0;3;1;1
202300025841;155 634 790;10;0;2;1;2;1
202300025841;155 634 794;7;0;2;4;2;1
202300025841;155 634 797;10;0;2;1;2;1
202300025842;155 634 789;7;0;2;2;10;1
202300025842;155 634 792;32;0;2;3;1;1
202300025843;155 634 788;7;0;2;4;15;1
202300025843;155 634 793;20;0;2;1;15;1
202300025844;155 634 786;7;0;2;1;1;1
202300025844;155 634 787;7;0;2;4;1;1
202300025845;155 634 784;34;0;9;1;2;1
202300025846;155 634 778;7;0;1;2;1;1
202300025847;155 634 776;7;8;2;5;15;1
202300025847;155 634 780;7;0;0;2;1;1
202300025847;155 634 783;80;0;0;3;23;3
202300025847;155 634 785;80;0;0;6;26;3
202300025848;155 634 775;42;0;2;1;1;1
202300025848;155 634 777;7;0;2;4;1;1
202300025848;155 634 781;33;0;2;1;1;1
202300025849;155 634 774;7;0;1;1;19;1
202300025850;155 634 773;7;4;0;3;1;1
202300025851;155 634 772;7;6;0;1;1;1
202300025852;155 634 771;7;2;0;7;1;1
202300025853;155 634 779;7;0;2;2;17;2
202300025853;155 634 782;7;0;2;8;15;1
202300025854;155 634 769;10;2;0;3;1;1
202300025855;155 634 768;7;0;2;5;1;1
202300025855;155 634 770;7;0;2;3;9;1
202300025856;155 634 765;7;0;2;4;2;1
202300025856;155 634 767;10;0;2;1;2;1
202300025857;155 634 760;17;0;2;8;15;1
202300025857;155 634 766;7;0;2;1;1;1
202300025858;155 634 758;30;0;2;2;5;1
202300025858;155 634 764;7;0;2;2;15;1
202300025859;155 634 756;7;9;0;2;14;1
202300025860;155 634 755;7;0;2;3;1;1
202300025860;155 634 762;37;0;2;2;1;1
202300025861;155 634 752;7;0;2;1;2;1
202300025861;155 634 753;7;0;2;4;2;1
202300025861;155 634 757;7;0;2;4;2;1
202300025861;155 634 759;7;0;2;4;2;1
202300025862;155 634 751;7;0;2;3;19;1
202300025862;155 634 754;7;0;2;1;1;1
202300025863;155 634 750;7;14;0;2;14;1
202300025864;155 634 747;7;0;2;1;1;1
202300025864;155 634 749;7;0;2;4;1;1
202300025865;155 634 745;7;0;2;2;1;1
202300025865;155 634 748;30;0;2;3;1;1
202300025866;155 634 743;7;0;1;8;1;1
202300025867;155 634 741;7;0;1;2;1;1
202300025868;155 634 742;7;0;2;2;0;1
202300025868;155 634 744;33;1;0;1;0;1
202300025868;155 634 746;7;0;2;6;23;1
202300025869;155 634 739;7;0;0;8;15;1
202300025869;155 634 740;7;0;2;1;1;1
202300025870;155 634 735;7;0;1;4;20;0
202300025871;155 634 734;31;0;2;1;1;1
202300025871;155 634 736;10;0;2;4;1;1
202300025872;155 634 738;7;0;1;1;1;0
202300025873;155 634 732;7;0;2;5;15;1
202300025873;155 634 737;33;0;2;1;1;1
202300025874;155 634 731;33;0;2;1;2;0
202300025874;155 634 733;7;0;2;5;2;0
202300025875;155 634 724;7;0;2;4;2;1
202300025875;155 634 728;7;0;2;5;2;1
202300025875;155 634 730;7;0;2;3;2;1
202300025876;155 634 720;7;0;2;1;15;1
202300025876;155 634 726;33;0;2;8;1;1
202300025877;155 634 719;50;0;2;7;1;3
202300025877;155 634 723;7;0;2;1;16;1
202300025878;155 634 722;32;0;2;1;1;1
202300025878;155 634 727;7;0;2;7;15;1
202300025879;155 634 717;7;0;2;1;0;1
202300025879;155 634 718;7;0;2;1;1;1
202300025879;155 634 721;7;0;2;4;2;1
202300025879;155 634 725;33;0;2;1;3;1
202300025879;155 634 729;7;0;2;4;2;1
202300025880;155 634 715;7;0;1;1;1;1
202300025881;155 634 713;7;0;2;1;1;1
202300025881;155 634 716;30;0;2;3;1;1
202300025882;155 634 714;7;0;1;3;1;1
202300025883;155 634 710;2;0;2;2;1;3
202300025883;155 634 712;7;0;2;7;15;1
202300025884;155 634 708;7;0;2;1;2;1
202300025884;155 634 711;10;0;2;4;2;1
202300025885;155 634 707;30;1;0;2;2;1
202300025886;155 634 706;7;0;9;7;17;1
202300025886;155 634 709;80;0;2;8;26;3
202300025887;155 634 705;7;0;1;3;16;1
202300025888;155 634 702;31;0;2;1;17;1
202300025888;155 634 704;7;0;2;8;10;1
202300025889;155 634 700;7;6;0;1;14;1
202300025890;155 634 698;7;0;2;6;1;1
202300025890;155 634 703;31;0;2;1;2;1
202300025891;155 634 697;3;0;2;3;1;1
202300025891;155 634 699;7;0;2;3;13;1
202300025892;155 634 691;7;1;0;2;1;1
202300025893;155 634 690;7;0;2;1;1;1
202300025893;155 634 694;7;13;0;3;11;1
202300025894;155 634 689;10;0;2;1;1;1
202300025894;155 634 695;1;0;2;4;1;5
202300025895;155 634 688;10;0;2;3;13;1
202300025895;155 634 692;7;0;2;3;1;1
202300025896;155 634 687;7;0;2;4;2;1
202300025896;155 634 693;7;0;2;4;2;1
202300025896;155 634 696;10;0;2;4;2;1
202300025896;155 634 701;7;0;2;1;2;1
202300025897;155 634 686;7;0;1;1;1;1
202300025898;155 634 685;10;2;0;1;1;1
202300025899;155 634 682;31;0;0;2;0;1
202300025900;155 634 683;10;0;1;3;1;1
202300025901;155 634 681;1;0;2;1;1;5
202300025901;155 634 684;7;0;2;4;1;1
202300025902;155 634 679;2;0;0;0;1;1
202300025903;155 634 678;40;0;2;2;1;3
202300025903;155 634 680;50;0;4;3;19;3
202300025904;155 634 672;7;0;2;3;15;1
202300025904;155 634 676;2;0;2;1;17;1
202300025905;155 634 671;7;0;2;1;1;1
202300025905;155 634 677;31;0;2;8;1;1
202300025906;155 634 669;7;0;2;1;1;1
202300025906;155 634 675;7;0;2;6;15;0
202300025907;155 634 670;21;0;2;5;15;1
202300025907;155 634 673;7;0;2;1;1;1
202300025908;155 634 668;7;0;2;3;15;1
202300025908;155 634 674;2;0;2;1;13;0
202300025909;155 634 662;7;0;2;3;13;1
202300025909;155 634 667;33;0;2;8;1;1
202300025910;155 634 665;34;0;1;1;1;1
202300025911;155 634 660;33;0;2;2;1;1
202300025911;155 634 664;1;0;2;3;15;5
202300025912;155 634 661;7;0;2;3;1;1
202300025912;155 634 666;1;0;2;1;0;5
202300025913;155 634 658;7;0;2;4;23;1
202300025913;155 634 659;7;0;2;4;23;1
202300025913;155 634 663;10;0;2;1;2;1
202300025914;155 634 657;33;12;0;3;1;1
202300025915;155 634 652;7;0;2;8;1;1
202300025915;155 634 656;7;0;2;2;1;1
202300025916;155 634 653;1;0;2;3;1;5
202300025916;155 634 655;7;0;2;1;15;1
202300025917;155 634 651;2;0;2;7;1;1
202300025917;155 634 654;7;0;2;1;9;1
202300025918;155 634 649;7;0;1;7;0;0
202300025919;155 634 645;2;0;2;1;1;1
202300025919;155 634 647;7;0;2;1;1;1
202300025920;155 634 648;7;0;2;2;1;1
202300025920;155 634 650;7;0;2;3;13;1
202300025921;155 634 644;1;0;2;1;5;5
202300025921;155 634 646;7;0;2;2;1;1
202300025922;155 634 642;3;0;2;2;17;1
202300025922;155 634 643;1;0;2;8;1;5
202300025923;155 634 641;7;2;0;8;14;1
202300025924;155 634 640;1;0;0;1;1;5
202300025925;155 634 638;7;1;0;7;14;1
202300025926;155 634 635;7;0;2;3;1;1
202300025926;155 634 637;7;0;2;3;1;1
202300025927;155 634 632;30;12;0;2;1;1
202300025928;155 634 634;1;0;1;8;1;5
202300025929;155 634 630;33;5;0;1;1;1
202300025930;155 634 627;7;0;2;4;2;1
202300025930;155 634 631;7;12;2;4;2;1
202300025930;155 634 633;7;0;2;1;2;1
202300025930;155 634 636;7;0;2;4;1;1
202300025930;155 634 639;7;0;2;4;2;1
202300025931;155 634 624;32;0;2;3;1;1
202300025931;155 634 628;1;0;2;7;19;5
202300025932;155 634 622;7;0;0;2;16;1
202300025932;155 634 625;33;0;2;1;1;1
202300025933;155 634 621;7;0;2;4;2;1
202300025933;155 634 623;7;0;2;1;2;1
202300025933;155 634 626;7;0;2;4;2;1
202300025933;155 634 629;7;0;2;4;1;1
202300025934;155 634 620;7;8;0;1;13;1
202300025935;155 634 617;1;0;2;1;15;5
202300025935;155 634 618;33;0;2;2;2;1
202300025936;155 634 615;7;0;1;2;1;1
202300025937;155 634 616;7;0;2;1;10;1
202300025937;155 634 619;80;0;2;2;1;3
202300025938;155 634 614;10;0;1;2;1;6
202300025939;155 634 611;37;0;1;4;0;1
202300025940;155 634 607;2;0;0;9;2;1
202300025941;155 634 605;31;0;5;1;1;1
202300025942;155 634 604;30;0;0;1;1;6
202300025943;155 634 606;10;0;2;9;2;1
202300025943;155 634 608;10;0;2;1;2;1
202300025943;155 634 610;10;0;2;1;2;1
202300025944;155 634 600;33;0;0;0;1;1
202300025945;155 634 601;1;0;2;8;0;5
202300025945;155 634 603;7;0;9;8;15;1
202300025946;155 634 599;7;0;2;1;1;1
202300025946;155 634 602;1;0;2;8;9;5
202300025947;155 634 598;33;12;0;1;1;1
202300025948;155 634 597;1;0;1;4;25;5
202300025949;155 634 593;7;0;2;4;2;1
202300025949;155 634 595;7;0;2;1;2;1
202300025950;155 634 591;15;0;2;8;1;1
202300025950;155 634 594;10;0;2;1;13;1
202300025950;155 634 596;15;0;2;2;1;1
202300025951;155 634 590;7;0;1;2;1;1
202300025952;155 634 589;10;0;1;0;1;0
202300025952;155 634 592;10;0;1;1;1;1
202300025953;155 634 587;2;13;0;0;14;0
202300025954;155 634 586;10;0;2;3;15;1
202300025954;155 634 588;31;0;2;3;16;1
202300025955;155 634 582;1;0;2;1;16;5
202300025955;155 634 585;10;0;0;4;16;1
202300025956;155 634 581;1;0;2;1;16;5
202300025956;155 634 584;15;0;2;7;16;1
202300025957;155 634 577;7;0;2;4;2;2
202300025957;155 634 580;33;0;2;1;2;1
202300025958;155 634 579;7;0;2;3;15;1
202300025958;155 634 583;2;0;2;8;1;1
202300025959;155 634 576;30;0;0;8;1;1
202300025960;155 634 574;7;0;2;3;15;0
202300025960;155 634 578;7;0;2;0;1;0
202300025961;155 634 572;7;0;2;3;12;1
202300025961;155 634 573;7;0;2;5;1;1
202300025962;155 634 571;30;0;2;7;1;1
202300025962;155 634 575;10;0;2;1;15;1
202300025963;155 634 570;7;0;1;2;2;1
202300025964;155 634 569;33;0;0;8;15;1
202300025965;155 634 567;10;0;2;1;26;1
202300025965;155 634 568;7;0;2;8;1;1
202300025966;155 634 566;33;3;0;2;26;1
202300025967;155 634 564;7;0;2;1;1;1
202300025967;155 634 565;7;0;2;1;13;1
202300025968;155 634 562;7;8;2;1;13;1
202300025968;155 634 563;34;0;2;1;1;1
202300025969;155 634 559;7;2;0;1;2;1
202300025970;155 634 558;7;0;2;1;13;1
202300025970;155 634 561;33;0;2;4;1;1
202300025971;155 634 556;99;0;2;1;0;1
202300025971;155 634 560;7;0;2;1;0;1
202300025972;155 634 555;32;0;2;7;3;1
202300025972;155 634 557;15;0;2;8;1;0
202300025973;155 634 551;33;0;2;1;2;1
202300025973;155 634 553;10;0;2;4;2;1
202300025974;155 634 549;7;0;2;4;23;0
202300025974;155 634 552;10;0;2;1;2;1
202300025975;155 634 550;10;0;2;3;1;1
202300025975;155 634 554;7;0;2;2;9;1
202300025976;155 634 546;7;0;2;2;2;1
202300025976;155 634 548;7;0;2;6;2;1
202300025977;155 634 545;7;4;0;8;0;1
202300025978;155 634 542;10;0;2;3;9;1
202300025978;155 634 547;37;0;2;2;1;1
202300025979;155 634 541;33;0;2;1;18;1
202300025979;155 634 544;7;0;2;6;15;1
202300025980;155 634 539;33;0;2;5;3;1
202300025980;155 634 543;7;0;2;3;11;0
202300025981;155 634 538;10;4;0;3;13;1
202300025982;155 634 537;7;0;2;4;2;1
202300025982;155 634 540;7;0;2;1;2;1
202300025983;155 634 533;7;8;0;3;17;1
202300025983;155 634 535;7;0;2;1;23;1
202300025984;155 634 528;7;0;2;2;12;1
202300025984;155 634 532;7;0;2;8;1;1
202300025985;155 634 529;7;14;2;1;19;1
202300025985;155 634 536;33;0;2;8;1;1
202300025986;155 634 525;7;0;2;4;2;1
202300025986;155 634 531;10;0;2;1;2;1
202300025987;155 634 523;7;0;2;0;11;0
202300025987;155 634 527;10;0;2;4;1;1
202300025987;155 634 530;31;0;2;3;3;1
202300025987;155 634 534;7;0;2;7;1;2
202300025988;155 634 521;32;0;1;1;1;1
202300025989;155 634 519;7;0;2;6;12;1
202300025989;155 634 522;7;0;2;2;2;1
202300025990;155 634 524;7;0;2;1;2;1
202300025990;155 634 526;2;0;2;4;2;1
202300025991;155 634 518;7;0;2;4;23;1
202300025991;155 634 520;7;0;2;1;1;1
202300025992;155 634 517;32;0;0;7;3;1
202300025993;155 634 513;7;0;2;4;2;1
202300025993;155 634 516;7;0;2;1;2;1
202300025994;155 634 511;1;14;0;8;2;5
202300025994;155 634 515;10;14;0;2;1;0
202300025995;155 634 510;7;0;2;1;2;1
202300025995;155 634 514;7;0;0;4;2;1
202300025996;155 634 507;7;0;2;1;1;1
202300025996;155 634 509;7;0;2;4;1;6
202300025996;155 634 512;10;0;2;4;1;1
202300025997;155 634 506;7;0;2;4;2;1
202300025997;155 634 508;7;0;2;1;2;1
202300025998;155 634 502;33;0;2;7;12;1
202300025998;155 634 504;7;0;2;3;1;1
202300025999;155 634 501;50;0;2;8;25;3
202300025999;155 634 505;7;0;9;1;16;1
202300026000;155 634 498;7;0;2;2;1;1
202300026000;155 634 500;32;0;2;1;1;1
202300026001;155 634 496;2;0;2;8;1;1
202300026001;155 634 503;7;0;2;3;15;1
202300026002;155 634 497;7;0;0;2;16;3
202300026002;155 634 499;33;0;0;3;1;1
202300026003;155 634 491;32;0;2;4;1;1
202300026003;155 634 494;7;0;2;1;1;1
202300026004;155 634 489;7;0;2;7;24;1
202300026004;155 634 492;1;1;0;1;0;5
202300026005;155 634 488;7;0;1;3;1;2
202300026006;155 634 487;1;0;2;2;15;5
202300026006;155 634 490;33;0;2;1;0;1
202300026007;155 634 485;60;0;9;1;0;5
202300026008;155 634 482;99;0;2;4;2;1
202300026008;155 634 486;7;0;2;4;2;1