Num_Acc;id_vehicule;categorie_vehicule;obstacle_fixe;obstacle_mobile;point_choc_initial;manoeuvre_principale;motorisation
202300026008;155 634 493;10;0;2;1;2;1
202300026008;155 634 495;7;0;2;1;2;1
202300026009;155 634 480;10;0;2;2;15;1
202300026009;155 634 484;7;0;2;3;1;1
202300026010;155 634 479;7;0;2;1;1;1
202300026010;155 634 483;7;0;0;4;15;2
202300026011;155 634 477;7;0;9;1;15;1
202300026011;155 634 481;1;0;2;1;0;5
202300026012;155 634 475;7;0;2;4;2;3
202300026012;155 634 478;7;0;2;1;2;1
202300026013;155 634 474;7;0;2;1;2;0
202300026013;155 634 476;17;0;2;4;2;0
202300026014;155 634 471;7;0;2;3;15;1
202300026014;155 634 473;33;0;2;1;1;1
202300026015;155 634 467;80;0;2;6;17;3
202300026015;155 634 470;7;0;2;3;15;1
202300026016;155 634 465;7;0;2;2;2;1
202300026016;155 634 468;33;0;2;4;2;1
202300026016;155 634 472;33;0;2;4;2;1
202300026017;155 634 464;7;0;0;2;15;1
202300026017;155 634 469;33;0;0;1;1;1
202300026018;155 634 461;7;4;2;1;2;1
202300026018;155 634 463;7;4;2;4;2;1
202300026018;155 634 466;7;4;2;4;2;1
202300026019;155 634 462;7;0;1;2;1;1
202300026020;155 634 459;7;0;1;1;1;2
202300026021;155 634 456;7;0;1;1;1;1
202300026022;155 634 457;43;0;2;7;17;1
202300026022;155 634 460;10;0;2;3;1;1
202300026023;155 634 453;7;0;2;1;9;2
202300026023;155 634 455;1;0;2;5;1;5
202300026024;155 634 452;7;0;2;1;1;0
202300026024;155 634 454;7;0;2;1;1;0
202300026024;155 634 458;7;0;2;4;1;0
202300026025;155 634 451;50;1;0;1;13;3
202300026026;155 634 450;7;0;0;1;0;1
202300026027;155 634 449;43;0;1;7;1;1
202300026028;155 634 446;32;0;2;3;1;1
202300026028;155 634 448;10;0;2;5;17;1
202300026029;155 634 442;7;0;1;1;1;1
202300026030;155 634 438;43;4;2;3;13;1
202300026030;155 634 441;15;0;2;3;1;1
202300026031;155 634 443;7;0;1;5;1;1
202300026032;155 634 437;7;0;2;2;1;1
202300026032;155 634 439;1;0;2;0;1;5
202300026032;155 634 445;1;0;2;0;1;5
202300026033;155 634 435;7;3;2;1;1;1
202300026033;155 634 436;7;3;2;8;23;1
202300026033;155 634 440;7;3;2;5;23;1
202300026033;155 634 444;7;3;2;6;23;1
202300026033;155 634 447;7;3;2;4;23;1
202300026034;155 634 430;7;4;0;1;9;1
202300026035;155 634 431;33;0;2;6;17;1
202300026035;155 634 433;80;0;2;3;1;3
202300026036;155 634 427;7;0;2;1;15;1
202300026036;155 634 434;1;0;2;3;15;5
202300026037;155 634 426;32;0;2;1;17;1
202300026037;155 634 429;7;0;2;3;15;1
202300026038;155 634 421;7;0;2;1;19;1
202300026038;155 634 423;7;0;2;6;1;1
202300026038;155 634 425;7;0;2;4;1;3
202300026039;155 634 420;7;13;0;2;1;1
202300026040;155 634 419;33;0;2;2;1;1
202300026040;155 634 424;10;0;2;6;1;1
202300026041;155 634 417;38;0;2;8;15;1
202300026041;155 634 422;1;0;2;8;1;5
202300026042;155 634 416;13;0;2;7;22;1
202300026042;155 634 418;1;1;0;0;1;5
202300026043;155 634 412;2;14;0;1;13;3
202300026044;155 634 413;7;0;5;1;1;1
202300026044;155 634 415;7;0;2;1;1;1
202300026045;155 634 410;10;0;1;2;1;1
202300026046;155 634 409;7;0;2;5;1;1
202300026046;155 634 411;7;0;2;4;1;1
202300026046;155 634 414;33;0;2;9;3;1
202300026047;155 634 408;7;0;1;3;1;2
202300026048;155 634 407;7;0;1;3;1;1
202300026049;155 634 403;1;0;1;1;1;5
202300026050;155 634 402;7;0;2;3;1;0
202300026050;155 634 405;7;0;2;3;5;0
202300026051;155 634 401;7;0;2;1;1;0
202300026051;155 634 404;7;0;0;4;2;1
202300026051;155 634 406;7;0;2;4;2;1
202300026052;155 634 397;7;0;2;1;1;1
202300026052;155 634 400;7;0;2;4;23;1
202300026053;155 634 395;7;0;0;0;0;1
202300026054;155 634 393;1;0;2;5;17;5
202300026054;155 634 398;1;0;2;3;1;5
202300026055;155 634 392;15;0;2;1;12;0
202300026055;155 634 396;7;0;2;5;1;0
202300026056;155 634 394;7;0;2;2;15;1
202300026056;155 634 399;33;0;2;1;1;1
202300026057;155 634 389;10;3;0;1;21;1
202300026058;155 634 387;1;0;2;1;1;5
202300026058;155 634 391;80;0;0;4;1;3
202300026059;155 634 385;50;0;2;0;1;3
202300026059;155 634 390;7;0;2;0;16;1
202300026060;155 634 384;2;0;2;1;13;1
202300026060;155 634 388;7;0;9;1;1;1
202300026061;155 634 381;10;0;2;8;11;1
202300026061;155 634 382;31;0;2;7;1;1
202300026062;155 634 379;7;4;0;2;1;1
202300026063;155 634 383;7;0;2;3;22;1
202300026063;155 634 386;1;0;2;1;1;5
202300026064;155 634 378;7;0;2;3;15;1
202300026064;155 634 380;2;0;2;5;17;1
202300026065;155 634 375;7;0;2;1;2;1
202300026065;155 634 376;7;0;2;4;11;1
202300026066;155 634 374;7;0;0;4;1;1
202300026066;155 634 377;7;0;2;1;1;1
202300026067;155 634 370;15;0;0;6;1;1
202300026067;155 634 373;10;3;2;2;12;1
202300026068;155 634 368;30;0;2;1;1;1
202300026068;155 634 369;10;0;2;4;16;1
202300026068;155 634 372;33;0;2;1;16;3
202300026069;155 634 367;7;0;2;3;1;2
202300026069;155 634 371;80;0;2;1;1;3
202300026070;155 634 362;60;0;1;1;25;5
202300026071;155 634 360;1;0;2;1;1;5
202300026071;155 634 366;7;0;2;3;15;2
202300026072;155 634 361;7;0;9;3;1;1
202300026072;155 634 365;31;0;2;1;1;1
202300026073;155 634 357;7;0;2;7;1;1
202300026073;155 634 359;10;0;2;1;2;1
202300026073;155 634 364;7;0;2;4;2;1
202300026074;155 634 355;34;0;1;2;1;1
202300026075;155 634 353;31;0;2;4;1;1
202300026076;155 634 352;31;0;2;1;2;1
202300026076;155 634 356;7;0;0;4;2;1
202300026077;155 634 350;7;0;2;1;1;1
202300026077;155 634 354;7;0;2;5;2;1
202300026078;155 634 348;50;0;2;8;1;3
202300026078;155 634 351;33;0;2;1;1;1
202300026079;155 634 346;13;0;1;3;5;1
202300026080;155 634 344;7;0;2;1;1;1
202300026080;155 634 347;7;0;0;1;15;2
202300026081;155 634 343;7;0;2;1;1;1
202300026081;155 634 345;7;0;2;4;1;1
202300026082;155 634 342;7;0;1;1;16;0
202300026083;155 634 349;7;4;0;3;1;1
202300026084;155 634 339;7;0;2;8;22;2
202300026084;155 634 341;1;0;2;2;1;5
202300026085;155 634 336;7;0;2;2;15;0
202300026085;155 634 340;32;0;2;1;1;0
202300026086;155 634 338;7;13;0;2;14;1
202300026087;155 634 335;7;5;0;3;1;1
202300026088;155 634 334;33;1;0;0;1;0
202300026088;155 634 337;50;0;0;0;13;3
202300026089;155 634 333;7;0;1;2;15;1
202300026090;155 634 328;99;0;2;7;12;0
202300026090;155 634 331;33;0;2;8;1;1
202300026091;155 634 329;7;0;2;1;1;1
202300026091;155 634 332;7;0;2;4;1;1
202300026092;155 634 327;7;0;2;1;2;1
202300026092;155 634 330;7;0;2;4;0;1
202300026093;155 634 325;1;0;1;8;1;5
202300026094;155 634 321;10;0;2;1;2;2
202300026094;155 634 324;10;0;2;4;2;1
202300026095;155 634 322;2;0;5;1;1;1
202300026096;155 634 320;7;0;2;3;1;1
202300026096;155 634 323;37;0;2;8;1;1
202300026096;155 634 326;7;0;2;2;1;1
202300026097;155 634 318;32;0;0;8;15;1
202300026098;155 634 319;7;0;1;3;1;1
202300026099;155 634 315;10;0;2;7;12;1
202300026099;155 634 317;33;0;2;8;1;1
202300026100;155 634 314;50;0;1;1;1;3
202300026101;155 634 313;7;0;2;1;5;0
202300026101;155 634 316;7;0;2;1;21;0
202300026102;155 634 310;32;0;2;1;1;1
202300026102;155 634 312;1;0;2;1;21;5
202300026103;155 634 306;99;3;0;0;1;1
202300026104;155 634 308;7;0;2;2;13;0
202300026104;155 634 311;7;0;2;3;14;0
202300026105;155 634 304;7;0;2;1;2;1
202300026105;155 634 309;7;0;2;4;2;1
202300026106;155 634 303;10;0;1;3;1;0
202300026107;155 634 305;7;0;2;4;0;1
202300026107;155 634 307;7;0;2;1;0;1
202300026108;155 634 298;99;0;2;3;11;2
202300026108;155 634 301;7;0;2;2;11;1
202300026109;155 634 297;7;0;2;3;19;1
202300026109;155 634 300;1;0;2;3;19;5
202300026110;155 634 295;10;0;2;1;1;1
202300026110;155 634 299;7;0;2;1;1;1
202300026111;155 634 296;10;0;1;2;21;1
202300026112;155 634 291;37;0;2;3;7;1
202300026112;155 634 293;14;0;2;4;15;1
202300026113;155 634 289;1;0;0;9;1;5
202300026114;155 634 290;2;0;2;1;0;1
202300026114;155 634 294;7;0;2;3;15;1
202300026115;155 634 288;7;0;2;3;16;0
202300026115;155 634 292;7;0;2;2;11;1
202300026116;155 634 285;7;2;0;1;25;1
202300026117;155 634 284;10;0;2;3;15;1
202300026117;155 634 287;32;0;2;1;1;1
202300026118;155 634 282;7;1;0;1;1;3
202300026118;155 634 286;7;0;2;4;24;1
202300026119;155 634 281;15;0;2;1;23;1
202300026119;155 634 283;7;0;2;3;26;1
202300026120;155 634 279;7;0;1;1;1;1
202300026121;155 634 277;32;0;2;1;1;1
202300026121;155 634 280;10;0;2;8;1;1
202300026122;155 634 276;7;0;1;7;2;1
202300026123;155 634 275;50;0;2;7;19;3
202300026123;155 634 278;7;0;2;3;1;1
202300026124;155 634 273;7;0;1;2;1;2
202300026125;155 634 272;7;0;0;0;0;0
202300026125;155 634 274;33;0;2;4;1;0
202300026126;155 634 269;7;0;2;8;1;3
202300026126;155 634 271;7;0;2;1;19;1
202300026127;155 634 266;10;0;2;7;14;1
202300026127;155 634 270;50;0;0;0;0;3
202300026128;155 634 268;33;0;1;1;13;1
202300026129;155 634 265;7;0;2;3;14;0
202300026129;155 634 267;2;0;2;3;1;0
202300026130;155 634 261;33;0;2;1;2;1
202300026130;155 634 263;7;0;0;4;2;1
202300026131;155 634 259;32;0;2;3;1;1
202300026131;155 634 262;7;0;2;3;0;1
202300026132;155 634 260;10;0;0;0;20;1
202300026133;155 634 258;7;0;2;5;16;1
202300026133;155 634 264;34;0;2;3;1;6
202300026134;155 634 255;30;0;2;1;1;1
202300026134;155 634 257;7;0;2;3;1;1
202300026135;155 634 253;80;14;0;1;1;3
202300026136;155 634 252;7;0;2;8;1;1
202300026136;155 634 256;33;0;2;1;1;1
202300026137;155 634 251;10;0;2;3;15;1
202300026137;155 634 254;32;0;2;1;1;1
202300026138;155 634 250;10;13;0;1;1;1
202300026139;155 634 248;2;4;0;3;2;1
202300026140;155 634 247;7;0;1;4;20;1
202300026141;155 634 246;7;0;0;9;0;1
202300026141;155 634 249;1;0;0;0;0;5
202300026142;155 634 243;33;;0;1;1;1
202300026143;155 634 240;34;0;2;2;1;1
202300026143;155 634 244;7;0;2;6;1;1
202300026144;155 634 242;10;0;2;7;9;1
202300026144;155 634 245;2;0;2;7;21;1
202300026145;155 634 239;30;0;2;1;1;1
202300026145;155 634 241;7;0;2;5;15;1
202300026146;155 634 236;7;0;1;6;1;3
202300026147;155 634 235;1;0;2;8;19;5
202300026147;155 634 238;7;0;2;1;1;1
202300026148;155 634 233;30;0;2;1;1;1
202300026148;155 634 237;30;0;2;3;1;1
202300026149;155 634 234;10;0;0;7;1;1
202300026150;155 634 232;7;0;1;1;1;2
202300026151;155 634 230;80;12;0;7;12;3
202300026152;155 634 227;10;0;2;3;9;1
202300026152;155 634 229;15;0;2;2;1;1
202300026153;155 634 228;7;1;2;2;2;1
202300026153;155 634 231;10;0;2;2;0;1
202300026154;155 634 225;7;0;1;8;1;1
202300026155;155 634 224;7;0;2;3;21;0
202300026155;155 634 226;7;0;2;4;2;0
202300026156;155 634 221;7;0;2;2;10;1
202300026156;155 634 223;33;0;2;1;1;1
202300026157;155 634 219;2;0;2;1;1;1
202300026157;155 634 222;7;0;2;3;15;1
202300026158;155 634 218;7;1;1;2;0;1
202300026158;155 634 220;7;3;0;2;24;1
202300026159;155 634 216;50;0;2;1;9;3
202300026159;155 634 217;13;0;0;2;0;0
202300026160;155 634 215;14;0;1;1;1;1
202300026161;155 634 212;7;0;2;2;26;1
202300026161;155 634 214;2;0;2;1;5;1
202300026162;155 634 211;7;0;2;8;15;0
202300026162;155 634 213;10;0;2;1;1;0
202300026163;155 634 210;3;0;1;1;1;1
202300026164;155 634 208;34;0;2;1;1;1
202300026164;155 634 209;7;0;2;3;15;1
202300026165;155 634 204;7;0;2;3;1;1
202300026165;155 634 207;7;0;2;3;13;1
202300026166;155 634 203;43;0;2;4;23;1
202300026166;155 634 206;7;0;2;1;2;1
202300026167;155 634 200;30;1;0;1;1;1
202300026168;155 634 201;7;0;2;3;1;0
202300026168;155 634 205;1;0;2;7;19;5
202300026169;155 634 198;1;0;2;8;1;5
202300026169;155 634 202;7;0;2;2;19;1
202300026170;155 634 197;7;7;0;2;14;1
202300026171;155 634 196;7;0;0;3;1;1
202300026171;155 634 199;7;0;0;3;1;1
202300026172;155 634 195;7;3;0;1;1;1
202300026173;155 634 191;7;15;1;2;1;1
202300026174;155 634 192;7;0;2;1;1;1
202300026174;155 634 194;13;0;2;8;1;1
202300026175;155 634 189;7;2;2;3;1;1
202300026175;155 634 193;7;0;2;3;1;0
202300026176;155 634 185;7;0;2;1;5;1
202300026176;155 634 187;7;0;2;1;2;1
202300026176;155 634 188;10;0;2;6;2;1
202300026176;155 634 190;7;0;2;1;1;1
202300026177;155 634 184;7;0;2;3;9;1
202300026177;155 634 186;2;0;2;1;0;1
202300026178;155 634 183;33;0;0;7;1;1
202300026179;155 634 182;7;8;0;1;1;1
202300026180;155 634 178;7;0;1;1;0;1
202300026181;155 634 179;7;0;2;1;13;1
202300026181;155 634 181;7;0;2;1;1;1
202300026182;155 634 177;14;0;2;2;13;1
202300026182;155 634 180;7;0;2;2;0;1
202300026183;155 634 176;7;0;1;3;1;0
202300026184;155 634 175;17;4;0;8;1;1
202300026185;155 634 173;7;3;0;7;1;1
202300026186;155 634 171;14;0;1;2;26;1
202300026187;155 634 170;7;0;2;1;1;1
202300026187;155 634 174;17;0;2;6;1;1
202300026188;155 634 169;50;0;2;1;1;3
202300026188;155 634 172;7;0;9;3;9;1
202300026189;155 634 168;17;13;0;2;1;1
202300026190;155 634 165;7;0;2;1;5;1
202300026190;155 634 166;7;0;2;7;1;1
202300026190;155 634 167;7;0;2;1;1;1
202300026191;155 634 163;7;13;0;3;13;1
202300026192;155 634 161;7;0;2;1;11;1
202300026192;155 634 164;7;0;2;3;1;1
202300026193;155 634 159;7;0;2;2;1;1
202300026193;155 634 162;7;0;2;1;1;1
202300026194;155 634 157;7;0;2;3;1;1
202300026194;155 634 160;7;0;2;1;1;1
202300026195;155 634 152;7;0;2;3;0;1
202300026195;155 634 155;7;0;2;3;2;1
202300026195;155 634 158;7;0;0;3;13;1
202300026196;155 634 154;7;0;2;2;2;1
202300026196;155 634 156;33;0;2;6;16;1
202300026197;155 634 153;7;4;0;1;1;1
202300026198;155 634 150;7;0;2;3;13;1
202300026198;155 634 151;7;0;2;1;1;1
202300026199;155 634 145;7;0;2;3;1;1
202300026199;155 634 148;7;0;2;3;1;1
202300026200;155 634 144;2;0;2;8;19;1
202300026200;155 634 149;7;0;2;2;1;1
202300026201;155 634 143;7;0;2;2;1;1
202300026201;155 634 147;7;0;2;5;1;1
202300026202;155 634 140;7;0;2;1;5;1
202300026202;155 634 142;7;0;2;1;1;1
202300026202;155 634 146;7;0;2;2;1;1
202300026203;155 634 139;7;16;2;3;13;1
202300026203;155 634 141;7;16;2;3;1;1
202300026204;155 634 138;7;13;0;0;1;1
202300026205;155 634 134;7;0;2;1;19;1
202300026205;155 634 137;33;0;2;7;3;1
202300026206;155 634 132;30;0;2;1;1;1
202300026206;155 634 135;7;0;2;3;20;1
202300026206;155 634 136;10;0;2;1;1;1
202300026207;155 634 130;33;0;2;1;14;0
202300026207;155 634 133;7;0;2;3;12;0
202300026208;155 634 129;31;0;2;1;1;1
202300026208;155 634 131;7;0;2;1;19;1
202300026209;155 634 126;7;0;0;1;13;1
202300026209;155 634 128;10;0;2;1;1;1
202300026210;155 634 127;7;2;0;8;1;1
202300026211;155 634 125;7;9;0;3;13;1
202300026212;155 634 123;7;0;5;1;1;1
202300026213;155 634 120;14;0;2;3;15;1
202300026213;155 634 122;33;12;2;7;17;1
202300026214;155 634 116;7;0;2;1;15;1
202300026214;155 634 118;7;0;2;1;1;1
202300026215;155 634 114;7;0;2;1;13;1
202300026215;155 634 119;7;0;2;3;1;1
202300026216;155 634 115;7;0;2;1;2;1
202300026216;155 634 117;7;0;0;4;1;1
202300026216;155 634 121;10;0;0;3;1;1
202300026217;155 634 111;7;0;1;4;4;3
202300026218;155 634 108;7;0;2;3;16;0
202300026218;155 634 113;33;0;2;1;1;0
202300026219;155 634 103;7;0;2;3;1;1
202300026219;155 634 107;7;0;2;3;13;1
202300026220;155 634 102;7;0;2;3;1;1
202300026220;155 634 105;7;0;2;8;19;1
202300026221;155 634 101;7;15;0;2;16;1
202300026222;155 634 100;33;0;1;5;1;1
202300026223;155 634 098;14;13;0;1;1;1
202300026224;155 634 097;7;0;2;1;9;1
202300026224;155 634 099;1;0;2;4;1;5
202300026225;155 634 095;33;0;2;1;13;1
202300026225;155 634 096;10;0;2;3;1;1
202300026226;155 634 092;7;0;2;2;11;1
202300026226;155 634 094;7;0;2;1;1;1
202300026227;155 634 091;32;0;2;1;17;1
202300026227;155 634 093;33;0;2;1;17;1
202300026228;155 634 090;2;13;0;0;0;0
202300026229;155 634 089;7;13;0;1;1;1
202300026230;155 634 088;7;0;1;1;1;1
202300026231;155 634 087;7;0;0;5;23;1
202300026232;155 634 081;10;0;2;7;15;1
202300026232;155 634 084;32;0;2;1;1;1
202300026233;155 634 083;1;12;0;0;21;5
202300026234;155 634 082;7;0;2;3;5;1
202300026234;155 634 086;7;0;2;3;13;1
202300026235;155 634 080;50;0;0;1;2;3
202300026236;155 634 078;50;0;1;1;1;3
202300026237;155 634 077;33;0;2;1;1;1
202300026237;155 634 079;7;0;2;2;10;1
202300026238;155 634 076;7;0;0;5;14;0
202300026239;155 634 074;7;0;0;0;13;1
202300026240;155 634 072;7;0;2;3;0;1
202300026240;155 634 073;7;0;2;3;0;1
202300026240;155 634 075;7;0;2;3;13;1
202300026241;155 634 070;10;0;1;5;4;0
202300026242;155 634 067;7;0;9;3;1;1
202300026242;155 634 069;1;0;2;4;11;5
202300026243;155 634 064;7;6;2;8;1;1
202300026243;155 634 066;38;6;2;6;13;1
202300026244;155 634 063;33;0;2;1;1;1
202300026244;155 634 065;7;0;2;2;15;1
202300026245;155 634 060;7;0;2;3;9;1
202300026245;155 634 062;30;0;2;2;1;1
202300026246;155 634 058;7;0;2;2;15;1
202300026246;155 634 061;7;0;2;3;1;1
202300026247;155 634 056;31;2;2;1;1;1
202300026247;155 634 059;7;0;2;1;17;0
202300026248;155 634 055;7;0;2;8;15;1
202300026248;155 634 057;33;0;2;1;17;1
202300026249;155 634 054;50;0;0;7;0;3
202300026250;155 634 051;33;0;2;1;1;1
202300026250;155 634 053;33;0;2;1;1;1
202300026251;155 634 049;7;0;0;6;0;1
202300026251;155 634 052;7;0;2;2;0;1
202300026252;155 634 048;2;15;0;1;5;1
202300026253;155 634 047;7;0;2;3;1;1
202300026253;155 634 050;7;0;2;0;1;1
202300026254;155 634 044;33;0;0;8;0;1
202300026255;155 634 042;1;0;2;1;1;5
202300026255;155 634 046;1;0;0;0;1;5
202300026256;155 634 040;7;15;2;3;9;1
202300026256;155 634 043;7;0;2;2;1;1
202300026257;155 634 038;7;8;0;1;1;1
202300026258;155 634 035;7;0;1;2;1;1
202300026259;155 634 037;7;0;0;3;1;1
202300026259;155 634 039;7;0;2;1;15;1
202300026260;155 634 034;7;0;2;1;5;1
202300026260;155 634 036;10;0;2;1;1;1
202300026261;155 634 033;7;9;0;0;1;1
202300026262;155 634 032;1;0;5;0;1;5
202300026263;155 634 030;7;16;0;0;15;0
202300026264;155 634 029;33;13;0;1;1;1
202300026265;155 634 027;1;0;2;8;2;5
202300026265;155 634 031;10;0;9;2;2;0
202300026266;155 634 028;7;0;0;0;14;1
202300026267;155 634 024;7;16;0;0;1;0
202300026268;155 634 021;7;0;9;3;17;1
202300026268;155 634 025;80;0;0;2;5;3
202300026269;155 634 020;10;0;2;1;21;1
202300026269;155 634 023;7;0;2;1;1;1
202300026269;155 634 026;7;0;0;5;26;1
202300026270;155 634 017;7;0;1;4;20;1
202300026271;155 634 014;15;0;2;1;1;1
202300026271;155 634 018;7;0;2;8;9;1
202300026272;155 634 016;15;0;1;2;1;1
202300026273;155 634 015;7;12;0;5;1;1
202300026274;155 634 012;13;16;0;9;1;1
202300026275;155 634 011;7;13;0;1;1;1
202300026276;155 634 009;7;0;0;3;1;1
202300026277;155 634 010;3;0;2;2;1;1
202300026277;155 634 013;7;0;0;5;23;1
202300026278;155 634 008;7;0;1;3;1;1
202300026279;155 634 006;2;14;0;1;1;1
202300026280;155 634 005;7;0;2;8;1;1
202300026280;155 634 007;33;0;2;0;1;1
202300026281;155 634 004;7;0;1;3;1;1
202300026282;155 634 002;15;2;0;2;1;0
202300026283;155 634 001;33;4;2;8;3;1
202300026283;155 634 003;7;4;2;7;12;1
202300026284;155 633 999;33;7;0;3;0;1
202300026285;155 633 997;2;16;0;1;14;0
202300026286;155 633 996;15;0;2;9;21;1
202300026286;155 633 998;7;0;2;8;13;0
202300026286;155 634 000;7;0;2;9;1;0
202300026287;155 633 992;10;0;2;9;1;1
202300026287;155 633 994;10;0;2;4;14;1
202300026288;155 633 988;7;4;2;5;0;1
202300026288;155 633 991;33;4;2;8;2;1
202300026288;155 633 993;7;4;2;2;2;1
202300026288;155 633 995;7;4;2;3;2;1
202300026289;155 633 987;7;0;2;1;1;0
202300026289;155 633 990;7;0;2;1;13;0
202300026290;155 633 986;7;13;2;8;17;1
202300026290;155 633 989;7;0;2;2;1;1
202300026291;155 633 984;7;0;2;4;1;1
202300026291;155 633 985;7;4;2;1;1;3
202300026292;155 633 982;7;9;0;9;0;1
202300026293;155 633 981;33;0;0;0;10;1
202300026294;155 633 983;33;0;0;7;1;1
202300026295;155 633 980;7;2;0;0;14;1
202300026296;155 633 978;7;0;1;2;21;1
202300026297;155 633 977;15;0;2;4;0;1
202300026297;155 633 979;7;3;2;1;0;1
202300026298;155 633 976;10;0;1;1;1;1
202300026299;155 633 973;32;12;0;0;1;1
202300026300;155 633 974;7;0;2;4;2;1
202300026300;155 633 975;7;0;2;1;2;1
202300026301;155 633 969;33;0;0;;2;1
202300026302;155 633 968;42;0;2;0;3;1
202300026302;155 633 970;7;0;2;0;12;1
202300026302;155 633 972;7;0;2;4;1;1
202300026303;155 633 965;7;0;2;4;2;1
202300026303;155 633 967;7;0;0;4;2;1
202300026303;155 633 971;15;0;2;1;2;1
202300026304;155 633 962;10;0;2;1;1;1
202300026304;155 633 964;10;0;2;4;2;1
202300026305;155 633 961;33;0;2;0;0;1
202300026305;155 633 963;7;0;2;0;0;1
202300026306;155 633 960;33;14;9;0;1;1
202300026307;155 633 958;33;0;2;2;1;1
202300026307;155 633 959;7;0;2;1;15;1
202300026308;155 633 955;7;0;2;1;2;3
202300026308;155 633 956;15;0;2;4;2;1
202300026309;155 633 951;7;0;2;1;14;1
202300026309;155 633 953;7;0;2;4;9;1
202300026310;155 633 949;7;0;0;2;21;1
202300026311;155 633 948;7;0;2;4;1;1
202300026311;155 633 952;7;0;2;3;2;1
202300026311;155 633 954;7;0;2;1;1;1
202300026311;155 633 957;7;0;2;4;2;1
202300026312;155 633 947;7;0;0;1;1;1
202300026312;155 633 950;7;0;0;8;1;1
202300026313;155 633 944;30;0;2;0;1;1
202300026313;155 633 946;7;0;2;2;2;3
202300026314;155 633 943;10;4;0;1;1;1
202300026315;155 633 941;7;6;0;2;1;1
202300026316;155 633 940;7;0;2;1;11;1
202300026316;155 633 942;7;0;2;1;1;1
202300026317;155 633 938;7;5;0;1;14;1
202300026318;155 633 937;7;0;2;3;1;1
202300026318;155 633 939;7;0;2;2;1;1
202300026319;155 633 935;17;0;2;4;1;1
202300026319;155 633 936;7;0;2;1;1;1
202300026320;155 633 933;1;0;0;0;26;5
202300026321;155 633 934;7;0;1;3;1;3
202300026322;155 633 930;7;0;2;1;2;1
202300026322;155 633 932;2;0;0;4;2;1
202300026323;155 633 928;7;13;0;1;11;0
202300026324;155 633 929;7;0;2;3;1;1
202300026324;155 633 931;7;0;2;1;26;0
202300026325;155 633 926;32;0;2;1;18;3
202300026325;155 633 927;7;0;2;5;22;2
202300026326;155 633 924;7;5;0;1;0;1
202300026327;155 633 923;7;13;0;3;1;1
202300026328;155 633 922;7;0;2;8;9;1
202300026328;155 633 925;30;0;2;1;3;1
202300026329;155 633 918;7;0;2;5;22;0
202300026329;155 633 921;1;0;2;1;1;5
202300026330;155 633 919;7;13;0;1;0;1
202300026331;155 633 916;33;0;2;3;0;1
202300026331;155 633 920;7;0;2;3;0;1
202300026332;155 633 914;10;0;0;0;0;1
202300026332;155 633 915;33;0;2;0;0;1
202300026332;155 633 917;7;0;2;0;0;1
202300026333;155 633 913;7;0;1;1;15;1
202300026334;155 633 910;7;0;2;1;13;1
202300026334;155 633 911;7;0;2;3;1;2
202300026335;155 633 909;7;1;0;3;11;1
202300026335;155 633 912;10;0;2;3;23;1
202300026336;155 633 906;7;0;2;1;13;1
202300026336;155 633 908;7;0;2;3;1;1
202300026337;155 633 907;7;0;1;1;1;2
202300026338;155 633 904;7;0;1;2;1;1
202300026339;155 633 903;7;3;2;2;17;1
202300026339;155 633 905;7;0;0;6;1;1
202300026340;155 633 900;7;0;2;0;15;1
202300026340;155 633 902;2;0;2;1;3;1
202300026341;155 633 899;7;0;2;2;16;1
202300026341;155 633 901;80;0;2;8;1;3
202300026342;155 633 897;99;0;2;1;1;0
202300026342;155 633 898;7;0;2;3;1;1
202300026343;155 633 894;7;2;0;2;1;1
202300026344;155 633 895;33;0;1;1;1;1
202300026345;155 633 893;7;0;2;1;2;1
202300026345;155 633 896;31;0;2;4;2;3
202300026346;155 633 890;7;1;0;1;2;1
202300026346;155 633 892;33;0;0;4;1;1
202300026347;155 633 889;33;0;2;1;13;1
202300026347;155 633 891;14;0;2;1;1;1
202300026348;155 633 888;7;0;1;1;15;1
202300026349;155 633 887;14;0;1;1;16;1
202300026350;155 633 886;33;0;0;8;1;1
202300026351;155 633 884;7;15;0;2;0;0
202300026352;155 633 881;1;0;2;7;1;5
202300026352;155 633 883;1;0;2;7;17;5
202300026353;155 633 882;10;14;0;4;0;1
202300026353;155 633 885;7;0;2;1;2;1
202300026354;155 633 877;50;0;2;1;17;3
202300026354;155 633 879;7;0;2;8;15;1
202300026355;155 633 876;7;0;1;2;0;1
202300026356;155 633 874;7;0;2;6;2;1
202300026356;155 633 878;7;0;2;3;14;1
202300026357;155 633 873;7;0;2;3;13;1
202300026357;155 633 875;33;0;2;1;17;1
202300026358;155 633 872;10;0;1;1;1;1
202300026359;155 633 870;7;0;1;1;1;1
202300026360;155 633 869;33;0;0;7;1;1
202300026361;155 633 868;1;0;0;4;1;5
202300026361;155 633 871;7;0;9;2;2;1
202300026362;155 633 866;80;0;0;0;1;3
202300026363;155 633 865;10;0;2;3;0;0
202300026363;155 633 867;7;0;2;1;0;0
202300026364;155 633 863;7;0;1;3;17;1